alt_km,layer,pressure_hPa,region,process,reaction,rate_cm3_s
0.5,0,1008.9646052089014,troposphere,production,O + O2 + M -> O3 + M,59023815.37655184
0.5,0,1008.9646052089014,troposphere,production,NO3 + O2 -> NO2 + O3,1.2601924315969602e-12
0.5,0,1008.9646052089014,troposphere,production,HO2 + O2 -> OH + O3,3.1782358848714295e-20
0.5,0,1008.9646052089014,troposphere,production,NO2 + O2 -> NO + O3,9.38241271130371e-26
0.5,0,1008.9646052089014,troposphere,production,OH + O2 -> H + O3,5.591768056094977e-49
0.5,0,1008.9646052089014,troposphere,production,O2 + O2 -> O + O3,1.083657347139644e-53
0.5,0,1008.9646052089014,troposphere,production,SO3 + O2 -> SO2 + O3,4.6649318493554355e-48
0.5,0,1008.9646052089014,troposphere,production,ClO + O2 -> Cl + O3,9.921975701348715e-47
0.5,0,1008.9646052089014,troposphere,production,HSO + O2 -> HS + O3,5.1055921806436316e-48
0.5,0,1008.9646052089014,troposphere,production,SO + O2 -> S + O3,2.1321695385784427e-68
0.5,0,1008.9646052089014,troposphere,production,O2 + O2 -> O1D + O3,4.757955759824185e-84
0.5,0,1008.9646052089014,troposphere,production,SO2 + O2 -> SO + O3,3.6848338365597563e-69
0.5,0,1008.9646052089014,troposphere,production,H2CO + HO2 -> CH3 + O3,3.1771023791181383e-65
0.5,0,1008.9646052089014,troposphere,production,OCS + O2 -> CS + O3,1.3633928065201665e-91
0.5,0,1008.9646052089014,troposphere,loss,O3 + hv -> O + O2,71333682.85706367
0.5,0,1008.9646052089014,troposphere,loss,O3 + hv -> O1D + O2,6724141.920020629
0.5,0,1008.9646052089014,troposphere,loss,NO + O3 -> NO2 + O2,226026.96454715365
0.5,0,1008.9646052089014,troposphere,loss,OH + O3 -> HO2 + O2,33786.335706286816
0.5,0,1008.9646052089014,troposphere,loss,H + O3 -> OH + O2,38.2431279487992
0.5,0,1008.9646052089014,troposphere,loss,O + O3 -> O2 + O2,118.92061608812074
0.5,0,1008.9646052089014,troposphere,loss,O3 + M -> O + O2 + M,20428.620411819484
0.5,0,1008.9646052089014,troposphere,loss,O1D + O3 -> O2 + O2,0.2710737697637538
0.5,0,1008.9646052089014,troposphere,loss,CH3 + O3 -> H2CO + HO2,106.25768618997667
0.5,0,1008.9646052089014,troposphere,loss,NO2 + O3 -> NO3 + O2,1966.3965877046192
0.5,0,1008.9646052089014,troposphere,loss,HS + O3 -> HSO + O2,1214.9101020959113
0.5,0,1008.9646052089014,troposphere,loss,SO + O3 -> SO2 + O2,61.070604675626285
0.5,0,1008.9646052089014,troposphere,loss,rainout,0.7499309809596262
0.5,0,1008.9646052089014,troposphere,loss,S + O3 -> SO + O2,0.0005004073157037995
0.5,0,1008.9646052089014,troposphere,loss,SO2 + O3 -> SO3 + O2,0.015741939352682716
0.5,0,1008.9646052089014,troposphere,loss,Cl + O3 -> ClO + O2,9.452646929551541e-21
0.5,0,1008.9646052089014,troposphere,loss,CS + O3 -> OCS + O2,1.7031230367530984e-23
1.5,1,896.2578521741682,troposphere,production,O + O2 + M -> O3 + M,56990231.90487968
1.5,1,896.2578521741682,troposphere,production,NO3 + O2 -> NO2 + O3,1.6537944135996078e-13
1.5,1,896.2578521741682,troposphere,production,HO2 + O2 -> OH + O3,4.31333776040242e-21
1.5,1,896.2578521741682,troposphere,production,NO2 + O2 -> NO + O3,1.4877059423017136e-27
1.5,1,896.2578521741682,troposphere,production,OH + O2 -> H + O3,1.9490372816182027e-50
1.5,1,896.2578521741682,troposphere,production,O2 + O2 -> O + O3,1.670422185624901e-55
1.5,1,896.2578521741682,troposphere,production,SO3 + O2 -> SO2 + O3,1.4650143380157588e-49
1.5,1,896.2578521741682,troposphere,production,ClO + O2 -> Cl + O3,1.647205032381876e-47
1.5,1,896.2578521741682,troposphere,production,HSO + O2 -> HS + O3,1.392274686368019e-49
1.5,1,896.2578521741682,troposphere,production,SO + O2 -> S + O3,2.3782949674566067e-70
1.5,1,896.2578521741682,troposphere,production,O2 + O2 -> O1D + O3,1.3636694210131936e-86
1.5,1,896.2578521741682,troposphere,production,SO2 + O2 -> SO + O3,7.664706339264359e-71
1.5,1,896.2578521741682,troposphere,production,H2CO + HO2 -> CH3 + O3,2.981211902654302e-67
1.5,1,896.2578521741682,troposphere,production,OCS + O2 -> CS + O3,4.6940953309962656e-94
1.5,1,896.2578521741682,troposphere,loss,O3 + hv -> O + O2,68841061.89373484
1.5,1,896.2578521741682,troposphere,loss,O3 + hv -> O1D + O2,7293019.938540951
1.5,1,896.2578521741682,troposphere,loss,NO + O3 -> NO2 + O2,5118.652766367718
1.5,1,896.2578521741682,troposphere,loss,OH + O3 -> HO2 + O2,27064.166833872136
1.5,1,896.2578521741682,troposphere,loss,H + O3 -> OH + O2,29.723408852495297
1.5,1,896.2578521741682,troposphere,loss,O + O3 -> O2 + O2,105.46480750905539
1.5,1,896.2578521741682,troposphere,loss,O3 + M -> O + O2 + M,6726.289672372311
1.5,1,896.2578521741682,troposphere,loss,O1D + O3 -> O2 + O2,0.30649179407235333
1.5,1,896.2578521741682,troposphere,loss,CH3 + O3 -> H2CO + HO2,78.58227543323076
1.5,1,896.2578521741682,troposphere,loss,NO2 + O3 -> NO3 + O2,206.7476739365561
1.5,1,896.2578521741682,troposphere,loss,HS + O3 -> HSO + O2,466.3156242633114
1.5,1,896.2578521741682,troposphere,loss,SO + O3 -> SO2 + O2,36.57298242230707
1.5,1,896.2578521741682,troposphere,loss,rainout,0.29364275781337035
1.5,1,896.2578521741682,troposphere,loss,S + O3 -> SO + O2,0.0012724630606248649
1.5,1,896.2578521741682,troposphere,loss,SO2 + O3 -> SO3 + O2,0.016132760679742356
1.5,1,896.2578521741682,troposphere,loss,Cl + O3 -> ClO + O2,7.965903927751636e-21
1.5,1,896.2578521741682,troposphere,loss,CS + O3 -> OCS + O2,2.808161477780849e-23
2.5,2,794.7000509873232,troposphere,production,O + O2 + M -> O3 + M,57725408.45314962
2.5,2,794.7000509873232,troposphere,production,NO3 + O2 -> NO2 + O3,3.477035531042051e-14
2.5,2,794.7000509873232,troposphere,production,HO2 + O2 -> OH + O3,1.0038677708255383e-21
2.5,2,794.7000509873232,troposphere,production,NO2 + O2 -> NO + O3,7.174330349981039e-29
2.5,2,794.7000509873232,troposphere,production,OH + O2 -> H + O3,1.9603704747227861e-51
2.5,2,794.7000509873232,troposphere,production,O2 + O2 -> O + O3,7.538431593530013e-57
2.5,2,794.7000509873232,troposphere,production,SO3 + O2 -> SO2 + O3,1.1100293825482498e-50
2.5,2,794.7000509873232,troposphere,production,ClO + O2 -> Cl + O3,4.1737290791080696e-48
2.5,2,794.7000509873232,troposphere,production,HSO + O2 -> HS + O3,9.363205808048089e-51
2.5,2,794.7000509873232,troposphere,production,SO + O2 -> S + O3,9.267228039304083e-72
2.5,2,794.7000509873232,troposphere,production,O2 + O2 -> O1D + O3,1.8145675252137233e-88
2.5,2,794.7000509873232,troposphere,production,SO2 + O2 -> SO + O3,1.6856941782495905e-72
2.5,2,794.7000509873232,troposphere,production,H2CO + HO2 -> CH3 + O3,1.0904594380067749e-68
2.5,2,794.7000509873232,troposphere,production,OCS + O2 -> CS + O3,7.100746491868957e-96
2.5,2,794.7000509873232,troposphere,loss,O3 + hv -> O + O2,69186029.77461028
2.5,2,794.7000509873232,troposphere,loss,O3 + hv -> O1D + O2,8035426.190383281
2.5,2,794.7000509873232,troposphere,loss,NO + O3 -> NO2 + O2,799.9062906051148
2.5,2,794.7000509873232,troposphere,loss,OH + O3 -> HO2 + O2,28205.999408630454
2.5,2,794.7000509873232,troposphere,loss,H + O3 -> OH + O2,31.382908401475884
2.5,2,794.7000509873232,troposphere,loss,O + O3 -> O2 + O2,110.76219819558328
2.5,2,794.7000509873232,troposphere,loss,O3 + M -> O + O2 + M,2980.996535933273
2.5,2,794.7000509873232,troposphere,loss,O1D + O3 -> O2 + O2,0.37005388208250184
2.5,2,794.7000509873232,troposphere,loss,CH3 + O3 -> H2CO + HO2,80.07752595095698
2.5,2,794.7000509873232,troposphere,loss,NO2 + O3 -> NO3 + O2,41.900917429791576
2.5,2,794.7000509873232,troposphere,loss,HS + O3 -> HSO + O2,211.39737862403481
2.5,2,794.7000509873232,troposphere,loss,SO + O3 -> SO2 + O2,27.335292190582923
2.5,2,794.7000509873232,troposphere,loss,rainout,0.028416361546106994
2.5,2,794.7000509873232,troposphere,loss,S + O3 -> SO + O2,0.001943303457816262
2.5,2,794.7000509873232,troposphere,loss,SO2 + O3 -> SO3 + O2,0.006394973447864587
2.5,2,794.7000509873232,troposphere,loss,Cl + O3 -> ClO + O2,6.987937529020826e-21
2.5,2,794.7000509873232,troposphere,loss,CS + O3 -> OCS + O2,4.927507649507559e-23
3.5,3,703.1568603708126,troposphere,production,O + O2 + M -> O3 + M,62703523.705764405
3.5,3,703.1568603708126,troposphere,production,NO3 + O2 -> NO2 + O3,9.452983596722745e-15
3.5,3,703.1568603708126,troposphere,production,HO2 + O2 -> OH + O3,1.9502762540763471e-22
3.5,3,703.1568603708126,troposphere,production,NO2 + O2 -> NO + O3,6.889781192502912e-30
3.5,3,703.1568603708126,troposphere,production,OH + O2 -> H + O3,1.2340536541777398e-52
3.5,3,703.1568603708126,troposphere,production,O2 + O2 -> O + O3,1.9922727896357703e-58
3.5,3,703.1568603708126,troposphere,production,SO3 + O2 -> SO2 + O3,4.688312523856006e-52
3.5,3,703.1568603708126,troposphere,production,ClO + O2 -> Cl + O3,8.528969828719297e-49
3.5,3,703.1568603708126,troposphere,production,HSO + O2 -> HS + O3,4.381445436664493e-52
3.5,3,703.1568603708126,troposphere,production,SO + O2 -> S + O3,2.4645038009648204e-73
3.5,3,703.1568603708126,troposphere,production,O2 + O2 -> O1D + O3,1.1274121500639685e-90
3.5,3,703.1568603708126,troposphere,production,SO2 + O2 -> SO + O3,2.02576507159649e-74
3.5,3,703.1568603708126,troposphere,production,H2CO + HO2 -> CH3 + O3,3.664869016935409e-70
3.5,3,703.1568603708126,troposphere,production,OCS + O2 -> CS + O3,5.143282808058379e-98
3.5,3,703.1568603708126,troposphere,loss,O3 + hv -> O + O2,74526812.58053185
3.5,3,703.1568603708126,troposphere,loss,O3 + hv -> O1D + O2,9323460.6905822
3.5,3,703.1568603708126,troposphere,loss,NO + O3 -> NO2 + O2,534.6301643724469
3.5,3,703.1568603708126,troposphere,loss,OH + O3 -> HO2 + O2,29962.693081176913
3.5,3,703.1568603708126,troposphere,loss,H + O3 -> OH + O2,35.415077145869404
3.5,3,703.1568603708126,troposphere,loss,O + O3 -> O2 + O2,130.06750839665057
3.5,3,703.1568603708126,troposphere,loss,O3 + M -> O + O2 + M,1246.806653405002
3.5,3,703.1568603708126,troposphere,loss,O1D + O3 -> O2 + O2,0.5045251488494336
3.5,3,703.1568603708126,troposphere,loss,CH3 + O3 -> H2CO + HO2,81.45188525588209
3.5,3,703.1568603708126,troposphere,loss,NO2 + O3 -> NO3 + O2,23.29396243029413
3.5,3,703.1568603708126,troposphere,loss,HS + O3 -> HSO + O2,93.75272690873763
3.5,3,703.1568603708126,troposphere,loss,SO + O3 -> SO2 + O2,25.453179170157927
3.5,3,703.1568603708126,troposphere,loss,rainout,0.0470884683519752
3.5,3,703.1568603708126,troposphere,loss,S + O3 -> SO + O2,0.0029019356258622804
3.5,3,703.1568603708126,troposphere,loss,SO2 + O3 -> SO3 + O2,0.0024997488416161535
3.5,3,703.1568603708126,troposphere,loss,Cl + O3 -> ClO + O2,6.570205280485802e-21
3.5,3,703.1568603708126,troposphere,loss,CS + O3 -> OCS + O2,7.411911748024623e-23
4.5,4,620.6638940292052,troposphere,production,O + O2 + M -> O3 + M,71564208.19018903
4.5,4,620.6638940292052,troposphere,production,NO3 + O2 -> NO2 + O3,2.426824033733807e-15
4.5,4,620.6638940292052,troposphere,production,HO2 + O2 -> OH + O3,2.936271720201792e-23
4.5,4,620.6638940292052,troposphere,production,NO2 + O2 -> NO + O3,7.450515926916038e-31
4.5,4,620.6638940292052,troposphere,production,OH + O2 -> H + O3,4.908033506887164e-54
4.5,4,620.6638940292052,troposphere,production,O2 + O2 -> O + O3,3.0773672103651965e-60
4.5,4,620.6638940292052,troposphere,production,SO3 + O2 -> SO2 + O3,1.231641282728867e-53
4.5,4,620.6638940292052,troposphere,production,ClO + O2 -> Cl + O3,1.4037154619354166e-49
4.5,4,620.6638940292052,troposphere,production,HSO + O2 -> HS + O3,1.53353214026901e-53
4.5,4,620.6638940292052,troposphere,production,SO + O2 -> S + O3,4.49349022559129e-75
4.5,4,620.6638940292052,troposphere,production,O2 + O2 -> O1D + O3,3.2628951752523575e-93
4.5,4,620.6638940292052,troposphere,production,SO2 + O2 -> SO + O3,1.3507404530484992e-76
4.5,4,620.6638940292052,troposphere,production,H2CO + HO2 -> CH3 + O3,7.303658089355394e-72
4.5,4,620.6638940292052,troposphere,production,OCS + O2 -> CS + O3,1.7796310556367766e-100
4.5,4,620.6638940292052,troposphere,loss,O3 + hv -> O + O2,84388598.10991761
4.5,4,620.6638940292052,troposphere,loss,O3 + hv -> O1D + O2,11230027.39730683
4.5,4,620.6638940292052,troposphere,loss,NO + O3 -> NO2 + O2,680.6709909131062
4.5,4,620.6638940292052,troposphere,loss,OH + O3 -> HO2 + O2,32150.661561896162
4.5,4,620.6638940292052,troposphere,loss,H + O3 -> OH + O2,40.51714202619452
4.5,4,620.6638940292052,troposphere,loss,O + O3 -> O2 + O2,164.25383986921187
4.5,4,620.6638940292052,troposphere,loss,O3 + M -> O + O2 + M,482.0525451878611
4.5,4,620.6638940292052,troposphere,loss,O1D + O3 -> O2 + O2,0.7505755088000526
4.5,4,620.6638940292052,troposphere,loss,CH3 + O3 -> H2CO + HO2,82.04747719809481
4.5,4,620.6638940292052,troposphere,loss,NO2 + O3 -> NO3 + O2,19.711035358664347
4.5,4,620.6638940292052,troposphere,loss,HS + O3 -> HSO + O2,43.140153781537656
4.5,4,620.6638940292052,troposphere,loss,SO + O3 -> SO2 + O2,29.122998787726583
4.5,4,620.6638940292052,troposphere,loss,rainout,0.07140059892053283
4.5,4,620.6638940292052,troposphere,loss,S + O3 -> SO + O2,0.004300494163426182
4.5,4,620.6638940292052,troposphere,loss,SO2 + O3 -> SO3 + O2,0.0009606907650885148
4.5,4,620.6638940292052,troposphere,loss,Cl + O3 -> ClO + O2,6.488595158555094e-21
4.5,4,620.6638940292052,troposphere,loss,CS + O3 -> OCS + O2,9.721552861314731e-23
5.5,5,546.4037048849217,troposphere,production,O + O2 + M -> O3 + M,83408190.02579618
5.5,5,546.4037048849217,troposphere,production,NO3 + O2 -> NO2 + O3,5.733352785964966e-16
5.5,5,546.4037048849217,troposphere,production,HO2 + O2 -> OH + O3,3.5107179242142556e-24
5.5,5,546.4037048849217,troposphere,production,NO2 + O2 -> NO + O3,7.307845897966623e-32
5.5,5,546.4037048849217,troposphere,production,OH + O2 -> H + O3,1.3221142684955617e-55
5.5,5,546.4037048849217,troposphere,production,O2 + O2 -> O + O3,3.0243470234468787e-62
5.5,5,546.4037048849217,troposphere,production,SO3 + O2 -> SO2 + O3,2.3793198106023717e-55
5.5,5,546.4037048849217,troposphere,production,ClO + O2 -> Cl + O3,1.923377594059556e-50
5.5,5,546.4037048849217,troposphere,production,HSO + O2 -> HS + O3,4.570015197385253e-55
5.5,5,546.4037048849217,troposphere,production,SO + O2 -> S + O3,5.801630266378499e-77
5.5,5,546.4037048849217,troposphere,production,O2 + O2 -> O1D + O3,4.967037361305492e-96
5.5,5,546.4037048849217,troposphere,production,SO2 + O2 -> SO + O3,5.622298618676741e-79
5.5,5,546.4037048849217,troposphere,production,H2CO + HO2 -> CH3 + O3,8.449338323969633e-74
5.5,5,546.4037048849217,troposphere,production,OCS + O2 -> CS + O3,3.3073747176712213e-103
5.5,5,546.4037048849217,troposphere,loss,O3 + hv -> O + O2,97645334.56127937
5.5,5,546.4037048849217,troposphere,loss,O3 + hv -> O1D + O2,13697502.9754053
5.5,5,546.4037048849217,troposphere,loss,NO + O3 -> NO2 + O2,1159.1982290755639
5.5,5,546.4037048849217,troposphere,loss,OH + O3 -> HO2 + O2,33973.23850430021
5.5,5,546.4037048849217,troposphere,loss,H + O3 -> OH + O2,45.33270149629512
5.5,5,546.4037048849217,troposphere,loss,O + O3 -> O2 + O2,212.15373982872478
5.5,5,546.4037048849217,troposphere,loss,O3 + M -> O + O2 + M,170.7918400920606
5.5,5,546.4037048849217,troposphere,loss,O1D + O3 -> O2 + O2,1.1555296306699374
5.5,5,546.4037048849217,troposphere,loss,CH3 + O3 -> H2CO + HO2,80.20730511630072
5.5,5,546.4037048849217,troposphere,loss,NO2 + O3 -> NO3 + O2,19.105903531166696
5.5,5,546.4037048849217,troposphere,loss,HS + O3 -> HSO + O2,21.62560190439222
5.5,5,546.4037048849217,troposphere,loss,SO + O3 -> SO2 + O2,37.75326707986635
5.5,5,546.4037048849217,troposphere,loss,rainout,0.0639192455886434
5.5,5,546.4037048849217,troposphere,loss,S + O3 -> SO + O2,0.00628462920869649
5.5,5,546.4037048849217,troposphere,loss,SO2 + O3 -> SO3 + O2,0.00036528286999233634
5.5,5,546.4037048849217,troposphere,loss,Cl + O3 -> ClO + O2,6.538658522315949e-21
5.5,5,546.4037048849217,troposphere,loss,CS + O3 -> OCS + O2,1.128247658094723e-22
6.5,6,479.575815163964,troposphere,production,O + O2 + M -> O3 + M,97141063.58987452
6.5,6,479.575815163964,troposphere,production,NO3 + O2 -> NO2 + O3,1.1151676122135853e-16
6.5,6,479.575815163964,troposphere,production,HO2 + O2 -> OH + O3,2.9588045424161076e-25
6.5,6,479.575815163964,troposphere,production,NO2 + O2 -> NO + O3,5.343989889669734e-33
6.5,6,479.575815163964,troposphere,production,OH + O2 -> H + O3,1.9435924899624822e-57
6.5,6,479.575815163964,troposphere,production,O2 + O2 -> O + O3,1.4719721882053485e-64
6.5,6,479.575815163964,troposphere,production,SO3 + O2 -> SO2 + O3,3.1150264266115396e-57
6.5,6,479.575815163964,troposphere,production,ClO + O2 -> Cl + O3,1.9850181179347524e-51
6.5,6,479.575815163964,troposphere,production,HSO + O2 -> HS + O3,1.0091734591364332e-56
6.5,6,479.575815163964,troposphere,production,SO + O2 -> S + O3,3.971063457768471e-79
6.5,6,479.575815163964,troposphere,production,O2 + O2 -> O1D + O3,2.7829698620324755e-99
6.5,6,479.575815163964,troposphere,production,SO2 + O2 -> SO + O3,1.139616622282818e-81
6.5,6,479.575815163964,troposphere,production,H2CO + HO2 -> CH3 + O3,4.3727854232956287e-76
6.5,6,479.575815163964,troposphere,production,OCS + O2 -> CS + O3,2.339135904526413e-106
6.5,6,479.575815163964,troposphere,loss,O3 + hv -> O + O2,112974734.96344751
6.5,6,479.575815163964,troposphere,loss,O3 + hv -> O1D + O2,16595551.164432198
6.5,6,479.575815163964,troposphere,loss,NO + O3 -> NO2 + O2,2321.5522476089495
6.5,6,479.575815163964,troposphere,loss,OH + O3 -> HO2 + O2,33873.43574744686
6.5,6,479.575815163964,troposphere,loss,H + O3 -> OH + O2,47.284391980868385
6.5,6,479.575815163964,troposphere,loss,O + O3 -> O2 + O2,264.3749910497018
6.5,6,479.575815163964,troposphere,loss,O3 + M -> O + O2 + M,51.06212704493531
6.5,6,479.575815163964,troposphere,loss,O1D + O3 -> O2 + O2,1.7644498643709867
6.5,6,479.575815163964,troposphere,loss,CH3 + O3 -> H2CO + HO2,72.1776333500122
6.5,6,479.575815163964,troposphere,loss,NO2 + O3 -> NO3 + O2,19.164037634180044
6.5,6,479.575815163964,troposphere,loss,HS + O3 -> HSO + O2,11.865723560782
6.5,6,479.575815163964,troposphere,loss,SO + O3 -> SO2 + O2,52.08285469387495
6.5,6,479.575815163964,troposphere,loss,rainout,0.05891998241607703
6.5,6,479.575815163964,troposphere,loss,S + O3 -> SO + O2,0.009018621485496172
6.5,6,479.575815163964,troposphere,loss,SO2 + O3 -> SO3 + O2,0.00013377670174487914
6.5,6,479.575815163964,troposphere,loss,Cl + O3 -> ClO + O2,6.574088908720437e-21
6.5,6,479.575815163964,troposphere,loss,CS + O3 -> OCS + O2,1.134677811454554e-22
7.5,7,419.4662997850732,troposphere,production,O + O2 + M -> O3 + M,111263840.69666296
7.5,7,419.4662997850732,troposphere,production,NO3 + O2 -> NO2 + O3,1.769345528161054e-17
7.5,7,419.4662997850732,troposphere,production,HO2 + O2 -> OH + O3,1.8519331339695116e-26
7.5,7,419.4662997850732,troposphere,production,NO2 + O2 -> NO + O3,2.9573627138159738e-34
7.5,7,419.4662997850732,troposphere,production,OH + O2 -> H + O3,1.714007876692583e-59
7.5,7,419.4662997850732,troposphere,production,O2 + O2 -> O + O3,3.987263502554064e-67
7.5,7,419.4662997850732,troposphere,production,SO3 + O2 -> SO2 + O3,3.6862424765796188e-59
7.5,7,419.4662997850732,troposphere,production,ClO + O2 -> Cl + O3,1.6148397183991486e-52
7.5,7,419.4662997850732,troposphere,production,HSO + O2 -> HS + O3,1.7633119027481062e-58
7.5,7,419.4662997850732,troposphere,production,SO + O2 -> S + O3,1.5610571136182818e-81
7.5,7,419.4662997850732,troposphere,production,O2 + O2 -> O1D + O3,6.782479847874163e-103
7.5,7,419.4662997850732,troposphere,production,SO2 + O2 -> SO + O3,1.3162639917716603e-84
7.5,7,419.4662997850732,troposphere,production,H2CO + HO2 -> CH3 + O3,1.1387408596244445e-78
7.5,7,419.4662997850732,troposphere,production,OCS + O2 -> CS + O3,7.397772806442461e-110
7.5,7,419.4662997850732,troposphere,loss,O3 + hv -> O + O2,128629989.3092418
7.5,7,419.4662997850732,troposphere,loss,O3 + hv -> O1D + O2,19691094.68011067
7.5,7,419.4662997850732,troposphere,loss,NO + O3 -> NO2 + O2,4928.806838301818
7.5,7,419.4662997850732,troposphere,loss,OH + O3 -> HO2 + O2,31461.64724892494
7.5,7,419.4662997850732,troposphere,loss,H + O3 -> OH + O2,45.52717338243405
7.5,7,419.4662997850732,troposphere,loss,O + O3 -> O2 + O2,310.74633683752944
7.5,7,419.4662997850732,troposphere,loss,O3 + M -> O + O2 + M,13.02538909452679
7.5,7,419.4662997850732,troposphere,loss,O1D + O3 -> O2 + O2,2.596438497106525
7.5,7,419.4662997850732,troposphere,loss,CH3 + O3 -> H2CO + HO2,59.457040069503684
7.5,7,419.4662997850732,troposphere,loss,NO2 + O3 -> NO3 + O2,18.81884055939008
7.5,7,419.4662997850732,troposphere,loss,HS + O3 -> HSO + O2,7.013293750103233
7.5,7,419.4662997850732,troposphere,loss,SO + O3 -> SO2 + O2,72.52502659257783
7.5,7,419.4662997850732,troposphere,loss,rainout,0.044561486176395056
7.5,7,419.4662997850732,troposphere,loss,S + O3 -> SO + O2,0.012643600033223403
7.5,7,419.4662997850732,troposphere,loss,SO2 + O3 -> SO3 + O2,4.847058848359934e-05
7.5,7,419.4662997850732,troposphere,loss,Cl + O3 -> ClO + O2,6.484652404469129e-21
7.5,7,419.4662997850732,troposphere,loss,CS + O3 -> OCS + O2,1.0052244296956908e-22
8.5,8,365.4796758101412,troposphere,production,O + O2 + M -> O3 + M,124352608.5596798
8.5,8,365.4796758101412,troposphere,production,NO3 + O2 -> NO2 + O3,2.194478099127049e-18
8.5,8,365.4796758101412,troposphere,production,HO2 + O2 -> OH + O3,8.826149370989892e-28
8.5,8,365.4796758101412,troposphere,production,NO2 + O2 -> NO + O3,1.219760348793968e-35
8.5,8,365.4796758101412,troposphere,production,OH + O2 -> H + O3,9.518779389423494e-62
8.5,8,365.4796758101412,troposphere,production,O2 + O2 -> O + O3,6.295629141761408e-70
8.5,8,365.4796758101412,troposphere,production,SO3 + O2 -> SO2 + O3,4.227850890522817e-61
8.5,8,365.4796758101412,troposphere,production,ClO + O2 -> Cl + O3,1.0539165948950264e-53
8.5,8,365.4796758101412,troposphere,production,HSO + O2 -> HS + O3,2.41125407262076e-60
8.5,8,365.4796758101412,troposphere,production,SO + O2 -> S + O3,3.609765778555754e-84
8.5,8,365.4796758101412,troposphere,production,O2 + O2 -> O1D + O3,7.683711355032644e-107
8.5,8,365.4796758101412,troposphere,production,SO2 + O2 -> SO + O3,9.206490858443017e-88
8.5,8,365.4796758101412,troposphere,production,H2CO + HO2 -> CH3 + O3,1.5774099021328382e-81
8.5,8,365.4796758101412,troposphere,production,OCS + O2 -> CS + O3,1.1156286510798e-113
8.5,8,365.4796758101412,troposphere,loss,O3 + hv -> O + O2,142976077.96139684
8.5,8,365.4796758101412,troposphere,loss,O3 + hv -> O1D + O2,22727095.66381938
8.5,8,365.4796758101412,troposphere,loss,NO + O3 -> NO2 + O2,9606.635914247518
8.5,8,365.4796758101412,troposphere,loss,OH + O3 -> HO2 + O2,27334.288113797524
8.5,8,365.4796758101412,troposphere,loss,H + O3 -> OH + O2,40.78008972460737
8.5,8,365.4796758101412,troposphere,loss,O + O3 -> O2 + O2,340.6157385415266
8.5,8,365.4796758101412,troposphere,loss,O3 + M -> O + O2 + M,2.8414356921514012
8.5,8,365.4796758101412,troposphere,loss,O1D + O3 -> O2 + O2,3.631946876429727
8.5,8,365.4796758101412,troposphere,loss,CH3 + O3 -> H2CO + HO2,45.19584622311474
8.5,8,365.4796758101412,troposphere,loss,NO2 + O3 -> NO3 + O2,17.297605870416902
8.5,8,365.4796758101412,troposphere,loss,HS + O3 -> HSO + O2,4.423195721661346
8.5,8,365.4796758101412,troposphere,loss,SO + O3 -> SO2 + O2,98.85277886809438
8.5,8,365.4796758101412,troposphere,loss,rainout,0.029959147155825296
8.5,8,365.4796758101412,troposphere,loss,S + O3 -> SO + O2,0.017258146474334844
8.5,8,365.4796758101412,troposphere,loss,SO2 + O3 -> SO3 + O2,1.7501708355907246e-05
8.5,8,365.4796758101412,troposphere,loss,Cl + O3 -> ClO + O2,6.220884469607312e-21
8.5,8,365.4796758101412,troposphere,loss,CS + O3 -> OCS + O2,8.117225876942599e-23
9.5,9,317.1157212904203,troposphere,production,O + O2 + M -> O3 + M,135593540.10215682
9.5,9,317.1157212904203,troposphere,production,NO3 + O2 -> NO2 + O3,2.2643042976675165e-19
9.5,9,317.1157212904203,troposphere,production,HO2 + O2 -> OH + O3,3.6147823303636593e-29
9.5,9,317.1157212904203,troposphere,production,NO2 + O2 -> NO + O3,4.23873651916249e-37
9.5,9,317.1157212904203,troposphere,production,OH + O2 -> H + O3,4.129126740497907e-64
9.5,9,317.1157212904203,troposphere,production,O2 + O2 -> O + O3,7.353857075519889e-73
9.5,9,317.1157212904203,troposphere,production,SO3 + O2 -> SO2 + O3,4.783060619656608e-63
9.5,9,317.1157212904203,troposphere,production,ClO + O2 -> Cl + O3,6.0628601841361126e-55
9.5,9,317.1157212904203,troposphere,production,HSO + O2 -> HS + O3,2.851502313916861e-62
9.5,9,317.1157212904203,troposphere,production,SO + O2 -> S + O3,6.086923981264358e-87
9.5,9,317.1157212904203,troposphere,production,O2 + O2 -> O1D + O3,5.6869817080285995e-111
9.5,9,317.1157212904203,troposphere,production,SO2 + O2 -> SO + O3,4.998477918519665e-91
9.5,9,317.1157212904203,troposphere,production,H2CO + HO2 -> CH3 + O3,1.5365315602007788e-84
9.5,9,317.1157212904203,troposphere,production,OCS + O2 -> CS + O3,1.1142241870057974e-117
9.5,9,317.1157212904203,troposphere,loss,O3 + hv -> O + O2,155106762.95639715
9.5,9,317.1157212904203,troposphere,loss,O3 + hv -> O1D + O2,25531164.98278393
9.5,9,317.1157212904203,troposphere,loss,NO + O3 -> NO2 + O2,15539.495149935745
9.5,9,317.1157212904203,troposphere,loss,OH + O3 -> HO2 + O2,22866.7460009496
9.5,9,317.1157212904203,troposphere,loss,H + O3 -> OH + O2,35.31674120998256
9.5,9,317.1157212904203,troposphere,loss,O + O3 -> O2 + O2,353.72281766002567
9.5,9,317.1157212904203,troposphere,loss,O3 + M -> O + O2 + M,0.560826260816212
9.5,9,317.1157212904203,troposphere,loss,O1D + O3 -> O2 + O2,4.842130590034657
9.5,9,317.1157212904203,troposphere,loss,CH3 + O3 -> H2CO + HO2,33.021781358462725
9.5,9,317.1157212904203,troposphere,loss,NO2 + O3 -> NO3 + O2,15.054703615100237
9.5,9,317.1157212904203,troposphere,loss,HS + O3 -> HSO + O2,3.152490593049077
9.5,9,317.1157212904203,troposphere,loss,SO + O3 -> SO2 + O2,128.88059816260332
9.5,9,317.1157212904203,troposphere,loss,rainout,0.012808022582724987
9.5,9,317.1157212904203,troposphere,loss,S + O3 -> SO + O2,0.02289905526023549
9.5,9,317.1157212904203,troposphere,loss,SO2 + O3 -> SO3 + O2,6.396428898761372e-06
9.5,9,317.1157212904203,troposphere,loss,Cl + O3 -> ClO + O2,5.799534274355878e-21
9.5,9,317.1157212904203,troposphere,loss,CS + O3 -> OCS + O2,6.35501541671542e-23
10.5,10,273.9781420735774,troposphere,production,O + O2 + M -> O3 + M,147975381.91559073
10.5,10,273.9781420735774,troposphere,production,NO3 + O2 -> NO2 + O3,2.321759132531224e-20
10.5,10,273.9781420735774,troposphere,production,HO2 + O2 -> OH + O3,1.5376036460823214e-30
10.5,10,273.9781420735774,troposphere,production,NO2 + O2 -> NO + O3,1.6046411718643826e-38
10.5,10,273.9781420735774,troposphere,production,OH + O2 -> H + O3,1.9602852646882268e-66
10.5,10,273.9781420735774,troposphere,production,O2 + O2 -> O + O3,9.402175327949457e-76
10.5,10,273.9781420735774,troposphere,production,SO3 + O2 -> SO2 + O3,6.016230440866899e-65
10.5,10,273.9781420735774,troposphere,production,ClO + O2 -> Cl + O3,3.5919287811176683e-56
10.5,10,273.9781420735774,troposphere,production,HSO + O2 -> HS + O3,3.472327554191074e-64
10.5,10,273.9781420735774,troposphere,production,SO + O2 -> S + O3,1.0683935758876472e-89
10.5,10,273.9781420735774,troposphere,production,O2 + O2 -> O1D + O3,4.808640366000701e-115
10.5,10,273.9781420735774,troposphere,production,SO2 + O2 -> SO + O3,3.1643268407309615e-94
10.5,10,273.9781420735774,troposphere,production,H2CO + HO2 -> CH3 + O3,1.6404627949773235e-87
10.5,10,273.9781420735774,troposphere,production,OCS + O2 -> CS + O3,1.2599240987987012e-121
10.5,10,273.9781420735774,troposphere,loss,O3 + hv -> O + O2,168451449.1519022
10.5,10,273.9781420735774,troposphere,loss,O3 + hv -> O1D + O2,28653338.10626846
10.5,10,273.9781420735774,troposphere,loss,NO + O3 -> NO2 + O2,22650.829259705646
10.5,10,273.9781420735774,troposphere,loss,OH + O3 -> HO2 + O2,19499.628855514973
10.5,10,273.9781420735774,troposphere,loss,H + O3 -> OH + O2,31.528387843381
10.5,10,273.9781420735774,troposphere,loss,O + O3 -> O2 + O2,375.3334019791242
10.5,10,273.9781420735774,troposphere,loss,O3 + M -> O + O2 + M,0.11285872816741405
10.5,10,273.9781420735774,troposphere,loss,O1D + O3 -> O2 + O2,6.497142983345665
10.5,10,273.9781420735774,troposphere,loss,CH3 + O3 -> H2CO + HO2,24.974966756252506
10.5,10,273.9781420735774,troposphere,loss,NO2 + O3 -> NO3 + O2,13.715293969848993
10.5,10,273.9781420735774,troposphere,loss,HS + O3 -> HSO + O2,2.8583552091628177
10.5,10,273.9781420735774,troposphere,loss,SO + O3 -> SO2 + O2,159.362819824143
10.5,10,273.9781420735774,troposphere,loss,S + O3 -> SO + O2,0.030124153327201683
10.5,10,273.9781420735774,troposphere,loss,SO2 + O3 -> SO3 + O2,2.4896779501239865e-06
10.5,10,273.9781420735774,troposphere,loss,Cl + O3 -> ClO + O2,5.389114814864585e-21
10.5,10,273.9781420735774,troposphere,loss,CS + O3 -> OCS + O2,5.131725975683878e-23
11.5,11,235.74798004671052,troposphere,production,O + O2 + M -> O3 + M,179103133.66987062
11.5,11,235.74798004671052,troposphere,production,NO3 + O2 -> NO2 + O3,3.176816145942994e-21
11.5,11,235.74798004671052,troposphere,production,HO2 + O2 -> OH + O3,8.437068169068787e-32
11.5,11,235.74798004671052,troposphere,production,NO2 + O2 -> NO + O3,1.0626987498535764e-39
11.5,11,235.74798004671052,troposphere,production,OH + O2 -> H + O3,1.5502524874789614e-68
11.5,11,235.74798004671052,troposphere,production,O2 + O2 -> O + O3,2.213793015397202e-78
11.5,11,235.74798004671052,troposphere,production,SO3 + O2 -> SO2 + O3,1.191507994273437e-66
11.5,11,235.74798004671052,troposphere,production,ClO + O2 -> Cl + O3,2.696895853923639e-57
11.5,11,235.74798004671052,troposphere,production,HSO + O2 -> HS + O3,5.669696552731333e-66
11.5,11,235.74798004671052,troposphere,production,SO + O2 -> S + O3,3.0091534018873447e-92
11.5,11,235.74798004671052,troposphere,production,O2 + O2 -> O1D + O3,9.753456239486832e-119
11.5,11,235.74798004671052,troposphere,production,SO2 + O2 -> SO + O3,4.152320687496276e-97
11.5,11,235.74798004671052,troposphere,production,H2CO + HO2 -> CH3 + O3,3.194316422592799e-90
11.5,11,235.74798004671052,troposphere,production,OCS + O2 -> CS + O3,3.240828135169935e-125
11.5,11,235.74798004671052,troposphere,loss,O3 + hv -> O + O2,202921357.9706869
11.5,11,235.74798004671052,troposphere,loss,O3 + hv -> O1D + O2,35639084.12364355
11.5,11,235.74798004671052,troposphere,loss,NO + O3 -> NO2 + O2,40423.68441310639
11.5,11,235.74798004671052,troposphere,loss,OH + O3 -> HO2 + O2,19050.406726897883
11.5,11,235.74798004671052,troposphere,loss,H + O3 -> OH + O2,31.958236649191868
11.5,11,235.74798004671052,troposphere,loss,O + O3 -> O2 + O2,515.3438102774555
11.5,11,235.74798004671052,troposphere,loss,O3 + M -> O + O2 + M,0.02909096980166138
11.5,11,235.74798004671052,troposphere,loss,O1D + O3 -> O2 + O2,10.818850547625523
11.5,11,235.74798004671052,troposphere,loss,CH3 + O3 -> H2CO + HO2,22.44845901914195
11.5,11,235.74798004671052,troposphere,loss,NO2 + O3 -> NO3 + O2,18.273728762669407
11.5,11,235.74798004671052,troposphere,loss,HS + O3 -> HSO + O2,3.4776618979100937
11.5,11,235.74798004671052,troposphere,loss,SO + O3 -> SO2 + O2,190.31591870586274
11.5,11,235.74798004671052,troposphere,loss,S + O3 -> SO + O2,0.04323388449584739
11.5,11,235.74798004671052,troposphere,loss,SO2 + O3 -> SO3 + O2,1.2253963538058485e-06
11.5,11,235.74798004671052,troposphere,loss,Cl + O3 -> ClO + O2,5.533387558961331e-21
11.5,11,235.74798004671052,troposphere,loss,CS + O3 -> OCS + O2,4.4801571624394076e-23
12.5,12,202.1332375452063,troposphere,production,O + O2 + M -> O3 + M,247952056.65193605
12.5,12,202.1332375452063,troposphere,production,NO3 + O2 -> NO2 + O3,7.735218437458564e-22
12.5,12,202.1332375452063,troposphere,production,HO2 + O2 -> OH + O3,6.873505793087692e-33
12.5,12,202.1332375452063,troposphere,production,NO2 + O2 -> NO + O3,1.564395583748999e-40
12.5,12,202.1332375452063,troposphere,production,OH + O2 -> H + O3,2.7654674512161494e-70
12.5,12,202.1332375452063,troposphere,production,O2 + O2 -> O + O3,1.3333027232779538e-80
12.5,12,202.1332375452063,troposphere,production,SO3 + O2 -> SO2 + O3,5.359093138738717e-68
12.5,12,202.1332375452063,troposphere,production,ClO + O2 -> Cl + O3,2.9277324983151793e-58
12.5,12,202.1332375452063,troposphere,production,HSO + O2 -> HS + O3,1.3933345665985834e-67
12.5,12,202.1332375452063,troposphere,production,SO + O2 -> S + O3,1.7914263141150573e-94
12.5,12,202.1332375452063,troposphere,production,O2 + O2 -> O1D + O3,7.577610713139317e-122
12.5,12,202.1332375452063,troposphere,production,SO2 + O2 -> SO + O3,1.5790363777261937e-99
12.5,12,202.1332375452063,troposphere,production,H2CO + HO2 -> CH3 + O3,1.713383222505573e-92
12.5,12,202.1332375452063,troposphere,production,OCS + O2 -> CS + O3,2.8956104208179314e-128
12.5,12,202.1332375452063,troposphere,loss,O3 + hv -> O + O2,279483743.45573425
12.5,12,202.1332375452063,troposphere,loss,O3 + hv -> O1D + O2,50777554.13062199
12.5,12,202.1332375452063,troposphere,loss,NO + O3 -> NO2 + O2,95167.67523524046
12.5,12,202.1332375452063,troposphere,loss,OH + O3 -> HO2 + O2,23036.310796135214
12.5,12,202.1332375452063,troposphere,loss,H + O3 -> OH + O2,38.34535399382738
12.5,12,202.1332375452063,troposphere,loss,O + O3 -> O2 + O2,990.6483305656557
12.5,12,202.1332375452063,troposphere,loss,O3 + M -> O + O2 + M,0.01072447743187595
12.5,12,202.1332375452063,troposphere,loss,O1D + O3 -> O2 + O2,23.850694643497217
12.5,12,202.1332375452063,troposphere,loss,CH3 + O3 -> H2CO + HO2,26.240447507794276
12.5,12,202.1332375452063,troposphere,loss,NO2 + O3 -> NO3 + O2,40.02825748946327
12.5,12,202.1332375452063,troposphere,loss,HS + O3 -> HSO + O2,4.853870112757837
12.5,12,202.1332375452063,troposphere,loss,SO + O3 -> SO2 + O2,215.09703852221773
12.5,12,202.1332375452063,troposphere,loss,S + O3 -> SO + O2,0.06872984960329388
12.5,12,202.1332375452063,troposphere,loss,SO2 + O3 -> SO3 + O2,7.986726637442141e-07
12.5,12,202.1332375452063,troposphere,loss,Cl + O3 -> ClO + O2,6.47650717188977e-21
12.5,12,202.1332375452063,troposphere,loss,CS + O3 -> OCS + O2,4.651823047929548e-23
13.5,13,172.798241103952,troposphere,production,O + O2 + M -> O3 + M,355590292.1465453
13.5,13,172.798241103952,troposphere,production,NO3 + O2 -> NO2 + O3,3.022365556030306e-22
13.5,13,172.798241103952,troposphere,production,HO2 + O2 -> OH + O3,8.216472415983267e-34
13.5,13,172.798241103952,troposphere,production,NO2 + O2 -> NO + O3,3.4440705837954947e-41
13.5,13,172.798241103952,troposphere,production,OH + O2 -> H + O3,1.0213628019279843e-71
13.5,13,172.798241103952,troposphere,production,O2 + O2 -> O + O3,1.7453217981070836e-82
13.5,13,172.798241103952,troposphere,production,SO3 + O2 -> SO2 + O3,3.736323940884449e-69
13.5,13,172.798241103952,troposphere,production,ClO + O2 -> Cl + O3,4.311703621112291e-59
13.5,13,172.798241103952,troposphere,production,HSO + O2 -> HS + O3,4.672456685857196e-69
13.5,13,172.798241103952,troposphere,production,SO + O2 -> S + O3,1.99755253206167e-96
13.5,13,172.798241103952,troposphere,production,O2 + O2 -> O1D + O3,1.7864044843232074e-124
13.5,13,172.798241103952,troposphere,production,SO2 + O2 -> SO + O3,1.3095010364922585e-101
13.5,13,172.798241103952,troposphere,production,H2CO + HO2 -> CH3 + O3,2.3483935313656054e-94
13.5,13,172.798241103952,troposphere,production,OCS + O2 -> CS + O3,6.98349114112149e-131
13.5,13,172.798241103952,troposphere,loss,O3 + hv -> O + O2,398278257.7255951
13.5,13,172.798241103952,troposphere,loss,O3 + hv -> O1D + O2,75327031.74419956
13.5,13,172.798241103952,troposphere,loss,NO + O3 -> NO2 + O2,212290.659300967
13.5,13,172.798241103952,troposphere,loss,OH + O3 -> HO2 + O2,32519.22820126493
13.5,13,172.798241103952,troposphere,loss,H + O3 -> OH + O2,50.91478497037886
13.5,13,172.798241103952,troposphere,loss,O + O3 -> O2 + O2,2157.707769075436
13.5,13,172.798241103952,troposphere,loss,O3 + M -> O + O2 + M,0.0049230018483500965
13.5,13,172.798241103952,troposphere,loss,O1D + O3 -> O2 + O2,57.139286484993605
13.5,13,172.798241103952,troposphere,loss,CH3 + O3 -> H2CO + HO2,37.245083498434504
13.5,13,172.798241103952,troposphere,loss,NO2 + O3 -> NO3 + O2,94.6389849704486
13.5,13,172.798241103952,troposphere,loss,HS + O3 -> HSO + O2,6.272344028094948
13.5,13,172.798241103952,troposphere,loss,SO + O3 -> SO2 + O2,217.04907767041936
13.5,13,172.798241103952,troposphere,loss,S + O3 -> SO + O2,0.1054184972000227
13.5,13,172.798241103952,troposphere,loss,SO2 + O3 -> SO3 + O2,5.502676633381806e-07
13.5,13,172.798241103952,troposphere,loss,Cl + O3 -> ClO + O2,7.823440798861423e-21
13.5,13,172.798241103952,troposphere,loss,CS + O3 -> OCS + O2,5.943729956859943e-23
14.5,14,147.3426643775831,troposphere,production,O + O2 + M -> O3 + M,488772277.8567558
14.5,14,147.3426643775831,troposphere,production,NO3 + O2 -> NO2 + O3,1.347438111908785e-22
14.5,14,147.3426643775831,troposphere,production,HO2 + O2 -> OH + O3,1.2066272947690903e-34
14.5,14,147.3426643775831,troposphere,production,NO2 + O2 -> NO + O3,8.144052358303331e-42
14.5,14,147.3426643775831,troposphere,production,OH + O2 -> H + O3,5.3206513747472467e-73
14.5,14,147.3426643775831,troposphere,production,O2 + O2 -> O + O3,3.3500672965756176e-84
14.5,14,147.3426643775831,troposphere,production,SO3 + O2 -> SO2 + O3,2.9418027111368515e-70
14.5,14,147.3426643775831,troposphere,production,ClO + O2 -> Cl + O3,7.369792461561893e-60
14.5,14,147.3426643775831,troposphere,production,HSO + O2 -> HS + O3,1.6679234912097497e-70
14.5,14,147.3426643775831,troposphere,production,SO + O2 -> S + O3,2.995526792967793e-98
14.5,14,147.3426643775831,troposphere,production,O2 + O2 -> O1D + O3,7.2867921603968685e-127
14.5,14,147.3426643775831,troposphere,production,SO2 + O2 -> SO + O3,1.4547084911766634e-103
14.5,14,147.3426643775831,troposphere,production,H2CO + HO2 -> CH3 + O3,5.130689019849422e-96
14.5,14,147.3426643775831,troposphere,production,OCS + O2 -> CS + O3,2.5520955896059603e-133
14.5,14,147.3426643775831,troposphere,loss,O3 + hv -> O + O2,542759856.3881245
14.5,14,147.3426643775831,troposphere,loss,O3 + hv -> O1D + O2,108160666.42914283
14.5,14,147.3426643775831,troposphere,loss,NO + O3 -> NO2 + O2,404295.41724005307
14.5,14,147.3426643775831,troposphere,loss,OH + O3 -> HO2 + O2,45867.20854987274
14.5,14,147.3426643775831,troposphere,loss,H + O3 -> OH + O2,64.28425645506012
14.5,14,147.3426643775831,troposphere,loss,O + O3 -> O2 + O2,4437.8671599354575
14.5,14,147.3426643775831,troposphere,loss,O3 + M -> O + O2 + M,0.002365659959270353
14.5,14,147.3426643775831,troposphere,loss,O1D + O3 -> O2 + O2,127.37923078677458
14.5,14,147.3426643775831,troposphere,loss,CH3 + O3 -> H2CO + HO2,53.95241252257688
14.5,14,147.3426643775831,troposphere,loss,NO2 + O3 -> NO3 + O2,192.41116623402291
14.5,14,147.3426643775831,troposphere,loss,HS + O3 -> HSO + O2,6.650331961415025
14.5,14,147.3426643775831,troposphere,loss,SO + O3 -> SO2 + O2,191.96458028574148
14.5,14,147.3426643775831,troposphere,loss,S + O3 -> SO + O2,0.13986596930155554
14.5,14,147.3426643775831,troposphere,loss,SO2 + O3 -> SO3 + O2,3.3374690102559015e-07
14.5,14,147.3426643775831,troposphere,loss,Cl + O3 -> ClO + O2,9.01408501177043e-21
14.5,14,147.3426643775831,troposphere,loss,CS + O3 -> OCS + O2,7.679636231344678e-23
15.5,15,125.34347124804682,stratosphere,production,O + O2 + M -> O3 + M,596700578.1444192
15.5,15,125.34347124804682,stratosphere,production,NO3 + O2 -> NO2 + O3,5.455947198949166e-23
15.5,15,125.34347124804682,stratosphere,production,HO2 + O2 -> OH + O3,1.9575351152428847e-35
15.5,15,125.34347124804682,stratosphere,production,NO2 + O2 -> NO + O3,1.83133637678073e-42
15.5,15,125.34347124804682,stratosphere,production,OH + O2 -> H + O3,3.378931325356097e-74
15.5,15,125.34347124804682,stratosphere,production,O2 + O2 -> O + O3,8.254604873201933e-86
15.5,15,125.34347124804682,stratosphere,production,SO3 + O2 -> SO2 + O3,2.3485246916198666e-71
15.5,15,125.34347124804682,stratosphere,production,ClO + O2 -> Cl + O3,1.3870863104403068e-60
15.5,15,125.34347124804682,stratosphere,production,HSO + O2 -> HS + O3,6.422928285542565e-72
15.5,15,125.34347124804682,stratosphere,production,SO + O2 -> S + O3,6.013412425519441e-100
15.5,15,125.34347124804682,stratosphere,production,O2 + O2 -> O1D + O3,4.253129469115392e-129
15.5,15,125.34347124804682,stratosphere,production,SO2 + O2 -> SO + O3,1.950737933795978e-105
15.5,15,125.34347124804682,stratosphere,production,H2CO + HO2 -> CH3 + O3,1.4268835423045164e-97
15.5,15,125.34347124804682,stratosphere,production,OCS + O2 -> CS + O3,1.1960742330517203e-135
15.5,15,125.34347124804682,stratosphere,loss,O3 + hv -> O + O2,654689175.425751
15.5,15,125.34347124804682,stratosphere,loss,O3 + hv -> O1D + O2,139834938.16843262
15.5,15,125.34347124804682,stratosphere,loss,NO + O3 -> NO2 + O2,632945.6973824413
15.5,15,125.34347124804682,stratosphere,loss,OH + O3 -> HO2 + O2,57356.56480374365
15.5,15,125.34347124804682,stratosphere,loss,H + O3 -> OH + O2,73.39288283775043
15.5,15,125.34347124804682,stratosphere,loss,O + O3 -> O2 + O2,7325.600571716221
15.5,15,125.34347124804682,stratosphere,loss,O3 + M -> O + O2 + M,0.00106662686766114
15.5,15,125.34347124804682,stratosphere,loss,O1D + O3 -> O2 + O2,227.19049099575994
15.5,15,125.34347124804682,stratosphere,loss,CH3 + O3 -> H2CO + HO2,70.20986675824197
15.5,15,125.34347124804682,stratosphere,loss,NO2 + O3 -> NO3 + O2,293.15443418978157
15.5,15,125.34347124804682,stratosphere,loss,HS + O3 -> HSO + O2,5.819471527227677
15.5,15,125.34347124804682,stratosphere,loss,SO + O3 -> SO2 + O2,156.4928154139622
15.5,15,125.34347124804682,stratosphere,loss,S + O3 -> SO + O2,0.15360974383477807
15.5,15,125.34347124804682,stratosphere,loss,SO2 + O3 -> SO3 + O2,1.6917126759709686e-07
15.5,15,125.34347124804682,stratosphere,loss,Cl + O3 -> ClO + O2,9.168463585136698e-21
15.5,15,125.34347124804682,stratosphere,loss,CS + O3 -> OCS + O2,9.405147691274337e-23
16.5,16,106.40559590605828,stratosphere,production,O + O2 + M -> O3 + M,665123310.687612
16.5,16,106.40559590605828,stratosphere,production,NO3 + O2 -> NO2 + O3,2.2267189967833127e-23
16.5,16,106.40559590605828,stratosphere,production,HO2 + O2 -> OH + O3,3.830921804502238e-36
16.5,16,106.40559590605828,stratosphere,production,NO2 + O2 -> NO + O3,4.624993927506334e-43
16.5,16,106.40559590605828,stratosphere,production,OH + O2 -> H + O3,3.120986325452336e-75
16.5,16,106.40559590605828,stratosphere,production,O2 + O2 -> O + O3,3.2405682558788917e-87
16.5,16,106.40559590605828,stratosphere,production,SO3 + O2 -> SO2 + O3,2.272546214990652e-72
16.5,16,106.40559590605828,stratosphere,production,ClO + O2 -> Cl + O3,3.134358997583801e-61
16.5,16,106.40559590605828,stratosphere,production,HSO + O2 -> HS + O3,3.179747071634078e-73
16.5,16,106.40559590605828,stratosphere,production,SO + O2 -> S + O3,1.9543805521776724e-101
16.5,16,106.40559590605828,stratosphere,production,O2 + O2 -> O1D + O3,4.832545482816823e-131
16.5,16,106.40559590605828,stratosphere,production,SO2 + O2 -> SO + O3,4.036298038134486e-107
16.5,16,106.40559590605828,stratosphere,production,H2CO + HO2 -> CH3 + O3,6.1881288425542694e-99
16.5,16,106.40559590605828,stratosphere,production,OCS + O2 -> CS + O3,9.528388607419353e-138
16.5,16,106.40559590605828,stratosphere,loss,O3 + hv -> O + O2,717901112.5070229
16.5,16,106.40559590605828,stratosphere,loss,O3 + hv -> O1D + O2,167549865.1236431
16.5,16,106.40559590605828,stratosphere,loss,NO + O3 -> NO2 + O2,870226.7521390055
16.5,16,106.40559590605828,stratosphere,loss,OH + O3 -> HO2 + O2,65835.69211758702
16.5,16,106.40559590605828,stratosphere,loss,H + O3 -> OH + O2,81.74736013204748
16.5,16,106.40559590605828,stratosphere,loss,O + O3 -> O2 + O2,10371.097433496196
16.5,16,106.40559590605828,stratosphere,loss,O3 + M -> O + O2 + M,0.0004883500474033354
16.5,16,106.40559590605828,stratosphere,loss,O1D + O3 -> O2 + O2,343.0487173691447
16.5,16,106.40559590605828,stratosphere,loss,CH3 + O3 -> H2CO + HO2,85.27038494957586
16.5,16,106.40559590605828,stratosphere,loss,NO2 + O3 -> NO3 + O2,367.1843916533751
16.5,16,106.40559590605828,stratosphere,loss,HS + O3 -> HSO + O2,4.326192788651838
16.5,16,106.40559590605828,stratosphere,loss,SO + O3 -> SO2 + O2,117.85210736186875
16.5,16,106.40559590605828,stratosphere,loss,S + O3 -> SO + O2,0.14225394934229077
16.5,16,106.40559590605828,stratosphere,loss,SO2 + O3 -> SO3 + O2,7.625671442032476e-08
16.5,16,106.40559590605828,stratosphere,loss,Cl + O3 -> ClO + O2,8.45821984262594e-21
16.5,16,106.40559590605828,stratosphere,loss,CS + O3 -> OCS + O2,1.101745080974668e-22
17.5,17,90.1738333812342,stratosphere,production,O + O2 + M -> O3 + M,688334436.2687352
17.5,17,90.1738333812342,stratosphere,production,NO3 + O2 -> NO2 + O3,1.0011359331976025e-23
17.5,17,90.1738333812342,stratosphere,production,HO2 + O2 -> OH + O3,1.0075970538384223e-36
17.5,17,90.1738333812342,stratosphere,production,NO2 + O2 -> NO + O3,1.4581177045362682e-43
17.5,17,90.1738333812342,stratosphere,production,OH + O2 -> H + O3,4.955749064371501e-76
17.5,17,90.1738333812342,stratosphere,production,O2 + O2 -> O + O3,2.462723333032758e-88
17.5,17,90.1738333812342,stratosphere,production,SO3 + O2 -> SO2 + O3,3.0477229776604236e-73
17.5,17,90.1738333812342,stratosphere,production,ClO + O2 -> Cl + O3,9.195123094234018e-62
17.5,17,90.1738333812342,stratosphere,production,HSO + O2 -> HS + O3,2.4349669502976722e-74
17.5,17,90.1738333812342,stratosphere,production,SO + O2 -> S + O3,1.2204009567836075e-102
17.5,17,90.1738333812342,stratosphere,production,O2 + O2 -> O1D + O3,1.4106079221673215e-132
17.5,17,90.1738333812342,stratosphere,production,SO2 + O2 -> SO + O3,1.5944580242938691e-108
17.5,17,90.1738333812342,stratosphere,production,H2CO + HO2 -> CH3 + O3,5.19242033945388e-100
17.5,17,90.1738333812342,stratosphere,production,OCS + O2 -> CS + O3,1.696951943473124e-139
17.5,17,90.1738333812342,stratosphere,loss,O3 + hv -> O + O2,727264304.8790934
17.5,17,90.1738333812342,stratosphere,loss,O3 + hv -> O1D + O2,188914064.45148036
17.5,17,90.1738333812342,stratosphere,loss,NO + O3 -> NO2 + O2,1059592.3530589459
17.5,17,90.1738333812342,stratosphere,loss,OH + O3 -> HO2 + O2,71583.2703453386
17.5,17,90.1738333812342,stratosphere,loss,H + O3 -> OH + O2,94.178161199955
17.5,17,90.1738333812342,stratosphere,loss,O + O3 -> O2 + O2,13149.42392398187
17.5,17,90.1738333812342,stratosphere,loss,O3 + M -> O + O2 + M,0.0002419309235382821
17.5,17,90.1738333812342,stratosphere,loss,O1D + O3 -> O2 + O2,452.8006827316572
17.5,17,90.1738333812342,stratosphere,loss,CH3 + O3 -> H2CO + HO2,99.75121466351278
17.5,17,90.1738333812342,stratosphere,loss,NO2 + O3 -> NO3 + O2,390.11502890952363
17.5,17,90.1738333812342,stratosphere,loss,HS + O3 -> HSO + O2,2.8785582343964156
17.5,17,90.1738333812342,stratosphere,loss,SO + O3 -> SO2 + O2,81.50266332291652
17.5,17,90.1738333812342,stratosphere,loss,S + O3 -> SO + O2,0.11207220615930391
17.5,17,90.1738333812342,stratosphere,loss,SO2 + O3 -> SO3 + O2,3.1811713004109895e-08
17.5,17,90.1738333812342,stratosphere,loss,Cl + O3 -> ClO + O2,7.196488639594582e-21
17.5,17,90.1738333812342,stratosphere,loss,CS + O3 -> OCS + O2,1.2574099389564283e-22
18.5,18,76.3162487752022,stratosphere,production,O + O2 + M -> O3 + M,679394747.5764896
18.5,18,76.3162487752022,stratosphere,production,NO3 + O2 -> NO2 + O3,4.795648241762939e-24
18.5,18,76.3162487752022,stratosphere,production,HO2 + O2 -> OH + O3,3.281418030538438e-37
18.5,18,76.3162487752022,stratosphere,production,NO2 + O2 -> NO + O3,5.177019642448843e-44
18.5,18,76.3162487752022,stratosphere,production,OH + O2 -> H + O3,1.1345712235504404e-76
18.5,18,76.3162487752022,stratosphere,production,O2 + O2 -> O + O3,2.9031791960781947e-89
18.5,18,76.3162487752022,stratosphere,production,SO3 + O2 -> SO2 + O3,4.849275042971502e-74
18.5,18,76.3162487752022,stratosphere,production,ClO + O2 -> Cl + O3,3.2079613041220176e-62
18.5,18,76.3162487752022,stratosphere,production,HSO + O2 -> HS + O3,2.463819562166104e-75
18.5,18,76.3162487752022,stratosphere,production,SO + O2 -> S + O3,1.1295788182185233e-103
18.5,18,76.3162487752022,stratosphere,production,O2 + O2 -> O1D + O3,7.709723136575166e-134
18.5,18,76.3162487752022,stratosphere,production,SO2 + O2 -> SO + O3,9.314786662993515e-110
18.5,18,76.3162487752022,stratosphere,production,H2CO + HO2 -> CH3 + O3,6.863301816482226e-101
18.5,18,76.3162487752022,stratosphere,production,OCS + O2 -> CS + O3,5.000741885068658e-141
18.5,18,76.3162487752022,stratosphere,loss,O3 + hv -> O + O2,699008150.2988334
18.5,18,76.3162487752022,stratosphere,loss,O3 + hv -> O1D + O2,205142415.94745293
18.5,18,76.3162487752022,stratosphere,loss,NO + O3 -> NO2 + O2,1157997.4190645954
18.5,18,76.3162487752022,stratosphere,loss,OH + O3 -> HO2 + O2,75497.04883823778
18.5,18,76.3162487752022,stratosphere,loss,H + O3 -> OH + O2,113.42143308293913
18.5,18,76.3162487752022,stratosphere,loss,O + O3 -> O2 + O2,15526.4865168066
18.5,18,76.3162487752022,stratosphere,loss,O3 + M -> O + O2 + M,0.00012627634044139836
18.5,18,76.3162487752022,stratosphere,loss,O1D + O3 -> O2 + O2,548.1112041739849
18.5,18,76.3162487752022,stratosphere,loss,CH3 + O3 -> H2CO + HO2,113.91655910251865
18.5,18,76.3162487752022,stratosphere,loss,NO2 + O3 -> NO3 + O2,361.0051162840147
18.5,18,76.3162487752022,stratosphere,loss,HS + O3 -> HSO + O2,1.7613672032669538
18.5,18,76.3162487752022,stratosphere,loss,SO + O3 -> SO2 + O2,51.13337855824258
18.5,18,76.3162487752022,stratosphere,loss,S + O3 -> SO + O2,0.07607314675191443
18.5,18,76.3162487752022,stratosphere,loss,SO2 + O3 -> SO3 + O2,1.2124809646952712e-08
18.5,18,76.3162487752022,stratosphere,loss,Cl + O3 -> ClO + O2,5.800573629396376e-21
18.5,18,76.3162487752022,stratosphere,loss,CS + O3 -> OCS + O2,1.3548272808433323e-22
19.5,19,64.51990358054394,stratosphere,production,O + O2 + M -> O3 + M,655024072.2332946
19.5,19,64.51990358054394,stratosphere,production,NO3 + O2 -> NO2 + O3,2.4872619087081255e-24
19.5,19,64.51990358054394,stratosphere,production,HO2 + O2 -> OH + O3,1.3129817853477991e-37
19.5,19,64.51990358054394,stratosphere,production,NO2 + O2 -> NO + O3,2.0114261207274952e-44
19.5,19,64.51990358054394,stratosphere,production,OH + O2 -> H + O3,3.5696390062833386e-77
19.5,19,64.51990358054394,stratosphere,production,O2 + O2 -> O + O3,4.953475132839113e-90
19.5,19,64.51990358054394,stratosphere,production,SO3 + O2 -> SO2 + O3,8.7856933511728385e-75
19.5,19,64.51990358054394,stratosphere,production,ClO + O2 -> Cl + O3,1.2952003130222002e-62
19.5,19,64.51990358054394,stratosphere,production,HSO + O2 -> HS + O3,3.094769584698044e-76
19.5,19,64.51990358054394,stratosphere,production,SO + O2 -> S + O3,1.3900885356574497e-104
19.5,19,64.51990358054394,stratosphere,production,O2 + O2 -> O1D + O3,7.146013148747163e-135
19.5,19,64.51990358054394,stratosphere,production,SO2 + O2 -> SO + O3,7.346608110699496e-111
19.5,19,64.51990358054394,stratosphere,production,H2CO + HO2 -> CH3 + O3,1.3696369696562443e-101
19.5,19,64.51990358054394,stratosphere,production,OCS + O2 -> CS + O3,2.2182055485202798e-142
19.5,19,64.51990358054394,stratosphere,loss,O3 + hv -> O + O2,652821589.3851953
19.5,19,64.51990358054394,stratosphere,loss,O3 + hv -> O1D + O2,218874504.0546279
19.5,19,64.51990358054394,stratosphere,loss,NO + O3 -> NO2 + O2,1146346.8227010667
19.5,19,64.51990358054394,stratosphere,loss,OH + O3 -> HO2 + O2,79588.87387172274
19.5,19,64.51990358054394,stratosphere,loss,H + O3 -> OH + O2,143.44206453539582
19.5,19,64.51990358054394,stratosphere,loss,O + O3 -> O2 + O2,17821.241365291302
19.5,19,64.51990358054394,stratosphere,loss,O3 + M -> O + O2 + M,6.994943636079167e-05
19.5,19,64.51990358054394,stratosphere,loss,O1D + O3 -> O2 + O2,635.2223357799925
19.5,19,64.51990358054394,stratosphere,loss,CH3 + O3 -> H2CO + HO2,130.25996078480983
19.5,19,64.51990358054394,stratosphere,loss,NO2 + O3 -> NO3 + O2,299.0086230051664
19.5,19,64.51990358054394,stratosphere,loss,HS + O3 -> HSO + O2,1.0009688098749234
19.5,19,64.51990358054394,stratosphere,loss,SO + O3 -> SO2 + O2,28.648345268978318
19.5,19,64.51990358054394,stratosphere,loss,S + O3 -> SO + O2,0.04481613041580417
19.5,19,64.51990358054394,stratosphere,loss,SO2 + O3 -> SO3 + O2,4.223688228382265e-09
19.5,19,64.51990358054394,stratosphere,loss,Cl + O3 -> ClO + O2,4.537041397020538e-21
19.5,19,64.51990358054394,stratosphere,loss,CS + O3 -> OCS + O2,1.3604316677393858e-22
20.5,20,54.50669583814784,stratosphere,production,O + O2 + M -> O3 + M,625567979.7856271
20.5,20,54.50669583814784,stratosphere,production,NO3 + O2 -> NO2 + O3,1.5300119103301598e-24
20.5,20,54.50669583814784,stratosphere,production,HO2 + O2 -> OH + O3,7.107850766048494e-38
20.5,20,54.50669583814784,stratosphere,production,NO2 + O2 -> NO + O3,9.660991849750208e-45
20.5,20,54.50669583814784,stratosphere,production,OH + O2 -> H + O3,1.829997464660438e-77
20.5,20,54.50669583814784,stratosphere,production,O2 + O2 -> O + O3,1.5131163671378498e-90
20.5,20,54.50669583814784,stratosphere,production,SO3 + O2 -> SO2 + O3,2.3016618563354657e-75
20.5,20,54.50669583814784,stratosphere,production,ClO + O2 -> Cl + O3,6.59007170976023e-63
20.5,20,54.50669583814784,stratosphere,production,HSO + O2 -> HS + O3,5.6375549340704454e-77
20.5,20,54.50669583814784,stratosphere,production,SO + O2 -> S + O3,2.8010937468514675e-105
20.5,20,54.50669583814784,stratosphere,production,O2 + O2 -> O1D + O3,1.5207160125483108e-135
20.5,20,54.50669583814784,stratosphere,production,SO2 + O2 -> SO + O3,1.004971101146718e-111
20.5,20,54.50669583814784,stratosphere,production,H2CO + HO2 -> CH3 + O3,5.097849584843797e-102
20.5,20,54.50669583814784,stratosphere,production,OCS + O2 -> CS + O3,2.0233521556413267e-143
20.5,20,54.50669583814784,stratosphere,loss,O3 + hv -> O + O2,600638702.159159
20.5,20,54.50669583814784,stratosphere,loss,O3 + hv -> O1D + O2,231912748.0991282
20.5,20,54.50669583814784,stratosphere,loss,NO + O3 -> NO2 + O2,1044220.4271742535
20.5,20,54.50669583814784,stratosphere,loss,OH + O3 -> HO2 + O2,85411.25754923813
20.5,20,54.50669583814784,stratosphere,loss,H + O3 -> OH + O2,190.40659042655585
20.5,20,54.50669583814784,stratosphere,loss,O + O3 -> O2 + O2,20685.102900983984
20.5,20,54.50669583814784,stratosphere,loss,O3 + M -> O + O2 + M,4.3900458432454646e-05
20.5,20,54.50669583814784,stratosphere,loss,O1D + O3 -> O2 + O2,722.926319964475
20.5,20,54.50669583814784,stratosphere,loss,CH3 + O3 -> H2CO + HO2,152.7553808313119
20.5,20,54.50669583814784,stratosphere,loss,NO2 + O3 -> NO3 + O2,229.98832719463897
20.5,20,54.50669583814784,stratosphere,loss,HS + O3 -> HSO + O2,0.5348609150646443
20.5,20,54.50669583814784,stratosphere,loss,SO + O3 -> SO2 + O2,14.490450854389046
20.5,20,54.50669583814784,stratosphere,loss,S + O3 -> SO + O2,0.023486790913369728
20.5,20,54.50669583814784,stratosphere,loss,SO2 + O3 -> SO3 + O2,1.4244875146898169e-09
20.5,20,54.50669583814784,stratosphere,loss,Cl + O3 -> ClO + O2,3.493183993344423e-21
20.5,20,54.50669583814784,stratosphere,loss,CS + O3 -> OCS + O2,1.2932191696062262e-22
21.5,21,46.03390108844592,stratosphere,production,O + O2 + M -> O3 + M,596926496.4961891
21.5,21,46.03390108844592,stratosphere,production,NO3 + O2 -> NO2 + O3,1.1727179350438185e-24
21.5,21,46.03390108844592,stratosphere,production,HO2 + O2 -> OH + O3,5.390080402383099e-38
21.5,21,46.03390108844592,stratosphere,production,NO2 + O2 -> NO + O3,6.235850166041139e-45
21.5,21,46.03390108844592,stratosphere,production,OH + O2 -> H + O3,1.6812592764394733e-77
21.5,21,46.03390108844592,stratosphere,production,O2 + O2 -> O + O3,9.432717044138477e-91
21.5,21,46.03390108844592,stratosphere,production,SO3 + O2 -> SO2 + O3,1.0349920859029854e-75
21.5,21,46.03390108844592,stratosphere,production,ClO + O2 -> Cl + O3,4.4546635756269417e-63
21.5,21,46.03390108844592,stratosphere,production,HSO + O2 -> HS + O3,1.6071066444446054e-77
21.5,21,46.03390108844592,stratosphere,production,SO + O2 -> S + O3,1.0544358931562308e-105
21.5,21,46.03390108844592,stratosphere,production,O2 + O2 -> O1D + O3,8.952178645516985e-136
21.5,21,46.03390108844592,stratosphere,production,SO2 + O2 -> SO + O3,2.7996420149279333e-112
21.5,21,46.03390108844592,stratosphere,production,H2CO + HO2 -> CH3 + O3,3.910505006249147e-102
21.5,21,46.03390108844592,stratosphere,production,OCS + O2 -> CS + O3,4.5792193664972595e-144
21.5,21,46.03390108844592,stratosphere,loss,O3 + hv -> O + O2,548989220.9570227
21.5,21,46.03390108844592,stratosphere,loss,O3 + hv -> O1D + O2,245559513.90995172
21.5,21,46.03390108844592,stratosphere,loss,NO + O3 -> NO2 + O2,893640.4512298759
21.5,21,46.03390108844592,stratosphere,loss,OH + O3 -> HO2 + O2,93439.51975333631
21.5,21,46.03390108844592,stratosphere,loss,H + O3 -> OH + O2,262.8973495808467
21.5,21,46.03390108844592,stratosphere,loss,O + O3 -> O2 + O2,24857.667466007544
21.5,21,46.03390108844592,stratosphere,loss,O3 + M -> O + O2 + M,3.249513711072582e-05
21.5,21,46.03390108844592,stratosphere,loss,O1D + O3 -> O2 + O2,819.9396479000256
21.5,21,46.03390108844592,stratosphere,loss,CH3 + O3 -> H2CO + HO2,184.7372977920181
21.5,21,46.03390108844592,stratosphere,loss,NO2 + O3 -> NO3 + O2,169.42204941740917
21.5,21,46.03390108844592,stratosphere,loss,HS + O3 -> HSO + O2,0.2654128313491298
21.5,21,46.03390108844592,stratosphere,loss,SO + O3 -> SO2 + O2,6.685075020554371
21.5,21,46.03390108844592,stratosphere,loss,S + O3 -> SO + O2,0.011152093101088596
21.5,21,46.03390108844592,stratosphere,loss,SO2 + O3 -> SO3 + O2,4.849573793866318e-10
21.5,21,46.03390108844592,stratosphere,loss,Cl + O3 -> ClO + O2,2.6707654029023537e-21
21.5,21,46.03390108844592,stratosphere,loss,CS + O3 -> OCS + O2,1.150847294744779e-22
22.5,22,38.883407665375834,stratosphere,production,O + O2 + M -> O3 + M,572308454.1633029
22.5,22,38.883407665375834,stratosphere,production,NO3 + O2 -> NO2 + O3,1.0652214244683823e-24
22.5,22,38.883407665375834,stratosphere,production,HO2 + O2 -> OH + O3,5.288352136794076e-38
22.5,22,38.883407665375834,stratosphere,production,NO2 + O2 -> NO + O3,5.04819171862409e-45
22.5,22,38.883407665375834,stratosphere,production,OH + O2 -> H + O3,2.4787451430795614e-77
22.5,22,38.883407665375834,stratosphere,production,O2 + O2 -> O + O3,1.0435061872376418e-90
22.5,22,38.883407665375834,stratosphere,production,SO3 + O2 -> SO2 + O3,7.089316996619773e-76
22.5,22,38.883407665375834,stratosphere,production,ClO + O2 -> Cl + O3,3.785581004701279e-63
22.5,22,38.883407665375834,stratosphere,production,HSO + O2 -> HS + O3,6.306723311071704e-78
22.5,22,38.883407665375834,stratosphere,production,SO + O2 -> S + O3,6.41126387712622e-106
22.5,22,38.883407665375834,stratosphere,production,O2 + O2 -> O1D + O3,1.1939199545222126e-135
22.5,22,38.883407665375834,stratosphere,production,SO2 + O2 -> SO + O3,1.3610441994206044e-112
22.5,22,38.883407665375834,stratosphere,production,H2CO + HO2 -> CH3 + O3,5.283875970828194e-102
22.5,22,38.883407665375834,stratosphere,production,OCS + O2 -> CS + O3,2.1203256199139393e-144
22.5,22,38.883407665375834,stratosphere,loss,O3 + hv -> O + O2,501055586.77984065
22.5,22,38.883407665375834,stratosphere,loss,O3 + hv -> O1D + O2,260876471.16384718
22.5,22,38.883407665375834,stratosphere,loss,NO + O3 -> NO2 + O2,723974.5223800782
22.5,22,38.883407665375834,stratosphere,loss,OH + O3 -> HO2 + O2,104603.89281185555
22.5,22,38.883407665375834,stratosphere,loss,H + O3 -> OH + O2,377.67228840244564
22.5,22,38.883407665375834,stratosphere,loss,O + O3 -> O2 + O2,30966.877328382012
22.5,22,38.883407665375834,stratosphere,loss,O3 + M -> O + O2 + M,2.756583932197935e-05
22.5,22,38.883407665375834,stratosphere,loss,O1D + O3 -> O2 + O2,933.884771549272
22.5,22,38.883407665375834,stratosphere,loss,CH3 + O3 -> H2CO + HO2,229.74542920679824
22.5,22,38.883407665375834,stratosphere,loss,NO2 + O3 -> NO3 + O2,119.61822197396197
22.5,22,38.883407665375834,stratosphere,loss,HS + O3 -> HSO + O2,0.11973653931863297
22.5,22,38.883407665375834,stratosphere,loss,SO + O3 -> SO2 + O2,2.8097268089759253
22.5,22,38.883407665375834,stratosphere,loss,S + O3 -> SO + O2,0.004825279629823987
22.5,22,38.883407665375834,stratosphere,loss,SO2 + O3 -> SO3 + O2,1.6449017708194825e-10
22.5,22,38.883407665375834,stratosphere,loss,Cl + O3 -> ClO + O2,2.0382975412325576e-21
22.5,22,38.883407665375834,stratosphere,loss,CS + O3 -> OCS + O2,9.422553853004915e-23
23.5,23,32.85748539639765,stratosphere,production,O + O2 + M -> O3 + M,553161187.4698126
23.5,23,32.85748539639765,stratosphere,production,NO3 + O2 -> NO2 + O3,1.0107974532055668e-24
23.5,23,32.85748539639765,stratosphere,production,HO2 + O2 -> OH + O3,5.68062251183493e-38
23.5,23,32.85748539639765,stratosphere,production,NO2 + O2 -> NO + O3,4.303198166856649e-45
23.5,23,32.85748539639765,stratosphere,production,OH + O2 -> H + O3,4.479515821846215e-77
23.5,23,32.85748539639765,stratosphere,production,O2 + O2 -> O + O3,1.4613232061517079e-90
23.5,23,32.85748539639765,stratosphere,production,SO3 + O2 -> SO2 + O3,5.549483792164518e-76
23.5,23,32.85748539639765,stratosphere,production,ClO + O2 -> Cl + O3,3.5358513814848117e-63
23.5,23,32.85748539639765,stratosphere,production,HSO + O2 -> HS + O3,2.6115817908248666e-78
23.5,23,32.85748539639765,stratosphere,production,SO + O2 -> S + O3,4.496001264401625e-106
23.5,23,32.85748539639765,stratosphere,production,O2 + O2 -> O1D + O3,2.227838346058346e-135
23.5,23,32.85748539639765,stratosphere,production,SO2 + O2 -> SO + O3,7.958955610858567e-113
23.5,23,32.85748539639765,stratosphere,production,H2CO + HO2 -> CH3 + O3,8.842780260267614e-102
23.5,23,32.85748539639765,stratosphere,production,OCS + O2 -> CS + O3,1.2665914548667772e-144
23.5,23,32.85748539639765,stratosphere,loss,O3 + hv -> O + O2,457863911.5214944
23.5,23,32.85748539639765,stratosphere,loss,O3 + hv -> O1D + O2,278728209.0661216
23.5,23,32.85748539639765,stratosphere,loss,NO + O3 -> NO2 + O2,557177.4008864642
23.5,23,32.85748539639765,stratosphere,loss,OH + O3 -> HO2 + O2,119418.27793776088
23.5,23,32.85748539639765,stratosphere,loss,H + O3 -> OH + O2,563.7214108436486
23.5,23,32.85748539639765,stratosphere,loss,O + O3 -> O2 + O2,39395.084817164585
23.5,23,32.85748539639765,stratosphere,loss,O3 + M -> O + O2 + M,2.4755831260051362e-05
23.5,23,32.85748539639765,stratosphere,loss,O1D + O3 -> O2 + O2,1070.5597494065785
23.5,23,32.85748539639765,stratosphere,loss,CH3 + O3 -> H2CO + HO2,289.6293672255081
23.5,23,32.85748539639765,stratosphere,loss,NO2 + O3 -> NO3 + O2,79.68120079167622
23.5,23,32.85748539639765,stratosphere,loss,HS + O3 -> HSO + O2,0.048332721971547844
23.5,23,32.85748539639765,stratosphere,loss,SO + O3 -> SO2 + O2,1.0775721734673152
23.5,23,32.85748539639765,stratosphere,loss,S + O3 -> SO + O2,0.0019166276001687042
23.5,23,32.85748539639765,stratosphere,loss,SO2 + O3 -> SO3 + O2,5.33599366183406e-11
23.5,23,32.85748539639765,stratosphere,loss,Cl + O3 -> ClO + O2,1.556233658947382e-21
23.5,23,32.85748539639765,stratosphere,loss,CS + O3 -> OCS + O2,6.955906114015874e-23
24.5,24,27.778870985113453,stratosphere,production,O + O2 + M -> O3 + M,539694812.8459966
24.5,24,27.778870985113453,stratosphere,production,NO3 + O2 -> NO2 + O3,8.753380765195819e-25
24.5,24,27.778870985113453,stratosphere,production,HO2 + O2 -> OH + O3,5.706760024699297e-38
24.5,24,27.778870985113453,stratosphere,production,NO2 + O2 -> NO + O3,3.238485188560617e-45
24.5,24,27.778870985113453,stratosphere,production,OH + O2 -> H + O3,7.583462915508857e-77
24.5,24,27.778870985113453,stratosphere,production,O2 + O2 -> O + O3,1.8517029134805955e-90
24.5,24,27.778870985113453,stratosphere,production,SO3 + O2 -> SO2 + O3,3.7027145700875374e-76
24.5,24,27.778870985113453,stratosphere,production,ClO + O2 -> Cl + O3,3.1753307728985696e-63
24.5,24,27.778870985113453,stratosphere,production,HSO + O2 -> HS + O3,8.795711480700785e-79
24.5,24,27.778870985113453,stratosphere,production,SO + O2 -> S + O3,2.588048953310237e-106
24.5,24,27.778870985113453,stratosphere,production,O2 + O2 -> O1D + O3,3.6032051914955095e-135
24.5,24,27.778870985113453,stratosphere,production,SO2 + O2 -> SO + O3,3.8387375828196696e-113
24.5,24,27.778870985113453,stratosphere,production,H2CO + HO2 -> CH3 + O3,1.3012251572221815e-101
24.5,24,27.778870985113453,stratosphere,production,OCS + O2 -> CS + O3,6.123729777308121e-145
24.5,24,27.778870985113453,stratosphere,loss,O3 + hv -> O + O2,419059273.4439211
24.5,24,27.778870985113453,stratosphere,loss,O3 + hv -> O1D + O2,299726511.8950016
24.5,24,27.778870985113453,stratosphere,loss,NO + O3 -> NO2 + O2,407434.8133583885
24.5,24,27.778870985113453,stratosphere,loss,OH + O3 -> HO2 + O2,138051.9760533591
24.5,24,27.778870985113453,stratosphere,loss,H + O3 -> OH + O2,875.0250580950652
24.5,24,27.778870985113453,stratosphere,loss,O + O3 -> O2 + O2,50218.42161031457
24.5,24,27.778870985113453,stratosphere,loss,O3 + M -> O + O2 + M,2.169668150941324e-05
24.5,24,27.778870985113453,stratosphere,loss,O1D + O3 -> O2 + O2,1233.2889857252476
24.5,24,27.778870985113453,stratosphere,loss,CH3 + O3 -> H2CO + HO2,363.8896963932509
24.5,24,27.778870985113453,stratosphere,loss,NO2 + O3 -> NO3 + O2,49.06573331332011
24.5,24,27.778870985113453,stratosphere,loss,HS + O3 -> HSO + O2,0.017218852570264793
24.5,24,27.778870985113453,stratosphere,loss,SO + O3 -> SO2 + O2,0.3747010070482915
24.5,24,27.778870985113453,stratosphere,loss,S + O3 -> SO + O2,0.0006973079286165637
24.5,24,27.778870985113453,stratosphere,loss,SO2 + O3 -> SO3 + O2,1.5736386572481136e-11
24.5,24,27.778870985113453,stratosphere,loss,Cl + O3 -> ClO + O2,1.188113486677107e-21
24.5,24,27.778870985113453,stratosphere,loss,CS + O3 -> OCS + O2,4.5297587354683397e-23
25.5,25,23.49297606625476,stratosphere,production,O + O2 + M -> O3 + M,530578187.24818087
25.5,25,23.49297606625476,stratosphere,production,NO3 + O2 -> NO2 + O3,6.19096656307441e-25
25.5,25,23.49297606625476,stratosphere,production,HO2 + O2 -> OH + O3,4.82177274231404e-38
25.5,25,23.49297606625476,stratosphere,production,NO2 + O2 -> NO + O3,1.900753136417377e-45
25.5,25,23.49297606625476,stratosphere,production,OH + O2 -> H + O3,9.92992104211475e-77
25.5,25,23.49297606625476,stratosphere,production,O2 + O2 -> O + O3,1.6769042038288955e-90
25.5,25,23.49297606625476,stratosphere,production,SO3 + O2 -> SO2 + O3,1.7092614431246854e-76
25.5,25,23.49297606625476,stratosphere,production,ClO + O2 -> Cl + O3,2.495106417709245e-63
25.5,25,23.49297606625476,stratosphere,production,HSO + O2 -> HS + O3,2.0206695400983284e-79
25.5,25,23.49297606625476,stratosphere,production,SO + O2 -> S + O3,9.639246047855337e-107
25.5,25,23.49297606625476,stratosphere,production,O2 + O2 -> O1D + O3,3.608520883259811e-135
25.5,25,23.49297606625476,stratosphere,production,SO2 + O2 -> SO + O3,1.1705340091904948e-113
25.5,25,23.49297606625476,stratosphere,production,H2CO + HO2 -> CH3 + O3,1.3273717564301432e-101
25.5,25,23.49297606625476,stratosphere,production,OCS + O2 -> CS + O3,1.7225812364173988e-145
25.5,25,23.49297606625476,stratosphere,loss,O3 + hv -> O + O2,383001126.11001074
25.5,25,23.49297606625476,stratosphere,loss,O3 + hv -> O1D + O2,323741141.62297195
25.5,25,23.49297606625476,stratosphere,loss,NO + O3 -> NO2 + O2,282783.16421413934
25.5,25,23.49297606625476,stratosphere,loss,OH + O3 -> HO2 + O2,159785.67551957633
25.5,25,23.49297606625476,stratosphere,loss,H + O3 -> OH + O2,1412.6980877863034
25.5,25,23.49297606625476,stratosphere,loss,O + O3 -> O2 + O2,62920.14302375748
25.5,25,23.49297606625476,stratosphere,loss,O3 + M -> O + O2 + M,1.7460801011585808e-05
25.5,25,23.49297606625476,stratosphere,loss,O1D + O3 -> O2 + O2,1417.6619460286722
25.5,25,23.49297606625476,stratosphere,loss,CH3 + O3 -> H2CO + HO2,448.1541261511921
25.5,25,23.49297606625476,stratosphere,loss,NO2 + O3 -> NO3 + O2,27.426148408910922
25.5,25,23.49297606625476,stratosphere,loss,HS + O3 -> HSO + O2,0.005386016487091325
25.5,25,23.49297606625476,stratosphere,loss,SO + O3 -> SO2 + O2,0.11727789984190815
25.5,25,23.49297606625476,stratosphere,loss,S + O3 -> SO + O2,0.0002309445999463881
25.5,25,23.49297606625476,stratosphere,loss,SO2 + O3 -> SO3 + O2,4.052589945619548e-12
25.5,25,23.49297606625476,stratosphere,loss,Cl + O3 -> ClO + O2,9.032610164174328e-22
25.5,25,23.49297606625476,stratosphere,loss,CS + O3 -> OCS + O2,2.5640397054160685e-23
26.5,26,19.869658301598268,stratosphere,production,O + O2 + M -> O3 + M,523947561.264469
26.5,26,19.869658301598268,stratosphere,production,NO3 + O2 -> NO2 + O3,3.3015488214971757e-25
26.5,26,19.869658301598268,stratosphere,production,HO2 + O2 -> OH + O3,3.2214402120886055e-38
26.5,26,19.869658301598268,stratosphere,production,NO2 + O2 -> NO + O3,8.062320757460348e-46
26.5,26,19.869658301598268,stratosphere,production,OH + O2 -> H + O3,8.91611532572009e-77
26.5,26,19.869658301598268,stratosphere,production,O2 + O2 -> O + O3,9.386573909218555e-91
26.5,26,19.869658301598268,stratosphere,production,SO3 + O2 -> SO2 + O3,4.768262262460346e-77
26.5,26,19.869658301598268,stratosphere,production,ClO + O2 -> Cl + O3,1.6185351474746978e-63
26.5,26,19.869658301598268,stratosphere,production,HSO + O2 -> HS + O3,2.839999248198661e-80
26.5,26,19.869658301598268,stratosphere,production,SO + O2 -> S + O3,1.9976220852581198e-107
26.5,26,19.869658301598268,stratosphere,production,O2 + O2 -> O1D + O3,1.8196473137196687e-135
26.5,26,19.869658301598268,stratosphere,production,SO2 + O2 -> SO + O3,1.9059530227827684e-114
26.5,26,19.869658301598268,stratosphere,production,H2CO + HO2 -> CH3 + O3,8.131198798114208e-102
26.5,26,19.869658301598268,stratosphere,production,OCS + O2 -> CS + O3,2.2850165452482416e-146
26.5,26,19.869658301598268,stratosphere,loss,O3 + hv -> O + O2,347838622.1356521
26.5,26,19.869658301598268,stratosphere,loss,O3 + hv -> O1D + O2,350129179.37927246
26.5,26,19.869658301598268,stratosphere,loss,NO + O3 -> NO2 + O2,185813.83235557203
26.5,26,19.869658301598268,stratosphere,loss,OH + O3 -> HO2 + O2,182711.61771013425
26.5,26,19.869658301598268,stratosphere,loss,H + O3 -> OH + O2,2361.70785119566
26.5,26,19.869658301598268,stratosphere,loss,O + O3 -> O2 + O2,76156.60244167515
26.5,26,19.869658301598268,stratosphere,loss,O3 + M -> O + O2 + M,1.238091635768134e-05
26.5,26,19.869658301598268,stratosphere,loss,O1D + O3 -> O2 + O2,1610.164667041631
26.5,26,19.869658301598268,stratosphere,loss,CH3 + O3 -> H2CO + HO2,533.4466561233327
26.5,26,19.869658301598268,stratosphere,loss,NO2 + O3 -> NO3 + O2,13.711923224380886
26.5,26,19.869658301598268,stratosphere,loss,HS + O3 -> HSO + O2,0.0014706070832642211
26.5,26,19.869658301598268,stratosphere,loss,SO + O3 -> SO2 + O2,0.032618488247752035
26.5,26,19.869658301598268,stratosphere,loss,S + O3 -> SO + O2,6.871671009483348e-05
26.5,26,19.869658301598268,stratosphere,loss,SO2 + O3 -> SO3 + O2,8.810195617117369e-13
26.5,26,19.869658301598268,stratosphere,loss,Cl + O3 -> ClO + O2,6.794167507100874e-22
26.5,26,19.869658301598268,stratosphere,loss,CS + O3 -> OCS + O2,1.2445197917947131e-23
27.5,27,16.799647185549833,stratosphere,production,O + O2 + M -> O3 + M,518656347.2785096
27.5,27,16.799647185549833,stratosphere,production,NO3 + O2 -> NO2 + O3,1.2224977860910578e-25
27.5,27,16.799647185549833,stratosphere,production,HO2 + O2 -> OH + O3,1.5555067030662284e-38
27.5,27,16.799647185549833,stratosphere,production,NO2 + O2 -> NO + O3,2.2191111965834874e-46
27.5,27,16.799647185549833,stratosphere,production,OH + O2 -> H + O3,4.616077550722923e-77
27.5,27,16.799647185549833,stratosphere,production,O2 + O2 -> O + O3,2.6261530079908837e-91
27.5,27,16.799647185549833,stratosphere,production,SO3 + O2 -> SO2 + O3,6.632265354920079e-78
27.5,27,16.799647185549833,stratosphere,production,ClO + O2 -> Cl + O3,7.959711835701129e-64
27.5,27,16.799647185549833,stratosphere,production,HSO + O2 -> HS + O3,2.0777745649557927e-81
27.5,27,16.799647185549833,stratosphere,production,SO + O2 -> S + O3,1.847433932750105e-108
27.5,27,16.799647185549833,stratosphere,production,O2 + O2 -> O1D + O3,3.413975945390324e-136
27.5,27,16.799647185549833,stratosphere,production,SO2 + O2 -> SO + O3,1.2979910682907255e-115
27.5,27,16.799647185549833,stratosphere,production,H2CO + HO2 -> CH3 + O3,2.4348337423088006e-102
27.5,27,16.799647185549833,stratosphere,production,OCS + O2 -> CS + O3,1.0581495641515555e-147
27.5,27,16.799647185549833,stratosphere,loss,O3 + hv -> O + O2,312428626.1584077
27.5,27,16.799647185549833,stratosphere,loss,O3 + hv -> O1D + O2,378524260.6345601
27.5,27,16.799647185549833,stratosphere,loss,NO + O3 -> NO2 + O2,115302.76377944023
27.5,27,16.799647185549833,stratosphere,loss,OH + O3 -> HO2 + O2,203444.07231256863
27.5,27,16.799647185549833,stratosphere,loss,H + O3 -> OH + O2,4027.5828529274763
27.5,27,16.799647185549833,stratosphere,loss,O + O3 -> O2 + O2,87246.25247564941
27.5,27,16.799647185549833,stratosphere,loss,O3 + M -> O + O2 + M,7.297428028015578e-06
27.5,27,16.799647185549833,stratosphere,loss,O1D + O3 -> O2 + O2,1790.4313520881772
27.5,27,16.799647185549833,stratosphere,loss,CH3 + O3 -> H2CO + HO2,605.0826548009892
27.5,27,16.799647185549833,stratosphere,loss,NO2 + O3 -> NO3 + O2,6.0366578607386145
27.5,27,16.799647185549833,stratosphere,loss,HS + O3 -> HSO + O2,0.0003476034926476441
27.5,27,16.799647185549833,stratosphere,loss,SO + O3 -> SO2 + O2,0.00793019544865613
27.5,27,16.799647185549833,stratosphere,loss,S + O3 -> SO + O2,1.8107786546450748e-05
27.5,27,16.799647185549833,stratosphere,loss,SO2 + O3 -> SO3 + O2,1.546281981439887e-13
27.5,27,16.799647185549833,stratosphere,loss,Cl + O3 -> ClO + O2,5.019757502168428e-22
27.5,27,16.799647185549833,stratosphere,loss,CS + O3 -> OCS + O2,5.1168832768750545e-24
28.5,28,14.192974955751753,stratosphere,production,O + O2 + M -> O3 + M,513647432.7256048
28.5,28,14.192974955751753,stratosphere,production,NO3 + O2 -> NO2 + O3,3.264494923158402e-26
28.5,28,14.192974955751753,stratosphere,production,HO2 + O2 -> OH + O3,5.6334433485642374e-39
28.5,28,14.192974955751753,stratosphere,production,NO2 + O2 -> NO + O3,4.177949367966855e-47
28.5,28,14.192974955751753,stratosphere,production,OH + O2 -> H + O3,1.4612529924065959e-77
28.5,28,14.192974955751753,stratosphere,production,O2 + O2 -> O + O3,3.968380923780885e-92
28.5,28,14.192974955751753,stratosphere,production,SO3 + O2 -> SO2 + O3,4.923732482515044e-79
28.5,28,14.192974955751753,stratosphere,production,ClO + O2 -> Cl + O3,3.0590528531846105e-64
28.5,28,14.192974955751753,stratosphere,production,HSO + O2 -> HS + O3,8.326495470911499e-83
28.5,28,14.192974955751753,stratosphere,production,SO + O2 -> S + O3,8.217702614842235e-110
28.5,28,14.192974955751753,stratosphere,production,O2 + O2 -> O1D + O3,2.662696761707289e-137
28.5,28,14.192974955751753,stratosphere,production,SO2 + O2 -> SO + O3,4.0413786902469994e-117
28.5,28,14.192974955751753,stratosphere,production,H2CO + HO2 -> CH3 + O3,3.8622031817868853e-103
28.5,28,14.192974955751753,stratosphere,production,OCS + O2 -> CS + O3,1.9082231784631123e-149
28.5,28,14.192974955751753,stratosphere,loss,O3 + hv -> O + O2,275949442.70971155
28.5,28,14.192974955751753,stratosphere,loss,O3 + hv -> O1D + O2,408349757.832561
28.5,28,14.192974955751753,stratosphere,loss,NO + O3 -> NO2 + O2,68136.75223864247
28.5,28,14.192974955751753,stratosphere,loss,OH + O3 -> HO2 + O2,218201.39525936046
28.5,28,14.192974955751753,stratosphere,loss,H + O3 -> OH + O2,6907.249003713758
28.5,28,14.192974955751753,stratosphere,loss,O + O3 -> O2 + O2,94116.3800775441
28.5,28,14.192974955751753,stratosphere,loss,O3 + M -> O + O2 + M,3.6098648861802273e-06
28.5,28,14.192974955751753,stratosphere,loss,O1D + O3 -> O2 + O2,1930.4286697459397
28.5,28,14.192974955751753,stratosphere,loss,CH3 + O3 -> H2CO + HO2,652.8672108343608
28.5,28,14.192974955751753,stratosphere,loss,NO2 + O3 -> NO3 + O2,2.358718448328483
28.5,28,14.192974955751753,stratosphere,loss,HS + O3 -> HSO + O2,7.055172724840472e-05
28.5,28,14.192974955751753,stratosphere,loss,SO + O3 -> SO2 + O2,0.0016661646359439975
28.5,28,14.192974955751753,stratosphere,loss,S + O3 -> SO + O2,4.1966519569714915e-06
28.5,28,14.192974955751753,stratosphere,loss,SO2 + O3 -> SO3 + O2,2.2005640048712708e-14
28.5,28,14.192974955751753,stratosphere,loss,Cl + O3 -> ClO + O2,3.6094699518224057e-22
28.5,28,14.192974955751753,stratosphere,loss,CS + O3 -> OCS + O2,1.790322553450681e-24
29.5,29,11.97646258173024,stratosphere,production,O + O2 + M -> O3 + M,509049828.23167604
29.5,29,11.97646258173024,stratosphere,production,NO3 + O2 -> NO2 + O3,6.466515416033895e-27
29.5,29,11.97646258173024,stratosphere,production,HO2 + O2 -> OH + O3,1.5312791709147192e-39
29.5,29,11.97646258173024,stratosphere,production,NO2 + O2 -> NO + O3,5.4182551960407234e-48
29.5,29,11.97646258173024,stratosphere,production,OH + O2 -> H + O3,2.7931976679050407e-78
29.5,29,11.97646258173024,stratosphere,production,O2 + O2 -> O + O3,3.208367199115304e-93
29.5,29,11.97646258173024,stratosphere,production,SO3 + O2 -> SO2 + O3,1.9099785947890253e-80
29.5,29,11.97646258173024,stratosphere,production,ClO + O2 -> Cl + O3,9.14755608284704e-65
29.5,29,11.97646258173024,stratosphere,production,HSO + O2 -> HS + O3,1.7607555986332458e-84
29.5,29,11.97646258173024,stratosphere,production,SO + O2 -> S + O3,1.7009517499607296e-111
29.5,29,11.97646258173024,stratosphere,production,O2 + O2 -> O1D + O3,8.520903623340822e-139
29.5,29,11.97646258173024,stratosphere,production,SO2 + O2 -> SO + O3,5.633059629807259e-119
29.5,29,11.97646258173024,stratosphere,production,H2CO + HO2 -> CH3 + O3,3.2354116105286683e-104
29.5,29,11.97646258173024,stratosphere,production,OCS + O2 -> CS + O3,1.3103105016214458e-151
29.5,29,11.97646258173024,stratosphere,loss,O3 + hv -> O + O2,239157792.03154036
29.5,29,11.97646258173024,stratosphere,loss,O3 + hv -> O1D + O2,439043718.7782846
29.5,29,11.97646258173024,stratosphere,loss,NO + O3 -> NO2 + O2,38574.6522228644
29.5,29,11.97646258173024,stratosphere,loss,OH + O3 -> HO2 + O2,222754.2970789082
29.5,29,11.97646258173024,stratosphere,loss,H + O3 -> OH + O2,11682.352853966953
29.5,29,11.97646258173024,stratosphere,loss,O + O3 -> O2 + O2,95050.92957660793
29.5,29,11.97646258173024,stratosphere,loss,O3 + M -> O + O2 + M,1.4850352819839185e-06
29.5,29,11.97646258173024,stratosphere,loss,O1D + O3 -> O2 + O2,2003.3178973777217
29.5,29,11.97646258173024,stratosphere,loss,CH3 + O3 -> H2CO + HO2,665.8088181301873
29.5,29,11.97646258173024,stratosphere,loss,NO2 + O3 -> NO3 + O2,0.8219579404897018
29.5,29,11.97646258173024,stratosphere,loss,HS + O3 -> HSO + O2,1.1915072677521169e-05
29.5,29,11.97646258173024,stratosphere,loss,SO + O3 -> SO2 + O2,0.00029338455262422616
29.5,29,11.97646258173024,stratosphere,loss,S + O3 -> SO + O2,8.391061681823307e-07
29.5,29,11.97646258173024,stratosphere,loss,SO2 + O3 -> SO3 + O2,2.4919767508004368e-15
29.5,29,11.97646258173024,stratosphere,loss,Cl + O3 -> ClO + O2,2.508201543544234e-22
29.5,29,11.97646258173024,stratosphere,loss,CS + O3 -> OCS + O2,5.228524815214659e-25
30.5,30,10.089857638263314,stratosphere,production,O + O2 + M -> O3 + M,502450378.471993
30.5,30,10.089857638263314,stratosphere,production,NO3 + O2 -> NO2 + O3,9.903923062160891e-28
30.5,30,10.089857638263314,stratosphere,production,HO2 + O2 -> OH + O3,3.1633099421541927e-40
30.5,30,10.089857638263314,stratosphere,production,NO2 + O2 -> NO + O3,4.959241746979087e-49
30.5,30,10.089857638263314,stratosphere,production,OH + O2 -> H + O3,3.2063975557426507e-79
30.5,30,10.089857638263314,stratosphere,production,O2 + O2 -> O + O3,1.4034390398907915e-94
30.5,30,10.089857638263314,stratosphere,production,SO3 + O2 -> SO2 + O3,3.887525003536792e-82
30.5,30,10.089857638263314,stratosphere,production,ClO + O2 -> Cl + O3,2.1366342196444232e-65
30.5,30,10.089857638263314,stratosphere,production,HSO + O2 -> HS + O3,1.9520840229560402e-86
30.5,30,10.089857638263314,stratosphere,production,SO + O2 -> S + O3,1.6371710961491957e-113
30.5,30,10.089857638263314,stratosphere,production,O2 + O2 -> O1D + O3,1.1372386480317214e-140
30.5,30,10.089857638263314,stratosphere,production,SO2 + O2 -> SO + O3,3.574817580289298e-121
30.5,30,10.089857638263314,stratosphere,production,H2CO + HO2 -> CH3 + O3,1.4599074793496286e-105
30.5,30,10.089857638263314,stratosphere,production,OCS + O2 -> CS + O3,3.478864115509043e-154
30.5,30,10.089857638263314,stratosphere,loss,O3 + hv -> O + O2,203350248.4365296
30.5,30,10.089857638263314,stratosphere,loss,O3 + hv -> O1D + O2,466102614.5644029
30.5,30,10.089857638263314,stratosphere,loss,NO + O3 -> NO2 + O2,21067.224566198205
30.5,30,10.089857638263314,stratosphere,loss,OH + O3 -> HO2 + O2,212472.8697952553
30.5,30,10.089857638263314,stratosphere,loss,H + O3 -> OH + O2,18901.4451829125
30.5,30,10.089857638263314,stratosphere,loss,O + O3 -> O2 + O2,89239.65194256546
30.5,30,10.089857638263314,stratosphere,loss,O3 + M -> O + O2 + M,5.071731166052112e-07
30.5,30,10.089857638263314,stratosphere,loss,O1D + O3 -> O2 + O2,1975.479247055662
30.5,30,10.089857638263314,stratosphere,loss,CH3 + O3 -> H2CO + HO2,632.6215898262299
30.5,30,10.089857638263314,stratosphere,loss,NO2 + O3 -> NO3 + O2,0.25932190296385516
30.5,30,10.089857638263314,stratosphere,loss,HS + O3 -> HSO + O2,1.6375015744298838e-06
30.5,30,10.089857638263314,stratosphere,loss,SO + O3 -> SO2 + O2,4.259319676208595e-05
30.5,30,10.089857638263314,stratosphere,loss,S + O3 -> SO + O2,1.439161877992336e-07
30.5,30,10.089857638263314,stratosphere,loss,SO2 + O3 -> SO3 + O2,2.248911905624335e-16
30.5,30,10.089857638263314,stratosphere,loss,Cl + O3 -> ClO + O2,1.6767219230027048e-22
30.5,30,10.089857638263314,stratosphere,loss,CS + O3 -> OCS + O2,1.2455172750405323e-25
31.5,31,8.483356807319163,stratosphere,production,O + O2 + M -> O3 + M,488193029.9434778
31.5,31,8.483356807319163,stratosphere,production,NO3 + O2 -> NO2 + O3,1.2320651757420632e-28
31.5,31,8.483356807319163,stratosphere,production,HO2 + O2 -> OH + O3,5.089188101892793e-41
31.5,31,8.483356807319163,stratosphere,production,NO2 + O2 -> NO + O3,3.346597411490118e-50
31.5,31,8.483356807319163,stratosphere,production,OH + O2 -> H + O3,2.212330911413605e-80
31.5,31,8.483356807319163,stratosphere,production,O2 + O2 -> O + O3,3.4268769750610036e-96
31.5,31,8.483356807319163,stratosphere,production,SO3 + O2 -> SO2 + O3,4.392685838886279e-84
31.5,31,8.483356807319163,stratosphere,production,ClO + O2 -> Cl + O3,3.9446327859043807e-66
31.5,31,8.483356807319163,stratosphere,production,HSO + O2 -> HS + O3,1.2158151107955763e-88
31.5,31,8.483356807319163,stratosphere,production,SO + O2 -> S + O3,7.837470363088837e-116
31.5,31,8.483356807319163,stratosphere,production,O2 + O2 -> O1D + O3,6.62100022260289e-143
31.5,31,8.483356807319163,stratosphere,production,SO2 + O2 -> SO + O3,1.1168094196775147e-123
31.5,31,8.483356807319163,stratosphere,production,H2CO + HO2 -> CH3 + O3,3.71068295784632e-107
31.5,31,8.483356807319163,stratosphere,production,OCS + O2 -> CS + O3,3.834621622764275e-157
31.5,31,8.483356807319163,stratosphere,loss,O3 + hv -> O + O2,170095981.4773995
31.5,31,8.483356807319163,stratosphere,loss,O3 + hv -> O1D + O2,480421710.5632332
31.5,31,8.483356807319163,stratosphere,loss,NO + O3 -> NO2 + O2,11195.675820479535
31.5,31,8.483356807319163,stratosphere,loss,OH + O3 -> HO2 + O2,185505.26710493004
31.5,31,8.483356807319163,stratosphere,loss,H + O3 -> OH + O2,28136.74327918728
31.5,31,8.483356807319163,stratosphere,loss,O + O3 -> O2 + O2,77459.87266907572
31.5,31,8.483356807319163,stratosphere,loss,O3 + M -> O + O2 + M,1.4529007246738626e-07
31.5,31,8.483356807319163,stratosphere,loss,O1D + O3 -> O2 + O2,1827.0093926463649
31.5,31,8.483356807319163,stratosphere,loss,CH3 + O3 -> H2CO + HO2,549.2945683685667
31.5,31,8.483356807319163,stratosphere,loss,NO2 + O3 -> NO3 + O2,0.07650490507083438
31.5,31,8.483356807319163,stratosphere,loss,HS + O3 -> HSO + O2,1.8864336783234723e-07
31.5,31,8.483356807319163,stratosphere,loss,SO + O3 -> SO2 + O2,5.300658394119236e-06
31.5,31,8.483356807319163,stratosphere,loss,S + O3 -> SO + O2,2.1935275523762766e-08
31.5,31,8.483356807319163,stratosphere,loss,SO2 + O3 -> SO3 + O2,1.7010895272393643e-17
31.5,31,8.483356807319163,stratosphere,loss,Cl + O3 -> ClO + O2,1.0812040919196079e-22
31.5,31,8.483356807319163,stratosphere,loss,CS + O3 -> OCS + O2,2.4244035489733825e-26
32.5,32,7.115417937263995,stratosphere,production,O + O2 + M -> O3 + M,461334458.1656429
32.5,32,7.115417937263995,stratosphere,production,NO3 + O2 -> NO2 + O3,1.2647475942127008e-29
32.5,32,7.115417937263995,stratosphere,production,HO2 + O2 -> OH + O3,6.292321843923395e-42
32.5,32,7.115417937263995,stratosphere,production,NO2 + O2 -> NO + O3,1.6642095651954376e-51
32.5,32,7.115417937263995,stratosphere,production,OH + O2 -> H + O3,8.662240349532082e-82
32.5,32,7.115417937263995,stratosphere,production,O2 + O2 -> O + O3,4.467011259433739e-98
32.5,32,7.115417937263995,stratosphere,production,SO3 + O2 -> SO2 + O3,2.7630876874852394e-86
32.5,32,7.115417937263995,stratosphere,production,ClO + O2 -> Cl + O3,5.651029372000155e-67
32.5,32,7.115417937263995,stratosphere,production,HSO + O2 -> HS + O3,4.419461065928575e-91
32.5,32,7.115417937263995,stratosphere,production,SO + O2 -> S + O3,1.8734444720104699e-118
32.5,32,7.115417937263995,stratosphere,production,O2 + O2 -> O1D + O3,1.578472819669313e-145
32.5,32,7.115417937263995,stratosphere,production,SO2 + O2 -> SO + O3,1.6957318680339433e-126
32.5,32,7.115417937263995,stratosphere,production,H2CO + HO2 -> CH3 + O3,5.14904716653975e-109
32.5,32,7.115417937263995,stratosphere,production,OCS + O2 -> CS + O3,1.6768326316683284e-160
32.5,32,7.115417937263995,stratosphere,loss,O3 + hv -> O + O2,140596480.92184946
32.5,32,7.115417937263995,stratosphere,loss,O3 + hv -> O1D + O2,474187758.5417191
32.5,32,7.115417937263995,stratosphere,loss,NO + O3 -> NO2 + O2,5801.271321612397
32.5,32,7.115417937263995,stratosphere,loss,OH + O3 -> HO2 + O2,146496.0670044176
32.5,32,7.115417937263995,stratosphere,loss,H + O3 -> OH + O2,37296.741832786276
32.5,32,7.115417937263995,stratosphere,loss,O + O3 -> O2 + O2,62008.92262196016
32.5,32,7.115417937263995,stratosphere,loss,O3 + M -> O + O2 + M,3.490518962921948e-08
32.5,32,7.115417937263995,stratosphere,loss,O1D + O3 -> O2 + O2,1580.710842120771
32.5,32,7.115417937263995,stratosphere,loss,CH3 + O3 -> H2CO + HO2,428.8478729271623
32.5,32,7.115417937263995,stratosphere,loss,NO2 + O3 -> NO3 + O2,0.021775708135050822
32.5,32,7.115417937263995,stratosphere,loss,HS + O3 -> HSO + O2,1.9190183006866794e-08
32.5,32,7.115417937263995,stratosphere,loss,SO + O3 -> SO2 + O2,5.997330614493743e-07
32.5,32,7.115417937263995,stratosphere,loss,S + O3 -> SO + O2,3.082591551707681e-09
32.5,32,7.115417937263995,stratosphere,loss,SO2 + O3 -> SO3 + O2,1.1238349907347343e-18
32.5,32,7.115417937263995,stratosphere,loss,Cl + O3 -> ClO + O2,6.795849014084045e-23
32.5,32,7.115417937263995,stratosphere,loss,CS + O3 -> OCS + O2,3.8647305898811486e-27
33.5,33,5.952236130998245,stratosphere,production,O + O2 + M -> O3 + M,420999595.035003
33.5,33,5.952236130998245,stratosphere,production,NO3 + O2 -> NO2 + O3,1.3040295849990155e-30
33.5,33,5.952236130998245,stratosphere,production,HO2 + O2 -> OH + O3,7.670119067151518e-43
33.5,33,5.952236130998245,stratosphere,production,NO2 + O2 -> NO + O3,8.428775990987903e-53
33.5,33,5.952236130998245,stratosphere,production,OH + O2 -> H + O3,3.0411805922019278e-83
33.5,33,5.952236130998245,stratosphere,production,O2 + O2 -> O + O3,5.613665369493676e-100
33.5,33,5.952236130998245,stratosphere,production,SO3 + O2 -> SO2 + O3,1.7634538857385994e-88
33.5,33,5.952236130998245,stratosphere,production,ClO + O2 -> Cl + O3,7.949838487475875e-68
33.5,33,5.952236130998245,stratosphere,production,HSO + O2 -> HS + O3,1.5854457717613714e-93
33.5,33,5.952236130998245,stratosphere,production,SO + O2 -> S + O3,4.382519199943172e-121
33.5,33,5.952236130998245,stratosphere,production,O2 + O2 -> O1D + O3,3.580398243284379e-148
33.5,33,5.952236130998245,stratosphere,production,SO2 + O2 -> SO + O3,2.5301585063133914e-129
33.5,33,5.952236130998245,stratosphere,production,H2CO + HO2 -> CH3 + O3,6.943247900416802e-111
33.5,33,5.952236130998245,stratosphere,production,OCS + O2 -> CS + O3,6.672240494700264e-164
33.5,33,5.952236130998245,stratosphere,loss,O3 + hv -> O + O2,115062271.44868594
33.5,33,5.952236130998245,stratosphere,loss,O3 + hv -> O1D + O2,446019330.713905
33.5,33,5.952236130998245,stratosphere,loss,NO + O3 -> NO2 + O2,2985.5237763076734
33.5,33,5.952236130998245,stratosphere,loss,OH + O3 -> HO2 + O2,105448.53528580055
33.5,33,5.952236130998245,stratosphere,loss,H + O3 -> OH + O2,44392.64242972943
33.5,33,5.952236130998245,stratosphere,loss,O + O3 -> O2 + O2,47638.78168316792
33.5,33,5.952236130998245,stratosphere,loss,O3 + M -> O + O2 + M,8.207652448288691e-09
33.5,33,5.952236130998245,stratosphere,loss,O1D + O3 -> O2 + O2,1292.8360177798652
33.5,33,5.952236130998245,stratosphere,loss,CH3 + O3 -> H2CO + HO2,305.1655054722795
33.5,33,5.952236130998245,stratosphere,loss,NO2 + O3 -> NO3 + O2,0.006353156996430477
33.5,33,5.952236130998245,stratosphere,loss,HS + O3 -> HSO + O2,1.8622998631115394e-09
33.5,33,5.952236130998245,stratosphere,loss,SO + O3 -> SO2 + O2,6.794181756895405e-08
33.5,33,5.952236130998245,stratosphere,loss,S + O3 -> SO + O2,4.199576906612958e-10
33.5,33,5.952236130998245,stratosphere,loss,SO2 + O3 -> SO3 + O2,7.460434226049022e-20
33.5,33,5.952236130998245,stratosphere,loss,Cl + O3 -> ClO + O2,4.213489745909162e-23
33.5,33,5.952236130998245,stratosphere,loss,CS + O3 -> OCS + O2,1.776059063555899e-27
34.5,34,4.966526523246986,stratosphere,production,O + O2 + M -> O3 + M,372938062.521588
34.5,34,4.966526523246986,stratosphere,production,NO3 + O2 -> NO2 + O3,1.5452569725227236e-31
34.5,34,4.966526523246986,stratosphere,production,HO2 + O2 -> OH + O3,1.087061238340583e-43
34.5,34,4.966526523246986,stratosphere,production,NO2 + O2 -> NO + O3,5.415287689951008e-54
34.5,34,4.966526523246986,stratosphere,production,OH + O2 -> H + O3,1.3315458491336594e-84
34.5,34,4.966526523246986,stratosphere,production,O2 + O2 -> O + O3,1.0276984338107827e-101
34.5,34,4.966526523246986,stratosphere,production,SO3 + O2 -> SO2 + O3,1.8388717971262544e-90
34.5,34,4.966526523246986,stratosphere,production,ClO + O2 -> Cl + O3,1.2951749719851629e-68
34.5,34,4.966526523246986,stratosphere,production,HSO + O2 -> HS + O3,8.309900451381717e-96
34.5,34,4.966526523246986,stratosphere,production,SO + O2 -> S + O3,1.652221262769504e-123
34.5,34,4.966526523246986,stratosphere,production,O2 + O2 -> O1D + O3,1.391856260345852e-150
34.5,34,4.966526523246986,stratosphere,production,SO2 + O2 -> SO + O3,6.196590954297889e-132
34.5,34,4.966526523246986,stratosphere,production,H2CO + HO2 -> CH3 + O3,1.3521262818107532e-112
34.5,34,4.966526523246986,stratosphere,production,OCS + O2 -> CS + O3,4.388982932637661e-167
34.5,34,4.966526523246986,stratosphere,loss,O3 + hv -> O + O2,93735771.4964156
34.5,34,4.966526523246986,stratosphere,loss,O3 + hv -> O1D + O2,403317820.3736723
34.5,34,4.966526523246986,stratosphere,loss,NO + O3 -> NO2 + O2,1559.5985530001383
34.5,34,4.966526523246986,stratosphere,loss,OH + O3 -> HO2 + O2,70645.31834377631
34.5,34,4.966526523246986,stratosphere,loss,H + O3 -> OH + O2,48887.14631050036
34.5,34,4.966526523246986,stratosphere,loss,O + O3 -> O2 + O2,36628.88309673604
34.5,34,4.966526523246986,stratosphere,loss,O3 + M -> O + O2 + M,2.1155581332685627e-09
34.5,34,4.966526523246986,stratosphere,loss,O1D + O3 -> O2 + O2,1024.020219330467
34.5,34,4.966526523246986,stratosphere,loss,CH3 + O3 -> H2CO + HO2,202.16803582391532
34.5,34,4.966526523246986,stratosphere,loss,NO2 + O3 -> NO3 + O2,0.001979241458831642
34.5,34,4.966526523246986,stratosphere,loss,HS + O3 -> HSO + O2,1.8800336992934902e-10
34.5,34,4.966526523246986,stratosphere,loss,SO + O3 -> SO2 + O2,8.531417600981845e-09
34.5,34,4.966526523246986,stratosphere,loss,S + O3 -> SO + O2,5.959561254364275e-11
34.5,34,4.966526523246986,stratosphere,loss,SO2 + O3 -> SO3 + O2,5.6363710089850936e-21
34.5,34,4.966526523246986,stratosphere,loss,Cl + O3 -> ClO + O2,2.612563543957093e-23
34.5,34,4.966526523246986,stratosphere,loss,CS + O3 -> OCS + O2,1.1219729453514266e-27
35.5,35,4.134857409727795,stratosphere,production,O + O2 + M -> O3 + M,319630077.6335191
35.5,35,4.134857409727795,stratosphere,production,NO3 + O2 -> NO2 + O3,2.2603410695901652e-32
35.5,35,4.134857409727795,stratosphere,production,HO2 + O2 -> OH + O3,1.9758131549381893e-44
35.5,35,4.134857409727795,stratosphere,production,NO2 + O2 -> NO + O3,4.9003382184869874e-55
35.5,35,4.134857409727795,stratosphere,production,OH + O2 -> H + O3,8.791108881183529e-86
35.5,35,4.134857409727795,stratosphere,production,O2 + O2 -> O + O3,3.3382643022050576e-103
35.5,35,4.134857409727795,stratosphere,production,SO3 + O2 -> SO2 + O3,3.745668113150576e-92
35.5,35,4.134857409727795,stratosphere,production,ClO + O2 -> Cl + O3,2.6451610449239593e-69
35.5,35,4.134857409727795,stratosphere,production,HSO + O2 -> HS + O3,7.850199276993158e-98
35.5,35,4.134857409727795,stratosphere,production,SO + O2 -> S + O3,1.255224834510516e-125
35.5,35,4.134857409727795,stratosphere,production,O2 + O2 -> O1D + O3,1.228028041650816e-152
35.5,35,4.134857409727795,stratosphere,production,SO2 + O2 -> SO + O3,3.17376620830963e-134
35.5,35,4.134857409727795,stratosphere,production,H2CO + HO2 -> CH3 + O3,4.6227889411896015e-114
35.5,35,4.134857409727795,stratosphere,production,OCS + O2 -> CS + O3,6.389996655323545e-170
35.5,35,4.134857409727795,stratosphere,loss,O3 + hv -> O + O2,75455768.67246811
35.5,35,4.134857409727795,stratosphere,loss,O3 + hv -> O1D + O2,350553177.9642245
35.5,35,4.134857409727795,stratosphere,loss,NO + O3 -> NO2 + O2,830.1017991991025
35.5,35,4.134857409727795,stratosphere,loss,OH + O3 -> HO2 + O2,45528.43596470582
35.5,35,4.134857409727795,stratosphere,loss,H + O3 -> OH + O2,51420.34283047168
35.5,35,4.134857409727795,stratosphere,loss,O + O3 -> O2 + O2,28298.160865833113
35.5,35,4.134857409727795,stratosphere,loss,O3 + M -> O + O2 + M,6.252323990643954e-10
35.5,35,4.134857409727795,stratosphere,loss,O1D + O3 -> O2 + O2,783.4584388940921
35.5,35,4.134857409727795,stratosphere,loss,CH3 + O3 -> H2CO + HO2,126.8459019534497
35.5,35,4.134857409727795,stratosphere,loss,NO2 + O3 -> NO3 + O2,0.0006649321558431565
35.5,35,4.134857409727795,stratosphere,loss,HS + O3 -> HSO + O2,2.0897339408035726e-11
35.5,35,4.134857409727795,stratosphere,loss,SO + O3 -> SO2 + O2,1.217007038751642e-09
35.5,35,4.134857409727795,stratosphere,loss,S + O3 -> SO + O2,9.180083398421286e-12
35.5,35,4.134857409727795,stratosphere,loss,SO2 + O3 -> SO3 + O2,5.0820281674782355e-22
35.5,35,4.134857409727795,stratosphere,loss,Cl + O3 -> ClO + O2,1.615926353933772e-23
35.5,35,4.134857409727795,stratosphere,loss,CS + O3 -> OCS + O2,7.049369247230412e-28
36.5,36,3.436205090549893,stratosphere,production,O + O2 + M -> O3 + M,260568175.59320045
36.5,36,3.436205090549893,stratosphere,production,NO3 + O2 -> NO2 + O3,4.200450915433334e-33
36.5,36,3.436205090549893,stratosphere,production,HO2 + O2 -> OH + O3,4.879770928704451e-45
36.5,36,3.436205090549893,stratosphere,production,NO2 + O2 -> NO + O3,6.450588165221399e-56
36.5,36,3.436205090549893,stratosphere,production,OH + O2 -> H + O3,9.568606274477054e-87
36.5,36,3.436205090549893,stratosphere,production,O2 + O2 -> O + O3,2.0160392248767733e-104
36.5,36,3.436205090549893,stratosphere,production,SO3 + O2 -> SO2 + O3,1.5576842090769411e-93
36.5,36,3.436205090549893,stratosphere,production,ClO + O2 -> Cl + O3,6.903927572474955e-70
36.5,36,3.436205090549893,stratosphere,production,HSO + O2 -> HS + O3,1.5232142851075358e-99
36.5,36,3.436205090549893,stratosphere,production,SO + O2 -> S + O3,2.067606879042641e-127
36.5,36,3.436205090549893,stratosphere,production,O2 + O2 -> O1D + O3,2.6274219815944146e-154
36.5,36,3.436205090549893,stratosphere,production,SO2 + O2 -> SO + O3,3.7709003061978774e-136
36.5,36,3.436205090549893,stratosphere,production,H2CO + HO2 -> CH3 + O3,2.9276214060237172e-115
36.5,36,3.436205090549893,stratosphere,production,OCS + O2 -> CS + O3,2.2514285589384444e-172
36.5,36,3.436205090549893,stratosphere,loss,O3 + hv -> O + O2,58754464.55750959
36.5,36,3.436205090549893,stratosphere,loss,O3 + hv -> O1D + O2,288530857.11873966
36.5,36,3.436205090549893,stratosphere,loss,NO + O3 -> NO2 + O2,444.62593033312623
36.5,36,3.436205090549893,stratosphere,loss,OH + O3 -> HO2 + O2,29192.29720992616
36.5,36,3.436205090549893,stratosphere,loss,H + O3 -> OH + O2,52598.30988486082
36.5,36,3.436205090549893,stratosphere,loss,O + O3 -> O2 + O2,21215.378561286718
36.5,36,3.436205090549893,stratosphere,loss,O3 + M -> O + O2 + M,2.1027009104882454e-10
36.5,36,3.436205090549893,stratosphere,loss,O1D + O3 -> O2 + O2,559.3894398658317
36.5,36,3.436205090549893,stratosphere,loss,CH3 + O3 -> H2CO + HO2,75.70607958641575
36.5,36,3.436205090549893,stratosphere,loss,NO2 + O3 -> NO3 + O2,0.00023880416071607677
36.5,36,3.436205090549893,stratosphere,loss,HS + O3 -> HSO + O2,2.767333440396509e-12
36.5,36,3.436205090549893,stratosphere,loss,SO + O3 -> SO2 + O2,1.9878836547486187e-10
36.5,36,3.436205090549893,stratosphere,loss,S + O3 -> SO + O2,1.6127863732782524e-12
36.5,36,3.436205090549893,stratosphere,loss,SO2 + O3 -> SO3 + O2,5.688169779544438e-23
36.5,36,3.436205090549893,stratosphere,loss,Cl + O3 -> ClO + O2,9.785189112149786e-24
36.5,36,3.436205090549893,stratosphere,loss,CS + O3 -> OCS + O2,4.322373222924252e-28
37.5,37,2.8518698180270134,stratosphere,production,O + O2 + M -> O3 + M,199997292.46867904
37.5,37,2.8518698180270134,stratosphere,production,NO3 + O2 -> NO2 + O3,1.084856815398895e-33
37.5,37,2.8518698180270134,stratosphere,production,HO2 + O2 -> OH + O3,1.8864294905276442e-45
37.5,37,2.8518698180270134,stratosphere,production,NO2 + O2 -> NO + O3,1.4421266677018787e-56
37.5,37,2.8518698180270134,stratosphere,production,OH + O2 -> H + O3,2.2183990954509477e-87
37.5,37,2.8518698180270134,stratosphere,production,O2 + O2 -> O + O3,3.0439038840292677e-105
37.5,37,2.8518698180270134,stratosphere,production,SO3 + O2 -> SO2 + O3,2.6277286913317e-94
37.5,37,2.8518698180270134,stratosphere,production,ClO + O2 -> Cl + O3,2.5938529962222273e-70
37.5,37,2.8518698180270134,stratosphere,production,HSO + O2 -> HS + O3,1.429832618012511e-100
37.5,37,2.8518698180270134,stratosphere,production,SO + O2 -> S + O3,1.8405842174661413e-128
37.5,37,2.8518698180270134,stratosphere,production,O2 + O2 -> O1D + O3,2.0785383338139767e-155
37.5,37,2.8518698180270134,stratosphere,production,SO2 + O2 -> SO + O3,2.7124916828820015e-137
37.5,37,2.8518698180270134,stratosphere,production,H2CO + HO2 -> CH3 + O3,4.5498396593716703e-116
37.5,37,2.8518698180270134,stratosphere,production,OCS + O2 -> CS + O3,2.939549523842328e-174
37.5,37,2.8518698180270134,stratosphere,loss,O3 + hv -> O + O2,43649726.36512159
37.5,37,2.8518698180270134,stratosphere,loss,O3 + hv -> O1D + O2,222902624.52771065
37.5,37,2.8518698180270134,stratosphere,loss,NO + O3 -> NO2 + O2,239.51710281079428
37.5,37,2.8518698180270134,stratosphere,loss,OH + O3 -> HO2 + O2,18852.78889740187
37.5,37,2.8518698180270134,stratosphere,loss,H + O3 -> OH + O2,52742.51632715999
37.5,37,2.8518698180270134,stratosphere,loss,O + O3 -> O2 + O2,15318.431650808248
37.5,37,2.8518698180270134,stratosphere,loss,O3 + M -> O + O2 + M,8.538127157546121e-11
37.5,37,2.8518698180270134,stratosphere,loss,O1D + O3 -> O2 + O2,365.06684132644824
37.5,37,2.8518698180270134,stratosphere,loss,CH3 + O3 -> H2CO + HO2,42.9730565148618
37.5,37,2.8518698180270134,stratosphere,loss,NO2 + O3 -> NO3 + O2,9.207177264801993e-05
37.5,37,2.8518698180270134,stratosphere,loss,HS + O3 -> HSO + O2,8.199362385886015e-13
37.5,37,2.8518698180270134,stratosphere,loss,SO + O3 -> SO2 + O2,6.818077150107612e-11
37.5,37,2.8518698180270134,stratosphere,loss,S + O3 -> SO + O2,5.862879881830508e-13
37.5,37,2.8518698180270134,stratosphere,loss,SO2 + O3 -> SO3 + O2,1.5268679242684788e-23
37.5,37,2.8518698180270134,stratosphere,loss,Cl + O3 -> ClO + O2,5.7314932657760626e-24
37.5,37,2.8518698180270134,stratosphere,loss,CS + O3 -> OCS + O2,2.5515232343648076e-28
38.5,38,2.3652759508003363,stratosphere,production,O + O2 + M -> O3 + M,147500220.8718896
38.5,38,2.3652759508003363,stratosphere,production,NO3 + O2 -> NO2 + O3,3.863676581869935e-34
38.5,38,2.3652759508003363,stratosphere,production,HO2 + O2 -> OH + O3,1.1076337488336771e-45
38.5,38,2.3652759508003363,stratosphere,production,NO2 + O2 -> NO + O3,5.459707578948331e-57
38.5,38,2.3652759508003363,stratosphere,production,OH + O2 -> H + O3,1.0769938371913885e-87
38.5,38,2.3652759508003363,stratosphere,production,O2 + O2 -> O + O3,1.1660207153864278e-105
38.5,38,2.3652759508003363,stratosphere,production,SO3 + O2 -> SO2 + O3,2.6820078704253107e-94
38.5,38,2.3652759508003363,stratosphere,production,ClO + O2 -> Cl + O3,1.4122571103322672e-70
38.5,38,2.3652759508003363,stratosphere,production,HSO + O2 -> HS + O3,1.4368917256122246e-100
38.5,38,2.3652759508003363,stratosphere,production,SO + O2 -> S + O3,2.0805396114311723e-128
38.5,38,2.3652759508003363,stratosphere,production,O2 + O2 -> O1D + O3,6.205372332028033e-156
38.5,38,2.3652759508003363,stratosphere,production,SO2 + O2 -> SO + O3,2.657133419956724e-137
38.5,38,2.3652759508003363,stratosphere,production,H2CO + HO2 -> CH3 + O3,1.7315812970758326e-116
38.5,38,2.3652759508003363,stratosphere,production,OCS + O2 -> CS + O3,1.4523987113472953e-175
38.5,38,2.3652759508003363,stratosphere,loss,O3 + hv -> O + O2,31471260.217541505
38.5,38,2.3652759508003363,stratosphere,loss,O3 + hv -> O1D + O2,165103687.0543447
38.5,38,2.3652759508003363,stratosphere,loss,NO + O3 -> NO2 + O2,132.3845233357309
38.5,38,2.3652759508003363,stratosphere,loss,OH + O3 -> HO2 + O2,12113.215670046267
38.5,38,2.3652759508003363,stratosphere,loss,H + O3 -> OH + O2,51972.19262951981
38.5,38,2.3652759508003363,stratosphere,loss,O + O3 -> O2 + O2,11038.050582068601
38.5,38,2.3652759508003363,stratosphere,loss,O3 + M -> O + O2 + M,4.270186295229952e-11
38.5,38,2.3652759508003363,stratosphere,loss,O1D + O3 -> O2 + O2,225.8748223314233
38.5,38,2.3652759508003363,stratosphere,loss,CH3 + O3 -> H2CO + HO2,23.303823095403914
38.5,38,2.3652759508003363,stratosphere,loss,NO2 + O3 -> NO3 + O2,3.834287259866316e-05
38.5,38,2.3652759508003363,stratosphere,loss,HS + O3 -> HSO + O2,1.2235790060803613e-12
38.5,38,2.3652759508003363,stratosphere,loss,SO + O3 -> SO2 + O2,1.1559044167572983e-10
38.5,38,2.3652759508003363,stratosphere,loss,S + O3 -> SO + O2,1.0878042471764861e-12
38.5,38,2.3652759508003363,stratosphere,loss,SO2 + O3 -> SO3 + O2,2.2158194877688334e-23
38.5,38,2.3652759508003363,stratosphere,loss,Cl + O3 -> ClO + O2,3.301607328509608e-24
38.5,38,2.3652759508003363,stratosphere,loss,CS + O3 -> OCS + O2,1.4742132236551987e-28
39.5,39,1.961429645861342,stratosphere,production,O + O2 + M -> O3 + M,105967906.74013309
39.5,39,1.961429645861342,stratosphere,production,NO3 + O2 -> NO2 + O3,1.7323800724150915e-34
39.5,39,1.961429645861342,stratosphere,production,HO2 + O2 -> OH + O3,8.644265126510067e-46
39.5,39,1.961429645861342,stratosphere,production,NO2 + O2 -> NO + O3,2.9860875997439545e-57
39.5,39,1.961429645861342,stratosphere,production,OH + O2 -> H + O3,8.632740218848042e-88
39.5,39,1.961429645861342,stratosphere,production,O2 + O2 -> O + O3,8.357002042625252e-106
39.5,39,1.961429645861342,stratosphere,production,SO3 + O2 -> SO2 + O3,6.691636034634276e-94
39.5,39,1.961429645861342,stratosphere,production,ClO + O2 -> Cl + O3,9.873499949257686e-71
39.5,39,1.961429645861342,stratosphere,production,HSO + O2 -> HS + O3,3.3920469359246214e-100
39.5,39,1.961429645861342,stratosphere,production,SO + O2 -> S + O3,6.139091418431288e-128
39.5,39,1.961429645861342,stratosphere,production,O2 + O2 -> O1D + O3,4.526426666464057e-156
39.5,39,1.961429645861342,stratosphere,production,SO2 + O2 -> SO + O3,7.168569625875176e-137
39.5,39,1.961429645861342,stratosphere,production,H2CO + HO2 -> CH3 + O3,1.2101713411839725e-116
39.5,39,1.961429645861342,stratosphere,production,OCS + O2 -> CS + O3,1.804159485480618e-176
39.5,39,1.961429645861342,stratosphere,loss,O3 + hv -> O + O2,22259341.501800098
39.5,39,1.961429645861342,stratosphere,loss,O3 + hv -> O1D + O2,118949121.6608768
39.5,39,1.961429645861342,stratosphere,loss,NO + O3 -> NO2 + O2,75.4855110786094
39.5,39,1.961429645861342,stratosphere,loss,OH + O3 -> HO2 + O2,7810.135115438553
39.5,39,1.961429645861342,stratosphere,loss,H + O3 -> OH + O2,50910.35755716909
39.5,39,1.961429645861342,stratosphere,loss,O + O3 -> O2 + O2,7963.187996782309
39.5,39,1.961429645861342,stratosphere,loss,O3 + M -> O + O2 + M,2.4641380054961354e-11
39.5,39,1.961429645861342,stratosphere,loss,O1D + O3 -> O2 + O2,135.22378935048135
39.5,39,1.961429645861342,stratosphere,loss,CH3 + O3 -> H2CO + HO2,12.24082041982165
39.5,39,1.961429645861342,stratosphere,loss,NO2 + O3 -> NO3 + O2,1.7090385528161394e-05
39.5,39,1.961429645861342,stratosphere,loss,HS + O3 -> HSO + O2,2.572800319726691e-12
39.5,39,1.961429645861342,stratosphere,loss,SO + O3 -> SO2 + O2,2.7194315447840124e-10
39.5,39,1.961429645861342,stratosphere,loss,S + O3 -> SO + O2,2.8665928946881e-12
39.5,39,1.961429645861342,stratosphere,loss,SO2 + O3 -> SO3 + O2,4.770450926916318e-23
39.5,39,1.961429645861342,stratosphere,loss,Cl + O3 -> ClO + O2,1.8862971620644776e-24
39.5,39,1.961429645861342,stratosphere,loss,CS + O3 -> OCS + O2,1.8083905685267189e-28
40.5,40,1.626857934590892,stratosphere,production,O + O2 + M -> O3 + M,74697793.74621181
40.5,40,1.626857934590892,stratosphere,production,NO3 + O2 -> NO2 + O3,9.060257583207287e-35
40.5,40,1.626857934590892,stratosphere,production,HO2 + O2 -> OH + O3,8.025586140798994e-46
40.5,40,1.626857934590892,stratosphere,production,NO2 + O2 -> NO + O3,2.062847779170462e-57
40.5,40,1.626857934590892,stratosphere,production,OH + O2 -> H + O3,9.336082272906738e-88
40.5,40,1.626857934590892,stratosphere,production,O2 + O2 -> O + O3,8.630930801690529e-106
40.5,40,1.626857934590892,stratosphere,production,SO3 + O2 -> SO2 + O3,2.2964909357850753e-93
40.5,40,1.626857934590892,stratosphere,production,ClO + O2 -> Cl + O3,7.989132326762052e-71
40.5,40,1.626857934590892,stratosphere,production,HSO + O2 -> HS + O3,9.594425730053346e-100
40.5,40,1.626857934590892,stratosphere,production,SO + O2 -> S + O3,2.266779702959421e-127
40.5,40,1.626857934590892,stratosphere,production,O2 + O2 -> O1D + O3,5.557759519221713e-156
40.5,40,1.626857934590892,stratosphere,production,SO2 + O2 -> SO + O3,2.529701767768135e-136
40.5,40,1.626857934590892,stratosphere,production,H2CO + HO2 -> CH3 + O3,1.2153437267413595e-116
40.5,40,1.626857934590892,stratosphere,production,OCS + O2 -> CS + O3,3.953596868189534e-177
40.5,40,1.626857934590892,stratosphere,loss,O3 + hv -> O + O2,15522811.336361645
40.5,40,1.626857934590892,stratosphere,loss,O3 + hv -> O1D + O2,84000242.08235349
40.5,40,1.626857934590892,stratosphere,loss,NO + O3 -> NO2 + O2,44.37241936944229
40.5,40,1.626857934590892,stratosphere,loss,OH + O3 -> HO2 + O2,5076.668456874484
40.5,40,1.626857934590892,stratosphere,loss,H + O3 -> OH + O2,49774.84185882676
40.5,40,1.626857934590892,stratosphere,loss,O + O3 -> O2 + O2,5717.471414023624
40.5,40,1.626857934590892,stratosphere,loss,O3 + M -> O + O2 + M,1.5440631280142314e-11
40.5,40,1.626857934590892,stratosphere,loss,O1D + O3 -> O2 + O2,78.99223209845044
40.5,40,1.626857934590892,stratosphere,loss,CH3 + O3 -> H2CO + HO2,6.304304378069445
40.5,40,1.626857934590892,stratosphere,loss,NO2 + O3 -> NO3 + O2,8.067932898394374e-06
40.5,40,1.626857934590892,stratosphere,loss,HS + O3 -> HSO + O2,4.7690432619631395e-12
40.5,40,1.626857934590892,stratosphere,loss,SO + O3 -> SO2 + O2,5.533279672527037e-10
40.5,40,1.626857934590892,stratosphere,loss,S + O3 -> SO + O2,6.545311253206291e-12
40.5,40,1.626857934590892,stratosphere,loss,SO2 + O3 -> SO3 + O2,9.35641902739648e-23
40.5,40,1.626857934590892,stratosphere,loss,Cl + O3 -> ClO + O2,1.0715565098813676e-24
40.5,40,1.626857934590892,stratosphere,loss,CS + O3 -> OCS + O2,1.553394619511685e-27
41.5,41,1.349759516643483,stratosphere,production,O + O2 + M -> O3 + M,52109666.45497651
41.5,41,1.349759516643483,stratosphere,production,NO3 + O2 -> NO2 + O3,4.811726643084447e-35
41.5,41,1.349759516643483,stratosphere,production,HO2 + O2 -> OH + O3,7.214728134213996e-46
41.5,41,1.349759516643483,stratosphere,production,NO2 + O2 -> NO + O3,1.41070865300827e-57
41.5,41,1.349759516643483,stratosphere,production,OH + O2 -> H + O3,9.36441145615616e-88
41.5,41,1.349759516643483,stratosphere,production,O2 + O2 -> O + O3,7.975257637511996e-106
41.5,41,1.349759516643483,stratosphere,production,SO3 + O2 -> SO2 + O3,6.679797310984348e-93
41.5,41,1.349759516643483,stratosphere,production,ClO + O2 -> Cl + O3,6.185629449782786e-71
41.5,41,1.349759516643483,stratosphere,production,HSO + O2 -> HS + O3,2.2168957560008085e-99
41.5,41,1.349759516643483,stratosphere,production,SO + O2 -> S + O3,6.325001011557917e-127
41.5,41,1.349759516643483,stratosphere,production,O2 + O2 -> O1D + O3,5.821585355859325e-156
41.5,41,1.349759516643483,stratosphere,production,SO2 + O2 -> SO + O3,6.7834735861923544e-136
41.5,41,1.349759516643483,stratosphere,production,H2CO + HO2 -> CH3 + O3,1.1157346872490513e-116
41.5,41,1.349759516643483,stratosphere,production,OCS + O2 -> CS + O3,7.881748182788308e-178
41.5,41,1.349759516643483,stratosphere,loss,O3 + hv -> O + O2,10747835.416643431
41.5,41,1.349759516643483,stratosphere,loss,O3 + hv -> O1D + O2,58662230.67698293
41.5,41,1.349759516643483,stratosphere,loss,NO + O3 -> NO2 + O2,26.758121456326865
41.5,41,1.349759516643483,stratosphere,loss,OH + O3 -> HO2 + O2,3333.403307178346
41.5,41,1.349759516643483,stratosphere,loss,H + O3 -> OH + O2,48491.901993165004
41.5,41,1.349759516643483,stratosphere,loss,O + O3 -> O2 + O2,4027.7188649012764
41.5,41,1.349759516643483,stratosphere,loss,O3 + M -> O + O2 + M,9.40396243035586e-12
41.5,41,1.349759516643483,stratosphere,loss,O1D + O3 -> O2 + O2,45.51765008193331
41.5,41,1.349759516643483,stratosphere,loss,CH3 + O3 -> H2CO + HO2,3.2189853755850786
41.5,41,1.349759516643483,stratosphere,loss,NO2 + O3 -> NO3 + O2,3.963902276970875e-06
41.5,41,1.349759516643483,stratosphere,loss,HS + O3 -> HSO + O2,7.662653707086412e-12
41.5,41,1.349759516643483,stratosphere,loss,SO + O3 -> SO2 + O2,9.490754471122372e-10
41.5,41,1.349759516643483,stratosphere,loss,S + O3 -> SO + O2,1.2795907618781853e-11
41.5,41,1.349759516643483,stratosphere,loss,SO2 + O3 -> SO3 + O2,1.5518552115796438e-22
41.5,41,1.349759516643483,stratosphere,loss,Cl + O3 -> ClO + O2,6.078436975420815e-25
41.5,41,1.349759516643483,stratosphere,loss,CS + O3 -> OCS + O2,9.878153213416465e-27
42.5,42,1.1200748017845814,stratosphere,production,O + O2 + M -> O3 + M,36069468.50265955
42.5,42,1.1200748017845814,stratosphere,production,NO3 + O2 -> NO2 + O3,2.515044852983734e-35
42.5,42,1.1200748017845814,stratosphere,production,HO2 + O2 -> OH + O3,6.008590665881428e-46
42.5,42,1.1200748017845814,stratosphere,production,NO2 + O2 -> NO + O3,9.049806864544062e-58
42.5,42,1.1200748017845814,stratosphere,production,OH + O2 -> H + O3,8.038694596283779e-88
42.5,42,1.1200748017845814,stratosphere,production,O2 + O2 -> O + O3,5.943471672299894e-106
42.5,42,1.1200748017845814,stratosphere,production,SO3 + O2 -> SO2 + O3,1.5233142697854632e-92
42.5,42,1.1200748017845814,stratosphere,production,ClO + O2 -> Cl + O3,4.396106593577443e-71
42.5,42,1.1200748017845814,stratosphere,production,HSO + O2 -> HS + O3,3.9042878024708206e-99
42.5,42,1.1200748017845814,stratosphere,production,SO + O2 -> S + O3,1.2176012511574206e-126
42.5,42,1.1200748017845814,stratosphere,production,O2 + O2 -> O1D + O3,4.4869927491665496e-156
42.5,42,1.1200748017845814,stratosphere,production,SO2 + O2 -> SO + O3,1.2526527385100312e-135
42.5,42,1.1200748017845814,stratosphere,production,H2CO + HO2 -> CH3 + O3,8.593871191270906e-117
42.5,42,1.1200748017845814,stratosphere,production,OCS + O2 -> CS + O3,1.2440832667180013e-178
42.5,42,1.1200748017845814,stratosphere,loss,O3 + hv -> O + O2,7399837.296702736
42.5,42,1.1200748017845814,stratosphere,loss,O3 + hv -> O1D + O2,40626672.92015922
42.5,42,1.1200748017845814,stratosphere,loss,NO + O3 -> NO2 + O2,16.4968301980416
42.5,42,1.1200748017845814,stratosphere,loss,OH + O3 -> HO2 + O2,2211.9192030455933
42.5,42,1.1200748017845814,stratosphere,loss,H + O3 -> OH + O2,47121.10784817485
42.5,42,1.1200748017845814,stratosphere,loss,O + O3 -> O2 + O2,2774.8124256271108
42.5,42,1.1200748017845814,stratosphere,loss,O3 + M -> O + O2 + M,5.4273255853352275e-12
42.5,42,1.1200748017845814,stratosphere,loss,O1D + O3 -> O2 + O2,25.929167374735457
42.5,42,1.1200748017845814,stratosphere,loss,CH3 + O3 -> H2CO + HO2,1.6479488255999113
42.5,42,1.1200748017845814,stratosphere,loss,NO2 + O3 -> NO3 + O2,2.015329656440821e-06
42.5,42,1.1200748017845814,stratosphere,loss,HS + O3 -> HSO + O2,1.0823593767128125e-11
42.5,42,1.1200748017845814,stratosphere,loss,SO + O3 -> SO2 + O2,1.3886269557548968e-09
42.5,42,1.1200748017845814,stratosphere,loss,S + O3 -> SO + O2,2.1769651119994624e-11
42.5,42,1.1200748017845814,stratosphere,loss,SO2 + O3 -> SO3 + O2,2.1816887492613906e-22
42.5,42,1.1200748017845814,stratosphere,loss,Cl + O3 -> ClO + O2,3.4417545116287996e-25
42.5,42,1.1200748017845814,stratosphere,loss,CS + O3 -> OCS + O2,5.209847517812312e-26
43.5,43,0.9295376443388708,stratosphere,production,O + O2 + M -> O3 + M,24733301.606664553
43.5,43,0.9295376443388708,stratosphere,production,NO3 + O2 -> NO2 + O3,1.318615097259758e-35
43.5,43,0.9295376443388708,stratosphere,production,HO2 + O2 -> OH + O3,4.791839125897142e-46
43.5,43,0.9295376443388708,stratosphere,production,NO2 + O2 -> NO + O3,5.643996492984375e-58
43.5,43,0.9295376443388708,stratosphere,production,OH + O2 -> H + O3,6.271147255685126e-88
43.5,43,0.9295376443388708,stratosphere,production,O2 + O2 -> O + O3,3.8483574326405674e-106
43.5,43,0.9295376443388708,stratosphere,production,SO3 + O2 -> SO2 + O3,3.0230133679414672e-92
43.5,43,0.9295376443388708,stratosphere,production,ClO + O2 -> Cl + O3,2.9539277819403505e-71
43.5,43,0.9295376443388708,stratosphere,production,HSO + O2 -> HS + O3,5.619285481056082e-99
43.5,43,0.9295376443388708,stratosphere,production,SO + O2 -> S + O3,1.7747444314659463e-126
43.5,43,0.9295376443388708,stratosphere,production,O2 + O2 -> O1D + O3,2.830015154518207e-156
43.5,43,0.9295376443388708,stratosphere,production,SO2 + O2 -> SO + O3,1.7611833150959124e-135
43.5,43,0.9295376443388708,stratosphere,production,H2CO + HO2 -> CH3 + O3,6.2190087836216314e-117
43.5,43,0.9295376443388708,stratosphere,production,OCS + O2 -> CS + O3,1.749580566416994e-179
43.5,43,0.9295376443388708,stratosphere,loss,O3 + hv -> O + O2,5054257.794931307
43.5,43,0.9295376443388708,stratosphere,loss,O3 + hv -> O1D + O2,27860914.948863007
43.5,43,0.9295376443388708,stratosphere,loss,NO + O3 -> NO2 + O2,10.341893158851242
43.5,43,0.9295376443388708,stratosphere,loss,OH + O3 -> HO2 + O2,1480.8365643870757
43.5,43,0.9295376443388708,stratosphere,loss,H + O3 -> OH + O2,45648.84950386636
43.5,43,0.9295376443388708,stratosphere,loss,O + O3 -> O2 + O2,1868.507470327339
43.5,43,0.9295376443388708,stratosphere,loss,O3 + M -> O + O2 + M,3.0115647013688297e-12
43.5,43,0.9295376443388708,stratosphere,loss,O1D + O3 -> O2 + O2,14.53741730350795
43.5,43,0.9295376443388708,stratosphere,loss,CH3 + O3 -> H2CO + HO2,0.8631121214335251
43.5,43,0.9295376443388708,stratosphere,loss,NO2 + O3 -> NO3 + O2,1.0578193167086532e-06
43.5,43,0.9295376443388708,stratosphere,loss,HS + O3 -> HSO + O2,1.3653187880063607e-11
43.5,43,0.9295376443388708,stratosphere,loss,SO + O3 -> SO2 + O2,1.7600071948945558e-09
43.5,43,0.9295376443388708,stratosphere,loss,S + O3 -> SO + O2,3.268509124150109e-11
43.5,43,0.9295376443388708,stratosphere,loss,SO2 + O3 -> SO3 + O2,2.6637970146914763e-22
43.5,43,0.9295376443388708,stratosphere,loss,Cl + O3 -> ClO + O2,1.9384263112514206e-25
43.5,43,0.9295376443388708,stratosphere,loss,CS + O3 -> OCS + O2,2.3897236534924926e-25
44.5,44,0.771396873197802,stratosphere,production,O + O2 + M -> O3 + M,16773547.311679814
44.5,44,0.771396873197802,stratosphere,production,NO3 + O2 -> NO2 + O3,6.965592574492208e-36
44.5,44,0.771396873197802,stratosphere,production,HO2 + O2 -> OH + O3,3.695720387316328e-46
44.5,44,0.771396873197802,stratosphere,production,NO2 + O2 -> NO + O3,3.454742497437432e-58
44.5,44,0.771396873197802,stratosphere,production,OH + O2 -> H + O3,4.525545155734641e-88
44.5,44,0.771396873197802,stratosphere,production,O2 + O2 -> O + O3,2.212704326824215e-106
44.5,44,0.771396873197802,stratosphere,production,SO3 + O2 -> SO2 + O3,5.49513044627477e-92
44.5,44,0.771396873197802,stratosphere,production,ClO + O2 -> Cl + O3,1.8928507869026555e-71
44.5,44,0.771396873197802,stratosphere,production,HSO + O2 -> HS + O3,6.848966636908497e-99
44.5,44,0.771396873197802,stratosphere,production,SO + O2 -> S + O3,2.0444490444945057e-126
44.5,44,0.771396873197802,stratosphere,production,O2 + O2 -> O1D + O3,1.5068822572056519e-156
44.5,44,0.771396873197802,stratosphere,production,SO2 + O2 -> SO + O3,1.9724270956105076e-135
44.5,44,0.771396873197802,stratosphere,production,H2CO + HO2 -> CH3 + O3,4.715258379410394e-117
44.5,44,0.771396873197802,stratosphere,production,OCS + O2 -> CS + O3,2.3905809930413576e-180
44.5,44,0.771396873197802,stratosphere,loss,O3 + hv -> O + O2,3417120.5770191597
44.5,44,0.771396873197802,stratosphere,loss,O3 + hv -> O1D + O2,18888399.266867083
44.5,44,0.771396873197802,stratosphere,loss,NO + O3 -> NO2 + O2,6.547357801747944
44.5,44,0.771396873197802,stratosphere,loss,OH + O3 -> HO2 + O2,997.860940697743
44.5,44,0.771396873197802,stratosphere,loss,H + O3 -> OH + O2,43967.015354972085
44.5,44,0.771396873197802,stratosphere,loss,O + O3 -> O2 + O2,1225.8086730157113
44.5,44,0.771396873197802,stratosphere,loss,O3 + M -> O + O2 + M,1.6102157658250649e-12
44.5,44,0.771396873197802,stratosphere,loss,O1D + O3 -> O2 + O2,7.986093320072067
44.5,44,0.771396873197802,stratosphere,loss,CH3 + O3 -> H2CO + HO2,0.4837590232978705
44.5,44,0.771396873197802,stratosphere,loss,NO2 + O3 -> NO3 + O2,5.711275852639359e-07
44.5,44,0.771396873197802,stratosphere,loss,HS + O3 -> HSO + O2,1.568515710815157e-11
44.5,44,0.771396873197802,stratosphere,loss,SO + O3 -> SO2 + O2,1.967584631587012e-09
44.5,44,0.771396873197802,stratosphere,loss,S + O3 -> SO + O2,4.4088193361748536e-11
44.5,44,0.771396873197802,stratosphere,loss,SO2 + O3 -> SO3 + O2,2.8842110387147175e-22
44.5,44,0.771396873197802,stratosphere,loss,Cl + O3 -> ClO + O2,1.0825558445718401e-25
44.5,44,0.771396873197802,stratosphere,loss,CS + O3 -> OCS + O2,9.351439316943814e-25
45.5,45,0.6400987085559808,stratosphere,production,O + O2 + M -> O3 + M,11233720.293583713
45.5,45,0.6400987085559808,stratosphere,production,NO3 + O2 -> NO2 + O3,3.722867907053372e-36
45.5,45,0.6400987085559808,stratosphere,production,HO2 + O2 -> OH + O3,2.7686097802707115e-46
45.5,45,0.6400987085559808,stratosphere,production,NO2 + O2 -> NO + O3,2.0895555675806925e-58
45.5,45,0.6400987085559808,stratosphere,production,OH + O2 -> H + O3,3.0456820829917825e-88
45.5,45,0.6400987085559808,stratosphere,production,O2 + O2 -> O + O3,1.1416809347405062e-106
45.5,45,0.6400987085559808,stratosphere,production,SO3 + O2 -> SO2 + O3,9.155275731968568e-92
45.5,45,0.6400987085559808,stratosphere,production,ClO + O2 -> Cl + O3,1.1614477926010628e-71
45.5,45,0.6400987085559808,stratosphere,production,HSO + O2 -> HS + O3,7.291095550482847e-99
45.5,45,0.6400987085559808,stratosphere,production,SO + O2 -> S + O3,1.9273617832629066e-126
45.5,45,0.6400987085559808,stratosphere,production,O2 + O2 -> O1D + O3,6.876317859096255e-157
45.5,45,0.6400987085559808,stratosphere,production,SO2 + O2 -> SO + O3,1.8232931598602188e-135
45.5,45,0.6400987085559808,stratosphere,production,H2CO + HO2 -> CH3 + O3,4.073711563531019e-117
45.5,45,0.6400987085559808,stratosphere,production,OCS + O2 -> CS + O3,4.182451322725488e-181
45.5,45,0.6400987085559808,stratosphere,loss,O3 + hv -> O + O2,2282392.8679311806
45.5,45,0.6400987085559808,stratosphere,loss,O3 + hv -> O1D + O2,12639841.868827602
45.5,45,0.6400987085559808,stratosphere,loss,NO + O3 -> NO2 + O2,4.165726232109376
45.5,45,0.6400987085559808,stratosphere,loss,OH + O3 -> HO2 + O2,675.0160701318655
45.5,45,0.6400987085559808,stratosphere,loss,H + O3 -> OH + O2,41967.60338671191
45.5,45,0.6400987085559808,stratosphere,loss,O + O3 -> O2 + O2,780.9235669851205
45.5,45,0.6400987085559808,stratosphere,loss,O3 + M -> O + O2 + M,8.295738710995158e-13
45.5,45,0.6400987085559808,stratosphere,loss,O1D + O3 -> O2 + O2,4.281881681377316
45.5,45,0.6400987085559808,stratosphere,loss,CH3 + O3 -> H2CO + HO2,0.3100694707539316
45.5,45,0.6400987085559808,stratosphere,loss,NO2 + O3 -> NO3 + O2,3.169768442738666e-07
45.5,45,0.6400987085559808,stratosphere,loss,HS + O3 -> HSO + O2,1.678991598822934e-11
45.5,45,0.6400987085559808,stratosphere,loss,SO + O3 -> SO2 + O2,1.982988481098669e-09
45.5,45,0.6400987085559808,stratosphere,loss,S + O3 -> SO + O2,5.4590613701455235e-11
45.5,45,0.6400987085559808,stratosphere,loss,SO2 + O3 -> SO3 + O2,2.832992461295711e-22
45.5,45,0.6400987085559808,stratosphere,loss,Cl + O3 -> ClO + O2,5.979449161008981e-26
45.5,45,0.6400987085559808,stratosphere,loss,CS + O3 -> OCS + O2,3.043321569489895e-24
46.5,46,0.5310660003999359,stratosphere,production,O + O2 + M -> O3 + M,7429156.684735555
46.5,46,0.5310660003999359,stratosphere,production,NO3 + O2 -> NO2 + O3,2.0321132025529518e-36
46.5,46,0.5310660003999359,stratosphere,production,HO2 + O2 -> OH + O3,2.044169803392302e-46
46.5,46,0.5310660003999359,stratosphere,production,NO2 + O2 -> NO + O3,1.2717869979983193e-58
46.5,46,0.5310660003999359,stratosphere,production,OH + O2 -> H + O3,1.9674372401154146e-88
46.5,46,0.5310660003999359,stratosphere,production,O2 + O2 -> O + O3,5.496167408970755e-107
46.5,46,0.5310660003999359,stratosphere,production,SO3 + O2 -> SO2 + O3,1.3837469033509986e-91
46.5,46,0.5310660003999359,stratosphere,production,ClO + O2 -> Cl + O3,6.930672239839413e-72
46.5,46,0.5310660003999359,stratosphere,production,HSO + O2 -> HS + O3,7.017219731539595e-99
46.5,46,0.5310660003999359,stratosphere,production,SO + O2 -> S + O3,1.56224563800303e-126
46.5,46,0.5310660003999359,stratosphere,production,O2 + O2 -> O1D + O3,2.8429531545654122e-157
46.5,46,0.5310660003999359,stratosphere,production,SO2 + O2 -> SO + O3,1.463516371174437e-135
46.5,46,0.5310660003999359,stratosphere,production,H2CO + HO2 -> CH3 + O3,3.929579783726162e-117
46.5,46,0.5310660003999359,stratosphere,production,OCS + O2 -> CS + O3,1.5076171501072704e-181
46.5,46,0.5310660003999359,stratosphere,loss,O3 + hv -> O + O2,1505400.5538759858
46.5,46,0.5310660003999359,stratosphere,loss,O3 + hv -> O1D + O2,8347539.176913048
46.5,46,0.5310660003999359,stratosphere,loss,NO + O3 -> NO2 + O2,2.649494977232131
46.5,46,0.5310660003999359,stratosphere,loss,OH + O3 -> HO2 + O2,457.2526809860283
46.5,46,0.5310660003999359,stratosphere,loss,H + O3 -> OH + O2,39644.70369357477
46.5,46,0.5310660003999359,stratosphere,loss,O + O3 -> O2 + O2,483.80832603614317
46.5,46,0.5310660003999359,stratosphere,loss,O3 + M -> O + O2 + M,4.1536119231398087e-13
46.5,46,0.5310660003999359,stratosphere,loss,O1D + O3 -> O2 + O2,2.239175657048363
46.5,46,0.5310660003999359,stratosphere,loss,CH3 + O3 -> H2CO + HO2,0.23380979054420667
46.5,46,0.5310660003999359,stratosphere,loss,NO2 + O3 -> NO3 + O2,1.8070714376327546e-07
46.5,46,0.5310660003999359,stratosphere,loss,HS + O3 -> HSO + O2,1.685129637407816e-11
46.5,46,0.5310660003999359,stratosphere,loss,SO + O3 -> SO2 + O2,1.8192931143410313e-09
46.5,46,0.5310660003999359,stratosphere,loss,S + O3 -> SO + O2,6.249269117236777e-11
46.5,46,0.5310660003999359,stratosphere,loss,SO2 + O3 -> SO3 + O2,2.5545562805107196e-22
46.5,46,0.5310660003999359,stratosphere,loss,Cl + O3 -> ClO + O2,3.2636557627869577e-26
46.5,46,0.5310660003999359,stratosphere,loss,CS + O3 -> OCS + O2,8.112746332660361e-24
47.5,47,0.44051416245395636,stratosphere,production,O + O2 + M -> O3 + M,4870453.449625136
47.5,47,0.44051416245395636,stratosphere,production,NO3 + O2 -> NO2 + O3,1.1192677945602015e-36
47.5,47,0.44051416245395636,stratosphere,production,HO2 + O2 -> OH + O3,1.4629875960150607e-46
47.5,47,0.44051416245395636,stratosphere,production,NO2 + O2 -> NO + O3,7.6572253565895935e-59
47.5,47,0.44051416245395636,stratosphere,production,OH + O2 -> H + O3,1.1901311184021647e-88
47.5,47,0.44051416245395636,stratosphere,production,O2 + O2 -> O + O3,2.4088255309640868e-107
47.5,47,0.44051416245395636,stratosphere,production,SO3 + O2 -> SO2 + O3,1.7976513518896178e-91
47.5,47,0.44051416245395636,stratosphere,production,ClO + O2 -> Cl + O3,3.982507267072203e-72
47.5,47,0.44051416245395636,stratosphere,production,HSO + O2 -> HS + O3,6.005603627741355e-99
47.5,47,0.44051416245395636,stratosphere,production,SO + O2 -> S + O3,1.0751892779016772e-126
47.5,47,0.44051416245395636,stratosphere,production,O2 + O2 -> O1D + O3,1.0283301950469046e-157
47.5,47,0.44051416245395636,stratosphere,production,SO2 + O2 -> SO + O3,9.999301716294617e-136
47.5,47,0.44051416245395636,stratosphere,production,H2CO + HO2 -> CH3 + O3,3.619902028521508e-117
47.5,47,0.44051416245395636,stratosphere,production,OCS + O2 -> CS + O3,8.074422869456381e-182
47.5,47,0.44051416245395636,stratosphere,loss,O3 + hv -> O + O2,983973.2581282619
47.5,47,0.44051416245395636,stratosphere,loss,O3 + hv -> O1D + O2,5460941.602444595
47.5,47,0.44051416245395636,stratosphere,loss,NO + O3 -> NO2 + O2,1.6802688568821795
47.5,47,0.44051416245395636,stratosphere,loss,OH + O3 -> HO2 + O2,309.4491043819771
47.5,47,0.44051416245395636,stratosphere,loss,H + O3 -> OH + O2,37085.14306997246
47.5,47,0.44051416245395636,stratosphere,loss,O + O3 -> O2 + O2,293.19240870549277
47.5,47,0.44051416245395636,stratosphere,loss,O3 + M -> O + O2 + M,2.0155782775624576e-13
47.5,47,0.44051416245395636,stratosphere,loss,O1D + O3 -> O2 + O2,1.1501231924251323
47.5,47,0.44051416245395636,stratosphere,loss,CH3 + O3 -> H2CO + HO2,0.195694724283195
47.5,47,0.44051416245395636,stratosphere,loss,NO2 + O3 -> NO3 + O2,1.0556301178407151e-07
47.5,47,0.44051416245395636,stratosphere,loss,HS + O3 -> HSO + O2,1.595240220074461e-11
47.5,47,0.44051416245395636,stratosphere,loss,SO + O3 -> SO2 + O2,1.5424787362600565e-09
47.5,47,0.44051416245395636,stratosphere,loss,S + O3 -> SO + O2,6.691240628277704e-11
47.5,47,0.44051416245395636,stratosphere,loss,SO2 + O3 -> SO3 + O2,2.129840327689328e-22
47.5,47,0.44051416245395636,stratosphere,loss,Cl + O3 -> ClO + O2,1.7658259959243267e-26
47.5,47,0.44051416245395636,stratosphere,loss,CS + O3 -> OCS + O2,1.7907143465349706e-23
48.5,48,0.365296071702636,stratosphere,production,O + O2 + M -> O3 + M,3184224.4662535405
48.5,48,0.365296071702636,stratosphere,production,NO3 + O2 -> NO2 + O3,6.1362373980678595e-37
48.5,48,0.365296071702636,stratosphere,production,HO2 + O2 -> OH + O3,9.957151843485977e-47
48.5,48,0.365296071702636,stratosphere,production,NO2 + O2 -> NO + O3,4.476647332541021e-59
48.5,48,0.365296071702636,stratosphere,production,OH + O2 -> H + O3,6.561450990907921e-89
48.5,48,0.365296071702636,stratosphere,production,O2 + O2 -> O + O3,9.372840553810483e-108
48.5,48,0.365296071702636,stratosphere,production,SO3 + O2 -> SO2 + O3,1.9418429745902606e-91
48.5,48,0.365296071702636,stratosphere,production,ClO + O2 -> Cl + O3,2.1814307745385806e-72
48.5,48,0.365296071702636,stratosphere,production,HSO + O2 -> HS + O3,4.513594240651908e-99
48.5,48,0.365296071702636,stratosphere,production,SO + O2 -> S + O3,6.2538250271829255e-127
48.5,48,0.365296071702636,stratosphere,production,O2 + O2 -> O1D + O3,3.139953699979558e-158
48.5,48,0.365296071702636,stratosphere,production,SO2 + O2 -> SO + O3,5.733009249753095e-136
48.5,48,0.365296071702636,stratosphere,production,H2CO + HO2 -> CH3 + O3,2.8474257162463434e-117
48.5,48,0.365296071702636,stratosphere,production,OCS + O2 -> CS + O3,4.125302721846144e-182
48.5,48,0.365296071702636,stratosphere,loss,O3 + hv -> O + O2,640938.0277939839
48.5,48,0.365296071702636,stratosphere,loss,O3 + hv -> O1D + O2,3559260.5934351063
48.5,48,0.365296071702636,stratosphere,loss,NO + O3 -> NO2 + O2,1.066318354397693
48.5,48,0.365296071702636,stratosphere,loss,OH + O3 -> HO2 + O2,208.77417152970463
48.5,48,0.365296071702636,stratosphere,loss,H + O3 -> OH + O2,34441.74343547874
48.5,48,0.365296071702636,stratosphere,loss,O + O3 -> O2 + O2,175.5622515251912
48.5,48,0.365296071702636,stratosphere,loss,O3 + M -> O + O2 + M,9.472112980377539e-14
48.5,48,0.365296071702636,stratosphere,loss,O1D + O3 -> O2 + O2,0.5868132435291953
48.5,48,0.365296071702636,stratosphere,loss,CH3 + O3 -> H2CO + HO2,0.1665566997665826
48.5,48,0.365296071702636,stratosphere,loss,NO2 + O3 -> NO3 + O2,6.309179859669514e-08
48.5,48,0.365296071702636,stratosphere,loss,HS + O3 -> HSO + O2,1.4417785475335379e-11
48.5,48,0.365296071702636,stratosphere,loss,SO + O3 -> SO2 + O2,1.2399074839657008e-09
48.5,48,0.365296071702636,stratosphere,loss,S + O3 -> SO + O2,6.838106163202199e-11
48.5,48,0.365296071702636,stratosphere,loss,SO2 + O3 -> SO3 + O2,1.6675010935822197e-22
48.5,48,0.365296071702636,stratosphere,loss,Cl + O3 -> ClO + O2,9.520917251309305e-27
48.5,48,0.365296071702636,stratosphere,loss,CS + O3 -> OCS + O2,3.3620848234646487e-23
49.5,49,0.3028184381727092,stratosphere,production,O + O2 + M -> O3 + M,2085946.8787587555
49.5,49,0.3028184381727092,stratosphere,production,NO3 + O2 -> NO2 + O3,3.351680033738961e-37
49.5,49,0.3028184381727092,stratosphere,production,HO2 + O2 -> OH + O3,6.531412843489153e-47
49.5,49,0.3028184381727092,stratosphere,production,NO2 + O2 -> NO + O3,2.573096922122149e-59
49.5,49,0.3028184381727092,stratosphere,production,OH + O2 -> H + O3,3.402339898672236e-89
49.5,49,0.3028184381727092,stratosphere,production,O2 + O2 -> O + O3,3.398330514925252e-108
49.5,49,0.3028184381727092,stratosphere,production,SO3 + O2 -> SO2 + O3,1.8148864890386535e-91
49.5,49,0.3028184381727092,stratosphere,production,ClO + O2 -> Cl + O3,1.1611638754614445e-72
49.5,49,0.3028184381727092,stratosphere,production,HSO + O2 -> HS + O3,3.0786253687049764e-99
49.5,49,0.3028184381727092,stratosphere,production,SO + O2 -> S + O3,3.2625533046525127e-127
49.5,49,0.3028184381727092,stratosphere,production,O2 + O2 -> O1D + O3,8.671864859648172e-159
49.5,49,0.3028184381727092,stratosphere,production,SO2 + O2 -> SO + O3,2.9183197475776896e-136
49.5,49,0.3028184381727092,stratosphere,production,H2CO + HO2 -> CH3 + O3,1.9393102127134093e-117
49.5,49,0.3028184381727092,stratosphere,production,OCS + O2 -> CS + O3,1.9102505601341867e-182
49.5,49,0.3028184381727092,stratosphere,loss,O3 + hv -> O + O2,417842.5946002474
49.5,49,0.3028184381727092,stratosphere,loss,O3 + hv -> O1D + O2,2321336.3074567663
49.5,49,0.3028184381727092,stratosphere,loss,NO + O3 -> NO2 + O2,0.6783738516241943
49.5,49,0.3028184381727092,stratosphere,loss,OH + O3 -> HO2 + O2,140.11242879386631
49.5,49,0.3028184381727092,stratosphere,loss,H + O3 -> OH + O2,31856.95070152497
49.5,49,0.3028184381727092,stratosphere,loss,O + O3 -> O2 + O2,105.10569949865226
49.5,49,0.3028184381727092,stratosphere,loss,O3 + M -> O + O2 + M,4.379819877244213e-14
49.5,49,0.3028184381727092,stratosphere,loss,O1D + O3 -> O2 + O2,0.3001657408303641
49.5,49,0.3028184381727092,stratosphere,loss,CH3 + O3 -> H2CO + HO2,0.13641788630024254
49.5,49,0.3028184381727092,stratosphere,loss,NO2 + O3 -> NO3 + O2,3.8353148712459906e-08
49.5,49,0.3028184381727092,stratosphere,loss,HS + O3 -> HSO + O2,1.2461111354146904e-11
49.5,49,0.3028184381727092,stratosphere,loss,SO + O3 -> SO2 + O2,9.597034368091888e-10
49.5,49,0.3028184381727092,stratosphere,loss,S + O3 -> SO + O2,6.7228521192913e-11
49.5,49,0.3028184381727092,stratosphere,loss,SO2 + O3 -> SO3 + O2,1.242540246882905e-22
49.5,49,0.3028184381727092,stratosphere,loss,Cl + O3 -> ClO + O2,5.136948186798814e-27
49.5,49,0.3028184381727092,stratosphere,loss,CS + O3 -> OCS + O2,5.457899728151123e-23
50.5,50,0.2509291155197876,stratosphere,production,O + O2 + M -> O3 + M,1374332.5484923206
50.5,50,0.2509291155197876,stratosphere,production,NO3 + O2 -> NO2 + O3,1.8107200884156565e-37
50.5,50,0.2509291155197876,stratosphere,production,HO2 + O2 -> OH + O3,4.1447545870018224e-47
50.5,50,0.2509291155197876,stratosphere,production,NO2 + O2 -> NO + O3,1.451865248762534e-59
50.5,50,0.2509291155197876,stratosphere,production,OH + O2 -> H + O3,1.679450156078279e-89
50.5,50,0.2509291155197876,stratosphere,production,O2 + O2 -> O + O3,1.1732004020820795e-108
50.5,50,0.2509291155197876,stratosphere,production,SO3 + O2 -> SO2 + O3,1.503085367283438e-91
50.5,50,0.2509291155197876,stratosphere,production,ClO + O2 -> Cl + O3,6.058080302556397e-73
50.5,50,0.2509291155197876,stratosphere,production,HSO + O2 -> HS + O3,1.934960406433561e-99
50.5,50,0.2509291155197876,stratosphere,production,SO + O2 -> S + O3,1.5746836662955724e-127
50.5,50,0.2509291155197876,stratosphere,production,O2 + O2 -> O1D + O3,2.2340745260157847e-159
50.5,50,0.2509291155197876,stratosphere,production,SO2 + O2 -> SO + O3,1.3556171813911755e-136
50.5,50,0.2509291155197876,stratosphere,production,H2CO + HO2 -> CH3 + O3,1.1619121629516389e-117
50.5,50,0.2509291155197876,stratosphere,production,OCS + O2 -> CS + O3,8.107631839321093e-183
50.5,50,0.2509291155197876,stratosphere,loss,O3 + hv -> O + O2,273521.9369981744
50.5,50,0.2509291155197876,stratosphere,loss,O3 + hv -> O1D + O2,1520015.776709946
50.5,50,0.2509291155197876,stratosphere,loss,NO + O3 -> NO2 + O2,0.4333331255808727
50.5,50,0.2509291155197876,stratosphere,loss,OH + O3 -> HO2 + O2,93.38361954296126
50.5,50,0.2509291155197876,stratosphere,loss,H + O3 -> OH + O2,29410.80491458017
50.5,50,0.2509291155197876,stratosphere,loss,O + O3 -> O2 + O2,63.434393860827726
50.5,50,0.2509291155197876,stratosphere,loss,O3 + M -> O + O2 + M,2.0094245969089497e-14
50.5,50,0.2509291155197876,stratosphere,loss,O1D + O3 -> O2 + O2,0.155039585130921
50.5,50,0.2509291155197876,stratosphere,loss,CH3 + O3 -> H2CO + HO2,0.10525352823941098
50.5,50,0.2509291155197876,stratosphere,loss,NO2 + O3 -> NO3 + O2,2.351588384263321e-08
50.5,50,0.2509291155197876,stratosphere,loss,HS + O3 -> HSO + O2,1.0326570537455162e-11
50.5,50,0.2509291155197876,stratosphere,loss,SO + O3 -> SO2 + O2,7.243755992817532e-10
50.5,50,0.2509291155197876,stratosphere,loss,S + O3 -> SO + O2,6.404850171368246e-11
50.5,50,0.2509291155197876,stratosphere,loss,SO2 + O3 -> SO3 + O2,8.89659522704096e-23
50.5,50,0.2509291155197876,stratosphere,loss,Cl + O3 -> ClO + O2,2.782250950983285e-27
50.5,50,0.2509291155197876,stratosphere,loss,CS + O3 -> OCS + O2,7.799120724756791e-23
51.5,51,0.20784595661024563,stratosphere,production,O + O2 + M -> O3 + M,912672.6441367709
51.5,51,0.20784595661024563,stratosphere,production,NO3 + O2 -> NO2 + O3,9.628915294306417e-38
51.5,51,0.20784595661024563,stratosphere,production,HO2 + O2 -> OH + O3,2.559276028156535e-47
51.5,51,0.20784595661024563,stratosphere,production,NO2 + O2 -> NO + O3,8.048869551992565e-60
51.5,51,0.20784595661024563,stratosphere,production,OH + O2 -> H + O3,7.997440797813833e-90
51.5,51,0.20784595661024563,stratosphere,production,O2 + O2 -> O + O3,3.9359279149340183e-109
51.5,51,0.20784595661024563,stratosphere,production,SO3 + O2 -> SO2 + O3,1.1321925975193825e-91
51.5,51,0.20784595661024563,stratosphere,production,ClO + O2 -> Cl + O3,3.123131848620606e-73
51.5,51,0.20784595661024563,stratosphere,production,HSO + O2 -> HS + O3,1.140761919858276e-99
51.5,51,0.20784595661024563,stratosphere,production,SO + O2 -> S + O3,7.238770427172254e-128
51.5,51,0.20784595661024563,stratosphere,production,O2 + O2 -> O1D + O3,5.527341993797058e-160
51.5,51,0.20784595661024563,stratosphere,production,SO2 + O2 -> SO + O3,5.907434492460357e-137
51.5,51,0.20784595661024563,stratosphere,production,H2CO + HO2 -> CH3 + O3,6.278959915682215e-118
51.5,51,0.20784595661024563,stratosphere,production,OCS + O2 -> CS + O3,3.258668521048977e-183
51.5,51,0.20784595661024563,stratosphere,loss,O3 + hv -> O + O2,180063.58267704805
51.5,51,0.20784595661024563,stratosphere,loss,O3 + hv -> O1D + O2,1000872.6394219517
51.5,51,0.20784595661024563,stratosphere,loss,NO + O3 -> NO2 + O2,0.2784971053656426
51.5,51,0.20784595661024563,stratosphere,loss,OH + O3 -> HO2 + O2,61.740229731004185
51.5,51,0.20784595661024563,stratosphere,loss,H + O3 -> OH + O2,27137.703835753848
51.5,51,0.20784595661024563,stratosphere,loss,O + O3 -> O2 + O2,38.7837843484085
51.5,51,0.20784595661024563,stratosphere,loss,O3 + M -> O + O2 + M,9.206269336924757e-15
51.5,51,0.20784595661024563,stratosphere,loss,O1D + O3 -> O2 + O2,0.08117974402685799
51.5,51,0.20784595661024563,stratosphere,loss,CH3 + O3 -> H2CO + HO2,0.07620069960075601
51.5,51,0.20784595661024563,stratosphere,loss,NO2 + O3 -> NO3 + O2,1.4439658997062468e-08
51.5,51,0.20784595661024563,stratosphere,loss,HS + O3 -> HSO + O2,8.24123151999269e-12
51.5,51,0.20784595661024563,stratosphere,loss,SO + O3 -> SO2 + O2,5.386545063961687e-10
51.5,51,0.20784595661024563,stratosphere,loss,S + O3 -> SO + O2,5.952832955390627e-11
51.5,51,0.20784595661024563,stratosphere,loss,SO2 + O3 -> SO3 + O2,6.177683473478029e-23
51.5,51,0.20784595661024563,stratosphere,loss,Cl + O3 -> ClO + O2,1.5149512242075485e-27
51.5,51,0.20784595661024563,stratosphere,loss,CS + O3 -> OCS + O2,9.980778012446905e-23
52.5,52,0.17209467156808614,stratosphere,production,O + O2 + M -> O3 + M,609643.6003527713
52.5,52,0.17209467156808614,stratosphere,production,NO3 + O2 -> NO2 + O3,5.265273631261499e-38
52.5,52,0.17209467156808614,stratosphere,production,HO2 + O2 -> OH + O3,1.660179738422971e-47
52.5,52,0.17209467156808614,stratosphere,production,NO2 + O2 -> NO + O3,4.7694177233737183e-60
52.5,52,0.17209467156808614,stratosphere,production,OH + O2 -> H + O3,4.226035379580178e-90
52.5,52,0.17209467156808614,stratosphere,production,O2 + O2 -> O + O3,1.5327508532546935e-109
52.5,52,0.17209467156808614,stratosphere,production,SO3 + O2 -> SO2 + O3,9.096048600832215e-92
52.5,52,0.17209467156808614,stratosphere,production,ClO + O2 -> Cl + O3,1.70808234940025e-73
52.5,52,0.17209467156808614,stratosphere,production,HSO + O2 -> HS + O3,7.237802528773991e-100
52.5,52,0.17209467156808614,stratosphere,production,SO + O2 -> S + O3,3.818193882283635e-128
52.5,52,0.17209467156808614,stratosphere,production,O2 + O2 -> O1D + O3,1.692001725468957e-160
52.5,52,0.17209467156808614,stratosphere,production,SO2 + O2 -> SO + O3,2.951514973806427e-137
52.5,52,0.17209467156808614,stratosphere,production,H2CO + HO2 -> CH3 + O3,3.661278636018571e-118
52.5,52,0.17209467156808614,stratosphere,production,OCS + O2 -> CS + O3,1.595120544037451e-183
52.5,52,0.17209467156808614,stratosphere,loss,O3 + hv -> O + O2,118857.2820037464
52.5,52,0.17209467156808614,stratosphere,loss,O3 + hv -> O1D + O2,660774.4276722816
52.5,52,0.17209467156808614,stratosphere,loss,NO + O3 -> NO2 + O2,0.18031990167353093
52.5,52,0.17209467156808614,stratosphere,loss,OH + O3 -> HO2 + O2,40.42524427716812
52.5,52,0.17209467156808614,stratosphere,loss,H + O3 -> OH + O2,25042.79613764141
52.5,52,0.17209467156808614,stratosphere,loss,O + O3 -> O2 + O2,24.143817446223498
52.5,52,0.17209467156808614,stratosphere,loss,O3 + M -> O + O2 + M,4.384789551817786e-15
52.5,52,0.17209467156808614,stratosphere,loss,O1D + O3 -> O2 + O2,0.04292766088933249
52.5,52,0.17209467156808614,stratosphere,loss,CH3 + O3 -> H2CO + HO2,0.05184047715390494
52.5,52,0.17209467156808614,stratosphere,loss,NO2 + O3 -> NO3 + O2,8.867992424028088e-09
52.5,52,0.17209467156808614,stratosphere,loss,HS + O3 -> HSO + O2,6.351420579695481e-12
52.5,52,0.17209467156808614,stratosphere,loss,SO + O3 -> SO2 + O2,3.972455198008126e-10
52.5,52,0.17209467156808614,stratosphere,loss,S + O3 -> SO + O2,5.398967829686131e-11
52.5,52,0.17209467156808614,stratosphere,loss,SO2 + O3 -> SO3 + O2,4.26444157181841e-23
52.5,52,0.17209467156808614,stratosphere,loss,Cl + O3 -> ClO + O2,8.270692224392087e-28
52.5,52,0.17209467156808614,stratosphere,loss,CS + O3 -> OCS + O2,1.1513720340685493e-22
53.5,53,0.1424555994326621,stratosphere,production,O + O2 + M -> O3 + M,409751.0495193341
53.5,53,0.1424555994326621,stratosphere,production,NO3 + O2 -> NO2 + O3,2.9813447018714657e-38
53.5,53,0.1424555994326621,stratosphere,production,HO2 + O2 -> OH + O3,1.1545715487638063e-47
53.5,53,0.1424555994326621,stratosphere,production,NO2 + O2 -> NO + O3,3.077258712874808e-60
53.5,53,0.1424555994326621,stratosphere,production,OH + O2 -> H + O3,2.5706546933560067e-90
53.5,53,0.1424555994326621,stratosphere,production,O2 + O2 -> O + O3,7.256662930610089e-110
53.5,53,0.1424555994326621,stratosphere,production,SO3 + O2 -> SO2 + O3,8.132381995937007e-92
53.5,53,0.1424555994326621,stratosphere,production,ClO + O2 -> Cl + O3,1.009670857380458e-73
53.5,53,0.1424555994326621,stratosphere,production,HSO + O2 -> HS + O3,5.123761219465535e-100
53.5,53,0.1424555994326621,stratosphere,production,SO + O2 -> S + O3,2.427323670344983e-128
53.5,53,0.1424555994326621,stratosphere,production,O2 + O2 -> O1D + O3,6.844687895572839e-161
53.5,53,0.1424555994326621,stratosphere,production,SO2 + O2 -> SO + O3,1.7829705789672401e-137
53.5,53,0.1424555994326621,stratosphere,production,H2CO + HO2 -> CH3 + O3,2.4299621077391848e-118
53.5,53,0.1424555994326621,stratosphere,production,OCS + O2 -> CS + O3,1.019660738008415e-183
53.5,53,0.1424555994326621,stratosphere,loss,O3 + hv -> O + O2,78598.35304231745
53.5,53,0.1424555994326621,stratosphere,loss,O3 + hv -> O1D + O2,437018.56379491725
53.5,53,0.1424555994326621,stratosphere,loss,NO + O3 -> NO2 + O2,0.11769917591893299
53.5,53,0.1424555994326621,stratosphere,loss,OH + O3 -> HO2 + O2,26.206841762683965
53.5,53,0.1424555994326621,stratosphere,loss,H + O3 -> OH + O2,23131.906970913682
53.5,53,0.1424555994326621,stratosphere,loss,O + O3 -> O2 + O2,15.331607234608644
53.5,53,0.1424555994326621,stratosphere,loss,O3 + M -> O + O2 + M,2.1937581737308963e-15
53.5,53,0.1424555994326621,stratosphere,loss,O1D + O3 -> O2 + O2,0.022939869787538335
53.5,53,0.1424555994326621,stratosphere,loss,CH3 + O3 -> H2CO + HO2,0.03332429803776887
53.5,53,0.1424555994326621,stratosphere,loss,NO2 + O3 -> NO3 + O2,5.4261203481881316e-09
53.5,53,0.1424555994326621,stratosphere,loss,HS + O3 -> HSO + O2,4.732249324467176e-12
53.5,53,0.1424555994326621,stratosphere,loss,SO + O3 -> SO2 + O2,2.912430736448179e-10
53.5,53,0.1424555994326621,stratosphere,loss,S + O3 -> SO + O2,4.7820325705721e-11
53.5,53,0.1424555994326621,stratosphere,loss,SO2 + O3 -> SO3 + O2,2.947903490860751e-23
53.5,53,0.1424555994326621,stratosphere,loss,Cl + O3 -> ClO + O2,4.52396265895085e-28
53.5,53,0.1424555994326621,stratosphere,loss,CS + O3 -> OCS + O2,1.2083225946769707e-22
54.5,54,0.11790000955407906,stratosphere,production,O + O2 + M -> O3 + M,278329.3979833174
54.5,54,0.11790000955407906,stratosphere,production,NO3 + O2 -> NO2 + O3,1.6548614578797542e-38
54.5,54,0.11790000955407906,stratosphere,production,HO2 + O2 -> OH + O3,8.008101666060695e-48
54.5,54,0.11790000955407906,stratosphere,production,NO2 + O2 -> NO + O3,1.97523534443163e-60
54.5,54,0.11790000955407906,stratosphere,production,OH + O2 -> H + O3,1.5774643652092785e-90
54.5,54,0.11790000955407906,stratosphere,production,O2 + O2 -> O + O3,3.53374527403779e-110
54.5,54,0.11790000955407906,stratosphere,production,SO3 + O2 -> SO2 + O3,7.071878966086671e-92
54.5,54,0.11790000955407906,stratosphere,production,ClO + O2 -> Cl + O3,6.034496421446128e-74
54.5,54,0.11790000955407906,stratosphere,production,HSO + O2 -> HS + O3,3.5610660173447614e-100
54.5,54,0.11790000955407906,stratosphere,production,SO + O2 -> S + O3,1.567146672796404e-128
54.5,54,0.11790000955407906,stratosphere,production,O2 + O2 -> O1D + O3,2.8828495489084086e-161
54.5,54,0.11790000955407906,stratosphere,production,SO2 + O2 -> SO + O3,1.081997228039096e-137
54.5,54,0.11790000955407906,stratosphere,production,H2CO + HO2 -> CH3 + O3,1.5771511951894465e-118
54.5,54,0.11790000955407906,stratosphere,production,OCS + O2 -> CS + O3,6.78245201121634e-184
54.5,54,0.11790000955407906,stratosphere,loss,O3 + hv -> O + O2,52223.07826548098
54.5,54,0.11790000955407906,stratosphere,loss,O3 + hv -> O1D + O2,290400.2380369652
54.5,54,0.11790000955407906,stratosphere,loss,NO + O3 -> NO2 + O2,0.07740529972566486
54.5,54,0.11790000955407906,stratosphere,loss,OH + O3 -> HO2 + O2,16.84491006840373
54.5,54,0.11790000955407906,stratosphere,loss,H + O3 -> OH + O2,21417.51542301861
54.5,54,0.11790000955407906,stratosphere,loss,O + O3 -> O2 + O2,9.906589127662048
54.5,54,0.11790000955407906,stratosphere,loss,O3 + M -> O + O2 + M,1.1103104517276168e-15
54.5,54,0.11790000955407906,stratosphere,loss,O1D + O3 -> O2 + O2,0.01250656608308275
54.5,54,0.11790000955407906,stratosphere,loss,CH3 + O3 -> H2CO + HO2,0.020416941642383616
54.5,54,0.11790000955407906,stratosphere,loss,NO2 + O3 -> NO3 + O2,3.2757853521293396e-09
54.5,54,0.11790000955407906,stratosphere,loss,HS + O3 -> HSO + O2,3.4057019547785705e-12
54.5,54,0.11790000955407906,stratosphere,loss,SO + O3 -> SO2 + O2,2.11836279363407e-10
54.5,54,0.11790000955407906,stratosphere,loss,S + O3 -> SO + O2,4.149710726858943e-11
54.5,54,0.11790000955407906,stratosphere,loss,SO2 + O3 -> SO3 + O2,2.0009865049583503e-23
54.5,54,0.11790000955407906,stratosphere,loss,Cl + O3 -> ClO + O2,2.486089852570781e-28
54.5,54,0.11790000955407906,stratosphere,loss,CS + O3 -> OCS + O2,1.1714317945083921e-22
55.5,55,0.09758183396137775,mesosphere,production,O + O2 + M -> O3 + M,188900.39021553996
55.5,55,0.09758183396137775,mesosphere,production,NO3 + O2 -> NO2 + O3,1.0976686059523506e-38
55.5,55,0.09758183396137775,mesosphere,production,HO2 + O2 -> OH + O3,7.511776339618553e-48
55.5,55,0.09758183396137775,mesosphere,production,NO2 + O2 -> NO + O3,1.796509033467376e-60
55.5,55,0.09758183396137775,mesosphere,production,OH + O2 -> H + O3,1.695906589333373e-90
55.5,55,0.09758183396137775,mesosphere,production,O2 + O2 -> O + O3,3.544737659380022e-110
55.5,55,0.09758183396137775,mesosphere,production,SO3 + O2 -> SO2 + O3,1.052713829391368e-91
55.5,55,0.09758183396137775,mesosphere,production,ClO + O2 -> Cl + O3,4.814009347456516e-74
55.5,55,0.09758183396137775,mesosphere,production,HSO + O2 -> HS + O3,4.126427594261798e-100
55.5,55,0.09758183396137775,mesosphere,production,SO + O2 -> S + O3,2.0931399823338015e-128
55.5,55,0.09758183396137775,mesosphere,production,O2 + O2 -> O1D + O3,3.4022505415165645e-161
55.5,55,0.09758183396137775,mesosphere,production,SO2 + O2 -> SO + O3,1.4294498482254776e-137
55.5,55,0.09758183396137775,mesosphere,production,H2CO + HO2 -> CH3 + O3,1.9616309900859489e-118
55.5,55,0.09758183396137775,mesosphere,production,OCS + O2 -> CS + O3,1.2204143541808959e-183
55.5,55,0.09758183396137775,mesosphere,loss,O3 + hv -> O + O2,34353.803423338344
55.5,55,0.09758183396137775,mesosphere,loss,O3 + hv -> O1D + O2,191051.02231691428
55.5,55,0.09758183396137775,mesosphere,loss,NO + O3 -> NO2 + O2,0.051406411305596166
55.5,55,0.09758183396137775,mesosphere,loss,OH + O3 -> HO2 + O2,10.686698539940597
55.5,55,0.09758183396137775,mesosphere,loss,H + O3 -> OH + O2,19900.092131988527
55.5,55,0.09758183396137775,mesosphere,loss,O + O3 -> O2 + O2,6.600339401364679
55.5,55,0.09758183396137775,mesosphere,loss,O3 + M -> O + O2 + M,6.6323990754399e-16
55.5,55,0.09758183396137775,mesosphere,loss,O1D + O3 -> O2 + O2,0.006855633506071156
55.5,55,0.09758183396137775,mesosphere,loss,CH3 + O3 -> H2CO + HO2,0.011858418294247327
55.5,55,0.09758183396137775,mesosphere,loss,NO2 + O3 -> NO3 + O2,1.9835306623489e-09
55.5,55,0.09758183396137775,mesosphere,loss,HS + O3 -> HSO + O2,2.3673827999928623e-12
55.5,55,0.09758183396137775,mesosphere,loss,SO + O3 -> SO2 + O2,1.5388665142442046e-10
55.5,55,0.09758183396137775,mesosphere,loss,S + O3 -> SO + O2,3.4839173686649315e-11
55.5,55,0.09758183396137775,mesosphere,loss,SO2 + O3 -> SO3 + O2,1.4493942488729363e-23
55.5,55,0.09758183396137775,mesosphere,loss,Cl + O3 -> ClO + O2,1.3542869588200276e-28
55.5,55,0.09758183396137775,mesosphere,loss,CS + O3 -> OCS + O2,1.0238115430631626e-22
56.5,56,0.08079074523259913,mesosphere,production,O + O2 + M -> O3 + M,130227.5605205016
56.5,56,0.08079074523259913,mesosphere,production,NO3 + O2 -> NO2 + O3,7.000469881452911e-39
56.5,56,0.08079074523259913,mesosphere,production,HO2 + O2 -> OH + O3,6.954178796312013e-48
56.5,56,0.08079074523259913,mesosphere,production,NO2 + O2 -> NO + O3,1.5894306968704725e-60
56.5,56,0.08079074523259913,mesosphere,production,OH + O2 -> H + O3,1.8012304236912818e-90
56.5,56,0.08079074523259913,mesosphere,production,O2 + O2 -> O + O3,3.554209031337963e-110
56.5,56,0.08079074523259913,mesosphere,production,SO3 + O2 -> SO2 + O3,1.4515046253536852e-91
56.5,56,0.08079074523259913,mesosphere,production,ClO + O2 -> Cl + O3,3.841126270136551e-74
56.5,56,0.08079074523259913,mesosphere,production,HSO + O2 -> HS + O3,4.573059739547121e-100
56.5,56,0.08079074523259913,mesosphere,production,SO + O2 -> S + O3,2.750096196978688e-128
56.5,56,0.08079074523259913,mesosphere,production,O2 + O2 -> O1D + O3,4.011717460844836e-161
56.5,56,0.08079074523259913,mesosphere,production,SO2 + O2 -> SO + O3,1.8364570674271213e-137
56.5,56,0.08079074523259913,mesosphere,production,H2CO + HO2 -> CH3 + O3,2.3491420807970915e-118
56.5,56,0.08079074523259913,mesosphere,production,OCS + O2 -> CS + O3,2.185722712824225e-183
56.5,56,0.08079074523259913,mesosphere,loss,O3 + hv -> O + O2,22688.48605748797
56.5,56,0.08079074523259913,mesosphere,loss,O3 + hv -> O1D + O2,126186.84096341615
56.5,56,0.08079074523259913,mesosphere,loss,NO + O3 -> NO2 + O2,0.03439952698470902
56.5,56,0.08079074523259913,mesosphere,loss,OH + O3 -> HO2 + O2,6.728092761596455
56.5,56,0.08079074523259913,mesosphere,loss,H + O3 -> OH + O2,18603.135819218278
56.5,56,0.08079074523259913,mesosphere,loss,O + O3 -> O2 + O2,4.481710270293036
56.5,56,0.08079074523259913,mesosphere,loss,O3 + M -> O + O2 + M,3.977879545401549e-16
56.5,56,0.08079074523259913,mesosphere,loss,O1D + O3 -> O2 + O2,0.003943645839888005
56.5,56,0.08079074523259913,mesosphere,loss,CH3 + O3 -> H2CO + HO2,0.006622454780453729
56.5,56,0.08079074523259913,mesosphere,loss,NO2 + O3 -> NO3 + O2,1.173196426765157e-09
56.5,56,0.08079074523259913,mesosphere,loss,HS + O3 -> HSO + O2,1.5811557975416549e-12
56.5,56,0.08079074523259913,mesosphere,loss,SO + O3 -> SO2 + O2,1.104857155672159e-10
56.5,56,0.08079074523259913,mesosphere,loss,S + O3 -> SO + O2,2.861557267968589e-11
56.5,56,0.08079074523259913,mesosphere,loss,SO2 + O3 -> SO3 + O2,1.0257283209174712e-23
56.5,56,0.08079074523259913,mesosphere,loss,Cl + O3 -> ClO + O2,7.409141634012238e-29
56.5,56,0.08079074523259913,mesosphere,loss,CS + O3 -> OCS + O2,8.335596880499834e-23
57.5,57,0.06692014012111966,mesosphere,production,O + O2 + M -> O3 + M,90449.07872746242
57.5,57,0.06692014012111966,mesosphere,production,NO3 + O2 -> NO2 + O3,4.9328237307177135e-39
57.5,57,0.06692014012111966,mesosphere,production,HO2 + O2 -> OH + O3,7.897901407272576e-48
57.5,57,0.06692014012111966,mesosphere,production,NO2 + O2 -> NO + O3,1.7587087919932575e-60
57.5,57,0.06692014012111966,mesosphere,production,OH + O2 -> H + O3,2.8041456239943124e-90
57.5,57,0.06692014012111966,mesosphere,production,O2 + O2 -> O + O3,5.848399871479923e-110
57.5,57,0.06692014012111966,mesosphere,production,SO3 + O2 -> SO2 + O3,2.681149703334527e-91
57.5,57,0.06692014012111966,mesosphere,production,ClO + O2 -> Cl + O3,3.737581855272242e-74
57.5,57,0.06692014012111966,mesosphere,production,HSO + O2 -> HS + O3,7.05983087070598e-100
57.5,57,0.06692014012111966,mesosphere,production,SO + O2 -> S + O3,5.895749730092742e-128
57.5,57,0.06692014012111966,mesosphere,production,O2 + O2 -> O1D + O3,9.582265544133125e-161
57.5,57,0.06692014012111966,mesosphere,production,SO2 + O2 -> SO + O3,3.979717782757023e-137
57.5,57,0.06692014012111966,mesosphere,production,H2CO + HO2 -> CH3 + O3,4.372256848640218e-118
57.5,57,0.06692014012111966,mesosphere,production,OCS + O2 -> CS + O3,7.666666356066938e-183
57.5,57,0.06692014012111966,mesosphere,loss,O3 + hv -> O + O2,14834.493487012282
57.5,57,0.06692014012111966,mesosphere,loss,O3 + hv -> O1D + O2,82510.79158697424
57.5,57,0.06692014012111966,mesosphere,loss,NO + O3 -> NO2 + O2,0.023150779080672642
57.5,57,0.06692014012111966,mesosphere,loss,OH + O3 -> HO2 + O2,4.177293594659608
57.5,57,0.06692014012111966,mesosphere,loss,H + O3 -> OH + O2,17461.257525189365
57.5,57,0.06692014012111966,mesosphere,loss,O + O3 -> O2 + O2,3.1199742559870174
57.5,57,0.06692014012111966,mesosphere,loss,O3 + M -> O + O2 + M,2.6647836035163464e-16
57.5,57,0.06692014012111966,mesosphere,loss,O1D + O3 -> O2 + O2,0.002399728026524629
57.5,57,0.06692014012111966,mesosphere,loss,CH3 + O3 -> H2CO + HO2,0.0035306938332212976
57.5,57,0.06692014012111966,mesosphere,loss,NO2 + O3 -> NO3 + O2,6.826144057451082e-10
57.5,57,0.06692014012111966,mesosphere,loss,HS + O3 -> HSO + O2,1.0091683933673113e-12
57.5,57,0.06692014012111966,mesosphere,loss,SO + O3 -> SO2 + O2,7.835431084096069e-11
57.5,57,0.06692014012111966,mesosphere,loss,S + O3 -> SO + O2,2.268301489617002e-11
57.5,57,0.06692014012111966,mesosphere,loss,SO2 + O3 -> SO3 + O2,7.489727505205453e-24
57.5,57,0.06692014012111966,mesosphere,loss,Cl + O3 -> ClO + O2,4.0179857032985667e-29
57.5,57,0.06692014012111966,mesosphere,loss,CS + O3 -> OCS + O2,6.179270916926276e-23
58.5,58,0.055473974170833704,mesosphere,production,O + O2 + M -> O3 + M,62945.719442130794
58.5,58,0.055473974170833704,mesosphere,production,NO3 + O2 -> NO2 + O3,3.775332771571781e-39
58.5,58,0.055473974170833704,mesosphere,production,HO2 + O2 -> OH + O3,1.0764992677945745e-47
58.5,58,0.055473974170833704,mesosphere,production,NO2 + O2 -> NO + O3,2.365563752525914e-60
58.5,58,0.055473974170833704,mesosphere,production,OH + O2 -> H + O3,6.09820875690741e-90
58.5,58,0.055473974170833704,mesosphere,production,O2 + O2 -> O + O3,1.4683571930706183e-109
58.5,58,0.055473974170833704,mesosphere,production,SO3 + O2 -> SO2 + O3,6.069150864295529e-91
58.5,58,0.055473974170833704,mesosphere,production,ClO + O2 -> Cl + O3,4.309388374538637e-74
58.5,58,0.055473974170833704,mesosphere,production,HSO + O2 -> HS + O3,1.4445196707684542e-99
58.5,58,0.055473974170833704,mesosphere,production,SO + O2 -> S + O3,1.89401407715402e-127
58.5,58,0.055473974170833704,mesosphere,production,O2 + O2 -> O1D + O3,4.17797684793737e-160
58.5,58,0.055473974170833704,mesosphere,production,SO2 + O2 -> SO + O3,1.3406482818069967e-136
58.5,58,0.055473974170833704,mesosphere,production,H2CO + HO2 -> CH3 + O3,1.1858681843264853e-117
58.5,58,0.055473974170833704,mesosphere,production,OCS + O2 -> CS + O3,4.744681108656569e-182
58.5,58,0.055473974170833704,mesosphere,loss,O3 + hv -> O + O2,9483.708822850578
58.5,58,0.055473974170833704,mesosphere,loss,O3 + hv -> O1D + O2,52752.41107181569
58.5,58,0.055473974170833704,mesosphere,loss,NO + O3 -> NO2 + O2,0.015462771900542904
58.5,58,0.055473974170833704,mesosphere,loss,OH + O3 -> HO2 + O2,2.5487029827772405
58.5,58,0.055473974170833704,mesosphere,loss,H + O3 -> OH + O2,16282.378747833953
58.5,58,0.055473974170833704,mesosphere,loss,O + O3 -> O2 + O2,2.176934238516109
58.5,58,0.055473974170833704,mesosphere,loss,O3 + M -> O + O2 + M,1.934955337768564e-16
58.5,58,0.055473974170833704,mesosphere,loss,O1D + O3 -> O2 + O2,0.0015686906096561539
58.5,58,0.055473974170833704,mesosphere,loss,CH3 + O3 -> H2CO + HO2,0.0017951812890662864
58.5,58,0.055473974170833704,mesosphere,loss,NO2 + O3 -> NO3 + O2,3.879543543673937e-10
58.5,58,0.055473974170833704,mesosphere,loss,HS + O3 -> HSO + O2,6.108738396796864e-13
58.5,58,0.055473974170833704,mesosphere,loss,SO + O3 -> SO2 + O2,5.353681776543984e-11
58.5,58,0.055473974170833704,mesosphere,loss,S + O3 -> SO + O2,1.7107260599724124e-11
58.5,58,0.055473974170833704,mesosphere,loss,SO2 + O3 -> SO3 + O2,5.5146668296055465e-24
58.5,58,0.055473974170833704,mesosphere,loss,Cl + O3 -> ClO + O2,2.133581634023031e-29
58.5,58,0.055473974170833704,mesosphere,loss,CS + O3 -> OCS + O2,4.168118272185152e-23
59.5,59,0.04602819580982459,mesosphere,production,O + O2 + M -> O3 + M,43610.93293745819
59.5,59,0.04602819580982459,mesosphere,production,NO3 + O2 -> NO2 + O3,2.7996890727936836e-39
59.5,59,0.04602819580982459,mesosphere,production,HO2 + O2 -> OH + O3,1.5300199067102356e-47
59.5,59,0.04602819580982459,mesosphere,production,NO2 + O2 -> NO + O3,3.2044341992074244e-60
59.5,59,0.04602819580982459,mesosphere,production,OH + O2 -> H + O3,1.3800272048471058e-89
59.5,59,0.04602819580982459,mesosphere,production,O2 + O2 -> O + O3,3.6438832529331585e-109
59.5,59,0.04602819580982459,mesosphere,production,SO3 + O2 -> SO2 + O3,1.2085735138747842e-90
59.5,59,0.04602819580982459,mesosphere,production,ClO + O2 -> Cl + O3,4.950925402368347e-74
59.5,59,0.04602819580982459,mesosphere,production,HSO + O2 -> HS + O3,2.8490371530570706e-99
59.5,59,0.04602819580982459,mesosphere,production,SO + O2 -> S + O3,5.570165714744202e-127
59.5,59,0.04602819580982459,mesosphere,production,O2 + O2 -> O1D + O3,1.7902274454053117e-159
59.5,59,0.04602819580982459,mesosphere,production,SO2 + O2 -> SO + O3,4.337331859830367e-136
59.5,59,0.04602819580982459,mesosphere,production,H2CO + HO2 -> CH3 + O3,3.1643571896283667e-117
59.5,59,0.04602819580982459,mesosphere,production,OCS + O2 -> CS + O3,2.850999548021134e-181
59.5,59,0.04602819580982459,mesosphere,loss,O3 + hv -> O + O2,5784.95283588939
59.5,59,0.04602819580982459,mesosphere,loss,O3 + hv -> O1D + O2,32180.118829114603
59.5,59,0.04602819580982459,mesosphere,loss,NO + O3 -> NO2 + O2,0.009906612879711119
59.5,59,0.04602819580982459,mesosphere,loss,OH + O3 -> HO2 + O2,1.5589278792374737
59.5,59,0.04602819580982459,mesosphere,loss,H + O3 -> OH + O2,15162.356349721736
59.5,59,0.04602819580982459,mesosphere,loss,O + O3 -> O2 + O2,1.4392111399500815
59.5,59,0.04602819580982459,mesosphere,loss,O3 + M -> O + O2 + M,1.3373873681596467e-16
59.5,59,0.04602819580982459,mesosphere,loss,O1D + O3 -> O2 + O2,0.0010869135460484106
59.5,59,0.04602819580982459,mesosphere,loss,CH3 + O3 -> H2CO + HO2,0.0008643019266937118
59.5,59,0.04602819580982459,mesosphere,loss,NO2 + O3 -> NO3 + O2,2.1301125993580704e-10
59.5,59,0.04602819580982459,mesosphere,loss,HS + O3 -> HSO + O2,3.43991080483972e-13
59.5,59,0.04602819580982459,mesosphere,loss,SO + O3 -> SO2 + O2,3.235399636791172e-11
59.5,59,0.04602819580982459,mesosphere,loss,S + O3 -> SO + O2,1.1894882168748076e-11
59.5,59,0.04602819580982459,mesosphere,loss,SO2 + O3 -> SO3 + O2,3.766530387379803e-24
59.5,59,0.04602819580982459,mesosphere,loss,Cl + O3 -> ClO + O2,1.081966808927819e-29
59.5,59,0.04602819580982459,mesosphere,loss,CS + O3 -> OCS + O2,2.5645795450623852e-23
60.5,60,0.038234363853244635,mesosphere,production,O + O2 + M -> O3 + M,35235.97289421127
60.5,60,0.038234363853244635,mesosphere,production,NO3 + O2 -> NO2 + O3,2.077368254523678e-39
60.5,60,0.038234363853244635,mesosphere,production,HO2 + O2 -> OH + O3,2.9610960861517656e-47
60.5,60,0.038234363853244635,mesosphere,production,NO2 + O2 -> NO + O3,5.284215880627875e-60
60.5,60,0.038234363853244635,mesosphere,production,OH + O2 -> H + O3,5.6601755349634664e-89
60.5,60,0.038234363853244635,mesosphere,production,O2 + O2 -> O + O3,1.9029038776691384e-108
60.5,60,0.038234363853244635,mesosphere,production,SO3 + O2 -> SO2 + O3,3.7542912711121734e-90
60.5,60,0.038234363853244635,mesosphere,production,ClO + O2 -> Cl + O3,7.666131037018846e-74
60.5,60,0.038234363853244635,mesosphere,production,HSO + O2 -> HS + O3,8.031368202689763e-99
60.5,60,0.038234363853244635,mesosphere,production,SO + O2 -> S + O3,3.4180074619845907e-126
60.5,60,0.038234363853244635,mesosphere,production,O2 + O2 -> O1D + O3,2.2139556742381084e-158
60.5,60,0.038234363853244635,mesosphere,production,SO2 + O2 -> SO + O3,3.1306329911717825e-135
60.5,60,0.038234363853244635,mesosphere,production,H2CO + HO2 -> CH3 + O3,1.619956240109185e-116
60.5,60,0.038234363853244635,mesosphere,production,OCS + O2 -> CS + O3,4.760363506561318e-180
60.5,60,0.038234363853244635,mesosphere,loss,O3 + hv -> O + O2,3658.3833814929026
60.5,60,0.038234363853244635,mesosphere,loss,O3 + hv -> O1D + O2,20351.665095308064
60.5,60,0.038234363853244635,mesosphere,loss,NO + O3 -> NO2 + O2,0.006728859911364322
60.5,60,0.038234363853244635,mesosphere,loss,OH + O3 -> HO2 + O2,1.0032642947312742
60.5,60,0.038234363853244635,mesosphere,loss,H + O3 -> OH + O2,17295.04484281109
60.5,60,0.038234363853244635,mesosphere,loss,O + O3 -> O2 + O2,1.1981811902703903
60.5,60,0.038234363853244635,mesosphere,loss,O3 + M -> O + O2 + M,1.1488008605548405e-16
60.5,60,0.038234363853244635,mesosphere,loss,O1D + O3 -> O2 + O2,0.0008807716361212727
60.5,60,0.038234363853244635,mesosphere,loss,CH3 + O3 -> H2CO + HO2,0.00036413143865075506
60.5,60,0.038234363853244635,mesosphere,loss,NO2 + O3 -> NO3 + O2,1.0447998324333044e-10
60.5,60,0.038234363853244635,mesosphere,loss,HS + O3 -> HSO + O2,1.6547046658453798e-13
60.5,60,0.038234363853244635,mesosphere,loss,SO + O3 -> SO2 + O2,2.021120531553561e-11
60.5,60,0.038234363853244635,mesosphere,loss,S + O3 -> SO + O2,8.376186587216583e-12
60.5,60,0.038234363853244635,mesosphere,loss,SO2 + O3 -> SO3 + O2,2.888147545637769e-24
60.5,60,0.038234363853244635,mesosphere,loss,Cl + O3 -> ClO + O2,5.701167593505629e-30
60.5,60,0.038234363853244635,mesosphere,loss,CS + O3 -> OCS + O2,1.2928366735958518e-23
61.5,61,0.031805346751674866,mesosphere,production,O + O2 + M -> O3 + M,54676.11936463122
61.5,61,0.031805346751674866,mesosphere,production,NO3 + O2 -> NO2 + O3,9.450475224540475e-40
61.5,61,0.031805346751674866,mesosphere,production,HO2 + O2 -> OH + O3,3.3320841254369583e-47
61.5,61,0.031805346751674866,mesosphere,production,NO2 + O2 -> NO + O3,4.122589638566638e-60
61.5,61,0.031805346751674866,mesosphere,production,OH + O2 -> H + O3,1.360274630540878e-88
61.5,61,0.031805346751674866,mesosphere,production,O2 + O2 -> O + O3,9.72512358044041e-108
61.5,61,0.031805346751674866,mesosphere,production,SO3 + O2 -> SO2 + O3,1.045216999585472e-89
61.5,61,0.031805346751674866,mesosphere,production,ClO + O2 -> Cl + O3,1.1785986726693103e-73
61.5,61,0.031805346751674866,mesosphere,production,HSO + O2 -> HS + O3,1.1423552088669849e-98
61.5,61,0.031805346751674866,mesosphere,production,SO + O2 -> S + O3,3.3193373542360153e-125
61.5,61,0.031805346751674866,mesosphere,production,O2 + O2 -> O1D + O3,2.653372966676374e-157
61.5,61,0.031805346751674866,mesosphere,production,SO2 + O2 -> SO + O3,2.130663145303013e-134
61.5,61,0.031805346751674866,mesosphere,production,H2CO + HO2 -> CH3 + O3,4.983629128421905e-116
61.5,61,0.031805346751674866,mesosphere,production,OCS + O2 -> CS + O3,7.842787708304694e-179
61.5,61,0.031805346751674866,mesosphere,loss,O3 + hv -> O + O2,3882.6719126724524
61.5,61,0.031805346751674866,mesosphere,loss,O3 + hv -> O1D + O2,21600.635397622253
61.5,61,0.031805346751674866,mesosphere,loss,NO + O3 -> NO2 + O2,0.00766396027015505
61.5,61,0.031805346751674866,mesosphere,loss,OH + O3 -> HO2 + O2,0.6459787295323949
61.5,61,0.031805346751674866,mesosphere,loss,H + O3 -> OH + O2,35622.88456889971
61.5,61,0.031805346751674866,mesosphere,loss,O + O3 -> O2 + O2,3.204611356818131
61.5,61,0.031805346751674866,mesosphere,loss,O3 + M -> O + O2 + M,1.6489952601738214e-16
61.5,61,0.031805346751674866,mesosphere,loss,O1D + O3 -> O2 + O2,0.0013675993911741891
61.5,61,0.031805346751674866,mesosphere,loss,CH3 + O3 -> H2CO + HO2,0.0001345488993812047
61.5,61,0.031805346751674866,mesosphere,loss,NO2 + O3 -> NO3 + O2,4.109652968482409e-11
61.5,61,0.031805346751674866,mesosphere,loss,HS + O3 -> HSO + O2,6.740517753710258e-14
61.5,61,0.031805346751674866,mesosphere,loss,SO + O3 -> SO2 + O2,3.4285647383106154e-11
61.5,61,0.031805346751674866,mesosphere,loss,S + O3 -> SO + O2,1.0617836917746997e-11
61.5,61,0.031805346751674866,mesosphere,loss,SO2 + O3 -> SO3 + O2,3.581355108930369e-24
61.5,61,0.031805346751674866,mesosphere,loss,Cl + O3 -> ClO + O2,5.048307702282983e-30
61.5,61,0.031805346751674866,mesosphere,loss,CS + O3 -> OCS + O2,6.39515609024345e-24
62.5,62,0.02649548696163424,mesosphere,production,O + O2 + M -> O3 + M,105732.04048759225
62.5,62,0.02649548696163424,mesosphere,production,NO3 + O2 -> NO2 + O3,5.758951950987431e-40
62.5,62,0.02649548696163424,mesosphere,production,HO2 + O2 -> OH + O3,2.4211479139371537e-47
62.5,62,0.02649548696163424,mesosphere,production,NO2 + O2 -> NO + O3,3.7665139493759914e-60
62.5,62,0.02649548696163424,mesosphere,production,OH + O2 -> H + O3,2.2849778236299932e-88
62.5,62,0.02649548696163424,mesosphere,production,O2 + O2 -> O + O3,5.54302082708162e-107
62.5,62,0.02649548696163424,mesosphere,production,SO3 + O2 -> SO2 + O3,2.9882201745011392e-89
62.5,62,0.02649548696163424,mesosphere,production,ClO + O2 -> Cl + O3,1.8947792145403044e-73
62.5,62,0.02649548696163424,mesosphere,production,HSO + O2 -> HS + O3,1.2500686924248313e-98
62.5,62,0.02649548696163424,mesosphere,production,SO + O2 -> S + O3,5.139807601941192e-124
62.5,62,0.02649548696163424,mesosphere,production,O2 + O2 -> O1D + O3,3.718796363054539e-156
62.5,62,0.02649548696163424,mesosphere,production,SO2 + O2 -> SO + O3,1.5498741661345916e-133
62.5,62,0.02649548696163424,mesosphere,production,H2CO + HO2 -> CH3 + O3,7.729616563802443e-116
62.5,62,0.02649548696163424,mesosphere,production,OCS + O2 -> CS + O3,1.5104866086418835e-177
62.5,62,0.02649548696163424,mesosphere,loss,O3 + hv -> O + O2,5715.2988417560955
62.5,62,0.02649548696163424,mesosphere,loss,O3 + hv -> O1D + O2,31798.388936517615
62.5,62,0.02649548696163424,mesosphere,loss,NO + O3 -> NO2 + O2,0.01177010877182166
62.5,62,0.02649548696163424,mesosphere,loss,OH + O3 -> HO2 + O2,0.37010158796639503
62.5,62,0.02649548696163424,mesosphere,loss,H + O3 -> OH + O2,77579.83395699317
62.5,62,0.02649548696163424,mesosphere,loss,O + O3 -> O2 + O2,14.909485745832068
62.5,62,0.02649548696163424,mesosphere,loss,O3 + M -> O + O2 + M,3.3773504666209304e-16
62.5,62,0.02649548696163424,mesosphere,loss,O1D + O3 -> O2 + O2,0.003061976091838684
62.5,62,0.02649548696163424,mesosphere,loss,CH3 + O3 -> H2CO + HO2,5.575314392878421e-05
62.5,62,0.02649548696163424,mesosphere,loss,NO2 + O3 -> NO3 + O2,2.496083246561203e-11
62.5,62,0.02649548696163424,mesosphere,loss,HS + O3 -> HSO + O2,2.6909948499468597e-14
62.5,62,0.02649548696163424,mesosphere,loss,SO + O3 -> SO2 + O2,1.1527556772320013e-10
62.5,62,0.02649548696163424,mesosphere,loss,S + O3 -> SO + O2,2.2124383909716413e-11
62.5,62,0.02649548696163424,mesosphere,loss,SO2 + O3 -> SO3 + O2,5.914070196816496e-24
62.5,62,0.02649548696163424,mesosphere,loss,Cl + O3 -> ClO + O2,6.209655205401759e-30
62.5,62,0.02649548696163424,mesosphere,loss,CS + O3 -> OCS + O2,1.2717274189129548e-23
63.5,63,0.022106190147793556,mesosphere,production,O + O2 + M -> O3 + M,150496.24630580234
63.5,63,0.022106190147793556,mesosphere,production,NO3 + O2 -> NO2 + O3,5.412964652811945e-40
63.5,63,0.022106190147793556,mesosphere,production,HO2 + O2 -> OH + O3,2.0358085726104137e-47
63.5,63,0.022106190147793556,mesosphere,production,NO2 + O2 -> NO + O3,6.145816743185005e-60
63.5,63,0.022106190147793556,mesosphere,production,OH + O2 -> H + O3,5.034758915431159e-88
63.5,63,0.022106190147793556,mesosphere,production,O2 + O2 -> O + O3,3.734922333002233e-106
63.5,63,0.022106190147793556,mesosphere,production,SO3 + O2 -> SO2 + O3,9.427162729138291e-89
63.5,63,0.022106190147793556,mesosphere,production,ClO + O2 -> Cl + O3,3.2595114109313985e-73
63.5,63,0.022106190147793556,mesosphere,production,HSO + O2 -> HS + O3,1.706014408289274e-98
63.5,63,0.022106190147793556,mesosphere,production,SO + O2 -> S + O3,7.235934732816911e-123
63.5,63,0.022106190147793556,mesosphere,production,O2 + O2 -> O1D + O3,6.632623892613894e-155
63.5,63,0.022106190147793556,mesosphere,production,SO2 + O2 -> SO + O3,1.2971853123710089e-132
63.5,63,0.022106190147793556,mesosphere,production,H2CO + HO2 -> CH3 + O3,1.1815277542110497e-115
63.5,63,0.022106190147793556,mesosphere,production,OCS + O2 -> CS + O3,3.482879378210301e-176
63.5,63,0.022106190147793556,mesosphere,loss,O3 + hv -> O + O2,7066.571575924587
63.5,63,0.022106190147793556,mesosphere,loss,O3 + hv -> O1D + O2,39319.8045571086
63.5,63,0.022106190147793556,mesosphere,loss,NO + O3 -> NO2 + O2,0.013202394054161693
63.5,63,0.022106190147793556,mesosphere,loss,OH + O3 -> HO2 + O2,0.20471592498012436
63.5,63,0.022106190147793556,mesosphere,loss,H + O3 -> OH + O2,115636.15714124273
63.5,63,0.022106190147793556,mesosphere,loss,O + O3 -> O2 + O2,43.38509894761727
63.5,63,0.022106190147793556,mesosphere,loss,O3 + M -> O + O2 + M,6.067868880817751e-16
63.5,63,0.022106190147793556,mesosphere,loss,O1D + O3 -> O2 + O2,0.005419654175804167
63.5,63,0.022106190147793556,mesosphere,loss,CH3 + O3 -> H2CO + HO2,2.6435819282763945e-05
63.5,63,0.022106190147793556,mesosphere,loss,NO2 + O3 -> NO3 + O2,2.104637801580579e-11
63.5,63,0.022106190147793556,mesosphere,loss,HS + O3 -> HSO + O2,1.0006114043063065e-14
63.5,63,0.022106190147793556,mesosphere,loss,SO + O3 -> SO2 + O2,2.499343795406594e-10
63.5,63,0.022106190147793556,mesosphere,loss,S + O3 -> SO + O2,3.9905277366043146e-11
63.5,63,0.022106190147793556,mesosphere,loss,SO2 + O3 -> SO3 + O2,7.999269901745212e-24
63.5,63,0.022106190147793556,mesosphere,loss,Cl + O3 -> ClO + O2,6.426917129819203e-30
63.5,63,0.022106190147793556,mesosphere,loss,CS + O3 -> OCS + O2,4.232192830400165e-23
64.5,64,0.018473426141791167,mesosphere,production,O + O2 + M -> O3 + M,167901.9001920362
64.5,64,0.018473426141791167,mesosphere,production,NO3 + O2 -> NO2 + O3,4.1848057073448936e-40
64.5,64,0.018473426141791167,mesosphere,production,HO2 + O2 -> OH + O3,1.8936297968120327e-47
64.5,64,0.018473426141791167,mesosphere,production,NO2 + O2 -> NO + O3,8.727188292072862e-60
64.5,64,0.018473426141791167,mesosphere,production,OH + O2 -> H + O3,1.2437226423051437e-87
64.5,64,0.018473426141791167,mesosphere,production,O2 + O2 -> O + O3,2.4075390581831175e-105
64.5,64,0.018473426141791167,mesosphere,production,SO3 + O2 -> SO2 + O3,2.833524748036988e-88
64.5,64,0.018473426141791167,mesosphere,production,ClO + O2 -> Cl + O3,5.51276575221051e-73
64.5,64,0.018473426141791167,mesosphere,production,HSO + O2 -> HS + O3,2.4602690804900462e-98
64.5,64,0.018473426141791167,mesosphere,production,SO + O2 -> S + O3,7.445431151692347e-122
64.5,64,0.018473426141791167,mesosphere,production,O2 + O2 -> O1D + O3,1.1142027856030871e-153
64.5,64,0.018473426141791167,mesosphere,production,SO2 + O2 -> SO + O3,1.018483594065862e-131
64.5,64,0.018473426141791167,mesosphere,production,H2CO + HO2 -> CH3 + O3,2.0363449828782605e-115
64.5,64,0.018473426141791167,mesosphere,production,OCS + O2 -> CS + O3,6.914876262193632e-175
64.5,64,0.018473426141791167,mesosphere,loss,O3 + hv -> O + O2,7434.576393669456
64.5,64,0.018473426141791167,mesosphere,loss,O3 + hv -> O1D + O2,41371.43472313583
64.5,64,0.018473426141791167,mesosphere,loss,NO + O3 -> NO2 + O2,0.009612450511774154
64.5,64,0.018473426141791167,mesosphere,loss,OH + O3 -> HO2 + O2,0.11158338903108142
64.5,64,0.018473426141791167,mesosphere,loss,H + O3 -> OH + O2,131184.78817364833
64.5,64,0.018473426141791167,mesosphere,loss,O + O3 -> O2 + O2,84.23460731366744
64.5,64,0.018473426141791167,mesosphere,loss,O3 + M -> O + O2 + M,9.207453852926649e-16
64.5,64,0.018473426141791167,mesosphere,loss,O1D + O3 -> O2 + O2,0.007672324710257728
64.5,64,0.018473426141791167,mesosphere,loss,CH3 + O3 -> H2CO + HO2,1.353617789262122e-05
64.5,64,0.018473426141791167,mesosphere,loss,NO2 + O3 -> NO3 + O2,1.3417746813028047e-11
64.5,64,0.018473426141791167,mesosphere,loss,HS + O3 -> HSO + O2,3.4619350741654425e-15
64.5,64,0.018473426141791167,mesosphere,loss,SO + O3 -> SO2 + O2,3.5083861845013496e-10
64.5,64,0.018473426141791167,mesosphere,loss,S + O3 -> SO + O2,5.627994144353997e-11
64.5,64,0.018473426141791167,mesosphere,loss,SO2 + O3 -> SO3 + O2,8.984180091206645e-24
64.5,64,0.018473426141791167,mesosphere,loss,Cl + O3 -> ClO + O2,5.6683195498248434e-30
64.5,64,0.018473426141791167,mesosphere,loss,CS + O3 -> OCS + O2,1.0276171573286269e-22
65.5,65,0.015462248912048705,mesosphere,production,O + O2 + M -> O3 + M,159616.11883048888
65.5,65,0.015462248912048705,mesosphere,production,NO3 + O2 -> NO2 + O3,2.773915318001176e-40
65.5,65,0.015462248912048705,mesosphere,production,HO2 + O2 -> OH + O3,1.9350637257467802e-47
65.5,65,0.015462248912048705,mesosphere,production,NO2 + O2 -> NO + O3,1.1018285998658486e-59
65.5,65,0.015462248912048705,mesosphere,production,OH + O2 -> H + O3,3.4301558477453704e-87
65.5,65,0.015462248912048705,mesosphere,production,O2 + O2 -> O + O3,1.5927538995342433e-104
65.5,65,0.015462248912048705,mesosphere,production,SO3 + O2 -> SO2 + O3,8.554098598972021e-88
65.5,65,0.015462248912048705,mesosphere,production,ClO + O2 -> Cl + O3,9.426042645914305e-73
65.5,65,0.015462248912048705,mesosphere,production,HSO + O2 -> HS + O3,3.899299207940239e-98
65.5,65,0.015462248912048705,mesosphere,production,SO + O2 -> S + O3,6.683623760894889e-121
65.5,65,0.015462248912048705,mesosphere,production,O2 + O2 -> O1D + O3,1.950050507486386e-152
65.5,65,0.015462248912048705,mesosphere,production,SO2 + O2 -> SO + O3,8.305857132735519e-131
65.5,65,0.015462248912048705,mesosphere,production,H2CO + HO2 -> CH3 + O3,4.384347154230906e-115
65.5,65,0.015462248912048705,mesosphere,production,OCS + O2 -> CS + O3,1.306361875636936e-173
65.5,65,0.015462248912048705,mesosphere,loss,O3 + hv -> O + O2,7012.667761529533
65.5,65,0.015462248912048705,mesosphere,loss,O3 + hv -> O1D + O2,39027.754886671966
65.5,65,0.015462248912048705,mesosphere,loss,NO + O3 -> NO2 + O2,0.005420025813109442
65.5,65,0.015462248912048705,mesosphere,loss,OH + O3 -> HO2 + O2,0.059506353917357445
65.5,65,0.015462248912048705,mesosphere,loss,H + O3 -> OH + O2,124937.41829921593
65.5,65,0.015462248912048705,mesosphere,loss,O + O3 -> O2 + O2,125.61453174193441
65.5,65,0.015462248912048705,mesosphere,loss,O3 + M -> O + O2 + M,1.2651849895032151e-15
65.5,65,0.015462248912048705,mesosphere,loss,O1D + O3 -> O2 + O2,0.009301771875622762
65.5,65,0.015462248912048705,mesosphere,loss,CH3 + O3 -> H2CO + HO2,7.189815765829575e-06
65.5,65,0.015462248912048705,mesosphere,loss,NO2 + O3 -> NO3 + O2,6.739161716920349e-12
65.5,65,0.015462248912048705,mesosphere,loss,HS + O3 -> HSO + O2,1.1564971697226792e-15
65.5,65,0.015462248912048705,mesosphere,loss,SO + O3 -> SO2 + O2,3.7367647727473377e-10
65.5,65,0.015462248912048705,mesosphere,loss,S + O3 -> SO + O2,6.535557394587188e-11
65.5,65,0.015462248912048705,mesosphere,loss,SO2 + O3 -> SO3 + O2,9.122105958823688e-24
65.5,65,0.015462248912048705,mesosphere,loss,Cl + O3 -> ClO + O2,4.489190649797913e-30
65.5,65,0.015462248912048705,mesosphere,loss,CS + O3 -> OCS + O2,1.877927559517379e-22
66.5,66,0.012962673948572135,mesosphere,production,O + O2 + M -> O3 + M,136219.7357142871
66.5,66,0.012962673948572135,mesosphere,production,NO3 + O2 -> NO2 + O3,1.8227297743024395e-40
66.5,66,0.012962673948572135,mesosphere,production,HO2 + O2 -> OH + O3,2.0724188899270595e-47
66.5,66,0.012962673948572135,mesosphere,production,NO2 + O2 -> NO + O3,1.3938811917535817e-59
66.5,66,0.012962673948572135,mesosphere,production,OH + O2 -> H + O3,9.80525835459852e-87
66.5,66,0.012962673948572135,mesosphere,production,O2 + O2 -> O + O3,1.0307533400197008e-103
66.5,66,0.012962673948572135,mesosphere,production,SO3 + O2 -> SO2 + O3,2.503237981084881e-87
66.5,66,0.012962673948572135,mesosphere,production,ClO + O2 -> Cl + O3,1.5983084825728154e-72
66.5,66,0.012962673948572135,mesosphere,production,HSO + O2 -> HS + O3,6.577129572269656e-98
66.5,66,0.012962673948572135,mesosphere,production,SO + O2 -> S + O3,5.4029950537183334e-120
66.5,66,0.012962673948572135,mesosphere,production,O2 + O2 -> O1D + O3,3.322116398719829e-151
66.5,66,0.012962673948572135,mesosphere,production,SO2 + O2 -> SO + O3,6.700015534997463e-130
66.5,66,0.012962673948572135,mesosphere,production,H2CO + HO2 -> CH3 + O3,1.0746000654965982e-114
66.5,66,0.012962673948572135,mesosphere,production,OCS + O2 -> CS + O3,2.2516299369434617e-172
66.5,66,0.012962673948572135,mesosphere,loss,O3 + hv -> O + O2,6135.921592208172
66.5,66,0.012962673948572135,mesosphere,loss,O3 + hv -> O1D + O2,34152.22034898692
66.5,66,0.012962673948572135,mesosphere,loss,NO + O3 -> NO2 + O2,0.002877526853563695
66.5,66,0.012962673948572135,mesosphere,loss,OH + O3 -> HO2 + O2,0.03095053925459964
66.5,66,0.012962673948572135,mesosphere,loss,H + O3 -> OH + O2,105831.93863248218
66.5,66,0.012962673948572135,mesosphere,loss,O + O3 -> O2 + O2,156.4939640772167
66.5,66,0.012962673948572135,mesosphere,loss,O3 + M -> O + O2 + M,1.6104148104439125e-15
66.5,66,0.012962673948572135,mesosphere,loss,O1D + O3 -> O2 + O2,0.010114861077650196
66.5,66,0.012962673948572135,mesosphere,loss,CH3 + O3 -> H2CO + HO2,3.8754817335555495e-06
66.5,66,0.012962673948572135,mesosphere,loss,NO2 + O3 -> NO3 + O2,3.179616125570976e-12
66.5,66,0.012962673948572135,mesosphere,loss,HS + O3 -> HSO + O2,3.869135381329601e-16
66.5,66,0.012962673948572135,mesosphere,loss,SO + O3 -> SO2 + O2,3.3808711797557483e-10
66.5,66,0.012962673948572135,mesosphere,loss,S + O3 -> SO + O2,6.690955397772814e-11
66.5,66,0.012962673948572135,mesosphere,loss,SO2 + O3 -> SO3 + O2,8.640091516903729e-24
66.5,66,0.012962673948572135,mesosphere,loss,Cl + O3 -> ClO + O2,3.303008935746028e-30
66.5,66,0.012962673948572135,mesosphere,loss,CS + O3 -> OCS + O2,2.8221238494116026e-22
67.5,67,0.0108844767317636,mesosphere,production,O + O2 + M -> O3 + M,107592.86689047974
67.5,67,0.0108844767317636,mesosphere,production,NO3 + O2 -> NO2 + O3,1.2096988553189135e-40
67.5,67,0.0108844767317636,mesosphere,production,HO2 + O2 -> OH + O3,2.2720101156165e-47
67.5,67,0.0108844767317636,mesosphere,production,NO2 + O2 -> NO + O3,1.7819110830633806e-59
67.5,67,0.0108844767317636,mesosphere,production,OH + O2 -> H + O3,2.807702994573797e-86
67.5,67,0.0108844767317636,mesosphere,production,O2 + O2 -> O + O3,6.416265058094548e-103
67.5,67,0.0108844767317636,mesosphere,production,SO3 + O2 -> SO2 + O3,7.011534952448495e-87
67.5,67,0.0108844767317636,mesosphere,production,ClO + O2 -> Cl + O3,2.6692878347479767e-72
67.5,67,0.0108844767317636,mesosphere,production,HSO + O2 -> HS + O3,1.1674381409558314e-97
67.5,67,0.0108844767317636,mesosphere,production,SO + O2 -> S + O3,4.054805921724591e-119
67.5,67,0.0108844767317636,mesosphere,production,O2 + O2 -> O1D + O3,5.380755494987615e-150
67.5,67,0.0108844767317636,mesosphere,production,SO2 + O2 -> SO + O3,5.2167351195452306e-129
67.5,67,0.0108844767317636,mesosphere,production,H2CO + HO2 -> CH3 + O3,2.8277224482701145e-114
67.5,67,0.0108844767317636,mesosphere,production,OCS + O2 -> CS + O3,3.548825916266163e-171
67.5,67,0.0108844767317636,mesosphere,loss,O3 + hv -> O + O2,5075.402716957578
67.5,67,0.0108844767317636,mesosphere,loss,O3 + hv -> O1D + O2,28252.70942178712
67.5,67,0.0108844767317636,mesosphere,loss,NO + O3 -> NO2 + O2,0.001492095591967779
67.5,67,0.0108844767317636,mesosphere,loss,OH + O3 -> HO2 + O2,0.015664085391212074
67.5,67,0.0108844767317636,mesosphere,loss,H + O3 -> OH + O2,82415.28220859666
67.5,67,0.0108844767317636,mesosphere,loss,O + O3 -> O2 + O2,171.0638089224716
67.5,67,0.0108844767317636,mesosphere,loss,O3 + M -> O + O2 + M,1.9277388880191697e-15
67.5,67,0.0108844767317636,mesosphere,loss,O1D + O3 -> O2 + O2,0.010124825096145191
67.5,67,0.0108844767317636,mesosphere,loss,CH3 + O3 -> H2CO + HO2,2.0916165643574136e-06
67.5,67,0.0108844767317636,mesosphere,loss,NO2 + O3 -> NO3 + O2,1.4598144851214621e-12
67.5,67,0.0108844767317636,mesosphere,loss,HS + O3 -> HSO + O2,1.3220492622986917e-16
67.5,67,0.0108844767317636,mesosphere,loss,SO + O3 -> SO2 + O2,2.774487830120072e-10
67.5,67,0.0108844767317636,mesosphere,loss,S + O3 -> SO + O2,6.333295123455975e-11
67.5,67,0.0108844767317636,mesosphere,loss,SO2 + O3 -> SO3 + O2,7.713272402384446e-24
67.5,67,0.0108844767317636,mesosphere,loss,Cl + O3 -> ClO + O2,2.3008583972061605e-30
67.5,67,0.0108844767317636,mesosphere,loss,CS + O3 -> OCS + O2,3.7033262125744245e-22
68.5,68,0.009154649073663647,mesosphere,production,O + O2 + M -> O3 + M,79698.33904474594
68.5,68,0.009154649073663647,mesosphere,production,NO3 + O2 -> NO2 + O3,8.655552741514812e-41
68.5,68,0.009154649073663647,mesosphere,production,HO2 + O2 -> OH + O3,2.8310020554342393e-47
68.5,68,0.009154649073663647,mesosphere,production,NO2 + O2 -> NO + O3,2.6007598849526927e-59
68.5,68,0.009154649073663647,mesosphere,production,OH + O2 -> H + O3,9.82802420696007e-86
68.5,68,0.009154649073663647,mesosphere,production,O2 + O2 -> O + O3,5.0400810069778065e-102
68.5,68,0.009154649073663647,mesosphere,production,SO3 + O2 -> SO2 + O3,2.292943160320947e-86
68.5,68,0.009154649073663647,mesosphere,production,ClO + O2 -> Cl + O3,4.892940315608421e-72
68.5,68,0.009154649073663647,mesosphere,production,HSO + O2 -> HS + O3,2.657059194236064e-97
68.5,68,0.009154649073663647,mesosphere,production,SO + O2 -> S + O3,3.8171751218864687e-118
68.5,68,0.009154649073663647,mesosphere,production,O2 + O2 -> O1D + O3,1.220688703860873e-148
68.5,68,0.009154649073663647,mesosphere,production,SO2 + O2 -> SO + O3,5.260550467938067e-128
68.5,68,0.009154649073663647,mesosphere,production,H2CO + HO2 -> CH3 + O3,9.967406226187165e-114
68.5,68,0.009154649073663647,mesosphere,production,OCS + O2 -> CS + O3,7.56978974784475e-170
68.5,68,0.009154649073663647,mesosphere,loss,O3 + hv -> O + O2,3985.3709207063066
68.5,68,0.009154649073663647,mesosphere,loss,O3 + hv -> O1D + O2,22187.54423765166
68.5,68,0.009154649073663647,mesosphere,loss,NO + O3 -> NO2 + O2,0.000751290658332896
68.5,68,0.009154649073663647,mesosphere,loss,OH + O3 -> HO2 + O2,0.007646842993130641
68.5,68,0.009154649073663647,mesosphere,loss,H + O3 -> OH + O2,59894.46143418569
68.5,68,0.009154649073663647,mesosphere,loss,O + O3 -> O2 + O2,169.69754951683095
68.5,68,0.009154649073663647,mesosphere,loss,O3 + M -> O + O2 + M,2.3280237782386862e-15
68.5,68,0.009154649073663647,mesosphere,loss,O1D + O3 -> O2 + O2,0.0094009828572274
68.5,68,0.009154649073663647,mesosphere,loss,CH3 + O3 -> H2CO + HO2,1.114941877531276e-06
68.5,68,0.009154649073663647,mesosphere,loss,NO2 + O3 -> NO3 + O2,6.523080339061958e-13
68.5,68,0.009154649073663647,mesosphere,loss,HS + O3 -> HSO + O2,4.6138192638425874e-17
68.5,68,0.009154649073663647,mesosphere,loss,SO + O3 -> SO2 + O2,2.1385591741054679e-10
68.5,68,0.009154649073663647,mesosphere,loss,S + O3 -> SO + O2,5.6662197900459984e-11
68.5,68,0.009154649073663647,mesosphere,loss,SO2 + O3 -> SO3 + O2,6.712286537559865e-24
68.5,68,0.009154649073663647,mesosphere,loss,Cl + O3 -> ClO + O2,1.5244092589297501e-30
68.5,68,0.009154649073663647,mesosphere,loss,CS + O3 -> OCS + O2,4.355587563754896e-22
69.5,69,0.007713066965089363,mesosphere,production,O + O2 + M -> O3 + M,56352.71163360975
69.5,69,0.007713066965089363,mesosphere,production,NO3 + O2 -> NO2 + O3,6.148495638371702e-41
69.5,69,0.007713066965089363,mesosphere,production,HO2 + O2 -> OH + O3,3.5257199779544816e-47
69.5,69,0.007713066965089363,mesosphere,production,NO2 + O2 -> NO + O3,3.735976583957742e-59
69.5,69,0.007713066965089363,mesosphere,production,OH + O2 -> H + O3,3.3306977458348993e-85
69.5,69,0.007713066965089363,mesosphere,production,O2 + O2 -> O + O3,3.734181702444057e-101
69.5,69,0.007713066965089363,mesosphere,production,SO3 + O2 -> SO2 + O3,7.081045040709193e-86
69.5,69,0.007713066965089363,mesosphere,production,ClO + O2 -> Cl + O3,8.76482940009789e-72
69.5,69,0.007713066965089363,mesosphere,production,HSO + O2 -> HS + O3,6.200227147080527e-97
69.5,69,0.007713066965089363,mesosphere,production,SO + O2 -> S + O3,3.383140118098776e-117
69.5,69,0.007713066965089363,mesosphere,production,O2 + O2 -> O1D + O3,2.5616307525100116e-147
69.5,69,0.007713066965089363,mesosphere,production,SO2 + O2 -> SO + O3,4.950199818400918e-127
69.5,69,0.007713066965089363,mesosphere,production,H2CO + HO2 -> CH3 + O3,3.547729243633639e-113
69.5,69,0.007713066965089363,mesosphere,production,OCS + O2 -> CS + O3,1.4822924882837413e-168
69.5,69,0.007713066965089363,mesosphere,loss,O3 + hv -> O + O2,3010.912189344672
69.5,69,0.007713066965089363,mesosphere,loss,O3 + hv -> O1D + O2,16764.434903280915
69.5,69,0.007713066965089363,mesosphere,loss,NO + O3 -> NO2 + O2,0.0003689200512533243
69.5,69,0.007713066965089363,mesosphere,loss,OH + O3 -> HO2 + O2,0.00362683715314885
69.5,69,0.007713066965089363,mesosphere,loss,H + O3 -> OH + O2,41363.88218949759
69.5,69,0.007713066965089363,mesosphere,loss,O + O3 -> O2 + O2,154.96257805457617
69.5,69,0.007713066965089363,mesosphere,loss,O3 + M -> O + O2 + M,2.6791956821609865e-15
69.5,69,0.007713066965089363,mesosphere,loss,O1D + O3 -> O2 + O2,0.008220541921139931
69.5,69,0.007713066965089363,mesosphere,loss,CH3 + O3 -> H2CO + HO2,5.876914269646067e-07
69.5,69,0.007713066965089363,mesosphere,loss,NO2 + O3 -> NO3 + O2,2.8373595565996243e-13
69.5,69,0.007713066965089363,mesosphere,loss,HS + O3 -> HSO + O2,1.6537169545319517e-17
69.5,69,0.007713066965089363,mesosphere,loss,SO + O3 -> SO2 + O2,1.5725440744030622e-10
69.5,69,0.007713066965089363,mesosphere,loss,S + O3 -> SO + O2,4.884084447402021e-11
69.5,69,0.007713066965089363,mesosphere,loss,SO2 + O3 -> SO3 + O2,5.518100150178338e-24
69.5,69,0.007713066965089363,mesosphere,loss,Cl + O3 -> ClO + O2,9.732662524014769e-31
69.5,69,0.007713066965089363,mesosphere,loss,CS + O3 -> OCS + O2,4.732397676677855e-22
70.5,70,0.006510547526531804,mesosphere,production,O + O2 + M -> O3 + M,37954.4200300238
70.5,70,0.006510547526531804,mesosphere,production,NO3 + O2 -> NO2 + O3,4.968767970080993e-41
70.5,70,0.006510547526531804,mesosphere,production,HO2 + O2 -> OH + O3,5.407792550773899e-47
70.5,70,0.006510547526531804,mesosphere,production,NO2 + O2 -> NO + O3,6.757632569349022e-59
70.5,70,0.006510547526531804,mesosphere,production,OH + O2 -> H + O3,1.6097934848627102e-84
70.5,70,0.006510547526531804,mesosphere,production,O2 + O2 -> O + O3,4.316634480116479e-100
70.5,70,0.006510547526531804,mesosphere,production,SO3 + O2 -> SO2 + O3,2.9872034538522967e-85
70.5,70,0.006510547526531804,mesosphere,production,ClO + O2 -> Cl + O3,1.8756378543807216e-71
70.5,70,0.006510547526531804,mesosphere,production,HSO + O2 -> HS + O3,2.140993148940732e-96
70.5,70,0.006510547526531804,mesosphere,production,SO + O2 -> S + O3,4.734304320467888e-116
70.5,70,0.006510547526531804,mesosphere,production,O2 + O2 -> O1D + O3,1.0192919739404144e-145
70.5,70,0.006510547526531804,mesosphere,production,SO2 + O2 -> SO + O3,7.55485170771059e-126
70.5,70,0.006510547526531804,mesosphere,production,H2CO + HO2 -> CH3 + O3,2.001023390691175e-112
70.5,70,0.006510547526531804,mesosphere,production,OCS + O2 -> CS + O3,5.330482230945608e-167
70.5,70,0.006510547526531804,mesosphere,loss,O3 + hv -> O + O2,2170.5933318851376
70.5,70,0.006510547526531804,mesosphere,loss,O3 + hv -> O1D + O2,12086.992682018745
70.5,70,0.006510547526531804,mesosphere,loss,NO + O3 -> NO2 + O2,0.00017572579737686945
70.5,70,0.006510547526531804,mesosphere,loss,OH + O3 -> HO2 + O2,0.001648679439893546
70.5,70,0.006510547526531804,mesosphere,loss,H + O3 -> OH + O2,27127.918450841255
70.5,70,0.006510547526531804,mesosphere,loss,O + O3 -> O2 + O2,132.80548748117988
70.5,70,0.006510547526531804,mesosphere,loss,O3 + M -> O + O2 + M,3.292469331402536e-15
70.5,70,0.006510547526531804,mesosphere,loss,O1D + O3 -> O2 + O2,0.0067179630986195235
70.5,70,0.006510547526531804,mesosphere,loss,CH3 + O3 -> H2CO + HO2,3.0254691495320344e-07
70.5,70,0.006510547526531804,mesosphere,loss,NO2 + O3 -> NO3 + O2,1.2066755252409376e-13
70.5,70,0.006510547526531804,mesosphere,loss,HS + O3 -> HSO + O2,5.998056567214096e-18
70.5,70,0.006510547526531804,mesosphere,loss,SO + O3 -> SO2 + O2,1.1124592161762128e-10
70.5,70,0.006510547526531804,mesosphere,loss,S + O3 -> SO + O2,4.0443129656722465e-11
70.5,70,0.006510547526531804,mesosphere,loss,SO2 + O3 -> SO3 + O2,4.526625474534878e-24
70.5,70,0.006510547526531804,mesosphere,loss,Cl + O3 -> ClO + O2,5.943111675609129e-31
70.5,70,0.006510547526531804,mesosphere,loss,CS + O3 -> OCS + O2,4.729378420551515e-22
71.5,71,0.005508691369885596,mesosphere,production,O + O2 + M -> O3 + M,24124.811354527243
71.5,71,0.005508691369885596,mesosphere,production,NO3 + O2 -> NO2 + O3,5.682276415789518e-41
71.5,71,0.005508691369885596,mesosphere,production,HO2 + O2 -> OH + O3,1.4137261863041622e-46
71.5,71,0.005508691369885596,mesosphere,production,NO2 + O2 -> NO + O3,2.269353538851255e-58
71.5,71,0.005508691369885596,mesosphere,production,OH + O2 -> H + O3,2.022276665418436e-83
71.5,71,0.005508691369885596,mesosphere,production,O2 + O2 -> O + O3,1.688659316478818e-98
71.5,71,0.005508691369885596,mesosphere,production,SO3 + O2 -> SO2 + O3,3.035213292632586e-84
71.5,71,0.005508691369885596,mesosphere,production,ClO + O2 -> Cl + O3,6.532807093140444e-71
71.5,71,0.005508691369885596,mesosphere,production,HSO + O2 -> HS + O3,1.9279111284468853e-95
71.5,71,0.005508691369885596,mesosphere,production,SO + O2 -> S + O3,2.2982941565899706e-114
71.5,71,0.005508691369885596,mesosphere,production,O2 + O2 -> O1D + O3,2.318876707442187e-143
71.5,71,0.005508691369885596,mesosphere,production,SO2 + O2 -> SO + O3,4.388872389984711e-124
71.5,71,0.005508691369885596,mesosphere,production,H2CO + HO2 -> CH3 + O3,3.604950740188115e-111
71.5,71,0.005508691369885596,mesosphere,production,OCS + O2 -> CS + O3,1.0143572826476444e-164
71.5,71,0.005508691369885596,mesosphere,loss,O3 + hv -> O + O2,1470.3552971394902
71.5,71,0.005508691369885596,mesosphere,loss,O3 + hv -> O1D + O2,8188.585815828463
71.5,71,0.005508691369885596,mesosphere,loss,NO + O3 -> NO2 + O2,8.10961055714501e-05
71.5,71,0.005508691369885596,mesosphere,loss,OH + O3 -> HO2 + O2,0.0007048673897129088
71.5,71,0.005508691369885596,mesosphere,loss,H + O3 -> OH + O2,16775.145249849116
71.5,71,0.005508691369885596,mesosphere,loss,O + O3 -> O2 + O2,109.03299279225386
71.5,71,0.005508691369885596,mesosphere,loss,O3 + M -> O + O2 + M,5.132193433625745e-15
71.5,71,0.005508691369885596,mesosphere,loss,O1D + O3 -> O2 + O2,0.005053654884356121
71.5,71,0.005508691369885596,mesosphere,loss,CH3 + O3 -> H2CO + HO2,1.4970783463283532e-07
71.5,71,0.005508691369885596,mesosphere,loss,NO2 + O3 -> NO3 + O2,5.084501196515359e-14
71.5,71,0.005508691369885596,mesosphere,loss,HS + O3 -> HSO + O2,2.1508324343158192e-18
71.5,71,0.005508691369885596,mesosphere,loss,SO + O3 -> SO2 + O2,7.590343825882391e-11
71.5,71,0.005508691369885596,mesosphere,loss,S + O3 -> SO + O2,3.173898252238376e-11
71.5,71,0.005508691369885596,mesosphere,loss,SO2 + O3 -> SO3 + O2,4.033599448282005e-24
71.5,71,0.005508691369885596,mesosphere,loss,Cl + O3 -> ClO + O2,3.422507075848419e-31
71.5,71,0.005508691369885596,mesosphere,loss,CS + O3 -> OCS + O2,4.259446355813045e-22
72.5,72,0.004674037011780981,mesosphere,production,O + O2 + M -> O3 + M,14967.095377031046
72.5,72,0.004674037011780981,mesosphere,production,NO3 + O2 -> NO2 + O3,6.427789107220071e-41
72.5,72,0.004674037011780981,mesosphere,production,HO2 + O2 -> OH + O3,3.547240498460604e-46
72.5,72,0.004674037011780981,mesosphere,production,NO2 + O2 -> NO + O3,7.310887980397154e-58
72.5,72,0.004674037011780981,mesosphere,production,OH + O2 -> H + O3,2.2903795900457637e-82
72.5,72,0.004674037011780981,mesosphere,production,O2 + O2 -> O + O3,5.726628499937941e-97
72.5,72,0.004674037011780981,mesosphere,production,SO3 + O2 -> SO2 + O3,2.7462659496179926e-83
72.5,72,0.004674037011780981,mesosphere,production,ClO + O2 -> Cl + O3,2.1523492517564563e-70
72.5,72,0.004674037011780981,mesosphere,production,HSO + O2 -> HS + O3,1.6366463924682708e-94
72.5,72,0.004674037011780981,mesosphere,production,SO + O2 -> S + O3,9.637298618021814e-113
72.5,72,0.004674037011780981,mesosphere,production,O2 + O2 -> O1D + O3,4.3217841931018356e-141
72.5,72,0.004674037011780981,mesosphere,production,SO2 + O2 -> SO + O3,2.1408517881562355e-122
72.5,72,0.004674037011780981,mesosphere,production,H2CO + HO2 -> CH3 + O3,5.946345177887913e-110
72.5,72,0.004674037011780981,mesosphere,production,OCS + O2 -> CS + O3,1.575612584106895e-162
72.5,72,0.004674037011780981,mesosphere,loss,O3 + hv -> O + O2,971.1693032832042
72.5,72,0.004674037011780981,mesosphere,loss,O3 + hv -> O1D + O2,5409.10824020071
72.5,72,0.004674037011780981,mesosphere,loss,NO + O3 -> NO2 + O2,3.746100302368728e-05
72.5,72,0.004674037011780981,mesosphere,loss,OH + O3 -> HO2 + O2,0.0002953490694610855
72.5,72,0.004674037011780981,mesosphere,loss,H + O3 -> OH + O2,10099.570718020777
72.5,72,0.004674037011780981,mesosphere,loss,O + O3 -> O2 + O2,84.79748195347781
72.5,72,0.004674037011780981,mesosphere,loss,O3 + M -> O + O2 + M,7.56994424860135e-15
72.5,72,0.004674037011780981,mesosphere,loss,O1D + O3 -> O2 + O2,0.0036230325500200555
72.5,72,0.004674037011780981,mesosphere,loss,CH3 + O3 -> H2CO + HO2,7.326775924168049e-08
72.5,72,0.004674037011780981,mesosphere,loss,NO2 + O3 -> NO3 + O2,2.1421166306432905e-14
72.5,72,0.004674037011780981,mesosphere,loss,HS + O3 -> HSO + O2,7.862182131654571e-19
72.5,72,0.004674037011780981,mesosphere,loss,SO + O3 -> SO2 + O2,5.0023040230101034e-11
72.5,72,0.004674037011780981,mesosphere,loss,S + O3 -> SO + O2,2.4288603877889187e-11
72.5,72,0.004674037011780981,mesosphere,loss,SO2 + O3 -> SO3 + O2,3.3655821254594595e-24
72.5,72,0.004674037011780981,mesosphere,loss,Cl + O3 -> ClO + O2,1.9263562424642185e-31
72.5,72,0.004674037011780981,mesosphere,loss,CS + O3 -> OCS + O2,3.65191457010003e-22
73.5,73,0.003978156383221625,mesosphere,production,O + O2 + M -> O3 + M,8851.005191706723
73.5,73,0.003978156383221625,mesosphere,production,NO3 + O2 -> NO2 + O3,1.056787113134853e-40
73.5,73,0.003978156383221625,mesosphere,production,HO2 + O2 -> OH + O3,1.484025374480807e-45
73.5,73,0.003978156383221625,mesosphere,production,NO2 + O2 -> NO + O3,4.4345520103300917e-57
73.5,73,0.003978156383221625,mesosphere,production,OH + O2 -> H + O3,6.481386889985015e-81
73.5,73,0.003978156383221625,mesosphere,production,O2 + O2 -> O + O3,6.24895380460224e-95
73.5,73,0.003978156383221625,mesosphere,production,SO3 + O2 -> SO2 + O3,5.779487372978489e-82
73.5,73,0.003978156383221625,mesosphere,production,ClO + O2 -> Cl + O3,1.1318976154733412e-69
73.5,73,0.003978156383221625,mesosphere,production,HSO + O2 -> HS + O3,3.443027448684072e-93
73.5,73,0.003978156383221625,mesosphere,production,SO + O2 -> S + O3,1.3217470617193238e-110
73.5,73,0.003978156383221625,mesosphere,production,O2 + O2 -> O1D + O3,4.279226423766814e-138
73.5,73,0.003978156383221625,mesosphere,production,SO2 + O2 -> SO + O3,3.728833544632904e-120
73.5,73,0.003978156383221625,mesosphere,production,H2CO + HO2 -> CH3 + O3,2.96925777408412e-108
73.5,73,0.003978156383221625,mesosphere,production,OCS + O2 -> CS + O3,1.1893393361259941e-159
73.5,73,0.003978156383221625,mesosphere,loss,O3 + hv -> O + O2,606.9289059921574
73.5,73,0.003978156383221625,mesosphere,loss,O3 + hv -> O1D + O2,3380.722810781449
73.5,73,0.003978156383221625,mesosphere,loss,NO + O3 -> NO2 + O2,1.7529495289446847e-05
73.5,73,0.003978156383221625,mesosphere,loss,OH + O3 -> HO2 + O2,0.00011732179144828328
73.5,73,0.003978156383221625,mesosphere,loss,H + O3 -> OH + O2,5798.910272757584
73.5,73,0.003978156383221625,mesosphere,loss,O + O3 -> O2 + O2,63.96182910972866
73.5,73,0.003978156383221625,mesosphere,loss,O3 + M -> O + O2 + M,1.4074902713234623e-14
73.5,73,0.003978156383221625,mesosphere,loss,O1D + O3 -> O2 + O2,0.0024049515516477247
73.5,73,0.003978156383221625,mesosphere,loss,CH3 + O3 -> H2CO + HO2,3.460426066610819e-08
73.5,73,0.003978156383221625,mesosphere,loss,NO2 + O3 -> NO3 + O2,9.345627758858205e-15
73.5,73,0.003978156383221625,mesosphere,loss,HS + O3 -> HSO + O2,2.8242337206718217e-19
73.5,73,0.003978156383221625,mesosphere,loss,SO + O3 -> SO2 + O2,3.179354167145692e-11
73.5,73,0.003978156383221625,mesosphere,loss,S + O3 -> SO + O2,1.760941278784906e-11
73.5,73,0.003978156383221625,mesosphere,loss,SO2 + O3 -> SO3 + O2,3.031562869571243e-24
73.5,73,0.003978156383221625,mesosphere,loss,Cl + O3 -> ClO + O2,1.029972722419321e-31
73.5,73,0.003978156383221625,mesosphere,loss,CS + O3 -> OCS + O2,2.851017752711079e-22
74.5,74,0.0033996062916146134,mesosphere,production,O + O2 + M -> O3 + M,4952.703783266422
74.5,74,0.0033996062916146134,mesosphere,production,NO3 + O2 -> NO2 + O3,3.132296354047226e-40
74.5,74,0.0033996062916146134,mesosphere,production,HO2 + O2 -> OH + O3,1.3027152002996555e-44
74.5,74,0.0033996062916146134,mesosphere,production,NO2 + O2 -> NO + O3,7.084320129997534e-56
74.5,74,0.0033996062916146134,mesosphere,production,OH + O2 -> H + O3,7.013513347875659e-79
74.5,74,0.0033996062916146134,mesosphere,production,O2 + O2 -> O + O3,3.789983757134774e-92
74.5,74,0.0033996062916146134,mesosphere,production,SO3 + O2 -> SO2 + O3,4.218632926358243e-80
74.5,74,0.0033996062916146134,mesosphere,production,ClO + O2 -> Cl + O3,1.1821385770030201e-68
74.5,74,0.0033996062916146134,mesosphere,production,HSO + O2 -> HS + O3,2.672157132931664e-91
74.5,74,0.0033996062916146134,mesosphere,production,SO + O2 -> S + O3,1.0285566577239181e-107
74.5,74,0.0033996062916146134,mesosphere,production,O2 + O2 -> O1D + O3,4.901901018294008e-134
74.5,74,0.0033996062916146134,mesosphere,production,SO2 + O2 -> SO + O3,4.230054095419674e-117
74.5,74,0.0033996062916146134,mesosphere,production,H2CO + HO2 -> CH3 + O3,7.360419578821158e-106
74.5,74,0.0033996062916146134,mesosphere,production,OCS + O2 -> CS + O3,9.07730789076333e-156
74.5,74,0.0033996062916146134,mesosphere,loss,O3 + hv -> O + O2,355.19098741325
74.5,74,0.0033996062916146134,mesosphere,loss,O3 + hv -> O1D + O2,1978.660208582267
74.5,74,0.0033996062916146134,mesosphere,loss,NO + O3 -> NO2 + O2,8.838458882673477e-06
74.5,74,0.0033996062916146134,mesosphere,loss,OH + O3 -> HO2 + O2,4.373541226784262e-05
74.5,74,0.0033996062916146134,mesosphere,loss,H + O3 -> OH + O2,3158.135877173292
74.5,74,0.0033996062916146134,mesosphere,loss,O + O3 -> O2 + O2,47.45528076009608
74.5,74,0.0033996062916146134,mesosphere,loss,O3 + M -> O + O2 + M,3.723221243053969e-14
74.5,74,0.0033996062916146134,mesosphere,loss,O1D + O3 -> O2 + O2,0.0014646022647007036
74.5,74,0.0033996062916146134,mesosphere,loss,CH3 + O3 -> H2CO + HO2,1.5641023103403173e-08
74.5,74,0.0033996062916146134,mesosphere,loss,NO2 + O3 -> NO3 + O2,4.534146893430684e-15
74.5,74,0.0033996062916146134,mesosphere,loss,HS + O3 -> HSO + O2,9.794259148351547e-20
74.5,74,0.0033996062916146134,mesosphere,loss,SO + O3 -> SO2 + O2,1.945973954084923e-11
74.5,74,0.0033996062916146134,mesosphere,loss,S + O3 -> SO + O2,1.19295323264364e-11
74.5,74,0.0033996062916146134,mesosphere,loss,SO2 + O3 -> SO3 + O2,3.131334118415285e-24
74.5,74,0.0033996062916146134,mesosphere,loss,Cl + O3 -> ClO + O2,5.183078211590745e-32
74.5,74,0.0033996062916146134,mesosphere,loss,CS + O3 -> OCS + O2,1.9881147522673226e-22
75.5,75,0.0029184508534135364,mesosphere,production,O + O2 + M -> O3 + M,2759.7054847591676
75.5,75,0.0029184508534135364,mesosphere,production,NO3 + O2 -> NO2 + O3,9.546671973721492e-40
75.5,75,0.0029184508534135364,mesosphere,production,HO2 + O2 -> OH + O3,9.903591365122376e-44
75.5,75,0.0029184508534135364,mesosphere,production,NO2 + O2 -> NO + O3,1.065593197332573e-54
75.5,75,0.0029184508534135364,mesosphere,production,OH + O2 -> H + O3,5.67476726947532e-77
75.5,75,0.0029184508534135364,mesosphere,production,O2 + O2 -> O + O3,1.5589635208408383e-89
75.5,75,0.0029184508534135364,mesosphere,production,SO3 + O2 -> SO2 + O3,2.2952058598541187e-78
75.5,75,0.0029184508534135364,mesosphere,production,ClO + O2 -> Cl + O3,1.0611102739979849e-67
75.5,75,0.0029184508534135364,mesosphere,production,HSO + O2 -> HS + O3,1.6049751875944564e-89
75.5,75,0.0029184508534135364,mesosphere,production,SO + O2 -> S + O3,5.3375589455822905e-105
75.5,75,0.0029184508534135364,mesosphere,production,O2 + O2 -> O1D + O3,3.230059375540248e-130
75.5,75,0.0029184508534135364,mesosphere,production,SO2 + O2 -> SO + O3,3.049573751426817e-114
75.5,75,0.0029184508534135364,mesosphere,production,H2CO + HO2 -> CH3 + O3,1.3211193236208148e-103
75.5,75,0.0029184508534135364,mesosphere,production,OCS + O2 -> CS + O3,3.96479303341703e-152
75.5,75,0.0029184508534135364,mesosphere,loss,O3 + hv -> O + O2,206.27794385104343
75.5,75,0.0029184508534135364,mesosphere,loss,O3 + hv -> O1D + O2,1149.2011711968996
75.5,75,0.0029184508534135364,mesosphere,loss,NO + O3 -> NO2 + O2,5.00853610784498e-06
75.5,75,0.0029184508534135364,mesosphere,loss,OH + O3 -> HO2 + O2,1.6375475891199835e-05
75.5,75,0.0029184508534135364,mesosphere,loss,H + O3 -> OH + O2,1711.0847188862228
75.5,75,0.0029184508534135364,mesosphere,loss,O + O3 -> O2 + O2,33.96387209727886
75.5,75,0.0029184508534135364,mesosphere,loss,O3 + M -> O + O2 + M,8.925164894696398e-14
75.5,75,0.0029184508534135364,mesosphere,loss,O1D + O3 -> O2 + O2,0.0008653459944816365
75.5,75,0.0029184508534135364,mesosphere,loss,CH3 + O3 -> H2CO + HO2,7.088345288019371e-09
75.5,75,0.0029184508534135364,mesosphere,loss,NO2 + O3 -> NO3 + O2,2.461344267051296e-15
75.5,75,0.0029184508534135364,mesosphere,loss,HS + O3 -> HSO + O2,3.476619433032239e-20
75.5,75,0.0029184508534135364,mesosphere,loss,SO + O3 -> SO2 + O2,1.1584933783726984e-11
75.5,75,0.0029184508534135364,mesosphere,loss,S + O3 -> SO + O2,7.939497582592011e-12
75.5,75,0.0029184508534135364,mesosphere,loss,SO2 + O3 -> SO3 + O2,2.9742448596478344e-24
75.5,75,0.0029184508534135364,mesosphere,loss,Cl + O3 -> ClO + O2,2.5971326017978686e-32
75.5,75,0.0029184508534135364,mesosphere,loss,CS + O3 -> OCS + O2,1.348813868518918e-22
76.5,76,0.0025169385165434966,mesosphere,production,O + O2 + M -> O3 + M,1499.4436315181033
76.5,76,0.0025169385165434966,mesosphere,production,NO3 + O2 -> NO2 + O3,4.156095480380044e-39
76.5,76,0.0025169385165434966,mesosphere,production,HO2 + O2 -> OH + O3,1.0143225347017395e-42
76.5,76,0.0025169385165434966,mesosphere,production,NO2 + O2 -> NO + O3,2.647264014075604e-53
76.5,76,0.0025169385165434966,mesosphere,production,OH + O2 -> H + O3,7.785543386470998e-75
76.5,76,0.0025169385165434966,mesosphere,production,O2 + O2 -> O + O3,1.2461756172394775e-86
76.5,76,0.0025169385165434966,mesosphere,production,SO3 + O2 -> SO2 + O3,2.0109010304147583e-76
76.5,76,0.0025169385165434966,mesosphere,production,ClO + O2 -> Cl + O3,1.245095742174066e-66
76.5,76,0.0025169385165434966,mesosphere,production,HSO + O2 -> HS + O3,1.61999765228115e-87
76.5,76,0.0025169385165434966,mesosphere,production,SO + O2 -> S + O3,5.376484660335282e-102
76.5,76,0.0025169385165434966,mesosphere,production,O2 + O2 -> O1D + O3,5.4888598014041366e-126
76.5,76,0.0025169385165434966,mesosphere,production,SO2 + O2 -> SO + O3,4.48032056012812e-111
76.5,76,0.0025169385165434966,mesosphere,production,H2CO + HO2 -> CH3 + O3,4.484570905419159e-101
76.5,76,0.0025169385165434966,mesosphere,production,OCS + O2 -> CS + O3,4.139687805961558e-148
76.5,76,0.0025169385165434966,mesosphere,loss,O3 + hv -> O + O2,115.97919221696475
76.5,76,0.0025169385165434966,mesosphere,loss,O3 + hv -> O1D + O2,646.1806200265457
76.5,76,0.0025169385165434966,mesosphere,loss,NO + O3 -> NO2 + O2,3.290201851104076e-06
76.5,76,0.0025169385165434966,mesosphere,loss,OH + O3 -> HO2 + O2,5.9978638477593824e-06
76.5,76,0.0025169385165434966,mesosphere,loss,H + O3 -> OH + O2,905.2490587739624
76.5,76,0.0025169385165434966,mesosphere,loss,O + O3 -> O2 + O2,23.861064484265658
76.5,76,0.0025169385165434966,mesosphere,loss,O3 + M -> O + O2 + M,2.4364293885470514e-13
76.5,76,0.0025169385165434966,mesosphere,loss,O1D + O3 -> O2 + O2,0.0004862352842908845
76.5,76,0.0025169385165434966,mesosphere,loss,CH3 + O3 -> H2CO + HO2,3.1640463336714813e-09
76.5,76,0.0025169385165434966,mesosphere,loss,NO2 + O3 -> NO3 + O2,1.5688965819279466e-15
76.5,76,0.0025169385165434966,mesosphere,loss,HS + O3 -> HSO + O2,1.2253195365160605e-20
76.5,76,0.0025169385165434966,mesosphere,loss,SO + O3 -> SO2 + O2,6.695751281760958e-12
76.5,76,0.0025169385165434966,mesosphere,loss,S + O3 -> SO + O2,5.0659484866666206e-12
76.5,76,0.0025169385165434966,mesosphere,loss,SO2 + O3 -> SO3 + O2,2.9212459510289265e-24
76.5,76,0.0025169385165434966,mesosphere,loss,Cl + O3 -> ClO + O2,1.265145243285564e-32
76.5,76,0.0025169385165434966,mesosphere,loss,CS + O3 -> OCS + O2,8.56845640554111e-23
77.5,77,0.0021821790602173595,mesosphere,production,O + O2 + M -> O3 + M,780.5329573653271
77.5,77,0.0021821790602173595,mesosphere,production,NO3 + O2 -> NO2 + O3,3.418499938252159e-38
77.5,77,0.0021821790602173595,mesosphere,production,HO2 + O2 -> OH + O3,1.9924506480618637e-41
77.5,77,0.0021821790602173595,mesosphere,production,NO2 + O2 -> NO + O3,1.7340635251894838e-51
77.5,77,0.0021821790602173595,mesosphere,production,OH + O2 -> H + O3,3.4977660326135615e-72
77.5,77,0.0021821790602173595,mesosphere,production,O2 + O2 -> O + O3,4.5079773876175435e-83
77.5,77,0.0021821790602173595,mesosphere,production,SO3 + O2 -> SO2 + O3,5.25976084066686e-74
77.5,77,0.0021821790602173595,mesosphere,production,ClO + O2 -> Cl + O3,2.674159602445228e-65
77.5,77,0.0021821790602173595,mesosphere,production,HSO + O2 -> HS + O3,5.117627716098995e-85
77.5,77,0.0021821790602173595,mesosphere,production,SO + O2 -> S + O3,2.4786322018562643e-98
77.5,77,0.0021821790602173595,mesosphere,production,O2 + O2 -> O1D + O3,8.023714235686964e-121
77.5,77,0.0021821790602173595,mesosphere,production,SO2 + O2 -> SO + O3,3.4161232840278083e-107
77.5,77,0.0021821790602173595,mesosphere,production,H2CO + HO2 -> CH3 + O3,6.225412945039224e-98
77.5,77,0.0021821790602173595,mesosphere,production,OCS + O2 -> CS + O3,3.214258808486355e-143
77.5,77,0.0021821790602173595,mesosphere,loss,O3 + hv -> O + O2,61.82966987954324
77.5,77,0.0021821790602173595,mesosphere,loss,O3 + hv -> O1D + O2,344.5070271225157
77.5,77,0.0021821790602173595,mesosphere,loss,NO + O3 -> NO2 + O2,2.610728856090411e-06
77.5,77,0.0021821790602173595,mesosphere,loss,OH + O3 -> HO2 + O2,2.1038843181167795e-06
77.5,77,0.0021821790602173595,mesosphere,loss,H + O3 -> OH + O2,460.1568406602238
77.5,77,0.0021821790602173595,mesosphere,loss,O + O3 -> O2 + O2,16.681054134521457
77.5,77,0.0021821790602173595,mesosphere,loss,O3 + M -> O + O2 + M,9.08188273090866e-13
77.5,77,0.0021821790602173595,mesosphere,loss,O1D + O3 -> O2 + O2,0.00025562687919514844
77.5,77,0.0021821790602173595,mesosphere,loss,CH3 + O3 -> H2CO + HO2,1.374697767759942e-09
77.5,77,0.0021821790602173595,mesosphere,loss,NO2 + O3 -> NO3 + O2,1.2395562279567058e-15
77.5,77,0.0021821790602173595,mesosphere,loss,HS + O3 -> HSO + O2,4.1750830092263894e-21
77.5,77,0.0021821790602173595,mesosphere,loss,SO + O3 -> SO2 + O2,3.7470793139910846e-12
77.5,77,0.0021821790602173595,mesosphere,loss,S + O3 -> SO + O2,3.033904813014225e-12
77.5,77,0.0021821790602173595,mesosphere,loss,SO2 + O3 -> SO3 + O2,3.2545381974389487e-24
77.5,77,0.0021821790602173595,mesosphere,loss,Cl + O3 -> ClO + O2,5.8717730455872723e-33
77.5,77,0.0021821790602173595,mesosphere,loss,CS + O3 -> OCS + O2,4.9330053180876533e-23
78.5,78,0.0019026306450993064,mesosphere,production,O + O2 + M -> O3 + M,411.60770149965487
78.5,78,0.0019026306450993064,mesosphere,production,NO3 + O2 -> NO2 + O3,2.4828447715273452e-37
78.5,78,0.0019026306450993064,mesosphere,production,HO2 + O2 -> OH + O3,3.0242842427701676e-40
78.5,78,0.0019026306450993064,mesosphere,production,NO2 + O2 -> NO + O3,8.640905367102545e-50
78.5,78,0.0019026306450993064,mesosphere,production,OH + O2 -> H + O3,9.646751067579372e-70
78.5,78,0.0019026306450993064,mesosphere,production,O2 + O2 -> O + O3,8.469222184510544e-80
78.5,78,0.0019026306450993064,mesosphere,production,SO3 + O2 -> SO2 + O3,8.445650646706376e-72
78.5,78,0.0019026306450993064,mesosphere,production,ClO + O2 -> Cl + O3,4.4445858909406574e-64
78.5,78,0.0019026306450993064,mesosphere,production,HSO + O2 -> HS + O3,1.020033574134817e-82
78.5,78,0.0019026306450993064,mesosphere,production,SO + O2 -> S + O3,5.813835055026774e-95
78.5,78,0.0019026306450993064,mesosphere,production,O2 + O2 -> O1D + O3,4.5959934593174325e-116
78.5,78,0.0019026306450993064,mesosphere,production,SO2 + O2 -> SO + O3,1.2397463528958001e-103
78.5,78,0.0019026306450993064,mesosphere,production,H2CO + HO2 -> CH3 + O3,4.8818494637841996e-95
78.5,78,0.0019026306450993064,mesosphere,production,OCS + O2 -> CS + O3,9.970996695542418e-139
78.5,78,0.0019026306450993064,mesosphere,loss,O3 + hv -> O + O2,33.28294537430926
78.5,78,0.0019026306450993064,mesosphere,loss,O3 + hv -> O1D + O2,185.45870248576236
78.5,78,0.0019026306450993064,mesosphere,loss,NO + O3 -> NO2 + O2,2.176011330558352e-06
78.5,78,0.0019026306450993064,mesosphere,loss,OH + O3 -> HO2 + O2,7.642078043464746e-07
78.5,78,0.0019026306450993064,mesosphere,loss,H + O3 -> OH + O2,236.72540488059042
78.5,78,0.0019026306450993064,mesosphere,loss,O + O3 -> O2 + O2,11.412991524302832
78.5,78,0.0019026306450993064,mesosphere,loss,O3 + M -> O + O2 + M,2.9207700064339044e-12
78.5,78,0.0019026306450993064,mesosphere,loss,O1D + O3 -> O2 + O2,0.00013371359660273888
78.5,78,0.0019026306450993064,mesosphere,loss,CH3 + O3 -> H2CO + HO2,6.109341168747027e-10
78.5,78,0.0019026306450993064,mesosphere,loss,NO2 + O3 -> NO3 + O2,1.0193422663712102e-15
78.5,78,0.0019026306450993064,mesosphere,loss,HS + O3 -> HSO + O2,1.475118890956102e-21
78.5,78,0.0019026306450993064,mesosphere,loss,SO + O3 -> SO2 + O2,2.072226158316283e-12
78.5,78,0.0019026306450993064,mesosphere,loss,S + O3 -> SO + O2,1.813895556263671e-12
78.5,78,0.0019026306450993064,mesosphere,loss,SO2 + O3 -> SO3 + O2,3.306607646703404e-24
78.5,78,0.0019026306450993064,mesosphere,loss,Cl + O3 -> ClO + O2,2.7622379596287694e-33
78.5,78,0.0019026306450993064,mesosphere,loss,CS + O3 -> OCS + O2,2.832756241205867e-23
79.5,79,0.0016675526452087416,mesosphere,production,O + O2 + M -> O3 + M,220.07603535586543
79.5,79,0.0016675526452087416,mesosphere,production,NO3 + O2 -> NO2 + O3,1.5508559554482886e-36
79.5,79,0.0016675526452087416,mesosphere,production,HO2 + O2 -> OH + O3,3.656720376701628e-39
79.5,79,0.0016675526452087416,mesosphere,production,NO2 + O2 -> NO + O3,3.242288547573397e-48
79.5,79,0.0016675526452087416,mesosphere,production,OH + O2 -> H + O3,1.7431787450488625e-67
79.5,79,0.0016675526452087416,mesosphere,production,O2 + O2 -> O + O3,8.90131418194092e-77
79.5,79,0.0016675526452087416,mesosphere,production,SO3 + O2 -> SO2 + O3,8.807445537633226e-70
79.5,79,0.0016675526452087416,mesosphere,production,ClO + O2 -> Cl + O3,5.888561018608123e-63
79.5,79,0.0016675526452087416,mesosphere,production,HSO + O2 -> HS + O3,1.3526846646022184e-80
79.5,79,0.0016675526452087416,mesosphere,production,SO + O2 -> S + O3,7.491804652207052e-92
79.5,79,0.0016675526452087416,mesosphere,production,O2 + O2 -> O1D + O3,1.1461664376632125e-111
79.5,79,0.0016675526452087416,mesosphere,production,SO2 + O2 -> SO + O3,2.3412297226405866e-100
79.5,79,0.0016675526452087416,mesosphere,production,H2CO + HO2 -> CH3 + O3,2.3127522537406397e-92
79.5,79,0.0016675526452087416,mesosphere,production,OCS + O2 -> CS + O3,1.388884978596733e-134
79.5,79,0.0016675526452087416,mesosphere,loss,O3 + hv -> O + O2,18.11381880283677
79.5,79,0.0016675526452087416,mesosphere,loss,O3 + hv -> O1D + O2,100.93858329430797
79.5,79,0.0016675526452087416,mesosphere,loss,NO + O3 -> NO2 + O2,1.821335195086765e-06
79.5,79,0.0016675526452087416,mesosphere,loss,OH + O3 -> HO2 + O2,2.8996839846551534e-07
79.5,79,0.0016675526452087416,mesosphere,loss,H + O3 -> OH + O2,123.39787231141528
79.5,79,0.0016675526452087416,mesosphere,loss,O + O3 -> O2 + O2,7.683972310088356
79.5,79,0.0016675526452087416,mesosphere,loss,O3 + M -> O + O2 + M,8.258721615975923e-12
79.5,79,0.0016675526452087416,mesosphere,loss,O1D + O3 -> O2 + O2,6.991957671574645e-05
79.5,79,0.0016675526452087416,mesosphere,loss,CH3 + O3 -> H2CO + HO2,2.7840747229219526e-10
79.5,79,0.0016675526452087416,mesosphere,loss,NO2 + O3 -> NO3 + O2,8.35368943109217e-16
79.5,79,0.0016675526452087416,mesosphere,loss,HS + O3 -> HSO + O2,5.4030240981593535e-22
79.5,79,0.0016675526452087416,mesosphere,loss,SO + O3 -> SO2 + O2,1.1380383247465175e-12
79.5,79,0.0016675526452087416,mesosphere,loss,S + O3 -> SO + O2,1.085420050606327e-12
79.5,79,0.0016675526452087416,mesosphere,loss,SO2 + O3 -> SO3 + O2,3.1219334748287166e-24
79.5,79,0.0016675526452087416,mesosphere,loss,Cl + O3 -> ClO + O2,1.3185514168041315e-33
79.5,79,0.0016675526452087416,mesosphere,loss,CS + O3 -> OCS + O2,1.626504900976644e-23
80.5,80,0.001469343952244456,mesosphere,production,O + O2 + M -> O3 + M,113.92930150549637
80.5,80,0.001469343952244456,mesosphere,production,NO3 + O2 -> NO2 + O3,1.4912882584222733e-35
80.5,80,0.001469343952244456,mesosphere,production,HO2 + O2 -> OH + O3,7.303452420716065e-38
80.5,80,0.001469343952244456,mesosphere,production,NO2 + O2 -> NO + O3,2.4294456528295987e-46
80.5,80,0.001469343952244456,mesosphere,production,OH + O2 -> H + O3,8.202719460375668e-65
80.5,80,0.001469343952244456,mesosphere,production,O2 + O2 -> O + O3,3.0186160773727657e-73
80.5,80,0.001469343952244456,mesosphere,production,SO3 + O2 -> SO2 + O3,2.1406206686148584e-67
80.5,80,0.001469343952244456,mesosphere,production,ClO + O2 -> Cl + O3,1.2470350101848707e-61
80.5,80,0.001469343952244456,mesosphere,production,HSO + O2 -> HS + O3,4.342486760495058e-78
80.5,80,0.001469343952244456,mesosphere,production,SO + O2 -> S + O3,3.1430804355009547e-88
80.5,80,0.001469343952244456,mesosphere,production,O2 + O2 -> O1D + O3,1.51614525336882e-106
80.5,80,0.001469343952244456,mesosphere,production,SO2 + O2 -> SO + O3,1.6030005310876058e-96
80.5,80,0.001469343952244456,mesosphere,production,H2CO + HO2 -> CH3 + O3,3.320289332642933e-89
80.5,80,0.001469343952244456,mesosphere,production,OCS + O2 -> CS + O3,9.132795736081054e-130
80.5,80,0.001469343952244456,mesosphere,loss,O3 + hv -> O + O2,9.460136290957719
80.5,80,0.001469343952244456,mesosphere,loss,O3 + hv -> O1D + O2,52.71861627544002
80.5,80,0.001469343952244456,mesosphere,loss,NO + O3 -> NO2 + O2,1.6638376363798818e-06
80.5,80,0.001469343952244456,mesosphere,loss,OH + O3 -> HO2 + O2,1.1050205897930734e-07
80.5,80,0.001469343952244456,mesosphere,loss,H + O3 -> OH + O2,62.34139043900723
80.5,80,0.001469343952244456,mesosphere,loss,O + O3 -> O2 + O2,5.167580106344073
80.5,80,0.001469343952244456,mesosphere,loss,O3 + M -> O + O2 + M,2.964447829383918e-11
80.5,80,0.001469343952244456,mesosphere,loss,O1D + O3 -> O2 + O2,3.488433990660302e-05
80.5,80,0.001469343952244456,mesosphere,loss,CH3 + O3 -> H2CO + HO2,1.2711599696745396e-10
80.5,80,0.001469343952244456,mesosphere,loss,NO2 + O3 -> NO3 + O2,7.608606950689546e-16
80.5,80,0.001469343952244456,mesosphere,loss,HS + O3 -> HSO + O2,1.9255277822999262e-22
80.5,80,0.001469343952244456,mesosphere,loss,SO + O3 -> SO2 + O2,6.104815778973781e-13
80.5,80,0.001469343952244456,mesosphere,loss,S + O3 -> SO + O2,6.176201651872052e-13
80.5,80,0.001469343952244456,mesosphere,loss,SO2 + O3 -> SO3 + O2,3.289687769624047e-24
80.5,80,0.001469343952244456,mesosphere,loss,Cl + O3 -> ClO + O2,6.061940232256268e-34
80.5,80,0.001469343952244456,mesosphere,loss,CS + O3 -> OCS + O2,8.651097015881926e-24
81.5,81,0.0013019400894088368,mesosphere,production,O + O2 + M -> O3 + M,59.92568167972627
81.5,81,0.0013019400894088368,mesosphere,production,NO3 + O2 -> NO2 + O3,1.2020938023329737e-34
81.5,81,0.0013019400894088368,mesosphere,production,HO2 + O2 -> OH + O3,1.1668161386906777e-36
81.5,81,0.0013019400894088368,mesosphere,production,NO2 + O2 -> NO + O3,1.343766074983725e-44
81.5,81,0.0013019400894088368,mesosphere,production,OH + O2 -> H + O3,2.7058799756940663e-62
81.5,81,0.0013019400894088368,mesosphere,production,O2 + O2 -> O + O3,5.855848237833408e-70
81.5,81,0.0013019400894088368,mesosphere,production,SO3 + O2 -> SO2 + O3,3.4193129701270513e-65
81.5,81,0.0013019400894088368,mesosphere,production,ClO + O2 -> Cl + O3,2.123949577242202e-60
81.5,81,0.0013019400894088368,mesosphere,production,HSO + O2 -> HS + O3,9.393477740008354e-76
81.5,81,0.0013019400894088368,mesosphere,production,SO + O2 -> S + O3,7.439141836823379e-85
81.5,81,0.0013019400894088368,mesosphere,production,O2 + O2 -> O1D + O3,9.016731668502476e-102
81.5,81,0.0013019400894088368,mesosphere,production,SO2 + O2 -> SO + O3,5.9131933763289434e-93
81.5,81,0.0013019400894088368,mesosphere,production,H2CO + HO2 -> CH3 + O3,2.9537166253317086e-86
81.5,81,0.0013019400894088368,mesosphere,production,OCS + O2 -> CS + O3,2.789691153024844e-125
81.5,81,0.0013019400894088368,mesosphere,loss,O3 + hv -> O + O2,5.002370743169356
81.5,81,0.0013019400894088368,mesosphere,loss,O3 + hv -> O1D + O2,27.877887817509222
81.5,81,0.0013019400894088368,mesosphere,loss,NO + O3 -> NO2 + O2,1.4826968163986079e-06
81.5,81,0.0013019400894088368,mesosphere,loss,OH + O3 -> HO2 + O2,4.6307062442025565e-08
81.5,81,0.0013019400894088368,mesosphere,loss,H + O3 -> OH + O2,31.940916741770895
81.5,81,0.0013019400894088368,mesosphere,loss,O + O3 -> O2 + O2,3.4404553952514907
81.5,81,0.0013019400894088368,mesosphere,loss,O3 + M -> O + O2 + M,9.415670064850176e-11
81.5,81,0.0013019400894088368,mesosphere,loss,O1D + O3 -> O2 + O2,1.7474159211099636e-05
81.5,81,0.0013019400894088368,mesosphere,loss,CH3 + O3 -> H2CO + HO2,6.017484025779036e-11
81.5,81,0.0013019400894088368,mesosphere,loss,NO2 + O3 -> NO3 + O2,6.709939205988929e-16
81.5,81,0.0013019400894088368,mesosphere,loss,HS + O3 -> HSO + O2,7.095425407793676e-23
81.5,81,0.0013019400894088368,mesosphere,loss,SO + O3 -> SO2 + O2,3.2693574078480856e-13
81.5,81,0.0013019400894088368,mesosphere,loss,S + O3 -> SO + O2,3.534838351774318e-13
81.5,81,0.0013019400894088368,mesosphere,loss,SO2 + O3 -> SO3 + O2,3.2671502574044938e-24
81.5,81,0.0013019400894088368,mesosphere,loss,Cl + O3 -> ClO + O2,2.8322813387420225e-34
81.5,81,0.0013019400894088368,mesosphere,loss,CS + O3 -> OCS + O2,4.6281484481966885e-24
82.5,82,0.001159598226766265,mesosphere,production,O + O2 + M -> O3 + M,32.168021679664754
82.5,82,0.001159598226766265,mesosphere,production,NO3 + O2 -> NO2 + O3,7.804283041853793e-34
82.5,82,0.001159598226766265,mesosphere,production,HO2 + O2 -> OH + O3,1.430097913070781e-35
82.5,82,0.001159598226766265,mesosphere,production,NO2 + O2 -> NO + O3,5.155155494778428e-43
82.5,82,0.001159598226766265,mesosphere,production,OH + O2 -> H + O3,5.958388995580532e-60
82.5,82,0.001159598226766265,mesosphere,production,O2 + O2 -> O + O3,5.892712337505173e-67
82.5,82,0.001159598226766265,mesosphere,production,SO3 + O2 -> SO2 + O3,3.3468043481508336e-63
82.5,82,0.001159598226766265,mesosphere,production,ClO + O2 -> Cl + O3,2.7987968137114073e-59
82.5,82,0.001159598226766265,mesosphere,production,HSO + O2 -> HS + O3,1.271071209649144e-73
82.5,82,0.001159598226766265,mesosphere,production,SO + O2 -> S + O3,9.002693097010001e-82
82.5,82,0.001159598226766265,mesosphere,production,O2 + O2 -> O1D + O3,2.096342374819067e-97
82.5,82,0.001159598226766265,mesosphere,production,SO2 + O2 -> SO + O3,1.0687051399193852e-89
82.5,82,0.001159598226766265,mesosphere,production,H2CO + HO2 -> CH3 + O3,1.4814434294920994e-83
82.5,82,0.001159598226766265,mesosphere,production,OCS + O2 -> CS + O3,3.5268912785216007e-121
82.5,82,0.001159598226766265,mesosphere,loss,O3 + hv -> O + O2,2.694099199766124
82.5,82,0.001159598226766265,mesosphere,loss,O3 + hv -> O1D + O2,15.014581066206567
82.5,82,0.001159598226766265,mesosphere,loss,NO + O3 -> NO2 + O2,1.2762311615410703e-06
82.5,82,0.001159598226766265,mesosphere,loss,OH + O3 -> HO2 + O2,2.2060697687611924e-08
82.5,82,0.001159598226766265,mesosphere,loss,H + O3 -> OH + O2,16.673720282443316
82.5,82,0.001159598226766265,mesosphere,loss,O + O3 -> O2 + O2,2.274544901758734
82.5,82,0.001159598226766265,mesosphere,loss,O3 + M -> O + O2 + M,2.600908686737942e-10
82.5,82,0.001159598226766265,mesosphere,loss,O1D + O3 -> O2 + O2,8.853839445563831e-06
82.5,82,0.001159598226766265,mesosphere,loss,CH3 + O3 -> H2CO + HO2,2.955643829320372e-11
82.5,82,0.001159598226766265,mesosphere,loss,NO2 + O3 -> NO3 + O2,5.667432303343804e-16
82.5,82,0.001159598226766265,mesosphere,loss,HS + O3 -> HSO + O2,2.716625497043203e-23
82.5,82,0.001159598226766265,mesosphere,loss,SO + O3 -> SO2 + O2,1.7570101205132273e-13
82.5,82,0.001159598226766265,mesosphere,loss,S + O3 -> SO + O2,2.049490057406492e-13
82.5,82,0.001159598226766265,mesosphere,loss,SO2 + O3 -> SO3 + O2,3.077643467989185e-24
82.5,82,0.001159598226766265,mesosphere,loss,Cl + O3 -> ClO + O2,1.3526885178064604e-34
82.5,82,0.001159598226766265,mesosphere,loss,CS + O3 -> OCS + O2,2.5130635291331593e-24
83.5,83,0.0010377335233996807,mesosphere,production,O + O2 + M -> O3 + M,17.607075149617998
83.5,83,0.0010377335233996807,mesosphere,production,NO3 + O2 -> NO2 + O3,4.1891625727272024e-33
83.5,83,0.0010377335233996807,mesosphere,production,HO2 + O2 -> OH + O3,1.3892294425040575e-34
83.5,83,0.0010377335233996807,mesosphere,production,NO2 + O2 -> NO + O3,1.4331854981098504e-41
83.5,83,0.0010377335233996807,mesosphere,production,OH + O2 -> H + O3,9.382798229076655e-58
83.5,83,0.0010377335233996807,mesosphere,production,O2 + O2 -> O + O3,3.3325000842454156e-64
83.5,83,0.0010377335233996807,mesosphere,production,SO3 + O2 -> SO2 + O3,2.1331106859220592e-61
83.5,83,0.0010377335233996807,mesosphere,production,ClO + O2 -> Cl + O3,2.9455425861147907e-58
83.5,83,0.0010377335233996807,mesosphere,production,HSO + O2 -> HS + O3,1.1389059851183146e-71
83.5,83,0.0010377335233996807,mesosphere,production,SO + O2 -> S + O3,6.04537736519701e-79
83.5,83,0.0010377335233996807,mesosphere,production,O2 + O2 -> O1D + O3,2.1354557147773625e-93
83.5,83,0.0010377335233996807,mesosphere,production,SO2 + O2 -> SO + O3,1.0460094910823538e-86
83.5,83,0.0010377335233996807,mesosphere,production,H2CO + HO2 -> CH3 + O3,4.474848950011045e-81
83.5,83,0.0010377335233996807,mesosphere,production,OCS + O2 -> CS + O3,2.058258393020519e-117
83.5,83,0.0010377335233996807,mesosphere,loss,O3 + hv -> O + O2,1.4771454272642746
83.5,83,0.0010377335233996807,mesosphere,loss,O3 + hv -> O1D + O2,8.232600786293728
83.5,83,0.0010377335233996807,mesosphere,loss,NO + O3 -> NO2 + O2,1.0662184655872098e-06
83.5,83,0.0010377335233996807,mesosphere,loss,OH + O3 -> HO2 + O2,1.20198961551446e-08
83.5,83,0.0010377335233996807,mesosphere,loss,H + O3 -> OH + O2,8.858995441055594
83.5,83,0.0010377335233996807,mesosphere,loss,O + O3 -> O2 + O2,1.4977332857164056
83.5,83,0.0010377335233996807,mesosphere,loss,O3 + M -> O + O2 + M,6.366922963494312e-10
83.5,83,0.0010377335233996807,mesosphere,loss,O1D + O3 -> O2 + O2,4.543786956731388e-06
83.5,83,0.0010377335233996807,mesosphere,loss,CH3 + O3 -> H2CO + HO2,1.497649606588343e-11
83.5,83,0.0010377335233996807,mesosphere,loss,NO2 + O3 -> NO3 + O2,4.613363261471777e-16
83.5,83,0.0010377335233996807,mesosphere,loss,HS + O3 -> HSO + O2,1.0779954561615541e-23
83.5,83,0.0010377335233996807,mesosphere,loss,SO + O3 -> SO2 + O2,9.494591354832661e-14
83.5,83,0.0010377335233996807,mesosphere,loss,S + O3 -> SO + O2,1.204243294429663e-13
83.5,83,0.0010377335233996807,mesosphere,loss,SO2 + O3 -> SO3 + O2,2.810958700050543e-24
83.5,83,0.0010377335233996807,mesosphere,loss,Cl + O3 -> ClO + O2,6.599824851516312e-35
83.5,83,0.0010377335233996807,mesosphere,loss,CS + O3 -> OCS + O2,1.3846330147338325e-24
84.5,84,0.0009329177733327001,mesosphere,production,O + O2 + M -> O3 + M,9.634279596784857
84.5,84,0.0009329177733327001,mesosphere,production,NO3 + O2 -> NO2 + O3,2.316344317251992e-32
84.5,84,0.0009329177733327001,mesosphere,production,HO2 + O2 -> OH + O3,1.3956213320587641e-33
84.5,84,0.0009329177733327001,mesosphere,production,NO2 + O2 -> NO + O3,4.1633306279110555e-40
84.5,84,0.0009329177733327001,mesosphere,production,OH + O2 -> H + O3,1.7640986165462364e-55
84.5,84,0.0009329177733327001,mesosphere,production,O2 + O2 -> O + O3,2.0174646118067255e-61
84.5,84,0.0009329177733327001,mesosphere,production,SO3 + O2 -> SO2 + O3,1.4190642440974523e-59
84.5,84,0.0009329177733327001,mesosphere,production,ClO + O2 -> Cl + O3,3.1952721523204525e-57
84.5,84,0.0009329177733327001,mesosphere,production,HSO + O2 -> HS + O3,1.085099769021665e-69
84.5,84,0.0009329177733327001,mesosphere,production,SO + O2 -> S + O3,4.331503541861291e-76
84.5,84,0.0009329177733327001,mesosphere,production,O2 + O2 -> O1D + O3,2.3904823035009156e-89
84.5,84,0.0009329177733327001,mesosphere,production,SO2 + O2 -> SO + O3,1.1465085066988842e-83
84.5,84,0.0009329177733327001,mesosphere,production,H2CO + HO2 -> CH3 + O3,1.4812935815711637e-78
84.5,84,0.0009329177733327001,mesosphere,production,OCS + O2 -> CS + O3,1.3052614305602353e-113
84.5,84,0.0009329177733327001,mesosphere,loss,O3 + hv -> O + O2,0.8065855050968785
84.5,84,0.0009329177733327001,mesosphere,loss,O3 + hv -> O1D + O2,4.495490477892725
84.5,84,0.0009329177733327001,mesosphere,loss,NO + O3 -> NO2 + O2,8.967224221242662e-07
84.5,84,0.0009329177733327001,mesosphere,loss,OH + O3 -> HO2 + O2,7.399099988154403e-09
84.5,84,0.0009329177733327001,mesosphere,loss,H + O3 -> OH + O2,4.693264749582174
84.5,84,0.0009329177733327001,mesosphere,loss,O + O3 -> O2 + O2,0.9841375544974033
84.5,84,0.0009329177733327001,mesosphere,loss,O3 + M -> O + O2 + M,1.5742821005110524e-09
84.5,84,0.0009329177733327001,mesosphere,loss,O1D + O3 -> O2 + O2,2.3165328153713963e-06
84.5,84,0.0009329177733327001,mesosphere,loss,CH3 + O3 -> H2CO + HO2,7.800832722977933e-12
84.5,84,0.0009329177733327001,mesosphere,loss,NO2 + O3 -> NO3 + O2,3.784033093702692e-16
84.5,84,0.0009329177733327001,mesosphere,loss,HS + O3 -> HSO + O2,4.3120128263692e-24
84.5,84,0.0009329177733327001,mesosphere,loss,SO + O3 -> SO2 + O2,5.109285155666836e-14
84.5,84,0.0009329177733327001,mesosphere,loss,S + O3 -> SO + O2,7.014663252893399e-14
84.5,84,0.0009329177733327001,mesosphere,loss,SO2 + O3 -> SO3 + O2,2.688727837895896e-24
84.5,84,0.0009329177733327001,mesosphere,loss,Cl + O3 -> ClO + O2,3.2158087229955637e-35
84.5,84,0.0009329177733327001,mesosphere,loss,CS + O3 -> OCS + O2,7.506838555967727e-25
85.5,85,0.0008424005467415865,mesosphere,production,O + O2 + M -> O3 + M,5.371952429587247
85.5,85,0.0008424005467415865,mesosphere,production,NO3 + O2 -> NO2 + O3,1.0878969702093718e-31
85.5,85,0.0008424005467415865,mesosphere,production,HO2 + O2 -> OH + O3,1.1471068060304585e-32
85.5,85,0.0008424005467415865,mesosphere,production,NO2 + O2 -> NO + O3,9.167729492048243e-39
85.5,85,0.0008424005467415865,mesosphere,production,OH + O2 -> H + O3,2.4016844571412686e-53
85.5,85,0.0008424005467415865,mesosphere,production,O2 + O2 -> O + O3,7.44414866585388e-59
85.5,85,0.0008424005467415865,mesosphere,production,SO3 + O2 -> SO2 + O3,6.553337638486204e-58
85.5,85,0.0008424005467415865,mesosphere,production,ClO + O2 -> Cl + O3,2.859061701995213e-56
85.5,85,0.0008424005467415865,mesosphere,production,HSO + O2 -> HS + O3,7.238923026835735e-68
85.5,85,0.0008424005467415865,mesosphere,production,SO + O2 -> S + O3,1.8711665031341948e-73
85.5,85,0.0008424005467415865,mesosphere,production,O2 + O2 -> O1D + O3,1.3158504105362873e-85
85.5,85,0.0008424005467415865,mesosphere,production,SO2 + O2 -> SO + O3,7.623239975103301e-81
85.5,85,0.0008424005467415865,mesosphere,production,H2CO + HO2 -> CH3 + O3,3.132739111093551e-76
85.5,85,0.0008424005467415865,mesosphere,production,OCS + O2 -> CS + O3,4.2528157940974304e-110
85.5,85,0.0008424005467415865,mesosphere,loss,O3 + hv -> O + O2,0.44828157169505256
85.5,85,0.0008424005467415865,mesosphere,loss,O3 + hv -> O1D + O2,2.4985570343873196
85.5,85,0.0008424005467415865,mesosphere,loss,NO + O3 -> NO2 + O2,7.363404664350131e-07
85.5,85,0.0008424005467415865,mesosphere,loss,OH + O3 -> HO2 + O2,4.950297653692334e-09
85.5,85,0.0008424005467415865,mesosphere,loss,H + O3 -> OH + O2,2.5263720385342516
85.5,85,0.0008424005467415865,mesosphere,loss,O + O3 -> O2 + O2,0.6464296785221139
85.5,85,0.0008424005467415865,mesosphere,loss,O3 + M -> O + O2 + M,3.515505291170808e-09
85.5,85,0.0008424005467415865,mesosphere,loss,O1D + O3 -> O2 + O2,1.198674557260901e-06
85.5,85,0.0008424005467415865,mesosphere,loss,CH3 + O3 -> H2CO + HO2,4.1424016667351215e-12
85.5,85,0.0008424005467415865,mesosphere,loss,NO2 + O3 -> NO3 + O2,3.012539548572212e-16
85.5,85,0.0008424005467415865,mesosphere,loss,HS + O3 -> HSO + O2,1.7806714457688297e-24
85.5,85,0.0008424005467415865,mesosphere,loss,SO + O3 -> SO2 + O2,2.771520244292549e-14
85.5,85,0.0008424005467415865,mesosphere,loss,S + O3 -> SO + O2,4.14531138141827e-14
85.5,85,0.0008424005467415865,mesosphere,loss,SO2 + O3 -> SO3 + O2,2.581471306749296e-24
85.5,85,0.0008424005467415865,mesosphere,loss,Cl + O3 -> ClO + O2,1.600095067194978e-35
85.5,85,0.0008424005467415865,mesosphere,loss,CS + O3 -> OCS + O2,4.134984437130657e-25
86.5,86,0.0007637758578172498,mesosphere,production,O + O2 + M -> O3 + M,3.054123572589137
86.5,86,0.0007637758578172498,mesosphere,production,NO3 + O2 -> NO2 + O3,4.360182927702573e-31
86.5,86,0.0007637758578172498,mesosphere,production,HO2 + O2 -> OH + O3,7.752303083274284e-32
86.5,86,0.0007637758578172498,mesosphere,production,NO2 + O2 -> NO + O3,1.5414167651837196e-37
86.5,86,0.0007637758578172498,mesosphere,production,OH + O2 -> H + O3,2.286735319226799e-51
86.5,86,0.0007637758578172498,mesosphere,production,O2 + O2 -> O + O3,1.6964677102117978e-56
86.5,86,0.0007637758578172498,mesosphere,production,SO3 + O2 -> SO2 + O3,2.1296018774736026e-56
86.5,86,0.0007637758578172498,mesosphere,production,ClO + O2 -> Cl + O3,2.121268227694469e-55
86.5,86,0.0007637758578172498,mesosphere,production,HSO + O2 -> HS + O3,3.406913567555266e-66
86.5,86,0.0007637758578172498,mesosphere,production,SO + O2 -> S + O3,4.94015421501356e-71
86.5,86,0.0007637758578172498,mesosphere,production,O2 + O2 -> O1D + O3,3.629059423452137e-82
86.5,86,0.0007637758578172498,mesosphere,production,SO2 + O2 -> SO + O3,3.135564207133017e-78
86.5,86,0.0007637758578172498,mesosphere,production,H2CO + HO2 -> CH3 + O3,4.2289577045445935e-74
86.5,86,0.0007637758578172498,mesosphere,production,OCS + O2 -> CS + O3,7.262843814374446e-107
86.5,86,0.0007637758578172498,mesosphere,loss,O3 + hv -> O + O2,0.2539524893176721
86.5,86,0.0007637758578172498,mesosphere,loss,O3 + hv -> O1D + O2,1.4154728764820634
86.5,86,0.0007637758578172498,mesosphere,loss,NO + O3 -> NO2 + O2,5.916344667834952e-07
86.5,86,0.0007637758578172498,mesosphere,loss,OH + O3 -> HO2 + O2,3.4459708516383814e-09
86.5,86,0.0007637758578172498,mesosphere,loss,H + O3 -> OH + O2,1.38286281297277
86.5,86,0.0007637758578172498,mesosphere,loss,O + O3 -> O2 + O2,0.4253945464690525
86.5,86,0.0007637758578172498,mesosphere,loss,O3 + M -> O + O2 + M,7.124320443237249e-09
86.5,86,0.0007637758578172498,mesosphere,loss,O1D + O3 -> O2 + O2,6.309539630339124e-07
86.5,86,0.0007637758578172498,mesosphere,loss,CH3 + O3 -> H2CO + HO2,2.2188476675041695e-12
86.5,86,0.0007637758578172498,mesosphere,loss,NO2 + O3 -> NO3 + O2,2.333905021594324e-16
86.5,86,0.0007637758578172498,mesosphere,loss,HS + O3 -> HSO + O2,7.58904084176065e-25
86.5,86,0.0007637758578172498,mesosphere,loss,SO + O3 -> SO2 + O2,1.518602971851204e-14
86.5,86,0.0007637758578172498,mesosphere,loss,S + O3 -> SO + O2,2.489925519874291e-14
86.5,86,0.0007637758578172498,mesosphere,loss,SO2 + O3 -> SO3 + O2,2.508367782646064e-24
86.5,86,0.0007637758578172498,mesosphere,loss,Cl + O3 -> ClO + O2,8.141148791780135e-36
86.5,86,0.0007637758578172498,mesosphere,loss,CS + O3 -> OCS + O2,2.319933454301988e-25
87.5,87,0.0006951069769393901,mesosphere,production,O + O2 + M -> O3 + M,1.7686647037349226
87.5,87,0.0006951069769393901,mesosphere,production,NO3 + O2 -> NO2 + O3,1.519975903946313e-30
87.5,87,0.0006951069769393901,mesosphere,production,HO2 + O2 -> OH + O3,4.404988660987508e-31
87.5,87,0.0006951069769393901,mesosphere,production,NO2 + O2 -> NO + O3,2.0416542994171367e-36
87.5,87,0.0006951069769393901,mesosphere,production,OH + O2 -> H + O3,1.5469199661167229e-49
87.5,87,0.0006951069769393901,mesosphere,production,O2 + O2 -> O + O3,2.522735524504926e-54
87.5,87,0.0006951069769393901,mesosphere,production,SO3 + O2 -> SO2 + O3,5.090991810621886e-55
87.5,87,0.0006951069769393901,mesosphere,production,ClO + O2 -> Cl + O3,1.333715555920366e-54
87.5,87,0.0006951069769393901,mesosphere,production,HSO + O2 -> HS + O3,1.1756199937069642e-64
87.5,87,0.0006951069769393901,mesosphere,production,SO + O2 -> S + O3,8.428706762807467e-69
87.5,87,0.0006951069769393901,mesosphere,production,O2 + O2 -> O1D + O3,5.423486975323574e-79
87.5,87,0.0006951069769393901,mesosphere,production,SO2 + O2 -> SO + O3,8.440900489108888e-76
87.5,87,0.0006951069769393901,mesosphere,production,H2CO + HO2 -> CH3 + O3,3.795866888363697e-72
87.5,87,0.0006951069769393901,mesosphere,production,OCS + O2 -> CS + O3,6.993439534388233e-104
87.5,87,0.0006951069769393901,mesosphere,loss,O3 + hv -> O + O2,0.14654169339288525
87.5,87,0.0006951069769393901,mesosphere,loss,O3 + hv -> O1D + O2,0.816808171203072
87.5,87,0.0006951069769393901,mesosphere,loss,NO + O3 -> NO2 + O2,4.670938586740849e-07
87.5,87,0.0006951069769393901,mesosphere,loss,OH + O3 -> HO2 + O2,2.427422552250489e-09
87.5,87,0.0006951069769393901,mesosphere,loss,H + O3 -> OH + O2,0.7688719545672531
87.5,87,0.0006951069769393901,mesosphere,loss,O + O3 -> O2 + O2,0.2808851903691758
87.5,87,0.0006951069769393901,mesosphere,loss,O3 + M -> O + O2 + M,1.3267904421727761e-08
87.5,87,0.0006951069769393901,mesosphere,loss,O1D + O3 -> O2 + O2,3.3788953106999055e-07
87.5,87,0.0006951069769393901,mesosphere,loss,CH3 + O3 -> H2CO + HO2,1.1883593174882933e-12
87.5,87,0.0006951069769393901,mesosphere,loss,NO2 + O3 -> NO3 + O2,1.76848730851263e-16
87.5,87,0.0006951069769393901,mesosphere,loss,HS + O3 -> HSO + O2,3.329604392268909e-25
87.5,87,0.0006951069769393901,mesosphere,loss,SO + O3 -> SO2 + O2,8.409648929241767e-15
87.5,87,0.0006951069769393901,mesosphere,loss,S + O3 -> SO + O2,1.5195423258376693e-14
87.5,87,0.0006951069769393901,mesosphere,loss,SO2 + O3 -> SO3 + O2,2.472242061323499e-24
87.5,87,0.0006951069769393901,mesosphere,loss,Cl + O3 -> ClO + O2,4.232047790602158e-36
87.5,87,0.0006951069769393901,mesosphere,loss,CS + O3 -> OCS + O2,1.3241396731046916e-25
88.5,88,0.0006348192078018891,mesosphere,production,O + O2 + M -> O3 + M,1.0441583721689562
88.5,88,0.0006348192078018891,mesosphere,production,NO3 + O2 -> NO2 + O3,4.613841534924095e-30
88.5,88,0.0006348192078018891,mesosphere,production,HO2 + O2 -> OH + O3,2.1061042114970822e-30
88.5,88,0.0006348192078018891,mesosphere,production,NO2 + O2 -> NO + O3,2.132778979767722e-35
88.5,88,0.0006348192078018891,mesosphere,production,OH + O2 -> H + O3,7.316047161193228e-48
88.5,88,0.0006348192078018891,mesosphere,production,O2 + O2 -> O + O3,2.4530718445278685e-52
88.5,88,0.0006348192078018891,mesosphere,production,SO3 + O2 -> SO2 + O3,9.009530141908409e-54
88.5,88,0.0006348192078018891,mesosphere,production,ClO + O2 -> Cl + O3,7.112118111989476e-54
88.5,88,0.0006348192078018891,mesosphere,production,HSO + O2 -> HS + O3,2.973627406123535e-63
88.5,88,0.0006348192078018891,mesosphere,production,SO + O2 -> S + O3,9.313282615792122e-67
88.5,88,0.0006348192078018891,mesosphere,production,O2 + O2 -> O1D + O3,4.404658152267163e-76
88.5,88,0.0006348192078018891,mesosphere,production,SO2 + O2 -> SO + O3,1.4720469128636723e-73
88.5,88,0.0006348192078018891,mesosphere,production,H2CO + HO2 -> CH3 + O3,2.249428925525203e-70
88.5,88,0.0006348192078018891,mesosphere,production,OCS + O2 -> CS + O3,3.807062266296659e-101
88.5,88,0.0006348192078018891,mesosphere,loss,O3 + hv -> O + O2,0.08625153641195955
88.5,88,0.0006348192078018891,mesosphere,loss,O3 + hv -> O1D + O2,0.480767037838075
88.5,88,0.0006348192078018891,mesosphere,loss,NO + O3 -> NO2 + O2,3.6281020075259427e-07
88.5,88,0.0006348192078018891,mesosphere,loss,OH + O3 -> HO2 + O2,1.7022807158689423e-09
88.5,88,0.0006348192078018891,mesosphere,loss,H + O3 -> OH + O2,0.43465818604165596
88.5,88,0.0006348192078018891,mesosphere,loss,O + O3 -> O2 + O2,0.18639594428952166
88.5,88,0.0006348192078018891,mesosphere,loss,O3 + M -> O + O2 + M,2.2756155898163792e-08
88.5,88,0.0006348192078018891,mesosphere,loss,O1D + O3 -> O2 + O2,1.8444403803301937e-07
88.5,88,0.0006348192078018891,mesosphere,loss,CH3 + O3 -> H2CO + HO2,6.317708703792696e-13
88.5,88,0.0006348192078018891,mesosphere,loss,NO2 + O3 -> NO3 + O2,1.3127071829952737e-16
88.5,88,0.0006348192078018891,mesosphere,loss,HS + O3 -> HSO + O2,1.504060462603606e-25
88.5,88,0.0006348192078018891,mesosphere,loss,SO + O3 -> SO2 + O2,4.714281842701931e-15
88.5,88,0.0006348192078018891,mesosphere,loss,S + O3 -> SO + O2,9.43594167159198e-15
88.5,88,0.0006348192078018891,mesosphere,loss,SO2 + O3 -> SO3 + O2,2.4449803520628955e-24
88.5,88,0.0006348192078018891,mesosphere,loss,Cl + O3 -> ClO + O2,2.2506452623759882e-36
88.5,88,0.0006348192078018891,mesosphere,loss,CS + O3 -> OCS + O2,7.696337165258384e-26
89.5,89,0.0005815877570236348,mesosphere,production,O + O2 + M -> O3 + M,0.6324370309037556
89.5,89,0.0005815877570236348,mesosphere,production,NO3 + O2 -> NO2 + O3,1.1664796240802358e-29
89.5,89,0.0005815877570236348,mesosphere,production,HO2 + O2 -> OH + O3,8.014470134055463e-30
89.5,89,0.0005815877570236348,mesosphere,production,NO2 + O2 -> NO + O3,1.6275918340556034e-34
89.5,89,0.0005815877570236348,mesosphere,production,OH + O2 -> H + O3,2.128095716733806e-46
89.5,89,0.0005815877570236348,mesosphere,production,O2 + O2 -> O + O3,1.3608902072723434e-50
89.5,89,0.0005815877570236348,mesosphere,production,SO3 + O2 -> SO2 + O3,1.0739550532097026e-52
89.5,89,0.0005815877570236348,mesosphere,production,ClO + O2 -> Cl + O3,3.0483277208249545e-53
89.5,89,0.0005815877570236348,mesosphere,production,HSO + O2 -> HS + O3,4.976962553516817e-62
89.5,89,0.0005815877570236348,mesosphere,production,SO + O2 -> S + O3,5.803011802702825e-65
89.5,89,0.0005815877570236348,mesosphere,production,O2 + O2 -> O1D + O3,1.5996369534571924e-73
89.5,89,0.0005815877570236348,mesosphere,production,SO2 + O2 -> SO + O3,1.406433795391756e-71
89.5,89,0.0005815877570236348,mesosphere,production,H2CO + HO2 -> CH3 + O3,7.660713095958863e-69
89.5,89,0.0005815877570236348,mesosphere,production,OCS + O2 -> CS + O3,9.772427766925535e-99
89.5,89,0.0005815877570236348,mesosphere,loss,O3 + hv -> O + O2,0.052182807884228695
89.5,89,0.0005815877570236348,mesosphere,loss,O3 + hv -> O1D + O2,0.2908730819844005
89.5,89,0.0005815877570236348,mesosphere,loss,NO + O3 -> NO2 + O2,2.7599740825484056e-07
89.5,89,0.0005815877570236348,mesosphere,loss,OH + O3 -> HO2 + O2,1.172139245442916e-09
89.5,89,0.0005815877570236348,mesosphere,loss,H + O3 -> OH + O2,0.25165592063508785
89.5,89,0.0005815877570236348,mesosphere,loss,O + O3 -> O2 + O2,0.12469750690266157
89.5,89,0.0005815877570236348,mesosphere,loss,O3 + M -> O + O2 + M,3.5101396727597396e-08
89.5,89,0.0005815877570236348,mesosphere,loss,O1D + O3 -> O2 + O2,1.0344573965238579e-07
89.5,89,0.0005815877570236348,mesosphere,loss,CH3 + O3 -> H2CO + HO2,3.306645029127774e-13
89.5,89,0.0005815877570236348,mesosphere,loss,NO2 + O3 -> NO3 + O2,9.493534213562585e-17
89.5,89,0.0005815877570236348,mesosphere,loss,HS + O3 -> HSO + O2,7.049992878905353e-26
89.5,89,0.0005815877570236348,mesosphere,loss,SO + O3 -> SO2 + O2,2.6902933259546822e-15
89.5,89,0.0005815877570236348,mesosphere,loss,S + O3 -> SO + O2,6.008211629700391e-15
89.5,89,0.0005815877570236348,mesosphere,loss,SO2 + O3 -> SO3 + O2,2.3622078550527352e-24
89.5,89,0.0005815877570236348,mesosphere,loss,Cl + O3 -> ClO + O2,1.234313649008864e-36
89.5,89,0.0005815877570236348,mesosphere,loss,CS + O3 -> OCS + O2,4.600995176813282e-26
90.5,90,0.0005343422184250825,mesosphere,production,O + O2 + M -> O3 + M,0.38879760002325675
90.5,90,0.0005343422184250825,mesosphere,production,NO3 + O2 -> NO2 + O3,2.7092056282728444e-29
90.5,90,0.0005343422184250825,mesosphere,production,HO2 + O2 -> OH + O3,2.736346524545644e-29
90.5,90,0.0005343422184250825,mesosphere,production,NO2 + O2 -> NO + O3,1.0702233374387147e-33
90.5,90,0.0005343422184250825,mesosphere,production,OH + O2 -> H + O3,4.8756555514955053e-45
90.5,90,0.0005343422184250825,mesosphere,production,O2 + O2 -> O + O3,5.765462563516448e-49
90.5,90,0.0005343422184250825,mesosphere,production,SO3 + O2 -> SO2 + O3,1.0704204679888497e-51
90.5,90,0.0005343422184250825,mesosphere,production,ClO + O2 -> Cl + O3,1.1780118791819678e-52
90.5,90,0.0005343422184250825,mesosphere,production,HSO + O2 -> HS + O3,6.82791011339946e-61
90.5,90,0.0005343422184250825,mesosphere,production,SO + O2 -> S + O3,2.739618998940969e-63
90.5,90,0.0005343422184250825,mesosphere,production,O2 + O2 -> O1D + O3,3.939006159967206e-71
90.5,90,0.0005343422184250825,mesosphere,production,SO2 + O2 -> SO + O3,1.0085714523602654e-69
90.5,90,0.0005343422184250825,mesosphere,production,H2CO + HO2 -> CH3 + O3,1.977450784226614e-67
90.5,90,0.0005343422184250825,mesosphere,production,OCS + O2 -> CS + O3,1.7393706165860518e-96
90.5,90,0.0005343422184250825,mesosphere,loss,O3 + hv -> O + O2,0.0320611700533702
90.5,90,0.0005343422184250825,mesosphere,loss,O3 + hv -> O1D + O2,0.17871583568850224
90.5,90,0.0005343422184250825,mesosphere,loss,NO + O3 -> NO2 + O2,2.0865851873671955e-07
90.5,90,0.0005343422184250825,mesosphere,loss,OH + O3 -> HO2 + O2,7.985394405424228e-10
90.5,90,0.0005343422184250825,mesosphere,loss,H + O3 -> OH + O2,0.14751856601659116
90.5,90,0.0005343422184250825,mesosphere,loss,O + O3 -> O2 + O2,0.08394546008946145
90.5,90,0.0005343422184250825,mesosphere,loss,O3 + M -> O + O2 + M,5.15118078049926e-08
90.5,90,0.0005343422184250825,mesosphere,loss,O1D + O3 -> O2 + O2,5.895903817432857e-08
90.5,90,0.0005343422184250825,mesosphere,loss,CH3 + O3 -> H2CO + HO2,1.707937560168757e-13
90.5,90,0.0005343422184250825,mesosphere,loss,NO2 + O3 -> NO3 + O2,6.807115213122002e-17
90.5,90,0.0005343422184250825,mesosphere,loss,HS + O3 -> HSO + O2,3.37818966499755e-26
90.5,90,0.0005343422184250825,mesosphere,loss,SO + O3 -> SO2 + O2,1.551508718342983e-15
90.5,90,0.0005343422184250825,mesosphere,loss,S + O3 -> SO + O2,3.873741871404917e-15
90.5,90,0.0005343422184250825,mesosphere,loss,SO2 + O3 -> SO3 + O2,2.2714466435197146e-24
90.5,90,0.0005343422184250825,mesosphere,loss,Cl + O3 -> ClO + O2,6.891553153108028e-37
90.5,90,0.0005343422184250825,mesosphere,loss,CS + O3 -> OCS + O2,2.7832182369839574e-26
91.5,91,0.0004922527531410132,mesosphere,production,O + O2 + M -> O3 + M,0.24252289507192892
91.5,91,0.0004922527531410132,mesosphere,production,NO3 + O2 -> NO2 + O3,5.836850220991784e-29
91.5,91,0.0004922527531410132,mesosphere,production,HO2 + O2 -> OH + O3,8.478048630498361e-29
91.5,91,0.0004922527531410132,mesosphere,production,NO2 + O2 -> NO + O3,6.158042786988834e-33
91.5,91,0.0004922527531410132,mesosphere,production,OH + O2 -> H + O3,8.984445842670786e-44
91.5,91,0.0004922527531410132,mesosphere,production,O2 + O2 -> O + O3,1.9150015458765526e-47
91.5,91,0.0004922527531410132,mesosphere,production,SO3 + O2 -> SO2 + O3,9.123447445447363e-51
91.5,91,0.0004922527531410132,mesosphere,production,ClO + O2 -> Cl + O3,4.1475027044003514e-52
91.5,91,0.0004922527531410132,mesosphere,production,HSO + O2 -> HS + O3,7.821730165805861e-60
91.5,91,0.0004922527531410132,mesosphere,production,SO + O2 -> S + O3,1.0060384522696821e-61
91.5,91,0.0004922527531410132,mesosphere,production,O2 + O2 -> O1D + O3,6.826304196228874e-69
91.5,91,0.0004922527531410132,mesosphere,production,SO2 + O2 -> SO + O3,5.545019088857444e-68
91.5,91,0.0004922527531410132,mesosphere,production,H2CO + HO2 -> CH3 + O3,3.9572888042580514e-66
91.5,91,0.0004922527531410132,mesosphere,production,OCS + O2 -> CS + O3,2.2194013203157254e-94
91.5,91,0.0004922527531410132,mesosphere,loss,O3 + hv -> O + O2,0.019993985095634496
91.5,91,0.0004922527531410132,mesosphere,loss,O3 + hv -> O1D + O2,0.11145254783944533
91.5,91,0.0004922527531410132,mesosphere,loss,NO + O3 -> NO2 + O2,1.5714833220988866e-07
91.5,91,0.0004922527531410132,mesosphere,loss,OH + O3 -> HO2 + O2,5.382858678366557e-10
91.5,91,0.0004922527531410132,mesosphere,loss,H + O3 -> OH + O2,0.0875186254831667
91.5,91,0.0004922527531410132,mesosphere,loss,O + O3 -> O2 + O2,0.05689172035135275
91.5,91,0.0004922527531410132,mesosphere,loss,O3 + M -> O + O2 + M,7.23260356313813e-08
91.5,91,0.0004922527531410132,mesosphere,loss,O1D + O3 -> O2 + O2,3.415229436966162e-08
91.5,91,0.0004922527531410132,mesosphere,loss,CH3 + O3 -> H2CO + HO2,8.693195761422151e-14
91.5,91,0.0004922527531410132,mesosphere,loss,NO2 + O3 -> NO3 + O2,4.852311932593087e-17
91.5,91,0.0004922527531410132,mesosphere,loss,HS + O3 -> HSO + O2,1.6532158112496874e-26
91.5,91,0.0004922527531410132,mesosphere,loss,SO + O3 -> SO2 + O2,9.04149822550604e-16
91.5,91,0.0004922527531410132,mesosphere,loss,S + O3 -> SO + O2,2.5267388811945247e-15
91.5,91,0.0004922527531410132,mesosphere,loss,SO2 + O3 -> SO3 + O2,2.1638945675271174e-24
91.5,91,0.0004922527531410132,mesosphere,loss,Cl + O3 -> ClO + O2,3.914819731398009e-37
91.5,91,0.0004922527531410132,mesosphere,loss,CS + O3 -> OCS + O2,1.7024330756553064e-26
92.5,92,0.000454620032617637,mesosphere,production,O + O2 + M -> O3 + M,0.1534825982337137
92.5,92,0.000454620032617637,mesosphere,production,NO3 + O2 -> NO2 + O3,1.1767815949617005e-28
92.5,92,0.000454620032617637,mesosphere,production,HO2 + O2 -> OH + O3,2.4089139852499047e-28
92.5,92,0.000454620032617637,mesosphere,production,NO2 + O2 -> NO + O3,3.143841208016096e-32
92.5,92,0.000454620032617637,mesosphere,production,OH + O2 -> H + O3,1.3587251229456357e-42
92.5,92,0.000454620032617637,mesosphere,production,O2 + O2 -> O + O3,5.1059898936171055e-46
92.5,92,0.000454620032617637,mesosphere,production,SO3 + O2 -> SO2 + O3,6.782359881445734e-50
92.5,92,0.000454620032617637,mesosphere,production,ClO + O2 -> Cl + O3,1.3428987688836624e-51
92.5,92,0.000454620032617637,mesosphere,production,HSO + O2 -> HS + O3,7.6079192479855165e-59
92.5,92,0.000454620032617637,mesosphere,production,SO + O2 -> S + O3,2.9414108956801436e-60
92.5,92,0.000454620032617637,mesosphere,production,O2 + O2 -> O1D + O3,8.607096858318094e-67
92.5,92,0.000454620032617637,mesosphere,production,SO2 + O2 -> SO + O3,2.383766605056108e-66
92.5,92,0.000454620032617637,mesosphere,production,H2CO + HO2 -> CH3 + O3,6.270803052215494e-65
92.5,92,0.000454620032617637,mesosphere,production,OCS + O2 -> CS + O3,2.091626352832054e-92
92.5,92,0.000454620032617637,mesosphere,loss,O3 + hv -> O + O2,0.012653744528377935
92.5,92,0.000454620032617637,mesosphere,loss,O3 + hv -> O1D + O2,0.07053685674840558
92.5,92,0.000454620032617637,mesosphere,loss,NO + O3 -> NO2 + O2,1.1818906580774202e-07
92.5,92,0.000454620032617637,mesosphere,loss,OH + O3 -> HO2 + O2,3.597083673163137e-10
92.5,92,0.000454620032617637,mesosphere,loss,H + O3 -> OH + O2,0.05255064742564194
92.5,92,0.000454620032617637,mesosphere,loss,O + O3 -> O2 + O2,0.038841895270147864
92.5,92,0.000454620032617637,mesosphere,loss,O3 + M -> O + O2 + M,9.767095413432186e-08
92.5,92,0.000454620032617637,mesosphere,loss,O1D + O3 -> O2 + O2,2.011687535336868e-08
92.5,92,0.000454620032617637,mesosphere,loss,CH3 + O3 -> H2CO + HO2,4.3600394794426713e-14
92.5,92,0.000454620032617637,mesosphere,loss,NO2 + O3 -> NO3 + O2,3.4478933039279055e-17
92.5,92,0.000454620032617637,mesosphere,loss,HS + O3 -> HSO + O2,8.259459248480103e-27
92.5,92,0.000454620032617637,mesosphere,loss,SO + O3 -> SO2 + O2,5.325297027108787e-16
92.5,92,0.000454620032617637,mesosphere,loss,S + O3 -> SO + O2,1.666079734484679e-15
92.5,92,0.000454620032617637,mesosphere,loss,SO2 + O3 -> SO3 + O2,2.036255916922723e-24
92.5,92,0.000454620032617637,mesosphere,loss,Cl + O3 -> ClO + O2,2.2620019380635435e-37
92.5,92,0.000454620032617637,mesosphere,loss,CS + O3 -> OCS + O2,1.0524229124150083e-26
93.5,93,0.00042085958399798126,mesosphere,production,O + O2 + M -> O3 + M,0.0985687758112688
93.5,93,0.00042085958399798126,mesosphere,production,NO3 + O2 -> NO2 + O3,2.2380508936885423e-28
93.5,93,0.00042085958399798126,mesosphere,production,HO2 + O2 -> OH + O3,6.340493811823661e-28
93.5,93,0.00042085958399798126,mesosphere,production,NO2 + O2 -> NO + O3,1.441952968682515e-31
93.5,93,0.00042085958399798126,mesosphere,production,OH + O2 -> H + O3,1.7201857587431695e-41
93.5,93,0.00042085958399798126,mesosphere,production,O2 + O2 -> O + O3,1.1166844410862481e-44
93.5,93,0.00042085958399798126,mesosphere,production,SO3 + O2 -> SO2 + O3,4.475175618224034e-49
93.5,93,0.00042085958399798126,mesosphere,production,ClO + O2 -> Cl + O3,4.033351860233548e-51
93.5,93,0.00042085958399798126,mesosphere,production,HSO + O2 -> HS + O3,6.380101128533888e-58
93.5,93,0.00042085958399798126,mesosphere,production,SO + O2 -> S + O3,6.992665520596964e-59
93.5,93,0.00042085958399798126,mesosphere,production,O2 + O2 -> O1D + O3,8.137033362738784e-65
93.5,93,0.00042085958399798126,mesosphere,production,SO2 + O2 -> SO + O3,8.158650234642062e-65
93.5,93,0.00042085958399798126,mesosphere,production,H2CO + HO2 -> CH3 + O3,8.031414964816587e-64
93.5,93,0.00042085958399798126,mesosphere,production,OCS + O2 -> CS + O3,1.495291951257908e-90
93.5,93,0.00042085958399798126,mesosphere,loss,O3 + hv -> O + O2,0.008129568187949915
93.5,93,0.00042085958399798126,mesosphere,loss,O3 + hv -> O1D + O2,0.04531796519059838
93.5,93,0.00042085958399798126,mesosphere,loss,NO + O3 -> NO2 + O2,8.898809169607578e-08
93.5,93,0.00042085958399798126,mesosphere,loss,OH + O3 -> HO2 + O2,2.3919209919128736e-10
93.5,93,0.00042085958399798126,mesosphere,loss,H + O3 -> OH + O2,0.03195247317596319
93.5,93,0.00042085958399798126,mesosphere,loss,O + O3 -> O2 + O2,0.026741438950729265
93.5,93,0.00042085958399798126,mesosphere,loss,O3 + M -> O + O2 + M,1.2750364709749714e-07
93.5,93,0.00042085958399798126,mesosphere,loss,O1D + O3 -> O2 + O2,1.206392646918486e-08
93.5,93,0.00042085958399798126,mesosphere,loss,CH3 + O3 -> H2CO + HO2,2.1588167558936935e-14
93.5,93,0.00042085958399798126,mesosphere,loss,NO2 + O3 -> NO3 + O2,2.4488405652536236e-17
93.5,93,0.00042085958399798126,mesosphere,loss,HS + O3 -> HSO + O2,4.213508771399349e-27
93.5,93,0.00042085958399798126,mesosphere,loss,SO + O3 -> SO2 + O2,3.1721414563989406e-16
93.5,93,0.00042085958399798126,mesosphere,loss,S + O3 -> SO + O2,1.1097745112194013e-15
93.5,93,0.00042085958399798126,mesosphere,loss,SO2 + O3 -> SO3 + O2,1.889113826192943e-24
93.5,93,0.00042085958399798126,mesosphere,loss,Cl + O3 -> ClO + O2,1.3296763485339634e-37
93.5,93,0.00042085958399798126,mesosphere,loss,CS + O3 -> OCS + O2,6.574545301686034e-27
94.5,94,0.0003904477553846817,mesosphere,production,O + O2 + M -> O3 + M,0.06498478904778082
94.5,94,0.0003904477553846817,mesosphere,production,NO3 + O2 -> NO2 + O3,3.7495657410881976e-28
94.5,94,0.0003904477553846817,mesosphere,production,HO2 + O2 -> OH + O3,1.4193579179859383e-27
94.5,94,0.0003904477553846817,mesosphere,production,NO2 + O2 -> NO + O3,5.269733918324732e-31
94.5,94,0.0003904477553846817,mesosphere,production,OH + O2 -> H + O3,1.5148172913321723e-40
94.5,94,0.0003904477553846817,mesosphere,production,O2 + O2 -> O + O3,1.6152634831505573e-43
94.5,94,0.0003904477553846817,mesosphere,production,SO3 + O2 -> SO2 + O3,2.2441781697410865e-48
94.5,94,0.0003904477553846817,mesosphere,production,ClO + O2 -> Cl + O3,1.0328366234030761e-50
94.5,94,0.0003904477553846817,mesosphere,production,HSO + O2 -> HS + O3,3.9336673508509104e-57
94.5,94,0.0003904477553846817,mesosphere,production,SO + O2 -> S + O3,1.0856045793989164e-57
94.5,94,0.0003904477553846817,mesosphere,production,O2 + O2 -> O1D + O3,4.236451563220345e-63
94.5,94,0.0003904477553846817,mesosphere,production,SO2 + O2 -> SO + O3,1.7377898985761467e-63
94.5,94,0.0003904477553846817,mesosphere,production,H2CO + HO2 -> CH3 + O3,6.754122630877917e-63
94.5,94,0.0003904477553846817,mesosphere,production,OCS + O2 -> CS + O3,6.0816866627142264e-89
94.5,94,0.0003904477553846817,mesosphere,loss,O3 + hv -> O + O2,0.005374137270230404
94.5,94,0.0003904477553846817,mesosphere,loss,O3 + hv -> O1D + O2,0.02995829454724172
94.5,94,0.0003904477553846817,mesosphere,loss,NO + O3 -> NO2 + O2,6.671672613713395e-08
94.5,94,0.0003904477553846817,mesosphere,loss,OH + O3 -> HO2 + O2,1.5782667474023777e-10
94.5,94,0.0003904477553846817,mesosphere,loss,H + O3 -> OH + O2,0.019941332002016726
94.5,94,0.0003904477553846817,mesosphere,loss,O + O3 -> O2 + O2,0.018679861238503317
94.5,94,0.0003904477553846817,mesosphere,loss,O3 + M -> O + O2 + M,1.551784466167757e-07
94.5,94,0.0003904477553846817,mesosphere,loss,O1D + O3 -> O2 + O2,7.470287322251593e-09
94.5,94,0.0003904477553846817,mesosphere,loss,CH3 + O3 -> H2CO + HO2,1.0545166475301127e-14
94.5,94,0.0003904477553846817,mesosphere,loss,NO2 + O3 -> NO3 + O2,1.727199226998772e-17
94.5,94,0.0003904477553846817,mesosphere,loss,HS + O3 -> HSO + O2,2.2291293305016655e-27
94.5,94,0.0003904477553846817,mesosphere,loss,SO + O3 -> SO2 + O2,1.9311175881556788e-16
94.5,94,0.0003904477553846817,mesosphere,loss,S + O3 -> SO + O2,7.557787928273233e-16
94.5,94,0.0003904477553846817,mesosphere,loss,SO2 + O3 -> SO3 + O2,1.6907461246059665e-24
94.5,94,0.0003904477553846817,mesosphere,loss,Cl + O3 -> ClO + O2,8.065852782082975e-38
94.5,94,0.0003904477553846817,mesosphere,loss,CS + O3 -> OCS + O2,4.225734699564054e-27
95.5,95,0.00036290988228626506,mesosphere,production,O + O2 + M -> O3 + M,0.04413001419314583
95.5,95,0.00036290988228626506,mesosphere,production,NO3 + O2 -> NO2 + O3,5.509186677368409e-28
95.5,95,0.00036290988228626506,mesosphere,production,HO2 + O2 -> OH + O3,2.684017668398864e-27
95.5,95,0.00036290988228626506,mesosphere,production,NO2 + O2 -> NO + O3,1.5175893215242114e-30
95.5,95,0.00036290988228626506,mesosphere,production,OH + O2 -> H + O3,9.12773805830951e-40
95.5,95,0.00036290988228626506,mesosphere,production,O2 + O2 -> O + O3,1.510510936318436e-42
95.5,95,0.00036290988228626506,mesosphere,production,SO3 + O2 -> SO2 + O3,8.417118465747567e-48
95.5,95,0.00036290988228626506,mesosphere,production,ClO + O2 -> Cl + O3,2.235499243222047e-50
95.5,95,0.00036290988228626506,mesosphere,production,HSO + O2 -> HS + O3,1.7527540507014557e-56
95.5,95,0.00036290988228626506,mesosphere,production,SO + O2 -> S + O3,1.0741649963503992e-56
95.5,95,0.00036290988228626506,mesosphere,production,O2 + O2 -> O1D + O3,1.1743165759856826e-61
95.5,95,0.00036290988228626506,mesosphere,production,SO2 + O2 -> SO + O3,2.241749845398563e-62
95.5,95,0.00036290988228626506,mesosphere,production,H2CO + HO2 -> CH3 + O3,3.658944450437711e-62
95.5,95,0.00036290988228626506,mesosphere,production,OCS + O2 -> CS + O3,1.3612316821703244e-87
95.5,95,0.00036290988228626506,mesosphere,loss,O3 + hv -> O + O2,0.0036699759506318994
95.5,95,0.00036290988228626506,mesosphere,loss,O3 + hv -> O1D + O2,0.020458629267307064
95.5,95,0.00036290988228626506,mesosphere,loss,NO + O3 -> NO2 + O2,4.996537272331325e-08
95.5,95,0.00036290988228626506,mesosphere,loss,OH + O3 -> HO2 + O2,1.0398527382058796e-10
95.5,95,0.00036290988228626506,mesosphere,loss,H + O3 -> OH + O2,0.012828995804841056
95.5,95,0.00036290988228626506,mesosphere,loss,O + O3 -> O2 + O2,0.013280998838811522
95.5,95,0.00036290988228626506,mesosphere,loss,O3 + M -> O + O2 + M,1.7583759298632184e-07
95.5,95,0.00036290988228626506,mesosphere,loss,O1D + O3 -> O2 + O2,4.801699106816865e-09
95.5,95,0.00036290988228626506,mesosphere,loss,CH3 + O3 -> H2CO + HO2,5.110861830476724e-15
95.5,95,0.00036290988228626506,mesosphere,loss,NO2 + O3 -> NO3 + O2,1.2138640579417181e-17
95.5,95,0.00036290988228626506,mesosphere,loss,HS + O3 -> HSO + O2,1.2281007046111858e-27
95.5,95,0.00036290988228626506,mesosphere,loss,SO + O3 -> SO2 + O2,1.2061775389856683e-16
95.5,95,0.00036290988228626506,mesosphere,loss,S + O3 -> SO + O2,5.2749103652113e-16
95.5,95,0.00036290988228626506,mesosphere,loss,SO2 + O3 -> SO3 + O2,1.4602981561542097e-24
95.5,95,0.00036290988228626506,mesosphere,loss,Cl + O3 -> ClO + O2,5.069409376711133e-38
95.5,95,0.00036290988228626506,mesosphere,loss,CS + O3 -> OCS + O2,2.8212888052907595e-27
96.5,96,0.000337877780503484,mesosphere,production,O + O2 + M -> O3 + M,0.030432958694864492
96.5,96,0.000337877780503484,mesosphere,production,NO3 + O2 -> NO2 + O3,7.956661134258063e-28
96.5,96,0.000337877780503484,mesosphere,production,HO2 + O2 -> OH + O3,4.9385446989244506e-27
96.5,96,0.000337877780503484,mesosphere,production,NO2 + O2 -> NO + O3,4.182604587356517e-30
96.5,96,0.000337877780503484,mesosphere,production,OH + O2 -> H + O3,5.107363817815974e-39
96.5,96,0.000337877780503484,mesosphere,production,O2 + O2 -> O + O3,1.2872616483672283e-41
96.5,96,0.000337877780503484,mesosphere,production,SO3 + O2 -> SO2 + O3,3.0305229014617814e-47
96.5,96,0.000337877780503484,mesosphere,production,ClO + O2 -> Cl + O3,4.680976109633452e-50
96.5,96,0.000337877780503484,mesosphere,production,HSO + O2 -> HS + O3,7.266757707076108e-56
96.5,96,0.000337877780503484,mesosphere,production,SO + O2 -> S + O3,9.577340345997164e-56
96.5,96,0.000337877780503484,mesosphere,production,O2 + O2 -> O1D + O3,2.82654228035222e-60
96.5,96,0.000337877780503484,mesosphere,production,SO2 + O2 -> SO + O3,2.5746234247900888e-61
96.5,96,0.000337877780503484,mesosphere,production,H2CO + HO2 -> CH3 + O3,1.794424652045859e-61
96.5,96,0.000337877780503484,mesosphere,production,OCS + O2 -> CS + O3,2.6306276219819475e-86
96.5,96,0.000337877780503484,mesosphere,loss,O3 + hv -> O + O2,0.0025461188001075085
96.5,96,0.000337877780503484,mesosphere,loss,O3 + hv -> O1D + O2,0.014193731361309804
96.5,96,0.000337877780503484,mesosphere,loss,NO + O3 -> NO2 + O2,3.798645272278117e-08
96.5,96,0.000337877780503484,mesosphere,loss,OH + O3 -> HO2 + O2,6.987527230058496e-11
96.5,96,0.000337877780503484,mesosphere,loss,H + O3 -> OH + O2,0.008371355843891013
96.5,96,0.000337877780503484,mesosphere,loss,O + O3 -> O2 + O2,0.009559811047959539
96.5,96,0.000337877780503484,mesosphere,loss,O3 + M -> O + O2 + M,1.9725865586050966e-07
96.5,96,0.000337877780503484,mesosphere,loss,O1D + O3 -> O2 + O2,3.1586381603243977e-09
96.5,96,0.000337877780503484,mesosphere,loss,CH3 + O3 -> H2CO + HO2,2.4991869132564715e-15
96.5,96,0.000337877780503484,mesosphere,loss,NO2 + O3 -> NO3 + O2,8.654153683855989e-18
96.5,96,0.000337877780503484,mesosphere,loss,HS + O3 -> HSO + O2,6.906753913988529e-28
96.5,96,0.000337877780503484,mesosphere,loss,SO + O3 -> SO2 + O2,7.640671118364845e-17
96.5,96,0.000337877780503484,mesosphere,loss,S + O3 -> SO + O2,3.7050399377072557e-16
96.5,96,0.000337877780503484,mesosphere,loss,SO2 + O3 -> SO3 + O2,1.2607929188463975e-24
96.5,96,0.000337877780503484,mesosphere,loss,Cl + O3 -> ClO + O2,3.242067410258534e-38
96.5,96,0.000337877780503484,mesosphere,loss,CS + O3 -> OCS + O2,1.9495940403605053e-27
97.5,97,0.0003150753634996543,mesosphere,production,O + O2 + M -> O3 + M,0.02135354170534289
97.5,97,0.0003150753634996543,mesosphere,production,NO3 + O2 -> NO2 + O3,1.1382113109364228e-27
97.5,97,0.0003150753634996543,mesosphere,production,HO2 + O2 -> OH + O3,8.91116846704018e-27
97.5,97,0.0003150753634996543,mesosphere,production,NO2 + O2 -> NO + O3,1.1136702251114122e-29
97.5,97,0.0003150753634996543,mesosphere,production,OH + O2 -> H + O3,2.706341460544744e-38
97.5,97,0.0003150753634996543,mesosphere,production,O2 + O2 -> O + O3,1.0120059621918225e-40
97.5,97,0.0003150753634996543,mesosphere,production,SO3 + O2 -> SO2 + O3,1.0582097996018299e-46
97.5,97,0.0003150753634996543,mesosphere,production,ClO + O2 -> Cl + O3,9.532293416523146e-50
97.5,97,0.0003150753634996543,mesosphere,production,HSO + O2 -> HS + O3,2.8276403020305218e-55
97.5,97,0.0003150753634996543,mesosphere,production,SO + O2 -> S + O3,7.777336701874694e-55
97.5,97,0.0003150753634996543,mesosphere,production,O2 + O2 -> O1D + O3,6.000340508185736e-59
97.5,97,0.0003150753634996543,mesosphere,production,SO2 + O2 -> SO + O3,2.6668805690658017e-60
97.5,97,0.0003150753634996543,mesosphere,production,H2CO + HO2 -> CH3 + O3,8.203249354470499e-61
97.5,97,0.0003150753634996543,mesosphere,production,OCS + O2 -> CS + O3,4.43758084343321e-85
97.5,97,0.0003150753634996543,mesosphere,loss,O3 + hv -> O + O2,0.0017972168802074305
97.5,97,0.0003150753634996543,mesosphere,loss,O3 + hv -> O1D + O2,0.010018960837998036
97.5,97,0.0003150753634996543,mesosphere,loss,NO + O3 -> NO2 + O2,2.9463353555386938e-08
97.5,97,0.0003150753634996543,mesosphere,loss,OH + O3 -> HO2 + O2,4.85059555062492e-11
97.5,97,0.0003150753634996543,mesosphere,loss,H + O3 -> OH + O2,0.005550028479825904
97.5,97,0.0003150753634996543,mesosphere,loss,O + O3 -> O2 + O2,0.006978769159470929
97.5,97,0.0003150753634996543,mesosphere,loss,O3 + M -> O + O2 + M,2.1981227545772382e-07
97.5,97,0.0003150753634996543,mesosphere,loss,O1D + O3 -> O2 + O2,2.1349696076427915e-09
97.5,97,0.0003150753634996543,mesosphere,loss,CH3 + O3 -> H2CO + HO2,1.2593597355457755e-15
97.5,97,0.0003150753634996543,mesosphere,loss,NO2 + O3 -> NO3 + O2,6.290830649901386e-18
97.5,97,0.0003150753634996543,mesosphere,loss,HS + O3 -> HSO + O2,3.970673295336697e-28
97.5,97,0.0003150753634996543,mesosphere,loss,SO + O3 -> SO2 + O2,4.9194318915087846e-17
97.5,97,0.0003150753634996543,mesosphere,loss,S + O3 -> SO + O2,2.6186290255929433e-16
97.5,97,0.0003150753634996543,mesosphere,loss,SO2 + O3 -> SO3 + O2,1.09317668723879e-24
97.5,97,0.0003150753634996543,mesosphere,loss,Cl + O3 -> ClO + O2,2.1128318892355876e-38
97.5,97,0.0003150753634996543,mesosphere,loss,CS + O3 -> OCS + O2,1.4718435763683978e-27
98.5,98,0.00029426104175280936,mesosphere,production,O + O2 + M -> O3 + M,0.015278328058323475
98.5,98,0.00029426104175280936,mesosphere,production,NO3 + O2 -> NO2 + O3,1.625011073891781e-27
98.5,98,0.00029426104175280936,mesosphere,production,HO2 + O2 -> OH + O3,1.589032908489453e-26
98.5,98,0.00029426104175280936,mesosphere,production,NO2 + O2 -> NO + O3,2.8906244842538117e-29
98.5,98,0.00029426104175280936,mesosphere,production,OH + O2 -> H + O3,1.3885599321968458e-37
98.5,98,0.00029426104175280936,mesosphere,production,O2 + O2 -> O + O3,7.4223550120292e-40
98.5,98,0.00029426104175280936,mesosphere,production,SO3 + O2 -> SO2 + O3,3.624533333236159e-46
98.5,98,0.00029426104175280936,mesosphere,production,ClO + O2 -> Cl + O3,1.8970888524549357e-49
98.5,98,0.00029426104175280936,mesosphere,production,HSO + O2 -> HS + O3,1.0412269116638803e-54
98.5,98,0.00029426104175280936,mesosphere,production,SO + O2 -> S + O3,5.808452993828548e-54
98.5,98,0.00029426104175280936,mesosphere,production,O2 + O2 -> O1D + O3,1.1391376509286888e-57
98.5,98,0.00029426104175280936,mesosphere,production,SO2 + O2 -> SO + O3,2.5115479584131877e-59
98.5,98,0.00029426104175280936,mesosphere,production,H2CO + HO2 -> CH3 + O3,3.6957825646904446e-60
98.5,98,0.00029426104175280936,mesosphere,production,OCS + O2 -> CS + O3,6.594153180086018e-84
98.5,98,0.00029426104175280936,mesosphere,loss,O3 + hv -> O + O2,0.0012936534435654512
98.5,98,0.00029426104175280936,mesosphere,loss,O3 + hv -> O1D + O2,0.007211808081628282
98.5,98,0.00029426104175280936,mesosphere,loss,NO + O3 -> NO2 + O2,2.3447919608112375e-08
98.5,98,0.00029426104175280936,mesosphere,loss,OH + O3 -> HO2 + O2,3.538547425634202e-11
98.5,98,0.00029426104175280936,mesosphere,loss,H + O3 -> OH + O2,0.003747408809468264
98.5,98,0.00029426104175280936,mesosphere,loss,O + O3 -> O2 + O2,0.005179417069508159
98.5,98,0.00029426104175280936,mesosphere,loss,O3 + M -> O + O2 + M,2.442255446373602e-07
98.5,98,0.00029426104175280936,mesosphere,loss,O1D + O3 -> O2 + O2,1.4920822215478361e-09
98.5,98,0.00029426104175280936,mesosphere,loss,CH3 + O3 -> H2CO + HO2,6.872019608742695e-16
98.5,98,0.00029426104175280936,mesosphere,loss,NO2 + O3 -> NO3 + O2,4.690081894490859e-18
98.5,98,0.00029426104175280936,mesosphere,loss,HS + O3 -> HSO + O2,2.3390097191200255e-28
98.5,98,0.00029426104175280936,mesosphere,loss,SO + O3 -> SO2 + O2,3.2300109456327715e-17
98.5,98,0.00029426104175280936,mesosphere,loss,S + O3 -> SO + O2,1.8623472662495437e-16
98.5,98,0.00029426104175280936,mesosphere,loss,SO2 + O3 -> SO3 + O2,9.535261434615796e-25
98.5,98,0.00029426104175280936,mesosphere,loss,Cl + O3 -> ClO + O2,1.4062137686700387e-38
98.5,98,0.00029426104175280936,mesosphere,loss,CS + O3 -> OCS + O2,1.3422656929563284e-27
99.5,99,0.000275223521428728,mesosphere,production,O + O2 + M -> O3 + M,0.011172044790617295
99.5,99,0.000275223521428728,mesosphere,production,NO3 + O2 -> NO2 + O3,2.3351426982869468e-27
99.5,99,0.000275223521428728,mesosphere,production,HO2 + O2 -> OH + O3,2.8224722189706296e-26
99.5,99,0.000275223521428728,mesosphere,production,NO2 + O2 -> NO + O3,7.387347101255935e-29
99.5,99,0.000275223521428728,mesosphere,production,OH + O2 -> H + O3,7.076310266500504e-37
99.5,99,0.000275223521428728,mesosphere,production,O2 + O2 -> O + O3,5.138164817044532e-39
99.5,99,0.000275223521428728,mesosphere,production,SO3 + O2 -> SO2 + O3,1.2350498708400788e-45
99.5,99,0.000275223521428728,mesosphere,production,ClO + O2 -> Cl + O3,3.7086796101960565e-49
99.5,99,0.000275223521428728,mesosphere,production,HSO + O2 -> HS + O3,3.664962848303511e-54
99.5,99,0.000275223521428728,mesosphere,production,SO + O2 -> S + O3,4.0355856914586016e-53
99.5,99,0.000275223521428728,mesosphere,production,O2 + O2 -> O1D + O3,1.9622153845893147e-56
99.5,99,0.000275223521428728,mesosphere,production,SO2 + O2 -> SO + O3,2.15786068124421e-58
99.5,99,0.000275223521428728,mesosphere,production,H2CO + HO2 -> CH3 + O3,1.8140453819012955e-59
99.5,99,0.000275223521428728,mesosphere,production,OCS + O2 -> CS + O3,8.708523146784706e-83
99.5,99,0.000275223521428728,mesosphere,loss,O3 + hv -> O + O2,0.0009553367709904859
99.5,99,0.000275223521428728,mesosphere,loss,O3 + hv -> O1D + O2,0.005325821861311877
99.5,99,0.000275223521428728,mesosphere,loss,NO + O3 -> NO2 + O2,1.9338649937770272e-08
99.5,99,0.000275223521428728,mesosphere,loss,OH + O3 -> HO2 + O2,2.7782262689137126e-11
99.5,99,0.000275223521428728,mesosphere,loss,H + O3 -> OH + O2,0.002592642365442017
99.5,99,0.000275223521428728,mesosphere,loss,O + O3 -> O2 + O2,0.003932361589499695
99.5,99,0.000275223521428728,mesosphere,loss,O3 + M -> O + O2 + M,2.726162825094206e-07
99.5,99,0.000275223521428728,mesosphere,loss,O1D + O3 -> O2 + O2,1.0941211584128577e-09
99.5,99,0.000275223521428728,mesosphere,loss,CH3 + O3 -> H2CO + HO2,4.482381344575235e-16
99.5,99,0.000275223521428728,mesosphere,loss,NO2 + O3 -> NO3 + O2,3.623878530007085e-18
99.5,99,0.000275223521428728,mesosphere,loss,HS + O3 -> HSO + O2,1.420480037030634e-28
99.5,99,0.000275223521428728,mesosphere,loss,SO + O3 -> SO2 + O2,2.1809473569742506e-17
99.5,99,0.000275223521428728,mesosphere,loss,S + O3 -> SO + O2,1.3318825674718007e-16
99.5,99,0.000275223521428728,mesosphere,loss,SO2 + O3 -> SO3 + O2,8.371435232168573e-25
99.5,99,0.000275223521428728,mesosphere,loss,Cl + O3 -> ClO + O2,9.615729225711175e-39
99.5,99,0.000275223521428728,mesosphere,loss,CS + O3 -> OCS + O2,1.5912220645427035e-27
