pathway_id,pathway,contribution,rate,total_prod,dconc,species,alt_km
"1*1091,1*1296","O3+M -> O+O2+M
O -> O_transport
Net:O3 -> O2 + O_transport",0.9999999955307871,7.392588335351542e+16,-7.392588335351542e+16,0.0,O3,12.5
"1*673,1*1296","O3+hv -> O+O2
O -> O_transport
Net:O3 -> O2 + O_transport",3.780593867681232e-09,279483742.5182908,-279483742.5182908,0.0,O3,12.5
"1*340,1*674,1*1296","O1D+N2 -> O+N2
O3+hv -> O1D+O2
O -> O_transport
Net:O3 -> O2 + O_transport",5.128384014952039e-10,37912032.0175747,-37912032.0175747,0.0,O3,12.5
"1*674,1*1379","O3+hv -> O1D+O2
O1D -> O1D_transport
Net:O3 -> O2 + O1D_transport",1.7171696474344973e-10,12694328.36217764,-12694328.36217764,0.0,O3,12.5
"1*339,1*674,1*1296","O1D+O2 -> O+O2
O3+hv -> O1D+O2
O -> O_transport
Net:O3 -> O2 + O_transport",1.6051592227035929e-12,118662.81399173467,-118662.81399173467,0.0,O3,12.5
"1*447,1*670,1*1296","NO+O3 -> NO2+O2
NO2+hv -> NO+O
O -> O_transport
Net:O3 -> O2 + O_transport",1.2811141659473525e-12,94707.49681762815,-94707.49681762815,0.0,O3,12.5
"1*341,1*674,1*1296","O1D+CO2 -> CO2+O
O3+hv -> O1D+O2
O -> O_transport
Net:O3 -> O2 + O_transport",6.272476367595446e-13,46369.83583609098,-46369.83583609098,0.0,O3,12.5
"1*401,2*411,1*650","HO2+HO2 -> H2O2+O2
2(OH+O3 -> HO2+O2)
H2O2+hv -> OH+OH
Net:2O3 -> 3O2",1.150142392645353e-13,4251.2646369314825,-8502.529273862965,0.0,O3,12.5
"1*411,1*448,1*670,1*1296","OH+O3 -> HO2+O2
NO+HO2 -> NO2+OH
NO2+hv -> NO+O
O -> O_transport
Net:O3 -> O2 + O_transport",9.81530860074414e-14,7256.053619402528,-7256.053619402528,0.0,O3,12.5
"1*390,1*411,1*1091","HO2+O -> OH+O2
OH+O3 -> HO2+O2
O3+M -> O+O2+M
Net:2O3 -> 3O2",7.996061477567637e-14,2955.579553600131,-5911.159107200262,0.0,O3,12.5
"1*338,1*674,2*1295","O1D+H2O -> OH+OH
O3+hv -> O1D+O2
2(OH -> OH_transport)
Net:H2O + O3 -> O2 + 2OH_transport",7.922999628433528e-14,5857.147489592069,-5857.147489592069,0.0,O3,12.5
"1*385,1*390,1*1057,1*1091,1*1295,1*1364","H+O2+M -> HO2+M
HO2+O -> OH+O2
NNH+M -> H+N2+M
O3+M -> O+O2+M
OH -> OH_transport
NNH_transport -> NNH
Net:O3 + NNH_transport -> O2 + N2 + OH_transport",3.9018517365532095e-14,2884.4783762827897,-2884.4783762827897,0.0,O3,12.5
"1*409,1*1091","O+O3 -> O2+O2
O3+M -> O+O2+M
Net:2O3 -> 3O2",2.680112233872524e-14,990.6483263053675,-1981.296652610735,0.0,O3,12.5
"1*389,1*411,2*911,2*1320,2*1371","OH+HO2 -> H2O+O2
OH+O3 -> HO2+O2
2(HCNOH+M -> HCN+OH+M)
2(HCN -> HCN_transport)
2(HCNOH_transport -> HCNOH)
Net:O3 + 2HCNOH_transport -> H2O + 2O2 + 2HCN_transport",2.5397414078643916e-14,1877.5262790498252,-1877.5262790498252,0.0,O3,12.5
"1*389,1*411,2*1167,2*1315,2*1378","OH+HO2 -> H2O+O2
OH+O3 -> HO2+O2
2(HSO3+M -> SO2+OH+M)
2(SO2 -> SO2_transport)
2(HSO3_transport -> HSO3)
Net:O3 + 2HSO3_transport -> H2O + 2O2 + 2SO2_transport",1.9010667477451568e-14,1405.3803926914982,-1405.3803926914982,0.0,O3,12.5
"1*493,1*741,1*1091,1*1292,1*1301,1*1377","CH3O2+O -> CH3O+O2
CH3O+M -> H+H2CO+M
O3+M -> O+O2+M
H -> H_transport
H2CO -> H2CO_transport
CH3O2_transport -> CH3O2
Net:O3 + CH3O2_transport -> 2O2 + H_transport + H2CO_transport",1.4041635820048138e-14,1038.0403363646458,-1038.0403363646458,0.0,O3,12.5
"1*447,1*449,1*1091","NO+O3 -> NO2+O2
NO2+O -> NO+O2
O3+M -> O+O2+M
Net:2O3 -> 3O2",1.2185234949520351e-14,450.40213076965347,-900.8042615393069,0.0,O3,12.5
"1*401,1*405,1*411,2*911,2*1320,2*1371","HO2+HO2 -> H2O2+O2
H2O2+OH -> HO2+H2O
OH+O3 -> HO2+O2
2(HCNOH+M -> HCN+OH+M)
2(HCN -> HCN_transport)
2(HCNOH_transport -> HCNOH)
Net:O3 + 2HCNOH_transport -> H2O + 2O2 + 2HCN_transport",7.13072338717347e-15,527.1450277022936,-527.1450277022936,0.0,O3,12.5
"1*390,1*398,1*1091,1*1295,1*1301,1*1366","HO2+O -> OH+O2
CH3O+O2 -> H2CO+HO2
O3+M -> O+O2+M
OH -> OH_transport
H2CO -> H2CO_transport
CH3O_transport -> CH3O
Net:O3 + CH3O_transport -> O2 + OH_transport + H2CO_transport",6.7039214236278546e-15,495.59331538915785,-495.59331538915785,0.0,O3,12.5
"1*401,1*405,1*411,2*1167,2*1315,2*1378","HO2+HO2 -> H2O2+O2
H2O2+OH -> HO2+H2O
OH+O3 -> HO2+O2
2(HSO3+M -> SO2+OH+M)
2(SO2 -> SO2_transport)
2(HSO3_transport -> HSO3)
Net:O3 + 2HSO3_transport -> H2O + 2O2 + 2SO2_transport",5.337543844718861e-15,394.58264542243455,-394.58264542243455,0.0,O3,12.5
"1*390,1*391,1*1091,1*1295,1*1300","HO2+O -> OH+O2
HCO+O2 -> HO2+CO
O3+M -> O+O2+M
OH -> OH_transport
HCO_transport -> HCO
Net:O3 + HCO_transport -> O2 + CO + OH_transport",3.1938626228742385e-15,236.1091167609757,-236.1091167609757,0.0,O3,12.5
"1*449,1*1091,1*1330,1*1337","NO2+O -> NO+O2
O3+M -> O+O2+M
NO -> NO_transport
NO2_transport -> NO2
Net:O3 + NO2_transport -> 2O2 + NO_transport",2.401474311850156e-15,177.5311106477227,-177.5311106477227,0.0,O3,12.5
"1*335,1*674,1*1295,1*1305","O1D+CH4 -> CH3+OH
O3+hv -> O1D+O2
OH -> OH_transport
CH3 -> CH3_transport
Net:CH4 + O3 -> O2 + OH_transport + CH3_transport",1.5997546264181386e-15,118.26327443537771,-118.26327443537771,0.0,O3,12.5
"2*385,1*390,1*401,1*405,2*1057,1*1091,2*1364","2(H+O2+M -> HO2+M)
HO2+O -> OH+O2
HO2+HO2 -> H2O2+O2
H2O2+OH -> HO2+H2O
2(NNH+M -> H+N2+M)
O3+M -> O+O2+M
2(NNH_transport -> NNH)
Net:O3 + 2NNH_transport -> H2O + O2 + 2N2",1.5619749035464425e-15,115.4703750367545,-115.4703750367545,0.0,O3,12.5
"1*390,1*405,1*1091,1*1335","HO2+O -> OH+O2
H2O2+OH -> HO2+H2O
O3+M -> O+O2+M
H2O2_transport -> H2O2
Net:O3 + H2O2_transport -> H2O + 2O2",1.5103916696472216e-15,111.65703888748098,-111.65703888748098,0.0,O3,12.5
"1*415,1*684,1*1296","SO+O3 -> SO2+O2
SO2+hv -> SO+O
O -> O_transport
Net:O3 -> O2 + O_transport",1.4580000420982905e-15,107.78394152328819,-107.78394152328819,0.0,O3,12.5
"1*334,1*674,1*1292,1*1295","O1D+H2 -> OH+H
O3+hv -> O1D+O2
H -> H_transport
OH -> OH_transport
Net:H2 + O3 -> O2 + H_transport + OH_transport",1.2734342066762094e-15,94.13974904185248,-94.13974904185248,0.0,O3,12.5
"1*411,1*659,1*1296","OH+O3 -> HO2+O2
HO2+hv -> OH+O
O -> O_transport
Net:O3 -> O2 + O_transport",9.761593525626777e-16,72.16344275450544,-72.16344275450544,0.0,O3,12.5
"1*411,1*448,1*449,1*1091","OH+O3 -> HO2+O2
NO+HO2 -> NO2+OH
NO2+O -> NO+O2
O3+M -> O+O2+M
Net:2O3 -> 3O2",9.277211306221464e-16,34.29130219673725,-68.5826043934745,0.0,O3,12.5
"1*273,1*415,1*675,1*1296,1*1315,1*1318","S+O2 -> SO+O
SO+O3 -> SO2+O2
OCS+hv -> CO+S
O -> O_transport
SO2 -> SO2_transport
OCS_transport -> OCS
Net:O3 + OCS_transport -> CO + O_transport + SO2_transport",8.793921511780359e-16,65.0098418805273,-65.0098418805273,0.0,O3,12.5
"1*413,1*674","O1D+O3 -> O2+O2
O3+hv -> O1D+O2
Net:2O3 -> 3O2",6.450418474650603e-16,23.84264429347692,-47.68528858695384,0.0,O3,12.5
"1*67,1*336,1*674,1*1091,1*1292,1*1295,1*1301","O+H2COH -> H2CO+OH
O1D+CH4 -> H2COH+H
O3+hv -> O1D+O2
O3+M -> O+O2+M
H -> H_transport
OH -> OH_transport
H2CO -> H2CO_transport
Net:CH4 + 2O3 -> 2O2 + H_transport + OH_transport + H2CO_transport",6.354149823913674e-16,23.486807039637682,-46.973614079275364,0.0,O3,12.5
del,deleted_pathways,5.720911796652675e-16,42.2923460045231,42.2923460045231,0.0,O3,12.5
"1*410,1*1057,1*1295,1*1364","H+O3 -> OH+O2
NNH+M -> H+N2+M
OH -> OH_transport
NNH_transport -> NNH
Net:O3 + NNH_transport -> O2 + N2 + OH_transport",5.15955611416616e-16,38.14247451564332,-38.14247451564332,0.0,O3,12.5
"1*273,1*415,1*683,1*1296","S+O2 -> SO+O
SO+O3 -> SO2+O2
SO2+hv -> S+O2
O -> O_transport
Net:O3 -> O2 + O_transport",5.022886436716838e-16,37.13213184781977,-37.13213184781977,0.0,O3,12.5
"1*473,1*478,1*670,1*1296","NO2+O3 -> NO3+O2
NO3+NO -> NO2+NO2
NO2+hv -> NO+O
O -> O_transport
Net:O3 -> O2 + O_transport",4.554013366082161e-16,33.665946239594284,-33.665946239594284,0.0,O3,12.5
"1*385,1*448,1*449,1*1057,1*1091,1*1295,1*1364","H+O2+M -> HO2+M
NO+HO2 -> NO2+OH
NO2+O -> NO+O2
NNH+M -> H+N2+M
O3+M -> O+O2+M
OH -> OH_transport
NNH_transport -> NNH
Net:O3 + NNH_transport -> O2 + N2 + OH_transport",4.527016600247881e-16,33.46637026250362,-33.46637026250362,0.0,O3,12.5
"1*422,1*426,1*1051,2*1091,1*1292,1*1295,1*1330,1*1381","NH2+O -> HNO+H
O+HNO -> OH+NO
NH2CO+M -> NH2+CO+M
2(O3+M -> O+O2+M)
H -> H_transport
OH -> OH_transport
NO -> NO_transport
NH2CO_transport -> NH2CO
Net:2O3 + NH2CO_transport -> 2O2 + CO + H_transport + OH_transport + NO_transport",4.280598699409752e-16,15.822352077502217,-31.644704155004433,0.0,O3,12.5
"1*445,1*674,2*1330,1*1334","O1D+N2O -> NO+NO
O3+hv -> O1D+O2
2(NO -> NO_transport)
N2O_transport -> N2O
Net:O3 + N2O_transport -> O2 + 2NO_transport",2.754236825372238e-16,20.36093911903984,-20.36093911903984,0.0,O3,12.5
"1*390,2*398,1*401,1*405,1*1091,2*1301,2*1366","HO2+O -> OH+O2
2(CH3O+O2 -> H2CO+HO2)
HO2+HO2 -> H2O2+O2
H2O2+OH -> HO2+H2O
O3+M -> O+O2+M
2(H2CO -> H2CO_transport)
2(CH3O_transport -> CH3O)
Net:O3 + 2CH3O_transport -> H2O + O2 + 2H2CO_transport",2.6836891112382866e-16,19.83940890811665,-19.83940890811665,0.0,O3,12.5
"1*185,1*1051,1*1091,1*1330,1*1381","O+NH2 -> NO+H2
NH2CO+M -> NH2+CO+M
O3+M -> O+O2+M
NO -> NO_transport
NH2CO_transport -> NH2CO
Net:O3 + NH2CO_transport -> H2 + O2 + CO + NO_transport",2.4135890896992406e-16,17.842670630585047,-17.842670630585047,0.0,O3,12.5
"1*369,1*422,1*426,1*1051,2*1091,1*1292,1*1295,1*1330,1*1371","HCNOH+M -> NH2CO+M
NH2+O -> HNO+H
O+HNO -> OH+NO
NH2CO+M -> NH2+CO+M
2(O3+M -> O+O2+M)
H -> H_transport
OH -> OH_transport
NO -> NO_transport
HCNOH_transport -> HCNOH
Net:2O3 + HCNOH_transport -> 2O2 + CO + H_transport + OH_transport + NO_transport",2.3538874599241526e-16,8.700660528367886,-17.40132105673577,0.0,O3,12.5
"1*444,1*674,1*1334","O1D+N2O -> N2+O2
O3+hv -> O1D+O2
N2O_transport -> N2O
Net:O3 + N2O_transport -> 2O2 + N2",2.081675635507924e-16,15.388971089817975,-15.388971089817975,0.0,O3,12.5
"1*385,1*390,1*1048,1*1091,1*1295,1*1333,1*1371","H+O2+M -> HO2+M
HO2+O -> OH+O2
HCNOH+M -> H+HNCO+M
O3+M -> O+O2+M
OH -> OH_transport
HNCO -> HNCO_transport
HCNOH_transport -> HCNOH
Net:O3 + HCNOH_transport -> O2 + OH_transport + HNCO_transport",2.0747554020957945e-16,15.33781265278892,-15.33781265278892,0.0,O3,12.5
"1*449,1*495,1*741,1*1091,1*1292,1*1301,1*1377","NO2+O -> NO+O2
CH3O2+NO -> CH3O+NO2
CH3O+M -> H+H2CO+M
O3+M -> O+O2+M
H -> H_transport
H2CO -> H2CO_transport
CH3O2_transport -> CH3O2
Net:O3 + CH3O2_transport -> 2O2 + H_transport + H2CO_transport",1.8943070040847733e-16,14.003831924557927,-14.003831924557927,0.0,O3,12.5
"1*185,1*369,1*1051,1*1091,1*1330,1*1371","O+NH2 -> NO+H2
HCNOH+M -> NH2CO+M
NH2CO+M -> NH2+CO+M
O3+M -> O+O2+M
NO -> NO_transport
HCNOH_transport -> HCNOH
Net:O3 + HCNOH_transport -> H2 + O2 + CO + NO_transport",1.3272248791824812e-16,9.811627204083022,-9.811627204083022,0.0,O3,12.5
"1*401,2*412,1*650,2*1179,2*1295,2*1301,2*1373","HO2+HO2 -> H2O2+O2
2(CH3+O3 -> H2CO+HO2)
H2O2+hv -> OH+OH
2(CH3CO+M -> CH3+CO+M)
2(OH -> OH_transport)
2(H2CO -> H2CO_transport)
2(CH3CO_transport -> CH3CO)
Net:2O3 + 2CH3CO_transport -> O2 + 2CO + 2OH_transport + 2H2CO_transport",1.309351532223571e-16,4.8397484536251865,-9.679496907250373,0.0,O3,12.5
"1*390,1*485,1*1091,1*1295,1*1339,1*1378","HO2+O -> OH+O2
HSO3+O2 -> HO2+SO3
O3+M -> O+O2+M
OH -> OH_transport
SO3 -> SO3_transport
HSO3_transport -> HSO3
Net:O3 + HSO3_transport -> O2 + OH_transport + SO3_transport",1.2891981435211975e-16,9.530511200345552,-9.530511200345552,0.0,O3,12.5
"1*390,2*391,1*401,1*405,1*1091,2*1300","HO2+O -> OH+O2
2(HCO+O2 -> HO2+CO)
HO2+HO2 -> H2O2+O2
H2O2+OH -> HO2+H2O
O3+M -> O+O2+M
2(HCO_transport -> HCO)
Net:O3 + 2HCO_transport -> H2O + O2 + 2CO",1.2785553114612934e-16,9.45183312385277,-9.45183312385277,0.0,O3,12.5
"1*412,1*448,1*670,1*1179,1*1295,1*1296,1*1301,1*1373","CH3+O3 -> H2CO+HO2
NO+HO2 -> NO2+OH
NO2+hv -> NO+O
CH3CO+M -> CH3+CO+M
OH -> OH_transport
O -> O_transport
H2CO -> H2CO_transport
CH3CO_transport -> CH3CO
Net:O3 + CH3CO_transport -> CO + OH_transport + O_transport + H2CO_transport",1.0673209434033074e-16,7.890264391542965,-7.890264391542965,0.0,O3,12.5
"1*289,1*416,1*1091","O+HSO -> HS+O2
HS+O3 -> HSO+O2
O3+M -> O+O2+M
Net:2O3 -> 3O2",9.531160013150513e-17,3.522997132524301,-7.045994265048602,0.0,O3,12.5
"1*390,1*412,1*1091,1*1179,1*1295,1*1301,1*1373","HO2+O -> OH+O2
CH3+O3 -> H2CO+HO2
O3+M -> O+O2+M
CH3CO+M -> CH3+CO+M
OH -> OH_transport
H2CO -> H2CO_transport
CH3CO_transport -> CH3CO
Net:2O3 + CH3CO_transport -> 2O2 + CO + OH_transport + H2CO_transport",8.752542454280717e-17,3.2351971770680246,-6.470394354136049,0.0,O3,12.5
"1*390,1*1091,1*1295,1*1332","HO2+O -> OH+O2
O3+M -> O+O2+M
OH -> OH_transport
HO2_transport -> HO2
Net:O3 + HO2_transport -> 2O2 + OH_transport",8.66371001512753e-17,6.404724188494087,-6.404724188494087,0.0,O3,12.5
"1*398,1*448,1*449,1*1091,1*1295,1*1301,1*1366","CH3O+O2 -> H2CO+HO2
NO+HO2 -> NO2+OH
NO2+O -> NO+O2
O3+M -> O+O2+M
OH -> OH_transport
H2CO -> H2CO_transport
CH3O_transport -> CH3O
Net:O3 + CH3O_transport -> O2 + OH_transport + H2CO_transport",7.778041202131885e-17,5.749985691974296,-5.749985691974296,0.0,O3,12.5
"1*11,1*911,1*1091,1*1292,1*1320,1*1371","O+OH -> O2+H
HCNOH+M -> HCN+OH+M
O3+M -> O+O2+M
H -> H_transport
HCN -> HCN_transport
HCNOH_transport -> HCNOH
Net:O3 + HCNOH_transport -> 2O2 + H_transport + HCN_transport",7.219686962608986e-17,5.33721738632044,-5.33721738632044,0.0,O3,12.5
"1*11,1*1091,1*1167,1*1292,1*1315,1*1378","O+OH -> O2+H
O3+M -> O+O2+M
HSO3+M -> SO2+OH+M
H -> H_transport
SO2 -> SO2_transport
HSO3_transport -> HSO3
Net:O3 + HSO3_transport -> 2O2 + H_transport + SO2_transport",5.4041355435813006e-17,3.9950549560685302,-3.9950549560685302,0.0,O3,12.5
"1*68,1*336,1*674,1*911,1*1292,1*1301,1*1320,1*1371","OH+H2COH -> H2CO+H2O
O1D+CH4 -> H2COH+H
O3+hv -> O1D+O2
HCNOH+M -> HCN+OH+M
H -> H_transport
H2CO -> H2CO_transport
HCN -> HCN_transport
HCNOH_transport -> HCNOH
Net:CH4 + O3 + HCNOH_transport -> H2O + O2 + H_transport + H2CO_transport + HCN_transport",4.641609446202246e-17,3.431350800260663,-3.431350800260663,0.0,O3,12.5
"1*391,1*448,1*449,1*1091,1*1295,1*1300","HCO+O2 -> HO2+CO
NO+HO2 -> NO2+OH
NO2+O -> NO+O2
O3+M -> O+O2+M
OH -> OH_transport
HCO_transport -> HCO
Net:O3 + HCO_transport -> O2 + CO + OH_transport",3.705591623897867e-17,2.739391353683298,-2.739391353683298,0.0,O3,12.5
"1*68,1*336,1*674,1*1167,1*1292,1*1301,1*1315,1*1378","OH+H2COH -> H2CO+H2O
O1D+CH4 -> H2COH+H
O3+hv -> O1D+O2
HSO3+M -> SO2+OH+M
H -> H_transport
H2CO -> H2CO_transport
SO2 -> SO2_transport
HSO3_transport -> HSO3
Net:CH4 + O3 + HSO3_transport -> H2O + O2 + H_transport + H2CO_transport + SO2_transport",3.474373157389593e-17,2.568461059076681,-2.568461059076681,0.0,O3,12.5
"1*411,1*473,1*477,1*658","OH+O3 -> HO2+O2
NO2+O3 -> NO3+O2
NO3+HO2 -> HNO3+O2
HNO3+hv -> OH+NO2
Net:2O3 -> 3O2",3.298096353374507e-17,1.2190734369893905,-2.438146873978781,0.0,O3,12.5
"1*173,1*184,1*1051,1*1091,2*1295,1*1330,1*1381","NH+O2 -> NO+OH
O+NH2 -> NH+OH
NH2CO+M -> NH2+CO+M
O3+M -> O+O2+M
2(OH -> OH_transport)
NO -> NO_transport
NH2CO_transport -> NH2CO
Net:O3 + NH2CO_transport -> CO + 2OH_transport + NO_transport",3.043794866523526e-17,2.2501522526028817,-2.2501522526028817,0.0,O3,12.5
"1*28,1*701,1*741,1*1091,2*1292,1*1295,1*1366","O+H2CO -> OH+HCO
HCO+M -> H+CO+M
CH3O+M -> H+H2CO+M
O3+M -> O+O2+M
2(H -> H_transport)
OH -> OH_transport
CH3O_transport -> CH3O
Net:O3 + CH3O_transport -> O2 + CO + 2H_transport + OH_transport",3.0095329019491724e-17,2.224823792523824,-2.224823792523824,0.0,O3,12.5
"1*389,1*412,1*911,1*1179,1*1301,1*1320,1*1371,1*1373","OH+HO2 -> H2O+O2
CH3+O3 -> H2CO+HO2
HCNOH+M -> HCN+OH+M
CH3CO+M -> CH3+CO+M
H2CO -> H2CO_transport
HCN -> HCN_transport
HCNOH_transport -> HCNOH
CH3CO_transport -> CH3CO
Net:O3 + HCNOH_transport + CH3CO_transport -> H2O + O2 + CO + H2CO_transport + HCN_transport",2.7800179572893654e-17,2.055152841497434,-2.055152841497434,0.0,O3,12.5
"1*736,1*1091,1*1295,1*1305","CH4+O -> CH3+OH
O3+M -> O+O2+M
OH -> OH_transport
CH3 -> CH3_transport
Net:CH4 + O3 -> O2 + OH_transport + CH3_transport",2.3676828793554796e-17,1.7503304913960867,-1.7503304913960867,0.0,O3,12.5
"1*411,1*472,1*477,1*658,1*670,1*1330,1*1337","OH+O3 -> HO2+O2
NO2+O+M -> NO3+M
NO3+HO2 -> HNO3+O2
HNO3+hv -> OH+NO2
NO2+hv -> NO+O
NO -> NO_transport
NO2_transport -> NO2
Net:O3 + NO2_transport -> 2O2 + NO_transport",2.3129360235716508e-17,1.7098583944687378,-1.7098583944687378,0.0,O3,12.5
"1*449,1*658,1*1091,1*1295,1*1330,1*1341","NO2+O -> NO+O2
HNO3+hv -> OH+NO2
O3+M -> O+O2+M
OH -> OH_transport
NO -> NO_transport
HNO3_transport -> HNO3
Net:O3 + HNO3_transport -> 2O2 + OH_transport + NO_transport",2.2916026930406452e-17,1.6940875413544834,-1.6940875413544834,0.0,O3,12.5
"1*293,1*415,1*1091,1*1315,1*1318","O+OCS -> CO+SO
SO+O3 -> SO2+O2
O3+M -> O+O2+M
SO2 -> SO2_transport
OCS_transport -> OCS
Net:2O3 + OCS_transport -> 2O2 + CO + SO2_transport",2.2540725990585865e-17,0.833171543865423,-1.666343087730846,0.0,O3,12.5
"1*389,1*412,1*1167,1*1179,1*1301,1*1315,1*1373,1*1378","OH+HO2 -> H2O+O2
CH3+O3 -> H2CO+HO2
HSO3+M -> SO2+OH+M
CH3CO+M -> CH3+CO+M
H2CO -> H2CO_transport
SO2 -> SO2_transport
CH3CO_transport -> CH3CO
HSO3_transport -> HSO3
Net:O3 + CH3CO_transport + HSO3_transport -> H2O + O2 + CO + H2CO_transport + SO2_transport",2.0809203962151637e-17,1.5383387916606965,-1.5383387916606965,0.0,O3,12.5
"1*447,1*456,1*684,1*1296","NO+O3 -> NO2+O2
NO2+SO -> SO2+NO
SO2+hv -> SO+O
O -> O_transport
Net:O3 -> O2 + O_transport",1.862102515231867e-17,1.3765757394853968,-1.3765757394853968,0.0,O3,12.5
"2*385,1*401,1*405,1*448,1*449,2*1057,1*1091,2*1364","2(H+O2+M -> HO2+M)
HO2+HO2 -> H2O2+O2
H2O2+OH -> HO2+H2O
NO+HO2 -> NO2+OH
NO2+O -> NO+O2
2(NNH+M -> H+N2+M)
O3+M -> O+O2+M
2(NNH_transport -> NNH)
Net:O3 + 2NNH_transport -> H2O + O2 + 2N2",1.8122385971978868e-17,1.3397133974393585,-1.3397133974393585,0.0,O3,12.5
"1*337,1*674,1*1296","O1D+CO -> O+CO
O3+hv -> O1D+O2
O -> O_transport
Net:O3 -> O2 + O_transport",1.792094530528281e-17,1.3248217181439772,-1.3248217181439772,0.0,O3,12.5
"1*405,1*448,1*449,1*1091,1*1335","H2O2+OH -> HO2+H2O
NO+HO2 -> NO2+OH
NO2+O -> NO+O2
O3+M -> O+O2+M
H2O2_transport -> H2O2
Net:O3 + H2O2_transport -> H2O + 2O2",1.7523905630020704e-17,1.2954702092926549,-1.2954702092926549,0.0,O3,12.5
"1*411,1*470,1*477,2*911,2*1320,2*1371","OH+O3 -> HO2+O2
HNO3+OH -> H2O+NO3
NO3+HO2 -> HNO3+O2
2(HCNOH+M -> HCN+OH+M)
2(HCN -> HCN_transport)
2(HCNOH_transport -> HCNOH)
Net:O3 + 2HCNOH_transport -> H2O + 2O2 + 2HCN_transport",1.6983863224828602e-17,1.2555470972620468,-1.2555470972620468,0.0,O3,12.5
"1*385,1*473,1*477,1*658,1*1057,1*1295,1*1364","H+O2+M -> HO2+M
NO2+O3 -> NO3+O2
NO3+HO2 -> HNO3+O2
HNO3+hv -> OH+NO2
NNH+M -> H+N2+M
OH -> OH_transport
NNH_transport -> NNH
Net:O3 + NNH_transport -> O2 + N2 + OH_transport",1.6738037088166972e-17,1.237374182876735,-1.237374182876735,0.0,O3,12.5
"1*173,1*184,1*369,1*1051,1*1091,2*1295,1*1330,1*1371","NH+O2 -> NO+OH
O+NH2 -> NH+OH
HCNOH+M -> NH2CO+M
NH2CO+M -> NH2+CO+M
O3+M -> O+O2+M
2(OH -> OH_transport)
NO -> NO_transport
HCNOH_transport -> HCNOH
Net:O3 + HCNOH_transport -> CO + 2OH_transport + NO_transport",1.673773009340768e-17,1.2373514880178682,-1.2373514880178682,0.0,O3,12.5
"1*426,1*1091,1*1295,1*1330,1*1331","O+HNO -> OH+NO
O3+M -> O+O2+M
OH -> OH_transport
NO -> NO_transport
HNO_transport -> HNO
Net:O3 + HNO_transport -> O2 + OH_transport + NO_transport",1.4053237736167672e-17,1.0388980182662089,-1.0388980182662089,0.0,O3,12.5
"1*411,1*470,1*477,2*1167,2*1315,2*1378","OH+O3 -> HO2+O2
HNO3+OH -> H2O+NO3
NO3+HO2 -> HNO3+O2
2(HSO3+M -> SO2+OH+M)
2(SO2 -> SO2_transport)
2(HSO3_transport -> HSO3)
Net:O3 + 2HSO3_transport -> H2O + 2O2 + 2SO2_transport",1.2712891763308785e-17,0.939811757780451,-0.939811757780451,0.0,O3,12.5
"1*273,1*447,1*456,1*675,1*1296,1*1315,1*1318","S+O2 -> SO+O
NO+O3 -> NO2+O2
NO2+SO -> SO2+NO
OCS+hv -> CO+S
O -> O_transport
SO2 -> SO2_transport
OCS_transport -> OCS
Net:O3 + OCS_transport -> CO + O_transport + SO2_transport",1.1231263986982725e-17,0.8302811151249265,-0.8302811151249265,0.0,O3,12.5
"1*472,1*475,2*1091","NO2+O+M -> NO3+M
NO3+O -> NO2+O2
2(O3+M -> O+O2+M)
Net:2O3 -> 3O2",1.0798724097239659e-17,0.39915261077356556,-0.7983052215471311,0.0,O3,12.5
"1*385,1*472,1*477,1*658,1*1057,1*1091,1*1295,1*1364","H+O2+M -> HO2+M
NO2+O+M -> NO3+M
NO3+HO2 -> HNO3+O2
HNO3+hv -> OH+NO2
NNH+M -> H+N2+M
O3+M -> O+O2+M
OH -> OH_transport
NNH_transport -> NNH
Net:O3 + NNH_transport -> O2 + N2 + OH_transport",1.0161369600050813e-17,0.7511882271225342,-0.7511882271225342,0.0,O3,12.5
"1*411,1*447,1*472,1*477,1*658,1*670","OH+O3 -> HO2+O2
NO+O3 -> NO2+O2
NO2+O+M -> NO3+M
NO3+HO2 -> HNO3+O2
HNO3+hv -> OH+NO2
NO2+hv -> NO+O
Net:2O3 -> 3O2",9.760441505782378e-18,0.3607746317300179,-0.7215492634600358,0.0,O3,12.5
"1*381,1*553,1*554,1*557,1*911,2*1051,1*1057,1*1091,1*1292,1*1320,1*1371,2*1381","OH+N2H2 -> NNH+H2O
N2H4+OH -> N2H3+H2O
NH2+NH2+M -> N2H4+M
N2H3+O -> N2H2+OH
HCNOH+M -> HCN+OH+M
2(NH2CO+M -> NH2+CO+M)
NNH+M -> H+N2+M
O3+M -> O+O2+M
H -> H_transport
HCN -> HCN_transport
HCNOH_transport -> HCNOH
2(NH2CO_transport -> NH2CO)
Net:O3 + HCNOH_transport + 2NH2CO_transport -> 2H2O + O2 + 2CO + N2 + H_transport + HCN_transport",9.377404373657616e-18,0.6932329049839637,-0.6932329049839637,0.0,O3,12.5
"1*14,1*1091","CO+O+M -> CO2+M
O3+M -> O+O2+M
Net:CO + O3 -> O2 + CO2",9.136157663181071e-18,0.6753985287261497,-0.6753985287261497,0.0,O3,12.5
"1*381,1*553,1*557,1*911,1*1057,1*1091,1*1292,1*1320,1*1347,1*1371","OH+N2H2 -> NNH+H2O
N2H4+OH -> N2H3+H2O
N2H3+O -> N2H2+OH
HCNOH+M -> HCN+OH+M
NNH+M -> H+N2+M
O3+M -> O+O2+M
H -> H_transport
HCN -> HCN_transport
N2H4_transport -> N2H4
HCNOH_transport -> HCNOH
Net:O3 + N2H4_transport + HCNOH_transport -> 2H2O + O2 + N2 + H_transport + HCN_transport",9.065202944142408e-18,0.6701531384196733,-0.6701531384196733,0.0,O3,12.5
"1*473,1*475,1*670,1*1330,1*1337","NO2+O3 -> NO3+O2
NO3+O -> NO2+O2
NO2+hv -> NO+O
NO -> NO_transport
NO2_transport -> NO2
Net:O3 + NO2_transport -> 2O2 + NO_transport",8.89395089238639e-18,0.6574931791609276,-0.6574931791609276,0.0,O3,12.5
"1*401,1*405,2*412,1*448,1*670,2*1179,1*1296,2*1301,2*1373","HO2+HO2 -> H2O2+O2
H2O2+OH -> HO2+H2O
2(CH3+O3 -> H2CO+HO2)
NO+HO2 -> NO2+OH
NO2+hv -> NO+O
2(CH3CO+M -> CH3+CO+M)
O -> O_transport
2(H2CO -> H2CO_transport)
2(CH3CO_transport -> CH3CO)
Net:2O3 + 2CH3CO_transport -> H2O + O2 + 2CO + O_transport + 2H2CO_transport",8.600268935065272e-18,0.3178912404719724,-0.6357824809439448,0.0,O3,12.5
"1*416,1*662,1*1296","HS+O3 -> HSO+O2
HSO+hv -> HS+O
O -> O_transport
Net:O3 -> O2 + O_transport",8.533414037642227e-18,0.6308401735733494,-0.6308401735733494,0.0,O3,12.5
"2*385,1*390,1*401,1*405,2*1048,1*1091,2*1333,2*1371","2(H+O2+M -> HO2+M)
HO2+O -> OH+O2
HO2+HO2 -> H2O2+O2
H2O2+OH -> HO2+H2O
2(HCNOH+M -> H+HNCO+M)
O3+M -> O+O2+M
2(HNCO -> HNCO_transport)
2(HCNOH_transport -> HCNOH)
Net:O3 + 2HCNOH_transport -> H2O + O2 + 2HNCO_transport",8.305584342714672e-18,0.6139976620463952,-0.6139976620463952,0.0,O3,12.5
"1*381,1*553,1*554,1*557,2*1051,1*1057,1*1091,1*1167,1*1292,1*1315,1*1378,2*1381","OH+N2H2 -> NNH+H2O
N2H4+OH -> N2H3+H2O
NH2+NH2+M -> N2H4+M
N2H3+O -> N2H2+OH
2(NH2CO+M -> NH2+CO+M)
NNH+M -> H+N2+M
O3+M -> O+O2+M
HSO3+M -> SO2+OH+M
H -> H_transport
SO2 -> SO2_transport
HSO3_transport -> HSO3
2(NH2CO_transport -> NH2CO)
Net:O3 + HSO3_transport + 2NH2CO_transport -> 2H2O + O2 + 2CO + N2 + H_transport + SO2_transport",7.019246754696516e-18,0.5189040191363289,-0.5189040191363289,0.0,O3,12.5
"1*381,1*553,1*557,1*1057,1*1091,1*1167,1*1292,1*1315,1*1347,1*1378","OH+N2H2 -> NNH+H2O
N2H4+OH -> N2H3+H2O
N2H3+O -> N2H2+OH
NNH+M -> H+N2+M
O3+M -> O+O2+M
HSO3+M -> SO2+OH+M
H -> H_transport
SO2 -> SO2_transport
N2H4_transport -> N2H4
HSO3_transport -> HSO3
Net:O3 + N2H4_transport + HSO3_transport -> 2H2O + O2 + N2 + H_transport + SO2_transport",6.785555342487374e-18,0.5016281749794281,-0.5016281749794281,0.0,O3,12.5
"1*449,1*462,1*467,2*911,1*1091,2*1320,2*1371","NO2+O -> NO+O2
NO+OH+M -> HNO2+M
HNO2+OH -> H2O+NO2
2(HCNOH+M -> HCN+OH+M)
O3+M -> O+O2+M
2(HCN -> HCN_transport)
2(HCNOH_transport -> HCNOH)
Net:O3 + 2HCNOH_transport -> H2O + 2O2 + 2HCN_transport",6.431738587904125e-18,0.4754719587346897,-0.4754719587346897,0.0,O3,12.5
"1*273,1*447,1*456,1*683,1*1296","S+O2 -> SO+O
NO+O3 -> NO2+O2
NO2+SO -> SO2+NO
SO2+hv -> S+O2
O -> O_transport
Net:O3 -> O2 + O_transport",6.415040601832793e-18,0.47423754535862495,-0.47423754535862495,0.0,O3,12.5
"1*390,1*401,1*405,2*485,1*1091,2*1339,2*1378","HO2+O -> OH+O2
HO2+HO2 -> H2O2+O2
H2O2+OH -> HO2+H2O
2(HSO3+O2 -> HO2+SO3)
O3+M -> O+O2+M
2(SO3 -> SO3_transport)
2(HSO3_transport -> HSO3)
Net:O3 + 2HSO3_transport -> H2O + O2 + 2SO3_transport",5.160870483658151e-18,0.3815219110826158,-0.3815219110826158,0.0,O3,12.5
"2*369,1*381,1*553,1*554,1*557,1*911,2*1051,1*1057,1*1091,1*1292,1*1320,3*1371","2(HCNOH+M -> NH2CO+M)
OH+N2H2 -> NNH+H2O
N2H4+OH -> N2H3+H2O
NH2+NH2+M -> N2H4+M
N2H3+O -> N2H2+OH
HCNOH+M -> HCN+OH+M
2(NH2CO+M -> NH2+CO+M)
NNH+M -> H+N2+M
O3+M -> O+O2+M
H -> H_transport
HCN -> HCN_transport
3(HCNOH_transport -> HCNOH)
Net:O3 + 3HCNOH_transport -> 2H2O + O2 + 2CO + N2 + H_transport + HCN_transport",5.1566045106807715e-18,0.3812065452604914,-0.3812065452604914,0.0,O3,12.5
"1*490,1*493,1*741,1*1091,1*1179,1*1292,1*1301,1*1373","CH3+O2+M -> CH3O2+M
CH3O2+O -> CH3O+O2
CH3O+M -> H+H2CO+M
O3+M -> O+O2+M
CH3CO+M -> CH3+CO+M
H -> H_transport
H2CO -> H2CO_transport
CH3CO_transport -> CH3CO
Net:O3 + CH3CO_transport -> O2 + CO + H_transport + H2CO_transport",5.086363079314393e-18,0.37601388537550945,-0.37601388537550945,0.0,O3,12.5
"1*385,1*447,1*472,1*477,1*658,1*670,1*1057,1*1295,1*1364","H+O2+M -> HO2+M
NO+O3 -> NO2+O2
NO2+O+M -> NO3+M
NO3+HO2 -> HNO3+O2
HNO3+hv -> OH+NO2
NO2+hv -> NO+O
NNH+M -> H+N2+M
OH -> OH_transport
NNH_transport -> NNH
Net:O3 + NNH_transport -> O2 + N2 + OH_transport",4.9534826886884025e-18,0.3661905850742205,-0.3661905850742205,0.0,O3,12.5
"1*5,1*1091,1*1292,1*1295","H2+O -> OH+H
O3+M -> O+O2+M
H -> H_transport
OH -> OH_transport
Net:H2 + O3 -> O2 + H_transport + OH_transport",4.148269045722171e-18,0.30666445496360467,-0.30666445496360467,0.0,O3,12.5
err,err_pathways,0.0,0.0,0.0,0.0,O3,12.5
"1*1091,1*1296","O3+M -> O+O2+M
O -> O_transport
Net:O3 -> O2 + O_transport",0.9999999839468986,2.9518825566250732e+16,-2.9518825566250732e+16,0.0,O3,13.5
"1*673,1*1296","O3+hv -> O+O2
O -> O_transport
Net:O3 -> O2 + O_transport",1.3492347303592643e-08,398278252.92762583,-398278252.92762583,0.0,O3,13.5
"1*340,1*674,1*1296","O1D+N2 -> O+N2
O3+hv -> O1D+O2
O -> O_transport
Net:O3 -> O2 + O_transport",1.9053888392423584e-09,56244841.68438028,-56244841.68438028,0.0,O3,13.5
"1*674,1*1379","O3+hv -> O1D+O2
O1D -> O1D_transport
Net:O3 -> O2 + O1D_transport",6.379508999885962e-10,18831561.638901006,-18831561.638901006,0.0,O3,13.5
"1*447,1*670,1*1296","NO+O3 -> NO2+O2
NO2+hv -> NO+O
O -> O_transport
Net:O3 -> O2 + O_transport",7.129141925848419e-12,210443.90032444155,-210443.90032444155,0.0,O3,13.5
"1*339,1*674,1*1296","O1D+O2 -> O+O2
O3+hv -> O1D+O2
O -> O_transport
Net:O3 -> O2 + O_transport",5.943655926281084e-12,175449.74533021628,-175449.74533021628,0.0,O3,13.5
"1*341,1*674,1*1296","O1D+CO2 -> CO2+O
O3+hv -> O1D+O2
O -> O_transport
Net:O3 -> O2 + O_transport",2.33245287191221e-12,68851.27057275352,-68851.27057275352,0.0,O3,13.5
"1*411,1*448,1*670,1*1296","OH+O3 -> HO2+O2
NO+HO2 -> NO2+OH
NO2+hv -> NO+O
O -> O_transport
Net:O3 -> O2 + O_transport",4.714626424550083e-13,13917.023727044418,-13917.023727044418,0.0,O3,13.5
"1*390,1*411,1*1091","HO2+O -> OH+O2
OH+O3 -> HO2+O2
O3+M -> O+O2+M
Net:2O3 -> 3O2",3.9949351560099036e-13,5896.289795590688,-11792.579591181377,0.0,O3,13.5
"1*401,2*411,1*650","HO2+HO2 -> H2O2+O2
2(OH+O3 -> HO2+O2)
H2O2+hv -> OH+OH
Net:2O3 -> 3O2",2.620637059681262e-13,3867.906473951064,-7735.812947902128,0.0,O3,13.5
"1*338,1*674,2*1295","O1D+H2O -> OH+OH
O3+hv -> O1D+O2
2(OH -> OH_transport)
Net:H2O + O3 -> O2 + 2OH_transport",1.9863484902552644e-13,5863.467553889904,-5863.467553889904,0.0,O3,13.5
"1*409,1*1091","O+O3 -> O2+O2
O3+M -> O+O2+M
Net:2O3 -> 3O2",1.4619197476632076e-13,2157.7077357942767,-4315.415471588553,0.0,O3,13.5
"1*447,1*449,1*1091","NO+O3 -> NO2+O2
NO2+O -> NO+O2
O3+M -> O+O2+M
Net:2O3 -> 3O2",1.243520265916172e-13,1835.3629203471273,-3670.7258406942547,0.0,O3,13.5
"1*385,1*390,1*1057,1*1091,1*1295,1*1364","H+O2+M -> HO2+M
HO2+O -> OH+O2
NNH+M -> H+N2+M
O3+M -> O+O2+M
OH -> OH_transport
NNH_transport -> NNH
Net:O3 + NNH_transport -> O2 + N2 + OH_transport",1.062937357211188e-13,3137.6662939061357,-3137.6662939061357,0.0,O3,13.5
"1*389,1*411,2*911,2*1320,2*1371","OH+HO2 -> H2O+O2
OH+O3 -> HO2+O2
2(HCNOH+M -> HCN+OH+M)
2(HCN -> HCN_transport)
2(HCNOH_transport -> HCNOH)
Net:O3 + 2HCNOH_transport -> H2O + 2O2 + 2HCN_transport",8.170026809672386e-14,2411.696001378312,-2411.696001378312,0.0,O3,13.5
"1*389,1*411,2*1167,2*1315,2*1378","OH+HO2 -> H2O+O2
OH+O3 -> HO2+O2
2(HSO3+M -> SO2+OH+M)
2(SO2 -> SO2_transport)
2(HSO3_transport -> HSO3)
Net:O3 + 2HSO3_transport -> H2O + 2O2 + 2SO2_transport",4.950826009779169e-14,1461.4257173756996,-1461.4257173756996,0.0,O3,13.5
"1*493,1*741,1*1091,1*1292,1*1301,1*1377","CH3O2+O -> CH3O+O2
CH3O+M -> H+H2CO+M
O3+M -> O+O2+M
H -> H_transport
H2CO -> H2CO_transport
CH3O2_transport -> CH3O2
Net:O3 + CH3O2_transport -> 2O2 + H_transport + H2CO_transport",2.881044006640483e-14,850.4503684594913,-850.4503684594913,0.0,O3,13.5
"1*449,1*1091,1*1330,1*1337","NO2+O -> NO+O2
O3+M -> O+O2+M
NO -> NO_transport
NO2_transport -> NO2
Net:O3 + NO2_transport -> 2O2 + NO_transport",2.2857209882546522e-14,674.7180022853897,-674.7180022853897,0.0,O3,13.5
"1*390,1*398,1*1091,1*1295,1*1301,1*1366","HO2+O -> OH+O2
CH3O+O2 -> H2CO+HO2
O3+M -> O+O2+M
OH -> OH_transport
H2CO -> H2CO_transport
CH3O_transport -> CH3O
Net:O3 + CH3O_transport -> O2 + OH_transport + H2CO_transport",1.9529342756642622e-14,576.4832715112002,-576.4832715112002,0.0,O3,13.5
"1*401,1*405,1*411,2*911,2*1320,2*1371","HO2+HO2 -> H2O2+O2
H2O2+OH -> HO2+H2O
OH+O3 -> HO2+O2
2(HCNOH+M -> HCN+OH+M)
2(HCN -> HCN_transport)
2(HCNOH_transport -> HCNOH)
Net:O3 + 2HCNOH_transport -> H2O + 2O2 + 2HCN_transport",1.8302170664511056e-14,540.2585920022791,-540.2585920022791,0.0,O3,13.5
"1*401,1*405,1*411,2*1167,2*1315,2*1378","HO2+HO2 -> H2O2+O2
H2O2+OH -> HO2+H2O
OH+O3 -> HO2+O2
2(HSO3+M -> SO2+OH+M)
2(SO2 -> SO2_transport)
2(HSO3_transport -> HSO3)
Net:O3 + 2HSO3_transport -> H2O + 2O2 + 2SO2_transport",1.1090644458351793e-14,327.38280443890125,-327.38280443890125,0.0,O3,13.5
"1*390,1*391,1*1091,1*1295,1*1300","HO2+O -> OH+O2
HCO+O2 -> HO2+CO
O3+M -> O+O2+M
OH -> OH_transport
HCO_transport -> HCO
Net:O3 + HCO_transport -> O2 + CO + OH_transport",9.470680070611811e-15,279.5633574860161,-279.5633574860161,0.0,O3,13.5
"1*411,1*448,1*449,1*1091","OH+O3 -> HO2+O2
NO+HO2 -> NO2+OH
NO2+O -> NO+O2
O3+M -> O+O2+M
Net:2O3 -> 3O2",8.223894473036783e-15,121.37985516093626,-242.75971032187252,0.0,O3,13.5
"1*335,1*674,1*1295,1*1305","O1D+CH4 -> CH3+OH
O3+hv -> O1D+O2
OH -> OH_transport
CH3 -> CH3_transport
Net:CH4 + O3 -> O2 + OH_transport + CH3_transport",5.836834368069201e-15,172.29649833602522,-172.29649833602522,0.0,O3,13.5
"1*334,1*674,1*1292,1*1295","O1D+H2 -> OH+H
O3+hv -> O1D+O2
H -> H_transport
OH -> OH_transport
Net:H2 + O3 -> O2 + H_transport + OH_transport",4.684652087517208e-15,138.28543002990287,-138.28543002990287,0.0,O3,13.5
"1*415,1*684,1*1296","SO+O3 -> SO2+O2
SO2+hv -> SO+O
O -> O_transport
Net:O3 -> O2 + O_transport",3.893491902293187e-15,114.9313101524063,-114.9313101524063,0.0,O3,13.5
"1*413,1*674","O1D+O3 -> O2+O2
O3+hv -> O1D+O2
Net:2O3 -> 3O2",3.87048984911611e-15,57.1261582730533,-114.2523165461066,0.0,O3,13.5
"1*411,1*659,1*1296","OH+O3 -> HO2+O2
HO2+hv -> OH+O
O -> O_transport
Net:O3 -> O2 + O_transport",3.1619157786290847e-15,93.33604182286076,-93.33604182286076,0.0,O3,13.5
"1*473,1*478,1*670,1*1296","NO2+O3 -> NO3+O2
NO3+NO -> NO2+NO2
NO2+hv -> NO+O
O -> O_transport
Net:O3 -> O2 + O_transport",2.947205789847986e-15,86.99805501495551,-86.99805501495551,0.0,O3,13.5
"1*390,1*405,1*1091,1*1335","HO2+O -> OH+O2
H2O2+OH -> HO2+H2O
O3+M -> O+O2+M
H2O2_transport -> H2O2
Net:O3 + H2O2_transport -> H2O + 2O2",2.9040054469279552e-15,85.72283160742562,-85.72283160742562,0.0,O3,13.5
"2*385,1*390,1*401,1*405,2*1057,1*1091,2*1364","2(H+O2+M -> HO2+M)
HO2+O -> OH+O2
HO2+HO2 -> H2O2+O2
H2O2+OH -> HO2+H2O
2(NNH+M -> H+N2+M)
O3+M -> O+O2+M
2(NNH_transport -> NNH)
Net:O3 + 2NNH_transport -> H2O + O2 + 2N2",2.8373923848775527e-15,83.75649221676011,-83.75649221676011,0.0,O3,13.5
"1*67,1*336,1*674,1*1091,1*1292,1*1295,1*1301","O+H2COH -> H2CO+OH
O1D+CH4 -> H2COH+H
O3+hv -> O1D+O2
O3+M -> O+O2+M
H -> H_transport
OH -> OH_transport
H2CO -> H2CO_transport
Net:CH4 + 2O3 -> 2O2 + H_transport + OH_transport + H2CO_transport",2.534407964407209e-15,37.406373908014814,-74.81274781602963,0.0,O3,13.5
"1*385,1*448,1*449,1*1057,1*1091,1*1295,1*1364","H+O2+M -> HO2+M
NO+HO2 -> NO2+OH
NO2+O -> NO+O2
NNH+M -> H+N2+M
O3+M -> O+O2+M
OH -> OH_transport
NNH_transport -> NNH
Net:O3 + NNH_transport -> O2 + N2 + OH_transport",2.188141813516771e-15,64.59137754431303,-64.59137754431303,0.0,O3,13.5
"1*273,1*415,1*675,1*1296,1*1315,1*1318","S+O2 -> SO+O
SO+O3 -> SO2+O2
OCS+hv -> CO+S
O -> O_transport
SO2 -> SO2_transport
OCS_transport -> OCS
Net:O3 + OCS_transport -> CO + O_transport + SO2_transport",1.9765600048204102e-15,58.345730940151334,-58.345730940151334,0.0,O3,13.5
"1*410,1*1057,1*1295,1*1364","H+O3 -> OH+O2
NNH+M -> H+N2+M
OH -> OH_transport
NNH_transport -> NNH
Net:O3 + NNH_transport -> O2 + N2 + OH_transport",1.7135172991357364e-15,50.58101906992311,-50.58101906992311,0.0,O3,13.5
"1*273,1*415,1*683,1*1296","S+O2 -> SO+O
SO+O3 -> SO2+O2
SO2+hv -> S+O2
O -> O_transport
Net:O3 -> O2 + O_transport",1.3535311838833612e-15,39.95465155692985,-39.95465155692985,0.0,O3,13.5
del,deleted_pathways,9.703555894907184e-16,28.643757843234066,28.643757843234066,0.0,O3,13.5
"1*445,1*674,2*1330,1*1334","O1D+N2O -> NO+NO
O3+hv -> O1D+O2
2(NO -> NO_transport)
N2O_transport -> N2O
Net:O3 + N2O_transport -> O2 + 2NO_transport",9.496037656141598e-16,28.031188364206734,-28.031188364206734,0.0,O3,13.5
"1*444,1*674,1*1334","O1D+N2O -> N2+O2
O3+hv -> O1D+O2
N2O_transport -> N2O
Net:O3 + N2O_transport -> 2O2 + N2",7.239706597589139e-16,21.37076396357388,-21.37076396357388,0.0,O3,13.5
"1*449,1*495,1*741,1*1091,1*1292,1*1301,1*1377","NO2+O -> NO+O2
CH3O2+NO -> CH3O+NO2
CH3O+M -> H+H2CO+M
O3+M -> O+O2+M
H -> H_transport
H2CO -> H2CO_transport
CH3O2_transport -> CH3O2
Net:O3 + CH3O2_transport -> 2O2 + H_transport + H2CO_transport",7.042866182278889e-16,20.789714165853066,-20.789714165853066,0.0,O3,13.5
"1*385,1*390,1*1048,1*1091,1*1295,1*1333,1*1371","H+O2+M -> HO2+M
HO2+O -> OH+O2
HCNOH+M -> H+HNCO+M
O3+M -> O+O2+M
OH -> OH_transport
HNCO -> HNCO_transport
HCNOH_transport -> HCNOH
Net:O3 + HCNOH_transport -> O2 + OH_transport + HNCO_transport",7.009677747888422e-16,20.691745803721453,-20.691745803721453,0.0,O3,13.5
"1*412,1*448,1*670,1*1179,1*1295,1*1296,1*1301,1*1373","CH3+O3 -> H2CO+HO2
NO+HO2 -> NO2+OH
NO2+hv -> NO+O
CH3CO+M -> CH3+CO+M
OH -> OH_transport
O -> O_transport
H2CO -> H2CO_transport
CH3CO_transport -> CH3CO
Net:O3 + CH3CO_transport -> CO + OH_transport + O_transport + H2CO_transport",5.255252334703096e-16,15.512887946503223,-15.512887946503223,0.0,O3,13.5
"1*390,2*398,1*401,1*405,1*1091,2*1301,2*1366","HO2+O -> OH+O2
2(CH3O+O2 -> H2CO+HO2)
HO2+HO2 -> H2O2+O2
H2O2+OH -> HO2+H2O
O3+M -> O+O2+M
2(H2CO -> H2CO_transport)
2(CH3O_transport -> CH3O)
Net:O3 + 2CH3O_transport -> H2O + O2 + 2H2CO_transport",5.213139611984852e-16,15.388576132903658,-15.388576132903658,0.0,O3,13.5
"1*390,1*412,1*1091,1*1179,1*1295,1*1301,1*1373","HO2+O -> OH+O2
CH3+O3 -> H2CO+HO2
O3+M -> O+O2+M
CH3CO+M -> CH3+CO+M
OH -> OH_transport
H2CO -> H2CO_transport
CH3CO_transport -> CH3CO
Net:2O3 + CH3CO_transport -> 2O2 + CO + OH_transport + H2CO_transport",4.453804053477646e-16,6.573553353569272,-13.147106707138544,0.0,O3,13.5
"1*390,1*485,1*1091,1*1295,1*1339,1*1378","HO2+O -> OH+O2
HSO3+O2 -> HO2+SO3
O3+M -> O+O2+M
OH -> OH_transport
SO3 -> SO3_transport
HSO3_transport -> HSO3
Net:O3 + HSO3_transport -> O2 + OH_transport + SO3_transport",4.291958465733419e-16,12.669357532140273,-12.669357532140273,0.0,O3,13.5
"1*398,1*448,1*449,1*1091,1*1295,1*1301,1*1366","CH3O+O2 -> H2CO+HO2
NO+HO2 -> NO2+OH
NO2+O -> NO+O2
O3+M -> O+O2+M
OH -> OH_transport
H2CO -> H2CO_transport
CH3O_transport -> CH3O
Net:O3 + CH3O_transport -> O2 + OH_transport + H2CO_transport",4.020271861403801e-16,11.867370571076597,-11.867370571076597,0.0,O3,13.5
"1*11,1*911,1*1091,1*1292,1*1320,1*1371","O+OH -> O2+H
HCNOH+M -> HCN+OH+M
O3+M -> O+O2+M
H -> H_transport
HCN -> HCN_transport
HCNOH_transport -> HCNOH
Net:O3 + HCNOH_transport -> 2O2 + H_transport + HCN_transport",3.747063903504933e-16,11.060892752877301,-11.060892752877301,0.0,O3,13.5
"1*289,1*416,1*1091","O+HSO -> HS+O2
HS+O3 -> HSO+O2
O3+M -> O+O2+M
Net:2O3 -> 3O2",3.482283420493664e-16,5.139645925597228,-10.279291851194456,0.0,O3,13.5
"1*472,1*475,2*1091","NO2+O+M -> NO3+M
NO3+O -> NO2+O2
2(O3+M -> O+O2+M)
Net:2O3 -> 3O2",3.4454692346800674e-16,5.085310348255218,-10.170620696510436,0.0,O3,13.5
"1*401,2*412,1*650,2*1179,2*1295,2*1301,2*1373","HO2+HO2 -> H2O2+O2
2(CH3+O3 -> H2CO+HO2)
H2O2+hv -> OH+OH
2(CH3CO+M -> CH3+CO+M)
2(OH -> OH_transport)
2(H2CO -> H2CO_transport)
2(CH3CO_transport -> CH3CO)
Net:2O3 + 2CH3CO_transport -> O2 + 2CO + 2OH_transport + 2H2CO_transport",2.9996406056249116e-16,4.427293461016014,-8.854586922032029,0.0,O3,13.5
"1*369,1*422,1*426,1*1051,2*1091,1*1292,1*1295,1*1330,1*1371","HCNOH+M -> NH2CO+M
NH2+O -> HNO+H
O+HNO -> OH+NO
NH2CO+M -> NH2+CO+M
2(O3+M -> O+O2+M)
H -> H_transport
OH -> OH_transport
NO -> NO_transport
HCNOH_transport -> HCNOH
Net:2O3 + HCNOH_transport -> 2O2 + CO + H_transport + OH_transport + NO_transport",2.8532650935886797e-16,4.211251797199467,-8.422503594398934,0.0,O3,13.5
"1*390,1*1091,1*1295,1*1332","HO2+O -> OH+O2
O3+M -> O+O2+M
OH -> OH_transport
HO2_transport -> HO2
Net:O3 + HO2_transport -> 2O2 + OH_transport",2.5570296579357973e-16,7.548051365203292,-7.548051365203292,0.0,O3,13.5
"1*390,2*391,1*401,1*405,1*1091,2*1300","HO2+O -> OH+O2
2(HCO+O2 -> HO2+CO)
HO2+HO2 -> H2O2+O2
H2O2+OH -> HO2+H2O
O3+M -> O+O2+M
2(HCO_transport -> HCO)
Net:O3 + 2HCO_transport -> H2O + O2 + 2CO",2.5280921147102483e-16,7.46263113475295,-7.46263113475295,0.0,O3,13.5
"1*11,1*1091,1*1167,1*1292,1*1315,1*1378","O+OH -> O2+H
O3+M -> O+O2+M
HSO3+M -> SO2+OH+M
H -> H_transport
SO2 -> SO2_transport
HSO3_transport -> HSO3
Net:O3 + HSO3_transport -> 2O2 + H_transport + SO2_transport",2.2706243034373563e-16,6.70261638156347,-6.70261638156347,0.0,O3,13.5
"1*391,1*448,1*449,1*1091,1*1295,1*1300","HCO+O2 -> HO2+CO
NO+HO2 -> NO2+OH
NO2+O -> NO+O2
O3+M -> O+O2+M
OH -> OH_transport
HCO_transport -> HCO
Net:O3 + HCO_transport -> O2 + CO + OH_transport",1.9496154617537175e-16,5.755035966063512,-5.755035966063512,0.0,O3,13.5
"1*449,1*658,1*1091,1*1295,1*1330,1*1341","NO2+O -> NO+O2
HNO3+hv -> OH+NO2
O3+M -> O+O2+M
OH -> OH_transport
NO -> NO_transport
HNO3_transport -> HNO3
Net:O3 + HNO3_transport -> 2O2 + OH_transport + NO_transport",1.8208310807679133e-16,5.3748795921630705,-5.3748795921630705,0.0,O3,13.5
"1*411,1*472,1*477,1*658,1*1091","OH+O3 -> HO2+O2
NO2+O+M -> NO3+M
NO3+HO2 -> HNO3+O2
HNO3+hv -> OH+NO2
O3+M -> O+O2+M
Net:2O3 -> 3O2",1.7508393727823306e-16,2.5841361434676724,-5.168272286935345,0.0,O3,13.5
"1*449,1*472,1*478,2*1091","NO2+O -> NO+O2
NO2+O+M -> NO3+M
NO3+NO -> NO2+NO2
2(O3+M -> O+O2+M)
Net:2O3 -> 3O2",1.4047573013200796e-16,2.073339320312754,-4.146678640625508,0.0,O3,13.5
"1*411,1*473,1*477,1*658","OH+O3 -> HO2+O2
NO2+O3 -> NO3+O2
NO3+HO2 -> HNO3+O2
HNO3+hv -> OH+NO2
Net:2O3 -> 3O2",1.2817130040535668e-16,1.8917331600008072,-3.7834663200016143,0.0,O3,13.5
"1*473,1*475,1*1091","NO2+O3 -> NO3+O2
NO3+O -> NO2+O2
O3+M -> O+O2+M
Net:2O3 -> 3O2",1.2611387405967816e-16,1.8613667548065855,-3.722733509613171,0.0,O3,13.5
"1*185,1*369,1*1051,1*1091,1*1330,1*1371","O+NH2 -> NO+H2
HCNOH+M -> NH2CO+M
NH2CO+M -> NH2+CO+M
O3+M -> O+O2+M
NO -> NO_transport
HCNOH_transport -> HCNOH
Net:O3 + HCNOH_transport -> H2 + O2 + CO + NO_transport",1.2298062971049543e-16,3.630243814728459,-3.630243814728459,0.0,O3,13.5
"1*68,1*336,1*674,1*911,1*1292,1*1301,1*1320,1*1371","OH+H2COH -> H2CO+H2O
O1D+CH4 -> H2COH+H
O3+hv -> O1D+O2
HCNOH+M -> HCN+OH+M
H -> H_transport
H2CO -> H2CO_transport
HCN -> HCN_transport
HCNOH_transport -> HCNOH
Net:CH4 + O3 + HCNOH_transport -> H2O + O2 + H_transport + H2CO_transport + HCN_transport",1.191048903320509e-16,3.5158365382393137,-3.5158365382393137,0.0,O3,13.5
"1*28,1*701,1*741,1*1091,2*1292,1*1295,1*1366","O+H2CO -> OH+HCO
HCO+M -> H+CO+M
CH3O+M -> H+H2CO+M
O3+M -> O+O2+M
2(H -> H_transport)
OH -> OH_transport
CH3O_transport -> CH3O
Net:O3 + CH3O_transport -> O2 + CO + 2H_transport + OH_transport",9.671069671575165e-17,2.854786232571023,-2.854786232571023,0.0,O3,13.5
"1*446,1*449,2*1091","NO+O+M -> NO2+M
NO2+O -> NO+O2
2(O3+M -> O+O2+M)
Net:2O3 -> 3O2",9.317182769070938e-17,1.3751614867210167,-2.7503229734420334,0.0,O3,13.5
"1*389,1*412,1*911,1*1179,1*1301,1*1320,1*1371,1*1373","OH+HO2 -> H2O+O2
CH3+O3 -> H2CO+HO2
HCNOH+M -> HCN+OH+M
CH3CO+M -> CH3+CO+M
H2CO -> H2CO_transport
HCN -> HCN_transport
HCNOH_transport -> HCNOH
CH3CO_transport -> CH3CO
Net:O3 + HCNOH_transport + CH3CO_transport -> H2O + O2 + CO + H2CO_transport + HCN_transport",9.10845785999779e-17,2.6887098306303336,-2.6887098306303336,0.0,O3,13.5
"1*411,1*472,1*477,1*658,1*670,1*1330,1*1337","OH+O3 -> HO2+O2
NO2+O+M -> NO3+M
NO3+HO2 -> HNO3+O2
HNO3+hv -> OH+NO2
NO2+hv -> NO+O
NO -> NO_transport
NO2_transport -> NO2
Net:O3 + NO2_transport -> 2O2 + NO_transport",8.75419686391165e-17,2.5841361434676715,-2.5841361434676715,0.0,O3,13.5
"1*447,1*456,1*684,1*1296","NO+O3 -> NO2+O2
NO2+SO -> SO2+NO
SO2+hv -> SO+O
O -> O_transport
Net:O3 -> O2 + O_transport",8.566025671267093e-17,2.5285902164533067,-2.5285902164533067,0.0,O3,13.5
"1*490,1*493,1*741,1*1091,1*1179,1*1292,1*1301,1*1373","CH3+O2+M -> CH3O2+M
CH3O2+O -> CH3O+O2
CH3O+M -> H+H2CO+M
O3+M -> O+O2+M
CH3CO+M -> CH3+CO+M
H -> H_transport
H2CO -> H2CO_transport
CH3CO_transport -> CH3CO
Net:O3 + CH3CO_transport -> O2 + CO + H_transport + H2CO_transport",8.286401593159632e-17,2.4460484712704775,-2.4460484712704775,0.0,O3,13.5
"1*68,1*336,1*674,1*1167,1*1292,1*1301,1*1315,1*1378","OH+H2COH -> H2CO+H2O
O1D+CH4 -> H2COH+H
O3+hv -> O1D+O2
HSO3+M -> SO2+OH+M
H -> H_transport
H2CO -> H2CO_transport
SO2 -> SO2_transport
HSO3_transport -> HSO3
Net:CH4 + O3 + HSO3_transport -> H2O + O2 + H_transport + H2CO_transport + SO2_transport",7.217449865032432e-17,2.130506470191759,-2.130506470191759,0.0,O3,13.5
"1*736,1*1091,1*1295,1*1305","CH4+O -> CH3+OH
O3+M -> O+O2+M
OH -> OH_transport
CH3 -> CH3_transport
Net:CH4 + O3 -> O2 + OH_transport + CH3_transport",7.077341480009145e-17,2.089148119749114,-2.089148119749114,0.0,O3,13.5
"1*185,1*369,1*447,1*670,1*1051,1*1330,1*1371","O+NH2 -> NO+H2
HCNOH+M -> NH2CO+M
NO+O3 -> NO2+O2
NO2+hv -> NO+O
NH2CO+M -> NH2+CO+M
NO -> NO_transport
HCNOH_transport -> HCNOH
Net:O3 + HCNOH_transport -> H2 + O2 + CO + NO_transport",6.91971133779033e-17,2.042617552280749,-2.042617552280749,0.0,O3,13.5
"1*369,1*422,1*426,2*447,2*670,1*1051,1*1292,1*1295,1*1330,1*1371","HCNOH+M -> NH2CO+M
NH2+O -> HNO+H
O+HNO -> OH+NO
2(NO+O3 -> NO2+O2)
2(NO2+hv -> NO+O)
NH2CO+M -> NH2+CO+M
H -> H_transport
OH -> OH_transport
NO -> NO_transport
HCNOH_transport -> HCNOH
Net:2O3 + HCNOH_transport -> 2O2 + CO + H_transport + OH_transport + NO_transport",6.264714036464982e-17,0.9246350191675213,-1.8492700383350427,0.0,O3,13.5
"1*293,1*415,1*1091,1*1315,1*1318","O+OCS -> CO+SO
SO+O3 -> SO2+O2
O3+M -> O+O2+M
SO2 -> SO2_transport
OCS_transport -> OCS
Net:2O3 + OCS_transport -> 2O2 + CO + SO2_transport",6.181568705684939e-17,0.9123632563908,-1.8247265127816,0.0,O3,13.5
"1*405,1*448,1*449,1*1091,1*1335","H2O2+OH -> HO2+H2O
NO+HO2 -> NO2+OH
NO2+O -> NO+O2
O3+M -> O+O2+M
H2O2_transport -> H2O2
Net:O3 + H2O2_transport -> H2O + 2O2",5.978128157782872e-17,1.7646732513513232,-1.7646732513513232,0.0,O3,13.5
"2*385,1*401,1*405,1*448,1*449,2*1057,1*1091,2*1364","2(H+O2+M -> HO2+M)
HO2+HO2 -> H2O2+O2
H2O2+OH -> HO2+H2O
NO+HO2 -> NO2+OH
NO2+O -> NO+O2
2(NNH+M -> H+N2+M)
O3+M -> O+O2+M
2(NNH_transport -> NNH)
Net:O3 + 2NNH_transport -> H2O + O2 + 2N2",5.840999826174228e-17,1.724194577692049,-1.724194577692049,0.0,O3,13.5
"1*449,1*462,1*467,2*911,1*1091,2*1320,2*1371","NO2+O -> NO+O2
NO+OH+M -> HNO2+M
HNO2+OH -> H2O+NO2
2(HCNOH+M -> HCN+OH+M)
O3+M -> O+O2+M
2(HCN -> HCN_transport)
2(HCNOH_transport -> HCNOH)
Net:O3 + 2HCNOH_transport -> H2O + 2O2 + 2HCN_transport",5.665444275833608e-17,1.6723726401832273,-1.6723726401832273,0.0,O3,13.5
"1*411,1*470,1*477,2*911,2*1320,2*1371","OH+O3 -> HO2+O2
HNO3+OH -> H2O+NO3
NO3+HO2 -> HNO3+O2
2(HCNOH+M -> HCN+OH+M)
2(HCN -> HCN_transport)
2(HCNOH_transport -> HCNOH)
Net:O3 + 2HCNOH_transport -> H2O + 2O2 + 2HCN_transport",5.55789187696172e-17,1.6406244346582595,-1.6406244346582595,0.0,O3,13.5
"1*389,1*412,1*1167,1*1179,1*1301,1*1315,1*1373,1*1378","OH+HO2 -> H2O+O2
CH3+O3 -> H2CO+HO2
HSO3+M -> SO2+OH+M
CH3CO+M -> CH3+CO+M
H2CO -> H2CO_transport
SO2 -> SO2_transport
CH3CO_transport -> CH3CO
HSO3_transport -> HSO3
Net:O3 + CH3CO_transport + HSO3_transport -> H2O + O2 + CO + H2CO_transport + SO2_transport",5.519491077907838e-17,1.629288969587528,-1.629288969587528,0.0,O3,13.5
"1*337,1*674,1*1296","O1D+CO -> O+CO
O3+hv -> O1D+O2
O -> O_transport
Net:O3 -> O2 + O_transport",5.271453914491462e-17,1.5560713108038013,-1.5560713108038013,0.0,O3,13.5
"1*449,1*473,1*478,1*1091","NO2+O -> NO+O2
NO2+O3 -> NO3+O2
NO3+NO -> NO2+NO2
O3+M -> O+O2+M
Net:2O3 -> 3O2",5.141807205820087e-17,0.7589005622021787,-1.5178011244043574,0.0,O3,13.5
"1*385,1*472,1*477,1*658,1*1057,1*1091,1*1295,1*1364","H+O2+M -> HO2+M
NO2+O+M -> NO3+M
NO3+HO2 -> HNO3+O2
HNO3+hv -> OH+NO2
NNH+M -> H+N2+M
O3+M -> O+O2+M
OH -> OH_transport
NNH_transport -> NNH
Net:O3 + NNH_transport -> O2 + N2 + OH_transport",4.7828329728127635e-17,1.4118361450340728,-1.4118361450340728,0.0,O3,13.5
"1*273,1*447,1*456,1*675,1*1296,1*1315,1*1318","S+O2 -> SO+O
NO+O3 -> NO2+O2
NO2+SO -> SO2+NO
OCS+hv -> CO+S
O -> O_transport
SO2 -> SO2_transport
OCS_transport -> OCS
Net:O3 + OCS_transport -> CO + O_transport + SO2_transport",4.3486063839298794e-17,1.2836575536417896,-1.2836575536417896,0.0,O3,13.5
"1*390,1*472,1*476,2*1091","HO2+O -> OH+O2
NO2+O+M -> NO3+M
NO3+OH -> NO2+HO2
2(O3+M -> O+O2+M)
Net:2O3 -> 3O2",4.286221224909752e-17,0.6326210935378931,-1.2652421870757862,0.0,O3,13.5
"1*422,1*426,1*1051,2*1091,1*1292,1*1295,1*1330,1*1381","NH2+O -> HNO+H
O+HNO -> OH+NO
NH2CO+M -> NH2+CO+M
2(O3+M -> O+O2+M)
H -> H_transport
OH -> OH_transport
NO -> NO_transport
NH2CO_transport -> NH2CO
Net:2O3 + NH2CO_transport -> 2O2 + CO + H_transport + OH_transport + NO_transport",4.231411409002373e-17,0.6245314864325887,-1.2490629728651774,0.0,O3,13.5
"1*385,1*473,1*477,1*658,1*1057,1*1295,1*1364","H+O2+M -> HO2+M
NO2+O3 -> NO3+O2
NO3+HO2 -> HNO3+O2
HNO3+hv -> OH+NO2
NNH+M -> H+N2+M
OH -> OH_transport
NNH_transport -> NNH
Net:O3 + NNH_transport -> O2 + N2 + OH_transport",3.5013030394264685e-17,1.0335435533457138,-1.0335435533457138,0.0,O3,13.5
"1*411,1*470,1*477,2*1167,2*1315,2*1378","OH+O3 -> HO2+O2
HNO3+OH -> H2O+NO3
NO3+HO2 -> HNO3+O2
2(HSO3+M -> SO2+OH+M)
2(SO2 -> SO2_transport)
2(HSO3_transport -> HSO3)
Net:O3 + 2HSO3_transport -> H2O + 2O2 + 2SO2_transport",3.367939457851771e-17,0.9941761896998061,-0.9941761896998061,0.0,O3,13.5
"1*273,1*447,1*456,1*683,1*1296","S+O2 -> SO+O
NO+O3 -> NO2+O2
NO2+SO -> SO2+NO
SO2+hv -> S+O2
O -> O_transport
Net:O3 -> O2 + O_transport",2.977888013887112e-17,0.8790375824889044,-0.8790375824889044,0.0,O3,13.5
"1*401,1*405,2*412,1*448,1*670,2*1179,1*1296,2*1301,2*1373","HO2+HO2 -> H2O2+O2
H2O2+OH -> HO2+H2O
2(CH3+O3 -> H2CO+HO2)
NO+HO2 -> NO2+OH
NO2+hv -> NO+O
2(CH3CO+M -> CH3+CO+M)
O -> O_transport
2(H2CO -> H2CO_transport)
2(CH3CO_transport -> CH3CO)
Net:2O3 + 2CH3CO_transport -> H2O + O2 + 2CO + O_transport + 2H2CO_transport",2.805661660856262e-17,0.41409919247124294,-0.8281983849424859,0.0,O3,13.5
"1*449,1*462,1*467,1*1091,2*1167,2*1315,2*1378","NO2+O -> NO+O2
NO+OH+M -> HNO2+M
HNO2+OH -> H2O+NO2
O3+M -> O+O2+M
2(HSO3+M -> SO2+OH+M)
2(SO2 -> SO2_transport)
2(HSO3_transport -> HSO3)
Net:O3 + 2HSO3_transport -> H2O + 2O2 + 2SO2_transport",2.432451044943525e-17,0.7180309924679467,-0.7180309924679467,0.0,O3,13.5
"1*14,1*1091","CO+O+M -> CO2+M
O3+M -> O+O2+M
Net:CO + O3 -> O2 + CO2",2.409926537010483e-17,0.7113820221547991,-0.7113820221547991,0.0,O3,13.5
"1*416,1*662,1*1296","HS+O3 -> HSO+O2
HSO+hv -> HS+O
O -> O_transport
Net:O3 -> O2 + O_transport",2.1486331135728635e-17,0.6342512710359756,-0.6342512710359756,0.0,O3,13.5
"2*385,1*390,1*401,1*405,2*1048,1*1091,2*1333,2*1371","2(H+O2+M -> HO2+M)
HO2+O -> OH+O2
HO2+HO2 -> H2O2+O2
H2O2+OH -> HO2+H2O
2(HCNOH+M -> H+HNCO+M)
O3+M -> O+O2+M
2(HNCO -> HNCO_transport)
2(HCNOH_transport -> HCNOH)
Net:O3 + 2HCNOH_transport -> H2O + O2 + 2HNCO_transport",1.871155071121711e-17,0.552343010385291,-0.552343010385291,0.0,O3,13.5
"1*401,2*472,2*476,1*650,2*1091","HO2+HO2 -> H2O2+O2
2(NO2+O+M -> NO3+M)
2(NO3+OH -> NO2+HO2)
H2O2+hv -> OH+OH
2(O3+M -> O+O2+M)
Net:2O3 -> 3O2",1.797521600956951e-17,0.26530363721002614,-0.5306072744200523,0.0,O3,13.5
"1*10,2*1091","O+O+M -> O2+M
2(O3+M -> O+O2+M)
Net:2O3 -> 3O2",1.7554408421663033e-17,0.25909276421813937,-0.5181855284362787,0.0,O3,13.5
"1*385,1*448,1*449,1*1048,1*1091,1*1295,1*1333,1*1371","H+O2+M -> HO2+M
NO+HO2 -> NO2+OH
NO2+O -> NO+O2
HCNOH+M -> H+HNCO+M
O3+M -> O+O2+M
OH -> OH_transport
HNCO -> HNCO_transport
HCNOH_transport -> HCNOH
Net:O3 + HCNOH_transport -> O2 + OH_transport + HNCO_transport",1.4429983926498957e-17,0.4259561852880424,-0.4259561852880424,0.0,O3,13.5
"1*5,1*1091,1*1292,1*1295","H2+O -> OH+H
O3+M -> O+O2+M
H -> H_transport
OH -> OH_transport
Net:H2 + O3 -> O2 + H_transport + OH_transport",1.2094285915247818e-17,0.35700912201166707,-0.35700912201166707,0.0,O3,13.5
"1*448,1*473,1*476,1*670,1*1296","NO+HO2 -> NO2+OH
NO2+O3 -> NO3+O2
NO3+OH -> NO2+HO2
NO2+hv -> NO+O
O -> O_transport
Net:O3 -> O2 + O_transport",1.1526911490490254e-17,0.3402608950676357,-0.3402608950676357,0.0,O3,13.5
"1*390,1*401,1*405,2*485,1*1091,2*1339,2*1378","HO2+O -> OH+O2
HO2+HO2 -> H2O2+O2
H2O2+OH -> HO2+H2O
2(HSO3+O2 -> HO2+SO3)
O3+M -> O+O2+M
2(SO3 -> SO3_transport)
2(HSO3_transport -> HSO3)
Net:O3 + 2HSO3_transport -> H2O + O2 + 2SO3_transport",1.145690306607898e-17,0.33819432856609644,-0.33819432856609644,0.0,O3,13.5
"1*410,1*1048,1*1295,1*1333,1*1371","H+O3 -> OH+O2
HCNOH+M -> H+HNCO+M
OH -> OH_transport
HNCO -> HNCO_transport
HCNOH_transport -> HCNOH
Net:O3 + HCNOH_transport -> O2 + OH_transport + HNCO_transport",1.1300011238561832e-17,0.33356306600250135,-0.33356306600250135,0.0,O3,13.5
"2*398,1*401,1*405,1*448,1*449,1*1091,2*1301,2*1366","2(CH3O+O2 -> H2CO+HO2)
HO2+HO2 -> H2O2+O2
H2O2+OH -> HO2+H2O
NO+HO2 -> NO2+OH
NO2+O -> NO+O2
O3+M -> O+O2+M
2(H2CO -> H2CO_transport)
2(CH3O_transport -> CH3O)
Net:O3 + 2CH3O_transport -> H2O + O2 + 2H2CO_transport",1.0731666064134996e-17,0.3167861836678542,-0.3167861836678542,0.0,O3,13.5
"1*185,1*447,1*670,1*1051,1*1330,1*1381","O+NH2 -> NO+H2
NO+O3 -> NO2+O2
NO2+hv -> NO+O
NH2CO+M -> NH2+CO+M
NO -> NO_transport
NH2CO_transport -> NH2CO
Net:O3 + NH2CO_transport -> H2 + O2 + CO + NO_transport",1.0261978659999693e-17,0.30292156289194894,-0.30292156289194894,0.0,O3,13.5
"1*185,1*1051,1*1091,1*1330,1*1381","O+NH2 -> NO+H2
NH2CO+M -> NH2+CO+M
O3+M -> O+O2+M
NO -> NO_transport
NH2CO_transport -> NH2CO
Net:O3 + NH2CO_transport -> H2 + O2 + CO + NO_transport",1.0261978659999693e-17,0.30292156289194894,-0.30292156289194894,0.0,O3,13.5
"1*479,1*1091,1*1167,1*1295,1*1339,1*1378","SO2+O+M -> SO3+M
O3+M -> O+O2+M
HSO3+M -> SO2+OH+M
OH -> OH_transport
SO3 -> SO3_transport
HSO3_transport -> HSO3
Net:O3 + HSO3_transport -> O2 + OH_transport + SO3_transport",9.932018368117635e-18,0.2931815224357354,-0.2931815224357354,0.0,O3,13.5
"1*448,1*449,1*485,1*1091,1*1295,1*1339,1*1378","NO+HO2 -> NO2+OH
NO2+O -> NO+O2
HSO3+O2 -> HO2+SO3
O3+M -> O+O2+M
OH -> OH_transport
SO3 -> SO3_transport
HSO3_transport -> HSO3
Net:O3 + HSO3_transport -> O2 + OH_transport + SO3_transport",8.83534078187701e-18,0.2608088875454003,-0.2608088875454003,0.0,O3,13.5
"1*398,1*472,1*477,1*658,1*1091,1*1295,1*1301,1*1366","CH3O+O2 -> H2CO+HO2
NO2+O+M -> NO3+M
NO3+HO2 -> HNO3+O2
HNO3+hv -> OH+NO2
O3+M -> O+O2+M
OH -> OH_transport
H2CO -> H2CO_transport
CH3O_transport -> CH3O
Net:O3 + CH3O_transport -> O2 + OH_transport + H2CO_transport",8.787496632811851e-18,0.2593965844321084,-0.2593965844321084,0.0,O3,13.5
"1*173,1*184,1*369,1*447,1*670,1*1051,2*1295,1*1330,1*1371","NH+O2 -> NO+OH
O+NH2 -> NH+OH
HCNOH+M -> NH2CO+M
NO+O3 -> NO2+O2
NO2+hv -> NO+O
NH2CO+M -> NH2+CO+M
2(OH -> OH_transport)
NO -> NO_transport
HCNOH_transport -> HCNOH
Net:O3 + HCNOH_transport -> CO + 2OH_transport + NO_transport",8.493603704211202e-18,0.25072121019832455,-0.25072121019832455,0.0,O3,13.5
"1*173,1*184,1*369,1*1051,1*1091,2*1295,1*1330,1*1371","NH+O2 -> NO+OH
O+NH2 -> NH+OH
HCNOH+M -> NH2CO+M
NH2CO+M -> NH2+CO+M
O3+M -> O+O2+M
2(OH -> OH_transport)
NO -> NO_transport
HCNOH_transport -> HCNOH
Net:O3 + HCNOH_transport -> CO + 2OH_transport + NO_transport",8.493603704211194e-18,0.25072121019832433,-0.25072121019832433,0.0,O3,13.5
err,err_pathways,0.0,0.0,0.0,0.0,O3,13.5
"1*1091,1*1296","O3+M -> O+O2+M
O -> O_transport
Net:O3 -> O2 + O_transport",0.999999946968602,1.2283385722238444e+16,-1.2283385722238444e+16,0.0,O3,14.5
"1*673,1*1296","O3+hv -> O+O2
O -> O_transport
Net:O3 -> O2 + O_transport",4.418649859897248e-08,542759834.7896404,-542759834.7896404,0.0,O3,14.5
"1*340,1*674,1*1296","O1D+N2 -> O+N2
O3+hv -> O1D+O2
O -> O_transport
Net:O3 -> O2 + O_transport",6.575040186058009e-09,80763759.027584,-80763759.027584,0.0,O3,14.5
"1*674,1*1379","O3+hv -> O1D+O2
O1D -> O1D_transport
Net:O3 -> O2 + O1D_transport",2.2013548579543743e-09,27040092.265750896,-27040092.265750896,0.0,O3,14.5
"1*447,1*670,1*1296","NO+O3 -> NO2+O2
NO2+hv -> NO+O
O -> O_transport
Net:O3 -> O2 + O_transport",3.241029657880524e-11,398108.195361844,-398108.195361844,0.0,O3,14.5
"1*339,1*674,1*1296","O1D+O2 -> O+O2
O3+hv -> O1D+O2
O -> O_transport
Net:O3 -> O2 + O_transport",2.044674853156861e-11,251155.31229798705,-251155.31229798705,0.0,O3,14.5
"1*341,1*674,1*1296","O1D+CO2 -> CO2+O
O3+hv -> O1D+O2
O -> O_transport
Net:O3 -> O2 + O_transport",8.05507770060843e-12,98943.63166629396,-98943.63166629396,0.0,O3,14.5
"1*411,1*448,1*670,1*1296","OH+O3 -> HO2+O2
NO+HO2 -> NO2+OH
NO2+hv -> NO+O
O -> O_transport
Net:O3 -> O2 + O_transport",1.8174138533654952e-12,22323.996561700824,-22323.996561700824,0.0,O3,14.5
"1*390,1*411,1*1091","HO2+O -> OH+O2
OH+O3 -> HO2+O2
O3+M -> O+O2+M
Net:2O3 -> 3O2",1.7666019168101192e-12,10849.926956299038,-21699.853912598075,0.0,O3,14.5
"1*447,1*449,1*1091","NO+O3 -> NO2+O2
NO2+O -> NO+O2
O3+M -> O+O2+M
Net:2O3 -> 3O2",1.006105883042258e-12,6179.193647101964,-12358.387294203929,0.0,O3,14.5
"1*409,1*1091","O+O3 -> O2+O2
O3+M -> O+O2+M
Net:2O3 -> 3O2",7.225803698174056e-13,4437.866934238736,-8875.733868477471,0.0,O3,14.5
"1*401,2*411,1*650","HO2+HO2 -> H2O2+O2
2(OH+O3 -> HO2+O2)
H2O2+hv -> OH+OH
Net:2O3 -> 3O2",5.603559217032736e-13,3441.5341465202446,-6883.068293040489,0.0,O3,14.5
"1*338,1*674,2*1295","O1D+H2O -> OH+OH
O3+hv -> O1D+O2
2(OH -> OH_transport)
Net:H2O + O3 -> O2 + 2OH_transport",4.900815869945691e-13,6019.861487662718,-6019.861487662718,0.0,O3,14.5
"1*389,1*411,2*911,2*1320,2*1371","OH+HO2 -> H2O+O2
OH+O3 -> HO2+O2
2(HCNOH+M -> HCN+OH+M)
2(HCN -> HCN_transport)
2(HCNOH_transport -> HCNOH)
Net:O3 + 2HCNOH_transport -> H2O + 2O2 + 2HCN_transport",2.5255474482288933e-13,3102.227511156514,-3102.227511156514,0.0,O3,14.5
"1*385,1*390,1*1057,1*1091,1*1295,1*1364","H+O2+M -> HO2+M
HO2+O -> OH+O2
NNH+M -> H+N2+M
O3+M -> O+O2+M
OH -> OH_transport
NNH_transport -> NNH
Net:O3 + NNH_transport -> O2 + N2 + OH_transport",2.4937870722253327e-13,3063.215014174121,-3063.215014174121,0.0,O3,14.5
"1*449,1*1091,1*1330,1*1337","NO2+O -> NO+O2
O3+M -> O+O2+M
NO -> NO_transport
NO2_transport -> NO2
Net:O3 + NO2_transport -> 2O2 + NO_transport",1.7673093122863752e-13,2170.8543124551898,-2170.8543124551898,0.0,O3,14.5
"1*389,1*411,2*1167,2*1315,2*1378","OH+HO2 -> H2O+O2
OH+O3 -> HO2+O2
2(HSO3+M -> SO2+OH+M)
2(SO2 -> SO2_transport)
2(HSO3_transport -> HSO3)
Net:O3 + 2HSO3_transport -> H2O + 2O2 + 2SO2_transport",1.1373514136035662e-13,1397.0526855902326,-1397.0526855902326,0.0,O3,14.5
"1*493,1*741,1*1091,1*1292,1*1301,1*1377","CH3O2+O -> CH3O+O2
CH3O+M -> H+H2CO+M
O3+M -> O+O2+M
H -> H_transport
H2CO -> H2CO_transport
CH3O2_transport -> CH3O2
Net:O3 + CH3O2_transport -> 2O2 + H_transport + H2CO_transport",6.324532275301763e-14,776.866735701108,-776.866735701108,0.0,O3,14.5
"1*411,1*448,1*449,1*1091","OH+O3 -> HO2+O2
NO+HO2 -> NO2+OH
NO2+O -> NO+O2
O3+M -> O+O2+M
Net:2O3 -> 3O2",5.641100777637066e-14,346.45910212188716,-692.9182042437743,0.0,O3,14.5
"1*390,1*398,1*1091,1*1295,1*1301,1*1366","HO2+O -> OH+O2
CH3O+O2 -> H2CO+HO2
O3+M -> O+O2+M
OH -> OH_transport
H2CO -> H2CO_transport
CH3O_transport -> CH3O
Net:O3 + CH3O_transport -> O2 + OH_transport + H2CO_transport",5.281429213489971e-14,648.7383563434593,-648.7383563434593,0.0,O3,14.5
"1*401,1*405,1*411,2*911,2*1320,2*1371","HO2+HO2 -> H2O2+O2
H2O2+OH -> HO2+H2O
OH+O3 -> HO2+O2
2(HCNOH+M -> HCN+OH+M)
2(HCN -> HCN_transport)
2(HCNOH_transport -> HCNOH)
Net:O3 + 2HCNOH_transport -> H2O + 2O2 + 2HCN_transport",4.6423910745491474e-14,570.2428326624165,-570.2428326624165,0.0,O3,14.5
"1*390,1*391,1*1091,1*1295,1*1300","HO2+O -> OH+O2
HCO+O2 -> HO2+CO
O3+M -> O+O2+M
OH -> OH_transport
HCO_transport -> HCO
Net:O3 + HCO_transport -> O2 + CO + OH_transport",2.6526281243833087e-14,325.832561573937,-325.832561573937,0.0,O3,14.5
"1*401,1*405,1*411,2*1167,2*1315,2*1378","HO2+HO2 -> H2O2+O2
H2O2+OH -> HO2+H2O
OH+O3 -> HO2+O2
2(HSO3+M -> SO2+OH+M)
2(SO2 -> SO2_transport)
2(HSO3_transport -> HSO3)
Net:O3 + 2HSO3_transport -> H2O + 2O2 + 2SO2_transport",2.0906477345503096e-14,256.80233894664127,-256.80233894664127,0.0,O3,14.5
"1*413,1*674","O1D+O3 -> O2+O2
O3+hv -> O1D+O2
Net:2O3 -> 3O2",2.073686583295202e-14,127.35946760227917,-254.71893520455833,0.0,O3,14.5
"1*335,1*674,1*1295,1*1305","O1D+CH4 -> CH3+OH
O3+hv -> O1D+O2
OH -> OH_transport
CH3 -> CH3_transport
Net:CH4 + O3 -> O2 + OH_transport + CH3_transport",1.9661954636916308e-14,241.51538566629628,-241.51538566629628,0.0,O3,14.5
"1*334,1*674,1*1292,1*1295","O1D+H2 -> OH+H
O3+hv -> O1D+O2
H -> H_transport
OH -> OH_transport
Net:H2 + O3 -> O2 + H_transport + OH_transport",1.600390106098794e-14,196.58210021767954,-196.58210021767954,0.0,O3,14.5
"1*473,1*478,1*670,1*1296","NO2+O3 -> NO3+O2
NO3+NO -> NO2+NO2
NO2+hv -> NO+O
O -> O_transport
Net:O3 -> O2 + O_transport",1.4591415883542533e-14,179.2319990360731,-179.2319990360731,0.0,O3,14.5
"1*411,1*659,1*1296","OH+O3 -> HO2+O2
HO2+hv -> OH+O
O -> O_transport
Net:O3 -> O2 + O_transport",9.49523534539668e-15,116.63364445618461,-116.63364445618461,0.0,O3,14.5
"1*67,1*336,1*674,1*1091,1*1292,1*1295,1*1301","O+H2COH -> H2CO+OH
O1D+CH4 -> H2COH+H
O3+hv -> O1D+O2
O3+M -> O+O2+M
H -> H_transport
OH -> OH_transport
H2CO -> H2CO_transport
Net:CH4 + 2O3 -> 2O2 + H_transport + OH_transport + H2CO_transport",8.971187968748714e-15,55.098284025361664,-110.19656805072333,0.0,O3,14.5
"1*415,1*684,1*1296","SO+O3 -> SO2+O2
SO2+hv -> SO+O
O -> O_transport
Net:O3 -> O2 + O_transport",8.624075968373609e-15,105.93285723518758,-105.93285723518758,0.0,O3,14.5
"1*385,1*448,1*449,1*1057,1*1091,1*1295,1*1364","H+O2+M -> HO2+M
NO+HO2 -> NO2+OH
NO2+O -> NO+O2
NNH+M -> H+N2+M
O3+M -> O+O2+M
OH -> OH_transport
NNH_transport -> NNH
Net:O3 + NNH_transport -> O2 + N2 + OH_transport",7.963143285722831e-15,97.81436572721933,-97.81436572721933,0.0,O3,14.5
"1*390,1*405,1*1091,1*1335","HO2+O -> OH+O2
H2O2+OH -> HO2+H2O
O3+M -> O+O2+M
H2O2_transport -> H2O2
Net:O3 + H2O2_transport -> H2O + 2O2",5.9526032285487175e-15,73.11812538526219,-73.11812538526219,0.0,O3,14.5
"1*410,1*1057,1*1295,1*1364","H+O3 -> OH+O2
NNH+M -> H+N2+M
OH -> OH_transport
NNH_transport -> NNH
Net:O3 + NNH_transport -> O2 + N2 + OH_transport",5.18270173953344e-15,63.66112792604402,-63.66112792604402,0.0,O3,14.5
"2*385,1*390,1*401,1*405,2*1057,1*1091,2*1364","2(H+O2+M -> HO2+M)
HO2+O -> OH+O2
HO2+HO2 -> H2O2+O2
H2O2+OH -> HO2+H2O
2(NNH+M -> H+N2+M)
O3+M -> O+O2+M
2(NNH_transport -> NNH)
Net:O3 + 2NNH_transport -> H2O + O2 + 2N2",4.498802496207571e-15,55.26052927962987,-55.26052927962987,0.0,O3,14.5
"1*273,1*415,1*675,1*1296,1*1315,1*1318","S+O2 -> SO+O
SO+O3 -> SO2+O2
OCS+hv -> CO+S
O -> O_transport
SO2 -> SO2_transport
OCS_transport -> OCS
Net:O3 + OCS_transport -> CO + O_transport + SO2_transport",3.79101924993789e-15,46.566554196907646,-46.566554196907646,0.0,O3,14.5
"1*445,1*674,2*1330,1*1334","O1D+N2O -> NO+NO
O3+hv -> O1D+O2
2(NO -> NO_transport)
N2O_transport -> N2O
Net:O3 + N2O_transport -> O2 + 2NO_transport",3.0033658218414803e-15,36.89150281107454,-36.89150281107454,0.0,O3,14.5
"1*273,1*415,1*683,1*1296","S+O2 -> SO+O
SO+O3 -> SO2+O2
SO2+hv -> S+O2
O -> O_transport
Net:O3 -> O2 + O_transport",2.9940707489442347e-15,36.77732783930649,-36.77732783930649,0.0,O3,14.5
"1*472,1*475,2*1091","NO2+O+M -> NO3+M
NO3+O -> NO2+O2
2(O3+M -> O+O2+M)
Net:2O3 -> 3O2",2.7219045840979067e-15,16.717102839333133,-33.43420567866627,0.0,O3,14.5
"1*449,1*495,1*741,1*1091,1*1292,1*1301,1*1377","NO2+O -> NO+O2
CH3O2+NO -> CH3O+NO2
CH3O+M -> H+H2CO+M
O3+M -> O+O2+M
H -> H_transport
H2CO -> H2CO_transport
CH3O2_transport -> CH3O2
Net:O3 + CH3O2_transport -> 2O2 + H_transport + H2CO_transport",2.444236786267033e-15,30.02350483439089,-30.02350483439089,0.0,O3,14.5
"1*385,1*390,1*1048,1*1091,1*1295,1*1333,1*1371","H+O2+M -> HO2+M
HO2+O -> OH+O2
HCNOH+M -> H+HNCO+M
O3+M -> O+O2+M
OH -> OH_transport
HNCO -> HNCO_transport
HCNOH_transport -> HCNOH
Net:O3 + HCNOH_transport -> O2 + OH_transport + HNCO_transport",2.4383749930471024e-15,29.951502163428074,-29.951502163428074,0.0,O3,14.5
"1*444,1*674,1*1334","O1D+N2O -> N2+O2
O3+hv -> O1D+O2
N2O_transport -> N2O
Net:O3 + N2O_transport -> 2O2 + N2",2.240864764543757e-15,27.52540771397485,-27.52540771397485,0.0,O3,14.5
"1*412,1*448,1*670,1*1179,1*1295,1*1296,1*1301,1*1373","CH3+O3 -> H2CO+HO2
NO+HO2 -> NO2+OH
NO2+hv -> NO+O
CH3CO+M -> CH3+CO+M
OH -> OH_transport
O -> O_transport
H2CO -> H2CO_transport
CH3CO_transport -> CH3CO
Net:O3 + CH3CO_transport -> CO + OH_transport + O_transport + H2CO_transport",2.0977780808419768e-15,25.76781869314255,-25.76781869314255,0.0,O3,14.5
"1*390,1*412,1*1091,1*1179,1*1295,1*1301,1*1373","HO2+O -> OH+O2
CH3+O3 -> H2CO+HO2
O3+M -> O+O2+M
CH3CO+M -> CH3+CO+M
OH -> OH_transport
H2CO -> H2CO_transport
CH3CO_transport -> CH3CO
Net:2O3 + CH3CO_transport -> 2O2 + CO + OH_transport + H2CO_transport",2.0393778777511138e-15,12.525233217139112,-25.050466434278224,0.0,O3,14.5
"1*11,1*911,1*1091,1*1292,1*1320,1*1371","O+OH -> O2+H
HCNOH+M -> HCN+OH+M
O3+M -> O+O2+M
H -> H_transport
HCN -> HCN_transport
HCNOH_transport -> HCNOH
Net:O3 + HCNOH_transport -> 2O2 + H_transport + HCN_transport",1.9175939291598727e-15,23.554547139624066,-23.554547139624066,0.0,O3,14.5
del,deleted_pathways,1.8977779603804947e-15,23.311139938738904,23.311139938738904,0.0,O3,14.5
"1*449,1*472,1*478,2*1091","NO2+O -> NO+O2
NO2+O+M -> NO3+M
NO3+NO -> NO2+NO2
2(O3+M -> O+O2+M)
Net:2O3 -> 3O2",1.7317050171266053e-15,10.635600905271597,-21.271201810543193,0.0,O3,14.5
"1*398,1*448,1*449,1*1091,1*1295,1*1301,1*1366","CH3O+O2 -> H2CO+HO2
NO+HO2 -> NO2+OH
NO2+O -> NO+O2
O3+M -> O+O2+M
OH -> OH_transport
H2CO -> H2CO_transport
CH3O_transport -> CH3O
Net:O3 + CH3O_transport -> O2 + OH_transport + H2CO_transport",1.6864622504796966e-15,20.71546742720662,-20.71546742720662,0.0,O3,14.5
"1*449,1*658,1*1091,1*1295,1*1330,1*1341","NO2+O -> NO+O2
HNO3+hv -> OH+NO2
O3+M -> O+O2+M
OH -> OH_transport
NO -> NO_transport
HNO3_transport -> HNO3
Net:O3 + HNO3_transport -> 2O2 + OH_transport + NO_transport",1.4318024554875266e-15,17.587382771484926,-17.587382771484926,0.0,O3,14.5
"1*490,1*493,1*741,1*1091,1*1179,1*1292,1*1301,1*1373","CH3+O2+M -> CH3O2+M
CH3O2+O -> CH3O+O2
CH3O+M -> H+H2CO+M
O3+M -> O+O2+M
CH3CO+M -> CH3+CO+M
H -> H_transport
H2CO -> H2CO_transport
CH3CO_transport -> CH3CO
Net:O3 + CH3CO_transport -> O2 + CO + H_transport + H2CO_transport",1.171501934707571e-15,14.390010901484088,-14.390010901484088,0.0,O3,14.5
"1*390,1*485,1*1091,1*1295,1*1339,1*1378","HO2+O -> OH+O2
HSO3+O2 -> HO2+SO3
O3+M -> O+O2+M
OH -> OH_transport
SO3 -> SO3_transport
HSO3_transport -> HSO3
Net:O3 + HSO3_transport -> O2 + OH_transport + SO3_transport",1.1328943903434668e-15,13.91577951712221,-13.91577951712221,0.0,O3,14.5
"1*446,1*449,2*1091","NO+O+M -> NO2+M
NO2+O -> NO+O2
2(O3+M -> O+O2+M)
Net:2O3 -> 3O2",9.645765894617395e-16,5.924133467664972,-11.848266935329944,0.0,O3,14.5
"1*390,2*398,1*401,1*405,1*1091,2*1301,2*1366","HO2+O -> OH+O2
2(CH3O+O2 -> H2CO+HO2)
HO2+HO2 -> H2O2+O2
H2O2+OH -> HO2+H2O
O3+M -> O+O2+M
2(H2CO -> H2CO_transport)
2(CH3O_transport -> CH3O)
Net:O3 + 2CH3O_transport -> H2O + O2 + 2H2CO_transport",9.527720788122428e-16,11.703267570070386,-11.703267570070386,0.0,O3,14.5
"1*289,1*416,1*1091","O+HSO -> HS+O2
HS+O3 -> HSO+O2
O3+M -> O+O2+M
Net:2O3 -> 3O2",9.451445131107582e-16,5.804787616734349,-11.609575233468698,0.0,O3,14.5
"1*11,1*1091,1*1167,1*1292,1*1315,1*1378","O+OH -> O2+H
O3+M -> O+O2+M
HSO3+M -> SO2+OH+M
H -> H_transport
SO2 -> SO2_transport
HSO3_transport -> HSO3
Net:O3 + HSO3_transport -> 2O2 + H_transport + SO2_transport",8.635664982564736e-16,10.607520957418684,-10.607520957418684,0.0,O3,14.5
"1*391,1*448,1*449,1*1091,1*1295,1*1300","HCO+O2 -> HO2+CO
NO+HO2 -> NO2+OH
NO2+O -> NO+O2
O3+M -> O+O2+M
OH -> OH_transport
HCO_transport -> HCO
Net:O3 + HCO_transport -> O2 + CO + OH_transport",8.470353412873034e-16,10.404462369163015,-10.404462369163015,0.0,O3,14.5
"1*411,1*472,1*477,1*658,1*1091","OH+O3 -> HO2+O2
NO2+O+M -> NO3+M
NO3+HO2 -> HNO3+O2
HNO3+hv -> OH+NO2
O3+M -> O+O2+M
Net:2O3 -> 3O2",8.440131881934283e-16,5.183670047515323,-10.367340095030645,0.0,O3,14.5
"1*390,1*1091,1*1295,1*1332","HO2+O -> OH+O2
O3+M -> O+O2+M
OH -> OH_transport
HO2_transport -> HO2
Net:O3 + HO2_transport -> 2O2 + OH_transport",7.719713007386892e-16,9.482421756337537,-9.482421756337537,0.0,O3,14.5
"1*473,1*475,1*1091","NO2+O3 -> NO3+O2
NO3+O -> NO2+O2
O3+M -> O+O2+M
Net:2O3 -> 3O2",7.119667952848728e-16,4.372681615844453,-8.745363231688906,0.0,O3,14.5
"1*401,2*412,1*650,2*1179,2*1295,2*1301,2*1373","HO2+HO2 -> H2O2+O2
2(CH3+O3 -> H2CO+HO2)
H2O2+hv -> OH+OH
2(CH3CO+M -> CH3+CO+M)
2(OH -> OH_transport)
2(H2CO -> H2CO_transport)
2(CH3CO_transport -> CH3CO)
Net:2O3 + 2CH3CO_transport -> O2 + 2CO + 2OH_transport + 2H2CO_transport",6.585486031349715e-16,4.044603469065066,-8.089206938130133,0.0,O3,14.5
"1*390,2*391,1*401,1*405,1*1091,2*1300","HO2+O -> OH+O2
2(HCO+O2 -> HO2+CO)
HO2+HO2 -> H2O2+O2
H2O2+OH -> HO2+H2O
O3+M -> O+O2+M
2(HCO_transport -> HCO)
Net:O3 + 2HCO_transport -> H2O + O2 + 2CO",4.785352430605485e-16,5.878033283918168,-5.878033283918168,0.0,O3,14.5
"1*449,1*473,1*478,1*1091","NO2+O -> NO+O2
NO2+O3 -> NO3+O2
NO3+NO -> NO2+NO2
O3+M -> O+O2+M
Net:2O3 -> 3O2",4.52960944562639e-16,2.781947147116726,-5.563894294233452,0.0,O3,14.5
"1*449,1*462,1*467,2*911,1*1091,2*1320,2*1371","NO2+O -> NO+O2
NO+OH+M -> HNO2+M
HNO2+OH -> H2O+NO2
2(HCNOH+M -> HCN+OH+M)
O3+M -> O+O2+M
2(HCN -> HCN_transport)
2(HCNOH_transport -> HCNOH)
Net:O3 + 2HCNOH_transport -> H2O + 2O2 + 2HCN_transport",4.2294797043266345e-16,5.195233336772793,-5.195233336772793,0.0,O3,14.5
"1*411,1*473,1*477,1*658","OH+O3 -> HO2+O2
NO2+O3 -> NO3+O2
NO3+HO2 -> HNO3+O2
HNO3+hv -> OH+NO2
Net:2O3 -> 3O2",4.19519694998924e-16,2.5765612525124504,-5.153122505024901,0.0,O3,14.5
"1*411,1*472,1*477,1*658,1*670,1*1330,1*1337","OH+O3 -> HO2+O2
NO2+O+M -> NO3+M
NO3+HO2 -> HNO3+O2
HNO3+hv -> OH+NO2
NO2+hv -> NO+O
NO -> NO_transport
NO2_transport -> NO2
Net:O3 + NO2_transport -> 2O2 + NO_transport",4.0096412799701975e-16,4.925197306158479,-4.925197306158479,0.0,O3,14.5
"1*28,1*701,1*741,1*1091,2*1292,1*1295,1*1366","O+H2CO -> OH+HCO
HCO+M -> H+CO+M
CH3O+M -> H+H2CO+M
O3+M -> O+O2+M
2(H -> H_transport)
OH -> OH_transport
CH3O_transport -> CH3O
Net:O3 + CH3O_transport -> O2 + CO + 2H_transport + OH_transport",3.0980266065022007e-16,3.8054257803494442,-3.8054257803494442,0.0,O3,14.5
"1*68,1*336,1*674,1*911,1*1292,1*1301,1*1320,1*1371","OH+H2COH -> H2CO+H2O
O1D+CH4 -> H2COH+H
O3+hv -> O1D+O2
HCNOH+M -> HCN+OH+M
H -> H_transport
H2CO -> H2CO_transport
HCN -> HCN_transport
HCNOH_transport -> HCNOH
Net:CH4 + O3 + HCNOH_transport -> H2O + O2 + H_transport + H2CO_transport + HCN_transport",2.9449794698461245e-16,3.617432069056803,-3.617432069056803,0.0,O3,14.5
"1*389,1*412,1*911,1*1179,1*1301,1*1320,1*1371,1*1373","OH+HO2 -> H2O+O2
CH3+O3 -> H2CO+HO2
HCNOH+M -> HCN+OH+M
CH3CO+M -> CH3+CO+M
H2CO -> H2CO_transport
HCN -> HCN_transport
HCNOH_transport -> HCNOH
CH3CO_transport -> CH3CO
Net:O3 + HCNOH_transport + CH3CO_transport -> H2O + O2 + CO + H2CO_transport + HCN_transport",2.915510023010113e-16,3.581233608886375,-3.581233608886375,0.0,O3,14.5
"1*447,1*456,1*684,1*1296","NO+O3 -> NO2+O2
NO2+SO -> SO2+NO
SO2+hv -> SO+O
O -> O_transport
Net:O3 -> O2 + O_transport",2.865606275823904e-16,3.5199349080682913,-3.5199349080682913,0.0,O3,14.5
"1*390,1*472,1*476,2*1091","HO2+O -> OH+O2
NO2+O+M -> NO3+M
NO3+OH -> NO2+HO2
2(O3+M -> O+O2+M)
Net:2O3 -> 3O2",2.8104206938039186e-16,1.7260741627238518,-3.4521483254477037,0.0,O3,14.5
"1*736,1*1091,1*1295,1*1305","CH4+O -> CH3+OH
O3+M -> O+O2+M
OH -> OH_transport
CH3 -> CH3_transport
Net:CH4 + O3 -> O2 + OH_transport + CH3_transport",2.004019405435361e-16,2.4616144657242054,-2.4616144657242054,0.0,O3,14.5
"1*405,1*448,1*449,1*1091,1*1335","H2O2+OH -> HO2+H2O
NO+HO2 -> NO2+OH
NO2+O -> NO+O2
O3+M -> O+O2+M
H2O2_transport -> H2O2
Net:O3 + H2O2_transport -> H2O + 2O2",1.9007810634646957e-16,2.3348028214242027,-2.3348028214242027,0.0,O3,14.5
"1*411,1*470,1*477,2*911,2*1320,2*1371","OH+O3 -> HO2+O2
HNO3+OH -> H2O+NO3
NO3+HO2 -> HNO3+O2
2(HCNOH+M -> HCN+OH+M)
2(HCN -> HCN_transport)
2(HCNOH_transport -> HCNOH)
Net:O3 + 2HCNOH_transport -> H2O + 2O2 + 2HCN_transport",1.7833305430145605e-16,2.1905338091767486,-2.1905338091767486,0.0,O3,14.5
"2*385,1*401,1*405,1*448,1*449,2*1057,1*1091,2*1364","2(H+O2+M -> HO2+M)
HO2+HO2 -> H2O2+O2
H2O2+OH -> HO2+H2O
NO+HO2 -> NO2+OH
NO2+O -> NO+O2
2(NNH+M -> H+N2+M)
O3+M -> O+O2+M
2(NNH_transport -> NNH)
Net:O3 + 2NNH_transport -> H2O + O2 + 2N2",1.43655443924891e-16,1.7645753224067275,-1.7645753224067275,0.0,O3,14.5
"1*293,1*415,1*1091,1*1315,1*1318","O+OCS -> CO+SO
SO+O3 -> SO2+O2
O3+M -> O+O2+M
SO2 -> SO2_transport
OCS_transport -> OCS
Net:2O3 + OCS_transport -> 2O2 + CO + SO2_transport",1.402422199858456e-16,0.8613246869918317,-1.7226493739836635,0.0,O3,14.5
"1*68,1*336,1*674,1*1167,1*1292,1*1301,1*1315,1*1378","OH+H2COH -> H2CO+H2O
O1D+CH4 -> H2COH+H
O3+hv -> O1D+O2
HSO3+M -> SO2+OH+M
H -> H_transport
H2CO -> H2CO_transport
SO2 -> SO2_transport
HSO3_transport -> HSO3
Net:CH4 + O3 + HSO3_transport -> H2O + O2 + H_transport + H2CO_transport + SO2_transport",1.3262378283218867e-16,1.629069166861974,-1.629069166861974,0.0,O3,14.5
"1*337,1*674,1*1296","O1D+CO -> O+CO
O3+hv -> O1D+O2
O -> O_transport
Net:O3 -> O2 + O_transport",1.320456392013879e-16,1.6219676052653869,-1.6219676052653869,0.0,O3,14.5
"1*389,1*412,1*1167,1*1179,1*1301,1*1315,1*1373,1*1378","OH+HO2 -> H2O+O2
CH3+O3 -> H2CO+HO2
HSO3+M -> SO2+OH+M
CH3CO+M -> CH3+CO+M
H2CO -> H2CO_transport
SO2 -> SO2_transport
CH3CO_transport -> CH3CO
HSO3_transport -> HSO3
Net:O3 + CH3CO_transport + HSO3_transport -> H2O + O2 + CO + H2CO_transport + SO2_transport",1.312966599923245e-16,1.612767604254635,-1.612767604254635,0.0,O3,14.5
"1*369,1*422,1*426,1*1051,2*1091,1*1292,1*1295,1*1330,1*1371","HCNOH+M -> NH2CO+M
NH2+O -> HNO+H
O+HNO -> OH+NO
NH2CO+M -> NH2+CO+M
2(O3+M -> O+O2+M)
H -> H_transport
OH -> OH_transport
NO -> NO_transport
HCNOH_transport -> HCNOH
Net:2O3 + HCNOH_transport -> 2O2 + CO + H_transport + OH_transport + NO_transport",1.2835982734802322e-16,0.7883466770849765,-1.576693354169953,0.0,O3,14.5
"1*273,1*447,1*456,1*675,1*1296,1*1315,1*1318","S+O2 -> SO+O
NO+O3 -> NO2+O2
NO2+SO -> SO2+NO
OCS+hv -> CO+S
O -> O_transport
SO2 -> SO2_transport
OCS_transport -> OCS
Net:O3 + OCS_transport -> CO + O_transport + SO2_transport",1.2596791348117004e-16,1.5473125519709197,-1.5473125519709197,0.0,O3,14.5
"1*449,1*462,1*467,1*1091,2*1167,2*1315,2*1378","NO2+O -> NO+O2
NO+OH+M -> HNO2+M
HNO2+OH -> H2O+NO2
O3+M -> O+O2+M
2(HSO3+M -> SO2+OH+M)
2(SO2 -> SO2_transport)
2(HSO3_transport -> HSO3)
Net:O3 + 2HSO3_transport -> H2O + 2O2 + 2SO2_transport",1.2467951733960328e-16,1.5314866843617434,-1.5314866843617434,0.0,O3,14.5
"1*10,2*1091","O+O+M -> O2+M
2(O3+M -> O+O2+M)
Net:2O3 -> 3O2",1.2248403869120726e-16,0.7522593859242052,-1.5045187718484103,0.0,O3,14.5
"1*385,1*472,1*477,1*658,1*1057,1*1091,1*1295,1*1364","H+O2+M -> HO2+M
NO2+O+M -> NO3+M
NO3+HO2 -> HNO3+O2
HNO3+hv -> OH+NO2
NNH+M -> H+N2+M
O3+M -> O+O2+M
OH -> OH_transport
NNH_transport -> NNH
Net:O3 + NNH_transport -> O2 + N2 + OH_transport",1.1524472302876046e-16,1.4155954604858065,-1.4155954604858065,0.0,O3,14.5
"1*449,1*468,1*470,1*478,2*911,1*1091,2*1320,2*1371","NO2+O -> NO+O2
NO2+OH+M -> HNO3+M
HNO3+OH -> H2O+NO3
NO3+NO -> NO2+NO2
2(HCNOH+M -> HCN+OH+M)
O3+M -> O+O2+M
2(HCN -> HCN_transport)
2(HCNOH_transport -> HCNOH)
Net:O3 + 2HCNOH_transport -> H2O + 2O2 + 2HCN_transport",1.0078232797069199e-16,1.2379482740992778,-1.2379482740992778,0.0,O3,14.5
"1*273,1*447,1*456,1*683,1*1296","S+O2 -> SO+O
NO+O3 -> NO2+O2
NO2+SO -> SO2+NO
SO2+hv -> S+O2
O -> O_transport
Net:O3 -> O2 + O_transport",9.948692427918656e-17,1.2220363300466723,-1.2220363300466723,0.0,O3,14.5
"1*411,1*470,1*477,2*1167,2*1315,2*1378","OH+O3 -> HO2+O2
HNO3+OH -> H2O+NO3
NO3+HO2 -> HNO3+O2
2(HSO3+M -> SO2+OH+M)
2(SO2 -> SO2_transport)
2(HSO3_transport -> HSO3)
Net:O3 + 2HSO3_transport -> H2O + 2O2 + 2SO2_transport",8.031025176115401e-17,0.9864818521468457,-0.9864818521468457,0.0,O3,14.5
"1*385,1*448,1*449,1*1048,1*1091,1*1295,1*1333,1*1371","H+O2+M -> HO2+M
NO+HO2 -> NO2+OH
NO2+O -> NO+O2
HCNOH+M -> H+HNCO+M
O3+M -> O+O2+M
OH -> OH_transport
HNCO -> HNCO_transport
HCNOH_transport -> HCNOH
Net:O3 + HCNOH_transport -> O2 + OH_transport + HNCO_transport",7.786201825415113e-17,0.9564092540474288,-0.9564092540474288,0.0,O3,14.5
"1*401,1*405,2*412,1*448,1*670,2*1179,1*1296,2*1301,2*1373","HO2+HO2 -> H2O2+O2
H2O2+OH -> HO2+H2O
2(CH3+O3 -> H2CO+HO2)
NO+HO2 -> NO2+OH
NO2+hv -> NO+O
2(CH3CO+M -> CH3+CO+M)
O -> O_transport
2(H2CO -> H2CO_transport)
2(CH3CO_transport -> CH3CO)
Net:2O3 + 2CH3CO_transport -> H2O + O2 + 2CO + O_transport + 2H2CO_transport",7.568801179292233e-17,0.464852546352679,-0.929705092705358,0.0,O3,14.5
"1*448,1*473,1*476,1*670,1*1296","NO+HO2 -> NO2+OH
NO2+O3 -> NO3+O2
NO3+OH -> NO2+HO2
NO2+hv -> NO+O
O -> O_transport
Net:O3 -> O2 + O_transport",7.561709977502063e-17,0.9288340529909367,-0.9288340529909367,0.0,O3,14.5
"1*412,1*448,1*449,1*1091,1*1179,1*1295,1*1301,1*1373","CH3+O3 -> H2CO+HO2
NO+HO2 -> NO2+OH
NO2+O -> NO+O2
O3+M -> O+O2+M
CH3CO+M -> CH3+CO+M
OH -> OH_transport
H2CO -> H2CO_transport
CH3CO_transport -> CH3CO
Net:2O3 + CH3CO_transport -> 2O2 + CO + OH_transport + H2CO_transport",6.5121270517189e-17,0.3999548634525989,-0.7999097269051978,0.0,O3,14.5
"1*401,2*472,2*476,1*650,2*1091","HO2+HO2 -> H2O2+O2
2(NO2+O+M -> NO3+M)
2(NO3+OH -> NO2+HO2)
H2O2+hv -> OH+OH
2(O3+M -> O+O2+M)
Net:2O3 -> 3O2",6.257373352771032e-17,0.3843086728811412,-0.7686173457622824,0.0,O3,14.5
"2*449,1*470,1*478,1*911,2*1091,1*1320,1*1330,1*1341,1*1371","2(NO2+O -> NO+O2)
HNO3+OH -> H2O+NO3
NO3+NO -> NO2+NO2
HCNOH+M -> HCN+OH+M
2(O3+M -> O+O2+M)
HCN -> HCN_transport
NO -> NO_transport
HNO3_transport -> HNO3
HCNOH_transport -> HCNOH
Net:2O3 + HNO3_transport + HCNOH_transport -> H2O + 4O2 + HCN_transport + NO_transport",6.171452111704354e-17,0.3790316538725163,-0.7580633077450326,0.0,O3,14.5
"1*385,1*473,1*477,1*658,1*1057,1*1295,1*1364","H+O2+M -> HO2+M
NO2+O3 -> NO3+O2
NO3+HO2 -> HNO3+O2
HNO3+hv -> OH+NO2
NNH+M -> H+N2+M
OH -> OH_transport
NNH_transport -> NNH
Net:O3 + NNH_transport -> O2 + N2 + OH_transport",6.028897310187865e-17,0.7405527506805815,-0.7405527506805815,0.0,O3,14.5
"1*390,1*401,1*405,2*412,1*1091,2*1179,2*1301,2*1373","HO2+O -> OH+O2
HO2+HO2 -> H2O2+O2
H2O2+OH -> HO2+H2O
2(CH3+O3 -> H2CO+HO2)
O3+M -> O+O2+M
2(CH3CO+M -> CH3+CO+M)
2(H2CO -> H2CO_transport)
2(CH3CO_transport -> CH3CO)
Net:3O3 + 2CH3CO_transport -> H2O + 3O2 + 2CO + 2H2CO_transport",5.5185695619254136e-17,0.2259557405298631,-0.6778672215895893,0.0,O3,14.5
"1*185,1*369,1*1051,1*1091,1*1330,1*1371","O+NH2 -> NO+H2
HCNOH+M -> NH2CO+M
NH2CO+M -> NH2+CO+M
O3+M -> O+O2+M
NO -> NO_transport
HCNOH_transport -> HCNOH
Net:O3 + HCNOH_transport -> H2 + O2 + CO + NO_transport",5.492180217564035e-17,0.6746257164602099,-0.6746257164602099,0.0,O3,14.5
"1*14,1*1091","CO+O+M -> CO2+M
O3+M -> O+O2+M
Net:CO + O3 -> O2 + CO2",5.444986208751612e-17,0.6688286940125686,-0.6688286940125686,0.0,O3,14.5
"1*390,1*473,1*476,1*1091","HO2+O -> OH+O2
NO2+O3 -> NO3+O2
NO3+OH -> NO2+HO2
O3+M -> O+O2+M
Net:2O3 -> 3O2",5.0686089010472817e-17,0.3112984075422641,-0.6225968150845282,0.0,O3,14.5
"1*410,1*1048,1*1295,1*1333,1*1371","H+O3 -> OH+O2
HCNOH+M -> H+HNCO+M
OH -> OH_transport
HNCO -> HNCO_transport
HCNOH_transport -> HCNOH
Net:O3 + HCNOH_transport -> O2 + OH_transport + HNCO_transport",5.0675418358084156e-17,0.6224657433383795,-0.6224657433383795,0.0,O3,14.5
"1*449,1*490,1*495,1*741,1*1091,1*1179,1*1292,1*1301,1*1373","NO2+O -> NO+O2
CH3+O2+M -> CH3O2+M
CH3O2+NO -> CH3O+NO2
CH3O+M -> H+H2CO+M
O3+M -> O+O2+M
CH3CO+M -> CH3+CO+M
H -> H_transport
H2CO -> H2CO_transport
CH3CO_transport -> CH3CO
Net:O3 + CH3CO_transport -> O2 + CO + H_transport + H2CO_transport",4.52749389101445e-17,0.5561295676764152,-0.5561295676764152,0.0,O3,14.5
"2*385,1*390,1*401,1*405,2*1048,1*1091,2*1333,2*1371","2(H+O2+M -> HO2+M)
HO2+O -> OH+O2
HO2+HO2 -> H2O2+O2
H2O2+OH -> HO2+H2O
2(HCNOH+M -> H+HNCO+M)
O3+M -> O+O2+M
2(HNCO -> HNCO_transport)
2(HCNOH_transport -> HCNOH)
Net:O3 + 2HCNOH_transport -> H2O + O2 + 2HNCO_transport",4.3988388694394595e-17,0.5403263742872646,-0.5403263742872646,0.0,O3,14.5
"1*416,1*662,1*1296","HS+O3 -> HSO+O2
HSO+hv -> HS+O
O -> O_transport
Net:O3 -> O2 + O_transport",4.184919333648368e-17,0.51404981117734,-0.51404981117734,0.0,O3,14.5
"1*448,1*449,1*485,1*1091,1*1295,1*1339,1*1378","NO+HO2 -> NO2+OH
NO2+O -> NO+O2
HSO3+O2 -> HO2+SO3
O3+M -> O+O2+M
OH -> OH_transport
SO3 -> SO3_transport
HSO3_transport -> HSO3
Net:O3 + HSO3_transport -> O2 + OH_transport + SO3_transport",3.6175503748386945e-17,0.444357689802629,-0.444357689802629,0.0,O3,14.5
"1*5,1*1091,1*1292,1*1295","H2+O -> OH+H
O3+M -> O+O2+M
H -> H_transport
OH -> OH_transport
Net:H2 + O3 -> O2 + H_transport + OH_transport",3.369633072578643e-17,0.41390504967891306,-0.41390504967891306,0.0,O3,14.5
"1*185,1*369,1*447,1*670,1*1051,1*1330,1*1371","O+NH2 -> NO+H2
HCNOH+M -> NH2CO+M
NO+O3 -> NO2+O2
NO2+hv -> NO+O
NH2CO+M -> NH2+CO+M
NO -> NO_transport
HCNOH_transport -> HCNOH
Net:O3 + HCNOH_transport -> H2 + O2 + CO + NO_transport",3.144163633053609e-17,0.38620976726756445,-0.38620976726756445,0.0,O3,14.5
"1*449,1*468,1*470,1*478,1*1091,2*1167,2*1315,2*1378","NO2+O -> NO+O2
NO2+OH+M -> HNO3+M
HNO3+OH -> H2O+NO3
NO3+NO -> NO2+NO2
O3+M -> O+O2+M
2(HSO3+M -> SO2+OH+M)
2(SO2 -> SO2_transport)
2(HSO3_transport -> HSO3)
Net:O3 + 2HSO3_transport -> H2O + 2O2 + 2SO2_transport",3.129349935869664e-17,0.3843901436062389,-0.3843901436062389,0.0,O3,14.5
"2*398,1*401,1*405,1*448,1*449,1*1091,2*1301,2*1366","2(CH3O+O2 -> H2CO+HO2)
HO2+HO2 -> H2O2+O2
H2O2+OH -> HO2+H2O
NO+HO2 -> NO2+OH
NO2+O -> NO+O2
O3+M -> O+O2+M
2(H2CO -> H2CO_transport)
2(CH3O_transport -> CH3O)
Net:O3 + 2CH3O_transport -> H2O + O2 + 2H2CO_transport",3.0423850803940444e-17,0.3737079143988878,-0.3737079143988878,0.0,O3,14.5
"1*389,1*472,1*476,2*911,1*1091,2*1320,2*1371","OH+HO2 -> H2O+O2
NO2+O+M -> NO3+M
NO3+OH -> NO2+HO2
2(HCNOH+M -> HCN+OH+M)
O3+M -> O+O2+M
2(HCN -> HCN_transport)
2(HCNOH_transport -> HCNOH)
Net:O3 + 2HCNOH_transport -> H2O + 2O2 + 2HCN_transport",2.7702487927047196e-17,0.34028036271911777,-0.34028036271911777,0.0,O3,14.5
"1*479,1*1091,1*1167,1*1295,1*1339,1*1378","SO2+O+M -> SO3+M
O3+M -> O+O2+M
HSO3+M -> SO2+OH+M
OH -> OH_transport
SO3 -> SO3_transport
HSO3_transport -> HSO3
Net:O3 + HSO3_transport -> O2 + OH_transport + SO3_transport",2.5592837088879338e-17,0.3143667063604209,-0.3143667063604209,0.0,O3,14.5
"1*448,1*449,1*1091,1*1295,1*1332","NO+HO2 -> NO2+OH
NO2+O -> NO+O2
O3+M -> O+O2+M
OH -> OH_transport
HO2_transport -> HO2
Net:O3 + HO2_transport -> 2O2 + OH_transport",2.4650533113729116e-17,0.3027920225522305,-0.3027920225522305,0.0,O3,14.5
"1*398,1*472,1*477,1*658,1*1091,1*1295,1*1301,1*1366","CH3O+O2 -> H2CO+HO2
NO2+O+M -> NO3+M
NO3+HO2 -> HNO3+O2
HNO3+hv -> OH+NO2
O3+M -> O+O2+M
OH -> OH_transport
H2CO -> H2CO_transport
CH3O_transport -> CH3O
Net:O3 + CH3O_transport -> O2 + OH_transport + H2CO_transport",2.4406929271692822e-17,0.29979974243839463,-0.29979974243839463,0.0,O3,14.5
"1*390,1*401,1*405,2*485,1*1091,2*1339,2*1378","HO2+O -> OH+O2
HO2+HO2 -> H2O2+O2
H2O2+OH -> HO2+H2O
2(HSO3+O2 -> HO2+SO3)
O3+M -> O+O2+M
2(SO3 -> SO3_transport)
2(HSO3_transport -> HSO3)
Net:O3 + 2HSO3_transport -> H2O + O2 + 2SO3_transport",2.043746303756691e-17,0.251041254987494,-0.251041254987494,0.0,O3,14.5
"1*390,1*400,1*405,2*911,1*1091,2*1320,2*1371","HO2+O -> OH+O2
OH+OH+M -> H2O2+M
H2O2+OH -> HO2+H2O
2(HCNOH+M -> HCN+OH+M)
O3+M -> O+O2+M
2(HCN -> HCN_transport)
2(HCNOH_transport -> HCNOH)
Net:O3 + 2HCNOH_transport -> H2O + 2O2 + 2HCN_transport",1.8527417607187685e-17,0.22757942897493366,-0.22757942897493366,0.0,O3,14.5
"1*493,1*645,1*741,1*1091,1*1292,1*1377","CH3O2+O -> CH3O+O2
H2CO+hv -> CO+H2
CH3O+M -> H+H2CO+M
O3+M -> O+O2+M
H -> H_transport
CH3O2_transport -> CH3O2
Net:O3 + CH3O2_transport -> H2 + 2O2 + CO + H_transport",1.8122775828812663e-17,0.222609057668235,-0.222609057668235,0.0,O3,14.5
err,err_pathways,0.0,0.0,0.0,0.0,O3,14.5
"1*1091,1*1296","O3+M -> O+O2+M
O -> O_transport
Net:O3 -> O2 + O_transport",0.9999995284078329,1879751633542974.8,-1879751633542974.8,0.0,O3,16.5
"1*673,1*1296","O3+hv -> O+O2
O -> O_transport
Net:O3 -> O2 + O_transport",3.819124330522234e-07,717900858.4567105,-717900858.4567105,0.0,O3,16.5
"1*340,1*674,1*1296","O1D+N2 -> O+N2
O3+hv -> O1D+O2
O -> O_transport
Net:O3 -> O2 + O_transport",6.655940542767975e-08,125115210.08368322,-125115210.08368322,0.0,O3,16.5
"1*674,1*1379","O3+hv -> O1D+O2
O1D -> O1D_transport
Net:O3 -> O2 + O1D_transport",2.2283414715769173e-08,41887304.966607586,-41887304.966607586,0.0,O3,16.5
"1*447,1*670,1*1296","NO+O3 -> NO2+O2
NO2+hv -> NO+O
O -> O_transport
Net:O3 -> O2 + O_transport",4.4660415087991324e-10,839505.2780677035,-839505.2780677035,0.0,O3,16.5
"1*339,1*674,1*1296","O1D+O2 -> O+O2
O3+hv -> O1D+O2
O -> O_transport
Net:O3 -> O2 + O_transport",2.0586543681249284e-10,386976.07363320666,-386976.07363320666,0.0,O3,16.5
"1*341,1*674,1*1296","O1D+CO2 -> CO2+O
O3+hv -> O1D+O2
O -> O_transport
Net:O3 -> O2 + O_transport",8.165550133056091e-11,153492.1343995807,-153492.1343995807,0.0,O3,16.5
"1*447,1*449,1*1091","NO+O3 -> NO2+O2
NO2+O -> NO+O2
O3+M -> O+O2+M
Net:2O3 -> 3O2",3.2677305866997745e-11,30712.624025469144,-61425.24805093829,0.0,O3,16.5
"1*390,1*411,1*1091","HO2+O -> OH+O2
OH+O3 -> HO2+O2
O3+M -> O+O2+M
Net:2O3 -> 3O2",2.1888029216691637e-11,20572.039039168703,-41144.07807833741,0.0,O3,16.5
"1*411,1*448,1*670,1*1296","OH+O3 -> HO2+O2
NO+HO2 -> NO2+OH
NO2+hv -> NO+O
O -> O_transport
Net:O3 -> O2 + O_transport",1.851627448572788e-11,34806.01362592048,-34806.01362592048,0.0,O3,16.5
"1*409,1*1091","O+O3 -> O2+O2
O3+M -> O+O2+M
Net:2O3 -> 3O2",1.1034529982732982e-11,10371.092771136742,-20742.185542273484,0.0,O3,16.5
"1*449,1*1091,1*1330,1*1337","NO2+O -> NO+O2
O3+M -> O+O2+M
NO -> NO_transport
NO2_transport -> NO2
Net:O3 + NO2_transport -> 2O2 + NO_transport",5.427367673111044e-12,10202.108060603068,-10202.108060603068,0.0,O3,16.5
"1*338,1*674,2*1295","O1D+H2O -> OH+OH
O3+hv -> O1D+O2
2(OH -> OH_transport)
Net:H2O + O3 -> O2 + 2OH_transport",3.0234058477326765e-12,5683.25476131731,-5683.25476131731,0.0,O3,16.5
"1*401,2*411,1*650","HO2+HO2 -> H2O2+O2
2(OH+O3 -> HO2+O2)
H2O2+hv -> OH+OH
Net:2O3 -> 3O2",2.0952639607919613e-12,1969.288855202405,-3938.57771040481,0.0,O3,16.5
"1*389,1*411,2*911,2*1320,2*1371","OH+HO2 -> H2O+O2
OH+O3 -> HO2+O2
2(HCNOH+M -> HCN+OH+M)
2(HCN -> HCN_transport)
2(HCNOH_transport -> HCNOH)
Net:O3 + 2HCNOH_transport -> H2O + 2O2 + 2HCN_transport",1.9819917261739554e-12,3725.653941933369,-3725.653941933369,0.0,O3,16.5
"1*411,1*448,1*449,1*1091","OH+O3 -> HO2+O2
NO+HO2 -> NO2+OH
NO2+O -> NO+O2
O3+M -> O+O2+M
Net:2O3 -> 3O2",1.3546352912363975e-12,1273.1895512045103,-2546.3791024090206,0.0,O3,16.5
"1*385,1*390,1*1057,1*1091,1*1295,1*1364","H+O2+M -> HO2+M
HO2+O -> OH+O2
NNH+M -> H+N2+M
O3+M -> O+O2+M
OH -> OH_transport
NNH_transport -> NNH
Net:O3 + NNH_transport -> O2 + N2 + OH_transport",1.2709119607358936e-12,2388.9999609162696,-2388.9999609162696,0.0,O3,16.5
"1*389,1*411,2*1167,2*1315,2*1378","OH+HO2 -> H2O+O2
OH+O3 -> HO2+O2
2(HSO3+M -> SO2+OH+M)
2(SO2 -> SO2_transport)
2(HSO3_transport -> HSO3)
Net:O3 + 2HSO3_transport -> H2O + 2O2 + 2SO2_transport",4.3333617246200073e-13,814.5647622010675,-814.5647622010675,0.0,O3,16.5
"1*413,1*674","O1D+O3 -> O2+O2
O3+hv -> O1D+O2
Net:2O3 -> 3O2",3.649621856791926e-13,343.01929412115066,-686.0385882423013,0.0,O3,16.5
"1*390,1*398,1*1091,1*1295,1*1301,1*1366","HO2+O -> OH+O2
CH3O+O2 -> H2CO+HO2
O3+M -> O+O2+M
OH -> OH_transport
H2CO -> H2CO_transport
CH3O_transport -> CH3O
Net:O3 + CH3O_transport -> O2 + OH_transport + H2CO_transport",3.4091593184785776e-13,640.8375820058201,-640.8375820058201,0.0,O3,16.5
"1*493,1*741,1*1091,1*1292,1*1301,1*1377","CH3O2+O -> CH3O+O2
CH3O+M -> H+H2CO+M
O3+M -> O+O2+M
H -> H_transport
H2CO -> H2CO_transport
CH3O2_transport -> CH3O2
Net:O3 + CH3O2_transport -> 2O2 + H_transport + H2CO_transport",2.3509270159820453e-13,441.91609826742655,-441.91609826742655,0.0,O3,16.5
"1*401,1*405,1*411,2*911,2*1320,2*1371","HO2+HO2 -> H2O2+O2
H2O2+OH -> HO2+H2O
OH+O3 -> HO2+O2
2(HCNOH+M -> HCN+OH+M)
2(HCN -> HCN_transport)
2(HCNOH_transport -> HCNOH)
Net:O3 + 2HCNOH_transport -> H2O + 2O2 + 2HCN_transport",2.327308491205737e-13,437.4764001206856,-437.4764001206856,0.0,O3,16.5
"1*390,1*391,1*1091,1*1295,1*1300","HO2+O -> OH+O2
HCO+O2 -> HO2+CO
O3+M -> O+O2+M
OH -> OH_transport
HCO_transport -> HCO
Net:O3 + HCO_transport -> O2 + CO + OH_transport",1.86810809767673e-13,351.1580904276741,-351.1580904276741,0.0,O3,16.5
"1*335,1*674,1*1295,1*1305","O1D+CH4 -> CH3+OH
O3+hv -> O1D+O2
OH -> OH_transport
CH3 -> CH3_transport
Net:CH4 + O3 -> O2 + OH_transport + CH3_transport",1.8655429927309654e-13,350.6759141790825,-350.6759141790825,0.0,O3,16.5
"1*473,1*478,1*670,1*1296","NO2+O3 -> NO3+O2
NO3+NO -> NO2+NO2
NO2+hv -> NO+O
O -> O_transport
Net:O3 -> O2 + O_transport",1.80744221547627e-13,339.75440593312175,-339.75440593312175,0.0,O3,16.5
"1*334,1*674,1*1292,1*1295","O1D+H2 -> OH+H
O3+hv -> O1D+O2
H -> H_transport
OH -> OH_transport
Net:H2 + O3 -> O2 + H_transport + OH_transport",1.5853206699303906e-13,298.0010524340716,-298.0010524340716,0.0,O3,16.5
"1*490,1*493,1*741,1*1091,1*1179,1*1292,1*1301,1*1373","CH3+O2+M -> CH3O2+M
CH3O2+O -> CH3O+O2
CH3O+M -> H+H2CO+M
O3+M -> O+O2+M
CH3CO+M -> CH3+CO+M
H -> H_transport
H2CO -> H2CO_transport
CH3CO_transport -> CH3CO
Net:O3 + CH3CO_transport -> O2 + CO + H_transport + H2CO_transport",1.0942212651627769e-13,205.68651806486983,-205.68651806486983,0.0,O3,16.5
"1*449,1*472,1*478,2*1091","NO2+O -> NO+O2
NO2+O+M -> NO3+M
NO3+NO -> NO2+NO2
2(O3+M -> O+O2+M)
Net:2O3 -> 3O2",9.672914414971266e-14,90.91342623737782,-181.82685247475564,0.0,O3,16.5
"1*67,1*336,1*674,1*1091,1*1292,1*1295,1*1301","O+H2COH -> H2CO+OH
O1D+CH4 -> H2COH+H
O3+hv -> O1D+O2
O3+M -> O+O2+M
H -> H_transport
OH -> OH_transport
H2CO -> H2CO_transport
Net:CH4 + 2O3 -> 2O2 + H_transport + OH_transport + H2CO_transport",8.851219060328524e-14,83.1905066694876,-166.3810133389752,0.0,O3,16.5
"1*385,1*448,1*449,1*1057,1*1091,1*1295,1*1364","H+O2+M -> HO2+M
NO+HO2 -> NO2+OH
NO2+O -> NO+O2
NNH+M -> H+N2+M
O3+M -> O+O2+M
OH -> OH_transport
NNH_transport -> NNH
Net:O3 + NNH_transport -> O2 + N2 + OH_transport",7.865981412438125e-14,147.8609838245742,-147.8609838245742,0.0,O3,16.5
"1*411,1*659,1*1296","OH+O3 -> HO2+O2
HO2+hv -> OH+O
O -> O_transport
Net:O3 -> O2 + O_transport",7.831681857070631e-14,147.21623706819824,-147.21623706819824,0.0,O3,16.5
"1*472,1*475,2*1091","NO2+O+M -> NO3+M
NO3+O -> NO2+O2
2(O3+M -> O+O2+M)
Net:2O3 -> 3O2",7.76356061189278e-14,72.96786312264945,-145.9357262452989,0.0,O3,16.5
"1*446,1*449,2*1091","NO+O+M -> NO2+M
NO2+O -> NO+O2
2(O3+M -> O+O2+M)
Net:2O3 -> 3O2",5.134055666951812e-14,48.25377038936632,-96.50754077873265,0.0,O3,16.5
"1*401,1*405,1*411,2*1167,2*1315,2*1378","HO2+HO2 -> H2O2+O2
H2O2+OH -> HO2+H2O
OH+O3 -> HO2+O2
2(HSO3+M -> SO2+OH+M)
2(SO2 -> SO2_transport)
2(HSO3_transport -> HSO3)
Net:O3 + 2HSO3_transport -> H2O + 2O2 + 2SO2_transport",5.088350977449505e-14,95.64840572604592,-95.64840572604592,0.0,O3,16.5
"1*449,1*658,1*1091,1*1295,1*1330,1*1341","NO2+O -> NO+O2
HNO3+hv -> OH+NO2
O3+M -> O+O2+M
OH -> OH_transport
NO -> NO_transport
HNO3_transport -> HNO3
Net:O3 + HNO3_transport -> 2O2 + OH_transport + NO_transport",4.8035387930363316e-14,90.2946415122166,-90.2946415122166,0.0,O3,16.5
"1*410,1*1057,1*1295,1*1364","H+O3 -> OH+O2
NNH+M -> H+N2+M
OH -> OH_transport
NNH_transport -> NNH
Net:O3 + NNH_transport -> O2 + N2 + OH_transport",4.2225927836481524e-14,79.37429426078936,-79.37429426078936,0.0,O3,16.5
"1*11,1*911,1*1091,1*1292,1*1320,1*1371","O+OH -> O2+H
HCNOH+M -> HCN+OH+M
O3+M -> O+O2+M
H -> H_transport
HCN -> HCN_transport
HCNOH_transport -> HCNOH
Net:O3 + HCNOH_transport -> 2O2 + H_transport + HCN_transport",4.1187342862682217e-14,77.42201153903568,-77.42201153903568,0.0,O3,16.5
"1*385,1*390,1*1048,1*1091,1*1295,1*1333,1*1371","H+O2+M -> HO2+M
HO2+O -> OH+O2
HCNOH+M -> H+HNCO+M
O3+M -> O+O2+M
OH -> OH_transport
HNCO -> HNCO_transport
HCNOH_transport -> HCNOH
Net:O3 + HCNOH_transport -> O2 + OH_transport + HNCO_transport",3.791834779141505e-14,71.27710981588977,-71.27710981588977,0.0,O3,16.5
"1*415,1*684,1*1296","SO+O3 -> SO2+O2
SO2+hv -> SO+O
O -> O_transport
Net:O3 -> O2 + O_transport",3.736743782921423e-14,70.24153542613891,-70.24153542613891,0.0,O3,16.5
"1*390,1*412,1*1091,1*1179,1*1295,1*1301,1*1373","HO2+O -> OH+O2
CH3+O3 -> H2CO+HO2
O3+M -> O+O2+M
CH3CO+M -> CH3+CO+M
OH -> OH_transport
H2CO -> H2CO_transport
CH3CO_transport -> CH3CO
Net:2O3 + CH3CO_transport -> 2O2 + CO + OH_transport + H2CO_transport",2.8028363939750918e-14,26.343193873885784,-52.68638774777157,0.0,O3,16.5
"1*390,1*405,1*1091,1*1335","HO2+O -> OH+O2
H2O2+OH -> HO2+H2O
O3+M -> O+O2+M
H2O2_transport -> H2O2
Net:O3 + H2O2_transport -> H2O + 2O2",2.647121918025222e-14,49.75934096206867,-49.75934096206867,0.0,O3,16.5
"1*412,1*448,1*670,1*1179,1*1295,1*1296,1*1301,1*1373","CH3+O3 -> H2CO+HO2
NO+HO2 -> NO2+OH
NO2+hv -> NO+O
CH3CO+M -> CH3+CO+M
OH -> OH_transport
O -> O_transport
H2CO -> H2CO_transport
CH3CO_transport -> CH3CO
Net:O3 + CH3CO_transport -> CO + OH_transport + O_transport + H2CO_transport",2.3708870501307514e-14,44.566809071649715,-44.566809071649715,0.0,O3,16.5
"1*445,1*674,2*1330,1*1334","O1D+N2O -> NO+NO
O3+hv -> O1D+O2
2(NO -> NO_transport)
N2O_transport -> N2O
Net:O3 + N2O_transport -> O2 + 2NO_transport",2.175158202621171e-14,40.887591128183175,-40.887591128183175,0.0,O3,16.5
"1*398,1*448,1*449,1*1091,1*1295,1*1301,1*1366","CH3O+O2 -> H2CO+HO2
NO+HO2 -> NO2+OH
NO2+O -> NO+O2
O3+M -> O+O2+M
OH -> OH_transport
H2CO -> H2CO_transport
CH3O_transport -> CH3O
Net:O3 + CH3O_transport -> O2 + OH_transport + H2CO_transport",2.1100111305636997e-14,39.662987399463915,-39.662987399463915,0.0,O3,16.5
"1*449,1*495,1*741,1*1091,1*1292,1*1301,1*1377","NO2+O -> NO+O2
CH3O2+NO -> CH3O+NO2
CH3O+M -> H+H2CO+M
O3+M -> O+O2+M
H -> H_transport
H2CO -> H2CO_transport
CH3O2_transport -> CH3O2
Net:O3 + CH3O2_transport -> 2O2 + H_transport + H2CO_transport",1.8199361459614666e-14,34.21029556645715,-34.21029556645715,0.0,O3,16.5
"1*449,1*462,1*467,2*911,1*1091,2*1320,2*1371","NO2+O -> NO+O2
NO+OH+M -> HNO2+M
HNO2+OH -> H2O+NO2
2(HCNOH+M -> HCN+OH+M)
O3+M -> O+O2+M
2(HCN -> HCN_transport)
2(HCNOH_transport -> HCNOH)
Net:O3 + 2HCNOH_transport -> H2O + 2O2 + 2HCN_transport",1.644017818539039e-14,30.90346637355784,-30.90346637355784,0.0,O3,16.5
"1*444,1*674,1*1334","O1D+N2O -> N2+O2
O3+hv -> O1D+O2
N2O_transport -> N2O
Net:O3 + N2O_transport -> 2O2 + N2",1.6278764244423647e-14,30.600048111259323,-30.600048111259323,0.0,O3,16.5
"1*449,1*473,1*478,1*1091","NO2+O -> NO+O2
NO2+O3 -> NO3+O2
NO3+NO -> NO2+NO2
O3+M -> O+O2+M
Net:2O3 -> 3O2",1.3224789073393962e-14,12.429665293719584,-24.859330587439167,0.0,O3,16.5
"1*273,1*415,1*683,1*1296","S+O2 -> SO+O
SO+O3 -> SO2+O2
SO2+hv -> S+O2
O -> O_transport
Net:O3 -> O2 + O_transport",1.2496639530173607e-14,23.49058964861963,-23.49058964861963,0.0,O3,16.5
"1*273,1*415,1*675,1*1296,1*1315,1*1318","S+O2 -> SO+O
SO+O3 -> SO2+O2
OCS+hv -> CO+S
O -> O_transport
SO2 -> SO2_transport
OCS_transport -> OCS
Net:O3 + OCS_transport -> CO + O_transport + SO2_transport",1.2220252171224321e-14,22.971049814133163,-22.971049814133163,0.0,O3,16.5
"1*391,1*448,1*449,1*1091,1*1295,1*1300","HCO+O2 -> HO2+CO
NO+HO2 -> NO2+OH
NO2+O -> NO+O2
O3+M -> O+O2+M
OH -> OH_transport
HCO_transport -> HCO
Net:O3 + HCO_transport -> O2 + CO + OH_transport",1.1562172697030703e-14,21.734023264144575,-21.734023264144575,0.0,O3,16.5
del,deleted_pathways,1.1293678532454787e-14,21.22932068167246,21.22932068167246,0.0,O3,16.5
"1*473,1*475,1*1091","NO2+O3 -> NO3+O2
NO3+O -> NO2+O2
O3+M -> O+O2+M
Net:2O3 -> 3O2",1.061432440587725e-14,9.97615152512633,-19.95230305025266,0.0,O3,16.5
"2*385,1*390,1*401,1*405,2*1057,1*1091,2*1364","2(H+O2+M -> HO2+M)
HO2+O -> OH+O2
HO2+HO2 -> H2O2+O2
H2O2+OH -> HO2+H2O
2(NNH+M -> H+N2+M)
O3+M -> O+O2+M
2(NNH_transport -> NNH)
Net:O3 + 2NNH_transport -> H2O + O2 + 2N2",1.0296238093183492e-14,19.354379502382844,-19.354379502382844,0.0,O3,16.5
"1*11,1*1091,1*1167,1*1292,1*1315,1*1378","O+OH -> O2+H
O3+M -> O+O2+M
HSO3+M -> SO2+OH+M
H -> H_transport
SO2 -> SO2_transport
HSO3_transport -> HSO3
Net:O3 + HSO3_transport -> 2O2 + H_transport + SO2_transport",9.005065598557564e-15,16.92729475182984,-16.92729475182984,0.0,O3,16.5
"1*411,1*472,1*477,1*658,1*1091","OH+O3 -> HO2+O2
NO2+O+M -> NO3+M
NO3+HO2 -> HNO3+O2
HNO3+hv -> OH+NO2
O3+M -> O+O2+M
Net:2O3 -> 3O2",8.652982537572983e-15,8.132732865343941,-16.265465730687882,0.0,O3,16.5
"1*449,1*490,1*495,1*741,1*1091,1*1179,1*1292,1*1301,1*1373","NO2+O -> NO+O2
CH3+O2+M -> CH3O2+M
CH3O2+NO -> CH3O+NO2
CH3O+M -> H+H2CO+M
O3+M -> O+O2+M
CH3CO+M -> CH3+CO+M
H -> H_transport
H2CO -> H2CO_transport
CH3CO_transport -> CH3CO
Net:O3 + CH3CO_transport -> O2 + CO + H_transport + H2CO_transport",8.470755657710442e-15,15.922924294050972,-15.922924294050972,0.0,O3,16.5
"1*390,1*1091,1*1295,1*1332","HO2+O -> OH+O2
O3+M -> O+O2+M
OH -> OH_transport
HO2_transport -> HO2
Net:O3 + HO2_transport -> 2O2 + OH_transport",7.15653297113249e-15,13.452510887089216,-13.452510887089216,0.0,O3,16.5
"1*390,1*472,1*476,2*1091","HO2+O -> OH+O2
NO2+O+M -> NO3+M
NO3+OH -> NO2+HO2
2(O3+M -> O+O2+M)
Net:2O3 -> 3O2",5.6837541741884445e-15,5.342025616051152,-10.684051232102304,0.0,O3,16.5
"1*390,1*485,1*1091,1*1295,1*1339,1*1378","HO2+O -> OH+O2
HSO3+O2 -> HO2+SO3
O3+M -> O+O2+M
OH -> OH_transport
SO3 -> SO3_transport
HSO3_transport -> HSO3
Net:O3 + HSO3_transport -> O2 + OH_transport + SO3_transport",5.124249614332156e-15,9.632321125750023,-9.632321125750023,0.0,O3,16.5
"1*289,1*416,1*1091","O+HSO -> HS+O2
HS+O3 -> HSO+O2
O3+M -> O+O2+M
Net:2O3 -> 3O2",4.214517750782224e-15,3.961125181349983,-7.922250362699966,0.0,O3,16.5
"1*411,1*472,1*477,1*658,1*670,1*1330,1*1337","OH+O3 -> HO2+O2
NO2+O+M -> NO3+M
NO3+HO2 -> HNO3+O2
HNO3+hv -> OH+NO2
NO2+hv -> NO+O
NO -> NO_transport
NO2_transport -> NO2
Net:O3 + NO2_transport -> 2O2 + NO_transport",3.8383818906067235e-15,7.215208031665352,-7.215208031665352,0.0,O3,16.5
"1*10,2*1091","O+O+M -> O2+M
2(O3+M -> O+O2+M)
Net:2O3 -> 3O2",3.636836268269974e-15,3.41817607008947,-6.83635214017894,0.0,O3,16.5
"1*449,1*468,1*470,1*478,2*911,1*1091,2*1320,2*1371","NO2+O -> NO+O2
NO2+OH+M -> HNO3+M
HNO3+OH -> H2O+NO3
NO3+NO -> NO2+NO2
2(HCNOH+M -> HCN+OH+M)
O3+M -> O+O2+M
2(HCN -> HCN_transport)
2(HCNOH_transport -> HCNOH)
Net:O3 + 2HCNOH_transport -> H2O + 2O2 + 2HCN_transport",3.56798944952362e-15,6.706937159145154,-6.706937159145154,0.0,O3,16.5
"1*28,1*701,1*741,1*1091,2*1292,1*1295,1*1366","O+H2CO -> OH+HCO
HCO+M -> H+CO+M
CH3O+M -> H+H2CO+M
O3+M -> O+O2+M
2(H -> H_transport)
OH -> OH_transport
CH3O_transport -> CH3O
Net:O3 + CH3O_transport -> O2 + CO + 2H_transport + OH_transport",2.8178574425925902e-15,5.296874628769236,-5.296874628769236,0.0,O3,16.5
"1*390,2*398,1*401,1*405,1*1091,2*1301,2*1366","HO2+O -> OH+O2
2(CH3O+O2 -> H2CO+HO2)
HO2+HO2 -> H2O2+O2
H2O2+OH -> HO2+H2O
O3+M -> O+O2+M
2(H2CO -> H2CO_transport)
2(CH3O_transport -> CH3O)
Net:O3 + 2CH3O_transport -> H2O + O2 + 2H2CO_transport",2.7619156263448683e-15,5.19171785870311,-5.19171785870311,0.0,O3,16.5
"1*401,2*412,1*650,2*1179,2*1295,2*1301,2*1373","HO2+HO2 -> H2O2+O2
2(CH3+O3 -> H2CO+HO2)
H2O2+hv -> OH+OH
2(CH3CO+M -> CH3+CO+M)
2(OH -> OH_transport)
2(H2CO -> H2CO_transport)
2(CH3CO_transport -> CH3CO)
Net:2O3 + 2CH3CO_transport -> O2 + 2CO + 2OH_transport + 2H2CO_transport",2.704928541768519e-15,2.5422981214310756,-5.084596242862151,0.0,O3,16.5
"1*389,1*412,1*911,1*1179,1*1301,1*1320,1*1371,1*1373","OH+HO2 -> H2O+O2
CH3+O3 -> H2CO+HO2
HCNOH+M -> HCN+OH+M
CH3CO+M -> CH3+CO+M
H2CO -> H2CO_transport
HCN -> HCN_transport
HCNOH_transport -> HCNOH
CH3CO_transport -> CH3CO
Net:O3 + HCNOH_transport + CH3CO_transport -> H2O + O2 + CO + H2CO_transport + HCN_transport",2.5381345936226745e-15,4.771064898510992,-4.771064898510992,0.0,O3,16.5
"1*385,1*448,1*449,1*1048,1*1091,1*1295,1*1333,1*1371","H+O2+M -> HO2+M
NO+HO2 -> NO2+OH
NO2+O -> NO+O2
HCNOH+M -> H+HNCO+M
O3+M -> O+O2+M
OH -> OH_transport
HNCO -> HNCO_transport
HCNOH_transport -> HCNOH
Net:O3 + HCNOH_transport -> O2 + OH_transport + HNCO_transport",2.3468582256864687e-15,4.411512663862724,-4.411512663862724,0.0,O3,16.5
"1*447,1*456,1*684,1*1296","NO+O3 -> NO2+O2
NO2+SO -> SO2+NO
SO2+hv -> SO+O
O -> O_transport
Net:O3 -> O2 + O_transport",2.2979878140423786e-15,4.319648384420353,-4.319648384420353,0.0,O3,16.5
"2*449,1*470,1*478,1*911,2*1091,1*1320,1*1330,1*1341,1*1371","2(NO2+O -> NO+O2)
HNO3+OH -> H2O+NO3
NO3+NO -> NO2+NO2
HCNOH+M -> HCN+OH+M
2(O3+M -> O+O2+M)
HCN -> HCN_transport
NO -> NO_transport
HNO3_transport -> HNO3
HCNOH_transport -> HCNOH
Net:2O3 + HNO3_transport + HCNOH_transport -> H2O + 4O2 + HCN_transport + NO_transport",2.1974190437345337e-15,2.065301992499458,-4.130603984998916,0.0,O3,16.5
"1*411,1*473,1*477,1*658","OH+O3 -> HO2+O2
NO2+O3 -> NO3+O2
NO3+HO2 -> HNO3+O2
HNO3+hv -> OH+NO2
Net:2O3 -> 3O2",2.0991311908163875e-15,1.9729235728943604,-3.9458471457887208,0.0,O3,16.5
"1*449,1*462,1*467,1*1091,2*1167,2*1315,2*1378","NO2+O -> NO+O2
NO+OH+M -> HNO2+M
HNO2+OH -> H2O+NO2
O3+M -> O+O2+M
2(HSO3+M -> SO2+OH+M)
2(SO2 -> SO2_transport)
2(HSO3_transport -> HSO3)
Net:O3 + 2HSO3_transport -> H2O + 2O2 + 2SO2_transport",2.0690473400815324e-15,3.889296951557985,-3.889296951557985,0.0,O3,16.5
"1*68,1*336,1*674,1*911,1*1292,1*1301,1*1320,1*1371","OH+H2COH -> H2CO+H2O
O1D+CH4 -> H2COH+H
O3+hv -> O1D+O2
HCNOH+M -> HCN+OH+M
H -> H_transport
H2CO -> H2CO_transport
HCN -> HCN_transport
HCNOH_transport -> HCNOH
Net:CH4 + O3 + HCNOH_transport -> H2O + O2 + H_transport + H2CO_transport + HCN_transport",1.8381251769650654e-15,3.455220433511443,-3.455220433511443,0.0,O3,16.5
"1*412,1*448,1*449,1*1091,1*1179,1*1295,1*1301,1*1373","CH3+O3 -> H2CO+HO2
NO+HO2 -> NO2+OH
NO2+O -> NO+O2
O3+M -> O+O2+M
CH3CO+M -> CH3+CO+M
OH -> OH_transport
H2CO -> H2CO_transport
CH3CO_transport -> CH3CO
Net:2O3 + CH3CO_transport -> 2O2 + CO + OH_transport + H2CO_transport",1.7347432126098892e-15,1.6304439627451153,-3.2608879254902305,0.0,O3,16.5
"1*405,1*448,1*449,1*1091,1*1335","H2O2+OH -> HO2+H2O
NO+HO2 -> NO2+OH
NO2+O -> NO+O2
O3+M -> O+O2+M
H2O2_transport -> H2O2
Net:O3 + H2O2_transport -> H2O + 2O2",1.6383677585021155e-15,3.0797259227631155,-3.0797259227631155,0.0,O3,16.5
"1*390,2*391,1*401,1*405,1*1091,2*1300","HO2+O -> OH+O2
2(HCO+O2 -> HO2+CO)
HO2+HO2 -> H2O2+O2
H2O2+OH -> HO2+H2O
O3+M -> O+O2+M
2(HCO_transport -> HCO)
Net:O3 + 2HCO_transport -> H2O + O2 + 2CO",1.5134396678701793e-15,2.844892029576504,-2.844892029576504,0.0,O3,16.5
"1*736,1*1091,1*1295,1*1305","CH4+O -> CH3+OH
O3+M -> O+O2+M
OH -> OH_transport
CH3 -> CH3_transport
Net:CH4 + O3 -> O2 + OH_transport + CH3_transport",1.4073149300427086e-15,2.6454037862089033,-2.6454037862089033,0.0,O3,16.5
"1*410,1*1048,1*1295,1*1333,1*1371","H+O3 -> OH+O2
HCNOH+M -> H+HNCO+M
OH -> OH_transport
HNCO -> HNCO_transport
HCNOH_transport -> HCNOH
Net:O3 + HCNOH_transport -> O2 + OH_transport + HNCO_transport",1.2598334636742246e-15,2.3681751281465684,-2.3681751281465684,0.0,O3,16.5
"1*411,1*470,1*477,2*911,2*1320,2*1371","OH+O3 -> HO2+O2
HNO3+OH -> H2O+NO3
NO3+HO2 -> HNO3+O2
2(HCNOH+M -> HCN+OH+M)
2(HCN -> HCN_transport)
2(HCNOH_transport -> HCNOH)
Net:O3 + 2HCNOH_transport -> H2O + 2O2 + 2HCN_transport",1.2243033697040738e-15,2.301387344469646,-2.301387344469646,0.0,O3,16.5
"1*273,1*447,1*456,1*683,1*1296","S+O2 -> SO+O
NO+O3 -> NO2+O2
NO2+SO -> SO2+NO
SO2+hv -> S+O2
O -> O_transport
Net:O3 -> O2 + O_transport",7.685066738605204e-16,1.4446023568411475,-1.4446023568411475,0.0,O3,16.5
"1*273,1*447,1*456,1*675,1*1296,1*1315,1*1318","S+O2 -> SO+O
NO+O3 -> NO2+O2
NO2+SO -> SO2+NO
OCS+hv -> CO+S
O -> O_transport
SO2 -> SO2_transport
OCS_transport -> OCS
Net:O3 + OCS_transport -> CO + O_transport + SO2_transport",7.515096620310325e-16,1.4126521810218655,-1.4126521810218655,0.0,O3,16.5
"1*449,1*468,1*470,1*478,1*1091,2*1167,2*1315,2*1378","NO2+O -> NO+O2
NO2+OH+M -> HNO3+M
HNO3+OH -> H2O+NO3
NO3+NO -> NO2+NO2
O3+M -> O+O2+M
2(HSO3+M -> SO2+OH+M)
2(SO2 -> SO2_transport)
2(HSO3_transport -> HSO3)
Net:O3 + 2HSO3_transport -> H2O + 2O2 + 2SO2_transport",7.335639206833207e-16,1.3789186284998856,-1.3789186284998856,0.0,O3,16.5
"1*337,1*674,1*1296","O1D+CO -> O+CO
O3+hv -> O1D+O2
O -> O_transport
Net:O3 -> O2 + O_transport",7.252560540928677e-16,1.3633018953404954,-1.3633018953404954,0.0,O3,16.5
"1*448,1*473,1*476,1*670,1*1296","NO+HO2 -> NO2+OH
NO2+O3 -> NO3+O2
NO3+OH -> NO2+HO2
NO2+hv -> NO+O
O -> O_transport
Net:O3 -> O2 + O_transport",6.573244875542405e-16,1.2356073619506358,-1.2356073619506358,0.0,O3,16.5
"1*390,1*473,1*476,1*1091","HO2+O -> OH+O2
NO2+O3 -> NO3+O2
NO3+OH -> NO2+HO2
O3+M -> O+O2+M
Net:2O3 -> 3O2",6.376647859840845e-16,0.5993259941906515,-1.198651988381303,0.0,O3,16.5
"2*385,1*401,1*405,1*448,1*449,2*1057,1*1091,2*1364","2(H+O2+M -> HO2+M)
HO2+HO2 -> H2O2+O2
H2O2+OH -> HO2+H2O
NO+HO2 -> NO2+OH
NO2+O -> NO+O2
2(NNH+M -> H+N2+M)
O3+M -> O+O2+M
2(NNH_transport -> NNH)
Net:O3 + 2NNH_transport -> H2O + O2 + 2N2",6.372590703460152e-16,1.197889343388231,-1.197889343388231,0.0,O3,16.5
"1*390,1*398,1*645,1*1091,1*1295,1*1366","HO2+O -> OH+O2
CH3O+O2 -> H2CO+HO2
H2CO+hv -> CO+H2
O3+M -> O+O2+M
OH -> OH_transport
CH3O_transport -> CH3O
Net:O3 + CH3O_transport -> H2 + O2 + CO + OH_transport",5.56895537864532e-16,1.0468257906884908,-1.0468257906884908,0.0,O3,16.5
"1*389,1*412,1*1167,1*1179,1*1301,1*1315,1*1373,1*1378","OH+HO2 -> H2O+O2
CH3+O3 -> H2CO+HO2
HSO3+M -> SO2+OH+M
CH3CO+M -> CH3+CO+M
H2CO -> H2CO_transport
SO2 -> SO2_transport
CH3CO_transport -> CH3CO
HSO3_transport -> HSO3
Net:O3 + CH3CO_transport + HSO3_transport -> H2O + O2 + CO + H2CO_transport + SO2_transport",5.54929425521382e-16,1.043129986056813,-1.043129986056813,0.0,O3,16.5
"1*389,1*472,1*476,2*911,1*1091,2*1320,2*1371","OH+HO2 -> H2O+O2
NO2+O+M -> NO3+M
NO3+OH -> NO2+HO2
2(HCNOH+M -> HCN+OH+M)
O3+M -> O+O2+M
2(HCN -> HCN_transport)
2(HCNOH_transport -> HCNOH)
Net:O3 + 2HCNOH_transport -> H2O + 2O2 + 2HCN_transport",5.146976513564984e-16,0.967504207185516,-0.967504207185516,0.0,O3,16.5
"2*449,1*470,1*478,2*1091,1*1167,1*1315,1*1330,1*1341,1*1378","2(NO2+O -> NO+O2)
HNO3+OH -> H2O+NO3
NO3+NO -> NO2+NO2
2(O3+M -> O+O2+M)
HSO3+M -> SO2+OH+M
SO2 -> SO2_transport
NO -> NO_transport
HNO3_transport -> HNO3
HSO3_transport -> HSO3
Net:2O3 + HNO3_transport + HSO3_transport -> H2O + 4O2 + SO2_transport + NO_transport",4.594267569295405e-16,0.431804302051354,-0.863608604102708,0.0,O3,16.5
"1*293,1*415,1*1091,1*1315,1*1318","O+OCS -> CO+SO
SO+O3 -> SO2+O2
O3+M -> O+O2+M
SO2 -> SO2_transport
OCS_transport -> OCS
Net:2O3 + OCS_transport -> 2O2 + CO + SO2_transport",4.506703286467337e-16,0.4235743429858658,-0.8471486859717317,0.0,O3,16.5
"1*401,2*472,2*476,1*650,2*1091","HO2+HO2 -> H2O2+O2
2(NO2+O+M -> NO3+M)
2(NO3+OH -> NO2+HO2)
H2O2+hv -> OH+OH
2(O3+M -> O+O2+M)
Net:2O3 -> 3O2",4.501104273686142e-16,0.4230481050666121,-0.8460962101332242,0.0,O3,16.5
"1*385,1*472,1*477,1*658,1*1057,1*1091,1*1295,1*1364","H+O2+M -> HO2+M
NO2+O+M -> NO3+M
NO3+HO2 -> HNO3+O2
HNO3+hv -> OH+NO2
NNH+M -> H+N2+M
O3+M -> O+O2+M
OH -> OH_transport
NNH_transport -> NNH
Net:O3 + NNH_transport -> O2 + N2 + OH_transport",4.493791822756237e-16,0.8447216503269235,-0.8447216503269235,0.0,O3,16.5
"1*448,1*449,1*1091,1*1295,1*1332","NO+HO2 -> NO2+OH
NO2+O -> NO+O2
O3+M -> O+O2+M
OH -> OH_transport
HO2_transport -> HO2
Net:O3 + HO2_transport -> 2O2 + OH_transport",4.4293512900636662e-16,0.8326084249548974,-0.8326084249548974,0.0,O3,16.5
"1*68,1*336,1*674,1*1167,1*1292,1*1301,1*1315,1*1378","OH+H2COH -> H2CO+H2O
O1D+CH4 -> H2COH+H
O3+hv -> O1D+O2
HSO3+M -> SO2+OH+M
H -> H_transport
H2CO -> H2CO_transport
SO2 -> SO2_transport
HSO3_transport -> HSO3
Net:CH4 + O3 + HSO3_transport -> H2O + O2 + H_transport + H2CO_transport + SO2_transport",4.018816618521895e-16,0.7554380666162935,-0.7554380666162935,0.0,O3,16.5
"1*401,1*405,2*412,1*448,1*670,2*1179,1*1296,2*1301,2*1373","HO2+HO2 -> H2O2+O2
H2O2+OH -> HO2+H2O
2(CH3+O3 -> H2CO+HO2)
NO+HO2 -> NO2+OH
NO2+hv -> NO+O
2(CH3CO+M -> CH3+CO+M)
O -> O_transport
2(H2CO -> H2CO_transport)
2(CH3CO_transport -> CH3CO)
Net:2O3 + 2CH3CO_transport -> H2O + O2 + 2CO + O_transport + 2H2CO_transport",3.841527708348404e-16,0.36105606952463987,-0.7221121390492797,0.0,O3,16.5
"1*493,1*645,1*741,1*1091,1*1292,1*1377","CH3O2+O -> CH3O+O2
H2CO+hv -> CO+H2
CH3O+M -> H+H2CO+M
O3+M -> O+O2+M
H -> H_transport
CH3O2_transport -> CH3O2
Net:O3 + CH3O2_transport -> H2 + 2O2 + CO + H_transport",3.8403038483688504e-16,0.7218820836612081,-0.7218820836612081,0.0,O3,16.5
"1*390,1*398,1*646,1*701,1*1091,2*1292,1*1295,1*1366","HO2+O -> OH+O2
CH3O+O2 -> H2CO+HO2
H2CO+hv -> HCO+H
HCO+M -> H+CO+M
O3+M -> O+O2+M
2(H -> H_transport)
OH -> OH_transport
CH3O_transport -> CH3O
Net:O3 + CH3O_transport -> O2 + CO + 2H_transport + OH_transport",3.4977722515342555e-16,0.6574946204275934,-0.6574946204275934,0.0,O3,16.5
"1*390,1*401,1*405,2*412,1*1091,2*1179,2*1301,2*1373","HO2+O -> OH+O2
HO2+HO2 -> H2O2+O2
H2O2+OH -> HO2+H2O
2(CH3+O3 -> H2CO+HO2)
O3+M -> O+O2+M
2(CH3CO+M -> CH3+CO+M)
2(H2CO -> H2CO_transport)
2(CH3CO_transport -> CH3CO)
Net:3O3 + 2CH3CO_transport -> H2O + 3O2 + 2CO + 2H2CO_transport",3.406058610688196e-16,0.2134182418925129,-0.6402547256775387,0.0,O3,16.5
"1*390,1*398,1*493,2*1091,1*1295,1*1301,1*1377","HO2+O -> OH+O2
CH3O+O2 -> H2CO+HO2
CH3O2+O -> CH3O+O2
2(O3+M -> O+O2+M)
OH -> OH_transport
H2CO -> H2CO_transport
CH3O2_transport -> CH3O2
Net:2O3 + CH3O2_transport -> 3O2 + OH_transport + H2CO_transport",3.3120148645792566e-16,0.31128841440175153,-0.6225768288035031,0.0,O3,16.5
"1*448,1*449,1*485,1*1091,1*1295,1*1339,1*1378","NO+HO2 -> NO2+OH
NO2+O -> NO+O2
HSO3+O2 -> HO2+SO3
O3+M -> O+O2+M
OH -> OH_transport
SO3 -> SO3_transport
HSO3_transport -> HSO3
Net:O3 + HSO3_transport -> O2 + OH_transport + SO3_transport",3.1715219829775584e-16,0.5961676439799432,-0.5961676439799432,0.0,O3,16.5
"2*385,1*390,1*401,1*405,2*1048,1*1091,2*1333,2*1371","2(H+O2+M -> HO2+M)
HO2+O -> OH+O2
HO2+HO2 -> H2O2+O2
H2O2+OH -> HO2+H2O
2(HCNOH+M -> H+HNCO+M)
O3+M -> O+O2+M
2(HNCO -> HNCO_transport)
2(HCNOH_transport -> HCNOH)
Net:O3 + 2HCNOH_transport -> H2O + O2 + 2HNCO_transport",3.0719384900153566e-16,0.5774484117951385,-0.5774484117951385,0.0,O3,16.5
"3*449,1*462,1*467,2*658,3*1091,2*1330,2*1341","3(NO2+O -> NO+O2)
NO+OH+M -> HNO2+M
HNO2+OH -> H2O+NO2
2(HNO3+hv -> OH+NO2)
3(O3+M -> O+O2+M)
2(NO -> NO_transport)
2(HNO3_transport -> HNO3)
Net:3O3 + 2HNO3_transport -> H2O + 6O2 + 2NO_transport",2.9080734533448064e-16,0.18221528007756077,-0.5466458402326824,0.0,O3,16.5
"1*448,1*449,1*472,1*476,2*1091","NO+HO2 -> NO2+OH
NO2+O -> NO+O2
NO2+O+M -> NO3+M
NO3+OH -> NO2+HO2
2(O3+M -> O+O2+M)
Net:2O3 -> 3O2",2.886678878001432e-16,0.2713120947705184,-0.5426241895410367,0.0,O3,16.5
"1*390,1*400,1*405,2*911,1*1091,2*1320,2*1371","HO2+O -> OH+O2
OH+OH+M -> H2O2+M
H2O2+OH -> HO2+H2O
2(HCNOH+M -> HCN+OH+M)
O3+M -> O+O2+M
2(HCN -> HCN_transport)
2(HCNOH_transport -> HCNOH)
Net:O3 + 2HCNOH_transport -> H2O + 2O2 + 2HCN_transport",2.530485841660843e-16,0.4756687137735734,-0.4756687137735734,0.0,O3,16.5
"1*14,1*1091","CO+O+M -> CO2+M
O3+M -> O+O2+M
Net:CO + O3 -> O2 + CO2",2.414920886267084e-16,0.45394536216083703,-0.45394536216083703,0.0,O3,16.5
"1*493,1*646,1*701,1*741,1*1091,3*1292,1*1377","CH3O2+O -> CH3O+O2
H2CO+hv -> HCO+H
HCO+M -> H+CO+M
CH3O+M -> H+H2CO+M
O3+M -> O+O2+M
3(H -> H_transport)
CH3O2_transport -> CH3O2
Net:O3 + CH3O2_transport -> 2O2 + CO + 3H_transport",2.4120337343324724e-16,0.4534026490483605,-0.4534026490483605,0.0,O3,16.5
"1*5,1*1091,1*1292,1*1295","H2+O -> OH+H
O3+M -> O+O2+M
H -> H_transport
OH -> OH_transport
Net:H2 + O3 -> O2 + H_transport + OH_transport",2.3433797207421375e-16,0.44049739354277173,-0.44049739354277173,0.0,O3,16.5
"1*468,1*470,1*475,2*911,1*1091,2*1320,2*1371","NO2+OH+M -> HNO3+M
HNO3+OH -> H2O+NO3
NO3+O -> NO2+O2
2(HCNOH+M -> HCN+OH+M)
O3+M -> O+O2+M
2(HCN -> HCN_transport)
2(HCNOH_transport -> HCNOH)
Net:O3 + 2HCNOH_transport -> H2O + 2O2 + 2HCN_transport",2.094849059393883e-16,0.3937797798456213,-0.3937797798456213,0.0,O3,16.5
"1*411,1*470,1*477,2*1167,2*1315,2*1378","OH+O3 -> HO2+O2
HNO3+OH -> H2O+NO3
NO3+HO2 -> HNO3+O2
2(HSO3+M -> SO2+OH+M)
2(SO2 -> SO2_transport)
2(HSO3_transport -> HSO3)
Net:O3 + 2HSO3_transport -> H2O + 2O2 + 2SO2_transport",1.8768664303639276e-16,0.352804440221667,-0.352804440221667,0.0,O3,16.5
"1*490,1*493,1*645,1*741,1*1091,1*1179,1*1292,1*1373","CH3+O2+M -> CH3O2+M
CH3O2+O -> CH3O+O2
H2CO+hv -> CO+H2
CH3O+M -> H+H2CO+M
O3+M -> O+O2+M
CH3CO+M -> CH3+CO+M
H -> H_transport
CH3CO_transport -> CH3CO
Net:O3 + CH3CO_transport -> H2 + O2 + 2CO + H_transport",1.7874404892217785e-16,0.3359945763999596,-0.3359945763999596,0.0,O3,16.5
"2*398,1*401,1*405,1*448,1*449,1*1091,2*1301,2*1366","2(CH3O+O2 -> H2CO+HO2)
HO2+HO2 -> H2O2+O2
H2O2+OH -> HO2+H2O
NO+HO2 -> NO2+OH
NO2+O -> NO+O2
O3+M -> O+O2+M
2(H2CO -> H2CO_transport)
2(CH3O_transport -> CH3O)
Net:O3 + 2CH3O_transport -> H2O + O2 + 2H2CO_transport",1.7094163601207782e-16,0.32132797106996613,-0.32132797106996613,0.0,O3,16.5
"1*69,1*1091,1*1295,1*1301,1*1366","O+CH3O -> H2CO+OH
O3+M -> O+O2+M
OH -> OH_transport
H2CO -> H2CO_transport
CH3O_transport -> CH3O
Net:O3 + CH3O_transport -> O2 + OH_transport + H2CO_transport",1.435196512135467e-16,0.2697814260409897,-0.2697814260409897,0.0,O3,16.5
"1*416,1*662,1*1296","HS+O3 -> HSO+O2
HSO+hv -> HS+O
O -> O_transport
Net:O3 -> O2 + O_transport",1.3668108538294983e-16,0.25692661468760575,-0.25692661468760575,0.0,O3,16.5
"1*27,1*390,1*398,1*701,1*1091,1*1292,1*1366","H2CO+OH -> HCO+H2O
HO2+O -> OH+O2
CH3O+O2 -> H2CO+HO2
HCO+M -> H+CO+M
O3+M -> O+O2+M
H -> H_transport
CH3O_transport -> CH3O
Net:O3 + CH3O_transport -> H2O + O2 + CO + H_transport",1.2980955288155419e-16,0.24400983415171112,-0.24400983415171112,0.0,O3,16.5
"1*385,1*473,1*477,1*658,1*1057,1*1295,1*1364","H+O2+M -> HO2+M
NO2+O3 -> NO3+O2
NO3+HO2 -> HNO3+O2
HNO3+hv -> OH+NO2
NNH+M -> H+N2+M
OH -> OH_transport
NNH_transport -> NNH
Net:O3 + NNH_transport -> O2 + N2 + OH_transport",1.2287806228019938e-16,0.23098034722632269,-0.23098034722632269,0.0,O3,16.5
"1*398,1*472,1*477,1*658,1*1091,1*1295,1*1301,1*1366","CH3O+O2 -> H2CO+HO2
NO2+O+M -> NO3+M
NO3+HO2 -> HNO3+O2
HNO3+hv -> OH+NO2
O3+M -> O+O2+M
OH -> OH_transport
H2CO -> H2CO_transport
CH3O_transport -> CH3O
Net:O3 + CH3O_transport -> O2 + OH_transport + H2CO_transport",1.2054377282736026e-16,0.2265924607448933,-0.2265924607448933,0.0,O3,16.5
"1*490,1*493,1*646,1*701,1*741,1*1091,1*1179,3*1292,1*1373","CH3+O2+M -> CH3O2+M
CH3O2+O -> CH3O+O2
H2CO+hv -> HCO+H
HCO+M -> H+CO+M
CH3O+M -> H+H2CO+M
O3+M -> O+O2+M
CH3CO+M -> CH3+CO+M
3(H -> H_transport)
CH3CO_transport -> CH3CO
Net:O3 + CH3CO_transport -> O2 + 2CO + 3H_transport",1.1226629267748956e-16,0.21103284657376215,-0.21103284657376215,0.0,O3,16.5
"1*479,1*1091,1*1167,1*1295,1*1339,1*1378","SO2+O+M -> SO3+M
O3+M -> O+O2+M
HSO3+M -> SO2+OH+M
OH -> OH_transport
SO3 -> SO3_transport
HSO3_transport -> HSO3
Net:O3 + HSO3_transport -> O2 + OH_transport + SO3_transport",1.095947821170882e-16,0.20601106786558887,-0.20601106786558887,0.0,O3,16.5
"1*412,1*659,1*1179,1*1295,1*1296,1*1301,1*1373","CH3+O3 -> H2CO+HO2
HO2+hv -> OH+O
CH3CO+M -> CH3+CO+M
OH -> OH_transport
O -> O_transport
H2CO -> H2CO_transport
CH3CO_transport -> CH3CO
Net:O3 + CH3CO_transport -> CO + OH_transport + O_transport + H2CO_transport",1.0029235937351938e-16,0.1885248152710783,-0.1885248152710783,0.0,O3,16.5
"2*391,1*401,1*405,1*448,1*449,1*1091,2*1300","2(HCO+O2 -> HO2+CO)
HO2+HO2 -> H2O2+O2
H2O2+OH -> HO2+H2O
NO+HO2 -> NO2+OH
NO2+O -> NO+O2
O3+M -> O+O2+M
2(HCO_transport -> HCO)
Net:O3 + 2HCO_transport -> H2O + O2 + 2CO",9.367044031452981e-17,0.17607724623257726,-0.17607724623257726,0.0,O3,16.5
"1*389,1*472,1*476,1*1091,2*1167,2*1315,2*1378","OH+HO2 -> H2O+O2
NO2+O+M -> NO3+M
NO3+OH -> NO2+HO2
O3+M -> O+O2+M
2(HSO3+M -> SO2+OH+M)
2(SO2 -> SO2_transport)
2(HSO3_transport -> HSO3)
Net:O3 + 2HSO3_transport -> H2O + 2O2 + 2SO2_transport",9.234237319908628e-17,0.1735808087255672,-0.1735808087255672,0.0,O3,16.5
"1*424,1*426,1*1091,1*1295,1*1301,1*1366","CH3O+NO -> HNO+H2CO
O+HNO -> OH+NO
O3+M -> O+O2+M
OH -> OH_transport
H2CO -> H2CO_transport
CH3O_transport -> CH3O
Net:O3 + CH3O_transport -> O2 + OH_transport + H2CO_transport",9.123827117643303e-17,0.17150537016612608,-0.17150537016612608,0.0,O3,16.5
"1*27,1*493,1*701,1*741,1*911,1*1091,2*1292,1*1320,1*1371,1*1377","H2CO+OH -> HCO+H2O
CH3O2+O -> CH3O+O2
HCO+M -> H+CO+M
CH3O+M -> H+H2CO+M
HCNOH+M -> HCN+OH+M
O3+M -> O+O2+M
2(H -> H_transport)
HCN -> HCN_transport
HCNOH_transport -> HCNOH
CH3O2_transport -> CH3O2
Net:O3 + HCNOH_transport + CH3O2_transport -> H2O + 2O2 + CO + 2H_transport + HCN_transport",8.951555392195246e-17,0.1682670880657351,-0.1682670880657351,0.0,O3,16.5
err,err_pathways,0.0,0.0,0.0,0.0,O3,16.5
"1*1091,1*1296","O3+M -> O+O2+M
O -> O_transport
Net:O3 -> O2 + O_transport",0.9999988481095629,796460243096740.2,-796460243096740.2,0.0,O3,17.5
"1*673,1*1296","O3+hv -> O+O2
O -> O_transport
Net:O3 -> O2 + O_transport",9.131188214541533e-07,727263676.2396579,-727263676.2396579,0.0,O3,17.5
"1*340,1*674,1*1296","O1D+N2 -> O+N2
O3+hv -> O1D+O2
O -> O_transport
Net:O3 -> O2 + O_transport",1.7712094240479704e-07,141069951.3423763,-141069951.3423763,0.0,O3,17.5
"1*674,1*1379","O3+hv -> O1D+O2
O1D -> O1D_transport
Net:O3 -> O2 + O1D_transport",5.9297823818216416e-08,47228413.57532228,-47228413.57532228,0.0,O3,17.5
"1*447,1*670,1*1296","NO+O3 -> NO2+O2
NO2+hv -> NO+O
O -> O_transport
Net:O3 -> O2 + O_transport",1.266005584533994e-09,1008324.2770988679,-1008324.2770988679,0.0,O3,17.5
"1*339,1*674,1*1296","O1D+O2 -> O+O2
O3+hv -> O1D+O2
O -> O_transport
Net:O3 -> O2 + O_transport",5.46753982480801e-10,435468.31141255324,-435468.31141255324,0.0,O3,17.5
"1*341,1*674,1*1296","O1D+CO2 -> CO2+O
O3+hv -> O1D+O2
O -> O_transport
Net:O3 -> O2 + O_transport",2.1740529888422605e-10,173154.8766552967,-173154.8766552967,0.0,O3,17.5
"1*447,1*449,1*1091","NO+O3 -> NO2+O2
NO2+O -> NO+O2
O3+M -> O+O2+M
Net:2O3 -> 3O2",1.2871894000903744e-10,51259.81817107071,-102519.63634214141,0.0,O3,17.5
"1*390,1*411,1*1091","HO2+O -> OH+O2
OH+O3 -> HO2+O2
O3+M -> O+O2+M
Net:2O3 -> 3O2",6.097276798849332e-11,24281.220776504277,-48562.44155300855,0.0,O3,17.5
"1*411,1*448,1*670,1*1296","OH+O3 -> HO2+O2
NO+HO2 -> NO2+OH
NO2+hv -> NO+O
O -> O_transport
Net:O3 -> O2 + O_transport",4.726817292214612e-11,37647.26386183448,-37647.26386183448,0.0,O3,17.5
"1*409,1*1091","O+O3 -> O2+O2
O3+M -> O+O2+M
Net:2O3 -> 3O2",3.301958764680736e-11,13149.40954874427,-26298.81909748854,0.0,O3,17.5
"1*449,1*1091,1*1330,1*1337","NO2+O -> NO+O2
O3+M -> O+O2+M
NO -> NO_transport
NO2_transport -> NO2
Net:O3 + NO2_transport -> 2O2 + NO_transport",2.0881065294420732e-11,16630.957497554144,-16630.957497554144,0.0,O3,17.5
"1*338,1*674,2*1295","O1D+H2O -> OH+OH
O3+hv -> O1D+O2
2(OH -> OH_transport)
Net:H2O + O3 -> O2 + 2OH_transport",7.063665988155443e-12,5625.93561054189,-5625.93561054189,0.0,O3,17.5
"1*411,1*448,1*449,1*1091","OH+O3 -> HO2+O2
NO+HO2 -> NO2+OH
NO2+O -> NO+O2
O3+M -> O+O2+M
Net:2O3 -> 3O2",4.805465167054911e-12,1913.683181926093,-3827.366363852186,0.0,O3,17.5
"1*389,1*411,2*911,2*1320,2*1371","OH+HO2 -> H2O+O2
OH+O3 -> HO2+O2
2(HCNOH+M -> HCN+OH+M)
2(HCN -> HCN_transport)
2(HCNOH_transport -> HCNOH)
Net:O3 + 2HCNOH_transport -> H2O + 2O2 + 2HCN_transport",4.7816682277681845e-12,3808.4130259707526,-3808.4130259707526,0.0,O3,17.5
"1*401,2*411,1*650","HO2+HO2 -> H2O2+O2
2(OH+O3 -> HO2+O2)
H2O2+hv -> OH+OH
Net:2O3 -> 3O2",3.5010489775412844e-12,1394.2247658672377,-2788.4495317344754,0.0,O3,17.5
"1*385,1*390,1*1057,1*1091,1*1295,1*1364","H+O2+M -> HO2+M
HO2+O -> OH+O2
NNH+M -> H+N2+M
O3+M -> O+O2+M
OH -> OH_transport
NNH_transport -> NNH
Net:O3 + NNH_transport -> O2 + N2 + OH_transport",2.7594461535240036e-12,2197.7916858633184,-2197.7916858633184,0.0,O3,17.5
"1*413,1*674","O1D+O3 -> O2+O2
O3+hv -> O1D+O2
Net:2O3 -> 3O2",1.1369557948555572e-12,452.7705659225374,-905.5411318450748,0.0,O3,17.5
"1*390,1*398,1*1091,1*1295,1*1301,1*1366","HO2+O -> OH+O2
CH3O+O2 -> H2CO+HO2
O3+M -> O+O2+M
OH -> OH_transport
H2CO -> H2CO_transport
CH3O_transport -> CH3O
Net:O3 + CH3O_transport -> O2 + OH_transport + H2CO_transport",7.705846373958294e-13,613.7407345889787,-613.7407345889787,0.0,O3,17.5
"1*389,1*411,2*1167,2*1315,2*1378","OH+HO2 -> H2O+O2
OH+O3 -> HO2+O2
2(HSO3+M -> SO2+OH+M)
2(SO2 -> SO2_transport)
2(HSO3_transport -> HSO3)
Net:O3 + 2HSO3_transport -> H2O + 2O2 + 2SO2_transport",7.003912946432274e-13,557.8344633585693,-557.8344633585693,0.0,O3,17.5
"1*335,1*674,1*1295,1*1305","O1D+CH4 -> CH3+OH
O3+hv -> O1D+O2
OH -> OH_transport
CH3 -> CH3_transport
Net:CH4 + O3 -> O2 + OH_transport + CH3_transport",4.771925504376743e-13,380.0653325191656,-380.0653325191656,0.0,O3,17.5
"1*490,1*493,1*741,1*1091,1*1179,1*1292,1*1301,1*1373","CH3+O2+M -> CH3O2+M
CH3O2+O -> CH3O+O2
CH3O+M -> H+H2CO+M
O3+M -> O+O2+M
CH3CO+M -> CH3+CO+M
H -> H_transport
H2CO -> H2CO_transport
CH3CO_transport -> CH3CO
Net:O3 + CH3CO_transport -> O2 + CO + H_transport + H2CO_transport",4.651559534447817e-13,370.47865050934155,-370.47865050934155,0.0,O3,17.5
"1*473,1*478,1*670,1*1296","NO2+O3 -> NO3+O2
NO3+NO -> NO2+NO2
NO2+hv -> NO+O
O -> O_transport
Net:O3 -> O2 + O_transport",4.477441664840504e-13,356.61083845964873,-356.61083845964873,0.0,O3,17.5
"1*449,1*472,1*478,2*1091","NO2+O -> NO+O2
NO2+O+M -> NO3+M
NO3+NO -> NO2+NO2
2(O3+M -> O+O2+M)
Net:2O3 -> 3O2",4.4766010927762215e-13,178.27194507973286,-356.5438901594657,0.0,O3,17.5
"1*390,1*391,1*1091,1*1295,1*1300","HO2+O -> OH+O2
HCO+O2 -> HO2+CO
O3+M -> O+O2+M
OH -> OH_transport
HCO_transport -> HCO
Net:O3 + HCO_transport -> O2 + CO + OH_transport",4.4468067280711644e-13,354.1708847304332,-354.1708847304332,0.0,O3,17.5
"1*401,1*405,1*411,2*911,2*1320,2*1371","HO2+HO2 -> H2O2+O2
H2O2+OH -> HO2+H2O
OH+O3 -> HO2+O2
2(HCNOH+M -> HCN+OH+M)
2(HCN -> HCN_transport)
2(HCNOH_transport -> HCNOH)
Net:O3 + 2HCNOH_transport -> H2O + 2O2 + 2HCN_transport",4.4110442871689487e-13,351.322545211987,-351.322545211987,0.0,O3,17.5
"1*334,1*674,1*1292,1*1295","O1D+H2 -> OH+H
O3+hv -> O1D+O2
H -> H_transport
OH -> OH_transport
Net:H2 + O3 -> O2 + H_transport + OH_transport",4.1729679159603417e-13,332.3606869211641,-332.3606869211641,0.0,O3,17.5
"1*493,1*741,1*1091,1*1292,1*1301,1*1377","CH3O2+O -> CH3O+O2
CH3O+M -> H+H2CO+M
O3+M -> O+O2+M
H -> H_transport
H2CO -> H2CO_transport
CH3O2_transport -> CH3O2
Net:O3 + CH3O2_transport -> 2O2 + H_transport + H2CO_transport",2.813790141902607e-13,224.1074561915318,-224.1074561915318,0.0,O3,17.5
"1*472,1*475,2*1091","NO2+O+M -> NO3+M
NO3+O -> NO2+O2
2(O3+M -> O+O2+M)
Net:2O3 -> 3O2",2.811067712363644e-13,111.94531262626238,-223.89062525252476,0.0,O3,17.5
"1*446,1*449,2*1091","NO+O+M -> NO2+M
NO2+O -> NO+O2
2(O3+M -> O+O2+M)
Net:2O3 -> 3O2",2.571436286735658e-13,102.40245645847341,-204.80491291694682,0.0,O3,17.5
"1*67,1*336,1*674,1*1091,1*1292,1*1295,1*1301","O+H2COH -> H2CO+OH
O1D+CH4 -> H2COH+H
O3+hv -> O1D+O2
O3+M -> O+O2+M
H -> H_transport
OH -> OH_transport
H2CO -> H2CO_transport
Net:CH4 + 2O3 -> 2O2 + H_transport + OH_transport + H2CO_transport",2.2776229902194586e-13,90.70191250231136,-181.40382500462272,0.0,O3,17.5
"1*385,1*448,1*449,1*1057,1*1091,1*1295,1*1364","H+O2+M -> HO2+M
NO+HO2 -> NO2+OH
NO2+O -> NO+O2
NNH+M -> H+N2+M
O3+M -> O+O2+M
OH -> OH_transport
NNH_transport -> NNH
Net:O3 + NNH_transport -> O2 + N2 + OH_transport",2.1749007379172567e-13,173.22239657650792,-173.22239657650792,0.0,O3,17.5
"1*411,1*659,1*1296","OH+O3 -> HO2+O2
HO2+hv -> OH+O
O -> O_transport
Net:O3 -> O2 + O_transport",2.015221967139731e-13,160.50460266791706,-160.50460266791706,0.0,O3,17.5
"1*449,1*658,1*1091,1*1295,1*1330,1*1341","NO2+O -> NO+O2
HNO3+hv -> OH+NO2
O3+M -> O+O2+M
OH -> OH_transport
NO -> NO_transport
HNO3_transport -> HNO3
Net:O3 + HNO3_transport -> 2O2 + OH_transport + NO_transport",1.915005793512667e-13,152.52277367280092,-152.52277367280092,0.0,O3,17.5
"1*385,1*390,1*1048,1*1091,1*1295,1*1333,1*1371","H+O2+M -> HO2+M
HO2+O -> OH+O2
HCNOH+M -> H+HNCO+M
O3+M -> O+O2+M
OH -> OH_transport
HNCO -> HNCO_transport
HCNOH_transport -> HCNOH
Net:O3 + HCNOH_transport -> O2 + OH_transport + HNCO_transport",1.668659391585936e-13,132.90223955563815,-132.90223955563815,0.0,O3,17.5
"1*11,1*911,1*1091,1*1292,1*1320,1*1371","O+OH -> O2+H
HCNOH+M -> HCN+OH+M
O3+M -> O+O2+M
H -> H_transport
HCN -> HCN_transport
HCNOH_transport -> HCNOH
Net:O3 + HCNOH_transport -> 2O2 + H_transport + HCN_transport",1.5888797891661817e-13,126.54810408263037,-126.54810408263037,0.0,O3,17.5
"1*410,1*1057,1*1295,1*1364","H+O3 -> OH+O2
NNH+M -> H+N2+M
OH -> OH_transport
NNH_transport -> NNH
Net:O3 + NNH_transport -> O2 + N2 + OH_transport",1.1148943807444027e-13,88.79700723591115,-88.79700723591115,0.0,O3,17.5
"1*390,1*412,1*1091,1*1179,1*1295,1*1301,1*1373","HO2+O -> OH+O2
CH3+O3 -> H2CO+HO2
O3+M -> O+O2+M
CH3CO+M -> CH3+CO+M
OH -> OH_transport
H2CO -> H2CO_transport
CH3CO_transport -> CH3CO
Net:2O3 + CH3CO_transport -> 2O2 + CO + OH_transport + H2CO_transport",8.395042604035374e-14,33.43162687565882,-66.86325375131764,0.0,O3,17.5
"1*449,1*462,1*467,2*911,1*1091,2*1320,2*1371","NO2+O -> NO+O2
NO+OH+M -> HNO2+M
HNO2+OH -> H2O+NO2
2(HCNOH+M -> HCN+OH+M)
O3+M -> O+O2+M
2(HCN -> HCN_transport)
2(HCNOH_transport -> HCNOH)
Net:O3 + 2HCNOH_transport -> H2O + 2O2 + 2HCN_transport",7.322076280693205e-14,58.317493720301194,-58.317493720301194,0.0,O3,17.5
"1*412,1*448,1*670,1*1179,1*1295,1*1296,1*1301,1*1373","CH3+O3 -> H2CO+HO2
NO+HO2 -> NO2+OH
NO2+hv -> NO+O
CH3CO+M -> CH3+CO+M
OH -> OH_transport
O -> O_transport
H2CO -> H2CO_transport
CH3CO_transport -> CH3CO
Net:O3 + CH3CO_transport -> CO + OH_transport + O_transport + H2CO_transport",6.507777996028052e-14,51.83192415205896,-51.83192415205896,0.0,O3,17.5
"1*401,1*405,1*411,2*1167,2*1315,2*1378","HO2+HO2 -> H2O2+O2
H2O2+OH -> HO2+H2O
OH+O3 -> HO2+O2
2(HSO3+M -> SO2+OH+M)
2(SO2 -> SO2_transport)
2(HSO3_transport -> HSO3)
Net:O3 + 2HSO3_transport -> H2O + 2O2 + 2SO2_transport",6.446960996807294e-14,51.34754037426413,-51.34754037426413,0.0,O3,17.5
"1*415,1*684,1*1296","SO+O3 -> SO2+O2
SO2+hv -> SO+O
O -> O_transport
Net:O3 -> O2 + O_transport",6.334590463927797e-14,50.45255272399527,-50.45255272399527,0.0,O3,17.5
"1*398,1*448,1*449,1*1091,1*1295,1*1301,1*1366","CH3O+O2 -> H2CO+HO2
NO+HO2 -> NO2+OH
NO2+O -> NO+O2
O3+M -> O+O2+M
OH -> OH_transport
H2CO -> H2CO_transport
CH3O_transport -> CH3O
Net:O3 + CH3O_transport -> O2 + OH_transport + H2CO_transport",6.073483602351121e-14,48.37293798405107,-48.37293798405107,0.0,O3,17.5
"1*390,1*405,1*1091,1*1335","HO2+O -> OH+O2
H2O2+OH -> HO2+H2O
O3+M -> O+O2+M
H2O2_transport -> H2O2
Net:O3 + H2O2_transport -> H2O + 2O2",4.8898303857423616e-14,38.94559983836591,-38.94559983836591,0.0,O3,17.5
"1*449,1*490,1*495,1*741,1*1091,1*1179,1*1292,1*1301,1*1373","NO2+O -> NO+O2
CH3+O2+M -> CH3O2+M
CH3O2+NO -> CH3O+NO2
CH3O+M -> H+H2CO+M
O3+M -> O+O2+M
CH3CO+M -> CH3+CO+M
H -> H_transport
H2CO -> H2CO_transport
CH3CO_transport -> CH3CO
Net:O3 + CH3CO_transport -> O2 + CO + H_transport + H2CO_transport",4.6397827492367474e-14,36.95406753076862,-36.95406753076862,0.0,O3,17.5
"1*445,1*674,2*1330,1*1334","O1D+N2O -> NO+NO
O3+hv -> O1D+O2
2(NO -> NO_transport)
N2O_transport -> N2O
Net:O3 + N2O_transport -> O2 + 2NO_transport",4.6315062219292973e-14,36.888148205323894,-36.888148205323894,0.0,O3,17.5
"1*449,1*473,1*478,1*1091","NO2+O -> NO+O2
NO2+O3 -> NO3+O2
NO3+NO -> NO2+NO2
O3+M -> O+O2+M
Net:2O3 -> 3O2",4.552370793059511e-14,18.128932625077518,-36.257865250155035,0.0,O3,17.5
"1*391,1*448,1*449,1*1091,1*1295,1*1300","HCO+O2 -> HO2+CO
NO+HO2 -> NO2+OH
NO2+O -> NO+O2
O3+M -> O+O2+M
OH -> OH_transport
HCO_transport -> HCO
Net:O3 + HCO_transport -> O2 + CO + OH_transport",3.5048204227164925e-14,27.91453341335607,-27.91453341335607,0.0,O3,17.5
"1*444,1*674,1*1334","O1D+N2O -> N2+O2
O3+hv -> O1D+O2
N2O_transport -> N2O
Net:O3 + N2O_transport -> 2O2 + N2",3.47334197551897e-14,27.663819807489,-27.663819807489,0.0,O3,17.5
"1*473,1*475,1*1091","NO2+O3 -> NO3+O2
NO3+O -> NO2+O2
O3+M -> O+O2+M
Net:2O3 -> 3O2",2.858647059646905e-14,11.384006773399317,-22.768013546798635,0.0,O3,17.5
"1*449,1*495,1*741,1*1091,1*1292,1*1301,1*1377","NO2+O -> NO+O2
CH3O2+NO -> CH3O+NO2
CH3O+M -> H+H2CO+M
O3+M -> O+O2+M
H -> H_transport
H2CO -> H2CO_transport
CH3O2_transport -> CH3O2
Net:O3 + CH3O2_transport -> 2O2 + H_transport + H2CO_transport",2.8066662081154954e-14,22.354006253436772,-22.354006253436772,0.0,O3,17.5
del,deleted_pathways,2.6103428753283302e-14,20.790367158723573,20.790367158723573,0.0,O3,17.5
"1*11,1*1091,1*1167,1*1292,1*1315,1*1378","O+OH -> O2+H
O3+M -> O+O2+M
HSO3+M -> SO2+OH+M
H -> H_transport
SO2 -> SO2_transport
HSO3_transport -> HSO3
Net:O3 + HSO3_transport -> 2O2 + H_transport + SO2_transport",2.327422445883638e-14,18.53701582298418,-18.53701582298418,0.0,O3,17.5
"1*273,1*415,1*683,1*1296","S+O2 -> SO+O
SO+O3 -> SO2+O2
SO2+hv -> S+O2
O -> O_transport
Net:O3 -> O2 + O_transport",2.0500983183850128e-14,16.32823685867135,-16.32823685867135,0.0,O3,17.5
"1*390,1*1091,1*1295,1*1332","HO2+O -> OH+O2
O3+M -> O+O2+M
OH -> OH_transport
HO2_transport -> HO2
Net:O3 + HO2_transport -> 2O2 + OH_transport",1.9540588001535807e-14,15.563319397195238,-15.563319397195238,0.0,O3,17.5
"1*411,1*472,1*477,1*658,1*1091","OH+O3 -> HO2+O2
NO2+O+M -> NO3+M
NO3+HO2 -> HNO3+O2
HNO3+hv -> OH+NO2
O3+M -> O+O2+M
Net:2O3 -> 3O2",1.9454131380537135e-14,7.747230028249449,-15.494460056498898,0.0,O3,17.5
"1*390,1*472,1*476,2*1091","HO2+O -> OH+O2
NO2+O+M -> NO3+M
NO3+OH -> NO2+HO2
2(O3+M -> O+O2+M)
Net:2O3 -> 3O2",1.823789062872026e-14,7.262885767909811,-14.525771535819622,0.0,O3,17.5
"1*273,1*415,1*675,1*1296,1*1315,1*1318","S+O2 -> SO+O
SO+O3 -> SO2+O2
OCS+hv -> CO+S
O -> O_transport
SO2 -> SO2_transport
OCS_transport -> OCS
Net:O3 + OCS_transport -> CO + O_transport + SO2_transport",1.76239408217771e-14,14.036784360072826,-14.036784360072826,0.0,O3,17.5
"2*385,1*390,1*401,1*405,2*1057,1*1091,2*1364","2(H+O2+M -> HO2+M)
HO2+O -> OH+O2
HO2+HO2 -> H2O2+O2
H2O2+OH -> HO2+H2O
2(NNH+M -> H+N2+M)
O3+M -> O+O2+M
2(NNH_transport -> NNH)
Net:O3 + 2NNH_transport -> H2O + O2 + 2N2",1.553404856896917e-14,12.37226635101305,-12.37226635101305,0.0,O3,17.5
"1*10,2*1091","O+O+M -> O2+M
2(O3+M -> O+O2+M)
Net:2O3 -> 3O2",1.4713547856735662e-14,5.859384700764807,-11.718769401529615,0.0,O3,17.5
"1*449,1*468,1*470,1*478,2*911,1*1091,2*1320,2*1371","NO2+O -> NO+O2
NO2+OH+M -> HNO3+M
HNO3+OH -> H2O+NO3
NO3+NO -> NO2+NO2
2(HCNOH+M -> HCN+OH+M)
O3+M -> O+O2+M
2(HCN -> HCN_transport)
2(HCNOH_transport -> HCNOH)
Net:O3 + 2HCNOH_transport -> H2O + 2O2 + 2HCN_transport",1.3809921257619011e-14,10.99906591170892,-10.99906591170892,0.0,O3,17.5
"1*385,1*448,1*449,1*1048,1*1091,1*1295,1*1333,1*1371","H+O2+M -> HO2+M
NO+HO2 -> NO2+OH
NO2+O -> NO+O2
HCNOH+M -> H+HNCO+M
O3+M -> O+O2+M
OH -> OH_transport
HNCO -> HNCO_transport
HCNOH_transport -> HCNOH
Net:O3 + HCNOH_transport -> O2 + OH_transport + HNCO_transport",1.3151800543228988e-14,10.474898323755209,-10.474898323755209,0.0,O3,17.5
"2*449,1*470,1*478,1*911,2*1091,1*1320,1*1330,1*1341,1*1371","2(NO2+O -> NO+O2)
HNO3+OH -> H2O+NO3
NO3+NO -> NO2+NO2
HCNOH+M -> HCN+OH+M
2(O3+M -> O+O2+M)
HCN -> HCN_transport
NO -> NO_transport
HNO3_transport -> HNO3
HCNOH_transport -> HCNOH
Net:2O3 + HNO3_transport + HCNOH_transport -> H2O + 4O2 + HCN_transport + NO_transport",8.61388038950862e-15,3.4303105858590994,-6.860621171718199,0.0,O3,17.5
"1*411,1*472,1*477,1*658,1*670,1*1330,1*1337","OH+O3 -> HO2+O2
NO2+O+M -> NO3+M
NO3+HO2 -> HNO3+O2
HNO3+hv -> OH+NO2
NO2+hv -> NO+O
NO -> NO_transport
NO2_transport -> NO2
Net:O3 + NO2_transport -> 2O2 + NO_transport",8.366686965085954e-15,6.663741210026462,-6.663741210026462,0.0,O3,17.5
"1*390,1*485,1*1091,1*1295,1*1339,1*1378","HO2+O -> OH+O2
HSO3+O2 -> HO2+SO3
O3+M -> O+O2+M
OH -> OH_transport
SO3 -> SO3_transport
HSO3_transport -> HSO3
Net:O3 + HSO3_transport -> O2 + OH_transport + SO3_transport",8.28514490444941e-15,6.598796125779649,-6.598796125779649,0.0,O3,17.5
"1*28,1*701,1*741,1*1091,2*1292,1*1295,1*1366","O+H2CO -> OH+HCO
HCO+M -> H+CO+M
CH3O+M -> H+H2CO+M
O3+M -> O+O2+M
2(H -> H_transport)
OH -> OH_transport
CH3O_transport -> CH3O
Net:O3 + CH3O_transport -> O2 + CO + 2H_transport + OH_transport",7.456257647371248e-15,5.938619619056382,-5.938619619056382,0.0,O3,17.5
"1*410,1*1048,1*1295,1*1333,1*1371","H+O3 -> OH+O2
HCNOH+M -> H+HNCO+M
OH -> OH_transport
HNCO -> HNCO_transport
HCNOH_transport -> HCNOH
Net:O3 + HCNOH_transport -> O2 + OH_transport + HNCO_transport",6.741856428978335e-15,5.369626795569163,-5.369626795569163,0.0,O3,17.5
"1*289,1*416,1*1091","O+HSO -> HS+O2
HS+O3 -> HSO+O2
O3+M -> O+O2+M
Net:2O3 -> 3O2",6.67856161147251e-15,2.6596074658813826,-5.319214931762765,0.0,O3,17.5
"1*412,1*448,1*449,1*1091,1*1179,1*1295,1*1301,1*1373","CH3+O3 -> H2CO+HO2
NO+HO2 -> NO2+OH
NO2+O -> NO+O2
O3+M -> O+O2+M
CH3CO+M -> CH3+CO+M
OH -> OH_transport
H2CO -> H2CO_transport
CH3CO_transport -> CH3CO
Net:2O3 + CH3CO_transport -> 2O2 + CO + OH_transport + H2CO_transport",6.616684413662547e-15,2.6349660734922646,-5.269932146984529,0.0,O3,17.5
"1*389,1*412,1*911,1*1179,1*1301,1*1320,1*1371,1*1373","OH+HO2 -> H2O+O2
CH3+O3 -> H2CO+HO2
HCNOH+M -> HCN+OH+M
CH3CO+M -> CH3+CO+M
H2CO -> H2CO_transport
HCN -> HCN_transport
HCNOH_transport -> HCNOH
CH3CO_transport -> CH3CO
Net:O3 + HCNOH_transport + CH3CO_transport -> H2O + O2 + CO + H2CO_transport + HCN_transport",6.5842345988298685e-15,5.244087129803821,-5.244087129803821,0.0,O3,17.5
"1*449,1*462,1*467,1*1091,2*1167,2*1315,2*1378","NO2+O -> NO+O2
NO+OH+M -> HNO2+M
HNO2+OH -> H2O+NO2
O3+M -> O+O2+M
2(HSO3+M -> SO2+OH+M)
2(SO2 -> SO2_transport)
2(HSO3_transport -> HSO3)
Net:O3 + 2HSO3_transport -> H2O + 2O2 + 2SO2_transport",6.055749452525546e-15,4.8231692368539685,-4.8231692368539685,0.0,O3,17.5
"1*447,1*456,1*684,1*1296","NO+O3 -> NO2+O2
NO2+SO -> SO2+NO
SO2+hv -> SO+O
O -> O_transport
Net:O3 -> O2 + O_transport",4.879667350935905e-15,3.8864655213401056,-3.8864655213401056,0.0,O3,17.5
"1*401,2*412,1*650,2*1179,2*1295,2*1301,2*1373","HO2+HO2 -> H2O2+O2
2(CH3+O3 -> H2CO+HO2)
H2O2+hv -> OH+OH
2(CH3CO+M -> CH3+CO+M)
2(OH -> OH_transport)
2(H2CO -> H2CO_transport)
2(CH3CO_transport -> CH3CO)
Net:2O3 + 2CH3CO_transport -> O2 + 2CO + 2OH_transport + 2H2CO_transport",4.848248660768853e-15,1.9307208774536186,-3.8614417549072373,0.0,O3,17.5
"1*390,2*398,1*401,1*405,1*1091,2*1301,2*1366","HO2+O -> OH+O2
2(CH3O+O2 -> H2CO+HO2)
HO2+HO2 -> H2O2+O2
H2O2+OH -> HO2+H2O
O3+M -> O+O2+M
2(H2CO -> H2CO_transport)
2(CH3O_transport -> CH3O)
Net:O3 + 2CH3O_transport -> H2O + O2 + 2H2CO_transport",4.33793541088722e-15,3.45499707167128,-3.45499707167128,0.0,O3,17.5
"1*68,1*336,1*674,1*911,1*1292,1*1301,1*1320,1*1371","OH+H2COH -> H2CO+H2O
O1D+CH4 -> H2COH+H
O3+hv -> O1D+O2
HCNOH+M -> HCN+OH+M
H -> H_transport
H2CO -> H2CO_transport
HCN -> HCN_transport
HCNOH_transport -> HCNOH
Net:CH4 + O3 + HCNOH_transport -> H2O + O2 + H_transport + H2CO_transport + HCN_transport",4.094673199518201e-15,3.261248168490552,-3.261248168490552,0.0,O3,17.5
"1*405,1*448,1*449,1*1091,1*1335","H2O2+OH -> HO2+H2O
NO+HO2 -> NO2+OH
NO2+O -> NO+O2
O3+M -> O+O2+M
H2O2_transport -> H2O2
Net:O3 + H2O2_transport -> H2O + 2O2",3.853996462536436e-15,3.0695584952408237,-3.0695584952408237,0.0,O3,17.5
"1*411,1*473,1*477,1*658","OH+O3 -> HO2+O2
NO2+O3 -> NO3+O2
NO3+HO2 -> HNO3+O2
HNO3+hv -> OH+NO2
Net:2O3 -> 3O2",3.4033196691115583e-15,1.3553059666622371,-2.7106119333244743,0.0,O3,17.5
"1*736,1*1091,1*1295,1*1305","CH4+O -> CH3+OH
O3+M -> O+O2+M
OH -> OH_transport
CH3 -> CH3_transport
Net:CH4 + O3 -> O2 + OH_transport + CH3_transport",3.2688901987351433e-15,2.603544081338674,-2.603544081338674,0.0,O3,17.5
"1*390,2*391,1*401,1*405,1*1091,2*1300","HO2+O -> OH+O2
2(HCO+O2 -> HO2+CO)
HO2+HO2 -> H2O2+O2
H2O2+OH -> HO2+H2O
O3+M -> O+O2+M
2(HCO_transport -> HCO)
Net:O3 + 2HCO_transport -> H2O + O2 + 2CO",2.5032889879898675e-15,1.9937724525232245,-1.9937724525232245,0.0,O3,17.5
"1*390,1*398,1*645,1*1091,1*1295,1*1366","HO2+O -> OH+O2
CH3O+O2 -> H2CO+HO2
H2CO+hv -> CO+H2
O3+M -> O+O2+M
OH -> OH_transport
CH3O_transport -> CH3O
Net:O3 + CH3O_transport -> H2 + O2 + CO + OH_transport",2.4456485134045975e-15,1.947864053241383,-1.947864053241383,0.0,O3,17.5
"1*411,1*470,1*477,2*911,2*1320,2*1371","OH+O3 -> HO2+O2
HNO3+OH -> H2O+NO3
NO3+HO2 -> HNO3+O2
2(HCNOH+M -> HCN+OH+M)
2(HCN -> HCN_transport)
2(HCNOH_transport -> HCNOH)
Net:O3 + 2HCNOH_transport -> H2O + 2O2 + 2HCN_transport",2.3309901847920527e-15,1.8565431477698917,-1.8565431477698917,0.0,O3,17.5
"1*449,1*468,1*470,1*478,1*1091,2*1167,2*1315,2*1378","NO2+O -> NO+O2
NO2+OH+M -> HNO3+M
HNO3+OH -> H2O+NO3
NO3+NO -> NO2+NO2
O3+M -> O+O2+M
2(HSO3+M -> SO2+OH+M)
2(SO2 -> SO2_transport)
2(HSO3_transport -> HSO3)
Net:O3 + 2HSO3_transport -> H2O + 2O2 + 2SO2_transport",1.8806178624441977e-15,1.4978390852408963,-1.4978390852408963,0.0,O3,17.5
"1*390,1*473,1*476,1*1091","HO2+O -> OH+O2
NO2+O3 -> NO3+O2
NO3+OH -> NO2+HO2
O3+M -> O+O2+M
Net:2O3 -> 3O2",1.6176948725483743e-15,0.6442155677888662,-1.2884311355777325,0.0,O3,17.5
"1*337,1*674,1*1296","O1D+CO -> O+CO
O3+hv -> O1D+O2
O -> O_transport
Net:O3 -> O2 + O_transport",1.5935192038143307e-15,1.269176154401161,-1.269176154401161,0.0,O3,17.5
"1*273,1*447,1*456,1*683,1*1296","S+O2 -> SO+O
NO+O3 -> NO2+O2
NO2+SO -> SO2+NO
SO2+hv -> S+O2
O -> O_transport
Net:O3 -> O2 + O_transport",1.5792335569913135e-15,1.2577981915535401,-1.2577981915535401,0.0,O3,17.5
"1*390,1*398,1*646,1*701,1*1091,2*1292,1*1295,1*1366","HO2+O -> OH+O2
CH3O+O2 -> H2CO+HO2
H2CO+hv -> HCO+H
HCO+M -> H+CO+M
O3+M -> O+O2+M
2(H -> H_transport)
OH -> OH_transport
CH3O_transport -> CH3O
Net:O3 + CH3O_transport -> O2 + CO + 2H_transport + OH_transport",1.5567603914665563e-15,1.2398991880588477,-1.2398991880588477,0.0,O3,17.5
"1*448,1*449,1*1091,1*1295,1*1332","NO+HO2 -> NO2+OH
NO2+O -> NO+O2
O3+M -> O+O2+M
OH -> OH_transport
HO2_transport -> HO2
Net:O3 + HO2_transport -> 2O2 + OH_transport",1.5401220715832185e-15,1.2266474124952496,-1.2266474124952496,0.0,O3,17.5
"1*490,1*493,1*645,1*741,1*1091,1*1179,1*1292,1*1373","CH3+O2+M -> CH3O2+M
CH3O2+O -> CH3O+O2
H2CO+hv -> CO+H2
CH3O+M -> H+H2CO+M
O3+M -> O+O2+M
CH3CO+M -> CH3+CO+M
H -> H_transport
CH3CO_transport -> CH3CO
Net:O3 + CH3CO_transport -> H2 + O2 + 2CO + H_transport",1.476292039623376e-15,1.1758092711636718,-1.1758092711636718,0.0,O3,17.5
"1*448,1*473,1*476,1*670,1*1296","NO+HO2 -> NO2+OH
NO2+O3 -> NO3+O2
NO3+OH -> NO2+HO2
NO2+hv -> NO+O
O -> O_transport
Net:O3 -> O2 + O_transport",1.437717846091674e-15,1.1450864242167982,-1.1450864242167982,0.0,O3,17.5
"1*389,1*472,1*476,2*911,1*1091,2*1320,2*1371","OH+HO2 -> H2O+O2
NO2+O+M -> NO3+M
NO3+OH -> NO2+HO2
2(HCNOH+M -> HCN+OH+M)
O3+M -> O+O2+M
2(HCN -> HCN_transport)
2(HCNOH_transport -> HCNOH)
Net:O3 + 2HCNOH_transport -> H2O + 2O2 + 2HCN_transport",1.4303983452040263e-15,1.139256726045302,-1.139256726045302,0.0,O3,17.5
"1*390,1*398,1*490,1*493,2*1091,1*1179,1*1295,1*1301,1*1373","HO2+O -> OH+O2
CH3O+O2 -> H2CO+HO2
CH3+O2+M -> CH3O2+M
CH3O2+O -> CH3O+O2
2(O3+M -> O+O2+M)
CH3CO+M -> CH3+CO+M
OH -> OH_transport
H2CO -> H2CO_transport
CH3CO_transport -> CH3CO
Net:2O3 + CH3CO_transport -> 2O2 + CO + OH_transport + H2CO_transport",1.3923513008245736e-15,0.5544768664620013,-1.1089537329240027,0.0,O3,17.5
"1*273,1*447,1*456,1*675,1*1296,1*1315,1*1318","S+O2 -> SO+O
NO+O3 -> NO2+O2
NO2+SO -> SO2+NO
OCS+hv -> CO+S
O -> O_transport
SO2 -> SO2_transport
OCS_transport -> OCS
Net:O3 + OCS_transport -> CO + O_transport + SO2_transport",1.3576089742907878e-15,1.0812828192132964,-1.0812828192132964,0.0,O3,17.5
"3*449,1*462,1*467,2*658,3*1091,2*1330,2*1341","3(NO2+O -> NO+O2)
NO+OH+M -> HNO2+M
HNO2+OH -> H2O+NO2
2(HNO3+hv -> OH+NO2)
3(O3+M -> O+O2+M)
2(NO -> NO_transport)
2(HNO3_transport -> HNO3)
Net:3O3 + 2HNO3_transport -> H2O + 6O2 + 2NO_transport",1.2995652063423167e-15,0.34501773747712144,-1.0350532124313643,0.0,O3,17.5
"1*448,1*449,1*472,1*476,2*1091","NO+HO2 -> NO2+OH
NO2+O -> NO+O2
NO2+O+M -> NO3+M
NO3+OH -> NO2+HO2
2(O3+M -> O+O2+M)
Net:2O3 -> 3O2",1.2537902658209454e-15,0.499297625090198,-0.998595250180396,0.0,O3,17.5
"2*385,1*401,1*405,1*448,1*449,2*1057,1*1091,2*1364","2(H+O2+M -> HO2+M)
HO2+HO2 -> H2O2+O2
H2O2+OH -> HO2+H2O
NO+HO2 -> NO2+OH
NO2+O -> NO+O2
2(NNH+M -> H+N2+M)
O3+M -> O+O2+M
2(NNH_transport -> NNH)
Net:O3 + 2NNH_transport -> H2O + O2 + 2N2",1.2243403862890293e-15,0.9751395649508569,-0.9751395649508569,0.0,O3,17.5
"2*449,1*470,1*478,2*1091,1*1167,1*1315,1*1330,1*1341,1*1378","2(NO2+O -> NO+O2)
HNO3+OH -> H2O+NO3
NO3+NO -> NO2+NO2
2(O3+M -> O+O2+M)
HSO3+M -> SO2+OH+M
SO2 -> SO2_transport
NO -> NO_transport
HNO3_transport -> HNO3
HSO3_transport -> HSO3
Net:2O3 + HNO3_transport + HSO3_transport -> H2O + 4O2 + SO2_transport + NO_transport",1.1863880577840429e-15,0.4724560046724279,-0.9449120093448558,0.0,O3,17.5
"1*389,1*412,1*1167,1*1179,1*1301,1*1315,1*1373,1*1378","OH+HO2 -> H2O+O2
CH3+O3 -> H2CO+HO2
HSO3+M -> SO2+OH+M
CH3CO+M -> CH3+CO+M
H2CO -> H2CO_transport
SO2 -> SO2_transport
CH3CO_transport -> CH3CO
HSO3_transport -> HSO3
Net:O3 + CH3CO_transport + HSO3_transport -> H2O + O2 + CO + H2CO_transport + SO2_transport",9.64471667319919e-16,0.7681642234545643,-0.7681642234545643,0.0,O3,17.5
"1*490,1*493,1*646,1*701,1*741,1*1091,1*1179,3*1292,1*1373","CH3+O2+M -> CH3O2+M
CH3O2+O -> CH3O+O2
H2CO+hv -> HCO+H
HCO+M -> H+CO+M
CH3O+M -> H+H2CO+M
O3+M -> O+O2+M
CH3CO+M -> CH3+CO+M
3(H -> H_transport)
CH3CO_transport -> CH3CO
Net:O3 + CH3CO_transport -> O2 + 2CO + 3H_transport",9.397233334743051e-16,0.748453136758635,-0.748453136758635,0.0,O3,17.5
"2*385,1*390,1*401,1*405,2*1048,1*1091,2*1333,2*1371","2(H+O2+M -> HO2+M)
HO2+O -> OH+O2
HO2+HO2 -> H2O2+O2
H2O2+OH -> HO2+H2O
2(HCNOH+M -> H+HNCO+M)
O3+M -> O+O2+M
2(HNCO -> HNCO_transport)
2(HCNOH_transport -> HCNOH)
Net:O3 + 2HCNOH_transport -> H2O + O2 + 2HNCO_transport",9.393564719811445e-16,0.7481609458280376,-0.7481609458280376,0.0,O3,17.5
"1*401,2*472,2*476,1*650,2*1091","HO2+HO2 -> H2O2+O2
2(NO2+O+M -> NO3+M)
2(NO3+OH -> NO2+HO2)
H2O2+hv -> OH+OH
2(O3+M -> O+O2+M)
Net:2O3 -> 3O2",9.186907818362574e-16,0.36585076313601544,-0.7317015262720309,0.0,O3,17.5
"1*493,1*645,1*741,1*1091,1*1292,1*1377","CH3O2+O -> CH3O+O2
H2CO+hv -> CO+H2
CH3O+M -> H+H2CO+M
O3+M -> O+O2+M
H -> H_transport
CH3O2_transport -> CH3O2
Net:O3 + CH3O2_transport -> H2 + 2O2 + CO + H_transport",8.930286620860508e-16,0.7112626445940514,-0.7112626445940514,0.0,O3,17.5
"1*390,1*398,1*493,2*1091,1*1295,1*1301,1*1377","HO2+O -> OH+O2
CH3O+O2 -> H2CO+HO2
CH3O2+O -> CH3O+O2
2(O3+M -> O+O2+M)
OH -> OH_transport
H2CO -> H2CO_transport
CH3O2_transport -> CH3O2
Net:2O3 + CH3O2_transport -> 3O2 + OH_transport + H2CO_transport",8.422517943308517e-16,0.33541042078676414,-0.6708208415735283,0.0,O3,17.5
"1*390,1*400,1*405,2*911,1*1091,2*1320,2*1371","HO2+O -> OH+O2
OH+OH+M -> H2O2+M
H2O2+OH -> HO2+H2O
2(HCNOH+M -> HCN+OH+M)
O3+M -> O+O2+M
2(HCN -> HCN_transport)
2(HCNOH_transport -> HCNOH)
Net:O3 + 2HCNOH_transport -> H2O + 2O2 + 2HCN_transport",8.088718284536468e-16,0.6442349952124266,-0.6442349952124266,0.0,O3,17.5
"1*468,1*470,1*475,2*911,1*1091,2*1320,2*1371","NO2+OH+M -> HNO3+M
HNO3+OH -> H2O+NO3
NO3+O -> NO2+O2
2(HCNOH+M -> HCN+OH+M)
O3+M -> O+O2+M
2(HCN -> HCN_transport)
2(HCNOH_transport -> HCNOH)
Net:O3 + 2HCNOH_transport -> H2O + 2O2 + 2HCN_transport",7.950661822500259e-16,0.6332393342151863,-0.6332393342151863,0.0,O3,17.5
"1*385,1*472,1*477,1*658,1*1057,1*1091,1*1295,1*1364","H+O2+M -> HO2+M
NO2+O+M -> NO3+M
NO3+HO2 -> HNO3+O2
HNO3+hv -> OH+NO2
NNH+M -> H+N2+M
O3+M -> O+O2+M
OH -> OH_transport
NNH_transport -> NNH
Net:O3 + NNH_transport -> O2 + N2 + OH_transport",7.616741828279946e-16,0.6066439036030069,-0.6066439036030069,0.0,O3,17.5
"1*401,1*405,2*412,1*448,1*670,2*1179,1*1296,2*1301,2*1373","HO2+HO2 -> H2O2+O2
H2O2+OH -> HO2+H2O
2(CH3+O3 -> H2CO+HO2)
NO+HO2 -> NO2+OH
NO2+hv -> NO+O
2(CH3CO+M -> CH3+CO+M)
O -> O_transport
2(H2CO -> H2CO_transport)
2(CH3CO_transport -> CH3CO)
Net:2O3 + 2CH3CO_transport -> H2O + O2 + 2CO + O_transport + 2H2CO_transport",7.326987652016107e-16,0.2917830544266883,-0.5835661088533766,0.0,O3,17.5
"1*67,1*336,1*645,1*674,1*1091,1*1292,1*1295","O+H2COH -> H2CO+OH
O1D+CH4 -> H2COH+H
H2CO+hv -> CO+H2
O3+hv -> O1D+O2
O3+M -> O+O2+M
H -> H_transport
OH -> OH_transport
Net:CH4 + 2O3 -> H2 + 2O2 + CO + H_transport + OH_transport",7.228622282103779e-16,0.287865844592858,-0.575731689185716,0.0,O3,17.5
"1*390,1*401,1*405,2*412,1*1091,2*1179,2*1301,2*1373","HO2+O -> OH+O2
HO2+HO2 -> H2O2+O2
H2O2+OH -> HO2+H2O
2(CH3+O3 -> H2CO+HO2)
O3+M -> O+O2+M
2(CH3CO+M -> CH3+CO+M)
2(H2CO -> H2CO_transport)
2(CH3CO_transport -> CH3CO)
Net:3O3 + 2CH3CO_transport -> H2O + 3O2 + 2CO + 2H2CO_transport",7.088868143872436e-16,0.18820027162440575,-0.5646008148732172,0.0,O3,17.5
"1*27,1*390,1*398,1*701,1*1091,1*1292,1*1366","H2CO+OH -> HCO+H2O
HO2+O -> OH+O2
CH3O+O2 -> H2CO+HO2
HCO+M -> H+CO+M
O3+M -> O+O2+M
H -> H_transport
CH3O_transport -> CH3O
Net:O3 + CH3O_transport -> H2O + O2 + CO + H_transport",6.767857594385452e-16,0.5390335713944518,-0.5390335713944518,0.0,O3,17.5
"1*448,1*449,1*485,1*1091,1*1295,1*1339,1*1378","NO+HO2 -> NO2+OH
NO2+O -> NO+O2
HSO3+O2 -> HO2+SO3
O3+M -> O+O2+M
OH -> OH_transport
SO3 -> SO3_transport
HSO3_transport -> HSO3
Net:O3 + HSO3_transport -> O2 + OH_transport + SO3_transport",6.530066819179074e-16,0.5200944597159668,-0.5200944597159668,0.0,O3,17.5
"1*68,1*336,1*674,1*1167,1*1292,1*1301,1*1315,1*1378","OH+H2COH -> H2CO+H2O
O1D+CH4 -> H2COH+H
O3+hv -> O1D+O2
HSO3+M -> SO2+OH+M
H -> H_transport
H2CO -> H2CO_transport
SO2 -> SO2_transport
HSO3_transport -> HSO3
Net:CH4 + O3 + HSO3_transport -> H2O + O2 + H_transport + H2CO_transport + SO2_transport",5.997958044464797e-16,0.4777140624921084,-0.4777140624921084,0.0,O3,17.5
"1*293,1*415,1*1091,1*1315,1*1318","O+OCS -> CO+SO
SO+O3 -> SO2+O2
O3+M -> O+O2+M
SO2 -> SO2_transport
OCS_transport -> OCS
Net:2O3 + OCS_transport -> 2O2 + CO + SO2_transport",5.9538474695096e-16,0.23710041326002507,-0.47420082652005013,0.0,O3,17.5
"1*493,1*646,1*701,1*741,1*1091,3*1292,1*1377","CH3O2+O -> CH3O+O2
H2CO+hv -> HCO+H
HCO+M -> H+CO+M
CH3O+M -> H+H2CO+M
O3+M -> O+O2+M
3(H -> H_transport)
CH3O2_transport -> CH3O2
Net:O3 + CH3O2_transport -> 2O2 + CO + 3H_transport",5.68451125319144e-16,0.45274924297782443,-0.45274924297782443,0.0,O3,17.5
"1*5,1*1091,1*1292,1*1295","H2+O -> OH+H
O3+M -> O+O2+M
H -> H_transport
OH -> OH_transport
Net:H2 + O3 -> O2 + H_transport + OH_transport",5.495878247042041e-16,0.4377253566785715,-0.4377253566785715,0.0,O3,17.5
"1*69,1*1091,1*1295,1*1301,1*1366","O+CH3O -> H2CO+OH
O3+M -> O+O2+M
OH -> OH_transport
H2CO -> H2CO_transport
CH3O_transport -> CH3O
Net:O3 + CH3O_transport -> O2 + OH_transport + H2CO_transport",5.075435752419365e-16,0.40423874495812606,-0.40423874495812606,0.0,O3,17.5
"1*14,1*1091","CO+O+M -> CO2+M
O3+M -> O+O2+M
Net:CO + O3 -> O2 + CO2",4.825907011093432e-16,0.3843647498678536,-0.3843647498678536,0.0,O3,17.5
"1*67,1*336,1*646,1*674,1*701,1*1091,3*1292,1*1295","O+H2COH -> H2CO+OH
O1D+CH4 -> H2COH+H
H2CO+hv -> HCO+H
O3+hv -> O1D+O2
HCO+M -> H+CO+M
O3+M -> O+O2+M
3(H -> H_transport)
OH -> OH_transport
Net:CH4 + 2O3 -> 2O2 + CO + 3H_transport + OH_transport",4.601328764936086e-16,0.18323898240568248,-0.36647796481136496,0.0,O3,17.5
"1*27,1*490,1*493,1*701,1*741,1*911,1*1091,1*1179,2*1292,1*1320,1*1371,1*1373","H2CO+OH -> HCO+H2O
CH3+O2+M -> CH3O2+M
CH3O2+O -> CH3O+O2
HCO+M -> H+CO+M
CH3O+M -> H+H2CO+M
HCNOH+M -> HCN+OH+M
O3+M -> O+O2+M
CH3CO+M -> CH3+CO+M
2(H -> H_transport)
HCN -> HCN_transport
HCNOH_transport -> HCNOH
CH3CO_transport -> CH3CO
Net:O3 + HCNOH_transport + CH3CO_transport -> H2O + O2 + 2CO + 2H_transport + HCN_transport",4.085351691845071e-16,0.3253823949671296,-0.3253823949671296,0.0,O3,17.5
"2*398,1*401,1*405,1*448,1*449,1*1091,2*1301,2*1366","2(CH3O+O2 -> H2CO+HO2)
HO2+HO2 -> H2O2+O2
H2O2+OH -> HO2+H2O
NO+HO2 -> NO2+OH
NO2+O -> NO+O2
O3+M -> O+O2+M
2(H2CO -> H2CO_transport)
2(CH3O_transport -> CH3O)
Net:O3 + 2CH3O_transport -> H2O + O2 + 2H2CO_transport",3.4190117876108594e-16,0.27231100962356447,-0.27231100962356447,0.0,O3,17.5
"1*424,1*426,1*1091,1*1295,1*1301,1*1366","CH3O+NO -> HNO+H2CO
O+HNO -> OH+NO
O3+M -> O+O2+M
OH -> OH_transport
H2CO -> H2CO_transport
CH3O_transport -> CH3O
Net:O3 + CH3O_transport -> O2 + OH_transport + H2CO_transport",2.9449536051310555e-16,0.23455411660577413,-0.23455411660577413,0.0,O3,17.5
"1*412,1*659,1*1179,1*1295,1*1296,1*1301,1*1373","CH3+O3 -> H2CO+HO2
HO2+hv -> OH+O
CH3CO+M -> CH3+CO+M
OH -> OH_transport
O -> O_transport
H2CO -> H2CO_transport
CH3CO_transport -> CH3CO
Net:O3 + CH3CO_transport -> CO + OH_transport + O_transport + H2CO_transport",2.777041385621826e-16,0.2211805604839793,-0.2211805604839793,0.0,O3,17.5
"1*27,1*493,1*701,1*741,1*911,1*1091,2*1292,1*1320,1*1371,1*1377","H2CO+OH -> HCO+H2O
CH3O2+O -> CH3O+O2
HCO+M -> H+CO+M
CH3O+M -> H+H2CO+M
HCNOH+M -> HCN+OH+M
O3+M -> O+O2+M
2(H -> H_transport)
HCN -> HCN_transport
HCNOH_transport -> HCNOH
CH3O2_transport -> CH3O2
Net:O3 + HCNOH_transport + CH3O2_transport -> H2O + 2O2 + CO + 2H_transport + HCN_transport",2.471283497843782e-16,0.19682813226980544,-0.19682813226980544,0.0,O3,17.5
"1*411,1*470,1*477,2*1167,2*1315,2*1378","OH+O3 -> HO2+O2
HNO3+OH -> H2O+NO3
NO3+HO2 -> HNO3+O2
2(HSO3+M -> SO2+OH+M)
2(SO2 -> SO2_transport)
2(HSO3_transport -> HSO3)
Net:O3 + 2HSO3_transport -> H2O + 2O2 + 2SO2_transport",2.462451859543749e-16,0.19612472658082047,-0.19612472658082047,0.0,O3,17.5
"1*398,1*472,1*477,1*658,1*1091,1*1295,1*1301,1*1366","CH3O+O2 -> H2CO+HO2
NO2+O+M -> NO3+M
NO3+HO2 -> HNO3+O2
HNO3+hv -> OH+NO2
O3+M -> O+O2+M
OH -> OH_transport
H2CO -> H2CO_transport
CH3O_transport -> CH3O
Net:O3 + CH3O_transport -> O2 + OH_transport + H2CO_transport",2.1270008231134315e-16,0.16940735440310054,-0.16940735440310054,0.0,O3,17.5
"1*416,1*662,1*1296","HS+O3 -> HSO+O2
HSO+hv -> HS+O
O -> O_transport
Net:O3 -> O2 + O_transport",2.071755934428045e-16,0.16500731358751408,-0.16500731358751408,0.0,O3,17.5
"1*412,1*448,1*645,1*670,1*1179,1*1295,1*1296,1*1373","CH3+O3 -> H2CO+HO2
NO+HO2 -> NO2+OH
H2CO+hv -> CO+H2
NO2+hv -> NO+O
CH3CO+M -> CH3+CO+M
OH -> OH_transport
O -> O_transport
CH3CO_transport -> CH3CO
Net:O3 + CH3CO_transport -> H2 + 2CO + OH_transport + O_transport",2.0654107036626078e-16,0.16450194060158527,-0.16450194060158527,0.0,O3,17.5
"2*391,1*401,1*405,1*448,1*449,1*1091,2*1300","2(HCO+O2 -> HO2+CO)
HO2+HO2 -> H2O2+O2
H2O2+OH -> HO2+H2O
NO+HO2 -> NO2+OH
NO2+O -> NO+O2
O3+M -> O+O2+M
2(HCO_transport -> HCO)
Net:O3 + 2HCO_transport -> H2O + O2 + 2CO",1.9730064528515702e-16,0.1571423009176736,-0.1571423009176736,0.0,O3,17.5
"1*398,1*448,1*449,1*645,1*1091,1*1295,1*1366","CH3O+O2 -> H2CO+HO2
NO+HO2 -> NO2+OH
NO2+O -> NO+O2
H2CO+hv -> CO+H2
O3+M -> O+O2+M
OH -> OH_transport
CH3O_transport -> CH3O
Net:O3 + CH3O_transport -> H2 + O2 + CO + OH_transport",1.9275762093408183e-16,0.15352395847068775,-0.15352395847068775,0.0,O3,17.5
"1*389,1*472,1*476,1*1091,2*1167,2*1315,2*1378","OH+HO2 -> H2O+O2
NO2+O+M -> NO3+M
NO3+OH -> NO2+HO2
O3+M -> O+O2+M
2(HSO3+M -> SO2+OH+M)
2(SO2 -> SO2_transport)
2(HSO3_transport -> HSO3)
Net:O3 + 2HSO3_transport -> H2O + 2O2 + 2SO2_transport",1.8275696898115408e-16,0.14555882761017497,-0.14555882761017497,0.0,O3,17.5
"1*449,1*462,1*911,1*1091,1*1320,1*1337,1*1340,1*1371","NO2+O -> NO+O2
NO+OH+M -> HNO2+M
HCNOH+M -> HCN+OH+M
O3+M -> O+O2+M
HCN -> HCN_transport
NO2_transport -> NO2
HNO2 -> HNO2_transport
HCNOH_transport -> HCNOH
Net:O3 + NO2_transport + HCNOH_transport -> 2O2 + HCN_transport + HNO2_transport",1.795129010781882e-16,0.14297505352333176,-0.14297505352333176,0.0,O3,17.5
"1*424,1*426,1*447,1*670,1*1295,1*1301,1*1366","CH3O+NO -> HNO+H2CO
O+HNO -> OH+NO
NO+O3 -> NO2+O2
NO2+hv -> NO+O
OH -> OH_transport
H2CO -> H2CO_transport
CH3O_transport -> CH3O
Net:O3 + CH3O_transport -> O2 + OH_transport + H2CO_transport",1.7168176256957338e-16,0.13673785585846782,-0.13673785585846782,0.0,O3,17.5
"1*479,1*1091,1*1167,1*1295,1*1339,1*1378","SO2+O+M -> SO3+M
O3+M -> O+O2+M
HSO3+M -> SO2+OH+M
OH -> OH_transport
SO3 -> SO3_transport
HSO3_transport -> HSO3
Net:O3 + HSO3_transport -> O2 + OH_transport + SO3_transport",1.6748713511424314e-16,0.13339699800739302,-0.13339699800739302,0.0,O3,17.5
err,err_pathways,0.0,0.0,0.0,0.0,O3,17.5
"1*1091,1*1296","O3+M -> O+O2+M
O -> O_transport
Net:O3 -> O2 + O_transport",0.9999974449289997,354411432114280.94,-354411432114280.94,0.0,O3,18.5
"1*673,1*1296","O3+hv -> O+O2
O -> O_transport
Net:O3 -> O2 + O_transport",1.9722981841712433e-06,699006810.0205555,-699006810.0205555,0.0,O3,18.5
"1*340,1*674,1*1296","O1D+N2 -> O+N2
O3+hv -> O1D+O2
O -> O_transport
Net:O3 -> O2 + O_transport",4.3223539339688044e-07,153189556.1944606,-153189556.1944606,0.0,O3,18.5
"1*674,1*1379","O3+hv -> O1D+O2
O1D -> O1D_transport
Net:O3 -> O2 + O1D_transport",1.447047645909798e-07,51285153.889658496,-51285153.889658496,0.0,O3,18.5
"1*447,1*670,1*1296","NO+O3 -> NO2+O2
NO2+hv -> NO+O
O -> O_transport
Net:O3 -> O2 + O_transport",3.059247963085717e-09,1084235.2220878792,-1084235.2220878792,0.0,O3,18.5
"1*339,1*674,1*1296","O1D+O2 -> O+O2
O3+hv -> O1D+O2
O -> O_transport
Net:O3 -> O2 + O_transport",1.3321601689353441e-09,472133.9996138684,-472133.9996138684,0.0,O3,18.5
"1*341,1*674,1*1296","O1D+CO2 -> CO2+O
O3+hv -> O1D+O2
O -> O_transport
Net:O3 -> O2 + O_transport",5.307693180339557e-10,188111.19476419306,-188111.19476419306,0.0,O3,18.5
"1*447,1*449,1*1091","NO+O3 -> NO2+O2
NO2+O -> NO+O2
O3+M -> O+O2+M
Net:2O3 -> 3O2",4.162055825269697e-10,73754.19672588015,-147508.3934517603,0.0,O3,18.5
"1*390,1*411,1*1091","HO2+O -> OH+O2
OH+O3 -> HO2+O2
O3+M -> O+O2+M
Net:2O3 -> 3O2",1.5701021888416877e-10,27823.179355856195,-55646.35871171239,0.0,O3,18.5
"1*411,1*448,1*670,1*1296","OH+O3 -> HO2+O2
NO+HO2 -> NO2+OH
NO2+hv -> NO+O
O -> O_transport
Net:O3 -> O2 + O_transport",1.0793191268731501e-10,38252.40148394657,-38252.40148394657,0.0,O3,18.5
"1*409,1*1091","O+O3 -> O2+O2
O3+M -> O+O2+M
Net:2O3 -> 3O2",8.761799418188977e-11,15526.449069671902,-31052.898139343804,0.0,O3,18.5
"1*449,1*1091,1*1330,1*1337","NO2+O -> NO+O2
O3+M -> O+O2+M
NO -> NO_transport
NO2_transport -> NO2
Net:O3 + NO2_transport -> 2O2 + NO_transport",6.593792181789653e-11,23369.21301211867,-23369.21301211867,0.0,O3,18.5
"1*338,1*674,2*1295","O1D+H2O -> OH+OH
O3+hv -> O1D+O2
2(OH -> OH_transport)
Net:H2O + O3 -> O2 + 2OH_transport",1.610836058337338e-11,5709.001730271355,-5709.001730271355,0.0,O3,18.5
"1*411,1*448,1*449,1*1091","OH+O3 -> HO2+O2
NO+HO2 -> NO2+OH
NO2+O -> NO+O2
O3+M -> O+O2+M
Net:2O3 -> 3O2",1.4681731634433415e-11,2601.6934147499405,-5203.386829499881,0.0,O3,18.5
"1*389,1*411,2*911,2*1320,2*1371","OH+HO2 -> H2O+O2
OH+O3 -> HO2+O2
2(HCNOH+M -> HCN+OH+M)
2(HCN -> HCN_transport)
2(HCNOH_transport -> HCNOH)
Net:O3 + 2HCNOH_transport -> H2O + 2O2 + 2HCN_transport",1.1069881663587445e-11,3923.3026380444408,-3923.3026380444408,0.0,O3,18.5
"1*385,1*390,1*1057,1*1091,1*1295,1*1364","H+O2+M -> HO2+M
HO2+O -> OH+O2
NNH+M -> H+N2+M
O3+M -> O+O2+M
OH -> OH_transport
NNH_transport -> NNH
Net:O3 + NNH_transport -> O2 + N2 + OH_transport",5.987550790954413e-12,2122.061872697901,-2122.061872697901,0.0,O3,18.5
"1*401,2*411,1*650","HO2+HO2 -> H2O2+O2
2(OH+O3 -> HO2+O2)
H2O2+hv -> OH+OH
Net:2O3 -> 3O2",5.6998438654745385e-12,1010.0474943383767,-2020.0949886767535,0.0,O3,18.5
"1*413,1*674","O1D+O3 -> O2+O2
O3+hv -> O1D+O2
Net:2O3 -> 3O2",3.0929116713030945e-12,548.0830278058021,-1096.1660556116042,0.0,O3,18.5
"1*390,1*398,1*1091,1*1295,1*1301,1*1366","HO2+O -> OH+O2
CH3O+O2 -> H2CO+HO2
O3+M -> O+O2+M
OH -> OH_transport
H2CO -> H2CO_transport
CH3O_transport -> CH3O
Net:O3 + CH3O_transport -> O2 + OH_transport + H2CO_transport",1.6773832054804263e-12,594.4853030109189,-594.4853030109189,0.0,O3,18.5
"1*449,1*472,1*478,2*1091","NO2+O -> NO+O2
NO2+O+M -> NO3+M
NO3+NO -> NO2+NO2
2(O3+M -> O+O2+M)
Net:2O3 -> 3O2",1.6252033383520834e-12,287.99605716150995,-575.9921143230199,0.0,O3,18.5
"1*490,1*493,1*741,1*1091,1*1179,1*1292,1*1301,1*1373","CH3+O2+M -> CH3O2+M
CH3O2+O -> CH3O+O2
CH3O+M -> H+H2CO+M
O3+M -> O+O2+M
CH3CO+M -> CH3+CO+M
H -> H_transport
H2CO -> H2CO_transport
CH3CO_transport -> CH3CO
Net:O3 + CH3CO_transport -> O2 + CO + H_transport + H2CO_transport",1.3206010085043966e-12,468.037290544115,-468.037290544115,0.0,O3,18.5
"1*335,1*674,1*1295,1*1305","O1D+CH4 -> CH3+OH
O3+hv -> O1D+O2
OH -> OH_transport
CH3 -> CH3_transport
Net:CH4 + O3 -> O2 + OH_transport + CH3_transport",1.1149144489247047e-12,395.13943613762325,-395.13943613762325,0.0,O3,18.5
"1*446,1*449,2*1091","NO+O+M -> NO2+M
NO2+O -> NO+O2
2(O3+M -> O+O2+M)
Net:2O3 -> 3O2",1.0554268326597598e-12,187.0281454975833,-374.0562909951666,0.0,O3,18.5
"1*389,1*411,2*1167,2*1315,2*1378","OH+HO2 -> H2O+O2
OH+O3 -> HO2+O2
2(HSO3+M -> SO2+OH+M)
2(SO2 -> SO2_transport)
2(HSO3_transport -> HSO3)
Net:O3 + 2HSO3_transport -> H2O + 2O2 + 2SO2_transport",1.0316198034944688e-12,365.61878613588544,-365.61878613588544,0.0,O3,18.5
"1*390,1*391,1*1091,1*1295,1*1300","HO2+O -> OH+O2
HCO+O2 -> HO2+CO
O3+M -> O+O2+M
OH -> OH_transport
HCO_transport -> HCO
Net:O3 + HCO_transport -> O2 + CO + OH_transport",1.0262792049573381e-12,363.7260121238215,-363.7260121238215,0.0,O3,18.5
"1*334,1*674,1*1292,1*1295","O1D+H2 -> OH+H
O3+hv -> O1D+O2
H -> H_transport
OH -> OH_transport
Net:H2 + O3 -> O2 + H_transport + OH_transport",1.0070923834007016e-12,356.9259658436117,-356.9259658436117,0.0,O3,18.5
"1*473,1*478,1*670,1*1296","NO2+O3 -> NO3+O2
NO3+NO -> NO2+NO2
NO2+hv -> NO+O
O -> O_transport
Net:O3 -> O2 + O_transport",9.148494094220896e-13,324.2339178028676,-324.2339178028676,0.0,O3,18.5
"1*472,1*475,2*1091","NO2+O+M -> NO3+M
NO3+O -> NO2+O2
2(O3+M -> O+O2+M)
Net:2O3 -> 3O2",8.575675611434186e-13,151.9662620243842,-303.9325240487684,0.0,O3,18.5
"1*401,1*405,1*411,2*911,2*1320,2*1371","HO2+HO2 -> H2O2+O2
H2O2+OH -> HO2+H2O
OH+O3 -> HO2+O2
2(HCNOH+M -> HCN+OH+M)
2(HCN -> HCN_transport)
2(HCNOH_transport -> HCNOH)
Net:O3 + 2HCNOH_transport -> H2O + 2O2 + 2HCN_transport",8.102653042203289e-13,287.1680205959219,-287.1680205959219,0.0,O3,18.5
"1*385,1*390,1*1048,1*1091,1*1295,1*1333,1*1371","H+O2+M -> HO2+M
HO2+O -> OH+O2
HCNOH+M -> H+HNCO+M
O3+M -> O+O2+M
OH -> OH_transport
HNCO -> HNCO_transport
HCNOH_transport -> HCNOH
Net:O3 + HCNOH_transport -> O2 + OH_transport + HNCO_transport",7.835492794951344e-13,277.69953182000415,-277.69953182000415,0.0,O3,18.5
"1*449,1*658,1*1091,1*1295,1*1330,1*1341","NO2+O -> NO+O2
HNO3+hv -> OH+NO2
O3+M -> O+O2+M
OH -> OH_transport
NO -> NO_transport
HNO3_transport -> HNO3
Net:O3 + HNO3_transport -> 2O2 + OH_transport + NO_transport",6.270657356253492e-13,222.23983323132808,-222.23983323132808,0.0,O3,18.5
"1*11,1*911,1*1091,1*1292,1*1320,1*1371","O+OH -> O2+H
HCNOH+M -> HCN+OH+M
O3+M -> O+O2+M
H -> H_transport
HCN -> HCN_transport
HCNOH_transport -> HCNOH
Net:O3 + HCNOH_transport -> 2O2 + H_transport + HCN_transport",5.647812513120684e-13,200.16544354572582,-200.16544354572582,0.0,O3,18.5
"1*385,1*448,1*449,1*1057,1*1091,1*1295,1*1364","H+O2+M -> HO2+M
NO+HO2 -> NO2+OH
NO2+O -> NO+O2
NNH+M -> H+N2+M
O3+M -> O+O2+M
OH -> OH_transport
NNH_transport -> NNH
Net:O3 + NNH_transport -> O2 + N2 + OH_transport",5.599422074338163e-13,198.45042669278087,-198.45042669278087,0.0,O3,18.5
"1*67,1*336,1*674,1*1091,1*1292,1*1295,1*1301","O+H2COH -> H2CO+OH
O1D+CH4 -> H2COH+H
O3+hv -> O1D+O2
O3+M -> O+O2+M
H -> H_transport
OH -> OH_transport
H2CO -> H2CO_transport
Net:CH4 + 2O3 -> 2O2 + H_transport + OH_transport + H2CO_transport",5.325828307353326e-13,94.37696302003475,-188.7539260400695,0.0,O3,18.5
"1*411,1*659,1*1296","OH+O3 -> HO2+O2
HO2+hv -> OH+O
O -> O_transport
Net:O3 -> O2 + O_transport",4.992034448465061e-13,176.92385985745625,-176.92385985745625,0.0,O3,18.5
"1*410,1*1057,1*1295,1*1364","H+O3 -> OH+O2
NNH+M -> H+N2+M
OH -> OH_transport
NNH_transport -> NNH
Net:O3 + NNH_transport -> O2 + N2 + OH_transport",2.829282904948823e-13,100.27327682527826,-100.27327682527826,0.0,O3,18.5
"1*449,1*462,1*467,2*911,1*1091,2*1320,2*1371","NO2+O -> NO+O2
NO+OH+M -> HNO2+M
HNO2+OH -> H2O+NO2
2(HCNOH+M -> HCN+OH+M)
O3+M -> O+O2+M
2(HCN -> HCN_transport)
2(HCNOH_transport -> HCNOH)
Net:O3 + 2HCNOH_transport -> H2O + 2O2 + 2HCN_transport",2.77674174301578e-13,98.41115322285644,-98.41115322285644,0.0,O3,18.5
"1*493,1*741,1*1091,1*1292,1*1301,1*1377","CH3O2+O -> CH3O+O2
CH3O+M -> H+H2CO+M
O3+M -> O+O2+M
H -> H_transport
H2CO -> H2CO_transport
CH3O2_transport -> CH3O2
Net:O3 + CH3O2_transport -> 2O2 + H_transport + H2CO_transport",2.7002659224786703e-13,95.70075578973137,-95.70075578973137,0.0,O3,18.5
"1*390,1*412,1*1091,1*1179,1*1295,1*1301,1*1373","HO2+O -> OH+O2
CH3+O3 -> H2CO+HO2
O3+M -> O+O2+M
CH3CO+M -> CH3+CO+M
OH -> OH_transport
H2CO -> H2CO_transport
CH3CO_transport -> CH3CO
Net:2O3 + CH3CO_transport -> 2O2 + CO + OH_transport + H2CO_transport",2.3325761241477777e-13,41.33468784680186,-82.66937569360373,0.0,O3,18.5
"1*412,1*448,1*670,1*1179,1*1295,1*1296,1*1301,1*1373","CH3+O3 -> H2CO+HO2
NO+HO2 -> NO2+OH
NO2+hv -> NO+O
CH3CO+M -> CH3+CO+M
OH -> OH_transport
O -> O_transport
H2CO -> H2CO_transport
CH3CO_transport -> CH3CO
Net:O3 + CH3CO_transport -> CO + OH_transport + O_transport + H2CO_transport",1.6033775544858335e-13,56.825678724165556,-56.825678724165556,0.0,O3,18.5
"1*449,1*490,1*495,1*741,1*1091,1*1179,1*1292,1*1301,1*1373","NO2+O -> NO+O2
CH3+O2+M -> CH3O2+M
CH3O2+NO -> CH3O+NO2
CH3O+M -> H+H2CO+M
O3+M -> O+O2+M
CH3CO+M -> CH3+CO+M
H -> H_transport
H2CO -> H2CO_transport
CH3CO_transport -> CH3CO
Net:O3 + CH3CO_transport -> O2 + CO + H_transport + H2CO_transport",1.5777770395304962e-13,55.918364889095876,-55.918364889095876,0.0,O3,18.5
"1*398,1*448,1*449,1*1091,1*1295,1*1301,1*1366","CH3O+O2 -> H2CO+HO2
NO+HO2 -> NO2+OH
NO2+O -> NO+O2
O3+M -> O+O2+M
OH -> OH_transport
H2CO -> H2CO_transport
CH3O_transport -> CH3O
Net:O3 + CH3O_transport -> O2 + OH_transport + H2CO_transport",1.5686508350092955e-13,55.594920941260966,-55.594920941260966,0.0,O3,18.5
"1*449,1*473,1*478,1*1091","NO2+O -> NO+O2
NO2+O3 -> NO3+O2
NO3+NO -> NO2+NO2
O3+M -> O+O2+M
Net:2O3 -> 3O2",1.2446396526773994e-13,22.055782442671024,-44.11156488534205,0.0,O3,18.5
"1*391,1*448,1*449,1*1091,1*1295,1*1300","HCO+O2 -> HO2+CO
NO+HO2 -> NO2+OH
NO2+O -> NO+O2
O3+M -> O+O2+M
OH -> OH_transport
HCO_transport -> HCO
Net:O3 + HCO_transport -> O2 + CO + OH_transport",9.597531002749689e-14,34.014833984773176,-34.014833984773176,0.0,O3,18.5
"1*415,1*684,1*1296","SO+O3 -> SO2+O2
SO2+hv -> SO+O
O -> O_transport
Net:O3 -> O2 + O_transport",9.239128550890314e-14,32.74461147689698,-32.74461147689698,0.0,O3,18.5
"1*390,1*405,1*1091,1*1335","HO2+O -> OH+O2
H2O2+OH -> HO2+H2O
O3+M -> O+O2+M
H2O2_transport -> H2O2
Net:O3 + H2O2_transport -> H2O + 2O2",9.004647186068326e-14,31.91358059044734,-31.91358059044734,0.0,O3,18.5
"1*445,1*674,2*1330,1*1334","O1D+N2O -> NO+NO
O3+hv -> O1D+O2
2(NO -> NO_transport)
N2O_transport -> N2O
Net:O3 + N2O_transport -> O2 + 2NO_transport",8.79998604373534e-14,31.18823625161727,-31.18823625161727,0.0,O3,18.5
"1*401,1*405,1*411,2*1167,2*1315,2*1378","HO2+HO2 -> H2O2+O2
H2O2+OH -> HO2+H2O
OH+O3 -> HO2+O2
2(HSO3+M -> SO2+OH+M)
2(SO2 -> SO2_transport)
2(HSO3_transport -> HSO3)
Net:O3 + 2HSO3_transport -> H2O + 2O2 + 2SO2_transport",7.513805537214261e-14,26.629853851890523,-26.629853851890523,0.0,O3,18.5
"1*385,1*448,1*449,1*1048,1*1091,1*1295,1*1333,1*1371","H+O2+M -> HO2+M
NO+HO2 -> NO2+OH
NO2+O -> NO+O2
HCNOH+M -> H+HNCO+M
O3+M -> O+O2+M
OH -> OH_transport
HNCO -> HNCO_transport
HCNOH_transport -> HCNOH
Net:O3 + HCNOH_transport -> O2 + OH_transport + HNCO_transport",7.327575640051425e-14,25.969832119928373,-25.969832119928373,0.0,O3,18.5
"1*444,1*674,1*1334","O1D+N2O -> N2+O2
O3+hv -> O1D+O2
N2O_transport -> N2O
Net:O3 + N2O_transport -> 2O2 + N2",6.595154885223539e-14,23.374042601214114,-23.374042601214114,0.0,O3,18.5
"1*473,1*475,1*1091","NO2+O3 -> NO3+O2
NO3+O -> NO2+O2
O3+M -> O+O2+M
Net:2O3 -> 3O2",6.567563370447102e-14,11.63812743434916,-23.27625486869832,0.0,O3,18.5
del,deleted_pathways,5.635982791354569e-14,19.97461836112227,19.97461836112227,0.0,O3,18.5
"1*11,1*1091,1*1167,1*1292,1*1315,1*1378","O+OH -> O2+H
O3+M -> O+O2+M
HSO3+M -> SO2+OH+M
H -> H_transport
SO2 -> SO2_transport
HSO3_transport -> HSO3
Net:O3 + HSO3_transport -> 2O2 + H_transport + SO2_transport",5.264316285228709e-14,18.657386408451337,-18.657386408451337,0.0,O3,18.5
"1*10,2*1091","O+O+M -> O2+M
2(O3+M -> O+O2+M)
Net:2O3 -> 3O2",5.207197718186945e-14,9.227475579879515,-18.45495115975903,0.0,O3,18.5
"1*390,1*472,1*476,2*1091","HO2+O -> OH+O2
NO2+O+M -> NO3+M
NO3+OH -> NO2+HO2
2(O3+M -> O+O2+M)
Net:2O3 -> 3O2",5.186937145813967e-14,9.191572595794032,-18.383145191588063,0.0,O3,18.5
"1*390,1*1091,1*1295,1*1332","HO2+O -> OH+O2
O3+M -> O+O2+M
OH -> OH_transport
HO2_transport -> HO2
Net:O3 + HO2_transport -> 2O2 + OH_transport",5.181142472429777e-14,18.36260815418722,-18.36260815418722,0.0,O3,18.5
"1*449,1*468,1*470,1*478,2*911,1*1091,2*1320,2*1371","NO2+O -> NO+O2
NO2+OH+M -> HNO3+M
HNO3+OH -> H2O+NO3
NO3+NO -> NO2+NO2
2(HCNOH+M -> HCN+OH+M)
O3+M -> O+O2+M
2(HCN -> HCN_transport)
2(HCNOH_transport -> HCNOH)
Net:O3 + 2HCNOH_transport -> H2O + 2O2 + 2HCN_transport",4.4105509508138045e-14,15.631536728595426,-15.631536728595426,0.0,O3,18.5
"1*411,1*472,1*477,1*658,1*1091","OH+O3 -> HO2+O2
NO2+O+M -> NO3+M
NO3+HO2 -> HNO3+O2
HNO3+hv -> OH+NO2
O3+M -> O+O2+M
Net:2O3 -> 3O2",3.858808379701646e-14,6.838046492217533,-13.676092984435066,0.0,O3,18.5
"1*410,1*1048,1*1295,1*1333,1*1371","H+O3 -> OH+O2
HCNOH+M -> H+HNCO+M
OH -> OH_transport
HNCO -> HNCO_transport
HCNOH_transport -> HCNOH
Net:O3 + HCNOH_transport -> O2 + OH_transport + HNCO_transport",3.7024864741183785e-14,13.122068864578111,-13.122068864578111,0.0,O3,18.5
"1*449,1*495,1*741,1*1091,1*1292,1*1301,1*1377","NO2+O -> NO+O2
CH3O2+NO -> CH3O+NO2
CH3O+M -> H+H2CO+M
O3+M -> O+O2+M
H -> H_transport
H2CO -> H2CO_transport
CH3O2_transport -> CH3O2
Net:O3 + CH3O2_transport -> 2O2 + H_transport + H2CO_transport",3.2261201874580403e-14,11.433767972186935,-11.433767972186935,0.0,O3,18.5
"1*273,1*415,1*683,1*1296","S+O2 -> SO+O
SO+O3 -> SO2+O2
SO2+hv -> S+O2
O -> O_transport
Net:O3 -> O2 + O_transport",2.8789843155324023e-14,10.203475613628559,-10.203475613628559,0.0,O3,18.5
"2*449,1*470,1*478,1*911,2*1091,1*1320,1*1330,1*1341,1*1371","2(NO2+O -> NO+O2)
HNO3+OH -> H2O+NO3
NO3+NO -> NO2+NO2
HCNOH+M -> HCN+OH+M
2(O3+M -> O+O2+M)
HCN -> HCN_transport
NO -> NO_transport
HNO3_transport -> HNO3
HCNOH_transport -> HCNOH
Net:2O3 + HNO3_transport + HCNOH_transport -> H2O + 4O2 + HCN_transport + NO_transport",2.769418592918278e-14,4.907580587417259,-9.815161174834518,0.0,O3,18.5
"2*385,1*390,1*401,1*405,2*1057,1*1091,2*1364","2(H+O2+M -> HO2+M)
HO2+O -> OH+O2
HO2+HO2 -> H2O2+O2
H2O2+OH -> HO2+H2O
2(NNH+M -> H+N2+M)
O3+M -> O+O2+M
2(NNH_transport -> NNH)
Net:O3 + 2NNH_transport -> H2O + O2 + 2N2",2.4916219111335255e-14,8.830615460971023,-8.830615460971023,0.0,O3,18.5
"1*273,1*415,1*675,1*1296,1*1315,1*1318","S+O2 -> SO+O
SO+O3 -> SO2+O2
OCS+hv -> CO+S
O -> O_transport
SO2 -> SO2_transport
OCS_transport -> OCS
Net:O3 + OCS_transport -> CO + O_transport + SO2_transport",2.2002185121103006e-14,7.797845862463468,-7.797845862463468,0.0,O3,18.5
"1*412,1*448,1*449,1*1091,1*1179,1*1295,1*1301,1*1373","CH3+O3 -> H2CO+HO2
NO+HO2 -> NO2+OH
NO2+O -> NO+O2
O3+M -> O+O2+M
CH3CO+M -> CH3+CO+M
OH -> OH_transport
H2CO -> H2CO_transport
CH3CO_transport -> CH3CO
Net:2O3 + CH3CO_transport -> 2O2 + CO + OH_transport + H2CO_transport",2.1813724335097112e-14,3.8655265173686595,-7.731053034737319,0.0,O3,18.5
"1*28,1*701,1*741,1*1091,2*1292,1*1295,1*1366","O+H2CO -> OH+HCO
HCO+M -> H+CO+M
CH3O+M -> H+H2CO+M
O3+M -> O+O2+M
2(H -> H_transport)
OH -> OH_transport
CH3O_transport -> CH3O
Net:O3 + CH3O_transport -> O2 + CO + 2H_transport + OH_transport",1.8476977334951453e-14,6.548468730225804,-6.548468730225804,0.0,O3,18.5
"1*389,1*412,1*911,1*1179,1*1301,1*1320,1*1371,1*1373","OH+HO2 -> H2O+O2
CH3+O3 -> H2CO+HO2
HCNOH+M -> HCN+OH+M
CH3CO+M -> CH3+CO+M
H2CO -> H2CO_transport
HCN -> HCN_transport
HCNOH_transport -> HCNOH
CH3CO_transport -> CH3CO
Net:O3 + HCNOH_transport + CH3CO_transport -> H2O + O2 + CO + H2CO_transport + HCN_transport",1.6447200250071016e-14,5.829090688638606,-5.829090688638606,0.0,O3,18.5
"1*411,1*472,1*477,1*658,1*670,1*1330,1*1337","OH+O3 -> HO2+O2
NO2+O+M -> NO3+M
NO3+HO2 -> HNO3+O2
HNO3+hv -> OH+NO2
NO2+hv -> NO+O
NO -> NO_transport
NO2_transport -> NO2
Net:O3 + NO2_transport -> 2O2 + NO_transport",1.600754911447832e-14,5.673272901917019,-5.673272901917019,0.0,O3,18.5
"1*449,1*462,1*467,1*1091,2*1167,2*1315,2*1378","NO2+O -> NO+O2
NO+OH+M -> HNO2+M
HNO2+OH -> H2O+NO2
O3+M -> O+O2+M
2(HSO3+M -> SO2+OH+M)
2(SO2 -> SO2_transport)
2(HSO3_transport -> HSO3)
Net:O3 + 2HSO3_transport -> H2O + 2O2 + 2SO2_transport",1.415467944046934e-14,5.016593029366677,-5.016593029366677,0.0,O3,18.5
"1*390,1*485,1*1091,1*1295,1*1339,1*1378","HO2+O -> OH+O2
HSO3+O2 -> HO2+SO3
O3+M -> O+O2+M
OH -> OH_transport
SO3 -> SO3_transport
HSO3_transport -> HSO3
Net:O3 + HSO3_transport -> O2 + OH_transport + SO3_transport",1.1617796475860636e-14,4.117490407502348,-4.117490407502348,0.0,O3,18.5
"1*390,1*398,1*645,1*1091,1*1295,1*1366","HO2+O -> OH+O2
CH3O+O2 -> H2CO+HO2
H2CO+hv -> CO+H2
O3+M -> O+O2+M
OH -> OH_transport
CH3O_transport -> CH3O
Net:O3 + CH3O_transport -> H2 + O2 + CO + OH_transport",9.320681880594208e-15,3.303364653914253,-3.303364653914253,0.0,O3,18.5
"1*289,1*416,1*1091","O+HSO -> HS+O2
HS+O3 -> HSO+O2
O3+M -> O+O2+M
Net:2O3 -> 3O2",9.233083345524665e-15,1.6361593261622025,-3.272318652324405,0.0,O3,18.5
"1*68,1*336,1*674,1*911,1*1292,1*1301,1*1320,1*1371","OH+H2COH -> H2CO+H2O
O1D+CH4 -> H2COH+H
O3+hv -> O1D+O2
HCNOH+M -> HCN+OH+M
H -> H_transport
H2CO -> H2CO_transport
HCN -> HCN_transport
HCNOH_transport -> HCNOH
Net:CH4 + O3 + HCNOH_transport -> H2O + O2 + H_transport + H2CO_transport + HCN_transport",8.604737133765383e-15,3.049625002553128,-3.049625002553128,0.0,O3,18.5
"1*401,2*412,1*650,2*1179,2*1295,2*1301,2*1373","HO2+HO2 -> H2O2+O2
2(CH3+O3 -> H2CO+HO2)
H2O2+hv -> OH+OH
2(CH3CO+M -> CH3+CO+M)
2(OH -> OH_transport)
2(H2CO -> H2CO_transport)
2(CH3CO_transport -> CH3CO)
Net:2O3 + 2CH3CO_transport -> O2 + 2CO + 2OH_transport + 2H2CO_transport",8.50551212246846e-15,1.5072292171723756,-3.014458434344751,0.0,O3,18.5
"1*405,1*448,1*449,1*1091,1*1335","H2O2+OH -> HO2+H2O
NO+HO2 -> NO2+OH
NO2+O -> NO+O2
O3+M -> O+O2+M
H2O2_transport -> H2O2
Net:O3 + H2O2_transport -> H2O + 2O2",8.420942382897255e-15,2.9844858752477728,-2.9844858752477728,0.0,O3,18.5
"1*447,1*456,1*684,1*1296","NO+O3 -> NO2+O2
NO2+SO -> SO2+NO
SO2+hv -> SO+O
O -> O_transport
Net:O3 -> O2 + O_transport",8.333457703101664e-15,2.9534802253717207,-2.9534802253717207,0.0,O3,18.5
"1*390,1*398,1*490,1*493,2*1091,1*1179,1*1295,1*1301,1*1373","HO2+O -> OH+O2
CH3O+O2 -> H2CO+HO2
CH3+O2+M -> CH3O2+M
CH3O2+O -> CH3O+O2
2(O3+M -> O+O2+M)
CH3CO+M -> CH3+CO+M
OH -> OH_transport
H2CO -> H2CO_transport
CH3CO_transport -> CH3CO
Net:2O3 + CH3CO_transport -> 2O2 + CO + OH_transport + H2CO_transport",7.608245171776039e-15,1.3482279784210642,-2.6964559568421285,0.0,O3,18.5
"1*490,1*493,1*645,1*741,1*1091,1*1179,1*1292,1*1373","CH3+O2+M -> CH3O2+M
CH3O2+O -> CH3O+O2
H2CO+hv -> CO+H2
CH3O+M -> H+H2CO+M
O3+M -> O+O2+M
CH3CO+M -> CH3+CO+M
H -> H_transport
CH3CO_transport -> CH3CO
Net:O3 + CH3CO_transport -> H2 + O2 + 2CO + H_transport",7.338157346064475e-15,2.6007334991573847,-2.6007334991573847,0.0,O3,18.5
"1*736,1*1091,1*1295,1*1305","CH4+O -> CH3+OH
O3+M -> O+O2+M
OH -> OH_transport
CH3 -> CH3_transport
Net:CH4 + O3 -> O2 + OH_transport + CH3_transport",7.122567000977374e-15,2.5243256209775,-2.5243256209775,0.0,O3,18.5
"1*390,2*398,1*401,1*405,1*1091,2*1301,2*1366","HO2+O -> OH+O2
2(CH3O+O2 -> H2CO+HO2)
HO2+HO2 -> H2O2+O2
H2O2+OH -> HO2+H2O
O3+M -> O+O2+M
2(H2CO -> H2CO_transport)
2(CH3O_transport -> CH3O)
Net:O3 + 2CH3O_transport -> H2O + O2 + 2H2CO_transport",6.9801574868581996e-15,2.4738539321730757,-2.4738539321730757,0.0,O3,18.5
"1*390,1*398,1*646,1*701,1*1091,2*1292,1*1295,1*1366","HO2+O -> OH+O2
CH3O+O2 -> H2CO+HO2
H2CO+hv -> HCO+H
HCO+M -> H+CO+M
O3+M -> O+O2+M
2(H -> H_transport)
OH -> OH_transport
CH3O_transport -> CH3O
Net:O3 + CH3O_transport -> O2 + CO + 2H_transport + OH_transport",6.021942627324438e-15,2.134250763822324,-2.134250763822324,0.0,O3,18.5
"1*448,1*449,1*1091,1*1295,1*1332","NO+HO2 -> NO2+OH
NO2+O -> NO+O2
O3+M -> O+O2+M
OH -> OH_transport
HO2_transport -> HO2
Net:O3 + HO2_transport -> 2O2 + OH_transport",4.8452872540543246e-15,1.7172295823579717,-1.7172295823579717,0.0,O3,18.5
"3*449,1*462,1*467,2*658,3*1091,2*1330,2*1341","3(NO2+O -> NO+O2)
NO+OH+M -> HNO2+M
HNO2+OH -> H2O+NO2
2(HNO3+hv -> OH+NO2)
3(O3+M -> O+O2+M)
2(NO -> NO_transport)
2(HNO3_transport -> HNO3)
Net:3O3 + 2HNO3_transport -> H2O + 6O2 + 2NO_transport",4.8255023156742225e-15,0.5700725186987207,-1.710217556096162,0.0,O3,18.5
"1*490,1*493,1*646,1*701,1*741,1*1091,1*1179,3*1292,1*1373","CH3+O2+M -> CH3O2+M
CH3O2+O -> CH3O+O2
H2CO+hv -> HCO+H
HCO+M -> H+CO+M
CH3O+M -> H+H2CO+M
O3+M -> O+O2+M
CH3CO+M -> CH3+CO+M
3(H -> H_transport)
CH3CO_transport -> CH3CO
Net:O3 + CH3CO_transport -> O2 + 2CO + 3H_transport",4.741065417143326e-15,1.6802920775028163,-1.6802920775028163,0.0,O3,18.5
"1*411,1*473,1*477,1*658","OH+O3 -> HO2+O2
NO2+O3 -> NO3+O2
NO3+HO2 -> HNO3+O2
HNO3+hv -> OH+NO2
Net:2O3 -> 3O2",4.485565827289214e-15,0.7948699352953457,-1.5897398705906913,0.0,O3,18.5
"1*448,1*449,1*472,1*476,2*1091","NO+HO2 -> NO2+OH
NO2+O -> NO+O2
NO2+O+M -> NO3+M
NO3+OH -> NO2+HO2
2(O3+M -> O+O2+M)
Net:2O3 -> 3O2",4.437122847562056e-15,0.7862855404511147,-1.5725710809022293,0.0,O3,18.5
"1*390,2*391,1*401,1*405,1*1091,2*1300","HO2+O -> OH+O2
2(HCO+O2 -> HO2+CO)
HO2+HO2 -> H2O2+O2
H2O2+OH -> HO2+H2O
O3+M -> O+O2+M
2(HCO_transport -> HCO)
Net:O3 + 2HCO_transport -> H2O + O2 + 2CO",4.2706940505214434e-15,1.5135866618886302,-1.5135866618886302,0.0,O3,18.5
"1*449,1*468,1*470,1*478,1*1091,2*1167,2*1315,2*1378","NO2+O -> NO+O2
NO2+OH+M -> HNO3+M
HNO3+OH -> H2O+NO3
NO3+NO -> NO2+NO2
O3+M -> O+O2+M
2(HSO3+M -> SO2+OH+M)
2(SO2 -> SO2_transport)
2(HSO3_transport -> HSO3)
Net:O3 + 2HSO3_transport -> H2O + 2O2 + 2SO2_transport",3.925699713658822e-15,1.3913164124806634,-1.3913164124806634,0.0,O3,18.5
"1*411,1*470,1*477,2*911,2*1320,2*1371","OH+O3 -> HO2+O2
HNO3+OH -> H2O+NO3
NO3+HO2 -> HNO3+O2
2(HCNOH+M -> HCN+OH+M)
2(HCN -> HCN_transport)
2(HCNOH_transport -> HCNOH)
Net:O3 + 2HCNOH_transport -> H2O + 2O2 + 2HCN_transport",3.7837750084401035e-15,1.34101654593197,-1.34101654593197,0.0,O3,18.5
"1*390,1*473,1*476,1*1091","HO2+O -> OH+O2
NO2+O3 -> NO3+O2
NO3+OH -> NO2+HO2
O3+M -> O+O2+M
Net:2O3 -> 3O2",3.633652447849828e-15,0.6439056291486099,-1.2878112582972199,0.0,O3,18.5
"1*337,1*674,1*1296","O1D+CO -> O+CO
O3+hv -> O1D+O2
O -> O_transport
Net:O3 -> O2 + O_transport",3.5114665318861326e-15,1.244507062191036,-1.244507062191036,0.0,O3,18.5
"1*389,1*472,1*476,2*911,1*1091,2*1320,2*1371","OH+HO2 -> H2O+O2
NO2+O+M -> NO3+M
NO3+OH -> NO2+HO2
2(HCNOH+M -> HCN+OH+M)
O3+M -> O+O2+M
2(HCN -> HCN_transport)
2(HCNOH_transport -> HCNOH)
Net:O3 + 2HCNOH_transport -> H2O + 2O2 + 2HCN_transport",3.3455198611179114e-15,1.1856935146766838,-1.1856935146766838,0.0,O3,18.5
"2*385,1*390,1*401,1*405,2*1048,1*1091,2*1333,2*1371","2(H+O2+M -> HO2+M)
HO2+O -> OH+O2
HO2+HO2 -> H2O2+O2
H2O2+OH -> HO2+H2O
2(HCNOH+M -> H+HNCO+M)
O3+M -> O+O2+M
2(HNCO -> HNCO_transport)
2(HCNOH_transport -> HCNOH)
Net:O3 + 2HCNOH_transport -> H2O + O2 + 2HNCO_transport",3.2606129307368543e-15,1.1556014509965467,-1.1556014509965467,0.0,O3,18.5
"1*27,1*390,1*398,1*701,1*1091,1*1292,1*1366","H2CO+OH -> HCO+H2O
HO2+O -> OH+O2
CH3O+O2 -> H2CO+HO2
HCO+M -> H+CO+M
O3+M -> O+O2+M
H -> H_transport
CH3O_transport -> CH3O
Net:O3 + CH3O_transport -> H2O + O2 + CO + H_transport",3.0658852591162777e-15,1.0865875616898315,-1.0865875616898315,0.0,O3,18.5
"1*67,1*336,1*645,1*674,1*1091,1*1292,1*1295","O+H2COH -> H2CO+OH
O1D+CH4 -> H2COH+H
H2CO+hv -> CO+H2
O3+hv -> O1D+O2
O3+M -> O+O2+M
H -> H_transport
OH -> OH_transport
Net:CH4 + 2O3 -> H2 + 2O2 + CO + H_transport + OH_transport",2.959392417982757e-15,0.5244225924596647,-1.0488451849193294,0.0,O3,18.5
"1*468,1*470,1*475,2*911,1*1091,2*1320,2*1371","NO2+OH+M -> HNO3+M
HNO3+OH -> H2O+NO3
NO3+O -> NO2+O2
2(HCNOH+M -> HCN+OH+M)
O3+M -> O+O2+M
2(HCN -> HCN_transport)
2(HCNOH_transport -> HCNOH)
Net:O3 + 2HCNOH_transport -> H2O + 2O2 + 2HCN_transport",2.619287264893284e-15,0.928307722561668,-0.928307722561668,0.0,O3,18.5
"1*273,1*447,1*456,1*683,1*1296","S+O2 -> SO+O
NO+O3 -> NO2+O2
NO2+SO -> SO2+NO
SO2+hv -> S+O2
O -> O_transport
Net:O3 -> O2 + O_transport",2.5967702353346334e-15,0.9203274094785605,-0.9203274094785605,0.0,O3,18.5
"2*449,1*470,1*478,2*1091,1*1167,1*1315,1*1330,1*1341,1*1378","2(NO2+O -> NO+O2)
HNO3+OH -> H2O+NO3
NO3+NO -> NO2+NO2
2(O3+M -> O+O2+M)
HSO3+M -> SO2+OH+M
SO2 -> SO2_transport
NO -> NO_transport
HNO3_transport -> HNO3
HSO3_transport -> HSO3
Net:2O3 + HNO3_transport + HSO3_transport -> H2O + 4O2 + SO2_transport + NO_transport",2.5767250459707526e-15,0.4566115735286053,-0.9132231470572106,0.0,O3,18.5
"1*390,1*400,1*405,2*911,1*1091,2*1320,2*1371","HO2+O -> OH+O2
OH+OH+M -> H2O2+M
H2O2+OH -> HO2+H2O
2(HCNOH+M -> HCN+OH+M)
O3+M -> O+O2+M
2(HCN -> HCN_transport)
2(HCNOH_transport -> HCNOH)
Net:O3 + 2HCNOH_transport -> H2O + 2O2 + 2HCN_transport",2.4990504803929976e-15,0.8856943226938431,-0.8856943226938431,0.0,O3,18.5
"1*448,1*473,1*476,1*670,1*1296","NO+HO2 -> NO2+OH
NO2+O3 -> NO3+O2
NO3+OH -> NO2+HO2
NO2+hv -> NO+O
O -> O_transport
Net:O3 -> O2 + O_transport",2.497717744501706e-15,0.8852219846511231,-0.8852219846511231,0.0,O3,18.5
"1*27,1*490,1*493,1*701,1*741,1*911,1*1091,1*1179,2*1292,1*1320,1*1371,1*1373","H2CO+OH -> HCO+H2O
CH3+O2+M -> CH3O2+M
CH3O2+O -> CH3O+O2
HCO+M -> H+CO+M
CH3O+M -> H+H2CO+M
HCNOH+M -> HCN+OH+M
O3+M -> O+O2+M
CH3CO+M -> CH3+CO+M
2(H -> H_transport)
HCN -> HCN_transport
HCNOH_transport -> HCNOH
CH3CO_transport -> CH3CO
Net:O3 + HCNOH_transport + CH3CO_transport -> H2O + O2 + 2CO + 2H_transport + HCN_transport",2.4137663665161615e-15,0.8554685805292389,-0.8554685805292389,0.0,O3,18.5
"2*385,1*401,1*405,1*448,1*449,2*1057,1*1091,2*1364","2(H+O2+M -> HO2+M)
HO2+HO2 -> H2O2+O2
H2O2+OH -> HO2+H2O
NO+HO2 -> NO2+OH
NO2+O -> NO+O2
2(NNH+M -> H+N2+M)
O3+M -> O+O2+M
2(NNH_transport -> NNH)
Net:O3 + 2NNH_transport -> H2O + O2 + 2N2",2.3301084562293654e-15,0.8258191849804968,-0.8258191849804968,0.0,O3,18.5
"1*273,1*447,1*456,1*675,1*1296,1*1315,1*1318","S+O2 -> SO+O
NO+O3 -> NO2+O2
NO2+SO -> SO2+NO
OCS+hv -> CO+S
O -> O_transport
SO2 -> SO2_transport
OCS_transport -> OCS
Net:O3 + OCS_transport -> CO + O_transport + SO2_transport",1.9845408370777136e-15,0.703345757256334,-0.703345757256334,0.0,O3,18.5
"1*67,1*336,1*646,1*674,1*701,1*1091,3*1292,1*1295","O+H2COH -> H2CO+OH
O1D+CH4 -> H2COH+H
H2CO+hv -> HCO+H
O3+hv -> O1D+O2
HCO+M -> H+CO+M
O3+M -> O+O2+M
3(H -> H_transport)
OH -> OH_transport
Net:CH4 + 2O3 -> 2O2 + CO + 3H_transport + OH_transport",1.912015835443895e-15,0.33882100094414086,-0.6776420018882817,0.0,O3,18.5
"1*401,2*472,2*476,1*650,2*1091","HO2+HO2 -> H2O2+O2
2(NO2+O+M -> NO3+M)
2(NO3+OH -> NO2+HO2)
H2O2+hv -> OH+OH
2(O3+M -> O+O2+M)
Net:2O3 -> 3O2",1.73010356182503e-15,0.30658502387271724,-0.6131700477454345,0.0,O3,18.5
"1*69,1*1091,1*1295,1*1301,1*1366","O+CH3O -> H2CO+OH
O3+M -> O+O2+M
OH -> OH_transport
H2CO -> H2CO_transport
CH3O_transport -> CH3O
Net:O3 + CH3O_transport -> O2 + OH_transport + H2CO_transport",1.65542578771192e-15,0.5867033232505402,-0.5867033232505402,0.0,O3,18.5
"1*390,1*398,1*493,2*1091,1*1295,1*1301,1*1377","HO2+O -> OH+O2
CH3O+O2 -> H2CO+HO2
CH3O2+O -> CH3O+O2
2(O3+M -> O+O2+M)
OH -> OH_transport
H2CO -> H2CO_transport
CH3O2_transport -> CH3O2
Net:2O3 + CH3O2_transport -> 3O2 + OH_transport + H2CO_transport",1.5556769254989794e-15,0.2756755479072154,-0.5513510958144308,0.0,O3,18.5
"1*389,1*412,1*1167,1*1179,1*1301,1*1315,1*1373,1*1378","OH+HO2 -> H2O+O2
CH3+O3 -> H2CO+HO2
HSO3+M -> SO2+OH+M
CH3CO+M -> CH3+CO+M
H2CO -> H2CO_transport
SO2 -> SO2_transport
CH3CO_transport -> CH3CO
HSO3_transport -> HSO3
Net:O3 + CH3CO_transport + HSO3_transport -> H2O + O2 + CO + H2CO_transport + SO2_transport",1.533040693573328e-15,0.5433285359417795,-0.5433285359417795,0.0,O3,18.5
"1*493,1*645,1*741,1*1091,1*1292,1*1377","CH3O2+O -> CH3O+O2
H2CO+hv -> CO+H2
CH3O+M -> H+H2CO+M
O3+M -> O+O2+M
H -> H_transport
CH3O2_transport -> CH3O2
Net:O3 + CH3O2_transport -> H2 + 2O2 + CO + H_transport",1.5004513920374198e-15,0.531778485401635,-0.531778485401635,0.0,O3,18.5
"1*390,1*401,1*405,2*412,1*1091,2*1179,2*1301,2*1373","HO2+O -> OH+O2
HO2+HO2 -> H2O2+O2
H2O2+OH -> HO2+H2O
2(CH3+O3 -> H2CO+HO2)
O3+M -> O+O2+M
2(CH3CO+M -> CH3+CO+M)
2(H2CO -> H2CO_transport)
2(CH3CO_transport -> CH3CO)
Net:3O3 + 2CH3CO_transport -> H2O + 3O2 + 2CO + 2H2CO_transport",1.4559954436863583e-15,0.17200758294117038,-0.5160227488235112,0.0,O3,18.5
"1*401,1*405,2*412,1*448,1*670,2*1179,1*1296,2*1301,2*1373","HO2+HO2 -> H2O2+O2
H2O2+OH -> HO2+H2O
2(CH3+O3 -> H2CO+HO2)
NO+HO2 -> NO2+OH
NO2+hv -> NO+O
2(CH3CO+M -> CH3+CO+M)
O -> O_transport
2(H2CO -> H2CO_transport)
2(CH3CO_transport -> CH3CO)
Net:2O3 + 2CH3CO_transport -> H2O + O2 + 2CO + O_transport + 2H2CO_transport",1.3344390005382442e-15,0.23647082282469623,-0.47294164564939245,0.0,O3,18.5
"1*390,1*412,1*645,1*1091,1*1179,1*1295,1*1373","HO2+O -> OH+O2
CH3+O3 -> H2CO+HO2
H2CO+hv -> CO+H2
O3+M -> O+O2+M
CH3CO+M -> CH3+CO+M
OH -> OH_transport
CH3CO_transport -> CH3CO
Net:2O3 + CH3CO_transport -> H2 + 2O2 + 2CO + OH_transport",1.2961379334440085e-15,0.22968363746276912,-0.45936727492553825,0.0,O3,18.5
"1*385,1*472,1*477,1*658,1*1057,1*1091,1*1295,1*1364","H+O2+M -> HO2+M
NO2+O+M -> NO3+M
NO3+HO2 -> HNO3+O2
HNO3+hv -> OH+NO2
NNH+M -> H+N2+M
O3+M -> O+O2+M
OH -> OH_transport
NNH_transport -> NNH
Net:O3 + NNH_transport -> O2 + N2 + OH_transport",1.2263254230785314e-15,0.4346248599287894,-0.4346248599287894,0.0,O3,18.5
"1*5,1*1091,1*1292,1*1295","H2+O -> OH+H
O3+M -> O+O2+M
H -> H_transport
OH -> OH_transport
Net:H2 + O3 -> O2 + H_transport + OH_transport",1.218139045388938e-15,0.43172350667482867,-0.43172350667482867,0.0,O3,18.5
"1*449,1*470,1*475,1*911,2*1091,1*1320,1*1330,1*1341,1*1371","NO2+O -> NO+O2
HNO3+OH -> H2O+NO3
NO3+O -> NO2+O2
HCNOH+M -> HCN+OH+M
2(O3+M -> O+O2+M)
HCN -> HCN_transport
NO -> NO_transport
HNO3_transport -> HNO3
HCNOH_transport -> HCNOH
Net:2O3 + HNO3_transport + HCNOH_transport -> H2O + 4O2 + HCN_transport + NO_transport",1.1431393150354092e-15,0.20257133845807115,-0.4051426769161423,0.0,O3,18.5
"1*448,1*449,1*485,1*1091,1*1295,1*1339,1*1378","NO+HO2 -> NO2+OH
NO2+O -> NO+O2
HSO3+O2 -> HO2+SO3
O3+M -> O+O2+M
OH -> OH_transport
SO3 -> SO3_transport
HSO3_transport -> HSO3
Net:O3 + HSO3_transport -> O2 + OH_transport + SO3_transport",1.086470049496361e-15,0.3850583900428049,-0.3850583900428049,0.0,O3,18.5
"1*398,1*448,2*449,1*490,1*495,2*1091,1*1179,1*1295,1*1301,1*1373","CH3O+O2 -> H2CO+HO2
NO+HO2 -> NO2+OH
2(NO2+O -> NO+O2)
CH3+O2+M -> CH3O2+M
CH3O2+NO -> CH3O+NO2
2(O3+M -> O+O2+M)
CH3CO+M -> CH3+CO+M
OH -> OH_transport
H2CO -> H2CO_transport
CH3CO_transport -> CH3CO
Net:2O3 + CH3CO_transport -> 2O2 + CO + OH_transport + H2CO_transport",9.99720188903092e-16,0.17715658457900393,-0.35431316915800787,0.0,O3,18.5
"1*27,1*67,1*336,1*674,1*701,1*1091,2*1292","H2CO+OH -> HCO+H2O
O+H2COH -> H2CO+OH
O1D+CH4 -> H2COH+H
O3+hv -> O1D+O2
HCO+M -> H+CO+M
O3+M -> O+O2+M
2(H -> H_transport)
Net:CH4 + 2O3 -> H2O + 2O2 + CO + 2H_transport",9.73443542700911e-16,0.1725002007757751,-0.3450004015515502,0.0,O3,18.5
"1*14,1*1091","CO+O+M -> CO2+M
O3+M -> O+O2+M
Net:CO + O3 -> O2 + CO2",9.711413461432324e-16,0.3441844746877837,-0.3441844746877837,0.0,O3,18.5
"1*493,1*646,1*701,1*741,1*1091,3*1292,1*1377","CH3O2+O -> CH3O+O2
H2CO+hv -> HCO+H
HCO+M -> H+CO+M
CH3O+M -> H+H2CO+M
O3+M -> O+O2+M
3(H -> H_transport)
CH3O2_transport -> CH3O2
Net:O3 + CH3O2_transport -> 2O2 + CO + 3H_transport",9.694175076129078e-16,0.34357352504449784,-0.34357352504449784,0.0,O3,18.5
"1*449,1*462,1*911,1*1091,1*1320,1*1337,1*1340,1*1371","NO2+O -> NO+O2
NO+OH+M -> HNO2+M
HCNOH+M -> HCN+OH+M
O3+M -> O+O2+M
HCN -> HCN_transport
NO2_transport -> NO2
HNO2 -> HNO2_transport
HCNOH_transport -> HCNOH
Net:O3 + NO2_transport + HCNOH_transport -> 2O2 + HCN_transport + HNO2_transport",9.427748490532524e-16,0.3341310381428141,-0.3341310381428141,0.0,O3,18.5
"1*390,1*398,1*449,1*490,1*495,2*1091,1*1179,1*1295,1*1301,1*1373","HO2+O -> OH+O2
CH3O+O2 -> H2CO+HO2
NO2+O -> NO+O2
CH3+O2+M -> CH3O2+M
CH3O2+NO -> CH3O+NO2
2(O3+M -> O+O2+M)
CH3CO+M -> CH3+CO+M
OH -> OH_transport
H2CO -> H2CO_transport
CH3CO_transport -> CH3CO
Net:2O3 + CH3CO_transport -> 2O2 + CO + OH_transport + H2CO_transport",9.08988745718274e-16,0.16107841313967092,-0.32215682627934183,0.0,O3,18.5
"1*412,1*448,1*645,1*670,1*1179,1*1295,1*1296,1*1373","CH3+O3 -> H2CO+HO2
NO+HO2 -> NO2+OH
H2CO+hv -> CO+H2
NO2+hv -> NO+O
CH3CO+M -> CH3+CO+M
OH -> OH_transport
O -> O_transport
CH3CO_transport -> CH3CO
Net:O3 + CH3CO_transport -> H2 + 2CO + OH_transport + O_transport",8.909456152309112e-16,0.31576211822455763,-0.31576211822455763,0.0,O3,18.5
"1*449,1*490,1*495,1*645,1*741,1*1091,1*1179,1*1292,1*1373","NO2+O -> NO+O2
CH3+O2+M -> CH3O2+M
CH3O2+NO -> CH3O+NO2
H2CO+hv -> CO+H2
CH3O+M -> H+H2CO+M
O3+M -> O+O2+M
CH3CO+M -> CH3+CO+M
H -> H_transport
CH3CO_transport -> CH3CO
Net:O3 + CH3CO_transport -> H2 + O2 + 2CO + H_transport",8.767202280266944e-16,0.3107204654913503,-0.3107204654913503,0.0,O3,18.5
"1*398,1*448,1*449,1*645,1*1091,1*1295,1*1366","CH3O+O2 -> H2CO+HO2
NO+HO2 -> NO2+OH
NO2+O -> NO+O2
H2CO+hv -> CO+H2
O3+M -> O+O2+M
OH -> OH_transport
CH3O_transport -> CH3O
Net:O3 + CH3O_transport -> H2 + O2 + CO + OH_transport",8.716490881201164e-16,0.308923190942444,-0.308923190942444,0.0,O3,18.5
"1*424,1*426,1*1091,1*1295,1*1301,1*1366","CH3O+NO -> HNO+H2CO
O+HNO -> OH+NO
O3+M -> O+O2+M
OH -> OH_transport
H2CO -> H2CO_transport
CH3O_transport -> CH3O
Net:O3 + CH3O_transport -> O2 + OH_transport + H2CO_transport",8.431561129816122e-16,0.29882492901663393,-0.29882492901663393,0.0,O3,18.5
"1*390,1*412,1*646,1*701,1*1091,1*1179,2*1292,1*1295,1*1373","HO2+O -> OH+O2
CH3+O3 -> H2CO+HO2
H2CO+hv -> HCO+H
HCO+M -> H+CO+M
O3+M -> O+O2+M
CH3CO+M -> CH3+CO+M
2(H -> H_transport)
OH -> OH_transport
CH3CO_transport -> CH3CO
Net:2O3 + CH3CO_transport -> 2O2 + 2CO + 2H_transport + OH_transport",8.374138686729947e-16,0.14839490339389247,-0.29678980678778494,0.0,O3,18.5
"1*447,1*449,1*673","NO+O3 -> NO2+O2
NO2+O -> NO+O2
O3+hv -> O+O2
Net:2O3 -> 3O2",8.208516561044865e-16,0.1454599771572545,-0.290919954314509,0.0,O3,18.5
"1*68,1*336,1*674,1*1167,1*1292,1*1301,1*1315,1*1378","OH+H2COH -> H2CO+H2O
O1D+CH4 -> H2COH+H
O3+hv -> O1D+O2
HSO3+M -> SO2+OH+M
H -> H_transport
H2CO -> H2CO_transport
SO2 -> SO2_transport
HSO3_transport -> HSO3
Net:CH4 + O3 + HSO3_transport -> H2O + O2 + H_transport + H2CO_transport + SO2_transport",8.020460615177892e-16,0.28425501957589555,-0.28425501957589555,0.0,O3,18.5
"1*412,1*659,1*1179,1*1295,1*1296,1*1301,1*1373","CH3+O3 -> H2CO+HO2
HO2+hv -> OH+O
CH3CO+M -> CH3+CO+M
OH -> OH_transport
O -> O_transport
H2CO -> H2CO_transport
CH3CO_transport -> CH3CO
Net:O3 + CH3CO_transport -> CO + OH_transport + O_transport + H2CO_transport",7.423445176094455e-16,0.2630960558372512,-0.2630960558372512,0.0,O3,18.5
"1*398,1*448,1*449,1*490,1*493,2*1091,1*1179,1*1295,1*1301,1*1373","CH3O+O2 -> H2CO+HO2
NO+HO2 -> NO2+OH
NO2+O -> NO+O2
CH3+O2+M -> CH3O2+M
CH3O2+O -> CH3O+O2
2(O3+M -> O+O2+M)
CH3CO+M -> CH3+CO+M
OH -> OH_transport
H2CO -> H2CO_transport
CH3CO_transport -> CH3CO
Net:2O3 + CH3CO_transport -> 2O2 + CO + OH_transport + H2CO_transport",7.115058802704336e-16,0.12608323114379577,-0.25216646228759154,0.0,O3,18.5
"1*293,1*415,1*1091,1*1315,1*1318","O+OCS -> CO+SO
SO+O3 -> SO2+O2
O3+M -> O+O2+M
SO2 -> SO2_transport
OCS_transport -> OCS
Net:2O3 + OCS_transport -> 2O2 + CO + SO2_transport",6.667289794007492e-16,0.11814848808853186,-0.23629697617706372,0.0,O3,18.5
"2*398,1*401,1*405,1*448,1*449,1*1091,2*1301,2*1366","2(CH3O+O2 -> H2CO+HO2)
HO2+HO2 -> H2O2+O2
H2O2+OH -> HO2+H2O
NO+HO2 -> NO2+OH
NO2+O -> NO+O2
O3+M -> O+O2+M
2(H2CO -> H2CO_transport)
2(CH3O_transport -> CH3O)
Net:O3 + 2CH3O_transport -> H2O + O2 + 2H2CO_transport",6.527685405745091e-16,0.23134922441785513,-0.23134922441785513,0.0,O3,18.5
"1*412,1*448,1*646,1*670,1*701,1*1179,2*1292,1*1295,1*1296,1*1373","CH3+O3 -> H2CO+HO2
NO+HO2 -> NO2+OH
H2CO+hv -> HCO+H
NO2+hv -> NO+O
HCO+M -> H+CO+M
CH3CO+M -> CH3+CO+M
2(H -> H_transport)
OH -> OH_transport
O -> O_transport
CH3CO_transport -> CH3CO
Net:O3 + CH3CO_transport -> 2CO + 2H_transport + OH_transport + O_transport",5.756256299399395e-16,0.20400882512573196,-0.20400882512573196,0.0,O3,18.5
"1*449,1*490,1*495,1*646,1*701,1*741,1*1091,1*1179,3*1292,1*1373","NO2+O -> NO+O2
CH3+O2+M -> CH3O2+M
CH3O2+NO -> CH3O+NO2
H2CO+hv -> HCO+H
HCO+M -> H+CO+M
CH3O+M -> H+H2CO+M
O3+M -> O+O2+M
CH3CO+M -> CH3+CO+M
3(H -> H_transport)
CH3CO_transport -> CH3CO
Net:O3 + CH3CO_transport -> O2 + 2CO + 3H_transport",5.664348361018167e-16,0.20075149439658446,-0.20075149439658446,0.0,O3,18.5
"1*398,1*448,1*449,1*646,1*701,1*1091,2*1292,1*1295,1*1366","CH3O+O2 -> H2CO+HO2
NO+HO2 -> NO2+OH
NO2+O -> NO+O2
H2CO+hv -> HCO+H
HCO+M -> H+CO+M
O3+M -> O+O2+M
2(H -> H_transport)
OH -> OH_transport
CH3O_transport -> CH3O
Net:O3 + CH3O_transport -> O2 + CO + 2H_transport + OH_transport",5.631584541842953e-16,0.199590304222119,-0.199590304222119,0.0,O3,18.5
"1*389,1*398,1*490,1*493,1*911,1*1091,1*1179,1*1301,1*1320,1*1371,1*1373","OH+HO2 -> H2O+O2
CH3O+O2 -> H2CO+HO2
CH3+O2+M -> CH3O2+M
CH3O2+O -> CH3O+O2
HCNOH+M -> HCN+OH+M
O3+M -> O+O2+M
CH3CO+M -> CH3+CO+M
H2CO -> H2CO_transport
HCN -> HCN_transport
HCNOH_transport -> HCNOH
CH3CO_transport -> CH3CO
Net:O3 + HCNOH_transport + CH3CO_transport -> H2O + O2 + CO + H2CO_transport + HCN_transport",5.364640861937794e-16,0.19012949086016478,-0.19012949086016478,0.0,O3,18.5
"1*27,1*493,1*701,1*741,1*911,1*1091,2*1292,1*1320,1*1371,1*1377","H2CO+OH -> HCO+H2O
CH3O2+O -> CH3O+O2
HCO+M -> H+CO+M
CH3O+M -> H+H2CO+M
HCNOH+M -> HCN+OH+M
O3+M -> O+O2+M
2(H -> H_transport)
HCN -> HCN_transport
HCNOH_transport -> HCNOH
CH3O2_transport -> CH3O2
Net:O3 + HCNOH_transport + CH3O2_transport -> H2O + 2O2 + CO + 2H_transport + HCN_transport",4.935488480135483e-16,0.1749198009753461,-0.1749198009753461,0.0,O3,18.5
"1*424,1*426,1*447,1*670,1*1295,1*1301,1*1366","CH3O+NO -> HNO+H2CO
O+HNO -> OH+NO
NO+O3 -> NO2+O2
NO2+hv -> NO+O
OH -> OH_transport
H2CO -> H2CO_transport
CH3O_transport -> CH3O
Net:O3 + CH3O_transport -> O2 + OH_transport + H2CO_transport",4.926428376716409e-16,0.17459869973212386,-0.17459869973212386,0.0,O3,18.5
"2*391,1*401,1*405,1*448,1*449,1*1091,2*1300","2(HCO+O2 -> HO2+CO)
HO2+HO2 -> H2O2+O2
H2O2+OH -> HO2+H2O
NO+HO2 -> NO2+OH
NO2+O -> NO+O2
O3+M -> O+O2+M
2(HCO_transport -> HCO)
Net:O3 + 2HCO_transport -> H2O + O2 + 2CO",3.9938564822466647e-16,0.14154720121634348,-0.14154720121634348,0.0,O3,18.5
"1*447,1*457,1*741,1*1179,1*1292,1*1301,1*1373","NO+O3 -> NO2+O2
NO2+CH3 -> CH3O+NO
CH3O+M -> H+H2CO+M
CH3CO+M -> CH3+CO+M
H -> H_transport
H2CO -> H2CO_transport
CH3CO_transport -> CH3CO
Net:O3 + CH3CO_transport -> O2 + CO + H_transport + H2CO_transport",3.6425516094404854e-16,0.12909652309598055,-0.12909652309598055,0.0,O3,18.5
"1*398,1*472,1*477,1*658,1*1091,1*1295,1*1301,1*1366","CH3O+O2 -> H2CO+HO2
NO2+O+M -> NO3+M
NO3+HO2 -> HNO3+O2
HNO3+hv -> OH+NO2
O3+M -> O+O2+M
OH -> OH_transport
H2CO -> H2CO_transport
CH3O_transport -> CH3O
Net:O3 + CH3O_transport -> O2 + OH_transport + H2CO_transport",3.4354909727583615e-16,0.12175803866753115,-0.12175803866753115,0.0,O3,18.5
err,err_pathways,0.0,0.0,0.0,0.0,O3,18.5
