alt           press         den           temp          eddy          H2Oaer        CO2aer        S8aer         H2SO4aer      NH3aer        N2Oaer        C2H2aer       C2H4aer       C2H6aer       CH3CNaer      HCCCNaer      HCNaer        CH4aer        HCaer1        HCaer2        HCaer3        He            H             H2            H2O           OH            O             O2            CO            CO2           HCO           H2CO          C             CH            CH2           CH3           CH4           S             S2            S3            S4            S8            H2S           HS            SO            SO2           CS            CS2           OCS           CN            HCN           N             N2            NH            NH2           NH3           C2            C2H           C2H2          C2H4          NO            HNO           HO2           HNCO          N2O           H2O2          O3            NO2           NO3           SO3           HNO2          HNO3          H2SO4         HCl           Cl            Cl2           HOCl          N2H4          ClO           C2H6          CH3OH         CH2CO         CH3CHO        C3H4          C3H6          C4H2          C4H4          OClO          HCS           C2H3          C2H5          NCO           1CH2          HCCO          NNH           HSO           CH3O          H2COH         H2CN          N2H2          C4H           HCNOH         C2H2OH        CH3CO         CH2CHO        C2H3OH        C2H4OH        CH3O2         HSO3          O1D           N2H3          NH2CO         HS4           C4H3          CH2N2         N2D           CH2CN         CH3CN         HCCCN         H2Oaer_r      CO2aer_r      S8aer_r       H2SO4aer_r    NH3aer_r      N2Oaer_r      C2H2aer_r     C2H4aer_r     C2H6aer_r     CH3CNaer_r    HCCCNaer_r    HCNaer_r      CH4aer_r      HCaer1_r      HCaer2_r      HCaer3_r      
5.00000E-001  1.00952E+000  2.54748E+019  2.87026E+002  1.00000E+005  6.69245E-004  1.00000E-040  1.00000E-040  2.16352E-032  1.00000E-040  1.00000E-040  1.00000E-040  1.00000E-040  1.00000E-040  1.00000E-040  1.00000E-040  1.00000E-040  1.00000E-040  1.00000E-040  1.38553E-023  1.00000E-040  1.00000E-040  1.13707E-021  4.95285E-007  6.30456E-003  4.15722E-014  7.65661E-017  2.10724E-001  3.77887E-008  2.81322E-004  1.48336E-022  2.29725E-010  1.00000E-040  1.00000E-040  2.01109E-033  3.36139E-020  8.00380E-007  6.90785E-029  9.90207E-027  2.91634E-040  2.63282E-039  1.00000E-040  8.38876E-012  1.09190E-017  8.34613E-019  3.51355E-011  1.00000E-040  1.00000E-040  3.33822E-010  9.87595E-035  4.99508E-011  1.17222E-031  7.82689E-001  9.16379E-024  3.35369E-014  5.54390E-010  1.00000E-040  1.00000E-040  1.10093E-029  3.06548E-025  1.29386E-012  5.37589E-016  1.35761E-011  1.08683E-014  2.70425E-007  1.68703E-009  4.14133E-008  1.40327E-011  2.45842E-013  3.55963E-019  1.61628E-012  1.80667E-011  2.70982E-011  1.90809E-031  1.43894E-036  1.00000E-040  2.82707E-031  2.81514E-013  2.00549E-023  1.21997E-023  1.48734E-017  1.92006E-025  1.71574E-025  1.00000E-040  1.69559E-038  1.13263E-029  1.03024E-037  4.79093E-030  1.00000E-040  1.36407E-040  3.47306E-026  1.10286E-016  6.15391E-035  3.22331E-039  5.17030E-023  1.65781E-017  1.02067E-018  3.71556E-015  5.91257E-025  6.85404E-011  1.00000E-040  3.59113E-019  1.00000E-040  1.04819E-025  5.54533E-031  4.96472E-023  1.46538E-025  3.67557E-011  2.02682E-023  1.83576E-022  1.61187E-013  1.79403E-014  1.00000E-040  2.81516E-037  2.07716E-023  1.00000E-040  6.68223E-022  3.64292E-011  1.16724E-037  1.00000E-003  1.00000E-005  1.00000E-005  1.00000E-005  1.00000E-005  1.00000E-005  1.00000E-005  1.00000E-005  1.00000E-005  1.00000E-005  1.00000E-005  1.00000E-005  1.00000E-005  1.00000E-005  1.00000E-005  1.00000E-005  
1.50000E+000  8.94104E-001  2.30773E+019  2.80621E+002  1.00000E+005  8.78346E-004  1.00000E-040  1.00000E-040  2.53656E-029  1.00000E-040  1.00000E-040  1.00000E-040  1.00000E-040  1.00000E-040  1.00000E-040  1.00000E-040  1.00000E-040  1.00000E-040  1.00000E-040  8.06168E-024  1.00000E-040  1.00000E-040  1.06650E-021  4.96027E-007  4.80718E-003  4.16561E-014  8.95266E-017  2.11041E-001  3.66307E-008  2.81748E-004  8.96552E-023  1.26505E-010  1.00000E-040  1.00000E-040  1.68882E-033  2.95741E-020  7.99882E-007  5.05555E-029  9.80273E-027  1.00000E-040  1.00000E-040  1.00000E-040  4.57734E-012  6.19796E-018  6.14068E-019  7.25219E-011  1.00000E-040  1.00000E-040  3.34019E-010  5.89454E-035  4.98891E-011  2.05058E-031  7.83868E-001  1.27648E-023  9.12829E-014  5.27774E-010  1.00000E-040  1.00000E-040  1.06291E-029  3.03713E-025  5.62329E-014  9.48062E-016  1.22617E-011  9.32334E-015  2.70802E-007  1.58077E-009  4.11512E-008  2.10845E-012  7.91488E-014  2.31196E-019  8.42832E-013  2.34759E-011  2.94273E-011  1.09483E-031  1.54489E-036  1.00000E-040  2.24217E-031  7.15477E-013  2.00851E-023  1.23372E-023  1.37254E-017  2.18373E-025  1.30422E-025  1.00000E-040  1.64749E-038  1.13433E-029  8.13514E-038  4.54195E-030  1.00000E-040  1.27326E-040  2.02019E-026  6.90713E-016  4.82615E-035  3.77907E-039  6.53297E-023  1.32025E-017  6.00555E-019  4.38016E-015  3.90802E-025  6.95623E-011  1.00000E-040  5.76032E-019  1.00000E-040  1.21922E-025  5.30188E-031  4.97221E-023  1.09828E-025  4.41843E-010  4.34714E-023  2.34175E-022  3.29306E-013  1.81079E-014  1.00000E-040  2.90711E-037  1.42471E-023  1.00000E-040  6.46893E-022  3.62024E-011  1.16900E-037  1.00000E-003  1.00000E-005  1.00000E-005  1.00000E-005  1.00000E-005  1.00000E-005  1.00000E-005  1.00000E-005  1.00000E-005  1.00000E-005  1.00000E-005  1.00000E-005  1.00000E-005  1.00000E-005  1.00000E-005  1.00000E-005  
2.50000E+000  7.90346E-001  2.07593E+019  2.75754E+002  1.00000E+005  5.87895E-004  1.00000E-040  1.00000E-040  2.66652E-026  1.00000E-040  1.00000E-040  1.00000E-040  1.00000E-040  1.00000E-040  1.00000E-040  1.00000E-040  1.00000E-040  1.00000E-040  1.00000E-040  8.50773E-024  1.00000E-040  1.00000E-040  1.16236E-021  4.96440E-007  3.82590E-003  4.92034E-014  1.08420E-016  2.11249E-001  3.52756E-008  2.82028E-004  3.96129E-023  4.65754E-011  1.00000E-040  1.00000E-040  2.09372E-033  3.24555E-020  7.99221E-007  4.17036E-029  9.63123E-027  1.00000E-040  1.00000E-040  1.00000E-040  2.47407E-012  4.07510E-018  5.00552E-019  5.52826E-011  1.00000E-040  1.00000E-040  3.34062E-010  4.60782E-035  4.98229E-011  3.85451E-031  7.84641E-001  1.68056E-023  1.14145E-013  5.04671E-010  1.00000E-040  1.00000E-040  1.00183E-029  2.89919E-025  7.61828E-015  1.29979E-015  1.06241E-011  8.81082E-015  2.71033E-007  1.43271E-009  4.11982E-008  4.67221E-013  2.53613E-014  1.67120E-019  4.26172E-013  2.31807E-011  3.07439E-011  7.41082E-032  1.63640E-036  1.00000E-040  1.96854E-031  9.46315E-013  2.01049E-023  1.26091E-023  1.22562E-017  2.69488E-025  9.91178E-026  1.00000E-040  1.57472E-038  1.13545E-029  5.72143E-038  4.39002E-030  1.00000E-040  1.36964E-040  1.78744E-026  3.07431E-015  5.66821E-035  4.60017E-039  9.30869E-023  1.14573E-017  2.03640E-019  4.82593E-015  2.97919E-025  7.05942E-011  1.00000E-040  9.60711E-019  1.00000E-040  1.60132E-025  4.94342E-031  4.97711E-023  8.43695E-026  9.27770E-010  4.01507E-023  2.95246E-022  4.44327E-013  1.82404E-014  1.00000E-040  2.97238E-037  1.30996E-023  1.00000E-040  6.12886E-022  3.59971E-011  1.17016E-037  1.00000E-003  1.00000E-005  1.00000E-005  1.00000E-005  1.00000E-005  1.00000E-005  1.00000E-005  1.00000E-005  1.00000E-005  1.00000E-005  1.00000E-005  1.00000E-005  1.00000E-005  1.00000E-005  1.00000E-005  1.00000E-005  
3.50000E+000  6.97163E-001  1.86469E+019  2.70798E+002  1.00000E+005  5.44512E-004  1.00000E-040  1.00000E-040  1.59610E-023  1.00000E-040  1.00000E-040  1.00000E-040  1.00000E-040  1.00000E-040  1.00000E-040  1.00000E-040  1.00000E-040  1.00000E-040  1.00000E-040  1.06248E-023  1.00000E-040  1.00000E-040  1.27687E-021  4.96868E-007  2.94983E-003  5.47267E-014  1.33451E-016  2.11435E-001  3.40299E-008  2.82278E-004  2.45914E-023  2.49879E-011  1.00000E-040  1.00000E-040  2.28849E-033  3.33272E-020  7.98722E-007  3.18126E-029  9.41186E-027  1.00000E-040  1.00000E-040  1.00000E-040  1.34850E-012  2.53108E-018  3.96675E-019  4.21174E-011  1.00000E-040  1.00000E-040  3.34089E-010  3.31726E-035  4.97692E-011  5.90185E-031  7.85331E-001  1.87713E-023  1.17818E-013  4.85166E-010  1.00000E-040  1.00000E-040  9.27675E-030  2.76239E-025  3.97065E-015  1.63438E-015  1.01586E-011  7.39391E-015  2.71230E-007  1.28766E-009  4.19130E-008  2.64648E-013  1.76722E-014  1.12980E-019  2.28257E-013  2.29395E-011  2.98446E-011  5.95978E-032  1.68331E-036  1.00000E-040  1.71232E-031  9.36572E-013  2.01226E-023  1.30318E-023  1.09081E-017  3.34614E-025  8.13287E-026  1.00000E-040  1.48667E-038  1.13645E-029  4.01177E-038  4.34206E-030  1.00000E-040  1.38321E-040  1.80395E-026  5.41579E-015  5.85176E-035  5.23769E-039  1.25160E-022  9.69960E-018  1.68397E-019  5.49873E-015  2.39395E-025  7.10362E-011  1.00000E-040  1.54164E-018  1.00000E-040  2.00317E-025  4.51881E-031  4.98148E-023  7.43449E-026  1.19196E-009  3.49475E-023  3.71526E-022  4.61869E-013  1.83282E-014  1.00000E-040  2.98179E-037  1.09768E-023  1.00000E-040  5.70060E-022  3.58217E-011  1.17118E-037  1.00000E-003  1.00000E-005  1.00000E-005  1.00000E-005  1.00000E-005  1.00000E-005  1.00000E-005  1.00000E-005  1.00000E-005  1.00000E-005  1.00000E-005  1.00000E-005  1.00000E-005  1.00000E-005  1.00000E-005  1.00000E-005  
4.50000E+000  6.13445E-001  1.67620E+019  2.65073E+002  1.00000E+005  5.48662E-004  1.00000E-040  1.00000E-040  4.78291E-021  1.00000E-040  1.00000E-040  1.00000E-040  1.00000E-040  1.00000E-040  1.00000E-040  1.00000E-040  1.00000E-040  1.00000E-040  1.00000E-040  3.75764E-024  1.00000E-040  1.00000E-040  1.34716E-021  4.97388E-007  2.07914E-003  5.71084E-014  1.65243E-016  2.11620E-001  3.29817E-008  2.82527E-004  2.47478E-023  2.24991E-011  1.00000E-040  1.00000E-040  2.10773E-033  3.09817E-020  7.98445E-007  2.30024E-029  9.16262E-027  1.00000E-040  1.00000E-040  1.00000E-040  7.53750E-013  1.51225E-018  3.21862E-019  3.23385E-011  1.00000E-040  1.00000E-040  3.34131E-010  2.05675E-035  4.97316E-011  7.89111E-031  7.86017E-001  1.86327E-023  1.14495E-013  4.69093E-010  1.00000E-040  1.00000E-040  8.48488E-030  2.63750E-025  4.53912E-015  2.00679E-015  9.81384E-012  5.48049E-015  2.71420E-007  1.14711E-009  4.33488E-008  2.68847E-013  1.73610E-014  6.69532E-020  1.50487E-013  2.31274E-011  2.58513E-011  5.02853E-032  1.66964E-036  1.00000E-040  1.45846E-031  8.39706E-013  2.01402E-023  1.36226E-023  9.73347E-018  4.14193E-025  7.01054E-026  1.00000E-040  1.39086E-038  1.13744E-029  2.82422E-038  4.38761E-030  1.00000E-040  1.30327E-040  1.82971E-026  5.53634E-015  5.03227E-035  9.15034E-038  1.62309E-022  8.52036E-018  2.21563E-019  6.59517E-015  1.85945E-025  7.07191E-011  1.00000E-040  2.54576E-018  1.00000E-040  2.44186E-025  4.06637E-031  4.98583E-023  7.01607E-026  1.21708E-009  2.89770E-023  4.67655E-022  4.31616E-013  1.83834E-014  1.00000E-040  2.97147E-037  7.80908E-024  1.00000E-040  5.21547E-022  3.56777E-011  1.17221E-037  1.00000E-003  1.00000E-005  1.00000E-005  1.00000E-005  1.00000E-005  1.00000E-005  1.00000E-005  1.00000E-005  1.00000E-005  1.00000E-005  1.00000E-005  1.00000E-005  1.00000E-005  1.00000E-005  1.00000E-005  1.00000E-005  
5.50000E+000  5.38325E-001  1.50567E+019  2.58959E+002  1.00000E+005  4.58186E-004  1.00000E-040  1.00000E-040  2.40601E-018  1.00000E-040  1.00000E-040  1.00000E-040  1.00000E-040  1.00000E-040  1.00000E-040  1.00000E-040  1.00000E-040  1.00000E-040  1.00000E-040  2.63949E-024  1.00000E-040  1.00000E-040  1.41029E-021  4.97901E-007  1.37615E-003  5.81471E-014  2.06555E-016  2.11769E-001  3.21171E-008  2.82727E-004  3.13518E-023  2.57618E-011  1.00000E-040  1.00000E-040  1.79640E-033  2.74885E-020  7.98216E-007  1.66653E-029  8.89465E-027  2.19849E-037  2.27282E-036  1.00000E-040  4.34671E-013  9.13540E-019  2.76432E-019  2.51216E-011  1.00000E-040  1.00000E-040  3.34129E-010  1.17330E-035  4.97008E-011  1.03589E-030  7.86571E-001  1.80219E-023  1.08716E-013  4.55910E-010  1.00000E-040  1.00000E-040  7.70489E-030  2.52234E-025  7.33206E-015  2.44585E-015  9.57162E-012  3.97991E-015  2.71560E-007  1.04459E-009  4.54587E-008  3.32825E-013  1.88278E-014  4.03074E-020  1.50025E-013  2.46499E-011  2.14844E-011  4.26753E-032  1.63048E-036  1.00000E-040  1.24334E-031  7.21027E-013  2.01543E-023  1.44043E-023  8.72363E-018  5.18424E-025  6.14420E-026  1.00000E-040  1.29315E-038  1.13824E-029  1.96923E-038  4.51245E-030  1.00000E-040  1.19518E-040  1.85852E-026  4.37380E-015  3.97269E-035  1.00000E-040  2.09051E-022  7.99627E-018  3.31625E-019  8.12141E-015  1.40731E-025  6.97141E-011  1.00000E-040  4.36265E-018  1.00000E-040  2.98959E-025  3.62052E-031  4.98934E-023  6.74373E-026  1.05378E-009  2.38351E-023  5.89567E-022  3.84031E-013  1.84156E-014  1.00000E-040  2.96063E-037  5.07642E-024  1.00000E-040  4.70556E-022  3.55561E-011  1.17272E-037  1.00000E-003  1.00000E-005  1.00000E-005  1.00000E-005  1.00000E-005  1.00000E-005  1.00000E-005  1.00000E-005  1.00000E-005  1.00000E-005  1.00000E-005  1.00000E-005  1.00000E-005  1.00000E-005  1.00000E-005  1.00000E-005  
6.50000E+000  4.70946E-001  1.35247E+019  2.52208E+002  1.00000E+005  3.57570E-004  1.00000E-040  1.00000E-040  9.83706E-016  1.00000E-040  1.00000E-040  1.00000E-040  1.00000E-040  1.00000E-040  1.00000E-040  1.00000E-040  1.00000E-040  1.00000E-040  1.00000E-040  1.78567E-024  1.00000E-040  1.00000E-040  1.47741E-021  4.98372E-007  8.42269E-004  5.84138E-014  2.58794E-016  2.11882E-001  3.13952E-008  2.82880E-004  4.30419E-023  3.20822E-011  1.00000E-040  1.00000E-040  1.42542E-033  2.32244E-020  7.97988E-007  1.23195E-029  8.61642E-027  1.79300E-037  1.84573E-036  1.00000E-040  2.59059E-013  5.67370E-019  2.59010E-019  1.97827E-011  1.00000E-040  1.00000E-040  3.34077E-010  6.03158E-036  4.96739E-011  1.40574E-030  7.86991E-001  1.74064E-023  1.00977E-013  4.45086E-010  1.00000E-040  1.00000E-040  6.97713E-030  2.41383E-025  1.50446E-014  2.95447E-015  9.43876E-012  2.91623E-015  2.71647E-007  9.72029E-010  4.81773E-008  4.50079E-013  2.10631E-014  2.69263E-020  2.25379E-013  2.75804E-011  1.67762E-011  3.62601E-032  1.59061E-036  1.00000E-040  1.07245E-031  5.95983E-013  2.01651E-023  1.54030E-023  7.85908E-018  6.64444E-025  5.39870E-026  1.00000E-040  1.19749E-038  1.13885E-029  1.32963E-038  4.70270E-030  1.00000E-040  1.07505E-040  1.89529E-026  2.96612E-015  2.88413E-035  1.00000E-040  2.74877E-022  8.30648E-018  5.32888E-019  1.00839E-014  1.03795E-025  6.81747E-011  1.00000E-040  8.12016E-018  1.00000E-040  3.76012E-025  3.20245E-031  4.99201E-023  6.50595E-026  7.69435E-010  1.97636E-023  7.42615E-022  3.28992E-013  1.84337E-014  1.00000E-040  2.95484E-037  3.04527E-024  1.00000E-040  4.19868E-022  3.54516E-011  1.17309E-037  1.00000E-003  1.00000E-005  1.00000E-005  1.00000E-005  1.00000E-005  1.00000E-005  1.00000E-005  1.00000E-005  1.00000E-005  1.00000E-005  1.00000E-005  1.00000E-005  1.00000E-005  1.00000E-005  1.00000E-005  1.00000E-005  
7.50000E+000  4.10557E-001  1.21303E+019  2.45143E+002  1.00000E+005  2.46531E-004  1.00000E-040  1.00000E-040  3.25273E-013  1.00000E-040  1.00000E-040  1.00000E-040  1.00000E-040  1.00000E-040  1.00000E-040  1.00000E-040  1.00000E-040  1.00000E-040  1.00000E-040  1.41163E-024  1.00000E-040  1.00000E-040  1.59179E-021  4.98756E-007  4.82799E-004  5.91466E-014  3.25690E-016  2.11958E-001  3.07567E-008  2.82983E-004  6.04073E-023  4.05937E-011  1.00000E-040  1.00000E-040  1.11407E-033  1.93138E-020  7.97714E-007  9.51721E-030  8.33401E-027  1.00000E-040  1.00000E-040  1.00000E-040  1.59319E-013  3.70088E-019  2.66305E-019  1.58087E-011  1.00000E-040  1.00000E-040  3.33967E-010  2.91912E-036  4.96481E-011  2.01698E-030  7.87274E-001  1.69926E-023  9.19885E-014  4.36114E-010  1.00000E-040  1.00000E-040  6.32787E-030  2.31494E-025  3.96447E-014  3.52102E-015  9.49995E-012  2.17185E-015  2.71680E-007  9.17333E-010  5.14203E-008  6.37183E-013  2.33901E-014  2.41631E-020  4.08993E-013  3.20338E-011  1.15676E-011  3.14418E-032  1.57414E-036  1.00000E-040  9.45933E-032  4.67926E-013  2.01723E-023  1.66447E-023  7.12268E-018  8.73285E-025  4.77905E-026  1.00000E-040  1.10643E-038  1.13926E-029  8.59375E-039  4.94543E-030  1.00000E-040  1.00000E-040  1.96777E-026  1.85259E-015  2.04316E-035  1.06530E-038  3.74302E-022  9.57802E-018  8.93175E-019  1.23770E-014  7.61135E-026  6.62608E-011  1.00000E-040  1.63459E-017  1.00000E-040  4.91532E-025  2.82721E-031  4.99380E-023  6.29318E-026  4.44298E-010  1.68541E-023  9.34413E-022  2.68160E-013  1.84433E-014  1.00000E-040  2.95035E-037  1.76903E-024  1.00000E-040  3.71729E-022  3.53590E-011  1.17309E-037  1.00000E-003  1.00000E-005  1.00000E-005  1.00000E-005  1.00000E-005  1.00000E-005  1.00000E-005  1.00000E-005  1.00000E-005  1.00000E-005  1.00000E-005  1.00000E-005  1.00000E-005  1.00000E-005  1.00000E-005  1.00000E-005  
8.50000E+000  3.56522E-001  1.08543E+019  2.37903E+002  1.00000E+005  1.53688E-004  1.00000E-040  1.00000E-040  7.28282E-011  1.00000E-040  1.00000E-040  1.00000E-040  1.00000E-040  1.00000E-040  1.00000E-040  1.00000E-040  1.00000E-040  1.00000E-040  1.00000E-040  1.24496E-024  1.00000E-040  1.00000E-040  1.76060E-021  4.99019E-007  2.61868E-004  6.12797E-014  4.11529E-016  2.12005E-001  3.01308E-008  2.83047E-004  7.75905E-023  4.65197E-011  1.00000E-040  1.00000E-040  8.88590E-034  1.61213E-020  7.97389E-007  7.80541E-030  8.05257E-027  7.00310E-038  7.44337E-037  1.00000E-040  1.01162E-013  2.57203E-019  3.02549E-019  1.28464E-011  1.00000E-040  1.00000E-040  3.33806E-010  1.35982E-036  4.96227E-011  3.08879E-030  7.87448E-001  1.67333E-023  8.03519E-014  4.28589E-010  1.00000E-040  1.00000E-040  5.77233E-030  2.23056E-025  1.42319E-013  4.10355E-015  9.53374E-012  1.65165E-015  2.71667E-007  8.51682E-010  5.50992E-008  8.99972E-013  2.39451E-014  3.02636E-020  7.69256E-013  3.79774E-011  5.30935E-012  2.90140E-032  1.60195E-036  1.00000E-040  8.61057E-032  3.34848E-013  2.01768E-023  1.81569E-023  6.49642E-018  1.16485E-024  4.31370E-026  1.00000E-040  1.02175E-038  1.13951E-029  5.26607E-039  5.22834E-030  1.00000E-040  1.00000E-040  2.12495E-026  1.11706E-015  1.46462E-035  2.86975E-038  5.35617E-022  1.23409E-017  1.40977E-018  1.47834E-014  5.58233E-026  6.41298E-011  1.00000E-040  3.58468E-017  1.00000E-040  6.73687E-025  2.50360E-031  4.99491E-023  6.12140E-026  1.70819E-010  1.50240E-023  1.17345E-021  2.01378E-013  1.84480E-014  1.00000E-040  2.93940E-037  1.03169E-024  1.00000E-040  3.27806E-022  3.52748E-011  1.17287E-037  1.00000E-003  1.00000E-005  1.00000E-005  1.00000E-005  1.00000E-005  1.00000E-005  1.00000E-005  1.00000E-005  1.00000E-005  1.00000E-005  1.00000E-005  1.00000E-005  1.00000E-005  1.00000E-005  1.00000E-005  1.00000E-005  
9.50000E+000  3.08306E-001  9.67493E+018  2.30808E+002  9.61769E+004  8.44418E-005  1.00000E-040  1.00000E-040  2.13627E-010  1.00000E-040  1.00000E-040  1.00000E-040  1.00000E-040  1.00000E-040  1.00000E-040  1.00000E-040  1.00000E-040  1.00000E-040  1.00000E-040  4.07509E-024  1.00000E-040  1.00000E-040  1.92942E-021  4.99142E-007  1.38971E-004  6.71593E-014  5.24743E-016  2.12031E-001  2.94455E-008  2.83083E-004  6.77710E-023  3.55520E-011  1.00000E-040  1.00000E-040  7.86669E-034  1.41697E-020  7.97007E-007  7.02351E-030  7.77111E-027  2.26241E-038  2.40687E-037  1.00000E-040  6.64463E-014  1.96335E-019  3.84330E-019  1.06272E-011  1.00000E-040  1.00000E-040  3.33595E-010  6.50235E-037  4.95974E-011  5.09438E-030  7.87545E-001  1.64998E-023  6.29640E-014  4.22086E-010  1.00000E-040  1.00000E-040  5.31181E-030  2.16762E-025  5.72191E-013  4.62986E-015  8.54238E-012  1.30986E-015  2.71617E-007  7.39696E-010  5.92184E-008  1.12629E-012  1.96385E-014  4.76966E-020  1.40941E-012  4.55608E-011  2.07469E-012  3.02275E-032  1.71117E-036  1.00000E-040  8.25753E-032  2.02337E-013  2.01793E-023  2.00085E-023  5.95902E-018  1.54436E-024  4.04506E-026  1.00000E-040  9.43400E-039  1.13965E-029  3.04919E-039  5.54969E-030  1.00000E-040  1.00000E-040  2.46735E-026  6.96241E-016  1.16026E-035  1.35957E-038  8.22816E-022  1.79094E-017  1.35595E-018  1.69806E-014  4.08970E-026  6.19008E-011  1.00000E-040  8.53642E-017  1.00000E-040  9.75523E-025  2.23408E-031  4.99552E-023  6.01990E-026  3.47041E-011  1.44419E-023  1.47382E-021  1.32865E-013  1.84498E-014  1.00000E-040  2.91437E-037  6.52446E-025  1.00000E-040  2.88635E-022  3.51952E-011  1.17246E-037  1.00000E-003  1.00000E-005  1.00000E-005  1.00000E-005  1.00000E-005  1.00000E-005  1.00000E-005  1.00000E-005  1.00000E-005  1.00000E-005  1.00000E-005  1.00000E-005  1.00000E-005  1.00000E-005  1.00000E-005  1.00000E-005  
1.05000E+001  2.65480E-001  8.57243E+018  2.24308E+002  6.85565E+004  3.53221E-005  1.00000E-040  1.00000E-040  4.76088E-009  1.00000E-040  1.00000E-040  1.00000E-040  1.00000E-040  1.00000E-040  1.00000E-040  1.00000E-040  1.00000E-040  1.00000E-040  1.00000E-040  1.34523E-022  1.00000E-040  1.00000E-040  2.07778E-021  4.99144E-007  7.65555E-005  7.51508E-014  6.90348E-016  2.12044E-001  2.86070E-008  2.83102E-004  3.69414E-023  1.68136E-011  1.00000E-040  1.00000E-040  7.42571E-034  1.29729E-020  7.96493E-007  6.52898E-030  7.44316E-027  1.00000E-040  1.00000E-040  1.00000E-040  4.36553E-014  1.53510E-019  5.00221E-019  8.77584E-012  1.00000E-040  1.00000E-040  3.33290E-010  3.25764E-037  4.95676E-011  8.08551E-030  7.87594E-001  1.54843E-023  4.21010E-014  4.15437E-010  1.00000E-040  1.00000E-040  4.89939E-030  2.15571E-025  1.48613E-012  5.05361E-015  6.81567E-012  1.05067E-015  2.71520E-007  5.87661E-010  6.46935E-008  1.43090E-012  1.47957E-014  7.49267E-020  2.52062E-012  5.68731E-011  1.08291E-012  3.60260E-032  1.84825E-036  1.00000E-040  8.14059E-032  9.71450E-014  2.01805E-023  2.26767E-023  5.45557E-018  1.99030E-024  3.94004E-026  1.00000E-040  8.60252E-039  1.13972E-029  1.70982E-039  5.99525E-030  1.00000E-040  1.00000E-040  3.05681E-026  4.24090E-016  9.83123E-036  1.89162E-038  1.27214E-021  2.66116E-017  7.14530E-019  1.94536E-014  2.99672E-026  5.93601E-011  1.00000E-040  1.98329E-016  1.00000E-040  1.35938E-024  1.99452E-031  4.99583E-023  6.05623E-026  5.94983E-012  1.40919E-023  1.88317E-021  7.26195E-014  1.84499E-014  1.00000E-040  2.87303E-037  4.34616E-025  1.00000E-040  2.49507E-022  3.51047E-011  1.17179E-037  1.00000E-003  1.00000E-005  1.00000E-005  1.00000E-005  1.00000E-005  1.00000E-005  1.00000E-005  1.00000E-005  1.00000E-005  1.00000E-005  1.00000E-005  1.00000E-005  1.00000E-005  1.00000E-005  1.00000E-005  1.00000E-005  
1.15000E+001  2.27696E-001  7.53502E+018  2.18871E+002  2.37960E+004  8.45310E-006  1.00000E-040  1.00000E-040  2.01035E-009  1.00000E-040  1.00000E-040  1.00000E-040  1.00000E-040  1.00000E-040  1.00000E-040  1.00000E-040  1.00000E-040  1.00000E-040  1.00000E-040  9.09080E-023  1.00000E-040  1.00000E-040  2.27238E-021  4.99003E-007  4.59288E-005  8.21578E-014  1.01438E-015  2.12051E-001  2.71241E-008  2.83113E-004  2.17323E-023  8.60425E-012  1.00000E-040  1.00000E-040  7.09613E-034  1.21907E-020  7.95371E-007  5.61497E-030  6.82141E-027  1.00000E-040  1.00000E-040  1.00000E-040  2.35043E-014  1.01443E-019  5.67142E-019  6.51814E-012  1.00000E-040  1.00000E-040  3.32590E-010  1.75515E-037  4.95105E-011  1.08511E-029  7.87618E-001  1.30664E-023  2.11445E-014  4.04191E-010  2.36277E-040  1.00000E-040  4.38034E-030  2.34426E-025  3.54363E-012  5.30944E-015  5.35757E-012  8.21239E-016  2.71268E-007  3.88546E-010  7.70227E-008  2.56734E-012  1.19543E-014  9.61578E-020  5.22293E-012  8.51072E-011  1.00986E-012  5.29341E-032  1.91417E-036  1.00000E-040  8.38320E-032  2.72500E-014  2.01811E-023  2.90733E-023  4.77930E-018  2.46884E-024  4.13544E-026  1.00000E-040  7.20815E-039  1.13975E-029  9.26015E-040  7.07263E-030  1.00000E-040  1.05145E-040  4.32182E-026  2.02717E-016  8.54136E-036  2.90438E-038  1.78114E-021  3.41248E-017  5.22214E-019  2.46342E-014  2.13165E-026  5.49706E-011  1.00000E-040  4.03562E-016  1.00000E-040  1.62918E-024  1.70511E-031  4.99597E-023  6.56847E-026  1.56961E-012  1.19519E-023  2.63510E-021  2.36554E-014  1.84479E-014  1.00000E-040  2.79525E-037  2.89331E-025  1.00000E-040  1.90093E-022  3.49318E-011  1.17013E-037  1.00000E-003  1.00000E-005  1.00000E-005  1.00000E-005  1.00000E-005  1.00000E-005  1.00000E-005  1.00000E-005  1.00000E-005  1.00000E-005  1.00000E-005  1.00000E-005  1.00000E-005  1.00000E-005  1.00000E-005  1.00000E-005  
1.25000E+001  1.94633E-001  6.56595E+018  2.14702E+002  1.42829E+004  2.04617E-006  1.00000E-040  1.00000E-040  1.14899E-009  1.00000E-040  1.00000E-040  1.00000E-040  1.00000E-040  1.00000E-040  1.00000E-040  1.00000E-040  1.00000E-040  1.00000E-040  1.00000E-040  6.94352E-023  1.00000E-040  1.00000E-040  2.54790E-021  4.98546E-007  2.94325E-005  9.17978E-014  1.79565E-015  2.12054E-001  2.45000E-008  2.83122E-004  1.87158E-023  6.37537E-012  1.00000E-040  1.00000E-040  7.67998E-034  1.25126E-020  7.92757E-007  7.33731E-030  5.59566E-027  1.00000E-040  8.49775E-040  1.00000E-040  8.93478E-015  5.74938E-020  5.90512E-019  3.97445E-012  1.00000E-040  1.00000E-040  3.30872E-010  1.11230E-037  4.93937E-011  1.47334E-029  7.87632E-001  1.14843E-023  8.85263E-015  3.83424E-010  1.58753E-039  1.00000E-040  3.84988E-030  3.12604E-025  8.68872E-012  4.87029E-015  3.83587E-012  6.63247E-016  2.70618E-007  1.91703E-010  1.07318E-007  5.95411E-012  1.16597E-014  1.04348E-019  1.17183E-011  1.62200E-010  9.35089E-013  8.98932E-032  1.97902E-036  1.00000E-040  1.00723E-031  4.23202E-015  2.01813E-023  4.58909E-023  3.94483E-018  2.63541E-024  5.39640E-026  1.00000E-040  4.90598E-039  1.13977E-029  5.27888E-040  9.79049E-030  1.00000E-040  1.50172E-040  6.97050E-026  8.60609E-017  8.56504E-036  4.36335E-038  2.23273E-021  3.98498E-017  5.28591E-019  3.58024E-014  1.50048E-026  4.75001E-011  1.00000E-040  7.16810E-016  1.00000E-040  1.63076E-024  1.40824E-031  4.99604E-023  8.51669E-026  5.74359E-013  8.37572E-024  4.34792E-021  4.00399E-015  1.84415E-014  1.00000E-040  2.65932E-037  2.18043E-025  1.00000E-040  1.06908E-022  3.45660E-011  1.16593E-037  1.00000E-003  1.00000E-005  1.00000E-005  1.00000E-005  1.00000E-005  1.00000E-005  1.00000E-005  1.00000E-005  1.00000E-005  1.00000E-005  1.00000E-005  1.00000E-005  1.00000E-005  1.00000E-005  1.00000E-005  1.00000E-005  
1.35000E+001  1.65922E-001  5.68368E+018  2.11442E+002  6.95701E+003  5.20527E-007  1.00000E-040  1.00000E-040  7.10222E-010  1.00000E-040  1.00000E-040  1.00000E-040  1.00000E-040  1.00000E-040  1.00000E-040  1.00000E-040  1.00000E-040  1.00000E-040  1.00000E-040  5.90181E-023  1.00000E-040  1.00000E-040  2.78513E-021  4.97461E-007  2.15684E-005  1.03754E-013  3.69428E-015  2.12055E-001  2.07872E-008  2.83131E-004  1.83548E-023  5.34383E-012  1.00000E-040  1.00000E-040  9.04906E-034  1.36684E-020  7.87540E-007  2.45262E-029  3.76475E-027  1.00000E-040  1.00000E-040  1.00000E-040  2.38956E-015  3.21352E-020  6.31612E-019  1.96568E-012  1.00000E-040  1.00000E-040  3.27294E-010  7.93238E-038  4.91893E-011  2.17133E-029  7.87638E-001  1.09886E-023  3.90953E-015  3.51005E-010  9.13973E-039  1.00000E-040  3.67850E-030  4.83016E-025  1.86964E-011  3.53654E-015  2.61171E-012  5.47669E-016  2.69224E-007  7.62261E-011  1.70019E-007  1.45545E-011  1.44122E-014  7.90259E-020  2.33994E-011  3.38741E-010  8.34473E-013  1.41238E-031  2.04093E-036  1.00000E-040  1.37060E-031  5.43764E-016  2.01812E-023  8.38634E-023  3.26546E-018  2.27800E-024  8.48750E-026  1.00000E-040  2.31580E-039  1.13977E-029  3.19817E-040  1.54454E-029  1.00000E-040  2.53712E-040  1.16535E-025  3.86315E-017  9.48747E-036  3.19580E-038  2.47022E-021  4.84168E-017  5.65927E-019  5.74025E-014  1.00594E-026  3.76073E-011  1.00000E-040  1.13643E-015  1.00000E-040  1.34052E-024  1.21223E-031  4.99604E-023  1.24023E-025  2.59112E-013  4.75584E-024  8.21453E-021  4.83361E-016  1.84273E-014  1.00000E-040  2.45253E-037  1.79919E-025  1.00000E-040  3.59978E-023  3.38992E-011  1.15693E-037  1.00000E-003  1.00000E-005  1.00000E-005  1.00000E-005  1.00000E-005  1.00000E-005  1.00000E-005  1.00000E-005  1.00000E-005  1.00000E-005  1.00000E-005  1.00000E-005  1.00000E-005  1.00000E-005  1.00000E-005  1.00000E-005  
1.45000E+001  1.41130E-001  4.89727E+018  2.08729E+002  5.42540E+003  1.83977E-007  1.00000E-040  1.00000E-040  5.40025E-010  1.00000E-040  1.00000E-040  1.00000E-040  1.00000E-040  1.00000E-040  1.00000E-040  1.00000E-040  1.00000E-040  1.00000E-040  1.00000E-040  5.42715E-023  1.00000E-040  1.00000E-040  2.94000E-021  4.95283E-007  1.70079E-005  1.19672E-013  8.14646E-015  2.12055E-001  1.63704E-008  2.83142E-004  1.90179E-023  4.69640E-012  1.00000E-040  1.00000E-040  1.15532E-033  1.57465E-020  7.78253E-007  1.09106E-028  1.83485E-027  1.00000E-040  1.00000E-040  1.00000E-040  4.53433E-016  1.92718E-020  7.01790E-019  8.00136E-013  1.00000E-040  1.00000E-040  3.20699E-010  6.15338E-038  4.88671E-011  3.56147E-029  7.87643E-001  1.11544E-023  1.93417E-015  3.06327E-010  4.14498E-038  1.00000E-040  4.13233E-030  7.52932E-025  3.40943E-011  2.12784E-015  2.03353E-012  4.61646E-016  2.66601E-007  3.45000E-011  2.84531E-007  3.36028E-011  2.14070E-014  4.62943E-020  3.95120E-011  6.90088E-010  5.12975E-013  1.90832E-031  2.12573E-036  1.00000E-040  1.98948E-031  8.75142E-017  2.01809E-023  1.61169E-022  3.02432E-018  1.64666E-024  1.42814E-025  1.00000E-040  6.07484E-040  1.13975E-029  1.91362E-040  2.57860E-029  1.00000E-040  4.43756E-040  1.86991E-025  1.94369E-017  1.14891E-035  7.80332E-038  2.42937E-021  6.36766E-017  6.26065E-019  9.23663E-014  6.01932E-027  2.67242E-011  1.00000E-040  1.69959E-015  1.00000E-040  9.25438E-025  1.16808E-031  4.99599E-023  1.72995E-025  1.44508E-013  2.24790E-024  1.65123E-020  6.64578E-017  1.84005E-014  1.00000E-040  2.15994E-037  1.60962E-025  1.00000E-040  5.88407E-024  3.28098E-011  1.14021E-037  1.00000E-003  1.00000E-005  1.00000E-005  1.00000E-005  1.00000E-005  1.00000E-005  1.00000E-005  1.00000E-005  1.00000E-005  1.00000E-005  1.00000E-005  1.00000E-005  1.00000E-005  1.00000E-005  1.00000E-005  1.00000E-005  
1.55000E+001  1.19820E-001  4.20075E+018  2.06595E+002  4.40851E+003  7.37409E-008  1.00000E-040  1.00000E-040  4.69103E-010  1.00000E-040  1.00000E-040  1.00000E-040  1.00000E-040  1.00000E-040  1.00000E-040  1.00000E-040  1.00000E-040  1.00000E-040  1.00000E-040  5.24848E-023  1.00000E-040  1.00000E-040  3.19979E-021  4.91952E-007  1.46995E-005  1.45244E-013  1.71688E-014  2.12055E-001  1.23996E-008  2.83154E-004  2.14484E-023  4.42397E-012  1.00000E-040  1.00000E-040  1.70651E-033  1.97904E-020  7.65270E-007  4.60716E-028  7.18729E-028  1.00000E-040  1.00000E-040  1.00000E-040  7.07176E-017  1.35707E-020  7.93389E-019  3.22890E-013  1.00000E-040  1.00000E-040  3.11215E-010  5.41223E-038  4.84639E-011  6.57783E-029  7.87645E-001  1.21052E-023  1.15439E-015  2.57917E-010  1.35724E-037  1.00000E-040  5.10427E-030  1.06072E-024  5.27541E-011  1.40887E-015  1.98350E-012  4.07854E-016  2.62766E-007  2.58138E-011  4.48308E-007  6.42647E-011  3.29744E-014  2.53514E-020  5.55275E-011  1.22259E-009  2.82038E-013  2.18687E-031  2.30208E-036  1.00000E-040  2.82817E-031  2.22948E-017  2.01804E-023  2.87831E-022  3.39268E-018  1.16118E-024  2.31500E-025  1.00000E-040  1.00000E-040  1.13972E-029  1.11460E-040  4.06040E-029  1.00000E-040  7.42468E-040  2.66019E-025  1.21537E-017  1.62633E-035  1.31742E-037  2.25947E-021  8.77095E-017  7.36495E-019  1.30007E-013  3.40126E-027  1.76781E-011  1.00000E-040  2.43654E-015  1.00000E-040  6.21349E-025  1.19639E-031  4.99590E-023  2.09089E-025  1.02644E-013  1.09675E-024  3.15660E-020  1.50862E-017  1.83612E-014  1.00000E-040  1.84832E-037  1.66911E-025  1.00000E-040  6.13304E-025  3.14035E-011  1.11685E-037  1.00000E-003  1.00000E-005  1.00000E-005  1.00000E-005  1.00000E-005  1.00000E-005  1.00000E-005  1.00000E-005  1.00000E-005  1.00000E-005  1.00000E-005  1.00000E-005  1.00000E-005  1.00000E-005  1.00000E-005  1.00000E-005  
1.65000E+001  1.01596E-001  3.58240E+018  2.05409E+002  3.94335E+003  9.77830E-009  1.00000E-040  1.00000E-040  4.43899E-010  1.00000E-040  1.00000E-040  1.00000E-040  1.00000E-040  1.00000E-040  1.00000E-040  1.00000E-040  1.00000E-040  1.00000E-040  1.00000E-040  5.20961E-023  1.00000E-040  1.00000E-040  3.74392E-021  4.87220E-007  1.43700E-005  1.89193E-013  3.50811E-014  2.12053E-001  9.16448E-009  2.83167E-004  2.72068E-023  4.58255E-012  1.00000E-040  1.00000E-040  3.11354E-033  2.82281E-020  7.48127E-007  1.75502E-027  3.75382E-028  4.19532E-037  4.69103E-036  1.00000E-040  9.19567E-018  1.10367E-020  9.07379E-019  1.58257E-013  1.00000E-040  1.00000E-040  2.98385E-010  5.84744E-038  4.79828E-011  1.34458E-028  7.87647E-001  1.42209E-023  8.11937E-016  2.08284E-010  3.41669E-037  1.00000E-040  6.59551E-030  1.42537E-024  7.28533E-011  1.11217E-015  2.40208E-012  3.87690E-016  2.57507E-007  3.07995E-011  6.69762E-007  1.07459E-010  5.30564E-014  1.61371E-020  6.84873E-011  1.97098E-009  1.64061E-013  2.24391E-031  2.62582E-036  1.00000E-040  4.01923E-031  7.83904E-018  2.01795E-023  4.90362E-022  4.56443E-018  9.55954E-025  3.79247E-025  1.00000E-040  1.00000E-040  1.13968E-029  1.00000E-040  6.07804E-029  1.00000E-040  1.28400E-039  3.59204E-025  9.24993E-018  2.89675E-035  7.02445E-037  1.95842E-021  1.20105E-016  9.41050E-019  1.60083E-013  1.95643E-027  1.08241E-011  1.00000E-040  3.20120E-015  1.00000E-040  4.86405E-025  1.26387E-031  4.99576E-023  2.34761E-025  9.13395E-014  6.85425E-025  5.80735E-020  4.90218E-018  1.83073E-014  1.00000E-040  1.56163E-037  2.15540E-025  1.00000E-040  1.02373E-025  2.96817E-011  1.08293E-037  1.00000E-003  1.00000E-005  1.00000E-005  1.00000E-005  1.00000E-005  1.00000E-005  1.00000E-005  1.00000E-005  1.00000E-005  1.00000E-005  1.00000E-005  1.00000E-005  1.00000E-005  1.00000E-005  1.00000E-005  1.00000E-005  
1.75000E+001  8.61123E-002  3.03241E+018  2.05681E+002  3.89374E+003  1.00000E-040  1.00000E-040  1.00000E-040  4.36546E-010  1.00000E-040  1.00000E-040  1.00000E-040  1.00000E-040  1.00000E-040  1.00000E-040  1.00000E-040  1.00000E-040  1.00000E-040  1.00000E-040  5.24465E-023  1.00000E-040  1.00000E-040  4.68917E-021  4.81122E-007  1.44156E-005  2.50420E-013  6.99012E-014  2.12051E-001  6.89253E-009  2.83180E-004  3.71615E-023  5.05267E-012  1.00000E-040  1.00000E-040  6.53414E-033  4.45687E-020  7.27412E-007  6.03925E-027  4.33686E-028  2.03464E-037  2.03296E-036  1.00000E-040  1.27697E-018  9.87235E-021  1.03277E-018  1.20258E-013  1.00000E-040  1.00000E-040  2.82524E-010  7.97335E-038  4.74551E-011  2.74796E-028  7.87649E-001  1.73494E-023  6.14544E-016  1.61948E-010  7.08185E-037  1.00000E-040  8.74458E-030  1.85316E-024  9.51905E-011  9.42229E-016  3.22556E-012  3.84381E-016  2.50928E-007  4.46703E-011  9.45224E-007  1.67404E-010  8.58203E-014  1.89401E-020  7.76460E-011  2.90835E-009  1.25151E-013  2.13668E-031  2.96204E-036  1.00000E-040  5.34774E-031  3.21147E-018  2.01785E-023  8.00949E-022  6.98865E-018  9.91699E-025  6.18733E-025  1.00000E-040  1.00000E-040  1.13962E-029  1.00000E-040  8.62580E-029  1.00000E-040  2.21578E-039  4.66513E-025  7.76313E-018  6.11287E-035  1.25777E-036  1.47365E-021  1.46773E-016  1.24361E-018  1.80974E-013  1.25035E-027  6.27260E-012  1.00000E-040  3.39113E-015  1.00000E-040  4.71400E-025  1.34508E-031  4.99558E-023  2.46618E-025  9.30703E-014  6.56500E-025  1.02953E-019  1.84353E-018  1.82398E-014  1.00000E-040  1.35490E-037  3.25836E-025  1.00000E-040  4.99668E-026  2.77504E-011  1.04156E-037  1.00000E-003  1.00000E-005  1.00000E-005  1.00000E-005  1.00000E-005  1.00000E-005  1.00000E-005  1.00000E-005  1.00000E-005  1.00000E-005  1.00000E-005  1.00000E-005  1.00000E-005  1.00000E-005  1.00000E-005  1.00000E-005  
1.85000E+001  7.30461E-002  2.55136E+018  2.07368E+002  3.93732E+003  1.00000E-040  1.00000E-040  1.00000E-040  4.35735E-010  1.00000E-040  1.00000E-040  1.00000E-040  1.00000E-040  1.00000E-040  1.00000E-040  1.00000E-040  1.00000E-040  1.00000E-040  1.00000E-040  5.32164E-023  1.00000E-040  1.00000E-040  6.37654E-021  4.73715E-007  1.44682E-005  3.29965E-013  1.36708E-013  2.12049E-001  5.48055E-009  2.83193E-004  5.31277E-023  5.80084E-012  1.00000E-040  1.00000E-040  1.50335E-032  7.58460E-020  7.03704E-007  1.88447E-026  6.59527E-028  1.00000E-040  1.00000E-040  1.00000E-040  4.06848E-019  9.38752E-021  1.21310E-018  1.33691E-013  1.00000E-040  1.00000E-040  2.63962E-010  1.33421E-037  4.69054E-011  5.78927E-028  7.87651E-001  2.16048E-023  4.80527E-016  1.21193E-010  1.28514E-036  1.00000E-040  1.18162E-029  2.35570E-024  1.21184E-010  8.07947E-016  4.51776E-012  3.89910E-016  2.43141E-007  6.82882E-011  1.27217E-006  2.52003E-010  1.39255E-013  3.94018E-020  8.35776E-011  3.99689E-009  1.35428E-013  1.93778E-031  3.24281E-036  1.00000E-040  6.60468E-031  1.41086E-018  2.01772E-023  1.27429E-021  1.15567E-017  1.19872E-024  1.01115E-024  1.00000E-040  1.00000E-040  1.13956E-029  1.00000E-040  1.17139E-028  1.00000E-040  3.77554E-039  5.89291E-025  6.81730E-018  1.45507E-034  3.26600E-036  9.64279E-022  1.57264E-016  1.66090E-018  1.92434E-013  9.24886E-028  3.50411E-012  1.00000E-040  2.87535E-015  1.00000E-040  5.17644E-025  1.42396E-031  4.99537E-023  2.43712E-025  1.02830E-013  8.89241E-025  1.77534E-019  7.22619E-019  1.81597E-014  1.00000E-040  1.24680E-037  5.50135E-025  1.00000E-040  3.64670E-026  2.56987E-011  9.97012E-038  1.00000E-003  1.00000E-005  1.00000E-005  1.00000E-005  1.00000E-005  1.00000E-005  1.00000E-005  1.00000E-005  1.00000E-005  1.00000E-005  1.00000E-005  1.00000E-005  1.00000E-005  1.00000E-005  1.00000E-005  1.00000E-005  
1.95000E+001  6.20610E-002  2.14451E+018  2.09608E+002  4.20491E+003  1.00000E-040  1.00000E-040  1.00000E-040  4.35897E-010  1.00000E-040  1.00000E-040  1.00000E-040  1.00000E-040  1.00000E-040  1.00000E-040  1.00000E-040  1.00000E-040  1.00000E-040  1.00000E-040  5.41011E-023  1.00000E-040  1.00000E-040  9.34037E-021  4.65066E-007  1.45265E-005  4.32186E-013  2.59955E-013  2.12046E-001  4.69295E-009  2.83207E-004  7.66821E-023  6.71747E-012  1.00000E-040  1.00000E-040  3.53103E-032  1.31528E-019  6.77554E-007  5.34968E-026  9.83897E-028  5.61294E-038  7.18529E-037  1.00000E-040  3.30011E-019  9.18539E-021  1.53052E-018  1.80467E-013  1.00000E-040  1.00000E-040  2.43037E-010  2.39446E-037  4.63514E-011  1.38730E-027  7.87654E-001  2.70466E-023  3.82083E-016  8.67944E-011  2.13998E-036  1.00000E-040  1.60152E-029  2.94548E-024  1.52477E-010  6.95219E-016  6.31461E-012  3.92913E-016  2.34258E-007  1.02829E-010  1.64979E-006  3.67040E-010  2.20533E-013  1.05381E-019  8.78672E-011  5.19759E-009  1.77678E-013  1.70000E-031  3.49931E-036  1.45638E-037  7.76554E-031  6.39856E-019  2.01758E-023  1.99965E-021  1.96748E-017  1.55632E-024  1.65459E-024  1.00000E-040  1.00000E-040  1.13950E-029  1.00000E-040  1.53552E-028  1.00000E-040  6.32589E-039  7.30995E-025  6.11699E-018  3.57244E-034  7.46646E-036  5.89311E-022  1.58452E-016  2.21024E-018  1.95003E-013  7.57311E-028  1.90537E-012  1.00000E-040  2.22743E-015  1.00000E-040  5.95062E-025  1.48841E-031  4.99513E-023  2.31581E-025  1.16303E-013  1.42947E-024  2.99020E-019  2.84941E-019  1.80680E-014  1.00000E-040  1.22420E-037  9.56249E-025  1.00000E-040  3.09697E-026  2.35970E-011  9.46579E-038  1.00000E-003  1.00000E-005  1.00000E-005  1.00000E-005  1.00000E-005  1.00000E-005  1.00000E-005  1.00000E-005  1.00000E-005  1.00000E-005  1.00000E-005  1.00000E-005  1.00000E-005  1.00000E-005  1.00000E-005  1.00000E-005  
2.05000E+001  5.28205E-002  1.80682E+018  2.11741E+002  4.72335E+003  1.00000E-040  1.00000E-040  1.00000E-040  4.34004E-010  1.00000E-040  1.00000E-040  1.00000E-040  1.00000E-040  1.00000E-040  1.00000E-040  1.00000E-040  1.00000E-040  1.00000E-040  1.00000E-040  5.49224E-023  1.00000E-040  1.00000E-040  1.44001E-020  4.55521E-007  1.45878E-005  5.64475E-013  4.75300E-013  2.12043E-001  4.31587E-009  2.83220E-004  1.09535E-022  7.70259E-012  1.00000E-040  1.00000E-040  8.11766E-032  2.24388E-019  6.50246E-007  1.39490E-025  1.38075E-027  4.96257E-038  4.34739E-037  1.00000E-040  3.30438E-019  9.13648E-021  2.10617E-018  2.64806E-013  1.00000E-040  1.00000E-040  2.20735E-010  4.19444E-037  4.58202E-011  3.92854E-027  7.87656E-001  3.40787E-023  3.12657E-016  5.94647E-011  3.37361E-036  1.00000E-040  2.14152E-029  3.63379E-024  1.90816E-010  6.10411E-016  8.58020E-012  3.90761E-016  2.24665E-007  1.47081E-010  2.06720E-006  5.13017E-010  3.29769E-013  2.95810E-019  9.18162E-011  6.43565E-009  2.50162E-013  1.46337E-031  3.81693E-036  4.44335E-034  8.85089E-031  3.05153E-019  2.01743E-023  3.08734E-021  3.32756E-017  2.09519E-024  2.68013E-024  1.00000E-040  1.00000E-040  1.13945E-029  1.00000E-040  1.94677E-028  1.00000E-040  1.04166E-038  8.95721E-025  5.59843E-018  8.55928E-034  1.61226E-035  3.60369E-022  1.58975E-016  2.91729E-018  1.90824E-013  6.54612E-028  1.02859E-012  1.00000E-040  1.76055E-015  1.07811E-040  6.98364E-025  1.53750E-031  4.99488E-023  2.17232E-025  1.30397E-013  2.47528E-024  4.91160E-019  1.16444E-019  1.79686E-014  1.00000E-040  1.27000E-037  1.62830E-024  1.00000E-040  2.83420E-026  2.15565E-011  8.93079E-038  1.00000E-003  1.00000E-005  1.00000E-005  1.00000E-005  1.00000E-005  1.00000E-005  1.00000E-005  1.00000E-005  1.00000E-005  1.00000E-005  1.00000E-005  1.00000E-005  1.00000E-005  1.00000E-005  1.00000E-005  1.00000E-005  
2.15000E+001  4.50266E-002  1.52695E+018  2.13581E+002  5.25999E+003  1.00000E-040  1.00000E-040  1.00000E-040  4.28487E-010  1.00000E-040  1.00000E-040  1.00000E-040  1.00000E-040  1.00000E-040  1.00000E-040  1.00000E-040  1.00000E-040  1.00000E-040  1.00000E-040  5.56352E-023  1.00000E-040  1.00000E-040  2.28744E-020  4.45268E-007  1.46507E-005  7.38439E-013  8.39307E-013  2.12039E-001  4.17813E-009  2.83233E-004  1.54849E-022  8.73561E-012  1.00000E-040  1.00000E-040  1.82174E-031  3.74881E-019  6.22428E-007  3.37572E-025  1.81567E-027  5.22040E-037  5.97676E-036  1.00000E-040  3.31853E-019  9.18082E-021  3.13216E-018  4.01969E-013  1.00000E-040  1.00000E-040  1.97631E-010  7.02836E-037  4.53207E-011  1.23968E-026  7.87659E-001  4.31101E-023  2.63790E-016  3.86042E-011  5.12411E-036  1.00000E-040  2.83330E-029  4.46638E-024  2.38341E-010  5.48790E-016  1.13271E-011  3.85598E-016  2.14566E-007  1.99975E-010  2.52142E-006  6.92418E-010  4.64944E-013  8.14186E-019  9.60705E-011  7.66490E-009  3.67457E-013  1.23538E-031  4.12848E-036  1.00000E-040  9.92835E-031  1.53022E-019  2.01727E-023  4.71175E-021  5.56158E-017  2.89866E-024  4.30489E-024  1.00000E-040  1.00000E-040  1.14851E-029  1.00000E-040  2.40532E-028  1.00000E-040  1.70654E-038  1.09580E-024  5.21563E-018  1.98921E-033  3.28641E-035  2.25569E-022  1.61614E-016  3.83105E-018  1.82790E-013  5.81079E-028  5.55064E-013  9.24288E-037  1.46877E-015  1.75805E-040  8.35765E-025  1.58824E-031  4.99460E-023  2.05343E-025  1.44072E-013  4.42873E-024  7.92008E-019  4.97291E-020  1.78633E-014  1.00000E-040  1.29972E-037  2.70387E-024  1.00000E-040  2.68624E-026  1.96206E-011  8.38778E-038  1.00000E-003  1.00000E-005  1.00000E-005  1.00000E-005  1.00000E-005  1.00000E-005  1.00000E-005  1.00000E-005  1.00000E-005  1.00000E-005  1.00000E-005  1.00000E-005  1.00000E-005  1.00000E-005  1.00000E-005  1.00000E-005  
2.25000E+001  3.84357E-002  1.29317E+018  2.15277E+002  5.99062E+003  1.00000E-040  1.00000E-040  1.00000E-040  4.18588E-010  1.00000E-040  1.00000E-040  1.00000E-040  1.00000E-040  1.00000E-040  1.00000E-040  1.00000E-040  1.00000E-040  1.00000E-040  1.00000E-040  5.62771E-023  1.00000E-040  1.00000E-040  3.71055E-020  4.34398E-007  1.47146E-005  9.70721E-013  1.44595E-012  2.12036E-001  4.17634E-009  2.83245E-004  2.18734E-022  9.87228E-012  1.00000E-040  1.00000E-040  4.06357E-031  6.21034E-019  5.94385E-007  7.66066E-025  2.24507E-027  1.63659E-038  3.08048E-037  1.00000E-040  3.27688E-019  9.31409E-021  4.94349E-018  6.14325E-013  1.00000E-040  1.00000E-040  1.74091E-010  1.15609E-036  4.48530E-011  3.99409E-026  7.87662E-001  5.39228E-023  2.24262E-016  2.33589E-011  7.25877E-036  1.00000E-040  3.75063E-029  5.51680E-024  2.98200E-010  4.96232E-016  1.46442E-011  3.80491E-016  2.04058E-007  2.60882E-010  3.01245E-006  9.14457E-010  6.28408E-013  2.19415E-018  1.00871E-010  8.84975E-009  5.47945E-013  1.03983E-031  4.55435E-036  1.00000E-040  1.10353E-030  7.68875E-020  2.01710E-023  7.14167E-021  9.25104E-017  4.11554E-024  6.90140E-024  1.00000E-040  1.00000E-040  1.12794E-029  1.00000E-040  2.91608E-028  1.00000E-040  2.81911E-038  1.34936E-024  4.92946E-018  4.58005E-033  6.46110E-035  1.43453E-022  1.64776E-016  5.03213E-018  1.72841E-013  5.28895E-028  2.99406E-013  1.00000E-040  1.26790E-015  2.89235E-040  1.02279E-024  1.66197E-031  4.99432E-023  1.97424E-025  1.57856E-013  7.97503E-024  1.26337E-018  2.12209E-020  1.77528E-014  1.00000E-040  1.38102E-037  4.46501E-024  1.00000E-040  2.62025E-026  1.77994E-011  7.86113E-038  1.00000E-003  1.00000E-005  1.00000E-005  1.00000E-005  1.00000E-005  1.00000E-005  1.00000E-005  1.00000E-005  1.00000E-005  1.00000E-005  1.00000E-005  1.00000E-005  1.00000E-005  1.00000E-005  1.00000E-005  1.00000E-005  
2.35000E+001  3.28519E-002  1.09678E+018  2.16949E+002  6.81524E+003  1.00000E-040  1.00000E-040  1.00000E-040  4.02948E-010  1.00000E-040  1.00000E-040  1.00000E-040  1.00000E-040  1.00000E-040  1.00000E-040  1.00000E-040  1.00000E-040  1.00000E-040  1.00000E-040  5.68792E-023  1.00000E-040  1.00000E-040  6.12200E-020  4.23052E-007  1.47785E-005  1.28578E-012  2.44355E-012  2.12032E-001  4.25104E-009  2.83257E-004  3.10908E-022  1.11747E-011  1.00000E-040  1.00000E-040  9.13373E-031  1.02960E-018  5.66496E-007  1.64553E-024  2.62739E-027  3.95828E-037  4.44510E-036  1.00000E-040  3.17637E-019  9.56438E-021  8.16147E-018  9.22983E-013  1.00000E-040  1.00000E-040  1.50654E-010  1.90444E-036  4.44180E-011  1.24728E-025  7.87665E-001  6.52988E-023  1.84296E-016  1.29729E-011  1.00852E-035  1.00000E-040  5.01002E-029  6.88264E-024  3.75670E-010  4.38860E-016  1.85840E-011  3.77275E-016  1.93298E-007  3.26575E-010  3.53361E-006  1.19372E-009  8.21820E-013  5.76515E-018  1.06658E-010  9.94143E-009  8.34216E-013  8.72652E-032  5.08230E-036  1.00000E-040  1.21919E-030  3.55659E-020  2.01692E-023  1.07565E-020  1.53628E-016  5.97423E-024  1.10645E-023  1.00000E-040  1.00000E-040  1.13396E-029  1.00000E-040  3.47912E-028  1.00000E-040  4.73844E-038  1.67984E-024  4.71415E-018  1.06163E-032  1.24015E-034  9.24167E-023  1.67357E-016  6.63604E-018  1.62163E-013  4.94962E-028  1.61816E-013  1.22169E-036  1.11437E-015  4.83669E-040  1.28129E-024  1.78092E-031  4.99402E-023  1.94320E-025  1.71869E-013  1.41242E-023  2.00016E-018  8.34916E-021  1.76383E-014  1.00000E-040  1.51167E-037  7.44167E-024  1.00000E-040  2.63303E-026  1.61056E-011  7.38813E-038  1.00000E-003  1.00000E-005  1.00000E-005  1.00000E-005  1.00000E-005  1.00000E-005  1.00000E-005  1.00000E-005  1.00000E-005  1.00000E-005  1.00000E-005  1.00000E-005  1.00000E-005  1.00000E-005  1.00000E-005  1.00000E-005  
2.45000E+001  2.81150E-002  9.31313E+017  2.18655E+002  7.73991E+003  1.00000E-040  1.57954E-040  1.00000E-040  3.80030E-010  1.00000E-040  1.00000E-040  1.00000E-040  1.00000E-040  1.00000E-040  1.00000E-040  1.00000E-040  1.00000E-040  1.00000E-040  1.00000E-040  5.74583E-023  1.00000E-040  1.00000E-040  1.02566E-019  4.11249E-007  1.48425E-005  1.72058E-012  4.06502E-012  2.12029E-001  4.36661E-009  2.83267E-004  4.46457E-022  1.26964E-011  1.00000E-040  1.00000E-040  2.08543E-030  1.71612E-018  5.38798E-007  3.36610E-024  2.91447E-027  1.00000E-040  1.00000E-040  1.00000E-040  3.01211E-019  9.94482E-021  1.39090E-017  1.34009E-012  1.00000E-040  1.00000E-040  1.27662E-010  3.17500E-036  4.40115E-011  3.69861E-025  7.87668E-001  7.51701E-023  1.38651E-016  6.48073E-012  1.33580E-035  1.00000E-040  6.81448E-029  8.73570E-024  4.79325E-010  3.69361E-016  2.31473E-011  3.77177E-016  1.82331E-007  3.91171E-010  4.07664E-006  1.55352E-009  1.04543E-012  1.46704E-017  1.14140E-010  1.08968E-008  1.30643E-012  7.31604E-032  5.74950E-036  1.00000E-040  1.34400E-030  1.35742E-020  2.01674E-023  1.61598E-020  2.55462E-016  8.85997E-024  1.78142E-023  1.00000E-040  1.00000E-040  1.13248E-029  1.00000E-040  4.09468E-028  1.00000E-040  8.18846E-038  2.12831E-024  4.54163E-018  2.50002E-032  2.34470E-034  6.00334E-023  1.68942E-016  8.80417E-018  1.51452E-013  4.76711E-028  8.73116E-014  1.00000E-040  9.90715E-016  8.30165E-040  1.64971E-024  1.97613E-031  4.99372E-023  1.97552E-025  1.85570E-013  2.42280E-023  3.14977E-018  2.72722E-021  1.75197E-014  1.00000E-040  1.69965E-037  1.26255E-023  1.00000E-040  2.72287E-026  1.45298E-011  7.01423E-038  1.00000E-003  1.00000E-005  1.00000E-005  1.00000E-005  1.00000E-005  1.00000E-005  1.00000E-005  1.00000E-005  1.00000E-005  1.00000E-005  1.00000E-005  1.00000E-005  1.00000E-005  1.00000E-005  1.00000E-005  1.00000E-005  
2.55000E+001  2.40923E-002  7.91547E+017  2.20454E+002  8.74643E+003  1.00000E-040  4.06394E-040  1.00000E-040  3.48038E-010  1.00000E-040  1.00000E-040  1.00000E-040  1.00000E-040  1.00000E-040  1.00000E-040  1.00000E-040  1.00000E-040  1.00000E-040  1.00000E-040  5.80315E-023  1.00000E-040  1.00000E-040  1.74494E-019  3.98988E-007  1.49066E-005  2.33044E-012  6.66801E-012  2.12025E-001  4.50016E-009  2.83277E-004  6.49209E-022  1.44881E-011  1.00000E-040  1.00000E-040  4.86490E-030  2.88483E-018  5.11281E-007  6.57809E-024  3.06282E-027  9.41389E-039  1.05057E-037  1.00000E-040  2.78743E-019  1.04825E-020  2.41023E-017  1.85675E-012  1.00000E-040  1.00000E-040  1.05514E-010  5.40762E-036  4.36291E-011  1.03321E-024  7.87671E-001  8.20135E-023  9.10526E-017  2.85571E-012  1.73376E-035  1.00000E-040  9.50766E-029  1.13606E-023  6.21787E-010  2.96125E-016  2.82820E-011  3.81426E-016  1.71199E-007  4.46568E-010  4.62482E-006  2.02492E-009  1.29676E-012  3.60341E-017  1.24014E-010  1.16630E-008  2.11894E-012  6.13513E-032  6.60432E-036  1.00000E-040  1.48038E-030  3.88671E-021  2.01655E-023  2.42926E-020  4.25425E-016  1.34177E-023  2.89004E-023  1.00000E-040  1.00000E-040  1.15344E-029  1.00000E-040  4.75671E-028  1.00000E-040  1.46891E-037  2.76136E-024  4.39956E-018  6.02214E-032  4.39887E-034  3.90826E-023  1.69222E-016  1.17602E-017  1.41039E-013  4.74180E-028  4.68231E-014  6.66247E-036  8.85503E-016  1.47319E-039  2.19227E-024  2.29210E-031  4.99341E-023  2.09250E-025  1.98464E-013  3.97919E-023  4.93466E-018  6.75496E-022  1.73965E-014  1.00000E-040  1.79217E-037  2.19408E-023  1.00000E-040  2.90359E-026  1.30614E-011  6.80380E-038  1.00000E-003  1.00000E-005  1.00000E-005  1.00000E-005  1.00000E-005  1.00000E-005  1.00000E-005  1.00000E-005  1.00000E-005  1.00000E-005  1.00000E-005  1.00000E-005  1.00000E-005  1.00000E-005  1.00000E-005  1.00000E-005  
2.65000E+001  2.06724E-002  6.73581E+017  2.22289E+002  9.76505E+003  1.00000E-040  1.03981E-039  1.00000E-040  3.05515E-010  1.00000E-040  1.00000E-040  1.00000E-040  1.00000E-040  1.00000E-040  1.00000E-040  1.00000E-040  1.00000E-040  1.00000E-040  1.00000E-040  5.85893E-023  1.00000E-040  1.00000E-040  3.00721E-019  3.86203E-007  1.49711E-005  3.19687E-012  1.07718E-011  2.12021E-001  4.63413E-009  2.83286E-004  9.53396E-022  1.65420E-011  1.00000E-040  1.00000E-040  1.15449E-029  4.87047E-018  4.83816E-007  1.22572E-023  3.02408E-027  1.00000E-040  1.00000E-040  1.00000E-040  2.50766E-019  1.11852E-020  4.17231E-017  2.43395E-012  1.00000E-040  1.00000E-040  8.45850E-011  9.34060E-036  4.32656E-011  2.72464E-024  7.87674E-001  8.64415E-023  5.02611E-017  1.08747E-012  2.07001E-035  1.00000E-040  1.36797E-028  1.52450E-023  8.20726E-010  2.37463E-016  3.38176E-011  3.90032E-016  1.59908E-007  4.83810E-010  5.15455E-006  2.63888E-009  1.55999E-012  8.41682E-017  1.37046E-010  1.21884E-008  3.52491E-012  5.14841E-032  7.72342E-036  1.00000E-040  1.63199E-030  7.76430E-022  2.01636E-023  3.66943E-020  7.08380E-016  2.07394E-023  4.73278E-023  1.00000E-040  1.00000E-040  1.12097E-029  1.00000E-040  5.45371E-028  1.13970E-040  2.75472E-037  3.69129E-024  4.28340E-018  1.47585E-031  8.20790E-034  2.54123E-023  1.69200E-016  1.57895E-017  1.31165E-013  4.85317E-028  2.47661E-014  2.29927E-035  8.02354E-016  2.72247E-039  3.01951E-024  2.80113E-031  4.99308E-023  2.33262E-025  2.09496E-013  6.21775E-023  7.68047E-018  1.18639E-022  1.72676E-014  1.00000E-040  1.90555E-037  3.88680E-023  1.00000E-040  3.17136E-026  1.16862E-011  6.84791E-038  1.00000E-003  1.00000E-005  1.00000E-005  1.00000E-005  1.00000E-005  1.00000E-005  1.00000E-005  1.00000E-005  1.00000E-005  1.00000E-005  1.00000E-005  1.00000E-005  1.00000E-005  1.00000E-005  1.00000E-005  1.00000E-005  
2.75000E+001  1.77612E-002  5.74020E+017  2.24110E+002  1.09262E+004  1.00000E-040  2.64532E-039  1.00000E-040  2.51545E-010  1.00000E-040  1.00000E-040  1.00000E-040  1.00000E-040  1.00000E-040  1.00000E-040  1.00000E-040  1.00000E-040  1.00000E-040  1.00000E-040  5.91236E-023  1.00000E-040  1.00000E-040  5.23581E-019  3.72884E-007  1.50361E-005  4.43492E-012  1.71061E-011  2.12017E-001  4.75444E-009  2.83295E-004  1.40761E-021  1.88084E-011  1.00000E-040  1.00000E-040  2.76678E-029  8.21614E-018  4.56399E-007  2.16625E-023  2.77480E-027  1.00000E-040  1.00000E-040  1.00000E-040  2.19582E-019  1.20810E-020  7.07538E-017  3.00150E-012  1.00000E-040  1.00000E-040  6.53952E-011  1.62314E-035  4.29181E-011  6.79125E-024  7.87678E-001  9.16141E-023  2.28336E-017  3.52629E-013  2.33021E-035  1.00000E-040  2.03375E-028  2.11834E-023  1.09849E-009  2.07906E-016  3.95282E-011  4.02530E-016  1.48530E-007  4.96534E-010  5.63327E-006  3.41533E-009  1.80827E-012  1.84632E-016  1.53655E-010  1.24218E-008  5.90876E-012  4.32793E-032  9.20029E-036  1.00000E-040  1.79806E-030  1.04293E-022  2.01615E-023  5.58086E-020  1.17569E-015  3.26392E-023  7.81639E-023  1.00000E-040  1.00000E-040  1.06205E-029  1.00000E-040  6.16577E-028  3.46153E-040  5.40892E-037  5.09581E-024  4.20248E-018  3.64981E-031  1.52734E-033  1.64270E-023  1.69725E-016  2.12427E-017  1.21912E-013  5.09842E-028  1.28413E-014  3.15167E-035  7.40849E-016  5.24711E-039  4.31207E-024  3.61667E-031  4.99273E-023  2.74951E-025  2.18189E-013  9.19243E-023  1.18459E-017  1.42900E-023  1.71323E-014  1.00000E-040  2.03680E-037  6.96515E-023  1.00000E-040  3.52904E-026  1.03988E-011  7.27852E-038  1.00000E-003  1.00000E-005  1.00000E-005  1.00000E-005  1.00000E-005  1.00000E-005  1.00000E-005  1.00000E-005  1.00000E-005  1.00000E-005  1.00000E-005  1.00000E-005  1.00000E-005  1.00000E-005  1.00000E-005  1.00000E-005  
2.85000E+001  1.52794E-002  4.89877E+017  2.25910E+002  1.22719E+004  1.00000E-040  6.69245E-039  1.00000E-040  1.84686E-010  1.00000E-040  1.00000E-040  1.00000E-040  1.00000E-040  1.00000E-040  1.00000E-040  1.00000E-040  1.00000E-040  1.00000E-040  1.00000E-040  5.96358E-023  1.00000E-040  1.00000E-040  9.19278E-019  3.59135E-007  1.51009E-005  6.19984E-012  2.66770E-011  2.12013E-001  4.85084E-009  2.83302E-004  2.07892E-021  2.12089E-011  1.00000E-040  1.00000E-040  6.64609E-029  1.37949E-017  4.29267E-007  3.60714E-023  2.34375E-027  5.53834E-037  6.21840E-036  1.00000E-040  1.88928E-019  1.32579E-020  1.15377E-016  3.47016E-012  1.00000E-040  1.00000E-040  4.85846E-011  2.82561E-035  4.25872E-011  1.59712E-023  7.87681E-001  1.01262E-022  8.55100E-018  9.74145E-014  2.53163E-035  1.00000E-040  3.11586E-028  3.04166E-023  1.47988E-009  2.08769E-016  4.52191E-011  4.18008E-016  1.37251E-007  4.83960E-010  6.02423E-006  4.34702E-009  2.01158E-012  3.77776E-016  1.73564E-010  1.23265E-008  9.88722E-012  3.65330E-032  1.11381E-035  1.00000E-040  1.97124E-030  9.50649E-024  2.01594E-023  8.53670E-020  1.93517E-015  5.20275E-023  1.29702E-022  1.00000E-040  1.00000E-040  1.00198E-029  1.00000E-040  6.86723E-028  9.84596E-040  1.10566E-036  7.24251E-024  4.17763E-018  9.03920E-031  2.81297E-033  1.05278E-023  1.71127E-016  2.85329E-017  1.13214E-013  5.50432E-028  6.53027E-015  5.77249E-035  6.95210E-016  1.04791E-038  6.35047E-024  4.91001E-031  4.99238E-023  3.41260E-025  2.25061E-013  1.27795E-022  1.80510E-017  1.19122E-024  1.69909E-014  1.00000E-040  2.31998E-037  1.25289E-022  1.00000E-040  3.99732E-026  9.20538E-012  8.27866E-038  1.00000E-003  1.00000E-005  1.00000E-005  1.00000E-005  1.00000E-005  1.00000E-005  1.00000E-005  1.00000E-005  1.00000E-005  1.00000E-005  1.00000E-005  1.00000E-005  1.00000E-005  1.00000E-005  1.00000E-005  1.00000E-005  
2.95000E+001  1.31607E-002  4.18670E+017  2.27679E+002  1.33027E+004  1.00000E-040  1.68395E-038  1.00000E-040  1.04596E-010  1.00000E-040  1.00000E-040  1.00000E-040  1.00000E-040  1.00000E-040  1.00000E-040  1.00000E-040  1.00000E-040  1.00000E-040  1.00000E-040  6.01262E-023  1.00000E-040  1.00000E-040  1.62601E-018  3.44820E-007  1.51662E-005  8.69466E-012  4.08924E-011  2.12009E-001  4.91901E-009  2.83308E-004  3.05130E-021  2.36086E-011  1.00000E-040  1.00000E-040  1.58437E-028  2.29309E-017  4.02160E-007  5.59881E-023  1.78436E-027  5.68532E-038  6.74396E-037  1.00000E-040  1.60905E-019  1.47700E-020  1.77859E-016  3.75699E-012  2.74837E-040  1.00000E-040  3.43663E-011  4.89989E-035  4.22673E-011  3.54431E-023  7.87685E-001  1.17164E-022  2.62599E-018  2.27640E-014  2.59431E-035  1.00000E-040  4.92791E-028  4.51547E-023  1.99308E-009  2.31523E-016  5.07016E-011  4.34767E-016  1.26060E-007  4.49969E-010  6.30349E-006  5.40158E-009  2.14622E-012  7.16741E-016  1.96246E-010  1.19117E-008  1.64458E-011  3.09615E-032  1.36592E-035  1.00000E-040  2.14342E-030  5.87292E-025  2.01572E-023  1.32024E-019  3.16177E-015  8.41046E-023  2.16873E-022  1.00000E-040  1.00000E-040  9.19450E-030  1.00000E-040  7.54253E-028  2.58466E-039  2.34336E-036  1.06004E-023  4.20650E-018  2.21951E-030  5.31780E-033  6.60335E-024  1.72322E-016  3.80724E-017  1.04795E-013  6.11425E-028  3.22829E-015  1.00000E-040  6.60401E-016  2.16218E-038  9.62592E-024  6.98499E-031  4.99200E-023  4.43973E-025  2.30255E-013  1.66269E-022  2.71271E-017  6.84341E-026  1.68410E-014  1.00000E-040  2.49499E-037  2.24005E-022  1.00000E-040  4.58861E-026  8.09124E-012  1.01389E-037  1.00000E-003  1.00000E-005  1.00000E-005  1.00000E-005  1.00000E-005  1.00000E-005  1.00000E-005  1.00000E-005  1.00000E-005  1.00000E-005  1.00000E-005  1.00000E-005  1.00000E-005  1.00000E-005  1.00000E-005  1.00000E-005  
3.05000E+001  1.13497E-002  3.58166E+017  2.29517E+002  1.46946E+004  1.00000E-040  4.21647E-038  1.00000E-040  1.42730E-011  1.00000E-040  1.00000E-040  1.00000E-040  1.00000E-040  1.00000E-040  1.00000E-040  1.00000E-040  1.00000E-040  1.00000E-040  1.00000E-040  6.06188E-023  1.00000E-040  1.00000E-040  2.90553E-018  3.29903E-007  1.52321E-005  1.21725E-011  6.17798E-011  2.12005E-001  4.95964E-009  2.83312E-004  4.43288E-021  2.59048E-011  1.00000E-040  1.00000E-040  3.73384E-028  3.77273E-017  3.75033E-007  8.02935E-023  1.20333E-027  1.00000E-040  1.00000E-040  1.00000E-040  1.36975E-019  1.67020E-020  2.55498E-016  3.80514E-012  8.31087E-040  1.00000E-040  2.29317E-011  8.52738E-035  4.19561E-011  7.39889E-023  7.87689E-001  1.39350E-022  6.64438E-019  4.50817E-015  2.70157E-035  1.00000E-040  8.02643E-028  6.89785E-023  2.66548E-009  2.66431E-016  5.58976E-011  4.51556E-016  1.15038E-007  4.01684E-010  6.45312E-006  6.52020E-009  2.20853E-012  1.26839E-015  2.20346E-010  1.12044E-008  2.67555E-011  2.63581E-032  1.68700E-035  1.00000E-040  2.29835E-030  2.50186E-026  2.01548E-023  2.06649E-019  5.13173E-015  1.37711E-022  3.65841E-022  1.00000E-040  1.97759E-040  8.84872E-030  1.00000E-040  8.17637E-028  6.21715E-039  5.10530E-036  1.59075E-023  4.28895E-018  5.39116E-030  1.03020E-032  3.98649E-024  1.70197E-016  5.02524E-017  9.62681E-014  7.06313E-028  1.54190E-015  2.96603E-036  6.23863E-016  4.56122E-038  1.49214E-023  1.03118E-030  4.99159E-023  5.97589E-025  2.34662E-013  2.00952E-022  4.01231E-017  2.73936E-027  1.66810E-014  1.00000E-040  2.84017E-037  3.96803E-022  1.00000E-040  5.36900E-026  7.05240E-012  1.33079E-037  1.00000E-003  1.00000E-005  1.00000E-005  1.00000E-005  1.00000E-005  1.00000E-005  1.00000E-005  1.00000E-005  1.00000E-005  1.00000E-005  1.00000E-005  1.00000E-005  1.00000E-005  1.00000E-005  1.00000E-005  1.00000E-005  
3.15000E+001  9.80034E-003  3.06626E+017  2.31499E+002  1.63646E+004  1.00000E-040  1.05080E-037  1.00000E-040  4.12939E-029  1.00000E-040  1.00000E-040  1.00000E-040  1.00000E-040  1.00000E-040  1.00000E-040  1.00000E-040  1.00000E-040  1.00000E-040  1.00000E-040  6.11317E-023  1.00000E-040  1.00000E-040  5.26604E-018  3.14686E-007  1.52972E-005  1.69361E-011  9.22260E-011  2.12001E-001  4.97693E-009  2.83316E-004  6.35731E-021  2.80294E-011  1.00000E-040  1.00000E-040  8.67026E-028  6.14553E-017  3.48427E-007  1.06220E-022  7.17190E-028  2.76545E-038  3.11962E-037  1.00000E-040  1.18023E-019  1.92337E-020  3.39979E-016  3.61229E-012  2.25290E-039  1.00000E-040  1.44305E-011  1.49575E-034  4.16576E-011  1.45083E-022  7.87693E-001  1.66947E-022  1.42996E-019  7.78347E-016  2.70278E-035  1.00000E-040  1.32923E-027  1.06929E-022  3.51550E-009  3.05612E-016  6.08205E-011  4.66899E-016  1.04493E-007  3.47503E-010  6.46960E-006  7.60947E-009  2.20458E-012  2.10560E-015  2.43745E-010  1.02543E-008  3.54351E-011  2.25979E-032  2.08687E-035  1.00000E-040  2.41996E-030  7.83545E-028  2.01523E-023  3.24970E-019  8.23869E-015  2.26325E-022  6.18250E-022  1.00000E-040  4.11322E-040  8.44248E-030  1.00000E-040  8.75926E-028  1.36830E-038  1.12330E-035  2.41634E-023  4.43689E-018  1.29265E-029  1.99923E-032  2.31850E-024  1.62754E-016  6.54515E-017  8.74958E-014  8.57118E-028  7.18144E-016  1.00000E-040  5.78231E-016  9.64483E-038  2.33243E-023  1.54858E-030  4.99116E-023  8.14245E-025  2.39426E-013  2.24801E-022  5.82812E-017  8.09020E-029  1.65129E-014  1.00000E-040  3.52221E-037  6.94258E-022  1.00000E-040  6.45506E-026  6.10627E-012  1.83816E-037  1.00000E-003  1.00000E-005  1.00000E-005  1.00000E-005  1.00000E-005  1.00000E-005  1.00000E-005  1.00000E-005  1.00000E-005  1.00000E-005  1.00000E-005  1.00000E-005  1.00000E-005  1.00000E-005  1.00000E-005  1.00000E-005  
3.25000E+001  8.47399E-003  2.62667E+017  2.33668E+002  1.77833E+004  1.00000E-040  2.60600E-037  1.00000E-040  8.04670E-029  1.00000E-040  1.00000E-040  1.00000E-040  1.00000E-040  1.00000E-040  1.00000E-040  1.00000E-040  1.00000E-040  1.00000E-040  1.00000E-040  6.16754E-023  1.00000E-040  1.00000E-040  9.71762E-018  2.99162E-007  1.53615E-005  2.33352E-011  1.36369E-010  2.11997E-001  4.97643E-009  2.83317E-004  8.96908E-021  2.98949E-011  1.00000E-040  1.00000E-040  1.97389E-027  9.89295E-017  3.22293E-007  1.29216E-022  3.73393E-028  9.62016E-039  1.07052E-037  1.00000E-040  1.02498E-019  2.23089E-020  4.16856E-016  3.21856E-012  5.36879E-039  1.00000E-040  8.50455E-012  2.64612E-034  4.13694E-011  2.67706E-022  7.87697E-001  1.98913E-022  2.65816E-020  1.18886E-016  2.63275E-035  1.00000E-040  2.22736E-027  1.67242E-022  4.55840E-009  3.42906E-016  6.54182E-011  4.79201E-016  9.44723E-008  2.93251E-010  6.36588E-006  8.58154E-009  2.14673E-012  3.28482E-015  2.64661E-010  9.13458E-009  4.17377E-011  1.94920E-032  2.57379E-035  1.00000E-040  2.49675E-030  1.87158E-029  2.01497E-023  5.14049E-019  1.30971E-014  3.73353E-022  1.04840E-021  1.00000E-040  8.74424E-040  8.08574E-030  1.00000E-040  9.29047E-028  2.74411E-038  2.47403E-035  3.70073E-023  4.63354E-018  3.04604E-029  3.97985E-032  1.29076E-024  1.48009E-016  8.38500E-017  7.83550E-014  1.09766E-027  3.25859E-016  1.00000E-040  5.21401E-016  2.02380E-037  3.66020E-023  2.33934E-030  4.99070E-023  1.10907E-024  2.44458E-013  2.32182E-022  8.30069E-017  1.81867E-030  1.63347E-014  1.00000E-040  4.30226E-037  1.19429E-021  1.00000E-040  7.99649E-026  5.24657E-012  2.63172E-037  1.00000E-003  1.00000E-005  1.00000E-005  1.00000E-005  1.00000E-005  1.00000E-005  1.00000E-005  1.00000E-005  1.00000E-005  1.00000E-005  1.00000E-005  1.00000E-005  1.00000E-005  1.00000E-005  1.00000E-005  1.00000E-005  
3.35000E+001  7.33813E-003  2.25018E+017  2.36203E+002  1.94692E+004  1.00000E-040  6.43292E-037  1.00000E-040  1.84025E-028  1.00000E-040  1.00000E-040  1.00000E-040  1.00000E-040  1.00000E-040  1.00000E-040  1.00000E-040  1.00000E-040  1.00000E-040  1.00000E-040  6.22895E-023  1.00000E-040  1.00000E-040  1.83801E-017  2.83318E-007  1.54250E-005  3.17447E-011  2.00523E-010  2.11993E-001  4.96364E-009  2.83316E-004  1.24539E-020  3.15232E-011  1.00000E-040  1.00000E-040  4.41937E-027  1.58025E-016  2.96569E-007  1.44479E-022  1.68385E-028  1.00000E-040  1.00000E-040  1.00000E-040  8.83184E-020  2.54456E-020  4.67888E-016  2.69515E-012  1.11348E-038  1.00000E-040  4.65426E-012  4.79990E-034  4.10885E-011  4.62908E-022  7.87701E-001  2.34507E-022  4.33838E-021  1.62925E-017  2.48329E-035  1.66840E-040  3.75246E-027  2.62102E-022  5.79400E-009  3.71793E-016  6.98491E-011  4.88328E-016  8.49977E-008  2.43427E-010  6.16089E-006  9.37020E-009  2.06318E-012  4.88953E-015  2.80677E-010  7.91441E-009  4.60918E-011  1.68869E-032  3.14268E-035  1.00000E-040  2.51290E-030  3.53315E-031  2.01469E-023  8.17825E-019  2.06546E-014  6.18289E-022  1.78884E-021  1.00000E-040  1.91865E-039  7.73229E-030  1.00000E-040  9.76615E-028  5.04089E-038  5.41029E-035  5.69137E-023  4.86187E-018  7.09441E-029  8.06731E-032  6.78295E-025  1.24657E-016  1.05425E-016  6.87876E-014  1.49069E-027  1.43715E-016  1.00000E-040  4.47210E-016  4.15218E-037  5.73915E-023  3.50538E-030  4.99019E-023  1.48581E-024  2.50453E-013  2.20302E-022  1.15828E-016  3.20106E-032  1.61447E-014  1.00000E-040  5.41284E-037  2.02734E-021  1.00000E-040  1.03314E-025  4.46677E-012  3.85184E-037  1.00000E-003  1.00000E-005  1.00000E-005  1.00000E-005  1.00000E-005  1.00000E-005  1.00000E-005  1.00000E-005  1.00000E-005  1.00000E-005  1.00000E-005  1.00000E-005  1.00000E-005  1.00000E-005  1.00000E-005  1.00000E-005  
3.45000E+001  6.36484E-003  1.92999E+017  2.38863E+002  2.14942E+004  1.00000E-040  1.57791E-036  1.00000E-040  4.37842E-028  1.00000E-040  1.00000E-040  1.00000E-040  1.00000E-040  1.00000E-040  1.00000E-040  1.00000E-040  1.00000E-040  1.00000E-040  1.00000E-040  6.29217E-023  1.00000E-040  1.00000E-040  3.54986E-017  2.67409E-007  1.54867E-005  4.26045E-011  2.92865E-010  2.11989E-001  4.93614E-009  2.83313E-004  1.69307E-020  3.27610E-011  1.00000E-040  1.00000E-040  9.59273E-027  2.47860E-016  2.71617E-007  1.49368E-022  6.56671E-029  6.74765E-036  7.56144E-035  1.00000E-040  7.52282E-020  2.84175E-020  4.84973E-016  2.13231E-012  1.98489E-038  1.00000E-040  2.36655E-012  8.66120E-034  4.08169E-011  7.58391E-022  7.87706E-001  2.72814E-022  6.47813E-022  2.06105E-018  2.28030E-035  3.98724E-040  6.23615E-027  4.05600E-022  7.20674E-009  3.89120E-016  7.39968E-011  4.92110E-016  7.62145E-008  2.00148E-010  5.89461E-006  9.88723E-009  1.94893E-012  6.79277E-015  2.91213E-010  6.68756E-009  4.89205E-011  1.46849E-032  3.80730E-035  1.00000E-040  2.48584E-030  5.63111E-033  2.01440E-023  1.29827E-018  3.20748E-014  1.01750E-021  3.03487E-021  1.00000E-040  4.13611E-039  7.38800E-030  1.00000E-040  1.02107E-027  8.42032E-038  1.15392E-034  8.68727E-023  5.09711E-018  1.60360E-028  1.62407E-031  3.43230E-025  9.87102E-017  1.29977E-016  5.93443E-014  2.09473E-027  6.20581E-017  1.00000E-040  3.75608E-016  8.21770E-037  8.90124E-023  5.11086E-030  4.98963E-023  1.93362E-024  2.55755E-013  1.94073E-022  1.58476E-016  4.71207E-034  1.59437E-014  1.00000E-040  6.99957E-037  3.34503E-021  1.00000E-040  1.36716E-025  3.77217E-012  5.65409E-037  1.00000E-003  1.00000E-005  1.00000E-005  1.00000E-005  1.00000E-005  1.00000E-005  1.00000E-005  1.00000E-005  1.00000E-005  1.00000E-005  1.00000E-005  1.00000E-005  1.00000E-005  1.00000E-005  1.00000E-005  1.00000E-005  
3.55000E+001  5.52986E-003  1.65725E+017  2.41681E+002  2.36775E+004  1.00000E-040  3.84554E-036  1.00000E-040  1.05228E-027  1.00000E-040  1.00000E-040  1.00000E-040  1.00000E-040  1.00000E-040  1.00000E-040  1.00000E-040  1.00000E-040  1.00000E-040  1.00000E-040  6.35798E-023  1.00000E-040  1.00000E-040  7.01500E-017  2.51630E-007  1.55461E-005  5.64296E-011  4.26187E-010  2.11984E-001  4.89364E-009  2.83308E-004  2.25914E-020  3.36505E-011  1.00000E-040  1.00000E-040  2.02435E-026  3.82568E-016  2.47654E-007  1.44569E-022  2.23077E-029  1.00000E-040  1.00000E-040  1.00000E-040  6.31663E-020  3.08625E-020  4.67907E-016  1.61002E-012  3.08389E-038  1.00000E-040  1.11802E-012  1.55981E-033  4.05549E-011  1.17789E-021  7.87711E-001  3.13598E-022  1.02534E-022  2.46366E-019  2.04176E-035  8.99912E-040  1.01027E-026  6.13321E-022  8.75995E-009  3.91754E-016  7.80879E-011  4.91340E-016  6.81801E-008  1.64367E-010  5.59745E-006  1.01036E-008  1.82324E-012  8.90536E-015  2.95183E-010  5.51843E-009  5.06678E-011  1.28068E-032  4.57069E-035  1.00000E-040  2.42382E-030  8.86826E-035  2.01409E-023  2.04772E-018  4.90689E-014  1.65710E-021  5.10180E-021  1.00000E-040  8.68143E-039  7.05646E-030  1.00000E-040  1.06463E-027  1.29787E-037  2.37691E-034  1.30744E-022  5.32068E-018  3.52906E-028  3.21335E-031  1.67767E-025  7.36032E-017  1.57322E-016  5.03374E-014  3.00892E-027  2.63441E-017  1.00000E-040  3.08354E-016  1.54898E-036  1.35740E-022  7.14110E-030  4.98899E-023  2.41068E-024  2.60392E-013  1.60373E-022  2.13297E-016  6.73848E-036  1.57323E-014  1.00000E-040  9.29936E-037  5.37923E-021  1.00000E-040  1.85475E-025  3.16131E-012  8.20530E-037  1.00000E-003  1.00000E-005  1.00000E-005  1.00000E-005  1.00000E-005  1.00000E-005  1.00000E-005  1.00000E-005  1.00000E-005  1.00000E-005  1.00000E-005  1.00000E-005  1.00000E-005  1.00000E-005  1.00000E-005  1.00000E-005  
3.65000E+001  4.81252E-003  1.42554E+017  2.44518E+002  2.67395E+004  1.00000E-040  9.30483E-036  1.00000E-040  2.52916E-027  1.00000E-040  1.00000E-040  1.00000E-040  1.00000E-040  1.00000E-040  1.00000E-040  1.00000E-040  1.00000E-040  1.00000E-040  1.00000E-040  6.42342E-023  1.00000E-040  1.00000E-040  1.41480E-016  2.36296E-007  1.56019E-005  7.39353E-011  6.18724E-010  2.11979E-001  4.83392E-009  2.83300E-004  2.96347E-020  3.41797E-011  1.00000E-040  1.34458E-040  4.14694E-026  5.79753E-016  2.25053E-007  1.33857E-022  6.75671E-030  1.00000E-040  1.00000E-040  1.00000E-040  5.29653E-020  3.30478E-020  4.29286E-016  1.18164E-012  4.28787E-038  1.00000E-040  4.94577E-013  2.76606E-033  4.03046E-011  1.74772E-021  7.87716E-001  3.57110E-022  3.42089E-023  2.87455E-020  1.78867E-035  1.89821E-039  1.57332E-026  8.95961E-022  1.04076E-008  3.80293E-016  8.21908E-011  4.86614E-016  6.09736E-008  1.35535E-010  5.29721E-006  1.00053E-008  1.68971E-012  1.10541E-014  2.92949E-010  4.46350E-009  5.16950E-011  1.12103E-032  5.46210E-035  1.00000E-040  2.34980E-030  3.77144E-036  2.01377E-023  3.18652E-018  7.37796E-014  2.65047E-021  8.42316E-021  1.00000E-040  1.72434E-038  6.74310E-030  1.00000E-040  1.11124E-027  1.87881E-037  4.67948E-034  1.92429E-022  5.51459E-018  7.53386E-028  6.13073E-031  8.06904E-026  5.30008E-017  1.87486E-016  4.21665E-014  4.34023E-027  1.10937E-017  1.00000E-040  2.52128E-016  2.75889E-036  2.02154E-022  9.43934E-030  4.98822E-023  2.85445E-024  2.63415E-013  1.27371E-022  2.83697E-016  2.51663E-037  1.55131E-014  1.00000E-040  1.26440E-036  8.41462E-021  1.00000E-040  2.55256E-025  2.63476E-012  1.16067E-036  1.00000E-003  1.00000E-005  1.00000E-005  1.00000E-005  1.00000E-005  1.00000E-005  1.00000E-005  1.00000E-005  1.00000E-005  1.00000E-005  1.00000E-005  1.00000E-005  1.00000E-005  1.00000E-005  1.00000E-005  1.00000E-005  
3.75000E+001  4.19514E-003  1.22853E+017  2.47331E+002  2.97405E+004  1.00000E-040  2.23517E-035  1.00000E-040  6.05521E-027  1.00000E-040  1.00000E-040  1.00000E-040  1.00000E-040  1.00000E-040  1.00000E-040  1.00000E-040  1.00000E-040  1.00000E-040  1.00000E-040  6.48764E-023  1.00000E-040  1.00000E-040  2.91089E-016  2.21613E-007  1.56538E-005  9.61608E-011  8.98177E-010  2.11975E-001  4.75572E-009  2.83290E-004  3.83818E-020  3.43937E-011  1.00000E-040  4.05723E-040  8.29107E-026  8.64646E-016  2.03985E-007  1.21928E-022  1.88583E-030  1.00000E-040  1.00000E-040  1.00000E-040  4.50794E-020  3.55292E-020  3.84358E-016  8.63648E-013  5.55639E-038  1.00000E-040  2.06546E-013  4.82542E-033  4.00662E-011  2.49118E-021  7.87721E-001  4.04606E-022  3.40652E-023  3.42992E-021  1.53595E-035  3.73384E-039  2.34090E-026  1.25779E-021  1.21032E-008  3.57091E-016  8.63680E-011  4.79754E-016  5.45843E-008  1.12407E-010  5.00682E-006  9.61454E-009  1.55398E-012  1.32120E-014  2.85249E-010  3.55024E-009  5.22754E-011  9.86332E-033  6.53034E-035  1.00000E-040  2.28106E-030  1.99168E-036  2.01345E-023  4.87581E-018  1.09154E-013  4.15120E-021  1.36104E-020  1.00549E-040  3.21208E-038  6.45023E-030  1.35264E-040  1.16458E-027  2.63136E-037  8.78538E-034  2.76175E-022  5.66034E-018  1.56769E-027  1.11513E-030  3.86211E-026  3.77410E-017  2.20822E-016  3.49990E-014  6.23569E-027  4.66137E-018  1.00000E-040  2.07047E-016  4.63611E-036  2.93486E-022  1.17461E-029  4.98725E-023  3.19974E-024  2.64187E-013  1.00088E-022  3.74702E-016  1.17506E-037  1.52877E-014  1.00000E-040  1.75449E-036  1.28698E-020  1.00000E-040  3.54966E-025  2.18665E-012  1.58743E-036  1.00000E-003  1.00000E-005  1.00000E-005  1.00000E-005  1.00000E-005  1.00000E-005  1.00000E-005  1.00000E-005  1.00000E-005  1.00000E-005  1.00000E-005  1.00000E-005  1.00000E-005  1.00000E-005  1.00000E-005  1.00000E-005  
3.85000E+001  3.66277E-003  1.06076E+017  2.50097E+002  3.29242E+004  1.00000E-040  5.33107E-035  1.00000E-040  1.44173E-026  1.00000E-040  1.00000E-040  1.00000E-040  1.00000E-040  1.00000E-040  1.00000E-040  1.00000E-040  1.00000E-040  1.00000E-040  1.00000E-040  6.55023E-023  1.00000E-040  1.00000E-040  6.10365E-016  2.07559E-007  1.57020E-005  1.24597E-010  1.30581E-009  2.11970E-001  4.65726E-009  2.83277E-004  4.92365E-020  3.42923E-011  1.00000E-040  1.23351E-039  1.62624E-025  1.27136E-015  1.84286E-007  1.12549E-022  4.99291E-031  1.93163E-038  2.12076E-037  1.00000E-040  3.95634E-020  3.90965E-020  3.45389E-016  6.45398E-013  7.00108E-038  1.00000E-040  8.13110E-014  8.29386E-033  3.98366E-011  3.44113E-021  7.87726E-001  4.58058E-022  4.56908E-023  4.80086E-022  1.29468E-035  6.88075E-039  3.33117E-026  1.70006E-021  1.38113E-008  3.25510E-016  9.05314E-011  4.72499E-016  4.88934E-008  9.35263E-011  4.72832E-006  8.97327E-009  1.41738E-012  1.54671E-014  2.73236E-010  2.78083E-009  5.25922E-011  8.72830E-033  7.85286E-035  1.00000E-040  2.22962E-030  2.31202E-036  2.01311E-023  7.34639E-018  1.59465E-013  6.37985E-021  2.15563E-020  1.32342E-040  5.61412E-038  6.17528E-030  2.06159E-040  1.22767E-027  3.67965E-037  1.58118E-033  3.87712E-022  5.71939E-018  3.19537E-027  1.92704E-030  1.83691E-026  2.71878E-017  2.57656E-016  2.88238E-014  8.90268E-027  1.94282E-018  1.00000E-040  1.71704E-016  7.39000E-036  4.16965E-022  1.38060E-029  4.98592E-023  3.41178E-024  2.61567E-013  8.02439E-023  4.93155E-016  1.21364E-037  1.50544E-014  1.00000E-040  2.47735E-036  1.93486E-020  1.00000E-040  4.96227E-025  1.80438E-012  2.09482E-036  1.00000E-003  1.00000E-005  1.00000E-005  1.00000E-005  1.00000E-005  1.00000E-005  1.00000E-005  1.00000E-005  1.00000E-005  1.00000E-005  1.00000E-005  1.00000E-005  1.00000E-005  1.00000E-005  1.00000E-005  1.00000E-005  
3.95000E+001  3.20287E-003  9.17553E+016  2.52828E+002  3.69865E+004  1.00000E-040  1.26281E-034  1.00000E-040  3.41201E-026  1.00000E-040  1.00000E-040  1.00000E-040  1.00000E-040  1.00000E-040  1.00000E-040  1.00000E-040  1.00000E-040  1.00000E-040  1.00000E-040  6.61149E-023  1.00000E-040  1.00000E-040  1.30329E-015  1.94328E-007  1.57460E-005  1.61252E-010  1.90475E-009  2.11964E-001  4.54032E-009  2.83262E-004  6.28198E-020  3.39300E-011  1.00000E-040  3.86877E-039  3.14897E-025  1.84948E-015  1.66091E-007  1.09422E-022  1.32294E-031  1.00000E-040  1.00000E-040  1.00000E-040  3.66710E-020  4.52319E-020  3.22822E-016  5.10727E-013  9.01258E-038  1.00000E-040  3.04308E-014  1.41061E-032  3.96162E-011  4.79957E-021  7.87732E-001  5.20107E-022  6.22380E-023  1.18996E-022  1.07274E-035  1.18554E-038  4.51029E-026  2.20378E-021  1.54884E-008  2.88904E-016  9.46382E-011  4.66260E-016  4.38696E-008  7.79990E-011  4.46382E-006  8.13612E-009  1.28282E-012  1.80937E-014  2.57819E-010  2.14699E-009  5.27498E-011  7.78733E-033  9.52851E-035  1.00000E-040  2.20204E-030  2.79906E-036  2.01275E-023  1.08542E-017  2.30246E-013  9.58393E-021  3.33306E-020  1.72239E-040  9.20028E-038  5.91953E-030  3.26286E-040  1.30364E-027  5.35741E-037  2.72491E-033  5.30760E-022  5.66599E-018  6.42126E-027  3.13713E-030  8.72257E-027  2.03971E-017  2.98672E-016  2.35971E-014  1.27895E-026  8.05369E-019  1.00000E-040  1.43918E-016  1.11436E-035  5.78076E-022  1.52651E-029  4.98397E-023  3.45141E-024  2.54901E-013  6.81540E-023  6.48327E-016  1.30004E-037  1.48154E-014  1.00000E-040  3.55099E-036  2.87658E-020  1.00000E-040  6.97080E-025  1.48227E-012  2.64949E-036  1.00000E-003  1.00000E-005  1.00000E-005  1.00000E-005  1.00000E-005  1.00000E-005  1.00000E-005  1.00000E-005  1.00000E-005  1.00000E-005  1.00000E-005  1.00000E-005  1.00000E-005  1.00000E-005  1.00000E-005  1.00000E-005  
4.05000E+001  2.80486E-003  7.95060E+016  2.55522E+002  4.09878E+004  1.00000E-040  2.97139E-034  1.00000E-040  8.02453E-026  1.00000E-040  1.00000E-040  1.00000E-040  1.00000E-040  1.00000E-040  1.00000E-040  1.00000E-040  1.00000E-040  1.00000E-040  1.00000E-040  6.67145E-023  1.00000E-040  1.00000E-040  2.82383E-015  1.82043E-007  1.57857E-005  2.08595E-010  2.78901E-009  2.11959E-001  4.40658E-009  2.83244E-004  7.98277E-020  3.33144E-011  1.00000E-040  1.28002E-038  6.02620E-025  2.66282E-015  1.49428E-007  1.15352E-022  3.72070E-032  8.37141E-038  9.30966E-037  1.00000E-040  3.64529E-020  5.59750E-020  3.22643E-016  4.39744E-013  1.22678E-037  1.00000E-040  1.09047E-014  2.37622E-032  3.94046E-011  8.70360E-021  7.87738E-001  5.93588E-022  8.30964E-023  6.24935E-023  8.75460E-036  1.90446E-038  5.77843E-026  2.73047E-021  1.70891E-008  2.50061E-016  9.86128E-011  4.61436E-016  3.94491E-008  6.52115E-011  4.21683E-006  7.16850E-009  1.15171E-012  2.12334E-014  2.39921E-010  1.63294E-009  5.28111E-011  7.01572E-033  1.16673E-034  1.00000E-040  2.19935E-030  3.26631E-036  2.01239E-023  1.56712E-017  3.28210E-013  1.40168E-020  5.01086E-020  2.18583E-040  1.40894E-037  5.68257E-030  5.37679E-040  1.39497E-027  8.36048E-037  4.48426E-033  7.06253E-022  5.46843E-018  1.27366E-026  4.76721E-030  4.14571E-027  1.62712E-017  3.44039E-016  1.92250E-014  2.01165E-026  3.32371E-019  1.00000E-040  1.21982E-016  1.58263E-035  7.79478E-022  1.58038E-029  4.98103E-023  3.30452E-024  2.43218E-013  6.30670E-023  8.51734E-016  1.33449E-037  1.45719E-014  1.00000E-040  5.14659E-036  4.23242E-020  1.00000E-040  9.80867E-025  1.21307E-012  3.19359E-036  1.00000E-003  1.00000E-005  1.00000E-005  1.00000E-005  1.00000E-005  1.00000E-005  1.00000E-005  1.00000E-005  1.00000E-005  1.00000E-005  1.00000E-005  1.00000E-005  1.00000E-005  1.00000E-005  1.00000E-005  1.00000E-005  
4.15000E+001  2.45976E-003  6.90357E+016  2.58069E+002  4.51719E+004  1.00000E-040  6.94417E-034  1.00000E-040  1.87483E-025  1.00000E-040  1.00000E-040  1.00000E-040  1.00000E-040  1.00000E-040  1.00000E-040  1.00000E-040  1.00000E-040  1.00000E-040  1.00000E-040  6.72779E-023  1.00000E-040  1.00000E-040  6.15428E-015  1.70713E-007  1.58213E-005  2.69385E-010  4.09154E-009  2.11953E-001  4.25530E-009  2.83224E-004  1.00625E-019  3.23419E-011  1.00000E-040  4.46454E-038  1.12928E-024  3.76801E-015  1.34166E-007  1.32589E-022  1.18139E-032  1.00000E-040  1.00000E-040  1.00000E-040  3.88036E-020  7.40518E-020  3.48210E-016  4.14399E-013  1.77098E-037  1.00000E-040  3.73564E-015  3.91896E-032  3.91994E-011  3.22141E-020  7.87743E-001  6.81087E-022  1.07352E-022  4.71319E-023  7.06131E-036  2.84084E-038  6.96346E-026  3.22458E-021  1.85676E-008  2.11210E-016  1.02354E-010  4.57073E-016  3.55304E-008  5.47858E-011  3.99422E-006  6.13724E-009  1.02254E-012  2.46779E-014  2.20659E-010  1.22138E-009  5.28130E-011  6.38543E-033  1.43904E-034  1.00000E-040  2.22155E-030  3.58973E-036  2.01201E-023  2.20388E-017  4.60137E-013  1.98627E-020  7.28403E-020  2.66671E-040  1.98335E-037  5.46155E-030  9.19500E-040  1.50384E-027  1.39508E-036  7.01139E-033  9.09794E-022  5.09436E-018  2.46730E-026  6.68372E-030  1.97545E-027  1.38908E-017  3.92392E-016  1.56078E-014  4.55424E-026  1.35705E-019  1.00000E-040  1.05523E-016  2.10923E-035  1.01804E-021  1.52638E-029  4.97643E-023  2.99592E-024  2.25206E-013  6.40358E-023  1.11694E-015  1.28432E-037  1.43230E-014  1.00000E-040  7.48660E-036  6.10791E-020  1.00000E-040  1.36382E-024  9.88010E-013  3.64992E-036  1.00000E-003  1.00000E-005  1.00000E-005  1.00000E-005  1.00000E-005  1.00000E-005  1.00000E-005  1.00000E-005  1.00000E-005  1.00000E-005  1.00000E-005  1.00000E-005  1.00000E-005  1.00000E-005  1.00000E-005  1.00000E-005  
4.25000E+001  2.15995E-003  6.00536E+016  2.60508E+002  5.04170E+004  1.00000E-040  1.61273E-033  1.00000E-040  4.35346E-025  1.00000E-040  1.00000E-040  1.00000E-040  1.00000E-040  1.00000E-040  1.00000E-040  1.00000E-040  1.00000E-040  1.00000E-040  1.00000E-040  6.78115E-023  1.00000E-040  1.00000E-040  1.33992E-014  1.60503E-007  1.58525E-005  3.46248E-010  6.00621E-009  2.11947E-001  4.09055E-009  2.83201E-004  1.25705E-019  3.10497E-011  1.00000E-040  1.61734E-037  2.06244E-024  5.22908E-015  1.20382E-007  1.63615E-022  5.02346E-033  1.00000E-040  1.00000E-040  1.00000E-040  4.30194E-020  1.01536E-019  3.99820E-016  4.21276E-013  2.66475E-037  1.00000E-040  1.23013E-015  6.33832E-032  3.90015E-011  1.75600E-019  7.87750E-001  7.85280E-022  1.34455E-022  4.10626E-023  5.64771E-036  3.90263E-038  7.81139E-026  3.59821E-021  1.98713E-008  1.74002E-016  1.05980E-010  4.52139E-016  3.20738E-008  4.65069E-011  3.79819E-006  5.11362E-009  8.97660E-013  2.80792E-014  2.00542E-010  8.96217E-010  5.27773E-011  5.89084E-033  1.77532E-034  1.00000E-040  2.25590E-030  3.73621E-036  2.01162E-023  2.99650E-017  6.31427E-013  2.70332E-020  1.01548E-019  3.06874E-040  2.55202E-037  5.25658E-030  1.63106E-039  1.62967E-027  2.44558E-036  1.02979E-032  1.12503E-021  4.56902E-018  4.64876E-026  8.55607E-030  9.61557E-028  1.23650E-017  4.41461E-016  1.26458E-014  1.68946E-025  5.49386E-020  1.00000E-040  9.24625E-017  2.60091E-035  1.27603E-021  1.36088E-029  4.96931E-023  2.54563E-024  2.01399E-013  7.00465E-023  1.45923E-015  1.16355E-037  1.40717E-014  1.00000E-040  1.08741E-035  8.59944E-020  1.00000E-040  1.87172E-024  8.02332E-013  3.92410E-036  1.00000E-003  1.00000E-005  1.00000E-005  1.00000E-005  1.00000E-005  1.00000E-005  1.00000E-005  1.00000E-005  1.00000E-005  1.00000E-005  1.00000E-005  1.00000E-005  1.00000E-005  1.00000E-005  1.00000E-005  1.00000E-005  
4.35000E+001  1.89888E-003  5.23881E+016  2.62532E+002  5.66624E+004  1.00000E-040  3.71981E-033  1.00000E-040  1.00405E-024  1.00000E-040  1.00000E-040  1.00000E-040  1.00000E-040  1.00000E-040  1.00000E-040  1.00000E-040  1.00000E-040  1.00000E-040  1.00000E-040  6.82404E-023  1.00000E-040  1.00000E-040  2.86925E-014  1.51618E-007  1.58789E-005  4.41417E-010  8.77611E-009  2.11941E-001  3.91561E-009  2.83175E-004  1.54404E-019  2.93379E-011  1.00000E-040  5.76416E-037  3.59540E-024  7.01392E-015  1.08205E-007  2.10691E-022  3.43262E-033  1.16967E-039  1.27574E-038  1.00000E-040  4.85223E-020  1.40758E-019  4.81292E-016  4.49829E-013  4.02087E-037  1.00000E-040  3.93902E-016  9.74083E-032  3.88129E-011  9.01150E-019  7.87756E-001  9.07677E-022  1.60485E-022  3.96406E-023  4.50897E-036  4.89418E-038  8.08048E-026  3.76002E-021  2.09653E-008  1.40475E-016  1.09510E-010  4.44143E-016  2.90585E-008  4.01847E-011  3.63623E-006  4.14762E-009  7.73480E-013  3.09725E-014  1.80912E-010  6.45728E-010  5.27181E-011  5.54505E-033  2.18576E-034  1.00000E-040  2.30414E-030  3.58725E-036  2.01121E-023  3.89568E-017  8.39043E-013  3.48373E-020  1.33660E-019  3.26710E-040  2.87844E-037  5.06876E-030  2.95148E-039  1.77456E-027  4.30481E-036  1.39911E-032  1.31753E-021  3.94488E-018  8.31262E-026  9.83815E-030  5.27131E-028  1.13234E-017  4.87431E-016  1.02900E-014  7.17250E-025  2.22528E-020  1.00000E-040  8.41874E-017  2.95692E-035  1.51450E-021  1.11770E-029  4.95865E-023  2.02490E-024  1.72687E-013  8.06009E-023  1.89613E-015  9.69987E-038  1.38229E-014  1.00000E-040  1.55965E-035  1.15762E-019  1.00000E-040  2.48066E-024  6.52281E-013  3.94523E-036  1.00000E-003  1.00000E-005  1.00000E-005  1.00000E-005  1.00000E-005  1.00000E-005  1.00000E-005  1.00000E-005  1.00000E-005  1.00000E-005  1.00000E-005  1.00000E-005  1.00000E-005  1.00000E-005  1.00000E-005  1.00000E-005  
4.45000E+001  1.67103E-003  4.57806E+016  2.64374E+002  6.33601E+004  1.00000E-040  8.53572E-033  1.00000E-040  2.30382E-024  1.00000E-040  1.00000E-040  1.00000E-040  1.00000E-040  1.00000E-040  1.00000E-040  1.00000E-040  1.00000E-040  1.00000E-040  1.00000E-040  6.85753E-023  1.00000E-040  1.00041E-040  6.01739E-014  1.44129E-007  1.59006E-005  5.55512E-010  1.27449E-008  2.11935E-001  3.73867E-009  2.83148E-004  1.86896E-019  2.73811E-011  1.00000E-040  1.97658E-036  5.98501E-024  9.11864E-015  9.75948E-008  2.76684E-022  3.35592E-033  1.00000E-040  1.00000E-040  1.00000E-040  5.33846E-020  1.87938E-019  5.90195E-016  4.92791E-013  5.94481E-037  1.00000E-040  1.23534E-016  1.44930E-031  3.86339E-011  3.88960E-018  7.87762E-001  1.05067E-021  1.85813E-022  4.20766E-023  3.60523E-036  5.59655E-038  7.68118E-026  3.65450E-021  2.18221E-008  1.11265E-016  1.13224E-010  4.32168E-016  2.64339E-008  3.54570E-011  3.49454E-006  3.28669E-009  6.53756E-013  3.31503E-014  1.61656E-010  4.55152E-010  5.26442E-011  5.37670E-033  2.65572E-034  1.00000E-040  2.33362E-030  3.29133E-036  2.01080E-023  4.81734E-017  1.07675E-012  4.22804E-020  1.65524E-019  3.17397E-040  2.89568E-037  4.89713E-030  5.42375E-039  1.93008E-027  7.46902E-036  1.74215E-032  1.45420E-021  3.30883E-018  1.41564E-025  1.02013E-029  3.95409E-028  1.01686E-017  5.25440E-016  8.40515E-015  2.71024E-024  9.09035E-021  1.00000E-040  7.73993E-017  3.05453E-035  1.69199E-021  8.45272E-030  4.94332E-023  1.48799E-024  1.42198E-013  9.43655E-023  2.44160E-015  7.67929E-038  1.35798E-014  1.00000E-040  2.20521E-035  1.48844E-019  1.00000E-040  3.21746E-024  5.32472E-013  3.70571E-036  1.00000E-003  1.00000E-005  1.00000E-005  1.00000E-005  1.00000E-005  1.00000E-005  1.00000E-005  1.00000E-005  1.00000E-005  1.00000E-005  1.00000E-005  1.00000E-005  1.00000E-005  1.00000E-005  1.00000E-005  1.00000E-005  
4.55000E+001  1.47168E-003  4.01344E+016  2.65590E+002  6.89710E+004  1.00000E-040  1.94688E-032  1.00000E-040  5.25449E-024  1.00000E-040  1.00000E-040  1.00000E-040  1.00000E-040  1.00000E-040  1.00000E-040  1.00000E-040  1.00000E-040  1.00000E-040  1.00000E-040  6.86289E-023  1.00000E-040  1.00092E-040  1.21321E-013  1.37973E-007  1.59180E-005  6.87719E-010  1.82503E-008  2.11928E-001  3.55872E-009  2.83118E-004  2.19998E-019  2.50306E-011  1.00000E-040  6.11871E-036  9.24277E-024  1.12473E-014  8.83350E-008  3.65100E-022  3.76095E-033  1.00000E-040  1.00000E-040  1.00000E-040  5.73696E-020  2.41846E-019  7.40058E-016  5.46003E-013  8.36217E-037  1.00000E-040  3.77151E-017  1.99863E-031  3.84622E-011  1.44067E-017  7.87769E-001  1.21142E-021  2.04105E-022  4.80291E-023  2.90909E-036  5.85388E-038  6.73376E-026  3.29740E-021  2.24366E-008  8.72311E-017  1.17071E-010  4.13649E-016  2.41161E-008  3.20321E-011  3.37468E-006  2.54577E-009  5.36520E-013  3.45413E-014  1.43958E-010  3.13979E-010  5.25596E-011  5.42066E-033  3.18703E-034  1.00000E-040  2.34803E-030  2.78923E-036  2.01038E-023  5.62041E-017  1.31982E-012  4.77962E-020  1.90399E-019  2.78238E-040  2.47400E-037  4.73807E-030  9.83099E-039  2.09513E-027  1.22869E-035  1.96906E-032  1.49773E-021  2.70225E-018  2.21891E-025  9.50232E-030  4.58841E-028  9.07287E-018  5.48677E-016  6.91900E-015  8.61741E-024  3.73130E-021  1.00000E-040  7.45831E-017  2.90576E-035  1.76237E-021  6.04061E-030  4.92207E-023  1.02120E-024  1.11833E-013  1.11422E-022  3.10823E-015  5.61714E-038  1.33418E-014  1.00000E-040  3.03464E-035  1.78018E-019  1.00000E-040  3.95172E-024  4.36420E-013  3.25896E-036  1.00000E-003  1.00000E-005  1.00000E-005  1.00000E-005  1.00000E-005  1.00000E-005  1.00000E-005  1.00000E-005  1.00000E-005  1.00000E-005  1.00000E-005  1.00000E-005  1.00000E-005  1.00000E-005  1.00000E-005  1.00000E-005  
4.65000E+001  1.29685E-003  3.52346E+016  2.66586E+002  7.80352E+004  1.00000E-040  4.42535E-032  1.00000E-040  1.19434E-023  1.00000E-040  1.00000E-040  1.00000E-040  1.00000E-040  1.00000E-040  1.00000E-040  1.00000E-040  1.00000E-040  1.00000E-040  1.00000E-040  6.82999E-023  1.00000E-040  1.00144E-040  2.35498E-013  1.33209E-007  1.59311E-005  8.34352E-010  2.57556E-008  2.11922E-001  3.38759E-009  2.83085E-004  2.53769E-019  2.25819E-011  1.00000E-040  1.71910E-035  1.33774E-023  1.32951E-014  8.04073E-008  4.80560E-022  4.20468E-033  1.00000E-040  1.00000E-040  1.00000E-040  5.89945E-020  2.92381E-019  9.29767E-016  6.06348E-013  1.11753E-036  1.00000E-040  1.13072E-017  2.64532E-031  3.82991E-011  4.59934E-017  7.87776E-001  1.39230E-021  2.18807E-022  5.82287E-023  2.37478E-036  5.64886E-038  5.47673E-026  2.75466E-021  2.28121E-008  6.81751E-017  1.21284E-010  3.89290E-016  2.20839E-008  2.94992E-011  3.25480E-006  1.93806E-009  4.27942E-013  3.51045E-014  1.27275E-010  2.11502E-010  5.24680E-011  5.72222E-033  3.73444E-034  1.00000E-040  2.30584E-030  2.30163E-036  2.00995E-023  6.17582E-017  1.54796E-012  5.03240E-020  2.03909E-019  2.19694E-040  1.86946E-037  4.59177E-030  1.75053E-038  2.25180E-027  1.92730E-035  2.01500E-032  1.44087E-021  2.18704E-018  3.25047E-025  8.09543E-030  7.00123E-028  7.81118E-018  5.53232E-016  5.72015E-015  2.30969E-023  1.55692E-021  1.00000E-040  7.21286E-017  2.52203E-035  1.71162E-021  4.20566E-030  4.89443E-023  6.46369E-025  8.46594E-014  1.29857E-022  3.89451E-015  3.98352E-038  1.31138E-014  1.00000E-040  4.07991E-035  1.99612E-019  1.00000E-040  4.72464E-024  3.60624E-013  2.70110E-036  1.00000E-003  1.00000E-005  1.00000E-005  1.00000E-005  1.00000E-005  1.00000E-005  1.00000E-005  1.00000E-005  1.00000E-005  1.00000E-005  1.00000E-005  1.00000E-005  1.00000E-005  1.00000E-005  1.00000E-005  1.00000E-005  
4.75000E+001  1.14324E-003  3.10104E+016  2.67021E+002  8.59767E+004  1.00000E-040  1.00193E-031  1.00000E-040  2.70401E-023  1.00000E-040  1.00000E-040  1.00000E-040  1.00000E-040  1.00000E-040  1.00000E-040  1.00000E-040  1.00000E-040  1.00000E-040  1.00000E-040  6.72436E-023  1.00000E-040  1.00198E-040  4.35057E-013  1.29833E-007  1.59400E-005  9.90993E-010  3.56140E-008  2.11915E-001  3.22977E-009  2.83051E-004  2.84953E-019  2.00548E-011  1.00000E-040  4.24002E-035  1.78577E-023  1.48829E-014  7.37474E-008  6.27701E-022  4.61835E-033  1.00000E-040  1.00000E-040  1.00000E-040  5.92433E-020  3.39451E-019  1.18051E-015  6.71416E-013  1.40332E-036  1.00000E-040  3.37588E-018  3.25608E-031  3.81459E-011  1.30819E-016  7.87783E-001  1.58630E-021  2.25365E-022  7.25424E-023  1.97313E-036  5.11251E-038  4.20320E-026  2.13953E-021  2.29727E-008  5.39908E-017  1.25722E-010  3.58896E-016  2.03146E-008  2.76142E-011  3.13646E-006  1.45373E-009  3.30459E-013  3.49171E-014  1.12315E-010  1.39884E-010  5.23719E-011  6.29945E-033  4.28400E-034  1.00000E-040  2.21705E-030  1.80447E-036  2.00951E-023  6.36825E-017  1.72679E-012  4.91188E-020  2.02136E-019  1.57518E-040  1.21560E-037  4.45815E-030  2.99908E-038  2.39551E-027  2.82698E-035  1.86672E-032  1.28997E-021  1.76605E-018  4.36182E-025  6.38494E-030  1.11340E-027  6.69347E-018  5.37768E-016  4.76360E-015  5.32494E-023  6.69470E-022  1.00000E-040  7.21204E-017  2.05040E-035  1.54486E-021  3.02938E-030  4.86078E-023  3.83198E-025  6.18070E-014  1.49477E-022  4.79555E-015  2.68932E-038  1.29005E-014  1.00000E-040  5.32210E-035  2.06901E-019  1.00000E-040  5.39772E-024  3.01671E-013  2.13621E-036  1.00000E-003  1.00000E-005  1.00000E-005  1.00000E-005  1.00000E-005  1.00000E-005  1.00000E-005  1.00000E-005  1.00000E-005  1.00000E-005  1.00000E-005  1.00000E-005  1.00000E-005  1.00000E-005  1.00000E-005  1.00000E-005  
4.85000E+001  1.00801E-003  2.73225E+016  2.67216E+002  9.43451E+004  1.00000E-040  2.26434E-031  1.00000E-040  6.11090E-023  1.00000E-040  1.00000E-040  1.00000E-040  1.00000E-040  1.00000E-040  1.00000E-040  1.00000E-040  1.00000E-040  1.00000E-040  1.00000E-040  6.52106E-023  1.00000E-040  1.00252E-040  7.68999E-013  1.27735E-007  1.59453E-005  1.15176E-009  4.82967E-008  2.11908E-001  3.08978E-009  2.83014E-004  3.13525E-019  1.76293E-011  1.00000E-040  9.33448E-035  2.22392E-023  1.59187E-014  6.81306E-008  8.14426E-022  4.97905E-033  3.37291E-038  3.56266E-037  1.00000E-040  5.82962E-020  3.79502E-019  1.49989E-015  7.40985E-013  1.66884E-036  1.00000E-040  9.99873E-019  3.83747E-031  3.80004E-011  3.33405E-016  7.87790E-001  1.79642E-021  2.27770E-022  9.17735E-023  2.30028E-037  4.41331E-038  3.08949E-026  1.55286E-021  2.29386E-008  4.37547E-017  1.30444E-010  3.24771E-016  1.87522E-008  2.60886E-011  3.00740E-006  1.07994E-009  2.47895E-013  3.40723E-014  9.86320E-011  9.06798E-011  5.22708E-011  7.14577E-033  4.78385E-034  1.00000E-040  2.06652E-030  1.39437E-036  2.00906E-023  6.18865E-017  1.84133E-012  4.47364E-020  1.86950E-019  1.03472E-040  1.71656E-037  4.33439E-030  4.94481E-038  2.51002E-027  3.92590E-035  1.57766E-032  1.08287E-021  1.43842E-018  5.44460E-025  4.77473E-030  1.72938E-027  5.70508E-018  5.03232E-016  3.97629E-015  1.07113E-022  2.96424E-022  1.00000E-040  7.23016E-017  1.56963E-035  1.30535E-021  2.36324E-030  4.82140E-023  2.12392E-025  4.37768E-014  1.68633E-022  5.79070E-015  1.78832E-038  1.27012E-014  1.00000E-040  6.77181E-035  2.00173E-019  1.00000E-040  6.01555E-024  2.55414E-013  1.62765E-036  1.00000E-003  1.00000E-005  1.00000E-005  1.00000E-005  1.00000E-005  1.00000E-005  1.00000E-005  1.00000E-005  1.00000E-005  1.00000E-005  1.00000E-005  1.00000E-005  1.00000E-005  1.00000E-005  1.00000E-005  1.00000E-005  
4.95000E+001  8.88807E-004  2.41159E+016  2.66944E+002  1.04470E+005  1.00000E-040  5.10726E-031  1.00000E-040  1.37830E-022  1.00000E-040  1.00000E-040  1.00000E-040  1.00000E-040  1.00000E-040  1.00000E-040  1.00000E-040  1.00000E-040  1.00000E-040  1.00000E-040  6.19122E-023  1.00000E-040  1.00309E-040  1.29784E-012  1.26853E-007  1.59473E-005  1.31295E-009  6.41437E-008  2.11901E-001  2.97004E-009  2.82975E-004  3.37357E-019  1.53527E-011  1.00000E-040  1.82144E-034  2.57613E-023  1.62158E-014  6.34519E-008  1.04857E-021  5.34934E-033  1.49334E-038  1.55948E-037  1.00000E-040  5.73278E-020  4.18132E-019  1.92094E-015  8.13987E-013  1.87979E-036  1.00000E-040  2.96955E-019  4.25227E-031  3.78629E-011  7.80024E-016  7.87797E-001  2.01319E-021  2.23502E-022  1.14997E-022  1.00000E-040  3.71081E-038  2.22151E-026  1.06326E-021  2.27413E-008  3.67428E-017  1.35285E-010  2.88532E-016  1.73764E-008  2.48104E-011  2.87522E-006  7.96548E-010  1.81132E-013  3.27440E-014  8.65269E-011  5.79995E-011  5.21659E-011  8.21939E-033  5.22723E-034  1.00000E-040  1.88109E-030  1.04153E-036  2.00860E-023  5.68625E-017  1.87709E-012  3.81530E-020  1.61794E-019  1.00000E-040  5.67102E-034  4.22010E-030  7.79917E-038  2.59625E-027  5.13080E-035  1.22824E-032  8.55377E-022  1.18177E-018  6.28603E-025  3.44681E-030  2.51816E-027  4.97338E-018  4.54982E-016  3.33334E-015  1.91881E-022  1.36249E-022  1.00000E-040  7.43473E-017  1.16660E-035  1.03664E-021  2.01264E-030  4.77753E-023  1.12023E-025  3.01964E-014  1.87499E-022  6.86708E-015  1.15413E-038  1.25189E-014  1.00000E-040  8.39198E-035  1.80410E-019  1.00000E-040  6.47573E-024  2.19361E-013  1.21154E-036  1.00000E-003  1.00000E-005  1.00000E-005  1.00000E-005  1.00000E-005  1.00000E-005  1.00000E-005  1.00000E-005  1.00000E-005  1.00000E-005  1.00000E-005  1.00000E-005  1.00000E-005  1.00000E-005  1.00000E-005  1.00000E-005  
5.05000E+001  7.83570E-004  2.13096E+016  2.66329E+002  1.14473E+005  1.00000E-040  1.15121E-030  1.00000E-040  3.10675E-022  1.00000E-040  1.00000E-040  1.00000E-040  1.00000E-040  1.00000E-040  1.00000E-040  1.00000E-040  1.00000E-040  1.00000E-040  1.00000E-040  5.72964E-023  1.00000E-040  1.00367E-040  2.10611E-012  1.27097E-007  1.59463E-005  1.47174E-009  8.36494E-008  2.11894E-001  2.87417E-009  2.82934E-004  3.56991E-019  1.33137E-011  1.00000E-040  3.21140E-034  2.80885E-023  1.58615E-014  5.95833E-008  1.34068E-021  5.76307E-033  1.00000E-040  1.00000E-040  1.00000E-040  5.65698E-020  4.56791E-019  2.47003E-015  8.89881E-013  2.02297E-036  1.00000E-040  8.92549E-020  4.49107E-031  3.77333E-011  1.69027E-015  7.87804E-001  2.23594E-021  2.14734E-022  1.41673E-022  1.26828E-036  3.08540E-038  1.58470E-026  6.93501E-022  2.24099E-008  3.20910E-017  1.40211E-010  2.52513E-016  1.61650E-008  2.36722E-011  2.74040E-006  5.85121E-010  1.29570E-013  3.10807E-014  7.57956E-011  3.67332E-011  5.20574E-011  9.46280E-033  5.59513E-034  1.00000E-040  1.67357E-030  7.61124E-037  2.00813E-023  4.98085E-017  1.84075E-012  3.07728E-020  1.32403E-019  1.00000E-040  1.28966E-037  4.11457E-030  1.18294E-037  2.65149E-027  6.37258E-035  8.92724E-033  6.42133E-022  9.81907E-019  6.80284E-025  2.44479E-030  3.46128E-027  4.45046E-018  3.99088E-016  2.80405E-015  3.10753E-022  6.53907E-023  1.00000E-040  7.77300E-017  8.52991E-036  7.81545E-022  1.82390E-030  4.73043E-023  5.66512E-026  2.03926E-014  2.05404E-022  8.00999E-015  7.31209E-039  1.23549E-014  1.00000E-040  1.01790E-034  1.53107E-019  1.00000E-040  6.81222E-024  1.91306E-013  8.91077E-037  1.00000E-003  1.00000E-005  1.00000E-005  1.00000E-005  1.00000E-005  1.00000E-005  1.00000E-005  1.00000E-005  1.00000E-005  1.00000E-005  1.00000E-005  1.00000E-005  1.00000E-005  1.00000E-005  1.00000E-005  1.00000E-005  
5.15000E+001  6.90574E-004  1.88444E+016  2.65426E+002  1.24475E+005  1.00000E-040  1.00000E-040  1.00000E-040  7.00442E-022  1.00000E-040  1.00000E-040  1.00000E-040  1.00000E-040  1.00000E-040  1.00000E-040  1.00000E-040  1.00000E-040  1.00000E-040  1.00000E-040  5.15175E-023  1.00000E-040  1.00427E-040  3.30669E-012  1.28382E-007  1.59427E-005  1.62694E-009  1.07383E-007  2.11886E-001  2.80471E-009  2.82891E-004  3.72818E-019  1.15358E-011  1.00000E-040  5.19839E-034  2.91063E-023  1.49920E-014  5.63754E-008  1.70499E-021  6.25604E-033  1.00000E-040  1.00000E-040  1.00000E-040  5.61953E-020  4.97685E-019  3.18575E-015  9.68955E-013  2.09698E-036  1.00000E-040  2.72122E-020  4.55504E-031  3.76100E-011  3.42389E-015  7.87812E-001  2.46307E-021  2.02769E-022  1.70849E-022  1.00000E-040  2.55727E-038  1.12964E-026  4.35048E-022  2.19654E-008  2.90760E-017  1.45165E-010  2.18375E-016  1.50886E-008  2.26182E-011  2.60572E-006  4.28785E-010  9.11134E-014  2.92225E-014  6.62875E-011  2.30789E-011  5.19445E-011  1.08187E-032  5.88166E-034  1.00000E-040  1.45986E-030  5.46240E-037  2.00765E-023  4.19354E-017  1.74655E-012  2.36967E-020  1.03455E-019  1.00000E-040  5.52747E-034  4.01627E-030  1.73411E-037  2.67729E-027  7.58359E-035  6.13737E-033  4.62368E-022  8.24106E-019  6.97210E-025  1.71933E-030  4.52274E-027  4.10287E-018  3.41128E-016  2.36677E-015  4.61027E-022  3.27469E-023  1.00000E-040  8.24895E-017  6.18980E-036  5.64667E-022  1.71028E-030  4.68079E-023  2.77207E-026  1.35379E-014  2.22257E-022  9.20974E-015  4.56576E-039  1.22085E-014  1.00000E-040  1.21290E-034  1.23456E-019  1.00000E-040  7.04146E-024  1.69290E-013  6.51677E-037  1.00000E-003  1.00000E-005  1.00000E-005  1.00000E-005  1.00000E-005  1.00000E-005  1.00000E-005  1.00000E-005  1.00000E-005  1.00000E-005  1.00000E-005  1.00000E-005  1.00000E-005  1.00000E-005  1.00000E-005  1.00000E-005  
5.25000E+001  6.08319E-004  1.66829E+016  2.64105E+002  1.34477E+005  1.00000E-040  1.00000E-040  1.00000E-040  1.57990E-021  1.00000E-040  1.00000E-040  1.00000E-040  1.00000E-040  1.00000E-040  1.00000E-040  1.00000E-040  1.00000E-040  1.00000E-040  1.00000E-040  4.49015E-023  1.00000E-040  1.00490E-040  5.03848E-012  1.30649E-007  1.59365E-005  1.77971E-009  1.35911E-007  2.11878E-001  2.76476E-009  2.82845E-004  3.84114E-019  1.00008E-011  1.80496E-040  7.77970E-034  2.87991E-023  1.37272E-014  5.37099E-008  2.15906E-021  6.90292E-033  1.00000E-040  1.00000E-040  1.00000E-040  5.64975E-020  5.45527E-019  4.13966E-015  1.05147E-012  2.10632E-036  1.00000E-040  8.44816E-021  4.39585E-031  3.74916E-011  6.57981E-015  7.87820E-001  2.67838E-021  1.86837E-022  2.00348E-022  9.59181E-035  2.12417E-038  8.08960E-027  2.65287E-022  2.14255E-008  2.71339E-017  1.50023E-010  1.86791E-016  1.41257E-008  2.16441E-011  2.47796E-006  3.13481E-010  6.31943E-014  2.72998E-014  5.79795E-011  1.44309E-011  5.18265E-011  1.22369E-032  6.10645E-034  1.00000E-040  1.25857E-030  3.79234E-037  2.00715E-023  3.42049E-017  1.61067E-012  1.75693E-020  7.78363E-020  1.00000E-040  8.59444E-038  3.92408E-030  2.46547E-037  2.68233E-027  8.66991E-035  4.04218E-033  3.21733E-022  6.93218E-019  6.78739E-025  1.20238E-030  5.58241E-027  3.92827E-018  2.85996E-016  2.00868E-015  6.35964E-022  1.70946E-023  1.00000E-040  9.01420E-017  4.51641E-036  3.93977E-022  1.62266E-030  4.62914E-023  1.33243E-026  8.86828E-015  2.39132E-022  1.04711E-014  2.77418E-039  1.20791E-014  1.00000E-040  1.42110E-034  9.50526E-020  1.00000E-040  7.10708E-024  1.51888E-013  4.75897E-037  1.00000E-003  1.00000E-005  1.00000E-005  1.00000E-005  1.00000E-005  1.00000E-005  1.00000E-005  1.00000E-005  1.00000E-005  1.00000E-005  1.00000E-005  1.00000E-005  1.00000E-005  1.00000E-005  1.00000E-005  1.00000E-005  
5.35000E+001  5.35528E-004  1.47667E+016  2.62672E+002  1.44478E+005  1.00000E-040  1.00000E-040  1.00000E-040  3.57160E-021  1.00000E-040  1.00000E-040  1.00000E-040  1.00000E-040  1.00000E-040  1.00000E-040  1.00000E-040  1.00000E-040  1.00000E-040  1.00000E-040  3.79366E-023  1.00000E-040  1.00556E-040  7.52674E-012  1.33856E-007  1.59282E-005  1.92954E-009  1.70329E-007  2.11870E-001  2.76116E-009  2.82796E-004  3.93637E-019  8.71178E-012  1.00000E-040  1.10670E-033  2.76465E-023  1.23186E-014  5.14884E-008  2.72715E-021  7.64911E-033  1.00000E-040  1.00000E-040  1.00000E-040  5.69730E-020  5.96452E-019  5.36837E-015  1.13790E-012  2.07003E-036  1.00000E-040  2.67581E-021  4.15609E-031  3.73769E-011  1.19552E-014  7.87829E-001  2.90076E-021  1.70946E-022  2.30495E-022  3.98770E-036  1.75890E-038  5.77986E-027  1.58202E-022  2.08042E-008  2.58495E-017  1.54873E-010  1.58958E-016  1.32590E-008  2.07026E-011  2.35258E-006  2.28987E-010  4.33373E-014  2.53684E-014  5.05607E-011  8.97515E-012  5.17025E-011  1.36806E-032  6.25190E-034  1.00000E-040  1.06856E-030  2.61757E-037  2.00663E-023  2.72674E-017  1.45405E-012  1.26736E-020  5.70063E-020  1.00000E-040  1.11692E-039  3.83710E-030  3.42890E-037  2.66326E-027  9.66829E-035  2.57759E-033  2.18671E-022  5.87947E-019  6.40081E-025  8.35989E-031  6.69628E-027  3.84641E-018  2.35619E-016  1.71053E-015  8.20342E-022  9.28993E-024  1.00000E-040  9.91293E-017  3.26579E-036  2.68338E-022  1.57071E-030  4.57581E-023  6.27567E-027  5.74913E-015  2.54771E-022  1.17852E-014  1.67900E-039  1.19654E-014  1.00000E-040  1.64855E-034  7.08458E-020  1.00000E-040  7.14712E-024  1.38031E-013  3.47363E-037  1.00000E-003  1.00000E-005  1.00000E-005  1.00000E-005  1.00000E-005  1.00000E-005  1.00000E-005  1.00000E-005  1.00000E-005  1.00000E-005  1.00000E-005  1.00000E-005  1.00000E-005  1.00000E-005  1.00000E-005  1.00000E-005  
5.45000E+001  4.71089E-004  1.30830E+016  2.60803E+002  1.54480E+005  1.00000E-040  1.00000E-040  1.00000E-040  8.08626E-021  1.00000E-040  1.00000E-040  1.00000E-040  1.00000E-040  1.00000E-040  1.00000E-040  1.00000E-040  1.00000E-040  1.00000E-040  1.00000E-040  3.10583E-023  1.00000E-040  1.00626E-040  1.10049E-011  1.37979E-007  1.59176E-005  2.08012E-009  2.11318E-007  2.11861E-001  2.80105E-009  2.82743E-004  3.99149E-019  7.61411E-012  1.00000E-040  1.48790E-033  2.56936E-023  1.08094E-014  4.96318E-008  3.43804E-021  8.61977E-033  2.77624E-038  2.76359E-037  1.00000E-040  5.80621E-020  6.57852E-019  7.01314E-015  1.22857E-012  1.99638E-036  1.00000E-040  8.67829E-022  3.74347E-031  3.72646E-011  2.09422E-014  7.87838E-001  3.09071E-021  1.52376E-022  2.57652E-022  2.82052E-035  1.45893E-038  4.14366E-027  9.32601E-023  2.01136E-008  2.49199E-017  1.59514E-010  1.34138E-016  1.24746E-008  1.98298E-011  2.23856E-006  1.66836E-010  2.94458E-014  2.35117E-014  4.41114E-011  5.56977E-012  5.15717E-011  1.51229E-032  6.36119E-034  1.00000E-040  9.03808E-031  1.73577E-037  2.00608E-023  2.13887E-017  1.28833E-012  8.95260E-021  4.09022E-020  1.00000E-040  3.98127E-040  3.75462E-030  4.66817E-037  2.63435E-027  1.04745E-034  1.60871E-033  1.45858E-022  4.95334E-019  5.81051E-025  5.77196E-031  7.62691E-027  3.89865E-018  1.92263E-016  1.46742E-015  1.00489E-021  5.24492E-024  1.00000E-040  1.12870E-016  2.38621E-036  1.79277E-022  1.52802E-030  4.52101E-023  2.95675E-027  3.70146E-015  2.71602E-022  1.31756E-014  9.82774E-040  1.18665E-014  1.00000E-040  1.88825E-034  5.10887E-020  1.00000E-040  7.02086E-024  1.26925E-013  2.53733E-037  1.00000E-003  1.00000E-005  1.00000E-005  1.00000E-005  1.00000E-005  1.00000E-005  1.00000E-005  1.00000E-005  1.00000E-005  1.00000E-005  1.00000E-005  1.00000E-005  1.00000E-005  1.00000E-005  1.00000E-005  1.00000E-005  
5.55000E+001  4.14035E-004  1.15824E+016  2.58914E+002  1.64481E+005  1.00000E-040  1.00000E-040  1.00000E-040  1.83758E-020  1.00000E-040  1.00000E-040  1.00000E-040  1.00000E-040  1.00000E-040  1.00000E-040  1.00000E-040  1.00000E-040  1.00000E-040  1.00000E-040  2.46785E-023  1.00000E-040  1.00700E-040  1.59155E-011  1.43011E-007  1.59050E-005  2.23030E-009  2.60682E-007  2.11851E-001  2.89763E-009  2.82688E-004  4.04361E-019  6.69902E-012  1.00000E-040  1.94575E-033  2.34874E-023  9.38482E-015  4.80739E-008  4.33269E-021  9.71210E-033  1.00000E-040  1.00000E-040  1.00000E-040  5.90459E-020  7.21962E-019  9.11361E-015  1.32410E-012  1.90417E-036  1.00000E-040  2.88474E-022  3.33905E-031  3.71534E-011  3.50246E-014  7.87848E-001  3.28850E-021  1.35519E-022  2.83700E-022  8.08308E-036  1.20250E-038  2.95138E-027  5.44852E-023  1.93635E-008  2.41795E-017  1.64127E-010  1.13239E-016  1.17615E-008  1.89778E-011  2.12749E-006  1.21421E-010  1.98335E-014  2.17309E-014  3.83363E-011  3.44149E-012  5.14330E-011  1.65485E-032  6.40696E-034  1.00000E-040  7.55711E-031  1.14921E-037  2.00549E-023  1.66255E-017  1.12695E-012  6.24646E-021  2.90065E-020  1.00000E-040  1.40465E-040  3.67603E-030  6.26937E-037  2.58785E-027  1.12003E-034  9.89418E-034  9.63982E-023  4.19673E-019  5.18517E-025  3.95378E-031  8.55378E-027  4.00303E-018  1.55131E-016  1.26330E-015  1.16910E-021  3.07068E-024  1.00000E-040  1.29271E-016  1.72235E-036  1.18632E-022  1.52034E-030  4.46483E-023  1.38005E-027  2.36873E-015  2.87416E-022  1.46295E-014  5.74826E-040  1.17809E-014  1.00000E-040  2.15190E-034  3.61106E-020  1.00000E-040  6.91710E-024  1.17964E-013  1.85352E-037  1.00000E-003  1.00000E-005  1.00000E-005  1.00000E-005  1.00000E-005  1.00000E-005  1.00000E-005  1.00000E-005  1.00000E-005  1.00000E-005  1.00000E-005  1.00000E-005  1.00000E-005  1.00000E-005  1.00000E-005  1.00000E-005  
5.65000E+001  3.63531E-004  1.02586E+016  2.56667E+002  1.74482E+005  1.00000E-040  1.00000E-040  1.00000E-040  4.18729E-020  1.00000E-040  1.00000E-040  1.00000E-040  1.00000E-040  1.00000E-040  1.00000E-040  1.00000E-040  1.00000E-040  1.00000E-040  1.00000E-040  1.90459E-023  1.00000E-040  1.00779E-040  2.26921E-011  1.48961E-007  1.58903E-005  2.38443E-009  3.19446E-007  2.11841E-001  3.06671E-009  2.82628E-004  4.06705E-019  5.91928E-012  1.00000E-040  2.45103E-033  2.10263E-023  8.03287E-015  4.67613E-008  5.46021E-021  1.10656E-032  1.00000E-040  1.00000E-040  1.00000E-040  6.03026E-020  7.95816E-019  1.18796E-014  1.42494E-012  1.79910E-036  1.00000E-040  9.85402E-023  2.86003E-031  3.70422E-011  5.69493E-014  7.87858E-001  3.44317E-021  1.17811E-022  3.04754E-022  1.00000E-040  9.92348E-039  2.10658E-027  3.18316E-023  1.85637E-008  2.34786E-017  1.68508E-010  9.50649E-017  1.11103E-008  1.81832E-011  2.02698E-006  8.80935E-011  1.32634E-014  2.00678E-014  3.33003E-011  2.12217E-012  5.12856E-011  1.79466E-032  6.43225E-034  1.00000E-040  6.31241E-031  7.33159E-038  2.00487E-023  1.28741E-017  9.74673E-013  4.32581E-021  2.04313E-020  1.00000E-040  1.00000E-040  3.60084E-030  8.30477E-037  2.53706E-027  1.17534E-034  6.04627E-034  6.33066E-023  3.51959E-019  4.50867E-025  2.69016E-031  9.20015E-027  4.20680E-018  1.24656E-016  1.09544E-015  1.30915E-021  1.85963E-024  1.00000E-040  1.52813E-016  1.25589E-036  7.79756E-023  1.51979E-030  4.40729E-023  6.50547E-028  1.51135E-015  3.04973E-022  1.61794E-014  3.25819E-040  1.17074E-014  1.00000E-040  2.43097E-034  2.49542E-020  1.00000E-040  6.68649E-024  1.10690E-013  1.35566E-037  1.00000E-003  1.00000E-005  1.00000E-005  1.00000E-005  1.00000E-005  1.00000E-005  1.00000E-005  1.00000E-005  1.00000E-005  1.00000E-005  1.00000E-005  1.00000E-005  1.00000E-005  1.00000E-005  1.00000E-005  1.00000E-005  
5.75000E+001  3.18827E-004  9.07963E+015  2.54334E+002  1.84483E+005  1.00000E-040  1.00000E-040  1.00000E-040  9.58357E-020  1.00000E-040  1.00000E-040  1.00000E-040  1.00000E-040  1.00000E-040  1.00000E-040  1.00000E-040  1.00000E-040  1.00000E-040  1.00000E-040  1.42991E-023  1.00000E-040  1.00864E-040  3.21161E-011  1.55853E-007  1.58735E-005  2.54200E-009  3.89980E-007  2.11830E-001  3.33228E-009  2.82563E-004  4.08639E-019  5.25992E-012  1.00000E-040  3.02880E-033  1.86157E-023  6.82776E-015  4.56497E-008  6.88844E-021  1.26048E-032  1.00000E-040  1.00000E-040  1.00000E-040  6.13170E-020  8.72912E-019  1.54042E-014  1.53174E-012  1.69139E-036  1.00000E-040  3.46278E-023  2.41292E-031  3.69294E-011  8.95122E-014  7.87869E-001  3.58609E-021  1.01689E-022  3.22395E-022  1.00000E-040  8.17342E-039  1.50014E-027  1.86332E-023  1.77234E-008  2.27716E-017  1.72793E-010  7.99589E-017  1.05135E-008  1.74174E-011  1.93114E-006  6.37647E-011  8.80513E-015  1.85119E-014  2.88312E-011  1.30404E-012  5.11281E-011  1.93118E-032  6.42112E-034  1.00000E-040  5.23971E-031  4.61986E-038  2.00420E-023  9.98140E-018  8.36387E-013  2.99107E-021  1.43795E-020  1.00000E-040  1.00000E-040  3.52863E-030  1.09016E-036  2.47685E-027  1.22207E-034  3.68826E-034  4.15872E-023  2.94799E-019  3.87082E-025  1.82083E-031  9.71720E-027  4.45836E-018  9.95719E-017  9.53881E-016  1.41142E-021  1.16251E-024  1.00000E-040  1.83678E-016  9.13174E-037  5.12543E-023  1.53852E-030  4.34839E-023  3.07779E-028  9.61402E-016  3.22730E-022  1.78191E-014  1.82738E-040  1.16445E-014  1.00000E-040  2.73582E-034  1.69909E-020  1.00000E-040  6.45049E-024  1.04752E-013  9.93563E-038  1.00000E-003  1.00000E-005  1.00000E-005  1.00000E-005  1.00000E-005  1.00000E-005  1.00000E-005  1.00000E-005  1.00000E-005  1.00000E-005  1.00000E-005  1.00000E-005  1.00000E-005  1.00000E-005  1.00000E-005  1.00000E-005  
5.85000E+001  2.79286E-004  8.03101E+015  2.51881E+002  1.94484E+005  1.00000E-040  1.00000E-040  1.00000E-040  2.20336E-019  1.00000E-040  1.00000E-040  1.00000E-040  1.00000E-040  1.00000E-040  1.00000E-040  1.00000E-040  1.00000E-040  1.00000E-040  1.00000E-040  1.04587E-023  1.00000E-040  1.00955E-040  4.51653E-011  1.63723E-007  1.58546E-005  2.70484E-009  4.74561E-007  2.11819E-001  3.72614E-009  2.82493E-004  4.10011E-019  4.69709E-012  1.00000E-040  3.67999E-033  1.63246E-023  5.76873E-015  4.47025E-008  8.70332E-021  1.43497E-032  1.00000E-040  1.00000E-040  1.00000E-040  6.20125E-020  9.52583E-019  1.98669E-014  1.64520E-012  1.58531E-036  1.00000E-040  1.25367E-023  1.99889E-031  3.68139E-011  1.36713E-013  7.87880E-001  3.70612E-021  8.69273E-023  3.35618E-022  1.00000E-040  6.73953E-039  1.06911E-027  1.09757E-023  1.68519E-008  2.20179E-017  1.76955E-010  6.73321E-017  9.96471E-009  1.66854E-011  1.84059E-006  4.60271E-011  5.80627E-015  1.70673E-014  2.48879E-011  7.98552E-013  5.09595E-011  2.06411E-032  6.38462E-034  1.00000E-040  4.33069E-031  2.86175E-038  2.00349E-023  7.77916E-018  7.13316E-013  2.07358E-021  1.01544E-020  1.00000E-040  1.00000E-040  3.45902E-030  1.42022E-036  2.41053E-027  1.25984E-034  2.25688E-034  2.74265E-023  2.45894E-019  3.28439E-025  1.22875E-031  1.00555E-026  4.75559E-018  7.92006E-017  8.34174E-016  1.47290E-021  7.48318E-025  1.00000E-040  2.25415E-016  6.65659E-037  3.38140E-023  1.56788E-030  4.28804E-023  1.46933E-028  6.10379E-016  3.41281E-022  1.95625E-014  1.00985E-040  1.15908E-014  1.00000E-040  3.06796E-034  1.14175E-020  1.00000E-040  6.19253E-024  9.98755E-014  7.31687E-038  1.00000E-003  1.00000E-005  1.00000E-005  1.00000E-005  1.00000E-005  1.00000E-005  1.00000E-005  1.00000E-005  1.00000E-005  1.00000E-005  1.00000E-005  1.00000E-005  1.00000E-005  1.00000E-005  1.00000E-005  1.00000E-005  
5.95000E+001  2.44322E-004  7.10350E+015  2.49119E+002  2.04485E+005  1.00000E-040  1.00000E-040  1.00000E-040  5.08721E-019  1.00000E-040  1.00000E-040  1.00000E-040  1.00000E-040  1.00000E-040  1.00000E-040  1.00000E-040  1.00000E-040  1.00000E-040  1.00000E-040  7.45842E-024  1.00000E-040  1.01053E-040  6.30127E-011  1.72623E-007  1.58335E-005  2.87702E-009  5.75471E-007  2.11806E-001  4.29072E-009  2.82418E-004  4.09383E-019  4.20969E-012  1.00000E-040  4.37253E-033  1.41431E-023  4.83509E-015  4.38903E-008  1.10143E-020  1.63673E-032  1.00000E-040  1.00000E-040  1.00000E-040  6.24437E-020  1.03633E-018  2.55326E-014  1.76595E-012  1.48247E-036  1.00000E-040  4.69647E-024  1.59543E-031  3.66944E-011  2.05058E-013  7.87893E-001  3.75592E-021  7.26610E-023  3.41868E-022  1.00000E-040  5.60291E-039  7.68400E-028  6.53786E-024  1.59591E-008  2.11820E-017  1.80882E-010  5.61213E-017  9.45857E-009  1.60058E-011  1.75889E-006  3.30907E-011  3.80726E-015  1.57408E-014  2.14610E-011  4.88082E-013  5.07781E-011  2.19332E-032  6.34937E-034  1.00000E-040  3.58589E-031  1.70435E-038  2.00271E-023  6.11528E-018  6.05094E-013  1.44582E-021  7.21926E-021  1.00000E-040  1.00000E-040  3.39172E-030  1.83779E-036  2.34554E-027  1.28299E-034  1.39166E-034  1.81862E-023  2.02130E-019  2.73973E-025  8.29339E-032  1.00269E-026  5.11561E-018  6.29753E-017  7.33856E-016  1.49908E-021  4.94838E-025  1.00000E-040  2.82497E-016  4.94322E-037  2.24231E-023  1.58896E-030  4.22619E-023  7.15447E-029  3.87364E-016  3.62790E-022  2.14480E-014  1.00000E-040  1.15451E-014  1.00000E-040  3.42102E-034  7.55564E-021  1.00000E-040  5.83564E-024  9.58503E-014  5.44984E-038  1.00000E-003  1.00000E-005  1.00000E-005  1.00000E-005  1.00000E-005  1.00000E-005  1.00000E-005  1.00000E-005  1.00000E-005  1.00000E-005  1.00000E-005  1.00000E-005  1.00000E-005  1.00000E-005  1.00000E-005  1.00000E-005  
6.05000E+001  2.13423E-004  6.27550E+015  2.46326E+002  2.14485E+005  1.00000E-040  1.00000E-040  1.00000E-040  1.18148E-018  1.00000E-040  1.00000E-040  1.00000E-040  1.00000E-040  1.00000E-040  1.00000E-040  1.00000E-040  1.00000E-040  1.00000E-040  1.00000E-040  5.19187E-024  1.00000E-040  1.01160E-040  8.77136E-011  1.82618E-007  1.58100E-005  3.05690E-009  6.96908E-007  2.11792E-001  5.08427E-009  2.82335E-004  4.09137E-019  3.78983E-012  1.00000E-040  5.15835E-033  1.22003E-023  4.04336E-015  4.31877E-008  1.39681E-020  1.85353E-032  1.91040E-038  1.81069E-037  1.00000E-040  6.21757E-020  1.11558E-018  3.24825E-014  1.89498E-012  1.38630E-036  1.00000E-040  1.83597E-024  1.26002E-031  3.65693E-011  2.99818E-013  7.87907E-001  3.77543E-021  6.03986E-023  3.44310E-022  1.42430E-036  4.68279E-039  5.54685E-028  3.93808E-024  1.50556E-008  2.02939E-017  1.84736E-010  4.64723E-017  8.99065E-009  1.53491E-011  1.67981E-006  2.37254E-011  2.48094E-015  1.45092E-014  1.84367E-011  2.97234E-013  5.05827E-011  2.31804E-032  6.29303E-034  1.00000E-040  2.95383E-031  1.00263E-038  2.00188E-023  4.86267E-018  5.11669E-013  1.01756E-021  5.18477E-021  1.00000E-040  1.00000E-040  3.32644E-030  2.36865E-036  2.27482E-027  1.29998E-034  8.66504E-035  1.21842E-023  1.65668E-019  2.27263E-025  5.61055E-032  9.86385E-027  5.48501E-018  4.98480E-017  6.47143E-016  1.48492E-021  3.35447E-025  1.00000E-040  3.53349E-016  3.68701E-037  1.50210E-023  1.61583E-030  4.16270E-023  3.52250E-029  2.45450E-016  3.85155E-022  2.34587E-014  1.00000E-040  1.15060E-014  1.00000E-040  3.81053E-034  4.95368E-021  1.00000E-040  5.49555E-024  9.25075E-014  4.15836E-038  1.00000E-003  1.00000E-005  1.00000E-005  1.00000E-005  1.00000E-005  1.00000E-005  1.00000E-005  1.00000E-005  1.00000E-005  1.00000E-005  1.00000E-005  1.00000E-005  1.00000E-005  1.00000E-005  1.00000E-005  1.00000E-005  
6.15000E+001  1.86150E-004  5.53752E+015  2.43480E+002  2.24486E+005  1.00000E-040  1.00000E-040  1.00000E-040  2.76032E-018  1.00000E-040  1.00000E-040  1.00000E-040  1.00000E-040  1.00000E-040  1.00000E-040  1.00000E-040  1.00000E-040  1.00000E-040  1.00000E-040  3.53169E-024  1.00000E-040  1.01276E-040  1.21856E-010  1.93791E-007  1.57840E-005  3.24593E-009  8.42970E-007  2.11777E-001  6.18289E-009  2.82246E-004  4.09106E-019  3.42530E-012  1.00000E-040  6.04538E-033  1.04837E-023  3.37465E-015  4.25737E-008  1.77505E-020  2.08282E-032  1.00000E-040  1.00000E-040  1.00000E-040  6.11702E-020  1.18816E-018  4.09024E-014  2.03332E-012  1.29742E-036  1.00000E-040  7.67764E-025  9.82258E-032  3.64373E-011  4.28748E-013  7.87922E-001  3.75278E-021  4.98357E-023  3.43334E-022  7.31318E-037  3.94359E-039  4.03102E-028  2.40418E-024  1.41516E-008  1.93583E-017  1.88502E-010  3.80167E-017  8.55689E-009  1.47139E-011  1.60343E-006  1.69663E-011  1.60775E-015  1.33639E-014  1.57805E-011  1.80307E-013  5.03712E-011  2.43738E-032  6.21884E-034  1.00000E-040  2.42144E-031  5.81275E-039  2.00097E-023  3.91917E-018  4.31790E-013  7.24438E-022  3.76967E-021  1.00000E-040  1.00000E-040  3.26291E-030  3.04276E-036  2.20002E-027  1.30974E-034  5.46129E-035  8.26260E-024  1.35152E-019  1.87476E-025  3.81104E-032  9.54473E-027  5.85576E-018  3.92905E-017  5.71898E-016  1.43633E-021  2.32577E-025  1.00000E-040  4.35230E-016  2.77228E-037  1.01833E-023  1.64318E-030  4.09740E-023  1.75895E-029  1.55374E-016  4.08850E-022  2.56059E-014  1.00000E-040  1.14724E-014  1.00000E-040  4.23975E-034  3.22056E-021  1.00000E-040  5.16002E-024  8.97123E-014  3.34477E-038  1.00000E-003  1.00000E-005  1.00000E-005  1.00000E-005  1.00000E-005  1.00000E-005  1.00000E-005  1.00000E-005  1.00000E-005  1.00000E-005  1.00000E-005  1.00000E-005  1.00000E-005  1.00000E-005  1.00000E-005  1.00000E-005  
6.25000E+001  1.62104E-004  4.88073E+015  2.40561E+002  2.34487E+005  1.00000E-040  1.00000E-040  1.00000E-040  6.48842E-018  1.00000E-040  1.00000E-040  1.00000E-040  1.00000E-040  1.00000E-040  1.00000E-040  1.00000E-040  1.00000E-040  1.00000E-040  1.00000E-040  2.34934E-024  1.00000E-040  1.01403E-040  1.69062E-010  2.06245E-007  1.57552E-005  3.44627E-009  1.01885E-006  2.11761E-001  7.68539E-009  2.82147E-004  4.09230E-019  3.10675E-012  1.00000E-040  7.04457E-033  8.97750E-024  2.81153E-015  4.20309E-008  2.25992E-020  2.32061E-032  1.00000E-040  1.00000E-040  1.00000E-040  5.94303E-020  1.25153E-018  5.09659E-014  2.18216E-012  1.21551E-036  1.00000E-040  3.65800E-025  7.54076E-032  3.62967E-011  6.01413E-013  7.87938E-001  3.68121E-021  4.07418E-023  3.39045E-022  9.22051E-038  3.35399E-039  2.95594E-028  1.48976E-024  1.32574E-008  1.83876E-017  1.92189E-010  3.06553E-017  8.15387E-009  1.41035E-011  1.53020E-006  1.21045E-011  1.03700E-015  1.23004E-014  1.34629E-011  1.09003E-013  5.01418E-011  2.55105E-032  6.13332E-034  1.00000E-040  1.97763E-031  3.30911E-039  1.99998E-023  3.20619E-018  3.63921E-013  5.22488E-022  2.77887E-021  1.00000E-040  1.00000E-040  3.20088E-030  3.89931E-036  2.12305E-027  1.31042E-034  3.49050E-035  5.67754E-024  1.09561E-019  1.53808E-025  2.60370E-032  9.05580E-027  6.21712E-018  3.08353E-017  5.06351E-016  1.36006E-021  1.64544E-025  1.00000E-040  5.22890E-016  2.10924E-037  6.99409E-024  1.66682E-030  4.03007E-023  8.92624E-030  9.82706E-017  4.34500E-022  2.79099E-014  1.00000E-040  1.14433E-014  1.00000E-040  4.71255E-034  2.07680E-021  1.00000E-040  4.82049E-024  8.73569E-014  2.99326E-038  1.00000E-003  1.00000E-005  1.00000E-005  1.00000E-005  1.00000E-005  1.00000E-005  1.00000E-005  1.00000E-005  1.00000E-005  1.00000E-005  1.00000E-005  1.00000E-005  1.00000E-005  1.00000E-005  1.00000E-005  1.00000E-005  
6.35000E+001  1.40930E-004  4.29592E+015  2.37610E+002  2.44487E+005  1.00000E-040  1.00000E-040  1.00000E-040  1.53508E-017  1.00000E-040  1.00000E-040  1.00000E-040  1.00000E-040  1.00000E-040  1.00000E-040  1.00000E-040  1.00000E-040  1.00000E-040  1.00000E-040  1.52935E-024  1.00000E-040  1.01541E-040  2.34604E-010  2.20100E-007  1.57234E-005  3.65940E-009  1.23131E-006  2.11743E-001  9.71950E-009  2.82039E-004  4.09934E-019  2.82718E-012  1.00000E-040  8.19015E-033  7.67379E-024  2.34063E-015  4.15446E-008  2.88225E-020  2.56003E-032  5.21002E-038  4.87999E-037  1.00000E-040  5.69793E-020  1.30293E-018  6.28149E-014  2.34291E-012  1.14035E-036  1.00000E-040  2.21518E-025  5.72389E-032  3.61460E-011  8.27840E-013  7.87956E-001  3.57176E-021  3.30774E-023  3.32484E-022  1.00000E-040  2.88203E-039  2.18766E-028  9.37304E-025  1.23831E-008  1.74036E-017  1.95853E-010  2.44933E-017  7.77861E-009  1.35156E-011  1.45936E-006  8.62262E-012  6.66183E-016  1.13123E-014  1.14468E-011  6.56888E-014  4.98921E-011  2.65889E-032  6.03610E-034  1.00000E-040  1.60798E-031  1.85596E-039  1.99889E-023  2.66445E-018  3.06576E-013  3.82123E-022  2.07881E-021  1.00000E-040  1.00000E-040  3.14013E-030  4.98986E-036  2.04390E-027  1.30174E-034  2.26448E-035  3.95712E-024  8.83979E-020  1.25766E-025  1.79113E-032  8.43982E-027  6.55234E-018  2.40579E-017  4.48729E-016  1.26197E-021  1.18511E-025  1.00000E-040  6.09693E-016  1.62230E-037  4.87180E-024  1.68786E-030  3.96049E-023  4.59890E-030  6.20778E-017  4.62069E-022  3.03827E-014  1.00000E-040  1.14176E-014  2.02281E-040  5.23781E-034  1.33008E-021  1.00000E-040  4.49100E-024  8.53543E-014  3.19362E-038  1.00000E-003  1.00000E-005  1.00000E-005  1.00000E-005  1.00000E-005  1.00000E-005  1.00000E-005  1.00000E-005  1.00000E-005  1.00000E-005  1.00000E-005  1.00000E-005  1.00000E-005  1.00000E-005  1.00000E-005  1.00000E-005  
6.45000E+001  1.22314E-004  3.77507E+015  2.34675E+002  2.54488E+005  1.00000E-040  1.00000E-040  1.00000E-040  3.65656E-017  1.00000E-040  1.00000E-040  1.00000E-040  1.00000E-040  1.00000E-040  1.00000E-040  1.00000E-040  1.00000E-040  1.00000E-040  1.00000E-040  9.74928E-025  1.00000E-040  1.01694E-040  3.26116E-010  2.35500E-007  1.56883E-005  3.88661E-009  1.48886E-006  2.11724E-001  1.24489E-008  2.81920E-004  4.11658E-019  2.58056E-012  1.14354E-040  9.53305E-033  6.55818E-024  1.94911E-015  4.11022E-008  3.68233E-020  2.79453E-032  2.13230E-038  1.99622E-037  1.00000E-040  5.39155E-020  1.34095E-018  7.66085E-014  2.51718E-012  1.07179E-036  1.00000E-040  1.83429E-025  4.31796E-032  3.59833E-011  1.11816E-012  7.87975E-001  3.43907E-021  2.67517E-023  3.25046E-022  5.61223E-036  2.50079E-039  1.63281E-028  5.98657E-025  1.15380E-008  1.64285E-017  1.99563E-010  1.95608E-017  7.42846E-009  1.29461E-011  1.39005E-006  6.13930E-012  4.26589E-016  1.03931E-014  9.69752E-012  3.94686E-014  4.96195E-011  2.76074E-032  5.92432E-034  1.00000E-040  1.29989E-031  1.03088E-039  1.99771E-023  2.24977E-018  2.58335E-013  2.83500E-022  1.57860E-021  1.00000E-040  1.00000E-040  3.08041E-030  6.38127E-036  1.96226E-027  1.28354E-034  1.49183E-035  2.79925E-024  7.11464E-020  1.02731E-025  1.24115E-032  7.74286E-027  6.84918E-018  1.86226E-017  3.97621E-016  1.14822E-021  8.66842E-026  1.00000E-040  6.89931E-016  1.25840E-037  3.44391E-024  1.70885E-030  3.88835E-023  2.40130E-030  3.91481E-017  4.91329E-022  3.30321E-014  1.00000E-040  1.13946E-014  1.00000E-040  5.82732E-034  8.47372E-022  1.00000E-040  4.18565E-024  8.36332E-014  4.19832E-038  1.00000E-003  1.00000E-005  1.00000E-005  1.00000E-005  1.00000E-005  1.00000E-005  1.00000E-005  1.00000E-005  1.00000E-005  1.00000E-005  1.00000E-005  1.00000E-005  1.00000E-005  1.00000E-005  1.00000E-005  1.00000E-005  
6.55000E+001  1.05975E-004  3.31055E+015  2.31857E+002  2.64488E+005  1.00000E-040  1.00000E-040  1.00000E-040  8.77253E-017  1.00000E-040  1.00000E-040  1.00000E-040  1.00000E-040  1.00000E-040  1.00000E-040  1.00000E-040  1.00000E-040  1.00000E-040  1.00000E-040  6.09214E-025  1.00000E-040  1.01862E-040  4.55184E-010  2.52618E-007  1.56495E-005  4.12847E-009  1.80273E-006  2.11702E-001  1.60821E-008  2.81789E-004  4.15226E-019  2.36147E-012  1.00000E-040  1.11740E-032  5.61911E-024  1.62619E-015  4.06930E-008  4.71427E-020  3.02095E-032  1.00000E-040  1.00000E-040  1.00000E-040  5.03954E-020  1.36589E-018  9.25671E-014  2.70684E-012  1.00973E-036  1.00000E-040  1.94846E-025  3.27541E-032  3.58066E-011  1.47945E-012  7.87997E-001  3.30644E-021  2.17118E-023  3.18214E-022  1.00000E-040  2.18752E-039  1.22639E-028  3.87829E-025  1.07302E-008  1.54890E-017  2.03456E-010  1.57678E-017  7.10100E-009  1.23922E-011  1.32068E-006  4.37574E-012  2.72473E-016  9.53802E-015  8.18293E-012  2.36453E-014  4.93210E-011  2.85677E-032  5.79270E-034  1.00000E-040  1.04224E-031  5.73658E-040  1.99640E-023  1.92946E-018  2.17863E-013  2.13370E-022  1.21653E-021  1.00000E-040  1.00000E-040  3.02148E-030  8.16124E-036  1.87652E-027  1.25660E-034  9.98086E-036  2.01144E-024  5.74315E-020  8.41932E-026  8.66729E-033  7.04716E-027  7.09837E-018  1.42540E-017  3.51724E-016  1.02431E-021  6.42230E-026  1.00000E-040  7.60080E-016  9.78266E-038  2.47295E-024  1.73772E-030  3.81329E-023  1.26551E-030  2.46203E-017  5.21151E-022  3.58505E-014  1.00000E-040  1.13736E-014  1.00000E-040  6.50170E-034  5.38364E-022  1.00000E-040  3.93267E-024  8.21348E-014  6.53395E-038  1.00000E-003  1.00000E-005  1.00000E-005  1.00000E-005  1.00000E-005  1.00000E-005  1.00000E-005  1.00000E-005  1.00000E-005  1.00000E-005  1.00000E-005  1.00000E-005  1.00000E-005  1.00000E-005  1.00000E-005  1.00000E-005  
6.65000E+001  9.16610E-005  2.89904E+015  2.29006E+002  2.74489E+005  1.00000E-040  1.00000E-040  1.00000E-040  2.11809E-016  1.00000E-040  1.00000E-040  1.00000E-040  1.00000E-040  1.00000E-040  1.00000E-040  1.00000E-040  1.00000E-040  1.00000E-040  1.00000E-040  3.73287E-025  1.00000E-040  1.02047E-040  6.36888E-010  2.71653E-007  1.56066E-005  4.39115E-009  2.18496E-006  2.11678E-001  2.08796E-008  2.81643E-004  4.19624E-019  2.16597E-012  1.00000E-040  1.31193E-032  4.81366E-024  1.35649E-015  4.03076E-008  6.04430E-020  3.23693E-032  1.00000E-040  1.00000E-040  1.00000E-040  4.65971E-020  1.37852E-018  1.10926E-013  2.91398E-012  9.53130E-037  1.00000E-040  2.35410E-025  2.45750E-032  3.56138E-011  1.92903E-012  7.88021E-001  3.14602E-021  1.74895E-023  3.10497E-022  1.00000E-040  1.93467E-039  9.30270E-029  2.55023E-025  9.96615E-009  1.45859E-017  2.07484E-010  1.28312E-017  6.79412E-009  1.18696E-011  1.25428E-006  3.12315E-012  1.73956E-016  8.75051E-015  6.89009E-012  1.41549E-014  4.89931E-011  2.94745E-032  5.65861E-034  1.00000E-040  8.32846E-032  3.14305E-040  1.99495E-023  1.67961E-018  1.83875E-013  1.62774E-022  9.50890E-022  1.00000E-040  1.00000E-040  2.96309E-030  1.04439E-035  1.79190E-027  1.21478E-034  6.78412E-036  1.46487E-024  4.61152E-020  6.88790E-026  6.09778E-033  6.24143E-027  7.30929E-018  1.08048E-017  3.11033E-016  8.98679E-022  4.80622E-026  1.01332E-040  8.19021E-016  7.70368E-038  1.79958E-024  1.76190E-030  3.73497E-023  6.76965E-031  1.54565E-017  5.54193E-022  3.88981E-014  1.00000E-040  1.13539E-014  1.00000E-040  7.26028E-034  3.40345E-022  1.00000E-040  3.68173E-024  8.08109E-014  1.12054E-037  1.00000E-003  1.00000E-005  1.00000E-005  1.00000E-005  1.00000E-005  1.00000E-005  1.00000E-005  1.00000E-005  1.00000E-005  1.00000E-005  1.00000E-005  1.00000E-005  1.00000E-005  1.00000E-005  1.00000E-005  1.00000E-005  
6.75000E+001  7.91388E-005  2.53493E+015  2.26121E+002  2.84489E+005  1.00000E-040  1.00000E-040  1.00000E-040  5.14677E-016  1.00000E-040  1.00000E-040  1.00000E-040  1.00000E-040  1.00000E-040  1.00000E-040  1.00000E-040  1.00000E-040  1.00000E-040  1.00000E-040  2.24387E-025  1.00000E-040  1.02253E-040  8.94015E-010  2.92828E-007  1.55590E-005  4.67880E-009  2.65186E-006  2.11652E-001  2.71666E-008  2.81480E-004  4.24956E-019  1.99090E-012  1.00000E-040  1.56245E-032  4.12488E-024  1.13141E-015  3.99380E-008  7.76050E-020  3.43865E-032  1.00000E-040  1.00000E-040  1.00000E-040  4.26647E-020  1.37946E-018  1.31920E-013  3.14094E-012  9.01618E-037  1.00000E-040  2.99039E-025  1.82367E-032  3.54023E-011  2.48052E-012  7.88047E-001  2.95987E-021  1.39759E-023  3.02167E-022  1.00000E-040  1.73049E-039  7.12783E-029  1.70106E-025  9.25155E-009  1.37337E-017  2.11718E-010  1.05755E-017  6.50605E-009  1.13824E-011  1.19081E-006  2.23500E-012  1.11158E-016  8.02881E-015  5.79325E-012  8.48131E-015  4.86317E-011  3.03280E-032  5.52610E-034  1.00000E-040  6.63667E-032  1.69224E-040  1.99335E-023  1.48268E-018  1.55343E-013  1.25766E-022  7.53275E-022  1.00000E-040  1.00000E-040  2.90503E-030  1.33845E-035  1.70901E-027  1.15706E-034  4.68395E-036  1.08017E-024  3.68200E-020  5.62725E-026  4.32228E-033  5.35035E-027  7.48084E-018  8.09850E-018  2.74868E-016  7.75769E-022  3.62307E-026  4.49968E-040  8.66845E-016  6.15026E-038  1.32586E-024  1.78082E-030  3.65297E-023  3.67381E-031  9.68391E-018  5.91221E-022  4.22045E-014  1.00000E-040  1.13350E-014  1.00000E-040  8.11694E-034  2.14106E-022  1.00000E-040  3.43311E-024  7.96215E-014  2.00628E-037  1.00000E-003  1.00000E-005  1.00000E-005  1.00000E-005  1.00000E-005  1.00000E-005  1.00000E-005  1.00000E-005  1.00000E-005  1.00000E-005  1.00000E-005  1.00000E-005  1.00000E-005  1.00000E-005  1.00000E-005  1.00000E-005  
6.85000E+001  6.82047E-005  2.21139E+015  2.23391E+002  2.94489E+005  1.00000E-040  1.00000E-040  1.00000E-040  1.25937E-015  1.00000E-040  1.00000E-040  1.00000E-040  1.00000E-040  1.00000E-040  1.00000E-040  1.00000E-040  1.00000E-040  1.00000E-040  1.00000E-040  1.32530E-025  1.00000E-040  1.02482E-040  1.26349E-009  3.16412E-007  1.55063E-005  4.99089E-009  3.22583E-006  2.11622E-001  3.53521E-008  2.81297E-004  4.32546E-019  1.83200E-012  1.00000E-040  3.06458E-032  3.55082E-024  9.45985E-016  3.95767E-008  9.99006E-020  3.63238E-032  1.00000E-040  1.00000E-040  1.00000E-040  3.87646E-020  1.37232E-018  1.56069E-013  3.39028E-012  8.55720E-037  1.00000E-040  3.85662E-025  1.40335E-032  3.51695E-011  3.13246E-012  7.88076E-001  2.78281E-021  1.12432E-023  2.95414E-022  1.21721E-036  1.56137E-039  5.49728E-029  1.14914E-025  8.59070E-009  1.29609E-017  2.16418E-010  8.86535E-018  6.23511E-009  1.09233E-011  1.12687E-006  1.60735E-012  7.11196E-017  7.36709E-015  4.86091E-012  5.08692E-015  4.82323E-011  3.11205E-032  5.38311E-034  1.00000E-040  5.24595E-032  1.00000E-040  1.99157E-023  1.32556E-018  1.31417E-013  9.83629E-023  6.04086E-022  1.58457E-040  1.00000E-040  2.84702E-030  1.71881E-035  1.62336E-027  1.08763E-034  3.28389E-036  8.07529E-025  2.95500E-020  4.62536E-026  3.09194E-033  4.52088E-027  7.61375E-018  5.97070E-018  2.42087E-016  6.58226E-022  2.74302E-026  1.80605E-039  9.04525E-016  4.91803E-038  9.90442E-025  1.81173E-030  3.56682E-023  2.00731E-031  6.04316E-018  6.29378E-022  4.57194E-014  1.00000E-040  1.13165E-014  1.00000E-040  9.11567E-034  1.34544E-022  1.00000E-040  3.23855E-024  7.85320E-014  3.64633E-037  1.00000E-003  1.00000E-005  1.00000E-005  1.00000E-005  1.00000E-005  1.00000E-005  1.00000E-005  1.00000E-005  1.00000E-005  1.00000E-005  1.00000E-005  1.00000E-005  1.00000E-005  1.00000E-005  1.00000E-005  1.00000E-005  
6.95000E+001  5.86759E-005  1.92622E+015  2.20633E+002  3.04490E+005  1.00000E-040  1.00000E-040  1.00000E-040  3.09886E-015  1.00000E-040  1.00000E-040  1.00000E-040  1.00000E-040  1.00000E-040  1.00000E-040  1.00000E-040  1.00000E-040  1.00000E-040  1.00000E-040  7.69612E-026  1.00000E-040  1.02738E-040  1.79351E-009  3.42713E-007  1.54475E-005  5.33733E-009  3.93007E-006  2.11589E-001  4.59398E-008  2.81093E-004  4.41128E-019  1.68808E-012  9.75896E-040  5.16232E-031  3.06050E-024  7.90947E-016  3.92169E-008  1.28810E-019  3.81468E-032  1.00000E-040  1.00000E-040  1.00000E-040  3.49905E-020  1.35734E-018  1.83612E-013  3.66526E-012  8.14910E-037  1.00000E-040  4.98547E-025  2.41848E-032  3.49123E-011  3.90616E-012  7.88109E-001  2.58457E-021  8.97592E-024  2.88617E-022  1.04069E-036  1.43536E-039  4.31373E-029  7.86884E-026  7.98609E-009  1.22611E-017  2.21537E-010  7.52450E-018  5.97978E-009  1.05085E-011  1.06557E-006  1.16248E-012  4.56855E-017  6.76787E-015  4.07817E-012  3.06238E-015  4.77888E-011  3.18392E-032  5.24594E-034  1.00000E-040  4.13515E-032  1.00000E-040  1.98959E-023  1.19861E-018  1.11321E-013  7.77680E-023  4.89970E-022  3.18199E-040  1.00000E-040  2.78881E-030  2.21368E-035  1.54007E-027  1.00371E-034  2.33892E-036  6.10073E-025  2.35896E-020  3.80059E-026  2.24548E-033  3.67030E-027  7.71862E-018  4.34224E-018  2.12910E-016  5.50194E-022  2.07918E-026  6.60931E-039  9.33612E-016  4.01814E-038  7.47645E-025  1.83823E-030  3.47599E-023  1.11246E-031  3.76282E-018  6.72774E-022  4.95223E-014  1.00000E-040  1.12979E-014  1.00000E-040  1.02571E-033  8.42493E-023  1.00000E-040  3.04487E-024  7.75129E-014  6.64264E-037  1.00000E-003  1.00000E-005  1.00000E-005  1.00000E-005  1.00000E-005  1.00000E-005  1.00000E-005  1.00000E-005  1.00000E-005  1.00000E-005  1.00000E-005  1.00000E-005  1.00000E-005  1.00000E-005  1.00000E-005  1.00000E-005  
7.05000E+001  5.03845E-005  1.67523E+015  2.17841E+002  3.14490E+005  1.00000E-040  1.00000E-040  1.00000E-040  7.66248E-015  1.00000E-040  1.00000E-040  1.00000E-040  1.00000E-040  1.00000E-040  1.00000E-040  1.00000E-040  1.00000E-040  1.00000E-040  1.00000E-040  4.40305E-026  1.00000E-040  1.03024E-040  2.55844E-009  3.72074E-007  1.53821E-005  5.72563E-009  4.79513E-006  2.11553E-001  5.95489E-008  2.80863E-004  4.50607E-019  1.55710E-012  3.08655E-038  1.26721E-029  2.64743E-024  6.61313E-016  3.88520E-008  1.66349E-019  3.98732E-032  1.00000E-040  1.00000E-040  1.00000E-040  3.14367E-020  1.33624E-018  2.14913E-013  3.96939E-012  7.82761E-037  1.00000E-040  6.42445E-025  3.62224E-031  3.46270E-011  4.81081E-012  7.88145E-001  2.37042E-021  7.10490E-024  2.82209E-022  4.06960E-037  1.42657E-039  3.65478E-029  5.46462E-026  7.43955E-009  1.16448E-017  2.27229E-010  6.45488E-018  5.73878E-009  1.01439E-011  1.00658E-006  8.46910E-013  2.95175E-017  6.23179E-015  3.42380E-012  1.85444E-015  4.72931E-011  3.24615E-032  5.11800E-034  1.00000E-040  3.25121E-032  1.00000E-040  1.98737E-023  1.09461E-018  9.44430E-014  6.21002E-023  4.01582E-022  6.23035E-040  1.00000E-040  2.73011E-030  2.86290E-035  1.45908E-027  9.13242E-035  1.69411E-036  4.65276E-025  1.87237E-020  3.12465E-026  1.76748E-033  2.85066E-027  7.80221E-018  3.11405E-018  1.86920E-016  4.53128E-022  1.57289E-026  2.21954E-038  9.55665E-016  3.56291E-038  5.69682E-025  1.85974E-030  3.37993E-023  6.25990E-032  2.33809E-018  7.22768E-022  5.36276E-014  1.00000E-040  1.12787E-014  1.00000E-040  1.15690E-033  5.27264E-023  1.00000E-040  2.85187E-024  7.65387E-014  1.20653E-036  1.00000E-003  1.00000E-005  1.00000E-005  1.00000E-005  1.00000E-005  1.00000E-005  1.00000E-005  1.00000E-005  1.00000E-005  1.00000E-005  1.00000E-005  1.00000E-005  1.00000E-005  1.00000E-005  1.00000E-005  1.00000E-005  
7.15000E+001  4.31853E-005  1.45284E+015  2.15296E+002  3.24490E+005  1.00000E-040  1.00000E-040  1.00000E-040  1.90318E-014  1.00000E-040  1.00000E-040  1.00000E-040  1.00000E-040  1.00000E-040  1.00000E-040  1.00000E-040  1.00000E-040  1.00000E-040  1.00000E-040  2.49456E-026  1.00000E-040  1.03345E-040  3.68437E-009  4.04910E-007  1.53090E-005  6.15337E-009  5.86205E-006  2.11511E-001  7.69552E-008  2.80603E-004  4.62477E-019  1.43392E-012  7.24735E-037  2.16038E-028  2.39906E-024  5.54562E-016  3.84754E-008  2.15683E-019  4.17808E-032  1.00000E-040  1.00000E-040  1.00000E-040  2.82370E-020  1.31631E-018  2.51256E-013  4.30610E-012  8.06106E-037  1.00000E-040  8.22913E-025  5.99983E-030  3.43095E-011  5.82511E-012  7.88185E-001  2.18670E-021  5.71030E-024  2.79570E-022  2.08133E-037  2.12949E-039  4.64309E-029  3.87094E-026  6.95182E-009  1.11422E-017  2.33968E-010  5.60012E-018  5.51082E-009  9.82308E-012  9.44838E-007  6.23353E-013  1.91772E-017  5.76018E-015  2.87309E-012  1.12911E-015  4.67321E-011  3.29523E-032  4.98052E-034  1.00000E-040  2.52644E-032  1.00000E-040  1.98489E-023  1.00801E-018  8.02874E-014  5.00769E-023  3.32174E-022  1.19014E-039  1.00000E-040  2.67059E-030  3.71931E-035  1.37346E-027  8.79595E-035  1.25703E-036  3.59330E-025  1.50324E-020  2.63113E-026  2.26679E-033  2.20717E-027  7.88107E-018  2.19109E-018  1.63145E-016  3.67848E-022  1.18337E-026  6.88607E-038  9.72129E-016  4.69565E-038  4.39641E-025  1.90551E-030  3.27792E-023  3.56681E-032  1.44534E-018  7.73509E-022  5.78630E-014  1.00000E-040  1.12586E-014  1.00000E-040  1.31463E-033  3.42437E-023  1.00000E-040  2.72893E-024  7.55856E-014  2.18113E-036  1.00000E-003  1.00000E-005  1.00000E-005  1.00000E-005  1.00000E-005  1.00000E-005  1.00000E-005  1.00000E-005  1.00000E-005  1.00000E-005  1.00000E-005  1.00000E-005  1.00000E-005  1.00000E-005  1.00000E-005  1.00000E-005  
7.25000E+001  3.69498E-005  1.25735E+015  2.12850E+002  3.34491E+005  1.00000E-040  1.00000E-040  1.00000E-040  4.73177E-014  1.00000E-040  1.00000E-040  1.00000E-040  1.00000E-040  1.00000E-040  1.00000E-040  1.00000E-040  1.00000E-040  1.00000E-040  1.00000E-040  1.40598E-026  1.00000E-040  1.03707E-040  5.34441E-009  4.41705E-007  1.52271E-005  6.63489E-009  7.17019E-006  2.11465E-001  9.91090E-008  2.80308E-004  4.75309E-019  1.31815E-012  1.20122E-035  2.57713E-027  3.27762E-024  4.65554E-016  3.80804E-008  2.80459E-019  4.39336E-032  1.00000E-040  1.00000E-040  1.00000E-040  2.54293E-020  1.29842E-018  2.93067E-013  4.68044E-012  1.35658E-036  1.00000E-040  1.04711E-024  7.07183E-029  3.39550E-011  6.96339E-012  7.88231E-001  2.01548E-021  4.60549E-024  2.79782E-022  1.00000E-040  7.62450E-039  1.41319E-028  3.01935E-026  6.52219E-009  1.07519E-017  2.41934E-010  4.89648E-018  5.29461E-009  9.57319E-012  8.82385E-007  4.64246E-013  1.25695E-017  5.37240E-015  2.41332E-012  6.93271E-016  4.60794E-011  3.32733E-032  4.84582E-034  1.00000E-040  1.94701E-032  1.00000E-040  1.98210E-023  9.34601E-019  6.84089E-014  4.07584E-023  2.77224E-022  2.22320E-039  1.00000E-040  2.60989E-030  4.86242E-035  1.28662E-027  1.38515E-034  1.03150E-036  2.80450E-025  1.21094E-020  2.62351E-026  8.05393E-033  1.67704E-027  7.97141E-018  1.52064E-018  1.41772E-016  2.95083E-022  8.81995E-027  1.99136E-037  9.84284E-016  1.48125E-037  3.42885E-025  1.96316E-030  3.16921E-023  2.23616E-032  8.91074E-019  8.29262E-022  6.22254E-014  1.00000E-040  1.12371E-014  1.00000E-040  1.50258E-033  2.92359E-023  1.00000E-040  2.63686E-024  7.46320E-014  3.92166E-036  1.00000E-003  1.00000E-005  1.00000E-005  1.00000E-005  1.00000E-005  1.00000E-005  1.00000E-005  1.00000E-005  1.00000E-005  1.00000E-005  1.00000E-005  1.00000E-005  1.00000E-005  1.00000E-005  1.00000E-005  1.00000E-005  
7.35000E+001  3.15588E-005  1.08651E+015  2.10380E+002  3.44491E+005  1.00000E-040  1.00000E-040  1.00000E-040  1.17097E-013  1.00000E-040  1.00000E-040  1.00000E-040  1.00000E-040  1.00000E-040  1.00000E-040  1.00000E-040  1.00000E-040  1.00000E-040  1.00000E-040  7.94514E-027  1.00000E-040  1.04116E-040  7.79712E-009  4.82990E-007  1.51350E-005  7.19271E-009  8.75683E-006  2.11412E-001  1.27162E-007  2.79973E-004  4.87515E-019  1.20939E-012  1.45854E-034  2.24228E-026  1.32735E-023  3.90884E-016  3.76602E-008  3.65266E-019  4.64655E-032  1.00000E-040  1.00000E-040  1.00000E-040  2.30763E-020  1.28455E-018  3.40380E-013  5.09837E-012  6.27745E-036  1.00000E-040  1.32255E-024  6.07883E-028  3.35579E-011  8.23803E-012  7.88282E-001  1.84998E-021  3.68786E-024  2.82554E-022  2.30693E-036  4.15017E-038  6.52120E-028  3.93899E-026  6.14970E-009  1.04865E-017  2.51609E-010  4.30751E-018  5.08913E-009  9.44089E-012  8.19910E-007  3.50786E-013  8.34529E-018  5.10901E-015  2.03175E-012  4.31313E-016  4.52753E-011  3.33831E-032  4.72868E-034  1.00000E-040  1.49230E-032  1.00000E-040  1.97897E-023  8.71175E-019  5.84564E-014  3.35116E-023  2.33674E-022  4.06627E-039  1.00000E-040  2.54763E-030  6.42242E-035  1.19988E-027  5.66827E-034  1.42313E-036  2.21106E-025  9.72931E-021  5.78037E-026  4.28445E-032  1.23319E-027  8.09647E-018  1.04774E-018  1.22791E-016  2.34471E-022  6.48547E-027  5.40350E-037  9.93154E-016  7.13279E-037  2.70079E-025  2.02289E-030  3.05300E-023  2.35817E-032  5.49820E-019  8.95632E-022  6.66463E-014  1.00000E-040  1.12138E-014  1.00000E-040  1.72698E-033  5.72453E-023  1.00000E-040  2.54896E-024  7.36578E-014  7.00926E-036  1.00000E-003  1.00000E-005  1.00000E-005  1.00000E-005  1.00000E-005  1.00000E-005  1.00000E-005  1.00000E-005  1.00000E-005  1.00000E-005  1.00000E-005  1.00000E-005  1.00000E-005  1.00000E-005  1.00000E-005  1.00000E-005  
7.45000E+001  2.69088E-005  9.35887E+014  2.08251E+002  3.54491E+005  1.00000E-040  1.00000E-040  1.00000E-040  2.84948E-013  1.00000E-040  1.00000E-040  1.00000E-040  1.00000E-040  1.00000E-040  1.00000E-040  1.00000E-040  1.00000E-040  1.00000E-040  1.00000E-040  4.56959E-027  1.00000E-040  1.04578E-040  1.14981E-008  5.29398E-007  1.50311E-005  7.83154E-009  1.06527E-005  2.11353E-001  1.62556E-007  2.79591E-004  4.99586E-019  1.10148E-012  1.36760E-033  1.48257E-025  8.03728E-023  3.29493E-016  3.72070E-008  4.77985E-019  5.02605E-032  1.00000E-040  1.00000E-040  1.00000E-040  2.13771E-020  1.28903E-018  3.95379E-013  5.56494E-012  4.00557E-035  1.00000E-040  1.65564E-024  3.97774E-027  3.31117E-011  9.62071E-012  7.88340E-001  1.73825E-021  3.03140E-024  2.93327E-022  1.00000E-040  2.20244E-037  2.92213E-027  1.19988E-025  5.83324E-009  1.04035E-017  2.64367E-010  3.82296E-018  4.89327E-009  9.49138E-012  7.50233E-007  2.70341E-013  5.61757E-018  5.04887E-015  1.71163E-012  2.72615E-016  4.41716E-011  3.32375E-032  4.61416E-034  1.00000E-040  1.12176E-032  1.00000E-040  1.97543E-023  8.15153E-019  5.01616E-014  2.79317E-023  1.99208E-022  7.28437E-039  1.00000E-040  2.48334E-030  8.60004E-035  1.10332E-027  3.03604E-033  4.62063E-036  1.77576E-025  8.01266E-021  2.77153E-025  2.13711E-031  9.40791E-028  8.31612E-018  7.17067E-019  1.05400E-016  1.85873E-022  4.68135E-027  1.38276E-036  9.99538E-016  3.29632E-036  2.16731E-025  2.13410E-030  2.92835E-023  5.80289E-032  3.39113E-019  9.63500E-022  7.05425E-014  1.00000E-040  1.11884E-014  1.00000E-040  2.01323E-033  1.96740E-022  1.00000E-040  2.55825E-024  7.26430E-014  1.24519E-035  1.00000E-003  1.00000E-005  1.00000E-005  1.00000E-005  1.00000E-005  1.00000E-005  1.00000E-005  1.00000E-005  1.00000E-005  1.00000E-005  1.00000E-005  1.00000E-005  1.00000E-005  1.00000E-005  1.00000E-005  1.00000E-005  
7.55000E+001  2.29105E-005  8.03595E+014  2.06497E+002  3.64489E+005  1.00000E-040  1.00000E-040  1.00000E-040  6.62649E-013  1.00000E-040  1.00000E-040  1.00000E-040  1.00000E-040  1.00000E-040  1.00000E-040  1.00000E-040  1.00000E-040  1.00000E-040  1.00000E-040  2.71218E-027  1.00000E-040  1.05104E-040  1.71530E-008  5.81682E-007  1.49134E-005  8.60263E-009  1.28187E-005  2.11286E-001  2.07084E-007  2.79154E-004  5.09013E-019  9.92847E-013  1.03112E-032  7.74221E-025  4.24878E-022  2.79581E-016  3.67121E-008  6.27740E-019  5.65477E-032  1.00000E-040  1.00000E-040  1.00000E-040  2.06287E-020  1.32700E-018  4.57789E-013  6.08912E-012  2.28331E-034  1.00000E-040  2.05231E-024  2.06690E-026  3.26084E-011  1.11073E-011  7.88406E-001  1.68670E-021  2.57072E-024  3.15427E-022  6.00908E-036  1.05612E-036  1.17878E-026  4.66593E-025  5.57116E-009  1.05906E-017  2.82807E-010  3.43740E-018  4.70581E-009  9.92344E-012  6.70539E-007  2.14396E-013  3.86609E-018  5.36436E-015  1.44284E-012  1.77107E-016  4.24137E-011  3.28132E-032  4.52614E-034  1.00000E-040  8.23712E-033  1.00000E-040  1.97142E-023  7.64465E-019  4.32952E-014  2.38082E-023  1.72997E-022  1.28063E-038  1.00000E-040  2.41645E-030  1.18260E-034  9.93191E-028  1.41306E-032  1.93943E-035  1.46766E-025  6.89026E-021  1.39580E-024  9.25248E-031  7.62216E-028  8.73033E-018  4.94265E-019  8.95359E-017  1.48712E-022  3.29547E-027  3.35887E-036  1.00405E-015  1.35833E-035  1.78977E-025  2.32699E-030  2.79413E-023  1.83834E-031  2.10925E-019  1.03636E-021  7.32025E-014  1.00000E-040  1.11602E-014  1.00000E-040  2.39817E-033  6.92942E-022  1.00000E-040  2.69789E-024  7.15668E-014  2.19762E-035  1.00000E-003  1.00000E-005  1.00000E-005  1.00000E-005  1.00000E-005  1.00000E-005  1.00000E-005  1.00000E-005  1.00000E-005  1.00000E-005  1.00000E-005  1.00000E-005  1.00000E-005  1.00000E-005  1.00000E-005  1.00000E-005  
7.65000E+001  1.94804E-005  6.89190E+014  2.04727E+002  3.74490E+005  1.00000E-040  1.00000E-040  1.00000E-040  1.38551E-012  1.00000E-040  1.00000E-040  1.00000E-040  1.00000E-040  1.00000E-040  1.00000E-040  1.00000E-040  1.00000E-040  1.00000E-040  1.00000E-040  1.67779E-027  1.00000E-040  1.05704E-040  2.59300E-008  6.40636E-007  1.47792E-005  9.70287E-009  1.50655E-005  2.11209E-001  2.62913E-007  2.78654E-004  5.10388E-019  8.87155E-013  6.52078E-032  3.34929E-024  1.88771E-021  2.39694E-016  3.61662E-008  8.19748E-019  6.71489E-032  1.00000E-040  1.00000E-040  1.00000E-040  2.14171E-020  1.41772E-018  5.18594E-013  6.68925E-012  1.13473E-033  1.00000E-040  2.51590E-024  9.02333E-026  3.20393E-011  1.26597E-011  7.88481E-001  1.67707E-021  2.17118E-024  3.50912E-022  6.12984E-036  4.68840E-036  4.39426E-026  1.68581E-024  5.36223E-009  1.12586E-017  3.13451E-010  3.16484E-018  4.52573E-009  1.11854E-011  5.82212E-007  1.78428E-013  2.78592E-018  6.40277E-015  1.21923E-012  1.22137E-016  3.93055E-011  3.21298E-032  4.55956E-034  1.00000E-040  5.99101E-033  1.00000E-040  1.96688E-023  7.17532E-019  3.76792E-014  2.11800E-023  1.56064E-022  2.21181E-038  1.00000E-040  2.34637E-030  1.73323E-034  8.71502E-028  5.47226E-032  7.76515E-035  1.27030E-025  6.35076E-021  6.32586E-024  3.54818E-030  6.27214E-028  9.51761E-018  3.53391E-019  7.55637E-017  1.21444E-022  2.24351E-027  7.78552E-036  1.00714E-015  5.31400E-035  1.54590E-025  2.61140E-030  2.64937E-023  5.68409E-031  1.35577E-019  1.14879E-021  7.38591E-014  1.00000E-040  1.11288E-014  1.00000E-040  2.95326E-033  2.28856E-021  1.00000E-040  2.93637E-024  7.04094E-014  3.84572E-035  1.00000E-003  1.00000E-005  1.00000E-005  1.00000E-005  1.00000E-005  1.00000E-005  1.00000E-005  1.00000E-005  1.00000E-005  1.00000E-005  1.00000E-005  1.00000E-005  1.00000E-005  1.00000E-005  1.00000E-005  1.00000E-005  
7.75000E+001  1.65435E-005  5.89341E+014  2.03319E+002  3.84490E+005  1.00000E-040  1.00000E-040  1.00000E-040  1.96255E-012  1.00000E-040  1.00000E-040  1.00000E-040  1.00000E-040  1.00000E-040  1.00000E-040  1.00000E-040  1.00000E-040  1.00000E-040  1.00000E-040  1.09455E-027  1.00000E-040  1.06388E-040  4.04307E-008  7.07113E-007  1.46250E-005  1.14366E-008  1.70865E-005  2.11123E-001  3.32872E-007  2.78078E-004  5.05436E-019  7.83413E-013  3.81373E-031  1.29066E-023  7.44632E-021  2.10846E-016  3.55584E-008  1.06101E-018  8.71076E-032  1.00000E-040  1.00000E-040  1.00000E-040  2.49414E-020  1.61365E-018  5.67689E-013  7.38594E-012  5.16890E-033  1.00000E-040  3.04389E-024  3.63468E-025  3.13939E-011  1.40920E-011  7.88566E-001  1.77563E-021  1.89490E-024  4.17077E-022  1.00000E-040  1.98673E-035  1.55782E-025  5.69624E-024  5.20574E-009  1.28611E-017  3.69685E-010  3.04465E-018  4.35200E-009  1.40121E-011  4.80190E-007  1.60727E-013  2.15559E-018  8.82829E-015  1.03075E-012  9.32631E-017  3.47664E-011  3.12494E-032  4.81127E-034  1.00000E-040  4.28202E-033  1.00000E-040  1.96173E-023  6.73147E-019  3.31954E-014  2.02284E-023  1.49588E-022  3.74354E-038  1.00000E-040  2.27236E-030  2.82761E-034  7.30998E-028  1.81522E-031  3.04997E-034  1.19364E-025  7.27842E-021  2.81190E-023  1.27392E-029  5.78458E-028  1.10098E-017  2.67994E-019  6.28089E-017  1.03304E-022  1.45919E-027  1.72771E-035  1.00909E-015  2.02819E-034  1.44741E-025  3.16185E-030  2.49301E-023  1.76084E-030  9.17969E-020  1.32271E-021  7.10395E-014  1.00000E-040  1.10936E-014  1.72138E-040  3.87239E-033  7.41975E-021  1.00000E-040  3.51022E-024  6.91504E-014  6.65232E-035  1.00000E-003  1.00000E-005  1.00000E-005  1.00000E-005  1.00000E-005  1.00000E-005  1.00000E-005  1.00000E-005  1.00000E-005  1.00000E-005  1.00000E-005  1.00000E-005  1.00000E-005  1.00000E-005  1.00000E-005  1.00000E-005  
7.85000E+001  1.40378E-005  5.01888E+014  2.02585E+002  3.94490E+005  1.00000E-040  1.00000E-040  1.00000E-040  2.00242E-013  1.00000E-040  1.00000E-040  1.00000E-040  1.00000E-040  1.00000E-040  1.00000E-040  1.00000E-040  1.00000E-040  1.00000E-040  1.00000E-040  7.53144E-028  1.00000E-040  1.07172E-040  6.62708E-008  7.82013E-007  1.44450E-005  1.43407E-008  1.85688E-005  2.11025E-001  4.20924E-007  2.77415E-004  5.05284E-019  6.92097E-013  2.29814E-030  4.81184E-023  2.81245E-020  1.95232E-016  3.48756E-008  1.35668E-018  1.25935E-031  1.00000E-040  1.00000E-040  1.00000E-040  3.31084E-020  1.98980E-018  5.92291E-013  8.20473E-012  2.30845E-032  1.00000E-040  3.63648E-024  1.47920E-024  3.06593E-011  1.51350E-011  7.88663E-001  2.05837E-021  1.76571E-024  5.42888E-022  1.00000E-040  8.08462E-035  5.27592E-025  1.93487E-023  5.10036E-009  1.61906E-017  4.75047E-010  3.11823E-018  4.18335E-009  1.95651E-011  3.69343E-007  1.62336E-013  1.84370E-018  1.39158E-014  8.70193E-013  8.21728E-017  3.31882E-011  3.02914E-032  5.44711E-034  1.00000E-040  2.99229E-033  1.00000E-040  1.95586E-023  6.30473E-019  2.97485E-014  2.12279E-023  1.54961E-022  6.19496E-038  1.00000E-040  2.19339E-030  5.32030E-034  5.78340E-028  5.41245E-031  1.29007E-033  1.25631E-025  1.28394E-020  1.31746E-022  4.53650E-029  6.52728E-028  1.36866E-017  2.21210E-019  5.08573E-017  9.37165E-023  8.90364E-028  3.69080E-035  1.01007E-015  7.59857E-034  1.51504E-025  4.30481E-030  2.32394E-023  5.97203E-030  6.71617E-020  1.59763E-021  6.40770E-014  1.00000E-040  1.10540E-014  4.52474E-040  5.53614E-033  2.40148E-020  1.00000E-040  4.86609E-024  6.77676E-014  1.13105E-034  1.00000E-003  1.00000E-005  1.00000E-005  1.00000E-005  1.00000E-005  1.00000E-005  1.00000E-005  1.00000E-005  1.00000E-005  1.00000E-005  1.00000E-005  1.00000E-005  1.00000E-005  1.00000E-005  1.00000E-005  1.00000E-005  
7.95000E+001  1.19050E-005  4.27201E+014  2.01843E+002  4.04490E+005  1.00000E-040  1.00000E-040  1.00000E-040  6.86886E-015  1.00000E-040  1.00000E-040  1.00000E-040  1.00000E-040  1.00000E-040  1.00000E-040  1.00000E-040  1.00000E-040  1.00000E-040  1.00000E-040  5.37669E-028  1.00000E-040  1.08071E-040  1.15197E-007  8.65815E-007  1.42304E-005  1.94641E-008  1.95433E-005  2.10913E-001  5.32619E-007  2.76647E-004  5.36179E-019  6.44839E-013  1.47681E-029  1.80429E-022  1.06945E-019  1.95314E-016  3.41035E-008  1.69821E-018  1.93135E-031  1.20576E-040  9.06538E-040  1.00000E-040  4.74321E-020  2.58007E-018  5.76005E-013  9.17460E-012  1.05101E-031  1.00000E-040  4.31070E-024  6.10325E-024  2.98213E-011  1.55507E-011  7.88775E-001  2.57307E-021  1.64969E-024  7.61623E-022  1.00000E-040  3.02831E-034  1.64126E-024  6.78299E-023  5.04384E-009  2.25131E-017  6.67269E-010  3.39824E-018  4.01864E-009  2.91519E-011  2.69513E-007  1.86516E-013  1.77505E-018  2.39925E-014  7.36242E-013  8.34895E-017  3.18483E-011  2.94623E-032  6.79741E-034  1.00000E-040  2.11121E-033  1.00000E-040  1.94917E-023  5.89223E-019  2.72199E-014  2.43225E-023  1.72385E-022  9.99975E-038  1.00000E-040  2.10854E-030  1.16127E-033  4.41650E-028  1.49354E-030  6.09583E-033  1.46926E-025  3.54216E-020  6.16143E-022  1.61882E-028  8.00657E-028  1.78884E-017  2.02382E-019  4.00562E-017  9.06231E-023  4.97525E-028  7.61530E-035  1.01014E-015  2.83013E-033  1.75383E-025  6.36900E-030  2.14192E-023  2.33324E-029  5.46364E-020  2.10238E-021  5.48606E-014  1.00000E-040  1.10090E-014  1.27314E-039  8.52544E-033  7.37950E-020  1.00000E-040  7.35905E-024  6.62410E-014  1.86700E-034  1.00000E-003  1.00000E-005  1.00000E-005  1.00000E-005  1.00000E-005  1.00000E-005  1.00000E-005  1.00000E-005  1.00000E-005  1.00000E-005  1.00000E-005  1.00000E-005  1.00000E-005  1.00000E-005  1.00000E-005  1.00000E-005  
8.05000E+001  1.00917E-005  3.62965E+014  2.01381E+002  4.06996E+005  1.00000E-040  1.00000E-040  1.00000E-040  1.00000E-040  1.00000E-040  1.00000E-040  1.00000E-040  1.00000E-040  1.00000E-040  1.00000E-040  1.00000E-040  1.00000E-040  1.00000E-040  1.00000E-040  3.93985E-028  1.00000E-040  1.09114E-040  2.15419E-007  9.58507E-007  1.39629E-005  2.72549E-008  2.14726E-005  2.10784E-001  6.77743E-007  2.75746E-004  6.69363E-019  6.88035E-013  1.00408E-028  6.61691E-022  3.95228E-019  2.10404E-016  3.32194E-008  2.12667E-018  2.72626E-031  3.38874E-037  3.15448E-036  1.00000E-040  6.30224E-020  3.20779E-018  5.46914E-013  1.02885E-011  4.44302E-031  1.00000E-040  5.11881E-024  2.39925E-023  2.88560E-011  1.57388E-011  7.88903E-001  3.48760E-021  1.59285E-024  1.15219E-021  2.76176E-035  9.59333E-034  4.29720E-024  2.19238E-022  5.03246E-009  3.24735E-017  9.61576E-010  3.74938E-018  3.85541E-009  4.15027E-011  1.96593E-007  2.18062E-013  1.70593E-018  4.31625E-014  6.24640E-013  8.52509E-017  3.03374E-011  2.90538E-032  8.86793E-034  1.00000E-040  1.49939E-033  1.00000E-040  1.94146E-023  5.49341E-019  2.53370E-014  2.73963E-023  1.87895E-022  1.56918E-037  1.00000E-040  2.01729E-030  2.59157E-033  3.47239E-028  3.73323E-030  2.74840E-032  1.71043E-025  1.12806E-019  2.62716E-021  5.34596E-028  1.06267E-027  2.23356E-017  1.89113E-019  2.99655E-017  8.91330E-023  2.45219E-028  1.51858E-034  1.00925E-015  9.01779E-033  2.01876E-025  9.74218E-030  1.94595E-023  8.22700E-029  4.53385E-020  2.83760E-021  4.71043E-014  1.00000E-040  1.09575E-014  4.03973E-039  1.32378E-032  2.02388E-019  1.00000E-040  1.17135E-023  6.45378E-014  2.93895E-034  1.00000E-003  1.00000E-005  1.00000E-005  1.00000E-005  1.00000E-005  1.00000E-005  1.00000E-005  1.00000E-005  1.00000E-005  1.00000E-005  1.00000E-005  1.00000E-005  1.00000E-005  1.00000E-005  1.00000E-005  1.00000E-005  
8.15000E+001  8.55400E-006  3.07384E+014  2.01560E+002  4.06996E+005  1.00000E-040  1.00000E-040  1.00000E-040  1.00000E-040  1.00000E-040  1.00000E-040  1.00000E-040  1.00000E-040  1.00000E-040  1.00000E-040  1.00000E-040  1.00000E-040  1.00000E-040  1.00000E-040  2.97195E-028  1.00000E-040  1.10337E-040  4.29087E-007  1.05726E-006  1.36092E-005  3.34347E-008  2.95259E-005  2.10629E-001  8.72289E-007  2.74671E-004  1.03581E-018  8.74060E-013  6.81862E-028  2.24636E-021  1.32794E-018  2.08382E-016  3.21916E-008  2.79450E-018  2.52717E-031  6.99802E-037  6.32438E-036  1.00000E-040  5.87550E-020  3.08694E-018  5.93579E-013  1.14856E-011  1.41875E-030  1.00000E-040  6.15333E-024  8.47515E-023  2.77299E-011  1.78104E-011  7.89051E-001  4.91047E-021  1.63324E-024  1.83400E-021  1.58061E-035  2.34276E-033  8.59360E-024  5.18391E-022  5.06294E-009  4.00504E-017  1.17376E-009  3.69399E-018  3.69057E-009  4.67745E-011  1.66603E-007  1.85355E-013  1.18139E-018  7.81369E-014  5.32116E-013  6.60137E-017  2.85948E-011  2.93690E-032  9.95943E-034  1.00000E-040  1.04646E-033  1.00000E-040  1.93248E-023  5.11031E-019  2.34637E-014  2.34466E-023  1.63029E-022  2.36755E-037  1.00000E-040  1.92464E-030  4.33959E-033  3.31794E-028  8.41429E-030  8.00088E-032  1.42927E-025  2.78645E-019  9.72841E-021  1.34724E-027  1.35949E-027  2.14280E-017  1.38605E-019  2.07895E-017  7.24673E-023  1.01406E-028  2.93269E-034  1.00728E-015  1.85963E-032  1.69878E-025  1.27459E-029  1.73521E-023  1.45959E-028  2.72363E-020  3.27406E-021  4.73327E-014  1.00000E-040  1.08977E-014  1.38828E-039  1.75902E-032  4.77837E-019  1.00000E-040  1.67252E-023  6.26136E-014  4.30495E-034  1.00000E-003  1.00000E-005  1.00000E-005  1.00000E-005  1.00000E-005  1.00000E-005  1.00000E-005  1.00000E-005  1.00000E-005  1.00000E-005  1.00000E-005  1.00000E-005  1.00000E-005  1.00000E-005  1.00000E-005  1.00000E-005  
8.25000E+001  7.25212E-006  2.60371E+014  2.01739E+002  4.06996E+005  1.00000E-040  1.00000E-040  1.00000E-040  1.00000E-040  1.00000E-040  1.00000E-040  1.00000E-040  1.00000E-040  1.00000E-040  1.00000E-040  1.00000E-040  1.00000E-040  1.00000E-040  1.00000E-040  2.42767E-028  1.00000E-040  1.11776E-040  8.28419E-007  1.15303E-006  1.31388E-005  3.04680E-008  5.72815E-005  2.10436E-001  1.13356E-006  2.73378E-004  1.95281E-018  1.20120E-012  4.00982E-027  6.81196E-021  3.91215E-018  1.69152E-016  3.09936E-008  4.01314E-018  1.18998E-031  1.59281E-037  1.28350E-036  1.00000E-040  3.02760E-020  1.92590E-018  8.51578E-013  1.26446E-011  3.08153E-030  1.00000E-040  7.49667E-024  2.61222E-022  2.64155E-011  2.61331E-011  7.89216E-001  6.15476E-021  1.64558E-024  2.83362E-021  1.00000E-040  4.18860E-033  1.24394E-023  7.78836E-022  5.13639E-009  3.42480E-017  9.89297E-010  2.89147E-018  3.52258E-009  3.52556E-011  1.89801E-007  8.97018E-014  4.84494E-019  1.38173E-013  4.58826E-013  3.32455E-017  2.65899E-011  3.02126E-032  7.99776E-034  1.00000E-040  7.10225E-034  1.00000E-040  1.92197E-023  4.74196E-019  2.12295E-014  1.20701E-023  8.98556E-023  3.31589E-037  1.00000E-040  1.84256E-030  3.85827E-033  4.36047E-028  1.87231E-029  1.10394E-031  6.51331E-026  4.36624E-019  3.09099E-020  2.25005E-027  1.20764E-027  1.33500E-017  6.80650E-020  1.39226E-017  4.45822E-023  3.42328E-029  5.54181E-034  1.00417E-015  2.06212E-032  8.06759E-026  1.10490E-029  1.51353E-023  8.69733E-029  9.61840E-021  2.75823E-021  6.41421E-014  1.00000E-040  1.08280E-014  3.77063E-039  1.69174E-032  9.67316E-019  1.00000E-040  1.63203E-023  6.04290E-014  5.75429E-034  1.00000E-003  1.00000E-005  1.00000E-005  1.00000E-005  1.00000E-005  1.00000E-005  1.00000E-005  1.00000E-005  1.00000E-005  1.00000E-005  1.00000E-005  1.00000E-005  1.00000E-005  1.00000E-005  1.00000E-005  1.00000E-005  
8.35000E+001  6.15015E-006  2.20451E+014  2.02065E+002  4.06996E+005  1.00000E-040  1.00000E-040  1.00000E-040  1.00000E-040  1.00000E-040  1.00000E-040  1.00000E-040  1.00000E-040  1.00000E-040  1.00000E-040  1.00000E-040  1.00000E-040  1.00000E-040  1.00000E-040  2.20027E-028  1.00000E-040  1.13468E-040  1.41571E-006  1.23779E-006  1.25530E-005  2.25012E-008  1.31582E-004  2.10186E-001  1.47216E-006  2.71833E-004  4.34738E-018  1.50518E-012  1.86078E-026  1.83569E-020  9.81936E-018  1.42973E-016  2.96024E-008  6.31325E-018  3.91390E-032  1.00000E-040  1.00000E-040  1.00000E-040  9.91113E-021  9.11430E-019  1.46431E-012  1.36213E-011  5.26229E-030  1.00000E-040  9.12523E-024  7.05610E-022  2.48915E-011  4.91120E-011  7.89394E-001  6.92200E-021  1.66452E-024  4.05522E-021  1.00000E-040  5.94672E-033  1.40031E-023  8.71218E-022  5.26350E-009  2.21122E-017  6.24324E-010  1.94260E-018  3.35053E-009  1.94276E-011  2.57394E-007  3.52335E-014  1.65887E-019  2.33661E-013  4.00007E-013  1.33396E-017  2.43085E-011  3.05582E-032  5.04781E-034  1.00000E-040  4.57110E-034  1.00000E-040  1.90969E-023  4.37208E-019  1.91083E-014  4.63723E-024  3.54623E-023  4.13515E-037  1.52891E-039  1.76827E-030  1.90655E-033  6.58612E-028  4.35792E-029  9.40871E-032  2.25976E-026  5.10730E-019  8.54404E-020  2.85134E-027  8.22168E-028  6.30257E-018  2.94688E-020  9.50077E-018  3.10454E-023  9.62924E-030  1.04056E-033  1.00005E-015  1.43057E-032  2.89722E-026  7.05573E-030  1.29189E-023  2.63874E-029  3.00560E-021  1.82019E-021  1.03807E-013  1.00000E-040  1.07468E-014  9.89000E-040  1.24700E-032  1.71893E-018  1.00000E-040  1.19808E-023  5.79368E-014  7.09902E-034  1.00000E-003  1.00000E-005  1.00000E-005  1.00000E-005  1.00000E-005  1.00000E-005  1.00000E-005  1.00000E-005  1.00000E-005  1.00000E-005  1.00000E-005  1.00000E-005  1.00000E-005  1.00000E-005  1.00000E-005  1.00000E-005  
8.45000E+001  5.21823E-006  1.86441E+014  2.02721E+002  4.06996E+005  1.00000E-040  1.00000E-040  1.00000E-040  1.00000E-040  1.00000E-040  1.00000E-040  1.00000E-040  1.00000E-040  1.00000E-040  1.00000E-040  1.00000E-040  1.00000E-040  1.00000E-040  1.00000E-040  2.09703E-028  1.00000E-040  1.15454E-040  2.15678E-006  1.31209E-006  1.18634E-005  1.61071E-008  2.91908E-004  2.09849E-001  1.89367E-006  2.69998E-004  9.66657E-018  1.61811E-012  6.92727E-026  4.41961E-020  2.06156E-017  1.36094E-016  2.79983E-008  1.03810E-017  1.31281E-032  1.00000E-040  1.31129E-040  1.00000E-040  2.55858E-021  4.09470E-019  2.51017E-012  1.43214E-011  8.08837E-030  1.00000E-040  1.08574E-023  1.68929E-021  2.31430E-011  1.15612E-010  7.89571E-001  8.71840E-021  1.74037E-024  5.37598E-021  2.67870E-036  7.87020E-033  1.42288E-023  8.88613E-022  5.46025E-009  1.33223E-017  3.62476E-010  1.35460E-018  3.17346E-009  9.12455E-012  3.47373E-007  1.80060E-014  7.34628E-020  3.72437E-013  3.49896E-013  5.02422E-018  2.17561E-011  2.96747E-032  3.11915E-034  1.00000E-040  2.78248E-034  1.00000E-040  1.89535E-023  3.98354E-019  1.72097E-014  2.16250E-024  1.56674E-023  4.64981E-037  4.01425E-035  1.69010E-030  7.50887E-034  9.31707E-028  9.90121E-029  7.77015E-032  9.77333E-027  5.48436E-019  2.08813E-019  3.30165E-027  5.45426E-028  2.81232E-018  1.39711E-020  6.66021E-018  3.16717E-023  2.35438E-030  1.93552E-033  9.94981E-016  8.54097E-033  1.25850E-026  4.17249E-030  1.08286E-023  7.26260E-030  1.08682E-021  1.10963E-021  1.68100E-013  1.00000E-040  1.06527E-014  1.00000E-040  8.36567E-033  2.74519E-018  1.00000E-040  8.28745E-024  5.50894E-014  8.35363E-034  1.00000E-003  1.00000E-005  1.00000E-005  1.00000E-005  1.00000E-005  1.00000E-005  1.00000E-005  1.00000E-005  1.00000E-005  1.00000E-005  1.00000E-005  1.00000E-005  1.00000E-005  1.00000E-005  1.00000E-005  1.00000E-005  
8.55000E+001  4.43051E-006  1.57786E+014  2.03377E+002  4.06996E+005  1.00000E-040  1.00000E-040  1.00000E-040  1.00000E-040  1.00000E-040  1.00000E-040  1.00000E-040  1.00000E-040  1.00000E-040  1.00000E-040  1.00000E-040  1.00000E-040  1.00000E-040  1.00000E-040  2.02751E-028  1.00000E-040  1.17780E-040  3.02480E-006  1.37996E-006  1.10776E-005  1.19525E-008  5.87378E-004  2.09391E-001  2.40389E-006  2.67836E-004  1.94440E-017  1.58202E-012  2.17725E-025  9.56851E-020  3.63593E-017  1.37556E-016  2.61724E-008  1.69629E-017  4.96859E-033  1.00000E-040  1.00000E-040  1.00000E-040  6.05071E-022  1.90185E-019  3.98116E-012  1.47137E-011  1.14479E-029  1.12147E-040  1.24411E-023  3.61000E-021  2.11706E-011  3.35808E-010  7.89736E-001  1.38546E-020  1.82366E-024  6.61504E-021  1.18480E-035  1.06754E-032  1.42499E-023  8.87821E-022  5.72584E-009  8.23920E-018  2.13363E-010  1.14161E-018  2.99064E-009  3.92635E-012  4.42197E-007  1.25043E-014  4.38291E-020  5.54475E-013  3.04558E-013  1.88707E-018  1.89718E-011  2.76366E-032  2.10917E-034  1.00000E-040  1.63287E-034  1.00000E-040  1.87865E-023  3.57042E-019  1.54452E-014  1.44515E-024  9.47619E-024  3.65653E-037  1.00000E-040  1.60370E-030  2.93554E-034  1.17206E-027  2.03656E-028  7.99947E-032  5.95340E-027  5.79349E-019  4.56219E-019  3.74784E-027  3.66032E-028  1.29685E-018  7.56293E-021  4.80039E-018  4.66186E-023  5.24860E-031  3.51513E-033  9.88935E-016  5.21392E-033  7.66949E-027  2.47733E-030  8.95411E-024  2.23719E-030  4.58797E-022  6.71220E-022  2.58000E-013  1.00000E-040  1.05444E-014  1.00000E-040  5.58350E-033  4.00564E-018  1.00000E-040  5.75788E-024  5.18578E-014  9.60897E-034  1.00000E-003  1.00000E-005  1.00000E-005  1.00000E-005  1.00000E-005  1.00000E-005  1.00000E-005  1.00000E-005  1.00000E-005  1.00000E-005  1.00000E-005  1.00000E-005  1.00000E-005  1.00000E-005  1.00000E-005  1.00000E-005  
8.65000E+001  3.76421E-006  1.33712E+014  2.03901E+002  4.06996E+005  1.00000E-040  1.00000E-040  1.00000E-040  1.00000E-040  1.00000E-040  1.00000E-040  1.00000E-040  1.00000E-040  1.00000E-040  1.00000E-040  1.00000E-040  1.00000E-040  1.00000E-040  1.00000E-040  1.95810E-028  1.00000E-040  1.20502E-040  3.99518E-006  1.44469E-006  1.02047E-005  9.20515E-009  1.07318E-003  2.08772E-001  3.00947E-006  2.65304E-004  3.50122E-017  1.48349E-012  9.42113E-025  1.87928E-019  5.50103E-017  1.42211E-016  2.41333E-008  2.68530E-017  2.08552E-033  1.00000E-040  1.00000E-040  1.00000E-040  1.48994E-022  9.28031E-020  5.80643E-012  1.48016E-011  1.48887E-029  1.74973E-040  1.37032E-023  6.94698E-021  1.89988E-011  1.06774E-009  7.89870E-001  2.58103E-020  1.88801E-024  7.60083E-021  1.00000E-040  1.51022E-032  1.42872E-023  8.75350E-022  6.01133E-009  5.29819E-018  1.30286E-010  1.19113E-018  2.80188E-009  1.59061E-012  5.30548E-007  1.01084E-014  3.02974E-020  7.67322E-013  2.61678E-013  7.24252E-019  1.60388E-011  2.48939E-032  1.58061E-034  1.00000E-040  9.33215E-035  1.00000E-040  1.85927E-023  3.13737E-019  1.37512E-014  1.19620E-024  7.05998E-024  3.78080E-037  5.16725E-037  1.50834E-030  1.21171E-034  1.32622E-027  3.69458E-028  1.04550E-031  4.47522E-027  6.06806E-019  9.01117E-019  4.20895E-027  2.48935E-028  6.29122E-019  4.62351E-021  3.55014E-018  8.44371E-023  1.15208E-031  6.16261E-033  9.81828E-016  3.33185E-033  5.77624E-027  1.50470E-030  7.34230E-024  7.80073E-031  2.18313E-022  4.03583E-022  3.75405E-013  1.00000E-040  1.04211E-014  1.00000E-040  3.79665E-033  5.40322E-018  1.00000E-040  4.05238E-024  4.82417E-014  1.08857E-033  1.00000E-003  1.00000E-005  1.00000E-005  1.00000E-005  1.00000E-005  1.00000E-005  1.00000E-005  1.00000E-005  1.00000E-005  1.00000E-005  1.00000E-005  1.00000E-005  1.00000E-005  1.00000E-005  1.00000E-005  1.00000E-005  
8.75000E+001  3.19985E-006  1.13535E+014  2.04134E+002  4.06996E+005  1.00000E-040  1.00000E-040  1.00000E-040  1.00000E-040  1.00000E-040  1.00000E-040  1.00000E-040  1.00000E-040  1.00000E-040  1.00000E-040  1.00000E-040  1.00000E-040  1.00000E-040  1.00000E-040  1.87254E-028  1.00000E-040  1.23680E-040  5.03915E-006  1.50803E-006  9.25997E-006  7.29639E-009  1.80512E-003  2.07954E-001  3.71718E-006  2.62359E-004  5.68812E-017  1.37864E-012  1.91081E-023  3.37580E-019  7.36861E-017  1.47434E-016  2.19111E-008  4.07813E-017  9.71725E-034  1.00000E-040  1.00000E-040  1.00000E-040  4.19076E-023  4.74168E-020  7.85724E-012  1.46216E-011  1.85256E-029  2.54102E-040  1.46380E-023  1.21256E-020  1.66800E-011  3.31310E-009  7.89958E-001  4.99508E-020  1.90022E-024  8.19825E-021  1.66901E-036  2.20816E-032  1.43066E-023  8.46784E-022  6.20082E-009  3.47966E-018  8.26429E-011  1.39743E-018  2.60761E-009  6.14587E-013  6.07611E-007  8.52355E-015  2.18399E-020  9.85036E-013  2.20705E-013  2.87272E-019  1.30814E-011  2.19100E-032  1.28143E-034  1.00000E-040  5.27339E-035  1.00000E-040  1.83687E-023  2.69652E-019  1.21045E-014  1.06872E-024  5.66142E-024  3.25604E-037  1.00000E-040  1.40427E-030  5.34018E-035  1.38669E-027  5.96020E-028  1.49412E-031  3.60083E-027  6.26395E-019  1.62385E-018  4.65990E-027  1.67805E-028  3.20637E-019  3.12964E-021  2.69101E-018  1.62015E-022  3.34777E-032  1.03650E-032  9.73542E-016  2.22238E-033  4.65592E-027  9.32524E-031  6.00339E-024  3.00714E-031  1.13657E-022  2.40437E-022  5.24723E-013  1.00000E-040  1.02825E-014  1.00000E-040  2.63327E-033  6.79937E-018  1.00000E-040  2.84572E-024  4.42756E-014  1.20966E-033  1.00000E-003  1.00000E-005  1.00000E-005  1.00000E-005  1.00000E-005  1.00000E-005  1.00000E-005  1.00000E-005  1.00000E-005  1.00000E-005  1.00000E-005  1.00000E-005  1.00000E-005  1.00000E-005  1.00000E-005  1.00000E-005  
8.85000E+001  2.72135E-006  9.64474E+013  2.04367E+002  4.06996E+005  1.00000E-040  1.00000E-040  1.00000E-040  1.00000E-040  1.00000E-040  1.00000E-040  1.00000E-040  1.00000E-040  1.00000E-040  1.00000E-040  1.00000E-040  1.00000E-040  1.00000E-040  1.00000E-040  1.76730E-028  1.00000E-040  1.27385E-040  6.12252E-006  1.57027E-006  8.26538E-006  5.85572E-009  2.83492E-003  2.06900E-001  4.53346E-006  2.58959E-004  8.44040E-017  1.27985E-012  4.85291E-022  5.59582E-019  8.99843E-017  1.52095E-016  1.95575E-008  5.96848E-017  4.52456E-034  1.00000E-040  1.00000E-040  1.00000E-040  1.35269E-023  2.52136E-020  1.00211E-011  1.41809E-011  3.33757E-029  3.47115E-040  1.52982E-023  1.93862E-020  1.42916E-011  9.52162E-009  7.89985E-001  9.35394E-020  1.91068E-024  8.42634E-021  1.00000E-040  3.25061E-032  1.40890E-023  7.95919E-022  6.15233E-009  2.26879E-018  5.40306E-011  1.69549E-018  2.40883E-009  2.28282E-013  6.65909E-007  7.06477E-015  1.54408E-020  1.17258E-012  1.82311E-013  1.17599E-019  1.02471E-011  1.90064E-032  1.10504E-034  1.00000E-040  2.91845E-035  1.00000E-040  1.81113E-023  2.26354E-019  1.05080E-014  9.80627E-025  4.63461E-024  2.82622E-037  1.00000E-040  1.29230E-030  2.46175E-035  1.36083E-027  8.76869E-028  2.07825E-031  2.96131E-027  6.33596E-019  2.69743E-018  5.04328E-027  1.18900E-028  1.70054E-019  2.30040E-021  2.07448E-018  3.06765E-022  2.67812E-032  1.66873E-032  9.63946E-016  1.47668E-033  3.83364E-027  5.97615E-031  4.91916E-024  1.22167E-031  6.29687E-023  1.38790E-022  7.09453E-013  1.00000E-040  1.01289E-014  1.00000E-040  1.85379E-033  8.02284E-018  6.81572E-039  2.03083E-024  4.00292E-014  1.30570E-033  1.00000E-003  1.00000E-005  1.00000E-005  1.00000E-005  1.00000E-005  1.00000E-005  1.00000E-005  1.00000E-005  1.00000E-005  1.00000E-005  1.00000E-005  1.00000E-005  1.00000E-005  1.00000E-005  1.00000E-005  1.00000E-005  
8.95000E+001  2.31540E-006  8.20503E+013  2.04391E+002  4.06996E+005  1.00000E-040  1.00000E-040  1.00000E-040  1.00000E-040  1.00000E-040  1.00000E-040  1.00000E-040  1.00000E-040  1.00000E-040  1.00000E-040  1.00000E-040  1.00000E-040  1.00000E-040  1.00000E-040  1.64133E-028  1.00000E-040  1.31699E-040  7.20687E-006  1.63065E-006  7.24930E-006  4.74974E-009  4.20343E-003  2.05579E-001  5.46331E-006  2.55064E-004  1.15056E-016  1.19733E-012  8.21137E-021  8.60502E-019  1.02590E-016  1.54730E-016  1.71423E-008  8.42195E-017  2.71422E-034  1.06360E-035  3.41586E-035  1.00000E-040  4.88547E-024  1.38557E-020  1.21403E-011  1.35352E-011  2.02963E-028  4.51636E-040  1.58709E-023  2.84947E-020  1.19282E-011  2.48912E-008  7.89940E-001  1.64553E-019  1.88091E-024  8.23125E-021  1.85260E-037  4.74948E-032  1.36563E-023  7.23398E-022  5.80544E-009  1.44596E-018  3.62702E-011  2.00068E-018  2.20723E-009  8.23954E-014  7.07570E-007  5.62706E-015  1.05039E-020  1.29572E-012  1.47867E-013  4.93076E-020  7.68042E-012  1.63715E-032  9.90701E-035  1.00000E-040  1.61264E-035  1.00000E-040  1.78169E-023  1.85497E-019  8.98080E-015  8.98369E-025  3.73721E-024  2.42303E-037  1.00000E-040  1.17386E-030  1.18375E-035  1.28166E-027  1.19852E-027  2.70703E-031  2.38723E-027  6.23870E-019  4.15152E-018  5.32209E-027  8.68647E-029  9.34357E-020  1.79943E-021  1.62710E-018  5.50595E-022  4.39549E-032  2.56676E-032  9.52903E-016  9.86828E-034  3.09296E-027  3.91966E-031  4.06015E-024  5.16747E-032  3.65488E-023  7.85601E-023  9.39197E-013  1.00000E-040  9.96072E-015  2.16923E-038  1.31641E-033  8.92993E-018  1.92719E-034  1.43707E-024  3.56064E-014  1.35681E-033  1.00000E-003  1.00000E-005  1.00000E-005  1.00000E-005  1.00000E-005  1.00000E-005  1.00000E-005  1.00000E-005  1.00000E-005  1.00000E-005  1.00000E-005  1.00000E-005  1.00000E-005  1.00000E-005  1.00000E-005  1.00000E-005  
9.05000E+001  1.97035E-006  7.00002E+013  2.03873E+002  4.06996E+005  1.00000E-040  1.00000E-040  1.00000E-040  1.00000E-040  1.00000E-040  1.00000E-040  1.00000E-040  1.00000E-040  1.00000E-040  1.00000E-040  1.00000E-040  1.00000E-040  1.00000E-040  1.00000E-040  1.50110E-028  1.00000E-040  1.36719E-040  8.25300E-006  1.68778E-006  6.24505E-006  3.90562E-009  5.93673E-003  2.03973E-001  6.50837E-006  2.50642E-004  1.44956E-016  1.13686E-012  9.40396E-020  1.23370E-018  1.10930E-016  1.54275E-016  1.47493E-008  1.14802E-016  1.33929E-034  3.12173E-035  1.00000E-040  1.00000E-040  1.95201E-024  7.84009E-021  1.40759E-011  1.27397E-011  1.74051E-027  5.67601E-040  1.65878E-023  3.86201E-020  9.69062E-012  5.89044E-008  7.89816E-001  2.68948E-019  1.75551E-024  7.59623E-021  6.32508E-036  6.85038E-032  1.31289E-023  6.35225E-022  5.23771E-009  9.02783E-019  2.49405E-011  2.21563E-018  2.00536E-009  2.94016E-014  7.39352E-007  4.31883E-015  6.92491E-021  1.33205E-012  1.18477E-013  2.10464E-020  5.49505E-012  1.40827E-032  9.02884E-035  1.00000E-040  9.14142E-036  1.00000E-040  1.74829E-023  1.48526E-019  7.55090E-015  8.10701E-025  2.89013E-024  2.06145E-037  1.00000E-040  1.05118E-030  5.95950E-036  1.18407E-027  1.54274E-027  3.28101E-031  1.81996E-027  5.95396E-019  5.94551E-018  5.48025E-027  6.40761E-029  5.32026E-020  1.46971E-021  1.30069E-018  9.15346E-022  7.45741E-032  3.76868E-032  9.40289E-016  6.81645E-034  2.35940E-027  2.58946E-031  3.39179E-024  2.28033E-032  2.20432E-023  4.45035E-023  1.23043E-012  1.00000E-040  9.77890E-015  4.50603E-039  9.38285E-034  9.43236E-018  3.06755E-030  9.74473E-025  3.11411E-014  1.34866E-033  1.00000E-003  1.00000E-005  1.00000E-005  1.00000E-005  1.00000E-005  1.00000E-005  1.00000E-005  1.00000E-005  1.00000E-005  1.00000E-005  1.00000E-005  1.00000E-005  1.00000E-005  1.00000E-005  1.00000E-005  1.00000E-005  
9.15000E+001  1.67668E-006  5.97185E+013  2.03356E+002  4.06996E+005  1.00000E-040  1.00000E-040  1.00000E-040  1.00000E-040  1.00000E-040  1.00000E-040  1.00000E-040  1.00000E-040  1.00000E-040  1.00000E-040  1.00000E-040  1.00000E-040  1.00000E-040  1.00000E-040  1.36521E-028  1.00000E-040  1.42556E-040  9.22619E-006  1.74010E-006  5.28570E-006  3.20567E-009  8.04880E-003  2.02069E-001  7.66754E-006  2.45664E-004  1.71080E-016  1.07798E-012  7.72774E-019  1.66371E-018  1.15050E-016  1.51235E-016  1.24620E-008  1.52897E-016  1.04441E-034  7.52807E-035  1.14248E-034  1.00000E-040  8.24659E-025  4.54724E-021  1.58084E-011  1.17637E-011  1.18249E-026  6.99287E-040  1.73480E-023  4.88277E-020  7.66666E-012  1.26504E-007  7.89612E-001  4.06050E-019  1.63564E-024  6.75423E-021  5.09885E-035  9.55033E-032  1.23241E-023  5.36759E-022  4.61816E-009  5.60170E-019  1.74122E-011  2.35462E-018  1.80620E-009  1.05156E-014  7.52700E-007  3.24500E-015  4.46592E-021  1.27771E-012  9.43269E-014  9.07403E-021  3.74895E-012  1.21379E-032  8.46988E-035  1.00000E-040  5.15303E-036  1.00000E-040  1.71065E-023  1.16317E-019  6.24547E-015  7.27827E-025  2.19377E-024  1.40343E-037  1.00000E-040  9.26989E-031  3.04547E-036  1.06674E-027  1.90629E-027  3.72492E-031  1.36216E-027  5.51367E-019  8.00578E-018  5.47389E-027  5.41860E-029  3.10517E-020  1.23653E-021  1.05057E-018  1.41432E-021  1.16628E-031  5.28754E-032  9.25979E-016  4.58906E-034  1.76655E-027  1.76557E-031  2.87574E-024  1.00681E-032  1.35927E-023  2.45415E-023  1.59274E-012  1.00000E-040  9.58380E-015  8.78070E-038  6.67846E-034  9.46696E-018  1.73536E-026  6.60573E-025  2.67765E-014  1.27555E-033  1.00000E-003  1.00000E-005  1.00000E-005  1.00000E-005  1.00000E-005  1.00000E-005  1.00000E-005  1.00000E-005  1.00000E-005  1.00000E-005  1.00000E-005  1.00000E-005  1.00000E-005  1.00000E-005  1.00000E-005  1.00000E-005  
9.25000E+001  1.42672E-006  5.09712E+013  2.02736E+002  4.06996E+005  1.00000E-040  1.00000E-040  1.00000E-040  1.00000E-040  1.00000E-040  1.00000E-040  1.00000E-040  1.00000E-040  1.00000E-040  1.00000E-040  1.00000E-040  1.00000E-040  1.00000E-040  1.00000E-040  1.24524E-028  1.00000E-040  1.49342E-040  1.00999E-005  1.78621E-006  4.39981E-006  2.62729E-009  1.05384E-002  1.99865E-001  8.93627E-006  2.40110E-004  1.90627E-016  1.01949E-012  4.77759E-018  2.12174E-018  1.15291E-016  1.45510E-016  1.03527E-008  1.99523E-016  3.02880E-035  1.00000E-040  1.00000E-040  1.00000E-040  3.64602E-025  2.69522E-021  1.72860E-011  1.06483E-011  6.16550E-026  8.55962E-040  1.81944E-023  5.79003E-020  5.91790E-012  2.48491E-007  7.89330E-001  5.69036E-019  1.50586E-024  5.80563E-021  3.21860E-034  1.28384E-031  1.13314E-023  4.37164E-022  4.03471E-009  3.49405E-019  1.23156E-011  2.39533E-018  1.61297E-009  3.82717E-015  7.50913E-007  2.41982E-015  2.86051E-021  1.14835E-012  7.50968E-014  3.93800E-021  2.43935E-012  1.05068E-032  8.15298E-035  1.00000E-040  2.90351E-036  1.00000E-040  1.66855E-023  8.92555E-020  5.08569E-015  6.47004E-025  1.62598E-024  1.31896E-037  1.00000E-040  8.04418E-031  1.57633E-036  9.45214E-028  2.27724E-027  3.98067E-031  9.92828E-028  4.95381E-019  1.01878E-017  5.30864E-027  5.18459E-029  1.85441E-020  1.05806E-021  8.59878E-019  2.02905E-021  1.64372E-031  7.09129E-032  9.09861E-016  3.03784E-034  1.28789E-027  1.23484E-031  2.47920E-024  4.44222E-033  8.52220E-024  1.32815E-023  2.05269E-012  1.00000E-040  9.37563E-015  3.49679E-039  4.73047E-034  9.06540E-018  2.99314E-023  4.42522E-025  2.26479E-014  1.14752E-033  1.00000E-003  1.00000E-005  1.00000E-005  1.00000E-005  1.00000E-005  1.00000E-005  1.00000E-005  1.00000E-005  1.00000E-005  1.00000E-005  1.00000E-005  1.00000E-005  1.00000E-005  1.00000E-005  1.00000E-005  1.00000E-005  
9.35000E+001  1.21380E-006  4.35643E+013  2.01806E+002  4.06996E+005  1.00000E-040  1.00000E-040  1.00000E-040  1.00000E-040  1.00000E-040  1.00000E-040  1.00000E-040  1.00000E-040  1.00000E-040  1.00000E-040  1.00000E-040  1.00000E-040  1.00000E-040  1.00000E-040  1.14809E-028  1.00000E-040  1.57230E-040  1.08583E-005  1.82518E-006  3.60971E-006  2.15700E-009  1.33878E-002  1.97373E-001  1.03042E-005  2.33974E-004  2.02258E-016  9.66320E-013  2.31583E-017  2.57469E-018  1.12337E-016  1.37473E-016  8.47741E-009  2.55433E-016  4.20044E-035  5.60539E-035  5.99737E-035  1.00000E-040  1.69698E-025  1.63029E-021  1.84695E-011  9.45471E-012  2.55657E-025  1.06414E-039  1.92181E-023  6.48338E-020  4.47638E-012  4.50787E-007  7.88977E-001  7.46555E-019  1.34199E-024  4.81556E-021  1.48925E-033  1.67347E-031  1.02938E-023  3.45296E-022  3.49148E-009  2.18840E-019  8.82276E-012  2.31484E-018  1.42914E-009  1.44211E-015  7.39238E-007  1.79201E-015  1.82557E-021  9.72419E-013  6.01696E-014  1.71852E-021  1.51649E-012  9.14920E-033  8.03167E-035  1.00000E-040  1.65609E-036  1.00000E-040  1.62184E-023  6.73021E-020  4.08519E-015  5.68521E-025  1.16643E-024  1.06846E-037  1.00000E-040  6.86865E-031  8.30994E-037  8.31860E-028  2.64238E-027  4.03644E-031  6.94524E-028  4.33181E-019  1.23205E-017  5.01976E-027  5.29362E-029  1.13452E-020  9.12917E-022  7.20135E-019  2.71180E-021  2.07530E-031  9.09715E-032  8.91846E-016  2.02233E-034  9.01103E-028  8.76095E-032  2.17528E-024  1.97823E-033  5.43320E-024  7.14629E-024  2.66507E-012  1.00000E-040  9.15442E-015  1.00000E-040  3.33117E-034  8.32634E-018  1.71596E-020  2.87545E-025  1.88726E-014  9.86240E-034  1.00000E-003  1.00000E-005  1.00000E-005  1.00000E-005  1.00000E-005  1.00000E-005  1.00000E-005  1.00000E-005  1.00000E-005  1.00000E-005  1.00000E-005  1.00000E-005  1.00000E-005  1.00000E-005  1.00000E-005  1.00000E-005  
9.45000E+001  1.03233E-006  3.72226E+013  2.00877E+002  4.06996E+005  1.00000E-040  1.00000E-040  1.00000E-040  1.00000E-040  1.00000E-040  1.00000E-040  1.00000E-040  1.00000E-040  1.00000E-040  1.00000E-040  1.00000E-040  1.00000E-040  1.00000E-040  1.00000E-040  1.07712E-028  1.00000E-040  1.66398E-040  1.14959E-005  1.85662E-006  2.92944E-006  1.75932E-009  1.65664E-002  1.94613E-001  1.17547E-005  2.27263E-004  2.07022E-016  9.12250E-013  9.13759E-017  3.00302E-018  1.07336E-016  1.28370E-016  6.87104E-009  3.22442E-016  1.59214E-035  2.52838E-035  7.99814E-036  1.00000E-040  8.13924E-026  1.00352E-021  1.93743E-011  8.21148E-012  8.70094E-025  1.38431E-039  2.02424E-023  6.96163E-020  3.34527E-012  7.62489E-007  7.88564E-001  9.23099E-019  1.19263E-024  3.90441E-021  5.53226E-033  2.10847E-031  9.19841E-024  2.66400E-022  3.01386E-009  1.39055E-019  6.37812E-012  2.16693E-018  1.25817E-009  5.67818E-016  7.13014E-007  1.32372E-015  1.16148E-021  7.81039E-013  4.87565E-014  7.51938E-022  9.03721E-013  8.02331E-033  8.24191E-035  1.00000E-040  9.35891E-037  1.00000E-040  1.57046E-023  5.00508E-020  3.24818E-015  4.95941E-025  8.25385E-025  8.17608E-038  1.00000E-040  5.77559E-031  4.39669E-037  7.22047E-028  3.01041E-027  3.94286E-031  4.79188E-028  3.72369E-019  1.43122E-017  4.63585E-027  5.71463E-029  7.06389E-021  7.92635E-022  6.28098E-019  3.42864E-021  2.43109E-031  1.11815E-031  8.71862E-016  1.31565E-034  6.21781E-028  6.38995E-032  1.94143E-024  8.78435E-034  3.50823E-024  3.76340E-024  3.54672E-012  1.00000E-040  8.91971E-015  8.47068E-040  2.32971E-034  7.36934E-018  3.77267E-018  1.86503E-025  1.55373E-014  8.16146E-034  1.00000E-003  1.00000E-005  1.00000E-005  1.00000E-005  1.00000E-005  1.00000E-005  1.00000E-005  1.00000E-005  1.00000E-005  1.00000E-005  1.00000E-005  1.00000E-005  1.00000E-005  1.00000E-005  1.00000E-005  1.00000E-005  
9.55000E+001  8.77721E-007  3.17870E+013  1.99997E+002  4.06996E+005  1.00000E-040  1.00000E-040  1.00000E-040  1.00000E-040  1.00000E-040  1.00000E-040  1.00000E-040  1.00000E-040  1.00000E-040  1.00000E-040  1.00000E-040  1.00000E-040  1.00000E-040  1.00000E-040  1.02844E-028  1.00000E-040  1.77056E-040  1.20156E-005  1.88060E-006  2.36493E-006  1.42294E-009  2.00276E-002  1.91617E-001  1.32620E-005  2.20001E-004  2.06984E-016  8.60871E-013  3.02455E-016  3.40335E-018  1.01521E-016  1.19329E-016  5.54799E-009  4.02074E-016  1.98521E-035  2.77434E-035  6.71280E-035  1.00000E-040  3.99257E-026  6.27904E-022  2.00063E-011  6.96815E-012  2.50126E-024  1.93118E-039  2.11355E-023  7.30565E-020  2.50696E-012  1.21391E-006  7.88104E-001  1.08563E-018  1.06180E-024  3.12358E-021  1.71673E-032  2.58311E-031  8.12715E-024  2.03553E-022  2.60299E-009  1.44719E-019  4.64935E-012  1.98405E-018  1.10326E-009  2.34441E-016  6.73186E-007  9.77821E-016  7.38174E-022  6.00132E-013  4.01375E-014  3.29148E-022  5.18709E-013  7.09433E-033  8.94282E-035  1.00000E-040  5.20127E-037  1.00000E-040  1.51442E-023  3.69146E-020  2.57047E-015  4.30767E-025  5.80695E-025  6.11918E-038  1.00000E-040  4.79304E-031  2.33216E-037  6.17965E-028  3.39710E-027  3.78686E-031  3.29093E-028  3.19695E-019  1.61397E-017  4.20979E-027  6.30059E-029  4.46849E-021  6.93338E-022  5.93808E-019  4.16274E-021  2.70516E-031  1.31904E-031  8.49871E-016  8.37088E-035  4.27047E-028  4.79438E-032  1.76032E-024  3.90434E-034  2.30186E-024  1.93582E-024  5.01794E-012  1.00000E-040  8.67101E-015  1.00000E-040  1.62028E-034  6.33542E-018  3.64006E-016  1.21753E-025  1.26943E-014  6.59715E-034  1.00000E-003  1.00000E-005  1.00000E-005  1.00000E-005  1.00000E-005  1.00000E-005  1.00000E-005  1.00000E-005  1.00000E-005  1.00000E-005  1.00000E-005  1.00000E-005  1.00000E-005  1.00000E-005  1.00000E-005  1.00000E-005  
9.65000E+001  7.46083E-007  2.71143E+013  1.99299E+002  4.06996E+005  1.00000E-040  1.00000E-040  1.00000E-040  1.00000E-040  1.00000E-040  1.00000E-040  1.00000E-040  1.00000E-040  1.00000E-040  1.00000E-040  1.00000E-040  1.00000E-040  1.00000E-040  1.00000E-040  9.96491E-029  1.00000E-040  1.89446E-040  1.24253E-005  1.89752E-006  1.91640E-006  1.13744E-009  2.37019E-002  1.88434E-001  1.47845E-005  2.12239E-004  2.05537E-016  8.17434E-013  8.61997E-016  3.80573E-018  9.63717E-017  1.11819E-016  4.50828E-009  4.96030E-016  4.00605E-036  1.00000E-040  1.00000E-040  1.00000E-040  1.98431E-026  3.99001E-022  2.03738E-011  5.77252E-012  6.21626E-024  2.88425E-039  2.17351E-023  7.73436E-020  1.93546E-012  1.83477E-006  7.87618E-001  1.24631E-018  9.59695E-025  2.49004E-021  4.62286E-032  3.10817E-031  7.15607E-024  1.57471E-022  2.26364E-009  1.90828E-018  3.41515E-012  1.79448E-018  9.67387E-010  1.01312E-016  6.19962E-007  7.26170E-016  4.70404E-022  4.46374E-013  3.37179E-014  1.43977E-022  2.88900E-013  6.33698E-033  1.04578E-034  1.00000E-040  2.81277E-037  1.00000E-040  1.45388E-023  2.72571E-020  2.04248E-015  3.75224E-025  4.12916E-025  4.55193E-038  1.00000E-040  3.94323E-031  1.23799E-037  5.19603E-028  3.84753E-027  3.69828E-031  2.29549E-028  2.82250E-019  1.79326E-017  3.79878E-027  7.04484E-029  2.86443E-021  6.15461E-022  6.45754E-019  5.06094E-021  2.92656E-031  1.49581E-031  8.25876E-016  5.19609E-035  2.97874E-028  3.72006E-032  1.61892E-024  1.77533E-034  1.54692E-024  9.67136E-025  7.94433E-012  1.00000E-040  8.40802E-015  1.46255E-038  1.12450E-034  5.35489E-018  1.74002E-014  8.15697E-026  1.03665E-014  5.33025E-034  1.00000E-003  1.00000E-005  1.00000E-005  1.00000E-005  1.00000E-005  1.00000E-005  1.00000E-005  1.00000E-005  1.00000E-005  1.00000E-005  1.00000E-005  1.00000E-005  1.00000E-005  1.00000E-005  1.00000E-005  1.00000E-005  
9.75000E+001  6.34051E-007  2.31236E+013  1.98603E+002  4.06996E+005  1.00000E-040  1.00000E-040  1.00000E-040  1.00000E-040  1.00000E-040  1.00000E-040  1.00000E-040  1.00000E-040  1.00000E-040  1.00000E-040  1.00000E-040  1.00000E-040  1.00000E-040  1.00000E-040  9.74246E-029  1.00000E-040  2.03847E-040  1.27339E-005  1.90802E-006  1.58148E-006  9.02311E-010  2.74807E-002  1.85140E-001  1.62522E-005  2.04076E-004  2.07118E-016  8.00337E-013  2.16200E-015  4.28585E-018  9.36285E-017  1.07606E-016  3.74543E-009  6.04678E-016  1.00000E-040  1.00000E-040  1.00000E-040  1.00000E-040  1.01096E-026  2.58134E-022  2.04745E-011  4.67783E-012  1.36956E-023  4.52365E-039  2.19945E-023  8.64870E-020  1.60903E-012  2.65301E-006  7.87140E-001  1.88032E-018  8.64882E-025  1.98873E-021  1.12618E-031  3.78552E-031  6.45131E-024  1.28026E-022  1.97407E-009  3.47800E-017  2.53482E-012  1.59544E-018  8.53309E-010  4.59423E-017  5.59041E-007  5.40700E-016  3.00450E-022  3.27316E-013  2.90490E-014  6.31543E-023  1.58459E-013  5.73644E-033  1.33184E-034  1.00000E-040  1.49215E-037  1.00000E-040  1.38915E-023  2.04950E-020  1.65259E-015  3.32574E-025  2.99000E-025  3.54272E-038  1.00000E-040  3.24252E-031  6.69618E-038  4.31600E-028  4.44727E-027  3.87010E-031  1.63042E-028  2.68430E-019  1.99979E-017  3.47601E-027  7.78061E-029  1.86948E-021  5.62056E-022  8.63904E-019  8.14634E-021  3.11253E-031  1.63241E-031  7.99938E-016  3.27685E-035  2.11568E-028  2.95655E-032  1.50774E-024  8.52465E-035  1.08848E-024  4.74963E-025  1.48277E-011  1.00000E-040  8.13098E-015  1.00000E-040  7.86384E-035  4.53675E-018  4.58829E-013  5.58656E-026  8.55713E-015  4.44683E-034  1.00000E-003  1.00000E-005  1.00000E-005  1.00000E-005  1.00000E-005  1.00000E-005  1.00000E-005  1.00000E-005  1.00000E-005  1.00000E-005  1.00000E-005  1.00000E-005  1.00000E-005  1.00000E-005  1.00000E-005  1.00000E-005  
9.85000E+001  5.38706E-007  1.97005E+013  1.98058E+002  4.06996E+005  1.00000E-040  1.00000E-040  1.00000E-040  1.00000E-040  1.00000E-040  1.00000E-040  1.00000E-040  1.00000E-040  1.00000E-040  1.00000E-040  1.00000E-040  1.00000E-040  1.00000E-040  1.00000E-040  9.53544E-029  1.00000E-040  2.20593E-040  1.29481E-005  1.91295E-006  1.35909E-006  7.08249E-010  3.11777E-002  1.81861E-001  1.75460E-005  1.95675E-004  2.19520E-016  8.32568E-013  4.91498E-015  5.02190E-018  9.61485E-017  1.10053E-016  3.25545E-009  7.28644E-016  3.17530E-036  1.00000E-040  1.00000E-040  1.00000E-040  5.26073E-027  1.70557E-022  2.03128E-011  3.72206E-012  2.75142E-023  7.27482E-039  2.16371E-023  1.08460E-019  1.52080E-012  3.69039E-006  7.86728E-001  9.25870E-018  7.89047E-025  1.63155E-021  2.64419E-031  4.91007E-031  6.17800E-024  1.15598E-022  1.75365E-009  4.26357E-016  1.90442E-012  1.41600E-018  7.63710E-010  2.22853E-017  4.90617E-007  4.09539E-016  1.94768E-022  2.43762E-013  2.57776E-014  2.84699E-023  8.88491E-014  5.28780E-033  1.83385E-034  5.86060E-039  7.69264E-038  1.00000E-040  1.32074E-023  1.61615E-020  1.39054E-015  3.07310E-025  2.28894E-025  3.04711E-038  1.00000E-040  2.70308E-031  3.73177E-038  3.52129E-028  5.41526E-027  4.72390E-031  1.22930E-028  2.92288E-019  2.30745E-017  3.31741E-027  8.61948E-029  1.24379E-021  5.42591E-022  1.54747E-018  3.53806E-020  3.34723E-031  1.71417E-031  7.72194E-016  2.15449E-035  1.59515E-028  2.42674E-032  1.41964E-024  4.59313E-035  8.28754E-025  2.29312E-025  3.46598E-011  1.00000E-040  7.84070E-015  1.00000E-040  5.62475E-035  3.95939E-018  7.43276E-012  4.04248E-026  7.26213E-015  3.95259E-034  1.00000E-003  1.00000E-005  1.00000E-005  1.00000E-005  1.00000E-005  1.00000E-005  1.00000E-005  1.00000E-005  1.00000E-005  1.00000E-005  1.00000E-005  1.00000E-005  1.00000E-005  1.00000E-005  1.00000E-005  1.00000E-005  
9.95000E+001  4.57702E-007  1.66953E+013  1.98566E+002  4.06996E+005  1.00000E-040  1.00000E-040  1.00000E-040  1.00000E-040  1.00000E-040  1.00000E-040  1.00000E-040  1.00000E-040  1.00000E-040  1.00000E-040  1.00000E-040  1.00000E-040  1.00000E-040  1.00000E-040  9.00758E-029  1.00000E-040  2.40078E-040  1.30658E-005  1.91339E-006  1.25435E-006  5.41778E-010  3.44028E-002  1.78851E-001  1.84515E-005  1.87328E-004  2.63592E-016  9.68550E-013  1.17223E-014  6.50642E-018  1.10792E-016  1.29547E-016  3.04670E-009  8.70043E-016  2.85065E-036  2.53085E-038  4.05719E-038  1.00000E-040  2.77205E-027  1.15584E-022  1.98515E-011  2.97732E-012  5.75504E-023  1.25075E-038  2.02526E-023  1.59319E-019  1.67450E-012  4.92146E-006  7.86519E-001  2.14122E-016  8.01155E-025  1.46002E-021  7.40468E-031  7.53324E-031  6.62087E-024  1.26324E-022  1.82865E-009  1.06658E-014  1.44935E-012  1.31468E-018  7.01706E-010  1.29376E-017  4.08226E-007  3.61186E-016  1.45060E-022  1.92663E-013  2.36406E-014  1.51085E-023  5.60517E-014  4.99828E-033  2.58346E-034  6.16036E-037  3.86026E-038  1.00000E-040  1.24938E-023  1.39677E-020  1.25055E-015  3.07424E-025  2.03197E-025  2.96506E-038  1.00000E-040  2.34005E-031  2.12029E-038  2.73584E-028  7.36252E-027  7.90729E-031  1.10727E-028  3.81609E-019  2.90799E-017  3.46199E-027  1.05280E-028  8.37490E-022  5.90096E-022  4.81114E-018  7.21902E-019  3.69281E-031  1.72617E-031  7.42896E-016  1.46070E-035  1.43635E-028  2.16461E-032  1.34939E-024  2.91559E-035  7.30709E-025  1.08285E-025  1.27027E-010  1.00000E-040  7.53916E-015  1.00000E-040  4.19727E-035  3.67200E-018  2.22332E-010  3.45832E-026  6.48497E-015  3.75394E-034  1.00000E-003  1.00000E-005  1.00000E-005  1.00000E-005  1.00000E-005  1.00000E-005  1.00000E-005  1.00000E-005  1.00000E-005  1.00000E-005  1.00000E-005  1.00000E-005  1.00000E-005  1.00000E-005  1.00000E-005  1.00000E-005  
