alt           press         den           temp          eddy          H2Oaer        CO2aer        S8aer         H2SO4aer      NH3aer        N2Oaer        C2H2aer       C2H4aer       C2H6aer       CH3CNaer      HCCCNaer      HCNaer        CH4aer        HCaer1        HCaer2        HCaer3        He            H             H2            H2O           OH            O             O2            CO            CO2           HCO           H2CO          C             CH            CH2           CH3           CH4           S             S2            S3            S4            S8            H2S           HS            SO            SO2           CS            CS2           OCS           CN            HCN           N             N2            NH            NH2           NH3           C2            C2H           C2H2          C2H4          NO            HNO           HO2           HNCO          N2O           H2O2          O3            NO2           NO3           SO3           HNO2          HNO3          H2SO4         HCl           Cl            Cl2           HOCl          N2H4          ClO           C2H6          CH3OH         CH2CO         CH3CHO        C3H4          C3H6          C4H2          C4H4          OClO          HCS           C2H3          C2H5          NCO           1CH2          HCCO          NNH           HSO           CH3O          H2COH         H2CN          N2H2          C4H           HCNOH         C2H2OH        CH3CO         CH2CHO        C2H3OH        C2H4OH        CH3O2         HSO3          O1D           N2H3          NH2CO         HS4           C4H3          CH2N2         N2D           CH2CN         CH3CN         HCCCN         H2Oaer_r      CO2aer_r      S8aer_r       H2SO4aer_r    NH3aer_r      N2Oaer_r      C2H2aer_r     C2H4aer_r     C2H6aer_r     CH3CNaer_r    HCCCNaer_r    HCNaer_r      CH4aer_r      HCaer1_r      HCaer2_r      HCaer3_r      
5.00000E-001  1.00952E+000  2.54748E+019  2.87026E+002  1.00000E+005  6.69245E-004  1.00000E-040  1.00000E-040  2.16994E-032  1.00000E-040  1.00000E-040  1.00000E-040  1.00000E-040  1.00000E-040  1.00000E-040  1.00000E-040  1.00000E-040  1.00000E-040  1.00000E-040  1.42924E-023  1.00000E-040  1.00000E-040  1.18581E-021  4.95285E-007  6.30456E-003  4.34323E-014  7.82217E-017  2.10724E-001  3.75658E-008  2.81322E-004  1.55593E-022  2.30078E-010  1.00000E-040  1.00000E-040  2.19525E-033  3.51179E-020  8.00380E-007  7.51470E-029  1.04257E-026  1.00000E-040  1.00000E-040  1.00000E-040  8.13713E-012  1.12790E-017  8.46180E-019  3.46418E-011  1.00000E-040  1.00000E-040  3.33822E-010  1.03077E-034  4.99001E-011  1.28777E-031  7.82689E-001  9.66453E-024  3.53885E-014  5.53163E-010  1.00000E-040  1.00000E-040  1.02336E-029  2.84745E-025  1.32173E-012  5.63179E-016  1.38740E-011  1.08277E-014  2.70425E-007  1.70289E-009  4.06486E-008  1.36245E-011  2.29423E-013  3.59213E-019  1.66920E-012  1.80354E-011  2.73403E-011  7.77020E-031  6.10175E-036  8.49310E-035  1.11197E-030  2.85572E-013  8.14293E-023  1.13239E-023  1.48574E-017  1.98389E-025  1.68172E-025  1.00000E-040  1.61309E-038  1.00000E-040  1.00000E-040  1.89223E-029  1.00000E-040  1.32374E-040  3.21814E-026  1.17922E-016  6.71744E-035  3.06092E-039  5.40468E-023  1.68073E-017  1.07032E-018  3.67440E-015  6.10527E-025  6.85791E-011  1.00000E-040  3.74801E-019  1.00000E-040  1.08863E-025  5.15535E-031  4.48044E-023  1.44247E-025  3.77310E-011  2.08776E-023  1.90031E-022  1.62559E-013  1.83701E-014  1.00000E-040  1.00000E-040  2.16607E-023  1.00000E-040  6.81538E-022  3.63320E-011  7.00023E-039  1.00000E-003  1.00000E-005  1.00000E-005  1.00000E-005  1.00000E-005  1.00000E-005  1.00000E-005  1.00000E-005  1.00000E-005  1.00000E-005  1.00000E-005  1.00000E-005  1.00000E-005  1.00000E-005  1.00000E-005  1.00000E-005  
1.50000E+000  8.94104E-001  2.30773E+019  2.80621E+002  1.00000E+005  8.78346E-004  1.00000E-040  1.00000E-040  2.54409E-029  1.00000E-040  1.00000E-040  1.00000E-040  1.00000E-040  1.00000E-040  1.00000E-040  1.00000E-040  1.00000E-040  1.00000E-040  1.00000E-040  8.26846E-024  1.00000E-040  1.00000E-040  1.10755E-021  4.96025E-007  4.80718E-003  4.35244E-014  9.13774E-017  2.11041E-001  3.63764E-008  2.81748E-004  9.21565E-023  1.24116E-010  1.00000E-040  1.00000E-040  1.84335E-033  3.08977E-020  7.99810E-007  5.43012E-029  1.03169E-026  1.00000E-040  1.00000E-040  1.00000E-040  4.37898E-012  6.32519E-018  6.14480E-019  7.15889E-011  1.00000E-040  1.00000E-040  3.34008E-010  6.15152E-035  4.98329E-011  2.25889E-031  7.83868E-001  1.34796E-023  9.43151E-014  5.25596E-010  1.00000E-040  1.00000E-040  9.86492E-030  2.81361E-025  5.46457E-014  9.76144E-016  1.24527E-011  9.28379E-015  2.70802E-007  1.58543E-009  4.03494E-008  2.02927E-012  7.41681E-014  2.34647E-019  8.56299E-013  2.32862E-011  2.98489E-011  4.44223E-031  6.49389E-036  1.31866E-036  8.79547E-031  7.29439E-013  8.15520E-023  1.14342E-023  1.36827E-017  2.25632E-025  1.25058E-025  1.00000E-040  1.56638E-038  1.00000E-040  1.00000E-040  1.79220E-029  1.00000E-040  1.23246E-040  1.88272E-026  7.45969E-016  5.26777E-035  3.57990E-039  6.83311E-023  1.32107E-017  6.14179E-019  4.33599E-015  4.01278E-025  6.96349E-011  1.00000E-040  6.01191E-019  1.00000E-040  1.26494E-025  4.92116E-031  4.48719E-023  1.05239E-025  4.64706E-010  4.48368E-023  2.42099E-022  3.35128E-013  1.85400E-014  1.00000E-040  1.00000E-040  1.48228E-023  1.00000E-040  6.59353E-022  3.60947E-011  7.01078E-039  1.00000E-003  1.00000E-005  1.00000E-005  1.00000E-005  1.00000E-005  1.00000E-005  1.00000E-005  1.00000E-005  1.00000E-005  1.00000E-005  1.00000E-005  1.00000E-005  1.00000E-005  1.00000E-005  1.00000E-005  1.00000E-005  
2.50000E+000  7.90346E-001  2.07593E+019  2.75754E+002  1.00000E+005  5.87895E-004  1.00000E-040  1.00000E-040  2.67443E-026  1.00000E-040  1.00000E-040  1.00000E-040  1.00000E-040  1.00000E-040  1.00000E-040  1.00000E-040  1.00000E-040  1.00000E-040  1.00000E-040  8.71368E-024  1.00000E-040  1.00000E-040  1.20500E-021  4.96437E-007  3.82590E-003  5.13588E-014  1.10608E-016  2.11249E-001  3.49890E-008  2.82028E-004  4.03508E-023  4.53048E-011  1.00000E-040  1.00000E-040  2.28081E-033  3.38715E-020  7.99089E-007  4.41911E-029  1.01304E-026  1.00000E-040  1.00000E-040  1.00000E-040  2.33398E-012  4.10468E-018  4.94106E-019  5.41434E-011  1.00000E-040  1.00000E-040  3.34042E-010  4.80313E-035  4.97620E-011  4.23331E-031  7.84641E-001  1.76987E-023  1.16534E-013  5.01704E-010  1.00000E-040  1.00000E-040  9.27513E-030  2.67777E-025  7.52757E-015  1.32879E-015  1.07853E-011  8.77888E-015  2.71032E-007  1.42787E-009  4.03721E-008  4.55443E-013  2.44454E-014  1.69629E-019  4.26366E-013  2.30052E-011  3.11934E-011  3.03026E-031  6.87081E-036  1.66506E-038  7.71524E-031  9.50351E-013  8.16324E-023  1.16570E-023  1.22004E-017  2.78411E-025  9.29991E-026  1.00000E-040  1.49585E-038  1.00000E-040  1.00000E-040  1.73141E-029  1.00000E-040  1.32045E-040  1.67690E-026  3.26329E-015  6.17471E-035  4.11525E-039  9.72722E-023  1.13091E-017  2.10191E-019  4.77469E-015  3.05505E-025  7.06724E-011  1.00000E-040  1.00157E-018  1.00000E-040  1.65760E-025  4.57728E-031  4.49162E-023  7.91034E-026  9.66084E-010  4.10459E-023  3.04982E-022  4.47130E-013  1.86736E-014  1.00000E-040  1.00000E-040  1.36206E-023  1.00000E-040  6.24094E-022  3.58803E-011  7.01769E-039  1.00000E-003  1.00000E-005  1.00000E-005  1.00000E-005  1.00000E-005  1.00000E-005  1.00000E-005  1.00000E-005  1.00000E-005  1.00000E-005  1.00000E-005  1.00000E-005  1.00000E-005  1.00000E-005  1.00000E-005  1.00000E-005  
3.50000E+000  6.97163E-001  1.86469E+019  2.70798E+002  1.00000E+005  5.44512E-004  1.00000E-040  1.00000E-040  1.60083E-023  1.00000E-040  1.00000E-040  1.00000E-040  1.00000E-040  1.00000E-040  1.00000E-040  1.00000E-040  1.00000E-040  1.00000E-040  1.00000E-040  1.08744E-023  1.00000E-040  1.00000E-040  1.32285E-021  4.96869E-007  2.94983E-003  5.70702E-014  1.36182E-016  2.11435E-001  3.37198E-008  2.82279E-004  2.55122E-023  2.47636E-011  1.00000E-040  1.00000E-040  2.48816E-033  3.47463E-020  7.98541E-007  3.32914E-029  9.89307E-027  1.00000E-040  1.00000E-040  1.00000E-040  1.25469E-012  2.51804E-018  3.86829E-019  4.09281E-011  1.00000E-040  1.00000E-040  3.34060E-010  3.45439E-035  4.97043E-011  6.45358E-031  7.85331E-001  1.96958E-023  1.19914E-013  4.81557E-010  1.00000E-040  1.00000E-040  8.56163E-030  2.54275E-025  4.05331E-015  1.66754E-015  1.03195E-011  7.33618E-015  2.71228E-007  1.27826E-009  4.10807E-008  2.65327E-013  1.75504E-014  1.14458E-019  2.25584E-013  2.28195E-011  3.02343E-011  2.44974E-031  7.06436E-036  1.97549E-040  6.70739E-031  9.33266E-013  8.17041E-023  1.20036E-023  1.08506E-017  3.45337E-025  7.52959E-026  1.00000E-040  1.41061E-038  1.00000E-040  1.00000E-040  1.71296E-029  1.00000E-040  1.32777E-040  1.68939E-026  5.61717E-015  6.36234E-035  4.92395E-039  1.30594E-022  9.45804E-018  1.77931E-019  5.44220E-015  2.45341E-025  7.10767E-011  1.00000E-040  1.60556E-018  1.00000E-040  2.06942E-025  4.17124E-031  4.49556E-023  6.89696E-026  1.23385E-009  3.54149E-023  3.83753E-022  4.60984E-013  1.87622E-014  1.00000E-040  1.00000E-040  1.13932E-023  1.00000E-040  5.79775E-022  3.56972E-011  7.02398E-039  1.00000E-003  1.00000E-005  1.00000E-005  1.00000E-005  1.00000E-005  1.00000E-005  1.00000E-005  1.00000E-005  1.00000E-005  1.00000E-005  1.00000E-005  1.00000E-005  1.00000E-005  1.00000E-005  1.00000E-005  1.00000E-005  
4.50000E+000  6.13445E-001  1.67620E+019  2.65073E+002  1.00000E+005  5.48662E-004  1.00000E-040  1.00000E-040  4.79710E-021  1.00000E-040  1.00000E-040  1.00000E-040  1.00000E-040  1.00000E-040  1.00000E-040  1.00000E-040  1.00000E-040  1.00000E-040  1.00000E-040  3.84463E-024  1.00000E-040  1.00000E-040  1.39590E-021  4.97398E-007  2.07914E-003  5.95595E-014  1.68791E-016  2.11620E-001  3.26563E-008  2.82527E-004  2.61440E-023  2.26983E-011  1.00000E-040  1.00000E-040  2.29188E-033  3.23025E-020  7.98225E-007  2.38316E-029  9.62427E-027  1.00000E-040  1.00000E-040  1.00000E-040  6.91893E-013  1.48948E-018  3.11045E-019  3.11860E-011  1.00000E-040  1.00000E-040  3.34095E-010  2.14189E-035  4.96634E-011  8.61990E-031  7.86017E-001  1.95263E-023  1.16413E-013  4.64969E-010  1.00000E-040  1.00000E-040  7.80216E-030  2.41752E-025  4.70940E-015  2.04770E-015  9.97807E-012  5.42527E-015  2.71418E-007  1.13666E-009  4.25270E-008  2.72576E-013  1.74043E-014  6.76329E-020  1.48819E-013  2.30787E-011  2.61337E-011  2.07190E-031  7.00758E-036  1.00000E-040  5.71796E-031  8.33376E-013  8.17754E-023  1.24884E-023  9.67815E-018  4.27025E-025  6.43901E-026  1.00000E-040  1.31799E-038  1.00000E-040  1.00000E-040  1.73264E-029  1.00000E-040  1.24585E-040  1.70626E-026  5.68352E-015  5.47193E-035  1.00000E-040  1.69205E-022  8.23299E-018  2.35853E-019  6.53160E-015  1.90511E-025  7.06895E-011  1.00000E-040  2.65139E-018  1.00000E-040  2.52080E-025  3.74012E-031  4.49949E-023  6.46620E-026  1.25281E-009  2.91437E-023  4.83364E-022  4.28737E-013  1.88179E-014  1.00000E-040  1.00000E-040  8.10146E-024  1.00000E-040  5.29640E-022  3.55467E-011  7.03026E-039  1.00000E-003  1.00000E-005  1.00000E-005  1.00000E-005  1.00000E-005  1.00000E-005  1.00000E-005  1.00000E-005  1.00000E-005  1.00000E-005  1.00000E-005  1.00000E-005  1.00000E-005  1.00000E-005  1.00000E-005  1.00000E-005  
5.50000E+000  5.38325E-001  1.50567E+019  2.58959E+002  1.00000E+005  4.58186E-004  1.00000E-040  1.00000E-040  2.41315E-018  1.00000E-040  1.00000E-040  1.00000E-040  1.00000E-040  1.00000E-040  1.00000E-040  1.00000E-040  1.00000E-040  1.00000E-040  1.00000E-040  2.70100E-024  1.00000E-040  1.00000E-040  1.46262E-021  4.97922E-007  1.37615E-003  6.06890E-014  2.11310E-016  2.11769E-001  3.17820E-008  2.82728E-004  3.33713E-023  2.61714E-011  1.00000E-040  1.00000E-040  1.95620E-033  2.86810E-020  7.97965E-007  1.71408E-029  9.33593E-027  1.00000E-040  1.00000E-040  1.00000E-040  3.93756E-013  8.93261E-019  2.65610E-019  2.40468E-011  1.00000E-040  1.00000E-040  3.34087E-010  1.22276E-035  4.96298E-011  1.13340E-030  7.86571E-001  1.89019E-023  1.10490E-013  4.51376E-010  1.00000E-040  1.00000E-040  7.05634E-030  2.30065E-025  7.69437E-015  2.49800E-015  9.74621E-012  3.94148E-015  2.71557E-007  1.03486E-009  4.46619E-008  3.38916E-013  1.89471E-014  4.05432E-020  1.51919E-013  2.46843E-011  2.16692E-011  1.76107E-031  6.84820E-036  1.00000E-040  4.88507E-031  7.13759E-013  8.18330E-023  1.31334E-023  8.67104E-018  5.34122E-025  5.60832E-026  1.00000E-040  1.22364E-038  1.00000E-040  1.00000E-040  1.78464E-029  1.00000E-040  1.13779E-040  1.72446E-026  4.46743E-015  4.32607E-035  1.03263E-037  2.17815E-022  7.68179E-018  3.54088E-019  8.04853E-015  1.44216E-025  6.95944E-011  1.00000E-040  4.54686E-018  1.00000E-040  3.08665E-025  3.31693E-031  4.50266E-023  6.17820E-026  1.07671E-009  2.38127E-023  6.10108E-022  3.80305E-013  1.88504E-014  1.00000E-040  1.00000E-040  5.27190E-024  1.00000E-040  4.77004E-022  3.54196E-011  7.06175E-039  1.00000E-003  1.00000E-005  1.00000E-005  1.00000E-005  1.00000E-005  1.00000E-005  1.00000E-005  1.00000E-005  1.00000E-005  1.00000E-005  1.00000E-005  1.00000E-005  1.00000E-005  1.00000E-005  1.00000E-005  1.00000E-005  
6.50000E+000  4.70946E-001  1.35247E+019  2.52208E+002  1.00000E+005  3.57571E-004  1.00000E-040  1.00000E-040  9.86623E-016  1.00000E-040  1.00000E-040  1.00000E-040  1.00000E-040  1.00000E-040  1.00000E-040  1.00000E-040  1.00000E-040  1.00000E-040  1.00000E-040  1.82840E-024  1.00000E-040  1.00000E-040  1.53472E-021  4.98406E-007  8.42269E-004  6.10315E-014  2.65233E-016  2.11882E-001  3.10534E-008  2.82881E-004  4.60082E-023  3.27096E-011  1.00000E-040  1.00000E-040  1.55540E-033  2.42567E-020  7.97712E-007  1.26140E-029  9.03705E-027  1.00000E-040  1.00000E-040  1.00000E-040  2.31665E-013  5.52290E-019  2.48213E-019  1.88002E-011  1.00000E-040  1.00000E-040  3.34030E-010  6.29224E-036  4.96007E-011  1.54163E-030  7.86991E-001  1.82795E-023  1.02581E-013  4.40227E-010  1.00000E-040  1.00000E-040  6.36258E-030  2.18995E-025  1.60275E-014  3.02055E-015  9.63210E-012  2.89189E-015  2.71643E-007  9.63655E-010  4.74164E-008  4.59909E-013  2.12418E-014  2.69021E-020  2.35276E-013  2.77134E-011  1.68815E-011  1.49897E-031  6.68779E-036  1.00000E-040  4.22540E-031  5.88434E-013  8.18767E-023  1.39639E-023  7.80823E-018  6.84371E-025  4.89846E-026  1.00000E-040  1.13134E-038  1.00000E-040  1.00000E-040  1.86326E-029  1.00000E-040  1.01905E-040  1.74937E-026  3.01782E-015  3.14712E-035  1.00000E-040  2.86261E-022  7.95809E-018  5.70749E-019  1.00022E-014  1.06435E-025  6.79530E-011  1.00000E-040  8.47154E-018  1.00000E-040  3.88423E-025  2.92166E-031  4.50506E-023  5.92404E-026  7.76700E-010  1.96237E-023  7.69665E-022  3.24828E-013  1.88687E-014  1.00000E-040  1.00000E-040  3.16761E-024  1.00000E-040  4.24736E-022  3.53107E-011  7.05507E-039  1.00000E-003  1.00000E-005  1.00000E-005  1.00000E-005  1.00000E-005  1.00000E-005  1.00000E-005  1.00000E-005  1.00000E-005  1.00000E-005  1.00000E-005  1.00000E-005  1.00000E-005  1.00000E-005  1.00000E-005  1.00000E-005  
7.50000E+000  4.10557E-001  1.21303E+019  2.45143E+002  1.00000E+005  2.46531E-004  1.00000E-040  1.00000E-040  3.26236E-013  1.00000E-040  1.00000E-040  1.00000E-040  1.00000E-040  1.00000E-040  1.00000E-040  1.00000E-040  1.00000E-040  1.00000E-040  1.00000E-040  1.44640E-024  1.00000E-040  1.00000E-040  1.65624E-021  4.98799E-007  4.82799E-004  6.18389E-014  3.34421E-016  2.11958E-001  3.04074E-008  2.82984E-004  6.46956E-023  4.14515E-011  1.00000E-040  1.00000E-040  1.21726E-033  2.01853E-020  7.97418E-007  9.72219E-030  8.73404E-027  1.00000E-040  1.00000E-040  1.00000E-040  1.40692E-013  3.59435E-019  2.55118E-019  1.49197E-011  1.00000E-040  1.00000E-040  3.33915E-010  3.04726E-036  4.95730E-011  2.21395E-030  7.87274E-001  1.78496E-023  9.32991E-014  4.30999E-010  1.00000E-040  1.00000E-040  5.74546E-030  2.08868E-025  4.33273E-014  3.60150E-015  9.71639E-012  2.15596E-015  2.71675E-007  9.09404E-010  5.07008E-008  6.53671E-013  2.35804E-014  2.39195E-020  4.36552E-013  3.22824E-011  1.16126E-011  1.30423E-031  6.62406E-036  1.00000E-040  3.73661E-031  4.59807E-013  8.19062E-023  1.50047E-023  7.07210E-018  8.99506E-025  4.30950E-026  1.00000E-040  1.04358E-038  1.00000E-040  1.00000E-040  1.96311E-029  1.00000E-040  1.00000E-040  1.80756E-026  1.87474E-015  2.23242E-035  1.00000E-040  3.89396E-022  9.17233E-018  9.59312E-019  1.22916E-014  7.81065E-026  6.59317E-011  1.00000E-040  1.70641E-017  1.00000E-040  5.07795E-025  2.56830E-031  4.50668E-023  5.69446E-026  4.38020E-010  1.66302E-023  9.70010E-022  2.63418E-013  1.88784E-014  1.00000E-040  1.00000E-040  1.84228E-024  1.00000E-040  3.75154E-022  3.52143E-011  7.07378E-039  1.00000E-003  1.00000E-005  1.00000E-005  1.00000E-005  1.00000E-005  1.00000E-005  1.00000E-005  1.00000E-005  1.00000E-005  1.00000E-005  1.00000E-005  1.00000E-005  1.00000E-005  1.00000E-005  1.00000E-005  1.00000E-005  
8.50000E+000  3.56522E-001  1.08543E+019  2.37903E+002  1.00000E+005  1.53688E-004  1.00000E-040  1.00000E-040  7.30421E-011  1.00000E-040  1.00000E-040  1.00000E-040  1.00000E-040  1.00000E-040  1.00000E-040  1.00000E-040  1.00000E-040  1.00000E-040  1.00000E-040  1.27371E-024  1.00000E-040  1.00000E-040  1.83012E-021  4.99067E-007  2.61868E-004  6.41021E-014  4.23286E-016  2.12005E-001  2.97681E-008  2.83048E-004  8.22016E-023  4.69775E-011  1.00000E-040  1.00000E-040  9.71882E-034  1.68570E-020  7.97076E-007  7.97119E-030  8.43239E-027  3.20570E-038  3.40514E-037  1.00000E-040  8.82406E-014  2.49745E-019  2.90291E-019  1.20443E-011  1.00000E-040  1.00000E-040  3.33748E-010  1.42022E-036  4.95462E-011  3.38325E-030  7.87448E-001  1.75318E-023  8.09460E-014  4.23275E-010  1.00000E-040  1.00000E-040  5.21879E-030  2.00122E-025  1.61992E-013  4.19403E-015  9.72910E-012  1.64078E-015  2.71661E-007  8.40629E-010  5.44189E-008  9.23344E-013  2.38944E-014  2.97011E-020  8.33716E-013  3.83548E-011  5.31191E-012  1.21365E-031  6.74579E-036  1.00000E-040  3.40920E-031  3.25031E-013  8.19242E-023  1.62813E-023  6.44419E-018  1.20027E-024  3.86537E-026  1.00000E-040  9.62057E-039  1.00000E-040  1.00000E-040  2.07897E-029  1.00000E-040  1.00000E-040  1.94697E-026  1.12166E-015  1.60191E-035  1.00000E-040  5.56491E-022  1.18354E-017  1.49704E-018  1.46985E-014  5.72492E-026  6.36954E-011  1.00000E-040  3.74405E-017  1.00000E-040  6.95641E-025  2.26471E-031  4.50768E-023  5.50318E-026  1.59647E-010  1.47346E-023  1.21995E-021  1.95561E-013  1.88831E-014  1.00000E-040  1.00000E-040  1.07548E-024  1.00000E-040  3.29979E-022  3.51271E-011  7.10254E-039  1.00000E-003  1.00000E-005  1.00000E-005  1.00000E-005  1.00000E-005  1.00000E-005  1.00000E-005  1.00000E-005  1.00000E-005  1.00000E-005  1.00000E-005  1.00000E-005  1.00000E-005  1.00000E-005  1.00000E-005  1.00000E-005  
9.50000E+000  3.08306E-001  9.67493E+018  2.30808E+002  9.61769E+004  8.44419E-005  1.00000E-040  1.00000E-040  2.11077E-010  1.00000E-040  1.00000E-040  1.00000E-040  1.00000E-040  1.00000E-040  1.00000E-040  1.00000E-040  1.00000E-040  1.00000E-040  1.00000E-040  4.02573E-024  1.00000E-040  1.00000E-040  1.98983E-021  4.99187E-007  1.38971E-004  7.03843E-014  5.40519E-016  2.12031E-001  2.90619E-008  2.83084E-004  6.82118E-023  3.40881E-011  1.00000E-040  1.00000E-040  8.63609E-034  1.48438E-020  7.96679E-007  7.19216E-030  8.13108E-027  1.00000E-040  1.00000E-040  1.00000E-040  5.72638E-014  1.91172E-019  3.70335E-019  9.90310E-012  1.00000E-040  1.00000E-040  3.33533E-010  6.80373E-037  4.95195E-011  5.55204E-030  7.87545E-001  1.71703E-023  6.22956E-014  4.16615E-010  1.00000E-040  1.00000E-040  4.78319E-030  1.93341E-025  6.50258E-013  4.71902E-015  8.56667E-012  1.30304E-015  2.71610E-007  7.20833E-010  5.85701E-008  1.14245E-012  1.91527E-014  4.65849E-020  1.54073E-012  4.60882E-011  2.06798E-012  1.28298E-031  7.21582E-036  1.00000E-040  3.27946E-031  1.91263E-013  8.19342E-023  1.78533E-023  5.90398E-018  1.59181E-024  3.60386E-026  1.00000E-040  8.86747E-039  1.00000E-040  1.00000E-040  2.20996E-029  1.00000E-040  1.00000E-040  2.26042E-026  6.94321E-016  1.27374E-035  5.04773E-039  8.54959E-022  1.72475E-017  1.34810E-018  1.68932E-014  4.17783E-026  6.13719E-011  1.00000E-040  8.93142E-017  1.00000E-040  1.00703E-024  2.01276E-031  4.50823E-023  5.37696E-026  3.03771E-011  1.41042E-023  1.53411E-021  1.26191E-013  1.88850E-014  1.00000E-040  1.00000E-040  6.82425E-025  1.00000E-040  2.89768E-022  3.50449E-011  7.12337E-039  1.00000E-003  1.00000E-005  1.00000E-005  1.00000E-005  1.00000E-005  1.00000E-005  1.00000E-005  1.00000E-005  1.00000E-005  1.00000E-005  1.00000E-005  1.00000E-005  1.00000E-005  1.00000E-005  1.00000E-005  1.00000E-005  
1.05000E+001  2.65480E-001  8.57243E+018  2.24308E+002  6.85565E+004  3.53221E-005  1.00000E-040  1.00000E-040  4.65853E-009  1.00000E-040  1.00000E-040  1.00000E-040  1.00000E-040  1.00000E-040  1.00000E-040  1.00000E-040  1.00000E-040  1.00000E-040  1.00000E-040  1.30153E-022  1.00000E-040  1.00000E-040  2.13283E-021  4.99186E-007  7.65555E-005  7.84093E-014  7.12265E-016  2.12044E-001  2.82048E-008  2.83103E-004  3.65183E-023  1.58540E-011  1.00000E-040  1.00000E-040  8.08002E-034  1.35295E-020  7.96149E-007  6.67756E-030  7.78055E-027  1.00000E-040  1.00000E-040  1.00000E-040  3.71923E-014  1.49281E-019  4.82212E-019  8.13118E-012  1.00000E-040  1.00000E-040  3.33223E-010  3.39342E-037  4.94884E-011  8.68230E-030  7.87594E-001  1.59451E-023  4.08737E-014  4.09830E-010  1.00000E-040  1.00000E-040  4.39412E-030  1.91198E-025  1.63492E-012  5.12636E-015  6.79527E-012  1.04189E-015  2.71511E-007  5.65261E-010  6.40870E-008  1.46564E-012  1.43996E-014  7.24337E-020  2.75621E-012  5.76693E-011  1.06794E-012  1.54687E-031  7.76434E-036  1.00000E-040  3.22618E-031  8.91116E-014  8.19393E-023  2.01293E-023  5.40059E-018  2.04598E-024  3.48374E-026  1.00000E-040  8.06994E-039  1.00000E-040  1.00000E-040  2.39129E-029  1.00000E-040  1.00000E-040  2.78107E-026  4.17376E-016  1.06975E-035  1.57302E-038  1.31360E-021  2.56359E-017  7.07397E-019  1.94225E-014  3.04987E-026  5.87474E-011  1.00000E-040  2.06609E-016  1.00000E-040  1.39266E-024  1.78971E-031  4.50851E-023  5.37657E-026  5.35531E-012  1.36228E-023  1.96302E-021  6.70863E-014  1.88850E-014  1.00000E-040  1.00000E-040  4.51135E-025  1.00000E-040  2.49718E-022  3.49518E-011  7.15423E-039  1.00000E-003  1.00000E-005  1.00000E-005  1.00000E-005  1.00000E-005  1.00000E-005  1.00000E-005  1.00000E-005  1.00000E-005  1.00000E-005  1.00000E-005  1.00000E-005  1.00000E-005  1.00000E-005  1.00000E-005  1.00000E-005  
1.15000E+001  2.27696E-001  7.53502E+018  2.18871E+002  2.37960E+004  8.45311E-006  1.00000E-040  1.00000E-040  1.94998E-009  1.00000E-040  1.00000E-040  1.00000E-040  1.00000E-040  1.00000E-040  1.00000E-040  1.00000E-040  1.00000E-040  1.00000E-040  1.00000E-040  8.58141E-023  1.00000E-040  1.00000E-040  2.33666E-021  4.99042E-007  4.59288E-005  8.57368E-014  1.04934E-015  2.12051E-001  2.67014E-008  2.83114E-004  2.22976E-023  8.41953E-012  1.00000E-040  1.00000E-040  7.72414E-034  1.27159E-020  7.94997E-007  5.80874E-030  7.11727E-027  1.00000E-040  1.00000E-040  1.00000E-040  1.97059E-014  9.97532E-020  5.54335E-019  5.98940E-012  1.00000E-040  1.00000E-040  3.32512E-010  1.82859E-037  4.94291E-011  1.16492E-029  7.87619E-001  1.34504E-023  2.02676E-014  3.98391E-010  1.00000E-040  1.00000E-040  3.90399E-030  2.06404E-025  3.86729E-012  5.33791E-015  5.31614E-012  8.14387E-016  2.71254E-007  3.67352E-010  7.64986E-008  2.64170E-012  1.16262E-014  9.22069E-020  5.70345E-012  8.66517E-011  9.79020E-013  2.28646E-031  8.04092E-036  1.00000E-040  3.33100E-031  2.41828E-014  8.19416E-023  2.56050E-023  4.72923E-018  2.52176E-024  3.62767E-026  1.00000E-040  6.73689E-039  1.00000E-040  1.00000E-040  2.82845E-029  1.00000E-040  1.00000E-040  3.87130E-026  1.98864E-016  9.29728E-036  2.66614E-038  1.83457E-021  3.33276E-017  5.41255E-019  2.46616E-014  2.16120E-026  5.42562E-011  1.00000E-040  4.20466E-016  1.00000E-040  1.65791E-024  1.52176E-031  4.50864E-023  5.78742E-026  1.49082E-012  1.14608E-023  2.75357E-021  2.11073E-014  1.88828E-014  1.00000E-040  1.00000E-040  3.00380E-025  1.00000E-040  1.89188E-022  3.47743E-011  7.22795E-039  1.00000E-003  1.00000E-005  1.00000E-005  1.00000E-005  1.00000E-005  1.00000E-005  1.00000E-005  1.00000E-005  1.00000E-005  1.00000E-005  1.00000E-005  1.00000E-005  1.00000E-005  1.00000E-005  1.00000E-005  1.00000E-005  
1.25000E+001  1.94633E-001  6.56595E+018  2.14702E+002  1.42829E+004  2.04619E-006  1.00000E-040  1.00000E-040  1.11550E-009  1.00000E-040  1.00000E-040  1.00000E-040  1.00000E-040  1.00000E-040  1.00000E-040  1.00000E-040  1.00000E-040  1.00000E-040  1.00000E-040  6.40426E-023  1.00000E-040  1.00000E-040  2.62016E-021  4.98575E-007  2.94325E-005  9.59808E-014  1.86360E-015  2.12054E-001  2.40553E-008  2.83123E-004  1.95069E-023  6.33385E-012  1.00000E-040  1.00000E-040  8.39129E-034  1.30757E-020  7.92317E-007  7.70547E-030  5.81393E-027  1.00000E-040  1.00000E-040  1.00000E-040  7.31882E-015  5.79505E-020  5.93470E-019  3.60657E-012  1.00000E-040  1.00000E-040  3.30769E-010  1.16096E-037  4.93079E-011  1.59417E-029  7.87632E-001  1.18957E-023  8.46806E-015  3.77354E-010  1.00000E-040  1.00000E-040  3.39764E-030  2.73006E-025  9.45540E-012  4.82954E-015  3.75015E-012  6.59036E-016  2.70594E-007  1.76208E-010  1.06931E-007  6.12442E-012  1.13538E-014  9.90045E-020  1.27824E-011  1.65870E-010  8.92829E-013  3.86567E-031  8.33055E-036  1.00000E-040  4.02303E-031  3.66194E-015  8.19426E-023  4.00454E-023  3.91068E-018  2.66196E-024  4.69916E-026  1.00000E-040  4.54889E-039  1.00000E-040  1.00000E-040  3.92815E-029  1.00000E-040  1.37125E-040  6.13203E-026  8.46651E-017  9.35833E-036  3.95177E-038  2.29417E-021  4.00191E-017  5.52116E-019  3.58963E-014  1.51166E-026  4.66801E-011  1.00000E-040  7.48098E-016  1.00000E-040  1.64347E-024  1.25940E-031  4.50870E-023  7.44415E-026  5.51307E-013  7.94677E-024  4.55748E-021  3.46088E-015  1.88759E-014  1.00000E-040  1.00000E-040  2.27279E-025  1.00000E-040  1.05162E-022  3.44000E-011  7.40189E-039  1.00000E-003  1.00000E-005  1.00000E-005  1.00000E-005  1.00000E-005  1.00000E-005  1.00000E-005  1.00000E-005  1.00000E-005  1.00000E-005  1.00000E-005  1.00000E-005  1.00000E-005  1.00000E-005  1.00000E-005  1.00000E-005  
1.35000E+001  1.65922E-001  5.68368E+018  2.11442E+002  6.95701E+003  5.20544E-007  1.00000E-040  1.00000E-040  6.96868E-010  1.00000E-040  1.00000E-040  1.00000E-040  1.00000E-040  1.00000E-040  1.00000E-040  1.00000E-040  1.00000E-040  1.00000E-040  1.00000E-040  5.35246E-023  1.00000E-040  1.00000E-040  2.84848E-021  4.97467E-007  2.15684E-005  1.08213E-013  3.84269E-015  2.12055E-001  2.03392E-008  2.83132E-004  1.91030E-023  5.30452E-012  1.00000E-040  1.00000E-040  9.83763E-034  1.42471E-020  7.86977E-007  2.57576E-029  3.87897E-027  1.00000E-040  1.00000E-040  1.00000E-040  1.90566E-015  3.30375E-020  6.48625E-019  1.75938E-012  1.00000E-040  1.00000E-040  3.27142E-010  8.25763E-038  4.90960E-011  2.34327E-029  7.87638E-001  1.13813E-023  3.72061E-015  3.44701E-010  1.00000E-040  1.00000E-040  3.21318E-030  4.19310E-025  2.03562E-011  3.44769E-015  2.51277E-012  5.42893E-016  2.69178E-007  6.77023E-011  1.69776E-007  1.50156E-011  1.39899E-014  7.37722E-020  2.55330E-011  3.47376E-010  7.85085E-013  6.01439E-031  8.57145E-036  1.00000E-040  5.47343E-031  4.65621E-016  8.19423E-023  7.27543E-023  3.25991E-018  2.26322E-024  7.33546E-026  1.00000E-040  2.11473E-039  1.00000E-040  1.00000E-040  6.21092E-029  1.00000E-040  2.29716E-040  1.01440E-025  3.79014E-017  1.03142E-035  6.41792E-038  2.51728E-021  4.97015E-017  5.89849E-019  5.77938E-014  1.00416E-026  3.67445E-011  1.00000E-040  1.18290E-015  1.00000E-040  1.32992E-024  1.05998E-031  4.50870E-023  1.07731E-025  2.48056E-013  4.43967E-024  8.62843E-021  4.11080E-016  1.88608E-014  1.00000E-040  1.00000E-040  1.86629E-025  1.00000E-040  3.46754E-023  3.37195E-011  7.77215E-039  1.00000E-003  1.00000E-005  1.00000E-005  1.00000E-005  1.00000E-005  1.00000E-005  1.00000E-005  1.00000E-005  1.00000E-005  1.00000E-005  1.00000E-005  1.00000E-005  1.00000E-005  1.00000E-005  1.00000E-005  1.00000E-005  
1.45000E+001  1.41130E-001  4.89727E+018  2.08729E+002  5.42540E+003  1.83996E-007  1.00000E-040  1.00000E-040  5.36992E-010  1.00000E-040  1.00000E-040  1.00000E-040  1.00000E-040  1.00000E-040  1.00000E-040  1.00000E-040  1.00000E-040  1.00000E-040  1.00000E-040  4.87590E-023  1.00000E-040  1.00000E-040  2.98079E-021  4.95241E-007  1.70079E-005  1.24101E-013  8.48170E-015  2.12055E-001  1.59575E-008  2.83143E-004  1.96681E-023  4.63877E-012  1.00000E-040  1.00000E-040  1.24167E-033  1.63195E-020  7.77482E-007  1.14834E-028  1.86306E-027  6.00526E-038  6.67182E-037  1.00000E-040  3.52394E-016  1.99051E-020  7.24306E-019  7.10687E-013  1.00000E-040  1.00000E-040  3.20462E-010  6.36746E-038  4.87625E-011  3.80538E-029  7.87643E-001  1.14949E-023  1.82154E-015  2.99980E-010  1.00000E-040  1.00000E-040  3.58551E-030  6.51324E-025  3.72598E-011  2.04155E-015  1.93120E-012  4.54948E-016  2.66514E-007  2.97332E-011  2.84373E-007  3.48527E-011  2.06356E-014  4.26408E-020  4.32298E-011  7.08657E-010  4.77374E-013  8.03197E-031  8.87756E-036  1.00000E-040  7.90697E-031  7.44804E-017  8.19410E-023  1.39582E-022  3.05220E-018  1.60101E-024  1.22650E-025  1.00000E-040  5.41257E-040  1.00000E-040  1.00000E-040  1.03788E-028  1.00000E-040  3.98089E-040  1.61948E-025  1.89192E-017  1.23479E-035  1.00000E-040  2.44454E-021  6.57285E-017  6.48836E-019  9.34985E-014  5.94021E-027  2.59313E-011  1.00000E-040  1.75861E-015  1.00000E-040  8.98691E-025  1.01265E-031  4.50866E-023  1.49528E-025  1.37049E-013  2.07049E-024  1.73579E-020  5.63016E-017  1.88321E-014  1.00000E-040  1.00000E-040  1.65066E-025  1.00000E-040  5.51011E-024  3.26105E-011  8.46645E-039  1.00000E-003  1.00000E-005  1.00000E-005  1.00000E-005  1.00000E-005  1.00000E-005  1.00000E-005  1.00000E-005  1.00000E-005  1.00000E-005  1.00000E-005  1.00000E-005  1.00000E-005  1.00000E-005  1.00000E-005  1.00000E-005  
1.55000E+001  1.19820E-001  4.20075E+018  2.06595E+002  4.40851E+003  7.37614E-008  1.00000E-040  1.00000E-040  4.71257E-010  1.00000E-040  1.00000E-040  1.00000E-040  1.00000E-040  1.00000E-040  1.00000E-040  1.00000E-040  1.00000E-040  1.00000E-040  1.00000E-040  4.69666E-023  1.00000E-040  1.00000E-040  3.21943E-021  4.91832E-007  1.46996E-005  1.49755E-013  1.78786E-014  2.12055E-001  1.20497E-008  2.83155E-004  2.20421E-023  4.34856E-012  1.00000E-040  1.00000E-040  1.81335E-033  2.03961E-020  7.64215E-007  4.85842E-028  7.17757E-028  3.23387E-037  4.45976E-036  1.00000E-040  5.37608E-017  1.39703E-020  8.16007E-019  2.89945E-013  1.00000E-040  1.00000E-040  3.10858E-010  5.56662E-038  4.83451E-011  6.95943E-029  7.87645E-001  1.24026E-023  1.07521E-015  2.51768E-010  1.00000E-040  1.00000E-040  4.41751E-030  9.15719E-025  5.78996E-011  1.33965E-015  1.86578E-012  3.99610E-016  2.62619E-007  2.18337E-011  4.48107E-007  6.69732E-011  3.15990E-014  2.34717E-020  6.09559E-011  1.25614E-009  2.62657E-013  9.10515E-031  9.55980E-036  1.00000E-040  1.11779E-030  1.87451E-017  8.19387E-023  2.49511E-022  3.45184E-018  1.09890E-024  1.98111E-025  1.00000E-040  1.00000E-040  1.00000E-040  1.00000E-040  1.63460E-028  1.00000E-040  6.60865E-040  2.29774E-025  1.17281E-017  1.72815E-035  5.33907E-037  2.24433E-021  9.02457E-017  7.59031E-019  1.32084E-013  3.32052E-027  1.70308E-011  1.00000E-040  2.50647E-015  1.00000E-040  5.86894E-025  1.03176E-031  4.50858E-023  1.79898E-025  9.63928E-014  1.01543E-024  3.31833E-020  1.26604E-017  1.87901E-014  1.00000E-040  1.00000E-040  1.69235E-025  1.00000E-040  5.63228E-025  3.11815E-011  9.65794E-039  1.00000E-003  1.00000E-005  1.00000E-005  1.00000E-005  1.00000E-005  1.00000E-005  1.00000E-005  1.00000E-005  1.00000E-005  1.00000E-005  1.00000E-005  1.00000E-005  1.00000E-005  1.00000E-005  1.00000E-005  1.00000E-005  
1.65000E+001  1.01596E-001  3.58240E+018  2.05409E+002  3.94335E+003  9.79891E-009  1.00000E-040  1.00000E-040  4.48106E-010  1.00000E-040  1.00000E-040  1.00000E-040  1.00000E-040  1.00000E-040  1.00000E-040  1.00000E-040  1.00000E-040  1.00000E-040  1.00000E-040  4.65506E-023  1.00000E-040  1.00000E-040  3.76430E-021  4.86988E-007  1.43701E-005  1.95064E-013  3.65275E-014  2.12053E-001  8.88605E-009  2.83168E-004  2.79539E-023  4.50485E-012  1.00000E-040  1.00000E-040  3.30792E-033  2.90878E-020  7.46704E-007  1.85169E-027  3.73200E-028  1.00000E-040  1.00000E-040  1.00000E-040  6.88131E-018  1.13634E-020  9.33198E-019  1.47705E-013  1.00000E-040  1.00000E-040  2.97870E-010  6.01176E-038  4.78464E-011  1.42188E-028  7.87647E-001  1.45602E-023  7.54699E-016  2.02517E-010  1.00000E-040  1.00000E-040  5.71316E-030  1.23184E-024  7.99904E-011  1.05885E-015  2.26126E-012  3.79684E-016  2.57279E-007  2.60935E-011  6.69353E-007  1.12040E-010  5.08343E-014  1.55283E-020  7.51990E-011  2.02648E-009  1.56565E-013  9.25041E-031  1.09046E-035  1.00000E-040  1.58834E-030  6.56529E-018  8.19353E-023  4.25986E-022  4.66794E-018  8.78565E-025  3.25310E-025  1.00000E-040  1.00000E-040  1.00000E-040  1.00000E-040  2.44659E-028  1.00000E-040  1.14421E-039  3.10507E-025  8.93011E-018  3.07760E-035  7.93032E-037  1.92877E-021  1.23563E-016  9.69709E-019  1.62384E-013  1.89977E-027  1.03394E-011  1.00000E-040  3.29162E-015  1.00000E-040  4.46030E-025  1.08971E-031  4.50845E-023  2.01987E-025  8.57347E-014  6.59574E-025  6.10333E-020  4.09756E-018  1.87324E-014  1.00000E-040  1.00000E-040  2.18501E-025  1.00000E-040  9.63304E-026  2.94332E-011  1.12103E-038  1.00000E-003  1.00000E-005  1.00000E-005  1.00000E-005  1.00000E-005  1.00000E-005  1.00000E-005  1.00000E-005  1.00000E-005  1.00000E-005  1.00000E-005  1.00000E-005  1.00000E-005  1.00000E-005  1.00000E-005  1.00000E-005  
1.75000E+001  8.61123E-002  3.03241E+018  2.05681E+002  3.89374E+003  1.00000E-040  1.00000E-040  1.00000E-040  4.41425E-010  1.00000E-040  1.00000E-040  1.00000E-040  1.00000E-040  1.00000E-040  1.00000E-040  1.00000E-040  1.00000E-040  1.00000E-040  1.00000E-040  4.68374E-023  1.00000E-040  1.00000E-040  4.73590E-021  4.80745E-007  1.44167E-005  2.59049E-013  7.27685E-014  2.12051E-001  6.67951E-009  2.83182E-004  3.83012E-023  4.97960E-012  1.00000E-040  1.00000E-040  6.98413E-033  4.60512E-020  7.25551E-007  6.36956E-027  4.36579E-028  7.93264E-038  1.48656E-036  1.00000E-040  9.90104E-019  1.01948E-020  1.06537E-018  1.16986E-013  1.00000E-040  1.00000E-040  2.81817E-010  8.22096E-038  4.72990E-011  2.92245E-028  7.87649E-001  1.78010E-023  5.73059E-016  1.56703E-010  1.00000E-040  1.00000E-040  7.60505E-030  1.60843E-024  1.04270E-010  9.02433E-016  3.05619E-012  3.77473E-016  2.50599E-007  3.83207E-011  9.44409E-007  1.74120E-010  8.24087E-014  1.90566E-020  8.50592E-011  2.99208E-009  1.24358E-013  8.73431E-031  1.23423E-035  1.00000E-040  2.11995E-030  2.69790E-018  8.19311E-023  6.97922E-022  7.17414E-018  8.94679E-025  5.33858E-025  1.00000E-040  1.00000E-040  1.00000E-040  1.00000E-040  3.47143E-028  1.00000E-040  1.98941E-039  4.04945E-025  7.53936E-018  6.53385E-035  1.20557E-036  1.44130E-021  1.51376E-016  1.28498E-018  1.82871E-013  1.21473E-027  5.93056E-012  1.00000E-040  3.49645E-015  1.00000E-040  4.24545E-025  1.16554E-031  4.50829E-023  2.13300E-025  8.78091E-014  6.60643E-025  1.08161E-019  1.54594E-018  1.86602E-014  1.00000E-040  1.00000E-040  3.32310E-025  1.00000E-040  4.79135E-026  2.74739E-011  1.26619E-038  1.00000E-003  1.00000E-005  1.00000E-005  1.00000E-005  1.00000E-005  1.00000E-005  1.00000E-005  1.00000E-005  1.00000E-005  1.00000E-005  1.00000E-005  1.00000E-005  1.00000E-005  1.00000E-005  1.00000E-005  1.00000E-005  
1.85000E+001  7.30461E-002  2.55136E+018  2.07368E+002  3.93732E+003  1.00000E-040  1.00000E-040  1.00000E-040  4.40757E-010  1.00000E-040  1.00000E-040  1.00000E-040  1.00000E-040  1.00000E-040  1.00000E-040  1.00000E-040  1.00000E-040  1.00000E-040  1.00000E-040  4.75127E-023  1.00000E-040  1.00000E-040  6.48770E-021  4.73160E-007  1.44705E-005  3.42802E-013  1.42287E-013  2.12049E-001  5.32146E-009  2.83196E-004  5.49683E-023  5.73321E-012  1.00000E-040  1.00000E-040  1.61907E-032  7.86253E-020  7.01353E-007  1.98587E-026  6.64834E-028  1.00000E-040  1.00000E-040  1.00000E-040  3.62955E-019  9.72970E-021  1.25612E-018  1.32364E-013  1.00000E-040  1.00000E-040  2.63037E-010  1.38088E-037  4.67281E-011  6.21409E-028  7.87651E-001  2.22173E-023  4.49945E-016  1.16586E-010  1.00000E-040  1.00000E-040  1.03438E-029  2.05845E-024  1.32309E-010  7.78676E-016  4.31466E-012  3.84326E-016  2.42693E-007  5.94649E-011  1.27075E-006  2.61237E-010  1.33972E-013  4.05154E-020  9.12595E-011  4.11352E-009  1.38291E-013  7.86908E-031  1.35709E-035  1.82635E-037  2.62894E-030  1.19002E-018  8.19260E-023  1.11491E-021  1.19002E-017  1.07628E-024  8.78938E-025  1.00000E-040  1.00000E-040  1.00000E-040  1.00000E-040  4.71326E-028  1.00000E-040  3.42749E-039  5.14937E-025  6.66918E-018  1.56707E-034  2.78216E-036  9.35891E-022  1.62711E-016  1.72176E-018  1.93701E-013  9.02698E-028  3.27359E-012  1.00000E-040  2.97565E-015  1.00000E-040  4.64478E-025  1.24502E-031  4.50810E-023  2.12706E-025  9.76620E-014  9.14665E-025  1.86441E-019  6.08961E-019  1.85745E-014  1.00000E-040  1.00000E-040  5.65316E-025  1.00000E-040  3.52183E-026  2.53946E-011  1.43889E-038  1.00000E-003  1.00000E-005  1.00000E-005  1.00000E-005  1.00000E-005  1.00000E-005  1.00000E-005  1.00000E-005  1.00000E-005  1.00000E-005  1.00000E-005  1.00000E-005  1.00000E-005  1.00000E-005  1.00000E-005  1.00000E-005  
1.95000E+001  6.20610E-002  2.14451E+018  2.09608E+002  4.20491E+003  1.00000E-040  1.00000E-040  1.00000E-040  4.40840E-010  1.00000E-040  1.00000E-040  1.00000E-040  1.00000E-040  1.00000E-040  1.00000E-040  1.00000E-040  1.00000E-040  1.00000E-040  1.00000E-040  4.82954E-023  1.00000E-040  1.00000E-040  9.57678E-021  4.64300E-007  1.45301E-005  4.50717E-013  2.70529E-013  2.12046E-001  4.57522E-009  2.83210E-004  7.95858E-023  6.65309E-012  1.00000E-040  1.00000E-040  3.82716E-032  1.36698E-019  6.74678E-007  5.63087E-026  9.90152E-028  3.68746E-037  3.64101E-036  1.00000E-040  3.13693E-019  9.54763E-021  1.58910E-018  1.79199E-013  1.00000E-040  1.00000E-040  2.41872E-010  2.48641E-037  4.61525E-011  1.50392E-027  7.87654E-001  2.78252E-023  3.58507E-016  8.29213E-011  1.00000E-040  1.00000E-040  1.41321E-029  2.59507E-024  1.65967E-010  6.72873E-016  6.07329E-012  3.88574E-016  2.33676E-007  9.07332E-011  1.64764E-006  3.79306E-010  2.12322E-013  1.09072E-019  9.56463E-011  5.34999E-009  1.83069E-013  6.87216E-031  1.47563E-035  6.36039E-034  3.10244E-030  5.39928E-019  8.19202E-023  1.75865E-021  2.03028E-017  1.39986E-024  1.44975E-024  1.00000E-040  1.00000E-040  1.00000E-040  1.00000E-040  6.17763E-028  1.00000E-040  5.81233E-039  6.43974E-025  6.02010E-018  3.87205E-034  6.41662E-036  5.66492E-022  1.64340E-016  2.29712E-018  1.95704E-013  7.43563E-028  1.75629E-012  1.00000E-040  2.31277E-015  1.00000E-040  5.35667E-025  1.31548E-031  4.50788E-023  2.04345E-025  1.11095E-013  1.48029E-024  3.13905E-019  2.40566E-019  1.84765E-014  1.00000E-040  1.00000E-040  9.88920E-025  1.00000E-040  3.00847E-026  2.32679E-011  1.63756E-038  1.00000E-003  1.00000E-005  1.00000E-005  1.00000E-005  1.00000E-005  1.00000E-005  1.00000E-005  1.00000E-005  1.00000E-005  1.00000E-005  1.00000E-005  1.00000E-005  1.00000E-005  1.00000E-005  1.00000E-005  1.00000E-005  
2.05000E+001  5.28205E-002  1.80682E+018  2.11741E+002  4.72335E+003  1.00000E-040  1.00000E-040  1.00000E-040  4.38737E-010  1.00000E-040  1.00000E-040  1.00000E-040  1.00000E-040  1.00000E-040  1.00000E-040  1.00000E-040  1.00000E-040  1.00000E-040  1.00000E-040  4.90239E-023  1.00000E-040  1.00000E-040  1.48565E-020  4.54522E-007  1.45928E-005  5.90388E-013  4.94642E-013  2.12043E-001  4.22682E-009  2.83223E-004  1.13910E-022  7.63766E-012  1.00000E-040  1.00000E-040  8.83786E-032  2.33574E-019  6.46842E-007  1.46599E-025  1.38532E-027  2.04024E-037  2.94198E-036  1.00000E-040  3.17807E-019  9.51188E-021  2.18952E-018  2.62582E-013  1.00000E-040  1.00000E-040  2.19328E-010  4.36597E-037  4.56006E-011  4.29120E-027  7.87656E-001  3.49813E-023  2.93033E-016  5.63614E-011  1.00000E-040  1.00000E-040  1.90569E-029  3.22970E-024  2.07170E-010  5.91597E-016  8.29822E-012  3.87392E-016  2.23940E-007  1.31142E-010  2.06441E-006  5.28842E-010  3.17535E-013  3.06584E-019  9.96868E-011  6.62393E-009  2.57794E-013  5.87003E-031  1.59369E-035  1.00000E-040  3.54641E-030  2.56206E-019  8.19140E-023  2.73201E-021  3.43737E-017  1.89153E-024  2.36735E-024  1.00000E-040  1.00000E-040  1.00000E-040  1.00000E-040  7.83224E-028  1.00000E-040  9.68310E-039  7.95951E-025  5.53158E-018  9.31867E-034  1.42410E-035  3.42487E-022  1.65078E-016  3.03671E-018  1.91107E-013  6.45966E-028  9.34648E-013  1.00000E-040  1.83245E-015  1.00343E-040  6.31937E-025  1.37371E-031  4.50765E-023  1.93839E-025  1.25091E-013  2.56717E-024  5.15466E-019  9.79727E-020  1.83702E-014  1.00000E-040  1.00000E-040  1.69146E-024  1.00000E-040  2.76408E-026  2.12072E-011  1.85508E-038  1.00000E-003  1.00000E-005  1.00000E-005  1.00000E-005  1.00000E-005  1.00000E-005  1.00000E-005  1.00000E-005  1.00000E-005  1.00000E-005  1.00000E-005  1.00000E-005  1.00000E-005  1.00000E-005  1.00000E-005  1.00000E-005  
2.15000E+001  4.50266E-002  1.52695E+018  2.13581E+002  5.25999E+003  1.00000E-040  1.00000E-040  1.00000E-040  4.32888E-010  1.00000E-040  1.00000E-040  1.00000E-040  1.00000E-040  1.00000E-040  1.00000E-040  1.00000E-040  1.00000E-040  1.00000E-040  1.00000E-040  4.96571E-023  1.00000E-040  1.00000E-040  2.37013E-020  4.44018E-007  1.46570E-005  7.73992E-013  8.73636E-013  2.12039E-001  4.10719E-009  2.83237E-004  1.61210E-022  8.66581E-012  1.00000E-040  1.00000E-040  1.98915E-031  3.90528E-019  6.18511E-007  3.54108E-025  1.81436E-027  4.35016E-038  6.40009E-037  1.00000E-040  3.20309E-019  9.56188E-021  3.25611E-018  3.97746E-013  1.00000E-040  1.00000E-040  1.95990E-010  7.32792E-037  4.50818E-011  1.35968E-026  7.87659E-001  4.40464E-023  2.46158E-016  3.62547E-011  1.00000E-040  1.00000E-040  2.54267E-029  4.00519E-024  2.58201E-010  5.31171E-016  1.10043E-011  3.82921E-016  2.13692E-007  1.79829E-010  2.51834E-006  7.12363E-010  4.47779E-013  8.43695E-019  1.04075E-010  7.88761E-009  3.77514E-013  4.96020E-031  1.74342E-035  1.00000E-040  3.98748E-030  1.27109E-019  8.19074E-023  4.19825E-021  5.74606E-017  2.62770E-024  3.83363E-024  1.00000E-040  1.00000E-040  1.00000E-040  1.00000E-040  9.67901E-028  1.00000E-040  1.60392E-038  9.82308E-025  5.16524E-018  2.17201E-033  2.87502E-035  2.11670E-022  1.67823E-016  3.99096E-018  1.82763E-013  5.75317E-028  4.96936E-013  1.00000E-040  1.53133E-015  1.65368E-040  7.60437E-025  1.43375E-031  4.50740E-023  1.85211E-025  1.38647E-013  4.59319E-024  8.31080E-019  4.14570E-020  1.82576E-014  1.00000E-040  1.00000E-040  2.81692E-024  1.00000E-040  2.62430E-026  1.92564E-011  2.14312E-038  1.00000E-003  1.00000E-005  1.00000E-005  1.00000E-005  1.00000E-005  1.00000E-005  1.00000E-005  1.00000E-005  1.00000E-005  1.00000E-005  1.00000E-005  1.00000E-005  1.00000E-005  1.00000E-005  1.00000E-005  1.00000E-005  
2.25000E+001  3.84357E-002  1.29317E+018  2.15277E+002  5.99062E+003  1.00000E-040  1.00000E-040  1.00000E-040  4.22526E-010  1.00000E-040  1.00000E-040  1.00000E-040  1.00000E-040  1.00000E-040  1.00000E-040  1.00000E-040  1.00000E-040  1.00000E-040  1.00000E-040  5.02279E-023  1.00000E-040  1.00000E-040  3.85529E-020  4.32881E-007  1.47221E-005  1.01909E-012  1.50567E-012  2.12036E-001  4.11556E-009  2.83249E-004  2.27824E-022  9.79273E-012  1.00000E-040  1.00000E-040  4.44503E-031  6.47091E-019  5.89977E-007  8.01708E-025  2.23214E-027  5.89139E-038  7.90541E-037  1.00000E-040  3.16860E-019  9.69479E-021  5.13357E-018  6.06643E-013  1.00000E-040  1.00000E-040  1.72234E-010  1.20674E-036  4.45961E-011  4.38717E-026  7.87662E-001  5.47585E-023  2.07722E-016  2.17011E-011  1.00000E-040  1.00000E-040  3.39410E-029  4.99100E-024  3.22395E-010  4.78830E-016  1.42826E-011  3.78292E-016  2.03032E-007  2.36351E-010  3.00970E-006  9.39252E-010  6.05449E-013  2.27232E-018  1.09052E-010  9.10422E-009  5.60355E-013  4.16430E-031  1.92649E-035  1.00000E-040  4.44091E-030  6.28332E-020  8.19006E-023  6.41049E-021  9.55439E-017  3.74791E-024  6.19661E-024  1.00000E-040  1.00000E-040  1.00000E-040  1.00000E-040  1.17388E-027  1.00000E-040  2.67753E-038  1.22012E-024  4.88753E-018  5.01000E-033  5.70358E-035  1.32792E-022  1.70931E-016  5.24326E-018  1.72566E-013  5.24593E-028  2.64001E-013  6.68656E-036  1.32343E-015  2.74779E-040  9.35941E-025  1.51480E-031  4.50715E-023  1.79880E-025  1.52286E-013  8.26771E-024  1.32569E-018  1.74263E-020  1.81395E-014  1.00000E-040  1.00000E-040  4.66005E-024  1.00000E-040  2.55954E-026  1.74256E-011  2.45588E-038  1.00000E-003  1.00000E-005  1.00000E-005  1.00000E-005  1.00000E-005  1.00000E-005  1.00000E-005  1.00000E-005  1.00000E-005  1.00000E-005  1.00000E-005  1.00000E-005  1.00000E-005  1.00000E-005  1.00000E-005  1.00000E-005  
2.35000E+001  3.28519E-002  1.09678E+018  2.16949E+002  6.81524E+003  1.00000E-040  1.00000E-040  1.00000E-040  4.06262E-010  1.00000E-040  1.00000E-040  1.00000E-040  1.00000E-040  1.00000E-040  1.00000E-040  1.00000E-040  1.00000E-040  1.00000E-040  1.00000E-040  5.07638E-023  1.00000E-040  1.00000E-040  6.37108E-020  4.21257E-007  1.47873E-005  1.35139E-012  2.54584E-012  2.12032E-001  4.19469E-009  2.83261E-004  3.23811E-022  1.10795E-011  1.00000E-040  1.00000E-040  1.00000E-030  1.07253E-018  5.61629E-007  1.71715E-024  2.59570E-027  1.00000E-040  1.00000E-040  1.00000E-040  3.07376E-019  9.93997E-021  8.45831E-018  9.09811E-013  1.00000E-040  1.00000E-040  1.48612E-010  1.98931E-036  4.41447E-011  1.37002E-025  7.87665E-001  6.58998E-023  1.68929E-016  1.18981E-011  1.00000E-040  1.00000E-040  4.57000E-029  6.27997E-024  4.05381E-010  4.22250E-016  1.81872E-011  3.75369E-016  1.92120E-007  2.97803E-010  3.53196E-006  1.22439E-009  7.92243E-013  5.96570E-018  1.15087E-010  1.02234E-008  8.48441E-013  3.48768E-031  2.15245E-035  1.00000E-040  4.91463E-030  2.84348E-020  8.18934E-023  9.72920E-021  1.58569E-016  5.46791E-024  1.00158E-023  1.00000E-040  1.00000E-040  1.00000E-040  1.00000E-040  1.40129E-027  1.00000E-040  4.54393E-038  1.53169E-024  4.67524E-018  1.16232E-032  1.10457E-034  8.43342E-023  1.73245E-016  6.91271E-018  1.61677E-013  4.91244E-028  1.40495E-013  1.04721E-035  1.16401E-015  4.63701E-040  1.17934E-024  1.63739E-031  4.50688E-023  1.78701E-025  1.66120E-013  1.46331E-023  2.09904E-018  6.71362E-021  1.80171E-014  1.00000E-040  1.00000E-040  7.77354E-024  1.00000E-040  2.56824E-026  1.57272E-011  2.80151E-038  1.00000E-003  1.00000E-005  1.00000E-005  1.00000E-005  1.00000E-005  1.00000E-005  1.00000E-005  1.00000E-005  1.00000E-005  1.00000E-005  1.00000E-005  1.00000E-005  1.00000E-005  1.00000E-005  1.00000E-005  1.00000E-005  
2.45000E+001  2.81150E-002  9.31313E+017  2.18655E+002  7.73991E+003  1.00000E-040  1.00000E-040  1.00000E-040  3.82531E-010  1.00000E-040  1.00000E-040  1.00000E-040  1.00000E-040  1.00000E-040  1.00000E-040  1.00000E-040  1.00000E-040  1.00000E-040  1.00000E-040  5.12796E-023  1.00000E-040  1.00000E-040  1.06829E-019  4.09168E-007  1.48525E-005  1.80969E-012  4.23782E-012  2.12029E-001  4.31075E-009  2.83272E-004  4.64740E-022  1.25777E-011  1.00000E-040  1.00000E-040  2.28335E-030  1.78648E-018  5.33506E-007  3.50038E-024  2.85754E-027  2.24522E-037  2.62913E-036  1.00000E-040  2.91398E-019  1.03101E-020  1.43760E-017  1.31860E-012  1.00000E-040  1.00000E-040  1.25483E-010  3.31755E-036  4.37232E-011  4.05955E-025  7.87668E-001  7.55189E-023  1.25377E-016  5.85296E-012  1.00000E-040  1.00000E-040  6.26313E-029  8.03568E-024  5.16329E-010  3.55625E-016  2.27183E-011  3.75396E-016  1.81003E-007  3.58682E-010  4.07687E-006  1.59156E-009  1.00843E-012  1.51622E-017  1.22943E-010  1.12005E-008  1.32134E-012  2.91886E-031  2.43703E-035  1.00000E-040  5.42507E-030  1.05555E-020  8.18861E-023  1.47298E-020  2.63492E-016  8.15272E-024  1.62549E-023  1.00000E-040  1.00000E-040  1.00000E-040  1.00000E-040  1.65024E-027  1.00000E-040  7.92244E-038  1.95608E-024  4.50163E-018  2.73728E-032  2.10652E-034  5.39734E-023  1.74312E-016  9.16510E-018  1.50778E-013  4.73056E-028  7.46330E-014  1.00000E-040  1.03519E-015  8.02511E-040  1.52730E-024  1.83111E-031  4.50661E-023  1.83199E-025  1.79605E-013  2.50741E-023  3.30599E-018  2.13405E-021  1.78902E-014  1.00000E-040  1.00000E-040  1.31890E-023  1.00000E-040  2.64950E-026  1.41513E-011  3.20107E-038  1.00000E-003  1.00000E-005  1.00000E-005  1.00000E-005  1.00000E-005  1.00000E-005  1.00000E-005  1.00000E-005  1.00000E-005  1.00000E-005  1.00000E-005  1.00000E-005  1.00000E-005  1.00000E-005  1.00000E-005  1.00000E-005  
2.55000E+001  2.40923E-002  7.91547E+017  2.20454E+002  8.74643E+003  1.00000E-040  1.00000E-040  1.00000E-040  3.49524E-010  1.00000E-040  1.00000E-040  1.00000E-040  1.00000E-040  1.00000E-040  1.00000E-040  1.00000E-040  1.00000E-040  1.00000E-040  1.00000E-040  5.17905E-023  1.00000E-040  1.00000E-040  1.81811E-019  3.96612E-007  1.49177E-005  2.45199E-012  6.95583E-012  2.12025E-001  4.44207E-009  2.83283E-004  6.75150E-022  1.43364E-011  1.00000E-040  1.00000E-040  5.32291E-030  2.99995E-018  5.05598E-007  6.81189E-024  2.97552E-027  3.50949E-038  3.93729E-037  1.00000E-040  2.69271E-019  1.08313E-020  2.48325E-017  1.82312E-012  1.00000E-040  1.00000E-040  1.03259E-010  5.65029E-036  4.33270E-011  1.13282E-024  7.87671E-001  8.23402E-023  8.09547E-017  2.53205E-012  1.00000E-040  1.00000E-040  8.80013E-029  1.05303E-023  6.68756E-010  2.87751E-016  2.78201E-011  3.79618E-016  1.69725E-007  4.11268E-010  4.62743E-006  2.07247E-009  1.25155E-012  3.71708E-017  1.33372E-010  1.19808E-008  2.13328E-012  2.44387E-031  2.80066E-035  1.00000E-040  5.98145E-030  2.92105E-021  8.18785E-023  2.23130E-020  4.38480E-016  1.24162E-023  2.65748E-023  1.00000E-040  1.00000E-040  1.00000E-040  1.00000E-040  1.91825E-027  1.00000E-040  1.43255E-037  2.55698E-024  4.35508E-018  6.58910E-032  3.98435E-034  3.45994E-023  1.73799E-016  1.22296E-017  1.40189E-013  4.70278E-028  3.93970E-014  1.00000E-040  9.25234E-016  1.43468E-039  2.04124E-024  2.13858E-031  4.50632E-023  1.95509E-025  1.92232E-013  4.11090E-023  5.17997E-018  5.10947E-022  1.77585E-014  1.00000E-040  1.00000E-040  2.29038E-023  1.00000E-040  2.81703E-026  1.26870E-011  3.69165E-038  1.00000E-003  1.00000E-005  1.00000E-005  1.00000E-005  1.00000E-005  1.00000E-005  1.00000E-005  1.00000E-005  1.00000E-005  1.00000E-005  1.00000E-005  1.00000E-005  1.00000E-005  1.00000E-005  1.00000E-005  1.00000E-005  
2.65000E+001  2.06724E-002  6.73581E+017  2.22289E+002  9.76505E+003  1.00000E-040  1.00000E-040  1.00000E-040  3.05802E-010  1.00000E-040  1.00000E-040  1.00000E-040  1.00000E-040  1.00000E-040  1.00000E-040  1.00000E-040  1.00000E-040  1.00000E-040  1.00000E-040  5.22877E-023  1.00000E-040  1.00000E-040  3.13368E-019  3.83525E-007  1.49833E-005  3.36367E-012  1.12430E-011  2.12021E-001  4.57179E-009  2.83292E-004  9.90128E-022  1.63453E-011  1.00000E-040  1.00000E-040  1.26142E-029  5.05768E-018  4.77778E-007  1.26290E-023  2.90576E-027  1.53890E-038  1.83216E-037  1.00000E-040  2.41575E-019  1.15085E-020  4.28326E-017  2.38306E-012  1.00000E-040  1.00000E-040  8.23312E-011  9.75645E-036  4.29508E-011  2.98353E-024  7.87674E-001  8.72214E-023  4.37760E-017  9.43417E-013  1.00000E-040  1.00000E-040  1.27438E-028  1.42312E-023  8.81578E-010  2.35846E-016  3.33177E-011  3.88051E-016  1.58293E-007  4.46959E-010  5.15968E-006  2.69864E-009  1.50625E-012  8.65653E-017  1.47196E-010  1.25106E-008  3.53810E-012  2.04784E-031  3.27570E-035  1.00000E-040  6.59781E-030  5.60067E-022  8.18705E-023  3.39556E-020  7.29518E-016  1.93005E-023  4.38399E-023  1.00000E-040  1.00000E-040  1.00000E-040  1.00000E-040  2.20055E-027  1.21705E-040  2.70574E-037  3.44205E-024  4.23138E-018  1.61254E-031  7.48997E-034  2.21396E-023  1.72727E-016  1.63964E-017  1.30147E-013  4.81006E-028  2.05067E-014  9.74843E-036  8.38072E-016  2.66854E-039  2.82698E-024  2.62930E-031  4.50603E-023  2.19400E-025  2.02948E-013  6.40538E-023  8.06212E-018  8.61225E-023  1.76206E-014  1.00000E-040  1.00000E-040  4.05165E-023  1.00000E-040  3.06689E-026  1.13196E-011  4.33787E-038  1.00000E-003  1.00000E-005  1.00000E-005  1.00000E-005  1.00000E-005  1.00000E-005  1.00000E-005  1.00000E-005  1.00000E-005  1.00000E-005  1.00000E-005  1.00000E-005  1.00000E-005  1.00000E-005  1.00000E-005  1.00000E-005  
2.75000E+001  1.77612E-002  5.74020E+017  2.24110E+002  1.09262E+004  1.00000E-040  1.00000E-040  1.00000E-040  2.50554E-010  1.00000E-040  1.00000E-040  1.00000E-040  1.00000E-040  1.00000E-040  1.00000E-040  1.00000E-040  1.00000E-040  1.00000E-040  1.00000E-040  5.27641E-023  1.00000E-040  1.00000E-040  5.45646E-019  3.69896E-007  1.50493E-005  4.66500E-012  1.78625E-011  2.12017E-001  4.68636E-009  2.83301E-004  1.45923E-021  1.85531E-011  1.00000E-040  1.00000E-040  3.01684E-029  8.51686E-018  4.50043E-007  2.21843E-023  2.63135E-027  1.00000E-040  1.00000E-040  1.00000E-040  2.10662E-019  1.23661E-020  7.23293E-017  2.92720E-012  1.00000E-040  1.00000E-040  6.32308E-011  1.69435E-035  4.25914E-011  7.42632E-024  7.87678E-001  9.33549E-023  1.94071E-017  2.98249E-013  1.00000E-040  1.00000E-040  1.90548E-028  1.99015E-023  1.17866E-009  2.12580E-016  3.89818E-011  4.00235E-016  1.46784E-007  4.59647E-010  5.64072E-006  3.49018E-009  1.74661E-012  1.89067E-016  1.64857E-010  1.27367E-008  5.92025E-012  1.71908E-031  3.90147E-035  1.00000E-040  7.27044E-030  7.16931E-023  8.18622E-023  5.20069E-020  1.20957E-015  3.05427E-023  7.28984E-023  1.00000E-040  1.00000E-040  1.00000E-040  1.00000E-040  2.48899E-027  3.66851E-040  5.34524E-037  4.78204E-024  4.14007E-018  3.97968E-031  1.40293E-033  1.40752E-023  1.71954E-016  2.20203E-017  1.20730E-013  5.05101E-028  1.04602E-014  1.00000E-040  7.73350E-016  5.17124E-039  4.05783E-024  3.41209E-031  4.50572E-023  2.60103E-025  2.11277E-013  9.42999E-023  1.24320E-017  9.88281E-024  1.74759E-014  1.00000E-040  1.00000E-040  7.24555E-023  1.00000E-040  3.40165E-026  1.00434E-011  5.24239E-038  1.00000E-003  1.00000E-005  1.00000E-005  1.00000E-005  1.00000E-005  1.00000E-005  1.00000E-005  1.00000E-005  1.00000E-005  1.00000E-005  1.00000E-005  1.00000E-005  1.00000E-005  1.00000E-005  1.00000E-005  1.00000E-005  
2.85000E+001  1.52794E-002  4.89877E+017  2.25910E+002  1.22719E+004  1.00000E-040  1.00000E-040  1.00000E-040  1.82493E-010  1.00000E-040  1.00000E-040  1.00000E-040  1.00000E-040  1.00000E-040  1.00000E-040  1.00000E-040  1.00000E-040  1.00000E-040  1.00000E-040  5.32209E-023  1.00000E-040  1.00000E-040  9.58327E-019  3.55837E-007  1.51151E-005  6.51797E-012  2.78670E-011  2.12013E-001  4.77601E-009  2.83308E-004  2.15052E-021  2.08810E-011  1.00000E-040  1.00000E-040  7.22778E-029  1.42701E-017  4.22635E-007  3.66744E-023  2.18807E-027  1.00000E-040  1.00000E-040  1.00000E-040  1.80302E-019  1.34889E-020  1.17345E-016  3.36658E-012  1.00000E-040  1.00000E-040  4.65993E-011  2.94704E-035  4.22494E-011  1.74386E-023  7.87681E-001  1.04241E-022  7.06604E-018  8.00464E-014  1.00000E-040  1.00000E-040  2.93338E-028  2.87327E-023  1.58628E-009  2.18063E-016  4.46208E-011  4.15264E-016  1.35388E-007  4.48633E-010  6.03380E-006  4.43920E-009  1.94382E-012  3.84576E-016  1.86033E-010  1.26214E-008  9.89582E-012  1.44909E-031  4.72117E-035  1.00000E-040  7.96940E-030  6.18629E-024  8.18536E-023  8.00597E-020  1.98854E-015  4.89356E-023  1.21704E-022  1.00000E-040  1.00000E-040  1.00000E-040  1.00000E-040  2.77318E-027  1.03412E-039  1.09804E-036  6.83416E-024  4.10201E-018  9.83036E-031  2.57958E-033  8.86695E-024  1.71836E-016  2.95158E-017  1.11877E-013  5.45430E-028  5.23163E-015  1.00000E-040  7.25087E-016  1.03716E-038  6.00319E-024  4.65067E-031  4.50539E-023  3.24334E-025  2.17744E-013  1.30343E-022  1.89369E-017  7.79541E-025  1.73247E-014  1.00000E-040  1.00000E-040  1.29990E-022  1.00000E-040  3.84132E-026  8.86421E-012  6.55889E-038  1.00000E-003  1.00000E-005  1.00000E-005  1.00000E-005  1.00000E-005  1.00000E-005  1.00000E-005  1.00000E-005  1.00000E-005  1.00000E-005  1.00000E-005  1.00000E-005  1.00000E-005  1.00000E-005  1.00000E-005  1.00000E-005  
2.95000E+001  1.31607E-002  4.18670E+017  2.27679E+002  1.33027E+004  1.00000E-040  1.00000E-040  1.00000E-040  1.01478E-010  1.00000E-040  1.00000E-040  1.00000E-040  1.00000E-040  1.00000E-040  1.00000E-040  1.00000E-040  1.00000E-040  1.00000E-040  1.00000E-040  5.36583E-023  1.00000E-040  1.00000E-040  1.69646E-018  3.41208E-007  1.51813E-005  9.13366E-012  4.27324E-011  2.12009E-001  4.83674E-009  2.83314E-004  3.14849E-021  2.31952E-011  1.00000E-040  1.00000E-040  1.71757E-028  2.36640E-017  3.95293E-007  5.64314E-023  1.63479E-027  1.69809E-037  1.91849E-036  1.00000E-040  1.52622E-019  1.49235E-020  1.79726E-016  3.61975E-012  2.97271E-040  1.00000E-040  3.26414E-011  5.10489E-035  4.19192E-011  3.86334E-023  7.87685E-001  1.21399E-022  2.10248E-018  1.81120E-014  1.00000E-040  1.00000E-040  4.65633E-028  4.28397E-023  2.13386E-009  2.43743E-016  5.00589E-011  4.31439E-016  1.24095E-007  4.17722E-010  6.31542E-006  5.51160E-009  2.07537E-012  7.23973E-016  2.10100E-010  1.21744E-008  1.64474E-011  1.22630E-031  5.78569E-035  1.00000E-040  8.66198E-030  3.59681E-025  8.18445E-023  1.24507E-019  3.24389E-015  7.94637E-023  2.04571E-022  1.00000E-040  1.00000E-040  1.00000E-040  1.00000E-040  3.04701E-027  2.68548E-039  2.33547E-036  1.00476E-023  4.11486E-018  2.40611E-030  4.97930E-033  5.46366E-024  1.71296E-016  3.92899E-017  1.03316E-013  6.06615E-028  2.54272E-015  1.00000E-040  6.88032E-016  2.14617E-038  9.13324E-024  6.63313E-031  4.50505E-023  4.23325E-025  2.22535E-013  1.68284E-022  2.84456E-017  4.21217E-026  1.71644E-014  1.00000E-040  1.00000E-040  2.31670E-022  1.00000E-040  4.39769E-026  7.76700E-012  8.55718E-038  1.00000E-003  1.00000E-005  1.00000E-005  1.00000E-005  1.00000E-005  1.00000E-005  1.00000E-005  1.00000E-005  1.00000E-005  1.00000E-005  1.00000E-005  1.00000E-005  1.00000E-005  1.00000E-005  1.00000E-005  1.00000E-005  
3.05000E+001  1.13497E-002  3.58166E+017  2.29517E+002  1.46946E+004  1.00000E-040  1.00000E-040  1.00000E-040  1.09702E-011  1.00000E-040  1.00000E-040  1.00000E-040  1.00000E-040  1.00000E-040  1.00000E-040  1.00000E-040  1.00000E-040  1.00000E-040  1.00000E-040  5.40977E-023  1.00000E-040  1.00000E-040  3.03636E-018  3.25975E-007  1.52480E-005  1.27746E-011  6.45914E-011  2.12005E-001  4.86968E-009  2.83319E-004  4.56139E-021  2.53956E-011  1.00000E-040  1.00000E-040  4.03305E-028  3.88300E-017  3.67974E-007  8.00902E-023  1.07774E-027  1.80705E-037  2.04106E-036  1.00000E-040  1.29077E-019  1.67454E-020  2.56078E-016  3.63389E-012  8.83521E-040  1.00000E-040  2.15254E-011  8.87282E-035  4.15982E-011  8.04889E-023  7.87689E-001  1.44729E-022  5.13938E-019  3.46267E-015  1.00000E-040  1.00000E-040  7.60150E-028  6.56338E-023  2.84922E-009  2.80247E-016  5.52394E-011  4.47523E-016  1.12989E-007  3.73734E-010  6.46849E-006  6.64602E-009  2.13816E-012  1.26854E-015  2.35530E-010  1.14251E-008  2.67191E-011  1.04231E-031  7.13871E-035  1.00000E-040  9.28365E-030  1.43552E-026  8.18349E-023  1.95784E-019  5.25488E-015  1.30593E-022  3.46568E-022  1.00000E-040  1.85271E-040  1.00000E-040  1.00000E-040  3.30467E-027  6.37708E-039  5.09802E-036  1.51262E-023  4.17845E-018  5.82318E-030  9.59700E-033  3.23842E-024  1.67335E-016  5.17218E-017  9.46760E-014  7.02594E-028  1.19353E-015  1.00000E-040  6.49137E-016  4.53341E-038  1.41948E-023  9.80113E-031  4.50468E-023  5.70671E-025  2.26569E-013  2.01400E-022  4.20589E-017  1.57832E-027  1.69934E-014  1.00000E-040  1.00000E-040  4.08883E-022  1.00000E-040  5.13451E-026  6.74753E-012  1.16559E-037  1.00000E-003  1.00000E-005  1.00000E-005  1.00000E-005  1.00000E-005  1.00000E-005  1.00000E-005  1.00000E-005  1.00000E-005  1.00000E-005  1.00000E-005  1.00000E-005  1.00000E-005  1.00000E-005  1.00000E-005  1.00000E-005  
3.15000E+001  9.80033E-003  3.06626E+017  2.31499E+002  1.63646E+004  1.00000E-040  1.00000E-040  1.00000E-040  3.30104E-029  1.00000E-040  1.00000E-040  1.00000E-040  1.00000E-040  1.00000E-040  1.00000E-040  1.00000E-040  1.00000E-040  1.00000E-040  1.00000E-040  5.45553E-023  1.00000E-040  1.00000E-040  5.51843E-018  3.10449E-007  1.53137E-005  1.77545E-011  9.64961E-011  2.12001E-001  4.87948E-009  2.83323E-004  6.52281E-021  2.74190E-011  1.00000E-040  1.00000E-040  9.32860E-028  6.30740E-017  3.41223E-007  1.04681E-022  6.25453E-028  1.00000E-040  1.00000E-040  1.00000E-040  1.10526E-019  1.91278E-020  3.37410E-016  3.41314E-012  2.34699E-039  1.00000E-040  1.33592E-011  1.55421E-034  4.12907E-011  1.57469E-022  7.87693E-001  1.73375E-022  1.06612E-019  5.75690E-016  1.00000E-040  1.00000E-040  1.25976E-027  1.01877E-022  3.74964E-009  3.19910E-016  6.02015E-011  4.62087E-016  1.02383E-007  3.24520E-010  6.49028E-006  7.74600E-009  2.13842E-012  2.08104E-015  2.59977E-010  1.04273E-008  3.50920E-011  8.92045E-032  8.82068E-035  1.00000E-040  9.77171E-030  4.19843E-028  8.18248E-023  3.08972E-019  8.41862E-015  2.15206E-022  5.87552E-022  1.00000E-040  3.84473E-040  1.00000E-040  1.00000E-040  3.54292E-027  1.38307E-038  1.12194E-035  2.30168E-023  4.30447E-018  1.39080E-029  1.87331E-032  1.84860E-024  1.58225E-016  6.71764E-017  8.58357E-014  8.56102E-028  5.46202E-016  1.00000E-040  6.00836E-016  9.58245E-038  2.22179E-023  1.47035E-030  4.50429E-023  7.77212E-025  2.31008E-013  2.22671E-022  6.10936E-017  4.34791E-029  1.68136E-014  1.00000E-040  1.00000E-040  7.12606E-022  1.00000E-040  6.16454E-026  5.82240E-012  1.64091E-037  1.00000E-003  1.00000E-005  1.00000E-005  1.00000E-005  1.00000E-005  1.00000E-005  1.00000E-005  1.00000E-005  1.00000E-005  1.00000E-005  1.00000E-005  1.00000E-005  1.00000E-005  1.00000E-005  1.00000E-005  1.00000E-005  
3.25000E+001  8.47399E-003  2.62667E+017  2.33668E+002  1.77833E+004  1.00000E-040  1.00000E-040  1.00000E-040  6.48827E-029  1.00000E-040  1.00000E-040  1.00000E-040  1.00000E-040  1.00000E-040  1.00000E-040  1.00000E-040  1.00000E-040  1.00000E-040  1.00000E-040  5.50403E-023  1.00000E-040  1.00000E-040  1.02251E-017  2.94622E-007  1.53786E-005  2.44357E-011  1.42845E-010  2.11997E-001  4.87182E-009  2.83324E-004  9.17618E-021  2.91824E-011  1.00000E-040  1.00000E-040  2.11527E-027  1.01240E-016  3.14992E-007  1.25615E-022  3.15750E-028  1.00000E-040  1.00000E-040  1.00000E-040  9.54566E-020  2.20047E-020  4.08963E-016  3.00335E-012  5.46542E-039  1.00000E-040  7.74757E-012  2.74577E-034  4.09938E-011  2.89818E-022  7.87697E-001  2.06360E-022  1.90672E-020  8.44884E-017  1.00000E-040  1.00000E-040  2.10885E-027  1.59270E-022  4.84809E-009  3.56527E-016  6.49152E-011  4.73590E-016  9.23246E-008  2.75362E-010  6.39413E-006  8.72129E-009  2.08806E-012  3.20231E-015  2.81483E-010  9.25934E-009  4.10968E-011  7.67951E-032  1.08657E-034  1.00000E-040  1.00821E-029  9.34491E-030  8.18141E-023  4.89915E-019  1.33523E-014  3.55583E-022  9.98412E-022  1.00000E-040  8.13680E-040  1.00000E-040  1.00000E-040  3.76203E-027  2.72854E-038  2.46721E-035  3.52592E-023  4.47631E-018  3.26421E-029  3.72327E-032  1.00993E-024  1.42278E-016  8.58103E-017  7.66819E-014  1.10189E-027  2.43480E-016  1.00000E-040  5.41041E-016  2.00650E-037  3.48634E-023  2.21417E-030  4.50387E-023  1.05588E-024  2.35787E-013  2.26875E-022  8.70615E-017  9.09396E-031  1.66231E-014  1.00000E-040  1.00000E-040  1.22093E-021  1.00000E-040  7.63201E-026  4.98493E-012  2.37039E-037  1.00000E-003  1.00000E-005  1.00000E-005  1.00000E-005  1.00000E-005  1.00000E-005  1.00000E-005  1.00000E-005  1.00000E-005  1.00000E-005  1.00000E-005  1.00000E-005  1.00000E-005  1.00000E-005  1.00000E-005  1.00000E-005  
3.35000E+001  7.33813E-003  2.25018E+017  2.36203E+002  1.94692E+004  1.00000E-040  1.00000E-040  1.00000E-040  1.48730E-028  1.00000E-040  1.00000E-040  1.00000E-040  1.00000E-040  1.00000E-040  1.00000E-040  1.00000E-040  1.00000E-040  1.00000E-040  1.00000E-040  5.55881E-023  1.00000E-040  1.00000E-040  1.94449E-017  2.78484E-007  1.54426E-005  3.32087E-011  2.10374E-010  2.11993E-001  4.85213E-009  2.83323E-004  1.27062E-020  3.07087E-011  1.00000E-040  1.00000E-040  4.71716E-027  1.61238E-016  2.89218E-007  1.38337E-022  1.37483E-028  1.00000E-040  1.00000E-040  1.00000E-040  8.18466E-020  2.48915E-020  4.53055E-016  2.47935E-012  1.10514E-038  1.00000E-040  4.16220E-012  4.97437E-034  4.07049E-011  4.99806E-022  7.87701E-001  2.42994E-022  2.99135E-021  1.11045E-017  1.00000E-040  1.66029E-040  3.54310E-027  2.49063E-022  6.14086E-009  3.83471E-016  6.95463E-011  4.81962E-016  8.28342E-008  2.30230E-010  6.19848E-006  9.50486E-009  2.01387E-012  4.69387E-015  2.97485E-010  7.99494E-009  4.51870E-011  6.63912E-032  1.32528E-034  1.00000E-040  1.01529E-029  1.64282E-031  8.18028E-023  7.80404E-019  2.10051E-014  5.89170E-022  1.70516E-021  1.00000E-040  1.77340E-039  1.00000E-040  1.00000E-040  3.96081E-027  4.92284E-038  5.37823E-035  5.41580E-023  4.67717E-018  7.57247E-029  7.56685E-032  5.20770E-025  1.18498E-016  1.07571E-016  6.71594E-014  1.50382E-027  1.05475E-016  1.00000E-040  4.63471E-016  4.10132E-037  5.45887E-023  3.30056E-030  4.50341E-023  1.40798E-024  2.41555E-013  2.12008E-022  1.21633E-016  1.48773E-032  1.64198E-014  1.00000E-040  1.00000E-040  2.06439E-021  1.00000E-040  9.86164E-026  4.22821E-012  3.48000E-037  1.00000E-003  1.00000E-005  1.00000E-005  1.00000E-005  1.00000E-005  1.00000E-005  1.00000E-005  1.00000E-005  1.00000E-005  1.00000E-005  1.00000E-005  1.00000E-005  1.00000E-005  1.00000E-005  1.00000E-005  1.00000E-005  
3.45000E+001  6.36484E-003  1.92999E+017  2.38863E+002  2.14942E+004  1.00000E-040  1.00000E-040  1.00000E-040  3.54165E-028  1.00000E-040  1.00000E-040  1.00000E-040  1.00000E-040  1.00000E-040  1.00000E-040  1.00000E-040  1.00000E-040  1.00000E-040  1.00000E-040  5.61521E-023  1.00000E-040  1.00000E-040  3.77988E-017  2.62295E-007  1.55048E-005  4.45327E-011  3.07871E-010  2.11989E-001  4.81782E-009  2.83320E-004  1.72282E-020  3.18491E-011  1.00000E-040  1.00000E-040  1.02000E-026  2.52140E-016  2.64262E-007  1.40716E-022  5.15552E-029  1.00000E-040  1.00000E-040  1.00000E-040  6.94113E-020  2.75713E-020  4.62929E-016  1.93123E-012  1.91837E-038  1.00000E-040  2.07252E-012  8.96641E-034  4.04257E-011  8.16548E-022  7.87706E-001  2.82376E-022  4.32099E-022  1.34528E-018  1.00000E-040  3.95433E-040  5.86104E-027  3.83884E-022  7.60828E-009  3.97746E-016  7.39757E-011  4.85106E-016  7.40566E-008  1.90908E-010  5.94275E-006  1.00087E-008  1.91052E-012  6.41319E-015  3.07451E-010  6.73183E-009  4.78037E-011  5.76042E-032  1.60415E-034  1.00000E-040  1.00551E-029  2.45307E-033  8.17910E-023  1.23893E-018  3.25324E-014  9.68943E-022  2.89222E-021  1.00000E-040  3.78861E-039  1.00000E-040  1.00000E-040  4.14941E-027  8.06726E-038  1.14157E-034  8.24421E-023  4.88274E-018  1.70512E-028  1.52284E-031  2.58602E-025  9.27959E-017  1.32224E-016  5.78050E-014  2.12141E-027  4.47322E-017  1.00000E-040  3.88848E-016  8.07295E-037  8.44301E-023  4.77683E-030  4.50290E-023  1.82000E-024  2.46658E-013  1.83727E-022  1.66731E-016  2.04650E-034  1.62049E-014  1.00000E-040  1.00000E-040  3.39313E-021  1.00000E-040  1.30572E-025  3.55680E-012  5.10529E-037  1.00000E-003  1.00000E-005  1.00000E-005  1.00000E-005  1.00000E-005  1.00000E-005  1.00000E-005  1.00000E-005  1.00000E-005  1.00000E-005  1.00000E-005  1.00000E-005  1.00000E-005  1.00000E-005  1.00000E-005  1.00000E-005  
3.55000E+001  5.52986E-003  1.65725E+017  2.41681E+002  2.36775E+004  1.00000E-040  1.00000E-040  1.00000E-040  8.51496E-028  1.00000E-040  1.00000E-040  1.00000E-040  1.00000E-040  1.00000E-040  1.00000E-040  1.00000E-040  1.00000E-040  1.00000E-040  1.00000E-040  5.67392E-023  1.00000E-040  1.00000E-040  7.52300E-017  2.46251E-007  1.55644E-005  5.89495E-011  4.49086E-010  2.11984E-001  4.76843E-009  2.83315E-004  2.29307E-020  3.26441E-011  1.00000E-040  1.00000E-040  2.14466E-026  3.87979E-016  2.40340E-007  1.33946E-022  1.68052E-029  2.38459E-038  2.68818E-037  1.00000E-040  5.80303E-020  2.96973E-020  4.40016E-016  1.43458E-012  2.90232E-038  1.00000E-040  9.56516E-013  1.61346E-033  4.01564E-011  1.26475E-021  7.87711E-001  3.24310E-022  7.12254E-023  1.53886E-019  1.00000E-040  8.87767E-040  9.43460E-027  5.77253E-022  9.21014E-009  3.96613E-016  7.84076E-011  4.83851E-016  6.60468E-008  1.58197E-010  5.65631E-006  1.02060E-008  1.79583E-012  8.26275E-015  3.10367E-010  5.53579E-009  4.93937E-011  5.01175E-032  1.92474E-034  1.00000E-040  9.82105E-030  3.88744E-035  8.17785E-023  1.95206E-018  4.96281E-014  1.57531E-021  4.85549E-021  1.00000E-040  7.86481E-039  1.00000E-040  1.00000E-040  4.33667E-027  1.21925E-037  2.33703E-034  1.23589E-022  5.07459E-018  3.73879E-028  3.00838E-031  1.24064E-025  6.84327E-017  1.59550E-016  4.89154E-014  3.05466E-027  1.86487E-017  1.00000E-040  3.18962E-016  1.51115E-036  1.28250E-022  6.61288E-030  4.50231E-023  2.24993E-024  2.51031E-013  1.49279E-022  2.24941E-016  2.92849E-036  1.59789E-014  1.00000E-040  1.00000E-040  5.43669E-021  1.00000E-040  1.77262E-025  2.96868E-012  7.38519E-037  1.00000E-003  1.00000E-005  1.00000E-005  1.00000E-005  1.00000E-005  1.00000E-005  1.00000E-005  1.00000E-005  1.00000E-005  1.00000E-005  1.00000E-005  1.00000E-005  1.00000E-005  1.00000E-005  1.00000E-005  1.00000E-005  
3.65000E+001  4.81252E-003  1.42554E+017  2.44518E+002  2.67395E+004  1.00000E-040  1.00000E-040  1.00000E-040  2.04696E-027  1.00000E-040  1.00000E-040  1.00000E-040  1.00000E-040  1.00000E-040  1.00000E-040  1.00000E-040  1.00000E-040  1.00000E-040  1.00000E-040  5.73229E-023  1.00000E-040  1.00000E-040  1.52835E-016  2.30675E-007  1.56205E-005  7.72118E-011  6.53647E-010  2.11979E-001  4.70163E-009  2.83307E-004  3.00070E-020  3.30819E-011  1.00000E-040  1.36717E-040  4.37805E-026  5.86090E-016  2.17820E-007  1.22050E-022  4.87571E-030  2.86644E-037  3.22798E-036  1.00000E-040  4.84416E-020  3.15415E-020  3.97846E-016  1.03615E-012  3.93494E-038  1.00000E-040  4.12414E-013  2.85960E-033  3.98994E-011  1.87173E-021  7.87716E-001  3.69088E-022  3.04476E-023  1.72221E-020  1.00000E-040  1.85978E-039  1.45768E-026  8.37498E-022  1.08982E-008  3.81243E-016  8.28819E-011  4.78798E-016  5.88805E-008  1.31592E-010  5.36615E-006  1.00852E-008  1.67266E-012  1.00804E-014  3.06774E-010  4.46297E-009  5.03125E-011  4.37614E-032  2.29956E-034  1.00000E-040  9.54149E-030  2.61521E-036  8.17656E-023  3.03145E-018  7.43977E-014  2.51291E-021  7.99782E-021  1.00000E-040  1.54254E-038  1.00000E-040  1.00000E-040  4.53813E-027  1.73154E-037  4.56799E-034  1.81010E-022  5.23479E-018  7.95373E-028  5.71245E-031  5.85800E-026  4.87521E-017  1.89539E-016  4.08729E-014  4.41115E-027  7.71207E-018  1.00000E-040  2.60656E-016  2.66939E-036  1.90088E-022  8.64750E-030  4.50160E-023  2.63834E-024  2.53666E-013  1.16638E-022  2.99975E-016  1.71967E-037  1.57445E-014  1.00000E-040  1.00000E-040  8.47478E-021  1.00000E-040  2.44066E-025  2.46373E-012  1.03917E-036  1.00000E-003  1.00000E-005  1.00000E-005  1.00000E-005  1.00000E-005  1.00000E-005  1.00000E-005  1.00000E-005  1.00000E-005  1.00000E-005  1.00000E-005  1.00000E-005  1.00000E-005  1.00000E-005  1.00000E-005  1.00000E-005  
3.75000E+001  4.19514E-003  1.22853E+017  2.47331E+002  2.97405E+004  1.00000E-040  1.00000E-040  1.00000E-040  4.90119E-027  1.00000E-040  1.00000E-040  1.00000E-040  1.00000E-040  1.00000E-040  1.00000E-040  1.00000E-040  1.00000E-040  1.00000E-040  1.00000E-040  5.78957E-023  1.00000E-040  1.00000E-040  3.16669E-016  2.15772E-007  1.56725E-005  1.00416E-010  9.51376E-010  2.11974E-001  4.61616E-009  2.83297E-004  3.87724E-020  3.32064E-011  1.00000E-040  4.17115E-040  8.72381E-026  8.71226E-016  1.96867E-007  1.09643E-022  1.30336E-030  9.57485E-038  1.07845E-036  1.00000E-040  4.10549E-020  3.36595E-020  3.51674E-016  7.46630E-013  4.98727E-038  1.00000E-040  1.67499E-013  4.98718E-033  3.96548E-011  2.66159E-021  7.87721E-001  4.18047E-022  3.44067E-023  2.00992E-021  1.00000E-040  3.62852E-039  2.14916E-026  1.16660E-021  1.26253E-008  3.54507E-016  8.74341E-011  4.71750E-016  5.25433E-008  1.09997E-010  5.08463E-006  9.67097E-009  1.54597E-012  1.18554E-014  2.97569E-010  3.53916E-009  5.08224E-011  3.84058E-032  2.74947E-034  1.00000E-040  9.28495E-030  1.93400E-036  8.17522E-023  4.62519E-018  1.09726E-013  3.92207E-021  1.28821E-020  1.00000E-040  2.83429E-038  1.00000E-040  1.00000E-040  4.76847E-027  2.38397E-037  8.50899E-034  2.58350E-022  5.34516E-018  1.64951E-027  1.03259E-030  2.75318E-026  3.43853E-017  2.22505E-016  3.38342E-014  6.33913E-027  3.18213E-018  1.00000E-040  2.13989E-016  4.44470E-036  2.74488E-022  1.06348E-029  4.50068E-023  2.92674E-024  2.53879E-013  9.03553E-023  3.97273E-016  1.12789E-037  1.55034E-014  1.00000E-040  1.00000E-040  1.29184E-020  1.00000E-040  3.39401E-025  2.03572E-012  1.41153E-036  1.00000E-003  1.00000E-005  1.00000E-005  1.00000E-005  1.00000E-005  1.00000E-005  1.00000E-005  1.00000E-005  1.00000E-005  1.00000E-005  1.00000E-005  1.00000E-005  1.00000E-005  1.00000E-005  1.00000E-005  1.00000E-005  
3.85000E+001  3.66277E-003  1.06076E+017  2.50097E+002  3.29242E+004  1.00000E-040  1.00000E-040  1.00000E-040  1.16702E-026  1.00000E-040  1.00000E-040  1.00000E-040  1.00000E-040  1.00000E-040  1.00000E-040  1.00000E-040  1.00000E-040  1.00000E-040  1.00000E-040  5.84539E-023  1.00000E-040  1.00000E-040  6.68402E-016  2.01520E-007  1.57206E-005  1.30142E-010  1.38682E-009  2.11969E-001  4.51020E-009  2.83284E-004  4.96241E-020  3.30183E-011  1.00000E-040  1.28807E-039  1.70574E-025  1.27669E-015  1.77315E-007  1.00235E-022  3.31211E-031  1.00000E-040  1.00000E-040  1.00000E-040  3.59355E-020  3.68486E-020  3.13175E-016  5.52186E-013  6.17746E-038  1.00000E-040  6.39786E-014  8.57225E-033  3.94193E-011  3.66848E-021  7.87726E-001  4.73298E-022  4.69147E-023  3.02992E-022  1.00000E-040  6.62617E-039  3.02805E-026  1.56368E-021  1.43564E-008  3.20097E-016  9.19568E-011  4.64442E-016  4.69140E-008  9.21342E-011  4.81343E-006  9.00672E-009  1.41678E-012  1.36932E-014  2.84034E-010  2.76466E-009  5.10948E-011  3.39012E-032  3.30782E-034  1.00000E-040  9.10041E-030  2.32895E-036  8.17384E-023  6.94356E-018  1.59783E-013  6.00252E-021  2.03224E-020  1.14179E-040  4.88295E-038  1.00000E-040  1.00000E-040  5.04005E-027  3.29053E-037  1.51907E-033  3.60523E-022  5.36914E-018  3.35157E-027  1.77005E-030  1.28594E-026  2.46010E-017  2.58735E-016  2.77838E-014  9.04901E-027  1.30207E-018  1.00000E-040  1.77468E-016  7.01652E-036  3.87727E-022  1.23468E-029  4.49940E-023  3.08735E-024  2.50550E-013  7.17103E-023  5.24285E-016  1.20618E-037  1.52539E-014  1.00000E-040  1.00000E-040  1.93605E-020  1.00000E-040  4.74143E-025  1.67206E-012  1.84783E-036  1.00000E-003  1.00000E-005  1.00000E-005  1.00000E-005  1.00000E-005  1.00000E-005  1.00000E-005  1.00000E-005  1.00000E-005  1.00000E-005  1.00000E-005  1.00000E-005  1.00000E-005  1.00000E-005  1.00000E-005  1.00000E-005  
3.95000E+001  3.20287E-003  9.17553E+016  2.52828E+002  3.69865E+004  1.00000E-040  1.00000E-040  1.00000E-040  2.76195E-026  1.00000E-040  1.00000E-040  1.00000E-040  1.00000E-040  1.00000E-040  1.00000E-040  1.00000E-040  1.00000E-040  1.00000E-040  1.00000E-040  5.90003E-023  1.00000E-040  1.00000E-040  1.43616E-015  1.88113E-007  1.57646E-005  1.68544E-010  2.02828E-009  2.11964E-001  4.38567E-009  2.83268E-004  6.31832E-020  3.25728E-011  1.00000E-040  4.12698E-039  3.29400E-025  1.85096E-015  1.59293E-007  9.71633E-023  8.48209E-032  3.77185E-038  4.22506E-037  1.00000E-040  3.33428E-020  4.26047E-020  2.91926E-016  4.35228E-013  7.87799E-038  1.00000E-040  2.31803E-014  1.45867E-032  3.91934E-011  5.10446E-021  7.87732E-001  5.37706E-022  6.39536E-023  9.39963E-023  1.00000E-040  1.13091E-038  4.05812E-026  2.00998E-021  1.60492E-008  2.81557E-016  9.63905E-011  4.58314E-016  4.19578E-008  7.72491E-011  4.55409E-006  8.14785E-009  1.28766E-012  1.58775E-014  2.67166E-010  2.12933E-009  5.12258E-011  3.01794E-032  4.01824E-034  1.00000E-040  9.01618E-030  2.82224E-036  8.17240E-023  1.02162E-017  2.29971E-013  8.97501E-021  3.12815E-020  1.48306E-040  7.88711E-038  1.00000E-040  1.00000E-040  5.36609E-027  4.76078E-037  2.59767E-033  4.90529E-022  5.28406E-018  6.71700E-027  2.85455E-030  5.99756E-027  1.84189E-017  2.98905E-016  2.26763E-014  1.29956E-026  5.29674E-019  1.00000E-040  1.48821E-016  1.04799E-035  5.34401E-022  1.34866E-029  4.49752E-023  3.09090E-024  2.43095E-013  6.07056E-023  6.91171E-016  1.29090E-037  1.49984E-014  1.00000E-040  1.00000E-040  2.87060E-020  1.00000E-040  6.65192E-025  1.36685E-012  2.31688E-036  1.00000E-003  1.00000E-005  1.00000E-005  1.00000E-005  1.00000E-005  1.00000E-005  1.00000E-005  1.00000E-005  1.00000E-005  1.00000E-005  1.00000E-005  1.00000E-005  1.00000E-005  1.00000E-005  1.00000E-005  1.00000E-005  
4.05000E+001  2.80486E-003  7.95060E+016  2.55522E+002  4.09878E+004  1.00000E-040  1.00000E-040  1.00000E-040  6.49577E-026  1.00000E-040  1.00000E-040  1.00000E-040  1.00000E-040  1.00000E-040  1.00000E-040  1.00000E-040  1.00000E-040  1.00000E-040  1.00000E-040  5.95349E-023  1.00000E-040  1.00000E-040  3.13071E-015  1.75672E-007  1.58042E-005  2.18293E-010  2.97792E-009  2.11959E-001  4.24451E-009  2.83251E-004  8.01492E-020  3.18795E-011  1.00000E-040  1.40073E-038  6.29084E-025  2.65626E-015  1.42822E-007  1.02940E-022  2.32810E-032  1.00000E-040  1.00000E-040  1.00000E-040  3.33381E-020  5.29914E-020  2.93228E-016  3.76164E-013  1.07182E-037  1.00000E-040  8.02407E-015  2.45970E-032  3.89767E-011  9.21321E-021  7.87738E-001  6.14389E-022  8.52546E-023  5.69363E-023  1.00000E-040  1.79931E-038  5.14622E-026  2.46993E-021  1.76597E-008  2.41689E-016  1.00650E-010  4.53796E-016  3.76087E-008  6.48470E-011  4.30975E-006  7.16003E-009  1.15987E-012  1.85722E-014  2.47940E-010  1.61584E-009  5.12720E-011  2.71480E-032  4.93063E-034  1.00000E-040  9.03849E-030  3.27917E-036  8.17092E-023  1.46814E-017  3.26828E-013  1.30595E-020  4.67934E-020  1.87427E-040  1.19082E-037  1.00000E-040  1.00000E-040  5.75743E-027  7.44239E-037  4.24498E-033  6.48729E-022  5.06319E-018  1.32960E-026  4.29315E-030  2.80180E-027  1.47477E-017  3.43179E-016  1.84170E-014  2.03779E-026  2.14373E-019  1.00000E-040  1.26267E-016  1.47501E-035  7.16394E-022  1.38007E-029  4.49465E-023  2.93069E-024  2.30685E-013  5.64568E-023  9.10681E-016  1.31742E-037  1.47380E-014  1.00000E-040  1.00000E-040  4.21506E-020  1.00000E-040  9.34320E-025  1.11284E-012  2.76734E-036  1.00000E-003  1.00000E-005  1.00000E-005  1.00000E-005  1.00000E-005  1.00000E-005  1.00000E-005  1.00000E-005  1.00000E-005  1.00000E-005  1.00000E-005  1.00000E-005  1.00000E-005  1.00000E-005  1.00000E-005  1.00000E-005  
4.15000E+001  2.45976E-003  6.90357E+016  2.58069E+002  4.51719E+004  1.00000E-040  1.00000E-040  1.00000E-040  1.51767E-025  1.00000E-040  1.00000E-040  1.00000E-040  1.00000E-040  1.00000E-040  1.00000E-040  1.00000E-040  1.00000E-040  1.00000E-040  1.00000E-040  6.00372E-023  1.00000E-040  1.00000E-040  6.86431E-015  1.64205E-007  1.58397E-005  2.82387E-010  4.38085E-009  2.11953E-001  4.08624E-009  2.83230E-004  1.00880E-019  3.08401E-011  1.00000E-040  5.00931E-038  1.17709E-024  3.74671E-015  1.27769E-007  1.19661E-022  7.50110E-033  4.43719E-039  4.98381E-038  1.00000E-040  3.58081E-020  7.07355E-020  3.20036E-016  3.58107E-013  1.55733E-037  1.00000E-040  2.64947E-015  4.06278E-032  3.87668E-011  3.38887E-020  7.87744E-001  7.06195E-022  1.09878E-022  4.46557E-023  1.00000E-040  2.65762E-038  6.13772E-026  2.89310E-021  1.91427E-008  2.02600E-016  1.04634E-010  4.49920E-016  3.37638E-008  5.46516E-011  4.08733E-006  6.11064E-009  1.03198E-012  2.16180E-014  2.27499E-010  1.20579E-009  5.12661E-011  2.47031E-032  6.10097E-034  1.00000E-040  9.16820E-030  3.58085E-036  8.16938E-023  2.05371E-017  4.56814E-013  1.84002E-020  6.76354E-020  2.27184E-040  1.65270E-037  1.00000E-040  1.00000E-040  6.22391E-027  1.25188E-036  6.59429E-033  8.30370E-022  4.68065E-018  2.57176E-026  5.95221E-030  1.31712E-027  1.26844E-017  3.90146E-016  1.49035E-014  4.54725E-026  8.57586E-020  1.00000E-040  1.09396E-016  1.94886E-035  9.29963E-022  1.31797E-029  4.49017E-023  2.63240E-024  2.12215E-013  5.80083E-023  1.19795E-015  1.25827E-037  1.44720E-014  1.00000E-040  1.00000E-040  6.07370E-020  1.00000E-040  1.29614E-024  9.01380E-013  3.13237E-036  1.00000E-003  1.00000E-005  1.00000E-005  1.00000E-005  1.00000E-005  1.00000E-005  1.00000E-005  1.00000E-005  1.00000E-005  1.00000E-005  1.00000E-005  1.00000E-005  1.00000E-005  1.00000E-005  1.00000E-005  1.00000E-005  
4.25000E+001  2.15995E-003  6.00536E+016  2.60508E+002  5.04170E+004  1.00000E-040  1.00000E-040  1.00000E-040  3.52412E-025  1.00000E-040  1.00000E-040  1.00000E-040  1.00000E-040  1.00000E-040  1.00000E-040  1.00000E-040  1.00000E-040  1.00000E-040  1.00000E-040  6.05126E-023  1.00000E-040  1.00000E-040  1.50304E-014  1.53879E-007  1.58707E-005  3.63654E-010  6.44847E-009  2.11947E-001  3.91543E-009  2.83207E-004  1.25839E-019  2.94918E-011  1.00000E-040  1.85118E-037  2.14653E-024  5.18179E-015  1.14207E-007  1.49707E-022  3.45366E-033  1.08161E-038  1.20215E-037  1.00000E-040  4.00354E-020  9.78599E-020  3.72591E-016  3.68806E-013  2.36491E-037  1.00000E-040  8.39178E-016  6.58237E-032  3.85646E-011  1.84201E-019  7.87750E-001  8.15977E-022  1.37227E-022  3.95089E-023  1.00000E-040  3.61310E-038  6.81134E-026  3.20122E-021  2.04453E-008  1.65790E-016  1.08469E-010  4.45558E-016  3.03817E-008  4.65179E-011  3.88898E-006  5.07196E-009  9.06494E-013  2.47034E-014  2.06336E-010  8.82355E-010  5.12270E-011  2.28325E-032  7.55686E-034  1.00000E-040  9.35004E-030  3.69904E-036  8.16778E-023  2.77533E-017  6.24852E-013  2.48789E-020  9.36762E-020  2.59077E-040  2.09581E-037  1.00000E-040  1.00000E-040  6.76287E-027  2.21728E-036  9.62232E-033  1.01976E-021  4.16517E-018  4.83829E-026  7.52827E-030  6.44531E-028  1.13734E-017  4.37421E-016  1.20351E-014  1.65299E-025  3.39841E-020  1.00000E-040  9.60222E-017  2.38194E-035  1.15792E-021  1.16203E-029  4.48321E-023  2.21609E-024  1.88367E-013  6.44049E-023  1.56987E-015  1.13028E-037  1.42034E-014  1.00000E-040  1.00000E-040  8.53847E-020  1.00000E-040  1.77375E-024  7.27731E-013  3.33259E-036  1.00000E-003  1.00000E-005  1.00000E-005  1.00000E-005  1.00000E-005  1.00000E-005  1.00000E-005  1.00000E-005  1.00000E-005  1.00000E-005  1.00000E-005  1.00000E-005  1.00000E-005  1.00000E-005  1.00000E-005  1.00000E-005  
4.35000E+001  1.89888E-003  5.23881E+016  2.62532E+002  5.66624E+004  1.00000E-040  1.00000E-040  1.00000E-040  8.12779E-025  1.00000E-040  1.00000E-040  1.00000E-040  1.00000E-040  1.00000E-040  1.00000E-040  1.00000E-040  1.00000E-040  1.00000E-040  1.00000E-040  6.08936E-023  1.00000E-040  1.00000E-040  3.23435E-014  1.44898E-007  1.58969E-005  4.64399E-010  9.44566E-009  2.11941E-001  3.73589E-009  2.83181E-004  1.54298E-019  2.77451E-011  1.00000E-040  6.68029E-037  3.73354E-024  6.92299E-015  1.02259E-007  1.95313E-022  2.64345E-033  1.11912E-040  1.08264E-039  1.00000E-040  4.53712E-020  1.36363E-019  4.54448E-016  3.98775E-013  3.59743E-037  1.00000E-040  2.57998E-016  1.01316E-031  3.83722E-011  9.44079E-019  7.87756E-001  9.45184E-022  1.63302E-022  3.86758E-023  1.00000E-040  4.47929E-038  6.96386E-026  3.31436E-021  2.15319E-008  1.33091E-016  1.12190E-010  4.38071E-016  2.74395E-008  4.03055E-011  3.72266E-006  4.09537E-009  7.80283E-013  2.73921E-014  1.85801E-010  6.33518E-010  5.11672E-011  2.16024E-032  9.34373E-034  1.00000E-040  9.58625E-030  3.52448E-036  8.16614E-023  3.58244E-017  8.27159E-013  3.18125E-020  1.22348E-019  2.72526E-040  2.32708E-037  1.00000E-040  1.00000E-040  7.38208E-027  3.93837E-036  1.29749E-032  1.18489E-021  3.56964E-018  8.63204E-026  8.54274E-030  3.79744E-028  1.04518E-017  4.81038E-016  9.75982E-015  6.91911E-025  1.34642E-020  1.00000E-040  8.75641E-017  2.68099E-035  1.36373E-021  9.43599E-030  4.47279E-023  1.74515E-024  1.60186E-013  7.51732E-023  2.04556E-015  9.34182E-038  1.39377E-014  1.00000E-040  1.00000E-040  1.14680E-019  1.00000E-040  2.34246E-024  5.88101E-013  3.31173E-036  1.00000E-003  1.00000E-005  1.00000E-005  1.00000E-005  1.00000E-005  1.00000E-005  1.00000E-005  1.00000E-005  1.00000E-005  1.00000E-005  1.00000E-005  1.00000E-005  1.00000E-005  1.00000E-005  1.00000E-005  1.00000E-005  
4.45000E+001  1.67103E-003  4.57806E+016  2.64374E+002  6.33601E+004  1.00000E-040  1.00000E-040  1.00000E-040  1.86495E-024  1.00000E-040  1.00000E-040  1.00000E-040  1.00000E-040  1.00000E-040  1.00000E-040  1.00000E-040  1.00000E-040  1.00000E-040  1.00000E-040  6.11878E-023  1.00000E-040  1.00045E-040  6.80611E-014  1.37330E-007  1.59184E-005  5.85046E-010  1.37424E-008  2.11935E-001  3.55616E-009  2.83153E-004  1.86319E-019  2.57706E-011  1.00000E-040  2.30169E-036  6.19049E-024  8.95560E-015  9.18799E-008  2.59337E-022  2.76368E-033  1.00000E-040  1.00000E-040  1.00000E-040  4.99456E-020  1.82195E-019  5.63535E-016  4.41567E-013  5.34609E-037  1.00000E-040  7.75647E-017  1.50881E-031  3.81900E-011  4.07101E-018  7.87762E-001  1.09605E-021  1.88515E-022  4.16862E-023  1.00000E-040  5.05623E-038  6.53386E-026  3.18786E-021  2.23744E-008  1.04998E-016  1.16092E-010  4.26373E-016  2.48855E-008  3.56689E-011  3.57411E-006  3.22904E-009  6.57545E-013  2.94620E-014  1.65743E-010  4.44511E-010  5.10943E-011  2.11442E-032  1.13958E-033  1.00000E-040  9.73249E-030  3.21143E-036  8.16447E-023  4.39299E-017  1.05657E-012  3.82545E-020  1.50130E-019  2.60712E-040  2.30091E-037  1.00000E-040  1.00000E-040  8.04335E-027  6.87461E-036  1.60049E-032  1.29592E-021  2.97587E-018  1.46424E-025  8.72993E-030  3.41254E-028  9.37967E-018  5.15940E-016  7.94445E-015  2.58810E-024  5.37829E-021  1.00000E-040  8.05767E-017  2.73642E-035  1.50978E-021  7.05867E-030  4.45784E-023  1.26804E-024  1.30739E-013  8.90520E-023  2.63944E-015  7.33795E-038  1.36782E-014  1.00000E-040  1.00000E-040  1.46878E-019  1.00000E-040  3.02478E-024  4.77216E-013  3.07009E-036  1.00000E-003  1.00000E-005  1.00000E-005  1.00000E-005  1.00000E-005  1.00000E-005  1.00000E-005  1.00000E-005  1.00000E-005  1.00000E-005  1.00000E-005  1.00000E-005  1.00000E-005  1.00000E-005  1.00000E-005  1.00000E-005  
4.55000E+001  1.47167E-003  4.01344E+016  2.65590E+002  6.89710E+004  1.00000E-040  1.00000E-040  1.00000E-040  4.25353E-024  1.00000E-040  1.00000E-040  1.00000E-040  1.00000E-040  1.00000E-040  1.00000E-040  1.00000E-040  1.00000E-040  1.00000E-040  1.00000E-040  6.12238E-023  1.00000E-040  1.00096E-040  1.37432E-013  1.31108E-007  1.59355E-005  7.24359E-010  1.96984E-008  2.11928E-001  3.37543E-009  2.83123E-004  2.18600E-019  2.34366E-011  1.00000E-040  7.11030E-036  9.50149E-024  1.09773E-014  8.28530E-008  3.45321E-022  3.17523E-033  1.00000E-040  1.00000E-040  1.00000E-040  5.35484E-020  2.33767E-019  7.13060E-016  4.93578E-013  7.53365E-037  1.00000E-040  2.26691E-017  2.08066E-031  3.80155E-011  1.50632E-017  7.87769E-001  1.26513E-021  2.06510E-022  4.82876E-023  1.00000E-040  5.21117E-038  5.64392E-026  2.84139E-021  2.29674E-008  8.21985E-017  1.20139E-010  4.07842E-016  2.26364E-008  3.23238E-011  3.44540E-006  2.48803E-009  5.37172E-013  3.08254E-014  1.47359E-010  3.04960E-010  5.10119E-011  2.16151E-032  1.37144E-033  1.00000E-040  9.79892E-030  2.70634E-036  8.16275E-023  5.07374E-017  1.28733E-012  4.27630E-020  1.70787E-019  2.24202E-040  1.92791E-037  1.00000E-040  1.00000E-040  8.73938E-027  1.13404E-035  1.78715E-032  1.32020E-021  2.42006E-018  2.28103E-025  8.00178E-030  4.66887E-028  8.33859E-018  5.35369E-016  6.51605E-015  8.15398E-024  2.15889E-021  1.00000E-040  7.76435E-017  2.56523E-035  1.55536E-021  5.00039E-030  4.43718E-023  8.58890E-025  1.01880E-013  1.06089E-022  3.36387E-015  5.33240E-038  1.34245E-014  1.00000E-040  1.00000E-040  1.74590E-019  1.00000E-040  3.69515E-024  3.88833E-013  2.66016E-036  1.00000E-003  1.00000E-005  1.00000E-005  1.00000E-005  1.00000E-005  1.00000E-005  1.00000E-005  1.00000E-005  1.00000E-005  1.00000E-005  1.00000E-005  1.00000E-005  1.00000E-005  1.00000E-005  1.00000E-005  1.00000E-005  
4.65000E+001  1.29685E-003  3.52346E+016  2.66586E+002  7.80352E+004  1.00000E-040  1.00000E-040  1.00000E-040  9.66822E-024  1.00000E-040  1.00000E-040  1.00000E-040  1.00000E-040  1.00000E-040  1.00000E-040  1.00000E-040  1.00000E-040  1.00000E-040  1.00000E-040  6.09061E-023  1.00000E-040  1.00148E-040  2.66592E-013  1.26288E-007  1.59483E-005  8.77946E-010  2.77962E-008  2.11922E-001  3.20548E-009  2.83090E-004  2.51106E-019  2.10295E-011  1.00000E-040  1.98163E-035  1.36344E-023  1.28778E-014  7.51529E-008  4.57851E-022  3.57731E-033  9.60778E-040  1.03965E-038  1.00000E-040  5.49116E-020  2.81509E-019  9.02442E-016  5.52031E-013  1.00557E-036  1.00000E-040  6.50030E-018  2.75091E-031  3.78503E-011  4.80387E-017  7.87776E-001  1.45458E-021  2.20853E-022  5.92969E-023  1.00000E-040  4.94874E-038  4.51778E-026  2.34185E-021  2.33156E-008  6.43984E-017  1.24561E-010  3.83202E-016  2.06699E-008  2.98478E-011  3.31433E-006  1.88442E-009  4.25885E-013  3.14198E-014  1.30078E-010  2.04135E-010  5.09230E-011  2.31994E-032  1.60939E-033  1.00000E-040  9.60795E-030  2.22445E-036  8.16099E-023  5.51129E-017  1.49904E-012  4.44530E-020  1.80603E-019  1.73095E-040  1.42653E-037  1.00000E-040  1.00000E-040  9.39135E-027  1.77829E-035  1.80254E-032  1.25457E-021  1.95573E-018  3.31293E-025  6.70172E-030  7.66162E-028  7.15299E-018  5.35695E-016  5.36679E-015  2.16608E-023  8.81605E-022  1.00000E-040  7.50071E-017  2.18914E-035  1.49190E-021  3.47472E-030  4.41044E-023  5.35861E-025  7.64164E-014  1.24401E-022  4.21452E-015  3.76348E-038  1.31817E-014  1.00000E-040  1.00000E-040  1.94112E-019  1.00000E-040  4.39075E-024  3.19506E-013  2.16932E-036  1.00000E-003  1.00000E-005  1.00000E-005  1.00000E-005  1.00000E-005  1.00000E-005  1.00000E-005  1.00000E-005  1.00000E-005  1.00000E-005  1.00000E-005  1.00000E-005  1.00000E-005  1.00000E-005  1.00000E-005  1.00000E-005  
4.75000E+001  1.14324E-003  3.10104E+016  2.67021E+002  8.59767E+004  1.00000E-040  1.00000E-040  1.00000E-040  2.18891E-023  1.00000E-040  1.00000E-040  1.00000E-040  1.00000E-040  1.00000E-040  1.00000E-040  1.00000E-040  1.00000E-040  1.00000E-040  1.00000E-040  5.99231E-023  1.00000E-040  1.00201E-040  4.91264E-013  1.22860E-007  1.59570E-005  1.04081E-009  3.83934E-008  2.11915E-001  3.05055E-009  2.83056E-004  2.80616E-019  1.85777E-011  1.00000E-040  4.82729E-035  1.80125E-023  1.42935E-014  6.87086E-008  6.01564E-022  3.95205E-033  2.00734E-039  2.14540E-038  1.00000E-040  5.50554E-020  3.25770E-019  1.15252E-015  6.14755E-013  1.25839E-036  1.00000E-040  1.85568E-018  3.37939E-031  3.76956E-011  1.36484E-016  7.87783E-001  1.65667E-021  2.27010E-022  7.45572E-023  1.00000E-040  4.40558E-038  3.41109E-026  1.79316E-021  2.34449E-008  5.13667E-017  1.29210E-010  3.52418E-016  1.89626E-008  2.79951E-011  3.18362E-006  1.40691E-009  3.26688E-013  3.13087E-014  1.14618E-010  1.34118E-010  5.08300E-011  2.59517E-032  1.84660E-033  1.00000E-040  9.20668E-030  1.73979E-036  8.15921E-023  5.61232E-017  1.65869E-012  4.27912E-020  1.76590E-019  1.21098E-040  9.07562E-038  1.00000E-040  1.00000E-040  9.97917E-027  2.60150E-035  1.64317E-032  1.10846E-021  1.58100E-018  4.39965E-025  5.19555E-030  1.24367E-027  6.11822E-018  5.16273E-016  4.45231E-015  4.95058E-023  3.71503E-022  1.00000E-040  7.48512E-017  1.74765E-035  1.32864E-021  2.52295E-030  4.37806E-023  3.12938E-025  5.52991E-014  1.43743E-022  5.18370E-015  2.53292E-038  1.29549E-014  1.00000E-040  1.00000E-040  1.99133E-019  1.00000E-040  4.98356E-024  2.65907E-013  1.68690E-036  1.00000E-003  1.00000E-005  1.00000E-005  1.00000E-005  1.00000E-005  1.00000E-005  1.00000E-005  1.00000E-005  1.00000E-005  1.00000E-005  1.00000E-005  1.00000E-005  1.00000E-005  1.00000E-005  1.00000E-005  1.00000E-005  
4.85000E+001  1.00801E-003  2.73225E+016  2.67216E+002  9.43451E+004  1.00000E-040  1.00000E-040  1.00000E-040  4.94681E-023  1.00000E-040  1.00000E-040  1.00000E-040  1.00000E-040  1.00000E-040  1.00000E-040  1.00000E-040  1.00000E-040  1.00000E-040  1.00000E-040  5.80535E-023  1.00000E-040  1.00256E-040  8.64883E-013  1.20707E-007  1.59622E-005  1.20657E-009  5.19624E-008  2.11908E-001  2.91480E-009  2.83019E-004  3.07162E-019  1.62505E-011  1.00000E-040  1.04650E-034  2.21728E-023  1.51503E-014  6.32940E-008  7.84316E-022  4.27391E-033  1.00000E-040  1.00000E-040  1.00000E-040  5.42030E-020  3.63739E-019  1.47140E-015  6.81622E-013  1.48936E-036  1.00000E-040  5.25557E-019  3.97236E-031  3.75492E-011  3.47458E-016  7.87790E-001  1.87448E-021  2.29041E-022  9.48675E-023  1.00000E-040  3.74244E-038  2.46790E-026  1.28302E-021  2.33775E-008  4.21289E-017  1.34137E-010  3.17948E-016  1.74589E-008  2.64745E-011  3.04161E-006  1.04097E-009  2.43410E-013  3.05777E-014  1.00512E-010  8.63691E-011  5.07325E-011  2.98091E-032  2.06011E-033  1.00000E-040  8.53952E-030  1.34291E-036  8.15739E-023  5.38351E-017  1.75353E-012  3.84189E-020  1.61015E-019  1.00000E-040  5.18277E-038  1.00000E-040  1.00000E-040  1.04350E-026  3.59759E-035  1.36555E-032  9.18063E-022  1.29249E-018  5.42838E-025  3.82177E-030  1.93787E-027  5.22143E-018  4.78726E-016  3.70248E-015  9.87629E-023  1.61459E-022  1.00000E-040  7.48427E-017  1.31350E-035  1.10740E-021  2.00080E-030  4.34039E-023  1.70891E-025  3.88484E-014  1.62505E-022  6.24645E-015  1.68177E-038  1.27435E-014  1.00000E-040  1.00000E-040  1.90452E-019  1.00000E-040  5.51722E-024  2.24094E-013  1.26367E-036  1.00000E-003  1.00000E-005  1.00000E-005  1.00000E-005  1.00000E-005  1.00000E-005  1.00000E-005  1.00000E-005  1.00000E-005  1.00000E-005  1.00000E-005  1.00000E-005  1.00000E-005  1.00000E-005  1.00000E-005  1.00000E-005  
4.95000E+001  8.88807E-004  2.41159E+016  2.66944E+002  1.04470E+005  1.00000E-040  1.00000E-040  1.00000E-040  1.11574E-022  1.00000E-040  1.00000E-040  1.00000E-040  1.00000E-040  1.00000E-040  1.00000E-040  1.00000E-040  1.00000E-040  1.00000E-040  1.00000E-040  5.50489E-023  1.00000E-040  1.00312E-040  1.45263E-012  1.19764E-007  1.59640E-005  1.37147E-009  6.88368E-008  2.11901E-001  2.80021E-009  2.82980E-004  3.28810E-019  1.40925E-011  1.00000E-040  2.00858E-034  2.53834E-023  1.52961E-014  5.88002E-008  1.01393E-021  4.62463E-033  1.00000E-040  1.00000E-040  1.00000E-040  5.34211E-020  4.00926E-019  1.89184E-015  7.51657E-013  1.66897E-036  1.00000E-040  1.49336E-019  4.38885E-031  3.74115E-011  8.12005E-016  7.87797E-001  2.09801E-021  2.24434E-022  1.19170E-022  1.00000E-040  3.10077E-038  1.74918E-026  8.66671E-022  2.31465E-008  3.59159E-017  1.39164E-010  2.81553E-016  1.61384E-008  2.51808E-011  2.89718E-006  7.65299E-010  1.76753E-013  2.93929E-014  8.80612E-011  5.49017E-011  5.06314E-011  3.45587E-032  2.24721E-033  1.00000E-040  7.72891E-030  1.00286E-036  8.15554E-023  4.88354E-017  1.77232E-012  3.23093E-020  1.37421E-019  1.00000E-040  1.27872E-036  1.00000E-040  1.00000E-040  1.07659E-026  4.67892E-035  1.04577E-032  7.15811E-022  1.06751E-018  6.19383E-025  2.71814E-030  2.81448E-027  4.56967E-018  4.28952E-016  3.09292E-015  1.75597E-022  7.29752E-023  1.00000E-040  7.67349E-017  9.59507E-036  8.67884E-022  1.73276E-030  4.29867E-023  8.88891E-026  2.66049E-014  1.80859E-022  7.38791E-015  1.08497E-038  1.25505E-014  1.00000E-040  1.00000E-040  1.69647E-019  1.00000E-040  5.90169E-024  1.91681E-013  9.25473E-037  1.00000E-003  1.00000E-005  1.00000E-005  1.00000E-005  1.00000E-005  1.00000E-005  1.00000E-005  1.00000E-005  1.00000E-005  1.00000E-005  1.00000E-005  1.00000E-005  1.00000E-005  1.00000E-005  1.00000E-005  1.00000E-005  
5.05000E+001  7.83570E-004  2.13096E+016  2.66329E+002  1.14473E+005  1.00000E-040  1.00000E-040  1.00000E-040  2.51494E-022  1.00000E-040  1.00000E-040  1.00000E-040  1.00000E-040  1.00000E-040  1.00000E-040  1.00000E-040  1.00000E-040  1.00000E-040  1.00000E-040  5.08766E-023  1.00000E-040  1.00370E-040  2.34508E-012  1.19935E-007  1.59629E-005  1.53279E-009  8.95123E-008  2.11894E-001  2.70992E-009  2.82938E-004  3.46244E-019  1.21801E-011  1.00000E-040  3.48375E-034  2.73669E-023  1.48387E-014  5.50972E-008  1.30092E-021  5.02230E-033  1.00000E-040  1.00000E-040  1.00000E-040  5.28876E-020  4.38724E-019  2.44040E-015  8.24374E-013  1.78735E-036  1.00000E-040  4.29833E-020  4.62143E-031  3.72822E-011  1.75770E-015  7.87804E-001  2.32668E-021  2.15383E-022  1.46840E-022  1.00000E-040  2.54577E-038  1.23253E-026  5.58424E-022  2.27818E-008  3.18676E-017  1.44254E-010  2.45606E-016  1.49787E-008  2.40120E-011  2.75133E-006  5.60729E-010  1.25756E-013  2.78952E-014  7.70462E-011  3.45771E-011  5.05269E-011  3.99298E-032  2.40010E-033  1.00000E-040  6.83466E-030  7.33119E-037  8.15364E-023  4.22684E-017  1.72411E-012  2.57224E-020  1.11010E-019  1.00000E-040  1.00000E-040  1.00000E-040  1.00000E-040  1.09635E-026  5.78333E-035  7.48661E-033  5.30983E-022  8.92487E-019  6.62812E-025  1.90377E-030  3.85142E-027  4.11328E-018  3.73119E-016  2.59382E-015  2.82536E-022  3.45018E-023  1.00000E-040  7.99861E-017  6.90945E-036  6.46422E-022  1.59052E-030  4.25411E-023  4.44019E-026  1.78594E-014  1.98176E-022  8.59175E-015  6.87730E-039  1.23773E-014  1.00000E-040  1.00000E-040  1.42367E-019  1.00000E-040  6.17226E-024  1.66582E-013  6.70677E-037  1.00000E-003  1.00000E-005  1.00000E-005  1.00000E-005  1.00000E-005  1.00000E-005  1.00000E-005  1.00000E-005  1.00000E-005  1.00000E-005  1.00000E-005  1.00000E-005  1.00000E-005  1.00000E-005  1.00000E-005  1.00000E-005  
5.15000E+001  6.90574E-004  1.88444E+016  2.65426E+002  1.24475E+005  1.00000E-040  1.00000E-040  1.00000E-040  5.67013E-022  1.00000E-040  1.00000E-040  1.00000E-040  1.00000E-040  1.00000E-040  1.00000E-040  1.00000E-040  1.00000E-040  1.00000E-040  1.00000E-040  4.56866E-023  1.00000E-040  1.00431E-040  3.66257E-012  1.21136E-007  1.59592E-005  1.68953E-009  1.14564E-007  2.11886E-001  2.64597E-009  2.82895E-004  3.59961E-019  1.05277E-011  1.00000E-040  5.55288E-034  2.80708E-023  1.39231E-014  5.20363E-008  1.65953E-021  5.49807E-033  2.25117E-039  2.31680E-038  1.00000E-040  5.27328E-020  4.79158E-019  3.15582E-015  9.00069E-013  1.84516E-036  1.00000E-040  1.25628E-020  4.67365E-031  3.71597E-011  3.55678E-015  7.87812E-001  2.55888E-021  2.03192E-022  1.76845E-022  1.00000E-040  2.08841E-038  8.69948E-027  3.46639E-022  2.23048E-008  2.92824E-017  1.49344E-010  2.11748E-016  1.39508E-008  2.29181E-011  2.60712E-006  4.10109E-010  8.80345E-014  2.62174E-014  6.73048E-011  2.16171E-011  5.04182E-011  4.56676E-032  2.51686E-033  1.00000E-040  5.92574E-030  5.26491E-037  8.15169E-023  3.52059E-017  1.62420E-012  1.95784E-020  8.57372E-020  1.00000E-040  1.00000E-040  1.00000E-040  1.00000E-040  1.10371E-026  6.85284E-035  5.07828E-033  3.78330E-022  7.53912E-019  6.72409E-025  1.32537E-030  5.00747E-027  3.81866E-018  3.16572E-016  2.18376E-015  4.16929E-022  1.70497E-023  1.00000E-040  8.46372E-017  4.95025E-036  4.62065E-022  1.50508E-030  4.20733E-023  2.15014E-026  1.18001E-014  2.14399E-022  9.84768E-015  4.29886E-039  1.22231E-014  1.00000E-040  1.00000E-040  1.13629E-019  1.00000E-040  6.34674E-024  1.46972E-013  4.84153E-037  1.00000E-003  1.00000E-005  1.00000E-005  1.00000E-005  1.00000E-005  1.00000E-005  1.00000E-005  1.00000E-005  1.00000E-005  1.00000E-005  1.00000E-005  1.00000E-005  1.00000E-005  1.00000E-005  1.00000E-005  1.00000E-005  
5.25000E+001  6.08319E-004  1.66829E+016  2.64105E+002  1.34477E+005  1.00000E-040  1.00000E-040  1.00000E-040  1.27894E-021  1.00000E-040  1.00000E-040  1.00000E-040  1.00000E-040  1.00000E-040  1.00000E-040  1.00000E-040  1.00000E-040  1.00000E-040  1.00000E-040  3.97763E-023  1.00000E-040  1.00493E-040  5.55265E-012  1.23303E-007  1.59531E-005  1.84320E-009  1.44565E-007  2.11878E-001  2.61095E-009  2.82849E-004  3.69367E-019  9.11181E-012  1.00000E-040  8.19578E-034  2.75304E-023  1.26706E-014  4.95005E-008  2.10740E-021  6.10465E-033  1.00000E-040  1.00000E-040  1.00000E-040  5.32126E-020  5.26631E-019  4.10942E-015  9.79008E-013  1.84777E-036  1.00000E-040  3.74333E-021  4.49815E-031  3.70427E-011  6.82819E-015  7.87820E-001  2.77771E-021  1.87084E-022  2.06883E-022  1.00000E-040  1.72095E-038  6.18323E-027  2.09520E-022  2.17335E-008  2.76246E-017  1.54309E-010  1.80606E-016  1.30334E-008  2.19009E-011  2.47143E-006  2.99391E-010  6.08405E-014  2.44821E-014  5.88064E-011  1.34595E-011  5.03047E-011  5.15619E-032  2.60658E-033  1.00000E-040  5.07915E-030  3.65809E-037  8.14966E-023  2.84475E-017  1.48867E-012  1.43700E-020  6.38603E-020  1.00000E-040  1.00000E-040  1.00000E-040  1.00000E-040  1.10253E-026  7.80768E-035  3.30633E-033  2.60896E-022  6.37924E-019  6.48843E-025  9.19762E-031  6.15004E-027  3.68292E-018  2.63753E-016  1.84966E-015  5.72736E-022  8.79603E-024  1.00000E-040  9.22390E-017  3.57523E-036  3.19447E-022  1.43854E-030  4.15882E-023  1.02470E-026  7.70314E-015  2.30594E-022  1.11616E-014  2.61561E-039  1.20870E-014  1.00000E-040  1.00000E-040  8.67095E-020  1.00000E-040  6.37668E-024  1.31533E-013  3.49677E-037  1.00000E-003  1.00000E-005  1.00000E-005  1.00000E-005  1.00000E-005  1.00000E-005  1.00000E-005  1.00000E-005  1.00000E-005  1.00000E-005  1.00000E-005  1.00000E-005  1.00000E-005  1.00000E-005  1.00000E-005  1.00000E-005  
5.35000E+001  5.35528E-004  1.47667E+016  2.62672E+002  1.44478E+005  1.00000E-040  1.00000E-040  1.00000E-040  2.89124E-021  1.00000E-040  1.00000E-040  1.00000E-040  1.00000E-040  1.00000E-040  1.00000E-040  1.00000E-040  1.00000E-040  1.00000E-040  1.00000E-040  3.35797E-023  1.00000E-040  1.00560E-040  8.25473E-012  1.26393E-007  1.59448E-005  1.99334E-009  1.80639E-007  2.11870E-001  2.61095E-009  2.82800E-004  3.77148E-019  7.92906E-012  1.00000E-040  1.15156E-033  2.62304E-023  1.13136E-014  4.73929E-008  2.66886E-021  6.82864E-033  1.00000E-040  1.00000E-040  1.00000E-040  5.38461E-020  5.77422E-019  5.33859E-015  1.06164E-012  1.81240E-036  1.00000E-040  1.13933E-021  4.24215E-031  3.69298E-011  1.23941E-014  7.87829E-001  3.00301E-021  1.71066E-022  2.37357E-022  3.72844E-036  1.41662E-038  4.39390E-027  1.24060E-022  2.10816E-008  2.65166E-017  1.59241E-010  1.53299E-016  1.22095E-008  2.09143E-011  2.33942E-006  2.18461E-010  4.16037E-014  2.27397E-014  5.12282E-011  8.34002E-012  5.01855E-011  5.74618E-032  2.66201E-033  1.00000E-040  4.28837E-030  2.52717E-037  8.14753E-023  2.24969E-017  1.33709E-012  1.02778E-020  4.63729E-020  1.00000E-040  7.51971E-040  1.00000E-040  1.00000E-040  1.09151E-026  8.68481E-035  2.08813E-033  1.76002E-022  5.44100E-019  6.07298E-025  6.35945E-031  7.34149E-027  3.63248E-018  2.16174E-016  1.57277E-015  7.36533E-022  4.73060E-024  1.00000E-040  1.01180E-016  2.56477E-036  2.15922E-022  1.40201E-030  4.10889E-023  4.79409E-027  4.98239E-015  2.45556E-022  1.25239E-014  1.58568E-039  1.19678E-014  1.00000E-040  1.00000E-040  6.41371E-020  1.00000E-040  6.38711E-024  1.19283E-013  2.52894E-037  1.00000E-003  1.00000E-005  1.00000E-005  1.00000E-005  1.00000E-005  1.00000E-005  1.00000E-005  1.00000E-005  1.00000E-005  1.00000E-005  1.00000E-005  1.00000E-005  1.00000E-005  1.00000E-005  1.00000E-005  1.00000E-005  
5.45000E+001  4.71089E-004  1.30830E+016  2.60803E+002  1.54480E+005  1.00000E-040  1.00000E-040  1.00000E-040  6.54589E-021  1.00000E-040  1.00000E-040  1.00000E-040  1.00000E-040  1.00000E-040  1.00000E-040  1.00000E-040  1.00000E-040  1.00000E-040  1.00000E-040  2.74784E-023  1.00000E-040  1.00629E-040  1.20154E-011  1.30383E-007  1.59344E-005  2.14398E-009  2.23480E-007  2.11861E-001  2.65223E-009  2.82747E-004  3.81214E-019  6.92615E-012  1.00000E-040  1.53182E-033  2.42276E-023  9.88919E-015  4.56359E-008  3.37304E-021  7.75447E-033  1.17346E-038  1.17587E-037  1.00000E-040  5.50442E-020  6.38548E-019  6.98378E-015  1.14831E-012  1.74645E-036  1.00000E-040  3.55528E-022  3.81235E-031  3.68199E-011  2.16889E-014  7.87838E-001  3.19364E-021  1.52406E-022  2.64481E-022  1.00000E-040  1.17012E-038  3.13853E-027  7.27201E-023  2.03610E-008  2.56801E-017  1.63939E-010  1.29057E-016  1.14656E-008  1.99987E-011  2.22004E-006  1.59045E-010  2.82067E-014  2.10674E-014  4.46485E-011  5.15944E-012  5.00597E-011  6.32710E-032  2.70221E-033  1.00000E-040  3.60868E-030  1.67724E-037  8.14529E-023  1.75285E-017  1.17987E-012  7.20879E-021  3.30374E-020  1.00000E-040  2.68573E-040  1.00000E-040  1.00000E-040  1.07670E-026  9.39457E-035  1.29291E-033  1.16681E-022  4.60454E-019  5.47904E-025  4.37427E-031  8.32397E-027  3.70652E-018  1.75680E-016  1.34779E-015  9.00342E-022  2.64625E-024  1.00000E-040  1.14942E-016  1.86287E-036  1.43357E-022  1.37263E-030  4.05770E-023  2.24712E-027  3.20383E-015  2.61650E-022  1.39608E-014  9.29749E-040  1.18644E-014  1.00000E-040  1.00000E-040  4.59589E-020  1.00000E-040  6.25291E-024  1.09494E-013  1.83341E-037  1.00000E-003  1.00000E-005  1.00000E-005  1.00000E-005  1.00000E-005  1.00000E-005  1.00000E-005  1.00000E-005  1.00000E-005  1.00000E-005  1.00000E-005  1.00000E-005  1.00000E-005  1.00000E-005  1.00000E-005  1.00000E-005  
5.55000E+001  4.14035E-004  1.15824E+016  2.58914E+002  1.64481E+005  1.00000E-040  1.00000E-040  1.00000E-040  1.48753E-020  1.00000E-040  1.00000E-040  1.00000E-040  1.00000E-040  1.00000E-040  1.00000E-040  1.00000E-040  1.00000E-040  1.00000E-040  1.00000E-040  2.18306E-023  1.00000E-040  1.00704E-040  1.73033E-011  1.35264E-007  1.59220E-005  2.29388E-009  2.74933E-007  2.11851E-001  2.74669E-009  2.82691E-004  3.85095E-019  6.09202E-012  1.00000E-040  1.98456E-033  2.20347E-023  8.56043E-015  4.41652E-008  4.26119E-021  8.80427E-033  1.00000E-040  1.00000E-040  1.00000E-040  5.61273E-020  7.02579E-019  9.08593E-015  1.23958E-012  1.66592E-036  1.00000E-040  1.13851E-022  3.39339E-031  3.67115E-011  3.62369E-014  7.87847E-001  3.39163E-021  1.35491E-022  2.90328E-022  1.00000E-040  9.61711E-039  2.23035E-027  4.23000E-023  1.95819E-008  2.49775E-017  1.68590E-010  1.08722E-016  1.07907E-008  1.91050E-011  2.10454E-006  1.15688E-010  1.89668E-014  1.94645E-014  3.87632E-011  3.17916E-012  4.99264E-011  6.89329E-032  2.71542E-033  1.00000E-040  3.00268E-030  1.11145E-037  8.14292E-023  1.35491E-017  1.02877E-012  5.00045E-021  2.32920E-020  1.00000E-040  1.00000E-040  1.00000E-040  1.00000E-040  1.05488E-026  1.00381E-034  7.90039E-034  7.67362E-023  3.91739E-019  4.86452E-025  2.98926E-031  9.29528E-027  3.82941E-018  1.41298E-016  1.15946E-015  1.04616E-021  1.53662E-024  1.00000E-040  1.31367E-016  1.33868E-036  9.43852E-023  1.37333E-030  4.00534E-023  1.04488E-027  2.04952E-015  2.76738E-022  1.54578E-014  5.44836E-040  1.17751E-014  1.00000E-040  1.00000E-040  3.23156E-020  1.00000E-040  6.14242E-024  1.01618E-013  1.33099E-037  1.00000E-003  1.00000E-005  1.00000E-005  1.00000E-005  1.00000E-005  1.00000E-005  1.00000E-005  1.00000E-005  1.00000E-005  1.00000E-005  1.00000E-005  1.00000E-005  1.00000E-005  1.00000E-005  1.00000E-005  1.00000E-005  
5.65000E+001  3.63531E-004  1.02586E+016  2.56667E+002  1.74482E+005  1.00000E-040  1.00000E-040  1.00000E-040  3.38965E-020  1.00000E-040  1.00000E-040  1.00000E-040  1.00000E-040  1.00000E-040  1.00000E-040  1.00000E-040  1.00000E-040  1.00000E-040  1.00000E-040  1.68502E-023  1.00000E-040  1.00783E-040  2.45747E-011  1.41044E-007  1.59076E-005  2.44766E-009  3.36047E-007  2.11841E-001  2.90842E-009  2.82631E-004  3.86369E-019  5.38259E-012  1.00000E-040  2.48007E-033  1.96457E-023  7.31160E-015  4.29290E-008  5.38333E-021  1.01033E-032  6.36347E-039  6.27083E-038  1.00000E-040  5.74525E-020  7.76224E-019  1.18537E-014  1.33589E-012  1.57548E-036  1.00000E-040  3.75161E-023  2.90110E-031  3.66034E-011  5.88594E-014  7.87858E-001  3.54417E-021  1.17748E-022  3.10888E-022  1.00000E-040  7.92192E-039  1.58999E-027  2.46294E-023  1.87536E-008  2.42744E-017  1.72992E-010  9.10945E-017  1.01756E-008  1.82724E-011  2.00047E-006  8.39047E-011  1.26684E-014  1.79695E-014  3.36365E-011  1.95583E-012  4.97847E-011  7.44190E-032  2.72040E-033  1.00000E-040  2.49697E-030  7.09645E-038  8.14040E-023  1.04432E-017  8.87584E-013  3.44633E-021  1.63273E-020  1.00000E-040  1.00000E-040  1.00000E-040  1.00000E-040  1.03161E-026  1.05341E-034  4.80230E-034  5.01942E-023  3.29544E-019  4.21266E-025  2.03127E-031  9.95760E-027  4.04613E-018  1.13267E-016  1.00491E-015  1.17076E-021  9.23816E-025  1.00000E-040  1.54990E-016  9.73051E-037  6.17851E-023  1.37897E-030  3.95183E-023  4.91197E-028  1.30811E-015  2.93496E-022  1.70503E-014  3.09387E-040  1.16986E-014  1.00000E-040  1.00000E-040  2.22370E-020  1.00000E-040  5.92283E-024  9.52417E-014  9.68391E-038  1.00000E-003  1.00000E-005  1.00000E-005  1.00000E-005  1.00000E-005  1.00000E-005  1.00000E-005  1.00000E-005  1.00000E-005  1.00000E-005  1.00000E-005  1.00000E-005  1.00000E-005  1.00000E-005  1.00000E-005  1.00000E-005  
5.75000E+001  3.18827E-004  9.07963E+015  2.54334E+002  1.84483E+005  1.00000E-040  1.00000E-040  1.00000E-040  7.75799E-020  1.00000E-040  1.00000E-040  1.00000E-040  1.00000E-040  1.00000E-040  1.00000E-040  1.00000E-040  1.00000E-040  1.00000E-040  1.00000E-040  1.26553E-023  1.00000E-040  1.00868E-040  3.46541E-011  1.47745E-007  1.58911E-005  2.60472E-009  4.09244E-007  2.11830E-001  3.15902E-009  2.82567E-004  3.87353E-019  4.78321E-012  1.00000E-040  3.04350E-033  1.73360E-023  6.20537E-015  4.18847E-008  6.80818E-021  1.15873E-032  1.00000E-040  1.00000E-040  1.00000E-040  5.85313E-020  8.53230E-019  1.53811E-014  1.43787E-012  1.48354E-036  1.00000E-040  1.27395E-023  2.44333E-031  3.64943E-011  9.24176E-014  7.87869E-001  3.68396E-021  1.01608E-022  3.27909E-022  1.00000E-040  6.51760E-039  1.13175E-027  1.43803E-023  1.78859E-008  2.35400E-017  1.77285E-010  7.64850E-017  9.61306E-009  1.74714E-011  1.90173E-006  6.07206E-011  8.40264E-015  1.65717E-014  2.90916E-011  1.19936E-012  4.96333E-011  7.97164E-032  2.71024E-033  1.00000E-040  2.06397E-030  4.47528E-038  8.13769E-023  8.06538E-018  7.60269E-013  2.37355E-021  1.14455E-020  1.00000E-040  1.00000E-040  1.00000E-040  1.00000E-040  1.00475E-026  1.09597E-034  2.91668E-034  3.28681E-023  2.76738E-019  3.60479E-025  1.37415E-031  1.04773E-026  4.30857E-018  9.03095E-017  8.74779E-016  1.26208E-021  5.73742E-025  1.00000E-040  1.85959E-016  7.05927E-037  4.04779E-023  1.40045E-030  3.89716E-023  2.31942E-028  8.32834E-016  3.10428E-022  1.87313E-014  1.73847E-040  1.16333E-014  1.00000E-040  1.00000E-040  1.50887E-020  1.00000E-040  5.70160E-024  9.00480E-014  7.06342E-038  1.00000E-003  1.00000E-005  1.00000E-005  1.00000E-005  1.00000E-005  1.00000E-005  1.00000E-005  1.00000E-005  1.00000E-005  1.00000E-005  1.00000E-005  1.00000E-005  1.00000E-005  1.00000E-005  1.00000E-005  1.00000E-005  
5.85000E+001  2.79286E-004  8.03101E+015  2.51881E+002  1.94484E+005  1.00000E-040  1.00000E-040  1.00000E-040  1.78364E-019  1.00000E-040  1.00000E-040  1.00000E-040  1.00000E-040  1.00000E-040  1.00000E-040  1.00000E-040  1.00000E-040  1.00000E-040  1.00000E-040  9.26157E-024  1.00000E-040  1.00959E-040  4.85698E-011  1.55403E-007  1.58726E-005  2.76699E-009  4.96853E-007  2.11819E-001  3.52702E-009  2.82497E-004  3.87896E-019  4.27180E-012  1.00000E-040  3.67560E-033  1.51623E-023  5.23772E-015  4.09970E-008  8.62328E-021  1.32801E-032  1.29725E-038  1.26104E-037  1.00000E-040  5.92902E-020  9.32914E-019  1.98476E-014  1.54618E-012  1.39347E-036  1.00000E-040  4.47055E-024  2.02087E-031  3.63829E-011  1.41000E-013  7.87880E-001  3.79966E-021  8.68401E-023  3.40410E-022  1.00000E-040  5.37083E-039  8.06638E-028  8.45400E-024  1.69881E-008  2.27427E-017  1.81447E-010  6.43061E-017  9.09664E-009  1.67074E-011  1.80887E-006  4.38268E-011  5.53756E-015  1.52746E-014  2.50854E-011  7.33126E-013  4.94712E-011  8.48233E-032  2.68974E-033  1.00000E-040  1.69921E-030  2.77430E-038  8.13479E-023  6.26533E-018  6.47550E-013  1.64009E-021  8.05568E-021  1.00000E-040  1.00000E-040  1.00000E-040  1.00000E-040  9.75663E-027  1.13105E-034  1.77829E-034  2.16199E-023  2.31303E-019  3.05058E-025  9.27347E-032  1.08031E-026  4.61493E-018  7.17349E-017  7.64853E-016  1.31741E-021  3.67152E-025  1.00000E-040  2.27828E-016  5.13776E-037  2.66324E-023  1.43014E-030  3.84126E-023  1.10583E-028  5.29426E-016  3.28108E-022  2.05154E-014  1.00000E-040  1.15777E-014  1.00000E-040  1.00000E-040  1.01111E-020  1.00000E-040  5.46366E-024  8.57925E-014  5.17446E-038  1.00000E-003  1.00000E-005  1.00000E-005  1.00000E-005  1.00000E-005  1.00000E-005  1.00000E-005  1.00000E-005  1.00000E-005  1.00000E-005  1.00000E-005  1.00000E-005  1.00000E-005  1.00000E-005  1.00000E-005  1.00000E-005  
5.95000E+001  2.44322E-004  7.10350E+015  2.49119E+002  2.04485E+005  1.00000E-040  1.00000E-040  1.00000E-040  4.11815E-019  1.00000E-040  1.00000E-040  1.00000E-040  1.00000E-040  1.00000E-040  1.00000E-040  1.00000E-040  1.00000E-040  1.00000E-040  1.00000E-040  6.60932E-024  1.00000E-040  1.01057E-040  6.75529E-011  1.64066E-007  1.58518E-005  2.93865E-009  6.01209E-007  2.11806E-001  4.05050E-009  2.82421E-004  3.86648E-019  3.82916E-012  1.00000E-040  4.34478E-033  1.31089E-023  4.38760E-015  4.02377E-008  1.09406E-020  1.52419E-032  1.00000E-040  1.00000E-040  1.00000E-040  5.97798E-020  1.01664E-018  2.55165E-014  1.66141E-012  1.30645E-036  1.00000E-040  1.63562E-024  1.61066E-031  3.62678E-011  2.11258E-013  7.87893E-001  3.84293E-021  7.25762E-023  3.45787E-022  1.00000E-040  4.46357E-039  5.80019E-028  5.02801E-024  1.60701E-008  2.18531E-017  1.85368E-010  5.35195E-017  8.62126E-009  1.59996E-011  1.72533E-006  3.15112E-011  3.62991E-015  1.40847E-014  2.16075E-011  4.47426E-013  4.92969E-011  8.97471E-032  2.67032E-033  1.00000E-040  1.40195E-030  1.65336E-038  8.13165E-023  4.91147E-018  5.48803E-013  1.14039E-021  5.71118E-021  1.00000E-040  1.00000E-040  1.00000E-040  1.00000E-040  9.47393E-027  1.15348E-034  1.09319E-034  1.43048E-023  1.90355E-019  2.53942E-025  6.26168E-032  1.07360E-026  4.98165E-018  5.69811E-017  6.72802E-016  1.34149E-021  2.41490E-025  1.00000E-040  2.85089E-016  3.81126E-037  1.76206E-023  1.45112E-030  3.78408E-023  5.37959E-029  3.36511E-016  3.48624E-022  2.24434E-014  1.00000E-040  1.15305E-014  1.00000E-040  1.00000E-040  6.67603E-021  1.00000E-040  5.14091E-024  8.22870E-014  3.82496E-038  1.00000E-003  1.00000E-005  1.00000E-005  1.00000E-005  1.00000E-005  1.00000E-005  1.00000E-005  1.00000E-005  1.00000E-005  1.00000E-005  1.00000E-005  1.00000E-005  1.00000E-005  1.00000E-005  1.00000E-005  1.00000E-005  
6.05000E+001  2.13423E-004  6.27550E+015  2.46326E+002  2.14485E+005  1.00000E-040  1.00000E-040  1.00000E-040  9.56423E-019  1.00000E-040  1.00000E-040  1.00000E-040  1.00000E-040  1.00000E-040  1.00000E-040  1.00000E-040  1.00000E-040  1.00000E-040  1.00000E-040  4.60451E-024  1.00000E-040  1.01164E-040  9.37631E-011  1.73797E-007  1.58288E-005  3.11795E-009  7.26601E-007  2.11792E-001  4.78183E-009  2.82339E-004  3.85835E-019  3.44782E-012  1.00000E-040  5.10237E-033  1.12893E-023  3.66825E-015  3.95827E-008  1.39095E-020  1.73637E-032  3.77221E-039  3.57588E-038  1.00000E-040  5.95869E-020  1.09612E-018  3.24711E-014  1.78450E-012  1.22522E-036  1.00000E-040  6.37945E-025  1.27036E-031  3.61477E-011  3.08545E-013  7.87907E-001  3.85528E-021  6.03204E-023  3.47378E-022  1.00000E-040  3.72977E-039  4.18979E-028  3.02496E-024  1.51429E-008  2.09067E-017  1.89212E-010  4.42615E-017  8.18253E-009  1.53175E-011  1.64485E-006  2.25975E-011  2.36513E-015  1.29802E-014  1.85413E-011  2.72125E-013  4.91091E-011  9.44612E-032  2.64233E-033  1.00000E-040  1.15095E-030  9.73259E-039  8.12826E-023  3.89596E-018  4.63792E-013  8.00694E-022  4.09183E-021  1.00000E-040  1.00000E-040  1.00000E-040  1.00000E-040  9.17038E-027  1.17065E-034  6.78882E-035  9.56621E-024  1.56148E-019  2.10297E-025  4.23876E-032  1.05270E-026  5.35774E-018  4.50677E-017  5.93275E-016  1.32974E-021  1.62904E-025  1.00000E-040  3.56123E-016  2.84059E-037  1.17811E-023  1.47641E-030  3.72550E-023  2.64706E-029  2.13602E-016  3.69943E-022  2.44967E-014  1.00000E-040  1.14902E-014  1.00000E-040  1.00000E-040  4.36908E-021  1.00000E-040  4.83503E-024  7.93818E-014  2.87722E-038  1.00000E-003  1.00000E-005  1.00000E-005  1.00000E-005  1.00000E-005  1.00000E-005  1.00000E-005  1.00000E-005  1.00000E-005  1.00000E-005  1.00000E-005  1.00000E-005  1.00000E-005  1.00000E-005  1.00000E-005  1.00000E-005  
6.15000E+001  1.86150E-004  5.53752E+015  2.43480E+002  2.24486E+005  1.00000E-040  1.00000E-040  1.00000E-040  2.23452E-018  1.00000E-040  1.00000E-040  1.00000E-040  1.00000E-040  1.00000E-040  1.00000E-040  1.00000E-040  1.00000E-040  1.00000E-040  1.00000E-040  3.13488E-024  1.00000E-040  1.01280E-040  1.29916E-010  1.84678E-007  1.58033E-005  3.30640E-009  8.77221E-007  2.11777E-001  5.78938E-009  2.82249E-004  3.85295E-019  3.11670E-012  1.00000E-040  5.95606E-033  9.68805E-024  3.06158E-015  3.90120E-008  1.77200E-020  1.96262E-032  1.00000E-040  1.00000E-040  1.00000E-040  5.86753E-020  1.16916E-018  4.08979E-014  1.91643E-012  1.15016E-036  1.00000E-040  2.81704E-025  9.89132E-032  3.60212E-011  4.40744E-013  7.87922E-001  3.82483E-021  4.97662E-023  3.45591E-022  1.00000E-040  3.14039E-039  3.04724E-028  1.84493E-024  1.42169E-008  1.99114E-017  1.92967E-010  3.61672E-017  7.77652E-009  1.46599E-011  1.56747E-006  1.61651E-011  1.53286E-015  1.19533E-014  1.58514E-011  1.64897E-013  4.89059E-011  9.89374E-032  2.60722E-033  1.00000E-040  9.40538E-031  5.64565E-039  8.12457E-023  3.13333E-018  3.91249E-013  5.68868E-022  2.96880E-021  1.00000E-040  1.00000E-040  1.00000E-040  1.00000E-040  8.85268E-027  1.18144E-034  4.26899E-035  6.47701E-024  1.27448E-019  1.73252E-025  2.88144E-032  1.01544E-026  5.73522E-018  3.54999E-017  5.24289E-016  1.28724E-021  1.12436E-025  1.00000E-040  4.38171E-016  2.13474E-037  7.97362E-024  1.50147E-030  3.66536E-023  1.32128E-029  1.35466E-016  3.92524E-022  2.66874E-014  1.00000E-040  1.14557E-014  1.00000E-040  1.00000E-040  2.83635E-021  1.00000E-040  4.53489E-024  7.69576E-014  2.24744E-038  1.00000E-003  1.00000E-005  1.00000E-005  1.00000E-005  1.00000E-005  1.00000E-005  1.00000E-005  1.00000E-005  1.00000E-005  1.00000E-005  1.00000E-005  1.00000E-005  1.00000E-005  1.00000E-005  1.00000E-005  1.00000E-005  
6.25000E+001  1.62104E-004  4.88073E+015  2.40561E+002  2.34487E+005  1.00000E-040  1.00000E-040  1.00000E-040  5.25250E-018  1.00000E-040  1.00000E-040  1.00000E-040  1.00000E-040  1.00000E-040  1.00000E-040  1.00000E-040  1.00000E-040  1.00000E-040  1.00000E-040  2.08730E-024  1.00000E-040  1.01407E-040  1.79805E-010  1.96806E-007  1.57752E-005  3.50620E-009  1.05838E-006  2.11761E-001  7.16191E-009  2.82151E-004  3.84965E-019  2.82732E-012  1.00000E-040  6.91647E-033  8.28760E-024  2.55117E-015  3.85091E-008  2.26151E-020  2.19888E-032  1.00000E-040  1.00000E-040  1.00000E-040  5.70487E-020  1.23324E-018  5.09716E-014  2.05833E-012  1.08095E-036  1.00000E-040  1.58213E-025  7.58521E-032  3.58866E-011  6.17565E-013  7.87938E-001  3.74488E-021  4.06819E-023  3.40536E-022  1.00000E-040  2.67014E-039  2.23648E-028  1.14231E-024  1.33025E-008  1.88818E-017  1.96644E-010  2.91339E-017  7.39992E-009  1.40299E-011  1.49359E-006  1.15385E-011  9.89000E-016  1.10001E-014  1.35071E-011  9.96022E-014  4.86854E-011  1.03172E-031  2.56777E-033  1.00000E-040  7.65921E-031  3.21554E-039  8.12055E-023  2.55847E-018  3.29697E-013  4.09541E-022  2.18446E-021  1.00000E-040  1.00000E-040  1.00000E-040  1.00000E-040  8.52853E-027  1.18400E-034  2.72297E-035  4.44448E-024  1.03328E-019  1.41991E-025  1.97026E-032  9.60443E-027  6.10350E-018  2.78449E-017  4.64211E-016  1.21993E-021  7.92089E-026  1.00000E-040  5.25969E-016  1.62361E-037  5.46843E-024  1.52267E-030  3.60347E-023  6.70344E-030  8.58446E-017  4.16969E-022  2.90368E-014  1.00000E-040  1.14258E-014  1.00000E-040  1.00000E-040  1.82689E-021  1.00000E-040  4.23265E-024  7.49193E-014  1.90294E-038  1.00000E-003  1.00000E-005  1.00000E-005  1.00000E-005  1.00000E-005  1.00000E-005  1.00000E-005  1.00000E-005  1.00000E-005  1.00000E-005  1.00000E-005  1.00000E-005  1.00000E-005  1.00000E-005  1.00000E-005  1.00000E-005  
6.35000E+001  1.40930E-004  4.29592E+015  2.37610E+002  2.44487E+005  1.00000E-040  1.00000E-040  1.00000E-040  1.24269E-017  1.00000E-040  1.00000E-040  1.00000E-040  1.00000E-040  1.00000E-040  1.00000E-040  1.00000E-040  1.00000E-040  1.00000E-040  1.00000E-040  1.36006E-024  1.00000E-040  1.01545E-040  2.48956E-010  2.10299E-007  1.57441E-005  3.71883E-009  1.27700E-006  2.11743E-001  9.01416E-009  2.82043E-004  3.85238E-019  2.57331E-012  1.00000E-040  8.01685E-033  7.07838E-024  2.12457E-015  3.80601E-008  2.89107E-020  2.43843E-032  6.60309E-039  6.23193E-038  1.00000E-040  5.47309E-020  1.28561E-018  6.28369E-014  2.21154E-012  1.01734E-036  1.00000E-040  1.24258E-025  5.75191E-032  3.57424E-011  8.49153E-013  7.87956E-001  3.62684E-021  3.30268E-023  3.33279E-022  1.00000E-040  2.29341E-039  1.65667E-028  7.18232E-025  1.24099E-008  1.78414E-017  2.00303E-010  2.32562E-017  7.04982E-009  1.34251E-011  1.42241E-006  8.22470E-012  6.35670E-016  1.01147E-014  1.14704E-011  5.99862E-014  4.84455E-011  1.07163E-031  2.52379E-033  1.00000E-040  6.21080E-031  1.80422E-039  8.11615E-023  2.12260E-018  2.77737E-013  2.99039E-022  1.63147E-021  1.00000E-040  1.00000E-040  1.00000E-040  1.00000E-040  8.19770E-027  1.17795E-034  1.76339E-035  3.09397E-024  8.33545E-020  1.16011E-025  1.35656E-032  8.92348E-027  6.44623E-018  2.17134E-017  4.11406E-016  1.13295E-021  5.68189E-026  1.00000E-040  6.12873E-016  1.24849E-037  3.80418E-024  1.54119E-030  3.53962E-023  3.45318E-030  5.43342E-017  4.43241E-022  3.15572E-014  1.00000E-040  1.13996E-014  1.00000E-040  1.00000E-040  1.16893E-021  1.00000E-040  3.94038E-024  7.31903E-014  1.87168E-038  1.00000E-003  1.00000E-005  1.00000E-005  1.00000E-005  1.00000E-005  1.00000E-005  1.00000E-005  1.00000E-005  1.00000E-005  1.00000E-005  1.00000E-005  1.00000E-005  1.00000E-005  1.00000E-005  1.00000E-005  1.00000E-005  
6.45000E+001  1.22314E-004  3.77507E+015  2.34675E+002  2.54488E+005  1.00000E-040  1.00000E-040  1.00000E-040  2.96010E-017  1.00000E-040  1.00000E-040  1.00000E-040  1.00000E-040  1.00000E-040  1.00000E-040  1.00000E-040  1.00000E-040  1.00000E-040  1.00000E-040  8.67860E-025  1.00000E-040  1.01698E-040  3.45361E-010  2.25296E-007  1.57097E-005  3.94558E-009  1.54176E-006  2.11724E-001  1.14932E-008  2.81925E-004  3.86518E-019  2.34919E-012  1.00000E-040  9.30652E-033  6.04558E-024  1.76997E-015  3.76532E-008  3.70194E-020  2.67543E-032  1.00000E-040  1.00000E-040  1.00000E-040  5.18178E-020  1.32489E-018  7.66569E-014  2.37759E-012  9.59191E-037  1.00000E-040  1.28957E-025  4.33519E-032  3.55870E-011  1.14573E-012  7.87975E-001  3.48569E-021  2.67095E-023  3.25231E-022  1.00000E-040  1.98873E-039  1.23763E-028  4.58494E-025  1.15485E-008  1.68136E-017  2.04014E-010  1.85575E-017  6.72368E-009  1.28412E-011  1.35307E-006  5.86067E-012  4.07334E-016  9.29107E-015  9.70542E-012  3.60278E-014  4.81835E-011  1.10910E-031  2.47406E-033  1.00000E-040  5.00821E-031  1.00248E-039  8.11132E-023  1.78957E-018  2.34051E-013  2.21545E-022  1.23709E-021  1.00000E-040  1.00000E-040  1.00000E-040  1.00000E-040  7.85877E-027  1.16300E-034  1.15988E-035  2.18635E-024  6.70642E-020  9.47041E-026  9.40854E-033  8.16089E-027  6.75137E-018  1.67989E-017  3.64577E-016  1.03175E-021  4.13978E-026  1.00000E-040  6.93172E-016  9.68300E-038  2.68614E-024  1.55947E-030  3.47354E-023  1.80295E-030  3.43314E-017  4.71119E-022  3.42565E-014  1.00000E-040  1.13762E-014  1.00000E-040  1.00000E-040  7.44145E-022  1.00000E-040  3.67024E-024  7.17081E-014  2.27164E-038  1.00000E-003  1.00000E-005  1.00000E-005  1.00000E-005  1.00000E-005  1.00000E-005  1.00000E-005  1.00000E-005  1.00000E-005  1.00000E-005  1.00000E-005  1.00000E-005  1.00000E-005  1.00000E-005  1.00000E-005  1.00000E-005  
6.55000E+001  1.05975E-004  3.31055E+015  2.31857E+002  2.64488E+005  1.00000E-040  1.00000E-040  1.00000E-040  7.10175E-017  1.00000E-040  1.00000E-040  1.00000E-040  1.00000E-040  1.00000E-040  1.00000E-040  1.00000E-040  1.00000E-040  1.00000E-040  1.00000E-040  5.42848E-025  1.00000E-040  1.01865E-040  4.81140E-010  2.41964E-007  1.56718E-005  4.18697E-009  1.86412E-006  2.11702E-001  1.47862E-008  2.81793E-004  3.89561E-019  2.15000E-012  1.00000E-040  1.08827E-032  5.17737E-024  1.47748E-015  3.72784E-008  4.74964E-020  2.90660E-032  3.22145E-040  1.42028E-039  1.00000E-040  4.84616E-020  1.35134E-018  9.26579E-014  2.55824E-012  9.06456E-037  1.00000E-040  1.54636E-025  3.28578E-032  3.54182E-011  1.51436E-012  7.87997E-001  3.34515E-021  2.16768E-023  3.17902E-022  1.71760E-037  1.73792E-039  9.30420E-029  2.96909E-025  1.07264E-008  1.58257E-017  2.07915E-010  1.49484E-017  6.41915E-009  1.22750E-011  1.28394E-006  4.18113E-012  2.60402E-016  8.52492E-015  8.17928E-012  2.15795E-014  4.78966E-011  1.14422E-031  2.41629E-033  1.00000E-040  4.00600E-031  5.58005E-040  8.10601E-023  1.53276E-018  1.97413E-013  1.66534E-022  9.52124E-022  1.00000E-040  1.00000E-040  1.00000E-040  1.00000E-040  7.50514E-027  1.13978E-034  7.74924E-036  1.56961E-024  5.41212E-020  7.75776E-026  6.57616E-033  7.40369E-027  7.00990E-018  1.28511E-017  3.22527E-016  9.21233E-022  3.05536E-026  1.00000E-040  7.63348E-016  7.52689E-038  1.92693E-024  1.58482E-030  3.40491E-023  9.50204E-031  2.16325E-017  4.99515E-022  3.71265E-014  1.00000E-040  1.13549E-014  1.00000E-040  1.00000E-040  4.72503E-022  1.00000E-040  3.44672E-024  7.04213E-014  3.37148E-038  1.00000E-003  1.00000E-005  1.00000E-005  1.00000E-005  1.00000E-005  1.00000E-005  1.00000E-005  1.00000E-005  1.00000E-005  1.00000E-005  1.00000E-005  1.00000E-005  1.00000E-005  1.00000E-005  1.00000E-005  1.00000E-005  
6.65000E+001  9.16610E-005  2.89904E+015  2.29006E+002  2.74489E+005  1.00000E-040  1.00000E-040  1.00000E-040  1.71473E-016  1.00000E-040  1.00000E-040  1.00000E-040  1.00000E-040  1.00000E-040  1.00000E-040  1.00000E-040  1.00000E-040  1.00000E-040  1.00000E-040  3.32955E-025  1.00000E-040  1.02051E-040  6.72052E-010  2.60496E-007  1.56298E-005  4.44927E-009  2.25639E-006  2.11678E-001  1.91272E-008  2.81647E-004  3.93424E-019  1.97226E-012  1.00000E-040  1.27506E-032  4.43368E-024  1.23315E-015  3.69269E-008  6.10219E-020  3.12912E-032  1.00000E-040  1.00000E-040  1.00000E-040  4.48326E-020  1.36565E-018  1.11077E-013  2.75549E-012  8.58234E-037  1.00000E-040  1.96254E-025  2.46348E-032  3.52341E-011  1.97255E-012  7.88021E-001  3.17700E-021  1.74608E-023  3.09742E-022  1.00000E-040  1.53503E-039  7.06424E-029  1.95182E-025  9.94989E-009  1.48786E-017  2.11960E-010  1.21562E-017  6.13422E-009  1.17423E-011  1.21797E-006  2.98761E-012  1.66426E-016  7.81953E-015  6.87831E-012  1.29191E-014  4.75815E-011  1.17724E-031  2.35786E-033  1.00000E-040  3.19419E-031  3.05781E-040  8.10014E-023  1.33276E-018  1.66650E-013  1.26906E-022  7.43383E-022  1.00000E-040  1.00000E-040  1.00000E-040  1.00000E-040  7.15767E-027  1.10268E-034  5.26093E-036  1.14221E-024  4.34339E-020  6.34449E-026  4.63087E-033  6.53521E-027  7.23057E-018  9.73569E-018  2.85251E-016  8.08952E-022  2.27778E-026  1.00000E-040  8.22291E-016  5.92741E-038  1.40104E-024  1.60580E-030  3.33340E-023  5.08352E-031  1.36063E-017  5.30982E-022  4.02299E-014  1.00000E-040  1.13349E-014  1.00000E-040  1.00000E-040  2.98568E-022  1.00000E-040  3.22557E-024  6.92878E-014  5.70577E-038  1.00000E-003  1.00000E-005  1.00000E-005  1.00000E-005  1.00000E-005  1.00000E-005  1.00000E-005  1.00000E-005  1.00000E-005  1.00000E-005  1.00000E-005  1.00000E-005  1.00000E-005  1.00000E-005  1.00000E-005  1.00000E-005  
6.75000E+001  7.91388E-005  2.53493E+015  2.26121E+002  2.84489E+005  1.00000E-040  1.00000E-040  1.00000E-040  4.16679E-016  1.00000E-040  1.00000E-040  1.00000E-040  1.00000E-040  1.00000E-040  1.00000E-040  1.00000E-040  1.00000E-040  1.00000E-040  1.00000E-040  2.00346E-025  1.00000E-040  1.02257E-040  9.41898E-010  2.81106E-007  1.55833E-005  4.73666E-009  2.73522E-006  2.11652E-001  2.48080E-008  2.81485E-004  3.98198E-019  1.81310E-012  1.00000E-040  1.51302E-032  3.79839E-024  1.02920E-015  3.65914E-008  7.85012E-020  3.33913E-032  1.00000E-040  1.00000E-040  1.00000E-040  4.10698E-020  1.36838E-018  1.32154E-013  2.97157E-012  8.14238E-037  1.00000E-040  2.53720E-025  1.82686E-032  3.50323E-011  2.53396E-012  7.88047E-001  2.98356E-021  1.39527E-023  3.01014E-022  1.00000E-040  1.37065E-039  5.41788E-029  1.30170E-025  9.22463E-009  1.39869E-017  2.16222E-010  1.00127E-017  5.86719E-009  1.12469E-011  1.15511E-006  2.14078E-012  1.06480E-016  7.17315E-015  5.77604E-012  7.74341E-015  4.72343E-011  1.20820E-031  2.30042E-033  1.00000E-040  2.54024E-031  1.64648E-040  8.09363E-023  1.17533E-018  1.40823E-013  9.79626E-023  5.88321E-022  1.00000E-040  1.00000E-040  1.00000E-040  1.00000E-040  6.81861E-027  1.05078E-034  3.62860E-036  8.41695E-025  3.46514E-020  5.18215E-026  3.28560E-033  5.58264E-027  7.41223E-018  7.29293E-018  2.52125E-016  6.98915E-022  1.71041E-026  1.00000E-040  8.70103E-016  4.73264E-038  1.03147E-024  1.62194E-030  3.25867E-023  2.75933E-031  8.54054E-018  5.66251E-022  4.35968E-014  1.00000E-040  1.13159E-014  1.00000E-040  1.00000E-040  1.87757E-022  1.00000E-040  3.00693E-024  6.82729E-014  1.02873E-037  1.00000E-003  1.00000E-005  1.00000E-005  1.00000E-005  1.00000E-005  1.00000E-005  1.00000E-005  1.00000E-005  1.00000E-005  1.00000E-005  1.00000E-005  1.00000E-005  1.00000E-005  1.00000E-005  1.00000E-005  1.00000E-005  
6.85000E+001  6.82047E-005  2.21139E+015  2.23391E+002  2.94489E+005  1.00000E-040  1.00000E-040  1.00000E-040  1.01964E-015  1.00000E-040  1.00000E-040  1.00000E-040  1.00000E-040  1.00000E-040  1.00000E-040  1.00000E-040  1.00000E-040  1.00000E-040  1.00000E-040  1.18451E-025  1.00000E-040  1.02486E-040  1.32924E-009  3.04055E-007  1.55317E-005  5.04848E-009  3.32341E-006  2.11622E-001  3.21961E-008  2.81303E-004  4.05107E-019  1.66859E-012  1.00000E-040  2.78105E-032  3.26921E-024  8.61086E-016  3.62648E-008  1.01244E-019  3.54274E-032  1.00000E-040  1.00000E-040  1.00000E-040  3.73350E-020  1.36311E-018  1.56419E-013  3.20888E-012  7.74999E-037  1.00000E-040  3.29140E-025  1.40081E-032  3.48101E-011  3.19685E-012  7.88076E-001  2.80029E-021  1.12244E-023  2.93952E-022  1.00000E-040  1.23371E-039  4.18202E-029  8.79334E-026  8.55472E-009  1.31791E-017  2.20963E-010  8.38912E-018  5.61643E-009  1.07810E-011  1.09198E-006  1.54178E-012  6.82202E-017  6.58003E-015  4.84031E-012  4.64684E-015  4.68506E-011  1.23679E-031  2.23873E-033  1.00000E-040  2.00405E-031  1.00000E-040  8.08641E-023  1.04992E-018  1.19164E-013  7.65579E-023  4.71411E-022  1.00000E-040  1.00000E-040  1.00000E-040  1.00000E-040  6.46976E-027  9.87919E-035  2.54186E-036  6.28916E-025  2.77923E-020  4.25882E-026  2.35231E-033  4.70057E-027  7.55576E-018  5.37377E-018  2.22100E-016  5.93512E-022  1.28978E-026  1.00000E-040  9.07760E-016  3.78452E-038  7.70075E-025  1.64898E-030  3.18027E-023  1.50812E-031  5.33925E-018  6.02568E-022  4.71746E-014  1.00000E-040  1.12973E-014  1.00000E-040  1.00000E-040  1.17956E-022  1.00000E-040  2.83600E-024  6.73465E-014  1.89990E-037  1.00000E-003  1.00000E-005  1.00000E-005  1.00000E-005  1.00000E-005  1.00000E-005  1.00000E-005  1.00000E-005  1.00000E-005  1.00000E-005  1.00000E-005  1.00000E-005  1.00000E-005  1.00000E-005  1.00000E-005  1.00000E-005  
6.95000E+001  5.86759E-005  1.92622E+015  2.20633E+002  3.04490E+005  1.00000E-040  1.00000E-040  1.00000E-040  2.50922E-015  1.00000E-040  1.00000E-040  1.00000E-040  1.00000E-040  1.00000E-040  1.00000E-040  1.00000E-040  1.00000E-040  1.00000E-040  1.00000E-040  6.88553E-026  1.00000E-040  1.02742E-040  1.88433E-009  3.29639E-007  1.54743E-005  5.39479E-009  4.04464E-006  2.11589E-001  4.17434E-008  2.81100E-004  4.12976E-019  1.53773E-012  7.10329E-040  4.24431E-031  2.81753E-024  7.20468E-016  3.59409E-008  1.30773E-019  3.73611E-032  1.00000E-040  1.00000E-040  1.00000E-040  3.37173E-020  1.34998E-018  1.84112E-013  3.47054E-012  7.40039E-037  1.00000E-040  4.26268E-025  2.25248E-032  3.45647E-011  3.98260E-012  7.88109E-001  2.59677E-021  8.96085E-024  2.86869E-022  1.00000E-040  1.12951E-039  3.28068E-029  6.02207E-026  7.94242E-009  1.24484E-017  2.26138E-010  7.11669E-018  5.38052E-009  1.03607E-011  1.03162E-006  1.11680E-012  4.38896E-017  6.04217E-015  4.05574E-012  2.79967E-015  4.64247E-011  1.26255E-031  2.17977E-033  1.00000E-040  1.57690E-031  1.00000E-040  8.07836E-023  9.48717E-019  1.00967E-013  6.04898E-023  3.82096E-022  1.55907E-040  1.00000E-040  1.00000E-040  1.00000E-040  6.13154E-027  9.11638E-035  1.80925E-036  4.74941E-025  2.21668E-020  3.49919E-026  1.70780E-033  3.80290E-027  7.67123E-018  3.90621E-018  1.95378E-016  4.96501E-022  9.73591E-027  1.00000E-040  9.36821E-016  3.08877E-038  5.81021E-025  1.67196E-030  3.09775E-023  8.36087E-032  3.33040E-018  6.43879E-022  5.10458E-014  1.00000E-040  1.12785E-014  1.00000E-040  1.00000E-040  7.38447E-023  1.00000E-040  2.66613E-024  6.64832E-014  3.52951E-037  1.00000E-003  1.00000E-005  1.00000E-005  1.00000E-005  1.00000E-005  1.00000E-005  1.00000E-005  1.00000E-005  1.00000E-005  1.00000E-005  1.00000E-005  1.00000E-005  1.00000E-005  1.00000E-005  1.00000E-005  1.00000E-005  
7.05000E+001  5.03845E-005  1.67523E+015  2.17841E+002  3.14490E+005  1.00000E-040  1.00000E-040  1.00000E-040  6.20549E-015  1.00000E-040  1.00000E-040  1.00000E-040  1.00000E-040  1.00000E-040  1.00000E-040  1.00000E-040  1.00000E-040  1.00000E-040  1.00000E-040  3.94332E-026  1.00000E-040  1.03028E-040  2.68472E-009  3.58189E-007  1.54104E-005  5.78316E-009  4.92999E-006  2.11553E-001  5.40057E-008  2.80871E-004  4.21716E-019  1.41865E-012  2.63113E-038  1.03418E-029  2.43671E-024  6.02835E-016  3.56137E-008  1.69165E-019  3.92072E-032  1.00000E-040  1.00000E-040  1.00000E-040  3.03076E-020  1.33068E-018  2.15603E-013  3.75989E-012  7.12213E-037  1.00000E-040  5.49618E-025  3.20099E-031  3.42925E-011  4.90024E-012  7.88145E-001  2.37856E-021  7.09294E-024  2.80179E-022  1.00000E-040  1.10844E-039  2.75369E-029  4.18323E-026  7.38933E-009  1.18049E-017  2.31902E-010  6.10225E-018  5.15822E-009  9.99160E-012  9.73667E-007  8.14981E-013  2.84035E-017  5.55915E-015  3.40067E-012  1.69713E-015  4.59492E-011  1.28462E-031  2.12492E-033  1.00000E-040  1.23783E-031  1.00000E-040  8.06936E-023  8.65928E-019  8.56807E-014  4.82787E-023  3.12998E-022  3.07878E-040  1.00000E-040  1.00000E-040  1.00000E-040  5.80357E-027  8.28605E-035  1.30988E-036  3.62111E-025  1.75736E-020  2.87672E-026  1.33135E-033  2.94389E-027  7.76527E-018  2.80037E-018  1.71577E-016  4.09226E-022  7.33305E-027  1.00000E-040  9.58848E-016  2.71144E-038  4.42559E-025  1.69039E-030  3.01061E-023  4.70777E-032  2.07300E-018  6.91483E-022  5.52253E-014  1.00000E-040  1.12593E-014  1.00000E-040  1.00000E-040  4.61821E-023  1.00000E-040  2.49710E-024  6.56611E-014  6.54520E-037  1.00000E-003  1.00000E-005  1.00000E-005  1.00000E-005  1.00000E-005  1.00000E-005  1.00000E-005  1.00000E-005  1.00000E-005  1.00000E-005  1.00000E-005  1.00000E-005  1.00000E-005  1.00000E-005  1.00000E-005  1.00000E-005  
7.15000E+001  4.31853E-005  1.45284E+015  2.15296E+002  3.24490E+005  1.00000E-040  1.00000E-040  1.00000E-040  1.54175E-014  1.00000E-040  1.00000E-040  1.00000E-040  1.00000E-040  1.00000E-040  1.00000E-040  1.00000E-040  1.00000E-040  1.00000E-040  1.00000E-040  2.23633E-026  1.00000E-040  1.03349E-040  3.86183E-009  3.90104E-007  1.53389E-005  6.21093E-009  6.02127E-006  2.11511E-001  6.96794E-008  2.80613E-004  4.32706E-019  1.30663E-012  6.19757E-037  1.76276E-028  2.19798E-024  5.05899E-016  3.52774E-008  2.19691E-019  4.12417E-032  1.00000E-040  1.00000E-040  1.00000E-040  2.72367E-020  1.31248E-018  2.52189E-013  4.08013E-012  7.29054E-037  1.00000E-040  7.04185E-025  5.28938E-030  3.39897E-011  5.92766E-012  7.88185E-001  2.19239E-021  5.70068E-024  2.77312E-022  1.00000E-040  1.58387E-039  3.33872E-029  2.96361E-026  6.89594E-009  1.12786E-017  2.38737E-010  5.29231E-018  4.94831E-009  9.66609E-012  9.13214E-007  6.00855E-013  1.84837E-017  5.13009E-015  2.85004E-012  1.03452E-015  4.54125E-011  1.30161E-031  2.06612E-033  1.00000E-040  9.60367E-032  1.00000E-040  8.05929E-023  7.97096E-019  7.28547E-014  3.89171E-023  2.58791E-022  5.92768E-040  1.00000E-040  1.00000E-040  1.00000E-040  5.45815E-027  7.89978E-035  9.71383E-037  2.79607E-025  1.40979E-020  2.41864E-026  1.63011E-033  2.27275E-027  7.85444E-018  1.97010E-018  1.49804E-016  3.32445E-022  5.49153E-027  1.00000E-040  9.75284E-016  3.40809E-038  3.41454E-025  1.73081E-030  2.91821E-023  2.68349E-032  1.28361E-018  7.39753E-022  5.95350E-014  1.00000E-040  1.12392E-014  1.00000E-040  1.00000E-040  2.98194E-023  1.00000E-040  2.38957E-024  6.48597E-014  1.20835E-036  1.00000E-003  1.00000E-005  1.00000E-005  1.00000E-005  1.00000E-005  1.00000E-005  1.00000E-005  1.00000E-005  1.00000E-005  1.00000E-005  1.00000E-005  1.00000E-005  1.00000E-005  1.00000E-005  1.00000E-005  1.00000E-005  
7.25000E+001  3.69498E-005  1.25735E+015  2.12850E+002  3.34491E+005  1.00000E-040  1.00000E-040  1.00000E-040  3.83515E-014  1.00000E-040  1.00000E-040  1.00000E-040  1.00000E-040  1.00000E-040  1.00000E-040  1.00000E-040  1.00000E-040  1.00000E-040  1.00000E-040  1.26166E-026  1.00000E-040  1.03711E-040  5.59587E-009  4.25848E-007  1.52588E-005  6.69262E-009  7.35846E-006  2.11465E-001  8.96173E-008  2.80320E-004  4.44622E-019  1.20134E-012  1.02651E-035  2.10324E-027  2.88465E-024  4.25026E-016  3.49258E-008  2.86115E-019  4.35262E-032  1.00000E-040  1.00000E-040  1.00000E-040  2.45399E-020  1.29619E-018  2.94302E-013  4.43606E-012  1.17021E-036  1.00000E-040  8.96249E-025  6.23571E-029  3.36516E-011  7.07893E-012  7.88231E-001  2.02015E-021  4.59775E-024  2.77277E-022  1.00000E-040  5.43110E-039  9.64020E-029  2.30377E-026  6.46124E-009  1.08672E-017  2.46821E-010  4.62603E-018  4.74961E-009  9.41050E-012  8.52231E-007  4.48231E-013  1.21346E-017  4.76920E-015  2.39087E-012  6.36002E-016  4.47919E-011  1.31206E-031  2.00865E-033  1.00000E-040  7.39028E-032  1.00000E-040  8.04798E-023  7.38845E-019  6.20864E-014  3.16675E-023  2.15916E-022  1.11542E-039  1.00000E-040  1.00000E-040  1.00000E-040  5.10875E-027  1.18016E-034  7.93872E-037  2.18213E-025  1.13477E-020  2.36791E-026  5.57555E-033  1.72263E-027  7.95467E-018  1.36745E-018  1.30231E-016  2.66855E-022  4.07273E-027  1.00000E-040  9.87412E-016  1.01924E-037  2.66272E-025  1.78192E-030  2.81987E-023  1.67690E-032  7.92661E-019  7.92777E-022  6.39731E-014  1.00000E-040  1.12177E-014  1.00000E-040  1.00000E-040  2.45452E-023  1.00000E-040  2.30922E-024  6.40608E-014  2.21849E-036  1.00000E-003  1.00000E-005  1.00000E-005  1.00000E-005  1.00000E-005  1.00000E-005  1.00000E-005  1.00000E-005  1.00000E-005  1.00000E-005  1.00000E-005  1.00000E-005  1.00000E-005  1.00000E-005  1.00000E-005  1.00000E-005  
7.35000E+001  3.15588E-005  1.08651E+015  2.10380E+002  3.44491E+005  1.00000E-040  1.00000E-040  1.00000E-040  9.50027E-014  1.00000E-040  1.00000E-040  1.00000E-040  1.00000E-040  1.00000E-040  1.00000E-040  1.00000E-040  1.00000E-040  1.00000E-040  1.00000E-040  7.13614E-027  1.00000E-040  1.04119E-040  8.15577E-009  4.65931E-007  1.51689E-005  7.25102E-009  8.97933E-006  2.11412E-001  1.14853E-007  2.79988E-004  4.55987E-019  1.10247E-012  1.24553E-034  1.83052E-026  1.10183E-023  3.57146E-016  3.45527E-008  3.73165E-019  4.61924E-032  1.00000E-040  1.00000E-040  1.00000E-040  2.22773E-020  1.28378E-018  3.41975E-013  4.83343E-012  5.14993E-036  1.00000E-040  1.13236E-024  5.36220E-028  3.32728E-011  8.36588E-012  7.88282E-001  1.85497E-021  3.68168E-024  2.79703E-022  1.00000E-040  2.93884E-038  4.40664E-028  2.94989E-026  6.08400E-009  1.05827E-017  2.56648E-010  4.06870E-018  4.56114E-009  9.26946E-012  7.91372E-007  3.39236E-013  8.06944E-018  4.50694E-015  2.01020E-012  3.96255E-016  4.40376E-011  1.31438E-031  1.95875E-033  1.00000E-040  5.65718E-032  1.00000E-040  8.03524E-023  6.88600E-019  5.30578E-014  2.60341E-023  1.81968E-022  2.05403E-039  1.00000E-040  1.00000E-040  1.00000E-040  4.76058E-027  4.59208E-034  1.07439E-036  1.72048E-025  9.10590E-021  4.90877E-026  2.97240E-032  1.26414E-027  8.08905E-018  9.42615E-019  1.12851E-016  2.12165E-022  2.97887E-027  1.00000E-040  9.96255E-016  4.85899E-037  2.09730E-025  1.83479E-030  2.71492E-023  1.73708E-032  4.89895E-019  8.55939E-022  6.84700E-014  1.00000E-040  1.11945E-014  1.00000E-040  1.00000E-040  4.50220E-023  1.00000E-040  2.23264E-024  6.32472E-014  4.04781E-036  1.00000E-003  1.00000E-005  1.00000E-005  1.00000E-005  1.00000E-005  1.00000E-005  1.00000E-005  1.00000E-005  1.00000E-005  1.00000E-005  1.00000E-005  1.00000E-005  1.00000E-005  1.00000E-005  1.00000E-005  1.00000E-005  
7.45000E+001  2.69088E-005  9.35887E+014  2.08251E+002  3.54491E+005  1.00000E-040  1.00000E-040  1.00000E-040  2.31718E-013  1.00000E-040  1.00000E-040  1.00000E-040  1.00000E-040  1.00000E-040  1.00000E-040  1.00000E-040  1.00000E-040  1.00000E-040  1.00000E-040  4.10760E-027  1.00000E-040  1.04582E-040  1.20148E-008  5.10957E-007  1.50674E-005  7.89060E-009  1.09147E-005  2.11353E-001  1.46679E-007  2.79609E-004  4.67231E-019  1.00432E-012  1.16715E-033  1.21080E-025  6.57887E-023  3.01294E-016  3.41514E-008  4.89002E-019  5.01278E-032  1.00000E-040  1.00000E-040  1.00000E-040  2.06415E-020  1.28959E-018  3.97413E-013  5.27693E-012  3.26113E-035  1.00000E-040  1.41805E-024  3.51054E-027  3.28473E-011  9.75882E-012  7.88340E-001  1.74481E-021  3.02635E-024  2.90042E-022  1.00000E-040  1.56431E-037  1.97980E-027  8.83003E-026  5.76281E-009  1.04819E-017  2.69605E-010  3.61060E-018  4.38187E-009  9.30319E-012  7.23696E-007  2.61823E-013  5.43962E-018  4.40293E-015  1.69117E-012  2.50813E-016  4.30273E-011  1.30688E-031  1.90989E-033  1.00000E-040  4.24719E-032  1.00000E-040  8.02087E-023  6.44304E-019  4.55248E-014  2.16998E-023  1.55125E-022  3.70289E-039  1.00000E-040  1.00000E-040  1.00000E-040  4.37415E-027  2.43921E-033  3.42594E-036  1.38201E-025  7.49136E-021  2.27972E-025  1.49330E-031  9.62888E-028  8.31751E-018  6.45643E-019  9.69238E-017  1.68264E-022  2.13793E-027  1.00000E-040  1.00261E-015  2.25017E-036  1.68321E-025  1.93406E-030  2.60249E-023  4.19955E-032  3.02630E-019  9.20483E-022  7.24275E-014  1.00000E-040  1.11691E-014  1.00000E-040  1.00000E-040  1.51454E-022  1.00000E-040  2.24124E-024  6.24022E-014  7.33806E-036  1.00000E-003  1.00000E-005  1.00000E-005  1.00000E-005  1.00000E-005  1.00000E-005  1.00000E-005  1.00000E-005  1.00000E-005  1.00000E-005  1.00000E-005  1.00000E-005  1.00000E-005  1.00000E-005  1.00000E-005  1.00000E-005  
7.55000E+001  2.29105E-005  8.03595E+014  2.06497E+002  3.64489E+005  1.00000E-040  1.00000E-040  1.00000E-040  5.42138E-013  1.00000E-040  1.00000E-040  1.00000E-040  1.00000E-040  1.00000E-040  1.00000E-040  1.00000E-040  1.00000E-040  1.00000E-040  1.00000E-040  2.43955E-027  1.00000E-040  1.05108E-040  1.79053E-008  5.61644E-007  1.49523E-005  8.66343E-009  1.31237E-005  2.11285E-001  1.86704E-007  2.79177E-004  4.75982E-019  9.05408E-013  8.79546E-033  6.32640E-025  3.47238E-022  2.55852E-016  3.37141E-008  6.43022E-019  5.65685E-032  1.00000E-040  1.00000E-040  1.00000E-040  1.99188E-020  1.32882E-018  4.60329E-013  5.77521E-012  1.86296E-034  1.00000E-040  1.75829E-024  1.82537E-026  3.23674E-011  1.12517E-011  7.88406E-001  1.69586E-021  2.56647E-024  3.11499E-022  1.00000E-040  7.52150E-037  8.01046E-027  3.42317E-025  5.49570E-009  1.06519E-017  2.88338E-010  3.24655E-018  4.21069E-009  9.70210E-012  6.46474E-007  2.07911E-013  3.74832E-018  4.59302E-015  1.42353E-012  1.63180E-016  4.14666E-011  1.28874E-031  1.87205E-033  1.00000E-040  3.11497E-032  1.00000E-040  8.00460E-023  6.04307E-019  3.92778E-014  1.85007E-023  1.34741E-022  6.54818E-039  1.00000E-040  1.00000E-040  1.00000E-040  3.93457E-027  1.13657E-032  1.43289E-035  1.14269E-025  6.42984E-021  1.14213E-024  6.49766E-031  7.79179E-028  8.74032E-018  4.45551E-019  8.23933E-017  1.34654E-022  1.49570E-027  1.00000E-040  1.00710E-015  9.29580E-036  1.39044E-025  2.10690E-030  2.48160E-023  1.32667E-031  1.88526E-019  9.89823E-022  7.51159E-014  1.00000E-040  1.11410E-014  1.00000E-040  1.00000E-040  5.32681E-022  1.00000E-040  2.36416E-024  6.15083E-014  1.32090E-035  1.00000E-003  1.00000E-005  1.00000E-005  1.00000E-005  1.00000E-005  1.00000E-005  1.00000E-005  1.00000E-005  1.00000E-005  1.00000E-005  1.00000E-005  1.00000E-005  1.00000E-005  1.00000E-005  1.00000E-005  1.00000E-005  
7.65000E+001  1.94804E-005  6.89190E+014  2.04727E+002  3.74490E+005  1.00000E-040  1.00000E-040  1.00000E-040  1.15177E-012  1.00000E-040  1.00000E-040  1.00000E-040  1.00000E-040  1.00000E-040  1.00000E-040  1.00000E-040  1.00000E-040  1.00000E-040  1.00000E-040  1.50985E-027  1.00000E-040  1.05708E-040  2.70401E-008  6.18744E-007  1.48212E-005  9.77000E-009  1.54112E-005  2.11209E-001  2.36874E-007  2.78682E-004  4.77161E-019  8.09055E-013  5.56121E-032  2.73909E-024  1.54345E-021  2.19526E-016  3.32324E-008  8.40290E-019  6.73309E-032  1.00000E-040  1.00000E-040  1.00000E-040  2.06726E-020  1.42087E-018  5.21585E-013  6.34639E-012  9.28470E-034  1.00000E-040  2.15548E-024  7.97755E-026  3.18245E-011  1.28019E-011  7.88481E-001  1.68986E-021  2.16761E-024  3.45824E-022  1.00000E-040  3.34484E-036  2.99275E-026  1.23844E-024  5.28113E-009  1.13035E-017  3.19523E-010  2.99004E-018  4.04665E-009  1.08994E-011  5.61044E-007  1.73259E-013  2.70443E-018  5.35740E-015  1.20105E-012  1.12744E-016  3.87573E-011  1.26088E-031  1.88518E-033  1.00000E-040  2.26389E-032  1.00000E-040  7.98617E-023  5.67356E-019  3.41522E-014  1.64682E-023  1.21627E-022  1.13716E-038  1.00000E-040  1.00000E-040  1.00000E-040  3.44972E-027  4.40996E-032  5.74378E-035  9.89836E-026  5.88397E-021  5.17748E-024  2.50036E-030  6.40606E-028  9.53679E-018  3.19007E-019  6.95955E-017  1.09949E-022  1.01140E-027  1.00000E-040  1.01015E-015  3.64419E-035  1.20179E-025  2.36200E-030  2.35141E-023  4.11019E-031  1.21374E-019  1.09738E-021  7.57510E-014  1.00000E-040  1.11097E-014  1.00000E-040  1.00000E-040  1.76199E-021  1.00000E-040  2.57418E-024  6.05489E-014  2.35589E-035  1.00000E-003  1.00000E-005  1.00000E-005  1.00000E-005  1.00000E-005  1.00000E-005  1.00000E-005  1.00000E-005  1.00000E-005  1.00000E-005  1.00000E-005  1.00000E-005  1.00000E-005  1.00000E-005  1.00000E-005  1.00000E-005  
7.75000E+001  1.65435E-005  5.89342E+014  2.03319E+002  3.84490E+005  1.00000E-040  1.00000E-040  1.00000E-040  1.70589E-012  1.00000E-040  1.00000E-040  1.00000E-040  1.00000E-040  1.00000E-040  1.00000E-040  1.00000E-040  1.00000E-040  1.00000E-040  1.00000E-040  9.85344E-028  1.00000E-040  1.06392E-040  4.21228E-008  6.83053E-007  1.46704E-005  1.15176E-008  1.74683E-005  2.11123E-001  2.99729E-007  2.78114E-004  4.72296E-019  7.14102E-013  3.25414E-031  1.05702E-023  6.09641E-021  1.93204E-016  3.26968E-008  1.08749E-018  8.74119E-032  1.00000E-040  1.00000E-040  1.00000E-040  2.40426E-020  1.61783E-018  5.71035E-013  7.01073E-012  4.23912E-033  1.00000E-040  2.60698E-024  3.21947E-025  3.12091E-011  1.42176E-011  7.88566E-001  1.79300E-021  1.89183E-024  4.09996E-022  1.00000E-040  1.41900E-035  1.06273E-025  4.19490E-024  5.11799E-009  1.28854E-017  3.76718E-010  2.87828E-018  3.88884E-009  1.35946E-011  4.62667E-007  1.56217E-013  2.09428E-018  7.23982E-015  1.01366E-012  8.62279E-017  3.47107E-011  1.22589E-031  1.98886E-033  1.00000E-040  1.61781E-032  1.00000E-040  7.96523E-023  5.32497E-019  3.00345E-014  1.57400E-023  1.16681E-022  1.93435E-038  1.00000E-040  1.00000E-040  1.00000E-040  2.89182E-027  1.46539E-031  2.26193E-034  9.31055E-026  6.63275E-021  2.30611E-023  9.00204E-030  5.90355E-028  1.10362E-017  2.42147E-019  5.79089E-017  9.34137E-023  6.52939E-028  1.00000E-040  1.01207E-015  1.39341E-034  1.12613E-025  2.85573E-030  2.21097E-023  1.27733E-030  8.22675E-020  1.26432E-021  7.28478E-014  1.00000E-040  1.10746E-014  1.00000E-040  1.00000E-040  5.73155E-021  1.00000E-040  3.07834E-024  5.95073E-014  4.14926E-035  1.00000E-003  1.00000E-005  1.00000E-005  1.00000E-005  1.00000E-005  1.00000E-005  1.00000E-005  1.00000E-005  1.00000E-005  1.00000E-005  1.00000E-005  1.00000E-005  1.00000E-005  1.00000E-005  1.00000E-005  1.00000E-005  
7.85000E+001  1.40378E-005  5.01888E+014  2.02585E+002  3.94490E+005  1.00000E-040  1.00000E-040  1.00000E-040  1.94604E-013  1.00000E-040  1.00000E-040  1.00000E-040  1.00000E-040  1.00000E-040  1.00000E-040  1.00000E-040  1.00000E-040  1.00000E-040  1.00000E-040  6.78441E-028  1.00000E-040  1.07176E-040  6.89840E-008  7.55391E-007  1.44943E-005  1.44394E-008  1.89965E-005  2.11024E-001  3.78836E-007  2.77459E-004  4.71504E-019  6.29462E-013  1.96364E-030  3.94971E-023  2.30767E-020  1.78727E-016  3.20956E-008  1.38931E-018  1.25977E-031  1.00000E-040  1.00000E-040  1.00000E-040  3.17854E-020  1.99196E-018  5.96217E-013  7.79306E-012  1.89504E-032  1.00000E-040  3.11329E-024  1.31385E-024  3.05085E-011  1.52319E-011  7.88663E-001  2.08028E-021  1.76287E-024  5.32260E-022  1.00000E-040  5.77645E-035  3.60253E-025  1.42797E-023  5.00452E-009  1.61643E-017  4.83333E-010  2.94869E-018  3.73611E-009  1.88692E-011  3.56340E-007  1.57577E-013  1.78867E-018  1.13031E-014  8.54157E-013  7.58566E-017  3.31829E-011  1.18867E-031  2.24926E-033  1.00000E-040  1.13129E-032  1.00000E-040  7.94140E-023  4.99075E-019  2.68274E-014  1.65081E-023  1.20866E-022  3.21574E-038  1.00000E-040  1.00000E-040  1.00000E-040  2.28928E-027  4.37750E-031  9.58609E-034  9.79629E-026  1.14293E-020  1.08357E-022  3.21384E-029  6.65019E-028  1.36988E-017  1.99540E-019  4.69519E-017  8.43946E-023  3.95098E-028  1.00000E-040  1.01301E-015  5.22420E-034  1.17805E-025  3.87547E-030  2.05935E-023  4.33771E-030  6.00898E-020  1.52780E-021  6.57946E-014  1.00000E-040  1.10351E-014  1.00000E-040  1.00000E-040  1.86531E-020  1.00000E-040  4.26430E-024  5.83651E-014  7.17226E-035  1.00000E-003  1.00000E-005  1.00000E-005  1.00000E-005  1.00000E-005  1.00000E-005  1.00000E-005  1.00000E-005  1.00000E-005  1.00000E-005  1.00000E-005  1.00000E-005  1.00000E-005  1.00000E-005  1.00000E-005  1.00000E-005  
7.95000E+001  1.19050E-005  4.27201E+014  2.01843E+002  4.04490E+005  1.00000E-040  1.00000E-040  1.00000E-040  2.17357E-014  1.00000E-040  1.00000E-040  1.00000E-040  1.00000E-040  1.00000E-040  1.00000E-040  1.00000E-040  1.00000E-040  1.00000E-040  1.00000E-040  4.85344E-028  1.00000E-040  1.08075E-040  1.19784E-007  8.36122E-007  1.42839E-005  1.95399E-008  2.00867E-005  2.10913E-001  4.79192E-007  2.76702E-004  4.97807E-019  5.81930E-013  1.26409E-029  1.48524E-022  8.79901E-020  1.77618E-016  3.14164E-008  1.73681E-018  1.90773E-031  1.00000E-040  1.48782E-040  1.00000E-040  4.50573E-020  2.56550E-018  5.81935E-013  8.72088E-012  8.60276E-032  1.00000E-040  3.69204E-024  5.43775E-024  2.97094E-011  1.56361E-011  7.88775E-001  2.59371E-021  1.64686E-024  7.43902E-022  1.83252E-036  2.16073E-034  1.11988E-024  4.99989E-023  4.93799E-009  2.22978E-017  6.75032E-010  3.20677E-018  3.58743E-009  2.78500E-011  2.61517E-007  1.79438E-013  1.70668E-018  1.95232E-014  7.21210E-013  7.63266E-017  3.18526E-011  1.15753E-031  2.79182E-033  1.00000E-040  8.00080E-033  1.00000E-040  7.91424E-023  4.66876E-019  2.44057E-014  1.87998E-023  1.33895E-022  5.21274E-038  1.00000E-040  1.00000E-040  1.00000E-040  1.75609E-027  1.21106E-030  4.51059E-033  1.13819E-025  3.09356E-020  5.08144E-022  1.14815E-028  8.11171E-028  1.77841E-017  1.80751E-019  3.70469E-017  8.06186E-023  2.18727E-028  1.00000E-040  1.01303E-015  1.93861E-033  1.35455E-025  5.68461E-030  1.89638E-023  1.67977E-029  4.83332E-020  2.00599E-021  5.66526E-014  1.00000E-040  1.09903E-014  1.00000E-040  1.00000E-040  5.76968E-020  1.00000E-040  6.41830E-024  5.71061E-014  1.20087E-034  1.00000E-003  1.00000E-005  1.00000E-005  1.00000E-005  1.00000E-005  1.00000E-005  1.00000E-005  1.00000E-005  1.00000E-005  1.00000E-005  1.00000E-005  1.00000E-005  1.00000E-005  1.00000E-005  1.00000E-005  1.00000E-005  
8.05000E+001  1.00918E-005  3.62965E+014  2.01381E+002  4.06996E+005  1.00000E-040  1.00000E-040  1.00000E-040  1.00000E-040  1.00000E-040  1.00000E-040  1.00000E-040  1.00000E-040  1.00000E-040  1.00000E-040  1.00000E-040  1.00000E-040  1.00000E-040  1.00000E-040  3.57987E-028  1.00000E-040  1.09118E-040  2.23366E-007  9.25020E-007  1.40208E-005  2.70406E-008  2.23726E-005  2.10783E-001  6.09571E-007  2.75816E-004  6.11537E-019  6.08457E-013  8.59564E-029  5.46294E-022  3.26026E-019  1.86895E-016  3.06388E-008  2.17675E-018  2.61348E-031  5.30055E-038  4.96635E-037  1.00000E-040  5.84705E-020  3.13348E-018  5.59232E-013  9.78374E-012  3.60074E-031  1.00000E-040  4.39651E-024  2.14399E-023  2.87888E-011  1.59141E-011  7.88903E-001  3.47489E-021  1.58901E-024  1.11966E-021  1.00000E-040  6.81249E-034  2.92094E-024  1.60102E-022  4.91418E-009  3.15577E-017  9.57075E-010  3.50836E-018  3.44064E-009  3.89280E-011  1.93786E-007  2.04200E-013  1.59827E-018  3.54369E-014  6.10603E-013  7.59986E-017  3.03924E-011  1.14378E-031  3.57757E-033  1.00000E-040  5.70294E-033  1.00000E-040  7.88296E-023  4.35864E-019  2.25029E-014  2.07771E-023  1.43874E-022  8.21255E-038  1.00000E-040  1.00000E-040  1.00000E-040  1.39935E-027  3.04684E-030  1.99108E-032  1.29437E-025  9.69200E-020  2.17198E-021  3.76984E-028  1.05976E-027  2.18156E-017  1.64089E-019  2.78019E-017  7.68418E-023  1.06738E-028  1.00000E-040  1.01209E-015  6.08147E-033  1.52429E-025  8.51820E-030  1.72130E-023  5.72116E-029  3.86577E-020  2.67671E-021  4.94068E-014  1.00000E-040  1.09391E-014  1.54666E-040  1.00000E-040  1.59289E-019  1.00000E-040  1.00614E-023  5.57037E-014  1.91112E-034  1.00000E-003  1.00000E-005  1.00000E-005  1.00000E-005  1.00000E-005  1.00000E-005  1.00000E-005  1.00000E-005  1.00000E-005  1.00000E-005  1.00000E-005  1.00000E-005  1.00000E-005  1.00000E-005  1.00000E-005  1.00000E-005  
8.15000E+001  8.55401E-006  3.07384E+014  2.01560E+002  4.06996E+005  1.00000E-040  1.00000E-040  1.00000E-040  1.00000E-040  1.00000E-040  1.00000E-040  1.00000E-040  1.00000E-040  1.00000E-040  1.00000E-040  1.00000E-040  1.00000E-040  1.00000E-040  1.00000E-040  2.74759E-028  1.00000E-040  1.10341E-040  4.40797E-007  1.01899E-006  1.36731E-005  3.23999E-008  3.13937E-005  2.10628E-001  7.84091E-007  2.74760E-004  9.20850E-019  7.48414E-013  5.80001E-028  1.86000E-021  1.09763E-018  1.77577E-016  2.97353E-008  2.87945E-018  2.32971E-031  1.00000E-040  1.00000E-040  1.00000E-040  5.24399E-020  2.93624E-018  6.20807E-013  1.09161E-011  1.13670E-030  1.00000E-040  5.32095E-024  7.59600E-023  2.77147E-011  1.82723E-011  7.89050E-001  4.76778E-021  1.62669E-024  1.76930E-021  1.03479E-036  1.65032E-033  5.80362E-024  3.72952E-022  4.92938E-009  3.76772E-017  1.13475E-009  3.40008E-018  3.29300E-009  4.24878E-011  1.68531E-007  1.66380E-013  1.06491E-018  6.49209E-014  5.19089E-013  5.64877E-017  2.87078E-011  1.15798E-031  3.89384E-033  1.00000E-040  3.99204E-033  1.00000E-040  7.84647E-023  4.06162E-019  2.05859E-014  1.72068E-023  1.21411E-022  1.24340E-037  1.00000E-040  1.00000E-040  1.00000E-040  1.36468E-027  6.99013E-030  5.57701E-032  1.03908E-025  2.35061E-019  8.06263E-021  9.37498E-028  1.31724E-027  2.03831E-017  1.15147E-019  1.94392E-017  5.96187E-023  4.37676E-029  1.00000E-040  1.01005E-015  1.21702E-032  1.23539E-025  1.07957E-029  1.53373E-023  9.57448E-029  2.18568E-020  3.01437E-021  5.09171E-014  1.00000E-040  1.08795E-014  3.18584E-040  1.00000E-040  3.78741E-019  1.00000E-040  1.39676E-023  5.41210E-014  2.81895E-034  1.00000E-003  1.00000E-005  1.00000E-005  1.00000E-005  1.00000E-005  1.00000E-005  1.00000E-005  1.00000E-005  1.00000E-005  1.00000E-005  1.00000E-005  1.00000E-005  1.00000E-005  1.00000E-005  1.00000E-005  1.00000E-005  
8.25000E+001  7.25214E-006  2.60371E+014  2.01739E+002  4.06996E+005  1.00000E-040  1.00000E-040  1.00000E-040  1.00000E-040  1.00000E-040  1.00000E-040  1.00000E-040  1.00000E-040  1.00000E-040  1.00000E-040  1.00000E-040  1.00000E-040  1.00000E-040  1.00000E-040  2.30038E-028  1.00000E-040  1.11780E-040  8.36666E-007  1.10928E-006  1.32137E-005  2.90432E-008  6.11874E-005  2.10434E-001  1.01746E-006  2.73495E-004  1.70184E-018  9.97399E-013  3.36293E-027  5.65659E-021  3.23721E-018  1.40853E-016  2.86822E-008  4.18602E-018  1.09214E-031  1.00000E-040  1.00000E-040  1.00000E-040  2.62605E-020  1.80977E-018  9.03091E-013  1.19963E-011  2.49028E-030  1.00000E-040  6.55244E-024  2.34853E-022  2.64607E-011  2.69976E-011  7.89215E-001  5.85402E-021  1.63822E-024  2.70511E-021  1.00000E-040  2.93828E-033  8.39042E-024  5.60426E-022  4.98480E-009  3.14286E-017  9.36111E-010  2.62873E-018  3.14318E-009  3.10510E-011  1.95146E-007  7.93456E-014  4.31388E-019  1.16256E-013  4.46639E-013  2.76309E-017  2.67689E-011  1.18988E-031  3.05846E-033  1.00000E-040  2.71555E-033  1.00000E-040  7.80379E-023  3.77578E-019  1.84674E-014  8.70141E-024  6.55012E-023  1.74486E-037  1.00000E-040  1.00000E-040  1.00000E-040  1.80446E-027  1.60164E-029  7.56878E-032  4.67050E-026  3.67793E-019  2.56832E-020  1.56297E-027  1.14439E-027  1.25471E-017  5.57267E-020  1.32030E-017  3.59335E-023  1.47396E-029  1.00000E-040  1.00691E-015  1.32587E-032  5.79062E-026  9.18347E-030  1.33782E-023  5.58849E-029  7.51313E-021  2.49266E-021  7.00406E-014  1.00000E-040  1.08100E-014  1.00000E-040  1.00000E-040  7.73275E-019  1.00000E-040  1.33613E-023  5.23249E-014  3.78312E-034  1.00000E-003  1.00000E-005  1.00000E-005  1.00000E-005  1.00000E-005  1.00000E-005  1.00000E-005  1.00000E-005  1.00000E-005  1.00000E-005  1.00000E-005  1.00000E-005  1.00000E-005  1.00000E-005  1.00000E-005  1.00000E-005  
8.35000E+001  6.15017E-006  2.20451E+014  2.02065E+002  4.06996E+005  1.00000E-040  1.00000E-040  1.00000E-040  1.00000E-040  1.00000E-040  1.00000E-040  1.00000E-040  1.00000E-040  1.00000E-040  1.00000E-040  1.00000E-040  1.00000E-040  1.00000E-040  1.00000E-040  2.11735E-028  1.00000E-040  1.13472E-040  1.40903E-006  1.18885E-006  1.26451E-005  2.14929E-008  1.38539E-004  2.10182E-001  1.31849E-006  2.71986E-004  3.74011E-018  1.23211E-012  1.54219E-026  1.52857E-020  8.12926E-018  1.19122E-016  2.74590E-008  6.66243E-018  3.71588E-032  2.07766E-038  1.34757E-037  1.00000E-040  8.53750E-021  8.63423E-019  1.54389E-012  1.28874E-011  4.36691E-030  1.00000E-040  8.07872E-024  6.36425E-022  2.50057E-011  5.00704E-011  7.89391E-001  6.56334E-021  1.65873E-024  3.83275E-021  3.02207E-037  4.19793E-033  9.55625E-024  6.39117E-022  5.09133E-009  2.02207E-017  5.90494E-010  1.77037E-018  2.99045E-009  1.67722E-011  2.64175E-007  3.20831E-014  1.51815E-019  1.98954E-013  3.88503E-013  1.09144E-017  2.45607E-011  1.20000E-031  1.92918E-033  1.00000E-040  1.75408E-033  1.00000E-040  7.75390E-023  3.48802E-019  1.65496E-014  3.41426E-024  2.62826E-023  2.17024E-037  1.49015E-040  1.00000E-040  1.00000E-040  2.69470E-027  3.82668E-029  6.58098E-032  1.66967E-026  4.37849E-019  7.11770E-020  2.01034E-027  7.78136E-028  5.97136E-018  2.44767E-020  9.13032E-018  2.50625E-023  4.17129E-030  1.00000E-040  1.00276E-015  9.32530E-033  2.13749E-026  5.88802E-030  1.14323E-023  1.75701E-029  2.38203E-021  1.64291E-021  1.12971E-013  1.00000E-040  1.07292E-014  1.00000E-040  1.00000E-040  1.38677E-018  1.00000E-040  9.82790E-024  5.02754E-014  4.68225E-034  1.00000E-003  1.00000E-005  1.00000E-005  1.00000E-005  1.00000E-005  1.00000E-005  1.00000E-005  1.00000E-005  1.00000E-005  1.00000E-005  1.00000E-005  1.00000E-005  1.00000E-005  1.00000E-005  1.00000E-005  1.00000E-005  
8.45000E+001  5.21826E-006  1.86442E+014  2.02721E+002  4.06996E+005  1.00000E-040  1.00000E-040  1.00000E-040  1.00000E-040  1.00000E-040  1.00000E-040  1.00000E-040  1.00000E-040  1.00000E-040  1.00000E-040  1.00000E-040  1.00000E-040  1.00000E-040  1.00000E-040  2.03465E-028  1.00000E-040  1.15457E-040  2.12652E-006  1.25857E-006  1.19775E-005  1.54939E-008  3.02130E-004  2.09843E-001  1.69215E-006  2.70198E-004  8.24435E-018  1.32858E-012  5.70285E-026  3.69010E-020  1.70860E-017  1.14098E-016  2.60479E-008  1.10344E-017  1.29324E-032  1.00000E-040  1.00000E-040  1.00000E-040  2.22199E-021  3.92855E-019  2.61556E-012  1.35042E-011  6.88455E-030  1.00000E-040  9.73578E-024  1.52879E-021  2.33345E-011  1.14436E-010  7.89567E-001  8.19185E-021  1.73580E-024  5.04450E-021  8.95979E-038  5.60276E-033  9.88061E-024  6.66846E-022  5.26510E-009  1.22380E-017  3.45402E-010  1.25102E-018  2.83399E-009  7.75083E-012  3.53937E-007  1.69366E-014  6.93129E-020  3.20577E-013  3.39123E-013  4.06630E-018  2.20858E-011  1.16254E-031  1.20075E-033  1.00000E-040  1.07207E-033  1.00000E-040  7.69567E-023  3.18545E-019  1.48727E-014  1.64720E-024  1.20401E-023  2.38445E-037  3.53222E-036  1.00000E-040  1.00000E-040  3.76355E-027  8.84764E-029  5.56103E-032  7.51206E-027  4.79825E-019  1.74406E-019  2.36961E-027  5.19885E-028  2.69840E-018  1.17997E-020  6.46464E-018  2.54031E-023  1.03628E-030  1.00000E-040  9.97671E-016  5.70518E-033  9.66119E-027  3.52104E-030  9.60234E-024  5.06672E-030  8.81119E-022  1.00470E-021  1.81246E-013  1.00000E-040  1.06355E-014  1.00000E-040  1.00000E-040  2.23348E-018  1.00000E-040  6.86908E-024  4.79325E-014  5.52807E-034  1.00000E-003  1.00000E-005  1.00000E-005  1.00000E-005  1.00000E-005  1.00000E-005  1.00000E-005  1.00000E-005  1.00000E-005  1.00000E-005  1.00000E-005  1.00000E-005  1.00000E-005  1.00000E-005  1.00000E-005  1.00000E-005  
8.55000E+001  4.43055E-006  1.57788E+014  2.03377E+002  4.06996E+005  1.00000E-040  1.00000E-040  1.00000E-040  1.00000E-040  1.00000E-040  1.00000E-040  1.00000E-040  1.00000E-040  1.00000E-040  1.00000E-040  1.00000E-040  1.00000E-040  1.00000E-040  1.00000E-040  1.97947E-028  1.00000E-040  1.17784E-040  2.96468E-006  1.32230E-006  1.12174E-005  1.15610E-008  5.99613E-004  2.09383E-001  2.14369E-006  2.68093E-004  1.65239E-017  1.31269E-012  1.78556E-025  8.01173E-020  3.02261E-017  1.16135E-016  2.44402E-008  1.80818E-017  5.03065E-033  1.00000E-040  1.00000E-040  1.00000E-040  5.36516E-022  1.84445E-019  4.10415E-012  1.38255E-011  9.93729E-030  1.05862E-040  1.12841E-023  3.27925E-021  2.14457E-011  3.20538E-010  7.89731E-001  1.27299E-020  1.81976E-024  6.17718E-021  1.30152E-036  7.62004E-033  1.00514E-023  6.79952E-022  5.50742E-009  7.60916E-018  2.04888E-010  1.07021E-018  2.67323E-009  3.28612E-012  4.47470E-007  1.19359E-014  4.19142E-020  4.82074E-013  2.94716E-013  1.51694E-018  1.93782E-011  1.08145E-031  8.16325E-034  1.00000E-040  6.31562E-034  1.00000E-040  7.62787E-023  2.86372E-019  1.33383E-014  1.12273E-024  7.47777E-024  2.32202E-037  8.30140E-037  1.00000E-040  1.00000E-040  4.69413E-027  1.84137E-028  5.76566E-032  4.69919E-027  5.15777E-019  3.82101E-019  2.73055E-027  3.51519E-028  1.25776E-018  6.45968E-021  4.69373E-018  3.68104E-023  2.38697E-031  1.00000E-040  9.91607E-016  3.55729E-033  6.05060E-027  2.11392E-030  7.96185E-024  1.62373E-030  3.79639E-022  6.08824E-022  2.75517E-013  1.00000E-040  1.05278E-014  1.00000E-040  1.00000E-040  3.28315E-018  1.00000E-040  4.82608E-024  4.52708E-014  6.38342E-034  1.00000E-003  1.00000E-005  1.00000E-005  1.00000E-005  1.00000E-005  1.00000E-005  1.00000E-005  1.00000E-005  1.00000E-005  1.00000E-005  1.00000E-005  1.00000E-005  1.00000E-005  1.00000E-005  1.00000E-005  1.00000E-005  
8.65000E+001  3.76424E-006  1.33713E+014  2.03901E+002  4.06996E+005  1.00000E-040  1.00000E-040  1.00000E-040  1.00000E-040  1.00000E-040  1.00000E-040  1.00000E-040  1.00000E-040  1.00000E-040  1.00000E-040  1.00000E-040  1.00000E-040  1.00000E-040  1.00000E-040  1.92485E-028  1.00000E-040  1.20506E-040  3.90095E-006  1.38316E-006  1.03730E-005  8.93539E-009  1.08410E-003  2.08765E-001  2.67904E-006  2.65629E-004  2.97498E-017  1.24608E-012  7.60584E-025  1.57865E-019  4.59848E-017  1.20911E-016  2.26415E-008  2.86245E-017  2.17194E-033  2.24720E-037  6.70248E-037  1.00000E-040  1.35894E-022  9.07784E-020  5.93507E-012  1.38639E-011  1.31311E-029  1.68475E-040  1.25484E-023  6.33862E-021  1.93596E-011  9.88413E-010  7.89866E-001  2.31629E-020  1.88450E-024  7.07566E-021  1.00000E-040  1.07441E-032  1.02090E-023  6.82862E-022  5.77661E-009  4.92128E-018  1.25943E-010  1.12507E-018  2.50798E-009  1.31387E-012  5.33765E-007  9.69524E-015  2.90923E-020  6.73604E-013  2.53035E-013  5.81340E-019  1.65129E-011  9.74079E-032  6.13277E-034  1.00000E-040  3.62208E-034  1.00000E-040  7.54919E-023  2.52641E-019  1.18825E-014  9.36788E-025  5.65033E-024  2.13902E-037  1.00000E-040  1.00000E-040  1.00000E-040  5.28667E-027  3.37175E-028  7.51939E-032  3.58248E-027  5.48303E-019  7.57138E-019  3.10473E-027  2.40569E-028  6.15409E-019  3.97124E-021  3.48961E-018  6.57966E-023  5.69055E-032  1.00000E-040  9.84481E-016  2.31105E-033  4.62267E-027  1.29701E-030  6.54952E-024  5.84819E-031  1.83802E-022  3.66336E-022  3.97086E-013  1.00000E-040  1.04053E-014  4.44044E-040  1.00000E-040  4.45780E-018  1.00000E-040  3.43352E-024  4.22876E-014  7.26897E-034  1.00000E-003  1.00000E-005  1.00000E-005  1.00000E-005  1.00000E-005  1.00000E-005  1.00000E-005  1.00000E-005  1.00000E-005  1.00000E-005  1.00000E-005  1.00000E-005  1.00000E-005  1.00000E-005  1.00000E-005  1.00000E-005  
8.75000E+001  3.19987E-006  1.13536E+014  2.04134E+002  4.06996E+005  1.00000E-040  1.00000E-040  1.00000E-040  1.00000E-040  1.00000E-040  1.00000E-040  1.00000E-040  1.00000E-040  1.00000E-040  1.00000E-040  1.00000E-040  1.00000E-040  1.00000E-040  1.00000E-040  1.85739E-028  1.00000E-040  1.23684E-040  4.90892E-006  1.44285E-006  9.45792E-006  7.09797E-009  1.80889E-003  2.07952E-001  3.30411E-006  2.62766E-004  4.84405E-017  1.17198E-012  1.50769E-023  2.84715E-019  6.20738E-017  1.26248E-016  2.06762E-008  4.34088E-017  1.01695E-033  1.43866E-039  2.16659E-039  1.00000E-040  3.92474E-023  4.67231E-020  7.98019E-012  1.36610E-011  1.65165E-029  2.48409E-040  1.35063E-023  1.11249E-020  1.71226E-011  2.99879E-009  7.89957E-001  4.40358E-020  1.89706E-024  7.61737E-021  1.00000E-040  1.56098E-032  1.03397E-023  6.72456E-022  5.96952E-009  3.25654E-018  8.03445E-011  1.31978E-018  2.33859E-009  5.02364E-013  6.08177E-007  8.20367E-015  2.10354E-020  8.73226E-013  2.13477E-013  2.31659E-019  1.36043E-011  8.57966E-032  4.97989E-034  1.00000E-040  2.05257E-034  1.00000E-040  7.45829E-023  2.18271E-019  1.04790E-014  8.40261E-025  4.57152E-024  1.96722E-037  1.00000E-040  1.00000E-040  1.00000E-040  5.51558E-027  5.48626E-028  1.07782E-031  2.90821E-027  5.73692E-019  1.36977E-018  3.47503E-027  1.62922E-028  3.15950E-019  2.69136E-021  2.65483E-018  1.25320E-022  2.09632E-032  1.00000E-040  9.76177E-016  1.56249E-033  3.75957E-027  8.11306E-031  5.37370E-024  2.31844E-031  9.71413E-023  2.18425E-022  5.49528E-013  1.00000E-040  1.02677E-014  1.00000E-040  1.00000E-040  5.64398E-018  1.00000E-040  2.43726E-024  3.90078E-014  8.13650E-034  1.00000E-003  1.00000E-005  1.00000E-005  1.00000E-005  1.00000E-005  1.00000E-005  1.00000E-005  1.00000E-005  1.00000E-005  1.00000E-005  1.00000E-005  1.00000E-005  1.00000E-005  1.00000E-005  1.00000E-005  1.00000E-005  
8.85000E+001  2.72134E-006  9.64471E+013  2.04367E+002  4.06996E+005  1.00000E-040  1.00000E-040  1.00000E-040  1.00000E-040  1.00000E-040  1.00000E-040  1.00000E-040  1.00000E-040  1.00000E-040  1.00000E-040  1.00000E-040  1.00000E-040  1.00000E-040  1.00000E-040  1.77430E-028  1.00000E-040  1.27390E-040  5.95722E-006  1.50171E-006  8.49231E-006  5.70383E-009  2.82308E-003  2.06907E-001  4.02456E-006  2.59460E-004  7.22009E-017  1.10054E-012  3.81215E-022  4.74350E-019  7.65156E-017  1.31254E-016  1.85866E-008  6.33952E-017  5.12077E-034  1.36410E-035  2.37030E-035  1.00000E-040  1.29200E-023  2.50108E-020  1.01304E-011  1.32254E-011  2.88363E-029  3.43631E-040  1.41950E-023  1.79107E-020  1.48045E-011  8.47733E-009  7.89990E-001  8.14594E-020  1.90782E-024  7.82423E-021  1.00000E-040  2.28339E-032  1.02937E-023  6.43816E-022  5.95333E-009  2.14509E-018  5.27963E-011  1.59642E-018  2.16583E-009  1.85298E-013  6.63373E-007  6.83746E-015  1.49508E-020  1.05026E-012  1.76566E-013  9.57625E-020  1.07912E-011  7.45219E-032  4.30316E-034  1.00000E-040  1.13817E-034  1.00000E-040  7.35380E-023  1.84444E-019  9.12601E-015  7.73856E-025  3.77254E-024  1.75572E-037  1.00000E-040  1.00000E-040  1.00000E-040  5.40834E-027  8.13956E-028  1.51537E-031  2.41091E-027  5.88010E-019  2.28678E-018  3.80013E-027  1.15692E-028  1.68687E-019  1.97516E-021  2.05145E-018  2.36696E-022  2.14985E-032  1.00000E-040  9.66562E-016  1.05091E-033  3.12057E-027  5.24461E-031  4.41877E-024  9.66640E-032  5.45772E-023  1.26262E-022  7.34964E-013  1.00000E-040  1.01152E-014  1.50763E-038  1.00000E-040  6.70028E-018  5.46036E-039  1.75898E-024  3.54841E-014  8.87117E-034  1.00000E-003  1.00000E-005  1.00000E-005  1.00000E-005  1.00000E-005  1.00000E-005  1.00000E-005  1.00000E-005  1.00000E-005  1.00000E-005  1.00000E-005  1.00000E-005  1.00000E-005  1.00000E-005  1.00000E-005  1.00000E-005  
8.95000E+001  2.31536E-006  8.20489E+013  2.04391E+002  4.06996E+005  1.00000E-040  1.00000E-040  1.00000E-040  1.00000E-040  1.00000E-040  1.00000E-040  1.00000E-040  1.00000E-040  1.00000E-040  1.00000E-040  1.00000E-040  1.00000E-040  1.00000E-040  1.00000E-040  1.67376E-028  1.00000E-040  1.31707E-040  7.01038E-006  1.55911E-006  7.50218E-006  4.62967E-009  4.16513E-003  2.05603E-001  4.84468E-006  2.55673E-004  9.90785E-017  1.04109E-012  6.43920E-021  7.34156E-019  8.81684E-017  1.34689E-016  1.64314E-008  8.92351E-017  2.70150E-034  1.00000E-040  3.60361E-036  1.00000E-040  4.73472E-024  1.38329E-020  1.22330E-011  1.26098E-011  1.64525E-028  4.52025E-040  1.47826E-023  2.65576E-020  1.24926E-011  2.18948E-008  7.89955E-001  1.42174E-019  1.87838E-024  7.64469E-021  2.14084E-037  3.32260E-032  1.00901E-023  5.96953E-022  5.65785E-009  1.38336E-018  3.56101E-011  1.87728E-018  1.99103E-009  6.67022E-014  7.01616E-007  5.48514E-015  1.02418E-020  1.17358E-012  1.43503E-013  4.06726E-020  8.21293E-012  6.42928E-032  3.87048E-034  1.00000E-040  6.29443E-035  1.00000E-040  7.23439E-023  1.52411E-019  7.83566E-015  7.12080E-025  3.06904E-024  1.54110E-037  1.00000E-040  1.00000E-040  1.00000E-040  5.09297E-027  1.12198E-027  2.00639E-031  1.96073E-027  5.87005E-019  3.54202E-018  4.05292E-027  8.43154E-029  9.32824E-020  1.54097E-021  1.61161E-018  4.25476E-022  3.67968E-032  1.00000E-040  9.55502E-016  7.10687E-034  2.53999E-027  3.46804E-031  3.65967E-024  4.19469E-032  3.21134E-023  7.16220E-023  9.61518E-013  1.00000E-040  9.94828E-015  3.99347E-039  1.00000E-040  7.50628E-018  1.54489E-034  1.25981E-024  3.17971E-014  9.34193E-034  1.00000E-003  1.00000E-005  1.00000E-005  1.00000E-005  1.00000E-005  1.00000E-005  1.00000E-005  1.00000E-005  1.00000E-005  1.00000E-005  1.00000E-005  1.00000E-005  1.00000E-005  1.00000E-005  1.00000E-005  1.00000E-005  
9.05000E+001  1.97027E-006  6.99974E+013  2.03873E+002  4.06996E+005  1.00000E-040  1.00000E-040  1.00000E-040  1.00000E-040  1.00000E-040  1.00000E-040  1.00000E-040  1.00000E-040  1.00000E-040  1.00000E-040  1.00000E-040  1.00000E-040  1.00000E-040  1.00000E-040  1.55963E-028  1.00000E-040  1.36729E-040  8.03190E-006  1.61379E-006  6.51859E-006  3.80768E-009  5.85928E-003  2.04020E-001  5.76581E-006  2.51373E-004  1.25932E-016  9.99683E-013  7.36484E-020  1.06112E-018  9.64752E-017  1.35610E-016  1.42819E-008  1.21310E-016  1.50755E-034  4.17365E-036  1.00000E-040  1.00000E-040  1.91452E-024  7.87683E-021  1.41529E-011  1.18645E-011  1.39177E-027  5.73690E-040  1.54836E-023  3.63866E-020  1.02821E-011  5.13682E-008  7.89847E-001  2.31335E-019  1.75341E-024  7.05916E-021  4.35505E-036  4.78879E-032  9.81912E-024  5.35967E-022  5.13708E-009  8.73069E-019  2.45982E-011  2.07204E-018  1.81624E-009  2.38601E-014  7.29696E-007  4.23635E-015  6.79360E-021  1.22122E-012  1.15279E-013  1.76045E-020  5.98430E-012  5.54014E-032  3.54378E-034  1.00000E-040  3.56625E-035  1.00000E-040  7.09889E-023  1.23274E-019  6.62829E-015  6.45982E-025  2.39803E-024  1.35549E-037  1.00000E-040  1.00000E-040  1.00000E-040  4.70532E-027  1.45680E-027  2.48214E-031  1.51030E-027  5.68611E-019  5.11347E-018  4.22107E-027  6.15487E-029  5.34519E-020  1.25590E-021  1.29038E-018  7.10952E-022  6.21395E-032  1.00000E-040  9.42872E-016  4.96999E-034  1.95767E-027  2.30870E-031  3.06691E-024  1.90053E-032  1.96372E-023  4.06830E-023  1.24406E-012  1.00000E-040  9.76786E-015  1.00000E-040  1.00000E-040  7.98563E-018  2.46097E-030  8.65616E-025  2.80530E-014  9.44357E-034  1.00000E-003  1.00000E-005  1.00000E-005  1.00000E-005  1.00000E-005  1.00000E-005  1.00000E-005  1.00000E-005  1.00000E-005  1.00000E-005  1.00000E-005  1.00000E-005  1.00000E-005  1.00000E-005  1.00000E-005  1.00000E-005  
9.15000E+001  1.67655E-006  5.97140E+013  2.03356E+002  4.06996E+005  1.00000E-040  1.00000E-040  1.00000E-040  1.00000E-040  1.00000E-040  1.00000E-040  1.00000E-040  1.00000E-040  1.00000E-040  1.00000E-040  1.00000E-040  1.00000E-040  1.00000E-040  1.00000E-040  1.44705E-028  1.00000E-040  1.42571E-040  8.98895E-006  1.66430E-006  5.57281E-006  3.12494E-009  7.91827E-003  2.02148E-001  6.78682E-006  2.46530E-004  1.50294E-016  9.59479E-013  6.04558E-019  1.44530E-018  1.01390E-016  1.34460E-016  1.22110E-008  1.61064E-016  7.37720E-035  1.00000E-040  1.00000E-040  1.00000E-040  8.17459E-025  4.59596E-021  1.58695E-011  1.09560E-011  9.44321E-027  7.12768E-040  1.62066E-023  4.66094E-020  8.25858E-012  1.09648E-007  7.89664E-001  3.48583E-019  1.63393E-024  6.28506E-021  3.71076E-035  6.69673E-032  9.34305E-024  4.64353E-022  4.54633E-009  5.46090E-019  1.72497E-011  2.19663E-018  1.64382E-009  8.60079E-015  7.39345E-007  3.19451E-015  4.39655E-021  1.18690E-012  9.20509E-014  7.68806E-021  4.17062E-012  4.78388E-032  3.34235E-034  1.00000E-040  2.00700E-035  1.00000E-040  6.94623E-023  9.77088E-020  5.52435E-015  5.84131E-025  1.84244E-024  1.15513E-037  8.56727E-038  1.00000E-040  1.00000E-040  4.23930E-027  1.81641E-027  2.88668E-031  1.14417E-027  5.35280E-019  6.95372E-018  4.26934E-027  5.10913E-029  3.13844E-020  1.05608E-021  1.04427E-018  1.10787E-021  9.65665E-032  1.00000E-040  9.28547E-016  3.39114E-034  1.48364E-027  1.58541E-031  2.60755E-024  8.63001E-033  1.22884E-023  2.24979E-023  1.58944E-012  1.00000E-040  9.57420E-015  1.00000E-040  1.00000E-040  8.08162E-018  1.39451E-026  5.95334E-025  2.43673E-014  9.11629E-034  1.00000E-003  1.00000E-005  1.00000E-005  1.00000E-005  1.00000E-005  1.00000E-005  1.00000E-005  1.00000E-005  1.00000E-005  1.00000E-005  1.00000E-005  1.00000E-005  1.00000E-005  1.00000E-005  1.00000E-005  1.00000E-005  
9.25000E+001  1.42655E-006  5.09651E+013  2.02736E+002  4.06996E+005  1.00000E-040  1.00000E-040  1.00000E-040  1.00000E-040  1.00000E-040  1.00000E-040  1.00000E-040  1.00000E-040  1.00000E-040  1.00000E-040  1.00000E-040  1.00000E-040  1.00000E-040  1.00000E-040  1.34516E-028  1.00000E-040  1.49364E-040  9.85572E-006  1.70930E-006  4.69254E-006  2.56019E-009  1.03404E-002  1.99985E-001  7.90356E-006  2.41123E-004  1.69730E-016  9.19722E-013  3.73426E-018  1.86544E-018  1.03109E-016  1.31085E-016  1.02834E-008  2.09439E-016  5.18558E-035  1.00000E-040  1.00000E-040  1.00000E-040  3.64942E-025  2.73921E-021  1.73298E-011  9.92005E-012  4.92416E-026  8.77805E-040  1.69920E-023  5.61267E-020  6.48550E-012  2.14428E-007  7.89409E-001  4.88321E-019  1.50451E-024  5.41226E-021  2.24780E-034  9.06498E-032  8.72260E-024  3.89008E-022  3.97883E-009  3.42628E-019  1.22538E-011  2.23075E-018  1.47638E-009  3.17158E-015  7.34046E-007  2.38597E-015  2.82029E-021  1.08180E-012  7.35208E-014  3.37337E-021  2.78055E-012  4.14883E-032  3.23580E-034  1.00000E-040  1.12781E-035  1.00000E-040  6.77549E-023  7.60351E-020  4.54013E-015  5.24094E-025  1.38492E-024  9.44353E-038  1.00000E-040  1.00000E-040  1.00000E-040  3.75616E-027  2.19082E-027  3.17179E-031  8.45746E-028  4.89747E-019  8.95479E-018  4.19883E-027  4.78260E-029  1.88468E-020  9.05273E-022  8.57372E-019  1.60752E-021  1.35467E-031  1.00000E-040  9.12414E-016  2.27844E-034  1.09695E-027  1.11613E-031  2.25333E-024  3.92481E-033  7.82811E-024  1.22079E-023  2.02174E-012  1.00000E-040  9.36748E-015  1.00000E-040  1.00000E-040  7.81426E-018  2.41171E-023  4.05181E-025  2.08514E-014  8.40185E-034  1.00000E-003  1.00000E-005  1.00000E-005  1.00000E-005  1.00000E-005  1.00000E-005  1.00000E-005  1.00000E-005  1.00000E-005  1.00000E-005  1.00000E-005  1.00000E-005  1.00000E-005  1.00000E-005  1.00000E-005  1.00000E-005  
9.35000E+001  1.21359E-006  4.35566E+013  2.01806E+002  4.06996E+005  1.00000E-040  1.00000E-040  1.00000E-040  1.00000E-040  1.00000E-040  1.00000E-040  1.00000E-040  1.00000E-040  1.00000E-040  1.00000E-040  1.00000E-040  1.00000E-040  1.00000E-040  1.00000E-040  1.25988E-028  1.00000E-040  1.57260E-040  1.06158E-005  1.74782E-006  3.90031E-006  2.10062E-009  1.31086E-002  1.97541E-001  9.10667E-006  2.35145E-004  1.82918E-016  8.84996E-013  1.80873E-017  2.29583E-018  1.02124E-016  1.25719E-016  8.55180E-009  2.67077E-016  2.97956E-035  1.00000E-040  1.00000E-040  1.00000E-040  1.71346E-025  1.66519E-021  1.84938E-011  8.81229E-012  2.04202E-025  1.09262E-039  1.79241E-023  6.39612E-020  5.00051E-012  3.87686E-007  7.89089E-001  6.41011E-019  1.34098E-024  4.49807E-021  1.05810E-033  1.19428E-031  8.06113E-024  3.17133E-022  3.44646E-009  2.15654E-019  8.81541E-012  2.15283E-018  1.31677E-009  1.21634E-015  7.19135E-007  1.76843E-015  1.80125E-021  9.29582E-013  5.91073E-014  1.48575E-021  1.77636E-012  3.61965E-032  3.20557E-034  1.00000E-040  6.40901E-036  1.00000E-040  6.58609E-023  5.82612E-020  3.68663E-015  4.65742E-025  1.00959E-024  7.62581E-038  1.00000E-040  1.00000E-040  1.00000E-040  3.30487E-027  2.56903E-027  3.31978E-031  6.01219E-028  4.36865E-019  1.09819E-017  4.03297E-027  4.78990E-029  1.15880E-020  7.84544E-022  7.21911E-019  2.17824E-021  1.70478E-031  1.00000E-040  8.94384E-016  1.54203E-034  7.79945E-028  7.96606E-032  1.98093E-024  1.80720E-033  5.07794E-024  6.58397E-024  2.59314E-012  1.00000E-040  9.14768E-015  1.00000E-040  1.00000E-040  7.25892E-018  1.38753E-020  2.67840E-025  1.76057E-014  7.42534E-034  1.00000E-003  1.00000E-005  1.00000E-005  1.00000E-005  1.00000E-005  1.00000E-005  1.00000E-005  1.00000E-005  1.00000E-005  1.00000E-005  1.00000E-005  1.00000E-005  1.00000E-005  1.00000E-005  1.00000E-005  1.00000E-005  
9.45000E+001  1.03208E-006  3.72134E+013  2.00877E+002  4.06996E+005  1.00000E-040  1.00000E-040  1.00000E-040  1.00000E-040  1.00000E-040  1.00000E-040  1.00000E-040  1.00000E-040  1.00000E-040  1.00000E-040  1.00000E-040  1.00000E-040  1.00000E-040  1.00000E-040  1.19539E-028  1.00000E-040  1.66441E-040  1.12622E-005  1.77939E-006  3.21141E-006  1.71196E-009  1.61929E-002  1.94835E-001  1.03812E-005  2.28597E-004  1.90579E-016  8.49760E-013  7.13201E-017  2.72154E-018  9.93563E-017  1.19412E-016  7.05217E-009  3.35696E-016  2.25731E-035  3.84278E-036  1.53680E-035  1.00000E-040  8.28208E-026  1.02944E-021  1.93752E-011  7.65720E-012  6.94824E-025  1.41060E-039  1.88403E-023  7.00136E-020  3.81459E-012  6.54036E-007  7.88715E-001  7.93432E-019  1.19190E-024  3.65495E-021  4.00371E-033  1.52628E-031  7.34337E-024  2.53427E-022  2.97706E-009  1.37565E-019  6.39832E-012  2.01357E-018  1.16783E-009  4.88784E-016  6.90312E-007  1.30704E-015  1.14654E-021  7.57868E-013  4.80627E-014  6.54961E-022  1.09081E-012  3.18017E-032  3.30361E-034  1.00000E-040  3.60592E-036  1.00000E-040  6.37771E-023  4.41197E-020  2.96784E-015  4.11890E-025  7.27480E-025  6.03436E-038  1.00000E-040  1.00000E-040  1.00000E-040  2.86737E-027  2.96135E-027  3.36128E-031  4.22402E-028  3.83598E-019  1.29643E-017  3.78978E-027  5.10309E-029  7.24628E-021  6.86011E-022  6.35333E-019  2.79884E-021  1.99231E-031  1.00000E-040  8.74384E-016  1.02179E-034  5.48027E-028  5.84110E-032  1.77067E-024  8.30857E-034  3.34167E-024  3.47362E-024  3.41665E-012  1.00000E-040  8.91430E-015  2.72873E-039  1.00000E-040  6.50962E-018  3.06344E-018  1.76949E-025  1.47080E-014  6.34187E-034  1.00000E-003  1.00000E-005  1.00000E-005  1.00000E-005  1.00000E-005  1.00000E-005  1.00000E-005  1.00000E-005  1.00000E-005  1.00000E-005  1.00000E-005  1.00000E-005  1.00000E-005  1.00000E-005  1.00000E-005  1.00000E-005  
9.55000E+001  8.77432E-007  3.17766E+013  1.99997E+002  4.06996E+005  1.00000E-040  1.00000E-040  1.00000E-040  1.00000E-040  1.00000E-040  1.00000E-040  1.00000E-040  1.00000E-040  1.00000E-040  1.00000E-040  1.00000E-040  1.00000E-040  1.00000E-040  1.00000E-040  1.14942E-028  1.00000E-040  1.77114E-040  1.17956E-005  1.80393E-006  2.63388E-006  1.38331E-009  1.95485E-002  1.91900E-001  1.17041E-005  2.21502E-004  1.94338E-016  8.17174E-013  2.35928E-016  3.14087E-018  9.58440E-017  1.13131E-016  5.80354E-009  4.16709E-016  9.80218E-036  1.00000E-040  1.00000E-040  1.00000E-040  4.08983E-026  6.46450E-022  1.99802E-011  6.50044E-012  1.99630E-024  1.93190E-039  1.96215E-023  7.49257E-020  2.91830E-012  1.03909E-006  7.88301E-001  9.34300E-019  1.06129E-024  2.93074E-021  1.26606E-032  1.90319E-031  6.62887E-024  2.01242E-022  2.57304E-009  1.40267E-019  4.68143E-012  1.84285E-018  1.03231E-009  2.06084E-016  6.48733E-007  9.66068E-016  7.29038E-022  5.91035E-013  3.97030E-014  2.88401E-022  6.46835E-013  2.81686E-032  3.58413E-034  1.00000E-040  1.99408E-036  1.00000E-040  6.15045E-023  3.32052E-020  2.38144E-015  3.63546E-025  5.22276E-025  4.69977E-038  1.00000E-040  1.00000E-040  1.00000E-040  2.45256E-027  3.38589E-027  3.36129E-031  2.96024E-028  3.36425E-019  1.48867E-017  3.50748E-027  5.58140E-029  4.60045E-021  6.05841E-022  6.09745E-019  3.46111E-021  2.21316E-031  1.00000E-040  8.52375E-016  6.63532E-035  3.84084E-028  4.40296E-032  1.60737E-024  3.84685E-034  2.23833E-024  1.78905E-024  4.80798E-012  1.00000E-040  8.66681E-015  1.00000E-040  1.00000E-040  5.68079E-018  2.96967E-016  1.17783E-025  1.22101E-014  5.30854E-034  1.00000E-003  1.00000E-005  1.00000E-005  1.00000E-005  1.00000E-005  1.00000E-005  1.00000E-005  1.00000E-005  1.00000E-005  1.00000E-005  1.00000E-005  1.00000E-005  1.00000E-005  1.00000E-005  1.00000E-005  1.00000E-005  
9.65000E+001  7.45767E-007  2.71028E+013  1.99299E+002  4.06996E+005  1.00000E-040  1.00000E-040  1.00000E-040  1.00000E-040  1.00000E-040  1.00000E-040  1.00000E-040  1.00000E-040  1.00000E-040  1.00000E-040  1.00000E-040  1.00000E-040  1.00000E-040  1.00000E-040  1.11811E-028  1.00000E-040  1.89524E-040  1.22213E-005  1.82169E-006  2.17046E-006  1.10456E-009  2.31080E-002  1.88781E-001  1.30385E-005  2.13904E-004  1.97126E-016  7.92034E-013  6.71992E-016  3.58157E-018  9.29099E-017  1.08222E-016  4.81281E-009  5.11712E-016  1.15896E-035  1.14998E-035  1.79300E-035  1.00000E-040  2.04412E-026  4.11993E-022  2.03184E-011  5.38659E-012  4.95710E-024  2.81284E-039  2.01243E-023  8.06502E-020  2.29269E-012  1.56794E-006  7.87865E-001  1.07277E-018  9.59352E-025  2.34169E-021  3.47874E-032  2.33846E-031  5.97675E-024  1.62194E-022  2.23946E-009  1.82024E-018  3.45031E-012  1.66670E-018  9.12782E-010  9.08240E-017  5.94800E-007  7.17951E-016  4.64863E-022  4.45957E-013  3.34614E-014  1.26737E-022  3.73167E-013  2.51977E-032  4.13384E-034  1.00000E-040  1.07261E-036  1.00000E-040  5.90490E-023  2.50694E-020  1.92094E-015  3.22414E-025  3.79724E-025  3.65297E-038  1.00000E-040  1.00000E-040  1.00000E-040  2.06061E-027  3.89050E-027  3.43329E-031  2.11125E-028  3.02452E-019  1.68682E-017  3.22946E-027  6.21203E-029  2.95768E-021  5.44072E-022  6.78475E-019  4.29928E-021  2.39129E-031  1.00000E-040  8.28356E-016  4.21251E-035  2.73930E-028  3.42992E-032  1.47954E-024  1.81475E-034  1.53779E-024  8.94460E-025  7.62300E-012  1.00000E-040  8.40492E-015  1.00000E-040  1.00000E-040  4.88130E-018  1.42671E-014  8.05037E-026  1.01411E-014  4.45090E-034  1.00000E-003  1.00000E-005  1.00000E-005  1.00000E-005  1.00000E-005  1.00000E-005  1.00000E-005  1.00000E-005  1.00000E-005  1.00000E-005  1.00000E-005  1.00000E-005  1.00000E-005  1.00000E-005  1.00000E-005  1.00000E-005  
9.75000E+001  6.33716E-007  2.31114E+013  1.98603E+002  4.06996E+005  1.00000E-040  1.00000E-040  1.00000E-040  1.00000E-040  1.00000E-040  1.00000E-040  1.00000E-040  1.00000E-040  1.00000E-040  1.00000E-040  1.00000E-040  1.00000E-040  1.00000E-040  1.00000E-040  1.09543E-028  1.00000E-040  2.03951E-040  1.25458E-005  1.83315E-006  1.82158E-006  8.75138E-010  2.67652E-002  1.85554E-001  1.43226E-005  2.05890E-004  2.02989E-016  7.92073E-013  1.68422E-015  4.11294E-018  9.21836E-017  1.06375E-016  4.08113E-009  6.20961E-016  6.09754E-036  1.08943E-036  1.59185E-036  1.00000E-040  1.04616E-026  2.67171E-022  2.03901E-011  4.36574E-012  1.09090E-023  4.29923E-039  2.03146E-023  9.08273E-020  1.92085E-012  2.26424E-006  7.87442E-001  1.59528E-018  8.64666E-025  1.87363E-021  8.64425E-032  2.91562E-031  5.52682E-024  1.37374E-022  1.95509E-009  3.39049E-017  2.56850E-012  1.48178E-018  8.11721E-010  4.19029E-017  5.34088E-007  5.35091E-016  2.97161E-022  3.31395E-013  2.89096E-014  5.57934E-023  2.12598E-013  2.28285E-032  5.01751E-034  1.00000E-040  5.65762E-037  1.00000E-040  5.64235E-023  1.92979E-020  1.57825E-015  2.91109E-025  2.81498E-025  2.97719E-038  1.00000E-040  1.00000E-040  1.00000E-040  1.70987E-027  4.56400E-027  3.76997E-031  1.53520E-028  2.90095E-019  1.91889E-017  3.01480E-027  6.84258E-029  1.93491E-021  5.03179E-022  9.33385E-019  7.18312E-021  2.54072E-031  1.00000E-040  8.02390E-016  2.72129E-035  1.99183E-028  2.73496E-032  1.37879E-024  9.10387E-035  1.10667E-024  4.39367E-025  1.43201E-011  1.00000E-040  8.12884E-015  1.18792E-040  1.00000E-040  4.20540E-018  3.78205E-013  5.62250E-026  8.51368E-015  3.84849E-034  1.00000E-003  1.00000E-005  1.00000E-005  1.00000E-005  1.00000E-005  1.00000E-005  1.00000E-005  1.00000E-005  1.00000E-005  1.00000E-005  1.00000E-005  1.00000E-005  1.00000E-005  1.00000E-005  1.00000E-005  1.00000E-005  
9.85000E+001  5.38360E-007  1.96878E+013  1.98058E+002  4.06996E+005  1.00000E-040  1.00000E-040  1.00000E-040  1.00000E-040  1.00000E-040  1.00000E-040  1.00000E-040  1.00000E-040  1.00000E-040  1.00000E-040  1.00000E-040  1.00000E-040  1.00000E-040  1.00000E-040  1.07352E-028  1.00000E-040  2.20729E-040  1.27734E-005  1.83901E-006  1.58898E-006  6.86002E-010  3.03377E-002  1.82340E-001  1.54519E-005  1.97610E-004  2.19406E-016  8.40402E-013  3.82253E-015  4.89958E-018  9.64229E-017  1.10939E-016  3.61167E-009  7.45018E-016  4.04273E-036  1.00000E-040  1.00000E-040  1.00000E-040  5.46346E-027  1.76868E-022  2.02027E-011  3.47330E-012  2.18719E-023  6.76932E-039  1.99543E-023  1.12749E-019  1.79800E-012  3.14652E-006  7.87090E-001  7.64873E-018  7.88910E-025  1.53869E-021  2.06193E-031  3.87200E-031  5.42676E-024  1.28509E-022  1.74090E-009  4.24775E-016  1.93456E-012  1.31502E-018  7.31571E-010  2.06113E-017  4.66836E-007  4.06202E-016  1.93047E-022  2.49601E-013  2.57091E-014  2.52270E-023  1.24022E-013  2.10376E-032  6.15964E-034  1.00000E-040  2.89919E-037  1.00000E-040  5.36479E-023  1.55579E-020  1.34627E-015  2.73446E-025  2.20314E-025  2.67253E-038  1.00000E-040  1.00000E-040  1.00000E-040  1.39321E-027  5.62870E-027  4.82317E-031  1.18339E-028  3.13092E-019  2.25299E-017  2.92670E-027  7.56966E-029  1.28980E-021  4.91394E-022  1.70964E-018  3.29924E-020  2.72966E-031  1.00000E-040  7.74610E-016  1.83188E-035  1.53535E-028  2.25077E-032  1.29875E-024  5.07932E-035  8.60256E-025  2.12057E-025  3.35865E-011  1.00000E-040  7.83937E-015  1.00000E-040  1.00000E-040  3.72369E-018  6.16314E-012  4.13877E-026  7.33377E-015  3.51965E-034  1.00000E-003  1.00000E-005  1.00000E-005  1.00000E-005  1.00000E-005  1.00000E-005  1.00000E-005  1.00000E-005  1.00000E-005  1.00000E-005  1.00000E-005  1.00000E-005  1.00000E-005  1.00000E-005  1.00000E-005  1.00000E-005  
9.95000E+001  4.57354E-007  1.66826E+013  1.98566E+002  4.06996E+005  1.00000E-040  1.00000E-040  1.00000E-040  1.00000E-040  1.00000E-040  1.00000E-040  1.00000E-040  1.00000E-040  1.00000E-040  1.00000E-040  1.00000E-040  1.00000E-040  1.00000E-040  1.00000E-040  1.01546E-028  1.00000E-040  2.40253E-040  1.28994E-005  1.84016E-006  1.48069E-006  5.24150E-010  3.34462E-002  1.79386E-001  1.62399E-005  1.89324E-004  2.67187E-016  9.93145E-013  9.05109E-015  6.39932E-018  1.12332E-016  1.32572E-016  3.41847E-009  8.85975E-016  3.07345E-036  1.00000E-040  1.00000E-040  1.00000E-040  2.88874E-027  1.20053E-022  1.97243E-011  2.77661E-012  4.54142E-023  1.13910E-038  1.86867E-023  1.61174E-019  1.92773E-012  4.19423E-006  7.86941E-001  1.80280E-016  8.00748E-025  1.37745E-021  5.78407E-031  6.05234E-031  5.93207E-024  1.43306E-022  1.83351E-009  1.10189E-014  1.47510E-012  1.22169E-018  6.75168E-010  1.20643E-017  3.87004E-007  3.61780E-016  1.45180E-022  1.98702E-013  2.36065E-014  1.34271E-023  8.07890E-014  1.98472E-032  6.90478E-034  1.00000E-040  1.44552E-037  1.00000E-040  5.07520E-023  1.36481E-020  1.22139E-015  2.76263E-025  1.98517E-025  2.67459E-038  1.00000E-040  1.00000E-040  1.00000E-040  1.08089E-027  7.69909E-027  8.36743E-031  1.08194E-028  3.98296E-019  2.86830E-017  3.08130E-027  9.24008E-029  8.69860E-022  5.38140E-022  5.32290E-018  7.07999E-019  3.00881E-031  1.00000E-040  7.45266E-016  1.26518E-035  1.40326E-028  2.01143E-032  1.23476E-024  3.28889E-035  7.70860E-025  1.00056E-025  1.21776E-010  1.00000E-040  7.53846E-015  1.00000E-040  1.00000E-040  3.48264E-018  1.89172E-010  3.58084E-026  6.61223E-015  3.39409E-034  1.00000E-003  1.00000E-005  1.00000E-005  1.00000E-005  1.00000E-005  1.00000E-005  1.00000E-005  1.00000E-005  1.00000E-005  1.00000E-005  1.00000E-005  1.00000E-005  1.00000E-005  1.00000E-005  1.00000E-005  1.00000E-005  
