 SOLAR ZENITH ANGLE (deg) =    48.2000000000000     
 FIXED SPECIES MIXING RATIOS:
    O2 =   0.210000000000000       CO2 =   4.000000000000000E-004
 
    CH4 =   2.806977011436352E-007
 Standard CH3CL flux =  2.370E+08

 PO2= 1.517E-01  PNO= 3.565E-02  ZAPNO= 3.768E+03
 N= 3     X= 6.98378E-01  ERR= 1.04173E-06

 TIME = 0.0000E+00     TIMEY =   0.0000E+00 YEARS

 NPHOT =  0

 MIXING RATIOS OF LONG-LIVED SPECIES


     Z        H2CO     O        H2O      OH       HO2      H2O2     O3       H        H2       CH4      CO       CH3OOH  
  5.00E+04 1.29E-10 3.82E-17 1.37E-02 5.68E-14 9.77E-12 8.35E-10 1.58E-08 5.44E-21 3.73E-07 1.10E-06 6.62E-08 6.44E-10
  1.50E+05 1.34E-10 5.22E-17 8.58E-03 6.59E-14 9.69E-12 8.57E-10 1.85E-08 5.94E-21 3.73E-07 1.10E-06 6.03E-08 6.25E-10
  2.50E+05 1.32E-10 7.30E-17 5.20E-03 7.61E-14 9.43E-12 8.34E-10 2.21E-08 6.49E-21 3.74E-07 1.10E-06 5.52E-08 5.60E-10
  3.50E+05 1.24E-10 1.02E-16 2.92E-03 8.54E-14 8.81E-12 7.44E-10 2.66E-08 6.96E-21 3.74E-07 1.09E-06 5.09E-08 4.51E-10
  7.50E+05 5.35E-11 3.32E-16 1.62E-04 9.68E-14 4.57E-12 2.52E-10 4.62E-08 7.17E-21 3.75E-07 1.09E-06 3.99E-08 1.01E-10
  1.15E+06 1.33E-11 1.14E-15 4.29E-06 8.61E-14 1.37E-12 3.86E-11 8.03E-08 6.57E-21 3.75E-07 1.08E-06 3.37E-08 9.86E-12
  1.55E+06 5.58E-12 2.59E-14 4.37E-06 6.84E-14 6.77E-13 1.98E-12 5.15E-07 5.77E-21 3.74E-07 1.05E-06 2.01E-08 5.30E-13
  1.95E+06 7.53E-12 3.56E-13 4.59E-06 1.74E-13 1.96E-12 7.56E-12 1.98E-06 1.54E-20 3.65E-07 9.37E-07 1.01E-08 1.09E-12
  2.35E+06 1.43E-11 3.08E-12 4.87E-06 6.68E-13 7.97E-12 5.14E-11 4.45E-06 9.77E-20 3.50E-07 8.00E-07 7.30E-09 3.48E-12
  2.75E+06 2.79E-11 2.09E-11 5.17E-06 3.10E-12 3.15E-11 2.75E-10 7.48E-06 1.19E-18 3.29E-07 6.58E-07 7.08E-09 7.73E-12
  3.15E+06 4.33E-11 1.19E-10 5.48E-06 1.45E-11 9.59E-11 7.21E-10 9.66E-06 2.56E-17 3.01E-07 5.12E-07 7.29E-09 1.02E-11
  3.55E+06 5.30E-11 6.25E-10 5.78E-06 5.93E-11 1.82E-10 6.62E-10 8.91E-06 7.75E-16 2.71E-07 3.70E-07 7.31E-09 7.76E-12
  3.95E+06 5.34E-11 3.14E-09 6.02E-06 2.04E-10 2.28E-10 2.86E-10 6.15E-06 2.28E-14 2.55E-07 2.52E-07 6.86E-09 4.07E-12
  4.35E+06 4.69E-11 1.36E-08 6.14E-06 4.60E-10 2.72E-10 1.52E-10 3.64E-06 3.91E-13 2.77E-07 1.74E-07 7.11E-09 2.76E-12
  4.75E+06 3.65E-11 4.01E-08 6.12E-06 6.41E-10 3.24E-10 1.11E-10 2.19E-06 2.79E-12 3.55E-07 1.32E-07 9.51E-09 2.56E-12
  5.15E+06 2.45E-11 8.72E-08 6.01E-06 7.74E-10 3.72E-10 9.37E-11 1.48E-06 1.19E-11 4.94E-07 1.10E-07 1.65E-08 2.26E-12
  5.55E+06 1.59E-11 1.57E-07 5.83E-06 9.19E-10 4.28E-10 9.07E-11 1.08E-06 3.93E-11 6.76E-07 9.77E-08 3.48E-08 1.83E-12
  5.95E+06 1.06E-11 2.63E-07 5.61E-06 1.14E-09 5.21E-10 9.88E-11 7.42E-07 1.28E-10 8.90E-07 8.88E-08 7.35E-08 1.47E-12
  6.35E+06 7.10E-12 3.78E-07 5.36E-06 1.59E-09 7.17E-10 1.45E-10 5.03E-07 4.02E-10 1.13E-06 8.08E-08 1.41E-07 1.12E-12
  6.75E+06 1.27E-11 5.65E-07 5.07E-06 2.62E-09 1.20E-09 2.83E-10 2.58E-07 1.76E-09 1.40E-06 7.24E-08 2.48E-07 8.24E-13
  7.15E+06 7.67E-11 6.92E-07 4.73E-06 5.72E-09 2.63E-09 7.73E-10 1.14E-07 8.33E-09 1.72E-06 6.29E-08 4.11E-07 5.71E-13
  7.55E+06 2.31E-10 1.08E-06 4.26E-06 1.14E-08 4.98E-09 1.54E-09 5.42E-08 4.63E-08 2.16E-06 5.16E-08 6.87E-07 3.20E-13
  7.95E+06 3.94E-10 2.69E-06 3.52E-06 1.83E-08 7.05E-09 1.60E-09 3.26E-08 3.22E-07 2.71E-06 3.87E-08 1.17E-06 1.07E-13
  8.35E+06 2.43E-10 1.20E-04 2.49E-06 2.22E-09 5.04E-10 2.44E-10 2.78E-07 1.78E-06 2.92E-06 2.71E-08 1.88E-06 1.79E-14
  8.75E+06 7.15E-11 9.48E-04 1.66E-06 6.79E-10 5.73E-11 2.89E-11 6.40E-07 3.15E-06 2.94E-06 1.84E-08 2.66E-06 2.90E-15
  9.15E+06 2.86E-11 3.26E-03 1.08E-06 2.28E-10 1.02E-11 3.30E-12 6.08E-07 4.02E-06 2.95E-06 1.24E-08 3.48E-06 4.82E-16
  9.55E+06 1.49E-11 7.55E-03 7.19E-07 7.18E-11 2.37E-12 3.65E-13 3.76E-07 4.49E-06 2.94E-06 8.62E-09 4.30E-06 8.28E-17
  9.95E+06 1.01E-11 1.36E-02 5.31E-07 2.10E-11 6.56E-13 5.99E-14 1.71E-07 4.66E-06 2.91E-06 6.64E-09 5.10E-06 2.12E-17
     Z        H2CO     O        H2O      OH       HO2      H2O2     O3       H        H2       CH4      CO       CH3OOH  

     Z        CH3O2    N2O      NO       NO2      HNO2     HNO3     HO2NO2   NO3      N2O5     CL2O2    CH3CL    HOCL    
  5.00E+04 5.66E-12 2.82E-07 3.08E-12 8.94E-12 1.89E-14 6.50E-11 1.18E-13 6.67E-15 3.60E-17 1.26E-22 4.88E-10 2.69E-13
  1.50E+05 5.22E-12 2.82E-07 4.02E-12 1.04E-11 2.55E-14 9.91E-11 2.96E-13 7.35E-15 7.43E-17 3.17E-22 4.79E-10 2.96E-13
  2.50E+05 4.62E-12 2.81E-07 5.25E-12 1.23E-11 3.41E-14 1.43E-10 7.66E-13 8.34E-15 1.65E-16 8.06E-22 4.72E-10 3.07E-13
  3.50E+05 3.81E-12 2.81E-07 7.02E-12 1.47E-11 4.53E-14 1.87E-10 2.00E-12 9.33E-15 3.94E-16 1.98E-21 4.67E-10 2.99E-13
  7.50E+05 1.15E-12 2.81E-07 1.57E-11 1.72E-11 6.79E-14 2.82E-10 3.79E-11 7.77E-15 6.90E-15 8.04E-20 4.53E-10 1.73E-13
  1.15E+06 1.75E-13 2.80E-07 3.74E-11 1.96E-11 7.97E-14 3.28E-10 3.43E-11 5.10E-15 6.52E-14 2.73E-18 4.46E-10 4.60E-14
  1.55E+06 6.63E-14 2.67E-07 8.08E-11 1.32E-10 4.81E-14 1.09E-09 5.64E-11 2.80E-14 1.40E-12 3.77E-17 4.03E-10 6.46E-14
  1.95E+06 1.00E-13 2.25E-07 1.41E-10 4.68E-10 7.03E-14 3.27E-09 1.79E-10 2.08E-13 1.89E-11 1.12E-15 3.08E-10 8.36E-13
  2.35E+06 2.15E-13 1.70E-07 2.67E-10 1.13E-09 1.54E-13 5.42E-09 3.76E-10 6.49E-13 6.24E-11 4.99E-15 2.12E-10 6.55E-12
  2.75E+06 4.23E-13 1.14E-07 6.44E-10 2.65E-09 5.00E-13 6.14E-09 5.28E-10 1.40E-12 1.08E-10 7.99E-15 1.33E-10 3.06E-11
  3.15E+06 7.51E-13 6.56E-08 1.60E-09 4.81E-09 1.69E-12 5.39E-09 3.70E-10 1.98E-12 6.78E-11 1.11E-14 7.26E-11 1.00E-10
  3.55E+06 1.27E-12 3.29E-08 3.66E-09 5.95E-09 4.27E-12 3.46E-09 1.10E-10 1.86E-12 1.52E-11 9.10E-15 3.21E-11 1.70E-10
  3.95E+06 1.99E-12 1.60E-08 7.13E-09 4.23E-09 7.83E-12 1.44E-09 1.43E-11 1.04E-12 1.26E-12 3.50E-15 1.16E-11 1.32E-10
  4.35E+06 2.90E-12 8.23E-09 9.95E-09 1.60E-09 7.09E-12 2.76E-10 1.31E-12 3.39E-13 3.71E-14 4.90E-16 3.97E-12 5.46E-11
  4.75E+06 3.83E-12 4.63E-09 1.02E-08 5.00E-10 3.07E-12 3.22E-11 1.39E-13 8.42E-14 7.88E-16 2.53E-17 1.68E-12 1.43E-11
  5.15E+06 4.06E-12 2.79E-09 9.40E-09 1.64E-10 1.25E-12 4.35E-12 2.00E-14 2.00E-14 2.21E-17 2.63E-18 9.53E-13 3.96E-12
  5.55E+06 3.52E-12 1.80E-09 8.38E-09 5.73E-11 5.70E-13 7.74E-13 3.79E-15 4.96E-15 8.82E-19 5.96E-19 7.07E-13 1.43E-12
  5.95E+06 2.91E-12 1.23E-09 7.37E-09 2.27E-11 2.64E-13 1.66E-13 8.29E-16 1.32E-15 4.34E-20 7.67E-20 6.10E-13 5.46E-13
  6.35E+06 1.91E-12 8.61E-10 6.48E-09 1.24E-11 1.51E-13 5.63E-14 3.00E-16 4.85E-16 4.34E-21 9.24E-21 5.65E-13 2.83E-13
  6.75E+06 1.34E-12 6.01E-10 5.84E-09 9.91E-12 7.88E-14 2.85E-14 1.48E-16 2.14E-16 6.11E-22 4.05E-22 5.41E-13 1.13E-13
  7.15E+06 7.09E-13 3.99E-10 5.43E-09 1.37E-11 5.87E-14 2.81E-14 1.54E-16 1.48E-16 2.27E-22 1.61E-23 5.25E-13 6.15E-14
  7.55E+06 3.41E-13 2.24E-10 5.14E-09 1.26E-11 3.68E-14 1.88E-14 9.16E-17 7.33E-17 4.25E-23 4.67E-25 5.13E-13 2.28E-14
  7.95E+06 1.02E-13 7.85E-11 4.71E-09 4.86E-12 1.71E-14 5.37E-15 1.91E-17 1.95E-17 2.28E-24 1.10E-26 5.02E-13 4.68E-15
  8.35E+06 2.33E-14 1.21E-11 3.92E-09 2.35E-14 5.55E-16 3.77E-16 2.04E-19 1.22E-19 1.24E-26 4.14E-28 4.90E-13 6.27E-18
  8.75E+06 1.36E-14 1.72E-12 3.04E-09 4.15E-15 3.45E-17 2.51E-17 1.93E-21 1.17E-20 6.22E-29 3.71E-29 4.75E-13 5.30E-20
  9.15E+06 1.06E-14 3.79E-13 2.35E-09 1.49E-15 2.04E-18 1.69E-18 1.93E-23 2.01E-21 3.28E-31 1.53E-30 4.53E-13 1.11E-21
  9.55E+06 9.36E-15 1.40E-13 1.90E-09 5.81E-16 1.17E-19 1.17E-19 2.09E-25 3.68E-22 1.86E-33 4.11E-32 4.21E-13 3.55E-23
  9.95E+06 8.35E-15 8.71E-14 1.72E-09 2.55E-16 7.23E-21 1.18E-20 3.34E-27 7.57E-23 1.48E-35 7.57E-34 3.74E-13 1.38E-24
     Z        CH3O2    N2O      NO       NO2      HNO2     HNO3     HO2NO2   NO3      N2O5     CL2O2    CH3CL    HOCL    

     Z        CL       CLO      HCL      CLONO2   O2       H2S      HS       SO       SO2      H2SO4    HSO      CO2     
  5.00E+04 8.66E-18 1.80E-14 5.52E-12 6.29E-13 2.10E-01 2.41E-12 4.47E-18 4.90E-20 3.16E-11 2.12E-12 7.99E-14 4.00E-04
  1.50E+05 1.21E-17 2.13E-14 7.89E-12 8.03E-13 2.10E-01 2.53E-12 5.09E-18 7.37E-20 5.59E-11 4.17E-12 9.94E-14 4.05E-04
  2.50E+05 1.58E-17 2.50E-14 1.05E-11 9.54E-13 2.10E-01 2.70E-12 5.82E-18 1.10E-19 7.86E-11 6.45E-12 1.17E-13 4.09E-04
  3.50E+05 1.99E-17 2.85E-14 1.28E-11 1.10E-12 2.10E-01 2.98E-12 6.60E-18 1.66E-19 1.01E-10 8.67E-12 1.39E-13 4.13E-04
  7.50E+05 3.69E-17 4.20E-14 1.85E-11 1.04E-12 2.10E-01 5.60E-12 1.06E-17 8.42E-19 1.91E-10 1.30E-11 3.01E-13 4.28E-04
  1.15E+06 6.15E-17 4.49E-14 2.45E-11 6.92E-13 2.10E-01 1.91E-12 2.35E-18 8.03E-19 1.31E-10 5.77E-12 1.22E-13 4.31E-04
  1.55E+06 1.19E-16 2.50E-13 6.07E-11 7.59E-12 2.10E-01 2.43E-14 4.87E-21 1.28E-20 1.96E-11 2.91E-13 1.31E-15 4.31E-04
  1.95E+06 4.74E-16 2.15E-12 9.39E-11 6.64E-11 2.10E-01 5.08E-17 7.20E-24 1.82E-20 1.30E-12 2.03E-14 1.08E-18 4.31E-04
  2.35E+06 1.52E-15 8.54E-12 7.94E-11 1.64E-10 2.10E-01 3.92E-20 1.06E-26 2.26E-20 8.21E-14 3.10E-15 4.83E-22 4.31E-04
  2.75E+06 5.23E-15 2.13E-11 5.94E-11 2.26E-10 2.10E-01 5.92E-24 5.63E-30 1.48E-20 5.41E-15 2.09E-14 6.85E-26 4.31E-04
  3.15E+06 2.37E-14 4.98E-11 5.82E-11 1.89E-10 2.10E-01 1.16E-28 9.92E-31 1.52E-20 9.15E-16 2.54E-14 2.88E-27 4.31E-04
  3.55E+06 1.34E-13 1.09E-10 8.48E-11 7.34E-11 2.10E-01 1.43E-28 1.16E-29 6.45E-20 1.20E-15 2.50E-14 6.53E-27 4.31E-04
  3.95E+06 7.76E-13 1.78E-10 1.36E-10 1.13E-11 2.10E-01 4.22E-28 9.30E-29 2.13E-19 1.99E-15 2.42E-14 8.16E-27 4.31E-04
  4.35E+06 3.20E-12 1.72E-10 2.35E-10 6.30E-13 2.10E-01 1.50E-27 6.55E-28 6.31E-19 3.86E-15 2.23E-14 9.26E-27 4.31E-04
  4.75E+06 6.68E-12 9.50E-11 3.51E-10 2.15E-14 2.10E-01 4.41E-27 2.79E-27 1.60E-18 7.20E-15 1.89E-14 1.05E-26 4.31E-04
  5.15E+06 9.32E-12 4.43E-11 4.10E-10 9.98E-16 2.10E-01 7.13E-27 6.07E-27 4.04E-18 1.08E-14 1.53E-14 1.26E-26 4.30E-04
  5.55E+06 1.15E-11 2.16E-11 4.33E-10 7.44E-17 2.10E-01 8.94E-27 9.65E-27 1.15E-17 1.36E-14 1.24E-14 2.68E-26 4.30E-04
  5.95E+06 1.35E-11 9.94E-12 4.44E-10 6.29E-18 2.10E-01 1.11E-26 1.46E-26 3.19E-17 1.56E-14 1.03E-14 8.13E-26 4.30E-04
  6.35E+06 1.48E-11 4.58E-12 4.48E-10 9.01E-19 2.10E-01 1.78E-26 2.58E-26 1.13E-16 1.69E-14 8.82E-15 3.89E-25 4.29E-04
  6.75E+06 1.53E-11 1.58E-12 4.51E-10 1.02E-19 2.10E-01 4.14E-26 5.69E-26 2.49E-16 1.77E-14 7.81E-15 1.42E-24 4.29E-04
  7.15E+06 1.44E-11 4.94E-13 4.52E-10 1.94E-20 2.10E-01 1.86E-25 2.21E-25 5.28E-16 1.81E-14 7.10E-15 6.64E-24 4.28E-04
  7.55E+06 1.40E-11 1.42E-13 4.53E-10 2.05E-21 2.10E-01 6.48E-25 8.11E-25 8.28E-16 1.83E-14 6.50E-15 1.97E-23 4.27E-04
  7.95E+06 1.54E-11 3.72E-14 4.51E-10 8.55E-23 2.09E-01 1.28E-24 2.85E-24 1.31E-15 1.82E-14 5.88E-15 4.41E-23 4.25E-04
  8.35E+06 3.29E-11 1.29E-14 4.32E-10 3.38E-26 2.09E-01 3.17E-26 1.22E-25 7.48E-15 1.23E-14 5.24E-15 1.81E-23 4.22E-04
  8.75E+06 6.68E-11 7.35E-15 3.95E-10 7.49E-29 2.08E-01 2.67E-28 5.31E-27 1.27E-14 7.02E-15 4.58E-15 3.51E-24 4.16E-04
  9.15E+06 1.00E-10 3.15E-15 3.56E-10 1.45E-30 2.06E-01 1.44E-30 4.21E-28 1.50E-14 4.34E-15 3.83E-15 7.46E-25 4.05E-04
  9.55E+06 1.26E-10 1.11E-15 3.21E-10 3.40E-32 2.02E-01-6.22E-29 5.08E-29 1.57E-14 2.68E-15 2.98E-15 1.84E-25 3.86E-04
  9.95E+06 1.35E-10 3.19E-16 2.95E-10 8.97E-34 1.95E-01-3.49E-29 8.09E-30 1.48E-14 1.67E-15 2.05E-15 4.97E-26 3.55E-04
     Z        CL       CLO      HCL      CLONO2   O2       H2S      HS       SO       SO2      H2SO4    HSO      CO2     


 MIXING RATIO OF AEROSOL

     Z      SO4AER
  5.00E+04 7.92E-11
  1.50E+05 9.64E-11
  2.50E+05 1.32E-10
  3.50E+05 1.78E-10
  7.50E+05 3.65E-10
  1.15E+06 5.02E-10
  1.55E+06 5.28E-10
  1.95E+06 3.48E-10
  2.35E+06 2.24E-10
  2.75E+06 1.52E-10
  3.15E+06 9.58E-11
  3.55E+06 5.35E-11
  3.95E+06 2.68E-11
  4.35E+06 1.20E-11
  4.75E+06 4.97E-12
  5.15E+06 1.86E-12
  5.55E+06 6.47E-13
  5.95E+06 2.03E-13
  6.35E+06 5.56E-14
  6.75E+06 1.19E-14
  7.15E+06 1.75E-15
  7.55E+06 7.90E-17
  7.95E+06 2.15E-19
  8.35E+06 1.99E-24
  8.75E+06 1.37E-34
  9.15E+06 2.05E-55
  9.55E+06 8.17E-98
  9.95E+06 1.00-100


 PHOTOLYSIS RATES

     Z       PO2      PO2D     PCO2     PCO2D    PH2O     PO3      PO3D     PH2O2    PHCO     PH2      PHO2
   5.00E+04 6.59E-35 0.00E+00 4.65E-39 0.00E+00 8.75E-36 1.73E-04 5.42E-06 2.28E-06 8.01E-06 1.52E-05 5.25E-29
   3.50E+05 1.63E-28 0.00E+00 5.81E-31 0.00E+00 1.03E-28 1.81E-04 6.29E-06 2.78E-06 9.94E-06 1.83E-05 1.24E-22
   6.50E+05 1.67E-23 0.00E+00 5.17E-24 0.00E+00 2.79E-22 1.85E-04 6.18E-06 3.12E-06 1.13E-05 2.04E-05 1.23E-17
   9.50E+05 7.65E-20 0.00E+00 5.42E-20 0.00E+00 2.86E-18 1.89E-04 5.45E-06 3.36E-06 1.22E-05 2.17E-05 5.72E-14
   1.25E+06 2.35E-17 0.00E+00 6.25E-18 0.00E+00 3.38E-16 1.91E-04 4.83E-06 3.51E-06 1.28E-05 2.26E-05 1.73E-11
   1.55E+06 1.10E-15 0.00E+00 1.68E-16 0.00E+00 9.28E-15 1.93E-04 5.27E-06 3.62E-06 1.32E-05 2.32E-05 7.97E-10
   1.85E+06 1.72E-14 0.00E+00 2.27E-15 0.00E+00 1.24E-13 1.95E-04 6.25E-06 3.73E-06 1.37E-05 2.36E-05 1.23E-08
   2.15E+06 1.46E-13 0.00E+00 1.93E-14 0.00E+00 1.04E-12 1.97E-04 8.71E-06 3.90E-06 1.44E-05 2.40E-05 1.04E-07
   2.45E+06 8.33E-13 1.37-113 1.15E-13 0.00E+00 6.16E-12 2.01E-04 1.44E-05 4.18E-06 1.54E-05 2.45E-05 5.91E-07
   2.75E+06 3.53E-12 1.17E-78 5.10E-13 0.00E+00 2.78E-11 2.05E-04 2.66E-05 4.72E-06 1.69E-05 2.50E-05 2.50E-06
   3.05E+06 1.17E-11 2.76E-56 1.70E-12 0.00E+00 9.74E-11 2.11E-04 5.36E-05 5.77E-06 1.89E-05 2.57E-05 8.30E-06
   3.35E+06 3.11E-11 6.80E-42 4.25E-12 8.19-235 2.61E-10 2.20E-04 1.15E-04 7.74E-06 2.14E-05 2.66E-05 2.26E-05
   3.65E+06 6.71E-11 1.46E-32 8.07E-12 1.16-155 5.36E-10 2.35E-04 2.44E-04 1.10E-05 2.42E-05 2.75E-05 5.03E-05
   3.95E+06 1.17E-10 1.94E-26 1.25E-11 1.28-105 9.01E-10 2.69E-04 5.42E-04 1.59E-05 2.66E-05 2.85E-05 9.19E-05
   4.25E+06 1.67E-10 2.53E-22 1.74E-11 1.77E-73 1.37E-09 3.31E-04 1.11E-03 2.21E-05 2.82E-05 2.92E-05 1.36E-04
   4.55E+06 2.08E-10 1.66E-19 2.31E-11 1.54E-52 2.03E-09 3.98E-04 1.71E-03 2.76E-05 2.92E-05 2.97E-05 1.71E-04
   4.85E+06 2.43E-10 1.45E-17 3.03E-11 1.04E-38 3.03E-09 4.45E-04 2.14E-03 3.13E-05 2.97E-05 3.00E-05 1.92E-04
   5.15E+06 2.76E-10 3.02E-16 3.96E-11 2.40E-29 4.59E-09 4.74E-04 2.40E-03 3.36E-05 3.00E-05 3.02E-05 2.05E-04
   5.45E+06 3.08E-10 2.51E-15 5.18E-11 7.23E-23 7.14E-09 4.91E-04 2.55E-03 3.50E-05 3.01E-05 3.03E-05 2.13E-04
   5.75E+06 3.48E-10 1.31E-14 6.81E-11 2.55E-18 1.17E-08 5.01E-04 2.63E-03 3.58E-05 3.02E-05 3.03E-05 2.18E-04
   6.05E+06 4.06E-10 4.72E-14 9.14E-11 3.71E-15 2.04E-08 5.07E-04 2.68E-03 3.64E-05 3.03E-05 3.04E-05 2.21E-04
   6.35E+06 4.79E-10 1.74E-13 1.24E-10 5.51E-13 3.53E-08 5.10E-04 2.69E-03 3.67E-05 3.03E-05 3.04E-05 2.23E-04
   6.65E+06 6.15E-10 2.29E-12 1.67E-10 1.74E-11 6.29E-08 5.11E-04 2.70E-03 3.69E-05 3.03E-05 3.04E-05 2.24E-04
   6.95E+06 8.05E-10 2.02E-11 2.18E-10 1.69E-10 1.45E-07 5.12E-04 2.70E-03 3.70E-05 3.03E-05 3.04E-05 2.25E-04
   7.25E+06 1.10E-09 8.87E-11 2.76E-10 7.47E-10 3.82E-07 5.13E-04 2.70E-03 3.71E-05 3.03E-05 3.04E-05 2.25E-04
   7.55E+06 1.55E-09 2.31E-10 3.38E-10 1.94E-09 8.42E-07 5.14E-04 2.69E-03 3.71E-05 3.03E-05 3.04E-05 2.26E-04
   7.85E+06 2.22E-09 4.25E-10 4.07E-10 3.54E-09 1.45E-06 5.18E-04 2.69E-03 3.72E-05 3.03E-05 3.04E-05 2.26E-04
   8.15E+06 3.13E-09 6.28E-10 4.86E-10 5.15E-09 2.07E-06 5.42E-04 2.66E-03 3.73E-05 3.03E-05 3.04E-05 2.27E-04
   8.45E+06 4.31E-09 8.13E-10 5.69E-10 6.48E-09 2.59E-06 6.01E-04 2.60E-03 3.73E-05 3.03E-05 3.04E-05 2.27E-04
   8.75E+06 6.06E-09 9.96E-10 6.55E-10 7.44E-09 2.99E-06 6.25E-04 2.57E-03 3.74E-05 3.03E-05 3.04E-05 2.27E-04
   9.05E+06 8.95E-09 1.73E-09 7.40E-10 8.08E-09 3.26E-06 6.12E-04 2.58E-03 3.74E-05 3.03E-05 3.04E-05 2.27E-04
   9.35E+06 1.37E-08 6.35E-09 8.23E-10 8.58E-09 3.49E-06 5.64E-04 2.64E-03 3.74E-05 3.03E-05 3.04E-05 2.28E-04
   9.65E+06 2.11E-08 1.95E-08 9.08E-10 9.18E-09 3.72E-06 5.27E-04 2.68E-03 3.75E-05 3.03E-05 3.04E-05 2.28E-04
   9.95E+06 3.07E-08 4.40E-08 9.96E-10 1.02E-08 3.99E-06 5.16E-04 2.69E-03 3.75E-05 3.03E-05 3.04E-05 2.28E-04

     Z      PCH4     PCH3OOH  PN2O     PHNO3    PNO      PNO2     PHNO4    PCCL3F   PCCL2F2  PCCL4    PCH3CL
   5.00E+04 0.00E+00 2.16E-06 5.20E-32 1.25E-07 2.07-145 3.02E-03 2.11E-06 1.13E-30 5.34E-32 4.05E-30 1.43E-34
   3.50E+05 0.00E+00 2.63E-06 2.44E-25 1.58E-07 2.88E-48 3.40E-03 2.64E-06 4.70E-24 3.13E-25 1.18E-23 3.43E-27
   6.50E+05 0.00E+00 2.95E-06 5.18E-20 1.83E-07 1.81E-27 3.66E-03 3.01E-06 8.81E-19 1.22E-19 1.37E-18 2.53E-21
   9.50E+05 0.00E+00 3.17E-06 3.64E-16 2.00E-07 1.20E-20 3.84E-03 3.27E-06 5.92E-15 1.04E-15 7.04E-15 2.33E-17
   1.25E+06 0.00E+00 3.31E-06 8.89E-14 2.12E-07 5.00E-17 3.95E-03 3.44E-06 1.49E-12 1.98E-13 2.05E-12 4.04E-15
   1.55E+06 0.00E+00 3.41E-06 3.95E-12 2.23E-07 1.09E-14 4.02E-03 3.57E-06 6.68E-11 8.00E-12 9.43E-11 1.56E-13
   1.85E+06 0.00E+00 3.51E-06 6.06E-11 2.48E-07 5.26E-13 4.06E-03 3.75E-06 1.03E-09 1.21E-10 1.45E-09 2.32E-12
   2.15E+06 0.00E+00 3.66E-06 5.00E-10 3.51E-07 1.11E-11 4.09E-03 4.12E-06 8.49E-09 1.00E-09 1.22E-08 1.92E-11
   2.45E+06 0.00E+00 3.92E-06 2.69E-09 7.58E-07 1.41E-10 4.12E-03 5.01E-06 4.59E-08 5.44E-09 6.75E-08 1.04E-10
   2.75E+06 0.00E+00 4.40E-06 1.04E-08 2.08E-06 1.15E-09 4.14E-03 7.26E-06 1.78E-07 2.13E-08 2.75E-07 4.05E-10
   3.05E+06 0.00E+00 5.33E-06 2.97E-08 5.30E-06 6.06E-09 4.16E-03 1.26E-05 5.16E-07 6.18E-08 8.58E-07 1.17E-09
   3.35E+06 3.07-232 7.11E-06 6.44E-08 1.10E-05 2.02E-08 4.18E-03 2.31E-05 1.13E-06 1.35E-07 2.09E-06 2.57E-09
   3.65E+06 4.34-153 9.98E-06 1.07E-07 1.82E-05 4.53E-08 4.20E-03 4.00E-05 1.92E-06 2.28E-07 3.95E-06 4.35E-09
   3.95E+06 4.81-103 1.40E-05 1.46E-07 2.53E-05 7.65E-08 4.21E-03 6.43E-05 2.64E-06 3.17E-07 5.97E-06 6.13E-09
   4.25E+06 6.63E-71 1.89E-05 1.76E-07 3.15E-05 1.10E-07 4.21E-03 9.50E-05 3.19E-06 3.92E-07 7.60E-06 7.77E-09
   4.55E+06 5.79E-50 2.31E-05 1.98E-07 3.64E-05 1.45E-07 4.21E-03 1.23E-04 3.59E-06 4.60E-07 8.68E-06 9.38E-09
   4.85E+06 3.89E-36 2.59E-05 2.16E-07 4.01E-05 1.84E-07 4.21E-03 1.42E-04 3.90E-06 5.27E-07 9.39E-06 1.11E-08
   5.15E+06 9.00E-27 2.76E-05 2.32E-07 4.30E-05 2.29E-07 4.22E-03 1.54E-04 4.17E-06 5.96E-07 9.88E-06 1.31E-08
   5.45E+06 2.71E-20 2.86E-05 2.47E-07 4.55E-05 2.78E-07 4.22E-03 1.62E-04 4.42E-06 6.70E-07 1.03E-05 1.54E-08
   5.75E+06 9.57E-16 2.93E-05 2.61E-07 4.76E-05 3.31E-07 4.22E-03 1.67E-04 4.65E-06 7.48E-07 1.06E-05 1.80E-08
   6.05E+06 1.39E-12 2.96E-05 2.75E-07 4.95E-05 3.91E-07 4.22E-03 1.70E-04 4.87E-06 8.32E-07 1.09E-05 2.12E-08
   6.35E+06 2.06E-10 2.99E-05 2.88E-07 5.13E-05 4.63E-07 4.22E-03 1.73E-04 5.10E-06 9.24E-07 1.13E-05 2.51E-08
   6.65E+06 6.52E-09 3.00E-05 3.02E-07 5.29E-05 5.46E-07 4.22E-03 1.74E-04 5.33E-06 1.02E-06 1.16E-05 2.98E-08
   6.95E+06 6.32E-08 3.01E-05 3.15E-07 5.46E-05 6.39E-07 4.22E-03 1.76E-04 5.55E-06 1.13E-06 1.20E-05 3.50E-08
   7.25E+06 2.80E-07 3.01E-05 3.27E-07 5.61E-05 7.36E-07 4.22E-03 1.77E-04 5.77E-06 1.23E-06 1.24E-05 4.06E-08
   7.55E+06 7.28E-07 3.02E-05 3.39E-07 5.74E-05 8.33E-07 4.22E-03 1.78E-04 5.98E-06 1.34E-06 1.28E-05 4.63E-08
   7.85E+06 1.33E-06 3.02E-05 3.50E-07 5.87E-05 9.28E-07 4.22E-03 1.79E-04 6.18E-06 1.44E-06 1.32E-05 5.24E-08
   8.15E+06 1.93E-06 3.03E-05 3.60E-07 5.99E-05 1.02E-06 4.22E-03 1.79E-04 6.37E-06 1.54E-06 1.36E-05 5.87E-08
   8.45E+06 2.43E-06 3.03E-05 3.69E-07 6.09E-05 1.09E-06 4.22E-03 1.80E-04 6.55E-06 1.63E-06 1.40E-05 6.52E-08
   8.75E+06 2.79E-06 3.03E-05 3.77E-07 6.18E-05 1.15E-06 4.22E-03 1.81E-04 6.70E-06 1.71E-06 1.43E-05 7.15E-08
   9.05E+06 3.02E-06 3.03E-05 3.84E-07 6.27E-05 1.22E-06 4.22E-03 1.81E-04 6.85E-06 1.79E-06 1.46E-05 7.75E-08
   9.35E+06 3.17E-06 3.03E-05 3.91E-07 6.34E-05 1.28E-06 4.22E-03 1.82E-04 6.98E-06 1.87E-06 1.50E-05 8.34E-08
   9.65E+06 3.25E-06 3.04E-05 3.97E-07 6.41E-05 1.34E-06 4.22E-03 1.82E-04 7.11E-06 1.94E-06 1.53E-05 8.94E-08
   9.95E+06 3.31E-06 3.04E-05 4.02E-07 6.47E-05 1.38E-06 4.22E-03 1.83E-04 7.22E-06 2.00E-06 1.56E-05 9.52E-08

     Z      PMCCL3   PCL2     PHOCL    PNOCL    PCLONO   PCLONO2  PCLO2    PHCL
   5.00E+04 1.56E-30 8.30E-04 8.05E-05 6.62E-04 1.39E-03 1.81E-05 5.39E-28 2.69E-32
   3.50E+05 6.36E-24 9.64E-04 9.61E-05 7.61E-04 1.65E-03 2.13E-05 1.60E-27 1.27E-25
   6.50E+05 1.11E-18 1.05E-03 1.07E-04 8.28E-04 1.84E-03 2.34E-05 7.94E-26 3.55E-20
   9.50E+05 7.25E-15 1.12E-03 1.14E-04 8.72E-04 1.96E-03 2.49E-05 1.45E-23 2.79E-16
   1.25E+06 1.86E-12 1.15E-03 1.18E-04 9.01E-04 2.04E-03 2.58E-05 6.71E-22 5.84E-14
   1.55E+06 8.37E-11 1.18E-03 1.22E-04 9.19E-04 2.09E-03 2.65E-05 2.16E-20 2.45E-12
   1.85E+06 1.29E-09 1.20E-03 1.24E-04 9.31E-04 2.13E-03 2.71E-05 2.03E-18 3.73E-11
   2.15E+06 1.06E-08 1.21E-03 1.27E-04 9.43E-04 2.19E-03 2.79E-05 6.05E-16 3.09E-10
   2.45E+06 5.76E-08 1.23E-03 1.31E-04 9.58E-04 2.25E-03 2.94E-05 2.64E-13 1.67E-09
   2.75E+06 2.24E-07 1.24E-03 1.36E-04 9.87E-04 2.35E-03 3.25E-05 8.34E-11 6.52E-09
   3.05E+06 6.52E-07 1.26E-03 1.43E-04 1.05E-03 2.48E-03 3.95E-05 1.23E-08 1.89E-08
   3.35E+06 1.44E-06 1.28E-03 1.51E-04 1.16E-03 2.65E-03 5.47E-05 7.55E-07 4.16E-08
   3.65E+06 2.44E-06 1.30E-03 1.61E-04 1.31E-03 2.84E-03 8.32E-05 1.72E-05 7.00E-08
   3.95E+06 3.37E-06 1.31E-03 1.71E-04 1.48E-03 3.04E-03 1.27E-04 1.62E-04 9.66E-08
   4.25E+06 4.07E-06 1.32E-03 1.83E-04 1.61E-03 3.22E-03 1.80E-04 5.88E-04 1.18E-07
   4.55E+06 4.56E-06 1.32E-03 1.93E-04 1.71E-03 3.35E-03 2.25E-04 1.10E-03 1.36E-07
   4.85E+06 4.94E-06 1.32E-03 1.99E-04 1.77E-03 3.42E-03 2.55E-04 1.48E-03 1.53E-07
   5.15E+06 5.25E-06 1.32E-03 2.03E-04 1.81E-03 3.47E-03 2.73E-04 1.71E-03 1.71E-07
   5.45E+06 5.54E-06 1.33E-03 2.06E-04 1.83E-03 3.50E-03 2.84E-04 1.85E-03 1.89E-07
   5.75E+06 5.79E-06 1.33E-03 2.07E-04 1.85E-03 3.51E-03 2.90E-04 1.94E-03 2.09E-07
   6.05E+06 6.04E-06 1.33E-03 2.08E-04 1.86E-03 3.52E-03 2.94E-04 1.98E-03 2.31E-07
   6.35E+06 6.28E-06 1.33E-03 2.08E-04 1.87E-03 3.52E-03 2.96E-04 2.01E-03 2.55E-07
   6.65E+06 6.51E-06 1.33E-03 2.09E-04 1.87E-03 3.53E-03 2.98E-04 2.02E-03 2.83E-07
   6.95E+06 6.74E-06 1.33E-03 2.09E-04 1.88E-03 3.53E-03 2.98E-04 2.02E-03 3.13E-07
   7.25E+06 6.96E-06 1.33E-03 2.09E-04 1.88E-03 3.53E-03 2.99E-04 2.03E-03 3.44E-07
   7.55E+06 7.17E-06 1.33E-03 2.09E-04 1.88E-03 3.53E-03 2.99E-04 2.03E-03 3.75E-07
   7.85E+06 7.36E-06 1.33E-03 2.09E-04 1.88E-03 3.53E-03 2.99E-04 2.03E-03 4.06E-07
   8.15E+06 7.53E-06 1.33E-03 2.09E-04 1.88E-03 3.53E-03 2.99E-04 2.03E-03 4.37E-07
   8.45E+06 7.70E-06 1.33E-03 2.09E-04 1.88E-03 3.53E-03 2.99E-04 2.03E-03 4.68E-07
   8.75E+06 7.84E-06 1.33E-03 2.09E-04 1.88E-03 3.53E-03 2.99E-04 2.03E-03 4.97E-07
   9.05E+06 7.97E-06 1.33E-03 2.09E-04 1.88E-03 3.53E-03 2.99E-04 2.03E-03 5.25E-07
   9.35E+06 8.09E-06 1.33E-03 2.09E-04 1.88E-03 3.53E-03 2.99E-04 2.03E-03 5.51E-07
   9.65E+06 8.20E-06 1.33E-03 2.09E-04 1.88E-03 3.53E-03 2.99E-04 2.03E-03 5.77E-07
   9.95E+06 8.29E-06 1.33E-03 2.09E-04 1.88E-03 3.53E-03 2.99E-04 2.03E-03 6.02E-07

     Z      PNO3     PN2O5    PCL2O2   PSO2     PH2S     PSO21    PSO23    PH2SO4
   5.00E+04 1.46E-02 8.53E-06 3.87E-04 1.84E-29 2.97E-29 4.56E-05 4.72E-07 2.69E-32
   3.50E+05 1.53E-02 1.04E-05 4.65E-04 6.44E-23 9.85E-23 5.79E-05 5.32E-07 1.27E-25
   6.50E+05 1.59E-02 1.17E-05 5.19E-04 7.84E-18 1.38E-17 6.68E-05 5.73E-07 3.55E-20
   9.50E+05 1.62E-02 1.25E-05 5.55E-04 4.05E-14 8.01E-14 7.29E-05 6.00E-07 2.79E-16
   1.25E+06 1.65E-02 1.31E-05 5.79E-04 1.23E-11 2.31E-11 7.72E-05 6.18E-07 5.84E-14
   1.55E+06 1.66E-02 1.35E-05 5.94E-04 5.76E-10 1.07E-09 8.09E-05 6.29E-07 2.45E-12
   1.85E+06 1.67E-02 1.40E-05 6.09E-04 8.89E-09 1.66E-08 8.61E-05 6.35E-07 3.73E-11
   2.15E+06 1.68E-02 1.47E-05 6.29E-04 7.40E-08 1.37E-07 9.56E-05 6.39E-07 3.09E-10
   2.45E+06 1.68E-02 1.63E-05 6.58E-04 4.05E-07 7.47E-07 1.12E-04 6.41E-07 1.67E-09
   2.75E+06 1.68E-02 2.03E-05 7.02E-04 1.61E-06 2.94E-06 1.38E-04 6.43E-07 6.52E-09
   3.05E+06 1.68E-02 2.93E-05 7.70E-04 4.82E-06 8.75E-06 1.81E-04 6.44E-07 1.89E-08
   3.35E+06 1.69E-02 4.75E-05 8.76E-04 1.09E-05 2.02E-05 2.50E-04 6.44E-07 4.16E-08
   3.65E+06 1.69E-02 7.61E-05 1.03E-03 1.85E-05 3.66E-05 3.52E-04 6.45E-07 7.00E-08
   3.95E+06 1.69E-02 1.13E-04 1.24E-03 2.51E-05 5.41E-05 4.67E-04 6.45E-07 9.66E-08
   4.25E+06 1.69E-02 1.52E-04 1.56E-03 2.95E-05 6.83E-05 5.65E-04 6.45E-07 1.18E-07
   4.55E+06 1.69E-02 1.85E-04 1.87E-03 3.22E-05 7.78E-05 6.32E-04 6.45E-07 1.36E-07
   4.85E+06 1.69E-02 2.06E-04 2.08E-03 3.40E-05 8.40E-05 6.70E-04 6.45E-07 1.53E-07
   5.15E+06 1.69E-02 2.19E-04 2.21E-03 3.53E-05 8.82E-05 6.92E-04 6.45E-07 1.71E-07
   5.45E+06 1.69E-02 2.26E-04 2.29E-03 3.62E-05 9.12E-05 7.04E-04 6.45E-07 1.89E-07
   5.75E+06 1.69E-02 2.31E-04 2.34E-03 3.70E-05 9.35E-05 7.12E-04 6.45E-07 2.09E-07
   6.05E+06 1.69E-02 2.34E-04 2.36E-03 3.76E-05 9.53E-05 7.16E-04 6.45E-07 2.31E-07
   6.35E+06 1.69E-02 2.35E-04 2.38E-03 3.80E-05 9.68E-05 7.18E-04 6.45E-07 2.55E-07
   6.65E+06 1.69E-02 2.36E-04 2.38E-03 3.85E-05 9.81E-05 7.19E-04 6.45E-07 2.83E-07
   6.95E+06 1.69E-02 2.36E-04 2.39E-03 3.89E-05 9.92E-05 7.20E-04 6.45E-07 3.13E-07
   7.25E+06 1.69E-02 2.36E-04 2.39E-03 3.95E-05 1.00E-04 7.20E-04 6.45E-07 3.44E-07
   7.55E+06 1.69E-02 2.36E-04 2.39E-03 4.04E-05 1.01E-04 7.20E-04 6.45E-07 3.75E-07
   7.85E+06 1.69E-02 2.37E-04 2.39E-03 4.15E-05 1.02E-04 7.20E-04 6.45E-07 4.06E-07
   8.15E+06 1.69E-02 2.37E-04 2.39E-03 4.26E-05 1.02E-04 7.20E-04 6.45E-07 4.37E-07
   8.45E+06 1.69E-02 2.37E-04 2.39E-03 4.35E-05 1.03E-04 7.20E-04 6.45E-07 4.68E-07
   8.75E+06 1.69E-02 2.37E-04 2.39E-03 4.41E-05 1.03E-04 7.20E-04 6.45E-07 4.97E-07
   9.05E+06 1.69E-02 2.37E-04 2.39E-03 4.45E-05 1.03E-04 7.20E-04 6.45E-07 5.25E-07
   9.35E+06 1.69E-02 2.37E-04 2.39E-03 4.48E-05 1.04E-04 7.20E-04 6.45E-07 5.51E-07
   9.65E+06 1.69E-02 2.37E-04 2.39E-03 4.50E-05 1.04E-04 7.20E-04 6.45E-07 5.77E-07
   9.95E+06 1.69E-02 2.37E-04 2.39E-03 4.52E-05 1.04E-04 7.20E-04 6.45E-07 6.02E-07
 N =   1  EMAX = 5.05E-09 FOR O       AT Z = 3.50E+05 U = 1.02E-16 RHS =-5.15E-25  DT = 1.00E-07  TIME = 1.00E-08
 N =   4  EMAX = 3.21E-06 FOR O       AT Z = 3.50E+05 U = 1.02E-16 RHS =-3.28E-22  DT = 1.00E-04  TIME = 1.11E-05
 N =   7  EMAX = 5.41E-06 FOR O       AT Z = 2.25E+06 U = 1.84E-12 RHS =-9.94E-18  DT = 1.00E-01  TIME = 1.11E-02
 N =  10  EMAX = 1.97E-05 FOR HS      AT Z = 5.00E+04 U = 4.47E-18 RHS =-8.79E-23  DT = 1.00E+02  TIME = 1.11E+01
 N =  13  EMAX = 6.56E-04 FOR HOCL    AT Z = 9.95E+06 U = 1.39E-24 RHS =-9.08E-28  DT = 1.00E+05  TIME = 1.11E+04
 N =  16  EMAX = 2.25E-04 FOR HSO     AT Z = 1.95E+06 U = 1.08E-18 RHS = 2.43E-22  DT = 1.00E+08  TIME = 1.11E+07
 N =  19  EMAX = 6.73E-05 FOR HSO     AT Z = 1.95E+06 U = 1.08E-18 RHS =-7.26E-23  DT = 1.00E+11  TIME = 1.11E+10
 N =  22  EMAX = 1.06E-05 FOR SO2     AT Z = 2.85E+06 U = 2.87E-15 RHS =-3.04E-20  DT = 1.00E+14  TIME = 1.11E+13
 N =  25  EMAX = 1.29E-05 FOR HSO     AT Z = 1.95E+06 U = 1.08E-18 RHS = 1.39E-23  DT = 1.00E+17  TIME = 1.11E+16

Information on upper boundary conditions
BOVERH= 3.612E+13 VEFF(LH)=  2.821E+00 BOVERH2= 2.597E+13 VEFF(LH2)=  2.028E+00
BOVERCH4=  1.107E+13 VEFF(LCH4)=  8.648E-01 BOVERH2O-  1.067E+13 VEFF(LH2O)=  8.334E-01
VEFF(LO2)=  4.545E-02   VEFF(LCO2)=  6.831E-03


 PHOTOLYSIS RATES

     Z       PO2      PO2D     PCO2     PCO2D    PH2O     PO3      PO3D     PH2O2    PHCO     PH2      PHO2
   5.00E+04 6.59E-35 0.00E+00 4.65E-39 0.00E+00 8.75E-36 1.73E-04 5.42E-06 2.28E-06 8.01E-06 1.52E-05 5.25E-29
   3.50E+05 1.63E-28 0.00E+00 5.81E-31 0.00E+00 1.03E-28 1.81E-04 6.29E-06 2.78E-06 9.94E-06 1.83E-05 1.24E-22
   6.50E+05 1.67E-23 0.00E+00 5.17E-24 0.00E+00 2.79E-22 1.85E-04 6.18E-06 3.12E-06 1.13E-05 2.04E-05 1.23E-17
   9.50E+05 7.65E-20 0.00E+00 5.43E-20 0.00E+00 2.86E-18 1.89E-04 5.45E-06 3.36E-06 1.22E-05 2.17E-05 5.72E-14
   1.25E+06 2.35E-17 0.00E+00 6.25E-18 0.00E+00 3.38E-16 1.91E-04 4.83E-06 3.51E-06 1.28E-05 2.26E-05 1.73E-11
   1.55E+06 1.10E-15 0.00E+00 1.68E-16 0.00E+00 9.28E-15 1.93E-04 5.27E-06 3.62E-06 1.32E-05 2.32E-05 7.97E-10
   1.85E+06 1.72E-14 0.00E+00 2.27E-15 0.00E+00 1.24E-13 1.95E-04 6.25E-06 3.73E-06 1.37E-05 2.36E-05 1.23E-08
   2.15E+06 1.46E-13 5.20-167 1.93E-14 0.00E+00 1.04E-12 1.97E-04 8.71E-06 3.90E-06 1.44E-05 2.40E-05 1.04E-07
   2.45E+06 8.33E-13 1.37-113 1.15E-13 0.00E+00 6.16E-12 2.01E-04 1.44E-05 4.18E-06 1.54E-05 2.45E-05 5.91E-07
   2.75E+06 3.53E-12 1.17E-78 5.10E-13 0.00E+00 2.78E-11 2.05E-04 2.66E-05 4.72E-06 1.69E-05 2.50E-05 2.50E-06
   3.05E+06 1.17E-11 2.76E-56 1.70E-12 0.00E+00 9.74E-11 2.11E-04 5.36E-05 5.77E-06 1.89E-05 2.57E-05 8.30E-06
   3.35E+06 3.11E-11 6.80E-42 4.25E-12 8.19-235 2.61E-10 2.20E-04 1.15E-04 7.74E-06 2.14E-05 2.66E-05 2.26E-05
   3.65E+06 6.71E-11 1.46E-32 8.07E-12 1.16-155 5.36E-10 2.35E-04 2.44E-04 1.10E-05 2.42E-05 2.75E-05 5.03E-05
   3.95E+06 1.17E-10 1.94E-26 1.25E-11 1.28-105 9.01E-10 2.69E-04 5.42E-04 1.59E-05 2.66E-05 2.85E-05 9.19E-05
   4.25E+06 1.67E-10 2.53E-22 1.74E-11 1.77E-73 1.37E-09 3.31E-04 1.11E-03 2.21E-05 2.82E-05 2.92E-05 1.36E-04
   4.55E+06 2.08E-10 1.66E-19 2.31E-11 1.54E-52 2.03E-09 3.98E-04 1.71E-03 2.76E-05 2.92E-05 2.97E-05 1.71E-04
   4.85E+06 2.43E-10 1.45E-17 3.03E-11 1.04E-38 3.03E-09 4.45E-04 2.14E-03 3.13E-05 2.97E-05 3.00E-05 1.92E-04
   5.15E+06 2.76E-10 3.02E-16 3.96E-11 2.40E-29 4.59E-09 4.74E-04 2.40E-03 3.36E-05 3.00E-05 3.02E-05 2.05E-04
   5.45E+06 3.08E-10 2.51E-15 5.18E-11 7.23E-23 7.14E-09 4.91E-04 2.55E-03 3.50E-05 3.01E-05 3.03E-05 2.13E-04
   5.75E+06 3.48E-10 1.31E-14 6.81E-11 2.55E-18 1.17E-08 5.01E-04 2.63E-03 3.58E-05 3.02E-05 3.03E-05 2.18E-04
   6.05E+06 4.06E-10 4.72E-14 9.14E-11 3.71E-15 2.04E-08 5.07E-04 2.68E-03 3.64E-05 3.03E-05 3.04E-05 2.21E-04
   6.35E+06 4.79E-10 1.74E-13 1.24E-10 5.50E-13 3.53E-08 5.10E-04 2.69E-03 3.67E-05 3.03E-05 3.04E-05 2.23E-04
   6.65E+06 6.15E-10 2.29E-12 1.67E-10 1.74E-11 6.29E-08 5.11E-04 2.70E-03 3.69E-05 3.03E-05 3.04E-05 2.24E-04
   6.95E+06 8.05E-10 2.02E-11 2.18E-10 1.69E-10 1.45E-07 5.12E-04 2.70E-03 3.70E-05 3.03E-05 3.04E-05 2.25E-04
   7.25E+06 1.10E-09 8.87E-11 2.76E-10 7.47E-10 3.82E-07 5.13E-04 2.70E-03 3.71E-05 3.03E-05 3.04E-05 2.25E-04
   7.55E+06 1.55E-09 2.31E-10 3.38E-10 1.94E-09 8.42E-07 5.14E-04 2.69E-03 3.71E-05 3.03E-05 3.04E-05 2.26E-04
   7.85E+06 2.22E-09 4.25E-10 4.07E-10 3.54E-09 1.45E-06 5.18E-04 2.69E-03 3.72E-05 3.03E-05 3.04E-05 2.26E-04
   8.15E+06 3.13E-09 6.28E-10 4.86E-10 5.15E-09 2.07E-06 5.42E-04 2.66E-03 3.73E-05 3.03E-05 3.04E-05 2.27E-04
   8.45E+06 4.31E-09 8.13E-10 5.69E-10 6.48E-09 2.59E-06 6.01E-04 2.60E-03 3.73E-05 3.03E-05 3.04E-05 2.27E-04
   8.75E+06 6.06E-09 9.96E-10 6.55E-10 7.44E-09 2.99E-06 6.25E-04 2.57E-03 3.74E-05 3.03E-05 3.04E-05 2.27E-04
   9.05E+06 8.95E-09 1.73E-09 7.40E-10 8.08E-09 3.26E-06 6.12E-04 2.58E-03 3.74E-05 3.03E-05 3.04E-05 2.27E-04
   9.35E+06 1.37E-08 6.35E-09 8.23E-10 8.58E-09 3.49E-06 5.64E-04 2.64E-03 3.74E-05 3.03E-05 3.04E-05 2.28E-04
   9.65E+06 2.11E-08 1.95E-08 9.08E-10 9.18E-09 3.72E-06 5.27E-04 2.68E-03 3.75E-05 3.03E-05 3.04E-05 2.28E-04
   9.95E+06 3.07E-08 4.40E-08 9.96E-10 1.02E-08 3.99E-06 5.16E-04 2.69E-03 3.75E-05 3.03E-05 3.04E-05 2.28E-04

     Z      PCH4     PCH3OOH  PN2O     PHNO3    PNO      PNO2     PHNO4    PCCL3F   PCCL2F2  PCCL4    PCH3CL
   5.00E+04 0.00E+00 2.16E-06 5.20E-32 1.25E-07 5.17-123 3.02E-03 2.11E-06 1.13E-30 5.34E-32 4.05E-30 1.43E-34
   3.50E+05 0.00E+00 2.63E-06 2.44E-25 1.58E-07 2.88E-48 3.40E-03 2.64E-06 4.70E-24 3.13E-25 1.18E-23 3.43E-27
   6.50E+05 0.00E+00 2.95E-06 5.18E-20 1.83E-07 1.81E-27 3.66E-03 3.01E-06 8.81E-19 1.22E-19 1.37E-18 2.53E-21
   9.50E+05 0.00E+00 3.17E-06 3.64E-16 2.00E-07 1.20E-20 3.84E-03 3.27E-06 5.92E-15 1.04E-15 7.04E-15 2.33E-17
   1.25E+06 0.00E+00 3.31E-06 8.89E-14 2.12E-07 5.00E-17 3.95E-03 3.44E-06 1.49E-12 1.98E-13 2.05E-12 4.04E-15
   1.55E+06 0.00E+00 3.41E-06 3.95E-12 2.23E-07 1.09E-14 4.02E-03 3.57E-06 6.68E-11 8.00E-12 9.43E-11 1.56E-13
   1.85E+06 0.00E+00 3.51E-06 6.06E-11 2.48E-07 5.26E-13 4.06E-03 3.75E-06 1.03E-09 1.21E-10 1.45E-09 2.32E-12
   2.15E+06 0.00E+00 3.66E-06 5.00E-10 3.51E-07 1.11E-11 4.09E-03 4.12E-06 8.49E-09 1.00E-09 1.22E-08 1.92E-11
   2.45E+06 0.00E+00 3.92E-06 2.69E-09 7.58E-07 1.41E-10 4.12E-03 5.01E-06 4.59E-08 5.44E-09 6.75E-08 1.04E-10
   2.75E+06 0.00E+00 4.40E-06 1.04E-08 2.08E-06 1.15E-09 4.14E-03 7.26E-06 1.78E-07 2.13E-08 2.75E-07 4.05E-10
   3.05E+06 0.00E+00 5.33E-06 2.97E-08 5.30E-06 6.06E-09 4.16E-03 1.26E-05 5.16E-07 6.18E-08 8.58E-07 1.17E-09
   3.35E+06 3.07-232 7.11E-06 6.44E-08 1.10E-05 2.02E-08 4.18E-03 2.31E-05 1.13E-06 1.35E-07 2.09E-06 2.57E-09
   3.65E+06 4.34-153 9.98E-06 1.07E-07 1.82E-05 4.53E-08 4.20E-03 4.00E-05 1.92E-06 2.28E-07 3.95E-06 4.35E-09
   3.95E+06 4.81-103 1.40E-05 1.46E-07 2.53E-05 7.65E-08 4.21E-03 6.43E-05 2.64E-06 3.17E-07 5.97E-06 6.13E-09
   4.25E+06 6.63E-71 1.89E-05 1.76E-07 3.15E-05 1.10E-07 4.21E-03 9.50E-05 3.19E-06 3.92E-07 7.60E-06 7.77E-09
   4.55E+06 5.79E-50 2.31E-05 1.98E-07 3.64E-05 1.45E-07 4.21E-03 1.23E-04 3.59E-06 4.60E-07 8.68E-06 9.38E-09
   4.85E+06 3.89E-36 2.59E-05 2.16E-07 4.01E-05 1.84E-07 4.21E-03 1.42E-04 3.90E-06 5.27E-07 9.39E-06 1.11E-08
   5.15E+06 9.00E-27 2.76E-05 2.32E-07 4.30E-05 2.29E-07 4.22E-03 1.54E-04 4.17E-06 5.96E-07 9.88E-06 1.31E-08
   5.45E+06 2.71E-20 2.86E-05 2.47E-07 4.55E-05 2.78E-07 4.22E-03 1.62E-04 4.42E-06 6.70E-07 1.03E-05 1.54E-08
   5.75E+06 9.57E-16 2.93E-05 2.61E-07 4.76E-05 3.31E-07 4.22E-03 1.67E-04 4.65E-06 7.48E-07 1.06E-05 1.80E-08
   6.05E+06 1.39E-12 2.96E-05 2.75E-07 4.95E-05 3.91E-07 4.22E-03 1.70E-04 4.87E-06 8.32E-07 1.09E-05 2.12E-08
   6.35E+06 2.06E-10 2.99E-05 2.88E-07 5.13E-05 4.63E-07 4.22E-03 1.73E-04 5.10E-06 9.24E-07 1.13E-05 2.51E-08
   6.65E+06 6.52E-09 3.00E-05 3.02E-07 5.29E-05 5.46E-07 4.22E-03 1.74E-04 5.33E-06 1.02E-06 1.16E-05 2.98E-08
   6.95E+06 6.32E-08 3.01E-05 3.15E-07 5.46E-05 6.39E-07 4.22E-03 1.76E-04 5.55E-06 1.13E-06 1.20E-05 3.50E-08
   7.25E+06 2.80E-07 3.01E-05 3.27E-07 5.61E-05 7.36E-07 4.22E-03 1.77E-04 5.77E-06 1.23E-06 1.24E-05 4.06E-08
   7.55E+06 7.28E-07 3.02E-05 3.39E-07 5.74E-05 8.33E-07 4.22E-03 1.78E-04 5.98E-06 1.34E-06 1.28E-05 4.63E-08
   7.85E+06 1.33E-06 3.02E-05 3.50E-07 5.87E-05 9.28E-07 4.22E-03 1.79E-04 6.18E-06 1.44E-06 1.32E-05 5.24E-08
   8.15E+06 1.93E-06 3.03E-05 3.60E-07 5.99E-05 1.02E-06 4.22E-03 1.79E-04 6.37E-06 1.54E-06 1.36E-05 5.87E-08
   8.45E+06 2.43E-06 3.03E-05 3.69E-07 6.09E-05 1.09E-06 4.22E-03 1.80E-04 6.55E-06 1.63E-06 1.40E-05 6.52E-08
   8.75E+06 2.79E-06 3.03E-05 3.77E-07 6.18E-05 1.15E-06 4.22E-03 1.81E-04 6.70E-06 1.71E-06 1.43E-05 7.15E-08
   9.05E+06 3.02E-06 3.03E-05 3.84E-07 6.27E-05 1.22E-06 4.22E-03 1.81E-04 6.85E-06 1.79E-06 1.46E-05 7.75E-08
   9.35E+06 3.17E-06 3.03E-05 3.91E-07 6.34E-05 1.28E-06 4.22E-03 1.82E-04 6.98E-06 1.87E-06 1.50E-05 8.34E-08
   9.65E+06 3.25E-06 3.04E-05 3.97E-07 6.41E-05 1.34E-06 4.22E-03 1.82E-04 7.11E-06 1.94E-06 1.53E-05 8.94E-08
   9.95E+06 3.31E-06 3.04E-05 4.02E-07 6.47E-05 1.38E-06 4.22E-03 1.83E-04 7.22E-06 2.00E-06 1.56E-05 9.52E-08

     Z      PMCCL3   PCL2     PHOCL    PNOCL    PCLONO   PCLONO2  PCLO2    PHCL
   5.00E+04 1.56E-30 8.30E-04 8.05E-05 6.62E-04 1.39E-03 1.81E-05 5.39E-28 2.69E-32
   3.50E+05 6.36E-24 9.64E-04 9.61E-05 7.61E-04 1.65E-03 2.13E-05 1.60E-27 1.27E-25
   6.50E+05 1.11E-18 1.05E-03 1.07E-04 8.28E-04 1.84E-03 2.34E-05 7.95E-26 3.55E-20
   9.50E+05 7.25E-15 1.12E-03 1.14E-04 8.72E-04 1.96E-03 2.49E-05 1.45E-23 2.79E-16
   1.25E+06 1.86E-12 1.15E-03 1.18E-04 9.01E-04 2.04E-03 2.58E-05 6.71E-22 5.84E-14
   1.55E+06 8.37E-11 1.18E-03 1.22E-04 9.19E-04 2.09E-03 2.65E-05 2.16E-20 2.45E-12
   1.85E+06 1.29E-09 1.20E-03 1.24E-04 9.31E-04 2.13E-03 2.71E-05 2.03E-18 3.73E-11
   2.15E+06 1.06E-08 1.21E-03 1.27E-04 9.43E-04 2.19E-03 2.79E-05 6.05E-16 3.09E-10
   2.45E+06 5.76E-08 1.23E-03 1.31E-04 9.58E-04 2.25E-03 2.94E-05 2.64E-13 1.67E-09
   2.75E+06 2.24E-07 1.24E-03 1.36E-04 9.87E-04 2.35E-03 3.25E-05 8.34E-11 6.52E-09
   3.05E+06 6.52E-07 1.26E-03 1.43E-04 1.05E-03 2.48E-03 3.95E-05 1.23E-08 1.89E-08
   3.35E+06 1.44E-06 1.28E-03 1.51E-04 1.16E-03 2.65E-03 5.47E-05 7.55E-07 4.16E-08
   3.65E+06 2.44E-06 1.30E-03 1.61E-04 1.31E-03 2.84E-03 8.32E-05 1.72E-05 7.00E-08
   3.95E+06 3.37E-06 1.31E-03 1.71E-04 1.48E-03 3.04E-03 1.27E-04 1.62E-04 9.66E-08
   4.25E+06 4.07E-06 1.32E-03 1.83E-04 1.61E-03 3.22E-03 1.80E-04 5.88E-04 1.18E-07
   4.55E+06 4.56E-06 1.32E-03 1.93E-04 1.71E-03 3.35E-03 2.25E-04 1.10E-03 1.36E-07
   4.85E+06 4.94E-06 1.32E-03 1.99E-04 1.77E-03 3.42E-03 2.55E-04 1.48E-03 1.53E-07
   5.15E+06 5.25E-06 1.32E-03 2.03E-04 1.81E-03 3.47E-03 2.73E-04 1.71E-03 1.71E-07
   5.45E+06 5.54E-06 1.33E-03 2.06E-04 1.83E-03 3.50E-03 2.84E-04 1.85E-03 1.89E-07
   5.75E+06 5.79E-06 1.33E-03 2.07E-04 1.85E-03 3.51E-03 2.90E-04 1.94E-03 2.09E-07
   6.05E+06 6.04E-06 1.33E-03 2.08E-04 1.86E-03 3.52E-03 2.94E-04 1.98E-03 2.31E-07
   6.35E+06 6.28E-06 1.33E-03 2.08E-04 1.87E-03 3.52E-03 2.96E-04 2.01E-03 2.55E-07
   6.65E+06 6.51E-06 1.33E-03 2.09E-04 1.87E-03 3.53E-03 2.98E-04 2.02E-03 2.83E-07
   6.95E+06 6.74E-06 1.33E-03 2.09E-04 1.88E-03 3.53E-03 2.98E-04 2.02E-03 3.13E-07
   7.25E+06 6.96E-06 1.33E-03 2.09E-04 1.88E-03 3.53E-03 2.99E-04 2.03E-03 3.44E-07
   7.55E+06 7.17E-06 1.33E-03 2.09E-04 1.88E-03 3.53E-03 2.99E-04 2.03E-03 3.75E-07
   7.85E+06 7.36E-06 1.33E-03 2.09E-04 1.88E-03 3.53E-03 2.99E-04 2.03E-03 4.06E-07
   8.15E+06 7.53E-06 1.33E-03 2.09E-04 1.88E-03 3.53E-03 2.99E-04 2.03E-03 4.37E-07
   8.45E+06 7.70E-06 1.33E-03 2.09E-04 1.88E-03 3.53E-03 2.99E-04 2.03E-03 4.68E-07
   8.75E+06 7.84E-06 1.33E-03 2.09E-04 1.88E-03 3.53E-03 2.99E-04 2.03E-03 4.97E-07
   9.05E+06 7.97E-06 1.33E-03 2.09E-04 1.88E-03 3.53E-03 2.99E-04 2.03E-03 5.25E-07
   9.35E+06 8.09E-06 1.33E-03 2.09E-04 1.88E-03 3.53E-03 2.99E-04 2.03E-03 5.51E-07
   9.65E+06 8.20E-06 1.33E-03 2.09E-04 1.88E-03 3.53E-03 2.99E-04 2.03E-03 5.77E-07
   9.95E+06 8.29E-06 1.33E-03 2.09E-04 1.88E-03 3.53E-03 2.99E-04 2.03E-03 6.02E-07

     Z      PNO3     PN2O5    PCL2O2   PSO2     PH2S     PSO21    PSO23    PH2SO4
   5.00E+04 1.46E-02 8.53E-06 3.87E-04 1.84E-29 2.97E-29 4.56E-05 4.72E-07 2.69E-32
   3.50E+05 1.53E-02 1.04E-05 4.65E-04 6.44E-23 9.85E-23 5.79E-05 5.32E-07 1.27E-25
   6.50E+05 1.59E-02 1.17E-05 5.19E-04 7.84E-18 1.38E-17 6.68E-05 5.73E-07 3.55E-20
   9.50E+05 1.62E-02 1.25E-05 5.55E-04 4.05E-14 8.01E-14 7.29E-05 6.00E-07 2.79E-16
   1.25E+06 1.65E-02 1.31E-05 5.79E-04 1.23E-11 2.31E-11 7.72E-05 6.18E-07 5.84E-14
   1.55E+06 1.66E-02 1.35E-05 5.94E-04 5.76E-10 1.07E-09 8.09E-05 6.29E-07 2.45E-12
   1.85E+06 1.67E-02 1.40E-05 6.09E-04 8.89E-09 1.66E-08 8.61E-05 6.35E-07 3.73E-11
   2.15E+06 1.68E-02 1.47E-05 6.29E-04 7.40E-08 1.37E-07 9.56E-05 6.39E-07 3.09E-10
   2.45E+06 1.68E-02 1.63E-05 6.58E-04 4.05E-07 7.47E-07 1.12E-04 6.41E-07 1.67E-09
   2.75E+06 1.68E-02 2.03E-05 7.02E-04 1.61E-06 2.94E-06 1.38E-04 6.43E-07 6.52E-09
   3.05E+06 1.68E-02 2.93E-05 7.70E-04 4.82E-06 8.75E-06 1.81E-04 6.44E-07 1.89E-08
   3.35E+06 1.69E-02 4.75E-05 8.76E-04 1.09E-05 2.02E-05 2.50E-04 6.44E-07 4.16E-08
   3.65E+06 1.69E-02 7.61E-05 1.03E-03 1.85E-05 3.66E-05 3.52E-04 6.45E-07 7.00E-08
   3.95E+06 1.69E-02 1.13E-04 1.24E-03 2.51E-05 5.41E-05 4.67E-04 6.45E-07 9.66E-08
   4.25E+06 1.69E-02 1.52E-04 1.56E-03 2.95E-05 6.83E-05 5.65E-04 6.45E-07 1.18E-07
   4.55E+06 1.69E-02 1.85E-04 1.87E-03 3.22E-05 7.78E-05 6.32E-04 6.45E-07 1.36E-07
   4.85E+06 1.69E-02 2.06E-04 2.08E-03 3.40E-05 8.40E-05 6.70E-04 6.45E-07 1.53E-07
   5.15E+06 1.69E-02 2.19E-04 2.21E-03 3.53E-05 8.82E-05 6.92E-04 6.45E-07 1.71E-07
   5.45E+06 1.69E-02 2.26E-04 2.29E-03 3.62E-05 9.12E-05 7.04E-04 6.45E-07 1.89E-07
   5.75E+06 1.69E-02 2.31E-04 2.34E-03 3.70E-05 9.35E-05 7.12E-04 6.45E-07 2.09E-07
   6.05E+06 1.69E-02 2.34E-04 2.36E-03 3.76E-05 9.53E-05 7.16E-04 6.45E-07 2.31E-07
   6.35E+06 1.69E-02 2.35E-04 2.38E-03 3.80E-05 9.68E-05 7.18E-04 6.45E-07 2.55E-07
   6.65E+06 1.69E-02 2.36E-04 2.38E-03 3.85E-05 9.81E-05 7.19E-04 6.45E-07 2.83E-07
   6.95E+06 1.69E-02 2.36E-04 2.39E-03 3.89E-05 9.92E-05 7.20E-04 6.45E-07 3.13E-07
   7.25E+06 1.69E-02 2.36E-04 2.39E-03 3.95E-05 1.00E-04 7.20E-04 6.45E-07 3.44E-07
   7.55E+06 1.69E-02 2.36E-04 2.39E-03 4.04E-05 1.01E-04 7.20E-04 6.45E-07 3.75E-07
   7.85E+06 1.69E-02 2.37E-04 2.39E-03 4.15E-05 1.02E-04 7.20E-04 6.45E-07 4.06E-07
   8.15E+06 1.69E-02 2.37E-04 2.39E-03 4.26E-05 1.02E-04 7.20E-04 6.45E-07 4.37E-07
   8.45E+06 1.69E-02 2.37E-04 2.39E-03 4.35E-05 1.03E-04 7.20E-04 6.45E-07 4.68E-07
   8.75E+06 1.69E-02 2.37E-04 2.39E-03 4.41E-05 1.03E-04 7.20E-04 6.45E-07 4.97E-07
   9.05E+06 1.69E-02 2.37E-04 2.39E-03 4.45E-05 1.03E-04 7.20E-04 6.45E-07 5.25E-07
   9.35E+06 1.69E-02 2.37E-04 2.39E-03 4.48E-05 1.04E-04 7.20E-04 6.45E-07 5.51E-07
   9.65E+06 1.69E-02 2.37E-04 2.39E-03 4.50E-05 1.04E-04 7.20E-04 6.45E-07 5.77E-07
   9.95E+06 1.69E-02 2.37E-04 2.39E-03 4.52E-05 1.04E-04 7.20E-04 6.45E-07 6.02E-07
 N =  27  EMAX = 7.13E-06 FOR HSO     AT Z = 1.95E+06 U = 1.08E-18 RHS =-7.69E-24  DT = 3.89E+17  TIME = 5.00E+17
 
 BEFOREOUT
 N=                    27 NN=                 10000 SN=  0.000000000000000E+000 
 NS=                     0

 TIME = 0.5000E+18     TIMEY =   1.5855E+10 YEARS

 NPHOT =  7

 MIXING RATIOS OF LONG-LIVED SPECIES


     Z        H2CO     O        H2O      OH       HO2      H2O2     O3       H        H2       CH4      CO       CH3OOH  
  5.00E+04 1.29E-10 3.82E-17 1.37E-02 5.68E-14 9.77E-12 8.35E-10 1.58E-08 5.44E-21 3.73E-07 1.10E-06 6.62E-08 6.44E-10
  1.50E+05 1.34E-10 5.22E-17 8.58E-03 6.59E-14 9.69E-12 8.57E-10 1.85E-08 5.94E-21 3.73E-07 1.10E-06 6.03E-08 6.25E-10
  2.50E+05 1.32E-10 7.30E-17 5.20E-03 7.61E-14 9.43E-12 8.34E-10 2.21E-08 6.49E-21 3.74E-07 1.10E-06 5.52E-08 5.60E-10
  3.50E+05 1.24E-10 1.02E-16 2.92E-03 8.54E-14 8.81E-12 7.44E-10 2.66E-08 6.96E-21 3.74E-07 1.09E-06 5.09E-08 4.51E-10
  5.50E+05 9.25E-11 1.91E-16 7.76E-04 1.02E-13 6.86E-12 4.78E-10 3.64E-08 7.74E-21 3.74E-07 1.09E-06 4.43E-08 2.31E-10
  7.50E+05 5.35E-11 3.32E-16 1.62E-04 9.68E-14 4.57E-12 2.52E-10 4.62E-08 7.17E-21 3.75E-07 1.09E-06 3.99E-08 1.01E-10
  9.50E+05 2.89E-11 5.64E-16 2.09E-05 9.22E-14 2.77E-12 1.22E-10 5.63E-08 6.94E-21 3.75E-07 1.09E-06 3.71E-08 4.01E-11
  1.15E+06 1.33E-11 1.14E-15 4.29E-06 8.61E-14 1.37E-12 3.86E-11 8.03E-08 6.57E-21 3.75E-07 1.09E-06 3.37E-08 9.86E-12
  1.35E+06 6.56E-12 5.10E-15 4.31E-06 5.96E-14 6.41E-13 4.50E-12 1.91E-07 5.00E-21 3.75E-07 1.07E-06 2.77E-08 1.15E-12
  1.55E+06 5.58E-12 2.59E-14 4.37E-06 6.84E-14 6.77E-13 1.98E-12 5.15E-07 5.77E-21 3.74E-07 1.05E-06 2.01E-08 5.30E-13
  1.75E+06 6.18E-12 1.05E-13 4.46E-06 1.03E-13 1.08E-12 3.39E-12 1.11E-06 8.58E-21 3.71E-07 9.99E-07 1.40E-08 6.82E-13
  1.95E+06 7.53E-12 3.56E-13 4.59E-06 1.74E-13 1.96E-12 7.56E-12 1.98E-06 1.54E-20 3.65E-07 9.37E-07 1.01E-08 1.09E-12
  2.15E+06 1.01E-11 1.08E-12 4.73E-06 3.27E-13 3.86E-12 1.93E-11 3.11E-06 3.49E-20 3.59E-07 8.70E-07 8.15E-09 1.94E-12
  2.35E+06 1.43E-11 3.08E-12 4.87E-06 6.68E-13 7.97E-12 5.14E-11 4.45E-06 9.77E-20 3.50E-07 8.00E-07 7.30E-09 3.48E-12
  2.55E+06 2.03E-11 8.24E-12 5.02E-06 1.42E-12 1.61E-11 1.26E-10 5.96E-06 3.17E-19 3.40E-07 7.30E-07 7.05E-09 5.50E-12
  2.75E+06 2.79E-11 2.09E-11 5.17E-06 3.10E-12 3.15E-11 2.75E-10 7.48E-06 1.19E-18 3.29E-07 6.58E-07 7.08E-09 7.73E-12
  2.95E+06 3.61E-11 5.08E-11 5.32E-06 6.77E-12 5.78E-11 5.01E-10 8.81E-06 5.19E-18 3.15E-07 5.86E-07 7.20E-09 9.57E-12
  3.15E+06 4.33E-11 1.19E-10 5.48E-06 1.45E-11 9.59E-11 7.21E-10 9.66E-06 2.56E-17 3.01E-07 5.12E-07 7.29E-09 1.02E-11
  3.35E+06 4.90E-11 2.74E-10 5.63E-06 3.01E-11 1.41E-10 7.92E-10 9.72E-06 1.39E-16 2.85E-07 4.40E-07 7.34E-09 9.49E-12
  3.55E+06 5.31E-11 6.25E-10 5.78E-06 5.93E-11 1.82E-10 6.62E-10 8.91E-06 7.75E-16 2.71E-07 3.70E-07 7.31E-09 7.76E-12
  3.75E+06 5.42E-11 1.40E-09 5.91E-06 1.12E-10 2.09E-10 4.53E-10 7.65E-06 4.24E-15 2.60E-07 3.07E-07 7.12E-09 5.70E-12
  3.95E+06 5.34E-11 3.14E-09 6.02E-06 2.04E-10 2.28E-10 2.86E-10 6.15E-06 2.28E-14 2.55E-07 2.52E-07 6.86E-09 4.07E-12
  4.15E+06 5.09E-11 6.82E-09 6.10E-06 3.32E-10 2.47E-10 1.94E-10 4.74E-06 1.07E-13 2.60E-07 2.08E-07 6.79E-09 3.15E-12
  4.35E+06 4.69E-11 1.36E-08 6.14E-06 4.60E-10 2.72E-10 1.52E-10 3.64E-06 3.91E-13 2.77E-07 1.74E-07 7.11E-09 2.76E-12
  4.55E+06 4.20E-11 2.43E-08 6.15E-06 5.63E-10 2.99E-10 1.29E-10 2.81E-06 1.13E-12 3.08E-07 1.50E-07 7.96E-09 2.62E-12
  4.75E+06 3.65E-11 4.01E-08 6.12E-06 6.41E-10 3.24E-10 1.11E-10 2.19E-06 2.79E-12 3.55E-07 1.32E-07 9.51E-09 2.56E-12
  4.95E+06 3.00E-11 6.03E-08 6.08E-06 7.10E-10 3.48E-10 1.01E-10 1.79E-06 5.94E-12 4.17E-07 1.19E-07 1.21E-08 2.41E-12
  5.15E+06 2.45E-11 8.72E-08 6.01E-06 7.74E-10 3.72E-10 9.37E-11 1.48E-06 1.19E-11 4.94E-07 1.10E-07 1.65E-08 2.26E-12
  5.35E+06 1.97E-11 1.19E-07 5.92E-06 8.42E-10 3.98E-10 9.10E-11 1.26E-06 2.19E-11 5.81E-07 1.03E-07 2.37E-08 2.05E-12
  5.55E+06 1.59E-11 1.57E-07 5.83E-06 9.19E-10 4.28E-10 9.07E-11 1.08E-06 3.93E-11 6.76E-07 9.77E-08 3.48E-08 1.83E-12
  5.75E+06 1.30E-11 2.05E-07 5.72E-06 1.01E-09 4.66E-10 9.26E-11 9.03E-07 7.06E-11 7.80E-07 9.31E-08 5.10E-08 1.64E-12
  5.95E+06 1.06E-11 2.63E-07 5.61E-06 1.14E-09 5.21E-10 9.88E-11 7.42E-07 1.28E-10 8.90E-07 8.88E-08 7.35E-08 1.47E-12
  6.15E+06 8.71E-12 3.30E-07 5.48E-06 1.32E-09 6.03E-10 1.13E-10 5.96E-07 2.39E-10 1.01E-06 8.48E-08 1.03E-07 1.30E-12
  6.35E+06 7.10E-12 3.78E-07 5.36E-06 1.59E-09 7.17E-10 1.45E-10 5.03E-07 4.02E-10 1.13E-06 8.08E-08 1.41E-07 1.12E-12
  6.55E+06 7.04E-12 4.85E-07 5.22E-06 1.97E-09 8.97E-10 1.89E-10 3.61E-07 8.63E-10 1.26E-06 7.68E-08 1.88E-07 9.65E-13
  6.75E+06 1.27E-11 5.65E-07 5.07E-06 2.62E-09 1.20E-09 2.83E-10 2.58E-07 1.76E-09 1.40E-06 7.24E-08 2.48E-07 8.24E-13
  6.95E+06 3.32E-11 6.25E-07 4.91E-06 3.79E-09 1.74E-09 4.71E-10 1.73E-07 3.73E-09 1.56E-06 6.78E-08 3.22E-07 6.93E-13
  7.15E+06 7.67E-11 6.92E-07 4.73E-06 5.72E-09 2.63E-09 7.73E-10 1.14E-07 8.33E-09 1.72E-06 6.29E-08 4.11E-07 5.71E-13
  7.35E+06 1.45E-10 8.28E-07 4.52E-06 8.36E-09 3.78E-09 1.16E-09 7.63E-08 1.95E-08 1.92E-06 5.76E-08 5.28E-07 4.48E-13
  7.55E+06 2.31E-10 1.08E-06 4.26E-06 1.14E-08 4.98E-09 1.54E-09 5.42E-08 4.63E-08 2.16E-06 5.16E-08 6.87E-07 3.20E-13
  7.75E+06 3.18E-10 1.50E-06 3.93E-06 1.48E-08 6.15E-09 1.79E-09 3.89E-08 1.10E-07 2.43E-06 4.51E-08 8.98E-07 2.03E-13
  7.95E+06 3.94E-10 2.69E-06 3.52E-06 1.83E-08 7.05E-09 1.60E-09 3.26E-08 3.22E-07 2.71E-06 3.87E-08 1.17E-06 1.07E-13
  8.15E+06 4.14E-10 2.17E-05 3.00E-06 5.90E-09 2.06E-09 6.88E-10 1.05E-07 9.70E-07 2.86E-06 3.26E-08 1.50E-06 4.46E-14
  8.35E+06 2.43E-10 1.20E-04 2.49E-06 2.22E-09 5.04E-10 2.44E-10 2.78E-07 1.78E-06 2.92E-06 2.71E-08 1.88E-06 1.79E-14
  8.55E+06 1.29E-10 3.92E-04 2.04E-06 1.18E-09 1.58E-10 8.43E-11 5.01E-07 2.53E-06 2.94E-06 2.24E-08 2.26E-06 7.19E-15
  8.75E+06 7.15E-11 9.48E-04 1.66E-06 6.79E-10 5.73E-11 2.89E-11 6.40E-07 3.15E-06 2.94E-06 1.84E-08 2.66E-06 2.90E-15
  8.95E+06 4.53E-11 1.88E-03 1.34E-06 4.01E-10 2.34E-11 9.83E-12 6.91E-07 3.65E-06 2.95E-06 1.51E-08 3.07E-06 1.18E-15
  9.15E+06 2.86E-11 3.26E-03 1.08E-06 2.28E-10 1.02E-11 3.30E-12 6.08E-07 4.02E-06 2.95E-06 1.24E-08 3.48E-06 4.82E-16
  9.35E+06 1.99E-11 5.15E-03 8.78E-07 1.29E-10 4.79E-12 1.10E-12 4.97E-07 4.30E-06 2.95E-06 1.03E-08 3.89E-06 1.98E-16
  9.55E+06 1.49E-11 7.55E-03 7.19E-07 7.18E-11 2.37E-12 3.65E-13 3.76E-07 4.49E-06 2.94E-06 8.62E-09 4.30E-06 8.28E-17
  9.75E+06 1.19E-11 1.04E-02 6.04E-07 3.91E-11 1.23E-12 1.27E-13 2.63E-07 4.61E-06 2.93E-06 7.41E-09 4.71E-06 3.67E-17
  9.95E+06 1.01E-11 1.36E-02 5.31E-07 2.10E-11 6.56E-13 5.99E-14 1.71E-07 4.66E-06 2.91E-06 6.64E-09 5.10E-06 2.12E-17
     Z        H2CO     O        H2O      OH       HO2      H2O2     O3       H        H2       CH4      CO       CH3OOH  

 TP, TL
           7.32E+10 2.45E+15 2.47E+11 3.83E+12 3.19E+12 6.87E+10 2.45E+15 2.83E+12 3.18E+10 0.00E+00 7.35E+10 6.08E+10
           7.26E+10 2.45E+15 1.28E+11 3.83E+12 3.19E+12 6.47E+10 2.45E+15 2.83E+12 2.80E+10 8.54E+10 2.50E+11 5.77E+10

     Z        CH3O2    N2O      NO       NO2      HNO2     HNO3     HO2NO2   NO3      N2O5     CL2O2    CH3CL    HOCL    
  5.00E+04 5.66E-12 2.82E-07 3.08E-12 8.94E-12 1.89E-14 6.50E-11 1.18E-13 6.67E-15 3.60E-17 1.26E-22 4.88E-10 2.69E-13
  1.50E+05 5.22E-12 2.82E-07 4.02E-12 1.04E-11 2.55E-14 9.91E-11 2.96E-13 7.35E-15 7.43E-17 3.17E-22 4.79E-10 2.96E-13
  2.50E+05 4.62E-12 2.81E-07 5.25E-12 1.23E-11 3.41E-14 1.43E-10 7.66E-13 8.34E-15 1.65E-16 8.06E-22 4.72E-10 3.07E-13
  3.50E+05 3.81E-12 2.81E-07 7.02E-12 1.47E-11 4.53E-14 1.87E-10 2.00E-12 9.33E-15 3.94E-16 1.98E-21 4.67E-10 2.99E-13
  5.50E+05 2.22E-12 2.81E-07 1.22E-11 1.93E-11 7.27E-14 2.57E-10 1.24E-11 9.99E-15 2.09E-15 1.15E-20 4.58E-10 2.42E-13
  7.50E+05 1.15E-12 2.81E-07 1.57E-11 1.72E-11 6.79E-14 2.82E-10 3.79E-11 7.77E-15 6.90E-15 8.04E-20 4.53E-10 1.73E-13
  9.50E+05 5.13E-13 2.81E-07 2.24E-11 1.61E-11 6.93E-14 2.91E-10 4.73E-11 5.93E-15 2.95E-14 4.92E-19 4.50E-10 1.01E-13
  1.15E+06 1.75E-13 2.80E-07 3.74E-11 1.96E-11 7.97E-14 3.28E-10 3.43E-11 5.10E-15 6.52E-14 2.73E-18 4.46E-10 4.60E-14
  1.35E+06 7.79E-14 2.77E-07 5.81E-11 4.92E-11 5.13E-14 5.21E-10 3.15E-11 7.20E-15 1.82E-13 4.60E-18 4.33E-10 2.41E-14
  1.55E+06 6.63E-14 2.67E-07 8.08E-11 1.32E-10 4.81E-14 1.09E-09 5.64E-11 2.80E-14 1.40E-12 3.77E-17 4.03E-10 6.46E-14
  1.75E+06 7.71E-14 2.49E-07 1.07E-10 2.74E-10 5.53E-14 2.06E-09 1.08E-10 9.05E-14 6.78E-12 2.65E-16 3.58E-10 2.46E-13
  1.95E+06 1.00E-13 2.25E-07 1.41E-10 4.68E-10 7.03E-14 3.27E-09 1.79E-10 2.08E-13 1.89E-11 1.12E-15 3.08E-10 8.36E-13
  2.15E+06 1.44E-13 1.98E-07 1.88E-10 7.30E-10 9.84E-14 4.46E-09 2.69E-10 3.87E-13 3.73E-11 2.91E-15 2.58E-10 2.50E-12
  2.35E+06 2.15E-13 1.70E-07 2.67E-10 1.13E-09 1.54E-13 5.42E-09 3.76E-10 6.49E-13 6.24E-11 4.99E-15 2.12E-10 6.55E-12
  2.55E+06 3.06E-13 1.42E-07 4.07E-10 1.76E-09 2.69E-13 5.99E-09 4.77E-10 9.94E-13 9.04E-11 6.66E-15 1.71E-10 1.48E-11
  2.75E+06 4.23E-13 1.14E-07 6.44E-10 2.65E-09 5.00E-13 6.14E-09 5.28E-10 1.40E-12 1.08E-10 7.99E-15 1.33E-10 3.06E-11
  2.95E+06 5.72E-13 8.82E-08 1.02E-09 3.73E-09 9.33E-13 5.92E-09 4.89E-10 1.77E-12 9.87E-11 9.47E-15 1.01E-10 5.86E-11
  3.15E+06 7.51E-13 6.56E-08 1.60E-09 4.81E-09 1.69E-12 5.39E-09 3.70E-10 1.98E-12 6.78E-11 1.11E-14 7.26E-11 1.00E-10
  3.35E+06 9.80E-13 4.71E-08 2.45E-09 5.64E-09 2.84E-12 4.55E-09 2.25E-10 2.02E-12 3.60E-11 1.13E-14 4.98E-11 1.45E-10
  3.55E+06 1.27E-12 3.29E-08 3.66E-09 5.95E-09 4.27E-12 3.46E-09 1.10E-10 1.86E-12 1.52E-11 9.10E-15 3.21E-11 1.70E-10
  3.75E+06 1.59E-12 2.28E-08 5.25E-09 5.45E-09 6.01E-12 2.39E-09 4.33E-11 1.49E-12 5.02E-12 6.23E-15 1.97E-11 1.64E-10
  3.95E+06 1.99E-12 1.60E-08 7.13E-09 4.23E-09 7.83E-12 1.44E-09 1.43E-11 1.04E-12 1.26E-12 3.50E-15 1.16E-11 1.32E-10
  4.15E+06 2.44E-12 1.14E-08 8.89E-09 2.76E-09 8.46E-12 7.02E-10 4.29E-12 6.26E-13 2.38E-13 1.51E-15 6.71E-12 9.07E-11
  4.35E+06 2.90E-12 8.23E-09 9.95E-09 1.60E-09 7.09E-12 2.76E-10 1.31E-12 3.39E-13 3.71E-14 4.90E-16 3.97E-12 5.47E-11
  4.55E+06 3.36E-12 6.11E-09 1.03E-08 8.93E-10 4.91E-12 9.62E-11 4.19E-13 1.72E-13 5.40E-15 1.22E-16 2.49E-12 2.93E-11
  4.75E+06 3.83E-12 4.63E-09 1.02E-08 5.00E-10 3.07E-12 3.22E-11 1.39E-13 8.42E-14 7.88E-16 2.53E-17 1.68E-12 1.43E-11
  4.95E+06 3.97E-12 3.56E-09 9.86E-09 2.84E-10 1.97E-12 1.16E-11 5.16E-14 4.11E-14 1.29E-16 8.00E-18 1.22E-12 7.52E-12
  5.15E+06 4.06E-12 2.79E-09 9.40E-09 1.64E-10 1.25E-12 4.35E-12 2.00E-14 2.00E-14 2.21E-17 2.63E-18 9.53E-13 3.96E-12
  5.35E+06 3.82E-12 2.22E-09 8.89E-09 9.60E-11 8.41E-13 1.79E-12 8.57E-15 9.91E-15 4.29E-18 1.29E-18 8.00E-13 2.34E-12
  5.55E+06 3.52E-12 1.80E-09 8.38E-09 5.73E-11 5.70E-13 7.74E-13 3.79E-15 4.96E-15 8.82E-19 5.96E-19 7.07E-13 1.43E-12
  5.75E+06 3.22E-12 1.48E-09 7.86E-09 3.52E-11 3.85E-13 3.48E-13 1.72E-15 2.52E-15 1.89E-19 2.29E-19 6.49E-13 8.74E-13
  5.95E+06 2.91E-12 1.23E-09 7.37E-09 2.27E-11 2.64E-13 1.66E-13 8.29E-16 1.32E-15 4.34E-20 7.67E-20 6.10E-13 5.46E-13
  6.15E+06 2.58E-12 1.03E-09 6.91E-09 1.57E-11 1.84E-13 8.65E-14 4.37E-16 7.34E-16 1.12E-20 2.32E-20 5.84E-13 3.50E-13
  6.35E+06 1.91E-12 8.61E-10 6.48E-09 1.24E-11 1.51E-13 5.63E-14 3.00E-16 4.85E-16 4.34E-21 9.24E-21 5.65E-13 2.83E-13
  6.55E+06 1.71E-12 7.23E-10 6.14E-09 1.01E-11 1.01E-13 3.64E-14 1.85E-16 2.93E-16 1.38E-21 1.81E-21 5.52E-13 1.65E-13
  6.75E+06 1.34E-12 6.01E-10 5.84E-09 9.91E-12 7.88E-14 2.85E-14 1.48E-16 2.14E-16 6.11E-22 4.05E-22 5.41E-13 1.13E-13
  6.95E+06 9.87E-13 4.93E-10 5.61E-09 1.14E-11 6.69E-14 2.75E-14 1.48E-16 1.76E-16 3.59E-22 8.36E-23 5.32E-13 8.36E-14
  7.15E+06 7.09E-13 3.99E-10 5.43E-09 1.37E-11 5.87E-14 2.81E-14 1.54E-16 1.48E-16 2.27E-22 1.61E-23 5.25E-13 6.15E-14
  7.35E+06 5.08E-13 3.11E-10 5.29E-09 1.44E-11 4.85E-14 2.53E-14 1.35E-16 1.12E-16 1.14E-22 2.79E-24 5.19E-13 4.00E-14
  7.55E+06 3.41E-13 2.24E-10 5.14E-09 1.26E-11 3.68E-14 1.88E-14 9.16E-17 7.33E-17 4.25E-23 4.67E-25 5.13E-13 2.28E-14
  7.75E+06 2.08E-13 1.45E-10 4.96E-09 9.35E-12 2.63E-14 1.16E-14 5.04E-17 4.20E-17 1.19E-23 7.63E-26 5.07E-13 1.18E-14
  7.95E+06 1.02E-13 7.85E-11 4.71E-09 4.86E-12 1.71E-14 5.37E-15 1.91E-17 1.95E-17 2.28E-24 1.10E-26 5.02E-13 4.68E-15
  8.15E+06 3.87E-14 3.32E-11 4.36E-09 2.85E-13 3.07E-15 1.46E-15 2.15E-18 1.70E-18 1.77E-25 1.40E-27 4.96E-13 2.29E-16
  8.35E+06 2.33E-14 1.21E-11 3.92E-09 2.35E-14 5.55E-16 3.77E-16 2.04E-19 1.22E-19 1.24E-26 4.14E-28 4.90E-13 6.27E-18
  8.55E+06 1.70E-14 4.39E-12 3.46E-09 7.67E-15 1.39E-16 9.72E-17 1.97E-20 3.05E-20 8.72E-28 1.45E-28 4.83E-13 4.94E-19
  8.75E+06 1.36E-14 1.72E-12 3.04E-09 4.15E-15 3.45E-17 2.51E-17 1.93E-21 1.17E-20 6.22E-29 3.71E-29 4.75E-13 5.30E-20
  8.95E+06 1.17E-14 7.56E-13 2.66E-09 2.49E-15 8.78E-18 6.51E-18 1.91E-22 4.94E-21 4.48E-30 8.64E-30 4.65E-13 7.48E-21
  9.15E+06 1.06E-14 3.79E-13 2.35E-09 1.49E-15 2.04E-18 1.69E-18 1.93E-23 2.01E-21 3.28E-31 1.53E-30 4.53E-13 1.11E-21
  9.35E+06 9.91E-15 2.16E-13 2.09E-09 9.19E-16 4.85E-19 4.43E-19 1.98E-24 8.46E-22 2.44E-32 2.60E-31 4.39E-13 1.90E-22
  9.55E+06 9.36E-15 1.40E-13 1.90E-09 5.81E-16 1.17E-19 1.17E-19 2.09E-25 3.68E-22 1.86E-33 4.11E-32 4.21E-13 3.55E-23
  9.75E+06 8.87E-15 1.03E-13 1.78E-09 3.78E-16 2.85E-20 3.20E-20 2.30E-26 1.65E-22 1.47E-34 5.86E-33 3.99E-13 6.95E-24
  9.95E+06 8.35E-15 8.71E-14 1.72E-09 2.55E-16 7.23E-21 1.18E-20 3.34E-27 7.57E-23 1.48E-35 7.57E-34 3.74E-13 1.38E-24
     Z        CH3O2    N2O      NO       NO2      HNO2     HNO3     HO2NO2   NO3      N2O5     CL2O2    CH3CL    HOCL    

 TP, TL
           1.19E+11 2.01E+06 1.46E+13 1.47E+13 3.76E+09 2.30E+10 4.84E+10 3.99E+10 1.66E+09 8.99E+06 0.00E+00 7.29E+09
           1.19E+11 1.18E+09 1.46E+13 1.47E+13 3.76E+09 2.22E+10 4.84E+10 3.99E+10 1.66E+09 8.99E+06 2.37E+08 7.29E+09

     Z        CL       CLO      HCL      CLONO2   O2       H2S      HS       SO       SO2      H2SO4    HSO      CO2     
  5.00E+04 8.66E-18 1.80E-14 5.52E-12 6.29E-13 2.10E-01 2.41E-12 4.47E-18 4.90E-20 3.16E-11 2.12E-12 7.99E-14 4.00E-04
  1.50E+05 1.21E-17 2.13E-14 7.89E-12 8.03E-13 2.10E-01 2.53E-12 5.09E-18 7.37E-20 5.59E-11 4.17E-12 9.94E-14 4.05E-04
  2.50E+05 1.58E-17 2.50E-14 1.05E-11 9.54E-13 2.10E-01 2.70E-12 5.82E-18 1.10E-19 7.86E-11 6.45E-12 1.17E-13 4.09E-04
  3.50E+05 1.99E-17 2.85E-14 1.28E-11 1.10E-12 2.10E-01 2.98E-12 6.60E-18 1.66E-19 1.01E-10 8.67E-12 1.39E-13 4.13E-04
  5.50E+05 2.94E-17 3.44E-14 1.62E-11 1.25E-12 2.10E-01 3.92E-12 8.85E-18 3.95E-19 1.46E-10 1.24E-11 2.03E-13 4.21E-04
  7.50E+05 3.69E-17 4.20E-14 1.85E-11 1.04E-12 2.10E-01 5.60E-12 1.06E-17 8.42E-19 1.91E-10 1.30E-11 3.01E-13 4.28E-04
  9.50E+05 4.75E-17 4.44E-14 2.04E-11 7.82E-13 2.10E-01 6.29E-12 1.02E-17 1.47E-18 2.05E-10 1.10E-11 3.36E-13 4.31E-04
  1.15E+06 6.15E-17 4.49E-14 2.45E-11 6.92E-13 2.10E-01 1.91E-12 2.35E-18 8.03E-19 1.31E-10 5.77E-12 1.22E-13 4.31E-04
  1.35E+06 6.33E-17 7.06E-14 3.69E-11 1.49E-12 2.10E-01 2.96E-13 1.27E-19 8.84E-20 6.00E-11 1.23E-12 2.04E-14 4.31E-04
  1.55E+06 1.19E-16 2.50E-13 6.07E-11 7.59E-12 2.10E-01 2.43E-14 4.87E-21 1.28E-20 1.96E-11 2.91E-13 1.31E-15 4.31E-04
  1.75E+06 2.47E-16 8.26E-13 8.38E-11 2.79E-11 2.10E-01 1.28E-15 1.85E-22 1.18E-20 5.24E-12 7.53E-14 4.31E-17 4.31E-04
  1.95E+06 4.74E-16 2.15E-12 9.39E-11 6.64E-11 2.10E-01 5.08E-17 7.20E-24 1.82E-20 1.30E-12 2.03E-14 1.08E-18 4.31E-04
  2.15E+06 8.58E-16 4.64E-12 9.03E-11 1.15E-10 2.10E-01 1.63E-18 2.91E-25 2.26E-20 3.23E-13 6.12E-15 2.47E-20 4.31E-04
  2.35E+06 1.52E-15 8.54E-12 7.94E-11 1.64E-10 2.10E-01 3.92E-20 1.06E-26 2.26E-20 8.21E-14 3.10E-15 4.83E-22 4.31E-04
  2.55E+06 2.74E-15 1.38E-11 6.78E-11 2.04E-10 2.10E-01 6.28E-22 2.95E-28 1.94E-20 2.10E-14 7.64E-15 7.02E-24 4.31E-04
  2.75E+06 5.23E-15 2.13E-11 5.94E-11 2.26E-10 2.10E-01 5.92E-24 5.63E-30 1.48E-20 5.41E-15 2.09E-14 6.85E-26 4.31E-04
  2.95E+06 1.07E-14 3.26E-11 5.60E-11 2.23E-10 2.10E-01 3.08E-26 5.22E-31 1.18E-20 1.66E-15 2.46E-14 3.15E-27 4.31E-04
  3.15E+06 2.37E-14 4.98E-11 5.83E-11 1.89E-10 2.10E-01 1.16E-28 9.92E-31 1.52E-20 9.15E-16 2.54E-14 2.88E-27 4.31E-04
  3.35E+06 5.54E-14 7.52E-11 6.76E-11 1.32E-10 2.10E-01 6.52E-29 3.35E-30 3.10E-20 9.46E-16 2.53E-14 4.41E-27 4.31E-04
  3.55E+06 1.34E-13 1.09E-10 8.48E-11 7.34E-11 2.10E-01 1.43E-28 1.16E-29 6.45E-20 1.20E-15 2.50E-14 6.53E-27 4.31E-04
  3.75E+06 3.25E-13 1.47E-10 1.07E-10 3.27E-11 2.10E-01 2.56E-28 3.43E-29 1.22E-19 1.54E-15 2.47E-14 7.87E-27 4.31E-04
  3.95E+06 7.76E-13 1.78E-10 1.36E-10 1.13E-11 2.10E-01 4.22E-28 9.30E-29 2.13E-19 1.99E-15 2.42E-14 8.16E-27 4.31E-04
  4.15E+06 1.71E-12 1.89E-10 1.78E-10 2.96E-12 2.10E-01 7.60E-28 2.52E-28 3.68E-19 2.72E-15 2.34E-14 8.43E-27 4.31E-04
  4.35E+06 3.20E-12 1.72E-10 2.35E-10 6.30E-13 2.10E-01 1.50E-27 6.55E-28 6.32E-19 3.86E-15 2.23E-14 9.26E-27 4.31E-04
  4.55E+06 4.98E-12 1.35E-10 2.97E-10 1.19E-13 2.10E-01 2.80E-27 1.49E-27 1.04E-18 5.41E-15 2.07E-14 1.02E-26 4.31E-04
  4.75E+06 6.68E-12 9.50E-11 3.51E-10 2.15E-14 2.10E-01 4.41E-27 2.79E-27 1.60E-18 7.20E-15 1.89E-14 1.05E-26 4.31E-04
  4.95E+06 8.10E-12 6.57E-11 3.87E-10 4.52E-15 2.10E-01 5.96E-27 4.38E-27 2.58E-18 9.03E-15 1.70E-14 1.12E-26 4.31E-04
  5.15E+06 9.32E-12 4.43E-11 4.10E-10 9.98E-16 2.10E-01 7.13E-27 6.07E-27 4.04E-18 1.08E-14 1.53E-14 1.26E-26 4.30E-04
  5.35E+06 1.04E-11 3.10E-11 4.24E-10 2.64E-16 2.10E-01 8.11E-27 7.81E-27 6.80E-18 1.23E-14 1.37E-14 1.72E-26 4.30E-04
  5.55E+06 1.15E-11 2.16E-11 4.33E-10 7.44E-17 2.10E-01 8.94E-27 9.65E-27 1.15E-17 1.36E-14 1.24E-14 2.68E-26 4.30E-04
  5.75E+06 1.26E-11 1.48E-11 4.40E-10 2.13E-17 2.10E-01 9.80E-27 1.18E-26 1.93E-17 1.47E-14 1.12E-14 4.53E-26 4.30E-04
  5.95E+06 1.35E-11 9.94E-12 4.44E-10 6.29E-18 2.10E-01 1.11E-26 1.46E-26 3.19E-17 1.56E-14 1.03E-14 8.13E-26 4.30E-04
  6.15E+06 1.44E-11 6.55E-12 4.47E-10 1.96E-18 2.10E-01 1.32E-26 1.86E-26 5.27E-17 1.63E-14 9.48E-15 1.53E-25 4.30E-04
  6.35E+06 1.48E-11 4.58E-12 4.48E-10 9.01E-19 2.10E-01 1.79E-26 2.58E-26 1.13E-16 1.69E-14 8.82E-15 3.89E-25 4.29E-04
  6.55E+06 1.54E-11 2.67E-12 4.49E-10 2.66E-19 2.10E-01 2.44E-26 3.56E-26 1.56E-16 1.74E-14 8.28E-15 6.68E-25 4.29E-04
  6.75E+06 1.53E-11 1.58E-12 4.51E-10 1.02E-19 2.10E-01 4.14E-26 5.69E-26 2.49E-16 1.77E-14 7.81E-15 1.42E-24 4.29E-04
  6.95E+06 1.49E-11 8.96E-13 4.52E-10 4.43E-20 2.10E-01 8.61E-26 1.07E-25 3.79E-16 1.79E-14 7.43E-15 3.15E-24 4.29E-04
  7.15E+06 1.44E-11 4.94E-13 4.52E-10 1.94E-20 2.10E-01 1.87E-25 2.21E-25 5.28E-16 1.81E-14 7.10E-15 6.64E-24 4.28E-04
  7.35E+06 1.40E-11 2.66E-13 4.53E-10 7.02E-21 2.10E-01 3.68E-25 4.37E-25 6.69E-16 1.82E-14 6.80E-15 1.21E-23 4.28E-04
  7.55E+06 1.40E-11 1.42E-13 4.53E-10 2.05E-21 2.10E-01 6.49E-25 8.11E-25 8.28E-16 1.83E-14 6.50E-15 1.97E-23 4.27E-04
  7.75E+06 1.43E-11 7.48E-14 4.52E-10 4.95E-22 2.10E-01 1.07E-24 1.52E-24 1.01E-15 1.83E-14 6.19E-15 2.97E-23 4.26E-04
  7.95E+06 1.54E-11 3.72E-14 4.51E-10 8.55E-23 2.09E-01 1.29E-24 2.85E-24 1.31E-15 1.82E-14 5.88E-15 4.41E-23 4.25E-04
  8.15E+06 2.05E-11 1.76E-14 4.45E-10 3.28E-24 2.09E-01 2.82E-25 7.75E-25 3.79E-15 1.58E-14 5.56E-15 3.73E-23 4.24E-04
  8.35E+06 3.29E-11 1.29E-14 4.32E-10 3.38E-26 2.09E-01 3.17E-26 1.22E-25 7.48E-15 1.23E-14 5.24E-15 1.81E-23 4.22E-04
  8.55E+06 4.92E-11 1.03E-14 4.14E-10 7.11E-28 2.09E-01 3.05E-27 2.37E-26 1.06E-14 9.17E-15 4.92E-15 8.05E-24 4.19E-04
  8.75E+06 6.68E-11 7.35E-15 3.95E-10 7.49E-29 2.08E-01 2.67E-28 5.32E-27 1.27E-14 7.02E-15 4.58E-15 3.51E-24 4.16E-04
  8.95E+06 8.42E-11 5.05E-15 3.76E-10 1.10E-29 2.07E-01 2.16E-29 1.42E-27 1.42E-14 5.45E-15 4.22E-15 1.60E-24 4.12E-04
  9.15E+06 1.00E-10 3.15E-15 3.56E-10 1.45E-30 2.06E-01 1.59E-30 4.21E-28 1.50E-14 4.34E-15 3.83E-15 7.46E-25 4.05E-04
  9.35E+06 1.15E-10 1.91E-15 3.38E-10 2.15E-31 2.04E-01 1.08E-31 1.40E-28 1.55E-14 3.44E-15 3.42E-15 3.64E-25 3.97E-04
  9.55E+06 1.26E-10 1.11E-15 3.21E-10 3.40E-32 2.02E-01 7.20E-33 5.08E-29 1.57E-14 2.68E-15 2.98E-15 1.84E-25 3.86E-04
  9.75E+06 1.33E-10 6.11E-16 3.06E-10 5.52E-33 1.99E-01 5.04E-34 1.98E-29 1.55E-14 2.08E-15 2.51E-15 9.53E-26 3.72E-04
  9.95E+06 1.35E-10 3.19E-16 2.95E-10 8.97E-34 1.95E-01 4.81E-35 8.09E-30 1.48E-14 1.67E-15 2.05E-15 4.97E-26 3.55E-04
     Z        CL       CLO      HCL      CLONO2   O2       H2S      HS       SO       SO2      H2SO4    HSO      CO2     

 TP, TL
           5.68E+13 6.81E+11 8.07E+08 7.64E+09 2.80E+15 3.51E+08 3.49E+08 3.46E+08 1.44E+11 2.49E+09 1.91E+08 1.17E+14
           5.68E+13 6.81E+11 7.41E+08 7.63E+09 2.68E+15 3.49E+08 3.49E+08 3.46E+08 1.43E+11 2.44E+09 1.89E+08 9.47E+11


 MIXING RATIO OF AEROSOL

     Z      SO4AER
  5.00E+04 7.92E-11
  1.50E+05 9.64E-11
  2.50E+05 1.32E-10
  3.50E+05 1.78E-10
  5.50E+05 2.77E-10
  7.50E+05 3.65E-10
  9.50E+05 4.30E-10
  1.15E+06 5.02E-10
  1.35E+06 5.55E-10
  1.55E+06 5.28E-10
  1.75E+06 4.42E-10
  1.95E+06 3.48E-10
  2.15E+06 2.76E-10
  2.35E+06 2.24E-10
  2.55E+06 1.86E-10
  2.75E+06 1.52E-10
  2.95E+06 1.22E-10
  3.15E+06 9.58E-11
  3.35E+06 7.28E-11
  3.55E+06 5.35E-11
  3.75E+06 3.83E-11
  3.95E+06 2.68E-11
  4.15E+06 1.82E-11
  4.35E+06 1.20E-11
  4.55E+06 7.82E-12
  4.75E+06 4.97E-12
  4.95E+06 3.08E-12
  5.15E+06 1.86E-12
  5.35E+06 1.11E-12
  5.55E+06 6.47E-13
  5.75E+06 3.69E-13
  5.95E+06 2.03E-13
  6.15E+06 1.08E-13
  6.35E+06 5.56E-14
  6.55E+06 2.67E-14
  6.75E+06 1.19E-14
  6.95E+06 4.81E-15
  7.15E+06 1.75E-15
  7.35E+06 4.73E-16
  7.55E+06 7.90E-17
  7.75E+06 6.67E-18
  7.95E+06 2.15E-19
  8.15E+06 1.75E-21
  8.35E+06 1.99E-24
  8.55E+06 1.31E-28
  8.75E+06 1.37E-34
  8.95E+06 3.78E-43
  9.15E+06 2.05E-55
  9.35E+06 6.36E-73
  9.55E+06 8.17E-98
  9.75E+06 1.00-100
  9.95E+06 1.00-100

  TP       2.34E+09
  TL       2.32E+09


 OZONE COLUMN DEPTH =  8.8621E+18
 OZONE COLUMN DEPTH =  0.330 ATM CM

 SULFUR COLUMN DEPTHS:  H2S = 6.295E+13  SO2 = 2.126E+15

  11 FH2O AT COLD TRAP = 4.287E-06

 NUMBER DENSITIES OF LONG-LIVED SPECIES


     Z        H2CO     O        H2O      OH       HO2      H2O2     O3       H        H2       CH4      CO       CH3OOH  
  5.00E+04 3.11E+09 9.16E+02 3.29E+17 1.36E+06 2.35E+08 2.00E+10 3.78E+11 1.31E-01 8.96E+12 2.64E+13 1.59E+12 1.55E+10
  2.50E+05 2.61E+09 1.44E+03 1.03E+17 1.50E+06 1.86E+08 1.65E+10 4.37E+11 1.28E-01 7.37E+12 2.16E+13 1.09E+12 1.10E+10
  4.50E+05 1.76E+09 2.26E+03 2.48E+16 1.52E+06 1.27E+08 9.88E+09 5.05E+11 1.19E-01 6.01E+12 1.75E+13 7.60E+11 5.36E+09
  6.50E+05 9.38E+08 3.28E+03 4.76E+15 1.33E+06 7.38E+07 4.58E+09 5.35E+11 9.89E-02 4.85E+12 1.41E+13 5.42E+11 2.00E+09
  8.50E+05 4.02E+08 4.46E+03 6.57E+14 9.49E+05 3.68E+07 1.82E+09 5.26E+11 7.06E-02 3.86E+12 1.12E+13 3.96E+11 6.60E+08
  1.05E+06 1.66E+08 6.17E+03 3.47E+13 7.41E+05 1.71E+07 6.29E+08 5.19E+11 5.64E-02 3.04E+12 8.81E+12 2.89E+11 1.85E+08
  1.25E+06 5.53E+07 1.38E+04 2.63E+13 4.31E+05 5.46E+06 8.66E+07 7.12E+11 3.49E-02 2.29E+12 6.61E+12 1.90E+11 2.09E+07
  1.45E+06 2.55E+07 5.26E+04 1.94E+13 2.69E+05 2.68E+06 9.71E+06 1.44E+12 2.28E-02 1.67E+12 4.75E+12 1.07E+11 2.73E+06
  1.65E+06 1.89E+07 1.75E+05 1.44E+13 2.68E+05 2.73E+06 7.99E+06 2.54E+12 2.24E-02 1.22E+12 3.34E+12 5.47E+10 1.87E+06
  1.85E+06 1.61E+07 4.70E+05 1.08E+13 3.14E+05 3.45E+06 1.19E+07 3.61E+12 2.68E-02 8.79E+11 2.31E+12 2.81E+10 2.03E+06
  2.05E+06 1.48E+07 1.08E+06 8.12E+12 4.09E+05 4.69E+06 2.05E+07 4.39E+12 3.89E-02 6.32E+11 1.58E+12 1.56E+10 2.45E+06
  2.25E+06 1.52E+07 2.33E+06 6.07E+12 5.87E+05 7.03E+06 4.02E+07 4.75E+12 7.24E-02 4.48E+11 1.06E+12 9.64E+09 3.33E+06
  2.45E+06 1.57E+07 4.67E+06 4.55E+12 8.92E+05 1.05E+07 7.51E+07 4.78E+12 1.59E-01 3.18E+11 7.04E+11 6.56E+09 4.09E+06
  2.65E+06 1.61E+07 8.88E+06 3.42E+12 1.41E+06 1.52E+07 1.27E+08 4.52E+12 4.05E-01 2.25E+11 4.66E+11 4.74E+09 4.45E+06
  2.85E+06 1.58E+07 1.61E+07 2.58E+12 2.26E+06 2.12E+07 1.87E+08 4.03E+12 1.20E+00 1.58E+11 3.06E+11 3.51E+09 4.30E+06
  3.05E+06 1.44E+07 2.82E+07 1.95E+12 3.60E+06 2.73E+07 2.24E+08 3.36E+12 4.11E+00 1.11E+11 1.98E+11 2.62E+09 3.64E+06
  3.25E+06 1.22E+07 4.76E+07 1.48E+12 5.60E+06 3.12E+07 2.07E+08 2.61E+12 1.56E+01 7.79E+10 1.27E+11 1.94E+09 2.62E+06
  3.45E+06 9.99E+06 8.06E+07 1.11E+12 8.25E+06 3.16E+07 1.45E+08 1.82E+12 6.39E+01 5.39E+10 7.84E+10 1.43E+09 1.70E+06
  3.65E+06 7.68E+06 1.33E+08 8.33E+11 1.17E+07 2.81E+07 7.94E+07 1.18E+12 2.58E+02 3.77E+10 4.80E+10 1.03E+09 9.55E+05
  3.85E+06 5.68E+06 2.21E+08 6.29E+11 1.61E+07 2.31E+07 3.79E+07 7.28E+11 1.04E+03 2.70E+10 2.93E+10 7.36E+08 5.06E+05
  4.05E+06 4.10E+06 3.65E+08 4.75E+11 2.08E+07 1.86E+07 1.81E+07 4.25E+11 3.98E+03 2.01E+10 1.80E+10 5.32E+08 2.76E+05
  4.25E+06 2.88E+06 5.72E+08 3.60E+11 2.34E+07 1.52E+07 9.94E+06 2.44E+11 1.24E+04 1.57E+10 1.12E+10 4.05E+08 1.70E+05
  4.45E+06 1.98E+06 8.15E+08 2.72E+11 2.28E+07 1.27E+07 6.17E+06 1.42E+11 3.03E+04 1.29E+10 7.14E+09 3.31E+08 1.18E+05
  4.65E+06 1.32E+06 1.06E+09 2.06E+11 2.03E+07 1.05E+07 4.02E+06 8.33E+10 6.08E+04 1.11E+10 4.72E+09 2.90E+08 8.70E+04
  4.85E+06 8.59E+05 1.28E+09 1.58E+11 1.75E+07 8.68E+06 2.73E+06 5.10E+10 1.07E+05 9.92E+09 3.24E+09 2.75E+08 6.45E+04
  5.05E+06 5.46E+05 1.47E+09 1.22E+11 1.50E+07 7.25E+06 1.96E+06 3.28E+10 1.70E+05 9.14E+09 2.30E+09 2.83E+08 4.71E+04
  5.25E+06 3.47E+05 1.62E+09 9.43E+10 1.28E+07 6.07E+06 1.45E+06 2.15E+10 2.57E+05 8.47E+09 1.68E+09 3.12E+08 3.41E+04
  5.45E+06 2.22E+05 1.72E+09 7.37E+10 1.10E+07 5.17E+06 1.14E+06 1.47E+10 3.68E+05 7.87E+09 1.26E+09 3.59E+08 2.43E+04
  5.65E+06 1.42E+05 1.78E+09 5.72E+10 9.53E+06 4.41E+06 9.03E+05 9.79E+09 5.21E+05 7.20E+09 9.43E+08 4.18E+08 1.72E+04
  5.85E+06 9.14E+04 1.81E+09 4.40E+10 8.33E+06 3.82E+06 7.39E+05 6.38E+09 7.39E+05 6.49E+09 7.07E+08 4.77E+08 1.21E+04
  6.05E+06 5.85E+04 1.79E+09 3.37E+10 7.44E+06 3.39E+06 6.36E+05 4.05E+09 1.06E+06 5.76E+09 5.27E+08 5.31E+08 8.42E+03
  6.25E+06 3.71E+04 1.74E+09 2.56E+10 6.82E+06 3.10E+06 5.93E+05 2.50E+09 1.55E+06 5.05E+09 3.91E+08 5.72E+08 5.73E+03
  6.45E+06 2.50E+04 1.60E+09 1.97E+10 6.54E+06 2.96E+06 6.08E+05 1.60E+09 2.18E+06 4.43E+09 2.93E+08 6.05E+08 3.86E+03
  6.65E+06 2.45E+04 1.47E+09 1.45E+10 6.35E+06 2.89E+06 6.42E+05 8.74E+08 3.41E+06 3.75E+09 2.10E+08 6.09E+08 2.52E+03
  6.85E+06 4.37E+04 1.27E+09 1.07E+10 6.68E+06 3.06E+06 7.77E+05 4.58E+08 5.43E+06 3.16E+09 1.50E+08 6.05E+08 1.62E+03
  7.05E+06 8.41E+04 1.05E+09 7.82E+09 7.57E+06 3.48E+06 9.90E+05 2.30E+08 8.89E+06 2.66E+09 1.06E+08 5.91E+08 1.02E+03
  7.25E+06 1.30E+05 9.03E+08 5.61E+09 8.43E+06 3.85E+06 1.16E+06 1.12E+08 1.53E+07 2.19E+09 7.30E+07 5.62E+08 6.18E+02
  7.45E+06 1.67E+05 8.37E+08 3.95E+09 8.87E+06 3.95E+06 1.22E+06 5.75E+07 2.69E+07 1.82E+09 4.90E+07 5.39E+08 3.44E+02
  7.65E+06 1.82E+05 8.40E+08 2.71E+09 8.60E+06 3.67E+06 1.12E+06 3.08E+07 4.69E+07 1.52E+09 3.20E+07 5.20E+08 1.71E+02
  7.85E+06 1.72E+05 8.55E+08 1.81E+09 8.61E+06 3.44E+06 8.86E+05 1.58E+07 8.65E+07 1.25E+09 2.03E+07 4.98E+08 7.42E+01
  8.05E+06 1.54E+05 2.49E+09 1.16E+09 4.15E+06 1.57E+06 3.95E+05 1.91E+07 2.12E+08 9.93E+08 1.26E+07 4.71E+08 2.48E+01
  8.25E+06 8.61E+04 1.43E+10 7.03E+08 8.77E+05 2.53E+05 1.06E+05 4.74E+07 3.53E+08 7.44E+08 7.64E+06 4.33E+08 7.26E+00
  8.45E+06 3.20E+04 4.19E+10 4.15E+08 2.90E+05 5.07E+04 2.64E+04 7.09E+07 3.99E+08 5.38E+08 4.54E+06 3.80E+08 2.08E+00
  8.65E+06 1.23E+04 8.18E+10 2.40E+08 1.16E+05 1.22E+04 6.45E+03 7.55E+07 3.73E+08 3.83E+08 2.65E+06 3.21E+08 5.95E-01
  8.85E+06 5.12E+03 1.24E+11 1.36E+08 4.76E+04 3.30E+03 1.54E+03 6.18E+07 3.12E+08 2.69E+08 1.52E+06 2.61E+08 1.69E-01
  9.05E+06 2.30E+03 1.60E+11 7.67E+07 1.94E+04 9.77E+02 3.64E+02 4.23E+07 2.45E+08 1.88E+08 8.72E+05 2.08E+08 4.79E-02
  9.25E+06 1.05E+03 1.83E+11 4.30E+07 7.61E+03 3.07E+02 8.41E+01 2.47E+07 1.84E+08 1.30E+08 4.98E+05 1.63E+08 1.36E-02
  9.45E+06 5.22E+02 1.94E+11 2.44E+07 2.97E+03 1.03E+02 1.95E+01 1.34E+07 1.36E+08 9.07E+07 2.89E+05 1.26E+08 3.94E-03
  9.65E+06 2.86E+02 1.93E+11 1.42E+07 1.15E+03 3.67E+01 4.61E+00 6.87E+06 9.88E+07 6.36E+07 1.73E+05 9.77E+07 1.18E-03
  9.85E+06 1.65E+02 1.83E+11 8.57E+06 4.36E+02 1.36E+01 1.23E+00 3.25E+06 7.08E+07 4.46E+07 1.06E+05 7.48E+07 4.01E-04

     Z        CH3O2    N2O      NO       NO2      HNO2     HNO3     HO2NO2   NO3      N2O5     CL2O2    CH3CL    HOCL    
  5.00E+04 1.36E+08 6.76E+12 7.40E+07 2.15E+08 4.54E+05 1.56E+09 2.83E+06 1.60E+05 8.64E+02 3.03E-03 1.17E+10 6.46E+06
  2.50E+05 9.11E+07 5.55E+12 1.04E+08 2.43E+08 6.73E+05 2.82E+09 1.51E+07 1.65E+05 3.25E+03 1.59E-02 9.32E+09 6.05E+06
  4.50E+05 4.76E+07 4.52E+12 1.51E+08 2.79E+08 9.52E+05 3.64E+09 8.32E+07 1.60E+05 1.52E+04 7.61E-02 7.42E+09 4.41E+06
  6.50E+05 2.10E+07 3.64E+12 1.85E+08 2.46E+08 9.70E+05 3.54E+09 3.18E+08 1.18E+05 5.10E+04 3.87E-01 5.89E+09 2.70E+06
  8.50E+05 8.04E+06 2.90E+12 1.86E+08 1.66E+08 6.66E+05 2.95E+09 4.78E+08 6.85E+04 1.40E+05 2.10E+00 4.65E+09 1.39E+06
  1.05E+06 2.65E+06 2.27E+12 2.23E+08 1.32E+08 5.88E+05 2.43E+09 3.42E+08 4.40E+04 4.47E+05 1.01E+01 3.64E+09 6.07E+05
  1.25E+06 6.89E+05 1.71E+12 2.88E+08 1.78E+08 3.89E+05 2.39E+09 1.83E+08 3.09E+04 5.31E+05 1.73E+01 2.70E+09 1.73E+05
  1.45E+06 2.99E+05 1.22E+12 3.10E+08 3.73E+08 2.12E+05 3.36E+09 1.80E+08 6.23E+04 2.30E+06 5.54E+01 1.88E+09 1.55E+05
  1.65E+06 2.29E+05 8.44E+11 3.05E+08 6.41E+08 1.66E+05 5.00E+09 2.58E+08 1.72E+05 1.09E+07 3.48E+02 1.25E+09 4.14E+05
  1.85E+06 2.08E+05 5.67E+11 2.92E+08 8.69E+08 1.47E+05 6.32E+09 3.37E+08 3.40E+05 2.86E+07 1.38E+03 7.95E+08 1.10E+06
  2.05E+06 2.03E+05 3.69E+11 2.85E+08 1.02E+09 1.44E+05 6.77E+09 3.84E+08 4.99E+05 4.73E+07 3.38E+03 4.93E+08 2.52E+06
  2.25E+06 2.24E+05 2.33E+11 2.80E+08 1.15E+09 1.53E+05 6.30E+09 4.06E+08 6.43E+05 6.21E+07 5.03E+03 2.97E+08 5.23E+06
  2.45E+06 2.37E+05 1.43E+11 3.01E+08 1.30E+09 1.85E+05 5.30E+09 3.96E+08 7.47E+05 7.06E+07 5.42E+03 1.76E+08 9.20E+06
  2.65E+06 2.42E+05 8.57E+10 3.43E+08 1.46E+09 2.45E+05 4.11E+09 3.44E+08 8.01E+05 6.83E+07 4.93E+03 1.02E+08 1.44E+07
  2.85E+06 2.43E+05 4.96E+10 3.99E+08 1.56E+09 3.37E+05 2.99E+09 2.56E+08 7.83E+05 5.25E+07 4.28E+03 5.73E+07 2.11E+07
  3.05E+06 2.38E+05 2.76E+10 4.62E+08 1.55E+09 4.56E+05 2.06E+09 1.58E+08 6.87E+05 3.07E+07 3.72E+03 3.10E+07 2.82E+07
  3.25E+06 2.25E+05 1.48E+10 5.29E+08 1.40E+09 5.98E+05 1.34E+09 7.87E+07 5.29E+05 1.34E+07 3.15E+03 1.61E+07 3.29E+07
  3.45E+06 2.18E+05 7.65E+09 5.84E+08 1.14E+09 6.81E+05 7.78E+08 3.14E+07 3.83E+05 4.69E+06 2.01E+03 7.82E+06 3.14E+07
  3.65E+06 2.03E+05 3.90E+09 6.28E+08 8.26E+08 7.27E+05 4.15E+08 1.01E+07 2.42E+05 1.28E+06 1.10E+03 3.61E+06 2.43E+07
  3.85E+06 1.88E+05 2.01E+09 6.49E+08 5.17E+08 7.33E+05 2.00E+08 2.67E+06 1.33E+05 2.74E+05 5.06E+02 1.60E+06 1.58E+07
  4.05E+06 1.74E+05 1.05E+09 6.33E+08 2.73E+08 6.59E+05 8.14E+07 6.15E+05 6.42E+04 4.42E+04 1.87E+02 6.92E+05 8.73E+06
  4.25E+06 1.57E+05 5.66E+08 5.60E+08 1.25E+08 4.69E+05 2.64E+07 1.39E+05 2.74E+04 5.60E+03 5.24E+01 3.01E+05 4.20E+06
  4.45E+06 1.39E+05 3.14E+08 4.52E+08 5.32E+07 2.66E+05 7.30E+06 3.27E+04 1.08E+04 6.30E+02 1.12E+01 1.38E+05 1.80E+06
  4.65E+06 1.21E+05 1.78E+08 3.46E+08 2.24E+07 1.31E+05 1.87E+06 8.06E+03 4.05E+03 6.91E+01 1.90E+00 6.80E+04 6.94E+05
  4.85E+06 1.02E+05 1.05E+08 2.60E+08 9.72E+06 6.33E+04 4.94E+05 2.16E+03 1.52E+03 8.12E+00 3.50E-01 3.66E+04 2.66E+05
  5.05E+06 8.09E+04 6.34E+07 1.94E+08 4.34E+06 3.17E+04 1.43E+05 6.46E+02 5.78E+02 1.07E+00 9.31E-02 2.15E+04 1.10E+05
  5.25E+06 6.29E+04 3.92E+07 1.45E+08 1.98E+06 1.61E+04 4.35E+04 2.05E+02 2.22E+02 1.51E-01 2.78E-02 1.37E+04 4.73E+04
  5.45E+06 4.60E+04 2.51E+07 1.08E+08 9.28E+05 8.69E+03 1.47E+04 7.13E+01 8.79E+01 2.43E-02 1.13E-02 9.38E+03 2.29E+04
  5.65E+06 3.34E+04 1.62E+07 8.04E+07 4.42E+05 4.64E+03 5.10E+03 2.51E+01 3.49E+01 4.01E-03 3.74E-03 6.68E+03 1.10E+04
  5.85E+06 2.39E+04 1.05E+07 5.92E+07 2.18E+05 2.47E+03 1.85E+03 9.21E+00 1.41E+01 6.96E-04 1.05E-03 4.88E+03 5.36E+03
  6.05E+06 1.67E+04 6.83E+06 4.34E+07 1.13E+05 1.34E+03 7.17E+02 3.61E+00 5.94E+00 1.32E-04 2.59E-04 3.62E+03 2.65E+03
  6.25E+06 1.13E+04 4.44E+06 3.16E+07 6.35E+04 7.35E+02 3.14E+02 1.58E+00 2.65E+00 2.89E-05 5.87E-05 2.71E+03 1.35E+03
  6.45E+06 6.71E+03 2.94E+06 2.34E+07 4.11E+04 4.59E+02 1.67E+02 8.69E-01 1.39E+00 9.14E-06 1.56E-05 2.07E+03 8.09E+02
  6.65E+06 4.25E+03 1.86E+06 1.69E+07 2.79E+04 2.53E+02 8.85E+01 4.57E-01 7.04E-01 2.53E-06 2.52E-06 1.54E+03 3.87E+02
  6.85E+06 2.46E+03 1.17E+06 1.22E+07 2.25E+04 1.55E+02 5.88E+01 3.11E-01 4.13E-01 9.82E-07 4.04E-07 1.15E+03 2.08E+02
  7.05E+06 1.34E+03 7.20E+05 8.94E+06 2.06E+04 1.04E+02 4.56E+01 2.51E-01 2.69E-01 4.79E-07 6.22E-08 8.57E+02 1.19E+02
  7.25E+06 7.27E+02 4.29E+05 6.48E+06 1.74E+04 6.54E+01 3.30E+01 1.80E-01 1.59E-01 2.03E-07 8.23E-09 6.31E+02 6.12E+01
  7.45E+06 3.75E+02 2.40E+05 4.68E+06 1.25E+04 3.87E+01 2.02E+01 1.04E-01 8.38E-02 6.57E-08 1.04E-09 4.63E+02 2.78E+01
  7.65E+06 1.78E+02 1.21E+05 3.35E+06 7.30E+03 2.08E+01 9.98E+00 4.61E-02 3.76E-02 1.54E-08 1.28E-10 3.38E+02 1.10E+01
  7.85E+06 7.45E+01 5.33E+04 2.35E+06 3.87E+03 1.12E+01 4.12E+00 1.73E-02 1.53E-02 2.84E-09 1.52E-11 2.45E+02 4.09E+00
  8.05E+06 2.09E+01 1.86E+04 1.61E+06 5.12E+02 2.94E+00 1.01E+00 2.43E-03 2.67E-03 2.35E-10 1.28E-12 1.77E+02 4.99E-01
  8.25E+06 7.43E+00 5.19E+03 1.06E+06 1.76E+01 3.22E-01 1.91E-01 1.70E-04 1.03E-04 1.20E-11 1.92E-13 1.26E+02 8.59E-03
  8.45E+06 3.61E+00 1.33E+03 6.78E+05 2.18E+00 4.95E-02 3.52E-02 1.16E-05 9.94E-06 6.04E-13 4.47E-14 8.94E+01 2.95E-04
  8.65E+06 1.96E+00 3.54E+02 4.23E+05 7.17E-01 8.99E-03 6.44E-03 8.01E-07 2.41E-06 3.03E-14 9.69E-15 6.24E+01 2.02E-05
  8.85E+06 1.15E+00 1.02E+02 2.60E+05 2.92E-01 1.59E-03 1.17E-03 5.53E-08 6.92E-07 1.52E-15 1.66E-15 4.29E+01 1.77E-06
  9.05E+06 7.07E-01 3.36E+01 1.59E+05 1.23E-01 2.73E-04 2.11E-04 3.86E-09 2.02E-07 7.70E-17 2.40E-16 2.93E+01 1.83E-07
  9.25E+06 4.52E-01 1.25E+01 9.77E+04 5.17E-02 4.41E-05 3.82E-05 2.72E-10 5.76E-08 3.94E-18 2.85E-17 1.97E+01 2.02E-08
  9.45E+06 2.97E-01 5.27E+00 6.13E+04 2.24E-02 7.28E-06 7.00E-06 1.97E-11 1.70E-08 2.07E-19 3.18E-18 1.33E+01 2.48E-09
  9.65E+06 1.98E-01 2.55E+00 3.97E+04 1.01E-02 1.25E-06 1.31E-06 1.49E-12 5.31E-09 1.12E-20 3.40E-19 8.89E+00 3.38E-10
  9.85E+06 1.31E-01 1.42E+00 2.66E+04 4.70E-03 2.14E-07 2.72E-07 1.21E-13 1.69E-09 6.50E-22 3.19E-20 5.90E+00 4.69E-11

     Z        CL       CLO      HCL      CLONO2   O2       H2S      HS       SO       SO2      H2SO4    HSO      CO2     
  5.00E+04 2.08E+02 4.31E+05 1.32E+08 1.51E+07 5.04E+18 5.80E+07 1.07E+02 1.18E+00 7.59E+08 5.08E+07 1.92E+06 9.60E+15
  2.50E+05 3.11E+02 4.94E+05 2.07E+08 1.88E+07 4.14E+18 5.33E+07 1.15E+02 2.17E+00 1.55E+09 1.27E+08 2.30E+06 8.07E+15
  4.50E+05 3.93E+02 5.05E+05 2.36E+08 1.94E+07 3.37E+18 5.41E+07 1.22E+02 4.08E+00 1.97E+09 1.72E+08 2.68E+06 6.70E+15
  6.50E+05 4.35E+02 4.92E+05 2.26E+08 1.53E+07 2.72E+18 6.07E+07 1.29E+02 7.69E+00 2.19E+09 1.71E+08 3.23E+06 5.50E+15
  8.50E+05 4.23E+02 4.54E+05 2.01E+08 9.25E+06 2.16E+18 6.51E+07 1.12E+02 1.18E+01 2.11E+09 1.26E+08 3.50E+06 4.43E+15
  1.05E+06 4.42E+02 3.69E+05 1.77E+08 5.64E+06 1.70E+18 3.06E+07 4.59E+01 9.99E+00 1.38E+09 7.06E+07 1.83E+06 3.49E+15
  1.25E+06 3.62E+02 3.06E+05 1.78E+08 5.17E+06 1.28E+18 5.00E+06 3.80E+00 1.74E+00 5.67E+08 1.72E+07 3.39E+05 2.64E+15
  1.45E+06 3.71E+02 5.75E+05 2.14E+08 1.50E+07 9.38E+17 4.05E+05 1.11E-01 1.32E-01 1.58E+08 2.59E+06 2.58E+04 1.93E+15
  1.65E+06 5.66E+02 1.53E+06 2.39E+08 5.06E+07 6.86E+17 1.89E+04 3.09E-03 3.26E-02 3.36E+07 4.81E+05 8.20E+02 1.41E+15
  1.85E+06 8.25E+02 3.27E+06 2.17E+08 1.08E+08 5.01E+17 6.26E+02 8.67E-05 3.58E-02 6.25E+06 9.24E+04 1.66E+01 1.03E+15
  2.05E+06 1.12E+03 5.58E+06 1.63E+08 1.57E+08 3.66E+17 1.64E+01 2.52E-06 3.69E-02 1.13E+06 1.90E+04 2.89E-01 7.52E+14
  2.25E+06 1.44E+03 8.12E+06 1.08E+08 1.78E+08 2.66E+17 3.34E-01 7.20E-08 2.91E-02 2.06E+05 4.81E+03 4.50E-03 5.45E+14
  2.45E+06 1.87E+03 1.01E+07 6.75E+07 1.71E+08 1.93E+17 4.84E-03 1.70E-09 1.96E-02 3.82E+04 3.72E+03 5.62E-05 3.97E+14
  2.65E+06 2.52E+03 1.16E+07 4.24E+07 1.46E+08 1.41E+17 4.40E-05 2.84E-11 1.15E-02 7.12E+03 1.06E+04 4.85E-07 2.90E+14
  2.85E+06 3.65E+03 1.30E+07 2.81E+07 1.12E+08 1.03E+17 2.27E-07 4.78E-13 6.32E-03 1.41E+03 1.15E+04 4.11E-09 2.12E+14
  3.05E+06 5.71E+03 1.46E+07 2.04E+07 7.57E+07 7.58E+16 6.42E-10 2.29E-13 4.45E-03 4.03E+02 9.09E+03 9.65E-10 1.56E+14
  3.25E+06 9.56E+03 1.63E+07 1.64E+07 4.34E+07 5.58E+16 1.21E-11 4.66E-13 5.70E-03 2.35E+02 6.75E+03 9.25E-10 1.15E+14
  3.45E+06 1.67E+04 1.77E+07 1.46E+07 1.96E+07 4.07E+16 1.92E-11 1.23E-12 8.74E-03 2.05E+02 4.89E+03 1.07E-09 8.36E+13
  3.65E+06 2.98E+04 1.82E+07 1.36E+07 7.18E+06 2.99E+16 2.78E-11 2.89E-12 1.28E-02 1.94E+02 3.54E+03 1.05E-09 6.14E+13
  3.85E+06 5.30E+04 1.73E+07 1.26E+07 2.09E+06 2.21E+16 3.46E-11 5.97E-12 1.71E-02 1.84E+02 2.57E+03 8.53E-10 4.54E+13
  4.05E+06 9.19E+04 1.47E+07 1.21E+07 4.69E+05 1.65E+16 4.36E-11 1.20E-11 2.19E-02 1.81E+02 1.87E+03 6.45E-10 3.38E+13
  4.25E+06 1.41E+05 1.08E+07 1.21E+07 8.19E+04 1.23E+16 6.26E-11 2.41E-11 2.84E-02 1.90E+02 1.35E+03 5.17E-10 2.53E+13
  4.45E+06 1.81E+05 6.86E+06 1.18E+07 1.23E+04 9.31E+15 9.23E-11 4.47E-11 3.62E-02 2.04E+02 9.54E+02 4.32E-10 1.91E+13
  4.65E+06 1.97E+05 3.85E+06 1.10E+07 1.70E+03 7.06E+15 1.21E-10 7.03E-11 4.37E-02 2.12E+02 6.66E+02 3.50E-10 1.45E+13
  4.85E+06 1.92E+05 2.04E+06 9.59E+06 2.50E+02 5.42E+15 1.35E-10 9.21E-11 5.22E-02 2.10E+02 4.64E+02 2.78E-10 1.11E+13
  5.05E+06 1.76E+05 1.09E+06 8.05E+06 4.27E+01 4.23E+15 1.33E-10 1.05E-10 6.55E-02 2.00E+02 3.25E+02 2.38E-10 8.68E+12
  5.25E+06 1.56E+05 5.83E+05 6.61E+06 7.92E+00 3.32E+15 1.21E-10 1.10E-10 8.19E-02 1.82E+02 2.29E+02 2.27E-10 6.80E+12
  5.45E+06 1.38E+05 3.25E+05 5.38E+06 1.76E+00 2.63E+15 1.07E-10 1.09E-10 1.11E-01 1.62E+02 1.63E+02 2.66E-10 5.39E+12
  5.65E+06 1.19E+05 1.77E+05 4.33E+06 3.92E-01 2.08E+15 9.26E-11 1.06E-10 1.48E-01 1.40E+02 1.17E+02 3.42E-10 4.26E+12
  5.85E+06 1.01E+05 9.45E+04 3.44E+06 8.94E-02 1.63E+15 8.05E-11 1.02E-10 1.93E-01 1.18E+02 8.35E+01 4.69E-10 3.34E+12
  6.05E+06 8.47E+04 4.92E+04 2.71E+06 2.12E-02 1.28E+15 7.29E-11 9.97E-11 2.49E-01 9.72E+01 5.99E+01 6.74E-10 2.61E+12
  6.25E+06 6.97E+04 2.50E+04 2.11E+06 5.39E-03 9.91E+14 7.06E-11 1.01E-10 3.19E-01 7.87E+01 4.31E+01 1.01E-09 2.03E+12
  6.45E+06 5.63E+04 1.31E+04 1.67E+06 1.85E-03 7.79E+14 7.63E-11 1.11E-10 4.97E-01 6.37E+01 3.17E+01 1.89E-09 1.59E+12
  6.65E+06 4.34E+04 5.86E+03 1.27E+06 4.65E-04 5.91E+14 8.73E-11 1.25E-10 5.71E-01 4.95E+01 2.26E+01 2.80E-09 1.21E+12
  6.85E+06 3.24E+04 2.57E+03 9.65E+05 1.43E-04 4.49E+14 1.25E-10 1.64E-10 6.69E-01 3.82E+01 1.63E+01 4.58E-09 9.18E+11
  7.05E+06 2.37E+04 1.09E+03 7.33E+05 4.93E-05 3.40E+14 2.08E-10 2.51E-10 7.50E-01 2.92E+01 1.18E+01 7.69E-09 6.95E+11
  7.25E+06 1.71E+04 4.40E+02 5.47E+05 1.46E-05 2.54E+14 3.21E-10 3.79E-10 7.27E-01 2.19E+01 8.41E+00 1.11E-08 5.18E+11
  7.45E+06 1.25E+04 1.75E+02 4.06E+05 3.53E-06 1.88E+14 4.46E-10 5.41E-10 6.70E-01 1.63E+01 5.96E+00 1.41E-08 3.84E+11
  7.65E+06 9.30E+03 6.85E+01 3.00E+05 6.83E-07 1.39E+14 5.53E-10 7.29E-10 6.10E-01 1.21E+01 4.20E+00 1.62E-08 2.82E+11
  7.85E+06 7.11E+03 2.66E+01 2.19E+05 1.13E-07 1.02E+14 6.45E-10 1.11E-09 5.24E-01 8.89E+00 2.93E+00 1.78E-08 2.07E+11
  8.05E+06 6.01E+03 8.51E+00 1.59E+05 7.24E-09 7.41E+13 2.54E-10 6.76E-10 7.72E-01 6.15E+00 2.02E+00 1.64E-08 1.50E+11
  8.25E+06 6.66E+03 3.81E+00 1.13E+05 9.65E-11 5.37E+13 2.50E-11 7.81E-11 1.45E+00 3.60E+00 1.39E+00 6.88E-09 1.08E+11
  8.45E+06 7.49E+03 2.11E+00 7.78E+04 6.40E-13 3.84E+13 1.82E-12 9.61E-12 1.68E+00 1.95E+00 9.33E-01 2.22E-09 7.73E+10
  8.65E+06 7.55E+03 1.14E+00 5.28E+04 2.78E-14 2.72E+13 1.19E-13 1.43E-12 1.53E+00 1.04E+00 6.19E-01 6.90E-10 5.45E+10
  8.85E+06 6.90E+03 5.60E-01 3.52E+04 2.57E-15 1.90E+13 6.98E-15 2.46E-13 1.24E+00 5.64E-01 4.02E-01 2.15E-10 3.78E+10
  9.05E+06 5.89E+03 2.57E-01 2.33E+04 2.59E-16 1.32E+13 3.79E-16 4.86E-14 9.34E-01 3.09E-01 2.57E-01 6.94E-11 2.60E+10
  9.25E+06 4.77E+03 1.09E-01 1.53E+04 2.48E-17 9.06E+12 1.85E-17 1.06E-14 6.76E-01 1.71E-01 1.60E-01 2.29E-11 1.77E+10
  9.45E+06 3.72E+03 4.50E-02 1.01E+04 2.57E-18 6.25E+12 8.58E-19 2.57E-15 4.82E-01 9.39E-02 9.86E-02 7.94E-12 1.21E+10
  9.65E+06 2.82E+03 1.80E-02 6.79E+03 2.95E-19 4.34E+12 4.08E-20 6.81E-16 3.38E-01 5.11E-02 5.95E-02 2.86E-12 8.23E+09
  9.85E+06 2.05E+03 6.75E-03 4.58E+03 3.35E-20 3.01E+12 2.14E-21 1.92E-16 2.32E-01 2.81E-02 3.47E-02 1.05E-12 5.55E+09
     Z      SO4AER
  5.00E+04 1.90E+09
  1.50E+05 2.10E+09
  2.50E+05 2.61E+09
  3.50E+05 3.17E+09
  5.50E+05 4.00E+09
  7.50E+05 4.22E+09
  9.50E+05 3.94E+09
  1.15E+06 3.59E+09
  1.35E+06 2.90E+09
  1.55E+06 2.02E+09
  1.75E+06 1.23E+09
  1.95E+06 7.11E+08
  2.15E+06 4.10E+08
  2.35E+06 2.42E+08
  2.55E+06 1.46E+08
  2.75E+06 8.75E+07
  2.95E+06 5.15E+07
  3.15E+06 2.97E+07
  3.35E+06 1.65E+07
  3.55E+06 8.89E+06
  3.75E+06 4.69E+06
  3.95E+06 2.43E+06
  4.15E+06 1.23E+06
  4.35E+06 6.14E+05
  4.55E+06 3.02E+05
  4.75E+06 1.46E+05
  4.95E+06 7.03E+04
  5.15E+06 3.30E+04
  5.35E+06 1.56E+04
  5.55E+06 7.21E+03
  5.75E+06 3.24E+03
  5.95E+06 1.40E+03
  6.15E+06 5.81E+02
  6.35E+06 2.39E+02
  6.55E+06 8.59E+01
  6.75E+06 2.91E+01
  6.95E+06 8.95E+00
  7.15E+06 2.44E+00
  7.35E+06 4.93E-01
  7.55E+06 6.08E-02
  7.75E+06 3.78E-03
  7.95E+06 8.89E-05
  8.15E+06 5.27E-07
  8.35E+06 4.32E-10
  8.55E+06 2.04E-14
  8.75E+06 1.50E-20
  8.95E+06 2.89E-29
  9.15E+06 1.08E-41
  9.35E+06 2.34E-59
  9.55E+06 2.11E-84
  9.75E+06 1.82E-87
  9.95E+06 1.28E-87

 FLUXES OF LONG-LIVED SPECIES


     Z        H2CO     O        H2O      OH       HO2      H2O2     O3       H        H2       CH4      CO       CH3OOH  
  0.00E+00-6.22E+08-6.82E+06-7.83E+09-1.35E+06-2.35E+08-4.01E+09-3.78E+10 9.11E+03-3.78E+09 8.54E+10 1.76E+11-3.09E+09
  1.00E+05-1.07E+08-3.20E+02 0.00E+00-2.08E+05 1.79E+06-4.98E+08-6.19E+10-1.13E-02-5.49E+09 6.59E+10 1.36E+11 4.21E+08
  2.00E+05 3.81E+07-4.32E+02 0.00E+00-2.11E+05 5.40E+06 4.73E+08-7.64E+10-1.15E-02-5.91E+09 4.98E+10 1.05E+11 1.36E+09
  3.00E+05 1.65E+08-5.47E+02 0.00E+00-1.75E+05 1.17E+07 1.69E+09-8.29E+10-8.67E-03-5.50E+09 3.68E+10 8.05E+10 2.03E+09
  4.00E+05 2.31E+08-6.58E+02 0.00E+00-1.53E+05 1.50E+07 2.18E+09-8.22E+10-7.49E-03-4.63E+09 2.66E+10 6.11E+10 1.99E+09
  5.00E+05 2.64E+08-7.61E+02 0.00E+00-1.13E+05 1.62E+07 2.09E+09-7.60E+10-5.21E-03-3.60E+09 1.89E+10 4.56E+10 1.56E+09
  6.00E+05 2.74E+08-8.57E+02 0.00E+00-9.07E+03 1.58E+07 1.70E+09-6.72E+10 1.33E-03-2.62E+09 1.33E+10 3.32E+10 1.05E+09
  7.00E+05 2.32E+08-9.63E+02 0.00E+00 7.04E+04 1.39E+07 1.24E+09-5.92E+10 5.83E-03-1.80E+09 9.44E+09 2.38E+10 6.59E+08
  8.00E+05 1.58E+08-1.09E+03 0.00E+00 5.14E+04 1.09E+07 8.31E+08-5.31E+10 3.51E-03-1.16E+09 7.06E+09 1.69E+10 3.98E+08
  9.00E+05 9.33E+07-1.21E+03 0.00E+00-7.71E+02 7.31E+06 4.99E+08-4.84E+10-8.22E-04-6.89E+08 5.58E+09 1.19E+10 2.20E+08
  1.00E+06 4.80E+07-1.13E+03 0.00E+00 4.54E+03 3.81E+06 2.52E+08-4.43E+10-1.56E-04-3.54E+08 4.63E+09 7.96E+09 9.86E+07
  1.10E+06 1.81E+07-9.52E+02-7.83E+09 1.33E+04 1.87E+06 9.87E+07-4.11E+10 9.99E-04-1.31E+08 4.03E+09 4.96E+09 3.28E+07
  1.20E+06 4.58E+06-1.21E+03-7.18E+09 1.68E+04 5.09E+05 2.63E+07-3.88E+10 9.25E-04 2.86E+06 3.68E+09 2.84E+09 6.92E+06
  1.30E+06 1.25E+06-1.43E+03-6.82E+09 5.48E+03 1.27E+05 4.87E+06-3.77E+10 3.56E-04 8.06E+07 3.47E+09 1.70E+09 1.14E+06
  1.40E+06 2.46E+05-1.91E+03-6.61E+09-1.82E+02 1.15E+04 6.66E+05-3.74E+10-2.94E-05 1.29E+08 3.34E+09 1.09E+09 1.56E+05
  1.50E+06 2.35E+04-2.74E+03-6.45E+09-1.58E+03-1.49E+04 3.71E+04-3.76E+10-1.29E-04 1.66E+08 3.24E+09 7.28E+08 1.56E+04
  1.60E+06-2.81E+04-4.04E+03-6.32E+09-2.00E+03-2.32E+04-6.74E+04-3.82E+10-1.61E-04 1.96E+08 3.16E+09 4.90E+08-6.37E+03
  1.70E+06-4.75E+04-6.10E+03-6.20E+09-2.41E+03-2.94E+04-1.12E+05-3.94E+10-2.02E-04 2.23E+08 3.09E+09 3.31E+08-1.28E+04
  1.80E+06-5.92E+04-9.37E+03-6.09E+09-2.98E+03-3.69E+04-1.62E+05-4.11E+10-2.69E-04 2.48E+08 3.02E+09 2.24E+08-1.71E+04
  1.90E+06-7.06E+04-1.46E+04-5.98E+09-3.86E+03-4.75E+04-2.38E+05-4.33E+10-3.86E-04 2.71E+08 2.95E+09 1.52E+08-2.17E+04
  2.00E+06-8.53E+04-2.30E+04-5.88E+09-5.25E+03-6.30E+04-3.63E+05-4.60E+10-5.96E-04 2.92E+08 2.89E+09 1.02E+08-2.77E+04
  2.10E+06-1.28E+05-3.79E+04-5.78E+09-7.67E+03-9.67E+04-6.26E+05-4.88E+10-1.04E-03 3.11E+08 2.83E+09 6.64E+07-4.41E+04
  2.20E+06-1.53E+05-6.05E+04-5.67E+09-1.09E+04-1.35E+05-9.88E+05-5.16E+10-1.78E-03 3.30E+08 2.76E+09 4.18E+07-5.54E+04
  2.30E+06-1.80E+05-9.56E+04-5.55E+09-1.57E+04-1.86E+05-1.52E+06-5.39E+10-3.12E-03 3.48E+08 2.69E+09 2.47E+07-6.52E+04
  2.40E+06-2.07E+05-1.49E+05-5.43E+09-2.26E+04-2.54E+05-2.25E+06-5.53E+10-5.62E-03 3.65E+08 2.62E+09 1.31E+07-7.21E+04
  2.50E+06-2.32E+05-2.28E+05-5.30E+09-3.24E+04-3.42E+05-3.22E+06-5.53E+10-1.04E-02 3.81E+08 2.55E+09 5.26E+06-7.63E+04
  2.60E+06-2.51E+05-3.43E+05-5.15E+09-4.64E+04-4.52E+05-4.39E+06-5.35E+10-1.98E-02 3.95E+08 2.46E+09 3.43E+05-7.70E+04
  2.70E+06-2.62E+05-5.10E+05-4.98E+09-6.64E+04-5.86E+05-5.64E+06-4.98E+10-3.90E-02 4.06E+08 2.38E+09-2.44E+06-7.37E+04
  2.80E+06-2.61E+05-7.47E+05-4.80E+09-9.41E+04-7.34E+05-6.69E+06-4.43E+10-7.92E-02 4.13E+08 2.28E+09-3.62E+06-6.44E+04
  2.90E+06-2.43E+05-1.07E+06-4.60E+09-1.30E+05-8.74E+05-7.15E+06-3.70E+10-1.64E-01 4.16E+08 2.18E+09-3.64E+06-4.89E+04
  3.00E+06-2.15E+05-1.52E+06-4.38E+09-1.79E+05-9.95E+05-6.74E+06-2.84E+10-3.48E-01 4.14E+08 2.07E+09-2.92E+06-2.88E+04
  3.10E+06-1.78E+05-2.17E+06-4.14E+09-2.44E+05-1.08E+06-5.30E+06-1.88E+10-7.58E-01 4.05E+08 1.95E+09-1.85E+06-6.34E+03
  3.20E+06-1.33E+05-3.02E+06-3.89E+09-3.27E+05-1.08E+06-2.92E+06-8.07E+09-1.65E+00 3.90E+08 1.83E+09-9.94E+05 1.66E+04
  3.30E+06-1.45E+05-4.45E+06-3.61E+09-4.25E+05-1.11E+06-5.97E+05 5.00E+09-3.77E+00 3.67E+08 1.70E+09-1.36E+06 1.76E+04
  3.40E+06-1.08E+05-6.24E+06-3.32E+09-5.45E+05-9.66E+05 1.95E+06 1.44E+10-8.41E+00 3.36E+08 1.57E+09-3.84E+05 3.24E+04
  3.50E+06-6.52E+04-8.72E+06-3.02E+09-6.99E+05-7.82E+05 3.58E+06 2.00E+10-1.86E+01 2.96E+08 1.44E+09 1.40E+06 4.13E+04
  3.60E+06-3.37E+04-1.24E+07-2.70E+09-9.01E+05-6.13E+05 4.17E+06 2.34E+10-4.16E+01 2.48E+08 1.30E+09 3.14E+06 4.22E+04
  3.70E+06-1.06E+04-1.77E+07-2.38E+09-1.16E+06-4.69E+05 4.00E+06 2.56E+10-9.30E+01 1.92E+08 1.17E+09 4.40E+06 3.85E+04
  3.80E+06 7.21E+03-2.54E+07-2.05E+09-1.48E+06-3.62E+05 3.39E+06 2.68E+10-2.07E+02 1.28E+08 1.04E+09 4.89E+06 3.26E+04
  3.90E+06 2.17E+04-3.66E+07-1.72E+09-1.82E+06-3.06E+05 2.61E+06 2.67E+10-4.55E+02 5.54E+07 9.12E+08 4.31E+06 2.56E+04
  4.00E+06 3.50E+04-5.14E+07-1.39E+09-2.07E+06-3.01E+05 1.83E+06 2.48E+10-9.46E+02-2.58E+07 7.89E+08 2.59E+06 1.85E+04
  4.10E+06 4.68E+04-6.95E+07-1.07E+09-2.14E+06-3.32E+05 1.20E+06 2.17E+10-1.82E+03-1.14E+08 6.73E+08-1.36E+04 1.22E+04
  4.20E+06 5.72E+04-9.07E+07-7.62E+08-2.05E+06-3.73E+05 7.70E+05 1.83E+10-3.25E+03-2.07E+08 5.66E+08-3.13E+06 7.57E+03
  4.30E+06 6.32E+04-1.15E+08-4.76E+08-1.86E+06-3.99E+05 5.17E+05 1.54E+10-5.45E+03-3.02E+08 4.71E+08-6.59E+06 4.37E+03
  4.40E+06 6.85E+04-1.41E+08-2.16E+08-1.60E+06-3.98E+05 3.74E+05 1.29E+10-8.56E+03-3.97E+08 3.89E+08-1.02E+07 2.48E+03
  4.50E+06 7.21E+04-1.67E+08 1.49E+07-1.34E+06-3.73E+05 2.95E+05 1.08E+10-1.27E+04-4.89E+08 3.20E+08-1.41E+07 1.44E+03
  4.60E+06 7.34E+04-1.96E+08 2.19E+08-1.13E+06-3.45E+05 2.52E+05 9.08E+09-1.85E+04-5.77E+08 2.62E+08-1.84E+07 8.62E+02
  4.70E+06 7.45E+04-2.27E+08 3.97E+08-9.63E+05-3.18E+05 2.14E+05 7.53E+09-2.61E+04-6.61E+08 2.15E+08-2.32E+07 6.92E+02
  4.80E+06 8.32E+04-2.42E+08 5.54E+08-8.90E+05-3.06E+05 1.44E+05 5.57E+09-3.42E+04-7.41E+08 1.76E+08-2.86E+07 1.63E+03
  4.90E+06 7.97E+04-2.65E+08 6.88E+08-8.39E+05-2.98E+05 1.05E+05 4.44E+09-4.50E+04-8.14E+08 1.46E+08-3.62E+07 1.99E+03
  5.00E+06 7.04E+04-3.00E+08 8.03E+08-7.78E+05-2.86E+05 9.66E+04 3.94E+09-6.05E+04-8.80E+08 1.21E+08-4.65E+07 1.85E+03
  5.10E+06 6.26E+04-3.41E+08 9.00E+08-7.46E+05-2.82E+05 8.61E+04 3.51E+09-8.16E+04-9.39E+08 1.02E+08-5.94E+07 1.80E+03
  5.20E+06 5.87E+04-3.59E+08 9.83E+08-7.81E+05-2.95E+05 4.65E+04 2.76E+09-1.03E+05-9.92E+08 8.73E+07-7.48E+07 2.36E+03
  5.30E+06 5.31E+04-3.81E+08 1.05E+09-8.28E+05-3.14E+05 1.67E+04 2.31E+09-1.32E+05-1.04E+09 7.56E+07-9.34E+07 2.65E+03
  5.40E+06 4.62E+04-4.25E+08 1.11E+09-8.58E+05-3.33E+05 7.70E+03 2.19E+09-1.74E+05-1.08E+09 6.67E+07-1.15E+08 2.52E+03
  5.50E+06 4.02E+04-4.65E+08 1.16E+09-8.99E+05-3.58E+05-5.34E+02 2.08E+09-2.28E+05-1.11E+09 5.98E+07-1.40E+08 2.35E+03
  5.60E+06 3.51E+04-5.09E+08 1.19E+09-9.79E+05-3.99E+05-1.25E+04 1.99E+09-3.01E+05-1.14E+09 5.45E+07-1.67E+08 2.20E+03
  5.70E+06 3.09E+04-5.59E+08 1.22E+09-1.11E+06-4.63E+05-2.97E+04 1.90E+09-4.02E+05-1.16E+09 5.05E+07-1.96E+08 2.07E+03
  5.80E+06 2.72E+04-6.03E+08 1.25E+09-1.27E+06-5.44E+05-5.28E+04 1.80E+09-5.36E+05-1.18E+09 4.74E+07-2.27E+08 1.94E+03
  5.90E+06 2.39E+04-6.42E+08 1.27E+09-1.48E+06-6.45E+05-8.26E+04 1.68E+09-7.17E+05-1.19E+09 4.51E+07-2.59E+08 1.82E+03
  6.00E+06 2.11E+04-6.84E+08 1.28E+09-1.75E+06-7.75E+05-1.21E+05 1.58E+09-9.72E+05-1.20E+09 4.33E+07-2.93E+08 1.74E+03
  6.10E+06 1.89E+04-7.24E+08 1.30E+09-2.07E+06-9.26E+05-1.74E+05 1.47E+09-1.33E+06-1.21E+09 4.19E+07-3.27E+08 1.71E+03
  6.20E+06 1.74E+04-7.70E+08 1.30E+09-2.39E+06-1.08E+06-2.52E+05 1.33E+09-1.82E+06-1.22E+09 4.09E+07-3.61E+08 1.79E+03
  6.30E+06 1.51E+04-1.83E+08 1.31E+09-2.90E+06-1.23E+06-3.94E+05 5.36E+08-1.49E+06-1.22E+09 4.01E+07-3.96E+08 1.90E+03
  6.40E+06 7.51E+03-1.03E+09 1.32E+09-3.40E+06-1.57E+06-3.69E+05 1.45E+09-3.67E+06-1.22E+09 3.96E+07-4.35E+08 1.58E+03
  6.50E+06-6.03E+03-1.03E+09 1.32E+09-4.01E+06-1.89E+06-4.72E+05 1.28E+09-5.19E+06-1.23E+09 3.91E+07-4.71E+08 1.37E+03
  6.60E+06-2.94E+04-6.75E+08 1.32E+09-5.01E+06-2.31E+06-6.96E+05 9.07E+08-6.26E+06-1.22E+09 3.88E+07-5.06E+08 1.28E+03
  6.70E+06-6.88E+04-7.23E+08 1.32E+09-6.30E+06-2.96E+06-9.54E+05 8.93E+08-9.42E+06-1.22E+09 3.84E+07-5.42E+08 1.20E+03
  6.80E+06-1.27E+05-4.92E+08 1.32E+09-8.24E+06-3.86E+06-1.31E+06 7.27E+08-1.28E+07-1.22E+09 3.79E+07-5.76E+08 1.09E+03
  6.90E+06-2.00E+05-4.65E+08 1.32E+09-1.04E+07-4.89E+06-1.70E+06 6.34E+08-1.89E+07-1.21E+09 3.73E+07-6.10E+08 1.00E+03
  7.00E+06-2.81E+05-3.43E+08 1.31E+09-1.32E+07-6.06E+06-2.09E+06 4.75E+08-2.63E+07-1.20E+09 3.64E+07-6.41E+08 9.21E+02
  7.10E+06-3.55E+05-6.22E+08 1.31E+09-1.50E+07-6.86E+06-2.31E+06 3.97E+08-4.09E+07-1.18E+09 3.51E+07-6.70E+08 8.53E+02
  7.20E+06-4.02E+05-7.11E+08 1.30E+09-1.62E+07-7.21E+06-2.40E+06 2.70E+08-5.66E+07-1.15E+09 3.35E+07-6.93E+08 7.78E+02
  7.30E+06-4.16E+05-9.07E+08 1.28E+09-1.57E+07-6.77E+06-2.25E+06 1.86E+08-7.76E+07-1.12E+09 3.14E+07-7.09E+08 7.05E+02
  7.40E+06-4.03E+05-1.02E+09 1.24E+09-1.48E+07-6.06E+06-1.95E+06 1.18E+08-1.02E+08-1.07E+09 2.89E+07-7.17E+08 6.23E+02
  7.50E+06-3.73E+05-1.27E+09 1.20E+09-1.25E+07-4.79E+06-1.50E+06 8.23E+07-1.38E+08-1.01E+09 2.62E+07-7.17E+08 5.34E+02
  7.60E+06-3.23E+05-1.32E+09 1.15E+09-1.15E+07-4.09E+06-1.10E+06 5.51E+07-1.79E+08-9.32E+08 2.33E+07-7.09E+08 4.36E+02
  7.70E+06-2.60E+05-1.41E+09 1.09E+09-1.12E+07-3.74E+06-6.57E+05 4.66E+07-2.46E+08-8.32E+08 2.03E+07-6.93E+08 3.43E+02
  7.80E+06-1.90E+05-1.39E+09 1.03E+09-1.54E+07-4.91E+06-1.62E+05 3.35E+07-3.64E+08-7.07E+08 1.74E+07-6.73E+08 2.63E+02
  7.90E+06-1.84E+05-4.22E+09 1.01E+09-2.63E+06 1.22E+05 1.00E+06-4.04E+05-6.66E+08-5.38E+08 1.47E+07-6.53E+08 2.06E+02
  8.00E+06-1.59E+05-1.68E+10 9.86E+08 2.58E+07 1.01E+07 1.89E+06-8.29E+07-1.09E+09-3.18E+08 1.23E+07-6.26E+08 1.43E+02
  8.10E+06 6.79E+04-4.87E+10 8.88E+08 1.94E+07 7.89E+06 1.41E+06-1.68E+08-1.26E+09-1.29E+08 1.01E+07-5.77E+08 8.35E+01
  8.20E+06 2.22E+05-9.60E+10 7.51E+08 7.05E+06 3.01E+06 7.82E+05-2.28E+08-1.16E+09-2.59E+07 8.17E+06-5.15E+08 4.59E+01
  8.30E+06 2.22E+05-1.56E+11 6.14E+08 2.92E+06 1.16E+06 4.04E+05-2.26E+08-9.81E+08 2.59E+07 6.55E+06-4.52E+08 2.48E+01
  8.40E+06 1.42E+05-2.21E+11 4.93E+08 1.32E+06 4.68E+05 2.05E+05-2.22E+08-7.79E+08 5.09E+07 5.21E+06-3.93E+08 1.34E+01
  8.50E+06 7.86E+04-2.86E+11 3.90E+08 6.98E+05 2.04E+05 1.03E+05-2.03E+08-5.92E+08 6.32E+07 4.10E+06-3.39E+08 7.16E+00
  8.60E+06 5.03E+04-3.47E+11 3.04E+08 4.39E+05 9.53E+04 5.12E+04-1.19E+08-4.30E+08 6.94E+07 3.20E+06-2.91E+08 3.82E+00
  8.70E+06 2.86E+04-3.96E+11 2.36E+08 2.67E+05 4.50E+04 2.54E+04-7.76E+07-2.97E+08 7.25E+07 2.49E+06-2.48E+08 2.04E+00
  8.80E+06 1.62E+04-4.32E+11 1.82E+08 1.69E+05 2.21E+04 1.26E+04-4.31E+07-1.90E+08 7.41E+07 1.93E+06-2.11E+08 1.09E+00
  8.90E+06 9.53E+03-4.55E+11 1.40E+08 1.10E+05 1.13E+04 6.21E+03-1.67E+07-1.06E+08 7.50E+07 1.49E+06-1.79E+08 5.81E-01
  9.00E+06 6.77E+03-4.66E+11 1.08E+08 7.48E+04 5.96E+03 3.06E+03 1.60E+07-3.97E+07 7.54E+07 1.15E+06-1.52E+08 3.10E-01
  9.10E+06 4.74E+03-4.67E+11 8.25E+07 4.98E+04 3.20E+03 1.50E+03 3.14E+07 1.12E+07 7.57E+07 8.83E+05-1.29E+08 1.66E-01
  9.20E+06 2.57E+03-4.58E+11 6.32E+07 3.12E+04 1.72E+03 7.39E+02 2.25E+07 5.02E+07 7.59E+07 6.80E+05-1.09E+08 8.91E-02
  9.30E+06 1.76E+03-4.43E+11 4.85E+07 2.07E+04 9.70E+02 3.63E+02 2.48E+07 8.03E+07 7.59E+07 5.24E+05-9.30E+07 4.80E-02
  9.40E+06 1.14E+03-4.22E+11 3.71E+07 1.35E+04 5.53E+02 1.78E+02 2.15E+07 1.03E+08 7.60E+07 4.03E+05-7.92E+07 2.60E-02
  9.50E+06 6.64E+02-3.97E+11 2.83E+07 8.74E+03 3.19E+02 8.75E+01 1.64E+07 1.21E+08 7.60E+07 3.10E+05-6.75E+07 1.41E-02
  9.60E+06 4.87E+02-3.67E+11 2.15E+07 5.83E+03 1.91E+02 4.31E+01 1.47E+07 1.35E+08 7.59E+07 2.38E+05-5.76E+07 7.63E-03
  9.70E+06 3.19E+02-3.35E+11 1.61E+07 3.83E+03 1.15E+02 2.10E+01 1.15E+07 1.46E+08 7.59E+07 1.82E+05-4.93E+07 4.06E-03
  9.80E+06 2.35E+02-3.00E+11 1.18E+07 2.54E+03 7.06E+01 9.85E+00 9.32E+06 1.55E+08 7.58E+07 1.37E+05-4.22E+07 2.04E-03
  9.90E+06 1.39E+02-2.64E+11 8.44E+06 1.64E+03 4.38E+01 3.81E+00 6.71E+06 1.62E+08 7.57E+07 1.02E+05-3.62E+07 8.21E-04
  1.00E+07 0.00E+00 0.00E+00 0.00E+00 0.00E+00 0.00E+00 0.00E+00 0.00E+00 0.00E+00 0.00E+00 0.00E+00 0.00E+00 0.00E+00
  1.00E+07 3.25E-02-2.27E+11 5.66E+06 5.74E+01 4.54E+00 1.67E-08-7.89E+01 1.68E+08 7.56E+07 7.35E+04-3.11E+07 1.78E-12

     Z        CH3O2    N2O      NO       NO2      HNO2     HNO3     HO2NO2   NO3      N2O5     CL2O2    CH3CL    HOCL    
  0.00E+00-1.36E+08 1.18E+09-1.48E+07-4.30E+07-2.27E+05-7.80E+08-1.42E+06-8.04E+04-4.45E+02 6.57E-03 2.37E+08-3.23E+06
  1.00E+05 1.02E+07 1.18E+09-2.15E+07-3.43E+07-1.51E+05-7.80E+08-4.08E+06-1.55E+04-8.76E+02-4.36E-03 1.87E+08-6.04E+05
  2.00E+05 1.24E+07 1.17E+09-2.54E+07-3.89E+07-1.79E+05-9.08E+08-9.74E+06-2.06E+04-1.88E+03-1.01E-02 1.44E+08-2.26E+05
  3.00E+05 1.52E+07 1.17E+09-3.31E+07-4.49E+07-2.09E+05-8.33E+08-2.32E+07-1.86E+04-4.30E+03-2.20E-02 1.08E+08 1.47E+05
  4.00E+05 1.43E+07 1.17E+09-4.08E+07-4.47E+07-2.37E+05-6.70E+08-5.38E+07-1.12E+04-9.33E+03-4.67E-02 7.94E+07 4.06E+05
  5.00E+05 1.13E+07 1.17E+09-4.21E+07-2.94E+07-2.03E+05-4.54E+08-1.10E+08 6.15E+01-1.74E+04-1.03E-01 5.64E+07 4.94E+05
  6.00E+05 8.18E+06 1.17E+09-2.85E+07 4.18E+06-3.19E+04-2.35E+08-1.66E+08 1.21E+04-2.53E+04-2.52E-01 3.87E+07 4.59E+05
  7.00E+05 5.77E+06 1.17E+09-1.72E+07 2.19E+07 8.69E+04-9.41E+07-1.63E+08 1.63E+04-3.62E+04-6.17E-01 2.63E+07 4.32E+05
  8.00E+05 4.03E+06 1.17E+09-2.61E+07 1.20E+07 3.53E+04-4.60E+07-9.17E+07 1.23E+04-7.34E+04-1.34E+00 1.80E+07 4.17E+05
  9.00E+05 2.46E+06 1.17E+09-3.97E+07-1.33E+05-4.23E+04-4.43E+07-8.83E+06 6.57E+03-1.46E+05-2.65E+00 1.27E+07 3.11E+05
  1.00E+06 1.06E+06 1.17E+09-2.89E+07-1.05E+06-1.84E+04-5.34E+07 2.89E+07 2.84E+03-1.46E+05-4.30E+00 9.04E+06 1.51E+05
  1.10E+06 3.84E+05 1.17E+09-2.52E+07-8.45E+06-1.83E+04-6.99E+07 2.00E+07 8.37E+02-2.53E+04-3.76E+00 6.63E+06 7.29E+04
  1.20E+06 6.68E+04 1.17E+09-1.03E+07-1.02E+07 1.72E+04-6.73E+07 4.70E+06 4.25E+01-2.32E+04-1.08E-01 5.14E+06 1.91E+04
  1.30E+06 1.75E+04 1.17E+09-5.56E+06-1.01E+07 6.25E+03-6.61E+07-7.55E+05-1.08E+03-4.82E+04-8.92E-01 4.25E+06 2.10E+03
  1.40E+06 3.13E+03 1.17E+09-3.21E+06-9.81E+06 1.08E+03-6.61E+07-2.56E+06-1.93E+03-9.53E+04-2.23E+00 3.72E+06-3.07E+03
  1.50E+06 1.38E+02 1.17E+09-2.24E+06-9.49E+06-1.22E+02-6.56E+07-3.11E+06-2.74E+03-1.73E+05-4.93E+00 3.33E+06-5.80E+03
  1.60E+06-5.47E+02 1.16E+09-1.82E+06-9.30E+06-4.00E+02-6.43E+07-3.30E+06-3.60E+03-2.82E+05-1.00E+01 3.03E+06-9.07E+03
  1.70E+06-8.38E+02 1.16E+09-1.63E+06-9.18E+06-5.24E+02-6.25E+07-3.39E+06-4.47E+03-4.08E+05-1.87E+01 2.77E+06-1.42E+04
  1.80E+06-1.03E+03 1.16E+09-1.58E+06-9.22E+06-6.38E+02-6.01E+07-3.44E+06-5.30E+03-5.30E+05-3.20E+01 2.55E+06-2.21E+04
  1.90E+06-1.21E+03 1.15E+09-1.68E+06-9.55E+06-8.06E+02-5.70E+07-3.49E+06-6.05E+03-6.34E+05-4.99E+01 2.35E+06-3.43E+04
  2.00E+06-1.39E+03 1.14E+09-1.96E+06-1.04E+07-1.08E+03-5.30E+07-3.56E+06-6.72E+03-7.13E+05-7.08E+01 2.18E+06-5.27E+04
  2.10E+06-2.29E+03 1.13E+09-2.07E+06-1.17E+07-1.29E+03-4.80E+07-3.99E+06-8.38E+03-8.42E+05-8.03E+01 2.02E+06-8.71E+04
  2.20E+06-2.64E+03 1.12E+09-2.64E+06-1.40E+07-1.79E+03-4.16E+07-4.18E+06-9.61E+03-9.43E+05-8.45E+01 1.87E+06-1.30E+05
  2.30E+06-2.94E+03 1.09E+09-3.46E+06-1.72E+07-2.53E+03-3.39E+07-4.23E+06-1.09E+04-1.03E+06-7.89E+01 1.73E+06-1.86E+05
  2.40E+06-3.19E+03 1.06E+09-4.52E+06-2.10E+07-3.55E+03-2.54E+07-4.02E+06-1.21E+04-1.06E+06-6.72E+01 1.59E+06-2.57E+05
  2.50E+06-3.45E+03 1.02E+09-5.77E+06-2.50E+07-4.90E+03-1.68E+07-3.43E+06-1.32E+04-9.94E+05-5.52E+01 1.46E+06-3.47E+05
  2.60E+06-3.76E+03 9.63E+08-7.17E+06-2.87E+07-6.65E+03-8.72E+06-2.42E+06-1.37E+04-7.75E+05-4.70E+01 1.32E+06-4.60E+05
  2.70E+06-4.13E+03 9.00E+08-8.77E+06-3.16E+07-8.89E+03-1.60E+06-1.06E+06-1.35E+04-4.03E+05-4.37E+01 1.19E+06-6.04E+05
  2.80E+06-4.47E+03 8.28E+08-1.06E+07-3.33E+07-1.17E+04 4.33E+06 4.65E+05-1.24E+04 5.74E+04-4.45E+01 1.07E+06-7.71E+05
  2.90E+06-4.70E+03 7.48E+08-1.24E+07-3.31E+07-1.48E+04 8.96E+06 1.84E+06-1.04E+04 4.75E+05-4.59E+01 9.41E+05-9.39E+05
  3.00E+06-4.85E+03 6.62E+08-1.45E+07-3.12E+07-1.85E+04 1.27E+07 2.92E+06-7.56E+03 7.74E+05-4.65E+01 8.21E+05-1.09E+06
  3.10E+06-4.93E+03 5.76E+08-1.70E+07-2.75E+07-2.29E+04 1.58E+07 3.57E+06-4.18E+03 9.08E+05-4.42E+01 7.08E+05-1.19E+06
  3.20E+06-4.71E+03 4.90E+08-1.97E+07-2.20E+07-2.78E+04 1.83E+07 3.71E+06-4.90E+02 8.71E+05-3.72E+01 6.02E+05-1.17E+06
  3.30E+06-6.31E+03 4.09E+08-2.17E+07-1.84E+07-2.76E+04 2.25E+07 3.31E+06-1.30E+03 6.70E+05 2.37E+01 5.06E+05-1.02E+06
  3.40E+06-6.29E+03 3.36E+08-2.45E+07-1.10E+07-2.96E+04 2.35E+07 2.80E+06 1.75E+03 5.20E+05 4.40E+01 4.18E+05-7.16E+05
  3.50E+06-6.07E+03 2.73E+08-2.72E+07-2.54E+06-3.16E+04 2.30E+07 2.17E+06 4.69E+03 3.73E+05 5.16E+01 3.40E+05-3.62E+05
  3.60E+06-6.18E+03 2.19E+08-2.98E+07 5.76E+06-3.34E+04 2.17E+07 1.56E+06 6.64E+03 2.48E+05 5.59E+01 2.72E+05-2.07E+04
  3.70E+06-6.52E+03 1.74E+08-3.21E+07 1.34E+07-3.47E+04 2.00E+07 1.04E+06 7.78E+03 1.53E+05 5.59E+01 2.14E+05 2.73E+05
  3.80E+06-6.96E+03 1.38E+08-3.37E+07 1.97E+07-3.47E+04 1.80E+07 6.56E+05 8.22E+03 8.81E+04 5.20E+01 1.66E+05 4.96E+05
  3.90E+06-7.38E+03 1.09E+08-3.40E+07 2.39E+07-3.08E+04 1.60E+07 3.89E+05 8.07E+03 4.73E+04 4.57E+01 1.26E+05 6.37E+05
  4.00E+06-7.51E+03 8.55E+07-3.17E+07 2.51E+07-1.93E+04 1.37E+07 2.16E+05 7.34E+03 2.33E+04 3.75E+01 9.35E+04 6.90E+05
  4.10E+06-7.34E+03 6.74E+07-2.64E+07 2.33E+07-1.87E+03 1.08E+07 1.14E+05 6.21E+03 1.05E+04 2.82E+01 6.82E+04 6.66E+05
  4.20E+06-7.02E+03 5.33E+07-1.96E+07 1.98E+07 1.50E+04 7.83E+06 5.98E+04 4.98E+03 4.41E+03 1.92E+01 4.90E+04 5.95E+05
  4.30E+06-6.93E+03 4.23E+07-1.30E+07 1.57E+07 2.69E+04 5.24E+06 3.16E+04 3.83E+03 1.76E+03 1.21E+01 3.49E+04 5.09E+05
  4.40E+06-6.73E+03 3.37E+07-7.21E+06 1.18E+07 3.16E+04 3.26E+06 1.68E+04 2.81E+03 6.69E+02 6.94E+00 2.49E+04 4.12E+05
  4.50E+06-6.46E+03 2.71E+07-2.79E+06 8.58E+06 3.08E+04 1.92E+06 8.95E+03 1.99E+03 2.47E+02 3.64E+00 1.77E+04 3.17E+05
  4.60E+06-6.45E+03 2.19E+07 2.68E+05 6.17E+06 2.72E+04 1.10E+06 4.87E+03 1.39E+03 9.10E+01 1.80E+00 1.27E+04 2.35E+05
  4.70E+06-6.30E+03 1.78E+07 2.38E+06 4.40E+06 2.23E+04 6.18E+05 2.66E+03 9.55E+02 3.34E+01 8.20E-01 9.15E+03 1.66E+05
  4.80E+06-2.74E+03 1.46E+07 3.80E+06 3.16E+06 1.57E+04 3.33E+05 1.40E+03 6.46E+02 1.21E+01 2.98E-01 6.65E+03 1.03E+05
  4.90E+06-9.10E+02 1.21E+07 4.71E+06 2.28E+06 1.18E+04 1.86E+05 7.88E+02 4.38E+02 4.59E+00 1.38E-01 4.87E+03 6.85E+04
  5.00E+06-9.93E+02 1.01E+07 5.29E+06 1.66E+06 9.56E+03 1.09E+05 4.70E+02 2.99E+02 1.82E+00 8.13E-02 3.61E+03 4.96E+04
  5.10E+06-1.08E+03 8.46E+06 5.66E+06 1.21E+06 7.65E+03 6.44E+04 2.84E+02 2.05E+02 7.33E-01 4.71E-02 2.70E+03 3.56E+04
  5.20E+06 1.86E+03 7.14E+06 5.87E+06 9.07E+05 5.47E+03 3.76E+04 1.66E+02 1.40E+02 2.95E-01 2.04E-02 2.04E+03 2.27E+04
  5.30E+06 3.74E+03 6.07E+06 5.98E+06 6.83E+05 4.13E+03 2.26E+04 1.03E+02 9.67E+01 1.24E-01 1.10E-02 1.55E+03 1.54E+04
  5.40E+06 3.52E+03 5.18E+06 5.99E+06 5.12E+05 3.43E+03 1.43E+04 6.68E+01 6.74E+01 5.46E-02 8.99E-03 1.19E+03 1.18E+04
  5.50E+06 3.39E+03 4.45E+06 5.93E+06 3.80E+05 2.80E+03 9.07E+03 4.32E+01 4.66E+01 2.41E-02 6.87E-03 9.27E+02 9.11E+03
  5.60E+06 3.31E+03 3.84E+06 5.81E+06 2.83E+05 2.28E+03 5.81E+03 2.80E+01 3.22E+01 1.07E-02 4.91E-03 7.27E+02 6.99E+03
  5.70E+06 3.30E+03 3.33E+06 5.65E+06 2.12E+05 1.84E+03 3.74E+03 1.82E+01 2.24E+01 4.81E-03 3.30E-03 5.75E+02 5.35E+03
  5.80E+06 3.31E+03 2.91E+06 5.45E+06 1.57E+05 1.47E+03 2.40E+03 1.17E+01 1.54E+01 2.17E-03 2.07E-03 4.59E+02 4.05E+03
  5.90E+06 3.35E+03 2.55E+06 5.22E+06 1.15E+05 1.16E+03 1.54E+03 7.58E+00 1.05E+01 9.85E-04 1.24E-03 3.69E+02 3.05E+03
  6.00E+06 3.42E+03 2.25E+06 4.97E+06 8.42E+04 9.22E+02 9.99E+02 4.93E+00 7.26E+00 4.56E-04 7.15E-04 2.99E+02 2.31E+03
  6.10E+06 3.53E+03 1.99E+06 4.70E+06 6.14E+04 7.31E+02 6.46E+02 3.23E+00 5.01E+00 2.15E-04 4.00E-04 2.44E+02 1.76E+03
  6.20E+06 3.91E+03 1.76E+06 4.41E+06 4.47E+04 5.76E+02 4.05E+02 2.05E+00 3.48E+00 1.02E-04 2.16E-04 2.01E+02 1.29E+03
  6.30E+06 9.45E+03 1.57E+06 4.13E+06 2.07E+04 8.38E+01 2.05E+02 7.15E-01 1.52E+00 3.58E-05 6.39E-05 1.66E+02 6.68E+01
  6.40E+06 2.06E+03 1.41E+06 3.58E+06 2.69E+04 5.50E+02 2.21E+02 1.30E+00 2.21E+00 3.71E-05 9.97E-05 1.40E+02 1.29E+03
  6.50E+06 1.85E+03 1.26E+06 3.13E+06 1.74E+04 4.18E+02 1.63E+02 9.16E-01 1.51E+00 2.02E-05 4.46E-05 1.18E+02 9.91E+02
  6.60E+06 3.60E+03 1.13E+06 2.76E+06 4.27E+03 2.06E+02 8.88E+01 4.08E-01 7.75E-01 8.67E-06 1.64E-05 1.00E+02 4.95E+02
  6.70E+06 2.91E+03 1.01E+06 2.38E+06-5.30E+02 1.86E+02 4.97E+01 2.40E-01 6.15E-01 4.92E-06 8.37E-06 8.54E+01 4.14E+02
  6.80E+06 3.06E+03 9.11E+05 2.04E+06-9.59E+03 1.06E+02 1.63E+01 4.03E-02 3.41E-01 2.49E-06 3.55E-06 7.27E+01 2.60E+02
  6.90E+06 2.56E+03 8.16E+05 1.71E+06-1.40E+04 8.62E+01-7.75E-01-3.95E-02 2.68E-01 1.56E-06 1.64E-06 6.19E+01 2.13E+02
  7.00E+06 2.41E+03 7.29E+05 1.42E+06-1.97E+04 4.44E+01-9.76E+00-1.05E-01 1.54E-01 9.48E-07 6.77E-07 5.25E+01 1.50E+02
  7.10E+06 1.66E+03 6.47E+05 1.16E+06-1.38E+04 7.32E+01 5.46E-01 6.00E-03 2.43E-01 9.70E-07 3.17E-07 4.43E+01 1.71E+02
  7.20E+06 1.40E+03 5.69E+05 9.57E+05-9.49E+03 6.00E+01 1.01E+01 7.09E-02 2.13E-01 7.63E-07 1.20E-07 3.72E+01 1.41E+02
  7.30E+06 1.05E+03 4.94E+05 8.01E+05-5.81E+02 6.29E+01 2.16E+01 1.55E-01 2.20E-01 5.97E-07 4.51E-08 3.10E+01 1.19E+02
  7.40E+06 8.66E+02 4.23E+05 6.98E+05 4.90E+03 5.20E+01 2.76E+01 1.83E-01 1.82E-01 3.97E-07 1.57E-08 2.57E+01 8.80E+01
  7.50E+06 6.45E+02 3.55E+05 6.31E+05 1.13E+04 5.25E+01 3.05E+01 1.98E-01 1.67E-01 2.56E-07 5.79E-09 2.12E+01 6.80E+01
  7.60E+06 5.19E+02 2.93E+05 6.00E+05 1.09E+04 3.85E+01 2.66E+01 1.57E-01 1.18E-01 1.37E-07 1.96E-09 1.74E+01 4.44E+01
  7.70E+06 3.70E+02 2.36E+05 5.88E+05 1.03E+04 3.16E+01 2.16E+01 1.18E-01 9.07E-02 7.00E-08 7.15E-10 1.42E+01 2.96E+01
  7.80E+06 2.88E+02 1.86E+05 5.93E+05 7.27E+03 1.68E+01 1.61E+01 7.79E-02 5.50E-02 3.17E-08 2.36E-10 1.16E+01 1.76E+01
  7.90E+06 2.33E+02 1.42E+05 6.02E+05 1.40E+04 2.68E+01 1.40E+01 7.40E-02 5.40E-02 1.61E-08 9.15E-11 9.30E+00 1.69E+01
  8.00E+06 1.66E+02 1.00E+05 6.25E+05 1.32E+04 3.40E+01 9.65E+00 4.72E-02 4.62E-02 6.21E-09 2.86E-11 7.47E+00 1.26E+01
  8.10E+06 6.68E+01 6.36E+04 6.39E+05 3.83E+03 1.73E+01 4.62E+00 1.55E-02 1.93E-02 1.60E-09 7.25E-12 6.16E+00 3.90E+00
  8.20E+06 2.72E+01 3.64E+04 6.08E+05 6.10E+02 5.12E+00 2.02E+00 4.17E-03 3.65E-03 3.65E-10 1.82E-12 5.18E+00 5.49E-01
  8.30E+06 1.34E+01 1.94E+04 5.44E+05 1.09E+02 1.68E+00 8.73E-01 1.09E-03 6.64E-04 8.20E-11 7.92E-13 4.37E+00 6.53E-02
  8.40E+06 7.46E+00 9.91E+03 4.67E+05 2.38E+01 5.80E-01 3.77E-01 2.86E-04 1.38E-04 1.84E-11 3.41E-13 3.68E+00 9.51E-03
  8.50E+06 4.45E+00 4.96E+03 3.90E+05 7.21E+00 2.26E-01 1.62E-01 7.50E-05 4.05E-05 4.13E-12 1.67E-13 3.08E+00 1.92E-03
  8.60E+06 2.75E+00 2.45E+03 3.18E+05 3.14E+00 1.02E-01 6.93E-02 1.96E-05 1.74E-05 9.24E-13 1.01E-13 2.57E+00 4.95E-04
  8.70E+06 1.70E+00 1.22E+03 2.56E+05 1.65E+00 4.23E-02 2.96E-02 5.15E-06 8.18E-06 2.07E-13 4.48E-14 2.13E+00 1.26E-04
  8.80E+06 1.05E+00 6.17E+02 2.03E+05 9.76E-01 1.77E-02 1.27E-02 1.36E-06 4.21E-06 4.64E-14 1.92E-14 1.76E+00 3.48E-05
  8.90E+06 6.50E-01 3.18E+02 1.59E+05 6.12E-01 7.52E-03 5.42E-03 3.58E-07 2.25E-06 1.04E-14 8.03E-15 1.44E+00 1.04E-05
  9.00E+06 3.98E-01 1.67E+02 1.23E+05 4.03E-01 3.29E-03 2.31E-03 9.46E-08 1.27E-06 2.35E-15 3.46E-15 1.17E+00 3.38E-06
  9.10E+06 2.42E-01 9.01E+01 9.40E+04 2.63E-01 1.39E-03 9.87E-04 2.51E-08 6.97E-07 5.30E-16 1.34E-15 9.43E-01 1.09E-06
  9.20E+06 1.47E-01 5.00E+01 7.13E+04 1.63E-01 5.43E-04 4.23E-04 6.71E-09 3.53E-07 1.20E-16 4.44E-16 7.52E-01 3.38E-07
  9.30E+06 8.94E-02 2.84E+01 5.33E+04 1.07E-01 2.27E-04 1.82E-04 1.80E-09 1.95E-07 2.75E-17 1.61E-16 5.91E-01 1.17E-07
  9.40E+06 5.41E-02 1.64E+01 3.91E+04 6.93E-02 9.33E-05 7.87E-05 4.89E-10 1.05E-07 6.34E-18 5.57E-17 4.55E-01 4.08E-08
  9.50E+06 3.25E-02 9.60E+00 2.81E+04 4.44E-02 3.81E-05 3.42E-05 1.34E-10 5.58E-08 1.47E-18 1.86E-17 3.42E-01 1.44E-08
  9.60E+06 1.91E-02 5.59E+00 1.94E+04 2.96E-02 1.63E-05 1.49E-05 3.71E-11 3.16E-08 3.46E-19 6.49E-18 2.47E-01 5.44E-09
  9.70E+06 1.07E-02 3.16E+00 1.26E+04 1.94E-02 6.89E-06 6.47E-06 1.04E-11 1.75E-08 8.20E-20 2.15E-18 1.67E-01 2.03E-09
  9.80E+06 5.47E-03 1.64E+00 7.26E+03 1.30E-02 2.96E-06 2.73E-06 2.92E-12 1.00E-08 1.96E-20 7.04E-19 1.01E-01 7.87E-10
  9.90E+06 2.14E-03 6.60E-01 3.17E+03 8.61E-03 1.21E-06 9.76E-07 7.64E-13 5.60E-09 4.42E-21 2.14E-19 4.56E-02 2.98E-10
  1.00E+07 0.00E+00 0.00E+00 0.00E+00 0.00E+00 0.00E+00 0.00E+00 0.00E+00 0.00E+00 0.00E+00 0.00E+00 0.00E+00 0.00E+00
  1.00E+07 1.58E-10-2.19E-07 1.78E-04 1.81E-04 7.61E-12 7.87E-18 1.33E-20 3.84E-11 3.31E-29 3.94E-24-5.48E-11 7.01E-14

     Z        CL       CLO      HCL      CLONO2   O2       H2S      HS       SO       SO2      H2SO4    HSO      CO2     
  0.00E+00 5.82E+06-2.15E+05-6.62E+07-7.55E+06-1.16E+14-1.16E+06-9.47E+01 5.17E-01-7.59E+08-5.08E+07-1.92E+06-1.16E+14
  1.00E+05-7.80E+01-7.61E+04-5.42E+07-3.99E+06-1.04E+14-2.55E+06-1.42E+01-5.65E-01-5.56E+08-4.69E+07-4.46E+05-1.05E+14
  2.00E+05-7.71E+01-7.75E+04-5.40E+07-3.13E+06-9.25E+13-3.70E+06-1.50E+01-7.57E-01-4.69E+08-4.73E+07-3.61E+05-9.29E+13
  3.00E+05-7.63E+01-6.47E+04-4.30E+07-2.66E+06-8.09E+13-5.12E+06-1.47E+01-1.04E+00-4.13E+08-4.17E+07-4.11E+05-8.13E+13
  4.00E+05-7.76E+01-5.05E+04-3.20E+07-1.88E+06-6.94E+13-6.61E+06-1.69E+01-1.50E+00-3.77E+08-3.49E+07-4.75E+05-6.97E+13
  5.00E+05-7.52E+01-4.42E+04-2.32E+07-6.10E+05-5.78E+13-8.42E+06-1.90E+01-2.15E+00-3.50E+08-2.55E+07-5.54E+05-5.81E+13
  6.00E+05-5.83E+01-5.06E+04-1.69E+07 8.85E+05-4.63E+13-1.05E+07-1.54E+01-2.72E+00-3.20E+08-1.11E+07-6.37E+05-4.64E+13
  7.00E+05-4.03E+01-4.79E+04-1.30E+07 1.71E+06-3.47E+13-1.11E+07-7.82E+00-3.04E+00-2.62E+08 2.25E+06-6.31E+05-3.48E+13
  8.00E+05-4.43E+01-2.24E+04-1.06E+07 1.59E+06-2.31E+13-7.87E+06-2.31E+00-3.35E+00-1.55E+08 8.73E+06-4.19E+05-2.32E+13
  9.00E+05-5.95E+01-3.11E+03-9.06E+06 1.06E+06-1.15E+13 2.76E+05 5.32E+00-2.96E+00 1.52E+06 1.11E+07 3.36E+04-1.16E+13
  1.00E+06-4.04E+01-6.59E+03-7.78E+06 4.91E+05 7.92E+10 1.44E+07 2.61E+01 1.36E+00 2.00E+08 1.32E+07 6.26E+05-1.27E+10
  1.10E+06-1.75E+01 1.55E+03-6.71E+06 9.27E+03 7.16E+10 4.72E+06 8.41E+00 1.09E+00 9.88E+07 7.44E+06 2.65E+05-9.05E+09
  1.20E+06 2.45E+00-5.50E+03-4.98E+06-1.64E+05 6.65E+10 1.17E+06 1.85E+00 5.57E-01 4.07E+07 3.17E+06 7.10E+04-6.54E+09
  1.30E+06-2.08E+00-1.04E+04-3.92E+06-3.23E+05 6.39E+10 2.62E+05 2.50E-01 9.86E-02 1.65E+07 8.03E+05 1.76E+04-5.18E+09
  1.40E+06-5.68E+00-1.66E+04-3.16E+06-5.39E+05 6.28E+10 5.89E+04 2.92E-02 1.69E-02 7.04E+06 1.86E+05 4.19E+03-4.44E+09
  1.50E+06-7.07E+00-2.36E+04-2.48E+06-8.22E+05 6.27E+10 1.29E+04 3.87E-03 3.24E-03 3.08E+06 5.60E+04 8.69E+02-3.97E+09
  1.60E+06-7.83E+00-3.18E+04-1.84E+06-1.15E+06 6.34E+10 2.68E+03 5.71E-04 4.09E-04 1.35E+06 2.08E+04 1.55E+02-3.65E+09
  1.70E+06-8.78E+00-4.24E+04-1.24E+06-1.47E+06 6.49E+10 5.36E+02 9.03E-05-2.20E-04 5.98E+05 8.55E+03 2.46E+01-3.42E+09
  1.80E+06-1.00E+01-5.56E+04-7.16E+05-1.75E+06 6.73E+10 1.03E+02 1.52E-05-3.22E-04 2.67E+05 3.72E+03 3.69E+00-3.24E+09
  1.90E+06-1.18E+01-7.17E+04-2.89E+05-1.96E+06 7.06E+10 1.94E+01 2.68E-06-2.98E-04 1.21E+05 1.70E+03 5.39E-01-3.11E+09
  2.00E+06-1.46E+01-9.07E+04 3.59E+04-2.07E+06 7.44E+10 3.58E+00 4.98E-07-2.53E-04 5.64E+04 8.10E+02 7.91E-02-2.99E+09
  2.10E+06-1.78E+01-1.19E+05 2.65E+05-2.08E+06 7.85E+10 6.41E-01 9.55E-08-1.16E-04 2.67E+04 3.94E+02 1.16E-02-2.90E+09
  2.20E+06-2.24E+01-1.42E+05 4.00E+05-2.00E+06 8.25E+10 1.09E-01 1.86E-08-3.47E-05 1.28E+04 1.84E+02 1.69E-03-2.81E+09
  2.30E+06-2.90E+01-1.63E+05 4.55E+05-1.84E+06 8.58E+10 1.73E-02 3.57E-09 3.46E-05 6.21E+03 5.38E+01 2.37E-04-2.72E+09
  2.40E+06-3.82E+01-1.83E+05 4.49E+05-1.60E+06 8.78E+10 2.54E-03 6.55E-10 9.22E-05 3.03E+03-7.04E+01 3.16E-05-2.64E+09
  2.50E+06-5.14E+01-2.06E+05 4.02E+05-1.31E+06 8.76E+10 3.34E-04 1.12E-10 1.36E-04 1.48E+03-2.60E+02 3.90E-06-2.55E+09
  2.60E+06-7.01E+01-2.33E+05 3.28E+05-9.58E+05 8.48E+10 3.89E-05 1.75E-11 1.60E-04 7.17E+02-5.57E+02 4.35E-07-2.47E+09
  2.70E+06-9.78E+01-2.71E+05 2.40E+05-5.59E+05 7.92E+10 3.94E-06 2.43E-12 1.55E-04 3.43E+02-3.43E+02 4.32E-08-2.37E+09
  2.80E+06-1.39E+02-3.18E+05 1.49E+05-1.24E+05 7.07E+10 3.45E-07 2.94E-13 1.21E-04 1.60E+02-1.60E+02 3.80E-09-2.28E+09
  2.90E+06-1.97E+02-3.72E+05 6.02E+04 3.10E+05 5.96E+10 2.57E-08 2.67E-14 6.22E-05 7.22E+01-7.22E+01 3.10E-10-2.17E+09
  3.00E+06-2.84E+02-4.34E+05-2.18E+04 7.25E+05 4.66E+10 1.63E-09-6.32E-15-2.83E-05 3.03E+01-3.03E+01 2.65E-11-2.06E+09
  3.10E+06-4.17E+02-5.03E+05-9.79E+04 1.08E+06 3.20E+10 8.84E-11-1.90E-14-1.53E-04 1.07E+01-1.07E+01-1.10E-11-1.95E+09
  3.20E+06-6.16E+02-5.67E+05-1.75E+05 1.31E+06 1.56E+10 3.51E-12-3.81E-14-3.14E-04 1.57E+00-1.57E+00-3.00E-11-1.83E+09
  3.30E+06-9.10E+02-6.59E+05-2.76E+05 1.45E+06-4.21E+09-9.23E-13-7.47E-14-4.48E-04-2.92E+00 2.92E+00-4.39E-11-1.70E+09
  3.40E+06-1.36E+03-7.13E+05-3.47E+05 1.36E+06-1.86E+10-1.49E-12-1.32E-13-6.19E-04-4.97E+00 4.97E+00-4.78E-11-1.57E+09
  3.50E+06-2.01E+03-7.42E+05-3.88E+05 1.15E+06-2.73E+10-1.82E-12-2.19E-13-8.09E-04-5.91E+00 5.91E+00-4.31E-11-1.44E+09
  3.60E+06-2.98E+03-7.49E+05-4.15E+05 9.15E+05-3.26E+10-2.08E-12-3.47E-13-1.01E-03-6.41E+00 6.42E+00-3.26E-11-1.31E+09
  3.70E+06-4.42E+03-7.18E+05-4.43E+05 6.77E+05-3.62E+10-2.32E-12-5.35E-13-1.23E-03-6.85E+00 6.85E+00-1.98E-11-1.17E+09
  3.80E+06-6.54E+03-6.38E+05-4.84E+05 4.67E+05-3.82E+10-2.65E-12-8.20E-13-1.47E-03-7.53E+00 7.53E+00-8.61E-12-1.04E+09
  3.90E+06-9.57E+03-5.03E+05-5.52E+05 3.01E+05-3.83E+10-3.30E-12-1.28E-12-1.80E-03-8.74E+00 8.75E+00-2.25E-12-9.17E+08
  4.00E+06-1.34E+04-3.04E+05-6.46E+05 1.79E+05-3.58E+10-4.53E-12-2.02E-12-2.24E-03-1.07E+01 1.07E+01-2.23E-12-7.92E+08
  4.10E+06-1.74E+04-6.56E+04-7.48E+05 9.70E+04-3.14E+10-6.57E-12-3.18E-12-2.83E-03-1.32E+01 1.32E+01-6.57E-12-6.73E+08
  4.20E+06-2.12E+04 1.68E+05-8.40E+05 4.87E+04-2.65E+10-9.49E-12-4.94E-12-3.60E-03-1.61E+01 1.61E+01-1.15E-11-5.63E+08
  4.30E+06-2.42E+04 3.64E+05-9.07E+05 2.31E+04-2.24E+10-1.32E-11-7.37E-12-4.47E-03-1.90E+01 1.90E+01-1.42E-11-4.64E+08
  4.40E+06-2.57E+04 4.96E+05-9.18E+05 1.03E+04-1.88E+10-1.70E-11-1.03E-11-5.39E-03-2.14E+01 2.14E+01-1.41E-11-3.79E+08
  4.50E+06-2.54E+04 5.57E+05-8.70E+05 4.42E+03-1.58E+10-2.01E-11-1.35E-11-6.28E-03-2.31E+01 2.31E+01-1.16E-11-3.05E+08
  4.60E+06-2.39E+04 5.60E+05-7.86E+05 1.86E+03-1.34E+10-2.18E-11-1.64E-11-7.07E-03-2.40E+01 2.40E+01-7.08E-12-2.44E+08
  4.70E+06-2.16E+04 5.11E+05-6.66E+05 7.68E+02-1.12E+10-2.16E-11-1.86E-11-7.85E-03-2.41E+01 2.41E+01-2.72E-12-1.92E+08
  4.80E+06-1.88E+04 4.08E+05-4.99E+05 3.01E+02-8.36E+09-2.04E-11-1.97E-11-1.08E-02-2.35E+01 2.35E+01-6.37E-12-1.48E+08
  4.90E+06-1.70E+04 3.29E+05-3.85E+05 1.27E+02-6.76E+09-1.85E-11-2.03E-11-1.39E-02-2.25E+01 2.25E+01-1.08E-11-1.09E+08
  5.00E+06-1.53E+04 2.78E+05-3.16E+05 5.79E+01-6.07E+09-1.56E-11-2.04E-11-1.62E-02-2.14E+01 2.14E+01-1.43E-11-7.49E+07
  5.10E+06-1.39E+04 2.32E+05-2.56E+05 2.65E+01-5.48E+09-1.25E-11-2.00E-11-1.87E-02-2.01E+01 2.01E+01-2.00E-11-4.29E+07
  5.20E+06-1.32E+04 1.76E+05-1.87E+05 1.17E+01-4.41E+09-1.17E-11-2.01E-11-2.69E-02-1.86E+01 1.86E+01-4.00E-11-1.25E+07
  5.30E+06-1.33E+04 1.38E+05-1.41E+05 5.54E+00-3.77E+09-1.13E-11-2.06E-11-3.80E-02-1.72E+01 1.72E+01-6.68E-11 1.77E+07
  5.40E+06-1.30E+04 1.17E+05-1.17E+05 2.88E+00-3.63E+09-9.97E-12-2.09E-11-4.82E-02-1.58E+01 1.58E+01-9.32E-11 4.85E+07
  5.50E+06-1.22E+04 9.86E+04-9.65E+04 1.50E+00-3.49E+09-9.20E-12-2.15E-11-6.06E-02-1.44E+01 1.45E+01-1.28E-10 8.00E+07
  5.60E+06-1.15E+04 8.30E+04-7.91E+04 7.79E-01-3.35E+09-9.19E-12-2.27E-11-7.65E-02-1.31E+01 1.32E+01-1.75E-10 1.12E+08
  5.70E+06-1.11E+04 6.96E+04-6.44E+04 4.09E-01-3.23E+09-1.01E-11-2.49E-11-9.69E-02-1.18E+01 1.19E+01-2.40E-10 1.46E+08
  5.80E+06-1.06E+04 5.76E+04-5.16E+04 2.13E-01-3.08E+09-1.21E-11-2.80E-11-1.22E-01-1.07E+01 1.08E+01-3.29E-10 1.80E+08
  5.90E+06-9.90E+03 4.72E+04-4.08E+04 1.11E-01-2.93E+09-1.52E-11-3.24E-11-1.52E-01-9.53E+00 9.68E+00-4.50E-10 2.14E+08
  6.00E+06-9.30E+03 3.87E+04-3.21E+04 5.88E-02-2.77E+09-1.96E-11-3.84E-11-1.91E-01-8.47E+00 8.67E+00-6.23E-10 2.49E+08
  6.10E+06-8.61E+03 3.17E+04-2.50E+04 3.13E-02-2.60E+09-2.55E-11-4.62E-11-2.40E-01-7.49E+00 7.73E+00-8.68E-10 2.85E+08
  6.20E+06-7.92E+03 2.56E+04-1.91E+04 1.66E-02-2.40E+09-3.48E-11-5.48E-11-3.01E-01-6.57E+00 6.87E+00-1.21E-09 3.20E+08
  6.30E+06-1.00E+03 1.41E+04-1.33E+04 4.83E-03-1.52E+09-5.85E-11-9.04E-11-9.19E-01-5.17E+00 6.09E+00-3.54E-09 3.56E+08
  6.40E+06-7.13E+03 2.10E+04-1.53E+04 7.96E-03-2.49E+09-5.32E-11-8.21E-11-4.06E-01-4.99E+00 5.39E+00-2.39E-09 3.95E+08
  6.50E+06-4.35E+03 1.60E+04-1.28E+04 4.33E-03-2.26E+09-7.27E-11-1.05E-10-4.16E-01-4.34E+00 4.76E+00-2.98E-09 4.32E+08
  6.60E+06-1.03E+02 1.05E+04-1.10E+04 1.81E-03-1.89E+09-1.18E-10-1.57E-10-8.41E-01-3.34E+00 4.18E+00-5.84E-09 4.68E+08
  6.70E+06 7.39E+02 8.62E+03-9.85E+03 1.08E-03-1.86E+09-1.79E-10-2.15E-10-7.91E-01-2.87E+00 3.66E+00-7.39E-09 5.04E+08
  6.80E+06 3.05E+03 6.20E+03-9.59E+03 5.69E-04-1.74E+09-2.84E-10-3.28E-10-1.05E+00-2.15E+00 3.19E+00-1.18E-08 5.39E+08
  6.90E+06 3.83E+03 4.75E+03-8.85E+03 3.55E-04-1.63E+09-4.31E-10-4.77E-10-1.04E+00-1.74E+00 2.78E+00-1.60E-08 5.73E+08
  7.00E+06 4.67E+03 3.33E+03-8.20E+03 2.08E-04-1.47E+09-6.32E-10-7.15E-10-1.26E+00-1.16E+00 2.42E+00-2.38E-08 6.05E+08
  7.10E+06 3.24E+03 2.56E+03-6.01E+03 1.56E-04-1.22E+09-8.31E-10-9.38E-10-9.47E-01-1.15E+00 2.10E+00-2.71E-08 6.35E+08
  7.20E+06 2.57E+03 1.69E+03-4.44E+03 9.51E-05-9.90E+08-1.03E-09-1.20E-09-9.43E-01-8.70E-01 1.81E+00-3.26E-08 6.60E+08
  7.30E+06 1.43E+03 1.11E+03-2.68E+03 5.65E-05-7.68E+08-1.16E-09-1.39E-09-7.75E-01-7.88E-01 1.56E+00-3.35E-08 6.78E+08
  7.40E+06 7.59E+02 6.86E+02-1.56E+03 2.99E-05-6.03E+08-1.25E-09-1.61E-09-7.54E-01-5.90E-01 1.34E+00-3.53E-08 6.88E+08
  7.50E+06-1.48E+02 4.46E+02-3.87E+02 1.57E-05-4.08E+08-1.27E-09-1.74E-09-6.86E-01-4.65E-01 1.15E+00-3.34E-08 6.91E+08
  7.60E+06-5.67E+02 2.73E+02 2.32E+02 7.24E-06-3.16E+08-1.35E-09-2.09E-09-6.74E-01-3.08E-01 9.83E-01-3.41E-08 6.86E+08
  7.70E+06-1.39E+03 1.76E+02 1.17E+03 3.30E-06-2.24E+08-1.43E-09-2.62E-09-5.43E-01-2.92E-01 8.35E-01-3.25E-08 6.73E+08
  7.80E+06-2.05E+03 1.06E+02 1.92E+03 1.38E-06-1.74E+08-1.38E-09-4.02E-09-3.79E-01-3.28E-01 7.07E-01-3.66E-08 6.56E+08
  7.90E+06-3.35E+03 7.89E+01 3.25E+03 6.66E-07 1.30E+09 1.97E-10-2.56E-09-1.03E+00 4.34E-01 5.97E-01-3.42E-08 6.39E+08
  8.00E+06-6.18E+03 5.07E+01 6.11E+03 2.50E-07 7.73E+09 2.19E-09 3.63E-09-3.40E+00 2.90E+00 5.01E-01-8.98E-09 6.14E+08
  8.10E+06-1.18E+04 2.13E+01 1.18E+04 5.65E-08 2.39E+10 1.45E-09 3.75E-09-5.35E+00 4.94E+00 4.17E-01 2.97E-08 5.67E+08
  8.20E+06-1.54E+04 7.51E+00 1.54E+04 8.14E-09 4.77E+10 5.20E-10 1.33E-09-5.33E+00 4.98E+00 3.45E-01 2.94E-08 5.07E+08
  8.30E+06-1.67E+04 4.60E+00 1.67E+04 8.18E-10 7.79E+10 1.58E-10 4.39E-10-4.38E+00 4.10E+00 2.83E-01 2.09E-08 4.46E+08
  8.40E+06-1.62E+04 2.81E+00 1.62E+04 6.14E-11 1.10E+11 4.45E-11 1.43E-10-3.45E+00 3.21E+00 2.31E-01 1.21E-08 3.88E+08
  8.50E+06-1.47E+04 2.09E+00 1.47E+04 4.76E-12 1.43E+11 1.20E-11 4.98E-11-2.59E+00 2.41E+00 1.88E-01 6.91E-09 3.35E+08
  8.60E+06-1.30E+04 2.18E+00 1.30E+04 7.20E-13 1.73E+11 3.14E-12 1.87E-11-1.78E+00 1.63E+00 1.51E-01 4.02E-09 2.88E+08
  8.70E+06-1.11E+04 1.64E+00 1.11E+04 1.68E-13 1.98E+11 8.00E-13 7.00E-12-1.26E+00 1.14E+00 1.21E-01 2.18E-09 2.46E+08
  8.80E+06-9.35E+03 1.23E+00 9.35E+03 4.76E-14 2.16E+11 1.99E-13 2.74E-12-9.07E-01 8.11E-01 9.64E-02 1.18E-09 2.09E+08
  8.90E+06-7.77E+03 9.10E-01 7.77E+03 1.46E-14 2.27E+11 4.84E-14 1.13E-12-6.54E-01 5.78E-01 7.61E-02 6.52E-10 1.78E+08
  9.00E+06-6.39E+03 7.21E-01 6.39E+03 4.94E-15 2.33E+11 1.16E-14 4.85E-13-4.50E-01 3.91E-01 5.95E-02 3.70E-10 1.51E+08
  9.10E+06-5.20E+03 5.30E-01 5.20E+03 1.57E-15 2.33E+11 2.73E-15 2.14E-13-3.13E-01 2.67E-01 4.60E-02 2.09E-10 1.28E+08
  9.20E+06-4.18E+03 3.38E-01 4.18E+03 4.45E-16 2.29E+11 6.22E-16 9.58E-14-2.41E-01 2.06E-01 3.53E-02 1.16E-10 1.09E+08
  9.30E+06-3.31E+03 2.39E-01 3.31E+03 1.47E-16 2.22E+11 1.40E-16 4.51E-14-1.80E-01 1.53E-01 2.66E-02 6.69E-11 9.26E+07
  9.40E+06-2.58E+03 1.61E-01 2.58E+03 4.68E-17 2.11E+11 3.10E-17 2.17E-14-1.36E-01 1.16E-01 1.96E-02 3.88E-11 7.88E+07
  9.50E+06-1.95E+03 1.06E-01 1.95E+03 1.49E-17 1.98E+11 6.81E-18 1.07E-14-1.04E-01 9.03E-02 1.41E-02 2.27E-11 6.72E+07
  9.60E+06-1.43E+03 7.29E-02 1.42E+03 5.23E-18 1.83E+11 1.51E-18 5.48E-15-7.50E-02 6.53E-02 9.75E-03 1.37E-11 5.74E+07
  9.70E+06-9.78E+02 4.82E-02 9.78E+02 1.77E-18 1.67E+11 3.40E-19 2.86E-15-5.21E-02 4.58E-02 6.32E-03 8.32E-12 4.91E+07
  9.80E+06-5.99E+02 3.23E-02 5.99E+02 6.20E-19 1.50E+11 7.80E-20 1.53E-15-3.25E-02 2.89E-02 3.64E-03 5.13E-12 4.21E+07
  9.90E+06-2.76E+02 2.06E-02 2.76E+02 2.08E-19 1.32E+11 1.74E-20 8.36E-16-1.63E-02 1.48E-02 1.58E-03 3.18E-12 3.62E+07
  1.00E+07 0.00E+00 0.00E+00 0.00E+00 0.00E+00 0.00E+00 0.00E+00 0.00E+00 0.00E+00 0.00E+00 0.00E+00 0.00E+00 0.00E+00
  1.00E+07 3.45E-03 2.87E-03 8.80E-06 1.25E-23 1.14E+11 1.49E-25 1.09E-15 4.18E-07 5.03E-06-4.20E-02 3.11E-12 3.11E+07

     Z        SO4AER  
  0.00E+00-1.90E+07
  1.00E+05-3.94E+08
  2.00E+05-7.51E+08
  3.00E+05-8.50E+08
  4.00E+05-8.39E+08
  5.00E+05-7.62E+08
  6.00E+05-6.45E+08
  7.00E+05-5.15E+08
  8.00E+05-3.91E+08
  9.00E+05-2.81E+08
  1.00E+06-1.84E+08
  1.10E+06-1.11E+08
  1.20E+06-4.52E+07
  1.30E+06-1.76E+07
  1.40E+06-7.29E+06
  1.50E+06-3.15E+06
  1.60E+06-1.38E+06
  1.70E+06-6.07E+05
  1.80E+06-2.71E+05
  1.90E+06-1.23E+05
  2.00E+06-5.72E+04
  2.10E+06-2.71E+04
  2.20E+06-1.30E+04
  2.30E+06-6.26E+03
  2.40E+06-2.96E+03
  2.50E+06-1.22E+03
  2.60E+06-1.60E+02
  2.70E+06-3.03E-09
  2.80E+06-5.12E-09
  2.90E+06-3.61E-09
  3.00E+06-3.73E-09
  3.10E+06-2.21E-09
  3.20E+06-3.14E-09
  3.30E+06-1.40E-09
  3.40E+06-5.24E-10
  3.50E+06-2.91E-10
  3.60E+06 3.49E-10
  3.70E+06-5.82E-11
  3.80E+06 2.91E-11
  3.90E+06 2.33E-10
  4.00E+06 1.16E-10
  4.10E+06 1.02E-10
  4.20E+06 0.00E+00
  4.30E+06-1.46E-11
  4.40E+06 0.00E+00
  4.50E+06-8.00E-11
  4.60E+06-8.00E-11
  4.70E+06-7.28E-12
  4.80E+06 2.91E-11
  4.90E+06 1.46E-11
  5.00E+06 1.66E+02
  5.10E+06 3.05E+01
  5.20E+06-6.25E+00
  5.30E+06 2.10E+01
  5.40E+06 5.24E+01
  5.50E+06 5.18E+01
  5.60E+06 1.44E+01
  5.70E+06 1.24E+01
  5.80E+06 2.73E+01
  5.90E+06 1.52E+01
  6.00E+06 8.31E+00
  6.10E+06 8.30E+00
  6.20E+06 5.60E+00
  6.30E+06 3.58E+00
  6.40E+06 6.07E+00
  6.50E+06 3.84E+00
  6.60E+06 2.35E+00
  6.70E+06 1.60E+00
  6.80E+06 9.44E-01
  6.90E+06 6.06E-01
  7.00E+06 3.38E-01
  7.10E+06 2.01E-01
  7.20E+06 4.57E-01
  7.30E+06 2.28E-01
  7.40E+06 7.58E-02
  7.50E+06 1.30E-02
  7.60E+06-4.63E-03
  7.70E+06-5.34E-03
  7.80E+06-2.59E-03
  7.90E+06-8.37E-04
  8.00E+06-1.82E-04
  8.10E+06-2.68E-05
  8.20E+06-2.48E-06
  8.30E+06-1.38E-07
  8.40E+06-4.06E-09
  8.50E+06-5.77E-11
  8.60E+06-3.44E-13
  8.70E+06-7.10E-16
  8.80E+06-4.20E-19
  8.90E+06-5.61E-23
  9.00E+06-1.27E-27
  9.10E+06-3.44E-33
  9.20E+06-7.28E-40
  9.30E+06-7.75E-48
  9.40E+06-2.33E-57
  9.50E+06-1.03E-68
  9.60E+06-3.07E-82
  9.70E+06-7.98E-85
  9.80E+06-7.91E-85
  9.90E+06-7.83E-85
  1.00E+07 0.00E+00
  1.00E+07-7.83E-85

 RAINOUT RATE, PHIDEP, TLOSS AND LOWER B.C.

 FOLLOWED BY TP, TL, FUP, FLOW, CON


     Z        H2CO     O        H2O      OH       HO2      H2O2     O3       H        H2       CH4      CO       CH3OOH  
           1.80E+09 0.00E+00 0.00E+00 1.14E+06 7.29E+07 1.32E+10 0.00E+00 0.00E+00 0.00E+00 0.00E+00 8.32E+04 9.12E+09
           6.22E+08 9.16E+02 0.00E+00 1.36E+06 2.35E+08 4.01E+09 3.78E+10 1.31E-01 3.78E+09 0.00E+00 0.00E+00 3.09E+09
           2.42E+09 9.16E+02 7.83E+09 2.51E+06 3.08E+08 1.72E+10 3.78E+10 1.31E-01 3.78E+09 0.00E+00 8.32E+04 1.22E+10
              0        0        1        0        0        0        0        0        0        2        2        0

           7.32E+10 2.45E+15 2.47E+11 3.83E+12 3.19E+12 6.87E+10 2.45E+15 2.83E+12 3.18E+10 0.00E+00 7.35E+10 6.08E+10
           7.26E+10 2.45E+15 1.28E+11 3.83E+12 3.19E+12 6.47E+10 2.45E+15 2.83E+12 2.80E+10 8.54E+10 2.50E+11 5.77E+10
           3.25E-02-2.27E+11 5.66E+06 5.74E+01 4.54E+00 1.67E-08-7.89E+01 1.68E+08 7.56E+07 7.35E+04-3.11E+07 1.78E-12
          -6.22E+08-6.82E+06-7.83E+09-1.35E+06-2.35E+08-4.01E+09-3.78E+10 9.11E+03-3.78E+09 8.54E+10 1.76E+11-3.09E+09
          -1.07E+04 3.65E+08 1.11E+11 3.59E+05 4.17E+04-3.65E+03-3.76E+08 1.66E+04-7.51E+02-2.25E+04-4.65E+04-4.63E+03

     Z        CH3O2    N2O      NO       NO2      HNO2     HNO3     HO2NO2   NO3      N2O5     CL2O2    CH3CL    HOCL    
           6.43E+07 1.01E+07 1.51E+01 1.21E+02 5.63E+05 2.17E+09 6.33E+07 7.93E-02 1.99E+04 0.00E+00 0.00E+00 0.00E+00
           1.36E+08 0.00E+00 1.48E+07 4.29E+07 2.27E+05 7.80E+08 1.42E+06 8.00E+04 4.32E+02 1.52E-03 0.00E+00 3.23E+06
           2.00E+08 1.01E+07 1.48E+07 4.29E+07 7.90E+05 2.95E+09 6.48E+07 8.00E+04 2.04E+04 1.52E-03 0.00E+00 3.23E+06
              0        2        0        0        0        0        0        0        0        0        2        0

           1.19E+11 2.01E+06 1.46E+13 1.47E+13 3.76E+09 2.30E+10 4.84E+10 3.99E+10 1.66E+09 8.99E+06 0.00E+00 7.29E+09
           1.19E+11 1.18E+09 1.46E+13 1.47E+13 3.76E+09 2.22E+10 4.84E+10 3.99E+10 1.66E+09 8.99E+06 2.37E+08 7.29E+09
           1.58E-10-2.19E-07 1.78E-04 1.81E-04 7.61E-12 7.87E-18 1.33E-20 3.84E-11 3.31E-29 3.94E-24-5.48E-11 7.01E-14
          -1.36E+08 1.18E+09-1.48E+07-4.30E+07-2.27E+05-7.80E+08-1.42E+06-8.04E+04-4.45E+02 6.57E-03 2.37E+08-3.23E+06
           4.61E+03-6.68E+02 1.91E+05-2.67E+05 6.21E+01-6.76E+03-6.35E+03 1.48E+03-4.77E+02-8.49E-01-5.65E+01-5.78E+02

     Z        CL       CLO      HCL      CLONO2   O2       H2S      HS       SO       SO2      H2SO4    HSO      CO2     
           0.00E+00 0.00E+00 1.60E+08 0.00E+00 9.68E+10 5.66E+02 9.22E+01 3.86E-07 6.00E+08 9.25E+07 9.41E+05 2.18E+10
           2.08E+02 2.16E+05 6.62E+07 7.55E+06 5.04E+14 1.16E+06 1.07E+02 3.53E-04 7.59E+08 5.08E+07 1.92E+06 0.00E+00
           2.08E+02 2.16E+05 2.26E+08 7.55E+06 1.16E+14 1.16E+06 1.99E+02 3.53E-04 1.36E+09 1.43E+08 2.86E+06 1.16E+14
              0        0        0        0        1        0        0        0        0        0        0        1

           5.68E+13 6.81E+11 8.07E+08 7.64E+09 2.80E+15 3.51E+08 3.49E+08 3.46E+08 1.44E+11 2.49E+09 1.91E+08 1.17E+14
           5.68E+13 6.81E+11 7.41E+08 7.63E+09 2.68E+15 3.49E+08 3.49E+08 3.46E+08 1.43E+11 2.44E+09 1.89E+08 9.47E+11
           3.45E-03 2.87E-03 8.80E-06 1.25E-23 1.14E+11 1.49E-25 1.09E-15 4.18E-07 5.03E-06-4.20E-02 3.11E-12 3.11E+07
           5.82E+06-2.15E+05-6.62E+07-7.55E+06-1.16E+14-1.16E+06-9.47E+01 5.17E-01-7.59E+08-5.08E+07-1.92E+06-1.16E+14
           5.82E+06 6.95E+01 2.75E+00-1.40E+03 1.40E+09-3.97E+01 1.26E+01 7.81E-01-1.63E+03-1.53E+05-2.12E+01 9.06E+03

     Z        SO4AER  
           2.32E+09
           2.04E+07
           2.34E+09
              0

           2.34E+09
           2.32E+09
          -7.83E-85
          -1.90E+07
           9.25E-03

 CONSERVATION OF OXYGEN:
     OXYLOS = 5.540E+11  OXYPRO = 5.462E+11  CONOXY = 7.767E+09   ERR =  1.422E+00%

     OXYDEP = 1.333E+11  OXYRAN = 3.017E+11  OXYUP = 1.467E+05  TP-TL(H2O) = 1.190E+11
     FLOW(LCO) = 1.760E+11  FLOW(LN2O) = 1.180E+09
     GPP-FLOW(LO2)= 8.190E+11  GPPOXY = 1.160E+14  GPP-FLOW(LCO2)=-4.499E+11  GPPCDE = 1.160E+14

      H2O     TP        TL        TP-TL 
     TROPOS 1.954E+11 8.430E+10 1.111E+11
     STRATO 5.160E+10 4.376E+10 7.838E+09
     TOTAL  2.470E+11 1.281E+11 1.190E+11
     FLOW(O2)= 115590524748002.797
     SL(O2)=  5041475679090918400.000
     FLOW(CO2)= 116224966130580.797
     SL(CO2)=     9602810817316036.000

 RAINOUT RATE, FLOW, FUP,TLOSS

     Z        H2CO     O        OH       HO2      H2O2     O3       CO       CH3OOH   CH3O2    N2O     
 RAIN      1.80E+09 0.00E+00 1.14E+06 1.46E+08 2.64E+10 0.00E+00 8.32E+04 1.82E+10 1.29E+08 1.01E+07
 FLOW     -6.22E+08-6.82E+06-1.35E+06-4.69E+08-8.02E+09-1.14E+11 1.76E+11-6.18E+09-2.72E+08 1.18E+09
  FUP      3.25E-02-2.27E+11 5.74E+01 9.08E+00 3.34E-08-2.37E+02-3.11E+07 3.57E-12 3.17E-10-2.19E-07
 TLOS      2.42E+09 9.16E+02 2.51E+06 6.15E+08 3.44E+10 1.13E+11 8.32E+04 2.44E+10 4.00E+08 1.01E+07
 

     Z        NO       NO2      HNO2     HNO3     HO2NO2   NO3      N2O5     O2       SO       SO2     
 RAIN      1.51E+01 2.41E+02 1.13E+06 6.51E+09 2.53E+08 2.38E-01 9.97E+04 1.94E+11 3.86E-07 1.20E+09
 FLOW     -1.48E+07-8.59E+07-4.54E+05-2.34E+09-5.68E+06-2.41E+05-2.22E+03-2.31E+14 5.17E-01-1.52E+09
  FUP      1.78E-04 3.63E-04 1.52E-11 2.36E-17 5.33E-20 1.15E-10 1.65E-28 2.27E+11 4.18E-07 1.01E-05
 TLOS      1.48E+07 8.58E+07 1.58E+06 8.85E+09 2.59E+08 2.40E+05 1.02E+05 2.31E+14 3.53E-04 2.72E+09
 

     Z        H2SO4    HSO      CO2      SO4AER  
 RAIN      3.70E+08 9.41E+05 4.37E+10 9.30E+09
 FLOW     -2.03E+08-1.92E+06-2.32E+14-7.61E+07
  FUP     -1.68E-01 3.11E-12 6.21E+07-3.13E-84
 TLOS      5.73E+08 2.86E+06 2.32E+14 9.38E+09

 INTEGRATED REACTION RATES

         1         2         3         4         5         6         7         8         9        10
  1   1.195E+11 6.756E+08 4.081E+07 2.724E+10 5.752E+11 2.236E+12 1.307E+09 5.601E+08 1.680E+10 2.530E+12   10
 11   4.158E+10 7.645E+11 2.170E+12 2.322E+11 6.868E+10 2.390E+10 9.900E+09 2.445E+15 6.251E+11 1.399E+09   20
 21   4.282E+14 1.717E+14 1.299E+11 5.413E+12 5.945E+09 6.008E+14 1.828E+15 2.761E+10 1.563E+09 2.496E+11   30
 31   4.139E+05 4.285E+03 2.148E+03 0.000E+00 8.792E+01 2.238E+05 2.238E+05 3.045E+10 1.667E+10 8.799E+02   40
 41   1.006E+05 1.156E+09 9.013E+04 4.036E+10 2.342E+10 3.759E+06 3.953E+07 1.913E+08 7.990E+06 5.654E+09   50
 51   3.779E+07 1.519E+10 1.075E+09 3.760E+09 1.581E+10 1.227E+08 1.283E+13 8.389E+10 8.601E+08 4.969E+07   60
 61   1.410E+01 7.533E+04 3.771E+07 3.235E+01 2.838E-08 3.771E+07 8.531E+10 3.262E-08 1.269E+06 2.035E+06   70
 71   6.076E+10 5.573E+08 5.248E+10 7.290E+10 9.474E+02 6.208E+02 5.409E+07 3.956E+07 1.048E+08 5.077E+04   80
 81   4.478E+06 1.339E+07 1.370E+13 3.310E+09 4.697E+11 3.761E+09 1.782E+12 2.263E+10 3.406E+08 4.209E+09   90
 91   4.836E+10 6.000E+09 1.292E+05 3.791E+10 4.390E+09 3.337E+10 4.114E+09 2.225E+10 2.600E+05 4.365E+08  100
101   4.526E+04 1.480E+10 8.460E+07 2.361E+08 6.800E+11 3.627E+07 5.608E+08 8.473E+05 7.973E+07 1.589E+06  110
111   1.282E+08 2.489E+07 7.657E+06 9.005E+05 1.560E+07 3.504E+03 5.614E+13 4.857E+02 2.534E+01 2.838E+11  120
121   3.763E+11 7.640E+09 7.291E+09 6.110E+09 5.767E+08 1.148E+08 9.874E+07 7.438E+05 7.003E+08 2.105E+08  130
131   4.788E+02 1.370E+06 1.341E+04 4.008E+06 6.471E+09 8.970E+05 2.112E+07 7.316E+09 1.441E+13 7.456E+07  140
141   8.993E+06 5.163E+06 3.829E+06 4.173E+13 2.450E+05 1.367E+06 5.616E+06 1.004E+05 8.103E+02 4.576E+09  150
151   2.281E+10 1.664E+09 1.530E+09 4.454E+00 1.336E+08 0.000E+00 6.683E+04 6.900E+01 3.459E+08 1.322E+04  160
161   1.274E+01 1.713E+03 2.486E+09 3.289E+04 2.486E+09 2.486E+09 3.037E-02 2.315E-06 9.190E-04 3.494E+08  170
171   3.174E+00 1.272E+03 5.774E+01 1.577E+08 4.201E+05 1.649E-01 1.006E-05 1.274E-04 5.983E-14 2.864E+04  180
181   1.270E-03 2.864E+04 1.432E-04 1.432E-04 1.651E+05 1.391E+11 1.203E+09 4.329E+02 0.000E+00 1.264E+10  190
191   1.264E+11 1.718E+06 2.520E+07 2.655E+05 7.326E+00 1.384E+10 9.418E+06 9.344E-01 2.170E+04 1.483E+05  200
201   0.000E+00 1.891E+08 2.020E+06 1.806E+00 5.872E-07 2.063E-05 2.798E-07 0.000E+00 5.204E-07 7.223E-03  210
211   3.101E+00 1.875E+08 2.152E+01 1.674E+00 3.327E+02 7.610E+05 1.332E-09 2.012E+06 3.045E+06 2.442E-26  220
221   9.220E+11 0.000E+00                                                                                  222
         1         2         3         4         5         6         7         8         9        10

 ATMOSPHERIC PARAMETERS AND PH EQ SPECIES

     Z        SO4AER   CH21     CH23     O1D      CH3      H3CO     HCO      N        NOCL     CLONO   
  5.00E+04 1.90E+09 0.00E+00 0.00E+00 2.52E-03 3.18E-02 1.42E+01 2.26E-03 1.35-117 4.55E+01 5.61E+02
  1.50E+05 2.10E+09 0.00E+00 0.00E+00 3.31E-03 2.82E-02 1.64E+01 2.48E-03 6.31E-90 6.11E+01 6.82E+02
  2.50E+05 2.61E+09 0.00E+00 0.00E+00 4.29E-03 2.48E-02 1.80E+01 2.56E-03 6.26E-60 7.71E+01 7.92E+02
  3.50E+05 3.17E+09 0.00E+00 0.00E+00 5.37E-03 2.09E-02 1.87E+01 2.44E-03 4.24E-42 9.59E+01 8.98E+02
  4.50E+05 3.65E+09 0.00E+00 0.00E+00 6.44E-03 1.73E-02 1.85E+01 2.19E-03 1.72E-31 1.17E+02 9.85E+02
  5.50E+05 4.00E+09 0.00E+00 0.00E+00 7.40E-03 1.39E-02 1.72E+01 1.82E-03 6.75E-25 1.35E+02 9.94E+02
  6.50E+05 4.19E+09 0.00E+00 0.00E+00 8.20E-03 1.02E-02 1.45E+01 1.35E-03 1.54E-20 1.33E+02 8.46E+02
  7.50E+05 4.22E+09 0.00E+00 0.00E+00 8.80E-03 7.03E-03 1.13E+01 9.19E-04 1.98E-17 1.18E+02 6.34E+02
  8.50E+05 4.13E+09 0.00E+00 0.00E+00 9.23E-03 4.81E-03 8.80E+00 6.22E-04 5.28E-15 1.10E+02 4.94E+02
  9.50E+05 3.94E+09 0.00E+00 0.00E+00 9.55E-03 3.43E-03 7.17E+00 4.37E-04 5.44E-13 1.14E+02 4.26E+02
  1.05E+06 3.74E+09 0.00E+00 0.00E+00 1.01E-02 2.39E-03 5.61E+00 2.93E-04 2.75E-11 1.16E+02 3.66E+02
  1.15E+06 3.59E+09 0.00E+00 0.00E+00 1.15E-02 1.56E-03 4.08E+00 1.78E-04 9.24E-10 1.27E+02 3.65E+02
  1.25E+06 3.28E+09 0.00E+00 0.00E+00 1.71E-02 1.17E-03 2.74E+00 1.10E-04 1.22E-08 9.61E+01 3.35E+02
  1.35E+06 2.90E+09 0.00E+00 0.00E+00 2.88E-02 9.12E-04 1.96E+00 7.50E-05 1.15E-07 7.91E+01 3.87E+02
  1.45E+06 2.47E+09 0.00E+00 0.00E+00 4.98E-02 8.59E-04 1.71E+00 6.41E-05 8.07E-07 7.73E+01 5.52E+02
  1.55E+06 2.02E+09 0.00E+00 0.00E+00 8.24E-02 9.12E-04 1.68E+00 6.30E-05 4.54E-06 8.10E+01 8.10E+02
  1.65E+06 1.60E+09 0.00E+00 0.00E+00 1.30E-01 1.03E-03 1.75E+00 6.61E-05 2.15E-05 8.47E+01 1.13E+03
  1.75E+06 1.23E+09 0.00E+00 0.00E+00 1.96E-01 1.20E-03 1.90E+00 7.22E-05 8.89E-05 8.67E+01 1.47E+03
  1.85E+06 9.39E+08 0.00E+00 0.00E+00 2.87E-01 1.44E-03 2.10E+00 8.12E-05 3.29E-04 8.66E+01 1.81E+03
  1.95E+06 7.11E+08 0.00E+00 0.00E+00 4.11E-01 1.76E-03 2.38E+00 9.37E-05 1.12E-03 8.53E+01 2.13E+03
  2.05E+06 5.39E+08 0.00E+00 0.00E+00 5.80E-01 2.21E-03 2.75E+00 1.11E-04 3.56E-03 8.39E+01 2.42E+03
  2.15E+06 4.10E+08 0.00E+00 0.00E+00 8.22E-01 2.95E-03 3.28E+00 1.39E-04 9.89E-03 7.91E+01 2.67E+03
  2.25E+06 3.14E+08 0.00E+00 0.00E+00 1.16E+00 4.01E-03 3.96E+00 1.77E-04 2.64E-02 7.58E+01 2.92E+03
  2.35E+06 2.42E+08 0.00E+00 0.00E+00 1.63E+00 5.51E-03 4.83E+00 2.29E-04 6.81E-02 7.45E+01 3.17E+03
  2.45E+06 1.88E+08 0.00E+00 0.00E+00 2.29E+00 7.66E-03 5.93E+00 3.01E-04 1.71E-01 7.51E+01 3.41E+03
  2.55E+06 1.46E+08 0.00E+00 0.00E+00 3.19E+00 1.07E-02 7.31E+00 3.98E-04 4.16E-01 7.77E+01 3.63E+03
  2.65E+06 1.13E+08 0.00E+00 0.00E+00 4.43E+00 1.51E-02 9.05E+00 5.30E-04 9.74E-01 8.22E+01 3.84E+03
  2.75E+06 8.75E+07 0.00E+00 0.00E+00 6.12E+00 2.14E-02 1.12E+01 7.07E-04 2.17E+00 8.88E+01 4.01E+03
  2.85E+06 6.74E+07 0.00E+00 0.00E+00 8.40E+00 3.04E-02 1.38E+01 9.40E-04 4.61E+00 9.75E+01 4.15E+03
  2.95E+06 5.15E+07 0.00E+00 0.00E+00 1.15E+01 4.29E-02 1.69E+01 1.24E-03 9.28E+00 1.09E+02 4.24E+03
  3.05E+06 3.92E+07 0.00E+00 0.00E+00 1.55E+01 6.02E-02 2.06E+01 1.62E-03 1.77E+01 1.23E+02 4.28E+03
  3.15E+06 2.97E+07 0.00E+00 0.00E+00 2.06E+01 8.37E-02 2.47E+01 2.08E-03 3.18E+01 1.40E+02 4.25E+03
  3.25E+06 2.23E+07 3.53-263 1.76-260 2.70E+01 1.15E-01 2.92E+01 2.62E-03 5.44E+01 1.61E+02 4.14E+03
  3.35E+06 1.65E+07 1.94-227 9.67-225 3.48E+01 1.64E-01 3.40E+01 3.32E-03 8.03E+01 1.80E+02 3.96E+03
  3.45E+06 1.22E+07 6.78-197 3.38-194 4.36E+01 2.30E-01 3.87E+01 4.11E-03 1.11E+02 2.03E+02 3.69E+03
  3.55E+06 8.89E+06 8.89-171 4.43-168 5.34E+01 3.18E-01 4.33E+01 4.98E-03 1.47E+02 2.27E+02 3.35E+03
  3.65E+06 6.47E+06 2.10-148 1.05-145 6.44E+01 4.34E-01 4.79E+01 5.92E-03 1.87E+02 2.53E+02 2.95E+03
  3.75E+06 4.69E+06 3.33-129 1.66-126 7.69E+01 5.88E-01 5.26E+01 6.97E-03 2.29E+02 2.79E+02 2.51E+03
  3.85E+06 3.38E+06 1.07-112 5.32-110 9.13E+01 7.90E-01 5.73E+01 8.12E-03 2.71E+02 3.07E+02 2.07E+03
  3.95E+06 2.43E+06 1.74E-98 8.69E-96 1.07E+02 1.05E+00 6.17E+01 9.31E-03 3.10E+02 3.32E+02 1.63E+03
  4.05E+06 1.74E+06 3.17E-86 1.58E-83 1.23E+02 1.36E+00 6.50E+01 1.04E-02 3.43E+02 3.47E+02 1.22E+03
  4.15E+06 1.23E+06 1.24E-75 6.17E-73 1.38E+02 1.70E+00 6.64E+01 1.12E-02 3.66E+02 3.45E+02 8.63E+02
  4.25E+06 8.71E+05 1.81E-66 9.02E-64 1.50E+02 2.06E+00 6.55E+01 1.16E-02 3.79E+02 3.22E+02 5.72E+02
  4.35E+06 6.14E+05 1.59E-58 7.94E-56 1.57E+02 2.41E+00 6.28E+01 1.16E-02 3.80E+02 2.82E+02 3.59E+02
  4.45E+06 4.32E+05 1.26E-51 6.26E-49 1.60E+02 2.76E+00 5.89E+01 1.14E-02 3.73E+02 2.33E+02 2.16E+02
  4.55E+06 3.02E+05 1.25E-45 6.21E-43 1.58E+02 3.10E+00 5.42E+01 1.09E-02 3.60E+02 1.84E+02 1.25E+02
  4.65E+06 2.10E+05 2.07E-40 1.03E-37 1.54E+02 3.43E+00 4.92E+01 1.04E-02 3.42E+02 1.39E+02 7.00E+01
  4.75E+06 1.46E+05 7.40E-36 3.69E-33 1.47E+02 3.76E+00 4.44E+01 9.72E-03 3.24E+02 1.02E+02 3.87E+01
  4.85E+06 1.01E+05 7.00E-32 3.49E-29 1.40E+02 3.89E+00 3.98E+01 8.83E-03 3.30E+02 7.47E+01 2.16E+01
  4.95E+06 7.03E+04 2.20E-28 1.09E-25 1.33E+02 3.92E+00 3.55E+01 7.89E-03 3.49E+02 5.47E+01 1.22E+01
  5.05E+06 4.83E+04 2.68E-25 1.34E-22 1.26E+02 3.94E+00 3.17E+01 7.03E-03 3.68E+02 3.95E+01 6.84E+00
  5.15E+06 3.30E+04 1.42E-22 7.09E-20 1.18E+02 3.96E+00 2.82E+01 6.27E-03 3.85E+02 2.82E+01 3.81E+00
  5.25E+06 2.27E+04 3.61E-20 1.80E-17 1.11E+02 3.81E+00 2.51E+01 5.45E-03 4.33E+02 2.05E+01 2.19E+00
  5.35E+06 1.56E+04 4.92E-18 2.45E-15 1.05E+02 3.55E+00 2.24E+01 4.65E-03 5.12E+02 1.51E+01 1.28E+00
  5.45E+06 1.07E+04 3.90E-16 1.95E-13 9.80E+01 3.31E+00 1.99E+01 3.97E-03 6.04E+02 1.10E+01 7.45E-01
  5.55E+06 7.21E+03 1.90E-14 9.50E-12 9.12E+01 3.09E+00 1.77E+01 3.38E-03 7.11E+02 8.00E+00 4.34E-01
  5.65E+06 4.85E+03 6.00E-13 3.00E-10 8.43E+01 2.89E+00 1.58E+01 2.88E-03 8.36E+02 5.75E+00 2.52E-01
  5.75E+06 3.24E+03 1.28E-11 6.38E-09 7.73E+01 2.69E+00 1.40E+01 2.45E-03 9.82E+02 4.11E+00 1.47E-01
  5.85E+06 2.14E+03 1.92E-10 9.56E-08 7.05E+01 2.52E+00 1.25E+01 2.08E-03 1.15E+03 2.92E+00 8.66E-02
  5.95E+06 1.40E+03 2.10E-09 1.05E-06 6.38E+01 2.35E+00 1.11E+01 1.77E-03 1.35E+03 2.06E+00 5.13E-02
  6.05E+06 9.07E+02 1.73E-08 8.64E-06 5.73E+01 2.20E+00 9.90E+00 1.50E-03 1.59E+03 1.44E+00 3.07E-02
  6.15E+06 5.81E+02 1.11E-07 5.55E-05 5.11E+01 2.05E+00 8.81E+00 1.27E-03 1.87E+03 1.00E+00 1.87E-02
  6.25E+06 3.68E+02 5.71E-07 2.85E-04 4.54E+01 1.92E+00 7.78E+00 1.08E-03 2.19E+03 6.95E-01 1.15E-02
  6.35E+06 2.39E+02 2.40E-06 1.20E-03 4.23E+01 1.40E+00 7.22E+00 8.17E-04 3.70E+03 5.44E-01 8.75E-03
  6.45E+06 1.45E+02 8.76E-06 4.37E-03 3.61E+01 1.41E+00 6.25E+00 7.51E-04 3.83E+03 3.52E-01 5.20E-03
  6.55E+06 8.59E+01 2.68E-05 1.34E-02 3.04E+01 1.42E+00 5.43E+00 7.68E-04 3.92E+03 2.25E-01 3.13E-03
  6.65E+06 5.08E+01 6.98E-05 3.49E-02 2.60E+01 1.29E+00 4.86E+00 8.88E-04 4.62E+03 1.52E-01 2.13E-03
  6.75E+06 2.91E+01 1.61E-04 8.04E-02 2.16E+01 1.24E+00 4.29E+00 1.25E-03 5.02E+03 9.86E-02 1.42E-03
  6.85E+06 1.64E+01 3.30E-04 1.65E-01 1.78E+01 1.15E+00 3.87E+00 1.93E-03 5.61E+03 6.49E-02 1.02E-03
  6.95E+06 8.95E+00 6.15E-04 3.07E-01 1.44E+01 1.11E+00 3.49E+00 3.07E-03 5.96E+03 4.18E-02 7.29E-04
  7.05E+06 4.78E+00 1.05E-03 5.22E-01 1.18E+01 1.03E+00 3.22E+00 4.75E-03 6.33E+03 2.74E-02 5.46E-04
  7.15E+06 2.44E+00 1.65E-03 8.25E-01 9.64E+00 1.03E+00 2.92E+00 7.06E-03 6.28E+03 1.73E-02 3.77E-04
  7.25E+06 1.16E+00 2.43E-03 1.21E+00 8.10E+00 9.91E-01 2.65E+00 9.95E-03 6.17E+03 1.10E-02 2.59E-04
  7.35E+06 4.93E-01 3.34E-03 1.67E+00 6.98E+00 9.59E-01 2.34E+00 1.34E-02 5.92E+03 6.97E-03 1.67E-04
  7.45E+06 1.86E-01 4.35E-03 2.17E+00 6.26E+00 8.83E-01 2.03E+00 1.71E-02 5.67E+03 4.45E-03 1.05E-04
  7.55E+06 6.08E-02 5.39E-03 2.69E+00 5.79E+00 7.98E-01 1.67E+00 2.08E-02 5.40E+03 2.81E-03 6.06E-05
  7.65E+06 1.68E-02 6.38E-03 3.19E+00 5.53E+00 6.78E-01 1.34E+00 2.42E-02 5.14E+03 1.80E-03 3.49E-05
  7.75E+06 3.78E-03 7.26E-03 3.63E+00 5.31E+00 5.81E-01 1.04E+00 2.72E-02 4.80E+03 1.13E-03 1.90E-05
  7.85E+06 6.71E-04 7.99E-03 3.99E+00 5.20E+00 4.87E-01 8.25E-01 3.05E-02 4.29E+03 7.33E-04 1.08E-05
  7.95E+06 8.89E-05 8.54E-03 4.27E+00 5.61E+00 3.16E-01 5.03E-01 3.17E-02 4.23E+03 4.68E-04 4.34E-06
  8.05E+06 8.43E-06 8.88E-03 4.44E+00 7.62E+00 9.50E-02 1.87E-01 2.83E-02 6.06E+03 3.19E-04 9.19E-07
  8.15E+06 5.27E-07 9.05E-03 4.53E+00 1.19E+01 2.82E-02 6.70E-02 3.01E-02 9.65E+03 2.29E-04 1.36E-07
  8.25E+06 2.04E-08 9.03E-03 4.52E+00 1.81E+01 1.28E-02 3.31E-02 3.47E-02 1.31E+04 1.75E-04 2.66E-08
  8.35E+06 4.32E-10 8.88E-03 4.45E+00 2.54E+01 7.13E-03 1.82E-02 3.79E-02 1.59E+04 1.28E-04 7.07E-09
  8.45E+06 4.54E-12 8.60E-03 4.32E+00 3.33E+01 4.40E-03 1.11E-02 3.74E-02 1.81E+04 9.22E-05 2.74E-09
  8.55E+06 2.04E-14 8.24E-03 4.14E+00 4.16E+01 2.86E-03 7.04E-03 3.51E-02 2.00E+04 6.47E-05 1.33E-09
  8.65E+06 3.24E-17 7.82E-03 3.94E+00 4.76E+01 1.85E-03 4.27E-03 3.33E-02 2.15E+04 4.19E-05 6.59E-10
  8.75E+06 1.50E-20 7.36E-03 3.71E+00 5.24E+01 1.22E-03 2.61E-03 3.09E-02 2.28E+04 2.65E-05 3.36E-10
  8.85E+06 1.59E-24 6.88E-03 3.48E+00 5.57E+01 8.16E-04 1.61E-03 2.82E-02 2.40E+04 1.65E-05 1.72E-10
  8.95E+06 2.89E-29 6.39E-03 3.24E+00 5.79E+01 5.56E-04 1.00E-03 2.54E-02 2.50E+04 1.01E-05 8.75E-11
  9.05E+06 6.31E-35 5.92E-03 3.01E+00 5.89E+01 3.83E-04 6.08E-04 2.30E-02 2.57E+04 5.95E-06 4.26E-11
  9.15E+06 1.08E-41 5.46E-03 2.79E+00 6.05E+01 2.74E-04 3.65E-04 2.07E-02 2.60E+04 3.42E-06 2.01E-11
  9.25E+06 9.46E-50 5.03E-03 2.59E+00 6.58E+01 2.13E-04 2.27E-04 1.83E-02 2.63E+04 2.00E-06 9.77E-12
  9.35E+06 2.34E-59 4.64E-03 2.40E+00 7.50E+01 1.78E-04 1.41E-04 1.61E-02 2.61E+04 1.16E-06 4.67E-12
  9.45E+06 8.59E-71 4.28E-03 2.22E+00 8.97E+01 1.59E-04 8.96E-05 1.42E-02 2.57E+04 6.69E-07 2.24E-12
  9.55E+06 2.11E-84 3.95E-03 2.07E+00 1.11E+02 1.50E-04 5.83E-05 1.25E-02 2.54E+04 3.91E-07 1.09E-12
  9.65E+06 2.17E-87 3.67E-03 1.94E+00 1.38E+02 1.46E-04 3.84E-05 1.11E-02 2.46E+04 2.26E-07 5.24E-13
  9.75E+06 1.82E-87 3.43E-03 1.83E+00 1.73E+02 1.46E-04 2.59E-05 9.83E-03 2.38E+04 1.31E-07 2.53E-13
  9.85E+06 1.52E-87 3.24E-03 1.75E+00 2.16E+02 1.49E-04 1.78E-05 8.84E-03 2.24E+04 7.52E-08 1.21E-13
  9.95E+06 1.28E-87 3.09E-03 1.69E+00 2.68E+02 1.55E-04 1.28E-05 8.05E-03 2.10E+04 4.34E-08 5.78E-14

     Z        CLO2     CL2      S        SO21     SO23     HSO3     SO3      S2       N2      
  5.00E+04 2.42E+00 2.58E+00 1.31E-14 1.31E-04 9.74E-04 4.67E-04 4.94E-01 0.00E+00 1.90E+19
  1.50E+05 3.44E+00 3.03E+00 1.54E-14 2.55E-04 1.89E-03 9.04E-04 1.49E+00 0.00E+00 1.72E+19
  2.50E+05 4.60E+00 3.18E+00 1.82E-14 3.88E-04 2.85E-03 1.38E-03 3.63E+00 0.00E+00 1.56E+19
  3.50E+05 5.95E+00 3.02E+00 2.11E-14 5.30E-04 3.89E-03 1.86E-03 8.51E+00 0.00E+00 1.41E+19
  4.50E+05 7.59E+00 2.65E+00 2.52E-14 6.84E-04 5.01E-03 2.37E-03 1.98E+01 0.00E+00 1.27E+19
  5.50E+05 9.50E+00 2.17E+00 3.08E-14 8.51E-04 6.21E-03 2.85E-03 4.59E+01 0.00E+00 1.14E+19
  6.50E+05 1.14E+01 1.66E+00 3.63E-14 1.03E-03 7.49E-03 3.12E-03 1.03E+02 0.00E+00 1.02E+19
  7.50E+05 1.33E+01 1.17E+00 7.32E-14 1.20E-03 8.72E-03 3.11E-03 2.25E+02 0.00E+00 9.13E+18
  8.50E+05 1.57E+01 7.78E-01 7.26E-13 1.32E-03 9.63E-03 2.97E-03 5.25E+02 0.00E+00 8.14E+18
  9.50E+05 1.96E+01 5.19E-01 8.09E-12 1.36E-03 9.86E-03 2.78E-03 1.44E+03 0.00E+00 7.23E+18
  1.05E+06 2.46E+01 3.38E-01 5.73E-11 1.15E-03 8.34E-03 2.14E-03 5.18E+03 0.00E+00 6.40E+18
  1.15E+06 3.06E+01 1.81E-01 2.95E-10 9.02E-04 6.54E-03 1.45E-03 3.36E+03 0.00E+00 5.65E+18
  1.25E+06 2.17E+01 7.87E-02 1.11E-09 6.51E-04 4.72E-03 6.93E-04 1.60E+03 0.00E+00 4.83E+18
  1.35E+06 1.69E+01 5.23E-02 3.07E-09 4.28E-04 3.10E-03 3.10E-04 7.14E+02 0.00E+00 4.13E+18
  1.45E+06 1.62E+01 7.10E-02 6.47E-09 2.56E-04 1.86E-03 1.51E-04 3.45E+02 0.00E+00 3.53E+18
  1.55E+06 1.70E+01 1.35E-01 1.10E-08 1.44E-04 1.04E-03 7.66E-05 1.74E+02 0.00E+00 3.02E+18
  1.65E+06 1.81E+01 2.77E-01 1.57E-08 7.69E-05 5.55E-04 3.90E-05 8.78E+01 0.00E+00 2.58E+18
  1.75E+06 1.88E+01 5.54E-01 1.98E-08 4.00E-05 2.88E-04 1.99E-05 4.43E+01 0.00E+00 2.20E+18
  1.85E+06 1.92E+01 1.05E+00 2.26E-08 2.05E-05 1.47E-04 1.02E-05 2.25E+01 0.00E+00 1.88E+18
  1.95E+06 1.93E+01 1.90E+00 2.40E-08 1.05E-05 7.50E-05 5.35E-06 1.16E+01 0.00E+00 1.61E+18
  2.05E+06 1.91E+01 3.23E+00 2.42E-08 5.39E-06 3.85E-05 2.86E-06 6.11E+00 0.00E+00 1.38E+18
  2.15E+06 1.76E+01 5.39E+00 2.33E-08 2.81E-06 2.00E-05 1.56E-06 3.29E+00 0.00E+00 1.17E+18
  2.25E+06 1.61E+01 8.58E+00 2.15E-08 1.48E-06 1.05E-05 8.60E-07 1.81E+00 0.00E+00 9.99E+17
  2.35E+06 1.47E+01 1.31E+01 1.91E-08 7.86E-07 5.56E-06 4.84E-07 1.01E+00 0.00E+00 8.52E+17
  2.45E+06 1.36E+01 1.94E+01 1.64E-08 4.21E-07 2.96E-06 2.75E-07 5.69E-01 0.00E+00 7.27E+17
  2.55E+06 1.27E+01 2.83E+01 1.35E-08 2.27E-07 1.59E-06 1.58E-07 3.23E-01 0.00E+00 6.21E+17
  2.65E+06 1.21E+01 4.10E+01 1.08E-08 1.23E-07 8.57E-07 9.07E-08 1.85E-01 0.00E+00 5.31E+17
  2.75E+06 1.17E+01 5.95E+01 8.47E-09 6.77E-08 4.70E-07 5.29E-08 1.07E-01 0.00E+00 4.54E+17
  2.85E+06 1.15E+01 8.64E+01 6.68E-09 3.90E-08 2.69E-07 3.21E-08 6.42E-02 0.00E+00 3.88E+17
  2.95E+06 1.16E+01 1.25E+02 5.56E-09 2.46E-08 1.69E-07 2.10E-08 4.17E-02 0.00E+00 3.33E+17
  3.05E+06 1.20E+01 1.80E+02 5.23E-09 1.82E-08 1.24E-07 1.60E-08 3.14E-02 0.00E+00 2.85E+17
  3.15E+06 1.25E+01 2.54E+02 5.81E-09 1.65E-08 1.12E-07 1.46E-08 2.85E-02 0.00E+00 2.45E+17
  3.25E+06 1.33E+01 3.50E+02 7.37E-09 1.78E-08 1.20E-07 1.56E-08 3.02E-02 0.00E+00 2.10E+17
  3.35E+06 1.32E+01 4.62E+02 1.00E-08 2.13E-08 1.42E-07 1.74E-08 3.38E-02 0.00E+00 1.79E+17
  3.45E+06 1.32E+01 5.85E+02 1.38E-08 2.68E-08 1.77E-07 1.99E-08 3.88E-02 0.00E+00 1.53E+17
  3.55E+06 1.32E+01 7.06E+02 1.87E-08 3.39E-08 2.23E-07 2.27E-08 4.45E-02 0.00E+00 1.31E+17
  3.65E+06 1.33E+01 8.12E+02 2.45E-08 4.29E-08 2.80E-07 2.56E-08 5.05E-02 0.00E+00 1.12E+17
  3.75E+06 1.34E+01 8.94E+02 3.13E-08 5.37E-08 3.47E-07 2.87E-08 5.67E-02 0.00E+00 9.66E+16
  3.85E+06 1.37E+01 9.45E+02 3.93E-08 6.67E-08 4.28E-07 3.18E-08 6.35E-02 0.00E+00 8.31E+16
  3.95E+06 1.39E+01 9.54E+02 4.86E-08 8.26E-08 5.25E-07 3.51E-08 7.05E-02 0.00E+00 7.17E+16
  4.05E+06 1.39E+01 9.12E+02 6.01E-08 1.03E-07 6.46E-07 3.82E-08 7.74E-02 0.00E+00 6.19E+16
  4.15E+06 1.35E+01 8.15E+02 7.46E-08 1.28E-07 7.97E-07 4.05E-08 8.31E-02 0.00E+00 5.36E+16
  4.25E+06 1.27E+01 6.78E+02 9.28E-08 1.60E-07 9.84E-07 4.18E-08 8.69E-02 0.00E+00 4.64E+16
  4.35E+06 1.15E+01 5.24E+02 1.15E-07 1.99E-07 1.21E-06 4.18E-08 8.81E-02 0.00E+00 4.03E+16
  4.45E+06 9.92E+00 3.77E+02 1.40E-07 2.44E-07 1.46E-06 4.03E-08 8.66E-02 0.00E+00 3.50E+16
  4.55E+06 8.27E+00 2.53E+02 1.70E-07 2.94E-07 1.73E-06 3.78E-08 8.28E-02 0.00E+00 3.05E+16
  4.65E+06 6.66E+00 1.61E+02 2.01E-07 3.48E-07 2.00E-06 3.43E-08 7.70E-02 0.00E+00 2.66E+16
  4.75E+06 5.24E+00 9.78E+01 2.34E-07 4.03E-07 2.27E-06 3.04E-08 7.02E-02 0.00E+00 2.32E+16
  4.85E+06 4.35E+00 6.05E+01 2.68E-07 4.57E-07 2.52E-06 2.77E-08 6.51E-02 0.00E+00 2.04E+16
  4.95E+06 3.70E+00 3.78E+01 3.03E-07 5.09E-07 2.75E-06 2.54E-08 6.05E-02 0.00E+00 1.80E+16
  5.05E+06 3.11E+00 2.32E+01 3.36E-07 5.59E-07 2.94E-06 2.29E-08 5.54E-02 0.00E+00 1.59E+16
  5.15E+06 2.59E+00 1.40E+01 3.69E-07 6.04E-07 3.10E-06 2.03E-08 5.01E-02 0.00E+00 1.41E+16
  5.25E+06 2.30E+00 8.86E+00 4.00E-07 6.44E-07 3.22E-06 1.86E-08 4.61E-02 0.00E+00 1.25E+16
  5.35E+06 2.14E+00 5.80E+00 4.29E-07 6.79E-07 3.30E-06 1.73E-08 4.28E-02 0.00E+00 1.11E+16
  5.45E+06 1.98E+00 3.78E+00 4.56E-07 7.08E-07 3.34E-06 1.60E-08 3.95E-02 0.00E+00 9.90E+15
  5.55E+06 1.82E+00 2.45E+00 4.82E-07 7.32E-07 3.34E-06 1.47E-08 3.61E-02 0.00E+00 8.80E+15
  5.65E+06 1.67E+00 1.58E+00 5.05E-07 7.51E-07 3.31E-06 1.34E-08 3.28E-02 0.00E+00 7.82E+15
  5.75E+06 1.53E+00 1.02E+00 5.28E-07 7.64E-07 3.24E-06 1.22E-08 2.97E-02 0.00E+00 6.93E+15
  5.85E+06 1.39E+00 6.55E-01 5.48E-07 7.71E-07 3.15E-06 1.10E-08 2.69E-02 0.00E+00 6.14E+15
  5.95E+06 1.26E+00 4.23E-01 5.67E-07 7.73E-07 3.03E-06 1.01E-08 2.44E-02 0.00E+00 5.43E+15
  6.05E+06 1.14E+00 2.75E-01 5.84E-07 7.70E-07 2.89E-06 9.17E-09 2.21E-02 0.00E+00 4.80E+15
  6.15E+06 1.03E+00 1.79E-01 6.00E-07 7.62E-07 2.73E-06 8.40E-09 2.01E-02 0.00E+00 4.24E+15
  6.25E+06 9.30E-01 1.18E-01 6.14E-07 7.48E-07 2.56E-06 7.70E-09 1.83E-02 0.00E+00 3.73E+15
  6.35E+06 1.27E+00 9.91E-02 6.26E-07 7.37E-07 2.43E-06 9.02E-09 1.97E-02 0.00E+00 3.39E+15
  6.45E+06 9.92E-01 5.99E-02 6.38E-07 7.11E-07 2.22E-06 7.68E-09 1.70E-02 0.00E+00 2.93E+15
  6.55E+06 7.53E-01 3.53E-02 6.48E-07 6.82E-07 2.02E-06 6.55E-09 1.48E-02 0.00E+00 2.54E+15
  6.65E+06 6.90E-01 2.35E-02 6.57E-07 6.53E-07 1.84E-06 6.32E-09 1.40E-02 0.00E+00 2.23E+15
  6.75E+06 5.74E-01 1.50E-02 6.66E-07 6.19E-07 1.65E-06 5.88E-09 1.30E-02 0.00E+00 1.94E+15
  6.85E+06 5.08E-01 1.01E-02 6.73E-07 5.84E-07 1.48E-06 5.80E-09 1.27E-02 0.00E+00 1.69E+15
  6.95E+06 4.28E-01 6.63E-03 6.79E-07 5.46E-07 1.32E-06 5.68E-09 1.23E-02 0.00E+00 1.47E+15
  7.05E+06 3.88E-01 4.55E-03 6.85E-07 5.08E-07 1.17E-06 5.85E-09 1.25E-02 0.00E+00 1.28E+15
  7.15E+06 3.13E-01 2.89E-03 6.91E-07 4.68E-07 1.02E-06 5.61E-09 1.20E-02 0.00E+00 1.11E+15
  7.25E+06 2.63E-01 1.87E-03 6.98E-07 4.29E-07 8.96E-07 5.44E-09 1.17E-02 0.00E+00 9.55E+14
  7.35E+06 2.13E-01 1.17E-03 7.05E-07 3.90E-07 7.79E-07 5.08E-09 1.10E-02 0.00E+00 8.22E+14
  7.45E+06 1.80E-01 7.46E-04 7.12E-07 3.53E-07 6.77E-07 4.76E-09 1.04E-02 0.00E+00 7.09E+14
  7.55E+06 1.46E-01 4.64E-04 7.19E-07 3.16E-07 5.84E-07 4.22E-09 9.42E-03 0.00E+00 6.08E+14
  7.65E+06 1.26E-01 3.06E-04 7.26E-07 2.83E-07 5.04E-07 3.81E-09 8.66E-03 0.00E+00 5.23E+14
  7.75E+06 1.03E-01 1.98E-04 7.33E-07 2.51E-07 4.32E-07 3.32E-09 7.79E-03 0.00E+00 4.47E+14
  7.85E+06 9.11E-02 1.41E-04 7.41E-07 2.22E-07 3.71E-07 3.14E-09 7.58E-03 0.00E+00 3.84E+14
  7.95E+06 7.61E-02 9.62E-05 7.42E-07 1.93E-07 3.14E-07 2.44E-09 6.21E-03 0.00E+00 3.27E+14
  8.05E+06 7.30E-02 7.91E-05 7.16E-07 1.62E-07 2.57E-07 1.17E-09 3.29E-03 0.00E+00 2.80E+14
  8.15E+06 6.94E-02 7.47E-05 6.58E-07 1.28E-07 1.98E-07 4.02E-10 1.44E-03 0.00E+00 2.37E+14
  8.25E+06 7.71E-02 8.91E-05 5.87E-07 9.84E-08 1.50E-07 1.62E-10 9.04E-04 0.00E+00 2.03E+14
  8.35E+06 7.59E-02 9.39E-05 5.17E-07 7.39E-08 1.11E-07 6.71E-11 7.48E-04 0.00E+00 1.71E+14
  8.45E+06 7.67E-02 9.97E-05 4.51E-07 5.51E-08 8.12E-08 3.07E-11 7.18E-04 0.00E+00 1.45E+14
  8.55E+06 7.74E-02 1.03E-04 3.92E-07 4.08E-08 5.94E-08 1.47E-11 7.04E-04 0.00E+00 1.23E+14
  8.65E+06 6.37E-02 8.34E-05 3.44E-07 3.01E-08 4.33E-08 6.48E-12 7.10E-04 0.00E+00 1.03E+14
  8.75E+06 5.14E-02 6.49E-05 3.03E-07 2.23E-08 3.18E-08 2.87E-12 7.03E-04 0.00E+00 8.63E+13
  8.85E+06 4.07E-02 4.87E-05 2.68E-07 1.66E-08 2.34E-08 1.27E-12 6.78E-04 0.00E+00 7.23E+13
  8.95E+06 3.17E-02 3.53E-05 2.38E-07 1.23E-08 1.72E-08 5.58E-13 6.35E-04 0.00E+00 6.06E+13
  9.05E+06 2.22E-02 2.27E-05 2.13E-07 9.18E-09 1.28E-08 2.32E-13 5.97E-04 0.00E+00 5.05E+13
  9.15E+06 1.43E-02 1.32E-05 1.92E-07 6.86E-09 9.49E-09 9.24E-14 5.64E-04 0.00E+00 4.20E+13
  9.25E+06 9.96E-03 8.24E-06 1.72E-07 5.13E-09 7.07E-09 3.83E-14 5.09E-04 0.00E+00 3.51E+13
  9.35E+06 6.61E-03 4.85E-06 1.54E-07 3.82E-09 5.25E-09 1.54E-14 4.54E-04 0.00E+00 2.93E+13
  9.45E+06 4.36E-03 2.81E-06 1.38E-07 2.84E-09 3.88E-09 6.19E-15 3.97E-04 0.00E+00 2.46E+13
  9.55E+06 2.97E-03 1.68E-06 1.22E-07 2.10E-09 2.86E-09 2.52E-15 3.35E-04 0.00E+00 2.06E+13
  9.65E+06 1.93E-03 9.44E-07 1.08E-07 1.55E-09 2.11E-09 1.00E-15 2.79E-04 0.00E+00 1.73E+13
  9.75E+06 1.25E-03 5.23E-07 9.61E-08 1.15E-09 1.56E-09 4.01E-16 2.29E-04 0.00E+00 1.46E+13
  9.85E+06 7.71E-04 2.74E-07 8.62E-08 8.55E-10 1.16E-09 1.59E-16 1.87E-04 0.00E+00 1.22E+13
  9.95E+06 4.74E-04 1.42E-07 7.88E-08 6.51E-10 8.82E-10 6.52E-17 1.52E-04 0.00E+00 1.03E+13

 ATMOSPHERIC PARAMETERS

    Z         T         EDD       DEN
  5.000E+04 2.881E+02 1.000E+05 2.401E+19
  1.500E+05 2.816E+02 1.000E+05 2.179E+19
  2.500E+05 2.751E+02 1.000E+05 1.973E+19
  3.500E+05 2.687E+02 1.000E+05 1.782E+19
  4.500E+05 2.622E+02 1.000E+05 1.606E+19
  5.500E+05 2.557E+02 1.000E+05 1.443E+19
  6.500E+05 2.492E+02 1.000E+05 1.294E+19
  7.500E+05 2.427E+02 1.000E+05 1.157E+19
  8.500E+05 2.362E+02 1.000E+05 1.031E+19
  9.500E+05 2.297E+02 8.944E+04 9.156E+18
  1.050E+06 2.232E+02 4.899E+04 8.107E+18
  1.150E+06 2.168E+02 2.258E+04 7.152E+18
  1.250E+06 2.167E+02 1.166E+04 6.116E+18
  1.350E+06 2.167E+02 6.812E+03 5.227E+18
  1.450E+06 2.167E+02 5.165E+03 4.468E+18
  1.550E+06 2.167E+02 4.290E+03 3.819E+18
  1.650E+06 2.167E+02 3.950E+03 3.264E+18
  1.750E+06 2.167E+02 3.900E+03 2.790E+18
  1.850E+06 2.167E+02 3.999E+03 2.385E+18
  1.950E+06 2.167E+02 4.343E+03 2.039E+18
  2.050E+06 2.167E+02 4.844E+03 1.744E+18
  2.150E+06 2.176E+02 5.439E+03 1.485E+18
  2.250E+06 2.186E+02 6.187E+03 1.265E+18
  2.350E+06 2.196E+02 7.036E+03 1.079E+18
  2.450E+06 2.206E+02 7.984E+03 9.206E+17
  2.550E+06 2.216E+02 8.986E+03 7.862E+17
  2.650E+06 2.225E+02 1.003E+04 6.719E+17
  2.750E+06 2.235E+02 1.128E+04 5.747E+17
  2.850E+06 2.245E+02 1.249E+04 4.919E+17
  2.950E+06 2.255E+02 1.363E+04 4.213E+17
  3.050E+06 2.265E+02 1.513E+04 3.611E+17
  3.150E+06 2.275E+02 1.669E+04 3.098E+17
  3.250E+06 2.285E+02 1.818E+04 2.659E+17
  3.350E+06 2.310E+02 1.998E+04 2.271E+17
  3.450E+06 2.337E+02 2.198E+04 1.940E+17
  3.550E+06 2.365E+02 2.445E+04 1.661E+17
  3.650E+06 2.393E+02 2.746E+04 1.424E+17
  3.750E+06 2.421E+02 3.046E+04 1.223E+17
  3.850E+06 2.448E+02 3.394E+04 1.053E+17
  3.950E+06 2.476E+02 3.795E+04 9.079E+16
  4.050E+06 2.503E+02 4.195E+04 7.840E+16
  4.150E+06 2.531E+02 4.643E+04 6.782E+16
  4.250E+06 2.559E+02 5.191E+04 5.877E+16
  4.350E+06 2.586E+02 5.840E+04 5.100E+16
  4.450E+06 2.614E+02 6.445E+04 4.433E+16
  4.550E+06 2.642E+02 7.136E+04 3.859E+16
  4.650E+06 2.670E+02 7.990E+04 3.364E+16
  4.750E+06 2.697E+02 8.791E+04 2.937E+16
  4.850E+06 2.706E+02 9.687E+04 2.584E+16
  4.950E+06 2.706E+02 1.069E+05 2.282E+16
  5.050E+06 2.706E+02 1.178E+05 2.015E+16
  5.150E+06 2.706E+02 1.318E+05 1.780E+16
  5.250E+06 2.690E+02 1.483E+05 1.581E+16
  5.350E+06 2.663E+02 1.658E+05 1.409E+16
  5.450E+06 2.635E+02 1.833E+05 1.254E+16
  5.550E+06 2.608E+02 2.018E+05 1.115E+16
  5.650E+06 2.580E+02 2.256E+05 9.899E+15
  5.750E+06 2.553E+02 2.522E+05 8.780E+15
  5.850E+06 2.525E+02 2.772E+05 7.777E+15
  5.950E+06 2.498E+02 3.070E+05 6.879E+15
  6.050E+06 2.470E+02 3.421E+05 6.078E+15
  6.150E+06 2.443E+02 3.795E+05 5.362E+15
  6.250E+06 2.415E+02 4.219E+05 4.724E+15
  6.350E+06 2.308E+02 4.717E+05 4.291E+15
  6.450E+06 2.305E+02 5.174E+05 3.715E+15
  6.550E+06 2.305E+02 5.674E+05 3.213E+15
  6.650E+06 2.270E+02 6.224E+05 2.819E+15
  6.750E+06 2.251E+02 6.826E+05 2.451E+15
  6.850E+06 2.220E+02 7.487E+05 2.140E+15
  6.950E+06 2.196E+02 8.212E+05 1.860E+15
  7.050E+06 2.160E+02 9.007E+05 1.622E+15
  7.150E+06 2.143E+02 9.879E+05 1.399E+15
  7.250E+06 2.120E+02 1.000E+06 1.209E+15
  7.350E+06 2.103E+02 1.000E+06 1.041E+15
  7.450E+06 2.080E+02 1.000E+06 8.971E+14
  7.550E+06 2.064E+02 1.000E+06 7.696E+14
  7.650E+06 2.040E+02 1.000E+06 6.618E+14
  7.750E+06 2.025E+02 1.000E+06 5.658E+14
  7.850E+06 2.000E+02 1.000E+06 4.855E+14
  7.950E+06 1.986E+02 1.000E+06 4.136E+14
  8.050E+06 1.960E+02 1.000E+06 3.540E+14
  8.150E+06 1.947E+02 1.000E+06 3.005E+14
  8.250E+06 1.920E+02 1.000E+06 2.565E+14
  8.350E+06 1.908E+02 1.000E+06 2.169E+14
  8.450E+06 1.890E+02 1.000E+06 1.838E+14
  8.550E+06 1.869E+02 1.000E+06 1.557E+14
  8.650E+06 1.869E+02 1.000E+06 1.303E+14
  8.750E+06 1.869E+02 1.000E+06 1.091E+14
  8.850E+06 1.869E+02 1.000E+06 9.132E+13
  8.950E+06 1.869E+02 1.000E+06 7.646E+13
  9.050E+06 1.880E+02 1.000E+06 6.367E+13
  9.150E+06 1.900E+02 1.000E+06 5.285E+13
  9.250E+06 1.910E+02 1.000E+06 4.417E+13
  9.350E+06 1.925E+02 1.000E+06 3.687E+13
  9.450E+06 1.940E+02 1.000E+06 3.082E+13
  9.550E+06 1.950E+02 1.000E+06 2.586E+13
  9.650E+06 1.965E+02 1.000E+06 2.167E+13
  9.750E+06 1.980E+02 1.000E+06 1.818E+13
  9.850E+06 2.000E+02 1.000E+06 1.524E+13
  9.950E+06 2.020E+02 1.000E+06 1.281E+13

 SULFATE AEROSOL PARAMETERS

    Z        AERSOL     RPAR      WFALL     FSULF    TAUSED    TAUEDD    TAUC      H2SO4S    H2SO4     CONSO4    CONVER
  5.000E+04 2.945E+01 1.856E-05 7.235E-04 2.196E-01 1.163E+09 7.084E+06 8.200E+07 4.868E-19 2.117E-12 3.388E-17 6.457E+07
  1.500E+05 2.369E+01 1.856E-05 8.033E-04 3.013E-01 1.024E+09 6.768E+06 9.933E+07 1.373E-18 4.167E-12 6.667E-17 8.860E+07
  2.500E+05 2.330E+01 1.856E-05 8.925E-04 3.814E-01 9.005E+08 6.460E+06 9.808E+07 3.927E-18 6.448E-12 1.032E-16 1.121E+08
  3.500E+05 2.500E+01 1.856E-05 9.760E-04 4.307E-01 8.040E+08 6.158E+06 8.842E+07 5.671E-18 8.673E-12 1.388E-16 1.267E+08
  4.500E+05 2.600E+01 1.856E-05 1.070E-03 4.770E-01 7.156E+08 5.864E+06 8.188E+07 8.024E-18 1.074E-11 1.718E-16 1.402E+08
  5.500E+05 2.630E+01 1.856E-05 1.175E-03 5.166E-01 6.356E+08 5.578E+06 7.760E+07 9.590E-18 1.241E-11 1.986E-16 1.519E+08
  6.500E+05 2.583E+01 1.856E-05 1.294E-03 5.514E-01 5.627E+08 5.298E+06 7.538E+07 9.876E-18 1.323E-11 2.116E-16 1.621E+08
  7.500E+05 2.469E+01 1.856E-05 1.430E-03 5.819E-01 4.958E+08 5.026E+06 7.484E+07 8.766E-18 1.304E-11 2.087E-16 1.711E+08
  8.500E+05 2.289E+01 1.856E-05 1.592E-03 6.134E-01 4.334E+08 4.760E+06 7.620E+07 8.221E-18 1.224E-11 1.959E-16 1.804E+08
  9.500E+05 2.065E+01 1.856E-05 1.789E-03 6.489E-01 3.751E+08 5.034E+06 7.924E+07 9.433E-18 1.104E-11 1.766E-16 1.908E+08
  1.050E+06 1.817E+01 1.856E-05 2.042E-03 7.000E-01 3.194E+08 8.680E+06 8.401E+07 2.333E-17 8.714E-12 1.394E-16 2.058E+08
  1.150E+06 1.841E+01 1.856E-05 2.245E-03 6.633E-01 2.821E+08 1.776E+07 7.688E+07 7.714E-19 5.775E-12 9.240E-17 1.950E+08
  1.250E+06 1.664E+01 1.856E-05 2.524E-03 6.709E-01 2.507E+08 3.435E+07 7.686E+07 1.264E-18 2.820E-12 4.512E-17 1.973E+08
  1.350E+06 1.453E+01 1.856E-05 2.856E-03 6.790E-01 2.216E+08 5.879E+07 7.914E+07 2.206E-18 1.227E-12 1.964E-17 1.997E+08
  1.450E+06 1.221E+01 1.856E-05 3.249E-03 6.870E-01 1.948E+08 7.754E+07 8.444E+07 3.827E-18 5.788E-13 9.261E-18 2.020E+08
  1.550E+06 9.878E+00 1.856E-05 3.711E-03 6.947E-01 1.705E+08 9.335E+07 9.335E+07 6.540E-18 2.909E-13 4.654E-18 2.043E+08
  1.650E+06 8.058E+00 1.831E-05 4.191E-03 7.011E-01 1.510E+08 1.014E+08 1.014E+08 1.065E-17 1.475E-13 2.360E-18 1.981E+08
  1.750E+06 6.936E+00 1.761E-05 4.616E-03 7.075E-01 1.371E+08 1.027E+08 1.027E+08 1.726E-17 7.529E-14 1.204E-18 1.778E+08
  1.850E+06 6.161E+00 1.668E-05 5.023E-03 7.138E-01 1.260E+08 1.001E+08 1.001E+08 2.789E-17 3.875E-14 6.195E-19 1.524E+08
  1.950E+06 5.772E+00 1.549E-05 5.374E-03 7.200E-01 1.177E+08 9.221E+07 9.221E+07 4.476E-17 2.025E-14 3.233E-19 1.231E+08
  2.050E+06 5.592E+00 1.424E-05 5.710E-03 7.259E-01 1.108E+08 8.267E+07 8.267E+07 7.097E-17 1.089E-14 1.731E-19 9.643E+07
  2.150E+06 5.473E+00 1.302E-05 6.066E-03 7.371E-01 1.048E+08 7.426E+07 7.426E+07 1.910E-16 6.115E-15 9.479E-20 7.486E+07
  2.250E+06 5.540E+00 1.181E-05 6.400E-03 7.469E-01 9.975E+07 6.588E+07 6.588E+07 4.843E-16 3.800E-15 5.306E-20 5.661E+07
  2.350E+06 5.763E+00 1.065E-05 6.719E-03 7.561E-01 9.545E+07 5.846E+07 5.846E+07 1.189E-15 3.102E-15 3.061E-20 4.201E+07
  2.450E+06 5.343E+00 1.000E-05 7.359E-03 7.651E-01 8.754E+07 5.199E+07 5.984E+07 2.861E-15 4.043E-15 1.892E-20 3.520E+07
  2.550E+06 4.106E+00 1.000E-05 8.594E-03 7.742E-01 7.530E+07 4.660E+07 7.458E+07 6.801E-15 7.645E-15 1.349E-20 3.561E+07
  2.650E+06 3.150E+00 1.000E-05 1.003E-02 7.822E-01 6.481E+07 4.213E+07 9.377E+07 1.556E-14 1.571E-14 2.382E-21 3.598E+07
  2.750E+06 2.409E+00 1.000E-05 1.170E-02 7.899E-01 5.582E+07 3.780E+07 1.190E+08 3.513E-14 2.089E-14 0.000E+00 3.633E+07
  2.850E+06 1.838E+00 1.000E-05 1.363E-02 7.968E-01 4.811E+07 3.444E+07 1.522E+08 7.627E-14 2.343E-14 0.000E+00 3.665E+07
  2.950E+06 1.395E+00 1.000E-05 1.588E-02 8.033E-01 4.149E+07 3.184E+07 1.966E+08 1.611E-13 2.463E-14 0.000E+00 3.695E+07
  3.050E+06 1.053E+00 1.000E-05 1.848E-02 8.093E-01 3.581E+07 2.893E+07 2.562E+08 3.299E-13 2.517E-14 0.000E+00 3.723E+07
  3.150E+06 7.912E-01 1.000E-05 2.149E-02 8.151E-01 3.092E+07 2.646E+07 3.367E+08 6.641E-13 2.536E-14 0.000E+00 3.750E+07
  3.250E+06 5.903E-01 1.000E-05 2.498E-02 8.210E-01 2.671E+07 2.450E+07 4.467E+08 1.335E-12 2.538E-14 0.000E+00 3.777E+07
  3.350E+06 4.319E-01 1.000E-05 2.909E-02 8.315E-01 2.319E+07 2.278E+07 6.033E+08 4.740E-12 2.531E-14 0.000E+00 3.825E+07
  3.450E+06 3.134E-01 1.000E-05 3.384E-02 8.427E-01 2.017E+07 2.121E+07 8.225E+08 1.759E-11 2.519E-14 0.000E+00 3.877E+07
  3.550E+06 2.264E-01 1.000E-05 3.929E-02 8.531E-01 1.758E+07 1.952E+07 1.128E+09 5.836E-11 2.503E-14 0.000E+00 3.924E+07
  3.650E+06 1.628E-01 1.000E-05 4.555E-02 8.641E-01 1.534E+07 1.779E+07 1.556E+09 1.808E-10 2.486E-14 0.000E+00 3.975E+07
  3.750E+06 1.165E-01 1.000E-05 5.275E-02 8.756E-01 1.340E+07 1.641E+07 2.157E+09 5.070E-10 2.467E-14 0.000E+00 4.028E+07
  3.850E+06 8.288E-02 1.000E-05 6.100E-02 8.874E-01 1.172E+07 1.507E+07 3.010E+09 1.401E-09 2.445E-14 0.000E+00 4.082E+07
  3.950E+06 5.873E-02 1.000E-05 7.043E-02 8.992E-01 1.027E+07 1.378E+07 4.219E+09 3.735E-09 2.419E-14 0.000E+00 4.137E+07
  4.050E+06 4.137E-02 1.000E-05 8.123E-02 9.117E-01 9.002E+06 1.275E+07 5.951E+09 8.561E-09 2.387E-14 0.000E+00 4.194E+07
  4.150E+06 2.926E-02 1.000E-05 9.317E-02 9.152E-01 7.937E+06 1.178E+07 8.363E+09 1.613E-08 2.344E-14 0.000E+00 4.210E+07
  4.250E+06 2.069E-02 1.000E-05 1.065E-01 9.152E-01 7.016E+06 1.076E+07 1.176E+10 2.803E-08 2.291E-14 0.000E+00 4.210E+07
  4.350E+06 1.459E-02 1.000E-05 1.216E-01 9.152E-01 6.211E+06 9.773E+06 1.658E+10 4.823E-08 2.227E-14 0.000E+00 4.210E+07
  4.450E+06 1.026E-02 1.000E-05 1.387E-01 9.152E-01 5.504E+06 9.046E+06 2.345E+10 8.219E-08 2.153E-14 0.000E+00 4.210E+07
  4.550E+06 7.172E-03 1.000E-05 1.580E-01 9.152E-01 4.884E+06 8.343E+06 3.335E+10 1.388E-07 2.069E-14 0.000E+00 4.210E+07
  4.650E+06 4.998E-03 1.000E-05 1.797E-01 9.152E-01 4.339E+06 7.610E+06 4.760E+10 2.327E-07 1.980E-14 0.000E+00 4.210E+07
  4.750E+06 3.470E-03 1.000E-05 2.041E-01 9.152E-01 3.859E+06 7.059E+06 6.821E+10 3.837E-07 1.888E-14 0.000E+00 4.210E+07
  4.850E+06 2.410E-03 1.000E-05 2.314E-01 9.152E-01 3.417E+06 6.452E+06 9.801E+10 4.951E-07 1.794E-14 0.000E+00 4.210E+07
  4.950E+06 1.670E-03 1.000E-05 2.620E-01 9.152E-01 3.018E+06 5.847E+06 1.415E+11 5.606E-07 1.702E-14 0.000E+00 4.210E+07
  5.050E+06 1.147E-03 1.000E-05 2.966E-01 9.152E-01 2.665E+06 5.306E+06 2.060E+11 6.348E-07 1.612E-14 0.000E+00 4.210E+07
  5.150E+06 7.848E-04 1.000E-05 3.358E-01 9.152E-01 2.354E+06 4.742E+06 3.010E+11 7.187E-07 1.526E-14 0.000E+00 4.210E+07
  5.250E+06 5.396E-04 1.000E-05 3.799E-01 9.152E-01 2.069E+06 4.164E+06 4.391E+11 6.535E-07 1.446E-14 0.000E+00 4.210E+07
  5.350E+06 3.710E-04 1.000E-05 4.298E-01 9.152E-01 1.810E+06 3.649E+06 6.418E+11 5.066E-07 1.371E-14 0.000E+00 4.210E+07
  5.450E+06 2.532E-04 1.000E-05 4.869E-01 9.152E-01 1.581E+06 3.233E+06 9.453E+11 3.905E-07 1.302E-14 0.000E+00 4.210E+07
  5.550E+06 1.712E-04 1.000E-05 5.523E-01 9.152E-01 1.379E+06 2.875E+06 1.405E+12 2.993E-07 1.238E-14 0.000E+00 4.210E+07
  5.650E+06 1.151E-04 1.000E-05 6.274E-01 9.152E-01 1.201E+06 2.518E+06 2.101E+12 2.271E-07 1.179E-14 0.000E+00 4.210E+07
  5.750E+06 7.694E-05 1.000E-05 7.138E-01 9.152E-01 1.045E+06 2.205E+06 3.161E+12 1.717E-07 1.124E-14 0.000E+00 4.210E+07
  5.850E+06 5.082E-05 1.000E-05 8.132E-01 9.152E-01 9.071E+05 1.963E+06 4.811E+12 1.280E-07 1.074E-14 0.000E+00 4.210E+07
  5.950E+06 3.323E-05 1.000E-05 9.278E-01 9.152E-01 7.864E+05 1.734E+06 7.398E+12 9.528E-08 1.028E-14 0.000E+00 4.210E+07
  6.050E+06 2.154E-05 1.000E-05 1.060E+00 9.152E-01 6.806E+05 1.522E+06 1.148E+13 6.985E-08 9.859E-15 0.000E+00 4.210E+07
  6.150E+06 1.380E-05 1.000E-05 1.213E+00 9.152E-01 5.881E+05 1.342E+06 1.801E+13 5.102E-08 9.477E-15 0.000E+00 4.210E+07
  6.250E+06 8.745E-06 1.000E-05 1.391E+00 9.152E-01 5.073E+05 1.180E+06 2.859E+13 3.686E-08 9.128E-15 0.000E+00 4.210E+07
  6.350E+06 5.681E-06 1.000E-05 1.593E+00 9.127E-01 4.231E+05 9.634E+05 4.502E+13 5.940E-09 8.818E-15 0.000E+00 4.198E+07
  6.450E+06 3.435E-06 1.000E-05 1.844E+00 9.152E-01 3.651E+05 8.762E+05 7.451E+13 6.852E-09 8.538E-15 0.000E+00 4.210E+07
  6.550E+06 2.040E-06 1.000E-05 2.133E+00 9.152E-01 3.157E+05 7.990E+05 1.255E+14 7.923E-09 8.277E-15 0.000E+00 4.210E+07
  6.650E+06 1.214E-06 1.000E-05 2.458E+00 9.085E-01 2.698E+05 7.064E+05 2.123E+14 4.108E-09 8.036E-15 0.000E+00 4.179E+07
  6.750E+06 6.994E-07 1.000E-05 2.843E+00 9.047E-01 2.313E+05 6.334E+05 3.703E+14 3.056E-09 7.815E-15 0.000E+00 4.161E+07
  6.850E+06 3.974E-07 1.000E-05 3.286E+00 8.962E-01 1.973E+05 5.617E+05 6.563E+14 1.493E-09 7.612E-15 0.000E+00 4.123E+07
  6.950E+06 2.183E-07 1.000E-05 3.812E+00 8.911E-01 1.683E+05 5.011E+05 1.201E+15 8.655E-10 7.426E-15 0.000E+00 4.099E+07
  7.050E+06 1.177E-07 1.000E-05 4.422E+00 8.816E-01 1.427E+05 4.420E+05 2.245E+15 3.179E-10 7.256E-15 0.000E+00 4.056E+07
  7.150E+06 6.047E-08 1.000E-05 5.158E+00 8.789E-01 1.214E+05 3.967E+05 4.389E+15 2.278E-10 7.099E-15 0.000E+00 4.043E+07
  7.250E+06 2.879E-08 1.000E-05 6.017E+00 8.741E-01 1.029E+05 3.835E+05 9.269E+15 1.286E-10 6.950E-15 0.000E+00 4.021E+07
  7.350E+06 1.229E-08 1.000E-05 7.039E+00 8.715E-01 8.728E+04 3.774E+05 2.180E+16 9.129E-11 6.800E-15 0.000E+00 4.009E+07
  7.450E+06 4.674E-09 1.000E-05 8.238E+00 8.668E-01 7.376E+04 3.692E+05 5.763E+16 5.010E-11 6.649E-15 0.000E+00 3.987E+07
  7.550E+06 1.529E-09 1.000E-05 9.667E+00 8.646E-01 6.237E+04 3.635E+05 1.769E+17 3.617E-11 6.497E-15 0.000E+00 3.977E+07
  7.650E+06 4.248E-10 1.000E-05 1.135E+01 8.601E-01 5.250E+04 3.551E+05 6.404E+17 1.835E-11 6.343E-15 0.000E+00 3.956E+07
  7.750E+06 9.562E-11 1.000E-05 1.337E+01 8.585E-01 4.426E+04 3.499E+05 2.856E+18 1.343E-11 6.189E-15 0.000E+00 3.949E+07
  7.850E+06 1.707E-11 1.000E-05 1.575E+01 8.543E-01 3.710E+04 3.413E+05 1.609E+19 6.252E-12 6.033E-15 0.000E+00 3.930E+07
  7.950E+06 2.265E-12 1.000E-05 1.861E+01 8.533E-01 3.118E+04 3.366E+05 1.217E+20 4.672E-12 5.877E-15 0.000E+00 3.925E+07
  8.050E+06 2.159E-13 1.000E-05 2.200E+01 8.493E-01 2.603E+04 3.278E+05 1.286E+21 1.987E-12 5.719E-15 0.000E+00 3.907E+07
  8.150E+06 1.349E-14 1.000E-05 2.609E+01 8.490E-01 2.180E+04 3.235E+05 2.064E+22 1.591E-12 5.561E-15 0.000E+00 3.905E+07
  8.250E+06 5.237E-16 1.000E-05 3.096E+01 8.448E-01 1.812E+04 3.146E+05 5.354E+23 6.131E-13 5.401E-15 0.000E+00 3.886E+07
  8.350E+06 1.111E-17 1.000E-05 3.685E+01 8.449E-01 1.513E+04 3.107E+05 2.531E+25 5.122E-13 5.241E-15 0.000E+00 3.887E+07
  8.450E+06 1.169E-19 1.000E-05 4.390E+01 8.433E-01 1.258E+04 3.049E+05 2.417E+27 3.079E-13 5.079E-15 0.000E+00 3.879E+07
  8.550E+06 5.273E-22 1.000E-05 5.239E+01 8.410E-01 1.042E+04 2.982E+05 5.390E+29 1.547E-13 4.915E-15 0.000E+00 3.869E+07
  8.650E+06 8.331E-25 1.000E-05 6.269E+01 8.443E-01 8.711E+03 2.982E+05 3.411E+32 2.422E-13 4.748E-15 0.000E+00 3.884E+07
  8.750E+06 3.840E-28 1.000E-05 7.500E+01 8.476E-01 7.281E+03 2.982E+05 7.401E+35 3.797E-13 4.577E-15 0.000E+00 3.899E+07
  8.850E+06 4.057E-32 1.000E-05 8.974E+01 8.509E-01 6.086E+03 2.982E+05 7.006E+39 5.953E-13 4.401E-15 0.000E+00 3.914E+07
  8.950E+06 7.358E-37 1.000E-05 1.074E+02 8.542E-01 5.087E+03 2.983E+05 3.862E+44 9.331E-13 4.219E-15 0.000E+00 3.929E+07
  9.050E+06 1.592E-42 1.000E-05 1.285E+02 8.611E-01 4.275E+03 3.019E+05 1.780E+50 2.551E-12 4.030E-15 0.000E+00 3.961E+07
  9.150E+06 2.703E-49 1.000E-05 1.539E+02 8.723E-01 3.608E+03 3.084E+05 1.043E+57 1.019E-11 3.834E-15 0.000E+00 4.013E+07
  9.250E+06 2.337E-57 1.000E-05 1.838E+02 8.801E-01 3.038E+03 3.117E+05 1.203E+65 2.372E-11 3.630E-15 0.000E+00 4.048E+07
  9.350E+06 5.727E-67 1.000E-05 2.194E+02 8.899E-01 2.565E+03 3.167E+05 4.890E+74 6.928E-11 3.419E-15 0.000E+00 4.093E+07
  9.450E+06 2.074E-78 1.000E-05 2.615E+02 8.999E-01 2.169E+03 3.218E+05 1.345E+86 2.002E-10 3.200E-15 0.000E+00 4.140E+07
  9.550E+06 5.044E-92 1.000E-05 3.116E+02 9.109E-01 1.830E+03 3.252E+05 5.516E+99 3.980E-10 2.976E-15 0.000E+00 4.190E+07
  9.650E+06 5.147E-95 1.000E-05 3.696E+02 9.152E-01 1.555E+03 3.303E+05 5.385+102 7.596E-10 2.746E-15 0.000E+00 4.210E+07
  9.750E+06 4.319E-95 1.000E-05 4.370E+02 9.152E-01 1.325E+03 3.356E+05 6.393+102 1.320E-09 2.513E-15 0.000E+00 4.210E+07
  9.850E+06 3.621E-95 1.000E-05 5.159E+02 9.152E-01 1.134E+03 3.425E+05 7.587+102 2.603E-09 2.279E-15 0.000E+00 4.210E+07
  9.950E+06 3.042E-95 1.000E-05 6.080E+02 9.152E-01 9.725E+02 3.496E+05 8.988+102 4.998E-09 2.048E-15 0.000E+00 4.210E+07

Hydrogen escape rate in units of H2 molecules
     Approximate escape rate = 1.535E+08
     Escape rate calculated from FUP = 1.656E+08
     Total hydrogen mixing ratio at the homopause =  6.141E-06
     Total hydrogen mixing ratio at the tropopause = 6.835E-06
CH4 lifetime in the surface (yr) 3.03644E-07
CH4 lifetime (yr) 7.35715E+00
