alt_km,layer,pressure_hPa,region,process,reaction,rate_cm3_s
0.5,0,1008.9982374884371,troposphere,production,O + O2 + M -> O3 + M,108536565.3291356
0.5,0,1008.9982374884371,troposphere,production,NO3 + O2 -> NO2 + O3,3.143372612582041e-10
0.5,0,1008.9982374884371,troposphere,production,HO2 + O2 -> OH + O3,2.5616161593557563e-18
0.5,0,1008.9982374884371,troposphere,production,ClO + O2 -> Cl + O3,1.1335675187560726e-23
0.5,0,1008.9982374884371,troposphere,production,NO2 + O2 -> NO + O3,1.3429677685150556e-23
0.5,0,1008.9982374884371,troposphere,production,SO3 + O2 -> SO2 + O3,4.4126590583137235e-46
0.5,0,1008.9982374884371,troposphere,production,OH + O2 -> H + O3,3.976210102179216e-47
0.5,0,1008.9982374884371,troposphere,production,HSO + O2 -> HS + O3,4.813411816288369e-48
0.5,0,1008.9982374884371,troposphere,production,O2 + O2 -> O + O3,1.1426701283087312e-49
0.5,0,1008.9982374884371,troposphere,production,H2CO + HO2 -> CH3 + O3,2.162815629360805e-65
0.5,0,1008.9982374884371,troposphere,production,SO2 + O2 -> SO + O3,4.723720413091398e-67
0.5,0,1008.9982374884371,troposphere,production,SO + O2 -> S + O3,2.097594661122727e-68
0.5,0,1008.9982374884371,troposphere,production,O2 + O2 -> O1D + O3,5.132014041237449e-80
0.5,0,1008.9982374884371,troposphere,production,OCS + O2 -> CS + O3,1.4666849802825906e-89
0.5,0,1008.9982374884371,troposphere,loss,O3 + hv -> O + O2,139295775.16437966
0.5,0,1008.9982374884371,troposphere,loss,O3 + hv -> O1D + O2,4265964.687574706
0.5,0,1008.9982374884371,troposphere,loss,NO + O3 -> NO2 + O2,593099.2790623152
0.5,0,1008.9982374884371,troposphere,loss,H + O3 -> OH + O2,0.549863475159184
0.5,0,1008.9982374884371,troposphere,loss,OH + O3 -> HO2 + O2,47384.184823721735
0.5,0,1008.9982374884371,troposphere,loss,O + O3 -> O2 + O2,4.511179658938937
0.5,0,1008.9982374884371,troposphere,loss,NO2 + O3 -> NO3 + O2,5644.984181883863
0.5,0,1008.9982374884371,troposphere,loss,O1D + O3 -> O2 + O2,0.3187989281295123
0.5,0,1008.9982374884371,troposphere,loss,O3 + M -> O + O2 + M,42527.64635099299
0.5,0,1008.9982374884371,troposphere,loss,CH3 + O3 -> H2CO + HO2,1.4947282328543736
0.5,0,1008.9982374884371,troposphere,loss,HS + O3 -> HSO + O2,1118.5326552330189
0.5,0,1008.9982374884371,troposphere,loss,SO + O3 -> SO2 + O2,1.1714980008929337
0.5,0,1008.9982374884371,troposphere,loss,rainout,1.5744733407990195
0.5,0,1008.9982374884371,troposphere,loss,SO2 + O3 -> SO3 + O2,0.03939462934529121
0.5,0,1008.9982374884371,troposphere,loss,S + O3 -> SO + O2,3.229402895829238e-08
0.5,0,1008.9982374884371,troposphere,loss,Cl + O3 -> ClO + O2,1.524667833163418e-12
0.5,0,1008.9982374884371,troposphere,loss,CS + O3 -> OCS + O2,4.994405997842923e-25
1.5,1,893.2098822090536,troposphere,production,O + O2 + M -> O3 + M,104154664.21644588
1.5,1,893.2098822090536,troposphere,production,NO3 + O2 -> NO2 + O3,4.232956571022843e-11
1.5,1,893.2098822090536,troposphere,production,HO2 + O2 -> OH + O3,3.8606760180390193e-19
1.5,1,893.2098822090536,troposphere,production,ClO + O2 -> Cl + O3,1.8832106396162467e-24
1.5,1,893.2098822090536,troposphere,production,NO2 + O2 -> NO + O3,2.5985316964645492e-25
1.5,1,893.2098822090536,troposphere,production,SO3 + O2 -> SO2 + O3,1.2946619091335125e-47
1.5,1,893.2098822090536,troposphere,production,OH + O2 -> H + O3,1.20576367887854e-48
1.5,1,893.2098822090536,troposphere,production,HSO + O2 -> HS + O3,1.3618576768272604e-49
1.5,1,893.2098822090536,troposphere,production,O2 + O2 -> O + O3,1.7767798001011867e-51
1.5,1,893.2098822090536,troposphere,production,H2CO + HO2 -> CH3 + O3,3.085901564638544e-67
1.5,1,893.2098822090536,troposphere,production,SO2 + O2 -> SO + O3,9.806165257944434e-69
1.5,1,893.2098822090536,troposphere,production,SO + O2 -> S + O3,1.9786294574423784e-70
1.5,1,893.2098822090536,troposphere,production,O2 + O2 -> O1D + O3,1.493635209406144e-82
1.5,1,893.2098822090536,troposphere,production,OCS + O2 -> CS + O3,5.188128801170723e-92
1.5,1,893.2098822090536,troposphere,loss,O3 + hv -> O + O2,134192343.2726935
1.5,1,893.2098822090536,troposphere,loss,O3 + hv -> O1D + O2,4584623.426483157
1.5,1,893.2098822090536,troposphere,loss,NO + O3 -> NO2 + O2,27431.661440041775
1.5,1,893.2098822090536,troposphere,loss,H + O3 -> OH + O2,0.39605843793298223
1.5,1,893.2098822090536,troposphere,loss,OH + O3 -> HO2 + O2,32795.25123216298
1.5,1,893.2098822090536,troposphere,loss,O + O3 -> O2 + O2,4.015011186449592
1.5,1,893.2098822090536,troposphere,loss,NO2 + O3 -> NO3 + O2,722.8200626619786
1.5,1,893.2098822090536,troposphere,loss,O1D + O3 -> O2 + O2,0.3589606942861578
1.5,1,893.2098822090536,troposphere,loss,O3 + M -> O + O2 + M,14032.078830924462
1.5,1,893.2098822090536,troposphere,loss,CH3 + O3 -> H2CO + HO2,0.961109276705339
1.5,1,893.2098822090536,troposphere,loss,HS + O3 -> HSO + O2,440.7282877736059
1.5,1,893.2098822090536,troposphere,loss,SO + O3 -> SO2 + O2,0.5872387168057543
1.5,1,893.2098822090536,troposphere,loss,rainout,0.6117115424820185
1.5,1,893.2098822090536,troposphere,loss,SO2 + O3 -> SO3 + O2,0.03989488110458806
1.5,1,893.2098822090536,troposphere,loss,S + O3 -> SO + O2,1.6326983311382218e-08
1.5,1,893.2098822090536,troposphere,loss,Cl + O3 -> ClO + O2,1.2718692849623305e-12
1.5,1,893.2098822090536,troposphere,loss,CS + O3 -> OCS + O2,4.28763371101478e-25
2.5,2,789.2463095499853,troposphere,production,O + O2 + M -> O3 + M,99729517.52112727
2.5,2,789.2463095499853,troposphere,production,NO3 + O2 -> NO2 + O3,6.311674557875809e-12
2.5,2,789.2463095499853,troposphere,production,HO2 + O2 -> OH + O3,7.734483267523744e-20
2.5,2,789.2463095499853,troposphere,production,ClO + O2 -> Cl + O3,4.795695603960334e-25
2.5,2,789.2463095499853,troposphere,production,NO2 + O2 -> NO + O3,1.2059427062766272e-26
2.5,2,789.2463095499853,troposphere,production,SO3 + O2 -> SO2 + O3,9.931598071141284e-49
2.5,2,789.2463095499853,troposphere,production,OH + O2 -> H + O3,1.1862468824382455e-49
2.5,2,789.2463095499853,troposphere,production,HSO + O2 -> HS + O3,1.0764778768671202e-50
2.5,2,789.2463095499853,troposphere,production,O2 + O2 -> O + O3,8.189122998696405e-53
2.5,2,789.2463095499853,troposphere,production,H2CO + HO2 -> CH3 + O3,5.756789084200074e-69
2.5,2,789.2463095499853,troposphere,production,SO2 + O2 -> SO + O3,2.4961083029953038e-70
2.5,2,789.2463095499853,troposphere,production,SO + O2 -> S + O3,7.077929110256794e-72
2.5,2,789.2463095499853,troposphere,production,O2 + O2 -> O1D + O3,2.054270990104019e-84
2.5,2,789.2463095499853,troposphere,production,OCS + O2 -> CS + O3,8.211021098230357e-94
2.5,2,789.2463095499853,troposphere,loss,O3 + hv -> O + O2,128254790.82783997
2.5,2,789.2463095499853,troposphere,loss,O3 + hv -> O1D + O2,4779774.349368483
2.5,2,789.2463095499853,troposphere,loss,NO + O3 -> NO2 + O2,2554.6824718634184
2.5,2,789.2463095499853,troposphere,loss,H + O3 -> OH + O2,0.35625837580360914
2.5,2,789.2463095499853,troposphere,loss,OH + O3 -> HO2 + O2,31310.53751945925
2.5,2,789.2463095499853,troposphere,loss,O + O3 -> O2 + O2,3.8361869185132935
2.5,2,789.2463095499853,troposphere,loss,NO2 + O3 -> NO3 + O2,133.20756744345948
2.5,2,789.2463095499853,troposphere,loss,O1D + O3 -> O2 + O2,0.39258758196022486
2.5,2,789.2463095499853,troposphere,loss,O3 + M -> O + O2 + M,5951.580030783891
2.5,2,789.2463095499853,troposphere,loss,CH3 + O3 -> H2CO + HO2,0.9032719831155056
2.5,2,789.2463095499853,troposphere,loss,HS + O3 -> HSO + O2,231.9572030927845
2.5,2,789.2463095499853,troposphere,loss,SO + O3 -> SO2 + O2,0.3751047593147153
2.5,2,789.2463095499853,troposphere,loss,rainout,0.046911637319978744
2.5,2,789.2463095499853,troposphere,loss,SO2 + O3 -> SO3 + O2,0.017049393163172742
2.5,2,789.2463095499853,troposphere,loss,S + O3 -> SO + O2,1.0760433961254903e-08
2.5,2,789.2463095499853,troposphere,loss,Cl + O3 -> ClO + O2,1.1162291523849345e-12
2.5,2,789.2463095499853,troposphere,loss,CS + O3 -> OCS + O2,3.627962085028076e-25
3.5,3,695.8552108128501,troposphere,production,O + O2 + M -> O3 + M,97162883.84999035
3.5,3,695.8552108128501,troposphere,production,NO3 + O2 -> NO2 + O3,1.3890782354443402e-12
3.5,3,695.8552108128501,troposphere,production,HO2 + O2 -> OH + O3,1.3390057622959347e-20
3.5,3,695.8552108128501,troposphere,production,ClO + O2 -> Cl + O3,9.774369365907567e-26
3.5,3,695.8552108128501,troposphere,production,NO2 + O2 -> NO + O3,9.529369540172663e-28
3.5,3,695.8552108128501,troposphere,production,SO3 + O2 -> SO2 + O3,4.217550394343752e-50
3.5,3,695.8552108128501,troposphere,production,OH + O2 -> H + O3,6.997408980495587e-51
3.5,3,695.8552108128501,troposphere,production,HSO + O2 -> HS + O3,5.600039390181947e-52
3.5,3,695.8552108128501,troposphere,production,O2 + O2 -> O + O3,2.1685763432892554e-54
3.5,3,695.8552108128501,troposphere,production,H2CO + HO2 -> CH3 + O3,9.484488363024885e-71
3.5,3,695.8552108128501,troposphere,production,SO2 + O2 -> SO + O3,3.4295743890755513e-72
3.5,3,695.8552108128501,troposphere,production,SO + O2 -> S + O3,1.4285077209338485e-73
3.5,3,695.8552108128501,troposphere,production,O2 + O2 -> O1D + O3,1.2838733178684941e-86
3.5,3,695.8552108128501,troposphere,production,OCS + O2 -> CS + O3,6.0685819774635635e-96
3.5,3,695.8552108128501,troposphere,loss,O3 + hv -> O + O2,124633563.14758787
3.5,3,695.8552108128501,troposphere,loss,O3 + hv -> O1D + O2,4983755.549985237
3.5,3,695.8552108128501,troposphere,loss,NO + O3 -> NO2 + O2,979.0013113243959
3.5,3,695.8552108128501,troposphere,loss,H + O3 -> OH + O2,0.3229459179081253
3.5,3,695.8552108128501,troposphere,loss,OH + O3 -> HO2 + O2,28093.162248488276
3.5,3,695.8552108128501,troposphere,loss,O + O3 -> O2 + O2,3.6829933739551812
3.5,3,695.8552108128501,troposphere,loss,NO2 + O3 -> NO3 + O2,55.082523365850655
3.5,3,695.8552108128501,troposphere,loss,O1D + O3 -> O2 + O2,0.43666681462281864
3.5,3,695.8552108128501,troposphere,loss,O3 + M -> O + O2 + M,2248.6819849755534
3.5,3,695.8552108128501,troposphere,loss,CH3 + O3 -> H2CO + HO2,0.7803443200925012
3.5,3,695.8552108128501,troposphere,loss,HS + O3 -> HSO + O2,115.85960419605335
3.5,3,695.8552108128501,troposphere,loss,SO + O3 -> SO2 + O2,0.23846478476367355
3.5,3,695.8552108128501,troposphere,loss,rainout,0.07835243189292794
3.5,3,695.8552108128501,troposphere,loss,SO2 + O3 -> SO3 + O2,0.006856045897917216
3.5,3,695.8552108128501,troposphere,loss,S + O3 -> SO + O2,6.600184601300959e-09
3.5,3,695.8552108128501,troposphere,loss,Cl + O3 -> ClO + O2,9.767313673460467e-13
3.5,3,695.8552108128501,troposphere,loss,CS + O3 -> OCS + O2,3.128577428846265e-25
4.5,4,611.9928568317189,troposphere,production,O + O2 + M -> O3 + M,96124839.21211338
4.5,4,611.9928568317189,troposphere,production,NO3 + O2 -> NO2 + O3,3.3837100690693224e-13
4.5,4,611.9928568317189,troposphere,production,HO2 + O2 -> OH + O3,1.9028574953304327e-21
4.5,4,611.9928568317189,troposphere,production,ClO + O2 -> Cl + O3,1.608465148724528e-26
4.5,4,611.9928568317189,troposphere,production,NO2 + O2 -> NO + O3,9.861241981630265e-29
4.5,4,611.9928568317189,troposphere,production,SO3 + O2 -> SO2 + O3,1.125593458399371e-51
4.5,4,611.9928568317189,troposphere,production,OH + O2 -> H + O3,2.5639846562538206e-52
4.5,4,611.9928568317189,troposphere,production,HSO + O2 -> HS + O3,2.0175424312773652e-53
4.5,4,611.9928568317189,troposphere,production,O2 + O2 -> O + O3,3.378649515312918e-56
4.5,4,611.9928568317189,troposphere,production,H2CO + HO2 -> CH3 + O3,1.5916354044595864e-72
4.5,4,611.9928568317189,troposphere,production,SO2 + O2 -> SO + O3,2.6321555657891107e-74
4.5,4,611.9928568317189,troposphere,production,SO + O2 -> S + O3,1.723396449617767e-75
4.5,4,611.9928568317189,troposphere,production,O2 + O2 -> O1D + O3,3.773235235787086e-89
4.5,4,611.9928568317189,troposphere,production,OCS + O2 -> CS + O3,2.1646407764907023e-98
4.5,4,611.9928568317189,troposphere,loss,O3 + hv -> O + O2,122999278.29324824
4.5,4,611.9928568317189,troposphere,loss,O3 + hv -> O1D + O2,5212977.349489763
4.5,4,611.9928568317189,troposphere,loss,NO + O3 -> NO2 + O2,845.1906147494856
4.5,4,611.9928568317189,troposphere,loss,H + O3 -> OH + O2,0.290243173678614
4.5,4,611.9928568317189,troposphere,loss,OH + O3 -> HO2 + O2,24052.245103291603
4.5,4,611.9928568317189,troposphere,loss,O + O3 -> O2 + O2,3.5513225571245854
4.5,4,611.9928568317189,troposphere,loss,NO2 + O3 -> NO3 + O2,38.822010381988406
4.5,4,611.9928568317189,troposphere,loss,O1D + O3 -> O2 + O2,0.49483297270258086
4.5,4,611.9928568317189,troposphere,loss,O3 + M -> O + O2 + M,759.6959278803192
4.5,4,611.9928568317189,troposphere,loss,CH3 + O3 -> H2CO + HO2,0.6307306663746557
4.5,4,611.9928568317189,troposphere,loss,HS + O3 -> HSO + O2,56.8953987409249
4.5,4,611.9928568317189,troposphere,loss,SO + O3 -> SO2 + O2,0.155823025383966
4.5,4,611.9928568317189,troposphere,loss,rainout,0.10837980680522168
4.5,4,611.9928568317189,troposphere,loss,SO2 + O3 -> SO3 + O2,0.0026185527525736784
4.5,4,611.9928568317189,troposphere,loss,S + O3 -> SO + O2,3.937325642939943e-09
4.5,4,611.9928568317189,troposphere,loss,Cl + O3 -> ClO + O2,8.457852046537157e-13
4.5,4,611.9928568317189,troposphere,loss,CS + O3 -> OCS + O2,2.7441021965916167e-25
5.5,5,536.7697511781865,troposphere,production,O + O2 + M -> O3 + M,96069883.91361214
5.5,5,536.7697511781865,troposphere,production,NO3 + O2 -> NO2 + O3,7.742092471862656e-14
5.5,5,536.7697511781865,troposphere,production,HO2 + O2 -> OH + O3,2.2450864855900937e-22
5.5,5,536.7697511781865,troposphere,production,ClO + O2 -> Cl + O3,2.189703388226526e-27
5.5,5,536.7697511781865,troposphere,production,NO2 + O2 -> NO + O3,9.903745608484914e-30
5.5,5,536.7697511781865,troposphere,production,SO3 + O2 -> SO2 + O3,2.184935653492329e-53
5.5,5,536.7697511781865,troposphere,production,OH + O2 -> H + O3,6.324697225440568e-54
5.5,5,536.7697511781865,troposphere,production,HSO + O2 -> HS + O3,5.459960969916237e-55
5.5,5,536.7697511781865,troposphere,production,O2 + O2 -> O + O3,3.2983201259890655e-58
5.5,5,536.7697511781865,troposphere,production,H2CO + HO2 -> CH3 + O3,2.2446646398704415e-74
5.5,5,536.7697511781865,troposphere,production,SO2 + O2 -> SO + O3,1.215377535118423e-76
5.5,5,536.7697511781865,troposphere,production,SO + O2 -> S + O3,1.3722007971332714e-77
5.5,5,536.7697511781865,troposphere,production,O2 + O2 -> O1D + O3,5.70736813476126e-92
5.5,5,536.7697511781865,troposphere,production,OCS + O2 -> CS + O3,4.0651646057436324e-101
5.5,5,536.7697511781865,troposphere,loss,O3 + hv -> O + O2,122656516.76625437
5.5,5,536.7697511781865,troposphere,loss,O3 + hv -> O1D + O2,5458260.482548888
5.5,5,536.7697511781865,troposphere,loss,NO + O3 -> NO2 + O2,1093.0625907970757
5.5,5,536.7697511781865,troposphere,loss,H + O3 -> OH + O2,0.2617849264212233
5.5,5,536.7697511781865,troposphere,loss,OH + O3 -> HO2 + O2,20164.09633581596
5.5,5,536.7697511781865,troposphere,loss,O + O3 -> O2 + O2,3.422382947910437
5.5,5,536.7697511781865,troposphere,loss,NO2 + O3 -> NO3 + O2,33.389771206568234
5.5,5,536.7697511781865,troposphere,loss,O1D + O3 -> O2 + O2,0.5672174253787776
5.5,5,536.7697511781865,troposphere,loss,O3 + M -> O + O2 + M,231.65293873371368
5.5,5,536.7697511781865,troposphere,loss,CH3 + O3 -> H2CO + HO2,0.4914954071914937
5.5,5,536.7697511781865,troposphere,loss,HS + O3 -> HSO + O2,28.548186302816948
5.5,5,536.7697511781865,troposphere,loss,SO + O3 -> SO2 + O2,0.10791124864203504
5.5,5,536.7697511781865,troposphere,loss,rainout,0.08543670908569369
5.5,5,536.7697511781865,troposphere,loss,SO2 + O3 -> SO3 + O2,0.000956795849132579
5.5,5,536.7697511781865,troposphere,loss,S + O3 -> SO + O2,2.3843524341024215e-09
5.5,5,536.7697511781865,troposphere,loss,Cl + O3 -> ClO + O2,7.297686342139088e-13
5.5,5,536.7697511781865,troposphere,loss,CS + O3 -> OCS + O2,2.4334695841896975e-25
6.5,6,469.33164972792616,troposphere,production,O + O2 + M -> O3 + M,96607207.01871319
6.5,6,469.33164972792616,troposphere,production,NO3 + O2 -> NO2 + O3,1.4582572332817974e-14
6.5,6,469.33164972792616,troposphere,production,HO2 + O2 -> OH + O3,1.989762340681306e-23
6.5,6,469.33164972792616,troposphere,production,ClO + O2 -> Cl + O3,2.257481263703893e-28
6.5,6,469.33164972792616,troposphere,production,NO2 + O2 -> NO + O3,7.726030586706259e-31
6.5,6,469.33164972792616,troposphere,production,SO3 + O2 -> SO2 + O3,2.8926056079335023e-55
6.5,6,469.33164972792616,troposphere,production,OH + O2 -> H + O3,8.872044212361115e-56
6.5,6,469.33164972792616,troposphere,production,HSO + O2 -> HS + O3,9.68640360042279e-57
6.5,6,469.33164972792616,troposphere,production,O2 + O2 -> O + O3,1.6175610244522902e-60
6.5,6,469.33164972792616,troposphere,production,H2CO + HO2 -> CH3 + O3,1.8146553416942828e-76
6.5,6,469.33164972792616,troposphere,production,SO2 + O2 -> SO + O3,2.6474326138439025e-79
6.5,6,469.33164972792616,troposphere,production,SO + O2 -> S + O3,5.91507949521037e-80
6.5,6,469.33164972792616,troposphere,production,O2 + O2 -> O1D + O3,3.2430434866489675e-95
6.5,6,469.33164972792616,troposphere,production,OCS + O2 -> CS + O3,2.9657463484051816e-104
6.5,6,469.33164972792616,troposphere,loss,O3 + hv -> O + O2,123096112.76506598
6.5,6,469.33164972792616,troposphere,loss,O3 + hv -> O1D + O2,5709413.524948307
6.5,6,469.33164972792616,troposphere,loss,NO + O3 -> NO2 + O2,1911.4210273450117
6.5,6,469.33164972792616,troposphere,loss,H + O3 -> OH + O2,0.23632522864732816
6.5,6,469.33164972792616,troposphere,loss,OH + O3 -> HO2 + O2,16539.395333979533
6.5,6,469.33164972792616,troposphere,loss,O + O3 -> O2 + O2,3.2275873036466147
6.5,6,469.33164972792616,troposphere,loss,NO2 + O3 -> NO3 + O2,30.950133928055866
6.5,6,469.33164972792616,troposphere,loss,O1D + O3 -> O2 + O2,0.6529575107747632
6.5,6,469.33164972792616,troposphere,loss,O3 + M -> O + O2 + M,60.18350603472316
6.5,6,469.33164972792616,troposphere,loss,CH3 + O3 -> H2CO + HO2,0.3657557125950362
6.5,6,469.33164972792616,troposphere,loss,HS + O3 -> HSO + O2,14.793968739568813
6.5,6,469.33164972792616,troposphere,loss,SO + O3 -> SO2 + O2,0.0805663582223147
6.5,6,469.33164972792616,troposphere,loss,rainout,0.06837604103757286
6.5,6,469.33164972792616,troposphere,loss,SO2 + O3 -> SO3 + O2,0.0003236972953658904
6.5,6,469.33164972792616,troposphere,loss,S + O3 -> SO + O2,1.4858509389234644e-09
6.5,6,469.33164972792616,troposphere,loss,Cl + O3 -> ClO + O2,6.298522367135497e-13
6.5,6,469.33164972792616,troposphere,loss,CS + O3 -> OCS + O2,2.174000296904397e-25
7.5,7,408.90939628519914,troposphere,production,O + O2 + M -> O3 + M,97208887.45473137
7.5,7,408.90939628519914,troposphere,production,NO3 + O2 -> NO2 + O3,2.1848962497006825e-15
7.5,7,408.90939628519914,troposphere,production,HO2 + O2 -> OH + O3,1.370778974325837e-24
7.5,7,408.90939628519914,troposphere,production,ClO + O2 -> Cl + O3,1.8365656691477372e-29
7.5,7,408.90939628519914,troposphere,production,NO2 + O2 -> NO + O3,4.66328430499689e-32
7.5,7,408.90939628519914,troposphere,production,SO3 + O2 -> SO2 + O3,3.3583118786856923e-57
7.5,7,408.90939628519914,troposphere,production,OH + O2 -> H + O3,7.820357353826093e-58
7.5,7,408.90939628519914,troposphere,production,HSO + O2 -> HS + O3,1.2248041475998823e-58
7.5,7,408.90939628519914,troposphere,production,O2 + O2 -> O + O3,4.430181906351971e-63
7.5,7,408.90939628519914,troposphere,production,H2CO + HO2 -> CH3 + O3,8.101306656372962e-79
7.5,7,408.90939628519914,troposphere,production,SO2 + O2 -> SO + O3,3.065758145680827e-82
7.5,7,408.90939628519914,troposphere,production,SO + O2 -> S + O3,1.5457130365342025e-82
7.5,7,408.90939628519914,troposphere,production,O2 + O2 -> O1D + O3,8.055483134349758e-99
7.5,7,408.90939628519914,troposphere,production,OCS + O2 -> CS + O3,9.728028285221026e-108
7.5,7,408.90939628519914,troposphere,loss,O3 + hv -> O + O2,123642481.02262278
7.5,7,408.90939628519914,troposphere,loss,O3 + hv -> O1D + O2,5942193.154829342
7.5,7,408.90939628519914,troposphere,loss,NO + O3 -> NO2 + O2,4622.135021678272
7.5,7,408.90939628519914,troposphere,loss,H + O3 -> OH + O2,0.21467018907094162
7.5,7,408.90939628519914,troposphere,loss,OH + O3 -> HO2 + O2,13424.421867771101
7.5,7,408.90939628519914,troposphere,loss,O + O3 -> O2 + O2,2.971677373030318
7.5,7,408.90939628519914,troposphere,loss,NO2 + O3 -> NO3 + O2,29.153883841833597
7.5,7,408.90939628519914,troposphere,loss,O1D + O3 -> O2 + O2,0.7486595594657622
7.5,7,408.90939628519914,troposphere,loss,O3 + M -> O + O2 + M,13.576475162057728
7.5,7,408.90939628519914,troposphere,loss,CH3 + O3 -> H2CO + HO2,0.2646519736134389
7.5,7,408.90939628519914,troposphere,loss,HS + O3 -> HSO + O2,8.012254084820475
7.5,7,408.90939628519914,troposphere,loss,SO + O3 -> SO2 + O2,0.06494063994853773
7.5,7,408.90939628519914,troposphere,loss,rainout,0.046002860574302626
7.5,7,408.90939628519914,troposphere,loss,SO2 + O3 -> SO3 + O2,0.00010243562776641821
7.5,7,408.90939628519914,troposphere,loss,S + O3 -> SO + O2,9.659842529823022e-10
7.5,7,408.90939628519914,troposphere,loss,Cl + O3 -> ClO + O2,5.46788331112987e-13
7.5,7,408.90939628519914,troposphere,loss,CS + O3 -> OCS + O2,1.9431611139811373e-25
8.5,8,354.86453321622236,troposphere,production,O + O2 + M -> O3 + M,97463676.4706375
8.5,8,354.86453321622236,troposphere,production,NO3 + O2 -> NO2 + O3,2.329481131603828e-16
8.5,8,354.86453321622236,troposphere,production,HO2 + O2 -> OH + O3,7.025061251338458e-26
8.5,8,354.86453321622236,troposphere,production,ClO + O2 -> Cl + O3,1.2236959500407395e-30
8.5,8,354.86453321622236,troposphere,production,NO2 + O2 -> NO + O3,2.039142971617288e-33
8.5,8,354.86453321622236,troposphere,production,SO3 + O2 -> SO2 + O3,3.791169790583275e-59
8.5,8,354.86453321622236,troposphere,production,OH + O2 -> H + O3,4.8234310003347375e-60
8.5,8,354.86453321622236,troposphere,production,HSO + O2 -> HS + O3,1.2084672333685703e-60
8.5,8,354.86453321622236,troposphere,production,O2 + O2 -> O + O3,7.454190610027514e-66
8.5,8,354.86453321622236,troposphere,production,H2CO + HO2 -> CH3 + O3,1.5374367096795817e-81
8.5,8,354.86453321622236,troposphere,production,SO2 + O2 -> SO + O3,2.1032539457641063e-85
8.5,8,354.86453321622236,troposphere,production,SO + O2 -> S + O3,2.7517448682783284e-85
8.5,8,354.86453321622236,troposphere,production,O2 + O2 -> O1D + O3,1.0026146992958319e-102
8.5,8,354.86453321622236,troposphere,production,OCS + O2 -> CS + O3,1.6365226789228752e-111
8.5,8,354.86453321622236,troposphere,loss,O3 + hv -> O + O2,123772260.06849182
8.5,8,354.86453321622236,troposphere,loss,O3 + hv -> O1D + O2,6134113.5518409815
8.5,8,354.86453321622236,troposphere,loss,NO + O3 -> NO2 + O2,13640.045465882386
8.5,8,354.86453321622236,troposphere,loss,H + O3 -> OH + O2,0.19133558359407132
8.5,8,354.86453321622236,troposphere,loss,OH + O3 -> HO2 + O2,11094.981501348166
8.5,8,354.86453321622236,troposphere,loss,O + O3 -> O2 + O2,2.668841489525247
8.5,8,354.86453321622236,troposphere,loss,NO2 + O3 -> NO3 + O2,24.889887486033306
8.5,8,354.86453321622236,troposphere,loss,O1D + O3 -> O2 + O2,0.8498182414838577
8.5,8,354.86453321622236,troposphere,loss,O3 + M -> O + O2 + M,2.707324806018422
8.5,8,354.86453321622236,troposphere,loss,CH3 + O3 -> H2CO + HO2,0.19271597123009282
8.5,8,354.86453321622236,troposphere,loss,HS + O3 -> HSO + O2,4.655170492986382
8.5,8,354.86453321622236,troposphere,loss,SO + O3 -> SO2 + O2,0.05748007789876711
8.5,8,354.86453321622236,troposphere,loss,rainout,0.027759290219907133
8.5,8,354.86453321622236,troposphere,loss,SO2 + O3 -> SO3 + O2,3.0647783744579225e-05
8.5,8,354.86453321622236,troposphere,loss,S + O3 -> SO + O2,6.736913801524491e-10
8.5,8,354.86453321622236,troposphere,loss,Cl + O3 -> ClO + O2,4.862658010107053e-13
8.5,8,354.86453321622236,troposphere,loss,CS + O3 -> OCS + O2,1.7283267062921674e-25
9.5,9,306.6642300388161,troposphere,production,O + O2 + M -> O3 + M,97324696.93705381
9.5,9,306.6642300388161,troposphere,production,NO3 + O2 -> NO2 + O3,2.013136344124536e-17
9.5,9,306.6642300388161,troposphere,production,HO2 + O2 -> OH + O3,2.8927669191645953e-27
9.5,9,306.6642300388161,troposphere,production,ClO + O2 -> Cl + O3,7.452615024950934e-32
9.5,9,306.6642300388161,troposphere,production,NO2 + O2 -> NO + O3,7.52792480940044e-35
9.5,9,306.6642300388161,troposphere,production,SO3 + O2 -> SO2 + O3,4.4333233734341295e-61
9.5,9,306.6642300388161,troposphere,production,OH + O2 -> H + O3,2.600849037868627e-62
9.5,9,306.6642300388161,troposphere,production,HSO + O2 -> HS + O3,1.1187597774470088e-62
9.5,9,306.6642300388161,troposphere,production,O2 + O2 -> O + O3,1.0169080906589168e-68
9.5,9,306.6642300388161,troposphere,production,H2CO + HO2 -> CH3 + O3,1.3424747772789425e-84
9.5,9,306.6642300388161,troposphere,production,SO2 + O2 -> SO + O3,1.1665970700994383e-88
9.5,9,306.6642300388161,troposphere,production,SO + O2 -> S + O3,4.333886696808627e-88
9.5,9,306.6642300388161,troposphere,production,O2 + O2 -> O1D + O3,9.291334108144235e-107
9.5,9,306.6642300388161,troposphere,production,OCS + O2 -> CS + O3,2.069316591567096e-115
9.5,9,306.6642300388161,troposphere,loss,O3 + hv -> O + O2,123428223.77342848
9.5,9,306.6642300388161,troposphere,loss,O3 + hv -> O1D + O2,6282869.755739294
9.5,9,306.6642300388161,troposphere,loss,NO + O3 -> NO2 + O2,27026.805565084287
9.5,9,306.6642300388161,troposphere,loss,H + O3 -> OH + O2,0.16613914033975577
9.5,9,306.6642300388161,troposphere,loss,OH + O3 -> HO2 + O2,9389.492610949948
9.5,9,306.6642300388161,troposphere,loss,O + O3 -> O2 + O2,2.3795141863257014
9.5,9,306.6642300388161,troposphere,loss,NO2 + O3 -> NO3 + O2,19.71912765631619
9.5,9,306.6642300388161,troposphere,loss,O1D + O3 -> O2 + O2,0.957268410890531
9.5,9,306.6642300388161,troposphere,loss,O3 + M -> O + O2 + M,0.5096356148883525
9.5,9,306.6642300388161,troposphere,loss,CH3 + O3 -> H2CO + HO2,0.14388970135200974
9.5,9,306.6642300388161,troposphere,loss,HS + O3 -> HSO + O2,2.898137620742968
9.5,9,306.6642300388161,troposphere,loss,SO + O3 -> SO2 + O2,0.05500453834098725
9.5,9,306.6642300388161,troposphere,loss,rainout,0.010704665251584793
9.5,9,306.6642300388161,troposphere,loss,SO2 + O3 -> SO3 + O2,9.023711780397682e-06
9.5,9,306.6642300388161,troposphere,loss,S + O3 -> SO + O2,5.0651602301742e-10
9.5,9,306.6642300388161,troposphere,loss,Cl + O3 -> ClO + O2,4.409818373695277e-13
9.5,9,306.6642300388161,troposphere,loss,CS + O3 -> OCS + O2,1.5261986322119844e-25
10.5,10,263.8910440304237,troposphere,production,O + O2 + M -> O3 + M,98559005.15148678
10.5,10,263.8910440304237,troposphere,production,NO3 + O2 -> NO2 + O3,1.9559519577722412e-18
10.5,10,263.8910440304237,troposphere,production,HO2 + O2 -> OH + O3,1.3385616076748725e-28
10.5,10,263.8910440304237,troposphere,production,ClO + O2 -> Cl + O3,4.97193610886556e-33
10.5,10,263.8910440304237,troposphere,production,NO2 + O2 -> NO + O3,3.510903373883288e-36
10.5,10,263.8910440304237,troposphere,production,SO3 + O2 -> SO2 + O3,5.989711640048384e-63
10.5,10,263.8910440304237,troposphere,production,OH + O2 -> H + O3,1.7068997030437883e-64
10.5,10,263.8910440304237,troposphere,production,HSO + O2 -> HS + O3,1.248756899001442e-64
10.5,10,263.8910440304237,troposphere,production,O2 + O2 -> O + O3,1.773027834934718e-71
10.5,10,263.8910440304237,troposphere,production,H2CO + HO2 -> CH3 + O3,1.5083853038270337e-87
10.5,10,263.8910440304237,troposphere,production,SO2 + O2 -> SO + O3,8.509071390017696e-92
10.5,10,263.8910440304237,troposphere,production,SO + O2 -> S + O3,8.803925484627509e-91
10.5,10,263.8910440304237,troposphere,production,O2 + O2 -> O1D + O3,1.2269895465736264e-110
10.5,10,263.8910440304237,troposphere,production,OCS + O2 -> CS + O3,3.679842999953916e-119
10.5,10,263.8910440304237,troposphere,loss,O3 + hv -> O + O2,124834480.54799195
10.5,10,263.8910440304237,troposphere,loss,O3 + hv -> O1D + O2,6504813.8349800315
10.5,10,263.8910440304237,troposphere,loss,NO + O3 -> NO2 + O2,40126.22591205206
10.5,10,263.8910440304237,troposphere,loss,H + O3 -> OH + O2,0.15176580107416607
10.5,10,263.8910440304237,troposphere,loss,OH + O3 -> HO2 + O2,8086.297143321358
10.5,10,263.8910440304237,troposphere,loss,O + O3 -> O2 + O2,2.245985522569991
10.5,10,263.8910440304237,troposphere,loss,NO2 + O3 -> NO3 + O2,17.876674865700412
10.5,10,263.8910440304237,troposphere,loss,O1D + O3 -> O2 + O2,1.1134103125522967
10.5,10,263.8910440304237,troposphere,loss,O3 + M -> O + O2 + M,0.10286553492456575
10.5,10,263.8910440304237,troposphere,loss,CH3 + O3 -> H2CO + HO2,0.11160151309452086
10.5,10,263.8910440304237,troposphere,loss,HS + O3 -> HSO + O2,1.8338392092598534
10.5,10,263.8910440304237,troposphere,loss,SO + O3 -> SO2 + O2,0.053715110928730915
10.5,10,263.8910440304237,troposphere,loss,SO2 + O3 -> SO3 + O2,2.780244220667297e-06
10.5,10,263.8910440304237,troposphere,loss,S + O3 -> SO + O2,4.12123403241471e-10
10.5,10,263.8910440304237,troposphere,loss,Cl + O3 -> ClO + O2,4.019872848832181e-13
10.5,10,263.8910440304237,troposphere,loss,CS + O3 -> OCS + O2,1.359249639317883e-25
11.5,11,226.1988186659852,troposphere,production,O + O2 + M -> O3 + M,110637376.21759157
11.5,11,226.1988186659852,troposphere,production,NO3 + O2 -> NO2 + O3,2.639238110670655e-19
11.5,11,226.1988186659852,troposphere,production,HO2 + O2 -> OH + O3,8.421551726168502e-30
11.5,11,226.1988186659852,troposphere,production,ClO + O2 -> Cl + O3,4.525886900162572e-34
11.5,11,226.1988186659852,troposphere,production,NO2 + O2 -> NO + O3,3.1772897521936948e-37
11.5,11,226.1988186659852,troposphere,production,SO3 + O2 -> SO2 + O3,1.2155246237760411e-64
11.5,11,226.1988186659852,troposphere,production,OH + O2 -> H + O3,2.1354522416271573e-66
11.5,11,226.1988186659852,troposphere,production,HSO + O2 -> HS + O3,2.2687465228485723e-66
11.5,11,226.1988186659852,troposphere,production,O2 + O2 -> O + O3,6.8493744228025304e-74
11.5,11,226.1988186659852,troposphere,production,H2CO + HO2 -> CH3 + O3,4.261915776320519e-90
11.5,11,226.1988186659852,troposphere,production,SO2 + O2 -> SO + O3,1.3519191300729064e-94
11.5,11,226.1988186659852,troposphere,production,SO + O2 -> S + O3,3.6182488731734947e-93
11.5,11,226.1988186659852,troposphere,production,O2 + O2 -> O1D + O3,5.05894153276646e-114
11.5,11,226.1988186659852,troposphere,production,OCS + O2 -> CS + O3,1.9606114357297222e-122
11.5,11,226.1988186659852,troposphere,loss,O3 + hv -> O + O2,139951901.26997104
11.5,11,226.1988186659852,troposphere,loss,O3 + hv -> O1D + O2,7445345.142802666
11.5,11,226.1988186659852,troposphere,loss,NO + O3 -> NO2 + O2,71562.82133421101
11.5,11,226.1988186659852,troposphere,loss,H + O3 -> OH + O2,0.15954071519414564
11.5,11,226.1988186659852,troposphere,loss,OH + O3 -> HO2 + O2,7899.016973513238
11.5,11,226.1988186659852,troposphere,loss,O + O3 -> O2 + O2,2.7693652461228395
11.5,11,226.1988186659852,troposphere,loss,NO2 + O3 -> NO3 + O2,24.10875399926808
11.5,11,226.1988186659852,troposphere,loss,O1D + O3 -> O2 + O2,1.6035009316372688
11.5,11,226.1988186659852,troposphere,loss,O3 + M -> O + O2 + M,0.02779367194395756
11.5,11,226.1988186659852,troposphere,loss,CH3 + O3 -> H2CO + HO2,0.10237196312872467
11.5,11,226.1988186659852,troposphere,loss,HS + O3 -> HSO + O2,1.103567609774022
11.5,11,226.1988186659852,troposphere,loss,SO + O3 -> SO2 + O2,0.05311980472215967
11.5,11,226.1988186659852,troposphere,loss,SO2 + O3 -> SO3 + O2,9.503380511014985e-07
11.5,11,226.1988186659852,troposphere,loss,S + O3 -> SO + O2,4.989950910372811e-10
11.5,11,226.1988186659852,troposphere,loss,Cl + O3 -> ClO + O2,4.0087273191106024e-13
11.5,11,226.1988186659852,troposphere,loss,CS + O3 -> OCS + O2,1.3316521376490397e-25
12.5,12,193.25428548792513,troposphere,production,O + O2 + M -> O3 + M,147739038.77571452
12.5,12,193.25428548792513,troposphere,production,NO3 + O2 -> NO2 + O3,6.013664294051337e-20
12.5,12,193.25428548792513,troposphere,production,HO2 + O2 -> OH + O3,7.446398566394516e-31
12.5,12,193.25428548792513,troposphere,production,ClO + O2 -> Cl + O3,6.13661354760406e-35
12.5,12,193.25428548792513,troposphere,production,NO2 + O2 -> NO + O3,6.163917703387233e-38
12.5,12,193.25428548792513,troposphere,production,SO3 + O2 -> SO2 + O3,4.3014737250840213e-66
12.5,12,193.25428548792513,troposphere,production,OH + O2 -> H + O3,6.065689360071564e-68
12.5,12,193.25428548792513,troposphere,production,HSO + O2 -> HS + O3,8.08894387913796e-68
12.5,12,193.25428548792513,troposphere,production,O2 + O2 -> O + O3,7.28507770471465e-76
12.5,12,193.25428548792513,troposphere,production,H2CO + HO2 -> CH3 + O3,3.3829829813617335e-92
12.5,12,193.25428548792513,troposphere,production,SO2 + O2 -> SO + O3,5.434922929728985e-97
12.5,12,193.25428548792513,troposphere,production,SO + O2 -> S + O3,3.809074490410968e-95
12.5,12,193.25428548792513,troposphere,production,O2 + O2 -> O1D + O3,8.871169009745833e-117
12.5,12,193.25428548792513,troposphere,production,OCS + O2 -> CS + O3,4.2099811625323975e-125
12.5,12,193.25428548792513,troposphere,loss,O3 + hv -> O + O2,186621118.45425606
12.5,12,193.25428548792513,troposphere,loss,O3 + hv -> O1D + O2,10120356.086071065
12.5,12,193.25428548792513,troposphere,loss,NO + O3 -> NO2 + O2,161368.31379163146
12.5,12,193.25428548792513,troposphere,loss,H + O3 -> OH + O2,0.20018948766168224
12.5,12,193.25428548792513,troposphere,loss,OH + O3 -> HO2 + O2,9444.170132136625
12.5,12,193.25428548792513,troposphere,loss,O + O3 -> O2 + O2,5.191274951580219
12.5,12,193.25428548792513,troposphere,loss,NO2 + O3 -> NO3 + O2,51.82828898316223
12.5,12,193.25428548792513,troposphere,loss,O1D + O3 -> O2 + O2,3.2974471571106685
12.5,12,193.25428548792513,troposphere,loss,O3 + M -> O + O2 + M,0.0113770678004665
12.5,12,193.25428548792513,troposphere,loss,CH3 + O3 -> H2CO + HO2,0.12064985515797771
12.5,12,193.25428548792513,troposphere,loss,HS + O3 -> HSO + O2,0.659903838953847
12.5,12,193.25428548792513,troposphere,loss,SO + O3 -> SO2 + O2,0.05827532057851548
12.5,12,193.25428548792513,troposphere,loss,SO2 + O3 -> SO3 + O2,3.638469701804353e-07
12.5,12,193.25428548792513,troposphere,loss,S + O3 -> SO + O2,1.7117372422080344e-09
12.5,12,193.25428548792513,troposphere,loss,Cl + O3 -> ClO + O2,4.726557001686613e-13
12.5,12,193.25428548792513,troposphere,loss,CS + O3 -> OCS + O2,1.5396975920614574e-25
13.5,13,164.6682380794822,troposphere,production,O + O2 + M -> O3 + M,220784425.9289475
13.5,13,164.6682380794822,troposphere,production,NO3 + O2 -> NO2 + O3,2.1847823937629954e-20
13.5,13,164.6682380794822,troposphere,production,HO2 + O2 -> OH + O3,9.240535113383118e-32
13.5,13,164.6682380794822,troposphere,production,ClO + O2 -> Cl + O3,1.1091888355355248e-35
13.5,13,164.6682380794822,troposphere,production,NO2 + O2 -> NO + O3,1.8240445997542534e-38
13.5,13,164.6682380794822,troposphere,production,SO3 + O2 -> SO2 + O3,1.8255648933987286e-67
13.5,13,164.6682380794822,troposphere,production,OH + O2 -> H + O3,3.1176392178657603e-69
13.5,13,164.6682380794822,troposphere,production,HSO + O2 -> HS + O3,5.223544740192238e-69
13.5,13,164.6682380794822,troposphere,production,O2 + O2 -> O + O3,1.6099795684046868e-77
13.5,13,164.6682380794822,troposphere,production,H2CO + HO2 -> CH3 + O3,5.910017143294476e-94
13.5,13,164.6682380794822,troposphere,production,SO2 + O2 -> SO + O3,3.98832946279157e-99
13.5,13,164.6682380794822,troposphere,production,SO + O2 -> S + O3,8.576881956540633e-97
13.5,13,164.6682380794822,troposphere,production,O2 + O2 -> O1D + O3,4.425395740077411e-119
13.5,13,164.6682380794822,troposphere,production,OCS + O2 -> CS + O3,2.464068569198606e-127
13.5,13,164.6682380794822,troposphere,loss,O3 + hv -> O + O2,278465671.64896834
13.5,13,164.6682380794822,troposphere,loss,O3 + hv -> O1D + O2,15394806.690833366
13.5,13,164.6682380794822,troposphere,loss,NO + O3 -> NO2 + O2,364592.8739106203
13.5,13,164.6682380794822,troposphere,loss,H + O3 -> OH + O2,0.27360967600610625
13.5,13,164.6682380794822,troposphere,loss,OH + O3 -> HO2 + O2,12909.454265544398
13.5,13,164.6682380794822,troposphere,loss,O + O3 -> O2 + O2,12.837525689071128
13.5,13,164.6682380794822,troposphere,loss,NO2 + O3 -> NO3 + O2,135.4821099296618
13.5,13,164.6682380794822,troposphere,loss,O1D + O3 -> O2 + O2,8.559825093049305
13.5,13,164.6682380794822,troposphere,loss,O3 + M -> O + O2 + M,0.006206438964182415
13.5,13,164.6682380794822,troposphere,loss,CH3 + O3 -> H2CO + HO2,0.16856350617361446
13.5,13,164.6682380794822,troposphere,loss,HS + O3 -> HSO + O2,0.4372754773864638
13.5,13,164.6682380794822,troposphere,loss,SO + O3 -> SO2 + O2,0.07375975346274938
13.5,13,164.6682380794822,troposphere,loss,SO2 + O3 -> SO3 + O2,1.3934228839452427e-07
13.5,13,164.6682380794822,troposphere,loss,S + O3 -> SO + O2,9.476411639338872e-09
13.5,13,164.6682380794822,troposphere,loss,Cl + O3 -> ClO + O2,6.218118690276626e-13
13.5,13,164.6682380794822,troposphere,loss,CS + O3 -> OCS + O2,1.9805240844630567e-25
14.5,14,139.99798430324768,troposphere,production,O + O2 + M -> O3 + M,338424658.4331245
14.5,14,139.99798430324768,troposphere,production,NO3 + O2 -> NO2 + O3,1.0973762032033066e-20
14.5,14,139.99798430324768,troposphere,production,HO2 + O2 -> OH + O3,1.727157668629885e-32
14.5,14,139.99798430324768,troposphere,production,ClO + O2 -> Cl + O3,2.440352581614454e-36
14.5,14,139.99798430324768,troposphere,production,NO2 + O2 -> NO + O3,6.436337310367656e-39
14.5,14,139.99798430324768,troposphere,production,SO3 + O2 -> SO2 + O3,8.760860742566559e-69
14.5,14,139.99798430324768,troposphere,production,OH + O2 -> H + O3,2.4816462402363616e-70
14.5,14,139.99798430324768,troposphere,production,HSO + O2 -> HS + O3,5.374196350205767e-70
14.5,14,139.99798430324768,troposphere,production,O2 + O2 -> O + O3,5.87279792253181e-79
14.5,14,139.99798430324768,troposphere,production,H2CO + HO2 -> CH3 + O3,2.149814001313946e-95
14.5,14,139.99798430324768,troposphere,production,SO2 + O2 -> SO + O3,4.17667046806706e-101
14.5,14,139.99798430324768,troposphere,production,SO + O2 -> S + O3,3.327323521615406e-98
14.5,14,139.99798430324768,troposphere,production,O2 + O2 -> O1D + O3,4.520658158770088e-121
14.5,14,139.99798430324768,troposphere,production,OCS + O2 -> CS + O3,2.849908323935582e-129
14.5,14,139.99798430324768,troposphere,loss,O3 + hv -> O + O2,426146287.2341216
14.5,14,139.99798430324768,troposphere,loss,O3 + hv -> O1D + O2,24076094.0092346
14.5,14,139.99798430324768,troposphere,loss,NO + O3 -> NO2 + O2,729765.1961267499
14.5,14,139.99798430324768,troposphere,loss,H + O3 -> OH + O2,0.37749879745690934
14.5,14,139.99798430324768,troposphere,loss,OH + O3 -> HO2 + O2,18939.683391346505
14.5,14,139.99798430324768,troposphere,loss,O + O3 -> O2 + O2,34.63014571224227
14.5,14,139.99798430324768,troposphere,loss,NO2 + O3 -> NO3 + O2,343.2888017909817
14.5,14,139.99798430324768,troposphere,loss,O1D + O3 -> O2 + O2,23.566106878416672
14.5,14,139.99798430324768,troposphere,loss,O3 + M -> O + O2 + M,0.003913428658994843
14.5,14,139.99798430324768,troposphere,loss,CH3 + O3 -> H2CO + HO2,0.2597160382047876
14.5,14,139.99798430324768,troposphere,loss,HS + O3 -> HSO + O2,0.32968038045930925
14.5,14,139.99798430324768,troposphere,loss,SO + O3 -> SO2 + O2,0.10000844363327102
14.5,14,139.99798430324768,troposphere,loss,SO2 + O3 -> SO3 + O2,4.78643251543736e-08
14.5,14,139.99798430324768,troposphere,loss,S + O3 -> SO + O2,5.055877765936299e-08
14.5,14,139.99798430324768,troposphere,loss,Cl + O3 -> ClO + O2,8.614763859991656e-13
14.5,14,139.99798430324768,troposphere,loss,CS + O3 -> OCS + O2,2.6012418791217995e-25
15.5,15,118.80929256023835,stratosphere,production,O + O2 + M -> O3 + M,474560052.6405155
15.5,15,118.80929256023835,stratosphere,production,NO3 + O2 -> NO2 + O3,6.808361271768858e-21
15.5,15,118.80929256023835,stratosphere,production,HO2 + O2 -> OH + O3,5.371345557729334e-33
15.5,15,118.80929256023835,stratosphere,production,ClO + O2 -> Cl + O3,7.165097790864988e-37
15.5,15,118.80929256023835,stratosphere,production,NO2 + O2 -> NO + O3,2.7358632847583696e-39
15.5,15,118.80929256023835,stratosphere,production,SO3 + O2 -> SO2 + O3,6.687248248247278e-70
15.5,15,118.80929256023835,stratosphere,production,OH + O2 -> H + O3,3.7017358661891794e-71
15.5,15,118.80929256023835,stratosphere,production,HSO + O2 -> HS + O3,9.843014803468722e-71
15.5,15,118.80929256023835,stratosphere,production,O2 + O2 -> O + O3,4.447194297459766e-80
15.5,15,118.80929256023835,stratosphere,production,H2CO + HO2 -> CH3 + O3,2.0433302616268982e-96
15.5,15,118.80929256023835,stratosphere,production,SO2 + O2 -> SO + O3,9.903655192806435e-103
15.5,15,118.80929256023835,stratosphere,production,SO + O2 -> S + O3,2.7331631442956948e-99
15.5,15,118.80929256023835,stratosphere,production,O2 + O2 -> O1D + O3,1.310873966525891e-122
15.5,15,118.80929256023835,stratosphere,production,OCS + O2 -> CS + O3,8.925703059480091e-131
15.5,15,118.80929256023835,stratosphere,loss,O3 + hv -> O + O2,596507355.3196454
15.5,15,118.80929256023835,stratosphere,loss,O3 + hv -> O1D + O2,34616386.94610761
15.5,15,118.80929256023835,stratosphere,loss,NO + O3 -> NO2 + O2,1185102.5112716968
15.5,15,118.80929256023835,stratosphere,loss,H + O3 -> OH + O2,0.4927226496244448
15.5,15,118.80929256023835,stratosphere,loss,OH + O3 -> HO2 + O2,26914.596511348354
15.5,15,118.80929256023835,stratosphere,loss,O + O3 -> O2 + O2,82.07077337378686
15.5,15,118.80929256023835,stratosphere,loss,NO2 + O3 -> NO3 + O2,682.804398219045
15.5,15,118.80929256023835,stratosphere,loss,O1D + O3 -> O2 + O2,54.91825924009394
15.5,15,118.80929256023835,stratosphere,loss,O3 + M -> O + O2 + M,0.0026892621849750934
15.5,15,118.80929256023835,stratosphere,loss,CH3 + O3 -> H2CO + HO2,0.4009741378829133
15.5,15,118.80929256023835,stratosphere,loss,HS + O3 -> HSO + O2,0.2716105249647303
15.5,15,118.80929256023835,stratosphere,loss,SO + O3 -> SO2 + O2,0.12679834258685405
15.5,15,118.80929256023835,stratosphere,loss,SO2 + O3 -> SO3 + O2,1.669980344568071e-08
15.5,15,118.80929256023835,stratosphere,loss,S + O3 -> SO + O2,2.221657146629182e-07
15.5,15,118.80929256023835,stratosphere,loss,Cl + O3 -> ClO + O2,1.1271728871896814e-12
15.5,15,118.80929256023835,stratosphere,loss,CS + O3 -> OCS + O2,3.1093175612990873e-25
16.5,16,100.72036267695918,stratosphere,production,O + O2 + M -> O3 + M,619574529.8912319
16.5,16,100.72036267695918,stratosphere,production,NO3 + O2 -> NO2 + O3,6.592099398060647e-21
16.5,16,100.72036267695918,stratosphere,production,HO2 + O2 -> OH + O3,3.621337784600906e-33
16.5,16,100.72036267695918,stratosphere,production,ClO + O2 -> Cl + O3,3.699681646956019e-37
16.5,16,100.72036267695918,stratosphere,production,NO2 + O2 -> NO + O3,2.1422147788553434e-39
16.5,16,100.72036267695918,stratosphere,production,SO3 + O2 -> SO2 + O3,1.827298909580451e-70
16.5,16,100.72036267695918,stratosphere,production,OH + O2 -> H + O3,1.7991981064041648e-71
16.5,16,100.72036267695918,stratosphere,production,HSO + O2 -> HS + O3,4.984297532348512e-71
16.5,16,100.72036267695918,stratosphere,production,O2 + O2 -> O + O3,1.3939497173305903e-80
16.5,16,100.72036267695918,stratosphere,production,H2CO + HO2 -> CH3 + O3,9.601541495958546e-97
16.5,16,100.72036267695918,stratosphere,production,SO2 + O2 -> SO + O3,1.4870209178162702e-103
16.5,16,100.72036267695918,stratosphere,production,SO + O2 -> S + O3,9.588397262855765e-100
16.5,16,100.72036267695918,stratosphere,production,O2 + O2 -> O1D + O3,2.8850448850893352e-123
16.5,16,100.72036267695918,stratosphere,production,OCS + O2 -> CS + O3,1.950929687294828e-131
16.5,16,100.72036267695918,stratosphere,loss,O3 + hv -> O + O2,777103091.7125173
16.5,16,100.72036267695918,stratosphere,loss,O3 + hv -> O1D + O2,46686004.22767562
16.5,16,100.72036267695918,stratosphere,loss,NO + O3 -> NO2 + O2,1692786.7333761503
16.5,16,100.72036267695918,stratosphere,loss,H + O3 -> OH + O2,0.6442130946762008
16.5,16,100.72036267695918,stratosphere,loss,OH + O3 -> HO2 + O2,38271.36574466399
16.5,16,100.72036267695918,stratosphere,loss,O + O3 -> O2 + O2,184.0930490670264
16.5,16,100.72036267695918,stratosphere,loss,NO2 + O3 -> NO3 + O2,1203.7254135843207
16.5,16,100.72036267695918,stratosphere,loss,O1D + O3 -> O2 + O2,112.84103069615158
16.5,16,100.72036267695918,stratosphere,loss,O3 + M -> O + O2 + M,0.0024222400601733775
16.5,16,100.72036267695918,stratosphere,loss,CH3 + O3 -> H2CO + HO2,0.6537052436183665
16.5,16,100.72036267695918,stratosphere,loss,HS + O3 -> HSO + O2,0.24004325688805972
16.5,16,100.72036267695918,stratosphere,loss,SO + O3 -> SO2 + O2,0.15545220822352304
16.5,16,100.72036267695918,stratosphere,loss,SO2 + O3 -> SO3 + O2,8.609673385900396e-09
16.5,16,100.72036267695918,stratosphere,loss,S + O3 -> SO + O2,8.166396167830532e-07
16.5,16,100.72036267695918,stratosphere,loss,Cl + O3 -> ClO + O2,1.4108233283264094e-12
16.5,16,100.72036267695918,stratosphere,loss,CS + O3 -> OCS + O2,3.434127400463308e-25
17.5,17,85.39350085582834,stratosphere,production,O + O2 + M -> O3 + M,753799527.5277411
17.5,17,85.39350085582834,stratosphere,production,NO3 + O2 -> NO2 + O3,1.131354248715031e-20
17.5,17,85.39350085582834,stratosphere,production,HO2 + O2 -> OH + O3,5.842370905100359e-33
17.5,17,85.39350085582834,stratosphere,production,ClO + O2 -> Cl + O3,4.131256513216375e-37
17.5,17,85.39350085582834,stratosphere,production,NO2 + O2 -> NO + O3,4.312158268227349e-39
17.5,17,85.39350085582834,stratosphere,production,SO3 + O2 -> SO2 + O3,4.341435773475387e-70
17.5,17,85.39350085582834,stratosphere,production,OH + O2 -> H + O3,4.0360185874908935e-71
17.5,17,85.39350085582834,stratosphere,production,HSO + O2 -> HS + O3,9.260633935190535e-71
17.5,17,85.39350085582834,stratosphere,production,O2 + O2 -> O + O3,3.0276761888793884e-80
17.5,17,85.39350085582834,stratosphere,production,H2CO + HO2 -> CH3 + O3,3.080290536642926e-96
17.5,17,85.39350085582834,stratosphere,production,SO2 + O2 -> SO + O3,3.2259675045170993e-103
17.5,17,85.39350085582834,stratosphere,production,SO + O2 -> S + O3,2.429498722237236e-99
17.5,17,85.39350085582834,stratosphere,production,O2 + O2 -> O1D + O3,1.0038684099308833e-122
17.5,17,85.39350085582834,stratosphere,production,OCS + O2 -> CS + O3,6.039700774888076e-131
17.5,17,85.39350085582834,stratosphere,loss,O3 + hv -> O + O2,942690809.8479162
17.5,17,85.39350085582834,stratosphere,loss,O3 + hv -> O1D + O2,59250379.62117033
17.5,17,85.39350085582834,stratosphere,loss,NO + O3 -> NO2 + O2,2288745.62629616
17.5,17,85.39350085582834,stratosphere,loss,H + O3 -> OH + O2,0.8417822741787974
17.5,17,85.39350085582834,stratosphere,loss,OH + O3 -> HO2 + O2,51655.563104355075
17.5,17,85.39350085582834,stratosphere,loss,O + O3 -> O2 + O2,402.63173560021033
17.5,17,85.39350085582834,stratosphere,loss,NO2 + O3 -> NO3 + O2,2066.9116068132494
17.5,17,85.39350085582834,stratosphere,loss,O1D + O3 -> O2 + O2,205.578028345211
17.5,17,85.39350085582834,stratosphere,loss,O3 + M -> O + O2 + M,0.0032424046328904305
17.5,17,85.39350085582834,stratosphere,loss,CH3 + O3 -> H2CO + HO2,1.0851035129705358
17.5,17,85.39350085582834,stratosphere,loss,HS + O3 -> HSO + O2,0.21417703916016972
17.5,17,85.39350085582834,stratosphere,loss,SO + O3 -> SO2 + O2,0.18700978270139793
17.5,17,85.39350085582834,stratosphere,loss,SO2 + O3 -> SO3 + O2,9.078637315718839e-09
17.5,17,85.39350085582834,stratosphere,loss,S + O3 -> SO + O2,2.5297664823315665e-06
17.5,17,85.39350085582834,stratosphere,loss,Cl + O3 -> ClO + O2,1.5807822562941107e-12
17.5,17,85.39350085582834,stratosphere,loss,CS + O3 -> OCS + O2,3.502706169667875e-25
18.5,18,72.48683736069454,stratosphere,production,O + O2 + M -> O3 + M,868603173.2768666
18.5,18,72.48683736069454,stratosphere,production,NO3 + O2 -> NO2 + O3,2.7544091959446825e-20
18.5,18,72.48683736069454,stratosphere,production,HO2 + O2 -> OH + O3,1.5915051271448156e-32
18.5,18,72.48683736069454,stratosphere,production,ClO + O2 -> Cl + O3,7.473800575470168e-37
18.5,18,72.48683736069454,stratosphere,production,NO2 + O2 -> NO + O3,1.554155719473998e-38
18.5,18,72.48683736069454,stratosphere,production,SO3 + O2 -> SO2 + O3,4.142589189508945e-69
18.5,18,72.48683736069454,stratosphere,production,OH + O2 -> H + O3,2.346533813745691e-70
18.5,18,72.48683736069454,stratosphere,production,HSO + O2 -> HS + O3,3.8387694294336903e-70
18.5,18,72.48683736069454,stratosphere,production,O2 + O2 -> O + O3,2.2002756504236796e-79
18.5,18,72.48683736069454,stratosphere,production,H2CO + HO2 -> CH3 + O3,3.1892189162220825e-95
18.5,18,72.48683736069454,stratosphere,production,SO2 + O2 -> SO + O3,3.888194012563047e-102
18.5,18,72.48683736069454,stratosphere,production,SO + O2 -> S + O3,2.250710553783001e-98
18.5,18,72.48683736069454,stratosphere,production,O2 + O2 -> O1D + O3,1.953421680961007e-121
18.5,18,72.48683736069454,stratosphere,production,OCS + O2 -> CS + O3,9.69763334224741e-130
18.5,18,72.48683736069454,stratosphere,loss,O3 + hv -> O + O2,1082023437.0135949
18.5,18,72.48683736069454,stratosphere,loss,O3 + hv -> O1D + O2,72061775.72421438
18.5,18,72.48683736069454,stratosphere,loss,NO + O3 -> NO2 + O2,2971491.5330783054
18.5,18,72.48683736069454,stratosphere,loss,H + O3 -> OH + O2,1.1372919582878946
18.5,18,72.48683736069454,stratosphere,loss,OH + O3 -> HO2 + O2,66675.9869457326
18.5,18,72.48683736069454,stratosphere,loss,O + O3 -> O2 + O2,846.7729011610181
18.5,18,72.48683736069454,stratosphere,loss,NO2 + O3 -> NO3 + O2,3430.172096189192
18.5,18,72.48683736069454,stratosphere,loss,O1D + O3 -> O2 + O2,341.69134768992114
18.5,18,72.48683736069454,stratosphere,loss,O3 + M -> O + O2 + M,0.005499194278994902
18.5,18,72.48683736069454,stratosphere,loss,CH3 + O3 -> H2CO + HO2,1.791892263539611
18.5,18,72.48683736069454,stratosphere,loss,HS + O3 -> HSO + O2,0.1908149377555119
18.5,18,72.48683736069454,stratosphere,loss,SO + O3 -> SO2 + O2,0.23443487690330317
18.5,18,72.48683736069454,stratosphere,loss,SO2 + O3 -> SO3 + O2,1.5551741572044117e-08
18.5,18,72.48683736069454,stratosphere,loss,S + O3 -> SO + O2,6.764280885159369e-06
18.5,18,72.48683736069454,stratosphere,loss,Cl + O3 -> ClO + O2,1.6337943162646697e-12
18.5,18,72.48683736069454,stratosphere,loss,CS + O3 -> OCS + O2,3.366218230350141e-25
19.5,19,61.63796202272854,stratosphere,production,O + O2 + M -> O3 + M,963203616.8987089
19.5,19,61.63796202272854,stratosphere,production,NO3 + O2 -> NO2 + O3,6.916789466294201e-20
19.5,19,61.63796202272854,stratosphere,production,HO2 + O2 -> OH + O3,4.7037511135840036e-32
19.5,19,61.63796202272854,stratosphere,production,ClO + O2 -> Cl + O3,1.485250418261125e-36
19.5,19,61.63796202272854,stratosphere,production,NO2 + O2 -> NO + O3,6.067678086135335e-38
19.5,19,61.63796202272854,stratosphere,production,SO3 + O2 -> SO2 + O3,5.549275429286228e-68
19.5,19,61.63796202272854,stratosphere,production,OH + O2 -> H + O3,1.6374211167933488e-69
19.5,19,61.63796202272854,stratosphere,production,HSO + O2 -> HS + O3,1.830386604153204e-69
19.5,19,61.63796202272854,stratosphere,production,O2 + O2 -> O + O3,2.0145772170693169e-78
19.5,19,61.63796202272854,stratosphere,production,H2CO + HO2 -> CH3 + O3,4.0355049362009746e-94
19.5,19,61.63796202272854,stratosphere,production,SO2 + O2 -> SO + O3,7.062785902796738e-101
19.5,19,61.63796202272854,stratosphere,production,SO + O2 -> S + O3,2.884613087206852e-97
19.5,19,61.63796202272854,stratosphere,production,O2 + O2 -> O1D + O3,5.277179929918559e-120
19.5,19,61.63796202272854,stratosphere,production,OCS + O2 -> CS + O3,2.0998291796384123e-128
19.5,19,61.63796202272854,stratosphere,loss,O3 + hv -> O + O2,1193748005.0435302
19.5,19,61.63796202272854,stratosphere,loss,O3 + hv -> O1D + O2,85469423.92659128
19.5,19,61.63796202272854,stratosphere,loss,NO + O3 -> NO2 + O2,3708082.03452405
19.5,19,61.63796202272854,stratosphere,loss,H + O3 -> OH + O2,1.5904519131399797
19.5,19,61.63796202272854,stratosphere,loss,OH + O3 -> HO2 + O2,82968.28463215166
19.5,19,61.63796202272854,stratosphere,loss,O + O3 -> O2 + O2,1664.6551677241034
19.5,19,61.63796202272854,stratosphere,loss,NO2 + O3 -> NO3 + O2,5321.710226114097
19.5,19,61.63796202272854,stratosphere,loss,O1D + O3 -> O2 + O2,532.0755268111685
19.5,19,61.63796202272854,stratosphere,loss,O3 + M -> O + O2 + M,0.009482446272715843
19.5,19,61.63796202272854,stratosphere,loss,CH3 + O3 -> H2CO + HO2,2.8598014090975457
19.5,19,61.63796202272854,stratosphere,loss,HS + O3 -> HSO + O2,0.16809428413962485
19.5,19,61.63796202272854,stratosphere,loss,SO + O3 -> SO2 + O2,0.3110012454268664
19.5,19,61.63796202272854,stratosphere,loss,SO2 + O3 -> SO3 + O2,3.086095231147658e-08
19.5,19,61.63796202272854,stratosphere,loss,S + O3 -> SO + O2,1.602789884194724e-05
19.5,19,61.63796202272854,stratosphere,loss,Cl + O3 -> ClO + O2,1.6182430374095953e-12
19.5,19,61.63796202272854,stratosphere,loss,CS + O3 -> OCS + O2,3.110570502947415e-25
20.5,20,52.50412161859878,stratosphere,production,O + O2 + M -> O3 + M,1033565798.4094455
20.5,20,52.50412161859878,stratosphere,production,NO3 + O2 -> NO2 + O3,1.494315449755405e-19
20.5,20,52.50412161859878,stratosphere,production,HO2 + O2 -> OH + O3,1.1959494424564623e-31
20.5,20,52.50412161859878,stratosphere,production,ClO + O2 -> Cl + O3,2.643879316957261e-36
20.5,20,52.50412161859878,stratosphere,production,NO2 + O2 -> NO + O3,1.965739752515498e-37
20.5,20,52.50412161859878,stratosphere,production,SO3 + O2 -> SO2 + O3,6.059829608294867e-67
20.5,20,52.50412161859878,stratosphere,production,OH + O2 -> H + O3,9.181503547399783e-69
20.5,20,52.50412161859878,stratosphere,production,HSO + O2 -> HS + O3,7.125084911836222e-69
20.5,20,52.50412161859878,stratosphere,production,O2 + O2 -> O + O3,1.3922832307594146e-77
20.5,20,52.50412161859878,stratosphere,production,H2CO + HO2 -> CH3 + O3,3.7615011152928474e-93
20.5,20,52.50412161859878,stratosphere,production,SO2 + O2 -> SO + O3,9.787820159565697e-100
20.5,20,52.50412161859878,stratosphere,production,SO + O2 -> S + O3,3.024038613002412e-96
20.5,20,52.50412161859878,stratosphere,production,O2 + O2 -> O1D + O3,9.531537161521308e-119
20.5,20,52.50412161859878,stratosphere,production,OCS + O2 -> CS + O3,3.03066632167514e-127
20.5,20,52.50412161859878,stratosphere,loss,O3 + hv -> O + O2,1272555158.8905406
20.5,20,52.50412161859878,stratosphere,loss,O3 + hv -> O1D + O2,99483272.35679363
20.5,20,52.50412161859878,stratosphere,loss,NO + O3 -> NO2 + O2,4437136.524883835
20.5,20,52.50412161859878,stratosphere,loss,H + O3 -> OH + O2,2.2572385255018643
20.5,20,52.50412161859878,stratosphere,loss,OH + O3 -> HO2 + O2,99892.09154407555
20.5,20,52.50412161859878,stratosphere,loss,O + O3 -> O2 + O2,2997.1547540493734
20.5,20,52.50412161859878,stratosphere,loss,NO2 + O3 -> NO3 + O2,7540.038257088708
20.5,20,52.50412161859878,stratosphere,loss,O1D + O3 -> O2 + O2,782.6857378505863
20.5,20,52.50412161859878,stratosphere,loss,O3 + M -> O + O2 + M,0.014766529675516967
20.5,20,52.50412161859878,stratosphere,loss,CH3 + O3 -> H2CO + HO2,4.3469769839115715
20.5,20,52.50412161859878,stratosphere,loss,HS + O3 -> HSO + O2,0.1463596984639834
20.5,20,52.50412161859878,stratosphere,loss,SO + O3 -> SO2 + O2,0.43186900078645757
20.5,20,52.50412161859878,stratosphere,loss,SO2 + O3 -> SO3 + O2,5.9432753062335045e-08
20.5,20,52.50412161859878,stratosphere,loss,S + O3 -> SO + O2,3.428787816453881e-05
20.5,20,52.50412161859878,stratosphere,loss,Cl + O3 -> ClO + O2,1.567375744059017e-12
20.5,20,52.50412161859878,stratosphere,loss,CS + O3 -> OCS + O2,2.784300265417233e-25
21.5,21,44.79132337130021,stratosphere,production,O + O2 + M -> O3 + M,1081891314.190729
21.5,21,44.79132337130021,stratosphere,production,NO3 + O2 -> NO2 + O3,2.72202829470487e-19
21.5,21,44.79132337130021,stratosphere,production,HO2 + O2 -> OH + O3,2.5412597109275375e-31
21.5,21,44.79132337130021,stratosphere,production,ClO + O2 -> Cl + O3,4.0936836625789777e-36
21.5,21,44.79132337130021,stratosphere,production,NO2 + O2 -> NO + O3,5.142222319669849e-37
21.5,21,44.79132337130021,stratosphere,production,SO3 + O2 -> SO2 + O3,4.866618313400547e-66
21.5,21,44.79132337130021,stratosphere,production,OH + O2 -> H + O3,3.920947861845312e-68
21.5,21,44.79132337130021,stratosphere,production,HSO + O2 -> HS + O3,2.162931281402114e-68
21.5,21,44.79132337130021,stratosphere,production,O2 + O2 -> O + O3,6.750107650042161e-77
21.5,21,44.79132337130021,stratosphere,production,H2CO + HO2 -> CH3 + O3,2.4211601384357398e-92
21.5,21,44.79132337130021,stratosphere,production,SO2 + O2 -> SO + O3,9.11228549593604e-99
21.5,21,44.79132337130021,stratosphere,production,SO + O2 -> S + O3,2.3638797670766414e-95
21.5,21,44.79132337130021,stratosphere,production,O2 + O2 -> O1D + O3,1.0370545172143324e-117
21.5,21,44.79132337130021,stratosphere,production,OCS + O2 -> CS + O3,2.633405352968266e-126
21.5,21,44.79132337130021,stratosphere,loss,O3 + hv -> O + O2,1320941937.3537092
21.5,21,44.79132337130021,stratosphere,loss,O3 + hv -> O1D + O2,114560670.64124864
21.5,21,44.79132337130021,stratosphere,loss,NO + O3 -> NO2 + O2,5146271.925239449
21.5,21,44.79132337130021,stratosphere,loss,H + O3 -> OH + O2,3.2136125910223066
21.5,21,44.79132337130021,stratosphere,loss,OH + O3 -> HO2 + O2,117657.51407805813
21.5,21,44.79132337130021,stratosphere,loss,O + O3 -> O2 + O2,4999.9117843581735
21.5,21,44.79132337130021,stratosphere,loss,NO2 + O3 -> NO3 + O2,9898.004127146878
21.5,21,44.79132337130021,stratosphere,loss,O1D + O3 -> O2 + O2,1104.6111156896998
21.5,21,44.79132337130021,stratosphere,loss,O3 + M -> O + O2 + M,0.020560060179340114
21.5,21,44.79132337130021,stratosphere,loss,CH3 + O3 -> H2CO + HO2,6.349643354377643
21.5,21,44.79132337130021,stratosphere,loss,HS + O3 -> HSO + O2,0.12635281869010243
21.5,21,44.79132337130021,stratosphere,loss,SO + O3 -> SO2 + O2,0.620118258631291
21.5,21,44.79132337130021,stratosphere,loss,SO2 + O3 -> SO3 + O2,1.0582221421925632e-07
21.5,21,44.79132337130021,stratosphere,loss,S + O3 -> SO + O2,6.740466528766817e-05
21.5,21,44.79132337130021,stratosphere,loss,Cl + O3 -> ClO + O2,1.505442202084458e-12
21.5,21,44.79132337130021,stratosphere,loss,CS + O3 -> OCS + O2,2.4331284432401267e-25
22.5,22,38.26288564008612,stratosphere,production,O + O2 + M -> O3 + M,1110561093.8053892
22.5,22,38.26288564008612,stratosphere,production,NO3 + O2 -> NO2 + O3,4.598957746622763e-19
22.5,22,38.26288564008612,stratosphere,production,HO2 + O2 -> OH + O3,5.058724444002198e-31
22.5,22,38.26288564008612,stratosphere,production,ClO + O2 -> Cl + O3,6.086708492842162e-36
22.5,22,38.26288564008612,stratosphere,production,NO2 + O2 -> NO + O3,1.2540224962601723e-36
22.5,22,38.26288564008612,stratosphere,production,SO3 + O2 -> SO2 + O3,3.4933757353981962e-65
22.5,22,38.26288564008612,stratosphere,production,OH + O2 -> H + O3,1.5585813824138274e-67
22.5,22,38.26288564008612,stratosphere,production,HSO + O2 -> HS + O3,6.0817820263735995e-68
22.5,22,38.26288564008612,stratosphere,production,O2 + O2 -> O + O3,2.944556068757396e-76
22.5,22,38.26288564008612,stratosphere,production,H2CO + HO2 -> CH3 + O3,1.38344826805236e-91
22.5,22,38.26288564008612,stratosphere,production,SO2 + O2 -> SO + O3,7.358431343829438e-98
22.5,22,38.26288564008612,stratosphere,production,SO + O2 -> S + O3,1.7409855244418313e-94
22.5,22,38.26288564008612,stratosphere,production,O2 + O2 -> O1D + O3,9.694684875604513e-117
22.5,22,38.26288564008612,stratosphere,production,OCS + O2 -> CS + O3,1.9356467488144432e-125
22.5,22,38.26288564008612,stratosphere,loss,O3 + hv -> O + O2,1341567039.2571788
22.5,22,38.26288564008612,stratosphere,loss,O3 + hv -> O1D + O2,131137934.66879267
22.5,22,38.26288564008612,stratosphere,loss,NO + O3 -> NO2 + O2,5877735.990159964
22.5,22,38.26288564008612,stratosphere,loss,H + O3 -> OH + O2,4.588310681073723
22.5,22,38.26288564008612,stratosphere,loss,OH + O3 -> HO2 + O2,137095.4516501443
22.5,22,38.26288564008612,stratosphere,loss,O + O3 -> O2 + O2,7927.800857951431
22.5,22,38.26288564008612,stratosphere,loss,NO2 + O3 -> NO3 + O2,12440.952156661457
22.5,22,38.26288564008612,stratosphere,loss,O1D + O3 -> O2 + O2,1512.6069731651698
22.5,22,38.26288564008612,stratosphere,loss,O3 + M -> O + O2 + M,0.027307778129032904
22.5,22,38.26288564008612,stratosphere,loss,CH3 + O3 -> H2CO + HO2,9.089735589363883
22.5,22,38.26288564008612,stratosphere,loss,HS + O3 -> HSO + O2,0.10868132645624833
22.5,22,38.26288564008612,stratosphere,loss,SO + O3 -> SO2 + O2,0.9125170343424043
22.5,22,38.26288564008612,stratosphere,loss,SO2 + O3 -> SO3 + O2,1.7736383693540272e-07
22.5,22,38.26288564008612,stratosphere,loss,S + O3 -> SO + O2,0.00012324917932120228
22.5,22,38.26288564008612,stratosphere,loss,Cl + O3 -> ClO + O2,1.4395629988414674e-12
22.5,22,38.26288564008612,stratosphere,loss,CS + O3 -> OCS + O2,2.083136359231483e-25
23.5,23,32.72856870533463,stratosphere,production,O + O2 + M -> O3 + M,1120267002.3758821
23.5,23,32.72856870533463,stratosphere,production,NO3 + O2 -> NO2 + O3,7.479887559492598e-19
23.5,23,32.72856870533463,stratosphere,production,HO2 + O2 -> OH + O3,9.852393139268479e-31
23.5,23,32.72856870533463,stratosphere,production,ClO + O2 -> Cl + O3,9.041884521483053e-36
23.5,23,32.72856870533463,stratosphere,production,NO2 + O2 -> NO + O3,3.030341384798589e-36
23.5,23,32.72856870533463,stratosphere,production,SO3 + O2 -> SO2 + O3,2.406241809871191e-64
23.5,23,32.72856870533463,stratosphere,production,OH + O2 -> H + O3,6.259785483514743e-67
23.5,23,32.72856870533463,stratosphere,production,HSO + O2 -> HS + O3,1.7027137590377497e-67
23.5,23,32.72856870533463,stratosphere,production,O2 + O2 -> O + O3,1.2768727106917435e-75
23.5,23,32.72856870533463,stratosphere,production,H2CO + HO2 -> CH3 + O3,7.73972025848222e-91
23.5,23,32.72856870533463,stratosphere,production,SO2 + O2 -> SO + O3,5.659239532790719e-97
23.5,23,32.72856870533463,stratosphere,production,SO + O2 -> S + O3,1.319854204997142e-93
23.5,23,32.72856870533463,stratosphere,production,O2 + O2 -> O1D + O3,8.976743268009502e-116
23.5,23,32.72856870533463,stratosphere,production,OCS + O2 -> CS + O3,1.3776072640527301e-124
23.5,23,32.72856870533463,stratosphere,loss,O3 + hv -> O + O2,1335110690.5131035
23.5,23,32.72856870533463,stratosphere,loss,O3 + hv -> O1D + O2,149395877.22970074
23.5,23,32.72856870533463,stratosphere,loss,NO + O3 -> NO2 + O2,6677396.128306138
23.5,23,32.72856870533463,stratosphere,loss,H + O3 -> OH + O2,6.556889628135017
23.5,23,32.72856870533463,stratosphere,loss,OH + O3 -> HO2 + O2,158939.70691186687
23.5,23,32.72856870533463,stratosphere,loss,O + O3 -> O2 + O2,12064.457973000013
23.5,23,32.72856870533463,stratosphere,loss,NO2 + O3 -> NO3 + O2,15216.993779329303
23.5,23,32.72856870533463,stratosphere,loss,O1D + O3 -> O2 + O2,2016.4280739716173
23.5,23,32.72856870533463,stratosphere,loss,O3 + M -> O + O2 + M,0.035492846462334034
23.5,23,32.72856870533463,stratosphere,loss,CH3 + O3 -> H2CO + HO2,12.85493864460408
23.5,23,32.72856870533463,stratosphere,loss,HS + O3 -> HSO + O2,0.09347348967006124
23.5,23,32.72856870533463,stratosphere,loss,SO + O3 -> SO2 + O2,1.3635024944848162
23.5,23,32.72856870533463,stratosphere,loss,SO2 + O3 -> SO3 + O2,2.7924528149396685e-07
23.5,23,32.72856870533463,stratosphere,loss,S + O3 -> SO + O2,0.0002111143817361698
23.5,23,32.72856870533463,stratosphere,loss,Cl + O3 -> ClO + O2,1.374923525424939e-12
23.5,23,32.72856870533463,stratosphere,loss,CS + O3 -> OCS + O2,1.749071934371355e-25
24.5,24,28.031321577337113,stratosphere,production,O + O2 + M -> O3 + M,1112552475.4239028
24.5,24,28.031321577337113,stratosphere,production,NO3 + O2 -> NO2 + O3,1.2015917602660224e-18
24.5,24,28.031321577337113,stratosphere,production,HO2 + O2 -> OH + O3,1.9333898180998028e-30
24.5,24,28.031321577337113,stratosphere,production,ClO + O2 -> Cl + O3,1.378421684104024e-35
24.5,24,28.031321577337113,stratosphere,production,NO2 + O2 -> NO + O3,7.561582403576332e-36
24.5,24,28.031321577337113,stratosphere,production,SO3 + O2 -> SO2 + O3,1.6697416973850865e-63
24.5,24,28.031321577337113,stratosphere,production,OH + O2 -> H + O3,2.6845574186704366e-66
24.5,24,28.031321577337113,stratosphere,production,HSO + O2 -> HS + O3,4.987675157657924e-67
24.5,24,28.031321577337113,stratosphere,production,O2 + O2 -> O + O3,5.887536605579421e-75
24.5,24,28.031321577337113,stratosphere,production,H2CO + HO2 -> CH3 + O3,4.52218321960379e-90
24.5,24,28.031321577337113,stratosphere,production,SO2 + O2 -> SO + O3,4.419889286264449e-96
24.5,24,28.031321577337113,stratosphere,production,SO + O2 -> S + O3,1.0841480163109992e-92
24.5,24,28.031321577337113,stratosphere,production,O2 + O2 -> O1D + O3,9.062763784433379e-115
24.5,24,28.031321577337113,stratosphere,production,OCS + O2 -> CS + O3,1.0371416532867649e-123
24.5,24,28.031321577337113,stratosphere,loss,O3 + hv -> O + O2,1303440164.228143
24.5,24,28.031321577337113,stratosphere,loss,O3 + hv -> O1D + O2,169483921.3164415
24.5,24,28.031321577337113,stratosphere,loss,NO + O3 -> NO2 + O2,7597351.165265897
24.5,24,28.031321577337113,stratosphere,loss,H + O3 -> OH + O2,9.373048672912047
24.5,24,28.031321577337113,stratosphere,loss,OH + O3 -> HO2 + O2,184037.89280093255
24.5,24,28.031321577337113,stratosphere,loss,O + O3 -> O2 + O2,17746.08380446429
24.5,24,28.031321577337113,stratosphere,loss,NO2 + O3 -> NO3 + O2,18313.492130302686
24.5,24,28.031321577337113,stratosphere,loss,O1D + O3 -> O2 + O2,2622.418224974075
24.5,24,28.031321577337113,stratosphere,loss,O3 + M -> O + O2 + M,0.04593141165727367
24.5,24,28.031321577337113,stratosphere,loss,CH3 + O3 -> H2CO + HO2,18.035834465920775
24.5,24,28.031321577337113,stratosphere,loss,HS + O3 -> HSO + O2,0.08044186775887528
24.5,24,28.031321577337113,stratosphere,loss,SO + O3 -> SO2 + O2,2.0388653455546186
24.5,24,28.031321577337113,stratosphere,loss,SO2 + O3 -> SO3 + O2,4.128825451147934e-07
24.5,24,28.031321577337113,stratosphere,loss,S + O3 -> SO + O2,0.0003394845715018877
24.5,24,28.031321577337113,stratosphere,loss,Cl + O3 -> ClO + O2,1.3148896470219182e-12
24.5,24,28.031321577337113,stratosphere,loss,CS + O3 -> OCS + O2,1.441386492137987e-25
25.5,25,24.04032894665892,stratosphere,production,O + O2 + M -> O3 + M,1088845183.00921
25.5,25,24.04032894665892,stratosphere,production,NO3 + O2 -> NO2 + O3,1.8691695876596627e-18
25.5,25,24.04032894665892,stratosphere,production,HO2 + O2 -> OH + O3,3.7330119589112156e-30
25.5,25,24.04032894665892,stratosphere,production,ClO + O2 -> Cl + O3,2.1123551260480906e-35
25.5,25,24.04032894665892,stratosphere,production,NO2 + O2 -> NO + O3,1.8945134834299988e-35
25.5,25,24.04032894665892,stratosphere,production,SO3 + O2 -> SO2 + O3,1.1078069712785142e-62
25.5,25,24.04032894665892,stratosphere,production,OH + O2 -> H + O3,1.1796766197660788e-65
25.5,25,24.04032894665892,stratosphere,production,HSO + O2 -> HS + O3,1.4807449335970778e-66
25.5,25,24.04032894665892,stratosphere,production,O2 + O2 -> O + O3,2.739999821702656e-74
25.5,25,24.04032894665892,stratosphere,production,H2CO + HO2 -> CH3 + O3,2.6123825615504955e-89
25.5,25,24.04032894665892,stratosphere,production,SO2 + O2 -> SO + O3,3.280538780515265e-95
25.5,25,24.04032894665892,stratosphere,production,SO + O2 -> S + O3,8.972426058412752e-92
25.5,25,24.04032894665892,stratosphere,production,O2 + O2 -> O1D + O3,9.261354002083206e-114
25.5,25,24.04032894665892,stratosphere,production,OCS + O2 -> CS + O3,7.648825408786111e-123
25.5,25,24.04032894665892,stratosphere,loss,O3 + hv -> O + O2,1248453306.943289
25.5,25,24.04032894665892,stratosphere,loss,O3 + hv -> O1D + O2,191363970.45242184
25.5,25,24.04032894665892,stratosphere,loss,NO + O3 -> NO2 + O2,8649439.036748393
25.5,25,24.04032894665892,stratosphere,loss,H + O3 -> OH + O2,13.346389136045348
25.5,25,24.04032894665892,stratosphere,loss,OH + O3 -> HO2 + O2,212722.10307638376
25.5,25,24.04032894665892,stratosphere,loss,O + O3 -> O2 + O2,25174.567918131354
25.5,25,24.04032894665892,stratosphere,loss,NO2 + O3 -> NO3 + O2,21603.818560184933
25.5,25,24.04032894665892,stratosphere,loss,O1D + O3 -> O2 + O2,3324.3160177339196
25.5,25,24.04032894665892,stratosphere,loss,O3 + M -> O + O2 + M,0.058445931407234177
25.5,25,24.04032894665892,stratosphere,loss,CH3 + O3 -> H2CO + HO2,25.002124636354132
25.5,25,24.04032894665892,stratosphere,loss,HS + O3 -> HSO + O2,0.06916415048308724
25.5,25,24.04032894665892,stratosphere,loss,SO + O3 -> SO2 + O2,2.988088672046699
25.5,25,24.04032894665892,stratosphere,loss,SO2 + O3 -> SO3 + O2,5.644594770825386e-07
25.5,25,24.04032894665892,stratosphere,loss,S + O3 -> SO + O2,0.000510809602695782
25.5,25,24.04032894665892,stratosphere,loss,Cl + O3 -> ClO + O2,1.2618194028817412e-12
25.5,25,24.04032894665892,stratosphere,loss,CS + O3 -> OCS + O2,1.1661680700048032e-25
26.5,26,20.64498338556629,stratosphere,production,O + O2 + M -> O3 + M,1050770659.0121872
26.5,26,20.64498338556629,stratosphere,production,NO3 + O2 -> NO2 + O3,2.7782990865508728e-18
26.5,26,20.64498338556629,stratosphere,production,HO2 + O2 -> OH + O3,6.9954540721103e-30
26.5,26,20.64498338556629,stratosphere,production,ClO + O2 -> Cl + O3,3.212305580406801e-35
26.5,26,20.64498338556629,stratosphere,production,NO2 + O2 -> NO + O3,4.6595720335166425e-35
26.5,26,20.64498338556629,stratosphere,production,SO3 + O2 -> SO2 + O3,6.7909678390011415e-62
26.5,26,20.64498338556629,stratosphere,production,OH + O2 -> H + O3,5.16474581845492e-65
26.5,26,20.64498338556629,stratosphere,production,HSO + O2 -> HS + O3,4.362635305734158e-66
26.5,26,20.64498338556629,stratosphere,production,O2 + O2 -> O + O3,1.246128666828439e-73
26.5,26,20.64498338556629,stratosphere,production,H2CO + HO2 -> CH3 + O3,1.4400312395792635e-88
26.5,26,20.64498338556629,stratosphere,production,SO2 + O2 -> SO + O3,2.2216149840567879e-94
26.5,26,20.64498338556629,stratosphere,production,SO + O2 -> S + O3,7.076233855749047e-91
26.5,26,20.64498338556629,stratosphere,production,O2 + O2 -> O1D + O3,9.14843379602682e-113
26.5,26,20.64498338556629,stratosphere,production,OCS + O2 -> CS + O3,5.248758573730953e-122
26.5,26,20.64498338556629,stratosphere,loss,O3 + hv -> O + O2,1172654613.8316588
26.5,26,20.64498338556629,stratosphere,loss,O3 + hv -> O1D + O2,214778145.49841592
26.5,26,20.64498338556629,stratosphere,loss,NO + O3 -> NO2 + O2,9797499.257764358
26.5,26,20.64498338556629,stratosphere,loss,H + O3 -> OH + O2,18.842753621173046
26.5,26,20.64498338556629,stratosphere,loss,OH + O3 -> HO2 + O2,244614.02343824462
26.5,26,20.64498338556629,stratosphere,loss,O + O3 -> O2 + O2,34375.51222118125
26.5,26,20.64498338556629,stratosphere,loss,NO2 + O3 -> NO3 + O2,24779.67874029254
26.5,26,20.64498338556629,stratosphere,loss,O1D + O3 -> O2 + O2,4099.411058969138
26.5,26,20.64498338556629,stratosphere,loss,O3 + M -> O + O2 + M,0.07252083827229316
26.5,26,20.64498338556629,stratosphere,loss,CH3 + O3 -> H2CO + HO2,34.051370922596945
26.5,26,20.64498338556629,stratosphere,loss,HS + O3 -> HSO + O2,0.05924484513310565
26.5,26,20.64498338556629,stratosphere,loss,SO + O3 -> SO2 + O2,4.189907243523575
26.5,26,20.64498338556629,stratosphere,loss,SO2 + O3 -> SO3 + O2,7.065393384449629e-07
26.5,26,20.64498338556629,stratosphere,loss,S + O3 -> SO + O2,0.0007131107816663805
26.5,26,20.64498338556629,stratosphere,loss,Cl + O3 -> ClO + O2,1.2137099996657054e-12
26.5,26,20.64498338556629,stratosphere,loss,CS + O3 -> OCS + O2,9.259351162710452e-26
27.5,27,17.752236619299346,stratosphere,production,O + O2 + M -> O3 + M,1000159476.4350543
27.5,27,17.752236619299346,stratosphere,production,NO3 + O2 -> NO2 + O3,3.895468321917662e-18
27.5,27,17.752236619299346,stratosphere,production,HO2 + O2 -> OH + O3,1.2572082851269136e-29
27.5,27,17.752236619299346,stratosphere,production,ClO + O2 -> Cl + O3,4.7913858169595127e-35
27.5,27,17.752236619299346,stratosphere,production,NO2 + O2 -> NO + O3,1.0978828149277003e-34
27.5,27,17.752236619299346,stratosphere,production,SO3 + O2 -> SO2 + O3,3.7259115535861636e-61
27.5,27,17.752236619299346,stratosphere,production,OH + O2 -> H + O3,2.191637060741736e-64
27.5,27,17.752236619299346,stratosphere,production,HSO + O2 -> HS + O3,1.2477089484231944e-65
27.5,27,17.752236619299346,stratosphere,production,O2 + O2 -> O + O3,5.378445386978439e-73
27.5,27,17.752236619299346,stratosphere,production,H2CO + HO2 -> CH3 + O3,7.332086857379516e-88
27.5,27,17.752236619299346,stratosphere,production,SO2 + O2 -> SO + O3,1.3243643465406555e-93
27.5,27,17.752236619299346,stratosphere,production,SO + O2 -> S + O3,5.058127726902758e-90
27.5,27,17.752236619299346,stratosphere,production,O2 + O2 -> O1D + O3,8.378202363270232e-112
27.5,27,17.752236619299346,stratosphere,production,OCS + O2 -> CS + O3,3.1964049455352075e-121
27.5,27,17.752236619299346,stratosphere,loss,O3 + hv -> O + O2,1079222008.8391623
27.5,27,17.752236619299346,stratosphere,loss,O3 + hv -> O1D + O2,239120145.3618407
27.5,27,17.752236619299346,stratosphere,loss,NO + O3 -> NO2 + O2,10941503.342573363
27.5,27,17.752236619299346,stratosphere,loss,H + O3 -> OH + O2,26.24666955536939
27.5,27,17.752236619299346,stratosphere,loss,OH + O3 -> HO2 + O2,278247.23585692496
27.5,27,17.752236619299346,stratosphere,loss,O + O3 -> O2 + O2,45069.831298364224
27.5,27,17.752236619299346,stratosphere,loss,NO2 + O3 -> NO3 + O2,27311.101811915418
27.5,27,17.752236619299346,stratosphere,loss,O1D + O3 -> O2 + O2,4901.793702881471
27.5,27,17.752236619299346,stratosphere,loss,O3 + M -> O + O2 + M,0.08704359962378411
27.5,27,17.752236619299346,stratosphere,loss,CH3 + O3 -> H2CO + HO2,45.250050663148656
27.5,27,17.752236619299346,stratosphere,loss,HS + O3 -> HSO + O2,0.05052659691152034
27.5,27,17.752236619299346,stratosphere,loss,SO + O3 -> SO2 + O2,5.498559426559767
27.5,27,17.752236619299346,stratosphere,loss,SO2 + O3 -> SO3 + O2,8.02960935965423e-07
27.5,27,17.752236619299346,stratosphere,loss,S + O3 -> SO + O2,0.0009135230456880979
27.5,27,17.752236619299346,stratosphere,loss,Cl + O3 -> ClO + O2,1.1661865424852004e-12
27.5,27,17.752236619299346,stratosphere,loss,CS + O3 -> OCS + O2,7.208647362720337e-26
28.5,28,15.28401332421172,stratosphere,production,O + O2 + M -> O3 + M,939501527.3324009
28.5,28,15.28401332421172,stratosphere,production,NO3 + O2 -> NO2 + O3,5.115006599237565e-18
28.5,28,15.28401332421172,stratosphere,production,HO2 + O2 -> OH + O3,2.154584039234128e-29
28.5,28,15.28401332421172,stratosphere,production,ClO + O2 -> Cl + O3,6.964707857569865e-35
28.5,28,15.28401332421172,stratosphere,production,NO2 + O2 -> NO + O3,2.433889045042875e-34
28.5,28,15.28401332421172,stratosphere,production,SO3 + O2 -> SO2 + O3,1.7939248298197105e-60
28.5,28,15.28401332421172,stratosphere,production,OH + O2 -> H + O3,8.853901124681171e-64
28.5,28,15.28401332421172,stratosphere,production,HSO + O2 -> HS + O3,3.407747812193315e-65
28.5,28,15.28401332421172,stratosphere,production,O2 + O2 -> O + O3,2.1679073868529755e-72
28.5,28,15.28401332421172,stratosphere,production,H2CO + HO2 -> CH3 + O3,3.3855409979999835e-87
28.5,28,15.28401332421172,stratosphere,production,SO2 + O2 -> SO + O3,6.814379118463825e-93
28.5,28,15.28401332421172,stratosphere,production,SO + O2 -> S + O3,3.175492302455836e-89
28.5,28,15.28401332421172,stratosphere,production,O2 + O2 -> O1D + O3,6.952313484546167e-111
28.5,28,15.28401332421172,stratosphere,production,OCS + O2 -> CS + O3,1.6824681821502277e-120
28.5,28,15.28401332421172,stratosphere,loss,O3 + hv -> O + O2,972650982.5473613
28.5,28,15.28401332421172,stratosphere,loss,O3 + hv -> O1D + O2,263423603.37417397
28.5,28,15.28401332421172,stratosphere,loss,NO + O3 -> NO2 + O2,11932124.944828581
28.5,28,15.28401332421172,stratosphere,loss,H + O3 -> OH + O2,35.957114720920295
28.5,28,15.28401332421172,stratosphere,loss,OH + O3 -> HO2 + O2,311170.813533651
28.5,28,15.28401332421172,stratosphere,loss,O + O3 -> O2 + O2,56675.73874123271
28.5,28,15.28401332421172,stratosphere,loss,NO2 + O3 -> NO3 + O2,28600.005365658035
28.5,28,15.28401332421172,stratosphere,loss,O1D + O3 -> O2 + O2,5664.606888065834
28.5,28,15.28401332421172,stratosphere,loss,O3 + M -> O + O2 + M,0.10059402911889075
28.5,28,15.28401332421172,stratosphere,loss,CH3 + O3 -> H2CO + HO2,58.33830429210571
28.5,28,15.28401332421172,stratosphere,loss,HS + O3 -> HSO + O2,0.04314595846413834
28.5,28,15.28401332421172,stratosphere,loss,SO + O3 -> SO2 + O2,6.644833306286207
28.5,28,15.28401332421172,stratosphere,loss,SO2 + O3 -> SO3 + O2,8.245964777281623e-07
28.5,28,15.28401332421172,stratosphere,loss,S + O3 -> SO + O2,0.0010637359773300115
28.5,28,15.28401332421172,stratosphere,loss,Cl + O3 -> ClO + O2,1.1145896122182715e-12
28.5,28,15.28401332421172,stratosphere,loss,CS + O3 -> OCS + O2,5.899422409374078e-26
29.5,29,13.175132373273033,stratosphere,production,O + O2 + M -> O3 + M,872128033.8416451
29.5,29,13.175132373273033,stratosphere,production,NO3 + O2 -> NO2 + O3,6.470855300656467e-18
29.5,29,13.175132373273033,stratosphere,production,HO2 + O2 -> OH + O3,3.6439008319599305e-29
29.5,29,13.175132373273033,stratosphere,production,ClO + O2 -> Cl + O3,1.016501893576878e-34
29.5,29,13.175132373273033,stratosphere,production,NO2 + O2 -> NO + O3,5.2545749171379765e-34
29.5,29,13.175132373273033,stratosphere,production,SO3 + O2 -> SO2 + O3,8.031044969049203e-60
29.5,29,13.175132373273033,stratosphere,production,OH + O2 -> H + O3,3.5961538898177583e-63
29.5,29,13.175132373273033,stratosphere,production,HSO + O2 -> HS + O3,9.187386467467042e-65
29.5,29,13.175132373273033,stratosphere,production,O2 + O2 -> O + O3,8.797165899221609e-72
29.5,29,13.175132373273033,stratosphere,production,H2CO + HO2 -> CH3 + O3,1.5214933663167567e-86
29.5,29,13.175132373273033,stratosphere,production,SO2 + O2 -> SO + O3,3.285468096490954e-92
29.5,29,13.175132373273033,stratosphere,production,SO + O2 -> S + O3,1.8604122033949247e-88
29.5,29,13.175132373273033,stratosphere,production,O2 + O2 -> O1D + O3,5.818786418662186e-110
29.5,29,13.175132373273033,stratosphere,production,OCS + O2 -> CS + O3,8.396151722176831e-120
29.5,29,13.175132373273033,stratosphere,loss,O3 + hv -> O + O2,858797533.3090794
29.5,29,13.175132373273033,stratosphere,loss,O3 + hv -> O1D + O2,286437606.9688873
29.5,29,13.175132373273033,stratosphere,loss,NO + O3 -> NO2 + O2,12656429.579519324
29.5,29,13.175132373273033,stratosphere,loss,H + O3 -> OH + O2,48.54905908762229
29.5,29,13.175132373273033,stratosphere,loss,OH + O3 -> HO2 + O2,340799.00398260506
29.5,29,13.175132373273033,stratosphere,loss,O + O3 -> O2 + O2,68786.43060925374
29.5,29,13.175132373273033,stratosphere,loss,NO2 + O3 -> NO3 + O2,28448.51154443769
29.5,29,13.175132373273033,stratosphere,loss,O1D + O3 -> O2 + O2,6315.363748907264
29.5,29,13.175132373273033,stratosphere,loss,O3 + M -> O + O2 + M,0.1139979850835996
29.5,29,13.175132373273033,stratosphere,loss,CH3 + O3 -> H2CO + HO2,72.86571293912596
29.5,29,13.175132373273033,stratosphere,loss,HS + O3 -> HSO + O2,0.036875704105264764
29.5,29,13.175132373273033,stratosphere,loss,SO + O3 -> SO2 + O2,7.292399990509599
29.5,29,13.175132373273033,stratosphere,loss,SO2 + O3 -> SO3 + O2,7.722612988924472e-07
29.5,29,13.175132373273033,stratosphere,loss,S + O3 -> SO + O2,0.001113410232092289
29.5,29,13.175132373273033,stratosphere,loss,Cl + O3 -> ClO + O2,1.0541505339705668e-12
29.5,29,13.175132373273033,stratosphere,loss,CS + O3 -> OCS + O2,1.3636548378640125e-25
30.5,30,11.371349882852831,stratosphere,production,O + O2 + M -> O3 + M,800998487.0843073
30.5,30,11.371349882852831,stratosphere,production,NO3 + O2 -> NO2 + O3,7.971168744944595e-18
30.5,30,11.371349882852831,stratosphere,production,HO2 + O2 -> OH + O3,6.148518525890798e-29
30.5,30,11.371349882852831,stratosphere,production,ClO + O2 -> Cl + O3,1.5049250499045962e-34
30.5,30,11.371349882852831,stratosphere,production,NO2 + O2 -> NO + O3,1.1164124064336554e-33
30.5,30,11.371349882852831,stratosphere,production,SO3 + O2 -> SO2 + O3,3.3964219225640574e-59
30.5,30,11.371349882852831,stratosphere,production,OH + O2 -> H + O3,1.492365358235385e-62
30.5,30,11.371349882852831,stratosphere,production,HSO + O2 -> HS + O3,2.433904556701954e-64
30.5,30,11.371349882852831,stratosphere,production,O2 + O2 -> O + O3,3.687475263028712e-71
30.5,30,11.371349882852831,stratosphere,production,H2CO + HO2 -> CH3 + O3,6.802919304599156e-86
30.5,30,11.371349882852831,stratosphere,production,SO2 + O2 -> SO + O3,1.5240130061378427e-91
30.5,30,11.371349882852831,stratosphere,production,SO + O2 -> S + O3,1.0332925444445407e-87
30.5,30,11.371349882852831,stratosphere,production,O2 + O2 -> O1D + O3,5.095469513992471e-109
30.5,30,11.371349882852831,stratosphere,production,OCS + O2 -> CS + O3,4.071377171386552e-119
30.5,30,11.371349882852831,stratosphere,loss,O3 + hv -> O + O2,743408159.4761482
30.5,30,11.371349882852831,stratosphere,loss,O3 + hv -> O1D + O2,306469237.29542226
30.5,30,11.371349882852831,stratosphere,loss,NO + O3 -> NO2 + O2,13025234.81254553
30.5,30,11.371349882852831,stratosphere,loss,H + O3 -> OH + O2,64.79837281124254
30.5,30,11.371349882852831,stratosphere,loss,OH + O3 -> HO2 + O2,364264.36574341415
30.5,30,11.371349882852831,stratosphere,loss,O + O3 -> O2 + O2,80836.33773408354
30.5,30,11.371349882852831,stratosphere,loss,NO2 + O3 -> NO3 + O2,26852.822141322868
30.5,30,11.371349882852831,stratosphere,loss,O1D + O3 -> O2 + O2,6775.7503627916085
30.5,30,11.371349882852831,stratosphere,loss,O3 + M -> O + O2 + M,0.1275258312078271
30.5,30,11.371349882852831,stratosphere,loss,CH3 + O3 -> H2CO + HO2,87.94878630229049
30.5,30,11.371349882852831,stratosphere,loss,HS + O3 -> HSO + O2,0.031381733576103486
30.5,30,11.371349882852831,stratosphere,loss,SO + O3 -> SO2 + O2,7.200194283677415
30.5,30,11.371349882852831,stratosphere,loss,SO2 + O3 -> SO3 + O2,6.607955535684753e-07
30.5,30,11.371349882852831,stratosphere,loss,S + O3 -> SO + O2,0.0010388173370229836
30.5,30,11.371349882852831,stratosphere,loss,Cl + O3 -> ClO + O2,9.829826555033843e-13
30.5,30,11.371349882852831,stratosphere,loss,CS + O3 -> OCS + O2,2.7477901883811715e-25
31.5,31,9.827498869637163,stratosphere,production,O + O2 + M -> O3 + M,727896941.1243553
31.5,31,9.827498869637163,stratosphere,production,NO3 + O2 -> NO2 + O3,1.0281471548721522e-17
31.5,31,9.827498869637163,stratosphere,production,HO2 + O2 -> OH + O3,1.130904321328224e-28
31.5,31,9.827498869637163,stratosphere,production,ClO + O2 -> Cl + O3,2.443201035980474e-34
31.5,31,9.827498869637163,stratosphere,production,NO2 + O2 -> NO + O3,2.5799901072928578e-33
31.5,31,9.827498869637163,stratosphere,production,SO3 + O2 -> SO2 + O3,1.602750989289609e-58
31.5,31,9.827498869637163,stratosphere,production,OH + O2 -> H + O3,7.359831082889451e-62
31.5,31,9.827498869637163,stratosphere,production,HSO + O2 -> HS + O3,7.132280516994043e-64
31.5,31,9.827498869637163,stratosphere,production,O2 + O2 -> O + O3,1.941693203196476e-70
31.5,31,9.827498869637163,stratosphere,production,H2CO + HO2 -> CH3 + O3,3.6729841680773966e-85
31.5,31,9.827498869637163,stratosphere,production,SO2 + O2 -> SO + O3,8.493422702662165e-91
31.5,31,9.827498869637163,stratosphere,production,SO + O2 -> S + O3,6.60429007650726e-87
31.5,31,9.827498869637163,stratosphere,production,O2 + O2 -> O1D + O3,6.171364406448004e-108
31.5,31,9.827498869637163,stratosphere,production,OCS + O2 -> CS + O3,2.5125624589112393e-118
31.5,31,9.827498869637163,stratosphere,loss,O3 + hv -> O + O2,631156315.5971314
31.5,31,9.827498869637163,stratosphere,loss,O3 + hv -> O1D + O2,321283929.74663764
31.5,31,9.827498869637163,stratosphere,loss,NO + O3 -> NO2 + O2,13002248.164703274
31.5,31,9.827498869637163,stratosphere,loss,H + O3 -> OH + O2,86.3238337593519
31.5,31,9.827498869637163,stratosphere,loss,OH + O3 -> HO2 + O2,379458.41999436845
31.5,31,9.827498869637163,stratosphere,loss,O + O3 -> O2 + O2,93124.1663784462
31.5,31,9.827498869637163,stratosphere,loss,NO2 + O3 -> NO3 + O2,24277.01566881384
31.5,31,9.827498869637163,stratosphere,loss,O1D + O3 -> O2 + O2,6976.100559065419
31.5,31,9.827498869637163,stratosphere,loss,O3 + M -> O + O2 + M,0.1476295548047024
31.5,31,9.827498869637163,stratosphere,loss,CH3 + O3 -> H2CO + HO2,103.27791388507912
31.5,31,9.827498869637163,stratosphere,loss,HS + O3 -> HSO + O2,0.026259287621361153
31.5,31,9.827498869637163,stratosphere,loss,SO + O3 -> SO2 + O2,6.392001584230821
31.5,31,9.827498869637163,stratosphere,loss,SO2 + O3 -> SO3 + O2,5.33347562320612e-07
31.5,31,9.827498869637163,stratosphere,loss,S + O3 -> SO + O2,0.0008655970388897534
31.5,31,9.827498869637163,stratosphere,loss,Cl + O3 -> ClO + O2,8.964522509901769e-13
31.5,31,9.827498869637163,stratosphere,loss,CS + O3 -> OCS + O2,4.792493379614548e-25
32.5,32,8.505661446045384,stratosphere,production,O + O2 + M -> O3 + M,655803284.9435987
32.5,32,8.505661446045384,stratosphere,production,NO3 + O2 -> NO2 + O3,1.3638114213629604e-17
32.5,32,8.505661446045384,stratosphere,production,HO2 + O2 -> OH + O3,2.2053234224335495e-28
32.5,32,8.505661446045384,stratosphere,production,ClO + O2 -> Cl + O3,4.242199916447571e-34
32.5,32,8.505661446045384,stratosphere,production,NO2 + O2 -> NO + O3,6.280622236745091e-33
32.5,32,8.505661446045384,stratosphere,production,SO3 + O2 -> SO2 + O3,7.986041159581017e-58
32.5,32,8.505661446045384,stratosphere,production,OH + O2 -> H + O3,4.091186834131465e-61
32.5,32,8.505661446045384,stratosphere,production,HSO + O2 -> HS + O3,2.1799444409383904e-63
32.5,32,8.505661446045384,stratosphere,production,O2 + O2 -> O + O3,1.205861980449072e-69
32.5,32,8.505661446045384,stratosphere,production,H2CO + HO2 -> CH3 + O3,2.250289909226825e-84
32.5,32,8.505661446045384,stratosphere,production,SO2 + O2 -> SO + O3,5.307308826043648e-90
32.5,32,8.505661446045384,stratosphere,production,SO + O2 -> S + O3,4.5504636010186234e-86
32.5,32,8.505661446045384,stratosphere,production,O2 + O2 -> O1D + O3,9.446985379992338e-107
32.5,32,8.505661446045384,stratosphere,production,OCS + O2 -> CS + O3,1.7965252730442306e-117
32.5,32,8.505661446045384,stratosphere,loss,O3 + hv -> O + O2,527293461.66373944
32.5,32,8.505661446045384,stratosphere,loss,O3 + hv -> O1D + O2,329570719.70116574
32.5,32,8.505661446045384,stratosphere,loss,NO + O3 -> NO2 + O2,12600045.829626422
32.5,32,8.505661446045384,stratosphere,loss,H + O3 -> OH + O2,115.37615770409795
32.5,32,8.505661446045384,stratosphere,loss,OH + O3 -> HO2 + O2,385055.577316206
32.5,32,8.505661446045384,stratosphere,loss,O + O3 -> O2 + O2,105267.34039404092
32.5,32,8.505661446045384,stratosphere,loss,NO2 + O3 -> NO3 + O2,21029.281018028192
32.5,32,8.505661446045384,stratosphere,loss,O1D + O3 -> O2 + O2,6900.558985843675
32.5,32,8.505661446045384,stratosphere,loss,O3 + M -> O + O2 + M,0.17473589542364729
32.5,32,8.505661446045384,stratosphere,loss,CH3 + O3 -> H2CO + HO2,117.71707672457224
32.5,32,8.505661446045384,stratosphere,loss,HS + O3 -> HSO + O2,0.02116921941605906
32.5,32,8.505661446045384,stratosphere,loss,SO + O3 -> SO2 + O2,5.105452558179442
32.5,32,8.505661446045384,stratosphere,loss,SO2 + O3 -> SO3 + O2,4.042516130549048e-07
32.5,32,8.505661446045384,stratosphere,loss,S + O3 -> SO + O2,0.0006456028958857548
32.5,32,8.505661446045384,stratosphere,loss,Cl + O3 -> ClO + O2,7.999958117201241e-13
32.5,32,8.505661446045384,stratosphere,loss,CS + O3 -> OCS + O2,7.09580903465263e-25
33.5,33,7.373046041943185,stratosphere,production,O + O2 + M -> O3 + M,587008855.2058159
33.5,33,7.373046041943185,stratosphere,production,NO3 + O2 -> NO2 + O3,1.8296219608752415e-17
33.5,33,7.373046041943185,stratosphere,production,HO2 + O2 -> OH + O3,4.441656059918808e-28
33.5,33,7.373046041943185,stratosphere,production,ClO + O2 -> Cl + O3,7.6830693039722455e-34
33.5,33,7.373046041943185,stratosphere,production,NO2 + O2 -> NO + O3,1.560508758605492e-32
33.5,33,7.373046041943185,stratosphere,production,SO3 + O2 -> SO2 + O3,3.982041389849185e-57
33.5,33,7.373046041943185,stratosphere,production,OH + O2 -> H + O3,2.433838487755163e-60
33.5,33,7.373046041943185,stratosphere,production,HSO + O2 -> HS + O3,6.598742746134425e-63
33.5,33,7.373046041943185,stratosphere,production,O2 + O2 -> O + O3,8.29131198010407e-69
33.5,33,7.373046041943185,stratosphere,production,H2CO + HO2 -> CH3 + O3,1.4737321629454295e-83
33.5,33,7.373046041943185,stratosphere,production,SO2 + O2 -> SO + O3,3.472276523804881e-89
33.5,33,7.373046041943185,stratosphere,production,SO + O2 -> S + O3,3.1736093167250804e-85
33.5,33,7.373046041943185,stratosphere,production,O2 + O2 -> O1D + O3,1.670043725762966e-105
33.5,33,7.373046041943185,stratosphere,production,OCS + O2 -> CS + O3,1.3538307588328773e-116
33.5,33,7.373046041943185,stratosphere,loss,O3 + hv -> O + O2,435201319.0868593
33.5,33,7.373046041943185,stratosphere,loss,O3 + hv -> O1D + O2,330933549.89875233
33.5,33,7.373046041943185,stratosphere,loss,NO + O3 -> NO2 + O2,11869760.681358403
33.5,33,7.373046041943185,stratosphere,loss,H + O3 -> OH + O2,155.49386290857353
33.5,33,7.373046041943185,stratosphere,loss,OH + O3 -> HO2 + O2,381108.75400480913
33.5,33,7.373046041943185,stratosphere,loss,O + O3 -> O2 + O2,116970.89239607299
33.5,33,7.373046041943185,stratosphere,loss,NO2 + O3 -> NO3 + O2,17480.75536878188
33.5,33,7.373046041943185,stratosphere,loss,O1D + O3 -> O2 + O2,6582.285404991038
33.5,33,7.373046041943185,stratosphere,loss,O3 + M -> O + O2 + M,0.20906104020289412
33.5,33,7.373046041943185,stratosphere,loss,CH3 + O3 -> H2CO + HO2,130.155674895999
33.5,33,7.373046041943185,stratosphere,loss,HS + O3 -> HSO + O2,0.016167192372975397
33.5,33,7.373046041943185,stratosphere,loss,SO + O3 -> SO2 + O2,3.6826739140554783
33.5,33,7.373046041943185,stratosphere,loss,SO2 + O3 -> SO3 + O2,2.868409329242728e-07
33.5,33,7.373046041943185,stratosphere,loss,S + O3 -> SO + O2,0.0004336211532924279
33.5,33,7.373046041943185,stratosphere,loss,Cl + O3 -> ClO + O2,6.998135523035476e-13
33.5,33,7.373046041943185,stratosphere,loss,CS + O3 -> OCS + O2,8.82464600635671e-25
34.5,34,6.40173230209956,stratosphere,production,O + O2 + M -> O3 + M,522980022.90868765
34.5,34,6.40173230209956,stratosphere,production,NO3 + O2 -> NO2 + O3,2.5629503990112364e-17
34.5,34,6.40173230209956,stratosphere,production,HO2 + O2 -> OH + O3,9.583318895959623e-28
34.5,34,6.40173230209956,stratosphere,production,ClO + O2 -> Cl + O3,1.4933827660004443e-33
34.5,34,6.40173230209956,stratosphere,production,NO2 + O2 -> NO + O3,4.1115685344573426e-32
34.5,34,6.40173230209956,stratosphere,production,SO3 + O2 -> SO2 + O3,2.1315452014711355e-56
34.5,34,6.40173230209956,stratosphere,production,OH + O2 -> H + O3,1.6389842354145244e-59
34.5,34,6.40173230209956,stratosphere,production,HSO + O2 -> HS + O3,2.0906666837302278e-62
34.5,34,6.40173230209956,stratosphere,production,O2 + O2 -> O + O3,6.779885606043595e-68
34.5,34,6.40173230209956,stratosphere,production,H2CO + HO2 -> CH3 + O3,1.1154565941374151e-82
34.5,34,6.40173230209956,stratosphere,production,SO2 + O2 -> SO + O3,2.6059632609395964e-88
34.5,34,6.40173230209956,stratosphere,production,SO + O2 -> S + O3,2.430095857511474e-84
34.5,34,6.40173230209956,stratosphere,production,O2 + O2 -> O1D + O3,3.775495495796267e-104
34.5,34,6.40173230209956,stratosphere,production,OCS + O2 -> CS + O3,1.190834377266002e-115
34.5,34,6.40173230209956,stratosphere,loss,O3 + hv -> O + O2,356164360.23523986
34.5,34,6.40173230209956,stratosphere,loss,O3 + hv -> O1D + O2,325935754.78940874
34.5,34,6.40173230209956,stratosphere,loss,NO + O3 -> NO2 + O2,10892767.9086794
34.5,34,6.40173230209956,stratosphere,loss,H + O3 -> OH + O2,213.13459487123149
34.5,34,6.40173230209956,stratosphere,loss,OH + O3 -> HO2 + O2,369342.9299996822
34.5,34,6.40173230209956,stratosphere,loss,O + O3 -> O2 + O2,129022.57104255156
34.5,34,6.40173230209956,stratosphere,loss,NO2 + O3 -> NO3 + O2,14063.353271043263
34.5,34,6.40173230209956,stratosphere,loss,O1D + O3 -> O2 + O2,6090.600935018531
34.5,34,6.40173230209956,stratosphere,loss,O3 + M -> O + O2 + M,0.25812176893104716
34.5,34,6.40173230209956,stratosphere,loss,CH3 + O3 -> H2CO + HO2,140.70872648021108
34.5,34,6.40173230209956,stratosphere,loss,HS + O3 -> HSO + O2,0.011629873921232062
34.5,34,6.40173230209956,stratosphere,loss,SO + O3 -> SO2 + O2,2.432065944025817
34.5,34,6.40173230209956,stratosphere,loss,SO2 + O3 -> SO3 + O2,1.954160448481023e-07
34.5,34,6.40173230209956,stratosphere,loss,S + O3 -> SO + O2,0.00026711859045529533
34.5,34,6.40173230209956,stratosphere,loss,Cl + O3 -> ClO + O2,5.999450543259843e-13
34.5,34,6.40173230209956,stratosphere,loss,CS + O3 -> OCS + O2,9.358836993753767e-25
35.5,35,5.567781417854995,stratosphere,production,O + O2 + M -> O3 + M,466383995.4516322
35.5,35,5.567781417854995,stratosphere,production,NO3 + O2 -> NO2 + O3,3.496413573426376e-17
35.5,35,5.567781417854995,stratosphere,production,HO2 + O2 -> OH + O3,2.017294854603468e-27
35.5,35,5.567781417854995,stratosphere,production,ClO + O2 -> Cl + O3,2.8526310399607435e-33
35.5,35,5.567781417854995,stratosphere,production,NO2 + O2 -> NO + O3,1.025057608578494e-31
35.5,35,5.567781417854995,stratosphere,production,SO3 + O2 -> SO2 + O3,1.0305875598096598e-55
35.5,35,5.567781417854995,stratosphere,production,OH + O2 -> H + O3,1.0496179859116433e-58
35.5,35,5.567781417854995,stratosphere,production,HSO + O2 -> HS + O3,6.066408103374524e-62
35.5,35,5.567781417854995,stratosphere,production,O2 + O2 -> O + O3,5.281840270936575e-67
35.5,35,5.567781417854995,stratosphere,production,H2CO + HO2 -> CH3 + O3,7.908588558407002e-82
35.5,35,5.567781417854995,stratosphere,production,SO2 + O2 -> SO + O3,1.7797730663553728e-87
35.5,35,5.567781417854995,stratosphere,production,SO + O2 -> S + O3,1.6653879771865893e-83
35.5,35,5.567781417854995,stratosphere,production,O2 + O2 -> O1D + O3,7.954697708966175e-103
35.5,35,5.567781417854995,stratosphere,production,OCS + O2 -> CS + O3,9.039177179199059e-115
35.5,35,5.567781417854995,stratosphere,loss,O3 + hv -> O + O2,290989610.6151867
35.5,35,5.567781417854995,stratosphere,loss,O3 + hv -> O1D + O2,317196900.1040081
35.5,35,5.567781417854995,stratosphere,loss,NO + O3 -> NO2 + O2,9747777.732043505
35.5,35,5.567781417854995,stratosphere,loss,H + O3 -> OH + O2,297.3692548064651
35.5,35,5.567781417854995,stratosphere,loss,OH + O3 -> HO2 + O2,352316.1934235391
35.5,35,5.567781417854995,stratosphere,loss,O + O3 -> O2 + O2,140983.79413548636
35.5,35,5.567781417854995,stratosphere,loss,NO2 + O3 -> NO3 + O2,10900.914981319791
35.5,35,5.567781417854995,stratosphere,loss,O1D + O3 -> O2 + O2,5534.210916183627
35.5,35,5.567781417854995,stratosphere,loss,O3 + M -> O + O2 + M,0.3138413433400024
35.5,35,5.567781417854995,stratosphere,loss,CH3 + O3 -> H2CO + HO2,148.57795747786537
35.5,35,5.567781417854995,stratosphere,loss,HS + O3 -> HSO + O2,0.008066469647428156
35.5,35,5.567781417854995,stratosphere,loss,SO + O3 -> SO2 + O2,1.5043314344108565
35.5,35,5.567781417854995,stratosphere,loss,SO2 + O3 -> SO3 + O2,1.26646886233862e-07
35.5,35,5.567781417854995,stratosphere,loss,S + O3 -> SO + O2,0.00015488058162852446
35.5,35,5.567781417854995,stratosphere,loss,Cl + O3 -> ClO + O2,5.102076029601104e-13
35.5,35,5.567781417854995,stratosphere,loss,CS + O3 -> OCS + O2,8.649074371120377e-25
36.5,36,4.85047647632387,stratosphere,production,O + O2 + M -> O3 + M,417907671.202398
36.5,36,4.85047647632387,stratosphere,production,NO3 + O2 -> NO2 + O3,4.6779006253487757e-17
36.5,36,4.85047647632387,stratosphere,production,HO2 + O2 -> OH + O3,4.167505060862983e-27
36.5,36,4.85047647632387,stratosphere,production,ClO + O2 -> Cl + O3,5.3616101278216896e-33
36.5,36,4.85047647632387,stratosphere,production,NO2 + O2 -> NO + O3,2.4247115816345486e-31
36.5,36,4.85047647632387,stratosphere,production,SO3 + O2 -> SO2 + O3,4.629433766557846e-55
36.5,36,4.85047647632387,stratosphere,production,OH + O2 -> H + O3,6.42734124728307e-58
36.5,36,4.85047647632387,stratosphere,production,HSO + O2 -> HS + O3,1.662321459810887e-61
36.5,36,4.85047647632387,stratosphere,production,O2 + O2 -> O + O3,3.932814036221115e-66
36.5,36,4.85047647632387,stratosphere,production,H2CO + HO2 -> CH3 + O3,5.312898944968152e-81
36.5,36,4.85047647632387,stratosphere,production,SO2 + O2 -> SO + O3,1.141055510098874e-86
36.5,36,4.85047647632387,stratosphere,production,SO + O2 -> S + O3,1.0541988749257594e-82
36.5,36,4.85047647632387,stratosphere,production,O2 + O2 -> O1D + O3,1.569176165183757e-101
36.5,36,4.85047647632387,stratosphere,production,OCS + O2 -> CS + O3,6.021073998500353e-114
36.5,36,4.85047647632387,stratosphere,loss,O3 + hv -> O + O2,238281191.1428183
36.5,36,4.85047647632387,stratosphere,loss,O3 + hv -> O1D + O2,306910665.46769243
36.5,36,4.85047647632387,stratosphere,loss,NO + O3 -> NO2 + O2,8527322.52499348
36.5,36,4.85047647632387,stratosphere,loss,H + O3 -> OH + O2,424.4217396154763
36.5,36,4.85047647632387,stratosphere,loss,OH + O3 -> HO2 + O2,332873.1255732162
36.5,36,4.85047647632387,stratosphere,loss,O + O3 -> O2 + O2,153745.39323108594
36.5,36,4.85047647632387,stratosphere,loss,NO2 + O3 -> NO3 + O2,8178.120779801148
36.5,36,4.85047647632387,stratosphere,loss,O1D + O3 -> O2 + O2,4985.492419209973
36.5,36,4.85047647632387,stratosphere,loss,O3 + M -> O + O2 + M,0.37731372877094177
36.5,36,4.85047647632387,stratosphere,loss,CH3 + O3 -> H2CO + HO2,154.46102625645304
36.5,36,4.85047647632387,stratosphere,loss,HS + O3 -> HSO + O2,0.005543165547799156
36.5,36,4.85047647632387,stratosphere,loss,SO + O3 -> SO2 + O2,0.8995179652215044
36.5,36,4.85047647632387,stratosphere,loss,SO2 + O3 -> SO3 + O2,8.056125193325558e-08
36.5,36,4.85047647632387,stratosphere,loss,S + O3 -> SO + O2,8.761190168182104e-05
36.5,36,4.85047647632387,stratosphere,loss,Cl + O3 -> ClO + O2,4.3331390649969786e-13
36.5,36,4.85047647632387,stratosphere,loss,CS + O3 -> OCS + O2,7.309325147023588e-25
37.5,37,4.232354689873327,stratosphere,production,O + O2 + M -> O3 + M,377530499.7989768
37.5,37,4.232354689873327,stratosphere,production,NO3 + O2 -> NO2 + O3,6.063848360155344e-17
37.5,37,4.232354689873327,stratosphere,production,HO2 + O2 -> OH + O3,8.299402385200905e-27
37.5,37,4.232354689873327,stratosphere,production,ClO + O2 -> Cl + O3,9.739827367340403e-33
37.5,37,4.232354689873327,stratosphere,production,NO2 + O2 -> NO + O3,5.320741588176923e-31
37.5,37,4.232354689873327,stratosphere,production,SO3 + O2 -> SO2 + O3,1.9178858073588457e-54
37.5,37,4.232354689873327,stratosphere,production,OH + O2 -> H + O3,3.6431978273618083e-57
37.5,37,4.232354689873327,stratosphere,production,HSO + O2 -> HS + O3,4.322743273372261e-61
37.5,37,4.232354689873327,stratosphere,production,O2 + O2 -> O + O3,2.6758625998779335e-65
37.5,37,4.232354689873327,stratosphere,production,H2CO + HO2 -> CH3 + O3,3.2500145214589432e-80
37.5,37,4.232354689873327,stratosphere,production,SO2 + O2 -> SO + O3,6.768890898307126e-86
37.5,37,4.232354689873327,stratosphere,production,SO + O2 -> S + O3,6.117207999678677e-82
37.5,37,4.232354689873327,stratosphere,production,O2 + O2 -> O1D + O3,2.7183157330853154e-100
37.5,37,4.232354689873327,stratosphere,production,OCS + O2 -> CS + O3,3.34927747726018e-113
37.5,37,4.232354689873327,stratosphere,loss,O3 + hv -> O + O2,196207029.27587414
37.5,37,4.232354689873327,stratosphere,loss,O3 + hv -> O1D + O2,296784862.4976245
37.5,37,4.232354689873327,stratosphere,loss,NO + O3 -> NO2 + O2,7308887.610351163
37.5,37,4.232354689873327,stratosphere,loss,H + O3 -> OH + O2,620.1776691053559
37.5,37,4.232354689873327,stratosphere,loss,OH + O3 -> HO2 + O2,313082.08601075126
37.5,37,4.232354689873327,stratosphere,loss,O + O3 -> O2 + O2,167835.5300571909
37.5,37,4.232354689873327,stratosphere,loss,NO2 + O3 -> NO3 + O2,5943.369866205321
37.5,37,4.232354689873327,stratosphere,loss,O1D + O3 -> O2 + O2,4485.749113961346
37.5,37,4.232354689873327,stratosphere,loss,O3 + M -> O + O2 + M,0.44483391481157003
37.5,37,4.232354689873327,stratosphere,loss,CH3 + O3 -> H2CO + HO2,158.74692358570996
37.5,37,4.232354689873327,stratosphere,loss,HS + O3 -> HSO + O2,0.003917129797873473
37.5,37,4.232354689873327,stratosphere,loss,SO + O3 -> SO2 + O2,0.5409408408374901
37.5,37,4.232354689873327,stratosphere,loss,SO2 + O3 -> SO3 + O2,5.191886977287634e-08
37.5,37,4.232354689873327,stratosphere,loss,S + O3 -> SO + O2,5.0452580912492606e-05
37.5,37,4.232354689873327,stratosphere,loss,Cl + O3 -> ClO + O2,3.702791941650483e-13
37.5,37,4.232354689873327,stratosphere,loss,CS + O3 -> OCS + O2,5.967784250018225e-25
38.5,38,3.6986807272678273,stratosphere,production,O + O2 + M -> O3 + M,344060427.32611907
38.5,38,3.6986807272678273,stratosphere,production,NO3 + O2 -> NO2 + O3,7.706400857160441e-17
38.5,38,3.6986807272678273,stratosphere,production,HO2 + O2 -> OH + O3,1.6154483701773657e-26
38.5,38,3.6986807272678273,stratosphere,production,ClO + O2 -> Cl + O3,1.7318128762313946e-32
38.5,38,3.6986807272678273,stratosphere,production,NO2 + O2 -> NO + O3,1.1019805628899398e-30
38.5,38,3.6986807272678273,stratosphere,production,SO3 + O2 -> SO2 + O3,7.739682586447528e-54
38.5,38,3.6986807272678273,stratosphere,production,OH + O2 -> H + O3,1.964165907049189e-56
38.5,38,3.6986807272678273,stratosphere,production,HSO + O2 -> HS + O3,1.1303679384456044e-60
38.5,38,3.6986807272678273,stratosphere,production,O2 + O2 -> O + O3,1.7177452875889786e-64
38.5,38,3.6986807272678273,stratosphere,production,H2CO + HO2 -> CH3 + O3,1.8671224451447526e-79
38.5,38,3.6986807272678273,stratosphere,production,SO2 + O2 -> SO + O3,4.007767328717547e-85
38.5,38,3.6986807272678273,stratosphere,production,SO + O2 -> S + O3,3.4984193847501384e-81
38.5,38,3.6986807272678273,stratosphere,production,O2 + O2 -> O1D + O3,4.328597204199568e-99
38.5,38,3.6986807272678273,stratosphere,production,OCS + O2 -> CS + O3,1.6279383230382774e-112
38.5,38,3.6986807272678273,stratosphere,loss,O3 + hv -> O + O2,162690990.0647965
38.5,38,3.6986807272678273,stratosphere,loss,O3 + hv -> O1D + O2,287233925.07335335
38.5,38,3.6986807272678273,stratosphere,loss,NO + O3 -> NO2 + O2,6153500.26349693
38.5,38,3.6986807272678273,stratosphere,loss,H + O3 -> OH + O2,926.6942427751283
38.5,38,3.6986807272678273,stratosphere,loss,OH + O3 -> HO2 + O2,293995.8351793112
38.5,38,3.6986807272678273,stratosphere,loss,O + O3 -> O2 + O2,184055.4358555643
38.5,38,3.6986807272678273,stratosphere,loss,NO2 + O3 -> NO3 + O2,4197.280264992562
38.5,38,3.6986807272678273,stratosphere,loss,O1D + O3 -> O2 + O2,4041.124379571054
38.5,38,3.6986807272678273,stratosphere,loss,O3 + M -> O + O2 + M,0.5186188508194501
38.5,38,3.6986807272678273,stratosphere,loss,CH3 + O3 -> H2CO + HO2,161.73349063303638
38.5,38,3.6986807272678273,stratosphere,loss,HS + O3 -> HSO + O2,0.002940667572487402
38.5,38,3.6986807272678273,stratosphere,loss,SO + O3 -> SO2 + O2,0.3409670739998825
38.5,38,3.6986807272678273,stratosphere,loss,SO2 + O3 -> SO3 + O2,3.547158933320994e-08
38.5,38,3.6986807272678273,stratosphere,loss,S + O3 -> SO + O2,3.0918078434909796e-05
38.5,38,3.6986807272678273,stratosphere,loss,Cl + O3 -> ClO + O2,3.189038760016362e-13
38.5,38,3.6986807272678273,stratosphere,loss,CS + O3 -> OCS + O2,4.976029259248981e-25
39.5,39,3.2371722189185412,stratosphere,production,O + O2 + M -> O3 + M,316625637.92830616
39.5,39,3.2371722189185412,stratosphere,production,NO3 + O2 -> NO2 + O3,9.525465359097712e-17
39.5,39,3.2371722189185412,stratosphere,production,HO2 + O2 -> OH + O3,3.033351398144144e-26
39.5,39,3.2371722189185412,stratosphere,production,ClO + O2 -> Cl + O3,2.977441908268358e-32
39.5,39,3.2371722189185412,stratosphere,production,NO2 + O2 -> NO + O3,2.1221177771952655e-30
39.5,39,3.2371722189185412,stratosphere,production,SO3 + O2 -> SO2 + O3,3.0429917504891996e-53
39.5,39,3.2371722189185412,stratosphere,production,OH + O2 -> H + O3,9.832042526431713e-56
39.5,39,3.2371722189185412,stratosphere,production,HSO + O2 -> HS + O3,3.0409583185189606e-60
39.5,39,3.2371722189185412,stratosphere,production,O2 + O2 -> O + O3,1.0089072918834414e-63
39.5,39,3.2371722189185412,stratosphere,production,H2CO + HO2 -> CH3 + O3,9.784651097626645e-79
39.5,39,3.2371722189185412,stratosphere,production,SO2 + O2 -> SO + O3,2.3983219303889518e-84
39.5,39,3.2371722189185412,stratosphere,production,SO + O2 -> S + O3,2.005319686777397e-80
39.5,39,3.2371722189185412,stratosphere,production,O2 + O2 -> O1D + O3,6.064482181608176e-98
39.5,39,3.2371722189185412,stratosphere,production,OCS + O2 -> CS + O3,6.704552107143555e-112
39.5,39,3.2371722189185412,stratosphere,loss,O3 + hv -> O + O2,136250930.2795107
39.5,39,3.2371722189185412,stratosphere,loss,O3 + hv -> O1D + O2,278490197.5663155
39.5,39,3.2371722189185412,stratosphere,loss,NO + O3 -> NO2 + O2,5102100.608781804
39.5,39,3.2371722189185412,stratosphere,loss,H + O3 -> OH + O2,1411.680356155184
39.5,39,3.2371722189185412,stratosphere,loss,OH + O3 -> HO2 + O2,276376.79636096075
39.5,39,3.2371722189185412,stratosphere,loss,O + O3 -> O2 + O2,203148.71315698046
39.5,39,3.2371722189185412,stratosphere,loss,NO2 + O3 -> NO3 + O2,2886.7677908454966
39.5,39,3.2371722189185412,stratosphere,loss,O1D + O3 -> O2 + O2,3658.4860490280444
39.5,39,3.2371722189185412,stratosphere,loss,O3 + M -> O + O2 + M,0.5952693117239649
39.5,39,3.2371722189185412,stratosphere,loss,CH3 + O3 -> H2CO + HO2,163.59768292456192
39.5,39,3.2371722189185412,stratosphere,loss,HS + O3 -> HSO + O2,0.002450344706461242
39.5,39,3.2371722189185412,stratosphere,loss,SO + O3 -> SO2 + O2,0.2368731084429394
39.5,39,3.2371722189185412,stratosphere,loss,SO2 + O3 -> SO3 + O2,2.6882056500428875e-08
39.5,39,3.2371722189185412,stratosphere,loss,S + O3 -> SO + O2,2.124238324631964e-05
39.5,39,3.2371722189185412,stratosphere,loss,Cl + O3 -> ClO + O2,2.7731432261946717e-13
39.5,39,3.2371722189185412,stratosphere,loss,CS + O3 -> OCS + O2,4.488308382667549e-25
40.5,40,2.8372958543550677,stratosphere,production,O + O2 + M -> O3 + M,293916853.61523354
40.5,40,2.8372958543550677,stratosphere,production,NO3 + O2 -> NO2 + O3,1.1511950036265755e-16
40.5,40,2.8372958543550677,stratosphere,production,HO2 + O2 -> OH + O3,5.524662664490443e-26
40.5,40,2.8372958543550677,stratosphere,production,ClO + O2 -> Cl + O3,4.973391228833224e-32
40.5,40,2.8372958543550677,stratosphere,production,NO2 + O2 -> NO + O3,3.829826016252118e-30
40.5,40,2.8372958543550677,stratosphere,production,SO3 + O2 -> SO2 + O3,1.1737061505386402e-52
40.5,40,2.8372958543550677,stratosphere,production,OH + O2 -> H + O3,4.609106696841835e-55
40.5,40,2.8372958543550677,stratosphere,production,HSO + O2 -> HS + O3,8.631468522197364e-60
40.5,40,2.8372958543550677,stratosphere,production,O2 + O2 -> O + O3,5.488743980378164e-63
40.5,40,2.8372958543550677,stratosphere,production,H2CO + HO2 -> CH3 + O3,4.733498988476421e-78
40.5,40,2.8372958543550677,stratosphere,production,SO2 + O2 -> SO + O3,1.5040403582725328e-83
40.5,40,2.8372958543550677,stratosphere,production,SO + O2 -> S + O3,1.1927486074523045e-79
40.5,40,2.8372958543550677,stratosphere,production,O2 + O2 -> O1D + O3,7.60804321218564e-97
40.5,40,2.8372958543550677,stratosphere,production,OCS + O2 -> CS + O3,2.401501172243687e-111
40.5,40,2.8372958543550677,stratosphere,loss,O3 + hv -> O + O2,115457057.5867154
40.5,40,2.8372958543550677,stratosphere,loss,O3 + hv -> O1D + O2,270228676.3001336
40.5,40,2.8372958543550677,stratosphere,loss,NO + O3 -> NO2 + O2,4178347.8040813496
40.5,40,2.8372958543550677,stratosphere,loss,H + O3 -> OH + O2,2183.6749817215186
40.5,40,2.8372958543550677,stratosphere,loss,OH + O3 -> HO2 + O2,260440.54020721384
40.5,40,2.8372958543550677,stratosphere,loss,O + O3 -> O2 + O2,226164.8083926069
40.5,40,2.8372958543550677,stratosphere,loss,NO2 + O3 -> NO3 + O2,1942.3228224247955
40.5,40,2.8372958543550677,stratosphere,loss,O1D + O3 -> O2 + O2,3333.2692051037893
40.5,40,2.8372958543550677,stratosphere,loss,O3 + M -> O + O2 + M,0.6761983251489218
40.5,40,2.8372958543550677,stratosphere,loss,CH3 + O3 -> H2CO + HO2,164.45112463972487
40.5,40,2.8372958543550677,stratosphere,loss,HS + O3 -> HSO + O2,0.0022962406673682897
40.5,40,2.8372958543550677,stratosphere,loss,SO + O3 -> SO2 + O2,0.18590671829258684
40.5,40,2.8372958543550677,stratosphere,loss,SO2 + O3 -> SO3 + O2,2.320531158883301e-08
40.5,40,2.8372958543550677,stratosphere,loss,S + O3 -> SO + O2,1.6778409554550224e-05
40.5,40,2.8372958543550677,stratosphere,loss,Cl + O3 -> ClO + O2,2.4289833800742174e-13
40.5,40,2.8372958543550677,stratosphere,loss,CS + O3 -> OCS + O2,4.502470732746844e-25
41.5,41,2.490159984087188,stratosphere,production,O + O2 + M -> O3 + M,275147856.31316596
41.5,41,2.490159984087188,stratosphere,production,NO3 + O2 -> NO2 + O3,1.3159968496476724e-16
41.5,41,2.490159984087188,stratosphere,production,HO2 + O2 -> OH + O3,9.346422517873958e-26
41.5,41,2.490159984087188,stratosphere,production,ClO + O2 -> Cl + O3,7.757028414231439e-32
41.5,41,2.490159984087188,stratosphere,production,NO2 + O2 -> NO + O3,6.162332166757119e-30
41.5,41,2.490159984087188,stratosphere,production,SO3 + O2 -> SO2 + O3,4.011376398504989e-52
41.5,41,2.490159984087188,stratosphere,production,OH + O2 -> H + O3,1.8663649254750148e-54
41.5,41,2.490159984087188,stratosphere,production,HSO + O2 -> HS + O3,2.3640963721336208e-59
41.5,41,2.490159984087188,stratosphere,production,O2 + O2 -> O + O3,2.5030071956685733e-62
41.5,41,2.490159984087188,stratosphere,production,H2CO + HO2 -> CH3 + O3,1.9151258506616184e-77
41.5,41,2.490159984087188,stratosphere,production,SO2 + O2 -> SO + O3,8.6910982892968e-83
41.5,41,2.490159984087188,stratosphere,production,SO + O2 -> S + O3,6.569385279941203e-79
41.5,41,2.490159984087188,stratosphere,production,O2 + O2 -> O1D + O3,7.412118927766828e-96
41.5,41,2.490159984087188,stratosphere,production,OCS + O2 -> CS + O3,6.5155826947426374e-111
41.5,41,2.490159984087188,stratosphere,loss,O3 + hv -> O + O2,99221919.84453347
41.5,41,2.490159984087188,stratosphere,loss,O3 + hv -> O1D + O2,262473294.97451124
41.5,41,2.490159984087188,stratosphere,loss,NO + O3 -> NO2 + O2,3386717.182402346
41.5,41,2.490159984087188,stratosphere,loss,H + O3 -> OH + O2,3403.7931980391904
41.5,41,2.490159984087188,stratosphere,loss,OH + O3 -> HO2 + O2,246101.45517418726
41.5,41,2.490159984087188,stratosphere,loss,O + O3 -> O2 + O2,253133.56279428268
41.5,41,2.490159984087188,stratosphere,loss,NO2 + O3 -> NO3 + O2,1278.300291173447
41.5,41,2.490159984087188,stratosphere,loss,O1D + O3 -> O2 + O2,3065.151115988364
41.5,41,2.490159984087188,stratosphere,loss,O3 + M -> O + O2 + M,0.7447314476369142
41.5,41,2.490159984087188,stratosphere,loss,CH3 + O3 -> H2CO + HO2,163.3801667120909
41.5,41,2.490159984087188,stratosphere,loss,HS + O3 -> HSO + O2,0.0023744314458587147
41.5,41,2.490159984087188,stratosphere,loss,SO + O3 -> SO2 + O2,0.16299528154029608
41.5,41,2.490159984087188,stratosphere,loss,SO2 + O3 -> SO3 + O2,2.2182034543491184e-08
41.5,41,2.490159984087188,stratosphere,loss,S + O3 -> SO + O2,1.4997145332467354e-05
41.5,41,2.490159984087188,stratosphere,loss,Cl + O3 -> ClO + O2,2.1439090389733236e-13
41.5,41,2.490159984087188,stratosphere,loss,CS + O3 -> OCS + O2,4.926170213438368e-25
42.5,42,2.188165357641957,stratosphere,production,O + O2 + M -> O3 + M,259158870.55305082
42.5,42,2.188165357641957,stratosphere,production,NO3 + O2 -> NO2 + O3,1.4262242300807792e-16
42.5,42,2.188165357641957,stratosphere,production,HO2 + O2 -> OH + O3,1.478344614627481e-25
42.5,42,2.188165357641957,stratosphere,production,ClO + O2 -> Cl + O3,1.1357517362055256e-31
42.5,42,2.188165357641957,stratosphere,production,NO2 + O2 -> NO + O3,8.920484899970334e-30
42.5,42,2.188165357641957,stratosphere,production,SO3 + O2 -> SO2 + O3,1.1961339018709025e-51
42.5,42,2.188165357641957,stratosphere,production,OH + O2 -> H + O3,6.586296224085776e-54
42.5,42,2.188165357641957,stratosphere,production,HSO + O2 -> HS + O3,6.004595897987461e-59
42.5,42,2.188165357641957,stratosphere,production,O2 + O2 -> O + O3,9.699965425174634e-62
42.5,42,2.188165357641957,stratosphere,production,H2CO + HO2 -> CH3 + O3,6.5723405859692114e-77
42.5,42,2.188165357641957,stratosphere,production,SO2 + O2 -> SO + O3,4.5082030943160964e-82
42.5,42,2.188165357641957,stratosphere,production,SO + O2 -> S + O3,3.26450249879907e-78
42.5,42,2.188165357641957,stratosphere,production,O2 + O2 -> O1D + O3,5.719145941311054e-95
42.5,42,2.188165357641957,stratosphere,production,OCS + O2 -> CS + O3,1.3731699813772774e-110
42.5,42,2.188165357641957,stratosphere,loss,O3 + hv -> O + O2,86418425.03207456
42.5,42,2.188165357641957,stratosphere,loss,O3 + hv -> O1D + O2,254816211.7808342
42.5,42,2.188165357641957,stratosphere,loss,NO + O3 -> NO2 + O2,2721826.9663079805
42.5,42,2.188165357641957,stratosphere,loss,H + O3 -> OH + O2,5314.687817371301
42.5,42,2.188165357641957,stratosphere,loss,OH + O3 -> HO2 + O2,232882.91734303167
42.5,42,2.188165357641957,stratosphere,loss,O + O3 -> O2 + O2,284622.0827244847
42.5,42,2.188165357641957,stratosphere,loss,NO2 + O3 -> NO3 + O2,825.5415076038322
42.5,42,2.188165357641957,stratosphere,loss,O1D + O3 -> O2 + O2,2842.635047536464
42.5,42,2.188165357641957,stratosphere,loss,O3 + M -> O + O2 + M,0.7982536051301369
42.5,42,2.188165357641957,stratosphere,loss,CH3 + O3 -> H2CO + HO2,160.12795336812843
42.5,42,2.188165357641957,stratosphere,loss,HS + O3 -> HSO + O2,0.0025666212977093427
42.5,42,2.188165357641957,stratosphere,loss,SO + O3 -> SO2 + O2,0.15350716112910398
42.5,42,2.188165357641957,stratosphere,loss,SO2 + O3 -> SO3 + O2,2.258129412735534e-08
42.5,42,2.188165357641957,stratosphere,loss,S + O3 -> SO + O2,1.4540178462734789e-05
42.5,42,2.188165357641957,stratosphere,loss,Cl + O3 -> ClO + O2,1.898269254831779e-13
42.5,42,2.188165357641957,stratosphere,loss,CS + O3 -> OCS + O2,5.632913023825978e-25
43.5,43,1.924841507973946,stratosphere,production,O + O2 + M -> O3 + M,245501452.40462297
43.5,43,1.924841507973946,stratosphere,production,NO3 + O2 -> NO2 + O3,1.3942322259479502e-16
43.5,43,1.924841507973946,stratosphere,production,HO2 + O2 -> OH + O3,2.0566843221774898e-25
43.5,43,1.924841507973946,stratosphere,production,ClO + O2 -> Cl + O3,1.4751186220088295e-31
43.5,43,1.924841507973946,stratosphere,production,NO2 + O2 -> NO + O3,1.0813503278088575e-29
43.5,43,1.924841507973946,stratosphere,production,SO3 + O2 -> SO2 + O3,2.7611256952140866e-51
43.5,43,1.924841507973946,stratosphere,production,OH + O2 -> H + O3,1.8056905036857379e-53
43.5,43,1.924841507973946,stratosphere,production,HSO + O2 -> HS + O3,1.2279351726519115e-58
43.5,43,1.924841507973946,stratosphere,production,O2 + O2 -> O + O3,2.770768503362293e-61
43.5,43,1.924841507973946,stratosphere,production,H2CO + HO2 -> CH3 + O3,1.6683041390749883e-76
43.5,43,1.924841507973946,stratosphere,production,SO2 + O2 -> SO + O3,1.7202726280918854e-81
43.5,43,1.924841507973946,stratosphere,production,SO + O2 -> S + O3,1.2281859521960236e-77
43.5,43,1.924841507973946,stratosphere,production,O2 + O2 -> O1D + O3,2.8530677871359344e-94
43.5,43,1.924841507973946,stratosphere,production,OCS + O2 -> CS + O3,1.8699473584553992e-110
43.5,43,1.924841507973946,stratosphere,loss,O3 + hv -> O + O2,76302392.92889047
43.5,43,1.924841507973946,stratosphere,loss,O3 + hv -> O1D + O2,247420148.86715046
43.5,43,1.924841507973946,stratosphere,loss,NO + O3 -> NO2 + O2,2168912.1214216254
43.5,43,1.924841507973946,stratosphere,loss,H + O3 -> OH + O2,8226.1041323821
43.5,43,1.924841507973946,stratosphere,loss,OH + O3 -> HO2 + O2,220125.132789025
43.5,43,1.924841507973946,stratosphere,loss,O + O3 -> O2 + O2,318919.99093398487
43.5,43,1.924841507973946,stratosphere,loss,NO2 + O3 -> NO3 + O2,520.9995970862246
43.5,43,1.924841507973946,stratosphere,loss,O1D + O3 -> O2 + O2,2661.82479520532
43.5,43,1.924841507973946,stratosphere,loss,O3 + M -> O + O2 + M,0.8060175375640455
43.5,43,1.924841507973946,stratosphere,loss,CH3 + O3 -> H2CO + HO2,153.6149408694146
43.5,43,1.924841507973946,stratosphere,loss,HS + O3 -> HSO + O2,0.0027860411143930163
43.5,43,1.924841507973946,stratosphere,loss,SO + O3 -> SO2 + O2,0.1503374318104765
43.5,43,1.924841507973946,stratosphere,loss,SO2 + O3 -> SO3 + O2,2.3073569705012333e-08
43.5,43,1.924841507973946,stratosphere,loss,S + O3 -> SO + O2,1.4697127038099258e-05
43.5,43,1.924841507973946,stratosphere,loss,Cl + O3 -> ClO + O2,1.6874300855371928e-13
43.5,43,1.924841507973946,stratosphere,loss,CS + O3 -> OCS + O2,6.43836859180358e-25
44.5,44,1.694683508824684,stratosphere,production,O + O2 + M -> O3 + M,232767510.11493933
44.5,44,1.694683508824684,stratosphere,production,NO3 + O2 -> NO2 + O3,1.253808786604008e-16
44.5,44,1.694683508824684,stratosphere,production,HO2 + O2 -> OH + O3,2.6055839954886966e-25
44.5,44,1.694683508824684,stratosphere,production,ClO + O2 -> Cl + O3,1.7539164085788683e-31
44.5,44,1.694683508824684,stratosphere,production,NO2 + O2 -> NO + O3,1.1460265695152966e-29
44.5,44,1.694683508824684,stratosphere,production,SO3 + O2 -> SO2 + O3,5.222838666576147e-51
44.5,44,1.694683508824684,stratosphere,production,OH + O2 -> H + O3,4.086244306561461e-53
44.5,44,1.694683508824684,stratosphere,production,HSO + O2 -> HS + O3,2.0651830100634184e-58
44.5,44,1.694683508824684,stratosphere,production,O2 + O2 -> O + O3,6.318619338523142e-61
44.5,44,1.694683508824684,stratosphere,production,H2CO + HO2 -> CH3 + O3,3.3873322002578427e-76
44.5,44,1.694683508824684,stratosphere,production,SO2 + O2 -> SO + O3,5.148072953387114e-81
44.5,44,1.694683508824684,stratosphere,production,SO + O2 -> S + O3,3.6995747173024124e-77
44.5,44,1.694683508824684,stratosphere,production,O2 + O2 -> O1D + O3,1.031378049784736e-93
44.5,44,1.694683508824684,stratosphere,production,OCS + O2 -> CS + O3,1.8499068933710586e-110
44.5,44,1.694683508824684,stratosphere,loss,O3 + hv -> O + O2,67965059.98528604
44.5,44,1.694683508824684,stratosphere,loss,O3 + hv -> O1D + O2,239348039.202923
44.5,44,1.694683508824684,stratosphere,loss,NO + O3 -> NO2 + O2,1712500.5541069058
44.5,44,1.694683508824684,stratosphere,loss,H + O3 -> OH + O2,12518.711049917643
44.5,44,1.694683508824684,stratosphere,loss,OH + O3 -> HO2 + O2,206664.17216569104
44.5,44,1.694683508824684,stratosphere,loss,O + O3 -> O2 + O2,354975.7629899915
44.5,44,1.694683508824684,stratosphere,loss,NO2 + O3 -> NO3 + O2,322.0099813789973
44.5,44,1.694683508824684,stratosphere,loss,O1D + O3 -> O2 + O2,2499.2136274871796
44.5,44,1.694683508824684,stratosphere,loss,O3 + M -> O + O2 + M,0.7784080495379027
44.5,44,1.694683508824684,stratosphere,loss,CH3 + O3 -> H2CO + HO2,143.6956520213609
44.5,44,1.694683508824684,stratosphere,loss,HS + O3 -> HSO + O2,0.0029070905687242346
44.5,44,1.694683508824684,stratosphere,loss,SO + O3 -> SO2 + O2,0.1489445909080825
44.5,44,1.694683508824684,stratosphere,loss,SO2 + O3 -> SO3 + O2,2.3247991701088864e-08
44.5,44,1.694683508824684,stratosphere,loss,S + O3 -> SO + O2,1.5051988520171433e-05
44.5,44,1.694683508824684,stratosphere,loss,Cl + O3 -> ClO + O2,1.4919909750151252e-13
44.5,44,1.694683508824684,stratosphere,loss,CS + O3 -> OCS + O2,7.151221232618732e-25
45.5,45,1.4930402722818665,stratosphere,production,O + O2 + M -> O3 + M,220609829.84213763
45.5,45,1.4930402722818665,stratosphere,production,NO3 + O2 -> NO2 + O3,9.82190679562484e-17
45.5,45,1.4930402722818665,stratosphere,production,HO2 + O2 -> OH + O3,2.8116041832000044e-25
45.5,45,1.4930402722818665,stratosphere,production,ClO + O2 -> Cl + O3,1.7951242345729297e-31
45.5,45,1.4930402722818665,stratosphere,production,NO2 + O2 -> NO + O3,9.820881386963152e-30
45.5,45,1.4930402722818665,stratosphere,production,SO3 + O2 -> SO2 + O3,7.26299095549391e-51
45.5,45,1.4930402722818665,stratosphere,production,OH + O2 -> H + O3,6.736264486101018e-53
45.5,45,1.4930402722818665,stratosphere,production,HSO + O2 -> HS + O3,2.5514614358752176e-58
45.5,45,1.4930402722818665,stratosphere,production,O2 + O2 -> O + O3,9.855891149211072e-61
45.5,45,1.4930402722818665,stratosphere,production,H2CO + HO2 -> CH3 + O3,4.7284844110690176e-76
45.5,45,1.4930402722818665,stratosphere,production,SO2 + O2 -> SO + O3,1.007237275252129e-80
45.5,45,1.4930402722818665,stratosphere,production,SO + O2 -> S + O3,7.634872221149824e-77
45.5,45,1.4930402722818665,stratosphere,production,O2 + O2 -> O1D + O3,2.1672706821288122e-93
45.5,45,1.4930402722818665,stratosphere,production,OCS + O2 -> CS + O3,1.0670134753840132e-110
45.5,45,1.4930402722818665,stratosphere,loss,O3 + hv -> O + O2,60973800.49229749
45.5,45,1.4930402722818665,stratosphere,loss,O3 + hv -> O1D + O2,230591080.2941702
45.5,45,1.4930402722818665,stratosphere,loss,NO + O3 -> NO2 + O2,1336149.2391483053
45.5,45,1.4930402722818665,stratosphere,loss,H + O3 -> OH + O2,18493.43469561993
45.5,45,1.4930402722818665,stratosphere,loss,OH + O3 -> HO2 + O2,191721.7962980208
45.5,45,1.4930402722818665,stratosphere,loss,O + O3 -> O2 + O2,387864.59742352285
45.5,45,1.4930402722818665,stratosphere,loss,NO2 + O3 -> NO3 + O2,193.55013033352657
45.5,45,1.4930402722818665,stratosphere,loss,O1D + O3 -> O2 + O2,2347.896715474838
45.5,45,1.4930402722818665,stratosphere,loss,O3 + M -> O + O2 + M,0.6923948316028704
45.5,45,1.4930402722818665,stratosphere,loss,CH3 + O3 -> H2CO + HO2,129.3571382702073
45.5,45,1.4930402722818665,stratosphere,loss,HS + O3 -> HSO + O2,0.0029052951483490436
45.5,45,1.4930402722818665,stratosphere,loss,SO + O3 -> SO2 + O2,0.1488513887114877
45.5,45,1.4930402722818665,stratosphere,loss,SO2 + O3 -> SO3 + O2,2.2362542177754502e-08
45.5,45,1.4930402722818665,stratosphere,loss,S + O3 -> SO + O2,1.546492341700222e-05
45.5,45,1.4930402722818665,stratosphere,loss,Cl + O3 -> ClO + O2,1.3118517468172013e-13
45.5,45,1.4930402722818665,stratosphere,loss,CS + O3 -> OCS + O2,7.583137391028206e-25
46.5,46,1.3159921961859085,stratosphere,production,O + O2 + M -> O3 + M,207572912.63820004
46.5,46,1.3159921961859085,stratosphere,production,NO3 + O2 -> NO2 + O3,7.070055403571215e-17
46.5,46,1.3159921961859085,stratosphere,production,HO2 + O2 -> OH + O3,2.797082543343667e-25
46.5,46,1.3159921961859085,stratosphere,production,ClO + O2 -> Cl + O3,1.7012671700719375e-31
46.5,46,1.3159921961859085,stratosphere,production,NO2 + O2 -> NO + O3,7.504790029281403e-30
46.5,46,1.3159921961859085,stratosphere,production,SO3 + O2 -> SO2 + O3,8.51580714417373e-51
46.5,46,1.3159921961859085,stratosphere,production,OH + O2 -> H + O3,9.342467509498041e-53
46.5,46,1.3159921961859085,stratosphere,production,HSO + O2 -> HS + O3,2.6186776797586974e-58
46.5,46,1.3159921961859085,stratosphere,production,O2 + O2 -> O + O3,1.2645476992533475e-60
46.5,46,1.3159921961859085,stratosphere,production,H2CO + HO2 -> CH3 + O3,5.434913852754675e-76
46.5,46,1.3159921961859085,stratosphere,production,SO2 + O2 -> SO + O3,1.5726740935606097e-80
46.5,46,1.3159921961859085,stratosphere,production,SO + O2 -> S + O3,1.2856446966064457e-76
46.5,46,1.3159921961859085,stratosphere,production,O2 + O2 -> O1D + O3,3.444994582127413e-93
46.5,46,1.3159921961859085,stratosphere,production,OCS + O2 -> CS + O3,4.665556402607896e-111
46.5,46,1.3159921961859085,stratosphere,loss,O3 + hv -> O + O2,54688394.88063606
46.5,46,1.3159921961859085,stratosphere,loss,O3 + hv -> O1D + O2,219879956.2639591
46.5,46,1.3159921961859085,stratosphere,loss,NO + O3 -> NO2 + O2,1028816.4932315301
46.5,46,1.3159921961859085,stratosphere,loss,H + O3 -> OH + O2,26369.606647592944
46.5,46,1.3159921961859085,stratosphere,loss,OH + O3 -> HO2 + O2,174582.18265673413
46.5,46,1.3159921961859085,stratosphere,loss,O + O3 -> O2 + O2,415618.7437293484
46.5,46,1.3159921961859085,stratosphere,loss,NO2 + O3 -> NO3 + O2,113.77055969273647
46.5,46,1.3159921961859085,stratosphere,loss,O1D + O3 -> O2 + O2,2182.3854048135513
46.5,46,1.3159921961859085,stratosphere,loss,O3 + M -> O + O2 + M,0.5888672034314195
46.5,46,1.3159921961859085,stratosphere,loss,CH3 + O3 -> H2CO + HO2,112.02812364539962
46.5,46,1.3159921961859085,stratosphere,loss,HS + O3 -> HSO + O2,0.0027253812970619256
46.5,46,1.3159921961859085,stratosphere,loss,SO + O3 -> SO2 + O2,0.1477279849120537
46.5,46,1.3159921961859085,stratosphere,loss,SO2 + O3 -> SO3 + O2,2.0803838724317375e-08
46.5,46,1.3159921961859085,stratosphere,loss,S + O3 -> SO + O2,1.5745393771577722e-05
46.5,46,1.3159921961859085,stratosphere,loss,Cl + O3 -> ClO + O2,1.1317386223476178e-13
46.5,46,1.3159921961859085,stratosphere,loss,CS + O3 -> OCS + O2,7.619314957257206e-25
47.5,47,1.1602517263227712,stratosphere,production,O + O2 + M -> O3 + M,193945640.1426693
47.5,47,1.1602517263227712,stratosphere,production,NO3 + O2 -> NO2 + O3,4.430534067983136e-17
47.5,47,1.1602517263227712,stratosphere,production,HO2 + O2 -> OH + O3,2.3837137623685655e-25
47.5,47,1.1602517263227712,stratosphere,production,ClO + O2 -> Cl + O3,1.3959606634734973e-31
47.5,47,1.1602517263227712,stratosphere,production,NO2 + O2 -> NO + O3,4.701090821098654e-30
47.5,47,1.1602517263227712,stratosphere,production,SO3 + O2 -> SO2 + O3,7.471996459104608e-51
47.5,47,1.1602517263227712,stratosphere,production,OH + O2 -> H + O3,9.529494793737959e-53
47.5,47,1.1602517263227712,stratosphere,production,HSO + O2 -> HS + O3,2.01846023834916e-58
47.5,47,1.1602517263227712,stratosphere,production,O2 + O2 -> O + O3,1.1273227076974732e-60
47.5,47,1.1602517263227712,stratosphere,production,H2CO + HO2 -> CH3 + O3,4.375178544538147e-76
47.5,47,1.1602517263227712,stratosphere,production,SO2 + O2 -> SO + O3,1.6204855997261763e-80
47.5,47,1.1602517263227712,stratosphere,production,SO + O2 -> S + O3,1.500651437997473e-76
47.5,47,1.1602517263227712,stratosphere,production,O2 + O2 -> O1D + O3,3.2562993857836793e-93
47.5,47,1.1602517263227712,stratosphere,production,OCS + O2 -> CS + O3,1.2421521456473727e-111
47.5,47,1.1602517263227712,stratosphere,loss,O3 + hv -> O + O2,49024403.376097314
47.5,47,1.1602517263227712,stratosphere,loss,O3 + hv -> O1D + O2,207692208.06372562
47.5,47,1.1602517263227712,stratosphere,loss,NO + O3 -> NO2 + O2,780448.9149912177
47.5,47,1.1602517263227712,stratosphere,loss,H + O3 -> OH + O2,35992.41359703616
47.5,47,1.1602517263227712,stratosphere,loss,OH + O3 -> HO2 + O2,155660.72243730462
47.5,47,1.1602517263227712,stratosphere,loss,O + O3 -> O2 + O2,432371.6958577956
47.5,47,1.1602517263227712,stratosphere,loss,NO2 + O3 -> NO3 + O2,65.05046380960538
47.5,47,1.1602517263227712,stratosphere,loss,O1D + O3 -> O2 + O2,2007.363813474258
47.5,47,1.1602517263227712,stratosphere,loss,O3 + M -> O + O2 + M,0.46008789509848474
47.5,47,1.1602517263227712,stratosphere,loss,CH3 + O3 -> H2CO + HO2,92.63767440088944
47.5,47,1.1602517263227712,stratosphere,loss,HS + O3 -> HSO + O2,0.002449721348777618
47.5,47,1.1602517263227712,stratosphere,loss,SO + O3 -> SO2 + O2,0.14634496755130658
47.5,47,1.1602517263227712,stratosphere,loss,SO2 + O3 -> SO3 + O2,1.824724622210486e-08
47.5,47,1.1602517263227712,stratosphere,loss,S + O3 -> SO + O2,1.5869756673979737e-05
47.5,47,1.1602517263227712,stratosphere,loss,Cl + O3 -> ClO + O2,9.610672690483342e-14
47.5,47,1.1602517263227712,stratosphere,loss,CS + O3 -> OCS + O2,7.222812448479427e-25
48.5,48,1.023030161841399,stratosphere,production,O + O2 + M -> O3 + M,179028436.76077375
48.5,48,1.023030161841399,stratosphere,production,NO3 + O2 -> NO2 + O3,2.575400738471432e-17
48.5,48,1.023030161841399,stratosphere,production,HO2 + O2 -> OH + O3,1.9000297330399455e-25
48.5,48,1.023030161841399,stratosphere,production,ClO + O2 -> Cl + O3,1.0756788320929584e-31
48.5,48,1.023030161841399,stratosphere,production,NO2 + O2 -> NO + O3,2.6908119689969554e-30
48.5,48,1.023030161841399,stratosphere,production,SO3 + O2 -> SO2 + O3,5.720178239415836e-51
48.5,48,1.023030161841399,stratosphere,production,OH + O2 -> H + O3,8.412467580605897e-53
48.5,48,1.023030161841399,stratosphere,production,HSO + O2 -> HS + O3,1.3654395633753184e-58
48.5,48,1.023030161841399,stratosphere,production,O2 + O2 -> O + O3,8.57475824599981e-61
48.5,48,1.023030161841399,stratosphere,production,H2CO + HO2 -> CH3 + O3,3.010399506077468e-76
48.5,48,1.023030161841399,stratosphere,production,SO2 + O2 -> SO + O3,1.3875330689420103e-80
48.5,48,1.023030161841399,stratosphere,production,SO + O2 -> S + O3,1.485003524331777e-76
48.5,48,1.023030161841399,stratosphere,production,O2 + O2 -> O1D + O3,2.453878837624723e-93
48.5,48,1.023030161841399,stratosphere,production,OCS + O2 -> CS + O3,2.6584367540660683e-112
48.5,48,1.023030161841399,stratosphere,loss,O3 + hv -> O + O2,43671365.907434754
48.5,48,1.023030161841399,stratosphere,loss,O3 + hv -> O1D + O2,193424385.4532537
48.5,48,1.023030161841399,stratosphere,loss,NO + O3 -> NO2 + O2,583283.4294212523
48.5,48,1.023030161841399,stratosphere,loss,H + O3 -> OH + O2,47082.36554060714
48.5,48,1.023030161841399,stratosphere,loss,OH + O3 -> HO2 + O2,135519.82815679055
48.5,48,1.023030161841399,stratosphere,loss,O + O3 -> O2 + O2,438245.4820427237
48.5,48,1.023030161841399,stratosphere,loss,NO2 + O3 -> NO3 + O2,36.46833254425849
48.5,48,1.023030161841399,stratosphere,loss,O1D + O3 -> O2 + O2,1812.2415169095227
48.5,48,1.023030161841399,stratosphere,loss,O3 + M -> O + O2 + M,0.34499942628121766
48.5,48,1.023030161841399,stratosphere,loss,CH3 + O3 -> H2CO + HO2,73.33855077935306
48.5,48,1.023030161841399,stratosphere,loss,HS + O3 -> HSO + O2,0.0021088202760094128
48.5,48,1.023030161841399,stratosphere,loss,SO + O3 -> SO2 + O2,0.14349427949611357
48.5,48,1.023030161841399,stratosphere,loss,SO2 + O3 -> SO3 + O2,1.5473878729242154e-08
48.5,48,1.023030161841399,stratosphere,loss,S + O3 -> SO + O2,1.5784037141977536e-05
48.5,48,1.023030161841399,stratosphere,loss,Cl + O3 -> ClO + O2,7.954809331268901e-14
48.5,48,1.023030161841399,stratosphere,loss,CS + O3 -> OCS + O2,6.4784378484668925e-25
49.5,49,0.9019346395632025,stratosphere,production,O + O2 + M -> O3 + M,164013190.28497073
49.5,49,0.9019346395632025,stratosphere,production,NO3 + O2 -> NO2 + O3,1.2889268170530767e-17
49.5,49,0.9019346395632025,stratosphere,production,HO2 + O2 -> OH + O3,1.2692160275795897e-25
49.5,49,0.9019346395632025,stratosphere,production,ClO + O2 -> Cl + O3,7.039094327758076e-32
49.5,49,0.9019346395632025,stratosphere,production,NO2 + O2 -> NO + O3,1.2379976625033329e-30
49.5,49,0.9019346395632025,stratosphere,production,SO3 + O2 -> SO2 + O3,3.190746146189378e-51
49.5,49,0.9019346395632025,stratosphere,production,OH + O2 -> H + O3,5.270831521398736e-53
49.5,49,0.9019346395632025,stratosphere,production,HSO + O2 -> HS + O3,6.9306866897720274e-59
49.5,49,0.9019346395632025,stratosphere,production,O2 + O2 -> O + O3,4.321142716190648e-61
49.5,49,0.9019346395632025,stratosphere,production,H2CO + HO2 -> CH3 + O3,1.390555475836012e-76
49.5,49,0.9019346395632025,stratosphere,production,SO2 + O2 -> SO + O3,7.452020912096196e-81
49.5,49,0.9019346395632025,stratosphere,production,SO + O2 -> S + O3,9.765788867821338e-77
49.5,49,0.9019346395632025,stratosphere,production,O2 + O2 -> O1D + O3,1.027758646717842e-93
49.5,49,0.9019346395632025,stratosphere,production,OCS + O2 -> CS + O3,3.263012607884141e-113
49.5,49,0.9019346395632025,stratosphere,loss,O3 + hv -> O + O2,38811487.73075526
49.5,49,0.9019346395632025,stratosphere,loss,O3 + hv -> O1D + O2,178490079.55277845
49.5,49,0.9019346395632025,stratosphere,loss,NO + O3 -> NO2 + O2,429491.68449829967
49.5,49,0.9019346395632025,stratosphere,loss,H + O3 -> OH + O2,58936.80451986238
49.5,49,0.9019346395632025,stratosphere,loss,OH + O3 -> HO2 + O2,115571.01598908578
49.5,49,0.9019346395632025,stratosphere,loss,O + O3 -> O2 + O2,429607.4477435936
49.5,49,0.9019346395632025,stratosphere,loss,NO2 + O3 -> NO3 + O2,19.918894838616602
49.5,49,0.9019346395632025,stratosphere,loss,O1D + O3 -> O2 + O2,1618.0075690701283
49.5,49,0.9019346395632025,stratosphere,loss,O3 + M -> O + O2 + M,0.23471593800232984
49.5,49,0.9019346395632025,stratosphere,loss,CH3 + O3 -> H2CO + HO2,55.43687875321907
49.5,49,0.9019346395632025,stratosphere,loss,HS + O3 -> HSO + O2,0.0017948053447495445
49.5,49,0.9019346395632025,stratosphere,loss,SO + O3 -> SO2 + O2,0.14099387331269006
49.5,49,0.9019346395632025,stratosphere,loss,SO2 + O3 -> SO3 + O2,1.230086217988441e-08
49.5,49,0.9019346395632025,stratosphere,loss,S + O3 -> SO + O2,1.5576097126584605e-05
49.5,49,0.9019346395632025,stratosphere,loss,Cl + O3 -> ClO + O2,6.493894921800584e-14
49.5,49,0.9019346395632025,stratosphere,loss,CS + O3 -> OCS + O2,5.521275949274183e-25
50.5,50,0.7949451326578894,stratosphere,production,O + O2 + M -> O3 + M,148364504.28785658
50.5,50,0.7949451326578894,stratosphere,production,NO3 + O2 -> NO2 + O3,6.1377727545075655e-18
50.5,50,0.7949451326578894,stratosphere,production,HO2 + O2 -> OH + O3,8.146922083964096e-26
50.5,50,0.7949451326578894,stratosphere,production,ClO + O2 -> Cl + O3,4.4382159593320336e-32
50.5,50,0.7949451326578894,stratosphere,production,NO2 + O2 -> NO + O3,5.4076059967815775e-31
50.5,50,0.7949451326578894,stratosphere,production,SO3 + O2 -> SO2 + O3,1.6393826206273174e-51
50.5,50,0.7949451326578894,stratosphere,production,OH + O2 -> H + O3,3.0217551950349145e-53
50.5,50,0.7949451326578894,stratosphere,production,HSO + O2 -> HS + O3,3.308673330391905e-59
50.5,50,0.7949451326578894,stratosphere,production,O2 + O2 -> O + O3,1.9844972531590498e-61
50.5,50,0.7949451326578894,stratosphere,production,H2CO + HO2 -> CH3 + O3,5.880471320878317e-77
50.5,50,0.7949451326578894,stratosphere,production,SO2 + O2 -> SO + O3,3.582165073975398e-81
50.5,50,0.7949451326578894,stratosphere,production,SO + O2 -> S + O3,5.812222728080185e-77
50.5,50,0.7949451326578894,stratosphere,production,O2 + O2 -> O1D + O3,3.771325403697298e-94
50.5,50,0.7949451326578894,stratosphere,production,OCS + O2 -> CS + O3,3.588551589063831e-114
50.5,50,0.7949451326578894,stratosphere,loss,O3 + hv -> O + O2,34213235.26356206
50.5,50,0.7949451326578894,stratosphere,loss,O3 + hv -> O1D + O2,162417925.63342574
50.5,50,0.7949451326578894,stratosphere,loss,NO + O3 -> NO2 + O2,312222.2830409546
50.5,50,0.7949451326578894,stratosphere,loss,H + O3 -> OH + O2,71168.771857411
50.5,50,0.7949451326578894,stratosphere,loss,OH + O3 -> HO2 + O2,96500.55383381264
50.5,50,0.7949451326578894,stratosphere,loss,O + O3 -> O2 + O2,411679.3783448886
50.5,50,0.7949451326578894,stratosphere,loss,NO2 + O3 -> NO3 + O2,10.735599798527273
50.5,50,0.7949451326578894,stratosphere,loss,O1D + O3 -> O2 + O2,1417.4587629316602
50.5,50,0.7949451326578894,stratosphere,loss,O3 + M -> O + O2 + M,0.15544798807591517
50.5,50,0.7949451326578894,stratosphere,loss,CH3 + O3 -> H2CO + HO2,40.4146528296366
50.5,50,0.7949451326578894,stratosphere,loss,HS + O3 -> HSO + O2,0.0014914419492372383
50.5,50,0.7949451326578894,stratosphere,loss,SO + O3 -> SO2 + O2,0.13685308864692172
50.5,50,0.7949451326578894,stratosphere,loss,SO2 + O3 -> SO3 + O2,9.534075368950757e-09
50.5,50,0.7949451326578894,stratosphere,loss,S + O3 -> SO + O2,1.5173054376660721e-05
50.5,50,0.7949451326578894,stratosphere,loss,Cl + O3 -> ClO + O2,5.1725367604206104e-14
50.5,50,0.7949451326578894,stratosphere,loss,CS + O3 -> OCS + O2,4.497894871555102e-25
51.5,51,0.7003222105090209,stratosphere,production,O + O2 + M -> O3 + M,133489654.40334561
51.5,51,0.7003222105090209,stratosphere,production,NO3 + O2 -> NO2 + O3,2.5262982144626092e-18
51.5,51,0.7003222105090209,stratosphere,production,HO2 + O2 -> OH + O3,4.3570153950711815e-26
51.5,51,0.7003222105090209,stratosphere,production,ClO + O2 -> Cl + O3,2.365551405634835e-32
51.5,51,0.7003222105090209,stratosphere,production,NO2 + O2 -> NO + O3,1.893540738367317e-31
51.5,51,0.7003222105090209,stratosphere,production,SO3 + O2 -> SO2 + O3,6.128419087988828e-52
51.5,51,0.7003222105090209,stratosphere,production,OH + O2 -> H + O3,1.225019188045495e-53
51.5,51,0.7003222105090209,stratosphere,production,HSO + O2 -> HS + O3,1.1948604755603605e-59
51.5,51,0.7003222105090209,stratosphere,production,O2 + O2 -> O + O3,5.97563147458718e-62
51.5,51,0.7003222105090209,stratosphere,production,H2CO + HO2 -> CH3 + O3,1.6615071420489913e-77
51.5,51,0.7003222105090209,stratosphere,production,SO2 + O2 -> SO + O3,1.0702378805331118e-81
51.5,51,0.7003222105090209,stratosphere,production,SO + O2 -> S + O3,2.279193338912481e-77
51.5,51,0.7003222105090209,stratosphere,production,O2 + O2 -> O1D + O3,7.580337394162662e-95
51.5,51,0.7003222105090209,stratosphere,production,OCS + O2 -> CS + O3,2.25445389488535e-115
51.5,51,0.7003222105090209,stratosphere,loss,O3 + hv -> O + O2,30116390.9111389
51.5,51,0.7003222105090209,stratosphere,loss,O3 + hv -> O1D + O2,146842351.29337862
51.5,51,0.7003222105090209,stratosphere,loss,NO + O3 -> NO2 + O2,224105.1380204035
51.5,51,0.7003222105090209,stratosphere,loss,H + O3 -> OH + O2,82965.65333734447
51.5,51,0.7003222105090209,stratosphere,loss,OH + O3 -> HO2 + O2,79349.42182025628
51.5,51,0.7003222105090209,stratosphere,loss,O + O3 -> O2 + O2,382853.69766175677
51.5,51,0.7003222105090209,stratosphere,loss,NO2 + O3 -> NO3 + O2,5.655635104950313
51.5,51,0.7003222105090209,stratosphere,loss,O1D + O3 -> O2 + O2,1233.10608728013
51.5,51,0.7003222105090209,stratosphere,loss,O3 + M -> O + O2 + M,0.09325114782946967
51.5,51,0.7003222105090209,stratosphere,loss,CH3 + O3 -> H2CO + HO2,28.40278965012126
51.5,51,0.7003222105090209,stratosphere,loss,HS + O3 -> HSO + O2,0.001248441146400158
51.5,51,0.7003222105090209,stratosphere,loss,SO + O3 -> SO2 + O2,0.13344417374361625
51.5,51,0.7003222105090209,stratosphere,loss,SO2 + O3 -> SO3 + O2,6.939205714926961e-09
51.5,51,0.7003222105090209,stratosphere,loss,S + O3 -> SO + O2,1.4730536980387029e-05
51.5,51,0.7003222105090209,stratosphere,loss,Cl + O3 -> ClO + O2,4.0875858098654654e-14
51.5,51,0.7003222105090209,stratosphere,loss,CS + O3 -> OCS + O2,3.5350872412517895e-25
52.5,52,0.6165788134898927,stratosphere,production,O + O2 + M -> O3 + M,118726792.08595121
52.5,52,0.6165788134898927,stratosphere,production,NO3 + O2 -> NO2 + O3,1.0159847582580058e-18
52.5,52,0.6165788134898927,stratosphere,production,HO2 + O2 -> OH + O3,2.3054849682464994e-26
52.5,52,0.6165788134898927,stratosphere,production,ClO + O2 -> Cl + O3,1.2486974259862167e-32
52.5,52,0.6165788134898927,stratosphere,production,NO2 + O2 -> NO + O3,6.53680315653319e-32
52.5,52,0.6165788134898927,stratosphere,production,SO3 + O2 -> SO2 + O3,2.23266659166203e-52
52.5,52,0.6165788134898927,stratosphere,production,OH + O2 -> H + O3,4.825810535906895e-54
52.5,52,0.6165788134898927,stratosphere,production,HSO + O2 -> HS + O3,4.299607789782835e-60
52.5,52,0.6165788134898927,stratosphere,production,O2 + O2 -> O + O3,1.7595133575485628e-62
52.5,52,0.6165788134898927,stratosphere,production,H2CO + HO2 -> CH3 + O3,4.615652688075578e-78
52.5,52,0.6165788134898927,stratosphere,production,SO2 + O2 -> SO + O3,3.104056843778262e-82
52.5,52,0.6165788134898927,stratosphere,production,SO + O2 -> S + O3,8.677067758837857e-78
52.5,52,0.6165788134898927,stratosphere,production,O2 + O2 -> O1D + O3,1.476545319904624e-95
52.5,52,0.6165788134898927,stratosphere,production,OCS + O2 -> CS + O3,1.4041402883961516e-116
52.5,52,0.6165788134898927,stratosphere,loss,O3 + hv -> O + O2,26293989.13305358
52.5,52,0.6165788134898927,stratosphere,loss,O3 + hv -> O1D + O2,131120806.09173866
52.5,52,0.6165788134898927,stratosphere,loss,NO + O3 -> NO2 + O2,159138.29976431013
52.5,52,0.6165788134898927,stratosphere,loss,H + O3 -> OH + O2,94252.36275813683
52.5,52,0.6165788134898927,stratosphere,loss,OH + O3 -> HO2 + O2,64190.88528050025
52.5,52,0.6165788134898927,stratosphere,loss,O + O3 -> O2 + O2,350284.1301231004
52.5,52,0.6165788134898927,stratosphere,loss,NO2 + O3 -> NO3 + O2,2.9541553909622182
52.5,52,0.6165788134898927,stratosphere,loss,O1D + O3 -> O2 + O2,1054.993543342521
52.5,52,0.6165788134898927,stratosphere,loss,O3 + M -> O + O2 + M,0.0553569792816413
52.5,52,0.6165788134898927,stratosphere,loss,CH3 + O3 -> H2CO + HO2,19.444852000668067
52.5,52,0.6165788134898927,stratosphere,loss,HS + O3 -> HSO + O2,0.0010288736521078244
52.5,52,0.6165788134898927,stratosphere,loss,SO + O3 -> SO2 + O2,0.1284801614034571
52.5,52,0.6165788134898927,stratosphere,loss,SO2 + O3 -> SO3 + O2,4.984250866417175e-09
52.5,52,0.6165788134898927,stratosphere,loss,S + O3 -> SO + O2,1.4162235736038728e-05
52.5,52,0.6165788134898927,stratosphere,loss,Cl + O3 -> ClO + O2,3.161862395007606e-14
52.5,52,0.6165788134898927,stratosphere,loss,CS + O3 -> OCS + O2,2.6922549097805346e-25
53.5,53,0.5424386534533153,stratosphere,production,O + O2 + M -> O3 + M,105252291.46610913
53.5,53,0.5424386534533153,stratosphere,production,NO3 + O2 -> NO2 + O3,3.5791510648009927e-19
53.5,53,0.5424386534533153,stratosphere,production,HO2 + O2 -> OH + O3,1.026984557523621e-26
53.5,53,0.5424386534533153,stratosphere,production,ClO + O2 -> Cl + O3,5.628070686222223e-33
53.5,53,0.5424386534533153,stratosphere,production,NO2 + O2 -> NO + O3,1.8345649941627635e-32
53.5,53,0.5424386534533153,stratosphere,production,SO3 + O2 -> SO2 + O3,6.056907548889224e-53
53.5,53,0.5424386534533153,stratosphere,production,OH + O2 -> H + O3,1.378321951606185e-54
53.5,53,0.5424386534533153,stratosphere,production,HSO + O2 -> HS + O3,1.1920941000460843e-60
53.5,53,0.5424386534533153,stratosphere,production,O2 + O2 -> O + O3,3.4873299958612073e-63
53.5,53,0.5424386534533153,stratosphere,production,H2CO + HO2 -> CH3 + O3,8.818170275248444e-79
53.5,53,0.5424386534533153,stratosphere,production,SO2 + O2 -> SO + O3,5.77412153996608e-83
53.5,53,0.5424386534533153,stratosphere,production,SO + O2 -> S + O3,2.2313291890650224e-78
53.5,53,0.5424386534533153,stratosphere,production,O2 + O2 -> O1D + O3,1.6360693342532532e-96
53.5,53,0.5424386534533153,stratosphere,production,OCS + O2 -> CS + O3,5.204623733280876e-118
53.5,53,0.5424386534533153,stratosphere,loss,O3 + hv -> O + O2,22947256.695425548
53.5,53,0.5424386534533153,stratosphere,loss,O3 + hv -> O1D + O2,116615911.60599534
53.5,53,0.5424386534533153,stratosphere,loss,NO + O3 -> NO2 + O2,111768.8204908339
53.5,53,0.5424386534533153,stratosphere,loss,H + O3 -> OH + O2,104373.9609534764
53.5,53,0.5424386534533153,stratosphere,loss,OH + O3 -> HO2 + O2,51394.01618373813
53.5,53,0.5424386534533153,stratosphere,loss,O + O3 -> O2 + O2,312698.83610623813
53.5,53,0.5424386534533153,stratosphere,loss,NO2 + O3 -> NO3 + O2,1.5121056389785048
53.5,53,0.5424386534533153,stratosphere,loss,O1D + O3 -> O2 + O2,899.6426575660261
53.5,53,0.5424386534533153,stratosphere,loss,O3 + M -> O + O2 + M,0.029966390807541946
53.5,53,0.5424386534533153,stratosphere,loss,CH3 + O3 -> H2CO + HO2,12.977970707168511
53.5,53,0.5424386534533153,stratosphere,loss,HS + O3 -> HSO + O2,0.0008577511977790062
53.5,53,0.5424386534533153,stratosphere,loss,SO + O3 -> SO2 + O2,0.12415354064277875
53.5,53,0.5424386534533153,stratosphere,loss,SO2 + O3 -> SO3 + O2,3.3828577072520745e-09
53.5,53,0.5424386534533153,stratosphere,loss,S + O3 -> SO + O2,1.3619518150212897e-05
53.5,53,0.5424386534533153,stratosphere,loss,Cl + O3 -> ClO + O2,2.4374883100015698e-14
53.5,53,0.5424386534533153,stratosphere,loss,CS + O3 -> OCS + O2,2.0076148588740498e-25
54.5,54,0.47678079972662135,stratosphere,production,O + O2 + M -> O3 + M,92446187.11072297
54.5,54,0.47678079972662135,stratosphere,production,NO3 + O2 -> NO2 + O3,1.2364102816038874e-19
54.5,54,0.47678079972662135,stratosphere,production,HO2 + O2 -> OH + O3,4.523321549263965e-27
54.5,54,0.47678079972662135,stratosphere,production,ClO + O2 -> Cl + O3,2.511547184997804e-33
54.5,54,0.47678079972662135,stratosphere,production,NO2 + O2 -> NO + O3,5.075996671085439e-33
54.5,54,0.47678079972662135,stratosphere,production,SO3 + O2 -> SO2 + O3,1.6068572041127992e-53
54.5,54,0.47678079972662135,stratosphere,production,OH + O2 -> H + O3,3.839854465084714e-55
54.5,54,0.47678079972662135,stratosphere,production,HSO + O2 -> HS + O3,3.2887546928855076e-61
54.5,54,0.47678079972662135,stratosphere,production,O2 + O2 -> O + O3,6.760747307843583e-64
54.5,54,0.47678079972662135,stratosphere,production,H2CO + HO2 -> CH3 + O3,1.6597986637650168e-79
54.5,54,0.47678079972662135,stratosphere,production,SO2 + O2 -> SO + O3,1.0448370885629052e-83
54.5,54,0.47678079972662135,stratosphere,production,SO + O2 -> S + O3,5.571378385508775e-79
54.5,54,0.47678079972662135,stratosphere,production,O2 + O2 -> O1D + O3,1.757970041961114e-97
54.5,54,0.47678079972662135,stratosphere,production,OCS + O2 -> CS + O3,1.9225670784822573e-119
54.5,54,0.47678079972662135,stratosphere,loss,O3 + hv -> O + O2,19889524.197421923
54.5,54,0.47678079972662135,stratosphere,loss,O3 + hv -> O1D + O2,102697624.18358721
54.5,54,0.47678079972662135,stratosphere,loss,NO + O3 -> NO2 + O2,77749.32290689077
54.5,54,0.47678079972662135,stratosphere,loss,H + O3 -> OH + O2,113517.99755697591
54.5,54,0.47678079972662135,stratosphere,loss,OH + O3 -> HO2 + O2,40654.86470588655
54.5,54,0.47678079972662135,stratosphere,loss,O + O3 -> O2 + O2,275698.47223082656
54.5,54,0.47678079972662135,stratosphere,loss,NO2 + O3 -> NO3 + O2,0.7679787587649604
54.5,54,0.47678079972662135,stratosphere,loss,O1D + O3 -> O2 + O2,757.3094939102082
54.5,54,0.47678079972662135,stratosphere,loss,O3 + M -> O + O2 + M,0.016064016923156725
54.5,54,0.47678079972662135,stratosphere,loss,CH3 + O3 -> H2CO + HO2,8.50957605289134
54.5,54,0.47678079972662135,stratosphere,loss,HS + O3 -> HSO + O2,0.0007065175924241094
54.5,54,0.47678079972662135,stratosphere,loss,SO + O3 -> SO2 + O2,0.11850741344340773
54.5,54,0.47678079972662135,stratosphere,loss,SO2 + O3 -> SO3 + O2,2.2711594109165094e-09
54.5,54,0.47678079972662135,stratosphere,loss,S + O3 -> SO + O2,1.3012737060714325e-05
54.5,54,0.47678079972662135,stratosphere,loss,Cl + O3 -> ClO + O2,1.8485783428720896e-14
54.5,54,0.47678079972662135,stratosphere,loss,CS + O3 -> OCS + O2,1.4676170901319553e-25
55.5,55,0.4186489836655418,mesosphere,production,O + O2 + M -> O3 + M,80888923.84792529
55.5,55,0.4186489836655418,mesosphere,production,NO3 + O2 -> NO2 + O3,3.9020316882439514e-20
55.5,55,0.4186489836655418,mesosphere,production,HO2 + O2 -> OH + O3,1.7733905506192894e-27
55.5,55,0.4186489836655418,mesosphere,production,ClO + O2 -> Cl + O3,1.0075432319065541e-33
55.5,55,0.4186489836655418,mesosphere,production,NO2 + O2 -> NO + O3,1.2210245932281276e-33
55.5,55,0.4186489836655418,mesosphere,production,SO3 + O2 -> SO2 + O3,3.49814277448832e-54
55.5,55,0.4186489836655418,mesosphere,production,OH + O2 -> H + O3,8.624455441525467e-56
55.5,55,0.4186489836655418,mesosphere,production,HSO + O2 -> HS + O3,7.603768243427725e-62
55.5,55,0.4186489836655418,mesosphere,production,O2 + O2 -> O + O3,1.005473013422221e-64
55.5,55,0.4186489836655418,mesosphere,production,H2CO + HO2 -> CH3 + O3,2.4389194135975437e-80
55.5,55,0.4186489836655418,mesosphere,production,SO2 + O2 -> SO + O3,1.4044669159292415e-84
55.5,55,0.4186489836655418,mesosphere,production,SO + O2 -> S + O3,1.0648372767519458e-79
55.5,55,0.4186489836655418,mesosphere,production,O2 + O2 -> O1D + O3,1.2952337163199314e-98
55.5,55,0.4186489836655418,mesosphere,production,OCS + O2 -> CS + O3,5.078122082538578e-121
55.5,55,0.4186489836655418,mesosphere,loss,O3 + hv -> O + O2,17208578.95673942
55.5,55,0.4186489836655418,mesosphere,loss,O3 + hv -> O1D + O2,90051321.98747978
55.5,55,0.4186489836655418,mesosphere,loss,NO + O3 -> NO2 + O2,53548.040687147135
55.5,55,0.4186489836655418,mesosphere,loss,H + O3 -> OH + O2,121311.46953723262
55.5,55,0.4186489836655418,mesosphere,loss,OH + O3 -> HO2 + O2,31896.060167835825
55.5,55,0.4186489836655418,mesosphere,loss,O + O3 -> O2 + O2,238805.5783284276
55.5,55,0.4186489836655418,mesosphere,loss,NO2 + O3 -> NO3 + O2,0.383932131063459
55.5,55,0.4186489836655418,mesosphere,loss,O1D + O3 -> O2 + O2,634.8039225874928
55.5,55,0.4186489836655418,mesosphere,loss,O3 + M -> O + O2 + M,0.00808466941498446
55.5,55,0.4186489836655418,mesosphere,loss,CH3 + O3 -> H2CO + HO2,5.490666193626465
55.5,55,0.4186489836655418,mesosphere,loss,HS + O3 -> HSO + O2,0.0005834881607104642
55.5,55,0.4186489836655418,mesosphere,loss,SO + O3 -> SO2 + O2,0.1127137495288743
55.5,55,0.4186489836655418,mesosphere,loss,SO2 + O3 -> SO3 + O2,1.4661425472305386e-09
55.5,55,0.4186489836655418,mesosphere,loss,S + O3 -> SO + O2,1.2433511888678038e-05
55.5,55,0.4186489836655418,mesosphere,loss,Cl + O3 -> ClO + O2,1.3949672402496971e-14
55.5,55,0.4186489836655418,mesosphere,loss,CS + O3 -> OCS + O2,1.0601878907923218e-25
56.5,56,0.3671901213721805,mesosphere,production,O + O2 + M -> O3 + M,70371907.97837962
56.5,56,0.3671901213721805,mesosphere,production,NO3 + O2 -> NO2 + O3,1.1749238352123002e-20
56.5,56,0.3671901213721805,mesosphere,production,HO2 + O2 -> OH + O3,6.582911110364144e-28
56.5,56,0.3671901213721805,mesosphere,production,ClO + O2 -> Cl + O3,3.845769803027289e-34
56.5,56,0.3671901213721805,mesosphere,production,NO2 + O2 -> NO + O3,2.7490390635165505e-34
56.5,56,0.3671901213721805,mesosphere,production,SO3 + O2 -> SO2 + O3,6.941136066177475e-55
56.5,56,0.3671901213721805,mesosphere,production,OH + O2 -> H + O3,1.7509337791721657e-56
56.5,56,0.3671901213721805,mesosphere,production,HSO + O2 -> HS + O3,1.6219316376156583e-62
56.5,56,0.3671901213721805,mesosphere,production,O2 + O2 -> O + O3,1.3241537077178324e-65
56.5,56,0.3671901213721805,mesosphere,production,H2CO + HO2 -> CH3 + O3,3.2099301374480365e-81
56.5,56,0.3671901213721805,mesosphere,production,SO2 + O2 -> SO + O3,1.6459765691406565e-85
56.5,56,0.3671901213721805,mesosphere,production,SO + O2 -> S + O3,1.7900218493970627e-80
56.5,56,0.3671901213721805,mesosphere,production,O2 + O2 -> O1D + O3,8.03120194817981e-100
56.5,56,0.3671901213721805,mesosphere,production,OCS + O2 -> CS + O3,1.1709784386893398e-122
56.5,56,0.3671901213721805,mesosphere,loss,O3 + hv -> O + O2,14828964.54437045
56.5,56,0.3671901213721805,mesosphere,loss,O3 + hv -> O1D + O2,78477354.15801828
56.5,56,0.3671901213721805,mesosphere,loss,NO + O3 -> NO2 + O2,36534.124054792985
56.5,56,0.3671901213721805,mesosphere,loss,H + O3 -> OH + O2,127893.08328686196
56.5,56,0.3671901213721805,mesosphere,loss,OH + O3 -> HO2 + O2,24814.185353847075
56.5,56,0.3671901213721805,mesosphere,loss,O + O3 -> O2 + O2,204283.7670608726
56.5,56,0.3671901213721805,mesosphere,loss,NO2 + O3 -> NO3 + O2,0.18979245929246852
56.5,56,0.3671901213721805,mesosphere,loss,O1D + O3 -> O2 + O2,528.178597712655
56.5,56,0.3671901213721805,mesosphere,loss,O3 + M -> O + O2 + M,0.003942777234345579
56.5,56,0.3671901213721805,mesosphere,loss,CH3 + O3 -> H2CO + HO2,3.4994548691741127
56.5,56,0.3671901213721805,mesosphere,loss,HS + O3 -> HSO + O2,0.0004784150898337743
56.5,56,0.3671901213721805,mesosphere,loss,SO + O3 -> SO2 + O2,0.1061202486806382
56.5,56,0.3671901213721805,mesosphere,loss,SO2 + O3 -> SO3 + O2,9.263682533442314e-10
56.5,56,0.3671901213721805,mesosphere,loss,S + O3 -> SO + O2,1.1853267559547178e-05
56.5,56,0.3671901213721805,mesosphere,loss,Cl + O3 -> ClO + O2,1.043103229365903e-14
56.5,56,0.3671901213721805,mesosphere,loss,CS + O3 -> OCS + O2,7.579558221557289e-26
57.5,57,0.3216665595158817,mesosphere,production,O + O2 + M -> O3 + M,60888798.87882501
57.5,57,0.3216665595158817,mesosphere,production,NO3 + O2 -> NO2 + O3,3.400350547922045e-21
57.5,57,0.3216665595158817,mesosphere,production,HO2 + O2 -> OH + O3,2.3359090859720576e-28
57.5,57,0.3216665595158817,mesosphere,production,ClO + O2 -> Cl + O3,1.4089199860649967e-34
57.5,57,0.3216665595158817,mesosphere,production,NO2 + O2 -> NO + O3,5.858943619696622e-35
57.5,57,0.3216665595158817,mesosphere,production,SO3 + O2 -> SO2 + O3,1.2767296957003371e-55
57.5,57,0.3216665595158817,mesosphere,production,OH + O2 -> H + O3,3.2731441705110935e-57
57.5,57,0.3216665595158817,mesosphere,production,HSO + O2 -> HS + O3,3.2315748679066717e-63
57.5,57,0.3216665595158817,mesosphere,production,O2 + O2 -> O + O3,1.578972835212014e-66
57.5,57,0.3216665595158817,mesosphere,production,H2CO + HO2 -> CH3 + O3,3.8642843339300344e-82
57.5,57,0.3216665595158817,mesosphere,production,SO2 + O2 -> SO + O3,1.72488654259135e-86
57.5,57,0.3216665595158817,mesosphere,production,SO + O2 -> S + O3,2.7025730974640364e-81
57.5,57,0.3216665595158817,mesosphere,production,O2 + O2 -> O1D + O3,4.326611518902554e-101
57.5,57,0.3216665595158817,mesosphere,production,OCS + O2 -> CS + O3,2.4389720266747876e-124
57.5,57,0.3216665595158817,mesosphere,loss,O3 + hv -> O + O2,12727036.1471052
57.5,57,0.3216665595158817,mesosphere,loss,O3 + hv -> O1D + O2,67994202.34642243
57.5,57,0.3216665595158817,mesosphere,loss,NO + O3 -> NO2 + O2,24699.066378172243
57.5,57,0.3216665595158817,mesosphere,loss,H + O3 -> OH + O2,133325.2760234528
57.5,57,0.3216665595158817,mesosphere,loss,OH + O3 -> HO2 + O2,19158.554542744598
57.5,57,0.3216665595158817,mesosphere,loss,O + O3 -> O2 + O2,172879.45427362504
57.5,57,0.3216665595158817,mesosphere,loss,NO2 + O3 -> NO3 + O2,0.09284337617487998
57.5,57,0.3216665595158817,mesosphere,loss,O1D + O3 -> O2 + O2,436.36606711426407
57.5,57,0.3216665595158817,mesosphere,loss,O3 + M -> O + O2 + M,0.001872619816398204
57.5,57,0.3216665595158817,mesosphere,loss,CH3 + O3 -> H2CO + HO2,2.208139313611528
57.5,57,0.3216665595158817,mesosphere,loss,HS + O3 -> HSO + O2,0.0003885914659882952
57.5,57,0.3216665595158817,mesosphere,loss,SO + O3 -> SO2 + O2,0.09874695161975305
57.5,57,0.3216665595158817,mesosphere,loss,SO2 + O3 -> SO3 + O2,5.747551299479394e-10
57.5,57,0.3216665595158817,mesosphere,loss,S + O3 -> SO + O2,1.1277042806106486e-05
57.5,57,0.3216665595158817,mesosphere,loss,Cl + O3 -> ClO + O2,7.733007630713495e-15
57.5,57,0.3216665595158817,mesosphere,loss,CS + O3 -> OCS + O2,5.37542628025225e-26
58.5,58,0.28140644650495844,mesosphere,production,O + O2 + M -> O3 + M,52656243.00569515
58.5,58,0.28140644650495844,mesosphere,production,NO3 + O2 -> NO2 + O3,8.84143853544754e-22
58.5,58,0.28140644650495844,mesosphere,production,HO2 + O2 -> OH + O3,7.173072210825292e-29
58.5,58,0.28140644650495844,mesosphere,production,ClO + O2 -> Cl + O3,4.520025833496131e-35
58.5,58,0.28140644650495844,mesosphere,production,NO2 + O2 -> NO + O3,1.0489838911921273e-35
58.5,58,0.28140644650495844,mesosphere,production,SO3 + O2 -> SO2 + O3,1.8422558236690768e-56
58.5,58,0.28140644650495844,mesosphere,production,OH + O2 -> H + O3,4.700844734556766e-58
58.5,58,0.28140644650495844,mesosphere,production,HSO + O2 -> HS + O3,5.081246359897257e-64
58.5,58,0.28140644650495844,mesosphere,production,O2 + O2 -> O + O3,1.3539239360063587e-67
58.5,58,0.28140644650495844,mesosphere,production,H2CO + HO2 -> CH3 + O3,3.413642098336803e-83
58.5,58,0.28140644650495844,mesosphere,production,SO2 + O2 -> SO + O3,1.2512322712672477e-87
58.5,58,0.28140644650495844,mesosphere,production,SO + O2 -> S + O3,2.912720877782486e-82
58.5,58,0.28140644650495844,mesosphere,production,O2 + O2 -> O1D + O3,1.4578621147207623e-102
58.5,58,0.28140644650495844,mesosphere,production,OCS + O2 -> CS + O3,3.377420807326986e-126
58.5,58,0.28140644650495844,mesosphere,loss,O3 + hv -> O + O2,10930263.195034824
58.5,58,0.28140644650495844,mesosphere,loss,O3 + hv -> O1D + O2,58862228.3849908
58.5,58,0.28140644650495844,mesosphere,loss,NO + O3 -> NO2 + O2,16535.891705735758
58.5,58,0.28140644650495844,mesosphere,loss,H + O3 -> OH + O2,137460.7852315494
58.5,58,0.28140644650495844,mesosphere,loss,OH + O3 -> HO2 + O2,14724.520831233267
58.5,58,0.28140644650495844,mesosphere,loss,O + O3 -> O2 + O2,143998.05756162235
58.5,58,0.28140644650495844,mesosphere,loss,NO2 + O3 -> NO3 + O2,0.04458793793579531
58.5,58,0.28140644650495844,mesosphere,loss,O1D + O3 -> O2 + O2,360.81616734780835
58.5,58,0.28140644650495844,mesosphere,loss,O3 + M -> O + O2 + M,0.0008231942025173994
58.5,58,0.28140644650495844,mesosphere,loss,CH3 + O3 -> H2CO + HO2,1.3810164737044472
58.5,58,0.28140644650495844,mesosphere,loss,HS + O3 -> HSO + O2,0.0003153694803604105
58.5,58,0.28140644650495844,mesosphere,loss,SO + O3 -> SO2 + O2,0.0911693399694187
58.5,58,0.28140644650495844,mesosphere,loss,SO2 + O3 -> SO3 + O2,3.4070269385897836e-10
58.5,58,0.28140644650495844,mesosphere,loss,S + O3 -> SO + O2,1.0766648745762687e-05
58.5,58,0.28140644650495844,mesosphere,loss,Cl + O3 -> ClO + O2,5.740565490678556e-15
58.5,58,0.28140644650495844,mesosphere,loss,CS + O3 -> OCS + O2,3.8053798041605507e-26
59.5,59,0.2458200679614566,mesosphere,production,O + O2 + M -> O3 + M,45280164.099644355
59.5,59,0.2458200679614566,mesosphere,production,NO3 + O2 -> NO2 + O3,2.2415452244704364e-22
59.5,59,0.2458200679614566,mesosphere,production,HO2 + O2 -> OH + O3,2.147380396606985e-29
59.5,59,0.2458200679614566,mesosphere,production,ClO + O2 -> Cl + O3,1.4168640333345638e-35
59.5,59,0.2458200679614566,mesosphere,production,NO2 + O2 -> NO + O3,1.8197384920121575e-36
59.5,59,0.2458200679614566,mesosphere,production,SO3 + O2 -> SO2 + O3,2.5490514110000074e-57
59.5,59,0.2458200679614566,mesosphere,production,OH + O2 -> H + O3,6.453997391935907e-59
59.5,59,0.2458200679614566,mesosphere,production,HSO + O2 -> HS + O3,7.649462846318922e-65
59.5,59,0.2458200679614566,mesosphere,production,O2 + O2 -> O + O3,1.1006218472340688e-68
59.5,59,0.2458200679614566,mesosphere,production,H2CO + HO2 -> CH3 + O3,2.880370366503026e-84
59.5,59,0.2458200679614566,mesosphere,production,SO2 + O2 -> SO + O3,8.547913681031498e-89
59.5,59,0.2458200679614566,mesosphere,production,SO + O2 -> S + O3,2.9408613660907886e-83
59.5,59,0.2458200679614566,mesosphere,production,O2 + O2 -> O1D + O3,4.5583504266333055e-104
59.5,59,0.2458200679614566,mesosphere,production,OCS + O2 -> CS + O3,4.666188741533746e-128
59.5,59,0.2458200679614566,mesosphere,loss,O3 + hv -> O + O2,9343361.982802883
59.5,59,0.2458200679614566,mesosphere,loss,O3 + hv -> O1D + O2,50655494.52627964
59.5,59,0.2458200679614566,mesosphere,loss,NO + O3 -> NO2 + O2,10968.805303622661
59.5,59,0.2458200679614566,mesosphere,loss,H + O3 -> OH + O2,140606.26250017277
59.5,59,0.2458200679614566,mesosphere,loss,OH + O3 -> HO2 + O2,11234.715072579826
59.5,59,0.2458200679614566,mesosphere,loss,O + O3 -> O2 + O2,118941.79371520688
59.5,59,0.2458200679614566,mesosphere,loss,NO2 + O3 -> NO3 + O2,0.0212065329497588
59.5,59,0.2458200679614566,mesosphere,loss,O1D + O3 -> O2 + O2,296.0643115052302
59.5,59,0.2458200679614566,mesosphere,loss,O3 + M -> O + O2 + M,0.0003558186359874385
59.5,59,0.2458200679614566,mesosphere,loss,CH3 + O3 -> H2CO + HO2,0.8574869246018471
59.5,59,0.2458200679614566,mesosphere,loss,HS + O3 -> HSO + O2,0.0002518702753897979
59.5,59,0.2458200679614566,mesosphere,loss,SO + O3 -> SO2 + O2,0.08277292451207217
59.5,59,0.2458200679614566,mesosphere,loss,SO2 + O3 -> SO3 + O2,1.9944499110845574e-10
59.5,59,0.2458200679614566,mesosphere,loss,S + O3 -> SO + O2,1.0249604767865528e-05
59.5,59,0.2458200679614566,mesosphere,loss,Cl + O3 -> ClO + O2,4.2225471640136506e-15
59.5,59,0.2458200679614566,mesosphere,loss,CS + O3 -> OCS + O2,2.678335801639357e-26
60.5,60,0.21440410451476766,mesosphere,production,O + O2 + M -> O3 + M,38762785.66711361
60.5,60,0.21440410451476766,mesosphere,production,NO3 + O2 -> NO2 + O3,5.463341354048324e-23
60.5,60,0.21440410451476766,mesosphere,production,HO2 + O2 -> OH + O3,6.13242056032291e-30
60.5,60,0.21440410451476766,mesosphere,production,ClO + O2 -> Cl + O3,4.253363767037566e-36
60.5,60,0.21440410451476766,mesosphere,production,NO2 + O2 -> NO + O3,2.9809204071422948e-37
60.5,60,0.21440410451476766,mesosphere,production,SO3 + O2 -> SO2 + O3,3.260316041762239e-58
60.5,60,0.21440410451476766,mesosphere,production,OH + O2 -> H + O3,8.144319593670839e-60
60.5,60,0.21440410451476766,mesosphere,production,HSO + O2 -> HS + O3,1.061366499138676e-65
60.5,60,0.21440410451476766,mesosphere,production,O2 + O2 -> O + O3,8.066088481094511e-70
60.5,60,0.21440410451476766,mesosphere,production,H2CO + HO2 -> CH3 + O3,2.2116580966814034e-85
60.5,60,0.21440410451476766,mesosphere,production,SO2 + O2 -> SO + O3,5.202193431528383e-90
60.5,60,0.21440410451476766,mesosphere,production,SO + O2 -> S + O3,2.645011826948319e-84
60.5,60,0.21440410451476766,mesosphere,production,O2 + O2 -> O1D + O3,1.2310692193547111e-105
60.5,60,0.21440410451476766,mesosphere,production,OCS + O2 -> CS + O3,6.394615180425334e-130
60.5,60,0.21440410451476766,mesosphere,loss,O3 + hv -> O + O2,7957530.755659619
60.5,60,0.21440410451476766,mesosphere,loss,O3 + hv -> O1D + O2,43386649.40431082
60.5,60,0.21440410451476766,mesosphere,loss,NO + O3 -> NO2 + O2,7208.1975094985355
60.5,60,0.21440410451476766,mesosphere,loss,H + O3 -> OH + O2,142740.43147334745
60.5,60,0.21440410451476766,mesosphere,loss,OH + O3 -> HO2 + O2,8515.889967968684
60.5,60,0.21440410451476766,mesosphere,loss,O + O3 -> O2 + O2,97318.68521760972
60.5,60,0.21440410451476766,mesosphere,loss,NO2 + O3 -> NO3 + O2,0.009972743218837142
60.5,60,0.21440410451476766,mesosphere,loss,O1D + O3 -> O2 + O2,241.4783569424506
60.5,60,0.21440410451476766,mesosphere,loss,O3 + M -> O + O2 + M,0.00014952768677956328
60.5,60,0.21440410451476766,mesosphere,loss,CH3 + O3 -> H2CO + HO2,0.528953821365469
60.5,60,0.21440410451476766,mesosphere,loss,HS + O3 -> HSO + O2,0.00019823402968374498
60.5,60,0.21440410451476766,mesosphere,loss,SO + O3 -> SO2 + O2,0.07392961857161236
60.5,60,0.21440410451476766,mesosphere,loss,SO2 + O3 -> SO3 + O2,1.1462264371220827e-10
60.5,60,0.21440410451476766,mesosphere,loss,S + O3 -> SO + O2,9.739009845912845e-06
60.5,60,0.21440410451476766,mesosphere,loss,Cl + O3 -> ClO + O2,3.0829995206468954e-15
60.5,60,0.21440410451476766,mesosphere,loss,CS + O3 -> OCS + O2,1.8778990198848747e-26
61.5,61,0.18670085366306757,mesosphere,production,O + O2 + M -> O3 + M,33078321.06567966
61.5,61,0.18670085366306757,mesosphere,production,NO3 + O2 -> NO2 + O3,1.2634924892392047e-23
61.5,61,0.18670085366306757,mesosphere,production,HO2 + O2 -> OH + O3,1.637405308752308e-30
61.5,61,0.18670085366306757,mesosphere,production,ClO + O2 -> Cl + O3,1.200139609010944e-36
61.5,61,0.18670085366306757,mesosphere,production,NO2 + O2 -> NO + O3,4.502263867647005e-38
61.5,61,0.18670085366306757,mesosphere,production,SO3 + O2 -> SO2 + O3,3.7262646771986775e-59
61.5,61,0.18670085366306757,mesosphere,production,OH + O2 -> H + O3,9.108611038912613e-61
61.5,61,0.18670085366306757,mesosphere,production,HSO + O2 -> HS + O3,1.308822397625462e-66
61.5,61,0.18670085366306757,mesosphere,production,O2 + O2 -> O + O3,5.085925263541584e-71
61.5,61,0.18670085366306757,mesosphere,production,H2CO + HO2 -> CH3 + O3,1.4777993590153212e-86
61.5,61,0.18670085366306757,mesosphere,production,SO2 + O2 -> SO + O3,2.678363157266718e-91
61.5,61,0.18670085366306757,mesosphere,production,SO + O2 -> S + O3,2.0207996665914307e-85
61.5,61,0.18670085366306757,mesosphere,production,O2 + O2 -> O1D + O3,2.68667833483253e-107
61.5,61,0.18670085366306757,mesosphere,production,OCS + O2 -> CS + O3,9.110114216605519e-132
61.5,61,0.18670085366306757,mesosphere,loss,O3 + hv -> O + O2,6760128.429340278
61.5,61,0.18670085366306757,mesosphere,loss,O3 + hv -> O1D + O2,37033583.05925388
61.5,61,0.18670085366306757,mesosphere,loss,NO + O3 -> NO2 + O2,4693.53232318541
61.5,61,0.18670085366306757,mesosphere,loss,H + O3 -> OH + O2,143968.58250119272
61.5,61,0.18670085366306757,mesosphere,loss,OH + O3 -> HO2 + O2,6419.121986995745
61.5,61,0.18670085366306757,mesosphere,loss,O + O3 -> O2 + O2,78839.27676073446
61.5,61,0.18670085366306757,mesosphere,loss,NO2 + O3 -> NO3 + O2,0.004631672923981119
61.5,61,0.18670085366306757,mesosphere,loss,O1D + O3 -> O2 + O2,196.17994462508395
61.5,61,0.18670085366306757,mesosphere,loss,O3 + M -> O + O2 + M,6.0463551976197e-05
61.5,61,0.18670085366306757,mesosphere,loss,CH3 + O3 -> H2CO + HO2,0.3244337264328916
61.5,61,0.18670085366306757,mesosphere,loss,HS + O3 -> HSO + O2,0.00015383052429428578
61.5,61,0.18670085366306757,mesosphere,loss,SO + O3 -> SO2 + O2,0.0649496440902721
61.5,61,0.18670085366306757,mesosphere,loss,SO2 + O3 -> SO3 + O2,6.432945595091799e-11
61.5,61,0.18670085366306757,mesosphere,loss,S + O3 -> SO + O2,9.244982792308721e-06
61.5,61,0.18670085366306757,mesosphere,loss,Cl + O3 -> ClO + O2,2.2396962467169364e-15
61.5,61,0.18670085366306757,mesosphere,loss,CS + O3 -> OCS + O2,1.3136014115803962e-26
62.5,62,0.16230227493999475,mesosphere,production,O + O2 + M -> O3 + M,28101060.077393994
62.5,62,0.16230227493999475,mesosphere,production,NO3 + O2 -> NO2 + O3,2.8435258751139095e-24
62.5,62,0.16230227493999475,mesosphere,production,HO2 + O2 -> OH + O3,4.237699361114982e-31
62.5,62,0.16230227493999475,mesosphere,production,ClO + O2 -> Cl + O3,3.289645780372554e-37
62.5,62,0.16230227493999475,mesosphere,production,NO2 + O2 -> NO + O3,6.548742983615087e-39
62.5,62,0.16230227493999475,mesosphere,production,SO3 + O2 -> SO2 + O3,4.0431075465229815e-60
62.5,62,0.16230227493999475,mesosphere,production,OH + O2 -> H + O3,9.645628543381401e-62
62.5,62,0.16230227493999475,mesosphere,production,HSO + O2 -> HS + O3,1.522034814993318e-67
62.5,62,0.16230227493999475,mesosphere,production,O2 + O2 -> O + O3,2.9985706780140925e-72
62.5,62,0.16230227493999475,mesosphere,production,H2CO + HO2 -> CH3 + O3,9.29975668739617e-88
62.5,62,0.16230227493999475,mesosphere,production,SO2 + O2 -> SO + O3,1.2801499661947141e-92
62.5,62,0.16230227493999475,mesosphere,production,SO + O2 -> S + O3,1.4256085042196917e-86
62.5,62,0.16230227493999475,mesosphere,production,O2 + O2 -> O1D + O3,5.336032640374445e-109
62.5,62,0.16230227493999475,mesosphere,production,OCS + O2 -> CS + O3,1.6330459524675348e-133
62.5,62,0.16230227493999475,mesosphere,loss,O3 + hv -> O + O2,5720117.968005966
62.5,62,0.16230227493999475,mesosphere,loss,O3 + hv -> O1D + O2,31461371.762623552
62.5,62,0.16230227493999475,mesosphere,loss,NO + O3 -> NO2 + O2,3029.760703258505
62.5,62,0.16230227493999475,mesosphere,loss,H + O3 -> OH + O2,144489.19346055124
62.5,62,0.16230227493999475,mesosphere,loss,OH + O3 -> HO2 + O2,4809.341114170538
62.5,62,0.16230227493999475,mesosphere,loss,O + O3 -> O2 + O2,63401.87623271281
62.5,62,0.16230227493999475,mesosphere,loss,NO2 + O3 -> NO3 + O2,0.002131331884141448
62.5,62,0.16230227493999475,mesosphere,loss,O1D + O3 -> O2 + O2,158.39351204925433
62.5,62,0.16230227493999475,mesosphere,loss,O3 + M -> O + O2 + M,2.3959978348702594e-05
62.5,62,0.16230227493999475,mesosphere,loss,CH3 + O3 -> H2CO + HO2,0.19794227067802583
62.5,62,0.16230227493999475,mesosphere,loss,HS + O3 -> HSO + O2,0.00011733668100090407
62.5,62,0.16230227493999475,mesosphere,loss,SO + O3 -> SO2 + O2,0.056065133923746714
62.5,62,0.16230227493999475,mesosphere,loss,SO2 + O3 -> SO3 + O2,3.5617601932948966e-11
62.5,62,0.16230227493999475,mesosphere,loss,S + O3 -> SO + O2,8.750128585312853e-06
62.5,62,0.16230227493999475,mesosphere,loss,Cl + O3 -> ClO + O2,1.6144207434567749e-15
62.5,62,0.16230227493999475,mesosphere,loss,CS + O3 -> OCS + O2,9.154718925507541e-27
63.5,63,0.14084843281439913,mesosphere,production,O + O2 + M -> O3 + M,23763256.797068905
63.5,63,0.14084843281439913,mesosphere,production,NO3 + O2 -> NO2 + O3,6.27126792198704e-25
63.5,63,0.14084843281439913,mesosphere,production,HO2 + O2 -> OH + O3,1.0726242512334478e-31
63.5,63,0.14084843281439913,mesosphere,production,ClO + O2 -> Cl + O3,8.830399425404557e-38
63.5,63,0.14084843281439913,mesosphere,production,NO2 + O2 -> NO + O3,9.277945921253965e-40
63.5,63,0.14084843281439913,mesosphere,production,SO3 + O2 -> SO2 + O3,4.227317791508188e-61
63.5,63,0.14084843281439913,mesosphere,production,OH + O2 -> H + O3,9.832467311525378e-63
63.5,63,0.14084843281439913,mesosphere,production,HSO + O2 -> HS + O3,1.694159754801629e-68
63.5,63,0.14084843281439913,mesosphere,production,O2 + O2 -> O + O3,1.6872633834899582e-73
63.5,63,0.14084843281439913,mesosphere,production,H2CO + HO2 -> CH3 + O3,5.6183763145634434e-89
63.5,63,0.14084843281439913,mesosphere,production,SO2 + O2 -> SO + O3,5.812581377983811e-94
63.5,63,0.14084843281439913,mesosphere,production,SO + O2 -> S + O3,9.488004597652193e-88
63.5,63,0.14084843281439913,mesosphere,production,O2 + O2 -> O1D + O3,9.93080087932463e-111
63.5,63,0.14084843281439913,mesosphere,production,OCS + O2 -> CS + O3,3.561366524312955e-135
63.5,63,0.14084843281439913,mesosphere,loss,O3 + hv -> O + O2,4819773.164634885
63.5,63,0.14084843281439913,mesosphere,loss,O3 + hv -> O1D + O2,26598050.111277174
63.5,63,0.14084843281439913,mesosphere,loss,NO + O3 -> NO2 + O2,1939.8577719789562
63.5,63,0.14084843281439913,mesosphere,loss,H + O3 -> OH + O2,144429.08832982407
63.5,63,0.14084843281439913,mesosphere,loss,OH + O3 -> HO2 + O2,3582.007932568723
63.5,63,0.14084843281439913,mesosphere,loss,O + O3 -> O2 + O2,50660.79732505599
63.5,63,0.14084843281439913,mesosphere,loss,NO2 + O3 -> NO3 + O2,0.0009731550211120483
63.5,63,0.14084843281439913,mesosphere,loss,O1D + O3 -> O2 + O2,127.0542149072429
63.5,63,0.14084843281439913,mesosphere,loss,O3 + M -> O + O2 + M,9.346629910214818e-06
63.5,63,0.14084843281439913,mesosphere,loss,CH3 + O3 -> H2CO + HO2,0.12017003940667188
63.5,63,0.14084843281439913,mesosphere,loss,HS + O3 -> HSO + O2,8.798486067167057e-05
63.5,63,0.14084843281439913,mesosphere,loss,SO + O3 -> SO2 + O2,0.04758377830716979
63.5,63,0.14084843281439913,mesosphere,loss,SO2 + O3 -> SO3 + O2,1.9507936068275614e-11
63.5,63,0.14084843281439913,mesosphere,loss,S + O3 -> SO + O2,8.253111677441707e-06
63.5,63,0.14084843281439913,mesosphere,loss,Cl + O3 -> ClO + O2,1.1539575244888489e-15
63.5,63,0.14084843281439913,mesosphere,loss,CS + O3 -> OCS + O2,6.35625884576214e-27
64.5,64,0.12201703047464335,mesosphere,production,O + O2 + M -> O3 + M,19998658.858350854
64.5,64,0.12201703047464335,mesosphere,production,NO3 + O2 -> NO2 + O3,1.3693675541816988e-25
64.5,64,0.12201703047464335,mesosphere,production,HO2 + O2 -> OH + O3,2.6915754768546227e-32
64.5,64,0.12201703047464335,mesosphere,production,ClO + O2 -> Cl + O3,2.349897980375364e-38
64.5,64,0.12201703047464335,mesosphere,production,NO2 + O2 -> NO + O3,1.3021391225878696e-40
64.5,64,0.12201703047464335,mesosphere,production,SO3 + O2 -> SO2 + O3,4.3571589423686044e-62
64.5,64,0.12201703047464335,mesosphere,production,OH + O2 -> H + O3,9.890956408566948e-64
64.5,64,0.12201703047464335,mesosphere,production,HSO + O2 -> HS + O3,1.8474489817452642e-69
64.5,64,0.12201703047464335,mesosphere,production,O2 + O2 -> O + O3,9.34534939997249e-75
64.5,64,0.12201703047464335,mesosphere,production,H2CO + HO2 -> CH3 + O3,3.354868807141568e-90
64.5,64,0.12201703047464335,mesosphere,production,SO2 + O2 -> SO + O3,2.5956285375501437e-95
64.5,64,0.12201703047464335,mesosphere,production,SO + O2 -> S + O3,6.1539706401337526e-89
64.5,64,0.12201703047464335,mesosphere,production,O2 + O2 -> O1D + O3,1.8099486469672042e-112
64.5,64,0.12201703047464335,mesosphere,production,OCS + O2 -> CS + O3,8.72935824160732e-137
64.5,64,0.12201703047464335,mesosphere,loss,O3 + hv -> O + O2,4042768.166575408
64.5,64,0.12201703047464335,mesosphere,loss,O3 + hv -> O1D + O2,22372450.023930762
64.5,64,0.12201703047464335,mesosphere,loss,NO + O3 -> NO2 + O2,1232.8523883315877
64.5,64,0.12201703047464335,mesosphere,loss,H + O3 -> OH + O2,143955.5191002768
64.5,64,0.12201703047464335,mesosphere,loss,OH + O3 -> HO2 + O2,2652.883744708856
64.5,64,0.12201703047464335,mesosphere,loss,O + O3 -> O2 + O2,40274.72517729183
64.5,64,0.12201703047464335,mesosphere,loss,NO2 + O3 -> NO3 + O2,0.0004418198604796788
64.5,64,0.12201703047464335,mesosphere,loss,O1D + O3 -> O2 + O2,101.20819138426286
64.5,64,0.12201703047464335,mesosphere,loss,O3 + M -> O + O2 + M,3.61428759973261e-06
64.5,64,0.12201703047464335,mesosphere,loss,CH3 + O3 -> H2CO + HO2,0.07261009911905156
64.5,64,0.12201703047464335,mesosphere,loss,HS + O3 -> HSO + O2,6.489336145080301e-05
64.5,64,0.12201703047464335,mesosphere,loss,SO + O3 -> SO2 + O2,0.03975812987831966
64.5,64,0.12201703047464335,mesosphere,loss,SO2 + O3 -> SO3 + O2,1.0612777970197242e-11
64.5,64,0.12201703047464335,mesosphere,loss,S + O3 -> SO + O2,7.753583267974457e-06
64.5,64,0.12201703047464335,mesosphere,loss,Cl + O3 -> ClO + O2,8.175462788840544e-16
64.5,64,0.12201703047464335,mesosphere,loss,CS + O3 -> OCS + O2,4.395503423984056e-27
65.5,65,0.10551638861731757,mesosphere,production,O + O2 + M -> O3 + M,16773384.668242956
65.5,65,0.10551638861731757,mesosphere,production,NO3 + O2 -> NO2 + O3,2.9170933257718283e-26
65.5,65,0.10551638861731757,mesosphere,production,HO2 + O2 -> OH + O3,6.542574731306147e-33
65.5,65,0.10551638861731757,mesosphere,production,ClO + O2 -> Cl + O3,6.066872205318947e-39
65.5,65,0.10551638861731757,mesosphere,production,NO2 + O2 -> NO + O3,1.7621852517215014e-41
65.5,65,0.10551638861731757,mesosphere,production,SO3 + O2 -> SO2 + O3,4.257485505581073e-63
65.5,65,0.10551638861731757,mesosphere,production,OH + O2 -> H + O3,9.4111789520161e-65
65.5,65,0.10551638861731757,mesosphere,production,HSO + O2 -> HS + O3,1.8965681173072133e-70
65.5,65,0.10551638861731757,mesosphere,production,O2 + O2 -> O + O3,4.8259415309023964e-76
65.5,65,0.10551638861731757,mesosphere,production,H2CO + HO2 -> CH3 + O3,1.880450693161831e-91
65.5,65,0.10551638861731757,mesosphere,production,SO2 + O2 -> SO + O3,1.0733934449435312e-96
65.5,65,0.10551638861731757,mesosphere,production,SO + O2 -> S + O3,3.6856199757524496e-90
65.5,65,0.10551638861731757,mesosphere,production,O2 + O2 -> O1D + O3,2.989844416777408e-114
65.5,65,0.10551638861731757,mesosphere,production,OCS + O2 -> CS + O3,2.0613697915339395e-138
65.5,65,0.10551638861731757,mesosphere,loss,O3 + hv -> O + O2,3380044.296493708
65.5,65,0.10551638861731757,mesosphere,loss,O3 + hv -> O1D + O2,18748494.83282268
65.5,65,0.10551638861731757,mesosphere,loss,NO + O3 -> NO2 + O2,778.1486564858154
65.5,65,0.10551638861731757,mesosphere,loss,H + O3 -> OH + O2,143179.05974518842
65.5,65,0.10551638861731757,mesosphere,loss,OH + O3 -> HO2 + O2,1955.8683630039359
65.5,65,0.10551638861731757,mesosphere,loss,O + O3 -> O2 + O2,31830.909238157186
65.5,65,0.10551638861731757,mesosphere,loss,NO2 + O3 -> NO3 + O2,0.0001993316559974849
65.5,65,0.10551638861731757,mesosphere,loss,O1D + O3 -> O2 + O2,80.2376458438469
65.5,65,0.10551638861731757,mesosphere,loss,O3 + M -> O + O2 + M,1.3690693155121169e-06
65.5,65,0.10551638861731757,mesosphere,loss,CH3 + O3 -> H2CO + HO2,0.04368856966606753
65.5,65,0.10551638861731757,mesosphere,loss,HS + O3 -> HSO + O2,4.7180067845620444e-05
65.5,65,0.10551638861731757,mesosphere,loss,SO + O3 -> SO2 + O2,0.03274240375020048
65.5,65,0.10551638861731757,mesosphere,loss,SO2 + O3 -> SO3 + O2,5.699532102743649e-12
65.5,65,0.10551638861731757,mesosphere,loss,S + O3 -> SO + O2,7.264190883896415e-06
65.5,65,0.10551638861731757,mesosphere,loss,Cl + O3 -> ClO + O2,5.756070028251776e-16
65.5,65,0.10551638861731757,mesosphere,loss,CS + O3 -> OCS + O2,3.0318124859864265e-27
66.5,66,0.09108128772835469,mesosphere,production,O + O2 + M -> O3 + M,14022795.103876349
66.5,66,0.09108128772835469,mesosphere,production,NO3 + O2 -> NO2 + O3,6.073775733512059e-27
66.5,66,0.09108128772835469,mesosphere,production,HO2 + O2 -> OH + O3,1.542319860374901e-33
66.5,66,0.09108128772835469,mesosphere,production,ClO + O2 -> Cl + O3,1.5207572528943414e-39
66.5,66,0.09108128772835469,mesosphere,production,NO2 + O2 -> NO + O3,2.3046488530781075e-42
66.5,66,0.09108128772835469,mesosphere,production,SO3 + O2 -> SO2 + O3,3.9514543521035816e-64
66.5,66,0.09108128772835469,mesosphere,production,OH + O2 -> H + O3,8.487349054792457e-66
66.5,66,0.09108128772835469,mesosphere,production,HSO + O2 -> HS + O3,1.836661145590203e-71
66.5,66,0.09108128772835469,mesosphere,production,O2 + O2 -> O + O3,2.3283732677706412e-77
66.5,66,0.09108128772835469,mesosphere,production,H2CO + HO2 -> CH3 + O3,9.91358439830176e-93
66.5,66,0.09108128772835469,mesosphere,production,SO2 + O2 -> SO + O3,4.1212070996747266e-98
66.5,66,0.09108128772835469,mesosphere,production,SO + O2 -> S + O3,2.044602862275025e-91
66.5,66,0.09108128772835469,mesosphere,production,O2 + O2 -> O1D + O3,4.490054430632078e-116
66.5,66,0.09108128772835469,mesosphere,production,OCS + O2 -> CS + O3,4.538525983575113e-140
66.5,66,0.09108128772835469,mesosphere,loss,O3 + hv -> O + O2,2816970.342640645
66.5,66,0.09108128772835469,mesosphere,loss,O3 + hv -> O1D + O2,15655447.843259305
66.5,66,0.09108128772835469,mesosphere,loss,NO + O3 -> NO2 + O2,488.0911298052598
66.5,66,0.09108128772835469,mesosphere,loss,H + O3 -> OH + O2,142217.05028278232
66.5,66,0.09108128772835469,mesosphere,loss,OH + O3 -> HO2 + O2,1435.9523291985013
66.5,66,0.09108128772835469,mesosphere,loss,O + O3 -> O2 + O2,25020.09470698814
66.5,66,0.09108128772835469,mesosphere,loss,NO2 + O3 -> NO3 + O2,8.94752708185238e-05
66.5,66,0.09108128772835469,mesosphere,loss,O1D + O3 -> O2 + O2,63.31945642751266
66.5,66,0.09108128772835469,mesosphere,loss,O3 + M -> O + O2 + M,5.082115638280708e-07
66.5,66,0.09108128772835469,mesosphere,loss,CH3 + O3 -> H2CO + HO2,0.02617921589288478
66.5,66,0.09108128772835469,mesosphere,loss,HS + O3 -> HSO + O2,3.3843177979364964e-05
66.5,66,0.09108128772835469,mesosphere,loss,SO + O3 -> SO2 + O2,0.026602955559473434
66.5,66,0.09108128772835469,mesosphere,loss,SO2 + O3 -> SO3 + O2,3.0228580330434627e-12
66.5,66,0.09108128772835469,mesosphere,loss,S + O3 -> SO + O2,6.7866650665725425e-06
66.5,66,0.09108128772835469,mesosphere,loss,Cl + O3 -> ClO + O2,4.0292629081627594e-16
66.5,66,0.09108128772835469,mesosphere,loss,CS + O3 -> OCS + O2,2.0862338070725862e-27
67.5,67,0.07847680086160147,mesosphere,production,O + O2 + M -> O3 + M,11672365.403238531
67.5,67,0.07847680086160147,mesosphere,production,NO3 + O2 -> NO2 + O3,1.2606934716762067e-27
67.5,67,0.07847680086160147,mesosphere,production,HO2 + O2 -> OH + O3,3.623257927674554e-34
67.5,67,0.07847680086160147,mesosphere,production,ClO + O2 -> Cl + O3,3.793809918842068e-40
67.5,67,0.07847680086160147,mesosphere,production,NO2 + O2 -> NO + O3,3.012066395906739e-43
67.5,67,0.07847680086160147,mesosphere,production,SO3 + O2 -> SO2 + O3,3.646865606277952e-65
67.5,67,0.07847680086160147,mesosphere,production,OH + O2 -> H + O3,7.623296232634326e-67
67.5,67,0.07847680086160147,mesosphere,production,HSO + O2 -> HS + O3,1.759736427103152e-72
67.5,67,0.07847680086160147,mesosphere,production,O2 + O2 -> O + O3,1.1170252309073198e-78
67.5,67,0.07847680086160147,mesosphere,production,H2CO + HO2 -> CH3 + O3,5.213399638411411e-94
67.5,67,0.07847680086160147,mesosphere,production,SO2 + O2 -> SO + O3,1.5747497427903291e-99
67.5,67,0.07847680086160147,mesosphere,production,SO + O2 -> S + O3,1.1208990380651882e-92
67.5,67,0.07847680086160147,mesosphere,production,O2 + O2 -> O1D + O3,6.700009989267117e-118
67.5,67,0.07847680086160147,mesosphere,production,OCS + O2 -> CS + O3,1.0003041810300412e-141
67.5,67,0.07847680086160147,mesosphere,loss,O3 + hv -> O + O2,2337327.661563611
67.5,67,0.07847680086160147,mesosphere,loss,O3 + hv -> O1D + O2,13010643.663335714
67.5,67,0.07847680086160147,mesosphere,loss,NO + O3 -> NO2 + O2,304.48107548727495
67.5,67,0.07847680086160147,mesosphere,loss,H + O3 -> OH + O2,141167.47868911608
67.5,67,0.07847680086160147,mesosphere,loss,OH + O3 -> HO2 + O2,1049.4293858178114
67.5,67,0.07847680086160147,mesosphere,loss,O + O3 -> O2 + O2,19588.3116293676
67.5,67,0.07847680086160147,mesosphere,loss,NO2 + O3 -> NO3 + O2,4.008926802574116e-05
67.5,67,0.07847680086160147,mesosphere,loss,O1D + O3 -> O2 + O2,49.6361012349415
67.5,67,0.07847680086160147,mesosphere,loss,O3 + M -> O + O2 + M,1.8741651304540448e-07
67.5,67,0.07847680086160147,mesosphere,loss,CH3 + O3 -> H2CO + HO2,0.0156152272018996
67.5,67,0.07847680086160147,mesosphere,loss,HS + O3 -> HSO + O2,2.3962111932094156e-05
67.5,67,0.07847680086160147,mesosphere,loss,SO + O3 -> SO2 + O2,0.021355187958492464
67.5,67,0.07847680086160147,mesosphere,loss,SO2 + O3 -> SO3 + O2,1.5952160292418953e-12
67.5,67,0.07847680086160147,mesosphere,loss,S + O3 -> SO + O2,6.315626098013429e-06
67.5,67,0.07847680086160147,mesosphere,loss,Cl + O3 -> ClO + O2,2.799285235642823e-16
67.5,67,0.07847680086160147,mesosphere,loss,CS + O3 -> OCS + O2,1.4307902101793622e-27
68.5,68,0.06749067685543186,mesosphere,production,O + O2 + M -> O3 + M,9686789.074744454
68.5,68,0.06749067685543186,mesosphere,production,NO3 + O2 -> NO2 + O3,2.561022086188204e-28
68.5,68,0.06749067685543186,mesosphere,production,HO2 + O2 -> OH + O3,8.240635505244087e-35
68.5,68,0.06749067685543186,mesosphere,production,ClO + O2 -> Cl + O3,9.168072937913082e-41
68.5,68,0.06749067685543186,mesosphere,production,NO2 + O2 -> NO + O3,3.8041931876106873e-44
68.5,68,0.06749067685543186,mesosphere,production,SO3 + O2 -> SO2 + O3,3.187618773529116e-66
68.5,68,0.06749067685543186,mesosphere,production,OH + O2 -> H + O3,6.466714794190906e-68
68.5,68,0.06749067685543186,mesosphere,production,HSO + O2 -> HS + O3,1.5869195341065222e-73
68.5,68,0.06749067685543186,mesosphere,production,O2 + O2 -> O + O3,4.979414310471087e-80
68.5,68,0.06749067685543186,mesosphere,production,H2CO + HO2 -> CH3 + O3,2.565066318496958e-95
68.5,68,0.06749067685543186,mesosphere,production,SO2 + O2 -> SO + O3,5.55466551902205e-101
68.5,68,0.06749067685543186,mesosphere,production,SO + O2 -> S + O3,5.672236309747925e-94
68.5,68,0.06749067685543186,mesosphere,production,O2 + O2 -> O1D + O3,9.018687969224536e-120
68.5,68,0.06749067685543186,mesosphere,production,OCS + O2 -> CS + O3,1.9981505842855885e-143
68.5,68,0.06749067685543186,mesosphere,loss,O3 + hv -> O + O2,1933138.045887758
68.5,68,0.06749067685543186,mesosphere,loss,O3 + hv -> O1D + O2,10775008.145090556
68.5,68,0.06749067685543186,mesosphere,loss,NO + O3 -> NO2 + O2,188.9741203874126
68.5,68,0.06749067685543186,mesosphere,loss,H + O3 -> OH + O2,140056.1295253251
68.5,68,0.06749067685543186,mesosphere,loss,OH + O3 -> HO2 + O2,764.1130160035897
68.5,68,0.06749067685543186,mesosphere,loss,O + O3 -> O2 + O2,15249.433233002715
68.5,68,0.06749067685543186,mesosphere,loss,NO2 + O3 -> NO3 + O2,1.7912249927905696e-05
68.5,68,0.06749067685543186,mesosphere,loss,O1D + O3 -> O2 + O2,38.727753503831
68.5,68,0.06749067685543186,mesosphere,loss,O3 + M -> O + O2 + M,6.762608210118247e-08
68.5,68,0.06749067685543186,mesosphere,loss,CH3 + O3 -> H2CO + HO2,0.009274206039631732
68.5,68,0.06749067685543186,mesosphere,loss,HS + O3 -> HSO + O2,1.6777830111156384e-05
68.5,68,0.06749067685543186,mesosphere,loss,SO + O3 -> SO2 + O2,0.01694190577518561
68.5,68,0.06749067685543186,mesosphere,loss,SO2 + O3 -> SO3 + O2,8.30833515027429e-13
68.5,68,0.06749067685543186,mesosphere,loss,S + O3 -> SO + O2,5.860924167323452e-06
68.5,68,0.06749067685543186,mesosphere,loss,Cl + O3 -> ClO + O2,1.9349504506487037e-16
68.5,68,0.06749067685543186,mesosphere,loss,CS + O3 -> OCS + O2,9.809205933471957e-28
69.5,69,0.0579320633501101,mesosphere,production,O + O2 + M -> O3 + M,8014133.710180098
69.5,69,0.0579320633501101,mesosphere,production,NO3 + O2 -> NO2 + O3,5.09247675730578e-29
69.5,69,0.0579320633501101,mesosphere,production,HO2 + O2 -> OH + O3,1.8114788893980815e-35
69.5,69,0.0579320633501101,mesosphere,production,ClO + O2 -> Cl + O3,2.1419147847407637e-41
69.5,69,0.0579320633501101,mesosphere,production,NO2 + O2 -> NO + O3,4.6386140691975484e-45
69.5,69,0.0579320633501101,mesosphere,production,SO3 + O2 -> SO2 + O3,2.631866357619201e-67
69.5,69,0.0579320633501101,mesosphere,production,OH + O2 -> H + O3,5.162982210974573e-69
69.5,69,0.0579320633501101,mesosphere,production,HSO + O2 -> HS + O3,1.3434766357751815e-74
69.5,69,0.0579320633501101,mesosphere,production,O2 + O2 -> O + O3,2.0525503989526817e-81
69.5,69,0.0579320633501101,mesosphere,production,H2CO + HO2 -> CH3 + O3,1.1753153371654488e-96
69.5,69,0.0579320633501101,mesosphere,production,SO2 + O2 -> SO + O3,1.7992719792364492e-102
69.5,69,0.0579320633501101,mesosphere,production,SO + O2 -> S + O3,2.638734934145616e-95
69.5,69,0.0579320633501101,mesosphere,production,O2 + O2 -> O1D + O3,1.0876107603167824e-121
69.5,69,0.0579320633501101,mesosphere,production,OCS + O2 -> CS + O3,3.581375519368561e-145
69.5,69,0.0579320633501101,mesosphere,loss,O3 + hv -> O + O2,1593311.6072730543
69.5,69,0.0579320633501101,mesosphere,loss,O3 + hv -> O1D + O2,8890584.99725957
69.5,69,0.0579320633501101,mesosphere,loss,NO + O3 -> NO2 + O2,116.7306238580401
69.5,69,0.0579320633501101,mesosphere,loss,H + O3 -> OH + O2,138899.25843364507
69.5,69,0.0579320633501101,mesosphere,loss,OH + O3 -> HO2 + O2,554.3048945041112
69.5,69,0.0579320633501101,mesosphere,loss,O + O3 -> O2 + O2,11797.88007477596
69.5,69,0.0579320633501101,mesosphere,loss,NO2 + O3 -> NO3 + O2,7.98905788311867e-06
69.5,69,0.0579320633501101,mesosphere,loss,O1D + O3 -> O2 + O2,30.05968180495948
69.5,69,0.0579320633501101,mesosphere,loss,O3 + M -> O + O2 + M,2.383968426827566e-08
69.5,69,0.0579320633501101,mesosphere,loss,CH3 + O3 -> H2CO + HO2,0.005482464445197119
69.5,69,0.0579320633501101,mesosphere,loss,HS + O3 -> HSO + O2,1.1627981265289587e-05
69.5,69,0.0579320633501101,mesosphere,loss,SO + O3 -> SO2 + O2,0.013287967744718394
69.5,69,0.0579320633501101,mesosphere,loss,SO2 + O3 -> SO3 + O2,4.26697628514303e-13
69.5,69,0.0579320633501101,mesosphere,loss,S + O3 -> SO + O2,5.42253604012676e-06
69.5,69,0.0579320633501101,mesosphere,loss,Cl + O3 -> ClO + O2,1.3305036741336953e-16
69.5,69,0.0579320633501101,mesosphere,loss,CS + O3 -> OCS + O2,6.837230636625623e-28
70.5,70,0.049634213210921076,mesosphere,production,O + O2 + M -> O3 + M,6570898.773607745
70.5,70,0.049634213210921076,mesosphere,production,NO3 + O2 -> NO2 + O3,1.078374043472736e-29
70.5,70,0.049634213210921076,mesosphere,production,HO2 + O2 -> OH + O3,4.3488246825252175e-36
70.5,70,0.049634213210921076,mesosphere,production,ClO + O2 -> Cl + O3,5.411625540335005e-42
70.5,70,0.049634213210921076,mesosphere,production,NO2 + O2 -> NO + O3,6.323843453043055e-46
70.5,70,0.049634213210921076,mesosphere,production,SO3 + O2 -> SO2 + O3,2.5255505897255596e-68
70.5,70,0.049634213210921076,mesosphere,production,OH + O2 -> H + O3,4.846978616204216e-70
70.5,70,0.049634213210921076,mesosphere,production,HSO + O2 -> HS + O3,1.323023008433422e-75
70.5,70,0.049634213210921076,mesosphere,production,O2 + O2 -> O + O3,1.0367632495846125e-82
70.5,70,0.049634213210921076,mesosphere,production,H2CO + HO2 -> CH3 + O3,6.536694932899857e-98
70.5,70,0.049634213210921076,mesosphere,production,SO2 + O2 -> SO + O3,7.320577217482307e-104
70.5,70,0.049634213210921076,mesosphere,production,SO + O2 -> S + O3,1.507266128146924e-96
70.5,70,0.049634213210921076,mesosphere,production,O2 + O2 -> O1D + O3,1.7556843996514416e-123
70.5,70,0.049634213210921076,mesosphere,production,OCS + O2 -> CS + O3,8.467450382355786e-147
70.5,70,0.049634213210921076,mesosphere,loss,O3 + hv -> O + O2,1300757.9213028569
70.5,70,0.049634213210921076,mesosphere,loss,O3 + hv -> O1D + O2,7264670.177959233
70.5,70,0.049634213210921076,mesosphere,loss,NO + O3 -> NO2 + O2,71.84095912408486
70.5,70,0.049634213210921076,mesosphere,loss,H + O3 -> OH + O2,137679.12876628505
70.5,70,0.049634213210921076,mesosphere,loss,OH + O3 -> HO2 + O2,399.3682911550265
70.5,70,0.049634213210921076,mesosphere,loss,O + O3 -> O2 + O2,9117.947403661807
70.5,70,0.049634213210921076,mesosphere,loss,NO2 + O3 -> NO3 + O2,3.5921422071602605e-06
70.5,70,0.049634213210921076,mesosphere,loss,O1D + O3 -> O2 + O2,22.970715671545925
70.5,70,0.049634213210921076,mesosphere,loss,O3 + M -> O + O2 + M,8.733678173767154e-09
70.5,70,0.049634213210921076,mesosphere,loss,CH3 + O3 -> H2CO + HO2,0.00321403867382802
70.5,70,0.049634213210921076,mesosphere,loss,HS + O3 -> HSO + O2,7.972015909917842e-06
70.5,70,0.049634213210921076,mesosphere,loss,SO + O3 -> SO2 + O2,0.01033840569586622
70.5,70,0.049634213210921076,mesosphere,loss,SO2 + O3 -> SO3 + O2,2.2336773802368373e-13
70.5,70,0.049634213210921076,mesosphere,loss,S + O3 -> SO + O2,4.976769519576379e-06
70.5,70,0.049634213210921076,mesosphere,loss,Cl + O3 -> ClO + O2,9.016967571978784e-17
70.5,70,0.049634213210921076,mesosphere,loss,CS + O3 -> OCS + O2,5.617538561893492e-28
71.5,71,0.04244860998938487,mesosphere,production,O + O2 + M -> O3 + M,5361630.135673996
71.5,71,0.04244860998938487,mesosphere,production,NO3 + O2 -> NO2 + O3,2.2813936055379217e-30
71.5,71,0.04244860998938487,mesosphere,production,HO2 + O2 -> OH + O3,1.0355170886324012e-36
71.5,71,0.04244860998938487,mesosphere,production,ClO + O2 -> Cl + O3,1.3519402513326392e-42
71.5,71,0.04244860998938487,mesosphere,production,NO2 + O2 -> NO + O3,8.599883680451092e-47
71.5,71,0.04244860998938487,mesosphere,production,SO3 + O2 -> SO2 + O3,2.4016953692984947e-69
71.5,71,0.04244860998938487,mesosphere,production,OH + O2 -> H + O3,4.482016769988806e-71
71.5,71,0.04244860998938487,mesosphere,production,HSO + O2 -> HS + O3,1.2807876082075754e-76
71.5,71,0.04244860998938487,mesosphere,production,O2 + O2 -> O + O3,5.12296026004502e-84
71.5,71,0.04244860998938487,mesosphere,production,H2CO + HO2 -> CH3 + O3,3.5688097731645242e-99
71.5,71,0.04244860998938487,mesosphere,production,SO2 + O2 -> SO + O3,2.9127641767816564e-105
71.5,71,0.04244860998938487,mesosphere,production,SO + O2 -> S + O3,8.396004908876518e-98
71.5,71,0.04244860998938487,mesosphere,production,O2 + O2 -> O1D + O3,2.7511515940470863e-125
71.5,71,0.04244860998938487,mesosphere,production,OCS + O2 -> CS + O3,1.9353583013504247e-148
71.5,71,0.04244860998938487,mesosphere,loss,O3 + hv -> O + O2,1055963.0460330173
71.5,71,0.04244860998938487,mesosphere,loss,O3 + hv -> O1D + O2,5901820.517535914
71.5,71,0.04244860998938487,mesosphere,loss,NO + O3 -> NO2 + O2,44.03715257317418
71.5,71,0.04244860998938487,mesosphere,loss,H + O3 -> OH + O2,136319.6148543621
71.5,71,0.04244860998938487,mesosphere,loss,OH + O3 -> HO2 + O2,286.4911901389216
71.5,71,0.04244860998938487,mesosphere,loss,O + O3 -> O2 + O2,6997.001028692671
71.5,71,0.04244860998938487,mesosphere,loss,NO2 + O3 -> NO3 + O2,1.6191334155941615e-06
71.5,71,0.04244860998938487,mesosphere,loss,O1D + O3 -> O2 + O2,17.390631459587844
71.5,71,0.04244860998938487,mesosphere,loss,O3 + M -> O + O2 + M,3.1617738451637172e-09
71.5,71,0.04244860998938487,mesosphere,loss,CH3 + O3 -> H2CO + HO2,0.0018714620093156725
71.5,71,0.04244860998938487,mesosphere,loss,HS + O3 -> HSO + O2,5.42303301649093e-06
71.5,71,0.04244860998938487,mesosphere,loss,SO + O3 -> SO2 + O2,0.0079593162818489
71.5,71,0.04244860998938487,mesosphere,loss,SO2 + O3 -> SO3 + O2,1.159902603708607e-13
71.5,71,0.04244860998938487,mesosphere,loss,S + O3 -> SO + O2,4.546104256511682e-06
71.5,71,0.04244860998938487,mesosphere,loss,Cl + O3 -> ClO + O2,6.06606008378842e-17
71.5,71,0.04244860998938487,mesosphere,loss,CS + O3 -> OCS + O2,9.597666412682521e-28
72.5,72,0.03623690566808136,mesosphere,production,O + O2 + M -> O3 + M,4352933.677620158
72.5,72,0.03623690566808136,mesosphere,production,NO3 + O2 -> NO2 + O3,4.769014528831451e-31
72.5,72,0.03623690566808136,mesosphere,production,HO2 + O2 -> OH + O3,2.401596274202391e-37
72.5,72,0.03623690566808136,mesosphere,production,ClO + O2 -> Cl + O3,3.2792995512693193e-43
72.5,72,0.03623690566808136,mesosphere,production,NO2 + O2 -> NO + O3,1.1422372357623516e-47
72.5,72,0.03623690566808136,mesosphere,production,SO3 + O2 -> SO2 + O3,2.21097096228659e-70
72.5,72,0.03623690566808136,mesosphere,production,OH + O2 -> H + O3,3.9421913745913345e-72
72.5,72,0.03623690566808136,mesosphere,production,HSO + O2 -> HS + O3,1.1802325916811776e-77
72.5,72,0.03623690566808136,mesosphere,production,O2 + O2 -> O + O3,2.365989084993953e-85
72.5,72,0.03623690566808136,mesosphere,production,H2CO + HO2 -> CH3 + O3,1.8331571436279893e-100
72.5,72,0.03623690566808136,mesosphere,production,SO2 + O2 -> SO + O3,1.0775147704854266e-106
72.5,72,0.03623690566808136,mesosphere,production,SO + O2 -> S + O3,4.351946475891757e-99
72.5,72,0.03623690566808136,mesosphere,production,O2 + O2 -> O1D + O3,3.9214634875397345e-127
72.5,72,0.03623690566808136,mesosphere,production,OCS + O2 -> CS + O3,4.0115793940538855e-150
72.5,72,0.03623690566808136,mesosphere,loss,O3 + hv -> O + O2,852018.9661040957
72.5,72,0.03623690566808136,mesosphere,loss,O3 + hv -> O1D + O2,4764798.363074729
72.5,72,0.03623690566808136,mesosphere,loss,NO + O3 -> NO2 + O2,26.86545597616564
72.5,72,0.03623690566808136,mesosphere,loss,H + O3 -> OH + O2,134713.29466621712
72.5,72,0.03623690566808136,mesosphere,loss,OH + O3 -> HO2 + O2,204.64622514900168
72.5,72,0.03623690566808136,mesosphere,loss,O + O3 -> O2 + O2,5313.287590299299
72.5,72,0.03623690566808136,mesosphere,loss,NO2 + O3 -> NO3 + O2,7.31289147553779e-07
72.5,72,0.03623690566808136,mesosphere,loss,O1D + O3 -> O2 + O2,13.027732956359843
72.5,72,0.03623690566808136,mesosphere,loss,O3 + M -> O + O2 + M,1.1181206403551345e-09
72.5,72,0.03623690566808136,mesosphere,loss,CH3 + O3 -> H2CO + HO2,0.0010814040109984962
72.5,72,0.03623690566808136,mesosphere,loss,HS + O3 -> HSO + O2,3.66492946938535e-06
72.5,72,0.03623690566808136,mesosphere,loss,SO + O3 -> SO2 + O2,0.006050785747339606
72.5,72,0.03623690566808136,mesosphere,loss,SO2 + O3 -> SO3 + O2,5.934670052675796e-14
72.5,72,0.03623690566808136,mesosphere,loss,S + O3 -> SO + O2,4.129593974057117e-06
72.5,72,0.03623690566808136,mesosphere,loss,Cl + O3 -> ClO + O2,4.0545319781347336e-17
72.5,72,0.03623690566808136,mesosphere,loss,CS + O3 -> OCS + O2,3.393126223099055e-27
73.5,73,0.030882514561394937,mesosphere,production,O + O2 + M -> O3 + M,3469870.6015468785
73.5,73,0.030882514561394937,mesosphere,production,NO3 + O2 -> NO2 + O3,1.1721577992022857e-31
73.5,73,0.030882514561394937,mesosphere,production,HO2 + O2 -> OH + O3,6.997604557946462e-38
73.5,73,0.030882514561394937,mesosphere,production,ClO + O2 -> Cl + O3,9.753582293894796e-44
73.5,73,0.030882514561394937,mesosphere,production,NO2 + O2 -> NO + O3,2.0074240448450145e-48
73.5,73,0.030882514561394937,mesosphere,production,SO3 + O2 -> SO2 + O3,3.0807555555893196e-71
73.5,73,0.030882514561394937,mesosphere,production,OH + O2 -> H + O3,5.239137070758014e-73
73.5,73,0.030882514561394937,mesosphere,production,HSO + O2 -> HS + O3,1.6193889703431973e-78
73.5,73,0.030882514561394937,mesosphere,production,O2 + O2 -> O + O3,1.8342543851263452e-86
73.5,73,0.030882514561394937,mesosphere,production,H2CO + HO2 -> CH3 + O3,1.5356964277786066e-101
73.5,73,0.030882514561394937,mesosphere,production,SO2 + O2 -> SO + O3,7.106875039441016e-108
73.5,73,0.030882514561394937,mesosphere,production,SO + O2 -> S + O3,3.8292217199327515e-100
73.5,73,0.030882514561394937,mesosphere,production,O2 + O2 -> O1D + O3,1.171855413928175e-128
73.5,73,0.030882514561394937,mesosphere,production,OCS + O2 -> CS + O3,1.685988047908357e-151
73.5,73,0.030882514561394937,mesosphere,loss,O3 + hv -> O + O2,673916.5248239198
73.5,73,0.030882514561394937,mesosphere,loss,O3 + hv -> O1D + O2,3770583.3478977405
73.5,73,0.030882514561394937,mesosphere,loss,NO + O3 -> NO2 + O2,16.317379300699766
73.5,73,0.030882514561394937,mesosphere,loss,H + O3 -> OH + O2,132461.36241336254
73.5,73,0.030882514561394937,mesosphere,loss,OH + O3 -> HO2 + O2,144.44513246948213
73.5,73,0.030882514561394937,mesosphere,loss,O + O3 -> O2 + O2,4024.864134041489
73.5,73,0.030882514561394937,mesosphere,loss,NO2 + O3 -> NO3 + O2,3.369160302373543e-07
73.5,73,0.030882514561394937,mesosphere,loss,O1D + O3 -> O2 + O2,9.427107210605019
73.5,73,0.030882514561394937,mesosphere,loss,O3 + M -> O + O2 + M,4.3884629614957025e-10
73.5,73,0.030882514561394937,mesosphere,loss,CH3 + O3 -> H2CO + HO2,0.0006140045132740222
73.5,73,0.030882514561394937,mesosphere,loss,HS + O3 -> HSO + O2,2.4582355970023614e-06
73.5,73,0.030882514561394937,mesosphere,loss,SO + O3 -> SO2 + O2,0.004566168022887439
73.5,73,0.030882514561394937,mesosphere,loss,SO2 + O3 -> SO3 + O2,3.201297752957759e-14
73.5,73,0.030882514561394937,mesosphere,loss,S + O3 -> SO + O2,3.688839802551234e-06
73.5,73,0.030882514561394937,mesosphere,loss,Cl + O3 -> ClO + O2,2.641624875176762e-17
73.5,73,0.030882514561394937,mesosphere,loss,CS + O3 -> OCS + O2,1.2561211115552517e-26
74.5,74,0.026281451100811388,mesosphere,production,O + O2 + M -> O3 + M,2725413.8603172507
74.5,74,0.026281451100811388,mesosphere,production,NO3 + O2 -> NO2 + O3,3.075299777245964e-32
74.5,74,0.026281451100811388,mesosphere,production,HO2 + O2 -> OH + O3,2.2119739651418843e-38
74.5,74,0.026281451100811388,mesosphere,production,ClO + O2 -> Cl + O3,3.093149682179479e-44
74.5,74,0.026281451100811388,mesosphere,production,NO2 + O2 -> NO + O3,3.918489775815792e-49
74.5,74,0.026281451100811388,mesosphere,production,SO3 + O2 -> SO2 + O3,5.205436086803803e-72
74.5,74,0.026281451100811388,mesosphere,production,OH + O2 -> H + O3,7.996527892093625e-74
74.5,74,0.026281451100811388,mesosphere,production,HSO + O2 -> HS + O3,2.5516989540959553e-79
74.5,74,0.026281451100811388,mesosphere,production,O2 + O2 -> O + O3,1.6792263977258554e-87
74.5,74,0.026281451100811388,mesosphere,production,H2CO + HO2 -> CH3 + O3,1.5118925925528128e-102
74.5,74,0.026281451100811388,mesosphere,production,SO2 + O2 -> SO + O3,5.654269172602245e-109
74.5,74,0.026281451100811388,mesosphere,production,SO + O2 -> S + O3,3.9761636331703e-101
74.5,74,0.026281451100811388,mesosphere,production,O2 + O2 -> O1D + O3,4.444666662734556e-130
74.5,74,0.026281451100811388,mesosphere,production,OCS + O2 -> CS + O3,8.847910852674184e-153
74.5,74,0.026281451100811388,mesosphere,loss,O3 + hv -> O + O2,524127.2485219495
74.5,74,0.026281451100811388,mesosphere,loss,O3 + hv -> O1D + O2,2933613.2350205164
74.5,74,0.026281451100811388,mesosphere,loss,NO + O3 -> NO2 + O2,9.827790933014487
74.5,74,0.026281451100811388,mesosphere,loss,H + O3 -> OH + O2,129150.36510228901
74.5,74,0.026281451100811388,mesosphere,loss,OH + O3 -> HO2 + O2,101.0624633015948
74.5,74,0.026281451100811388,mesosphere,loss,O + O3 -> O2 + O2,2994.661632068083
74.5,74,0.026281451100811388,mesosphere,loss,NO2 + O3 -> NO3 + O2,1.569649575139079e-07
74.5,74,0.026281451100811388,mesosphere,loss,O1D + O3 -> O2 + O2,6.6128324865461625
74.5,74,0.026281451100811388,mesosphere,loss,O3 + M -> O + O2 + M,1.761657644495875e-10
74.5,74,0.026281451100811388,mesosphere,loss,CH3 + O3 -> H2CO + HO2,0.00034317568558164374
74.5,74,0.026281451100811388,mesosphere,loss,HS + O3 -> HSO + O2,1.6441557274746098e-06
74.5,74,0.026281451100811388,mesosphere,loss,SO + O3 -> SO2 + O2,0.0033846555126318422
74.5,74,0.026281451100811388,mesosphere,loss,SO2 + O3 -> SO3 + O2,1.7400673593357027e-14
74.5,74,0.026281451100811388,mesosphere,loss,S + O3 -> SO + O2,3.2425729635168984e-06
74.5,74,0.026281451100811388,mesosphere,loss,Cl + O3 -> ClO + O2,1.694922659222062e-17
74.5,74,0.026281451100811388,mesosphere,loss,CS + O3 -> OCS + O2,4.081818271080245e-26
75.5,75,0.022335051573803492,mesosphere,production,O + O2 + M -> O3 + M,2102086.3897279482
75.5,75,0.022335051573803492,mesosphere,production,NO3 + O2 -> NO2 + O3,8.207558852751684e-33
75.5,75,0.022335051573803492,mesosphere,production,HO2 + O2 -> OH + O3,7.022600895466002e-39
75.5,75,0.022335051573803492,mesosphere,production,ClO + O2 -> Cl + O3,9.63572825983305e-45
75.5,75,0.022335051573803492,mesosphere,production,NO2 + O2 -> NO + O3,7.736001615450471e-50
75.5,75,0.022335051573803492,mesosphere,production,SO3 + O2 -> SO2 + O3,9.60055358424588e-73
75.5,75,0.022335051573803492,mesosphere,production,OH + O2 -> H + O3,1.2017266512497014e-74
75.5,75,0.022335051573803492,mesosphere,production,HSO + O2 -> HS + O3,3.997926079583345e-80
75.5,75,0.022335051573803492,mesosphere,production,O2 + O2 -> O + O3,1.477432656304477e-88
75.5,75,0.022335051573803492,mesosphere,production,H2CO + HO2 -> CH3 + O3,1.4557180133740816e-103
75.5,75,0.022335051573803492,mesosphere,production,SO2 + O2 -> SO + O3,4.3183356304867306e-110
75.5,75,0.022335051573803492,mesosphere,production,SO + O2 -> S + O3,3.914833040948603e-102
75.5,75,0.022335051573803492,mesosphere,production,O2 + O2 -> O1D + O3,1.5949515132305581e-131
75.5,75,0.022335051573803492,mesosphere,production,OCS + O2 -> CS + O3,4.359366102108213e-154
75.5,75,0.022335051573803492,mesosphere,loss,O3 + hv -> O + O2,399132.08002940536
75.5,75,0.022335051573803492,mesosphere,loss,O3 + hv -> O1D + O2,2234652.7740027145
75.5,75,0.022335051573803492,mesosphere,loss,NO + O3 -> NO2 + O2,5.8227575734187775
75.5,75,0.022335051573803492,mesosphere,loss,H + O3 -> OH + O2,124349.2095759498
75.5,75,0.022335051573803492,mesosphere,loss,OH + O3 -> HO2 + O2,70.26904068528466
75.5,75,0.022335051573803492,mesosphere,loss,O + O3 -> O2 + O2,2144.6094872755466
75.5,75,0.022335051573803492,mesosphere,loss,NO2 + O3 -> NO3 + O2,7.378393379957433e-08
75.5,75,0.022335051573803492,mesosphere,loss,O1D + O3 -> O2 + O2,4.453005403370197
75.5,75,0.022335051573803492,mesosphere,loss,O3 + M -> O + O2 + M,6.853270574658326e-11
75.5,75,0.022335051573803492,mesosphere,loss,CH3 + O3 -> H2CO + HO2,0.00018847978679720052
75.5,75,0.022335051573803492,mesosphere,loss,HS + O3 -> HSO + O2,1.101757176349018e-06
75.5,75,0.022335051573803492,mesosphere,loss,SO + O3 -> SO2 + O2,0.0024199109802068262
75.5,75,0.022335051573803492,mesosphere,loss,SO2 + O3 -> SO3 + O2,9.228816846870206e-15
75.5,75,0.022335051573803492,mesosphere,loss,S + O3 -> SO + O2,2.782067792950596e-06
75.5,75,0.022335051573803492,mesosphere,loss,Cl + O3 -> ClO + O2,1.0793146336308582e-17
75.5,75,0.022335051573803492,mesosphere,loss,CS + O3 -> OCS + O2,1.2044672446883461e-25
76.5,76,0.018959910020845468,mesosphere,production,O + O2 + M -> O3 + M,1548498.2238612832
76.5,76,0.018959910020845468,mesosphere,production,NO3 + O2 -> NO2 + O3,2.9367716334303895e-33
76.5,76,0.018959910020845468,mesosphere,production,HO2 + O2 -> OH + O3,3.336495362818519e-39
76.5,76,0.018959910020845468,mesosphere,production,ClO + O2 -> Cl + O3,4.1980447808159063e-45
76.5,76,0.018959910020845468,mesosphere,production,NO2 + O2 -> NO + O3,2.478184265700216e-50
76.5,76,0.018959910020845468,mesosphere,production,SO3 + O2 -> SO2 + O3,3.8100099068211735e-73
76.5,76,0.018959910020845468,mesosphere,production,OH + O2 -> H + O3,3.6194465622402284e-75
76.5,76,0.018959910020845468,mesosphere,production,HSO + O2 -> HS + O3,1.2397385937984322e-80
76.5,76,0.018959910020845468,mesosphere,production,O2 + O2 -> O + O3,3.0297477457930102e-89
76.5,76,0.018959910020845468,mesosphere,production,H2CO + HO2 -> CH3 + O3,3.2039634554942786e-104
76.5,76,0.018959910020845468,mesosphere,production,SO2 + O2 -> SO + O3,8.483366085200158e-111
76.5,76,0.018959910020845468,mesosphere,production,SO + O2 -> S + O3,8.982073315988311e-103
76.5,76,0.018959910020845468,mesosphere,production,O2 + O2 -> O1D + O3,1.9151576881656483e-132
76.5,76,0.018959910020845468,mesosphere,production,OCS + O2 -> CS + O3,6.812106457736782e-155
76.5,76,0.018959910020845468,mesosphere,loss,O3 + hv -> O + O2,288858.7905331446
76.5,76,0.018959910020845468,mesosphere,loss,O3 + hv -> O1D + O2,1617615.1778955825
76.5,76,0.018959910020845468,mesosphere,loss,NO + O3 -> NO2 + O2,3.364405298510726
76.5,76,0.018959910020845468,mesosphere,loss,H + O3 -> OH + O2,117243.6341516465
76.5,76,0.018959910020845468,mesosphere,loss,OH + O3 -> HO2 + O2,48.067236924889045
76.5,76,0.018959910020845468,mesosphere,loss,O + O3 -> O2 + O2,1471.0837195312124
76.5,76,0.018959910020845468,mesosphere,loss,NO2 + O3 -> NO3 + O2,3.611091292598906e-08
76.5,76,0.018959910020845468,mesosphere,loss,O1D + O3 -> O2 + O2,2.7259866319290045
76.5,76,0.018959910020845468,mesosphere,loss,O3 + M -> O + O2 + M,3.10693048989503e-11
76.5,76,0.018959910020845468,mesosphere,loss,CH3 + O3 -> H2CO + HO2,0.0001000156790900052
76.5,76,0.018959910020845468,mesosphere,loss,HS + O3 -> HSO + O2,7.40511945309658e-07
76.5,76,0.018959910020845468,mesosphere,loss,SO + O3 -> SO2 + O2,0.0016501853279618276
76.5,76,0.018959910020845468,mesosphere,loss,SO2 + O3 -> SO3 + O2,5.2468336289991274e-15
76.5,76,0.018959910020845468,mesosphere,loss,S + O3 -> SO + O2,2.261729747191215e-06
76.5,76,0.018959910020845468,mesosphere,loss,Cl + O3 -> ClO + O2,6.669415623471898e-18
76.5,76,0.018959910020845468,mesosphere,loss,CS + O3 -> OCS + O2,3.3170547483427166e-25
77.5,77,0.016083627792662782,mesosphere,production,O + O2 + M -> O3 + M,1087850.7978367112
77.5,77,0.016083627792662782,mesosphere,production,NO3 + O2 -> NO2 + O3,1.2637893517297021e-33
77.5,77,0.016083627792662782,mesosphere,production,HO2 + O2 -> OH + O3,1.9766929359684842e-39
77.5,77,0.016083627792662782,mesosphere,production,ClO + O2 -> Cl + O3,2.107349495952701e-45
77.5,77,0.016083627792662782,mesosphere,production,NO2 + O2 -> NO + O3,1.037961249548663e-50
77.5,77,0.016083627792662782,mesosphere,production,SO3 + O2 -> SO2 + O3,2.2531982037900386e-73
77.5,77,0.016083627792662782,mesosphere,production,OH + O2 -> H + O3,1.5219833684010713e-75
77.5,77,0.016083627792662782,mesosphere,production,HSO + O2 -> HS + O3,5.359149105205336e-81
77.5,77,0.016083627792662782,mesosphere,production,O2 + O2 -> O + O3,8.89282193390125e-90
77.5,77,0.016083627792662782,mesosphere,production,H2CO + HO2 -> CH3 + O3,1.0638402024263503e-104
77.5,77,0.016083627792662782,mesosphere,production,SO2 + O2 -> SO + O3,2.4969209646575055e-111
77.5,77,0.016083627792662782,mesosphere,production,SO + O2 -> S + O3,2.850171588929455e-103
77.5,77,0.016083627792662782,mesosphere,production,O2 + O2 -> O1D + O3,3.8374003938923524e-133
77.5,77,0.016083627792662782,mesosphere,production,OCS + O2 -> CS + O3,1.7240702022380569e-155
77.5,77,0.016083627792662782,mesosphere,loss,O3 + hv -> O + O2,197730.84082920777
77.5,77,0.016083627792662782,mesosphere,loss,O3 + hv -> O1D + O2,1107474.3874872557
77.5,77,0.016083627792662782,mesosphere,loss,NO + O3 -> NO2 + O2,1.8682230157188537
77.5,77,0.016083627792662782,mesosphere,loss,H + O3 -> OH + O2,108378.21125965205
77.5,77,0.016083627792662782,mesosphere,loss,OH + O3 -> HO2 + O2,32.81433664770089
77.5,77,0.016083627792662782,mesosphere,loss,O + O3 -> O2 + O2,931.6700309684511
77.5,77,0.016083627792662782,mesosphere,loss,NO2 + O3 -> NO3 + O2,1.850568462651404e-08
77.5,77,0.016083627792662782,mesosphere,loss,O1D + O3 -> O2 + O2,1.4974502105674503
77.5,77,0.016083627792662782,mesosphere,loss,O3 + M -> O + O2 + M,1.4524654173918685e-11
77.5,77,0.016083627792662782,mesosphere,loss,CH3 + O3 -> H2CO + HO2,5.1892041377450745e-05
77.5,77,0.016083627792662782,mesosphere,loss,HS + O3 -> HSO + O2,5.027441359700251e-07
77.5,77,0.016083627792662782,mesosphere,loss,SO + O3 -> SO2 + O2,0.0010299080573510115
77.5,77,0.016083627792662782,mesosphere,loss,SO2 + O3 -> SO3 + O2,2.9802591048352667e-15
77.5,77,0.016083627792662782,mesosphere,loss,S + O3 -> SO + O2,1.7155922790327266e-06
77.5,77,0.016083627792662782,mesosphere,loss,Cl + O3 -> ClO + O2,4.104295697984155e-18
77.5,77,0.016083627792662782,mesosphere,loss,CS + O3 -> OCS + O2,8.880780483600916e-25
78.5,78,0.013635976933965515,mesosphere,production,O + O2 + M -> O3 + M,731470.2874878052
78.5,78,0.013635976933965515,mesosphere,production,NO3 + O2 -> NO2 + O3,6.0767871878431915e-34
78.5,78,0.013635976933965515,mesosphere,production,HO2 + O2 -> OH + O3,1.2737022546894131e-39
78.5,78,0.013635976933965515,mesosphere,production,ClO + O2 -> Cl + O3,1.0533479615333201e-45
78.5,78,0.013635976933965515,mesosphere,production,NO2 + O2 -> NO + O3,4.8828147713499643e-51
78.5,78,0.013635976933965515,mesosphere,production,SO3 + O2 -> SO2 + O3,1.4431567141988014e-73
78.5,78,0.013635976933965515,mesosphere,production,OH + O2 -> H + O3,6.833270233518942e-76
78.5,78,0.013635976933965515,mesosphere,production,HSO + O2 -> HS + O3,2.4596206817524347e-81
78.5,78,0.013635976933965515,mesosphere,production,O2 + O2 -> O + O3,2.5894354764411313e-90
78.5,78,0.013635976933965515,mesosphere,production,H2CO + HO2 -> CH3 + O3,4.067238056182533e-105
78.5,78,0.013635976933965515,mesosphere,production,SO2 + O2 -> SO + O3,7.331708075386265e-112
78.5,78,0.013635976933965515,mesosphere,production,SO + O2 -> S + O3,8.418473834141024e-104
78.5,78,0.013635976933965515,mesosphere,production,O2 + O2 -> O1D + O3,7.606061461095308e-134
78.5,78,0.013635976933965515,mesosphere,production,OCS + O2 -> CS + O3,4.2719081278547984e-156
78.5,78,0.013635976933965515,mesosphere,loss,O3 + hv -> O + O2,127730.475926578
78.5,78,0.013635976933965515,mesosphere,loss,O3 + hv -> O1D + O2,715487.9216819315
78.5,78,0.013635976933965515,mesosphere,loss,NO + O3 -> NO2 + O2,0.9871882782024789
78.5,78,0.013635976933965515,mesosphere,loss,H + O3 -> OH + O2,99068.99412994517
78.5,78,0.013635976933965515,mesosphere,loss,OH + O3 -> HO2 + O2,22.706432041288597
78.5,78,0.013635976933965515,mesosphere,loss,O + O3 -> O2 + O2,533.4456093070438
78.5,78,0.013635976933965515,mesosphere,loss,NO2 + O3 -> NO3 + O2,1.0090404559812235e-08
78.5,78,0.013635976933965515,mesosphere,loss,O1D + O3 -> O2 + O2,0.7331471893795436
78.5,78,0.013635976933965515,mesosphere,loss,O3 + M -> O + O2 + M,6.394123290676952e-12
78.5,78,0.013635976933965515,mesosphere,loss,CH3 + O3 -> H2CO + HO2,2.7212570003408842e-05
78.5,78,0.013635976933965515,mesosphere,loss,HS + O3 -> HSO + O2,3.439857898491648e-07
78.5,78,0.013635976933965515,mesosphere,loss,SO + O3 -> SO2 + O2,0.0005688174864680536
78.5,78,0.013635976933965515,mesosphere,loss,SO2 + O3 -> SO3 + O2,1.6052964072994216e-15
78.5,78,0.013635976933965515,mesosphere,loss,S + O3 -> SO + O2,1.2011873923310891e-06
78.5,78,0.013635976933965515,mesosphere,loss,Cl + O3 -> ClO + O2,2.5924959444411353e-18
78.5,78,0.013635976933965515,mesosphere,loss,CS + O3 -> OCS + O2,2.2309383593090662e-24
79.5,79,0.011557222176187255,mesosphere,production,O + O2 + M -> O3 + M,475450.69514321035
79.5,79,0.011557222176187255,mesosphere,production,NO3 + O2 -> NO2 + O3,4.037216196083369e-34
79.5,79,0.011557222176187255,mesosphere,production,HO2 + O2 -> OH + O3,1.241362481062725e-39
79.5,79,0.011557222176187255,mesosphere,production,ClO + O2 -> Cl + O3,7.242518699054002e-46
79.5,79,0.011557222176187255,mesosphere,production,NO2 + O2 -> NO + O3,3.835967507459266e-51
79.5,79,0.011557222176187255,mesosphere,production,SO3 + O2 -> SO2 + O3,1.7101841107812912e-73
79.5,79,0.011557222176187255,mesosphere,production,OH + O2 -> H + O3,6.137963519919435e-76
79.5,79,0.011557222176187255,mesosphere,production,HSO + O2 -> HS + O3,2.136395614295142e-81
79.5,79,0.011557222176187255,mesosphere,production,O2 + O2 -> O + O3,1.6818575612947576e-90
79.5,79,0.011557222176187255,mesosphere,production,H2CO + HO2 -> CH3 + O3,4.175645735376202e-105
79.5,79,0.011557222176187255,mesosphere,production,SO2 + O2 -> SO + O3,5.276126285044817e-112
79.5,79,0.011557222176187255,mesosphere,production,SO + O2 -> S + O3,5.3676748276410014e-104
79.5,79,0.011557222176187255,mesosphere,production,O2 + O2 -> O1D + O3,4.734824841559121e-134
79.5,79,0.011557222176187255,mesosphere,production,OCS + O2 -> CS + O3,3.1776755824340476e-156
79.5,79,0.011557222176187255,mesosphere,loss,O3 + hv -> O + O2,77710.57039034496
79.5,79,0.011557222176187255,mesosphere,loss,O3 + hv -> O1D + O2,435332.2218299553
79.5,79,0.011557222176187255,mesosphere,loss,NO + O3 -> NO2 + O2,0.5048239652797365
79.5,79,0.011557222176187255,mesosphere,loss,H + O3 -> OH + O2,91198.0898515365
79.5,79,0.011557222176187255,mesosphere,loss,OH + O3 -> HO2 + O2,15.831173442058484
79.5,79,0.011557222176187255,mesosphere,loss,O + O3 -> O2 + O2,292.0401585322818
79.5,79,0.011557222176187255,mesosphere,loss,NO2 + O3 -> NO3 + O2,5.962389403767698e-09
79.5,79,0.011557222176187255,mesosphere,loss,O1D + O3 -> O2 + O2,0.3203928256679287
79.5,79,0.011557222176187255,mesosphere,loss,O3 + M -> O + O2 + M,3.2182831091266844e-12
79.5,79,0.011557222176187255,mesosphere,loss,CH3 + O3 -> H2CO + HO2,1.530757263696608e-05
79.5,79,0.011557222176187255,mesosphere,loss,HS + O3 -> HSO + O2,2.313039824047863e-07
79.5,79,0.011557222176187255,mesosphere,loss,SO + O3 -> SO2 + O2,0.00028758147548838686
79.5,79,0.011557222176187255,mesosphere,loss,SO2 + O3 -> SO3 + O2,9.140774629867013e-16
79.5,79,0.011557222176187255,mesosphere,loss,S + O3 -> SO + O2,7.826022360429653e-07
79.5,79,0.011557222176187255,mesosphere,loss,Cl + O3 -> ClO + O2,1.671530472153279e-18
79.5,79,0.011557222176187255,mesosphere,loss,CS + O3 -> OCS + O2,4.755968018223635e-24
80.5,80,0.009796195010875522,mesosphere,production,O + O2 + M -> O3 + M,330149.5396879812
80.5,80,0.009796195010875522,mesosphere,production,NO3 + O2 -> NO2 + O3,2.775753167527348e-34
80.5,80,0.009796195010875522,mesosphere,production,HO2 + O2 -> OH + O3,1.3673121680396294e-39
80.5,80,0.009796195010875522,mesosphere,production,ClO + O2 -> Cl + O3,5.650095452029652e-46
80.5,80,0.009796195010875522,mesosphere,production,NO2 + O2 -> NO + O3,3.392963594541992e-51
80.5,80,0.009796195010875522,mesosphere,production,SO3 + O2 -> SO2 + O3,2.5283368742156395e-73
80.5,80,0.009796195010875522,mesosphere,production,OH + O2 -> H + O3,7.085196602341648e-76
80.5,80,0.009796195010875522,mesosphere,production,HSO + O2 -> HS + O3,2.1684924830160317e-81
80.5,80,0.009796195010875522,mesosphere,production,O2 + O2 -> O + O3,1.5013928359922848e-90
80.5,80,0.009796195010875522,mesosphere,production,H2CO + HO2 -> CH3 + O3,7.01725828975245e-105
80.5,80,0.009796195010875522,mesosphere,production,SO2 + O2 -> SO + O3,5.412544087131155e-112
80.5,80,0.009796195010875522,mesosphere,production,SO + O2 -> S + O3,4.7561690524364915e-104
80.5,80,0.009796195010875522,mesosphere,production,O2 + O2 -> O1D + O3,4.638995587147502e-134
80.5,80,0.009796195010875522,mesosphere,production,OCS + O2 -> CS + O3,3.6807517200356417e-156
80.5,80,0.009796195010875522,mesosphere,loss,O3 + hv -> O + O2,48324.247750441515
80.5,80,0.009796195010875522,mesosphere,loss,O3 + hv -> O1D + O2,270725.3399474954
80.5,80,0.009796195010875522,mesosphere,loss,NO + O3 -> NO2 + O2,0.26818531565808734
80.5,80,0.009796195010875522,mesosphere,loss,H + O3 -> OH + O2,91528.93314398955
80.5,80,0.009796195010875522,mesosphere,loss,OH + O3 -> HO2 + O2,11.313005314020703
80.5,80,0.009796195010875522,mesosphere,loss,O + O3 -> O2 + O2,177.93701119578975
80.5,80,0.009796195010875522,mesosphere,loss,NO2 + O3 -> NO3 + O2,3.497868486731465e-09
80.5,80,0.009796195010875522,mesosphere,loss,O1D + O3 -> O2 + O2,0.14703109874684755
80.5,80,0.009796195010875522,mesosphere,loss,O3 + M -> O + O2 + M,1.7882002312825673e-12
80.5,80,0.009796195010875522,mesosphere,loss,CH3 + O3 -> H2CO + HO2,9.827788528446664e-06
80.5,80,0.009796195010875522,mesosphere,loss,HS + O3 -> HSO + O2,1.4674287106826306e-07
80.5,80,0.009796195010875522,mesosphere,loss,SO + O3 -> SO2 + O2,0.000150542661709587
80.5,80,0.009796195010875522,mesosphere,loss,SO2 + O3 -> SO3 + O2,5.565542747272448e-16
80.5,80,0.009796195010875522,mesosphere,loss,S + O3 -> SO + O2,5.247703957236413e-07
80.5,80,0.009796195010875522,mesosphere,loss,Cl + O3 -> ClO + O2,1.1148727662661034e-18
80.5,80,0.009796195010875522,mesosphere,loss,CS + O3 -> OCS + O2,8.501830258426969e-24
81.5,81,0.008305273951046318,mesosphere,production,O + O2 + M -> O3 + M,293036.80084330234
81.5,81,0.008305273951046318,mesosphere,production,NO3 + O2 -> NO2 + O3,1.3289415109255047e-34
81.5,81,0.008305273951046318,mesosphere,production,HO2 + O2 -> OH + O3,1.2211093017531402e-39
81.5,81,0.008305273951046318,mesosphere,production,ClO + O2 -> Cl + O3,4.405262745339929e-46
81.5,81,0.008305273951046318,mesosphere,production,NO2 + O2 -> NO + O3,2.0742899211398717e-51
81.5,81,0.008305273951046318,mesosphere,production,SO3 + O2 -> SO2 + O3,3.605058124248719e-73
81.5,81,0.008305273951046318,mesosphere,production,OH + O2 -> H + O3,6.957900597666537e-76
81.5,81,0.008305273951046318,mesosphere,production,HSO + O2 -> HS + O3,1.6329275678125837e-81
81.5,81,0.008305273951046318,mesosphere,production,O2 + O2 -> O + O3,1.3399866317464833e-90
81.5,81,0.008305273951046318,mesosphere,production,H2CO + HO2 -> CH3 + O3,1.0463260576205558e-104
81.5,81,0.008305273951046318,mesosphere,production,SO2 + O2 -> SO + O3,5.516624727236062e-112
81.5,81,0.008305273951046318,mesosphere,production,SO + O2 -> S + O3,4.9187825901602994e-104
81.5,81,0.008305273951046318,mesosphere,production,O2 + O2 -> O1D + O3,4.543307258923333e-134
81.5,81,0.008305273951046318,mesosphere,production,OCS + O2 -> CS + O3,4.32229250377594e-156
81.5,81,0.008305273951046318,mesosphere,loss,O3 + hv -> O + O2,36174.63511297539
81.5,81,0.008305273951046318,mesosphere,loss,O3 + hv -> O1D + O2,202668.76262435626
81.5,81,0.008305273951046318,mesosphere,loss,NO + O3 -> NO2 + O2,0.17303559934240464
81.5,81,0.008305273951046318,mesosphere,loss,H + O3 -> OH + O2,114379.28355163914
81.5,81,0.008305273951046318,mesosphere,loss,OH + O3 -> HO2 + O2,8.281374686647968
81.5,81,0.008305273951046318,mesosphere,loss,O + O3 -> O2 + O2,166.7715259198674
81.5,81,0.008305273951046318,mesosphere,loss,NO2 + O3 -> NO3 + O2,1.7075726180245186e-09
81.5,81,0.008305273951046318,mesosphere,loss,O1D + O3 -> O2 + O2,0.09835754014098426
81.5,81,0.008305273951046318,mesosphere,loss,O3 + M -> O + O2 + M,1.1962491196159383e-12
81.5,81,0.008305273951046318,mesosphere,loss,CH3 + O3 -> H2CO + HO2,6.875493718722146e-06
81.5,81,0.008305273951046318,mesosphere,loss,HS + O3 -> HSO + O2,8.310044268181102e-08
81.5,81,0.008305273951046318,mesosphere,loss,SO + O3 -> SO2 + O2,0.00011076047679399516
81.5,81,0.008305273951046318,mesosphere,loss,SO2 + O3 -> SO3 + O2,4.0542593829347905e-16
81.5,81,0.008305273951046318,mesosphere,loss,S + O3 -> SO + O2,4.452560240693274e-07
81.5,81,0.008305273951046318,mesosphere,loss,Cl + O3 -> ClO + O2,7.446862303349731e-19
81.5,81,0.008305273951046318,mesosphere,loss,CS + O3 -> OCS + O2,1.3150717039055785e-23
82.5,82,0.007043776765871335,mesosphere,production,O + O2 + M -> O3 + M,351175.1477901468
82.5,82,0.007043776765871335,mesosphere,production,NO3 + O2 -> NO2 + O3,4.531664349096935e-35
82.5,82,0.007043776765871335,mesosphere,production,HO2 + O2 -> OH + O3,9.129794049949384e-40
82.5,82,0.007043776765871335,mesosphere,production,ClO + O2 -> Cl + O3,4.08903954526811e-46
82.5,82,0.007043776765871335,mesosphere,production,NO2 + O2 -> NO + O3,9.552927917046735e-52
82.5,82,0.007043776765871335,mesosphere,production,SO3 + O2 -> SO2 + O3,6.727502893542267e-73
82.5,82,0.007043776765871335,mesosphere,production,OH + O2 -> H + O3,7.211750666468432e-76
82.5,82,0.007043776765871335,mesosphere,production,HSO + O2 -> HS + O3,1.148574727930878e-81
82.5,82,0.007043776765871335,mesosphere,production,O2 + O2 -> O + O3,1.8545739454781132e-90
82.5,82,0.007043776765871335,mesosphere,production,H2CO + HO2 -> CH3 + O3,1.4928832272669418e-104
82.5,82,0.007043776765871335,mesosphere,production,SO2 + O2 -> SO + O3,9.00680784692735e-112
82.5,82,0.007043776765871335,mesosphere,production,SO + O2 -> S + O3,1.0465954123004427e-103
82.5,82,0.007043776765871335,mesosphere,production,O2 + O2 -> O1D + O3,8.317398862064722e-134
82.5,82,0.007043776765871335,mesosphere,production,OCS + O2 -> CS + O3,9.395301646466349e-156
82.5,82,0.007043776765871335,mesosphere,loss,O3 + hv -> O + O2,35325.872754317585
82.5,82,0.007043776765871335,mesosphere,loss,O3 + hv -> O1D + O2,197922.35914996197
82.5,82,0.007043776765871335,mesosphere,loss,NO + O3 -> NO2 + O2,0.14850418811988478
82.5,82,0.007043776765871335,mesosphere,loss,H + O3 -> OH + O2,176289.9641551782
82.5,82,0.007043776765871335,mesosphere,loss,OH + O3 -> HO2 + O2,5.928148432409138
82.5,82,0.007043776765871335,mesosphere,loss,O + O3 -> O2 + O2,282.51337206075294
82.5,82,0.007043776765871335,mesosphere,loss,NO2 + O3 -> NO3 + O2,6.681761116012992e-10
82.5,82,0.007043776765871335,mesosphere,loss,O1D + O3 -> O2 + O2,0.11263810817669978
82.5,82,0.007043776765871335,mesosphere,loss,O3 + M -> O + O2 + M,1.1610791887802208e-12
82.5,82,0.007043776765871335,mesosphere,loss,CH3 + O3 -> H2CO + HO2,5.111783470227263e-06
82.5,82,0.007043776765871335,mesosphere,loss,HS + O3 -> HSO + O2,4.1341750809217506e-08
82.5,82,0.007043776765871335,mesosphere,loss,SO + O3 -> SO2 + O2,0.00014142145010024906
82.5,82,0.007043776765871335,mesosphere,loss,SO2 + O3 -> SO3 + O2,4.027749264668661e-16
82.5,82,0.007043776765871335,mesosphere,loss,S + O3 -> SO + O2,5.427377702264052e-07
82.5,82,0.007043776765871335,mesosphere,loss,Cl + O3 -> ClO + O2,4.670009337178795e-19
82.5,82,0.007043776765871335,mesosphere,loss,CS + O3 -> OCS + O2,1.842761785139481e-23
83.5,83,0.005977341987978112,mesosphere,production,O + O2 + M -> O3 + M,470692.0068437378
83.5,83,0.005977341987978112,mesosphere,production,NO3 + O2 -> NO2 + O3,1.502555695450618e-35
83.5,83,0.005977341987978112,mesosphere,production,HO2 + O2 -> OH + O3,5.703769222174278e-40
83.5,83,0.005977341987978112,mesosphere,production,ClO + O2 -> Cl + O3,3.996982422666257e-46
83.5,83,0.005977341987978112,mesosphere,production,NO2 + O2 -> NO + O3,4.3058635501060795e-52
83.5,83,0.005977341987978112,mesosphere,production,SO3 + O2 -> SO2 + O3,1.3012040275928377e-72
83.5,83,0.005977341987978112,mesosphere,production,OH + O2 -> H + O3,7.054765404703877e-76
83.5,83,0.005977341987978112,mesosphere,production,HSO + O2 -> HS + O3,7.156792697101356e-82
83.5,83,0.005977341987978112,mesosphere,production,O2 + O2 -> O + O3,2.925121291424771e-90
83.5,83,0.005977341987978112,mesosphere,production,H2CO + HO2 -> CH3 + O3,1.5382856309035534e-104
83.5,83,0.005977341987978112,mesosphere,production,SO2 + O2 -> SO + O3,1.6609708353369916e-111
83.5,83,0.005977341987978112,mesosphere,production,SO + O2 -> S + O3,2.89544853318064e-103
83.5,83,0.005977341987978112,mesosphere,production,O2 + O2 -> O1D + O3,1.8341763158596497e-133
83.5,83,0.005977341987978112,mesosphere,production,OCS + O2 -> CS + O3,2.4344194034088727e-155
83.5,83,0.005977341987978112,mesosphere,loss,O3 + hv -> O + O2,39442.361357780035
83.5,83,0.005977341987978112,mesosphere,loss,O3 + hv -> O1D + O2,220997.80895215776
83.5,83,0.005977341987978112,mesosphere,loss,NO + O3 -> NO2 + O2,0.14787554890316615
83.5,83,0.005977341987978112,mesosphere,loss,H + O3 -> OH + O2,274806.4750628461
83.5,83,0.005977341987978112,mesosphere,loss,OH + O3 -> HO2 + O2,4.136094751847487
83.5,83,0.005977341987978112,mesosphere,loss,O + O3 -> O2 + O2,616.2958150623346
83.5,83,0.005977341987978112,mesosphere,loss,NO2 + O3 -> NO3 + O2,2.753420872579899e-10
83.5,83,0.005977341987978112,mesosphere,loss,O1D + O3 -> O2 + O2,0.16866321190856406
83.5,83,0.005977341987978112,mesosphere,loss,O3 + M -> O + O2 + M,1.3304117790885779e-12
83.5,83,0.005977341987978112,mesosphere,loss,CH3 + O3 -> H2CO + HO2,4.1491212623156435e-06
83.5,83,0.005977341987978112,mesosphere,loss,HS + O3 -> HSO + O2,1.889927443373076e-08
83.5,83,0.005977341987978112,mesosphere,loss,SO + O3 -> SO2 + O2,0.00023579376408268987
83.5,83,0.005977341987978112,mesosphere,loss,SO2 + O3 -> SO3 + O2,4.551737317091612e-16
83.5,83,0.005977341987978112,mesosphere,loss,S + O3 -> SO + O2,8.213355178618931e-07
83.5,83,0.005977341987978112,mesosphere,loss,Cl + O3 -> ClO + O2,2.7845863730327616e-19
83.5,83,0.005977341987978112,mesosphere,loss,CS + O3 -> OCS + O2,2.4604355230631237e-23
84.5,84,0.0050756640734905024,mesosphere,production,O + O2 + M -> O3 + M,600516.5660676956
84.5,84,0.0050756640734905024,mesosphere,production,NO3 + O2 -> NO2 + O3,6.593904675434651e-36
84.5,84,0.0050756640734905024,mesosphere,production,HO2 + O2 -> OH + O3,3.3613404498657906e-40
84.5,84,0.0050756640734905024,mesosphere,production,ClO + O2 -> Cl + O3,3.896029402417572e-46
84.5,84,0.0050756640734905024,mesosphere,production,NO2 + O2 -> NO + O3,2.5748819668644543e-52
84.5,84,0.0050756640734905024,mesosphere,production,SO3 + O2 -> SO2 + O3,2.352048397490888e-72
84.5,84,0.0050756640734905024,mesosphere,production,OH + O2 -> H + O3,6.815051921586213e-76
84.5,84,0.0050756640734905024,mesosphere,production,HSO + O2 -> HS + O3,4.2769903295465937e-82
84.5,84,0.0050756640734905024,mesosphere,production,O2 + O2 -> O + O3,4.5866645247680135e-90
84.5,84,0.0050756640734905024,mesosphere,production,H2CO + HO2 -> CH3 + O3,1.2630639859361668e-104
84.5,84,0.0050756640734905024,mesosphere,production,SO2 + O2 -> SO + O3,2.9672817048989378e-111
84.5,84,0.0050756640734905024,mesosphere,production,SO + O2 -> S + O3,7.718532442303242e-103
84.5,84,0.0050756640734905024,mesosphere,production,O2 + O2 -> O1D + O3,4.010357547374472e-133
84.5,84,0.0050756640734905024,mesosphere,production,OCS + O2 -> CS + O3,6.106561449547226e-155
84.5,84,0.0050756640734905024,mesosphere,loss,O3 + hv -> O + O2,43737.38177917885
84.5,84,0.0050756640734905024,mesosphere,loss,O3 + hv -> O1D + O2,245079.40301581548
84.5,84,0.0050756640734905024,mesosphere,loss,NO + O3 -> NO2 + O2,0.14818230970810903
84.5,84,0.0050756640734905024,mesosphere,loss,H + O3 -> OH + O2,382576.2679547271
84.5,84,0.0050756640734905024,mesosphere,loss,OH + O3 -> HO2 + O2,2.8435858911159073
84.5,84,0.0050756640734905024,mesosphere,loss,O + O3 -> O2 + O2,1269.4313152985046
84.5,84,0.0050756640734905024,mesosphere,loss,NO2 + O3 -> NO3 + O2,1.4990668083632098e-10
84.5,84,0.0050756640734905024,mesosphere,loss,O1D + O3 -> O2 + O2,0.24930304475694937
84.5,84,0.0050756640734905024,mesosphere,loss,O3 + M -> O + O2 + M,1.5126503184111126e-12
84.5,84,0.0050756640734905024,mesosphere,loss,CH3 + O3 -> H2CO + HO2,3.472280750407345e-06
84.5,84,0.0050756640734905024,mesosphere,loss,HS + O3 -> HSO + O2,8.269689179325899e-09
84.5,84,0.0050756640734905024,mesosphere,loss,SO + O3 -> SO2 + O2,0.00037850694867433665
84.5,84,0.0050756640734905024,mesosphere,loss,SO2 + O3 -> SO3 + O2,4.978329133370833e-16
84.5,84,0.0050756640734905024,mesosphere,loss,S + O3 -> SO + O2,1.2696272470725445e-06
84.5,84,0.0050756640734905024,mesosphere,loss,Cl + O3 -> ClO + O2,1.6715376654583962e-19
84.5,84,0.0050756640734905024,mesosphere,loss,CS + O3 -> OCS + O2,3.0329736709750304e-23
85.5,85,0.004312383062932498,mesosphere,production,O + O2 + M -> O3 + M,704453.1811628459
85.5,85,0.004312383062932498,mesosphere,production,NO3 + O2 -> NO2 + O3,3.339271054113725e-36
85.5,85,0.004312383062932498,mesosphere,production,HO2 + O2 -> OH + O3,1.698268919283866e-40
85.5,85,0.004312383062932498,mesosphere,production,ClO + O2 -> Cl + O3,3.230656427025266e-46
85.5,85,0.004312383062932498,mesosphere,production,NO2 + O2 -> NO + O3,1.6378579526251617e-52
85.5,85,0.004312383062932498,mesosphere,production,SO3 + O2 -> SO2 + O3,2.9673417739287044e-72
85.5,85,0.004312383062932498,mesosphere,production,OH + O2 -> H + O3,4.976397406368585e-76
85.5,85,0.004312383062932498,mesosphere,production,HSO + O2 -> HS + O3,1.944570880164969e-82
85.5,85,0.004312383062932498,mesosphere,production,O2 + O2 -> O + O3,4.8027129677570565e-90
85.5,85,0.004312383062932498,mesosphere,production,H2CO + HO2 -> CH3 + O3,6.744174241350755e-105
85.5,85,0.004312383062932498,mesosphere,production,SO2 + O2 -> SO + O3,3.3055551356106236e-111
85.5,85,0.004312383062932498,mesosphere,production,SO + O2 -> S + O3,1.2554742151295972e-102
85.5,85,0.004312383062932498,mesosphere,production,O2 + O2 -> O1D + O3,4.930020946313754e-133
85.5,85,0.004312383062932498,mesosphere,production,OCS + O2 -> CS + O3,8.480439319423804e-155
85.5,85,0.004312383062932498,mesosphere,loss,O3 + hv -> O + O2,46494.70185668307
85.5,85,0.004312383062932498,mesosphere,loss,O3 + hv -> O1D + O2,260551.50516227813
85.5,85,0.004312383062932498,mesosphere,loss,NO + O3 -> NO2 + O2,0.1424047143370069
85.5,85,0.004312383062932498,mesosphere,loss,H + O3 -> OH + O2,471792.2323151884
85.5,85,0.004312383062932498,mesosphere,loss,OH + O3 -> HO2 + O2,1.9411162021022763
85.5,85,0.004312383062932498,mesosphere,loss,O + O3 -> O2 + O2,2248.2970471588274
85.5,85,0.004312383062932498,mesosphere,loss,NO2 + O3 -> NO3 + O2,1.0039067859293716e-10
85.5,85,0.004312383062932498,mesosphere,loss,O1D + O3 -> O2 + O2,0.3386269501856414
85.5,85,0.004312383062932498,mesosphere,loss,O3 + M -> O + O2 + M,1.4962676425993218e-12
85.5,85,0.004312383062932498,mesosphere,loss,CH3 + O3 -> H2CO + HO2,2.8827265238509637e-06
85.5,85,0.004312383062932498,mesosphere,loss,HS + O3 -> HSO + O2,3.5628784276454985e-09
85.5,85,0.004312383062932498,mesosphere,loss,SO + O3 -> SO2 + O2,0.0005309672264342703
85.5,85,0.004312383062932498,mesosphere,loss,SO2 + O3 -> SO3 + O2,4.821238716469732e-16
85.5,85,0.004312383062932498,mesosphere,loss,S + O3 -> SO + O2,1.8486823084962594e-06
85.5,85,0.004312383062932498,mesosphere,loss,Cl + O3 -> ClO + O2,1.0521848902919583e-19
85.5,85,0.004312383062932498,mesosphere,loss,CS + O3 -> OCS + O2,3.389289040449934e-23
86.5,86,0.0036653648298844528,mesosphere,production,O + O2 + M -> O3 + M,757973.1141601299
86.5,86,0.0036653648298844528,mesosphere,production,NO3 + O2 -> NO2 + O3,1.8414133307036263e-36
86.5,86,0.0036653648298844528,mesosphere,production,HO2 + O2 -> OH + O3,8.482462024228667e-41
86.5,86,0.0036653648298844528,mesosphere,production,ClO + O2 -> Cl + O3,2.568766772172444e-46
86.5,86,0.0036653648298844528,mesosphere,production,NO2 + O2 -> NO + O3,1.1157034099333962e-52
86.5,86,0.0036653648298844528,mesosphere,production,SO3 + O2 -> SO2 + O3,3.259567072293597e-72
86.5,86,0.0036653648298844528,mesosphere,production,OH + O2 -> H + O3,3.459117642684207e-76
86.5,86,0.0036653648298844528,mesosphere,production,HSO + O2 -> HS + O3,8.550148840237296e-83
86.5,86,0.0036653648298844528,mesosphere,production,O2 + O2 -> O + O3,4.53976349050596e-90
86.5,86,0.0036653648298844528,mesosphere,production,H2CO + HO2 -> CH3 + O3,3.3079740968165203e-105
86.5,86,0.0036653648298844528,mesosphere,production,SO2 + O2 -> SO + O3,3.2144170430536455e-111
86.5,86,0.0036653648298844528,mesosphere,production,SO + O2 -> S + O3,1.702793475672968e-102
86.5,86,0.0036653648298844528,mesosphere,production,O2 + O2 -> O1D + O3,5.239205426410315e-133
86.5,86,0.0036653648298844528,mesosphere,production,OCS + O2 -> CS + O3,9.862729351610952e-155
86.5,86,0.0036653648298844528,mesosphere,loss,O3 + hv -> O + O2,46934.40862772575
86.5,86,0.0036653648298844528,mesosphere,loss,O3 + hv -> O1D + O2,263042.19802623254
86.5,86,0.0036653648298844528,mesosphere,loss,NO + O3 -> NO2 + O2,0.12916920667019943
86.5,86,0.0036653648298844528,mesosphere,loss,H + O3 -> OH + O2,521901.1666565263
86.5,86,0.0036653648298844528,mesosphere,loss,OH + O3 -> HO2 + O2,1.2970608527555831
86.5,86,0.0036653648298844528,mesosphere,loss,O + O3 -> O2 + O2,3446.9335882830383
86.5,86,0.0036653648298844528,mesosphere,loss,NO2 + O3 -> NO3 + O2,7.169802661348138e-11
86.5,86,0.0036653648298844528,mesosphere,loss,O1D + O3 -> O2 + O2,0.4161510381839985
86.5,86,0.0036653648298844528,mesosphere,loss,O3 + M -> O + O2 + M,1.371907614451958e-12
86.5,86,0.0036653648298844528,mesosphere,loss,CH3 + O3 -> H2CO + HO2,2.3266579022964828e-06
86.5,86,0.0036653648298844528,mesosphere,loss,HS + O3 -> HSO + O2,1.5210264920826006e-09
86.5,86,0.0036653648298844528,mesosphere,loss,SO + O3 -> SO2 + O2,0.0006526994549854238
86.5,86,0.0036653648298844528,mesosphere,loss,SO2 + O3 -> SO3 + O2,4.2740580183502787e-16
86.5,86,0.0036653648298844528,mesosphere,loss,S + O3 -> SO + O2,2.472097329668328e-06
86.5,86,0.0036653648298844528,mesosphere,loss,Cl + O3 -> ClO + O2,6.885692123204336e-20
86.5,86,0.0036653648298844528,mesosphere,loss,CS + O3 -> OCS + O2,3.618236886841953e-23
87.5,87,0.0031167081932963665,mesosphere,production,O + O2 + M -> O3 + M,755906.7698974618
87.5,87,0.0031167081932963665,mesosphere,production,NO3 + O2 -> NO2 + O3,1.034477056853874e-36
87.5,87,0.0031167081932963665,mesosphere,production,HO2 + O2 -> OH + O3,4.3714729837747993e-41
87.5,87,0.0031167081932963665,mesosphere,production,ClO + O2 -> Cl + O3,2.038126332603743e-46
87.5,87,0.0031167081932963665,mesosphere,production,NO2 + O2 -> NO + O3,7.7695655130335395e-53
87.5,87,0.0031167081932963665,mesosphere,production,SO3 + O2 -> SO2 + O3,3.362136132705655e-72
87.5,87,0.0031167081932963665,mesosphere,production,OH + O2 -> H + O3,2.450753932520574e-76
87.5,87,0.0031167081932963665,mesosphere,production,HSO + O2 -> HS + O3,3.908293913121585e-83
87.5,87,0.0031167081932963665,mesosphere,production,O2 + O2 -> O + O3,4.284066112676938e-90
87.5,87,0.0031167081932963665,mesosphere,production,H2CO + HO2 -> CH3 + O3,1.6790786139193198e-105
87.5,87,0.0031167081932963665,mesosphere,production,SO2 + O2 -> SO + O3,3.0590731818733935e-111
87.5,87,0.0031167081932963665,mesosphere,production,SO + O2 -> S + O3,2.1548976890171576e-102
87.5,87,0.0031167081932963665,mesosphere,production,O2 + O2 -> O1D + O3,5.557014224567098e-133
87.5,87,0.0031167081932963665,mesosphere,production,OCS + O2 -> CS + O3,1.111540926526689e-154
87.5,87,0.0031167081932963665,mesosphere,loss,O3 + hv -> O + O2,45185.27663295948
87.5,87,0.0031167081932963665,mesosphere,loss,O3 + hv -> O1D + O2,253269.632511847
87.5,87,0.0031167081932963665,mesosphere,loss,NO + O3 -> NO2 + O2,0.1089015189821982
87.5,87,0.0031167081932963665,mesosphere,loss,H + O3 -> OH + O2,527310.0733944277
87.5,87,0.0031167081932963665,mesosphere,loss,OH + O3 -> HO2 + O2,0.843354867826316
87.5,87,0.0031167081932963665,mesosphere,loss,O + O3 -> O2 + O2,4671.691263460667
87.5,87,0.0031167081932963665,mesosphere,loss,NO2 + O3 -> NO3 + O2,4.996507304128536e-11
87.5,87,0.0031167081932963665,mesosphere,loss,O1D + O3 -> O2 + O2,0.46751780359267764
87.5,87,0.0031167081932963665,mesosphere,loss,O3 + M -> O + O2 + M,1.1999685787205907e-12
87.5,87,0.0031167081932963665,mesosphere,loss,CH3 + O3 -> H2CO + HO2,1.8158251520152288e-06
87.5,87,0.0031167081932963665,mesosphere,loss,HS + O3 -> HSO + O2,6.445329236434643e-10
87.5,87,0.0031167081932963665,mesosphere,loss,SO + O3 -> SO2 + O2,0.0007148004570992514
87.5,87,0.0031167081932963665,mesosphere,loss,SO2 + O3 -> SO3 + O2,3.540478011215796e-16
87.5,87,0.0031167081932963665,mesosphere,loss,S + O3 -> SO + O2,3.032023030315903e-06
87.5,87,0.0031167081932963665,mesosphere,loss,Cl + O3 -> ClO + O2,4.623299615151187e-20
87.5,87,0.0031167081932963665,mesosphere,loss,CS + O3 -> OCS + O2,6.356550920884832e-23
88.5,88,0.002650784976126686,mesosphere,production,O + O2 + M -> O3 + M,717539.4880056322
88.5,88,0.002650784976126686,mesosphere,production,NO3 + O2 -> NO2 + O3,4.610773591308662e-37
88.5,88,0.002650784976126686,mesosphere,production,HO2 + O2 -> OH + O3,1.7239501663573958e-41
88.5,88,0.002650784976126686,mesosphere,production,ClO + O2 -> Cl + O3,1.2194803221072195e-46
88.5,88,0.002650784976126686,mesosphere,production,NO2 + O2 -> NO + O3,3.6829413379598667e-53
88.5,88,0.002650784976126686,mesosphere,production,SO3 + O2 -> SO2 + O3,1.9542080657507525e-72
88.5,88,0.002650784976126686,mesosphere,production,OH + O2 -> H + O3,1.0182889303473814e-76
88.5,88,0.002650784976126686,mesosphere,production,HSO + O2 -> HS + O3,1.096096080233494e-83
88.5,88,0.002650784976126686,mesosphere,production,O2 + O2 -> O + O3,2.0008624851476686e-90
88.5,88,0.002650784976126686,mesosphere,production,H2CO + HO2 -> CH3 + O3,4.675580079667553e-106
88.5,88,0.002650784976126686,mesosphere,production,SO2 + O2 -> SO + O3,1.3143493445877983e-111
88.5,88,0.002650784976126686,mesosphere,production,SO + O2 -> S + O3,1.2551864236658924e-102
88.5,88,0.002650784976126686,mesosphere,production,O2 + O2 -> O1D + O3,2.163249104963197e-133
88.5,88,0.002650784976126686,mesosphere,production,OCS + O2 -> CS + O3,4.7064454661314484e-155
88.5,88,0.002650784976126686,mesosphere,loss,O3 + hv -> O + O2,42527.52749891244
88.5,88,0.002650784976126686,mesosphere,loss,O3 + hv -> O1D + O2,238405.64756941103
88.5,88,0.002650784976126686,mesosphere,loss,NO + O3 -> NO2 + O2,0.08417070886479162
88.5,88,0.002650784976126686,mesosphere,loss,H + O3 -> OH + O2,501089.901850802
88.5,88,0.002650784976126686,mesosphere,loss,OH + O3 -> HO2 + O2,0.543928845758725
88.5,88,0.002650784976126686,mesosphere,loss,O + O3 -> O2 + O2,5651.314829439081
88.5,88,0.002650784976126686,mesosphere,loss,NO2 + O3 -> NO3 + O2,3.212431823266681e-11
88.5,88,0.002650784976126686,mesosphere,loss,O1D + O3 -> O2 + O2,0.5017987115065
88.5,88,0.002650784976126686,mesosphere,loss,O3 + M -> O + O2 + M,8.662598316906252e-13
88.5,88,0.002650784976126686,mesosphere,loss,CH3 + O3 -> H2CO + HO2,1.3867681718573253e-06
88.5,88,0.002650784976126686,mesosphere,loss,HS + O3 -> HSO + O2,2.7605017553914433e-10
88.5,88,0.002650784976126686,mesosphere,loss,SO + O3 -> SO2 + O2,0.0007082403693292231
88.5,88,0.002650784976126686,mesosphere,loss,SO2 + O3 -> SO3 + O2,2.564242427207956e-16
88.5,88,0.002650784976126686,mesosphere,loss,S + O3 -> SO + O2,3.4815182804121004e-06
88.5,88,0.002650784976126686,mesosphere,loss,Cl + O3 -> ClO + O2,3.149492702858227e-20
88.5,88,0.002650784976126686,mesosphere,loss,CS + O3 -> OCS + O2,2.949270508729384e-22
89.5,89,0.00225439169063686,mesosphere,production,O + O2 + M -> O3 + M,647396.2950203586
89.5,89,0.00225439169063686,mesosphere,production,NO3 + O2 -> NO2 + O3,1.8518579039639122e-37
89.5,89,0.00225439169063686,mesosphere,production,HO2 + O2 -> OH + O3,6.418433642533803e-42
89.5,89,0.00225439169063686,mesosphere,production,ClO + O2 -> Cl + O3,6.744500271457572e-47
89.5,89,0.00225439169063686,mesosphere,production,NO2 + O2 -> NO + O3,1.511387932411003e-53
89.5,89,0.00225439169063686,mesosphere,production,SO3 + O2 -> SO2 + O3,9.333405637556355e-73
89.5,89,0.00225439169063686,mesosphere,production,OH + O2 -> H + O3,3.669545622648896e-77
89.5,89,0.00225439169063686,mesosphere,production,HSO + O2 -> HS + O3,2.7536016782187116e-84
89.5,89,0.00225439169063686,mesosphere,production,O2 + O2 -> O + O3,7.720787377940253e-91
89.5,89,0.00225439169063686,mesosphere,production,H2CO + HO2 -> CH3 + O3,1.142207647072811e-106
89.5,89,0.00225439169063686,mesosphere,production,SO2 + O2 -> SO + O3,4.503984064577751e-112
89.5,89,0.00225439169063686,mesosphere,production,SO + O2 -> S + O3,5.755999763144236e-103
89.5,89,0.00225439169063686,mesosphere,production,O2 + O2 -> O1D + O3,6.420914734774313e-134
89.5,89,0.00225439169063686,mesosphere,production,OCS + O2 -> CS + O3,1.523376724704684e-155
89.5,89,0.00225439169063686,mesosphere,loss,O3 + hv -> O + O2,38854.68955505951
89.5,89,0.00225439169063686,mesosphere,loss,O3 + hv -> O1D + O2,217850.12027270763
89.5,89,0.00225439169063686,mesosphere,loss,NO + O3 -> NO2 + O2,0.05950156809481967
89.5,89,0.00225439169063686,mesosphere,loss,H + O3 -> OH + O2,448533.50507211365
89.5,89,0.00225439169063686,mesosphere,loss,OH + O3 -> HO2 + O2,0.34254361840553166
89.5,89,0.00225439169063686,mesosphere,loss,O + O3 -> O2 + O2,6244.993274266252
89.5,89,0.00225439169063686,mesosphere,loss,NO2 + O3 -> NO3 + O2,1.896851902690682e-11
89.5,89,0.00225439169063686,mesosphere,loss,O1D + O3 -> O2 + O2,0.510116168470364
89.5,89,0.00225439169063686,mesosphere,loss,O3 + M -> O + O2 + M,5.800042117614037e-13
89.5,89,0.00225439169063686,mesosphere,loss,CH3 + O3 -> H2CO + HO2,1.029225493932962e-06
89.5,89,0.00225439169063686,mesosphere,loss,HS + O3 -> HSO + O2,1.1839285630903195e-10
89.5,89,0.00225439169063686,mesosphere,loss,SO + O3 -> SO2 + O2,0.0006475867083469472
89.5,89,0.00225439169063686,mesosphere,loss,SO2 + O3 -> SO3 + O2,1.7293264085103061e-16
89.5,89,0.00225439169063686,mesosphere,loss,S + O3 -> SO + O2,3.750298683321296e-06
89.5,89,0.00225439169063686,mesosphere,loss,Cl + O3 -> ClO + O2,2.1560107040242433e-20
89.5,89,0.00225439169063686,mesosphere,loss,CS + O3 -> OCS + O2,1.5235411023429759e-21
90.5,90,0.0019171056846775736,mesosphere,production,O + O2 + M -> O3 + M,557671.5954096325
90.5,90,0.0019171056846775736,mesosphere,production,NO3 + O2 -> NO2 + O3,7.146565690886494e-38
90.5,90,0.0019171056846775736,mesosphere,production,HO2 + O2 -> OH + O3,2.4279851642447648e-42
90.5,90,0.0019171056846775736,mesosphere,production,ClO + O2 -> Cl + O3,3.7101357987002176e-47
90.5,90,0.0019171056846775736,mesosphere,production,NO2 + O2 -> NO + O3,5.962270213207304e-54
90.5,90,0.0019171056846775736,mesosphere,production,SO3 + O2 -> SO2 + O3,4.205883898381735e-73
90.5,90,0.0019171056846775736,mesosphere,production,OH + O2 -> H + O3,1.3185282540044169e-77
90.5,90,0.0019171056846775736,mesosphere,production,HSO + O2 -> HS + O3,7.081925218851686e-85
90.5,90,0.0019171056846775736,mesosphere,production,O2 + O2 -> O + O3,2.961255716993584e-91
90.5,90,0.0019171056846775736,mesosphere,production,H2CO + HO2 -> CH3 + O3,2.882483312561003e-107
90.5,90,0.0019171056846775736,mesosphere,production,SO2 + O2 -> SO + O3,1.5107700196289004e-112
90.5,90,0.0019171056846775736,mesosphere,production,SO + O2 -> S + O3,2.5327585860034937e-103
90.5,90,0.0019171056846775736,mesosphere,production,O2 + O2 -> O1D + O3,1.8917686645442092e-134
90.5,90,0.0019171056846775736,mesosphere,production,OCS + O2 -> CS + O3,4.8752604753567e-156
90.5,90,0.0019171056846775736,mesosphere,loss,O3 + hv -> O + O2,34468.57497509331
90.5,90,0.0019171056846775736,mesosphere,loss,O3 + hv -> O1D + O2,193291.3081993361
90.5,90,0.0019171056846775736,mesosphere,loss,NO + O3 -> NO2 + O2,0.03925186553710777
90.5,90,0.0019171056846775736,mesosphere,loss,H + O3 -> OH + O2,380395.847583013
90.5,90,0.0019171056846775736,mesosphere,loss,OH + O3 -> HO2 + O2,0.20967070166710833
90.5,90,0.0019171056846775736,mesosphere,loss,O + O3 -> O2 + O2,6406.129843491992
90.5,90,0.0019171056846775736,mesosphere,loss,NO2 + O3 -> NO3 + O2,1.0484823538790748e-11
90.5,90,0.0019171056846775736,mesosphere,loss,O1D + O3 -> O2 + O2,0.4933378182872944
90.5,90,0.0019171056846775736,mesosphere,loss,O3 + M -> O + O2 + M,3.7674102391831363e-13
90.5,90,0.0019171056846775736,mesosphere,loss,CH3 + O3 -> H2CO + HO2,7.413409549488316e-07
90.5,90,0.0019171056846775736,mesosphere,loss,HS + O3 -> HSO + O2,5.0667890070329475e-11
90.5,90,0.0019171056846775736,mesosphere,loss,SO + O3 -> SO2 + O2,0.000554220279202912
90.5,90,0.0019171056846775736,mesosphere,loss,SO2 + O3 -> SO3 + O2,1.113495801677182e-16
90.5,90,0.0019171056846775736,mesosphere,loss,S + O3 -> SO + O2,3.814582387349424e-06
90.5,90,0.0019171056846775736,mesosphere,loss,Cl + O3 -> ClO + O2,1.482096784391242e-20
90.5,90,0.0019171056846775736,mesosphere,loss,CS + O3 -> OCS + O2,6.1603780821967126e-21
91.5,91,0.0016299699901845266,mesosphere,production,O + O2 + M -> O3 + M,465794.90631760424
91.5,91,0.0016299699901845266,mesosphere,production,NO3 + O2 -> NO2 + O3,2.3909343750968216e-38
91.5,91,0.0016299699901845266,mesosphere,production,HO2 + O2 -> OH + O3,7.796164668097496e-43
91.5,91,0.0016299699901845266,mesosphere,production,ClO + O2 -> Cl + O3,1.716817030610084e-47
91.5,91,0.0016299699901845266,mesosphere,production,NO2 + O2 -> NO + O3,1.8587242058185727e-54
91.5,91,0.0016299699901845266,mesosphere,production,SO3 + O2 -> SO2 + O3,1.3206773794331257e-73
91.5,91,0.0016299699901845266,mesosphere,production,OH + O2 -> H + O3,3.402308941549559e-78
91.5,91,0.0016299699901845266,mesosphere,production,HSO + O2 -> HS + O3,1.362049068031832e-85
91.5,91,0.0016299699901845266,mesosphere,production,O2 + O2 -> O + O3,7.422235939728859e-92
91.5,91,0.0016299699901845266,mesosphere,production,H2CO + HO2 -> CH3 + O3,5.0839862481809074e-108
91.5,91,0.0016299699901845266,mesosphere,production,SO2 + O2 -> SO + O3,3.117679642127949e-113
91.5,91,0.0016299699901845266,mesosphere,production,SO + O2 -> S + O3,7.023678199999007e-104
91.5,91,0.0016299699901845266,mesosphere,production,O2 + O2 -> O1D + O3,3.042695091330716e-135
91.5,91,0.0016299699901845266,mesosphere,production,OCS + O2 -> CS + O3,8.745299538440818e-157
91.5,91,0.0016299699901845266,mesosphere,loss,O3 + hv -> O + O2,30109.593978755533
91.5,91,0.0016299699901845266,mesosphere,loss,O3 + hv -> O1D + O2,168878.28541725074
91.5,91,0.0016299699901845266,mesosphere,loss,NO + O3 -> NO2 + O2,0.024702912591411854
91.5,91,0.0016299699901845266,mesosphere,loss,H + O3 -> OH + O2,310375.6875899633
91.5,91,0.0016299699901845266,mesosphere,loss,OH + O3 -> HO2 + O2,0.12635793439907622
91.5,91,0.0016299699901845266,mesosphere,loss,O + O3 -> O2 + O2,6128.410278343711
91.5,91,0.0016299699901845266,mesosphere,loss,NO2 + O3 -> NO3 + O2,5.495571770364095e-12
91.5,91,0.0016299699901845266,mesosphere,loss,O1D + O3 -> O2 + O2,0.466968706077688
91.5,91,0.0016299699901845266,mesosphere,loss,O3 + M -> O + O2 + M,2.1754366876603303e-13
91.5,91,0.0016299699901845266,mesosphere,loss,CH3 + O3 -> H2CO + HO2,5.233617914611869e-07
91.5,91,0.0016299699901845266,mesosphere,loss,HS + O3 -> HSO + O2,2.1879886196432973e-11
91.5,91,0.0016299699901845266,mesosphere,loss,SO + O3 -> SO2 + O2,0.0004486015553051748
91.5,91,0.0016299699901845266,mesosphere,loss,SO2 + O3 -> SO3 + O2,6.56056271921513e-17
91.5,91,0.0016299699901845266,mesosphere,loss,S + O3 -> SO + O2,3.725358613884585e-06
91.5,91,0.0016299699901845266,mesosphere,loss,Cl + O3 -> ClO + O2,1.022836892017849e-20
91.5,91,0.0016299699901845266,mesosphere,loss,CS + O3 -> OCS + O2,1.9603738691818683e-20
92.5,92,0.00138534319121899,mesosphere,production,O + O2 + M -> O3 + M,376512.9598004754
92.5,92,0.00138534319121899,mesosphere,production,NO3 + O2 -> NO2 + O3,7.674566942900438e-39
92.5,92,0.00138534319121899,mesosphere,production,HO2 + O2 -> OH + O3,2.4169404899644012e-43
92.5,92,0.00138534319121899,mesosphere,production,ClO + O2 -> Cl + O3,7.565666688946212e-48
92.5,92,0.00138534319121899,mesosphere,production,NO2 + O2 -> NO + O3,5.431859926972048e-55
92.5,92,0.00138534319121899,mesosphere,production,SO3 + O2 -> SO2 + O3,3.646329103838669e-74
92.5,92,0.00138534319121899,mesosphere,production,OH + O2 -> H + O3,8.018760727142874e-79
92.5,92,0.00138534319121899,mesosphere,production,HSO + O2 -> HS + O3,2.4644572389650068e-86
92.5,92,0.00138534319121899,mesosphere,production,O2 + O2 -> O + O3,1.6622056443673027e-92
92.5,92,0.00138534319121899,mesosphere,production,H2CO + HO2 -> CH3 + O3,8.312827988267443e-109
92.5,92,0.00138534319121899,mesosphere,production,SO2 + O2 -> SO + O3,5.590402559713601e-114
92.5,92,0.00138534319121899,mesosphere,production,SO + O2 -> S + O3,1.6981551029167453e-104
92.5,92,0.00138534319121899,mesosphere,production,O2 + O2 -> O1D + O3,4.174268901397172e-136
92.5,92,0.00138534319121899,mesosphere,production,OCS + O2 -> CS + O3,1.3468713516922825e-157
92.5,92,0.00138534319121899,mesosphere,loss,O3 + hv -> O + O2,25744.69680058121
92.5,92,0.00138534319121899,mesosphere,loss,O3 + hv -> O1D + O2,144424.29408710322
92.5,92,0.00138534319121899,mesosphere,loss,NO + O3 -> NO2 + O2,0.015055518289393095
92.5,92,0.00138534319121899,mesosphere,loss,H + O3 -> OH + O2,243314.38801317848
92.5,92,0.00138534319121899,mesosphere,loss,OH + O3 -> HO2 + O2,0.07425578020547983
92.5,92,0.00138534319121899,mesosphere,loss,O + O3 -> O2 + O2,5529.884322850511
92.5,92,0.00138534319121899,mesosphere,loss,NO2 + O3 -> NO3 + O2,2.7852702277032206e-12
92.5,92,0.00138534319121899,mesosphere,loss,O1D + O3 -> O2 + O2,0.4333798513507699
92.5,92,0.00138534319121899,mesosphere,loss,O3 + M -> O + O2 + M,1.197120461587077e-13
92.5,92,0.00138534319121899,mesosphere,loss,CH3 + O3 -> H2CO + HO2,3.611360763004896e-07
92.5,92,0.00138534319121899,mesosphere,loss,HS + O3 -> HSO + O2,9.450695363185199e-12
92.5,92,0.00138534319121899,mesosphere,loss,SO + O3 -> SO2 + O2,0.0003459561281176931
92.5,92,0.00138534319121899,mesosphere,loss,SO2 + O3 -> SO3 + O2,3.6619417822318136e-17
92.5,92,0.00138534319121899,mesosphere,loss,S + O3 -> SO + O2,3.4912670068646575e-06
92.5,92,0.00138534319121899,mesosphere,loss,Cl + O3 -> ClO + O2,7.113513817049758e-21
92.5,92,0.00138534319121899,mesosphere,loss,CS + O3 -> OCS + O2,5.0086580672956723e-20
93.5,93,0.0011769780172509083,mesosphere,production,O + O2 + M -> O3 + M,295196.200146546
93.5,93,0.0011769780172509083,mesosphere,production,NO3 + O2 -> NO2 + O3,2.4423660742786194e-39
93.5,93,0.0011769780172509083,mesosphere,production,HO2 + O2 -> OH + O3,7.520495649393784e-44
93.5,93,0.0011769780172509083,mesosphere,production,ClO + O2 -> Cl + O3,3.298482076772912e-48
93.5,93,0.0011769780172509083,mesosphere,production,NO2 + O2 -> NO + O3,1.5708164858608396e-55
93.5,93,0.0011769780172509083,mesosphere,production,SO3 + O2 -> SO2 + O3,9.542024712606942e-75
93.5,93,0.0011769780172509083,mesosphere,production,OH + O2 -> H + O3,1.857758112940939e-79
93.5,93,0.0011769780172509083,mesosphere,production,HSO + O2 -> HS + O3,4.497030284467681e-87
93.5,93,0.0011769780172509083,mesosphere,production,O2 + O2 -> O + O3,3.6633633178617477e-93
93.5,93,0.0011769780172509083,mesosphere,production,H2CO + HO2 -> CH3 + O3,1.3730100754072899e-109
93.5,93,0.0011769780172509083,mesosphere,production,SO2 + O2 -> SO + O3,9.677308737007013e-115
93.5,93,0.0011769780172509083,mesosphere,production,SO + O2 -> S + O3,3.966408847024652e-105
93.5,93,0.0011769780172509083,mesosphere,production,O2 + O2 -> O1D + O3,5.606378239790375e-137
93.5,93,0.0011769780172509083,mesosphere,production,OCS + O2 -> CS + O3,2.0245912793487962e-158
93.5,93,0.0011769780172509083,mesosphere,loss,O3 + hv -> O + O2,21527.14866712706
93.5,93,0.0011769780172509083,mesosphere,loss,O3 + hv -> O1D + O2,120788.15536779769
93.5,93,0.0011769780172509083,mesosphere,loss,NO + O3 -> NO2 + O2,0.008949187219093465
93.5,93,0.0011769780172509083,mesosphere,loss,H + O3 -> OH + O2,183682.72386796898
93.5,93,0.0011769780172509083,mesosphere,loss,OH + O3 -> HO2 + O2,0.04243224188916232
93.5,93,0.0011769780172509083,mesosphere,loss,O + O3 -> O2 + O2,4740.786982112391
93.5,93,0.0011769780172509083,mesosphere,loss,NO2 + O3 -> NO3 + O2,1.3764775723312363e-12
93.5,93,0.0011769780172509083,mesosphere,loss,O1D + O3 -> O2 + O2,0.4021407154655096
93.5,93,0.0011769780172509083,mesosphere,loss,O3 + M -> O + O2 + M,6.420520268262302e-14
93.5,93,0.0011769780172509083,mesosphere,loss,CH3 + O3 -> H2CO + HO2,2.439866262359156e-07
93.5,93,0.0011769780172509083,mesosphere,loss,HS + O3 -> HSO + O2,4.070428148639677e-12
93.5,93,0.0011769780172509083,mesosphere,loss,SO + O3 -> SO2 + O2,0.00025562957423621327
93.5,93,0.0011769780172509083,mesosphere,loss,SO2 + O3 -> SO3 + O2,1.9565647901261502e-17
93.5,93,0.0011769780172509083,mesosphere,loss,S + O3 -> SO + O2,3.1479621804333876e-06
93.5,93,0.0011769780172509083,mesosphere,loss,Cl + O3 -> ClO + O2,5.020427144341954e-21
93.5,93,0.0011769780172509083,mesosphere,loss,CS + O3 -> OCS + O2,1.0553649559976625e-19
94.5,94,0.00099964371987468,mesosphere,production,O + O2 + M -> O3 + M,224160.25115784584
94.5,94,0.00099964371987468,mesosphere,production,NO3 + O2 -> NO2 + O3,8.304784889838473e-40
94.5,94,0.00099964371987468,mesosphere,production,HO2 + O2 -> OH + O3,2.596230143770882e-44
94.5,94,0.00099964371987468,mesosphere,production,ClO + O2 -> Cl + O3,1.5653608626617457e-48
94.5,94,0.00099964371987468,mesosphere,production,NO2 + O2 -> NO + O3,5.107873985210427e-56
94.5,94,0.00099964371987468,mesosphere,production,SO3 + O2 -> SO2 + O3,2.8363596547398155e-75
94.5,94,0.00099964371987468,mesosphere,production,OH + O2 -> H + O3,5.094000920533411e-80
94.5,94,0.00099964371987468,mesosphere,production,HSO + O2 -> HS + O3,9.867798813216706e-88
94.5,94,0.00099964371987468,mesosphere,production,O2 + O2 -> O + O3,1.01038031755397e-93
94.5,94,0.00099964371987468,mesosphere,production,H2CO + HO2 -> CH3 + O3,2.8552050459078144e-110
94.5,94,0.00099964371987468,mesosphere,production,SO2 + O2 -> SO + O3,2.1075753201992692e-115
94.5,94,0.00099964371987468,mesosphere,production,SO + O2 -> S + O3,1.145742077365193e-105
94.5,94,0.00099964371987468,mesosphere,production,O2 + O2 -> O1D + O3,1.0383774534384839e-137
94.5,94,0.00099964371987468,mesosphere,production,OCS + O2 -> CS + O3,4.1068606229014544e-159
94.5,94,0.00099964371987468,mesosphere,loss,O3 + hv -> O + O2,17518.149116017008
94.5,94,0.00099964371987468,mesosphere,loss,O3 + hv -> O1D + O2,98313.10856378742
94.5,94,0.00099964371987468,mesosphere,loss,NO + O3 -> NO2 + O2,0.005225634400921478
94.5,94,0.00099964371987468,mesosphere,loss,H + O3 -> OH + O2,133376.86842990536
94.5,94,0.00099964371987468,mesosphere,loss,OH + O3 -> HO2 + O2,0.02342278711919078
94.5,94,0.00099964371987468,mesosphere,loss,O + O3 -> O2 + O2,3891.977995881539
94.5,94,0.00099964371987468,mesosphere,loss,NO2 + O3 -> NO3 + O2,6.70855458522181e-13
94.5,94,0.00099964371987468,mesosphere,loss,O1D + O3 -> O2 + O2,0.38299771907477714
94.5,94,0.00099964371987468,mesosphere,loss,O3 + M -> O + O2 + M,3.539828968718983e-14
94.5,94,0.00099964371987468,mesosphere,loss,CH3 + O3 -> H2CO + HO2,1.614491037029319e-07
94.5,94,0.00099964371987468,mesosphere,loss,HS + O3 -> HSO + O2,1.7355313396897126e-12
94.5,94,0.00099964371987468,mesosphere,loss,SO + O3 -> SO2 + O2,0.0001815804219917761
94.5,94,0.00099964371987468,mesosphere,loss,SO2 + O3 -> SO3 + O2,1.0272868107021529e-17
94.5,94,0.00099964371987468,mesosphere,loss,S + O3 -> SO + O2,2.724690140270503e-06
94.5,94,0.00099964371987468,mesosphere,loss,Cl + O3 -> ClO + O2,3.621107135523343e-21
94.5,94,0.00099964371987468,mesosphere,loss,CS + O3 -> OCS + O2,1.8644737714622962e-19
95.5,95,0.0008488449394222533,mesosphere,production,O + O2 + M -> O3 + M,166039.4546829748
95.5,95,0.0008488449394222533,mesosphere,production,NO3 + O2 -> NO2 + O3,2.848232947202462e-40
95.5,95,0.0008488449394222533,mesosphere,production,HO2 + O2 -> OH + O3,9.157222094049803e-45
95.5,95,0.0008488449394222533,mesosphere,production,ClO + O2 -> Cl + O3,7.479527728002433e-49
95.5,95,0.0008488449394222533,mesosphere,production,NO2 + O2 -> NO + O3,1.688058978012432e-56
95.5,95,0.0008488449394222533,mesosphere,production,SO3 + O2 -> SO2 + O3,8.359282919497413e-76
95.5,95,0.0008488449394222533,mesosphere,production,OH + O2 -> H + O3,1.4199368074093148e-80
95.5,95,0.0008488449394222533,mesosphere,production,HSO + O2 -> HS + O3,2.251317852101106e-88
95.5,95,0.0008488449394222533,mesosphere,production,O2 + O2 -> O + O3,2.869019749751591e-94
95.5,95,0.0008488449394222533,mesosphere,production,H2CO + HO2 -> CH3 + O3,6.276949953809541e-111
95.5,95,0.0008488449394222533,mesosphere,production,SO2 + O2 -> SO + O3,4.648196888966911e-116
95.5,95,0.0008488449394222533,mesosphere,production,SO + O2 -> S + O3,3.3619869109796476e-106
95.5,95,0.0008488449394222533,mesosphere,production,O2 + O2 -> O1D + O3,2.0074544916180277e-138
95.5,95,0.0008488449394222533,mesosphere,production,OCS + O2 -> CS + O3,8.594851009394012e-160
95.5,95,0.0008488449394222533,mesosphere,loss,O3 + hv -> O + O2,13952.096165980494
95.5,95,0.0008488449394222533,mesosphere,loss,O3 + hv -> O1D + O2,78315.2898825324
95.5,95,0.0008488449394222533,mesosphere,loss,NO + O3 -> NO2 + O2,0.002993356059569572
95.5,95,0.0008488449394222533,mesosphere,loss,H + O3 -> OH + O2,93766.95881365416
95.5,95,0.0008488449394222533,mesosphere,loss,OH + O3 -> HO2 + O2,0.01256396999497285
95.5,95,0.0008488449394222533,mesosphere,loss,O + O3 -> O2 + O2,3061.8931698162387
95.5,95,0.0008488449394222533,mesosphere,loss,NO2 + O3 -> NO3 + O2,3.2088447006638014e-13
95.5,95,0.0008488449394222533,mesosphere,loss,O1D + O3 -> O2 + O2,0.39201853067272463
95.5,95,0.0008488449394222533,mesosphere,loss,O3 + M -> O + O2 + M,1.9245431046085865e-14
95.5,95,0.0008488449394222533,mesosphere,loss,CH3 + O3 -> H2CO + HO2,1.0573851376719281e-07
95.5,95,0.0008488449394222533,mesosphere,loss,HS + O3 -> HSO + O2,7.36336856371805e-13
95.5,95,0.0008488449394222533,mesosphere,loss,SO + O3 -> SO2 + O2,0.0001243790383930078
95.5,95,0.0008488449394222533,mesosphere,loss,SO2 + O3 -> SO3 + O2,5.1887328879033715e-18
95.5,95,0.0008488449394222533,mesosphere,loss,S + O3 -> SO + O2,2.2782733016276585e-06
95.5,95,0.0008488449394222533,mesosphere,loss,Cl + O3 -> ClO + O2,2.6950378395449823e-21
95.5,95,0.0008488449394222533,mesosphere,loss,CS + O3 -> OCS + O2,2.8437963700883176e-19
96.5,96,0.0007206243840646686,mesosphere,production,O + O2 + M -> O3 + M,120265.21950299255
96.5,96,0.0007206243840646686,mesosphere,production,NO3 + O2 -> NO2 + O3,9.749564515485487e-41
96.5,96,0.0007206243840646686,mesosphere,production,HO2 + O2 -> OH + O3,3.245898433870594e-45
96.5,96,0.0007206243840646686,mesosphere,production,ClO + O2 -> Cl + O3,3.540478940375467e-49
96.5,96,0.0007206243840646686,mesosphere,production,NO2 + O2 -> NO + O3,5.560580969534225e-57
96.5,96,0.0007206243840646686,mesosphere,production,SO3 + O2 -> SO2 + O3,2.39459461014335e-76
96.5,96,0.0007206243840646686,mesosphere,production,OH + O2 -> H + O3,3.8982975871420486e-81
96.5,96,0.0007206243840646686,mesosphere,production,HSO + O2 -> HS + O3,5.187011356483548e-89
96.5,96,0.0007206243840646686,mesosphere,production,O2 + O2 -> O + O3,8.059629333412487e-95
96.5,96,0.0007206243840646686,mesosphere,production,H2CO + HO2 -> CH3 + O3,1.4186141199671998e-111
96.5,96,0.0007206243840646686,mesosphere,production,SO2 + O2 -> SO + O3,9.914207780980785e-117
96.5,96,0.0007206243840646686,mesosphere,production,SO + O2 -> S + O3,9.637874105923945e-107
96.5,96,0.0007206243840646686,mesosphere,production,O2 + O2 -> O1D + O3,3.826497414255246e-139
96.5,96,0.0007206243840646686,mesosphere,production,OCS + O2 -> CS + O3,1.744497243868268e-160
96.5,96,0.0007206243840646686,mesosphere,loss,O3 + hv -> O + O2,10882.057870869286
96.5,96,0.0007206243840646686,mesosphere,loss,O3 + hv -> O1D + O2,61094.15883024854
96.5,96,0.0007206243840646686,mesosphere,loss,NO + O3 -> NO2 + O2,0.0016828159315121463
96.5,96,0.0007206243840646686,mesosphere,loss,H + O3 -> OH + O2,63944.437657692564
96.5,96,0.0007206243840646686,mesosphere,loss,OH + O3 -> HO2 + O2,0.006549900133299021
96.5,96,0.0007206243840646686,mesosphere,loss,O + O3 -> O2 + O2,2309.6008253791397
96.5,96,0.0007206243840646686,mesosphere,loss,NO2 + O3 -> NO3 + O2,1.5058620781707602e-13
96.5,96,0.0007206243840646686,mesosphere,loss,O1D + O3 -> O2 + O2,0.44271911012937204
96.5,96,0.0007206243840646686,mesosphere,loss,O3 + M -> O + O2 + M,1.0224553790476193e-14
96.5,96,0.0007206243840646686,mesosphere,loss,CH3 + O3 -> H2CO + HO2,6.923510910375019e-08
96.5,96,0.0007206243840646686,mesosphere,loss,HS + O3 -> HSO + O2,3.1122252462101886e-13
96.5,96,0.0007206243840646686,mesosphere,loss,SO + O3 -> SO2 + O2,8.22733264102673e-05
96.5,96,0.0007206243840646686,mesosphere,loss,SO2 + O3 -> SO3 + O2,2.5048936781169852e-18
96.5,96,0.0007206243840646686,mesosphere,loss,S + O3 -> SO + O2,1.8433498857099879e-06
96.5,96,0.0007206243840646686,mesosphere,loss,Cl + O3 -> ClO + O2,2.0949008680051375e-21
96.5,96,0.0007206243840646686,mesosphere,loss,CS + O3 -> OCS + O2,3.822387127613588e-19
97.5,97,0.0006118837605167105,mesosphere,production,O + O2 + M -> O3 + M,82650.3295065791
97.5,97,0.0006118837605167105,mesosphere,production,NO3 + O2 -> NO2 + O3,5.386613626314676e-41
97.5,97,0.0006118837605167105,mesosphere,production,HO2 + O2 -> OH + O3,2.175979664268064e-45
97.5,97,0.0006118837605167105,mesosphere,production,ClO + O2 -> Cl + O3,3.0155025832762814e-49
97.5,97,0.0006118837605167105,mesosphere,production,NO2 + O2 -> NO + O3,4.108568231899457e-57
97.5,97,0.0006118837605167105,mesosphere,production,SO3 + O2 -> SO2 + O3,2.0187446791502796e-76
97.5,97,0.0006118837605167105,mesosphere,production,OH + O2 -> H + O3,3.3740620652257523e-81
97.5,97,0.0006118837605167105,mesosphere,production,HSO + O2 -> HS + O3,3.650532345919375e-89
97.5,97,0.0006118837605167105,mesosphere,production,O2 + O2 -> O + O3,1.0001950754637469e-94
97.5,97,0.0006118837605167105,mesosphere,production,H2CO + HO2 -> CH3 + O3,1.3140037148178085e-111
97.5,97,0.0006118837605167105,mesosphere,production,SO2 + O2 -> SO + O3,1.0718913409097203e-116
97.5,97,0.0006118837605167105,mesosphere,production,SO + O2 -> S + O3,1.233567021583761e-106
97.5,97,0.0006118837605167105,mesosphere,production,O2 + O2 -> O1D + O3,6.071152053697076e-139
97.5,97,0.0006118837605167105,mesosphere,production,OCS + O2 -> CS + O3,2.6214928155085642e-160
97.5,97,0.0006118837605167105,mesosphere,loss,O3 + hv -> O + O2,8014.78612750772
97.5,97,0.0006118837605167105,mesosphere,loss,O3 + hv -> O1D + O2,45004.89737876254
97.5,97,0.0006118837605167105,mesosphere,loss,NO + O3 -> NO2 + O2,0.0009789809255098655
97.5,97,0.0006118837605167105,mesosphere,loss,H + O3 -> OH + O2,41185.21930591019
97.5,97,0.0006118837605167105,mesosphere,loss,OH + O3 -> HO2 + O2,0.0031890223845215185
97.5,97,0.0006118837605167105,mesosphere,loss,O + O3 -> O2 + O2,1706.6821442309363
97.5,97,0.0006118837605167105,mesosphere,loss,NO2 + O3 -> NO3 + O2,7.508652511800755e-14
97.5,97,0.0006118837605167105,mesosphere,loss,O1D + O3 -> O2 + O2,0.5355939070320641
97.5,97,0.0006118837605167105,mesosphere,loss,O3 + M -> O + O2 + M,7.351326051506323e-15
97.5,97,0.0006118837605167105,mesosphere,loss,CH3 + O3 -> H2CO + HO2,4.46924714648477e-08
97.5,97,0.0006118837605167105,mesosphere,loss,HS + O3 -> HSO + O2,1.2593342048971636e-13
97.5,97,0.0006118837605167105,mesosphere,loss,SO + O3 -> SO2 + O2,5.2357003557372496e-05
97.5,97,0.0006118837605167105,mesosphere,loss,SO2 + O3 -> SO3 + O2,1.3630756131090295e-18
97.5,97,0.0006118837605167105,mesosphere,loss,S + O3 -> SO + O2,1.394859200397886e-06
97.5,97,0.0006118837605167105,mesosphere,loss,Cl + O3 -> ClO + O2,1.662193947122081e-21
97.5,97,0.0006118837605167105,mesosphere,loss,CS + O3 -> OCS + O2,4.348882970808962e-19
98.5,98,0.0005198913819024242,mesosphere,production,O + O2 + M -> O3 + M,55557.83095188515
98.5,98,0.0005198913819024242,mesosphere,production,NO3 + O2 -> NO2 + O3,3.1506614896505644e-41
98.5,98,0.0005198913819024242,mesosphere,production,HO2 + O2 -> OH + O3,1.5379360065872148e-45
98.5,98,0.0005198913819024242,mesosphere,production,ClO + O2 -> Cl + O3,2.6502110941454893e-49
98.5,98,0.0005198913819024242,mesosphere,production,NO2 + O2 -> NO + O3,3.2755631002552216e-57
98.5,98,0.0005198913819024242,mesosphere,production,SO3 + O2 -> SO2 + O3,1.8408687545820877e-76
98.5,98,0.0005198913819024242,mesosphere,production,OH + O2 -> H + O3,3.1151030964965614e-81
98.5,98,0.0005198913819024242,mesosphere,production,HSO + O2 -> HS + O3,2.8083477980087394e-89
98.5,98,0.0005198913819024242,mesosphere,production,O2 + O2 -> O + O3,1.3572766460606338e-94
98.5,98,0.0005198913819024242,mesosphere,production,H2CO + HO2 -> CH3 + O3,1.4285717074190898e-111
98.5,98,0.0005198913819024242,mesosphere,production,SO2 + O2 -> SO + O3,1.2588574206645246e-116
98.5,98,0.0005198913819024242,mesosphere,production,SO + O2 -> S + O3,1.7051232531506168e-106
98.5,98,0.0005198913819024242,mesosphere,production,O2 + O2 -> O1D + O3,1.0937326398956696e-138
98.5,98,0.0005198913819024242,mesosphere,production,OCS + O2 -> CS + O3,4.3575697965976734e-160
98.5,98,0.0005198913819024242,mesosphere,loss,O3 + hv -> O + O2,5766.734951196058
98.5,98,0.0005198913819024242,mesosphere,loss,O3 + hv -> O1D + O2,32387.465209567174
98.5,98,0.0005198913819024242,mesosphere,loss,NO + O3 -> NO2 + O2,0.0005746499760052887
98.5,98,0.0005198913819024242,mesosphere,loss,H + O3 -> OH + O2,25738.417712085924
98.5,98,0.0005198913819024242,mesosphere,loss,OH + O3 -> HO2 + O2,0.0015094600017149596
98.5,98,0.0005198913819024242,mesosphere,loss,O + O3 -> O2 + O2,1210.1280529640364
98.5,98,0.0005198913819024242,mesosphere,loss,NO2 + O3 -> NO3 + O2,3.7860050729793954e-14
98.5,98,0.0005198913819024242,mesosphere,loss,O1D + O3 -> O2 + O2,0.7377916850410117
98.5,98,0.0005198913819024242,mesosphere,loss,O3 + M -> O + O2 + M,5.278479331208822e-15
98.5,98,0.0005198913819024242,mesosphere,loss,CH3 + O3 -> H2CO + HO2,2.987337031042115e-08
98.5,98,0.0005198913819024242,mesosphere,loss,HS + O3 -> HSO + O2,5.093538967869826e-14
98.5,98,0.0005198913819024242,mesosphere,loss,SO + O3 -> SO2 + O2,3.217971075406086e-05
98.5,98,0.0005198913819024242,mesosphere,loss,SO2 + O3 -> SO3 + O2,7.2190088057575395e-19
98.5,98,0.0005198913819024242,mesosphere,loss,S + O3 -> SO + O2,1.0175536309664237e-06
98.5,98,0.0005198913819024242,mesosphere,loss,Cl + O3 -> ClO + O2,1.313243585958984e-21
98.5,98,0.0005198913819024242,mesosphere,loss,CS + O3 -> OCS + O2,4.53236986734734e-19
99.5,99,0.0004419548212519412,mesosphere,production,O + O2 + M -> O3 + M,36321.02445714241
99.5,99,0.0004419548212519412,mesosphere,production,NO3 + O2 -> NO2 + O3,2.2120338479079213e-41
99.5,99,0.0004419548212519412,mesosphere,production,HO2 + O2 -> OH + O3,1.1649081526904724e-45
99.5,99,0.0004419548212519412,mesosphere,production,ClO + O2 -> Cl + O3,2.4244833796930344e-49
99.5,99,0.0004419548212519412,mesosphere,production,NO2 + O2 -> NO + O3,3.2090271341876105e-57
99.5,99,0.0004419548212519412,mesosphere,production,SO3 + O2 -> SO2 + O3,1.89346112012431e-76
99.5,99,0.0004419548212519412,mesosphere,production,OH + O2 -> H + O3,3.1334612546273016e-81
99.5,99,0.0004419548212519412,mesosphere,production,HSO + O2 -> HS + O3,2.4214478319620956e-89
99.5,99,0.0004419548212519412,mesosphere,production,O2 + O2 -> O + O3,2.0582428930247102e-94
99.5,99,0.0004419548212519412,mesosphere,production,H2CO + HO2 -> CH3 + O3,2.0078275885665353e-111
99.5,99,0.0004419548212519412,mesosphere,production,SO2 + O2 -> SO + O3,1.6974727382607088e-116
99.5,99,0.0004419548212519412,mesosphere,production,SO + O2 -> S + O3,2.5904263544476537e-106
99.5,99,0.0004419548212519412,mesosphere,production,O2 + O2 -> O1D + O3,2.3053108294891605e-138
99.5,99,0.0004419548212519412,mesosphere,production,OCS + O2 -> CS + O3,8.297497202256467e-160
99.5,99,0.0004419548212519412,mesosphere,loss,O3 + hv -> O + O2,4036.958125014008
99.5,99,0.0004419548212519412,mesosphere,loss,O3 + hv -> O1D + O2,22677.457934474012
99.5,99,0.0004419548212519412,mesosphere,loss,NO + O3 -> NO2 + O2,0.0003820543828569016
99.5,99,0.0004419548212519412,mesosphere,loss,H + O3 -> OH + O2,15539.711092557753
99.5,99,0.0004419548212519412,mesosphere,loss,OH + O3 -> HO2 + O2,0.0006951533744968196
99.5,99,0.0004419548212519412,mesosphere,loss,O + O3 -> O2 + O2,815.3985637309139
99.5,99,0.0004419548212519412,mesosphere,loss,NO2 + O3 -> NO3 + O2,2.1673132970008264e-14
99.5,99,0.0004419548212519412,mesosphere,loss,O1D + O3 -> O2 + O2,1.3660182588869496
99.5,99,0.0004419548212519412,mesosphere,loss,O3 + M -> O + O2 + M,3.7867606895418745e-15
99.5,99,0.0004419548212519412,mesosphere,loss,CH3 + O3 -> H2CO + HO2,2.2009383816109533e-08
99.5,99,0.0004419548212519412,mesosphere,loss,HS + O3 -> HSO + O2,2.0704300048022657e-14
99.5,99,0.0004419548212519412,mesosphere,loss,SO + O3 -> SO2 + O2,1.8969520711527296e-05
99.5,99,0.0004419548212519412,mesosphere,loss,SO2 + O3 -> SO3 + O2,3.839477960547949e-19
99.5,99,0.0004419548212519412,mesosphere,loss,S + O3 -> SO + O2,7.104226293409793e-07
99.5,99,0.0004419548212519412,mesosphere,loss,Cl + O3 -> ClO + O2,9.534562601417906e-22
99.5,99,0.0004419548212519412,mesosphere,loss,CS + O3 -> OCS + O2,5.397856098622026e-19
