alt           press         den           temp          eddy          H2Oaer        CO2aer        S8aer         H2SO4aer      NH3aer        N2Oaer        C2H2aer       C2H4aer       C2H6aer       CH3CNaer      HCCCNaer      HCNaer        CH4aer        HCaer1        HCaer2        HCaer3        He            H             H2            H2O           OH            O             O2            CO            CO2           HCO           H2CO          C             CH            CH2           CH3           CH4           S             S2            S3            S4            S8            H2S           HS            SO            SO2           CS            CS2           OCS           CN            HCN           N             N2            NH            NH2           NH3           C2            C2H           C2H2          C2H4          NO            HNO           HO2           HNCO          N2O           H2O2          O3            NO2           NO3           SO3           HNO2          HNO3          H2SO4         HCl           Cl            Cl2           HOCl          N2H4          ClO           C2H6          CH3OH         CH2CO         CH3CHO        C3H4          C3H6          C4H2          C4H4          OClO          HCS           C2H3          C2H5          NCO           1CH2          HCCO          NNH           HSO           CH3O          H2COH         H2CN          N2H2          C4H           HCNOH         C2H2OH        CH3CO         CH2CHO        C2H3OH        C2H4OH        CH3O2         HSO3          O1D           N2H3          NH2CO         HS4           C4H3          CH2N2         N2D           CH2CN         CH3CN         HCCCN         H2Oaer_r      CO2aer_r      S8aer_r       H2SO4aer_r    NH3aer_r      N2Oaer_r      C2H2aer_r     C2H4aer_r     C2H6aer_r     CH3CNaer_r    HCCCNaer_r    HCNaer_r      CH4aer_r      HCaer1_r      HCaer2_r      HCaer3_r      
5.00000E-001  1.00812E+000  2.57816E+019  2.83217E+002  1.00000E+005  5.65131E-004  1.00000E-040  1.00000E-040  3.45301E-030  1.00000E-040  1.00000E-040  1.00000E-040  1.00000E-040  1.00000E-040  1.00000E-040  1.00000E-040  1.00000E-040  1.00000E-040  1.00000E-040  1.32897E-021  1.00000E-040  1.00000E-040  1.52697E-019  4.95971E-007  4.92684E-003  6.60324E-014  2.86913E-015  2.11016E-003  3.28129E-008  2.81712E-004  1.85078E-020  1.79362E-010  1.00000E-040  1.00000E-040  4.24618E-029  4.61233E-018  8.01490E-007  3.65033E-024  1.40973E-022  1.28988E-035  1.21396E-034  1.00000E-040  5.92911E-012  3.39542E-017  1.06807E-016  2.92111E-011  3.23079E-039  1.00000E-040  3.34285E-010  1.12524E-032  4.87490E-011  4.68165E-027  9.92680E-001  1.75794E-021  5.12021E-014  5.09141E-010  2.38898E-039  1.00000E-040  5.07966E-026  1.56228E-021  2.14138E-012  2.23912E-014  1.36042E-011  1.09485E-014  2.70800E-007  1.27082E-009  1.51008E-008  1.01378E-011  4.46181E-014  2.88027E-019  3.12379E-012  1.72390E-011  2.93655E-011  1.00000E-040  1.00000E-040  1.00000E-040  1.00000E-040  2.87969E-013  1.00000E-040  7.45482E-020  9.59310E-016  3.17675E-023  4.79626E-022  1.06315E-031  6.43800E-034  1.23016E-030  5.06321E-037  1.00000E-040  8.11676E-039  1.06403E-034  1.85511E-022  2.04346E-016  9.86005E-033  5.68885E-034  1.21081E-022  2.34018E-015  1.15466E-016  3.29446E-015  5.99021E-023  8.89340E-011  1.00000E-040  7.83458E-019  6.79285E-039  1.61037E-023  1.35945E-024  1.73791E-016  2.99473E-022  2.33651E-011  2.75280E-021  2.83648E-022  1.53116E-013  3.25779E-014  1.33942E-039  2.60405E-036  4.04791E-021  1.00000E-040  4.35066E-021  3.49372E-011  1.93580E-034  1.00000E-003  1.00000E-005  1.00000E-005  1.00000E-005  1.00000E-005  1.00000E-005  1.00000E-005  1.00000E-005  1.00000E-005  1.00000E-005  1.00000E-005  1.00000E-005  1.00000E-005  1.00000E-005  1.00000E-005  1.00000E-005  
1.50000E+000  8.94664E-001  2.34294E+019  2.76577E+002  1.00000E+005  7.37366E-004  1.00000E-040  1.00000E-040  4.02305E-027  1.00000E-040  1.00000E-040  1.00000E-040  1.00000E-040  1.00000E-040  1.00000E-040  1.00000E-040  1.00000E-040  1.00000E-040  1.00000E-040  7.34771E-022  1.00000E-040  1.00000E-040  1.40950E-019  4.96654E-007  3.65701E-003  6.40345E-014  3.55444E-015  2.11285E-003  3.15967E-008  2.82075E-004  1.15858E-020  1.04616E-010  1.00000E-040  1.00000E-040  3.27398E-029  3.85918E-018  8.00058E-007  1.18811E-023  1.46527E-022  9.14180E-036  7.60542E-035  1.00000E-040  2.75678E-012  1.51757E-017  7.83609E-017  6.13141E-011  6.02494E-039  1.00000E-040  3.31325E-010  6.26870E-033  4.86083E-011  9.42752E-027  9.93946E-001  2.68262E-021  1.19729E-013  4.46383E-010  1.14031E-038  1.00000E-040  4.78275E-026  1.51073E-021  8.52498E-014  3.50852E-014  1.30032E-011  8.93393E-015  2.70581E-007  1.36531E-009  1.60135E-008  1.57467E-012  2.45245E-014  1.93430E-019  1.37917E-012  2.14267E-011  3.33540E-011  1.00000E-040  1.00000E-040  1.00000E-040  1.00000E-040  8.04103E-013  1.00000E-040  7.39999E-020  8.96675E-016  3.59777E-023  4.40196E-022  1.06461E-031  4.93854E-034  1.23173E-030  3.87887E-037  1.00000E-040  1.61741E-038  9.35960E-035  1.12981E-022  1.26251E-015  7.06736E-033  6.93618E-034  1.52184E-022  1.60086E-015  7.24231E-017  4.15089E-015  3.76561E-023  9.13539E-011  1.00000E-040  1.26198E-018  6.90599E-039  1.82418E-023  1.10998E-024  1.74013E-016  2.93004E-022  2.51471E-010  5.83156E-021  3.79623E-022  3.58424E-013  3.27440E-014  5.78820E-040  2.61041E-036  2.60486E-021  1.00000E-040  3.40101E-021  3.45843E-011  1.93775E-034  1.00000E-003  1.00000E-005  1.00000E-005  1.00000E-005  1.00000E-005  1.00000E-005  1.00000E-005  1.00000E-005  1.00000E-005  1.00000E-005  1.00000E-005  1.00000E-005  1.00000E-005  1.00000E-005  1.00000E-005  1.00000E-005  
2.50000E+000  7.92344E-001  2.11190E+019  2.71742E+002  1.00000E+005  4.94969E-004  1.00000E-040  1.00000E-040  4.20468E-024  1.00000E-040  1.00000E-040  1.00000E-040  1.00000E-040  1.00000E-040  1.00000E-040  1.00000E-040  1.00000E-040  1.00000E-040  1.00000E-040  8.64201E-022  1.00000E-040  1.00000E-040  1.66502E-019  4.97117E-007  2.82381E-003  7.72891E-014  4.71670E-015  2.11461E-003  3.02586E-008  2.82314E-004  9.36233E-021  7.01356E-011  1.00000E-040  1.00000E-040  4.20760E-029  4.30289E-018  7.98633E-007  2.04388E-023  1.50014E-022  2.56285E-035  2.39902E-034  1.00000E-040  1.24815E-012  7.98713E-018  6.94143E-017  4.22719E-011  1.13292E-038  1.00000E-040  3.28004E-010  4.95668E-033  4.84733E-011  2.02749E-026  9.94778E-001  3.81526E-021  1.43130E-013  3.86882E-010  4.08806E-038  1.00000E-040  4.32407E-026  1.38141E-021  1.57496E-014  4.81275E-014  1.27561E-011  8.34839E-015  2.70183E-007  1.38874E-009  1.75710E-008  4.12606E-013  1.38147E-014  1.41741E-019  5.79451E-013  2.05345E-011  3.44518E-011  1.00000E-040  1.00000E-040  1.00000E-040  1.00000E-040  9.86693E-013  1.00000E-040  7.34144E-020  8.33178E-016  4.55008E-023  4.09168E-022  1.06570E-031  3.40269E-034  1.23276E-030  2.56542E-037  1.00000E-040  2.82085E-038  9.85672E-035  1.01915E-022  4.80441E-015  8.59340E-033  8.62331E-034  2.26380E-022  1.23257E-015  6.22724E-017  4.71924E-015  2.95633E-023  9.42662E-011  1.00000E-040  2.17079E-018  8.17474E-039  2.44431E-023  9.28100E-025  1.74159E-016  2.71929E-022  4.35349E-010  4.98415E-021  5.15359E-022  4.56828E-013  3.28715E-014  1.00000E-040  2.60099E-036  2.49524E-021  1.00000E-040  2.49011E-021  3.42656E-011  1.93614E-034  1.00000E-003  1.00000E-005  1.00000E-005  1.00000E-005  1.00000E-005  1.00000E-005  1.00000E-005  1.00000E-005  1.00000E-005  1.00000E-005  1.00000E-005  1.00000E-005  1.00000E-005  1.00000E-005  1.00000E-005  1.00000E-005  
3.50000E+000  7.00202E-001  1.90267E+019  2.66549E+002  1.00000E+005  4.68933E-004  1.00000E-040  1.00000E-040  2.30973E-021  1.00000E-040  1.00000E-040  1.00000E-040  1.00000E-040  1.00000E-040  1.00000E-040  1.00000E-040  1.00000E-040  1.00000E-040  1.00000E-040  5.82403E-022  1.00000E-040  1.00000E-040  1.96841E-019  4.97607E-007  2.06041E-003  8.90706E-014  6.54770E-015  2.11622E-003  2.89852E-008  2.82533E-004  1.04316E-020  6.69034E-011  1.00000E-040  1.00000E-040  4.83699E-029  4.50036E-018  7.97514E-007  3.19762E-023  1.48449E-022  8.54413E-036  5.75943E-035  1.00000E-040  5.58239E-013  3.91214E-018  7.09848E-017  2.90317E-011  1.71479E-038  1.00000E-040  3.24437E-010  3.57122E-033  4.83600E-011  4.07779E-026  9.95539E-001  5.05510E-021  1.52856E-013  3.30895E-010  1.30326E-037  1.00000E-040  3.77532E-026  1.22694E-021  1.16578E-014  6.35003E-014  1.31723E-011  7.17947E-015  2.69701E-007  1.36129E-009  2.02588E-008  2.73307E-013  1.22926E-014  9.33204E-020  2.55029E-013  1.91124E-011  3.16906E-011  1.00000E-040  1.00000E-040  1.00000E-040  1.00000E-040  9.81685E-013  1.00000E-040  7.25793E-020  7.76572E-016  5.90723E-023  3.69154E-022  1.06685E-031  2.08589E-034  1.23371E-030  1.66089E-037  1.00000E-040  4.29236E-038  9.59133E-035  9.55307E-023  7.30490E-015  9.28769E-033  1.07847E-033  3.27353E-022  9.69437E-016  8.17224E-017  5.57291E-015  2.37380E-023  9.69292E-011  1.00000E-040  3.74706E-018  9.00628E-039  3.18924E-023  7.79877E-025  1.74292E-016  2.37400E-022  4.43445E-010  4.06702E-021  7.20174E-022  4.69570E-013  3.29613E-014  2.45148E-040  2.55507E-036  2.22348E-021  1.00000E-040  1.68948E-021  3.39918E-011  1.93177E-034  1.00000E-003  1.00000E-005  1.00000E-005  1.00000E-005  1.00000E-005  1.00000E-005  1.00000E-005  1.00000E-005  1.00000E-005  1.00000E-005  1.00000E-005  1.00000E-005  1.00000E-005  1.00000E-005  1.00000E-005  1.00000E-005  
4.50000E+000  6.17237E-001  1.71549E+019  2.60603E+002  1.00000E+005  4.22647E-004  1.00000E-040  1.00000E-040  1.17304E-018  1.00000E-040  1.00000E-040  1.00000E-040  1.00000E-040  1.00000E-040  1.00000E-040  1.00000E-040  1.00000E-040  1.00000E-040  1.00000E-040  3.37266E-022  1.00000E-040  1.00000E-040  2.23579E-019  4.98087E-007  1.39324E-003  9.89571E-014  9.32597E-015  2.11762E-003  2.77796E-008  2.82724E-004  1.14478E-020  6.44219E-011  1.00000E-040  1.00000E-040  4.94041E-029  4.37547E-018  7.96664E-007  4.70868E-023  1.40413E-022  7.74085E-036  4.40696E-035  1.00000E-040  2.49945E-013  1.89222E-018  8.71249E-017  2.01730E-011  2.13437E-038  1.00000E-040  3.20632E-010  2.27038E-033  4.82681E-011  8.49982E-026  9.96205E-001  6.69189E-021  1.60652E-013  2.78819E-010  3.87314E-037  1.00000E-040  3.20334E-026  1.05764E-021  1.62130E-014  8.28510E-014  1.32435E-011  5.84498E-015  2.69125E-007  1.29102E-009  2.42357E-008  2.73702E-013  1.24846E-014  5.70415E-020  1.42310E-013  1.80464E-011  2.68089E-011  1.00000E-040  1.00000E-040  1.00000E-040  1.00000E-040  9.47640E-013  1.00000E-040  7.14036E-020  7.18383E-016  7.77590E-023  3.21028E-022  1.06804E-031  1.12668E-034  1.23455E-030  1.04450E-037  1.00000E-040  5.75172E-038  8.66649E-035  8.58285E-023  7.32440E-015  8.81262E-033  1.36351E-033  4.72623E-022  8.49664E-016  1.00736E-016  6.83885E-015  1.76831E-023  9.91628E-011  1.00000E-040  6.86292E-018  9.46230E-039  4.15841E-023  6.26120E-025  1.74408E-016  1.95308E-022  3.50168E-010  3.26216E-021  1.02612E-021  4.61170E-013  3.30201E-014  3.20046E-040  2.47604E-036  1.75875E-021  1.00000E-040  1.04020E-021  3.37633E-011  1.92784E-034  1.00000E-003  1.00000E-005  1.00000E-005  1.00000E-005  1.00000E-005  1.00000E-005  1.00000E-005  1.00000E-005  1.00000E-005  1.00000E-005  1.00000E-005  1.00000E-005  1.00000E-005  1.00000E-005  1.00000E-005  1.00000E-005  
5.50000E+000  5.42544E-001  1.54637E+019  2.54120E+002  1.00000E+005  3.38806E-004  1.00000E-040  1.00000E-040  5.85331E-016  1.00000E-040  1.00000E-040  1.00000E-040  1.00000E-040  1.00000E-040  1.00000E-040  1.00000E-040  1.00000E-040  1.00000E-040  1.00000E-040  2.11896E-022  1.00000E-040  1.00000E-040  2.41798E-019  4.98497E-007  8.75333E-004  1.06018E-013  1.34225E-014  2.11871E-003  2.66266E-008  2.82873E-004  1.13200E-020  5.70807E-011  1.00000E-040  1.00000E-040  4.51837E-029  3.98123E-018  7.96001E-007  6.68054E-023  1.26490E-022  6.77403E-036  3.11234E-035  1.00000E-040  1.13595E-013  9.52670E-019  1.21970E-016  1.44573E-011  2.26465E-038  1.00000E-040  3.16595E-010  1.28797E-033  4.81939E-011  1.86322E-025  9.96721E-001  8.96659E-021  1.67848E-013  2.31129E-010  1.08071E-036  1.00000E-040  2.66496E-026  8.83778E-022  2.98998E-014  1.06416E-013  1.28111E-011  4.65476E-015  2.68439E-007  1.18221E-009  2.95197E-008  3.15006E-013  1.33599E-014  3.74749E-020  1.35107E-013  1.75008E-011  2.10677E-011  1.00000E-040  1.00000E-040  1.00000E-040  1.00000E-040  9.25513E-013  1.00000E-040  7.00041E-020  6.55485E-016  1.03271E-022  2.69208E-022  1.06924E-031  5.34505E-035  1.23523E-030  6.39009E-038  1.00000E-040  6.92253E-038  7.27940E-035  7.33032E-023  5.96490E-015  7.40873E-033  1.72317E-033  6.78831E-022  8.72672E-016  1.12263E-016  8.57869E-015  1.19530E-023  1.00927E-010  1.00000E-040  1.31675E-017  9.54797E-039  5.39979E-023  4.71191E-025  1.74499E-016  1.51008E-022  2.29882E-010  2.61974E-021  1.46933E-021  4.53131E-013  3.30562E-014  2.69382E-040  2.36266E-036  1.23532E-021  1.00000E-040  5.75404E-022  3.35764E-011  1.91785E-034  1.00000E-003  1.00000E-005  1.00000E-005  1.00000E-005  1.00000E-005  1.00000E-005  1.00000E-005  1.00000E-005  1.00000E-005  1.00000E-005  1.00000E-005  1.00000E-005  1.00000E-005  1.00000E-005  1.00000E-005  1.00000E-005  
6.50000E+000  4.75314E-001  1.39361E+019  2.47033E+002  1.00000E+005  2.48016E-004  1.00000E-040  1.00000E-040  2.36131E-013  1.00000E-040  1.00000E-040  1.00000E-040  1.00000E-040  1.00000E-040  1.00000E-040  1.00000E-040  1.00000E-040  1.00000E-040  1.00000E-040  1.24917E-022  1.00000E-040  1.00000E-040  2.46273E-019  4.98810E-007  5.05867E-004  1.08776E-013  1.91884E-014  2.11948E-003  2.55316E-008  2.82980E-004  9.98915E-021  4.60888E-011  1.00000E-040  1.00000E-040  3.62151E-029  3.34621E-018  7.95469E-007  9.28642E-023  1.08745E-022  5.86755E-036  2.04679E-035  1.00000E-040  5.31603E-014  5.12815E-019  1.85423E-016  1.09208E-011  2.08245E-038  1.00000E-040  3.12365E-010  6.36580E-034  4.81348E-011  4.28989E-025  9.97090E-001  1.20212E-020  1.73397E-013  1.88377E-010  2.85265E-036  1.00000E-040  2.19786E-026  7.15554E-022  6.46162E-014  1.32922E-013  1.18594E-011  3.58563E-015  2.67644E-007  1.03932E-009  3.60168E-008  3.83502E-013  1.44473E-014  3.10601E-020  2.07007E-013  1.73049E-011  1.44483E-011  1.00000E-040  1.00000E-040  1.00000E-040  1.00000E-040  9.16017E-013  1.00000E-040  6.86106E-020  5.89741E-016  1.37773E-022  2.17731E-022  1.07047E-031  2.22695E-035  1.23575E-030  3.79277E-038  1.00000E-040  7.54592E-038  5.63775E-035  5.93338E-023  4.22155E-015  5.38855E-033  2.16917E-033  9.70835E-022  1.10719E-015  1.13861E-016  1.08384E-014  7.21208E-024  1.02140E-010  1.00000E-040  2.67565E-017  9.32326E-039  6.97805E-023  3.27661E-025  1.74563E-016  1.09325E-022  1.27183E-010  2.14085E-021  2.08505E-021  4.46062E-013  3.30772E-014  1.96903E-040  2.21952E-036  7.54427E-022  1.00000E-040  2.84564E-022  3.34263E-011  1.90372E-034  1.00000E-003  1.00000E-005  1.00000E-005  1.00000E-005  1.00000E-005  1.00000E-005  1.00000E-005  1.00000E-005  1.00000E-005  1.00000E-005  1.00000E-005  1.00000E-005  1.00000E-005  1.00000E-005  1.00000E-005  1.00000E-005  
7.50000E+000  4.14849E-001  1.25392E+019  2.39628E+002  1.00000E+005  1.60166E-004  1.00000E-040  1.00000E-040  7.19324E-011  1.00000E-040  1.00000E-040  1.00000E-040  1.00000E-040  1.00000E-040  1.00000E-040  1.00000E-040  1.00000E-040  1.00000E-040  1.00000E-040  7.76535E-023  1.00000E-040  1.00000E-040  2.39378E-019  4.99021E-007  2.71847E-004  1.07786E-013  2.70904E-014  2.11997E-003  2.45135E-008  2.83048E-004  7.94978E-021  3.39774E-011  1.00000E-040  1.00000E-040  2.61769E-029  2.64689E-018  7.95015E-007  1.28002E-022  8.98325E-023  4.45243E-036  6.90204E-036  1.00000E-040  2.58797E-014  2.99886E-019  2.92489E-016  8.85429E-012  1.73357E-038  1.00000E-040  3.07990E-010  2.81624E-034  4.80874E-011  1.03493E-024  9.97324E-001  1.60393E-020  1.76210E-013  1.51118E-010  6.86043E-036  1.00000E-040  1.81928E-026  5.62931E-022  1.45529E-013  1.60152E-013  1.05590E-011  2.66118E-015  2.66746E-007  8.78390E-010  4.35398E-008  4.67816E-013  1.50171E-014  3.63904E-020  3.68266E-013  1.72827E-011  6.50561E-012  1.00000E-040  1.00000E-040  1.00000E-040  1.00000E-040  9.04252E-013  1.00000E-040  6.74700E-020  5.26348E-016  1.82052E-022  1.70917E-022  1.07178E-031  8.19167E-036  1.23616E-030  2.19039E-038  1.00000E-040  7.65072E-038  4.08260E-035  4.59836E-023  2.73854E-015  3.49756E-033  2.73944E-033  1.38260E-021  1.74325E-015  1.05739E-016  1.35218E-014  3.92385E-024  1.02661E-010  1.00000E-040  5.68567E-017  8.96271E-039  8.93560E-023  2.11380E-025  1.74604E-016  7.41479E-023  6.00658E-011  1.82457E-021  2.91093E-021  4.31494E-013  3.30886E-014  1.31187E-040  2.05866E-036  4.09268E-022  1.00000E-040  1.27332E-022  3.33058E-011  1.88367E-034  1.00000E-003  1.00000E-005  1.00000E-005  1.00000E-005  1.00000E-005  1.00000E-005  1.00000E-005  1.00000E-005  1.00000E-005  1.00000E-005  1.00000E-005  1.00000E-005  1.00000E-005  1.00000E-005  1.00000E-005  1.00000E-005  
8.50000E+000  3.60562E-001  1.12545E+019  2.32044E+002  1.00000E+005  9.29076E-005  1.00000E-040  1.00000E-040  8.73755E-011  1.00000E-040  1.00000E-040  1.00000E-040  1.00000E-040  1.00000E-040  1.00000E-040  1.00000E-040  1.00000E-040  1.00000E-040  1.00000E-040  5.59193E-023  1.00000E-040  1.00000E-040  2.26592E-019  4.99148E-007  1.37178E-004  1.04649E-013  3.76732E-014  2.12024E-003  2.35951E-008  2.83087E-004  5.80752E-021  2.30537E-011  1.00000E-040  1.00000E-040  1.76516E-029  2.00815E-018  7.94605E-007  1.75953E-022  7.20626E-023  4.46956E-036  9.12949E-036  1.00000E-040  1.32172E-014  1.94577E-019  4.67092E-016  7.75878E-012  1.36922E-038  1.00000E-040  3.03542E-010  1.13848E-034  4.80490E-011  2.63220E-024  9.97458E-001  2.13016E-020  1.75335E-013  1.19871E-010  1.41724E-035  1.17625E-040  1.52899E-026  4.32755E-022  2.98739E-013  1.85116E-013  9.11591E-012  1.91880E-015  2.65758E-007  7.19637E-010  5.18668E-008  5.55253E-013  1.43784E-014  5.63382E-020  6.32596E-013  1.73363E-011  2.46165E-012  1.00000E-040  1.00000E-040  1.00000E-040  1.00000E-040  8.70896E-013  1.00000E-040  6.67363E-020  4.70339E-016  2.29951E-022  1.31709E-022  1.07323E-031  2.68771E-036  1.23652E-030  1.22753E-038  1.00000E-040  7.42169E-038  2.82422E-035  3.45566E-023  1.70837E-015  2.09736E-033  3.50221E-033  1.98300E-021  3.31258E-015  9.07642E-017  1.63675E-014  1.95833E-024  1.02355E-010  1.00000E-040  1.27385E-016  8.69563E-039  1.10961E-022  1.28130E-025  1.74628E-016  4.75705E-023  2.57789E-011  1.65533E-021  3.98651E-021  4.00465E-013  3.30944E-014  1.24122E-040  1.89529E-036  2.03368E-022  1.00000E-040  5.28902E-023  3.32080E-011  1.85637E-034  1.00000E-003  1.00000E-005  1.00000E-005  1.00000E-005  1.00000E-005  1.00000E-005  1.00000E-005  1.00000E-005  1.00000E-005  1.00000E-005  1.00000E-005  1.00000E-005  1.00000E-005  1.00000E-005  1.00000E-005  1.00000E-005  
9.50000E+000  3.11973E-001  1.00575E+019  2.24669E+002  9.61769E+004  4.70774E-005  1.00000E-040  1.00000E-040  4.14306E-010  1.00000E-040  1.00000E-040  1.00000E-040  1.00000E-040  1.00000E-040  1.00000E-040  1.00000E-040  1.00000E-040  1.00000E-040  1.00000E-040  7.99836E-022  1.00000E-040  1.00000E-040  2.17463E-019  4.99216E-007  6.76397E-005  1.02104E-013  5.20656E-014  2.12037E-003  2.27799E-008  2.83108E-004  4.13346E-021  1.51025E-011  1.00000E-040  1.00000E-040  1.19516E-029  1.52762E-018  7.94208E-007  2.41504E-022  5.67747E-023  4.52097E-036  1.34034E-035  1.00000E-040  7.13321E-015  1.52091E-019  7.35169E-016  7.27674E-012  1.09364E-038  1.00000E-040  2.99015E-010  4.49034E-035  4.80166E-011  7.00747E-024  9.97527E-001  2.82772E-020  1.70776E-013  9.46237E-011  2.38148E-035  1.98718E-040  1.31304E-026  3.27951E-022  5.31481E-013  2.04934E-013  7.81424E-012  1.37488E-015  2.64676E-007  5.82360E-010  6.09625E-008  6.52309E-013  1.29157E-014  9.86203E-020  1.00243E-012  1.75954E-011  1.12322E-012  1.00000E-040  1.00000E-040  1.00000E-040  1.00000E-040  7.99205E-013  1.00000E-040  6.64584E-020  4.24160E-016  2.59374E-022  1.01588E-022  1.07491E-031  7.95542E-037  1.23693E-030  6.72423E-039  1.00000E-040  7.16585E-038  1.93862E-035  2.56890E-023  1.06971E-015  1.25735E-033  4.62492E-033  2.88403E-021  6.91546E-015  7.60133E-017  1.89750E-014  9.34745E-025  1.01140E-010  1.00000E-040  2.94443E-016  8.71873E-039  1.19406E-022  7.56051E-026  1.74640E-016  2.94096E-023  1.12688E-011  1.61728E-021  5.38238E-021  3.48142E-013  3.30970E-014  2.06690E-040  1.74043E-036  9.91733E-023  8.32844E-040  2.13986E-023  3.31248E-011  1.81634E-034  1.00000E-003  1.00000E-005  1.00000E-005  1.00000E-005  1.00000E-005  1.00000E-005  1.00000E-005  1.00000E-005  1.00000E-005  1.00000E-005  1.00000E-005  1.00000E-005  1.00000E-005  1.00000E-005  1.00000E-005  1.00000E-005  
1.05000E+001  2.68702E-001  8.93295E+018  2.17868E+002  6.85565E+004  1.82752E-005  1.00000E-040  1.00000E-040  8.61868E-009  1.00000E-040  1.00000E-040  1.00000E-040  1.00000E-040  1.00000E-040  1.00000E-040  1.00000E-040  1.00000E-040  1.00000E-040  1.00000E-040  2.32248E-020  1.00000E-040  1.00000E-040  2.16999E-019  4.99247E-007  3.45452E-005  1.01753E-013  7.38361E-014  2.12042E-003  2.19548E-008  2.83118E-004  3.01801E-021  1.00041E-011  1.00000E-040  1.00000E-040  8.61856E-030  1.21024E-018  7.93732E-007  3.29925E-022  4.30980E-023  2.84044E-036  5.84426E-038  1.00000E-040  3.87370E-015  1.57499E-019  1.09943E-015  7.15510E-012  9.03479E-039  1.00000E-040  2.93673E-010  1.84330E-035  4.79832E-011  1.92306E-023  9.97560E-001  3.68688E-020  1.57940E-013  7.26744E-011  3.26661E-035  4.66091E-040  1.13379E-026  2.39632E-022  8.83000E-013  2.14712E-013  6.75838E-012  9.77193E-016  2.63294E-007  4.63556E-010  7.24441E-008  8.03053E-013  1.15157E-014  1.76177E-019  1.54993E-012  1.84613E-011  8.59911E-013  1.00000E-040  1.00000E-040  1.00000E-040  1.00000E-040  6.57497E-013  1.00000E-040  6.66884E-020  3.83155E-016  2.43427E-022  7.85914E-023  1.07725E-031  1.91447E-037  1.23756E-030  3.57335E-039  1.00000E-040  7.08405E-038  1.31775E-035  1.90015E-023  6.64739E-016  8.04521E-034  6.31888E-033  4.21085E-021  1.37618E-014  6.55599E-017  2.11998E-014  4.32879E-025  9.86409E-011  1.00000E-040  6.60817E-016  8.94867E-039  9.15082E-023  4.38642E-026  1.74645E-016  1.69872E-023  5.18511E-012  1.68640E-021  7.36728E-021  2.65721E-013  3.30980E-014  4.21311E-040  1.57897E-036  5.01500E-023  1.00000E-040  8.49878E-024  3.30379E-011  1.75248E-034  1.00000E-003  1.00000E-005  1.00000E-005  1.00000E-005  1.00000E-005  1.00000E-005  1.00000E-005  1.00000E-005  1.00000E-005  1.00000E-005  1.00000E-005  1.00000E-005  1.00000E-005  1.00000E-005  1.00000E-005  1.00000E-005  
1.15000E+001  2.30432E-001  7.87032E+018  2.12064E+002  2.37960E+004  4.14954E-006  1.00000E-040  1.00000E-040  6.29794E-009  1.00000E-040  1.00000E-040  1.00000E-040  1.00000E-040  1.00000E-040  1.00000E-040  1.00000E-040  1.00000E-040  1.00000E-040  1.00000E-040  2.26855E-020  1.00000E-040  1.00000E-040  2.18292E-019  4.99248E-007  1.91077E-005  1.01954E-013  1.19661E-013  2.12042E-003  2.06249E-008  2.83125E-004  2.24522E-021  6.68337E-012  1.00000E-040  1.00000E-040  6.65806E-030  1.01334E-018  7.92760E-007  4.47493E-022  2.71771E-023  1.59226E-034  1.77868E-033  1.00000E-040  1.61004E-015  1.99350E-019  1.42845E-015  7.36282E-012  7.08270E-039  1.00000E-040  2.83445E-010  8.29602E-036  4.79239E-011  5.72131E-023  9.97576E-001  4.10902E-020  1.11618E-013  4.62494E-011  3.55386E-035  2.38691E-039  9.07399E-027  1.41673E-022  1.66939E-012  1.83836E-013  5.75864E-012  6.90810E-016  2.60402E-007  3.30053E-010  9.60571E-008  1.28767E-012  1.14361E-014  3.07938E-019  2.82659E-012  2.22531E-011  1.36710E-012  1.00000E-040  1.00000E-040  1.00000E-040  1.00000E-040  3.39922E-013  1.00000E-040  6.82619E-020  3.29926E-016  1.70061E-022  5.79533E-023  1.08277E-031  2.08948E-038  1.23930E-030  1.71158E-039  1.00000E-040  7.36832E-038  7.35939E-036  1.31982E-023  3.42330E-016  5.57822E-034  1.30953E-032  5.70552E-021  2.31494E-014  5.80578E-017  2.34893E-014  1.76593E-025  9.20973E-011  1.00000E-040  1.35655E-015  8.41402E-039  4.34735E-023  2.25195E-026  1.74648E-016  6.92620E-024  2.16843E-012  1.83241E-021  1.13320E-020  1.18452E-013  3.30979E-014  1.68044E-039  1.31920E-036  2.64358E-023  1.00000E-040  2.94260E-024  3.28812E-011  1.51172E-034  1.00000E-003  1.00000E-005  1.00000E-005  1.00000E-005  1.00000E-005  1.00000E-005  1.00000E-005  1.00000E-005  1.00000E-005  1.00000E-005  1.00000E-005  1.00000E-005  1.00000E-005  1.00000E-005  1.00000E-005  1.00000E-005  
1.25000E+001  1.96858E-001  6.87635E+018  2.07354E+002  1.42829E+004  9.94133E-007  1.00000E-040  1.00000E-040  5.10563E-009  1.00000E-040  1.00000E-040  1.00000E-040  1.00000E-040  1.00000E-040  1.00000E-040  1.00000E-040  1.00000E-040  1.00000E-040  1.00000E-040  2.26052E-020  1.00000E-040  1.00000E-040  2.25349E-019  4.99173E-007  1.08567E-005  1.08038E-013  2.31139E-013  2.12035E-003  1.83788E-008  2.83131E-004  1.92112E-021  5.02179E-012  1.00000E-040  1.00000E-040  6.22412E-030  9.58824E-019  7.90552E-007  6.00501E-022  1.33976E-023  9.62470E-035  1.08200E-033  1.00000E-040  4.28053E-016  2.45781E-019  1.53894E-015  7.90409E-012  5.70781E-039  1.00000E-040  2.62771E-010  4.44385E-036  4.78064E-011  3.63576E-022  9.97584E-001  2.92787E-020  3.98543E-014  2.04431E-011  2.88044E-035  1.00000E-040  6.25091E-027  5.88920E-023  3.95582E-012  7.79353E-014  4.70667E-012  5.30168E-016  2.53886E-007  2.01700E-010  1.47787E-007  3.10562E-012  1.54424E-014  6.33777E-019  6.16730E-012  3.69417E-011  2.31125E-012  1.00000E-040  1.00000E-040  1.00000E-040  1.00000E-040  5.38174E-014  1.00000E-040  7.41596E-020  2.66022E-016  8.96780E-023  4.53290E-023  1.09714E-031  7.65633E-040  1.24470E-030  6.96906E-040  1.00000E-040  8.66241E-038  3.09026E-036  8.42575E-024  1.39814E-016  4.75548E-034  2.76156E-033  7.05260E-021  2.85569E-014  5.69755E-017  2.49346E-014  6.41786E-026  7.81945E-011  1.00000E-040  2.61680E-015  7.03302E-039  1.53381E-023  1.02088E-026  1.74649E-016  1.71030E-024  8.25293E-013  2.16900E-021  2.04359E-020  1.45539E-014  3.30965E-014  1.00000E-040  9.20819E-037  1.69198E-023  1.00000E-040  9.86845E-025  3.25613E-011  3.97867E-035  1.00000E-003  1.00000E-005  1.00000E-005  1.00000E-005  1.00000E-005  1.00000E-005  1.00000E-005  1.00000E-005  1.00000E-005  1.00000E-005  1.00000E-005  1.00000E-005  1.00000E-005  1.00000E-005  1.00000E-005  1.00000E-005  
1.35000E+001  1.67618E-001  5.97148E+018  2.03308E+002  6.95701E+003  2.56608E-007  1.00000E-040  1.00000E-040  3.99255E-009  1.00000E-040  1.00000E-040  1.00000E-040  1.00000E-040  1.00000E-040  1.00000E-040  1.00000E-040  1.00000E-040  1.00000E-040  1.00000E-040  2.26503E-020  1.00000E-040  1.00000E-040  2.50568E-019  4.98926E-007  6.85260E-006  1.28820E-013  4.81383E-013  2.12021E-003  1.52993E-008  2.83137E-004  1.99781E-021  4.43785E-012  1.00000E-040  1.00000E-040  7.77816E-030  1.06973E-018  7.86208E-007  7.74492E-022  5.79945E-024  1.00000E-040  1.00000E-040  1.00000E-040  7.53253E-017  2.55742E-019  1.45088E-015  8.19446E-012  5.58119E-039  1.00000E-040  2.28800E-010  2.87317E-036  4.76026E-011  4.54140E-021  9.97588E-001  1.27814E-020  7.28375E-015  5.83678E-012  2.03502E-035  1.00000E-040  3.64252E-027  2.43833E-023  9.05954E-012  1.49467E-014  3.81838E-012  4.58516E-016  2.41642E-007  1.15498E-010  2.40548E-007  8.10502E-012  2.72404E-014  1.23381E-018  1.30764E-011  7.58453E-011  4.25533E-012  1.00000E-040  1.00000E-040  1.00000E-040  1.00000E-040  2.71770E-015  1.00000E-040  9.01082E-020  2.14743E-016  4.87579E-023  4.60213E-023  1.12924E-031  1.00000E-040  1.25865E-030  2.21912E-040  1.00000E-040  1.16305E-037  1.46417E-036  5.70894E-024  6.18918E-017  5.47172E-034  4.85798E-033  8.47736E-021  2.59192E-014  6.49870E-017  2.47539E-014  2.78671E-026  5.92227E-011  1.00000E-040  5.19385E-015  5.51578E-039  6.05396E-024  4.63142E-027  1.74650E-016  4.21935E-025  3.70828E-013  2.76629E-021  3.94228E-020  5.26771E-016  3.30928E-014  1.00000E-040  5.22916E-037  1.45314E-023  1.00000E-040  3.59240E-025  3.19920E-011  6.83068E-035  1.00000E-003  1.00000E-005  1.00000E-005  1.00000E-005  1.00000E-005  1.00000E-005  1.00000E-005  1.00000E-005  1.00000E-005  1.00000E-005  1.00000E-005  1.00000E-005  1.00000E-005  1.00000E-005  1.00000E-005  1.00000E-005  
1.45000E+001  1.42276E-001  5.16711E+018  1.99434E+002  5.42540E+003  9.63968E-008  1.00000E-040  1.00000E-040  3.08081E-009  1.00000E-040  1.00000E-040  1.00000E-040  1.00000E-040  1.00000E-040  1.00000E-040  1.00000E-040  1.00000E-040  1.00000E-040  1.00000E-040  2.26784E-020  1.00000E-040  1.00000E-040  2.74177E-019  4.98358E-007  4.37367E-006  1.57658E-013  9.84198E-013  2.11999E-003  1.18791E-008  2.83145E-004  2.21999E-021  4.15171E-012  1.00000E-040  1.00000E-040  1.04987E-029  1.25522E-018  7.78600E-007  9.36638E-022  2.27293E-024  9.43788E-034  1.05125E-032  1.00000E-040  1.24199E-017  2.21993E-019  1.29407E-015  7.82960E-012  5.72174E-039  1.00000E-040  1.81947E-010  1.90961E-036  4.72866E-011  3.76506E-020  9.97591E-001  4.38462E-021  8.82208E-016  1.03255E-012  1.46434E-035  4.18390E-040  2.00261E-027  1.49445E-023  1.78921E-011  1.96944E-015  3.12684E-012  4.07196E-016  2.21751E-007  6.73757E-011  3.80669E-007  1.82952E-011  4.96726E-014  2.23071E-018  2.43670E-011  1.46393E-010  5.71443E-012  1.00000E-040  1.00000E-040  1.00000E-040  1.00000E-040  6.34273E-017  1.00000E-040  1.26473E-019  1.93381E-016  3.67308E-023  5.86361E-023  1.19327E-031  1.00000E-040  1.28974E-030  1.00000E-040  1.00000E-040  1.55579E-037  1.05759E-036  4.51373E-024  3.15031E-017  6.80202E-034  6.79657E-033  9.17043E-021  1.86112E-014  7.78690E-017  2.37481E-014  3.44291E-026  3.93297E-011  1.00000E-040  1.05527E-014  4.18670E-039  3.23032E-024  2.08492E-027  1.74649E-016  1.59570E-025  1.97154E-013  3.32944E-021  7.48517E-020  8.17482E-018  3.30857E-014  1.58427E-037  2.66452E-037  1.34088E-023  1.00000E-040  1.31884E-025  3.10911E-011  2.29234E-034  1.00000E-003  1.00000E-005  1.00000E-005  1.00000E-005  1.00000E-005  1.00000E-005  1.00000E-005  1.00000E-005  1.00000E-005  1.00000E-005  1.00000E-005  1.00000E-005  1.00000E-005  1.00000E-005  1.00000E-005  1.00000E-005  
1.55000E+001  1.20388E-001  4.45624E+018  1.95673E+002  4.40851E+003  4.66998E-008  1.00000E-040  1.00000E-040  2.21530E-009  1.00000E-040  1.00000E-040  1.00000E-040  1.00000E-040  1.00000E-040  1.00000E-040  1.00000E-040  1.00000E-040  1.00000E-040  1.00000E-040  2.26611E-020  1.00000E-040  1.00000E-040  2.96330E-019  4.97422E-007  2.84544E-006  1.86856E-013  1.81122E-012  2.11974E-003  9.20090E-009  2.83153E-004  2.45307E-021  3.88003E-012  1.00000E-040  1.00000E-040  1.36379E-029  1.46436E-018  7.68167E-007  1.09749E-021  9.00072E-025  1.00000E-040  1.00000E-040  1.00000E-040  3.60555E-018  1.79012E-019  1.24687E-015  7.14096E-012  6.11505E-039  1.00000E-040  1.34092E-010  1.22211E-036  4.69002E-011  2.15526E-019  9.97592E-001  1.96981E-021  8.69880E-017  1.30540E-013  1.19705E-035  3.88445E-039  1.56940E-027  1.19576E-023  3.20923E-011  4.05381E-016  2.48226E-012  3.41161E-016  1.97124E-007  3.84604E-011  5.37159E-007  3.38970E-011  7.60773E-014  3.57156E-018  4.06176E-011  2.24324E-010  6.39110E-012  1.00000E-040  1.00000E-040  1.00000E-040  1.00000E-040  1.01994E-018  1.00000E-040  1.90765E-019  2.00958E-016  3.88562E-023  8.00225E-023  1.29399E-031  1.00000E-040  1.34279E-030  1.00000E-040  1.00000E-040  2.00100E-037  9.57040E-037  4.08585E-024  1.78919E-017  8.13118E-034  1.37345E-032  8.99628E-021  1.20325E-014  9.25501E-017  2.24144E-014  9.73019E-026  2.43693E-011  1.00000E-040  2.04260E-014  4.39067E-039  2.42215E-024  1.02044E-027  1.74648E-016  8.42543E-026  1.14588E-013  3.69719E-021  1.28765E-019  8.87652E-020  3.30754E-014  8.74618E-038  1.53216E-037  1.17967E-023  1.00000E-040  5.27169E-026  2.99745E-011  2.57502E-034  1.00000E-003  1.00000E-005  1.00000E-005  1.00000E-005  1.00000E-005  1.00000E-005  1.00000E-005  1.00000E-005  1.00000E-005  1.00000E-005  1.00000E-005  1.00000E-005  1.00000E-005  1.00000E-005  1.00000E-005  1.00000E-005  
1.65000E+001  1.01557E-001  3.82598E+018  1.92257E+002  3.94335E+003  2.39065E-008  1.00000E-040  1.00000E-040  1.51025E-009  1.00000E-040  1.00000E-040  1.00000E-040  1.00000E-040  1.00000E-040  1.00000E-040  1.00000E-040  1.00000E-040  1.00000E-040  1.00000E-040  2.26179E-020  1.00000E-040  1.00000E-040  3.25557E-019  4.96044E-007  1.92408E-006  2.10476E-013  3.09003E-012  2.11948E-003  7.45845E-009  2.83160E-004  2.68914E-021  3.62633E-012  1.00000E-040  1.00000E-040  1.69294E-029  1.71127E-018  7.54648E-007  1.26237E-021  3.51334E-025  1.00000E-040  1.00000E-040  1.00000E-040  1.42124E-018  1.35592E-019  1.28641E-015  6.37254E-012  6.69514E-039  1.00000E-040  9.06587E-011  7.69513E-037  4.64461E-011  9.86631E-019  9.97593E-001  1.47217E-021  6.76669E-018  1.20539E-014  3.57737E-036  2.20025E-040  2.04803E-027  1.02401E-023  5.58323E-011  2.94387E-016  1.83952E-012  2.73476E-016  1.69131E-007  1.94697E-011  6.92111E-007  5.61024E-011  1.01439E-013  5.09973E-018  6.46330E-011  2.84605E-010  6.05740E-012  1.00000E-040  1.00000E-040  1.00000E-040  1.00000E-040  1.32484E-020  1.00000E-040  2.97815E-019  2.29759E-016  4.81988E-023  1.10322E-022  1.44391E-031  1.00000E-040  1.42694E-030  1.00000E-040  1.00000E-040  2.54220E-037  8.98348E-037  3.93103E-024  1.04546E-017  9.33209E-034  1.15473E-032  7.87158E-021  7.11942E-015  1.08524E-016  2.09767E-014  2.87793E-025  1.43947E-011  1.00000E-040  3.64294E-014  7.23356E-039  2.13493E-024  5.51987E-028  1.74646E-016  4.85679E-026  6.89153E-014  3.79471E-021  2.06264E-019  7.93663E-022  3.30614E-014  7.01775E-038  1.02516E-037  9.86093E-024  1.00000E-040  2.33932E-026  2.86552E-011  1.40459E-034  1.00000E-003  1.00000E-005  1.00000E-005  1.00000E-005  1.00000E-005  1.00000E-005  1.00000E-005  1.00000E-005  1.00000E-005  1.00000E-005  1.00000E-005  1.00000E-005  1.00000E-005  1.00000E-005  1.00000E-005  1.00000E-005  
1.75000E+001  8.54429E-002  3.26329E+018  1.89643E+002  3.89374E+003  1.16498E-008  1.00000E-040  1.00000E-040  9.81429E-010  1.00000E-040  1.00000E-040  1.00000E-040  1.00000E-040  1.00000E-040  1.00000E-040  1.00000E-040  1.00000E-040  1.00000E-040  1.00000E-040  2.25949E-020  1.00000E-040  1.00000E-040  3.90052E-019  4.94253E-007  1.45683E-006  2.33330E-013  5.01475E-012  2.11924E-003  6.57060E-009  2.83167E-004  3.06322E-021  3.51164E-012  1.00000E-040  1.00000E-040  2.21952E-029  2.11934E-018  7.38544E-007  1.42002E-021  1.34893E-025  1.55931E-034  1.79031E-033  1.00000E-040  6.03837E-019  1.03247E-019  1.36909E-015  5.48375E-012  8.10124E-039  1.00000E-040  5.66718E-011  5.37591E-037  4.59432E-011  3.83029E-018  9.97594E-001  1.49099E-021  4.50648E-019  8.76654E-016  1.00000E-040  1.00000E-040  3.40014E-027  9.00388E-024  9.10722E-011  3.41370E-016  1.36859E-012  2.32653E-016  1.40728E-007  9.66935E-012  8.27054E-007  8.25276E-011  1.23511E-013  6.21003E-018  9.45970E-011  3.05583E-010  4.96512E-012  1.00000E-040  1.00000E-040  1.00000E-040  1.00000E-040  1.60778E-022  1.00000E-040  4.60341E-019  2.86706E-016  6.25487E-023  1.51351E-022  1.64862E-031  1.00000E-040  1.54829E-030  1.00000E-040  1.00000E-040  3.38426E-037  8.52923E-037  3.92889E-024  6.65782E-018  1.14979E-033  1.80548E-032  6.29651E-021  4.09164E-015  1.29529E-016  1.93926E-014  8.26849E-025  8.36098E-012  1.00000E-040  5.99204E-014  1.45589E-038  2.02426E-024  3.54988E-028  1.74644E-016  2.95582E-026  4.59890E-014  3.64189E-021  3.13368E-019  6.84988E-024  3.30439E-014  5.00091E-038  8.14687E-038  8.74482E-024  1.00000E-040  1.26596E-026  2.71966E-011  6.43659E-035  1.00000E-003  1.00000E-005  1.00000E-005  1.00000E-005  1.00000E-005  1.00000E-005  1.00000E-005  1.00000E-005  1.00000E-005  1.00000E-005  1.00000E-005  1.00000E-005  1.00000E-005  1.00000E-005  1.00000E-005  1.00000E-005  
1.85000E+001  7.17408E-002  2.76696E+018  1.87793E+002  3.93732E+003  5.62442E-009  1.00000E-040  1.00000E-040  6.07230E-010  1.00000E-040  1.00000E-040  1.00000E-040  1.00000E-040  1.00000E-040  1.00000E-040  1.00000E-040  1.00000E-040  1.00000E-040  1.00000E-040  2.25758E-020  1.00000E-040  1.00000E-040  5.33638E-019  4.92094E-007  1.24922E-006  2.73585E-013  7.96763E-012  2.11901E-003  6.22555E-009  2.83173E-004  3.77212E-021  3.60952E-012  1.00000E-040  1.00000E-040  3.41983E-029  2.87925E-018  7.20283E-007  1.49770E-021  4.77280E-026  8.63226E-035  9.86448E-034  1.00000E-040  2.96234E-019  8.32317E-020  1.39543E-015  4.31560E-012  1.11772E-038  1.00000E-040  3.29441E-011  4.49476E-037  4.54001E-011  1.28422E-017  9.97594E-001  1.75918E-021  2.96221E-020  5.73179E-017  1.00000E-040  1.00000E-040  5.87303E-027  8.49816E-024  1.32389E-010  3.94794E-016  1.15505E-012  2.21762E-016  1.14034E-007  5.87612E-012  9.44857E-007  1.05663E-010  1.44661E-013  6.43840E-018  1.21785E-010  2.93223E-010  3.73336E-012  1.00000E-040  1.00000E-040  1.00000E-040  1.00000E-040  1.87892E-024  1.00000E-040  6.92446E-019  3.92816E-016  8.42657E-023  2.12297E-022  1.91452E-031  1.00000E-040  1.71379E-030  1.00000E-040  1.00000E-040  4.68650E-037  9.26546E-037  4.18990E-024  5.06392E-018  1.69342E-033  3.29876E-032  4.94241E-021  2.41420E-015  1.62907E-016  1.77125E-014  2.32150E-024  4.78133E-012  1.00000E-040  9.55492E-014  3.14308E-038  2.13567E-024  2.76667E-028  1.74641E-016  2.07437E-026  3.65024E-014  3.32699E-021  4.63898E-019  6.11537E-026  3.30234E-014  1.00000E-040  7.72764E-038  9.18449E-024  1.00000E-040  8.52068E-027  2.56324E-011  8.73223E-035  1.00000E-003  1.00000E-005  1.00000E-005  1.00000E-005  1.00000E-005  1.00000E-005  1.00000E-005  1.00000E-005  1.00000E-005  1.00000E-005  1.00000E-005  1.00000E-005  1.00000E-005  1.00000E-005  1.00000E-005  1.00000E-005  
1.95000E+001  6.01479E-002  2.33664E+018  1.86443E+002  4.20491E+003  2.88089E-009  1.00000E-040  1.00000E-040  3.60904E-010  1.00000E-040  1.00000E-040  1.00000E-040  1.00000E-040  1.00000E-040  1.00000E-040  1.00000E-040  1.00000E-040  1.00000E-040  1.00000E-040  2.25036E-020  1.00000E-040  1.00000E-040  8.32660E-019  4.89616E-007  1.16822E-006  3.55665E-013  1.27108E-011  2.11878E-003  6.12639E-009  2.83180E-004  5.06659E-021  3.93994E-012  1.00000E-040  1.00000E-040  6.44817E-029  4.28033E-018  7.00209E-007  1.41604E-021  1.43746E-026  4.25431E-036  4.98117E-035  1.00000E-040  1.77869E-019  7.06795E-020  1.27527E-015  2.97628E-012  1.69164E-038  1.00000E-040  1.78438E-011  4.52905E-037  4.48218E-011  3.75380E-017  9.97595E-001  2.24533E-021  3.88663E-021  6.94501E-018  2.32695E-033  3.43765E-039  9.97006E-027  8.95436E-024  1.68935E-010  4.25318E-016  1.17660E-012  2.28745E-016  9.02616E-008  5.01590E-012  1.06552E-006  1.18528E-010  1.69875E-013  5.90462E-018  1.36719E-010  2.67720E-010  2.56914E-012  1.00000E-040  1.00000E-040  1.00000E-040  1.00000E-040  2.03258E-026  1.00000E-040  1.01254E-018  5.84456E-016  1.20132E-022  3.11417E-022  2.25076E-031  1.00000E-040  1.93205E-030  1.00000E-040  1.00000E-040  6.42041E-037  1.25219E-036  4.84473E-024  4.73015E-018  3.08768E-033  6.27471E-032  3.99699E-021  1.46872E-015  2.18198E-016  1.60390E-014  6.22609E-024  2.64559E-012  1.00000E-040  1.49812E-013  7.26544E-038  2.59444E-024  2.51442E-028  1.74638E-016  1.78749E-026  3.45712E-014  2.91481E-021  6.87498E-019  5.51220E-028  3.30001E-014  1.00000E-040  8.48400E-038  1.18698E-023  1.00000E-040  6.78707E-027  2.39841E-011  1.76400E-034  1.00000E-003  1.00000E-005  1.00000E-005  1.00000E-005  1.00000E-005  1.00000E-005  1.00000E-005  1.00000E-005  1.00000E-005  1.00000E-005  1.00000E-005  1.00000E-005  1.00000E-005  1.00000E-005  1.00000E-005  1.00000E-005  
2.05000E+001  5.03712E-002  1.96882E+018  1.85307E+002  4.72335E+003  1.90767E-009  1.00000E-040  1.00000E-040  2.05227E-010  1.00000E-040  1.00000E-040  1.00000E-040  1.00000E-040  1.00000E-040  1.00000E-040  1.00000E-040  1.00000E-040  1.00000E-040  1.00000E-040  2.22997E-020  1.00000E-040  1.00000E-040  1.42728E-018  4.86935E-007  1.13662E-006  5.07804E-013  2.06261E-011  2.11850E-003  6.07825E-009  2.83186E-004  7.30361E-021  4.49284E-012  1.00000E-040  1.00000E-040  1.42672E-028  6.77468E-018  6.79189E-007  1.19577E-021  3.63482E-027  1.03180E-034  1.18464E-033  1.00000E-040  1.22470E-019  6.02845E-020  1.03102E-015  1.80752E-012  2.62316E-038  1.00000E-040  9.15000E-012  5.19210E-037  4.42292E-011  9.72009E-017  9.97595E-001  2.85852E-021  2.10830E-021  3.38016E-018  8.67583E-036  8.22296E-039  1.62112E-026  1.02586E-023  1.93337E-010  4.24633E-016  1.39188E-012  2.35645E-016  7.04345E-008  5.66060E-012  1.20947E-006  1.19785E-010  2.03177E-013  4.98769E-018  1.36969E-010  2.39689E-010  1.62699E-012  1.00000E-040  1.00000E-040  1.00000E-040  1.00000E-040  2.10971E-028  1.00000E-040  1.43780E-018  9.16300E-016  1.77913E-022  4.68908E-022  2.65995E-031  1.00000E-040  2.20636E-030  1.00000E-040  1.00000E-040  8.39452E-037  2.02523E-036  5.89791E-024  5.11613E-018  6.63953E-033  1.20412E-031  3.36276E-021  8.86314E-016  3.07415E-016  1.44794E-014  1.55150E-023  1.41058E-012  1.00000E-040  2.26101E-013  1.75305E-037  3.48103E-024  2.49636E-028  1.74635E-016  1.80425E-026  3.68557E-014  2.44789E-021  1.03683E-018  5.07215E-030  3.29749E-014  1.16209E-038  1.01889E-037  1.80231E-023  1.00000E-040  5.92641E-027  2.23178E-011  2.79681E-034  1.00000E-003  1.00000E-005  1.00000E-005  1.00000E-005  1.00000E-005  1.00000E-005  1.00000E-005  1.00000E-005  1.00000E-005  1.00000E-005  1.00000E-005  1.00000E-005  1.00000E-005  1.00000E-005  1.00000E-005  1.00000E-005  
2.15000E+001  4.21406E-002  1.65687E+018  1.84216E+002  5.25999E+003  1.81604E-009  1.00000E-040  1.00000E-040  1.10403E-010  1.00000E-040  1.00000E-040  1.00000E-040  1.00000E-040  1.00000E-040  1.00000E-040  1.00000E-040  1.00000E-040  1.00000E-040  1.00000E-040  2.18847E-020  1.00000E-040  1.00000E-040  2.59062E-018  4.84117E-007  1.11611E-006  7.70200E-013  3.42203E-011  2.11815E-003  5.98494E-009  2.83192E-004  1.10881E-020  5.26182E-012  1.00000E-040  1.01081E-040  3.47874E-028  1.11174E-017  6.57616E-007  9.13181E-022  7.74394E-028  1.00000E-040  1.00000E-040  1.00000E-040  8.46220E-020  4.83428E-020  7.42910E-016  9.85869E-013  3.91715E-038  1.00000E-040  4.46430E-012  6.35862E-037  4.36303E-011  2.27516E-016  9.97595E-001  3.46662E-021  1.61128E-021  2.36705E-018  9.16695E-034  1.82857E-038  2.50612E-026  1.22191E-023  2.04319E-010  3.95646E-016  1.76882E-012  2.30993E-016  5.44298E-008  7.24767E-012  1.39302E-006  1.11945E-010  2.46934E-013  3.94889E-018  1.26175E-010  2.10270E-010  9.73649E-013  1.00000E-040  1.00000E-040  1.00000E-040  1.00000E-040  6.60921E-030  1.00000E-040  2.00408E-018  1.48220E-015  2.66802E-022  7.09241E-022  3.15552E-031  1.00000E-040  2.54497E-030  1.00000E-040  1.00000E-040  1.03014E-036  3.61946E-036  7.32730E-024  5.84774E-018  1.57470E-032  2.22559E-031  2.86241E-021  4.98806E-016  4.47654E-016  1.30842E-014  3.54504E-023  7.18239E-013  1.00000E-040  3.24569E-013  4.26482E-037  4.86822E-024  2.57259E-028  1.74631E-016  1.96510E-026  4.11319E-014  1.94902E-021  1.60395E-018  1.43049E-031  3.29482E-014  1.00000E-040  1.27997E-037  3.01029E-023  1.00000E-040  5.35040E-027  2.06627E-011  4.02834E-034  1.00000E-003  1.00000E-005  1.00000E-005  1.00000E-005  1.00000E-005  1.00000E-005  1.00000E-005  1.00000E-005  1.00000E-005  1.00000E-005  1.00000E-005  1.00000E-005  1.00000E-005  1.00000E-005  1.00000E-005  1.00000E-005  
2.25000E+001  3.52192E-002  1.39304E+018  1.83118E+002  5.99062E+003  2.04016E-009  1.00000E-040  1.00000E-040  5.64548E-011  1.00000E-040  1.00000E-040  1.00000E-040  1.00000E-040  1.00000E-040  1.00000E-040  1.00000E-040  1.00000E-040  1.00000E-040  1.00000E-040  2.11934E-020  1.00000E-040  1.00000E-040  4.89834E-018  4.81205E-007  1.09491E-006  1.20988E-012  5.80025E-011  2.11773E-003  5.81552E-009  2.83197E-004  1.75058E-020  6.25031E-012  1.00000E-040  2.89244E-040  8.95413E-028  1.86029E-017  6.35655E-007  6.40012E-022  1.40554E-028  1.00000E-040  1.00000E-040  1.00000E-040  5.25406E-020  3.47738E-020  4.83880E-016  4.91687E-013  5.45611E-038  1.00000E-040  2.06635E-012  8.03430E-037  4.30269E-011  4.91496E-016  9.97595E-001  3.95318E-021  1.13675E-021  1.62101E-018  5.14452E-035  3.88216E-038  3.69006E-026  1.47442E-023  2.03641E-010  3.46767E-016  2.25991E-012  2.12458E-016  4.17355E-008  9.24914E-012  1.62578E-006  9.78207E-011  2.99341E-013  2.94063E-018  1.09200E-010  1.78403E-010  5.42456E-013  1.00000E-040  1.00000E-040  1.00000E-040  1.00000E-040  1.50210E-030  1.00000E-040  2.77300E-018  2.44523E-015  3.98901E-022  1.06539E-021  3.76282E-031  1.00000E-040  2.96101E-030  1.00000E-040  1.00000E-040  1.18309E-036  6.78692E-036  9.15653E-024  6.54542E-018  3.94065E-032  3.81919E-031  2.38807E-021  2.49744E-016  6.64299E-016  1.18626E-014  7.45911E-023  3.45444E-013  1.00000E-040  4.42057E-013  1.02363E-036  6.85424E-024  2.70071E-028  1.74627E-016  2.19627E-026  4.52407E-014  1.46133E-021  2.54814E-018  2.99021E-032  3.29200E-014  1.00000E-040  1.65396E-037  5.29261E-023  1.00000E-040  4.88951E-027  1.90315E-011  5.36286E-034  1.00000E-003  1.00000E-005  1.00000E-005  1.00000E-005  1.00000E-005  1.00000E-005  1.00000E-005  1.00000E-005  1.00000E-005  1.00000E-005  1.00000E-005  1.00000E-005  1.00000E-005  1.00000E-005  1.00000E-005  1.00000E-005  
2.35000E+001  2.94048E-002  1.16988E+018  1.82052E+002  6.81524E+003  2.07759E-009  1.00000E-040  1.00000E-040  2.73048E-011  1.00000E-040  1.00000E-040  1.00000E-040  1.00000E-040  1.00000E-040  1.00000E-040  1.00000E-040  1.00000E-040  1.00000E-040  1.00000E-040  2.01861E-020  1.00000E-040  1.00000E-040  9.69844E-018  4.78276E-007  1.07927E-006  1.94798E-012  9.99472E-011  2.11723E-003  5.56959E-009  2.83202E-004  2.85523E-020  7.45989E-012  1.00000E-040  7.73665E-040  2.39152E-027  3.15029E-017  6.13594E-007  4.18409E-022  2.34310E-029  8.41160E-034  9.66232E-033  1.00000E-040  2.78580E-020  2.21873E-020  2.90336E-016  2.28027E-013  7.08905E-038  1.00000E-040  9.06222E-013  1.04418E-036  4.24239E-011  9.97598E-016  9.97595E-001  4.28000E-021  7.11416E-022  1.05928E-018  1.00000E-040  7.87085E-038  5.21955E-026  1.79998E-023  1.94207E-010  2.88477E-016  2.79673E-012  1.85204E-016  3.18682E-008  1.09379E-011  1.90667E-006  7.99561E-011  3.50132E-013  2.06326E-018  9.00591E-011  1.44661E-010  2.85544E-013  1.00000E-040  1.00000E-040  1.00000E-040  1.00000E-040  3.45810E-031  1.00000E-040  3.83270E-018  4.08029E-015  5.91826E-022  1.58511E-021  4.51528E-031  1.00000E-040  3.46787E-030  1.00000E-040  1.00000E-040  1.28309E-036  1.32017E-035  1.15289E-023  6.87465E-018  1.02378E-031  6.00982E-031  1.91421E-021  1.09601E-016  9.94322E-016  1.08012E-014  1.46825E-022  1.56014E-013  1.00000E-040  5.71955E-013  2.41550E-036  9.63412E-024  2.92274E-028  1.74623E-016  2.50092E-026  4.71598E-014  1.03713E-021  4.13918E-018  6.40357E-033  3.28906E-014  2.62010E-038  2.21628E-037  9.63597E-023  1.00000E-040  4.59011E-027  1.74460E-011  6.27389E-034  1.00000E-003  1.00000E-005  1.00000E-005  1.00000E-005  1.00000E-005  1.00000E-005  1.00000E-005  1.00000E-005  1.00000E-005  1.00000E-005  1.00000E-005  1.00000E-005  1.00000E-005  1.00000E-005  1.00000E-005  1.00000E-005  
2.45000E+001  2.45264E-002  9.81134E+017  1.81060E+002  7.73991E+003  1.75558E-009  1.00000E-040  1.00000E-040  1.24790E-011  1.00000E-040  1.00000E-040  1.00000E-040  1.00000E-040  1.00000E-040  1.00000E-040  1.00000E-040  1.00000E-040  1.00000E-040  1.00000E-040  1.88400E-020  1.00000E-040  1.00000E-040  2.04526E-017  4.75390E-007  1.07811E-006  3.20284E-012  1.74013E-010  2.11668E-003  5.25710E-009  2.83205E-004  4.78231E-020  8.85909E-012  1.00000E-040  1.96121E-039  6.57513E-027  5.37110E-017  5.91487E-007  2.56269E-022  2.94222E-030  1.00000E-040  1.00000E-040  1.00000E-040  1.25032E-020  1.26290E-020  1.61895E-016  9.87709E-014  8.57916E-038  1.00000E-040  3.72773E-013  1.40210E-036  4.18192E-011  1.92460E-015  9.97596E-001  4.47346E-021  4.02321E-022  6.68664E-019  1.07917E-035  1.55430E-037  7.20824E-026  2.24999E-023  1.78716E-010  2.29135E-016  3.31742E-012  1.55705E-016  2.42591E-008  1.17668E-011  2.22390E-006  6.07674E-011  3.78243E-013  1.35221E-018  7.13449E-011  1.10872E-010  1.42580E-013  1.00000E-040  1.00000E-040  1.00000E-040  1.00000E-040  6.37414E-032  1.00000E-040  5.32830E-018  6.86471E-015  8.74759E-022  2.34548E-021  5.47231E-031  1.00000E-040  4.08775E-030  1.00000E-040  1.00000E-040  1.31428E-036  2.68722E-035  1.47793E-023  6.71487E-018  2.74239E-031  8.80369E-031  1.44501E-021  4.22132E-017  1.48838E-015  9.87591E-015  2.73932E-022  6.53586E-014  1.00000E-040  7.08039E-013  5.66419E-036  1.35989E-023  3.34336E-028  1.74619E-016  2.94260E-026  4.59137E-014  6.96344E-022  6.83189E-018  1.10824E-033  3.28599E-014  1.00000E-040  3.15173E-037  1.80433E-022  1.00000E-040  4.54981E-027  1.59104E-011  4.78222E-034  1.00000E-003  1.00000E-005  1.00000E-005  1.00000E-005  1.00000E-005  1.00000E-005  1.00000E-005  1.00000E-005  1.00000E-005  1.00000E-005  1.00000E-005  1.00000E-005  1.00000E-005  1.00000E-005  1.00000E-005  1.00000E-005  
2.55000E+001  2.04399E-002  8.21311E+017  1.80255E+002  8.74643E+003  5.69606E-010  1.00000E-040  1.00000E-040  5.36086E-012  1.00000E-040  1.00000E-040  1.00000E-040  1.00000E-040  1.00000E-040  1.00000E-040  1.00000E-040  1.00000E-040  1.00000E-040  1.00000E-040  1.71542E-020  1.00000E-040  1.00000E-040  4.70710E-017  4.72640E-007  1.11045E-006  5.37405E-012  3.04284E-010  2.11611E-003  4.89651E-009  2.83208E-004  8.17270E-020  1.03584E-011  1.00000E-040  4.89862E-039  1.86193E-026  9.21021E-017  5.69376E-007  1.46779E-022  1.20831E-031  1.00000E-040  1.00000E-040  1.00000E-040  4.85391E-021  6.52818E-021  8.40196E-017  3.98959E-014  9.66930E-038  1.00000E-040  1.41850E-013  1.98726E-036  4.12096E-011  3.54053E-015  9.97596E-001  4.66019E-021  2.15370E-022  4.19397E-019  1.02478E-035  3.03062E-037  9.86290E-026  2.92574E-023  1.59427E-010  1.73958E-016  3.80355E-012  1.30672E-016  1.84286E-008  1.17450E-011  2.54800E-006  4.26999E-011  3.59032E-013  8.14842E-019  5.44567E-011  7.96201E-011  6.76396E-014  1.00000E-040  1.00000E-040  1.00000E-040  1.00000E-040  1.02147E-032  1.00000E-040  7.48775E-018  1.16243E-014  1.29698E-021  3.47676E-021  6.72774E-031  1.00000E-040  4.85056E-030  1.00000E-040  1.00000E-040  1.27061E-036  5.81773E-035  1.95436E-023  6.23199E-018  7.60189E-031  1.23640E-030  1.00149E-021  1.44253E-017  2.20786E-015  9.04513E-015  4.89118E-022  2.50517E-014  1.00000E-040  8.44631E-013  1.33209E-035  1.94964E-023  4.19256E-028  1.74614E-016  3.65047E-026  4.20840E-014  4.39923E-022  1.13614E-017  1.69155E-034  3.28276E-014  9.66770E-039  4.90475E-037  3.48664E-022  1.00000E-040  4.96932E-027  1.44291E-011  1.00000E-040  1.00000E-003  1.00000E-005  1.00000E-005  1.00000E-005  1.00000E-005  1.00000E-005  1.00000E-005  1.00000E-005  1.00000E-005  1.00000E-005  1.00000E-005  1.00000E-005  1.00000E-005  1.00000E-005  1.00000E-005  1.00000E-005  
2.65000E+001  1.70238E-002  6.85873E+017  1.79775E+002  9.76505E+003  1.00000E-040  1.00000E-040  1.00000E-040  2.14328E-012  1.00000E-040  1.00000E-040  1.00000E-040  1.00000E-040  1.00000E-040  1.00000E-040  1.00000E-040  1.00000E-040  1.00000E-040  1.00000E-040  1.51396E-020  1.00000E-040  1.00000E-040  1.18815E-016  4.70152E-007  1.15681E-006  9.05762E-012  5.31800E-010  2.11560E-003  4.52482E-009  2.83210E-004  1.40207E-019  1.18140E-011  1.00000E-040  1.28264E-038  5.33645E-026  1.58123E-016  5.47225E-007  7.82108E-023  5.79248E-032  4.36920E-035  5.01446E-034  1.00000E-040  1.64897E-021  3.08498E-021  4.05359E-017  1.50224E-014  9.91188E-038  1.00000E-040  4.88993E-014  3.00774E-036  4.05891E-011  6.17351E-015  9.97596E-001  5.01674E-021  1.14949E-022  2.70363E-019  9.89508E-036  5.85005E-037  1.34159E-025  3.92177E-023  1.38540E-010  1.25504E-016  4.21517E-012  1.13939E-016  1.39678E-008  1.11228E-011  2.83342E-006  2.77511E-011  2.86646E-013  4.74016E-019  4.01519E-011  5.27449E-011  3.03046E-014  1.00000E-040  1.00000E-040  1.00000E-040  1.00000E-040  1.59858E-033  1.00000E-040  1.06887E-017  1.97630E-014  1.93245E-021  5.19430E-021  8.44137E-031  1.00000E-040  5.80036E-030  1.00000E-040  1.00000E-040  1.15148E-036  1.30840E-034  2.65922E-023  5.58401E-018  2.15100E-030  1.70252E-030  6.10516E-022  4.36912E-018  3.19728E-015  8.26060E-015  8.32637E-022  8.66981E-015  1.00000E-040  9.77571E-013  3.08427E-035  2.82485E-023  5.86785E-028  1.74609E-016  4.67432E-026  3.67763E-014  2.56286E-022  1.88594E-017  2.53212E-035  3.27933E-014  6.58574E-039  8.45300E-037  6.85973E-022  1.00000E-040  6.13169E-027  1.30027E-011  1.00000E-040  1.00000E-003  1.00000E-005  1.00000E-005  1.00000E-005  1.00000E-005  1.00000E-005  1.00000E-005  1.00000E-005  1.00000E-005  1.00000E-005  1.00000E-005  1.00000E-005  1.00000E-005  1.00000E-005  1.00000E-005  1.00000E-005  
2.75000E+001  1.41751E-002  5.71387E+017  1.79685E+002  1.09262E+004  1.00000E-040  1.00000E-040  1.00000E-040  7.92993E-013  1.00000E-040  1.00000E-040  1.00000E-040  1.00000E-040  1.00000E-040  1.00000E-040  1.00000E-040  1.00000E-040  1.00000E-040  1.00000E-040  1.28286E-020  1.00000E-040  1.00000E-040  3.25092E-016  4.68128E-007  1.20256E-006  1.51282E-011  9.23757E-010  2.11522E-003  4.17585E-009  2.83210E-004  2.37560E-019  1.30746E-011  1.00000E-040  3.96085E-038  1.52278E-025  2.70639E-016  5.25123E-007  3.83316E-023  5.67814E-032  1.69402E-034  1.93072E-033  1.00000E-040  4.93895E-022  1.33124E-021  1.80778E-017  5.25626E-015  8.99568E-038  1.00000E-040  1.49423E-014  4.86029E-036  3.99531E-011  1.00570E-014  9.97596E-001  5.67565E-021  6.32734E-023  1.82708E-019  9.60938E-036  1.11027E-036  1.81145E-025  5.36368E-023  1.18021E-010  8.60656E-017  4.52017E-012  1.05370E-016  1.05716E-008  1.04262E-011  3.02439E-006  1.67780E-011  1.89115E-013  2.72221E-019  2.87567E-011  3.20532E-011  1.25853E-014  1.00000E-040  1.00000E-040  1.00000E-040  1.00000E-040  2.65030E-034  1.00000E-040  1.55157E-017  3.36115E-014  2.89689E-021  7.85369E-021  1.08791E-030  1.00000E-040  6.99260E-030  1.00000E-040  1.00000E-040  9.64342E-037  2.98663E-034  3.70387E-023  4.89837E-018  6.12322E-030  2.32697E-030  3.18483E-022  1.16555E-018  4.46811E-015  7.48910E-015  1.33505E-021  2.69027E-015  1.00000E-040  1.10325E-012  6.90288E-035  4.12141E-023  9.15342E-028  1.74604E-016  6.06041E-026  3.11214E-014  1.35064E-022  3.09298E-017  4.00158E-036  3.27566E-014  1.00000E-040  1.60495E-036  1.35518E-021  1.00000E-040  8.56105E-027  1.16415E-011  1.00000E-040  1.00000E-003  1.00000E-005  1.00000E-005  1.00000E-005  1.00000E-005  1.00000E-005  1.00000E-005  1.00000E-005  1.00000E-005  1.00000E-005  1.00000E-005  1.00000E-005  1.00000E-005  1.00000E-005  1.00000E-005  1.00000E-005  
2.85000E+001  1.18044E-002  4.75222E+017  1.79914E+002  1.22719E+004  1.00000E-040  1.00000E-040  1.00000E-040  2.69239E-013  1.00000E-040  1.00000E-040  1.00000E-040  1.00000E-040  1.00000E-040  1.00000E-040  1.00000E-040  1.00000E-040  1.00000E-040  1.00000E-040  1.03017E-020  1.00000E-040  1.00000E-040  9.39921E-016  4.66857E-007  1.24679E-006  2.48616E-011  1.58627E-009  2.11506E-003  3.86483E-009  2.83207E-004  3.93183E-019  1.40218E-011  1.00000E-040  1.69321E-037  4.27776E-025  4.60553E-016  5.03388E-007  1.70360E-023  1.00000E-040  1.00000E-040  1.00000E-040  1.00000E-040  1.30726E-022  5.19811E-022  7.38256E-018  1.69906E-015  7.09022E-038  1.00000E-040  3.99819E-015  8.21389E-036  3.93025E-011  1.50094E-014  9.97596E-001  6.64168E-021  3.59829E-023  1.28510E-019  9.38652E-036  2.05144E-036  2.41515E-025  7.41236E-023  1.00002E-010  5.70502E-017  4.70794E-012  1.01986E-016  8.01776E-009  1.02302E-011  3.07064E-006  9.57304E-012  1.05680E-013  1.50413E-019  2.03324E-011  1.81005E-011  4.80823E-015  1.00000E-040  1.00000E-040  2.18646E-040  1.00000E-040  4.71205E-035  1.00000E-040  2.27827E-017  5.68976E-014  4.35331E-021  1.19705E-020  1.44840E-030  1.00000E-040  8.48772E-030  2.81806E-040  1.00000E-040  7.32747E-037  6.79892E-034  5.23512E-023  4.24801E-018  1.73084E-029  3.15434E-030  1.42760E-022  2.70900E-019  6.00517E-015  6.72990E-015  1.98054E-021  7.52281E-016  1.00000E-040  1.21801E-012  1.47842E-034  6.02475E-023  1.55544E-027  1.74598E-016  7.86351E-026  2.59137E-014  6.36420E-023  4.97406E-017  6.74747E-037  3.27174E-014  1.00000E-040  3.28482E-036  2.65534E-021  1.00000E-040  1.31719E-026  1.03703E-011  1.00000E-040  1.00000E-003  1.00000E-005  1.00000E-005  1.00000E-005  1.00000E-005  1.00000E-005  1.00000E-005  1.00000E-005  1.00000E-005  1.00000E-005  1.00000E-005  1.00000E-005  1.00000E-005  1.00000E-005  1.00000E-005  1.00000E-005  
2.95000E+001  9.83337E-003  3.95228E+017  1.80207E+002  1.33027E+004  1.00000E-040  1.00000E-040  1.00000E-040  8.23445E-014  1.00000E-040  1.00000E-040  1.00000E-040  1.00000E-040  1.00000E-040  1.00000E-040  1.00000E-040  1.00000E-040  1.00000E-040  1.00000E-040  7.71608E-021  1.00000E-040  1.00000E-040  2.78991E-015  4.66683E-007  1.28917E-006  4.00759E-011  2.68732E-009  2.11515E-003  3.58757E-009  2.83203E-004  6.31998E-019  1.45840E-011  1.00000E-040  1.01621E-036  1.16883E-024  7.76311E-016  4.81998E-007  6.62815E-024  1.00000E-040  1.00000E-040  1.00000E-040  1.00000E-040  2.96410E-023  1.75893E-022  2.66619E-018  4.92959E-016  4.68276E-038  1.00000E-040  9.16979E-016  1.37690E-035  3.86258E-011  2.01549E-014  9.97596E-001  7.62339E-021  2.03949E-023  9.04352E-020  9.22528E-036  3.64597E-036  3.15741E-025  1.02327E-022  8.56615E-011  3.74149E-017  4.78539E-012  9.80844E-017  6.08494E-009  1.09273E-011  2.94637E-006  5.21433E-012  5.24075E-014  7.38295E-020  1.44989E-011  9.66257E-012  1.69724E-015  1.00000E-040  1.00000E-040  1.00000E-040  1.00000E-040  8.40961E-036  1.00000E-040  3.36957E-017  9.54624E-014  6.52065E-021  1.82354E-020  2.01472E-030  1.00000E-040  1.03919E-029  1.09833E-039  1.00000E-040  4.83412E-037  1.51731E-033  7.42168E-023  3.63283E-018  4.76750E-029  4.18590E-030  5.56873E-023  5.25511E-020  7.79125E-015  6.00733E-015  2.65639E-021  1.88105E-016  1.00000E-040  1.32083E-012  3.02964E-034  8.75459E-023  2.76287E-027  1.74592E-016  1.00950E-025  2.14804E-014  2.61457E-023  7.84382E-017  1.13641E-037  3.26748E-014  1.00000E-040  7.05885E-036  5.06929E-021  1.00000E-040  2.11359E-026  9.19347E-012  1.00000E-040  1.00000E-003  1.00000E-005  1.00000E-005  1.00000E-005  1.00000E-005  1.00000E-005  1.00000E-005  1.00000E-005  1.00000E-005  1.00000E-005  1.00000E-005  1.00000E-005  1.00000E-005  1.00000E-005  1.00000E-005  1.00000E-005  
3.05000E+001  8.19336E-003  3.29262E+017  1.80234E+002  1.46946E+004  1.00000E-040  1.00000E-040  1.00000E-040  2.30040E-014  1.00000E-040  1.00000E-040  1.00000E-040  1.00000E-040  1.00000E-040  1.00000E-040  1.00000E-040  1.00000E-040  1.00000E-040  1.00000E-040  5.31688E-021  1.00000E-040  1.00000E-040  8.23727E-015  4.68063E-007  1.32878E-006  6.28141E-011  4.48321E-009  2.11549E-003  3.35024E-009  2.83195E-004  9.77375E-019  1.47099E-011  1.00000E-040  9.84307E-036  3.02021E-024  1.27974E-015  4.61179E-007  2.20144E-024  5.68047E-033  5.18507E-035  5.79915E-034  1.00000E-040  5.59600E-024  4.92124E-023  8.25224E-019  1.25834E-016  2.49642E-038  1.00000E-040  1.78985E-016  2.14423E-035  3.79160E-011  2.42770E-014  9.97596E-001  8.02303E-021  1.09812E-023  6.03687E-020  9.11942E-036  6.07812E-036  3.96009E-025  1.36410E-022  7.52699E-011  2.46115E-017  4.78834E-012  8.78122E-017  4.62175E-009  1.25975E-011  2.65779E-006  2.73996E-012  2.41263E-014  2.94858E-020  1.06505E-011  4.93559E-012  5.37999E-016  1.00000E-040  1.00000E-040  1.00000E-040  1.00000E-040  1.38569E-036  1.00000E-040  4.94155E-017  1.56356E-013  9.52626E-021  2.71052E-020  2.95270E-030  1.00000E-040  1.28300E-029  4.47309E-039  1.00000E-040  2.64834E-037  3.17066E-033  1.02345E-022  3.02682E-018  1.23337E-028  5.26211E-030  1.93140E-023  8.15830E-021  9.71513E-015  5.33312E-015  3.16308E-021  4.20863E-017  9.27737E-039  1.40972E-012  5.83836E-034  1.22919E-022  4.88175E-027  1.74586E-016  1.23366E-025  1.77374E-014  9.18877E-024  1.21127E-016  1.75015E-038  3.26284E-014  1.00000E-040  1.54277E-035  9.09219E-021  1.00000E-040  3.31776E-026  8.12981E-012  1.00000E-040  1.00000E-003  1.00000E-005  1.00000E-005  1.00000E-005  1.00000E-005  1.00000E-005  1.00000E-005  1.00000E-005  1.00000E-005  1.00000E-005  1.00000E-005  1.00000E-005  1.00000E-005  1.00000E-005  1.00000E-005  1.00000E-005  
3.15000E+001  6.82568E-003  2.75108E+017  1.79705E+002  1.63646E+004  1.00000E-040  1.00000E-040  1.00000E-040  5.84910E-015  1.00000E-040  1.00000E-040  1.00000E-040  1.00000E-040  1.00000E-040  1.00000E-040  1.00000E-040  1.00000E-040  1.00000E-040  1.00000E-040  3.35389E-021  1.00000E-040  1.00000E-040  2.27898E-014  4.71476E-007  1.36372E-006  9.30301E-011  7.25805E-009  2.11598E-003  3.19096E-009  2.83183E-004  1.41324E-018  1.43374E-011  1.00000E-040  2.15985E-033  6.84198E-024  1.97974E-015  4.41653E-007  6.38529E-025  2.06860E-032  2.60446E-034  2.88131E-033  1.00000E-040  9.15121E-025  1.14361E-023  2.22896E-019  2.91308E-017  1.04769E-038  1.00000E-040  3.06516E-017  5.09282E-035  3.71813E-011  2.69395E-014  9.97596E-001  7.33019E-021  5.50344E-024  3.65932E-020  9.15835E-036  9.18362E-036  4.61021E-025  1.64607E-022  6.79059E-011  1.59687E-017  4.79183E-012  6.94946E-017  3.53433E-009  1.47036E-011  2.26276E-006  1.41905E-012  1.07709E-014  9.13480E-021  8.11421E-012  2.42231E-012  1.60320E-016  1.00000E-040  1.00000E-040  1.43055E-040  1.00000E-040  2.08907E-037  1.00000E-040  6.93849E-017  2.39720E-013  1.29787E-020  3.76011E-020  4.54708E-030  1.00000E-040  1.58945E-029  1.72424E-038  1.00000E-040  1.17584E-037  5.63541E-033  1.29798E-022  2.41952E-018  2.75699E-028  5.99900E-030  6.18031E-024  1.05086E-021  1.12507E-014  4.68717E-015  3.33142E-021  8.77802E-018  1.32371E-035  1.48109E-012  1.00690E-033  1.57744E-022  8.05669E-027  1.74579E-016  1.32988E-025  1.43268E-014  2.79338E-024  1.79369E-016  2.41616E-039  3.25786E-014  1.00000E-040  3.24005E-035  1.40981E-020  1.00000E-040  4.74640E-026  7.21790E-012  1.00000E-040  1.00000E-003  1.00000E-005  1.00000E-005  1.00000E-005  1.00000E-005  1.00000E-005  1.00000E-005  1.00000E-005  1.00000E-005  1.00000E-005  1.00000E-005  1.00000E-005  1.00000E-005  1.00000E-005  1.00000E-005  1.00000E-005  
3.25000E+001  5.68166E-003  2.30585E+017  1.78468E+002  1.77833E+004  1.00000E-040  1.00000E-040  1.00000E-040  1.31317E-015  1.00000E-040  1.00000E-040  1.00000E-040  1.00000E-040  1.00000E-040  1.00000E-040  1.00000E-040  1.00000E-040  1.00000E-040  1.00000E-040  1.95409E-021  1.00000E-040  1.00000E-040  5.48532E-014  4.77386E-007  1.39313E-006  1.26239E-010  1.10777E-008  2.11649E-003  3.15310E-009  2.83167E-004  1.84644E-018  1.34458E-011  1.22757E-040  4.62830E-031  1.24458E-023  2.72343E-015  4.23607E-007  1.68097E-025  6.54353E-034  1.08130E-035  1.17241E-034  1.00000E-040  1.42165E-025  2.34397E-024  5.51460E-020  6.38816E-018  3.42510E-039  1.00000E-040  4.73588E-018  2.14441E-033  3.64129E-011  2.87948E-014  9.97596E-001  5.74910E-021  2.65363E-024  1.99750E-020  9.63183E-036  1.25516E-035  4.93924E-025  1.72001E-022  6.18452E-011  9.93409E-018  4.86266E-012  4.79902E-017  2.72185E-009  1.61589E-011  1.84914E-006  7.49138E-013  4.87659E-015  2.16236E-021  6.32184E-012  1.15175E-012  5.64153E-017  1.00000E-040  1.00000E-040  1.00000E-040  1.00000E-040  3.18032E-038  1.00000E-040  8.99112E-017  3.27519E-013  1.58330E-020  4.67075E-020  7.34021E-030  1.00000E-040  1.97381E-029  1.00000E-040  1.00000E-040  4.15429E-038  7.89086E-033  1.45072E-022  1.85116E-018  4.85540E-028  6.11451E-030  1.87775E-024  1.26707E-022  1.15994E-014  4.05965E-015  3.15832E-021  1.79052E-018  1.40708E-032  1.53469E-012  1.50488E-033  1.77378E-022  1.17476E-026  1.74573E-016  1.20974E-025  1.10849E-014  7.48317E-025  2.46309E-016  3.30053E-040  3.25248E-014  1.00000E-040  1.00000E-040  1.72462E-020  1.00000E-040  5.83085E-026  6.46021E-012  6.33825E-031  1.00000E-003  1.00000E-005  1.00000E-005  1.00000E-005  1.00000E-005  1.00000E-005  1.00000E-005  1.00000E-005  1.00000E-005  1.00000E-005  1.00000E-005  1.00000E-005  1.00000E-005  1.00000E-005  1.00000E-005  1.00000E-005  
3.35000E+001  4.72295E-003  1.93329E+017  1.76943E+002  1.94692E+004  1.00000E-040  1.00000E-040  1.00000E-040  2.68175E-016  1.00000E-040  1.00000E-040  1.00000E-040  1.00000E-040  1.00000E-040  1.00000E-040  1.00000E-040  1.00000E-040  1.00000E-040  1.00000E-040  1.07545E-021  1.00000E-040  1.00000E-040  1.14195E-013  4.86158E-007  1.41676E-006  1.57358E-010  1.58585E-008  2.11694E-003  3.26402E-009  2.83146E-004  2.19517E-018  1.22388E-011  2.93050E-040  3.79501E-029  1.82723E-023  3.30638E-015  4.06989E-007  4.26542E-026  1.00000E-040  1.00000E-040  1.00000E-040  1.00000E-040  2.30857E-026  4.65368E-025  1.33486E-020  1.39569E-018  9.31044E-040  1.00000E-040  6.81631E-019  1.20315E-031  3.55969E-011  3.05911E-014  9.97596E-001  4.26840E-021  1.35008E-024  1.05699E-020  5.96711E-036  1.56025E-035  4.88367E-025  1.55204E-022  5.61851E-011  5.79769E-018  5.02999E-012  3.19145E-017  2.10913E-009  1.62939E-011  1.48504E-006  4.18249E-013  2.32268E-015  4.44567E-022  4.93516E-012  5.44396E-013  3.11614E-017  1.00000E-040  1.00000E-040  1.00000E-040  1.00000E-040  5.83909E-039  1.00000E-040  1.05025E-016  3.95618E-013  1.70652E-020  5.14639E-020  1.22501E-029  1.00000E-040  1.36864E-029  9.38241E-038  1.00000E-040  1.24298E-038  8.74028E-033  1.42063E-022  1.38695E-018  6.83582E-028  5.78105E-030  5.47424E-025  1.62878E-023  1.04798E-014  3.45346E-015  2.78874E-021  3.75087E-019  6.09513E-036  1.57246E-012  1.92659E-033  1.73971E-022  1.55001E-026  1.74568E-016  9.29996E-026  8.11348E-015  1.84189E-025  3.11212E-016  1.00000E-040  3.24663E-014  1.00000E-040  6.33335E-035  1.68474E-020  1.00000E-040  6.44242E-026  5.84028E-012  9.63056E-033  1.00000E-003  1.00000E-005  1.00000E-005  1.00000E-005  1.00000E-005  1.00000E-005  1.00000E-005  1.00000E-005  1.00000E-005  1.00000E-005  1.00000E-005  1.00000E-005  1.00000E-005  1.00000E-005  1.00000E-005  1.00000E-005  
3.45000E+001  3.91998E-003  1.61827E+017  1.75449E+002  2.14942E+004  1.00000E-040  1.00000E-040  1.00000E-040  8.61332E-017  1.00000E-040  1.00000E-040  1.00000E-040  1.00000E-040  1.00000E-040  1.00000E-040  1.00000E-040  1.00000E-040  1.00000E-040  1.00000E-040  5.68616E-022  1.00000E-040  1.00000E-040  2.14787E-013  4.97867E-007  1.43462E-006  1.85285E-010  2.16606E-008  2.11726E-003  3.52438E-009  2.83121E-004  2.45096E-018  1.09346E-011  1.23403E-038  1.42101E-027  2.42451E-023  3.61961E-015  3.91749E-007  1.12144E-026  4.69179E-033  1.08686E-034  1.17047E-033  1.00000E-040  4.14826E-027  9.68494E-026  3.37007E-021  3.20049E-019  2.47724E-040  1.00000E-040  9.53784E-020  3.89529E-030  3.47291E-011  3.25727E-014  9.97596E-001  3.20664E-021  7.57466E-025  5.71255E-021  4.87867E-036  1.97994E-035  4.96604E-025  1.28966E-022  5.08881E-011  3.17837E-018  5.28217E-012  2.18672E-017  1.64824E-009  1.53865E-011  1.19811E-006  2.49885E-013  1.17731E-015  9.11721E-023  3.83313E-012  2.62871E-013  2.07716E-017  1.00000E-040  1.00000E-040  1.00000E-040  1.00000E-040  1.37082E-039  1.00000E-040  1.10428E-016  4.31111E-013  1.64002E-020  5.08362E-020  2.06430E-029  1.00000E-040  1.20305E-029  1.71447E-037  1.00000E-040  3.68511E-039  8.42484E-033  1.24013E-022  1.04035E-018  8.36771E-028  8.08482E-030  1.59333E-025  2.42901E-024  8.41859E-015  2.89252E-015  2.33262E-021  8.43244E-020  1.62268E-038  1.59741E-012  2.38745E-033  1.51688E-022  1.93806E-026  1.74565E-016  6.49176E-026  5.60012E-015  4.47092E-026  3.69054E-016  1.00000E-040  3.24031E-014  1.36104E-030  7.61327E-035  1.43017E-020  1.00000E-040  6.81877E-026  5.33800E-012  2.61184E-032  1.00000E-003  1.00000E-005  1.00000E-005  1.00000E-005  1.00000E-005  1.00000E-005  1.00000E-005  1.00000E-005  1.00000E-005  1.00000E-005  1.00000E-005  1.00000E-005  1.00000E-005  1.00000E-005  1.00000E-005  1.00000E-005  
3.55000E+001  3.24892E-003  1.35081E+017  1.74205E+002  2.36775E+004  1.00000E-040  1.00000E-040  1.00000E-040  3.62110E-017  1.00000E-040  1.00000E-040  1.00000E-040  1.00000E-040  1.00000E-040  1.00000E-040  1.00000E-040  1.00000E-040  1.00000E-040  1.00000E-040  2.93348E-022  1.00000E-040  1.00000E-040  3.82622E-013  5.12510E-007  1.44733E-006  2.11528E-010  2.87711E-008  2.11747E-003  3.93384E-009  2.83090E-004  2.64213E-018  9.66699E-012  4.14354E-037  2.83059E-026  5.61753E-023  3.66656E-015  3.77585E-007  3.23914E-027  1.00000E-040  1.00000E-040  1.00000E-040  1.00000E-040  8.48879E-028  2.22173E-026  9.28714E-022  8.00894E-020  1.28971E-040  1.00000E-040  1.33703E-020  7.28489E-029  3.38004E-011  3.47697E-014  9.97596E-001  2.51129E-021  4.73597E-025  3.21740E-021  4.09664E-036  5.35463E-035  1.07990E-024  1.76297E-022  4.61261E-011  1.66246E-018  5.61418E-012  1.59277E-017  1.29976E-009  1.39769E-011  9.79163E-007  1.58705E-013  6.30459E-016  2.07598E-023  2.96026E-012  1.30961E-013  1.55603E-017  1.00000E-040  1.00000E-040  1.00000E-040  1.00000E-040  4.08518E-040  1.00000E-040  1.06143E-016  4.34822E-013  1.43803E-020  4.61220E-020  3.45978E-029  1.00000E-040  1.06055E-029  2.96189E-037  1.00000E-040  2.15691E-039  1.29862E-032  9.92558E-023  7.91568E-019  1.24658E-027  4.89695E-029  4.74246E-026  4.35200E-025  6.12838E-015  2.39058E-015  1.86691E-021  2.07627E-020  2.26139E-040  1.61305E-012  6.04639E-033  1.21118E-022  2.39779E-026  1.74566E-016  7.37962E-026  3.65064E-015  1.13435E-026  4.19801E-016  1.00000E-040  3.23348E-014  1.00000E-040  8.94097E-035  1.49706E-020  1.00000E-040  7.28908E-026  4.92611E-012  2.96417E-032  1.00000E-003  1.00000E-005  1.00000E-005  1.00000E-005  1.00000E-005  1.00000E-005  1.00000E-005  1.00000E-005  1.00000E-005  1.00000E-005  1.00000E-005  1.00000E-005  1.00000E-005  1.00000E-005  1.00000E-005  1.00000E-005  
3.65000E+001  2.68980E-003  1.12379E+017  1.73361E+002  2.67395E+004  1.00000E-040  1.00000E-040  1.00000E-040  1.26333E-017  1.00000E-040  1.00000E-040  1.00000E-040  1.00000E-040  1.00000E-040  1.00000E-040  1.00000E-040  1.00000E-040  1.00000E-040  1.00000E-040  1.50407E-022  1.00000E-040  1.00000E-040  6.66470E-013  5.29920E-007  1.45552E-006  2.38006E-010  3.76153E-008  2.11761E-003  4.49881E-009  2.83055E-004  2.79567E-018  8.49858E-012  8.36043E-036  3.37857E-025  3.99164E-022  3.50639E-015  3.64258E-007  1.08567E-027  4.80634E-034  1.35843E-035  1.43859E-034  1.00000E-040  2.05163E-028  5.89784E-027  2.92530E-022  2.28277E-020  2.39941E-040  1.00000E-040  1.93480E-021  8.43632E-028  3.28095E-011  3.73154E-014  9.97596E-001  2.06356E-021  3.30784E-025  1.88904E-021  3.49825E-036  3.86480E-034  6.27194E-024  8.58386E-022  4.20880E-011  8.61241E-019  6.04040E-012  1.24099E-017  1.03658E-009  1.24424E-011  8.09190E-007  1.06131E-013  3.52998E-016  5.74833E-024  2.27999E-012  6.73740E-014  1.35389E-017  1.00000E-040  1.00000E-040  1.15490E-040  1.00000E-040  1.52433E-040  1.00000E-040  9.52716E-017  4.14306E-013  1.18417E-020  3.95961E-020  5.70538E-029  2.36984E-040  9.38189E-030  5.02712E-037  1.00000E-040  4.54644E-039  7.05504E-032  7.50327E-023  6.16100E-019  5.16512E-027  3.94378E-028  1.47023E-026  9.63441E-026  4.10938E-015  1.95203E-015  1.44860E-021  5.68356E-021  1.83277E-039  1.62219E-012  3.93928E-032  9.15722E-023  3.03506E-026  1.74570E-016  2.96175E-025  2.25781E-015  3.17600E-027  4.64320E-016  1.00000E-040  3.22616E-014  1.00000E-040  1.04878E-034  4.33299E-020  1.00000E-040  8.17138E-026  4.58371E-012  1.34869E-031  1.00000E-003  1.00000E-005  1.00000E-005  1.00000E-005  1.00000E-005  1.00000E-005  1.00000E-005  1.00000E-005  1.00000E-005  1.00000E-005  1.00000E-005  1.00000E-005  1.00000E-005  1.00000E-005  1.00000E-005  1.00000E-005  
3.75000E+001  2.22556E-003  9.31489E+016  1.73053E+002  2.97405E+004  1.00000E-040  1.00000E-040  1.00000E-040  1.00000E-040  1.00000E-040  1.00000E-040  1.00000E-040  1.00000E-040  1.00000E-040  1.00000E-040  1.00000E-040  1.00000E-040  1.00000E-040  1.00000E-040  7.82035E-023  1.00000E-040  1.00000E-040  1.15692E-012  5.50010E-007  1.45995E-006  2.66450E-010  4.86757E-008  2.11769E-003  5.22870E-009  2.83016E-004  2.92780E-018  7.44452E-012  1.13051E-034  2.66505E-024  2.98016E-021  3.21456E-015  3.51443E-007  4.51764E-028  2.72122E-034  7.96272E-036  8.83911E-035  1.00000E-040  6.25146E-029  1.94326E-027  1.12510E-022  7.90908E-021  5.82644E-040  1.00000E-040  2.94658E-022  6.57966E-027  3.17505E-011  4.04810E-014  9.97596E-001  1.78134E-021  2.60394E-025  1.15047E-021  3.02208E-036  2.77971E-033  3.62641E-023  4.88079E-021  3.88555E-011  4.72473E-019  6.59569E-012  1.03274E-017  8.36557E-010  1.09804E-011  6.71676E-007  7.41518E-014  2.04803E-016  2.15707E-024  1.75619E-012  3.56838E-014  1.35461E-017  1.00000E-040  1.00000E-040  1.00000E-040  1.00000E-040  1.00000E-040  1.00000E-040  8.16653E-017  3.78821E-013  9.56131E-021  3.36014E-020  9.24461E-029  1.02560E-039  8.32343E-030  8.57674E-037  1.00000E-040  1.26172E-038  4.47703E-031  5.52123E-023  4.94051E-019  3.48783E-026  2.31435E-027  4.78002E-027  2.77240E-026  2.57506E-015  1.57450E-015  1.10862E-021  1.73608E-021  1.29553E-038  1.62692E-012  2.46323E-031  6.87293E-023  4.05248E-026  1.74579E-016  1.37666E-024  1.33380E-015  1.05241E-027  5.02302E-016  1.00000E-040  3.21831E-014  1.00000E-040  1.24564E-034  1.99068E-019  1.00000E-040  9.89163E-026  4.29206E-012  5.88676E-031  1.00000E-003  1.00000E-005  1.00000E-005  1.00000E-005  1.00000E-005  1.00000E-005  1.00000E-005  1.00000E-005  1.00000E-005  1.00000E-005  1.00000E-005  1.00000E-005  1.00000E-005  1.00000E-005  1.00000E-005  1.00000E-005  
3.85000E+001  1.84111E-003  7.71135E+016  1.72928E+002  3.29242E+004  1.00000E-040  1.00000E-040  1.00000E-040  1.00000E-040  1.00000E-040  1.00000E-040  1.00000E-040  1.00000E-040  1.00000E-040  1.00000E-040  1.00000E-040  1.00000E-040  1.00000E-040  1.00000E-040  4.18685E-023  1.00000E-040  1.00000E-040  1.99778E-012  5.73022E-007  1.46125E-006  2.99268E-010  6.22141E-008  2.11773E-003  6.12197E-009  2.82972E-004  3.03579E-018  6.48346E-012  1.11245E-033  1.52762E-023  1.69696E-020  2.85133E-015  3.38680E-007  2.96596E-028  1.00000E-040  1.00000E-040  1.00000E-040  1.00000E-040  3.04724E-029  1.01298E-027  6.71227E-023  4.26643E-021  1.74059E-039  1.00000E-040  4.72222E-023  3.80804E-026  3.06023E-011  4.44909E-014  9.97596E-001  1.56211E-021  2.22242E-025  7.12264E-022  2.63807E-036  1.61280E-032  1.69214E-022  2.14855E-020  3.64221E-011  3.02233E-019  7.29450E-012  8.80821E-018  6.81447E-010  9.77304E-012  5.59746E-007  5.38009E-014  1.23071E-016  1.33426E-024  1.36752E-012  1.96312E-014  1.35396E-017  1.00000E-040  1.00000E-040  1.00000E-040  1.00000E-040  1.00000E-040  1.00000E-040  6.82257E-017  3.35516E-013  8.22148E-021  3.03110E-020  1.48224E-028  5.28335E-039  7.38609E-030  1.46332E-036  1.00000E-040  4.27499E-038  2.21072E-030  4.04114E-023  4.06896E-019  2.08114E-025  1.01851E-026  1.67067E-027  1.31272E-026  1.55082E-015  1.26190E-015  8.44139E-022  5.82112E-022  6.67160E-038  1.62869E-012  1.22741E-030  5.56505E-023  5.65116E-026  1.74596E-016  4.98056E-024  7.68154E-016  5.39514E-028  5.34053E-016  1.00000E-040  3.20978E-014  1.00000E-040  1.49119E-034  8.12094E-019  1.00000E-040  1.23728E-025  4.03393E-012  2.33752E-030  1.00000E-003  1.00000E-005  1.00000E-005  1.00000E-005  1.00000E-005  1.00000E-005  1.00000E-005  1.00000E-005  1.00000E-005  1.00000E-005  1.00000E-005  1.00000E-005  1.00000E-005  1.00000E-005  1.00000E-005  1.00000E-005  
3.95000E+001  1.52297E-003  6.38194E+016  1.72845E+002  3.69865E+004  1.00000E-040  1.00000E-040  1.00000E-040  1.00000E-040  1.00000E-040  1.00000E-040  1.00000E-040  1.00000E-040  1.00000E-040  1.00000E-040  1.00000E-040  1.00000E-040  1.00000E-040  1.00000E-040  2.36657E-023  1.00000E-040  1.00000E-040  3.44552E-012  5.98912E-007  1.45988E-006  3.39345E-010  7.86045E-008  2.11773E-003  7.17638E-009  2.82923E-004  3.13038E-018  5.61935E-012  8.93406E-033  7.13959E-023  7.92119E-020  2.47646E-015  3.25765E-007  4.65424E-028  1.00000E-040  1.00000E-040  1.00000E-040  1.00000E-040  3.60371E-029  1.26573E-027  9.38502E-023  5.44534E-021  1.03438E-038  1.00000E-040  8.04508E-024  1.86718E-025  2.93612E-011  4.97264E-014  9.97596E-001  1.37948E-021  1.99851E-025  4.46056E-022  2.32292E-036  8.02630E-032  6.77569E-022  7.79685E-020  3.48440E-011  2.37378E-019  8.18264E-012  7.60208E-018  5.60656E-010  8.87991E-012  4.67606E-007  4.05404E-014  7.67718E-017  1.99507E-024  1.08547E-012  1.13292E-014  1.35272E-017  1.00000E-040  1.00000E-040  1.00000E-040  1.00000E-040  1.00000E-040  1.00000E-040  5.68614E-017  2.91312E-013  8.86007E-021  3.40212E-020  2.34701E-028  4.29587E-038  6.54809E-030  2.50851E-036  1.00000E-040  2.82129E-037  9.08902E-030  3.01685E-023  3.45211E-019  1.14397E-024  3.72680E-026  6.34502E-028  1.53475E-026  9.14994E-016  1.00743E-015  6.47833E-022  2.12449E-022  2.87376E-037  1.62839E-012  5.24744E-030  5.71542E-023  8.35130E-026  1.74622E-016  1.50354E-023  4.37710E-016  6.57749E-028  5.60167E-016  1.00000E-040  3.20057E-014  1.00000E-040  1.80115E-034  3.06471E-018  1.00000E-040  1.57539E-025  3.80049E-012  8.44650E-030  1.00000E-003  1.00000E-005  1.00000E-005  1.00000E-005  1.00000E-005  1.00000E-005  1.00000E-005  1.00000E-005  1.00000E-005  1.00000E-005  1.00000E-005  1.00000E-005  1.00000E-005  1.00000E-005  1.00000E-005  1.00000E-005  
4.05000E+001  1.25975E-003  5.28269E+016  1.72721E+002  4.09878E+004  1.00000E-040  1.00000E-040  1.00000E-040  1.00000E-040  1.00000E-040  1.00000E-040  1.00000E-040  1.00000E-040  1.00000E-040  1.00000E-040  1.00000E-040  1.00000E-040  1.00000E-040  1.00000E-040  1.45036E-023  1.00000E-040  1.00000E-040  5.95097E-012  6.27744E-007  1.45622E-006  3.90249E-010  9.81216E-008  2.11769E-003  8.41161E-009  2.82870E-004  3.23675E-018  4.87954E-012  6.55465E-032  3.04552E-022  3.38206E-019  2.13330E-015  3.12479E-007  1.21212E-027  1.00000E-040  1.00000E-040  1.00000E-040  1.00000E-040  7.24031E-029  2.64615E-027  2.13860E-022  1.15006E-020  9.28157E-038  1.00000E-040  1.46441E-024  8.68866E-025  2.80196E-011  5.66042E-014  9.97597E-001  1.22521E-021  1.84840E-025  2.82783E-022  2.06104E-036  3.70914E-031  2.51991E-021  2.59853E-019  3.41653E-011  2.24940E-019  9.33000E-012  6.60435E-018  4.65821E-010  8.31065E-012  3.90456E-007  3.17817E-014  4.98574E-017  5.08600E-024  8.83567E-013  6.91335E-015  1.35088E-017  1.00000E-040  1.00000E-040  1.00000E-040  1.00000E-040  1.00000E-040  1.00000E-040  4.84443E-017  2.51544E-013  1.40187E-020  5.54685E-020  3.66759E-028  4.62720E-037  5.78715E-030  4.33639E-036  1.00000E-040  2.70878E-036  3.47928E-029  2.36076E-023  3.06442E-019  6.23857E-024  1.26304E-025  2.62098E-028  3.06886E-026  5.38547E-016  8.02003E-016  5.08017E-022  8.33795E-023  1.16177E-036  1.62658E-012  2.10061E-029  8.72146E-023  1.35232E-025  1.74660E-016  4.24516E-023  2.50614E-016  1.34417E-027  5.80331E-016  1.00000E-040  3.19062E-014  1.00000E-040  2.19559E-034  1.14036E-017  1.00000E-040  2.02520E-025  3.58426E-012  2.82022E-029  1.00000E-003  1.00000E-005  1.00000E-005  1.00000E-005  1.00000E-005  1.00000E-005  1.00000E-005  1.00000E-005  1.00000E-005  1.00000E-005  1.00000E-005  1.00000E-005  1.00000E-005  1.00000E-005  1.00000E-005  1.00000E-005  
4.15000E+001  1.04186E-003  4.37578E+016  1.72453E+002  4.51719E+004  1.00000E-040  1.00000E-040  1.00000E-040  1.00000E-040  1.00000E-040  1.00000E-040  1.00000E-040  1.00000E-040  1.00000E-040  1.00000E-040  1.00000E-040  1.00000E-040  1.00000E-040  1.00000E-040  9.81585E-024  1.00000E-040  1.00000E-040  1.02961E-011  6.59916E-007  1.45047E-006  4.56930E-010  1.20786E-007  2.11763E-003  9.90220E-009  2.82810E-004  3.44464E-018  4.37466E-012  4.56693E-031  1.23607E-021  1.37857E-018  1.86104E-015  2.98501E-007  3.29420E-027  1.00000E-040  1.00000E-040  1.00000E-040  1.00000E-040  1.56239E-028  5.85322E-027  5.00035E-022  2.54492E-020  8.35638E-037  1.00000E-040  2.83032E-025  3.84335E-024  2.65563E-011  6.54812E-014  9.97597E-001  1.09413E-021  1.71503E-025  1.81995E-022  1.84017E-036  1.63467E-030  8.93635E-021  8.29977E-019  3.44393E-011  2.44121E-019  1.08341E-011  5.74587E-018  3.90035E-010  8.07697E-012  3.25003E-007  2.59855E-014  3.38366E-017  1.45484E-023  7.41187E-013  4.49560E-015  1.34813E-017  1.00000E-040  1.00000E-040  1.00000E-040  1.00000E-040  1.00000E-040  1.00000E-040  4.32421E-017  2.21442E-013  3.07926E-020  1.23857E-019  5.66676E-028  4.93089E-036  5.07718E-030  7.55339E-036  1.00000E-040  2.49669E-035  1.29781E-028  1.99108E-023  2.99600E-019  3.14568E-023  4.14323E-025  1.17019E-028  6.60513E-026  3.24922E-016  6.37179E-016  4.14909E-022  3.44774E-023  4.45489E-036  1.62361E-012  8.15837E-029  1.87130E-022  2.49426E-025  1.74714E-016  1.17881E-022  1.47859E-016  2.93834E-027  5.93723E-016  1.00000E-040  3.17976E-014  1.09463E-037  2.69272E-034  3.90026E-017  1.00000E-040  2.59682E-025  3.37758E-012  8.74694E-029  1.00000E-003  1.00000E-005  1.00000E-005  1.00000E-005  1.00000E-005  1.00000E-005  1.00000E-005  1.00000E-005  1.00000E-005  1.00000E-005  1.00000E-005  1.00000E-005  1.00000E-005  1.00000E-005  1.00000E-005  1.00000E-005  
4.25000E+001  8.61378E-004  3.62710E+016  1.72009E+002  5.04170E+004  1.00000E-040  1.00000E-040  1.00000E-040  1.00000E-040  1.00000E-040  1.00000E-040  1.00000E-040  1.00000E-040  1.00000E-040  1.00000E-040  1.00000E-040  1.00000E-040  1.00000E-040  1.00000E-040  7.33952E-024  1.00000E-040  1.00000E-040  1.78689E-011  6.95459E-007  1.44283E-006  5.46519E-010  1.46311E-007  2.11753E-003  1.17930E-008  2.82745E-004  4.06640E-018  4.41611E-012  2.90878E-030  4.59334E-021  5.16272E-018  1.72871E-015  2.83725E-007  8.30606E-027  2.54275E-035  9.14928E-037  9.60619E-036  1.00000E-040  3.23484E-028  1.22229E-026  1.06447E-021  5.25484E-020  6.52429E-036  1.00000E-040  5.82438E-026  1.50662E-023  2.49694E-011  7.66056E-014  9.97597E-001  9.91389E-022  1.57581E-025  1.20084E-022  1.65406E-036  6.69094E-030  2.93933E-020  2.44980E-018  3.57460E-011  2.91148E-019  1.28498E-011  5.02172E-018  3.29178E-010  8.20459E-012  2.68603E-007  2.22167E-014  2.40660E-017  4.22419E-023  6.42132E-013  3.13563E-015  1.34391E-017  1.00000E-040  1.00000E-040  1.00000E-040  1.00000E-040  1.00000E-040  1.00000E-040  4.14274E-017  2.10090E-013  7.55487E-020  3.03799E-019  8.61667E-028  4.25904E-035  4.40448E-030  1.32672E-035  1.00000E-040  1.89924E-034  4.56292E-028  1.86377E-023  3.58979E-019  1.34060E-022  1.27710E-024  5.64019E-029  1.35963E-025  2.12169E-016  5.05588E-016  3.69877E-022  1.48303E-023  1.51691E-035  1.61970E-012  3.00608E-028  4.54492E-022  5.25337E-025  1.74790E-016  3.12457E-022  9.47750E-017  6.14761E-027  5.98842E-016  1.00000E-040  3.16797E-014  1.30456E-038  3.31783E-034  1.12627E-016  1.00000E-040  3.31607E-025  3.17707E-012  2.48410E-028  1.00000E-003  1.00000E-005  1.00000E-005  1.00000E-005  1.00000E-005  1.00000E-005  1.00000E-005  1.00000E-005  1.00000E-005  1.00000E-005  1.00000E-005  1.00000E-005  1.00000E-005  1.00000E-005  1.00000E-005  1.00000E-005  
4.35000E+001  7.11801E-004  3.00745E+016  1.71426E+002  5.66624E+004  1.00000E-040  1.00000E-040  1.00000E-040  1.00000E-040  1.00000E-040  1.00000E-040  1.00000E-040  1.00000E-040  1.00000E-040  1.00000E-040  1.00000E-040  1.00000E-040  1.00000E-040  1.00000E-040  5.92730E-024  1.00000E-040  1.00000E-040  3.11554E-011  7.34121E-007  1.43347E-006  6.69086E-010  1.73998E-007  2.11741E-003  1.43171E-008  2.82674E-004  5.93246E-018  5.59395E-012  1.61997E-029  1.49121E-020  1.69338E-017  1.87050E-015  2.68194E-007  1.92053E-026  1.00000E-040  1.00000E-040  1.00000E-040  1.00000E-040  6.38269E-028  2.39080E-026  2.03563E-021  1.00065E-019  4.18396E-035  1.00000E-040  1.28650E-026  4.99742E-023  2.32731E-011  8.99949E-014  9.97597E-001  9.27882E-022  1.43265E-025  8.25732E-023  1.49932E-036  2.47608E-029  8.70754E-020  6.38908E-018  3.81496E-011  3.72833E-019  1.56130E-011  4.44392E-018  2.80356E-010  8.73874E-012  2.19275E-007  1.98829E-014  1.79436E-017  1.20074E-022  5.73343E-013  2.35068E-015  1.33750E-017  1.00000E-040  1.00000E-040  1.00000E-040  1.00000E-040  1.00000E-040  1.00000E-040  4.31154E-017  2.33284E-013  1.77539E-019  7.00303E-019  1.28152E-027  2.73312E-034  3.76054E-030  2.34701E-035  1.00000E-040  1.12538E-033  1.44960E-027  1.97256E-023  5.59115E-019  4.69003E-022  3.56712E-024  2.94697E-029  2.64548E-025  1.64421E-016  4.01489E-016  3.92056E-022  6.58915E-024  4.34647E-035  1.61504E-012  1.02086E-027  1.07289E-021  1.19714E-024  1.74888E-016  7.59008E-022  7.22904E-017  1.21783E-026  5.93704E-016  1.00000E-040  3.15528E-014  7.03444E-038  4.09905E-034  2.67086E-016  1.00000E-040  4.24912E-025  2.98158E-012  6.37454E-028  1.00000E-003  1.00000E-005  1.00000E-005  1.00000E-005  1.00000E-005  1.00000E-005  1.00000E-005  1.00000E-005  1.00000E-005  1.00000E-005  1.00000E-005  1.00000E-005  1.00000E-005  1.00000E-005  1.00000E-005  1.00000E-005  
4.45000E+001  5.87805E-004  2.49417E+016  1.70696E+002  6.33601E+004  1.00000E-040  1.00000E-040  1.00000E-040  1.00000E-040  1.00000E-040  1.00000E-040  1.00000E-040  1.00000E-040  1.00000E-040  1.00000E-040  1.00000E-040  1.00000E-040  1.00000E-040  1.00000E-040  4.98073E-024  1.00000E-040  1.00000E-040  5.44930E-011  7.75863E-007  1.42241E-006  8.37463E-010  2.03079E-007  2.11727E-003  1.77994E-008  2.82596E-004  1.07619E-017  8.66328E-012  7.73649E-029  4.15515E-020  4.78170E-017  2.50079E-015  2.51910E-007  4.12058E-026  1.00000E-040  1.00000E-040  1.00000E-040  1.00000E-040  1.21086E-027  4.42835E-026  3.53874E-021  1.77754E-019  2.19633E-034  1.00000E-040  3.06492E-027  1.39201E-022  2.14787E-011  1.05538E-013  9.97597E-001  9.14570E-022  1.28311E-025  6.03789E-023  1.36648E-036  8.23946E-029  2.30360E-019  1.44671E-017  4.17099E-011  5.04165E-019  1.94049E-011  3.98811E-018  2.40882E-010  9.73744E-012  1.76523E-007  1.86240E-014  1.40214E-017  3.17357E-022  5.25691E-013  1.89070E-015  1.32789E-017  1.00000E-040  1.00000E-040  1.00000E-040  1.00000E-040  1.00000E-040  1.00000E-040  4.84276E-017  3.13786E-013  3.77117E-019  1.43176E-018  1.86023E-027  1.28915E-033  3.13237E-030  4.12069E-035  1.00000E-040  5.17544E-033  4.08564E-027  2.34612E-023  1.01745E-018  1.35900E-021  8.91884E-024  1.67461E-029  4.90901E-025  1.60653E-016  3.21427E-016  5.21121E-022  2.99768E-024  1.02717E-034  1.60970E-012  3.16744E-027  2.32456E-021  2.76121E-024  1.75008E-016  1.66021E-021  6.96295E-017  2.30889E-026  5.78362E-016  1.00000E-040  3.14164E-014  4.64745E-038  5.01655E-034  5.24691E-016  1.00000E-040  5.44555E-025  2.78935E-012  1.47683E-027  1.00000E-003  1.00000E-005  1.00000E-005  1.00000E-005  1.00000E-005  1.00000E-005  1.00000E-005  1.00000E-005  1.00000E-005  1.00000E-005  1.00000E-005  1.00000E-005  1.00000E-005  1.00000E-005  1.00000E-005  1.00000E-005  
4.55000E+001  4.85012E-004  2.06809E+016  1.69863E+002  6.89710E+004  1.00000E-040  1.00000E-040  1.00000E-040  1.00000E-040  1.00000E-040  1.00000E-040  1.00000E-040  1.00000E-040  1.00000E-040  1.00000E-040  1.00000E-040  1.00000E-040  1.00000E-040  1.00000E-040  4.19967E-024  1.00000E-040  1.00000E-040  9.54479E-011  8.21278E-007  1.40937E-006  1.06498E-009  2.33547E-007  2.11711E-003  2.26900E-008  2.82510E-004  2.13977E-017  1.42026E-011  3.18101E-028  9.98354E-020  1.16671E-016  3.88624E-015  2.34704E-007  8.36892E-026  1.00000E-040  1.00000E-040  1.00000E-040  1.00000E-040  2.22860E-027  7.87588E-026  5.72893E-021  2.99914E-019  9.61973E-034  1.00000E-040  7.93493E-028  3.29602E-022  1.95801E-011  1.23563E-013  9.97598E-001  9.77436E-022  1.13664E-025  4.82453E-023  1.23100E-036  2.48663E-028  5.46952E-019  2.84258E-017  4.65543E-011  7.09340E-019  2.45125E-011  3.61678E-018  2.08186E-010  1.12289E-011  1.40369E-007  1.82410E-014  1.14616E-017  7.60338E-022  4.92627E-013  1.61647E-015  1.31359E-017  1.00000E-040  1.00000E-040  1.00000E-040  1.00000E-040  1.00000E-040  1.00000E-040  5.76101E-017  4.79050E-013  7.08740E-019  2.55389E-018  2.64100E-027  4.53864E-033  2.49791E-030  6.95596E-035  1.00000E-040  1.90129E-032  1.01563E-026  3.05139E-023  1.86843E-018  3.33243E-021  2.00056E-023  1.02471E-029  8.78962E-025  1.85416E-016  2.63538E-016  8.14414E-022  1.37294E-024  1.97886E-034  1.60365E-012  8.95006E-027  4.51704E-021  6.14773E-024  1.75140E-016  3.23345E-021  7.92492E-017  4.23306E-026  5.55357E-016  1.00000E-040  3.12675E-014  9.26648E-038  5.91832E-034  8.72636E-016  1.00000E-040  6.96249E-025  2.59670E-012  3.11813E-027  1.00000E-003  1.00000E-005  1.00000E-005  1.00000E-005  1.00000E-005  1.00000E-005  1.00000E-005  1.00000E-005  1.00000E-005  1.00000E-005  1.00000E-005  1.00000E-005  1.00000E-005  1.00000E-005  1.00000E-005  1.00000E-005  
4.65000E+001  3.99837E-004  1.71337E+016  1.69024E+002  7.80352E+004  1.00000E-040  1.00000E-040  1.00000E-040  1.00000E-040  1.00000E-040  1.00000E-040  1.00000E-040  1.00000E-040  1.00000E-040  1.00000E-040  1.00000E-040  1.00000E-040  1.00000E-040  1.00000E-040  3.45898E-024  1.00000E-040  1.00000E-040  1.67214E-010  8.69920E-007  1.39415E-006  1.36232E-009  2.66634E-007  2.11691E-003  2.94450E-008  2.82413E-004  4.16606E-017  2.22816E-011  1.14593E-027  2.10191E-019  2.49326E-016  6.25829E-015  2.16888E-007  1.62033E-025  8.81567E-035  2.74115E-036  2.92620E-035  1.00000E-040  3.94736E-027  1.34244E-025  8.76848E-021  4.82572E-019  3.55078E-033  1.00000E-040  2.51214E-028  6.77502E-022  1.76269E-011  1.44807E-013  9.97598E-001  1.17949E-021  1.00900E-025  4.35668E-023  1.05886E-036  6.80562E-028  1.16222E-018  4.88844E-017  5.27349E-011  1.02046E-018  3.11701E-011  3.29235E-018  1.81036E-010  1.31667E-011  1.10706E-007  1.85621E-014  9.72145E-018  1.65916E-021  4.68211E-013  1.44278E-015  1.29295E-017  1.00000E-040  1.00000E-040  1.00000E-040  1.00000E-040  1.00000E-040  1.00000E-040  7.05070E-017  7.50319E-013  1.16595E-018  3.96894E-018  3.64155E-027  1.22165E-032  1.84935E-030  1.07713E-034  1.00000E-040  5.73002E-032  2.22690E-026  4.15026E-023  3.20509E-018  7.09091E-021  4.02574E-023  6.79228E-030  1.51175E-024  2.23441E-016  2.27916E-016  1.32948E-021  6.32496E-025  3.04386E-034  1.59692E-012  2.26161E-026  7.75495E-021  1.26531E-023  1.75245E-016  5.54780E-021  9.40731E-017  7.43482E-026  5.28729E-016  1.00000E-040  3.11058E-014  1.00000E-040  6.45071E-034  1.25848E-015  1.00000E-040  8.90858E-025  2.40534E-012  5.97420E-027  1.00000E-003  1.00000E-005  1.00000E-005  1.00000E-005  1.00000E-005  1.00000E-005  1.00000E-005  1.00000E-005  1.00000E-005  1.00000E-005  1.00000E-005  1.00000E-005  1.00000E-005  1.00000E-005  1.00000E-005  1.00000E-005  
4.75000E+001  3.29337E-004  1.41760E+016  1.68269E+002  8.59767E+004  1.00000E-040  1.00000E-040  1.00000E-040  1.00000E-040  1.00000E-040  1.00000E-040  1.00000E-040  1.00000E-040  1.00000E-040  1.00000E-040  1.00000E-040  1.00000E-040  1.00000E-040  1.00000E-040  2.73794E-024  1.00000E-040  1.00000E-040  2.92625E-010  9.21131E-007  1.37652E-006  1.73570E-009  3.04454E-007  2.11669E-003  3.86136E-008  2.82305E-004  7.57326E-017  3.23941E-011  3.68979E-027  3.95099E-019  4.74225E-016  9.68653E-015  1.98909E-007  3.00950E-025  1.70981E-035  5.03861E-037  5.40522E-036  1.00000E-040  6.68258E-027  2.18944E-025  1.28820E-020  7.43204E-019  1.11778E-032  1.00000E-040  1.36359E-028  1.23566E-021  1.56836E-011  1.70486E-013  9.97598E-001  1.64548E-021  9.09872E-026  4.50408E-023  8.00736E-037  1.68777E-027  2.20745E-018  7.44674E-017  6.02810E-011  1.47766E-018  3.95250E-011  2.98102E-018  1.58447E-010  1.54363E-011  8.69909E-008  1.94348E-014  8.45831E-018  3.36408E-021  4.48054E-013  1.31644E-015  1.26419E-017  1.00000E-040  1.00000E-040  1.00000E-040  1.00000E-040  1.00000E-040  1.00000E-040  8.61249E-017  1.12947E-012  1.67442E-018  5.40604E-018  4.84223E-027  2.58025E-032  1.17885E-030  1.39709E-034  1.00000E-040  1.45519E-031  4.32139E-026  5.63521E-023  5.01131E-018  1.34034E-020  7.28508E-023  4.96377E-030  2.48811E-024  2.58718E-016  2.14550E-016  2.09737E-021  2.94262E-025  3.49396E-034  1.58953E-012  5.02707E-026  1.16546E-020  2.33340E-023  1.75229E-016  8.32453E-021  1.06969E-016  1.23924E-025  5.02115E-016  1.00000E-040  3.09309E-014  1.00000E-040  5.94897E-034  1.61013E-015  1.00000E-040  1.14429E-024  2.21797E-012  1.03630E-026  1.00000E-003  1.00000E-005  1.00000E-005  1.00000E-005  1.00000E-005  1.00000E-005  1.00000E-005  1.00000E-005  1.00000E-005  1.00000E-005  1.00000E-005  1.00000E-005  1.00000E-005  1.00000E-005  1.00000E-005  1.00000E-005  
4.85000E+001  2.71057E-004  1.17146E+016  1.67591E+002  9.43451E+004  1.00000E-040  1.00000E-040  1.00000E-040  1.00000E-040  1.00000E-040  1.00000E-040  1.00000E-040  1.00000E-040  1.00000E-040  1.00000E-040  1.00000E-040  1.00000E-040  1.00000E-040  1.00000E-040  2.06651E-024  1.00000E-040  1.00000E-040  5.10357E-010  9.75216E-007  1.35585E-006  2.18771E-009  3.49604E-007  2.11644E-003  5.12283E-008  2.82181E-004  1.27131E-016  4.36041E-011  1.07647E-026  6.73801E-019  8.15522E-016  1.39664E-014  1.80909E-007  5.41725E-025  1.00000E-040  1.00000E-040  1.00000E-040  1.00000E-040  1.08241E-026  3.42921E-025  1.84705E-020  1.10583E-018  3.06264E-032  1.00000E-040  1.45934E-028  2.03394E-021  1.37798E-011  2.02615E-013  9.97598E-001  2.57156E-021  8.33987E-026  5.15763E-023  3.81506E-037  3.80968E-027  3.77414E-018  1.01578E-016  6.93988E-011  2.13265E-018  4.96001E-011  2.65645E-018  1.39235E-010  1.79125E-011  6.84543E-008  2.07583E-014  7.48191E-018  6.38559E-021  4.30682E-013  1.20861E-015  1.22476E-017  1.00000E-040  1.00000E-040  1.00000E-040  1.00000E-040  1.00000E-040  1.00000E-040  1.02717E-016  1.59579E-012  2.11071E-018  6.51688E-018  6.19326E-027  4.37921E-032  4.62570E-031  1.06230E-034  1.00000E-040  3.20040E-031  7.45406E-026  7.37224E-023  7.11498E-018  2.29198E-020  1.19814E-022  4.01288E-030  3.93167E-024  2.78218E-016  2.21187E-016  3.09667E-021  1.37079E-025  2.08541E-034  1.58134E-012  9.83662E-026  1.53040E-020  3.81188E-023  1.74923E-016  1.09124E-020  1.12318E-016  1.96585E-025  4.78311E-016  1.00000E-040  3.07387E-014  1.51016E-038  3.26251E-034  1.86221E-015  1.00000E-040  1.46180E-024  2.03407E-012  1.63694E-026  1.00000E-003  1.00000E-005  1.00000E-005  1.00000E-005  1.00000E-005  1.00000E-005  1.00000E-005  1.00000E-005  1.00000E-005  1.00000E-005  1.00000E-005  1.00000E-005  1.00000E-005  1.00000E-005  1.00000E-005  1.00000E-005  
4.95000E+001  2.22959E-004  9.65941E+015  1.67183E+002  1.04470E+005  1.00000E-040  1.00000E-040  1.00000E-040  1.00000E-040  1.00000E-040  1.00000E-040  1.00000E-040  1.00000E-040  1.00000E-040  1.00000E-040  1.00000E-040  1.00000E-040  1.00000E-040  1.00000E-040  1.48944E-024  1.00000E-040  1.00000E-040  8.90008E-010  1.03155E-006  1.33177E-006  2.71582E-009  4.04815E-007  2.11615E-003  6.89471E-008  2.82040E-004  1.98256E-016  5.49641E-011  2.92078E-026  1.06063E-018  1.28314E-015  1.87011E-014  1.63364E-007  9.47385E-025  4.16334E-035  1.11570E-036  1.20601E-035  1.00000E-040  1.68406E-026  5.18086E-025  2.60509E-020  1.58995E-018  7.34872E-032  1.00000E-040  2.13594E-028  3.08178E-021  1.19766E-011  2.43671E-013  9.97599E-001  4.24346E-021  7.97684E-026  6.16342E-023  1.00000E-040  7.81750E-027  5.81926E-018  1.25811E-016  8.02161E-011  3.05756E-018  6.15509E-011  2.32714E-018  1.22833E-010  2.04189E-011  5.38021E-008  2.23966E-014  6.63891E-018  1.19296E-020  4.13225E-013  1.09741E-015  1.17253E-017  1.00000E-040  1.00000E-040  1.00000E-040  1.00000E-040  1.00000E-040  1.00000E-040  1.17504E-016  2.10424E-012  2.34688E-018  7.02097E-018  7.55906E-027  6.13107E-032  1.00000E-040  1.00000E-040  1.00000E-040  6.16248E-031  1.15632E-025  9.11499E-023  9.25859E-018  3.61402E-020  1.81451E-022  3.72477E-030  5.96889E-024  2.75866E-016  2.41480E-016  4.27696E-021  6.40023E-026  1.00000E-040  1.57228E-012  1.66912E-025  1.75809E-020  5.46846E-023  1.74062E-016  1.25195E-020  1.07736E-016  2.93473E-025  4.56919E-016  1.00000E-040  3.05276E-014  7.30954E-038  1.00000E-040  1.98374E-015  1.00000E-040  1.90698E-024  1.85665E-012  2.35025E-026  1.00000E-003  1.00000E-005  1.00000E-005  1.00000E-005  1.00000E-005  1.00000E-005  1.00000E-005  1.00000E-005  1.00000E-005  1.00000E-005  1.00000E-005  1.00000E-005  1.00000E-005  1.00000E-005  1.00000E-005  1.00000E-005  
5.05000E+001  1.83324E-004  7.95927E+015  1.66826E+002  1.14473E+005  1.00000E-040  1.00000E-040  1.00000E-040  1.00000E-040  1.00000E-040  1.00000E-040  1.00000E-040  1.00000E-040  1.00000E-040  1.00000E-040  1.00000E-040  1.00000E-040  1.00000E-040  1.00000E-040  1.02603E-024  1.00000E-040  1.00000E-040  1.54352E-009  1.08965E-006  1.30395E-006  3.31808E-009  4.73414E-007  2.11583E-003  9.47803E-008  2.81874E-004  2.89674E-016  6.55738E-011  7.38108E-026  1.56132E-018  1.88059E-015  2.33358E-014  1.46657E-007  1.60723E-024  4.24059E-035  1.09832E-036  1.19014E-035  1.00000E-040  2.49911E-026  7.49309E-025  3.61032E-020  2.21103E-018  1.57595E-031  1.00000E-040  3.35558E-028  4.35149E-021  1.03183E-011  2.96390E-013  9.97599E-001  6.95087E-021  7.71748E-026  7.31635E-023  1.00000E-040  1.46132E-026  8.15467E-018  1.43581E-016  9.29316E-011  4.32342E-018  7.51548E-011  1.99570E-018  1.08750E-010  2.28657E-011  4.25207E-008  2.41927E-014  5.87248E-018  2.11189E-020  3.96534E-013  9.80239E-016  1.10581E-017  1.00000E-040  1.00000E-040  1.00000E-040  1.00000E-040  1.00000E-040  1.00000E-040  1.27851E-016  2.59748E-012  2.35467E-018  6.89691E-018  8.76514E-027  7.30309E-032  1.00000E-040  1.00000E-040  1.00000E-040  1.05343E-030  1.63320E-025  1.04826E-022  1.11458E-017  5.32251E-020  2.57225E-022  3.74915E-030  8.67154E-024  2.55269E-016  2.66705E-016  5.51519E-021  2.98844E-026  1.00000E-040  1.56229E-012  2.50902E-025  1.79938E-020  6.93640E-023  1.72311E-016  1.28059E-020  9.51114E-017  4.15767E-025  4.39991E-016  1.00000E-040  3.02954E-014  1.00000E-040  1.00000E-040  1.97264E-015  1.00000E-040  2.45549E-024  1.68805E-012  3.07507E-026  1.00000E-003  1.00000E-005  1.00000E-005  1.00000E-005  1.00000E-005  1.00000E-005  1.00000E-005  1.00000E-005  1.00000E-005  1.00000E-005  1.00000E-005  1.00000E-005  1.00000E-005  1.00000E-005  1.00000E-005  1.00000E-005  
5.15000E+001  1.50726E-004  6.53619E+015  1.67024E+002  1.24475E+005  1.00000E-040  1.00000E-040  1.00000E-040  1.00000E-040  1.00000E-040  1.00000E-040  1.00000E-040  1.00000E-040  1.00000E-040  1.00000E-040  1.00000E-040  1.00000E-040  1.00000E-040  1.00000E-040  6.83195E-025  1.00000E-040  1.00000E-040  2.69517E-009  1.14961E-006  1.27185E-006  3.98287E-009  5.59008E-007  2.11548E-003  1.34549E-007  2.81677E-004  4.01461E-016  7.50513E-011  1.81094E-025  2.18099E-018  2.57194E-015  2.74604E-014  1.30946E-007  2.66718E-024  1.00000E-040  1.00000E-040  1.00000E-040  1.00000E-040  3.61805E-026  1.05971E-024  4.97723E-020  2.98417E-018  3.01111E-031  1.00000E-040  5.34334E-028  5.83442E-021  8.82082E-012  3.66197E-013  9.97600E-001  1.11291E-020  8.03851E-026  8.45025E-023  1.00000E-040  2.49752E-026  1.04305E-017  1.52446E-016  1.07949E-010  6.09309E-018  9.10813E-011  1.68818E-018  9.64908E-011  2.50707E-011  3.33159E-008  2.60882E-014  5.11798E-018  3.94518E-020  3.77459E-013  8.49254E-016  1.02237E-017  1.00000E-040  1.00000E-040  1.00000E-040  1.00000E-040  1.00000E-040  1.00000E-040  1.32188E-016  3.02941E-012  2.11559E-018  6.17278E-018  9.64399E-027  7.51997E-032  1.00000E-040  1.00000E-040  1.00000E-040  1.59948E-030  2.12786E-025  1.13587E-022  1.25880E-017  7.44571E-020  3.48257E-022  4.53710E-030  1.22016E-023  2.22021E-016  2.86549E-016  6.80039E-021  1.38169E-026  1.00000E-040  1.55115E-012  3.24002E-025  1.63137E-020  7.79526E-023  1.69278E-016  1.16101E-020  7.72024E-017  5.49679E-025  4.23738E-016  1.00000E-040  3.00370E-014  8.74636E-038  1.00000E-040  1.86137E-015  1.00000E-040  3.37347E-024  1.52871E-012  3.68434E-026  1.00000E-003  1.00000E-005  1.00000E-005  1.00000E-005  1.00000E-005  1.00000E-005  1.00000E-005  1.00000E-005  1.00000E-005  1.00000E-005  1.00000E-005  1.00000E-005  1.00000E-005  1.00000E-005  1.00000E-005  1.00000E-005  
5.25000E+001  1.23960E-004  5.36915E+015  1.67222E+002  1.34477E+005  1.00000E-040  1.00000E-040  1.00000E-040  1.00000E-040  1.00000E-040  1.00000E-040  1.00000E-040  1.00000E-040  1.00000E-040  1.00000E-040  1.00000E-040  1.00000E-040  1.00000E-040  1.00000E-040  4.37504E-025  1.00000E-040  1.00000E-040  4.68389E-009  1.21143E-006  1.23501E-006  4.71009E-009  6.67432E-007  2.11508E-003  1.98098E-007  2.81433E-004  5.30983E-016  8.27766E-011  4.22499E-025  2.91064E-018  3.34721E-015  3.05677E-014  1.16355E-007  4.30330E-024  7.93480E-036  1.95795E-037  2.12552E-036  1.00000E-040  5.01612E-026  1.43646E-024  6.75484E-020  3.90997E-018  5.26471E-031  1.00000E-040  8.51815E-028  7.44999E-021  7.49135E-012  4.58227E-013  9.97600E-001  1.69279E-020  8.36188E-026  9.45226E-023  1.00000E-040  3.91953E-026  1.22992E-017  1.52218E-016  1.25767E-010  8.48059E-018  1.08672E-010  1.40109E-018  8.57035E-011  2.70740E-011  2.62744E-008  2.78908E-014  4.39836E-018  6.95700E-020  3.59893E-013  7.18020E-016  9.21831E-018  1.00000E-040  1.00000E-040  1.00000E-040  1.00000E-040  1.00000E-040  1.00000E-040  1.30226E-016  3.35498E-012  1.75731E-018  5.15513E-018  1.00816E-026  6.87449E-032  1.00000E-040  1.00000E-040  1.00000E-040  2.19183E-030  2.58142E-025  1.14763E-022  1.34004E-017  9.94019E-020  4.56280E-022  5.61167E-030  1.64592E-023  1.85702E-016  2.93980E-016  7.93990E-021  6.24000E-027  1.00000E-040  1.53865E-012  3.77963E-025  1.34764E-020  7.92798E-023  1.64591E-016  9.59829E-021  5.85459E-017  6.94605E-025  4.13116E-016  1.00000E-040  2.97472E-014  3.67214E-037  1.00000E-040  1.67644E-015  1.00000E-040  4.54438E-024  1.37917E-012  4.06469E-026  1.00000E-003  1.00000E-005  1.00000E-005  1.00000E-005  1.00000E-005  1.00000E-005  1.00000E-005  1.00000E-005  1.00000E-005  1.00000E-005  1.00000E-005  1.00000E-005  1.00000E-005  1.00000E-005  1.00000E-005  1.00000E-005  
5.35000E+001  1.02015E-004  4.39505E+015  1.68119E+002  1.44478E+005  1.00000E-040  1.00000E-040  1.00000E-040  1.00000E-040  1.00000E-040  1.00000E-040  1.00000E-040  1.00000E-040  1.00000E-040  1.00000E-040  1.00000E-040  1.00000E-040  1.00000E-040  1.00000E-040  2.72812E-025  1.00000E-040  1.00000E-040  8.24958E-009  1.27511E-006  1.19292E-006  5.47739E-009  8.06039E-007  2.11464E-003  3.02463E-007  2.81123E-004  6.77968E-016  8.90161E-011  9.88313E-025  3.75853E-018  4.12688E-015  3.25735E-014  1.02944E-007  6.79766E-024  8.23064E-035  2.01497E-036  2.18637E-035  1.00000E-040  6.81381E-026  1.90959E-024  9.12707E-020  4.97302E-018  8.28649E-031  1.00000E-040  1.34961E-027  9.22677E-021  6.32777E-012  5.83440E-013  9.97601E-001  2.49210E-020  9.48449E-026  1.04829E-022  1.00000E-040  5.66994E-026  1.33789E-017  1.43632E-016  1.47044E-010  1.18302E-017  1.29204E-010  1.15546E-018  7.61263E-011  2.87010E-011  2.04322E-008  2.95235E-014  3.67443E-018  1.27357E-019  3.40059E-013  5.83713E-016  8.03945E-018  1.00000E-040  1.00000E-040  1.00000E-040  1.00000E-040  1.00000E-040  1.00000E-040  1.22856E-016  3.55794E-012  1.32209E-018  3.97354E-018  1.00250E-026  5.60693E-032  1.00000E-040  1.00000E-040  1.00000E-040  2.68535E-030  2.94633E-025  1.10701E-022  1.36144E-017  1.28614E-019  5.83932E-022  8.45764E-030  2.15091E-023  1.50534E-016  2.83948E-016  9.01217E-021  2.70291E-027  1.00000E-040  1.52450E-012  3.79742E-025  9.97334E-021  7.37565E-023  1.57918E-016  7.10921E-021  4.11919E-017  8.16158E-025  4.05191E-016  1.00000E-040  2.94196E-014  4.14961E-037  1.00000E-040  1.46097E-015  1.00000E-040  6.68180E-024  1.23965E-012  4.14678E-026  1.00000E-003  1.00000E-005  1.00000E-005  1.00000E-005  1.00000E-005  1.00000E-005  1.00000E-005  1.00000E-005  1.00000E-005  1.00000E-005  1.00000E-005  1.00000E-005  1.00000E-005  1.00000E-005  1.00000E-005  1.00000E-005  
5.45000E+001  8.40571E-005  3.59761E+015  1.69230E+002  1.54480E+005  1.00000E-040  1.00000E-040  1.00000E-040  1.00000E-040  1.00000E-040  1.00000E-040  1.00000E-040  1.00000E-040  1.00000E-040  1.00000E-040  1.00000E-040  1.00000E-040  1.00000E-040  1.00000E-040  1.63455E-025  1.00000E-040  1.00000E-040  1.45886E-008  1.34050E-006  1.14510E-006  6.28563E-009  9.85811E-007  2.11416E-003  4.74501E-007  2.80714E-004  8.38734E-016  9.33741E-011  2.47876E-024  4.71396E-018  4.89057E-015  3.32811E-014  9.07126E-008  1.04224E-023  9.26205E-035  2.27292E-036  2.46150E-035  1.00000E-040  8.89543E-026  2.43712E-024  1.21115E-019  6.12223E-018  1.19510E-030  1.00000E-040  2.10771E-027  1.10883E-020  5.32024E-012  7.52726E-013  9.97601E-001  3.50756E-020  1.10548E-025  1.19492E-022  8.34373E-035  7.59828E-026  1.35385E-017  1.29024E-016  1.72613E-010  1.64270E-017  1.52112E-010  9.46274E-019  6.75600E-011  3.00975E-011  1.58493E-008  3.07481E-014  2.98318E-018  2.09457E-019  3.21211E-013  4.59614E-016  6.74129E-018  1.00000E-040  1.00000E-040  1.00000E-040  1.00000E-040  1.00000E-040  1.00000E-040  1.11651E-016  3.62721E-012  9.24676E-019  2.88094E-018  9.50421E-027  4.15912E-032  2.37996E-031  1.00000E-040  1.00000E-040  2.97875E-030  3.18990E-025  1.01474E-022  1.32329E-017  1.61561E-019  7.30905E-022  1.34458E-029  2.68875E-023  1.20695E-016  2.57859E-016  9.82991E-021  1.09640E-027  5.61069E-034  1.50841E-012  3.44071E-025  6.77795E-021  6.55324E-023  1.49036E-016  4.83480E-021  2.72338E-017  9.08988E-025  4.08490E-016  1.00000E-040  2.90471E-014  3.03779E-037  1.00000E-040  1.23482E-015  1.00000E-040  9.95725E-024  1.11012E-012  3.93108E-026  1.00000E-003  1.00000E-005  1.00000E-005  1.00000E-005  1.00000E-005  1.00000E-005  1.00000E-005  1.00000E-005  1.00000E-005  1.00000E-005  1.00000E-005  1.00000E-005  1.00000E-005  1.00000E-005  1.00000E-005  1.00000E-005  
5.55000E+001  6.93674E-005  2.94245E+015  1.70751E+002  1.64481E+005  1.00000E-040  1.00000E-040  1.00000E-040  1.00000E-040  1.00000E-040  1.00000E-040  1.00000E-040  1.00000E-040  1.00000E-040  1.00000E-040  1.00000E-040  1.00000E-040  1.00000E-040  1.00000E-040  9.35442E-026  1.00000E-040  1.00000E-040  2.60927E-008  1.40703E-006  1.09090E-006  7.16130E-009  1.21513E-006  2.11364E-003  7.55967E-007  2.80161E-004  1.01221E-015  9.56546E-011  1.62134E-023  5.78366E-018  5.58561E-015  3.29797E-014  7.96322E-008  1.54828E-023  8.83823E-035  2.19384E-036  2.36867E-035  1.00000E-040  1.12828E-025  3.01047E-024  1.56820E-019  7.27538E-018  1.58065E-030  1.00000E-040  3.21872E-027  1.30453E-020  4.45545E-012  9.78416E-013  9.97602E-001  4.82038E-020  1.36647E-025  1.51631E-022  5.37689E-036  9.47336E-026  1.27818E-017  1.11398E-016  2.03509E-010  2.29700E-017  1.79123E-010  7.82858E-019  5.98657E-011  3.16128E-011  1.20740E-008  3.16274E-014  2.34602E-018  2.97330E-019  3.02531E-013  3.53140E-016  5.42476E-018  1.00000E-040  1.00000E-040  1.00000E-040  1.00000E-040  1.00000E-040  1.00000E-040  9.83454E-017  3.57390E-012  6.06700E-019  1.97751E-018  8.58853E-027  2.85706E-032  3.29879E-030  6.65571E-032  1.00000E-040  2.98522E-030  3.33615E-025  9.04774E-023  1.24547E-017  1.98532E-019  8.96022E-022  2.37728E-029  3.23005E-023  9.73803E-017  2.21913E-016  1.04335E-020  4.03792E-028  5.41492E-033  1.49002E-012  2.80352E-025  4.29915E-021  5.94721E-023  1.37828E-016  3.06405E-021  1.70892E-017  9.56389E-025  4.30753E-016  1.00000E-040  2.86213E-014  1.00000E-040  2.47787E-032  1.01720E-015  1.00000E-040  1.55794E-023  9.90432E-013  3.46737E-026  1.00000E-003  1.00000E-005  1.00000E-005  1.00000E-005  1.00000E-005  1.00000E-005  1.00000E-005  1.00000E-005  1.00000E-005  1.00000E-005  1.00000E-005  1.00000E-005  1.00000E-005  1.00000E-005  1.00000E-005  1.00000E-005  
5.65000E+001  5.73709E-005  2.40012E+015  1.73131E+002  1.74482E+005  1.00000E-040  1.00000E-040  1.00000E-040  1.00000E-040  1.00000E-040  1.00000E-040  1.00000E-040  1.00000E-040  1.00000E-040  1.00000E-040  1.00000E-040  1.00000E-040  1.00000E-040  1.00000E-040  4.97319E-026  1.00000E-040  1.00156E-040  4.85617E-008  1.47350E-006  1.02858E-006  8.34221E-009  1.48714E-006  2.11311E-003  1.21039E-006  2.79393E-004  1.20313E-015  9.46062E-011  3.21469E-022  6.99353E-018  6.15213E-015  3.23865E-014  6.96235E-008  2.22571E-023  1.00000E-040  1.00000E-040  1.00000E-040  1.00000E-040  1.42934E-025  3.70180E-024  1.93456E-019  8.34640E-018  1.92421E-030  1.00000E-040  4.79303E-027  1.51789E-020  3.71628E-012  1.24795E-012  9.97602E-001  6.87378E-020  1.91698E-025  2.40270E-022  1.03323E-033  1.08960E-025  1.11354E-017  9.38699E-017  2.41110E-010  3.37255E-017  2.19155E-010  6.87792E-019  5.29284E-011  3.42815E-011  8.67468E-009  3.29672E-014  1.79650E-018  3.57812E-019  2.82594E-013  2.71965E-016  4.21378E-018  1.00000E-040  1.00000E-040  1.00000E-040  1.00000E-040  3.03746E-039  1.00000E-040  8.43505E-017  3.39498E-012  3.82430E-019  1.29924E-018  7.35813E-027  1.87190E-032  5.08843E-030  7.63779E-032  1.00000E-040  2.63748E-030  3.51577E-025  8.34558E-023  1.16001E-017  2.40599E-019  1.08074E-021  5.39528E-029  3.80527E-023  8.05450E-017  1.86062E-016  1.09259E-020  1.28148E-028  8.00815E-033  1.46889E-012  2.03590E-025  2.67062E-021  6.25900E-023  1.24242E-016  1.89363E-021  1.03899E-017  9.64939E-025  4.86137E-016  1.00000E-040  2.81323E-014  1.00000E-040  2.07166E-032  8.17407E-016  1.00000E-040  2.81299E-023  8.80111E-013  2.82259E-026  1.00000E-003  1.00000E-005  1.00000E-005  1.00000E-005  1.00000E-005  1.00000E-005  1.00000E-005  1.00000E-005  1.00000E-005  1.00000E-005  1.00000E-005  1.00000E-005  1.00000E-005  1.00000E-005  1.00000E-005  1.00000E-005  
5.75000E+001  4.75760E-005  1.96336E+015  1.75511E+002  1.84483E+005  1.00000E-040  1.00000E-040  1.00000E-040  1.00000E-040  1.00000E-040  1.00000E-040  1.00000E-040  1.00000E-040  1.00000E-040  1.00000E-040  1.00000E-040  1.00000E-040  1.00000E-040  1.00000E-040  2.18821E-026  1.00000E-040  1.00590E-040  1.01675E-007  1.53668E-006  9.51125E-007  1.03893E-008  1.92741E-006  2.11254E-003  1.93513E-006  2.78307E-004  1.41724E-015  8.73962E-011  5.38684E-021  8.35832E-018  6.55361E-015  2.95424E-014  6.06024E-008  3.05530E-023  1.63741E-034  4.31033E-036  4.58682E-035  1.00000E-040  1.65758E-025  4.11001E-024  2.16249E-019  9.28139E-018  2.05301E-030  1.00000E-040  7.01015E-027  1.73652E-020  3.08602E-012  1.52733E-012  9.97603E-001  9.69705E-020  2.77267E-025  4.83388E-022  7.83181E-033  1.06959E-025  8.31615E-018  7.32081E-017  2.86994E-010  5.29346E-017  2.83674E-010  6.51265E-019  4.66692E-011  3.74946E-011  6.13439E-009  3.31129E-014  1.26400E-018  3.66372E-019  2.64944E-013  2.03664E-016  3.20121E-018  1.00000E-040  1.00000E-040  1.00000E-040  1.00000E-040  1.93491E-037  1.00000E-040  7.06202E-017  2.96853E-012  2.27953E-019  7.93790E-019  5.88990E-027  1.05582E-032  7.60577E-030  3.83213E-031  1.00000E-040  1.89192E-030  3.64378E-025  7.63599E-023  1.00168E-017  2.86554E-019  1.20743E-021  1.27603E-028  4.04507E-023  6.04558E-017  1.40294E-016  9.54069E-021  3.17023E-029  9.84164E-033  1.44455E-012  1.35859E-025  1.55394E-021  7.78783E-023  1.08319E-016  1.08663E-021  5.44821E-018  1.00874E-024  6.30389E-016  8.32290E-039  2.75690E-014  2.73402E-036  7.61697E-032  6.28872E-016  2.78644E-036  5.33064E-023  7.78776E-013  2.06257E-026  1.00000E-003  1.00000E-005  1.00000E-005  1.00000E-005  1.00000E-005  1.00000E-005  1.00000E-005  1.00000E-005  1.00000E-005  1.00000E-005  1.00000E-005  1.00000E-005  1.00000E-005  1.00000E-005  1.00000E-005  1.00000E-005  
5.85000E+001  3.95765E-005  1.60133E+015  1.79008E+002  1.94484E+005  1.00000E-040  1.00000E-040  1.00000E-040  1.00000E-040  1.00000E-040  1.00000E-040  1.00000E-040  1.00000E-040  1.00000E-040  1.00000E-040  1.00000E-040  1.00000E-040  1.00000E-040  1.00000E-040  7.18363E-027  1.00000E-040  1.01089E-040  2.49808E-007  1.58719E-006  8.36914E-007  9.29087E-009  4.24951E-006  2.11115E-003  3.10315E-006  2.76724E-004  1.56032E-015  8.07990E-011  6.37311E-020  1.00397E-017  5.68699E-015  1.57957E-014  5.24737E-008  4.36203E-023  1.00000E-040  1.00000E-040  1.00000E-040  1.00000E-040  1.06653E-025  2.55572E-024  3.28574E-019  9.95798E-018  1.12124E-030  1.00000E-040  1.02916E-026  1.99864E-020  2.54869E-012  2.77496E-012  9.97602E-001  6.32833E-020  3.94485E-025  1.16978E-021  4.98142E-032  6.50697E-026  3.82931E-018  3.37060E-017  3.42037E-010  5.72740E-017  2.55531E-010  5.94491E-019  4.10231E-011  2.57973E-011  6.11722E-009  1.76950E-014  5.15047E-019  3.33959E-019  2.44913E-013  8.30950E-017  2.39445E-018  1.00000E-040  1.00000E-040  1.00000E-040  1.00000E-040  1.16789E-035  1.00000E-040  5.81557E-017  2.13545E-012  6.22437E-020  2.44477E-019  4.24168E-027  2.03276E-033  5.43808E-030  4.66218E-031  1.00000E-040  9.78988E-031  1.86142E-025  2.98494E-023  5.08598E-018  3.41701E-019  8.09750E-022  2.77753E-028  2.38622E-023  2.17089E-017  4.21518E-017  4.38121E-021  5.58637E-030  5.28262E-033  1.41645E-012  3.75547E-026  2.47599E-022  7.65753E-023  9.02842E-017  1.52361E-022  9.95162E-019  6.78141E-025  1.04189E-015  9.57143E-035  2.69183E-014  5.12148E-036  7.02867E-032  4.49846E-016  5.40678E-032  7.81165E-023  6.86025E-013  1.28851E-026  1.00000E-003  1.00000E-005  1.00000E-005  1.00000E-005  1.00000E-005  1.00000E-005  1.00000E-005  1.00000E-005  1.00000E-005  1.00000E-005  1.00000E-005  1.00000E-005  1.00000E-005  1.00000E-005  1.00000E-005  1.00000E-005  
5.95000E+001  3.30467E-005  1.30944E+015  1.82793E+002  2.04485E+005  1.00000E-040  1.00000E-040  1.00000E-040  1.00000E-040  1.00000E-040  1.00000E-040  1.00000E-040  1.00000E-040  1.00000E-040  1.00000E-040  1.00000E-040  1.00000E-040  1.00000E-040  1.00000E-040  3.03147E-027  1.00000E-040  1.01663E-040  4.94587E-007  1.61086E-006  7.00018E-007  4.48895E-009  1.51804E-005  2.10560E-003  4.80905E-006  2.74541E-004  1.63646E-015  5.55253E-011  5.35673E-019  1.18278E-017  3.25068E-015  5.19909E-015  4.51450E-008  7.41548E-023  3.82410E-035  5.70566E-036  4.52479E-035  1.00000E-040  3.36028E-026  8.47184E-025  8.41079E-019  1.00673E-017  6.15205E-031  1.00000E-040  1.51626E-026  2.30836E-020  2.09035E-012  1.06062E-011  9.97597E-001  3.02040E-020  5.41187E-025  2.63293E-021  1.39405E-031  1.79545E-026  7.96710E-019  9.20561E-018  4.04414E-010  3.07510E-017  1.16977E-010  6.56318E-019  3.59335E-011  9.53324E-012  9.98868E-009  7.32503E-015  2.00692E-019  2.83383E-019  2.23233E-013  2.20804E-017  1.76820E-018  1.00000E-040  1.00000E-040  1.00000E-040  1.00000E-040  6.84510E-037  1.00000E-040  4.78070E-017  1.49742E-012  1.19998E-020  2.44539E-020  2.56536E-027  1.43847E-034  3.28156E-030  1.76730E-031  1.00000E-040  4.85847E-031  4.19055E-026  3.84163E-024  1.60605E-018  4.07655E-019  3.26084E-022  3.24410E-028  7.54483E-024  4.97976E-018  6.27289E-018  1.66109E-021  6.81076E-031  2.99126E-033  1.38392E-012  2.51151E-027  1.26452E-023  4.15306E-023  7.19004E-017  4.31249E-024  7.42828E-020  1.99786E-025  2.00300E-015  1.40725E-039  2.61653E-014  1.54218E-034  4.32196E-032  3.12494E-016  1.74768E-028  5.75312E-023  6.01093E-013  7.08544E-027  1.00000E-003  1.00000E-005  1.00000E-005  1.00000E-005  1.00000E-005  1.00000E-005  1.00000E-005  1.00000E-005  1.00000E-005  1.00000E-005  1.00000E-005  1.00000E-005  1.00000E-005  1.00000E-005  1.00000E-005  1.00000E-005  
6.05000E+001  2.77016E-005  1.07406E+015  1.86807E+002  2.14485E+005  1.00000E-040  1.00000E-040  1.00000E-040  1.00000E-040  1.00000E-040  1.00000E-040  1.00000E-040  1.00000E-040  1.00000E-040  1.00000E-040  1.00000E-040  1.00000E-040  1.00000E-040  1.00000E-040  2.08191E-027  1.00000E-040  1.02322E-040  7.57787E-007  1.61266E-006  5.73284E-007  2.22704E-009  4.33146E-005  2.09147E-003  6.93699E-006  2.71866E-004  1.62649E-015  2.52648E-011  3.27025E-018  1.37193E-017  1.67587E-015  2.14449E-015  3.85650E-008  1.34231E-022  2.00029E-035  7.96798E-036  4.53616E-035  1.00000E-040  8.34040E-027  2.77953E-025  1.78408E-018  9.59235E-018  1.53736E-030  1.00000E-040  2.08200E-026  2.67259E-020  1.70155E-012  4.88843E-011  9.97583E-001  4.49672E-020  7.98077E-025  5.10481E-021  3.45956E-031  3.45099E-027  1.15004E-019  3.04072E-018  4.65247E-010  1.55910E-017  5.12296E-011  1.17093E-018  3.13660E-011  3.02185E-012  1.48284E-008  5.64098E-015  1.37644E-019  2.34396E-019  1.97107E-013  5.87816E-018  1.28921E-018  1.00000E-040  1.00000E-040  1.00000E-040  1.00000E-040  6.59162E-038  1.00000E-040  3.89704E-017  1.11122E-012  4.65177E-021  2.42541E-021  1.20423E-027  1.53960E-035  2.99247E-030  5.24694E-032  1.00000E-040  2.96576E-031  1.20953E-026  6.92452E-025  6.33202E-019  4.85822E-019  1.49325E-022  3.63546E-028  2.34643E-024  1.62168E-018  1.83297E-018  1.18001E-021  1.46827E-031  3.05735E-033  1.34631E-012  1.19247E-028  1.23636E-024  2.15196E-023  5.48998E-017  1.87644E-025  8.45556E-021  4.83408E-026  3.62792E-015  1.00000E-040  2.52947E-014  2.54090E-033  2.94783E-032  2.25543E-016  1.31866E-025  4.10689E-023  5.23372E-013  3.76380E-027  1.00000E-003  1.00000E-005  1.00000E-005  1.00000E-005  1.00000E-005  1.00000E-005  1.00000E-005  1.00000E-005  1.00000E-005  1.00000E-005  1.00000E-005  1.00000E-005  1.00000E-005  1.00000E-005  1.00000E-005  1.00000E-005  
6.15000E+001  2.33237E-005  8.78887E+014  1.92212E+002  2.24486E+005  1.00000E-040  1.00000E-040  1.00000E-040  1.00000E-040  1.00000E-040  1.00000E-040  1.00000E-040  1.00000E-040  1.00000E-040  1.00000E-040  1.00000E-040  1.00000E-040  1.00000E-040  1.00000E-040  1.68753E-027  1.00000E-040  1.03078E-040  1.01537E-006  1.59950E-006  4.63150E-007  1.24330E-009  9.50554E-005  2.06551E-003  9.43256E-006  2.68744E-004  1.44749E-015  1.10877E-011  1.54362E-017  1.58633E-017  9.70289E-016  1.15017E-015  3.26842E-008  2.25610E-022  1.00000E-040  1.00000E-040  1.00000E-040  1.00000E-040  1.82667E-027  9.92465E-026  2.83806E-018  8.87872E-018  4.48158E-030  1.00000E-040  2.46809E-026  3.11763E-020  1.37415E-012  2.05949E-010  9.97558E-001  9.12308E-020  1.36770E-024  9.42308E-021  8.60421E-031  1.04602E-027  2.59958E-020  1.27775E-018  4.97318E-010  8.31661E-018  2.50279E-011  2.81686E-018  2.72791E-011  9.07456E-013  1.78321E-008  4.83926E-015  9.79701E-020  1.91385E-019  1.65931E-013  1.63663E-018  9.27114E-019  1.00000E-040  1.00000E-040  1.00000E-040  1.00000E-040  8.38586E-039  1.00000E-040  3.12669E-017  8.50175E-013  2.47405E-021  6.43225E-022  4.06577E-028  1.51724E-035  2.72177E-030  1.44523E-032  1.00000E-040  2.15511E-031  5.15540E-027  2.77302E-025  3.22518E-019  5.79416E-019  8.28559E-023  5.87037E-028  7.78953E-025  7.24218E-019  9.52805E-019  1.30300E-021  1.17187E-031  3.67826E-033  1.30277E-012  9.33341E-030  3.79335E-025  1.29848E-023  4.01516E-017  1.46002E-026  1.54677E-021  1.16765E-026  6.01977E-015  1.00000E-040  2.42879E-014  5.41002E-032  1.85319E-032  1.67697E-016  3.03552E-023  3.72734E-023  4.52499E-013  2.00109E-027  1.00000E-003  1.00000E-005  1.00000E-005  1.00000E-005  1.00000E-005  1.00000E-005  1.00000E-005  1.00000E-005  1.00000E-005  1.00000E-005  1.00000E-005  1.00000E-005  1.00000E-005  1.00000E-005  1.00000E-005  1.00000E-005  
6.25000E+001  1.97336E-005  7.23272E+014  1.97616E+002  2.34487E+005  1.00000E-040  1.00000E-040  1.00000E-040  1.00000E-040  1.00000E-040  1.00000E-040  1.00000E-040  1.00000E-040  1.00000E-040  1.00000E-040  1.00000E-040  1.00000E-040  1.00000E-040  1.00000E-040  1.41556E-027  1.00000E-040  1.03945E-040  1.26136E-006  1.57481E-006  3.69948E-007  7.67637E-010  1.73938E-004  2.02595E-003  1.22793E-005  2.65184E-004  1.22050E-015  5.59504E-012  5.88207E-017  1.80306E-017  6.33406E-016  7.29945E-016  2.74641E-008  3.38137E-022  1.00000E-040  1.00000E-040  1.00000E-040  1.00000E-040  3.89002E-028  3.82738E-026  3.66171E-018  8.29230E-018  1.07465E-029  1.00000E-040  2.47899E-026  3.58380E-020  1.10135E-012  7.10807E-010  9.97519E-001  1.75018E-019  2.27665E-024  1.59837E-020  2.03654E-030  5.55612E-028  1.03363E-020  6.29327E-019  4.71567E-010  4.39575E-018  1.35369E-011  6.60479E-018  2.36361E-011  2.61991E-013  1.89707E-008  3.77771E-015  6.21976E-020  1.54603E-019  1.33167E-013  4.71497E-019  6.56995E-019  1.00000E-040  1.00000E-040  1.00000E-040  1.00000E-040  1.22386E-039  1.00000E-040  2.45362E-017  6.58618E-013  1.43429E-021  4.12968E-022  9.59615E-029  1.17444E-036  2.72718E-030  5.01259E-033  1.00000E-040  1.69772E-031  2.77602E-027  2.18764E-025  1.93054E-019  6.78972E-019  5.23420E-023  9.90278E-028  2.80132E-025  3.93038E-019  6.42508E-019  1.66142E-021  1.58478E-031  5.17447E-033  1.25244E-012  1.44712E-030  2.83960E-025  8.22077E-024  2.81713E-017  1.77544E-027  3.98699E-022  3.24671E-027  9.39394E-015  1.00000E-040  2.31269E-014  1.98553E-033  1.33845E-032  1.26806E-016  2.62938E-021  3.62392E-023  3.88301E-013  1.06942E-027  1.00000E-003  1.00000E-005  1.00000E-005  1.00000E-005  1.00000E-005  1.00000E-005  1.00000E-005  1.00000E-005  1.00000E-005  1.00000E-005  1.00000E-005  1.00000E-005  1.00000E-005  1.00000E-005  1.00000E-005  1.00000E-005  
6.35000E+001  1.67751E-005  5.97658E+014  2.03296E+002  2.44487E+005  1.00000E-040  1.00000E-040  1.00000E-040  1.00000E-040  1.00000E-040  1.00000E-040  1.00000E-040  1.00000E-040  1.00000E-040  1.00000E-040  1.00000E-040  1.00000E-040  1.00000E-040  1.00000E-040  1.19816E-027  1.00000E-040  1.04934E-040  1.49604E-006  1.53990E-006  2.92646E-007  4.98932E-010  2.81735E-004  1.97191E-003  1.54710E-005  2.61186E-004  1.01770E-015  3.16270E-012  1.89125E-016  2.00990E-017  4.50928E-016  5.16395E-016  2.28788E-008  4.77055E-022  1.00000E-040  1.00000E-040  1.00000E-040  1.00000E-040  8.59992E-029  1.63021E-026  4.28967E-018  7.81801E-018  2.24217E-029  1.00000E-040  2.16165E-026  4.06391E-020  8.77495E-013  2.00855E-009  9.97466E-001  2.98981E-019  3.75704E-024  2.57082E-020  4.50644E-030  3.61889E-028  5.06278E-021  3.40126E-019  3.93278E-010  2.21100E-018  7.84955E-012  1.52295E-017  2.04109E-011  7.22402E-014  1.84258E-008  2.59578E-015  3.44346E-020  1.23477E-019  1.01517E-013  1.36966E-019  4.59005E-019  1.00000E-040  1.00000E-040  1.00000E-040  1.00000E-040  1.95329E-040  1.00000E-040  1.87174E-017  5.12627E-013  8.72821E-022  3.69339E-022  1.58009E-029  1.90204E-037  2.87226E-030  2.07121E-033  1.00000E-040  1.43783E-031  1.67500E-027  2.29658E-025  1.27812E-019  7.81285E-019  3.55354E-023  1.79348E-027  1.11267E-025  2.41688E-019  4.86895E-019  2.18042E-021  2.77424E-031  7.85814E-033  1.19449E-012  2.91884E-031  2.96590E-025  5.37957E-024  1.89749E-017  2.81575E-028  1.28204E-022  1.00840E-027  1.40870E-014  1.00000E-040  2.17976E-014  1.00000E-040  1.08199E-032  9.62380E-017  1.03894E-019  3.76021E-023  3.30752E-013  5.74819E-028  1.00000E-003  1.00000E-005  1.00000E-005  1.00000E-005  1.00000E-005  1.00000E-005  1.00000E-005  1.00000E-005  1.00000E-005  1.00000E-005  1.00000E-005  1.00000E-005  1.00000E-005  1.00000E-005  1.00000E-005  1.00000E-005  
6.45000E+001  1.43288E-005  4.95054E+014  2.09640E+002  2.54488E+005  1.00000E-040  1.00000E-040  1.00000E-040  1.00000E-040  1.00000E-040  1.00000E-040  1.00000E-040  1.00000E-040  1.00000E-040  1.00000E-040  1.00000E-040  1.00000E-040  1.00000E-040  1.00000E-040  1.01990E-027  1.00000E-040  1.06062E-040  1.72274E-006  1.49509E-006  2.29497E-007  3.30874E-010  4.18610E-004  1.90337E-003  1.90078E-005  2.56742E-004  8.55529E-016  1.91468E-012  5.30734E-016  2.19695E-017  3.40968E-016  3.94120E-016  1.88870E-008  6.60229E-022  1.00000E-040  1.00000E-040  1.00000E-040  1.00000E-040  2.02626E-029  7.70713E-027  4.85149E-018  7.34290E-018  4.27598E-029  1.00000E-040  1.69882E-026  4.55887E-020  6.96470E-013  4.73906E-009  9.97399E-001  4.52927E-019  6.32524E-024  4.00002E-020  9.30325E-030  2.50507E-028  2.64901E-021  1.93775E-019  3.04304E-010  1.09472E-018  4.77411E-012  3.53341E-017  1.75704E-011  1.87366E-014  1.65593E-008  1.64908E-015  1.74914E-020  9.73184E-020  7.28072E-014  3.95863E-020  3.16259E-019  1.00000E-040  1.00000E-040  1.00000E-040  1.00000E-040  1.00000E-040  1.00000E-040  1.37746E-017  3.99254E-013  5.53115E-022  3.58587E-022  1.81917E-030  1.00000E-040  2.99254E-030  9.86612E-034  1.00000E-040  1.30672E-031  1.06918E-027  2.62437E-025  9.03894E-020  8.83370E-019  2.50752E-023  3.64028E-027  4.88624E-026  1.61877E-019  3.92931E-019  2.81954E-021  6.89129E-031  1.06285E-032  1.12800E-012  6.32573E-032  3.39224E-025  3.62588E-024  1.22531E-017  5.18695E-029  4.77244E-023  3.32770E-028  2.05510E-014  1.00000E-040  2.02879E-014  1.00000E-040  9.75549E-033  7.24480E-017  2.17212E-018  4.21024E-023  2.79622E-013  3.10547E-028  1.00000E-003  1.00000E-005  1.00000E-005  1.00000E-005  1.00000E-005  1.00000E-005  1.00000E-005  1.00000E-005  1.00000E-005  1.00000E-005  1.00000E-005  1.00000E-005  1.00000E-005  1.00000E-005  1.00000E-005  1.00000E-005  
6.55000E+001  1.22982E-005  4.12418E+014  2.15984E+002  2.64488E+005  1.00000E-040  1.00000E-040  1.00000E-040  1.00000E-040  1.00000E-040  1.00000E-040  1.00000E-040  1.00000E-040  1.00000E-040  1.00000E-040  1.00000E-040  1.00000E-040  1.00000E-040  1.00000E-040  8.72460E-028  1.00000E-040  1.07342E-040  1.94572E-006  1.44028E-006  1.78595E-007  2.24604E-010  5.82644E-004  1.82136E-003  2.28813E-005  2.51856E-004  7.27428E-016  1.23819E-012  1.32871E-015  2.34761E-017  2.68141E-016  3.16825E-016  1.54438E-008  9.04393E-022  1.19822E-035  2.30805E-035  4.41100E-035  1.00000E-040  5.33368E-030  4.01316E-027  5.39208E-018  6.83570E-018  7.68420E-029  1.00000E-040  1.27847E-026  5.03324E-020  5.52319E-013  9.61564E-009  9.97318E-001  6.22294E-019  1.01493E-023  5.86007E-020  1.78814E-029  1.78047E-028  1.43751E-021  1.14337E-019  2.40164E-010  5.90975E-019  3.02889E-012  7.65011E-017  1.50824E-011  4.53121E-015  1.41941E-008  1.07146E-015  9.11765E-021  7.56218E-020  4.85199E-014  1.15579E-020  2.14997E-019  1.00000E-040  1.00000E-040  1.00000E-040  1.00000E-040  1.00000E-040  1.00000E-040  9.70235E-018  3.10467E-013  3.54993E-022  3.36989E-022  1.51161E-031  3.63035E-036  1.00000E-040  1.00000E-040  1.00000E-040  1.24637E-031  7.03725E-028  2.87439E-025  6.67646E-020  9.75485E-019  1.82201E-023  7.25615E-027  2.37344E-026  1.14944E-019  3.28411E-019  3.52853E-021  2.11821E-030  1.00000E-040  1.05211E-012  1.48483E-032  3.71981E-025  2.41415E-024  7.59683E-018  1.09110E-029  1.99553E-023  1.17746E-028  2.92421E-014  1.00000E-040  1.85952E-014  1.00000E-040  1.00000E-040  5.40409E-017  2.69954E-017  4.74663E-023  2.34606E-013  1.68439E-028  1.00000E-003  1.00000E-005  1.00000E-005  1.00000E-005  1.00000E-005  1.00000E-005  1.00000E-005  1.00000E-005  1.00000E-005  1.00000E-005  1.00000E-005  1.00000E-005  1.00000E-005  1.00000E-005  1.00000E-005  1.00000E-005  
6.65000E+001  1.06033E-005  3.45440E+014  2.22323E+002  2.74489E+005  1.00000E-040  1.00000E-040  1.00000E-040  1.00000E-040  1.00000E-040  1.00000E-040  1.00000E-040  1.00000E-040  1.00000E-040  1.00000E-040  1.00000E-040  1.00000E-040  1.00000E-040  1.00000E-040  7.55003E-028  1.00000E-040  1.08791E-040  2.16925E-006  1.37532E-006  1.38101E-007  1.54936E-010  7.70409E-004  1.72768E-003  2.70686E-005  2.46546E-004  6.27228E-016  8.43939E-013  3.03015E-015  2.45935E-017  2.16624E-016  2.64977E-016  1.25041E-008  1.23541E-021  5.30403E-036  1.06210E-035  2.58949E-035  1.00000E-040  1.57919E-030  2.27512E-027  5.94522E-018  6.27359E-018  1.32172E-028  1.00000E-040  9.64147E-027  5.49176E-020  4.39576E-013  1.73972E-008  9.97225E-001  8.00666E-019  1.55068E-023  8.07587E-020  3.23080E-029  1.26267E-028  7.86496E-022  6.90618E-020  2.07944E-010  4.04552E-019  1.98897E-012  1.54463E-016  1.29179E-011  1.02153E-015  1.16999E-008  7.66235E-016  5.25458E-021  5.78963E-020  2.96832E-014  3.49234E-021  1.44357E-019  1.00000E-040  1.00000E-040  1.00000E-040  1.00000E-040  1.00000E-040  1.00000E-040  6.49046E-018  2.40846E-013  2.29740E-022  2.98330E-022  9.42102E-033  8.75483E-039  1.64301E-031  1.29216E-035  1.00000E-040  1.23374E-031  4.72692E-028  2.94027E-025  5.10309E-020  1.05227E-018  1.35174E-023  1.41601E-026  1.26020E-026  8.52535E-020  2.79615E-019  4.36817E-021  6.83896E-030  2.19985E-033  9.66135E-013  3.63894E-033  3.80834E-025  1.58068E-024  4.53039E-018  2.53545E-030  9.12800E-024  4.38332E-029  4.06201E-014  1.00000E-040  1.67303E-014  1.00000E-040  3.96955E-034  3.98431E-017  2.20420E-016  5.36023E-023  1.95362E-013  9.16790E-029  1.00000E-003  1.00000E-005  1.00000E-005  1.00000E-005  1.00000E-005  1.00000E-005  1.00000E-005  1.00000E-005  1.00000E-005  1.00000E-005  1.00000E-005  1.00000E-005  1.00000E-005  1.00000E-005  1.00000E-005  1.00000E-005  
6.75000E+001  9.18098E-006  2.90832E+014  2.28646E+002  2.84489E+005  1.00000E-040  1.00000E-040  1.00000E-040  1.00000E-040  1.00000E-040  1.00000E-040  1.00000E-040  1.00000E-040  1.00000E-040  1.00000E-040  1.00000E-040  1.00000E-040  1.00000E-040  1.00000E-040  6.62160E-028  1.00000E-040  1.10425E-040  2.39737E-006  1.30004E-006  1.06264E-007  1.08184E-010  9.77377E-004  1.62474E-003  3.15351E-005  2.40844E-004  5.48145E-016  6.00245E-013  6.39938E-015  2.53818E-017  1.78148E-016  2.28498E-016  1.00185E-008  1.68614E-021  1.04251E-035  4.25678E-035  5.78421E-035  1.00000E-040  5.21652E-031  1.38666E-027  6.51724E-018  5.65905E-018  2.19436E-028  1.00000E-040  7.45528E-027  5.95804E-020  3.53179E-013  2.89549E-008  9.97122E-001  9.98810E-019  2.25206E-023  1.04882E-019  5.55066E-029  8.76137E-029  4.25341E-022  4.24627E-020  2.03169E-010  4.34044E-019  1.34422E-012  2.91653E-016  1.10474E-011  2.17174E-016  9.33100E-009  6.20584E-016  3.44685E-021  4.36364E-020  1.65073E-014  1.12229E-021  9.58492E-020  1.00000E-040  1.00000E-040  1.00000E-040  1.00000E-040  1.00000E-040  1.00000E-040  4.09217E-018  1.86352E-013  1.48891E-022  2.45755E-022  4.62028E-034  3.49693E-039  8.86087E-032  3.52376E-035  1.00000E-040  1.25304E-031  3.22737E-028  2.77593E-025  4.02680E-020  1.10889E-018  1.02076E-023  2.69968E-026  7.22087E-027  6.53788E-020  2.39678E-019  5.52795E-021  2.08754E-029  2.52468E-033  8.69625E-013  9.08505E-034  3.59764E-025  1.01454E-024  2.60277E-018  6.38251E-031  4.48255E-024  1.69474E-029  5.50668E-014  1.00000E-040  1.47187E-014  1.00000E-040  9.33843E-035  2.89794E-017  1.28004E-015  6.03881E-023  1.61460E-013  5.00480E-029  1.00000E-003  1.00000E-005  1.00000E-005  1.00000E-005  1.00000E-005  1.00000E-005  1.00000E-005  1.00000E-005  1.00000E-005  1.00000E-005  1.00000E-005  1.00000E-005  1.00000E-005  1.00000E-005  1.00000E-005  1.00000E-005  
6.85000E+001  7.98148E-006  2.46030E+014  2.34970E+002  2.94489E+005  1.00000E-040  1.00000E-040  1.00000E-040  1.00000E-040  1.00000E-040  1.00000E-040  1.00000E-040  1.00000E-040  1.00000E-040  1.00000E-040  1.00000E-040  1.00000E-040  1.00000E-040  1.00000E-040  5.85998E-028  1.00000E-040  1.12261E-040  2.63352E-006  1.21436E-006  8.14950E-008  7.62770E-011  1.19825E-003  1.51533E-003  3.62351E-005  2.34794E-004  4.84556E-016  4.41594E-013  1.26828E-014  2.60202E-017  1.48080E-016  2.01706E-016  7.93552E-009  2.29868E-021  1.00000E-040  1.00000E-040  1.00000E-040  1.00000E-040  1.89896E-031  8.98332E-028  7.10021E-018  5.00692E-018  3.53388E-028  1.00000E-040  5.94005E-027  6.48440E-020  2.88541E-013  4.52758E-008  9.97011E-001  1.24811E-018  3.10839E-023  1.28999E-019  9.19865E-029  5.86125E-029  2.23938E-022  2.65710E-020  2.21651E-010  7.09984E-019  9.30858E-013  5.21162E-016  9.44153E-012  4.48009E-017  7.23108E-009  5.63283E-016  2.54648E-021  3.23348E-020  8.28104E-015  3.93816E-022  6.30318E-020  1.00000E-040  1.00000E-040  1.00000E-040  1.00000E-040  1.00000E-040  1.00000E-040  2.41225E-018  1.43855E-013  9.56421E-023  1.86924E-022  1.99985E-035  1.44996E-039  1.00000E-040  7.12934E-036  1.00000E-040  1.29262E-031  2.24212E-028  2.40247E-025  3.29388E-020  1.14136E-018  7.86184E-024  5.04266E-026  4.41245E-027  5.14751E-020  2.04982E-019  7.32652E-021  5.87915E-029  1.00000E-040  7.62449E-013  2.26585E-034  3.11497E-025  6.37054E-025  1.44140E-018  1.72215E-031  2.32882E-024  6.73697E-030  7.28158E-014  1.00000E-040  1.26000E-014  1.00000E-040  1.00000E-040  2.07528E-017  5.63283E-015  6.77860E-023  1.32410E-013  2.73937E-029  1.00000E-003  1.00000E-005  1.00000E-005  1.00000E-005  1.00000E-005  1.00000E-005  1.00000E-005  1.00000E-005  1.00000E-005  1.00000E-005  1.00000E-005  1.00000E-005  1.00000E-005  1.00000E-005  1.00000E-005  1.00000E-005  
6.95000E+001  6.96514E-006  2.09074E+014  2.41294E+002  3.04490E+005  1.00000E-040  1.00000E-040  1.00000E-040  1.00000E-040  1.00000E-040  1.00000E-040  1.00000E-040  1.00000E-040  1.00000E-040  1.00000E-040  1.00000E-040  1.00000E-040  1.00000E-040  1.00000E-040  5.18539E-028  1.00000E-040  1.14317E-040  2.88050E-006  1.11834E-006  6.24168E-008  5.42681E-011  1.42734E-003  1.40248E-003  4.11133E-005  2.28450E-004  4.31803E-016  3.33331E-013  2.38375E-014  2.68469E-017  1.23621E-016  1.80958E-016  6.20358E-009  3.12880E-021  7.20244E-037  4.80074E-036  1.00000E-040  1.00000E-040  7.53721E-032  6.13487E-028  7.68733E-018  4.32934E-018  5.54635E-028  1.00000E-040  4.84570E-027  7.16374E-020  2.41439E-013  6.71797E-008  9.96896E-001  1.59918E-018  4.07218E-023  1.52845E-019  1.49753E-028  3.73254E-029  1.13297E-022  1.70229E-020  2.64109E-010  1.32676E-018  6.58354E-013  9.26229E-016  8.07236E-012  9.42821E-018  5.46703E-009  5.60487E-016  2.07257E-021  2.34916E-020  3.71093E-015  1.54056E-022  4.11512E-020  1.00000E-040  1.00000E-040  1.00000E-040  1.00000E-040  1.00000E-040  1.00000E-040  1.31404E-018  1.10884E-013  5.99019E-023  1.29817E-022  1.21858E-036  6.22221E-040  1.00000E-040  1.00000E-040  1.00000E-040  1.34295E-031  1.59505E-028  1.88575E-025  2.82415E-020  1.14621E-018  6.22956E-024  9.23080E-026  2.85101E-027  4.14021E-020  1.73559E-019  1.01038E-020  1.59128E-028  1.00000E-040  6.44977E-013  5.56287E-035  2.44588E-025  3.89257E-025  7.67382E-019  4.97814E-032  1.26433E-024  2.72959E-030  9.38585E-014  1.00000E-040  1.04252E-014  1.00000E-040  1.00000E-040  1.45815E-017  1.97604E-014  7.56311E-023  1.07687E-013  1.50452E-029  1.00000E-003  1.00000E-005  1.00000E-005  1.00000E-005  1.00000E-005  1.00000E-005  1.00000E-005  1.00000E-005  1.00000E-005  1.00000E-005  1.00000E-005  1.00000E-005  1.00000E-005  1.00000E-005  1.00000E-005  1.00000E-005  
7.05000E+001  6.10536E-006  1.76042E+014  2.51195E+002  3.14490E+005  1.00000E-040  1.00000E-040  1.00000E-040  1.00000E-040  1.00000E-040  1.00000E-040  1.00000E-040  1.00000E-040  1.00000E-040  1.00000E-040  1.00000E-040  1.00000E-040  1.00000E-040  1.00000E-040  4.59228E-028  1.00000E-040  1.16617E-040  3.14117E-006  1.01153E-006  4.77806E-008  3.65999E-011  1.66036E-003  1.28851E-003  4.61395E-005  2.21837E-004  4.06622E-016  2.52823E-013  4.34218E-014  2.87590E-017  1.04000E-016  1.76567E-016  4.76289E-009  4.33256E-021  4.63313E-035  8.68859E-035  1.45985E-034  1.00000E-040  2.70518E-032  4.32269E-028  8.33557E-018  3.57289E-018  8.31806E-028  1.00000E-040  3.55750E-027  8.40957E-020  2.07628E-013  9.47152E-008  9.96779E-001  2.09579E-018  6.38477E-023  1.87463E-019  2.51204E-028  2.06656E-029  4.96583E-023  1.10678E-020  3.82645E-010  2.41112E-018  4.61883E-013  1.99135E-015  6.90654E-012  1.97869E-018  3.76047E-009  6.64191E-016  1.94923E-021  1.65639E-020  1.40445E-015  6.71324E-023  2.67010E-020  1.00000E-040  1.00000E-040  1.00000E-040  1.00000E-040  1.00000E-040  1.00000E-040  6.35304E-019  8.53198E-014  3.87274E-023  8.97468E-023  1.52175E-037  2.63216E-040  1.00000E-040  1.00000E-040  1.00000E-040  1.43457E-031  1.16967E-028  1.56007E-025  2.67794E-020  1.14016E-018  5.00629E-024  2.52707E-025  1.85253E-027  3.42660E-020  1.46496E-019  1.48796E-020  4.79283E-028  1.00000E-040  5.17385E-013  1.00047E-035  2.02387E-025  2.52956E-025  3.83695E-019  1.32197E-032  7.18689E-025  9.68251E-031  1.19909E-013  1.00000E-040  8.23498E-015  6.71611E-038  1.00000E-040  9.64034E-018  5.80261E-014  1.02677E-022  8.66230E-014  8.29100E-030  1.00000E-003  1.00000E-005  1.00000E-005  1.00000E-005  1.00000E-005  1.00000E-005  1.00000E-005  1.00000E-005  1.00000E-005  1.00000E-005  1.00000E-005  1.00000E-005  1.00000E-005  1.00000E-005  1.00000E-005  1.00000E-005  
7.15000E+001  5.38034E-006  1.48855E+014  2.61796E+002  3.24490E+005  1.00000E-040  1.00000E-040  1.00000E-040  1.00000E-040  1.00000E-040  1.00000E-040  1.00000E-040  1.00000E-040  1.00000E-040  1.00000E-040  1.00000E-040  1.00000E-040  1.00000E-040  1.00000E-040  3.92408E-028  1.00000E-040  1.19182E-040  3.41539E-006  8.94583E-007  3.65546E-008  2.48469E-011  1.89252E-003  1.17600E-003  5.12804E-005  2.14989E-004  3.90941E-016  1.98678E-013  7.60776E-014  3.23251E-017  8.62000E-017  1.78086E-016  3.56910E-009  5.94736E-021  7.41548E-035  1.36320E-034  2.20556E-034  1.00000E-040  1.01091E-032  3.14330E-028  8.91517E-018  2.87087E-018  1.20982E-027  1.00000E-040  2.60531E-027  1.05735E-019  1.82600E-013  1.27231E-007  9.96661E-001  2.79830E-018  9.62219E-023  2.14420E-019  4.34013E-028  1.04619E-029  2.01146E-023  7.50319E-021  5.84039E-010  3.94159E-018  3.28101E-013  3.92401E-015  5.91331E-012  4.38452E-019  2.52418E-009  8.30602E-016  1.93879E-021  1.13195E-020  4.38992E-016  3.22391E-023  1.72084E-020  1.00000E-040  1.00000E-040  1.00000E-040  1.00000E-040  1.00000E-040  1.00000E-040  2.65592E-019  6.54621E-014  2.30813E-023  5.35393E-023  2.66440E-038  1.14658E-040  1.00000E-040  5.25041E-037  1.00000E-040  1.50115E-031  8.92443E-029  1.11099E-025  2.86366E-020  1.09496E-018  4.27465E-024  6.94254E-025  1.24368E-027  2.86369E-020  1.19860E-019  2.11474E-020  1.26837E-027  1.00000E-040  3.83576E-013  1.68232E-036  1.44167E-025  1.55442E-025  1.79053E-019  3.75228E-033  4.28298E-025  3.43296E-031  1.49071E-013  1.00000E-040  6.13155E-015  1.00000E-040  1.00000E-040  6.11265E-018  1.44890E-013  1.38588E-022  6.86121E-014  4.57237E-030  1.00000E-003  1.00000E-005  1.00000E-005  1.00000E-005  1.00000E-005  1.00000E-005  1.00000E-005  1.00000E-005  1.00000E-005  1.00000E-005  1.00000E-005  1.00000E-005  1.00000E-005  1.00000E-005  1.00000E-005  1.00000E-005  
7.25000E+001  4.76566E-006  1.26718E+014  2.72397E+002  3.34491E+005  1.00000E-040  1.00000E-040  1.00000E-040  1.00000E-040  1.00000E-040  1.00000E-040  1.00000E-040  1.00000E-040  1.00000E-040  1.00000E-040  1.00000E-040  1.00000E-040  1.00000E-040  1.00000E-040  3.17154E-028  1.00000E-040  1.22023E-040  3.70022E-006  7.69747E-007  2.79899E-008  1.72485E-011  2.11880E-003  1.06769E-003  5.64700E-005  2.07979E-004  3.76726E-016  1.59565E-013  1.28533E-013  3.89838E-017  6.96488E-017  1.80176E-016  2.59390E-009  8.04520E-021  4.90872E-035  8.78848E-035  1.41461E-034  1.00000E-040  4.07068E-033  2.35127E-028  9.37844E-018  2.27329E-018  1.71539E-027  1.00000E-040  1.96521E-027  1.46414E-019  1.62111E-013  1.62323E-007  9.96544E-001  3.69180E-018  1.32574E-022  2.18045E-019  7.89873E-028  5.16798E-030  8.05654E-024  5.40755E-021  8.78447E-010  5.81589E-018  2.36766E-013  6.44322E-015  5.07167E-012  1.10472E-019  1.68408E-009  1.03031E-015  1.92999E-021  7.51688E-021  1.13380E-016  1.66816E-023  1.10355E-020  1.00000E-040  1.00000E-040  1.00000E-040  1.00000E-040  1.00000E-040  1.00000E-040  9.46479E-020  5.01020E-014  1.22736E-023  2.65478E-023  5.02202E-039  1.00000E-040  1.00000E-040  1.00000E-040  1.00000E-040  1.51447E-031  7.20456E-029  6.48616E-026  3.43785E-020  1.00570E-018  3.98994E-024  1.76687E-024  8.64275E-028  2.40477E-020  9.40195E-020  2.78315E-020  2.75610E-027  1.00000E-040  2.53178E-013  2.94374E-037  8.41889E-026  8.83268E-026  7.80995E-020  1.19857E-033  2.62454E-025  1.26299E-031  1.79915E-013  1.00000E-040  4.24584E-015  1.00000E-040  1.00000E-040  3.73642E-018  3.16420E-013  1.77672E-022  5.32368E-014  2.52530E-030  1.00000E-003  1.00000E-005  1.00000E-005  1.00000E-005  1.00000E-005  1.00000E-005  1.00000E-005  1.00000E-005  1.00000E-005  1.00000E-005  1.00000E-005  1.00000E-005  1.00000E-005  1.00000E-005  1.00000E-005  1.00000E-005  
7.35000E+001  4.24112E-006  1.08546E+014  2.82998E+002  3.44491E+005  1.00000E-040  1.00000E-040  1.00000E-040  1.00000E-040  1.00000E-040  1.00000E-040  1.00000E-040  1.00000E-040  1.00000E-040  1.00000E-040  1.00000E-040  1.00000E-040  1.00000E-040  1.00000E-040  2.39175E-028  1.00000E-040  1.25154E-040  3.99134E-006  6.39989E-007  2.14961E-008  1.22795E-011  2.33539E-003  9.65661E-004  6.16394E-005  2.00882E-004  3.58390E-016  1.27911E-013  2.10302E-013  5.09392E-017  5.42714E-017  1.78911E-016  1.81081E-009  1.07367E-020  1.00000E-040  1.00000E-040  1.00000E-040  1.00000E-040  1.75259E-033  1.80353E-028  9.72577E-018  1.78123E-018  2.37862E-027  1.00000E-040  1.51988E-027  2.29872E-019  1.42530E-013  1.94776E-007  9.96432E-001  4.66005E-018  1.64899E-022  1.95451E-019  1.53209E-027  2.78475E-030  3.56461E-024  4.13311E-021  1.31200E-009  7.89861E-018  1.73212E-013  8.71184E-015  4.36301E-012  3.22251E-020  1.12012E-009  1.27696E-015  1.93562E-021  4.85275E-021  2.45549E-017  9.18754E-024  7.06523E-021  1.00000E-040  1.00000E-040  1.00000E-040  1.00000E-040  1.00000E-040  1.00000E-040  2.83502E-020  3.82803E-014  5.81201E-024  1.08187E-023  1.05038E-039  1.00000E-040  1.00000E-040  1.12483E-036  1.00000E-040  1.46014E-031  6.15057E-029  3.07416E-026  4.50952E-020  8.76119E-019  4.10031E-024  4.19291E-024  6.19295E-028  2.02685E-020  7.00939E-020  3.32160E-020  5.05820E-027  1.00000E-040  1.39435E-013  5.98835E-038  3.99137E-026  4.63662E-026  3.18192E-020  4.26902E-034  1.61512E-025  4.84034E-032  2.11431E-013  1.00000E-040  2.67900E-015  1.00000E-040  1.00000E-040  2.18212E-018  6.20064E-013  2.15012E-022  4.01344E-014  1.40151E-030  1.00000E-003  1.00000E-005  1.00000E-005  1.00000E-005  1.00000E-005  1.00000E-005  1.00000E-005  1.00000E-005  1.00000E-005  1.00000E-005  1.00000E-005  1.00000E-005  1.00000E-005  1.00000E-005  1.00000E-005  1.00000E-005  
7.45000E+001  3.79547E-006  9.13143E+013  3.01053E+002  3.54491E+005  1.00000E-040  1.00000E-040  1.00000E-040  1.00000E-040  1.00000E-040  1.00000E-040  1.00000E-040  1.00000E-040  1.00000E-040  1.00000E-040  1.00000E-040  1.00000E-040  1.00000E-040  1.00000E-040  1.70770E-028  1.00000E-040  1.28595E-040  4.28444E-006  5.07477E-007  1.65604E-008  8.30284E-012  2.54166E-003  8.70375E-004  6.67755E-005  1.93710E-004  3.97467E-016  1.10397E-013  3.42486E-013  7.24416E-017  4.06463E-017  2.15016E-016  1.18523E-009  1.45876E-020  1.25404E-034  1.91625E-034  3.01942E-034  1.00000E-040  5.94086E-034  1.37162E-028  9.99107E-018  1.36049E-018  3.11248E-027  1.00000E-040  9.69952E-028  5.03788E-019  1.21332E-013  2.15715E-007  9.96322E-001  5.51430E-018  2.54869E-022  1.63507E-019  3.26033E-027  1.57008E-030  1.63128E-024  3.10808E-021  2.46105E-009  1.03108E-017  1.21932E-013  1.16295E-014  3.76451E-012  8.39572E-021  6.52627E-010  1.90948E-015  2.21966E-021  2.99074E-021  4.08002E-018  5.32208E-024  4.51984E-021  1.00000E-040  1.00000E-040  1.00000E-040  1.00000E-040  1.00000E-040  1.00000E-040  6.21755E-021  2.91367E-014  2.60256E-024  3.82969E-024  1.84018E-040  1.00000E-040  1.00000E-040  1.00000E-040  1.00000E-040  1.38398E-031  5.29529E-029  1.37364E-026  7.78880E-020  7.30833E-019  4.31929E-024  1.71015E-023  4.24251E-028  1.74736E-020  5.01498E-020  4.02944E-020  9.72685E-027  1.00000E-040  5.18930E-014  1.00256E-038  1.78417E-026  2.53682E-026  1.15529E-020  1.21812E-034  1.10276E-025  1.57850E-032  2.50388E-013  1.00000E-040  1.45296E-015  1.00000E-040  1.00000E-040  1.09813E-018  1.13399E-012  3.26890E-022  2.88607E-014  7.83133E-031  1.00000E-003  1.00000E-005  1.00000E-005  1.00000E-005  1.00000E-005  1.00000E-005  1.00000E-005  1.00000E-005  1.00000E-005  1.00000E-005  1.00000E-005  1.00000E-005  1.00000E-005  1.00000E-005  1.00000E-005  1.00000E-005  
7.55000E+001  3.41902E-006  7.75914E+013  3.19157E+002  3.64489E+005  1.00000E-040  1.00000E-040  1.00000E-040  1.00000E-040  1.00000E-040  1.00000E-040  1.00000E-040  1.00000E-040  1.00000E-040  1.00000E-040  1.00000E-040  1.00000E-040  1.00000E-040  1.00000E-040  1.04395E-028  1.00000E-040  1.32342E-040  4.56467E-006  3.79842E-007  1.27825E-008  6.05828E-012  2.73722E-003  7.82131E-004  7.18591E-005  1.86495E-004  4.18019E-016  9.09365E-014  5.40952E-013  1.03830E-016  2.78702E-017  2.38088E-016  7.13607E-010  1.95696E-020  1.53589E-034  2.13811E-034  3.42808E-034  1.00000E-040  2.18279E-034  1.06192E-028  1.01068E-017  1.08007E-018  4.00168E-027  1.00000E-040  6.54563E-028  1.20738E-018  9.71171E-014  2.25746E-007  9.96217E-001  5.97300E-018  2.66078E-022  1.07627E-019  6.85357E-027  1.00249E-030  8.59399E-025  2.20561E-021  4.31566E-009  1.25585E-017  8.67467E-014  8.59159E-015  3.25559E-012  2.29756E-021  3.85701E-010  2.69820E-015  2.44202E-021  1.79347E-021  6.62622E-019  3.23445E-024  2.88407E-021  1.00000E-040  1.00000E-040  1.00000E-040  1.00000E-040  1.00000E-040  1.00000E-040  9.79599E-022  2.20228E-014  9.73601E-025  9.28861E-025  1.00000E-040  1.00000E-040  1.00000E-040  1.00000E-040  1.00000E-040  1.19500E-031  4.27109E-029  4.09688E-027  1.34920E-019  5.50967E-019  4.68070E-024  5.82956E-023  2.99355E-028  1.49018E-020  3.25878E-020  4.26407E-020  1.34600E-026  1.00000E-040  1.03782E-014  2.19665E-039  5.32987E-027  1.18796E-026  3.75168E-021  3.96373E-035  7.14050E-026  5.95962E-033  2.88162E-013  1.00000E-040  6.52714E-016  1.00000E-040  1.00000E-040  5.04137E-019  1.90650E-012  4.27446E-022  1.93702E-014  4.39412E-031  1.00000E-003  1.00000E-005  1.00000E-005  1.00000E-005  1.00000E-005  1.00000E-005  1.00000E-005  1.00000E-005  1.00000E-005  1.00000E-005  1.00000E-005  1.00000E-005  1.00000E-005  1.00000E-005  1.00000E-005  1.00000E-005  
7.65000E+001  3.09795E-006  6.65310E+013  3.37262E+002  3.74490E+005  1.00000E-040  1.00000E-040  1.00000E-040  1.00000E-040  1.00000E-040  1.00000E-040  1.00000E-040  1.00000E-040  1.00000E-040  1.00000E-040  1.00000E-040  1.00000E-040  1.00000E-040  1.00000E-040  5.27801E-029  1.00000E-040  1.36390E-040  4.81693E-006  2.66068E-007  9.89554E-009  4.75828E-012  2.92107E-003  7.01522E-004  7.68290E-005  1.79317E-004  3.99635E-016  6.83627E-014  8.31428E-013  1.36622E-016  1.72315E-017  2.33423E-016  3.89121E-010  2.59973E-020  1.00000E-040  1.00000E-040  1.18905E-034  1.00000E-040  8.63368E-035  8.33129E-029  1.00917E-017  9.21787E-019  5.06417E-027  1.00000E-040  4.66780E-028  2.86446E-018  7.13314E-014  2.27665E-007  9.96116E-001  5.89274E-018  1.73772E-022  5.35041E-020  1.29882E-026  5.94294E-031  4.26540E-025  1.32217E-021  7.06508E-009  1.44952E-017  6.21914E-014  3.36026E-015  2.82357E-012  6.95806E-022  2.31745E-010  3.59575E-015  2.56924E-021  1.07811E-021  1.80727E-019  2.05307E-024  1.83873E-021  1.00000E-040  1.00000E-040  1.00000E-040  1.00000E-040  1.00000E-040  1.00000E-040  1.11667E-022  1.65150E-014  3.29161E-025  1.56497E-025  1.00000E-040  1.00000E-040  1.00000E-040  1.00000E-040  1.00000E-040  9.30297E-032  2.89450E-029  8.29997E-028  2.37139E-019  3.70330E-019  4.74079E-024  1.69199E-022  2.16192E-028  1.25613E-020  1.91511E-020  3.89707E-020  1.32317E-026  1.00000E-040  9.53414E-016  5.10946E-040  1.08896E-027  4.84138E-027  1.10451E-021  1.04777E-035  4.20550E-026  2.67887E-033  3.23830E-013  1.00000E-040  2.36395E-016  1.00000E-040  1.00000E-040  2.10946E-019  2.99667E-012  4.73837E-022  1.18606E-014  2.48008E-031  1.00000E-003  1.00000E-005  1.00000E-005  1.00000E-005  1.00000E-005  1.00000E-005  1.00000E-005  1.00000E-005  1.00000E-005  1.00000E-005  1.00000E-005  1.00000E-005  1.00000E-005  1.00000E-005  1.00000E-005  1.00000E-005  
7.75000E+001  2.82173E-006  5.75116E+013  3.55367E+002  3.84490E+005  1.00000E-040  1.00000E-040  1.00000E-040  1.00000E-040  1.00000E-040  1.00000E-040  1.00000E-040  1.00000E-040  1.00000E-040  1.00000E-040  1.00000E-040  1.00000E-040  1.00000E-040  1.00000E-040  2.14027E-029  1.00000E-040  1.40733E-040  5.03009E-006  1.73040E-007  7.69033E-009  3.91581E-012  3.09312E-003  6.28636E-004  8.16347E-005  1.72246E-004  3.38239E-016  4.55870E-014  1.24719E-012  1.44330E-016  9.47266E-018  1.97849E-016  1.89464E-010  3.42985E-020  1.40272E-034  2.04635E-034  2.56958E-034  1.00000E-040  3.63222E-035  6.60481E-029  9.97715E-018  8.54076E-019  6.32331E-027  1.00000E-040  3.49019E-028  6.46504E-018  4.71588E-014  2.24751E-007  9.96019E-001  5.29133E-018  7.98899E-023  1.99788E-020  1.94374E-026  2.63816E-031  1.60570E-025  5.76142E-022  1.09100E-008  1.60485E-017  4.48347E-014  8.60846E-016  2.45719E-012  2.31791E-022  1.41598E-010  4.56249E-015  2.60600E-021  6.71249E-022  8.69826E-020  1.34128E-024  1.17322E-021  1.00000E-040  1.00000E-040  1.00000E-040  1.00000E-040  1.00000E-040  1.00000E-040  9.38273E-024  1.22764E-014  1.06383E-025  1.87999E-026  1.00000E-040  1.00000E-040  1.00000E-040  1.00000E-040  1.00000E-040  6.46398E-032  1.41932E-029  1.17632E-028  4.15428E-019  2.19199E-019  3.91442E-024  4.26191E-022  1.59079E-028  1.04572E-020  1.02759E-020  3.05447E-020  9.84785E-027  1.00000E-040  3.89514E-017  1.00000E-040  1.64326E-028  1.75079E-027  2.99418E-022  1.00000E-040  2.19447E-026  1.40387E-033  3.56886E-013  1.00000E-040  6.79385E-017  1.00000E-040  1.00000E-040  7.97605E-020  4.46103E-012  4.38205E-022  6.46299E-015  1.40995E-031  1.00000E-003  1.00000E-005  1.00000E-005  1.00000E-005  1.00000E-005  1.00000E-005  1.00000E-005  1.00000E-005  1.00000E-005  1.00000E-005  1.00000E-005  1.00000E-005  1.00000E-005  1.00000E-005  1.00000E-005  1.00000E-005  
7.85000E+001  2.58230E-006  5.00556E+013  3.73655E+002  3.94490E+005  1.00000E-040  1.00000E-040  1.00000E-040  1.00000E-040  1.00000E-040  1.00000E-040  1.00000E-040  1.00000E-040  1.00000E-040  1.00000E-040  1.00000E-040  1.00000E-040  1.00000E-040  1.00000E-040  6.79660E-030  1.00000E-040  1.45363E-040  5.19977E-006  1.03722E-007  6.00468E-009  3.24853E-012  3.25391E-003  5.63224E-004  8.62375E-005  1.65338E-004  2.51593E-016  2.65275E-014  1.83036E-012  1.13910E-016  4.57217E-018  1.43460E-016  8.13036E-011  4.50544E-020  1.00000E-040  2.01236E-035  1.00000E-040  1.00000E-040  1.60826E-035  5.28023E-029  9.79050E-018  8.49607E-019  7.79610E-027  1.00000E-040  2.70985E-028  1.37998E-017  2.76525E-014  2.19429E-007  9.95926E-001  4.31662E-018  2.91249E-023  5.63941E-021  2.14012E-026  7.86379E-032  4.10171E-026  1.67151E-022  1.61003E-008  1.72138E-017  3.24410E-014  1.91149E-016  2.14666E-012  8.26703E-023  8.76971E-011  5.57468E-015  2.57105E-021  4.44704E-022  4.97074E-020  8.80951E-025  7.50462E-022  1.00000E-040  1.00000E-040  1.00000E-040  1.00000E-040  1.00000E-040  1.00000E-040  5.93601E-025  9.03913E-015  3.29772E-026  1.66244E-027  1.00000E-040  1.00000E-040  1.00000E-040  1.00000E-040  1.00000E-040  3.96802E-032  4.61560E-030  1.20907E-029  7.06674E-019  1.13010E-019  2.44296E-024  9.55972E-022  1.18774E-028  8.59544E-021  5.25874E-021  2.04790E-020  6.52059E-027  1.00000E-040  7.31192E-019  1.00000E-040  2.61918E-029  5.74192E-028  7.58711E-023  1.00000E-040  9.99562E-027  8.10699E-034  3.87351E-013  1.00000E-040  1.53766E-017  1.00000E-040  1.00000E-040  2.69460E-020  6.35513E-012  3.33682E-022  3.05388E-015  8.08358E-032  1.00000E-003  1.00000E-005  1.00000E-005  1.00000E-005  1.00000E-005  1.00000E-005  1.00000E-005  1.00000E-005  1.00000E-005  1.00000E-005  1.00000E-005  1.00000E-005  1.00000E-005  1.00000E-005  1.00000E-005  1.00000E-005  
7.95000E+001  2.37345E-006  4.38068E+013  3.92423E+002  4.04490E+005  1.00000E-040  1.00000E-040  1.00000E-040  1.00000E-040  1.00000E-040  1.00000E-040  1.00000E-040  1.00000E-040  1.00000E-040  1.00000E-040  1.00000E-040  1.00000E-040  1.00000E-040  1.00000E-040  1.65826E-030  1.00000E-040  1.50270E-040  5.32845E-006  5.69314E-008  4.71393E-009  2.63195E-012  3.40431E-003  5.04823E-004  9.06097E-005  1.58637E-004  1.66280E-016  1.33382E-014  2.63288E-012  7.22886E-017  1.91622E-018  8.86080E-017  3.03907E-011  5.90668E-020  4.80973E-036  5.12234E-036  4.20873E-036  1.00000E-040  7.48851E-036  4.25317E-029  9.55245E-018  8.87392E-019  9.48882E-027  1.00000E-040  2.16593E-028  2.79530E-017  1.42240E-014  2.13293E-007  9.95836E-001  3.20610E-018  8.70885E-024  1.21525E-021  1.86731E-026  1.66013E-032  7.47442E-027  3.42403E-023  2.29261E-008  1.80266E-017  2.35310E-014  4.26156E-017  1.88354E-012  3.06881E-023  5.47834E-011  6.60892E-015  2.47923E-021  3.17310E-022  2.86175E-020  5.68325E-025  4.82105E-022  1.00000E-040  1.00000E-040  1.00000E-040  1.00000E-040  1.00000E-040  1.00000E-040  2.88443E-026  6.58964E-015  9.60498E-027  1.11903E-028  1.00000E-040  1.00000E-040  1.00000E-040  1.00000E-040  1.00000E-040  2.13114E-032  1.05670E-030  9.35668E-031  1.16380E-018  5.02608E-020  1.23562E-024  1.95808E-021  8.97249E-029  6.97713E-021  2.86164E-021  1.17455E-020  5.08984E-027  1.00000E-040  6.60463E-021  1.00000E-040  9.14570E-030  1.74453E-028  1.82194E-023  6.27708E-036  3.93801E-027  4.83767E-034  4.15583E-013  1.00000E-040  2.73317E-018  1.00000E-040  1.00000E-040  8.04272E-021  8.73521E-012  2.06673E-022  1.21981E-015  4.68201E-032  1.00000E-003  1.00000E-005  1.00000E-005  1.00000E-005  1.00000E-005  1.00000E-005  1.00000E-005  1.00000E-005  1.00000E-005  1.00000E-005  1.00000E-005  1.00000E-005  1.00000E-005  1.00000E-005  1.00000E-005  1.00000E-005  
8.05000E+001  2.19020E-006  3.85794E+013  4.11192E+002  4.06996E+005  1.00000E-040  1.00000E-040  1.00000E-040  1.00000E-040  1.00000E-040  1.00000E-040  1.00000E-040  1.00000E-040  1.00000E-040  1.00000E-040  1.00000E-040  1.00000E-040  1.00000E-040  1.00000E-040  3.02653E-031  1.00000E-040  1.55468E-040  5.42353E-006  2.84675E-008  3.71755E-009  2.03509E-012  3.54612E-003  4.52564E-004  9.47570E-005  1.52139E-004  9.98405E-017  5.69153E-015  3.71604E-012  4.27394E-017  6.89650E-019  4.56345E-017  9.80100E-012  7.71342E-020  1.00000E-040  1.00000E-040  1.00000E-040  1.00000E-040  3.80561E-036  3.45868E-029  9.28144E-018  9.47608E-019  1.14353E-026  1.00000E-040  1.79082E-028  5.33996E-017  6.36147E-015  2.07993E-007  9.95749E-001  2.18873E-018  2.15267E-024  2.01944E-022  1.49590E-026  2.86885E-033  1.11765E-027  5.68930E-024  3.13733E-008  1.84673E-017  1.71606E-014  9.72767E-018  1.65927E-012  1.17588E-023  3.47200E-011  7.58720E-015  2.33769E-021  2.42419E-022  1.59731E-020  3.53929E-025  3.10736E-022  1.00000E-040  1.00000E-040  1.00000E-040  1.00000E-040  1.00000E-040  1.00000E-040  1.10441E-027  4.74785E-015  2.59348E-027  5.96446E-030  1.00000E-040  1.00000E-040  1.00000E-040  1.00000E-040  1.00000E-040  9.87475E-033  1.95450E-031  5.65866E-032  1.83914E-018  1.90875E-020  5.88356E-025  3.63147E-021  6.87549E-029  5.57435E-021  1.88824E-021  5.68276E-021  5.33360E-027  1.00000E-040  3.06747E-023  1.00000E-040  4.88260E-030  4.94463E-029  4.18798E-024  6.89324E-036  1.31769E-027  2.81484E-034  4.40746E-013  1.00000E-040  3.83236E-019  1.00000E-040  1.00000E-040  2.11426E-021  1.16386E-011  1.01193E-022  4.02750E-016  2.73653E-032  1.00000E-003  1.00000E-005  1.00000E-005  1.00000E-005  1.00000E-005  1.00000E-005  1.00000E-005  1.00000E-005  1.00000E-005  1.00000E-005  1.00000E-005  1.00000E-005  1.00000E-005  1.00000E-005  1.00000E-005  1.00000E-005  
8.15000E+001  2.02845E-006  3.41706E+013  4.29960E+002  4.06996E+005  1.00000E-040  1.00000E-040  1.00000E-040  1.00000E-040  1.00000E-040  1.00000E-040  1.00000E-040  1.00000E-040  1.00000E-040  1.00000E-040  1.00000E-040  1.00000E-040  1.00000E-040  1.00000E-040  4.07035E-032  1.00000E-040  1.60979E-040  5.49431E-006  1.29076E-008  2.94128E-009  1.50358E-012  3.68117E-003  4.05611E-004  9.86905E-005  1.45829E-004  5.90177E-017  2.04450E-015  5.16047E-012  2.53872E-017  2.11293E-019  1.94826E-017  2.70354E-012  1.00352E-019  1.00000E-040  1.00000E-040  1.00000E-040  1.00000E-040  2.21121E-036  2.84129E-029  8.99028E-018  1.01564E-018  1.36692E-026  1.00000E-040  1.52548E-028  9.67900E-017  2.45471E-015  2.04298E-007  9.95663E-001  1.40459E-018  4.68786E-025  2.61975E-023  1.18868E-026  4.40803E-034  1.46145E-028  8.18661E-025  4.14374E-008  1.85553E-017  1.25841E-014  2.25301E-018  1.46685E-012  4.62358E-024  2.22865E-011  8.46589E-015  2.16146E-021  1.94762E-022  8.60832E-021  2.12052E-025  2.00544E-022  1.00000E-040  1.00000E-040  1.00000E-040  1.00000E-040  1.00000E-040  1.00000E-040  3.43596E-029  3.37350E-015  6.48118E-028  2.75329E-031  1.00000E-040  1.00000E-040  1.00000E-040  1.00000E-040  1.00000E-040  3.91593E-033  3.12118E-032  2.92522E-033  2.79330E-018  6.14301E-021  2.84063E-025  6.19234E-021  5.34136E-029  4.37367E-021  1.53563E-021  2.31039E-021  6.43215E-027  1.00000E-040  7.78259E-026  1.00000E-040  2.33570E-030  1.32127E-029  9.27387E-025  6.41862E-036  3.71315E-028  1.52876E-034  4.62633E-013  1.00000E-040  4.26351E-020  1.00000E-040  1.00000E-040  4.87145E-022  1.51058E-011  3.86737E-023  1.07824E-016  1.61037E-032  1.00000E-003  1.00000E-005  1.00000E-005  1.00000E-005  1.00000E-005  1.00000E-005  1.00000E-005  1.00000E-005  1.00000E-005  1.00000E-005  1.00000E-005  1.00000E-005  1.00000E-005  1.00000E-005  1.00000E-005  1.00000E-005  
8.25000E+001  1.88488E-006  3.04241E+013  4.48728E+002  4.06996E+005  1.00000E-040  1.00000E-040  1.00000E-040  1.00000E-040  1.00000E-040  1.00000E-040  1.00000E-040  1.00000E-040  1.00000E-040  1.00000E-040  1.00000E-040  1.00000E-040  1.00000E-040  1.00000E-040  4.02220E-033  1.00000E-040  1.66800E-040  5.54895E-006  5.30153E-009  2.33428E-009  1.09447E-012  3.81033E-003  3.63498E-004  1.02397E-004  1.39733E-004  3.86362E-017  6.17825E-016  7.06203E-012  1.55649E-017  5.50241E-020  6.90271E-018  6.36731E-013  1.29993E-019  1.00000E-040  3.63981E-036  1.00000E-040  1.00000E-040  1.55448E-036  2.35974E-029  8.68936E-018  1.08054E-018  1.62223E-026  1.00000E-040  1.33244E-028  1.67295E-016  8.16189E-016  2.02588E-007  9.95578E-001  8.84245E-019  1.01244E-025  2.70194E-024  9.63518E-027  6.54484E-035  1.71026E-029  1.04529E-025  5.30129E-008  1.83416E-017  9.28605E-015  5.29748E-019  1.30176E-012  1.88278E-024  1.44759E-011  9.20913E-015  1.96412E-021  1.61417E-022  4.60491E-021  1.24217E-025  1.29642E-022  1.00000E-040  1.00000E-040  1.00000E-040  1.00000E-040  1.00000E-040  1.00000E-040  9.11493E-031  2.36368E-015  1.51334E-028  1.39526E-032  1.00000E-040  1.00000E-040  1.00000E-040  1.00000E-040  1.00000E-040  1.33557E-033  4.41603E-033  1.52721E-034  4.08238E-018  1.67405E-021  1.42707E-025  9.84220E-021  4.20537E-029  3.37065E-021  1.38385E-021  7.91005E-022  7.77867E-027  1.00000E-040  1.14722E-028  1.00000E-040  9.08736E-031  3.37316E-030  1.99755E-025  1.10650E-035  8.80860E-029  7.59210E-035  4.81366E-013  1.00000E-040  3.80981E-021  1.00000E-040  1.00000E-040  9.86531E-023  1.91736E-011  1.15045E-023  2.32079E-017  9.54408E-033  1.00000E-003  1.00000E-005  1.00000E-005  1.00000E-005  1.00000E-005  1.00000E-005  1.00000E-005  1.00000E-005  1.00000E-005  1.00000E-005  1.00000E-005  1.00000E-005  1.00000E-005  1.00000E-005  1.00000E-005  1.00000E-005  
8.35000E+001  1.75682E-006  2.72186E+013  4.67496E+002  4.06996E+005  1.00000E-040  1.00000E-040  1.00000E-040  1.00000E-040  1.00000E-040  1.00000E-040  1.00000E-040  1.00000E-040  1.00000E-040  1.00000E-040  1.00000E-040  1.00000E-040  1.00000E-040  1.00000E-040  2.94121E-034  1.00000E-040  1.72919E-040  5.59334E-006  1.97608E-009  1.85831E-009  8.37044E-013  3.93425E-003  3.25828E-004  1.05864E-004  1.33881E-004  2.98369E-017  1.57675E-016  9.53394E-012  9.91251E-018  1.22142E-020  2.04021E-018  1.28363E-013  1.67545E-019  1.16256E-034  1.00000E-040  7.39720E-035  1.00000E-040  1.34602E-036  1.98236E-029  8.38742E-018  1.13334E-018  1.91279E-026  1.00000E-040  1.18807E-028  2.76419E-016  2.34637E-016  2.03333E-007  9.95494E-001  5.80212E-019  2.43202E-026  2.25658E-025  8.02308E-027  1.09572E-035  1.80416E-030  1.19405E-026  6.57766E-008  1.78774E-017  6.89952E-015  1.27163E-019  1.16033E-012  8.07753E-025  9.51100E-012  9.77347E-015  1.75425E-021  1.35818E-022  2.59751E-021  7.36826E-026  8.40213E-023  1.00000E-040  1.00000E-040  1.00000E-040  1.00000E-040  1.00000E-040  1.00000E-040  2.17962E-032  1.63489E-015  3.34067E-029  1.00000E-040  1.00000E-040  1.00000E-040  1.00000E-040  1.00000E-040  1.00000E-040  4.05434E-034  5.59178E-034  9.50430E-036  5.74017E-018  3.87594E-022  7.50064E-026  1.47511E-020  3.35358E-029  2.55500E-021  1.26460E-021  2.29593E-022  9.05975E-027  1.00000E-040  1.19478E-031  1.00000E-040  2.86695E-031  8.33228E-031  4.22628E-026  1.00000E-040  1.76652E-029  3.51184E-035  4.97203E-013  1.00000E-040  2.76822E-022  1.00000E-040  1.00000E-040  1.77085E-023  2.38762E-011  2.67549E-024  4.01520E-018  5.70125E-033  1.00000E-003  1.00000E-005  1.00000E-005  1.00000E-005  1.00000E-005  1.00000E-005  1.00000E-005  1.00000E-005  1.00000E-005  1.00000E-005  1.00000E-005  1.00000E-005  1.00000E-005  1.00000E-005  1.00000E-005  1.00000E-005  
8.45000E+001  1.64200E-006  2.44791E+013  4.85842E+002  4.06996E+005  1.00000E-040  1.00000E-040  1.00000E-040  1.00000E-040  1.00000E-040  1.00000E-040  1.00000E-040  1.00000E-040  1.00000E-040  1.00000E-040  1.00000E-040  1.00000E-040  1.00000E-040  1.00000E-040  1.61885E-035  1.00000E-040  1.79324E-040  5.63105E-006  6.73694E-010  1.48375E-009  7.27345E-013  4.05354E-003  2.92201E-004  1.09081E-004  1.28296E-004  2.60378E-017  3.42196E-017  1.26992E-011  6.63484E-018  2.33210E-021  5.05157E-019  2.23637E-014  2.14232E-019  1.78952E-034  1.00000E-040  4.14903E-035  1.00000E-040  1.36183E-036  1.68693E-029  8.09535E-018  1.16331E-018  2.24464E-026  1.00000E-040  1.08125E-028  4.34392E-016  5.89581E-017  2.07693E-007  9.95411E-001  4.20961E-019  6.62100E-027  1.55658E-026  6.94257E-027  2.48203E-036  1.75733E-031  1.24798E-027  7.87299E-008  1.71816E-017  5.17271E-015  3.12961E-020  1.03928E-012  3.75520E-025  6.35248E-012  1.00797E-014  1.53629E-021  1.14781E-022  1.66958E-021  4.63942E-026  5.46249E-023  1.00000E-040  1.00000E-040  1.00000E-040  1.00000E-040  1.00000E-040  1.00000E-040  4.88537E-034  1.11853E-015  7.04944E-030  2.43685E-033  1.00000E-040  1.00000E-040  1.00000E-040  1.00000E-040  1.00000E-040  1.24952E-034  6.48555E-035  7.09834E-037  7.71683E-018  7.69546E-023  4.18080E-026  2.08567E-020  2.71224E-029  1.90766E-021  1.12584E-021  5.69836E-023  1.00717E-026  1.00000E-040  2.37907E-033  1.00000E-040  7.36349E-032  2.00849E-031  8.87084E-027  2.98167E-035  3.01578E-030  1.63469E-035  5.09906E-013  1.00000E-040  1.66087E-023  1.00000E-040  1.00000E-040  2.86587E-024  2.92214E-011  4.90572E-025  5.64688E-019  3.43373E-033  1.00000E-003  1.00000E-005  1.00000E-005  1.00000E-005  1.00000E-005  1.00000E-005  1.00000E-005  1.00000E-005  1.00000E-005  1.00000E-005  1.00000E-005  1.00000E-005  1.00000E-005  1.00000E-005  1.00000E-005  1.00000E-005  
8.55000E+001  1.53826E-006  2.22515E+013  5.00711E+002  4.06996E+005  1.00000E-040  1.00000E-040  1.00000E-040  1.00000E-040  1.00000E-040  1.00000E-040  1.00000E-040  1.00000E-040  1.00000E-040  1.00000E-040  1.00000E-040  1.00000E-040  1.00000E-040  1.00000E-040  6.92209E-037  1.00000E-040  1.86015E-040  5.66443E-006  2.15930E-010  1.18803E-009  7.13374E-013  4.16881E-003  2.62253E-004  1.12042E-004  1.22998E-004  2.39684E-017  6.40215E-018  1.66089E-011  5.05750E-018  3.96822E-022  1.03779E-019  3.50700E-015  2.66777E-019  1.00000E-040  1.00000E-040  9.45700E-035  1.00000E-040  1.42854E-036  1.46286E-029  7.83183E-018  1.15647E-018  2.63625E-026  1.00000E-040  1.02329E-028  6.37759E-016  1.34698E-017  2.17468E-007  9.95328E-001  3.47192E-019  1.88361E-027  9.35964E-028  6.72995E-027  7.68666E-037  1.83277E-032  1.36237E-028  8.97293E-008  1.62162E-017  3.96755E-015  7.90072E-021  9.35822E-013  2.00964E-025  4.46728E-012  1.00944E-014  1.33707E-021  9.71944E-023  1.26604E-021  3.21369E-026  3.56474E-023  1.00000E-040  1.00000E-040  1.00000E-040  1.00000E-040  1.00000E-040  1.00000E-040  1.05403E-035  7.59691E-016  1.43695E-030  4.30064E-036  1.00000E-040  1.00000E-040  1.00000E-040  1.00000E-040  1.00000E-040  5.45348E-035  7.79003E-036  6.41140E-038  9.76022E-018  1.35582E-023  2.72392E-026  2.64744E-020  2.25052E-029  1.40011E-021  9.31285E-022  1.20441E-023  1.05731E-026  1.00000E-040  3.94732E-034  1.00000E-040  1.50901E-032  4.70129E-032  1.87860E-027  1.00000E-040  4.44987E-031  8.74533E-036  5.16159E-013  1.00000E-040  8.83232E-025  1.00000E-040  1.00000E-040  4.36143E-025  3.50331E-011  7.20124E-026  6.81488E-020  2.08550E-033  1.00000E-003  1.00000E-005  1.00000E-005  1.00000E-005  1.00000E-005  1.00000E-005  1.00000E-005  1.00000E-005  1.00000E-005  1.00000E-005  1.00000E-005  1.00000E-005  1.00000E-005  1.00000E-005  1.00000E-005  1.00000E-005  
8.65000E+001  1.44387E-006  2.02838E+013  5.15580E+002  4.06996E+005  1.00000E-040  1.00000E-040  1.00000E-040  1.00000E-040  1.00000E-040  1.00000E-040  1.00000E-040  1.00000E-040  1.00000E-040  1.00000E-040  1.00000E-040  1.00000E-040  1.00000E-040  1.00000E-040  2.50120E-038  1.00000E-040  1.92999E-040  5.69482E-006  6.55815E-011  9.53856E-010  7.86454E-013  4.28068E-003  2.35620E-004  1.14747E-004  1.17994E-004  2.24237E-017  1.10701E-018  2.15066E-011  3.92138E-018  6.10593E-023  1.90832E-020  4.98145E-016  3.30251E-019  1.00000E-040  1.00000E-040  1.00000E-040  1.00000E-040  1.54556E-036  1.28062E-029  7.57434E-018  1.13176E-018  3.07743E-026  1.00000E-040  9.73580E-029  9.09222E-016  2.85792E-018  2.30009E-007  9.95245E-001  3.11376E-019  5.62694E-028  5.36186E-029  6.58029E-027  2.54411E-037  1.77391E-033  1.37557E-029  1.00333E-007  1.51845E-017  3.06027E-015  2.05049E-021  8.47548E-013  1.22188E-025  3.16593E-012  9.95239E-015  1.15037E-021  8.19875E-023  1.07869E-021  2.47063E-026  2.33733E-023  1.00000E-040  1.00000E-040  1.00000E-040  1.00000E-040  1.00000E-040  1.00000E-040  2.12780E-037  5.12912E-016  2.95712E-031  1.00000E-040  1.00000E-040  1.00000E-040  1.00000E-040  1.00000E-040  1.00000E-040  4.00411E-035  8.68576E-037  5.74549E-039  1.20283E-017  2.15443E-024  1.81099E-026  3.28747E-020  1.88128E-029  1.01948E-021  7.57411E-022  2.30521E-024  1.08429E-026  1.00000E-040  7.20074E-035  1.00000E-040  2.69639E-033  1.10913E-032  4.03414E-028  1.00000E-040  5.92614E-032  5.04443E-036  5.21008E-013  1.00000E-040  4.57824E-026  1.00000E-040  1.00000E-040  6.29560E-026  4.15358E-011  9.04709E-027  7.12255E-021  1.27849E-033  1.00000E-003  1.00000E-005  1.00000E-005  1.00000E-005  1.00000E-005  1.00000E-005  1.00000E-005  1.00000E-005  1.00000E-005  1.00000E-005  1.00000E-005  1.00000E-005  1.00000E-005  1.00000E-005  1.00000E-005  1.00000E-005  
8.75000E+001  1.35775E-006  1.85392E+013  5.30449E+002  4.06996E+005  1.00000E-040  1.00000E-040  1.00000E-040  1.00000E-040  1.00000E-040  1.00000E-040  1.00000E-040  1.00000E-040  1.00000E-040  1.00000E-040  1.00000E-040  1.00000E-040  1.00000E-040  1.00000E-040  8.14074E-040  1.00000E-040  2.00271E-040  5.72248E-006  1.91653E-011  7.67645E-010  9.31758E-013  4.38968E-003  2.11940E-004  1.17199E-004  1.13286E-004  2.10362E-017  1.95155E-019  2.75876E-011  3.08803E-018  8.56571E-024  3.16697E-021  6.44601E-017  4.06034E-019  6.17684E-036  7.82054E-036  1.00000E-040  1.00000E-040  1.68920E-036  1.13052E-029  7.31623E-018  1.09585E-018  3.56785E-026  1.00000E-040  9.29340E-029  1.26848E-015  5.96524E-019  2.44293E-007  9.95162E-001  2.91854E-019  1.75448E-028  5.18641E-030  6.48199E-027  7.99464E-038  1.58263E-034  1.28909E-030  1.10855E-007  1.41306E-017  2.37320E-015  5.47448E-022  7.72344E-013  8.86650E-026  2.26064E-012  9.72733E-015  9.84993E-022  6.89028E-023  9.92148E-022  2.07152E-026  1.54067E-023  1.00000E-040  1.00000E-040  1.00000E-040  1.00000E-040  1.00000E-040  1.00000E-040  3.91245E-039  3.44612E-016  6.65861E-032  2.11841E-037  1.00000E-040  1.00000E-040  1.00000E-040  1.00000E-040  1.00000E-040  3.80558E-035  9.03075E-038  4.88561E-040  1.45525E-017  3.10642E-025  1.22648E-026  4.00388E-020  1.58144E-029  7.37301E-022  6.06500E-022  4.00561E-025  1.09433E-026  1.00000E-040  1.39795E-035  1.00000E-040  4.37085E-034  2.64811E-033  8.81660E-029  1.00000E-040  7.17928E-033  3.07669E-036  5.24704E-013  1.00000E-040  3.08535E-027  1.00000E-040  1.00000E-040  8.72723E-027  4.87600E-011  9.82163E-028  6.50314E-022  7.91400E-034  1.00000E-003  1.00000E-005  1.00000E-005  1.00000E-005  1.00000E-005  1.00000E-005  1.00000E-005  1.00000E-005  1.00000E-005  1.00000E-005  1.00000E-005  1.00000E-005  1.00000E-005  1.00000E-005  1.00000E-005  1.00000E-005  
8.85000E+001  1.27896E-006  1.69873E+013  5.45318E+002  4.06996E+005  1.00000E-040  1.00000E-040  1.00000E-040  1.00000E-040  1.00000E-040  1.00000E-040  1.00000E-040  1.00000E-040  1.00000E-040  1.00000E-040  1.00000E-040  1.00000E-040  1.00000E-040  1.00000E-040  1.00000E-040  1.00000E-040  2.07825E-040  5.74744E-006  5.57409E-012  6.18993E-010  1.14593E-012  4.49629E-003  1.90884E-004  1.19406E-004  1.08873E-004  1.97245E-017  4.69214E-020  3.50742E-011  2.46634E-018  1.11390E-024  4.81478E-022  7.64227E-018  4.95497E-019  1.00000E-040  1.00000E-040  1.00000E-040  1.00000E-040  1.84214E-036  1.00585E-029  7.05445E-018  1.05164E-018  4.10648E-026  1.00000E-040  8.88753E-029  1.73679E-015  1.45120E-019  2.60170E-007  9.95078E-001  2.79606E-019  5.89482E-029  2.53797E-030  6.42590E-027  2.07073E-038  1.17519E-035  1.12576E-031  1.21301E-007  1.30783E-017  1.84990E-015  1.50413E-022  7.08467E-013  7.87815E-026  1.62637E-012  9.44516E-015  8.40955E-022  5.77170E-023  9.52336E-022  1.84024E-026  1.02143E-023  1.00000E-040  1.00000E-040  1.00000E-040  1.00000E-040  1.00000E-040  1.00000E-040  1.00000E-040  2.30666E-016  2.13356E-032  5.73367E-034  1.00000E-040  1.00000E-040  1.00000E-040  1.00000E-040  1.00000E-040  3.84779E-035  8.79960E-039  1.00000E-040  1.73321E-017  4.08901E-026  8.44750E-027  4.79338E-020  1.33509E-029  5.30244E-022  4.79021E-022  6.40086E-026  1.09009E-026  1.00000E-040  2.91699E-036  1.00000E-040  7.54187E-035  6.42133E-034  1.96732E-029  9.16773E-036  8.02794E-034  1.94691E-036  5.27476E-013  1.00000E-040  3.52454E-028  1.00000E-040  1.00000E-040  1.17942E-027  5.67358E-011  9.30326E-029  5.23338E-023  4.94800E-034  1.00000E-003  1.00000E-005  1.00000E-005  1.00000E-005  1.00000E-005  1.00000E-005  1.00000E-005  1.00000E-005  1.00000E-005  1.00000E-005  1.00000E-005  1.00000E-005  1.00000E-005  1.00000E-005  1.00000E-005  1.00000E-005  
8.95000E+001  1.20671E-006  1.56023E+013  5.60187E+002  4.06996E+005  1.00000E-040  1.00000E-040  1.00000E-040  1.00000E-040  1.00000E-040  1.00000E-040  1.00000E-040  1.00000E-040  1.00000E-040  1.00000E-040  1.00000E-040  1.00000E-040  1.00000E-040  1.00000E-040  1.00000E-040  1.00000E-040  2.15657E-040  5.76972E-006  1.73561E-012  4.99933E-010  1.43187E-012  4.60089E-003  1.72159E-004  1.21376E-004  1.04751E-004  1.84734E-017  2.02402E-020  4.42181E-011  1.99525E-018  1.42151E-025  7.05497E-023  8.34806E-019  5.99909E-019  1.00000E-040  1.00000E-040  1.00000E-040  1.00000E-040  1.98678E-036  9.01568E-030  6.78719E-018  1.00075E-018  4.69088E-026  1.00000E-040  8.50506E-029  2.33725E-015  5.45005E-020  2.78162E-007  9.94995E-001  2.71437E-019  2.38444E-029  2.46372E-030  6.40475E-027  1.74570E-039  1.00000E-040  9.19916E-033  1.31582E-007  1.20443E-017  1.44914E-015  4.25472E-023  6.54504E-013  8.28260E-026  1.17877E-012  9.11858E-015  7.16352E-022  4.81894E-023  9.33371E-022  1.68690E-026  6.81413E-024  1.00000E-040  1.00000E-040  1.00000E-040  1.00000E-040  1.00000E-040  1.00000E-040  1.00000E-040  1.53999E-016  1.35813E-032  3.31342E-036  1.00000E-040  1.00000E-040  1.00000E-040  1.00000E-040  1.00000E-040  3.92073E-035  8.07506E-040  1.00000E-040  2.03490E-017  4.94417E-027  5.90859E-027  5.65154E-020  1.13070E-029  3.79684E-022  3.73865E-022  9.88737E-027  1.07369E-026  1.00000E-040  6.76799E-037  1.00000E-040  8.73779E-036  1.58644E-034  4.49476E-030  1.43259E-039  8.71454E-035  1.26196E-036  5.29534E-013  1.00000E-040  5.53308E-029  1.00000E-040  1.00000E-040  1.57940E-028  6.54926E-011  7.76262E-030  3.74500E-024  3.12529E-034  1.00000E-003  1.00000E-005  1.00000E-005  1.00000E-005  1.00000E-005  1.00000E-005  1.00000E-005  1.00000E-005  1.00000E-005  1.00000E-005  1.00000E-005  1.00000E-005  1.00000E-005  1.00000E-005  1.00000E-005  1.00000E-005  
9.05000E+001  1.14031E-006  1.43625E+013  5.75056E+002  4.06996E+005  1.00000E-040  1.00000E-040  1.00000E-040  1.00000E-040  1.00000E-040  1.00000E-040  1.00000E-040  1.00000E-040  1.00000E-040  1.00000E-040  1.00000E-040  1.00000E-040  1.00000E-040  1.00000E-040  1.00000E-040  1.00000E-040  2.23761E-040  5.78926E-006  6.51010E-013  4.04375E-010  1.79539E-012  4.70383E-003  1.55500E-004  1.23119E-004  1.00913E-004  1.72806E-017  1.25206E-020  5.53011E-011  1.63307E-018  2.20234E-026  1.22564E-023  8.44780E-020  7.20332E-019  1.00000E-040  1.00000E-040  1.00000E-040  1.00000E-040  2.10161E-036  8.13836E-030  6.51341E-018  9.44147E-019  5.31694E-026  1.00000E-040  8.13618E-029  3.09311E-015  3.23468E-020  2.99869E-007  9.94910E-001  2.67009E-019  1.43703E-029  2.56309E-030  6.41259E-027  1.00000E-040  1.00000E-040  7.08047E-034  1.41508E-007  1.10409E-017  1.14064E-015  1.24057E-023  6.09346E-013  9.63963E-026  8.60623E-013  8.75221E-015  6.08674E-022  4.00864E-023  9.21608E-022  1.56457E-026  4.57599E-024  1.00000E-040  1.00000E-040  1.00000E-040  1.00000E-040  1.00000E-040  1.00000E-040  1.00000E-040  1.02689E-016  1.61333E-032  4.94007E-033  1.00000E-040  1.00000E-040  1.00000E-040  1.00000E-040  1.00000E-040  3.98364E-035  1.00000E-040  1.00000E-040  2.35623E-017  5.53399E-028  4.19139E-027  6.57302E-020  9.59745E-030  2.71092E-022  2.88919E-022  1.81525E-027  1.04701E-026  1.00000E-040  1.87352E-037  1.00000E-040  1.08660E-034  4.00892E-035  1.05518E-030  8.76898E-035  1.12939E-035  8.30904E-037  5.31074E-013  1.00000E-040  9.46447E-030  1.00000E-040  1.00000E-040  2.13032E-029  7.50594E-011  5.75869E-031  2.40365E-025  1.99450E-034  1.00000E-003  1.00000E-005  1.00000E-005  1.00000E-005  1.00000E-005  1.00000E-005  1.00000E-005  1.00000E-005  1.00000E-005  1.00000E-005  1.00000E-005  1.00000E-005  1.00000E-005  1.00000E-005  1.00000E-005  1.00000E-005  
9.15000E+001  1.07914E-006  1.32494E+013  5.89925E+002  4.06996E+005  1.00000E-040  1.00000E-040  1.00000E-040  1.00000E-040  1.00000E-040  1.00000E-040  1.00000E-040  1.00000E-040  1.00000E-040  1.00000E-040  1.00000E-040  1.00000E-040  1.00000E-040  1.00000E-040  1.00000E-040  1.00000E-040  2.32132E-040  5.80606E-006  3.20106E-013  3.27673E-010  2.24345E-012  4.80539E-003  1.40676E-004  1.24644E-004  9.73516E-005  1.61456E-017  8.54364E-021  6.86354E-011  1.35085E-018  6.13024E-027  3.88764E-024  7.96163E-021  8.57474E-019  1.00000E-040  1.00000E-040  1.00000E-040  1.00000E-040  2.27705E-036  7.39657E-030  6.23318E-018  8.81959E-019  5.97907E-026  1.00000E-040  7.77328E-029  4.02042E-015  2.39020E-020  3.29269E-007  9.94826E-001  2.68121E-019  1.39217E-029  2.65284E-030  6.44427E-027  1.00000E-040  1.00000E-040  5.11493E-035  1.50625E-007  1.00767E-017  9.02005E-016  3.74497E-024  5.72152E-013  1.17327E-025  6.32902E-013  8.33690E-015  5.14872E-022  3.32041E-023  9.07961E-022  1.44629E-026  3.09458E-024  1.00000E-040  1.00000E-040  1.00000E-040  1.00000E-040  1.00000E-040  1.00000E-040  1.00000E-040  6.85138E-017  1.70210E-032  2.02384E-036  1.00000E-040  1.00000E-040  1.00000E-040  1.00000E-040  1.00000E-040  4.02872E-035  1.00000E-040  1.00000E-040  2.68726E-017  5.84882E-029  3.01182E-027  7.55176E-020  8.15850E-030  1.93361E-022  2.21600E-022  6.18575E-028  1.01121E-026  1.00000E-040  6.78401E-038  1.00000E-040  4.57779E-037  1.03522E-035  2.54284E-031  6.47558E-040  2.69046E-036  5.52128E-037  5.32281E-013  1.00000E-040  1.66961E-030  1.00000E-040  1.00000E-040  2.93862E-030  8.54649E-011  3.83221E-032  1.39525E-026  1.28612E-034  1.00000E-003  1.00000E-005  1.00000E-005  1.00000E-005  1.00000E-005  1.00000E-005  1.00000E-005  1.00000E-005  1.00000E-005  1.00000E-005  1.00000E-005  1.00000E-005  1.00000E-005  1.00000E-005  1.00000E-005  1.00000E-005  
9.25000E+001  1.02262E-006  1.22700E+013  6.03653E+002  4.06996E+005  1.00000E-040  1.00000E-040  1.00000E-040  1.00000E-040  1.00000E-040  1.00000E-040  1.00000E-040  1.00000E-040  1.00000E-040  1.00000E-040  1.00000E-040  1.00000E-040  1.00000E-040  1.00000E-040  1.00000E-040  1.00000E-040  2.40770E-040  5.82020E-006  1.99435E-013  2.66294E-010  2.71476E-012  4.90583E-003  1.27487E-004  1.25963E-004  9.40556E-005  1.50769E-017  5.92765E-021  8.44091E-011  1.15353E-018  3.06628E-027  2.20317E-024  7.09099E-022  1.00636E-018  4.72091E-034  1.83475E-034  5.92543E-034  2.41853E-031  2.44001E-036  6.77428E-030  5.95417E-018  8.12480E-019  6.68156E-026  1.00000E-040  7.45524E-029  5.09265E-015  1.94638E-020  3.75635E-007  9.94740E-001  2.79707E-019  1.71046E-029  2.68496E-030  6.62907E-027  1.00000E-040  1.00000E-040  4.20088E-036  1.57693E-007  9.14721E-018  7.19807E-016  1.18761E-024  5.42304E-013  1.38970E-025  4.73985E-013  7.86297E-015  4.34543E-022  2.74218E-023  8.75232E-022  1.31299E-026  2.10848E-024  1.00000E-040  1.00000E-040  1.00000E-040  1.00000E-040  1.00000E-040  1.00000E-040  1.00000E-040  4.58663E-017  1.96339E-032  6.63946E-034  1.00000E-040  1.00000E-040  1.00000E-040  1.00000E-040  1.00000E-040  4.07579E-035  1.00000E-040  1.00000E-040  2.99727E-017  6.55008E-030  2.25169E-027  8.46489E-020  6.97011E-030  1.37891E-022  1.67363E-022  3.95336E-028  9.64895E-027  1.00000E-040  3.36404E-038  1.00000E-040  1.43826E-035  2.74454E-036  6.35488E-032  1.29061E-035  1.16205E-036  3.71829E-037  5.32185E-013  1.00000E-040  3.18624E-031  6.57139E-036  1.00000E-040  4.20636E-031  9.65638E-011  2.30820E-033  7.46856E-028  8.37977E-035  1.00000E-003  1.00000E-005  1.00000E-005  1.00000E-005  1.00000E-005  1.00000E-005  1.00000E-005  1.00000E-005  1.00000E-005  1.00000E-005  1.00000E-005  1.00000E-005  1.00000E-005  1.00000E-005  1.00000E-005  1.00000E-005  
9.35000E+001  9.70114E-007  1.14499E+013  6.13674E+002  4.06996E+005  1.00000E-040  1.00000E-040  1.00000E-040  1.00000E-040  1.00000E-040  1.00000E-040  1.00000E-040  1.00000E-040  1.00000E-040  1.00000E-040  1.00000E-040  1.00000E-040  1.00000E-040  1.00000E-040  1.00000E-040  1.00000E-040  2.49696E-040  5.83220E-006  1.44527E-013  2.17504E-010  3.01377E-012  5.00550E-003  1.15761E-004  1.27086E-004  9.10119E-005  1.40942E-017  4.10099E-021  1.02506E-010  1.06316E-018  2.12831E-027  1.50588E-024  6.17388E-023  1.15286E-018  7.24924E-035  3.01526E-035  6.04118E-035  5.88467E-032  2.39931E-036  6.26106E-030  5.69156E-018  7.35726E-019  7.44706E-026  1.00000E-040  7.26776E-029  6.22734E-015  1.72348E-020  4.57946E-007  9.94654E-001  3.11260E-019  2.04642E-029  2.61992E-030  7.27193E-027  1.00000E-040  1.00000E-040  2.81570E-037  1.61416E-007  8.25331E-018  5.85312E-016  4.12467E-025  5.19325E-013  1.46192E-025  3.69988E-013  7.36296E-015  3.70522E-022  2.26551E-023  8.04059E-022  1.15984E-026  1.44870E-024  1.00000E-040  1.00000E-040  1.00000E-040  1.00000E-040  1.00000E-040  1.00000E-040  1.00000E-040  3.09207E-017  1.89225E-032  6.66516E-036  1.00000E-040  1.00000E-040  1.00000E-040  1.00000E-040  1.00000E-040  4.16750E-035  1.00000E-040  1.00000E-040  3.24325E-017  1.32348E-030  1.85295E-027  9.01912E-020  6.03399E-030  9.82403E-023  1.22150E-022  3.26191E-028  9.07754E-027  1.00000E-040  2.17701E-038  1.00000E-040  2.72810E-037  7.48672E-037  1.67249E-032  1.89490E-039  6.24873E-037  2.58198E-037  5.28596E-013  1.00000E-040  7.49682E-032  2.58792E-036  1.00000E-040  6.36795E-032  1.07923E-010  1.28440E-034  3.84618E-029  5.51879E-035  1.00000E-003  1.00000E-005  1.00000E-005  1.00000E-005  1.00000E-005  1.00000E-005  1.00000E-005  1.00000E-005  1.00000E-005  1.00000E-005  1.00000E-005  1.00000E-005  1.00000E-005  1.00000E-005  1.00000E-005  1.00000E-005  
9.45000E+001  9.21104E-007  1.06968E+013  6.23695E+002  4.06996E+005  1.00000E-040  1.00000E-040  1.00000E-040  1.00000E-040  1.00000E-040  1.00000E-040  1.00000E-040  1.00000E-040  1.00000E-040  1.00000E-040  1.00000E-040  1.00000E-040  1.00000E-040  1.00000E-040  1.00000E-040  1.00000E-040  2.58933E-040  5.84245E-006  1.11660E-013  1.79038E-010  3.33544E-012  5.10471E-003  1.05363E-004  1.28022E-004  8.82069E-005  1.31639E-017  2.86287E-021  1.23692E-010  9.80524E-019  1.53904E-027  1.07441E-024  5.26688E-024  1.31004E-018  2.04876E-034  7.90322E-035  1.61073E-034  4.43138E-032  2.35898E-036  5.80749E-030  5.42295E-018  6.60672E-019  8.23026E-026  1.00000E-040  7.04563E-029  7.51014E-015  1.55704E-020  6.12413E-007  9.94567E-001  3.77771E-019  2.51312E-029  2.53606E-030  7.93552E-027  1.00000E-040  1.00000E-040  8.19859E-036  1.64013E-007  7.46239E-018  4.77834E-016  1.74187E-025  5.02713E-013  1.53226E-025  2.90261E-013  6.85315E-015  3.14511E-022  1.86652E-023  7.34225E-022  1.01081E-026  1.00596E-024  1.00000E-040  1.00000E-040  1.00000E-040  1.00000E-040  1.00000E-040  1.00000E-040  1.00000E-040  2.10453E-017  2.02097E-032  5.64639E-033  1.00000E-040  1.00000E-040  1.00000E-040  1.00000E-040  1.00000E-040  4.23331E-035  1.00000E-040  1.00000E-040  3.47163E-017  7.00576E-031  1.52679E-027  9.57202E-020  5.21781E-030  7.05997E-023  8.97428E-023  3.08522E-028  8.49514E-027  1.00000E-040  1.58621E-038  1.00000E-040  1.17435E-034  2.76348E-037  5.83099E-033  1.16405E-034  3.52478E-037  1.79094E-037  5.25797E-013  1.00000E-040  2.15844E-032  3.05254E-036  1.00000E-040  1.06612E-032  1.20180E-010  6.88097E-036  1.91267E-030  3.68120E-035  1.00000E-003  1.00000E-005  1.00000E-005  1.00000E-005  1.00000E-005  1.00000E-005  1.00000E-005  1.00000E-005  1.00000E-005  1.00000E-005  1.00000E-005  1.00000E-005  1.00000E-005  1.00000E-005  1.00000E-005  1.00000E-005  
9.55000E+001  8.75308E-007  1.00042E+013  6.33715E+002  4.06996E+005  1.00000E-040  1.00000E-040  1.00000E-040  1.00000E-040  1.00000E-040  1.00000E-040  1.00000E-040  1.00000E-040  1.00000E-040  1.00000E-040  1.00000E-040  1.00000E-040  1.00000E-040  1.00000E-040  1.00000E-040  1.00000E-040  2.68481E-040  5.85094E-006  8.91513E-014  1.49159E-010  3.68237E-012  5.20355E-003  9.61992E-005  1.28782E-004  8.56299E-005  1.22846E-017  2.02582E-021  1.48252E-010  9.04279E-019  1.12512E-027  7.80733E-025  4.41265E-025  1.47545E-018  4.92978E-035  1.74425E-035  3.61094E-035  6.78418E-033  2.29598E-036  5.40084E-030  5.14766E-018  5.91056E-019  9.01044E-026  1.00000E-040  6.78613E-029  8.97765E-015  1.42427E-020  9.17081E-007  9.94479E-001  5.11301E-019  3.13975E-029  2.44331E-030  8.60494E-027  1.00000E-040  1.00000E-040  1.05019E-038  1.66333E-007  6.81111E-018  3.91911E-016  1.02826E-025  4.91921E-013  1.60587E-025  2.28969E-013  6.37445E-015  2.67189E-022  1.53647E-023  6.70661E-022  8.77033E-027  7.08856E-025  1.00000E-040  1.00000E-040  1.00000E-040  1.00000E-040  1.00000E-040  1.00000E-040  1.00000E-040  1.45327E-017  1.78966E-032  2.61823E-036  1.00000E-040  1.00000E-040  1.00000E-040  1.00000E-040  1.00000E-040  4.26601E-035  1.00000E-040  1.00000E-040  3.69729E-017  5.38718E-031  1.25882E-027  1.01213E-019  4.50399E-030  5.14306E-023  6.67042E-023  3.32874E-028  7.92892E-027  1.00000E-040  1.22241E-038  1.00000E-040  9.37942E-038  9.18012E-038  1.91702E-033  1.41373E-039  2.03639E-037  1.24704E-037  5.24138E-013  1.00000E-040  8.72063E-033  9.75762E-037  1.00000E-040  2.23786E-033  1.33869E-010  3.56197E-037  9.21700E-032  2.49759E-035  1.00000E-003  1.00000E-005  1.00000E-005  1.00000E-005  1.00000E-005  1.00000E-005  1.00000E-005  1.00000E-005  1.00000E-005  1.00000E-005  1.00000E-005  1.00000E-005  1.00000E-005  1.00000E-005  1.00000E-005  1.00000E-005  
9.65000E+001  8.32470E-007  9.36651E+012  6.43736E+002  4.06996E+005  1.00000E-040  1.00000E-040  1.00000E-040  1.00000E-040  1.00000E-040  1.00000E-040  1.00000E-040  1.00000E-040  1.00000E-040  1.00000E-040  1.00000E-040  1.00000E-040  1.00000E-040  1.00000E-040  1.00000E-040  1.00000E-040  2.78343E-040  5.85761E-006  7.30958E-014  1.26561E-010  4.06139E-012  5.30199E-003  8.82435E-005  1.29373E-004  8.32700E-005  1.14551E-017  1.46687E-021  1.76554E-010  8.33947E-019  8.28138E-028  5.80814E-025  3.63878E-026  1.64486E-018  1.00000E-040  1.00000E-040  1.00000E-040  1.00000E-040  2.22255E-036  5.03078E-030  4.86839E-018  5.28901E-019  9.77573E-026  1.00000E-040  6.48489E-029  1.06682E-014  1.32248E-020  1.52783E-006  9.94390E-001  7.70222E-019  4.08443E-029  2.34608E-030  9.27525E-027  1.00000E-040  1.00000E-040  1.00000E-040  1.68811E-007  6.47247E-018  3.23409E-016  8.70433E-026  4.86150E-013  1.68687E-025  1.81875E-013  5.94036E-015  2.27741E-022  1.26848E-023  6.15229E-022  7.63068E-027  5.10503E-025  1.00000E-040  1.00000E-040  1.00000E-040  1.00000E-040  1.00000E-040  1.00000E-040  1.00000E-040  1.02788E-017  1.76185E-032  1.00000E-040  1.00000E-040  1.00000E-040  1.00000E-040  1.00000E-040  1.00000E-040  4.26945E-035  1.00000E-040  1.00000E-040  3.93482E-017  4.39440E-031  1.03856E-027  1.06651E-019  3.88073E-030  3.83426E-023  5.06448E-023  4.09103E-028  7.38960E-027  1.00000E-040  9.76534E-039  1.00000E-040  1.04914E-038  2.07086E-038  4.19052E-034  1.00000E-040  1.21301E-037  8.76106E-038  5.24264E-013  1.00000E-040  5.08639E-033  1.00000E-040  1.00000E-040  7.18197E-034  1.54389E-010  1.78787E-038  4.31831E-033  1.73846E-035  1.00000E-003  1.00000E-005  1.00000E-005  1.00000E-005  1.00000E-005  1.00000E-005  1.00000E-005  1.00000E-005  1.00000E-005  1.00000E-005  1.00000E-005  1.00000E-005  1.00000E-005  1.00000E-005  1.00000E-005  1.00000E-005  
9.75000E+001  7.92356E-007  8.77852E+012  6.53756E+002  4.06996E+005  1.00000E-040  1.00000E-040  1.00000E-040  1.00000E-040  1.00000E-040  1.00000E-040  1.00000E-040  1.00000E-040  1.00000E-040  1.00000E-040  1.00000E-040  1.00000E-040  1.00000E-040  1.00000E-040  1.00000E-040  1.00000E-040  2.88520E-040  5.86244E-006  6.17288E-014  1.10299E-010  4.48796E-012  5.39982E-003  8.15670E-005  1.29806E-004  8.11168E-005  1.06741E-017  1.10587E-021  2.11360E-010  7.77862E-019  6.20416E-028  4.49812E-025  2.96048E-027  1.81130E-018  1.00000E-040  1.00000E-040  1.00000E-040  1.00000E-040  2.14392E-036  4.68782E-030  4.59096E-018  4.75833E-019  1.06415E-025  1.00000E-040  6.13556E-029  1.27843E-014  1.27596E-020  2.73386E-006  9.94299E-001  1.25193E-018  6.51317E-029  2.24919E-030  1.01695E-026  1.00000E-040  1.00000E-040  1.00000E-040  1.71967E-007  7.73226E-018  2.69316E-016  9.52901E-026  4.84081E-013  1.78585E-025  1.45895E-013  5.56215E-015  1.95313E-022  1.05653E-023  5.70110E-022  6.70883E-027  3.80133E-025  1.00000E-040  1.00000E-040  1.00000E-040  1.00000E-040  1.00000E-040  1.00000E-040  1.00000E-040  7.57613E-018  1.74689E-032  1.00000E-040  1.00000E-040  1.00000E-040  1.00000E-040  1.00000E-040  1.00000E-040  4.31777E-035  1.00000E-040  1.00000E-040  4.25786E-017  3.65974E-031  8.67265E-028  1.12013E-019  3.34005E-030  2.97662E-023  3.99676E-023  5.62261E-028  6.88794E-027  1.00000E-040  8.22838E-039  1.00000E-040  1.00000E-040  1.00000E-040  1.00000E-040  1.00000E-040  7.59795E-038  6.25850E-038  5.27456E-013  1.00000E-040  3.86403E-033  1.00000E-040  1.00000E-040  3.63490E-034  2.31793E-010  8.73643E-040  1.97329E-034  1.26138E-035  1.00000E-003  1.00000E-005  1.00000E-005  1.00000E-005  1.00000E-005  1.00000E-005  1.00000E-005  1.00000E-005  1.00000E-005  1.00000E-005  1.00000E-005  1.00000E-005  1.00000E-005  1.00000E-005  1.00000E-005  1.00000E-005  
9.85000E+001  7.54755E-007  8.23570E+012  6.63777E+002  4.06996E+005  1.00000E-040  1.00000E-040  1.00000E-040  1.00000E-040  1.00000E-040  1.00000E-040  1.00000E-040  1.00000E-040  1.00000E-040  1.00000E-040  1.00000E-040  1.00000E-040  1.00000E-040  1.00000E-040  1.00000E-040  1.00000E-040  2.99014E-040  5.86540E-006  5.41128E-014  9.97554E-011  4.99687E-012  5.49655E-003  7.64040E-005  1.30088E-004  7.91600E-005  9.94048E-018  8.92495E-022  2.78883E-010  8.04378E-019  5.18629E-028  3.72829E-025  2.38835E-028  1.96326E-018  2.91698E-036  7.60665E-037  1.65785E-036  1.13310E-034  2.06230E-036  4.36211E-030  4.32575E-018  4.33510E-019  1.27708E-025  1.00000E-040  5.72722E-029  1.70289E-014  1.41752E-020  4.98737E-006  9.94207E-001  2.08758E-018  2.12599E-028  2.16261E-030  1.36326E-026  1.00000E-040  1.00000E-040  1.13747E-039  1.76816E-007  2.01570E-017  2.27601E-016  1.23871E-025  4.83471E-013  1.92630E-025  1.18844E-013  5.26079E-015  1.69428E-022  8.96401E-024  5.39611E-022  6.01647E-027  2.97635E-025  1.00000E-040  1.00000E-040  1.00000E-040  1.00000E-040  1.00000E-040  1.00000E-040  1.00000E-040  5.98238E-018  1.92112E-032  2.59371E-037  1.00000E-040  1.00000E-040  1.00000E-040  1.00000E-040  1.00000E-040  4.90543E-035  1.00000E-040  1.00000E-040  5.19303E-017  3.39228E-031  8.03580E-028  1.17284E-019  2.87753E-030  2.47430E-023  3.37108E-023  8.43375E-028  6.44803E-027  1.00000E-040  8.09987E-039  1.00000E-040  2.11578E-038  8.43384E-039  1.60852E-034  6.31553E-040  5.17412E-038  4.60289E-038  5.36803E-013  1.00000E-040  3.50763E-033  1.00000E-040  1.00000E-040  2.60637E-034  7.85420E-010  1.00000E-040  8.82245E-036  9.78985E-036  1.00000E-003  1.00000E-005  1.00000E-005  1.00000E-005  1.00000E-005  1.00000E-005  1.00000E-005  1.00000E-005  1.00000E-005  1.00000E-005  1.00000E-005  1.00000E-005  1.00000E-005  1.00000E-005  1.00000E-005  1.00000E-005  
9.95000E+001  7.19474E-007  7.73397E+012  6.73797E+002  4.06996E+005  1.00000E-040  1.00000E-040  1.00000E-040  1.00000E-040  1.00000E-040  1.00000E-040  1.00000E-040  1.00000E-040  1.00000E-040  1.00000E-040  1.00000E-040  1.00000E-040  1.00000E-040  1.00000E-040  1.00000E-040  1.00000E-040  3.09828E-040  5.86644E-006  4.99591E-014  9.47083E-011  5.66177E-012  5.59125E-003  7.32427E-005  1.30226E-004  7.73913E-005  9.25357E-018  7.98126E-022  5.59137E-010  1.27094E-018  6.67175E-028  3.42527E-025  2.10800E-029  2.07920E-018  1.79103E-038  4.19033E-039  9.27682E-039  4.72749E-037  1.98817E-036  4.04118E-030  4.09364E-018  4.03397E-019  2.34151E-025  1.00000E-040  5.23714E-029  3.49520E-014  2.10221E-020  8.47843E-006  9.94113E-001  3.26756E-018  1.64094E-027  2.11117E-030  4.24488E-026  4.44065E-039  1.00000E-040  1.00000E-040  1.84636E-007  1.23004E-016  1.97160E-016  1.74942E-025  4.80668E-013  2.14084E-025  9.93402E-014  5.05687E-015  1.49568E-022  7.87491E-024  5.29677E-022  5.55726E-027  2.50023E-025  1.00000E-040  1.00000E-040  1.00000E-040  1.00000E-040  1.00000E-040  1.00000E-040  1.00000E-040  5.23668E-018  2.26349E-032  4.05374E-040  1.00000E-040  1.00000E-040  1.00000E-040  1.00000E-040  1.00000E-040  7.84036E-035  1.00000E-040  1.00000E-040  9.99424E-017  4.82276E-031  1.13877E-027  1.22447E-019  2.49474E-030  2.28096E-023  3.14528E-023  1.30711E-027  6.13414E-027  1.00000E-040  1.07973E-038  1.00000E-040  1.47705E-038  3.62709E-039  6.72767E-035  1.00000E-040  4.00720E-038  3.54951E-038  5.63036E-013  1.00000E-040  3.48148E-033  1.00000E-040  1.00000E-040  2.68072E-034  5.46451E-009  1.00000E-040  4.03822E-037  8.39521E-036  1.00000E-003  1.00000E-005  1.00000E-005  1.00000E-005  1.00000E-005  1.00000E-005  1.00000E-005  1.00000E-005  1.00000E-005  1.00000E-005  1.00000E-005  1.00000E-005  1.00000E-005  1.00000E-005  1.00000E-005  1.00000E-005  
