alt           press         den           temp          eddy          H2Oaer        CO2aer        S8aer         H2SO4aer      NH3aer        N2Oaer        C2H2aer       C2H4aer       C2H6aer       CH3CNaer      HCCCNaer      HCNaer        CH4aer        HCaer1        HCaer2        HCaer3        He            H             H2            H2O           OH            O             O2            CO            CO2           HCO           H2CO          C             CH            CH2           CH3           CH4           S             S2            S3            S4            S8            H2S           HS            SO            SO2           CS            CS2           OCS           CN            HCN           N             N2            NH            NH2           NH3           C2            C2H           C2H2          C2H4          NO            HNO           HO2           HNCO          N2O           H2O2          O3            NO2           NO3           SO3           HNO2          HNO3          H2SO4         HCl           Cl            Cl2           HOCl          N2H4          ClO           C2H6          CH3OH         CH2CO         CH3CHO        C3H4          C3H6          C4H2          C4H4          OClO          HCS           C2H3          C2H5          NCO           1CH2          HCCO          NNH           HSO           CH3O          H2COH         H2CN          N2H2          C4H           HCNOH         C2H2OH        CH3CO         CH2CHO        C2H3OH        C2H4OH        CH3O2         HSO3          O1D           N2H3          NH2CO         HS4           C4H3          CH2N2         N2D           CH2CN         CH3CN         HCCCN         H2Oaer_r      CO2aer_r      S8aer_r       H2SO4aer_r    NH3aer_r      N2Oaer_r      C2H2aer_r     C2H4aer_r     C2H6aer_r     CH3CNaer_r    HCCCNaer_r    HCNaer_r      CH4aer_r      HCaer1_r      HCaer2_r      HCaer3_r      
5.00000E-001  1.00963E+000  2.54818E+019  2.86978E+002  1.00000E+005  6.59220E-004  1.00000E-040  1.00000E-040  2.24339E-032  1.00000E-040  1.00000E-040  1.00000E-040  1.00000E-040  1.00000E-040  1.00000E-040  1.00000E-040  1.00000E-040  1.00000E-040  1.00000E-040  9.07570E-024  1.00000E-040  1.00000E-040  7.39929E-022  4.95231E-007  6.28448E-003  4.04526E-014  4.96488E-017  3.15957E-001  3.80099E-008  2.81291E-004  9.57396E-023  2.27212E-010  1.00000E-040  1.00000E-040  8.44835E-034  2.17699E-020  8.00293E-007  4.59099E-029  9.28334E-027  9.01231E-038  8.12362E-037  1.00000E-040  8.55967E-012  1.08488E-017  5.54005E-019  3.55135E-011  1.00000E-040  1.00000E-040  3.33785E-010  6.38793E-035  4.99768E-011  4.90300E-032  6.77475E-001  5.89999E-024  3.21837E-014  5.55149E-010  1.00000E-040  1.00000E-040  6.09128E-030  1.68807E-025  1.30336E-012  3.44068E-016  1.33408E-011  1.07408E-014  2.70396E-007  1.66173E-009  4.13733E-008  1.43529E-011  2.51646E-013  3.53057E-019  1.62034E-012  1.80945E-011  2.69796E-011  4.65083E-029  3.41146E-034  1.00000E-040  6.82712E-029  2.76451E-013  7.27886E-021  6.69411E-024  1.17233E-017  1.25885E-025  1.03864E-025  1.00000E-040  8.40000E-039  1.10284E-027  6.89435E-036  1.16175E-027  1.00000E-040  1.00000E-040  1.91676E-026  1.05160E-016  4.47486E-035  1.15688E-039  5.00466E-023  1.10047E-017  6.57576E-019  3.70837E-015  3.87202E-025  6.80728E-011  1.00000E-040  3.51154E-019  1.00000E-040  6.85069E-026  3.07175E-031  3.26500E-023  8.99109E-026  3.52249E-011  1.33002E-023  1.77764E-022  1.59135E-013  1.76726E-014  1.00000E-040  1.83776E-035  1.34763E-023  1.00000E-040  6.02166E-022  3.64921E-011  1.00000E-040  1.00000E-003  1.00000E-005  1.00000E-005  1.00000E-005  1.00000E-005  1.00000E-005  1.00000E-005  1.00000E-005  1.00000E-005  1.00000E-005  1.00000E-005  1.00000E-005  1.00000E-005  1.00000E-005  1.00000E-005  1.00000E-005  
1.50000E+000  8.92647E-001  2.30399E+019  2.80618E+002  1.00000E+005  8.66909E-004  1.00000E-040  1.00000E-040  2.63304E-029  1.00000E-040  1.00000E-040  1.00000E-040  1.00000E-040  1.00000E-040  1.00000E-040  1.00000E-040  1.00000E-040  1.00000E-040  1.00000E-040  5.29970E-024  1.00000E-040  1.00017E-040  6.96883E-022  4.95964E-007  4.80847E-003  4.04283E-014  5.82935E-017  3.16426E-001  3.68760E-008  2.81711E-004  5.90874E-023  1.27810E-010  1.00000E-040  1.00000E-040  7.08654E-034  1.91711E-020  7.99834E-007  3.38506E-029  9.21992E-027  1.00000E-040  1.00000E-040  1.00000E-040  4.72010E-012  6.20395E-018  4.09903E-019  7.32904E-011  1.00000E-040  1.00000E-040  3.33996E-010  3.81692E-035  4.99185E-011  8.48959E-032  6.78482E-001  8.17821E-024  8.89931E-014  5.29256E-010  1.00000E-040  1.00000E-040  5.89162E-030  1.67752E-025  5.88122E-014  6.15092E-016  1.21474E-011  9.19083E-015  2.70773E-007  1.56481E-009  4.11156E-008  2.18883E-012  8.22598E-014  2.29804E-019  8.55550E-013  2.37425E-011  2.92367E-011  2.66318E-029  3.64543E-034  1.72256E-036  5.40215E-029  7.02148E-013  7.28967E-021  6.78842E-024  1.08508E-017  1.42954E-025  7.77025E-026  1.00000E-040  8.22722E-039  1.10448E-027  5.47518E-036  1.10266E-027  1.00000E-040  1.00000E-040  1.11170E-026  6.47790E-016  3.50707E-035  1.36429E-039  6.29605E-023  8.80787E-018  3.99360E-019  4.37266E-015  2.57208E-025  6.90683E-011  1.00000E-040  5.58716E-019  1.00000E-040  7.94501E-026  2.94370E-031  3.26985E-023  6.59260E-026  4.23147E-010  2.84328E-023  2.26862E-022  3.23912E-013  1.78373E-014  1.00000E-040  1.90154E-035  9.23089E-024  1.00000E-040  5.87785E-022  3.62726E-011  1.00000E-040  1.00000E-003  1.00000E-005  1.00000E-005  1.00000E-005  1.00000E-005  1.00000E-005  1.00000E-005  1.00000E-005  1.00000E-005  1.00000E-005  1.00000E-005  1.00000E-005  1.00000E-005  1.00000E-005  1.00000E-005  1.00000E-005  
2.50000E+000  7.87660E-001  2.06878E+019  2.75766E+002  1.00000E+005  5.80855E-004  1.00000E-040  1.00000E-040  2.76794E-026  1.00000E-040  1.00000E-040  1.00000E-040  1.00000E-040  1.00000E-040  1.00000E-040  1.00000E-040  1.00000E-040  1.00000E-040  1.00000E-040  5.60267E-024  1.00000E-040  1.00115E-040  7.62125E-022  4.96371E-007  3.84024E-003  4.78968E-014  7.08139E-017  3.16734E-001  3.55414E-008  2.81987E-004  2.60396E-023  4.68377E-011  1.00000E-040  1.00000E-040  8.86036E-034  2.11536E-020  7.99209E-007  2.83150E-029  9.10535E-027  1.00000E-040  1.00000E-040  1.00000E-040  2.57808E-012  4.13308E-018  3.38139E-019  5.62149E-011  1.00000E-040  1.00000E-040  3.34055E-010  2.99691E-035  4.98554E-011  1.60425E-031  6.79142E-001  1.08060E-023  1.12608E-013  5.06728E-010  1.00000E-040  1.00000E-040  5.57043E-030  1.60905E-025  7.90244E-015  8.50010E-016  1.05030E-011  8.68129E-015  2.71007E-007  1.42193E-009  4.11377E-008  4.85734E-013  2.62628E-014  1.66582E-019  4.38071E-013  2.35861E-011  3.06161E-011  1.78625E-029  3.86587E-034  2.34829E-038  4.74235E-029  9.41234E-013  7.29676E-021  6.97149E-024  9.69482E-018  1.76493E-025  5.75154E-026  1.00000E-040  7.95946E-039  1.10555E-027  3.86151E-036  1.06619E-027  1.00000E-040  1.00000E-040  9.81289E-027  2.90154E-015  4.15473E-035  5.11615E-039  8.99319E-023  7.73337E-018  1.32027E-019  4.80970E-015  1.96316E-025  7.00926E-011  1.00000E-040  9.31864E-019  1.00000E-040  1.04709E-025  2.75413E-031  3.27303E-023  4.89300E-026  9.02332E-010  2.64947E-023  2.86042E-022  4.41507E-013  1.79683E-014  1.00000E-040  1.95099E-035  8.52393E-024  1.00000E-040  5.64217E-022  3.60735E-011  1.00000E-040  1.00000E-003  1.00000E-005  1.00000E-005  1.00000E-005  1.00000E-005  1.00000E-005  1.00000E-005  1.00000E-005  1.00000E-005  1.00000E-005  1.00000E-005  1.00000E-005  1.00000E-005  1.00000E-005  1.00000E-005  1.00000E-005  
3.50000E+000  6.93546E-001  1.85471E+019  2.70842E+002  1.00000E+005  5.39263E-004  1.00000E-040  1.00000E-040  1.65177E-023  1.00000E-040  1.00000E-040  1.00000E-040  1.00000E-040  1.00000E-040  1.00000E-040  1.00000E-040  1.00000E-040  1.00000E-040  1.00000E-040  7.47955E-024  1.00000E-040  1.00202E-040  8.41006E-022  4.96791E-007  2.97388E-003  5.34619E-014  8.73971E-017  3.17010E-001  3.43091E-008  2.82235E-004  1.56396E-023  2.42503E-011  1.00000E-040  1.00000E-040  9.78707E-034  2.18682E-020  7.98740E-007  2.19056E-029  8.95621E-027  1.00000E-040  1.00000E-040  1.00000E-040  1.41944E-012  2.60119E-018  2.70775E-019  4.30886E-011  1.00000E-040  1.00000E-040  3.34100E-010  2.17151E-035  4.98043E-011  2.47286E-031  6.79733E-001  1.21328E-023  1.16727E-013  4.87662E-010  1.00000E-040  1.00000E-040  5.17979E-030  1.54347E-025  4.05929E-015  1.07357E-015  1.00318E-011  7.31656E-015  2.71209E-007  1.27991E-009  4.17958E-008  2.72561E-013  1.81519E-014  1.13383E-019  2.37837E-013  2.34754E-011  2.98596E-011  1.42925E-029  3.98281E-034  3.01115E-040  4.12471E-029  9.37777E-013  7.30311E-021  7.25575E-024  8.60612E-018  2.19564E-025  4.63261E-026  1.00000E-040  7.63007E-039  1.10652E-027  2.71187E-036  1.05411E-027  1.00000E-040  1.00000E-040  9.96941E-027  5.16860E-015  4.33631E-035  1.92592E-039  1.21234E-022  6.61216E-018  1.04282E-019  5.46365E-015  1.58162E-025  7.05529E-011  1.00000E-040  1.49348E-018  1.00000E-040  1.31406E-025  2.52922E-031  3.27587E-023  4.23829E-026  1.16775E-009  2.32721E-023  3.59822E-022  4.62112E-013  1.80552E-014  1.00000E-040  1.96312E-035  7.19504E-024  1.00000E-040  5.33985E-022  3.59031E-011  1.00000E-040  1.00000E-003  1.00000E-005  1.00000E-005  1.00000E-005  1.00000E-005  1.00000E-005  1.00000E-005  1.00000E-005  1.00000E-005  1.00000E-005  1.00000E-005  1.00000E-005  1.00000E-005  1.00000E-005  1.00000E-005  1.00000E-005  
4.50000E+000  6.09146E-001  1.66407E+019  2.65135E+002  1.00000E+005  5.48425E-004  1.00000E-040  1.00000E-040  4.61606E-021  1.00000E-040  1.00000E-040  1.00000E-040  1.00000E-040  1.00000E-040  1.00000E-040  1.00000E-040  1.00000E-040  1.00000E-040  1.00000E-040  2.47120E-024  1.00000E-040  1.00289E-040  8.90844E-022  4.97307E-007  2.10318E-003  5.59071E-014  1.08425E-016  3.17287E-001  3.32710E-008  2.82483E-004  1.55264E-023  2.14992E-011  1.00000E-040  1.00000E-040  9.07890E-034  2.04274E-020  7.98492E-007  1.60275E-029  8.78443E-027  1.00000E-040  1.00000E-040  1.00000E-040  8.01167E-013  1.57124E-018  2.21500E-019  3.32790E-011  1.00000E-040  1.00000E-040  3.34163E-010  1.35174E-035  4.97693E-011  3.31751E-031  6.80326E-001  1.20796E-023  1.13646E-013  4.71916E-010  1.00000E-040  1.00000E-040  4.76169E-030  1.48657E-025  4.63114E-015  1.32208E-015  9.69211E-012  5.44052E-015  2.71408E-007  1.14067E-009  4.31436E-008  2.77048E-013  1.78565E-014  6.73327E-020  1.59101E-013  2.37722E-011  2.58889E-011  1.20400E-029  3.95448E-034  1.00000E-040  3.50719E-029  8.43200E-013  7.30948E-021  7.65290E-024  7.64658E-018  2.72388E-025  3.97619E-026  1.00000E-040  7.26572E-039  1.10748E-027  1.91217E-036  1.06400E-027  1.00000E-040  1.00000E-040  1.02122E-026  5.28772E-015  3.75679E-035  1.75965E-037  1.57496E-022  5.85341E-018  1.37030E-019  6.53416E-015  1.23202E-025  7.02691E-011  1.00000E-040  2.46244E-018  1.00000E-040  1.60510E-025  2.28908E-031  3.27873E-023  4.00145E-026  1.19730E-009  1.94426E-023  4.52564E-022  4.33355E-013  1.81099E-014  1.00000E-040  1.96153E-035  5.14381E-024  1.00000E-040  4.99127E-022  3.57632E-011  1.00000E-040  1.00000E-003  1.00000E-005  1.00000E-005  1.00000E-005  1.00000E-005  1.00000E-005  1.00000E-005  1.00000E-005  1.00000E-005  1.00000E-005  1.00000E-005  1.00000E-005  1.00000E-005  1.00000E-005  1.00000E-005  1.00000E-005  
5.50000E+000  5.33555E-001  1.49184E+019  2.59044E+002  1.00000E+005  4.59835E-004  1.00000E-040  1.00000E-040  2.31698E-018  1.00000E-040  1.00000E-040  1.00000E-040  1.00000E-040  1.00000E-040  1.00000E-040  1.00000E-040  1.00000E-040  1.00000E-040  1.00000E-040  1.74033E-024  1.00000E-040  1.00360E-040  9.37386E-022  4.97818E-007  1.39742E-003  5.70492E-014  1.35749E-016  3.17511E-001  3.24147E-008  2.82685E-004  2.00224E-023  2.50099E-011  1.00000E-040  1.00000E-040  7.79739E-034  1.82188E-020  7.98288E-007  1.17346E-029  8.59678E-027  1.00000E-040  1.00000E-040  1.00000E-040  4.66305E-013  9.58269E-019  1.91374E-019  2.59962E-011  1.00000E-040  1.00000E-040  3.34184E-010  7.74752E-036  4.97405E-011  4.36210E-031  6.80807E-001  1.17051E-023  1.08052E-013  4.58966E-010  1.00000E-040  1.00000E-040  4.34855E-030  1.43635E-025  7.52100E-015  1.61514E-015  9.47194E-012  3.95860E-015  2.71558E-007  1.04043E-009  4.51345E-008  3.44964E-013  1.94280E-014  4.06476E-020  1.60075E-013  2.54566E-011  2.15560E-011  1.02190E-029  3.86525E-034  1.00000E-040  2.98239E-029  7.24600E-013  7.31465E-021  8.17544E-024  6.81978E-018  3.41744E-025  3.50204E-026  1.00000E-040  6.88707E-039  1.10826E-027  1.33562E-036  1.09249E-027  1.00000E-040  1.00000E-040  1.04973E-026  4.16351E-015  2.98957E-035  1.03402E-036  2.03166E-022  5.52317E-018  2.09812E-019  8.02178E-015  9.36358E-026  6.93017E-011  1.00000E-040  4.21036E-018  1.00000E-040  1.96863E-025  2.05159E-031  3.28105E-023  3.87849E-026  1.03856E-009  1.61086E-023  5.69942E-022  3.86047E-013  1.81418E-014  1.00000E-040  1.95930E-035  3.36038E-024  1.00000E-040  4.61746E-022  3.56448E-011  1.00000E-040  1.00000E-003  1.00000E-005  1.00000E-005  1.00000E-005  1.00000E-005  1.00000E-005  1.00000E-005  1.00000E-005  1.00000E-005  1.00000E-005  1.00000E-005  1.00000E-005  1.00000E-005  1.00000E-005  1.00000E-005  1.00000E-005  
6.50000E+000  4.65885E-001  1.33739E+019  2.52312E+002  1.00000E+005  3.60833E-004  1.00000E-040  1.00000E-040  9.43789E-016  1.00000E-040  1.00000E-040  1.00000E-040  1.00000E-040  1.00000E-040  1.00000E-040  1.00000E-040  1.00000E-040  1.00000E-040  1.00000E-040  1.17569E-024  1.00000E-040  1.00415E-040  9.88470E-022  4.98290E-007  8.58506E-004  5.74511E-014  1.70304E-016  3.17682E-001  3.17002E-008  2.82839E-004  2.82663E-023  3.19644E-011  1.00000E-040  1.00000E-040  6.23732E-034  1.54759E-020  7.98083E-007  8.75300E-030  8.39915E-027  5.29013E-037  5.42640E-036  1.00000E-040  2.80304E-013  5.99917E-019  1.80086E-019  2.05764E-011  1.00000E-040  1.00000E-040  3.34157E-010  4.00196E-036  4.97154E-011  5.92487E-031  6.81175E-001  1.13192E-023  1.00429E-013  4.48298E-010  1.00000E-040  1.00000E-040  3.96134E-030  1.39032E-025  1.55785E-014  1.95517E-015  9.37932E-012  2.90467E-015  2.71657E-007  9.71127E-010  4.77038E-008  4.69701E-013  2.17664E-014  2.71989E-020  2.40294E-013  2.86149E-011  1.68793E-011  8.69598E-030  3.77502E-034  1.00000E-040  2.56544E-029  5.98314E-013  7.31860E-021  8.83782E-024  6.11392E-018  4.39126E-025  3.10556E-026  1.00000E-040  6.50866E-039  1.10886E-027  9.03301E-037  1.13630E-027  1.00000E-040  1.00000E-040  1.08495E-026  2.81114E-015  2.18870E-035  1.00000E-040  2.67612E-022  5.75821E-018  3.47414E-019  9.92600E-015  6.94647E-026  6.77981E-011  1.00000E-040  7.82146E-018  1.00000E-040  2.48098E-025  1.82793E-031  3.28282E-023  3.78449E-026  7.57308E-010  1.34512E-023  7.17036E-022  3.30484E-013  1.81597E-014  1.00000E-040  1.96028E-035  2.02664E-024  1.00000E-040  4.23745E-022  3.55427E-011  1.00000E-040  1.00000E-003  1.00000E-005  1.00000E-005  1.00000E-005  1.00000E-005  1.00000E-005  1.00000E-005  1.00000E-005  1.00000E-005  1.00000E-005  1.00000E-005  1.00000E-005  1.00000E-005  1.00000E-005  1.00000E-005  1.00000E-005  
7.50000E+000  4.05356E-001  1.19706E+019  2.45267E+002  1.00000E+005  2.49880E-004  1.00000E-040  1.00000E-040  3.12152E-013  1.00000E-040  1.00000E-040  1.00000E-040  1.00000E-040  1.00000E-040  1.00000E-040  1.00000E-040  1.00000E-040  1.00000E-040  1.00000E-040  9.31916E-025  1.00000E-040  1.00451E-040  1.07394E-021  4.98676E-007  4.94148E-004  5.83548E-014  2.14597E-016  3.17798E-001  3.10673E-008  2.82943E-004  4.06306E-023  4.13359E-011  1.00000E-040  1.00000E-040  4.92233E-034  1.29508E-020  7.97828E-007  6.81491E-030  8.19521E-027  1.00000E-040  1.00000E-040  1.00000E-040  1.73717E-013  3.93960E-019  1.85711E-019  1.65179E-011  1.00000E-040  1.00000E-040  3.34073E-010  1.94826E-036  4.96910E-011  8.50755E-031  6.81423E-001  1.10611E-023  9.14560E-014  4.39419E-010  1.00000E-040  1.00000E-040  3.61479E-030  1.34973E-025  4.16655E-014  2.33488E-015  9.49582E-012  2.16690E-015  2.71703E-007  9.19950E-010  5.07683E-008  6.69523E-013  2.41357E-014  2.44330E-020  4.33824E-013  3.33839E-011  1.17043E-011  7.57053E-030  3.74244E-034  1.00000E-040  2.25737E-029  4.68035E-013  7.32126E-021  9.65496E-024  5.51591E-018  5.78777E-025  2.78024E-026  1.00000E-040  6.14024E-039  1.10927E-027  5.84561E-037  1.19235E-027  1.00000E-040  1.00000E-040  1.14361E-026  1.74905E-015  1.56617E-035  1.00000E-040  3.65208E-022  6.65243E-018  5.97979E-019  1.21330E-014  5.13374E-026  6.59149E-011  1.00000E-040  1.57168E-017  1.00000E-040  3.25135E-025  1.62623E-031  3.28402E-023  3.70713E-026  4.33995E-010  1.15528E-023  9.01126E-022  2.68535E-013  1.81693E-014  1.00000E-040  1.96184E-035  1.18522E-024  1.00000E-040  3.86721E-022  3.54518E-011  1.00000E-040  1.00000E-003  1.00000E-005  1.00000E-005  1.00000E-005  1.00000E-005  1.00000E-005  1.00000E-005  1.00000E-005  1.00000E-005  1.00000E-005  1.00000E-005  1.00000E-005  1.00000E-005  1.00000E-005  1.00000E-005  1.00000E-005  
8.50000E+000  3.51307E-001  1.06888E+019  2.38053E+002  1.00000E+005  1.56422E-004  1.00000E-040  1.00000E-040  7.00361E-011  1.00000E-040  1.00000E-040  1.00000E-040  1.00000E-040  1.00000E-040  1.00000E-040  1.00000E-040  1.00000E-040  1.00000E-040  1.00000E-040  8.22926E-025  1.00000E-040  1.00474E-040  1.19807E-021  4.98943E-007  2.69375E-004  6.07372E-014  2.71534E-016  3.17869E-001  3.04431E-008  2.83008E-004  5.27136E-023  4.77294E-011  1.00000E-040  1.00000E-040  3.97789E-034  1.08985E-020  7.97519E-007  5.63121E-030  7.98826E-027  4.24564E-038  4.45548E-037  1.00000E-040  1.11021E-013  2.75552E-019  2.11536E-019  1.34737E-011  1.00000E-040  1.00000E-040  3.33939E-010  9.15145E-037  4.96667E-011  1.30433E-030  6.81576E-001  1.09013E-023  7.96154E-014  4.31935E-010  1.00000E-040  1.00000E-040  3.31782E-030  1.31718E-025  1.52911E-013  2.72695E-015  9.56879E-012  1.65286E-015  2.71704E-007  8.56189E-010  5.42399E-008  9.49960E-013  2.45296E-014  3.06506E-020  8.11515E-013  3.97423E-011  5.47339E-012  7.04578E-030  3.82014E-034  1.00000E-040  2.05230E-029  3.32162E-013  7.32290E-021  1.06440E-023  5.01102E-018  7.74547E-025  2.54185E-026  1.00000E-040  5.78888E-039  1.10952E-027  3.58363E-037  1.25768E-027  1.00000E-040  1.00000E-040  1.25735E-026  1.05307E-015  1.13808E-035  1.00000E-040  5.24206E-022  8.57818E-018  9.54643E-019  1.44153E-014  3.79981E-026  6.38085E-011  1.00000E-040  3.44138E-017  1.00000E-040  4.47236E-025  1.45124E-031  3.28476E-023  3.65381E-026  1.63158E-010  1.03778E-023  1.13034E-021  2.00346E-013  1.81739E-014  1.00000E-040  1.95851E-035  6.98200E-025  1.00000E-040  3.51934E-022  3.53687E-011  1.00000E-040  1.00000E-003  1.00000E-005  1.00000E-005  1.00000E-005  1.00000E-005  1.00000E-005  1.00000E-005  1.00000E-005  1.00000E-005  1.00000E-005  1.00000E-005  1.00000E-005  1.00000E-005  1.00000E-005  1.00000E-005  1.00000E-005  
9.50000E+000  3.03182E-001  9.50619E+018  2.31001E+002  9.61769E+004  8.62554E-005  1.00000E-040  1.00000E-040  2.14230E-010  1.00000E-040  1.00000E-040  1.00000E-040  1.00000E-040  1.00000E-040  1.00000E-040  1.00000E-040  1.00000E-040  1.00000E-040  1.00000E-040  2.38122E-024  1.00000E-040  1.00487E-040  1.32240E-021  4.99068E-007  1.43951E-004  6.71224E-014  3.46836E-016  3.17909E-001  2.97547E-008  2.83045E-004  4.54716E-023  3.58980E-011  1.00000E-040  1.00000E-040  3.59955E-034  9.70401E-021  7.97151E-007  5.11462E-030  7.77648E-027  1.00000E-040  1.00000E-040  1.00000E-040  7.32708E-014  2.12197E-019  2.69936E-019  1.11780E-011  1.00000E-040  1.00000E-040  3.33758E-010  4.44000E-037  4.96422E-011  2.16211E-030  6.81662E-001  1.07734E-023  6.18465E-014  4.25432E-010  1.00000E-040  1.00000E-040  3.07228E-030  1.29703E-025  6.17301E-013  3.08446E-015  8.53562E-012  1.31849E-015  2.71669E-007  7.43205E-010  5.81186E-008  1.18797E-012  1.98397E-014  4.84974E-020  1.47896E-012  4.78643E-011  2.12888E-012  7.43296E-030  4.10327E-034  1.00000E-040  1.97098E-029  1.97929E-013  7.32382E-021  1.18498E-023  4.58158E-018  1.03125E-024  2.41928E-026  1.00000E-040  5.45408E-039  1.10965E-027  2.07264E-037  1.33182E-027  1.00000E-040  1.00000E-040  1.49030E-026  6.59924E-016  9.22294E-036  1.30196E-037  8.09806E-022  1.24667E-017  8.96326E-019  1.64422E-014  2.81139E-026  6.15985E-011  1.00000E-040  8.18921E-017  1.00000E-040  6.52087E-025  1.30378E-031  3.28517E-023  3.64337E-026  3.21109E-011  1.00785E-023  1.41816E-021  1.30885E-013  1.81756E-014  1.00000E-040  1.94514E-035  4.49544E-025  1.00000E-040  3.19810E-022  3.52896E-011  1.00000E-040  1.00000E-003  1.00000E-005  1.00000E-005  1.00000E-005  1.00000E-005  1.00000E-005  1.00000E-005  1.00000E-005  1.00000E-005  1.00000E-005  1.00000E-005  1.00000E-005  1.00000E-005  1.00000E-005  1.00000E-005  1.00000E-005  
1.05000E+001  2.60536E-001  8.40277E+018  2.24575E+002  6.85565E+004  3.61948E-005  1.00000E-040  1.00000E-040  4.80511E-009  1.00000E-040  1.00000E-040  1.00000E-040  1.00000E-040  1.00000E-040  1.00000E-040  1.00000E-040  1.00000E-040  1.00000E-040  1.00000E-040  7.29668E-023  1.00000E-040  1.00494E-040  1.43893E-021  4.99077E-007  8.00972E-005  7.56725E-014  4.57200E-016  3.17930E-001  2.89115E-008  2.83064E-004  2.48538E-023  1.69685E-011  1.00000E-040  1.00000E-040  3.47520E-034  9.00935E-021  7.96652E-007  4.75206E-030  7.52313E-027  1.00000E-040  7.47072E-040  1.00000E-040  4.83014E-014  1.67064E-019  3.51734E-019  9.25055E-012  1.00000E-040  1.00000E-040  3.33493E-010  2.26516E-037  4.96131E-011  3.44479E-030  6.81706E-001  1.01587E-023  4.10989E-014  4.18748E-010  1.00000E-040  1.00000E-040  2.85535E-030  1.31107E-025  1.58169E-012  3.38073E-015  6.81031E-012  1.06458E-015  2.71591E-007  5.90686E-010  6.32730E-008  1.51897E-012  1.49527E-014  7.63082E-020  2.63052E-012  5.99986E-011  1.10164E-012  8.94626E-030  4.45278E-034  1.00000E-040  1.94331E-029  9.38714E-014  7.32428E-021  1.35828E-023  4.18217E-018  1.33678E-024  2.39828E-026  1.00000E-040  5.08550E-039  1.10972E-027  1.16201E-037  1.43473E-027  1.00000E-040  1.00000E-040  1.88165E-026  4.04976E-016  8.00452E-036  5.14643E-037  1.25521E-021  1.84533E-017  4.71075E-019  1.86951E-014  2.08575E-026  5.90735E-011  1.00000E-040  1.89092E-016  1.00000E-040  9.15152E-025  1.16751E-031  3.28537E-023  3.73059E-026  5.57202E-012  9.91507E-024  1.80968E-021  7.08610E-014  1.81757E-014  1.00000E-040  1.92103E-035  3.05439E-025  1.00000E-040  2.86244E-022  3.51994E-011  1.00000E-040  1.00000E-003  1.00000E-005  1.00000E-005  1.00000E-005  1.00000E-005  1.00000E-005  1.00000E-005  1.00000E-005  1.00000E-005  1.00000E-005  1.00000E-005  1.00000E-005  1.00000E-005  1.00000E-005  1.00000E-005  1.00000E-005  
1.15000E+001  2.23003E-001  7.36728E+018  2.19240E+002  2.37960E+004  8.67605E-006  1.00000E-040  1.00000E-040  1.99467E-009  1.00000E-040  1.00000E-040  1.00000E-040  1.00000E-040  1.00000E-040  1.00000E-040  1.00000E-040  1.00000E-040  1.00000E-040  1.00000E-040  4.34514E-023  1.00000E-040  1.00497E-040  1.60037E-021  4.98952E-007  4.87245E-005  8.37608E-014  6.71840E-016  3.17939E-001  2.74161E-008  2.83075E-004  1.50511E-023  8.89855E-012  1.00000E-040  1.00000E-040  3.43795E-034  8.64292E-021  7.95559E-007  3.75038E-030  7.02662E-027  1.00000E-040  1.00000E-040  1.00000E-040  2.60356E-014  1.11338E-019  3.98708E-019  6.88122E-012  1.00000E-040  1.00000E-040  3.32879E-010  1.25455E-037  4.95572E-011  4.68578E-030  6.81727E-001  8.70374E-024  2.07269E-014  4.07390E-010  4.59036E-040  1.00000E-040  2.59437E-030  1.46852E-025  3.75875E-012  3.59137E-015  5.36449E-012  8.41850E-016  2.71382E-007  3.90655E-010  7.48841E-008  2.72377E-012  1.21624E-014  9.81936E-020  5.43071E-012  9.02409E-011  1.03085E-012  1.32079E-029  4.65252E-034  1.00000E-040  2.00470E-029  2.60975E-014  7.32449E-021  1.77327E-023  3.64575E-018  1.68014E-024  2.59802E-026  1.00000E-040  4.43560E-039  1.10976E-027  6.28258E-038  1.68361E-027  1.00000E-040  1.00000E-040  2.72906E-026  1.96785E-016  7.21411E-036  1.13885E-038  1.76651E-021  2.34767E-017  3.55760E-019  2.33690E-014  1.51190E-026  5.46970E-011  1.00000E-040  3.82455E-016  1.00000E-040  1.11415E-024  9.60095E-032  3.28547E-023  4.18636E-026  1.52841E-012  8.51073E-024  2.52282E-021  2.28786E-014  1.81734E-014  1.00000E-040  1.87485E-035  2.09959E-025  1.00000E-040  2.31815E-022  3.50262E-011  1.00000E-040  1.00000E-003  1.00000E-005  1.00000E-005  1.00000E-005  1.00000E-005  1.00000E-005  1.00000E-005  1.00000E-005  1.00000E-005  1.00000E-005  1.00000E-005  1.00000E-005  1.00000E-005  1.00000E-005  1.00000E-005  1.00000E-005  
1.25000E+001  1.90241E-001  6.40376E+018  2.15172E+002  1.42829E+004  2.09749E-006  1.00000E-040  1.00000E-040  1.10966E-009  1.00000E-040  1.00000E-040  1.00000E-040  1.00000E-040  1.00000E-040  1.00000E-040  1.00000E-040  1.00000E-040  1.00000E-040  1.00000E-040  2.85963E-023  1.00000E-040  1.00500E-040  1.82905E-021  4.98533E-007  3.18517E-005  9.50874E-014  1.18564E-015  3.17945E-001  2.47593E-008  2.83084E-004  1.33029E-023  6.73143E-012  1.00000E-040  1.00000E-040  3.87880E-034  9.08721E-021  7.93011E-007  2.58219E-030  6.00123E-027  1.00000E-040  1.00000E-040  1.00000E-040  9.84774E-015  6.36657E-020  4.15934E-019  4.19249E-012  1.00000E-040  1.00000E-040  3.31372E-010  8.20611E-038  4.94430E-011  6.44985E-030  6.81739E-001  7.80206E-024  8.79969E-015  3.86362E-010  3.62436E-039  1.00000E-040  2.37394E-030  2.04913E-025  9.23303E-012  3.38603E-015  3.82457E-012  6.90141E-016  2.70839E-007  1.91505E-010  1.03397E-007  6.27837E-012  1.19233E-014  1.05727E-019  1.21850E-011  1.72705E-010  9.62432E-013  2.23964E-029  4.86965E-034  1.00000E-040  2.41346E-029  4.03022E-015  7.32458E-021  2.86455E-023  2.98172E-018  1.83597E-024  3.54733E-026  1.00000E-040  3.27869E-039  1.10977E-027  3.57718E-038  2.31094E-027  1.00000E-040  1.00000E-040  4.56822E-026  8.52861E-017  7.55738E-036  1.75717E-038  2.23129E-021  2.71206E-017  3.67538E-019  3.34236E-014  1.09455E-026  4.72231E-011  1.00000E-040  6.76995E-016  1.00000E-040  1.14624E-024  1.58219E-032  3.28552E-023  5.74636E-026  5.71618E-013  6.04172E-024  4.13334E-021  3.84194E-015  1.81665E-014  1.00000E-040  1.79390E-035  1.64600E-025  1.00000E-040  1.47210E-022  3.46594E-011  1.00000E-040  1.00000E-003  1.00000E-005  1.00000E-005  1.00000E-005  1.00000E-005  1.00000E-005  1.00000E-005  1.00000E-005  1.00000E-005  1.00000E-005  1.00000E-005  1.00000E-005  1.00000E-005  1.00000E-005  1.00000E-005  1.00000E-005  
1.35000E+001  1.61860E-001  5.53046E+018  2.11980E+002  6.95701E+003  5.40155E-007  1.00000E-040  1.00000E-040  6.55688E-010  1.00000E-040  1.00000E-040  1.00000E-040  1.00000E-040  1.00000E-040  1.00000E-040  1.00000E-040  1.00000E-040  1.00000E-040  1.00000E-040  2.11103E-023  1.00000E-040  1.00504E-040  2.02238E-021  4.97527E-007  2.37085E-005  1.08449E-013  2.42986E-015  3.17947E-001  2.09984E-008  2.83093E-004  1.32153E-023  5.69762E-012  1.00000E-040  1.00000E-040  4.68700E-034  1.00764E-020  7.87934E-007  2.06912E-030  4.35276E-027  1.00000E-040  1.00000E-040  1.00000E-040  2.60655E-015  3.58592E-020  4.50754E-019  2.06675E-012  1.00000E-040  1.00000E-040  3.28238E-010  5.97458E-038  4.92437E-011  9.35414E-030  6.81745E-001  7.52631E-024  3.90180E-015  3.53608E-010  2.81259E-038  1.00000E-040  2.45154E-030  3.33503E-025  2.00291E-011  2.56911E-015  2.56399E-012  5.74274E-016  2.69670E-007  7.42269E-011  1.62312E-007  1.53126E-011  1.46047E-014  7.90457E-020  2.44491E-011  3.61424E-010  8.62547E-013  3.50630E-029  5.05285E-034  1.00000E-040  3.27005E-029  5.14973E-016  7.32456E-021  5.33238E-023  2.43797E-018  1.63596E-024  5.79777E-026  1.00000E-040  1.80558E-039  1.10977E-027  2.18328E-038  3.61421E-027  1.00000E-040  1.22792E-040  8.00976E-026  3.86202E-017  8.59866E-036  3.20050E-038  2.47333E-021  3.26568E-017  3.97375E-019  5.33996E-014  7.62350E-027  3.73270E-011  1.00000E-040  1.06724E-015  1.00000E-040  9.77608E-025  1.09948E-031  3.28552E-023  9.01759E-026  2.58956E-013  3.44374E-024  7.74926E-021  4.62271E-016  1.81511E-014  1.00000E-040  1.66983E-035  1.38985E-025  1.00000E-040  6.13589E-023  3.39912E-011  1.00000E-040  1.00000E-003  1.00000E-005  1.00000E-005  1.00000E-005  1.00000E-005  1.00000E-005  1.00000E-005  1.00000E-005  1.00000E-005  1.00000E-005  1.00000E-005  1.00000E-005  1.00000E-005  1.00000E-005  1.00000E-005  1.00000E-005  
1.45000E+001  1.37409E-001  4.75474E+018  2.09317E+002  5.42540E+003  1.92815E-007  1.00000E-040  1.00000E-040  4.78934E-010  1.00000E-040  1.00000E-040  1.00000E-040  1.00000E-040  1.00000E-040  1.00000E-040  1.00000E-040  1.00000E-040  1.00000E-040  1.00000E-040  1.74923E-023  1.00000E-040  1.00510E-040  2.13776E-021  4.95492E-007  1.89378E-005  1.24947E-013  5.34683E-015  3.17947E-001  1.65366E-008  2.83104E-004  1.36801E-023  5.00046E-012  1.00000E-040  1.00000E-040  6.00147E-034  1.16443E-020  7.78908E-007  4.21896E-030  2.37940E-027  1.00000E-040  1.00000E-040  1.00000E-040  4.89945E-016  2.16133E-020  5.15511E-019  8.38204E-013  1.00000E-040  1.00000E-040  3.22468E-010  4.67295E-038  4.89317E-011  1.45227E-029  6.81749E-001  7.59938E-024  1.90992E-015  3.08743E-010  1.93078E-037  1.00000E-040  3.04201E-030  5.52011E-025  3.70152E-011  1.60555E-015  1.94135E-012  4.82726E-016  2.67463E-007  3.15905E-011  2.69736E-007  3.55415E-011  2.12457E-014  4.53654E-020  4.16590E-011  7.36954E-010  5.27040E-013  4.71257E-029  5.24302E-034  1.00000E-040  4.68971E-029  8.15524E-017  7.32445E-021  1.03709E-022  2.23410E-018  1.23198E-024  1.00169E-025  1.00000E-040  6.09645E-040  1.10975E-027  1.33486E-038  5.99406E-027  1.00000E-040  2.27915E-040  1.36356E-025  1.92980E-017  1.04563E-035  1.00000E-040  2.41510E-021  4.26274E-017  4.38921E-019  8.75079E-014  4.81731E-027  2.64824E-011  1.00000E-040  1.57557E-015  1.00000E-040  7.11172E-025  9.58046E-032  3.28549E-023  1.38703E-025  1.42583E-013  1.61686E-024  1.54818E-020  6.33344E-017  1.81220E-014  1.00000E-040  1.49219E-035  1.24399E-025  1.00000E-040  1.34379E-023  3.29020E-011  1.00000E-040  1.00000E-003  1.00000E-005  1.00000E-005  1.00000E-005  1.00000E-005  1.00000E-005  1.00000E-005  1.00000E-005  1.00000E-005  1.00000E-005  1.00000E-005  1.00000E-005  1.00000E-005  1.00000E-005  1.00000E-005  1.00000E-005  
1.55000E+001  1.16437E-001  4.06967E+018  2.07229E+002  4.40851E+003  7.64693E-008  1.00000E-040  1.00000E-040  4.05616E-010  1.00000E-040  1.00000E-040  1.00000E-040  1.00000E-040  1.00000E-040  1.00000E-040  1.00000E-040  1.00000E-040  1.00000E-040  1.00000E-040  1.59477E-023  1.00000E-040  1.00518E-040  2.32583E-021  4.92359E-007  1.65470E-005  1.51154E-013  1.12746E-014  3.17946E-001  1.25339E-008  2.83116E-004  1.53609E-023  4.68896E-012  1.00000E-040  1.00000E-040  8.84434E-034  1.46358E-020  7.66297E-007  2.15555E-029  9.63519E-028  1.00000E-040  1.00000E-040  1.00000E-040  7.59280E-017  1.52913E-020  6.04545E-019  3.35488E-013  1.00000E-040  1.00000E-040  3.14172E-010  4.13296E-038  4.85434E-011  2.50776E-029  6.81752E-001  8.16149E-024  1.12598E-015  2.60475E-010  9.85302E-037  1.00000E-040  4.08526E-030  8.26386E-025  5.79824E-011  1.08527E-015  1.84675E-012  4.24533E-016  2.64230E-007  2.21280E-011  4.23234E-007  6.85050E-011  3.22009E-014  2.42494E-020  5.90399E-011  1.30698E-009  2.86028E-013  5.36770E-029  5.64423E-034  1.00000E-040  6.59147E-029  2.03124E-017  7.32424E-021  1.86566E-022  2.49958E-018  9.11361E-025  1.65373E-025  1.00000E-040  1.25890E-040  1.10972E-027  8.00007E-039  9.40187E-027  1.00000E-040  4.04472E-040  2.06098E-025  1.19519E-017  1.47844E-035  2.21660E-036  2.22736E-021  5.84783E-017  5.14087E-019  1.26929E-013  2.90760E-027  1.74997E-011  1.00000E-040  2.22820E-015  1.00000E-040  5.08719E-025  1.11131E-031  3.28543E-023  1.86412E-025  9.98048E-014  7.78260E-025  2.94768E-020  1.42748E-017  1.80793E-014  1.00000E-040  1.30208E-035  1.28364E-025  1.00000E-040  1.71852E-024  3.14985E-011  1.00000E-040  1.00000E-003  1.00000E-005  1.00000E-005  1.00000E-005  1.00000E-005  1.00000E-005  1.00000E-005  1.00000E-005  1.00000E-005  1.00000E-005  1.00000E-005  1.00000E-005  1.00000E-005  1.00000E-005  1.00000E-005  1.00000E-005  
1.65000E+001  9.85415E-002  3.46318E+018  2.06092E+002  3.94335E+003  6.62699E-009  1.00000E-040  1.00000E-040  3.79531E-010  1.00000E-040  1.00000E-040  1.00000E-040  1.00000E-040  1.00000E-040  1.00000E-040  1.00000E-040  1.00000E-040  1.00000E-040  1.00000E-040  1.53845E-023  1.00000E-040  1.00529E-040  2.73474E-021  4.87887E-007  1.63348E-005  1.97290E-013  2.30856E-014  3.17944E-001  9.27340E-009  2.83128E-004  1.95063E-023  4.85334E-012  1.00000E-040  1.00000E-040  1.62620E-033  2.09775E-020  7.49649E-007  1.18680E-028  2.93911E-028  1.00000E-040  1.00000E-040  1.00000E-040  9.79330E-018  1.25655E-020  7.12492E-019  1.59446E-013  1.00000E-040  1.00000E-040  3.02947E-010  4.51378E-038  4.80822E-011  4.78975E-029  6.81754E-001  9.47942E-024  7.88425E-016  2.11367E-010  3.80128E-036  1.00000E-040  5.65109E-030  1.17630E-024  8.07048E-011  8.79379E-016  2.21096E-012  4.03815E-016  2.59787E-007  2.55109E-011  6.30739E-007  1.15163E-010  5.14725E-014  1.48343E-020  7.31785E-011  2.11125E-009  1.61487E-013  5.47320E-029  6.43166E-034  1.00000E-040  9.32427E-029  7.04295E-018  7.32394E-021  3.19573E-022  3.37727E-018  7.83443E-025  2.74999E-025  1.00000E-040  1.00000E-040  1.10968E-027  4.81096E-039  1.40401E-026  1.00000E-040  7.42369E-040  2.94474E-025  9.08823E-018  2.65683E-035  1.17374E-036  1.92462E-021  8.04032E-017  6.57158E-019  1.61098E-013  1.78826E-027  1.07029E-011  1.00000E-040  2.90460E-015  1.00000E-040  4.23406E-025  1.31918E-031  3.28534E-023  2.32198E-025  8.83459E-014  4.71454E-025  5.40436E-020  4.65730E-018  1.80205E-014  1.00000E-040  1.12820E-035  1.66587E-025  1.00000E-040  1.95850E-025  2.97821E-011  1.00000E-040  1.00000E-003  1.00000E-005  1.00000E-005  1.00000E-005  1.00000E-005  1.00000E-005  1.00000E-005  1.00000E-005  1.00000E-005  1.00000E-005  1.00000E-005  1.00000E-005  1.00000E-005  1.00000E-005  1.00000E-005  1.00000E-005  
1.75000E+001  8.33690E-002  2.92530E+018  2.06420E+002  3.89374E+003  1.00000E-040  1.00000E-040  1.00000E-040  3.71605E-010  1.00000E-040  1.00000E-040  1.00000E-040  1.00000E-040  1.00000E-040  1.00000E-040  1.00000E-040  1.00000E-040  1.00000E-040  1.00000E-040  1.52831E-023  1.00000E-040  1.00542E-040  3.43508E-021  4.82101E-007  1.63789E-005  2.61110E-013  4.61410E-014  3.17942E-001  6.98490E-009  2.83141E-004  2.66116E-023  5.33842E-012  1.00000E-040  1.00000E-040  3.42517E-033  3.32172E-020  7.29529E-007  5.73808E-028  1.22136E-028  6.84865E-036  5.06555E-035  1.00000E-040  1.33824E-018  1.13373E-020  8.02740E-019  1.13261E-013  1.00000E-040  1.00000E-040  2.89062E-010  6.20736E-038  4.75790E-011  8.76709E-029  6.81756E-001  1.12997E-023  5.89809E-016  1.65977E-010  1.14113E-035  1.00000E-040  7.93160E-030  1.61218E-024  1.06329E-010  7.62358E-016  2.93892E-012  3.99745E-016  2.54215E-007  3.61487E-011  8.88949E-007  1.80634E-010  8.26982E-014  1.64154E-020  8.33642E-011  3.12255E-009  1.15401E-013  5.18182E-029  7.23099E-034  1.00000E-040  1.23349E-028  2.81345E-018  7.32356E-021  5.24533E-022  5.19841E-018  8.35723E-025  4.52001E-025  1.00000E-040  1.00000E-040  1.10963E-027  3.35658E-039  1.98959E-026  1.00000E-040  1.34950E-039  4.02488E-025  7.59638E-018  5.63309E-035  1.00000E-040  1.44145E-021  9.86576E-017  8.67173E-019  1.88671E-013  1.20952E-027  6.19735E-012  1.00000E-040  3.04791E-015  1.00000E-040  4.31634E-025  1.55628E-031  3.28522E-023  2.68800E-025  8.93492E-014  4.20858E-025  9.54463E-020  1.74871E-018  1.79467E-014  1.00000E-040  1.00896E-035  2.52012E-025  1.00000E-040  6.26608E-026  2.78597E-011  1.00000E-040  1.00000E-003  1.00000E-005  1.00000E-005  1.00000E-005  1.00000E-005  1.00000E-005  1.00000E-005  1.00000E-005  1.00000E-005  1.00000E-005  1.00000E-005  1.00000E-005  1.00000E-005  1.00000E-005  1.00000E-005  1.00000E-005  
1.85000E+001  7.05914E-002  2.45647E+018  2.08141E+002  3.93732E+003  1.00000E-040  1.00000E-040  1.00000E-040  3.70359E-010  1.00000E-040  1.00000E-040  1.00000E-040  1.00000E-040  1.00000E-040  1.00000E-040  1.00000E-040  1.00000E-040  1.00000E-040  1.00000E-040  1.54016E-023  1.00000E-040  1.00558E-040  4.68577E-021  4.75046E-007  1.64296E-005  3.44511E-013  9.05222E-014  3.17939E-001  5.56215E-009  2.83153E-004  3.80205E-023  6.11724E-012  1.00000E-040  1.00000E-040  7.91529E-033  5.66836E-020  7.06503E-007  2.39381E-027  1.46524E-028  1.00000E-040  1.00000E-040  1.00000E-040  4.14783E-019  1.08929E-020  8.90394E-019  1.14413E-013  1.00000E-040  1.00000E-040  2.72792E-010  1.04416E-037  4.70574E-011  1.52504E-028  6.81759E-001  1.35966E-023  4.53053E-016  1.26493E-010  2.81981E-035  1.00000E-040  1.12653E-029  2.15161E-024  1.36209E-010  6.64511E-016  4.09586E-012  4.04618E-016  2.47608E-007  5.46091E-011  1.19584E-006  2.73248E-010  1.33379E-013  3.11785E-020  9.00244E-011  4.30351E-009  1.14882E-013  4.67552E-029  7.90347E-034  1.12449E-039  1.51860E-028  1.18801E-018  7.32311E-021  8.38501E-022  8.63019E-018  1.02268E-024  7.40568E-025  1.00000E-040  1.00000E-040  1.10957E-027  2.82313E-039  2.69943E-026  1.00000E-040  2.42031E-039  5.32626E-025  6.66304E-018  1.34737E-034  1.21951E-036  9.42515E-022  1.06764E-016  1.15793E-018  2.08116E-013  9.34564E-028  3.45974E-012  1.00000E-040  2.57394E-015  1.00000E-040  4.94025E-025  1.80645E-031  3.28508E-023  2.91097E-025  9.82419E-014  5.17179E-025  1.63788E-019  6.78767E-019  1.78590E-014  1.00000E-040  9.59875E-036  4.25869E-025  1.00000E-040  4.35316E-026  2.58210E-011  1.00000E-040  1.00000E-003  1.00000E-005  1.00000E-005  1.00000E-005  1.00000E-005  1.00000E-005  1.00000E-005  1.00000E-005  1.00000E-005  1.00000E-005  1.00000E-005  1.00000E-005  1.00000E-005  1.00000E-005  1.00000E-005  1.00000E-005  
1.95000E+001  5.98693E-002  2.06093E+018  2.10406E+002  4.20491E+003  1.00000E-040  1.00000E-040  1.00000E-040  3.70623E-010  1.00000E-040  1.00000E-040  1.00000E-040  1.00000E-040  1.00000E-040  1.00000E-040  1.00000E-040  1.00000E-040  1.00000E-040  1.00000E-040  1.55946E-023  1.00000E-040  1.00577E-040  6.87479E-021  4.66779E-007  1.64859E-005  4.51713E-013  1.72741E-013  3.17935E-001  4.76874E-009  2.83166E-004  5.47973E-023  7.06727E-012  1.00000E-040  1.00000E-040  1.86480E-032  9.84823E-020  6.81104E-007  8.66977E-027  2.69902E-028  1.40699E-035  1.59668E-034  1.00000E-040  3.35943E-019  1.07771E-020  1.02274E-018  1.38909E-013  1.00000E-040  1.00000E-040  2.54408E-010  1.87964E-037  4.65348E-011  2.73853E-028  6.81762E-001  1.62841E-023  3.49421E-016  9.34776E-011  6.04824E-035  1.00000E-040  1.59220E-029  2.80511E-024  1.72126E-010  5.74654E-016  5.71514E-012  4.06875E-016  2.40055E-007  8.18771E-011  1.55143E-006  3.99431E-010  2.10228E-013  7.51612E-020  9.47856E-011  5.61484E-009  1.42743E-013  4.08237E-029  8.51240E-034  3.58936E-036  1.78122E-028  5.04957E-019  7.32259E-021  1.32227E-021  1.47299E-017  1.32584E-024  1.21012E-024  1.00000E-040  1.00000E-040  1.10949E-027  2.65940E-039  3.53771E-026  1.00000E-040  4.23486E-039  6.86747E-025  5.97779E-018  3.31865E-034  4.97642E-036  5.76239E-022  1.08996E-016  1.54024E-018  2.18445E-013  7.88760E-028  1.88080E-012  1.43336E-039  1.99076E-015  1.00000E-040  5.86043E-025  2.04061E-031  3.28493E-023  2.99175E-025  1.10761E-013  7.46214E-025  2.74236E-019  2.59501E-019  1.77585E-014  1.00000E-040  9.73151E-036  7.39754E-025  1.00000E-040  3.68523E-026  2.37372E-011  1.00000E-040  1.00000E-003  1.00000E-005  1.00000E-005  1.00000E-005  1.00000E-005  1.00000E-005  1.00000E-005  1.00000E-005  1.00000E-005  1.00000E-005  1.00000E-005  1.00000E-005  1.00000E-005  1.00000E-005  1.00000E-005  1.00000E-005  
2.05000E+001  5.08672E-002  1.73296E+018  2.12602E+002  4.72335E+003  1.00000E-040  1.00000E-040  1.00000E-040  3.69878E-010  1.00000E-040  1.00000E-040  1.00000E-040  1.00000E-040  1.00000E-040  1.00000E-040  1.00000E-040  1.00000E-040  1.00000E-040  1.00000E-040  1.57932E-023  1.00000E-040  1.00597E-040  1.06007E-020  4.57629E-007  1.65451E-005  5.89609E-013  3.17477E-013  3.17931E-001  4.39090E-009  2.83179E-004  7.81007E-023  8.08390E-012  1.00000E-040  1.00000E-040  4.29768E-032  1.68421E-019  6.54580E-007  2.76874E-026  4.56738E-028  6.15860E-036  6.62003E-035  1.00000E-040  3.41190E-019  1.08373E-020  1.26236E-018  1.85813E-013  1.00000E-040  1.00000E-040  2.34734E-010  3.31508E-037  4.60367E-011  5.78833E-028  6.81766E-001  1.95343E-023  2.73410E-016  6.72866E-011  1.16851E-034  1.00000E-040  2.20250E-029  3.57535E-024  2.15739E-010  5.00919E-016  7.78274E-012  4.03814E-016  2.31878E-007  1.17520E-010  1.94710E-006  5.60042E-010  3.14404E-013  1.93373E-019  9.88741E-011  6.97808E-009  2.03851E-013  3.49406E-029  9.16832E-034  1.05358E-032  2.02288E-028  2.19675E-019  7.32203E-021  2.05195E-021  2.49593E-017  1.76569E-024  1.95399E-024  1.00000E-040  1.00000E-040  1.10942E-027  2.60346E-039  4.48858E-026  1.00000E-040  7.20336E-039  8.65717E-025  5.47223E-018  7.97796E-034  1.00449E-035  3.51443E-022  1.10600E-016  2.02987E-018  2.20173E-013  6.95990E-028  1.01625E-012  1.52975E-034  1.56068E-015  1.12805E-040  7.02429E-025  2.23555E-031  3.28476E-023  2.97484E-025  1.24197E-013  1.17248E-024  4.47570E-019  9.99691E-020  1.76492E-014  1.00000E-040  1.03039E-035  1.25865E-024  1.00000E-040  3.37201E-026  2.17192E-011  1.00000E-040  1.00000E-003  1.00000E-005  1.00000E-005  1.00000E-005  1.00000E-005  1.00000E-005  1.00000E-005  1.00000E-005  1.00000E-005  1.00000E-005  1.00000E-005  1.00000E-005  1.00000E-005  1.00000E-005  1.00000E-005  1.00000E-005  
2.15000E+001  4.32895E-002  1.46165E+018  2.14515E+002  5.25999E+003  1.00000E-040  1.00000E-040  1.00000E-040  3.66911E-010  1.00000E-040  1.00000E-040  1.00000E-040  1.00000E-040  1.00000E-040  1.00000E-040  1.00000E-040  1.00000E-040  1.00000E-040  1.00000E-040  1.59741E-023  1.00000E-040  1.00618E-040  1.68005E-020  4.47770E-007  1.66058E-005  7.68858E-013  5.64351E-013  3.17927E-001  4.25685E-009  2.83190E-004  1.09869E-022  9.13141E-012  1.00000E-040  1.00000E-040  9.62733E-032  2.81539E-019  6.27556E-007  7.92496E-026  7.15861E-028  7.57392E-036  7.71893E-035  1.00000E-040  3.49718E-019  1.09836E-020  1.69967E-018  2.66074E-013  1.00000E-040  1.00000E-040  2.14213E-010  5.58663E-037  4.55710E-011  1.58460E-027  6.81769E-001  2.36916E-023  2.20185E-016  4.69752E-011  2.05058E-034  1.00000E-040  2.99005E-029  4.49674E-024  2.68814E-010  4.45806E-016  1.03351E-011  3.96817E-016  2.23240E-007  1.61736E-010  2.38287E-006  7.56866E-010  4.45321E-013  5.04048E-019  1.02849E-010  8.34695E-009  3.22871E-013  2.95235E-029  9.92349E-034  1.62364E-036  2.25851E-028  1.00335E-019  7.32144E-021  3.14801E-021  4.17475E-017  2.40260E-024  3.12576E-024  1.00000E-040  1.00000E-040  1.09638E-027  2.51184E-039  5.55781E-026  1.00000E-040  1.20514E-038  1.07815E-024  5.10029E-018  1.85278E-033  1.00000E-040  2.19127E-022  1.13676E-016  2.65566E-018  2.15693E-013  6.24838E-028  5.49999E-013  8.94722E-039  1.28612E-015  1.87752E-040  8.49751E-025  2.40266E-031  3.28457E-023  2.91913E-025  1.37587E-013  1.96385E-024  7.16925E-019  3.99928E-020  1.75332E-014  1.00000E-040  1.10075E-035  2.07999E-024  1.00000E-040  3.18835E-026  1.98099E-011  1.00000E-040  1.00000E-003  1.00000E-005  1.00000E-005  1.00000E-005  1.00000E-005  1.00000E-005  1.00000E-005  1.00000E-005  1.00000E-005  1.00000E-005  1.00000E-005  1.00000E-005  1.00000E-005  1.00000E-005  1.00000E-005  1.00000E-005  
2.25000E+001  3.68943E-002  1.23531E+018  2.16321E+002  5.99062E+003  1.00000E-040  1.00000E-040  1.00000E-040  3.61223E-010  1.00000E-040  1.00000E-040  1.00000E-040  1.00000E-040  1.00000E-040  1.00000E-040  1.00000E-040  1.00000E-040  1.00000E-040  1.00000E-040  1.61453E-023  1.00000E-040  1.00640E-040  2.71349E-020  4.37286E-007  1.66675E-005  1.00413E-012  9.81254E-013  3.17923E-001  4.26391E-009  2.83202E-004  1.54064E-022  1.02684E-011  1.00000E-040  1.00000E-040  2.13571E-031  4.66273E-019  6.00302E-007  2.06565E-025  1.02970E-027  1.00000E-040  1.00000E-040  1.00000E-040  3.55071E-019  1.12016E-020  2.48725E-018  4.01054E-013  1.00000E-040  1.00000E-040  1.93079E-010  9.25680E-037  4.51373E-011  5.23944E-027  6.81773E-001  2.91284E-023  1.84119E-016  3.14559E-011  3.33576E-034  1.00000E-040  4.02626E-029  5.63007E-024  3.33452E-010  4.06458E-016  1.35232E-011  3.89020E-016  2.14216E-007  2.16332E-010  2.86335E-006  9.98243E-010  6.09054E-013  1.34635E-018  1.06656E-010  9.68833E-009  5.36463E-013  2.47775E-029  1.08181E-033  8.08622E-040  2.49428E-028  4.88458E-020  7.32082E-021  4.79602E-021  6.94344E-017  3.34361E-024  4.98962E-024  1.00000E-040  1.00000E-040  1.08616E-027  2.40569E-039  6.76617E-026  1.00000E-040  2.00506E-038  1.33773E-024  4.82815E-018  4.24999E-033  4.47350E-035  1.38467E-022  1.16834E-016  3.46701E-018  2.07161E-013  5.70431E-028  2.98460E-013  4.75750E-034  1.08746E-015  3.11127E-040  1.04006E-024  2.56448E-031  3.28439E-023  2.85280E-025  1.51954E-013  3.44675E-024  1.13670E-018  1.68703E-020  1.74113E-014  1.00000E-040  1.17923E-035  3.40712E-024  1.00000E-040  3.09874E-026  1.80186E-011  1.00000E-040  1.00000E-003  1.00000E-005  1.00000E-005  1.00000E-005  1.00000E-005  1.00000E-005  1.00000E-005  1.00000E-005  1.00000E-005  1.00000E-005  1.00000E-005  1.00000E-005  1.00000E-005  1.00000E-005  1.00000E-005  1.00000E-005  
2.35000E+001  3.14873E-002  1.04561E+018  2.18114E+002  6.81524E+003  1.00000E-040  1.00000E-040  1.00000E-040  3.51592E-010  1.00000E-040  1.00000E-040  1.00000E-040  1.00000E-040  1.00000E-040  1.00000E-040  1.00000E-040  1.00000E-040  1.00000E-040  1.00000E-040  1.63113E-023  1.00000E-040  1.00662E-040  4.44355E-020  4.26312E-007  1.67293E-005  1.31578E-012  1.67796E-012  3.17918E-001  4.35318E-009  2.83212E-004  2.16578E-022  1.15460E-011  1.00000E-040  1.00000E-040  4.74182E-031  7.70750E-019  5.73177E-007  4.97386E-025  1.37640E-027  1.00000E-040  1.00000E-040  1.00000E-040  3.56314E-019  1.14974E-020  3.90656E-018  6.18578E-013  1.00000E-040  1.00000E-040  1.71709E-010  1.53124E-036  4.47357E-011  1.82327E-026  6.81777E-001  3.59835E-023  1.58574E-016  1.99707E-011  4.95045E-034  1.00000E-040  5.42130E-029  7.04558E-024  4.13287E-010  3.77196E-016  1.74813E-011  3.81760E-016  2.04921E-007  2.81713E-010  3.38873E-006  1.29607E-009  8.11637E-013  3.63662E-018  1.10533E-010  1.09574E-008  9.13465E-013  2.07355E-029  1.18717E-033  1.00000E-040  2.73394E-028  2.49093E-020  7.32017E-021  7.25717E-021  1.15141E-016  4.74571E-024  7.95776E-024  1.00000E-040  1.00000E-040  1.05131E-027  2.26702E-039  8.12738E-026  1.00000E-040  3.35048E-038  1.65984E-024  4.63003E-018  9.74931E-033  8.93197E-035  8.85949E-023  1.19358E-016  4.53086E-018  1.96236E-013  5.31332E-028  1.62969E-013  5.46014E-034  9.31128E-016  5.16874E-040  1.28770E-024  2.74663E-031  3.28419E-023  2.79247E-025  1.67648E-013  6.16433E-024  1.79094E-018  7.39166E-021  1.72847E-014  1.00000E-040  1.24644E-035  5.59556E-024  1.00000E-040  3.08854E-026  1.63570E-011  1.00000E-040  1.00000E-003  1.00000E-005  1.00000E-005  1.00000E-005  1.00000E-005  1.00000E-005  1.00000E-005  1.00000E-005  1.00000E-005  1.00000E-005  1.00000E-005  1.00000E-005  1.00000E-005  1.00000E-005  1.00000E-005  1.00000E-005  
2.45000E+001  2.69093E-002  8.86195E+017  2.19933E+002  7.73991E+003  1.00000E-040  1.00000E-040  1.00000E-040  3.36268E-010  1.00000E-040  1.00000E-040  1.00000E-040  1.00000E-040  1.00000E-040  1.00000E-040  1.00000E-040  1.00000E-040  1.00000E-040  1.00000E-040  1.64738E-023  1.00000E-040  1.00686E-040  7.36137E-020  4.14863E-007  1.67912E-005  1.73367E-012  2.83250E-012  3.17914E-001  4.49009E-009  2.83222E-004  3.06298E-022  1.30100E-011  1.00000E-040  1.00000E-040  1.06052E-030  1.27642E-018  5.46209E-007  1.11962E-024  1.71648E-027  1.54853E-035  1.72811E-034  1.00000E-040  3.51825E-019  1.18615E-020  6.47707E-018  9.49203E-013  1.00000E-040  1.00000E-040  1.50292E-010  2.54742E-036  4.43618E-011  6.13971E-026  6.81781E-001  4.38883E-023  1.35633E-016  1.18154E-011  6.89987E-034  1.00000E-040  7.35254E-029  8.86603E-024  5.14581E-010  3.48305E-016  2.23186E-011  3.75962E-016  1.95376E-007  3.56300E-010  3.95962E-006  1.67054E-009  1.05945E-012  9.73086E-018  1.15031E-010  1.21179E-008  1.58064E-012  1.73358E-029  1.31396E-033  1.00000E-040  2.98675E-028  1.23625E-020  7.31951E-021  1.09425E-020  1.90984E-016  6.86985E-024  1.27246E-023  1.00000E-040  1.00000E-040  1.01663E-027  2.15496E-039  9.66059E-026  1.00000E-040  5.65878E-038  2.07191E-024  4.47522E-018  2.25268E-032  1.75826E-034  5.72470E-023  1.20933E-016  5.93949E-018  1.84133E-013  5.04485E-028  8.93338E-014  4.02282E-034  8.03897E-016  8.67913E-040  1.61813E-024  2.98099E-031  3.28399E-023  2.75968E-025  1.84308E-013  1.09417E-023  2.81244E-018  3.13606E-021  1.71533E-014  1.00000E-040  1.33016E-035  9.27699E-024  1.00000E-040  3.14670E-026  1.48143E-011  1.00000E-040  1.00000E-003  1.00000E-005  1.00000E-005  1.00000E-005  1.00000E-005  1.00000E-005  1.00000E-005  1.00000E-005  1.00000E-005  1.00000E-005  1.00000E-005  1.00000E-005  1.00000E-005  1.00000E-005  1.00000E-005  1.00000E-005  
2.55000E+001  2.30291E-002  7.51689E+017  2.21899E+002  8.74643E+003  1.00000E-040  1.00000E-040  1.00000E-040  3.12432E-010  1.00000E-040  1.00000E-040  1.00000E-040  1.00000E-040  1.00000E-040  1.00000E-040  1.00000E-040  1.00000E-040  1.00000E-040  1.00000E-040  1.66403E-023  1.00000E-040  1.00710E-040  1.23621E-019  4.02931E-007  1.68533E-005  2.30199E-012  4.73506E-012  3.17909E-001  4.65337E-009  2.83231E-004  4.38043E-022  1.47397E-011  1.00000E-040  1.00000E-040  2.41550E-030  2.13288E-018  5.19372E-007  2.38055E-024  2.00991E-027  1.00000E-040  1.00000E-040  1.00000E-040  3.40908E-019  1.23203E-020  1.11451E-017  1.41672E-012  1.00000E-040  1.00000E-040  1.29059E-010  4.33852E-036  4.40106E-011  1.92896E-025  6.81785E-001  5.18737E-023  1.09542E-016  6.39242E-012  9.14142E-034  1.00000E-040  1.01241E-028  1.12947E-023  6.46858E-010  3.11704E-016  2.81489E-011  3.73358E-016  1.85590E-007  4.35880E-010  4.56934E-006  2.15394E-009  1.36389E-012  2.56506E-017  1.20658E-010  1.31211E-008  2.80314E-012  1.44972E-029  1.46774E-033  1.00000E-040  3.25532E-028  5.39126E-021  7.31882E-021  1.64843E-020  3.17352E-016  1.01516E-023  2.04876E-023  1.00000E-040  1.00000E-040  9.89145E-028  2.09373E-039  1.13742E-025  1.00000E-040  9.76265E-038  2.61837E-024  4.34709E-018  5.31161E-032  3.44154E-034  3.70467E-023  1.20631E-016  7.82709E-018  1.71497E-013  4.92323E-028  4.89931E-014  1.00000E-040  6.90216E-016  1.48264E-039  2.07305E-024  3.30991E-031  3.28378E-023  2.77429E-025  2.01947E-013  1.88494E-023  4.40824E-018  1.16666E-021  1.70165E-014  1.00000E-040  1.44166E-035  1.57104E-023  1.00000E-040  3.30001E-026  1.33784E-011  1.00000E-040  1.00000E-003  1.00000E-005  1.00000E-005  1.00000E-005  1.00000E-005  1.00000E-005  1.00000E-005  1.00000E-005  1.00000E-005  1.00000E-005  1.00000E-005  1.00000E-005  1.00000E-005  1.00000E-005  1.00000E-005  1.00000E-005  
2.65000E+001  1.97368E-002  6.38459E+017  2.23903E+002  9.76505E+003  1.00000E-040  1.00000E-040  1.00000E-040  2.77489E-010  1.00000E-040  1.00000E-040  1.00000E-040  1.00000E-040  1.00000E-040  1.00000E-040  1.00000E-040  1.00000E-040  1.00000E-040  1.00000E-040  1.68042E-023  1.00000E-040  1.00735E-040  2.09992E-019  3.90449E-007  1.69159E-005  3.08863E-012  7.82107E-012  3.17904E-001  4.82492E-009  2.83239E-004  6.32371E-022  1.67365E-011  1.00000E-040  1.00000E-040  5.58211E-030  3.57851E-018  4.92522E-007  4.80819E-024  2.21236E-027  5.67333E-038  6.42636E-037  1.00000E-040  3.21148E-019  1.28618E-020  1.96289E-017  2.02282E-012  1.00000E-040  1.00000E-040  1.08237E-010  7.47279E-036  4.36767E-011  5.66028E-025  6.81790E-001  5.86772E-023  7.91824E-017  3.09405E-012  1.16301E-033  1.00000E-040  1.42383E-028  1.46840E-023  8.25029E-010  2.67242E-016  3.48796E-011  3.74097E-016  1.75537E-007  5.11016E-010  5.20370E-006  2.78198E-009  1.71706E-012  6.48254E-017  1.28381E-010  1.39161E-008  4.99871E-012  1.21280E-029  1.66390E-033  1.00000E-040  3.55637E-028  1.85736E-021  7.31810E-021  2.49013E-020  5.27445E-016  1.53196E-023  3.32658E-023  1.00000E-040  1.00000E-040  9.70337E-028  2.02778E-039  1.32634E-025  1.00000E-040  1.73781E-037  3.37695E-024  4.23209E-018  1.27079E-031  6.67178E-034  2.40679E-023  1.19611E-016  1.03670E-017  1.59020E-013  4.91053E-028  2.66917E-014  1.00000E-040  5.99616E-016  2.60557E-039  2.72787E-024  3.80462E-031  3.28356E-023  2.87900E-025  2.18750E-013  3.11652E-023  6.88912E-018  3.44869E-022  1.68730E-014  1.00000E-040  1.55900E-035  2.70535E-023  1.00000E-040  3.52945E-026  1.20330E-011  1.00000E-040  1.00000E-003  1.00000E-005  1.00000E-005  1.00000E-005  1.00000E-005  1.00000E-005  1.00000E-005  1.00000E-005  1.00000E-005  1.00000E-005  1.00000E-005  1.00000E-005  1.00000E-005  1.00000E-005  1.00000E-005  1.00000E-005  
2.75000E+001  1.69393E-002  5.43136E+017  2.25893E+002  1.09262E+004  1.00000E-040  1.00000E-040  1.00000E-040  2.28086E-010  1.00000E-040  1.00000E-040  1.00000E-040  1.00000E-040  1.00000E-040  1.00000E-040  1.00000E-040  1.00000E-040  1.00000E-040  1.00000E-040  1.69625E-023  1.00000E-040  1.00762E-040  3.60582E-019  3.77396E-007  1.69791E-005  4.19383E-012  1.27329E-011  3.17898E-001  4.98907E-009  2.83246E-004  9.20195E-022  1.89907E-011  1.00000E-040  1.00000E-040  1.30622E-029  6.01120E-018  4.65635E-007  9.24644E-024  2.28335E-027  3.38162E-037  3.69170E-036  1.00000E-040  2.92743E-019  1.35029E-020  3.47704E-017  2.73457E-012  1.00000E-040  1.00000E-040  8.82368E-011  1.29500E-035  4.33566E-011  1.55780E-024  6.81795E-001  6.38566E-023  4.92066E-017  1.31388E-012  1.41733E-033  1.00000E-040  2.05412E-028  1.96129E-023  1.06951E-009  2.24853E-016  4.23134E-011  3.78665E-016  1.65246E-007  5.70037E-010  5.83429E-006  3.59158E-009  2.09741E-012  1.54857E-016  1.38933E-010  1.44374E-008  8.84627E-012  1.01561E-029  1.92091E-033  1.00000E-040  3.89797E-028  4.67157E-022  7.31734E-021  3.77830E-020  8.74733E-016  2.35810E-023  5.44655E-023  1.00000E-040  1.00000E-040  9.50832E-028  1.98021E-039  1.52954E-025  1.00000E-040  3.21579E-037  4.47121E-024  4.13412E-018  3.07593E-031  1.27979E-033  1.56722E-023  1.18630E-016  1.37908E-017  1.47090E-013  5.00458E-028  1.43572E-014  1.38701E-034  5.31586E-016  4.74338E-039  3.70613E-024  4.56852E-031  3.28333E-023  3.12096E-025  2.33447E-013  4.91073E-023  1.07096E-017  7.53904E-023  1.67222E-014  1.00000E-040  1.70400E-035  4.72577E-023  1.00000E-040  3.83904E-026  1.07706E-011  1.00000E-040  1.00000E-003  1.00000E-005  1.00000E-005  1.00000E-005  1.00000E-005  1.00000E-005  1.00000E-005  1.00000E-005  1.00000E-005  1.00000E-005  1.00000E-005  1.00000E-005  1.00000E-005  1.00000E-005  1.00000E-005  1.00000E-005  
2.85000E+001  1.45584E-002  4.62784E+017  2.27852E+002  1.22719E+004  1.00000E-040  1.00000E-040  1.00000E-040  1.59846E-010  1.00000E-040  1.00000E-040  1.00000E-040  1.00000E-040  1.00000E-040  1.00000E-040  1.00000E-040  1.00000E-040  1.00000E-040  1.00000E-040  1.71146E-023  1.00000E-040  1.00790E-040  6.25606E-019  3.63866E-007  1.70425E-005  5.75925E-012  2.03791E-011  3.17893E-001  5.13232E-009  2.83253E-004  1.34621E-021  2.14639E-011  1.00000E-040  1.00000E-040  3.08476E-029  1.00846E-017  4.38926E-007  1.69044E-023  2.20327E-027  1.85960E-038  1.49713E-037  1.00000E-040  2.58713E-019  1.42973E-020  6.06743E-017  3.47728E-012  1.00000E-040  1.00000E-040  6.96924E-011  2.25219E-035  4.30503E-011  4.02763E-024  6.81799E-001  6.86412E-023  2.58377E-017  4.85477E-013  1.66051E-033  1.00000E-040  3.04298E-028  2.69876E-023  1.40526E-009  1.97504E-016  5.01808E-011  3.87067E-016  1.54853E-007  6.02847E-010  6.41808E-006  4.60357E-009  2.46739E-012  3.46871E-016  1.52568E-010  1.46176E-008  1.54104E-011  8.53035E-030  2.26001E-033  1.00000E-040  4.27468E-028  8.31169E-023  7.31655E-021  5.75187E-020  1.44098E-015  3.68614E-023  8.96401E-023  1.00000E-040  1.00000E-040  9.28827E-028  1.95843E-039  1.74025E-025  2.32544E-040  6.19770E-037  6.08694E-024  4.07309E-018  7.50561E-031  2.43205E-033  1.02258E-023  1.18310E-016  1.83899E-017  1.35888E-013  5.22478E-028  7.62082E-015  6.06255E-034  4.81635E-016  8.94892E-039  5.19950E-024  5.75198E-031  3.28309E-023  3.55378E-025  2.45694E-013  7.32962E-023  1.65038E-017  1.18669E-023  1.65642E-014  1.00000E-040  1.88292E-035  8.34384E-023  1.00000E-040  4.25193E-026  9.59555E-012  1.00000E-040  1.00000E-003  1.00000E-005  1.00000E-005  1.00000E-005  1.00000E-005  1.00000E-005  1.00000E-005  1.00000E-005  1.00000E-005  1.00000E-005  1.00000E-005  1.00000E-005  1.00000E-005  1.00000E-005  1.00000E-005  1.00000E-005  
2.95000E+001  1.25289E-002  3.94977E+017  2.29751E+002  1.33027E+004  1.00000E-040  1.00000E-040  1.00000E-040  7.32807E-011  1.00000E-040  1.00000E-040  1.00000E-040  1.00000E-040  1.00000E-040  1.00000E-040  1.00000E-040  1.00000E-040  1.00000E-040  1.00000E-040  1.72593E-023  1.00000E-040  1.00819E-040  1.09595E-018  3.49711E-007  1.71067E-005  7.97805E-012  3.20455E-011  3.17887E-001  5.24699E-009  2.83258E-004  1.96935E-021  2.40461E-011  1.00000E-040  1.00000E-040  7.29289E-029  1.68096E-017  4.12124E-007  2.91572E-023  1.95660E-027  4.56058E-038  5.42694E-037  1.00000E-040  2.21870E-019  1.52185E-020  1.02145E-016  4.15538E-012  1.00000E-040  1.00000E-040  5.29034E-011  3.90752E-035  4.27522E-011  9.80075E-024  6.81804E-001  7.51079E-023  1.12445E-017  1.53636E-013  1.86135E-033  1.00000E-040  4.65263E-028  3.84460E-023  1.86302E-009  1.90437E-016  5.81727E-011  3.98356E-016  1.44317E-007  6.04778E-010  6.91807E-006  5.81916E-009  2.78304E-012  7.24445E-016  1.69330E-010  1.44316E-008  2.60849E-011  7.18335E-030  2.70707E-033  1.00000E-040  4.67921E-028  1.01308E-023  7.31572E-021  8.83515E-020  2.36094E-015  5.86011E-023  1.48748E-022  1.00000E-040  1.00000E-040  8.97647E-028  1.97461E-039  1.95309E-025  6.80508E-040  1.24672E-036  8.55470E-024  4.05071E-018  1.83064E-030  4.61862E-033  6.61181E-024  1.18751E-016  2.44816E-017  1.25303E-013  5.58839E-028  3.95239E-015  1.00000E-040  4.46081E-016  1.75451E-038  7.54823E-024  7.62107E-031  3.28284E-023  4.26663E-025  2.55056E-013  1.03403E-022  2.51583E-017  1.30422E-024  1.63965E-014  1.00000E-040  2.10813E-035  1.47695E-022  1.00000E-040  4.77682E-026  8.49183E-012  3.24110E-038  1.00000E-003  1.00000E-005  1.00000E-005  1.00000E-005  1.00000E-005  1.00000E-005  1.00000E-005  1.00000E-005  1.00000E-005  1.00000E-005  1.00000E-005  1.00000E-005  1.00000E-005  1.00000E-005  1.00000E-005  1.00000E-005  
3.05000E+001  1.07963E-002  3.37518E+017  2.31683E+002  1.46946E+004  1.00000E-040  1.00000E-040  1.00000E-040  1.00000E-040  1.00000E-040  1.00000E-040  1.00000E-040  1.00000E-040  1.00000E-040  1.00000E-040  1.00000E-040  1.00000E-040  1.00000E-040  1.00000E-040  1.74027E-023  1.00000E-040  1.00851E-040  1.94283E-018  3.34884E-007  1.71717E-005  1.10997E-011  4.95709E-011  3.17882E-001  5.32981E-009  2.83262E-004  2.86932E-021  2.66380E-011  1.00000E-040  1.00000E-040  1.71955E-028  2.78232E-017  3.85172E-007  4.70585E-023  1.57608E-027  1.56193E-035  1.74255E-034  1.00000E-040  1.85989E-019  1.62760E-020  1.62785E-016  4.66374E-012  2.13183E-040  1.00000E-040  3.82792E-011  6.81163E-035  4.24597E-011  2.23484E-023  6.81810E-001  8.51706E-023  4.02720E-018  4.12943E-014  2.03425E-033  1.00000E-040  7.34707E-028  5.66402E-023  2.47562E-009  2.01159E-016  6.60721E-011  4.11654E-016  1.33692E-007  5.77577E-010  7.29490E-006  7.20628E-009  3.01630E-012  1.41932E-015  1.88487E-010  1.38734E-008  4.01818E-011  6.06792E-030  3.28483E-033  1.00000E-040  5.07938E-028  8.39574E-025  7.31483E-021  1.37162E-019  3.84971E-015  9.46170E-023  2.49131E-022  1.00000E-040  1.86817E-040  8.73868E-028  2.08184E-039  2.16108E-025  1.85266E-039  2.60554E-036  1.23913E-023  4.07425E-018  4.45311E-030  8.86399E-033  4.16468E-024  1.18791E-016  3.23961E-017  1.14990E-013  6.17859E-028  1.98794E-015  8.28004E-034  4.15473E-016  3.55105E-038  1.12917E-023  1.05794E-030  3.28256E-023  5.36305E-025  2.62372E-013  1.37009E-022  3.78415E-017  9.89968E-026  1.62173E-014  1.00000E-040  2.42868E-035  2.61268E-022  1.00000E-040  5.47651E-026  7.45479E-012  6.93328E-038  1.00000E-003  1.00000E-005  1.00000E-005  1.00000E-005  1.00000E-005  1.00000E-005  1.00000E-005  1.00000E-005  1.00000E-005  1.00000E-005  1.00000E-005  1.00000E-005  1.00000E-005  1.00000E-005  1.00000E-005  1.00000E-005  
3.15000E+001  9.31552E-003  2.88699E+017  2.33711E+002  1.63646E+004  1.00000E-040  1.00000E-040  1.00000E-040  1.00000E-040  1.00000E-040  1.00000E-040  1.00000E-040  1.00000E-040  1.00000E-040  1.00000E-040  1.00000E-040  1.00000E-040  1.00000E-040  1.00000E-040  1.75493E-023  1.00000E-040  1.00883E-040  3.49380E-018  3.19672E-007  1.72364E-005  1.54328E-011  7.55015E-011  3.17876E-001  5.38030E-009  2.83264E-004  4.14675E-021  2.91397E-011  1.00000E-040  1.00000E-040  4.02230E-028  4.56826E-017  3.58603E-007  7.07317E-023  1.14530E-027  1.00000E-040  1.00000E-040  1.00000E-040  1.54806E-019  1.76127E-020  2.42759E-016  4.91569E-012  6.60372E-040  1.00000E-040  2.63669E-011  1.19591E-034  4.21766E-011  4.76303E-023  6.81815E-001  9.95847E-023  1.21341E-018  9.59947E-015  2.13794E-033  1.00000E-040  1.18582E-027  8.53368E-023  3.27089E-009  2.23113E-016  7.37128E-011  4.25511E-016  1.23266E-007  5.28399E-010  7.51769E-006  8.67322E-009  3.14641E-012  2.61379E-015  2.08573E-010  1.29718E-008  5.18194E-011  5.15729E-030  4.01636E-033  1.00000E-040  5.43443E-028  4.96102E-026  7.31391E-021  2.13810E-019  6.21413E-015  1.53723E-022  4.18110E-022  1.00000E-040  3.73324E-040  8.44249E-028  2.27611E-039  2.35704E-025  4.66387E-039  5.57048E-036  1.82978E-023  4.16303E-018  1.07572E-029  1.71855E-032  2.55269E-024  1.17677E-016  4.24688E-017  1.04784E-013  7.12032E-028  9.76644E-016  1.98163E-037  3.84260E-016  7.28966E-038  1.71845E-023  1.51388E-030  3.28227E-023  6.93526E-025  2.68935E-013  1.69520E-022  5.59794E-017  5.41677E-027  1.60285E-014  1.00000E-040  2.83754E-035  4.59485E-022  1.00000E-040  6.45347E-026  6.50190E-012  1.11948E-037  1.00000E-003  1.00000E-005  1.00000E-005  1.00000E-005  1.00000E-005  1.00000E-005  1.00000E-005  1.00000E-005  1.00000E-005  1.00000E-005  1.00000E-005  1.00000E-005  1.00000E-005  1.00000E-005  1.00000E-005  1.00000E-005  
3.25000E+001  8.04881E-003  2.47163E+017  2.35866E+002  1.77833E+004  1.00000E-040  1.00000E-040  1.00000E-040  1.00000E-040  1.00000E-040  1.00000E-040  1.00000E-040  1.00000E-040  1.00000E-040  1.00000E-040  1.00000E-040  1.00000E-040  1.00000E-040  1.00000E-040  1.77010E-023  1.00000E-040  1.00918E-040  6.39110E-018  3.04061E-007  1.73007E-005  2.13480E-011  1.13463E-010  3.17870E-001  5.40132E-009  2.83265E-004  5.91450E-021  3.14167E-011  1.00000E-040  1.00000E-040  9.26603E-028  7.41673E-017  3.32374E-007  9.84043E-023  7.40347E-028  2.98482E-037  2.40674E-036  1.00000E-040  1.28950E-019  1.92854E-020  3.35845E-016  4.87211E-012  1.83724E-039  1.00000E-040  1.71645E-011  2.11169E-034  4.19002E-011  9.50395E-023  6.81821E-001  1.17945E-022  3.10465E-019  1.94623E-015  2.17524E-033  1.00000E-040  1.94771E-027  1.30803E-022  4.27672E-009  2.49469E-016  8.08956E-011  4.38204E-016  1.13100E-007  4.65782E-010  7.58199E-006  1.01138E-008  3.17090E-012  4.52420E-015  2.28259E-010  1.18030E-008  6.10383E-011  4.40851E-030  4.92500E-033  1.00000E-040  5.71290E-028  2.14454E-027  7.31293E-021  3.35290E-019  9.93429E-015  2.51200E-022  7.04092E-022  1.00000E-040  7.67430E-040  8.14477E-028  2.62103E-039  2.53819E-025  1.07674E-038  1.20689E-035  2.74402E-023  4.30695E-018  2.56276E-029  3.37432E-032  1.50990E-024  1.13800E-016  5.49246E-017  9.44465E-014  8.59752E-028  4.67487E-016  1.00000E-040  3.50071E-016  1.50255E-037  2.64712E-023  2.20864E-030  3.28197E-023  9.11499E-025  2.74784E-013  1.95225E-022  8.12787E-017  2.18069E-028  1.58284E-014  1.00000E-040  3.41179E-035  7.97765E-022  1.00000E-040  7.82677E-026  5.62771E-012  1.66467E-037  1.00000E-003  1.00000E-005  1.00000E-005  1.00000E-005  1.00000E-005  1.00000E-005  1.00000E-005  1.00000E-005  1.00000E-005  1.00000E-005  1.00000E-005  1.00000E-005  1.00000E-005  1.00000E-005  1.00000E-005  1.00000E-005  
3.35000E+001  6.96449E-003  2.11685E+017  2.38296E+002  1.94692E+004  1.00000E-040  1.00000E-040  1.00000E-040  1.00000E-040  1.00000E-040  1.00000E-040  1.00000E-040  1.00000E-040  1.00000E-040  1.00000E-040  1.00000E-040  1.00000E-040  1.00000E-040  1.00000E-040  1.78674E-023  1.00000E-040  1.00955E-040  1.19603E-017  2.88032E-007  1.73645E-005  2.92603E-011  1.68894E-010  3.17864E-001  5.39686E-009  2.83264E-004  8.31061E-021  3.34245E-011  1.00000E-040  1.00000E-040  2.10109E-027  1.19297E-016  3.06432E-007  1.26246E-022  4.20248E-028  4.27335E-036  4.77931E-035  1.00000E-040  1.07740E-019  2.12232E-020  4.27122E-016  4.54484E-012  4.51431E-039  1.00000E-040  1.04663E-011  3.79521E-034  4.16280E-011  1.77004E-022  6.81827E-001  1.39562E-022  6.81962E-020  3.47504E-016  2.14091E-033  1.00000E-040  3.23366E-027  2.02471E-022  5.51058E-009  2.74083E-016  8.76556E-011  4.48893E-016  1.03238E-007  3.98757E-010  7.49771E-006  1.14260E-008  3.12014E-012  7.44048E-015  2.45621E-010  1.04515E-008  6.80324E-011  3.78598E-030  6.01480E-033  1.00000E-040  5.87312E-028  6.96667E-029  7.31189E-021  5.29155E-019  1.57432E-014  4.12633E-022  1.19231E-021  1.00000E-040  1.62976E-039  7.84445E-028  3.19578E-039  2.70250E-025  2.27896E-038  2.62349E-035  4.15848E-023  4.49286E-018  6.03108E-029  6.64870E-032  8.49137E-025  1.04602E-016  6.98485E-017  8.37588E-014  1.09795E-027  2.17235E-016  1.00000E-040  3.07807E-016  3.06234E-037  4.10206E-023  3.23585E-030  3.28163E-023  1.19690E-024  2.80623E-013  2.08044E-022  1.15675E-016  6.58551E-030  1.56147E-014  1.00000E-040  4.22999E-035  1.36733E-021  1.00000E-040  9.86079E-026  4.82693E-012  2.41550E-037  1.00000E-003  1.00000E-005  1.00000E-005  1.00000E-005  1.00000E-005  1.00000E-005  1.00000E-005  1.00000E-005  1.00000E-005  1.00000E-005  1.00000E-005  1.00000E-005  1.00000E-005  1.00000E-005  1.00000E-005  1.00000E-005  
3.45000E+001  6.03557E-003  1.81528E+017  2.40820E+002  2.14942E+004  1.00000E-040  1.00000E-040  1.00000E-040  1.00000E-040  1.00000E-040  1.00000E-040  1.00000E-040  1.00000E-040  1.00000E-040  1.00000E-040  1.00000E-040  1.00000E-040  1.00000E-040  1.00000E-040  1.80371E-023  1.00000E-040  1.00994E-040  2.28549E-017  2.71839E-007  1.74270E-005  3.96561E-011  2.48937E-010  3.17858E-001  5.36625E-009  2.83261E-004  1.14406E-020  3.49941E-011  1.00000E-040  1.00000E-040  4.62824E-027  1.88428E-016  2.81154E-007  1.49638E-022  2.08130E-028  1.00000E-040  1.00000E-040  1.00000E-040  9.06114E-020  2.34737E-020  5.01661E-016  4.00270E-012  9.60966E-039  1.00000E-040  5.96804E-012  6.77955E-034  4.13619E-011  3.11107E-022  6.81833E-001  1.63737E-022  1.32107E-020  5.60723E-017  2.04711E-033  1.70916E-040  5.32867E-027  3.11872E-022  6.97743E-009  2.93477E-016  9.37914E-011  4.55559E-016  9.38672E-008  3.33966E-010  7.30108E-006  1.24750E-008  2.99023E-012  1.14150E-014  2.59770E-010  9.02887E-009  7.30372E-011  3.26645E-030  7.31749E-033  1.00000E-040  5.93269E-028  1.79442E-030  7.31079E-021  8.34538E-019  2.45682E-014  6.75088E-022  2.00980E-021  1.00000E-040  3.42886E-039  7.54684E-028  4.08107E-039  2.85417E-025  4.38226E-038  5.61637E-035  6.29401E-023  4.70421E-018  1.37969E-028  1.33552E-031  4.60358E-025  9.18040E-017  8.71920E-017  7.31287E-014  1.46260E-027  9.85950E-017  1.00000E-040  2.66515E-016  6.07535E-037  6.32675E-023  4.66493E-030  3.28126E-023  1.54706E-024  2.85136E-013  2.06333E-022  1.61302E-016  1.57180E-031  1.53885E-014  1.00000E-040  5.40044E-035  2.28195E-021  1.00000E-040  1.27420E-025  4.10656E-012  3.50943E-037  1.00000E-003  1.00000E-005  1.00000E-005  1.00000E-005  1.00000E-005  1.00000E-005  1.00000E-005  1.00000E-005  1.00000E-005  1.00000E-005  1.00000E-005  1.00000E-005  1.00000E-005  1.00000E-005  1.00000E-005  1.00000E-005  
3.55000E+001  5.23880E-003  1.55852E+017  2.43465E+002  2.36775E+004  1.00000E-040  1.00000E-040  1.00000E-040  1.00000E-040  1.00000E-040  1.00000E-040  1.00000E-040  1.00000E-040  1.00000E-040  1.00000E-040  1.00000E-040  1.00000E-040  1.00000E-040  1.00000E-040  1.82121E-023  1.00000E-040  1.01035E-040  4.46890E-017  2.55677E-007  1.74873E-005  5.30849E-011  3.64486E-010  3.17852E-001  5.31169E-009  2.83255E-004  1.54393E-020  3.61271E-011  1.00000E-040  1.00000E-040  9.90314E-027  2.92480E-016  2.56773E-007  1.65180E-022  9.01034E-029  1.00000E-040  1.00000E-040  1.00000E-040  7.67691E-020  2.59670E-020  5.46655E-016  3.35327E-012  1.77708E-038  1.00000E-040  3.17534E-012  1.20539E-033  4.11022E-011  5.16964E-022  6.81840E-001  1.90070E-022  2.31844E-021  8.35822E-018  1.90466E-033  3.98339E-040  8.60251E-027  4.72614E-022  8.66253E-009  3.04210E-016  9.94903E-011  4.58039E-016  8.50927E-008  2.76169E-010  7.02941E-006  1.31834E-008  2.81375E-012  1.64532E-014  2.69410E-010  7.61970E-009  7.64400E-011  2.82886E-030  8.84457E-033  1.00000E-040  5.89799E-028  3.85244E-032  7.30964E-021  1.31023E-018  3.77503E-014  1.09537E-021  3.36109E-021  1.00000E-040  7.06310E-039  7.25558E-028  5.45110E-039  2.99842E-025  7.72414E-038  1.16969E-034  9.44153E-023  4.92431E-018  3.06883E-028  2.60729E-031  2.40921E-025  7.65063E-017  1.06833E-016  6.28129E-014  2.01900E-027  4.38591E-017  1.00000E-040  2.26519E-016  1.15556E-036  9.64112E-023  6.50144E-030  3.28085E-023  1.93703E-024  2.88404E-013  1.91655E-022  2.20822E-016  3.10326E-033  1.51503E-014  1.00000E-040  7.09933E-035  3.70809E-021  1.00000E-040  1.68987E-025  3.46692E-012  5.01402E-037  1.00000E-003  1.00000E-005  1.00000E-005  1.00000E-005  1.00000E-005  1.00000E-005  1.00000E-005  1.00000E-005  1.00000E-005  1.00000E-005  1.00000E-005  1.00000E-005  1.00000E-005  1.00000E-005  1.00000E-005  1.00000E-005  
3.65000E+001  4.55445E-003  1.34011E+017  2.46157E+002  2.67395E+004  1.00000E-040  1.00000E-040  1.00000E-040  1.00000E-040  1.00000E-040  1.00000E-040  1.00000E-040  1.00000E-040  1.00000E-040  1.00000E-040  1.00000E-040  1.00000E-040  1.00000E-040  1.00000E-040  1.83879E-023  1.00000E-040  1.01078E-040  8.93079E-017  2.39868E-007  1.75443E-005  7.02415E-011  5.31191E-010  3.17845E-001  5.23529E-009  2.83247E-004  2.04528E-020  3.68326E-011  1.00000E-040  1.00000E-040  2.05632E-026  4.45760E-016  2.33678E-007  1.72671E-022  3.46193E-029  1.00000E-040  1.00000E-040  1.00000E-040  6.60142E-020  2.88786E-020  5.61427E-016  2.71091E-012  2.90438E-038  1.00000E-040  1.58401E-012  2.11679E-033  4.08514E-011  8.16974E-022  6.81847E-001  2.18456E-022  3.93862E-022  1.18460E-018  1.72940E-033  8.68255E-040  1.34020E-026  6.95929E-022  1.05336E-008  3.04923E-016  1.04905E-010  4.56474E-016  7.70503E-008  2.27281E-010  6.71998E-006  1.34973E-008  2.60870E-012  2.23839E-014  2.73998E-010  6.29916E-009  7.86315E-011  2.46026E-030  1.06343E-032  1.00000E-040  5.80309E-028  7.55415E-034  7.30845E-021  2.03469E-018  5.70066E-014  1.75048E-021  5.53607E-021  1.00000E-040  1.39273E-038  6.97615E-028  7.56754E-039  3.14389E-025  1.26646E-037  2.34068E-034  1.39138E-022  5.14052E-018  6.62298E-028  4.92584E-031  1.23374E-025  6.13762E-017  1.28723E-016  5.32153E-014  2.84792E-027  1.92960E-017  1.00000E-040  1.90818E-016  2.08130E-036  1.44038E-022  8.61754E-030  3.28037E-023  2.31992E-024  2.90033E-013  1.69632E-022  2.97793E-016  5.53852E-035  1.49029E-014  1.00000E-040  9.58270E-035  5.85953E-021  1.00000E-040  2.28666E-025  2.91043E-012  7.00149E-037  1.00000E-003  1.00000E-005  1.00000E-005  1.00000E-005  1.00000E-005  1.00000E-005  1.00000E-005  1.00000E-005  1.00000E-005  1.00000E-005  1.00000E-005  1.00000E-005  1.00000E-005  1.00000E-005  1.00000E-005  1.00000E-005  
3.75000E+001  3.96573E-003  1.15430E+017  2.48840E+002  2.97405E+004  1.00000E-040  1.00000E-040  1.00000E-040  1.00000E-040  1.00000E-040  1.00000E-040  1.00000E-040  1.00000E-040  1.00000E-040  1.00000E-040  1.00000E-040  1.00000E-040  1.00000E-040  1.00000E-040  1.85612E-023  1.00000E-040  1.01121E-040  1.82131E-016  2.24618E-007  1.75976E-005  9.20889E-011  7.72134E-010  3.17838E-001  5.13883E-009  2.83236E-004  2.66752E-020  3.71437E-011  1.00000E-040  1.58922E-040  4.15470E-026  6.67671E-016  2.12054E-007  1.74841E-022  1.20823E-029  1.85369E-037  2.05980E-036  1.00000E-040  5.82159E-020  3.26293E-020  5.55256E-016  2.15654E-012  4.32730E-038  1.00000E-040  7.44969E-013  3.65852E-033  4.06098E-011  1.23516E-021  6.81854E-001  2.49320E-022  8.65544E-023  1.63379E-019  1.53610E-033  1.76183E-039  1.99844E-026  9.89454E-022  1.25524E-008  2.96009E-016  1.10147E-010  4.51920E-016  6.97768E-008  1.86955E-010  6.39744E-006  1.34052E-008  2.38854E-012  2.90487E-014  2.73635E-010  5.11648E-009  7.99804E-011  2.15027E-030  1.27625E-032  1.00000E-040  5.68682E-028  1.93379E-035  7.30722E-021  3.11572E-018  8.46478E-014  2.74718E-021  8.95010E-021  1.00000E-040  2.59612E-038  6.71141E-028  1.08668E-038  3.29996E-025  1.97610E-037  4.48026E-034  2.00702E-022  5.33681E-018  1.38947E-027  8.90490E-031  6.25294E-026  4.83181E-017  1.52957E-016  4.45966E-014  4.05697E-027  8.44983E-018  1.00000E-040  1.60701E-016  3.53466E-036  2.10438E-022  1.07797E-029  3.27979E-023  2.64473E-024  2.89518E-013  1.46459E-022  3.97279E-016  1.26684E-036  1.46479E-014  1.00000E-040  1.32340E-034  9.02679E-021  1.00000E-040  3.13931E-025  2.43259E-012  9.49387E-037  1.00000E-003  1.00000E-005  1.00000E-005  1.00000E-005  1.00000E-005  1.00000E-005  1.00000E-005  1.00000E-005  1.00000E-005  1.00000E-005  1.00000E-005  1.00000E-005  1.00000E-005  1.00000E-005  1.00000E-005  1.00000E-005  
3.85000E+001  3.45840E-003  9.95916E+016  2.51518E+002  3.29242E+004  1.00000E-040  1.00000E-040  1.00000E-040  1.00000E-040  1.00000E-040  1.00000E-040  1.00000E-040  1.00000E-040  1.00000E-040  1.00000E-040  1.00000E-040  1.00000E-040  1.00000E-040  1.00000E-040  1.87324E-023  1.00000E-040  1.01167E-040  3.78715E-016  2.09900E-007  1.76473E-005  1.20008E-010  1.12168E-009  3.17831E-001  5.02319E-009  2.83223E-004  3.43736E-020  3.70885E-011  1.00000E-040  4.48357E-040  8.21685E-026  9.85451E-016  1.91737E-007  1.75781E-022  3.90830E-030  1.00000E-040  1.00000E-040  1.00000E-040  5.30516E-020  3.78097E-020  5.40892E-016  1.72476E-012  6.10320E-038  1.00000E-040  3.29376E-013  6.24682E-033  4.03744E-011  1.79432E-021  6.81862E-001  2.83648E-022  4.90271E-023  2.21056E-020  1.33674E-033  3.34244E-039  2.85388E-026  1.36066E-021  1.46870E-008  2.79012E-016  1.15202E-010  4.46000E-016  6.31803E-008  1.53651E-010  6.06934E-006  1.29331E-008  2.16236E-012  3.64934E-014  2.68822E-010  4.08871E-009  8.07807E-011  1.88880E-030  1.53526E-032  1.00000E-040  5.57733E-028  2.73911E-036  7.30594E-021  4.71448E-018  1.24140E-013  4.24669E-021  1.42413E-020  1.18787E-040  4.58848E-038  6.45980E-028  1.61308E-038  3.47377E-025  3.01671E-037  8.24366E-034  2.84341E-022  5.48306E-018  2.85089E-027  1.53695E-030  3.13051E-026  3.79335E-017  1.79669E-016  3.70090E-014  5.80127E-027  3.66515E-018  1.00000E-040  1.35630E-016  5.68186E-036  3.01916E-022  1.27505E-029  3.27903E-023  2.87973E-024  2.86174E-013  1.26463E-022  5.26253E-016  1.57568E-037  1.43833E-014  1.00000E-040  1.86450E-034  1.36408E-020  1.00000E-040  4.35558E-025  2.02137E-012  1.24755E-036  1.00000E-003  1.00000E-005  1.00000E-005  1.00000E-005  1.00000E-005  1.00000E-005  1.00000E-005  1.00000E-005  1.00000E-005  1.00000E-005  1.00000E-005  1.00000E-005  1.00000E-005  1.00000E-005  1.00000E-005  1.00000E-005  
3.95000E+001  3.02051E-003  8.60568E+016  2.54221E+002  3.69865E+004  1.00000E-040  1.00000E-040  1.00000E-040  1.00000E-040  1.00000E-040  1.00000E-040  1.00000E-040  1.00000E-040  1.00000E-040  1.00000E-040  1.00000E-040  1.00000E-040  1.00000E-040  1.00000E-040  1.89035E-023  1.00000E-040  1.01214E-040  8.02877E-016  1.95903E-007  1.76931E-005  1.55938E-010  1.63240E-009  3.17824E-001  4.89227E-009  2.83208E-004  4.39919E-020  3.67565E-011  1.00000E-040  1.27881E-039  1.60392E-025  1.44021E-015  1.72868E-007  1.81255E-022  1.22039E-030  1.02608E-037  1.13804E-036  1.00000E-040  5.07236E-020  4.57226E-020  5.34114E-016  1.42671E-012  8.52762E-038  1.00000E-040  1.37827E-013  1.06044E-032  4.01457E-011  2.51089E-021  6.81869E-001  3.23035E-022  5.69270E-023  3.01360E-021  1.14094E-033  5.92636E-039  3.88836E-026  1.80401E-021  1.68926E-008  2.56057E-016  1.20103E-010  4.40364E-016  5.72608E-008  1.26193E-010  5.74013E-006  1.21241E-008  1.93830E-012  4.50337E-014  2.59986E-010  3.21853E-009  8.12206E-011  1.67165E-030  1.85860E-032  1.00000E-040  5.49723E-028  2.26950E-036  7.30462E-021  7.02610E-018  1.80188E-013  6.44941E-021  2.22455E-020  1.54168E-040  7.70476E-038  6.22319E-028  2.48076E-038  3.67387E-025  4.67657E-037  1.45841E-033  3.94829E-022  5.56139E-018  5.77072E-027  2.51844E-030  1.55593E-026  3.03740E-017  2.09403E-016  3.04728E-014  8.30998E-027  1.57986E-018  1.00000E-040  1.14690E-016  8.63405E-036  4.24667E-022  1.42196E-029  3.27797E-023  2.98797E-024  2.79881E-013  1.12648E-022  6.94537E-016  1.16056E-037  1.41110E-014  1.00000E-040  2.67379E-034  2.03844E-020  1.00000E-040  6.10954E-025  1.67168E-012  1.57926E-036  1.00000E-003  1.00000E-005  1.00000E-005  1.00000E-005  1.00000E-005  1.00000E-005  1.00000E-005  1.00000E-005  1.00000E-005  1.00000E-005  1.00000E-005  1.00000E-005  1.00000E-005  1.00000E-005  1.00000E-005  1.00000E-005  
4.05000E+001  2.64200E-003  7.44667E+016  2.56973E+002  4.09878E+004  1.00000E-040  1.00000E-040  1.00000E-040  1.00000E-040  1.00000E-040  1.00000E-040  1.00000E-040  1.00000E-040  1.00000E-040  1.00000E-040  1.00000E-040  1.00000E-040  1.00000E-040  1.00000E-040  1.90758E-023  1.00000E-040  1.01263E-040  1.73252E-015  1.82741E-007  1.77347E-005  2.02423E-010  2.38359E-009  3.17816E-001  4.74921E-009  2.83190E-004  5.60979E-020  3.61918E-011  1.00000E-040  3.80729E-039  3.10521E-025  2.08989E-015  1.55471E-007  1.96722E-022  3.82013E-031  1.43332E-037  1.58685E-036  1.00000E-040  5.13461E-020  5.83511E-020  5.47095E-016  1.24896E-012  1.22218E-037  1.00000E-040  5.49147E-014  1.79738E-032  3.99232E-011  3.39563E-021  6.81877E-001  3.69494E-022  7.55078E-023  4.40814E-022  9.56405E-034  9.82825E-039  5.04344E-026  2.30170E-021  1.91196E-008  2.29244E-016  1.24800E-010  4.36012E-016  5.19741E-008  1.03531E-010  5.41392E-006  1.10429E-008  1.72110E-012  5.45651E-014  2.47719E-010  2.49503E-009  8.14293E-011  1.49358E-030  2.26917E-032  1.00000E-040  5.45805E-028  2.58866E-036  7.30325E-021  1.02918E-017  2.59128E-013  9.60360E-021  3.40434E-020  1.96849E-040  1.23078E-037  6.00181E-028  3.96238E-038  3.90781E-025  7.57458E-037  2.48135E-033  5.36641E-022  5.54144E-018  1.15839E-026  3.89893E-030  7.69507E-027  2.52177E-017  2.42610E-016  2.49210E-014  1.19174E-026  6.77534E-019  1.00000E-040  9.71103E-017  1.23950E-035  5.84903E-022  1.49289E-029  3.27640E-023  2.95073E-024  2.70017E-013  1.06087E-022  9.14823E-016  1.17334E-037  1.38321E-014  1.00000E-040  3.89114E-034  3.02623E-020  1.00000E-040  8.65224E-025  1.37658E-012  1.91797E-036  1.00000E-003  1.00000E-005  1.00000E-005  1.00000E-005  1.00000E-005  1.00000E-005  1.00000E-005  1.00000E-005  1.00000E-005  1.00000E-005  1.00000E-005  1.00000E-005  1.00000E-005  1.00000E-005  1.00000E-005  1.00000E-005  
4.15000E+001  2.31434E-003  6.45346E+016  2.59748E+002  4.51719E+004  1.00000E-040  1.00000E-040  1.00000E-040  1.00000E-040  1.00000E-040  1.00000E-040  1.00000E-040  1.00000E-040  1.00000E-040  1.00000E-040  1.00000E-040  1.00000E-040  1.00000E-040  1.00000E-040  1.92480E-023  1.00000E-040  1.01313E-040  3.78471E-015  1.70402E-007  1.77725E-005  2.62462E-010  3.49094E-009  3.17808E-001  4.59424E-009  2.83169E-004  7.11915E-020  3.53396E-011  1.00000E-040  1.21537E-038  5.94445E-025  3.00324E-015  1.39405E-007  2.26718E-022  1.22456E-031  1.00000E-040  1.00000E-040  1.00000E-040  5.48188E-020  7.83740E-020  5.86665E-016  1.16639E-012  1.81638E-037  1.00000E-040  2.07921E-014  3.03315E-032  3.97047E-011  4.50756E-021  6.81885E-001  4.25196E-022  9.98400E-023  8.74009E-023  7.89184E-034  1.52470E-038  6.21316E-026  2.82253E-021  2.13102E-008  2.00269E-016  1.29184E-010  4.32844E-016  4.72230E-008  8.49007E-011  5.09860E-006  9.77162E-009  1.51251E-012  6.40571E-014  2.32766E-010  1.90090E-009  8.14923E-011  1.34793E-030  2.79154E-032  1.00000E-040  5.46001E-028  2.95114E-036  7.30183E-021  1.47989E-017  3.68885E-013  1.39935E-020  5.09212E-020  2.44467E-040  1.85963E-037  5.79346E-028  6.57067E-038  4.18081E-025  1.28942E-036  4.05354E-033  7.12952E-022  5.37600E-018  2.29820E-026  5.66664E-030  3.77182E-027  2.18059E-017  2.78911E-016  2.02439E-014  1.71030E-026  2.87261E-019  1.00000E-040  8.25361E-017  1.67897E-035  7.87695E-022  1.47362E-029  3.27397E-023  2.77353E-024  2.55242E-013  1.06543E-022  1.20213E-015  1.17884E-037  1.35451E-014  1.00000E-040  5.71620E-034  4.45028E-020  1.00000E-040  1.22727E-024  1.12717E-012  2.22718E-036  1.00000E-003  1.00000E-005  1.00000E-005  1.00000E-005  1.00000E-005  1.00000E-005  1.00000E-005  1.00000E-005  1.00000E-005  1.00000E-005  1.00000E-005  1.00000E-005  1.00000E-005  1.00000E-005  1.00000E-005  1.00000E-005  
4.25000E+001  2.03027E-003  5.60141E+016  2.62527E+002  5.04170E+004  1.00000E-040  1.00000E-040  1.00000E-040  1.00000E-040  1.00000E-040  1.00000E-040  1.00000E-040  1.00000E-040  1.00000E-040  1.00000E-040  1.00000E-040  1.00000E-040  1.00000E-040  1.00000E-040  1.94189E-023  1.00000E-040  1.01365E-040  8.30987E-015  1.59052E-007  1.78061E-005  3.39184E-010  5.12323E-009  3.17800E-001  4.42985E-009  2.83146E-004  8.97695E-020  3.41901E-011  1.00000E-040  4.18163E-038  1.11875E-024  4.25917E-015  1.24754E-007  2.75409E-022  4.19591E-032  1.00000E-040  1.00000E-040  1.00000E-040  6.06897E-020  1.08732E-019  6.54740E-016  1.15428E-012  2.77414E-037  1.00000E-040  7.51822E-015  5.07643E-032  3.94907E-011  6.53411E-021  6.81894E-001  4.92564E-022  1.29178E-022  3.75776E-023  6.43043E-034  2.19702E-038  7.20263E-026  3.29889E-021  2.33850E-008  1.70631E-016  1.33323E-010  4.30043E-016  4.29787E-008  6.99262E-011  4.80593E-006  8.40626E-009  1.31631E-012  7.20586E-014  2.15726E-010  1.42091E-009  8.14639E-011  1.23156E-030  3.44352E-032  1.00000E-040  5.48899E-028  3.23879E-036  7.30036E-021  2.07440E-017  5.17330E-013  1.97835E-020  7.38128E-020  2.90339E-040  2.62502E-037  5.59864E-028  1.12947E-037  4.49559E-025  2.28088E-036  6.29010E-033  9.18159E-022  5.04798E-018  4.47933E-026  7.63904E-030  1.84429E-027  1.94234E-017  3.17239E-016  1.63604E-014  2.49783E-026  1.20580E-019  1.00000E-040  7.04032E-017  2.12372E-035  1.02821E-021  1.35520E-029  3.27020E-023  2.46037E-024  2.34914E-013  1.13158E-022  1.57385E-015  1.13254E-037  1.32524E-014  1.00000E-040  8.42534E-034  6.44275E-020  1.00000E-040  1.73346E-024  9.18983E-013  2.45425E-036  1.00000E-003  1.00000E-005  1.00000E-005  1.00000E-005  1.00000E-005  1.00000E-005  1.00000E-005  1.00000E-005  1.00000E-005  1.00000E-005  1.00000E-005  1.00000E-005  1.00000E-005  1.00000E-005  1.00000E-005  1.00000E-005  
4.35000E+001  1.78353E-003  4.87275E+016  2.65108E+002  5.66624E+004  1.00000E-040  1.00000E-040  1.00000E-040  1.00000E-040  1.00000E-040  1.00000E-040  1.00000E-040  1.00000E-040  1.00000E-040  1.00000E-040  1.00000E-040  1.00000E-040  1.00000E-040  1.00000E-040  1.95766E-023  1.00000E-040  1.01419E-040  1.81107E-014  1.48905E-007  1.78351E-005  4.35545E-010  7.50773E-009  3.17792E-001  4.25853E-009  2.83120E-004  1.11876E-019  3.26702E-011  1.00000E-040  1.49699E-037  2.03832E-024  5.89910E-015  1.11665E-007  3.46102E-022  1.72546E-032  1.50183E-038  1.64312E-037  1.00000E-040  6.85150E-020  1.53005E-019  7.53630E-016  1.18985E-012  4.24257E-037  1.00000E-040  2.62399E-015  8.24698E-032  3.92836E-011  1.57066E-020  6.81902E-001  5.74118E-022  1.61229E-022  3.19704E-023  5.20179E-034  2.91153E-038  7.76946E-026  3.63851E-021  2.52691E-008  1.42129E-016  1.37281E-010  4.25835E-016  3.92320E-008  5.82704E-011  4.55041E-006  7.03543E-009  1.13045E-012  7.74575E-014  1.97717E-010  1.04236E-009  8.13811E-011  1.14463E-030  4.24252E-032  1.00000E-040  5.54307E-028  3.34498E-036  7.29886E-021  2.80565E-017  7.08329E-013  2.67900E-020  1.02245E-019  3.23496E-040  3.35142E-037  5.41874E-028  1.99258E-037  4.85722E-025  4.06563E-036  9.13397E-033  1.13191E-021  4.57318E-018  8.42529E-026  9.38760E-030  9.37086E-028  1.76963E-017  3.55494E-016  1.32200E-014  4.05651E-026  5.05107E-020  1.00000E-040  6.12546E-017  2.48859E-035  1.28479E-021  1.15303E-029  3.26443E-023  2.04894E-024  2.08845E-013  1.25080E-022  2.04999E-015  1.01876E-037  1.29591E-014  1.00000E-040  1.23437E-033  9.04467E-020  1.00000E-040  2.40001E-024  7.48630E-013  2.54695E-036  1.00000E-003  1.00000E-005  1.00000E-005  1.00000E-005  1.00000E-005  1.00000E-005  1.00000E-005  1.00000E-005  1.00000E-005  1.00000E-005  1.00000E-005  1.00000E-005  1.00000E-005  1.00000E-005  1.00000E-005  1.00000E-005  
4.45000E+001  1.56878E-003  4.24623E+016  2.67593E+002  6.33601E+004  1.00000E-040  1.00000E-040  1.00000E-040  1.00000E-040  1.00000E-040  1.00000E-040  1.00000E-040  1.00000E-040  1.00000E-040  1.00000E-040  1.00000E-040  1.00000E-040  1.00000E-040  1.00000E-040  1.97269E-023  1.00000E-040  1.01473E-040  3.89210E-014  1.40049E-007  1.78594E-005  5.53384E-010  1.09661E-008  3.17783E-001  4.08439E-009  2.83092E-004  1.37747E-019  3.08666E-011  1.00000E-040  5.38397E-037  3.57764E-024  7.96556E-015  1.00119E-007  4.42185E-022  1.01756E-032  1.00000E-040  1.00000E-040  1.00000E-040  7.63938E-020  2.10324E-019  8.77877E-016  1.25572E-012  6.36505E-037  1.00000E-040  8.89704E-016  1.30858E-031  3.90840E-011  7.22849E-020  6.81911E-001  6.73338E-022  1.95608E-022  3.53662E-023  4.19281E-034  3.52810E-038  7.73672E-026  3.75419E-021  2.68972E-008  1.15828E-016  1.41354E-010  4.19004E-016  3.59337E-008  4.94230E-011  4.32800E-006  5.74548E-009  9.58640E-013  8.01200E-014  1.79074E-010  7.48830E-010  8.12667E-011  1.09055E-030  5.17153E-032  1.00000E-040  5.57016E-028  3.30613E-036  7.29732E-021  3.63478E-017  9.41788E-013  3.44555E-020  1.34339E-019  3.32485E-040  3.87068E-037  5.25314E-028  3.59364E-037  5.25268E-025  7.16750E-036  1.22646E-032  1.32515E-021  4.01139E-018  1.52397E-025  1.04624E-029  5.47923E-028  1.59548E-017  3.90393E-016  1.06948E-014  9.20630E-026  2.12537E-020  1.00000E-040  5.35641E-017  2.66235E-035  1.52322E-021  9.02633E-030  3.25587E-023  1.58252E-024  1.78836E-013  1.40524E-022  2.64949E-015  8.70514E-038  1.26682E-014  1.00000E-040  1.78978E-033  1.22382E-019  1.00000E-040  3.26853E-024  6.10876E-013  2.47811E-036  1.00000E-003  1.00000E-005  1.00000E-005  1.00000E-005  1.00000E-005  1.00000E-005  1.00000E-005  1.00000E-005  1.00000E-005  1.00000E-005  1.00000E-005  1.00000E-005  1.00000E-005  1.00000E-005  1.00000E-005  1.00000E-005  
4.55000E+001  1.38143E-003  3.71182E+016  2.69561E+002  6.89710E+004  1.00000E-040  1.00000E-040  1.00000E-040  1.00000E-040  1.00000E-040  1.00000E-040  1.00000E-040  1.00000E-040  1.00000E-040  1.00000E-040  1.00000E-040  1.00000E-040  1.00000E-040  1.00000E-040  1.98431E-023  1.00000E-040  1.01529E-040  8.10233E-014  1.32424E-007  1.78794E-005  6.93307E-010  1.58521E-008  3.17774E-001  3.90397E-009  2.83061E-004  1.65466E-019  2.85897E-011  1.00000E-040  1.81052E-036  5.88205E-024  1.02692E-014  8.99133E-008  5.67397E-022  8.81986E-033  1.62344E-040  2.01678E-039  1.00000E-040  8.41896E-020  2.82487E-019  1.04159E-015  1.34124E-012  9.11979E-037  1.00000E-040  2.91038E-016  1.94756E-031  3.88893E-011  3.81374E-019  6.81921E-001  7.91831E-022  2.25744E-022  4.29804E-023  3.39196E-034  3.89482E-038  7.08561E-026  3.61033E-021  2.82400E-008  9.30104E-017  1.45543E-010  4.07145E-016  3.29900E-008  4.28951E-011  4.14398E-006  4.58205E-009  7.94873E-013  8.04423E-014  1.61226E-010  5.26928E-010  8.11323E-011  1.07557E-030  6.23636E-032  1.00000E-040  5.58138E-028  3.02459E-036  7.29573E-021  4.47096E-017  1.20264E-012  4.15955E-020  1.65120E-019  3.10085E-040  3.85269E-037  5.09864E-028  6.46839E-037  5.68332E-025  1.20620E-035  1.50593E-032  1.45729E-021  3.40656E-018  2.56495E-025  1.04515E-029  4.56794E-028  1.44229E-017  4.16665E-016  8.70214E-015  2.99358E-025  8.94028E-021  1.00000E-040  4.87373E-017  2.61437E-035  1.69589E-021  6.60040E-030  3.24352E-023  1.14270E-024  1.46268E-013  1.59411E-022  3.39167E-015  6.87284E-038  1.23785E-014  1.00000E-040  2.53603E-033  1.55569E-019  1.00000E-040  4.24218E-024  4.99068E-013  2.25477E-036  1.00000E-003  1.00000E-005  1.00000E-005  1.00000E-005  1.00000E-005  1.00000E-005  1.00000E-005  1.00000E-005  1.00000E-005  1.00000E-005  1.00000E-005  1.00000E-005  1.00000E-005  1.00000E-005  1.00000E-005  1.00000E-005  
4.65000E+001  1.21758E-003  3.25010E+016  2.71341E+002  7.80352E+004  1.00000E-040  1.00000E-040  1.00000E-040  1.00000E-040  1.00000E-040  1.00000E-040  1.00000E-040  1.00000E-040  1.00000E-040  1.00000E-040  1.00000E-040  1.00000E-040  1.00000E-040  1.00000E-040  1.99367E-023  1.00000E-040  1.01587E-040  1.63285E-013  1.26127E-007  1.78951E-005  8.53071E-010  2.26609E-008  3.17765E-001  3.72652E-009  2.83028E-004  1.95029E-019  2.61103E-011  1.00000E-040  5.63618E-036  9.11195E-024  1.27255E-014  8.10627E-008  7.26913E-022  9.08496E-033  9.32561E-039  1.00442E-037  1.00000E-040  8.89722E-020  3.57401E-019  1.23777E-015  1.43910E-012  1.24420E-036  1.00000E-040  9.25029E-017  2.79346E-031  3.87016E-011  1.75906E-018  6.81930E-001  9.34833E-022  2.53706E-022  5.51573E-023  2.76192E-034  3.91593E-038  5.95136E-026  3.21400E-021  2.92754E-008  7.40591E-017  1.50195E-010  3.90130E-016  3.03833E-008  3.80986E-011  3.97601E-006  3.58549E-009  6.45441E-013  7.88641E-014  1.43891E-010  3.62516E-010  8.09858E-011  1.11084E-030  7.36005E-032  1.00000E-040  5.49092E-028  2.67748E-036  7.29410E-021  5.19253E-017  1.47305E-012  4.68982E-020  1.89348E-019  2.59580E-040  3.39502E-037  4.95564E-028  1.15727E-036  6.11031E-025  1.94334E-035  1.67795E-032  1.49961E-021  2.84662E-018  4.05726E-025  9.42496E-030  5.91587E-028  1.25811E-017  4.30510E-016  7.10984E-015  1.05810E-024  3.79839E-021  1.00000E-040  4.45106E-017  2.31903E-035  1.76419E-021  4.60080E-030  3.22674E-023  7.59635E-025  1.14839E-013  1.79251E-022  4.28443E-015  5.21928E-038  1.20955E-014  1.00000E-040  3.51740E-033  1.86446E-019  1.00000E-040  5.36071E-024  4.09838E-013  1.91956E-036  1.00000E-003  1.00000E-005  1.00000E-005  1.00000E-005  1.00000E-005  1.00000E-005  1.00000E-005  1.00000E-005  1.00000E-005  1.00000E-005  1.00000E-005  1.00000E-005  1.00000E-005  1.00000E-005  1.00000E-005  1.00000E-005  
4.75000E+001  1.07395E-003  2.85461E+016  2.72491E+002  8.59767E+004  1.00000E-040  1.00000E-040  1.00000E-040  1.00000E-040  1.00000E-040  1.00000E-040  1.00000E-040  1.00000E-040  1.00000E-040  1.00000E-040  1.00000E-040  1.00000E-040  1.00000E-040  1.00000E-040  1.99615E-023  1.00000E-040  1.01646E-040  3.13886E-013  1.21199E-007  1.79066E-005  1.02915E-009  3.18146E-008  3.17755E-001  3.55517E-009  2.82993E-004  2.23559E-019  2.34063E-011  1.00000E-040  1.54889E-035  1.30137E-023  1.49131E-014  7.35379E-008  9.25459E-022  9.76199E-033  1.00000E-040  1.00000E-040  1.00000E-040  9.15372E-020  4.33012E-019  1.49408E-015  1.54412E-012  1.59359E-036  1.00000E-040  2.89363E-017  3.71155E-031  3.85230E-011  6.98366E-018  6.81940E-001  1.10056E-021  2.72136E-022  7.20554E-023  2.27997E-034  3.60778E-038  4.61494E-026  2.64977E-021  3.00167E-008  5.94482E-017  1.55189E-010  3.66996E-016  2.80934E-008  3.46310E-011  3.82622E-006  2.75777E-009  5.09396E-013  7.59417E-014  1.28139E-010  2.45137E-010  8.08324E-011  1.20499E-030  8.52846E-032  1.00000E-040  5.32625E-028  2.22252E-036  7.29244E-021  5.65034E-017  1.71490E-012  4.89118E-020  2.00323E-019  1.94631E-040  2.54372E-037  4.82435E-028  2.00865E-036  6.52874E-025  2.92660E-035  1.68741E-032  1.43162E-021  2.35728E-018  5.87234E-025  7.67189E-030  9.39496E-028  1.08857E-017  4.29205E-016  5.85968E-015  3.37684E-024  1.65121E-021  1.00000E-040  4.23537E-017  1.89190E-035  1.70110E-021  3.24918E-030  3.20539E-023  4.71459E-025  8.64950E-014  2.00284E-022  5.33336E-015  3.72092E-038  1.18249E-014  1.00000E-040  4.73038E-033  2.06649E-019  1.00000E-040  6.43559E-024  3.39777E-013  1.53917E-036  1.00000E-003  1.00000E-005  1.00000E-005  1.00000E-005  1.00000E-005  1.00000E-005  1.00000E-005  1.00000E-005  1.00000E-005  1.00000E-005  1.00000E-005  1.00000E-005  1.00000E-005  1.00000E-005  1.00000E-005  1.00000E-005  
4.85000E+001  9.47744E-004  2.51105E+016  2.73371E+002  9.43451E+004  1.00000E-040  1.00000E-040  1.00000E-040  1.00000E-040  1.00000E-040  1.00000E-040  1.00000E-040  1.00000E-040  1.00000E-040  1.00000E-040  1.00000E-040  1.00000E-040  1.00000E-040  1.00000E-040  1.98960E-023  1.00000E-040  1.01706E-040  5.77698E-013  1.17537E-007  1.79142E-005  1.21520E-009  4.38698E-008  3.17746E-001  3.39544E-009  2.82955E-004  2.50796E-019  2.07052E-011  1.00000E-040  3.80120E-035  1.73088E-023  1.66693E-014  6.71226E-008  1.17182E-021  1.02690E-032  1.40453E-038  1.48184E-037  1.00000E-040  9.07715E-020  4.96098E-019  1.80975E-015  1.65542E-012  1.92941E-036  1.00000E-040  8.86807E-018  4.71161E-031  3.83516E-011  2.38593E-017  6.81949E-001  1.29445E-021  2.85253E-022  9.52158E-023  1.96540E-034  3.08142E-038  3.33496E-026  2.02939E-021  3.04815E-008  4.86273E-017  1.60642E-010  3.39109E-016  2.60549E-008  3.20029E-011  3.67271E-006  2.09563E-009  3.91746E-013  7.19803E-014  1.13505E-010  1.62451E-010  8.06721E-011  1.36270E-030  9.63035E-032  1.00000E-040  5.02750E-028  1.80438E-036  7.29074E-021  5.77565E-017  1.90539E-012  4.74014E-020  1.96792E-019  1.30967E-040  4.23282E-037  4.70216E-028  3.37592E-036  6.88793E-025  4.16969E-035  1.53889E-032  1.27555E-021  1.96125E-018  7.88991E-025  5.74819E-030  1.54490E-027  9.19109E-018  4.11716E-016  4.84481E-015  9.25558E-024  7.34024E-022  1.00000E-040  4.05195E-017  1.41591E-035  1.52844E-021  2.48338E-030  3.17938E-023  2.71827E-025  6.28831E-014  2.20126E-022  6.52070E-015  2.58942E-038  1.15665E-014  1.00000E-040  6.19788E-033  2.13553E-019  1.00000E-040  7.50196E-024  2.84399E-013  1.16957E-036  1.00000E-003  1.00000E-005  1.00000E-005  1.00000E-005  1.00000E-005  1.00000E-005  1.00000E-005  1.00000E-005  1.00000E-005  1.00000E-005  1.00000E-005  1.00000E-005  1.00000E-005  1.00000E-005  1.00000E-005  1.00000E-005  
4.95000E+001  8.36656E-004  2.21355E+016  2.73763E+002  1.04470E+005  1.00000E-040  1.00000E-040  1.00000E-040  1.00000E-040  1.00000E-040  1.00000E-040  1.00000E-040  1.00000E-040  1.00000E-040  1.00000E-040  1.00000E-040  1.00000E-040  1.00000E-040  1.00000E-040  1.96608E-023  1.00000E-040  1.01769E-040  1.01329E-012  1.15106E-007  1.79183E-005  1.40572E-009  5.92432E-008  3.17736E-001  3.25109E-009  2.82915E-004  2.74672E-019  1.80833E-011  1.00000E-040  8.22182E-035  2.13183E-023  1.76873E-014  6.17277E-008  1.47424E-021  1.06632E-032  3.39842E-039  3.52876E-038  1.00000E-040  8.85352E-020  5.50184E-019  2.21771E-015  1.77113E-012  2.20558E-036  1.00000E-040  2.68997E-018  5.61546E-031  3.81886E-011  7.21142E-017  6.81960E-001  1.51183E-021  2.89671E-022  1.24583E-022  1.00000E-040  2.48529E-038  2.28782E-026  1.45482E-021  3.07042E-008  4.11365E-017  1.66371E-010  3.07596E-016  2.42474E-008  2.99595E-011  3.51798E-006  1.57783E-009  2.93501E-013  6.73815E-014  1.00390E-010  1.06079E-010  8.05065E-011  1.58031E-030  1.06333E-031  1.00000E-040  4.63599E-028  1.41223E-036  7.28899E-021  5.55039E-017  2.01780E-012  4.27289E-020  1.79610E-019  1.00000E-040  1.20969E-033  4.58890E-028  5.43897E-036  7.17890E-025  5.57997E-035  1.28098E-032  1.06234E-021  1.64491E-018  9.76107E-025  4.02859E-030  2.41937E-027  7.79324E-018  3.80568E-016  4.02401E-015  2.18983E-023  3.36658E-022  1.00000E-040  3.97465E-017  9.97701E-036  1.28211E-021  2.12007E-030  3.14942E-023  1.47889E-025  4.42999E-014  2.38904E-022  7.82965E-015  1.74207E-038  1.13245E-014  1.00000E-040  7.89215E-033  2.04868E-019  1.00000E-040  8.41455E-024  2.41011E-013  8.52792E-037  1.00000E-003  1.00000E-005  1.00000E-005  1.00000E-005  1.00000E-005  1.00000E-005  1.00000E-005  1.00000E-005  1.00000E-005  1.00000E-005  1.00000E-005  1.00000E-005  1.00000E-005  1.00000E-005  1.00000E-005  1.00000E-005  
5.05000E+001  7.38693E-004  1.95410E+016  2.73800E+002  1.14473E+005  1.00000E-040  1.00000E-040  1.00000E-040  1.00000E-040  1.00000E-040  1.00000E-040  1.00000E-040  1.00000E-040  1.00000E-040  1.00000E-040  1.00000E-040  1.00000E-040  1.00000E-040  1.00000E-040  1.91821E-023  1.00000E-040  1.01833E-040  1.70253E-012  1.13831E-007  1.79191E-005  1.59563E-009  7.84580E-008  3.17725E-001  3.12660E-009  2.82873E-004  2.95229E-019  1.56743E-011  1.04274E-040  1.59133E-034  2.45612E-023  1.79463E-014  5.72309E-008  1.84396E-021  1.09785E-032  1.00000E-040  1.00000E-040  1.00000E-040  8.55747E-020  5.95973E-019  2.73753E-015  1.89038E-012  2.39933E-036  1.00000E-040  8.15140E-019  6.36901E-031  3.80345E-011  1.95392E-016  6.81970E-001  1.75352E-021  2.87724E-022  1.60330E-022  1.41440E-034  1.93320E-038  1.51983E-026  9.84880E-022  3.07205E-008  3.62235E-017  1.72319E-010  2.74547E-016  2.26458E-008  2.82772E-011  3.35827E-006  1.18132E-009  2.15114E-013  6.24370E-014  8.86269E-011  6.84702E-011  8.03361E-011  1.84755E-030  1.14788E-031  1.00000E-040  4.16986E-028  1.08175E-036  7.28721E-021  5.04840E-017  2.04724E-012  3.61278E-020  1.53686E-019  1.00000E-040  2.08822E-039  4.48396E-028  8.41622E-036  7.38271E-025  7.07567E-035  9.84723E-033  8.34336E-022  1.39772E-018  1.12502E-024  2.70571E-030  3.58282E-027  6.68467E-018  3.40006E-016  3.35248E-015  4.53549E-023  1.60428E-022  1.00000E-040  3.95476E-017  6.73803E-036  1.01292E-021  1.96389E-030  3.11637E-023  7.64407E-026  3.04248E-014  2.55623E-022  9.23558E-015  1.14994E-038  1.11016E-014  1.00000E-040  9.80892E-033  1.84097E-019  1.00000E-040  9.19139E-024  2.07135E-013  6.04818E-037  1.00000E-003  1.00000E-005  1.00000E-005  1.00000E-005  1.00000E-005  1.00000E-005  1.00000E-005  1.00000E-005  1.00000E-005  1.00000E-005  1.00000E-005  1.00000E-005  1.00000E-005  1.00000E-005  1.00000E-005  1.00000E-005  
5.15000E+001  6.52191E-004  1.72711E+016  2.73509E+002  1.24475E+005  1.00000E-040  1.00000E-040  1.00000E-040  1.00000E-040  1.00000E-040  1.00000E-040  1.00000E-040  1.00000E-040  1.00000E-040  1.00000E-040  1.00000E-040  1.00000E-040  1.00000E-040  1.00000E-040  1.83887E-023  1.00000E-040  1.01900E-040  2.75303E-012  1.13621E-007  1.79170E-005  1.78179E-009  1.02058E-007  3.17715E-001  3.02405E-009  2.82828E-004  3.12307E-019  1.35304E-011  3.58644E-040  2.79040E-034  2.66787E-023  1.75006E-014  5.34776E-008  2.29550E-021  1.13280E-032  1.00000E-040  1.00000E-040  1.00000E-040  8.27681E-020  6.38425E-019  3.40403E-015  2.01364E-012  2.50156E-036  1.00000E-040  2.47526E-019  6.90810E-031  3.78883E-011  4.81606E-016  6.81981E-001  2.01734E-021  2.80350E-022  2.01751E-022  3.74171E-034  1.48075E-038  9.97517E-027  6.35787E-022  3.05620E-008  3.31813E-017  1.78385E-010  2.41719E-016  2.12149E-008  2.68256E-011  3.19605E-006  8.81589E-010  1.54822E-013  5.74019E-014  7.81388E-011  4.37873E-011  8.01597E-011  2.15111E-030  1.21452E-031  1.00000E-040  3.66856E-028  8.13177E-037  7.28537E-021  4.37766E-017  2.00003E-012  2.88979E-020  1.24379E-019  1.00000E-040  1.00000E-040  4.38592E-028  1.25405E-035  7.49812E-025  8.55525E-035  7.07906E-033  6.23207E-022  1.20229E-018  1.21789E-024  1.77964E-030  5.02064E-027  5.86737E-018  2.94792E-016  2.80059E-015  8.35789E-023  7.94759E-023  1.00000E-040  3.99161E-017  4.45871E-036  7.60274E-022  1.87922E-030  3.08085E-023  3.79274E-026  2.04649E-014  2.70270E-022  1.07188E-014  7.47475E-039  1.08979E-014  1.00000E-040  1.19357E-032  1.56113E-019  1.00000E-040  9.81865E-024  1.80506E-013  4.21897E-037  1.00000E-003  1.00000E-005  1.00000E-005  1.00000E-005  1.00000E-005  1.00000E-005  1.00000E-005  1.00000E-005  1.00000E-005  1.00000E-005  1.00000E-005  1.00000E-005  1.00000E-005  1.00000E-005  1.00000E-005  1.00000E-005  
5.25000E+001  5.75706E-004  1.52884E+016  2.72745E+002  1.34477E+005  1.00000E-040  1.00000E-040  1.00000E-040  1.00000E-040  1.00000E-040  1.00000E-040  1.00000E-040  1.00000E-040  1.00000E-040  1.00000E-040  1.00000E-040  1.00000E-040  1.00000E-040  1.00000E-040  1.72360E-023  1.00000E-040  1.01969E-040  4.29657E-012  1.14410E-007  1.79122E-005  1.96415E-009  1.30565E-007  3.17704E-001  2.94555E-009  2.82781E-004  3.25046E-019  1.16549E-011  1.00000E-040  4.46145E-034  2.74437E-023  1.64397E-014  5.03435E-008  2.84614E-021  1.18819E-032  7.75358E-039  7.84356E-038  1.00000E-040  8.10279E-020  6.86675E-019  4.28902E-015  2.14135E-012  2.51404E-036  1.00000E-040  7.57140E-020  7.09843E-031  3.77492E-011  1.10102E-015  6.81992E-001  2.28781E-021  2.66121E-022  2.46470E-022  1.00000E-040  1.13934E-038  6.59806E-027  3.95670E-022  3.02561E-008  3.14067E-017  1.84406E-010  2.10262E-016  1.99285E-008  2.55528E-011  3.03982E-006  6.56276E-010  1.09791E-013  5.25064E-014  6.89494E-011  2.78499E-011  7.99760E-011  2.47743E-030  1.26667E-031  1.00000E-040  3.18240E-028  5.91301E-037  7.28346E-021  3.64665E-017  1.88978E-012  2.20478E-020  9.60049E-020  1.00000E-040  1.00000E-040  4.29376E-028  1.80445E-035  7.54712E-025  9.88372E-035  4.82129E-033  4.45998E-022  1.03823E-018  1.24177E-024  1.16655E-030  6.60699E-027  5.35175E-018  2.49654E-016  2.35063E-015  1.39628E-022  4.09362E-023  1.00000E-040  4.15155E-017  2.97237E-036  5.46262E-022  1.78728E-030  3.04338E-023  1.83539E-026  1.35400E-014  2.84229E-022  1.22775E-014  4.72867E-039  1.07136E-014  1.00000E-040  1.42327E-032  1.25548E-019  1.00000E-040  1.01978E-023  1.59448E-013  2.92490E-037  1.00000E-003  1.00000E-005  1.00000E-005  1.00000E-005  1.00000E-005  1.00000E-005  1.00000E-005  1.00000E-005  1.00000E-005  1.00000E-005  1.00000E-005  1.00000E-005  1.00000E-005  1.00000E-005  1.00000E-005  1.00000E-005  
5.35000E+001  5.08019E-004  1.35353E+016  2.71850E+002  1.44478E+005  1.00000E-040  1.00000E-040  1.00000E-040  1.00000E-040  1.00000E-040  1.00000E-040  1.00000E-040  1.00000E-040  1.00000E-040  1.00000E-040  1.00000E-040  1.00000E-040  1.00000E-040  1.00000E-040  1.57549E-023  1.00000E-040  1.02042E-040  6.54355E-012  1.16144E-007  1.79050E-005  2.14123E-009  1.65036E-007  3.17692E-001  2.89658E-009  2.82730E-004  3.35930E-019  1.00720E-011  7.66393E-040  6.70673E-034  2.72183E-023  1.50736E-014  4.77221E-008  3.52042E-021  1.25292E-032  1.00000E-040  1.00000E-040  1.00000E-040  7.96339E-020  7.35656E-019  5.41220E-015  2.27430E-012  2.46213E-036  1.00000E-040  2.33976E-020  7.12933E-031  3.76163E-011  2.33090E-015  6.82004E-001  2.58191E-021  2.50783E-022  2.94830E-022  4.95910E-034  8.87325E-039  4.42358E-027  2.38994E-022  2.98235E-008  3.04289E-017  1.90474E-010  1.81560E-016  1.87654E-008  2.43724E-011  2.88397E-006  4.88310E-010  7.69880E-014  4.78348E-014  6.06985E-011  1.76153E-011  7.97838E-011  2.81567E-030  1.30007E-031  1.00000E-040  2.71173E-028  4.28301E-037  7.28147E-021  2.94578E-017  1.74070E-012  1.62288E-020  7.15195E-020  1.00000E-040  1.00000E-040  4.20663E-028  2.52924E-035  7.51755E-025  1.10943E-034  3.14783E-033  3.09396E-022  9.06263E-019  1.21880E-024  7.72040E-031  8.41483E-027  4.99744E-018  2.07084E-016  1.97806E-015  2.13296E-022  2.19144E-023  1.00000E-040  4.33120E-017  1.99147E-036  3.80158E-022  1.70366E-030  3.00435E-023  8.64174E-027  8.84733E-015  2.95909E-022  1.38940E-014  2.98567E-039  1.05482E-014  1.00000E-040  1.67590E-032  9.72088E-020  1.00000E-040  1.05279E-023  1.42686E-013  2.03017E-037  1.00000E-003  1.00000E-005  1.00000E-005  1.00000E-005  1.00000E-005  1.00000E-005  1.00000E-005  1.00000E-005  1.00000E-005  1.00000E-005  1.00000E-005  1.00000E-005  1.00000E-005  1.00000E-005  1.00000E-005  1.00000E-005  
5.45000E+001  4.48068E-004  1.20015E+016  2.70412E+002  1.54480E+005  1.00000E-040  1.00000E-040  1.00000E-040  1.00000E-040  1.00000E-040  1.00000E-040  1.00000E-040  1.00000E-040  1.00000E-040  1.00000E-040  1.00000E-040  1.00000E-040  1.00000E-040  1.00000E-040  1.39986E-023  1.00000E-040  1.02119E-040  9.70471E-012  1.18789E-007  1.78955E-005  2.31752E-009  2.06045E-007  3.17680E-001  2.88155E-009  2.82677E-004  3.42553E-019  8.72082E-012  2.49335E-040  9.40676E-034  2.59403E-023  1.34425E-014  4.55267E-008  4.34475E-021  1.35511E-032  6.78431E-039  6.74482E-038  1.00000E-040  7.97151E-020  8.00377E-019  6.94142E-015  2.41304E-012  2.35517E-036  1.00000E-040  7.34657E-021  6.77219E-031  3.74886E-011  4.69015E-015  6.82017E-001  2.85570E-021  2.29452E-022  3.41548E-022  1.29533E-034  7.06394E-039  3.03870E-027  1.41773E-022  2.92818E-008  2.98881E-017  1.96323E-010  1.55435E-016  1.77087E-008  2.33164E-011  2.74285E-006  3.62605E-010  5.34895E-014  4.35290E-014  5.35482E-011  1.11267E-011  7.95817E-011  3.15820E-030  1.32542E-031  1.00000E-040  2.30214E-028  2.96967E-037  7.27936E-021  2.32383E-017  1.56719E-012  1.15998E-020  5.17584E-020  1.00000E-040  1.63730E-039  4.12388E-028  3.45699E-035  7.45878E-025  1.20273E-034  1.99351E-033  2.08984E-022  7.84567E-019  1.14214E-024  5.17124E-031  1.00932E-026  4.88139E-018  1.69734E-016  1.67724E-015  3.04031E-022  1.21755E-023  1.00000E-040  4.70919E-017  1.37813E-036  2.57441E-022  1.60181E-030  2.96401E-023  4.05481E-027  5.73028E-015  3.08786E-022  1.56007E-014  1.81856E-039  1.04013E-014  1.00000E-040  1.94219E-032  7.24064E-020  1.00000E-040  1.05595E-023  1.29262E-013  1.41888E-037  1.00000E-003  1.00000E-005  1.00000E-005  1.00000E-005  1.00000E-005  1.00000E-005  1.00000E-005  1.00000E-005  1.00000E-005  1.00000E-005  1.00000E-005  1.00000E-005  1.00000E-005  1.00000E-005  1.00000E-005  1.00000E-005  
5.55000E+001  3.94942E-004  1.06356E+016  2.68960E+002  1.64481E+005  1.00000E-040  1.00000E-040  1.00000E-040  1.00000E-040  1.00000E-040  1.00000E-040  1.00000E-040  1.00000E-040  1.00000E-040  1.00000E-040  1.00000E-040  1.00000E-040  1.00000E-040  1.00000E-040  1.20903E-023  1.00000E-040  1.02201E-040  1.41974E-011  1.22325E-007  1.78837E-005  2.49112E-009  2.55451E-007  3.17666E-001  2.91092E-009  2.82619E-004  3.48900E-019  7.60093E-012  1.53502E-040  1.27568E-033  2.42363E-023  1.18366E-014  4.36833E-008  5.35992E-021  1.46969E-032  1.00000E-040  1.00000E-040  1.00000E-040  7.98933E-020  8.67686E-019  8.88385E-015  2.55858E-012  2.22270E-036  1.00000E-040  2.34775E-021  6.37321E-031  3.73651E-011  8.86378E-015  6.82030E-001  3.15305E-021  2.09757E-022  3.89280E-022  6.44562E-035  5.69309E-039  2.11280E-027  8.28241E-023  2.86432E-008  2.95849E-017  2.02194E-010  1.32776E-016  1.67442E-008  2.23065E-011  2.60423E-006  2.69206E-010  3.68723E-014  3.95572E-014  4.70920E-011  7.00224E-012  7.93682E-011  3.50066E-030  1.33558E-031  1.00000E-040  1.92883E-028  2.06382E-037  7.27714E-021  1.80488E-017  1.38919E-012  8.13399E-021  3.67692E-020  1.00000E-040  6.04209E-040  4.04492E-028  4.64768E-035  7.34228E-025  1.28445E-034  1.23460E-033  1.39017E-022  6.84628E-019  1.04890E-024  3.50133E-031  1.19097E-026  4.84816E-018  1.37316E-016  1.42684E-015  4.04669E-022  7.01156E-024  1.00000E-040  5.11624E-017  9.58143E-037  1.71602E-022  1.53429E-030  2.92252E-023  1.87267E-027  3.68526E-015  3.19739E-022  1.73750E-014  1.11096E-039  1.02718E-014  1.00000E-040  2.23606E-032  5.27096E-020  1.00000E-040  1.06257E-023  1.18443E-013  1.00028E-037  1.00000E-003  1.00000E-005  1.00000E-005  1.00000E-005  1.00000E-005  1.00000E-005  1.00000E-005  1.00000E-005  1.00000E-005  1.00000E-005  1.00000E-005  1.00000E-005  1.00000E-005  1.00000E-005  1.00000E-005  1.00000E-005  
5.65000E+001  3.47854E-004  9.43452E+015  2.67051E+002  1.74482E+005  1.00000E-040  1.00000E-040  1.00000E-040  1.00000E-040  1.00000E-040  1.00000E-040  1.00000E-040  1.00000E-040  1.00000E-040  1.00000E-040  1.00000E-040  1.00000E-040  1.00000E-040  1.00000E-040  1.01395E-023  1.00000E-040  1.02288E-040  2.04053E-011  1.26746E-007  1.78697E-005  2.66798E-009  3.14143E-007  3.17652E-001  2.99557E-009  2.82557E-004  3.52119E-019  6.65132E-012  1.00000E-040  1.65189E-033  2.20658E-023  1.02373E-014  4.21317E-008  6.61024E-021  1.62835E-032  1.00000E-040  1.00000E-040  1.00000E-040  8.12076E-020  9.53585E-019  1.15166E-014  2.71159E-012  2.07143E-036  1.00000E-040  7.67001E-022  5.72558E-031  3.72447E-011  1.61252E-014  6.82044E-001  3.41357E-021  1.86908E-022  4.31704E-022  1.00000E-040  4.65969E-039  1.49337E-027  4.81379E-023  2.79179E-008  2.93251E-017  2.07810E-010  1.12777E-016  1.58603E-008  2.13872E-011  2.48063E-006  1.99391E-010  2.52536E-014  3.59759E-014  4.14644E-011  4.40381E-012  7.91418E-011  3.84085E-030  1.34173E-031  1.00000E-040  1.61652E-028  1.37766E-037  7.27478E-021  1.38807E-017  1.21423E-012  5.62319E-021  2.57733E-020  1.00000E-040  2.13634E-040  3.96928E-028  6.14860E-035  7.21672E-025  1.34060E-034  7.54558E-034  9.13000E-023  5.89744E-019  9.33342E-025  2.38462E-031  1.33949E-026  4.99071E-018  1.10558E-016  1.22389E-015  5.12011E-022  4.17601E-024  1.00000E-040  5.77105E-017  6.83738E-037  1.12881E-022  1.47390E-030  2.87999E-023  8.71242E-028  2.36073E-015  3.32645E-022  1.92668E-014  6.56269E-040  1.01587E-014  1.00000E-040  2.54598E-032  3.73879E-020  1.00000E-040  1.04500E-023  1.09671E-013  7.12178E-038  1.00000E-003  1.00000E-005  1.00000E-005  1.00000E-005  1.00000E-005  1.00000E-005  1.00000E-005  1.00000E-005  1.00000E-005  1.00000E-005  1.00000E-005  1.00000E-005  1.00000E-005  1.00000E-005  1.00000E-005  1.00000E-005  
5.75000E+001  3.06106E-004  8.36525E+015  2.65039E+002  1.84483E+005  1.00000E-040  1.00000E-040  1.00000E-040  1.00000E-040  1.00000E-040  1.00000E-040  1.00000E-040  1.00000E-040  1.00000E-040  1.00000E-040  1.00000E-040  1.00000E-040  1.00000E-040  1.00000E-040  8.26436E-024  1.00000E-040  1.02381E-040  2.90582E-011  1.32059E-007  1.78536E-005  2.84716E-009  3.84563E-007  3.17637E-001  3.15353E-009  2.82491E-004  3.54946E-019  5.85585E-012  1.00000E-040  2.08995E-033  1.98250E-023  8.77932E-015  4.08214E-008  8.16077E-021  1.81422E-032  1.00000E-040  1.00000E-040  1.00000E-040  8.26966E-020  1.04814E-018  1.49351E-014  2.87312E-012  1.91794E-036  1.00000E-040  2.56610E-022  5.06508E-031  3.71262E-011  2.80343E-014  6.82059E-001  3.67300E-021  1.65478E-022  4.71019E-022  1.00000E-040  3.83690E-039  1.06089E-027  2.78922E-023  2.71142E-008  2.90484E-017  2.13347E-010  9.57432E-017  1.50474E-008  2.05121E-011  2.36323E-006  1.47449E-010  1.71838E-014  3.27349E-014  3.64246E-011  2.76279E-012  7.89008E-011  4.17810E-030  1.33961E-031  1.00000E-040  1.34628E-028  9.10356E-038  7.27226E-021  1.06322E-017  1.05113E-012  3.85987E-021  1.79510E-020  1.00000E-040  1.00000E-040  3.89658E-028  8.04627E-035  7.06258E-025  1.38470E-034  4.57631E-034  5.96737E-023  5.07589E-019  8.18269E-025  1.62719E-031  1.47833E-026  5.21863E-018  8.84504E-017  1.05495E-015  6.16207E-022  2.56764E-024  1.00000E-040  6.58411E-017  4.89888E-037  7.38713E-023  1.44481E-030  2.83647E-023  4.04939E-028  1.50691E-015  3.45297E-022  2.12648E-014  3.84473E-040  1.00606E-014  1.00000E-040  2.88454E-032  2.60903E-020  1.00000E-040  1.02587E-023  1.02521E-013  5.11737E-038  1.00000E-003  1.00000E-005  1.00000E-005  1.00000E-005  1.00000E-005  1.00000E-005  1.00000E-005  1.00000E-005  1.00000E-005  1.00000E-005  1.00000E-005  1.00000E-005  1.00000E-005  1.00000E-005  1.00000E-005  1.00000E-005  
5.85000E+001  2.69107E-004  7.41463E+015  2.62877E+002  1.94484E+005  1.00000E-040  1.00000E-040  1.00000E-040  1.00000E-040  1.00000E-040  1.00000E-040  1.00000E-040  1.00000E-040  1.00000E-040  1.00000E-040  1.00000E-040  1.00000E-040  1.00000E-040  1.00000E-040  6.55255E-024  1.00000E-040  1.02481E-040  4.10491E-011  1.38288E-007  1.78352E-005  3.03107E-009  4.68954E-007  3.17621E-001  3.40802E-009  2.82419E-004  3.57187E-019  5.18319E-012  3.82071E-040  2.59039E-033  1.76080E-023  7.47350E-015  3.97105E-008  1.00916E-020  2.03523E-032  2.50578E-038  2.40211E-037  1.00000E-040  8.43845E-020  1.15365E-018  1.93945E-014  3.04416E-012  1.76840E-036  1.00000E-040  8.80666E-023  4.39582E-031  3.70083E-011  4.69151E-014  6.82076E-001  3.91919E-021  1.45122E-022  5.05064E-022  8.83388E-035  3.17424E-039  7.56191E-028  1.61908E-023  2.62394E-008  2.86936E-017  2.18765E-010  8.13415E-017  1.42971E-008  1.96845E-011  2.25332E-006  1.08797E-010  1.16216E-014  2.98176E-014  3.19349E-011  1.72900E-012  7.86434E-011  4.51265E-030  1.33205E-031  1.00000E-040  1.11715E-028  5.92114E-038  7.26955E-021  8.14780E-018  9.02971E-013  2.64306E-021  1.24822E-020  1.00000E-040  1.00000E-040  3.82645E-028  1.04349E-034  6.89150E-025  1.41670E-034  2.76968E-034  3.89719E-023  4.34895E-019  7.07593E-025  1.10949E-031  1.59710E-026  5.53946E-018  7.04813E-017  9.14178E-016  7.10563E-022  1.62600E-024  1.00000E-040  7.65901E-017  3.52808E-037  4.82910E-023  1.43858E-030  2.79199E-023  1.89220E-028  9.59681E-016  3.58469E-022  2.33897E-014  2.22261E-040  9.97596E-015  1.00000E-040  3.25288E-032  1.79487E-020  1.00000E-040  1.00205E-023  9.66585E-014  3.70973E-038  1.00000E-003  1.00000E-005  1.00000E-005  1.00000E-005  1.00000E-005  1.00000E-005  1.00000E-005  1.00000E-005  1.00000E-005  1.00000E-005  1.00000E-005  1.00000E-005  1.00000E-005  1.00000E-005  1.00000E-005  1.00000E-005  
5.95000E+001  2.36315E-004  6.57555E+015  2.60301E+002  2.04485E+005  1.00000E-040  1.00000E-040  1.00000E-040  1.00000E-040  1.00000E-040  1.00000E-040  1.00000E-040  1.00000E-040  1.00000E-040  1.00000E-040  1.00000E-040  1.00000E-040  1.00000E-040  1.00000E-040  5.05582E-024  1.00000E-040  1.02588E-040  5.73947E-011  1.45463E-007  1.78146E-005  3.22537E-009  5.69396E-007  3.17604E-001  3.78988E-009  2.82342E-004  3.56999E-019  4.60410E-012  4.25456E-040  3.12095E-033  1.53993E-023  6.29429E-015  3.87650E-008  1.25052E-020  2.31664E-032  1.00000E-040  1.00000E-040  1.00000E-040  8.67354E-020  1.28063E-018  2.53868E-014  3.22546E-012  1.62477E-036  1.00000E-040  3.11161E-023  3.65383E-031  3.68898E-011  7.67472E-014  6.82093E-001  4.09335E-021  1.24058E-022  5.28507E-022  8.13809E-035  2.65272E-039  5.43993E-028  9.47049E-024  2.53010E-008  2.81969E-017  2.23895E-010  6.88131E-017  1.36027E-008  1.89296E-011  2.15688E-006  7.99595E-011  7.81925E-015  2.72172E-014  2.80127E-011  1.08134E-012  7.83677E-011  4.84548E-030  1.32626E-031  1.00000E-040  9.31252E-029  3.68676E-038  7.26665E-021  6.27140E-018  7.70249E-013  1.81142E-021  8.69798E-021  1.00000E-040  1.00000E-040  3.75860E-028  1.34298E-034  6.73159E-025  1.42877E-034  1.68148E-034  2.54643E-023  3.65608E-019  5.99090E-025  7.55901E-032  1.65460E-026  6.01317E-018  5.62123E-017  7.98454E-016  7.93659E-022  1.05811E-024  1.00000E-040  9.25290E-017  2.59682E-037  3.15736E-023  1.43295E-030  2.74657E-023  9.01102E-029  6.10715E-016  3.75023E-022  2.57020E-014  1.23727E-040  9.90350E-015  1.00000E-040  3.64108E-032  1.21380E-020  1.00000E-040  9.57369E-024  9.18305E-014  2.71636E-038  1.00000E-003  1.00000E-005  1.00000E-005  1.00000E-005  1.00000E-005  1.00000E-005  1.00000E-005  1.00000E-005  1.00000E-005  1.00000E-005  1.00000E-005  1.00000E-005  1.00000E-005  1.00000E-005  1.00000E-005  1.00000E-005  
6.05000E+001  2.07257E-004  5.82530E+015  2.57696E+002  2.14485E+005  1.00000E-040  1.00000E-040  1.00000E-040  1.00000E-040  1.00000E-040  1.00000E-040  1.00000E-040  1.00000E-040  1.00000E-040  1.00000E-040  1.00000E-040  1.00000E-040  1.00000E-040  1.00000E-040  3.80105E-024  1.00000E-040  1.02704E-040  8.00063E-011  1.53628E-007  1.77916E-005  3.42712E-009  6.90260E-007  3.17585E-001  4.34246E-009  2.82259E-004  3.57251E-019  4.11021E-012  4.83149E-040  3.72875E-033  1.34016E-023  5.28700E-015  3.79559E-008  1.55440E-020  2.63418E-032  2.83058E-039  2.67314E-038  1.00000E-040  8.86745E-020  1.41348E-018  3.30620E-014  3.41837E-012  1.49320E-036  1.00000E-040  1.13345E-023  3.00990E-031  3.67692E-011  1.21402E-013  6.82112E-001  4.25561E-021  1.05636E-022  5.46209E-022  7.65836E-035  2.22728E-039  3.91890E-028  5.58175E-024  2.43071E-008  2.75936E-017  2.28954E-010  5.84185E-017  1.29585E-008  1.82023E-011  2.06383E-006  5.85989E-011  5.22751E-015  2.48686E-014  2.44917E-011  6.74112E-013  7.80715E-011  5.17525E-030  1.31595E-031  1.00000E-040  7.72610E-029  2.27468E-038  7.26351E-021  4.86569E-018  6.54217E-013  1.24850E-021  6.10013E-021  1.00000E-040  1.00000E-040  3.69280E-028  1.71994E-034  6.55409E-025  1.43536E-034  1.02672E-034  1.67551E-023  3.06693E-019  5.04226E-025  5.14837E-032  1.69493E-026  6.54555E-018  4.46714E-017  6.99733E-016  8.55835E-022  7.06183E-025  1.00000E-040  1.13551E-016  1.91275E-037  2.07843E-023  1.44455E-030  2.70020E-023  4.32304E-029  3.87966E-016  3.91865E-022  2.81703E-014  1.00000E-040  9.84159E-015  1.00000E-040  4.06915E-032  8.13088E-021  1.00000E-040  9.15605E-024  8.78343E-014  2.01279E-038  1.00000E-003  1.00000E-005  1.00000E-005  1.00000E-005  1.00000E-005  1.00000E-005  1.00000E-005  1.00000E-005  1.00000E-005  1.00000E-005  1.00000E-005  1.00000E-005  1.00000E-005  1.00000E-005  1.00000E-005  1.00000E-005  
6.15000E+001  1.81531E-004  5.15714E+015  2.54952E+002  2.24486E+005  1.00000E-040  1.00000E-040  1.00000E-040  1.00000E-040  1.00000E-040  1.00000E-040  1.00000E-040  1.00000E-040  1.00000E-040  1.00000E-040  1.00000E-040  1.00000E-040  1.00000E-040  1.00000E-040  2.78749E-024  1.00000E-040  1.02830E-040  1.11078E-010  1.62844E-007  1.77661E-005  3.63915E-009  8.35213E-007  3.17565E-001  5.12170E-009  2.82168E-004  3.57111E-019  3.68404E-012  7.59451E-040  4.40370E-033  1.15888E-023  4.42389E-015  3.72588E-008  1.93864E-020  2.99919E-032  1.00000E-040  1.93188E-040  1.00000E-040  9.02356E-020  1.55431E-018  4.29119E-014  3.62407E-012  1.37375E-036  1.00000E-040  4.27312E-024  2.43171E-031  3.66451E-011  1.87162E-013  6.82132E-001  4.37558E-021  8.89665E-023  5.56436E-022  1.00046E-034  1.88661E-039  2.83794E-028  3.32699E-024  2.32661E-008  2.68664E-017  2.33854E-010  4.95432E-017  1.23594E-008  1.75081E-011  1.97610E-006  4.27919E-011  3.47441E-015  2.27452E-014  2.13585E-011  4.18847E-013  7.77522E-011  5.50020E-030  1.30364E-031  1.00000E-040  6.39699E-029  1.37556E-038  7.26012E-021  3.81570E-018  5.53769E-013  8.67679E-022  4.31789E-021  1.00000E-040  1.00000E-040  3.62877E-028  2.19345E-034  6.37062E-025  1.43336E-034  6.32691E-035  1.11204E-023  2.55101E-019  4.20618E-025  3.50993E-032  1.70057E-026  7.15623E-018  3.54427E-017  6.15743E-016  8.96562E-022  4.82277E-025  1.00000E-040  1.41972E-016  1.42186E-037  1.37979E-023  1.46053E-030  2.65284E-023  2.10413E-029  2.46273E-016  4.10324E-022  3.08252E-014  1.00000E-040  9.78876E-015  1.00000E-040  4.53517E-032  5.39225E-021  1.00000E-040  8.69724E-024  8.45087E-014  1.51863E-038  1.00000E-003  1.00000E-005  1.00000E-005  1.00000E-005  1.00000E-005  1.00000E-005  1.00000E-005  1.00000E-005  1.00000E-005  1.00000E-005  1.00000E-005  1.00000E-005  1.00000E-005  1.00000E-005  1.00000E-005  1.00000E-005  
6.25000E+001  1.58767E-004  4.56352E+015  2.51987E+002  2.34487E+005  1.00000E-040  1.00000E-040  1.00000E-040  1.00000E-040  1.00000E-040  1.00000E-040  1.00000E-040  1.00000E-040  1.00000E-040  1.00000E-040  1.00000E-040  1.00000E-040  1.00000E-040  1.00000E-040  1.99515E-024  1.00000E-040  1.02967E-040  1.53555E-010  1.73183E-007  1.77378E-005  3.86488E-009  1.00882E-006  3.17543E-001  6.20025E-009  2.82069E-004  3.56021E-019  3.31329E-012  5.51568E-040  5.13134E-033  9.94707E-024  3.68425E-015  3.66537E-008  2.42654E-020  3.41883E-032  1.00000E-040  3.55500E-040  1.00000E-040  9.13340E-020  1.70238E-018  5.54939E-014  3.84377E-012  1.26575E-036  1.00000E-040  1.68564E-024  1.91028E-031  3.65160E-011  2.83018E-013  6.82154E-001  4.42293E-021  7.36716E-023  5.57676E-022  6.04115E-035  1.61948E-039  2.07426E-028  2.01074E-024  2.21877E-008  2.60123E-017  2.38536E-010  4.16525E-017  1.18009E-008  1.68528E-011  1.89518E-006  3.11190E-011  2.29686E-015  2.08247E-014  1.85915E-011  2.59510E-013  7.74072E-011  5.81894E-030  1.29191E-031  1.00000E-040  5.30021E-029  8.06775E-039  7.25643E-021  3.03144E-018  4.67451E-013  6.09319E-022  3.09195E-021  1.00000E-040  1.00000E-040  3.56633E-028  2.78868E-034  6.19068E-025  1.41995E-034  3.94490E-035  7.45353E-024  2.09265E-019  3.46967E-025  2.39998E-032  1.65787E-026  7.85216E-018  2.81124E-017  5.44288E-016  9.16840E-022  3.36312E-025  1.00000E-040  1.79394E-016  1.07518E-037  9.24819E-024  1.47080E-030  2.60443E-023  1.04430E-029  1.56276E-016  4.31728E-022  3.37088E-014  1.00000E-040  9.74365E-015  1.00000E-040  5.03713E-032  3.53656E-021  1.00000E-040  8.15305E-024  8.17265E-014  1.18343E-038  1.00000E-003  1.00000E-005  1.00000E-005  1.00000E-005  1.00000E-005  1.00000E-005  1.00000E-005  1.00000E-005  1.00000E-005  1.00000E-005  1.00000E-005  1.00000E-005  1.00000E-005  1.00000E-005  1.00000E-005  1.00000E-005  
6.35000E+001  1.38643E-004  4.03305E+015  2.48989E+002  2.44487E+005  1.00000E-040  1.00000E-040  1.00000E-040  1.00000E-040  1.00000E-040  1.00000E-040  1.00000E-040  1.00000E-040  1.00000E-040  1.00000E-040  1.00000E-040  1.00000E-040  1.00000E-040  1.00000E-040  1.39487E-024  1.00000E-040  1.03116E-040  2.12117E-010  1.84730E-007  1.77067E-005  4.10296E-009  1.21793E-006  3.17519E-001  7.67301E-009  2.81961E-004  3.55364E-019  2.99096E-012  6.54429E-040  5.95616E-033  8.51662E-024  3.06513E-015  3.61234E-008  3.04865E-020  3.87181E-032  1.00000E-040  1.00000E-040  1.00000E-040  9.13842E-020  1.84489E-018  7.10694E-014  4.07929E-012  1.16950E-036  1.00000E-040  7.15576E-025  1.48457E-031  3.63803E-011  4.17840E-013  6.82178E-001  4.43044E-021  6.06422E-023  5.53676E-022  5.96999E-035  1.40780E-039  1.52617E-028  1.23229E-024  2.10828E-008  2.50681E-017  2.43127E-010  3.47399E-017  1.12794E-008  1.62153E-011  1.81627E-006  2.25548E-011  1.50947E-015  1.90705E-014  1.61240E-011  1.60125E-013  7.70333E-011  6.12871E-030  1.27762E-031  1.00000E-040  4.37256E-029  4.66849E-039  7.25242E-021  2.44402E-018  3.94036E-013  4.33356E-022  2.24422E-021  1.00000E-040  1.00000E-040  3.50527E-028  3.53794E-034  6.00054E-025  1.40067E-034  2.49215E-035  5.06172E-024  1.70821E-019  2.85101E-025  1.64840E-032  1.59329E-026  8.56760E-018  2.22222E-017  4.82031E-016  9.14259E-022  2.38984E-025  1.00000E-040  2.24455E-016  8.19279E-038  6.27963E-024  1.48312E-030  2.55489E-023  5.25491E-030  9.90584E-017  4.54404E-022  3.68047E-014  1.00000E-040  9.70492E-015  1.00000E-040  5.59160E-032  2.30207E-021  1.00000E-040  7.62961E-024  7.93842E-014  9.79880E-039  1.00000E-003  1.00000E-005  1.00000E-005  1.00000E-005  1.00000E-005  1.00000E-005  1.00000E-005  1.00000E-005  1.00000E-005  1.00000E-005  1.00000E-005  1.00000E-005  1.00000E-005  1.00000E-005  1.00000E-005  1.00000E-005  
6.45000E+001  1.20874E-004  3.55928E+015  2.45974E+002  2.54488E+005  1.00000E-040  1.00000E-040  1.00000E-040  1.00000E-040  1.00000E-040  1.00000E-040  1.00000E-040  1.00000E-040  1.00000E-040  1.00000E-040  1.00000E-040  1.00000E-040  1.00000E-040  1.00000E-040  9.53328E-025  1.00000E-040  1.03278E-040  2.92999E-010  1.97595E-007  1.76724E-005  4.35447E-009  1.47007E-006  3.17492E-001  9.66137E-009  2.81842E-004  3.55237E-019  2.70917E-012  8.88883E-040  6.89771E-033  7.27953E-024  2.54888E-015  3.56533E-008  3.84405E-020  4.34892E-032  1.00000E-040  1.00000E-040  1.00000E-040  9.02226E-020  1.97579E-018  9.00264E-014  4.33261E-012  1.08403E-036  1.00000E-040  3.50110E-025  1.14284E-031  3.62363E-011  6.03301E-013  6.82205E-001  4.39700E-021  4.96516E-023  5.46014E-022  6.75902E-035  1.24155E-039  1.13108E-028  7.66509E-025  1.99630E-008  2.40511E-017  2.47640E-010  2.87041E-017  1.07914E-008  1.55901E-011  1.73877E-006  1.62981E-011  9.86523E-016  1.74604E-014  1.39274E-011  9.83409E-014  7.66270E-011  6.42684E-030  1.26030E-031  1.00000E-040  3.58834E-029  2.67046E-039  7.24804E-021  2.00165E-018  3.31970E-013  3.12517E-022  1.65293E-021  1.00000E-040  1.00000E-040  3.44538E-028  4.48127E-034  5.80075E-025  1.37487E-034  1.59705E-035  3.48673E-024  1.38817E-019  2.33581E-025  1.13832E-032  1.50904E-026  9.27618E-018  1.74922E-017  4.27400E-016  8.90838E-022  1.72670E-025  1.00000E-040  2.74551E-016  6.29253E-038  4.32454E-024  1.49580E-030  2.50410E-023  2.68211E-030  6.27224E-017  4.78400E-022  4.01235E-014  1.00000E-040  9.67138E-015  1.00000E-040  6.20647E-032  1.48882E-021  1.00000E-040  7.13039E-024  7.73970E-014  9.04259E-039  1.00000E-003  1.00000E-005  1.00000E-005  1.00000E-005  1.00000E-005  1.00000E-005  1.00000E-005  1.00000E-005  1.00000E-005  1.00000E-005  1.00000E-005  1.00000E-005  1.00000E-005  1.00000E-005  1.00000E-005  1.00000E-005  
6.55000E+001  1.05210E-004  3.13624E+015  2.42976E+002  2.64488E+005  1.00000E-040  1.00000E-040  1.00000E-040  1.00000E-040  1.00000E-040  1.00000E-040  1.00000E-040  1.00000E-040  1.00000E-040  1.00000E-040  1.00000E-040  1.00000E-040  1.00000E-040  1.00000E-040  6.37439E-025  1.00000E-040  1.03457E-040  4.05193E-010  2.11903E-007  1.76346E-005  4.62082E-009  1.77498E-006  3.17463E-001  1.23192E-008  2.81711E-004  3.55923E-019  2.46154E-012  1.02060E-039  7.99101E-033  6.21937E-024  2.12022E-015  3.52312E-008  4.86315E-020  4.83604E-032  1.00000E-040  1.00000E-040  1.00000E-040  8.77969E-020  2.08887E-018  1.12699E-013  4.60611E-012  1.00801E-036  1.00000E-040  2.20570E-025  8.74460E-032  3.60824E-011  8.52530E-013  6.82234E-001  4.32959E-021  4.05159E-023  5.35814E-022  6.46215E-035  1.11252E-039  8.44500E-029  4.84026E-025  1.88401E-008  2.29853E-017  2.52136E-010  2.35539E-017  1.03339E-008  1.49766E-011  1.66214E-006  1.17484E-011  6.41474E-016  1.59803E-014  1.19795E-011  6.01100E-014  7.61841E-011  6.71233E-030  1.23996E-031  1.00000E-040  2.92754E-029  1.51427E-039  7.24323E-021  1.66612E-018  2.79686E-013  2.28670E-022  1.23605E-021  1.00000E-040  1.00000E-040  3.38647E-028  5.67025E-034  5.59158E-025  1.34157E-034  1.03893E-035  2.43812E-024  1.12484E-019  1.91134E-025  7.91074E-033  1.41026E-026  9.94641E-018  1.36916E-017  3.79074E-016  8.49182E-022  1.26555E-025  4.29446E-040  3.26158E-016  4.86734E-038  3.02290E-024  1.50935E-030  2.45191E-023  1.38730E-030  3.96581E-017  5.03583E-022  4.36780E-014  1.00000E-040  9.64198E-015  1.00000E-040  6.89344E-032  9.57612E-022  1.00000E-040  6.66790E-024  7.56961E-014  9.81380E-039  1.00000E-003  1.00000E-005  1.00000E-005  1.00000E-005  1.00000E-005  1.00000E-005  1.00000E-005  1.00000E-005  1.00000E-005  1.00000E-005  1.00000E-005  1.00000E-005  1.00000E-005  1.00000E-005  1.00000E-005  1.00000E-005  
6.65000E+001  9.14205E-005  2.75964E+015  2.39943E+002  2.74489E+005  1.00000E-040  1.00000E-040  1.00000E-040  1.00000E-040  1.00000E-040  1.00000E-040  1.00000E-040  1.00000E-040  1.00000E-040  1.00000E-040  1.00000E-040  1.00000E-040  1.00000E-040  1.00000E-040  4.17201E-025  1.00000E-040  1.03654E-040  5.60979E-010  2.27804E-007  1.75929E-005  4.90588E-009  2.14416E-006  3.17432E-001  1.58396E-008  2.81567E-004  3.57134E-019  2.24280E-012  1.07142E-039  9.25059E-033  5.30737E-024  1.76289E-015  3.48466E-008  6.17018E-020  5.32297E-032  1.00000E-040  1.00000E-040  1.00000E-040  8.42361E-020  2.18102E-018  1.39486E-013  4.90243E-012  9.39874E-037  1.00000E-040  1.89848E-025  6.61495E-032  3.59165E-011  1.18343E-012  6.82265E-001  4.21649E-021  3.28253E-023  5.22645E-022  5.64292E-035  1.01552E-039  6.36369E-029  3.10390E-025  1.77261E-008  2.18857E-017  2.56620E-010  1.92450E-017  9.90414E-009  1.43831E-011  1.58781E-006  8.45075E-012  4.15395E-016  1.46239E-014  1.02676E-011  3.65986E-014  7.57000E-011  6.98547E-030  1.21827E-031  1.00000E-040  2.37897E-029  8.45857E-040  7.23796E-021  1.40950E-018  2.35695E-013  1.69751E-022  9.38469E-022  1.00000E-040  1.00000E-040  3.32834E-028  7.17245E-034  5.38010E-025  1.29714E-034  6.86381E-036  1.72947E-024  9.05941E-020  1.55971E-025  5.53513E-033  1.29067E-026  1.05660E-017  1.06544E-017  3.36368E-016  7.93818E-022  9.38635E-026  2.21551E-039  3.75915E-016  3.80839E-038  2.14330E-024  1.51919E-030  2.39815E-023  7.28583E-031  2.50391E-017  5.31055E-022  4.75131E-014  1.00000E-040  9.61582E-015  1.00000E-040  7.65793E-032  6.12199E-022  1.00000E-040  6.21382E-024  7.42247E-014  1.27733E-038  1.00000E-003  1.00000E-005  1.00000E-005  1.00000E-005  1.00000E-005  1.00000E-005  1.00000E-005  1.00000E-005  1.00000E-005  1.00000E-005  1.00000E-005  1.00000E-005  1.00000E-005  1.00000E-005  1.00000E-005  1.00000E-005  
6.75000E+001  7.92990E-005  2.42474E+015  2.36875E+002  2.84489E+005  1.00000E-040  1.00000E-040  1.00000E-040  1.00000E-040  1.00000E-040  1.00000E-040  1.00000E-040  1.00000E-040  1.00000E-040  1.00000E-040  1.00000E-040  1.00000E-040  1.00000E-040  1.00000E-040  2.67370E-025  1.00000E-040  1.03871E-040  7.78144E-010  2.45468E-007  1.75468E-005  5.21302E-009  2.59249E-006  3.17396E-001  2.04637E-008  2.81407E-004  3.58963E-019  2.04889E-012  1.16466E-039  1.07130E-032  4.52566E-024  1.46530E-015  3.44906E-008  7.84779E-020  5.79342E-032  1.00000E-040  1.00000E-040  1.00000E-040  7.96774E-020  2.24861E-018  1.70686E-013  5.22469E-012  8.78457E-037  1.00000E-040  2.06510E-025  4.94576E-032  3.57367E-011  1.61604E-012  6.82300E-001  4.05980E-021  2.63931E-023  5.07100E-022  5.09665E-035  9.45465E-040  4.84096E-029  2.02046E-025  1.66334E-008  2.07743E-017  2.61146E-010  1.57462E-017  9.49979E-009  1.38127E-011  1.51597E-006  6.07002E-012  2.68109E-016  1.33837E-014  8.77182E-012  2.22152E-014  7.51695E-011  7.24650E-030  1.19585E-031  1.00000E-040  1.92634E-029  4.64855E-040  7.23214E-021  1.21140E-018  1.98729E-013  1.27797E-022  7.23190E-022  1.00000E-040  1.00000E-040  3.27081E-028  9.07634E-034  5.16868E-025  1.23992E-034  4.60501E-036  1.24381E-024  7.24951E-020  1.26969E-025  3.90000E-033  1.15230E-026  1.11137E-017  8.23197E-018  2.98480E-016  7.28482E-022  7.02745E-026  1.02679E-038  4.21080E-016  3.01650E-038  1.54059E-024  1.52443E-030  2.34264E-023  3.88317E-031  1.57812E-017  5.61360E-022  5.16658E-014  1.00000E-040  9.59211E-015  1.00000E-040  8.51134E-032  3.89062E-022  1.00000E-040  5.76794E-024  7.29359E-014  1.92425E-038  1.00000E-003  1.00000E-005  1.00000E-005  1.00000E-005  1.00000E-005  1.00000E-005  1.00000E-005  1.00000E-005  1.00000E-005  1.00000E-005  1.00000E-005  1.00000E-005  1.00000E-005  1.00000E-005  1.00000E-005  1.00000E-005  
6.85000E+001  6.86614E-005  2.12644E+015  2.33871E+002  2.94489E+005  1.00000E-040  1.00000E-040  1.00000E-040  1.00000E-040  1.00000E-040  1.00000E-040  1.00000E-040  1.00000E-040  1.00000E-040  1.00000E-040  1.00000E-040  1.00000E-040  1.00000E-040  1.00000E-040  1.67890E-025  1.00000E-040  1.04112E-040  1.08382E-009  2.65093E-007  1.74960E-005  5.54338E-009  3.13982E-006  3.17358E-001  2.64923E-008  2.81229E-004  3.62143E-019  1.87603E-012  1.57656E-039  1.24793E-032  3.86606E-024  1.21952E-015  3.41553E-008  1.00059E-019  6.23169E-032  1.00000E-040  1.00000E-040  1.00000E-040  7.43089E-020  2.28970E-018  2.06578E-013  5.57657E-012  8.23183E-037  1.00000E-040  2.51942E-025  3.69438E-032  3.55407E-011  2.16616E-012  6.82339E-001  3.88493E-021  2.12038E-023  4.91165E-022  5.72911E-035  8.97370E-040  3.70955E-029  1.33352E-025  1.55733E-008  1.96838E-017  2.65871E-010  1.29947E-017  9.11872E-009  1.32628E-011  1.44470E-006  4.35971E-012  1.72555E-016  1.22500E-014  7.46735E-012  1.34467E-014  7.45866E-011  7.49506E-030  1.17167E-031  1.00000E-040  1.55059E-029  2.53840E-040  7.22570E-021  1.05686E-018  1.67710E-013  9.75331E-023  5.65209E-022  1.00000E-040  1.00000E-040  3.21367E-028  1.14951E-033  4.95190E-025  1.17126E-034  3.13659E-036  9.07295E-025  5.79678E-020  1.03529E-025  2.76793E-033  1.00947E-026  1.15634E-017  6.29430E-018  2.64444E-016  6.55888E-022  5.29718E-026  4.30023E-038  4.59997E-016  2.40392E-038  1.12315E-024  1.53163E-030  2.28513E-023  2.09129E-031  9.91934E-018  5.93426E-022  5.61310E-014  1.00000E-040  9.57012E-015  1.00000E-040  9.48090E-032  2.46273E-022  1.00000E-040  5.37137E-024  7.17903E-014  3.16567E-038  1.00000E-003  1.00000E-005  1.00000E-005  1.00000E-005  1.00000E-005  1.00000E-005  1.00000E-005  1.00000E-005  1.00000E-005  1.00000E-005  1.00000E-005  1.00000E-005  1.00000E-005  1.00000E-005  1.00000E-005  1.00000E-005  
6.95000E+001  5.93421E-005  1.86200E+015  2.30834E+002  3.04490E+005  1.00000E-040  1.00000E-040  1.00000E-040  1.00000E-040  1.00000E-040  1.00000E-040  1.00000E-040  1.00000E-040  1.00000E-040  1.00000E-040  1.00000E-040  1.00000E-040  1.00000E-040  1.00000E-040  1.03333E-025  1.00000E-040  1.04379E-040  1.51459E-009  2.86910E-007  1.74397E-005  5.90412E-009  3.80869E-006  3.17314E-001  3.42964E-008  2.81031E-004  3.66114E-019  1.72164E-012  1.62622E-039  1.45817E-032  3.30275E-024  1.01479E-015  3.38336E-008  1.27817E-019  6.63018E-032  1.00000E-040  1.00000E-040  1.00000E-040  6.84300E-020  2.30571E-018  2.47567E-013  5.96215E-012  7.73031E-037  1.00000E-040  3.20912E-025  2.72802E-032  3.53260E-011  2.86236E-012  6.82382E-001  3.67102E-021  1.68988E-023  4.73866E-022  4.88558E-035  8.69725E-040  2.86888E-029  8.92234E-026  1.45562E-008  1.86228E-017  2.70791E-010  1.08263E-017  8.75900E-009  1.27444E-011  1.37615E-006  3.13298E-012  1.10927E-016  1.12198E-014  6.34151E-012  8.12948E-015  7.39445E-011  7.73008E-030  1.14781E-031  1.00000E-040  1.24443E-029  1.36271E-040  7.21857E-021  9.34960E-019  1.41668E-013  7.53655E-023  4.47589E-022  1.00000E-040  1.00000E-040  3.15672E-028  1.45838E-033  4.73895E-025  1.08877E-034  2.16837E-036  6.69750E-025  4.60403E-020  8.42764E-026  1.97755E-033  8.54740E-027  1.19237E-017  4.76387E-018  2.34106E-016  5.80631E-022  4.00910E-026  1.63853E-037  4.92239E-016  1.94037E-038  8.28568E-025  1.53357E-030  2.22539E-023  1.14152E-031  6.22028E-018  6.29482E-022  6.09874E-014  1.00000E-040  9.54924E-015  1.00000E-040  1.05723E-031  1.55065E-022  1.00000E-040  4.98075E-024  7.07544E-014  5.43533E-038  1.00000E-003  1.00000E-005  1.00000E-005  1.00000E-005  1.00000E-005  1.00000E-005  1.00000E-005  1.00000E-005  1.00000E-005  1.00000E-005  1.00000E-005  1.00000E-005  1.00000E-005  1.00000E-005  1.00000E-005  1.00000E-005  
7.05000E+001  5.11902E-005  1.62790E+015  2.27759E+002  3.14490E+005  1.00000E-040  1.00000E-040  1.00000E-040  1.00000E-040  1.00000E-040  1.00000E-040  1.00000E-040  1.00000E-040  1.00000E-040  1.00000E-040  1.00000E-040  1.00000E-040  1.00000E-040  1.00000E-040  6.23717E-026  1.00000E-040  1.04676E-040  2.12497E-009  3.11178E-007  1.73773E-005  6.30123E-009  4.62847E-006  3.17266E-001  4.43312E-008  2.80810E-004  3.70915E-019  1.58338E-012  1.96157E-039  1.78137E-032  2.82247E-024  8.44263E-016  3.35193E-008  1.63549E-019  6.98034E-032  1.00000E-040  1.00000E-040  1.00000E-040  6.23020E-020  2.29813E-018  2.94016E-013  6.38613E-012  7.27512E-037  1.00000E-040  4.13716E-025  1.99204E-032  3.50898E-011  3.73110E-012  6.82429E-001  3.42107E-021  1.33490E-023  4.55930E-022  4.86355E-035  8.60900E-040  2.23975E-029  6.04770E-026  1.35919E-008  1.76107E-017  2.76003E-010  9.11682E-018  8.41896E-009  1.22615E-011  1.31029E-006  2.25531E-012  7.13190E-017  1.02877E-014  5.37527E-012  4.91588E-015  7.32354E-011  7.94855E-030  1.12477E-031  1.00000E-040  9.96042E-030  1.00000E-040  7.21065E-021  8.37644E-019  1.19813E-013  5.88984E-023  3.58753E-022  1.00000E-040  1.00000E-040  3.09975E-028  1.85508E-033  4.53100E-025  9.94004E-035  1.52103E-036  4.99671E-025  3.62992E-020  6.85006E-026  1.42223E-033  6.95046E-027  1.21943E-017  3.56387E-018  2.07017E-016  5.05552E-022  3.03805E-026  5.71273E-037  5.18074E-016  1.58794E-038  6.17728E-025  1.52959E-030  2.16312E-023  6.31367E-032  3.89082E-018  6.70519E-022  6.62815E-014  1.00000E-040  9.52890E-015  1.00000E-040  1.18056E-031  9.71216E-023  1.00000E-040  4.59573E-024  6.97997E-014  9.49275E-038  1.00000E-003  1.00000E-005  1.00000E-005  1.00000E-005  1.00000E-005  1.00000E-005  1.00000E-005  1.00000E-005  1.00000E-005  1.00000E-005  1.00000E-005  1.00000E-005  1.00000E-005  1.00000E-005  1.00000E-005  1.00000E-005  
7.15000E+001  4.40735E-005  1.41982E+015  2.24834E+002  3.24490E+005  1.00000E-040  1.00000E-040  1.00000E-040  1.00000E-040  1.00000E-040  1.00000E-040  1.00000E-040  1.00000E-040  1.00000E-040  1.00000E-040  1.00000E-040  1.00000E-040  1.00000E-040  1.00000E-040  3.69893E-026  1.00000E-040  1.05009E-040  3.00300E-009  3.38206E-007  1.73079E-005  6.73397E-009  5.63900E-006  3.17213E-001  5.71615E-008  2.80561E-004  3.77668E-019  1.45745E-012  2.39132E-039  6.27610E-032  2.42285E-024  7.04046E-016  3.32063E-008  2.09843E-019  7.29436E-032  1.00000E-040  1.00000E-040  1.00000E-040  5.62004E-020  2.27341E-018  3.46850E-013  6.85355E-012  6.87027E-037  1.00000E-040  5.33082E-025  1.60979E-032  3.48290E-011  4.77471E-012  6.82482E-001  3.17894E-021  1.06028E-023  4.40783E-022  4.69075E-035  8.69709E-040  1.76207E-029  4.14781E-026  1.26885E-008  1.66835E-017  2.81822E-010  7.77391E-018  8.09695E-009  1.18076E-011  1.24320E-006  1.62999E-012  4.58712E-017  9.44699E-015  4.54459E-012  2.97328E-015  7.24505E-011  8.14492E-030  1.10001E-031  1.00000E-040  7.90657E-030  1.00000E-040  7.20182E-021  7.58881E-019  1.01494E-013  4.65258E-023  2.90655E-022  1.00000E-040  1.00000E-040  3.04253E-028  2.36587E-033  4.31515E-025  8.93068E-035  1.08259E-036  3.77277E-025  2.87471E-020  5.59979E-026  1.03310E-033  5.53353E-027  1.23780E-017  2.62278E-018  1.82349E-016  4.32306E-022  2.29816E-026  1.83325E-036  5.38209E-016  1.30405E-038  4.66127E-025  1.53402E-030  2.09797E-023  3.51169E-032  2.42335E-018  7.13373E-022  7.19229E-014  1.00000E-040  9.50858E-015  1.00000E-040  1.32428E-031  6.07293E-023  1.00000E-040  4.28416E-024  6.89009E-014  1.66583E-037  1.00000E-003  1.00000E-005  1.00000E-005  1.00000E-005  1.00000E-005  1.00000E-005  1.00000E-005  1.00000E-005  1.00000E-005  1.00000E-005  1.00000E-005  1.00000E-005  1.00000E-005  1.00000E-005  1.00000E-005  1.00000E-005  
7.25000E+001  3.78741E-005  1.23590E+015  2.21960E+002  3.34491E+005  1.00000E-040  1.00000E-040  1.00000E-040  1.00000E-040  1.00000E-040  1.00000E-040  1.00000E-040  1.00000E-040  1.00000E-040  1.00000E-040  1.00000E-040  1.00000E-040  1.00000E-040  1.00000E-040  2.15929E-026  1.00000E-040  1.05381E-040  4.27009E-009  3.68352E-007  1.72307E-005  7.21311E-009  6.88383E-006  3.17153E-001  7.34764E-008  2.80282E-004  3.85665E-019  1.34251E-012  6.94244E-039  1.52068E-030  2.08609E-024  5.87608E-016  3.28890E-008  2.69869E-019  7.57956E-032  1.00000E-040  1.00000E-040  1.00000E-040  5.03574E-020  2.23581E-018  4.06808E-013  7.37059E-012  6.51718E-037  1.00000E-040  6.83650E-025  6.11321E-032  3.45397E-011  6.02048E-012  6.82541E-001  2.92791E-021  8.40558E-024  4.27681E-022  4.33531E-035  9.06957E-040  1.43057E-029  2.88075E-026  1.18518E-008  1.58468E-017  2.88345E-010  6.69164E-018  7.79140E-009  1.13987E-011  1.17664E-006  1.18417E-012  2.95833E-017  8.70321E-015  3.83675E-012  1.80218E-015  7.15793E-011  8.31208E-030  1.07527E-031  1.00000E-040  6.23957E-030  1.00000E-040  7.19195E-021  6.94171E-019  8.61275E-014  3.71014E-023  2.37785E-022  1.00000E-040  1.00000E-040  2.98478E-028  3.02912E-033  4.09894E-025  7.88397E-035  7.82450E-037  2.87639E-025  2.27306E-020  4.58933E-026  7.74961E-034  4.25858E-027  1.25013E-017  1.90155E-018  1.60129E-016  3.63745E-022  1.72975E-026  5.45539E-036  5.53600E-016  1.10604E-038  3.55159E-025  1.53976E-030  2.02954E-023  1.97424E-032  1.50424E-018  7.60778E-022  7.79642E-014  1.00000E-040  9.48780E-015  1.00000E-040  1.49074E-031  3.79105E-023  1.00000E-040  4.00495E-024  6.80355E-014  2.92089E-037  1.00000E-003  1.00000E-005  1.00000E-005  1.00000E-005  1.00000E-005  1.00000E-005  1.00000E-005  1.00000E-005  1.00000E-005  1.00000E-005  1.00000E-005  1.00000E-005  1.00000E-005  1.00000E-005  1.00000E-005  1.00000E-005  
7.35000E+001  3.24836E-005  1.07404E+015  2.19058E+002  3.44491E+005  1.00000E-040  1.00000E-040  1.00000E-040  1.00000E-040  1.00000E-040  1.00000E-040  1.00000E-040  1.00000E-040  1.00000E-040  1.00000E-040  1.00000E-040  1.00000E-040  1.00000E-040  1.00000E-040  1.24461E-026  1.00000E-040  1.05800E-040  6.10586E-009  4.02013E-007  1.71444E-005  7.75361E-009  8.41403E-006  3.17085E-001  9.41105E-008  2.79966E-004  3.94226E-019  1.23741E-012  1.36689E-037  3.38611E-029  1.81355E-024  4.90372E-016  3.25617E-008  3.47692E-019  7.84480E-032  1.00000E-040  1.00000E-040  1.00000E-040  4.49645E-020  2.18929E-018  4.74400E-013  7.94442E-012  6.30095E-037  1.00000E-040  8.70855E-025  1.13279E-030  3.42179E-011  7.49481E-012  6.82608E-001  2.66237E-021  6.60785E-024  4.16706E-022  3.95694E-035  1.05902E-039  1.42021E-029  2.03197E-026  1.10867E-008  1.51135E-017  2.95820E-010  5.80141E-018  7.50100E-009  1.10562E-011  1.11138E-006  8.66251E-013  1.91800E-017  8.07184E-015  3.23760E-012  1.09759E-015  7.06102E-011  8.44067E-030  1.05223E-031  1.00000E-040  4.90390E-030  1.00000E-040  7.18090E-021  6.40130E-019  7.32397E-014  2.98445E-023  1.96331E-022  1.53090E-040  1.00000E-040  2.92622E-028  3.90218E-033  3.88628E-025  6.94120E-035  5.76194E-037  2.21074E-025  1.78562E-020  3.77192E-026  7.25994E-034  3.13557E-027  1.25898E-017  1.36096E-018  1.40259E-016  3.01484E-022  1.29101E-026  1.51494E-035  5.65182E-016  1.15340E-038  2.72774E-025  1.54127E-030  1.95743E-023  1.12980E-032  9.31737E-019  8.16023E-022  8.44295E-014  1.00000E-040  9.46610E-015  1.00000E-040  1.68352E-031  2.38614E-023  1.00000E-040  3.73209E-024  6.71836E-014  5.10419E-037  1.00000E-003  1.00000E-005  1.00000E-005  1.00000E-005  1.00000E-005  1.00000E-005  1.00000E-005  1.00000E-005  1.00000E-005  1.00000E-005  1.00000E-005  1.00000E-005  1.00000E-005  1.00000E-005  1.00000E-005  1.00000E-005  
7.45000E+001  2.78073E-005  9.30528E+014  2.16444E+002  3.54491E+005  1.00000E-040  1.00000E-040  1.00000E-040  1.00000E-040  1.00000E-040  1.00000E-040  1.00000E-040  1.00000E-040  1.00000E-040  1.00000E-040  1.00000E-040  1.00000E-040  1.00000E-040  1.00000E-040  7.13555E-027  1.00000E-040  1.06272E-040  8.81839E-009  4.39665E-007  1.70478E-005  8.35041E-009  1.02942E-005  3.17009E-001  1.20098E-007  2.79608E-004  4.04500E-019  1.13689E-012  2.82820E-036  5.17085E-028  1.80411E-024  4.10595E-016  3.22186E-008  4.49955E-019  8.16730E-032  1.00000E-040  1.02069E-040  1.00000E-040  4.02752E-020  2.14937E-018  5.52511E-013  8.58138E-012  7.29466E-037  1.00000E-040  1.09985E-024  1.70010E-029  3.38587E-011  9.15753E-012  6.82682E-001  2.44412E-021  5.28960E-024  4.13606E-022  4.16113E-035  1.98102E-039  3.00375E-029  1.48445E-026  1.03962E-008  1.45297E-017  3.04992E-010  5.07051E-018  7.22434E-009  1.07950E-011  1.04041E-006  6.40305E-013  1.24997E-017  7.58292E-015  2.72697E-012  6.71741E-016  6.95296E-011  8.51874E-030  1.02679E-031  1.00000E-040  3.79556E-030  1.00000E-040  7.16849E-021  5.94125E-019  6.24530E-014  2.42366E-023  1.63470E-022  2.99188E-040  1.00000E-040  2.86653E-028  5.05762E-033  3.65369E-025  7.27999E-035  4.41570E-037  1.72089E-025  1.42384E-020  3.28118E-026  1.65163E-033  2.32440E-027  1.26881E-017  9.58055E-019  1.21963E-016  2.46304E-022  9.51708E-027  3.94932E-035  5.73780E-016  2.53601E-038  2.12216E-025  1.56553E-030  1.88112E-023  6.64448E-033  5.74474E-019  8.71474E-022  9.09032E-014  1.00000E-040  9.44302E-015  1.00000E-040  1.91836E-031  1.68085E-023  1.00000E-040  3.56643E-024  6.63260E-014  8.88196E-037  1.00000E-003  1.00000E-005  1.00000E-005  1.00000E-005  1.00000E-005  1.00000E-005  1.00000E-005  1.00000E-005  1.00000E-005  1.00000E-005  1.00000E-005  1.00000E-005  1.00000E-005  1.00000E-005  1.00000E-005  1.00000E-005  
7.55000E+001  2.37629E-005  8.03714E+014  2.14148E+002  3.64489E+005  1.00000E-040  1.00000E-040  1.00000E-040  1.00000E-040  1.00000E-040  1.00000E-040  1.00000E-040  1.00000E-040  1.00000E-040  1.00000E-040  1.00000E-040  1.00000E-040  1.00000E-040  1.00000E-040  4.10316E-027  1.00000E-040  1.06806E-040  1.28580E-008  4.81872E-007  1.69390E-005  9.01723E-009  1.25668E-005  3.16923E-001  1.52710E-007  2.79202E-004  4.15372E-019  1.03878E-012  4.27395E-035  5.58366E-027  4.06726E-024  3.45100E-016  3.18533E-008  5.85111E-019  8.64032E-032  1.00000E-040  1.00000E-040  1.00000E-040  3.65592E-020  2.12994E-018  6.43252E-013  9.29047E-012  1.98831E-036  1.00000E-040  1.37662E-024  1.81543E-028  3.34560E-011  1.10011E-011  6.82766E-001  2.27745E-021  4.32971E-024  4.20305E-022  2.74198E-035  8.06026E-039  1.34185E-028  1.34144E-026  9.78083E-009  1.41311E-017  3.16829E-010  4.46644E-018  6.95991E-009  1.07006E-011  9.61374E-007  4.80110E-013  8.21762E-018  7.31584E-015  2.29300E-012  4.14656E-016  6.83212E-011  8.53565E-030  1.00005E-031  1.00000E-040  2.88244E-030  1.00000E-040  7.15450E-021  5.54102E-019  5.34319E-014  1.99137E-023  1.37453E-022  5.71431E-040  1.00000E-040  2.80529E-028  6.61950E-033  3.39433E-025  1.77280E-034  4.21104E-037  1.36079E-025  1.15713E-020  4.35248E-026  8.42542E-033  1.76394E-027  1.28744E-017  6.67108E-019  1.05173E-016  1.99492E-022  6.89646E-027  9.74304E-035  5.80103E-016  1.16424E-037  1.67743E-025  1.62018E-030  1.80001E-023  4.80902E-033  3.53617E-019  9.26586E-022  9.69273E-014  1.00000E-040  9.41810E-015  1.00000E-040  2.21139E-031  2.11721E-023  1.00000E-040  3.51665E-024  6.54441E-014  1.53874E-036  1.00000E-003  1.00000E-005  1.00000E-005  1.00000E-005  1.00000E-005  1.00000E-005  1.00000E-005  1.00000E-005  1.00000E-005  1.00000E-005  1.00000E-005  1.00000E-005  1.00000E-005  1.00000E-005  1.00000E-005  1.00000E-005  
7.65000E+001  2.02731E-005  6.93187E+014  2.11830E+002  3.74490E+005  1.00000E-040  1.00000E-040  1.00000E-040  1.00000E-040  1.00000E-040  1.00000E-040  1.00000E-040  1.00000E-040  1.00000E-040  1.00000E-040  1.00000E-040  1.00000E-040  1.00000E-040  1.00000E-040  2.38551E-027  1.00000E-040  1.07411E-040  1.88725E-008  5.29242E-007  1.68162E-005  9.84469E-009  1.51885E-005  3.16826E-001  1.93454E-007  2.78739E-004  4.22811E-019  9.45015E-013  4.78613E-034  4.43881E-026  2.34436E-023  2.90896E-016  3.14593E-008  7.60918E-019  9.37776E-032  1.00000E-040  2.34531E-040  1.00000E-040  3.42739E-020  2.14489E-018  7.42221E-013  1.00881E-011  1.23814E-035  1.00000E-040  1.70684E-024  1.42672E-027  3.30033E-011  1.30576E-011  6.82861E-001  2.12234E-021  3.52186E-024  4.35792E-022  5.22678E-035  4.44009E-038  6.70192E-028  2.63002E-026  9.23996E-009  1.40101E-017  3.34132E-010  3.97435E-018  6.70644E-009  1.09965E-011  8.75616E-007  3.68279E-013  5.51710E-018  7.43732E-015  1.92831E-012  2.61848E-016  6.69671E-011  8.48616E-030  9.82919E-032  1.00000E-040  2.16677E-030  1.00000E-040  7.13873E-021  5.18490E-019  4.58991E-014  1.66884E-023  1.17734E-022  1.06896E-039  1.00000E-040  2.74209E-028  8.91108E-033  3.11403E-025  9.15428E-034  8.80812E-037  1.09838E-025  9.41120E-021  1.58837E-025  4.63468E-032  1.31751E-027  1.32883E-017  4.67939E-019  9.02808E-017  1.61601E-022  4.88479E-027  2.29084E-034  5.84711E-016  6.04894E-037  1.35277E-025  1.69089E-030  1.71356E-023  7.71752E-033  2.20296E-019  9.98798E-022  1.01975E-013  1.00000E-040  9.39086E-015  1.00000E-040  2.58698E-031  6.21734E-023  1.00000E-040  3.50296E-024  6.45203E-014  2.65223E-036  1.00000E-003  1.00000E-005  1.00000E-005  1.00000E-005  1.00000E-005  1.00000E-005  1.00000E-005  1.00000E-005  1.00000E-005  1.00000E-005  1.00000E-005  1.00000E-005  1.00000E-005  1.00000E-005  1.00000E-005  1.00000E-005  
7.75000E+001  1.72687E-005  5.95978E+014  2.09868E+002  3.84490E+005  1.00000E-040  1.00000E-040  1.00000E-040  1.00000E-040  1.00000E-040  1.00000E-040  1.00000E-040  1.00000E-040  1.00000E-040  1.00000E-040  1.00000E-040  1.00000E-040  1.00000E-040  1.00000E-040  1.42015E-027  1.00000E-040  1.08099E-040  2.81804E-008  5.82457E-007  1.66766E-005  1.09614E-008  1.79982E-005  3.16716E-001  2.44212E-007  2.78211E-004  4.25785E-019  8.50309E-013  4.21232E-033  2.71055E-025  1.41150E-022  2.48095E-016  3.10292E-008  9.89355E-019  1.07781E-031  1.00000E-040  1.00000E-040  1.00000E-040  3.43817E-020  2.24509E-018  8.44997E-013  1.09927E-011  8.03782E-035  1.00000E-040  2.09147E-024  8.63868E-027  3.24929E-011  1.51920E-011  6.82969E-001  2.04507E-021  2.94590E-024  4.72900E-022  3.30456E-035  2.34640E-037  3.02449E-027  9.99979E-026  8.77262E-009  1.44335E-017  3.63997E-010  3.61606E-018  6.46265E-009  1.20534E-011  7.71598E-007  2.94234E-013  3.83254E-018  8.25766E-015  1.61879E-012  1.72704E-016  6.54468E-011  8.37192E-030  9.83814E-032  1.00000E-040  1.59299E-030  1.00000E-040  7.12088E-021  4.86037E-019  3.96451E-014  1.45272E-023  1.04228E-022  1.95657E-039  1.00000E-040  2.67638E-028  1.26767E-032  2.77375E-025  4.68674E-033  3.65675E-036  9.27466E-026  7.95622E-021  8.55128E-025  2.25030E-031  1.05424E-027  1.42085E-017  3.34920E-019  7.66244E-017  1.32794E-022  3.35560E-027  5.15748E-034  5.88017E-016  2.84778E-036  1.14062E-025  1.84540E-030  1.62113E-023  2.47358E-032  1.40403E-019  1.09019E-021  1.04174E-013  1.00000E-040  9.36081E-015  1.00000E-040  3.13686E-031  2.29218E-022  1.00000E-040  3.70829E-024  6.35370E-014  4.54543E-036  1.00000E-003  1.00000E-005  1.00000E-005  1.00000E-005  1.00000E-005  1.00000E-005  1.00000E-005  1.00000E-005  1.00000E-005  1.00000E-005  1.00000E-005  1.00000E-005  1.00000E-005  1.00000E-005  1.00000E-005  1.00000E-005  
7.85000E+001  1.46916E-005  5.10194E+014  2.08569E+002  3.94490E+005  1.00000E-040  1.00000E-040  1.00000E-040  1.00000E-040  1.00000E-040  1.00000E-040  1.00000E-040  1.00000E-040  1.00000E-040  1.00000E-040  1.00000E-040  1.00000E-040  1.00000E-040  1.00000E-040  8.71316E-028  1.00000E-040  1.08885E-040  4.34640E-008  6.42314E-007  1.65165E-005  1.26536E-008  2.06530E-005  3.16592E-001  3.07445E-007  2.77605E-004  4.23900E-019  7.53279E-013  3.11154E-032  1.32928E-024  7.02165E-022  2.16838E-016  3.05540E-008  1.28158E-018  1.35716E-031  1.00000E-040  2.24670E-040  1.00000E-040  3.84789E-020  2.50607E-018  9.37838E-013  1.20354E-011  4.47941E-034  1.00000E-040  2.52869E-024  4.24910E-026  3.19151E-011  1.71796E-011  6.83092E-001  2.09946E-021  2.61158E-024  5.50506E-022  6.44681E-035  1.12471E-036  1.21832E-026  4.02448E-025  8.37581E-009  1.58716E-017  4.20120E-010  3.42644E-018  6.22693E-009  1.45446E-011  6.44253E-007  2.51905E-013  2.82155E-018  1.03770E-014  1.35397E-012  1.23395E-016  6.37353E-011  8.20729E-030  1.02182E-031  1.00000E-040  1.13704E-030  1.00000E-040  7.10065E-021  4.55753E-019  3.44837E-014  1.34887E-023  9.74839E-023  3.50260E-039  1.00000E-040  2.60743E-028  1.98767E-032  2.35637E-025  1.94486E-032  1.67725E-035  8.46627E-026  7.35976E-021  4.24241E-024  9.58023E-031  9.86019E-028  1.60861E-017  2.50111E-019  6.38281E-017  1.12901E-022  2.20959E-027  1.11888E-033  5.90314E-016  1.20138E-035  1.03887E-025  2.19472E-030  1.52199E-023  8.81432E-032  9.32733E-020  1.21594E-021  1.01388E-013  1.00000E-040  9.32734E-015  1.00000E-040  4.05211E-031  8.01242E-022  1.00000E-040  4.40440E-024  6.24752E-014  7.73728E-036  1.00000E-003  1.00000E-005  1.00000E-005  1.00000E-005  1.00000E-005  1.00000E-005  1.00000E-005  1.00000E-005  1.00000E-005  1.00000E-005  1.00000E-005  1.00000E-005  1.00000E-005  1.00000E-005  1.00000E-005  1.00000E-005  
7.95000E+001  1.24870E-005  4.36380E+014  2.07258E+002  4.04490E+005  1.00000E-040  1.00000E-040  1.00000E-040  1.00000E-040  1.00000E-040  1.00000E-040  1.00000E-040  1.00000E-040  1.00000E-040  1.00000E-040  1.00000E-040  1.00000E-040  1.00000E-040  1.00000E-040  5.45709E-028  1.00000E-040  1.09783E-040  7.00002E-008  7.09504E-007  1.63303E-005  1.56290E-008  2.27099E-005  3.16451E-001  3.86306E-007  2.76911E-004  4.16560E-019  6.64113E-013  2.04547E-031  5.55836E-024  2.99721E-021  1.96196E-016  3.00240E-008  1.62841E-018  1.87014E-031  1.00000E-040  1.00000E-040  1.00000E-040  4.88420E-020  2.99611E-018  9.81978E-013  1.32731E-011  2.22657E-033  1.00000E-040  3.01841E-024  1.82820E-025  3.12590E-011  1.87553E-011  6.83232E-001  2.26142E-021  2.31225E-024  6.83970E-022  2.67906E-035  4.95668E-036  4.49461E-026  1.50660E-024  8.04469E-009  1.91141E-017  5.27635E-010  3.44049E-018  5.99784E-009  1.95591E-011  5.09424E-007  2.40242E-013  2.30269E-018  1.49305E-014  1.13092E-012  1.00716E-016  6.18056E-011  8.02427E-030  1.14453E-031  1.00000E-040  8.12392E-031  1.00000E-040  7.07767E-021  4.27012E-019  3.02445E-014  1.37189E-023  9.88969E-023  6.12704E-039  1.00000E-040  2.53439E-028  3.63887E-032  1.91536E-025  6.57151E-032  7.65613E-035  8.54238E-026  7.70287E-021  1.95999E-023  3.69656E-030  9.91483E-028  1.95103E-017  2.01789E-019  5.23798E-017  1.00041E-022  1.37318E-027  2.35535E-033  5.91780E-016  4.96728E-035  1.04268E-025  2.81514E-030  1.41570E-023  3.26058E-031  6.68235E-020  1.46134E-021  9.35094E-014  1.00000E-040  9.28983E-015  1.00000E-040  5.66584E-031  2.67693E-021  1.00000E-040  5.67659E-024  6.13175E-014  1.30340E-035  1.00000E-003  1.00000E-005  1.00000E-005  1.00000E-005  1.00000E-005  1.00000E-005  1.00000E-005  1.00000E-005  1.00000E-005  1.00000E-005  1.00000E-005  1.00000E-005  1.00000E-005  1.00000E-005  1.00000E-005  1.00000E-005  
8.05000E+001  1.06040E-005  3.72407E+014  2.06238E+002  4.06996E+005  1.00000E-040  1.00000E-040  1.00000E-040  1.00000E-040  1.00000E-040  1.00000E-040  1.00000E-040  1.00000E-040  1.00000E-040  1.00000E-040  1.00000E-040  1.00000E-040  1.00000E-040  1.00000E-040  3.45902E-028  1.00000E-040  1.10821E-040  1.19950E-007  7.84971E-007  1.61073E-005  2.07266E-008  2.42829E-005  3.16289E-001  4.86170E-007  2.76104E-004  4.18855E-019  5.89603E-013  1.34317E-030  2.17053E-023  1.19115E-020  1.87068E-016  2.94233E-008  2.03746E-018  2.75069E-031  1.00000E-040  4.49339E-040  1.00000E-040  6.70637E-020  3.78164E-018  9.69214E-013  1.47457E-011  1.04659E-032  1.00000E-040  3.56930E-024  7.68782E-025  3.05062E-011  1.95876E-011  6.83393E-001  2.63341E-021  2.10667E-024  9.22354E-022  9.25807E-035  1.99915E-035  1.51177E-025  5.43005E-024  7.77044E-009  2.52627E-017  7.22017E-010  3.66261E-018  5.77212E-009  2.80110E-011  3.81351E-007  2.57920E-013  2.08957E-018  2.40782E-014  9.41872E-013  9.36209E-017  5.96098E-011  7.86824E-030  1.39920E-031  1.00000E-040  5.80478E-031  1.00000E-040  7.05131E-021  3.99294E-019  2.67399E-014  1.51447E-023  1.07513E-022  1.04549E-038  1.00000E-040  2.45564E-028  7.70851E-032  1.49952E-025  1.92287E-031  3.62347E-034  9.52271E-026  1.09775E-020  9.41965E-023  1.35151E-029  1.13654E-027  2.48973E-017  1.74902E-019  4.17008E-017  9.20683E-023  7.85127E-028  4.86024E-033  5.92491E-016  1.98099E-034  1.15163E-025  3.95706E-030  1.30121E-023  1.27016E-030  5.14075E-020  1.88293E-021  8.18729E-014  1.00000E-040  9.24722E-015  1.00000E-040  8.57505E-031  8.90018E-021  1.00000E-040  8.17389E-024  6.00369E-014  2.16624E-035  1.00000E-003  1.00000E-005  1.00000E-005  1.00000E-005  1.00000E-005  1.00000E-005  1.00000E-005  1.00000E-005  1.00000E-005  1.00000E-005  1.00000E-005  1.00000E-005  1.00000E-005  1.00000E-005  1.00000E-005  1.00000E-005  
8.15000E+001  9.00038E-006  3.16617E+014  2.05894E+002  4.06996E+005  1.00000E-040  1.00000E-040  1.00000E-040  1.00000E-040  1.00000E-040  1.00000E-040  1.00000E-040  1.00000E-040  1.00000E-040  1.00000E-040  1.00000E-040  1.00000E-040  1.00000E-040  1.00000E-040  2.19092E-028  1.00000E-040  1.12037E-040  2.20936E-007  8.69058E-007  1.58277E-005  2.80974E-008  2.71067E-005  3.16100E-001  6.15914E-007  2.75153E-004  4.57910E-019  5.40800E-013  9.67303E-030  8.53772E-023  4.71276E-020  1.83690E-016  2.87300E-008  2.56527E-018  3.78193E-031  1.00000E-040  1.00000E-040  1.00000E-040  8.60874E-020  4.62206E-018  9.46542E-013  1.64509E-011  4.67889E-032  1.00000E-040  4.21096E-024  3.35617E-024  2.96299E-011  2.00480E-011  6.83580E-001  3.29792E-021  2.05094E-024  1.34995E-021  8.81073E-035  7.08309E-035  4.44304E-025  1.86027E-023  7.54139E-009  3.43880E-017  1.00997E-009  3.94815E-018  5.54563E-009  3.84623E-011  2.83427E-007  2.80712E-013  1.88374E-018  4.19972E-014  7.81070E-013  8.78148E-017  5.70793E-011  7.80387E-030  1.77333E-031  1.00000E-040  4.10225E-031  1.00000E-040  7.02067E-021  3.72352E-019  2.36959E-014  1.64240E-023  1.14481E-022  1.74223E-038  1.00000E-040  2.36988E-028  1.66100E-031  1.19977E-025  5.26119E-031  1.67793E-033  1.05762E-025  2.41455E-020  4.73931E-022  4.67374E-029  1.50412E-027  3.05200E-017  1.49684E-019  3.14440E-017  8.23491E-023  3.97560E-028  9.95830E-033  5.92428E-016  6.82062E-034  1.26654E-025  5.82259E-030  1.17742E-023  4.51677E-030  3.83114E-020  2.44166E-021  7.15491E-014  1.00000E-040  9.19802E-015  1.06091E-040  1.31766E-030  2.88411E-020  1.00000E-040  1.27854E-023  5.85981E-014  3.52444E-035  1.00000E-003  1.00000E-005  1.00000E-005  1.00000E-005  1.00000E-005  1.00000E-005  1.00000E-005  1.00000E-005  1.00000E-005  1.00000E-005  1.00000E-005  1.00000E-005  1.00000E-005  1.00000E-005  1.00000E-005  1.00000E-005  
8.25000E+001  7.63762E-006  2.69127E+014  2.05550E+002  4.06996E+005  1.00000E-040  1.00000E-040  1.00000E-040  1.00000E-040  1.00000E-040  1.00000E-040  1.00000E-040  1.00000E-040  1.00000E-040  1.00000E-040  1.00000E-040  1.00000E-040  1.00000E-040  1.00000E-040  1.40124E-028  1.00000E-040  1.13465E-040  4.27097E-007  9.58587E-007  1.54629E-005  3.41949E-008  3.69241E-005  3.15874E-001  7.87329E-007  2.74023E-004  5.57616E-019  5.23444E-013  7.32132E-029  3.36253E-022  1.85901E-019  1.57060E-016  2.79246E-008  3.35103E-018  3.49530E-031  1.00000E-040  1.00000E-040  1.00000E-040  7.91670E-020  4.42485E-018  1.02673E-012  1.83094E-011  1.77602E-031  1.00000E-040  4.98803E-024  1.43971E-023  2.86060E-011  2.21502E-011  6.83797E-001  4.11023E-021  1.99346E-024  2.03406E-021  1.08420E-034  2.04558E-034  1.06139E-024  5.19131E-023  7.34755E-009  4.04072E-017  1.21526E-009  3.86120E-018  5.31634E-009  4.28263E-011  2.43967E-007  2.31160E-013  1.28421E-018  7.62697E-014  6.49772E-013  6.58326E-017  5.41586E-011  7.89920E-030  1.98100E-031  1.00000E-040  2.92267E-031  1.00000E-040  6.98493E-021  3.46453E-019  2.07330E-014  1.39460E-023  9.85214E-023  2.84695E-038  1.00000E-040  2.28088E-028  2.74196E-031  1.15325E-025  1.42390E-030  5.68368E-033  8.76658E-026  6.06721E-020  2.24663E-021  1.35234E-028  1.72482E-027  2.93149E-017  1.01463E-019  2.23635E-017  5.67310E-023  1.71453E-028  2.04301E-032  5.91515E-016  1.71316E-033  1.05550E-025  7.23115E-030  1.04584E-023  9.62178E-030  2.03586E-020  2.83300E-021  7.24764E-014  1.00000E-040  9.14094E-015  4.06507E-040  1.73957E-030  8.53150E-020  1.00000E-040  1.71330E-023  5.69754E-014  5.51051E-035  1.00000E-003  1.00000E-005  1.00000E-005  1.00000E-005  1.00000E-005  1.00000E-005  1.00000E-005  1.00000E-005  1.00000E-005  1.00000E-005  1.00000E-005  1.00000E-005  1.00000E-005  1.00000E-005  1.00000E-005  1.00000E-005  
8.35000E+001  6.48036E-006  2.28505E+014  2.05409E+002  4.06996E+005  1.00000E-040  1.00000E-040  1.00000E-040  1.00000E-040  1.00000E-040  1.00000E-040  1.00000E-040  1.00000E-040  1.00000E-040  1.00000E-040  1.00000E-040  1.00000E-040  1.00000E-040  1.00000E-040  1.02541E-028  1.00000E-040  1.15142E-040  8.02098E-007  1.04568E-006  1.49853E-005  3.19432E-008  6.87254E-005  3.15597E-001  1.01369E-006  2.72678E-004  8.10773E-019  5.43128E-013  5.10840E-028  1.25158E-021  6.81441E-019  1.07513E-016  2.69879E-008  4.75718E-018  1.73753E-031  1.18984E-036  9.19867E-036  1.00000E-040  4.16600E-020  2.83806E-018  1.42900E-012  2.01265E-011  4.96762E-031  1.00000E-040  5.92510E-024  5.62995E-023  2.74111E-011  2.96646E-011  6.84043E-001  4.71804E-021  1.94899E-024  3.00379E-021  6.09614E-035  4.52786E-034  1.93071E-024  1.00193E-022  7.18451E-009  3.38530E-017  1.04160E-009  3.09405E-018  5.08303E-009  3.28969E-011  2.73749E-007  1.13630E-013  5.36634E-019  1.39717E-013  5.45111E-013  3.37316E-017  5.07992E-011  8.10459E-030  1.62975E-031  1.00000E-040  2.03046E-031  1.00000E-040  6.94327E-021  3.21536E-019  1.78958E-014  7.49956E-024  5.57826E-023  4.62068E-038  1.00000E-040  2.19709E-028  2.46487E-031  1.47078E-025  3.99779E-030  1.02542E-032  4.28804E-026  1.19038E-019  9.31434E-021  2.82915E-028  1.46821E-027  1.88432E-017  4.82551E-020  1.53231E-017  2.79078E-023  6.16725E-029  4.22484E-032  5.89747E-016  2.48910E-033  5.34335E-026  6.30585E-030  9.10576E-024  7.94134E-030  6.36492E-021  2.47094E-021  9.59971E-014  1.00000E-040  9.07471E-015  1.00000E-040  1.68811E-030  2.20355E-019  1.00000E-040  1.65305E-023  5.51398E-014  8.13606E-035  1.00000E-003  1.00000E-005  1.00000E-005  1.00000E-005  1.00000E-005  1.00000E-005  1.00000E-005  1.00000E-005  1.00000E-005  1.00000E-005  1.00000E-005  1.00000E-005  1.00000E-005  1.00000E-005  1.00000E-005  1.00000E-005  
8.45000E+001  5.49922E-006  1.93616E+014  2.05720E+002  4.06996E+005  1.00000E-040  1.00000E-040  1.00000E-040  1.00000E-040  1.00000E-040  1.00000E-040  1.00000E-040  1.00000E-040  1.00000E-040  1.00000E-040  1.00000E-040  1.00000E-040  1.00000E-040  1.00000E-040  8.99641E-029  1.00000E-040  1.17110E-040  1.35363E-006  1.12374E-006  1.43913E-005  2.44294E-008  1.51864E-004  3.15244E-001  1.30448E-006  2.71080E-004  1.57539E-018  6.08668E-013  2.90743E-027  4.19130E-021  2.16748E-018  8.01485E-017  2.58978E-008  7.37334E-018  6.01355E-032  1.00000E-040  1.00000E-040  1.00000E-040  1.38658E-020  1.38263E-018  2.37126E-012  2.17013E-011  1.10091E-030  1.00000E-040  6.97460E-024  1.92858E-022  2.60186E-011  4.65752E-011  6.84315E-001  4.89689E-021  1.97001E-024  4.18183E-021  2.14752E-035  8.04518E-034  2.78113E-024  1.45327E-022  7.06113E-009  2.15339E-017  6.74774E-010  2.16587E-018  4.84412E-009  1.86205E-011  3.62463E-007  4.45747E-014  1.82303E-019  2.51530E-013  4.61032E-013  1.38693E-017  4.69545E-011  8.18779E-030  1.06262E-031  1.00000E-040  1.32980E-031  1.00000E-040  6.89471E-021  2.96545E-019  1.56118E-014  3.08850E-024  2.36935E-023  7.71806E-038  2.32354E-039  2.11611E-028  1.25309E-031  2.14320E-025  1.17604E-029  1.15183E-032  1.65072E-026  1.80764E-019  3.30328E-020  4.55347E-028  1.02138E-027  9.15697E-018  2.09110E-020  1.05674E-017  1.48700E-023  1.87784E-029  8.81250E-032  5.87235E-016  2.29227E-033  2.11535E-026  4.16726E-030  7.77693E-024  3.36440E-030  1.82130E-021  1.69860E-021  1.50848E-013  1.00000E-040  8.99796E-015  1.00000E-040  1.26379E-030  4.94225E-019  1.00000E-040  1.24715E-023  5.30461E-014  1.13474E-034  1.00000E-003  1.00000E-005  1.00000E-005  1.00000E-005  1.00000E-005  1.00000E-005  1.00000E-005  1.00000E-005  1.00000E-005  1.00000E-005  1.00000E-005  1.00000E-005  1.00000E-005  1.00000E-005  1.00000E-005  1.00000E-005  
8.55000E+001  4.66835E-006  1.64114E+014  2.06032E+002  4.06996E+005  1.00000E-040  1.00000E-040  1.00000E-040  1.00000E-040  1.00000E-040  1.00000E-040  1.00000E-040  1.00000E-040  1.00000E-040  1.00000E-040  1.00000E-040  1.00000E-040  1.00000E-040  1.00000E-040  8.54437E-029  1.00000E-040  1.19417E-040  2.05646E-006  1.19337E-006  1.36870E-005  1.81184E-008  3.30271E-004  3.14778E-001  1.66507E-006  2.69194E-004  3.54765E-018  6.96789E-013  1.31131E-026  1.23510E-020  5.79440E-018  7.45750E-017  2.46333E-008  1.18709E-017  2.02845E-032  1.00000E-040  2.39280E-040  1.00000E-040  3.55230E-021  6.25762E-019  3.93614E-012  2.29488E-011  2.16497E-030  1.00000E-040  8.00884E-024  5.70973E-022  2.44049E-011  8.12825E-011  6.84604E-001  5.03694E-021  1.99199E-024  5.37219E-021  1.00000E-040  1.30326E-033  3.57273E-024  1.86757E-022  6.99929E-009  1.26405E-017  3.99651E-010  1.56654E-018  4.59815E-009  8.96459E-012  4.87474E-007  2.17495E-014  7.70221E-020  4.34723E-013  3.91794E-013  5.33593E-018  4.25984E-011  7.98007E-030  6.71568E-032  1.00000E-040  8.37967E-032  1.00000E-040  6.83817E-021  2.70389E-019  1.38168E-014  1.50567E-024  1.13718E-023  1.43832E-037  6.29168E-035  2.02896E-028  5.11373E-032  2.98554E-025  3.33938E-029  1.15425E-032  7.73204E-027  2.43880E-019  1.00273E-019  6.52377E-028  6.46084E-028  4.13303E-018  9.98141E-021  7.48918E-018  1.11655E-023  5.00904E-030  1.82182E-031  5.84070E-016  1.82621E-033  9.95281E-027  2.48012E-030  6.53553E-024  1.24450E-030  6.60832E-022  1.09912E-021  2.41520E-013  1.00000E-040  8.90943E-015  1.00000E-040  8.55964E-031  9.73935E-019  1.00000E-040  8.54135E-024  5.06461E-014  1.52060E-034  1.00000E-003  1.00000E-005  1.00000E-005  1.00000E-005  1.00000E-005  1.00000E-005  1.00000E-005  1.00000E-005  1.00000E-005  1.00000E-005  1.00000E-005  1.00000E-005  1.00000E-005  1.00000E-005  1.00000E-005  1.00000E-005  
8.65000E+001  3.96454E-006  1.39195E+014  2.06294E+002  4.06996E+005  1.00000E-040  1.00000E-040  1.00000E-040  1.00000E-040  1.00000E-040  1.00000E-040  1.00000E-040  1.00000E-040  1.00000E-040  1.00000E-040  1.00000E-040  1.00000E-040  1.00000E-040  1.00000E-040  8.31833E-029  1.00000E-040  1.22118E-040  2.89290E-006  1.25827E-006  1.28747E-005  1.38279E-008  6.61600E-004  3.14155E-001  2.10085E-006  2.66978E-004  7.80465E-018  7.76333E-013  4.81696E-026  3.20260E-020  1.28672E-017  7.85271E-017  2.31790E-008  1.90775E-017  7.56537E-033  1.00000E-040  1.00000E-040  1.00000E-040  8.10221E-022  2.89964E-019  6.13480E-012  2.38201E-011  3.83806E-030  1.00000E-040  8.88941E-024  1.47007E-021  2.25552E-011  1.67635E-010  6.84897E-001  5.87594E-021  2.00749E-024  6.41581E-021  8.25053E-036  2.08246E-033  4.36453E-024  2.26884E-022  7.02157E-009  7.55321E-018  2.37799E-010  1.33387E-018  4.34398E-009  3.93604E-012  6.25282E-007  1.41949E-014  4.32667E-020  7.08412E-013  3.32350E-013  2.03697E-018  3.77488E-011  7.48382E-030  4.55512E-032  1.00000E-040  5.09404E-032  1.00000E-040  6.77252E-021  2.42659E-019  1.23102E-014  1.00650E-024  7.17692E-024  2.30193E-037  1.56677E-034  1.93181E-028  2.04956E-032  3.74041E-025  8.47785E-029  1.28324E-032  4.86376E-027  3.11495E-019  2.64080E-019  8.85314E-028  4.05783E-028  1.91041E-018  5.39721E-021  5.44491E-018  1.21558E-023  1.21506E-030  3.64996E-031  5.80265E-016  1.42776E-033  6.26950E-027  1.46332E-030  5.42673E-024  4.86671E-031  2.94240E-022  7.07969E-022  3.70565E-013  1.00000E-040  8.80818E-015  1.00000E-040  5.73295E-031  1.70784E-018  1.00000E-040  5.80050E-024  4.79028E-014  1.98684E-034  1.00000E-003  1.00000E-005  1.00000E-005  1.00000E-005  1.00000E-005  1.00000E-005  1.00000E-005  1.00000E-005  1.00000E-005  1.00000E-005  1.00000E-005  1.00000E-005  1.00000E-005  1.00000E-005  1.00000E-005  1.00000E-005  
8.75000E+001  3.36810E-006  1.18167E+014  2.06446E+002  4.06996E+005  1.00000E-040  1.00000E-040  1.00000E-040  1.00000E-040  1.00000E-040  1.00000E-040  1.00000E-040  1.00000E-040  1.00000E-040  1.00000E-040  1.00000E-040  1.00000E-040  1.00000E-040  1.00000E-040  8.15278E-029  1.00000E-040  1.25273E-040  3.84831E-006  1.32182E-006  1.19570E-005  1.08910E-008  1.21372E-003  3.13323E-001  2.61806E-006  2.64388E-004  1.57245E-017  8.33083E-013  1.48989E-025  7.36306E-020  2.39393E-017  8.66331E-017  2.15294E-008  2.99663E-017  3.12694E-033  1.00000E-040  1.00000E-040  1.00000E-040  1.88604E-022  1.41232E-019  8.91472E-012  2.42846E-011  6.09911E-030  1.00000E-040  9.55745E-024  3.32510E-021  2.04723E-011  4.22013E-010  6.85179E-001  8.41515E-021  2.00301E-024  7.20136E-021  4.44541E-036  3.37905E-033  5.15168E-024  2.63711E-022  7.13452E-009  4.72463E-018  1.46095E-010  1.36883E-018  4.08083E-009  1.61986E-012  7.58557E-007  1.09555E-014  2.86279E-020  1.07552E-012  2.79521E-013  7.90591E-019  3.24918E-011  6.79646E-030  3.37663E-032  1.00000E-040  2.99592E-032  1.00000E-040  6.69651E-021  2.13588E-019  1.09566E-014  8.21307E-025  5.39063E-024  1.20194E-037  1.28570E-035  1.82349E-028  8.61029E-033  4.23279E-025  1.86299E-028  1.80029E-032  3.64972E-027  3.81999E-019  6.12109E-019  1.15330E-027  2.57871E-028  9.29184E-019  3.27820E-021  4.05164E-018  1.84499E-023  2.79202E-031  6.97714E-031  5.75780E-016  1.11951E-033  4.71425E-027  8.80557E-031  4.47279E-024  2.05740E-031  1.49928E-022  4.53886E-022  5.41459E-013  1.00000E-040  8.69366E-015  1.00000E-040  3.90186E-031  2.69657E-018  1.00000E-040  3.98420E-024  4.47965E-014  2.54371E-034  1.00000E-003  1.00000E-005  1.00000E-005  1.00000E-005  1.00000E-005  1.00000E-005  1.00000E-005  1.00000E-005  1.00000E-005  1.00000E-005  1.00000E-005  1.00000E-005  1.00000E-005  1.00000E-005  1.00000E-005  1.00000E-005  
8.85000E+001  2.86248E-006  1.00354E+014  2.06598E+002  4.06996E+005  1.00000E-040  1.00000E-040  1.00000E-040  1.00000E-040  1.00000E-040  1.00000E-040  1.00000E-040  1.00000E-040  1.00000E-040  1.00000E-040  1.00000E-040  1.00000E-040  1.00000E-040  1.00000E-040  7.98760E-029  1.00000E-040  1.28953E-040  4.90378E-006  1.38600E-006  1.09418E-005  8.74525E-009  2.05845E-003  3.12226E-001  3.22339E-006  2.61379E-004  2.86724E-017  8.64609E-013  5.06841E-025  1.51638E-019  3.81804E-017  9.67232E-017  1.96946E-008  4.57001E-017  1.17454E-033  1.00000E-040  1.00000E-040  1.00000E-040  4.99060E-023  7.24048E-020  1.21748E-011  2.43095E-011  8.73434E-030  1.42060E-040  1.00425E-023  6.68344E-021  1.81845E-011  1.18797E-009  6.85433E-001  1.42083E-020  1.99736E-024  7.68281E-021  2.58820E-036  5.57639E-033  5.85765E-024  2.92502E-022  7.30614E-009  3.08722E-018  9.29201E-011  1.57933E-018  3.80853E-009  6.32243E-013  8.72637E-007  9.08094E-015  2.02760E-020  1.51041E-012  2.31818E-013  3.15911E-019  2.69990E-011  6.02959E-030  2.71344E-032  1.00000E-040  1.70291E-032  1.00000E-040  6.60884E-021  1.83881E-019  9.68370E-015  7.33083E-025  4.34450E-024  6.38111E-038  1.00000E-040  1.70351E-028  3.81396E-033  4.40403E-025  3.55652E-028  3.00993E-032  2.94526E-027  4.50190E-019  1.26617E-018  1.44159E-027  1.70074E-028  4.75628E-019  2.20852E-021  3.07290E-018  3.42663E-023  6.61763E-032  1.26256E-030  5.70546E-016  8.62398E-034  3.81051E-027  5.47622E-031  3.67665E-024  9.15348E-032  8.34980E-023  2.84240E-022  7.58414E-013  1.00000E-040  8.56579E-015  1.00000E-040  2.70837E-031  3.87219E-018  1.00000E-040  2.79775E-024  4.13332E-014  3.17792E-034  1.00000E-003  1.00000E-005  1.00000E-005  1.00000E-005  1.00000E-005  1.00000E-005  1.00000E-005  1.00000E-005  1.00000E-005  1.00000E-005  1.00000E-005  1.00000E-005  1.00000E-005  1.00000E-005  1.00000E-005  1.00000E-005  
8.95000E+001  2.43367E-006  8.53340E+013  2.06565E+002  4.06996E+005  1.00000E-040  1.00000E-040  1.00000E-040  1.00000E-040  1.00000E-040  1.00000E-040  1.00000E-040  1.00000E-040  1.00000E-040  1.00000E-040  1.00000E-040  1.00000E-040  1.00000E-040  1.00000E-040  7.78268E-029  1.00000E-040  1.33241E-040  6.03165E-006  1.45132E-006  9.84654E-006  7.12713E-009  3.26205E-003  3.10812E-001  3.92285E-006  2.57906E-004  4.72910E-017  8.80966E-013  8.66361E-024  2.82162E-019  5.38271E-017  1.07014E-016  1.77052E-008  6.73352E-017  8.46233E-034  3.39503E-034  1.03574E-033  1.00000E-040  1.56094E-023  3.87967E-020  1.57065E-011  2.39251E-011  1.17360E-029  2.23422E-040  1.04698E-023  1.20260E-020  1.57526E-011  3.35582E-009  6.85645E-001  2.55834E-020  1.95550E-024  7.77908E-021  1.50174E-036  9.29889E-033  6.43997E-024  3.08882E-022  7.44485E-009  2.07646E-018  6.10864E-011  1.86868E-018  3.52786E-009  2.36481E-013  9.63676E-007  7.69136E-015  1.46786E-020  1.95474E-012  1.89138E-013  1.30828E-019  2.15255E-011  5.27193E-030  2.31777E-032  1.00000E-040  9.54029E-033  1.00000E-040  6.50824E-021  1.54562E-019  8.46007E-015  6.73419E-025  3.52714E-024  6.90253E-038  1.00000E-040  1.57206E-028  1.78386E-033  4.32093E-025  6.00688E-028  5.11608E-032  2.38562E-027  5.08409E-019  2.36034E-018  1.72984E-027  1.12864E-028  2.54993E-019  1.62650E-021  2.37913E-018  6.75930E-023  2.29750E-032  2.15509E-030  5.64486E-016  6.58177E-034  3.08988E-027  3.49662E-031  3.02967E-024  4.23251E-032  4.94418E-023  1.74216E-022  1.03236E-012  1.00000E-040  8.42503E-015  1.00000E-040  1.90966E-031  5.10845E-018  1.00000E-040  1.96749E-024  3.75541E-014  3.83954E-034  1.00000E-003  1.00000E-005  1.00000E-005  1.00000E-005  1.00000E-005  1.00000E-005  1.00000E-005  1.00000E-005  1.00000E-005  1.00000E-005  1.00000E-005  1.00000E-005  1.00000E-005  1.00000E-005  1.00000E-005  1.00000E-005  
9.05000E+001  2.06946E-006  7.27431E+013  2.06054E+002  4.06996E+005  1.00000E-040  1.00000E-040  1.00000E-040  1.00000E-040  1.00000E-040  1.00000E-040  1.00000E-040  1.00000E-040  1.00000E-040  1.00000E-040  1.00000E-040  1.00000E-040  1.00000E-040  1.00000E-040  7.51445E-029  1.00000E-040  1.38229E-040  7.19475E-006  1.51702E-006  8.69991E-006  5.89689E-009  4.87694E-003  3.09041E-001  4.72032E-006  2.53930E-004  7.08201E-017  8.94758E-013  2.88068E-022  4.78204E-019  6.89555E-017  1.15899E-016  1.56158E-008  9.57441E-017  4.08374E-034  1.00000E-040  1.00000E-040  1.00000E-040  5.69451E-024  2.15926E-020  1.92585E-011  2.31793E-011  2.24841E-029  3.27910E-040  1.09994E-023  1.94856E-020  1.32699E-011  8.96088E-009  6.85804E-001  4.56788E-020  1.82821E-024  7.44424E-021  3.07797E-036  1.54973E-032  6.90359E-024  3.10447E-022  7.41161E-009  1.40657E-018  4.13900E-011  2.13062E-018  3.24106E-009  8.60787E-014  1.03654E-006  6.45452E-015  1.05762E-020  2.32837E-012  1.51998E-013  5.62040E-020  1.63767E-011  4.57669E-030  2.05171E-032  1.00000E-040  5.41499E-033  1.00000E-040  6.39356E-021  1.26763E-019  7.28256E-015  6.18755E-025  2.77690E-024  7.14530E-038  1.00000E-040  1.43035E-028  8.82185E-034  4.10010E-025  9.17369E-028  8.06746E-032  1.85190E-027  5.48752E-019  3.99752E-018  1.99706E-027  7.19651E-029  1.42784E-019  1.28718E-021  1.88579E-018  1.30139E-022  2.03380E-032  3.46716E-030  5.57524E-016  5.09289E-034  2.40045E-027  2.26144E-031  2.51580E-024  2.02997E-032  3.06371E-023  1.05812E-022  1.38454E-012  1.00000E-040  8.27229E-015  1.00000E-040  1.36006E-031  6.25065E-018  3.47491E-038  1.34279E-024  3.35427E-014  4.43843E-034  1.00000E-003  1.00000E-005  1.00000E-005  1.00000E-005  1.00000E-005  1.00000E-005  1.00000E-005  1.00000E-005  1.00000E-005  1.00000E-005  1.00000E-005  1.00000E-005  1.00000E-005  1.00000E-005  1.00000E-005  1.00000E-005  
9.15000E+001  1.75978E-006  6.20111E+013  2.05544E+002  4.06996E+005  1.00000E-040  1.00000E-040  1.00000E-040  1.00000E-040  1.00000E-040  1.00000E-040  1.00000E-040  1.00000E-040  1.00000E-040  1.00000E-040  1.00000E-040  1.00000E-040  1.00000E-040  1.00000E-040  7.20502E-029  1.00000E-040  1.44030E-040  8.34980E-006  1.58137E-006  7.53939E-006  4.87982E-009  6.93912E-003  3.06882E-001  5.61767E-006  2.49415E-004  9.74974E-017  8.99677E-013  6.35668E-021  7.46001E-019  8.19206E-017  1.22932E-016  1.34983E-008  1.32640E-016  1.00000E-040  1.00000E-040  1.00000E-040  1.00000E-040  2.28138E-024  1.24051E-020  2.27153E-011  2.20004E-011  1.71921E-028  4.57508E-040  1.16051E-023  2.87763E-020  1.08482E-011  2.20858E-008  6.85905E-001  7.77023E-020  1.70638E-024  6.84633E-021  2.67081E-036  2.50676E-032  7.12638E-024  2.95771E-022  7.11182E-009  9.38841E-019  2.86302E-011  2.34435E-018  2.95149E-009  3.09121E-014  1.07997E-006  5.24698E-015  7.37504E-021  2.55402E-012  1.20648E-013  2.47783E-020  1.18372E-011  3.96466E-030  1.88730E-032  1.00000E-040  3.04457E-033  1.00000E-040  6.26371E-021  1.01410E-019  6.16401E-015  5.72501E-025  2.14762E-024  6.18195E-038  1.00000E-040  1.28068E-028  4.47044E-034  3.76311E-025  1.30105E-027  1.15482E-031  1.41266E-027  5.66656E-019  6.22645E-018  2.20918E-027  4.86329E-029  8.25301E-020  1.07600E-021  1.51682E-018  2.37969E-022  3.07000E-032  5.26600E-030  5.49581E-016  3.79562E-034  1.83199E-027  1.51238E-031  2.11323E-024  9.69822E-033  1.95063E-023  6.19990E-023  1.83066E-012  1.00000E-040  8.10827E-015  1.00000E-040  9.71418E-032  7.12621E-018  6.57583E-034  9.19781E-025  2.94170E-014  4.85715E-034  1.00000E-003  1.00000E-005  1.00000E-005  1.00000E-005  1.00000E-005  1.00000E-005  1.00000E-005  1.00000E-005  1.00000E-005  1.00000E-005  1.00000E-005  1.00000E-005  1.00000E-005  1.00000E-005  1.00000E-005  1.00000E-005  
9.25000E+001  1.49645E-006  5.28949E+013  2.04911E+002  4.06996E+005  1.00000E-040  1.00000E-040  1.00000E-040  1.00000E-040  1.00000E-040  1.00000E-040  1.00000E-040  1.00000E-040  1.00000E-040  1.00000E-040  1.00000E-040  1.00000E-040  1.00000E-040  1.00000E-040  6.87109E-029  1.00000E-040  1.50774E-040  9.45244E-006  1.64216E-006  6.40687E-006  4.03920E-009  9.46107E-003  3.04321E-001  6.61374E-006  2.44336E-004  1.24193E-016  8.97317E-013  9.13516E-020  1.07845E-018  9.16339E-017  1.27108E-016  1.14333E-008  1.79392E-016  1.74218E-034  1.15195E-034  1.00000E-040  1.00000E-040  9.78807E-025  7.31821E-021  2.58995E-011  2.04310E-011  1.90853E-027  6.14617E-040  1.23399E-023  3.89453E-020  8.59924E-012  4.98833E-008  6.85948E-001  1.23887E-019  1.57128E-024  6.05859E-021  5.33638E-036  3.89156E-032  7.11556E-024  2.67374E-022  6.55930E-009  6.13564E-019  2.01507E-011  2.46232E-018  2.66360E-009  1.11400E-014  1.09862E-006  4.11420E-015  4.96501E-021  2.58670E-012  9.51348E-014  1.10724E-020  8.10400E-012  3.44030E-030  1.78719E-032  1.00000E-040  1.71217E-033  1.00000E-040  6.11782E-021  7.91854E-020  5.12493E-015  5.28238E-025  1.61685E-024  7.98478E-038  1.00000E-040  1.12657E-028  2.31040E-034  3.38065E-025  1.73874E-027  1.50405E-031  1.04576E-027  5.59280E-019  8.97827E-018  2.34520E-027  3.51030E-029  4.90559E-020  9.32163E-022  1.23825E-018  4.05116E-022  4.75697E-032  7.56056E-030  5.40588E-016  2.75415E-034  1.35661E-027  1.03864E-031  1.80137E-024  4.60412E-033  1.26475E-023  3.53553E-023  2.40320E-012  1.00000E-040  7.93362E-015  1.00000E-040  6.92003E-032  7.61912E-018  9.72042E-030  6.22659E-025  2.53180E-014  5.00325E-034  1.00000E-003  1.00000E-005  1.00000E-005  1.00000E-005  1.00000E-005  1.00000E-005  1.00000E-005  1.00000E-005  1.00000E-005  1.00000E-005  1.00000E-005  1.00000E-005  1.00000E-005  1.00000E-005  1.00000E-005  1.00000E-005  
9.35000E+001  1.27232E-006  4.51952E+013  2.03902E+002  4.06996E+005  1.00000E-040  1.00000E-040  1.00000E-040  1.00000E-040  1.00000E-040  1.00000E-040  1.00000E-040  1.00000E-040  1.00000E-040  1.00000E-040  1.00000E-040  1.00000E-040  1.00000E-040  1.00000E-040  6.53823E-029  1.00000E-040  1.58611E-040  1.04636E-005  1.69723E-006  5.34461E-006  3.35688E-009  1.24286E-002  3.01364E-001  7.70225E-006  2.38679E-004  1.47561E-016  8.93245E-013  9.06630E-019  1.45510E-018  9.76273E-017  1.27916E-016  9.50161E-009  2.37085E-016  1.13200E-034  2.83330E-034  1.00000E-040  1.00000E-040  4.49598E-025  4.42090E-021  2.86552E-011  1.85632E-011  1.61111E-026  8.05656E-040  1.32953E-023  4.85750E-020  6.61714E-012  1.03226E-007  6.85943E-001  1.84308E-019  1.39278E-024  5.14059E-021  3.79360E-035  5.80063E-032  6.94508E-024  2.30620E-022  5.84828E-009  3.94171E-019  1.44142E-011  2.43883E-018  2.38288E-009  4.11645E-015  1.10162E-006  3.13133E-015  3.25756E-021  2.43000E-012  7.51039E-014  4.97750E-021  5.24975E-012  2.99899E-030  1.72587E-032  1.00000E-040  9.80430E-034  1.00000E-040  5.95529E-021  6.04664E-020  4.18792E-015  4.83088E-025  1.16991E-024  1.48754E-037  6.92954E-036  9.72744E-029  1.22310E-034  3.01200E-025  2.21174E-027  1.79959E-031  7.36682E-028  5.28325E-019  1.20640E-017  2.40044E-027  2.69982E-029  2.99943E-020  8.23729E-022  1.02818E-018  6.35841E-022  6.66957E-032  1.02780E-029  5.30491E-016  1.99913E-034  9.55893E-028  7.23086E-032  1.56197E-024  2.19469E-033  8.33622E-024  1.99383E-023  3.15191E-012  1.00000E-040  7.74888E-015  1.00000E-040  4.90326E-032  7.69472E-018  8.35706E-026  4.06506E-025  2.13967E-014  4.84881E-034  1.00000E-003  1.00000E-005  1.00000E-005  1.00000E-005  1.00000E-005  1.00000E-005  1.00000E-005  1.00000E-005  1.00000E-005  1.00000E-005  1.00000E-005  1.00000E-005  1.00000E-005  1.00000E-005  1.00000E-005  1.00000E-005  
9.45000E+001  1.08142E-006  3.86043E+013  2.02896E+002  4.06996E+005  1.00000E-040  1.00000E-040  1.00000E-040  1.00000E-040  1.00000E-040  1.00000E-040  1.00000E-040  1.00000E-040  1.00000E-040  1.00000E-040  1.00000E-040  1.00000E-040  1.00000E-040  1.00000E-040  6.24962E-029  1.00000E-040  1.67723E-040  1.13544E-005  1.74482E-006  4.38892E-006  2.77293E-009  1.58049E-002  2.98032E-001  8.87167E-006  2.32441E-004  1.65916E-016  8.80482E-013  6.57189E-018  1.85324E-018  1.00222E-016  1.26096E-016  7.77168E-009  3.08099E-016  6.79535E-035  1.34555E-034  1.15354E-034  1.00000E-040  2.14658E-025  2.72409E-021  3.09546E-011  1.64351E-011  1.00949E-025  1.04999E-039  1.43395E-023  5.66040E-020  4.96243E-012  1.96527E-007  6.85903E-001  2.55593E-019  1.23146E-024  4.23997E-021  2.61206E-034  8.23582E-032  6.58833E-024  1.90918E-022  5.12712E-009  2.52056E-019  1.04233E-011  2.32590E-018  2.11533E-009  1.58178E-015  1.08050E-006  2.34483E-015  2.10156E-021  2.13107E-012  5.97589E-014  2.23644E-021  3.22137E-012  2.63109E-030  1.72866E-032  1.00000E-040  5.58019E-034  1.00000E-040  5.77578E-021  4.52760E-020  3.37137E-015  4.39354E-025  8.30548E-025  6.56559E-038  1.00000E-040  8.24518E-029  6.49848E-035  2.64103E-025  2.71921E-027  2.01164E-031  5.09127E-028  4.81101E-019  1.52916E-017  2.37187E-027  2.38781E-029  1.87078E-020  7.36360E-022  8.69158E-019  9.28974E-022  8.59157E-032  1.32634E-029  5.19245E-016  1.40173E-034  6.60717E-028  5.18696E-032  1.37857E-024  1.02919E-033  5.55039E-024  1.09153E-023  4.13993E-012  1.00000E-040  7.55396E-015  2.82818E-038  3.44511E-032  7.38008E-018  2.74129E-022  2.64265E-025  1.77919E-014  4.43595E-034  1.00000E-003  1.00000E-005  1.00000E-005  1.00000E-005  1.00000E-005  1.00000E-005  1.00000E-005  1.00000E-005  1.00000E-005  1.00000E-005  1.00000E-005  1.00000E-005  1.00000E-005  1.00000E-005  1.00000E-005  1.00000E-005  
9.55000E+001  9.18861E-007  3.29610E+013  2.01914E+002  4.06996E+005  1.00000E-040  1.00000E-040  1.00000E-040  1.00000E-040  1.00000E-040  1.00000E-040  1.00000E-040  1.00000E-040  1.00000E-040  1.00000E-040  1.00000E-040  1.00000E-040  1.00000E-040  1.00000E-040  6.02072E-029  1.00000E-040  1.78320E-040  1.21082E-005  1.78379E-006  3.56629E-006  2.27330E-009  1.95287E-002  2.94368E-001  1.01040E-005  2.25638E-004  1.78888E-016  8.62176E-013  3.63970E-017  2.25342E-018  1.00275E-016  1.22509E-016  6.29250E-009  3.94435E-016  1.00000E-040  1.00000E-040  1.00000E-040  1.00000E-040  1.05529E-025  1.70904E-021  3.27551E-011  1.41601E-011  4.87511E-025  1.40374E-039  1.53959E-023  6.24722E-020  3.65740E-012  3.46964E-007  6.85848E-001  3.32419E-019  1.08813E-024  3.42765E-021  1.40563E-033  1.11959E-031  6.11165E-024  1.53703E-022  4.46853E-009  1.62058E-019  7.60969E-012  2.15275E-018  1.86706E-009  6.37729E-016  1.03714E-006  1.74577E-015  1.34692E-021  1.76059E-012  4.82465E-014  1.00144E-021  1.87855E-012  2.32700E-030  1.81443E-032  1.00000E-040  3.13973E-034  1.00000E-040  5.57929E-021  3.34049E-020  2.68646E-015  3.97058E-025  5.81748E-025  4.91038E-038  1.00000E-040  6.87253E-029  3.45907E-035  2.28221E-025  3.26637E-027  2.14156E-031  3.47310E-028  4.26505E-019  1.84909E-017  2.27803E-027  2.36702E-029  1.18782E-020  6.63320E-022  7.62442E-019  1.27681E-021  1.03226E-031  1.62877E-029  5.06827E-016  9.52789E-035  4.50758E-028  3.83192E-032  1.23804E-024  4.77586E-034  3.74084E-024  5.80447E-024  5.53942E-012  1.00000E-040  7.34864E-015  5.21346E-039  2.40092E-032  6.78180E-018  2.97859E-019  1.71849E-025  1.46141E-014  3.87093E-034  1.00000E-003  1.00000E-005  1.00000E-005  1.00000E-005  1.00000E-005  1.00000E-005  1.00000E-005  1.00000E-005  1.00000E-005  1.00000E-005  1.00000E-005  1.00000E-005  1.00000E-005  1.00000E-005  1.00000E-005  1.00000E-005  
9.65000E+001  7.80499E-007  2.81227E+013  2.01017E+002  4.06996E+005  1.00000E-040  1.00000E-040  1.00000E-040  1.00000E-040  1.00000E-040  1.00000E-040  1.00000E-040  1.00000E-040  1.00000E-040  1.00000E-040  1.00000E-040  1.00000E-040  1.00000E-040  1.00000E-040  5.85207E-029  1.00000E-040  1.90647E-040  1.27192E-005  1.81367E-006  2.89339E-006  1.84589E-009  2.35103E-002  2.90434E-001  1.13711E-005  2.18305E-004  1.88243E-016  8.45465E-013  1.60198E-016  2.65769E-018  9.92815E-017  1.18719E-016  5.09396E-009  4.98072E-016  6.79526E-035  1.00000E-040  1.71812E-034  1.00000E-040  5.30512E-026  1.09044E-021  3.40308E-011  1.18679E-011  1.88305E-024  2.01465E-039  1.63728E-023  6.67731E-020  2.69423E-012  5.73232E-007  6.85807E-001  4.08968E-019  9.66553E-025  2.73681E-021  6.05057E-033  1.47432E-031  5.60137E-024  1.23066E-022  3.89642E-009  1.23865E-019  5.60512E-012  1.94613E-018  1.64428E-009  2.70656E-016  9.72943E-007  1.29966E-015  8.61912E-022  1.38810E-012  3.97905E-014  4.46547E-022  1.04804E-012  2.07887E-030  2.02665E-032  1.00000E-040  1.73545E-034  1.00000E-040  5.36629E-021  2.45062E-020  2.13726E-015  3.58373E-025  4.06911E-025  3.97828E-038  1.00000E-040  5.65859E-029  1.84595E-035  1.94188E-025  3.88793E-027  2.23903E-031  2.37093E-028  3.75290E-019  2.16641E-017  2.15118E-027  2.52458E-029  7.66282E-021  6.04399E-022  7.30752E-019  1.68334E-021  1.17822E-031  1.90751E-029  4.93234E-016  6.31008E-035  3.07721E-028  2.92037E-032  1.13025E-024  2.29809E-034  2.57289E-024  2.99554E-024  7.89239E-012  1.00000E-040  7.13270E-015  1.00000E-040  1.66549E-032  6.04961E-018  1.15131E-016  1.13151E-025  1.19410E-014  3.28431E-034  1.00000E-003  1.00000E-005  1.00000E-005  1.00000E-005  1.00000E-005  1.00000E-005  1.00000E-005  1.00000E-005  1.00000E-005  1.00000E-005  1.00000E-005  1.00000E-005  1.00000E-005  1.00000E-005  1.00000E-005  1.00000E-005  
9.75000E+001  6.62752E-007  2.39868E+013  2.00122E+002  4.06996E+005  1.00000E-040  1.00000E-040  1.00000E-040  1.00000E-040  1.00000E-040  1.00000E-040  1.00000E-040  1.00000E-040  1.00000E-040  1.00000E-040  1.00000E-040  1.00000E-040  1.00000E-040  1.00000E-040  5.72960E-029  1.00000E-040  2.04990E-040  1.31884E-005  1.83449E-006  2.37958E-006  1.48672E-009  2.76192E-002  2.86322E-001  1.26260E-005  2.10512E-004  1.98073E-016  8.48483E-013  5.79744E-016  3.11022E-018  9.94408E-017  1.17055E-016  4.19190E-009  6.20128E-016  2.79932E-035  1.51824E-035  2.01053E-034  1.00000E-040  2.73938E-026  7.08364E-022  3.47596E-011  9.69172E-012  6.02598E-024  3.22365E-039  1.71899E-023  7.17005E-020  2.04965E-012  8.94254E-007  6.85816E-001  5.00683E-019  8.56009E-025  2.17518E-021  2.18042E-032  1.93213E-031  5.19891E-024  1.01851E-022  3.40037E-009  2.11142E-018  4.17144E-012  1.71915E-018  1.45326E-009  1.21351E-016  8.93281E-007  9.68274E-016  5.51710E-022  1.06524E-012  3.37569E-014  1.98995E-022  5.67552E-013  1.88147E-030  2.44323E-032  1.00000E-040  9.44224E-035  1.00000E-040  5.13777E-021  1.81890E-020  1.72264E-015  3.27586E-025  2.87941E-025  3.31694E-038  1.00000E-040  4.64452E-029  1.00128E-035  1.63157E-025  4.67696E-027  2.42329E-031  1.63720E-028  3.39723E-019  2.51205E-017  2.03928E-027  2.76143E-029  5.03344E-021  5.64221E-022  8.53633E-019  2.28130E-021  1.29977E-031  2.13356E-029  4.78498E-016  4.19750E-035  2.12491E-028  2.28486E-032  1.04749E-024  1.12302E-034  1.84303E-024  1.51165E-024  1.31574E-011  1.00000E-040  6.90618E-015  2.87197E-038  1.16141E-032  5.34710E-018  1.80137E-014  7.58144E-026  9.82055E-015  2.79136E-034  1.00000E-003  1.00000E-005  1.00000E-005  1.00000E-005  1.00000E-005  1.00000E-005  1.00000E-005  1.00000E-005  1.00000E-005  1.00000E-005  1.00000E-005  1.00000E-005  1.00000E-005  1.00000E-005  1.00000E-005  1.00000E-005  
9.85000E+001  5.62550E-007  2.04379E+013  1.99362E+002  4.06996E+005  1.00000E-040  1.00000E-040  1.00000E-040  1.00000E-040  1.00000E-040  1.00000E-040  1.00000E-040  1.00000E-040  1.00000E-040  1.00000E-040  1.00000E-040  1.00000E-040  1.00000E-040  1.00000E-040  5.63797E-029  1.00000E-040  2.21693E-040  1.35177E-005  1.84666E-006  2.03220E-006  1.18397E-009  3.16470E-002  2.82178E-001  1.37805E-005  2.02388E-004  2.16729E-016  9.00135E-013  1.78448E-015  3.74461E-018  1.04406E-016  1.21797E-016  3.59797E-009  7.61503E-016  1.17505E-035  1.84404E-035  1.46937E-035  1.00000E-040  1.44573E-026  4.69567E-022  3.49290E-011  7.74607E-012  1.65036E-023  5.71551E-039  1.75782E-023  8.23556E-020  1.70301E-012  1.32794E-006  6.85939E-001  1.87468E-018  7.65953E-025  1.76552E-021  7.05271E-032  2.64309E-031  5.08105E-024  9.25992E-023  3.01768E-009  1.12134E-016  3.14065E-012  1.50750E-018  1.30060E-009  5.85094E-017  7.98142E-007  7.32683E-016  3.57911E-022  8.20438E-013  2.96402E-014  9.08172E-023  3.10147E-013  1.73264E-030  3.17135E-032  1.00000E-040  5.00580E-035  1.00000E-040  4.89534E-021  1.41029E-020  1.43962E-015  3.11110E-025  2.14335E-025  3.01915E-038  1.00000E-040  3.86360E-029  5.59495E-036  1.34693E-025  5.88641E-027  2.98889E-031  1.19344E-028  3.36935E-019  2.98144E-017  2.00305E-027  3.08041E-029  3.36846E-021  5.54657E-022  1.44764E-018  8.36854E-021  1.43091E-031  2.27858E-029  4.62689E-016  2.88633E-035  1.54895E-028  1.84796E-032  9.83885E-025  6.09978E-035  1.42331E-024  7.46853E-025  2.97798E-011  1.00000E-040  6.66951E-015  4.27827E-039  8.28127E-033  4.82325E-018  1.32642E-012  5.34038E-026  8.28225E-015  2.46290E-034  1.00000E-003  1.00000E-005  1.00000E-005  1.00000E-005  1.00000E-005  1.00000E-005  1.00000E-005  1.00000E-005  1.00000E-005  1.00000E-005  1.00000E-005  1.00000E-005  1.00000E-005  1.00000E-005  1.00000E-005  1.00000E-005  
9.95000E+001  4.77405E-007  1.73283E+013  1.99548E+002  4.06996E+005  1.00000E-040  1.00000E-040  1.00000E-040  1.00000E-040  1.00000E-040  1.00000E-040  1.00000E-040  1.00000E-040  1.00000E-040  1.00000E-040  1.00000E-040  1.00000E-040  1.00000E-040  1.00000E-040  5.48149E-029  1.00000E-040  2.41165E-040  1.37000E-005  1.85081E-006  1.86505E-006  9.18622E-010  3.51661E-002  2.78298E-001  1.46469E-005  1.94196E-004  2.67706E-016  1.07506E-012  5.30085E-015  4.96498E-018  1.22803E-016  1.45943E-016  3.33350E-009  9.23472E-016  7.94330E-036  4.64096E-037  7.13995E-037  1.00000E-040  7.73146E-027  3.18801E-022  3.44416E-011  6.21384E-012  4.33472E-023  1.11654E-038  1.70382E-023  1.10187E-019  1.65147E-012  1.88316E-006  6.86307E-001  1.05833E-016  7.52887E-025  1.55775E-021  2.49972E-031  4.24883E-031  5.57561E-024  1.02151E-022  3.09297E-009  8.11271E-015  2.39404E-012  1.37459E-018  1.19409E-009  3.38390E-017  6.76986E-007  6.35692E-016  2.63010E-022  6.62102E-013  2.70628E-014  4.85114E-023  1.90431E-013  1.63470E-030  4.10019E-032  1.00000E-040  2.58691E-035  1.00000E-040  4.64155E-021  1.20232E-020  1.28762E-015  3.20081E-025  1.84443E-025  3.10854E-038  1.00000E-040  3.34740E-029  3.21111E-036  1.06216E-025  8.26125E-027  5.14124E-031  1.03256E-028  3.99696E-019  3.84612E-017  2.15423E-027  3.79187E-029  2.28162E-021  6.09966E-022  5.09527E-018  4.02659E-019  1.60259E-031  2.31459E-029  4.45948E-016  2.06527E-035  1.33981E-028  1.61690E-032  9.35091E-025  3.97090E-035  1.27958E-024  3.60870E-025  1.25687E-010  1.00000E-040  6.42409E-015  8.80265E-040  6.18360E-033  4.58590E-018  1.16261E-010  4.40016E-026  7.35714E-015  2.30362E-034  1.00000E-003  1.00000E-005  1.00000E-005  1.00000E-005  1.00000E-005  1.00000E-005  1.00000E-005  1.00000E-005  1.00000E-005  1.00000E-005  1.00000E-005  1.00000E-005  1.00000E-005  1.00000E-005  1.00000E-005  1.00000E-005  
