alt           press         den           temp          eddy          H2Oaer        CO2aer        S8aer         H2SO4aer      NH3aer        N2Oaer        C2H2aer       C2H4aer       C2H6aer       CH3CNaer      HCCCNaer      HCNaer        CH4aer        HCaer1        HCaer2        HCaer3        He            H             H2            H2O           OH            O             O2            CO            CO2           HCO           H2CO          C             CH            CH2           CH3           CH4           S             S2            S3            S4            S8            H2S           HS            SO            SO2           CS            CS2           OCS           CN            HCN           N             N2            NH            NH2           NH3           C2            C2H           C2H2          C2H4          NO            HNO           HO2           HNCO          N2O           H2O2          O3            NO2           NO3           SO3           HNO2          HNO3          H2SO4         HCl           Cl            Cl2           HOCl          N2H4          ClO           C2H6          CH3OH         CH2CO         CH3CHO        C3H4          C3H6          C4H2          C4H4          OClO          HCS           C2H3          C2H5          NCO           1CH2          HCCO          NNH           HSO           CH3O          H2COH         H2CN          N2H2          C4H           HCNOH         C2H2OH        CH3CO         CH2CHO        C2H3OH        C2H4OH        CH3O2         HSO3          O1D           N2H3          NH2CO         HS4           C4H3          CH2N2         N2D           CH2CN         CH3CN         HCCCN         H2Oaer_r      CO2aer_r      S8aer_r       H2SO4aer_r    NH3aer_r      N2Oaer_r      C2H2aer_r     C2H4aer_r     C2H6aer_r     CH3CNaer_r    HCCCNaer_r    HCNaer_r      CH4aer_r      HCaer1_r      HCaer2_r      HCaer3_r      
5.00000E-001  1.00906E+000  2.55666E+019  2.85865E+002  1.00000E+005  6.41027E-004  1.00000E-040  1.00000E-040  5.37172E-032  1.00000E-040  1.00000E-040  1.00000E-040  1.00000E-040  1.00000E-040  1.00000E-040  1.00000E-040  1.00000E-040  1.00000E-040  1.00000E-040  2.81674E-023  1.00000E-040  1.00000E-040  2.45159E-021  4.95510E-007  5.85272E-003  4.77668E-014  7.70689E-017  1.05410E-001  3.70338E-008  2.81450E-004  2.62111E-022  1.67739E-010  1.00000E-040  1.00000E-040  1.00573E-032  7.39095E-020  8.00744E-007  3.87992E-028  3.84543E-026  1.04488E-038  1.05435E-037  1.00000E-040  7.75862E-012  2.18120E-017  1.86720E-018  3.45262E-011  1.00000E-040  1.00000E-040  3.33974E-010  2.05730E-034  4.97250E-011  6.14562E-031  8.88454E-001  2.03270E-023  3.05705E-014  5.51142E-010  1.00000E-040  1.00000E-040  3.12403E-029  8.89518E-025  2.81780E-012  5.74193E-016  1.13724E-011  9.43524E-015  2.70548E-007  1.05402E-009  2.19848E-008  1.39429E-011  7.93588E-014  3.34751E-019  3.78119E-012  1.76234E-011  2.78424E-011  2.07436E-031  1.52555E-036  1.00000E-040  1.36159E-031  2.10316E-013  1.12500E-023  3.61471E-023  2.16640E-017  4.20327E-025  3.51115E-025  1.00000E-040  7.85301E-038  3.37381E-029  5.11711E-037  2.39601E-030  1.00000E-040  8.99353E-040  1.11999E-025  1.15619E-016  1.34004E-034  9.24646E-039  5.50901E-023  3.76254E-017  1.72286E-018  2.83889E-015  1.22204E-024  6.11579E-011  1.00000E-040  4.55417E-019  1.00000E-040  2.43811E-025  1.58638E-030  1.47081E-022  3.07100E-025  1.39815E-011  4.61591E-023  1.54356E-022  1.22677E-013  1.88938E-014  1.00000E-040  1.66704E-036  4.83047E-023  1.00000E-040  1.13334E-021  3.62262E-011  6.27642E-038  1.00000E-003  1.00000E-005  1.00000E-005  1.00000E-005  1.00000E-005  1.00000E-005  1.00000E-005  1.00000E-005  1.00000E-005  1.00000E-005  1.00000E-005  1.00000E-005  1.00000E-005  1.00000E-005  1.00000E-005  1.00000E-005  
1.50000E+000  8.94898E-001  2.31950E+019  2.79445E+002  1.00000E+005  8.39920E-004  1.00000E-040  1.00000E-040  6.30291E-029  1.00000E-040  1.00000E-040  1.00000E-040  1.00000E-040  1.00000E-040  1.00000E-040  1.00000E-040  1.00000E-040  1.00000E-040  1.00000E-040  1.58116E-023  1.00000E-040  1.00000E-040  2.11150E-021  4.96294E-007  4.45155E-003  4.06456E-014  9.59724E-017  1.05558E-001  3.60174E-008  2.81849E-004  2.00521E-022  1.27092E-010  1.00000E-040  1.00000E-040  6.08994E-033  5.50325E-020  8.00161E-007  2.18716E-028  3.78468E-026  1.00000E-040  1.00000E-040  1.00000E-040  4.24827E-012  9.85001E-018  1.17512E-018  7.15984E-011  1.00000E-040  1.00000E-040  3.34091E-010  1.03707E-034  4.96579E-011  7.86281E-031  8.89707E-001  2.39496E-023  8.10100E-014  5.24406E-010  1.00000E-040  1.00000E-040  3.00114E-029  8.79183E-025  1.71166E-013  1.02396E-015  1.21079E-011  7.14374E-015  2.70880E-007  1.19534E-009  2.35215E-008  2.65889E-012  5.00376E-014  2.18407E-019  1.99851E-012  2.42692E-011  3.06294E-011  1.18428E-031  1.52168E-036  1.00000E-040  1.03307E-031  5.94912E-013  1.12659E-023  3.63291E-023  2.04282E-017  4.51647E-025  2.81711E-025  1.00000E-040  7.54634E-038  3.37857E-029  4.44689E-037  2.47148E-030  1.00000E-040  7.11083E-040  6.29211E-026  5.14531E-016  7.57235E-035  1.15137E-038  5.95041E-023  2.56551E-017  1.59736E-018  3.85091E-015  7.76451E-025  6.23178E-011  1.00000E-040  6.24603E-019  1.00000E-040  2.42188E-025  1.50645E-030  1.47288E-022  2.68560E-025  1.90714E-010  8.45288E-023  2.06081E-022  2.78290E-013  1.90437E-014  1.00000E-040  1.68110E-036  2.54457E-023  1.00000E-040  1.08566E-021  3.59968E-011  6.28526E-038  1.00000E-003  1.00000E-005  1.00000E-005  1.00000E-005  1.00000E-005  1.00000E-005  1.00000E-005  1.00000E-005  1.00000E-005  1.00000E-005  1.00000E-005  1.00000E-005  1.00000E-005  1.00000E-005  1.00000E-005  1.00000E-005  
2.50000E+000  7.92215E-001  2.08665E+019  2.74986E+002  1.00000E+005  5.27014E-004  1.00000E-040  1.00000E-040  6.63648E-026  1.00000E-040  1.00000E-040  1.00000E-040  1.00000E-040  1.00000E-040  1.00000E-040  1.00000E-040  1.00000E-040  1.00000E-040  1.00000E-040  3.44386E-023  1.00000E-040  1.00000E-040  2.32103E-021  4.96681E-007  3.59349E-003  4.91322E-014  1.24093E-016  1.05649E-001  3.47188E-008  2.82094E-004  9.91085E-023  5.22132E-011  1.00000E-040  1.00000E-040  8.01923E-033  6.26728E-020  7.99372E-007  1.68651E-028  3.69146E-026  1.00000E-040  1.00000E-040  1.00000E-040  2.28871E-012  6.18871E-018  9.61335E-019  5.42632E-011  1.00000E-040  1.00000E-040  3.34039E-010  8.56877E-035  4.95838E-011  1.50745E-030  8.90473E-001  3.18589E-023  1.10243E-013  5.00928E-010  1.00000E-040  1.00000E-040  2.81354E-029  8.33437E-025  1.86267E-014  1.49637E-015  1.04016E-011  6.69692E-015  2.71055E-007  1.16587E-009  2.51714E-008  6.65387E-013  2.31221E-014  1.69529E-019  9.99319E-013  2.51510E-011  3.30180E-011  7.61640E-032  1.62012E-036  1.00000E-040  1.00456E-031  8.68617E-013  1.12756E-023  3.67884E-023  1.84696E-017  5.50994E-025  2.35272E-025  1.00000E-040  7.10943E-038  3.38148E-029  3.16446E-037  2.58721E-030  1.00000E-040  7.80423E-040  5.29851E-026  2.22259E-015  9.48588E-035  1.43495E-038  8.61040E-023  2.22394E-017  6.11853E-019  4.41650E-015  5.87081E-025  6.35921E-011  1.00000E-040  1.02982E-018  1.00000E-040  3.22249E-025  1.39519E-030  1.47415E-022  2.27652E-025  5.93325E-010  7.92152E-023  2.70410E-022  4.07122E-013  1.91656E-014  1.00000E-040  1.71580E-036  2.43125E-023  1.00000E-040  1.01273E-021  3.57850E-011  6.29068E-038  1.00000E-003  1.00000E-005  1.00000E-005  1.00000E-005  1.00000E-005  1.00000E-005  1.00000E-005  1.00000E-005  1.00000E-005  1.00000E-005  1.00000E-005  1.00000E-005  1.00000E-005  1.00000E-005  1.00000E-005  1.00000E-005  
3.50000E+000  6.99813E-001  1.87837E+019  2.69847E+002  1.00000E+005  5.41600E-004  1.00000E-040  1.00000E-040  1.91915E-023  1.00000E-040  1.00000E-040  1.00000E-040  1.00000E-040  1.00000E-040  1.00000E-040  1.00000E-040  1.00000E-040  1.00000E-040  1.00000E-040  1.52658E-023  1.00000E-040  1.00000E-040  2.54044E-021  4.97107E-007  2.72240E-003  5.53184E-014  1.62019E-016  1.05742E-001  3.34778E-008  2.82343E-004  6.22283E-023  2.84034E-011  1.00000E-040  1.00000E-040  8.87651E-033  6.44998E-020  7.98834E-007  1.18083E-028  3.57806E-026  1.00000E-040  1.39491E-040  1.00000E-040  1.23701E-012  3.61256E-018  7.74276E-019  4.10197E-011  1.00000E-040  1.00000E-040  3.34004E-010  6.12924E-035  4.95268E-011  2.41093E-030  8.91252E-001  3.63461E-023  1.15760E-013  4.80987E-010  1.00000E-040  1.00000E-040  2.58639E-029  7.83414E-025  8.25124E-015  2.00025E-015  9.83085E-012  5.80625E-015  2.71227E-007  1.06902E-009  2.74327E-008  3.58073E-013  1.77453E-014  1.09689E-019  5.12428E-013  2.48736E-011  3.10100E-011  5.99452E-032  1.69375E-036  1.00000E-040  9.81511E-032  8.85693E-013  1.12854E-023  3.75335E-023  1.66347E-017  6.89565E-025  2.03828E-025  1.00000E-040  6.58645E-038  3.38443E-029  2.18359E-037  2.77621E-030  1.00000E-040  7.85703E-040  5.22983E-026  4.17913E-015  9.89281E-035  1.00000E-040  1.18792E-022  1.91958E-017  4.58538E-019  5.18350E-015  4.65690E-025  6.43361E-011  1.00000E-040  1.70976E-018  1.00000E-040  4.10720E-025  1.26428E-030  1.47544E-022  2.06037E-025  8.37699E-010  6.93935E-023  3.54155E-022  4.36929E-013  1.92490E-014  1.00000E-040  1.72095E-036  2.09756E-023  1.00000E-040  9.22003E-022  3.56052E-011  6.29617E-038  1.00000E-003  1.00000E-005  1.00000E-005  1.00000E-005  1.00000E-005  1.00000E-005  1.00000E-005  1.00000E-005  1.00000E-005  1.00000E-005  1.00000E-005  1.00000E-005  1.00000E-005  1.00000E-005  1.00000E-005  1.00000E-005  
4.50000E+000  6.16681E-001  1.69097E+019  2.64144E+002  1.00000E+005  5.18037E-004  1.00000E-040  1.00000E-040  7.71623E-021  1.00000E-040  1.00000E-040  1.00000E-040  1.00000E-040  1.00000E-040  1.00000E-040  1.00000E-040  1.00000E-040  1.00000E-040  1.00000E-040  7.50198E-024  1.00000E-040  1.00000E-040  2.71192E-021  4.97580E-007  1.90832E-003  5.87207E-014  2.13620E-016  1.05828E-001  3.24027E-008  2.82575E-004  6.02149E-023  2.45690E-011  1.00000E-040  1.00000E-040  8.44198E-033  6.08827E-020  7.98471E-007  7.84580E-029  3.45273E-026  1.23328E-037  1.33769E-036  1.00000E-040  6.82082E-013  2.02931E-018  6.33505E-019  3.11964E-011  1.00000E-040  1.00000E-040  3.33961E-010  3.85997E-035  4.94836E-011  3.40730E-030  8.91979E-001  3.74027E-023  1.13708E-013  4.64437E-010  1.00000E-040  1.00000E-040  2.34507E-029  7.35560E-025  8.23640E-015  2.60748E-015  9.58338E-012  4.56476E-015  2.71375E-007  9.76834E-010  3.04161E-008  3.31549E-013  1.76175E-014  6.56412E-020  2.97695E-013  2.51752E-011  2.68379E-011  5.08530E-032  1.72398E-036  1.00000E-040  9.40628E-032  8.01249E-013  1.12946E-023  3.85921E-023  1.50297E-017  8.62623E-025  1.79375E-025  1.00000E-040  6.02065E-038  3.38719E-029  1.50753E-037  3.04307E-030  1.00000E-040  7.40657E-040  5.22980E-026  4.58567E-015  8.78290E-035  2.21626E-038  1.57479E-022  1.70151E-017  5.53108E-019  6.37870E-015  3.62691E-025  6.43042E-011  1.00000E-040  2.87978E-018  1.00000E-040  5.09032E-025  1.12620E-030  1.47665E-022  1.93170E-025  8.75761E-010  5.79968E-023  4.64671E-022  4.12655E-013  1.93013E-014  1.00000E-040  1.71137E-036  1.55954E-023  1.00000E-040  8.20487E-022  3.54550E-011  6.30162E-038  1.00000E-003  1.00000E-005  1.00000E-005  1.00000E-005  1.00000E-005  1.00000E-005  1.00000E-005  1.00000E-005  1.00000E-005  1.00000E-005  1.00000E-005  1.00000E-005  1.00000E-005  1.00000E-005  1.00000E-005  1.00000E-005  
5.50000E+000  5.41979E-001  1.52115E+019  2.58064E+002  1.00000E+005  4.26349E-004  1.00000E-040  1.00000E-040  3.77183E-018  1.00000E-040  1.00000E-040  1.00000E-040  1.00000E-040  1.00000E-040  1.00000E-040  1.00000E-040  1.00000E-040  1.00000E-040  1.00000E-040  5.43139E-024  1.00000E-040  1.00000E-040  2.87036E-021  4.98031E-007  1.25982E-003  6.06603E-014  2.83830E-016  1.05897E-001  3.14933E-008  2.82761E-004  7.29560E-023  2.69588E-011  1.00000E-040  1.00000E-040  7.39541E-033  5.47279E-020  7.98159E-007  5.22735E-029  3.32110E-026  1.00000E-040  1.00000E-040  1.00000E-040  3.86702E-013  1.15095E-018  5.46549E-019  2.39863E-011  1.00000E-040  1.00000E-040  3.33869E-010  2.23267E-035  4.94475E-011  4.69217E-030  8.92559E-001  3.73106E-023  1.08720E-013  4.50822E-010  1.00000E-040  1.00000E-040  2.10885E-029  6.90004E-025  1.23446E-014  3.36086E-015  9.45685E-012  3.50115E-015  2.71470E-007  9.10397E-010  3.41331E-008  3.83633E-013  1.90791E-014  4.02214E-020  2.36313E-013  2.68309E-011  2.22823E-011  4.37981E-032  1.72700E-036  1.00000E-040  8.97600E-032  6.88655E-013  1.13020E-023  4.00273E-023  1.36322E-017  1.08703E-024  1.57881E-025  1.00000E-040  5.44599E-038  3.38939E-029  1.03203E-037  3.38566E-030  1.00000E-040  6.76163E-040  5.22816E-026  3.84658E-015  7.12592E-035  3.80703E-038  2.06404E-022  1.60535E-017  7.82107E-019  8.06480E-015  2.75789E-025  6.35421E-011  1.00000E-040  5.01606E-018  1.00000E-040  6.31434E-025  9.91130E-031  1.47760E-022  1.82435E-025  7.48157E-010  4.79208E-023  6.09678E-022  3.67585E-013  1.93318E-014  1.00000E-040  1.69912E-036  1.05569E-023  1.00000E-040  7.15055E-022  3.53278E-011  6.30605E-038  1.00000E-003  1.00000E-005  1.00000E-005  1.00000E-005  1.00000E-005  1.00000E-005  1.00000E-005  1.00000E-005  1.00000E-005  1.00000E-005  1.00000E-005  1.00000E-005  1.00000E-005  1.00000E-005  1.00000E-005  1.00000E-005  
6.50000E+000  4.74877E-001  1.36828E+019  2.51375E+002  1.00000E+005  3.29764E-004  1.00000E-040  1.00000E-040  1.46480E-015  1.00000E-040  1.00000E-040  1.00000E-040  1.00000E-040  1.00000E-040  1.00000E-040  1.00000E-040  1.00000E-040  1.00000E-040  1.00000E-040  3.76255E-024  1.00000E-040  1.00000E-040  3.01658E-021  4.98431E-007  7.70694E-004  6.13780E-014  3.76679E-016  1.05949E-001  3.07151E-008  2.82901E-004  9.54727E-023  3.22194E-011  1.00000E-040  1.00000E-040  5.95285E-033  4.65590E-020  7.97858E-007  3.64098E-029  3.18760E-026  1.00000E-040  1.00000E-040  1.00000E-040  2.26493E-013  6.70585E-019  5.11183E-019  1.87083E-011  1.00000E-040  1.00000E-040  3.33723E-010  1.15817E-035  4.94163E-011  6.53368E-030  8.92996E-001  3.66269E-023  1.01120E-013  4.39658E-010  1.00000E-040  1.00000E-040  1.89037E-029  6.46309E-025  2.48348E-014  4.26600E-015  9.38958E-012  2.66620E-015  2.71512E-007  8.60326E-010  3.85646E-008  4.95732E-013  2.12566E-014  2.76287E-020  2.92879E-013  2.99143E-011  1.72799E-011  3.78474E-032  1.71571E-036  1.00000E-040  8.55958E-032  5.66387E-013  1.13075E-023  4.19142E-023  1.24101E-017  1.39243E-024  1.38074E-025  1.00000E-040  4.88654E-038  3.39105E-029  6.88247E-038  3.79919E-030  1.00000E-040  5.99933E-040  5.23066E-026  2.72147E-015  5.24917E-035  3.48129E-038  2.73507E-022  1.66611E-017  1.19319E-018  1.03199E-014  2.03433E-025  6.22007E-011  1.00000E-040  9.39607E-018  1.00000E-040  7.97756E-025  8.65360E-031  1.47833E-022  1.72141E-025  5.19315E-010  3.96419E-023  7.96626E-022  3.13044E-013  1.93490E-014  1.00000E-040  1.68787E-036  6.50934E-024  1.00000E-040  6.11748E-022  3.52191E-011  6.30898E-038  1.00000E-003  1.00000E-005  1.00000E-005  1.00000E-005  1.00000E-005  1.00000E-005  1.00000E-005  1.00000E-005  1.00000E-005  1.00000E-005  1.00000E-005  1.00000E-005  1.00000E-005  1.00000E-005  1.00000E-005  1.00000E-005  
7.50000E+000  4.14640E-001  1.22921E+019  2.44322E+002  1.00000E+005  2.27454E-004  1.00000E-040  1.00000E-040  4.50612E-013  1.00000E-040  1.00000E-040  1.00000E-040  1.00000E-040  1.00000E-040  1.00000E-040  1.00000E-040  1.00000E-040  1.00000E-040  1.00000E-040  2.93034E-024  1.00000E-040  1.00000E-040  3.20136E-021  4.98738E-007  4.40115E-004  6.17937E-014  4.99203E-016  1.05984E-001  3.00122E-008  2.82996E-004  1.24700E-022  3.84398E-011  1.00000E-040  1.00000E-040  4.58669E-033  3.83965E-020  7.97528E-007  3.15910E-029  3.05591E-026  1.00000E-040  1.00000E-040  1.00000E-040  1.37279E-013  4.09107E-019  5.21525E-019  1.48375E-011  1.00000E-040  1.00000E-040  3.33518E-010  5.55423E-036  4.93876E-011  9.34258E-030  8.93292E-001  3.56085E-023  9.10456E-014  4.30451E-010  6.23009E-040  1.00000E-040  1.69741E-029  6.05361E-025  6.76665E-014  5.29449E-015  9.37881E-012  2.02643E-015  2.71500E-007  8.11821E-010  4.36660E-008  6.79468E-013  2.32395E-014  2.53005E-020  4.88032E-013  3.45209E-011  1.16293E-011  3.34599E-032  1.70899E-036  1.00000E-040  8.20193E-032  4.37178E-013  1.13112E-023  4.43261E-023  1.13420E-017  1.81514E-024  1.20688E-025  1.00000E-040  4.35914E-038  3.39217E-029  4.42711E-038  4.27706E-030  1.00000E-040  5.27506E-040  5.31665E-026  1.72444E-015  3.66414E-035  3.78918E-038  3.71027E-022  1.91125E-017  1.87029E-018  1.31253E-014  1.47406E-025  6.04550E-011  1.00000E-040  1.89044E-017  1.00000E-040  1.03569E-024  7.53154E-031  1.47882E-022  1.62280E-025  2.68978E-010  3.33789E-023  1.03505E-021  2.50839E-013  1.93582E-014  1.00000E-040  1.67606E-036  3.78342E-024  1.00000E-040  5.15527E-022  3.51240E-011  6.31089E-038  1.00000E-003  1.00000E-005  1.00000E-005  1.00000E-005  1.00000E-005  1.00000E-005  1.00000E-005  1.00000E-005  1.00000E-005  1.00000E-005  1.00000E-005  1.00000E-005  1.00000E-005  1.00000E-005  1.00000E-005  1.00000E-005  
8.50000E+000  3.60648E-001  1.10176E+019  2.37091E+002  1.00000E+005  1.40975E-004  1.00000E-040  1.00000E-040  9.42489E-011  1.00000E-040  1.00000E-040  1.00000E-040  1.00000E-040  1.00000E-040  1.00000E-040  1.00000E-040  1.00000E-040  1.00000E-040  1.00000E-040  2.63067E-024  1.00000E-040  1.00000E-040  3.40896E-021  4.98923E-007  2.37563E-004  6.33199E-014  6.60790E-016  1.06005E-001  2.93202E-008  2.83054E-004  1.37698E-022  3.84650E-011  1.00000E-040  1.00000E-040  3.56682E-033  3.16062E-020  7.97155E-007  5.27219E-029  2.92944E-026  1.00000E-040  1.00000E-040  1.00000E-040  8.62931E-014  2.67148E-019  5.87012E-019  1.19989E-011  1.00000E-040  1.00000E-040  3.33256E-010  2.54831E-036  4.93602E-011  1.39526E-029  8.93473E-001  3.42883E-023  7.67175E-014  4.22766E-010  5.83541E-039  1.00000E-040  1.53380E-029  5.68209E-025  2.46802E-013  6.35831E-015  9.01870E-012  1.55658E-015  2.71441E-007  7.37683E-010  4.93855E-008  9.10839E-013  2.24665E-014  3.18835E-020  8.83721E-013  4.06383E-011  4.81672E-012  3.17291E-032  1.73711E-036  1.00000E-040  8.00703E-032  3.00139E-013  1.13135E-023  4.73307E-023  1.04096E-017  2.38784E-024  1.06976E-025  1.00000E-040  3.87610E-038  3.39286E-029  2.71535E-038  4.81192E-030  1.00000E-040  4.72037E-040  5.64720E-026  1.03819E-015  2.55935E-035  2.10795E-037  5.26093E-022  2.44991E-017  2.48255E-018  1.62838E-014  1.05461E-025  5.84864E-011  1.00000E-040  4.12538E-017  1.00000E-040  1.40147E-024  6.56828E-031  1.47912E-022  1.53309E-025  8.51662E-011  2.93042E-023  1.33637E-021  1.81912E-013  1.93627E-014  1.00000E-040  1.66016E-036  2.17759E-024  1.00000E-040  4.30058E-022  3.50385E-011  6.31297E-038  1.00000E-003  1.00000E-005  1.00000E-005  1.00000E-005  1.00000E-005  1.00000E-005  1.00000E-005  1.00000E-005  1.00000E-005  1.00000E-005  1.00000E-005  1.00000E-005  1.00000E-005  1.00000E-005  1.00000E-005  1.00000E-005  
9.50000E+000  3.12390E-001  9.83612E+018  2.30033E+002  9.61769E+004  7.66978E-005  1.00000E-040  1.00000E-040  2.16813E-010  1.00000E-040  1.00000E-040  1.00000E-040  1.00000E-040  1.00000E-040  1.00000E-040  1.00000E-040  1.00000E-040  1.00000E-040  1.00000E-040  2.01878E-023  1.00000E-040  1.00000E-040  3.56377E-021  4.98979E-007  1.25730E-004  6.77683E-014  8.80255E-016  1.06017E-001  2.85963E-008  2.83087E-004  9.80069E-023  2.44292E-011  1.00000E-040  1.00000E-040  3.00689E-033  2.70898E-020  7.96730E-007  1.62849E-028  2.80906E-026  1.00000E-040  1.00000E-040  1.00000E-040  5.64793E-014  1.90667E-019  7.30123E-019  9.91039E-012  1.00000E-040  1.00000E-040  3.32935E-010  1.18877E-036  4.93335E-011  2.18197E-029  8.93573E-001  3.25492E-023  5.73438E-014  4.16142E-010  3.48675E-038  1.00000E-040  1.39890E-029  5.36795E-025  7.67024E-013  7.31919E-015  7.64589E-012  1.23089E-015  2.71341E-007  6.23862E-010  5.58390E-008  1.10746E-012  1.79522E-014  4.94474E-020  1.54357E-012  4.85366E-011  1.88429E-012  3.36663E-032  1.82815E-036  1.00000E-040  8.09318E-032  1.73091E-013  1.13148E-023  5.10709E-023  9.60368E-018  3.10198E-024  9.78078E-026  1.00000E-040  3.43928E-038  3.39324E-029  1.59329E-038  5.41359E-030  1.00000E-040  4.44619E-040  6.38630E-026  6.38078E-016  1.93032E-035  1.00000E-040  7.89782E-022  3.50000E-017  1.85153E-018  1.95578E-014  7.50332E-026  5.64413E-011  1.17093E-038  9.61613E-017  1.00000E-040  1.97270E-024  5.76661E-031  1.47928E-022  1.45974E-025  1.73027E-011  2.74747E-023  1.72196E-021  1.15418E-013  1.93646E-014  1.00000E-040  1.63829E-036  1.32753E-024  1.00000E-040  3.56595E-022  3.49584E-011  6.30800E-038  1.00000E-003  1.00000E-005  1.00000E-005  1.00000E-005  1.00000E-005  1.00000E-005  1.00000E-005  1.00000E-005  1.00000E-005  1.00000E-005  1.00000E-005  1.00000E-005  1.00000E-005  1.00000E-005  1.00000E-005  1.00000E-005  
1.05000E+001  2.69457E-001  8.72899E+018  2.23585E+002  6.85565E+004  3.18692E-005  1.00000E-040  1.00000E-040  4.65350E-009  1.00000E-040  1.00000E-040  1.00000E-040  1.00000E-040  1.00000E-040  1.00000E-040  1.00000E-040  1.00000E-040  1.00000E-040  1.00000E-040  8.64434E-022  1.00000E-040  1.00000E-040  3.77729E-021  4.98938E-007  6.92464E-005  7.28848E-014  1.21705E-015  1.06023E-001  2.77726E-008  2.83105E-004  5.70456E-023  1.26286E-011  1.00000E-040  1.00000E-040  2.62190E-033  2.38313E-020  7.96165E-007  5.62838E-028  2.67729E-026  1.00000E-040  1.00000E-040  1.00000E-040  3.72627E-014  1.37063E-019  9.18255E-019  8.19799E-012  1.00000E-040  1.00000E-040  3.32485E-010  5.73227E-037  4.93024E-011  3.26947E-029  8.93623E-001  2.96505E-023  3.80105E-014  4.09343E-010  1.49501E-037  1.00000E-040  1.27704E-029  5.16225E-025  1.61784E-012  8.11620E-015  6.29734E-012  9.70299E-016  2.71179E-007  4.98356E-010  6.45318E-008  1.48603E-012  1.44371E-014  7.48481E-020  2.57684E-012  6.05502E-011  9.99703E-013  3.95383E-032  1.91753E-036  1.00000E-040  8.31841E-032  8.27251E-014  1.13154E-023  5.65209E-023  8.86240E-018  3.88631E-024  9.18223E-026  1.00000E-040  2.99185E-038  3.39336E-029  9.21923E-039  6.22869E-030  1.00000E-040  4.30897E-040  7.48942E-026  3.80067E-016  1.51113E-035  1.45539E-037  1.17379E-021  5.05312E-017  1.14458E-018  2.37525E-014  5.38393E-026  5.41455E-011  1.00000E-040  2.14696E-016  1.00000E-040  2.62509E-024  5.04448E-031  1.47936E-022  1.40831E-025  4.28488E-012  2.58157E-023  2.27279E-021  6.22401E-014  1.93649E-014  1.00000E-040  1.61082E-036  8.27921E-025  1.00000E-040  2.87058E-022  3.48679E-011  6.31304E-038  1.00000E-003  1.00000E-005  1.00000E-005  1.00000E-005  1.00000E-005  1.00000E-005  1.00000E-005  1.00000E-005  1.00000E-005  1.00000E-005  1.00000E-005  1.00000E-005  1.00000E-005  1.00000E-005  1.00000E-005  1.00000E-005  
1.15000E+001  2.31521E-001  7.68420E+018  2.18227E+002  2.37960E+004  7.59226E-006  1.00000E-040  1.00000E-040  2.12094E-009  1.00000E-040  1.00000E-040  1.00000E-040  1.00000E-040  1.00000E-040  1.00000E-040  1.00000E-040  1.00000E-040  1.00000E-040  1.00000E-040  7.87427E-022  1.00000E-040  1.00000E-040  4.10420E-021  4.98733E-007  4.16661E-005  7.81036E-014  1.94803E-015  1.06026E-001  2.63527E-008  2.83115E-004  3.91528E-023  7.66472E-012  1.00000E-040  1.00000E-040  2.41340E-033  2.19971E-020  7.94934E-007  1.74930E-027  2.44432E-026  1.00000E-040  1.00000E-040  1.00000E-040  2.02988E-014  8.27460E-020  1.03587E-018  6.12208E-012  1.00000E-040  1.00000E-040  3.31459E-010  3.04587E-037  4.92426E-011  4.45559E-029  8.93648E-001  2.53284E-023  1.99472E-014  3.97637E-010  6.21657E-037  1.00000E-040  1.11463E-029  5.25030E-025  3.43326E-012  8.69607E-015  5.17443E-012  7.55279E-016  2.70783E-007  3.44262E-010  8.41896E-008  2.70145E-012  1.28225E-014  9.45409E-020  4.89025E-012  9.06606E-011  9.40566E-013  5.53972E-032  1.95882E-036  1.00000E-040  9.38677E-032  2.44346E-014  1.13157E-023  6.96664E-023  7.87889E-018  4.66878E-024  9.10869E-026  1.00000E-040  2.28619E-038  3.39359E-029  5.13707E-039  8.10120E-030  1.00000E-040  4.44786E-040  9.69148E-026  1.86340E-016  1.26560E-035  1.43216E-037  1.60912E-021  6.45866E-017  9.70985E-019  3.25407E-014  3.71344E-026  5.02110E-011  1.00000E-040  4.25954E-016  1.00000E-040  3.03529E-024  4.12240E-031  1.47940E-022  1.39933E-025  1.47629E-012  2.15755E-023  3.40847E-021  2.08504E-014  1.93634E-014  1.00000E-040  1.56185E-036  5.33948E-025  1.00000E-040  1.90738E-022  3.46942E-011  6.32178E-038  1.00000E-003  1.00000E-005  1.00000E-005  1.00000E-005  1.00000E-005  1.00000E-005  1.00000E-005  1.00000E-005  1.00000E-005  1.00000E-005  1.00000E-005  1.00000E-005  1.00000E-005  1.00000E-005  1.00000E-005  1.00000E-005  
1.25000E+001  1.98271E-001  6.70737E+018  2.14103E+002  1.42829E+004  1.85057E-006  1.00000E-040  1.00000E-040  1.32698E-009  1.00000E-040  1.00000E-040  1.00000E-040  1.00000E-040  1.00000E-040  1.00000E-040  1.00000E-040  1.00000E-040  1.00000E-040  1.00000E-040  7.53372E-022  1.00000E-040  1.00000E-040  4.52155E-021  4.98128E-007  2.67107E-005  8.55502E-014  3.87959E-015  1.06027E-001  2.38392E-008  2.83123E-004  3.44223E-023  5.89070E-012  1.00000E-040  1.00000E-040  2.51598E-033  2.21789E-020  7.92041E-007  4.73266E-027  2.01846E-026  7.49757E-040  8.57214E-039  1.00000E-040  7.90330E-015  4.16576E-020  1.08618E-018  3.77873E-012  1.00000E-040  1.00000E-040  3.28928E-010  1.89771E-037  4.91185E-011  6.53491E-029  8.93661E-001  2.29654E-023  9.12237E-015  3.75390E-010  2.26603E-036  1.00000E-040  9.14498E-030  6.20165E-025  7.38530E-012  8.10354E-015  4.09213E-012  6.09099E-016  2.69777E-007  1.96941E-010  1.32827E-007  6.33618E-012  1.46877E-014  1.01893E-019  9.83616E-012  1.72911E-010  8.75135E-013  8.82309E-032  2.00134E-036  1.00000E-040  1.27788E-031  4.34668E-015  1.13158E-023  1.04326E-022  6.69377E-018  4.79423E-024  1.09104E-025  1.00000E-040  1.26017E-038  3.39398E-029  2.97441E-039  1.27663E-029  1.00000E-040  5.51976E-040  1.37772E-025  8.18423E-017  1.22295E-035  2.29617E-037  1.98007E-021  7.56649E-017  9.79284E-019  5.18182E-014  2.45081E-026  4.34963E-011  1.00000E-040  7.41374E-016  1.00000E-040  2.88590E-024  3.01503E-031  1.47942E-022  1.52872E-025  6.13799E-013  1.50083E-023  6.23692E-021  3.87770E-015  1.93585E-014  1.00000E-040  1.47292E-036  3.91001E-025  1.00000E-040  7.91944E-023  3.43239E-011  6.34760E-038  1.00000E-003  1.00000E-005  1.00000E-005  1.00000E-005  1.00000E-005  1.00000E-005  1.00000E-005  1.00000E-005  1.00000E-005  1.00000E-005  1.00000E-005  1.00000E-005  1.00000E-005  1.00000E-005  1.00000E-005  1.00000E-005  
1.35000E+001  1.69345E-001  5.81703E+018  2.10857E+002  6.95701E+003  4.74802E-007  1.00000E-040  1.00000E-040  9.21396E-010  1.00000E-040  1.00000E-040  1.00000E-040  1.00000E-040  1.00000E-040  1.00000E-040  1.00000E-040  1.00000E-040  1.00000E-040  1.00000E-040  7.40741E-022  1.00000E-040  1.00000E-040  5.02943E-021  4.96741E-007  1.95226E-005  9.84121E-014  8.84192E-015  1.06028E-001  2.02339E-008  2.83133E-004  3.47550E-023  5.11510E-012  1.00000E-040  1.00000E-040  3.07989E-033  2.47328E-020  7.86221E-007  1.15884E-026  1.44785E-026  7.31304E-037  8.39879E-036  1.00000E-040  2.14965E-015  2.14747E-020  1.19421E-018  1.89318E-012  1.00000E-040  1.00000E-040  3.23632E-010  1.37627E-037  4.88963E-011  1.24891E-028  8.93668E-001  2.41379E-023  4.67663E-015  3.39221E-010  6.19825E-036  1.00000E-040  7.46238E-030  8.20876E-025  1.36515E-011  6.04833E-015  3.50449E-012  5.19606E-016  2.67629E-007  1.16824E-010  2.34735E-007  1.52264E-011  2.26804E-014  7.98415E-020  1.72822E-011  3.61182E-010  8.00633E-013  1.32260E-031  2.11460E-036  1.00000E-040  2.01127E-031  7.28677E-016  1.13157E-023  1.82546E-022  5.80399E-018  3.93825E-024  1.61598E-025  1.00000E-040  3.88743E-039  3.39473E-029  1.73685E-039  2.25686E-029  1.00000E-040  8.13110E-040  1.97756E-025  3.96850E-017  1.40727E-035  1.00000E-040  2.23132E-021  9.44777E-017  1.07270E-018  8.45938E-014  1.48304E-026  3.44493E-011  1.00000E-040  1.19908E-015  1.00000E-040  2.19421E-024  2.02648E-031  1.47942E-022  1.74472E-025  3.29529E-013  8.79315E-024  1.28910E-020  5.74811E-016  1.93477E-014  1.00000E-040  1.33090E-036  3.37880E-025  1.00000E-040  1.53850E-023  3.36413E-011  6.40265E-038  1.00000E-003  1.00000E-005  1.00000E-005  1.00000E-005  1.00000E-005  1.00000E-005  1.00000E-005  1.00000E-005  1.00000E-005  1.00000E-005  1.00000E-005  1.00000E-005  1.00000E-005  1.00000E-005  1.00000E-005  1.00000E-005  
1.45000E+001  1.44320E-001  5.02220E+018  2.08137E+002  5.42540E+003  1.69320E-007  1.00000E-040  1.00000E-040  7.60788E-010  1.00000E-040  1.00000E-040  1.00000E-040  1.00000E-040  1.00000E-040  1.00000E-040  1.00000E-040  1.00000E-040  1.00000E-040  1.00000E-040  7.38180E-022  1.00000E-040  1.00000E-040  5.56515E-021  4.94012E-007  1.53201E-005  1.19238E-013  2.08442E-014  1.06027E-001  1.58886E-008  2.83145E-004  3.84942E-023  4.79650E-012  1.00000E-040  1.00000E-040  4.35930E-033  3.00810E-020  7.75801E-007  2.68892E-026  9.48477E-027  8.58646E-037  9.88432E-036  1.00000E-040  4.01097E-016  1.25068E-020  1.37616E-018  7.88277E-013  1.00000E-040  1.00000E-040  3.13845E-010  1.11716E-037  4.85393E-011  3.25820E-028  8.93672E-001  2.87705E-023  2.76686E-015  2.87330E-010  1.21140E-035  1.00000E-040  6.59481E-030  1.08365E-024  2.15666E-011  4.03628E-015  3.63876E-012  4.65612E-016  2.63600E-007  1.00949E-010  4.22997E-007  3.33584E-011  4.15031E-014  5.05381E-020  2.56906E-011  7.33263E-010  5.23509E-013  1.75489E-031  2.32675E-036  1.00000E-040  3.35874E-031  1.68372E-016  1.13155E-023  3.41524E-022  5.69941E-018  2.60769E-024  2.66374E-025  1.00000E-040  5.18605E-040  3.39611E-029  9.48810E-040  4.07271E-029  1.00000E-040  1.26507E-039  2.69374E-025  2.21929E-017  1.88847E-035  3.53099E-036  2.29342E-021  1.29811E-016  1.25634E-018  1.26180E-013  7.67563E-027  2.43162E-011  1.00000E-040  1.88993E-015  1.00000E-040  1.32445E-024  1.34785E-031  1.47940E-022  1.82493E-025  2.24107E-013  4.47125E-024  2.74074E-020  1.10269E-016  1.93271E-014  1.00000E-040  1.12614E-036  3.37718E-025  1.00000E-040  1.32451E-024  3.25164E-011  6.58037E-038  1.00000E-003  1.00000E-005  1.00000E-005  1.00000E-005  1.00000E-005  1.00000E-005  1.00000E-005  1.00000E-005  1.00000E-005  1.00000E-005  1.00000E-005  1.00000E-005  1.00000E-005  1.00000E-005  1.00000E-005  1.00000E-005  
1.55000E+001  1.22768E-001  4.31601E+018  2.06024E+002  4.40851E+003  6.62745E-008  1.00000E-040  1.00000E-040  6.90308E-010  1.00000E-040  1.00000E-040  1.00000E-040  1.00000E-040  1.00000E-040  1.00000E-040  1.00000E-040  1.00000E-040  1.00000E-040  1.00000E-040  7.40732E-022  1.00000E-040  1.00000E-040  6.23786E-021  4.89887E-007  1.32481E-005  1.48902E-013  4.54549E-014  1.06027E-001  1.20033E-008  2.83158E-004  4.55447E-023  4.74917E-012  1.00000E-040  1.00000E-040  6.88301E-033  3.92712E-020  7.61200E-007  6.10346E-026  7.27080E-027  1.00000E-040  1.00000E-040  1.00000E-040  6.01857E-017  8.60935E-021  1.66410E-018  3.62969E-013  1.00000E-040  1.00000E-040  2.99785E-010  1.01137E-037  4.80869E-011  1.01955E-027  8.93675E-001  3.72388E-023  1.89024E-015  2.29721E-010  1.80212E-035  1.00000E-040  6.56219E-030  1.31910E-024  3.05335E-011  2.94932E-015  4.32496E-012  4.27747E-016  2.57726E-007  1.22312E-010  6.93909E-007  6.14161E-011  7.21716E-014  3.24721E-020  3.31937E-011  1.28883E-009  3.32240E-013  2.02287E-031  2.60544E-036  1.00000E-040  5.19352E-031  5.70841E-017  1.13152E-023  6.02416E-022  6.66871E-018  1.67419E-024  4.29354E-025  1.00000E-040  1.00000E-040  3.39814E-029  5.06918E-040  6.70052E-029  1.00000E-040  1.88217E-039  3.32409E-025  1.46619E-017  2.85800E-035  3.96384E-037  2.16829E-021  1.80821E-016  1.53743E-018  1.60073E-013  3.72495E-027  1.59002E-011  1.00000E-040  2.77894E-015  1.00000E-040  7.64161E-025  9.75124E-032  1.47938E-022  1.68118E-025  1.80616E-013  2.56362E-024  5.37241E-020  3.25148E-017  1.92969E-014  1.00000E-040  9.10863E-037  3.77358E-025  1.00000E-040  1.52359E-025  3.10610E-011  6.39849E-038  1.00000E-003  1.00000E-005  1.00000E-005  1.00000E-005  1.00000E-005  1.00000E-005  1.00000E-005  1.00000E-005  1.00000E-005  1.00000E-005  1.00000E-005  1.00000E-005  1.00000E-005  1.00000E-005  1.00000E-005  1.00000E-005  
1.65000E+001  1.04309E-001  3.68443E+018  2.05054E+002  3.94335E+003  1.05367E-009  1.00000E-040  1.00000E-040  6.62654E-010  1.00000E-040  1.00000E-040  1.00000E-040  1.00000E-040  1.00000E-040  1.00000E-040  1.00000E-040  1.00000E-040  1.00000E-040  1.00000E-040  7.47333E-022  1.00000E-040  1.00000E-040  7.38487E-021  4.84078E-007  1.32514E-005  1.93571E-013  9.48254E-014  1.06025E-001  8.91172E-009  2.83173E-004  5.90980E-023  5.06840E-012  1.00000E-040  1.00000E-040  1.28412E-032  5.72055E-020  7.41912E-007  1.35492E-025  6.64088E-027  7.91811E-037  9.51414E-036  1.00000E-040  7.66791E-018  6.75399E-021  2.12027E-018  2.60409E-013  1.00000E-040  1.00000E-040  2.80846E-010  1.12397E-037  4.75424E-011  3.33925E-027  8.93676E-001  5.12475E-023  1.44784E-015  1.70528E-010  1.70061E-035  1.00000E-040  7.18689E-030  1.56530E-024  4.03516E-011  2.39410E-015  5.76444E-012  4.12114E-016  2.49698E-007  1.81483E-010  1.06017E-006  1.01806E-010  1.24201E-013  2.97329E-020  3.91295E-011  2.05319E-009  2.69818E-013  2.12032E-031  2.97010E-036  1.00000E-040  7.61583E-031  2.42731E-017  1.13147E-023  1.02201E-021  9.15084E-018  1.31284E-024  7.03489E-025  1.00000E-040  1.00000E-040  3.40095E-029  2.81216E-040  1.02955E-028  1.00000E-040  2.87502E-039  3.98708E-025  1.11164E-017  5.22767E-035  5.23280E-036  1.82770E-021  2.37018E-016  1.99063E-018  1.78829E-013  1.91457E-027  9.62826E-012  1.00000E-040  3.52229E-015  1.00000E-040  5.32243E-025  7.73132E-032  1.47933E-022  1.47660E-025  1.70725E-013  2.33612E-024  1.00068E-019  1.20196E-017  1.92556E-014  1.00000E-040  7.19424E-037  5.03424E-025  1.00000E-040  5.80464E-026  2.92801E-011  6.20064E-038  1.00000E-003  1.00000E-005  1.00000E-005  1.00000E-005  1.00000E-005  1.00000E-005  1.00000E-005  1.00000E-005  1.00000E-005  1.00000E-005  1.00000E-005  1.00000E-005  1.00000E-005  1.00000E-005  1.00000E-005  1.00000E-005  
1.75000E+001  8.86151E-002  3.11977E+018  2.05732E+002  3.89374E+003  1.00000E-040  1.00000E-040  1.00000E-040  6.50915E-010  1.00000E-040  1.00000E-040  1.00000E-040  1.00000E-040  1.00000E-040  1.00000E-040  1.00000E-040  1.00000E-040  1.00000E-040  1.00000E-040  7.58597E-022  1.00000E-040  1.00000E-040  9.28796E-021  4.76641E-007  1.33035E-005  2.49149E-013  1.91524E-013  1.06024E-001  6.81527E-009  2.83188E-004  8.08054E-023  5.66610E-012  1.00000E-040  1.00000E-040  2.65637E-032  9.09830E-020  7.18593E-007  2.94404E-025  6.67051E-027  1.19019E-036  1.43045E-035  1.00000E-040  1.19889E-018  5.73683E-021  2.81303E-018  3.09178E-013  1.00000E-040  1.00000E-040  2.57622E-010  1.58139E-037  4.69396E-011  9.99024E-027  8.93677E-001  7.00948E-023  1.14230E-015  1.16699E-010  1.00000E-040  1.00000E-040  8.41225E-030  1.81317E-024  5.24430E-011  1.97691E-015  7.85903E-012  4.07031E-016  2.39690E-007  2.72960E-010  1.51259E-006  1.62059E-010  2.09915E-013  5.61688E-020  4.39205E-011  2.98864E-009  3.14004E-013  2.08158E-031  3.25236E-036  1.00000E-040  1.00336E-030  1.11884E-017  1.13141E-023  1.67016E-021  1.40698E-017  1.34926E-024  1.15251E-024  1.00000E-040  1.00000E-040  3.40459E-029  1.86307E-040  1.48318E-028  1.00000E-040  4.31617E-039  4.64173E-025  8.82229E-018  1.09645E-034  5.50125E-036  1.29272E-021  2.64249E-016  2.60631E-018  1.84510E-013  1.14628E-027  5.55043E-012  1.00000E-040  3.41853E-015  1.00000E-040  4.66108E-025  6.43791E-032  1.47928E-022  1.21965E-025  1.74589E-013  3.38321E-024  1.78781E-019  4.63068E-018  1.92039E-014  1.00000E-040  5.81490E-037  7.59796E-025  1.00000E-040  3.50722E-026  2.72827E-011  5.73825E-038  1.00000E-003  1.00000E-005  1.00000E-005  1.00000E-005  1.00000E-005  1.00000E-005  1.00000E-005  1.00000E-005  1.00000E-005  1.00000E-005  1.00000E-005  1.00000E-005  1.00000E-005  1.00000E-005  1.00000E-005  1.00000E-005  
1.85000E+001  7.53565E-002  2.63039E+018  2.07500E+002  3.93732E+003  1.00000E-040  1.00000E-040  1.00000E-040  6.41183E-010  1.00000E-040  1.00000E-040  1.00000E-040  1.00000E-040  1.00000E-040  1.00000E-040  1.00000E-040  1.00000E-040  1.00000E-040  1.00000E-040  7.72348E-022  1.00000E-040  1.00000E-040  1.27272E-020  4.67669E-007  1.33635E-005  3.19634E-013  3.73997E-013  1.06022E-001  5.55328E-009  2.83204E-004  1.14205E-022  6.51589E-012  1.00000E-040  1.00000E-040  5.88129E-032  1.52845E-019  6.91915E-007  6.22863E-025  6.93562E-027  5.19072E-037  6.53899E-036  1.00000E-040  4.83558E-019  5.16021E-021  3.91987E-018  4.51818E-013  1.00000E-040  1.00000E-040  2.30846E-010  2.60190E-037  4.63040E-011  2.74859E-026  8.93678E-001  9.17087E-023  8.98783E-016  7.25488E-011  1.00000E-040  1.00000E-040  1.02609E-029  2.08549E-024  6.78077E-011  1.61116E-015  1.06755E-011  4.06196E-016  2.27917E-007  3.96516E-010  2.04016E-006  2.49908E-010  3.47517E-013  1.50960E-019  4.80573E-011  4.04962E-009  4.44426E-013  1.94979E-031  3.48317E-036  1.00000E-040  1.22417E-030  5.13081E-018  1.13134E-023  2.65979E-021  2.30831E-017  1.64910E-024  1.89977E-024  1.00000E-040  1.00000E-040  3.40915E-029  1.44039E-040  2.02608E-028  1.00000E-040  6.48458E-039  5.36053E-025  7.24469E-018  2.51554E-034  1.13211E-035  8.18545E-022  2.63795E-016  3.43205E-018  1.79582E-013  8.07873E-028  3.09879E-012  1.00000E-040  2.78601E-015  1.00000E-040  4.67754E-025  5.57839E-032  1.47922E-022  9.85439E-026  1.86257E-013  5.86868E-024  3.09485E-019  1.70996E-018  1.91427E-014  1.00000E-040  4.98378E-037  1.24510E-024  1.00000E-040  2.62676E-026  2.51572E-011  5.22237E-038  1.00000E-003  1.00000E-005  1.00000E-005  1.00000E-005  1.00000E-005  1.00000E-005  1.00000E-005  1.00000E-005  1.00000E-005  1.00000E-005  1.00000E-005  1.00000E-005  1.00000E-005  1.00000E-005  1.00000E-005  1.00000E-005  
1.95000E+001  6.41784E-002  2.21898E+018  2.09485E+002  4.20491E+003  1.00000E-040  1.00000E-040  1.00000E-040  6.26232E-010  1.00000E-040  1.00000E-040  1.00000E-040  1.00000E-040  1.00000E-040  1.00000E-040  1.00000E-040  1.00000E-040  1.00000E-040  1.00000E-040  7.85675E-022  1.00000E-040  1.00000E-040  1.88552E-020  4.57278E-007  1.34299E-005  4.13328E-013  7.00391E-013  1.06020E-001  4.86810E-009  2.83221E-004  1.63278E-022  7.54196E-012  1.00000E-040  1.00000E-040  1.33051E-031  2.59570E-019  6.62541E-007  1.27677E-024  7.16206E-027  1.22876E-036  1.41174E-035  1.00000E-040  3.90590E-019  4.81533E-021  5.75051E-018  6.81333E-013  1.00000E-040  1.00000E-040  2.01398E-010  4.43175E-037  4.56543E-011  7.28247E-026  8.93680E-001  1.11310E-022  6.73462E-016  4.00402E-011  1.00000E-040  1.00000E-040  1.28211E-029  2.42352E-024  8.79135E-011  1.24878E-015  1.41557E-011  4.04644E-016  2.14625E-007  5.44573E-010  2.62999E-006  3.71715E-010  5.46147E-013  4.28778E-019  5.24060E-011  5.18649E-009  6.36168E-013  1.76119E-031  3.75381E-036  1.00000E-040  1.43775E-030  2.10378E-018  1.13125E-023  4.16716E-021  3.88416E-017  2.20959E-024  3.14168E-024  1.00000E-040  1.00000E-040  3.41483E-029  1.19875E-040  2.65028E-028  1.00000E-040  9.94349E-039  6.27300E-025  6.13013E-018  5.91866E-034  2.33143E-035  5.02444E-022  2.55647E-016  4.53580E-018  1.69002E-013  6.37254E-028  1.68457E-012  1.00000E-040  2.21321E-015  1.00000E-040  5.08160E-025  5.06653E-032  1.47915E-022  8.19364E-026  1.99383E-013  1.04739E-023  5.22304E-019  5.58044E-019  1.90728E-014  1.00000E-040  4.57358E-037  2.09346E-024  1.00000E-040  2.23498E-026  2.29730E-011  4.71177E-038  1.00000E-003  1.00000E-005  1.00000E-005  1.00000E-005  1.00000E-005  1.00000E-005  1.00000E-005  1.00000E-005  1.00000E-005  1.00000E-005  1.00000E-005  1.00000E-005  1.00000E-005  1.00000E-005  1.00000E-005  1.00000E-005  
2.05000E+001  5.47402E-002  1.87686E+018  2.11247E+002  4.72335E+003  1.00000E-040  1.00000E-040  1.00000E-040  6.02120E-010  1.00000E-040  1.00000E-040  1.00000E-040  1.00000E-040  1.00000E-040  1.00000E-040  1.00000E-040  1.00000E-040  1.00000E-040  1.00000E-040  7.97250E-022  1.00000E-040  1.00000E-040  2.95906E-020  4.45915E-007  1.34996E-005  5.43096E-013  1.25089E-012  1.06017E-001  4.54855E-009  2.83238E-004  2.34534E-022  8.71159E-012  1.00000E-040  1.00000E-040  3.02562E-031  4.37743E-019  6.31942E-007  2.53773E-024  7.25266E-027  1.00000E-040  1.00000E-040  1.00000E-040  3.54250E-019  4.66101E-021  8.89960E-018  9.94566E-013  1.00000E-040  1.00000E-040  1.71136E-010  7.39364E-037  4.50216E-011  1.91355E-025  8.93681E-001  1.23918E-022  4.63969E-016  1.94113E-011  5.36878E-035  1.00000E-040  1.62825E-029  2.87479E-024  1.15071E-010  8.96808E-016  1.81172E-011  4.04564E-016  2.00478E-007  6.96790E-010  3.24992E-006  5.32385E-010  7.92416E-013  1.14424E-018  5.77711E-011  6.31186E-009  8.65654E-013  1.54867E-031  4.14107E-036  1.00000E-040  1.65730E-030  7.13366E-019  1.13116E-023  6.40311E-021  6.53175E-017  3.11082E-024  5.15402E-024  1.00000E-040  1.00000E-040  3.42180E-029  1.02226E-040  3.32953E-028  1.00000E-040  1.57782E-038  7.51612E-025  5.36408E-018  1.39277E-033  4.48236E-035  3.15093E-022  2.51687E-016  6.02897E-018  1.57005E-013  5.42195E-028  9.04704E-013  1.00000E-040  1.85958E-015  1.00000E-040  5.87970E-025  4.88411E-032  1.47907E-022  7.26352E-026  2.10420E-013  1.83174E-023  8.60071E-019  1.52983E-019  1.89973E-014  1.00000E-040  4.46757E-037  3.53511E-024  1.00000E-040  2.05587E-026  2.08420E-011  4.22497E-038  1.00000E-003  1.00000E-005  1.00000E-005  1.00000E-005  1.00000E-005  1.00000E-005  1.00000E-005  1.00000E-005  1.00000E-005  1.00000E-005  1.00000E-005  1.00000E-005  1.00000E-005  1.00000E-005  1.00000E-005  1.00000E-005  
2.15000E+001  4.67504E-002  1.59149E+018  2.12764E+002  5.25999E+003  1.00000E-040  1.00000E-040  1.00000E-040  5.66853E-010  1.00000E-040  1.00000E-040  1.00000E-040  1.00000E-040  1.00000E-040  1.00000E-040  1.00000E-040  1.00000E-040  1.00000E-040  1.00000E-040  8.07161E-022  1.00000E-040  1.00000E-040  4.83377E-020  4.33821E-007  1.35709E-005  7.28209E-013  2.14727E-012  1.06015E-001  4.43471E-009  2.83254E-004  3.39873E-022  1.00574E-011  1.00000E-040  1.00000E-040  6.96609E-031  7.35319E-019  6.00855E-007  4.88277E-024  7.11507E-027  1.00000E-040  1.00000E-040  1.00000E-040  3.18426E-019  4.67813E-021  1.43589E-017  1.37881E-012  1.00000E-040  1.00000E-040  1.41315E-010  1.21192E-036  4.44166E-011  5.00290E-025  8.93683E-001  1.26162E-022  2.79960E-016  8.11651E-012  6.67231E-035  1.00000E-040  2.11730E-029  3.51792E-024  1.53081E-010  5.79299E-016  2.24383E-011  4.08906E-016  1.85869E-007  8.32624E-010  3.87700E-006  7.43788E-010  1.06736E-012  2.82528E-018  6.48727E-011  7.36203E-009  1.13364E-012  1.33530E-031  4.70134E-036  1.00000E-040  1.89782E-030  1.81344E-019  1.13107E-023  9.70844E-021  1.09564E-016  4.53064E-024  8.41562E-024  1.00000E-040  1.00000E-040  3.43053E-029  1.00000E-040  4.04885E-028  1.00000E-040  2.62909E-038  9.30176E-025  4.82662E-018  3.30103E-033  8.22554E-035  2.03211E-022  2.53676E-016  8.08738E-018  1.45713E-013  4.87617E-028  4.80840E-013  1.00000E-040  1.66598E-015  1.32854E-040  7.22252E-025  5.05198E-032  1.47899E-022  6.96747E-026  2.18404E-013  3.09472E-023  1.39161E-018  3.23548E-020  1.89177E-014  1.00000E-040  4.59113E-037  6.03783E-024  1.00000E-040  1.99344E-026  1.88080E-011  3.82505E-038  1.00000E-003  1.00000E-005  1.00000E-005  1.00000E-005  1.00000E-005  1.00000E-005  1.00000E-005  1.00000E-005  1.00000E-005  1.00000E-005  1.00000E-005  1.00000E-005  1.00000E-005  1.00000E-005  1.00000E-005  1.00000E-005  
2.25000E+001  3.99724E-002  1.35180E+018  2.14173E+002  5.99062E+003  1.00000E-040  1.00000E-040  1.00000E-040  5.20641E-010  1.00000E-040  1.00000E-040  1.00000E-040  1.00000E-040  1.00000E-040  1.00000E-040  1.00000E-040  1.00000E-040  1.00000E-040  1.00000E-040  8.16001E-022  1.00000E-040  1.00000E-040  8.13866E-020  4.21106E-007  1.36431E-005  9.97610E-013  3.57554E-012  1.06013E-001  4.42917E-009  2.83270E-004  4.99434E-022  1.16362E-011  1.00000E-040  1.00000E-040  1.64211E-030  1.24006E-018  5.69613E-007  9.05023E-024  6.67475E-027  1.00000E-040  1.00000E-040  1.00000E-040  2.80794E-019  4.87168E-021  2.36822E-017  1.80289E-012  1.00000E-040  1.00000E-040  1.12892E-010  1.99469E-036  4.38412E-011  1.28760E-024  8.93685E-001  1.20338E-022  1.41217E-016  2.86442E-012  8.13152E-035  1.00000E-040  2.85035E-029  4.47642E-024  2.07810E-010  3.38662E-016  2.70314E-011  4.19660E-016  1.71042E-007  9.33360E-010  4.48862E-006  1.02618E-009  1.35514E-012  6.54894E-018  7.43728E-011  8.28136E-009  1.40964E-012  1.13545E-031  5.48969E-036  1.00000E-040  2.16891E-030  3.15708E-020  1.13097E-023  1.46285E-020  1.84096E-016  6.79158E-024  1.37661E-023  1.00000E-040  1.00000E-040  3.44185E-029  1.00000E-040  4.79603E-028  1.00000E-040  4.64813E-038  1.19568E-024  4.43855E-018  7.99097E-033  1.46907E-034  1.33037E-022  2.60078E-016  1.09634E-017  1.35675E-013  4.60803E-028  2.51758E-013  1.00000E-040  1.55882E-015  2.33610E-040  9.40616E-025  5.65039E-032  1.47891E-022  7.25950E-026  2.23613E-013  5.01112E-023  2.22476E-018  4.83958E-021  1.88344E-014  1.00000E-040  4.96996E-037  1.05627E-023  1.00000E-040  2.02235E-026  1.68830E-011  3.56412E-038  1.00000E-003  1.00000E-005  1.00000E-005  1.00000E-005  1.00000E-005  1.00000E-005  1.00000E-005  1.00000E-005  1.00000E-005  1.00000E-005  1.00000E-005  1.00000E-005  1.00000E-005  1.00000E-005  1.00000E-005  1.00000E-005  
2.35000E+001  3.42143E-002  1.14936E+018  2.15610E+002  6.81524E+003  1.00000E-040  1.00000E-040  1.00000E-040  4.63580E-010  1.00000E-040  1.00000E-040  1.00000E-040  1.00000E-040  1.00000E-040  1.00000E-040  1.00000E-040  1.00000E-040  1.00000E-040  1.00000E-040  8.24331E-022  1.00000E-040  1.00000E-040  1.40294E-019  4.07949E-007  1.37152E-005  1.39398E-012  5.80728E-012  1.06010E-001  4.47502E-009  2.83284E-004  7.45188E-022  1.34901E-011  1.00000E-040  1.00000E-040  3.98255E-030  2.10919E-018  5.38670E-007  1.60492E-023  5.92481E-027  3.40071E-037  3.81323E-036  1.00000E-040  2.44794E-019  5.28356E-021  3.90408E-017  2.21310E-012  1.00000E-040  1.00000E-040  8.69530E-011  3.35524E-036  4.32992E-011  3.21222E-024  8.93687E-001  1.15199E-022  5.81388E-017  8.44552E-013  9.99894E-035  1.00000E-040  3.99552E-029  5.93861E-024  2.87497E-010  2.00474E-016  3.17910E-011  4.37801E-016  1.56335E-007  9.84025E-010  5.05198E-006  1.40280E-009  1.63868E-012  1.44269E-017  8.67678E-011  9.00700E-009  1.68147E-012  9.58571E-032  6.57180E-036  1.00000E-040  2.47011E-030  3.60845E-021  1.13087E-023  2.19723E-020  3.09717E-016  1.04219E-023  2.26018E-023  1.00000E-040  1.00000E-040  3.54769E-029  1.00000E-040  5.54965E-028  1.17621E-040  8.74322E-038  1.59728E-024  4.16920E-018  1.99054E-032  2.59588E-034  8.74148E-023  2.69667E-016  1.49970E-017  1.26846E-013  4.57208E-028  1.29766E-013  1.00000E-040  1.48977E-015  4.35427E-040  1.29188E-024  6.84319E-032  1.47882E-022  8.19183E-026  2.26966E-013  7.70915E-023  3.51902E-018  4.90684E-022  1.87484E-014  1.00000E-040  5.82793E-037  1.90436E-023  1.00000E-040  2.14520E-026  1.50856E-011  3.50572E-038  1.00000E-003  1.00000E-005  1.00000E-005  1.00000E-005  1.00000E-005  1.00000E-005  1.00000E-005  1.00000E-005  1.00000E-005  1.00000E-005  1.00000E-005  1.00000E-005  1.00000E-005  1.00000E-005  1.00000E-005  1.00000E-005  
2.45000E+001  2.93181E-002  9.78046E+017  2.17117E+002  7.73991E+003  1.00000E-040  1.00000E-040  1.00000E-040  3.97371E-010  1.00000E-040  1.00000E-040  1.00000E-040  1.00000E-040  1.00000E-040  1.00000E-040  1.00000E-040  1.00000E-040  1.00000E-040  1.00000E-040  8.32379E-022  1.00000E-040  1.00000E-040  2.45824E-019  3.94385E-007  1.37870E-005  1.97860E-012  9.23166E-012  1.06008E-001  4.53753E-009  2.83298E-004  1.12445E-021  1.56088E-011  1.00000E-040  1.00000E-040  9.87862E-030  3.60953E-018  5.08114E-007  2.69194E-023  4.88108E-027  7.65157E-036  8.85107E-035  1.00000E-040  2.12932E-019  5.97019E-021  6.27625E-017  2.54172E-012  1.00000E-040  1.00000E-040  6.41891E-011  5.77627E-036  4.27882E-011  7.67412E-024  8.93688E-001  1.19291E-022  1.92647E-017  2.06192E-013  1.23174E-034  1.00000E-040  5.84725E-029  8.22611E-024  4.02880E-010  1.48478E-016  3.66012E-011  4.62770E-016  1.41928E-007  9.79538E-010  5.53612E-006  1.89276E-009  1.89675E-012  3.01397E-017  1.02369E-010  9.49576E-009  1.94365E-012  8.07543E-032  8.03628E-036  1.00000E-040  2.79772E-030  2.65903E-022  1.13077E-023  3.30909E-020  5.21180E-016  1.63215E-023  3.73414E-023  1.00000E-040  1.00000E-040  3.75166E-029  1.00000E-040  6.29031E-028  3.42983E-040  1.74610E-037  2.21804E-024  4.00130E-018  5.07598E-032  4.60178E-034  5.69721E-023  2.81550E-016  2.06156E-017  1.18997E-013  4.73370E-028  6.55090E-014  1.57133E-035  1.43925E-015  8.57867E-040  1.85999E-024  8.94141E-032  1.47873E-022  9.96037E-026  2.29192E-013  1.11763E-022  5.50792E-018  3.30263E-023  1.86595E-014  1.00000E-040  6.66675E-037  3.51874E-023  1.00000E-040  2.36051E-026  1.34123E-011  3.72798E-038  1.00000E-003  1.00000E-005  1.00000E-005  1.00000E-005  1.00000E-005  1.00000E-005  1.00000E-005  1.00000E-005  1.00000E-005  1.00000E-005  1.00000E-005  1.00000E-005  1.00000E-005  1.00000E-005  1.00000E-005  1.00000E-005  
2.55000E+001  2.51512E-002  8.33105E+017  2.18663E+002  8.74643E+003  1.00000E-040  1.00000E-040  1.00000E-040  3.24527E-010  1.00000E-040  1.00000E-040  1.00000E-040  1.00000E-040  1.00000E-040  1.00000E-040  1.00000E-040  1.00000E-040  1.00000E-040  1.00000E-040  8.40119E-022  1.00000E-040  1.00000E-040  4.34642E-019  3.80436E-007  1.38584E-005  2.83719E-012  1.43838E-011  1.06006E-001  4.59474E-009  2.83311E-004  1.70349E-021  1.79188E-011  1.00000E-040  1.00000E-040  2.47490E-029  6.17419E-018  4.77995E-007  4.21540E-023  3.64993E-027  1.00000E-040  1.00000E-040  1.00000E-040  1.86707E-019  7.03076E-021  9.63148E-017  2.72085E-012  1.00000E-040  1.00000E-040  4.51144E-011  1.00767E-035  4.23055E-011  1.74546E-023  8.93690E-001  1.36232E-022  5.14202E-018  4.16733E-014  1.48933E-034  1.00000E-040  8.91457E-029  1.18750E-023  5.66878E-010  1.49431E-016  4.13144E-011  4.92790E-016  1.27996E-007  9.24497E-010  5.91130E-006  2.49835E-009  2.10053E-012  5.89305E-017  1.21179E-010  9.72310E-009  2.23886E-012  6.81728E-032  1.00038E-035  1.00000E-040  3.14333E-030  1.27940E-023  1.13066E-023  5.01822E-020  8.73965E-016  2.59936E-023  6.20788E-023  1.00000E-040  1.00000E-040  3.99883E-029  1.00000E-040  6.99867E-028  9.33239E-040  3.67192E-037  3.19367E-024  3.93014E-018  1.30778E-031  8.24702E-034  3.65453E-023  2.94309E-016  2.83313E-017  1.11871E-013  5.07042E-028  3.22487E-014  1.00000E-040  1.40392E-015  1.77459E-039  2.78619E-024  1.24986E-031  1.47864E-022  1.29436E-025  2.30830E-013  1.51417E-022  8.51884E-018  1.48888E-024  1.85674E-014  1.00000E-040  8.69006E-037  6.57842E-023  1.00000E-040  2.66305E-026  1.18593E-011  4.34606E-038  1.00000E-003  1.00000E-005  1.00000E-005  1.00000E-005  1.00000E-005  1.00000E-005  1.00000E-005  1.00000E-005  1.00000E-005  1.00000E-005  1.00000E-005  1.00000E-005  1.00000E-005  1.00000E-005  1.00000E-005  1.00000E-005  
2.65000E+001  2.16010E-002  7.10429E+017  2.20227E+002  9.76505E+003  1.00000E-040  1.00000E-040  1.00000E-040  2.47977E-010  1.00000E-040  1.00000E-040  1.00000E-040  1.00000E-040  1.00000E-040  1.00000E-040  1.00000E-040  1.00000E-040  1.00000E-040  1.00000E-040  8.47545E-022  1.00000E-040  1.00000E-040  7.71523E-019  3.66066E-007  1.39295E-005  4.08623E-012  2.20079E-011  1.06004E-001  4.63356E-009  2.83323E-004  2.57158E-021  2.03037E-011  1.00000E-040  1.00000E-040  6.18645E-029  1.04918E-017  4.48238E-007  6.08026E-023  2.41649E-027  1.00000E-040  1.00000E-040  1.00000E-040  1.65946E-019  8.58613E-021  1.38519E-016  2.70467E-012  1.30387E-040  1.00000E-040  2.99236E-011  1.76566E-035  4.18473E-011  3.77110E-023  8.93692E-001  1.65255E-022  1.11241E-018  6.99999E-015  1.92759E-034  1.00000E-040  1.41229E-028  1.78021E-023  7.94361E-010  1.77243E-016  4.57853E-011  5.25685E-016  1.14652E-007  8.31125E-010  6.15566E-006  3.20035E-009  2.22716E-012  1.06567E-016  1.42864E-010  9.69016E-009  2.73047E-012  5.78228E-032  1.26279E-035  1.00000E-040  3.49325E-030  4.11910E-025  1.13055E-023  7.69443E-020  1.45691E-015  4.20279E-023  1.03937E-022  1.00000E-040  1.00000E-040  4.69665E-029  1.00000E-040  7.66150E-028  2.32494E-039  8.05421E-037  4.75138E-024  3.94982E-018  3.36155E-031  1.50515E-033  2.28278E-023  3.03254E-016  3.87231E-017  1.05103E-013  5.59139E-028  1.53852E-014  1.00000E-040  1.37880E-015  3.82189E-039  4.31166E-024  1.85016E-031  1.47854E-022  1.77815E-025  2.32272E-013  1.90046E-022  1.29988E-017  4.58139E-026  1.84714E-014  1.00000E-040  1.26786E-036  1.22908E-022  1.00000E-040  3.05065E-026  1.04180E-011  5.54644E-038  1.00000E-003  1.00000E-005  1.00000E-005  1.00000E-005  1.00000E-005  1.00000E-005  1.00000E-005  1.00000E-005  1.00000E-005  1.00000E-005  1.00000E-005  1.00000E-005  1.00000E-005  1.00000E-005  1.00000E-005  1.00000E-005  
2.75000E+001  1.85730E-002  6.06517E+017  2.21797E+002  1.09262E+004  1.00000E-040  1.00000E-040  1.00000E-040  1.71052E-010  1.00000E-040  1.00000E-040  1.00000E-040  1.00000E-040  1.00000E-040  1.00000E-040  1.00000E-040  1.00000E-040  1.00000E-040  1.00000E-040  8.54675E-022  1.00000E-040  1.00000E-040  1.37153E-018  3.51304E-007  1.40002E-005  5.88009E-012  3.31327E-011  1.06002E-001  4.64767E-009  2.83333E-004  3.84243E-021  2.26219E-011  1.00000E-040  1.00000E-040  1.52715E-028  1.76259E-017  4.18896E-007  7.99177E-023  1.38634E-027  1.23602E-036  1.42688E-035  1.00000E-040  1.48919E-019  1.07335E-020  1.84236E-016  2.48944E-012  3.96087E-040  1.00000E-040  1.85762E-011  3.08629E-035  4.14118E-011  7.74359E-023  8.93694E-001  2.04524E-022  1.97994E-019  9.90507E-016  2.10570E-034  1.00000E-040  2.31519E-028  2.75300E-023  1.10191E-009  2.19020E-016  4.98435E-011  5.58863E-016  1.02053E-007  7.14615E-010  6.25680E-006  3.95617E-009  2.26435E-012  1.76629E-016  1.66798E-010  9.41683E-009  3.73873E-012  4.93843E-032  1.61064E-035  1.00000E-040  3.83006E-030  9.23541E-027  1.13044E-023  1.19395E-019  2.40830E-015  6.87872E-023  1.75081E-022  1.00000E-040  1.00000E-040  4.79521E-029  1.00000E-040  8.27073E-028  5.22344E-039  1.82105E-036  7.25875E-024  4.05482E-018  8.53053E-031  2.80795E-033  1.37733E-023  3.01646E-016  5.24100E-017  9.83144E-014  6.34897E-028  7.08785E-015  1.13589E-038  1.35792E-015  8.48989E-039  6.83575E-024  2.86766E-031  1.47844E-022  2.54679E-025  2.33630E-013  2.19358E-022  1.95237E-017  9.95167E-028  1.83709E-014  1.00000E-040  1.39288E-036  2.27143E-022  1.00000E-040  3.52757E-026  9.08739E-012  7.64741E-038  1.00000E-003  1.00000E-005  1.00000E-005  1.00000E-005  1.00000E-005  1.00000E-005  1.00000E-005  1.00000E-005  1.00000E-005  1.00000E-005  1.00000E-005  1.00000E-005  1.00000E-005  1.00000E-005  1.00000E-005  1.00000E-005  
2.85000E+001  1.59877E-002  5.18205E+017  2.23461E+002  1.22719E+004  1.00000E-040  1.00000E-040  1.00000E-040  9.72328E-011  1.00000E-040  1.00000E-040  1.00000E-040  1.00000E-040  1.00000E-040  1.00000E-040  1.00000E-040  1.00000E-040  1.00000E-040  1.00000E-040  8.61839E-022  1.00000E-040  1.00000E-040  2.44721E-018  3.36313E-007  1.40697E-005  8.41392E-012  4.92594E-011  1.06000E-001  4.63798E-009  2.83342E-004  5.66369E-021  2.47805E-011  1.00000E-040  1.00000E-040  3.71140E-028  2.92892E-017  3.90257E-007  9.53570E-023  6.83780E-028  1.00000E-040  1.00000E-040  1.00000E-040  1.33080E-019  1.34299E-020  2.24870E-016  2.12390E-012  1.07633E-039  1.00000E-040  1.07572E-011  5.41702E-035  4.10009E-011  1.50891E-022  8.93696E-001  2.53022E-022  2.98298E-020  1.21433E-016  2.06793E-034  1.00000E-040  3.90651E-028  4.34612E-023  1.50635E-009  2.68838E-016  5.34126E-011  5.90599E-016  9.04184E-008  5.91188E-010  6.21400E-006  4.71068E-009  2.22434E-012  2.70270E-016  1.91753E-010  8.93158E-009  5.70854E-012  4.25723E-032  2.06447E-035  1.00000E-040  4.12612E-030  1.53047E-028  1.13032E-023  1.86932E-019  3.93793E-015  1.13434E-022  2.96079E-022  1.00000E-040  1.00000E-040  4.54024E-029  1.00000E-040  8.82256E-028  1.05539E-038  4.18357E-036  1.12793E-023  4.24409E-018  2.13385E-030  5.38211E-033  7.98438E-024  2.82454E-016  7.00280E-017  9.11086E-014  7.50308E-028  3.16770E-015  1.00000E-040  1.31945E-015  1.92033E-038  1.09817E-023  4.59180E-031  1.47834E-022  3.72929E-025  2.35512E-013  2.31674E-022  2.87955E-017  1.60584E-029  1.82661E-014  1.00000E-040  1.60411E-036  4.14159E-022  1.00000E-040  4.14065E-026  7.87610E-012  1.11866E-037  1.00000E-003  1.00000E-005  1.00000E-005  1.00000E-005  1.00000E-005  1.00000E-005  1.00000E-005  1.00000E-005  1.00000E-005  1.00000E-005  1.00000E-005  1.00000E-005  1.00000E-005  1.00000E-005  1.00000E-005  1.00000E-005  
2.95000E+001  1.37791E-002  4.42964E+017  2.25304E+002  1.33027E+004  1.00000E-040  1.00000E-040  1.00000E-040  2.98243E-011  1.00000E-040  1.00000E-040  1.00000E-040  1.00000E-040  1.00000E-040  1.00000E-040  1.00000E-040  1.00000E-040  1.00000E-040  1.00000E-040  8.69351E-022  1.00000E-040  1.00000E-040  4.39918E-018  3.20982E-007  1.41385E-005  1.19251E-011  7.25203E-011  1.05998E-001  4.60842E-009  2.83350E-004  8.20348E-021  2.66764E-011  1.00000E-040  1.00000E-040  8.84842E-028  4.81096E-017  3.62064E-007  1.02507E-022  2.84431E-028  1.00000E-040  1.00000E-040  1.00000E-040  1.14837E-019  1.62124E-020  2.49365E-016  1.67461E-012  2.55923E-039  1.00000E-040  5.74460E-012  9.60647E-035  4.06085E-011  2.79149E-022  8.93697E-001  3.10243E-022  3.85344E-021  1.30800E-017  1.96601E-034  1.00000E-040  6.81407E-028  6.98589E-023  2.02691E-009  3.22684E-016  5.63532E-011  6.19108E-016  7.97021E-008  4.72010E-010  6.03752E-006  5.41051E-009  2.12570E-012  3.82818E-016  2.16576E-010  8.27402E-009  9.16421E-012  3.70114E-032  2.64519E-035  1.00000E-040  4.35139E-030  1.94190E-030  1.13020E-023  2.96310E-019  6.38296E-015  1.88953E-022  5.05153E-022  1.00000E-040  1.39269E-040  4.29246E-029  1.00000E-040  9.31192E-028  1.90443E-038  9.71004E-036  1.77984E-023  4.49549E-018  5.24995E-030  1.04424E-032  4.38386E-024  2.41914E-016  9.20129E-017  8.31111E-014  9.33179E-028  1.36553E-015  1.00000E-040  1.24644E-015  4.41236E-038  1.78323E-023  7.57721E-031  1.47823E-022  5.52595E-025  2.37580E-013  2.22060E-022  4.15748E-017  1.98045E-031  1.81552E-014  1.00000E-040  1.87849E-036  7.42916E-022  1.00000E-040  4.95734E-026  6.76912E-012  1.72084E-037  1.00000E-003  1.00000E-005  1.00000E-005  1.00000E-005  1.00000E-005  1.00000E-005  1.00000E-005  1.00000E-005  1.00000E-005  1.00000E-005  1.00000E-005  1.00000E-005  1.00000E-005  1.00000E-005  1.00000E-005  1.00000E-005  
3.05000E+001  1.18913E-002  3.78817E+017  2.27362E+002  1.46946E+004  1.00000E-040  1.00000E-040  1.00000E-040  2.96352E-025  1.00000E-040  1.00000E-040  1.00000E-040  1.00000E-040  1.00000E-040  1.00000E-040  1.00000E-040  1.00000E-040  1.00000E-040  1.00000E-040  8.77351E-022  1.00000E-040  1.00000E-040  7.99890E-018  3.05318E-007  1.42067E-005  1.66858E-011  1.05815E-010  1.05997E-001  4.56489E-009  2.83356E-004  1.16339E-020  2.82186E-011  1.00000E-040  1.00000E-040  2.05923E-027  7.79537E-017  3.34283E-007  9.88600E-023  9.82868E-029  4.85471E-038  5.63054E-037  1.00000E-040  9.30888E-020  1.83075E-020  2.49836E-016  1.21763E-012  5.20964E-039  1.00000E-040  2.80146E-012  1.72150E-034  4.02319E-011  4.91280E-022  8.93699E-001  3.75271E-022  4.39055E-022  1.26438E-018  1.81468E-034  1.00000E-040  1.22941E-027  1.13692E-022  2.68215E-009  3.76375E-016  5.85239E-011  6.42037E-016  6.99129E-008  3.65077E-010  5.74774E-006  6.00052E-009  1.98417E-012  5.00888E-016  2.39983E-010  7.48117E-009  1.25603E-011  3.24072E-032  3.37153E-035  1.00000E-040  4.47929E-030  1.97973E-032  1.13007E-023  4.75047E-019  1.02583E-014  3.17484E-022  8.69508E-022  1.00000E-040  3.14562E-040  4.05242E-029  1.14328E-040  9.72947E-028  3.05203E-038  2.25754E-035  2.83913E-023  4.78337E-018  1.26471E-029  2.22154E-032  2.26224E-024  1.86175E-016  1.18521E-016  7.42838E-014  1.22743E-027  5.66137E-016  1.00000E-040  1.13613E-015  1.02567E-037  2.91327E-023  1.28337E-030  1.47811E-022  8.19742E-025  2.39300E-013  1.92085E-022  5.85608E-017  1.94884E-033  1.80372E-014  1.00000E-040  2.24543E-036  1.30518E-021  1.00000E-040  6.07625E-026  5.76153E-012  2.75950E-037  1.00000E-003  1.00000E-005  1.00000E-005  1.00000E-005  1.00000E-005  1.00000E-005  1.00000E-005  1.00000E-005  1.00000E-005  1.00000E-005  1.00000E-005  1.00000E-005  1.00000E-005  1.00000E-005  1.00000E-005  1.00000E-005  
3.15000E+001  1.02775E-002  3.23928E+017  2.29804E+002  1.63646E+004  1.00000E-040  1.00000E-040  1.00000E-040  5.63892E-025  1.00000E-040  1.00000E-040  1.00000E-040  1.00000E-040  1.00000E-040  1.00000E-040  1.00000E-040  1.00000E-040  1.00000E-040  1.00000E-040  8.86403E-022  1.00000E-040  1.00000E-040  1.48351E-017  2.89673E-007  1.42727E-005  2.29830E-011  1.53569E-010  1.05995E-001  4.51841E-009  2.83359E-004  1.61997E-020  2.95029E-011  1.00000E-040  1.00000E-040  4.70246E-027  1.25371E-016  3.07459E-007  8.66311E-023  2.87509E-029  1.00000E-040  1.00000E-040  1.00000E-040  7.04674E-020  1.90894E-020  2.27635E-016  8.25603E-013  9.09301E-039  1.00000E-040  1.25603E-012  3.16918E-034  3.98762E-011  8.20858E-022  8.93701E-001  4.47179E-022  5.16168E-023  1.15802E-019  1.62959E-034  2.05344E-040  2.27046E-027  1.84658E-022  3.47740E-009  4.23215E-016  6.01709E-011  6.59409E-016  6.12110E-008  2.77073E-010  5.37704E-006  6.43898E-009  1.83038E-012  6.21133E-016  2.59361E-010  6.58467E-009  1.44929E-011  2.85773E-032  4.24153E-035  1.00000E-040  4.48112E-030  1.84872E-034  1.12993E-023  7.63445E-019  1.63346E-014  5.33764E-022  1.50151E-021  1.00000E-040  7.33295E-040  3.82520E-029  1.40720E-040  1.00716E-027  4.43094E-038  5.17629E-035  4.52153E-023  5.10431E-018  3.00649E-029  4.79498E-032  1.10032E-024  1.28192E-016  1.49666E-016  6.48789E-014  1.71386E-027  2.28992E-016  1.00000E-040  9.77724E-016  2.36793E-037  4.72833E-023  2.19270E-030  1.47799E-022  1.18971E-024  2.42000E-013  1.50728E-022  8.04306E-017  1.72453E-035  1.79132E-014  1.00000E-040  2.75910E-036  2.25893E-021  1.00000E-040  7.76190E-026  4.86739E-012  4.53394E-037  1.00000E-003  1.00000E-005  1.00000E-005  1.00000E-005  1.00000E-005  1.00000E-005  1.00000E-005  1.00000E-005  1.00000E-005  1.00000E-005  1.00000E-005  1.00000E-005  1.00000E-005  1.00000E-005  1.00000E-005  1.00000E-005  
3.25000E+001  8.89789E-003  2.77037E+017  2.32630E+002  1.77833E+004  1.00000E-040  1.00000E-040  1.00000E-040  1.30549E-024  1.00000E-040  1.00000E-040  1.00000E-040  1.00000E-040  1.00000E-040  1.00000E-040  1.00000E-040  1.00000E-040  1.00000E-040  1.00000E-040  8.96513E-022  1.00000E-040  1.00000E-040  2.81596E-017  2.74062E-007  1.43367E-005  3.11315E-011  2.21884E-010  1.05993E-001  4.47210E-009  2.83361E-004  2.21443E-020  3.05432E-011  1.00000E-040  1.00000E-040  1.05096E-026  1.99864E-016  2.81520E-007  6.95402E-023  7.13789E-030  6.11183E-037  7.04816E-036  1.00000E-040  4.97842E-020  1.82988E-020  1.89594E-016  5.25225E-013  1.35315E-038  1.00000E-040  5.17013E-013  5.97101E-034  3.95381E-011  1.34852E-021  8.93703E-001  5.24306E-022  1.39631E-023  1.13180E-020  1.42833E-034  5.31157E-040  4.25602E-027  2.97745E-022  4.40675E-009  4.57089E-016  6.14549E-011  6.70221E-016  5.34962E-008  2.08498E-010  4.96233E-006  6.69032E-009  1.67543E-012  7.31688E-016  2.72878E-010  5.63396E-009  1.55270E-011  2.53039E-032  5.25117E-035  1.00000E-040  4.36264E-030  3.64568E-036  1.12979E-023  1.22879E-018  2.57622E-014  8.96909E-022  2.59965E-021  1.00000E-040  1.74672E-039  3.61002E-029  1.84210E-040  1.03446E-027  5.86567E-038  1.16312E-034  7.16681E-023  5.42907E-018  7.03167E-029  1.06937E-031  5.05475E-025  7.94657E-017  1.85205E-016  5.53533E-014  2.53268E-027  9.05157E-017  1.00000E-040  7.95563E-016  5.37633E-037  7.60481E-023  3.73617E-030  1.47785E-022  1.67508E-024  2.45554E-013  1.07925E-022  1.07843E-016  3.05983E-037  1.77820E-014  1.00000E-040  3.49399E-036  3.84082E-021  1.00000E-040  1.03310E-025  4.07681E-012  7.56113E-037  1.00000E-003  1.00000E-005  1.00000E-005  1.00000E-005  1.00000E-005  1.00000E-005  1.00000E-005  1.00000E-005  1.00000E-005  1.00000E-005  1.00000E-005  1.00000E-005  1.00000E-005  1.00000E-005  1.00000E-005  1.00000E-005  
3.35000E+001  7.71764E-003  2.37230E+017  2.35631E+002  1.94692E+004  1.00000E-040  1.00000E-040  1.00000E-040  3.13280E-024  1.00000E-040  1.00000E-040  1.00000E-040  1.00000E-040  1.00000E-040  1.00000E-040  1.00000E-040  1.00000E-040  1.00000E-040  1.00000E-040  9.07019E-022  1.00000E-040  1.00000E-040  5.45997E-017  2.58507E-007  1.43987E-005  4.15281E-011  3.19149E-010  1.05991E-001  4.42057E-009  2.83360E-004  2.96511E-020  3.12520E-011  1.00000E-040  1.00000E-040  2.27753E-026  3.13333E-016  2.56407E-007  5.16331E-023  1.50192E-030  5.25801E-040  5.03727E-039  1.00000E-040  3.32453E-020  1.63141E-020  1.45715E-016  3.15409E-013  1.71546E-038  1.00000E-040  1.95123E-013  1.12213E-033  3.92142E-011  2.89257E-021  8.93706E-001  6.05149E-022  1.40316E-023  1.89897E-021  1.22665E-034  1.32960E-039  7.95162E-027  4.72696E-022  5.44669E-009  4.73914E-016  6.25147E-011  6.73189E-016  4.66558E-008  1.57247E-010  4.54403E-006  6.72164E-009  1.51964E-012  8.05044E-016  2.79819E-010  4.69221E-009  1.60529E-011  2.24385E-032  6.42281E-035  1.00000E-040  4.17442E-030  1.60570E-036  1.12964E-023  1.97388E-018  4.00833E-014  1.49855E-021  4.48200E-021  1.00000E-040  4.08762E-039  3.40579E-029  2.52892E-040  1.05863E-027  7.07571E-038  2.53844E-034  1.12404E-022  5.71563E-018  1.59725E-028  2.39974E-031  2.22019E-025  4.53716E-017  2.24766E-016  4.63067E-014  4.41584E-027  3.49093E-017  1.00000E-040  6.29943E-016  1.18686E-036  1.20685E-022  6.23667E-030  1.47770E-022  2.27474E-024  2.48781E-013  7.14360E-023  1.41816E-016  1.21022E-037  1.76424E-014  1.00000E-040  4.54583E-036  6.35098E-021  1.00000E-040  1.40620E-025  3.38019E-012  1.26170E-036  1.00000E-003  1.00000E-005  1.00000E-005  1.00000E-005  1.00000E-005  1.00000E-005  1.00000E-005  1.00000E-005  1.00000E-005  1.00000E-005  1.00000E-005  1.00000E-005  1.00000E-005  1.00000E-005  1.00000E-005  1.00000E-005  
3.45000E+001  6.70667E-003  2.03417E+017  2.38801E+002  2.14942E+004  1.00000E-040  1.00000E-040  1.00000E-040  7.56702E-024  1.00000E-040  1.00000E-040  1.00000E-040  1.00000E-040  1.00000E-040  1.00000E-040  1.00000E-040  1.00000E-040  1.00000E-040  1.00000E-040  9.17910E-022  1.00000E-040  1.00000E-040  1.08540E-016  2.43296E-007  1.44577E-005  5.47115E-011  4.59113E-010  1.05989E-001  4.35994E-009  2.83357E-004  3.91058E-020  3.17219E-011  1.00000E-040  1.76796E-040  4.81519E-026  4.84737E-016  2.32462E-007  3.63467E-023  2.76903E-031  1.55913E-038  1.79731E-037  1.00000E-040  2.14858E-020  1.38001E-020  1.05255E-016  1.82166E-013  1.91396E-038  1.00000E-040  6.83265E-014  2.10574E-033  3.89066E-011  1.36724E-020  8.93708E-001  6.90659E-022  1.96739E-023  8.15130E-022  1.03252E-034  3.15348E-039  1.44270E-026  7.28318E-022  6.54914E-009  4.70254E-016  6.37557E-011  6.71162E-016  4.06735E-008  1.20424E-010  4.15029E-006  6.53614E-009  1.37617E-012  8.43184E-016  2.79103E-010  3.80980E-009  1.63067E-011  1.99328E-032  7.78399E-035  1.00000E-040  3.95808E-030  1.99824E-036  1.12948E-023  3.13691E-018  6.14577E-014  2.46785E-021  7.62879E-021  1.00000E-040  9.23687E-039  3.21445E-029  3.63434E-040  1.08474E-027  7.99337E-038  5.31869E-034  1.72580E-022  5.94887E-018  3.54450E-028  5.29246E-031  9.43404E-026  2.44052E-017  2.68596E-016  3.81244E-014  1.46690E-026  1.32414E-017  1.00000E-040  4.88389E-016  2.48869E-036  1.87124E-022  9.91314E-030  1.47753E-022  2.93010E-024  2.52048E-013  4.47014E-023  1.84278E-016  1.37194E-037  1.74954E-014  1.00000E-040  6.07260E-036  1.02695E-020  1.00000E-040  1.95596E-025  2.77790E-012  2.05982E-036  1.00000E-003  1.00000E-005  1.00000E-005  1.00000E-005  1.00000E-005  1.00000E-005  1.00000E-005  1.00000E-005  1.00000E-005  1.00000E-005  1.00000E-005  1.00000E-005  1.00000E-005  1.00000E-005  1.00000E-005  1.00000E-005  
3.55000E+001  5.83903E-003  1.74873E+017  2.41844E+002  2.36775E+004  1.00000E-040  1.00000E-040  1.00000E-040  1.82207E-023  1.00000E-040  1.00000E-040  1.00000E-040  1.00000E-040  1.00000E-040  1.00000E-040  1.00000E-040  1.00000E-040  1.00000E-040  1.00000E-040  9.28256E-022  1.00000E-040  1.00000E-040  2.20125E-016  2.28645E-007  1.45130E-005  7.14685E-011  6.60890E-010  1.05987E-001  4.28017E-009  2.83351E-004  5.07316E-020  3.18269E-011  1.00000E-040  6.02453E-040  9.85389E-026  7.33805E-016  2.09887E-007  2.48416E-023  4.59910E-032  1.00000E-040  1.00000E-040  1.00000E-040  1.38085E-020  1.14158E-020  7.32387E-017  1.03133E-013  1.93392E-038  1.00000E-040  2.24177E-014  3.83034E-033  3.86155E-011  9.30639E-020  8.93711E-001  7.82318E-022  2.80608E-023  5.24304E-022  8.54470E-035  6.95052E-039  2.48517E-026  1.07727E-021  7.66524E-009  4.48172E-016  6.51931E-011  6.64595E-016  3.54776E-008  9.40849E-011  3.80212E-006  6.14566E-009  1.24058E-012  8.34506E-016  2.72060E-010  3.02937E-009  1.64251E-011  1.77443E-032  9.43551E-035  1.00000E-040  3.77421E-030  2.62245E-036  1.12931E-023  4.89777E-018  9.24424E-014  3.97006E-021  1.26718E-020  1.34534E-040  1.92013E-038  3.03646E-029  5.38992E-040  1.11943E-027  8.56158E-038  1.05927E-033  2.57209E-022  6.08301E-018  7.58957E-028  1.10736E-030  3.96144E-026  1.28401E-017  3.16842E-016  3.10840E-014  8.91551E-026  4.95097E-018  1.00000E-040  3.85248E-016  4.90350E-036  2.81570E-022  1.47168E-029  1.47732E-022  3.56423E-024  2.53160E-013  2.72538E-023  2.38127E-016  1.62614E-037  1.73419E-014  1.00000E-040  8.27397E-036  1.60999E-020  1.00000E-040  2.71525E-025  2.26427E-012  3.23112E-036  1.00000E-003  1.00000E-005  1.00000E-005  1.00000E-005  1.00000E-005  1.00000E-005  1.00000E-005  1.00000E-005  1.00000E-005  1.00000E-005  1.00000E-005  1.00000E-005  1.00000E-005  1.00000E-005  1.00000E-005  1.00000E-005  
3.65000E+001  5.09262E-003  1.50665E+017  2.44820E+002  2.67395E+004  1.00000E-040  1.00000E-040  1.00000E-040  4.36248E-023  1.00000E-040  1.00000E-040  1.00000E-040  1.00000E-040  1.00000E-040  1.00000E-040  1.00000E-040  1.00000E-040  1.00000E-040  1.00000E-040  9.38216E-022  1.00000E-040  1.00000E-040  4.56410E-016  2.14886E-007  1.45638E-005  9.28167E-011  9.55611E-010  1.05985E-001  4.17866E-009  2.83342E-004  6.51385E-020  3.16742E-011  1.00000E-040  2.01424E-039  1.97051E-025  1.09355E-015  1.89020E-007  1.70454E-023  7.31587E-033  7.23103E-039  8.26040E-038  1.00000E-040  9.01456E-021  9.43720E-021  5.04442E-017  5.88948E-014  1.85967E-038  1.00000E-040  7.01128E-015  6.82537E-033  3.83433E-011  5.51003E-019  8.93713E-001  8.83531E-022  3.96811E-023  3.66478E-022  6.95486E-035  1.40527E-038  3.99515E-026  1.51343E-021  8.73935E-009  4.10370E-016  6.69882E-011  6.56725E-016  3.10252E-008  7.51845E-011  3.50346E-006  5.60149E-009  1.12006E-012  8.07959E-016  2.59191E-010  2.36324E-009  1.64779E-011  1.58541E-032  1.14556E-034  1.00000E-040  3.63345E-030  3.40782E-036  1.12913E-023  7.45885E-018  1.36513E-013  6.19713E-021  2.04138E-020  1.84918E-040  3.66529E-038  2.87327E-029  8.28794E-040  1.16633E-027  9.04684E-038  1.99065E-033  3.69424E-022  6.09624E-018  1.58471E-027  2.15783E-030  1.65545E-026  6.74865E-018  3.70200E-016  2.51561E-014  5.34842E-025  1.83917E-018  1.00000E-040  3.07900E-016  8.93109E-036  4.08309E-022  2.00358E-029  1.47706E-022  4.04516E-024  2.51628E-013  1.66884E-023  3.07317E-016  1.88796E-037  1.71844E-014  1.00000E-040  1.14870E-035  2.46936E-020  1.00000E-040  3.78188E-025  1.83536E-012  4.79185E-036  1.00000E-003  1.00000E-005  1.00000E-005  1.00000E-005  1.00000E-005  1.00000E-005  1.00000E-005  1.00000E-005  1.00000E-005  1.00000E-005  1.00000E-005  1.00000E-005  1.00000E-005  1.00000E-005  1.00000E-005  1.00000E-005  
3.75000E+001  4.44871E-003  1.30259E+017  2.47367E+002  2.97405E+004  1.00000E-040  1.00000E-040  1.00000E-040  1.03634E-022  1.00000E-040  1.00000E-040  1.00000E-040  1.00000E-040  1.00000E-040  1.00000E-040  1.00000E-040  1.00000E-040  1.00000E-040  1.00000E-040  9.46466E-022  1.00000E-040  1.00000E-040  9.56856E-016  2.02236E-007  1.46095E-005  1.20107E-010  1.38465E-009  1.05982E-001  4.04897E-009  2.83330E-004  8.23588E-020  3.10751E-011  1.00000E-040  6.54864E-039  3.79771E-025  1.58474E-015  1.70008E-007  1.20986E-023  1.20065E-033  4.17682E-038  4.78964E-037  1.00000E-040  6.15272E-021  8.07226E-021  3.56633E-017  3.48890E-014  1.75651E-038  1.00000E-040  2.12114E-015  1.15036E-032  3.80900E-011  2.63946E-018  8.93716E-001  9.96887E-022  5.37556E-023  2.65211E-022  5.59433E-035  2.58522E-038  5.93378E-026  2.00380E-021  9.72936E-009  3.63197E-016  6.89265E-011  6.46516E-016  2.72331E-008  6.13816E-011  3.26330E-006  4.94616E-009  1.00700E-012  7.63089E-016  2.43032E-010  1.81738E-009  1.64998E-011  1.42208E-032  1.40235E-034  1.00000E-040  3.57170E-030  4.10976E-036  1.12895E-023  1.10023E-017  1.96508E-013  9.29619E-021  3.14960E-020  2.51500E-040  6.11602E-038  2.72477E-029  1.30383E-039  1.23137E-027  9.56758E-038  3.49768E-033  5.07284E-022  5.93148E-018  3.16656E-027  3.81489E-030  7.04774E-027  3.70312E-018  4.28410E-016  2.03314E-014  2.58790E-024  6.81926E-019  1.00000E-040  2.59554E-016  1.50693E-035  5.66757E-022  2.49087E-029  1.47670E-022  4.29261E-024  2.44238E-013  1.06649E-023  3.97034E-016  2.02396E-037  1.70245E-014  1.00000E-040  1.60870E-035  3.65371E-020  1.00000E-040  5.14220E-025  1.48247E-012  6.66254E-036  1.00000E-003  1.00000E-005  1.00000E-005  1.00000E-005  1.00000E-005  1.00000E-005  1.00000E-005  1.00000E-005  1.00000E-005  1.00000E-005  1.00000E-005  1.00000E-005  1.00000E-005  1.00000E-005  1.00000E-005  1.00000E-005  
3.85000E+001  3.89162E-003  1.12859E+017  2.49753E+002  3.29242E+004  1.00000E-040  1.00000E-040  1.00000E-040  2.44635E-022  1.00000E-040  1.00000E-040  1.00000E-040  1.00000E-040  1.00000E-040  1.00000E-040  1.00000E-040  1.00000E-040  1.00000E-040  1.00000E-040  9.53181E-022  1.00000E-040  1.00000E-040  2.03203E-015  1.90713E-007  1.46503E-005  1.54859E-010  2.01532E-009  1.05980E-001  3.89498E-009  2.83316E-004  1.03155E-019  3.01904E-011  1.00000E-040  2.15258E-038  7.14416E-025  2.25477E-015  1.52684E-007  9.14217E-024  1.59047E-034  1.00000E-040  1.00000E-040  1.00000E-040  4.40677E-021  7.17133E-021  2.64465E-017  2.20250E-014  1.70040E-038  1.00000E-040  6.21417E-016  1.89070E-032  3.78522E-011  1.03055E-017  8.93719E-001  1.12559E-021  7.07738E-023  1.96854E-022  4.44684E-035  4.36123E-038  8.17469E-026  2.50201E-021  1.05913E-008  3.10111E-016  7.10834E-011  6.36151E-016  2.39729E-008  5.10933E-011  3.07046E-006  4.24634E-009  9.06278E-013  7.34020E-016  2.23758E-010  1.37327E-009  1.65070E-011  1.27958E-032  1.71916E-034  1.00000E-040  3.55705E-030  4.71189E-036  1.12876E-023  1.57374E-017  2.77244E-013  1.34400E-020  4.67780E-020  3.33642E-040  9.22947E-038  2.58856E-029  2.13003E-039  1.31349E-027  1.05510E-037  5.76525E-033  6.68104E-022  5.57069E-018  6.15783E-027  6.16570E-030  3.00047E-027  2.12323E-018  4.90731E-016  1.63685E-014  1.00242E-023  2.50870E-019  1.00000E-040  2.23678E-016  2.34739E-035  7.54749E-022  2.83199E-029  1.47618E-022  4.24082E-024  2.31027E-013  7.26438E-024  5.13196E-016  2.04547E-037  1.68621E-014  1.00000E-040  2.27310E-035  5.28162E-020  1.00000E-040  6.93262E-025  1.19204E-012  8.69548E-036  1.00000E-003  1.00000E-005  1.00000E-005  1.00000E-005  1.00000E-005  1.00000E-005  1.00000E-005  1.00000E-005  1.00000E-005  1.00000E-005  1.00000E-005  1.00000E-005  1.00000E-005  1.00000E-005  1.00000E-005  1.00000E-005  
3.95000E+001  3.40842E-003  9.80867E+016  2.51686E+002  3.69865E+004  1.00000E-040  1.00000E-040  1.00000E-040  5.73433E-022  1.00000E-040  1.00000E-040  1.00000E-040  1.00000E-040  1.00000E-040  1.00000E-040  1.00000E-040  1.00000E-040  1.00000E-040  1.00000E-040  9.55813E-022  1.00000E-040  1.00000E-040  4.31753E-015  1.80511E-007  1.46861E-005  1.98971E-010  2.93603E-009  1.05977E-001  3.71766E-009  2.83299E-004  1.27315E-019  2.89013E-011  1.00000E-040  7.11294E-038  1.29341E-024  3.11416E-015  1.37140E-007  7.60774E-024  5.39327E-035  2.26617E-038  2.57922E-037  1.00000E-040  3.41136E-021  6.84229E-021  2.14702E-017  1.53398E-014  1.74029E-038  1.00000E-040  1.78212E-016  2.94506E-032  3.76302E-011  3.40214E-017  8.93722E-001  1.27188E-021  8.85154E-023  1.50823E-022  3.51066E-035  6.74705E-038  1.04362E-025  2.92753E-021  1.12977E-008  2.56796E-016  7.32903E-011  6.23810E-016  2.11830E-008  4.34002E-011  2.92821E-006  3.54319E-009  8.10934E-013  7.23232E-016  2.03431E-010  1.02238E-009  1.65066E-011  1.15652E-032  2.11543E-034  1.00000E-040  3.60856E-030  4.92936E-036  1.12857E-023  2.16506E-017  3.80404E-013  1.85271E-020  6.60393E-020  4.23923E-040  1.21218E-037  2.46440E-029  3.58295E-039  1.41721E-027  1.23782E-037  8.83387E-033  8.36520E-022  5.01479E-018  1.14468E-026  8.99791E-030  1.30527E-027  1.32732E-018  5.55340E-016  1.32020E-014  3.17815E-023  9.19208E-020  1.00000E-040  2.02893E-016  3.40166E-035  9.56212E-022  2.95832E-029  1.47540E-022  3.90982E-024  2.10651E-013  5.49547E-024  6.63835E-016  1.87963E-037  1.66996E-014  1.00000E-040  3.20872E-035  7.35465E-020  1.00000E-040  9.06226E-025  9.56470E-013  1.06356E-035  1.00000E-003  1.00000E-005  1.00000E-005  1.00000E-005  1.00000E-005  1.00000E-005  1.00000E-005  1.00000E-005  1.00000E-005  1.00000E-005  1.00000E-005  1.00000E-005  1.00000E-005  1.00000E-005  1.00000E-005  1.00000E-005  
4.05000E+001  2.98810E-003  8.54599E+016  2.53250E+002  4.09878E+004  1.00000E-040  1.00000E-040  1.00000E-040  1.33648E-021  1.00000E-040  1.00000E-040  1.00000E-040  1.00000E-040  1.00000E-040  1.00000E-040  1.00000E-040  1.00000E-040  1.00000E-040  1.00000E-040  9.51534E-022  1.00000E-040  1.00000E-040  9.14351E-015  1.71746E-007  1.47166E-005  2.54474E-010  4.27920E-009  1.05974E-001  3.52461E-009  2.83280E-004  1.55170E-019  2.73180E-011  1.00000E-040  2.37414E-037  2.25820E-024  4.18381E-015  1.23358E-007  7.17221E-024  3.23535E-035  5.01288E-038  5.69279E-037  1.00000E-040  2.88794E-021  7.09269E-021  1.96328E-017  1.21302E-014  1.94497E-038  1.00000E-040  5.04256E-017  4.38899E-032  3.74233E-011  9.71899E-017  8.93725E-001  1.43816E-021  1.05779E-022  1.19622E-022  2.75912E-035  9.63890E-038  1.24059E-025  3.20322E-021  1.18282E-008  2.06552E-016  7.55815E-011  6.09512E-016  1.87960E-008  3.76573E-011  2.82798E-006  2.87832E-009  7.19606E-013  7.45253E-016  1.82695E-010  7.48563E-010  1.65022E-011  1.05378E-032  2.60109E-034  1.00000E-040  3.70816E-030  4.75704E-036  1.12836E-023  2.85522E-017  5.07365E-013  2.42683E-020  8.84148E-020  5.08865E-040  1.39898E-037  2.35145E-029  6.23790E-039  1.54265E-027  1.59363E-037  1.25537E-032  9.93322E-022  4.32605E-018  2.04107E-026  1.19282E-029  5.92108E-028  9.16026E-019  6.19907E-016  1.06818E-014  8.45933E-023  3.36578E-020  1.00000E-040  1.91413E-016  4.59341E-035  1.14893E-021  2.85385E-029  1.47423E-022  3.35451E-024  1.84697E-013  4.73700E-024  8.58501E-016  1.58661E-037  1.65390E-014  1.00000E-040  4.51204E-035  9.88111E-020  1.00000E-040  1.15396E-024  7.67356E-013  1.22234E-035  1.00000E-003  1.00000E-005  1.00000E-005  1.00000E-005  1.00000E-005  1.00000E-005  1.00000E-005  1.00000E-005  1.00000E-005  1.00000E-005  1.00000E-005  1.00000E-005  1.00000E-005  1.00000E-005  1.00000E-005  1.00000E-005  
4.15000E+001  2.62158E-003  7.46447E+016  2.54379E+002  4.51719E+004  1.00000E-040  1.00000E-040  1.00000E-040  3.09909E-021  1.00000E-040  1.00000E-040  1.00000E-040  1.00000E-040  1.00000E-040  1.00000E-040  1.00000E-040  1.00000E-040  1.00000E-040  1.00000E-040  9.35636E-022  1.00000E-040  1.00000E-040  1.91310E-014  1.64437E-007  1.47423E-005  3.23303E-010  6.22022E-009  1.05971E-001  3.32131E-009  2.83258E-004  1.86149E-019  2.54455E-011  1.00000E-040  7.80986E-037  3.77021E-024  5.43562E-015  1.11164E-007  7.70275E-024  1.24591E-035  1.39149E-038  1.57189E-037  1.00000E-040  2.66680E-021  7.96549E-021  2.04351E-017  1.09618E-014  2.37990E-038  1.00000E-040  1.40445E-017  6.21215E-032  3.72289E-011  2.46155E-016  8.93728E-001  1.62433E-021  1.20478E-022  9.85614E-023  2.16710E-035  1.28080E-037  1.38148E-025  3.27574E-021  1.21723E-008  1.61766E-016  7.79410E-011  5.91656E-016  1.67326E-008  3.34229E-011  2.76221E-006  2.27661E-009  6.28339E-013  8.00683E-016  1.62387E-010  5.37567E-010  1.64954E-011  9.73752E-033  3.18780E-034  1.00000E-040  3.84422E-030  4.22484E-036  1.12815E-023  3.59861E-017  6.55501E-013  3.00826E-020  1.11802E-019  5.71474E-040  1.40798E-037  2.24777E-029  1.11633E-038  1.68983E-027  2.24971E-037  1.64921E-032  1.11550E-021  3.57717E-018  3.45934E-026  1.44338E-029  3.03660E-028  6.98533E-019  6.79674E-016  8.68651E-015  1.93013E-022  1.22667E-020  1.00000E-040  1.88371E-016  5.81644E-035  1.30507E-021  2.56539E-029  1.47248E-022  2.68502E-024  1.55124E-013  4.67928E-024  1.10807E-015  1.22930E-037  1.63806E-014  1.00000E-040  6.28066E-035  1.27027E-019  1.00000E-040  1.41924E-024  6.15581E-013  1.32568E-035  1.00000E-003  1.00000E-005  1.00000E-005  1.00000E-005  1.00000E-005  1.00000E-005  1.00000E-005  1.00000E-005  1.00000E-005  1.00000E-005  1.00000E-005  1.00000E-005  1.00000E-005  1.00000E-005  1.00000E-005  1.00000E-005  
4.25000E+001  2.30121E-003  6.53482E+016  2.55058E+002  5.04170E+004  1.00000E-040  1.00000E-040  1.00000E-040  7.15673E-021  1.00000E-040  1.00000E-040  1.00000E-040  1.00000E-040  1.00000E-040  1.00000E-040  1.00000E-040  1.00000E-040  1.00000E-040  1.00000E-040  9.03161E-022  1.00000E-040  1.00000E-040  3.92087E-014  1.58692E-007  1.47630E-005  4.06778E-010  8.98526E-009  1.05968E-001  3.11770E-009  2.83233E-004  2.19452E-019  2.33657E-011  1.00000E-040  2.45819E-036  5.98031E-024  6.80601E-015  1.00545E-007  9.24944E-024  1.00000E-040  1.00000E-040  1.00000E-040  1.00000E-040  2.62554E-021  9.45680E-021  2.38424E-017  1.11154E-014  3.12363E-038  1.00000E-040  3.87341E-018  8.32228E-032  3.70471E-011  5.63588E-016  8.93731E-001  1.82727E-021  1.31090E-022  8.47370E-023  1.70943E-035  1.58936E-037  1.44526E-025  3.12556E-021  1.23314E-008  1.23932E-016  8.03838E-011  5.68590E-016  1.49540E-008  3.03623E-011  2.72021E-006  1.75460E-009  5.35293E-013  8.86436E-016  1.43057E-010  3.77696E-010  1.64870E-011  9.22765E-033  3.87845E-034  1.00000E-040  3.99121E-030  3.47933E-036  1.12793E-023  4.31623E-017  8.17687E-013  3.51130E-020  1.32928E-019  5.94833E-040  1.23358E-037  2.15302E-029  2.03086E-038  1.85556E-027  3.40594E-037  1.99316E-032  1.18017E-021  2.85613E-018  5.53662E-026  1.60129E-029  2.14335E-028  5.75732E-019  7.29432E-016  7.11507E-015  3.84946E-022  4.47406E-021  1.00000E-040  1.92778E-016  6.91189E-035  1.39542E-021  2.16136E-029  1.46998E-022  2.00492E-024  1.24897E-013  5.18601E-024  1.42328E-015  8.81686E-038  1.62275E-014  1.00000E-040  8.61247E-035  1.55224E-019  1.00000E-040  1.68250E-024  4.95345E-013  1.35943E-035  1.00000E-003  1.00000E-005  1.00000E-005  1.00000E-005  1.00000E-005  1.00000E-005  1.00000E-005  1.00000E-005  1.00000E-005  1.00000E-005  1.00000E-005  1.00000E-005  1.00000E-005  1.00000E-005  1.00000E-005  1.00000E-005  
4.35000E+001  2.02063E-003  5.72931E+016  2.55447E+002  5.66624E+004  1.00000E-040  1.00000E-040  1.00000E-040  1.64840E-020  1.00000E-040  1.00000E-040  1.00000E-040  1.00000E-040  1.00000E-040  1.00000E-040  1.00000E-040  1.00000E-040  1.00000E-040  1.00000E-040  8.50939E-022  1.00000E-040  1.00000E-040  7.82715E-014  1.54596E-007  1.47787E-005  5.04812E-010  1.28590E-008  1.05964E-001  2.92592E-009  2.83207E-004  2.54784E-019  2.12377E-011  1.00000E-040  7.27672E-036  9.01422E-024  8.23430E-015  9.14985E-008  1.19796E-023  7.86446E-036  1.00000E-040  1.00000E-040  1.00000E-040  2.65673E-021  1.14044E-020  3.00120E-017  1.21952E-014  4.24971E-038  1.00000E-040  1.07005E-018  1.06858E-031  3.68787E-011  1.17864E-015  8.93735E-001  2.04195E-021  1.38166E-022  7.63971E-023  1.36068E-035  1.84601E-037  1.42149E-025  2.78061E-021  1.23182E-008  9.34060E-017  8.29698E-011  5.39675E-016  1.34338E-008  2.81593E-011  2.68625E-006  1.32139E-009  4.41762E-013  9.94787E-016  1.24837E-010  2.58858E-010  1.64775E-011  9.08999E-033  4.64948E-034  1.00000E-040  4.09611E-030  2.73424E-036  1.12771E-023  4.91580E-017  9.84157E-013  3.85285E-020  1.48548E-019  5.70525E-040  9.58898E-038  2.06726E-029  3.71392E-038  2.02965E-027  5.35529E-037  2.20898E-032  1.17548E-021  2.23141E-018  8.38812E-026  1.64004E-029  2.36281E-028  4.92486E-019  7.63868E-016  5.87117E-015  6.82638E-022  1.65418E-021  1.00000E-040  2.00929E-016  7.65042E-035  1.40267E-021  1.71084E-029  1.46661E-022  1.39160E-024  9.69157E-014  6.17096E-024  1.81129E-015  6.01594E-038  1.60833E-014  1.00000E-040  1.16170E-034  1.80191E-019  1.00000E-040  1.94508E-024  4.01801E-013  1.32070E-035  1.00000E-003  1.00000E-005  1.00000E-005  1.00000E-005  1.00000E-005  1.00000E-005  1.00000E-005  1.00000E-005  1.00000E-005  1.00000E-005  1.00000E-005  1.00000E-005  1.00000E-005  1.00000E-005  1.00000E-005  1.00000E-005  
4.45000E+001  1.77446E-003  5.03410E+016  2.55306E+002  6.33601E+004  1.00000E-040  1.00000E-040  1.00000E-040  3.78647E-020  1.00000E-040  1.00000E-040  1.00000E-040  1.00000E-040  1.00000E-040  1.00000E-040  1.00000E-040  1.00000E-040  1.00000E-040  1.00000E-040  7.77609E-022  1.00000E-040  1.00000E-040  1.50193E-013  1.52132E-007  1.47898E-005  6.16079E-010  1.81182E-008  1.05961E-001  2.75024E-009  2.83178E-004  2.89211E-019  1.90437E-011  1.00000E-040  1.94695E-035  1.26947E-023  9.51509E-015  8.38963E-008  1.61425E-023  9.43103E-036  2.90435E-040  3.17357E-039  1.00000E-040  2.71615E-021  1.37165E-020  3.96685E-017  1.39655E-014  5.74000E-038  1.00000E-040  2.98603E-019  1.28062E-031  3.67230E-011  2.30174E-015  8.93738E-001  2.25572E-021  1.39473E-022  7.23515E-023  1.10022E-035  2.01518E-037  1.32010E-025  2.30886E-021  1.21516E-008  6.99679E-017  8.56244E-011  5.02948E-016  1.21346E-008  2.66009E-011  2.65480E-006  9.73579E-010  3.50337E-013  1.10908E-015  1.08376E-010  1.73322E-010  1.64672E-011  9.39127E-033  5.49128E-034  1.00000E-040  4.14634E-030  2.01816E-036  1.12748E-023  5.29385E-017  1.13474E-012  3.95179E-020  1.54995E-019  5.03019E-040  6.45531E-038  1.98974E-029  6.66038E-038  2.20609E-027  8.32309E-037  2.23548E-032  1.09723E-021  1.71954E-018  1.17907E-025  1.55287E-029  3.34121E-028  4.32281E-019  7.77498E-016  4.89232E-015  1.09281E-021  6.26316E-022  1.00000E-040  2.17608E-016  7.95844E-035  1.31965E-021  1.29061E-029  1.46231E-022  9.05972E-025  7.25715E-014  7.62121E-024  2.27661E-015  3.86107E-038  1.59501E-014  1.00000E-040  1.52914E-034  1.95523E-019  1.00000E-040  2.15664E-024  3.29680E-013  1.22012E-035  1.00000E-003  1.00000E-005  1.00000E-005  1.00000E-005  1.00000E-005  1.00000E-005  1.00000E-005  1.00000E-005  1.00000E-005  1.00000E-005  1.00000E-005  1.00000E-005  1.00000E-005  1.00000E-005  1.00000E-005  1.00000E-005  
4.55000E+001  1.55815E-003  4.42663E+016  2.54949E+002  6.89710E+004  1.00000E-040  1.00000E-040  1.00000E-040  8.69286E-020  1.00000E-040  1.00000E-040  1.00000E-040  1.00000E-040  1.00000E-040  1.00000E-040  1.00000E-040  1.00000E-040  1.00000E-040  1.00000E-040  6.87054E-022  1.00000E-040  1.00000E-040  2.77455E-013  1.51226E-007  1.47967E-005  7.37409E-010  2.51204E-008  1.05958E-001  2.59511E-009  2.83147E-004  3.22417E-019  1.69268E-011  1.00000E-040  4.73536E-035  1.68244E-023  1.05729E-014  7.74813E-008  2.21701E-023  1.09986E-035  1.00000E-040  1.00000E-040  1.00000E-040  2.76721E-021  1.61865E-020  5.35228E-017  1.63317E-014  7.57134E-038  1.00000E-040  8.35847E-020  1.47359E-031  3.65764E-011  4.19772E-015  8.93742E-001  2.46357E-021  1.37918E-022  7.20701E-023  9.04767E-036  2.06908E-037  1.15621E-025  1.79336E-021  1.18449E-008  5.23461E-017  8.84470E-011  4.60697E-016  1.10055E-008  2.54145E-011  2.61114E-006  7.04933E-010  2.66673E-013  1.22124E-015  9.32631E-011  1.12915E-010  1.64560E-011  1.01815E-032  6.33816E-034  1.00000E-040  4.08340E-030  1.45915E-036  1.12725E-023  5.40171E-017  1.25724E-012  3.80454E-020  1.51881E-019  4.06883E-040  3.90071E-038  1.91853E-029  1.16516E-037  2.36759E-027  1.26458E-036  2.07115E-032  9.64292E-022  1.32097E-018  1.55522E-025  1.37093E-029  5.03042E-028  3.81706E-019  7.66167E-016  4.09618E-015  1.59422E-021  2.42353E-022  1.00000E-040  2.36894E-016  7.68229E-035  1.16709E-021  9.32303E-030  1.45704E-022  5.50538E-025  5.27389E-014  9.46678E-024  2.81541E-015  2.42285E-038  1.58275E-014  1.00000E-040  1.96975E-034  1.99498E-019  1.00000E-040  2.33774E-024  2.73562E-013  1.07344E-035  1.00000E-003  1.00000E-005  1.00000E-005  1.00000E-005  1.00000E-005  1.00000E-005  1.00000E-005  1.00000E-005  1.00000E-005  1.00000E-005  1.00000E-005  1.00000E-005  1.00000E-005  1.00000E-005  1.00000E-005  1.00000E-005  
4.65000E+001  1.36783E-003  3.90005E+016  2.54027E+002  7.80352E+004  1.00000E-040  1.00000E-040  1.00000E-040  1.99332E-019  1.00000E-040  1.00000E-040  1.00000E-040  1.00000E-040  1.00000E-040  1.00000E-040  1.00000E-040  1.00000E-040  1.00000E-040  1.00000E-040  5.84955E-022  1.00000E-040  1.00000E-040  4.88783E-013  1.51832E-007  1.47997E-005  8.65846E-010  3.41135E-008  1.05954E-001  2.46197E-009  2.83113E-004  3.50588E-019  1.48685E-011  1.00000E-040  1.01798E-034  2.06885E-023  1.11753E-014  7.21604E-008  3.05446E-023  1.31642E-035  1.00000E-040  1.00000E-040  1.00000E-040  2.82958E-021  1.89052E-020  7.32891E-017  1.91985E-014  9.55355E-038  1.00000E-040  2.37235E-020  1.57232E-031  3.64389E-011  7.31407E-015  8.93745E-001  2.64640E-021  1.31030E-022  7.44972E-023  7.60285E-036  2.01437E-037  9.63650E-026  1.30991E-021  1.14289E-008  3.97193E-017  9.12904E-011  4.12751E-016  1.00293E-008  2.44908E-011  2.55923E-006  5.02548E-010  1.94800E-013  1.31778E-015  8.00336E-011  7.20459E-011  1.64441E-011  1.14607E-032  7.18405E-034  1.00000E-040  3.93640E-030  9.99959E-037  1.12701E-023  5.21255E-017  1.33103E-012  3.42754E-020  1.39142E-019  3.03519E-040  2.05216E-038  1.85351E-029  1.95419E-037  2.51194E-027  1.82346E-036  1.76040E-032  7.95909E-022  1.01451E-018  1.88909E-025  1.13168E-029  7.19800E-028  3.44875E-019  7.31407E-016  3.45609E-015  2.14990E-021  9.68960E-023  1.00000E-040  2.68031E-016  7.02296E-035  9.68235E-022  6.63101E-030  1.45092E-022  3.17557E-025  3.72724E-014  1.17325E-023  3.42414E-015  1.44762E-038  1.57177E-014  1.00000E-040  2.46795E-034  1.88917E-019  1.00000E-040  2.42636E-024  2.30378E-013  9.04377E-036  1.00000E-003  1.00000E-005  1.00000E-005  1.00000E-005  1.00000E-005  1.00000E-005  1.00000E-005  1.00000E-005  1.00000E-005  1.00000E-005  1.00000E-005  1.00000E-005  1.00000E-005  1.00000E-005  1.00000E-005  1.00000E-005  
4.75000E+001  1.20019E-003  3.43670E+016  2.52945E+002  8.59767E+004  1.00000E-040  1.00000E-040  1.00000E-040  4.57688E-019  1.00000E-040  1.00000E-040  1.00000E-040  1.00000E-040  1.00000E-040  1.00000E-040  1.00000E-040  1.00000E-040  1.00000E-040  1.00000E-040  4.80140E-022  1.00000E-040  1.00000E-040  8.29205E-013  1.53851E-007  1.47993E-005  9.97487E-010  4.55264E-008  1.05951E-001  2.35620E-009  2.83078E-004  3.75813E-019  1.30166E-011  1.00000E-040  1.99128E-034  2.40366E-023  1.13941E-014  6.78132E-008  4.19237E-023  1.57025E-035  1.00000E-040  1.00000E-040  1.00000E-040  2.88341E-021  2.16855E-020  1.00038E-016  2.24974E-014  1.15636E-037  1.00000E-040  6.91329E-021  1.61901E-031  3.63099E-011  1.21125E-014  8.93749E-001  2.81177E-021  1.22830E-022  7.94734E-023  6.51556E-036  1.86373E-037  7.64439E-026  9.05019E-022  1.09354E-008  3.08010E-017  9.42585E-011  3.64098E-016  9.18967E-009  2.36479E-011  2.49042E-006  3.54928E-010  1.37366E-013  1.39263E-015  6.82636E-011  4.51052E-011  1.64316E-011  1.31817E-032  7.94934E-034  1.00000E-040  3.67875E-030  6.80053E-037  1.12678E-023  4.79205E-017  1.35672E-012  2.91914E-020  1.20605E-019  2.10861E-040  1.87772E-038  1.79450E-029  3.16655E-037  2.62394E-027  2.52103E-036  1.38644E-032  6.23356E-022  7.87519E-019  2.16319E-025  8.82945E-030  9.89541E-028  3.14554E-019  6.76599E-016  2.92646E-015  2.70171E-021  4.05510E-023  1.00000E-040  3.03855E-016  6.00988E-035  7.61280E-022  4.72801E-030  1.44419E-022  1.73123E-025  2.57776E-014  1.42626E-023  4.09127E-015  8.58049E-039  1.56218E-014  1.00000E-040  3.03266E-034  1.68729E-019  1.00000E-040  2.48791E-024  1.97441E-013  7.33556E-036  1.00000E-003  1.00000E-005  1.00000E-005  1.00000E-005  1.00000E-005  1.00000E-005  1.00000E-005  1.00000E-005  1.00000E-005  1.00000E-005  1.00000E-005  1.00000E-005  1.00000E-005  1.00000E-005  1.00000E-005  1.00000E-005  
4.85000E+001  1.05241E-003  3.03286E+016  2.51333E+002  9.43451E+004  1.00000E-040  1.00000E-040  1.00000E-040  1.05144E-018  1.00000E-040  1.00000E-040  1.00000E-040  1.00000E-040  1.00000E-040  1.00000E-040  1.00000E-040  1.00000E-040  1.00000E-040  1.00000E-040  3.79640E-022  1.00000E-040  1.00000E-040  1.34881E-012  1.57215E-007  1.47957E-005  1.13093E-009  5.95942E-008  1.05947E-001  2.27515E-009  2.83041E-004  3.94402E-019  1.13200E-011  1.00000E-040  3.48663E-034  2.61427E-023  1.11117E-014  6.42363E-008  5.72049E-023  1.89456E-035  3.47281E-040  3.69488E-039  1.00000E-040  2.96012E-021  2.47894E-020  1.36915E-016  2.62318E-014  1.33692E-037  1.00000E-040  2.06062E-021  1.55320E-031  3.61865E-011  1.94558E-014  8.93752E-001  2.93634E-021  1.11074E-022  8.53522E-023  5.70005E-036  1.65729E-037  5.84349E-026  5.96888E-022  1.03819E-008  2.46573E-017  9.71791E-011  3.14790E-016  8.45595E-009  2.28796E-011  2.41565E-006  2.48299E-010  9.39257E-014  1.44388E-015  5.81521E-011  2.78175E-011  1.64184E-011  1.52621E-032  8.65748E-034  1.00000E-040  3.37328E-030  4.40352E-037  1.12654E-023  4.20682E-017  1.32900E-012  2.35402E-020  9.89212E-020  1.37926E-040  6.36347E-035  1.74010E-029  4.91938E-037  2.71064E-027  3.29677E-036  1.02048E-032  4.63881E-022  6.13395E-019  2.30194E-025  6.54222E-030  1.25900E-027  2.95887E-019  6.08872E-016  2.49335E-015  3.19966E-021  1.76896E-023  1.00000E-040  3.57979E-016  4.94917E-035  5.68241E-022  3.50373E-030  1.43694E-022  9.11261E-026  1.74657E-014  1.71659E-023  4.81418E-015  4.87265E-039  1.55385E-014  1.00000E-040  3.63875E-034  1.40994E-019  1.00000E-040  2.45807E-024  1.71982E-013  5.75541E-036  1.00000E-003  1.00000E-005  1.00000E-005  1.00000E-005  1.00000E-005  1.00000E-005  1.00000E-005  1.00000E-005  1.00000E-005  1.00000E-005  1.00000E-005  1.00000E-005  1.00000E-005  1.00000E-005  1.00000E-005  1.00000E-005  
4.95000E+001  9.22055E-004  2.67570E+016  2.49595E+002  1.04470E+005  1.00000E-040  1.00000E-040  1.00000E-040  2.42266E-018  1.00000E-040  1.00000E-040  1.00000E-040  1.00000E-040  1.00000E-040  1.00000E-040  1.00000E-040  1.00000E-040  1.00000E-040  1.00000E-040  2.89877E-022  1.00000E-040  1.00000E-040  2.13117E-012  1.61824E-007  1.47894E-005  1.26395E-009  7.69232E-008  1.05943E-001  2.22265E-009  2.83002E-004  4.09819E-019  9.85560E-012  1.00000E-040  5.66242E-034  2.71678E-023  1.05197E-014  6.13170E-008  7.75338E-023  2.26172E-035  1.93128E-040  2.04003E-039  1.00000E-040  3.03488E-021  2.80092E-020  1.85690E-016  3.03702E-014  1.48986E-037  1.00000E-040  6.32920E-022  1.44706E-031  3.60676E-011  3.00817E-014  8.93756E-001  3.04538E-021  9.94049E-023  9.21221E-023  5.06895E-036  1.41920E-037  4.30447E-026  3.78210E-022  9.79369E-009  2.04029E-017  1.00166E-010  2.69821E-016  7.81602E-009  2.20948E-011  2.33034E-006  1.72867E-010  6.26802E-014  1.47111E-015  4.93022E-011  1.69314E-011  1.64046E-011  1.76042E-032  9.24579E-034  1.00000E-040  3.01653E-030  2.83176E-037  1.12629E-023  3.56011E-017  1.26186E-012  1.81903E-020  7.78189E-020  1.00000E-040  1.15435E-038  1.69009E-029  7.42001E-037  2.76331E-027  4.14814E-036  7.10439E-033  3.31952E-022  4.83047E-019  2.33583E-025  4.64878E-030  1.53953E-027  2.82723E-019  5.33574E-016  2.13005E-015  3.58732E-021  8.09202E-024  1.00000E-040  4.25364E-016  3.88008E-035  4.07532E-022  2.76273E-030  1.42938E-022  4.60976E-026  1.16384E-014  2.02647E-023  5.58353E-015  2.75004E-039  1.54677E-014  1.00000E-040  4.30338E-034  1.12240E-019  1.00000E-040  2.41254E-024  1.52355E-013  4.39286E-036  1.00000E-003  1.00000E-005  1.00000E-005  1.00000E-005  1.00000E-005  1.00000E-005  1.00000E-005  1.00000E-005  1.00000E-005  1.00000E-005  1.00000E-005  1.00000E-005  1.00000E-005  1.00000E-005  1.00000E-005  1.00000E-005  
5.05000E+001  8.07033E-004  2.36286E+016  2.47383E+002  1.14473E+005  1.00000E-040  1.00000E-040  1.00000E-040  5.59419E-018  1.00000E-040  1.00000E-040  1.00000E-040  1.00000E-040  1.00000E-040  1.00000E-040  1.00000E-040  1.00000E-040  1.00000E-040  1.00000E-040  2.13936E-022  1.00000E-040  1.00000E-040  3.26322E-012  1.67589E-007  1.47806E-005  1.39765E-009  9.78388E-008  1.05939E-001  2.19890E-009  2.82961E-004  4.19393E-019  8.57634E-012  1.00000E-040  8.45210E-034  2.68577E-023  9.62629E-015  5.89429E-008  1.04264E-022  2.70474E-035  1.00000E-040  1.00000E-040  1.00000E-040  3.11828E-021  3.15104E-020  2.50536E-016  3.48870E-014  1.60055E-037  1.00000E-040  2.01711E-022  1.26614E-031  3.59521E-011  4.55844E-014  8.93760E-001  3.10838E-021  8.60735E-023  9.78083E-023  4.57919E-036  1.18864E-037  3.10675E-026  2.33245E-022  9.19106E-009  1.74656E-017  1.03035E-010  2.27773E-016  7.25718E-009  2.13417E-011  2.24573E-006  1.19704E-010  4.10450E-014  1.47645E-015  4.18205E-011  1.02337E-011  1.63900E-011  2.00997E-032  9.76781E-034  1.00000E-040  2.66521E-030  1.73430E-037  1.12604E-023  2.92536E-017  1.16282E-012  1.35608E-020  5.90424E-020  1.00000E-040  1.91231E-038  1.64406E-029  1.08385E-036  2.79477E-027  4.97924E-036  4.74036E-033  2.29749E-022  3.80748E-019  2.23907E-025  3.19591E-030  1.75794E-027  2.77602E-019  4.58748E-016  1.83216E-015  3.85332E-021  3.89204E-024  1.00000E-040  5.25890E-016  2.99097E-035  2.82525E-022  2.34582E-030  1.42166E-022  2.29624E-026  7.64989E-015  2.37180E-023  6.40451E-015  1.48804E-039  1.54084E-014  1.00000E-040  5.00079E-034  8.48513E-020  1.00000E-040  2.29914E-024  1.37206E-013  3.28842E-036  1.00000E-003  1.00000E-005  1.00000E-005  1.00000E-005  1.00000E-005  1.00000E-005  1.00000E-005  1.00000E-005  1.00000E-005  1.00000E-005  1.00000E-005  1.00000E-005  1.00000E-005  1.00000E-005  1.00000E-005  1.00000E-005  
5.15000E+001  7.05525E-004  2.08513E+016  2.45073E+002  1.24475E+005  1.00000E-040  1.00000E-040  1.00000E-040  1.29754E-017  1.00000E-040  1.00000E-040  1.00000E-040  1.00000E-040  1.00000E-040  1.00000E-040  1.00000E-040  1.00000E-040  1.00000E-040  1.00000E-040  1.53021E-022  1.00000E-040  1.00000E-040  4.90055E-012  1.74484E-007  1.47695E-005  1.53111E-009  1.23245E-007  1.05935E-001  2.20825E-009  2.82918E-004  4.26727E-019  7.49991E-012  1.00000E-040  1.19740E-033  2.57145E-023  8.62406E-015  5.69984E-008  1.39427E-022  3.21355E-035  1.00000E-040  1.00000E-040  1.00000E-040  3.18725E-021  3.50586E-020  3.34003E-016  3.98132E-014  1.67453E-037  1.00000E-040  6.66182E-023  1.08180E-031  3.58379E-011  6.71000E-014  8.93764E-001  3.16223E-021  7.38383E-023  1.02845E-022  1.00000E-040  9.73920E-038  2.19367E-026  1.40652E-022  8.58543E-009  1.53633E-017  1.05907E-010  1.92014E-016  6.76456E-009  2.05664E-011  2.15694E-006  8.26717E-011  2.64705E-014  1.46274E-015  3.53452E-011  6.13370E-012  1.63747E-011  2.26725E-032  1.01747E-033  1.00000E-040  2.31305E-030  1.05139E-037  1.12578E-023  2.35387E-017  1.04790E-012  9.85461E-021  4.37091E-020  1.00000E-040  1.46216E-034  1.60131E-029  1.55089E-036  2.79873E-027  5.80547E-036  3.06088E-033  1.55438E-022  3.02258E-019  2.07462E-025  2.14120E-030  1.94547E-027  2.76165E-019  3.86827E-016  1.58104E-015  3.97060E-021  1.96345E-024  1.00000E-040  6.61740E-016  2.23940E-035  1.91353E-022  2.13908E-030  1.41381E-022  1.11927E-026  4.96886E-015  2.73626E-023  7.27115E-015  7.97987E-040  1.53589E-014  1.00000E-040  5.75732E-034  6.18668E-020  1.00000E-040  2.18391E-024  1.25390E-013  2.42295E-036  1.00000E-003  1.00000E-005  1.00000E-005  1.00000E-005  1.00000E-005  1.00000E-005  1.00000E-005  1.00000E-005  1.00000E-005  1.00000E-005  1.00000E-005  1.00000E-005  1.00000E-005  1.00000E-005  1.00000E-005  1.00000E-005  
5.25000E+001  6.15971E-004  1.84024E+016  2.42439E+002  1.34477E+005  1.00000E-040  1.00000E-040  1.00000E-040  3.02158E-017  1.00000E-040  1.00000E-040  1.00000E-040  1.00000E-040  1.00000E-040  1.00000E-040  1.00000E-040  1.00000E-040  1.00000E-040  1.00000E-040  1.06233E-022  1.00000E-040  1.00000E-040  7.21047E-012  1.82504E-007  1.47563E-005  1.66619E-009  1.53724E-007  1.05931E-001  2.25491E-009  2.82872E-004  4.30155E-019  6.58307E-012  1.00000E-040  1.60417E-033  2.38193E-023  7.55540E-015  5.53949E-008  1.85491E-022  7.17916E-035  7.16106E-037  7.34185E-036  1.00000E-040  3.24284E-021  3.87087E-020  4.40998E-016  4.51770E-014  1.71142E-037  1.00000E-040  2.28025E-023  8.82270E-032  3.57230E-011  9.70541E-014  8.93769E-001  3.16811E-021  6.17785E-023  1.05886E-022  2.42666E-035  7.90075E-038  1.53474E-026  8.38147E-023  7.98660E-009  1.37958E-017  1.08640E-010  1.59778E-016  6.32702E-009  1.98072E-011  2.07063E-006  5.68856E-011  1.68706E-014  1.43359E-015  2.98537E-011  3.65573E-012  1.63584E-011  2.52431E-032  1.05120E-033  1.00000E-040  1.98879E-030  6.12991E-038  1.12551E-023  1.86743E-017  9.25842E-013  7.02843E-021  3.17643E-020  1.00000E-040  1.24062E-038  1.56130E-029  2.17303E-036  2.78545E-027  6.55649E-036  1.93379E-033  1.03394E-022  2.39499E-019  1.84982E-025  1.40831E-030  2.04712E-027  2.79609E-019  3.21989E-016  1.37251E-015  3.96001E-021  1.03610E-024  1.00000E-040  8.56409E-016  1.66746E-035  1.27368E-022  2.04518E-030  1.40587E-022  5.43634E-027  3.19985E-015  3.13900E-023  8.19090E-015  4.13674E-040  1.53177E-014  1.00000E-040  6.55391E-034  4.34941E-020  1.00000E-040  2.03343E-024  1.16095E-013  1.76695E-036  1.00000E-003  1.00000E-005  1.00000E-005  1.00000E-005  1.00000E-005  1.00000E-005  1.00000E-005  1.00000E-005  1.00000E-005  1.00000E-005  1.00000E-005  1.00000E-005  1.00000E-005  1.00000E-005  1.00000E-005  1.00000E-005  
5.35000E+001  5.36999E-004  1.62237E+016  2.39740E+002  1.44478E+005  1.00000E-040  1.00000E-040  1.00000E-040  7.07611E-017  1.00000E-040  1.00000E-040  1.00000E-040  1.00000E-040  1.00000E-040  1.00000E-040  1.00000E-040  1.00000E-040  1.00000E-040  1.00000E-040  7.17432E-023  1.00000E-040  1.00000E-040  1.04822E-011  1.91669E-007  1.47410E-005  1.80274E-009  1.90545E-007  1.05927E-001  2.34735E-009  2.82823E-004  4.32399E-019  5.81665E-012  1.00000E-040  2.07802E-033  2.16095E-023  6.52940E-015  5.40621E-008  2.45882E-022  4.87311E-035  9.49769E-038  9.66475E-037  1.00000E-040  3.26892E-021  4.22375E-020  5.74775E-016  5.10205E-014  1.72009E-037  1.00000E-040  8.08312E-024  7.05940E-032  3.56059E-011  1.37124E-013  8.93773E-001  3.14295E-021  5.12561E-023  1.07584E-022  7.84953E-036  6.35388E-038  1.06395E-026  4.95584E-023  7.40308E-009  1.25646E-017  1.11329E-010  1.31736E-016  5.93593E-009  1.90371E-011  1.98324E-006  3.90744E-011  1.06477E-014  1.39146E-015  2.51337E-011  2.16545E-012  1.63409E-011  2.77589E-032  1.07500E-033  1.00000E-040  1.68732E-030  3.53058E-038  1.12523E-023  1.47108E-017  8.06306E-013  4.96003E-021  2.28637E-020  1.05205E-040  1.00000E-040  1.52360E-029  3.00428E-036  2.75145E-027  7.26004E-036  1.20440E-033  6.81960E-023  1.90344E-019  1.61250E-025  9.14941E-031  2.10231E-027  2.85263E-019  2.64351E-016  1.19537E-015  3.82594E-021  5.70572E-025  1.00000E-040  1.11455E-015  1.22529E-035  8.40312E-023  2.02555E-030  1.39784E-022  2.62116E-027  2.04457E-015  3.56623E-023  9.16097E-015  2.12112E-040  1.52834E-014  1.00000E-040  7.41925E-034  2.97992E-020  1.00000E-040  1.88959E-024  1.08720E-013  1.28148E-036  1.00000E-003  1.00000E-005  1.00000E-005  1.00000E-005  1.00000E-005  1.00000E-005  1.00000E-005  1.00000E-005  1.00000E-005  1.00000E-005  1.00000E-005  1.00000E-005  1.00000E-005  1.00000E-005  1.00000E-005  1.00000E-005  
5.45000E+001  4.67424E-004  1.42920E+016  2.36884E+002  1.54480E+005  1.00000E-040  1.00000E-040  1.00000E-040  1.66630E-016  1.00000E-040  1.00000E-040  1.00000E-040  1.00000E-040  1.00000E-040  1.00000E-040  1.00000E-040  1.00000E-040  1.00000E-040  1.00000E-040  4.72035E-023  1.00000E-040  1.00000E-040  1.50655E-011  2.02024E-007  1.47235E-005  1.94249E-009  2.34818E-007  1.05922E-001  2.49661E-009  2.82771E-004  4.32982E-019  5.17005E-012  1.00000E-040  2.60678E-033  1.92314E-023  5.57206E-015  5.29441E-008  3.24889E-022  5.19354E-035  6.32159E-040  6.40746E-039  1.00000E-040  3.26274E-021  4.55895E-020  7.40106E-016  5.73906E-014  1.70542E-037  1.00000E-040  2.96631E-024  5.48900E-032  3.54849E-011  1.90298E-013  8.93778E-001  3.04843E-021  4.18775E-023  1.07511E-022  1.00000E-040  5.10466E-038  7.36681E-027  2.92906E-023  6.84169E-009  1.15429E-017  1.13911E-010  1.05835E-016  5.58437E-009  1.82760E-011  1.89774E-006  2.67890E-011  6.67023E-015  1.33909E-015  2.11221E-011  1.27669E-012  1.63222E-011  3.01729E-032  1.09147E-033  1.00000E-040  1.41848E-030  1.98290E-038  1.12493E-023  1.15739E-017  6.94078E-013  3.48435E-021  1.63930E-020  2.28944E-040  1.00000E-040  1.48788E-029  4.10276E-036  2.70293E-027  7.88554E-036  7.45506E-034  4.48391E-023  1.50979E-019  1.37431E-025  5.90431E-031  2.09046E-027  2.93208E-019  2.14874E-016  1.04549E-015  3.60028E-021  3.27032E-025  1.00000E-040  1.43691E-015  9.00393E-036  5.52467E-023  2.03797E-030  1.38972E-022  1.26788E-027  1.29931E-015  4.03106E-023  1.01885E-014  1.06363E-040  1.52547E-014  1.00000E-040  8.34927E-034  1.99347E-020  1.00000E-040  1.73909E-024  1.02821E-013  9.31771E-037  1.00000E-003  1.00000E-005  1.00000E-005  1.00000E-005  1.00000E-005  1.00000E-005  1.00000E-005  1.00000E-005  1.00000E-005  1.00000E-005  1.00000E-005  1.00000E-005  1.00000E-005  1.00000E-005  1.00000E-005  1.00000E-005  
5.55000E+001  4.06187E-004  1.25748E+016  2.33960E+002  1.64481E+005  1.00000E-040  1.00000E-040  1.00000E-040  3.94843E-016  1.00000E-040  1.00000E-040  1.00000E-040  1.00000E-040  1.00000E-040  1.00000E-040  1.00000E-040  1.00000E-040  1.00000E-040  1.00000E-040  3.03038E-023  1.00000E-040  1.00000E-040  2.14947E-011  2.13634E-007  1.47039E-005  2.08632E-009  2.88238E-007  1.05917E-001  2.71916E-009  2.82714E-004  4.33039E-019  4.62509E-012  1.00000E-040  3.19993E-033  1.68870E-023  4.71452E-015  5.19967E-008  4.28256E-022  5.97119E-035  1.00000E-040  1.00000E-040  1.00000E-040  3.21982E-021  4.86358E-020  9.41305E-016  6.43440E-014  1.67408E-037  1.00000E-040  1.12696E-024  4.18821E-032  3.53585E-011  2.59157E-013  8.93784E-001  2.88993E-021  3.38807E-023  1.06145E-022  1.00000E-040  4.10960E-038  5.10792E-027  1.73743E-023  6.30821E-009  1.06596E-017  1.16424E-010  8.25697E-017  5.26678E-009  1.75205E-011  1.81336E-006  1.83522E-011  4.15432E-015  1.27868E-015  1.77100E-011  7.49544E-013  1.63019E-011  3.24573E-032  1.10033E-033  1.00000E-040  1.18090E-030  1.09500E-038  1.12461E-023  9.14080E-018  5.92448E-013  2.45004E-021  1.17753E-020  5.09633E-040  1.00000E-040  1.45382E-029  5.55461E-036  2.64071E-027  8.44575E-036  4.61280E-034  2.95522E-023  1.19661E-019  1.15326E-025  3.80246E-031  2.03139E-027  3.02364E-019  1.72931E-016  9.17097E-016  3.30584E-021  1.94612E-025  1.00000E-040  1.80111E-015  6.62014E-036  3.63980E-023  2.06846E-030  1.38150E-022  6.16036E-028  8.21784E-016  4.53121E-023  1.12767E-014  1.00000E-040  1.52305E-014  1.00000E-040  9.36359E-034  1.30885E-020  1.00000E-040  1.59443E-024  9.80653E-014  6.89670E-037  1.00000E-003  1.00000E-005  1.00000E-005  1.00000E-005  1.00000E-005  1.00000E-005  1.00000E-005  1.00000E-005  1.00000E-005  1.00000E-005  1.00000E-005  1.00000E-005  1.00000E-005  1.00000E-005  1.00000E-005  1.00000E-005  
5.65000E+001  3.52365E-004  1.10459E+016  2.31052E+002  1.74482E+005  1.00000E-040  1.00000E-040  1.00000E-040  9.41919E-016  1.00000E-040  1.00000E-040  1.00000E-040  1.00000E-040  1.00000E-040  1.00000E-040  1.00000E-040  1.00000E-040  1.00000E-040  1.00000E-040  1.90111E-023  1.00000E-040  1.00000E-040  3.05484E-011  2.26591E-007  1.46820E-005  2.23496E-009  3.52944E-007  1.05911E-001  3.03825E-009  2.82653E-004  4.33540E-019  4.16481E-012  1.00000E-040  3.87782E-033  1.47016E-023  3.96794E-015  5.11838E-008  5.63616E-022  6.80764E-035  1.25846E-039  1.25354E-038  1.00000E-040  3.14104E-021  5.13047E-020  1.18358E-015  7.19480E-014  1.63189E-037  1.00000E-040  4.44011E-025  3.16686E-032  3.52251E-011  3.46028E-013  8.93789E-001  2.69348E-021  2.72992E-023  1.04128E-022  7.61581E-036  3.32141E-038  3.55151E-027  1.03760E-023  5.80708E-009  9.87730E-018  1.18918E-010  6.29080E-017  4.97855E-009  1.67667E-011  1.72915E-006  1.25799E-011  2.57626E-015  1.21229E-015  1.48079E-011  4.38331E-013  1.62799E-011  3.45942E-032  1.10102E-033  1.00000E-040  9.72477E-031  6.00092E-039  1.12426E-023  7.27653E-018  5.02816E-013  1.73210E-021  8.51326E-021  1.11457E-039  1.00000E-040  1.42116E-029  7.47646E-036  2.56527E-027  8.95970E-036  2.86632E-034  1.96147E-023  9.49620E-020  9.58660E-026  2.45239E-031  1.94577E-027  3.12021E-019  1.37688E-016  8.05737E-016  2.96634E-021  1.19940E-025  1.00000E-040  2.17419E-015  4.86513E-036  2.41433E-023  2.11275E-030  1.37314E-022  3.00812E-028  5.17454E-016  5.06123E-023  1.24272E-014  1.00000E-040  1.52098E-014  1.00000E-040  1.04880E-033  8.47433E-021  1.00000E-040  1.46464E-024  9.41973E-014  5.37769E-037  1.00000E-003  1.00000E-005  1.00000E-005  1.00000E-005  1.00000E-005  1.00000E-005  1.00000E-005  1.00000E-005  1.00000E-005  1.00000E-005  1.00000E-005  1.00000E-005  1.00000E-005  1.00000E-005  1.00000E-005  1.00000E-005  
5.75000E+001  3.05140E-004  9.68625E+015  2.28171E+002  1.84483E+005  1.00000E-040  1.00000E-040  1.00000E-040  2.26210E-015  1.00000E-040  1.00000E-040  1.00000E-040  1.00000E-040  1.00000E-040  1.00000E-040  1.00000E-040  1.00000E-040  1.00000E-040  1.00000E-040  1.16696E-023  1.00000E-040  1.00000E-040  4.33289E-011  2.41013E-007  1.46576E-005  2.38995E-009  4.31520E-007  1.05905E-001  3.48595E-009  2.82587E-004  4.34812E-019  3.77280E-012  1.00000E-040  4.66027E-033  1.27222E-023  3.32732E-015  5.04769E-008  7.40957E-022  7.66980E-035  1.00000E-040  1.00000E-040  1.00000E-040  3.03057E-021  5.35690E-020  1.47319E-015  8.02791E-014  1.58286E-037  1.00000E-040  1.82791E-025  2.37767E-032  3.50831E-011  4.53533E-013  8.93795E-001  2.48224E-021  2.19225E-023  1.01748E-022  5.13127E-036  2.70199E-038  2.48250E-027  6.25780E-024  5.34142E-009  9.17419E-018  1.21420E-010  4.71852E-017  4.71583E-009  1.60224E-011  1.64577E-006  8.63773E-012  1.59352E-015  1.14206E-015  1.23534E-011  2.55587E-013  1.62557E-011  3.65794E-032  1.09452E-033  1.00000E-040  7.92949E-031  3.26585E-039  1.12389E-023  5.85654E-018  4.25089E-013  1.23521E-021  6.21500E-021  2.37189E-039  1.00000E-040  1.38968E-029  1.00202E-035  2.47939E-027  9.42981E-036  1.79586E-034  1.31526E-023  7.54602E-020  7.91538E-026  1.58847E-031  1.83909E-027  3.21914E-019  1.08449E-016  7.08600E-016  2.60623E-021  7.63534E-026  1.00000E-040  2.52667E-015  3.58433E-036  1.61757E-023  2.16554E-030  1.36462E-022  1.48020E-028  3.24545E-016  5.62358E-023  1.36466E-014  1.00000E-040  1.51918E-014  1.00000E-040  1.17435E-033  5.42509E-021  1.00000E-040  1.34866E-024  9.10219E-014  4.73794E-037  1.00000E-003  1.00000E-005  1.00000E-005  1.00000E-005  1.00000E-005  1.00000E-005  1.00000E-005  1.00000E-005  1.00000E-005  1.00000E-005  1.00000E-005  1.00000E-005  1.00000E-005  1.00000E-005  1.00000E-005  1.00000E-005  
5.85000E+001  2.63773E-004  8.48017E+015  2.25290E+002  1.94484E+005  1.00000E-040  1.00000E-040  1.00000E-040  5.46754E-015  1.00000E-040  1.00000E-040  1.00000E-040  1.00000E-040  1.00000E-040  1.00000E-040  1.00000E-040  1.00000E-040  1.00000E-040  1.00000E-040  7.01627E-024  1.00000E-040  1.00000E-040  6.13918E-011  2.57044E-007  1.46305E-005  2.55339E-009  5.27076E-007  1.05898E-001  4.10634E-009  2.82515E-004  4.36853E-019  3.43542E-012  1.00000E-040  5.56552E-033  1.09574E-023  2.78207E-015  4.98525E-008  9.73316E-022  8.56908E-035  1.00000E-040  1.00000E-040  1.00000E-040  2.89372E-021  5.54162E-020  1.81718E-015  8.94232E-014  1.53014E-037  1.00000E-040  8.04741E-026  1.76788E-032  3.49308E-011  5.84692E-013  8.93802E-001  2.27286E-021  1.75073E-023  9.91526E-023  3.53036E-036  2.21869E-038  1.74948E-027  3.82163E-024  4.91323E-009  8.53747E-018  1.23940E-010  3.51988E-017  4.47544E-009  1.52979E-011  1.56431E-006  5.94657E-012  9.84901E-016  1.06992E-015  1.02924E-011  1.48819E-013  1.62285E-011  3.84179E-032  1.08239E-033  1.00000E-040  6.41315E-031  1.75748E-039  1.12349E-023  4.77647E-018  3.58470E-013  8.90662E-022  4.59179E-021  4.90266E-039  1.00000E-040  1.35917E-029  1.33847E-035  2.38659E-027  9.84778E-036  1.13825E-034  8.92830E-024  5.99684E-020  6.49706E-026  1.03550E-031  1.70860E-027  3.31916E-019  8.45261E-017  6.23696E-016  2.24662E-021  5.00747E-026  1.00000E-040  2.83843E-015  2.66019E-036  1.09694E-023  2.22041E-030  1.35591E-022  7.36618E-029  2.02906E-016  6.22794E-023  1.49456E-014  1.00000E-040  1.51757E-014  1.00000E-040  1.31469E-033  3.43884E-021  1.00000E-040  1.24164E-024  8.83884E-014  5.17938E-037  1.00000E-003  1.00000E-005  1.00000E-005  1.00000E-005  1.00000E-005  1.00000E-005  1.00000E-005  1.00000E-005  1.00000E-005  1.00000E-005  1.00000E-005  1.00000E-005  1.00000E-005  1.00000E-005  1.00000E-005  1.00000E-005  
5.95000E+001  2.27606E-004  7.40722E+015  2.22559E+002  2.04485E+005  1.00000E-040  1.00000E-040  1.00000E-040  1.33035E-014  1.00000E-040  1.00000E-040  1.00000E-040  1.00000E-040  1.00000E-040  1.00000E-040  1.00000E-040  1.00000E-040  1.00000E-040  1.00000E-040  4.13889E-024  1.00000E-040  1.00000E-040  8.72601E-011  2.74860E-007  1.46005E-005  2.72571E-009  6.44226E-007  1.05891E-001  4.96005E-009  2.82435E-004  4.40973E-019  3.14362E-012  1.00000E-040  6.69091E-033  9.43937E-024  2.32631E-015  4.92917E-008  1.27901E-021  9.49881E-035  3.71870E-040  3.66324E-039  1.00000E-040  2.73884E-021  5.69012E-020  2.22623E-015  9.94795E-014  1.47692E-037  1.00000E-040  4.00572E-026  1.32678E-032  3.47663E-011  7.39480E-013  8.93809E-001  2.09619E-021  1.40703E-023  9.71034E-023  2.62239E-036  1.83565E-038  1.23990E-027  2.36289E-024  4.52349E-009  7.97065E-018  1.26611E-010  2.66351E-017  4.25465E-009  1.45861E-011  1.48251E-006  4.11425E-012  6.08981E-016  9.97682E-016  8.55679E-012  8.65615E-014  1.61966E-011  4.01236E-032  1.06326E-033  1.00000E-040  5.12873E-031  9.53660E-040  1.12305E-023  3.95292E-018  3.01982E-013  6.50448E-022  3.44005E-021  9.84409E-039  1.00000E-040  1.32942E-029  1.78658E-035  2.28491E-027  1.02487E-035  7.30866E-035  6.15197E-024  4.79207E-020  5.34141E-026  6.80505E-032  1.58425E-027  3.41588E-019  6.49064E-017  5.48165E-016  1.89996E-021  3.37415E-026  1.00000E-040  3.09949E-015  1.97174E-036  7.54999E-024  2.29355E-030  1.34699E-022  3.68813E-029  1.26260E-016  6.85129E-023  1.63207E-014  1.00000E-040  1.51611E-014  1.00000E-040  1.47615E-033  2.16884E-021  1.00000E-040  1.15714E-024  8.61784E-014  7.27861E-037  1.00000E-003  1.00000E-005  1.00000E-005  1.00000E-005  1.00000E-005  1.00000E-005  1.00000E-005  1.00000E-005  1.00000E-005  1.00000E-005  1.00000E-005  1.00000E-005  1.00000E-005  1.00000E-005  1.00000E-005  1.00000E-005  
6.05000E+001  1.96052E-004  6.45815E+015  2.19877E+002  2.14485E+005  1.00000E-040  1.00000E-040  1.00000E-040  3.25445E-014  1.00000E-040  1.00000E-040  1.00000E-040  1.00000E-040  1.00000E-040  1.00000E-040  1.00000E-040  1.00000E-040  1.00000E-040  1.00000E-040  2.39775E-024  1.00000E-040  1.00000E-040  1.24312E-010  2.94674E-007  1.45673E-005  2.91037E-009  7.87776E-007  1.05883E-001  6.12804E-009  2.82348E-004  4.46532E-019  2.88737E-012  1.00000E-040  9.51882E-033  8.12594E-024  1.94388E-015  4.87786E-008  1.68107E-021  1.04528E-034  1.00000E-040  1.24253E-040  1.00000E-040  2.57117E-021  5.80358E-020  2.71023E-015  1.10562E-013  1.42459E-037  1.00000E-040  2.47631E-026  9.97126E-033  3.45877E-011  9.20969E-013  8.93817E-001  1.94080E-021  1.12929E-023  9.52648E-023  2.24183E-036  1.53513E-038  8.86908E-028  1.48251E-024  4.17205E-009  7.46558E-018  1.29421E-010  2.05191E-017  4.05113E-009  1.39066E-011  1.40275E-006  2.86280E-012  3.77513E-016  9.26803E-016  7.11204E-012  5.04066E-014  1.61562E-011  4.17125E-032  1.04006E-033  1.00000E-040  4.07073E-031  5.15032E-040  1.12256E-023  3.32167E-018  2.54256E-013  4.81494E-022  2.61448E-021  1.92370E-038  1.00000E-040  1.30024E-029  2.38233E-035  2.17958E-027  1.05963E-035  4.76540E-035  4.30307E-024  3.83554E-020  4.38714E-026  4.51251E-032  1.44664E-027  3.51111E-019  4.91669E-017  4.81473E-016  1.58021E-021  2.32900E-026  1.00000E-040  3.31013E-015  1.47233E-036  5.27460E-024  2.37404E-030  1.33780E-022  1.86876E-029  7.83056E-017  7.51659E-023  1.77893E-014  1.00000E-040  1.51475E-014  1.00000E-040  1.66027E-033  1.36033E-021  1.00000E-040  1.08258E-024  8.42990E-014  1.22851E-036  1.00000E-003  1.00000E-005  1.00000E-005  1.00000E-005  1.00000E-005  1.00000E-005  1.00000E-005  1.00000E-005  1.00000E-005  1.00000E-005  1.00000E-005  1.00000E-005  1.00000E-005  1.00000E-005  1.00000E-005  1.00000E-005  
6.15000E+001  1.68571E-004  5.62146E+015  2.17195E+002  2.24486E+005  1.00000E-040  1.00000E-040  1.00000E-040  7.99344E-014  1.00000E-040  1.00000E-040  1.00000E-040  1.00000E-040  1.00000E-040  1.00000E-040  1.00000E-040  1.00000E-040  1.00000E-040  1.00000E-040  1.36578E-024  1.00000E-040  1.00000E-040  1.77532E-010  3.16726E-007  1.45304E-005  3.11098E-009  9.63922E-007  1.05875E-001  7.71819E-009  2.82252E-004  4.53327E-019  2.65994E-012  1.00000E-040  8.21598E-032  6.99144E-024  1.62316E-015  4.83000E-008  2.20995E-021  1.14263E-034  5.19670E-040  4.96311E-039  1.00000E-040  2.39545E-021  5.88209E-020  3.27978E-015  1.22798E-013  1.37442E-037  1.00000E-040  2.03272E-026  9.00766E-033  3.43926E-011  1.13162E-012  8.93826E-001  1.79908E-021  9.01491E-024  9.34814E-023  2.25449E-036  1.30120E-038  6.42120E-028  9.44857E-025  3.85822E-009  7.01921E-018  1.32394E-010  1.61483E-017  3.86295E-009  1.32716E-011  1.32615E-006  2.00568E-012  2.35081E-016  8.58369E-016  5.91812E-012  2.94554E-014  1.60967E-011  4.32013E-032  1.01490E-033  1.00000E-040  3.21435E-031  2.74677E-040  1.12203E-023  2.83441E-018  2.14050E-013  3.61405E-022  2.01604E-021  3.66333E-038  1.00000E-040  1.27146E-029  3.17522E-035  2.07369E-027  1.08614E-035  3.15967E-035  3.05476E-024  3.06821E-020  3.59739E-026  3.02371E-032  1.28866E-027  3.60417E-019  3.67366E-017  4.22712E-016  1.29415E-021  1.64187E-026  1.00000E-040  3.47516E-015  1.11406E-036  3.73968E-024  2.45621E-030  1.32833E-022  9.61028E-030  4.84393E-017  8.24397E-023  1.93686E-014  1.00000E-040  1.51344E-014  1.00000E-040  1.86987E-033  8.48487E-022  1.00000E-040  1.01239E-024  8.26767E-014  2.26824E-036  1.00000E-003  1.00000E-005  1.00000E-005  1.00000E-005  1.00000E-005  1.00000E-005  1.00000E-005  1.00000E-005  1.00000E-005  1.00000E-005  1.00000E-005  1.00000E-005  1.00000E-005  1.00000E-005  1.00000E-005  1.00000E-005  
6.25000E+001  1.44683E-004  4.88201E+015  2.14652E+002  2.34487E+005  1.00000E-040  1.00000E-040  1.00000E-040  1.96786E-013  1.00000E-040  1.00000E-040  1.00000E-040  1.00000E-040  1.00000E-040  1.00000E-040  1.00000E-040  1.00000E-040  1.00000E-040  1.00000E-040  7.66970E-025  1.00000E-040  1.00000E-040  2.55037E-010  3.41303E-007  1.44893E-005  3.32871E-009  1.18143E-006  1.05865E-001  9.87440E-009  2.82144E-004  4.62378E-019  2.45598E-012  1.00868E-039  2.15740E-030  6.03586E-024  1.35708E-015  4.78445E-008  2.90928E-021  1.24337E-034  1.00000E-040  1.00000E-040  1.00000E-040  2.21983E-021  5.93851E-020  3.95407E-015  1.36331E-013  1.32857E-037  1.00000E-040  2.11773E-026  5.31177E-032  3.41786E-011  1.36953E-012  8.93836E-001  1.67920E-021  7.24302E-024  9.23051E-023  5.41066E-037  1.12145E-038  4.71711E-028  6.11052E-025  3.58082E-009  6.63903E-018  1.35693E-010  1.30579E-017  3.68842E-009  1.26761E-011  1.25014E-006  1.41825E-012  1.47202E-016  7.93337E-016  4.92801E-012  1.72883E-014  1.59902E-011  4.45995E-032  9.86689E-034  1.00000E-040  2.51680E-031  1.47431E-040  1.12144E-023  2.45486E-018  1.80303E-013  2.75045E-022  1.57740E-021  6.80497E-038  1.00000E-040  1.24290E-029  4.23817E-035  1.96439E-027  1.10651E-035  2.13088E-035  2.20355E-024  2.46622E-020  2.96389E-026  2.06128E-032  1.13499E-027  3.69471E-019  2.69421E-017  3.70166E-016  1.04421E-021  1.17853E-026  5.16676E-040  3.60138E-015  8.50940E-037  2.69417E-024  2.56054E-030  1.31854E-022  4.98790E-030  2.98330E-017  9.00642E-023  2.10486E-014  1.00000E-040  1.51215E-014  1.00000E-040  2.11487E-033  5.28384E-022  1.00000E-040  9.58254E-025  8.12520E-014  4.32498E-036  1.00000E-003  1.00000E-005  1.00000E-005  1.00000E-005  1.00000E-005  1.00000E-005  1.00000E-005  1.00000E-005  1.00000E-005  1.00000E-005  1.00000E-005  1.00000E-005  1.00000E-005  1.00000E-005  1.00000E-005  1.00000E-005  
6.35000E+001  1.23960E-004  4.23264E+015  2.12122E+002  2.44487E+005  1.00000E-040  1.00000E-040  1.00000E-040  4.83212E-013  1.00000E-040  1.00000E-040  1.00000E-040  1.00000E-040  1.00000E-040  1.00000E-040  1.00000E-040  1.00000E-040  1.00000E-040  1.00000E-040  4.25529E-025  1.00000E-040  1.00021E-040  3.67889E-010  3.68740E-007  1.44437E-005  3.56920E-009  1.44945E-006  1.05854E-001  1.27844E-008  2.82025E-004  4.72834E-019  2.27114E-012  2.62924E-038  4.13318E-029  5.23756E-024  1.13478E-015  4.74020E-008  3.83295E-021  1.34729E-034  1.00000E-040  1.00000E-040  1.00000E-040  2.04668E-021  5.97091E-020  4.74542E-015  1.51336E-013  1.29625E-037  1.00000E-040  2.52425E-026  9.11598E-031  3.39427E-011  1.63793E-012  8.93846E-001  1.56428E-021  5.79568E-024  9.12885E-023  2.32424E-036  1.02760E-038  3.67849E-028  4.01835E-025  3.33824E-009  6.31871E-018  1.39309E-010  1.07912E-017  3.52608E-009  1.21368E-011  1.17691E-006  1.01306E-012  9.29112E-017  7.32065E-016  4.11477E-012  1.02193E-014  1.57608E-011  4.59057E-032  9.58179E-034  1.00000E-040  1.96173E-031  1.00000E-040  1.12078E-023  2.15610E-018  1.51979E-013  2.12149E-022  1.25131E-021  1.23532E-037  1.00000E-040  1.21438E-029  5.66339E-035  1.85610E-027  1.12349E-035  1.46452E-035  1.61260E-024  1.98200E-020  2.44663E-026  1.49696E-032  9.68750E-028  3.78419E-019  1.94361E-017  3.23724E-016  8.31552E-022  8.58484E-027  3.07925E-039  3.69630E-015  6.91007E-037  1.96906E-024  2.67205E-030  1.30839E-022  2.63095E-030  1.83307E-017  9.84755E-023  2.28516E-014  1.00000E-040  1.51085E-014  1.00000E-040  2.39773E-033  3.28987E-022  1.00000E-040  9.07946E-025  7.99763E-014  8.30160E-036  1.00000E-003  1.00000E-005  1.00000E-005  1.00000E-005  1.00000E-005  1.00000E-005  1.00000E-005  1.00000E-005  1.00000E-005  1.00000E-005  1.00000E-005  1.00000E-005  1.00000E-005  1.00000E-005  1.00000E-005  1.00000E-005  
6.45000E+001  1.06013E-004  3.66355E+015  2.09591E+002  2.54488E+005  1.00000E-040  1.00000E-040  1.00000E-040  1.17126E-012  1.00000E-040  1.00000E-040  1.00000E-040  1.00000E-040  1.00000E-040  1.00000E-040  1.00000E-040  1.00000E-040  1.00000E-040  1.00000E-040  2.34317E-025  1.00000E-040  1.00181E-040  5.33078E-010  3.99417E-007  1.43927E-005  3.83744E-009  1.77989E-006  1.05842E-001  1.66926E-008  2.81891E-004  4.84582E-019  2.10215E-012  4.79003E-037  5.45924E-028  4.80378E-024  9.49118E-016  4.69634E-008  5.05425E-021  1.45461E-034  1.00000E-040  1.00000E-040  1.00000E-040  1.87986E-021  5.98326E-020  5.67042E-015  1.68007E-013  1.37517E-037  1.00000E-040  3.19189E-026  1.18690E-029  3.36817E-011  1.93786E-012  8.93858E-001  1.45029E-021  4.61224E-024  9.04342E-023  2.37902E-036  1.26779E-038  3.85737E-028  2.71193E-025  3.12885E-009  6.05890E-018  1.43324E-010  9.08454E-018  3.37470E-009  1.16601E-011  1.10635E-006  7.32134E-013  5.92216E-017  6.74819E-016  3.44854E-012  6.09806E-015  1.52064E-011  4.71080E-032  9.30407E-034  1.00000E-040  1.52334E-031  1.00000E-040  1.12005E-023  1.91819E-018  1.28231E-013  1.65752E-022  1.00565E-021  2.19365E-037  1.00000E-040  1.18572E-029  7.58318E-035  1.74951E-027  1.23117E-035  1.03578E-035  1.19628E-024  1.59169E-020  2.05875E-026  1.54015E-032  7.96194E-028  3.87366E-019  1.37864E-017  2.82682E-016  6.54251E-022  6.32514E-027  1.61479E-038  3.76664E-015  7.56700E-037  1.45874E-024  2.79034E-030  1.29785E-022  1.42483E-030  1.12416E-017  1.07890E-022  2.47852E-014  1.00000E-040  1.50951E-014  1.00000E-040  2.72549E-033  2.11109E-022  1.00000E-040  8.60119E-025  7.88094E-014  1.58826E-035  1.00000E-003  1.00000E-005  1.00000E-005  1.00000E-005  1.00000E-005  1.00000E-005  1.00000E-005  1.00000E-005  1.00000E-005  1.00000E-005  1.00000E-005  1.00000E-005  1.00000E-005  1.00000E-005  1.00000E-005  1.00000E-005  
6.55000E+001  9.05009E-005  3.16328E+015  2.07220E+002  2.64488E+005  1.00000E-040  1.00000E-040  1.00000E-040  2.71348E-012  1.00000E-040  1.00000E-040  1.00000E-040  1.00000E-040  1.00000E-040  1.00000E-040  1.00000E-040  1.00000E-040  1.00000E-040  1.00000E-040  1.29163E-025  1.00000E-040  1.00360E-040  7.78531E-010  4.33789E-007  1.43358E-005  4.13566E-009  2.18864E-006  1.05828E-001  2.19181E-008  2.81740E-004  4.98421E-019  1.94478E-012  6.35745E-036  5.18749E-027  6.75740E-024  7.95263E-016  4.65200E-008  6.68030E-021  1.57212E-034  1.00000E-040  1.00000E-040  1.00000E-040  1.72618E-021  5.99716E-020  6.76304E-015  1.86562E-013  2.41209E-037  1.00000E-040  4.12710E-026  1.11576E-028  3.33918E-011  2.26743E-012  8.93872E-001  1.34707E-021  3.70480E-024  9.04132E-023  1.67693E-036  3.27229E-038  8.44666E-028  2.04828E-025  2.95104E-009  5.86969E-018  1.47996E-010  7.77934E-018  3.23314E-009  1.12418E-011  1.03530E-006  5.36727E-013  3.81484E-017  6.22115E-016  2.89913E-012  3.67629E-015  1.38353E-011  4.81794E-032  9.01877E-034  1.00000E-040  1.17289E-031  1.00000E-040  1.11923E-023  1.72613E-018  1.08357E-013  1.31106E-022  8.18327E-022  3.81385E-037  1.00000E-040  1.15671E-029  1.01933E-034  1.64041E-027  2.24566E-035  8.23112E-036  9.00699E-025  1.28650E-020  2.07851E-026  3.79057E-032  6.44334E-028  3.96809E-019  9.57579E-018  2.45861E-016  5.09792E-022  4.69702E-027  7.48463E-038  3.81812E-015  1.72143E-036  1.09688E-024  2.94595E-030  1.28689E-022  8.59769E-031  6.86580E-018  1.17888E-022  2.68091E-014  1.00000E-040  1.50810E-014  1.00000E-040  3.11674E-033  1.72316E-022  1.00000E-040  8.27658E-025  7.77171E-014  3.01866E-035  1.00000E-003  1.00000E-005  1.00000E-005  1.00000E-005  1.00000E-005  1.00000E-005  1.00000E-005  1.00000E-005  1.00000E-005  1.00000E-005  1.00000E-005  1.00000E-005  1.00000E-005  1.00000E-005  1.00000E-005  1.00000E-005  
6.65000E+001  7.71220E-005  2.72677E+015  2.04855E+002  2.74489E+005  1.00000E-040  1.00000E-040  1.00000E-040  5.30371E-012  1.00000E-040  1.00000E-040  1.00000E-040  1.00000E-040  1.00000E-040  1.00000E-040  1.00000E-040  1.00000E-040  1.00000E-040  1.00000E-040  7.20143E-026  1.00000E-040  1.00561E-040  1.14315E-009  4.72380E-007  1.42720E-005  4.47395E-009  2.69179E-006  1.05813E-001  2.88697E-008  2.81570E-004  5.13160E-019  1.79768E-012  6.35277E-035  3.69359E-026  2.43679E-023  6.66623E-016  4.60632E-008  8.84005E-021  1.69945E-034  1.00000E-040  1.00000E-040  1.00000E-040  1.58553E-021  6.00740E-020  8.03542E-015  2.07279E-013  1.01531E-036  1.00000E-040  5.37387E-026  7.85777E-028  3.30688E-011  2.63314E-012  8.93887E-001  1.24420E-021  2.96251E-024  9.08083E-023  2.36588E-036  1.39714E-037  3.05307E-027  2.58355E-025  2.80324E-009  5.74722E-018  1.53364E-010  6.73860E-018  3.10038E-009  1.09017E-011  9.66105E-007  3.99549E-013  2.49069E-017  5.74460E-016  2.44968E-012  2.24626E-015  1.08761E-011  4.90812E-032  8.75126E-034  1.00000E-040  8.99258E-032  1.00000E-040  1.11831E-023  1.56875E-018  9.17342E-014  1.04925E-022  6.73562E-022  6.50212E-037  1.00000E-040  1.12713E-029  1.37571E-034  1.53305E-027  9.35258E-035  1.09662E-035  6.86744E-025  1.04125E-020  4.24654E-026  1.55793E-031  5.02197E-028  4.06988E-019  6.54490E-018  2.13340E-016  3.94143E-022  3.50213E-027  3.08544E-037  3.85540E-015  6.48675E-036  8.35201E-025  3.11902E-030  1.27548E-022  8.68173E-031  4.18828E-018  1.29239E-022  2.89416E-014  1.00000E-040  1.50659E-014  1.00000E-040  3.57740E-033  2.91329E-022  1.00000E-040  7.97657E-025  7.66695E-014  5.69238E-035  1.00000E-003  1.00000E-005  1.00000E-005  1.00000E-005  1.00000E-005  1.00000E-005  1.00000E-005  1.00000E-005  1.00000E-005  1.00000E-005  1.00000E-005  1.00000E-005  1.00000E-005  1.00000E-005  1.00000E-005  1.00000E-005  
6.75000E+001  6.56018E-005  2.34653E+015  2.02491E+002  2.84489E+005  1.00000E-040  1.00000E-040  1.00000E-040  5.97109E-012  1.00000E-040  1.00000E-040  1.00000E-040  1.00000E-040  1.00000E-040  1.00000E-040  1.00000E-040  1.00000E-040  1.00000E-040  1.00000E-040  4.13496E-026  1.00000E-040  1.00787E-040  1.68847E-009  5.15791E-007  1.42003E-005  4.86233E-009  3.30936E-006  1.05796E-001  3.80715E-008  2.81378E-004  5.28356E-019  1.65862E-012  4.97852E-034  2.05229E-025  1.24226E-022  5.59021E-016  4.55847E-008  1.17117E-020  1.84103E-034  1.00000E-040  1.00000E-040  1.00000E-040  1.46122E-021  6.02257E-020  9.50885E-015  2.30464E-013  5.57354E-036  1.00000E-040  6.99716E-026  4.32581E-027  3.27075E-011  3.04205E-012  8.93903E-001  1.14491E-021  2.35681E-024  9.20508E-023  1.11881E-036  6.22895E-037  1.14968E-026  6.92033E-025  2.68436E-009  5.69856E-018  1.59654E-010  5.89148E-018  2.97559E-009  1.06509E-011  8.98259E-007  3.02626E-013  1.65157E-017  5.34707E-016  2.08137E-012  1.39456E-015  7.12868E-012  4.97601E-032  8.50561E-034  1.00000E-040  6.86233E-032  1.00000E-040  1.11727E-023  1.43763E-018  7.78900E-014  8.49440E-023  5.60496E-022  1.08779E-036  1.00000E-040  1.09676E-029  1.86761E-034  1.42718E-027  4.81122E-034  3.11710E-035  5.30070E-025  8.47704E-021  1.70478E-025  6.44063E-031  3.77451E-028  4.18452E-019  4.41001E-018  1.84616E-016  3.03227E-022  2.61155E-027  1.13719E-036  3.88206E-015  2.55840E-035  6.43753E-025  3.31512E-030  1.26359E-022  1.86838E-030  2.55354E-018  1.42315E-022  3.11602E-014  1.00000E-040  1.50496E-014  1.00000E-040  4.12454E-033  8.65563E-022  1.00000E-040  7.70085E-025  7.56407E-014  1.06437E-034  1.00000E-003  1.00000E-005  1.00000E-005  1.00000E-005  1.00000E-005  1.00000E-005  1.00000E-005  1.00000E-005  1.00000E-005  1.00000E-005  1.00000E-005  1.00000E-005  1.00000E-005  1.00000E-005  1.00000E-005  1.00000E-005  
6.85000E+001  5.57090E-005  2.01153E+015  2.00593E+002  2.94489E+005  1.00000E-040  1.00000E-040  1.00000E-040  3.09733E-012  1.00000E-040  1.00000E-040  1.00000E-040  1.00000E-040  1.00000E-040  1.00000E-040  1.00000E-040  1.00000E-040  1.00000E-040  1.00000E-040  2.51062E-026  1.00000E-040  1.01043E-040  2.53003E-009  5.64766E-007  1.41195E-005  5.29953E-009  4.06906E-006  1.05777E-001  5.02099E-008  2.81159E-004  5.45847E-019  1.52062E-012  3.26189E-033  9.31944E-025  5.71863E-022  4.70468E-016  4.50751E-008  1.56011E-020  2.02740E-034  1.00000E-040  1.00000E-040  1.00000E-040  1.36410E-021  6.10671E-020  1.12821E-014  2.56429E-013  2.77397E-035  1.00000E-040  9.07751E-026  1.96889E-026  3.23018E-011  3.50374E-012  8.93922E-001  1.07662E-021  1.95340E-024  9.63263E-023  2.31778E-036  2.57507E-036  3.99672E-026  2.30259E-024  2.59368E-009  5.75867E-018  1.67697E-010  5.20799E-018  2.85783E-009  1.04860E-011  8.24249E-007  2.34147E-013  1.11035E-017  5.09936E-016  1.77284E-012  8.78359E-016  4.91067E-012  5.01510E-032  8.23617E-034  1.00000E-040  5.13570E-032  1.00000E-040  1.11610E-023  1.32620E-018  6.64708E-014  6.95917E-023  4.71542E-022  1.78732E-036  1.00000E-040  1.06532E-029  2.55965E-034  1.31180E-027  2.19274E-033  1.10897E-034  4.16916E-025  7.19665E-021  7.55737E-025  2.39957E-030  2.99514E-028  4.33251E-019  2.90759E-018  1.58240E-016  2.34380E-022  1.93879E-027  3.77985E-036  3.90085E-015  9.12272E-035  5.05750E-025  3.65082E-030  1.25120E-022  4.94046E-030  1.54488E-018  1.55007E-022  3.32572E-014  1.00000E-040  1.50317E-014  1.00000E-040  4.82374E-033  2.80009E-021  1.00000E-040  7.82316E-025  7.46056E-014  1.97351E-034  1.00000E-003  1.00000E-005  1.00000E-005  1.00000E-005  1.00000E-005  1.00000E-005  1.00000E-005  1.00000E-005  1.00000E-005  1.00000E-005  1.00000E-005  1.00000E-005  1.00000E-005  1.00000E-005  1.00000E-005  1.00000E-005  
6.95000E+001  4.72369E-005  1.72179E+015  1.98709E+002  3.04490E+005  1.00000E-040  1.00000E-040  1.00000E-040  1.84246E-012  1.00000E-040  1.00000E-040  1.00000E-040  1.00000E-040  1.00000E-040  1.00000E-040  1.00000E-040  1.00000E-040  1.00000E-040  1.00000E-040  1.64129E-026  1.00000E-040  1.01334E-040  3.81768E-009  6.20166E-007  1.40281E-005  5.81694E-009  4.98839E-006  1.05755E-001  6.61462E-008  2.80909E-004  5.62605E-019  1.38795E-012  1.86459E-032  3.66766E-024  2.31957E-021  3.96221E-016  4.45245E-008  2.08004E-020  2.25392E-034  1.00000E-040  1.00000E-040  1.00000E-040  1.28976E-021  6.22897E-020  1.33155E-014  2.85678E-013  1.24138E-034  1.00000E-040  1.17183E-025  7.97132E-026  3.18447E-011  4.04618E-012  8.93944E-001  1.01962E-021  1.61554E-024  1.02624E-022  1.56129E-036  1.00439E-035  1.30815E-025  7.28007E-024  2.53103E-009  5.92696E-018  1.77623E-010  4.63810E-018  2.74629E-009  1.04784E-011  7.51184E-007  1.85279E-013  7.62032E-018  5.10706E-016  1.51966E-012  5.65225E-016  3.39682E-012  5.01921E-032  8.00241E-034  1.00000E-040  3.81864E-032  1.00000E-040  1.11477E-023  1.22952E-018  5.71950E-014  5.77541E-023  4.01146E-022  2.89193E-036  1.00000E-040  1.03249E-029  3.54646E-034  1.19821E-027  8.71614E-033  3.77625E-034  3.32664E-025  6.56929E-021  3.27415E-024  8.15708E-030  2.33871E-028  4.51638E-019  1.90656E-018  1.35105E-016  1.82263E-022  1.42546E-027  1.15147E-035  3.91382E-015  3.08100E-034  4.03060E-025  4.06450E-030  1.23830E-022  1.25170E-029  9.36632E-019  1.70017E-022  3.52895E-014  1.00000E-040  1.50118E-014  1.00000E-040  5.68243E-033  9.00333E-021  1.00000E-040  8.00663E-025  7.35409E-014  3.62569E-034  1.00000E-003  1.00000E-005  1.00000E-005  1.00000E-005  1.00000E-005  1.00000E-005  1.00000E-005  1.00000E-005  1.00000E-005  1.00000E-005  1.00000E-005  1.00000E-005  1.00000E-005  1.00000E-005  1.00000E-005  1.00000E-005  
7.05000E+001  3.99930E-005  1.47138E+015  1.96868E+002  3.14490E+005  1.00000E-040  1.00000E-040  1.00000E-040  1.06105E-012  1.00000E-040  1.00000E-040  1.00000E-040  1.00000E-040  1.00000E-040  1.00000E-040  1.00000E-040  1.00000E-040  1.00000E-040  1.00000E-040  1.17474E-026  1.00000E-040  1.01663E-040  5.81403E-009  6.82933E-007  1.39245E-005  6.44801E-009  6.08408E-006  1.05730E-001  8.69720E-008  2.80623E-004  5.78500E-019  1.26118E-012  1.01244E-031  1.35811E-023  8.87782E-021  3.34456E-016  4.39225E-008  2.77421E-020  2.54489E-034  1.00000E-040  1.00000E-040  1.00000E-040  1.24595E-021  6.42000E-020  1.56032E-014  3.18716E-013  5.30716E-034  1.00000E-040  1.50259E-025  3.16435E-025  3.13281E-011  4.69786E-012  8.93968E-001  9.83914E-022  1.33729E-024  1.12411E-022  1.86682E-036  3.80787E-035  4.15150E-025  2.21329E-023  2.49723E-009  6.24603E-018  1.90499E-010  4.16869E-018  2.64029E-009  1.07073E-011  6.77637E-007  1.50632E-013  5.36063E-018  5.61827E-016  1.31138E-012  3.74015E-016  2.38673E-012  4.98172E-032  7.82446E-034  1.00000E-040  2.81821E-032  1.00000E-040  1.11327E-023  1.14382E-018  4.99575E-014  4.87074E-023  3.45858E-022  4.61089E-036  1.00000E-040  9.97950E-030  5.00165E-034  1.08452E-027  3.19329E-032  1.24930E-033  2.70346E-025  7.42055E-021  1.48130E-023  2.66312E-029  1.82137E-028  4.75879E-019  1.25249E-018  1.14760E-016  1.43569E-022  1.03206E-027  3.24453E-035  3.92242E-015  1.01624E-033  3.27121E-025  4.61470E-030  1.22493E-022  3.08764E-029  5.70828E-019  1.88177E-022  3.71145E-014  1.00000E-040  1.49896E-014  1.00000E-040  6.76873E-033  2.93609E-020  1.00000E-040  8.31148E-025  7.24251E-014  6.59042E-034  1.00000E-003  1.00000E-005  1.00000E-005  1.00000E-005  1.00000E-005  1.00000E-005  1.00000E-005  1.00000E-005  1.00000E-005  1.00000E-005  1.00000E-005  1.00000E-005  1.00000E-005  1.00000E-005  1.00000E-005  1.00000E-005  
7.15000E+001  3.38194E-005  1.25083E+015  1.95833E+002  3.24490E+005  1.00000E-040  1.00000E-040  1.00000E-040  2.98402E-013  1.00000E-040  1.00000E-040  1.00000E-040  1.00000E-040  1.00000E-040  1.00000E-040  1.00000E-040  1.00000E-040  1.00000E-040  1.00000E-040  9.24564E-027  1.00000E-040  1.02040E-040  9.05573E-009  7.54284E-007  1.38064E-005  7.20213E-009  7.36794E-006  1.05701E-001  1.14147E-007  2.80294E-004  5.99595E-019  1.14037E-012  5.73973E-031  5.05071E-023  3.36371E-020  2.85496E-016  4.32565E-008  3.72740E-020  3.00674E-034  1.00000E-040  1.00000E-040  1.00000E-040  1.25589E-021  6.82840E-020  1.83323E-014  3.55994E-013  2.24429E-033  1.00000E-040  1.91090E-025  1.29627E-024  3.07419E-011  5.49777E-012  8.93996E-001  1.00984E-021  1.20018E-024  1.31325E-022  1.43325E-036  1.41521E-034  1.28339E-024  6.76218E-023  2.49408E-009  6.82395E-018  2.08820E-010  3.80532E-018  2.53901E-009  1.12806E-011  5.93577E-007  1.26766E-013  3.85653E-018  7.17307E-016  1.13413E-012  2.54927E-016  2.02743E-012  4.89530E-032  7.65383E-034  1.00000E-040  2.01199E-032  1.00000E-040  1.11156E-023  1.06597E-018  4.48272E-014  4.19500E-023  3.03123E-022  7.25008E-036  1.00000E-040  9.61274E-030  7.23694E-034  9.56049E-028  1.12058E-031  4.21993E-033  2.27369E-025  1.29801E-020  6.95125E-023  8.72534E-029  1.66647E-028  5.12419E-019  8.24328E-019  9.58308E-017  1.17070E-022  7.30352E-028  8.48745E-035  3.92768E-015  3.14964E-033  2.74939E-025  5.66419E-030  1.21112E-022  7.58946E-029  3.47708E-019  2.04873E-022  3.81718E-014  1.00000E-040  1.49646E-014  1.00000E-040  8.30135E-033  9.41341E-020  1.00000E-040  9.54551E-025  7.12342E-014  1.18360E-033  1.00000E-003  1.00000E-005  1.00000E-005  1.00000E-005  1.00000E-005  1.00000E-005  1.00000E-005  1.00000E-005  1.00000E-005  1.00000E-005  1.00000E-005  1.00000E-005  1.00000E-005  1.00000E-005  1.00000E-005  1.00000E-005  
7.25000E+001  2.85749E-005  1.06246E+015  1.94799E+002  3.34491E+005  1.00000E-040  1.00000E-040  1.00000E-040  1.72318E-013  1.00000E-040  1.00000E-040  1.00000E-040  1.00000E-040  1.00000E-040  1.00000E-040  1.00000E-040  1.00000E-040  1.00000E-040  1.00000E-040  7.82809E-027  1.00000E-040  1.02471E-040  1.42824E-008  8.35574E-007  1.36711E-005  8.21524E-009  8.78252E-006  1.05669E-001  1.49495E-007  2.79914E-004  6.33742E-019  1.05924E-012  3.26682E-030  1.86260E-022  1.26358E-019  2.49046E-016  4.25123E-008  4.98859E-020  3.68381E-034  1.00000E-040  1.00000E-040  1.00000E-040  1.33345E-021  7.44736E-020  2.11551E-014  3.98532E-013  9.50163E-033  1.00000E-040  2.40969E-025  5.17425E-024  3.00745E-011  6.45569E-012  8.94027E-001  1.08433E-021  1.07635E-024  1.59874E-022  5.03015E-036  5.09977E-034  3.83719E-024  2.07636E-022  2.52448E-009  7.76637E-018  2.35244E-010  3.53836E-018  2.44167E-009  1.25585E-011  5.09091E-007  1.11610E-013  2.89683E-018  1.07591E-015  9.88534E-013  1.83440E-016  1.76727E-012  4.75605E-032  7.62236E-034  1.00000E-040  1.42349E-032  1.00000E-040  1.10961E-023  9.93617E-019  4.20477E-014  3.73207E-023  2.72529E-022  1.12758E-035  1.00000E-040  9.22009E-030  1.09167E-033  8.27920E-028  3.74026E-031  1.46319E-032  1.98185E-025  3.31297E-020  3.05668E-022  2.85158E-028  1.55228E-028  5.65975E-019  5.70431E-019  7.94651E-017  9.94252E-023  5.00618E-028  2.06272E-034  3.93033E-015  9.63356E-033  2.39486E-025  7.26318E-030  1.19702E-022  1.94297E-028  2.19653E-019  2.28141E-022  3.84632E-014  1.00000E-040  1.49364E-014  1.00000E-040  1.04112E-032  2.77243E-019  1.00000E-040  1.12485E-024  6.99446E-014  2.09154E-033  1.00000E-003  1.00000E-005  1.00000E-005  1.00000E-005  1.00000E-005  1.00000E-005  1.00000E-005  1.00000E-005  1.00000E-005  1.00000E-005  1.00000E-005  1.00000E-005  1.00000E-005  1.00000E-005  1.00000E-005  1.00000E-005  
7.35000E+001  2.41250E-005  9.00932E+014  1.93951E+002  3.44491E+005  1.00000E-040  1.00000E-040  1.00000E-040  6.27221E-014  1.00000E-040  1.00000E-040  1.00000E-040  1.00000E-040  1.00000E-040  1.00000E-040  1.00000E-040  1.00000E-040  1.00000E-040  1.00000E-040  6.99756E-027  1.00000E-040  1.02965E-040  2.30102E-008  9.28211E-007  1.35155E-005  9.66066E-009  1.02264E-005  1.05632E-001  1.95385E-007  2.79475E-004  7.23248E-019  1.07940E-012  1.79244E-029  6.45777E-022  4.44448E-019  2.31257E-016  4.16753E-008  6.63936E-020  4.77894E-034  1.00000E-040  1.00000E-040  1.00000E-040  1.52910E-021  8.45712E-020  2.38092E-014  4.47225E-013  3.82912E-032  1.00000E-040  3.00944E-025  1.88025E-023  2.93135E-011  7.54614E-012  8.94063E-001  1.25703E-021  9.84181E-025  2.06510E-022  1.09806E-036  1.72815E-033  1.07386E-023  6.10432E-022  2.59259E-009  9.36082E-018  2.76414E-010  3.38520E-018  2.34767E-009  1.51060E-011  4.21751E-007  1.04707E-013  2.30645E-018  1.81346E-015  8.68343E-013  1.43239E-016  1.61923E-012  4.56330E-032  7.82421E-034  1.00000E-040  9.93892E-033  1.00000E-040  1.10738E-023  9.25055E-019  4.21583E-014  3.48475E-023  2.54382E-022  1.73349E-035  1.00000E-040  8.79704E-030  1.75654E-033  6.96282E-028  1.12183E-030  5.01917E-032  1.82573E-025  9.53512E-020  1.17710E-021  8.94570E-028  1.55333E-028  6.49434E-019  4.37108E-019  6.51050E-017  9.17555E-023  3.28735E-028  4.59422E-034  3.93079E-015  2.81249E-032  2.20583E-025  1.00492E-029  1.18286E-022  4.99481E-028  1.50388E-019  2.60886E-022  3.75182E-014  1.00000E-040  1.49045E-014  1.00000E-040  1.35521E-032  7.16348E-019  1.00000E-040  1.40661E-024  6.85338E-014  3.61182E-033  1.00000E-003  1.00000E-005  1.00000E-005  1.00000E-005  1.00000E-005  1.00000E-005  1.00000E-005  1.00000E-005  1.00000E-005  1.00000E-005  1.00000E-005  1.00000E-005  1.00000E-005  1.00000E-005  1.00000E-005  1.00000E-005  
7.45000E+001  2.03610E-005  7.60358E+014  1.93954E+002  3.54491E+005  1.00000E-040  1.00000E-040  1.00000E-040  1.00000E-040  1.00000E-040  1.00000E-040  1.00000E-040  1.00000E-040  1.00000E-040  1.00000E-040  1.00000E-040  1.00000E-040  1.00000E-040  1.00000E-040  6.49035E-027  1.00000E-040  1.03533E-040  3.83664E-008  1.03388E-006  1.33349E-005  1.17426E-008  1.15593E-005  1.05589E-001  2.55146E-007  2.78964E-004  9.82515E-019  1.32103E-012  9.33234E-029  2.01584E-021  1.38408E-018  2.48141E-016  4.07278E-008  8.82595E-020  6.78998E-034  1.00000E-040  1.00000E-040  1.00000E-040  1.94222E-021  1.02383E-019  2.62207E-014  5.02827E-013  1.38968E-031  1.00000E-040  3.72267E-025  6.02116E-023  2.84442E-011  8.71685E-012  8.94105E-001  1.65515E-021  9.85870E-025  2.91464E-022  3.86649E-037  5.40414E-033  2.74580E-023  1.64488E-021  2.70383E-009  1.21521E-017  3.43589E-010  3.36934E-018  2.25623E-009  1.98832E-011  3.29326E-007  1.06817E-013  1.96643E-018  3.19889E-015  7.66063E-013  1.24584E-016  1.54791E-012  4.31979E-032  8.32988E-034  1.00000E-040  6.67640E-033  1.00000E-040  1.10482E-023  8.58941E-019  4.60052E-014  3.46394E-023  2.48816E-022  2.62906E-035  1.60991E-040  8.33792E-030  3.05668E-033  5.57626E-028  2.86245E-030  1.64665E-031  1.81921E-025  2.63350E-019  3.89737E-021  2.60354E-027  1.94479E-028  7.85543E-019  3.96954E-019  5.19914E-017  1.00510E-022  2.03619E-028  9.25144E-034  3.92933E-015  7.39566E-032  2.20318E-025  1.56961E-029  1.16889E-022  1.22263E-027  1.20090E-019  3.00879E-022  3.47565E-014  1.00000E-040  1.48680E-014  1.00000E-040  1.86614E-032  1.59839E-018  1.00000E-040  2.02830E-024  6.69762E-014  6.04255E-033  1.00000E-003  1.00000E-005  1.00000E-005  1.00000E-005  1.00000E-005  1.00000E-005  1.00000E-005  1.00000E-005  1.00000E-005  1.00000E-005  1.00000E-005  1.00000E-005  1.00000E-005  1.00000E-005  1.00000E-005  1.00000E-005  
7.55000E+001  1.71853E-005  6.41751E+014  1.93958E+002  3.64489E+005  1.00000E-040  1.00000E-040  1.00000E-040  1.00000E-040  1.00000E-040  1.00000E-040  1.00000E-040  1.00000E-040  1.00000E-040  1.00000E-040  1.00000E-040  1.00000E-040  1.00000E-040  1.00000E-040  6.10660E-027  1.00000E-040  1.04188E-040  6.58839E-008  1.15410E-006  1.31231E-005  1.50874E-008  1.25570E-005  1.05541E-001  3.33235E-007  2.78370E-004  1.63729E-018  1.97168E-012  4.40736E-028  5.54154E-021  3.79719E-018  3.30554E-016  3.96520E-008  1.15504E-019  1.04233E-033  1.00000E-040  1.00000E-040  1.00000E-040  2.72622E-021  1.30988E-019  2.74034E-014  5.66793E-013  4.57036E-031  1.00000E-040  4.57125E-025  1.67073E-022  2.74523E-011  9.76162E-012  8.94153E-001  2.55286E-021  9.91011E-025  4.37665E-022  4.25217E-036  1.55658E-032  6.41111E-023  4.04679E-021  2.86463E-009  1.71739E-017  4.57256E-010  3.52058E-018  2.16664E-009  2.87439E-011  2.43470E-007  1.21966E-013  1.86211E-018  5.54130E-015  6.82418E-013  1.25447E-016  1.46702E-012  4.03900E-032  9.50622E-034  1.00000E-040  4.42950E-033  1.00000E-040  1.10189E-023  7.94566E-019  5.45810E-014  3.74428E-023  2.58648E-022  3.91449E-035  8.73062E-040  7.83809E-030  5.88548E-033  4.28467E-028  6.11306E-030  5.22056E-031  1.98214E-025  6.66527E-019  1.10621E-020  6.97120E-027  2.60026E-028  1.00391E-018  4.54664E-019  4.08126E-017  1.37766E-022  1.16603E-028  1.67389E-033  3.92604E-015  1.87639E-031  2.41441E-025  2.66946E-029  1.15536E-022  3.00245E-027  1.23598E-019  3.67809E-022  3.05395E-014  1.00000E-040  1.48265E-014  1.00000E-040  2.70133E-032  3.08248E-018  1.00000E-040  3.12485E-024  6.52490E-014  9.67063E-033  1.00000E-003  1.00000E-005  1.00000E-005  1.00000E-005  1.00000E-005  1.00000E-005  1.00000E-005  1.00000E-005  1.00000E-005  1.00000E-005  1.00000E-005  1.00000E-005  1.00000E-005  1.00000E-005  1.00000E-005  1.00000E-005  
7.65000E+001  1.45072E-005  5.41034E+014  1.94212E+002  3.74490E+005  1.00000E-040  1.00000E-040  1.00000E-040  1.00000E-040  1.00000E-040  1.00000E-040  1.00000E-040  1.00000E-040  1.00000E-040  1.00000E-040  1.00000E-040  1.00000E-040  1.00000E-040  1.00000E-040  5.75120E-027  1.00000E-040  1.04943E-040  1.18104E-007  1.28968E-006  1.28710E-005  2.06312E-008  1.31620E-005  1.05486E-001  4.36130E-007  2.77674E-004  3.11380E-018  3.20602E-012  1.93291E-027  1.34776E-020  9.17726E-018  5.38872E-016  3.84330E-008  1.49036E-019  1.71770E-033  1.00000E-040  1.12779E-040  1.00000E-040  4.09716E-021  1.76478E-019  2.70214E-014  6.39508E-013  1.34984E-030  1.00000E-040  5.59275E-025  4.06689E-022  2.63268E-011  1.04884E-011  8.94208E-001  4.96270E-021  1.03029E-024  7.04468E-022  1.46678E-037  4.04392E-032  1.33140E-022  9.05246E-021  3.08180E-009  2.66244E-017  6.55853E-010  3.87021E-018  2.07836E-009  4.39455E-011  1.68427E-007  1.57379E-013  1.95598E-018  9.12356E-015  6.13670E-013  1.43263E-016  1.37609E-012  3.74886E-032  1.19380E-033  1.00000E-040  2.88356E-033  1.00000E-040  1.09853E-023  7.31941E-019  6.85633E-014  4.40644E-023  2.84627E-022  5.62253E-035  3.87546E-039  7.29595E-030  1.24660E-032  3.14904E-028  1.08202E-029  1.60802E-030  2.38267E-025  1.53860E-018  2.74054E-020  1.70843E-026  3.93395E-028  1.34593E-018  6.27043E-019  3.12351E-017  2.30007E-022  6.00480E-029  2.70053E-033  3.92088E-015  4.44403E-031  2.93590E-025  4.94427E-029  1.14149E-022  7.33145E-027  1.59710E-019  4.75477E-022  2.52974E-014  1.00000E-040  1.47789E-014  1.00000E-040  4.10516E-032  5.18187E-018  1.00000E-040  5.31494E-024  6.33351E-014  1.45342E-032  1.00000E-003  1.00000E-005  1.00000E-005  1.00000E-005  1.00000E-005  1.00000E-005  1.00000E-005  1.00000E-005  1.00000E-005  1.00000E-005  1.00000E-005  1.00000E-005  1.00000E-005  1.00000E-005  1.00000E-005  1.00000E-005  
7.75000E+001  1.22524E-005  4.55102E+014  1.94998E+002  3.84490E+005  1.00000E-040  1.00000E-040  1.00000E-040  1.00000E-040  1.00000E-040  1.00000E-040  1.00000E-040  1.00000E-040  1.00000E-040  1.00000E-040  1.00000E-040  1.00000E-040  1.00000E-040  1.00000E-040  5.35452E-027  1.00000E-040  1.05814E-040  2.25909E-007  1.43970E-006  1.25607E-005  2.93729E-008  1.39928E-005  1.05422E-001  5.74024E-007  2.76857E-004  6.12034E-018  5.05590E-012  8.21371E-027  2.93593E-020  1.96485E-017  9.34408E-016  3.70579E-008  1.91502E-019  2.75808E-033  3.54496E-038  3.46768E-037  1.00000E-040  5.90273E-021  2.35954E-019  2.57092E-014  7.19995E-013  3.43580E-030  1.00000E-040  6.86421E-025  8.83362E-022  2.50602E-011  1.10149E-011  8.94272E-001  1.19163E-020  1.14555E-024  1.20986E-021  2.75402E-035  9.01218E-032  2.32810E-022  1.76180E-020  3.36239E-009  4.39087E-017  9.82609E-010  4.33385E-018  1.99079E-009  6.51849E-011  1.11526E-007  2.12291E-013  2.07625E-018  1.40851E-014  5.56135E-013  1.64495E-016  1.27516E-012  3.49785E-032  1.62070E-033  1.00000E-040  1.82348E-033  1.00000E-040  1.09468E-023  6.71814E-019  8.64353E-014  5.26886E-023  3.15128E-022  7.52396E-035  1.30025E-038  6.72014E-030  2.71024E-032  2.30371E-028  1.58206E-029  4.51597E-030  2.96596E-025  3.11751E-018  6.04313E-020  3.68344E-026  6.92233E-028  1.77688E-018  8.84291E-019  2.30896E-017  3.94598E-022  2.66731E-029  3.87580E-033  3.91370E-015  8.96395E-031  3.71062E-025  9.28078E-029  1.12154E-022  1.57130E-026  2.12119E-019  6.28508E-022  2.04363E-014  1.00000E-040  1.47244E-014  1.00000E-040  6.29590E-032  7.64533E-018  1.00000E-040  9.96077E-024  6.12229E-014  1.99795E-032  1.00000E-003  1.00000E-005  1.00000E-005  1.00000E-005  1.00000E-005  1.00000E-005  1.00000E-005  1.00000E-005  1.00000E-005  1.00000E-005  1.00000E-005  1.00000E-005  1.00000E-005  1.00000E-005  1.00000E-005  1.00000E-005  
7.85000E+001  1.03558E-005  3.83106E+014  1.95785E+002  3.94490E+005  1.00000E-040  1.00000E-040  1.00000E-040  1.00000E-040  1.00000E-040  1.00000E-040  1.00000E-040  1.00000E-040  1.00000E-040  1.00000E-040  1.00000E-040  1.00000E-040  1.00000E-040  1.00000E-040  4.88017E-027  1.00000E-040  1.06819E-040  4.64411E-007  1.59773E-006  1.21581E-005  3.83258E-008  1.79894E-005  1.05347E-001  7.62692E-007  2.75888E-004  1.15011E-017  7.38961E-012  3.62971E-026  5.80189E-020  3.78953E-017  1.31213E-015  3.55203E-008  2.50708E-019  3.02035E-033  9.25006E-037  8.90414E-036  1.00000E-040  6.24988E-021  2.51157E-019  2.65153E-014  8.04207E-013  6.64286E-030  1.00000E-040  8.52117E-025  1.73114E-021  2.36529E-011  1.28401E-011  8.94344E-001  2.52265E-020  1.27632E-024  2.11457E-021  1.57549E-036  1.55950E-031  3.10656E-022  2.55961E-020  3.71275E-009  6.51584E-017  1.30772E-009  4.40352E-018  1.90348E-009  7.94455E-011  8.26437E-008  2.19815E-013  1.66801E-018  2.03111E-014  5.09950E-013  1.47507E-016  1.16521E-012  3.35345E-032  1.99213E-033  1.00000E-040  1.13994E-033  1.00000E-040  1.09025E-023  6.15802E-019  1.00088E-013  5.06073E-023  2.98096E-022  8.86744E-035  2.43221E-038  6.16185E-030  4.90435E-032  1.99991E-028  1.98026E-029  8.70684E-030  2.80683E-025  4.71158E-018  1.20310E-019  6.04605E-026  1.08837E-027  1.86779E-018  9.01737E-019  1.60340E-017  5.02011E-022  9.68336E-030  5.00852E-033  3.90425E-015  1.26539E-030  3.55256E-025  1.34474E-028  1.07314E-022  1.90282E-026  1.87686E-019  7.55110E-022  1.88996E-014  1.00000E-040  1.46620E-014  1.00000E-040  8.51490E-032  9.93084E-018  1.00000E-040  1.65066E-023  5.89129E-014  2.42610E-032  1.00000E-003  1.00000E-005  1.00000E-005  1.00000E-005  1.00000E-005  1.00000E-005  1.00000E-005  1.00000E-005  1.00000E-005  1.00000E-005  1.00000E-005  1.00000E-005  1.00000E-005  1.00000E-005  1.00000E-005  1.00000E-005  
7.95000E+001  8.75929E-006  3.22692E+014  1.96606E+002  4.04490E+005  1.00000E-040  1.00000E-040  1.00000E-040  1.00000E-040  1.00000E-040  1.00000E-040  1.00000E-040  1.00000E-040  1.00000E-040  1.00000E-040  1.00000E-040  1.00000E-040  1.00000E-040  1.00000E-040  4.46886E-027  1.00000E-040  1.07980E-040  9.47654E-007  1.74651E-006  1.16234E-005  3.51804E-008  3.48431E-005  1.05255E-001  1.02189E-006  2.74734E-004  1.98997E-017  9.72441E-012  2.79875E-025  1.05931E-019  6.57489E-017  1.15269E-015  3.38230E-008  3.53875E-019  1.47737E-033  5.81507E-037  5.05269E-036  1.00000E-040  3.50372E-021  1.65071E-019  3.80894E-014  8.81726E-013  8.27068E-030  1.00000E-040  1.07271E-024  3.11922E-021  2.21154E-011  2.25418E-011  8.94420E-001  2.87115E-020  1.37574E-024  3.54258E-021  1.14592E-035  1.84376E-031  2.78278E-022  2.29077E-020  4.13824E-009  6.44111E-017  1.15776E-009  3.41642E-018  1.81614E-009  6.30252E-011  8.58132E-008  1.17485E-013  7.39545E-019  2.74396E-014  4.72751E-013  7.97579E-017  1.04824E-012  3.32871E-032  1.68120E-033  1.00000E-040  6.83700E-034  1.00000E-040  1.08516E-023  5.65012E-019  9.82924E-014  2.73068E-023  1.77576E-022  8.58469E-035  1.71635E-038  5.74147E-030  4.99286E-032  2.53409E-028  2.42023E-029  7.43173E-030  1.26702E-025  4.35569E-018  2.20579E-019  6.27488E-026  1.15702E-027  1.21561E-018  4.68546E-019  9.76932E-018  4.02843E-022  2.79050E-030  6.12198E-033  3.89236E-015  8.42734E-031  1.63103E-025  1.11680E-028  9.61878E-023  6.67299E-027  7.04231E-020  6.23322E-022  2.43956E-014  1.00000E-040  1.45904E-014  9.70651E-039  8.57889E-032  1.15020E-017  1.00000E-040  1.79815E-023  5.64130E-014  2.53267E-032  1.00000E-003  1.00000E-005  1.00000E-005  1.00000E-005  1.00000E-005  1.00000E-005  1.00000E-005  1.00000E-005  1.00000E-005  1.00000E-005  1.00000E-005  1.00000E-005  1.00000E-005  1.00000E-005  1.00000E-005  1.00000E-005  
8.05000E+001  7.41480E-006  2.71969E+014  1.97468E+002  4.06996E+005  1.00000E-040  1.00000E-040  1.00000E-040  1.00000E-040  1.00000E-040  1.00000E-040  1.00000E-040  1.00000E-040  1.00000E-040  1.00000E-040  1.00000E-040  1.00000E-040  1.00000E-040  1.00000E-040  4.25257E-027  1.00000E-040  1.09330E-040  1.67150E-006  1.86958E-006  1.09708E-005  2.37192E-008  8.56795E-005  1.05130E-001  1.36360E-006  2.73356E-004  3.39063E-017  9.81154E-012  5.65334E-024  1.81318E-019  1.00671E-016  7.71685E-016  3.19602E-008  5.54440E-019  5.18565E-034  1.42696E-035  9.96950E-035  1.00000E-040  1.17454E-021  7.70368E-020  7.17559E-014  9.39595E-013  7.97335E-030  1.00000E-040  1.35768E-024  5.24719E-021  2.04535E-011  6.88572E-011  8.94495E-001  2.69003E-020  1.45271E-024  5.35161E-021  1.00000E-040  1.56986E-031  1.76600E-022  1.49852E-020  4.64441E-009  4.37232E-017  7.02912E-010  2.11894E-018  1.72785E-009  3.49088E-011  1.15729E-007  4.40170E-014  2.46287E-019  3.50141E-014  4.39736E-013  3.25318E-017  9.26033E-013  3.28960E-032  1.02540E-033  1.00000E-040  3.88396E-034  1.00000E-040  1.07927E-023  5.17087E-019  8.78641E-014  9.53673E-024  6.23855E-023  6.56511E-035  6.53680E-039  5.47860E-030  2.50357E-032  3.98087E-028  3.32121E-029  3.71789E-030  3.53467E-026  2.96840E-018  3.78458E-019  4.82709E-026  8.48875E-028  5.62734E-019  1.77156E-019  5.97857E-018  3.40723E-022  6.69878E-031  7.66887E-033  3.87794E-015  2.91675E-031  4.68249E-026  6.54709E-029  8.18390E-023  9.96297E-028  1.62191E-020  3.62628E-022  3.97513E-014  1.00000E-040  1.45078E-014  7.24933E-038  6.43978E-032  1.24057E-017  1.00000E-040  1.32987E-023  5.36964E-014  2.32459E-032  1.00000E-003  1.00000E-005  1.00000E-005  1.00000E-005  1.00000E-005  1.00000E-005  1.00000E-005  1.00000E-005  1.00000E-005  1.00000E-005  1.00000E-005  1.00000E-005  1.00000E-005  1.00000E-005  1.00000E-005  1.00000E-005  
8.15000E+001  6.28185E-006  2.29412E+014  1.98330E+002  4.06996E+005  1.00000E-040  1.00000E-040  1.00000E-040  1.00000E-040  1.00000E-040  1.00000E-040  1.00000E-040  1.00000E-040  1.00000E-040  1.00000E-040  1.00000E-040  1.00000E-040  1.00000E-040  1.00000E-040  4.13635E-027  1.00000E-040  1.10914E-040  2.55150E-006  1.96838E-006  1.02357E-005  1.54189E-008  2.00377E-004  1.04954E-001  1.79136E-006  2.71713E-004  5.47368E-017  7.50193E-012  1.11339E-022  2.93403E-019  1.33785E-016  5.27999E-016  2.99266E-008  9.20019E-019  1.40384E-034  1.00000E-040  1.00000E-040  1.00000E-040  3.12707E-022  3.39286E-020  1.33628E-013  9.69787E-013  7.99060E-030  1.00000E-040  1.69449E-024  8.31597E-021  1.86759E-011  2.95368E-010  8.94557E-001  4.47516E-020  1.54294E-024  7.20839E-021  7.16819E-037  1.25799E-031  1.04050E-022  9.61782E-021  5.20069E-009  2.69651E-017  3.87785E-010  1.32344E-018  1.63754E-009  1.64648E-011  1.58987E-007  2.15676E-014  1.06871E-019  4.24692E-014  4.05061E-013  1.23429E-017  8.00723E-013  3.13463E-032  5.99043E-034  1.00000E-040  2.16202E-034  1.00000E-040  1.07238E-023  4.69049E-019  7.68036E-014  3.91357E-024  2.15554E-023  4.00150E-035  2.37211E-039  5.19458E-030  9.21749E-033  5.87845E-028  4.81259E-029  2.14260E-030  1.18081E-026  2.00297E-018  6.13672E-019  3.62799E-026  5.62736E-028  2.45682E-019  7.55932E-020  3.97561E-018  4.34458E-022  1.50345E-031  1.00592E-032  3.86076E-015  9.04554E-032  1.54843E-026  3.63176E-029  6.79000E-023  1.47945E-028  4.00756E-021  1.92879E-022  6.54387E-014  1.00000E-040  1.44115E-014  6.96705E-039  4.21543E-032  1.29342E-017  3.31931E-040  8.87658E-024  5.07283E-014  1.98704E-032  1.00000E-003  1.00000E-005  1.00000E-005  1.00000E-005  1.00000E-005  1.00000E-005  1.00000E-005  1.00000E-005  1.00000E-005  1.00000E-005  1.00000E-005  1.00000E-005  1.00000E-005  1.00000E-005  1.00000E-005  1.00000E-005  
8.25000E+001  5.32563E-006  1.94055E+014  1.98776E+002  4.06996E+005  1.00000E-040  1.00000E-040  1.00000E-040  1.00000E-040  1.00000E-040  1.00000E-040  1.00000E-040  1.00000E-040  1.00000E-040  1.00000E-040  1.00000E-040  1.00000E-040  1.00000E-040  1.00000E-040  4.03257E-027  1.00000E-040  1.12775E-040  3.52478E-006  2.05011E-006  9.44405E-006  1.06935E-008  4.12787E-004  1.04704E-001  2.30708E-006  2.69772E-004  7.98496E-017  5.20224E-012  1.50843E-021  4.50540E-019  1.56384E-016  3.93220E-016  2.77453E-008  1.50972E-018  5.11605E-035  1.00000E-040  1.00000E-040  1.00000E-040  7.90110E-023  1.54649E-020  2.20776E-013  9.71993E-013  1.36306E-029  1.00000E-040  2.04627E-024  1.24420E-020  1.68173E-011  1.29910E-009  8.94596E-001  1.02859E-019  1.58319E-024  8.69270E-021  6.57529E-036  1.13715E-031  6.85986E-023  6.61276E-021  5.65554E-009  1.66376E-017  2.19982E-010  1.00707E-018  1.54516E-009  7.19041E-012  2.06796E-007  1.49008E-014  6.45156E-020  4.90837E-014  3.65424E-013  4.63648E-018  6.76185E-013  2.87719E-032  3.90154E-034  1.00000E-040  1.22251E-034  1.00000E-040  1.06434E-023  4.20129E-019  6.67921E-014  2.34646E-024  1.06483E-023  2.03057E-035  1.00000E-040  4.88995E-030  3.41622E-033  7.65327E-028  6.68980E-029  1.67049E-030  5.88328E-027  1.44972E-018  9.43697E-019  2.90867E-026  3.54105E-028  1.11498E-019  3.88238E-020  2.82286E-018  6.96970E-022  4.00304E-032  1.36315E-032  3.84049E-015  3.42644E-032  7.61708E-027  2.03211E-029  5.56272E-023  2.87895E-029  1.22680E-021  1.04447E-022  1.01916E-013  1.00000E-040  1.42999E-014  5.88713E-040  2.73810E-032  1.32454E-017  1.30824E-035  5.80786E-024  4.75199E-014  1.65105E-032  1.00000E-003  1.00000E-005  1.00000E-005  1.00000E-005  1.00000E-005  1.00000E-005  1.00000E-005  1.00000E-005  1.00000E-005  1.00000E-005  1.00000E-005  1.00000E-005  1.00000E-005  1.00000E-005  1.00000E-005  1.00000E-005  
8.35000E+001  4.51676E-006  1.64471E+014  1.98909E+002  4.06996E+005  1.00000E-040  1.00000E-040  1.00000E-040  1.00000E-040  1.00000E-040  1.00000E-040  1.00000E-040  1.00000E-040  1.00000E-040  1.00000E-040  1.00000E-040  1.00000E-040  1.00000E-040  1.00000E-040  3.91799E-027  1.00000E-040  1.14957E-040  4.54400E-006  2.12033E-006  8.61795E-006  7.86694E-009  7.58587E-004  1.04359E-001  2.91365E-006  2.67500E-004  1.07744E-016  3.66883E-012  1.43274E-020  6.60104E-019  1.65856E-016  3.13947E-016  2.54577E-008  2.37571E-018  2.09427E-035  1.00000E-040  1.00000E-040  1.00000E-040  2.13032E-023  7.37970E-021  3.25553E-013  9.50176E-013  5.81346E-029  1.00000E-040  2.36977E-024  1.76772E-020  1.49271E-011  5.09241E-009  8.94596E-001  2.35977E-019  1.57949E-024  9.60210E-021  4.29622E-036  1.15420E-031  5.05429E-023  4.82987E-021  5.72983E-009  1.00243E-017  1.30606E-010  9.76254E-019  1.45114E-009  2.99245E-012  2.53713E-007  1.15772E-014  4.34044E-020  5.41342E-014  3.20994E-013  1.75355E-018  5.56876E-013  2.56707E-032  2.85682E-034  1.00000E-040  6.98760E-035  1.00000E-040  1.05497E-023  3.70935E-019  5.78981E-014  1.76416E-024  7.06661E-024  9.25458E-036  1.00000E-040  4.56884E-030  1.35572E-033  8.92803E-028  8.66493E-029  1.50131E-030  3.91114E-027  1.11725E-018  1.38424E-018  2.46534E-026  2.23791E-028  5.31569E-020  2.30332E-020  2.09707E-018  1.19164E-021  2.19451E-032  1.87803E-032  3.81674E-015  1.56492E-032  5.05078E-027  1.16909E-029  4.53703E-023  7.13058E-030  4.52252E-022  5.70458E-023  1.50128E-013  1.00000E-040  1.41716E-014  1.00000E-040  1.81655E-032  1.33626E-017  1.31983E-031  3.82820E-024  4.41132E-014  1.35968E-032  1.00000E-003  1.00000E-005  1.00000E-005  1.00000E-005  1.00000E-005  1.00000E-005  1.00000E-005  1.00000E-005  1.00000E-005  1.00000E-005  1.00000E-005  1.00000E-005  1.00000E-005  1.00000E-005  1.00000E-005  1.00000E-005  
8.45000E+001  3.83183E-006  1.39437E+014  1.99042E+002  4.06996E+005  1.00000E-040  1.00000E-040  1.00000E-040  1.00000E-040  1.00000E-040  1.00000E-040  1.00000E-040  1.00000E-040  1.00000E-040  1.00000E-040  1.00000E-040  1.00000E-040  1.00000E-040  1.00000E-040  3.79214E-027  1.00000E-040  1.17513E-040  5.57068E-006  2.18246E-006  7.77762E-006  5.99506E-009  1.27317E-003  1.03896E-001  3.61538E-006  2.64860E-004  1.36891E-016  2.71749E-012  1.00479E-019  9.27481E-019  1.65304E-016  2.63225E-016  2.31121E-008  3.57017E-018  9.33011E-036  3.99445E-040  6.78796E-040  1.00000E-040  6.40920E-024  3.66799E-021  4.39252E-013  9.09724E-013  2.97767E-028  1.00000E-040  2.63426E-024  2.40039E-020  1.30582E-011  1.72643E-008  8.94546E-001  4.93862E-019  1.57737E-024  9.95349E-021  2.57946E-035  1.25033E-031  3.96627E-023  3.66560E-021  5.25535E-009  5.69437E-018  8.06055E-011  1.09941E-018  1.35595E-009  1.19988E-012  2.94793E-007  8.70647E-015  2.80491E-020  5.70469E-014  2.75325E-013  6.67950E-019  4.46757E-013  2.24811E-032  2.27896E-034  1.00000E-040  3.95815E-035  1.00000E-040  1.04411E-023  3.22581E-019  4.99736E-014  1.46131E-024  5.42913E-024  4.17282E-036  1.00000E-040  4.23841E-030  5.72734E-034  9.54465E-028  1.05891E-028  1.39378E-030  3.01020E-027  8.99781E-019  1.94763E-018  2.15982E-026  1.55807E-028  2.63892E-020  1.51737E-020  1.60549E-018  2.02429E-021  3.20771E-032  2.60207E-032  3.78903E-015  7.88706E-033  3.88937E-027  7.02072E-030  3.70681E-023  2.08039E-030  1.91079E-022  3.05752E-023  2.10969E-013  1.00000E-040  1.40256E-014  1.00000E-040  1.23514E-032  1.32487E-017  3.45148E-028  2.60256E-024  4.05633E-014  1.11722E-032  1.00000E-003  1.00000E-005  1.00000E-005  1.00000E-005  1.00000E-005  1.00000E-005  1.00000E-005  1.00000E-005  1.00000E-005  1.00000E-005  1.00000E-005  1.00000E-005  1.00000E-005  1.00000E-005  1.00000E-005  1.00000E-005  
8.55000E+001  3.25124E-006  1.18490E+014  1.98739E+002  4.06996E+005  1.00000E-040  1.00000E-040  1.00000E-040  1.00000E-040  1.00000E-040  1.00000E-040  1.00000E-040  1.00000E-040  1.00000E-040  1.00000E-040  1.00000E-040  1.00000E-040  1.00000E-040  1.00000E-040  3.64997E-027  1.00000E-040  1.20503E-040  6.57230E-006  2.23828E-006  6.94302E-006  4.71865E-009  1.98778E-003  1.03296E-001  4.41604E-006  2.61813E-004  1.64222E-016  2.14716E-012  5.43756E-019  1.25078E-018  1.59165E-016  2.27262E-016  2.07627E-008  5.10174E-018  5.72180E-036  2.88346E-036  6.44434E-036  1.00000E-040  2.17129E-024  1.88467E-021  5.49729E-013  8.60044E-013  1.28013E-027  1.00000E-040  2.84549E-024  3.11120E-020  1.12639E-011  5.02907E-008  8.94434E-001  9.23223E-019  1.50767E-024  9.66501E-021  1.14390E-034  1.41822E-031  3.27163E-023  2.85339E-021  4.46354E-009  3.10665E-018  5.15572E-011  1.26636E-018  1.26029E-009  4.67921E-013  3.31505E-007  6.22266E-015  1.72411E-020  5.75303E-014  2.32740E-013  2.56004E-019  3.48939E-013  1.94990E-032  1.89978E-034  1.00000E-040  2.28209E-035  1.00000E-040  1.03157E-023  2.76382E-019  4.28984E-014  1.24875E-024  4.32269E-024  2.09460E-036  1.00000E-040  3.92585E-030  2.60599E-034  9.65787E-028  1.23512E-028  1.29928E-030  2.37314E-027  7.44077E-019  2.62699E-018  1.93563E-026  1.17262E-028  1.36152E-020  1.07677E-020  1.26751E-018  3.25383E-021  6.18743E-032  3.60104E-032  3.75687E-015  4.41665E-033  3.06950E-027  4.29961E-030  3.05111E-023  6.99261E-031  8.99760E-023  1.64639E-023  2.88035E-013  1.00000E-040  1.38610E-014  1.00000E-040  8.61286E-033  1.29149E-017  2.75610E-025  1.74220E-024  3.69385E-014  9.18086E-033  1.00000E-003  1.00000E-005  1.00000E-005  1.00000E-005  1.00000E-005  1.00000E-005  1.00000E-005  1.00000E-005  1.00000E-005  1.00000E-005  1.00000E-005  1.00000E-005  1.00000E-005  1.00000E-005  1.00000E-005  1.00000E-005  
8.65000E+001  2.75831E-006  1.00804E+014  1.98191E+002  4.06996E+005  1.00000E-040  1.00000E-040  1.00000E-040  1.00000E-040  1.00000E-040  1.00000E-040  1.00000E-040  1.00000E-040  1.00000E-040  1.00000E-040  1.00000E-040  1.00000E-040  1.00000E-040  1.00000E-040  3.50513E-027  1.00000E-040  1.23999E-040  7.52265E-006  2.28857E-006  6.13331E-006  3.78284E-009  2.92952E-003  1.02540E-001  5.31823E-006  2.58323E-004  1.87330E-016  1.78704E-012  2.36619E-018  1.62561E-018  1.50335E-016  2.00017E-016  1.84651E-008  7.00895E-018  1.00000E-040  1.27116E-035  1.00000E-040  1.00000E-040  8.06883E-025  9.98933E-022  6.51501E-013  8.04672E-013  4.51424E-027  1.00000E-040  3.01460E-024  3.87180E-020  9.59332E-012  1.26867E-007  8.94251E-001  1.53871E-018  1.40446E-024  8.91458E-021  4.38615E-034  1.64778E-031  2.78026E-023  2.25081E-021  3.69687E-009  1.70075E-018  3.38933E-011  1.42144E-018  1.16502E-009  1.79034E-013  3.61862E-007  4.37806E-015  1.04327E-020  5.56015E-014  1.95427E-013  9.88754E-020  2.65369E-013  1.68536E-032  1.63354E-034  1.00000E-040  1.32704E-035  1.00000E-040  1.01716E-023  2.33495E-019  3.66026E-014  1.07844E-024  3.45019E-024  1.21636E-036  1.00000E-040  3.60336E-030  1.25524E-034  9.37911E-028  1.40038E-028  1.21187E-030  1.86357E-027  6.25642E-019  3.41214E-018  1.75326E-026  1.04258E-028  7.26819E-021  8.06883E-021  1.02739E-018  4.87693E-021  1.11670E-031  4.94484E-032  3.71972E-015  2.62903E-033  2.41251E-027  2.70323E-030  2.53990E-023  2.58624E-031  4.58823E-023  8.82994E-024  3.85525E-013  1.00000E-040  1.36769E-014  1.00000E-040  6.09642E-033  1.23491E-017  8.02399E-023  1.16073E-024  3.33149E-014  7.53992E-033  1.00000E-003  1.00000E-005  1.00000E-005  1.00000E-005  1.00000E-005  1.00000E-005  1.00000E-005  1.00000E-005  1.00000E-005  1.00000E-005  1.00000E-005  1.00000E-005  1.00000E-005  1.00000E-005  1.00000E-005  1.00000E-005  
8.75000E+001  2.33965E-006  8.57406E+013  1.97643E+002  4.06996E+005  1.00000E-040  1.00000E-040  1.00000E-040  1.00000E-040  1.00000E-040  1.00000E-040  1.00000E-040  1.00000E-040  1.00000E-040  1.00000E-040  1.00000E-040  1.00000E-040  1.00000E-040  1.00000E-040  3.37284E-027  1.00000E-040  1.28085E-040  8.40266E-006  2.33358E-006  5.36469E-006  3.05171E-009  4.12095E-003  1.01614E-001  6.32371E-006  2.54351E-004  2.04700E-016  1.53830E-012  8.56476E-018  2.04407E-018  1.40466E-016  1.78333E-016  1.62689E-008  9.36207E-018  1.00000E-040  1.00000E-040  1.00000E-040  1.00000E-040  3.18127E-025  5.44857E-022  7.42909E-013  7.44335E-013  1.33780E-026  1.00000E-040  3.14702E-024  4.65756E-020  8.08494E-012  2.82110E-007  8.93988E-001  2.31103E-018  1.30625E-024  7.94360E-021  1.41901E-033  1.92558E-031  2.39297E-023  1.78298E-021  3.06869E-009  9.53865E-019  2.27323E-011  1.54811E-018  1.07102E-009  6.77088E-014  3.83162E-007  3.09462E-015  6.32926E-021  5.15797E-014  1.63690E-013  3.85450E-020  1.96613E-013  1.45716E-032  1.45068E-034  1.00000E-040  7.65922E-036  1.00000E-040  1.00069E-023  1.94718E-019  3.10363E-014  9.35676E-025  2.75281E-024  7.80239E-037  2.15679E-037  3.28866E-030  6.17789E-035  8.79818E-028  1.56479E-028  1.13141E-030  1.46329E-027  5.31798E-019  4.28742E-018  1.58990E-026  1.10893E-028  3.99267E-021  6.29552E-021  8.54476E-019  6.83690E-021  1.80995E-031  6.69810E-032  3.67703E-015  1.59483E-033  1.89550E-027  1.76054E-030  2.14246E-023  1.01234E-031  2.47718E-023  4.66622E-024  5.10593E-013  1.00000E-040  1.34721E-014  1.00000E-040  4.36893E-033  1.15542E-017  9.89704E-021  7.83045E-025  2.97661E-014  6.17545E-033  1.00000E-003  1.00000E-005  1.00000E-005  1.00000E-005  1.00000E-005  1.00000E-005  1.00000E-005  1.00000E-005  1.00000E-005  1.00000E-005  1.00000E-005  1.00000E-005  1.00000E-005  1.00000E-005  1.00000E-005  1.00000E-005  
8.85000E+001  1.98414E-006  7.29415E+013  1.97022E+002  4.06996E+005  1.00000E-040  1.00000E-040  1.00000E-040  1.00000E-040  1.00000E-040  1.00000E-040  1.00000E-040  1.00000E-040  1.00000E-040  1.00000E-040  1.00000E-040  1.00000E-040  1.00000E-040  1.00000E-040  3.25948E-027  1.00000E-040  1.32860E-040  9.20030E-006  2.37344E-006  4.65002E-006  2.47135E-009  5.57838E-003  1.00507E-001  7.43224E-006  2.49864E-004  2.15523E-016  1.35836E-012  2.64898E-017  2.49272E-018  1.30355E-016  1.60173E-016  1.42155E-008  1.22253E-017  3.75495E-036  2.58988E-035  1.00000E-040  1.00000E-040  1.31516E-025  3.05116E-022  8.22396E-013  6.80569E-013  3.42429E-026  1.00000E-040  3.25543E-024  5.44049E-020  6.76555E-012  5.63719E-007  8.93640E-001  3.17791E-018  1.20357E-024  6.88251E-021  3.95373E-033  2.24930E-031  2.07770E-023  1.41280E-021  2.56076E-009  5.48577E-019  1.55060E-011  1.62707E-018  9.79261E-010  2.55179E-014  3.95876E-007  2.20170E-015  3.86282E-021  4.60199E-014  1.37052E-013  1.51858E-020  1.42063E-013  1.26328E-032  1.32613E-034  1.00000E-040  4.40278E-036  1.00000E-040  9.81966E-024  1.60502E-019  2.61583E-014  8.11125E-025  2.17611E-024  5.23971E-037  1.00000E-040  2.97320E-030  3.14885E-035  8.05198E-028  1.73194E-028  1.05610E-030  1.13615E-027  4.55439E-019  5.22308E-018  1.43808E-026  1.28477E-028  2.25395E-021  5.05750E-021  7.35197E-019  9.00768E-021  2.63347E-031  8.89889E-032  3.62823E-015  9.83453E-034  1.47241E-027  1.17988E-030  1.83272E-023  4.14209E-032  1.39893E-023  2.44582E-024  6.79257E-013  1.00000E-040  1.32454E-014  1.00000E-040  3.14683E-033  1.05758E-017  5.86632E-019  5.29598E-025  2.63597E-014  5.03733E-033  1.00000E-003  1.00000E-005  1.00000E-005  1.00000E-005  1.00000E-005  1.00000E-005  1.00000E-005  1.00000E-005  1.00000E-005  1.00000E-005  1.00000E-005  1.00000E-005  1.00000E-005  1.00000E-005  1.00000E-005  1.00000E-005  
8.95000E+001  1.68228E-006  6.20478E+013  1.96376E+002  4.06996E+005  1.00000E-040  1.00000E-040  1.00000E-040  1.00000E-040  1.00000E-040  1.00000E-040  1.00000E-040  1.00000E-040  1.00000E-040  1.00000E-040  1.00000E-040  1.00000E-040  1.00000E-040  1.00000E-040  3.16868E-027  1.00000E-040  1.38438E-040  9.91013E-006  2.40824E-006  3.99865E-006  2.00091E-009  7.31178E-003  9.92136E-002  8.64022E-006  2.44830E-004  2.20253E-016  1.22036E-012  7.16739E-017  2.95871E-018  1.20483E-016  1.44587E-016  1.23362E-008  1.56900E-017  1.00000E-040  4.60434E-036  5.18301E-036  1.00000E-040  5.64776E-026  1.75023E-022  8.89984E-013  6.14055E-013  7.74678E-026  1.00000E-040  3.34209E-024  6.21880E-020  5.65111E-012  1.02972E-006  8.93203E-001  4.05831E-018  1.10359E-024  5.84397E-021  9.68726E-033  2.61204E-031  1.81133E-023  1.11791E-021  2.14304E-009  3.34092E-019  1.07234E-011  1.65788E-018  8.90739E-010  9.66026E-015  3.99603E-007  1.57116E-015  2.36288E-021  3.95834E-014  1.14786E-013  6.04755E-021  1.00260E-013  1.09949E-032  1.25111E-034  1.00000E-040  2.51072E-036  1.00000E-040  9.60825E-024  1.30966E-019  2.19293E-014  7.01697E-025  1.70590E-024  3.57612E-037  1.00000E-040  2.66341E-030  1.46508E-035  7.22009E-028  1.90736E-028  9.86679E-031  8.74205E-028  3.93442E-019  6.19165E-018  1.29397E-026  1.52191E-028  1.30384E-021  4.15314E-021  6.61098E-019  1.12569E-020  3.51833E-031  1.15978E-031  3.57279E-015  6.09569E-034  1.13330E-027  8.13218E-031  1.58934E-023  1.74816E-032  8.18455E-024  1.26953E-024  9.21164E-013  1.00000E-040  1.29954E-014  1.00000E-040  2.28069E-033  9.47216E-018  1.86431E-017  3.59993E-025  2.31541E-014  4.09222E-033  1.00000E-003  1.00000E-005  1.00000E-005  1.00000E-005  1.00000E-005  1.00000E-005  1.00000E-005  1.00000E-005  1.00000E-005  1.00000E-005  1.00000E-005  1.00000E-005  1.00000E-005  1.00000E-005  1.00000E-005  1.00000E-005  
9.05000E+001  1.42603E-006  5.27702E+013  1.95730E+002  4.06996E+005  1.00000E-040  1.00000E-040  1.00000E-040  1.00000E-040  1.00000E-040  1.00000E-040  1.00000E-040  1.00000E-040  1.00000E-040  1.00000E-040  1.00000E-040  1.00000E-040  1.00000E-040  1.00000E-040  3.09937E-027  1.00000E-040  1.44954E-040  1.05325E-005  2.43826E-006  3.41622E-006  1.61524E-009  9.32453E-003  9.77318E-002  9.93943E-006  2.39230E-004  2.20023E-016  1.10991E-012  1.73034E-016  3.43153E-018  1.11166E-016  1.31078E-016  1.06517E-008  1.98689E-017  6.23020E-038  1.00000E-040  1.00000E-040  1.00000E-040  2.50212E-026  1.02658E-022  9.46296E-013  5.45396E-013  1.57931E-025  1.00000E-040  3.39601E-024  7.02632E-020  4.74870E-012  1.74425E-006  8.92676E-001  4.87412E-018  1.00930E-024  4.91621E-021  2.12686E-032  3.00722E-031  1.58169E-023  8.83962E-022  1.79585E-009  3.58654E-019  7.50276E-012  1.65492E-018  8.06425E-010  3.69882E-015  3.94455E-007  1.12239E-015  1.44573E-021  3.29120E-014  9.61370E-014  2.43258E-021  6.92527E-014  9.61015E-033  1.22583E-034  1.00000E-040  1.41419E-036  1.00000E-040  9.37109E-024  1.05958E-019  1.83062E-014  6.05567E-025  1.32812E-024  2.53058E-037  1.00000E-040  2.36454E-030  1.08942E-035  6.36211E-028  2.09697E-028  9.25631E-031  6.67995E-028  3.44577E-019  7.17013E-018  1.15721E-026  1.78325E-028  7.71230E-022  3.46957E-021  6.27807E-019  1.34758E-020  4.47070E-031  1.47307E-031  3.51019E-015  3.77310E-034  8.66207E-028  5.75386E-031  1.39549E-023  7.55392E-033  4.93061E-024  6.51086E-025  1.29049E-012  1.00000E-040  1.27206E-014  1.00000E-040  1.65869E-033  8.30950E-018  3.48783E-016  2.46314E-025  2.01953E-014  3.31704E-033  1.00000E-003  1.00000E-005  1.00000E-005  1.00000E-005  1.00000E-005  1.00000E-005  1.00000E-005  1.00000E-005  1.00000E-005  1.00000E-005  1.00000E-005  1.00000E-005  1.00000E-005  1.00000E-005  1.00000E-005  1.00000E-005  
9.15000E+001  1.20885E-006  4.47498E+013  1.95658E+002  4.06996E+005  1.00000E-040  1.00000E-040  1.00000E-040  1.00000E-040  1.00000E-040  1.00000E-040  1.00000E-040  1.00000E-040  1.00000E-040  1.00000E-040  1.00000E-040  1.00000E-040  1.00000E-040  1.00000E-040  3.05541E-027  1.00000E-040  1.52563E-040  1.10720E-005  2.46380E-006  2.90455E-006  1.28086E-009  1.16145E-002  9.60646E-002  1.13165E-005  2.33051E-004  2.17020E-016  1.00205E-012  3.79779E-016  3.91546E-018  1.02839E-016  1.19807E-016  9.17081E-009  2.49979E-017  1.00000E-040  1.00000E-040  1.00000E-040  1.00000E-040  1.10155E-026  6.12717E-023  9.93356E-013  4.74099E-013  2.92541E-025  1.00000E-040  3.37283E-024  7.99536E-020  4.05977E-012  2.77371E-006  8.92057E-001  5.56069E-018  9.77333E-025  4.19734E-021  4.27621E-032  3.38070E-031  1.35875E-023  6.97760E-022  1.51810E-009  1.48465E-018  5.27992E-012  1.67594E-018  7.27140E-010  1.43314E-015  3.75492E-007  8.05137E-016  8.81389E-022  2.65249E-014  8.03811E-014  9.85010E-022  4.69167E-014  8.43340E-033  1.27082E-034  1.00000E-040  7.56777E-037  1.00000E-040  9.10695E-024  8.51111E-020  1.52384E-014  5.23096E-025  1.06033E-024  1.71951E-037  1.00000E-040  2.07716E-030  4.98338E-036  5.43109E-028  2.32178E-028  8.77376E-031  5.32165E-028  3.09542E-019  8.17865E-018  1.02336E-026  2.16811E-028  4.60766E-022  2.94726E-021  6.32320E-019  1.58171E-020  5.78995E-031  1.82613E-031  3.43995E-015  2.18774E-034  6.90157E-028  4.29163E-031  1.23797E-023  3.22520E-033  3.02092E-024  3.19574E-025  1.87860E-012  1.00000E-040  1.24194E-014  1.00000E-040  1.20327E-033  7.14282E-018  4.16201E-015  1.79050E-025  1.75129E-014  2.69221E-033  1.00000E-003  1.00000E-005  1.00000E-005  1.00000E-005  1.00000E-005  1.00000E-005  1.00000E-005  1.00000E-005  1.00000E-005  1.00000E-005  1.00000E-005  1.00000E-005  1.00000E-005  1.00000E-005  1.00000E-005  1.00000E-005  
9.25000E+001  1.02509E-006  3.79431E+013  1.95679E+002  4.06996E+005  1.00000E-040  1.00000E-040  1.00000E-040  1.00000E-040  1.00000E-040  1.00000E-040  1.00000E-040  1.00000E-040  1.00000E-040  1.00000E-040  1.00000E-040  1.00000E-040  1.00000E-040  1.00000E-040  3.02497E-027  1.00000E-040  1.61437E-040  1.15355E-005  2.48524E-006  2.46280E-006  1.00867E-009  1.41686E-002  9.42233E-002  1.27497E-005  2.26300E-004  2.11976E-016  9.10655E-013  7.66086E-016  4.40367E-018  9.54594E-017  1.10195E-016  7.89417E-009  3.11323E-017  3.80274E-036  5.46204E-036  1.42942E-035  1.00000E-040  4.92101E-027  3.72251E-023  1.02894E-012  4.04103E-013  5.00855E-025  1.00000E-040  3.29100E-024  9.27046E-020  3.58547E-012  4.18284E-006  8.91348E-001  6.15803E-018  9.53062E-025  3.63038E-021  7.95268E-032  3.75909E-031  1.16542E-023  5.53665E-022  1.29344E-009  7.80007E-018  3.75038E-012  1.69274E-018  6.53608E-010  5.64235E-016  3.49544E-007  5.81802E-016  5.40639E-022  2.07904E-014  6.70158E-014  4.01432E-022  3.12473E-014  7.43086E-033  1.38590E-034  1.00000E-040  3.95639E-037  1.00000E-040  8.81525E-024  6.80000E-020  1.26724E-014  4.50752E-025  8.47023E-025  1.15530E-037  1.00000E-040  1.80693E-030  2.36567E-036  4.56152E-028  2.57626E-028  8.43071E-031  4.25330E-028  2.88534E-019  9.19227E-018  9.00520E-027  2.59067E-028  2.79867E-022  2.53617E-021  6.77219E-019  1.85360E-020  7.72504E-031  2.19720E-031  3.36176E-015  1.25179E-034  5.51669E-028  3.28376E-031  1.10790E-023  1.40037E-033  1.89425E-024  1.54064E-025  2.84917E-012  1.00000E-040  1.20910E-014  4.62986E-039  8.70109E-034  6.04528E-018  3.37964E-014  1.32318E-025  1.51238E-014  2.20578E-033  1.00000E-003  1.00000E-005  1.00000E-005  1.00000E-005  1.00000E-005  1.00000E-005  1.00000E-005  1.00000E-005  1.00000E-005  1.00000E-005  1.00000E-005  1.00000E-005  1.00000E-005  1.00000E-005  1.00000E-005  1.00000E-005  
9.35000E+001  8.69584E-007  3.21838E+013  1.95700E+002  4.06996E+005  1.00000E-040  1.00000E-040  1.00000E-040  1.00000E-040  1.00000E-040  1.00000E-040  1.00000E-040  1.00000E-040  1.00000E-040  1.00000E-040  1.00000E-040  1.00000E-040  1.00000E-040  1.00000E-040  3.00260E-027  1.00000E-040  1.71776E-040  1.19321E-005  2.50319E-006  2.08881E-006  7.90017E-010  1.69610E-002  9.22284E-002  1.42065E-005  2.19008E-004  2.06384E-016  8.37431E-013  1.43736E-015  4.90772E-018  8.92590E-017  1.02306E-016  6.81801E-009  3.83906E-017  2.32776E-036  3.34685E-036  8.73507E-036  1.00000E-040  2.24356E-027  2.30212E-023  1.05306E-012  3.37071E-013  8.03065E-025  1.00000E-040  3.13412E-024  1.11650E-019  3.33212E-012  6.03182E-006  8.90554E-001  6.90504E-018  9.26721E-025  3.22989E-021  1.38912E-031  4.16068E-031  1.00320E-023  4.45113E-022  1.11118E-009  3.22215E-017  2.69067E-012  1.72928E-018  5.86480E-010  2.26405E-016  3.19020E-007  4.24004E-016  3.34492E-022  1.59104E-014  5.56154E-014  1.64862E-022  2.05244E-014  6.57607E-033  1.60614E-034  1.00000E-040  2.02840E-037  1.00000E-040  8.49620E-024  5.41601E-020  1.05571E-014  3.88265E-025  6.74934E-025  7.72626E-038  1.00000E-040  1.56929E-030  1.25971E-036  3.78383E-028  2.87208E-028  8.27918E-031  3.39059E-028  2.84103E-019  1.02289E-017  7.91785E-027  3.01946E-028  1.73036E-022  2.21221E-021  7.66965E-019  2.28599E-020  1.14046E-030  2.56263E-031  3.27546E-015  7.15192E-035  4.39867E-028  2.56033E-031  9.98604E-024  6.24593E-034  1.21966E-024  7.31374E-026  4.46961E-012  1.00000E-040  1.17352E-014  3.18208E-039  6.31900E-034  5.06005E-018  1.98583E-013  9.87467E-026  1.30361E-014  1.84275E-033  1.00000E-003  1.00000E-005  1.00000E-005  1.00000E-005  1.00000E-005  1.00000E-005  1.00000E-005  1.00000E-005  1.00000E-005  1.00000E-005  1.00000E-005  1.00000E-005  1.00000E-005  1.00000E-005  1.00000E-005  1.00000E-005  
9.45000E+001  7.38501E-007  2.70582E+013  1.97683E+002  4.06996E+005  1.00000E-040  1.00000E-040  1.00000E-040  1.00000E-040  1.00000E-040  1.00000E-040  1.00000E-040  1.00000E-040  1.00000E-040  1.00000E-040  1.00000E-040  1.00000E-040  1.00000E-040  1.00000E-040  3.01008E-027  1.00000E-040  1.83798E-040  1.22688E-005  2.51786E-006  1.77858E-006  5.88637E-010  1.99594E-002  9.01059E-002  1.56481E-005  2.11220E-004  2.04153E-016  7.36542E-013  2.55802E-015  5.50358E-018  8.51748E-017  9.74909E-017  5.93272E-009  4.75135E-017  1.00000E-040  1.00000E-040  1.00000E-040  1.00000E-040  9.29920E-028  1.43063E-023  1.06900E-012  2.71218E-013  1.18577E-024  1.00000E-040  2.79746E-024  1.45001E-019  3.31453E-012  8.37969E-006  8.89683E-001  8.47208E-018  1.09989E-024  3.13232E-021  2.35586E-031  4.38608E-031  8.19903E-024  3.61452E-022  1.03332E-009  1.04827E-016  1.91995E-012  1.96790E-018  5.26120E-010  9.10709E-017  2.71638E-007  3.29750E-016  2.15602E-022  1.19322E-014  4.57646E-014  6.81716E-023  1.33360E-014  5.84626E-033  2.01939E-034  1.00000E-040  9.08875E-038  1.00000E-040  8.15052E-024  4.30808E-020  8.83867E-015  3.37473E-025  5.97820E-025  4.61799E-038  1.00000E-040  1.34600E-030  6.19460E-037  2.92252E-028  3.29879E-028  8.40075E-031  3.17776E-028  3.03067E-019  1.15046E-017  6.85437E-027  4.22301E-028  1.04821E-022  1.97785E-021  9.19773E-019  3.25617E-020  2.04586E-030  2.91542E-031  3.18099E-015  3.32336E-035  4.12220E-028  2.24542E-031  9.04665E-024  2.58188E-034  7.84888E-025  3.08597E-026  7.24484E-012  1.00000E-040  1.13519E-014  1.00000E-040  4.53903E-034  4.19528E-018  8.93852E-013  8.95027E-026  1.12444E-014  1.58195E-033  1.00000E-003  1.00000E-005  1.00000E-005  1.00000E-005  1.00000E-005  1.00000E-005  1.00000E-005  1.00000E-005  1.00000E-005  1.00000E-005  1.00000E-005  1.00000E-005  1.00000E-005  1.00000E-005  1.00000E-005  1.00000E-005  
9.55000E+001  6.28419E-007  2.27962E+013  1.99666E+002  4.06996E+005  1.00000E-040  1.00000E-040  1.00000E-040  1.00000E-040  1.00000E-040  1.00000E-040  1.00000E-040  1.00000E-040  1.00000E-040  1.00000E-040  1.00000E-040  1.00000E-040  1.00000E-040  1.00000E-040  3.01615E-027  1.00000E-040  1.97713E-040  1.25499E-005  2.52925E-006  1.52784E-006  4.37469E-010  2.31069E-002  8.78991E-002  1.70249E-005  2.03025E-004  2.04074E-016  6.61492E-013  4.31204E-015  6.18750E-018  8.26677E-017  9.46351E-017  5.22789E-009  5.80718E-017  1.00000E-040  1.00000E-040  1.00000E-040  1.00000E-040  3.87659E-028  9.04126E-024  1.07201E-012  2.12992E-013  1.66656E-024  1.00000E-040  2.41426E-024  2.00677E-019  3.55749E-012  1.12850E-005  8.88746E-001  1.25368E-017  1.29604E-024  3.20266E-021  3.85658E-031  4.65206E-031  6.77869E-024  3.02966E-022  1.00546E-009  2.76707E-016  1.38609E-012  2.29409E-018  4.72827E-010  3.68801E-017  2.27685E-007  2.68845E-016  1.45990E-022  8.82003E-015  3.73892E-014  2.85686E-023  8.60607E-015  5.23059E-033  2.63048E-034  1.00000E-040  3.96035E-038  1.00000E-040  7.78089E-024  3.43778E-020  7.46836E-015  2.95159E-025  5.30433E-025  2.74584E-038  1.00000E-040  1.14653E-030  3.05304E-037  2.23509E-028  3.82585E-028  8.83752E-031  2.97950E-028  3.49743E-019  1.29532E-017  5.98663E-027  5.78120E-028  6.46074E-023  1.80119E-021  1.15882E-018  5.24807E-020  3.99283E-030  3.22526E-031  3.07883E-015  1.56410E-035  3.86545E-028  1.99772E-031  8.23840E-024  1.11973E-034  5.23448E-025  1.28667E-026  1.19864E-011  1.00000E-040  1.09440E-014  1.00000E-040  3.22394E-034  3.48344E-018  3.18047E-012  8.20723E-026  9.73878E-015  1.41169E-033  1.00000E-003  1.00000E-005  1.00000E-005  1.00000E-005  1.00000E-005  1.00000E-005  1.00000E-005  1.00000E-005  1.00000E-005  1.00000E-005  1.00000E-005  1.00000E-005  1.00000E-005  1.00000E-005  1.00000E-005  1.00000E-005  
9.65000E+001  5.35822E-007  1.92167E+013  2.01957E+002  4.06996E+005  1.00000E-040  1.00000E-040  1.00000E-040  1.00000E-040  1.00000E-040  1.00000E-040  1.00000E-040  1.00000E-040  1.00000E-040  1.00000E-040  1.00000E-040  1.00000E-040  1.00000E-040  1.00000E-040  3.01973E-027  1.00000E-040  2.13767E-040  1.27814E-005  2.53787E-006  1.33359E-006  3.22330E-010  2.63220E-002  8.56671E-002  1.82753E-005  1.94539E-004  2.08788E-016  6.06983E-013  6.95826E-015  7.05013E-018  8.24648E-017  9.46569E-017  4.69661E-009  7.02159E-017  3.59626E-036  1.19367E-035  2.71316E-035  1.00000E-040  1.62127E-028  5.80659E-024  1.06282E-012  1.63019E-013  2.24166E-024  1.00000E-040  1.99731E-024  2.95754E-019  4.09786E-012  1.47936E-005  8.87766E-001  2.19702E-017  1.56284E-024  3.49424E-021  6.22481E-031  4.99524E-031  5.68047E-024  2.65855E-022  1.03937E-009  6.23088E-016  1.01117E-012  2.81607E-018  4.26875E-010  1.50394E-017  1.86427E-007  2.32764E-016  1.04798E-022  6.48059E-015  3.03952E-014  1.22434E-023  5.55633E-015  4.72158E-033  3.45646E-034  1.00000E-040  1.66913E-038  1.00000E-040  7.39093E-024  2.77163E-020  6.40754E-015  2.62056E-025  4.82429E-025  1.64319E-038  1.00000E-040  9.74202E-031  1.49613E-037  1.67773E-028  4.53241E-028  9.81001E-031  2.88382E-028  4.35805E-019  1.47663E-017  5.30316E-027  8.01619E-028  4.03351E-023  1.68704E-021  1.54583E-018  9.14771E-020  8.14590E-030  3.46246E-031  2.96966E-015  7.30776E-036  3.74243E-028  1.83217E-031  7.54333E-024  5.09115E-035  3.63713E-025  5.22940E-027  2.02672E-011  1.00000E-040  1.05154E-014  1.43340E-039  2.27283E-034  2.91916E-018  9.34701E-012  7.86603E-026  8.50897E-015  1.31350E-033  1.00000E-003  1.00000E-005  1.00000E-005  1.00000E-005  1.00000E-005  1.00000E-005  1.00000E-005  1.00000E-005  1.00000E-005  1.00000E-005  1.00000E-005  1.00000E-005  1.00000E-005  1.00000E-005  1.00000E-005  1.00000E-005  
9.75000E+001  4.58301E-007  1.60071E+013  2.07374E+002  4.06996E+005  1.00000E-040  1.00000E-040  1.00000E-040  1.00000E-040  1.00000E-040  1.00000E-040  1.00000E-040  1.00000E-040  1.00000E-040  1.00000E-040  1.00000E-040  1.00000E-040  1.00000E-040  1.00000E-040  3.04812E-027  1.00000E-040  2.32175E-040  1.29616E-005  2.54335E-006  1.19334E-006  2.22424E-010  2.94977E-002  8.34840E-002  1.93322E-005  1.85901E-004  2.25194E-016  5.33476E-013  1.09477E-014  8.32351E-018  8.64081E-017  1.00570E-016  4.33330E-009  8.52037E-017  1.00000E-040  1.39577E-037  1.00000E-040  1.00000E-040  5.82850E-029  3.72522E-024  1.04383E-012  1.20126E-013  2.80156E-024  1.00000E-040  1.49424E-024  4.68956E-019  4.98572E-012  1.89424E-005  8.86777E-001  4.19392E-017  2.51007E-024  4.20551E-021  1.03178E-030  5.18411E-031  4.53413E-024  2.44562E-022  1.36997E-009  1.28127E-015  7.30575E-013  3.95673E-018  3.88350E-010  6.05127E-018  1.39585E-007  2.51667E-016  9.07492E-023  4.79027E-015  2.46734E-014  5.45950E-024  3.63201E-015  4.31321E-033  4.46126E-034  1.00000E-040  5.98231E-039  1.00000E-040  6.98524E-024  2.28009E-020  5.62244E-015  2.42432E-025  5.22372E-025  8.68124E-039  1.00000E-040  8.31486E-031  6.32027E-038  1.13604E-028  5.68330E-028  1.17378E-030  3.60053E-028  5.85034E-019  1.75495E-017  4.68672E-027  1.47186E-027  2.42626E-023  1.66441E-021  2.25964E-018  1.67780E-019  1.66384E-029  3.61377E-031  2.85451E-015  2.61946E-036  4.67194E-028  1.97764E-031  6.94686E-024  2.13687E-035  2.56535E-025  1.82414E-027  3.59710E-011  1.00000E-040  1.00709E-014  2.82488E-040  1.53939E-034  2.47788E-018  2.40712E-011  1.00489E-025  7.54073E-015  1.26300E-033  1.00000E-003  1.00000E-005  1.00000E-005  1.00000E-005  1.00000E-005  1.00000E-005  1.00000E-005  1.00000E-005  1.00000E-005  1.00000E-005  1.00000E-005  1.00000E-005  1.00000E-005  1.00000E-005  1.00000E-005  1.00000E-005  
9.85000E+001  3.93647E-007  1.33990E+013  2.12790E+002  4.06996E+005  1.00000E-040  1.00000E-040  1.00000E-040  1.00000E-040  1.00000E-040  1.00000E-040  1.00000E-040  1.00000E-040  1.00000E-040  1.00000E-040  1.00000E-040  1.00000E-040  1.00000E-040  1.00000E-040  3.04262E-027  1.00000E-040  2.53087E-040  1.30847E-005  2.54517E-006  1.10587E-006  1.54766E-010  3.24669E-002  8.14600E-002  2.01218E-005  1.77307E-004  2.54623E-016  5.00738E-013  1.69482E-014  1.01180E-017  9.47484E-017  1.12803E-016  4.13610E-009  1.01522E-016  1.00000E-040  1.00000E-040  1.00000E-040  1.00000E-040  2.12577E-029  2.45184E-024  1.01290E-012  8.79493E-014  3.48321E-024  1.00000E-040  1.08472E-024  7.60702E-019  6.27419E-012  2.37780E-005  8.85835E-001  1.17559E-016  3.91711E-024  5.08376E-021  1.76412E-030  5.79021E-031  3.86791E-024  2.44333E-022  1.91150E-009  3.70803E-015  5.38117E-013  5.40875E-018  3.57337E-010  2.49350E-018  1.03593E-007  2.89359E-016  8.40557E-023  3.63204E-015  2.04102E-014  2.62148E-024  2.45776E-015  4.00648E-033  5.40998E-034  2.06032E-039  2.09474E-039  1.00000E-040  6.57117E-024  1.95032E-020  5.08785E-015  2.34540E-025  5.80710E-025  4.93546E-039  1.00000E-040  7.19582E-031  2.70271E-038  7.66947E-029  7.35914E-028  1.54172E-030  4.58051E-028  8.20326E-019  2.14125E-017  4.30304E-027  2.62109E-027  1.50225E-023  1.73215E-021  3.67440E-018  4.34727E-019  3.00258E-029  3.67151E-031  2.73518E-015  1.02830E-036  5.94452E-028  2.15392E-031  6.45372E-024  1.00584E-035  1.96128E-025  6.52610E-028  6.74310E-011  1.00000E-040  9.62083E-015  1.00000E-040  1.03262E-034  2.16585E-018  8.27337E-011  1.29693E-025  6.82137E-015  1.24377E-033  1.00000E-003  1.00000E-005  1.00000E-005  1.00000E-005  1.00000E-005  1.00000E-005  1.00000E-005  1.00000E-005  1.00000E-005  1.00000E-005  1.00000E-005  1.00000E-005  1.00000E-005  1.00000E-005  1.00000E-005  1.00000E-005  
9.95000E+001  3.39431E-007  1.12580E+013  2.18377E+002  4.06996E+005  1.00000E-040  1.00000E-040  1.00000E-040  1.00000E-040  1.00000E-040  1.00000E-040  1.00000E-040  1.00000E-040  1.00000E-040  1.00000E-040  1.00000E-040  1.00000E-040  1.00000E-040  1.00000E-040  2.91842E-027  1.00000E-040  2.76735E-040  1.31488E-005  2.54423E-006  1.07283E-006  1.09733E-010  3.49463E-002  7.97707E-002  2.05648E-005  1.68955E-004  3.11292E-016  5.18649E-013  3.91359E-014  1.30559E-017  1.10796E-016  1.38491E-016  4.11031E-009  1.18644E-016  6.06236E-038  1.41555E-037  3.45088E-037  1.00000E-040  8.46725E-030  1.66806E-024  9.70326E-013  6.72425E-014  6.53318E-024  1.00000E-040  8.10117E-025  1.24105E-018  7.96192E-012  2.92136E-005  8.85047E-001  1.93145E-015  6.05334E-024  5.87363E-021  4.88344E-030  7.47183E-031  3.67914E-024  2.75737E-022  2.91416E-009  6.21232E-014  4.06090E-013  6.72708E-018  3.33922E-010  1.25108E-018  7.60406E-008  3.64589E-016  8.56143E-023  2.89880E-015  1.77353E-014  1.52691E-024  1.78772E-015  3.80355E-033  6.03875E-034  1.76123E-037  8.02854E-040  1.00000E-040  6.15566E-024  1.77726E-020  4.79030E-015  2.42406E-025  6.84349E-025  3.38152E-039  1.00000E-040  6.39482E-031  1.18814E-038  5.13563E-029  9.96001E-028  2.35419E-030  6.16426E-028  1.18806E-018  2.72208E-017  4.23358E-027  4.62655E-027  9.62682E-024  1.96718E-021  7.13741E-018  6.61554E-018  4.42934E-029  3.61440E-031  2.61351E-015  4.61991E-037  7.99607E-028  2.40377E-031  6.06563E-024  5.60487E-036  1.68988E-025  2.54408E-028  1.41842E-010  1.00000E-040  9.17585E-015  1.00000E-040  6.98435E-035  1.97499E-018  1.53803E-009  1.73531E-025  6.34164E-015  1.22342E-033  1.00000E-003  1.00000E-005  1.00000E-005  1.00000E-005  1.00000E-005  1.00000E-005  1.00000E-005  1.00000E-005  1.00000E-005  1.00000E-005  1.00000E-005  1.00000E-005  1.00000E-005  1.00000E-005  1.00000E-005  1.00000E-005  
