   1      H2O      +  O1D       =    OH       +  OH                  
   2      H2       +  O1D       =    OH       +  H                   
   3      H2       +  O         =    OH       +  H                   
   4      H2       +  OH        =    H2O      +  H                   
   5      H        +  O3        =    OH       +  O2                  
   6      H        +  O2        =    HO2      +                      
   7      H        +  HO2       =    H2       +  O2                  
   8      H        +  HO2       =    H2O      +  O                   
   9      H        +  HO2       =    OH       +  OH                  
  10      OH       +  O         =    H        +  O2                  
  11      OH       +  HO2       =    H2O      +  O2                  
  12      OH       +  O3        =    HO2      +  O2                  
  13      OH       +  H2O2      =    HO2      +  H2O                 
  14      HO2      +  O         =    OH       +  O2                  
  15      HO2      +  O3        =    OH       +  O2          O2      
  16      HO2      +  HO2       =    H2O2     +  O2                  
  17      O        +  O         =    O2       +                      
  18      O        +  O2        =    O3       +                      
  19      O        +  O3        =    O2       +  O2                  
  20      O1D      +  O3        =    O2       +  O2                  
  21      O1D      +  O3        =    O        +  O           O2      
  22      OH       +  OH        =    H2O      +  O                   
  23      O1D      +  N2        =    O        +  N2                  
  24      O1D      +  O2        =    O        +  O2                  
  25      O2       +  HV        =    O        +  O                   
  26      O3       +  HV        =    O2       +  O                   
  27      O3       +  O3        =    O2       +  O2          O2      
  28      H        +  CO        =    HCO      +                      
  29      H        +  HCO       =    H2       +  CO                  
  30      HCO      +  HCO       =    H2CO     +  CO                  
  31      OH       +  HCO       =    H2O      +  CO                  
  32      O        +  HCO       =    H        +  CO2                 
  33      O        +  HCO       =    OH       +  CO                  
  34      CO       +  OH        =    CO2      +  H                   
  35      CO       +  O         =    CO2      +                      
  36      CO2      +  H         =    CO       +  OH                  
  37      HCO      +  HV        =    H        +  CO                  
  38      H2CO     +  H         =    H2       +  HCO                 
  39      H        +  H         =    H2       +                      
  40      HCO      +  O2        =    HO2      +  CO                  
  41      CH2OH    +  O2        =    H2CO     +  HO2                 
  42      CH3O     +  O2        =    H2CO     +  HO2                 
  43      H2CO     +  OH        =    H2O      +  HCO                 
  44      H        +  OH        =    H2O      +                      
  45      OH       +  OH        =    H2O2     +                      
  46      H2CO     +  O         =    HCO      +  OH                  
  47      H2O2     +  O         =    OH       +  HO2                 
  48      CH4      +  OH        =    CH3      +  H2O                 
  49      CH4      +  O1D       =    CH3      +  OH                  
  50      CH4      +  O1D       =    CH3O     +  H                   
  51      CH4      +  O1D       =    CH2OH    +  H                   
  52      CH4      +  O1D       =    H2CO     +  H2                  
  53      CH21     +  CH4       =    CH3      +  CH3                 
  54      CH21     +  O2        =    HCO      +  OH                  
  55      CH21     +  N2        =    CH23     +  N2                  
  56      CH23     +  H2        =    CH3      +  H                   
  57      CH23     +  CH4       =    CH3      +  CH3                 
  58      CH23     +  O2        =    HCO      +  OH                  
  59      CH3      +  O2        =    H2CO     +  OH                  
  60      CH3      +  O         =    H2CO     +  H                   
  61      CH3      +  CH3       =    C2H6     +                      
  62      CH3      +  H         =    CH4      +                      
  63      CH3      +  HCO       =    CH4      +  CO                  
  64      CH3      +  HNO       =    CH4      +  NO                  
  65      CH3      +  H2CO      =    CH4      +  HCO                 
  66      CH3      +  O2        =    CH3O2    +                      
  67      CH3O2    +  NO        =    CH3O     +  NO2                 
  68      CH3O2    +  HO2       =    CH3OOH   +  O2                  
  69      CH3OOH   +  OH        =    CH3O2    +  H2O                 
  70      CH3OOH   +  OH        =    H2O      +  H2CO        OH      
  71      H        +  NO        =    HNO      +                      
  72      N        +  N         =    N2       +                      
  73      N        +  O2        =    NO       +  O                   
  74      N        +  O3        =    NO       +  O2                  
  75      N        +  OH        =    NO       +  H                   
  76      N        +  NO        =    N2       +  O                   
  77      NO       +  O3        =    NO2      +  O2                  
  78      NO       +  O         =    NO2      +                      
  79      NO       +  HO2       =    NO2      +  OH                  
  80      NO       +  OH        =    HNO2     +                      
  81      NO2      +  O         =    NO       +  O2                  
  82      NO2      +  OH        =    HNO3     +                      
  83      NO2      +  H         =    NO       +  OH                  
  84      HNO3     +  OH        =    H2O      +  NO3                 
  85      HCO      +  NO        =    HNO      +  CO                  
  86      HNO      +  HV        =    NO       +  H                   
  87      H        +  HNO       =    H2       +  NO                  
  88      O        +  HNO       =    OH       +  NO                  
  89      OH       +  HNO       =    H2O      +  NO                  
  90      HNO2     +  OH        =    H2O      +  NO2                 
  91      CH4      +  O         =    CH3      +  OH                  
  92      CH21     +  H2        =    CH3      +  H                   
  93      CH21     +  CO2       =    H2CO     +  CO                  
  94      CH23     +  O         =    HCO      +  H                   
  95      CH23     +  CO2       =    H2CO     +  CO                  
  96      C2H6     +  OH        =    C2H5     +  H2O                 
  97      C2H6     +  O         =    C2H5     +  OH                  
  98      C2H6     +  O1D       =    C2H5     +  OH                  
  99      C2H5     +  H         =    CH3      +  CH3                 
 100      C2H5     +  O         =    CH3      +  HCO         H       
 101      C2H5     +  OH        =    CH3      +  HCO         H2      
 102      C2H5     +  HCO       =    C2H6     +  CO                  
 103      C2H5     +  HNO       =    C2H6     +  NO                  
 104      C2H5     +  O2        =    CH3      +  HCO         OH      
 105      SO2      +  O1D       =    SO2      +  O                   
 106      SO2      +  O1D       =    SO       +  O2                  
 107      SO       +  O2        =    O        +  SO2                 
 108      SO       +  HO2       =    SO2      +  OH                  
 109      SO       +  O         =    SO2      +                      
 110      SO       +  OH        =    SO2      +  H                   
 111      SO2      +  OH        =    HSO3     +                      
 112      SO2      +  O         =    SO3      +                      
 113      SO3      +  H2O       =    H2SO4    +                      
 114      H2SO4    +  H2O       =    SO3      +  H2O         H2O     
 115      SO3      +  O         =    SO2      +  O2                  
 116      HSO3     +  O2        =    HO2      +  SO3                 
 117      HSO3     +  OH        =    H2O      +  SO3                 
 118      HSO3     +  H         =    H2       +  SO3                 
 119      HSO3     +  O         =    OH       +  SO3                 
 120      H2S      +  OH        =    H2O      +  HS                  
 121      H2S      +  H         =    H2       +  HS                  
 122      H2S      +  O         =    OH       +  HS                  
 123      HS       +  O         =    H        +  SO                  
 124      HS       +  O2        =    OH       +  SO                  
 125      HS       +  HO2       =    H2S      +  O2                  
 126      HS       +  HS        =    H2S      +  S                   
 127      HS       +  HCO       =    H2S      +  CO                  
 128      HS       +  H         =    H2       +  S                   
 129      HS       +  S         =    H        +  S2                  
 130      S        +  O2        =    SO       +  O                   
 131      S        +  OH        =    SO       +  H                   
 132      S        +  HCO       =    HS       +  CO                  
 133      S        +  HO2       =    HS       +  O2                  
 134      S        +  HO2       =    SO       +  OH                  
 135      S        +  S         =    S2       +                      
 136      S2       +  O         =    S        +  SO                  
 137      HS       +  H2CO      =    H2S      +  HCO                 
 138      S2       +  HV        =    S2       +                      
 139      S        +  S2        =    S3       +                      
 140      S2       +  S2        =    S4       +                      
 141      S        +  S3        =    S4       +                      
 142      S4       +  S4        =    S8       +                      
 143      SO21     +  M         =    SO23     +  M                   
 144      SO21     +  M         =    SO2      +  M                   
 145      SO21     +  HV        =    SO23     +  HV                  
 146      SO21     +  HV        =    SO2      +  HV                  
 147      SO21     +  O2        =    SO3      +  O                   
 148      SO21     +  SO2       =    SO3      +  SO                  
 149      SO23     +  M         =    SO2      +  M                   
 150      SO23     +  HV        =    SO2      +  HV                  
 151      SO23     +  SO2       =    SO3      +  SO                  
 152      SO       +  NO2       =    SO2      +  NO                  
 153      SO       +  O3        =    SO2      +  O2                  
 154      SO2      +  HO2       =    SO3      +  OH                  
 155      HS       +  O3        =    HSO      +  O2                  
 156      HS       +  HO2       =    HSO      +  OH                  
 157      HS       +  NO2       =    HSO      +  NO                  
 158      S        +  O3        =    SO       +  O2                  
 159      SO       +  SO        =    SO2      +  S                   
 160      SO3      +  SO        =    SO2      +  SO2                 
 161      S        +  CO2       =    SO       +  CO                  
 162      SO       +  HCO       =    HSO      +  CO                  
 163      H        +  SO        =    HSO      +                      
 164      HSO      +  NO        =    HNO      +  SO                  
 165      HSO      +  OH        =    H2O      +  SO                  
 166      HSO      +  H         =    HS       +  OH                  
 167      HSO      +  H         =    H2       +  SO                  
 168      HSO      +  HS        =    H2S      +  SO                  
 169      HSO      +  O         =    OH       +  SO                  
 170      HSO      +  O3        =    HS       +  O2          O2      
 171      HSO      +  S         =    HS       +  SO                  
 172      H        +  OCS       =    CO       +  HS                  
 173      HS       +  CO        =    OCS      +  H                   
 174      O        +  OCS       =    CO       +  SO                  
 175      O        +  OCS       =    S        +  CO2                 
 176      OCS      +  S         =    CO       +  S2                  
 177      OCS      +  OH        =    CO2      +  HS                  
 178      S        +  HCO       =    OCS      +  H                   
 179      S        +  CO        =    OCS      +                      
 180      CO       +  O1D       =    CO       +  O                   
 181      CO       +  O1D       =    CO2      +                      
 182      CO2      +  O1D       =    CO2      +  O                   
 183      H2S      +  HO2       =    H2O      +  HSO                 
 184      OCS      +  S         =    OCS2     +                      
 185      OCS2     +  S         =    OCS      +  S2                  
 186      S3       +  O         =    S2       +  SO                  
 187      S4       +  O         =    S3       +  SO                  
 188      OCS2     +  CO        =    OCS      +  OCS                 
 189      O        +  NO3       =    O2       +  NO2                 
 190      HO2      +  NO3       =    OH       +  NO2         O2      
 191      NO       +  NO3       =    NO2      +  NO2                 
 192      O        +  NO2       =    NO3      +                      
 193      OH       +  NO3       =    HO2      +  NO2                 
 194      H        +  N2O       =    N2       +  OH                  
 195      N        +  NO2       =    N2O      +  O                   
 196      O1D      +  N2        =    N2O      +                      
 197      O1D      +  N2O       =    N2       +  O2                  
 198      O1D      +  N2O       =    NO       +  NO                  
 199      N        +  HO2       =    NO       +  OH                  
 200      O        +  N2O5      =    NO2      +  NO2         O2      
 201      NO2      +  NO3       =    N2O5     +                      
 202      N2O5     +  M         =    NO3      +  NO2                 
 203      N2O5     +  H2O       =    HNO3     +  HNO3                
 204      NO2      +  NO3       =    NO       +  NO2         O2      
 205      NO2      +  O3        =    NO3      +  O2                  
 206      NO3      +  NO3       =    NO2      +  NO2         O2      
 207      HO2      +  NO2       =    HO2NO2   +                      
 208      O        +  HO2NO2    =    OH       +  NO2         O2      
 209      OH       +  HO2NO2    =    H2O      +  NO2         O2      
 210      HO2NO2   +  M         =    HO2      +  NO2                 
 211      O        +  HNO3      =    OH       +  NO3                 
 212      HO2      +  NO2       =    HNO2     +  O2                  
 213      CS       +  O2        =    OCS      +  O                   
 214      CS       +  O2        =    CO       +  SO                  
 215      CS       +  O3        =    OCS      +  O2                  
 216      CS       +  O3        =    SO       +  CO2                 
 217      CS       +  O3        =    CO       +  SO2                 
 218      CS2      +  O         =    SO       +  CS                  
 219      CS2      +  O         =    OCS      +  S                   
 220      CS2      +  OH        =    OCS      +  HS                  
 221      CS2      +  OH        =    CS2OH    +                      
 222      CS2OH    +  HV        =    CS2      +  OH                  
 223      CS2X     +  M         =    CS2      +  M                   
 224      CS2X     +  O2        =    CS       +  SO2                 
 225      CS2X     +  CS2       =    CS       +  CS          S2      
 226      CS       +  HS        =    CS2      +  H                   
 227      H        +  CS        =    HCS      +                      
 228      H        +  HCS       =    H2       +  CS                  
 229      S        +  HCS       =    H        +  CS2                 
 230      HS       +  CO        =    OCS      +  H                   
 231      CH21     +  S2        =    HCS      +  HS                  
 232      CH23     +  S2        =    HCS      +  HS                  
 233      CH3      +  HCS       =    CH4      +  CS                  
 234      CH23     +  S         =    HCS      +  H                   
 235      HS       +  HCS       =    H2S      +  CS                  
 236      S        +  HCS       =    HS       +  CS                  
 237      CS2      +  O         =    CO       +  S2                  
 238      CS2      +  SO        =    OCS      +  S2                  
 239      OCS      +  H         =    CO       +  HS                  
 240      CS2      +  S         =    CS       +  S2                  
 241      CS       +  O         =    CO       +  S                   
 242      C2H6S    +  OH        =    C2H5S    +  H2O                 
 243      C2H6S    +  OH        =    C2H7SO   +                      
 244      C2H6S    +  NO3       =    C2H5S    +  HNO3                
 245      C2H5S    +  O2        =    C2H5SO2  +                      
 246      C2H5SO2  +  NO        =    C2H5SO   +  NO2                 
 247      C2H5SO   +  HV        =    H2CO     +  CH3S                
 248      CH3S     +  O3        =    CH3SO    +  O2                  
 249      CH3S     +  NO2       =    CH3SO    +  NO                  
 250      CH3SO    +  O3        =    CH3SO2   +  O2                  
 251      CH3SO    +  NO2       =    CH3SO2   +  NO                  
 252      CH3SO2   +  O3        =    CH3SO3   +  O2                  
 253      CH3SO2   +  NO2       =    CH3SO3   +  NO                  
 254      CH3SO2   +  HV        =    CH3      +  SO2                 
 255      CH3SO3   +  HV        =    CH3      +  SO3                 
 256      C2H7SO   +  O2        =    C2H6SO   +  HO2                 
 257      C2H6SO   +  OH        =    CH4SO2   +  CH3                 
 258      CH4SO2   +  OH        =    CH3SO2   +  H2O                 
 259      O2       +  HV        =    O        +  O1D                 
 260      O2       +  HV        =    O        +  O                   
 261      H2O      +  HV        =    H        +  OH                  
 262      H2O      +  HV        =    H2       +  O1D                 
 263      H2O      +  HV        =    H        +  H           O       
 264      O3       +  HV        =    O2       +  O1D                 
 265      O3       +  HV        =    O2       +  O                   
 266      O3       +  HV        =    O        +  O           O       
 267      H2O2     +  HV        =    OH       +  OH                  
 268      CO2      +  HV        =    CO       +  O                   
 269      CO2      +  HV        =    CO       +  O1D                 
 270      H2CO     +  HV        =    H2       +  CO                  
 271      H2CO     +  HV        =    HCO      +  H                   
 272      HO2      +  HV        =    OH       +  O                   
 273      CH4      +  HV        =    CH21     +  H2                  
 274      CH4      +  HV        =    CH3      +  H                   
 275      CH4      +  HV        =    CH23     +  H           H       
 276      CH3      +  HV        =    CH21     +  H                   
 277      C2H6     +  HV        =    CH23     +  CH23        H2      
 278      C2H6     +  HV        =    CH4      +  CH21                
 279      HNO2     +  HV        =    NO       +  OH                  
 280      HNO3     +  HV        =    NO2      +  OH                  
 281      HNO3     +  HV        =    HNO2     +  O                   
 282      HNO3     +  HV        =    HNO2     +  O1D                 
 283      NO       +  HV        =    N        +  O                   
 284      NO2      +  HV        =    NO       +  O1D                 
 285      NO2      +  HV        =    NO       +  O                   
 286      SO       +  HV        =    S        +  O                   
 287      H2S      +  HV        =    HS       +  H                   
 288      SO2      +  HV        =    SO       +  O                   
 289      SO2      +  HV        =    SO21     +                      
 290      SO2      +  HV        =    SO23     +                      
 291      H2SO4    +  HV        =    SO3      +  H2O                 
 292      S2       +  HV        =    S        +  S                   
 293      S4       +  HV        =    S2       +  S2                  
 294      S3       +  HV        =    S2       +  S                   
 295      S8       +  HV        =    S4       +  S4                  
 296      S8       +  HV        =    S4       +  S4                  
 297      S8       +  HV        =    S4       +  S4                  
 298      SO3      +  HV        =    SO2      +  O                   
 299      HSO      +  HV        =    HS       +  O                   
 300      OCS      +  HV        =    CO       +  S                   
 301      NO3      +  HV        =    NO       +  O2                  
 302      NO3      +  HV        =    NO2      +  O                   
 303      N2O      +  HV        =    N2       +  O1D                 
 304      HO2NO2   +  HV        =    HO2      +  NO2                 
 305      HO2NO2   +  HV        =    OH       +  NO3                 
 306      N2O5     +  HV        =    NO3      +  NO2                 
 307      N2O5     +  HV        =    NO3      +  NO          O       
 308      CH3OOH   +  HV        =    CH3O     +  OH                  
 309      CS2      +  HV        =    CS       +  S                   
 310      CS2      +  HV        =    CS2X     +                      


 NQ=61     NZ=200     KJAC=2244800

 PO2= 1.540E-01  PNO= 3.535E-02  ZAPO2= 5.424E+03  ZAPNO = 1.245E+03  PRONO = 1.000E+09  PRONOP = 9.890E+08  ZAPCO = 8.057E+00  ZAPH2 = 1.384E+02
 N= 3     X= 7.02866E-01  ERR= 9.63880E-07

 TIME = 0.00E+00     TIMEY = 0.00E+00 YEARS

 NPHOT =    0

 MIXING RATIOS OF LONG-LIVED SPECIES


     Z        O        O2       H2O      H        OH       HO2      H2O2     H2       CO       HCO      H2CO     CH3O     CH2OH    CH3O2    CH3OOH   CH4      CH3      C2H6    
  2.50E+04 7.90E-17 2.13E-01 1.21E-02 9.18E-21 4.87E-14 1.24E-11 1.19E-09 5.00E-07 2.35E-07 2.11E-22 2.78E-10 1.07E-18 4.18E-27 5.73E-12 8.32E-10 8.08E-07 2.98E-21 3.87E-10
  7.50E+04 8.65E-17 2.10E-01 1.03E-02 9.03E-21 4.74E-14 1.24E-11 1.24E-09 7.80E-07 2.29E-07 2.04E-22 2.58E-10 9.48E-19 4.72E-27 5.60E-12 8.19E-10 1.79E-06 2.70E-21 3.73E-10
  1.25E+05 9.57E-17 2.10E-01 8.72E-03 8.98E-21 4.69E-14 1.22E-11 1.27E-09 7.81E-07 2.24E-07 1.91E-22 2.29E-10 8.84E-19 5.35E-27 5.36E-12 7.91E-10 1.79E-06 2.49E-21 3.61E-10
  1.75E+05 1.08E-16 2.10E-01 7.36E-03 9.18E-21 4.76E-14 1.21E-11 1.28E-09 7.81E-07 2.18E-07 1.80E-22 2.03E-10 8.61E-19 6.11E-27 5.11E-12 7.50E-10 1.79E-06 2.37E-21 3.49E-10
  3.75E+05 1.89E-16 2.10E-01 3.54E-03 1.16E-20 5.80E-14 1.18E-11 1.16E-09 7.81E-07 1.99E-07 1.69E-22 1.40E-10 1.00E-18 1.09E-26 3.82E-12 5.14E-10 1.78E-06 2.28E-21 3.13E-10
  5.75E+05 3.37E-16 2.10E-01 1.24E-03 1.40E-20 6.68E-14 1.04E-11 8.67E-10 7.81E-07 1.84E-07 1.48E-22 9.33E-11 1.13E-18 1.91E-26 2.37E-12 2.92E-10 1.78E-06 2.01E-21 2.91E-10
  7.75E+05 5.68E-16 2.10E-01 3.23E-04 1.27E-20 5.76E-14 7.98E-12 5.71E-10 7.81E-07 1.74E-07 8.91E-23 4.67E-11 8.50E-19 3.19E-26 1.36E-12 1.59E-10 1.78E-06 1.23E-21 2.79E-10
  9.75E+05 9.84E-16 2.10E-01 6.71E-05 1.39E-20 5.90E-14 5.80E-12 3.32E-10 7.81E-07 1.65E-07 6.09E-23 2.48E-11 7.88E-19 5.34E-26 6.43E-13 7.32E-11 1.78E-06 8.68E-22 2.70E-10
  1.18E+06 1.96E-15 2.10E-01 1.54E-05 2.16E-20 8.21E-14 3.69E-12 1.50E-10 7.81E-07 1.55E-07 5.60E-23 1.63E-11 9.22E-19 9.68E-26 2.56E-13 2.30E-11 1.78E-06 9.05E-22 2.61E-10
  1.38E+06 4.34E-15 2.10E-01 5.52E-06 3.06E-20 9.99E-14 2.06E-12 5.26E-11 7.81E-07 1.45E-07 4.82E-23 1.03E-11 9.35E-19 1.84E-25 1.03E-13 5.36E-12 1.77E-06 8.98E-22 2.52E-10
  1.58E+06 1.02E-14 2.10E-01 3.93E-06 4.31E-20 1.18E-13 1.29E-12 1.64E-11 7.80E-07 1.35E-07 4.34E-23 6.75E-12 9.77E-19 3.66E-25 5.06E-14 1.20E-12 1.77E-06 9.00E-22 2.42E-10
  1.78E+06 3.75E-14 2.10E-01 3.55E-06 7.28E-20 1.65E-13 1.02E-12 3.70E-12 7.79E-07 1.17E-07 6.14E-23 6.69E-12 1.41E-18 1.01E-24 4.04E-14 2.75E-13 1.76E-06 1.41E-21 2.23E-10
  1.98E+06 2.14E-13 2.10E-01 3.65E-06 1.15E-19 2.48E-13 1.06E-12 1.49E-12 7.71E-07 8.23E-08 1.22E-22 9.21E-12 2.56E-18 4.10E-24 4.37E-14 1.61E-13 1.71E-06 3.08E-21 1.74E-10
  2.18E+06 9.20E-13 2.10E-01 3.83E-06 1.93E-19 4.25E-13 1.77E-12 2.42E-12 7.57E-07 5.14E-08 2.77E-22 1.40E-11 5.17E-18 1.29E-23 6.29E-14 2.26E-13 1.63E-06 7.70E-21 1.18E-10
  2.38E+06 3.03E-12 2.10E-01 4.03E-06 3.87E-19 8.08E-13 3.36E-12 5.18E-12 7.39E-07 3.32E-08 6.44E-22 2.12E-11 1.07E-17 3.30E-23 9.48E-14 3.58E-13 1.54E-06 2.00E-20 7.41E-11
  2.58E+06 8.71E-12 2.10E-01 4.25E-06 9.39E-19 1.65E-12 6.45E-12 1.08E-11 7.16E-07 2.33E-08 1.53E-21 3.14E-11 2.22E-17 7.62E-23 1.41E-13 5.26E-13 1.43E-06 5.32E-20 4.32E-11
  2.78E+06 2.30E-11 2.10E-01 4.50E-06 2.75E-18 3.47E-12 1.19E-11 2.01E-11 6.90E-07 1.84E-08 3.62E-21 4.49E-11 4.56E-17 1.64E-22 2.05E-13 6.99E-13 1.32E-06 1.41E-19 2.28E-11
  2.98E+06 5.58E-11 2.10E-01 4.77E-06 9.23E-18 7.17E-12 2.02E-11 3.12E-11 6.58E-07 1.62E-08 8.08E-21 5.93E-11 8.92E-17 3.34E-22 2.83E-13 8.11E-13 1.20E-06 3.52E-19 1.08E-11
  3.18E+06 1.30E-10 2.10E-01 5.05E-06 3.51E-17 1.40E-11 3.17E-11 4.19E-11 6.22E-07 1.53E-08 1.67E-20 7.28E-11 1.64E-16 6.50E-22 3.83E-13 8.85E-13 1.08E-06 8.25E-19 4.65E-12
  3.38E+06 2.98E-10 2.10E-01 5.33E-06 1.47E-16 2.54E-11 4.61E-11 4.98E-11 5.83E-07 1.52E-08 3.21E-20 8.45E-11 2.83E-16 1.21E-21 5.17E-13 9.48E-13 9.55E-07 1.85E-18 1.82E-12
  3.58E+06 6.86E-10 2.10E-01 5.61E-06 6.60E-16 4.30E-11 6.35E-11 5.40E-11 5.41E-07 1.56E-08 5.82E-20 9.50E-11 4.56E-16 2.15E-21 7.22E-13 1.03E-12 8.35E-07 4.11E-18 6.59E-13
  3.78E+06 1.59E-09 2.10E-01 5.87E-06 3.08E-15 7.02E-11 8.31E-11 5.37E-11 4.99E-07 1.62E-08 1.01E-19 1.04E-10 7.03E-16 3.63E-21 1.05E-12 1.14E-12 7.20E-07 9.19E-18 2.22E-13
  3.98E+06 3.73E-09 2.10E-01 6.12E-06 1.48E-14 1.14E-10 1.04E-10 4.97E-11 4.58E-07 1.67E-08 1.73E-19 1.09E-10 1.06E-15 5.97E-21 1.57E-12 1.25E-12 6.14E-07 2.04E-17 6.87E-14
  4.18E+06 8.82E-09 2.10E-01 6.34E-06 7.25E-14 1.85E-10 1.28E-10 4.43E-11 4.23E-07 1.72E-08 2.94E-19 1.11E-10 1.59E-15 9.64E-21 2.44E-12 1.40E-12 5.18E-07 4.57E-17 1.94E-14
  4.38E+06 2.01E-08 2.10E-01 6.52E-06 3.25E-13 2.82E-10 1.56E-10 4.02E-11 3.95E-07 1.76E-08 4.65E-19 1.04E-10 2.24E-15 1.46E-20 3.74E-12 1.62E-12 4.36E-07 9.64E-17 5.12E-15
  4.58E+06 4.05E-08 2.10E-01 6.65E-06 1.15E-12 3.83E-10 1.85E-10 3.74E-11 3.81E-07 1.82E-08 6.37E-19 8.93E-11 2.83E-15 1.95E-20 5.31E-12 1.91E-12 3.70E-07 1.73E-16 1.34E-15
  4.78E+06 7.15E-08 2.10E-01 6.73E-06 3.19E-12 4.67E-10 2.12E-10 3.46E-11 3.83E-07 1.90E-08 7.69E-19 7.19E-11 3.23E-15 2.30E-20 7.04E-12 2.24E-12 3.21E-07 2.72E-16 3.78E-16
  4.98E+06 1.12E-07 2.10E-01 6.77E-06 7.24E-12 5.36E-10 2.35E-10 3.27E-11 4.02E-07 2.05E-08 8.15E-19 5.68E-11 3.48E-15 2.59E-20 8.35E-12 2.54E-12 2.84E-07 3.47E-16 1.23E-16
  5.18E+06 1.64E-07 2.10E-01 6.77E-06 1.47E-11 5.93E-10 2.56E-10 3.11E-11 4.38E-07 2.36E-08 8.17E-19 4.54E-11 3.66E-15 2.86E-20 9.60E-12 2.84E-12 2.58E-07 4.08E-16 4.71E-17
  5.38E+06 2.30E-07 2.10E-01 6.74E-06 2.80E-11 6.43E-10 2.76E-10 2.96E-11 4.92E-07 2.98E-08 7.92E-19 3.71E-11 3.84E-15 3.12E-20 1.08E-11 3.19E-12 2.39E-07 4.50E-16 2.17E-17
  5.58E+06 3.17E-07 2.10E-01 6.67E-06 5.21E-11 6.88E-10 2.93E-10 2.76E-11 5.63E-07 4.17E-08 7.73E-19 3.05E-11 4.01E-15 3.32E-20 1.26E-11 3.63E-12 2.25E-07 5.14E-16 1.18E-17
  5.78E+06 4.35E-07 2.10E-01 6.58E-06 9.74E-11 7.34E-10 3.11E-10 2.51E-11 6.51E-07 6.27E-08 7.65E-19 2.49E-11 4.16E-15 3.47E-20 1.49E-11 4.14E-12 2.13E-07 6.09E-16 7.36E-18
  5.98E+06 5.94E-07 2.10E-01 6.46E-06 1.83E-10 7.85E-10 3.31E-10 2.29E-11 7.58E-07 9.75E-08 7.60E-19 2.01E-11 4.27E-15 3.58E-20 1.78E-11 4.68E-12 2.03E-07 7.31E-16 5.23E-18
  6.18E+06 8.01E-07 2.10E-01 6.32E-06 3.43E-10 8.46E-10 3.55E-10 2.14E-11 8.87E-07 1.52E-07 7.46E-19 1.64E-11 4.32E-15 3.68E-20 2.07E-11 5.20E-12 1.94E-07 8.50E-16 4.20E-18
  6.38E+06 1.05E-06 2.10E-01 6.15E-06 6.17E-10 9.19E-10 3.86E-10 2.13E-11 1.04E-06 2.31E-07 7.00E-19 1.41E-11 4.54E-15 3.86E-20 2.26E-11 5.76E-12 1.85E-07 8.73E-16 3.79E-18
  6.58E+06 1.37E-06 2.09E-01 5.96E-06 1.14E-09 1.01E-09 4.24E-10 2.16E-11 1.21E-06 3.43E-07 6.63E-19 1.21E-11 4.78E-15 4.02E-20 2.41E-11 6.25E-12 1.76E-07 8.97E-16 3.75E-18
  6.78E+06 1.81E-06 2.09E-01 5.73E-06 2.17E-09 1.12E-09 4.72E-10 2.24E-11 1.41E-06 4.97E-07 6.68E-19 1.05E-11 5.15E-15 4.13E-20 2.53E-11 6.81E-12 1.67E-07 9.34E-16 3.96E-18
  6.98E+06 2.34E-06 2.09E-01 5.47E-06 4.34E-09 1.30E-09 5.54E-10 2.58E-11 1.64E-06 7.03E-07 9.70E-19 1.10E-11 6.89E-15 4.07E-20 3.13E-11 9.29E-12 1.56E-07 1.15E-15 4.38E-18
  7.18E+06 2.86E-06 2.09E-01 5.16E-06 9.70E-09 1.72E-09 7.52E-10 3.75E-11 1.92E-06 9.77E-07 2.91E-18 1.81E-11 1.38E-14 3.51E-20 5.86E-11 1.89E-11 1.44E-07 2.75E-15 4.99E-18
  7.38E+06 3.28E-06 2.09E-01 4.79E-06 2.39E-08 2.62E-09 1.18E-09 6.72E-11 2.24E-06 1.35E-06 1.06E-17 4.05E-11 3.38E-14 2.76E-20 1.17E-10 4.11E-11 1.29E-07 1.00E-14 5.83E-18
  7.58E+06 4.24E-06 2.09E-01 4.33E-06 6.60E-08 3.95E-09 1.79E-09 1.07E-10 2.63E-06 1.85E-06 3.28E-17 8.35E-11 6.27E-14 2.23E-20 1.81E-10 6.50E-11 1.13E-07 2.99E-14 6.81E-18
  7.78E+06 6.42E-06 2.09E-01 3.77E-06 1.95E-07 5.49E-09 2.44E-09 1.32E-10 3.06E-06 2.54E-06 7.85E-17 1.39E-10 8.26E-14 2.00E-20 1.98E-10 6.89E-11 9.47E-08 5.66E-14 7.43E-18
  7.98E+06 2.01E-05 2.08E-01 3.08E-06 6.26E-07 4.46E-09 1.79E-09 6.82E-11 3.43E-06 3.49E-06 1.51E-16 1.68E-10 6.81E-14 3.02E-20 1.60E-10 4.13E-11 7.59E-08 3.96E-14 6.92E-18
  8.18E+06 1.34E-04 2.08E-01 2.33E-06 1.45E-06 1.77E-09 4.50E-10 1.02E-11 3.62E-06 4.71E-06 2.58E-16 9.33E-11 3.55E-14 8.35E-20 1.25E-10 1.29E-11 5.80E-08 9.66E-15 5.83E-18
  8.38E+06 6.43E-04 2.07E-01 1.66E-06 2.30E-06 9.03E-10 1.07E-10 9.58E-13 3.69E-06 6.18E-06 3.43E-16 3.49E-11 1.99E-14 1.94E-19 1.07E-10 2.99E-12 4.21E-08 2.70E-15 4.68E-18
  8.58E+06 2.20E-03 2.05E-01 1.11E-06 2.99E-06 5.38E-10 2.90E-11 7.04E-14 3.73E-06 7.86E-06 3.65E-16 1.49E-11 1.74E-14 3.54E-19 9.72E-11 6.29E-13 2.90E-08 9.42E-16 3.59E-18
  8.78E+06 5.87E-03 2.01E-01 7.07E-07 3.48E-06 3.22E-10 8.91E-12 4.30E-15 3.74E-06 9.72E-06 3.18E-16 7.30E-12 1.97E-14 5.07E-19 8.99E-11 1.29E-13 1.91E-08 3.92E-16 2.63E-18
  8.98E+06 1.28E-02 1.95E-01 4.28E-07 3.81E-06 1.83E-10 3.08E-12 2.38E-16 3.74E-06 1.17E-05 2.39E-16 3.92E-12 2.08E-14 5.70E-19 8.29E-11 2.71E-14 1.20E-08 1.89E-16 1.86E-18
  9.18E+06 2.36E-02 1.87E-01 2.50E-07 4.02E-06 9.89E-11 1.19E-12 1.42E-17 3.75E-06 1.36E-05 1.67E-16 2.36E-12 2.01E-14 5.50E-19 7.50E-11 6.10E-15 7.39E-09 1.04E-16 1.29E-18
  9.38E+06 3.83E-02 1.76E-01 1.46E-07 4.17E-06 5.02E-11 4.96E-13 1.09E-18 3.76E-06 1.52E-05 1.19E-16 1.47E-12 1.87E-14 5.25E-19 6.60E-11 1.49E-15 4.59E-09 6.46E-17 9.01E-19
  9.58E+06 5.62E-02 1.63E-01 8.85E-08 4.29E-06 2.48E-11 2.25E-13 1.18E-19 3.76E-06 1.65E-05 9.22E-17 1.05E-12 2.44E-14 7.00E-19 5.63E-11 3.95E-16 3.02E-09 4.65E-17 6.43E-19
  9.78E+06 7.56E-02 1.50E-01 6.06E-08 4.37E-06 1.18E-11 1.08E-13 1.65E-20 3.76E-06 1.73E-05 8.76E-17 8.29E-13 5.53E-14 1.67E-18 4.68E-11 1.14E-16 2.30E-09 4.26E-17 4.87E-19
  9.98E+06 9.34E-02 1.40E-01 5.38E-08 4.42E-06 5.70E-12 5.73E-14 4.00E-21 3.75E-06 1.75E-05 1.22E-16 1.06E-12 3.07E-13 1.33E-17 3.82E-11 4.82E-17 2.20E-09 6.15E-17 4.15E-19

     Z        NO       NO2      HNO      H2S      HS       S        SO       SO2      H2SO4    HSO      S2       S4       S8       SO3      OCS      S3       O3       HNO3    
  2.50E+04 7.21E-12 3.19E-11 2.85E-14 9.46E-12 6.74E-16 1.02E-27 1.72E-19 1.82E-10 3.01E-11 3.25E-14 1.56E-17 3.18E-25 4.13E-31 2.49E-19 3.37E-10 9.00E-37 3.01E-08 8.86E-11
  7.50E+04 6.00E-12 2.38E-11 2.05E-14 7.11E-12 5.98E-16 1.11E-27 1.39E-19 2.45E-10 2.46E-11 2.86E-14 1.49E-17 2.60E-25 4.13E-31 1.78E-19 7.83E-10 8.22E-37 3.04E-08 9.18E-11
  1.25E+05 5.36E-12 1.90E-11 1.46E-14 5.36E-12 5.01E-16 1.20E-27 1.13E-19 2.93E-10 2.22E-11 2.37E-14 1.40E-17 2.07E-25 4.13E-31 1.41E-19 7.83E-10 7.39E-37 3.11E-08 9.41E-11
  1.75E+05 5.09E-12 1.63E-11 1.07E-14 4.04E-12 4.07E-16 1.29E-27 9.54E-20 3.33E-10 2.17E-11 1.91E-14 1.32E-17 1.64E-25 4.13E-31 1.25E-19 7.82E-10 6.64E-37 3.20E-08 9.74E-11
  3.75E+05 6.80E-12 1.57E-11 3.78E-15 1.30E-12 1.34E-16 1.80E-27 5.90E-20 4.41E-10 2.54E-11 6.02E-15 1.11E-17 7.27E-26 4.13E-31 1.39E-19 7.81E-10 4.70E-37 3.93E-08 1.17E-10
  5.75E+05 1.06E-11 1.73E-11 1.54E-15 4.70E-13 4.38E-17 2.46E-27 4.63E-20 5.13E-10 2.69E-11 1.86E-15 9.89E-18 3.65E-26 4.13E-31 3.63E-19 7.80E-10 3.51E-37 4.97E-08 1.28E-10
  7.75E+05 1.02E-11 1.08E-11 5.92E-16 2.15E-13 2.16E-17 3.28E-27 4.10E-20 5.63E-10 2.26E-11 8.64E-16 8.84E-18 1.83E-26 4.13E-31 1.49E-18 7.80E-10 2.57E-37 6.14E-08 1.27E-10
  9.75E+05 1.55E-11 1.04E-11 2.99E-16 1.09E-13 9.17E-18 4.39E-27 5.18E-20 5.73E-10 1.91E-11 3.39E-16 8.09E-18 9.46E-27 4.13E-31 8.82E-18 7.78E-10 1.90E-37 7.67E-08 1.32E-10
  1.18E+06 4.09E-11 1.87E-11 2.05E-16 4.95E-14 3.23E-18 6.04E-27 7.62E-20 5.19E-10 1.73E-11 1.10E-16 7.85E-18 5.21E-27 4.13E-31 4.84E-17 7.76E-10 1.46E-37 1.01E-07 1.53E-10
  1.38E+06 9.05E-11 3.06E-11 1.32E-16 2.07E-14 1.30E-18 8.71E-27 1.04E-19 4.06E-10 1.26E-11 4.04E-17 7.81E-18 2.90E-27 4.13E-31 1.61E-16 7.73E-10 1.17E-37 1.36E-07 1.90E-10
  1.58E+06 1.63E-10 4.38E-11 8.87E-17 8.66E-15 6.72E-19 1.64E-26 2.34E-19 3.02E-10 8.04E-12 1.94E-17 7.85E-18 1.60E-27 4.13E-31 1.78E-16 7.68E-10 1.20E-37 1.91E-07 2.54E-10
  1.78E+06 2.93E-10 1.00E-10 7.91E-17 2.30E-15 4.62E-19 6.19E-26 9.25E-19 1.91E-10 4.41E-12 1.34E-17 7.97E-18 8.45E-28 4.13E-31 2.28E-16 7.50E-10 2.34E-37 3.57E-07 4.94E-10
  1.98E+06 5.35E-10 3.83E-10 8.08E-17 1.73E-16 3.50E-19 3.01E-25 2.23E-18 7.59E-11 1.56E-12 1.09E-17 3.14E-18 6.54E-29 4.12E-31 2.59E-16 6.83E-10 2.23E-37 9.54E-07 1.53E-09
  2.18E+06 8.24E-10 9.56E-10 8.75E-17 9.11E-18 3.44E-19 1.41E-24 4.58E-18 2.87E-11 5.87E-13 1.13E-17 1.66E-19 9.20E-32 4.11E-31 3.05E-16 5.70E-10 2.77E-38 1.94E-06 3.26E-09
  2.38E+06 1.23E-09 1.78E-09 9.56E-17 3.33E-18 3.62E-19 5.60E-24 1.23E-17 1.90E-11 4.31E-13 1.22E-17 1.19E-21 2.43E-36 4.10E-31 6.37E-16 4.40E-10 4.04E-40 3.04E-06 4.88E-09
  2.58E+06 1.88E-09 2.99E-09 9.86E-17 2.78E-18 3.64E-19 1.77E-23 3.97E-17 2.12E-11 5.77E-13 1.25E-17 1.84E-24 5.86E-41 4.09E-31 2.38E-15 3.07E-10 1.02E-42 4.17E-06 5.95E-09
  2.78E+06 2.91E-09 4.61E-09 8.76E-17 2.00E-18 3.28E-19 4.31E-23 1.19E-16 2.52E-11 8.99E-13 1.14E-17 7.07E-25 8.13E-41 4.07E-31 9.67E-15 1.86E-10 5.01E-43 5.19E-06 6.16E-09
  2.98E+06 4.43E-09 6.37E-09 5.95E-17 1.10E-18 2.40E-19 7.65E-23 2.91E-16 2.58E-11 1.43E-12 8.30E-18 3.43E-25 1.19E-40 4.05E-31 2.85E-14 9.33E-11 2.30E-43 6.04E-06 5.55E-09
  3.18E+06 6.41E-09 7.82E-09 2.85E-17 4.56E-19 1.36E-19 9.58E-23 5.40E-16 2.17E-11 3.01E-12 4.65E-18 8.99E-26 1.74E-40 4.03E-31 6.09E-14 3.67E-11 4.06E-44 6.68E-06 4.39E-09
  3.38E+06 8.68E-09 8.56E-09 9.61E-18 1.39E-19 5.70E-20 8.14E-23 7.61E-16 1.53E-11 1.11E-11 1.90E-18 1.17E-26 2.58E-40 4.01E-31 1.03E-13 1.07E-11 2.44E-45 7.09E-06 3.06E-09
  3.58E+06 1.10E-08 8.42E-09 3.64E-18 3.05E-20 1.69E-20 4.51E-23 8.83E-16 1.00E-11 2.46E-11 5.50E-19 7.11E-28 3.84E-40 3.98E-31 1.73E-13 2.20E-12 4.45E-47 7.20E-06 1.88E-09
  3.78E+06 1.30E-08 7.45E-09 4.01E-18 4.51E-21 3.40E-21 1.65E-23 1.08E-15 7.81E-12 2.84E-11 1.07E-19 1.93E-29 5.72E-40 3.94E-31 2.97E-13 3.03E-13 2.41E-49 7.06E-06 1.05E-09
  3.98E+06 1.46E-08 5.80E-09 7.01E-18 4.22E-22 4.33E-22 7.26E-24 1.70E-15 8.36E-12 2.77E-11 1.28E-20 4.00E-31 8.47E-40 3.91E-31 4.36E-13 2.71E-14 1.20E-51 6.75E-06 5.40E-10
  4.18E+06 1.58E-08 3.86E-09 1.22E-17 2.43E-23 3.35E-23 1.22E-23 2.87E-15 1.03E-11 2.54E-11 8.74E-22 1.99E-32 1.25E-39 3.87E-31 4.97E-13 1.55E-15 5.60E-53 6.17E-06 2.49E-10
  4.38E+06 1.60E-08 2.16E-09 1.88E-17 9.44E-25 1.69E-24 2.91E-23 4.51E-15 1.25E-11 2.29E-11 3.98E-23 9.14E-34 1.83E-39 3.82E-31 4.62E-13 5.71E-17 3.47E-54 5.29E-06 9.62E-11
  4.58E+06 1.53E-08 1.07E-09 2.42E-17 1.66E-25 4.04E-25 6.41E-23 6.78E-15 1.45E-11 2.07E-11 2.38E-23 2.81E-35 2.62E-39 3.77E-31 3.84E-13 1.43E-18 1.36E-55 4.32E-06 3.17E-11
  4.78E+06 1.38E-08 5.07E-10 2.66E-17 1.72E-25 5.13E-25 1.30E-22 9.77E-15 1.61E-11 1.87E-11 4.53E-23 7.27E-37 3.65E-39 3.71E-31 3.03E-13 2.76E-20 4.19E-57 3.43E-06 9.61E-12
  4.98E+06 1.20E-08 2.36E-10 2.64E-17 2.02E-25 7.12E-25 2.75E-22 1.54E-14 1.74E-11 1.69E-11 8.92E-23 7.17E-38 4.91E-39 3.65E-31 2.41E-13 4.99E-22 5.34E-58 2.84E-06 2.98E-12
  5.18E+06 1.01E-08 1.09E-10 2.45E-17 2.36E-25 9.62E-25 5.83E-22 2.49E-14 1.84E-11 1.54E-11 1.72E-22 6.60E-38 6.47E-39 3.58E-31 1.92E-13 9.85E-24 6.45E-58 2.39E-06 9.41E-13
  5.38E+06 8.27E-09 4.99E-11 2.17E-17 2.86E-25 1.34E-24 1.27E-21 4.20E-14 1.92E-11 1.40E-11 3.40E-22 8.06E-38 8.43E-39 3.51E-31 1.53E-13 2.42E-25 1.07E-57 2.05E-06 3.01E-13
  5.58E+06 6.67E-09 2.32E-11 1.86E-17 3.19E-25 1.74E-24 2.69E-21 6.84E-14 1.98E-11 1.27E-11 6.29E-22 1.02E-37 1.09E-38 3.43E-31 1.19E-13 8.73E-27 1.75E-57 1.72E-06 9.47E-14
  5.78E+06 5.33E-09 1.10E-11 1.57E-17 3.27E-25 2.13E-24 5.47E-21 1.06E-13 2.03E-11 1.15E-11 1.08E-21 1.33E-37 1.41E-38 3.34E-31 9.15E-14 2.38E-27 2.74E-57 1.41E-06 2.95E-14
  5.98E+06 4.22E-09 5.40E-12 1.32E-17 3.37E-25 2.61E-24 1.09E-20 1.60E-13 2.06E-11 1.03E-11 1.81E-21 1.77E-37 1.82E-38 3.25E-31 7.01E-14 3.50E-27 4.28E-57 1.15E-06 9.28E-15
  6.18E+06 3.30E-09 2.70E-12 1.11E-17 3.87E-25 3.51E-24 2.19E-20 2.47E-13 2.07E-11 9.03E-12 3.11E-21 2.52E-37 2.34E-38 3.16E-31 5.40E-14 5.88E-27 7.23E-57 9.40E-07 3.05E-15
  6.38E+06 2.53E-09 1.38E-12 9.23E-18 6.06E-25 6.32E-24 4.99E-20 4.41E-13 2.07E-11 7.73E-12 6.51E-21 4.81E-37 2.98E-38 3.05E-31 4.18E-14 9.97E-27 1.90E-56 8.05E-07 1.10E-15
  6.58E+06 1.93E-09 7.34E-13 7.67E-18 1.02E-24 1.22E-23 1.15E-19 7.90E-13 2.05E-11 6.34E-12 1.39E-20 1.19E-36 3.81E-38 2.94E-31 3.19E-14 1.58E-26 6.40E-56 6.84E-07 4.22E-16
  6.78E+06 1.48E-09 4.16E-13 6.50E-18 1.79E-24 2.44E-23 2.61E-19 1.38E-12 2.00E-11 4.82E-12 2.90E-20 3.52E-36 4.91E-38 2.82E-31 2.39E-14 2.30E-26 2.48E-55 5.72E-07 1.70E-16
  6.98E+06 1.16E-09 2.69E-13 5.98E-18 3.56E-24 5.35E-23 5.66E-19 2.27E-12 1.91E-11 3.12E-12 6.07E-20 1.21E-35 6.35E-38 2.69E-31 1.87E-14 3.00E-26 1.04E-54 4.59E-07 7.87E-17
  7.18E+06 9.59E-10 2.28E-13 6.66E-18 9.12E-24 1.32E-22 1.06E-18 3.14E-12 1.82E-11 1.39E-12 1.20E-19 4.44E-35 8.29E-38 2.56E-31 1.63E-14 3.49E-26 3.88E-54 3.18E-07 4.94E-17
  7.38E+06 8.25E-10 2.52E-13 8.98E-18 3.05E-23 3.99E-22 1.73E-18 3.78E-12 1.75E-11 5.06E-13 2.37E-19 1.89E-34 1.08E-37 2.40E-31 1.56E-14 3.63E-26 1.44E-53 2.03E-07 4.39E-17
  7.58E+06 7.30E-10 2.47E-13 1.21E-17 8.32E-23 1.07E-21 2.62E-18 4.08E-12 1.72E-11 2.68E-13 3.88E-19 5.92E-34 1.41E-37 2.23E-31 1.68E-14 3.73E-26 3.48E-53 1.29E-07 3.34E-17
  7.78E+06 6.48E-10 1.84E-13 1.49E-17 1.69E-22 2.56E-21 4.02E-18 4.44E-12 1.66E-11 1.74E-13 5.64E-19 1.43E-33 1.79E-37 2.02E-31 1.84E-14 4.03E-26 6.52E-53 8.88E-08 1.76E-17
  7.98E+06 5.58E-10 4.13E-14 9.49E-18 9.03E-23 2.57E-21 8.20E-18 6.44E-12 1.44E-11 9.95E-14 6.09E-19 9.50E-34 2.21E-37 1.77E-31 1.72E-14 4.90E-26 4.48E-53 1.14E-07 3.47E-18
  8.18E+06 4.46E-10 2.73E-15 1.89E-18 4.11E-24 3.85E-22 1.93E-17 1.08E-11 9.64E-12 5.00E-14 2.71E-19 5.07E-35 2.60E-37 1.47E-31 1.38E-14 5.57E-26 2.85E-54 3.21E-07 2.32E-19
  8.38E+06 3.32E-10 7.13E-16 3.33E-19 6.28E-26 3.89E-23 3.35E-17 1.33E-11 6.55E-12 2.18E-14 8.31E-20 1.93E-36 2.82E-37 1.14E-31 9.90E-15 4.33E-26 9.62E-56 7.63E-07 1.24E-20
  8.58E+06 2.30E-10 3.19E-16 6.28E-20 7.88E-28 4.54E-24 5.00E-17 1.43E-11 4.88E-12 8.16E-15 2.54E-20 1.31E-37 2.72E-37 7.78E-32 6.71E-15 2.52E-26 4.97E-57 1.47E-06 6.68E-22
  8.78E+06 1.49E-10 1.44E-16 1.26E-20 1.49E-29 6.47E-25 7.03E-17 1.41E-11 3.97E-12 2.61E-15 8.21E-21 2.36E-38 2.22E-37 4.48E-32 4.54E-15 1.36E-26 6.39E-58 2.25E-06 4.71E-23
  8.98E+06 9.00E-11 6.10E-17 2.71E-21 4.74E-31 1.15E-25 9.73E-17 1.35E-11 3.22E-12 7.03E-16 2.86E-21 8.44E-39 1.42E-37 2.01E-32 2.98E-15 7.88E-27 1.57E-58 2.70E-06 4.27E-24
  9.18E+06 5.22E-11 2.48E-17 6.34E-22 2.48E-32 2.59E-26 1.34E-16 1.25E-11 2.42E-12 1.62E-16 1.10E-21 3.67E-39 6.54E-38 6.51E-33 1.76E-15 4.95E-27 4.65E-59 2.67E-06 4.17E-25
  9.38E+06 3.04E-11 1.00E-17 1.64E-22 1.72E-33 6.85E-27 1.84E-16 1.12E-11 1.63E-12 3.29E-17 4.39E-22 1.89E-39 2.06E-38 1.43E-33 8.87E-16 3.30E-27 1.59E-59 2.13E-06 4.00E-26
  9.58E+06 1.88E-11 4.33E-18 4.97E-23 1.65E-34 2.14E-27 2.46E-16 9.75E-12 9.82E-13 6.28E-18 1.86E-22 1.26E-39 4.32E-39 2.11E-34 3.88E-16 2.26E-27 6.95E-60 1.50E-06 4.08E-27
  9.78E+06 1.35E-11 2.13E-18 1.87E-23 1.75E-35 7.27E-28 3.28E-16 8.20E-12 5.41E-13 1.24E-18 7.82E-23 1.09E-39 6.48E-40 2.22E-35 1.52E-16 1.57E-27 3.83E-60 8.81E-07 4.58E-28
  9.98E+06 1.17E-11 1.28E-18 9.27E-24 2.74E-36 2.90E-28 4.18E-16 6.71E-12 2.92E-13 3.31E-19 3.48E-23 1.01E-39 7.73E-41 1.87E-36 6.39E-17 1.08E-27 2.20E-60 4.85E-07 7.89E-29

     Z        N        NO3      N2O      HO2NO2   N2O5     NH       NH2      NH3      CO2      CS       CS2      HCS      C2H6S    C2H5S    C2H5SO   C2H5SO2  CH3S     CH3SO   
  2.50E+04 2.40-230 5.79E-15 2.73E-07 5.55E-13 4.65E-16 9.92E-39 1.01E-38 3.55-317 2.84E-04 1.73E-19 4.29E-12 1.85E-28 1.19E-10 2.49E-23 2.45E-20 3.41E-13 1.90E-16 3.15E-15
  7.50E+04 1.51-223 3.91E-15 3.39E-07 5.82E-13 3.28E-16 9.92E-39 1.01E-38 3.56-317 3.85E-04 1.76E-19 3.98E-12 1.86E-28 8.32E-11 1.68E-23 1.58E-20 2.75E-13 1.26E-16 2.14E-15
  1.25E+05 8.11-217 2.84E-15 3.39E-07 6.65E-13 2.72E-16 9.92E-39 1.01E-38 3.57-317 3.85E-04 1.78E-19 3.68E-12 1.88E-28 5.83E-11 1.16E-23 1.04E-20 2.11E-13 8.44E-17 1.46E-15
  1.75E+05 3.70-210 2.25E-15 3.39E-07 8.04E-13 2.60E-16 9.92E-39 1.01E-38 3.57-317 3.85E-04 1.76E-19 3.39E-12 1.91E-28 4.09E-11 8.23E-24 7.01E-21 1.56E-13 5.73E-17 1.01E-15
  3.75E+05 2.70-184 1.64E-15 3.39E-07 3.04E-12 6.88E-16 9.92E-39 1.01E-38 3.61-317 3.85E-04 1.54E-19 2.41E-12 2.04E-28 9.86E-12 2.41E-24 1.67E-21 3.31E-14 1.29E-17 2.42E-16
  5.75E+05 6.49-160 1.39E-15 3.39E-07 1.67E-11 3.09E-15 9.92E-39 1.01E-38 3.66-317 3.85E-04 1.28E-19 1.73E-12 2.13E-28 2.71E-12 7.60E-25 4.24E-22 6.41E-15 2.99E-18 6.04E-17
  7.75E+05 2.88-137 9.55E-16 3.38E-07 5.06E-11 5.25E-15 9.92E-39 1.01E-38 3.69-317 3.85E-04 1.08E-19 1.27E-12 2.16E-28 9.80E-13 2.37E-25 1.06E-22 1.95E-15 6.87E-19 1.53E-17
  9.75E+05 2.34-116 9.93E-16 3.38E-07 7.24E-11 6.55E-15 9.92E-39 1.01E-38 3.73-317 3.85E-04 8.86E-20 9.25E-13 2.18E-28 4.05E-13 1.00E-25 3.59E-23 5.12E-16 2.10E-19 5.22E-18
  1.18E+06 7.25E-97 1.16E-15 3.38E-07 6.85E-11 9.58E-15 9.92E-39 1.01E-38 3.81-317 3.85E-04 6.61E-20 6.33E-13 2.19E-28 1.46E-13 5.03E-26 1.38E-23 9.24E-17 7.37E-20 1.99E-18
  1.38E+06 1.61E-78 1.19E-15 3.37E-07 4.86E-11 1.16E-14 9.92E-39 1.01E-38 3.90-317 3.85E-04 4.50E-20 4.03E-13 2.20E-28 4.66E-14 1.95E-26 4.05E-24 1.55E-17 1.97E-20 5.68E-19
  1.58E+06 2.55E-62 1.27E-15 3.36E-07 3.17E-11 1.30E-14 9.92E-39 1.01E-38 3.91-317 3.85E-04 2.85E-20 2.44E-13 2.20E-28 1.46E-14 7.26E-27 1.12E-24 3.07E-18 4.89E-21 1.50E-19
  1.78E+06 5.64E-50 2.26E-15 3.33E-07 3.00E-11 3.54E-14 9.92E-39 1.01E-38 3.70-317 3.85E-04 1.08E-20 9.99E-14 2.19E-28 2.56E-15 1.77E-27 1.97E-25 4.18E-19 6.39E-22 1.96E-20
  1.98E+06 4.38E-41 9.60E-15 3.19E-07 6.23E-11 3.59E-13 9.92E-39 1.01E-38 2.81-317 3.85E-04 1.09E-21 1.06E-14 2.14E-28 9.52E-17 1.00E-28 7.89E-27 1.32E-20 1.40E-23 4.14E-22
  2.18E+06 1.18E-34 3.37E-14 2.95E-07 1.26E-10 1.93E-12 9.92E-39 1.01E-38 2.28-317 3.85E-04 3.65E-23 2.11E-16 2.06E-28 1.50E-18 2.75E-30 1.54E-28 2.41E-22 1.96E-25 5.56E-24
  2.38E+06 7.44E-30 7.97E-14 2.66E-07 1.99E-10 5.14E-12 9.92E-39 1.01E-38 1.64-317 3.85E-04 3.05E-25 7.87E-19 1.96E-28 1.71E-20 6.01E-32 2.41E-30 3.59E-24 2.81E-27 7.71E-26
  2.58E+06 3.52E-26 1.55E-13 2.34E-07 2.59E-10 9.70E-12 9.92E-39 1.01E-38 1.30-317 3.85E-04 3.90E-28 4.12E-22 1.84E-28 1.27E-22 9.10E-34 2.63E-32 3.62E-26 3.20E-29 8.48E-28
  2.78E+06 2.58E-23 2.61E-13 1.99E-07 2.80E-10 1.37E-11 9.92E-39 1.01E-38 9.47-318 3.85E-04 6.29E-32 2.72E-26 1.70E-28 5.39E-25 8.05E-36 1.69E-34 2.11E-28 2.35E-31 5.97E-30
  2.98E+06 4.64E-21 3.66E-13 1.63E-07 2.44E-10 1.39E-11 9.93E-39 1.01E-38 9.41-318 3.85E-04 1.39E-36 2.59E-31 1.54E-28 1.21E-27 3.71E-38 5.68E-37 6.50E-31 9.51E-34 2.35E-32
  3.18E+06 2.67E-19 4.47E-13 1.29E-07 1.78E-10 1.05E-11 9.93E-39 1.01E-38 1.19-317 3.85E-04 9.67E-39 4.68E-37 1.36E-28 1.52E-30 8.98E-41 1.01E-39 1.10E-33 2.12E-36 5.12E-35
  3.38E+06 6.11E-18 4.98E-13 9.84E-08 1.12E-10 6.17E-12 9.93E-39 1.01E-38 1.23-317 3.85E-04 3.20E-38 5.66E-40 1.15E-28 1.22E-33 1.30E-43 1.08E-42 1.19E-36 2.96E-39 6.97E-38
  3.58E+06 6.51E-17 5.23E-13 7.26E-08 6.09E-11 3.01E-12 9.93E-39 1.01E-38 9.44-318 3.85E-04 1.11E-37 1.16E-40 9.09E-29 7.52E-37 1.36E-46 8.30E-46 1.01E-39 3.15E-42 7.20E-41
  3.78E+06 3.80E-16 5.17E-13 5.21E-08 2.87E-11 1.22E-12 9.94E-39 1.01E-38 6.87-318 3.85E-04 3.80E-37 1.46E-41 6.53E-29 4.12E-40 1.21E-49 5.46E-49 7.78E-43 2.99E-45 6.58E-44
  3.98E+06 1.45E-15 4.64E-13 3.67E-08 1.16E-11 3.99E-13 9.94E-39 1.01E-38 5.80-318 3.85E-04 1.17E-36 1.87E-42 4.00E-29 2.04E-43 9.73E-53 3.26E-52 5.69E-46 2.62E-48 5.58E-47
  4.18E+06 3.93E-15 3.66E-13 2.54E-08 3.97E-12 9.72E-14 9.94E-39 1.01E-38 4.55-318 3.85E-04 2.93E-36 6.82E-43 1.88E-29 8.90E-47 6.87E-56 1.72E-55 3.83E-49 2.11E-51 4.35E-50
  4.38E+06 8.27E-15 2.39E-13 1.75E-08 1.18E-12 1.65E-14 9.95E-39 1.01E-38 3.32-318 3.85E-04 4.66E-36 2.30E-43 5.74E-30 3.67E-50 4.32E-59 8.16E-59 2.43E-52 1.62E-54 3.23E-53
  4.58E+06 1.51E-14 1.28E-13 1.21E-08 3.32E-13 2.15E-15 9.95E-39 1.01E-38 2.92-318 3.85E-04 3.38E-36 4.38E-44 9.72E-31 1.85E-53 2.95E-62 4.25E-62 1.77E-55 1.39E-57 2.73E-56
  4.78E+06 2.45E-14 5.97E-14 8.42E-09 9.44E-14 2.50E-16 9.96E-39 1.01E-38 2.54-318 3.85E-04 1.02E-36 4.44E-45 8.49E-32 1.50E-56 2.93E-65 3.25E-65 1.97E-58 1.78E-60 3.45E-59
  4.98E+06 4.40E-14 2.62E-14 5.94E-09 2.92E-14 3.16E-17 9.97E-39 1.01E-38 2.12-318 3.85E-04 1.24E-37 2.84E-46 3.89E-33 2.26E-59 5.06E-68 4.41E-68 3.91E-61 3.69E-63 7.26E-62
  5.18E+06 7.96E-14 1.11E-14 4.28E-09 9.34E-15 4.00E-18 9.97E-39 1.02E-38 5.56-319 3.85E-04 7.67E-39 1.15E-47 1.04E-34 6.59E-62 1.63E-70 1.13E-70 1.49E-63 1.38E-65 2.81E-64
  5.38E+06 1.48E-13 4.55E-15 3.15E-09 3.05E-15 4.97E-19 9.98E-39 1.02E-38 8.01-319 3.84E-04 2.16E-39 2.54E-48 1.39E-35 3.69E-64 9.92E-73 5.42E-73 1.08E-65 9.49E-68 2.01E-66
  5.58E+06 2.55E-13 1.83E-15 2.37E-09 9.79E-16 5.95E-20 9.99E-39 1.02E-38 1.67-318 3.84E-04 7.59E-39 7.01E-48 2.37E-35 3.98E-66 1.15E-74 4.93E-75 1.53E-67 1.27E-69 2.79E-68
  5.78E+06 4.01E-13 7.28E-16 1.82E-09 3.13E-16 7.04E-21 1.00E-38 1.02E-38 2.64-318 3.84E-04 4.52E-38 3.17E-47 6.96E-35 8.06E-68 2.47E-76 8.33E-77 4.12E-69 3.29E-71 7.44E-70
  5.98E+06 5.96E-13 2.92E-16 1.43E-09 1.01E-16 8.47E-22 1.00E-38 1.02E-38 3.56-318 3.83E-04 5.55E-37 2.98E-46 4.35E-34 2.90E-69 9.52E-78 2.50E-78 2.01E-70 1.54E-72 3.59E-71
  6.18E+06 8.91E-13 1.19E-16 1.14E-09 3.42E-17 1.07E-22 1.00E-38 1.02E-38 4.22-318 3.83E-04 7.12E-36 3.18E-45 2.98E-33 1.71E-70 6.05E-79 1.25E-79 1.64E-71 1.19E-73 2.87E-72
  6.38E+06 1.60E-12 5.09E-17 9.34E-10 1.29E-17 1.56E-23 1.00E-38 1.02E-38 5.03-318 3.82E-04 8.11E-35 3.88E-44 1.91E-32 1.51E-71 5.80E-80 9.56E-81 2.02E-72 1.29E-74 3.32E-73
  6.58E+06 2.78E-12 2.25E-17 7.78E-10 5.09E-18 2.43E-24 1.01E-38 1.02E-38 5.39-318 3.81E-04 7.82E-34 4.03E-43 1.03E-31 1.89E-72 7.97E-81 1.05E-81 3.63E-73 2.01E-75 5.59E-74
  6.78E+06 4.55E-12 1.04E-17 6.61E-10 2.11E-18 4.11E-25 1.01E-38 1.03E-38 5.97-318 3.81E-04 9.91E-33 5.29E-42 7.17E-31 3.23E-73 1.51E-81 1.59E-82 9.07E-74 4.49E-76 1.34E-74
  6.98E+06 6.81E-12 5.33E-18 5.71E-10 1.02E-18 8.48E-26 1.01E-38 1.03E-38 6.70-318 3.80E-04 1.81E-31 9.20E-41 6.85E-30 7.09E-74 3.86E-82 3.25E-83 3.00E-74 1.41E-76 4.58E-75
  7.18E+06 8.47E-12 3.20E-18 4.99E-10 6.82E-19 2.47E-26 1.02E-38 1.03E-38 7.24-318 3.78E-04 2.35E-30 8.74E-40 4.09E-29 1.80E-74 1.30E-82 8.56E-84 1.26E-74 6.95E-77 2.37E-75
  7.38E+06 9.09E-12 2.36E-18 4.39E-10 6.62E-19 1.13E-26 1.02E-38 1.04E-38 7.46-318 3.77E-04 1.91E-29 4.16E-39 1.34E-28 4.73E-75 5.20E-83 2.77E-84 6.30E-75 4.59E-77 1.64E-75
  7.58E+06 9.22E-12 1.57E-18 3.86E-10 5.12E-19 3.92E-27 1.02E-38 1.04E-38 7.47-318 3.75E-04 7.89E-29 8.72E-39 2.42E-28 1.26E-75 2.09E-83 9.82E-85 3.51E-75 3.55E-77 1.28E-75
  7.78E+06 9.89E-12 8.84E-19 3.37E-10 2.65E-19 8.63E-28 1.03E-38 1.05E-38 7.80-318 3.72E-04 1.98E-28 1.13E-38 3.02E-28 3.57E-76 8.25E-84 3.80E-85 2.15E-75 2.78E-77 9.72E-76
  7.98E+06 1.73E-11 2.53E-19 2.90E-10 3.35E-20 4.57E-29 1.04E-38 1.06E-38 8.26-318 3.68E-04 2.54E-28 1.03E-38 3.66E-28 1.41E-76 2.65E-84 1.58E-85 1.45E-75 1.29E-77 5.76E-76
  8.18E+06 4.49E-11 2.42E-20 2.45E-10 5.92E-22 3.16E-31 1.06E-38 1.07E-38 8.64-318 3.63E-04 1.46E-28 6.56E-39 5.88E-28 9.35E-77 7.00E-85 6.70E-86 1.07E-75 2.72E-78 2.11E-76
  8.38E+06 8.62E-11 5.68E-21 2.02E-10 1.20E-23 3.69E-33 1.08E-38 1.09E-38 8.94-318 3.55E-04 7.39E-29 3.67E-39 8.64E-28 7.69E-77 2.95E-85 2.89E-86 8.62E-76 6.64E-79 5.14E-77
  8.58E+06 1.35E-10 2.00E-21 1.62E-10 5.98E-25 2.18E-34 1.11E-38 1.12E-38 9.26-318 3.44E-04 4.04E-29 2.29E-39 1.16E-27 6.79E-77 1.57E-85 1.23E-86 7.20E-76 1.95E-79 1.15E-77
  8.78E+06 1.88E-10 6.73E-22 1.25E-10 4.19E-26 1.48E-35 1.16E-38 1.17E-38 9.56-318 3.30E-04 2.23E-29 1.50E-39 1.37E-27 6.07E-77 8.52E-86 4.80E-87 5.97E-76 6.70E-80 3.33E-78
  8.98E+06 2.40E-10 2.07E-22 9.23E-11 3.11E-27 8.41E-37 1.23E-38 1.23E-38 9.90-318 3.10E-04 1.22E-29 1.03E-39 1.42E-27 5.33E-77 4.38E-86 1.64E-87 4.72E-76 2.65E-80 1.26E-78
  9.18E+06 2.90E-10 6.05E-23 6.54E-11 2.46E-28 4.50E-38 1.34E-38 1.33E-38 1.05-317 2.84E-04 7.09E-30 7.75E-40 1.38E-27 4.49E-77 2.08E-86 4.96E-88 3.43E-76 1.12E-80 5.52E-79
  9.38E+06 3.42E-10 1.70E-23 4.48E-11 2.02E-29 2.32E-39 1.49E-38 1.47E-38 1.11-317 2.54E-04 4.46E-30 6.45E-40 1.36E-27 3.59E-77 9.00E-87 1.32E-88 2.25E-76 5.37E-81 2.78E-79
  9.58E+06 3.99E-10 5.14E-24 3.04E-11 1.90E-30 1.44E-40 1.68E-38 1.64E-38 1.21-317 2.21E-04 3.27E-30 6.18E-40 1.43E-27 2.71E-77 3.62E-87 3.37E-89 1.33E-76 2.82E-81 1.61E-79
  9.78E+06 4.66E-10 1.70E-24 2.13E-11 2.06E-31 1.09E-41 1.92E-38 1.85E-38 1.37-317 1.89E-04 2.88E-30 7.23E-40 1.80E-27 1.96E-77 1.34E-87 8.81E-90 7.20E-77 1.90E-81 1.05E-79
  9.98E+06 5.43E-10 6.89E-25 1.63E-11 3.33E-32 1.35E-42 2.21E-38 2.11E-38 1.53-317 1.59E-04 3.51E-30 1.13E-39 2.88E-27 1.37E-77 4.91E-88 2.64E-90 3.66E-77 1.51E-81 7.12E-80

     Z        CH3SO2   CH3SO3   CH4SO2   C2H6SO   C2H7SO   SO4AER   S8AER   
  2.50E+04 1.15E-16 2.59E-17 3.54E-13 2.77E-12 2.32E-23 3.06E-10 1.00E-38
  7.50E+04 7.69E-17 1.66E-17 2.85E-13 2.19E-12 1.51E-23 3.13E-10 1.00E-38
  1.25E+05 5.15E-17 1.08E-17 2.12E-13 1.62E-12 9.94E-24 3.27E-10 1.00E-38
  1.75E+05 3.51E-17 7.20E-18 1.53E-13 1.16E-12 6.75E-24 3.53E-10 1.00E-38
  3.75E+05 8.39E-18 1.71E-18 3.78E-14 2.87E-13 1.63E-24 5.14E-10 1.00E-38
  5.75E+05 2.14E-18 4.46E-19 1.04E-14 7.89E-14 4.04E-25 6.81E-10 1.00E-38
  7.75E+05 5.37E-19 1.11E-19 3.77E-15 2.86E-14 9.11E-26 8.22E-10 1.00E-38
  9.75E+05 1.81E-19 3.71E-20 1.56E-15 1.18E-14 2.66E-26 9.60E-10 1.00E-38
  1.18E+06 6.99E-20 1.45E-20 5.61E-16 4.26E-15 9.79E-27 1.12E-09 1.00E-38
  1.38E+06 2.04E-20 4.34E-21 1.79E-16 1.36E-15 2.97E-27 1.26E-09 1.00E-38
  1.58E+06 5.65E-21 1.26E-21 5.61E-17 4.26E-16 8.68E-28 1.36E-09 1.00E-38
  1.78E+06 9.83E-22 2.93E-22 9.84E-18 7.47E-17 2.10E-28 1.44E-09 1.00E-38
  1.98E+06 3.81E-23 2.15E-23 3.66E-19 2.78E-18 1.34E-29 1.43E-09 1.00E-38
  2.18E+06 7.19E-25 5.87E-25 5.78E-21 4.39E-20 4.15E-31 1.28E-09 1.00E-38
  2.38E+06 1.11E-26 1.02E-26 6.59E-23 5.00E-22 1.02E-32 1.13E-09 1.00E-38
  2.58E+06 1.22E-28 1.11E-28 4.91E-25 3.72E-24 1.74E-34 9.92E-10 1.00E-38
  2.78E+06 7.88E-31 6.48E-31 2.08E-27 1.58E-26 1.75E-36 8.73E-10 1.00E-38
  2.98E+06 2.70E-33 1.89E-33 4.67E-30 3.55E-29 8.92E-39 7.63E-10 1.00E-38
  3.18E+06 4.88E-36 2.78E-36 5.84E-33 4.43E-32 2.35E-41 6.44E-10 1.00E-38
  3.38E+06 5.28E-39 2.35E-39 4.67E-36 3.55E-35 3.69E-44 5.02E-10 1.00E-38
  3.58E+06 4.13E-42 1.38E-42 2.89E-39 2.19E-38 4.34E-47 3.59E-10 1.00E-38
  3.78E+06 2.75E-45 6.62E-46 1.58E-42 1.20E-41 4.46E-50 2.44E-10 1.00E-38
  3.98E+06 1.66E-48 2.83E-49 7.84E-46 5.95E-45 4.12E-53 1.56E-10 1.00E-38
  4.18E+06 8.79E-52 1.02E-52 3.42E-49 2.59E-48 3.33E-56 9.38E-11 1.00E-38
  4.38E+06 4.19E-55 3.13E-56 1.41E-52 1.07E-51 2.37E-59 5.23E-11 1.00E-38
  4.58E+06 2.19E-58 1.02E-59 7.09E-56 5.38E-55 1.76E-62 2.71E-11 1.00E-38
  4.78E+06 1.68E-61 4.73E-63 5.77E-59 4.38E-58 1.85E-65 1.30E-11 1.00E-38
  4.98E+06 2.28E-64 4.15E-66 8.67E-62 6.58E-61 3.05E-68 5.80E-12 1.00E-38
  5.18E+06 5.81E-67 7.03E-69 2.53E-64 1.92E-63 8.99E-71 2.49E-12 1.00E-38
  5.38E+06 2.80E-69 2.28E-71 1.42E-66 1.08E-65 4.76E-73 1.14E-12 1.00E-38
  5.58E+06 2.54E-71 1.36E-73 1.53E-68 1.16E-67 4.86E-75 6.62E-13 1.00E-38
  5.78E+06 4.29E-73 1.45E-75 3.10E-70 2.35E-69 9.54E-77 5.16E-13 1.00E-38
  5.98E+06 1.29E-74 2.73E-77 1.11E-71 8.46E-71 3.39E-78 4.78E-13 1.00E-38
  6.18E+06 6.39E-76 8.47E-79 6.57E-73 4.98E-72 1.94E-79 4.66E-13 1.00E-38
  6.38E+06 4.88E-77 4.31E-80 5.79E-74 4.40E-73 1.48E-80 4.58E-13 1.00E-38
  6.58E+06 5.32E-78 3.07E-81 7.26E-75 5.51E-74 1.57E-81 4.47E-13 1.00E-38
  6.78E+06 8.01E-79 2.94E-82 1.24E-75 9.43E-75 2.30E-82 4.36E-13 1.00E-38
  6.98E+06 1.62E-79 3.59E-83 2.72E-76 2.07E-75 4.46E-83 4.24E-13 1.00E-38
  7.18E+06 4.22E-80 4.75E-84 6.92E-77 5.25E-76 1.25E-83 3.08E-13 1.00E-38
  7.38E+06 1.33E-80 7.01E-85 1.82E-77 1.38E-76 4.13E-84 8.28E-14 1.00E-38
  7.58E+06 4.55E-81 1.08E-85 4.83E-78 3.67E-77 1.58E-84 2.00E-15 1.00E-38
  7.78E+06 1.62E-81 1.89E-86 1.37E-78 1.04E-77 6.19E-85 6.52E-20 1.00E-38
  7.98E+06 8.15E-82 8.71E-87 5.41E-79 4.11E-78 1.93E-85 2.40E-26 1.00E-38
  8.18E+06 5.72E-82 1.22E-86 3.59E-79 2.72E-78 4.85E-86 6.07E-36 1.00E-38
  8.38E+06 2.36E-82 8.56E-87 2.94E-79 2.23E-78 1.88E-86 1.00E-38 1.00E-38
  8.58E+06 7.31E-83 3.66E-87 2.57E-79 1.95E-78 8.53E-87 1.00E-38 1.00E-38
  8.78E+06 2.30E-83 1.25E-87 2.24E-79 1.71E-78 3.99E-87 1.00E-38 1.00E-38
  8.98E+06 7.37E-84 3.40E-88 1.87E-79 1.44E-78 1.85E-87 1.00E-38 1.00E-38
  9.18E+06 2.25E-84 7.21E-89 1.46E-79 1.13E-78 8.00E-88 1.00E-38 1.00E-38
  9.38E+06 6.29E-85 1.12E-89 1.05E-79 8.20E-79 3.47E-88 1.00E-38 1.00E-38
  9.58E+06 1.78E-85 1.57E-90 6.86E-80 5.46E-79 1.40E-88 1.00E-38 1.00E-38
  9.78E+06 4.70E-86 1.67E-91 4.19E-80 3.40E-79 6.16E-89 1.00E-38 1.00E-38
  9.98E+06 1.23E-86 1.68E-92 2.43E-80 2.01E-79 2.65E-89 1.00E-38 1.00E-38
 NW =                   750    WAVELENGTH GRID:   1176.5000000000000       -   10000.000000000000       Angstroms


 PHOTOLYSIS RATES

     Z      PO2_O1D    PO2_O3P    PH2O_1     PH2O_2     PH2O_3     PO3_O1D    PO3_O      PO3_3O     
 2.50E+04   0.00E+00   4.45E-36   9.47E-38   0.00E+00   0.00E+00   7.25E-06   2.05E-04   3.76E-42
 1.75E+05   0.00E+00   6.82E-33   3.24E-34   0.00E+00   0.00E+00   8.50E-06   2.12E-04   1.71E-35
 3.25E+05   0.00E+00   5.96E-30   5.75E-31   0.00E+00   0.00E+00   9.62E-06   2.19E-04   1.92E-30
 4.75E+05   0.00E+00   2.60E-27   5.15E-28   0.00E+00   0.00E+00   1.06E-05   2.25E-04   1.54E-26
 6.25E+05   0.00E+00   5.74E-25   2.21E-25   0.00E+00   0.00E+00   1.16E-05   2.31E-04   1.95E-23
 7.75E+05   0.00E+00   6.69E-23   4.34E-23   0.00E+00   0.00E+00   1.24E-05   2.36E-04   6.96E-21
 9.25E+05   0.00E+00   4.31E-21   4.09E-21   0.00E+00   0.00E+00   1.33E-05   2.41E-04   9.64E-19
 1.08E+06   0.00E+00   1.58E-19   1.98E-19   0.00E+00   0.00E+00   1.41E-05   2.45E-04   6.20E-17
 1.22E+06   0.00E+00   3.41E-18   5.20E-18   0.00E+00   0.00E+00   1.50E-05   2.49E-04   2.04E-15
 1.38E+06   0.00E+00   4.46E-17   7.90E-17   0.00E+00   0.00E+00   1.59E-05   2.52E-04   3.69E-14
 1.52E+06   0.00E+00   3.75E-16   7.48E-16   0.00E+00   0.00E+00   1.67E-05   2.55E-04   4.00E-13
 1.68E+06   0.00E+00   2.17E-15   4.75E-15   0.00E+00   0.00E+00   1.76E-05   2.57E-04   2.83E-12
 1.82E+06   0.00E+00   9.22E-15   2.18E-14   0.00E+00   0.00E+00   1.86E-05   2.59E-04   1.41E-11
 1.98E+06   0.00E+00   3.17E-14   7.86E-14   0.00E+00   0.00E+00   2.00E-05   2.61E-04   5.44E-11
 2.12E+06   0.00E+00   9.54E-14   2.43E-13   0.00E+00   0.00E+00   2.21E-05   2.63E-04   1.77E-10
 2.28E+06   0.00E+00   2.60E-13   6.72E-13   0.00E+00   0.00E+00   2.54E-05   2.65E-04   5.05E-10
 2.42E+06   0.00E+00   6.46E-13   1.69E-12   0.00E+00   0.00E+00   3.00E-05   2.67E-04   1.29E-09
 2.58E+06   0.00E+00   1.48E-12   3.93E-12   0.00E+00   0.00E+00   3.66E-05   2.70E-04   2.99E-09
 2.72E+06   0.00E+00   3.10E-12   8.46E-12   0.00E+00   0.00E+00   4.57E-05   2.73E-04   6.27E-09
 2.88E+06   0.00E+00   6.02E-12   1.69E-11   0.00E+00   0.00E+00   5.83E-05   2.76E-04   1.20E-08
 3.02E+06   5.44-173   1.09E-11   3.11E-11   2.47-170   3.70-170   7.56E-05   2.79E-04   2.11E-08
 3.18E+06   1.05-141   1.83E-11   5.32E-11   4.73-139   7.10-139   9.91E-05   2.83E-04   3.43E-08
 3.32E+06   8.10-117   2.91E-11   8.53E-11   3.67-114   5.50-114   1.31E-04   2.88E-04   5.18E-08
 3.48E+06   4.99E-97   4.38E-11   1.30E-10   2.26E-94   3.39E-94   1.74E-04   2.94E-04   7.34E-08
 3.62E+06   2.77E-81   6.29E-11   1.91E-10   1.25E-78   1.88E-78   2.30E-04   3.01E-04   9.88E-08
 3.78E+06   9.84E-69   8.68E-11   2.73E-10   4.46E-66   6.68E-66   3.04E-04   3.10E-04   1.27E-07
 3.92E+06   1.07E-58   1.15E-10   3.85E-10   4.84E-56   7.26E-56   4.05E-04   3.22E-04   1.58E-07
 4.08E+06   1.20E-50   1.48E-10   5.33E-10   5.42E-48   8.14E-48   5.53E-04   3.38E-04   1.91E-07
 4.22E+06   3.55E-44   1.84E-10   7.22E-10   1.61E-41   2.41E-41   7.71E-04   3.63E-04   2.25E-07
 4.38E+06   5.90E-39   2.21E-10   9.50E-10   2.67E-36   4.01E-36   1.07E-03   3.97E-04   2.59E-07
 4.52E+06   1.02E-34   2.57E-10   1.22E-09   4.62E-32   6.93E-32   1.44E-03   4.38E-04   2.92E-07
 4.68E+06   3.09E-31   2.90E-10   1.51E-09   1.40E-28   2.10E-28   1.83E-03   4.81E-04   3.24E-07
 4.82E+06   2.49E-28   3.19E-10   1.84E-09   1.13E-25   1.69E-25   2.19E-03   5.22E-04   3.55E-07
 4.98E+06   7.17E-26   3.45E-10   2.20E-09   3.25E-23   4.87E-23   2.52E-03   5.58E-04   3.85E-07
 5.12E+06   8.74E-24   3.70E-10   2.58E-09   3.96E-21   5.94E-21   2.80E-03   5.89E-04   4.13E-07
 5.28E+06   5.06E-22   3.94E-10   3.00E-09   2.29E-19   3.44E-19   3.03E-03   6.15E-04   4.41E-07
 5.42E+06   1.53E-20   4.19E-10   3.49E-09   6.94E-18   1.04E-17   3.21E-03   6.36E-04   4.67E-07
 5.58E+06   2.66E-19   4.44E-10   4.08E-09   1.21E-16   1.81E-16   3.36E-03   6.53E-04   4.93E-07
 5.72E+06   2.88E-18   4.73E-10   4.83E-09   1.30E-15   1.95E-15   3.47E-03   6.65E-04   5.18E-07
 5.88E+06   2.08E-17   5.05E-10   5.81E-09   9.44E-15   1.42E-14   3.55E-03   6.75E-04   5.43E-07
 6.02E+06   1.08E-16   5.41E-10   7.05E-09   4.89E-14   7.33E-14   3.61E-03   6.82E-04   5.68E-07
 6.18E+06   4.22E-16   5.82E-10   8.58E-09   1.91E-13   2.87E-13   3.66E-03   6.87E-04   5.92E-07
 6.32E+06   1.31E-15   6.29E-10   1.04E-08   5.90E-13   8.85E-13   3.69E-03   6.91E-04   6.16E-07
 6.48E+06   3.49E-15   6.81E-10   1.25E-08   1.53E-12   2.30E-12   3.71E-03   6.94E-04   6.40E-07
 6.62E+06   1.11E-14   7.42E-10   1.48E-08   4.00E-12   6.00E-12   3.73E-03   6.96E-04   6.63E-07
 6.78E+06   5.95E-14   8.13E-10   1.75E-08   1.53E-11   2.29E-11   3.74E-03   6.98E-04   6.86E-07
 6.92E+06   3.66E-13   8.99E-10   2.09E-08   7.89E-11   1.18E-10   3.75E-03   6.99E-04   7.09E-07
 7.08E+06   1.81E-12   1.00E-09   2.66E-08   3.69E-10   5.53E-10   3.76E-03   7.00E-04   7.35E-07
 7.22E+06   6.87E-12   1.14E-09   3.84E-08   1.37E-09   2.05E-09   3.76E-03   7.00E-04   7.70E-07
 7.38E+06   2.06E-11   1.32E-09   6.36E-08   4.02E-09   6.02E-09   3.77E-03   7.01E-04   8.28E-07
 7.52E+06   5.03E-11   1.58E-09   1.13E-07   9.68E-09   1.45E-08   3.77E-03   7.01E-04   9.29E-07
 7.68E+06   1.04E-10   1.96E-09   1.98E-07   1.97E-08   2.96E-08   3.77E-03   7.01E-04   1.09E-06
 7.82E+06   1.87E-10   2.50E-09   3.23E-07   3.49E-08   5.24E-08   3.77E-03   7.01E-04   1.32E-06
 7.98E+06   2.98E-10   3.25E-09   4.89E-07   5.51E-08   8.26E-08   3.77E-03   7.01E-04   1.62E-06
 8.12E+06   4.31E-10   4.26E-09   6.87E-07   7.90E-08   1.18E-07   3.77E-03   7.01E-04   1.98E-06
 8.28E+06   5.79E-10   5.57E-09   9.03E-07   1.05E-07   1.57E-07   3.77E-03   7.01E-04   2.36E-06
 8.42E+06   7.38E-10   7.23E-09   1.13E-06   1.31E-07   1.97E-07   3.77E-03   7.02E-04   2.75E-06
 8.58E+06   9.29E-10   9.30E-09   1.35E-06   1.57E-07   2.35E-07   3.77E-03   7.02E-04   3.12E-06
 8.72E+06   1.20E-09   1.19E-08   1.57E-06   1.81E-07   2.72E-07   3.78E-03   7.02E-04   3.50E-06
 8.88E+06   1.64E-09   1.53E-08   1.80E-06   2.06E-07   3.09E-07   3.78E-03   7.02E-04   3.88E-06
 9.02E+06   2.35E-09   1.98E-08   2.04E-06   2.31E-07   3.46E-07   3.78E-03   7.02E-04   4.28E-06
 9.18E+06   3.63E-09   2.58E-08   2.30E-06   2.57E-07   3.85E-07   3.78E-03   7.02E-04   4.70E-06
 9.32E+06   6.52E-09   3.34E-08   2.59E-06   2.85E-07   4.25E-07   3.78E-03   7.03E-04   5.15E-06
 9.48E+06   1.41E-08   4.26E-08   2.91E-06   3.13E-07   4.64E-07   3.78E-03   7.03E-04   5.61E-06
 9.62E+06   3.48E-08   5.32E-08   3.29E-06   3.41E-07   5.03E-07   3.78E-03   7.03E-04   6.08E-06
 9.78E+06   9.32E-08   6.52E-08   3.80E-06   3.70E-07   5.40E-07   3.78E-03   7.03E-04   6.57E-06
 9.92E+06   3.37E-07   8.32E-08   4.67E-06   4.01E-07   5.75E-07   3.78E-03   7.03E-04   7.14E-06

     Z      PH2O2      PCO2_1     PCO2_2     PH2CO_1    PH2CO_2    PHO2       PCH4_1     PCH4_2     
 2.50E+04   2.01E-06   6.87E-47   0.00E+00   1.69E-05   9.87E-06   3.69E-30   0.00E+00   0.00E+00
 1.75E+05   2.28E-06   3.58E-40   0.00E+00   1.94E-05   1.16E-05   5.51E-27   0.00E+00   0.00E+00
 3.25E+05   2.51E-06   4.10E-35   0.00E+00   2.16E-05   1.31E-05   4.70E-24   0.00E+00   0.00E+00
 4.75E+05   2.70E-06   3.28E-31   0.00E+00   2.37E-05   1.45E-05   2.01E-21   0.00E+00   0.00E+00
 6.25E+05   2.85E-06   4.11E-28   0.00E+00   2.55E-05   1.57E-05   4.36E-19   0.00E+00   0.00E+00
 7.75E+05   2.98E-06   1.43E-25   0.00E+00   2.72E-05   1.69E-05   4.98E-17   0.00E+00   0.00E+00
 9.25E+05   3.08E-06   1.94E-23   0.00E+00   2.87E-05   1.80E-05   3.15E-15   0.00E+00   0.00E+00
 1.08E+06   3.18E-06   1.22E-21   0.00E+00   3.00E-05   1.90E-05   1.14E-13   0.00E+00   0.00E+00
 1.22E+06   3.28E-06   3.98E-20   0.00E+00   3.12E-05   1.99E-05   2.42E-12   0.00E+00   0.00E+00
 1.38E+06   3.38E-06   7.16E-19   0.00E+00   3.22E-05   2.07E-05   3.13E-11   0.00E+00   0.00E+00
 1.52E+06   3.47E-06   7.77E-18   0.00E+00   3.31E-05   2.14E-05   2.61E-10   0.00E+00   0.00E+00
 1.68E+06   3.56E-06   5.50E-17   0.00E+00   3.38E-05   2.20E-05   1.50E-09   0.00E+00   0.00E+00
 1.82E+06   3.65E-06   2.74E-16   0.00E+00   3.44E-05   2.25E-05   6.35E-09   0.00E+00   0.00E+00
 1.98E+06   3.76E-06   1.06E-15   0.00E+00   3.50E-05   2.31E-05   2.17E-08   0.00E+00   0.00E+00
 2.12E+06   3.88E-06   3.44E-15   0.00E+00   3.55E-05   2.37E-05   6.51E-08   0.00E+00   0.00E+00
 2.28E+06   4.04E-06   9.94E-15   0.00E+00   3.60E-05   2.45E-05   1.76E-07   0.00E+00   0.00E+00
 2.42E+06   4.25E-06   2.62E-14   0.00E+00   3.66E-05   2.54E-05   4.37E-07   0.00E+00   0.00E+00
 2.58E+06   4.52E-06   6.37E-14   0.00E+00   3.71E-05   2.65E-05   9.93E-07   0.00E+00   0.00E+00
 2.72E+06   4.88E-06   1.44E-13   0.00E+00   3.77E-05   2.77E-05   2.08E-06   0.00E+00   0.00E+00
 2.88E+06   5.36E-06   2.99E-13   0.00E+00   3.83E-05   2.91E-05   4.03E-06   0.00E+00   0.00E+00
 3.02E+06   6.01E-06   5.72E-13   1.09-171   3.90E-05   3.06E-05   7.27E-06   8.89-170   1.73-169
 3.18E+06   6.87E-06   1.00E-12   2.10-140   3.96E-05   3.21E-05   1.23E-05   1.71-138   3.31-138
 3.32E+06   7.98E-06   1.64E-12   1.63-115   4.03E-05   3.38E-05   1.96E-05   1.32-113   2.57-113
 3.48E+06   9.40E-06   2.50E-12   1.00E-95   4.10E-05   3.55E-05   2.96E-05   8.14E-94   1.58E-93
 3.62E+06   1.11E-05   3.62E-12   5.57E-80   4.16E-05   3.73E-05   4.28E-05   4.52E-78   8.78E-78
 3.78E+06   1.32E-05   5.04E-12   1.98E-67   4.23E-05   3.90E-05   5.92E-05   1.61E-65   3.12E-65
 3.92E+06   1.56E-05   6.80E-12   2.15E-57   4.30E-05   4.06E-05   7.92E-05   1.75E-55   3.39E-55
 4.08E+06   1.85E-05   8.92E-12   2.41E-49   4.36E-05   4.21E-05   1.02E-04   1.96E-47   3.80E-47
 4.22E+06   2.19E-05   1.14E-11   7.14E-43   4.42E-05   4.35E-05   1.28E-04   5.80E-41   1.13E-40
 4.38E+06   2.57E-05   1.42E-11   1.19E-37   4.48E-05   4.47E-05   1.55E-04   9.64E-36   1.87E-35
 4.52E+06   2.97E-05   1.73E-11   2.05E-33   4.53E-05   4.57E-05   1.81E-04   1.67E-31   3.23E-31
 4.68E+06   3.36E-05   2.06E-11   6.22E-30   4.57E-05   4.65E-05   2.04E-04   5.05E-28   9.80E-28
 4.82E+06   3.70E-05   2.41E-11   5.01E-27   4.61E-05   4.72E-05   2.23E-04   4.07E-25   7.90E-25
 4.98E+06   4.00E-05   2.77E-11   1.44E-24   4.64E-05   4.77E-05   2.39E-04   1.17E-22   2.27E-22
 5.12E+06   4.24E-05   3.15E-11   1.76E-22   4.66E-05   4.80E-05   2.52E-04   1.43E-20   2.77E-20
 5.28E+06   4.44E-05   3.54E-11   1.02E-20   4.68E-05   4.83E-05   2.63E-04   8.27E-19   1.60E-18
 5.42E+06   4.60E-05   3.95E-11   3.08E-19   4.70E-05   4.85E-05   2.71E-04   2.50E-17   4.86E-17
 5.58E+06   4.73E-05   4.40E-11   5.35E-18   4.71E-05   4.87E-05   2.78E-04   4.34E-16   8.43E-16
 5.72E+06   4.82E-05   4.89E-11   5.78E-17   4.72E-05   4.88E-05   2.83E-04   4.70E-15   9.12E-15
 5.88E+06   4.89E-05   5.44E-11   4.19E-16   4.72E-05   4.89E-05   2.87E-04   3.40E-14   6.61E-14
 6.02E+06   4.94E-05   6.07E-11   2.17E-15   4.73E-05   4.90E-05   2.90E-04   1.76E-13   3.42E-13
 6.18E+06   4.98E-05   6.77E-11   8.48E-15   4.73E-05   4.91E-05   2.92E-04   6.89E-13   1.34E-12
 6.32E+06   5.01E-05   7.54E-11   2.62E-14   4.73E-05   4.91E-05   2.94E-04   2.13E-12   4.13E-12
 6.48E+06   5.03E-05   8.38E-11   6.83E-14   4.73E-05   4.91E-05   2.96E-04   5.56E-12   1.06E-11
 6.62E+06   5.04E-05   9.28E-11   1.84E-13   4.74E-05   4.91E-05   2.97E-04   1.51E-11   2.63E-11
 6.78E+06   5.06E-05   1.03E-10   7.50E-13   4.74E-05   4.92E-05   2.98E-04   6.34E-11   8.74E-11
 6.92E+06   5.07E-05   1.13E-10   4.03E-12   4.74E-05   4.92E-05   2.99E-04   3.46E-10   4.07E-10
 7.08E+06   5.07E-05   1.24E-10   1.91E-11   4.74E-05   4.92E-05   2.99E-04   1.64E-09   1.84E-09
 7.22E+06   5.08E-05   1.37E-10   7.09E-11   4.74E-05   4.92E-05   3.00E-04   6.10E-09   6.71E-09
 7.38E+06   5.08E-05   1.52E-10   2.09E-10   4.74E-05   4.92E-05   3.00E-04   1.79E-08   1.96E-08
 7.52E+06   5.09E-05   1.69E-10   5.02E-10   4.74E-05   4.92E-05   3.01E-04   4.32E-08   4.70E-08
 7.68E+06   5.10E-05   1.90E-10   1.02E-09   4.75E-05   4.93E-05   3.01E-04   8.79E-08   9.55E-08
 7.82E+06   5.12E-05   2.16E-10   1.81E-09   4.75E-05   4.93E-05   3.01E-04   1.55E-07   1.69E-07
 7.98E+06   5.14E-05   2.46E-10   2.85E-09   4.76E-05   4.94E-05   3.02E-04   2.45E-07   2.65E-07
 8.12E+06   5.16E-05   2.82E-10   4.09E-09   4.77E-05   4.95E-05   3.02E-04   3.50E-07   3.79E-07
 8.28E+06   5.19E-05   3.25E-10   5.43E-09   4.78E-05   4.96E-05   3.02E-04   4.65E-07   5.03E-07
 8.42E+06   5.22E-05   3.73E-10   6.80E-09   4.79E-05   4.97E-05   3.03E-04   5.81E-07   6.28E-07
 8.58E+06   5.24E-05   4.28E-10   8.13E-09   4.80E-05   4.98E-05   3.03E-04   6.94E-07   7.51E-07
 8.72E+06   5.27E-05   4.89E-10   9.45E-09   4.81E-05   4.99E-05   3.03E-04   8.06E-07   8.71E-07
 8.88E+06   5.30E-05   5.59E-10   1.08E-08   4.81E-05   5.00E-05   3.04E-04   9.19E-07   9.94E-07
 9.02E+06   5.33E-05   6.43E-10   1.23E-08   4.82E-05   5.01E-05   3.04E-04   1.04E-06   1.12E-06
 9.18E+06   5.36E-05   7.46E-10   1.40E-08   4.84E-05   5.02E-05   3.04E-04   1.17E-06   1.26E-06
 9.32E+06   5.39E-05   8.81E-10   1.60E-08   4.85E-05   5.03E-05   3.05E-04   1.31E-06   1.41E-06
 9.48E+06   5.42E-05   1.09E-09   1.85E-08   4.88E-05   5.06E-05   3.05E-04   1.46E-06   1.57E-06
 9.62E+06   5.46E-05   1.47E-09   2.14E-08   4.92E-05   5.10E-05   3.05E-04   1.61E-06   1.73E-06
 9.78E+06   5.51E-05   2.27E-09   2.52E-08   4.97E-05   5.15E-05   3.05E-04   1.77E-06   1.89E-06
 9.92E+06   5.59E-05   3.87E-09   3.56E-08   5.05E-05   5.23E-05   3.06E-04   1.95E-06   2.06E-06

     Z      PCH4_3     PCH3_1     PC2H6_1    PC2H6_2    PHNO2_1    PHNO3      PHNO3_3    PHNO3_1    
 2.50E+04   0.00E+00   2.34E-30   0.00E+00   0.00E+00   5.46E-04   1.56E-07   5.82E-42   4.18E-42
 1.75E+05   0.00E+00   4.31E-27   0.00E+00   0.00E+00   6.08E-04   1.77E-07   3.13E-35   2.25E-35
 3.25E+05   0.00E+00   3.48E-24   0.00E+00   0.00E+00   6.63E-04   1.93E-07   3.57E-30   2.56E-30
 4.75E+05   0.00E+00   1.31E-21   0.00E+00   0.00E+00   7.13E-04   2.05E-07   2.83E-26   2.03E-26
 6.25E+05   0.00E+00   2.54E-19   0.00E+00   0.00E+00   7.58E-04   2.13E-07   3.51E-23   2.52E-23
 7.75E+05   0.00E+00   2.75E-17   0.00E+00   0.00E+00   7.97E-04   2.17E-07   1.21E-20   8.71E-21
 9.25E+05   0.00E+00   1.69E-15   0.00E+00   0.00E+00   8.33E-04   2.19E-07   1.64E-18   1.18E-18
 1.08E+06   0.00E+00   5.99E-14   0.00E+00   0.00E+00   8.64E-04   2.21E-07   1.04E-16   7.48E-17
 1.22E+06   0.00E+00   1.26E-12   0.00E+00   0.00E+00   8.91E-04   2.23E-07   3.45E-15   2.48E-15
 1.38E+06   0.00E+00   1.60E-11   0.00E+00   0.00E+00   9.14E-04   2.28E-07   6.41E-14   4.60E-14
 1.52E+06   0.00E+00   1.32E-10   0.00E+00   0.00E+00   9.33E-04   2.33E-07   7.19E-13   5.16E-13
 1.68E+06   0.00E+00   7.48E-10   0.00E+00   0.00E+00   9.48E-04   2.39E-07   5.26E-12   3.78E-12
 1.82E+06   0.00E+00   3.13E-09   0.00E+00   0.00E+00   9.61E-04   2.52E-07   2.72E-11   1.95E-11
 1.98E+06   0.00E+00   1.06E-08   0.00E+00   0.00E+00   9.71E-04   2.76E-07   1.09E-10   7.79E-11
 2.12E+06   0.00E+00   3.16E-08   0.00E+00   0.00E+00   9.79E-04   3.19E-07   3.67E-10   2.63E-10
 2.28E+06   0.00E+00   8.57E-08   0.00E+00   0.00E+00   9.86E-04   4.01E-07   1.11E-09   7.97E-10
 2.42E+06   0.00E+00   2.13E-07   0.00E+00   0.00E+00   9.92E-04   5.60E-07   3.11E-09   2.23E-09
 2.58E+06   0.00E+00   4.91E-07   0.00E+00   0.00E+00   9.97E-04   8.58E-07   8.15E-09   5.85E-09
 2.72E+06   0.00E+00   1.05E-06   0.00E+00   0.00E+00   1.00E-03   1.38E-06   1.99E-08   1.43E-08
 2.88E+06   0.00E+00   2.09E-06   0.00E+00   0.00E+00   1.01E-03   2.22E-06   4.43E-08   3.18E-08
 3.02E+06   2.66-169   3.90E-06   0.00E+00   0.00E+00   1.01E-03   3.47E-06   8.96E-08   6.43E-08
 3.18E+06   5.11-138   6.80E-06   0.00E+00   0.00E+00   1.02E-03   5.19E-06   1.65E-07   1.18E-07
 3.32E+06   3.96-113   1.11E-05   0.00E+00   0.00E+00   1.02E-03   7.40E-06   2.78E-07   2.00E-07
 3.48E+06   2.44E-93   1.68E-05   0.00E+00   0.00E+00   1.03E-03   1.01E-05   4.37E-07   3.13E-07
 3.62E+06   1.35E-77   2.39E-05   0.00E+00   0.00E+00   1.03E-03   1.31E-05   6.44E-07   4.62E-07
 3.78E+06   4.81E-65   3.18E-05   0.00E+00   0.00E+00   1.04E-03   1.64E-05   9.03E-07   6.48E-07
 3.92E+06   5.23E-55   4.00E-05   0.00E+00   0.00E+00   1.05E-03   1.99E-05   1.21E-06   8.72E-07
 4.08E+06   5.86E-47   4.81E-05   2.09-146   5.22-147   1.06E-03   2.34E-05   1.57E-06   1.13E-06
 4.22E+06   1.74E-40   5.54E-05   1.58-121   3.96-122   1.07E-03   2.71E-05   1.98E-06   1.42E-06
 4.38E+06   2.89E-35   6.17E-05   1.94-101   4.85-102   1.09E-03   3.06E-05   2.41E-06   1.73E-06
 4.52E+06   4.99E-31   6.67E-05   3.74E-85   9.36E-86   1.10E-03   3.40E-05   2.86E-06   2.05E-06
 4.68E+06   1.51E-27   7.07E-05   7.05E-72   1.76E-72   1.11E-03   3.70E-05   3.31E-06   2.38E-06
 4.82E+06   1.22E-24   7.38E-05   5.26E-61   1.32E-61   1.12E-03   3.96E-05   3.77E-06   2.71E-06
 4.98E+06   3.50E-22   7.61E-05   4.72E-52   1.18E-52   1.13E-03   4.17E-05   4.23E-06   3.04E-06
 5.12E+06   4.27E-20   7.80E-05   1.19E-44   2.97E-45   1.13E-03   4.36E-05   4.68E-06   3.36E-06
 5.28E+06   2.48E-18   7.95E-05   1.63E-38   4.08E-39   1.14E-03   4.50E-05   5.13E-06   3.68E-06
 5.42E+06   7.50E-17   8.06E-05   2.12E-33   5.30E-34   1.14E-03   4.62E-05   5.56E-06   3.99E-06
 5.58E+06   1.30E-15   8.15E-05   4.24E-29   1.06E-29   1.15E-03   4.72E-05   6.00E-06   4.31E-06
 5.72E+06   1.41E-14   8.22E-05   2.04E-25   5.09E-26   1.15E-03   4.79E-05   6.43E-06   4.61E-06
 5.88E+06   1.02E-13   8.28E-05   3.06E-22   7.66E-23   1.15E-03   4.85E-05   6.86E-06   4.92E-06
 6.02E+06   5.28E-13   8.32E-05   1.58E-19   3.96E-20   1.15E-03   4.89E-05   7.29E-06   5.23E-06
 6.18E+06   2.06E-12   8.35E-05   3.04E-17   7.60E-18   1.16E-03   4.93E-05   7.71E-06   5.54E-06
 6.32E+06   6.36E-12   8.38E-05   2.42E-15   6.06E-16   1.16E-03   4.95E-05   8.13E-06   5.84E-06
 6.48E+06   1.61E-11   8.40E-05   9.08E-14   2.27E-14   1.16E-03   4.97E-05   8.55E-06   6.14E-06
 6.62E+06   3.51E-11   8.42E-05   1.80E-12   4.49E-13   1.16E-03   4.98E-05   8.95E-06   6.43E-06
 6.78E+06   7.19E-11   8.43E-05   2.09E-11   5.22E-12   1.16E-03   4.99E-05   9.34E-06   6.71E-06
 6.92E+06   1.64E-10   8.44E-05   1.57E-10   3.93E-11   1.16E-03   5.00E-05   9.72E-06   6.98E-06
 7.08E+06   4.52E-10   8.45E-05   8.28E-10   2.07E-10   1.16E-03   5.01E-05   1.01E-05   7.25E-06
 7.22E+06   1.33E-09   8.46E-05   3.26E-09   8.16E-10   1.16E-03   5.02E-05   1.05E-05   7.51E-06
 7.38E+06   3.54E-09   8.46E-05   1.01E-08   2.53E-09   1.16E-03   5.02E-05   1.08E-05   7.77E-06
 7.52E+06   8.17E-09   8.46E-05   2.56E-08   6.40E-09   1.16E-03   5.04E-05   1.12E-05   8.05E-06
 7.68E+06   1.62E-08   8.47E-05   5.46E-08   1.36E-08   1.16E-03   5.05E-05   1.16E-05   8.34E-06
 7.82E+06   2.83E-08   8.47E-05   1.01E-07   2.52E-08   1.16E-03   5.08E-05   1.21E-05   8.67E-06
 7.98E+06   4.42E-08   8.47E-05   1.64E-07   4.10E-08   1.16E-03   5.12E-05   1.26E-05   9.02E-06
 8.12E+06   6.30E-08   8.47E-05   2.42E-07   6.05E-08   1.16E-03   5.16E-05   1.31E-05   9.41E-06
 8.28E+06   8.32E-08   8.47E-05   3.28E-07   8.20E-08   1.16E-03   5.21E-05   1.37E-05   9.82E-06
 8.42E+06   1.04E-07   8.47E-05   4.17E-07   1.04E-07   1.16E-03   5.27E-05   1.43E-05   1.02E-05
 8.58E+06   1.24E-07   8.48E-05   5.03E-07   1.26E-07   1.16E-03   5.32E-05   1.49E-05   1.07E-05
 8.72E+06   1.44E-07   8.48E-05   5.82E-07   1.45E-07   1.16E-03   5.38E-05   1.54E-05   1.11E-05
 8.88E+06   1.65E-07   8.48E-05   6.53E-07   1.63E-07   1.16E-03   5.43E-05   1.60E-05   1.15E-05
 9.02E+06   1.88E-07   8.48E-05   7.14E-07   1.79E-07   1.16E-03   5.48E-05   1.66E-05   1.19E-05
 9.18E+06   2.12E-07   8.48E-05   7.69E-07   1.92E-07   1.16E-03   5.53E-05   1.72E-05   1.23E-05
 9.32E+06   2.39E-07   8.48E-05   8.18E-07   2.04E-07   1.16E-03   5.57E-05   1.78E-05   1.28E-05
 9.48E+06   2.67E-07   8.48E-05   8.64E-07   2.16E-07   1.16E-03   5.61E-05   1.84E-05   1.32E-05
 9.62E+06   2.96E-07   8.48E-05   9.10E-07   2.27E-07   1.16E-03   5.65E-05   1.90E-05   1.37E-05
 9.78E+06   3.25E-07   8.48E-05   9.59E-07   2.40E-07   1.16E-03   5.71E-05   1.98E-05   1.42E-05
 9.92E+06   3.54E-07   8.48E-05   1.04E-06   2.59E-07   1.16E-03   5.80E-05   2.08E-05   1.50E-05

     Z      PNO        PNO2_O1D   PNO2       PSO        PH2S       PSO2       PSO2_SO21  PSO2_SO23  
 2.50E+04   0.00E+00   2.02E-31   3.61E-03   2.76E-30   2.53E-14   1.73E-30   3.65E-05   4.32E-07
 1.75E+05   0.00E+00   2.90E-28   3.97E-03   5.35E-27   3.14E-14   3.14E-27   4.36E-05   4.77E-07
 3.25E+05   0.00E+00   2.39E-25   4.29E-03   5.56E-24   3.74E-14   3.15E-24   5.01E-05   5.18E-07
 4.75E+05   0.00E+00   9.92E-23   4.58E-03   2.72E-21   4.34E-14   1.53E-21   5.62E-05   5.54E-07
 6.25E+05   0.00E+00   2.09E-20   4.84E-03   6.51E-19   4.96E-14   3.70E-19   6.20E-05   5.87E-07
 7.75E+05   7.74-161   2.32E-18   5.07E-03   8.08E-17   5.60E-14   4.70E-17   6.75E-05   6.16E-07
 9.25E+05   7.07-130   1.43E-16   5.28E-03   5.45E-15   6.49E-14   3.23E-15   7.26E-05   6.42E-07
 1.08E+06   2.25-105   5.08E-15   5.46E-03   2.07E-13   1.59E-13   1.25E-13   7.75E-05   6.64E-07
 1.22E+06   1.16E-85   1.06E-13   5.62E-03   4.56E-12   2.10E-12   2.78E-12   8.21E-05   6.84E-07
 1.38E+06   9.79E-70   1.36E-12   5.75E-03   6.05E-11   2.74E-11   3.72E-11   8.63E-05   7.00E-07
 1.52E+06   5.89E-57   1.12E-11   5.86E-03   5.14E-10   2.35E-10   3.18E-10   9.02E-05   7.14E-07
 1.68E+06   8.55E-47   6.40E-11   5.95E-03   2.99E-09   1.38E-09   1.86E-09   9.37E-05   7.25E-07
 1.82E+06   8.36E-39   2.69E-10   6.02E-03   1.28E-08   5.91E-09   7.97E-09   9.73E-05   7.34E-07
 1.98E+06   1.43E-32   9.18E-10   6.08E-03   4.39E-08   2.04E-08   2.74E-08   1.02E-04   7.41E-07
 2.12E+06   1.12E-27   2.75E-09   6.13E-03   1.32E-07   6.09E-08   8.17E-08   1.08E-04   7.47E-07
 2.28E+06   8.57E-24   7.48E-09   6.17E-03   3.54E-07   1.63E-07   2.19E-07   1.16E-04   7.51E-07
 2.42E+06   1.14E-20   1.86E-08   6.20E-03   8.67E-07   3.98E-07   5.34E-07   1.27E-04   7.54E-07
 2.58E+06   3.96E-18   4.27E-08   6.23E-03   1.94E-06   8.84E-07   1.19E-06   1.41E-04   7.57E-07
 2.72E+06   4.84E-16   9.06E-08   6.26E-03   3.97E-06   1.80E-06   2.41E-06   1.59E-04   7.59E-07
 2.88E+06   2.49E-14   1.78E-07   6.29E-03   7.49E-06   3.37E-06   4.51E-06   1.81E-04   7.61E-07
 3.02E+06   6.23E-13   3.26E-07   6.31E-03   1.30E-05   5.85E-06   7.81E-06   2.08E-04   7.62E-07
 3.18E+06   8.51E-12   5.59E-07   6.33E-03   2.11E-05   9.45E-06   1.26E-05   2.40E-04   7.63E-07
 3.32E+06   7.06E-11   9.08E-07   6.35E-03   3.19E-05   1.43E-05   1.90E-05   2.77E-04   7.64E-07
 3.48E+06   3.89E-10   1.40E-06   6.37E-03   4.55E-05   2.05E-05   2.70E-05   3.20E-04   7.65E-07
 3.62E+06   1.54E-09   2.06E-06   6.38E-03   6.13E-05   2.80E-05   3.64E-05   3.68E-04   7.66E-07
 3.78E+06   4.67E-09   2.91E-06   6.40E-03   7.87E-05   3.65E-05   4.68E-05   4.20E-04   7.66E-07
 3.92E+06   1.15E-08   3.94E-06   6.41E-03   9.70E-05   4.58E-05   5.78E-05   4.75E-04   7.66E-07
 4.08E+06   2.42E-08   5.15E-06   6.42E-03   1.15E-04   5.56E-05   6.87E-05   5.32E-04   7.67E-07
 4.22E+06   4.45E-08   6.47E-06   6.43E-03   1.32E-04   6.54E-05   7.91E-05   5.90E-04   7.67E-07
 4.38E+06   7.40E-08   7.81E-06   6.44E-03   1.48E-04   7.46E-05   8.84E-05   6.45E-04   7.67E-07
 4.52E+06   1.13E-07   9.05E-06   6.45E-03   1.60E-04   8.29E-05   9.62E-05   6.96E-04   7.67E-07
 4.68E+06   1.63E-07   1.01E-05   6.46E-03   1.71E-04   8.99E-05   1.03E-04   7.40E-04   7.67E-07
 4.82E+06   2.23E-07   1.10E-05   6.46E-03   1.80E-04   9.56E-05   1.08E-04   7.76E-04   7.67E-07
 4.98E+06   2.92E-07   1.17E-05   6.47E-03   1.87E-04   1.00E-04   1.12E-04   8.05E-04   7.67E-07
 5.12E+06   3.71E-07   1.23E-05   6.47E-03   1.92E-04   1.04E-04   1.16E-04   8.28E-04   7.67E-07
 5.28E+06   4.57E-07   1.28E-05   6.47E-03   1.97E-04   1.07E-04   1.19E-04   8.46E-04   7.68E-07
 5.42E+06   5.51E-07   1.32E-05   6.47E-03   2.01E-04   1.10E-04   1.21E-04   8.61E-04   7.68E-07
 5.58E+06   6.51E-07   1.35E-05   6.48E-03   2.04E-04   1.12E-04   1.23E-04   8.72E-04   7.68E-07
 5.72E+06   7.58E-07   1.37E-05   6.48E-03   2.07E-04   1.14E-04   1.25E-04   8.80E-04   7.68E-07
 5.88E+06   8.70E-07   1.39E-05   6.48E-03   2.09E-04   1.16E-04   1.26E-04   8.86E-04   7.68E-07
 6.02E+06   9.87E-07   1.40E-05   6.48E-03   2.11E-04   1.17E-04   1.28E-04   8.90E-04   7.68E-07
 6.18E+06   1.11E-06   1.42E-05   6.48E-03   2.13E-04   1.18E-04   1.29E-04   8.93E-04   7.68E-07
 6.32E+06   1.23E-06   1.43E-05   6.48E-03   2.14E-04   1.19E-04   1.30E-04   8.96E-04   7.68E-07
 6.48E+06   1.36E-06   1.44E-05   6.48E-03   2.15E-04   1.20E-04   1.30E-04   8.97E-04   7.68E-07
 6.62E+06   1.49E-06   1.45E-05   6.48E-03   2.16E-04   1.20E-04   1.31E-04   8.99E-04   7.68E-07
 6.78E+06   1.62E-06   1.45E-05   6.48E-03   2.17E-04   1.21E-04   1.32E-04   9.00E-04   7.68E-07
 6.92E+06   1.75E-06   1.46E-05   6.48E-03   2.18E-04   1.21E-04   1.32E-04   9.00E-04   7.68E-07
 7.08E+06   1.88E-06   1.47E-05   6.48E-03   2.19E-04   1.22E-04   1.33E-04   9.01E-04   7.68E-07
 7.22E+06   2.02E-06   1.48E-05   6.48E-03   2.19E-04   1.22E-04   1.33E-04   9.01E-04   7.68E-07
 7.38E+06   2.16E-06   1.48E-05   6.48E-03   2.20E-04   1.23E-04   1.34E-04   9.01E-04   7.68E-07
 7.52E+06   2.32E-06   1.49E-05   6.48E-03   2.20E-04   1.23E-04   1.34E-04   9.01E-04   7.68E-07
 7.68E+06   2.49E-06   1.51E-05   6.48E-03   2.21E-04   1.24E-04   1.35E-04   9.01E-04   7.68E-07
 7.82E+06   2.68E-06   1.52E-05   6.48E-03   2.21E-04   1.24E-04   1.36E-04   9.01E-04   7.68E-07
 7.98E+06   2.89E-06   1.54E-05   6.48E-03   2.21E-04   1.25E-04   1.36E-04   9.01E-04   7.68E-07
 8.12E+06   3.13E-06   1.56E-05   6.48E-03   2.22E-04   1.26E-04   1.37E-04   9.01E-04   7.68E-07
 8.28E+06   3.39E-06   1.59E-05   6.48E-03   2.22E-04   1.26E-04   1.38E-04   9.01E-04   7.68E-07
 8.42E+06   3.65E-06   1.62E-05   6.48E-03   2.22E-04   1.27E-04   1.39E-04   9.02E-04   7.68E-07
 8.58E+06   3.93E-06   1.64E-05   6.48E-03   2.22E-04   1.28E-04   1.40E-04   9.02E-04   7.68E-07
 8.72E+06   4.21E-06   1.67E-05   6.48E-03   2.22E-04   1.29E-04   1.41E-04   9.02E-04   7.68E-07
 8.88E+06   4.49E-06   1.70E-05   6.48E-03   2.22E-04   1.29E-04   1.42E-04   9.02E-04   7.68E-07
 9.02E+06   4.77E-06   1.73E-05   6.48E-03   2.23E-04   1.30E-04   1.43E-04   9.02E-04   7.68E-07
 9.18E+06   5.07E-06   1.76E-05   6.48E-03   2.23E-04   1.31E-04   1.44E-04   9.02E-04   7.68E-07
 9.32E+06   5.37E-06   1.79E-05   6.48E-03   2.23E-04   1.32E-04   1.45E-04   9.02E-04   7.68E-07
 9.48E+06   5.69E-06   1.83E-05   6.48E-03   2.23E-04   1.33E-04   1.46E-04   9.02E-04   7.68E-07
 9.62E+06   6.06E-06   1.87E-05   6.49E-03   2.23E-04   1.33E-04   1.47E-04   9.02E-04   7.68E-07
 9.78E+06   6.51E-06   1.93E-05   6.49E-03   2.23E-04   1.34E-04   1.48E-04   9.02E-04   7.68E-07
 9.92E+06   7.23E-06   2.02E-05   6.49E-03   2.23E-04   1.35E-04   1.49E-04   9.02E-04   7.68E-07

     Z      PH2SO4_1   PS2        PS4        PS3        PS8L       PS8R       PS8        PSO3       
 2.50E+04   3.34E-08   2.91E-05   1.16E-01   5.40E-01   0.00E+00   0.00E+00   7.96E-14   6.64E-08
 1.75E+05   3.39E-08   3.45E-05   1.21E-01   5.82E-01   0.00E+00   0.00E+00   1.13E-13   7.78E-08
 3.25E+05   3.44E-08   3.96E-05   1.24E-01   6.19E-01   0.00E+00   0.00E+00   1.55E-13   8.81E-08
 4.75E+05   3.48E-08   4.43E-05   1.28E-01   6.53E-01   0.00E+00   0.00E+00   2.09E-13   9.76E-08
 6.25E+05   3.52E-08   4.87E-05   1.31E-01   6.83E-01   0.00E+00   0.00E+00   2.76E-13   1.06E-07
 7.75E+05   3.56E-08   5.29E-05   1.34E-01   7.09E-01   0.00E+00   0.00E+00   3.62E-13   1.15E-07
 9.25E+05   3.59E-08   5.68E-05   1.36E-01   7.33E-01   0.00E+00   0.00E+00   4.73E-13   1.22E-07
 1.08E+06   3.62E-08   6.04E-05   1.39E-01   7.53E-01   0.00E+00   0.00E+00   6.18E-13   1.29E-07
 1.22E+06   3.64E-08   6.38E-05   1.40E-01   7.71E-01   0.00E+00   0.00E+00   8.10E-13   1.35E-07
 1.38E+06   3.66E-08   6.69E-05   1.42E-01   7.86E-01   0.00E+00   0.00E+00   1.06E-12   1.41E-07
 1.52E+06   3.68E-08   6.98E-05   1.43E-01   7.98E-01   0.00E+00   0.00E+00   1.40E-12   1.46E-07
 1.68E+06   3.69E-08   7.23E-05   1.44E-01   8.08E-01   0.00E+00   0.00E+00   1.84E-12   1.51E-07
 1.82E+06   3.71E-08   7.49E-05   1.45E-01   8.16E-01   0.00E+00   0.00E+00   2.44E-12   1.56E-07
 1.98E+06   3.72E-08   7.79E-05   1.46E-01   8.23E-01   0.00E+00   0.00E+00   3.23E-12   1.62E-07
 2.12E+06   3.72E-08   8.19E-05   1.47E-01   8.27E-01   0.00E+00   0.00E+00   4.27E-12   1.73E-07
 2.28E+06   3.73E-08   8.74E-05   1.47E-01   8.31E-01   0.00E+00   0.00E+00   5.65E-12   1.94E-07
 2.42E+06   3.74E-08   9.46E-05   1.47E-01   8.34E-01   0.00E+00   0.00E+00   7.48E-12   2.34E-07
 2.58E+06   3.74E-08   1.04E-04   1.48E-01   8.36E-01   0.00E+00   0.00E+00   9.95E-12   3.09E-07
 2.72E+06   3.74E-08   1.15E-04   1.48E-01   8.38E-01   0.00E+00   0.00E+00   1.33E-11   4.45E-07
 2.88E+06   3.75E-08   1.29E-04   1.48E-01   8.40E-01   0.00E+00   0.00E+00   1.77E-11   6.73E-07
 3.02E+06   3.75E-08   1.46E-04   1.49E-01   8.41E-01   0.00E+00   0.00E+00   2.37E-11   1.03E-06
 3.18E+06   3.75E-08   1.67E-04   1.49E-01   8.42E-01   0.00E+00   0.00E+00   3.19E-11   1.55E-06
 3.32E+06   3.76E-08   1.92E-04   1.49E-01   8.43E-01   0.00E+00   0.00E+00   4.30E-11   2.25E-06
 3.48E+06   3.76E-08   2.20E-04   1.49E-01   8.43E-01   0.00E+00   0.00E+00   5.81E-11   3.16E-06
 3.62E+06   3.76E-08   2.52E-04   1.49E-01   8.44E-01   0.00E+00   0.00E+00   7.85E-11   4.25E-06
 3.78E+06   3.76E-08   2.86E-04   1.49E-01   8.44E-01   0.00E+00   0.00E+00   1.06E-10   5.52E-06
 3.92E+06   3.76E-08   3.22E-04   1.49E-01   8.45E-01   0.00E+00   0.00E+00   1.42E-10   6.92E-06
 4.08E+06   3.76E-08   3.59E-04   1.49E-01   8.45E-01   0.00E+00   0.00E+00   1.91E-10   8.45E-06
 4.22E+06   3.76E-08   3.94E-04   1.49E-01   8.45E-01   0.00E+00   0.00E+00   2.56E-10   1.00E-05
 4.38E+06   3.76E-08   4.27E-04   1.49E-01   8.45E-01   0.00E+00   0.00E+00   3.42E-10   1.17E-05
 4.52E+06   3.76E-08   4.55E-04   1.49E-01   8.45E-01   0.00E+00   0.00E+00   4.52E-10   1.32E-05
 4.68E+06   3.76E-08   4.79E-04   1.49E-01   8.45E-01   0.00E+00   0.00E+00   5.88E-10   1.46E-05
 4.82E+06   3.76E-08   4.98E-04   1.49E-01   8.45E-01   0.00E+00   0.00E+00   7.55E-10   1.58E-05
 4.98E+06   3.76E-08   5.13E-04   1.49E-01   8.45E-01   0.00E+00   0.00E+00   9.56E-10   1.68E-05
 5.12E+06   3.76E-08   5.25E-04   1.49E-01   8.45E-01   0.00E+00   0.00E+00   1.20E-09   1.76E-05
 5.28E+06   3.76E-08   5.34E-04   1.49E-01   8.45E-01   0.00E+00   0.00E+00   1.49E-09   1.83E-05
 5.42E+06   3.76E-08   5.41E-04   1.49E-01   8.45E-01   0.00E+00   0.00E+00   1.83E-09   1.89E-05
 5.58E+06   3.76E-08   5.47E-04   1.49E-01   8.45E-01   0.00E+00   0.00E+00   2.25E-09   1.93E-05
 5.72E+06   3.76E-08   5.51E-04   1.49E-01   8.46E-01   0.00E+00   0.00E+00   2.75E-09   1.97E-05
 5.88E+06   3.76E-08   5.54E-04   1.49E-01   8.46E-01   0.00E+00   0.00E+00   3.37E-09   2.00E-05
 6.02E+06   3.76E-08   5.56E-04   1.49E-01   8.46E-01   0.00E+00   0.00E+00   4.11E-09   2.02E-05
 6.18E+06   3.76E-08   5.57E-04   1.49E-01   8.46E-01   0.00E+00   0.00E+00   5.03E-09   2.04E-05
 6.32E+06   3.76E-08   5.59E-04   1.49E-01   8.46E-01   0.00E+00   0.00E+00   6.16E-09   2.06E-05
 6.48E+06   3.77E-08   5.59E-04   1.49E-01   8.46E-01   0.00E+00   0.00E+00   7.57E-09   2.07E-05
 6.62E+06   3.77E-08   5.60E-04   1.49E-01   8.46E-01   0.00E+00   0.00E+00   9.33E-09   2.09E-05
 6.78E+06   3.82E-08   5.61E-04   1.49E-01   8.46E-01   0.00E+00   0.00E+00   1.15E-08   2.10E-05
 6.92E+06   4.10E-08   5.61E-04   1.49E-01   8.46E-01   0.00E+00   0.00E+00   1.43E-08   2.11E-05
 7.08E+06   5.40E-08   5.61E-04   1.49E-01   8.46E-01   0.00E+00   0.00E+00   1.78E-08   2.11E-05
 7.22E+06   9.89E-08   5.61E-04   1.49E-01   8.46E-01   0.00E+00   0.00E+00   2.23E-08   2.12E-05
 7.38E+06   2.18E-07   5.61E-04   1.49E-01   8.46E-01   0.00E+00   0.00E+00   2.80E-08   2.13E-05
 7.52E+06   4.71E-07   5.61E-04   1.49E-01   8.46E-01   0.00E+00   0.00E+00   3.53E-08   2.14E-05
 7.68E+06   9.17E-07   5.61E-04   1.49E-01   8.46E-01   0.00E+00   0.00E+00   4.47E-08   2.14E-05
 7.82E+06   1.59E-06   5.61E-04   1.49E-01   8.46E-01   0.00E+00   0.00E+00   5.70E-08   2.15E-05
 7.98E+06   2.48E-06   5.61E-04   1.49E-01   8.46E-01   0.00E+00   0.00E+00   7.27E-08   2.16E-05
 8.12E+06   3.53E-06   5.61E-04   1.49E-01   8.46E-01   0.00E+00   0.00E+00   9.31E-08   2.16E-05
 8.28E+06   4.66E-06   5.61E-04   1.49E-01   8.46E-01   0.00E+00   0.00E+00   1.19E-07   2.17E-05
 8.42E+06   5.81E-06   5.62E-04   1.49E-01   8.46E-01   0.00E+00   0.00E+00   1.53E-07   2.18E-05
 8.58E+06   6.93E-06   5.62E-04   1.49E-01   8.46E-01   0.00E+00   0.00E+00   1.96E-07   2.19E-05
 8.72E+06   8.03E-06   5.62E-04   1.49E-01   8.46E-01   0.00E+00   0.00E+00   2.51E-07   2.19E-05
 8.88E+06   9.16E-06   5.62E-04   1.49E-01   8.46E-01   0.00E+00   0.00E+00   3.20E-07   2.20E-05
 9.02E+06   1.03E-05   5.62E-04   1.49E-01   8.46E-01   0.00E+00   0.00E+00   4.06E-07   2.21E-05
 9.18E+06   1.16E-05   5.62E-04   1.49E-01   8.46E-01   0.00E+00   0.00E+00   5.16E-07   2.22E-05
 9.32E+06   1.30E-05   5.62E-04   1.49E-01   8.46E-01   0.00E+00   0.00E+00   6.53E-07   2.23E-05
 9.48E+06   1.43E-05   5.62E-04   1.49E-01   8.46E-01   0.00E+00   0.00E+00   8.25E-07   2.24E-05
 9.62E+06   1.57E-05   5.62E-04   1.49E-01   8.46E-01   0.00E+00   0.00E+00   1.04E-06   2.25E-05
 9.78E+06   1.71E-05   5.62E-04   1.49E-01   8.46E-01   0.00E+00   0.00E+00   1.32E-06   2.26E-05
 9.92E+06   1.84E-05   5.62E-04   1.49E-01   8.46E-01   0.00E+00   0.00E+00   1.67E-06   2.29E-05

     Z      PHSO       POCS       PNO3_NO    PNO3_NO2   PN2O       PHO2NO2_NO2PHO2NO2_NO3PN2O5_NO2  
 2.50E+04   3.69E-30   1.05E-11   1.07E-02   8.40E-02   1.47E-33   1.53E-06   3.83E-07   3.57E-10
 1.75E+05   5.51E-27   1.26E-11   1.10E-02   8.60E-02   3.08E-30   1.79E-06   4.48E-07   4.66E-10
 3.25E+05   4.70E-24   1.47E-11   1.12E-02   8.76E-02   3.46E-27   2.03E-06   5.08E-07   5.83E-10
 4.75E+05   2.01E-21   1.66E-11   1.14E-02   8.90E-02   1.87E-24   2.25E-06   5.63E-07   7.13E-10
 6.25E+05   4.36E-19   1.85E-11   1.16E-02   9.00E-02   5.10E-22   2.45E-06   6.13E-07   8.59E-10
 7.75E+05   4.98E-17   2.04E-11   1.18E-02   9.08E-02   7.19E-20   2.64E-06   6.61E-07   1.02E-09
 9.25E+05   3.15E-15   2.22E-11   1.19E-02   9.13E-02   5.36E-18   2.82E-06   7.04E-07   1.21E-09
 1.08E+06   1.14E-13   2.39E-11   1.21E-02   9.17E-02   2.19E-16   2.98E-06   7.45E-07   1.41E-09
 1.22E+06   2.42E-12   2.57E-11   1.23E-02   9.21E-02   5.08E-15   3.13E-06   7.81E-07   1.64E-09
 1.38E+06   3.13E-11   2.79E-11   1.24E-02   9.26E-02   7.04E-14   3.26E-06   8.14E-07   1.93E-09
 1.52E+06   2.61E-10   3.41E-11   1.25E-02   9.30E-02   6.18E-13   3.37E-06   8.44E-07   2.49E-09
 1.68E+06   1.50E-09   5.95E-11   1.26E-02   9.34E-02   3.70E-12   3.48E-06   8.70E-07   4.35E-09
 1.82E+06   6.35E-09   1.52E-10   1.27E-02   9.40E-02   1.64E-11   3.58E-06   8.95E-07   1.09E-08
 1.98E+06   2.17E-08   4.41E-10   1.27E-02   9.47E-02   5.79E-11   3.70E-06   9.26E-07   3.12E-08
 2.12E+06   6.51E-08   1.27E-09   1.27E-02   9.54E-02   1.76E-10   3.87E-06   9.68E-07   8.76E-08
 2.28E+06   1.76E-07   3.47E-09   1.28E-02   9.60E-02   4.77E-10   4.12E-06   1.03E-06   2.30E-07
 2.42E+06   4.37E-07   8.92E-09   1.28E-02   9.65E-02   1.16E-09   4.51E-06   1.13E-06   5.53E-07
 2.58E+06   9.93E-07   2.14E-08   1.28E-02   9.71E-02   2.58E-09   5.14E-06   1.30E-06   1.22E-06
 2.72E+06   2.08E-06   4.82E-08   1.29E-02   9.76E-02   5.22E-09   6.12E-06   1.55E-06   2.49E-06
 2.88E+06   4.03E-06   1.01E-07   1.29E-02   9.81E-02   9.68E-09   7.62E-06   1.95E-06   4.66E-06
 3.02E+06   7.27E-06   2.01E-07   1.29E-02   9.85E-02   1.66E-08   9.84E-06   2.54E-06   8.09E-06
 3.18E+06   1.23E-05   3.74E-07   1.29E-02   9.89E-02   2.63E-08   1.30E-05   3.38E-06   1.31E-05
 3.32E+06   1.96E-05   6.64E-07   1.29E-02   9.94E-02   3.91E-08   1.71E-05   4.50E-06   1.99E-05
 3.48E+06   2.96E-05   1.12E-06   1.29E-02   9.98E-02   5.50E-08   2.25E-05   5.93E-06   2.85E-05
 3.62E+06   4.28E-05   1.80E-06   1.29E-02   1.00E-01   7.35E-08   2.90E-05   7.68E-06   3.89E-05
 3.78E+06   5.92E-05   2.76E-06   1.30E-02   1.01E-01   9.40E-08   3.68E-05   9.75E-06   5.10E-05
 3.92E+06   7.92E-05   4.05E-06   1.30E-02   1.01E-01   1.16E-07   4.59E-05   1.22E-05   6.46E-05
 4.08E+06   1.02E-04   5.68E-06   1.30E-02   1.02E-01   1.39E-07   5.67E-05   1.50E-05   7.97E-05
 4.22E+06   1.28E-04   7.60E-06   1.29E-02   1.02E-01   1.61E-07   6.95E-05   1.84E-05   9.65E-05
 4.38E+06   1.55E-04   9.67E-06   1.29E-02   1.02E-01   1.83E-07   8.42E-05   2.22E-05   1.15E-04
 4.52E+06   1.81E-04   1.17E-05   1.29E-02   1.02E-01   2.03E-07   9.99E-05   2.63E-05   1.33E-04
 4.68E+06   2.04E-04   1.35E-05   1.29E-02   1.03E-01   2.21E-07   1.15E-04   3.03E-05   1.51E-04
 4.82E+06   2.23E-04   1.50E-05   1.29E-02   1.03E-01   2.36E-07   1.29E-04   3.39E-05   1.67E-04
 4.98E+06   2.39E-04   1.63E-05   1.29E-02   1.03E-01   2.49E-07   1.41E-04   3.70E-05   1.80E-04
 5.12E+06   2.52E-04   1.73E-05   1.29E-02   1.03E-01   2.60E-07   1.52E-04   3.97E-05   1.92E-04
 5.28E+06   2.63E-04   1.81E-05   1.29E-02   1.02E-01   2.70E-07   1.60E-04   4.19E-05   2.01E-04
 5.42E+06   2.71E-04   1.88E-05   1.30E-02   1.02E-01   2.78E-07   1.67E-04   4.37E-05   2.10E-04
 5.58E+06   2.78E-04   1.93E-05   1.30E-02   1.02E-01   2.85E-07   1.72E-04   4.51E-05   2.16E-04
 5.72E+06   2.83E-04   1.97E-05   1.30E-02   1.02E-01   2.90E-07   1.77E-04   4.63E-05   2.22E-04
 5.88E+06   2.87E-04   2.00E-05   1.30E-02   1.01E-01   2.95E-07   1.80E-04   4.72E-05   2.26E-04
 6.02E+06   2.90E-04   2.02E-05   1.30E-02   1.01E-01   2.99E-07   1.82E-04   4.79E-05   2.29E-04
 6.18E+06   2.92E-04   2.03E-05   1.30E-02   1.01E-01   3.03E-07   1.84E-04   4.84E-05   2.32E-04
 6.32E+06   2.94E-04   2.05E-05   1.30E-02   1.00E-01   3.06E-07   1.86E-04   4.89E-05   2.35E-04
 6.48E+06   2.96E-04   2.06E-05   1.30E-02   9.98E-02   3.09E-07   1.87E-04   4.92E-05   2.37E-04
 6.62E+06   2.97E-04   2.06E-05   1.30E-02   9.95E-02   3.12E-07   1.88E-04   4.95E-05   2.39E-04
 6.78E+06   2.98E-04   2.07E-05   1.30E-02   9.91E-02   3.15E-07   1.89E-04   4.97E-05   2.41E-04
 6.92E+06   2.99E-04   2.08E-05   1.31E-02   9.87E-02   3.18E-07   1.89E-04   4.99E-05   2.42E-04
 7.08E+06   2.99E-04   2.08E-05   1.31E-02   9.83E-02   3.21E-07   1.90E-04   5.01E-05   2.44E-04
 7.22E+06   3.00E-04   2.08E-05   1.31E-02   9.80E-02   3.25E-07   1.90E-04   5.02E-05   2.45E-04
 7.38E+06   3.00E-04   2.09E-05   1.31E-02   9.76E-02   3.32E-07   1.90E-04   5.02E-05   2.46E-04
 7.52E+06   3.01E-04   2.09E-05   1.32E-02   9.74E-02   3.45E-07   1.90E-04   5.03E-05   2.47E-04
 7.68E+06   3.01E-04   2.10E-05   1.32E-02   9.71E-02   3.66E-07   1.90E-04   5.03E-05   2.49E-04
 7.82E+06   3.01E-04   2.12E-05   1.32E-02   9.69E-02   3.97E-07   1.90E-04   5.04E-05   2.50E-04
 7.98E+06   3.02E-04   2.13E-05   1.32E-02   9.68E-02   4.37E-07   1.91E-04   5.04E-05   2.52E-04
 8.12E+06   3.02E-04   2.15E-05   1.32E-02   9.68E-02   4.85E-07   1.91E-04   5.04E-05   2.54E-04
 8.28E+06   3.02E-04   2.18E-05   1.32E-02   9.68E-02   5.38E-07   1.91E-04   5.05E-05   2.56E-04
 8.42E+06   3.03E-04   2.20E-05   1.32E-02   9.69E-02   5.93E-07   1.91E-04   5.05E-05   2.58E-04
 8.58E+06   3.03E-04   2.22E-05   1.32E-02   9.70E-02   6.48E-07   1.91E-04   5.05E-05   2.60E-04
 8.72E+06   3.03E-04   2.25E-05   1.32E-02   9.70E-02   7.04E-07   1.91E-04   5.05E-05   2.62E-04
 8.88E+06   3.04E-04   2.28E-05   1.32E-02   9.71E-02   7.64E-07   1.91E-04   5.06E-05   2.64E-04
 9.02E+06   3.04E-04   2.31E-05   1.32E-02   9.71E-02   8.33E-07   1.91E-04   5.06E-05   2.66E-04
 9.18E+06   3.04E-04   2.34E-05   1.32E-02   9.70E-02   9.22E-07   1.91E-04   5.06E-05   2.68E-04
 9.32E+06   3.05E-04   2.39E-05   1.32E-02   9.69E-02   1.04E-06   1.91E-04   5.06E-05   2.71E-04
 9.48E+06   3.05E-04   2.44E-05   1.32E-02   9.68E-02   1.20E-06   1.91E-04   5.06E-05   2.73E-04
 9.62E+06   3.05E-04   2.53E-05   1.32E-02   9.66E-02   1.40E-06   1.91E-04   5.06E-05   2.76E-04
 9.78E+06   3.05E-04   2.68E-05   1.32E-02   9.65E-02   1.65E-06   1.91E-04   5.06E-05   2.80E-04
 9.92E+06   3.06E-04   3.02E-05   1.32E-02   9.65E-02   1.98E-06   1.91E-04   5.06E-05   2.86E-04

     Z      PN2O5_NO   PCH3OOH    PCS2_CS    PCS2_CS2X  
 2.50E+04   1.02E-05   1.72E-06   5.63E-31   4.28E-05
 1.75E+05   1.17E-05   1.98E-06   2.20E-27   4.99E-05
 3.25E+05   1.31E-05   2.21E-06   3.99E-24   5.62E-05
 4.75E+05   1.43E-05   2.42E-06   3.34E-21   6.21E-05
 6.25E+05   1.55E-05   2.62E-06   1.32E-18   6.74E-05
 7.75E+05   1.65E-05   2.79E-06   2.44E-16   7.23E-05
 9.25E+05   1.75E-05   2.96E-06   2.20E-14   7.67E-05
 1.08E+06   1.84E-05   3.10E-06   1.03E-12   8.08E-05
 1.22E+06   1.91E-05   3.23E-06   2.61E-11   8.44E-05
 1.38E+06   1.98E-05   3.35E-06   3.82E-10   8.75E-05
 1.52E+06   2.04E-05   3.45E-06   3.47E-09   9.02E-05
 1.68E+06   2.09E-05   3.53E-06   2.13E-08   9.26E-05
 1.82E+06   2.14E-05   3.61E-06   9.42E-08   9.47E-05
 1.98E+06   2.18E-05   3.68E-06   3.31E-07   9.67E-05
 2.12E+06   2.23E-05   3.77E-06   9.96E-07   9.89E-05
 2.28E+06   2.30E-05   3.88E-06   2.66E-06   1.01E-04
 2.42E+06   2.37E-05   4.02E-06   6.41E-06   1.04E-04
 2.58E+06   2.46E-05   4.20E-06   1.40E-05   1.07E-04
 2.72E+06   2.56E-05   4.43E-06   2.76E-05   1.10E-04
 2.88E+06   2.69E-05   4.75E-06   4.99E-05   1.13E-04
 3.02E+06   2.83E-05   5.17E-06   8.28E-05   1.16E-04
 3.18E+06   2.99E-05   5.73E-06   1.27E-04   1.19E-04
 3.32E+06   3.17E-05   6.44E-06   1.83E-04   1.22E-04
 3.48E+06   3.37E-05   7.33E-06   2.47E-04   1.25E-04
 3.62E+06   3.59E-05   8.40E-06   3.17E-04   1.27E-04
 3.78E+06   3.84E-05   9.66E-06   3.90E-04   1.29E-04
 3.92E+06   4.09E-05   1.11E-05   4.63E-04   1.31E-04
 4.08E+06   4.37E-05   1.28E-05   5.34E-04   1.32E-04
 4.22E+06   4.67E-05   1.47E-05   6.00E-04   1.33E-04
 4.38E+06   4.98E-05   1.68E-05   6.60E-04   1.34E-04
 4.52E+06   5.29E-05   1.90E-05   7.14E-04   1.35E-04
 4.68E+06   5.57E-05   2.10E-05   7.61E-04   1.35E-04
 4.82E+06   5.81E-05   2.29E-05   8.03E-04   1.36E-04
 4.98E+06   6.02E-05   2.45E-05   8.39E-04   1.36E-04
 5.12E+06   6.19E-05   2.58E-05   8.72E-04   1.36E-04
 5.28E+06   6.32E-05   2.68E-05   9.00E-04   1.36E-04
 5.42E+06   6.43E-05   2.77E-05   9.25E-04   1.36E-04
 5.58E+06   6.51E-05   2.84E-05   9.47E-04   1.36E-04
 5.72E+06   6.58E-05   2.89E-05   9.66E-04   1.36E-04
 5.88E+06   6.62E-05   2.93E-05   9.84E-04   1.36E-04
 6.02E+06   6.66E-05   2.96E-05   9.99E-04   1.36E-04
 6.18E+06   6.68E-05   2.99E-05   1.01E-03   1.36E-04
 6.32E+06   6.70E-05   3.00E-05   1.02E-03   1.36E-04
 6.48E+06   6.71E-05   3.02E-05   1.03E-03   1.37E-04
 6.62E+06   6.72E-05   3.03E-05   1.04E-03   1.37E-04
 6.78E+06   6.73E-05   3.04E-05   1.05E-03   1.37E-04
 6.92E+06   6.73E-05   3.04E-05   1.06E-03   1.37E-04
 7.08E+06   6.74E-05   3.05E-05   1.06E-03   1.37E-04
 7.22E+06   6.74E-05   3.05E-05   1.07E-03   1.37E-04
 7.38E+06   6.74E-05   3.06E-05   1.07E-03   1.37E-04
 7.52E+06   6.74E-05   3.06E-05   1.08E-03   1.37E-04
 7.68E+06   6.74E-05   3.06E-05   1.08E-03   1.37E-04
 7.82E+06   6.74E-05   3.07E-05   1.09E-03   1.37E-04
 7.98E+06   6.74E-05   3.07E-05   1.09E-03   1.37E-04
 8.12E+06   6.74E-05   3.07E-05   1.09E-03   1.37E-04
 8.28E+06   6.74E-05   3.07E-05   1.09E-03   1.37E-04
 8.42E+06   6.74E-05   3.08E-05   1.10E-03   1.37E-04
 8.58E+06   6.74E-05   3.08E-05   1.10E-03   1.37E-04
 8.72E+06   6.75E-05   3.09E-05   1.10E-03   1.37E-04
 8.88E+06   6.75E-05   3.09E-05   1.10E-03   1.37E-04
 9.02E+06   6.75E-05   3.09E-05   1.11E-03   1.37E-04
 9.18E+06   6.75E-05   3.10E-05   1.11E-03   1.37E-04
 9.32E+06   6.75E-05   3.10E-05   1.11E-03   1.37E-04
 9.48E+06   6.75E-05   3.10E-05   1.11E-03   1.37E-04
 9.62E+06   6.75E-05   3.11E-05   1.11E-03   1.37E-04
 9.78E+06   6.75E-05   3.11E-05   1.11E-03   1.37E-04
 9.92E+06   6.75E-05   3.12E-05   1.11E-03   1.37E-04
 N =    1  EMAX = 1.13E-02 FOR H       AT Z = 3.75E+05 U = 1.16E-20 RHS = 1.31E-22  DT = 1.20E-06  TIME = 1.00E-06
 N =    2  EMAX = 1.20E+00 FOR NH3     AT Z = 2.50E+04 U = 1.21E-20 RHS = 1.46E-20  DT = 1.20E-06  TIME = 2.20E-06
 N =    3  EMAX = 1.20E+00 FOR NH3     AT Z = 2.50E+04 U = 1.21E-20 RHS = 1.46E-20  DT = 8.40E-07  TIME = 1.84E-06
 N =    4  EMAX = 8.40E-01 FOR NH3     AT Z = 2.50E+04 U = 1.21E-20 RHS = 1.02E-20  DT = 5.88E-07  TIME = 1.59E-06
 N =    5  EMAX = 5.88E-01 FOR NH3     AT Z = 2.50E+04 U = 1.21E-20 RHS = 7.13E-21  DT = 4.12E-07  TIME = 1.41E-06
 N =    6  EMAX = 4.12E-01 FOR NH3     AT Z = 2.50E+04 U = 1.21E-20 RHS = 4.99E-21  DT = 2.88E-07  TIME = 1.29E-06
 N =    7  EMAX = 2.88E-01 FOR NH3     AT Z = 2.50E+04 U = 1.21E-20 RHS = 3.50E-21  DT = 2.02E-07  TIME = 1.20E-06
 N =    8  EMAX = 2.02E-01 FOR NH3     AT Z = 2.50E+04 U = 1.21E-20 RHS = 2.45E-21  DT = 1.41E-07  TIME = 1.14E-06
 N =    9  EMAX = 1.17E-01 FOR NH3     AT Z = 2.50E+04 U = 1.46E-20 RHS = 1.71E-21  DT = 1.55E-07  TIME = 1.28E-06
 N =   10  EMAX = 1.16E-01 FOR NH3     AT Z = 2.50E+04 U = 1.63E-20 RHS = 1.88E-21  DT = 1.71E-07  TIME = 1.44E-06
 N =   11  EMAX = 1.14E-01 FOR NH3     AT Z = 2.50E+04 U = 1.82E-20 RHS = 2.07E-21  DT = 1.88E-07  TIME = 1.61E-06
 N =   12  EMAX = 1.13E-01 FOR NH3     AT Z = 2.50E+04 U = 2.03E-20 RHS = 2.28E-21  DT = 2.07E-07  TIME = 1.80E-06
 N =   13  EMAX = 1.11E-01 FOR NH3     AT Z = 2.50E+04 U = 2.25E-20 RHS = 2.51E-21  DT = 2.27E-07  TIME = 2.00E-06
 N =   14  EMAX = 1.10E-01 FOR NH3     AT Z = 2.50E+04 U = 2.50E-20 RHS = 2.76E-21  DT = 2.50E-07  TIME = 2.23E-06
 N =   15  EMAX = 1.09E-01 FOR NH3     AT Z = 2.50E+04 U = 2.78E-20 RHS = 3.03E-21  DT = 2.75E-07  TIME = 2.48E-06
 N =   16  EMAX = 1.08E-01 FOR NH3     AT Z = 2.50E+04 U = 3.08E-20 RHS = 3.34E-21  DT = 3.03E-07  TIME = 2.76E-06
 N =   17  EMAX = 1.07E-01 FOR NH3     AT Z = 2.50E+04 U = 3.42E-20 RHS = 3.67E-21  DT = 3.33E-07  TIME = 3.06E-06
 N =   18  EMAX = 1.07E-01 FOR NH3     AT Z = 2.50E+04 U = 3.78E-20 RHS = 4.04E-21  DT = 3.66E-07  TIME = 3.39E-06
 N =   19  EMAX = 1.06E-01 FOR NH3     AT Z = 2.50E+04 U = 4.19E-20 RHS = 4.44E-21  DT = 4.03E-07  TIME = 3.76E-06
 N =   20  EMAX = 1.06E-01 FOR NH3     AT Z = 2.50E+04 U = 4.63E-20 RHS = 4.89E-21  DT = 4.43E-07  TIME = 4.16E-06
 N =   21  EMAX = 1.05E-01 FOR NH3     AT Z = 2.50E+04 U = 5.12E-20 RHS = 5.38E-21  DT = 4.87E-07  TIME = 4.60E-06
 N =   22  EMAX = 1.05E-01 FOR NH3     AT Z = 2.50E+04 U = 5.66E-20 RHS = 5.91E-21  DT = 5.36E-07  TIME = 5.09E-06
 N =   23  EMAX = 1.04E-01 FOR NH3     AT Z = 2.50E+04 U = 6.25E-20 RHS = 6.51E-21  DT = 5.90E-07  TIME = 5.63E-06
 N =   24  EMAX = 1.04E-01 FOR NH3     AT Z = 2.50E+04 U = 6.90E-20 RHS = 7.16E-21  DT = 6.49E-07  TIME = 6.22E-06
 N =   25  EMAX = 1.03E-01 FOR NH3     AT Z = 2.50E+04 U = 7.62E-20 RHS = 7.87E-21  DT = 7.14E-07  TIME = 6.87E-06
 N =   26  EMAX = 1.03E-01 FOR NH3     AT Z = 2.50E+04 U = 8.40E-20 RHS = 8.66E-21  DT = 7.85E-07  TIME = 7.58E-06
 N =   27  EMAX = 1.03E-01 FOR NH3     AT Z = 2.50E+04 U = 9.27E-20 RHS = 9.52E-21  DT = 8.63E-07  TIME = 8.36E-06
 N =   28  EMAX = 1.02E-01 FOR NH3     AT Z = 2.50E+04 U = 1.02E-19 RHS = 1.05E-20  DT = 9.50E-07  TIME = 9.23E-06
 N =   29  EMAX = 1.02E-01 FOR NH3     AT Z = 2.50E+04 U = 1.13E-19 RHS = 1.15E-20  DT = 1.04E-06  TIME = 1.02E-05
 N =   30  EMAX = 1.02E-01 FOR NH3     AT Z = 2.50E+04 U = 1.24E-19 RHS = 1.27E-20  DT = 1.15E-06  TIME = 1.12E-05
 N =   31  EMAX = 1.02E-01 FOR NH3     AT Z = 2.50E+04 U = 1.37E-19 RHS = 1.39E-20  DT = 1.26E-06  TIME = 1.24E-05
 N =   32  EMAX = 1.02E-01 FOR NH3     AT Z = 2.50E+04 U = 1.51E-19 RHS = 1.53E-20  DT = 1.39E-06  TIME = 1.36E-05
 N =   33  EMAX = 1.02E-01 FOR NH3     AT Z = 2.50E+04 U = 1.66E-19 RHS = 1.69E-20  DT = 1.53E-06  TIME = 1.50E-05
 N =   34  EMAX = 1.01E-01 FOR NH3     AT Z = 2.50E+04 U = 1.83E-19 RHS = 1.86E-20  DT = 1.68E-06  TIME = 1.66E-05
 N =   35  EMAX = 1.01E-01 FOR NH3     AT Z = 2.50E+04 U = 2.02E-19 RHS = 2.04E-20  DT = 1.85E-06  TIME = 1.82E-05
 N =   36  EMAX = 1.01E-01 FOR NH3     AT Z = 2.50E+04 U = 2.22E-19 RHS = 2.25E-20  DT = 2.04E-06  TIME = 2.01E-05
 N =   37  EMAX = 1.01E-01 FOR NH3     AT Z = 2.50E+04 U = 2.44E-19 RHS = 2.47E-20  DT = 2.24E-06  TIME = 2.21E-05
 N =   38  EMAX = 1.01E-01 FOR NH3     AT Z = 2.50E+04 U = 2.69E-19 RHS = 2.72E-20  DT = 2.46E-06  TIME = 2.44E-05
 N =   39  EMAX = 1.01E-01 FOR NH3     AT Z = 2.50E+04 U = 2.96E-19 RHS = 2.99E-20  DT = 2.71E-06  TIME = 2.68E-05
 N =   40  EMAX = 1.01E-01 FOR NH3     AT Z = 2.50E+04 U = 3.26E-19 RHS = 3.29E-20  DT = 2.98E-06  TIME = 2.95E-05
 N =   41  EMAX = 1.01E-01 FOR NH3     AT Z = 2.50E+04 U = 3.59E-19 RHS = 3.62E-20  DT = 3.28E-06  TIME = 3.25E-05
 N =   42  EMAX = 1.01E-01 FOR NH3     AT Z = 2.50E+04 U = 3.95E-19 RHS = 3.98E-20  DT = 3.61E-06  TIME = 3.58E-05
 N =   43  EMAX = 1.01E-01 FOR NH3     AT Z = 2.50E+04 U = 4.35E-19 RHS = 4.38E-20  DT = 3.97E-06  TIME = 3.94E-05
 N =   44  EMAX = 1.01E-01 FOR NH3     AT Z = 2.50E+04 U = 4.79E-19 RHS = 4.81E-20  DT = 4.36E-06  TIME = 4.34E-05
 N =   45  EMAX = 1.00E-01 FOR NH3     AT Z = 2.50E+04 U = 5.27E-19 RHS = 5.30E-20  DT = 4.80E-06  TIME = 4.77E-05
 N =   46  EMAX = 1.00E-01 FOR NH3     AT Z = 2.50E+04 U = 5.80E-19 RHS = 5.83E-20  DT = 5.28E-06  TIME = 5.25E-05
 N =   47  EMAX = 1.00E-01 FOR NH3     AT Z = 2.50E+04 U = 6.38E-19 RHS = 6.41E-20  DT = 5.81E-06  TIME = 5.78E-05
 N =   48  EMAX = 1.00E-01 FOR NH3     AT Z = 2.50E+04 U = 7.02E-19 RHS = 7.05E-20  DT = 6.39E-06  TIME = 6.36E-05
 N =   49  EMAX = 1.00E-01 FOR NH3     AT Z = 2.50E+04 U = 7.73E-19 RHS = 7.75E-20  DT = 7.03E-06  TIME = 7.00E-05
 N =   50  EMAX = 1.00E-01 FOR NH3     AT Z = 2.50E+04 U = 8.50E-19 RHS = 8.53E-20  DT = 7.73E-06  TIME = 7.70E-05
 N =   51  EMAX = 1.00E-01 FOR NH3     AT Z = 2.50E+04 U = 9.36E-19 RHS = 9.38E-20  DT = 8.50E-06  TIME = 8.48E-05
 N =   52  EMAX = 1.00E-01 FOR NH3     AT Z = 2.50E+04 U = 1.03E-18 RHS = 1.03E-19  DT = 9.36E-06  TIME = 9.33E-05
 N =   53  EMAX = 1.00E-01 FOR NH3     AT Z = 2.50E+04 U = 1.13E-18 RHS = 1.14E-19  DT = 1.03E-05  TIME = 1.03E-04
 N =   54  EMAX = 1.00E-01 FOR NH3     AT Z = 2.50E+04 U = 1.25E-18 RHS = 1.25E-19  DT = 1.13E-05  TIME = 1.13E-04
 N =   55  EMAX = 1.00E-01 FOR NH3     AT Z = 2.50E+04 U = 1.37E-18 RHS = 1.37E-19  DT = 1.25E-05  TIME = 1.24E-04
 N =   56  EMAX = 1.00E-01 FOR NH3     AT Z = 2.50E+04 U = 1.51E-18 RHS = 1.51E-19  DT = 1.37E-05  TIME = 1.37E-04
 N =   57  EMAX = 1.00E-01 FOR NH3     AT Z = 2.50E+04 U = 1.66E-18 RHS = 1.66E-19  DT = 1.51E-05  TIME = 1.50E-04
 N =   58  EMAX = 1.00E-01 FOR NH3     AT Z = 2.50E+04 U = 1.83E-18 RHS = 1.83E-19  DT = 1.66E-05  TIME = 1.65E-04
 N =   59  EMAX = 1.00E-01 FOR NH3     AT Z = 2.50E+04 U = 2.01E-18 RHS = 2.01E-19  DT = 1.82E-05  TIME = 1.82E-04
 N =   60  EMAX = 1.00E-01 FOR NH3     AT Z = 2.50E+04 U = 2.21E-18 RHS = 2.21E-19  DT = 2.01E-05  TIME = 2.00E-04
 N =   61  EMAX = 1.00E-01 FOR NH3     AT Z = 2.50E+04 U = 2.43E-18 RHS = 2.43E-19  DT = 2.21E-05  TIME = 2.20E-04
 N =   62  EMAX = 1.00E-01 FOR NH3     AT Z = 2.50E+04 U = 2.67E-18 RHS = 2.68E-19  DT = 2.43E-05  TIME = 2.42E-04
 N =   63  EMAX = 1.00E-01 FOR NH3     AT Z = 2.50E+04 U = 2.94E-18 RHS = 2.94E-19  DT = 2.67E-05  TIME = 2.67E-04
 N =   64  EMAX = 1.00E-01 FOR NH3     AT Z = 2.50E+04 U = 3.24E-18 RHS = 3.24E-19  DT = 2.94E-05  TIME = 2.93E-04
 N =   65  EMAX = 1.00E-01 FOR NH3     AT Z = 2.50E+04 U = 3.56E-18 RHS = 3.56E-19  DT = 3.23E-05  TIME = 3.23E-04
 N =   66  EMAX = 1.00E-01 FOR NH3     AT Z = 2.50E+04 U = 3.92E-18 RHS = 3.92E-19  DT = 3.55E-05  TIME = 3.55E-04
 N =   67  EMAX = 1.00E-01 FOR NH3     AT Z = 2.50E+04 U = 4.31E-18 RHS = 4.31E-19  DT = 3.91E-05  TIME = 3.91E-04
 N =   68  EMAX = 1.00E-01 FOR NH3     AT Z = 2.50E+04 U = 4.74E-18 RHS = 4.74E-19  DT = 4.30E-05  TIME = 4.30E-04
 N =   69  EMAX = 1.00E-01 FOR NH3     AT Z = 2.50E+04 U = 5.21E-18 RHS = 5.22E-19  DT = 4.73E-05  TIME = 4.73E-04
 N =   70  EMAX = 1.00E-01 FOR NH3     AT Z = 2.50E+04 U = 5.73E-18 RHS = 5.74E-19  DT = 5.20E-05  TIME = 5.20E-04
 N =   71  EMAX = 1.00E-01 FOR NH3     AT Z = 2.50E+04 U = 6.31E-18 RHS = 6.31E-19  DT = 5.72E-05  TIME = 5.72E-04
 N =   72  EMAX = 1.00E-01 FOR NH3     AT Z = 2.50E+04 U = 6.94E-18 RHS = 6.94E-19  DT = 6.29E-05  TIME = 6.29E-04
 N =   73  EMAX = 1.00E-01 FOR NH3     AT Z = 2.50E+04 U = 7.63E-18 RHS = 7.64E-19  DT = 6.92E-05  TIME = 6.92E-04
 N =   74  EMAX = 1.00E-01 FOR NH3     AT Z = 2.50E+04 U = 8.40E-18 RHS = 8.40E-19  DT = 7.62E-05  TIME = 7.61E-04
 N =   75  EMAX = 1.00E-01 FOR NH3     AT Z = 2.50E+04 U = 9.24E-18 RHS = 9.24E-19  DT = 8.38E-05  TIME = 8.37E-04
 N =   76  EMAX = 1.00E-01 FOR NH3     AT Z = 2.50E+04 U = 1.02E-17 RHS = 1.02E-18  DT = 9.21E-05  TIME = 9.21E-04
 N =   77  EMAX = 1.00E-01 FOR NH3     AT Z = 2.50E+04 U = 1.12E-17 RHS = 1.12E-18  DT = 1.01E-04  TIME = 1.01E-03
 N =   78  EMAX = 1.00E-01 FOR NH3     AT Z = 2.50E+04 U = 1.23E-17 RHS = 1.23E-18  DT = 1.11E-04  TIME = 1.11E-03
 N =   79  EMAX = 1.00E-01 FOR NH3     AT Z = 2.50E+04 U = 1.35E-17 RHS = 1.35E-18  DT = 1.23E-04  TIME = 1.23E-03
 N =   80  EMAX = 1.00E-01 FOR NH3     AT Z = 2.50E+04 U = 1.49E-17 RHS = 1.49E-18  DT = 1.35E-04  TIME = 1.35E-03
 N =   81  EMAX = 1.00E-01 FOR NH3     AT Z = 2.50E+04 U = 1.64E-17 RHS = 1.64E-18  DT = 1.48E-04  TIME = 1.48E-03
 N =   82  EMAX = 1.00E-01 FOR NH3     AT Z = 2.50E+04 U = 1.80E-17 RHS = 1.80E-18  DT = 1.63E-04  TIME = 1.63E-03
 N =   83  EMAX = 1.00E-01 FOR NH3     AT Z = 2.50E+04 U = 1.98E-17 RHS = 1.98E-18  DT = 1.80E-04  TIME = 1.80E-03
 N =   84  EMAX = 1.00E-01 FOR NH3     AT Z = 2.50E+04 U = 2.18E-17 RHS = 2.18E-18  DT = 1.98E-04  TIME = 1.97E-03
 N =   85  EMAX = 1.00E-01 FOR NH3     AT Z = 2.50E+04 U = 2.40E-17 RHS = 2.40E-18  DT = 2.17E-04  TIME = 2.17E-03
 N =   86  EMAX = 1.00E-01 FOR NH3     AT Z = 2.50E+04 U = 2.64E-17 RHS = 2.64E-18  DT = 2.39E-04  TIME = 2.39E-03
 N =   87  EMAX = 1.00E-01 FOR NH3     AT Z = 2.50E+04 U = 2.90E-17 RHS = 2.90E-18  DT = 2.63E-04  TIME = 2.63E-03
 N =   88  EMAX = 1.00E-01 FOR NH3     AT Z = 2.50E+04 U = 3.19E-17 RHS = 3.19E-18  DT = 2.89E-04  TIME = 2.89E-03
 N =   89  EMAX = 1.00E-01 FOR NH3     AT Z = 2.50E+04 U = 3.51E-17 RHS = 3.51E-18  DT = 3.18E-04  TIME = 3.18E-03
 N =   90  EMAX = 1.00E-01 FOR NH3     AT Z = 2.50E+04 U = 3.86E-17 RHS = 3.86E-18  DT = 3.50E-04  TIME = 3.50E-03
 N =   91  EMAX = 1.00E-01 FOR NH3     AT Z = 2.50E+04 U = 4.25E-17 RHS = 4.25E-18  DT = 3.85E-04  TIME = 3.85E-03
 N =   92  EMAX = 1.00E-01 FOR NH3     AT Z = 2.50E+04 U = 4.67E-17 RHS = 4.67E-18  DT = 4.23E-04  TIME = 4.23E-03
 N =   93  EMAX = 1.00E-01 FOR NH3     AT Z = 2.50E+04 U = 5.14E-17 RHS = 5.14E-18  DT = 4.66E-04  TIME = 4.66E-03
 N =   94  EMAX = 1.00E-01 FOR NH3     AT Z = 2.50E+04 U = 5.65E-17 RHS = 5.65E-18  DT = 5.12E-04  TIME = 5.12E-03
 N =   95  EMAX = 1.00E-01 FOR NH3     AT Z = 2.50E+04 U = 6.22E-17 RHS = 6.22E-18  DT = 5.64E-04  TIME = 5.64E-03
 N =   96  EMAX = 1.00E-01 FOR NH3     AT Z = 2.50E+04 U = 6.84E-17 RHS = 6.84E-18  DT = 6.20E-04  TIME = 6.20E-03
 N =   97  EMAX = 1.00E-01 FOR NH3     AT Z = 2.50E+04 U = 7.52E-17 RHS = 7.52E-18  DT = 6.82E-04  TIME = 6.82E-03
 N =   98  EMAX = 1.00E-01 FOR NH3     AT Z = 2.50E+04 U = 8.27E-17 RHS = 8.27E-18  DT = 7.50E-04  TIME = 7.50E-03
 N =   99  EMAX = 1.00E-01 FOR NH3     AT Z = 2.50E+04 U = 9.10E-17 RHS = 9.10E-18  DT = 8.25E-04  TIME = 8.25E-03
 N =  100  EMAX = 1.00E-01 FOR NH3     AT Z = 2.50E+04 U = 1.00E-16 RHS = 1.00E-17  DT = 9.08E-04  TIME = 9.08E-03
 N =  101  EMAX = 1.00E-01 FOR NH3     AT Z = 2.50E+04 U = 1.10E-16 RHS = 1.10E-17  DT = 9.98E-04  TIME = 9.98E-03
 N =  102  EMAX = 1.00E-01 FOR NH3     AT Z = 2.50E+04 U = 1.21E-16 RHS = 1.21E-17  DT = 1.10E-03  TIME = 1.10E-02
 N =  103  EMAX = 1.00E-01 FOR NH3     AT Z = 2.50E+04 U = 1.33E-16 RHS = 1.33E-17  DT = 1.21E-03  TIME = 1.21E-02
 N =  104  EMAX = 1.00E-01 FOR NH3     AT Z = 2.50E+04 U = 1.47E-16 RHS = 1.47E-17  DT = 1.33E-03  TIME = 1.33E-02
 N =  105  EMAX = 1.00E-01 FOR NH3     AT Z = 2.50E+04 U = 1.61E-16 RHS = 1.61E-17  DT = 1.46E-03  TIME = 1.46E-02
 N =  106  EMAX = 1.00E-01 FOR NH3     AT Z = 2.50E+04 U = 1.77E-16 RHS = 1.77E-17  DT = 1.61E-03  TIME = 1.61E-02
 N =  107  EMAX = 1.00E-01 FOR NH3     AT Z = 2.50E+04 U = 1.95E-16 RHS = 1.95E-17  DT = 1.77E-03  TIME = 1.77E-02
 N =  108  EMAX = 1.00E-01 FOR NH3     AT Z = 2.50E+04 U = 2.15E-16 RHS = 2.15E-17  DT = 1.95E-03  TIME = 1.95E-02
 N =  109  EMAX = 1.00E-01 FOR NH3     AT Z = 2.50E+04 U = 2.36E-16 RHS = 2.36E-17  DT = 2.14E-03  TIME = 2.14E-02
 N =  110  EMAX = 1.00E-01 FOR NH3     AT Z = 2.50E+04 U = 2.60E-16 RHS = 2.60E-17  DT = 2.35E-03  TIME = 2.35E-02
 N =  111  EMAX = 1.00E-01 FOR NH3     AT Z = 2.50E+04 U = 2.86E-16 RHS = 2.86E-17  DT = 2.59E-03  TIME = 2.59E-02
 N =  112  EMAX = 1.00E-01 FOR NH3     AT Z = 2.50E+04 U = 3.14E-16 RHS = 3.14E-17  DT = 2.85E-03  TIME = 2.85E-02
 N =  113  EMAX = 1.00E-01 FOR NH3     AT Z = 2.50E+04 U = 3.46E-16 RHS = 3.46E-17  DT = 3.13E-03  TIME = 3.13E-02
 N =  114  EMAX = 1.00E-01 FOR NH3     AT Z = 2.50E+04 U = 3.80E-16 RHS = 3.80E-17  DT = 3.45E-03  TIME = 3.45E-02
 N =  115  EMAX = 1.00E-01 FOR NH3     AT Z = 2.50E+04 U = 4.18E-16 RHS = 4.18E-17  DT = 3.79E-03  TIME = 3.79E-02
 N =  116  EMAX = 1.00E-01 FOR NH3     AT Z = 2.50E+04 U = 4.60E-16 RHS = 4.60E-17  DT = 4.17E-03  TIME = 4.17E-02
 N =  117  EMAX = 1.00E-01 FOR NH3     AT Z = 2.50E+04 U = 5.06E-16 RHS = 5.06E-17  DT = 4.59E-03  TIME = 4.59E-02
 N =  118  EMAX = 1.00E-01 FOR NH3     AT Z = 2.50E+04 U = 5.57E-16 RHS = 5.57E-17  DT = 5.05E-03  TIME = 5.05E-02
 N =  119  EMAX = 1.00E-01 FOR NH3     AT Z = 2.50E+04 U = 6.12E-16 RHS = 6.12E-17  DT = 5.55E-03  TIME = 5.55E-02
 N =  120  EMAX = 1.00E-01 FOR NH3     AT Z = 2.50E+04 U = 6.74E-16 RHS = 6.74E-17  DT = 6.11E-03  TIME = 6.11E-02
 N =  121  EMAX = 1.00E-01 FOR NH3     AT Z = 2.50E+04 U = 7.41E-16 RHS = 7.41E-17  DT = 6.72E-03  TIME = 6.72E-02
 N =  122  EMAX = 1.00E-01 FOR NH3     AT Z = 2.50E+04 U = 8.15E-16 RHS = 8.15E-17  DT = 7.39E-03  TIME = 7.39E-02
 N =  123  EMAX = 1.00E-01 FOR NH3     AT Z = 2.50E+04 U = 8.96E-16 RHS = 8.96E-17  DT = 8.13E-03  TIME = 8.13E-02
 N =  124  EMAX = 1.00E-01 FOR NH3     AT Z = 2.50E+04 U = 9.86E-16 RHS = 9.86E-17  DT = 8.94E-03  TIME = 8.94E-02
 N =  125  EMAX = 1.00E-01 FOR NH3     AT Z = 2.50E+04 U = 1.08E-15 RHS = 1.08E-16  DT = 9.83E-03  TIME = 9.83E-02
 N =  126  EMAX = 1.00E-01 FOR NH3     AT Z = 2.50E+04 U = 1.19E-15 RHS = 1.19E-16  DT = 1.08E-02  TIME = 1.08E-01
 N =  127  EMAX = 1.00E-01 FOR NH3     AT Z = 2.50E+04 U = 1.31E-15 RHS = 1.31E-16  DT = 1.19E-02  TIME = 1.19E-01
 N =  128  EMAX = 1.00E-01 FOR NH3     AT Z = 2.50E+04 U = 1.44E-15 RHS = 1.44E-16  DT = 1.31E-02  TIME = 1.31E-01
 N =  129  EMAX = 1.00E-01 FOR NH3     AT Z = 2.50E+04 U = 1.59E-15 RHS = 1.59E-16  DT = 1.44E-02  TIME = 1.44E-01
 N =  130  EMAX = 1.00E-01 FOR NH3     AT Z = 2.50E+04 U = 1.75E-15 RHS = 1.75E-16  DT = 1.58E-02  TIME = 1.58E-01
 N =  131  EMAX = 1.00E-01 FOR NH3     AT Z = 2.50E+04 U = 1.92E-15 RHS = 1.92E-16  DT = 1.74E-02  TIME = 1.74E-01
 N =  132  EMAX = 1.00E-01 FOR NH3     AT Z = 2.50E+04 U = 2.11E-15 RHS = 2.11E-16  DT = 1.92E-02  TIME = 1.92E-01
 N =  133  EMAX = 2.10E-01 FOR NH3     AT Z = 7.50E+04 U = 1.15E-20 RHS = 2.42E-21  DT = 1.92E-02  TIME = 2.11E-01
 N =  134  EMAX = 1.89E-01 FOR NH3     AT Z = 7.50E+04 U = 1.39E-20 RHS = 2.64E-21  DT = 1.92E-02  TIME = 2.30E-01
 N =  135  EMAX = 1.72E-01 FOR NH3     AT Z = 7.50E+04 U = 1.66E-20 RHS = 2.86E-21  DT = 1.92E-02  TIME = 2.49E-01
 N =  136  EMAX = 1.58E-01 FOR NH3     AT Z = 7.50E+04 U = 1.94E-20 RHS = 3.08E-21  DT = 1.92E-02  TIME = 2.68E-01
 N =  137  EMAX = 1.47E-01 FOR NH3     AT Z = 7.50E+04 U = 2.25E-20 RHS = 3.30E-21  DT = 2.11E-02  TIME = 2.87E-01
 N =  138  EMAX = 1.51E-01 FOR NH3     AT Z = 7.50E+04 U = 2.58E-20 RHS = 3.90E-21  DT = 2.11E-02  TIME = 3.09E-01
 N =  139  EMAX = 1.40E-01 FOR NH3     AT Z = 7.50E+04 U = 2.97E-20 RHS = 4.16E-21  DT = 2.32E-02  TIME = 3.30E-01
 N =  140  EMAX = 1.45E-01 FOR NH3     AT Z = 7.50E+04 U = 3.39E-20 RHS = 4.90E-21  DT = 2.55E-02  TIME = 3.53E-01
 N =  141  EMAX = 1.49E-01 FOR NH3     AT Z = 7.50E+04 U = 3.88E-20 RHS = 5.78E-21  DT = 2.81E-02  TIME = 3.78E-01
 N =  142  EMAX = 1.53E-01 FOR NH3     AT Z = 7.50E+04 U = 4.46E-20 RHS = 6.83E-21  DT = 2.81E-02  TIME = 4.06E-01
 N =  143  EMAX = 1.42E-01 FOR NH3     AT Z = 7.50E+04 U = 5.14E-20 RHS = 7.30E-21  DT = 3.09E-02  TIME = 4.34E-01
 N =  144  EMAX = 1.47E-01 FOR NH3     AT Z = 7.50E+04 U = 5.87E-20 RHS = 8.60E-21  DT = 3.39E-02  TIME = 4.65E-01
 N =  145  EMAX = 1.51E-01 FOR NH3     AT Z = 7.50E+04 U = 6.73E-20 RHS = 1.02E-20  DT = 3.39E-02  TIME = 4.99E-01
 N =  146  EMAX = 1.40E-01 FOR NH3     AT Z = 7.50E+04 U = 7.75E-20 RHS = 1.08E-20  DT = 3.73E-02  TIME = 5.33E-01
 N =  147  EMAX = 1.45E-01 FOR NH3     AT Z = 7.50E+04 U = 8.83E-20 RHS = 1.28E-20  DT = 4.11E-02  TIME = 5.71E-01
 N =  148  EMAX = 1.49E-01 FOR NH3     AT Z = 7.50E+04 U = 1.01E-19 RHS = 1.51E-20  DT = 4.52E-02  TIME = 6.12E-01
 N =  149  EMAX = 1.53E-01 FOR NH3     AT Z = 7.50E+04 U = 1.16E-19 RHS = 1.78E-20  DT = 4.52E-02  TIME = 6.57E-01
 N =  150  EMAX = 1.42E-01 FOR NH3     AT Z = 7.50E+04 U = 1.34E-19 RHS = 1.90E-20  DT = 4.97E-02  TIME = 7.02E-01
 N =  151  EMAX = 1.46E-01 FOR NH3     AT Z = 7.50E+04 U = 1.53E-19 RHS = 2.24E-20  DT = 5.47E-02  TIME = 7.52E-01
 N =  152  EMAX = 1.51E-01 FOR NH3     AT Z = 7.50E+04 U = 1.75E-19 RHS = 2.64E-20  DT = 5.47E-02  TIME = 8.06E-01
 N =  153  EMAX = 1.40E-01 FOR NH3     AT Z = 7.50E+04 U = 2.02E-19 RHS = 2.82E-20  DT = 6.01E-02  TIME = 8.61E-01
 N =  154  EMAX = 1.44E-01 FOR NH3     AT Z = 7.50E+04 U = 2.30E-19 RHS = 3.32E-20  DT = 6.62E-02  TIME = 9.21E-01
 N =  155  EMAX = 1.49E-01 FOR NH3     AT Z = 7.50E+04 U = 2.63E-19 RHS = 3.91E-20  DT = 7.28E-02  TIME = 9.87E-01
 N =  156  EMAX = 1.53E-01 FOR NH3     AT Z = 7.50E+04 U = 3.02E-19 RHS = 4.62E-20  DT = 7.28E-02  TIME = 1.06E+00
 N =  157  EMAX = 1.42E-01 FOR NH3     AT Z = 7.50E+04 U = 3.49E-19 RHS = 4.94E-20  DT = 8.00E-02  TIME = 1.13E+00
 N =  158  EMAX = 1.46E-01 FOR NH3     AT Z = 7.50E+04 U = 3.98E-19 RHS = 5.82E-20  DT = 8.81E-02  TIME = 1.21E+00
 N =  159  EMAX = 1.51E-01 FOR NH3     AT Z = 7.50E+04 U = 4.56E-19 RHS = 6.86E-20  DT = 8.81E-02  TIME = 1.30E+00
 N =  160  EMAX = 1.40E-01 FOR NH3     AT Z = 7.50E+04 U = 5.25E-19 RHS = 7.33E-20  DT = 9.69E-02  TIME = 1.39E+00
 N =  161  EMAX = 1.44E-01 FOR NH3     AT Z = 7.50E+04 U = 5.98E-19 RHS = 8.62E-20  DT = 1.07E-01  TIME = 1.49E+00
 N =  162  EMAX = 1.49E-01 FOR NH3     AT Z = 7.50E+04 U = 6.84E-19 RHS = 1.02E-19  DT = 1.17E-01  TIME = 1.59E+00
 N =  163  EMAX = 1.53E-01 FOR NH3     AT Z = 7.50E+04 U = 7.86E-19 RHS = 1.20E-19  DT = 1.17E-01  TIME = 1.71E+00
 N =  164  EMAX = 1.42E-01 FOR NH3     AT Z = 7.50E+04 U = 9.06E-19 RHS = 1.28E-19  DT = 1.29E-01  TIME = 1.83E+00
 N =  165  EMAX = 1.46E-01 FOR NH3     AT Z = 7.50E+04 U = 1.03E-18 RHS = 1.51E-19  DT = 1.42E-01  TIME = 1.96E+00
 N =  166  EMAX = 1.50E-01 FOR NH3     AT Z = 7.50E+04 U = 1.19E-18 RHS = 1.78E-19  DT = 1.42E-01  TIME = 2.10E+00
 N =  167  EMAX = 1.40E-01 FOR NH3     AT Z = 7.50E+04 U = 1.36E-18 RHS = 1.90E-19  DT = 1.56E-01  TIME = 2.24E+00
 N =  168  EMAX = 1.44E-01 FOR NH3     AT Z = 7.50E+04 U = 1.55E-18 RHS = 2.24E-19  DT = 1.72E-01  TIME = 2.40E+00
 N =  169  EMAX = 1.48E-01 FOR NH3     AT Z = 7.50E+04 U = 1.78E-18 RHS = 2.64E-19  DT = 1.89E-01  TIME = 2.57E+00
 N =  170  EMAX = 1.53E-01 FOR NH3     AT Z = 7.50E+04 U = 2.04E-18 RHS = 3.12E-19  DT = 1.89E-01  TIME = 2.76E+00
 N =  171  EMAX = 1.41E-01 FOR NH3     AT Z = 7.50E+04 U = 2.35E-18 RHS = 3.33E-19  DT = 2.08E-01  TIME = 2.94E+00
 N =  172  EMAX = 1.46E-01 FOR NH3     AT Z = 7.50E+04 U = 2.69E-18 RHS = 3.92E-19  DT = 2.28E-01  TIME = 3.15E+00
 N =  173  EMAX = 1.50E-01 FOR NH3     AT Z = 7.50E+04 U = 3.08E-18 RHS = 4.63E-19  DT = 2.28E-01  TIME = 3.38E+00
 N =  174  EMAX = 1.39E-01 FOR NH3     AT Z = 7.50E+04 U = 3.54E-18 RHS = 4.94E-19  DT = 2.51E-01  TIME = 3.61E+00
 N =  175  EMAX = 1.44E-01 FOR NH3     AT Z = 7.50E+04 U = 4.03E-18 RHS = 5.81E-19  DT = 2.76E-01  TIME = 3.86E+00
 N =  176  EMAX = 1.48E-01 FOR NH3     AT Z = 7.50E+04 U = 4.62E-18 RHS = 6.85E-19  DT = 3.04E-01  TIME = 4.14E+00
 N =  177  EMAX = 1.53E-01 FOR NH3     AT Z = 7.50E+04 U = 5.30E-18 RHS = 8.09E-19  DT = 3.04E-01  TIME = 4.44E+00
 N =  178  EMAX = 1.41E-01 FOR NH3     AT Z = 7.50E+04 U = 6.11E-18 RHS = 8.64E-19  DT = 3.34E-01  TIME = 4.74E+00
 N =  179  EMAX = 1.46E-01 FOR NH3     AT Z = 7.50E+04 U = 6.97E-18 RHS = 1.02E-18  DT = 3.68E-01  TIME = 5.08E+00
 N =  180  EMAX = 1.50E-01 FOR NH3     AT Z = 7.50E+04 U = 7.99E-18 RHS = 1.20E-18  DT = 3.68E-01  TIME = 5.45E+00
 N =  181  EMAX = 1.39E-01 FOR NH3     AT Z = 7.50E+04 U = 9.19E-18 RHS = 1.28E-18  DT = 4.05E-01  TIME = 5.81E+00
 N =  182  EMAX = 1.44E-01 FOR NH3     AT Z = 7.50E+04 U = 1.05E-17 RHS = 1.51E-18  DT = 4.45E-01  TIME = 6.22E+00
 N =  183  EMAX = 1.48E-01 FOR NH3     AT Z = 7.50E+04 U = 1.20E-17 RHS = 1.78E-18  DT = 4.90E-01  TIME = 6.66E+00
 N =  184  EMAX = 1.52E-01 FOR NH3     AT Z = 7.50E+04 U = 1.38E-17 RHS = 2.10E-18  DT = 4.90E-01  TIME = 7.15E+00
 N =  185  EMAX = 1.41E-01 FOR NH3     AT Z = 7.50E+04 U = 1.59E-17 RHS = 2.24E-18  DT = 5.39E-01  TIME = 7.64E+00
 N =  186  EMAX = 1.46E-01 FOR NH3     AT Z = 7.50E+04 U = 1.81E-17 RHS = 2.64E-18  DT = 5.92E-01  TIME = 8.18E+00
 N =  187  EMAX = 1.50E-01 FOR NH3     AT Z = 7.50E+04 U = 2.07E-17 RHS = 3.11E-18  DT = 5.92E-01  TIME = 8.77E+00
 N =  188  EMAX = 1.39E-01 FOR NH3     AT Z = 7.50E+04 U = 2.38E-17 RHS = 3.32E-18  DT = 6.52E-01  TIME = 9.37E+00
 N =  189  EMAX = 1.44E-01 FOR NH3     AT Z = 7.50E+04 U = 2.72E-17 RHS = 3.91E-18  DT = 7.17E-01  TIME = 1.00E+01
 N =  190  EMAX = 1.48E-01 FOR NH3     AT Z = 7.50E+04 U = 3.11E-17 RHS = 4.61E-18  DT = 7.88E-01  TIME = 1.07E+01
 N =  191  EMAX = 1.52E-01 FOR NH3     AT Z = 7.50E+04 U = 3.57E-17 RHS = 5.44E-18  DT = 7.88E-01  TIME = 1.15E+01
 N =  192  EMAX = 1.41E-01 FOR NH3     AT Z = 7.50E+04 U = 4.11E-17 RHS = 5.81E-18  DT = 8.67E-01  TIME = 1.23E+01
 N =  193  EMAX = 1.46E-01 FOR NH3     AT Z = 7.50E+04 U = 4.69E-17 RHS = 6.84E-18  DT = 9.54E-01  TIME = 1.32E+01
 N =  194  EMAX = 2.34E-01 FOR NH3     AT Z = 1.25E+05 U = 1.22E-20 RHS = 2.86E-21  DT = 9.54E-01  TIME = 1.41E+01
 N =  195  EMAX = 2.16E-01 FOR NH3     AT Z = 1.25E+05 U = 1.51E-20 RHS = 3.25E-21  DT = 9.54E-01  TIME = 1.51E+01
 N =  196  EMAX = 2.01E-01 FOR NH3     AT Z = 1.25E+05 U = 1.83E-20 RHS = 3.68E-21  DT = 9.54E-01  TIME = 1.60E+01
 N =  197  EMAX = 1.87E-01 FOR NH3     AT Z = 1.25E+05 U = 2.20E-20 RHS = 4.13E-21  DT = 9.54E-01  TIME = 1.70E+01
 N =  198  EMAX = 1.76E-01 FOR NH3     AT Z = 1.25E+05 U = 2.61E-20 RHS = 4.60E-21  DT = 9.54E-01  TIME = 1.79E+01
 N =  199  EMAX = 1.66E-01 FOR NH3     AT Z = 1.25E+05 U = 3.07E-20 RHS = 5.10E-21  DT = 9.54E-01  TIME = 1.89E+01
 N =  200  EMAX = 1.57E-01 FOR NH3     AT Z = 1.25E+05 U = 3.58E-20 RHS = 5.62E-21  DT = 9.54E-01  TIME = 1.99E+01
 N =  201  EMAX = 1.49E-01 FOR NH3     AT Z = 1.25E+05 U = 4.15E-20 RHS = 6.17E-21  DT = 1.05E+00  TIME = 2.08E+01
 N =  202  EMAX = 1.57E-01 FOR NH3     AT Z = 1.25E+05 U = 4.76E-20 RHS = 7.48E-21  DT = 1.05E+00  TIME = 2.19E+01
 N =  203  EMAX = 1.49E-01 FOR NH3     AT Z = 1.25E+05 U = 5.51E-20 RHS = 8.21E-21  DT = 1.15E+00  TIME = 2.29E+01
 N =  204  EMAX = 1.57E-01 FOR NH3     AT Z = 1.25E+05 U = 6.33E-20 RHS = 9.96E-21  DT = 1.15E+00  TIME = 2.41E+01
 N =  205  EMAX = 1.49E-01 FOR NH3     AT Z = 1.25E+05 U = 7.33E-20 RHS = 1.09E-20  DT = 1.27E+00  TIME = 2.52E+01
 N =  206  EMAX = 1.57E-01 FOR NH3     AT Z = 1.25E+05 U = 8.42E-20 RHS = 1.33E-20  DT = 1.27E+00  TIME = 2.65E+01
 N =  207  EMAX = 1.49E-01 FOR NH3     AT Z = 1.25E+05 U = 9.75E-20 RHS = 1.46E-20  DT = 1.40E+00  TIME = 2.78E+01
 N =  208  EMAX = 1.58E-01 FOR NH3     AT Z = 1.25E+05 U = 1.12E-19 RHS = 1.77E-20  DT = 1.40E+00  TIME = 2.92E+01
 N =  209  EMAX = 1.49E-01 FOR NH3     AT Z = 1.25E+05 U = 1.30E-19 RHS = 1.94E-20  DT = 1.54E+00  TIME = 3.06E+01
 N =  210  EMAX = 1.58E-01 FOR NH3     AT Z = 1.25E+05 U = 1.49E-19 RHS = 2.35E-20  DT = 1.54E+00  TIME = 3.21E+01
 N =  211  EMAX = 1.50E-01 FOR NH3     AT Z = 1.25E+05 U = 1.73E-19 RHS = 2.58E-20  DT = 1.69E+00  TIME = 3.36E+01
 N =  212  EMAX = 1.58E-01 FOR NH3     AT Z = 1.25E+05 U = 1.98E-19 RHS = 3.13E-20  DT = 1.69E+00  TIME = 3.53E+01
 N =  213  EMAX = 1.50E-01 FOR NH3     AT Z = 1.25E+05 U = 2.30E-19 RHS = 3.44E-20  DT = 1.86E+00  TIME = 3.70E+01
 N =  214  EMAX = 1.58E-01 FOR NH3     AT Z = 1.25E+05 U = 2.64E-19 RHS = 4.17E-20  DT = 1.86E+00  TIME = 3.89E+01
 N =  215  EMAX = 1.50E-01 FOR NH3     AT Z = 1.25E+05 U = 3.06E-19 RHS = 4.57E-20  DT = 2.05E+00  TIME = 4.07E+01
 N =  216  EMAX = 1.58E-01 FOR NH3     AT Z = 1.25E+05 U = 3.51E-19 RHS = 5.55E-20  DT = 2.05E+00  TIME = 4.28E+01
 N =  217  EMAX = 1.50E-01 FOR NH3     AT Z = 1.25E+05 U = 4.07E-19 RHS = 6.09E-20  DT = 2.25E+00  TIME = 4.48E+01
 N =  218  EMAX = 1.58E-01 FOR NH3     AT Z = 1.25E+05 U = 4.68E-19 RHS = 7.38E-20  DT = 2.25E+00  TIME = 4.71E+01
 N =  219  EMAX = 1.50E-01 FOR NH3     AT Z = 1.25E+05 U = 5.42E-19 RHS = 8.10E-20  DT = 2.47E+00  TIME = 4.93E+01
 N =  220  EMAX = 1.58E-01 FOR NH3     AT Z = 1.25E+05 U = 6.23E-19 RHS = 9.83E-20  DT = 2.47E+00  TIME = 5.18E+01
 N =  221  EMAX = 1.50E-01 FOR NH3     AT Z = 1.25E+05 U = 7.21E-19 RHS = 1.08E-19  DT = 2.72E+00  TIME = 5.43E+01
 N =  222  EMAX = 1.58E-01 FOR NH3     AT Z = 1.25E+05 U = 8.29E-19 RHS = 1.31E-19  DT = 2.72E+00  TIME = 5.70E+01
 N =  223  EMAX = 1.50E-01 FOR NH3     AT Z = 1.25E+05 U = 9.60E-19 RHS = 1.44E-19  DT = 2.99E+00  TIME = 5.97E+01
 N =  224  EMAX = 1.58E-01 FOR NH3     AT Z = 1.25E+05 U = 1.10E-18 RHS = 1.74E-19  DT = 2.99E+00  TIME = 6.27E+01
 N =  225  EMAX = 1.50E-01 FOR NH3     AT Z = 1.25E+05 U = 1.28E-18 RHS = 1.91E-19  DT = 3.29E+00  TIME = 6.57E+01
 N =  226  EMAX = 1.58E-01 FOR NH3     AT Z = 1.25E+05 U = 1.47E-18 RHS = 2.32E-19  DT = 3.29E+00  TIME = 6.90E+01
 N =  227  EMAX = 1.50E-01 FOR NH3     AT Z = 1.25E+05 U = 1.70E-18 RHS = 2.54E-19  DT = 3.62E+00  TIME = 7.23E+01
 N =  228  EMAX = 1.58E-01 FOR NH3     AT Z = 1.25E+05 U = 1.95E-18 RHS = 3.08E-19  DT = 3.62E+00  TIME = 7.59E+01
 N =  229  EMAX = 1.50E-01 FOR NH3     AT Z = 1.25E+05 U = 2.26E-18 RHS = 3.38E-19  DT = 3.99E+00  TIME = 7.95E+01
 N =  230  EMAX = 1.58E-01 FOR NH3     AT Z = 1.25E+05 U = 2.60E-18 RHS = 4.10E-19  DT = 3.99E+00  TIME = 8.35E+01
 N =  231  EMAX = 1.49E-01 FOR NH3     AT Z = 1.25E+05 U = 3.01E-18 RHS = 4.50E-19  DT = 4.38E+00  TIME = 8.75E+01
 N =  232  EMAX = 1.58E-01 FOR NH3     AT Z = 1.25E+05 U = 3.46E-18 RHS = 5.46E-19  DT = 4.38E+00  TIME = 9.19E+01
 N =  233  EMAX = 1.49E-01 FOR NH3     AT Z = 1.25E+05 U = 4.01E-18 RHS = 5.99E-19  DT = 4.82E+00  TIME = 9.63E+01
 N =  234  EMAX = 1.58E-01 FOR NH3     AT Z = 1.25E+05 U = 4.61E-18 RHS = 7.26E-19  DT = 4.82E+00  TIME = 1.01E+02
 N =  235  EMAX = 1.49E-01 FOR NH3     AT Z = 1.25E+05 U = 5.33E-18 RHS = 7.97E-19  DT = 5.30E+00  TIME = 1.06E+02
 N =  236  EMAX = 1.58E-01 FOR NH3     AT Z = 1.25E+05 U = 6.13E-18 RHS = 9.66E-19  DT = 5.30E+00  TIME = 1.11E+02
 N =  237  EMAX = 2.04E-01 FOR NH3     AT Z = 1.75E+05 U = 1.01E-20 RHS = 2.06E-21  DT = 5.30E+00  TIME = 1.17E+02
 N =  238  EMAX = 1.93E-01 FOR NH3     AT Z = 1.75E+05 U = 1.21E-20 RHS = 2.35E-21  DT = 5.30E+00  TIME = 1.22E+02
 N =  239  EMAX = 1.84E-01 FOR NH3     AT Z = 1.75E+05 U = 1.45E-20 RHS = 2.67E-21  DT = 5.30E+00  TIME = 1.27E+02
 N =  240  EMAX = 1.75E-01 FOR NH3     AT Z = 1.75E+05 U = 1.72E-20 RHS = 3.01E-21  DT = 5.30E+00  TIME = 1.32E+02
 N =  241  EMAX = 1.68E-01 FOR NH3     AT Z = 1.75E+05 U = 2.02E-20 RHS = 3.38E-21  DT = 5.30E+00  TIME = 1.38E+02
 N =  242  EMAX = 1.61E-01 FOR NH3     AT Z = 1.75E+05 U = 2.36E-20 RHS = 3.78E-21  DT = 5.30E+00  TIME = 1.43E+02
 N =  243  EMAX = 1.54E-01 FOR NH3     AT Z = 1.75E+05 U = 2.73E-20 RHS = 4.21E-21  DT = 5.30E+00  TIME = 1.48E+02
 N =  244  EMAX = 1.48E-01 FOR NH3     AT Z = 1.75E+05 U = 3.16E-20 RHS = 4.68E-21  DT = 5.83E+00  TIME = 1.54E+02
 N =  245  EMAX = 1.59E-01 FOR NH3     AT Z = 1.75E+05 U = 3.62E-20 RHS = 5.74E-21  DT = 5.83E+00  TIME = 1.59E+02
 N =  246  EMAX = 1.52E-01 FOR NH3     AT Z = 1.75E+05 U = 4.20E-20 RHS = 6.39E-21  DT = 5.83E+00  TIME = 1.65E+02
 N =  247  EMAX = 1.46E-01 FOR NH3     AT Z = 1.75E+05 U = 4.84E-20 RHS = 7.08E-21  DT = 6.42E+00  TIME = 1.71E+02
 N =  248  EMAX = 1.57E-01 FOR NH3     AT Z = 1.75E+05 U = 5.54E-20 RHS = 8.69E-21  DT = 6.42E+00  TIME = 1.78E+02
 N =  249  EMAX = 1.51E-01 FOR NH3     AT Z = 1.75E+05 U = 6.41E-20 RHS = 9.65E-21  DT = 6.42E+00  TIME = 1.84E+02
 N =  250  EMAX = 1.45E-01 FOR NH3     AT Z = 1.75E+05 U = 7.38E-20 RHS = 1.07E-20  DT = 7.06E+00  TIME = 1.90E+02
 N =  251  EMAX = 1.55E-01 FOR NH3     AT Z = 1.75E+05 U = 8.45E-20 RHS = 1.31E-20  DT = 7.06E+00  TIME = 1.97E+02
 N =  252  EMAX = 1.49E-01 FOR NH3     AT Z = 1.75E+05 U = 9.76E-20 RHS = 1.45E-20  DT = 7.77E+00  TIME = 2.05E+02
 N =  253  EMAX = 1.59E-01 FOR NH3     AT Z = 1.75E+05 U = 1.12E-19 RHS = 1.79E-20  DT = 7.77E+00  TIME = 2.12E+02
 N =  254  EMAX = 1.53E-01 FOR NH3     AT Z = 1.75E+05 U = 1.30E-19 RHS = 1.99E-20  DT = 7.77E+00  TIME = 2.20E+02
 N =  255  EMAX = 1.47E-01 FOR NH3     AT Z = 1.75E+05 U = 1.50E-19 RHS = 2.20E-20  DT = 8.54E+00  TIME = 2.28E+02
 N =  256  EMAX = 1.57E-01 FOR NH3     AT Z = 1.75E+05 U = 1.72E-19 RHS = 2.70E-20  DT = 8.54E+00  TIME = 2.36E+02
 N =  257  EMAX = 1.51E-01 FOR NH3     AT Z = 1.75E+05 U = 1.99E-19 RHS = 3.00E-20  DT = 8.54E+00  TIME = 2.45E+02
 N =  258  EMAX = 1.45E-01 FOR NH3     AT Z = 1.75E+05 U = 2.29E-19 RHS = 3.32E-20  DT = 9.40E+00  TIME = 2.53E+02
 N =  259  EMAX = 1.55E-01 FOR NH3     AT Z = 1.75E+05 U = 2.62E-19 RHS = 4.07E-20  DT = 9.40E+00  TIME = 2.63E+02
 N =  260  EMAX = 1.49E-01 FOR NH3     AT Z = 1.75E+05 U = 3.03E-19 RHS = 4.52E-20  DT = 1.03E+01  TIME = 2.72E+02
 N =  261  EMAX = 1.60E-01 FOR NH3     AT Z = 1.75E+05 U = 3.48E-19 RHS = 5.56E-20  DT = 1.03E+01  TIME = 2.83E+02
 N =  262  EMAX = 1.53E-01 FOR NH3     AT Z = 1.75E+05 U = 4.04E-19 RHS = 6.18E-20  DT = 1.03E+01  TIME = 2.93E+02
 N =  263  EMAX = 1.47E-01 FOR NH3     AT Z = 1.75E+05 U = 4.66E-19 RHS = 6.85E-20  DT = 1.14E+01  TIME = 3.03E+02
 N =  264  EMAX = 1.57E-01 FOR NH3     AT Z = 1.75E+05 U = 5.34E-19 RHS = 8.41E-20  DT = 1.14E+01  TIME = 3.15E+02
 N =  265  EMAX = 1.51E-01 FOR NH3     AT Z = 1.75E+05 U = 6.18E-19 RHS = 9.34E-20  DT = 1.14E+01  TIME = 3.26E+02
 N =  266  EMAX = 1.45E-01 FOR NH3     AT Z = 1.75E+05 U = 7.12E-19 RHS = 1.03E-19  DT = 1.25E+01  TIME = 3.37E+02
 N =  267  EMAX = 1.55E-01 FOR NH3     AT Z = 1.75E+05 U = 8.15E-19 RHS = 1.27E-19  DT = 1.25E+01  TIME = 3.50E+02
 N =  268  EMAX = 1.49E-01 FOR NH3     AT Z = 1.75E+05 U = 9.42E-19 RHS = 1.41E-19  DT = 1.38E+01  TIME = 3.62E+02
 N =  269  EMAX = 1.60E-01 FOR NH3     AT Z = 1.75E+05 U = 1.08E-18 RHS = 1.73E-19  DT = 1.38E+01  TIME = 3.76E+02
 N =  270  EMAX = 1.53E-01 FOR NH3     AT Z = 1.75E+05 U = 1.26E-18 RHS = 1.92E-19  DT = 1.38E+01  TIME = 3.90E+02
 N =  271  EMAX = 1.47E-01 FOR NH3     AT Z = 1.75E+05 U = 1.45E-18 RHS = 2.13E-19  DT = 1.51E+01  TIME = 4.04E+02
 N =  272  EMAX = 1.57E-01 FOR NH3     AT Z = 1.75E+05 U = 1.66E-18 RHS = 2.61E-19  DT = 1.51E+01  TIME = 4.19E+02
 N =  273  EMAX = 1.51E-01 FOR NH3     AT Z = 1.75E+05 U = 1.92E-18 RHS = 2.90E-19  DT = 1.51E+01  TIME = 4.34E+02
 N =  274  EMAX = 1.45E-01 FOR NH3     AT Z = 1.75E+05 U = 2.21E-18 RHS = 3.21E-19  DT = 1.66E+01  TIME = 4.49E+02
 N =  275  EMAX = 1.98E-01 FOR NH3     AT Z = 2.25E+05 U = 1.15E-20 RHS = 2.28E-21  DT = 1.66E+01  TIME = 4.66E+02
 N =  276  EMAX = 1.90E-01 FOR NH3     AT Z = 2.25E+05 U = 1.38E-20 RHS = 2.62E-21  DT = 1.66E+01  TIME = 4.82E+02
 N =  277  EMAX = 1.82E-01 FOR NH3     AT Z = 2.25E+05 U = 1.64E-20 RHS = 3.00E-21  DT = 1.66E+01  TIME = 4.99E+02
 N =  278  EMAX = 1.76E-01 FOR NH3     AT Z = 2.25E+05 U = 1.94E-20 RHS = 3.41E-21  DT = 1.66E+01  TIME = 5.16E+02
 N =  279  EMAX = 1.69E-01 FOR NH3     AT Z = 2.25E+05 U = 2.28E-20 RHS = 3.87E-21  DT = 1.66E+01  TIME = 5.32E+02
 N =  280  EMAX = 1.63E-01 FOR NH3     AT Z = 2.25E+05 U = 2.67E-20 RHS = 4.36E-21  DT = 1.66E+01  TIME = 5.49E+02
 N =  281  EMAX = 1.58E-01 FOR NH3     AT Z = 2.25E+05 U = 3.11E-20 RHS = 4.90E-21  DT = 1.66E+01  TIME = 5.66E+02
 N =  282  EMAX = 1.53E-01 FOR NH3     AT Z = 2.25E+05 U = 3.60E-20 RHS = 5.49E-21  DT = 1.66E+01  TIME = 5.82E+02
 N =  283  EMAX = 1.48E-01 FOR NH3     AT Z = 2.25E+05 U = 4.15E-20 RHS = 6.13E-21  DT = 1.83E+01  TIME = 5.99E+02
 N =  284  EMAX = 1.59E-01 FOR NH3     AT Z = 2.25E+05 U = 4.76E-20 RHS = 7.59E-21  DT = 1.83E+01  TIME = 6.17E+02
 N =  285  EMAX = 1.54E-01 FOR NH3     AT Z = 2.25E+05 U = 5.52E-20 RHS = 8.51E-21  DT = 1.83E+01  TIME = 6.36E+02
 N =  286  EMAX = 1.49E-01 FOR NH3     AT Z = 2.25E+05 U = 6.37E-20 RHS = 9.51E-21  DT = 2.01E+01  TIME = 6.54E+02
 N =  287  EMAX = 1.61E-01 FOR NH3     AT Z = 2.25E+05 U = 7.32E-20 RHS = 1.18E-20  DT = 2.01E+01  TIME = 6.74E+02
 N =  288  EMAX = 1.56E-01 FOR NH3     AT Z = 2.25E+05 U = 8.50E-20 RHS = 1.32E-20  DT = 2.01E+01  TIME = 6.94E+02
 N =  289  EMAX = 1.51E-01 FOR NH3     AT Z = 2.25E+05 U = 9.82E-20 RHS = 1.48E-20  DT = 2.01E+01  TIME = 7.14E+02
 N =  290  EMAX = 1.46E-01 FOR NH3     AT Z = 2.25E+05 U = 1.13E-19 RHS = 1.65E-20  DT = 2.22E+01  TIME = 7.34E+02
 N =  291  EMAX = 1.57E-01 FOR NH3     AT Z = 2.25E+05 U = 1.30E-19 RHS = 2.04E-20  DT = 2.22E+01  TIME = 7.57E+02
 N =  292  EMAX = 1.52E-01 FOR NH3     AT Z = 2.25E+05 U = 1.50E-19 RHS = 2.28E-20  DT = 2.22E+01  TIME = 7.79E+02
 N =  293  EMAX = 1.47E-01 FOR NH3     AT Z = 2.25E+05 U = 1.73E-19 RHS = 2.55E-20  DT = 2.44E+01  TIME = 8.01E+02
 N =  294  EMAX = 1.59E-01 FOR NH3     AT Z = 2.25E+05 U = 1.98E-19 RHS = 3.15E-20  DT = 2.44E+01  TIME = 8.25E+02
 N =  295  EMAX = 1.54E-01 FOR NH3     AT Z = 2.25E+05 U = 2.30E-19 RHS = 3.53E-20  DT = 2.44E+01  TIME = 8.50E+02
 N =  296  EMAX = 1.49E-01 FOR NH3     AT Z = 2.25E+05 U = 2.65E-19 RHS = 3.94E-20  DT = 2.68E+01  TIME = 8.74E+02
 N =  297  EMAX = 1.60E-01 FOR NH3     AT Z = 2.25E+05 U = 3.04E-19 RHS = 4.88E-20  DT = 2.68E+01  TIME = 9.01E+02
 N =  298  EMAX = 1.55E-01 FOR NH3     AT Z = 2.25E+05 U = 3.53E-19 RHS = 5.47E-20  DT = 2.68E+01  TIME = 9.28E+02
 N =  299  EMAX = 1.50E-01 FOR NH3     AT Z = 2.25E+05 U = 4.08E-19 RHS = 6.12E-20  DT = 2.95E+01  TIME = 9.54E+02
 N =  300  EMAX = 1.62E-01 FOR NH3     AT Z = 2.25E+05 U = 4.69E-19 RHS = 7.58E-20  DT = 2.95E+01  TIME = 9.84E+02
 N =  301  EMAX = 1.56E-01 FOR NH3     AT Z = 2.25E+05 U = 5.45E-19 RHS = 8.50E-20  DT = 2.95E+01  TIME = 1.01E+03
 N =  302  EMAX = 1.51E-01 FOR NH3     AT Z = 2.25E+05 U = 6.30E-19 RHS = 9.51E-20  DT = 2.95E+01  TIME = 1.04E+03
 N =  303  EMAX = 1.46E-01 FOR NH3     AT Z = 2.25E+05 U = 7.25E-19 RHS = 1.06E-19  DT = 3.24E+01  TIME = 1.07E+03
 N =  304  EMAX = 1.58E-01 FOR NH3     AT Z = 2.25E+05 U = 8.31E-19 RHS = 1.31E-19  DT = 3.24E+01  TIME = 1.10E+03
 N =  305  EMAX = 1.52E-01 FOR NH3     AT Z = 2.25E+05 U = 9.62E-19 RHS = 1.47E-19  DT = 3.24E+01  TIME = 1.14E+03
 N =  306  EMAX = 1.80E-01 FOR NH3     AT Z = 2.75E+05 U = 1.07E-20 RHS = 1.92E-21  DT = 3.24E+01  TIME = 1.17E+03
 N =  307  EMAX = 1.74E-01 FOR NH3     AT Z = 2.75E+05 U = 1.26E-20 RHS = 2.19E-21  DT = 3.24E+01  TIME = 1.20E+03
 N =  308  EMAX = 1.69E-01 FOR NH3     AT Z = 2.75E+05 U = 1.48E-20 RHS = 2.49E-21  DT = 3.24E+01  TIME = 1.23E+03
 N =  309  EMAX = 1.64E-01 FOR NH3     AT Z = 2.75E+05 U = 1.73E-20 RHS = 2.83E-21  DT = 3.24E+01  TIME = 1.27E+03
 N =  310  EMAX = 1.59E-01 FOR NH3     AT Z = 2.75E+05 U = 2.01E-20 RHS = 3.20E-21  DT = 3.24E+01  TIME = 1.30E+03
 N =  311  EMAX = 1.55E-01 FOR NH3     AT Z = 2.75E+05 U = 2.33E-20 RHS = 3.60E-21  DT = 3.24E+01  TIME = 1.33E+03
 N =  312  EMAX = 1.50E-01 FOR NH3     AT Z = 2.75E+05 U = 2.69E-20 RHS = 4.05E-21  DT = 3.24E+01  TIME = 1.36E+03
 N =  313  EMAX = 1.46E-01 FOR NH3     AT Z = 2.75E+05 U = 3.10E-20 RHS = 4.53E-21  DT = 3.57E+01  TIME = 1.40E+03
 N =  314  EMAX = 1.59E-01 FOR NH3     AT Z = 2.75E+05 U = 3.55E-20 RHS = 5.63E-21  DT = 3.57E+01  TIME = 1.43E+03
 N =  315  EMAX = 1.54E-01 FOR NH3     AT Z = 2.75E+05 U = 4.11E-20 RHS = 6.34E-21  DT = 3.57E+01  TIME = 1.47E+03
 N =  316  EMAX = 1.50E-01 FOR NH3     AT Z = 2.75E+05 U = 4.75E-20 RHS = 7.12E-21  DT = 3.57E+01  TIME = 1.50E+03
 N =  317  EMAX = 1.46E-01 FOR NH3     AT Z = 2.75E+05 U = 5.46E-20 RHS = 7.97E-21  DT = 3.93E+01  TIME = 1.54E+03
 N =  318  EMAX = 1.58E-01 FOR NH3     AT Z = 2.75E+05 U = 6.26E-20 RHS = 9.90E-21  DT = 3.93E+01  TIME = 1.58E+03
 N =  319  EMAX = 1.54E-01 FOR NH3     AT Z = 2.75E+05 U = 7.25E-20 RHS = 1.12E-20  DT = 3.93E+01  TIME = 1.62E+03
 N =  320  EMAX = 1.50E-01 FOR NH3     AT Z = 2.75E+05 U = 8.36E-20 RHS = 1.25E-20  DT = 4.32E+01  TIME = 1.66E+03
 N =  321  EMAX = 1.62E-01 FOR NH3     AT Z = 2.75E+05 U = 9.61E-20 RHS = 1.56E-20  DT = 4.32E+01  TIME = 1.70E+03
 N =  322  EMAX = 1.57E-01 FOR NH3     AT Z = 2.75E+05 U = 1.12E-19 RHS = 1.76E-20  DT = 4.32E+01  TIME = 1.74E+03
 N =  323  EMAX = 1.53E-01 FOR NH3     AT Z = 2.75E+05 U = 1.29E-19 RHS = 1.98E-20  DT = 4.32E+01  TIME = 1.79E+03
 N =  324  EMAX = 1.49E-01 FOR NH3     AT Z = 2.75E+05 U = 1.49E-19 RHS = 2.22E-20  DT = 4.75E+01  TIME = 1.83E+03
 N =  325  EMAX = 1.61E-01 FOR NH3     AT Z = 2.75E+05 U = 1.71E-19 RHS = 2.76E-20  DT = 4.75E+01  TIME = 1.88E+03
 N =  326  EMAX = 1.57E-01 FOR NH3     AT Z = 2.75E+05 U = 1.99E-19 RHS = 3.12E-20  DT = 4.75E+01  TIME = 1.93E+03
 N =  327  EMAX = 1.52E-01 FOR NH3     AT Z = 2.75E+05 U = 2.30E-19 RHS = 3.50E-20  DT = 4.75E+01  TIME = 1.97E+03
 N =  328  EMAX = 1.48E-01 FOR NH3     AT Z = 2.75E+05 U = 2.65E-19 RHS = 3.93E-20  DT = 5.22E+01  TIME = 2.02E+03
 N =  329  EMAX = 1.60E-01 FOR NH3     AT Z = 2.75E+05 U = 3.04E-19 RHS = 4.88E-20  DT = 5.22E+01  TIME = 2.07E+03
 N =  330  EMAX = 1.56E-01 FOR NH3     AT Z = 2.75E+05 U = 3.53E-19 RHS = 5.50E-20  DT = 5.22E+01  TIME = 2.12E+03
 N =  331  EMAX = 1.51E-01 FOR NH3     AT Z = 2.75E+05 U = 4.08E-19 RHS = 6.18E-20  DT = 5.22E+01  TIME = 2.18E+03
 N =  332  EMAX = 1.47E-01 FOR NH3     AT Z = 2.75E+05 U = 4.70E-19 RHS = 6.92E-20  DT = 5.75E+01  TIME = 2.23E+03
 N =  333  EMAX = 1.60E-01 FOR NH3     AT Z = 2.75E+05 U = 5.39E-19 RHS = 8.60E-20  DT = 5.75E+01  TIME = 2.29E+03
 N =  334  EMAX = 1.83E-01 FOR NH3     AT Z = 3.25E+05 U = 1.05E-20 RHS = 1.93E-21  DT = 5.75E+01  TIME = 2.34E+03
 N =  335  EMAX = 1.78E-01 FOR NH3     AT Z = 3.25E+05 U = 1.24E-20 RHS = 2.22E-21  DT = 5.75E+01  TIME = 2.40E+03
 N =  336  EMAX = 1.73E-01 FOR NH3     AT Z = 3.25E+05 U = 1.47E-20 RHS = 2.54E-21  DT = 5.75E+01  TIME = 2.46E+03
 N =  337  EMAX = 1.69E-01 FOR NH3     AT Z = 3.25E+05 U = 1.72E-20 RHS = 2.90E-21  DT = 5.75E+01  TIME = 2.52E+03
 N =  338  EMAX = 1.64E-01 FOR NH3     AT Z = 3.25E+05 U = 2.01E-20 RHS = 3.30E-21  DT = 5.75E+01  TIME = 2.57E+03
 N =  339  EMAX = 1.60E-01 FOR NH3     AT Z = 3.25E+05 U = 2.34E-20 RHS = 3.74E-21  DT = 5.75E+01  TIME = 2.63E+03
 N =  340  EMAX = 1.56E-01 FOR NH3     AT Z = 3.25E+05 U = 2.71E-20 RHS = 4.23E-21  DT = 5.75E+01  TIME = 2.69E+03
 N =  341  EMAX = 1.52E-01 FOR NH3     AT Z = 3.25E+05 U = 3.14E-20 RHS = 4.77E-21  DT = 5.75E+01  TIME = 2.75E+03
 N =  342  EMAX = 1.49E-01 FOR NH3     AT Z = 3.25E+05 U = 3.61E-20 RHS = 5.37E-21  DT = 6.32E+01  TIME = 2.80E+03
 N =  343  EMAX = 1.62E-01 FOR NH3     AT Z = 3.25E+05 U = 4.15E-20 RHS = 6.71E-21  DT = 6.32E+01  TIME = 2.87E+03
 N =  344  EMAX = 1.58E-01 FOR NH3     AT Z = 3.25E+05 U = 4.82E-20 RHS = 7.60E-21  DT = 6.32E+01  TIME = 2.93E+03
 N =  345  EMAX = 1.54E-01 FOR NH3     AT Z = 3.25E+05 U = 5.58E-20 RHS = 8.58E-21  DT = 6.32E+01  TIME = 2.99E+03
 N =  346  EMAX = 1.50E-01 FOR NH3     AT Z = 3.25E+05 U = 6.44E-20 RHS = 9.66E-21  DT = 6.95E+01  TIME = 3.06E+03
 N =  347  EMAX = 1.63E-01 FOR NH3     AT Z = 3.25E+05 U = 7.41E-20 RHS = 1.21E-20  DT = 6.95E+01  TIME = 3.13E+03
 N =  348  EMAX = 1.59E-01 FOR NH3     AT Z = 3.25E+05 U = 8.61E-20 RHS = 1.37E-20  DT = 6.95E+01  TIME = 3.20E+03
 N =  349  EMAX = 1.55E-01 FOR NH3     AT Z = 3.25E+05 U = 9.98E-20 RHS = 1.55E-20  DT = 6.95E+01  TIME = 3.27E+03
 N =  350  EMAX = 1.51E-01 FOR NH3     AT Z = 3.25E+05 U = 1.15E-19 RHS = 1.74E-20  DT = 6.95E+01  TIME = 3.33E+03
 N =  351  EMAX = 1.48E-01 FOR NH3     AT Z = 3.25E+05 U = 1.33E-19 RHS = 1.96E-20  DT = 7.65E+01  TIME = 3.40E+03
 N =  352  EMAX = 1.60E-01 FOR NH3     AT Z = 3.25E+05 U = 1.52E-19 RHS = 2.44E-20  DT = 7.65E+01  TIME = 3.48E+03
 N =  353  EMAX = 1.56E-01 FOR NH3     AT Z = 3.25E+05 U = 1.77E-19 RHS = 2.76E-20  DT = 7.65E+01  TIME = 3.56E+03
 N =  354  EMAX = 1.52E-01 FOR NH3     AT Z = 3.25E+05 U = 2.04E-19 RHS = 3.11E-20  DT = 7.65E+01  TIME = 3.63E+03
 N =  355  EMAX = 1.49E-01 FOR NH3     AT Z = 3.25E+05 U = 2.35E-19 RHS = 3.50E-20  DT = 8.41E+01  TIME = 3.71E+03
 N =  356  EMAX = 1.62E-01 FOR NH3     AT Z = 3.25E+05 U = 2.70E-19 RHS = 4.37E-20  DT = 8.41E+01  TIME = 3.79E+03
 N =  357  EMAX = 1.57E-01 FOR NH3     AT Z = 3.25E+05 U = 3.14E-19 RHS = 4.95E-20  DT = 8.41E+01  TIME = 3.88E+03
 N =  358  EMAX = 1.53E-01 FOR NH3     AT Z = 3.25E+05 U = 3.64E-19 RHS = 5.58E-20  DT = 8.41E+01  TIME = 3.96E+03
 N =  359  EMAX = 1.73E-01 FOR NH3     AT Z = 3.75E+05 U = 1.09E-20 RHS = 1.89E-21  DT = 8.41E+01  TIME = 4.05E+03
 N =  360  EMAX = 1.69E-01 FOR NH3     AT Z = 3.75E+05 U = 1.28E-20 RHS = 2.17E-21  DT = 8.41E+01  TIME = 4.13E+03
 N =  361  EMAX = 1.65E-01 FOR NH3     AT Z = 3.75E+05 U = 1.50E-20 RHS = 2.47E-21  DT = 8.41E+01  TIME = 4.22E+03
 N =  362  EMAX = 1.61E-01 FOR NH3     AT Z = 3.75E+05 U = 1.75E-20 RHS = 2.82E-21  DT = 8.41E+01  TIME = 4.30E+03
 N =  363  EMAX = 1.58E-01 FOR NH3     AT Z = 3.75E+05 U = 2.03E-20 RHS = 3.20E-21  DT = 8.41E+01  TIME = 4.38E+03
 N =  364  EMAX = 1.54E-01 FOR NH3     AT Z = 3.75E+05 U = 2.35E-20 RHS = 3.62E-21  DT = 8.41E+01  TIME = 4.47E+03
 N =  365  EMAX = 1.51E-01 FOR NH3     AT Z = 3.75E+05 U = 2.71E-20 RHS = 4.09E-21  DT = 8.41E+01  TIME = 4.55E+03
 N =  366  EMAX = 1.48E-01 FOR NH3     AT Z = 3.75E+05 U = 3.12E-20 RHS = 4.60E-21  DT = 9.26E+01  TIME = 4.64E+03
 N =  367  EMAX = 1.61E-01 FOR NH3     AT Z = 3.75E+05 U = 3.58E-20 RHS = 5.76E-21  DT = 9.26E+01  TIME = 4.73E+03
 N =  368  EMAX = 1.57E-01 FOR NH3     AT Z = 3.75E+05 U = 4.15E-20 RHS = 6.54E-21  DT = 9.26E+01  TIME = 4.82E+03
 N =  369  EMAX = 1.54E-01 FOR NH3     AT Z = 3.75E+05 U = 4.81E-20 RHS = 7.40E-21  DT = 9.26E+01  TIME = 4.91E+03
 N =  370  EMAX = 1.51E-01 FOR NH3     AT Z = 3.75E+05 U = 5.55E-20 RHS = 8.35E-21  DT = 9.26E+01  TIME = 5.01E+03
 N =  371  EMAX = 1.47E-01 FOR NH3     AT Z = 3.75E+05 U = 6.38E-20 RHS = 9.40E-21  DT = 1.02E+02  TIME = 5.10E+03
 N =  372  EMAX = 1.61E-01 FOR NH3     AT Z = 3.75E+05 U = 7.32E-20 RHS = 1.18E-20  DT = 1.02E+02  TIME = 5.20E+03
 N =  373  EMAX = 1.57E-01 FOR NH3     AT Z = 3.75E+05 U = 8.50E-20 RHS = 1.33E-20  DT = 1.02E+02  TIME = 5.30E+03
 N =  374  EMAX = 1.53E-01 FOR NH3     AT Z = 3.75E+05 U = 9.83E-20 RHS = 1.51E-20  DT = 1.02E+02  TIME = 5.40E+03
 N =  375  EMAX = 1.50E-01 FOR NH3     AT Z = 3.75E+05 U = 1.13E-19 RHS = 1.70E-20  DT = 1.12E+02  TIME = 5.51E+03
 N =  376  EMAX = 1.63E-01 FOR NH3     AT Z = 3.75E+05 U = 1.30E-19 RHS = 2.13E-20  DT = 1.12E+02  TIME = 5.62E+03
 N =  377  EMAX = 1.60E-01 FOR NH3     AT Z = 3.75E+05 U = 1.52E-19 RHS = 2.42E-20  DT = 1.12E+02  TIME = 5.73E+03
 N =  378  EMAX = 1.56E-01 FOR NH3     AT Z = 3.75E+05 U = 1.76E-19 RHS = 2.74E-20  DT = 1.12E+02  TIME = 5.84E+03
 N =  379  EMAX = 1.52E-01 FOR NH3     AT Z = 3.75E+05 U = 2.03E-19 RHS = 3.10E-20  DT = 1.12E+02  TIME = 5.95E+03
 N =  380  EMAX = 1.49E-01 FOR NH3     AT Z = 3.75E+05 U = 2.34E-19 RHS = 3.49E-20  DT = 1.23E+02  TIME = 6.07E+03
 N =  381  EMAX = 1.62E-01 FOR NH3     AT Z = 3.75E+05 U = 2.69E-19 RHS = 4.37E-20  DT = 1.23E+02  TIME = 6.19E+03
 N =  382  EMAX = 1.81E-01 FOR NH3     AT Z = 4.25E+05 U = 1.16E-20 RHS = 2.10E-21  DT = 1.23E+02  TIME = 6.31E+03
 N =  383  EMAX = 1.77E-01 FOR NH3     AT Z = 4.25E+05 U = 1.37E-20 RHS = 2.42E-21  DT = 1.23E+02  TIME = 6.44E+03
 N =  384  EMAX = 1.73E-01 FOR NH3     AT Z = 4.25E+05 U = 1.61E-20 RHS = 2.78E-21  DT = 1.23E+02  TIME = 6.56E+03
 N =  385  EMAX = 1.69E-01 FOR NH3     AT Z = 4.25E+05 U = 1.89E-20 RHS = 3.19E-21  DT = 1.23E+02  TIME = 6.68E+03
 N =  386  EMAX = 1.65E-01 FOR NH3     AT Z = 4.25E+05 U = 2.21E-20 RHS = 3.64E-21  DT = 1.23E+02  TIME = 6.80E+03
 N =  387  EMAX = 1.61E-01 FOR NH3     AT Z = 4.25E+05 U = 2.57E-20 RHS = 4.15E-21  DT = 1.23E+02  TIME = 6.93E+03
 N =  388  EMAX = 1.58E-01 FOR NH3     AT Z = 4.25E+05 U = 2.99E-20 RHS = 4.72E-21  DT = 1.23E+02  TIME = 7.05E+03
 N =  389  EMAX = 1.55E-01 FOR NH3     AT Z = 4.25E+05 U = 3.46E-20 RHS = 5.36E-21  DT = 1.23E+02  TIME = 7.17E+03
 N =  390  EMAX = 1.52E-01 FOR NH3     AT Z = 4.25E+05 U = 4.00E-20 RHS = 6.06E-21  DT = 1.23E+02  TIME = 7.30E+03
 N =  391  EMAX = 1.49E-01 FOR NH3     AT Z = 4.25E+05 U = 4.60E-20 RHS = 6.84E-21  DT = 1.36E+02  TIME = 7.42E+03
 N =  392  EMAX = 1.62E-01 FOR NH3     AT Z = 4.25E+05 U = 5.29E-20 RHS = 8.59E-21  DT = 1.36E+02  TIME = 7.56E+03
 N =  393  EMAX = 1.59E-01 FOR NH3     AT Z = 4.25E+05 U = 6.15E-20 RHS = 9.77E-21  DT = 1.36E+02  TIME = 7.69E+03
 N =  394  EMAX = 1.56E-01 FOR NH3     AT Z = 4.25E+05 U = 7.12E-20 RHS = 1.11E-20  DT = 1.36E+02  TIME = 7.83E+03
 N =  395  EMAX = 1.52E-01 FOR NH3     AT Z = 4.25E+05 U = 8.23E-20 RHS = 1.25E-20  DT = 1.36E+02  TIME = 7.96E+03
 N =  396  EMAX = 1.49E-01 FOR NH3     AT Z = 4.25E+05 U = 9.49E-20 RHS = 1.42E-20  DT = 1.49E+02  TIME = 8.10E+03
 N =  397  EMAX = 1.63E-01 FOR NH3     AT Z = 4.25E+05 U = 1.09E-19 RHS = 1.78E-20  DT = 1.49E+02  TIME = 8.25E+03
 N =  398  EMAX = 1.59E-01 FOR NH3     AT Z = 4.25E+05 U = 1.27E-19 RHS = 2.02E-20  DT = 1.49E+02  TIME = 8.40E+03
 N =  399  EMAX = 1.56E-01 FOR NH3     AT Z = 4.25E+05 U = 1.47E-19 RHS = 2.29E-20  DT = 1.49E+02  TIME = 8.55E+03
 N =  400  EMAX = 1.53E-01 FOR NH3     AT Z = 4.25E+05 U = 1.70E-19 RHS = 2.60E-20  DT = 1.49E+02  TIME = 8.69E+03
 N =  401  EMAX = 1.50E-01 FOR NH3     AT Z = 4.25E+05 U = 1.96E-19 RHS = 2.93E-20  DT = 1.64E+02  TIME = 8.84E+03
 N =  402  EMAX = 1.84E-01 FOR NH3     AT Z = 4.75E+05 U = 1.11E-20 RHS = 2.04E-21  DT = 1.64E+02  TIME = 9.01E+03
 N =  403  EMAX = 1.80E-01 FOR NH3     AT Z = 4.75E+05 U = 1.31E-20 RHS = 2.36E-21  DT = 1.64E+02  TIME = 9.17E+03
 N =  404  EMAX = 1.76E-01 FOR NH3     AT Z = 4.75E+05 U = 1.54E-20 RHS = 2.72E-21  DT = 1.64E+02  TIME = 9.34E+03
 N =  405  EMAX = 1.72E-01 FOR NH3     AT Z = 4.75E+05 U = 1.82E-20 RHS = 3.13E-21  DT = 1.64E+02  TIME = 9.50E+03
 N =  406  EMAX = 1.69E-01 FOR NH3     AT Z = 4.75E+05 U = 2.13E-20 RHS = 3.59E-21  DT = 1.64E+02  TIME = 9.66E+03
 N =  407  EMAX = 1.65E-01 FOR NH3     AT Z = 4.75E+05 U = 2.49E-20 RHS = 4.11E-21  DT = 1.64E+02  TIME = 9.83E+03
 N =  408  EMAX = 1.62E-01 FOR NH3     AT Z = 4.75E+05 U = 2.90E-20 RHS = 4.70E-21  DT = 1.64E+02  TIME = 9.99E+03
 N =  409  EMAX = 1.59E-01 FOR NH3     AT Z = 4.75E+05 U = 3.37E-20 RHS = 5.35E-21  DT = 1.64E+02  TIME = 1.02E+04
 N =  410  EMAX = 1.56E-01 FOR NH3     AT Z = 4.75E+05 U = 3.90E-20 RHS = 6.08E-21  DT = 1.64E+02  TIME = 1.03E+04
 N =  411  EMAX = 1.53E-01 FOR NH3     AT Z = 4.75E+05 U = 4.51E-20 RHS = 6.89E-21  DT = 1.64E+02  TIME = 1.05E+04
 N =  412  EMAX = 1.50E-01 FOR NH3     AT Z = 4.75E+05 U = 5.20E-20 RHS = 7.79E-21  DT = 1.80E+02  TIME = 1.06E+04
 N =  413  EMAX = 1.64E-01 FOR NH3     AT Z = 4.75E+05 U = 5.98E-20 RHS = 9.80E-21  DT = 1.80E+02  TIME = 1.08E+04
 N =  414  EMAX = 1.61E-01 FOR NH3     AT Z = 4.75E+05 U = 6.96E-20 RHS = 1.12E-20  DT = 1.80E+02  TIME = 1.10E+04
 N =  415  EMAX = 1.57E-01 FOR NH3     AT Z = 4.75E+05 U = 8.08E-20 RHS = 1.27E-20  DT = 1.80E+02  TIME = 1.12E+04
 N =  416  EMAX = 1.54E-01 FOR NH3     AT Z = 4.75E+05 U = 9.35E-20 RHS = 1.44E-20  DT = 1.80E+02  TIME = 1.14E+04
 N =  417  EMAX = 1.51E-01 FOR NH3     AT Z = 4.75E+05 U = 1.08E-19 RHS = 1.63E-20  DT = 1.80E+02  TIME = 1.15E+04
 N =  418  EMAX = 1.48E-01 FOR NH3     AT Z = 4.75E+05 U = 1.24E-19 RHS = 1.84E-20  DT = 1.98E+02  TIME = 1.17E+04
 N =  419  EMAX = 1.62E-01 FOR NH3     AT Z = 4.75E+05 U = 1.43E-19 RHS = 2.31E-20  DT = 1.98E+02  TIME = 1.19E+04
 N =  420  EMAX = 1.77E-01 FOR NH3     AT Z = 5.25E+05 U = 1.03E-20 RHS = 1.82E-21  DT = 1.98E+02  TIME = 1.21E+04
 N =  421  EMAX = 1.74E-01 FOR NH3     AT Z = 5.25E+05 U = 1.21E-20 RHS = 2.10E-21  DT = 1.98E+02  TIME = 1.23E+04
 N =  422  EMAX = 1.70E-01 FOR NH3     AT Z = 5.25E+05 U = 1.42E-20 RHS = 2.41E-21  DT = 1.98E+02  TIME = 1.25E+04
 N =  423  EMAX = 1.67E-01 FOR NH3     AT Z = 5.25E+05 U = 1.66E-20 RHS = 2.77E-21  DT = 1.98E+02  TIME = 1.27E+04
 N =  424  EMAX = 1.64E-01 FOR NH3     AT Z = 5.25E+05 U = 1.93E-20 RHS = 3.16E-21  DT = 1.98E+02  TIME = 1.29E+04
 N =  425  EMAX = 1.61E-01 FOR NH3     AT Z = 5.25E+05 U = 2.25E-20 RHS = 3.61E-21  DT = 1.98E+02  TIME = 1.31E+04
 N =  426  EMAX = 1.58E-01 FOR NH3     AT Z = 5.25E+05 U = 2.61E-20 RHS = 4.12E-21  DT = 1.98E+02  TIME = 1.33E+04
 N =  427  EMAX = 1.55E-01 FOR NH3     AT Z = 5.25E+05 U = 3.02E-20 RHS = 4.68E-21  DT = 1.98E+02  TIME = 1.35E+04
 N =  428  EMAX = 1.52E-01 FOR NH3     AT Z = 5.25E+05 U = 3.49E-20 RHS = 5.31E-21  DT = 1.98E+02  TIME = 1.37E+04
 N =  429  EMAX = 1.49E-01 FOR NH3     AT Z = 5.25E+05 U = 4.02E-20 RHS = 6.01E-21  DT = 2.18E+02  TIME = 1.39E+04
 N =  430  EMAX = 1.63E-01 FOR NH3     AT Z = 5.25E+05 U = 4.62E-20 RHS = 7.56E-21  DT = 2.18E+02  TIME = 1.41E+04
 N =  431  EMAX = 1.60E-01 FOR NH3     AT Z = 5.25E+05 U = 5.38E-20 RHS = 8.62E-21  DT = 2.18E+02  TIME = 1.43E+04
 N =  432  EMAX = 1.57E-01 FOR NH3     AT Z = 5.25E+05 U = 6.24E-20 RHS = 9.82E-21  DT = 2.18E+02  TIME = 1.46E+04
 N =  433  EMAX = 1.54E-01 FOR NH3     AT Z = 5.25E+05 U = 7.22E-20 RHS = 1.12E-20  DT = 2.18E+02  TIME = 1.48E+04
 N =  434  EMAX = 1.52E-01 FOR NH3     AT Z = 5.25E+05 U = 8.34E-20 RHS = 1.26E-20  DT = 2.18E+02  TIME = 1.50E+04
 N =  435  EMAX = 1.49E-01 FOR NH3     AT Z = 5.25E+05 U = 9.60E-20 RHS = 1.43E-20  DT = 2.40E+02  TIME = 1.52E+04
 N =  436  EMAX = 1.63E-01 FOR NH3     AT Z = 5.25E+05 U = 1.10E-19 RHS = 1.80E-20  DT = 2.40E+02  TIME = 1.55E+04
 N =  437  EMAX = 1.60E-01 FOR NH3     AT Z = 5.25E+05 U = 1.28E-19 RHS = 2.05E-20  DT = 2.40E+02  TIME = 1.57E+04
 N =  438  EMAX = 1.73E-01 FOR NH3     AT Z = 5.75E+05 U = 1.14E-20 RHS = 1.97E-21  DT = 2.40E+02  TIME = 1.59E+04
 N =  439  EMAX = 1.70E-01 FOR NH3     AT Z = 5.75E+05 U = 1.33E-20 RHS = 2.27E-21  DT = 2.40E+02  TIME = 1.62E+04
 N =  440  EMAX = 1.67E-01 FOR NH3     AT Z = 5.75E+05 U = 1.56E-20 RHS = 2.60E-21  DT = 2.40E+02  TIME = 1.64E+04
 N =  441  EMAX = 1.64E-01 FOR NH3     AT Z = 5.75E+05 U = 1.82E-20 RHS = 2.98E-21  DT = 2.40E+02  TIME = 1.67E+04
 N =  442  EMAX = 1.61E-01 FOR NH3     AT Z = 5.75E+05 U = 2.12E-20 RHS = 3.41E-21  DT = 2.40E+02  TIME = 1.69E+04
 N =  443  EMAX = 1.58E-01 FOR NH3     AT Z = 5.75E+05 U = 2.46E-20 RHS = 3.89E-21  DT = 2.40E+02  TIME = 1.71E+04
 N =  444  EMAX = 1.55E-01 FOR NH3     AT Z = 5.75E+05 U = 2.85E-20 RHS = 4.42E-21  DT = 2.40E+02  TIME = 1.74E+04
 N =  445  EMAX = 1.53E-01 FOR NH3     AT Z = 5.75E+05 U = 3.29E-20 RHS = 5.02E-21  DT = 2.40E+02  TIME = 1.76E+04
 N =  446  EMAX = 1.50E-01 FOR NH3     AT Z = 5.75E+05 U = 3.79E-20 RHS = 5.69E-21  DT = 2.40E+02  TIME = 1.79E+04
 N =  447  EMAX = 1.48E-01 FOR NH3     AT Z = 5.75E+05 U = 4.36E-20 RHS = 6.43E-21  DT = 2.64E+02  TIME = 1.81E+04
 N =  448  EMAX = 1.62E-01 FOR NH3     AT Z = 5.75E+05 U = 5.00E-20 RHS = 8.09E-21  DT = 2.64E+02  TIME = 1.84E+04
 N =  449  EMAX = 1.59E-01 FOR NH3     AT Z = 5.75E+05 U = 5.81E-20 RHS = 9.23E-21  DT = 2.64E+02  TIME = 1.86E+04
 N =  450  EMAX = 1.56E-01 FOR NH3     AT Z = 5.75E+05 U = 6.74E-20 RHS = 1.05E-20  DT = 2.64E+02  TIME = 1.89E+04
 N =  451  EMAX = 1.53E-01 FOR NH3     AT Z = 5.75E+05 U = 7.79E-20 RHS = 1.19E-20  DT = 2.64E+02  TIME = 1.92E+04
 N =  452  EMAX = 1.51E-01 FOR NH3     AT Z = 5.75E+05 U = 8.98E-20 RHS = 1.35E-20  DT = 2.64E+02  TIME = 1.94E+04
 N =  453  EMAX = 1.48E-01 FOR NH3     AT Z = 5.75E+05 U = 1.03E-19 RHS = 1.53E-20  DT = 2.90E+02  TIME = 1.97E+04
 N =  454  EMAX = 1.78E-01 FOR NH3     AT Z = 6.25E+05 U = 1.07E-20 RHS = 1.90E-21  DT = 2.90E+02  TIME = 2.00E+04
 N =  455  EMAX = 1.75E-01 FOR NH3     AT Z = 6.25E+05 U = 1.26E-20 RHS = 2.20E-21  DT = 2.90E+02  TIME = 2.03E+04
 N =  456  EMAX = 1.71E-01 FOR NH3     AT Z = 6.25E+05 U = 1.48E-20 RHS = 2.53E-21  DT = 2.90E+02  TIME = 2.06E+04
 N =  457  EMAX = 1.68E-01 FOR NH3     AT Z = 6.25E+05 U = 1.73E-20 RHS = 2.91E-21  DT = 2.90E+02  TIME = 2.08E+04
 N =  458  EMAX = 1.65E-01 FOR NH3     AT Z = 6.25E+05 U = 2.02E-20 RHS = 3.34E-21  DT = 2.90E+02  TIME = 2.11E+04
 N =  459  EMAX = 1.62E-01 FOR NH3     AT Z = 6.25E+05 U = 2.36E-20 RHS = 3.83E-21  DT = 2.90E+02  TIME = 2.14E+04
 N =  460  EMAX = 1.60E-01 FOR NH3     AT Z = 6.25E+05 U = 2.74E-20 RHS = 4.37E-21  DT = 2.90E+02  TIME = 2.17E+04
 N =  461  EMAX = 1.57E-01 FOR NH3     AT Z = 6.25E+05 U = 3.18E-20 RHS = 4.99E-21  DT = 2.90E+02  TIME = 2.20E+04
 N =  462  EMAX = 1.54E-01 FOR NH3     AT Z = 6.25E+05 U = 3.67E-20 RHS = 5.67E-21  DT = 2.90E+02  TIME = 2.23E+04
 N =  463  EMAX = 1.52E-01 FOR NH3     AT Z = 6.25E+05 U = 4.24E-20 RHS = 6.44E-21  DT = 2.90E+02  TIME = 2.26E+04
 N =  464  EMAX = 1.49E-01 FOR NH3     AT Z = 6.25E+05 U = 4.89E-20 RHS = 7.30E-21  DT = 3.20E+02  TIME = 2.29E+04
 N =  465  EMAX = 1.64E-01 FOR NH3     AT Z = 6.25E+05 U = 5.62E-20 RHS = 9.19E-21  DT = 3.20E+02  TIME = 2.32E+04
 N =  466  EMAX = 1.61E-01 FOR NH3     AT Z = 6.25E+05 U = 6.53E-20 RHS = 1.05E-20  DT = 3.20E+02  TIME = 2.35E+04
 N =  467  EMAX = 1.58E-01 FOR NH3     AT Z = 6.25E+05 U = 7.59E-20 RHS = 1.20E-20  DT = 3.20E+02  TIME = 2.38E+04
 N =  468  EMAX = 1.55E-01 FOR NH3     AT Z = 6.25E+05 U = 8.78E-20 RHS = 1.36E-20  DT = 3.20E+02  TIME = 2.42E+04
 N =  469  EMAX = 1.67E-01 FOR NH3     AT Z = 6.75E+05 U = 1.05E-20 RHS = 1.76E-21  DT = 3.20E+02  TIME = 2.45E+04
 N =  470  EMAX = 1.64E-01 FOR NH3     AT Z = 6.75E+05 U = 1.23E-20 RHS = 2.01E-21  DT = 3.20E+02  TIME = 2.48E+04
 N =  471  EMAX = 1.61E-01 FOR NH3     AT Z = 6.75E+05 U = 1.43E-20 RHS = 2.31E-21  DT = 3.20E+02  TIME = 2.51E+04
 N =  472  EMAX = 1.58E-01 FOR NH3     AT Z = 6.75E+05 U = 1.66E-20 RHS = 2.63E-21  DT = 3.20E+02  TIME = 2.54E+04
 N =  473  EMAX = 1.56E-01 FOR NH3     AT Z = 6.75E+05 U = 1.93E-20 RHS = 3.00E-21  DT = 3.20E+02  TIME = 2.58E+04
 N =  474  EMAX = 1.53E-01 FOR NH3     AT Z = 6.75E+05 U = 2.23E-20 RHS = 3.41E-21  DT = 3.20E+02  TIME = 2.61E+04
 N =  475  EMAX = 1.51E-01 FOR NH3     AT Z = 6.75E+05 U = 2.57E-20 RHS = 3.88E-21  DT = 3.20E+02  TIME = 2.64E+04
 N =  476  EMAX = 1.49E-01 FOR NH3     AT Z = 6.75E+05 U = 2.96E-20 RHS = 4.39E-21  DT = 3.51E+02  TIME = 2.67E+04
 N =  477  EMAX = 1.63E-01 FOR NH3     AT Z = 6.75E+05 U = 3.39E-20 RHS = 5.54E-21  DT = 3.51E+02  TIME = 2.71E+04
 N =  478  EMAX = 1.60E-01 FOR NH3     AT Z = 6.75E+05 U = 3.95E-20 RHS = 6.33E-21  DT = 3.51E+02  TIME = 2.74E+04
 N =  479  EMAX = 1.58E-01 FOR NH3     AT Z = 6.75E+05 U = 4.58E-20 RHS = 7.22E-21  DT = 3.51E+02  TIME = 2.78E+04
 N =  480  EMAX = 1.55E-01 FOR NH3     AT Z = 6.75E+05 U = 5.30E-20 RHS = 8.22E-21  DT = 3.51E+02  TIME = 2.81E+04
 N =  481  EMAX = 1.53E-01 FOR NH3     AT Z = 6.75E+05 U = 6.13E-20 RHS = 9.34E-21  DT = 3.51E+02  TIME = 2.85E+04
 N =  482  EMAX = 1.50E-01 FOR NH3     AT Z = 6.75E+05 U = 7.06E-20 RHS = 1.06E-20  DT = 3.51E+02  TIME = 2.88E+04
 N =  483  EMAX = 1.48E-01 FOR NH3     AT Z = 6.75E+05 U = 8.12E-20 RHS = 1.20E-20  DT = 3.87E+02  TIME = 2.92E+04
 N =  484  EMAX = 1.76E-01 FOR NH3     AT Z = 7.25E+05 U = 1.10E-20 RHS = 1.93E-21  DT = 3.87E+02  TIME = 2.96E+04
 N =  485  EMAX = 1.73E-01 FOR NH3     AT Z = 7.25E+05 U = 1.29E-20 RHS = 2.23E-21  DT = 3.87E+02  TIME = 3.00E+04
 N =  486  EMAX = 1.70E-01 FOR NH3     AT Z = 7.25E+05 U = 1.51E-20 RHS = 2.57E-21  DT = 3.87E+02  TIME = 3.03E+04
 N =  487  EMAX = 1.67E-01 FOR NH3     AT Z = 7.25E+05 U = 1.77E-20 RHS = 2.96E-21  DT = 3.87E+02  TIME = 3.07E+04
 N =  488  EMAX = 1.64E-01 FOR NH3     AT Z = 7.25E+05 U = 2.07E-20 RHS = 3.40E-21  DT = 3.87E+02  TIME = 3.11E+04
 N =  489  EMAX = 1.62E-01 FOR NH3     AT Z = 7.25E+05 U = 2.41E-20 RHS = 3.89E-21  DT = 3.87E+02  TIME = 3.15E+04
 N =  490  EMAX = 1.59E-01 FOR NH3     AT Z = 7.25E+05 U = 2.80E-20 RHS = 4.45E-21  DT = 3.87E+02  TIME = 3.19E+04
 N =  491  EMAX = 1.56E-01 FOR NH3     AT Z = 7.25E+05 U = 3.24E-20 RHS = 5.07E-21  DT = 3.87E+02  TIME = 3.23E+04
 N =  492  EMAX = 1.54E-01 FOR NH3     AT Z = 7.25E+05 U = 3.75E-20 RHS = 5.77E-21  DT = 3.87E+02  TIME = 3.27E+04
 N =  493  EMAX = 1.52E-01 FOR NH3     AT Z = 7.25E+05 U = 4.33E-20 RHS = 6.56E-21  DT = 3.87E+02  TIME = 3.30E+04
 N =  494  EMAX = 1.49E-01 FOR NH3     AT Z = 7.25E+05 U = 4.98E-20 RHS = 7.44E-21  DT = 4.25E+02  TIME = 3.34E+04
 N =  495  EMAX = 1.64E-01 FOR NH3     AT Z = 7.25E+05 U = 5.73E-20 RHS = 9.38E-21  DT = 4.25E+02  TIME = 3.39E+04
 N =  496  EMAX = 1.61E-01 FOR NH3     AT Z = 7.25E+05 U = 6.66E-20 RHS = 1.07E-20  DT = 4.25E+02  TIME = 3.43E+04
 N =  497  EMAX = 1.71E-01 FOR NH3     AT Z = 7.75E+05 U = 1.00E-20 RHS = 1.72E-21  DT = 4.25E+02  TIME = 3.47E+04
 N =  498  EMAX = 1.69E-01 FOR NH3     AT Z = 7.75E+05 U = 1.17E-20 RHS = 1.98E-21  DT = 4.25E+02  TIME = 3.51E+04
 N =  499  EMAX = 1.66E-01 FOR NH3     AT Z = 7.75E+05 U = 1.37E-20 RHS = 2.28E-21  DT = 4.25E+02  TIME = 3.56E+04
 N =  500  EMAX = 1.63E-01 FOR NH3     AT Z = 7.75E+05 U = 1.60E-20 RHS = 2.61E-21  DT = 4.25E+02  TIME = 3.60E+04
 N =  501  EMAX = 1.61E-01 FOR NH3     AT Z = 7.75E+05 U = 1.86E-20 RHS = 2.99E-21  DT = 4.25E+02  TIME = 3.64E+04
 N =  502  EMAX = 1.58E-01 FOR NH3     AT Z = 7.75E+05 U = 2.16E-20 RHS = 3.42E-21  DT = 4.25E+02  TIME = 3.68E+04
 N =  503  EMAX = 1.56E-01 FOR NH3     AT Z = 7.75E+05 U = 2.50E-20 RHS = 3.89E-21  DT = 4.25E+02  TIME = 3.73E+04
 N =  504  EMAX = 1.53E-01 FOR NH3     AT Z = 7.75E+05 U = 2.89E-20 RHS = 4.43E-21  DT = 4.25E+02  TIME = 3.77E+04
 N =  505  EMAX = 1.51E-01 FOR NH3     AT Z = 7.75E+05 U = 3.33E-20 RHS = 5.03E-21  DT = 4.25E+02  TIME = 3.81E+04
 N =  506  EMAX = 1.49E-01 FOR NH3     AT Z = 7.75E+05 U = 3.84E-20 RHS = 5.71E-21  DT = 4.68E+02  TIME = 3.85E+04
 N =  507  EMAX = 1.63E-01 FOR NH3     AT Z = 7.75E+05 U = 4.41E-20 RHS = 7.20E-21  DT = 4.68E+02  TIME = 3.90E+04
 N =  508  EMAX = 1.61E-01 FOR NH3     AT Z = 7.75E+05 U = 5.13E-20 RHS = 8.24E-21  DT = 4.68E+02  TIME = 3.95E+04
 N =  509  EMAX = 1.58E-01 FOR NH3     AT Z = 7.75E+05 U = 5.95E-20 RHS = 9.41E-21  DT = 4.68E+02  TIME = 3.99E+04
 N =  510  EMAX = 1.56E-01 FOR NH3     AT Z = 7.75E+05 U = 6.89E-20 RHS = 1.07E-20  DT = 4.68E+02  TIME = 4.04E+04
 N =  511  EMAX = 1.65E-01 FOR NH3     AT Z = 8.25E+05 U = 1.13E-20 RHS = 1.87E-21  DT = 4.68E+02  TIME = 4.09E+04
 N =  512  EMAX = 1.62E-01 FOR NH3     AT Z = 8.25E+05 U = 1.32E-20 RHS = 2.14E-21  DT = 4.68E+02  TIME = 4.13E+04
 N =  513  EMAX = 1.60E-01 FOR NH3     AT Z = 8.25E+05 U = 1.53E-20 RHS = 2.45E-21  DT = 4.68E+02  TIME = 4.18E+04
 N =  514  EMAX = 1.58E-01 FOR NH3     AT Z = 8.25E+05 U = 1.78E-20 RHS = 2.80E-21  DT = 4.68E+02  TIME = 4.23E+04
 N =  515  EMAX = 1.55E-01 FOR NH3     AT Z = 8.25E+05 U = 2.06E-20 RHS = 3.19E-21  DT = 4.68E+02  TIME = 4.27E+04
 N =  516  EMAX = 1.53E-01 FOR NH3     AT Z = 8.25E+05 U = 2.37E-20 RHS = 3.63E-21  DT = 4.68E+02  TIME = 4.32E+04
 N =  517  EMAX = 1.51E-01 FOR NH3     AT Z = 8.25E+05 U = 2.74E-20 RHS = 4.13E-21  DT = 4.68E+02  TIME = 4.37E+04
 N =  518  EMAX = 1.49E-01 FOR NH3     AT Z = 8.25E+05 U = 3.15E-20 RHS = 4.68E-21  DT = 5.15E+02  TIME = 4.41E+04
 N =  519  EMAX = 1.63E-01 FOR NH3     AT Z = 8.25E+05 U = 3.62E-20 RHS = 5.90E-21  DT = 5.15E+02  TIME = 4.47E+04
 N =  520  EMAX = 1.61E-01 FOR NH3     AT Z = 8.25E+05 U = 4.21E-20 RHS = 6.76E-21  DT = 5.15E+02  TIME = 4.52E+04
 N =  521  EMAX = 1.58E-01 FOR NH3     AT Z = 8.25E+05 U = 4.88E-20 RHS = 7.72E-21  DT = 5.15E+02  TIME = 4.57E+04
 N =  522  EMAX = 1.56E-01 FOR NH3     AT Z = 8.25E+05 U = 5.66E-20 RHS = 8.80E-21  DT = 5.15E+02  TIME = 4.62E+04
 N =  523  EMAX = 1.53E-01 FOR NH3     AT Z = 8.25E+05 U = 6.54E-20 RHS = 1.00E-20  DT = 5.15E+02  TIME = 4.67E+04
 N =  524  EMAX = 1.62E-01 FOR NH3     AT Z = 8.75E+05 U = 1.14E-20 RHS = 1.85E-21  DT = 5.15E+02  TIME = 4.72E+04
 N =  525  EMAX = 1.60E-01 FOR NH3     AT Z = 8.75E+05 U = 1.33E-20 RHS = 2.12E-21  DT = 5.15E+02  TIME = 4.77E+04
 N =  526  EMAX = 1.57E-01 FOR NH3     AT Z = 8.75E+05 U = 1.54E-20 RHS = 2.42E-21  DT = 5.15E+02  TIME = 4.83E+04
 N =  527  EMAX = 1.55E-01 FOR NH3     AT Z = 8.75E+05 U = 1.78E-20 RHS = 2.76E-21  DT = 5.15E+02  TIME = 4.88E+04
 N =  528  EMAX = 1.53E-01 FOR NH3     AT Z = 8.75E+05 U = 2.05E-20 RHS = 3.14E-21  DT = 5.15E+02  TIME = 4.93E+04
 N =  529  EMAX = 1.51E-01 FOR NH3     AT Z = 8.75E+05 U = 2.37E-20 RHS = 3.57E-21  DT = 5.15E+02  TIME = 4.98E+04
 N =  530  EMAX = 1.49E-01 FOR NH3     AT Z = 8.75E+05 U = 2.73E-20 RHS = 4.05E-21  DT = 5.66E+02  TIME = 5.03E+04
 N =  531  EMAX = 1.63E-01 FOR NH3     AT Z = 8.75E+05 U = 3.13E-20 RHS = 5.11E-21  DT = 5.66E+02  TIME = 5.09E+04
 N =  532  EMAX = 1.61E-01 FOR NH3     AT Z = 8.75E+05 U = 3.64E-20 RHS = 5.85E-21  DT = 5.66E+02  TIME = 5.15E+04
 N =  533  EMAX = 1.58E-01 FOR NH3     AT Z = 8.75E+05 U = 4.23E-20 RHS = 6.69E-21  DT = 5.66E+02  TIME = 5.20E+04
 N =  534  EMAX = 1.56E-01 FOR NH3     AT Z = 8.75E+05 U = 4.90E-20 RHS = 7.63E-21  DT = 5.66E+02  TIME = 5.26E+04
 N =  535  EMAX = 1.53E-01 FOR NH3     AT Z = 8.75E+05 U = 5.66E-20 RHS = 8.69E-21  DT = 5.66E+02  TIME = 5.32E+04
 N =  536  EMAX = 1.62E-01 FOR NH3     AT Z = 9.25E+05 U = 1.03E-20 RHS = 1.67E-21  DT = 5.66E+02  TIME = 5.37E+04
 N =  537  EMAX = 1.60E-01 FOR NH3     AT Z = 9.25E+05 U = 1.19E-20 RHS = 1.91E-21  DT = 5.66E+02  TIME = 5.43E+04
 N =  538  EMAX = 1.57E-01 FOR NH3     AT Z = 9.25E+05 U = 1.39E-20 RHS = 2.18E-21  DT = 5.66E+02  TIME = 5.49E+04
 N =  539  EMAX = 1.55E-01 FOR NH3     AT Z = 9.25E+05 U = 1.60E-20 RHS = 2.49E-21  DT = 5.66E+02  TIME = 5.54E+04
 N =  540  EMAX = 1.53E-01 FOR NH3     AT Z = 9.25E+05 U = 1.85E-20 RHS = 2.83E-21  DT = 5.66E+02  TIME = 5.60E+04
 N =  541  EMAX = 1.51E-01 FOR NH3     AT Z = 9.25E+05 U = 2.14E-20 RHS = 3.22E-21  DT = 5.66E+02  TIME = 5.65E+04
 N =  542  EMAX = 1.49E-01 FOR NH3     AT Z = 9.25E+05 U = 2.46E-20 RHS = 3.66E-21  DT = 6.23E+02  TIME = 5.71E+04
 N =  543  EMAX = 1.64E-01 FOR NH3     AT Z = 9.25E+05 U = 2.82E-20 RHS = 4.62E-21  DT = 6.23E+02  TIME = 5.77E+04
 N =  544  EMAX = 1.61E-01 FOR NH3     AT Z = 9.25E+05 U = 3.28E-20 RHS = 5.29E-21  DT = 6.23E+02  TIME = 5.84E+04
 N =  545  EMAX = 1.59E-01 FOR NH3     AT Z = 9.25E+05 U = 3.81E-20 RHS = 6.05E-21  DT = 6.23E+02  TIME = 5.90E+04
 N =  546  EMAX = 1.56E-01 FOR NH3     AT Z = 9.25E+05 U = 4.42E-20 RHS = 6.90E-21  DT = 6.23E+02  TIME = 5.96E+04
 N =  547  EMAX = 1.54E-01 FOR NH3     AT Z = 9.25E+05 U = 5.11E-20 RHS = 7.87E-21  DT = 6.23E+02  TIME = 6.02E+04
 N =  548  EMAX = 1.52E-01 FOR NH3     AT Z = 9.25E+05 U = 5.90E-20 RHS = 8.94E-21  DT = 6.23E+02  TIME = 6.09E+04
 N =  549  EMAX = 1.60E-01 FOR NH3     AT Z = 9.75E+05 U = 1.11E-20 RHS = 1.77E-21  DT = 6.23E+02  TIME = 6.15E+04
 N =  550  EMAX = 1.58E-01 FOR NH3     AT Z = 9.75E+05 U = 1.29E-20 RHS = 2.03E-21  DT = 6.23E+02  TIME = 6.21E+04
 N =  551  EMAX = 1.56E-01 FOR NH3     AT Z = 9.75E+05 U = 1.49E-20 RHS = 2.32E-21  DT = 6.23E+02  TIME = 6.27E+04
 N =  552  EMAX = 1.53E-01 FOR NH3     AT Z = 9.75E+05 U = 1.72E-20 RHS = 2.64E-21  DT = 6.23E+02  TIME = 6.33E+04
 N =  553  EMAX = 1.51E-01 FOR NH3     AT Z = 9.75E+05 U = 1.98E-20 RHS = 3.00E-21  DT = 6.23E+02  TIME = 6.40E+04
 N =  554  EMAX = 1.49E-01 FOR NH3     AT Z = 9.75E+05 U = 2.28E-20 RHS = 3.41E-21  DT = 6.85E+02  TIME = 6.46E+04
 N =  555  EMAX = 1.64E-01 FOR NH3     AT Z = 9.75E+05 U = 2.63E-20 RHS = 4.31E-21  DT = 6.85E+02  TIME = 6.53E+04
 N =  556  EMAX = 1.62E-01 FOR NH3     AT Z = 9.75E+05 U = 3.06E-20 RHS = 4.94E-21  DT = 6.85E+02  TIME = 6.60E+04
 N =  557  EMAX = 1.59E-01 FOR NH3     AT Z = 9.75E+05 U = 3.55E-20 RHS = 5.65E-21  DT = 6.85E+02  TIME = 6.66E+04
 N =  558  EMAX = 1.57E-01 FOR NH3     AT Z = 9.75E+05 U = 4.11E-20 RHS = 6.45E-21  DT = 6.85E+02  TIME = 6.73E+04
 N =  559  EMAX = 1.54E-01 FOR NH3     AT Z = 9.75E+05 U = 4.76E-20 RHS = 7.35E-21  DT = 6.85E+02  TIME = 6.80E+04
 N =  560  EMAX = 1.52E-01 FOR NH3     AT Z = 9.75E+05 U = 5.50E-20 RHS = 8.37E-21  DT = 6.85E+02  TIME = 6.87E+04
 N =  561  EMAX = 1.60E-01 FOR NH3     AT Z = 1.02E+06 U = 1.05E-20 RHS = 1.69E-21  DT = 6.85E+02  TIME = 6.94E+04
 N =  562  EMAX = 1.58E-01 FOR NH3     AT Z = 1.02E+06 U = 1.22E-20 RHS = 1.93E-21  DT = 6.85E+02  TIME = 7.01E+04
 N =  563  EMAX = 1.56E-01 FOR NH3     AT Z = 1.02E+06 U = 1.42E-20 RHS = 2.21E-21  DT = 6.85E+02  TIME = 7.08E+04
 N =  564  EMAX = 1.54E-01 FOR NH3     AT Z = 1.02E+06 U = 1.64E-20 RHS = 2.52E-21  DT = 6.85E+02  TIME = 7.14E+04
 N =  565  EMAX = 1.52E-01 FOR NH3     AT Z = 1.02E+06 U = 1.89E-20 RHS = 2.86E-21  DT = 6.85E+02  TIME = 7.21E+04
 N =  566  EMAX = 1.50E-01 FOR NH3     AT Z = 1.02E+06 U = 2.17E-20 RHS = 3.25E-21  DT = 7.53E+02  TIME = 7.28E+04
 N =  567  EMAX = 1.65E-01 FOR NH3     AT Z = 1.02E+06 U = 2.50E-20 RHS = 4.11E-21  DT = 7.53E+02  TIME = 7.36E+04
 N =  568  EMAX = 1.62E-01 FOR NH3     AT Z = 1.02E+06 U = 2.91E-20 RHS = 4.72E-21  DT = 7.53E+02  TIME = 7.43E+04
 N =  569  EMAX = 1.60E-01 FOR NH3     AT Z = 1.02E+06 U = 3.38E-20 RHS = 5.40E-21  DT = 7.53E+02  TIME = 7.51E+04
 N =  570  EMAX = 1.57E-01 FOR NH3     AT Z = 1.02E+06 U = 3.92E-20 RHS = 6.17E-21  DT = 7.53E+02  TIME = 7.58E+04
 N =  571  EMAX = 1.55E-01 FOR NH3     AT Z = 1.02E+06 U = 4.54E-20 RHS = 7.04E-21  DT = 7.53E+02  TIME = 7.66E+04
 N =  572  EMAX = 1.53E-01 FOR NH3     AT Z = 1.02E+06 U = 5.24E-20 RHS = 8.02E-21  DT = 7.53E+02  TIME = 7.73E+04
 N =  573  EMAX = 1.61E-01 FOR NH3     AT Z = 1.08E+06 U = 1.02E-20 RHS = 1.64E-21  DT = 7.53E+02  TIME = 7.81E+04
 N =  574  EMAX = 1.59E-01 FOR NH3     AT Z = 1.08E+06 U = 1.18E-20 RHS = 1.88E-21  DT = 7.53E+02  TIME = 7.88E+04
 N =  575  EMAX = 1.57E-01 FOR NH3     AT Z = 1.08E+06 U = 1.37E-20 RHS = 2.14E-21  DT = 7.53E+02  TIME = 7.96E+04
 N =  576  EMAX = 1.54E-01 FOR NH3     AT Z = 1.08E+06 U = 1.58E-20 RHS = 2.44E-21  DT = 7.53E+02  TIME = 8.03E+04
 N =  577  EMAX = 1.52E-01 FOR NH3     AT Z = 1.08E+06 U = 1.83E-20 RHS = 2.78E-21  DT = 7.53E+02  TIME = 8.11E+04
 N =  578  EMAX = 1.50E-01 FOR NH3     AT Z = 1.08E+06 U = 2.11E-20 RHS = 3.16E-21  DT = 7.53E+02  TIME = 8.18E+04
 N =  579  EMAX = 1.48E-01 FOR NH3     AT Z = 1.08E+06 U = 2.42E-20 RHS = 3.59E-21  DT = 8.29E+02  TIME = 8.26E+04
 N =  580  EMAX = 1.63E-01 FOR NH3     AT Z = 1.08E+06 U = 2.78E-20 RHS = 4.54E-21  DT = 8.29E+02  TIME = 8.34E+04
 N =  581  EMAX = 1.61E-01 FOR NH3     AT Z = 1.08E+06 U = 3.24E-20 RHS = 5.20E-21  DT = 8.29E+02  TIME = 8.43E+04
 N =  582  EMAX = 1.58E-01 FOR NH3     AT Z = 1.08E+06 U = 3.75E-20 RHS = 5.94E-21  DT = 8.29E+02  TIME = 8.51E+04
 N =  583  EMAX = 1.56E-01 FOR NH3     AT Z = 1.08E+06 U = 4.35E-20 RHS = 6.79E-21  DT = 8.29E+02  TIME = 8.59E+04
 N =  584  EMAX = 1.54E-01 FOR NH3     AT Z = 1.08E+06 U = 5.03E-20 RHS = 7.73E-21  DT = 8.29E+02  TIME = 8.67E+04
 N =  585  EMAX = 1.52E-01 FOR NH3     AT Z = 1.08E+06 U = 5.80E-20 RHS = 8.80E-21  DT = 8.29E+02  TIME = 8.76E+04
 N =  586  EMAX = 1.60E-01 FOR NH3     AT Z = 1.12E+06 U = 1.15E-20 RHS = 1.83E-21  DT = 8.29E+02  TIME = 8.84E+04
 N =  587  EMAX = 1.57E-01 FOR NH3     AT Z = 1.12E+06 U = 1.33E-20 RHS = 2.09E-21  DT = 8.29E+02  TIME = 8.92E+04
 N =  588  EMAX = 1.55E-01 FOR NH3     AT Z = 1.12E+06 U = 1.54E-20 RHS = 2.39E-21  DT = 8.29E+02  TIME = 9.01E+04
 N =  589  EMAX = 1.53E-01 FOR NH3     AT Z = 1.12E+06 U = 1.78E-20 RHS = 2.72E-21  DT = 8.29E+02  TIME = 9.09E+04
 N =  590  EMAX = 1.51E-01 FOR NH3     AT Z = 1.12E+06 U = 2.05E-20 RHS = 3.10E-21  DT = 8.29E+02  TIME = 9.17E+04
 N =  591  EMAX = 1.49E-01 FOR NH3     AT Z = 1.12E+06 U = 2.36E-20 RHS = 3.52E-21  DT = 9.12E+02  TIME = 9.25E+04
 N =  592  EMAX = 1.64E-01 FOR NH3     AT Z = 1.12E+06 U = 2.71E-20 RHS = 4.45E-21  DT = 9.12E+02  TIME = 9.35E+04
 N =  593  EMAX = 1.62E-01 FOR NH3     AT Z = 1.12E+06 U = 3.16E-20 RHS = 5.10E-21  DT = 9.12E+02  TIME = 9.44E+04
 N =  594  EMAX = 1.59E-01 FOR NH3     AT Z = 1.12E+06 U = 3.67E-20 RHS = 5.84E-21  DT = 9.12E+02  TIME = 9.53E+04
 N =  595  EMAX = 1.57E-01 FOR NH3     AT Z = 1.12E+06 U = 4.25E-20 RHS = 6.67E-21  DT = 9.12E+02  TIME = 9.62E+04
 N =  596  EMAX = 1.55E-01 FOR NH3     AT Z = 1.12E+06 U = 4.92E-20 RHS = 7.61E-21  DT = 9.12E+02  TIME = 9.71E+04
 N =  597  EMAX = 1.53E-01 FOR NH3     AT Z = 1.12E+06 U = 5.68E-20 RHS = 8.66E-21  DT = 9.12E+02  TIME = 9.80E+04
 N =  598  EMAX = 1.60E-01 FOR NH3     AT Z = 1.18E+06 U = 1.14E-20 RHS = 1.83E-21  DT = 9.12E+02  TIME = 9.89E+04
 N =  599  EMAX = 1.58E-01 FOR NH3     AT Z = 1.18E+06 U = 1.32E-20 RHS = 2.09E-21  DT = 9.12E+02  TIME = 9.98E+04
 N =  600  EMAX = 1.56E-01 FOR NH3     AT Z = 1.18E+06 U = 1.53E-20 RHS = 2.39E-21  DT = 9.12E+02  TIME = 1.01E+05
 N =  601  EMAX = 1.54E-01 FOR NH3     AT Z = 1.18E+06 U = 1.77E-20 RHS = 2.72E-21  DT = 9.12E+02  TIME = 1.02E+05
 N =  602  EMAX = 1.52E-01 FOR NH3     AT Z = 1.18E+06 U = 2.04E-20 RHS = 3.10E-21  DT = 9.12E+02  TIME = 1.03E+05
 N =  603  EMAX = 1.50E-01 FOR NH3     AT Z = 1.18E+06 U = 2.35E-20 RHS = 3.52E-21  DT = 1.00E+03  TIME = 1.03E+05
 N =  604  EMAX = 1.65E-01 FOR NH3     AT Z = 1.18E+06 U = 2.70E-20 RHS = 4.46E-21  DT = 1.00E+03  TIME = 1.04E+05
 N =  605  EMAX = 1.62E-01 FOR NH3     AT Z = 1.18E+06 U = 3.15E-20 RHS = 5.12E-21  DT = 1.00E+03  TIME = 1.05E+05
 N =  606  EMAX = 1.60E-01 FOR NH3     AT Z = 1.18E+06 U = 3.66E-20 RHS = 5.86E-21  DT = 1.00E+03  TIME = 1.06E+05
 N =  607  EMAX = 1.58E-01 FOR NH3     AT Z = 1.18E+06 U = 4.25E-20 RHS = 6.70E-21  DT = 1.00E+03  TIME = 1.07E+05
 N =  608  EMAX = 1.56E-01 FOR NH3     AT Z = 1.18E+06 U = 4.92E-20 RHS = 7.65E-21  DT = 1.00E+03  TIME = 1.09E+05
 N =  609  EMAX = 1.63E-01 FOR NH3     AT Z = 1.22E+06 U = 1.00E-20 RHS = 1.63E-21  DT = 1.00E+03  TIME = 1.10E+05
 N =  610  EMAX = 1.61E-01 FOR NH3     AT Z = 1.22E+06 U = 1.16E-20 RHS = 1.87E-21  DT = 1.00E+03  TIME = 1.11E+05
 N =  611  EMAX = 1.59E-01 FOR NH3     AT Z = 1.22E+06 U = 1.35E-20 RHS = 2.15E-21  DT = 1.00E+03  TIME = 1.12E+05
 N =  612  EMAX = 1.57E-01 FOR NH3     AT Z = 1.22E+06 U = 1.57E-20 RHS = 2.45E-21  DT = 1.00E+03  TIME = 1.13E+05
 N =  613  EMAX = 1.55E-01 FOR NH3     AT Z = 1.22E+06 U = 1.81E-20 RHS = 2.80E-21  DT = 1.00E+03  TIME = 1.14E+05
 N =  614  EMAX = 1.53E-01 FOR NH3     AT Z = 1.22E+06 U = 2.09E-20 RHS = 3.19E-21  DT = 1.00E+03  TIME = 1.15E+05
 N =  615  EMAX = 1.51E-01 FOR NH3     AT Z = 1.22E+06 U = 2.41E-20 RHS = 3.63E-21  DT = 1.00E+03  TIME = 1.16E+05
 N =  616  EMAX = 1.49E-01 FOR NH3     AT Z = 1.22E+06 U = 2.77E-20 RHS = 4.12E-21  DT = 1.10E+03  TIME = 1.17E+05
 N =  617  EMAX = 1.63E-01 FOR NH3     AT Z = 1.22E+06 U = 3.19E-20 RHS = 5.21E-21  DT = 1.10E+03  TIME = 1.18E+05
 N =  618  EMAX = 1.61E-01 FOR NH3     AT Z = 1.22E+06 U = 3.71E-20 RHS = 5.97E-21  DT = 1.10E+03  TIME = 1.19E+05
 N =  619  EMAX = 1.59E-01 FOR NH3     AT Z = 1.22E+06 U = 4.30E-20 RHS = 6.84E-21  DT = 1.10E+03  TIME = 1.20E+05
 N =  620  EMAX = 1.57E-01 FOR NH3     AT Z = 1.22E+06 U = 4.99E-20 RHS = 7.81E-21  DT = 1.10E+03  TIME = 1.21E+05
 N =  621  EMAX = 1.64E-01 FOR NH3     AT Z = 1.28E+06 U = 1.04E-20 RHS = 1.71E-21  DT = 1.10E+03  TIME = 1.22E+05
 N =  622  EMAX = 1.62E-01 FOR NH3     AT Z = 1.28E+06 U = 1.21E-20 RHS = 1.96E-21  DT = 1.10E+03  TIME = 1.23E+05
 N =  623  EMAX = 1.60E-01 FOR NH3     AT Z = 1.28E+06 U = 1.41E-20 RHS = 2.25E-21  DT = 1.10E+03  TIME = 1.24E+05
 N =  624  EMAX = 1.58E-01 FOR NH3     AT Z = 1.28E+06 U = 1.63E-20 RHS = 2.58E-21  DT = 1.10E+03  TIME = 1.25E+05
 N =  625  EMAX = 1.55E-01 FOR NH3     AT Z = 1.28E+06 U = 1.89E-20 RHS = 2.94E-21  DT = 1.10E+03  TIME = 1.26E+05
 N =  626  EMAX = 1.53E-01 FOR NH3     AT Z = 1.28E+06 U = 2.19E-20 RHS = 3.35E-21  DT = 1.10E+03  TIME = 1.28E+05
 N =  627  EMAX = 1.51E-01 FOR NH3     AT Z = 1.28E+06 U = 2.52E-20 RHS = 3.82E-21  DT = 1.10E+03  TIME = 1.29E+05
 N =  628  EMAX = 1.49E-01 FOR NH3     AT Z = 1.28E+06 U = 2.90E-20 RHS = 4.34E-21  DT = 1.21E+03  TIME = 1.30E+05
 N =  629  EMAX = 1.64E-01 FOR NH3     AT Z = 1.28E+06 U = 3.34E-20 RHS = 5.48E-21  DT = 1.21E+03  TIME = 1.31E+05
 N =  630  EMAX = 1.62E-01 FOR NH3     AT Z = 1.28E+06 U = 3.89E-20 RHS = 6.29E-21  DT = 1.21E+03  TIME = 1.32E+05
 N =  631  EMAX = 1.60E-01 FOR NH3     AT Z = 1.28E+06 U = 4.51E-20 RHS = 7.21E-21  DT = 1.21E+03  TIME = 1.33E+05
 N =  632  EMAX = 1.57E-01 FOR NH3     AT Z = 1.28E+06 U = 5.24E-20 RHS = 8.24E-21  DT = 1.21E+03  TIME = 1.35E+05
 N =  633  EMAX = 1.65E-01 FOR NH3     AT Z = 1.32E+06 U = 1.13E-20 RHS = 1.87E-21  DT = 1.21E+03  TIME = 1.36E+05
 N =  634  EMAX = 1.63E-01 FOR NH3     AT Z = 1.32E+06 U = 1.32E-20 RHS = 2.14E-21  DT = 1.21E+03  TIME = 1.37E+05
 N =  635  EMAX = 1.60E-01 FOR NH3     AT Z = 1.32E+06 U = 1.53E-20 RHS = 2.46E-21  DT = 1.21E+03  TIME = 1.38E+05
 N =  636  EMAX = 1.58E-01 FOR NH3     AT Z = 1.32E+06 U = 1.78E-20 RHS = 2.81E-21  DT = 1.21E+03  TIME = 1.39E+05
 N =  637  EMAX = 1.56E-01 FOR NH3     AT Z = 1.32E+06 U = 2.06E-20 RHS = 3.22E-21  DT = 1.21E+03  TIME = 1.41E+05
 N =  638  EMAX = 1.54E-01 FOR NH3     AT Z = 1.32E+06 U = 2.38E-20 RHS = 3.67E-21  DT = 1.21E+03  TIME = 1.42E+05
 N =  639  EMAX = 1.52E-01 FOR NH3     AT Z = 1.32E+06 U = 2.75E-20 RHS = 4.18E-21  DT = 1.21E+03  TIME = 1.43E+05
 N =  640  EMAX = 1.50E-01 FOR NH3     AT Z = 1.32E+06 U = 3.17E-20 RHS = 4.75E-21  DT = 1.21E+03  TIME = 1.44E+05
 N =  641  EMAX = 1.48E-01 FOR NH3     AT Z = 1.32E+06 U = 3.64E-20 RHS = 5.39E-21  DT = 1.33E+03  TIME = 1.46E+05
 N =  642  EMAX = 1.63E-01 FOR NH3     AT Z = 1.32E+06 U = 4.18E-20 RHS = 6.81E-21  DT = 1.33E+03  TIME = 1.47E+05
 N =  643  EMAX = 1.61E-01 FOR NH3     AT Z = 1.32E+06 U = 4.86E-20 RHS = 7.81E-21  DT = 1.33E+03  TIME = 1.48E+05
 N =  644  EMAX = 1.68E-01 FOR NH3     AT Z = 1.38E+06 U = 1.08E-20 RHS = 1.82E-21  DT = 1.33E+03  TIME = 1.50E+05
 N =  645  EMAX = 1.66E-01 FOR NH3     AT Z = 1.38E+06 U = 1.27E-20 RHS = 2.10E-21  DT = 1.33E+03  TIME = 1.51E+05
 N =  646  EMAX = 1.63E-01 FOR NH3     AT Z = 1.38E+06 U = 1.47E-20 RHS = 2.41E-21  DT = 1.33E+03  TIME = 1.52E+05
 N =  647  EMAX = 1.61E-01 FOR NH3     AT Z = 1.38E+06 U = 1.72E-20 RHS = 2.77E-21  DT = 1.33E+03  TIME = 1.54E+05
 N =  648  EMAX = 1.59E-01 FOR NH3     AT Z = 1.38E+06 U = 1.99E-20 RHS = 3.17E-21  DT = 1.33E+03  TIME = 1.55E+05
 N =  649  EMAX = 1.57E-01 FOR NH3     AT Z = 1.38E+06 U = 2.31E-20 RHS = 3.62E-21  DT = 1.33E+03  TIME = 1.56E+05
 N =  650  EMAX = 1.55E-01 FOR NH3     AT Z = 1.38E+06 U = 2.67E-20 RHS = 4.13E-21  DT = 1.33E+03  TIME = 1.58E+05
 N =  651  EMAX = 1.53E-01 FOR NH3     AT Z = 1.38E+06 U = 3.08E-20 RHS = 4.71E-21  DT = 1.33E+03  TIME = 1.59E+05
 N =  652  EMAX = 1.51E-01 FOR NH3     AT Z = 1.38E+06 U = 3.56E-20 RHS = 5.36E-21  DT = 1.33E+03  TIME = 1.60E+05
 N =  653  EMAX = 1.49E-01 FOR NH3     AT Z = 1.38E+06 U = 4.09E-20 RHS = 6.08E-21  DT = 1.47E+03  TIME = 1.62E+05
 N =  654  EMAX = 1.64E-01 FOR NH3     AT Z = 1.38E+06 U = 4.70E-20 RHS = 7.69E-21  DT = 1.47E+03  TIME = 1.63E+05
 N =  655  EMAX = 1.71E-01 FOR NH3     AT Z = 1.42E+06 U = 1.08E-20 RHS = 1.84E-21  DT = 1.47E+03  TIME = 1.64E+05
 N =  656  EMAX = 1.69E-01 FOR NH3     AT Z = 1.42E+06 U = 1.26E-20 RHS = 2.13E-21  DT = 1.47E+03  TIME = 1.66E+05
 N =  657  EMAX = 1.66E-01 FOR NH3     AT Z = 1.42E+06 U = 1.48E-20 RHS = 2.45E-21  DT = 1.47E+03  TIME = 1.67E+05
 N =  658  EMAX = 1.64E-01 FOR NH3     AT Z = 1.42E+06 U = 1.72E-20 RHS = 2.82E-21  DT = 1.47E+03  TIME = 1.69E+05
 N =  659  EMAX = 1.62E-01 FOR NH3     AT Z = 1.42E+06 U = 2.00E-20 RHS = 3.24E-21  DT = 1.47E+03  TIME = 1.70E+05
 N =  660  EMAX = 1.60E-01 FOR NH3     AT Z = 1.42E+06 U = 2.33E-20 RHS = 3.71E-21  DT = 1.47E+03  TIME = 1.72E+05
 N =  661  EMAX = 1.57E-01 FOR NH3     AT Z = 1.42E+06 U = 2.70E-20 RHS = 4.24E-21  DT = 1.47E+03  TIME = 1.73E+05
 N =  662  EMAX = 1.55E-01 FOR NH3     AT Z = 1.42E+06 U = 3.12E-20 RHS = 4.85E-21  DT = 1.47E+03  TIME = 1.75E+05
 N =  663  EMAX = 1.53E-01 FOR NH3     AT Z = 1.42E+06 U = 3.61E-20 RHS = 5.52E-21  DT = 1.47E+03  TIME = 1.76E+05
 N =  664  EMAX = 1.51E-01 FOR NH3     AT Z = 1.42E+06 U = 4.16E-20 RHS = 6.29E-21  DT = 1.47E+03  TIME = 1.78E+05
 N =  665  EMAX = 1.49E-01 FOR NH3     AT Z = 1.42E+06 U = 4.79E-20 RHS = 7.14E-21  DT = 1.62E+03  TIME = 1.79E+05
 N =  666  EMAX = 1.74E-01 FOR NH3     AT Z = 1.48E+06 U = 1.10E-20 RHS = 1.92E-21  DT = 1.62E+03  TIME = 1.81E+05
 N =  667  EMAX = 1.72E-01 FOR NH3     AT Z = 1.48E+06 U = 1.29E-20 RHS = 2.22E-21  DT = 1.62E+03  TIME = 1.82E+05
 N =  668  EMAX = 1.69E-01 FOR NH3     AT Z = 1.48E+06 U = 1.51E-20 RHS = 2.56E-21  DT = 1.62E+03  TIME = 1.84E+05
 N =  669  EMAX = 1.67E-01 FOR NH3     AT Z = 1.48E+06 U = 1.77E-20 RHS = 2.95E-21  DT = 1.62E+03  TIME = 1.86E+05
 N =  670  EMAX = 1.64E-01 FOR NH3     AT Z = 1.48E+06 U = 2.06E-20 RHS = 3.40E-21  DT = 1.62E+03  TIME = 1.87E+05
 N =  671  EMAX = 1.62E-01 FOR NH3     AT Z = 1.48E+06 U = 2.40E-20 RHS = 3.90E-21  DT = 1.62E+03  TIME = 1.89E+05
 N =  672  EMAX = 1.60E-01 FOR NH3     AT Z = 1.48E+06 U = 2.79E-20 RHS = 4.47E-21  DT = 1.62E+03  TIME = 1.90E+05
 N =  673  EMAX = 1.58E-01 FOR NH3     AT Z = 1.48E+06 U = 3.24E-20 RHS = 5.11E-21  DT = 1.62E+03  TIME = 1.92E+05
 N =  674  EMAX = 1.56E-01 FOR NH3     AT Z = 1.48E+06 U = 3.75E-20 RHS = 5.84E-21  DT = 1.62E+03  TIME = 1.94E+05
 N =  675  EMAX = 1.54E-01 FOR NH3     AT Z = 1.48E+06 U = 4.34E-20 RHS = 6.66E-21  DT = 1.62E+03  TIME = 1.95E+05
 N =  676  EMAX = 1.51E-01 FOR NH3     AT Z = 1.48E+06 U = 5.00E-20 RHS = 7.58E-21  DT = 1.62E+03  TIME = 1.97E+05
 N =  677  EMAX = 1.59E-01 FOR NH3     AT Z = 1.52E+06 U = 1.14E-20 RHS = 1.81E-21  DT = 1.62E+03  TIME = 1.99E+05
 N =  678  EMAX = 1.56E-01 FOR NH3     AT Z = 1.52E+06 U = 1.32E-20 RHS = 2.07E-21  DT = 1.62E+03  TIME = 2.00E+05
 N =  679  EMAX = 1.54E-01 FOR NH3     AT Z = 1.52E+06 U = 1.53E-20 RHS = 2.37E-21  DT = 1.62E+03  TIME = 2.02E+05
 N =  680  EMAX = 1.53E-01 FOR NH3     AT Z = 1.52E+06 U = 1.77E-20 RHS = 2.70E-21  DT = 1.62E+03  TIME = 2.03E+05
 N =  681  EMAX = 1.51E-01 FOR NH3     AT Z = 1.52E+06 U = 2.04E-20 RHS = 3.07E-21  DT = 1.62E+03  TIME = 2.05E+05
 N =  682  EMAX = 1.49E-01 FOR NH3     AT Z = 1.52E+06 U = 2.35E-20 RHS = 3.49E-21  DT = 1.78E+03  TIME = 2.07E+05
 N =  683  EMAX = 1.64E-01 FOR NH3     AT Z = 1.52E+06 U = 2.69E-20 RHS = 4.41E-21  DT = 1.78E+03  TIME = 2.08E+05
 N =  684  EMAX = 1.61E-01 FOR NH3     AT Z = 1.52E+06 U = 3.14E-20 RHS = 5.06E-21  DT = 1.78E+03  TIME = 2.10E+05
 N =  685  EMAX = 1.59E-01 FOR NH3     AT Z = 1.52E+06 U = 3.64E-20 RHS = 5.80E-21  DT = 1.78E+03  TIME = 2.12E+05
 N =  686  EMAX = 1.57E-01 FOR NH3     AT Z = 1.52E+06 U = 4.22E-20 RHS = 6.63E-21  DT = 1.78E+03  TIME = 2.14E+05
 N =  687  EMAX = 1.55E-01 FOR NH3     AT Z = 1.52E+06 U = 4.88E-20 RHS = 7.57E-21  DT = 1.78E+03  TIME = 2.16E+05
 N =  688  EMAX = 1.62E-01 FOR NH3     AT Z = 1.58E+06 U = 1.07E-20 RHS = 1.73E-21  DT = 1.78E+03  TIME = 2.17E+05
 N =  689  EMAX = 1.60E-01 FOR NH3     AT Z = 1.58E+06 U = 1.24E-20 RHS = 1.99E-21  DT = 1.78E+03  TIME = 2.19E+05
 N =  690  EMAX = 1.58E-01 FOR NH3     AT Z = 1.58E+06 U = 1.44E-20 RHS = 2.28E-21  DT = 1.78E+03  TIME = 2.21E+05
 N =  691  EMAX = 1.56E-01 FOR NH3     AT Z = 1.58E+06 U = 1.67E-20 RHS = 2.60E-21  DT = 1.78E+03  TIME = 2.23E+05
 N =  692  EMAX = 1.54E-01 FOR NH3     AT Z = 1.58E+06 U = 1.93E-20 RHS = 2.97E-21  DT = 1.78E+03  TIME = 2.24E+05
 N =  693  EMAX = 1.52E-01 FOR NH3     AT Z = 1.58E+06 U = 2.23E-20 RHS = 3.38E-21  DT = 1.78E+03  TIME = 2.26E+05
 N =  694  EMAX = 1.50E-01 FOR NH3     AT Z = 1.58E+06 U = 2.56E-20 RHS = 3.85E-21  DT = 1.78E+03  TIME = 2.28E+05
 N =  695  EMAX = 1.48E-01 FOR NH3     AT Z = 1.58E+06 U = 2.95E-20 RHS = 4.37E-21  DT = 1.95E+03  TIME = 2.30E+05
 N =  696  EMAX = 1.63E-01 FOR NH3     AT Z = 1.58E+06 U = 3.39E-20 RHS = 5.53E-21  DT = 1.95E+03  TIME = 2.32E+05
 N =  697  EMAX = 1.61E-01 FOR NH3     AT Z = 1.58E+06 U = 3.94E-20 RHS = 6.34E-21  DT = 1.95E+03  TIME = 2.34E+05
 N =  698  EMAX = 1.59E-01 FOR NH3     AT Z = 1.58E+06 U = 4.57E-20 RHS = 7.26E-21  DT = 1.95E+03  TIME = 2.36E+05
 N =  699  EMAX = 1.57E-01 FOR NH3     AT Z = 1.58E+06 U = 5.30E-20 RHS = 8.30E-21  DT = 1.95E+03  TIME = 2.38E+05
 N =  700  EMAX = 1.64E-01 FOR NH3     AT Z = 1.62E+06 U = 1.07E-20 RHS = 1.76E-21  DT = 1.95E+03  TIME = 2.39E+05
 N =  701  EMAX = 1.62E-01 FOR NH3     AT Z = 1.62E+06 U = 1.25E-20 RHS = 2.02E-21  DT = 1.95E+03  TIME = 2.41E+05
 N =  702  EMAX = 1.60E-01 FOR NH3     AT Z = 1.62E+06 U = 1.45E-20 RHS = 2.31E-21  DT = 1.95E+03  TIME = 2.43E+05
 N =  703  EMAX = 1.58E-01 FOR NH3     AT Z = 1.62E+06 U = 1.68E-20 RHS = 2.65E-21  DT = 1.95E+03  TIME = 2.45E+05
 N =  704  EMAX = 1.56E-01 FOR NH3     AT Z = 1.62E+06 U = 1.94E-20 RHS = 3.03E-21  DT = 1.95E+03  TIME = 2.47E+05
 N =  705  EMAX = 1.54E-01 FOR NH3     AT Z = 1.62E+06 U = 2.25E-20 RHS = 3.45E-21  DT = 1.95E+03  TIME = 2.49E+05
 N =  706  EMAX = 1.52E-01 FOR NH3     AT Z = 1.62E+06 U = 2.59E-20 RHS = 3.94E-21  DT = 1.95E+03  TIME = 2.51E+05
 N =  707  EMAX = 1.50E-01 FOR NH3     AT Z = 1.62E+06 U = 2.98E-20 RHS = 4.48E-21  DT = 2.15E+03  TIME = 2.53E+05
 N =  708  EMAX = 1.65E-01 FOR NH3     AT Z = 1.62E+06 U = 3.43E-20 RHS = 5.67E-21  DT = 2.15E+03  TIME = 2.55E+05
 N =  709  EMAX = 1.63E-01 FOR NH3     AT Z = 1.62E+06 U = 4.00E-20 RHS = 6.51E-21  DT = 2.15E+03  TIME = 2.57E+05
 N =  710  EMAX = 1.61E-01 FOR NH3     AT Z = 1.62E+06 U = 4.65E-20 RHS = 7.46E-21  DT = 2.15E+03  TIME = 2.60E+05
 N =  711  EMAX = 1.58E-01 FOR NH3     AT Z = 1.62E+06 U = 5.40E-20 RHS = 8.54E-21  DT = 2.15E+03  TIME = 2.62E+05
 N =  712  EMAX = 1.56E-01 FOR NH3     AT Z = 1.62E+06 U = 6.25E-20 RHS = 9.76E-21  DT = 2.15E+03  TIME = 2.64E+05
 N =  713  EMAX = 1.64E-01 FOR NH3     AT Z = 1.68E+06 U = 1.12E-20 RHS = 1.84E-21  DT = 2.15E+03  TIME = 2.66E+05
 N =  714  EMAX = 1.62E-01 FOR NH3     AT Z = 1.68E+06 U = 1.30E-20 RHS = 2.11E-21  DT = 2.15E+03  TIME = 2.68E+05
 N =  715  EMAX = 1.60E-01 FOR NH3     AT Z = 1.68E+06 U = 1.51E-20 RHS = 2.42E-21  DT = 2.15E+03  TIME = 2.70E+05
 N =  716  EMAX = 1.58E-01 FOR NH3     AT Z = 1.68E+06 U = 1.76E-20 RHS = 2.77E-21  DT = 2.15E+03  TIME = 2.73E+05
 N =  717  EMAX = 1.56E-01 FOR NH3     AT Z = 1.68E+06 U = 2.03E-20 RHS = 3.17E-21  DT = 2.15E+03  TIME = 2.75E+05
 N =  718  EMAX = 1.54E-01 FOR NH3     AT Z = 1.68E+06 U = 2.35E-20 RHS = 3.61E-21  DT = 2.15E+03  TIME = 2.77E+05
 N =  719  EMAX = 1.52E-01 FOR NH3     AT Z = 1.68E+06 U = 2.71E-20 RHS = 4.12E-21  DT = 2.15E+03  TIME = 2.79E+05
 N =  720  EMAX = 1.50E-01 FOR NH3     AT Z = 1.68E+06 U = 3.12E-20 RHS = 4.68E-21  DT = 2.36E+03  TIME = 2.81E+05
 N =  721  EMAX = 1.65E-01 FOR NH3     AT Z = 1.68E+06 U = 3.59E-20 RHS = 5.93E-21  DT = 2.36E+03  TIME = 2.83E+05
 N =  722  EMAX = 1.63E-01 FOR NH3     AT Z = 1.68E+06 U = 4.18E-20 RHS = 6.81E-21  DT = 2.36E+03  TIME = 2.86E+05
 N =  723  EMAX = 1.61E-01 FOR NH3     AT Z = 1.68E+06 U = 4.86E-20 RHS = 7.81E-21  DT = 2.36E+03  TIME = 2.88E+05
 N =  724  EMAX = 1.58E-01 FOR NH3     AT Z = 1.68E+06 U = 5.65E-20 RHS = 8.94E-21  DT = 2.36E+03  TIME = 2.91E+05
 N =  725  EMAX = 1.56E-01 FOR NH3     AT Z = 1.68E+06 U = 6.54E-20 RHS = 1.02E-20  DT = 2.36E+03  TIME = 2.93E+05
 N =  726  EMAX = 1.54E-01 FOR NH3     AT Z = 1.68E+06 U = 7.56E-20 RHS = 1.17E-20  DT = 2.36E+03  TIME = 2.95E+05
 N =  727  EMAX = 1.63E-01 FOR NH3     AT Z = 1.72E+06 U = 1.16E-20 RHS = 1.89E-21  DT = 2.36E+03  TIME = 2.98E+05
 N =  728  EMAX = 1.60E-01 FOR NH3     AT Z = 1.72E+06 U = 1.35E-20 RHS = 2.17E-21  DT = 2.36E+03  TIME = 3.00E+05
 N =  729  EMAX = 1.58E-01 FOR NH3     AT Z = 1.72E+06 U = 1.57E-20 RHS = 2.48E-21  DT = 2.36E+03  TIME = 3.02E+05
 N =  730  EMAX = 1.56E-01 FOR NH3     AT Z = 1.72E+06 U = 1.82E-20 RHS = 2.84E-21  DT = 2.36E+03  TIME = 3.05E+05
 N =  731  EMAX = 1.54E-01 FOR NH3     AT Z = 1.72E+06 U = 2.10E-20 RHS = 3.24E-21  DT = 2.36E+03  TIME = 3.07E+05
 N =  732  EMAX = 1.52E-01 FOR NH3     AT Z = 1.72E+06 U = 2.43E-20 RHS = 3.70E-21  DT = 2.36E+03  TIME = 3.09E+05
 N =  733  EMAX = 1.50E-01 FOR NH3     AT Z = 1.72E+06 U = 2.79E-20 RHS = 4.21E-21  DT = 2.36E+03  TIME = 3.12E+05
 N =  734  EMAX = 1.49E-01 FOR NH3     AT Z = 1.72E+06 U = 3.22E-20 RHS = 4.78E-21  DT = 2.60E+03  TIME = 3.14E+05
 N =  735  EMAX = 1.64E-01 FOR NH3     AT Z = 1.72E+06 U = 3.69E-20 RHS = 6.04E-21  DT = 2.60E+03  TIME = 3.17E+05
 N =  736  EMAX = 1.61E-01 FOR NH3     AT Z = 1.72E+06 U = 4.30E-20 RHS = 6.94E-21  DT = 2.60E+03  TIME = 3.19E+05
 N =  737  EMAX = 1.59E-01 FOR NH3     AT Z = 1.72E+06 U = 4.99E-20 RHS = 7.95E-21  DT = 2.60E+03  TIME = 3.22E+05
 N =  738  EMAX = 1.57E-01 FOR NH3     AT Z = 1.72E+06 U = 5.79E-20 RHS = 9.09E-21  DT = 2.60E+03  TIME = 3.25E+05
 N =  739  EMAX = 1.55E-01 FOR NH3     AT Z = 1.72E+06 U = 6.69E-20 RHS = 1.04E-20  DT = 2.60E+03  TIME = 3.27E+05
 N =  740  EMAX = 1.53E-01 FOR NH3     AT Z = 1.72E+06 U = 7.73E-20 RHS = 1.18E-20  DT = 2.60E+03  TIME = 3.30E+05
 N =  741  EMAX = 1.51E-01 FOR NH3     AT Z = 1.72E+06 U = 8.91E-20 RHS = 1.34E-20  DT = 2.60E+03  TIME = 3.32E+05
 N =  742  EMAX = 1.59E-01 FOR NH3     AT Z = 1.78E+06 U = 1.16E-20 RHS = 1.85E-21  DT = 2.60E+03  TIME = 3.35E+05
 N =  743  EMAX = 1.57E-01 FOR NH3     AT Z = 1.78E+06 U = 1.34E-20 RHS = 2.11E-21  DT = 2.60E+03  TIME = 3.38E+05
 N =  744  EMAX = 1.55E-01 FOR NH3     AT Z = 1.78E+06 U = 1.55E-20 RHS = 2.41E-21  DT = 2.60E+03  TIME = 3.40E+05
 N =  745  EMAX = 1.54E-01 FOR NH3     AT Z = 1.78E+06 U = 1.79E-20 RHS = 2.75E-21  DT = 2.60E+03  TIME = 3.43E+05
 N =  746  EMAX = 1.52E-01 FOR NH3     AT Z = 1.78E+06 U = 2.07E-20 RHS = 3.14E-21  DT = 2.60E+03  TIME = 3.45E+05
 N =  747  EMAX = 1.50E-01 FOR NH3     AT Z = 1.78E+06 U = 2.38E-20 RHS = 3.57E-21  DT = 2.86E+03  TIME = 3.48E+05
 N =  748  EMAX = 1.65E-01 FOR NH3     AT Z = 1.78E+06 U = 2.74E-20 RHS = 4.52E-21  DT = 2.86E+03  TIME = 3.51E+05
 N =  749  EMAX = 1.63E-01 FOR NH3     AT Z = 1.78E+06 U = 3.19E-20 RHS = 5.19E-21  DT = 2.86E+03  TIME = 3.54E+05
 N =  750  EMAX = 1.60E-01 FOR NH3     AT Z = 1.78E+06 U = 3.71E-20 RHS = 5.95E-21  DT = 2.86E+03  TIME = 3.57E+05
 N =  751  EMAX = 1.58E-01 FOR NH3     AT Z = 1.78E+06 U = 4.31E-20 RHS = 6.82E-21  DT = 2.86E+03  TIME = 3.59E+05
 N =  752  EMAX = 1.56E-01 FOR NH3     AT Z = 1.78E+06 U = 4.99E-20 RHS = 7.79E-21  DT = 2.86E+03  TIME = 3.62E+05
 N =  753  EMAX = 1.54E-01 FOR NH3     AT Z = 1.78E+06 U = 5.77E-20 RHS = 8.89E-21  DT = 2.86E+03  TIME = 3.65E+05
 N =  754  EMAX = 1.52E-01 FOR NH3     AT Z = 1.78E+06 U = 6.66E-20 RHS = 1.01E-20  DT = 2.86E+03  TIME = 3.68E+05
 N =  755  EMAX = 1.50E-01 FOR NH3     AT Z = 1.78E+06 U = 7.67E-20 RHS = 1.15E-20  DT = 2.86E+03  TIME = 3.71E+05
 N =  756  EMAX = 1.48E-01 FOR NH3     AT Z = 1.78E+06 U = 8.82E-20 RHS = 1.31E-20  DT = 3.15E+03  TIME = 3.74E+05
 N =  757  EMAX = 1.63E-01 FOR NH3     AT Z = 1.78E+06 U = 1.01E-19 RHS = 1.65E-20  DT = 3.15E+03  TIME = 3.77E+05
 N =  758  EMAX = 1.73E-01 FOR NH3     AT Z = 1.82E+06 U = 1.14E-20 RHS = 1.97E-21  DT = 3.15E+03  TIME = 3.80E+05
 N =  759  EMAX = 1.70E-01 FOR NH3     AT Z = 1.82E+06 U = 1.34E-20 RHS = 2.28E-21  DT = 3.15E+03  TIME = 3.83E+05
 N =  760  EMAX = 1.68E-01 FOR NH3     AT Z = 1.82E+06 U = 1.57E-20 RHS = 2.63E-21  DT = 3.15E+03  TIME = 3.86E+05
 N =  761  EMAX = 1.66E-01 FOR NH3     AT Z = 1.82E+06 U = 1.83E-20 RHS = 3.03E-21  DT = 3.15E+03  TIME = 3.90E+05
 N =  762  EMAX = 1.63E-01 FOR NH3     AT Z = 1.82E+06 U = 2.13E-20 RHS = 3.49E-21  DT = 3.15E+03  TIME = 3.93E+05
 N =  763  EMAX = 1.61E-01 FOR NH3     AT Z = 1.82E+06 U = 2.48E-20 RHS = 4.00E-21  DT = 3.15E+03  TIME = 3.96E+05
 N =  764  EMAX = 1.59E-01 FOR NH3     AT Z = 1.82E+06 U = 2.88E-20 RHS = 4.59E-21  DT = 3.15E+03  TIME = 3.99E+05
 N =  765  EMAX = 1.57E-01 FOR NH3     AT Z = 1.82E+06 U = 3.34E-20 RHS = 5.24E-21  DT = 3.15E+03  TIME = 4.02E+05
 N =  766  EMAX = 1.55E-01 FOR NH3     AT Z = 1.82E+06 U = 3.87E-20 RHS = 5.99E-21  DT = 3.15E+03  TIME = 4.05E+05
 N =  767  EMAX = 1.53E-01 FOR NH3     AT Z = 1.82E+06 U = 4.47E-20 RHS = 6.83E-21  DT = 3.15E+03  TIME = 4.08E+05
 N =  768  EMAX = 1.51E-01 FOR NH3     AT Z = 1.82E+06 U = 5.15E-20 RHS = 7.77E-21  DT = 3.15E+03  TIME = 4.12E+05
 N =  769  EMAX = 1.49E-01 FOR NH3     AT Z = 1.82E+06 U = 5.92E-20 RHS = 8.83E-21  DT = 3.46E+03  TIME = 4.15E+05
 N =  770  EMAX = 1.64E-01 FOR NH3     AT Z = 1.82E+06 U = 6.81E-20 RHS = 1.12E-20  DT = 3.46E+03  TIME = 4.18E+05
 N =  771  EMAX = 1.62E-01 FOR NH3     AT Z = 1.82E+06 U = 7.92E-20 RHS = 1.28E-20  DT = 3.46E+03  TIME = 4.22E+05
 N =  772  EMAX = 1.59E-01 FOR NH3     AT Z = 1.82E+06 U = 9.20E-20 RHS = 1.47E-20  DT = 3.46E+03  TIME = 4.25E+05
 N =  773  EMAX = 1.57E-01 FOR NH3     AT Z = 1.82E+06 U = 1.07E-19 RHS = 1.68E-20  DT = 3.46E+03  TIME = 4.29E+05
 N =  774  EMAX = 1.67E-01 FOR NH3     AT Z = 1.88E+06 U = 1.07E-20 RHS = 1.79E-21  DT = 3.46E+03  TIME = 4.32E+05
 N =  775  EMAX = 1.64E-01 FOR NH3     AT Z = 1.88E+06 U = 1.25E-20 RHS = 2.06E-21  DT = 3.46E+03  TIME = 4.35E+05
 N =  776  EMAX = 1.62E-01 FOR NH3     AT Z = 1.88E+06 U = 1.46E-20 RHS = 2.36E-21  DT = 3.46E+03  TIME = 4.39E+05
 N =  777  EMAX = 1.60E-01 FOR NH3     AT Z = 1.88E+06 U = 1.69E-20 RHS = 2.71E-21  DT = 3.46E+03  TIME = 4.42E+05
 N =  778  EMAX = 1.58E-01 FOR NH3     AT Z = 1.88E+06 U = 1.96E-20 RHS = 3.10E-21  DT = 3.46E+03  TIME = 4.46E+05
 N =  779  EMAX = 1.56E-01 FOR NH3     AT Z = 1.88E+06 U = 2.27E-20 RHS = 3.55E-21  DT = 3.46E+03  TIME = 4.49E+05
 N =  780  EMAX = 2.31E-01 FOR C2H6    AT Z = 9.78E+06 U = 1.43E-19 RHS =-3.31E-20  DT = 3.46E+03  TIME = 4.53E+05
 N =  781  EMAX = 1.52E-01 FOR NH3     AT Z = 1.88E+06 U = 3.03E-20 RHS = 4.61E-21  DT = 3.46E+03  TIME = 4.56E+05
 N =  782  EMAX = 1.50E-01 FOR NH3     AT Z = 1.88E+06 U = 3.49E-20 RHS = 5.24E-21  DT = 3.46E+03  TIME = 4.60E+05
 N =  783  EMAX = 5.12E-01 FOR HNO3    AT Z = 9.82E+06 U = 1.16E-20 RHS =-5.96E-21  DT = 3.46E+03  TIME = 4.63E+05
 N =  784  EMAX = 5.12E-01 FOR HNO3    AT Z = 9.82E+06 U = 1.16E-20 RHS =-5.96E-21  DT = 2.42E+03  TIME = 4.62E+05
 N =  785  EMAX = 4.30E-01 FOR HNO3    AT Z = 9.82E+06 U = 1.16E-20 RHS =-5.00E-21  DT = 1.70E+03  TIME = 4.61E+05
 N =  786  EMAX = 3.51E-01 FOR HNO3    AT Z = 9.82E+06 U = 1.16E-20 RHS =-4.08E-21  DT = 1.19E+03  TIME = 4.61E+05
 N =  787  EMAX = 2.79E-01 FOR HNO3    AT Z = 9.82E+06 U = 1.16E-20 RHS =-3.25E-21  DT = 8.31E+02  TIME = 4.61E+05
 N =  788  EMAX = 2.16E-01 FOR HNO3    AT Z = 9.82E+06 U = 1.16E-20 RHS =-2.52E-21  DT = 5.82E+02  TIME = 4.60E+05
 N =  789  EMAX = 2.23E-02 FOR NH3     AT Z = 1.88E+06 U = 4.15E-20 RHS = 9.26E-22  DT = 6.98E+02  TIME = 4.61E+05
 N =  790  EMAX = 2.69E-02 FOR NH3     AT Z = 1.88E+06 U = 4.24E-20 RHS = 1.14E-21  DT = 8.38E+02  TIME = 4.62E+05
 N =  791  EMAX = 3.23E-02 FOR NH3     AT Z = 1.88E+06 U = 4.35E-20 RHS = 1.41E-21  DT = 1.01E+03  TIME = 4.62E+05
 N =  792  EMAX = 3.89E-02 FOR NH3     AT Z = 1.88E+06 U = 4.49E-20 RHS = 1.75E-21  DT = 1.21E+03  TIME = 4.63E+05
 N =  793  EMAX = 4.69E-02 FOR NH3     AT Z = 1.88E+06 U = 4.67E-20 RHS = 2.19E-21  DT = 1.45E+03  TIME = 4.65E+05
 N =  794  EMAX = 5.66E-02 FOR NH3     AT Z = 1.88E+06 U = 4.89E-20 RHS = 2.77E-21  DT = 1.74E+03  TIME = 4.66E+05
 N =  795  EMAX = 6.83E-02 FOR NH3     AT Z = 1.88E+06 U = 5.17E-20 RHS = 3.53E-21  DT = 2.08E+03  TIME = 4.68E+05
 N =  796  EMAX = 8.26E-02 FOR NH3     AT Z = 1.88E+06 U = 5.52E-20 RHS = 4.56E-21  DT = 2.29E+03  TIME = 4.70E+05
 N =  797  EMAX = 9.09E-02 FOR NH3     AT Z = 1.88E+06 U = 5.97E-20 RHS = 5.43E-21  DT = 2.52E+03  TIME = 4.72E+05
 N =  798  EMAX = 1.00E-01 FOR NH3     AT Z = 1.88E+06 U = 6.52E-20 RHS = 6.52E-21  DT = 2.78E+03  TIME = 4.75E+05
 N =  799  EMAX = 1.10E-01 FOR NH3     AT Z = 1.88E+06 U = 7.17E-20 RHS = 7.90E-21  DT = 3.05E+03  TIME = 4.77E+05
 N =  800  EMAX = 1.21E-01 FOR NH3     AT Z = 1.88E+06 U = 7.96E-20 RHS = 9.65E-21  DT = 3.36E+03  TIME = 4.81E+05
 N =  801  EMAX = 1.33E-01 FOR NH3     AT Z = 1.88E+06 U = 8.92E-20 RHS = 1.19E-20  DT = 3.69E+03  TIME = 4.84E+05
 N =  802  EMAX = 1.47E-01 FOR NH3     AT Z = 1.88E+06 U = 1.01E-19 RHS = 1.49E-20  DT = 4.06E+03  TIME = 4.88E+05
 N =  803  EMAX = 1.62E-01 FOR NH3     AT Z = 1.88E+06 U = 1.16E-19 RHS = 1.88E-20  DT = 4.06E+03  TIME = 4.92E+05
 N =  804  EMAX = 1.71E-01 FOR NH3     AT Z = 1.92E+06 U = 1.12E-20 RHS = 1.92E-21  DT = 4.06E+03  TIME = 4.96E+05
 N =  805  EMAX = 1.69E-01 FOR NH3     AT Z = 1.92E+06 U = 1.31E-20 RHS = 2.22E-21  DT = 4.06E+03  TIME = 5.00E+05
 N =  806  EMAX = 1.67E-01 FOR NH3     AT Z = 1.92E+06 U = 1.53E-20 RHS = 2.56E-21  DT = 4.06E+03  TIME = 5.04E+05
 N =  807  EMAX = 1.64E-01 FOR NH3     AT Z = 1.92E+06 U = 1.79E-20 RHS = 2.94E-21  DT = 4.06E+03  TIME = 5.08E+05
 N =  808  EMAX = 1.62E-01 FOR NH3     AT Z = 1.92E+06 U = 2.09E-20 RHS = 3.38E-21  DT = 4.06E+03  TIME = 5.12E+05
 N =  809  EMAX = 1.60E-01 FOR NH3     AT Z = 1.92E+06 U = 2.42E-20 RHS = 3.88E-21  DT = 4.06E+03  TIME = 5.16E+05
 N =  810  EMAX = 1.58E-01 FOR NH3     AT Z = 1.92E+06 U = 2.81E-20 RHS = 4.44E-21  DT = 4.06E+03  TIME = 5.20E+05
 N =  811  EMAX = 1.56E-01 FOR NH3     AT Z = 1.92E+06 U = 3.25E-20 RHS = 5.07E-21  DT = 4.06E+03  TIME = 5.24E+05
 N =  812  EMAX = 1.54E-01 FOR NH3     AT Z = 1.92E+06 U = 3.76E-20 RHS = 5.79E-21  DT = 4.06E+03  TIME = 5.28E+05
 N =  813  EMAX = 1.52E-01 FOR NH3     AT Z = 1.92E+06 U = 4.34E-20 RHS = 6.59E-21  DT = 4.06E+03  TIME = 5.32E+05
 N =  814  EMAX = 1.50E-01 FOR NH3     AT Z = 1.92E+06 U = 5.00E-20 RHS = 7.49E-21  DT = 4.47E+03  TIME = 5.36E+05
 N =  815  EMAX = 1.65E-01 FOR NH3     AT Z = 1.92E+06 U = 5.75E-20 RHS = 9.49E-21  DT = 4.47E+03  TIME = 5.41E+05
 N =  816  EMAX = 1.63E-01 FOR NH3     AT Z = 1.92E+06 U = 6.70E-20 RHS = 1.09E-20  DT = 4.47E+03  TIME = 5.45E+05
 N =  817  EMAX = 1.60E-01 FOR NH3     AT Z = 1.92E+06 U = 7.79E-20 RHS = 1.25E-20  DT = 4.47E+03  TIME = 5.50E+05
 N =  818  EMAX = 1.58E-01 FOR NH3     AT Z = 1.92E+06 U = 9.04E-20 RHS = 1.43E-20  DT = 4.47E+03  TIME = 5.54E+05
 N =  819  EMAX = 1.56E-01 FOR NH3     AT Z = 1.92E+06 U = 1.05E-19 RHS = 1.63E-20  DT = 4.47E+03  TIME = 5.59E+05
 N =  820  EMAX = 1.65E-01 FOR NH3     AT Z = 1.98E+06 U = 1.02E-20 RHS = 1.69E-21  DT = 4.47E+03  TIME = 5.63E+05
 N =  821  EMAX = 1.63E-01 FOR NH3     AT Z = 1.98E+06 U = 1.19E-20 RHS = 1.94E-21  DT = 4.47E+03  TIME = 5.68E+05
 N =  822  EMAX = 1.61E-01 FOR NH3     AT Z = 1.98E+06 U = 1.38E-20 RHS = 2.23E-21  DT = 4.47E+03  TIME = 5.72E+05
 N =  823  EMAX = 1.59E-01 FOR NH3     AT Z = 1.98E+06 U = 1.61E-20 RHS = 2.55E-21  DT = 4.47E+03  TIME = 5.77E+05
 N =  824  EMAX = 1.57E-01 FOR NH3     AT Z = 1.98E+06 U = 1.86E-20 RHS = 2.92E-21  DT = 4.47E+03  TIME = 5.81E+05
 N =  825  EMAX = 1.55E-01 FOR NH3     AT Z = 1.98E+06 U = 2.15E-20 RHS = 3.33E-21  DT = 4.47E+03  TIME = 5.86E+05
 N =  826  EMAX = 1.53E-01 FOR NH3     AT Z = 1.98E+06 U = 2.49E-20 RHS = 3.80E-21  DT = 4.47E+03  TIME = 5.90E+05
 N =  827  EMAX = 1.51E-01 FOR NH3     AT Z = 1.98E+06 U = 2.86E-20 RHS = 4.32E-21  DT = 4.47E+03  TIME = 5.94E+05
 N =  828  EMAX = 1.49E-01 FOR NH3     AT Z = 1.98E+06 U = 3.30E-20 RHS = 4.91E-21  DT = 4.92E+03  TIME = 5.99E+05
 N =  829  EMAX = 1.64E-01 FOR NH3     AT Z = 1.98E+06 U = 3.79E-20 RHS = 6.22E-21  DT = 4.92E+03  TIME = 6.04E+05
 N =  830  EMAX = 1.62E-01 FOR NH3     AT Z = 1.98E+06 U = 4.41E-20 RHS = 7.13E-21  DT = 4.92E+03  TIME = 6.09E+05
 N =  831  EMAX = 1.60E-01 FOR NH3     AT Z = 1.98E+06 U = 5.12E-20 RHS = 8.17E-21  DT = 4.92E+03  TIME = 6.14E+05
 N =  832  EMAX = 1.57E-01 FOR NH3     AT Z = 1.98E+06 U = 5.94E-20 RHS = 9.35E-21  DT = 4.92E+03  TIME = 6.19E+05
 N =  833  EMAX = 1.55E-01 FOR NH3     AT Z = 1.98E+06 U = 6.88E-20 RHS = 1.07E-20  DT = 4.92E+03  TIME = 6.23E+05
 N =  834  EMAX = 1.53E-01 FOR NH3     AT Z = 1.98E+06 U = 7.94E-20 RHS = 1.22E-20  DT = 4.92E+03  TIME = 6.28E+05
 N =  835  EMAX = 1.51E-01 FOR NH3     AT Z = 1.98E+06 U = 9.16E-20 RHS = 1.38E-20  DT = 4.92E+03  TIME = 6.33E+05
 N =  836  EMAX = 1.49E-01 FOR NH3     AT Z = 1.98E+06 U = 1.05E-19 RHS = 1.57E-20  DT = 5.41E+03  TIME = 6.38E+05
 N =  837  EMAX = 1.76E-01 FOR NH3     AT Z = 2.02E+06 U = 1.10E-20 RHS = 1.94E-21  DT = 5.41E+03  TIME = 6.44E+05
 N =  838  EMAX = 1.74E-01 FOR NH3     AT Z = 2.02E+06 U = 1.29E-20 RHS = 2.25E-21  DT = 5.41E+03  TIME = 6.49E+05
 N =  839  EMAX = 1.71E-01 FOR NH3     AT Z = 2.02E+06 U = 1.52E-20 RHS = 2.60E-21  DT = 5.41E+03  TIME = 6.54E+05
 N =  840  EMAX = 1.69E-01 FOR NH3     AT Z = 2.02E+06 U = 1.78E-20 RHS = 3.00E-21  DT = 5.41E+03  TIME = 6.60E+05
 N =  841  EMAX = 1.67E-01 FOR NH3     AT Z = 2.02E+06 U = 2.08E-20 RHS = 3.46E-21  DT = 5.41E+03  TIME = 6.65E+05
 N =  842  EMAX = 1.64E-01 FOR NH3     AT Z = 2.02E+06 U = 2.42E-20 RHS = 3.98E-21  DT = 5.41E+03  TIME = 6.71E+05
 N =  843  EMAX = 1.62E-01 FOR NH3     AT Z = 2.02E+06 U = 2.82E-20 RHS = 4.57E-21  DT = 5.41E+03  TIME = 6.76E+05
 N =  844  EMAX = 1.60E-01 FOR NH3     AT Z = 2.02E+06 U = 3.28E-20 RHS = 5.24E-21  DT = 5.41E+03  TIME = 6.82E+05
 N =  845  EMAX = 1.58E-01 FOR NH3     AT Z = 2.02E+06 U = 3.80E-20 RHS = 6.00E-21  DT = 5.41E+03  TIME = 6.87E+05
 N =  846  EMAX = 1.56E-01 FOR NH3     AT Z = 2.02E+06 U = 4.40E-20 RHS = 6.86E-21  DT = 5.41E+03  TIME = 6.92E+05
 N =  847  EMAX = 1.54E-01 FOR NH3     AT Z = 2.02E+06 U = 5.09E-20 RHS = 7.82E-21  DT = 5.41E+03  TIME = 6.98E+05
 N =  848  EMAX = 1.52E-01 FOR NH3     AT Z = 2.02E+06 U = 5.87E-20 RHS = 8.90E-21  DT = 5.41E+03  TIME = 7.03E+05
 N =  849  EMAX = 1.50E-01 FOR NH3     AT Z = 2.02E+06 U = 6.76E-20 RHS = 1.01E-20  DT = 5.95E+03  TIME = 7.09E+05
 N =  850  EMAX = 1.65E-01 FOR NH3     AT Z = 2.02E+06 U = 7.77E-20 RHS = 1.28E-20  DT = 5.95E+03  TIME = 7.14E+05
 N =  851  EMAX = 1.62E-01 FOR NH3     AT Z = 2.02E+06 U = 9.06E-20 RHS = 1.47E-20  DT = 5.95E+03  TIME = 7.20E+05
 N =  852  EMAX = 1.72E-01 FOR NH3     AT Z = 2.08E+06 U = 1.05E-20 RHS = 1.80E-21  DT = 5.95E+03  TIME = 7.26E+05
 N =  853  EMAX = 1.69E-01 FOR NH3     AT Z = 2.08E+06 U = 1.23E-20 RHS = 2.08E-21  DT = 5.95E+03  TIME = 7.32E+05
 N =  854  EMAX = 1.67E-01 FOR NH3     AT Z = 2.08E+06 U = 1.44E-20 RHS = 2.40E-21  DT = 5.95E+03  TIME = 7.38E+05
 N =  855  EMAX = 1.65E-01 FOR NH3     AT Z = 2.08E+06 U = 1.68E-20 RHS = 2.76E-21  DT = 5.95E+03  TIME = 7.44E+05
 N =  856  EMAX = 1.62E-01 FOR NH3     AT Z = 2.08E+06 U = 1.95E-20 RHS = 3.17E-21  DT = 5.95E+03  TIME = 7.50E+05
 N =  857  EMAX = 1.60E-01 FOR NH3     AT Z = 2.08E+06 U = 2.27E-20 RHS = 3.63E-21  DT = 5.95E+03  TIME = 7.56E+05
 N =  858  EMAX = 1.58E-01 FOR NH3     AT Z = 2.08E+06 U = 2.63E-20 RHS = 4.16E-21  DT = 5.95E+03  TIME = 7.62E+05
 N =  859  EMAX = 1.56E-01 FOR NH3     AT Z = 2.08E+06 U = 3.05E-20 RHS = 4.76E-21  DT = 5.95E+03  TIME = 7.68E+05
 N =  860  EMAX = 1.54E-01 FOR NH3     AT Z = 2.08E+06 U = 3.52E-20 RHS = 5.43E-21  DT = 5.95E+03  TIME = 7.74E+05
 N =  861  EMAX = 1.52E-01 FOR NH3     AT Z = 2.08E+06 U = 4.07E-20 RHS = 6.18E-21  DT = 5.95E+03  TIME = 7.80E+05
 N =  862  EMAX = 1.50E-01 FOR NH3     AT Z = 2.08E+06 U = 4.68E-20 RHS = 7.03E-21  DT = 5.95E+03  TIME = 7.86E+05
 N =  863  EMAX = 1.48E-01 FOR NH3     AT Z = 2.08E+06 U = 5.39E-20 RHS = 7.99E-21  DT = 6.54E+03  TIME = 7.92E+05
 N =  864  EMAX = 1.63E-01 FOR NH3     AT Z = 2.08E+06 U = 6.19E-20 RHS = 1.01E-20  DT = 6.54E+03  TIME = 7.98E+05
 N =  865  EMAX = 1.61E-01 FOR NH3     AT Z = 2.08E+06 U = 7.20E-20 RHS = 1.16E-20  DT = 6.54E+03  TIME = 8.05E+05
 N =  866  EMAX = 1.59E-01 FOR NH3     AT Z = 2.08E+06 U = 8.35E-20 RHS = 1.33E-20  DT = 6.54E+03  TIME = 8.11E+05
 N =  867  EMAX = 1.67E-01 FOR NH3     AT Z = 2.12E+06 U = 1.07E-20 RHS = 1.80E-21  DT = 6.54E+03  TIME = 8.18E+05
 N =  868  EMAX = 1.65E-01 FOR NH3     AT Z = 2.12E+06 U = 1.25E-20 RHS = 2.07E-21  DT = 6.54E+03  TIME = 8.25E+05
 N =  869  EMAX = 1.63E-01 FOR NH3     AT Z = 2.12E+06 U = 1.46E-20 RHS = 2.38E-21  DT = 6.54E+03  TIME = 8.31E+05
 N =  870  EMAX = 1.61E-01 FOR NH3     AT Z = 2.12E+06 U = 1.70E-20 RHS = 2.73E-21  DT = 6.54E+03  TIME = 8.38E+05
 N =  871  EMAX = 1.59E-01 FOR NH3     AT Z = 2.12E+06 U = 1.97E-20 RHS = 3.13E-21  DT = 6.54E+03  TIME = 8.44E+05
 N =  872  EMAX = 1.57E-01 FOR NH3     AT Z = 2.12E+06 U = 2.29E-20 RHS = 3.58E-21  DT = 6.54E+03  TIME = 8.51E+05
 N =  873  EMAX = 1.55E-01 FOR NH3     AT Z = 2.12E+06 U = 2.65E-20 RHS = 4.09E-21  DT = 6.54E+03  TIME = 8.57E+05
 N =  874  EMAX = 1.53E-01 FOR NH3     AT Z = 2.12E+06 U = 3.05E-20 RHS = 4.67E-21  DT = 6.54E+03  TIME = 8.64E+05
 N =  875  EMAX = 1.51E-01 FOR NH3     AT Z = 2.12E+06 U = 3.52E-20 RHS = 5.31E-21  DT = 6.54E+03  TIME = 8.70E+05
 N =  876  EMAX = 1.49E-01 FOR NH3     AT Z = 2.12E+06 U = 4.05E-20 RHS = 6.04E-21  DT = 7.20E+03  TIME = 8.77E+05
 N =  877  EMAX = 1.64E-01 FOR NH3     AT Z = 2.12E+06 U = 4.66E-20 RHS = 7.63E-21  DT = 7.20E+03  TIME = 8.84E+05
 N =  878  EMAX = 1.62E-01 FOR NH3     AT Z = 2.12E+06 U = 5.42E-20 RHS = 8.76E-21  DT = 7.20E+03  TIME = 8.91E+05
 N =  879  EMAX = 1.60E-01 FOR NH3     AT Z = 2.12E+06 U = 6.30E-20 RHS = 1.00E-20  DT = 7.20E+03  TIME = 8.98E+05
 N =  880  EMAX = 1.57E-01 FOR NH3     AT Z = 2.12E+06 U = 7.30E-20 RHS = 1.15E-20  DT = 7.20E+03  TIME = 9.06E+05
 N =  881  EMAX = 1.66E-01 FOR NH3     AT Z = 2.18E+06 U = 1.04E-20 RHS = 1.73E-21  DT = 7.20E+03  TIME = 9.13E+05
 N =  882  EMAX = 1.64E-01 FOR NH3     AT Z = 2.18E+06 U = 1.22E-20 RHS = 1.99E-21  DT = 7.20E+03  TIME = 9.20E+05
 N =  883  EMAX = 1.61E-01 FOR NH3     AT Z = 2.18E+06 U = 1.42E-20 RHS = 2.28E-21  DT = 7.20E+03  TIME = 9.27E+05
 N =  884  EMAX = 1.59E-01 FOR NH3     AT Z = 2.18E+06 U = 1.64E-20 RHS = 2.62E-21  DT = 7.20E+03  TIME = 9.34E+05
 N =  885  EMAX = 1.57E-01 FOR NH3     AT Z = 2.18E+06 U = 1.91E-20 RHS = 3.00E-21  DT = 7.20E+03  TIME = 9.42E+05
 N =  886  EMAX = 1.55E-01 FOR NH3     AT Z = 2.18E+06 U = 2.21E-20 RHS = 3.42E-21  DT = 7.20E+03  TIME = 9.49E+05
 N =  887  EMAX = 1.53E-01 FOR NH3     AT Z = 2.18E+06 U = 2.55E-20 RHS = 3.91E-21  DT = 7.20E+03  TIME = 9.56E+05
 N =  888  EMAX = 1.51E-01 FOR NH3     AT Z = 2.18E+06 U = 2.94E-20 RHS = 4.45E-21  DT = 7.20E+03  TIME = 9.63E+05
 N =  889  EMAX = 6.51E-01 FOR HNO3    AT Z = 9.72E+06 U = 1.75E-20 RHS =-1.14E-20  DT = 7.20E+03  TIME = 9.70E+05
 N =  890  EMAX = 6.51E-01 FOR HNO3    AT Z = 9.72E+06 U = 1.75E-20 RHS =-1.14E-20  DT = 5.04E+03  TIME = 9.68E+05
 N =  891  EMAX = 5.72E-01 FOR HNO3    AT Z = 9.72E+06 U = 1.75E-20 RHS =-9.99E-21  DT = 3.53E+03  TIME = 9.67E+05
 N =  892  EMAX = 4.89E-01 FOR HNO3    AT Z = 9.72E+06 U = 1.75E-20 RHS =-8.54E-21  DT = 2.47E+03  TIME = 9.66E+05
 N =  893  EMAX = 4.07E-01 FOR HNO3    AT Z = 9.72E+06 U = 1.75E-20 RHS =-7.11E-21  DT = 1.73E+03  TIME = 9.65E+05
 N =  894  EMAX = 3.29E-01 FOR HNO3    AT Z = 9.72E+06 U = 1.75E-20 RHS =-5.75E-21  DT = 1.21E+03  TIME = 9.64E+05
 N =  895  EMAX = 2.59E-01 FOR HNO3    AT Z = 9.72E+06 U = 1.75E-20 RHS =-4.53E-21  DT = 8.47E+02  TIME = 9.64E+05
 N =  896  EMAX = 2.00E-01 FOR HNO3    AT Z = 9.72E+06 U = 1.75E-20 RHS =-3.49E-21  DT = 5.93E+02  TIME = 9.64E+05
 N =  897  EMAX = 1.44E-01 FOR HNO3    AT Z = 9.72E+06 U = 1.40E-20 RHS =-2.01E-21  DT = 6.52E+02  TIME = 9.64E+05
 N =  898  EMAX = 1.50E-01 FOR HNO3    AT Z = 9.72E+06 U = 1.20E-20 RHS =-1.80E-21  DT = 7.17E+02  TIME = 9.65E+05
 N =  899  EMAX = 1.56E-01 FOR HNO3    AT Z = 9.72E+06 U = 1.02E-20 RHS =-1.59E-21  DT = 7.17E+02  TIME = 9.66E+05
 N =  900  EMAX = 1.32E-02 FOR NH3     AT Z = 2.18E+06 U = 3.56E-20 RHS = 4.71E-22  DT = 8.61E+02  TIME = 9.67E+05
 N =  901  EMAX = 1.59E-02 FOR NH3     AT Z = 2.18E+06 U = 3.61E-20 RHS = 5.73E-22  DT = 1.03E+03  TIME = 9.67E+05
 N =  902  EMAX = 1.91E-02 FOR NH3     AT Z = 2.18E+06 U = 3.67E-20 RHS = 7.00E-22  DT = 1.24E+03  TIME = 9.68E+05
 N =  903  EMAX = 2.29E-02 FOR NH3     AT Z = 2.18E+06 U = 3.74E-20 RHS = 8.58E-22  DT = 1.49E+03  TIME = 9.70E+05
 N =  904  EMAX = 2.76E-02 FOR NH3     AT Z = 2.18E+06 U = 3.82E-20 RHS = 1.06E-21  DT = 1.78E+03  TIME = 9.71E+05
 N =  905  EMAX = 3.32E-02 FOR NH3     AT Z = 2.18E+06 U = 3.93E-20 RHS = 1.31E-21  DT = 2.14E+03  TIME = 9.73E+05
 N =  906  EMAX = 4.00E-02 FOR NH3     AT Z = 2.18E+06 U = 4.06E-20 RHS = 1.62E-21  DT = 2.57E+03  TIME = 9.75E+05
 N =  907  EMAX = 4.82E-02 FOR NH3     AT Z = 2.18E+06 U = 4.22E-20 RHS = 2.04E-21  DT = 3.08E+03  TIME = 9.78E+05
 N =  908  EMAX = 5.82E-02 FOR NH3     AT Z = 2.18E+06 U = 4.42E-20 RHS = 2.57E-21  DT = 3.70E+03  TIME = 9.81E+05
 N =  909  EMAX = 7.03E-02 FOR NH3     AT Z = 2.18E+06 U = 4.68E-20 RHS = 3.29E-21  DT = 4.07E+03  TIME = 9.84E+05
 N =  910  EMAX = 7.73E-02 FOR NH3     AT Z = 2.18E+06 U = 5.01E-20 RHS = 3.88E-21  DT = 4.48E+03  TIME = 9.89E+05
 N =  911  EMAX = 8.52E-02 FOR NH3     AT Z = 2.18E+06 U = 5.40E-20 RHS = 4.60E-21  DT = 4.93E+03  TIME = 9.93E+05
 N =  912  EMAX = 9.38E-02 FOR NH3     AT Z = 2.18E+06 U = 5.86E-20 RHS = 5.49E-21  DT = 5.42E+03  TIME = 9.98E+05
 N =  913  EMAX = 1.03E-01 FOR NH3     AT Z = 2.18E+06 U = 6.41E-20 RHS = 6.62E-21  DT = 5.96E+03  TIME = 1.00E+06
 N =  914  EMAX = 1.14E-01 FOR NH3     AT Z = 2.18E+06 U = 7.07E-20 RHS = 8.04E-21  DT = 6.56E+03  TIME = 1.01E+06
 N =  915  EMAX = 1.33E-01 FOR NH3     AT Z = 2.22E+06 U = 1.08E-20 RHS = 1.44E-21  DT = 7.21E+03  TIME = 1.02E+06
 N =  916  EMAX = 1.47E-01 FOR NH3     AT Z = 2.22E+06 U = 1.22E-20 RHS = 1.80E-21  DT = 7.93E+03  TIME = 1.02E+06
 N =  917  EMAX = 1.62E-01 FOR NH3     AT Z = 2.22E+06 U = 1.40E-20 RHS = 2.27E-21  DT = 7.93E+03  TIME = 1.03E+06
 N =  918  EMAX = 1.59E-01 FOR NH3     AT Z = 2.22E+06 U = 1.63E-20 RHS = 2.60E-21  DT = 7.93E+03  TIME = 1.04E+06
 N =  919  EMAX = 1.57E-01 FOR NH3     AT Z = 2.22E+06 U = 1.89E-20 RHS = 2.98E-21  DT = 7.93E+03  TIME = 1.05E+06
 N =  920  EMAX = 6.53E-01 FOR HNO3    AT Z = 9.32E+06 U = 1.48E-20 RHS =-9.64E-21  DT = 7.93E+03  TIME = 1.05E+06
 N =  921  EMAX = 6.53E-01 FOR HNO3    AT Z = 9.32E+06 U = 1.48E-20 RHS =-9.64E-21  DT = 5.55E+03  TIME = 1.05E+06
 N =  922  EMAX = 5.73E-01 FOR HNO3    AT Z = 9.32E+06 U = 1.48E-20 RHS =-8.46E-21  DT = 3.89E+03  TIME = 1.05E+06
 N =  923  EMAX = 4.90E-01 FOR HNO3    AT Z = 9.32E+06 U = 1.48E-20 RHS =-7.23E-21  DT = 2.72E+03  TIME = 1.05E+06
 N =  924  EMAX = 4.07E-01 FOR HNO3    AT Z = 9.32E+06 U = 1.48E-20 RHS =-6.01E-21  DT = 1.90E+03  TIME = 1.05E+06
 N =  925  EMAX = 3.29E-01 FOR HNO3    AT Z = 9.32E+06 U = 1.48E-20 RHS =-4.85E-21  DT = 1.33E+03  TIME = 1.05E+06
 N =  926  EMAX = 2.59E-01 FOR HNO3    AT Z = 9.32E+06 U = 1.48E-20 RHS =-3.82E-21  DT = 9.33E+02  TIME = 1.05E+06
 N =  927  EMAX = 1.99E-01 FOR HNO3    AT Z = 9.32E+06 U = 1.48E-20 RHS =-2.93E-21  DT = 6.53E+02  TIME = 1.05E+06
 N =  928  EMAX = 1.43E-01 FOR HNO3    AT Z = 9.32E+06 U = 1.18E-20 RHS =-1.70E-21  DT = 7.19E+02  TIME = 1.05E+06
 N =  929  EMAX = 1.51E-01 FOR HNO3    AT Z = 9.32E+06 U = 1.01E-20 RHS =-1.53E-21  DT = 7.19E+02  TIME = 1.05E+06
 N =  930  EMAX = 1.24E-02 FOR NH3     AT Z = 2.22E+06 U = 2.28E-20 RHS = 2.83E-22  DT = 8.62E+02  TIME = 1.05E+06
 N =  931  EMAX = 1.49E-02 FOR NH3     AT Z = 2.22E+06 U = 2.31E-20 RHS = 3.44E-22  DT = 1.03E+03  TIME = 1.05E+06
 N =  932  EMAX = 1.80E-02 FOR NH3     AT Z = 2.22E+06 U = 2.34E-20 RHS = 4.20E-22  DT = 1.24E+03  TIME = 1.05E+06
 N =  933  EMAX = 2.16E-02 FOR NH3     AT Z = 2.22E+06 U = 2.38E-20 RHS = 5.14E-22  DT = 1.49E+03  TIME = 1.05E+06
 N =  934  EMAX = 2.60E-02 FOR NH3     AT Z = 2.22E+06 U = 2.43E-20 RHS = 6.32E-22  DT = 1.79E+03  TIME = 1.05E+06
 N =  935  EMAX = 3.13E-02 FOR NH3     AT Z = 2.22E+06 U = 2.50E-20 RHS = 7.80E-22  DT = 2.15E+03  TIME = 1.06E+06
 N =  936  EMAX = 3.76E-02 FOR NH3     AT Z = 2.22E+06 U = 2.57E-20 RHS = 9.69E-22  DT = 2.58E+03  TIME = 1.06E+06
 N =  937  EMAX = 4.53E-02 FOR NH3     AT Z = 2.22E+06 U = 2.67E-20 RHS = 1.21E-21  DT = 3.09E+03  TIME = 1.06E+06
 N =  938  EMAX = 5.47E-02 FOR NH3     AT Z = 2.22E+06 U = 2.79E-20 RHS = 1.53E-21  DT = 3.71E+03  TIME = 1.06E+06
 N =  939  EMAX = 6.60E-02 FOR NH3     AT Z = 2.22E+06 U = 2.95E-20 RHS = 1.94E-21  DT = 4.45E+03  TIME = 1.07E+06
 N =  940  EMAX = 7.98E-02 FOR NH3     AT Z = 2.22E+06 U = 3.14E-20 RHS = 2.50E-21  DT = 4.89E+03  TIME = 1.07E+06
 N =  941  EMAX = 8.78E-02 FOR NH3     AT Z = 2.22E+06 U = 3.39E-20 RHS = 2.98E-21  DT = 5.38E+03  TIME = 1.08E+06
 N =  942  EMAX = 9.67E-02 FOR NH3     AT Z = 2.22E+06 U = 3.69E-20 RHS = 3.57E-21  DT = 5.92E+03  TIME = 1.08E+06
 N =  943  EMAX = 1.07E-01 FOR NH3     AT Z = 2.22E+06 U = 4.04E-20 RHS = 4.31E-21  DT = 6.51E+03  TIME = 1.09E+06
 N =  944  EMAX = 1.17E-01 FOR NH3     AT Z = 2.22E+06 U = 4.48E-20 RHS = 5.25E-21  DT = 7.17E+03  TIME = 1.09E+06
 N =  945  EMAX = 1.29E-01 FOR NH3     AT Z = 2.22E+06 U = 5.00E-20 RHS = 6.46E-21  DT = 7.88E+03  TIME = 1.10E+06
 N =  946  EMAX = 1.42E-01 FOR NH3     AT Z = 2.22E+06 U = 5.65E-20 RHS = 8.03E-21  DT = 8.67E+03  TIME = 1.11E+06
 N =  947  EMAX = 1.57E-01 FOR NH3     AT Z = 2.22E+06 U = 6.45E-20 RHS = 1.01E-20  DT = 8.67E+03  TIME = 1.12E+06
 N =  948  EMAX = 1.64E-01 FOR NH3     AT Z = 2.28E+06 U = 1.13E-20 RHS = 1.86E-21  DT = 8.67E+03  TIME = 1.13E+06
 N =  949  EMAX = 1.62E-01 FOR NH3     AT Z = 2.28E+06 U = 1.32E-20 RHS = 2.14E-21  DT = 8.67E+03  TIME = 1.14E+06
 N =  950  EMAX = 1.60E-01 FOR NH3     AT Z = 2.28E+06 U = 1.53E-20 RHS = 2.45E-21  DT = 8.67E+03  TIME = 1.14E+06
 N =  951  EMAX = 1.58E-01 FOR NH3     AT Z = 2.28E+06 U = 1.78E-20 RHS = 2.81E-21  DT = 8.67E+03  TIME = 1.15E+06
 N =  952  EMAX = 1.56E-01 FOR NH3     AT Z = 2.28E+06 U = 2.06E-20 RHS = 3.21E-21  DT = 8.67E+03  TIME = 1.16E+06
 N =  953  EMAX = 1.54E-01 FOR NH3     AT Z = 2.28E+06 U = 2.38E-20 RHS = 3.66E-21  DT = 8.67E+03  TIME = 1.17E+06
 N =  954  EMAX = 1.52E-01 FOR NH3     AT Z = 2.28E+06 U = 2.74E-20 RHS = 4.17E-21  DT = 8.67E+03  TIME = 1.18E+06
 N =  955  EMAX = 1.50E-01 FOR NH3     AT Z = 2.28E+06 U = 3.16E-20 RHS = 4.75E-21  DT = 8.67E+03  TIME = 1.19E+06
 N =  956  EMAX = 1.48E-01 FOR NH3     AT Z = 2.28E+06 U = 3.64E-20 RHS = 5.40E-21  DT = 9.54E+03  TIME = 1.20E+06
 N =  957  EMAX = 1.63E-01 FOR NH3     AT Z = 2.28E+06 U = 4.18E-20 RHS = 6.82E-21  DT = 9.54E+03  TIME = 1.21E+06
 N =  958  EMAX = 1.61E-01 FOR NH3     AT Z = 2.28E+06 U = 4.86E-20 RHS = 7.83E-21  DT = 9.54E+03  TIME = 1.22E+06
 N =  959  EMAX = 1.59E-01 FOR NH3     AT Z = 2.28E+06 U = 5.64E-20 RHS = 8.97E-21  DT = 9.54E+03  TIME = 1.23E+06
 N =  960  EMAX = 1.66E-01 FOR NH3     AT Z = 2.32E+06 U = 1.09E-20 RHS = 1.81E-21  DT = 9.54E+03  TIME = 1.23E+06
 N =  961  EMAX = 1.64E-01 FOR NH3     AT Z = 2.32E+06 U = 1.27E-20 RHS = 2.08E-21  DT = 9.54E+03  TIME = 1.24E+06
 N =  962  EMAX = 1.62E-01 FOR NH3     AT Z = 2.32E+06 U = 1.48E-20 RHS = 2.39E-21  DT = 9.54E+03  TIME = 1.25E+06
 N =  963  EMAX = 1.60E-01 FOR NH3     AT Z = 2.32E+06 U = 1.71E-20 RHS = 2.74E-21  DT = 9.54E+03  TIME = 1.26E+06
 N =  964  EMAX = 1.58E-01 FOR NH3     AT Z = 2.32E+06 U = 1.99E-20 RHS = 3.14E-21  DT = 9.54E+03  TIME = 1.27E+06
 N =  965  EMAX = 1.56E-01 FOR NH3     AT Z = 2.32E+06 U = 2.30E-20 RHS = 3.59E-21  DT = 9.54E+03  TIME = 1.28E+06
 N =  966  EMAX = 1.54E-01 FOR NH3     AT Z = 2.32E+06 U = 2.66E-20 RHS = 4.10E-21  DT = 9.54E+03  TIME = 1.29E+06
 N =  967  EMAX = 1.52E-01 FOR NH3     AT Z = 2.32E+06 U = 3.07E-20 RHS = 4.67E-21  DT = 9.54E+03  TIME = 1.30E+06
 N =  968  EMAX = 1.50E-01 FOR NH3     AT Z = 2.32E+06 U = 3.54E-20 RHS = 5.32E-21  DT = 9.54E+03  TIME = 1.31E+06
 N =  969  EMAX = 1.48E-01 FOR NH3     AT Z = 2.32E+06 U = 4.07E-20 RHS = 6.04E-21  DT = 1.05E+04  TIME = 1.32E+06
 N =  970  EMAX = 1.63E-01 FOR NH3     AT Z = 2.32E+06 U = 4.67E-20 RHS = 7.64E-21  DT = 1.05E+04  TIME = 1.33E+06
 N =  971  EMAX = 1.61E-01 FOR NH3     AT Z = 2.32E+06 U = 5.44E-20 RHS = 8.77E-21  DT = 1.05E+04  TIME = 1.34E+06
 N =  972  EMAX = 1.68E-01 FOR NH3     AT Z = 2.38E+06 U = 1.15E-20 RHS = 1.93E-21  DT = 1.05E+04  TIME = 1.35E+06
 N =  973  EMAX = 1.66E-01 FOR NH3     AT Z = 2.38E+06 U = 1.34E-20 RHS = 2.23E-21  DT = 1.05E+04  TIME = 1.36E+06
 N =  974  EMAX = 1.64E-01 FOR NH3     AT Z = 2.38E+06 U = 1.56E-20 RHS = 2.56E-21  DT = 1.05E+04  TIME = 1.37E+06
 N =  975  EMAX = 1.62E-01 FOR NH3     AT Z = 2.38E+06 U = 1.82E-20 RHS = 2.94E-21  DT = 1.05E+04  TIME = 1.38E+06
 N =  976  EMAX = 1.60E-01 FOR NH3     AT Z = 2.38E+06 U = 2.11E-20 RHS = 3.38E-21  DT = 1.05E+04  TIME = 1.39E+06
 N =  977  EMAX = 1.58E-01 FOR NH3     AT Z = 2.38E+06 U = 2.45E-20 RHS = 3.87E-21  DT = 1.05E+04  TIME = 1.40E+06
 N =  978  EMAX = 1.56E-01 FOR NH3     AT Z = 2.38E+06 U = 2.84E-20 RHS = 4.42E-21  DT = 1.05E+04  TIME = 1.41E+06
 N =  979  EMAX = 1.54E-01 FOR NH3     AT Z = 2.38E+06 U = 3.28E-20 RHS = 5.04E-21  DT = 1.05E+04  TIME = 1.43E+06
 N =  980  EMAX = 1.52E-01 FOR NH3     AT Z = 2.38E+06 U = 3.79E-20 RHS = 5.75E-21  DT = 1.05E+04  TIME = 1.44E+06
 N =  981  EMAX = 1.50E-01 FOR NH3     AT Z = 2.38E+06 U = 4.36E-20 RHS = 6.54E-21  DT = 1.15E+04  TIME = 1.45E+06
 N =  982  EMAX = 1.65E-01 FOR NH3     AT Z = 2.38E+06 U = 5.01E-20 RHS = 8.28E-21  DT = 1.15E+04  TIME = 1.46E+06
 N =  983  EMAX = 1.72E-01 FOR NH3     AT Z = 2.42E+06 U = 1.15E-20 RHS = 1.98E-21  DT = 1.15E+04  TIME = 1.47E+06
 N =  984  EMAX = 1.70E-01 FOR NH3     AT Z = 2.42E+06 U = 1.35E-20 RHS = 2.29E-21  DT = 1.15E+04  TIME = 1.48E+06
 N =  985  EMAX = 1.68E-01 FOR NH3     AT Z = 2.42E+06 U = 1.58E-20 RHS = 2.64E-21  DT = 1.15E+04  TIME = 1.49E+06
 N =  986  EMAX = 1.65E-01 FOR NH3     AT Z = 2.42E+06 U = 1.84E-20 RHS = 3.04E-21  DT = 1.15E+04  TIME = 1.50E+06
 N =  987  EMAX = 1.63E-01 FOR NH3     AT Z = 2.42E+06 U = 2.15E-20 RHS = 3.50E-21  DT = 1.15E+04  TIME = 1.52E+06
 N =  988  EMAX = 1.61E-01 FOR NH3     AT Z = 2.42E+06 U = 2.50E-20 RHS = 4.02E-21  DT = 1.15E+04  TIME = 1.53E+06
 N =  989  EMAX = 1.59E-01 FOR NH3     AT Z = 2.42E+06 U = 2.90E-20 RHS = 4.61E-21  DT = 1.15E+04  TIME = 1.54E+06
 N =  990  EMAX = 1.57E-01 FOR NH3     AT Z = 2.42E+06 U = 3.36E-20 RHS = 5.27E-21  DT = 1.15E+04  TIME = 1.55E+06
 N =  991  EMAX = 1.55E-01 FOR NH3     AT Z = 2.42E+06 U = 3.89E-20 RHS = 6.02E-21  DT = 1.15E+04  TIME = 1.56E+06
 N =  992  EMAX = 1.53E-01 FOR NH3     AT Z = 2.42E+06 U = 4.49E-20 RHS = 6.87E-21  DT = 1.15E+04  TIME = 1.57E+06
 N =  993  EMAX = 1.59E-01 FOR NH3     AT Z = 2.48E+06 U = 1.10E-20 RHS = 1.74E-21  DT = 1.15E+04  TIME = 1.58E+06
 N =  994  EMAX = 1.57E-01 FOR NH3     AT Z = 2.48E+06 U = 1.27E-20 RHS = 2.00E-21  DT = 1.15E+04  TIME = 1.60E+06
 N =  995  EMAX = 1.55E-01 FOR NH3     AT Z = 2.48E+06 U = 1.47E-20 RHS = 2.28E-21  DT = 1.15E+04  TIME = 1.61E+06
 N =  996  EMAX = 1.53E-01 FOR NH3     AT Z = 2.48E+06 U = 1.70E-20 RHS = 2.61E-21  DT = 1.15E+04  TIME = 1.62E+06
 N =  997  EMAX = 1.52E-01 FOR NH3     AT Z = 2.48E+06 U = 1.96E-20 RHS = 2.97E-21  DT = 1.15E+04  TIME = 1.63E+06
 N =  998  EMAX = 1.50E-01 FOR NH3     AT Z = 2.48E+06 U = 2.26E-20 RHS = 3.38E-21  DT = 1.27E+04  TIME = 1.64E+06
 N =  999  EMAX = 1.65E-01 FOR NH3     AT Z = 2.48E+06 U = 2.59E-20 RHS = 4.28E-21  DT = 1.27E+04  TIME = 1.66E+06


 PHOTOLYSIS RATES

     Z      PO2_O1D    PO2_O3P    PH2O_1     PH2O_2     PH2O_3     PO3_O1D    PO3_O      PO3_3O     
 2.50E+04   0.00E+00   5.25E-36   9.88E-38   0.00E+00   0.00E+00   7.59E-06   2.07E-04   3.30E-42
 1.75E+05   0.00E+00   7.46E-33   3.26E-34   0.00E+00   0.00E+00   8.86E-06   2.14E-04   1.59E-35
 3.25E+05   0.00E+00   6.36E-30   5.83E-31   0.00E+00   0.00E+00   1.00E-05   2.20E-04   1.88E-30
 4.75E+05   0.00E+00   2.76E-27   5.27E-28   0.00E+00   0.00E+00   1.10E-05   2.26E-04   1.55E-26
 6.25E+05   0.00E+00   6.09E-25   2.28E-25   0.00E+00   0.00E+00   1.19E-05   2.32E-04   2.01E-23
 7.75E+05   0.00E+00   7.10E-23   4.51E-23   0.00E+00   0.00E+00   1.28E-05   2.36E-04   7.21E-21
 9.25E+05   0.00E+00   4.57E-21   4.26E-21   0.00E+00   0.00E+00   1.36E-05   2.41E-04   1.00E-18
 1.08E+06   0.00E+00   1.67E-19   2.06E-19   0.00E+00   0.00E+00   1.45E-05   2.45E-04   6.44E-17
 1.22E+06   0.00E+00   3.59E-18   5.41E-18   0.00E+00   0.00E+00   1.54E-05   2.49E-04   2.12E-15
 1.38E+06   0.00E+00   4.68E-17   8.21E-17   0.00E+00   0.00E+00   1.62E-05   2.52E-04   3.83E-14
 1.52E+06   0.00E+00   3.93E-16   7.76E-16   0.00E+00   0.00E+00   1.71E-05   2.55E-04   4.15E-13
 1.68E+06   0.00E+00   2.27E-15   4.92E-15   0.00E+00   0.00E+00   1.80E-05   2.57E-04   2.93E-12
 1.82E+06   0.00E+00   9.64E-15   2.26E-14   0.00E+00   0.00E+00   1.90E-05   2.59E-04   1.46E-11
 1.98E+06   0.00E+00   3.31E-14   8.15E-14   0.00E+00   0.00E+00   2.04E-05   2.61E-04   5.63E-11
 2.12E+06   0.00E+00   9.98E-14   2.52E-13   0.00E+00   0.00E+00   2.26E-05   2.63E-04   1.83E-10
 2.28E+06   0.00E+00   2.72E-13   6.97E-13   0.00E+00   0.00E+00   2.59E-05   2.65E-04   5.23E-10
 2.42E+06   0.00E+00   6.78E-13   1.76E-12   0.00E+00   0.00E+00   3.08E-05   2.67E-04   1.34E-09
 2.58E+06   0.00E+00   1.55E-12   4.08E-12   0.00E+00   0.00E+00   3.76E-05   2.70E-04   3.10E-09
 2.72E+06   0.00E+00   3.28E-12   8.82E-12   0.00E+00   0.00E+00   4.73E-05   2.73E-04   6.52E-09
 2.88E+06   0.00E+00   6.43E-12   1.76E-11   0.00E+00   0.00E+00   6.09E-05   2.76E-04   1.25E-08
 3.02E+06   1.60-172   1.17E-11   3.26E-11   7.27-170   1.09-169   7.99E-05   2.79E-04   2.21E-08
 3.18E+06   3.09-141   1.98E-11   5.59E-11   1.40-138   2.10-138   1.06E-04   2.84E-04   3.59E-08
 3.32E+06   2.21-116   3.16E-11   8.94E-11   1.00-113   1.50-113   1.42E-04   2.89E-04   5.40E-08
 3.48E+06   1.17E-96   4.74E-11   1.35E-10   5.31E-94   7.96E-94   1.88E-04   2.95E-04   7.62E-08
 3.62E+06   5.43E-81   6.76E-11   1.97E-10   2.46E-78   3.69E-78   2.49E-04   3.03E-04   1.02E-07
 3.78E+06   1.62E-68   9.22E-11   2.80E-10   7.34E-66   1.10E-65   3.28E-04   3.12E-04   1.30E-07
 3.92E+06   1.51E-58   1.21E-10   3.93E-10   6.85E-56   1.03E-55   4.36E-04   3.25E-04   1.61E-07
 4.08E+06   1.50E-50   1.54E-10   5.40E-10   6.79E-48   1.02E-47   5.91E-04   3.42E-04   1.93E-07
 4.22E+06   4.06E-44   1.89E-10   7.27E-10   1.84E-41   2.76E-41   8.15E-04   3.68E-04   2.26E-07
 4.38E+06   6.38E-39   2.25E-10   9.54E-10   2.89E-36   4.33E-36   1.12E-03   4.02E-04   2.60E-07
 4.52E+06   1.07E-34   2.60E-10   1.22E-09   4.86E-32   7.28E-32   1.49E-03   4.43E-04   2.93E-07
 4.68E+06   3.21E-31   2.92E-10   1.52E-09   1.45E-28   2.18E-28   1.88E-03   4.86E-04   3.25E-07
 4.82E+06   2.57E-28   3.21E-10   1.85E-09   1.17E-25   1.75E-25   2.26E-03   5.28E-04   3.56E-07
 4.98E+06   7.38E-26   3.48E-10   2.20E-09   3.34E-23   5.01E-23   2.58E-03   5.65E-04   3.85E-07
 5.12E+06   8.95E-24   3.73E-10   2.58E-09   4.06E-21   6.08E-21   2.86E-03   5.95E-04   4.14E-07
 5.28E+06   5.15E-22   3.96E-10   3.00E-09   2.33E-19   3.50E-19   3.08E-03   6.20E-04   4.41E-07
 5.42E+06   1.55E-20   4.20E-10   3.49E-09   7.02E-18   1.05E-17   3.25E-03   6.40E-04   4.68E-07
 5.58E+06   2.67E-19   4.45E-10   4.08E-09   1.21E-16   1.82E-16   3.38E-03   6.55E-04   4.93E-07
 5.72E+06   2.88E-18   4.73E-10   4.83E-09   1.30E-15   1.96E-15   3.49E-03   6.66E-04   5.19E-07
 5.88E+06   2.08E-17   5.05E-10   5.81E-09   9.43E-15   1.41E-14   3.56E-03   6.75E-04   5.43E-07
 6.02E+06   1.08E-16   5.42E-10   7.05E-09   4.88E-14   7.32E-14   3.62E-03   6.82E-04   5.68E-07
 6.18E+06   4.21E-16   5.83E-10   8.58E-09   1.91E-13   2.86E-13   3.66E-03   6.87E-04   5.92E-07
 6.32E+06   1.30E-15   6.29E-10   1.04E-08   5.89E-13   8.83E-13   3.70E-03   6.91E-04   6.17E-07
 6.48E+06   3.48E-15   6.82E-10   1.25E-08   1.53E-12   2.29E-12   3.72E-03   6.94E-04   6.40E-07
 6.62E+06   1.10E-14   7.42E-10   1.48E-08   3.98E-12   5.98E-12   3.74E-03   6.96E-04   6.63E-07
 6.78E+06   5.91E-14   8.13E-10   1.75E-08   1.52E-11   2.28E-11   3.75E-03   6.98E-04   6.86E-07
 6.92E+06   3.63E-13   8.99E-10   2.09E-08   7.82E-11   1.17E-10   3.76E-03   6.99E-04   7.09E-07
 7.08E+06   1.79E-12   1.00E-09   2.66E-08   3.65E-10   5.48E-10   3.76E-03   7.00E-04   7.35E-07
 7.22E+06   6.80E-12   1.14E-09   3.82E-08   1.35E-09   2.03E-09   3.77E-03   7.00E-04   7.70E-07
 7.38E+06   2.04E-11   1.32E-09   6.33E-08   3.98E-09   5.97E-09   3.77E-03   7.01E-04   8.28E-07
 7.52E+06   4.98E-11   1.58E-09   1.12E-07   9.59E-09   1.44E-08   3.77E-03   7.01E-04   9.27E-07
 7.68E+06   1.03E-10   1.95E-09   1.96E-07   1.95E-08   2.93E-08   3.77E-03   7.01E-04   1.09E-06
 7.82E+06   1.85E-10   2.48E-09   3.21E-07   3.46E-08   5.20E-08   3.77E-03   7.01E-04   1.32E-06
 7.98E+06   2.95E-10   3.23E-09   4.85E-07   5.46E-08   8.19E-08   3.77E-03   7.01E-04   1.62E-06
 8.12E+06   4.27E-10   4.22E-09   6.81E-07   7.83E-08   1.18E-07   3.77E-03   7.01E-04   1.97E-06
 8.28E+06   5.74E-10   5.50E-09   8.95E-07   1.04E-07   1.56E-07   3.77E-03   7.01E-04   2.35E-06
 8.42E+06   7.31E-10   7.13E-09   1.12E-06   1.30E-07   1.95E-07   3.78E-03   7.01E-04   2.73E-06
 8.58E+06   9.16E-10   9.14E-09   1.34E-06   1.55E-07   2.33E-07   3.78E-03   7.02E-04   3.10E-06
 8.72E+06   1.18E-09   1.17E-08   1.55E-06   1.80E-07   2.69E-07   3.78E-03   7.02E-04   3.47E-06
 8.88E+06   1.59E-09   1.49E-08   1.77E-06   2.04E-07   3.05E-07   3.78E-03   7.02E-04   3.84E-06
 9.02E+06   2.25E-09   1.93E-08   2.01E-06   2.28E-07   3.42E-07   3.78E-03   7.02E-04   4.23E-06
 9.18E+06   3.42E-09   2.50E-08   2.27E-06   2.54E-07   3.80E-07   3.78E-03   7.02E-04   4.65E-06
 9.32E+06   6.00E-09   3.24E-08   2.55E-06   2.81E-07   4.20E-07   3.78E-03   7.02E-04   5.09E-06
 9.48E+06   1.28E-08   4.14E-08   2.87E-06   3.09E-07   4.59E-07   3.78E-03   7.02E-04   5.55E-06
 9.62E+06   3.15E-08   5.21E-08   3.25E-06   3.38E-07   4.99E-07   3.78E-03   7.02E-04   6.03E-06
 9.78E+06   8.61E-08   6.42E-08   3.76E-06   3.68E-07   5.37E-07   3.78E-03   7.02E-04   6.53E-06
 9.92E+06   3.19E-07   8.23E-08   4.63E-06   4.00E-07   5.74E-07   3.78E-03   7.02E-04   7.12E-06

     Z      PH2O2      PCO2_1     PCO2_2     PH2CO_1    PH2CO_2    PHO2       PCH4_1     PCH4_2     
 2.50E+04   2.04E-06   6.05E-47   0.00E+00   1.70E-05   1.00E-05   4.38E-30   0.00E+00   0.00E+00
 1.75E+05   2.31E-06   3.34E-40   0.00E+00   1.95E-05   1.17E-05   6.04E-27   0.00E+00   0.00E+00
 3.25E+05   2.54E-06   4.01E-35   0.00E+00   2.18E-05   1.32E-05   5.03E-24   0.00E+00   0.00E+00
 4.75E+05   2.73E-06   3.31E-31   0.00E+00   2.38E-05   1.46E-05   2.14E-21   0.00E+00   0.00E+00
 6.25E+05   2.88E-06   4.22E-28   0.00E+00   2.56E-05   1.59E-05   4.63E-19   0.00E+00   0.00E+00
 7.75E+05   3.00E-06   1.48E-25   0.00E+00   2.73E-05   1.71E-05   5.30E-17   0.00E+00   0.00E+00
 9.25E+05   3.11E-06   2.02E-23   0.00E+00   2.88E-05   1.81E-05   3.34E-15   0.00E+00   0.00E+00
 1.08E+06   3.20E-06   1.27E-21   0.00E+00   3.01E-05   1.91E-05   1.20E-13   0.00E+00   0.00E+00
 1.22E+06   3.30E-06   4.13E-20   0.00E+00   3.13E-05   2.00E-05   2.55E-12   0.00E+00   0.00E+00
 1.38E+06   3.40E-06   7.43E-19   0.00E+00   3.23E-05   2.08E-05   3.30E-11   0.00E+00   0.00E+00
 1.52E+06   3.49E-06   8.05E-18   0.00E+00   3.31E-05   2.15E-05   2.74E-10   0.00E+00   0.00E+00
 1.68E+06   3.57E-06   5.69E-17   0.00E+00   3.38E-05   2.21E-05   1.57E-09   0.00E+00   0.00E+00
 1.82E+06   3.67E-06   2.84E-16   0.00E+00   3.45E-05   2.26E-05   6.65E-09   0.00E+00   0.00E+00
 1.98E+06   3.77E-06   1.09E-15   0.00E+00   3.50E-05   2.32E-05   2.27E-08   0.00E+00   0.00E+00
 2.12E+06   3.90E-06   3.56E-15   0.00E+00   3.55E-05   2.38E-05   6.81E-08   0.00E+00   0.00E+00
 2.28E+06   4.07E-06   1.03E-14   0.00E+00   3.61E-05   2.46E-05   1.85E-07   0.00E+00   0.00E+00
 2.42E+06   4.28E-06   2.71E-14   0.00E+00   3.66E-05   2.56E-05   4.58E-07   0.00E+00   0.00E+00
 2.58E+06   4.55E-06   6.62E-14   0.00E+00   3.72E-05   2.67E-05   1.05E-06   0.00E+00   0.00E+00
 2.72E+06   4.93E-06   1.50E-13   0.00E+00   3.78E-05   2.79E-05   2.21E-06   0.00E+00   0.00E+00
 2.88E+06   5.44E-06   3.13E-13   0.00E+00   3.84E-05   2.93E-05   4.32E-06   0.00E+00   0.00E+00
 3.02E+06   6.14E-06   6.00E-13   3.23-171   3.91E-05   3.09E-05   7.87E-06   2.62-169   5.09-169
 3.18E+06   7.07E-06   1.06E-12   6.21-140   3.98E-05   3.26E-05   1.34E-05   5.04-138   9.79-138
 3.32E+06   8.27E-06   1.71E-12   4.44-115   4.05E-05   3.43E-05   2.14E-05   3.61-113   7.00-113
 3.48E+06   9.78E-06   2.60E-12   2.36E-95   4.12E-05   3.61E-05   3.24E-05   1.91E-93   3.71E-93
 3.62E+06   1.16E-05   3.74E-12   1.09E-79   4.18E-05   3.78E-05   4.63E-05   8.87E-78   1.72E-77
 3.78E+06   1.37E-05   5.17E-12   3.26E-67   4.25E-05   3.94E-05   6.35E-05   2.65E-65   5.14E-65
 3.92E+06   1.62E-05   6.92E-12   3.04E-57   4.31E-05   4.10E-05   8.38E-05   2.47E-55   4.80E-55
 4.08E+06   1.91E-05   9.02E-12   3.01E-49   4.37E-05   4.25E-05   1.07E-04   2.45E-47   4.75E-47
 4.22E+06   2.24E-05   1.15E-11   8.16E-43   4.43E-05   4.38E-05   1.32E-04   6.63E-41   1.29E-40
 4.38E+06   2.62E-05   1.43E-11   1.28E-37   4.49E-05   4.49E-05   1.58E-04   1.04E-35   2.02E-35
 4.52E+06   3.02E-05   1.73E-11   2.16E-33   4.54E-05   4.59E-05   1.83E-04   1.75E-31   3.40E-31
 4.68E+06   3.40E-05   2.06E-11   6.45E-30   4.58E-05   4.67E-05   2.06E-04   5.24E-28   1.02E-27
 4.82E+06   3.75E-05   2.41E-11   5.18E-27   4.62E-05   4.73E-05   2.26E-04   4.20E-25   8.16E-25
 4.98E+06   4.05E-05   2.78E-11   1.48E-24   4.64E-05   4.78E-05   2.42E-04   1.20E-22   2.34E-22
 5.12E+06   4.29E-05   3.15E-11   1.80E-22   4.67E-05   4.81E-05   2.54E-04   1.46E-20   2.84E-20
 5.28E+06   4.48E-05   3.54E-11   1.04E-20   4.69E-05   4.84E-05   2.64E-04   8.41E-19   1.63E-18
 5.42E+06   4.63E-05   3.96E-11   3.11E-19   4.70E-05   4.86E-05   2.72E-04   2.53E-17   4.91E-17
 5.58E+06   4.75E-05   4.40E-11   5.38E-18   4.71E-05   4.88E-05   2.79E-04   4.37E-16   8.47E-16
 5.72E+06   4.84E-05   4.89E-11   5.79E-17   4.72E-05   4.89E-05   2.83E-04   4.70E-15   9.12E-15
 5.88E+06   4.90E-05   5.44E-11   4.18E-16   4.72E-05   4.90E-05   2.87E-04   3.40E-14   6.60E-14
 6.02E+06   4.95E-05   6.07E-11   2.17E-15   4.73E-05   4.91E-05   2.90E-04   1.76E-13   3.41E-13
 6.18E+06   4.99E-05   6.77E-11   8.46E-15   4.73E-05   4.91E-05   2.93E-04   6.87E-13   1.33E-12
 6.32E+06   5.01E-05   7.54E-11   2.61E-14   4.73E-05   4.91E-05   2.94E-04   2.12E-12   4.12E-12
 6.48E+06   5.03E-05   8.38E-11   6.81E-14   4.73E-05   4.92E-05   2.96E-04   5.54E-12   1.06E-11
 6.62E+06   5.05E-05   9.28E-11   1.83E-13   4.74E-05   4.92E-05   2.97E-04   1.51E-11   2.62E-11
 6.78E+06   5.06E-05   1.02E-10   7.45E-13   4.74E-05   4.92E-05   2.98E-04   6.30E-11   8.68E-11
 6.92E+06   5.07E-05   1.13E-10   4.00E-12   4.74E-05   4.92E-05   2.99E-04   3.43E-10   4.04E-10
 7.08E+06   5.08E-05   1.24E-10   1.89E-11   4.74E-05   4.92E-05   3.00E-04   1.63E-09   1.82E-09
 7.22E+06   5.08E-05   1.37E-10   7.02E-11   4.74E-05   4.92E-05   3.00E-04   6.04E-09   6.64E-09
 7.38E+06   5.09E-05   1.52E-10   2.07E-10   4.74E-05   4.92E-05   3.01E-04   1.78E-08   1.94E-08
 7.52E+06   5.10E-05   1.69E-10   4.98E-10   4.74E-05   4.93E-05   3.01E-04   4.28E-08   4.66E-08
 7.68E+06   5.11E-05   1.90E-10   1.01E-09   4.75E-05   4.93E-05   3.01E-04   8.71E-08   9.46E-08
 7.82E+06   5.12E-05   2.15E-10   1.80E-09   4.75E-05   4.94E-05   3.02E-04   1.54E-07   1.67E-07
 7.98E+06   5.14E-05   2.45E-10   2.83E-09   4.76E-05   4.94E-05   3.02E-04   2.43E-07   2.63E-07
 8.12E+06   5.17E-05   2.81E-10   4.06E-09   4.77E-05   4.95E-05   3.02E-04   3.48E-07   3.76E-07
 8.28E+06   5.19E-05   3.23E-10   5.39E-09   4.78E-05   4.96E-05   3.02E-04   4.61E-07   4.99E-07
 8.42E+06   5.22E-05   3.70E-10   6.74E-09   4.79E-05   4.97E-05   3.03E-04   5.76E-07   6.23E-07
 8.58E+06   5.25E-05   4.24E-10   8.06E-09   4.80E-05   4.98E-05   3.03E-04   6.88E-07   7.44E-07
 8.72E+06   5.27E-05   4.83E-10   9.35E-09   4.81E-05   4.99E-05   3.03E-04   7.98E-07   8.62E-07
 8.88E+06   5.30E-05   5.52E-10   1.07E-08   4.81E-05   5.00E-05   3.04E-04   9.09E-07   9.83E-07
 9.02E+06   5.33E-05   6.33E-10   1.21E-08   4.82E-05   5.01E-05   3.04E-04   1.03E-06   1.11E-06
 9.18E+06   5.36E-05   7.32E-10   1.38E-08   4.84E-05   5.02E-05   3.04E-04   1.15E-06   1.25E-06
 9.32E+06   5.39E-05   8.61E-10   1.58E-08   4.85E-05   5.04E-05   3.05E-04   1.29E-06   1.39E-06
 9.48E+06   5.42E-05   1.06E-09   1.82E-08   4.88E-05   5.06E-05   3.05E-04   1.44E-06   1.55E-06
 9.62E+06   5.46E-05   1.42E-09   2.11E-08   4.91E-05   5.10E-05   3.05E-04   1.59E-06   1.71E-06
 9.78E+06   5.51E-05   2.18E-09   2.49E-08   4.97E-05   5.15E-05   3.05E-04   1.76E-06   1.88E-06
 9.92E+06   5.59E-05   3.80E-09   3.49E-08   5.04E-05   5.23E-05   3.06E-04   1.94E-06   2.06E-06

     Z      PCH4_3     PCH3_1     PC2H6_1    PC2H6_2    PHNO2_1    PHNO3      PHNO3_3    PHNO3_1    
 2.50E+04   0.00E+00   2.57E-30   0.00E+00   0.00E+00   5.50E-04   1.60E-07   5.12E-42   3.68E-42
 1.75E+05   0.00E+00   4.67E-27   0.00E+00   0.00E+00   6.12E-04   1.81E-07   2.92E-35   2.09E-35
 3.25E+05   0.00E+00   3.76E-24   0.00E+00   0.00E+00   6.66E-04   1.97E-07   3.49E-30   2.51E-30
 4.75E+05   0.00E+00   1.41E-21   0.00E+00   0.00E+00   7.15E-04   2.09E-07   2.86E-26   2.05E-26
 6.25E+05   0.00E+00   2.73E-19   0.00E+00   0.00E+00   7.59E-04   2.17E-07   3.60E-23   2.58E-23
 7.75E+05   0.00E+00   2.93E-17   0.00E+00   0.00E+00   7.98E-04   2.21E-07   1.26E-20   9.01E-21
 9.25E+05   0.00E+00   1.79E-15   0.00E+00   0.00E+00   8.33E-04   2.23E-07   1.70E-18   1.22E-18
 1.08E+06   0.00E+00   6.35E-14   0.00E+00   0.00E+00   8.64E-04   2.24E-07   1.08E-16   7.77E-17
 1.22E+06   0.00E+00   1.33E-12   0.00E+00   0.00E+00   8.90E-04   2.26E-07   3.59E-15   2.58E-15
 1.38E+06   0.00E+00   1.69E-11   0.00E+00   0.00E+00   9.13E-04   2.31E-07   6.65E-14   4.77E-14
 1.52E+06   0.00E+00   1.39E-10   0.00E+00   0.00E+00   9.31E-04   2.36E-07   7.45E-13   5.35E-13
 1.68E+06   0.00E+00   7.85E-10   0.00E+00   0.00E+00   9.47E-04   2.42E-07   5.45E-12   3.91E-12
 1.82E+06   0.00E+00   3.28E-09   0.00E+00   0.00E+00   9.60E-04   2.56E-07   2.81E-11   2.02E-11
 1.98E+06   0.00E+00   1.11E-08   0.00E+00   0.00E+00   9.70E-04   2.80E-07   1.12E-10   8.07E-11
 2.12E+06   0.00E+00   3.32E-08   0.00E+00   0.00E+00   9.78E-04   3.24E-07   3.80E-10   2.73E-10
 2.28E+06   0.00E+00   9.00E-08   0.00E+00   0.00E+00   9.85E-04   4.08E-07   1.15E-09   8.26E-10
 2.42E+06   0.00E+00   2.25E-07   0.00E+00   0.00E+00   9.91E-04   5.74E-07   3.23E-09   2.32E-09
 2.58E+06   0.00E+00   5.20E-07   0.00E+00   0.00E+00   9.96E-04   8.85E-07   8.47E-09   6.08E-09
 2.72E+06   0.00E+00   1.12E-06   0.00E+00   0.00E+00   1.00E-03   1.43E-06   2.07E-08   1.49E-08
 2.88E+06   0.00E+00   2.26E-06   0.00E+00   0.00E+00   1.00E-03   2.32E-06   4.64E-08   3.33E-08
 3.02E+06   7.85-169   4.26E-06   0.00E+00   0.00E+00   1.01E-03   3.65E-06   9.42E-08   6.76E-08
 3.18E+06   1.51-137   7.49E-06   0.00E+00   0.00E+00   1.01E-03   5.48E-06   1.73E-07   1.25E-07
 3.32E+06   1.08-112   1.22E-05   0.00E+00   0.00E+00   1.02E-03   7.82E-06   2.92E-07   2.10E-07
 3.48E+06   5.73E-93   1.84E-05   0.00E+00   0.00E+00   1.03E-03   1.06E-05   4.55E-07   3.27E-07
 3.62E+06   2.66E-77   2.57E-05   0.00E+00   0.00E+00   1.03E-03   1.37E-05   6.65E-07   4.78E-07
 3.78E+06   7.93E-65   3.36E-05   0.00E+00   0.00E+00   1.04E-03   1.70E-05   9.26E-07   6.64E-07
 3.92E+06   7.40E-55   4.17E-05   0.00E+00   0.00E+00   1.05E-03   2.04E-05   1.24E-06   8.87E-07
 4.08E+06   7.33E-47   4.94E-05   4.22-146   1.06-146   1.06E-03   2.39E-05   1.59E-06   1.14E-06
 4.22E+06   1.99E-40   5.63E-05   2.41-121   6.03-122   1.07E-03   2.74E-05   1.99E-06   1.43E-06
 4.38E+06   3.12E-35   6.23E-05   2.48-101   6.19-102   1.09E-03   3.09E-05   2.42E-06   1.74E-06
 4.52E+06   5.24E-31   6.72E-05   4.37E-85   1.09E-85   1.10E-03   3.42E-05   2.86E-06   2.06E-06
 4.68E+06   1.57E-27   7.11E-05   7.89E-72   1.97E-72   1.11E-03   3.72E-05   3.32E-06   2.38E-06
 4.82E+06   1.26E-24   7.41E-05   5.81E-61   1.45E-61   1.12E-03   3.98E-05   3.78E-06   2.71E-06
 4.98E+06   3.61E-22   7.65E-05   5.14E-52   1.28E-52   1.13E-03   4.20E-05   4.24E-06   3.04E-06
 5.12E+06   4.38E-20   7.83E-05   1.27E-44   3.18E-45   1.13E-03   4.38E-05   4.69E-06   3.37E-06
 5.28E+06   2.52E-18   7.97E-05   1.71E-38   4.29E-39   1.14E-03   4.52E-05   5.13E-06   3.68E-06
 5.42E+06   7.58E-17   8.08E-05   2.18E-33   5.45E-34   1.14E-03   4.64E-05   5.57E-06   4.00E-06
 5.58E+06   1.31E-15   8.16E-05   4.30E-29   1.08E-29   1.15E-03   4.73E-05   6.00E-06   4.31E-06
 5.72E+06   1.41E-14   8.23E-05   2.04E-25   5.11E-26   1.15E-03   4.80E-05   6.43E-06   4.62E-06
 5.88E+06   1.02E-13   8.28E-05   3.06E-22   7.64E-23   1.15E-03   4.86E-05   6.86E-06   4.92E-06
 6.02E+06   5.27E-13   8.33E-05   1.58E-19   3.94E-20   1.15E-03   4.90E-05   7.29E-06   5.23E-06
 6.18E+06   2.06E-12   8.36E-05   3.02E-17   7.56E-18   1.15E-03   4.93E-05   7.71E-06   5.54E-06
 6.32E+06   6.35E-12   8.39E-05   2.41E-15   6.02E-16   1.16E-03   4.95E-05   8.13E-06   5.84E-06
 6.48E+06   1.61E-11   8.41E-05   9.01E-14   2.25E-14   1.16E-03   4.97E-05   8.55E-06   6.14E-06
 6.62E+06   3.50E-11   8.42E-05   1.78E-12   4.45E-13   1.16E-03   4.99E-05   8.95E-06   6.43E-06
 6.78E+06   7.17E-11   8.44E-05   2.07E-11   5.18E-12   1.16E-03   5.00E-05   9.34E-06   6.71E-06
 6.92E+06   1.63E-10   8.45E-05   1.56E-10   3.89E-11   1.16E-03   5.01E-05   9.72E-06   6.98E-06
 7.08E+06   4.49E-10   8.45E-05   8.20E-10   2.05E-10   1.16E-03   5.01E-05   1.01E-05   7.25E-06
 7.22E+06   1.32E-09   8.46E-05   3.23E-09   8.08E-10   1.16E-03   5.02E-05   1.05E-05   7.51E-06
 7.38E+06   3.51E-09   8.47E-05   1.00E-08   2.50E-09   1.16E-03   5.03E-05   1.08E-05   7.77E-06
 7.52E+06   8.09E-09   8.47E-05   2.53E-08   6.34E-09   1.16E-03   5.04E-05   1.12E-05   8.05E-06
 7.68E+06   1.61E-08   8.47E-05   5.40E-08   1.35E-08   1.16E-03   5.06E-05   1.16E-05   8.34E-06
 7.82E+06   2.81E-08   8.47E-05   9.97E-08   2.49E-08   1.16E-03   5.08E-05   1.21E-05   8.66E-06
 7.98E+06   4.39E-08   8.48E-05   1.63E-07   4.06E-08   1.16E-03   5.12E-05   1.26E-05   9.02E-06
 8.12E+06   6.25E-08   8.48E-05   2.40E-07   5.99E-08   1.16E-03   5.16E-05   1.31E-05   9.40E-06
 8.28E+06   8.26E-08   8.48E-05   3.25E-07   8.13E-08   1.16E-03   5.21E-05   1.37E-05   9.80E-06
 8.42E+06   1.03E-07   8.48E-05   4.13E-07   1.03E-07   1.16E-03   5.27E-05   1.42E-05   1.02E-05
 8.58E+06   1.23E-07   8.48E-05   4.98E-07   1.25E-07   1.16E-03   5.32E-05   1.48E-05   1.06E-05
 8.72E+06   1.43E-07   8.48E-05   5.77E-07   1.44E-07   1.16E-03   5.38E-05   1.54E-05   1.11E-05
 8.88E+06   1.63E-07   8.48E-05   6.47E-07   1.62E-07   1.16E-03   5.43E-05   1.60E-05   1.15E-05
 9.02E+06   1.85E-07   8.48E-05   7.08E-07   1.77E-07   1.16E-03   5.48E-05   1.66E-05   1.19E-05
 9.18E+06   2.09E-07   8.48E-05   7.62E-07   1.91E-07   1.16E-03   5.52E-05   1.71E-05   1.23E-05
 9.32E+06   2.36E-07   8.48E-05   8.12E-07   2.03E-07   1.16E-03   5.56E-05   1.77E-05   1.27E-05
 9.48E+06   2.63E-07   8.48E-05   8.58E-07   2.15E-07   1.16E-03   5.60E-05   1.83E-05   1.32E-05
 9.62E+06   2.93E-07   8.48E-05   9.05E-07   2.26E-07   1.16E-03   5.65E-05   1.90E-05   1.36E-05
 9.78E+06   3.22E-07   8.48E-05   9.55E-07   2.39E-07   1.16E-03   5.71E-05   1.97E-05   1.42E-05
 9.92E+06   3.53E-07   8.48E-05   1.03E-06   2.58E-07   1.16E-03   5.79E-05   2.08E-05   1.49E-05

     Z      PNO        PNO2_O1D   PNO2       PSO        PH2S       PSO2       PSO2_SO21  PSO2_SO23  
 2.50E+04   0.00E+00   2.40E-31   3.64E-03   3.14E-30   2.75E-14   2.00E-30   3.77E-05   4.35E-07
 1.75E+05   0.00E+00   3.20E-28   4.00E-03   5.69E-27   3.38E-14   3.37E-27   4.49E-05   4.80E-07
 3.25E+05   0.00E+00   2.56E-25   4.31E-03   5.84E-24   3.99E-14   3.33E-24   5.14E-05   5.20E-07
 4.75E+05   0.00E+00   1.06E-22   4.60E-03   2.86E-21   4.60E-14   1.61E-21   5.75E-05   5.56E-07
 6.25E+05   0.00E+00   2.22E-20   4.85E-03   6.88E-19   5.23E-14   3.92E-19   6.33E-05   5.88E-07
 7.75E+05   4.79-161   2.47E-18   5.08E-03   8.55E-17   5.87E-14   4.97E-17   6.87E-05   6.17E-07
 9.25E+05   5.60-130   1.52E-16   5.28E-03   5.76E-15   6.78E-14   3.41E-15   7.39E-05   6.42E-07
 1.08E+06   2.05-105   5.38E-15   5.46E-03   2.18E-13   1.67E-13   1.31E-13   7.87E-05   6.64E-07
 1.22E+06   1.15E-85   1.12E-13   5.61E-03   4.79E-12   2.20E-12   2.92E-12   8.33E-05   6.83E-07
 1.38E+06   1.00E-69   1.43E-12   5.74E-03   6.35E-11   2.87E-11   3.90E-11   8.75E-05   6.99E-07
 1.52E+06   6.11E-57   1.18E-11   5.85E-03   5.38E-10   2.45E-10   3.33E-10   9.13E-05   7.13E-07
 1.68E+06   8.97E-47   6.71E-11   5.94E-03   3.13E-09   1.44E-09   1.94E-09   9.49E-05   7.24E-07
 1.82E+06   8.83E-39   2.82E-10   6.01E-03   1.34E-08   6.17E-09   8.32E-09   9.85E-05   7.33E-07
 1.98E+06   1.52E-32   9.62E-10   6.07E-03   4.59E-08   2.12E-08   2.86E-08   1.03E-04   7.40E-07
 2.12E+06   1.18E-27   2.89E-09   6.12E-03   1.37E-07   6.36E-08   8.53E-08   1.09E-04   7.45E-07
 2.28E+06   9.07E-24   7.85E-09   6.16E-03   3.70E-07   1.71E-07   2.29E-07   1.18E-04   7.50E-07
 2.42E+06   1.20E-20   1.96E-08   6.19E-03   9.08E-07   4.16E-07   5.58E-07   1.29E-04   7.53E-07
 2.58E+06   4.21E-18   4.51E-08   6.23E-03   2.04E-06   9.27E-07   1.24E-06   1.44E-04   7.56E-07
 2.72E+06   5.16E-16   9.63E-08   6.25E-03   4.19E-06   1.90E-06   2.54E-06   1.62E-04   7.58E-07
 2.88E+06   2.67E-14   1.91E-07   6.28E-03   7.96E-06   3.58E-06   4.79E-06   1.86E-04   7.60E-07
 3.02E+06   6.71E-13   3.54E-07   6.30E-03   1.40E-05   6.25E-06   8.35E-06   2.14E-04   7.61E-07
 3.18E+06   9.17E-12   6.14E-07   6.32E-03   2.27E-05   1.01E-05   1.35E-05   2.49E-04   7.62E-07
 3.32E+06   7.56E-11   1.00E-06   6.34E-03   3.43E-05   1.54E-05   2.04E-05   2.89E-04   7.63E-07
 3.48E+06   4.12E-10   1.54E-06   6.36E-03   4.86E-05   2.20E-05   2.88E-05   3.34E-04   7.64E-07
 3.62E+06   1.61E-09   2.25E-06   6.38E-03   6.48E-05   2.97E-05   3.85E-05   3.83E-04   7.65E-07
 3.78E+06   4.83E-09   3.13E-06   6.39E-03   8.23E-05   3.83E-05   4.90E-05   4.35E-04   7.65E-07
 3.92E+06   1.18E-08   4.19E-06   6.40E-03   1.00E-04   4.76E-05   5.98E-05   4.89E-04   7.65E-07
 4.08E+06   2.45E-08   5.39E-06   6.42E-03   1.18E-04   5.72E-05   7.04E-05   5.44E-04   7.66E-07
 4.22E+06   4.49E-08   6.67E-06   6.43E-03   1.34E-04   6.66E-05   8.03E-05   5.99E-04   7.66E-07
 4.38E+06   7.44E-08   7.97E-06   6.44E-03   1.49E-04   7.56E-05   8.92E-05   6.53E-04   7.66E-07
 4.52E+06   1.14E-07   9.18E-06   6.44E-03   1.61E-04   8.36E-05   9.69E-05   7.02E-04   7.66E-07
 4.68E+06   1.64E-07   1.02E-05   6.45E-03   1.72E-04   9.05E-05   1.03E-04   7.46E-04   7.66E-07
 4.82E+06   2.24E-07   1.11E-05   6.46E-03   1.80E-04   9.63E-05   1.08E-04   7.82E-04   7.66E-07
 4.98E+06   2.93E-07   1.19E-05   6.46E-03   1.87E-04   1.01E-04   1.13E-04   8.11E-04   7.66E-07
 5.12E+06   3.71E-07   1.24E-05   6.46E-03   1.93E-04   1.05E-04   1.16E-04   8.33E-04   7.66E-07
 5.28E+06   4.58E-07   1.29E-05   6.46E-03   1.98E-04   1.08E-04   1.19E-04   8.51E-04   7.66E-07
 5.42E+06   5.51E-07   1.32E-05   6.47E-03   2.01E-04   1.10E-04   1.21E-04   8.64E-04   7.66E-07
 5.58E+06   6.51E-07   1.35E-05   6.47E-03   2.04E-04   1.13E-04   1.23E-04   8.74E-04   7.66E-07
 5.72E+06   7.58E-07   1.37E-05   6.47E-03   2.07E-04   1.14E-04   1.25E-04   8.81E-04   7.66E-07
 5.88E+06   8.70E-07   1.39E-05   6.47E-03   2.09E-04   1.16E-04   1.26E-04   8.87E-04   7.67E-07
 6.02E+06   9.87E-07   1.41E-05   6.47E-03   2.11E-04   1.17E-04   1.28E-04   8.91E-04   7.67E-07
 6.18E+06   1.11E-06   1.42E-05   6.47E-03   2.13E-04   1.18E-04   1.29E-04   8.94E-04   7.67E-07
 6.32E+06   1.23E-06   1.43E-05   6.47E-03   2.14E-04   1.19E-04   1.30E-04   8.97E-04   7.67E-07
 6.48E+06   1.36E-06   1.44E-05   6.47E-03   2.15E-04   1.20E-04   1.30E-04   8.98E-04   7.67E-07
 6.62E+06   1.49E-06   1.45E-05   6.47E-03   2.17E-04   1.20E-04   1.31E-04   8.99E-04   7.67E-07
 6.78E+06   1.62E-06   1.46E-05   6.47E-03   2.17E-04   1.21E-04   1.32E-04   9.00E-04   7.67E-07
 6.92E+06   1.75E-06   1.46E-05   6.47E-03   2.18E-04   1.21E-04   1.32E-04   9.01E-04   7.67E-07
 7.08E+06   1.88E-06   1.47E-05   6.47E-03   2.19E-04   1.22E-04   1.33E-04   9.01E-04   7.67E-07
 7.22E+06   2.02E-06   1.48E-05   6.47E-03   2.19E-04   1.22E-04   1.33E-04   9.02E-04   7.67E-07
 7.38E+06   2.16E-06   1.48E-05   6.47E-03   2.20E-04   1.23E-04   1.34E-04   9.02E-04   7.67E-07
 7.52E+06   2.31E-06   1.49E-05   6.47E-03   2.20E-04   1.23E-04   1.34E-04   9.02E-04   7.67E-07
 7.68E+06   2.48E-06   1.51E-05   6.47E-03   2.21E-04   1.24E-04   1.35E-04   9.02E-04   7.67E-07
 7.82E+06   2.67E-06   1.52E-05   6.47E-03   2.21E-04   1.24E-04   1.36E-04   9.02E-04   7.67E-07
 7.98E+06   2.89E-06   1.54E-05   6.47E-03   2.21E-04   1.25E-04   1.37E-04   9.02E-04   7.67E-07
 8.12E+06   3.12E-06   1.57E-05   6.47E-03   2.22E-04   1.26E-04   1.37E-04   9.02E-04   7.67E-07
 8.28E+06   3.37E-06   1.59E-05   6.47E-03   2.22E-04   1.26E-04   1.38E-04   9.02E-04   7.67E-07
 8.42E+06   3.64E-06   1.62E-05   6.47E-03   2.22E-04   1.27E-04   1.39E-04   9.02E-04   7.67E-07
 8.58E+06   3.91E-06   1.64E-05   6.47E-03   2.22E-04   1.28E-04   1.40E-04   9.02E-04   7.67E-07
 8.72E+06   4.18E-06   1.67E-05   6.47E-03   2.22E-04   1.29E-04   1.41E-04   9.02E-04   7.67E-07
 8.88E+06   4.46E-06   1.69E-05   6.47E-03   2.23E-04   1.29E-04   1.42E-04   9.02E-04   7.67E-07
 9.02E+06   4.74E-06   1.72E-05   6.48E-03   2.23E-04   1.30E-04   1.43E-04   9.02E-04   7.67E-07
 9.18E+06   5.03E-06   1.75E-05   6.48E-03   2.23E-04   1.31E-04   1.44E-04   9.03E-04   7.67E-07
 9.32E+06   5.33E-06   1.79E-05   6.48E-03   2.23E-04   1.32E-04   1.45E-04   9.03E-04   7.67E-07
 9.48E+06   5.65E-06   1.82E-05   6.48E-03   2.23E-04   1.33E-04   1.46E-04   9.03E-04   7.67E-07
 9.62E+06   6.01E-06   1.87E-05   6.48E-03   2.23E-04   1.33E-04   1.47E-04   9.03E-04   7.67E-07
 9.78E+06   6.47E-06   1.92E-05   6.48E-03   2.23E-04   1.34E-04   1.48E-04   9.03E-04   7.67E-07
 9.92E+06   7.20E-06   2.02E-05   6.48E-03   2.23E-04   1.35E-04   1.49E-04   9.03E-04   7.67E-07

     Z      PH2SO4_1   PS2        PS4        PS3        PS8L       PS8R       PS8        PSO3       
 2.50E+04   3.37E-08   2.99E-05   1.17E-01   5.44E-01   0.00E+00   0.00E+00   8.15E-14   6.77E-08
 1.75E+05   3.42E-08   3.54E-05   1.21E-01   5.86E-01   0.00E+00   0.00E+00   1.15E-13   7.91E-08
 3.25E+05   3.46E-08   4.05E-05   1.25E-01   6.22E-01   0.00E+00   0.00E+00   1.58E-13   8.95E-08
 4.75E+05   3.49E-08   4.52E-05   1.28E-01   6.55E-01   0.00E+00   0.00E+00   2.11E-13   9.90E-08
 6.25E+05   3.53E-08   4.96E-05   1.31E-01   6.84E-01   0.00E+00   0.00E+00   2.79E-13   1.08E-07
 7.75E+05   3.56E-08   5.37E-05   1.34E-01   7.10E-01   0.00E+00   0.00E+00   3.65E-13   1.16E-07
 9.25E+05   3.58E-08   5.76E-05   1.36E-01   7.33E-01   0.00E+00   0.00E+00   4.76E-13   1.23E-07
 1.08E+06   3.61E-08   6.12E-05   1.38E-01   7.53E-01   0.00E+00   0.00E+00   6.20E-13   1.30E-07
 1.22E+06   3.63E-08   6.46E-05   1.40E-01   7.70E-01   0.00E+00   0.00E+00   8.12E-13   1.37E-07
 1.38E+06   3.65E-08   6.77E-05   1.42E-01   7.84E-01   0.00E+00   0.00E+00   1.07E-12   1.42E-07
 1.52E+06   3.67E-08   7.05E-05   1.43E-01   7.97E-01   0.00E+00   0.00E+00   1.40E-12   1.47E-07
 1.68E+06   3.68E-08   7.31E-05   1.44E-01   8.07E-01   0.00E+00   0.00E+00   1.85E-12   1.52E-07
 1.82E+06   3.70E-08   7.57E-05   1.45E-01   8.15E-01   0.00E+00   0.00E+00   2.44E-12   1.57E-07
 1.98E+06   3.71E-08   7.87E-05   1.46E-01   8.21E-01   0.00E+00   0.00E+00   3.24E-12   1.63E-07
 2.12E+06   3.71E-08   8.29E-05   1.46E-01   8.26E-01   0.00E+00   0.00E+00   4.28E-12   1.75E-07
 2.28E+06   3.72E-08   8.85E-05   1.47E-01   8.30E-01   0.00E+00   0.00E+00   5.66E-12   1.96E-07
 2.42E+06   3.72E-08   9.58E-05   1.47E-01   8.33E-01   0.00E+00   0.00E+00   7.51E-12   2.38E-07
 2.58E+06   3.73E-08   1.05E-04   1.47E-01   8.35E-01   0.00E+00   0.00E+00   9.99E-12   3.17E-07
 2.72E+06   3.73E-08   1.17E-04   1.48E-01   8.37E-01   0.00E+00   0.00E+00   1.33E-11   4.61E-07
 2.88E+06   3.74E-08   1.32E-04   1.48E-01   8.38E-01   0.00E+00   0.00E+00   1.78E-11   7.05E-07
 3.02E+06   3.74E-08   1.51E-04   1.48E-01   8.40E-01   0.00E+00   0.00E+00   2.40E-11   1.09E-06
 3.18E+06   3.74E-08   1.73E-04   1.48E-01   8.41E-01   0.00E+00   0.00E+00   3.23E-11   1.65E-06
 3.32E+06   3.74E-08   1.99E-04   1.49E-01   8.41E-01   0.00E+00   0.00E+00   4.38E-11   2.42E-06
 3.48E+06   3.75E-08   2.29E-04   1.49E-01   8.42E-01   0.00E+00   0.00E+00   5.93E-11   3.38E-06
 3.62E+06   3.75E-08   2.62E-04   1.49E-01   8.42E-01   0.00E+00   0.00E+00   8.01E-11   4.52E-06
 3.78E+06   3.75E-08   2.96E-04   1.49E-01   8.43E-01   0.00E+00   0.00E+00   1.08E-10   5.80E-06
 3.92E+06   3.75E-08   3.31E-04   1.49E-01   8.43E-01   0.00E+00   0.00E+00   1.45E-10   7.21E-06
 4.08E+06   3.75E-08   3.66E-04   1.49E-01   8.43E-01   0.00E+00   0.00E+00   1.94E-10   8.71E-06
 4.22E+06   3.75E-08   4.00E-04   1.49E-01   8.43E-01   0.00E+00   0.00E+00   2.59E-10   1.03E-05
 4.38E+06   3.75E-08   4.31E-04   1.49E-01   8.43E-01   0.00E+00   0.00E+00   3.45E-10   1.18E-05
 4.52E+06   3.75E-08   4.59E-04   1.49E-01   8.44E-01   0.00E+00   0.00E+00   4.55E-10   1.33E-05
 4.68E+06   3.75E-08   4.82E-04   1.49E-01   8.44E-01   0.00E+00   0.00E+00   5.92E-10   1.47E-05
 4.82E+06   3.75E-08   5.01E-04   1.49E-01   8.44E-01   0.00E+00   0.00E+00   7.60E-10   1.59E-05
 4.98E+06   3.75E-08   5.16E-04   1.49E-01   8.44E-01   0.00E+00   0.00E+00   9.62E-10   1.69E-05
 5.12E+06   3.75E-08   5.28E-04   1.49E-01   8.44E-01   0.00E+00   0.00E+00   1.20E-09   1.77E-05
 5.28E+06   3.75E-08   5.36E-04   1.49E-01   8.44E-01   0.00E+00   0.00E+00   1.49E-09   1.84E-05
 5.42E+06   3.75E-08   5.43E-04   1.49E-01   8.44E-01   0.00E+00   0.00E+00   1.84E-09   1.89E-05
 5.58E+06   3.75E-08   5.48E-04   1.49E-01   8.44E-01   0.00E+00   0.00E+00   2.25E-09   1.94E-05
 5.72E+06   3.75E-08   5.52E-04   1.49E-01   8.44E-01   0.00E+00   0.00E+00   2.75E-09   1.97E-05
 5.88E+06   3.75E-08   5.54E-04   1.49E-01   8.44E-01   0.00E+00   0.00E+00   3.36E-09   2.00E-05
 6.02E+06   3.75E-08   5.56E-04   1.49E-01   8.44E-01   0.00E+00   0.00E+00   4.11E-09   2.02E-05
 6.18E+06   3.75E-08   5.58E-04   1.49E-01   8.44E-01   0.00E+00   0.00E+00   5.02E-09   2.04E-05
 6.32E+06   3.75E-08   5.59E-04   1.49E-01   8.44E-01   0.00E+00   0.00E+00   6.15E-09   2.06E-05
 6.48E+06   3.75E-08   5.60E-04   1.49E-01   8.44E-01   0.00E+00   0.00E+00   7.56E-09   2.08E-05
 6.62E+06   3.76E-08   5.61E-04   1.49E-01   8.44E-01   0.00E+00   0.00E+00   9.31E-09   2.09E-05
 6.78E+06   3.81E-08   5.61E-04   1.49E-01   8.44E-01   0.00E+00   0.00E+00   1.15E-08   2.10E-05
 6.92E+06   4.08E-08   5.61E-04   1.49E-01   8.44E-01   0.00E+00   0.00E+00   1.43E-08   2.11E-05
 7.08E+06   5.38E-08   5.61E-04   1.49E-01   8.44E-01   0.00E+00   0.00E+00   1.78E-08   2.12E-05
 7.22E+06   9.82E-08   5.62E-04   1.49E-01   8.44E-01   0.00E+00   0.00E+00   2.22E-08   2.12E-05
 7.38E+06   2.16E-07   5.62E-04   1.49E-01   8.44E-01   0.00E+00   0.00E+00   2.79E-08   2.13E-05
 7.52E+06   4.67E-07   5.62E-04   1.49E-01   8.44E-01   0.00E+00   0.00E+00   3.53E-08   2.14E-05
 7.68E+06   9.09E-07   5.62E-04   1.49E-01   8.44E-01   0.00E+00   0.00E+00   4.47E-08   2.14E-05
 7.82E+06   1.58E-06   5.62E-04   1.49E-01   8.44E-01   0.00E+00   0.00E+00   5.69E-08   2.15E-05
 7.98E+06   2.46E-06   5.62E-04   1.49E-01   8.44E-01   0.00E+00   0.00E+00   7.26E-08   2.16E-05
 8.12E+06   3.50E-06   5.62E-04   1.49E-01   8.44E-01   0.00E+00   0.00E+00   9.29E-08   2.16E-05
 8.28E+06   4.62E-06   5.62E-04   1.49E-01   8.44E-01   0.00E+00   0.00E+00   1.19E-07   2.17E-05
 8.42E+06   5.76E-06   5.62E-04   1.49E-01   8.44E-01   0.00E+00   0.00E+00   1.53E-07   2.18E-05
 8.58E+06   6.87E-06   5.62E-04   1.49E-01   8.44E-01   0.00E+00   0.00E+00   1.96E-07   2.19E-05
 8.72E+06   7.95E-06   5.62E-04   1.49E-01   8.44E-01   0.00E+00   0.00E+00   2.50E-07   2.19E-05
 8.88E+06   9.05E-06   5.62E-04   1.49E-01   8.44E-01   0.00E+00   0.00E+00   3.19E-07   2.20E-05
 9.02E+06   1.02E-05   5.62E-04   1.49E-01   8.44E-01   0.00E+00   0.00E+00   4.06E-07   2.21E-05
 9.18E+06   1.15E-05   5.62E-04   1.49E-01   8.44E-01   0.00E+00   0.00E+00   5.14E-07   2.22E-05
 9.32E+06   1.28E-05   5.62E-04   1.49E-01   8.44E-01   0.00E+00   0.00E+00   6.51E-07   2.23E-05
 9.48E+06   1.42E-05   5.62E-04   1.49E-01   8.44E-01   0.00E+00   0.00E+00   8.24E-07   2.23E-05
 9.62E+06   1.56E-05   5.62E-04   1.49E-01   8.44E-01   0.00E+00   0.00E+00   1.04E-06   2.24E-05
 9.78E+06   1.70E-05   5.62E-04   1.49E-01   8.44E-01   0.00E+00   0.00E+00   1.32E-06   2.26E-05
 9.92E+06   1.84E-05   5.62E-04   1.49E-01   8.44E-01   0.00E+00   0.00E+00   1.66E-06   2.29E-05

     Z      PHSO       POCS       PNO3_NO    PNO3_NO2   PN2O       PHO2NO2_NO2PHO2NO2_NO3PN2O5_NO2  
 2.50E+04   4.38E-30   1.10E-11   1.08E-02   8.48E-02   1.63E-33   1.56E-06   3.90E-07   4.19E-10
 1.75E+05   6.04E-27   1.32E-11   1.10E-02   8.66E-02   3.22E-30   1.82E-06   4.56E-07   5.37E-10
 3.25E+05   5.03E-24   1.52E-11   1.13E-02   8.81E-02   3.60E-27   2.06E-06   5.16E-07   6.60E-10
 4.75E+05   2.14E-21   1.72E-11   1.14E-02   8.93E-02   1.95E-24   2.28E-06   5.70E-07   7.95E-10
 6.25E+05   4.63E-19   1.91E-11   1.16E-02   9.02E-02   5.34E-22   2.48E-06   6.21E-07   9.46E-10
 7.75E+05   5.30E-17   2.09E-11   1.18E-02   9.09E-02   7.54E-20   2.67E-06   6.68E-07   1.12E-09
 9.25E+05   3.34E-15   2.27E-11   1.19E-02   9.13E-02   5.62E-18   2.84E-06   7.11E-07   1.31E-09
 1.08E+06   1.20E-13   2.45E-11   1.21E-02   9.16E-02   2.29E-16   3.00E-06   7.51E-07   1.52E-09
 1.22E+06   2.55E-12   2.62E-11   1.23E-02   9.20E-02   5.31E-15   3.15E-06   7.87E-07   1.76E-09
 1.38E+06   3.30E-11   2.85E-11   1.24E-02   9.24E-02   7.34E-14   3.28E-06   8.20E-07   2.06E-09
 1.52E+06   2.74E-10   3.50E-11   1.25E-02   9.28E-02   6.44E-13   3.40E-06   8.50E-07   2.65E-09
 1.68E+06   1.57E-09   6.18E-11   1.26E-02   9.32E-02   3.85E-12   3.50E-06   8.76E-07   4.60E-09
 1.82E+06   6.65E-09   1.59E-10   1.26E-02   9.38E-02   1.70E-11   3.61E-06   9.02E-07   1.14E-08
 1.98E+06   2.27E-08   4.64E-10   1.27E-02   9.45E-02   6.02E-11   3.73E-06   9.32E-07   3.26E-08
 2.12E+06   6.81E-08   1.34E-09   1.27E-02   9.52E-02   1.83E-10   3.90E-06   9.76E-07   9.15E-08
 2.28E+06   1.85E-07   3.67E-09   1.27E-02   9.57E-02   4.96E-10   4.16E-06   1.04E-06   2.40E-07
 2.42E+06   4.58E-07   9.46E-09   1.28E-02   9.63E-02   1.21E-09   4.56E-06   1.15E-06   5.79E-07
 2.58E+06   1.05E-06   2.29E-08   1.28E-02   9.68E-02   2.69E-09   5.21E-06   1.31E-06   1.28E-06
 2.72E+06   2.21E-06   5.19E-08   1.28E-02   9.74E-02   5.46E-09   6.25E-06   1.59E-06   2.62E-06
 2.88E+06   4.32E-06   1.11E-07   1.29E-02   9.78E-02   1.02E-08   7.85E-06   2.01E-06   4.95E-06
 3.02E+06   7.87E-06   2.22E-07   1.29E-02   9.83E-02   1.75E-08   1.02E-05   2.65E-06   8.65E-06
 3.18E+06   1.34E-05   4.21E-07   1.29E-02   9.87E-02   2.78E-08   1.36E-05   3.55E-06   1.41E-05
 3.32E+06   2.14E-05   7.52E-07   1.29E-02   9.92E-02   4.13E-08   1.81E-05   4.76E-06   2.13E-05
 3.48E+06   3.24E-05   1.27E-06   1.29E-02   9.96E-02   5.76E-08   2.38E-05   6.28E-06   3.05E-05
 3.62E+06   4.63E-05   2.02E-06   1.29E-02   1.00E-01   7.64E-08   3.07E-05   8.11E-06   4.13E-05
 3.78E+06   6.35E-05   3.05E-06   1.29E-02   1.01E-01   9.68E-08   3.87E-05   1.02E-05   5.36E-05
 3.92E+06   8.38E-05   4.39E-06   1.29E-02   1.01E-01   1.18E-07   4.80E-05   1.27E-05   6.73E-05
 4.08E+06   1.07E-04   6.03E-06   1.29E-02   1.01E-01   1.41E-07   5.89E-05   1.56E-05   8.24E-05
 4.22E+06   1.32E-04   7.92E-06   1.29E-02   1.02E-01   1.63E-07   7.16E-05   1.89E-05   9.89E-05
 4.38E+06   1.58E-04   9.94E-06   1.29E-02   1.02E-01   1.84E-07   8.61E-05   2.27E-05   1.17E-04
 4.52E+06   1.83E-04   1.19E-05   1.29E-02   1.02E-01   2.04E-07   1.02E-04   2.67E-05   1.35E-04
 4.68E+06   2.06E-04   1.37E-05   1.29E-02   1.02E-01   2.21E-07   1.17E-04   3.07E-05   1.53E-04
 4.82E+06   2.26E-04   1.53E-05   1.29E-02   1.02E-01   2.36E-07   1.31E-04   3.44E-05   1.69E-04
 4.98E+06   2.42E-04   1.65E-05   1.29E-02   1.02E-01   2.50E-07   1.43E-04   3.76E-05   1.82E-04
 5.12E+06   2.54E-04   1.75E-05   1.29E-02   1.02E-01   2.61E-07   1.54E-04   4.02E-05   1.94E-04
 5.28E+06   2.64E-04   1.83E-05   1.29E-02   1.02E-01   2.70E-07   1.62E-04   4.23E-05   2.03E-04
 5.42E+06   2.72E-04   1.89E-05   1.29E-02   1.02E-01   2.78E-07   1.68E-04   4.40E-05   2.11E-04
 5.58E+06   2.79E-04   1.94E-05   1.29E-02   1.02E-01   2.85E-07   1.73E-04   4.54E-05   2.17E-04
 5.72E+06   2.83E-04   1.97E-05   1.29E-02   1.01E-01   2.91E-07   1.77E-04   4.64E-05   2.22E-04
 5.88E+06   2.87E-04   2.00E-05   1.29E-02   1.01E-01   2.95E-07   1.80E-04   4.73E-05   2.26E-04
 6.02E+06   2.90E-04   2.02E-05   1.30E-02   1.01E-01   2.99E-07   1.83E-04   4.80E-05   2.30E-04
 6.18E+06   2.93E-04   2.04E-05   1.30E-02   1.00E-01   3.03E-07   1.85E-04   4.85E-05   2.33E-04
 6.32E+06   2.94E-04   2.05E-05   1.30E-02   1.00E-01   3.06E-07   1.86E-04   4.89E-05   2.35E-04
 6.48E+06   2.96E-04   2.06E-05   1.30E-02   9.96E-02   3.09E-07   1.87E-04   4.93E-05   2.37E-04
 6.62E+06   2.97E-04   2.07E-05   1.30E-02   9.92E-02   3.12E-07   1.88E-04   4.96E-05   2.39E-04
 6.78E+06   2.98E-04   2.07E-05   1.30E-02   9.88E-02   3.15E-07   1.89E-04   4.98E-05   2.41E-04
 6.92E+06   2.99E-04   2.08E-05   1.30E-02   9.85E-02   3.18E-07   1.89E-04   5.00E-05   2.42E-04
 7.08E+06   3.00E-04   2.08E-05   1.31E-02   9.81E-02   3.21E-07   1.90E-04   5.01E-05   2.44E-04
 7.22E+06   3.00E-04   2.08E-05   1.31E-02   9.77E-02   3.25E-07   1.90E-04   5.02E-05   2.45E-04
 7.38E+06   3.01E-04   2.09E-05   1.31E-02   9.74E-02   3.32E-07   1.90E-04   5.03E-05   2.46E-04
 7.52E+06   3.01E-04   2.10E-05   1.31E-02   9.71E-02   3.45E-07   1.90E-04   5.03E-05   2.47E-04
 7.68E+06   3.01E-04   2.10E-05   1.32E-02   9.69E-02   3.66E-07   1.91E-04   5.04E-05   2.49E-04
 7.82E+06   3.02E-04   2.12E-05   1.32E-02   9.67E-02   3.96E-07   1.91E-04   5.04E-05   2.50E-04
 7.98E+06   3.02E-04   2.13E-05   1.32E-02   9.66E-02   4.36E-07   1.91E-04   5.05E-05   2.52E-04
 8.12E+06   3.02E-04   2.15E-05   1.32E-02   9.66E-02   4.84E-07   1.91E-04   5.05E-05   2.54E-04
 8.28E+06   3.02E-04   2.18E-05   1.32E-02   9.66E-02   5.36E-07   1.91E-04   5.05E-05   2.56E-04
 8.42E+06   3.03E-04   2.20E-05   1.32E-02   9.67E-02   5.90E-07   1.91E-04   5.05E-05   2.58E-04
 8.58E+06   3.03E-04   2.22E-05   1.32E-02   9.68E-02   6.45E-07   1.91E-04   5.05E-05   2.60E-04
 8.72E+06   3.03E-04   2.25E-05   1.32E-02   9.68E-02   7.00E-07   1.91E-04   5.06E-05   2.62E-04
 8.88E+06   3.04E-04   2.27E-05   1.32E-02   9.68E-02   7.58E-07   1.91E-04   5.06E-05   2.64E-04
 9.02E+06   3.04E-04   2.30E-05   1.32E-02   9.68E-02   8.25E-07   1.91E-04   5.06E-05   2.66E-04
 9.18E+06   3.04E-04   2.34E-05   1.32E-02   9.67E-02   9.10E-07   1.91E-04   5.06E-05   2.68E-04
 9.32E+06   3.05E-04   2.38E-05   1.32E-02   9.67E-02   1.02E-06   1.91E-04   5.06E-05   2.70E-04
 9.48E+06   3.05E-04   2.44E-05   1.32E-02   9.65E-02   1.18E-06   1.91E-04   5.06E-05   2.73E-04
 9.62E+06   3.05E-04   2.52E-05   1.32E-02   9.64E-02   1.38E-06   1.91E-04   5.06E-05   2.76E-04
 9.78E+06   3.05E-04   2.66E-05   1.32E-02   9.63E-02   1.63E-06   1.91E-04   5.06E-05   2.79E-04
 9.92E+06   3.06E-04   3.00E-05   1.32E-02   9.63E-02   1.97E-06   1.91E-04   5.06E-05   2.86E-04

     Z      PN2O5_NO   PCH3OOH    PCS2_CS    PCS2_CS2X  
 2.50E+04   1.03E-05   1.74E-06   5.73E-31   4.34E-05
 1.75E+05   1.19E-05   2.00E-06   2.20E-27   5.05E-05
 3.25E+05   1.32E-05   2.23E-06   4.05E-24   5.69E-05
 4.75E+05   1.45E-05   2.44E-06   3.42E-21   6.27E-05
 6.25E+05   1.56E-05   2.64E-06   1.36E-18   6.80E-05
 7.75E+05   1.66E-05   2.81E-06   2.53E-16   7.28E-05
 9.25E+05   1.76E-05   2.97E-06   2.30E-14   7.72E-05
 1.08E+06   1.84E-05   3.12E-06   1.07E-12   8.12E-05
 1.22E+06   1.92E-05   3.24E-06   2.71E-11   8.47E-05
 1.38E+06   1.99E-05   3.36E-06   3.97E-10   8.79E-05
 1.52E+06   2.05E-05   3.46E-06   3.61E-09   9.06E-05
 1.68E+06   2.10E-05   3.54E-06   2.21E-08   9.30E-05
 1.82E+06   2.14E-05   3.62E-06   9.78E-08   9.50E-05
 1.98E+06   2.19E-05   3.70E-06   3.43E-07   9.71E-05
 2.12E+06   2.24E-05   3.79E-06   1.03E-06   9.93E-05
 2.28E+06   2.31E-05   3.90E-06   2.77E-06   1.02E-04
 2.42E+06   2.38E-05   4.04E-06   6.66E-06   1.05E-04
 2.58E+06   2.47E-05   4.22E-06   1.45E-05   1.08E-04
 2.72E+06   2.58E-05   4.47E-06   2.88E-05   1.11E-04
 2.88E+06   2.71E-05   4.80E-06   5.22E-05   1.14E-04
 3.02E+06   2.86E-05   5.26E-06   8.69E-05   1.17E-04
 3.18E+06   3.03E-05   5.86E-06   1.34E-04   1.20E-04
 3.32E+06   3.22E-05   6.63E-06   1.91E-04   1.23E-04
 3.48E+06   3.43E-05   7.58E-06   2.57E-04   1.26E-04
 3.62E+06   3.66E-05   8.70E-06   3.27E-04   1.28E-04
 3.78E+06   3.90E-05   9.99E-06   3.99E-04   1.30E-04
 3.92E+06   4.16E-05   1.15E-05   4.71E-04   1.31E-04
 4.08E+06   4.43E-05   1.31E-05   5.40E-04   1.33E-04
 4.22E+06   4.72E-05   1.50E-05   6.04E-04   1.34E-04
 4.38E+06   5.02E-05   1.71E-05   6.63E-04   1.34E-04
 4.52E+06   5.33E-05   1.92E-05   7.16E-04   1.35E-04
 4.68E+06   5.61E-05   2.13E-05   7.63E-04   1.35E-04
 4.82E+06   5.86E-05   2.32E-05   8.04E-04   1.36E-04
 4.98E+06   6.06E-05   2.47E-05   8.41E-04   1.36E-04
 5.12E+06   6.22E-05   2.60E-05   8.73E-04   1.36E-04
 5.28E+06   6.35E-05   2.71E-05   9.01E-04   1.36E-04
 5.42E+06   6.45E-05   2.79E-05   9.26E-04   1.36E-04
 5.58E+06   6.53E-05   2.85E-05   9.48E-04   1.36E-04
 5.72E+06   6.59E-05   2.90E-05   9.67E-04   1.37E-04
 5.88E+06   6.63E-05   2.94E-05   9.84E-04   1.37E-04
 6.02E+06   6.66E-05   2.97E-05   9.99E-04   1.37E-04
 6.18E+06   6.69E-05   2.99E-05   1.01E-03   1.37E-04
 6.32E+06   6.70E-05   3.01E-05   1.02E-03   1.37E-04
 6.48E+06   6.72E-05   3.02E-05   1.04E-03   1.37E-04
 6.62E+06   6.73E-05   3.03E-05   1.04E-03   1.37E-04
 6.78E+06   6.73E-05   3.04E-05   1.05E-03   1.37E-04
 6.92E+06   6.74E-05   3.05E-05   1.06E-03   1.37E-04
 7.08E+06   6.74E-05   3.05E-05   1.07E-03   1.37E-04
 7.22E+06   6.74E-05   3.06E-05   1.07E-03   1.37E-04
 7.38E+06   6.74E-05   3.06E-05   1.07E-03   1.37E-04
 7.52E+06   6.75E-05   3.06E-05   1.08E-03   1.37E-04
 7.68E+06   6.75E-05   3.07E-05   1.08E-03   1.37E-04
 7.82E+06   6.75E-05   3.07E-05   1.09E-03   1.37E-04
 7.98E+06   6.75E-05   3.07E-05   1.09E-03   1.37E-04
 8.12E+06   6.75E-05   3.07E-05   1.09E-03   1.37E-04
 8.28E+06   6.75E-05   3.08E-05   1.09E-03   1.37E-04
 8.42E+06   6.75E-05   3.08E-05   1.10E-03   1.37E-04
 8.58E+06   6.75E-05   3.08E-05   1.10E-03   1.37E-04
 8.72E+06   6.75E-05   3.09E-05   1.10E-03   1.37E-04
 8.88E+06   6.75E-05   3.09E-05   1.10E-03   1.37E-04
 9.02E+06   6.75E-05   3.09E-05   1.11E-03   1.37E-04
 9.18E+06   6.75E-05   3.10E-05   1.11E-03   1.37E-04
 9.32E+06   6.75E-05   3.10E-05   1.11E-03   1.37E-04
 9.48E+06   6.75E-05   3.10E-05   1.11E-03   1.37E-04
 9.62E+06   6.75E-05   3.11E-05   1.11E-03   1.37E-04
 9.78E+06   6.75E-05   3.11E-05   1.11E-03   1.37E-04
 9.92E+06   6.75E-05   3.12E-05   1.11E-03   1.37E-04
 N = 1000  EMAX = 1.63E-01 FOR NH3     AT Z = 2.48E+06 U = 3.02E-20 RHS = 4.92E-21  DT = 1.27E+04  TIME = 1.67E+06

 TIME = 1.67E+06     TIMEY = 5.29E-02 YEARS

 NPHOT =  768

 MIXING RATIOS OF LONG-LIVED SPECIES


     Z        O        O2       H2O      H        OH       HO2      H2O2     H2       CO       HCO      H2CO     CH3O     CH2OH    CH3O2    CH3OOH   CH4      CH3      C2H6    
  2.50E+04 5.61E-17 2.13E-01 1.21E-02 5.11E-21 4.53E-14 1.00E-11 8.81E-10 5.00E-07 1.43E-07 9.97E-23 1.35E-10 3.62E-19 1.40E-27 5.56E-12 6.55E-10 8.08E-07 1.38E-21 3.84E-10
  7.50E+04 6.30E-17 2.13E-01 1.03E-02 5.53E-21 4.68E-14 1.03E-11 9.32E-10 5.12E-07 1.45E-07 1.06E-22 1.34E-10 3.97E-19 1.68E-27 5.14E-12 6.36E-10 8.48E-07 1.37E-21 3.71E-10
  1.25E+05 7.20E-17 2.12E-01 8.72E-03 6.06E-21 4.90E-14 1.06E-11 9.70E-10 5.24E-07 1.46E-07 1.11E-22 1.29E-10 4.38E-19 2.05E-27 4.76E-12 6.05E-10 8.92E-07 1.38E-21 3.58E-10
  1.75E+05 8.37E-17 2.12E-01 7.36E-03 6.70E-21 5.19E-14 1.09E-11 1.00E-09 5.38E-07 1.47E-07 1.15E-22 1.23E-10 4.85E-19 2.53E-27 4.44E-12 5.66E-10 9.37E-07 1.43E-21 3.46E-10
  3.75E+05 1.66E-16 2.12E-01 3.54E-03 1.03E-20 6.78E-14 1.15E-11 9.97E-10 5.93E-07 1.51E-07 1.34E-22 1.04E-10 7.34E-19 6.04E-27 3.39E-12 3.88E-10 1.13E-06 1.75E-21 3.08E-10
  5.75E+05 3.16E-16 2.11E-01 1.24E-03 1.35E-20 7.75E-14 1.03E-11 7.80E-10 6.42E-07 1.53E-07 1.31E-22 7.81E-11 9.47E-19 1.31E-26 2.19E-12 2.30E-10 1.29E-06 1.77E-21 2.86E-10
  7.75E+05 5.54E-16 2.11E-01 3.23E-04 1.29E-20 6.61E-14 7.97E-12 5.28E-10 6.81E-07 1.54E-07 8.52E-23 4.28E-11 7.85E-19 2.49E-26 1.28E-12 1.30E-10 1.43E-06 1.19E-21 2.74E-10
  9.75E+05 9.69E-16 2.11E-01 6.71E-05 1.36E-20 6.26E-14 5.66E-12 3.10E-10 7.13E-07 1.53E-07 5.73E-23 2.30E-11 7.20E-19 4.58E-26 6.14E-13 6.24E-11 1.54E-06 8.24E-22 2.66E-10
  1.18E+06 1.88E-15 2.10E-01 1.54E-05 2.03E-20 8.21E-14 3.41E-12 1.41E-10 7.41E-07 1.49E-07 5.05E-23 1.48E-11 8.36E-19 8.79E-26 2.24E-13 1.98E-11 1.64E-06 8.06E-22 2.59E-10
  1.38E+06 4.18E-15 2.10E-01 5.52E-06 2.86E-20 9.71E-14 1.91E-12 4.97E-11 7.61E-07 1.42E-07 4.36E-23 9.36E-12 8.59E-19 1.76E-25 9.10E-14 4.70E-12 1.71E-06 8.09E-22 2.51E-10
  1.58E+06 1.03E-14 2.10E-01 4.21E-06 4.34E-20 1.20E-13 1.32E-12 1.61E-11 7.73E-07 1.34E-07 4.44E-23 6.89E-12 9.84E-19 3.63E-25 5.31E-14 1.14E-12 1.74E-06 9.22E-22 2.42E-10
  1.78E+06 3.70E-14 2.10E-01 3.93E-06 7.44E-20 1.70E-13 1.06E-12 3.85E-12 7.77E-07 1.17E-07 6.35E-23 6.91E-12 1.44E-18 1.01E-24 4.22E-14 2.91E-13 1.75E-06 1.45E-21 2.22E-10
  1.98E+06 2.13E-13 2.10E-01 3.73E-06 1.16E-19 2.51E-13 1.09E-12 1.58E-12 7.71E-07 8.22E-08 1.26E-22 9.45E-12 2.59E-18 4.13E-24 4.58E-14 1.72E-13 1.71E-06 3.15E-21 1.74E-10
  2.18E+06 9.17E-13 2.10E-01 3.83E-06 1.94E-19 4.25E-13 1.83E-12 2.56E-12 7.57E-07 5.14E-08 2.83E-22 1.43E-11 5.21E-18 1.31E-23 6.59E-14 2.42E-13 1.63E-06 7.86E-21 1.17E-10
  2.38E+06 3.01E-12 2.10E-01 4.03E-06 3.86E-19 8.07E-13 3.45E-12 5.44E-12 7.39E-07 3.32E-08 6.54E-22 2.16E-11 1.07E-17 3.33E-23 9.84E-14 3.80E-13 1.54E-06 2.03E-20 7.40E-11
  2.58E+06 8.67E-12 2.10E-01 4.25E-06 9.38E-19 1.65E-12 6.62E-12 1.13E-11 7.16E-07 2.34E-08 1.55E-21 3.20E-11 2.24E-17 7.75E-23 1.46E-13 5.57E-13 1.43E-06 5.38E-20 4.31E-11
  2.78E+06 2.29E-11 2.10E-01 4.50E-06 2.75E-18 3.49E-12 1.23E-11 2.13E-11 6.90E-07 1.85E-08 3.69E-21 4.59E-11 4.63E-17 1.70E-22 2.13E-13 7.43E-13 1.32E-06 1.43E-19 2.27E-11
  2.98E+06 5.67E-11 2.10E-01 4.77E-06 9.48E-18 7.26E-12 2.13E-11 3.41E-11 6.58E-07 1.64E-08 8.46E-21 6.18E-11 9.18E-17 3.51E-22 3.03E-13 8.98E-13 1.20E-06 3.67E-19 1.07E-11
  3.18E+06 1.34E-10 2.10E-01 5.05E-06 3.70E-17 1.42E-11 3.38E-11 4.61E-11 6.22E-07 1.58E-08 1.80E-20 7.75E-11 1.70E-16 6.85E-22 4.25E-13 1.01E-12 1.08E-06 8.98E-19 4.55E-12
  3.38E+06 3.08E-10 2.10E-01 5.33E-06 1.57E-16 2.55E-11 4.92E-11 5.37E-11 5.82E-07 1.61E-08 3.52E-20 9.18E-11 2.91E-16 1.26E-21 5.96E-13 1.11E-12 9.54E-07 2.11E-18 1.74E-12
  3.58E+06 7.02E-10 2.10E-01 5.61E-06 6.89E-16 4.28E-11 6.63E-11 5.58E-11 5.40E-07 1.67E-08 6.36E-20 1.04E-10 4.62E-16 2.16E-21 8.40E-13 1.19E-12 8.33E-07 4.80E-18 6.15E-13
  3.78E+06 1.59E-09 2.10E-01 5.88E-06 3.08E-15 6.92E-11 8.46E-11 5.33E-11 4.98E-07 1.73E-08 1.09E-19 1.12E-10 6.99E-16 3.52E-21 1.20E-12 1.27E-12 7.18E-07 1.06E-17 2.01E-13
  3.98E+06 3.63E-09 2.10E-01 6.13E-06 1.42E-14 1.11E-10 1.04E-10 4.80E-11 4.57E-07 1.77E-08 1.82E-19 1.16E-10 1.04E-15 5.63E-21 1.74E-12 1.35E-12 6.11E-07 2.31E-17 6.07E-14
  4.18E+06 8.35E-09 2.10E-01 6.34E-06 6.63E-14 1.78E-10 1.26E-10 4.25E-11 4.21E-07 1.80E-08 3.00E-19 1.15E-10 1.52E-15 8.88E-21 2.61E-12 1.46E-12 5.15E-07 4.95E-17 1.68E-14
  4.38E+06 1.86E-08 2.10E-01 6.52E-06 2.86E-13 2.70E-10 1.53E-10 3.88E-11 3.94E-07 1.81E-08 4.64E-19 1.07E-10 2.13E-15 1.33E-20 3.86E-12 1.65E-12 4.33E-07 9.92E-17 4.36E-15
  4.58E+06 3.75E-08 2.10E-01 6.66E-06 1.01E-12 3.69E-10 1.82E-10 3.65E-11 3.79E-07 1.85E-08 6.32E-19 9.09E-11 2.70E-15 1.80E-20 5.36E-12 1.91E-12 3.68E-07 1.74E-16 1.13E-15
  4.78E+06 6.63E-08 2.10E-01 6.74E-06 2.80E-12 4.55E-10 2.09E-10 3.44E-11 3.81E-07 1.92E-08 7.58E-19 7.33E-11 3.12E-15 2.18E-20 6.94E-12 2.22E-12 3.19E-07 2.64E-16 3.16E-16
  4.98E+06 1.05E-07 2.10E-01 6.78E-06 6.51E-12 5.23E-10 2.32E-10 3.19E-11 3.99E-07 2.08E-08 8.33E-19 5.79E-11 3.39E-15 2.43E-20 8.55E-12 2.54E-12 2.82E-07 3.62E-16 1.00E-16
  5.18E+06 1.56E-07 2.10E-01 6.78E-06 1.35E-11 5.77E-10 2.51E-10 2.92E-11 4.35E-07 2.40E-08 8.68E-19 4.58E-11 3.56E-15 2.62E-20 1.02E-11 2.87E-12 2.56E-07 4.63E-16 3.73E-17
  5.38E+06 2.22E-07 2.10E-01 6.74E-06 2.61E-11 6.24E-10 2.68E-10 2.67E-11 4.89E-07 3.03E-08 8.76E-19 3.65E-11 3.69E-15 2.78E-20 1.20E-11 3.23E-12 2.37E-07 5.64E-16 1.63E-17
  5.58E+06 3.06E-07 2.10E-01 6.68E-06 4.84E-11 6.67E-10 2.85E-10 2.45E-11 5.61E-07 4.19E-08 8.66E-19 2.94E-11 3.80E-15 2.93E-20 1.39E-11 3.60E-12 2.22E-07 6.61E-16 8.41E-18
  5.78E+06 4.16E-07 2.10E-01 6.58E-06 8.81E-11 7.12E-10 3.02E-10 2.26E-11 6.50E-07 6.23E-08 8.45E-19 2.40E-11 3.90E-15 3.09E-20 1.59E-11 3.98E-12 2.11E-07 7.55E-16 5.15E-18
  5.98E+06 5.58E-07 2.10E-01 6.47E-06 1.59E-10 7.62E-10 3.21E-10 2.12E-11 7.59E-07 9.58E-08 8.17E-19 1.97E-11 3.99E-15 3.26E-20 1.80E-11 4.38E-12 2.01E-07 8.42E-16 3.71E-18
  6.18E+06 7.41E-07 2.10E-01 6.32E-06 2.87E-10 8.19E-10 3.44E-10 2.01E-11 8.86E-07 1.48E-07 7.83E-19 1.63E-11 4.05E-15 3.41E-20 2.00E-11 4.75E-12 1.93E-07 9.20E-16 3.10E-18
  6.38E+06 9.77E-07 2.10E-01 6.16E-06 5.23E-10 8.88E-10 3.72E-10 1.95E-11 1.03E-06 2.24E-07 7.46E-19 1.35E-11 4.07E-15 3.53E-20 2.18E-11 5.04E-12 1.84E-07 9.87E-16 2.90E-18
  6.58E+06 1.29E-06 2.09E-01 5.96E-06 9.66E-10 9.70E-10 4.06E-10 1.91E-11 1.20E-06 3.33E-07 7.09E-19 1.11E-11 4.02E-15 3.61E-20 2.29E-11 5.17E-12 1.76E-07 1.04E-15 2.96E-18
  6.78E+06 1.70E-06 2.09E-01 5.74E-06 1.82E-09 1.07E-09 4.48E-10 1.90E-11 1.40E-06 4.80E-07 6.82E-19 9.14E-12 3.91E-15 3.65E-20 2.30E-11 5.13E-12 1.67E-07 1.07E-15 3.18E-18
  6.98E+06 2.24E-06 2.09E-01 5.49E-06 3.52E-09 1.21E-09 5.07E-10 1.99E-11 1.62E-06 6.73E-07 7.62E-19 8.10E-12 4.07E-15 3.62E-20 2.40E-11 5.52E-12 1.57E-07 1.14E-15 3.53E-18
  7.18E+06 2.81E-06 2.09E-01 5.21E-06 7.17E-09 1.46E-09 6.24E-10 2.47E-11 1.87E-06 9.24E-07 1.50E-18 1.01E-11 6.02E-15 3.34E-20 3.49E-11 8.65E-12 1.46E-07 1.71E-15 4.00E-18
  7.38E+06 3.27E-06 2.09E-01 4.87E-06 1.59E-08 2.03E-09 8.93E-10 3.93E-11 2.16E-06 1.25E-06 4.94E-18 2.03E-11 1.30E-14 2.77E-20 6.95E-11 1.85E-11 1.33E-07 4.89E-15 4.59E-18
  7.58E+06 3.85E-06 2.09E-01 4.47E-06 3.85E-08 3.03E-09 1.36E-09 6.68E-11 2.50E-06 1.68E-06 1.62E-17 4.58E-11 2.76E-14 2.21E-20 1.26E-10 3.60E-11 1.19E-07 1.56E-14 5.32E-18
  7.78E+06 5.13E-06 2.09E-01 3.99E-06 9.97E-08 4.30E-09 1.93E-09 9.81E-11 2.90E-06 2.28E-06 4.31E-17 8.86E-11 4.67E-14 1.90E-20 1.71E-10 5.07E-11 1.02E-07 3.64E-14 6.03E-18
  7.98E+06 8.58E-06 2.08E-01 3.39E-06 2.89E-07 5.51E-09 2.40E-09 1.02E-10 3.32E-06 3.09E-06 9.24E-17 1.33E-10 5.44E-14 1.88E-20 1.67E-10 4.70E-11 8.43E-08 5.30E-14 6.15E-18
  8.18E+06 3.97E-05 2.08E-01 2.69E-06 8.52E-07 3.10E-09 1.11E-09 3.17E-11 3.62E-06 4.20E-06 1.72E-16 1.15E-10 3.60E-14 3.74E-20 1.30E-10 2.18E-11 6.63E-08 2.21E-14 5.38E-18
  8.38E+06 2.45E-04 2.07E-01 1.98E-06 1.69E-06 1.32E-09 2.59E-10 3.58E-12 3.76E-06 5.60E-06 2.65E-16 4.17E-11 1.73E-14 9.60E-20 1.04E-10 5.71E-12 4.94E-08 5.31E-15 4.29E-18
  8.58E+06 1.04E-03 2.06E-01 1.37E-06 2.47E-06 7.22E-10 6.35E-11 2.58E-13 3.81E-06 7.28E-06 3.19E-16 1.29E-11 1.03E-14 1.90E-19 9.02E-11 1.19E-12 3.47E-08 1.58E-15 3.13E-18
  8.78E+06 3.24E-03 2.03E-01 8.82E-07 3.07E-06 4.36E-10 1.80E-11 1.24E-14 3.82E-06 9.19E-06 3.06E-16 4.65E-12 9.02E-15 2.91E-19 8.16E-11 2.25E-13 2.30E-08 5.74E-16 2.04E-18
  8.98E+06 7.90E-03 1.99E-01 5.37E-07 3.49E-06 2.64E-10 5.95E-12 4.23E-16 3.82E-06 1.13E-05 2.39E-16 1.98E-12 8.85E-15 3.53E-19 7.50E-11 4.29E-14 1.45E-08 2.44E-16 1.18E-18
  9.18E+06 1.59E-02 1.92E-01 3.11E-07 3.77E-06 1.57E-10 2.25E-12 1.62E-17 3.81E-06 1.33E-05 1.64E-16 9.94E-13 8.44E-15 3.59E-19 6.89E-11 9.03E-15 8.74E-09 1.18E-16 6.26E-19
  9.38E+06 2.75E-02 1.83E-01 1.74E-07 3.95E-06 9.08E-11 9.49E-13 1.28E-18 3.79E-06 1.52E-05 1.07E-16 5.70E-13 7.66E-15 3.30E-19 6.24E-11 2.20E-15 5.16E-09 6.34E-17 3.22E-19
  9.58E+06 4.24E-02 1.71E-01 9.82E-08 4.08E-06 5.08E-11 4.38E-13 1.79E-19 3.78E-06 1.67E-05 7.31E-17 3.75E-13 7.93E-15 3.45E-19 5.52E-11 6.17E-16 3.11E-09 3.89E-17 1.71E-19
  9.78E+06 5.92E-02 1.59E-01 6.01E-08 4.17E-06 2.75E-11 2.18E-13 3.28E-20 3.76E-06 1.78E-05 5.87E-17 3.02E-13 1.41E-14 6.20E-19 4.76E-11 1.95E-16 2.10E-09 2.94E-17 1.02E-19
  9.98E+06 7.47E-02 1.49E-01 4.86E-08 4.22E-06 1.46E-11 1.19E-13 8.69E-21 3.74E-06 1.82E-05 7.34E-17 3.98E-13 1.03E-13 5.16E-18 4.00E-11 8.46E-17 1.85E-09 3.73E-17 7.64E-20

 TP, TL
           2.29E+15 2.46E+15 3.82E+10 3.41E+12 4.10E+12 3.00E+12 8.17E+10 3.57E+10 7.55E+10 3.89E+10 7.45E+10 5.62E+10 2.45E+08 1.08E+11 6.46E+10 1.02E+02 7.15E+10 4.35E-03
           2.29E+15 2.46E+15 2.50E+10 3.41E+12 4.10E+12 3.00E+12 7.92E+10 3.82E+10 3.94E+11 3.89E+10 7.40E+10 5.62E+10 2.45E+08 1.08E+11 6.52E+10 6.70E+10 7.15E+10 9.66E+08

     Z        NO       NO2      HNO      H2S      HS       S        SO       SO2      H2SO4    HSO      S2       S4       S8       SO3      OCS      S3       O3       HNO3    
  2.50E+04 1.95E-12 6.62E-12 2.32E-14 9.92E-12 2.01E-15 6.90E-28 1.46E-19 1.18E-10 2.37E-11 9.74E-14 1.10E-17 1.58E-25 4.13E-31 1.88E-19 3.37E-10 4.28E-37 2.18E-08 4.17E-11
  7.50E+04 2.23E-12 6.78E-12 1.90E-14 7.47E-12 1.50E-15 6.79E-28 1.32E-19 1.52E-10 1.77E-11 7.18E-14 1.07E-17 1.33E-25 4.13E-31 1.29E-19 3.56E-10 3.59E-37 2.23E-08 4.57E-11
  1.25E+05 2.58E-12 7.18E-12 1.46E-14 5.60E-12 1.04E-15 7.06E-28 1.14E-19 1.65E-10 1.44E-11 4.96E-14 1.03E-17 1.10E-25 4.13E-31 9.85E-20 3.76E-10 3.17E-37 2.33E-08 5.09E-11
  1.75E+05 3.01E-12 7.78E-12 1.12E-14 4.17E-12 7.23E-16 7.70E-28 9.87E-20 1.64E-10 1.25E-11 3.40E-14 9.98E-18 9.22E-26 4.13E-31 8.02E-20 3.96E-10 2.95E-37 2.47E-08 5.76E-11
  3.75E+05 5.78E-12 1.19E-11 3.96E-15 1.25E-12 1.67E-16 1.23E-27 5.91E-20 1.36E-10 9.68E-12 7.51E-15 9.41E-18 5.17E-26 4.13E-31 5.90E-20 4.83E-10 2.68E-37 3.37E-08 9.07E-11
  5.75E+05 1.02E-11 1.58E-11 1.50E-15 4.20E-13 4.49E-17 1.89E-27 4.28E-20 1.26E-10 8.16E-12 1.91E-15 9.06E-18 3.03E-26 4.13E-31 1.08E-19 5.59E-10 2.44E-37 4.57E-08 1.14E-10
  7.75E+05 1.08E-11 1.13E-11 5.70E-16 1.84E-13 1.99E-17 2.74E-27 3.72E-20 1.33E-10 6.42E-12 7.99E-16 8.45E-18 1.67E-26 4.13E-31 4.06E-19 6.20E-10 2.04E-37 5.87E-08 1.21E-10
  9.75E+05 1.56E-11 1.06E-11 2.75E-16 9.25E-14 8.38E-18 3.87E-27 4.61E-20 1.47E-10 5.50E-12 3.12E-16 7.86E-18 5.85E-26 4.13E-31 2.39E-18 6.70E-10 1.64E-37 7.50E-08 1.29E-10
  1.18E+06 4.17E-11 1.86E-11 1.84E-16 4.28E-14 2.81E-18 5.55E-27 7.20E-20 1.61E-10 5.72E-12 9.48E-17 7.51E-18 4.88E-27 4.13E-31 1.50E-17 7.12E-10 1.32E-37 9.95E-08 1.51E-10
  1.38E+06 9.16E-11 3.02E-11 1.20E-16 1.84E-14 1.16E-18 8.33E-27 9.83E-20 1.73E-10 5.39E-12 3.58E-17 7.52E-18 4.11E-26 4.13E-31 6.64E-17 7.42E-10 1.10E-37 1.35E-07 1.90E-10
  1.58E+06 1.60E-10 4.41E-11 8.90E-17 7.80E-15 6.85E-19 1.63E-26 1.86E-19 1.75E-10 4.67E-12 2.00E-17 7.83E-18 1.60E-27 4.13E-31 1.08E-16 7.55E-10 1.19E-37 1.91E-07 2.55E-10
  1.78E+06 2.88E-10 9.97E-11 8.16E-17 2.06E-15 4.81E-19 6.11E-26 7.59E-19 1.49E-10 3.57E-12 1.40E-17 7.87E-18 5.93E-26 4.13E-31 1.68E-16 7.48E-10 2.31E-37 3.57E-07 4.99E-10
  1.98E+06 5.25E-10 3.83E-10 8.29E-17 1.60E-16 3.64E-19 3.00E-25 2.11E-18 7.29E-11 1.52E-12 1.14E-17 3.11E-18 6.51E-29 4.12E-31 2.60E-16 6.83E-10 2.23E-37 9.54E-07 1.54E-09
  2.18E+06 8.05E-10 9.58E-10 8.93E-17 9.06E-18 3.56E-19 1.42E-24 4.46E-18 2.87E-11 5.88E-13 1.18E-17 1.64E-19 9.08E-32 4.11E-31 3.27E-16 5.69E-10 2.78E-38 1.94E-06 3.27E-09
  2.38E+06 1.21E-09 1.79E-09 9.71E-17 3.50E-18 3.72E-19 5.66E-24 1.21E-17 1.90E-11 4.35E-13 1.26E-17 1.16E-21 2.33E-36 4.10E-31 6.74E-16 4.39E-10 4.03E-40 3.05E-06 4.90E-09
  2.58E+06 1.85E-09 3.00E-09 9.97E-17 2.90E-18 3.73E-19 1.81E-23 4.00E-17 2.14E-11 5.89E-13 1.29E-17 1.82E-24 5.84E-41 4.09E-31 2.49E-15 3.06E-10 1.06E-42 4.19E-06 5.97E-09
  2.78E+06 2.86E-09 4.64E-09 8.83E-17 2.08E-18 3.33E-19 4.48E-23 1.23E-16 2.57E-11 9.30E-13 1.16E-17 7.31E-25 8.11E-41 4.07E-31 9.97E-15 1.85E-10 5.48E-43 5.25E-06 6.19E-09
  2.98E+06 4.33E-09 6.48E-09 6.01E-17 1.16E-18 2.47E-19 8.09E-23 3.03E-16 2.67E-11 1.63E-12 8.61E-18 3.61E-25 1.19E-40 4.05E-31 3.24E-14 9.18E-11 2.60E-43 6.10E-06 5.55E-09
  3.18E+06 6.26E-09 8.04E-09 2.85E-17 4.86E-19 1.40E-19 1.01E-22 5.53E-16 2.29E-11 5.56E-12 4.85E-18 9.50E-26 1.76E-40 4.03E-31 8.09E-14 3.52E-11 4.58E-44 6.63E-06 4.33E-09
  3.38E+06 8.47E-09 8.89E-09 9.37E-18 1.45E-19 5.76E-20 8.32E-23 7.47E-16 1.64E-11 2.16E-11 1.96E-18 1.21E-26 2.61E-40 4.01E-31 1.69E-13 9.81E-12 2.57E-45 6.80E-06 2.95E-09
  3.58E+06 1.07E-08 8.78E-09 3.51E-18 2.98E-20 1.62E-20 4.27E-23 8.45E-16 1.11E-11 2.80E-11 5.37E-19 6.66E-28 3.88E-40 3.98E-31 2.96E-13 1.88E-12 3.95E-47 6.69E-06 1.78E-09
  3.78E+06 1.27E-08 7.75E-09 3.93E-18 4.01E-21 2.99E-21 1.43E-23 1.04E-15 8.91E-12 2.84E-11 9.54E-20 1.57E-29 5.72E-40 3.94E-31 4.36E-13 2.40E-13 1.72E-49 6.45E-06 9.95E-10
  3.98E+06 1.44E-08 6.06E-09 6.83E-18 3.44E-22 3.51E-22 6.27E-24 1.57E-15 9.32E-12 2.70E-11 1.05E-20 3.08E-31 8.39E-40 3.91E-31 5.18E-13 2.00E-14 8.20E-52 6.12E-06 5.21E-10
  4.18E+06 1.56E-08 4.09E-09 1.17E-17 1.85E-23 2.53E-23 1.06E-23 2.53E-15 1.09E-11 2.48E-11 6.60E-22 1.46E-32 1.22E-39 3.87E-31 5.17E-13 1.08E-15 3.71E-53 5.62E-06 2.48E-10
  4.38E+06 1.59E-08 2.33E-09 1.81E-17 6.92E-25 1.23E-24 2.48E-23 3.95E-15 1.28E-11 2.26E-11 2.95E-23 6.21E-34 1.77E-39 3.82E-31 4.62E-13 3.80E-17 2.13E-54 4.94E-06 1.01E-10
  4.58E+06 1.53E-08 1.17E-09 2.36E-17 1.38E-25 3.31E-25 5.45E-23 5.97E-15 1.46E-11 2.05E-11 1.97E-23 1.81E-35 2.52E-39 3.77E-31 3.86E-13 9.23E-19 8.01E-56 4.15E-06 3.50E-11
  4.78E+06 1.40E-08 5.62E-10 2.64E-17 1.56E-25 4.59E-25 1.13E-22 8.86E-15 1.62E-11 1.86E-11 3.95E-23 4.68E-37 3.49E-39 3.71E-31 3.09E-13 1.75E-20 2.56E-57 3.38E-06 1.11E-11
  4.98E+06 1.22E-08 2.68E-10 2.66E-17 1.67E-25 5.84E-25 2.26E-22 1.31E-14 1.74E-11 1.69E-11 7.22E-23 6.35E-38 4.71E-39 3.65E-31 2.43E-13 2.99E-22 4.19E-58 2.74E-06 3.42E-12
  5.18E+06 1.05E-08 1.29E-10 2.50E-17 1.67E-25 6.90E-25 4.44E-22 1.94E-14 1.85E-11 1.54E-11 1.25E-22 6.29E-38 6.21E-39 3.58E-31 1.90E-13 5.26E-24 4.99E-58 2.24E-06 1.07E-12
  5.38E+06 8.77E-09 6.25E-11 2.25E-17 1.65E-25 8.06E-25 8.71E-22 2.91E-14 1.93E-11 1.40E-11 2.14E-22 7.41E-38 8.07E-39 3.51E-31 1.49E-13 1.06E-25 7.08E-58 1.86E-06 3.40E-13
  5.58E+06 7.24E-09 3.04E-11 1.97E-17 1.68E-25 9.64E-25 1.72E-21 4.44E-14 1.99E-11 1.27E-11 3.64E-22 8.95E-38 1.04E-38 3.43E-31 1.17E-13 3.60E-27 1.04E-57 1.55E-06 1.10E-13
  5.78E+06 5.89E-09 1.49E-11 1.70E-17 1.81E-25 1.21E-24 3.44E-21 6.89E-14 2.03E-11 1.15E-11 6.28E-22 1.11E-37 1.32E-38 3.34E-31 9.22E-14 1.80E-27 1.58E-57 1.31E-06 3.65E-14
  5.98E+06 4.74E-09 7.36E-12 1.45E-17 2.08E-25 1.62E-24 7.00E-21 1.09E-13 2.06E-11 1.03E-11 1.11E-21 1.41E-37 1.68E-38 3.25E-31 7.28E-14 2.96E-27 2.50E-57 1.11E-06 1.23E-14
  6.18E+06 3.79E-09 3.71E-12 1.24E-17 2.59E-25 2.34E-24 1.44E-20 1.75E-13 2.08E-11 9.21E-12 2.01E-21 1.92E-37 2.13E-38 3.15E-31 5.73E-14 5.08E-27 4.26E-57 9.39E-07 4.29E-15
  6.38E+06 3.01E-09 1.93E-12 1.06E-17 3.50E-25 3.65E-24 3.03E-20 2.84E-13 2.09E-11 8.14E-12 3.73E-21 2.88E-37 2.70E-38 3.05E-31 4.50E-14 8.55E-27 8.07E-57 7.87E-07 1.54E-15
  6.58E+06 2.38E-09 1.04E-12 9.16E-18 5.05E-25 6.07E-24 6.37E-20 4.63E-13 2.09E-11 7.11E-12 6.97E-21 5.04E-37 3.43E-38 2.94E-31 3.52E-14 1.38E-26 1.76E-56 6.53E-07 5.76E-16
  6.78E+06 1.89E-09 5.92E-13 8.01E-18 7.83E-25 1.09E-23 1.35E-19 7.53E-13 2.07E-11 6.13E-12 1.32E-20 1.07E-36 4.36E-38 2.82E-31 2.78E-14 2.10E-26 4.63E-56 5.36E-07 2.26E-16
  6.98E+06 1.52E-09 3.61E-13 7.24E-18 1.34E-24 2.09E-23 2.83E-19 1.21E-12 2.04E-11 5.20E-12 2.52E-20 2.75E-36 5.56E-38 2.70E-31 2.38E-14 3.03E-26 1.44E-55 4.32E-07 9.55E-17
  7.18E+06 1.24E-09 2.60E-13 7.26E-18 2.99E-24 4.79E-23 5.78E-19 1.87E-12 1.98E-11 4.29E-12 5.07E-20 9.35E-36 7.10E-38 2.56E-31 2.69E-14 4.04E-26 5.71E-55 3.27E-07 4.97E-17
  7.38E+06 1.04E-09 2.45E-13 8.69E-18 9.52E-24 1.41E-22 1.10E-18 2.68E-12 1.91E-11 3.40E-12 1.09E-19 4.31E-35 9.07E-38 2.42E-31 4.24E-14 4.91E-26 2.79E-54 2.22E-07 3.69E-17
  7.58E+06 8.95E-10 2.55E-13 1.14E-17 3.18E-23 4.39E-22 1.88E-18 3.41E-12 1.86E-11 2.52E-12 2.18E-19 1.92E-34 1.16E-37 2.26E-31 7.04E-14 5.47E-26 1.17E-53 1.45E-07 3.15E-17
  7.78E+06 7.80E-10 2.24E-13 1.41E-17 8.37E-23 1.20E-21 3.02E-18 4.04E-12 1.80E-11 1.72E-12 3.74E-19 6.33E-34 1.46E-37 2.07E-31 9.89E-14 5.81E-26 3.33E-53 1.01E-07 2.21E-17
  7.98E+06 6.77E-10 1.38E-13 1.55E-17 1.38E-22 2.64E-21 4.90E-18 4.75E-12 1.72E-11 1.05E-12 5.45E-19 1.35E-33 1.80E-37 1.85E-31 1.10E-13 6.38E-26 6.04E-53 7.88E-08 9.76E-18
  8.18E+06 5.67E-10 1.52E-14 6.01E-18 2.70E-23 1.20E-21 1.10E-17 7.62E-12 1.40E-11 5.58E-13 4.17E-19 3.00E-34 2.15E-37 1.59E-31 9.67E-14 7.57E-26 1.55E-53 1.47E-07 1.16E-18
  8.38E+06 4.50E-10 1.61E-15 1.11E-18 5.84E-25 1.27E-22 2.16E-17 1.07E-11 1.03E-11 2.58E-13 1.40E-19 1.04E-35 2.42E-37 1.28E-31 6.74E-14 6.88E-26 5.46E-55 3.89E-07 6.45E-20
  8.58E+06 3.48E-10 6.31E-16 2.10E-19 5.00E-27 1.19E-23 3.41E-17 1.20E-11 8.12E-12 1.02E-13 3.83E-20 4.09E-37 2.48E-37 9.45E-32 3.83E-14 4.00E-26 1.74E-56 8.00E-07 3.20E-21
  8.78E+06 2.66E-10 3.28E-16 4.63E-20 4.99E-29 1.40E-24 4.91E-17 1.22E-11 6.72E-12 3.42E-14 1.12E-20 4.18E-38 2.21E-37 6.08E-32 1.93E-14 1.93E-26 1.32E-57 1.32E-06 2.00E-22
  8.98E+06 2.00E-10 1.75E-16 1.17E-20 1.05E-30 2.16E-25 6.78E-17 1.19E-11 5.52E-12 9.65E-15 3.67E-21 1.18E-38 1.63E-37 3.24E-32 9.75E-15 1.01E-26 2.70E-58 1.77E-06 2.07E-23
  9.18E+06 1.47E-10 9.26E-17 3.36E-21 4.34E-32 4.45E-26 9.17E-17 1.14E-11 4.30E-12 2.29E-15 1.38E-21 4.92E-39 9.30E-38 1.35E-32 5.24E-15 6.00E-27 8.07E-59 2.03E-06 2.85E-24
  9.38E+06 1.04E-10 4.77E-17 1.05E-21 2.97E-33 1.16E-26 1.22E-16 1.06E-11 3.12E-12 4.68E-16 5.81E-22 2.35E-39 3.92E-38 4.15E-33 2.81E-15 3.93E-27 2.74E-59 2.00E-06 4.22E-25
  9.58E+06 7.21E-11 2.41E-17 3.58E-22 3.04E-34 3.63E-27 1.61E-16 9.55E-12 2.08E-12 8.53E-17 2.64E-22 1.35E-39 1.19E-38 9.18E-34 1.40E-15 2.74E-27 1.11E-59 1.72E-06 6.47E-26
  9.78E+06 5.15E-11 1.26E-17 1.37E-22 4.21E-35 1.33E-27 2.07E-16 8.39E-12 1.28E-12 1.49E-17 1.26E-22 9.95E-40 2.59E-39 1.47E-34 6.35E-16 1.98E-27 5.61E-60 1.31E-06 1.01E-26
  9.98E+06 4.25E-11 7.54E-18 6.62E-23 7.92E-36 5.60E-28 2.60E-16 7.14E-12 7.46E-13 3.47E-18 6.28E-23 8.66E-40 4.35E-40 1.80E-35 2.89E-16 1.43E-27 3.25E-60 8.64E-07 2.03E-27

 TP, TL
           2.74E+13 2.75E+13 1.98E+08 1.81E+07 1.40E+10 7.70E+06 4.10E+08 1.95E+11 2.35E+10 1.39E+10 8.61E+03 1.25E-01 4.01E-17 2.35E+10 9.48E+06 3.24E-12 2.28E+15 1.31E+10
           2.74E+13 2.75E+13 1.98E+08 2.20E+08 1.40E+10 7.70E+06 4.10E+08 1.95E+11 2.43E+10 1.39E+10 8.62E+03 3.04E-01 4.33E-17 2.35E+10 1.86E+07 3.24E-12 2.28E+15 1.30E+10

     Z        N        NO3      N2O      HO2NO2   N2O5     NH       NH2      NH3      CO2      CS       CS2      HCS      C2H6S    C2H5S    C2H5SO   C2H5SO2  CH3S     CH3SO   
  2.50E+04 3.87-231 9.40E-16 2.73E-07 9.64E-14 1.63E-17 9.92E-39 1.01E-38 2.89E-09 2.84E-04 2.19E-19 4.28E-12 1.06E-28 1.23E-10 2.31E-23 2.24E-20 1.16E-12 2.43E-16 4.10E-15
  7.50E+04 2.44-224 8.87E-16 2.76E-07 1.37E-13 2.09E-17 9.92E-39 1.01E-38 2.65E-09 2.88E-04 2.23E-19 3.97E-12 1.10E-28 8.57E-11 1.66E-23 1.60E-20 7.53E-13 1.76E-16 3.01E-15
  1.25E+05 1.34-217 8.79E-16 2.79E-07 2.00E-13 2.92E-17 9.92E-39 1.01E-38 2.42E-09 2.93E-04 2.21E-19 3.67E-12 1.16E-28 5.94E-11 1.21E-23 1.11E-20 4.70E-13 1.21E-16 2.10E-15
  1.75E+05 6.33-211 9.02E-16 2.82E-07 3.02E-13 4.35E-17 9.92E-39 1.01E-38 2.20E-09 2.98E-04 2.16E-19 3.38E-12 1.24E-28 4.10E-11 8.83E-24 7.67E-21 2.91E-13 8.23E-17 1.45E-15
  3.75E+05 5.88-185 1.17E-15 2.95E-07 1.76E-12 2.96E-16 9.92E-39 1.01E-38 1.45E-09 3.17E-04 1.76E-19 2.40E-12 1.58E-28 8.99E-12 2.54E-24 1.77E-21 4.18E-14 1.62E-17 3.02E-16
  5.75E+05 1.95-160 1.25E-15 3.06E-07 1.16E-11 2.03E-15 9.92E-39 1.01E-38 9.25E-10 3.35E-04 1.38E-19 1.72E-12 1.83E-28 2.25E-12 7.27E-25 4.08E-22 6.48E-15 3.18E-18 6.35E-17
  7.75E+05 1.28-137 9.38E-16 3.15E-07 4.22E-11 4.64E-15 9.92E-39 1.01E-38 5.88E-10 3.49E-04 1.13E-19 1.26E-12 1.97E-28 7.67E-13 2.12E-25 9.53E-23 1.68E-15 6.54E-19 1.44E-17
  9.75E+05 1.57-116 9.66E-16 3.22E-07 6.66E-11 6.33E-15 9.92E-39 1.01E-38 3.55E-10 3.60E-04 9.00E-20 9.18E-13 2.07E-28 3.12E-13 8.19E-26 2.94E-23 4.18E-16 1.78E-19 4.37E-18
  1.18E+06 5.72E-97 1.14E-15 3.28E-07 6.43E-11 9.44E-15 9.92E-39 1.01E-38 1.84E-10 3.70E-04 6.57E-20 6.28E-13 2.13E-28 1.14E-13 3.93E-26 1.09E-23 7.04E-17 5.77E-20 1.57E-18
  1.38E+06 9.95E-79 1.17E-15 3.33E-07 4.61E-11 1.14E-14 9.92E-39 1.01E-38 7.84E-11 3.78E-04 4.46E-20 4.01E-13 2.18E-28 3.77E-14 1.53E-26 3.21E-24 1.20E-17 1.54E-20 4.49E-19
  1.58E+06 1.44E-62 1.28E-15 3.34E-07 3.18E-11 1.32E-14 9.92E-39 1.01E-38 2.72E-11 3.82E-04 2.85E-20 2.43E-13 2.19E-28 1.21E-14 6.07E-27 9.39E-25 2.64E-18 4.13E-21 1.26E-19
  1.78E+06 3.61E-50 2.34E-15 3.32E-07 3.10E-11 3.68E-14 9.92E-39 1.01E-38 4.06E-12 3.84E-04 1.06E-20 9.96E-14 2.19E-28 2.11E-15 1.51E-27 1.68E-25 3.61E-19 5.42E-22 1.67E-20
  1.98E+06 3.02E-41 9.86E-15 3.19E-07 6.43E-11 3.71E-13 9.92E-39 1.01E-38 6.58E-14 3.85E-04 1.08E-21 1.06E-14 2.14E-28 8.18E-17 8.74E-29 6.89E-27 1.18E-20 1.22E-23 3.60E-22
  2.18E+06 8.67E-35 3.48E-14 2.95E-07 1.30E-10 2.00E-12 9.92E-39 1.01E-38 2.55E-16 3.85E-04 3.61E-23 2.09E-16 2.06E-28 1.38E-18 2.53E-30 1.42E-28 2.27E-22 1.81E-25 5.11E-24
  2.38E+06 5.82E-30 8.22E-14 2.66E-07 2.05E-10 5.34E-12 9.92E-39 1.01E-38 6.99E-19 3.85E-04 2.97E-25 7.69E-19 1.96E-28 1.61E-20 5.66E-32 2.28E-30 3.46E-24 2.65E-27 7.25E-26
  2.58E+06 2.93E-26 1.60E-13 2.34E-07 2.68E-10 1.01E-11 9.92E-39 1.01E-38 1.76E-21 3.85E-04 3.72E-28 3.94E-22 1.84E-28 1.20E-22 8.59E-34 2.50E-32 3.49E-26 3.01E-29 7.95E-28
  2.78E+06 2.28E-23 2.70E-13 1.99E-07 2.90E-10 1.43E-11 9.92E-39 1.01E-38 4.47E-24 3.85E-04 5.73E-32 2.49E-26 1.70E-28 4.98E-25 7.48E-36 1.58E-34 2.00E-28 2.16E-31 5.49E-30
  2.98E+06 4.14E-21 3.89E-13 1.63E-07 2.57E-10 1.49E-11 9.93E-39 1.01E-38 1.23E-26 3.85E-04 1.19E-36 2.18E-31 1.54E-28 1.08E-27 3.33E-38 5.14E-37 6.00E-31 8.52E-34 2.09E-32
  3.18E+06 2.31E-19 4.90E-13 1.29E-07 1.88E-10 1.13E-11 9.93E-39 1.01E-38 3.81E-29 3.85E-04 1.03E-38 3.43E-37 1.36E-28 1.29E-30 7.72E-41 8.72E-40 9.81E-34 1.87E-36 4.44E-35
  3.38E+06 4.88E-18 5.57E-13 9.81E-08 1.16E-10 6.71E-12 9.93E-39 1.01E-38 1.38E-31 3.85E-04 3.55E-38 5.51E-40 1.15E-28 1.00E-33 1.08E-43 8.94E-43 1.04E-36 2.64E-39 6.02E-38
  3.58E+06 4.81E-17 5.80E-13 7.22E-08 6.15E-11 3.21E-12 9.93E-39 1.01E-38 5.93E-34 3.85E-04 1.25E-37 1.05E-40 9.08E-29 6.23E-37 1.12E-46 6.84E-46 8.73E-40 2.91E-42 6.36E-41
  3.78E+06 2.69E-16 5.57E-13 5.18E-08 2.85E-11 1.26E-12 9.94E-39 1.01E-38 3.11E-36 3.85E-04 4.16E-37 1.23E-41 6.53E-29 3.49E-40 1.01E-49 4.59E-49 6.79E-43 2.84E-45 5.98E-44
  3.98E+06 1.00E-15 4.90E-13 3.64E-08 1.15E-11 4.05E-13 9.94E-39 1.01E-38 1.99E-38 3.85E-04 1.24E-36 1.60E-42 4.02E-29 1.79E-43 8.35E-53 2.83E-52 5.07E-46 2.57E-48 5.25E-47
  4.18E+06 2.76E-15 3.82E-13 2.52E-08 4.04E-12 9.94E-14 9.94E-39 1.01E-38 1.57E-40 3.85E-04 3.00E-36 6.11E-43 1.92E-29 8.21E-47 6.11E-56 1.56E-55 3.51E-49 2.13E-51 4.24E-50
  4.38E+06 6.10E-15 2.52E-13 1.74E-08 1.25E-12 1.79E-14 9.95E-39 1.01E-38 1.52E-42 3.85E-04 4.68E-36 2.18E-43 6.11E-30 3.55E-50 4.01E-59 7.78E-59 2.30E-52 1.65E-54 3.20E-53
  4.58E+06 1.16E-14 1.39E-13 1.20E-08 3.68E-13 2.51E-15 9.95E-39 1.01E-38 1.79E-44 3.85E-04 3.54E-36 4.49E-44 1.12E-30 1.81E-53 2.80E-62 4.18E-62 1.70E-55 1.40E-57 2.69E-56
  4.78E+06 2.04E-14 6.66E-14 8.39E-09 1.09E-13 3.17E-16 9.96E-39 1.01E-38 2.54E-46 3.85E-04 1.14E-36 5.17E-45 1.07E-31 1.43E-56 2.72E-65 3.15E-65 1.82E-58 1.69E-60 3.24E-59
  4.98E+06 3.37E-14 2.97E-14 5.93E-09 3.33E-14 3.99E-17 9.97E-39 1.01E-38 4.30E-48 3.85E-04 1.62E-37 3.36E-46 5.46E-33 2.08E-59 4.54E-68 4.11E-68 3.49E-61 3.51E-63 6.74E-62
  5.18E+06 5.46E-14 1.28E-14 4.27E-09 1.06E-14 5.15E-18 9.97E-39 1.02E-38 8.62E-50 3.85E-04 1.13E-38 1.32E-47 1.58E-34 5.95E-62 1.44E-70 1.02E-70 1.29E-63 1.35E-65 2.63E-64
  5.38E+06 8.77E-14 5.41E-15 3.13E-09 3.44E-15 6.74E-19 9.98E-39 1.02E-38 2.04E-51 3.84E-04 1.92E-39 1.46E-48 1.23E-35 3.37E-64 8.78E-73 4.92E-73 9.38E-66 9.90E-68 1.96E-66
  5.58E+06 1.41E-13 2.27E-15 2.34E-09 1.15E-15 8.89E-20 9.99E-39 1.02E-38 5.67E-53 3.84E-04 5.34E-39 2.99E-48 1.70E-35 3.65E-66 1.02E-74 4.51E-75 1.31E-67 1.35E-69 2.74E-68
  5.78E+06 2.27E-13 9.46E-16 1.79E-09 3.88E-16 1.18E-20 1.00E-38 1.02E-38 1.87E-54 3.84E-04 2.18E-38 9.81E-48 3.62E-35 7.23E-68 2.15E-76 7.56E-77 3.38E-69 3.32E-71 6.96E-70
  5.98E+06 3.69E-13 3.96E-16 1.40E-09 1.35E-16 1.59E-21 1.00E-38 1.02E-38 7.37E-56 3.83E-04 1.79E-37 6.97E-47 1.61E-34 2.47E-69 7.87E-78 2.19E-78 1.52E-70 1.40E-72 3.05E-71
  6.18E+06 6.05E-13 1.67E-16 1.12E-09 4.81E-17 2.21E-22 1.00E-38 1.02E-38 3.45E-57 3.83E-04 2.23E-36 7.97E-46 1.12E-33 1.36E-70 4.67E-79 1.03E-79 1.12E-71 9.63E-74 2.19E-72
  6.38E+06 9.91E-13 7.19E-17 9.15E-10 1.78E-17 3.20E-23 1.01E-38 1.02E-38 1.90E-58 3.82E-04 2.36E-35 8.08E-45 6.76E-33 1.14E-71 4.24E-80 7.43E-81 1.28E-72 1.02E-74 2.44E-73
  6.58E+06 1.60E-12 3.18E-17 7.62E-10 6.82E-18 4.91E-24 1.01E-38 1.02E-38 1.23E-59 3.81E-04 1.94E-34 6.45E-44 3.18E-32 1.37E-72 5.55E-81 7.74E-82 2.13E-73 1.59E-75 4.00E-74
  6.78E+06 2.56E-12 1.46E-17 6.46E-10 2.75E-18 8.13E-25 1.01E-38 1.03E-38 9.33E-61 3.80E-04 1.61E-33 5.32E-43 1.54E-31 2.25E-73 1.01E-81 1.12E-82 4.92E-74 3.49E-76 9.24E-75
  6.98E+06 3.99E-12 7.11E-18 5.56E-10 1.20E-18 1.50E-25 1.01E-38 1.03E-38 8.27E-62 3.79E-04 2.07E-32 6.67E-42 1.14E-30 4.82E-74 2.43E-82 2.16E-83 1.51E-74 1.05E-76 2.94E-75
  7.18E+06 5.92E-12 3.89E-18 4.85E-10 6.53E-19 3.58E-26 1.02E-38 1.03E-38 8.47E-63 3.78E-04 2.91E-31 8.56E-41 8.52E-30 1.24E-74 7.63E-83 5.41E-84 5.96E-75 4.40E-77 1.30E-75
  7.38E+06 7.83E-12 2.59E-18 4.27E-10 5.25E-19 1.32E-26 1.02E-38 1.04E-38 9.78E-64 3.77E-04 2.99E-30 6.89E-40 4.06E-29 3.47E-75 2.96E-83 1.67E-84 2.86E-75 2.55E-77 7.93E-76
  7.58E+06 9.01E-12 1.85E-18 3.76E-10 4.76E-19 5.67E-27 1.03E-38 1.04E-38 1.23E-64 3.75E-04 1.89E-29 2.83E-39 1.13E-28 9.74E-76 1.24E-83 5.93E-85 1.56E-75 1.80E-77 5.83E-76
  7.78E+06 9.84E-12 1.21E-18 3.31E-10 3.37E-19 1.87E-27 1.03E-38 1.05E-38 1.62E-65 3.72E-04 7.17E-29 6.37E-39 2.03E-28 2.76E-76 5.00E-84 2.30E-85 9.28E-76 1.32E-77 4.50E-76
  7.98E+06 1.14E-11 6.35E-19 2.87E-10 1.41E-19 3.43E-28 1.04E-38 1.06E-38 2.14E-66 3.68E-04 1.59E-28 8.00E-39 2.49E-28 8.68E-77 2.01E-84 9.62E-86 6.11E-76 9.56E-78 3.25E-76
  8.18E+06 2.36E-11 1.09E-19 2.45E-10 7.60E-21 7.59E-30 1.06E-38 1.07E-38 2.74E-67 3.63E-04 1.36E-28 5.89E-39 3.30E-28 4.33E-77 5.68E-85 4.26E-86 4.48E-76 3.31E-78 1.71E-76
  8.38E+06 4.85E-11 1.34E-20 2.05E-10 1.16E-22 4.71E-32 1.08E-38 1.09E-38 3.31E-68 3.56E-04 6.18E-29 2.80E-39 4.70E-28 3.38E-77 1.89E-85 1.99E-86 3.69E-76 8.03E-79 5.68E-77
  8.58E+06 7.51E-11 4.23E-21 1.65E-10 3.46E-24 1.32E-33 1.11E-38 1.12E-38 3.70E-69 3.47E-04 2.67E-29 1.32E-39 6.04E-28 3.11E-77 9.58E-86 9.80E-87 3.31E-76 2.68E-79 1.51E-77
  8.78E+06 1.02E-10 1.63E-21 1.29E-10 2.24E-25 1.08E-34 1.15E-38 1.16E-38 3.83E-70 3.33E-04 1.24E-29 7.15E-40 7.14E-28 3.03E-77 5.71E-86 4.95E-87 3.05E-76 1.15E-79 4.76E-78
  8.98E+06 1.34E-10 6.38E-22 9.64E-11 1.95E-26 9.73E-36 1.22E-38 1.22E-38 3.78E-71 3.15E-04 6.20E-30 4.34E-40 7.66E-28 2.98E-77 3.48E-86 2.44E-87 2.76E-76 5.82E-80 2.09E-78
  9.18E+06 1.72E-10 2.49E-22 6.90E-11 2.03E-27 9.13E-37 1.31E-38 1.30E-38 3.70E-72 2.93E-04 3.36E-30 2.94E-40 7.59E-28 2.85E-77 2.05E-86 1.11E-87 2.36E-76 3.15E-80 1.10E-78
  9.38E+06 2.17E-10 9.54E-23 4.75E-11 2.38E-28 8.70E-38 1.43E-38 1.42E-38 3.81E-73 2.67E-04 1.97E-30 2.19E-40 7.17E-28 2.60E-77 1.13E-86 4.54E-88 1.84E-76 1.76E-80 6.30E-79
  9.58E+06 2.67E-10 3.60E-23 3.19E-11 3.05E-29 8.54E-39 1.59E-38 1.56E-38 4.40E-74 2.37E-04 1.31E-30 1.83E-40 6.84E-28 2.22E-77 5.77E-87 1.63E-88 1.29E-76 9.86E-81 3.77E-79
  9.78E+06 3.19E-10 1.39E-23 2.19E-11 4.34E-30 9.23E-40 1.79E-38 1.73E-38 6.04E-75 2.07E-04 1.06E-30 1.86E-40 7.36E-28 1.77E-77 2.68E-87 5.41E-89 8.10E-77 5.84E-81 2.43E-79
  9.98E+06 3.72E-10 6.05E-24 1.65E-11 8.14E-31 1.35E-40 2.02E-38 1.94E-38 1.59E-75 1.78E-04 1.25E-30 2.72E-40 1.08E-27 1.32E-77 1.14E-87 1.85E-89 4.61E-77 4.18E-81 1.70E-79

 TP, TL
           1.36E+08 3.61E+10 5.41E+05 4.27E+10 2.27E+08 0.00E+00 0.00E+00 0.00E+00 1.28E+12 2.00E+07 2.35E+09 4.60E-09 0.00E+00 2.48E+09 2.48E+09 2.48E+09 2.48E+09 2.48E+09
           1.36E+08 3.61E+10 1.58E+09 4.27E+10 2.27E+08 0.00E+00 0.00E+00 4.26E+08 8.87E+11 2.00E+07 2.37E+09 4.93E-09 3.32E+09 2.48E+09 2.48E+09 2.48E+09 2.48E+09 2.48E+09

     Z        CH3SO2   CH3SO3   CH4SO2   C2H6SO   C2H7SO   SO4AER   S8AER   
  2.50E+04 1.07E-16 1.74E-17 3.62E-13 2.83E-12 2.19E-23 2.29E-10 1.00E-38
  7.50E+04 7.85E-17 1.24E-17 2.92E-13 2.25E-12 1.51E-23 2.33E-10 1.00E-38
  1.25E+05 5.52E-17 8.65E-18 2.16E-13 1.65E-12 1.06E-23 2.42E-10 1.00E-38
  1.75E+05 3.86E-17 6.07E-18 1.53E-13 1.17E-12 7.41E-24 2.59E-10 1.00E-38
  3.75E+05 8.95E-18 1.56E-18 3.45E-14 2.62E-13 1.78E-24 3.69E-10 1.00E-38
  5.75E+05 2.06E-18 3.93E-19 8.65E-15 6.56E-14 4.01E-25 4.98E-10 1.00E-38
  7.75E+05 4.82E-19 9.50E-20 2.95E-15 2.24E-14 8.49E-26 6.28E-10 1.00E-38
  9.75E+05 1.48E-19 2.98E-20 1.20E-15 9.11E-15 2.24E-26 7.72E-10 1.00E-38
  1.18E+06 5.52E-20 1.15E-20 4.39E-16 3.33E-15 7.44E-27 9.49E-10 1.00E-38
  1.38E+06 1.62E-20 3.46E-21 1.45E-16 1.10E-15 2.25E-27 1.13E-09 1.00E-38
  1.58E+06 4.74E-21 1.05E-21 4.64E-17 3.52E-16 7.47E-28 1.28E-09 1.00E-38
  1.78E+06 8.40E-22 2.52E-22 8.10E-18 6.15E-17 1.79E-28 1.41E-09 1.00E-38
  1.98E+06 3.33E-23 1.89E-23 3.15E-19 2.39E-18 1.19E-29 1.42E-09 1.00E-38
  2.18E+06 6.64E-25 5.45E-25 5.30E-21 4.02E-20 3.89E-31 1.28E-09 1.00E-38
  2.38E+06 1.05E-26 9.76E-27 6.21E-23 4.71E-22 9.70E-33 1.13E-09 1.00E-38
  2.58E+06 1.15E-28 1.06E-28 4.63E-25 3.51E-24 1.66E-34 9.92E-10 1.00E-38
  2.78E+06 7.37E-31 6.18E-31 1.92E-27 1.46E-26 1.63E-36 8.74E-10 1.00E-38
  2.98E+06 2.44E-33 1.74E-33 4.15E-30 3.15E-29 8.20E-39 7.63E-10 1.00E-38
  3.18E+06 4.21E-36 2.39E-36 4.95E-33 3.76E-32 2.14E-41 6.42E-10 1.00E-38
  3.38E+06 4.40E-39 1.88E-39 3.86E-36 2.93E-35 3.42E-44 4.92E-10 1.00E-38
  3.58E+06 3.42E-42 1.06E-42 2.40E-39 1.82E-38 4.12E-47 3.56E-10 1.00E-38
  3.78E+06 2.31E-45 5.12E-46 1.34E-42 1.02E-41 4.29E-50 2.43E-10 1.00E-38
  3.98E+06 1.44E-48 2.25E-49 6.89E-46 5.23E-45 4.03E-53 1.57E-10 1.00E-38
  4.18E+06 7.97E-52 8.60E-53 3.15E-49 2.39E-48 3.32E-56 9.44E-11 1.00E-38
  4.38E+06 4.00E-55 2.87E-56 1.37E-52 1.04E-51 2.39E-59 5.31E-11 1.00E-38
  4.58E+06 2.15E-58 9.93E-60 6.97E-56 5.29E-55 1.78E-62 2.79E-11 1.01E-38
  4.78E+06 1.62E-61 4.72E-63 5.49E-59 4.17E-58 1.78E-65 1.36E-11 1.03E-38
  4.98E+06 2.12E-64 3.88E-66 7.98E-62 6.06E-61 2.96E-68 6.13E-12 1.07E-38
  5.18E+06 5.27E-67 6.16E-69 2.29E-64 1.74E-63 9.10E-71 2.57E-12 1.13E-38
  5.38E+06 2.54E-69 1.92E-71 1.29E-66 9.82E-66 5.26E-73 1.01E-12 1.18E-38
  5.58E+06 2.33E-71 1.16E-73 1.40E-68 1.06E-67 5.63E-75 3.67E-13 1.22E-38
  5.78E+06 3.90E-73 1.28E-75 2.78E-70 2.11E-69 1.08E-76 1.20E-13 1.22E-38
  5.98E+06 1.13E-74 2.46E-77 9.49E-72 7.20E-71 3.49E-78 3.31E-14 1.20E-38
  6.18E+06 5.30E-76 7.61E-79 5.24E-73 3.97E-72 1.81E-79 7.17E-15 1.18E-38
  6.38E+06 3.80E-77 3.55E-80 4.38E-74 3.32E-73 1.41E-80 1.13E-15 1.15E-38
  6.58E+06 3.95E-78 2.35E-81 5.25E-75 3.98E-74 1.57E-81 1.22E-16 1.12E-38
  6.78E+06 5.68E-79 2.13E-82 8.63E-76 6.55E-75 2.41E-82 8.38E-18 1.09E-38
  6.98E+06 1.09E-79 2.50E-83 1.85E-76 1.40E-75 4.91E-83 3.28E-19 1.06E-38
  7.18E+06 2.71E-80 3.54E-84 4.77E-77 3.62E-76 1.29E-83 6.03E-21 1.04E-38
  7.38E+06 8.28E-81 5.51E-85 1.33E-77 1.01E-76 4.21E-84 3.42E-23 1.01E-38
  7.58E+06 2.87E-81 9.24E-86 3.74E-78 2.84E-77 1.52E-84 1.96E-26 1.00E-38
  7.78E+06 1.08E-81 1.78E-86 1.06E-78 8.06E-78 5.44E-85 6.57E-31 1.00E-38
  7.98E+06 4.22E-82 3.92E-87 3.33E-79 2.53E-78 2.07E-85 7.16E-36 1.00E-38
  8.18E+06 2.75E-82 3.42E-87 1.66E-79 1.26E-78 5.76E-86 1.00E-38 1.00E-38
  8.38E+06 1.70E-82 4.03E-87 1.30E-79 9.83E-79 1.96E-86 1.00E-38 1.00E-38
  8.58E+06 6.64E-83 2.31E-87 1.19E-79 9.01E-79 1.05E-86 1.00E-38 1.00E-38
  8.78E+06 2.49E-83 1.03E-87 1.14E-79 8.65E-79 6.42E-87 1.00E-38 1.00E-38
  8.98E+06 1.06E-83 4.25E-88 1.08E-79 8.24E-79 3.95E-87 1.00E-38 1.00E-38
  9.18E+06 4.68E-84 1.57E-88 9.71E-80 7.48E-79 2.24E-87 1.00E-38 1.00E-38
  9.38E+06 1.92E-84 4.62E-89 8.10E-80 6.31E-79 1.16E-87 1.00E-38 1.00E-38
  9.58E+06 7.22E-85 1.10E-89 6.17E-80 4.87E-79 5.50E-88 1.00E-38 1.00E-38
  9.78E+06 2.58E-85 2.17E-90 4.29E-80 3.43E-79 2.42E-88 1.00E-38 1.00E-38
  9.98E+06 8.62E-86 3.49E-91 2.74E-80 2.23E-79 1.03E-88 1.00E-38 1.00E-38

 TP, TL
           3.32E+09 6.56E+07 8.37E+08 8.39E+08 8.39E+08 3.17E+09 0.00E+00
           3.32E+09 6.56E+07 8.37E+08 8.40E+08 8.39E+08 5.18E+09 1.69E-19

     TP = 0.000E+00  TL = 1.693E-19


 OZONE COLUMN DEPTH =  5.7732E+18
 OZONE COLUMN (DU)      =  2.1488E+02


 O2, CO, CH4 COLUMN DEPTHs =      4.554E+24     3.047E+18     2.732E+19

 SULFUR COLUMN DEPTHS:  H2S = 4.262E+13  SO2 = 2.994E+15  S2 = 1.837E+08  S4 = 2.312E+00  S8 = 0.000E+00

 SCALED AEROSOL EXTINCTION OPTICAL DEPTHS
     SULFATE = 5.119E-02     S8(VIS) = 2.001E-30     S8(UV) = 4.002E-30

 FH2O AT COLD TRAP = 5.515E-06
 N = 1001  EMAX = 1.61E-01 FOR NH3     AT Z = 2.48E+06 U = 3.51E-20 RHS = 5.65E-21  DT = 1.27E+04  TIME = 1.68E+06

 TIME = 1.68E+06     TIMEY = 5.33E-02 YEARS

 NPHOT =  769

 MIXING RATIOS OF LONG-LIVED SPECIES


     Z        O        O2       H2O      H        OH       HO2      H2O2     H2       CO       HCO      H2CO     CH3O     CH2OH    CH3O2    CH3OOH   CH4      CH3      C2H6    
  2.50E+04 5.61E-17 2.13E-01 1.21E-02 5.10E-21 4.53E-14 1.00E-11 8.79E-10 5.00E-07 1.43E-07 9.97E-23 1.35E-10 3.62E-19 1.40E-27 5.57E-12 6.54E-10 8.08E-07 1.38E-21 3.84E-10
  7.50E+04 6.29E-17 2.13E-01 1.03E-02 5.52E-21 4.68E-14 1.03E-11 9.30E-10 5.12E-07 1.44E-07 1.06E-22 1.34E-10 3.97E-19 1.68E-27 5.14E-12 6.35E-10 8.48E-07 1.37E-21 3.71E-10
  1.25E+05 7.19E-17 2.12E-01 8.72E-03 6.05E-21 4.91E-14 1.06E-11 9.69E-10 5.24E-07 1.46E-07 1.11E-22 1.29E-10 4.38E-19 2.05E-27 4.76E-12 6.04E-10 8.91E-07 1.38E-21 3.58E-10
  1.75E+05 8.36E-17 2.12E-01 7.36E-03 6.69E-21 5.20E-14 1.09E-11 1.00E-09 5.38E-07 1.47E-07 1.15E-22 1.23E-10 4.85E-19 2.52E-27 4.45E-12 5.66E-10 9.36E-07 1.43E-21 3.46E-10
  3.75E+05 1.65E-16 2.12E-01 3.54E-03 1.03E-20 6.79E-14 1.15E-11 9.95E-10 5.93E-07 1.51E-07 1.34E-22 1.04E-10 7.34E-19 6.03E-27 3.39E-12 3.88E-10 1.12E-06 1.75E-21 3.08E-10
  5.75E+05 3.16E-16 2.11E-01 1.24E-03 1.35E-20 7.75E-14 1.03E-11 7.79E-10 6.41E-07 1.53E-07 1.31E-22 7.80E-11 9.46E-19 1.30E-26 2.19E-12 2.30E-10 1.29E-06 1.77E-21 2.86E-10
  7.75E+05 5.54E-16 2.11E-01 3.23E-04 1.29E-20 6.61E-14 7.96E-12 5.27E-10 6.80E-07 1.54E-07 8.51E-23 4.28E-11 7.84E-19 2.49E-26 1.28E-12 1.30E-10 1.43E-06 1.19E-21 2.74E-10
  9.75E+05 9.69E-16 2.11E-01 6.71E-05 1.36E-20 6.26E-14 5.65E-12 3.10E-10 7.12E-07 1.52E-07 5.72E-23 2.30E-11 7.19E-19 4.57E-26 6.13E-13 6.23E-11 1.54E-06 8.23E-22 2.66E-10
  1.18E+06 1.88E-15 2.10E-01 1.54E-05 2.02E-20 8.21E-14 3.41E-12 1.40E-10 7.40E-07 1.48E-07 5.04E-23 1.47E-11 8.35E-19 8.78E-26 2.23E-13 1.97E-11 1.63E-06 8.05E-22 2.59E-10
  1.38E+06 4.18E-15 2.10E-01 5.52E-06 2.86E-20 9.70E-14 1.91E-12 4.97E-11 7.61E-07 1.42E-07 4.35E-23 9.35E-12 8.58E-19 1.76E-25 9.09E-14 4.69E-12 1.70E-06 8.08E-22 2.50E-10
  1.58E+06 1.03E-14 2.10E-01 4.21E-06 4.33E-20 1.20E-13 1.32E-12 1.61E-11 7.72E-07 1.34E-07 4.43E-23 6.88E-12 9.83E-19 3.63E-25 5.31E-14 1.14E-12 1.74E-06 9.22E-22 2.42E-10
  1.78E+06 3.70E-14 2.10E-01 3.93E-06 7.44E-20 1.70E-13 1.06E-12 3.85E-12 7.77E-07 1.17E-07 6.35E-23 6.91E-12 1.44E-18 1.01E-24 4.22E-14 2.91E-13 1.75E-06 1.45E-21 2.22E-10
  1.98E+06 2.13E-13 2.10E-01 3.73E-06 1.16E-19 2.51E-13 1.09E-12 1.58E-12 7.71E-07 8.22E-08 1.26E-22 9.45E-12 2.59E-18 4.13E-24 4.58E-14 1.73E-13 1.71E-06 3.15E-21 1.74E-10
  2.18E+06 9.17E-13 2.10E-01 3.83E-06 1.94E-19 4.25E-13 1.83E-12 2.56E-12 7.57E-07 5.14E-08 2.83E-22 1.43E-11 5.21E-18 1.31E-23 6.59E-14 2.42E-13 1.63E-06 7.86E-21 1.17E-10
  2.38E+06 3.01E-12 2.10E-01 4.03E-06 3.86E-19 8.07E-13 3.45E-12 5.44E-12 7.39E-07 3.32E-08 6.54E-22 2.16E-11 1.07E-17 3.33E-23 9.84E-14 3.80E-13 1.54E-06 2.03E-20 7.40E-11
  2.58E+06 8.67E-12 2.10E-01 4.25E-06 9.38E-19 1.65E-12 6.62E-12 1.13E-11 7.16E-07 2.34E-08 1.55E-21 3.20E-11 2.24E-17 7.75E-23 1.46E-13 5.57E-13 1.43E-06 5.38E-20 4.31E-11
  2.78E+06 2.29E-11 2.10E-01 4.50E-06 2.75E-18 3.49E-12 1.23E-11 2.13E-11 6.90E-07 1.85E-08 3.69E-21 4.59E-11 4.63E-17 1.70E-22 2.13E-13 7.43E-13 1.32E-06 1.43E-19 2.27E-11
  2.98E+06 5.67E-11 2.10E-01 4.77E-06 9.48E-18 7.26E-12 2.13E-11 3.41E-11 6.58E-07 1.64E-08 8.46E-21 6.18E-11 9.18E-17 3.51E-22 3.03E-13 8.98E-13 1.20E-06 3.67E-19 1.07E-11
  3.18E+06 1.34E-10 2.10E-01 5.05E-06 3.70E-17 1.42E-11 3.38E-11 4.61E-11 6.22E-07 1.58E-08 1.80E-20 7.75E-11 1.70E-16 6.85E-22 4.25E-13 1.01E-12 1.08E-06 8.98E-19 4.55E-12
  3.38E+06 3.08E-10 2.10E-01 5.33E-06 1.57E-16 2.55E-11 4.92E-11 5.37E-11 5.82E-07 1.61E-08 3.52E-20 9.18E-11 2.91E-16 1.26E-21 5.96E-13 1.11E-12 9.54E-07 2.11E-18 1.74E-12
  3.58E+06 7.02E-10 2.10E-01 5.61E-06 6.89E-16 4.28E-11 6.63E-11 5.58E-11 5.40E-07 1.67E-08 6.36E-20 1.04E-10 4.62E-16 2.16E-21 8.40E-13 1.19E-12 8.33E-07 4.80E-18 6.15E-13
  3.78E+06 1.59E-09 2.10E-01 5.88E-06 3.08E-15 6.92E-11 8.46E-11 5.33E-11 4.98E-07 1.73E-08 1.09E-19 1.12E-10 6.99E-16 3.52E-21 1.20E-12 1.27E-12 7.18E-07 1.06E-17 2.01E-13
  3.98E+06 3.63E-09 2.10E-01 6.13E-06 1.42E-14 1.11E-10 1.04E-10 4.80E-11 4.57E-07 1.77E-08 1.82E-19 1.16E-10 1.04E-15 5.63E-21 1.74E-12 1.35E-12 6.11E-07 2.31E-17 6.06E-14
  4.18E+06 8.35E-09 2.10E-01 6.34E-06 6.63E-14 1.78E-10 1.26E-10 4.25E-11 4.21E-07 1.80E-08 3.00E-19 1.15E-10 1.52E-15 8.88E-21 2.61E-12 1.46E-12 5.15E-07 4.95E-17 1.68E-14
  4.38E+06 1.86E-08 2.10E-01 6.52E-06 2.86E-13 2.70E-10 1.53E-10 3.88E-11 3.94E-07 1.81E-08 4.64E-19 1.07E-10 2.13E-15 1.33E-20 3.86E-12 1.65E-12 4.33E-07 9.92E-17 4.36E-15
  4.58E+06 3.75E-08 2.10E-01 6.66E-06 1.01E-12 3.69E-10 1.82E-10 3.65E-11 3.79E-07 1.85E-08 6.32E-19 9.09E-11 2.70E-15 1.80E-20 5.36E-12 1.91E-12 3.68E-07 1.74E-16 1.13E-15
  4.78E+06 6.63E-08 2.10E-01 6.74E-06 2.80E-12 4.55E-10 2.09E-10 3.44E-11 3.81E-07 1.92E-08 7.58E-19 7.33E-11 3.12E-15 2.18E-20 6.94E-12 2.22E-12 3.19E-07 2.64E-16 3.15E-16
  4.98E+06 1.05E-07 2.10E-01 6.78E-06 6.51E-12 5.23E-10 2.32E-10 3.19E-11 3.99E-07 2.08E-08 8.32E-19 5.79E-11 3.39E-15 2.43E-20 8.55E-12 2.54E-12 2.82E-07 3.62E-16 1.00E-16
  5.18E+06 1.56E-07 2.10E-01 6.78E-06 1.35E-11 5.77E-10 2.51E-10 2.92E-11 4.35E-07 2.40E-08 8.68E-19 4.58E-11 3.56E-15 2.62E-20 1.02E-11 2.87E-12 2.56E-07 4.63E-16 3.72E-17
  5.38E+06 2.22E-07 2.10E-01 6.74E-06 2.61E-11 6.24E-10 2.68E-10 2.67E-11 4.89E-07 3.03E-08 8.76E-19 3.65E-11 3.69E-15 2.78E-20 1.20E-11 3.22E-12 2.37E-07 5.64E-16 1.63E-17
  5.58E+06 3.06E-07 2.10E-01 6.68E-06 4.84E-11 6.67E-10 2.85E-10 2.45E-11 5.61E-07 4.19E-08 8.66E-19 2.94E-11 3.80E-15 2.93E-20 1.39E-11 3.59E-12 2.22E-07 6.61E-16 8.40E-18
  5.78E+06 4.16E-07 2.10E-01 6.58E-06 8.81E-11 7.12E-10 3.02E-10 2.26E-11 6.50E-07 6.23E-08 8.45E-19 2.40E-11 3.90E-15 3.09E-20 1.59E-11 3.98E-12 2.11E-07 7.55E-16 5.14E-18
  5.98E+06 5.58E-07 2.10E-01 6.47E-06 1.59E-10 7.62E-10 3.21E-10 2.12E-11 7.59E-07 9.58E-08 8.17E-19 1.97E-11 3.99E-15 3.26E-20 1.80E-11 4.37E-12 2.01E-07 8.42E-16 3.70E-18
  6.18E+06 7.41E-07 2.10E-01 6.32E-06 2.87E-10 8.19E-10 3.44E-10 2.01E-11 8.86E-07 1.48E-07 7.83E-19 1.63E-11 4.05E-15 3.41E-20 2.00E-11 4.74E-12 1.93E-07 9.20E-16 3.09E-18
  6.38E+06 9.77E-07 2.10E-01 6.16E-06 5.23E-10 8.88E-10 3.72E-10 1.95E-11 1.03E-06 2.24E-07 7.46E-19 1.35E-11 4.07E-15 3.53E-20 2.18E-11 5.03E-12 1.84E-07 9.87E-16 2.90E-18
  6.58E+06 1.29E-06 2.09E-01 5.96E-06 9.66E-10 9.70E-10 4.06E-10 1.91E-11 1.20E-06 3.32E-07 7.09E-19 1.11E-11 4.02E-15 3.61E-20 2.28E-11 5.16E-12 1.76E-07 1.04E-15 2.95E-18
  6.78E+06 1.70E-06 2.09E-01 5.74E-06 1.82E-09 1.07E-09 4.48E-10 1.90E-11 1.40E-06 4.79E-07 6.82E-19 9.14E-12 3.91E-15 3.65E-20 2.30E-11 5.12E-12 1.67E-07 1.07E-15 3.17E-18
  6.98E+06 2.24E-06 2.09E-01 5.49E-06 3.52E-09 1.21E-09 5.07E-10 1.99E-11 1.62E-06 6.73E-07 7.62E-19 8.10E-12 4.07E-15 3.62E-20 2.40E-11 5.51E-12 1.57E-07 1.14E-15 3.52E-18
  7.18E+06 2.81E-06 2.09E-01 5.21E-06 7.17E-09 1.46E-09 6.24E-10 2.47E-11 1.87E-06 9.23E-07 1.50E-18 1.01E-11 6.02E-15 3.34E-20 3.49E-11 8.64E-12 1.46E-07 1.71E-15 3.99E-18
  7.38E+06 3.27E-06 2.09E-01 4.87E-06 1.59E-08 2.03E-09 8.93E-10 3.93E-11 2.16E-06 1.25E-06 4.94E-18 2.03E-11 1.30E-14 2.77E-20 6.95E-11 1.85E-11 1.33E-07 4.89E-15 4.58E-18
  7.58E+06 3.85E-06 2.09E-01 4.47E-06 3.85E-08 3.03E-09 1.36E-09 6.68E-11 2.50E-06 1.68E-06 1.62E-17 4.58E-11 2.77E-14 2.21E-20 1.26E-10 3.59E-11 1.19E-07 1.56E-14 5.31E-18
  7.78E+06 5.13E-06 2.09E-01 3.99E-06 9.97E-08 4.30E-09 1.93E-09 9.81E-11 2.90E-06 2.28E-06 4.31E-17 8.86E-11 4.67E-14 1.91E-20 1.71E-10 5.07E-11 1.02E-07 3.64E-14 6.02E-18
  7.98E+06 8.57E-06 2.08E-01 3.39E-06 2.89E-07 5.51E-09 2.40E-09 1.02E-10 3.32E-06 3.09E-06 9.24E-17 1.33E-10 5.44E-14 1.88E-20 1.67E-10 4.70E-11 8.43E-08 5.31E-14 6.15E-18
  8.18E+06 3.97E-05 2.08E-01 2.69E-06 8.52E-07 3.10E-09 1.11E-09 3.17E-11 3.62E-06 4.20E-06 1.72E-16 1.15E-10 3.60E-14 3.74E-20 1.30E-10 2.18E-11 6.63E-08 2.21E-14 5.38E-18
  8.38E+06 2.45E-04 2.07E-01 1.98E-06 1.69E-06 1.32E-09 2.59E-10 3.58E-12 3.76E-06 5.60E-06 2.65E-16 4.17E-11 1.74E-14 9.60E-20 1.04E-10 5.71E-12 4.94E-08 5.31E-15 4.29E-18
  8.58E+06 1.04E-03 2.06E-01 1.37E-06 2.47E-06 7.22E-10 6.35E-11 2.58E-13 3.81E-06 7.28E-06 3.19E-16 1.29E-11 1.03E-14 1.90E-19 9.02E-11 1.19E-12 3.47E-08 1.58E-15 3.13E-18
  8.78E+06 3.24E-03 2.03E-01 8.82E-07 3.07E-06 4.36E-10 1.81E-11 1.24E-14 3.82E-06 9.19E-06 3.06E-16 4.66E-12 9.02E-15 2.91E-19 8.16E-11 2.25E-13 2.31E-08 5.74E-16 2.04E-18
  8.98E+06 7.89E-03 1.99E-01 5.37E-07 3.49E-06 2.64E-10 5.96E-12 4.24E-16 3.82E-06 1.13E-05 2.40E-16 1.98E-12 8.85E-15 3.53E-19 7.50E-11 4.30E-14 1.45E-08 2.44E-16 1.18E-18
  9.18E+06 1.59E-02 1.92E-01 3.11E-07 3.77E-06 1.57E-10 2.25E-12 1.63E-17 3.81E-06 1.33E-05 1.64E-16 9.95E-13 8.44E-15 3.59E-19 6.89E-11 9.03E-15 8.75E-09 1.18E-16 6.26E-19
  9.38E+06 2.75E-02 1.83E-01 1.74E-07 3.95E-06 9.09E-11 9.49E-13 1.28E-18 3.79E-06 1.52E-05 1.07E-16 5.70E-13 7.66E-15 3.30E-19 6.24E-11 2.20E-15 5.17E-09 6.35E-17 3.22E-19
  9.58E+06 4.24E-02 1.71E-01 9.83E-08 4.08E-06 5.08E-11 4.38E-13 1.80E-19 3.78E-06 1.67E-05 7.32E-17 3.76E-13 7.93E-15 3.45E-19 5.52E-11 6.17E-16 3.12E-09 3.89E-17 1.71E-19
  9.78E+06 5.92E-02 1.59E-01 6.02E-08 4.17E-06 2.75E-11 2.19E-13 3.29E-20 3.76E-06 1.78E-05 5.88E-17 3.02E-13 1.41E-14 6.20E-19 4.75E-11 1.95E-16 2.10E-09 2.95E-17 1.02E-19
  9.98E+06 7.46E-02 1.49E-01 4.86E-08 4.22E-06 1.46E-11 1.19E-13 8.71E-21 3.74E-06 1.82E-05 7.35E-17 3.99E-13 1.03E-13 5.17E-18 4.00E-11 8.47E-17 1.85E-09 3.74E-17 7.65E-20

 TP, TL
           2.29E+15 2.46E+15 3.82E+10 3.41E+12 4.10E+12 3.00E+12 8.17E+10 3.57E+10 7.55E+10 3.89E+10 7.45E+10 5.62E+10 2.45E+08 1.08E+11 6.46E+10 1.02E+02 7.15E+10 4.35E-03
           2.29E+15 2.46E+15 2.50E+10 3.41E+12 4.10E+12 3.00E+12 7.92E+10 3.82E+10 3.94E+11 3.89E+10 7.40E+10 5.62E+10 2.45E+08 1.08E+11 6.52E+10 6.70E+10 7.15E+10 9.66E+08

     Z        NO       NO2      HNO      H2S      HS       S        SO       SO2      H2SO4    HSO      S2       S4       S8       SO3      OCS      S3       O3       HNO3    
  2.50E+04 1.95E-12 6.62E-12 2.32E-14 9.91E-12 2.01E-15 6.90E-28 1.46E-19 1.18E-10 2.37E-11 9.74E-14 1.10E-17 1.58E-25 4.13E-31 1.87E-19 3.37E-10 4.27E-37 2.18E-08 4.16E-11
  7.50E+04 2.23E-12 6.78E-12 1.90E-14 7.47E-12 1.50E-15 6.79E-28 1.32E-19 1.52E-10 1.77E-11 7.18E-14 1.07E-17 1.33E-25 4.13E-31 1.29E-19 3.56E-10 3.59E-37 2.23E-08 4.57E-11
  1.25E+05 2.58E-12 7.17E-12 1.46E-14 5.60E-12 1.04E-15 7.06E-28 1.14E-19 1.65E-10 1.44E-11 4.96E-14 1.03E-17 1.10E-25 4.13E-31 9.84E-20 3.75E-10 3.17E-37 2.33E-08 5.09E-11
  1.75E+05 3.01E-12 7.77E-12 1.12E-14 4.17E-12 7.23E-16 7.69E-28 9.87E-20 1.63E-10 1.25E-11 3.40E-14 9.97E-18 9.20E-26 4.13E-31 8.01E-20 3.96E-10 2.94E-37 2.47E-08 5.75E-11
  3.75E+05 5.78E-12 1.19E-11 3.96E-15 1.25E-12 1.67E-16 1.22E-27 5.91E-20 1.36E-10 9.65E-12 7.51E-15 9.40E-18 5.16E-26 4.13E-31 5.89E-20 4.82E-10 2.68E-37 3.37E-08 9.06E-11
  5.75E+05 1.02E-11 1.58E-11 1.50E-15 4.20E-13 4.48E-17 1.88E-27 4.28E-20 1.25E-10 8.12E-12 1.91E-15 9.06E-18 3.03E-26 4.13E-31 1.07E-19 5.58E-10 2.44E-37 4.57E-08 1.14E-10
  7.75E+05 1.08E-11 1.13E-11 5.69E-16 1.83E-13 1.99E-17 2.73E-27 3.71E-20 1.32E-10 6.38E-12 7.98E-16 8.45E-18 1.67E-26 4.13E-31 4.03E-19 6.19E-10 2.03E-37 5.87E-08 1.21E-10
  9.75E+05 1.56E-11 1.06E-11 2.75E-16 9.23E-14 8.36E-18 3.87E-27 4.61E-20 1.46E-10 5.46E-12 3.11E-16 7.85E-18 8.99E-27 4.13E-31 2.37E-18 6.69E-10 1.63E-37 7.49E-08 1.29E-10
  1.18E+06 4.18E-11 1.86E-11 1.84E-16 4.27E-14 2.81E-18 5.54E-27 7.19E-20 1.60E-10 5.67E-12 9.46E-17 7.51E-18 2.97E-26 4.13E-31 1.48E-17 7.11E-10 1.31E-37 9.95E-08 1.51E-10
  1.38E+06 9.16E-11 3.02E-11 1.20E-16 1.84E-14 1.16E-18 8.32E-27 9.82E-20 1.72E-10 5.35E-12 3.58E-17 7.52E-18 2.76E-27 4.13E-31 6.59E-17 7.41E-10 1.10E-37 1.35E-07 1.90E-10
  1.58E+06 1.60E-10 4.41E-11 8.90E-17 7.80E-15 6.85E-19 1.63E-26 1.86E-19 1.74E-10 4.64E-12 2.00E-17 7.83E-18 1.60E-27 4.13E-31 1.08E-16 7.55E-10 1.19E-37 1.91E-07 2.55E-10
  1.78E+06 2.88E-10 9.97E-11 8.16E-17 2.06E-15 4.81E-19 6.11E-26 7.56E-19 1.48E-10 3.55E-12 1.40E-17 7.87E-18 8.68E-28 4.13E-31 1.67E-16 7.48E-10 2.31E-37 3.57E-07 4.99E-10
  1.98E+06 5.25E-10 3.83E-10 8.29E-17 1.60E-16 3.64E-19 3.00E-25 2.10E-18 7.28E-11 1.52E-12 1.14E-17 3.11E-18 4.11E-28 4.12E-31 2.60E-16 6.83E-10 2.23E-37 9.54E-07 1.54E-09
  2.18E+06 8.05E-10 9.58E-10 8.93E-17 9.06E-18 3.56E-19 1.42E-24 4.45E-18 2.87E-11 5.88E-13 1.18E-17 1.64E-19 9.08E-32 4.11E-31 3.27E-16 5.69E-10 2.78E-38 1.94E-06 3.27E-09
  2.38E+06 1.21E-09 1.79E-09 9.71E-17 3.50E-18 3.72E-19 5.66E-24 1.21E-17 1.90E-11 4.35E-13 1.26E-17 1.16E-21 2.34E-36 4.10E-31 6.74E-16 4.39E-10 4.03E-40 3.05E-06 4.90E-09
  2.58E+06 1.85E-09 3.00E-09 9.97E-17 2.91E-18 3.73E-19 1.81E-23 4.00E-17 2.14E-11 5.89E-13 1.29E-17 1.82E-24 5.84E-41 4.09E-31 2.49E-15 3.06E-10 1.06E-42 4.19E-06 5.97E-09
  2.78E+06 2.86E-09 4.64E-09 8.83E-17 2.08E-18 3.33E-19 4.48E-23 1.23E-16 2.57E-11 9.31E-13 1.16E-17 7.31E-25 8.11E-41 4.07E-31 9.98E-15 1.85E-10 5.48E-43 5.25E-06 6.19E-09
  2.98E+06 4.33E-09 6.48E-09 6.00E-17 1.16E-18 2.47E-19 8.09E-23 3.03E-16 2.67E-11 1.64E-12 8.61E-18 3.61E-25 1.19E-40 4.05E-31 3.24E-14 9.18E-11 2.59E-43 6.10E-06 5.55E-09
  3.18E+06 6.26E-09 8.04E-09 2.85E-17 4.86E-19 1.40E-19 1.01E-22 5.53E-16 2.29E-11 5.56E-12 4.85E-18 9.50E-26 1.76E-40 4.03E-31 8.09E-14 3.52E-11 4.58E-44 6.63E-06 4.33E-09
  3.38E+06 8.47E-09 8.89E-09 9.36E-18 1.45E-19 5.75E-20 8.32E-23 7.47E-16 1.64E-11 2.17E-11 1.96E-18 1.21E-26 2.61E-40 4.01E-31 1.69E-13 9.81E-12 2.57E-45 6.80E-06 2.95E-09
  3.58E+06 1.07E-08 8.78E-09 3.51E-18 2.98E-20 1.62E-20 4.27E-23 8.45E-16 1.11E-11 2.80E-11 5.37E-19 6.65E-28 3.88E-40 3.98E-31 2.97E-13 1.88E-12 3.94E-47 6.69E-06 1.78E-09
  3.78E+06 1.27E-08 7.75E-09 3.93E-18 4.01E-21 2.98E-21 1.43E-23 1.04E-15 8.92E-12 2.84E-11 9.54E-20 1.57E-29 5.72E-40 3.94E-31 4.36E-13 2.40E-13 1.71E-49 6.45E-06 9.95E-10
  3.98E+06 1.44E-08 6.06E-09 6.83E-18 3.44E-22 3.51E-22 6.27E-24 1.57E-15 9.32E-12 2.70E-11 1.05E-20 3.08E-31 8.39E-40 3.91E-31 5.19E-13 1.99E-14 8.19E-52 6.12E-06 5.21E-10
  4.18E+06 1.56E-08 4.09E-09 1.17E-17 1.85E-23 2.53E-23 1.06E-23 2.53E-15 1.09E-11 2.48E-11 6.60E-22 1.46E-32 1.22E-39 3.87E-31 5.17E-13 1.08E-15 3.71E-53 5.62E-06 2.48E-10
  4.38E+06 1.59E-08 2.33E-09 1.81E-17 6.91E-25 1.22E-24 2.48E-23 3.95E-15 1.28E-11 2.26E-11 2.95E-23 6.20E-34 1.77E-39 3.82E-31 4.62E-13 3.79E-17 2.13E-54 4.94E-06 1.01E-10
  4.58E+06 1.53E-08 1.17E-09 2.36E-17 1.38E-25 3.31E-25 5.45E-23 5.97E-15 1.46E-11 2.05E-11 1.97E-23 1.81E-35 2.52E-39 3.77E-31 3.86E-13 9.21E-19 8.00E-56 4.15E-06 3.50E-11
  4.78E+06 1.40E-08 5.62E-10 2.64E-17 1.56E-25 4.59E-25 1.13E-22 8.86E-15 1.62E-11 1.86E-11 3.95E-23 4.68E-37 3.49E-39 3.71E-31 3.09E-13 1.74E-20 2.56E-57 3.38E-06 1.11E-11
  4.98E+06 1.22E-08 2.68E-10 2.66E-17 1.67E-25 5.84E-25 2.26E-22 1.31E-14 1.74E-11 1.69E-11 7.22E-23 6.35E-38 4.71E-39 3.65E-31 2.43E-13 2.98E-22 4.19E-58 2.74E-06 3.42E-12
  5.18E+06 1.05E-08 1.29E-10 2.50E-17 1.67E-25 6.90E-25 4.44E-22 1.94E-14 1.85E-11 1.54E-11 1.25E-22 6.29E-38 6.21E-39 3.58E-31 1.90E-13 5.25E-24 4.99E-58 2.24E-06 1.07E-12
  5.38E+06 8.78E-09 6.25E-11 2.25E-17 1.65E-25 8.06E-25 8.71E-22 2.91E-14 1.93E-11 1.40E-11 2.14E-22 7.41E-38 8.07E-39 3.51E-31 1.49E-13 1.06E-25 7.08E-58 1.86E-06 3.40E-13
  5.58E+06 7.24E-09 3.04E-11 1.97E-17 1.68E-25 9.64E-25 1.72E-21 4.44E-14 1.99E-11 1.27E-11 3.64E-22 8.95E-38 1.04E-38 3.43E-31 1.17E-13 3.60E-27 1.04E-57 1.55E-06 1.10E-13
  5.78E+06 5.89E-09 1.49E-11 1.70E-17 1.81E-25 1.21E-24 3.44E-21 6.89E-14 2.03E-11 1.15E-11 6.28E-22 1.10E-37 1.32E-38 3.34E-31 9.22E-14 1.80E-27 1.58E-57 1.31E-06 3.65E-14
  5.98E+06 4.75E-09 7.37E-12 1.45E-17 2.08E-25 1.62E-24 7.00E-21 1.09E-13 2.06E-11 1.03E-11 1.11E-21 1.41E-37 1.68E-38 3.25E-31 7.28E-14 2.95E-27 2.50E-57 1.11E-06 1.23E-14
  6.18E+06 3.79E-09 3.71E-12 1.24E-17 2.59E-25 2.34E-24 1.44E-20 1.75E-13 2.08E-11 9.22E-12 2.01E-21 1.92E-37 2.13E-38 3.15E-31 5.73E-14 5.08E-27 4.26E-57 9.39E-07 4.29E-15
  6.38E+06 3.01E-09 1.93E-12 1.06E-17 3.50E-25 3.65E-24 3.03E-20 2.84E-13 2.09E-11 8.15E-12 3.73E-21 2.88E-37 2.70E-38 3.05E-31 4.50E-14 8.54E-27 8.07E-57 7.87E-07 1.54E-15
  6.58E+06 2.39E-09 1.04E-12 9.17E-18 5.05E-25 6.07E-24 6.37E-20 4.63E-13 2.09E-11 7.12E-12 6.97E-21 5.04E-37 3.43E-38 2.94E-31 3.52E-14 1.38E-26 1.76E-56 6.53E-07 5.77E-16
  6.78E+06 1.90E-09 5.93E-13 8.01E-18 7.83E-25 1.09E-23 1.35E-19 7.53E-13 2.07E-11 6.14E-12 1.32E-20 1.07E-36 4.36E-38 2.82E-31 2.78E-14 2.10E-26 4.63E-56 5.36E-07 2.26E-16
  6.98E+06 1.52E-09 3.61E-13 7.24E-18 1.34E-24 2.09E-23 2.83E-19 1.21E-12 2.04E-11 5.20E-12 2.52E-20 2.75E-36 5.56E-38 2.70E-31 2.38E-14 3.02E-26 1.45E-55 4.32E-07 9.56E-17
  7.18E+06 1.24E-09 2.60E-13 7.27E-18 2.99E-24 4.79E-23 5.78E-19 1.87E-12 1.98E-11 4.30E-12 5.07E-20 9.36E-36 7.10E-38 2.56E-31 2.69E-14 4.04E-26 5.71E-55 3.27E-07 4.98E-17
  7.38E+06 1.04E-09 2.46E-13 8.70E-18 9.53E-24 1.41E-22 1.10E-18 2.68E-12 1.92E-11 3.40E-12 1.09E-19 4.31E-35 9.07E-38 2.42E-31 4.25E-14 4.91E-26 2.80E-54 2.22E-07 3.69E-17
  7.58E+06 8.96E-10 2.55E-13 1.14E-17 3.18E-23 4.39E-22 1.88E-18 3.41E-12 1.86E-11 2.53E-12 2.18E-19 1.92E-34 1.16E-37 2.26E-31 7.06E-14 5.47E-26 1.17E-53 1.45E-07 3.16E-17
  7.78E+06 7.81E-10 2.25E-13 1.42E-17 8.38E-23 1.20E-21 3.03E-18 4.05E-12 1.80E-11 1.72E-12 3.74E-19 6.34E-34 1.46E-37 2.07E-31 9.92E-14 5.81E-26 3.33E-53 1.01E-07 2.22E-17
  7.98E+06 6.78E-10 1.38E-13 1.55E-17 1.38E-22 2.64E-21 4.90E-18 4.75E-12 1.72E-11 1.05E-12 5.45E-19 1.35E-33 1.80E-37 1.85E-31 1.11E-13 6.38E-26 6.05E-53 7.88E-08 9.77E-18
  8.18E+06 5.68E-10 1.52E-14 6.02E-18 2.71E-23 1.20E-21 1.10E-17 7.63E-12 1.40E-11 5.60E-13 4.17E-19 3.00E-34 2.15E-37 1.59E-31 9.71E-14 7.58E-26 1.56E-53 1.47E-07 1.16E-18
  8.38E+06 4.51E-10 1.61E-15 1.11E-18 5.86E-25 1.27E-22 2.17E-17 1.07E-11 1.03E-11 2.59E-13 1.40E-19 1.04E-35 2.42E-37 1.28E-31 6.77E-14 6.88E-26 5.48E-55 3.89E-07 6.46E-20
  8.58E+06 3.49E-10 6.32E-16 2.11E-19 4.99E-27 1.19E-23 3.42E-17 1.20E-11 8.13E-12 1.02E-13 3.84E-20 4.10E-37 2.48E-37 9.46E-32 3.85E-14 4.00E-26 1.75E-56 8.00E-07 3.20E-21
  8.78E+06 2.67E-10 3.28E-16 4.64E-20 5.00E-29 1.40E-24 4.91E-17 1.22E-11 6.72E-12 3.44E-14 1.12E-20 4.19E-38 2.21E-37 6.08E-32 1.93E-14 1.93E-26 1.33E-57 1.32E-06 2.00E-22
  8.98E+06 2.01E-10 1.75E-16 1.18E-20 1.06E-30 2.17E-25 6.78E-17 1.19E-11 5.53E-12 9.71E-15 3.67E-21 1.18E-38 1.63E-37 3.24E-32 9.77E-15 1.01E-26 2.71E-58 1.77E-06 2.07E-23
  9.18E+06 1.47E-10 9.26E-17 3.36E-21 4.36E-32 4.46E-26 9.18E-17 1.14E-11 4.30E-12 2.31E-15 1.39E-21 4.93E-39 9.31E-38 1.35E-32 5.25E-15 6.01E-27 8.09E-59 2.03E-06 2.86E-24
  9.38E+06 1.04E-10 4.77E-17 1.05E-21 2.98E-33 1.16E-26 1.22E-16 1.06E-11 3.12E-12 4.72E-16 5.81E-22 2.35E-39 3.93E-38 4.16E-33 2.81E-15 3.94E-27 2.74E-59 2.00E-06 4.19E-25
  9.58E+06 7.21E-11 2.41E-17 3.58E-22 3.05E-34 3.63E-27 1.61E-16 9.56E-12 2.08E-12 8.60E-17 2.64E-22 1.36E-39 1.19E-38 9.19E-34 1.40E-15 2.75E-27 1.11E-59 1.72E-06 6.28E-26
  9.78E+06 5.15E-11 1.26E-17 1.37E-22 4.23E-35 1.33E-27 2.07E-16 8.39E-12 1.28E-12 1.50E-17 1.26E-22 9.97E-40 2.59E-39 1.47E-34 6.35E-16 1.98E-27 5.62E-60 1.31E-06 9.67E-27
  9.98E+06 4.25E-11 7.54E-18 6.62E-23 7.94E-36 5.61E-28 2.60E-16 7.15E-12 7.46E-13 3.50E-18 6.29E-23 8.67E-40 4.35E-40 1.80E-35 2.89E-16 1.44E-27 3.25E-60 8.64E-07 1.93E-27

 TP, TL
           2.74E+13 2.75E+13 1.98E+08 1.81E+07 1.40E+10 7.70E+06 4.10E+08 1.95E+11 2.35E+10 1.39E+10 8.61E+03 1.25E-01 4.01E-17 2.35E+10 9.48E+06 3.24E-12 2.28E+15 1.31E+10
           2.74E+13 2.75E+13 1.98E+08 2.20E+08 1.40E+10 7.70E+06 4.10E+08 1.95E+11 2.43E+10 1.39E+10 8.62E+03 3.04E-01 4.33E-17 2.35E+10 1.86E+07 3.24E-12 2.28E+15 1.30E+10

     Z        N        NO3      N2O      HO2NO2   N2O5     NH       NH2      NH3      CO2      CS       CS2      HCS      C2H6S    C2H5S    C2H5SO   C2H5SO2  CH3S     CH3SO   
  2.50E+04 3.87-231 9.39E-16 2.73E-07 9.62E-14 1.62E-17 9.92E-39 1.01E-38 2.90E-09 2.84E-04 2.19E-19 4.28E-12 1.06E-28 1.23E-10 2.31E-23 2.24E-20 1.16E-12 2.43E-16 4.11E-15
  7.50E+04 2.44-224 8.86E-16 2.76E-07 1.36E-13 2.08E-17 9.92E-39 1.01E-38 2.67E-09 2.88E-04 2.23E-19 3.97E-12 1.09E-28 8.56E-11 1.66E-23 1.60E-20 7.53E-13 1.76E-16 3.01E-15
  1.25E+05 1.34-217 8.77E-16 2.79E-07 2.00E-13 2.91E-17 9.92E-39 1.01E-38 2.44E-09 2.93E-04 2.21E-19 3.67E-12 1.16E-28 5.94E-11 1.21E-23 1.11E-20 4.70E-13 1.21E-16 2.10E-15
  1.75E+05 6.33-211 9.01E-16 2.82E-07 3.01E-13 4.34E-17 9.92E-39 1.01E-38 2.22E-09 2.97E-04 2.16E-19 3.38E-12 1.24E-28 4.10E-11 8.83E-24 7.67E-21 2.91E-13 8.24E-17 1.45E-15
  3.75E+05 5.87-185 1.17E-15 2.94E-07 1.75E-12 2.95E-16 9.92E-39 1.01E-38 1.46E-09 3.17E-04 1.76E-19 2.40E-12 1.58E-28 8.98E-12 2.53E-24 1.77E-21 4.18E-14 1.62E-17 3.02E-16
  5.75E+05 1.95-160 1.25E-15 3.06E-07 1.15E-11 2.02E-15 9.92E-39 1.01E-38 9.35E-10 3.35E-04 1.39E-19 1.72E-12 1.82E-28 2.25E-12 7.27E-25 4.08E-22 6.47E-15 3.18E-18 6.34E-17
  7.75E+05 1.28-137 9.38E-16 3.15E-07 4.22E-11 4.63E-15 9.92E-39 1.01E-38 5.96E-10 3.48E-04 1.13E-19 1.26E-12 1.97E-28 7.65E-13 2.11E-25 9.51E-23 1.67E-15 6.53E-19 1.44E-17
  9.75E+05 1.57-116 9.65E-16 3.22E-07 6.65E-11 6.33E-15 9.92E-39 1.01E-38 3.61E-10 3.60E-04 9.00E-20 9.18E-13 2.06E-28 3.12E-13 8.18E-26 2.93E-23 4.17E-16 1.77E-19 4.36E-18
  1.18E+06 5.71E-97 1.14E-15 3.28E-07 6.43E-11 9.44E-15 9.92E-39 1.01E-38 1.88E-10 3.70E-04 6.57E-20 6.28E-13 2.13E-28 1.14E-13 3.92E-26 1.09E-23 7.02E-17 5.76E-20 1.57E-18
  1.38E+06 9.95E-79 1.17E-15 3.33E-07 4.61E-11 1.14E-14 9.92E-39 1.01E-38 8.06E-11 3.78E-04 4.46E-20 4.01E-13 2.17E-28 3.76E-14 1.53E-26 3.21E-24 1.20E-17 1.54E-20 4.48E-19
  1.58E+06 1.44E-62 1.28E-15 3.34E-07 3.18E-11 1.32E-14 9.92E-39 1.01E-38 2.82E-11 3.82E-04 2.85E-20 2.43E-13 2.19E-28 1.21E-14 6.07E-27 9.38E-25 2.63E-18 4.12E-21 1.26E-19
  1.78E+06 3.61E-50 2.34E-15 3.32E-07 3.10E-11 3.68E-14 9.92E-39 1.01E-38 4.26E-12 3.84E-04 1.06E-20 9.96E-14 2.19E-28 2.11E-15 1.50E-27 1.68E-25 3.61E-19 5.41E-22 1.66E-20
  1.98E+06 3.02E-41 9.86E-15 3.19E-07 6.43E-11 3.71E-13 9.92E-39 1.01E-38 7.09E-14 3.85E-04 1.08E-21 1.06E-14 2.14E-28 8.16E-17 8.72E-29 6.88E-27 1.17E-20 1.22E-23 3.59E-22
  2.18E+06 8.66E-35 3.48E-14 2.95E-07 1.30E-10 2.00E-12 9.92E-39 1.01E-38 2.83E-16 3.85E-04 3.61E-23 2.09E-16 2.06E-28 1.37E-18 2.53E-30 1.42E-28 2.27E-22 1.81E-25 5.11E-24
  2.38E+06 5.82E-30 8.22E-14 2.66E-07 2.05E-10 5.34E-12 9.92E-39 1.01E-38 7.99E-19 3.85E-04 2.97E-25 7.69E-19 1.96E-28 1.61E-20 5.65E-32 2.28E-30 3.46E-24 2.65E-27 7.24E-26
  2.58E+06 2.93E-26 1.60E-13 2.34E-07 2.68E-10 1.01E-11 9.92E-39 1.01E-38 2.07E-21 3.85E-04 3.72E-28 3.94E-22 1.84E-28 1.20E-22 8.58E-34 2.50E-32 3.49E-26 3.01E-29 7.95E-28
  2.78E+06 2.28E-23 2.70E-13 1.99E-07 2.90E-10 1.44E-11 9.92E-39 1.01E-38 5.41E-24 3.85E-04 5.73E-32 2.49E-26 1.70E-28 4.98E-25 7.47E-36 1.58E-34 2.00E-28 2.16E-31 5.48E-30
  2.98E+06 4.14E-21 3.89E-13 1.63E-07 2.57E-10 1.49E-11 9.93E-39 1.01E-38 1.53E-26 3.85E-04 1.19E-36 2.18E-31 1.54E-28 1.08E-27 3.33E-38 5.14E-37 6.00E-31 8.52E-34 2.09E-32
  3.18E+06 2.31E-19 4.90E-13 1.29E-07 1.88E-10 1.13E-11 9.93E-39 1.01E-38 4.87E-29 3.85E-04 1.03E-38 3.43E-37 1.36E-28 1.29E-30 7.72E-41 8.72E-40 9.81E-34 1.87E-36 4.44E-35
  3.38E+06 4.88E-18 5.57E-13 9.81E-08 1.16E-10 6.71E-12 9.93E-39 1.01E-38 1.80E-31 3.85E-04 3.55E-38 5.51E-40 1.15E-28 1.00E-33 1.08E-43 8.94E-43 1.04E-36 2.64E-39 6.02E-38
  3.58E+06 4.81E-17 5.80E-13 7.22E-08 6.15E-11 3.21E-12 9.93E-39 1.01E-38 7.97E-34 3.85E-04 1.25E-37 1.05E-40 9.08E-29 6.23E-37 1.12E-46 6.84E-46 8.73E-40 2.91E-42 6.36E-41
  3.78E+06 2.69E-16 5.57E-13 5.18E-08 2.85E-11 1.26E-12 9.94E-39 1.01E-38 4.27E-36 3.85E-04 4.16E-37 1.23E-41 6.53E-29 3.49E-40 1.01E-49 4.58E-49 6.79E-43 2.84E-45 5.98E-44
  3.98E+06 1.00E-15 4.90E-13 3.64E-08 1.15E-11 4.05E-13 9.94E-39 1.01E-38 2.81E-38 3.85E-04 1.24E-36 1.60E-42 4.02E-29 1.79E-43 8.34E-53 2.83E-52 5.07E-46 2.57E-48 5.25E-47
  4.18E+06 2.76E-15 3.82E-13 2.52E-08 4.04E-12 9.94E-14 9.94E-39 1.01E-38 2.26E-40 3.85E-04 3.00E-36 6.12E-43 1.92E-29 8.21E-47 6.10E-56 1.56E-55 3.51E-49 2.13E-51 4.23E-50
  4.38E+06 6.10E-15 2.52E-13 1.74E-08 1.25E-12 1.79E-14 9.95E-39 1.01E-38 2.23E-42 3.85E-04 4.68E-36 2.18E-43 6.11E-30 3.55E-50 4.01E-59 7.78E-59 2.30E-52 1.64E-54 3.20E-53
  4.58E+06 1.17E-14 1.39E-13 1.20E-08 3.68E-13 2.51E-15 9.95E-39 1.01E-38 2.68E-44 3.85E-04 3.54E-36 4.49E-44 1.12E-30 1.81E-53 2.80E-62 4.17E-62 1.69E-55 1.40E-57 2.69E-56
  4.78E+06 2.04E-14 6.66E-14 8.39E-09 1.09E-13 3.17E-16 9.96E-39 1.01E-38 3.88E-46 3.85E-04 1.14E-36 5.17E-45 1.07E-31 1.43E-56 2.72E-65 3.15E-65 1.82E-58 1.69E-60 3.24E-59
  4.98E+06 3.38E-14 2.97E-14 5.93E-09 3.33E-14 3.99E-17 9.97E-39 1.01E-38 6.70E-48 3.85E-04 1.62E-37 3.36E-46 5.46E-33 2.08E-59 4.54E-68 4.10E-68 3.48E-61 3.51E-63 6.74E-62
  5.18E+06 5.47E-14 1.28E-14 4.27E-09 1.06E-14 5.15E-18 9.97E-39 1.02E-38 1.37E-49 3.85E-04 1.13E-38 1.32E-47 1.58E-34 5.95E-62 1.44E-70 1.02E-70 1.29E-63 1.35E-65 2.63E-64
  5.38E+06 8.77E-14 5.41E-15 3.13E-09 3.44E-15 6.74E-19 9.98E-39 1.02E-38 3.29E-51 3.84E-04 1.92E-39 1.46E-48 1.23E-35 3.37E-64 8.78E-73 4.92E-73 9.37E-66 9.89E-68 1.96E-66
  5.58E+06 1.41E-13 2.27E-15 2.34E-09 1.15E-15 8.89E-20 9.99E-39 1.02E-38 9.32E-53 3.84E-04 5.34E-39 2.99E-48 1.70E-35 3.65E-66 1.02E-74 4.51E-75 1.31E-67 1.35E-69 2.74E-68
  5.78E+06 2.27E-13 9.46E-16 1.79E-09 3.89E-16 1.18E-20 1.00E-38 1.02E-38 3.13E-54 3.84E-04 2.18E-38 9.81E-48 3.62E-35 7.23E-68 2.15E-76 7.55E-77 3.38E-69 3.31E-71 6.96E-70
  5.98E+06 3.69E-13 3.96E-16 1.40E-09 1.35E-16 1.59E-21 1.00E-38 1.02E-38 1.25E-55 3.83E-04 1.79E-37 6.97E-47 1.61E-34 2.47E-69 7.87E-78 2.19E-78 1.52E-70 1.40E-72 3.05E-71
  6.18E+06 6.05E-13 1.67E-16 1.12E-09 4.81E-17 2.21E-22 1.00E-38 1.02E-38 5.93E-57 3.83E-04 2.23E-36 7.97E-46 1.12E-33 1.36E-70 4.67E-79 1.03E-79 1.12E-71 9.62E-74 2.19E-72
  6.38E+06 9.92E-13 7.19E-17 9.15E-10 1.78E-17 3.20E-23 1.01E-38 1.02E-38 3.32E-58 3.82E-04 2.36E-35 8.08E-45 6.76E-33 1.14E-71 4.23E-80 7.42E-81 1.28E-72 1.02E-74 2.43E-73
  6.58E+06 1.60E-12 3.18E-17 7.62E-10 6.83E-18 4.92E-24 1.01E-38 1.02E-38 2.18E-59 3.81E-04 1.94E-34 6.45E-44 3.18E-32 1.37E-72 5.55E-81 7.73E-82 2.12E-73 1.59E-75 3.99E-74
  6.78E+06 2.56E-12 1.47E-17 6.45E-10 2.75E-18 8.15E-25 1.01E-38 1.03E-38 1.67E-60 3.80E-04 1.61E-33 5.32E-43 1.54E-31 2.24E-73 1.01E-81 1.12E-82 4.90E-74 3.49E-76 9.23E-75
  6.98E+06 3.99E-12 7.12E-18 5.56E-10 1.20E-18 1.50E-25 1.01E-38 1.03E-38 1.50E-61 3.79E-04 2.07E-32 6.67E-42 1.14E-30 4.81E-74 2.43E-82 2.16E-83 1.51E-74 1.05E-76 2.93E-75
  7.18E+06 5.93E-12 3.90E-18 4.85E-10 6.54E-19 3.59E-26 1.02E-38 1.03E-38 1.55E-62 3.78E-04 2.91E-31 8.57E-41 8.52E-30 1.24E-74 7.61E-83 5.39E-84 5.94E-75 4.39E-77 1.30E-75
  7.38E+06 7.83E-12 2.59E-18 4.27E-10 5.25E-19 1.32E-26 1.02E-38 1.04E-38 1.81E-63 3.77E-04 2.99E-30 6.89E-40 4.06E-29 3.46E-75 2.95E-83 1.67E-84 2.85E-75 2.55E-77 7.91E-76
  7.58E+06 9.01E-12 1.86E-18 3.76E-10 4.77E-19 5.69E-27 1.03E-38 1.04E-38 2.31E-64 3.75E-04 1.89E-29 2.84E-39 1.13E-28 9.71E-76 1.24E-83 5.91E-85 1.55E-75 1.79E-77 5.81E-76
  7.78E+06 9.85E-12 1.21E-18 3.31E-10 3.38E-19 1.88E-27 1.03E-38 1.05E-38 3.07E-65 3.72E-04 7.17E-29 6.38E-39 2.03E-28 2.76E-76 4.99E-84 2.29E-85 9.24E-76 1.32E-77 4.49E-76
  7.98E+06 1.15E-11 6.36E-19 2.87E-10 1.42E-19 3.44E-28 1.04E-38 1.06E-38 4.10E-66 3.68E-04 1.59E-28 8.01E-39 2.50E-28 8.65E-77 2.01E-84 9.58E-86 6.07E-76 9.51E-78 3.24E-76
  8.18E+06 2.37E-11 1.09E-19 2.45E-10 7.61E-21 7.61E-30 1.06E-38 1.07E-38 5.31E-67 3.63E-04 1.36E-28 5.91E-39 3.30E-28 4.32E-77 5.66E-85 4.24E-86 4.46E-76 3.29E-78 1.70E-76
  8.38E+06 4.86E-11 1.34E-20 2.05E-10 1.16E-22 4.73E-32 1.08E-38 1.09E-38 6.47E-68 3.56E-04 6.19E-29 2.81E-39 4.70E-28 3.37E-77 1.89E-85 1.98E-86 3.67E-76 8.00E-79 5.65E-77
  8.58E+06 7.51E-11 4.23E-21 1.65E-10 3.46E-24 1.32E-33 1.11E-38 1.12E-38 7.31E-69 3.47E-04 2.68E-29 1.32E-39 6.05E-28 3.10E-77 9.55E-86 9.76E-87 3.29E-76 2.67E-79 1.50E-77
  8.78E+06 1.02E-10 1.63E-21 1.29E-10 2.24E-25 1.09E-34 1.15E-38 1.16E-38 7.67E-70 3.33E-04 1.25E-29 7.17E-40 7.15E-28 3.02E-77 5.70E-86 4.93E-87 3.03E-76 1.14E-79 4.75E-78
  8.98E+06 1.34E-10 6.39E-22 9.64E-11 1.95E-26 9.75E-36 1.22E-38 1.22E-38 7.65E-71 3.16E-04 6.21E-30 4.36E-40 7.68E-28 2.97E-77 3.47E-86 2.42E-87 2.75E-76 5.79E-80 2.08E-78
  9.18E+06 1.72E-10 2.50E-22 6.90E-11 2.03E-27 9.15E-37 1.31E-38 1.30E-38 7.58E-72 2.93E-04 3.37E-30 2.95E-40 7.61E-28 2.84E-77 2.05E-86 1.11E-87 2.35E-76 3.14E-80 1.10E-78
  9.38E+06 2.17E-10 9.54E-23 4.75E-11 2.38E-28 8.70E-38 1.43E-38 1.42E-38 7.90E-73 2.67E-04 1.98E-30 2.19E-40 7.18E-28 2.59E-77 1.13E-86 4.52E-88 1.83E-76 1.75E-80 6.28E-79
  9.58E+06 2.66E-10 3.60E-23 3.19E-11 3.06E-29 8.54E-39 1.59E-38 1.56E-38 9.21E-74 2.37E-04 1.31E-30 1.83E-40 6.85E-28 2.21E-77 5.75E-87 1.63E-88 1.28E-76 9.82E-81 3.76E-79
  9.78E+06 3.19E-10 1.39E-23 2.19E-11 4.35E-30 9.22E-40 1.79E-38 1.73E-38 1.28E-74 2.07E-04 1.06E-30 1.86E-40 7.37E-28 1.76E-77 2.67E-87 5.39E-89 8.06E-77 5.82E-81 2.42E-79
  9.98E+06 3.71E-10 6.05E-24 1.66E-11 8.14E-31 1.34E-40 2.02E-38 1.94E-38 3.40E-75 1.78E-04 1.25E-30 2.73E-40 1.08E-27 1.32E-77 1.14E-87 1.84E-89 4.59E-77 4.16E-81 1.69E-79

 TP, TL
           1.36E+08 3.61E+10 5.41E+05 4.27E+10 2.27E+08 0.00E+00 0.00E+00 0.00E+00 1.28E+12 2.00E+07 2.35E+09 4.60E-09 0.00E+00 2.48E+09 2.48E+09 2.48E+09 2.48E+09 2.48E+09
           1.36E+08 3.61E+10 1.58E+09 4.27E+10 2.27E+08 0.00E+00 0.00E+00 4.26E+08 8.87E+11 2.00E+07 2.37E+09 4.93E-09 3.32E+09 2.48E+09 2.48E+09 2.48E+09 2.48E+09 2.48E+09

     Z        CH3SO2   CH3SO3   CH4SO2   C2H6SO   C2H7SO   SO4AER   S8AER   
  2.50E+04 1.07E-16 1.74E-17 3.62E-13 2.83E-12 2.19E-23 2.29E-10 1.00E-38
  7.50E+04 7.85E-17 1.24E-17 2.92E-13 2.25E-12 1.52E-23 2.33E-10 1.00E-38
  1.25E+05 5.53E-17 8.64E-18 2.16E-13 1.65E-12 1.06E-23 2.42E-10 1.00E-38
  1.75E+05 3.86E-17 6.07E-18 1.53E-13 1.17E-12 7.41E-24 2.58E-10 1.00E-38
  3.75E+05 8.94E-18 1.55E-18 3.44E-14 2.61E-13 1.78E-24 3.68E-10 1.00E-38
  5.75E+05 2.06E-18 3.93E-19 8.63E-15 6.55E-14 4.01E-25 4.96E-10 1.00E-38
  7.75E+05 4.81E-19 9.49E-20 2.94E-15 2.23E-14 8.48E-26 6.26E-10 1.00E-38
  9.75E+05 1.48E-19 2.97E-20 1.20E-15 9.09E-15 2.24E-26 7.70E-10 1.00E-38
  1.18E+06 5.51E-20 1.14E-20 4.38E-16 3.32E-15 7.42E-27 9.47E-10 1.00E-38
  1.38E+06 1.62E-20 3.45E-21 1.45E-16 1.10E-15 2.25E-27 1.13E-09 1.00E-38
  1.58E+06 4.73E-21 1.05E-21 4.64E-17 3.52E-16 7.46E-28 1.28E-09 1.00E-38
  1.78E+06 8.38E-22 2.51E-22 8.09E-18 6.14E-17 1.78E-28 1.41E-09 1.00E-38
  1.98E+06 3.32E-23 1.88E-23 3.14E-19 2.38E-18 1.18E-29 1.42E-09 1.00E-38
  2.18E+06 6.63E-25 5.44E-25 5.29E-21 4.02E-20 3.89E-31 1.28E-09 1.00E-38
  2.38E+06 1.05E-26 9.75E-27 6.20E-23 4.71E-22 9.69E-33 1.13E-09 1.00E-38
  2.58E+06 1.15E-28 1.06E-28 4.63E-25 3.51E-24 1.66E-34 9.92E-10 1.00E-38
  2.78E+06 7.36E-31 6.18E-31 1.92E-27 1.46E-26 1.63E-36 8.74E-10 1.00E-38
  2.98E+06 2.44E-33 1.74E-33 4.15E-30 3.15E-29 8.20E-39 7.63E-10 1.00E-38
  3.18E+06 4.21E-36 2.39E-36 4.95E-33 3.76E-32 2.14E-41 6.42E-10 1.00E-38
  3.38E+06 4.40E-39 1.88E-39 3.86E-36 2.93E-35 3.42E-44 4.92E-10 1.00E-38
  3.58E+06 3.41E-42 1.06E-42 2.40E-39 1.82E-38 4.12E-47 3.56E-10 1.00E-38
  3.78E+06 2.31E-45 5.12E-46 1.34E-42 1.02E-41 4.29E-50 2.43E-10 1.00E-38
  3.98E+06 1.44E-48 2.25E-49 6.89E-46 5.23E-45 4.03E-53 1.57E-10 1.00E-38
  4.18E+06 7.97E-52 8.60E-53 3.15E-49 2.39E-48 3.32E-56 9.44E-11 1.00E-38
  4.38E+06 4.00E-55 2.87E-56 1.36E-52 1.04E-51 2.39E-59 5.32E-11 1.00E-38
  4.58E+06 2.15E-58 9.93E-60 6.97E-56 5.29E-55 1.78E-62 2.79E-11 1.01E-38
  4.78E+06 1.62E-61 4.72E-63 5.49E-59 4.17E-58 1.78E-65 1.36E-11 1.03E-38
  4.98E+06 2.12E-64 3.88E-66 7.98E-62 6.06E-61 2.96E-68 6.13E-12 1.07E-38
  5.18E+06 5.27E-67 6.15E-69 2.29E-64 1.74E-63 9.10E-71 2.57E-12 1.13E-38
  5.38E+06 2.54E-69 1.92E-71 1.29E-66 9.81E-66 5.26E-73 1.01E-12 1.18E-38
  5.58E+06 2.33E-71 1.16E-73 1.40E-68 1.06E-67 5.63E-75 3.65E-13 1.22E-38
  5.78E+06 3.89E-73 1.28E-75 2.78E-70 2.11E-69 1.08E-76 1.19E-13 1.22E-38
  5.98E+06 1.13E-74 2.46E-77 9.48E-72 7.20E-71 3.49E-78 3.26E-14 1.20E-38
  6.18E+06 5.30E-76 7.61E-79 5.23E-73 3.97E-72 1.81E-79 7.02E-15 1.18E-38
  6.38E+06 3.80E-77 3.55E-80 4.37E-74 3.32E-73 1.41E-80 1.10E-15 1.15E-38
  6.58E+06 3.94E-78 2.35E-81 5.24E-75 3.98E-74 1.57E-81 1.19E-16 1.12E-38
  6.78E+06 5.67E-79 2.13E-82 8.62E-76 6.54E-75 2.41E-82 8.12E-18 1.09E-38
  6.98E+06 1.09E-79 2.50E-83 1.85E-76 1.40E-75 4.90E-83 3.17E-19 1.06E-38
  7.18E+06 2.70E-80 3.54E-84 4.77E-77 3.62E-76 1.29E-83 5.83E-21 1.04E-38
  7.38E+06 8.26E-81 5.50E-85 1.33E-77 1.01E-76 4.20E-84 3.30E-23 1.01E-38
  7.58E+06 2.86E-81 9.21E-86 3.73E-78 2.83E-77 1.52E-84 1.89E-26 1.00E-38
  7.78E+06 1.08E-81 1.78E-86 1.06E-78 8.03E-78 5.43E-85 1.12E-31 1.00E-38
  7.98E+06 4.20E-82 3.90E-87 3.32E-79 2.52E-78 2.06E-85 7.48E-37 1.00E-38
  8.18E+06 2.74E-82 3.41E-87 1.66E-79 1.26E-78 5.74E-86 1.00E-38 1.00E-38
  8.38E+06 1.69E-82 4.01E-87 1.29E-79 9.80E-79 1.96E-86 1.00E-38 1.00E-38
  8.58E+06 6.61E-83 2.30E-87 1.18E-79 8.98E-79 1.04E-86 1.00E-38 1.00E-38
  8.78E+06 2.48E-83 1.02E-87 1.13E-79 8.63E-79 6.40E-87 1.00E-38 1.00E-38
  8.98E+06 1.06E-83 4.23E-88 1.07E-79 8.21E-79 3.94E-87 1.00E-38 1.00E-38
  9.18E+06 4.66E-84 1.56E-88 9.68E-80 7.46E-79 2.23E-87 1.00E-38 1.00E-38
  9.38E+06 1.91E-84 4.60E-89 8.08E-80 6.28E-79 1.16E-87 1.00E-38 1.00E-38
  9.58E+06 7.19E-85 1.09E-89 6.15E-80 4.85E-79 5.48E-88 1.00E-38 1.00E-38
  9.78E+06 2.57E-85 2.16E-90 4.27E-80 3.42E-79 2.41E-88 1.00E-38 1.00E-38
  9.98E+06 8.59E-86 3.47E-91 2.73E-80 2.22E-79 1.02E-88 1.00E-38 1.00E-38

 TP, TL
           3.32E+09 6.56E+07 8.37E+08 8.39E+08 8.39E+08 3.17E+09 0.00E+00
           3.32E+09 6.56E+07 8.37E+08 8.40E+08 8.39E+08 5.18E+09 1.69E-19

     TP = 0.000E+00  TL = 1.693E-19


 OZONE COLUMN DEPTH =  5.7732E+18
 OZONE COLUMN (DU)      =  2.1488E+02


 O2, CO, CH4 COLUMN DEPTHs =      4.554E+24     3.041E+18     2.729E+19

 SULFUR COLUMN DEPTHS:  H2S = 4.262E+13  SO2 = 2.994E+15  S2 = 1.837E+08  S4 = 2.312E+00  S8 = 0.000E+00

 SCALED AEROSOL EXTINCTION OPTICAL DEPTHS
     SULFATE = 5.108E-02     S8(VIS) = 2.001E-30     S8(UV) = 8.003E-30

 FH2O AT COLD TRAP = 5.515E-06
 N = 1002  EMAX = 1.59E-01 FOR NH3     AT Z = 2.48E+06 U = 4.08E-20 RHS = 6.47E-21  DT = 1.27E+04  TIME = 1.69E+06
 N = 1003  EMAX = 1.65E-01 FOR NH3     AT Z = 2.52E+06 U = 1.07E-20 RHS = 1.77E-21  DT = 1.27E+04  TIME = 1.71E+06
 N = 1004  EMAX = 1.63E-01 FOR NH3     AT Z = 2.52E+06 U = 1.25E-20 RHS = 2.03E-21  DT = 1.27E+04  TIME = 1.72E+06
 N = 1005  EMAX = 1.61E-01 FOR NH3     AT Z = 2.52E+06 U = 1.45E-20 RHS = 2.33E-21  DT = 1.27E+04  TIME = 1.73E+06
 N = 1006  EMAX = 1.59E-01 FOR NH3     AT Z = 2.52E+06 U = 1.68E-20 RHS = 2.67E-21  DT = 1.27E+04  TIME = 1.74E+06
 N = 1007  EMAX = 1.57E-01 FOR NH3     AT Z = 2.52E+06 U = 1.95E-20 RHS = 3.06E-21  DT = 1.27E+04  TIME = 1.76E+06
 N = 1008  EMAX = 1.55E-01 FOR NH3     AT Z = 2.52E+06 U = 2.26E-20 RHS = 3.49E-21  DT = 1.27E+04  TIME = 1.77E+06
 N = 1009  EMAX = 1.53E-01 FOR NH3     AT Z = 2.52E+06 U = 2.61E-20 RHS = 3.99E-21  DT = 1.27E+04  TIME = 1.78E+06
 N = 1010  EMAX = 1.51E-01 FOR NH3     AT Z = 2.52E+06 U = 3.01E-20 RHS = 4.54E-21  DT = 1.27E+04  TIME = 1.79E+06
 N = 1011  EMAX = 1.49E-01 FOR NH3     AT Z = 2.52E+06 U = 3.46E-20 RHS = 5.16E-21  DT = 1.40E+04  TIME = 1.81E+06
 N = 1012  EMAX = 1.64E-01 FOR NH3     AT Z = 2.52E+06 U = 3.98E-20 RHS = 6.54E-21  DT = 1.40E+04  TIME = 1.82E+06
 N = 1013  EMAX = 1.70E-01 FOR NH3     AT Z = 2.58E+06 U = 1.12E-20 RHS = 1.91E-21  DT = 1.40E+04  TIME = 1.84E+06
 N = 1014  EMAX = 1.68E-01 FOR NH3     AT Z = 2.58E+06 U = 1.31E-20 RHS = 2.21E-21  DT = 1.40E+04  TIME = 1.85E+06
 N = 1015  EMAX = 1.66E-01 FOR NH3     AT Z = 2.58E+06 U = 1.53E-20 RHS = 2.55E-21  DT = 1.40E+04  TIME = 1.86E+06
 N = 1016  EMAX = 1.64E-01 FOR NH3     AT Z = 2.58E+06 U = 1.79E-20 RHS = 2.93E-21  DT = 1.40E+04  TIME = 1.88E+06
 N = 1017  EMAX = 1.62E-01 FOR NH3     AT Z = 2.58E+06 U = 2.08E-20 RHS = 3.37E-21  DT = 1.40E+04  TIME = 1.89E+06
 N = 1018  EMAX = 1.60E-01 FOR NH3     AT Z = 2.58E+06 U = 2.42E-20 RHS = 3.86E-21  DT = 1.40E+04  TIME = 1.91E+06
 N = 1019  EMAX = 1.58E-01 FOR NH3     AT Z = 2.58E+06 U = 2.81E-20 RHS = 4.43E-21  DT = 1.40E+04  TIME = 1.92E+06
 N = 1020  EMAX = 1.56E-01 FOR NH3     AT Z = 2.58E+06 U = 3.25E-20 RHS = 5.06E-21  DT = 1.40E+04  TIME = 1.93E+06
 N = 1021  EMAX = 1.54E-01 FOR NH3     AT Z = 2.58E+06 U = 3.75E-20 RHS = 5.78E-21  DT = 1.40E+04  TIME = 1.95E+06
 N = 1022  EMAX = 1.59E-01 FOR NH3     AT Z = 2.62E+06 U = 1.12E-20 RHS = 1.78E-21  DT = 1.40E+04  TIME = 1.96E+06
 N = 1023  EMAX = 1.57E-01 FOR NH3     AT Z = 2.62E+06 U = 1.29E-20 RHS = 2.03E-21  DT = 1.40E+04  TIME = 1.98E+06
 N = 1024  EMAX = 1.55E-01 FOR NH3     AT Z = 2.62E+06 U = 1.50E-20 RHS = 2.33E-21  DT = 1.40E+04  TIME = 1.99E+06
 N = 1025  EMAX = 1.54E-01 FOR NH3     AT Z = 2.62E+06 U = 1.73E-20 RHS = 2.66E-21  DT = 1.40E+04  TIME = 2.00E+06
 N = 1026  EMAX = 1.52E-01 FOR NH3     AT Z = 2.62E+06 U = 2.00E-20 RHS = 3.03E-21  DT = 1.40E+04  TIME = 2.02E+06
 N = 1027  EMAX = 1.50E-01 FOR NH3     AT Z = 2.62E+06 U = 2.30E-20 RHS = 3.45E-21  DT = 1.54E+04  TIME = 2.03E+06
 N = 1028  EMAX = 1.65E-01 FOR NH3     AT Z = 2.62E+06 U = 2.64E-20 RHS = 4.37E-21  DT = 1.54E+04  TIME = 2.05E+06
 N = 1029  EMAX = 1.63E-01 FOR NH3     AT Z = 2.62E+06 U = 3.08E-20 RHS = 5.02E-21  DT = 1.54E+04  TIME = 2.06E+06
 N = 1030  EMAX = 1.61E-01 FOR NH3     AT Z = 2.62E+06 U = 3.58E-20 RHS = 5.77E-21  DT = 1.54E+04  TIME = 2.08E+06
 N = 1031  EMAX = 1.66E-01 FOR NH3     AT Z = 2.68E+06 U = 1.13E-20 RHS = 1.89E-21  DT = 1.54E+04  TIME = 2.09E+06
 N = 1032  EMAX = 1.64E-01 FOR NH3     AT Z = 2.68E+06 U = 1.32E-20 RHS = 2.17E-21  DT = 1.54E+04  TIME = 2.11E+06
 N = 1033  EMAX = 1.62E-01 FOR NH3     AT Z = 2.68E+06 U = 1.54E-20 RHS = 2.50E-21  DT = 1.54E+04  TIME = 2.12E+06
 N = 1034  EMAX = 1.60E-01 FOR NH3     AT Z = 2.68E+06 U = 1.79E-20 RHS = 2.87E-21  DT = 1.54E+04  TIME = 2.14E+06
 N = 1035  EMAX = 1.58E-01 FOR NH3     AT Z = 2.68E+06 U = 2.08E-20 RHS = 3.28E-21  DT = 1.54E+04  TIME = 2.15E+06
 N = 1036  EMAX = 1.56E-01 FOR NH3     AT Z = 2.68E+06 U = 2.40E-20 RHS = 3.76E-21  DT = 1.54E+04  TIME = 2.17E+06
 N = 1037  EMAX = 1.54E-01 FOR NH3     AT Z = 2.68E+06 U = 2.78E-20 RHS = 4.29E-21  DT = 1.54E+04  TIME = 2.18E+06
 N = 1038  EMAX = 1.52E-01 FOR NH3     AT Z = 2.68E+06 U = 3.21E-20 RHS = 4.89E-21  DT = 1.54E+04  TIME = 2.20E+06
 N = 1039  EMAX = 1.57E-01 FOR NH3     AT Z = 2.72E+06 U = 1.06E-20 RHS = 1.67E-21  DT = 1.54E+04  TIME = 2.22E+06
 N = 1040  EMAX = 1.55E-01 FOR NH3     AT Z = 2.72E+06 U = 1.23E-20 RHS = 1.91E-21  DT = 1.54E+04  TIME = 2.23E+06
 N = 1041  EMAX = 1.54E-01 FOR NH3     AT Z = 2.72E+06 U = 1.42E-20 RHS = 2.18E-21  DT = 1.54E+04  TIME = 2.25E+06
 N = 1042  EMAX = 1.52E-01 FOR NH3     AT Z = 2.72E+06 U = 1.64E-20 RHS = 2.49E-21  DT = 1.54E+04  TIME = 2.26E+06
 N = 1043  EMAX = 1.50E-01 FOR NH3     AT Z = 2.72E+06 U = 1.89E-20 RHS = 2.83E-21  DT = 1.54E+04  TIME = 2.28E+06
 N = 1044  EMAX = 1.48E-01 FOR NH3     AT Z = 2.72E+06 U = 2.17E-20 RHS = 3.22E-21  DT = 1.69E+04  TIME = 2.29E+06
 N = 1045  EMAX = 1.64E-01 FOR NH3     AT Z = 2.72E+06 U = 2.49E-20 RHS = 4.07E-21  DT = 1.69E+04  TIME = 2.31E+06
 N = 1046  EMAX = 1.61E-01 FOR NH3     AT Z = 2.72E+06 U = 2.90E-20 RHS = 4.68E-21  DT = 1.69E+04  TIME = 2.33E+06
 N = 1047  EMAX = 1.66E-01 FOR NH3     AT Z = 2.78E+06 U = 1.01E-20 RHS = 1.68E-21  DT = 1.69E+04  TIME = 2.34E+06
 N = 1048  EMAX = 1.64E-01 FOR NH3     AT Z = 2.78E+06 U = 1.18E-20 RHS = 1.94E-21  DT = 1.69E+04  TIME = 2.36E+06
 N = 1049  EMAX = 1.62E-01 FOR NH3     AT Z = 2.78E+06 U = 1.38E-20 RHS = 2.23E-21  DT = 1.69E+04  TIME = 2.38E+06
 N = 1050  EMAX = 1.60E-01 FOR NH3     AT Z = 2.78E+06 U = 1.60E-20 RHS = 2.56E-21  DT = 1.69E+04  TIME = 2.39E+06
 N = 1051  EMAX = 1.58E-01 FOR NH3     AT Z = 2.78E+06 U = 1.85E-20 RHS = 2.93E-21  DT = 1.69E+04  TIME = 2.41E+06
 N = 1052  EMAX = 1.56E-01 FOR NH3     AT Z = 2.78E+06 U = 2.15E-20 RHS = 3.36E-21  DT = 1.69E+04  TIME = 2.43E+06
 N = 1053  EMAX = 1.54E-01 FOR NH3     AT Z = 2.78E+06 U = 2.48E-20 RHS = 3.84E-21  DT = 1.69E+04  TIME = 2.44E+06
 N = 1054  EMAX = 1.53E-01 FOR NH3     AT Z = 2.78E+06 U = 2.87E-20 RHS = 4.38E-21  DT = 1.69E+04  TIME = 2.46E+06
 N = 1055  EMAX = 1.57E-01 FOR NH3     AT Z = 2.82E+06 U = 1.04E-20 RHS = 1.64E-21  DT = 1.69E+04  TIME = 2.48E+06
 N = 1056  EMAX = 1.55E-01 FOR NH3     AT Z = 2.82E+06 U = 1.21E-20 RHS = 1.87E-21  DT = 1.69E+04  TIME = 2.49E+06
 N = 1057  EMAX = 1.53E-01 FOR NH3     AT Z = 2.82E+06 U = 1.39E-20 RHS = 2.14E-21  DT = 1.69E+04  TIME = 2.51E+06
 N = 1058  EMAX = 1.52E-01 FOR NH3     AT Z = 2.82E+06 U = 1.61E-20 RHS = 2.44E-21  DT = 1.69E+04  TIME = 2.53E+06
 N = 1059  EMAX = 1.50E-01 FOR NH3     AT Z = 2.82E+06 U = 1.85E-20 RHS = 2.78E-21  DT = 1.86E+04  TIME = 2.55E+06
 N = 1060  EMAX = 1.65E-01 FOR NH3     AT Z = 2.82E+06 U = 2.13E-20 RHS = 3.52E-21  DT = 1.86E+04  TIME = 2.56E+06
 N = 1061  EMAX = 1.63E-01 FOR NH3     AT Z = 2.82E+06 U = 2.48E-20 RHS = 4.05E-21  DT = 1.86E+04  TIME = 2.58E+06
 N = 1062  EMAX = 1.61E-01 FOR NH3     AT Z = 2.82E+06 U = 2.89E-20 RHS = 4.65E-21  DT = 1.86E+04  TIME = 2.60E+06
 N = 1063  EMAX = 1.65E-01 FOR NH3     AT Z = 2.88E+06 U = 1.11E-20 RHS = 1.83E-21  DT = 1.86E+04  TIME = 2.62E+06
 N = 1064  EMAX = 1.63E-01 FOR NH3     AT Z = 2.88E+06 U = 1.29E-20 RHS = 2.11E-21  DT = 1.86E+04  TIME = 2.64E+06
 N = 1065  EMAX = 1.61E-01 FOR NH3     AT Z = 2.88E+06 U = 1.50E-20 RHS = 2.43E-21  DT = 1.86E+04  TIME = 2.66E+06
 N = 1066  EMAX = 1.59E-01 FOR NH3     AT Z = 2.88E+06 U = 1.75E-20 RHS = 2.78E-21  DT = 1.86E+04  TIME = 2.68E+06
 N = 1067  EMAX = 1.57E-01 FOR NH3     AT Z = 2.88E+06 U = 2.02E-20 RHS = 3.19E-21  DT = 1.86E+04  TIME = 2.69E+06
 N = 1068  EMAX = 1.56E-01 FOR NH3     AT Z = 2.88E+06 U = 2.34E-20 RHS = 3.64E-21  DT = 1.86E+04  TIME = 2.71E+06
 N = 1069  EMAX = 1.54E-01 FOR NH3     AT Z = 2.88E+06 U = 2.71E-20 RHS = 4.16E-21  DT = 1.86E+04  TIME = 2.73E+06
 N = 1070  EMAX = 1.58E-01 FOR NH3     AT Z = 2.92E+06 U = 1.08E-20 RHS = 1.70E-21  DT = 1.86E+04  TIME = 2.75E+06
 N = 1071  EMAX = 1.56E-01 FOR NH3     AT Z = 2.92E+06 U = 1.25E-20 RHS = 1.94E-21  DT = 1.86E+04  TIME = 2.77E+06
 N = 1072  EMAX = 1.54E-01 FOR NH3     AT Z = 2.92E+06 U = 1.44E-20 RHS = 2.22E-21  DT = 1.86E+04  TIME = 2.79E+06
 N = 1073  EMAX = 1.52E-01 FOR NH3     AT Z = 2.92E+06 U = 1.66E-20 RHS = 2.53E-21  DT = 1.86E+04  TIME = 2.81E+06
 N = 1074  EMAX = 1.51E-01 FOR NH3     AT Z = 2.92E+06 U = 1.91E-20 RHS = 2.88E-21  DT = 1.86E+04  TIME = 2.82E+06
 N = 1075  EMAX = 1.49E-01 FOR NH3     AT Z = 2.92E+06 U = 2.20E-20 RHS = 3.28E-21  DT = 2.04E+04  TIME = 2.84E+06
 N = 1076  EMAX = 1.64E-01 FOR NH3     AT Z = 2.92E+06 U = 2.53E-20 RHS = 4.15E-21  DT = 2.04E+04  TIME = 2.86E+06
 N = 1077  EMAX = 1.68E-01 FOR NH3     AT Z = 2.98E+06 U = 1.05E-20 RHS = 1.77E-21  DT = 2.04E+04  TIME = 2.88E+06
 N = 1078  EMAX = 1.66E-01 FOR NH3     AT Z = 2.98E+06 U = 1.23E-20 RHS = 2.04E-21  DT = 2.04E+04  TIME = 2.90E+06
 N = 1079  EMAX = 1.64E-01 FOR NH3     AT Z = 2.98E+06 U = 1.44E-20 RHS = 2.35E-21  DT = 2.04E+04  TIME = 2.92E+06
 N = 1080  EMAX = 1.62E-01 FOR NH3     AT Z = 2.98E+06 U = 1.67E-20 RHS = 2.71E-21  DT = 2.04E+04  TIME = 2.95E+06
 N = 1081  EMAX = 1.60E-01 FOR NH3     AT Z = 2.98E+06 U = 1.94E-20 RHS = 3.11E-21  DT = 2.04E+04  TIME = 2.97E+06
 N = 1082  EMAX = 1.58E-01 FOR NH3     AT Z = 2.98E+06 U = 2.25E-20 RHS = 3.56E-21  DT = 2.04E+04  TIME = 2.99E+06
 N = 1083  EMAX = 1.56E-01 FOR NH3     AT Z = 2.98E+06 U = 2.61E-20 RHS = 4.07E-21  DT = 2.04E+04  TIME = 3.01E+06
 N = 1084  EMAX = 1.60E-01 FOR NH3     AT Z = 3.02E+06 U = 1.12E-20 RHS = 1.79E-21  DT = 2.04E+04  TIME = 3.03E+06
 N = 1085  EMAX = 1.58E-01 FOR NH3     AT Z = 3.02E+06 U = 1.30E-20 RHS = 2.06E-21  DT = 2.04E+04  TIME = 3.05E+06
 N = 1086  EMAX = 1.56E-01 FOR NH3     AT Z = 3.02E+06 U = 1.51E-20 RHS = 2.35E-21  DT = 2.04E+04  TIME = 3.07E+06
 N = 1087  EMAX = 1.54E-01 FOR NH3     AT Z = 3.02E+06 U = 1.74E-20 RHS = 2.69E-21  DT = 2.04E+04  TIME = 3.09E+06
 N = 1088  EMAX = 1.52E-01 FOR NH3     AT Z = 3.02E+06 U = 2.01E-20 RHS = 3.07E-21  DT = 2.04E+04  TIME = 3.11E+06
 N = 1089  EMAX = 1.51E-01 FOR NH3     AT Z = 3.02E+06 U = 2.32E-20 RHS = 3.49E-21  DT = 2.04E+04  TIME = 3.13E+06
 N = 1090  EMAX = 1.54E-01 FOR NH3     AT Z = 3.08E+06 U = 1.03E-20 RHS = 1.58E-21  DT = 2.04E+04  TIME = 3.15E+06
 N = 1091  EMAX = 1.52E-01 FOR NH3     AT Z = 3.08E+06 U = 1.18E-20 RHS = 1.80E-21  DT = 2.04E+04  TIME = 3.17E+06
 N = 1092  EMAX = 1.51E-01 FOR NH3     AT Z = 3.08E+06 U = 1.36E-20 RHS = 2.06E-21  DT = 2.04E+04  TIME = 3.19E+06
 N = 1093  EMAX = 1.49E-01 FOR NH3     AT Z = 3.08E+06 U = 1.57E-20 RHS = 2.34E-21  DT = 2.25E+04  TIME = 3.21E+06
 N = 1094  EMAX = 1.64E-01 FOR NH3     AT Z = 3.08E+06 U = 1.80E-20 RHS = 2.96E-21  DT = 2.25E+04  TIME = 3.23E+06
 N = 1095  EMAX = 1.62E-01 FOR NH3     AT Z = 3.08E+06 U = 2.10E-20 RHS = 3.41E-21  DT = 2.25E+04  TIME = 3.26E+06
 N = 1096  EMAX = 1.60E-01 FOR NH3     AT Z = 3.08E+06 U = 2.44E-20 RHS = 3.91E-21  DT = 2.25E+04  TIME = 3.28E+06
 N = 1097  EMAX = 1.64E-01 FOR NH3     AT Z = 3.12E+06 U = 1.13E-20 RHS = 1.85E-21  DT = 2.25E+04  TIME = 3.30E+06
 N = 1098  EMAX = 1.62E-01 FOR NH3     AT Z = 3.12E+06 U = 1.31E-20 RHS = 2.12E-21  DT = 2.25E+04  TIME = 3.32E+06
 N = 1099  EMAX = 1.60E-01 FOR NH3     AT Z = 3.12E+06 U = 1.53E-20 RHS = 2.44E-21  DT = 2.25E+04  TIME = 3.35E+06
 N = 1100  EMAX = 1.58E-01 FOR NH3     AT Z = 3.12E+06 U = 1.77E-20 RHS = 2.79E-21  DT = 2.25E+04  TIME = 3.37E+06
 N = 1101  EMAX = 1.56E-01 FOR NH3     AT Z = 3.12E+06 U = 2.05E-20 RHS = 3.19E-21  DT = 2.25E+04  TIME = 3.39E+06
 N = 1102  EMAX = 1.54E-01 FOR NH3     AT Z = 3.12E+06 U = 2.37E-20 RHS = 3.65E-21  DT = 2.25E+04  TIME = 3.41E+06
 N = 1103  EMAX = 1.57E-01 FOR NH3     AT Z = 3.18E+06 U = 1.13E-20 RHS = 1.77E-21  DT = 2.25E+04  TIME = 3.44E+06
 N = 1104  EMAX = 1.55E-01 FOR NH3     AT Z = 3.18E+06 U = 1.30E-20 RHS = 2.02E-21  DT = 2.25E+04  TIME = 3.46E+06
 N = 1105  EMAX = 1.54E-01 FOR NH3     AT Z = 3.18E+06 U = 1.50E-20 RHS = 2.31E-21  DT = 2.25E+04  TIME = 3.48E+06
 N = 1106  EMAX = 1.52E-01 FOR NH3     AT Z = 3.18E+06 U = 1.74E-20 RHS = 2.64E-21  DT = 2.25E+04  TIME = 3.50E+06
 N = 1107  EMAX = 1.50E-01 FOR NH3     AT Z = 3.18E+06 U = 2.00E-20 RHS = 3.00E-21  DT = 2.25E+04  TIME = 3.53E+06
 N = 1108  EMAX = 1.48E-01 FOR NH3     AT Z = 3.18E+06 U = 2.30E-20 RHS = 3.41E-21  DT = 2.47E+04  TIME = 3.55E+06
 N = 1109  EMAX = 1.69E-01 FOR NH3     AT Z = 3.22E+06 U = 1.12E-20 RHS = 1.89E-21  DT = 2.47E+04  TIME = 3.57E+06
 N = 1110  EMAX = 1.67E-01 FOR NH3     AT Z = 3.22E+06 U = 1.31E-20 RHS = 2.18E-21  DT = 2.47E+04  TIME = 3.60E+06
 N = 1111  EMAX = 1.65E-01 FOR NH3     AT Z = 3.22E+06 U = 1.53E-20 RHS = 2.52E-21  DT = 2.47E+04  TIME = 3.62E+06
 N = 1112  EMAX = 1.63E-01 FOR NH3     AT Z = 3.22E+06 U = 1.78E-20 RHS = 2.89E-21  DT = 2.47E+04  TIME = 3.65E+06
 N = 1113  EMAX = 1.61E-01 FOR NH3     AT Z = 3.22E+06 U = 2.07E-20 RHS = 3.32E-21  DT = 2.47E+04  TIME = 3.67E+06
 N = 1114  EMAX = 1.64E-01 FOR NH3     AT Z = 3.28E+06 U = 1.05E-20 RHS = 1.71E-21  DT = 2.47E+04  TIME = 3.70E+06
 N = 1115  EMAX = 1.62E-01 FOR NH3     AT Z = 3.28E+06 U = 1.22E-20 RHS = 1.97E-21  DT = 2.47E+04  TIME = 3.72E+06
 N = 1116  EMAX = 1.60E-01 FOR NH3     AT Z = 3.28E+06 U = 1.41E-20 RHS = 2.26E-21  DT = 2.47E+04  TIME = 3.75E+06
 N = 1117  EMAX = 1.58E-01 FOR NH3     AT Z = 3.28E+06 U = 1.64E-20 RHS = 2.59E-21  DT = 2.47E+04  TIME = 3.77E+06
 N = 1118  EMAX = 1.56E-01 FOR NH3     AT Z = 3.28E+06 U = 1.90E-20 RHS = 2.96E-21  DT = 2.47E+04  TIME = 3.80E+06
 N = 1119  EMAX = 1.54E-01 FOR NH3     AT Z = 3.28E+06 U = 2.19E-20 RHS = 3.38E-21  DT = 2.47E+04  TIME = 3.82E+06
 N = 1120  EMAX = 1.57E-01 FOR NH3     AT Z = 3.32E+06 U = 1.14E-20 RHS = 1.78E-21  DT = 2.47E+04  TIME = 3.85E+06
 N = 1121  EMAX = 1.55E-01 FOR NH3     AT Z = 3.32E+06 U = 1.32E-20 RHS = 2.04E-21  DT = 2.47E+04  TIME = 3.87E+06
 N = 1122  EMAX = 1.53E-01 FOR NH3     AT Z = 3.32E+06 U = 1.52E-20 RHS = 2.33E-21  DT = 2.47E+04  TIME = 3.89E+06
 N = 1123  EMAX = 1.52E-01 FOR NH3     AT Z = 3.32E+06 U = 1.75E-20 RHS = 2.66E-21  DT = 2.47E+04  TIME = 3.92E+06
 N = 1124  EMAX = 1.50E-01 FOR NH3     AT Z = 3.32E+06 U = 2.02E-20 RHS = 3.02E-21  DT = 2.72E+04  TIME = 3.94E+06
 N = 1125  EMAX = 1.70E-01 FOR NH3     AT Z = 3.38E+06 U = 1.07E-20 RHS = 1.81E-21  DT = 2.72E+04  TIME = 3.97E+06
 N = 1126  EMAX = 1.68E-01 FOR NH3     AT Z = 3.38E+06 U = 1.25E-20 RHS = 2.10E-21  DT = 2.72E+04  TIME = 4.00E+06
 N = 1127  EMAX = 1.66E-01 FOR NH3     AT Z = 3.38E+06 U = 1.46E-20 RHS = 2.42E-21  DT = 2.72E+04  TIME = 4.03E+06
 N = 1128  EMAX = 1.64E-01 FOR NH3     AT Z = 3.38E+06 U = 1.70E-20 RHS = 2.78E-21  DT = 2.72E+04  TIME = 4.05E+06
 N = 1129  EMAX = 1.62E-01 FOR NH3     AT Z = 3.38E+06 U = 1.98E-20 RHS = 3.20E-21  DT = 2.72E+04  TIME = 4.08E+06
 N = 1130  EMAX = 1.64E-01 FOR NH3     AT Z = 3.42E+06 U = 1.08E-20 RHS = 1.78E-21  DT = 2.72E+04  TIME = 4.11E+06
 N = 1131  EMAX = 1.62E-01 FOR NH3     AT Z = 3.42E+06 U = 1.26E-20 RHS = 2.05E-21  DT = 2.72E+04  TIME = 4.13E+06
 N = 1132  EMAX = 1.60E-01 FOR NH3     AT Z = 3.42E+06 U = 1.47E-20 RHS = 2.35E-21  DT = 2.72E+04  TIME = 4.16E+06
 N = 1133  EMAX = 1.59E-01 FOR NH3     AT Z = 3.42E+06 U = 1.70E-20 RHS = 2.70E-21  DT = 2.72E+04  TIME = 4.19E+06
 N = 1134  EMAX = 1.57E-01 FOR NH3     AT Z = 3.42E+06 U = 1.97E-20 RHS = 3.09E-21  DT = 2.72E+04  TIME = 4.22E+06
 N = 1135  EMAX = 1.59E-01 FOR NH3     AT Z = 3.48E+06 U = 1.10E-20 RHS = 1.75E-21  DT = 2.72E+04  TIME = 4.24E+06
 N = 1136  EMAX = 1.57E-01 FOR NH3     AT Z = 3.48E+06 U = 1.28E-20 RHS = 2.01E-21  DT = 2.72E+04  TIME = 4.27E+06
 N = 1137  EMAX = 1.55E-01 FOR NH3     AT Z = 3.48E+06 U = 1.48E-20 RHS = 2.30E-21  DT = 2.72E+04  TIME = 4.30E+06
 N = 1138  EMAX = 1.54E-01 FOR NH3     AT Z = 3.48E+06 U = 1.71E-20 RHS = 2.62E-21  DT = 2.72E+04  TIME = 4.33E+06
 N = 1139  EMAX = 1.52E-01 FOR NH3     AT Z = 3.48E+06 U = 1.97E-20 RHS = 2.99E-21  DT = 2.72E+04  TIME = 4.35E+06
 N = 1140  EMAX = 1.54E-01 FOR NH3     AT Z = 3.52E+06 U = 1.12E-20 RHS = 1.73E-21  DT = 2.72E+04  TIME = 4.38E+06
 N = 1141  EMAX = 1.52E-01 FOR NH3     AT Z = 3.52E+06 U = 1.30E-20 RHS = 1.97E-21  DT = 2.72E+04  TIME = 4.41E+06
 N = 1142  EMAX = 1.51E-01 FOR NH3     AT Z = 3.52E+06 U = 1.49E-20 RHS = 2.25E-21  DT = 2.72E+04  TIME = 4.43E+06
 N = 1143  EMAX = 1.49E-01 FOR NH3     AT Z = 3.52E+06 U = 1.72E-20 RHS = 2.56E-21  DT = 2.99E+04  TIME = 4.46E+06
 N = 1144  EMAX = 1.64E-01 FOR NH3     AT Z = 3.52E+06 U = 1.97E-20 RHS = 3.24E-21  DT = 2.99E+04  TIME = 4.49E+06
 N = 1145  EMAX = 1.66E-01 FOR NH3     AT Z = 3.58E+06 U = 1.16E-20 RHS = 1.94E-21  DT = 2.99E+04  TIME = 4.52E+06
 N = 1146  EMAX = 1.64E-01 FOR NH3     AT Z = 3.58E+06 U = 1.36E-20 RHS = 2.23E-21  DT = 2.99E+04  TIME = 4.55E+06
 N = 1147  EMAX = 1.62E-01 FOR NH3     AT Z = 3.58E+06 U = 1.58E-20 RHS = 2.57E-21  DT = 2.99E+04  TIME = 4.58E+06
 N = 1148  EMAX = 1.60E-01 FOR NH3     AT Z = 3.58E+06 U = 1.84E-20 RHS = 2.95E-21  DT = 2.99E+04  TIME = 4.61E+06
 N = 1149  EMAX = 1.62E-01 FOR NH3     AT Z = 3.62E+06 U = 1.10E-20 RHS = 1.79E-21  DT = 2.99E+04  TIME = 4.64E+06
 N = 1150  EMAX = 1.61E-01 FOR NH3     AT Z = 3.62E+06 U = 1.28E-20 RHS = 2.05E-21  DT = 2.99E+04  TIME = 4.67E+06
 N = 1151  EMAX = 1.59E-01 FOR NH3     AT Z = 3.62E+06 U = 1.48E-20 RHS = 2.35E-21  DT = 2.99E+04  TIME = 4.70E+06
 N = 1152  EMAX = 1.57E-01 FOR NH3     AT Z = 3.62E+06 U = 1.72E-20 RHS = 2.69E-21  DT = 2.99E+04  TIME = 4.73E+06
 N = 1153  EMAX = 1.59E-01 FOR NH3     AT Z = 3.68E+06 U = 1.05E-20 RHS = 1.66E-21  DT = 2.99E+04  TIME = 4.76E+06
 N = 1154  EMAX = 1.57E-01 FOR NH3     AT Z = 3.68E+06 U = 1.21E-20 RHS = 1.90E-21  DT = 2.99E+04  TIME = 4.79E+06
 N = 1155  EMAX = 1.55E-01 FOR NH3     AT Z = 3.68E+06 U = 1.40E-20 RHS = 2.17E-21  DT = 2.99E+04  TIME = 4.82E+06
 N = 1156  EMAX = 1.53E-01 FOR NH3     AT Z = 3.68E+06 U = 1.62E-20 RHS = 2.48E-21  DT = 2.99E+04  TIME = 4.85E+06
 N = 1157  EMAX = 1.52E-01 FOR NH3     AT Z = 3.68E+06 U = 1.87E-20 RHS = 2.83E-21  DT = 2.99E+04  TIME = 4.88E+06
 N = 1158  EMAX = 1.53E-01 FOR NH3     AT Z = 3.72E+06 U = 1.15E-20 RHS = 1.77E-21  DT = 2.99E+04  TIME = 4.91E+06
 N = 1159  EMAX = 1.52E-01 FOR NH3     AT Z = 3.72E+06 U = 1.33E-20 RHS = 2.02E-21  DT = 2.99E+04  TIME = 4.94E+06
 N = 1160  EMAX = 1.50E-01 FOR NH3     AT Z = 3.72E+06 U = 1.53E-20 RHS = 2.30E-21  DT = 2.99E+04  TIME = 4.97E+06
 N = 1161  EMAX = 1.48E-01 FOR NH3     AT Z = 3.72E+06 U = 1.76E-20 RHS = 2.62E-21  DT = 3.29E+04  TIME = 5.00E+06
 N = 1162  EMAX = 1.67E-01 FOR NH3     AT Z = 3.78E+06 U = 1.11E-20 RHS = 1.85E-21  DT = 3.29E+04  TIME = 5.03E+06
 N = 1163  EMAX = 1.65E-01 FOR NH3     AT Z = 3.78E+06 U = 1.29E-20 RHS = 2.14E-21  DT = 3.29E+04  TIME = 5.07E+06
 N = 1164  EMAX = 1.63E-01 FOR NH3     AT Z = 3.78E+06 U = 1.51E-20 RHS = 2.46E-21  DT = 3.29E+04  TIME = 5.10E+06
 N = 1165  EMAX = 1.61E-01 FOR NH3     AT Z = 3.78E+06 U = 1.75E-20 RHS = 2.83E-21  DT = 3.29E+04  TIME = 5.13E+06
 N = 1166  EMAX = 1.63E-01 FOR NH3     AT Z = 3.82E+06 U = 1.13E-20 RHS = 1.85E-21  DT = 3.29E+04  TIME = 5.16E+06
 N = 1167  EMAX = 1.61E-01 FOR NH3     AT Z = 3.82E+06 U = 1.32E-20 RHS = 2.12E-21  DT = 3.29E+04  TIME = 5.20E+06
 N = 1168  EMAX = 1.59E-01 FOR NH3     AT Z = 3.82E+06 U = 1.53E-20 RHS = 2.43E-21  DT = 3.29E+04  TIME = 5.23E+06
 N = 1169  EMAX = 1.61E-01 FOR NH3     AT Z = 3.88E+06 U = 1.00E-20 RHS = 1.61E-21  DT = 3.29E+04  TIME = 5.26E+06
 N = 1170  EMAX = 1.59E-01 FOR NH3     AT Z = 3.88E+06 U = 1.16E-20 RHS = 1.84E-21  DT = 3.29E+04  TIME = 5.30E+06
 N = 1171  EMAX = 1.57E-01 FOR NH3     AT Z = 3.88E+06 U = 1.35E-20 RHS = 2.11E-21  DT = 3.29E+04  TIME = 5.33E+06
 N = 1172  EMAX = 1.55E-01 FOR NH3     AT Z = 3.88E+06 U = 1.56E-20 RHS = 2.42E-21  DT = 3.29E+04  TIME = 5.36E+06
 N = 1173  EMAX = 1.57E-01 FOR NH3     AT Z = 3.92E+06 U = 1.03E-20 RHS = 1.62E-21  DT = 3.29E+04  TIME = 5.40E+06
 N = 1174  EMAX = 1.55E-01 FOR NH3     AT Z = 3.92E+06 U = 1.19E-20 RHS = 1.85E-21  DT = 3.29E+04  TIME = 5.43E+06
 N = 1175  EMAX = 1.53E-01 FOR NH3     AT Z = 3.92E+06 U = 1.38E-20 RHS = 2.11E-21  DT = 3.29E+04  TIME = 5.46E+06
 N = 1176  EMAX = 1.51E-01 FOR NH3     AT Z = 3.92E+06 U = 1.59E-20 RHS = 2.41E-21  DT = 3.29E+04  TIME = 5.49E+06
 N = 1177  EMAX = 1.53E-01 FOR NH3     AT Z = 3.98E+06 U = 1.07E-20 RHS = 1.63E-21  DT = 3.29E+04  TIME = 5.53E+06
 N = 1178  EMAX = 1.51E-01 FOR NH3     AT Z = 3.98E+06 U = 1.23E-20 RHS = 1.86E-21  DT = 3.29E+04  TIME = 5.56E+06
 N = 1179  EMAX = 1.49E-01 FOR NH3     AT Z = 3.98E+06 U = 1.42E-20 RHS = 2.12E-21  DT = 3.62E+04  TIME = 5.59E+06
 N = 1180  EMAX = 1.65E-01 FOR NH3     AT Z = 3.98E+06 U = 1.63E-20 RHS = 2.69E-21  DT = 3.62E+04  TIME = 5.63E+06
 N = 1181  EMAX = 1.66E-01 FOR NH3     AT Z = 4.02E+06 U = 1.13E-20 RHS = 1.87E-21  DT = 3.62E+04  TIME = 5.67E+06
 N = 1182  EMAX = 1.64E-01 FOR NH3     AT Z = 4.02E+06 U = 1.31E-20 RHS = 2.16E-21  DT = 3.62E+04  TIME = 5.70E+06
 N = 1183  EMAX = 1.62E-01 FOR NH3     AT Z = 4.02E+06 U = 1.53E-20 RHS = 2.48E-21  DT = 3.62E+04  TIME = 5.74E+06
 N = 1184  EMAX = 1.63E-01 FOR NH3     AT Z = 4.08E+06 U = 1.07E-20 RHS = 1.74E-21  DT = 3.62E+04  TIME = 5.77E+06
 N = 1185  EMAX = 1.61E-01 FOR NH3     AT Z = 4.08E+06 U = 1.24E-20 RHS = 2.00E-21  DT = 3.62E+04  TIME = 5.81E+06
 N = 1186  EMAX = 1.59E-01 FOR NH3     AT Z = 4.08E+06 U = 1.44E-20 RHS = 2.30E-21  DT = 3.62E+04  TIME = 5.85E+06
 N = 1187  EMAX = 1.61E-01 FOR NH3     AT Z = 4.12E+06 U = 1.02E-20 RHS = 1.64E-21  DT = 3.62E+04  TIME = 5.88E+06
 N = 1188  EMAX = 1.59E-01 FOR NH3     AT Z = 4.12E+06 U = 1.18E-20 RHS = 1.88E-21  DT = 3.62E+04  TIME = 5.92E+06
 N = 1189  EMAX = 1.57E-01 FOR NH3     AT Z = 4.12E+06 U = 1.37E-20 RHS = 2.15E-21  DT = 3.62E+04  TIME = 5.96E+06
 N = 1190  EMAX = 1.55E-01 FOR NH3     AT Z = 4.12E+06 U = 1.58E-20 RHS = 2.46E-21  DT = 3.62E+04  TIME = 5.99E+06
 N = 1191  EMAX = 1.56E-01 FOR NH3     AT Z = 4.18E+06 U = 1.13E-20 RHS = 1.77E-21  DT = 3.62E+04  TIME = 6.03E+06
 N = 1192  EMAX = 1.54E-01 FOR NH3     AT Z = 4.18E+06 U = 1.31E-20 RHS = 2.02E-21  DT = 3.62E+04  TIME = 6.06E+06
 N = 1193  EMAX = 1.53E-01 FOR NH3     AT Z = 4.18E+06 U = 1.51E-20 RHS = 2.30E-21  DT = 3.62E+04  TIME = 6.10E+06
 N = 1194  EMAX = 1.54E-01 FOR NH3     AT Z = 4.22E+06 U = 1.09E-20 RHS = 1.67E-21  DT = 3.62E+04  TIME = 6.14E+06
 N = 1195  EMAX = 1.52E-01 FOR NH3     AT Z = 4.22E+06 U = 1.26E-20 RHS = 1.91E-21  DT = 3.62E+04  TIME = 6.17E+06
 N = 1196  EMAX = 1.50E-01 FOR NH3     AT Z = 4.22E+06 U = 1.45E-20 RHS = 2.17E-21  DT = 3.62E+04  TIME = 6.21E+06
 N = 1197  EMAX = 1.51E-01 FOR NH3     AT Z = 4.28E+06 U = 1.05E-20 RHS = 1.59E-21  DT = 3.62E+04  TIME = 6.24E+06
 N = 1198  EMAX = 1.50E-01 FOR NH3     AT Z = 4.28E+06 U = 1.21E-20 RHS = 1.81E-21  DT = 3.98E+04  TIME = 6.28E+06
 N = 1199  EMAX = 1.65E-01 FOR NH3     AT Z = 4.28E+06 U = 1.39E-20 RHS = 2.30E-21  DT = 3.98E+04  TIME = 6.32E+06
 N = 1200  EMAX = 1.66E-01 FOR NH3     AT Z = 4.32E+06 U = 1.04E-20 RHS = 1.72E-21  DT = 3.98E+04  TIME = 6.36E+06
 N = 1201  EMAX = 1.64E-01 FOR NH3     AT Z = 4.32E+06 U = 1.21E-20 RHS = 1.99E-21  DT = 3.98E+04  TIME = 6.40E+06
 N = 1202  EMAX = 1.62E-01 FOR NH3     AT Z = 4.32E+06 U = 1.41E-20 RHS = 2.28E-21  DT = 3.98E+04  TIME = 6.44E+06
 N = 1203  EMAX = 1.63E-01 FOR NH3     AT Z = 4.38E+06 U = 1.06E-20 RHS = 1.73E-21  DT = 3.98E+04  TIME = 6.48E+06
 N = 1204  EMAX = 1.61E-01 FOR NH3     AT Z = 4.38E+06 U = 1.23E-20 RHS = 1.98E-21  DT = 3.98E+04  TIME = 6.52E+06
 N = 1205  EMAX = 1.59E-01 FOR NH3     AT Z = 4.38E+06 U = 1.43E-20 RHS = 2.28E-21  DT = 3.98E+04  TIME = 6.56E+06
 N = 1206  EMAX = 1.60E-01 FOR NH3     AT Z = 4.42E+06 U = 1.09E-20 RHS = 1.74E-21  DT = 3.98E+04  TIME = 6.60E+06
 N = 1207  EMAX = 1.58E-01 FOR NH3     AT Z = 4.42E+06 U = 1.26E-20 RHS = 1.99E-21  DT = 3.98E+04  TIME = 6.64E+06
 N = 1208  EMAX = 1.56E-01 FOR NH3     AT Z = 4.42E+06 U = 1.46E-20 RHS = 2.28E-21  DT = 3.98E+04  TIME = 6.68E+06
 N = 1209  EMAX = 1.57E-01 FOR NH3     AT Z = 4.48E+06 U = 1.12E-20 RHS = 1.75E-21  DT = 3.98E+04  TIME = 6.72E+06
 N = 1210  EMAX = 1.55E-01 FOR NH3     AT Z = 4.48E+06 U = 1.29E-20 RHS = 2.00E-21  DT = 3.98E+04  TIME = 6.76E+06
 N = 1211  EMAX = 1.53E-01 FOR NH3     AT Z = 4.48E+06 U = 1.49E-20 RHS = 2.29E-21  DT = 3.98E+04  TIME = 6.80E+06
 N = 1212  EMAX = 1.54E-01 FOR NH3     AT Z = 4.52E+06 U = 1.15E-20 RHS = 1.77E-21  DT = 3.98E+04  TIME = 6.84E+06
 N = 1213  EMAX = 1.52E-01 FOR NH3     AT Z = 4.52E+06 U = 1.33E-20 RHS = 2.02E-21  DT = 3.98E+04  TIME = 6.88E+06
 N = 1214  EMAX = 1.53E-01 FOR NH3     AT Z = 4.58E+06 U = 1.03E-20 RHS = 1.58E-21  DT = 3.98E+04  TIME = 6.92E+06
 N = 1215  EMAX = 1.51E-01 FOR NH3     AT Z = 4.58E+06 U = 1.19E-20 RHS = 1.80E-21  DT = 3.98E+04  TIME = 6.96E+06
 N = 1216  EMAX = 1.49E-01 FOR NH3     AT Z = 4.58E+06 U = 1.37E-20 RHS = 2.05E-21  DT = 4.38E+04  TIME = 7.00E+06
 N = 1217  EMAX = 1.67E-01 FOR NH3     AT Z = 4.62E+06 U = 1.07E-20 RHS = 1.80E-21  DT = 4.38E+04  TIME = 7.04E+06
 N = 1218  EMAX = 1.65E-01 FOR NH3     AT Z = 4.62E+06 U = 1.25E-20 RHS = 2.07E-21  DT = 4.38E+04  TIME = 7.09E+06
 N = 1219  EMAX = 1.66E-01 FOR NH3     AT Z = 4.68E+06 U = 1.00E-20 RHS = 1.66E-21  DT = 4.38E+04  TIME = 7.13E+06
 N = 1220  EMAX = 1.64E-01 FOR NH3     AT Z = 4.68E+06 U = 1.17E-20 RHS = 1.91E-21  DT = 4.38E+04  TIME = 7.17E+06
 N = 1221  EMAX = 1.62E-01 FOR NH3     AT Z = 4.68E+06 U = 1.36E-20 RHS = 2.20E-21  DT = 4.38E+04  TIME = 7.22E+06
 N = 1222  EMAX = 1.62E-01 FOR NH3     AT Z = 4.72E+06 U = 1.10E-20 RHS = 1.78E-21  DT = 4.38E+04  TIME = 7.26E+06
 N = 1223  EMAX = 1.60E-01 FOR NH3     AT Z = 4.72E+06 U = 1.27E-20 RHS = 2.04E-21  DT = 4.38E+04  TIME = 7.31E+06
 N = 1224  EMAX = 1.60E-01 FOR NH3     AT Z = 4.78E+06 U = 1.03E-20 RHS = 1.66E-21  DT = 4.38E+04  TIME = 7.35E+06
 N = 1225  EMAX = 1.59E-01 FOR NH3     AT Z = 4.78E+06 U = 1.20E-20 RHS = 1.90E-21  DT = 4.38E+04  TIME = 7.39E+06
 N = 1226  EMAX = 1.57E-01 FOR NH3     AT Z = 4.78E+06 U = 1.39E-20 RHS = 2.18E-21  DT = 4.38E+04  TIME = 7.44E+06
 N = 1227  EMAX = 1.57E-01 FOR NH3     AT Z = 4.82E+06 U = 1.13E-20 RHS = 1.78E-21  DT = 4.38E+04  TIME = 7.48E+06
 N = 1228  EMAX = 1.55E-01 FOR NH3     AT Z = 4.82E+06 U = 1.31E-20 RHS = 2.04E-21  DT = 4.38E+04  TIME = 7.52E+06
 N = 1229  EMAX = 1.56E-01 FOR NH3     AT Z = 4.88E+06 U = 1.08E-20 RHS = 1.68E-21  DT = 4.38E+04  TIME = 7.57E+06
 N = 1230  EMAX = 1.54E-01 FOR NH3     AT Z = 4.88E+06 U = 1.25E-20 RHS = 1.92E-21  DT = 4.38E+04  TIME = 7.61E+06
 N = 1231  EMAX = 1.54E-01 FOR NH3     AT Z = 4.92E+06 U = 1.03E-20 RHS = 1.59E-21  DT = 4.38E+04  TIME = 7.66E+06
 N = 1232  EMAX = 1.52E-01 FOR NH3     AT Z = 4.92E+06 U = 1.19E-20 RHS = 1.81E-21  DT = 4.38E+04  TIME = 7.70E+06
 N = 1233  EMAX = 1.51E-01 FOR NH3     AT Z = 4.92E+06 U = 1.37E-20 RHS = 2.06E-21  DT = 4.38E+04  TIME = 7.74E+06
 N = 1234  EMAX = 1.51E-01 FOR NH3     AT Z = 4.98E+06 U = 1.14E-20 RHS = 1.72E-21  DT = 4.38E+04  TIME = 7.79E+06
 N = 1235  EMAX = 1.49E-01 FOR NH3     AT Z = 4.98E+06 U = 1.31E-20 RHS = 1.95E-21  DT = 4.82E+04  TIME = 7.83E+06
 N = 1236  EMAX = 1.67E-01 FOR NH3     AT Z = 5.02E+06 U = 1.09E-20 RHS = 1.82E-21  DT = 4.82E+04  TIME = 7.88E+06
 N = 1237  EMAX = 1.65E-01 FOR NH3     AT Z = 5.02E+06 U = 1.27E-20 RHS = 2.10E-21  DT = 4.82E+04  TIME = 7.93E+06
 N = 1238  EMAX = 1.65E-01 FOR NH3     AT Z = 5.08E+06 U = 1.09E-20 RHS = 1.79E-21  DT = 4.82E+04  TIME = 7.98E+06
 N = 1239  EMAX = 1.63E-01 FOR NH3     AT Z = 5.08E+06 U = 1.27E-20 RHS = 2.06E-21  DT = 4.82E+04  TIME = 8.02E+06
 N = 1240  EMAX = 1.63E-01 FOR NH3     AT Z = 5.12E+06 U = 1.08E-20 RHS = 1.77E-21  DT = 4.82E+04  TIME = 8.07E+06
 N = 1241  EMAX = 1.61E-01 FOR NH3     AT Z = 5.12E+06 U = 1.26E-20 RHS = 2.03E-21  DT = 4.82E+04  TIME = 8.12E+06
 N = 1242  EMAX = 1.61E-01 FOR NH3     AT Z = 5.18E+06 U = 1.08E-20 RHS = 1.75E-21  DT = 4.82E+04  TIME = 8.17E+06
 N = 1243  EMAX = 1.59E-01 FOR NH3     AT Z = 5.18E+06 U = 1.26E-20 RHS = 2.00E-21  DT = 4.82E+04  TIME = 8.22E+06
 N = 1244  EMAX = 1.59E-01 FOR NH3     AT Z = 5.22E+06 U = 1.09E-20 RHS = 1.73E-21  DT = 4.82E+04  TIME = 8.27E+06
 N = 1245  EMAX = 1.57E-01 FOR NH3     AT Z = 5.22E+06 U = 1.26E-20 RHS = 1.99E-21  DT = 4.82E+04  TIME = 8.31E+06
 N = 1246  EMAX = 1.57E-01 FOR NH3     AT Z = 5.28E+06 U = 1.10E-20 RHS = 1.72E-21  DT = 4.82E+04  TIME = 8.36E+06
 N = 1247  EMAX = 1.56E-01 FOR NH3     AT Z = 5.28E+06 U = 1.27E-20 RHS = 1.97E-21  DT = 4.82E+04  TIME = 8.41E+06
 N = 1248  EMAX = 1.56E-01 FOR NH3     AT Z = 5.32E+06 U = 1.11E-20 RHS = 1.72E-21  DT = 4.82E+04  TIME = 8.46E+06
 N = 1249  EMAX = 1.54E-01 FOR NH3     AT Z = 5.32E+06 U = 1.28E-20 RHS = 1.97E-21  DT = 4.82E+04  TIME = 8.51E+06
 N = 1250  EMAX = 1.54E-01 FOR NH3     AT Z = 5.38E+06 U = 1.12E-20 RHS = 1.72E-21  DT = 4.82E+04  TIME = 8.55E+06
 N = 1251  EMAX = 1.52E-01 FOR NH3     AT Z = 5.38E+06 U = 1.29E-20 RHS = 1.96E-21  DT = 4.82E+04  TIME = 8.60E+06
 N = 1252  EMAX = 1.52E-01 FOR NH3     AT Z = 5.42E+06 U = 1.14E-20 RHS = 1.73E-21  DT = 4.82E+04  TIME = 8.65E+06
 N = 1253  EMAX = 1.52E-01 FOR NH3     AT Z = 5.48E+06 U = 1.00E-20 RHS = 1.53E-21  DT = 4.82E+04  TIME = 8.70E+06
 N = 1254  EMAX = 1.50E-01 FOR NH3     AT Z = 5.48E+06 U = 1.16E-20 RHS = 1.74E-21  DT = 4.82E+04  TIME = 8.75E+06
 N = 1255  EMAX = 1.50E-01 FOR NH3     AT Z = 5.52E+06 U = 1.03E-20 RHS = 1.54E-21  DT = 4.82E+04  TIME = 8.80E+06
 N = 1256  EMAX = 1.49E-01 FOR NH3     AT Z = 5.52E+06 U = 1.18E-20 RHS = 1.76E-21  DT = 5.30E+04  TIME = 8.84E+06
 N = 1257  EMAX = 1.66E-01 FOR NH3     AT Z = 5.58E+06 U = 1.05E-20 RHS = 1.74E-21  DT = 5.30E+04  TIME = 8.90E+06
 N = 1258  EMAX = 1.64E-01 FOR NH3     AT Z = 5.58E+06 U = 1.23E-20 RHS = 2.01E-21  DT = 5.30E+04  TIME = 8.95E+06
 N = 1259  EMAX = 1.63E-01 FOR NH3     AT Z = 5.62E+06 U = 1.12E-20 RHS = 1.82E-21  DT = 5.30E+04  TIME = 9.00E+06
 N = 1260  EMAX = 1.63E-01 FOR NH3     AT Z = 5.68E+06 U = 1.02E-20 RHS = 1.66E-21  DT = 5.30E+04  TIME = 9.06E+06
 N = 1261  EMAX = 1.61E-01 FOR NH3     AT Z = 5.68E+06 U = 1.18E-20 RHS = 1.91E-21  DT = 5.30E+04  TIME = 9.11E+06
 N = 1262  EMAX = 1.61E-01 FOR NH3     AT Z = 5.72E+06 U = 1.08E-20 RHS = 1.74E-21  DT = 5.30E+04  TIME = 9.16E+06
 N = 1263  EMAX = 1.59E-01 FOR NH3     AT Z = 5.72E+06 U = 1.26E-20 RHS = 2.00E-21  DT = 5.30E+04  TIME = 9.21E+06
 N = 1264  EMAX = 1.59E-01 FOR NH3     AT Z = 5.78E+06 U = 1.16E-20 RHS = 1.83E-21  DT = 5.30E+04  TIME = 9.27E+06
 N = 1265  EMAX = 1.58E-01 FOR NH3     AT Z = 5.82E+06 U = 1.07E-20 RHS = 1.69E-21  DT = 5.30E+04  TIME = 9.32E+06
 N = 1266  EMAX = 1.56E-01 FOR NH3     AT Z = 5.82E+06 U = 1.24E-20 RHS = 1.93E-21  DT = 5.30E+04  TIME = 9.37E+06
 N = 1267  EMAX = 1.56E-01 FOR NH3     AT Z = 5.88E+06 U = 1.15E-20 RHS = 1.79E-21  DT = 5.30E+04  TIME = 9.43E+06
 N = 1268  EMAX = 1.56E-01 FOR NH3     AT Z = 5.92E+06 U = 1.07E-20 RHS = 1.66E-21  DT = 5.30E+04  TIME = 9.48E+06
 N = 1269  EMAX = 1.54E-01 FOR NH3     AT Z = 5.92E+06 U = 1.23E-20 RHS = 1.90E-21  DT = 5.30E+04  TIME = 9.53E+06
 N = 1270  EMAX = 1.53E-01 FOR NH3     AT Z = 5.98E+06 U = 1.15E-20 RHS = 1.77E-21  DT = 5.30E+04  TIME = 9.59E+06
 N = 1271  EMAX = 1.53E-01 FOR NH3     AT Z = 6.02E+06 U = 1.08E-20 RHS = 1.65E-21  DT = 5.30E+04  TIME = 9.64E+06
 N = 1272  EMAX = 1.53E-01 FOR NH3     AT Z = 6.08E+06 U = 1.02E-20 RHS = 1.55E-21  DT = 5.30E+04  TIME = 9.69E+06
 N = 1273  EMAX = 1.51E-01 FOR NH3     AT Z = 6.08E+06 U = 1.17E-20 RHS = 1.77E-21  DT = 5.30E+04  TIME = 9.75E+06
 N = 1274  EMAX = 1.51E-01 FOR NH3     AT Z = 6.12E+06 U = 1.10E-20 RHS = 1.66E-21  DT = 5.30E+04  TIME = 9.80E+06
 N = 1275  EMAX = 1.50E-01 FOR NH3     AT Z = 6.18E+06 U = 1.05E-20 RHS = 1.57E-21  DT = 5.30E+04  TIME = 9.85E+06
 N = 1276  EMAX = 1.49E-01 FOR NH3     AT Z = 6.18E+06 U = 1.20E-20 RHS = 1.79E-21  DT = 5.83E+04  TIME = 9.90E+06
 N = 1277  EMAX = 1.65E-01 FOR NH3     AT Z = 6.22E+06 U = 1.15E-20 RHS = 1.89E-21  DT = 5.83E+04  TIME = 9.96E+06
 N = 1278  EMAX = 1.64E-01 FOR NH3     AT Z = 6.28E+06 U = 1.11E-20 RHS = 1.82E-21  DT = 5.83E+04  TIME = 1.00E+07
 N = 1279  EMAX = 1.64E-01 FOR NH3     AT Z = 6.32E+06 U = 1.08E-20 RHS = 1.76E-21  DT = 5.83E+04  TIME = 1.01E+07
 N = 1280  EMAX = 1.63E-01 FOR NH3     AT Z = 6.38E+06 U = 1.05E-20 RHS = 1.71E-21  DT = 5.83E+04  TIME = 1.01E+07
 N = 1281  EMAX = 1.62E-01 FOR NH3     AT Z = 6.42E+06 U = 1.03E-20 RHS = 1.67E-21  DT = 5.83E+04  TIME = 1.02E+07
 N = 1282  EMAX = 1.62E-01 FOR NH3     AT Z = 6.48E+06 U = 1.01E-20 RHS = 1.63E-21  DT = 5.83E+04  TIME = 1.03E+07
 N = 1283  EMAX = 1.60E-01 FOR NH3     AT Z = 6.48E+06 U = 1.17E-20 RHS = 1.87E-21  DT = 5.83E+04  TIME = 1.03E+07
 N = 1284  EMAX = 1.59E-01 FOR NH3     AT Z = 6.52E+06 U = 1.15E-20 RHS = 1.83E-21  DT = 5.83E+04  TIME = 1.04E+07
 N = 1285  EMAX = 1.58E-01 FOR NH3     AT Z = 6.58E+06 U = 1.13E-20 RHS = 1.80E-21  DT = 5.83E+04  TIME = 1.04E+07
 N = 1286  EMAX = 1.58E-01 FOR NH3     AT Z = 6.62E+06 U = 1.12E-20 RHS = 1.77E-21  DT = 5.83E+04  TIME = 1.05E+07
 N = 1287  EMAX = 1.57E-01 FOR NH3     AT Z = 6.68E+06 U = 1.11E-20 RHS = 1.75E-21  DT = 5.83E+04  TIME = 1.05E+07
 N = 1288  EMAX = 1.56E-01 FOR NH3     AT Z = 6.72E+06 U = 1.11E-20 RHS = 1.73E-21  DT = 5.83E+04  TIME = 1.06E+07
 N = 1289  EMAX = 1.55E-01 FOR NH3     AT Z = 6.78E+06 U = 1.11E-20 RHS = 1.72E-21  DT = 5.83E+04  TIME = 1.07E+07
 N = 1290  EMAX = 1.55E-01 FOR NH3     AT Z = 6.82E+06 U = 1.11E-20 RHS = 1.71E-21  DT = 5.83E+04  TIME = 1.07E+07
 N = 1291  EMAX = 1.54E-01 FOR NH3     AT Z = 6.88E+06 U = 1.11E-20 RHS = 1.71E-21  DT = 5.83E+04  TIME = 1.08E+07
 N = 1292  EMAX = 1.53E-01 FOR NH3     AT Z = 6.92E+06 U = 1.12E-20 RHS = 1.71E-21  DT = 5.83E+04  TIME = 1.08E+07
 N = 1293  EMAX = 1.52E-01 FOR NH3     AT Z = 6.98E+06 U = 1.13E-20 RHS = 1.72E-21  DT = 5.83E+04  TIME = 1.09E+07
 N = 1294  EMAX = 1.52E-01 FOR NH3     AT Z = 7.08E+06 U = 1.01E-20 RHS = 1.54E-21  DT = 5.83E+04  TIME = 1.10E+07
 N = 1295  EMAX = 1.51E-01 FOR NH3     AT Z = 7.12E+06 U = 1.03E-20 RHS = 1.56E-21  DT = 5.83E+04  TIME = 1.10E+07
 N = 1296  EMAX = 1.51E-01 FOR NH3     AT Z = 7.18E+06 U = 1.05E-20 RHS = 1.58E-21  DT = 5.83E+04  TIME = 1.11E+07
 N = 1297  EMAX = 1.50E-01 FOR NH3     AT Z = 7.22E+06 U = 1.07E-20 RHS = 1.61E-21  DT = 6.42E+04  TIME = 1.11E+07
 N = 1298  EMAX = 1.66E-01 FOR NH3     AT Z = 7.28E+06 U = 1.10E-20 RHS = 1.83E-21  DT = 6.42E+04  TIME = 1.12E+07
 N = 1299  EMAX = 1.66E-01 FOR NH3     AT Z = 7.38E+06 U = 1.03E-20 RHS = 1.71E-21  DT = 6.42E+04  TIME = 1.13E+07
 N = 1300  EMAX = 1.65E-01 FOR NH3     AT Z = 7.42E+06 U = 1.08E-20 RHS = 1.77E-21  DT = 6.42E+04  TIME = 1.13E+07
 N = 1301  EMAX = 1.64E-01 FOR NH3     AT Z = 7.52E+06 U = 1.02E-20 RHS = 1.67E-21  DT = 6.42E+04  TIME = 1.14E+07
 N = 1302  EMAX = 1.63E-01 FOR NH3     AT Z = 7.58E+06 U = 1.07E-20 RHS = 1.75E-21  DT = 6.42E+04  TIME = 1.15E+07
 N = 1303  EMAX = 1.63E-01 FOR NH3     AT Z = 7.68E+06 U = 1.02E-20 RHS = 1.66E-21  DT = 6.42E+04  TIME = 1.15E+07
 N = 1304  EMAX = 1.62E-01 FOR NH3     AT Z = 7.72E+06 U = 1.07E-20 RHS = 1.74E-21  DT = 6.42E+04  TIME = 1.16E+07
 N = 1305  EMAX = 1.62E-01 FOR NH3     AT Z = 7.82E+06 U = 1.02E-20 RHS = 1.66E-21  DT = 6.42E+04  TIME = 1.16E+07
 N = 1306  EMAX = 1.60E-01 FOR NH3     AT Z = 7.88E+06 U = 1.08E-20 RHS = 1.73E-21  DT = 6.42E+04  TIME = 1.17E+07
 N = 1307  EMAX = 1.60E-01 FOR NH3     AT Z = 7.98E+06 U = 1.03E-20 RHS = 1.66E-21  DT = 6.42E+04  TIME = 1.18E+07
 N = 1308  EMAX = 1.59E-01 FOR NH3     AT Z = 8.02E+06 U = 1.09E-20 RHS = 1.73E-21  DT = 6.42E+04  TIME = 1.18E+07
 N = 1309  EMAX = 1.59E-01 FOR NH3     AT Z = 8.12E+06 U = 1.04E-20 RHS = 1.65E-21  DT = 6.42E+04  TIME = 1.19E+07
 N = 1310  EMAX = 1.58E-01 FOR NH3     AT Z = 8.18E+06 U = 1.10E-20 RHS = 1.73E-21  DT = 6.42E+04  TIME = 1.20E+07
 N = 1311  EMAX = 1.57E-01 FOR NH3     AT Z = 8.28E+06 U = 1.04E-20 RHS = 1.64E-21  DT = 6.42E+04  TIME = 1.20E+07
 N = 1312  EMAX = 1.56E-01 FOR NH3     AT Z = 8.32E+06 U = 1.09E-20 RHS = 1.71E-21  DT = 6.42E+04  TIME = 1.21E+07
 N = 1313  EMAX = 1.56E-01 FOR NH3     AT Z = 8.42E+06 U = 1.04E-20 RHS = 1.62E-21  DT = 6.42E+04  TIME = 1.22E+07
 N = 1314  EMAX = 1.55E-01 FOR NH3     AT Z = 8.48E+06 U = 1.08E-20 RHS = 1.68E-21  DT = 6.42E+04  TIME = 1.22E+07
 N = 1315  EMAX = 1.55E-01 FOR NH3     AT Z = 8.58E+06 U = 1.02E-20 RHS = 1.58E-21  DT = 6.42E+04  TIME = 1.23E+07
 N = 1316  EMAX = 1.54E-01 FOR NH3     AT Z = 8.62E+06 U = 1.06E-20 RHS = 1.64E-21  DT = 6.42E+04  TIME = 1.23E+07
 N = 1317  EMAX = 1.53E-01 FOR NH3     AT Z = 8.68E+06 U = 1.11E-20 RHS = 1.69E-21  DT = 6.42E+04  TIME = 1.24E+07
 N = 1318  EMAX = 1.53E-01 FOR NH3     AT Z = 8.78E+06 U = 1.03E-20 RHS = 1.58E-21  DT = 6.42E+04  TIME = 1.25E+07
 N = 1319  EMAX = 1.52E-01 FOR NH3     AT Z = 8.82E+06 U = 1.07E-20 RHS = 1.63E-21  DT = 6.42E+04  TIME = 1.25E+07
 N = 1320  EMAX = 1.52E-01 FOR NH3     AT Z = 8.92E+06 U = 1.00E-20 RHS = 1.52E-21  DT = 6.42E+04  TIME = 1.26E+07
 N = 1321  EMAX = 1.51E-01 FOR NH3     AT Z = 8.98E+06 U = 1.04E-20 RHS = 1.57E-21  DT = 6.42E+04  TIME = 1.27E+07
 N = 1322  EMAX = 1.50E-01 FOR NH3     AT Z = 9.02E+06 U = 1.07E-20 RHS = 1.62E-21  DT = 6.42E+04  TIME = 1.27E+07
 N = 1323  EMAX = 1.50E-01 FOR NH3     AT Z = 9.12E+06 U = 1.01E-20 RHS = 1.51E-21  DT = 6.42E+04  TIME = 1.28E+07
 N = 1324  EMAX = 1.50E-01 FOR NH3     AT Z = 9.18E+06 U = 1.04E-20 RHS = 1.56E-21  DT = 7.06E+04  TIME = 1.29E+07
 N = 1325  EMAX = 1.66E-01 FOR NH3     AT Z = 9.22E+06 U = 1.09E-20 RHS = 1.80E-21  DT = 7.06E+04  TIME = 1.29E+07
 N = 1326  EMAX = 1.66E-01 FOR NH3     AT Z = 9.32E+06 U = 1.05E-20 RHS = 1.74E-21  DT = 7.06E+04  TIME = 1.30E+07
 N = 1327  EMAX = 1.66E-01 FOR NH3     AT Z = 9.42E+06 U = 1.02E-20 RHS = 1.70E-21  DT = 7.06E+04  TIME = 1.31E+07
 N = 1328  EMAX = 1.65E-01 FOR NH3     AT Z = 9.52E+06 U = 1.02E-20 RHS = 1.69E-21  DT = 7.06E+04  TIME = 1.31E+07
 N = 1329  EMAX = 1.66E-01 FOR NH3     AT Z = 9.68E+06 U = 1.00E-20 RHS = 1.66E-21  DT = 7.06E+04  TIME = 1.32E+07
 N = 1330  EMAX = 1.66E-01 FOR NH3     AT Z = 9.98E+06 U = 1.08E-20 RHS = 1.80E-21  DT = 7.06E+04  TIME = 1.33E+07
 N = 1331  EMAX = 1.64E-01 FOR NH3     AT Z = 9.98E+06 U = 1.26E-20 RHS = 2.08E-21  DT = 7.06E+04  TIME = 1.34E+07
 N = 1332  EMAX = 1.63E-01 FOR NH3     AT Z = 9.98E+06 U = 1.47E-20 RHS = 2.39E-21  DT = 7.06E+04  TIME = 1.34E+07
 N = 1333  EMAX = 1.61E-01 FOR NH3     AT Z = 9.98E+06 U = 1.71E-20 RHS = 2.75E-21  DT = 7.06E+04  TIME = 1.35E+07
 N = 1334  EMAX = 1.59E-01 FOR NH3     AT Z = 9.98E+06 U = 1.99E-20 RHS = 3.16E-21  DT = 7.06E+04  TIME = 1.36E+07
 N = 1335  EMAX = 1.58E-01 FOR NH3     AT Z = 9.98E+06 U = 2.30E-20 RHS = 3.63E-21  DT = 7.06E+04  TIME = 1.36E+07
 N = 1336  EMAX = 1.56E-01 FOR NH3     AT Z = 9.98E+06 U = 2.67E-20 RHS = 4.16E-21  DT = 7.06E+04  TIME = 1.37E+07
 N = 1337  EMAX = 1.54E-01 FOR NH3     AT Z = 9.98E+06 U = 3.08E-20 RHS = 4.76E-21  DT = 7.06E+04  TIME = 1.38E+07
 N = 1338  EMAX = 1.53E-01 FOR NH3     AT Z = 9.98E+06 U = 3.56E-20 RHS = 5.44E-21  DT = 7.06E+04  TIME = 1.39E+07
 N = 1339  EMAX = 1.51E-01 FOR NH3     AT Z = 9.98E+06 U = 4.10E-20 RHS = 6.20E-21  DT = 7.06E+04  TIME = 1.39E+07
 N = 1340  EMAX = 1.50E-01 FOR NH3     AT Z = 9.98E+06 U = 4.72E-20 RHS = 7.07E-21  DT = 7.76E+04  TIME = 1.40E+07
 N = 1341  EMAX = 1.65E-01 FOR NH3     AT Z = 9.98E+06 U = 5.43E-20 RHS = 8.97E-21  DT = 7.76E+04  TIME = 1.41E+07
 N = 1342  EMAX = 1.63E-01 FOR NH3     AT Z = 9.98E+06 U = 6.33E-20 RHS = 1.03E-20  DT = 7.76E+04  TIME = 1.41E+07
 N = 1343  EMAX = 1.62E-01 FOR NH3     AT Z = 9.98E+06 U = 7.36E-20 RHS = 1.19E-20  DT = 7.76E+04  TIME = 1.42E+07
 N = 1344  EMAX = 1.60E-01 FOR NH3     AT Z = 9.98E+06 U = 8.55E-20 RHS = 1.37E-20  DT = 7.76E+04  TIME = 1.43E+07
 N = 1345  EMAX = 1.58E-01 FOR NH3     AT Z = 9.98E+06 U = 9.92E-20 RHS = 1.57E-20  DT = 7.76E+04  TIME = 1.44E+07
 N = 1346  EMAX = 1.56E-01 FOR NH3     AT Z = 9.98E+06 U = 1.15E-19 RHS = 1.80E-20  DT = 7.76E+04  TIME = 1.45E+07
 N = 1347  EMAX = 1.55E-01 FOR NH3     AT Z = 9.98E+06 U = 1.33E-19 RHS = 2.05E-20  DT = 7.76E+04  TIME = 1.45E+07
 N = 1348  EMAX = 1.53E-01 FOR NH3     AT Z = 9.98E+06 U = 1.53E-19 RHS = 2.35E-20  DT = 7.76E+04  TIME = 1.46E+07
 N = 1349  EMAX = 1.51E-01 FOR NH3     AT Z = 9.98E+06 U = 1.77E-19 RHS = 2.68E-20  DT = 7.76E+04  TIME = 1.47E+07
 N = 1350  EMAX = 1.50E-01 FOR NH3     AT Z = 9.98E+06 U = 2.04E-19 RHS = 3.05E-20  DT = 8.54E+04  TIME = 1.48E+07
 N = 1351  EMAX = 1.65E-01 FOR NH3     AT Z = 9.98E+06 U = 2.34E-19 RHS = 3.87E-20  DT = 8.54E+04  TIME = 1.49E+07
 N = 1352  EMAX = 1.63E-01 FOR NH3     AT Z = 9.98E+06 U = 2.73E-19 RHS = 4.45E-20  DT = 8.54E+04  TIME = 1.49E+07
 N = 1353  EMAX = 1.61E-01 FOR NH3     AT Z = 9.98E+06 U = 3.17E-19 RHS = 5.12E-20  DT = 8.54E+04  TIME = 1.50E+07
 N = 1354  EMAX = 1.59E-01 FOR NH3     AT Z = 9.98E+06 U = 3.68E-19 RHS = 5.87E-20  DT = 8.54E+04  TIME = 1.51E+07
 N = 1355  EMAX = 1.58E-01 FOR NH3     AT Z = 9.98E+06 U = 4.27E-19 RHS = 6.73E-20  DT = 8.54E+04  TIME = 1.52E+07
 N = 1356  EMAX = 1.56E-01 FOR NH3     AT Z = 9.98E+06 U = 4.94E-19 RHS = 7.70E-20  DT = 8.54E+04  TIME = 1.53E+07
 N = 1357  EMAX = 1.54E-01 FOR NH3     AT Z = 9.98E+06 U = 5.71E-19 RHS = 8.80E-20  DT = 8.54E+04  TIME = 1.54E+07
 N = 1358  EMAX = 1.52E-01 FOR NH3     AT Z = 9.98E+06 U = 6.59E-19 RHS = 1.00E-19  DT = 8.54E+04  TIME = 1.55E+07
 N = 1359  EMAX = 1.51E-01 FOR NH3     AT Z = 9.98E+06 U = 7.60E-19 RHS = 1.14E-19  DT = 8.54E+04  TIME = 1.55E+07
 N = 1360  EMAX = 1.49E-01 FOR NH3     AT Z = 9.98E+06 U = 8.74E-19 RHS = 1.30E-19  DT = 9.40E+04  TIME = 1.56E+07
 N = 1361  EMAX = 1.64E-01 FOR NH3     AT Z = 9.98E+06 U = 1.00E-18 RHS = 1.65E-19  DT = 9.40E+04  TIME = 1.57E+07
 N = 1362  EMAX = 1.62E-01 FOR NH3     AT Z = 9.98E+06 U = 1.17E-18 RHS = 1.89E-19  DT = 9.40E+04  TIME = 1.58E+07
 N = 1363  EMAX = 1.60E-01 FOR NH3     AT Z = 9.98E+06 U = 1.36E-18 RHS = 2.17E-19  DT = 9.40E+04  TIME = 1.59E+07
 N = 1364  EMAX = 1.58E-01 FOR NH3     AT Z = 9.98E+06 U = 1.58E-18 RHS = 2.49E-19  DT = 9.40E+04  TIME = 1.60E+07
 N = 1365  EMAX = 1.56E-01 FOR NH3     AT Z = 9.98E+06 U = 1.83E-18 RHS = 2.85E-19  DT = 9.40E+04  TIME = 1.61E+07
 N = 1366  EMAX = 1.54E-01 FOR NH3     AT Z = 9.98E+06 U = 2.11E-18 RHS = 3.26E-19  DT = 9.40E+04  TIME = 1.62E+07
 N = 1367  EMAX = 1.52E-01 FOR NH3     AT Z = 9.98E+06 U = 2.44E-18 RHS = 3.71E-19  DT = 9.40E+04  TIME = 1.63E+07
 N = 1368  EMAX = 1.51E-01 FOR NH3     AT Z = 9.98E+06 U = 2.81E-18 RHS = 4.23E-19  DT = 9.40E+04  TIME = 1.64E+07
 N = 1369  EMAX = 1.49E-01 FOR NH3     AT Z = 9.98E+06 U = 3.23E-18 RHS = 4.81E-19  DT = 1.03E+05  TIME = 1.65E+07
 N = 1370  EMAX = 1.64E-01 FOR NH3     AT Z = 9.98E+06 U = 3.71E-18 RHS = 6.08E-19  DT = 1.03E+05  TIME = 1.66E+07
 N = 1371  EMAX = 1.62E-01 FOR NH3     AT Z = 9.98E+06 U = 4.32E-18 RHS = 6.99E-19  DT = 1.03E+05  TIME = 1.67E+07
 N = 1372  EMAX = 1.60E-01 FOR NH3     AT Z = 9.98E+06 U = 5.02E-18 RHS = 8.01E-19  DT = 1.03E+05  TIME = 1.68E+07
 N = 1373  EMAX = 1.58E-01 FOR NH3     AT Z = 9.98E+06 U = 5.82E-18 RHS = 9.17E-19  DT = 1.03E+05  TIME = 1.69E+07
 N = 1374  EMAX = 1.56E-01 FOR NH3     AT Z = 9.98E+06 U = 6.74E-18 RHS = 1.05E-18  DT = 1.03E+05  TIME = 1.70E+07
 N = 1375  EMAX = 1.54E-01 FOR NH3     AT Z = 9.98E+06 U = 7.79E-18 RHS = 1.20E-18  DT = 1.03E+05  TIME = 1.71E+07
 N = 1376  EMAX = 1.52E-01 FOR NH3     AT Z = 9.98E+06 U = 8.98E-18 RHS = 1.36E-18  DT = 1.03E+05  TIME = 1.72E+07
 N = 1377  EMAX = 1.50E-01 FOR NH3     AT Z = 9.98E+06 U = 1.03E-17 RHS = 1.55E-18  DT = 1.14E+05  TIME = 1.73E+07
 N = 1378  EMAX = 1.65E-01 FOR NH3     AT Z = 9.98E+06 U = 1.19E-17 RHS = 1.96E-18  DT = 1.14E+05  TIME = 1.74E+07
 N = 1379  EMAX = 1.63E-01 FOR NH3     AT Z = 9.98E+06 U = 1.39E-17 RHS = 2.25E-18  DT = 1.14E+05  TIME = 1.75E+07
 N = 1380  EMAX = 1.60E-01 FOR NH3     AT Z = 9.98E+06 U = 1.61E-17 RHS = 2.58E-18  DT = 1.14E+05  TIME = 1.76E+07
 N = 1381  EMAX = 1.58E-01 FOR NH3     AT Z = 9.98E+06 U = 1.87E-17 RHS = 2.96E-18  DT = 1.14E+05  TIME = 1.77E+07
 N = 1382  EMAX = 1.56E-01 FOR NH3     AT Z = 9.98E+06 U = 2.17E-17 RHS = 3.38E-18  DT = 1.14E+05  TIME = 1.79E+07
 N = 1383  EMAX = 1.54E-01 FOR NH3     AT Z = 9.98E+06 U = 2.50E-17 RHS = 3.85E-18  DT = 1.14E+05  TIME = 1.80E+07
 N = 1384  EMAX = 1.52E-01 FOR NH3     AT Z = 9.98E+06 U = 2.89E-17 RHS = 4.39E-18  DT = 1.14E+05  TIME = 1.81E+07
 N = 1385  EMAX = 1.50E-01 FOR NH3     AT Z = 9.98E+06 U = 3.33E-17 RHS = 4.99E-18  DT = 1.25E+05  TIME = 1.82E+07
 N = 1386  EMAX = 1.65E-01 FOR NH3     AT Z = 9.98E+06 U = 3.83E-17 RHS = 6.31E-18  DT = 1.25E+05  TIME = 1.83E+07
 N = 1387  EMAX = 1.63E-01 FOR NH3     AT Z = 9.98E+06 U = 4.46E-17 RHS = 7.25E-18  DT = 1.25E+05  TIME = 1.85E+07
 N = 1388  EMAX = 1.60E-01 FOR NH3     AT Z = 9.98E+06 U = 5.18E-17 RHS = 8.30E-18  DT = 1.25E+05  TIME = 1.86E+07
 N = 1389  EMAX = 1.58E-01 FOR NH3     AT Z = 9.98E+06 U = 6.01E-17 RHS = 9.49E-18  DT = 1.25E+05  TIME = 1.87E+07
 N = 1390  EMAX = 1.56E-01 FOR NH3     AT Z = 9.98E+06 U = 6.96E-17 RHS = 1.08E-17  DT = 1.25E+05  TIME = 1.88E+07
 N = 1391  EMAX = 1.53E-01 FOR NH3     AT Z = 9.98E+06 U = 8.04E-17 RHS = 1.23E-17  DT = 1.25E+05  TIME = 1.90E+07
 N = 1392  EMAX = 1.51E-01 FOR NH3     AT Z = 9.98E+06 U = 9.28E-17 RHS = 1.40E-17  DT = 1.25E+05  TIME = 1.91E+07
 N = 1393  EMAX = 1.49E-01 FOR NH3     AT Z = 9.98E+06 U = 1.07E-16 RHS = 1.59E-17  DT = 1.38E+05  TIME = 1.92E+07
 N = 1394  EMAX = 1.64E-01 FOR NH3     AT Z = 9.98E+06 U = 1.23E-16 RHS = 2.01E-17  DT = 1.38E+05  TIME = 1.93E+07
 N = 1395  EMAX = 1.62E-01 FOR NH3     AT Z = 9.98E+06 U = 1.43E-16 RHS = 2.31E-17  DT = 1.38E+05  TIME = 1.95E+07
 N = 1396  EMAX = 1.59E-01 FOR NH3     AT Z = 9.98E+06 U = 1.66E-16 RHS = 2.64E-17  DT = 1.38E+05  TIME = 1.96E+07
 N = 1397  EMAX = 1.57E-01 FOR NH3     AT Z = 9.98E+06 U = 1.92E-16 RHS = 3.01E-17  DT = 1.38E+05  TIME = 1.98E+07
 N = 1398  EMAX = 1.54E-01 FOR NH3     AT Z = 9.98E+06 U = 2.23E-16 RHS = 3.43E-17  DT = 1.38E+05  TIME = 1.99E+07
 N = 1399  EMAX = 1.52E-01 FOR NH3     AT Z = 9.98E+06 U = 2.57E-16 RHS = 3.91E-17  DT = 1.38E+05  TIME = 2.00E+07
 N = 1400  EMAX = 1.50E-01 FOR NH3     AT Z = 9.98E+06 U = 2.96E-16 RHS = 4.43E-17  DT = 1.51E+05  TIME = 2.02E+07
 N = 1401  EMAX = 1.65E-01 FOR NH3     AT Z = 9.98E+06 U = 3.40E-16 RHS = 5.60E-17  DT = 1.51E+05  TIME = 2.03E+07
 N = 1402  EMAX = 1.62E-01 FOR NH3     AT Z = 9.98E+06 U = 3.96E-16 RHS = 6.42E-17  DT = 1.51E+05  TIME = 2.05E+07
 N = 1403  EMAX = 1.59E-01 FOR NH3     AT Z = 9.98E+06 U = 4.60E-16 RHS = 7.34E-17  DT = 1.51E+05  TIME = 2.06E+07
 N = 1404  EMAX = 1.57E-01 FOR NH3     AT Z = 9.98E+06 U = 5.34E-16 RHS = 8.37E-17  DT = 1.51E+05  TIME = 2.08E+07
 N = 1405  EMAX = 1.54E-01 FOR NH3     AT Z = 9.98E+06 U = 6.18E-16 RHS = 9.53E-17  DT = 1.51E+05  TIME = 2.09E+07
 N = 1406  EMAX = 1.52E-01 FOR NH3     AT Z = 9.98E+06 U = 7.13E-16 RHS = 1.08E-16  DT = 1.51E+05  TIME = 2.11E+07
 N = 1407  EMAX = 1.50E-01 FOR NH3     AT Z = 9.98E+06 U = 8.21E-16 RHS = 1.23E-16  DT = 1.66E+05  TIME = 2.12E+07
 N = 1408  EMAX = 1.64E-01 FOR NH3     AT Z = 9.98E+06 U = 9.44E-16 RHS = 1.55E-16  DT = 1.66E+05  TIME = 2.14E+07
 N = 1409  EMAX = 1.61E-01 FOR NH3     AT Z = 9.98E+06 U = 1.10E-15 RHS = 1.77E-16  DT = 1.66E+05  TIME = 2.16E+07
 N = 1410  EMAX = 1.59E-01 FOR NH3     AT Z = 9.98E+06 U = 1.28E-15 RHS = 2.03E-16  DT = 1.66E+05  TIME = 2.17E+07
 N = 1411  EMAX = 1.56E-01 FOR NH3     AT Z = 9.98E+06 U = 1.48E-15 RHS = 2.31E-16  DT = 1.66E+05  TIME = 2.19E+07
 N = 1412  EMAX = 1.54E-01 FOR NH3     AT Z = 9.98E+06 U = 1.71E-15 RHS = 2.62E-16  DT = 1.66E+05  TIME = 2.21E+07
 N = 1413  EMAX = 1.51E-01 FOR NH3     AT Z = 9.98E+06 U = 1.97E-15 RHS = 2.98E-16  DT = 1.66E+05  TIME = 2.22E+07
 N = 1414  EMAX = 1.49E-01 FOR NH3     AT Z = 9.98E+06 U = 2.27E-15 RHS = 3.37E-16  DT = 1.83E+05  TIME = 2.24E+07
 N = 1415  EMAX = 1.63E-01 FOR NH3     AT Z = 9.98E+06 U = 2.61E-15 RHS = 4.25E-16  DT = 1.83E+05  TIME = 2.26E+07
 N = 1416  EMAX = 1.60E-01 FOR NH3     AT Z = 9.98E+06 U = 3.03E-15 RHS = 4.85E-16  DT = 1.83E+05  TIME = 2.28E+07
 N = 1417  EMAX = 1.57E-01 FOR NH3     AT Z = 9.98E+06 U = 3.52E-15 RHS = 5.53E-16  DT = 1.83E+05  TIME = 2.29E+07
 N = 1418  EMAX = 1.54E-01 FOR NH3     AT Z = 9.98E+06 U = 4.07E-15 RHS = 6.29E-16  DT = 1.83E+05  TIME = 2.31E+07
 N = 1419  EMAX = 1.52E-01 FOR NH3     AT Z = 9.98E+06 U = 4.70E-15 RHS = 7.14E-16  DT = 1.83E+05  TIME = 2.33E+07
 N = 1420  EMAX = 1.49E-01 FOR NH3     AT Z = 9.98E+06 U = 5.41E-15 RHS = 8.08E-16  DT = 2.01E+05  TIME = 2.35E+07
 N = 1421  EMAX = 1.64E-01 FOR NH3     AT Z = 9.98E+06 U = 6.22E-15 RHS = 1.02E-15  DT = 2.01E+05  TIME = 2.37E+07
 N = 1422  EMAX = 1.60E-01 FOR NH3     AT Z = 9.98E+06 U = 7.24E-15 RHS = 1.16E-15  DT = 2.01E+05  TIME = 2.39E+07
 N = 1423  EMAX = 1.57E-01 FOR NH3     AT Z = 9.98E+06 U = 8.40E-15 RHS = 1.32E-15  DT = 2.01E+05  TIME = 2.41E+07
 N = 1424  EMAX = 1.55E-01 FOR NH3     AT Z = 9.98E+06 U = 9.72E-15 RHS = 1.50E-15  DT = 2.01E+05  TIME = 2.43E+07
 N = 1425  EMAX = 1.52E-01 FOR NH3     AT Z = 9.98E+06 U = 1.12E-14 RHS = 1.70E-15  DT = 2.01E+05  TIME = 2.45E+07
 N = 1426  EMAX = 1.49E-01 FOR NH3     AT Z = 9.98E+06 U = 1.29E-14 RHS = 1.93E-15  DT = 2.22E+05  TIME = 2.47E+07
 N = 1427  EMAX = 1.63E-01 FOR NH3     AT Z = 9.98E+06 U = 1.49E-14 RHS = 2.43E-15  DT = 2.22E+05  TIME = 2.49E+07
 N = 1428  EMAX = 1.60E-01 FOR NH3     AT Z = 9.98E+06 U = 1.73E-14 RHS = 2.77E-15  DT = 2.22E+05  TIME = 2.51E+07
 N = 1429  EMAX = 1.57E-01 FOR NH3     AT Z = 9.98E+06 U = 2.01E-14 RHS = 3.15E-15  DT = 2.22E+05  TIME = 2.54E+07
 N = 1430  EMAX = 1.54E-01 FOR NH3     AT Z = 9.98E+06 U = 2.32E-14 RHS = 3.57E-15  DT = 2.22E+05  TIME = 2.56E+07
 N = 1431  EMAX = 1.51E-01 FOR NH3     AT Z = 9.98E+06 U = 2.68E-14 RHS = 4.04E-15  DT = 2.22E+05  TIME = 2.58E+07
 N = 1432  EMAX = 1.48E-01 FOR NH3     AT Z = 9.98E+06 U = 3.08E-14 RHS = 4.56E-15  DT = 2.44E+05  TIME = 2.60E+07
 N = 1433  EMAX = 1.62E-01 FOR NH3     AT Z = 9.98E+06 U = 3.54E-14 RHS = 5.73E-15  DT = 2.44E+05  TIME = 2.63E+07
 N = 1434  EMAX = 1.59E-01 FOR NH3     AT Z = 9.98E+06 U = 4.11E-14 RHS = 6.52E-15  DT = 2.44E+05  TIME = 2.65E+07
 N = 1435  EMAX = 1.55E-01 FOR NH3     AT Z = 9.98E+06 U = 4.76E-14 RHS = 7.40E-15  DT = 2.44E+05  TIME = 2.68E+07
 N = 1436  EMAX = 1.52E-01 FOR NH3     AT Z = 9.98E+06 U = 5.50E-14 RHS = 8.38E-15  DT = 2.44E+05  TIME = 2.70E+07
 N = 1437  EMAX = 1.49E-01 FOR NH3     AT Z = 9.98E+06 U = 6.34E-14 RHS = 9.47E-15  DT = 2.68E+05  TIME = 2.72E+07
 N = 1438  EMAX = 1.63E-01 FOR NH3     AT Z = 9.98E+06 U = 7.29E-14 RHS = 1.19E-14  DT = 2.68E+05  TIME = 2.75E+07
 N = 1439  EMAX = 1.60E-01 FOR NH3     AT Z = 9.98E+06 U = 8.48E-14 RHS = 1.35E-14  DT = 2.68E+05  TIME = 2.78E+07
 N = 1440  EMAX = 1.56E-01 FOR NH3     AT Z = 9.98E+06 U = 9.83E-14 RHS = 1.54E-14  DT = 2.68E+05  TIME = 2.80E+07
 N = 1441  EMAX = 1.53E-01 FOR NH3     AT Z = 9.98E+06 U = 1.14E-13 RHS = 1.74E-14  DT = 2.68E+05  TIME = 2.83E+07
 N = 1442  EMAX = 1.50E-01 FOR NH3     AT Z = 9.98E+06 U = 1.31E-13 RHS = 1.96E-14  DT = 2.95E+05  TIME = 2.86E+07
 N = 1443  EMAX = 1.63E-01 FOR NH3     AT Z = 9.98E+06 U = 1.51E-13 RHS = 2.46E-14  DT = 2.95E+05  TIME = 2.89E+07
 N = 1444  EMAX = 1.60E-01 FOR NH3     AT Z = 9.98E+06 U = 1.75E-13 RHS = 2.80E-14  DT = 2.95E+05  TIME = 2.92E+07
 N = 1445  EMAX = 1.56E-01 FOR NH3     AT Z = 9.98E+06 U = 2.03E-13 RHS = 3.17E-14  DT = 2.95E+05  TIME = 2.95E+07
 N = 1446  EMAX = 1.53E-01 FOR NH3     AT Z = 9.98E+06 U = 2.35E-13 RHS = 3.58E-14  DT = 2.95E+05  TIME = 2.98E+07
 N = 1447  EMAX = 1.49E-01 FOR NH3     AT Z = 9.98E+06 U = 2.71E-13 RHS = 4.04E-14  DT = 3.24E+05  TIME = 3.01E+07
 N = 1448  EMAX = 1.63E-01 FOR NH3     AT Z = 9.98E+06 U = 3.11E-13 RHS = 5.06E-14  DT = 3.24E+05  TIME = 3.04E+07
 N = 1449  EMAX = 1.59E-01 FOR NH3     AT Z = 9.98E+06 U = 3.62E-13 RHS = 5.74E-14  DT = 3.24E+05  TIME = 3.07E+07
 N = 1450  EMAX = 1.55E-01 FOR NH3     AT Z = 9.98E+06 U = 4.19E-13 RHS = 6.50E-14  DT = 3.24E+05  TIME = 3.10E+07
 N = 1451  EMAX = 1.51E-01 FOR NH3     AT Z = 9.98E+06 U = 4.84E-13 RHS = 7.33E-14  DT = 3.24E+05  TIME = 3.14E+07
 N = 1452  EMAX = 1.48E-01 FOR NH3     AT Z = 9.98E+06 U = 5.58E-13 RHS = 8.25E-14  DT = 3.57E+05  TIME = 3.17E+07
 N = 1453  EMAX = 1.61E-01 FOR NH3     AT Z = 9.98E+06 U = 6.40E-13 RHS = 1.03E-13  DT = 3.57E+05  TIME = 3.20E+07
 N = 1454  EMAX = 1.57E-01 FOR NH3     AT Z = 9.98E+06 U = 7.43E-13 RHS = 1.17E-13  DT = 3.57E+05  TIME = 3.24E+07
 N = 1455  EMAX = 1.53E-01 FOR NH3     AT Z = 9.98E+06 U = 8.60E-13 RHS = 1.32E-13  DT = 3.57E+05  TIME = 3.28E+07
 N = 1456  EMAX = 1.50E-01 FOR NH3     AT Z = 9.98E+06 U = 9.92E-13 RHS = 1.48E-13  DT = 3.92E+05  TIME = 3.31E+07
 N = 1457  EMAX = 1.63E-01 FOR NH3     AT Z = 9.98E+06 U = 1.14E-12 RHS = 1.85E-13  DT = 3.92E+05  TIME = 3.35E+07
 N = 1458  EMAX = 1.58E-01 FOR NH3     AT Z = 9.98E+06 U = 1.33E-12 RHS = 2.10E-13  DT = 3.92E+05  TIME = 3.39E+07
 N = 1459  EMAX = 1.54E-01 FOR NH3     AT Z = 9.98E+06 U = 1.54E-12 RHS = 2.37E-13  DT = 3.92E+05  TIME = 3.43E+07
 N = 1460  EMAX = 1.50E-01 FOR NH3     AT Z = 9.98E+06 U = 1.77E-12 RHS = 2.66E-13  DT = 3.92E+05  TIME = 3.47E+07
 N = 1461  EMAX = 1.47E-01 FOR NH3     AT Z = 9.98E+06 U = 2.04E-12 RHS = 2.99E-13  DT = 4.32E+05  TIME = 3.51E+07
 N = 1462  EMAX = 1.59E-01 FOR NH3     AT Z = 9.98E+06 U = 2.34E-12 RHS = 3.72E-13  DT = 4.32E+05  TIME = 3.55E+07
 N = 1463  EMAX = 1.55E-01 FOR NH3     AT Z = 9.98E+06 U = 2.71E-12 RHS = 4.19E-13  DT = 4.32E+05  TIME = 3.59E+07
 N = 1464  EMAX = 1.51E-01 FOR NH3     AT Z = 9.98E+06 U = 3.13E-12 RHS = 4.71E-13  DT = 4.32E+05  TIME = 3.64E+07
 N = 1465  EMAX = 1.47E-01 FOR NH3     AT Z = 9.98E+06 U = 3.60E-12 RHS = 5.28E-13  DT = 4.75E+05  TIME = 3.68E+07
 N = 1466  EMAX = 1.59E-01 FOR NH3     AT Z = 9.98E+06 U = 4.13E-12 RHS = 6.56E-13  DT = 4.75E+05  TIME = 3.73E+07
 N = 1467  EMAX = 1.54E-01 FOR NH3     AT Z = 9.98E+06 U = 4.78E-12 RHS = 7.39E-13  DT = 4.75E+05  TIME = 3.77E+07
 N = 1468  EMAX = 1.50E-01 FOR NH3     AT Z = 9.98E+06 U = 5.52E-12 RHS = 8.29E-13  DT = 4.75E+05  TIME = 3.82E+07
 N = 1469  EMAX = 1.46E-01 FOR NH3     AT Z = 9.98E+06 U = 6.35E-12 RHS = 9.28E-13  DT = 5.22E+05  TIME = 3.87E+07
 N = 1470  EMAX = 1.58E-01 FOR NH3     AT Z = 9.98E+06 U = 7.28E-12 RHS = 1.15E-12  DT = 5.22E+05  TIME = 3.92E+07
 N = 1471  EMAX = 1.53E-01 FOR NH3     AT Z = 9.98E+06 U = 8.43E-12 RHS = 1.29E-12  DT = 5.22E+05  TIME = 3.97E+07
 N = 1472  EMAX = 1.49E-01 FOR NH3     AT Z = 9.98E+06 U = 9.72E-12 RHS = 1.45E-12  DT = 5.75E+05  TIME = 4.03E+07
 N = 1473  EMAX = 1.61E-01 FOR NH3     AT Z = 9.98E+06 U = 1.12E-11 RHS = 1.80E-12  DT = 5.75E+05  TIME = 4.08E+07
 N = 1474  EMAX = 1.56E-01 FOR NH3     AT Z = 9.98E+06 U = 1.30E-11 RHS = 2.02E-12  DT = 5.75E+05  TIME = 4.14E+07
 N = 1475  EMAX = 1.51E-01 FOR NH3     AT Z = 9.98E+06 U = 1.50E-11 RHS = 2.26E-12  DT = 5.75E+05  TIME = 4.20E+07
 N = 1476  EMAX = 1.46E-01 FOR NH3     AT Z = 9.98E+06 U = 1.73E-11 RHS = 2.53E-12  DT = 6.32E+05  TIME = 4.26E+07
 N = 1477  EMAX = 1.58E-01 FOR NH3     AT Z = 9.98E+06 U = 1.98E-11 RHS = 3.12E-12  DT = 6.32E+05  TIME = 4.32E+07
 N = 1478  EMAX = 1.53E-01 FOR NH3     AT Z = 9.98E+06 U = 2.29E-11 RHS = 3.50E-12  DT = 6.32E+05  TIME = 4.38E+07
 N = 1479  EMAX = 1.48E-01 FOR NH3     AT Z = 9.98E+06 U = 2.64E-11 RHS = 3.91E-12  DT = 6.95E+05  TIME = 4.45E+07
 N = 1480  EMAX = 1.59E-01 FOR NH3     AT Z = 9.98E+06 U = 3.03E-11 RHS = 4.83E-12  DT = 6.95E+05  TIME = 4.52E+07
 N = 1481  EMAX = 1.54E-01 FOR NH3     AT Z = 9.98E+06 U = 3.51E-11 RHS = 5.40E-12  DT = 6.95E+05  TIME = 4.58E+07
 N = 1482  EMAX = 1.49E-01 FOR NH3     AT Z = 9.98E+06 U = 4.05E-11 RHS = 6.03E-12  DT = 7.65E+05  TIME = 4.65E+07
 N = 1483  EMAX = 1.60E-01 FOR NH3     AT Z = 9.98E+06 U = 4.66E-11 RHS = 7.44E-12  DT = 7.65E+05  TIME = 4.73E+07
 N = 1484  EMAX = 1.54E-01 FOR NH3     AT Z = 9.98E+06 U = 5.40E-11 RHS = 8.32E-12  DT = 7.65E+05  TIME = 4.81E+07
 N = 1485  EMAX = 1.49E-01 FOR NH3     AT Z = 9.98E+06 U = 6.23E-11 RHS = 9.26E-12  DT = 8.41E+05  TIME = 4.88E+07
 N = 1486  EMAX = 1.59E-01 FOR NH3     AT Z = 9.98E+06 U = 7.16E-11 RHS = 1.14E-11  DT = 8.41E+05  TIME = 4.97E+07
 N = 1487  EMAX = 1.53E-01 FOR NH3     AT Z = 9.98E+06 U = 8.30E-11 RHS = 1.27E-11  DT = 8.41E+05  TIME = 5.05E+07
 N = 1488  EMAX = 1.48E-01 FOR NH3     AT Z = 9.98E+06 U = 9.57E-11 RHS = 1.41E-11  DT = 9.25E+05  TIME = 5.14E+07
 N = 1489  EMAX = 1.58E-01 FOR NH3     AT Z = 9.98E+06 U = 1.10E-10 RHS = 1.74E-11  DT = 9.25E+05  TIME = 5.23E+07
 N = 1490  EMAX = 1.52E-01 FOR NH3     AT Z = 9.98E+06 U = 1.27E-10 RHS = 1.93E-11  DT = 9.25E+05  TIME = 5.32E+07
 N = 1491  EMAX = 1.46E-01 FOR NH3     AT Z = 9.98E+06 U = 1.47E-10 RHS = 2.14E-11  DT = 1.02E+06  TIME = 5.41E+07
 N = 1492  EMAX = 1.56E-01 FOR NH3     AT Z = 9.98E+06 U = 1.68E-10 RHS = 2.62E-11  DT = 1.02E+06  TIME = 5.52E+07
 N = 1493  EMAX = 1.50E-01 FOR NH3     AT Z = 9.98E+06 U = 1.94E-10 RHS = 2.91E-11  DT = 1.12E+06  TIME = 5.62E+07
 N = 1494  EMAX = 1.60E-01 FOR NH3     AT Z = 9.98E+06 U = 2.23E-10 RHS = 3.57E-11  DT = 1.12E+06  TIME = 5.73E+07
 N = 1495  EMAX = 1.53E-01 FOR NH3     AT Z = 9.98E+06 U = 2.59E-10 RHS = 3.96E-11  DT = 1.12E+06  TIME = 5.84E+07
 N = 1496  EMAX = 1.46E-01 FOR NH3     AT Z = 9.98E+06 U = 2.99E-10 RHS = 4.37E-11  DT = 1.23E+06  TIME = 5.95E+07
 N = 1497  EMAX = 1.56E-01 FOR NH3     AT Z = 9.98E+06 U = 3.42E-10 RHS = 5.33E-11  DT = 1.23E+06  TIME = 6.08E+07
 N = 1498  EMAX = 1.49E-01 FOR NH3     AT Z = 9.98E+06 U = 3.96E-10 RHS = 5.88E-11  DT = 1.35E+06  TIME = 6.20E+07
 N = 1499  EMAX = 1.58E-01 FOR NH3     AT Z = 9.98E+06 U = 4.54E-10 RHS = 7.17E-11  DT = 1.35E+06  TIME = 6.34E+07
 N = 1500  EMAX = 1.50E-01 FOR NH3     AT Z = 9.98E+06 U = 5.26E-10 RHS = 7.91E-11  DT = 1.35E+06  TIME = 6.47E+07
 N = 1501  EMAX = 1.43E-01 FOR NH3     AT Z = 9.98E+06 U = 6.05E-10 RHS = 8.68E-11  DT = 1.49E+06  TIME = 6.61E+07
 N = 1502  EMAX = 1.52E-01 FOR NH3     AT Z = 9.98E+06 U = 6.92E-10 RHS = 1.05E-10  DT = 1.49E+06  TIME = 6.76E+07
 N = 1503  EMAX = 1.45E-01 FOR NH3     AT Z = 9.98E+06 U = 7.97E-10 RHS = 1.15E-10  DT = 1.64E+06  TIME = 6.90E+07
 N = 1504  EMAX = 9.58E-01 FOR S2      AT Z = 2.18E+06 U = 1.57E-19 RHS = 1.51E-19  DT = 1.64E+06  TIME = 7.07E+07
 N = 1505  EMAX = 1.53E-01 FOR NH3     AT Z = 9.98E+06 U = 9.12E-10 RHS = 1.39E-10  DT = 1.15E+06  TIME = 7.02E+07
 N = 1506  EMAX = 9.88E-02 FOR NH3     AT Z = 9.98E+06 U = 1.05E-09 RHS = 1.04E-10  DT = 1.26E+06  TIME = 7.13E+07
 N = 1507  EMAX = 1.06E-01 FOR NH3     AT Z = 9.98E+06 U = 1.16E-09 RHS = 1.22E-10  DT = 1.39E+06  TIME = 7.26E+07
 N = 1508  EMAX = 1.13E-01 FOR NH3     AT Z = 9.98E+06 U = 1.28E-09 RHS = 1.44E-10  DT = 1.53E+06  TIME = 7.40E+07
 N = 1509  EMAX = 1.20E-01 FOR NH3     AT Z = 9.98E+06 U = 1.42E-09 RHS = 1.71E-10  DT = 1.68E+06  TIME = 7.55E+07
 N = 1510  EMAX = 1.27E-01 FOR NH3     AT Z = 9.98E+06 U = 1.59E-09 RHS = 2.03E-10  DT = 1.85E+06  TIME = 7.72E+07
 N = 1511  EMAX = 1.34E-01 FOR NH3     AT Z = 9.98E+06 U = 1.80E-09 RHS = 2.41E-10  DT = 2.03E+06  TIME = 7.90E+07
 N = 1512  EMAX = 1.41E-01 FOR NH3     AT Z = 9.98E+06 U = 2.04E-09 RHS = 2.88E-10  DT = 2.24E+06  TIME = 8.11E+07
 N = 1513  EMAX = 1.48E-01 FOR NH3     AT Z = 9.98E+06 U = 2.32E-09 RHS = 3.44E-10  DT = 2.46E+06  TIME = 8.33E+07
 N = 1514  EMAX = 1.54E-01 FOR NH3     AT Z = 9.98E+06 U = 2.67E-09 RHS = 4.12E-10  DT = 2.46E+06  TIME = 8.58E+07
 N = 1515  EMAX = 1.45E-01 FOR NH3     AT Z = 9.98E+06 U = 3.08E-09 RHS = 4.46E-10  DT = 2.71E+06  TIME = 8.82E+07
 N = 1516  EMAX = 1.50E-01 FOR NH3     AT Z = 9.98E+06 U = 3.53E-09 RHS = 5.31E-10  DT = 2.71E+06  TIME = 9.09E+07
 N = 1517  EMAX = 1.41E-01 FOR NH3     AT Z = 9.98E+06 U = 4.06E-09 RHS = 5.71E-10  DT = 2.98E+06  TIME = 9.36E+07
 N = 1518  EMAX = 1.46E-01 FOR NH3     AT Z = 9.98E+06 U = 4.63E-09 RHS = 6.75E-10  DT = 3.27E+06  TIME = 9.66E+07
 N = 1519  EMAX = 1.51E-01 FOR NH3     AT Z = 9.98E+06 U = 5.30E-09 RHS = 7.99E-10  DT = 3.27E+06  TIME = 9.99E+07
 N = 1520  EMAX = 1.40E-01 FOR NH3     AT Z = 9.98E+06 U = 6.10E-09 RHS = 8.53E-10  DT = 3.60E+06  TIME = 1.03E+08
 N = 1521  EMAX = 1.44E-01 FOR NH3     AT Z = 9.98E+06 U = 6.95E-09 RHS = 1.00E-09  DT = 3.96E+06  TIME = 1.07E+08
 N = 1522  EMAX = 1.48E-01 FOR NH3     AT Z = 9.98E+06 U = 7.96E-09 RHS = 1.17E-09  DT = 4.36E+06  TIME = 1.11E+08
 N = 1523  EMAX = 1.50E-01 FOR NH3     AT Z = 9.98E+06 U = 9.13E-09 RHS = 1.37E-09  DT = 4.36E+06  TIME = 1.15E+08
 N = 1524  EMAX = 1.38E-01 FOR NH3     AT Z = 9.98E+06 U = 1.05E-08 RHS = 1.45E-09  DT = 4.79E+06  TIME = 1.19E+08
 N = 1525  EMAX = 1.40E-01 FOR NH3     AT Z = 9.98E+06 U = 1.20E-08 RHS = 1.68E-09  DT = 5.27E+06  TIME = 1.24E+08
 N = 1526  EMAX = 1.42E-01 FOR NH3     AT Z = 9.98E+06 U = 1.36E-08 RHS = 1.93E-09  DT = 5.80E+06  TIME = 1.30E+08
 N = 1527  EMAX = 1.42E-01 FOR NH3     AT Z = 9.98E+06 U = 1.56E-08 RHS = 2.22E-09  DT = 6.38E+06  TIME = 1.35E+08
 N = 1528  EMAX = 1.42E-01 FOR NH3     AT Z = 9.98E+06 U = 1.78E-08 RHS = 2.53E-09  DT = 7.02E+06  TIME = 1.42E+08
 N = 1529  EMAX = 1.41E-01 FOR NH3     AT Z = 9.98E+06 U = 2.03E-08 RHS = 2.87E-09  DT = 7.72E+06  TIME = 1.49E+08
 N = 1530  EMAX = 1.39E-01 FOR NH3     AT Z = 9.98E+06 U = 2.32E-08 RHS = 3.23E-09  DT = 8.49E+06  TIME = 1.56E+08
 N = 1531  EMAX = 1.37E-01 FOR NH3     AT Z = 9.98E+06 U = 2.64E-08 RHS = 3.61E-09  DT = 9.34E+06  TIME = 1.65E+08
 N = 1532  EMAX = 1.33E-01 FOR NH3     AT Z = 9.98E+06 U = 3.00E-08 RHS = 3.99E-09  DT = 1.03E+07  TIME = 1.74E+08
 N = 1533  EMAX = 1.28E-01 FOR NH3     AT Z = 9.98E+06 U = 3.40E-08 RHS = 4.37E-09  DT = 1.13E+07  TIME = 1.85E+08
 N = 1534  EMAX = 1.76E-01 FOR CS2     AT Z = 2.48E+06 U = 3.02E-20 RHS = 5.33E-21  DT = 1.13E+07  TIME = 1.96E+08
 N = 1535  EMAX = 1.38E-01 FOR CS2     AT Z = 2.48E+06 U = 3.56E-20 RHS =-4.91E-21  DT = 1.24E+07  TIME = 2.07E+08
 N = 1536  EMAX = 1.02E-01 FOR NH3     AT Z = 9.98E+06 U = 4.77E-08 RHS = 4.89E-09  DT = 1.37E+07  TIME = 2.20E+08
 N = 1537  EMAX = 9.73E-02 FOR NH3     AT Z = 9.98E+06 U = 5.26E-08 RHS = 5.11E-09  DT = 1.50E+07  TIME = 2.33E+08
 N = 1538  EMAX = 9.15E-02 FOR NH3     AT Z = 9.98E+06 U = 5.77E-08 RHS = 5.28E-09  DT = 1.65E+07  TIME = 2.48E+08
 N = 1539  EMAX = 8.53E-02 FOR NH3     AT Z = 9.98E+06 U = 6.30E-08 RHS = 5.37E-09  DT = 1.82E+07  TIME = 2.65E+08
 N = 1540  EMAX = 7.86E-02 FOR NH3     AT Z = 9.98E+06 U = 6.83E-08 RHS = 5.37E-09  DT = 2.00E+07  TIME = 2.83E+08
 N = 1541  EMAX = 7.17E-02 FOR NH3     AT Z = 9.98E+06 U = 7.37E-08 RHS = 5.28E-09  DT = 2.20E+07  TIME = 3.03E+08
 N = 1542  EMAX = 6.46E-02 FOR NH3     AT Z = 9.98E+06 U = 7.90E-08 RHS = 5.10E-09  DT = 2.64E+07  TIME = 3.25E+08
 N = 1543  EMAX = 6.18E-02 FOR NH3     AT Z = 9.98E+06 U = 8.41E-08 RHS = 5.19E-09  DT = 3.17E+07  TIME = 3.52E+08
 N = 1544  EMAX = 5.69E-02 FOR NH3     AT Z = 9.98E+06 U = 8.93E-08 RHS = 5.08E-09  DT = 3.81E+07  TIME = 3.83E+08
 N = 1545  EMAX = 5.04E-02 FOR NH3     AT Z = 9.98E+06 U = 9.44E-08 RHS = 4.75E-09  DT = 4.57E+07  TIME = 4.21E+08
 N = 1546  EMAX = 4.25E-02 FOR NH3     AT Z = 9.98E+06 U = 9.91E-08 RHS = 4.21E-09  DT = 5.48E+07  TIME = 4.67E+08
 N = 1547  EMAX = 3.40E-02 FOR NH3     AT Z = 9.98E+06 U = 1.03E-07 RHS = 3.51E-09  DT = 6.58E+07  TIME = 5.22E+08
 N = 1548  EMAX = 2.56E-02 FOR NH3     AT Z = 9.98E+06 U = 1.07E-07 RHS = 2.73E-09  DT = 7.89E+07  TIME = 5.88E+08
 N = 1549  EMAX = 1.80E-02 FOR NH3     AT Z = 9.98E+06 U = 1.10E-07 RHS = 1.97E-09  DT = 9.47E+07  TIME = 6.67E+08
 N = 1550  EMAX = 1.17E-02 FOR NH3     AT Z = 9.98E+06 U = 1.12E-07 RHS = 1.30E-09  DT = 1.14E+08  TIME = 7.61E+08
 N = 1551  EMAX = 6.96E-03 FOR NH3     AT Z = 9.98E+06 U = 1.13E-07 RHS = 7.86E-10  DT = 2.27E+08  TIME = 8.75E+08
 N = 1552  EMAX = 4.60E-03 FOR NH3     AT Z = 9.98E+06 U = 1.14E-07 RHS = 5.23E-10  DT = 4.55E+08  TIME = 1.10E+09
 N = 1553  EMAX = 1.81E-03 FOR NH3     AT Z = 9.98E+06 U = 1.14E-07 RHS = 2.07E-10  DT = 1.36E+09  TIME = 1.56E+09
 N = 1554  EMAX = 4.10E-04 FOR NH3     AT Z = 9.98E+06 U = 1.14E-07 RHS = 4.69E-11  DT = 6.82E+09  TIME = 2.92E+09
 N = 1555  EMAX = 3.28E-05 FOR NH3     AT Z = 9.98E+06 U = 1.14E-07 RHS = 3.75E-12  DT = 3.41E+10  TIME = 9.74E+09
 N = 1556  EMAX = 2.32E-06 FOR OCS     AT Z = 4.78E+06 U = 1.23E-20 RHS = 2.86E-26  DT = 1.70E+11  TIME = 4.38E+10
 N = 1557  EMAX = 4.27E-07 FOR OCS     AT Z = 4.78E+06 U = 1.23E-20 RHS = 5.27E-27  DT = 8.52E+11  TIME = 2.14E+11
 N = 1558  EMAX = 5.18E-08 FOR OCS     AT Z = 4.78E+06 U = 1.23E-20 RHS = 6.40E-28  DT = 4.26E+12  TIME = 1.07E+12
 N = 1559  EMAX = 8.58E-09 FOR CS2     AT Z = 2.48E+06 U = 3.15E-20 RHS = 2.70E-28  DT = 2.13E+13  TIME = 5.33E+12
 N = 1560  EMAX = 4.93E-09 FOR C2H6S   AT Z = 2.18E+06 U = 2.88E-20 RHS =-1.42E-28  DT = 1.07E+14  TIME = 2.66E+13
 N = 1561  EMAX = 9.57E-10 FOR C2H6S   AT Z = 2.18E+06 U = 2.88E-20 RHS = 2.75E-29  DT = 5.33E+14  TIME = 1.33E+14
 N = 1562  EMAX = 2.37E-10 FOR CS2     AT Z = 2.48E+06 U = 3.15E-20 RHS = 7.46E-30  DT = 2.66E+15  TIME = 6.66E+14
 N = 1563  EMAX = 1.19E-10 FOR C2H6S   AT Z = 2.18E+06 U = 2.88E-20 RHS =-3.41E-30  DT = 1.33E+16  TIME = 3.33E+15
 N = 1564  EMAX = 2.22E-11 FOR OCS     AT Z = 4.78E+06 U = 1.23E-20 RHS =-2.74E-31  DT = 6.66E+16  TIME = 1.66E+16
 N = 1565  EMAX = 4.08E-11 FOR CS2     AT Z = 2.48E+06 U = 3.15E-20 RHS = 1.29E-30  DT = 3.33E+17  TIME = 8.32E+16
 N = 1566  EMAX = 3.00E-11 FOR C2H6S   AT Z = 2.18E+06 U = 2.88E-20 RHS =-8.63E-31  DT = 1.66E+18  TIME = 4.16E+17

 ENERGY FLUXES IN W/m2/nm (NOT DIURNALLY AVERAGED)

  L   WAV      TAUR      EFLUX     GFLUX     S(1)
   1 1177.2  9.705E+01 5.413E-05 0.000E+00 0.000E+00
   2 1178.6  9.643E+01 4.768E-05 0.000E+00 0.000E+00
   3 1179.9  9.586E+01 4.123E-05 0.000E+00 0.000E+00
   4 1181.3  9.525E+01 3.455E-05 0.000E+00 0.000E+00
   5 1182.7  9.465E+01 2.786E-05 0.000E+00 0.000E+00
   6 1184.1  9.405E+01 2.117E-05 0.000E+00 0.000E+00
   7 1185.5  9.346E+01 1.899E-05 0.000E+00 0.000E+00
   8 1186.9  9.287E+01 2.442E-05 0.000E+00 0.000E+00
   9 1188.3  9.228E+01 3.017E-05 0.000E+00 0.000E+00
  10 1189.8  9.166E+01 3.593E-05 0.000E+00 0.000E+00
  11 1191.2  9.109E+01 4.149E-05 0.000E+00 0.000E+00
  12 1192.6  9.052E+01 4.704E-05 0.000E+00 0.000E+00
  13 1194.0  8.995E+01 5.260E-05 0.000E+00 0.000E+00
  14 1195.5  8.939E+01 5.608E-05 0.000E+00 0.000E+00
  15 1196.9  8.879E+01 5.512E-05 0.000E+00 0.000E+00
  16 1198.3  8.824E+01 5.891E-05 0.000E+00 0.000E+00
  17 1199.8  8.769E+01 6.400E-05 0.000E+00 0.000E+00
  18 1201.2  8.711E+01 5.848E-05 0.000E+00 0.000E+00
  19 1202.7  8.657E+01 5.851E-05 0.000E+00 0.000E+00
  20 1204.1  8.599E+01 1.550E-04 0.000E+00 0.000E+00
  21 1205.5  8.546E+01 3.814E-04 0.000E+00 0.000E+00
  22 1207.0  8.490E+01 3.958E-04 0.000E+00 0.000E+00
  23 1208.5  8.438E+01 1.820E-04 0.000E+00 0.000E+00
  24 1210.0  8.382E+01 1.014E-04 0.000E+00 0.000E+00
  25 1211.4  8.327E+01 2.778E-04 0.000E+00 0.000E+00
  26 1212.8  8.276E+01 4.063E-03 0.000E+00 0.000E+00
  27 1214.3  8.222E+01 1.837E-02 0.000E+00 0.000E+00
  28 1215.8  8.168E+01 2.550E-02 0.000E+00 0.000E+00
  29 1217.2  8.118E+01 1.269E-02 0.000E+00 0.000E+00
  30 1218.8  8.065E+01 1.953E-03 0.000E+00 0.000E+00
  31 1220.2  8.013E+01 2.304E-04 0.000E+00 0.000E+00
  32 1221.8  7.961E+01 9.415E-05 0.000E+00 0.000E+00
  33 1223.2  7.909E+01 6.190E-05 0.000E+00 0.000E+00
  34 1224.8  7.858E+01 4.859E-05 0.000E+00 0.000E+00
  35 1226.2  7.807E+01 4.298E-05 0.000E+00 0.000E+00
  36 1227.8  7.757E+01 4.077E-05 0.000E+00 0.000E+00
  37 1229.2  7.707E+01 3.730E-05 0.000E+00 0.000E+00
  38 1230.8  7.657E+01 3.304E-05 0.000E+00 0.000E+00
  39 1232.2  7.608E+01 3.085E-05 0.000E+00 0.000E+00
  40 1233.8  7.559E+01 3.007E-05 0.000E+00 0.000E+00
  41 1235.3  7.507E+01 3.114E-05 0.000E+00 0.000E+00
  42 1236.8  7.459E+01 4.785E-05 0.000E+00 0.000E+00
  43 1238.4  7.412E+01 6.985E-05 0.000E+00 0.000E+00
  44 1240.0  7.361E+01 5.861E-05 0.000E+00 0.000E+00
  45 1241.5  7.314E+01 4.901E-05 0.000E+00 0.000E+00
  46 1243.0  7.268E+01 4.753E-05 0.000E+00 0.000E+00
  47 1244.5  7.219E+01 3.176E-05 0.000E+00 0.000E+00
  48 1246.1  7.173E+01 2.375E-05 0.000E+00 0.000E+00
  49 1247.7  7.125E+01 2.316E-05 0.000E+00 0.000E+00
  50 1249.2  7.080E+01 2.327E-05 0.000E+00 0.000E+00
  51 1250.8  7.032E+01 2.382E-05 0.000E+00 0.000E+00
  52 1252.3  6.985E+01 2.661E-05 0.000E+00 0.000E+00
  53 1253.9  6.941E+01 3.071E-05 0.000E+00 0.000E+00
  54 1255.5  6.895E+01 3.062E-05 0.000E+00 0.000E+00
  55 1257.1  6.849E+01 3.412E-05 0.000E+00 0.000E+00
  56 1258.7  6.803E+01 4.922E-05 0.000E+00 0.000E+00
  57 1260.2  6.761E+01 5.734E-05 0.000E+00 0.000E+00
  58 1261.8  6.716E+01 4.188E-05 0.000E+00 0.000E+00
  59 1263.4  6.671E+01 5.704E-05 0.000E+00 0.000E+00
  60 1265.0  6.627E+01 8.211E-05 0.000E+00 0.000E+00
  61 1266.6  6.583E+01 5.035E-05 0.000E+00 0.000E+00
  62 1268.2  6.540E+01 2.200E-05 0.000E+00 0.000E+00
  63 1269.8  6.497E+01 1.766E-05 0.000E+00 0.000E+00
  64 1271.4  6.454E+01 1.748E-05 0.000E+00 0.000E+00
  65 1273.1  6.409E+01 2.007E-05 0.000E+00 0.000E+00
  66 1274.7  6.367E+01 2.742E-05 0.000E+00 0.000E+00
  67 1276.3  6.326E+01 3.156E-05 0.000E+00 0.000E+00
  68 1277.9  6.284E+01 3.090E-05 0.000E+00 0.000E+00
  69 1279.6  6.241E+01 2.813E-05 0.000E+00 0.000E+00
  70 1281.2  6.200E+01 2.158E-05 0.000E+00 0.000E+00
  71 1282.9  6.157E+01 1.577E-05 0.000E+00 0.000E+00
  72 1284.5  6.117E+01 1.463E-05 0.000E+00 0.000E+00
  73 1286.2  6.078E+01 1.767E-05 0.000E+00 0.000E+00
  74 1287.8  6.036E+01 2.579E-05 0.000E+00 0.000E+00
  75 1289.5  5.995E+01 2.603E-05 0.000E+00 0.000E+00
  76 1291.2  5.956E+01 1.933E-05 0.000E+00 0.000E+00
  77 1292.8  5.915E+01 1.789E-05 0.000E+00 0.000E+00
  78 1294.5  5.875E+01 2.386E-05 0.000E+00 0.000E+00
  79 1296.2  5.837E+01 2.750E-05 0.000E+00 0.000E+00
  80 1297.8  5.798E+01 3.032E-05 0.000E+00 0.000E+00
  81 1299.6  5.758E+01 6.221E-05 0.000E+00 0.000E+00
  82 1301.2  5.719E+01 1.605E-04 0.000E+00 0.000E+00
  83 1302.9  5.681E+01 2.341E-04 0.000E+00 0.000E+00
  84 1304.7  5.642E+01 3.161E-04 0.000E+00 0.000E+00
  85 1306.3  5.604E+01 2.521E-04 0.000E+00 0.000E+00
  86 1308.1  5.567E+01 9.567E-05 0.000E+00 0.000E+00
  87 1309.8  5.529E+01 5.384E-05 0.000E+00 0.000E+00
  88 1311.4  5.492E+01 3.787E-05 0.000E+00 0.000E+00
  89 1313.2  5.456E+01 2.660E-05 0.000E+00 0.000E+00
  90 1314.9  5.417E+01 2.578E-05 0.000E+00 0.000E+00
  91 1316.7  5.381E+01 3.090E-05 0.000E+00 0.000E+00
  92 1318.4  5.345E+01 3.087E-05 0.000E+00 0.000E+00
  93 1320.2  5.307E+01 2.333E-05 0.000E+00 0.000E+00
  94 1321.9  5.272E+01 1.999E-05 0.000E+00 0.000E+00
  95 1323.7  5.235E+01 2.261E-05 0.000E+00 0.000E+00
  96 1325.4  5.201E+01 2.198E-05 0.000E+00 0.000E+00
  97 1327.2  5.164E+01 2.565E-05 0.000E+00 0.000E+00
  98 1328.9  5.130E+01 3.306E-05 0.000E+00 0.000E+00
  99 1330.7  5.095E+01 3.243E-05 0.000E+00 0.000E+00
 100 1332.4  5.059E+01 1.605E-04 0.000E+00 0.000E+00
 101 1334.2  5.026E+01 5.537E-04 0.000E+00 0.000E+00
 102 1336.0  4.991E+01 5.056E-04 0.000E+00 0.000E+00
 103 1337.8  4.957E+01 1.145E-04 0.000E+00 0.000E+00
 104 1339.6  4.922E+01 2.202E-05 0.000E+00 0.000E+00
 105 1341.4  4.889E+01 2.130E-05 0.000E+00 0.000E+00
 106 1343.2  4.855E+01 2.151E-05 0.000E+00 0.000E+00
 107 1345.0  4.822E+01 2.168E-05 0.000E+00 0.000E+00
 108 1346.8  4.789E+01 2.256E-05 0.000E+00 0.000E+00
 109 1348.6  4.756E+01 2.619E-05 0.000E+00 0.000E+00
 110 1350.5  4.723E+01 3.956E-05 0.000E+00 0.000E+00
 111 1352.3  4.689E+01 4.245E-05 0.000E+00 0.000E+00
 112 1354.1  4.657E+01 4.974E-05 0.000E+00 0.000E+00
 113 1356.0  4.626E+01 6.151E-05 0.000E+00 0.000E+00
 114 1357.8  4.593E+01 5.111E-05 0.000E+00 0.000E+00
 115 1359.6  4.562E+01 4.212E-05 0.000E+00 0.000E+00
 116 1361.5  4.531E+01 3.367E-05 0.000E+00 0.000E+00
 117 1363.3  4.499E+01 3.233E-05 0.000E+00 0.000E+00
 118 1365.2  4.467E+01 3.022E-05 0.000E+00 0.000E+00
 119 1367.0  4.437E+01 2.976E-05 0.000E+00 0.000E+00
 120 1369.0  4.405E+01 3.424E-05 0.000E+00 0.000E+00
 121 1370.8  4.374E+01 3.814E-05 0.000E+00 0.000E+00
 122 1372.7  4.345E+01 3.609E-05 0.000E+00 0.000E+00
 123 1374.5  4.314E+01 3.130E-05 0.000E+00 0.000E+00
 124 1376.5  4.284E+01 2.991E-05 0.000E+00 0.000E+00
 125 1378.3  4.254E+01 3.258E-05 0.000E+00 0.000E+00
 126 1380.2  4.224E+01 3.565E-05 0.000E+00 0.000E+00
 127 1382.2  4.195E+01 3.438E-05 0.000E+00 0.000E+00
 128 1384.0  4.165E+01 3.249E-05 0.000E+00 0.000E+00
 129 1386.0  4.136E+01 3.416E-05 0.000E+00 0.000E+00
 130 1388.0  4.106E+01 3.596E-05 0.000E+00 0.000E+00
 131 1389.8  4.077E+01 4.015E-05 0.000E+00 0.000E+00
 132 1391.8  4.049E+01 1.225E-04 0.000E+00 0.000E+00
 133 1393.8  4.020E+01 2.103E-04 0.000E+00 0.000E+00
 134 1395.7  3.992E+01 1.132E-04 0.000E+00 0.000E+00
 135 1397.6  3.965E+01 4.745E-05 0.000E+00 0.000E+00
 136 1399.6  3.936E+01 6.685E-05 0.000E+00 0.000E+00
 137 1401.5  3.907E+01 1.299E-04 0.000E+00 0.000E+00
 138 1403.5  3.881E+01 1.288E-04 0.000E+00 0.000E+00
 139 1405.5  3.853E+01 6.890E-05 0.000E+00 0.000E+00
 140 1407.5  3.825E+01 4.960E-05 0.000E+00 0.000E+00
 141 1409.5  3.798E+01 4.897E-05 0.000E+00 0.000E+00
 142 1411.4  3.772E+01 5.215E-05 0.000E+00 0.000E+00
 143 1413.4  3.745E+01 5.092E-05 0.000E+00 0.000E+00
 144 1415.4  3.718E+01 4.986E-05 0.000E+00 0.000E+00
 145 1417.4  3.692E+01 5.040E-05 0.000E+00 0.000E+00
 146 1419.5  3.665E+01 4.958E-05 0.000E+00 0.000E+00
 147 1421.5  3.638E+01 5.019E-05 0.000E+00 0.000E+00
 148 1423.5  3.612E+01 5.965E-05 0.000E+00 0.000E+00
 149 1425.5  3.587E+01 6.274E-05 0.000E+00 0.000E+00
 150 1427.5  3.561E+01 5.269E-05 0.000E+00 0.000E+00
 151 1429.6  3.535E+01 5.402E-05 0.000E+00 0.000E+00
 152 1431.7  3.510E+01 6.567E-05 0.000E+00 0.000E+00
 153 1433.7  3.484E+01 6.713E-05 0.000E+00 0.000E+00
 154 1435.8  3.460E+01 6.111E-05 0.000E+00 0.000E+00
 155 1437.8  3.435E+01 5.862E-05 0.000E+00 0.000E+00
 156 1439.8  3.411E+01 5.711E-05 0.000E+00 0.000E+00
 157 1442.0  3.386E+01 5.829E-05 0.000E+00 0.000E+00
 158 1444.0  3.361E+01 6.098E-05 0.000E+00 0.000E+00
 159 1446.2  3.337E+01 6.205E-05 0.000E+00 0.000E+00
 160 1448.2  3.312E+01 5.994E-05 0.000E+00 0.000E+00
 161 1450.3  3.288E+01 5.957E-05 0.000E+00 0.000E+00
 162 1452.5  3.265E+01 6.227E-05 0.000E+00 0.000E+00
 163 1454.5  3.241E+01 6.600E-05 0.000E+00 0.000E+00
 164 1456.7  3.218E+01 6.589E-05 0.000E+00 0.000E+00
 165 1458.8  3.194E+01 6.696E-05 0.000E+00 0.000E+00
 166 1461.0  3.170E+01 6.926E-05 0.000E+00 0.000E+00
 167 1463.0  3.148E+01 7.491E-05 0.000E+00 0.000E+00
 168 1465.2  3.125E+01 7.765E-05 0.000E+00 0.000E+00
 169 1467.3  3.102E+01 8.866E-05 0.000E+00 0.000E+00
 170 1469.5  3.080E+01 8.868E-05 0.000E+00 0.000E+00
 171 1471.7  3.057E+01 1.093E-04 0.000E+00 0.000E+00
 172 1473.8  3.034E+01 1.260E-04 0.000E+00 0.000E+00
 173 1476.0  3.012E+01 9.189E-05 0.000E+00 0.000E+00
 174 1478.2  2.990E+01 7.718E-05 0.000E+00 0.000E+00
 175 1480.4  2.968E+01 9.513E-05 0.000E+00 0.000E+00
 176 1482.6  2.946E+01 1.090E-04 0.000E+00 0.000E+00
 177 1484.8  2.924E+01 9.774E-05 0.000E+00 0.000E+00
 178 1487.0  2.903E+01 9.585E-05 0.000E+00 0.000E+00
 179 1489.2  2.881E+01 8.629E-05 0.000E+00 0.000E+00
 180 1491.4  2.860E+01 8.798E-05 0.000E+00 0.000E+00
 181 1493.7  2.839E+01 9.053E-05 0.000E+00 0.000E+00
 182 1495.9  2.818E+01 8.783E-05 0.000E+00 0.000E+00
 183 1498.2  2.797E+01 9.003E-05 0.000E+00 0.000E+00
 184 1500.4  2.776E+01 9.779E-05 0.000E+00 0.000E+00
 185 1502.7  2.756E+01 9.895E-05 0.000E+00 0.000E+00
 186 1504.9  2.735E+01 9.643E-05 0.000E+00 0.000E+00
 187 1507.2  2.715E+01 9.797E-05 0.000E+00 0.000E+00
 188 1509.4  2.695E+01 1.057E-04 0.000E+00 0.000E+00
 189 1511.8  2.674E+01 1.091E-04 0.000E+00 0.000E+00
 190 1514.1  2.654E+01 1.031E-04 0.000E+00 0.000E+00
 191 1516.3  2.634E+01 1.031E-04 0.000E+00 0.000E+00
 192 1518.7  2.615E+01 1.035E-04 0.000E+00 0.000E+00
 193 1520.9  2.595E+01 1.071E-04 0.000E+00 0.000E+00
 194 1523.2  2.576E+01 1.179E-04 0.000E+00 0.000E+00
 195 1525.6  2.557E+01 1.600E-04 0.000E+00 0.000E+00
 196 1527.9  2.538E+01 1.577E-04 0.000E+00 0.000E+00
 197 1530.2  2.518E+01 1.299E-04 0.000E+00 0.000E+00
 198 1532.6  2.499E+01 1.766E-04 0.000E+00 0.000E+00
 199 1534.9  2.481E+01 1.678E-04 0.000E+00 0.000E+00
 200 1537.3  2.462E+01 1.354E-04 0.000E+00 0.000E+00
 201 1539.7  2.443E+01 1.384E-04 0.000E+00 0.000E+00
 202 1542.0  2.425E+01 1.408E-04 0.000E+00 0.000E+00
 203 1544.4  2.407E+01 1.459E-04 0.000E+00 0.000E+00
 204 1546.8  2.388E+01 3.516E-04 0.000E+00 0.000E+00
 205 1549.2  2.370E+01 4.828E-04 0.000E+00 0.000E+00
 206 1551.6  2.352E+01 2.998E-04 0.000E+00 0.000E+00
 207 1554.0  2.334E+01 1.518E-04 0.000E+00 0.000E+00
 208 1556.4  2.317E+01 1.538E-04 0.000E+00 0.000E+00
 209 1558.8  2.299E+01 2.564E-04 0.000E+00 0.000E+00
 210 1561.3  2.281E+01 2.890E-04 0.000E+00 0.000E+00
 211 1563.7  2.264E+01 1.903E-04 0.000E+00 0.000E+00
 212 1566.2  2.247E+01 1.711E-04 0.000E+00 0.000E+00
 213 1568.7  2.229E+01 1.946E-04 0.000E+00 0.000E+00
 214 1571.1  2.212E+01 1.993E-04 0.000E+00 0.000E+00
 215 1573.5  2.195E+01 2.187E-04 0.000E+00 0.000E+00
 216 1576.0  2.178E+01 2.004E-04 0.000E+00 0.000E+00
 217 1578.5  2.162E+01 1.707E-04 0.000E+00 0.000E+00
 218 1581.0  2.145E+01 1.771E-04 0.000E+00 0.000E+00
 219 1583.5  2.128E+01 1.776E-04 0.000E+00 0.000E+00
 220 1586.0  2.112E+01 1.916E-04 0.000E+00 0.000E+00
 221 1588.5  2.096E+01 1.992E-04 0.000E+00 0.000E+00
 222 1591.1  2.080E+01 1.891E-04 0.000E+00 0.000E+00
 223 1593.7  2.063E+01 1.969E-04 0.000E+00 0.000E+00
 224 1596.2  2.047E+01 1.861E-04 0.000E+00 0.000E+00
 225 1598.7  2.032E+01 1.789E-04 0.000E+00 0.000E+00
 226 1601.3  2.016E+01 2.093E-04 0.000E+00 0.000E+00
 227 1603.8  2.000E+01 2.073E-04 0.000E+00 0.000E+00
 228 1606.4  1.985E+01 2.038E-04 0.000E+00 0.000E+00
 229 1609.0  1.969E+01 2.312E-04 0.000E+00 0.000E+00
 230 1611.6  1.954E+01 2.644E-04 0.000E+00 0.000E+00
 231 1614.2  1.938E+01 2.544E-04 0.000E+00 0.000E+00
 232 1616.8  1.923E+01 2.298E-04 0.000E+00 0.000E+00
 233 1619.4  1.908E+01 2.476E-04 0.000E+00 0.000E+00
 234 1622.1  1.894E+01 2.793E-04 0.000E+00 0.000E+00
 235 1624.7  1.878E+01 2.934E-04 0.000E+00 0.000E+00
 236 1627.3  1.864E+01 2.898E-04 0.000E+00 0.000E+00
 237 1630.0  1.849E+01 2.857E-04 0.000E+00 0.000E+00
 238 1632.7  1.835E+01 3.076E-04 0.000E+00 0.000E+00
 239 1635.3  1.820E+01 3.009E-04 0.000E+00 0.000E+00
 240 1638.0  1.805E+01 3.555E-04 0.000E+00 0.000E+00
 241 1640.7  1.792E+01 4.226E-04 0.000E+00 0.000E+00
 242 1643.3  1.777E+01 3.455E-04 0.000E+00 0.000E+00
 243 1646.1  1.763E+01 3.101E-04 0.000E+00 0.000E+00
 244 1648.8  1.749E+01 3.060E-04 0.000E+00 0.000E+00
 245 1651.6  1.735E+01 2.994E-04 0.000E+00 0.000E+00
 246 1654.2  1.721E+01 4.522E-04 0.000E+00 0.000E+00
 247 1657.0  1.708E+01 8.233E-04 0.000E+00 0.000E+00
 248 1659.8  1.694E+01 5.530E-04 0.000E+00 0.000E+00
 249 1662.5  1.681E+01 3.785E-04 0.000E+00 0.000E+00
 250 1665.3  1.667E+01 3.720E-04 0.000E+00 0.000E+00
 251 1668.1  1.654E+01 3.955E-04 0.000E+00 0.000E+00
 252 1670.8  1.641E+01 4.912E-04 0.000E+00 0.000E+00
 253 1673.6  1.628E+01 4.275E-04 0.000E+00 0.000E+00
 254 1676.5  1.615E+01 4.123E-04 0.000E+00 0.000E+00
 255 1679.3  1.601E+01 4.218E-04 0.000E+00 0.000E+00
 256 1682.1  1.588E+01 4.298E-04 0.000E+00 0.000E+00
 257 1684.9  1.576E+01 4.870E-04 0.000E+00 0.000E+00
 258 1687.8  1.563E+01 5.413E-04 0.000E+00 0.000E+00
 259 1690.6  1.550E+01 5.700E-04 0.000E+00 0.000E+00
 260 1693.5  1.538E+01 6.138E-04 0.000E+00 0.000E+00
 261 1696.3  1.525E+01 6.693E-04 0.000E+00 0.000E+00
 262 1699.2  1.513E+01 6.997E-04 0.000E+00 0.000E+00
 263 1702.2  1.501E+01 7.582E-04 0.000E+00 0.000E+00
 264 1705.0  1.488E+01 7.069E-04 0.000E+00 0.000E+00
 265 1708.0  1.476E+01 7.524E-04 0.000E+00 0.000E+00
 266 1710.8  1.464E+01 7.515E-04 0.000E+00 0.000E+00
 267 1713.8  1.453E+01 7.052E-04 0.000E+00 0.000E+00
 268 1716.8  1.440E+01 7.787E-04 0.000E+00 0.000E+00
 269 1719.7  1.429E+01 8.083E-04 0.000E+00 0.000E+00
 270 1722.7  1.417E+01 7.764E-04 0.000E+00 0.000E+00
 271 1725.6  1.406E+01 8.303E-04 0.000E+00 0.000E+00
 272 1728.6  1.394E+01 7.812E-04 0.000E+00 0.000E+00
 273 1731.6  1.382E+01 7.491E-04 0.000E+00 0.000E+00
 274 1734.6  1.371E+01 8.041E-04 0.000E+00 0.000E+00
 275 1737.6  1.360E+01 8.396E-04 0.000E+00 0.000E+00
 276 1740.7  1.349E+01 9.183E-04 0.000E+00 0.000E+00
 277 1743.7  1.337E+01 1.002E-03 0.000E+00 0.000E+00
 278 1746.8  1.326E+01 9.724E-04 0.000E+00 0.000E+00
 279 1749.8  1.315E+01 1.021E-03 0.000E+00 0.000E+00
 280 1752.8  1.305E+01 1.142E-03 0.000E+00 0.000E+00
 281 1756.0  1.294E+01 1.218E-03 0.000E+00 0.000E+00
 282 1759.0  1.283E+01 1.261E-03 0.000E+00 0.000E+00
 283 1762.2  1.272E+01 1.261E-03 0.000E+00 0.000E+00
 284 1765.2  1.261E+01 1.209E-03 0.000E+00 0.000E+00
 285 1768.3  1.251E+01 1.383E-03 0.000E+00 0.000E+00
 286 1771.5  1.241E+01 1.592E-03 0.000E+00 0.000E+00
 287 1774.6  1.230E+01 1.512E-03 0.000E+00 0.000E+00
 288 1777.8  1.220E+01 1.493E-03 0.000E+00 0.000E+00
 289 1781.0  1.210E+01 1.673E-03 0.000E+00 0.000E+00
 290 1784.1  1.200E+01 1.671E-03 0.000E+00 0.000E+00
 291 1787.3  1.189E+01 1.733E-03 0.000E+00 0.000E+00
 292 1790.5  1.179E+01 1.811E-03 0.000E+00 0.000E+00
 293 1793.7  1.169E+01 1.615E-03 0.000E+00 0.000E+00
 294 1796.9  1.160E+01 1.666E-03 0.000E+00 0.000E+00
 295 1800.2  1.150E+01 1.826E-03 0.000E+00 0.000E+00
 296 1803.4  1.140E+01 1.913E-03 0.000E+00 0.000E+00
 297 1806.7  1.130E+01 2.258E-03 0.000E+00 0.000E+00
 298 1809.9  1.121E+01 2.205E-03 0.000E+00 0.000E+00
 299 1813.2  1.111E+01 1.959E-03 0.000E+00 0.000E+00
 300 1816.6  1.102E+01 3.257E-03 0.000E+00 0.000E+00
 301 1819.8  1.092E+01 2.531E-03 0.000E+00 0.000E+00
 302 1823.2  1.083E+01 2.483E-03 0.000E+00 0.000E+00
 303 1826.5  1.074E+01 2.353E-03 0.000E+00 0.000E+00
 304 1829.8  1.064E+01 2.349E-03 0.000E+00 0.000E+00
 305 1833.2  1.055E+01 2.529E-03 0.000E+00 0.000E+00
 306 1836.6  1.046E+01 2.578E-03 0.000E+00 0.000E+00
 307 1839.9  1.037E+01 2.423E-03 0.000E+00 0.000E+00
 308 1843.3  1.029E+01 2.274E-03 0.000E+00 0.000E+00
 309 1846.7  1.020E+01 2.086E-03 0.000E+00 0.000E+00
 310 1850.2  1.011E+01 2.105E-03 0.000E+00 0.000E+00
 311 1853.6  1.002E+01 2.457E-03 0.000E+00 0.000E+00
 312 1857.0  9.933E+00 2.775E-03 0.000E+00 0.000E+00
 313 1860.5  9.848E+00 2.625E-03 0.000E+00 0.000E+00
 314 1864.0  9.762E+00 2.755E-03 0.000E+00 0.000E+00
 315 1867.5  9.676E+00 3.096E-03 0.000E+00 0.000E+00
 316 1871.0  9.592E+00 3.421E-03 0.000E+00 0.000E+00
 317 1874.5  9.508E+00 3.345E-03 0.000E+00 0.000E+00
 318 1878.0  9.426E+00 3.235E-03 0.000E+00 0.000E+00
 319 1881.5  9.344E+00 3.230E-03 0.000E+00 0.000E+00
 320 1885.0  9.263E+00 3.637E-03 0.000E+00 0.000E+00
 321 1888.6  9.181E+00 3.743E-03 0.000E+00 0.000E+00
 322 1892.2  9.099E+00 4.130E-03 0.000E+00 0.000E+00
 323 1895.7  9.021E+00 4.004E-03 0.000E+00 0.000E+00
 324 1899.3  8.941E+00 3.648E-03 0.000E+00 0.000E+00
 325 1902.9  8.863E+00 4.003E-03 0.000E+00 0.000E+00
 326 1906.6  8.783E+00 4.221E-03 0.000E+00 0.000E+00
 327 1910.2  8.706E+00 4.305E-03 0.000E+00 0.000E+00
 328 1913.8  8.630E+00 4.450E-03 0.000E+00 0.000E+00
 329 1917.6  8.553E+00 4.630E-03 0.000E+00 0.000E+00
 330 1921.2  8.476E+00 4.912E-03 0.000E+00 0.000E+00
 331 1924.9  8.400E+00 4.706E-03 0.000E+00 0.000E+00
 332 1928.7  8.326E+00 4.445E-03 0.000E+00 0.000E+00
 333 1932.3  8.252E+00 3.413E-03 0.000E+00 0.000E+00
 334 1936.1  8.179E+00 3.368E-03 2.282-136 6.775-134
 335 1939.8  8.105E+00 4.997E-03 1.317-125 2.635-123
 336 1943.6  8.033E+00 6.086E-03 6.863-115 1.128-112
 337 1947.4  7.961E+00 6.134E-03 0.000E+00 0.000E+00
 338 1951.2  7.889E+00 5.782E-03 0.000E+00 0.000E+00
 339 1955.0  7.818E+00 5.932E-03 1.676E-89 2.825E-87
 340 1958.8  7.748E+00 6.066E-03 4.351-103 7.173-101
 341 1962.7  7.677E+00 6.006E-03 0.000E+00 0.000E+00
 342 1966.5  7.608E+00 7.110E-03 0.000E+00 0.000E+00
 343 1970.5  7.539E+00 7.006E-03 0.000E+00 0.000E+00
 344 1974.3  7.470E+00 6.665E-03 0.000E+00 0.000E+00
 345 1978.2  7.402E+00 6.534E-03 1.854E-46 2.837E-44
 346 1982.2  7.335E+00 6.950E-03 2.040-104 2.935-102
 347 1986.1  7.269E+00 6.526E-03 5.819-107 8.916-105
 348 1990.0  7.202E+00 6.519E-03 3.250E-40 4.986E-38
 349 1994.0  7.137E+00 7.415E-03 7.500E-37 1.011E-34
 350 1998.0  7.071E+00 7.273E-03 6.711E-67 9.227E-65
 351 2002.0  7.006E+00 7.651E-03 3.491E-65 4.563E-63
 352 2006.0  6.942E+00 7.954E-03 2.348E-37 2.952E-35
 353 2010.0  6.879E+00 8.162E-03 4.858E-52 5.951E-50
 354 2014.1  6.814E+00 8.565E-03 3.414E-49 3.986E-47
 355 2018.2  6.752E+00 8.873E-03 2.365E-33 2.665E-31
 356 2022.2  6.690E+00 8.774E-03 4.099E-32 4.672E-30
 357 2026.3  6.627E+00 8.543E-03 6.426E-33 7.523E-31
 358 2030.5  6.566E+00 9.592E-03 4.157E-33 4.334E-31
 359 2034.6  6.506E+00 9.627E-03 1.966E-32 2.042E-30
 360 2038.8  6.444E+00 9.960E-03 3.202E-32 3.215E-30
 361 2042.9  6.385E+00 1.084E-02 4.012E-32 3.700E-30
 362 2047.1  6.325E+00 1.114E-02 3.686E-32 3.308E-30
 363 2051.3  6.266E+00 1.135E-02 4.851E-32 4.274E-30
 364 2055.5  6.207E+00 1.125E-02 9.935E-32 8.832E-30
 365 2059.8  6.149E+00 1.128E-02 1.981E-31 1.756E-29
 366 2064.0  6.091E+00 1.151E-02 3.126E-31 2.716E-29
 367 2068.2  6.035E+00 1.221E-02 4.405E-31 3.609E-29
 368 2072.6  5.977E+00 1.303E-02 7.266E-31 5.576E-29
 369 2076.8  5.921E+00 1.393E-02 1.378E-30 9.889E-29
 370 2081.2  5.865E+00 1.426E-02 2.390E-30 1.677E-28
 371 2085.5  5.810E+00 1.571E-02 4.335E-30 2.759E-28
 372 2089.9  5.754E+00 1.840E-02 8.193E-30 4.452E-28
 373 2094.2  5.699E+00 2.200E-02 1.488E-29 6.764E-28
 374 2098.6  5.646E+00 2.490E-02 2.518E-29 1.011E-27
 375 2103.1  5.593E+00 2.854E-02 5.047E-29 1.769E-27
 376 2107.5  5.538E+00 3.135E-02 1.105E-28 3.525E-27
 377 2111.9  5.486E+00 3.264E-02 1.952E-28 5.981E-27
 378 2116.4  5.433E+00 3.679E-02 3.140E-28 8.534E-27
 379 2120.8  5.382E+00 3.851E-02 4.384E-28 1.138E-26
 380 2125.4  5.330E+00 2.960E-02 4.184E-28 1.414E-26
 381 2129.9  5.278E+00 3.265E-02 5.577E-28 1.708E-26
 382 2134.5  5.227E+00 3.259E-02 6.697E-28 2.055E-26
 383 2139.1  5.176E+00 3.680E-02 8.710E-28 2.367E-26
 384 2143.6  5.127E+00 4.501E-02 1.110E-27 2.465E-26
 385 2148.2  5.077E+00 4.120E-02 9.956E-28 2.416E-26
 386 2152.8  5.028E+00 4.049E-02 1.152E-27 2.845E-26
 387 2157.5  4.979E+00 3.376E-02 1.315E-27 3.895E-26
 388 2162.2  4.931E+00 3.763E-02 1.837E-27 4.881E-26
 389 2166.8  4.883E+00 3.159E-02 1.800E-27 5.699E-26
 390 2171.6  4.835E+00 3.453E-02 2.340E-27 6.775E-26
 391 2176.2  4.788E+00 3.489E-02 2.912E-27 8.344E-26
 392 2181.0  4.741E+00 4.829E-02 4.814E-27 9.968E-26
 393 2185.8  4.694E+00 4.612E-02 5.264E-27 1.142E-25
 394 2190.6  4.648E+00 4.576E-02 5.322E-27 1.163E-25
 395 2195.4  4.602E+00 5.013E-02 5.046E-27 1.006E-25
 396 2200.2  4.557E+00 5.135E-02 4.181E-27 8.141E-26
 397 2205.1  4.512E+00 5.468E-02 3.611E-27 6.603E-26
 398 2209.9  4.467E+00 3.881E-02 2.022E-27 5.210E-26
 399 2214.9  4.423E+00 4.120E-02 1.520E-27 3.689E-26
 400 2219.8  4.379E+00 4.492E-02 1.112E-27 2.475E-26
 401 2224.7  4.335E+00 5.151E-02 8.797E-28 1.708E-26
 402 2229.6  4.292E+00 5.498E-02 6.586E-28 1.198E-26
 403 2234.6  4.249E+00 7.085E-02 5.836E-28 8.238E-27
 404 2239.6  4.207E+00 6.537E-02 3.514E-28 5.375E-27
 405 2244.7  4.164E+00 5.969E-02 2.068E-28 3.464E-27
 406 2249.8  4.122E+00 6.034E-02 1.360E-28 2.253E-27
 407 2254.8  4.081E+00 5.395E-02 7.765E-29 1.439E-27
 408 2259.9  4.040E+00 4.912E-02 4.313E-29 8.781E-28
 409 2265.0  3.999E+00 4.027E-02 2.073E-29 5.147E-28
 410 2270.1  3.958E+00 3.456E-02 9.750E-30 2.821E-28
 411 2275.3  3.919E+00 3.964E-02 5.471E-30 1.380E-28
 412 2280.5  3.879E+00 5.145E-02 3.114E-30 6.052E-29
 413 2285.7  3.839E+00 5.448E-02 1.261E-30 2.315E-29
 414 2290.9  3.800E+00 5.028E-02 4.138E-31 8.231E-30
 415 2296.2  3.761E+00 4.940E-02 1.571E-31 3.181E-30
 416 2301.5  3.722E+00 4.792E-02 5.785E-32 1.207E-30
 417 2306.8  3.685E+00 6.023E-02 2.990E-32 4.965E-31
 418 2312.2  3.646E+00 4.720E-02 8.245E-33 1.747E-31
 419 2317.5  3.609E+00 5.539E-02 2.926E-33 5.282E-32
 420 2322.9  3.572E+00 5.678E-02 8.277E-34 1.458E-32
 421 2328.3  3.535E+00 5.140E-02 1.876E-34 3.651E-33
 422 2333.7  3.499E+00 4.677E-02 5.814E-35 1.243E-33
 423 2339.2  3.463E+00 4.205E-02 1.555E-35 3.697E-34
 424 2344.7  3.426E+00 3.790E-02 2.614E-36 6.896E-35
 425 2350.2  3.391E+00 4.593E-02 8.643E-37 1.882E-35
 426 2355.7  3.356E+00 5.672E-02 3.367E-37 5.936E-36
 427 2361.3  3.320E+00 4.961E-02 5.842E-38 1.178E-36
 428 2366.9  3.285E+00 4.837E-02 1.369E-38 2.830E-37
 429 2372.5  3.251E+00 5.323E-02 3.695E-39 6.942E-38
 430 2378.2  3.217E+00 4.954E-02 6.835E-40 1.380E-38
 431 2383.8  3.183E+00 3.920E-02 1.127E-40 2.874E-39
 432 2389.4  3.150E+00 4.709E-02 3.430E-41 7.284E-40
 433 2395.2  3.116E+00 4.436E-02 4.370E-42 9.851E-41
 434 2400.9  3.083E+00 4.382E-02 6.682E-43 1.525E-41
 435 2406.7  3.051E+00 3.933E-02 1.791E-43 4.554E-42
 436 2412.6  3.018E+00 4.349E-02 3.126E-44 7.188E-43
 437 2418.4  2.986E+00 6.294E-02 8.259E-45 1.312E-43
 438 2424.2  2.954E+00 7.230E-02 1.580E-42 2.185E-41
 439 2430.1  2.922E+00 7.332E-02 1.991E-43 2.716E-42
 440 2436.1  2.891E+00 6.667E-02 1.592E-44 2.388E-43
 441 2442.0  2.860E+00 6.764E-02 3.560E-45 5.263E-44
 442 2448.0  2.829E+00 5.894E-02 9.508E-46 1.613E-44
 443 2454.0  2.799E+00 5.126E-02 6.952E-47 1.356E-45
 444 2460.1  2.769E+00 5.015E-02 9.892E-48 1.972E-46
 445 2466.1  2.738E+00 5.137E-02 5.609E-48 1.092E-46
 446 2472.1  2.709E+00 5.640E-02 1.334E-48 2.365E-47
 447 2478.3  2.680E+00 5.606E-02 2.943E-49 5.250E-48
 448 2484.5  2.650E+00 4.697E-02 6.682E-50 1.423E-48
 449 2490.7  2.621E+00 4.445E-02 1.049E-50 2.360E-49
 450 2496.9  2.593E+00 6.412E-02 4.101E-51 6.396E-50
 451 2503.2  2.564E+00 6.400E-02 3.735E-51 5.837E-50
 452 2509.4  2.536E+00 5.619E-02 3.346E-51 5.954E-50
 453 2515.8  2.508E+00 4.520E-02 3.148E-52 6.965E-51
 454 2522.1  2.481E+00 4.222E-02 1.227E-52 2.907E-51
 455 2528.4  2.453E+00 4.386E-02 2.667E-52 6.080E-51
 456 2534.8  2.426E+00 5.354E-02 1.385E-52 2.586E-51
 457 2541.3  2.399E+00 5.788E-02 1.269E-52 2.192E-51
 458 2547.8  2.373E+00 6.165E-02 1.190E-52 1.931E-51
 459 2554.2  2.346E+00 8.123E-02 5.710E-53 7.029E-52
 460 2560.8  2.320E+00 9.049E-02 1.875E-52 2.072E-51
 461 2567.4  2.294E+00 1.128E-01 1.051E-51 9.320E-51
 462 2574.0  2.268E+00 1.268E-01 2.207E-51 1.741E-50
 463 2580.7  2.243E+00 1.373E-01 2.113E-51 1.539E-50
 464 2587.3  2.217E+00 1.233E-01 7.647E-52 6.200E-51
 465 2594.1  2.192E+00 1.154E-01 1.125E-50 9.747E-50
 466 2600.8  2.168E+00 8.971E-02 6.835E-50 7.619E-49
 467 2607.6  2.143E+00 8.767E-02 4.346E-50 4.958E-49
 468 2614.4  2.119E+00 8.788E-02 4.669E-49 5.313E-48
 469 2621.2  2.095E+00 1.094E-01 2.100E-48 1.919E-47
 470 2628.1  2.071E+00 1.040E-01 1.316E-47 1.266E-46
 471 2635.1  2.047E+00 1.585E-01 5.304E-46 3.346E-45
 472 2642.0  2.024E+00 2.627E-01 1.335E-45 5.084E-45
 473 2649.0  2.000E+00 2.404E-01 7.464E-45 3.104E-44
 474 2656.1  1.977E+00 2.713E-01 1.109E-43 4.086E-43
 475 2663.1  1.954E+00 2.608E-01 9.129E-43 3.501E-42
 476 2670.2  1.932E+00 2.535E-01 2.535E-41 1.000E-40
 477 2677.4  1.909E+00 2.618E-01 2.220E-40 8.481E-40
 478 2684.6  1.887E+00 2.575E-01 4.202E-39 1.632E-38
 479 2691.8  1.865E+00 2.451E-01 7.778E-38 3.173E-37
 480 2699.1  1.844E+00 2.587E-01 5.435E-37 2.101E-36
 481 2706.3  1.822E+00 2.792E-01 1.542E-35 5.525E-35
 482 2713.7  1.801E+00 2.494E-01 2.675E-34 1.073E-33
 483 2721.1  1.779E+00 1.902E-01 2.489E-33 1.309E-32
 484 2728.5  1.759E+00 2.263E-01 5.396E-32 2.384E-31
 485 2735.9  1.738E+00 1.974E-01 1.441E-30 7.303E-30
 486 2743.5  1.717E+00 1.397E-01 2.717E-29 1.944E-28
 487 2751.1  1.697E+00 1.557E-01 4.098E-28 2.631E-27
 488 2758.6  1.677E+00 2.121E-01 8.780E-27 4.139E-26
 489 2766.2  1.657E+00 2.558E-01 1.869E-25 7.305E-25
 490 2773.9  1.637E+00 2.569E-01 3.092E-24 1.203E-23
 491 2781.7  1.617E+00 1.875E-01 3.673E-23 1.959E-22
 492 2789.4  1.598E+00 1.354E-01 5.521E-22 4.078E-21
 493 2797.2  1.579E+00 8.132E-02 4.724E-21 5.809E-20
 494 2805.1  1.560E+00 9.790E-02 8.086E-20 8.259E-19
 495 2812.9  1.541E+00 1.921E-01 4.077E-18 2.122E-17
 496 2820.9  1.522E+00 2.792E-01 8.649E-17 3.098E-16
 497 2828.9  1.504E+00 3.235E-01 5.853E-16 1.810E-15
 498 2836.9  1.485E+00 3.239E-01 5.804E-15 1.792E-14
 499 2844.9  1.467E+00 2.570E-01 5.841E-14 2.273E-13
 500 2853.1  1.449E+00 1.401E-01 2.944E-13 2.102E-12
 501 2861.2  1.432E+00 2.826E-01 4.705E-12 1.664E-11
 502 2869.4  1.414E+00 3.659E-01 3.411E-11 9.324E-11
 503 2877.7  1.396E+00 3.310E-01 2.534E-10 7.656E-10
 504 2886.0  1.379E+00 3.428E-01 1.990E-09 5.806E-09
 505 2894.4  1.362E+00 4.682E-01 1.351E-08 2.885E-08
 506 2902.8  1.345E+00 6.167E-01 7.506E-08 1.217E-07
 507 2911.2  1.329E+00 6.155E-01 3.042E-07 4.942E-07
 508 2919.8  1.312E+00 5.713E-01 1.203E-06 2.105E-06
 509 2928.3  1.296E+00 5.279E-01 3.689E-06 6.989E-06
 510 2936.9  1.279E+00 5.470E-01 1.179E-05 2.156E-05
 511 2945.6  1.263E+00 5.216E-01 3.129E-05 6.000E-05
 512 2954.2  1.247E+00 5.615E-01 8.749E-05 1.558E-04
 513 2963.0  1.232E+00 5.575E-01 2.161E-04 3.877E-04
 514 2971.8  1.216E+00 4.783E-01 4.194E-04 8.768E-04
 515 2980.6  1.201E+00 5.294E-01 9.893E-04 1.869E-03
 516 2989.6  1.185E+00 4.960E-01 1.751E-03 3.529E-03
 517 2998.5  1.170E+00 4.648E-01 2.888E-03 6.215E-03
 518 3007.5  1.155E+00 4.431E-01 4.694E-03 1.059E-02
 519 3016.6  1.140E+00 4.699E-01 7.835E-03 1.668E-02
 520 3025.7  1.126E+00 5.187E-01 1.310E-02 2.526E-02
 521 3034.9  1.111E+00 6.473E-01 2.381E-02 3.679E-02
 522 3044.2  1.097E+00 6.183E-01 3.117E-02 5.042E-02
 523 3053.4  1.083E+00 6.420E-01 4.433E-02 6.905E-02
 524 3062.8  1.069E+00 5.638E-01 4.973E-02 8.821E-02
 525 3072.2  1.055E+00 6.284E-01 7.127E-02 1.134E-01
 526 3081.7  1.041E+00 6.508E-01 9.137E-02 1.404E-01
 527 3091.2  1.027E+00 5.660E-01 9.439E-02 1.668E-01
 528 3100.8  1.014E+00 5.362E-01 1.064E-01 1.985E-01
 529 3110.4  1.000E+00 7.776E-01 1.726E-01 2.219E-01
 530 3120.2  9.871E-01 6.951E-01 1.775E-01 2.553E-01
 531 3129.9  9.740E-01 7.004E-01 2.020E-01 2.884E-01
 532 3139.8  9.611E-01 7.325E-01 2.345E-01 3.201E-01
 533 3149.6  9.482E-01 6.813E-01 2.407E-01 3.533E-01
 534 3159.6  9.356E-01 5.985E-01 2.288E-01 3.822E-01
 535 3169.6  9.230E-01 7.619E-01 3.147E-01 4.130E-01
 536 3179.6  9.107E-01 7.239E-01 3.198E-01 4.418E-01
 537 3189.8  8.984E-01 7.041E-01 3.294E-01 4.679E-01
 538 3200.0  8.863E-01 7.954E-01 3.875E-01 4.871E-01
 539 3210.2  8.743E-01 7.579E-01 3.966E-01 5.233E-01
 540 3220.6  8.625E-01 7.435E-01 3.992E-01 5.370E-01
 541 3231.0  8.507E-01 6.604E-01 3.674E-01 5.563E-01
 542 3241.5  8.391E-01 7.627E-01 4.473E-01 5.865E-01
 543 3252.1  8.275E-01 8.479E-01 4.993E-01 5.888E-01
 544 3262.7  8.162E-01 1.010E+00 6.188E-01 6.126E-01
 545 3273.3  8.049E-01 9.921E-01 6.193E-01 6.242E-01
 546 3284.1  7.938E-01 9.435E-01 5.957E-01 6.314E-01
 547 3294.9  7.828E-01 1.100E+00 7.250E-01 6.593E-01
 548 3305.8  7.720E-01 1.041E+00 6.851E-01 6.578E-01
 549 3316.8  7.611E-01 1.005E+00 6.686E-01 6.652E-01
 550 3327.8  7.505E-01 9.758E-01 6.691E-01 6.857E-01
 551 3338.9  7.401E-01 9.516E-01 6.559E-01 6.892E-01
 552 3350.1  7.296E-01 1.011E+00 7.082E-01 7.003E-01
 553 3361.3  7.193E-01 8.890E-01 6.300E-01 7.087E-01
 554 3372.7  7.092E-01 8.586E-01 6.092E-01 7.095E-01
 555 3384.1  6.991E-01 9.485E-01 6.811E-01 7.180E-01
 556 3395.6  6.892E-01 1.008E+00 7.299E-01 7.241E-01
 557 3407.2  6.793E-01 1.022E+00 7.458E-01 7.294E-01
 558 3418.8  6.696E-01 9.797E-01 7.236E-01 7.386E-01
 559 3430.6  6.599E-01 1.040E+00 7.725E-01 7.427E-01
 560 3442.4  6.505E-01 8.392E-01 6.259E-01 7.459E-01
 561 3454.2  6.410E-01 9.750E-01 7.318E-01 7.505E-01
 562 3466.2  6.318E-01 9.653E-01 7.291E-01 7.553E-01
 563 3478.2  6.226E-01 9.291E-01 7.064E-01 7.603E-01
 564 3490.4  6.135E-01 9.296E-01 7.110E-01 7.648E-01
 565 3502.7  6.045E-01 1.051E+00 8.080E-01 7.690E-01
 566 3514.9  5.956E-01 1.028E+00 7.944E-01 7.730E-01
 567 3527.3  5.869E-01 9.648E-01 7.497E-01 7.770E-01
 568 3539.8  5.782E-01 1.127E+00 8.809E-01 7.814E-01
 569 3552.4  5.697E-01 1.114E+00 8.754E-01 7.856E-01
 570 3565.1  5.612E-01 9.549E-01 7.536E-01 7.892E-01
 571 3577.8  5.528E-01 8.137E-01 6.451E-01 7.928E-01
 572 3590.6  5.446E-01 8.845E-01 7.050E-01 7.971E-01
 573 3603.6  5.364E-01 1.040E+00 8.329E-01 8.008E-01
 574 3616.6  5.283E-01 9.341E-01 7.517E-01 8.047E-01
 575 3629.8  5.203E-01 1.057E+00 8.545E-01 8.087E-01
 576 3643.0  5.124E-01 1.067E+00 8.666E-01 8.123E-01
 577 3656.3  5.047E-01 1.225E+00 9.992E-01 8.159E-01
 578 3669.8  4.970E-01 1.260E+00 1.033E+00 8.198E-01
 579 3683.2  4.893E-01 1.161E+00 9.560E-01 8.236E-01
 580 3696.8  4.819E-01 1.288E+00 1.065E+00 8.273E-01
 581 3710.6  4.744E-01 1.204E+00 1.000E+00 8.309E-01
 582 3724.4  4.671E-01 1.105E+00 9.224E-01 8.346E-01
 583 3738.3  4.599E-01 9.608E-01 8.056E-01 8.385E-01
 584 3752.4  4.527E-01 1.030E+00 8.677E-01 8.420E-01
 585 3766.5  4.456E-01 1.140E+00 9.642E-01 8.457E-01
 586 3780.8  4.386E-01 1.385E+00 1.177E+00 8.495E-01
 587 3795.1  4.317E-01 1.131E+00 9.646E-01 8.529E-01
 588 3809.6  4.249E-01 1.225E+00 1.049E+00 8.564E-01
 589 3824.1  4.182E-01 8.587E-01 7.388E-01 8.603E-01
 590 3838.8  4.116E-01 8.091E-01 6.989E-01 8.638E-01
 591 3853.6  4.050E-01 1.043E+00 9.047E-01 8.674E-01
 592 3868.5  3.985E-01 1.035E+00 9.013E-01 8.710E-01
 593 3883.6  3.921E-01 1.023E+00 8.946E-01 8.744E-01
 594 3898.6  3.858E-01 1.224E+00 1.075E+00 8.780E-01
 595 3913.9  3.796E-01 1.305E+00 1.151E+00 8.816E-01
 596 3929.3  3.734E-01 8.235E-01 7.289E-01 8.852E-01
 597 3944.8  3.674E-01 1.014E+00 9.013E-01 8.887E-01
 598 3960.4  3.613E-01 1.087E+00 9.703E-01 8.923E-01
 599 3976.2  3.554E-01 1.060E+00 9.496E-01 8.955E-01
 600 3992.1  3.496E-01 1.604E+00 1.441E+00 8.987E-01
 601 4008.1  3.438E-01 1.719E+00 1.552E+00 9.028E-01
 602 4024.2  3.381E-01 1.783E+00 1.618E+00 9.074E-01
 603 4040.4  3.325E-01 1.711E+00 1.559E+00 9.114E-01
 604 4056.8  3.269E-01 1.683E+00 1.540E+00 9.153E-01
 605 4073.3  3.215E-01 1.648E+00 1.515E+00 9.191E-01
 606 4090.0  3.160E-01 1.747E+00 1.612E+00 9.227E-01
 607 4106.8  3.107E-01 1.639E+00 1.518E+00 9.263E-01
 608 4123.7  3.054E-01 1.809E+00 1.682E+00 9.297E-01
 609 4140.8  3.002E-01 1.772E+00 1.653E+00 9.332E-01
 610 4158.0  2.951E-01 1.822E+00 1.707E+00 9.367E-01
 611 4175.4  2.900E-01 1.729E+00 1.625E+00 9.400E-01
 612 4192.9  2.851E-01 1.738E+00 1.639E+00 9.433E-01
 613 4210.5  2.801E-01 1.775E+00 1.680E+00 9.466E-01
 614 4228.4  2.753E-01 1.728E+00 1.641E+00 9.497E-01
 615 4246.3  2.705E-01 1.779E+00 1.695E+00 9.529E-01
 616 4264.4  2.658E-01 1.730E+00 1.654E+00 9.560E-01
 617 4282.6  2.611E-01 1.638E+00 1.571E+00 9.593E-01
 618 4301.1  2.565E-01 1.371E+00 1.320E+00 9.624E-01
 619 4319.6  2.520E-01 1.606E+00 1.551E+00 9.655E-01
 620 4338.4  2.475E-01 1.678E+00 1.625E+00 9.685E-01
 621 4357.3  2.431E-01 1.819E+00 1.768E+00 9.716E-01
 622 4376.4  2.387E-01 1.731E+00 1.687E+00 9.746E-01
 623 4395.6  2.344E-01 1.817E+00 1.775E+00 9.773E-01
 624 4415.1  2.302E-01 1.935E+00 1.896E+00 9.800E-01
 625 4434.6  2.260E-01 1.972E+00 1.938E+00 9.829E-01
 626 4454.4  2.219E-01 1.905E+00 1.878E+00 9.860E-01
 627 4474.3  2.179E-01 2.009E+00 1.987E+00 9.890E-01
 628 4494.4  2.139E-01 2.061E+00 2.044E+00 9.917E-01
 629 4514.7  2.099E-01 2.154E+00 2.143E+00 9.945E-01
 630 4535.2  2.060E-01 2.000E+00 1.995E+00 9.973E-01
 631 4555.9  2.022E-01 2.080E+00 2.080E+00 1.000E+00
 632 4576.7  1.984E-01 2.094E+00 2.099E+00 1.002E+00
 633 4597.8  1.947E-01 2.078E+00 2.087E+00 1.004E+00
 634 4619.0  1.911E-01 2.131E+00 2.145E+00 1.006E+00
 635 4640.4  1.875E-01 2.077E+00 2.097E+00 1.009E+00
 636 4662.0  1.839E-01 2.031E+00 2.057E+00 1.012E+00
 637 4683.9  1.804E-01 2.048E+00 2.078E+00 1.015E+00
 638 4705.9  1.769E-01 2.010E+00 2.044E+00 1.017E+00
 639 4728.1  1.735E-01 2.077E+00 2.118E+00 1.020E+00
 640 4750.6  1.702E-01 2.112E+00 2.158E+00 1.022E+00
 641 4773.3  1.669E-01 2.090E+00 2.139E+00 1.023E+00
 642 4796.2  1.636E-01 2.099E+00 2.150E+00 1.024E+00
 643 4819.3  1.604E-01 2.111E+00 2.165E+00 1.026E+00
 644 4842.6  1.573E-01 2.041E+00 2.098E+00 1.028E+00
 645 4866.2  1.542E-01 1.771E+00 1.827E+00 1.031E+00
 646 4890.0  1.511E-01 1.997E+00 2.064E+00 1.034E+00
 647 4914.1  1.481E-01 1.971E+00 2.042E+00 1.036E+00
 648 4938.3  1.451E-01 2.008E+00 2.083E+00 1.038E+00
 649 4962.8  1.422E-01 2.024E+00 2.103E+00 1.039E+00
 650 4987.6  1.393E-01 1.974E+00 2.053E+00 1.040E+00
 651 5012.6  1.365E-01 1.869E+00 1.943E+00 1.040E+00
 652 5037.8  1.337E-01 1.942E+00 2.019E+00 1.040E+00
 653 5063.3  1.310E-01 1.979E+00 2.060E+00 1.041E+00
 654 5089.1  1.283E-01 1.877E+00 1.959E+00 1.044E+00
 655 5115.1  1.256E-01 1.944E+00 2.034E+00 1.046E+00
 656 5141.4  1.230E-01 1.856E+00 1.944E+00 1.048E+00
 657 5168.0  1.205E-01 1.760E+00 1.846E+00 1.049E+00
 658 5194.8  1.179E-01 1.780E+00 1.869E+00 1.050E+00
 659 5222.0  1.154E-01 1.847E+00 1.940E+00 1.050E+00
 660 5249.4  1.130E-01 1.914E+00 2.010E+00 1.050E+00
 661 5277.1  1.106E-01 1.801E+00 1.888E+00 1.049E+00
 662 5305.1  1.082E-01 1.937E+00 2.030E+00 1.048E+00
 663 5333.4  1.059E-01 1.855E+00 1.945E+00 1.048E+00
 664 5362.0  1.036E-01 1.905E+00 2.001E+00 1.050E+00
 665 5390.9  1.014E-01 1.878E+00 1.974E+00 1.051E+00
 666 5420.1  9.914E-02 1.842E+00 1.938E+00 1.052E+00
 667 5449.6  9.696E-02 1.901E+00 2.000E+00 1.052E+00
 668 5479.5  9.482E-02 1.888E+00 1.987E+00 1.052E+00
 669 5509.7  9.272E-02 1.898E+00 1.999E+00 1.053E+00
 670 5540.2  9.065E-02 1.890E+00 1.992E+00 1.054E+00
 671 5571.1  8.862E-02 1.853E+00 1.952E+00 1.053E+00
 672 5602.3  8.663E-02 1.813E+00 1.907E+00 1.052E+00
 673 5633.9  8.466E-02 1.855E+00 1.949E+00 1.050E+00
 674 5665.8  8.274E-02 1.818E+00 1.908E+00 1.049E+00
 675 5698.1  8.084E-02 1.795E+00 1.883E+00 1.049E+00
 676 5730.7  7.898E-02 1.863E+00 1.955E+00 1.049E+00
 677 5763.7  7.716E-02 1.835E+00 1.928E+00 1.051E+00
 678 5797.1  7.536E-02 1.814E+00 1.912E+00 1.054E+00
 679 5831.0  7.359E-02 1.847E+00 1.953E+00 1.057E+00
 680 5865.2  7.186E-02 1.806E+00 1.914E+00 1.060E+00
 681 5899.8  7.016E-02 1.727E+00 1.832E+00 1.061E+00
 682 5934.8  6.850E-02 1.787E+00 1.895E+00 1.061E+00
 683 5970.2  6.686E-02 1.773E+00 1.877E+00 1.059E+00
 684 6006.1  6.525E-02 1.741E+00 1.841E+00 1.057E+00
 685 6042.4  6.367E-02 1.754E+00 1.857E+00 1.059E+00
 686 6079.1  6.212E-02 1.748E+00 1.858E+00 1.063E+00
 687 6116.3  6.060E-02 1.724E+00 1.840E+00 1.068E+00
 688 6153.9  5.911E-02 1.670E+00 1.791E+00 1.073E+00
 689 6192.0  5.765E-02 1.699E+00 1.830E+00 1.077E+00
 690 6230.6  5.621E-02 1.666E+00 1.801E+00 1.081E+00
 691 6269.6  5.480E-02 1.673E+00 1.815E+00 1.085E+00
 692 6309.2  5.342E-02 1.657E+00 1.803E+00 1.088E+00
 693 6349.2  5.207E-02 1.643E+00 1.795E+00 1.092E+00
 694 6389.9  5.074E-02 1.641E+00 1.800E+00 1.097E+00
 695 6431.0  4.944E-02 1.613E+00 1.775E+00 1.101E+00
 696 6472.6  4.816E-02 1.610E+00 1.779E+00 1.105E+00
 697 6514.7  4.691E-02 1.583E+00 1.754E+00 1.108E+00
 698 6557.4  4.568E-02 1.463E+00 1.626E+00 1.112E+00
 699 6600.7  4.448E-02 1.553E+00 1.731E+00 1.115E+00
 700 6644.6  4.330E-02 1.532E+00 1.713E+00 1.118E+00
 701 6689.0  4.215E-02 1.539E+00 1.727E+00 1.122E+00
 702 6734.1  4.102E-02 1.537E+00 1.729E+00 1.125E+00
 703 6779.8  3.991E-02 1.514E+00 1.708E+00 1.128E+00
 704 6826.0  3.883E-02 1.492E+00 1.687E+00 1.131E+00
 705 6873.0  3.777E-02 1.496E+00 1.696E+00 1.134E+00
 706 6920.5  3.673E-02 1.465E+00 1.664E+00 1.136E+00
 707 6968.7  3.571E-02 1.463E+00 1.667E+00 1.139E+00
 708 7017.6  3.472E-02 1.446E+00 1.650E+00 1.142E+00
 709 7067.2  3.374E-02 1.441E+00 1.649E+00 1.144E+00
 710 7117.5  3.279E-02 1.402E+00 1.606E+00 1.145E+00
 711 7168.5  3.185E-02 1.370E+00 1.572E+00 1.147E+00
 712 7220.3  3.094E-02 1.360E+00 1.563E+00 1.149E+00
 713 7272.9  3.005E-02 1.338E+00 1.540E+00 1.151E+00
 714 7326.1  2.918E-02 1.333E+00 1.537E+00 1.153E+00
 715 7380.1  2.832E-02 1.306E+00 1.507E+00 1.154E+00
 716 7435.0  2.749E-02 1.291E+00 1.491E+00 1.155E+00
 717 7490.8  2.667E-02 1.286E+00 1.486E+00 1.156E+00
 718 7547.3  2.588E-02 1.277E+00 1.479E+00 1.158E+00
 719 7604.7  2.510E-02 1.251E+00 1.450E+00 1.160E+00
 720 7663.0  2.434E-02 1.225E+00 1.423E+00 1.161E+00
 721 7722.1  2.359E-02 1.207E+00 1.402E+00 1.162E+00
 722 7782.2  2.287E-02 1.191E+00 1.383E+00 1.162E+00
 723 7843.2  2.216E-02 1.173E+00 1.364E+00 1.163E+00
 724 7905.2  2.147E-02 1.159E+00 1.350E+00 1.165E+00
 725 7968.2  2.079E-02 1.138E+00 1.328E+00 1.166E+00
 726 8032.2  2.013E-02 1.128E+00 1.317E+00 1.167E+00
 727 8097.3  1.949E-02 1.118E+00 1.305E+00 1.168E+00
 728 8163.4  1.886E-02 1.105E+00 1.291E+00 1.168E+00
 729 8230.6  1.825E-02 1.076E+00 1.258E+00 1.169E+00
 730 8298.9  1.765E-02 1.066E+00 1.248E+00 1.171E+00
 731 8368.3  1.707E-02 1.043E+00 1.222E+00 1.172E+00
 732 8439.0  1.650E-02 1.027E+00 1.204E+00 1.172E+00
 733 8510.8  1.595E-02 9.429E-01 1.106E+00 1.173E+00
 734 8583.9  1.541E-02 9.775E-01 1.147E+00 1.173E+00
 735 8658.2  1.488E-02 9.655E-01 1.134E+00 1.174E+00
 736 8733.8  1.437E-02 9.832E-01 1.156E+00 1.175E+00
 737 8810.8  1.387E-02 9.527E-01 1.120E+00 1.176E+00
 738 8889.1  1.339E-02 9.335E-01 1.098E+00 1.177E+00
 739 8968.8  1.292E-02 9.153E-01 1.077E+00 1.177E+00
 740 9050.0  1.246E-02 8.918E-01 1.050E+00 1.178E+00
 741 9132.6  1.201E-02 8.811E-01 1.038E+00 1.179E+00
 742 9216.8  1.158E-02 8.526E-01 1.005E+00 1.179E+00
 743 9302.5  1.115E-02 8.536E-01 1.007E+00 1.180E+00
 744 9389.9  1.074E-02 8.303E-01 9.799E-01 1.180E+00
 745 9478.9  1.035E-02 8.202E-01 9.684E-01 1.181E+00
 746 9569.6  9.957E-03 7.969E-01 9.413E-01 1.181E+00
 747 9662.0  9.580E-03 7.851E-01 9.279E-01 1.182E+00
 748 9756.3  9.215E-03 7.699E-01 9.102E-01 1.182E+00
 749 9852.5  8.859E-03 7.565E-01 8.948E-01 1.183E+00
 750 9950.5  8.515E-03 7.427E-01 8.789E-01 1.183E+00


 PHOTOLYSIS RATES

     Z      PO2_O1D    PO2_O3P    PH2O_1     PH2O_2     PH2O_3     PO3_O1D    PO3_O      PO3_3O     
 2.50E+04   0.00E+00   6.64E-36   1.05E-37   0.00E+00   0.00E+00   8.15E-06   2.11E-04   2.68E-42
 1.75E+05   0.00E+00   8.04E-33   3.07E-34   0.00E+00   0.00E+00   9.52E-06   2.19E-04   1.29E-35
 3.25E+05   0.00E+00   6.15E-30   5.10E-31   0.00E+00   0.00E+00   1.07E-05   2.25E-04   1.52E-30
 4.75E+05   0.00E+00   2.51E-27   4.43E-28   0.00E+00   0.00E+00   1.18E-05   2.31E-04   1.27E-26
 6.25E+05   0.00E+00   5.33E-25   1.89E-25   0.00E+00   0.00E+00   1.27E-05   2.36E-04   1.65E-23
 7.75E+05   0.00E+00   6.10E-23   3.76E-23   0.00E+00   0.00E+00   1.35E-05   2.40E-04   6.01E-21
 9.25E+05   0.00E+00   3.89E-21   3.58E-21   0.00E+00   0.00E+00   1.43E-05   2.44E-04   8.45E-19
 1.08E+06   0.00E+00   1.42E-19   1.75E-19   0.00E+00   0.00E+00   1.50E-05   2.48E-04   5.50E-17
 1.22E+06   0.00E+00   3.07E-18   4.65E-18   0.00E+00   0.00E+00   1.58E-05   2.51E-04   1.83E-15
 1.38E+06   0.00E+00   4.02E-17   7.12E-17   0.00E+00   0.00E+00   1.66E-05   2.53E-04   3.33E-14
 1.52E+06   0.00E+00   3.38E-16   6.78E-16   0.00E+00   0.00E+00   1.73E-05   2.55E-04   3.63E-13
 1.68E+06   0.00E+00   1.96E-15   4.32E-15   0.00E+00   0.00E+00   1.80E-05   2.57E-04   2.58E-12
 1.82E+06   0.00E+00   8.32E-15   1.98E-14   0.00E+00   0.00E+00   1.88E-05   2.58E-04   1.29E-11
 1.98E+06   0.00E+00   2.85E-14   7.16E-14   0.00E+00   0.00E+00   2.00E-05   2.60E-04   4.97E-11
 2.12E+06   0.00E+00   8.57E-14   2.21E-13   0.00E+00   0.00E+00   2.19E-05   2.61E-04   1.61E-10
 2.28E+06   0.00E+00   2.33E-13   6.13E-13   0.00E+00   0.00E+00   2.49E-05   2.63E-04   4.62E-10
 2.42E+06   0.00E+00   5.83E-13   1.55E-12   0.00E+00   0.00E+00   2.92E-05   2.66E-04   1.19E-09
 2.58E+06   0.00E+00   1.34E-12   3.63E-12   0.00E+00   0.00E+00   3.54E-05   2.68E-04   2.77E-09
 2.72E+06   0.00E+00   2.86E-12   7.90E-12   0.00E+00   0.00E+00   4.42E-05   2.71E-04   5.88E-09
 2.88E+06   0.00E+00   5.65E-12   1.60E-11   0.00E+00   0.00E+00   5.65E-05   2.74E-04   1.14E-08
 3.02E+06   5.29-172   1.04E-11   2.99E-11   2.40-169   3.59-169   7.38E-05   2.77E-04   2.04E-08
 3.18E+06   7.53-141   1.78E-11   5.18E-11   3.41-138   5.11-138   9.77E-05   2.81E-04   3.34E-08
 3.32E+06   4.45-116   2.87E-11   8.38E-11   2.02-113   3.02-113   1.30E-04   2.86E-04   5.10E-08
 3.48E+06   2.10E-96   4.35E-11   1.28E-10   9.50E-94   1.43E-93   1.74E-04   2.92E-04   7.26E-08
 3.62E+06   9.01E-81   6.27E-11   1.88E-10   4.08E-78   6.12E-78   2.30E-04   2.99E-04   9.79E-08
 3.78E+06   2.54E-68   8.65E-11   2.69E-10   1.15E-65   1.72E-65   3.04E-04   3.08E-04   1.26E-07
 3.92E+06   2.26E-58   1.15E-10   3.79E-10   1.02E-55   1.53E-55   4.05E-04   3.20E-04   1.57E-07
 4.08E+06   2.14E-50   1.47E-10   5.24E-10   9.69E-48   1.45E-47   5.47E-04   3.36E-04   1.89E-07
 4.22E+06   5.56E-44   1.82E-10   7.09E-10   2.52E-41   3.78E-41   7.56E-04   3.59E-04   2.23E-07
 4.38E+06   8.39E-39   2.19E-10   9.34E-10   3.80E-36   5.70E-36   1.04E-03   3.92E-04   2.56E-07
 4.52E+06   1.36E-34   2.54E-10   1.20E-09   6.15E-32   9.22E-32   1.40E-03   4.32E-04   2.89E-07
 4.68E+06   3.92E-31   2.87E-10   1.49E-09   1.78E-28   2.67E-28   1.79E-03   4.75E-04   3.22E-07
 4.82E+06   3.05E-28   3.17E-10   1.82E-09   1.38E-25   2.07E-25   2.17E-03   5.17E-04   3.53E-07
 4.98E+06   8.51E-26   3.44E-10   2.17E-09   3.86E-23   5.78E-23   2.51E-03   5.55E-04   3.83E-07
 5.12E+06   1.01E-23   3.69E-10   2.55E-09   4.56E-21   6.85E-21   2.79E-03   5.87E-04   4.12E-07
 5.28E+06   5.67E-22   3.93E-10   2.97E-09   2.57E-19   3.85E-19   3.02E-03   6.13E-04   4.39E-07
 5.42E+06   1.67E-20   4.17E-10   3.45E-09   7.57E-18   1.14E-17   3.20E-03   6.33E-04   4.66E-07
 5.58E+06   2.84E-19   4.42E-10   4.04E-09   1.29E-16   1.93E-16   3.35E-03   6.49E-04   4.91E-07
 5.72E+06   3.01E-18   4.71E-10   4.78E-09   1.36E-15   2.05E-15   3.46E-03   6.62E-04   5.17E-07
 5.88E+06   2.15E-17   5.02E-10   5.74E-09   9.76E-15   1.46E-14   3.54E-03   6.72E-04   5.42E-07
 6.02E+06   1.10E-16   5.39E-10   6.96E-09   5.00E-14   7.51E-14   3.61E-03   6.79E-04   5.66E-07
 6.18E+06   4.29E-16   5.79E-10   8.48E-09   1.94E-13   2.91E-13   3.65E-03   6.85E-04   5.91E-07
 6.32E+06   1.32E-15   6.26E-10   1.03E-08   5.96E-13   8.94E-13   3.69E-03   6.89E-04   6.15E-07
 6.48E+06   3.49E-15   6.78E-10   1.23E-08   1.53E-12   2.30E-12   3.71E-03   6.92E-04   6.39E-07
 6.62E+06   1.07E-14   7.38E-10   1.47E-08   3.93E-12   5.90E-12   3.73E-03   6.94E-04   6.62E-07
 6.78E+06   5.59E-14   8.08E-10   1.73E-08   1.46E-11   2.18E-11   3.75E-03   6.96E-04   6.84E-07
 6.92E+06   3.43E-13   8.93E-10   2.07E-08   7.42E-11   1.11E-10   3.75E-03   6.97E-04   7.07E-07
 7.08E+06   1.71E-12   9.97E-10   2.62E-08   3.48E-10   5.22E-10   3.76E-03   6.98E-04   7.33E-07
 7.22E+06   6.51E-12   1.13E-09   3.75E-08   1.30E-09   1.94E-09   3.77E-03   6.99E-04   7.68E-07
 7.38E+06   1.96E-11   1.31E-09   6.19E-08   3.83E-09   5.75E-09   3.77E-03   6.99E-04   8.24E-07
 7.52E+06   4.82E-11   1.56E-09   1.10E-07   9.29E-09   1.39E-08   3.77E-03   6.99E-04   9.22E-07
 7.68E+06   1.00E-10   1.92E-09   1.91E-07   1.90E-08   2.85E-08   3.77E-03   7.00E-04   1.08E-06
 7.82E+06   1.81E-10   2.45E-09   3.14E-07   3.38E-08   5.08E-08   3.77E-03   7.00E-04   1.31E-06
 7.98E+06   2.89E-10   3.18E-09   4.76E-07   5.36E-08   8.04E-08   3.77E-03   7.00E-04   1.60E-06
 8.12E+06   4.20E-10   4.15E-09   6.70E-07   7.71E-08   1.16E-07   3.77E-03   7.00E-04   1.95E-06
 8.28E+06   5.65E-10   5.42E-09   8.83E-07   1.03E-07   1.54E-07   3.77E-03   7.00E-04   2.32E-06
 8.42E+06   7.21E-10   7.01E-09   1.10E-06   1.29E-07   1.93E-07   3.77E-03   7.00E-04   2.71E-06
 8.58E+06   9.03E-10   9.00E-09   1.32E-06   1.54E-07   2.31E-07   3.78E-03   7.00E-04   3.08E-06
 8.72E+06   1.16E-09   1.15E-08   1.54E-06   1.78E-07   2.67E-07   3.78E-03   7.00E-04   3.45E-06
 8.88E+06   1.55E-09   1.47E-08   1.76E-06   2.02E-07   3.03E-07   3.78E-03   7.00E-04   3.82E-06
 9.02E+06   2.20E-09   1.89E-08   2.00E-06   2.27E-07   3.40E-07   3.78E-03   7.00E-04   4.21E-06
 9.18E+06   3.32E-09   2.46E-08   2.25E-06   2.53E-07   3.78E-07   3.78E-03   7.01E-04   4.62E-06
 9.32E+06   5.76E-09   3.19E-08   2.53E-06   2.80E-07   4.17E-07   3.78E-03   7.01E-04   5.06E-06
 9.48E+06   1.22E-08   4.09E-08   2.85E-06   3.08E-07   4.57E-07   3.78E-03   7.01E-04   5.53E-06
 9.62E+06   3.02E-08   5.15E-08   3.23E-06   3.37E-07   4.97E-07   3.78E-03   7.01E-04   6.01E-06
 9.78E+06   8.32E-08   6.38E-08   3.74E-06   3.67E-07   5.36E-07   3.78E-03   7.01E-04   6.52E-06
 9.92E+06   3.12E-07   8.19E-08   4.62E-06   4.00E-07   5.73E-07   3.78E-03   7.01E-04   7.11E-06

     Z      PH2O2      PCO2_1     PCO2_2     PH2CO_1    PH2CO_2    PHO2       PCH4_1     PCH4_2     
 2.50E+04   2.10E-06   4.96E-47   0.00E+00   1.74E-05   1.03E-05   5.56E-30   0.00E+00   0.00E+00
 1.75E+05   2.38E-06   2.71E-40   0.00E+00   2.00E-05   1.21E-05   6.55E-27   0.00E+00   0.00E+00
 3.25E+05   2.61E-06   3.26E-35   0.00E+00   2.23E-05   1.37E-05   4.89E-24   0.00E+00   0.00E+00
 4.75E+05   2.80E-06   2.71E-31   0.00E+00   2.43E-05   1.51E-05   1.95E-21   0.00E+00   0.00E+00
 6.25E+05   2.96E-06   3.48E-28   0.00E+00   2.62E-05   1.64E-05   4.06E-19   0.00E+00   0.00E+00
 7.75E+05   3.08E-06   1.24E-25   0.00E+00   2.78E-05   1.75E-05   4.55E-17   0.00E+00   0.00E+00
 9.25E+05   3.18E-06   1.70E-23   0.00E+00   2.93E-05   1.86E-05   2.85E-15   0.00E+00   0.00E+00
 1.08E+06   3.26E-06   1.09E-21   0.00E+00   3.05E-05   1.95E-05   1.03E-13   0.00E+00   0.00E+00
 1.22E+06   3.35E-06   3.57E-20   0.00E+00   3.16E-05   2.03E-05   2.18E-12   0.00E+00   0.00E+00
 1.38E+06   3.44E-06   6.47E-19   0.00E+00   3.26E-05   2.10E-05   2.82E-11   0.00E+00   0.00E+00
 1.52E+06   3.52E-06   7.06E-18   0.00E+00   3.33E-05   2.16E-05   2.36E-10   0.00E+00   0.00E+00
 1.68E+06   3.59E-06   5.01E-17   0.00E+00   3.40E-05   2.22E-05   1.35E-09   0.00E+00   0.00E+00
 1.82E+06   3.67E-06   2.51E-16   0.00E+00   3.45E-05   2.27E-05   5.72E-09   0.00E+00   0.00E+00
 1.98E+06   3.77E-06   9.65E-16   0.00E+00   3.50E-05   2.31E-05   1.95E-08   0.00E+00   0.00E+00
 2.12E+06   3.89E-06   3.14E-15   0.00E+00   3.55E-05   2.37E-05   5.83E-08   0.00E+00   0.00E+00
 2.28E+06   4.03E-06   9.08E-15   0.00E+00   3.60E-05   2.45E-05   1.58E-07   0.00E+00   0.00E+00
 2.42E+06   4.23E-06   2.40E-14   0.00E+00   3.65E-05   2.54E-05   3.93E-07   0.00E+00   0.00E+00
 2.58E+06   4.48E-06   5.88E-14   0.00E+00   3.71E-05   2.64E-05   9.01E-07   0.00E+00   0.00E+00
 2.72E+06   4.83E-06   1.34E-13   0.00E+00   3.76E-05   2.76E-05   1.91E-06   0.00E+00   0.00E+00
 2.88E+06   5.31E-06   2.83E-13   0.00E+00   3.83E-05   2.90E-05   3.77E-06   0.00E+00   0.00E+00
 3.02E+06   5.95E-06   5.49E-13   1.06-170   3.89E-05   3.05E-05   6.94E-06   8.64-169   1.68-168
 3.18E+06   6.82E-06   9.77E-13   1.51-139   3.96E-05   3.21E-05   1.19E-05   1.23-137   2.39-137
 3.32E+06   7.95E-06   1.61E-12   8.95-115   4.02E-05   3.38E-05   1.93E-05   7.27-113   1.41-112
 3.48E+06   9.38E-06   2.46E-12   4.22E-95   4.09E-05   3.56E-05   2.95E-05   3.43E-93   6.65E-93
 3.62E+06   1.11E-05   3.58E-12   1.81E-79   4.16E-05   3.73E-05   4.27E-05   1.47E-77   2.85E-77
 3.78E+06   1.32E-05   4.98E-12   5.10E-67   4.23E-05   3.90E-05   5.91E-05   4.14E-65   8.05E-65
 3.92E+06   1.56E-05   6.71E-12   4.54E-57   4.29E-05   4.06E-05   7.88E-05   3.69E-55   7.16E-55
 4.08E+06   1.84E-05   8.79E-12   4.30E-49   4.35E-05   4.21E-05   1.02E-04   3.49E-47   6.78E-47
 4.22E+06   2.17E-05   1.12E-11   1.12E-42   4.41E-05   4.35E-05   1.27E-04   9.08E-41   1.76E-40
 4.38E+06   2.54E-05   1.40E-11   1.69E-37   4.47E-05   4.47E-05   1.53E-04   1.37E-35   2.66E-35
 4.52E+06   2.93E-05   1.71E-11   2.73E-33   4.52E-05   4.57E-05   1.78E-04   2.22E-31   4.30E-31
 4.68E+06   3.32E-05   2.04E-11   7.89E-30   4.56E-05   4.65E-05   2.02E-04   6.41E-28   1.24E-27
 4.82E+06   3.68E-05   2.38E-11   6.14E-27   4.60E-05   4.72E-05   2.22E-04   4.99E-25   9.68E-25
 4.98E+06   3.98E-05   2.75E-11   1.71E-24   4.63E-05   4.77E-05   2.38E-04   1.39E-22   2.70E-22
 5.12E+06   4.24E-05   3.12E-11   2.03E-22   4.66E-05   4.80E-05   2.52E-04   1.65E-20   3.19E-20
 5.28E+06   4.44E-05   3.51E-11   1.14E-20   4.68E-05   4.83E-05   2.62E-04   9.26E-19   1.80E-18
 5.42E+06   4.60E-05   3.92E-11   3.36E-19   4.69E-05   4.86E-05   2.71E-04   2.73E-17   5.30E-17
 5.58E+06   4.72E-05   4.37E-11   5.71E-18   4.70E-05   4.87E-05   2.77E-04   4.63E-16   9.00E-16
 5.72E+06   4.81E-05   4.86E-11   6.06E-17   4.71E-05   4.89E-05   2.82E-04   4.92E-15   9.55E-15
 5.88E+06   4.88E-05   5.41E-11   4.33E-16   4.72E-05   4.89E-05   2.86E-04   3.52E-14   6.83E-14
 6.02E+06   4.94E-05   6.03E-11   2.22E-15   4.72E-05   4.90E-05   2.90E-04   1.80E-13   3.50E-13
 6.18E+06   4.98E-05   6.72E-11   8.61E-15   4.72E-05   4.91E-05   2.92E-04   7.00E-13   1.36E-12
 6.32E+06   5.01E-05   7.49E-11   2.65E-14   4.73E-05   4.91E-05   2.94E-04   2.15E-12   4.17E-12
 6.48E+06   5.03E-05   8.32E-11   6.84E-14   4.73E-05   4.91E-05   2.96E-04   5.57E-12   1.07E-11
 6.62E+06   5.04E-05   9.22E-11   1.80E-13   4.73E-05   4.92E-05   2.97E-04   1.48E-11   2.60E-11
 6.78E+06   5.06E-05   1.02E-10   7.13E-13   4.73E-05   4.92E-05   2.98E-04   6.02E-11   8.38E-11
 6.92E+06   5.07E-05   1.12E-10   3.79E-12   4.73E-05   4.92E-05   2.99E-04   3.25E-10   3.84E-10
 7.08E+06   5.07E-05   1.24E-10   1.80E-11   4.73E-05   4.92E-05   2.99E-04   1.55E-09   1.73E-09
 7.22E+06   5.08E-05   1.36E-10   6.72E-11   4.73E-05   4.92E-05   3.00E-04   5.79E-09   6.36E-09
 7.38E+06   5.08E-05   1.51E-10   1.99E-10   4.74E-05   4.92E-05   3.00E-04   1.71E-08   1.87E-08
 7.52E+06   5.09E-05   1.68E-10   4.82E-10   4.74E-05   4.92E-05   3.01E-04   4.15E-08   4.51E-08
 7.68E+06   5.10E-05   1.89E-10   9.87E-10   4.74E-05   4.93E-05   3.01E-04   8.48E-08   9.21E-08
 7.82E+06   5.12E-05   2.13E-10   1.75E-09   4.75E-05   4.93E-05   3.01E-04   1.51E-07   1.63E-07
 7.98E+06   5.14E-05   2.43E-10   2.78E-09   4.75E-05   4.94E-05   3.02E-04   2.38E-07   2.58E-07
 8.12E+06   5.16E-05   2.79E-10   3.99E-09   4.76E-05   4.95E-05   3.02E-04   3.42E-07   3.70E-07
 8.28E+06   5.19E-05   3.20E-10   5.32E-09   4.77E-05   4.96E-05   3.02E-04   4.55E-07   4.92E-07
 8.42E+06   5.22E-05   3.67E-10   6.66E-09   4.78E-05   4.97E-05   3.03E-04   5.70E-07   6.16E-07
 8.58E+06   5.24E-05   4.20E-10   7.98E-09   4.79E-05   4.98E-05   3.03E-04   6.82E-07   7.37E-07
 8.72E+06   5.27E-05   4.79E-10   9.27E-09   4.80E-05   4.99E-05   3.03E-04   7.91E-07   8.55E-07
 8.88E+06   5.30E-05   5.47E-10   1.06E-08   4.81E-05   5.00E-05   3.04E-04   9.02E-07   9.75E-07
 9.02E+06   5.32E-05   6.27E-10   1.20E-08   4.82E-05   5.01E-05   3.04E-04   1.02E-06   1.10E-06
 9.18E+06   5.35E-05   7.25E-10   1.37E-08   4.83E-05   5.02E-05   3.04E-04   1.14E-06   1.24E-06
 9.32E+06   5.38E-05   8.52E-10   1.56E-08   4.85E-05   5.03E-05   3.05E-04   1.28E-06   1.38E-06
 9.48E+06   5.42E-05   1.04E-09   1.80E-08   4.87E-05   5.06E-05   3.05E-04   1.43E-06   1.54E-06
 9.62E+06   5.45E-05   1.39E-09   2.09E-08   4.91E-05   5.09E-05   3.05E-04   1.59E-06   1.70E-06
 9.78E+06   5.50E-05   2.15E-09   2.47E-08   4.96E-05   5.15E-05   3.05E-04   1.75E-06   1.87E-06
 9.92E+06   5.58E-05   3.77E-09   3.46E-08   5.04E-05   5.22E-05   3.06E-04   1.94E-06   2.06E-06

     Z      PCH4_3     PCH3_1     PC2H6_1    PC2H6_2    PHNO2_1    PHNO3      PHNO3_3    PHNO3_1    
 2.50E+04   0.00E+00   2.90E-30   0.00E+00   0.00E+00   5.60E-04   1.68E-07   4.21E-42   3.03E-42
 1.75E+05   0.00E+00   4.90E-27   0.00E+00   0.00E+00   6.23E-04   1.90E-07   2.37E-35   1.70E-35
 3.25E+05   0.00E+00   3.71E-24   0.00E+00   0.00E+00   6.79E-04   2.07E-07   2.84E-30   2.04E-30
 4.75E+05   0.00E+00   1.31E-21   0.00E+00   0.00E+00   7.29E-04   2.19E-07   2.34E-26   1.68E-26
 6.25E+05   0.00E+00   2.43E-19   0.00E+00   0.00E+00   7.73E-04   2.26E-07   2.97E-23   2.14E-23
 7.75E+05   0.00E+00   2.54E-17   0.00E+00   0.00E+00   8.11E-04   2.30E-07   1.05E-20   7.53E-21
 9.25E+05   0.00E+00   1.53E-15   0.00E+00   0.00E+00   8.45E-04   2.30E-07   1.44E-18   1.03E-18
 1.08E+06   0.00E+00   5.41E-14   0.00E+00   0.00E+00   8.74E-04   2.30E-07   9.25E-17   6.64E-17
 1.22E+06   0.00E+00   1.13E-12   0.00E+00   0.00E+00   8.99E-04   2.32E-07   3.09E-15   2.22E-15
 1.38E+06   0.00E+00   1.45E-11   0.00E+00   0.00E+00   9.20E-04   2.34E-07   5.78E-14   4.15E-14
 1.52E+06   0.00E+00   1.19E-10   0.00E+00   0.00E+00   9.37E-04   2.38E-07   6.52E-13   4.68E-13
 1.68E+06   0.00E+00   6.74E-10   0.00E+00   0.00E+00   9.50E-04   2.43E-07   4.79E-12   3.44E-12
 1.82E+06   0.00E+00   2.81E-09   0.00E+00   0.00E+00   9.61E-04   2.55E-07   2.48E-11   1.78E-11
 1.98E+06   0.00E+00   9.50E-09   0.00E+00   0.00E+00   9.70E-04   2.76E-07   9.90E-11   7.11E-11
 2.12E+06   0.00E+00   2.83E-08   0.00E+00   0.00E+00   9.77E-04   3.15E-07   3.34E-10   2.40E-10
 2.28E+06   0.00E+00   7.66E-08   0.00E+00   0.00E+00   9.84E-04   3.90E-07   1.01E-09   7.27E-10
 2.42E+06   0.00E+00   1.91E-07   0.00E+00   0.00E+00   9.89E-04   5.37E-07   2.84E-09   2.04E-09
 2.58E+06   0.00E+00   4.43E-07   0.00E+00   0.00E+00   9.94E-04   8.15E-07   7.49E-09   5.37E-09
 2.72E+06   0.00E+00   9.59E-07   0.00E+00   0.00E+00   9.98E-04   1.31E-06   1.84E-08   1.32E-08
 2.88E+06   0.00E+00   1.95E-06   0.00E+00   0.00E+00   1.00E-03   2.12E-06   4.17E-08   3.00E-08
 3.02E+06   2.59-168   3.71E-06   0.00E+00   0.00E+00   1.01E-03   3.36E-06   8.58E-08   6.16E-08
 3.18E+06   3.68-137   6.60E-06   0.00E+00   0.00E+00   1.01E-03   5.08E-06   1.60E-07   1.15E-07
 3.32E+06   2.18-112   1.09E-05   0.00E+00   0.00E+00   1.02E-03   7.32E-06   2.73E-07   1.96E-07
 3.48E+06   1.03E-92   1.68E-05   0.00E+00   0.00E+00   1.02E-03   1.00E-05   4.30E-07   3.09E-07
 3.62E+06   4.40E-77   2.38E-05   0.00E+00   0.00E+00   1.03E-03   1.30E-05   6.36E-07   4.56E-07
 3.78E+06   1.24E-64   3.17E-05   0.00E+00   0.00E+00   1.04E-03   1.63E-05   8.92E-07   6.40E-07
 3.92E+06   1.10E-54   3.99E-05   0.00E+00   0.00E+00   1.05E-03   1.98E-05   1.20E-06   8.60E-07
 4.08E+06   1.05E-46   4.78E-05   5.60-147   1.40-147   1.06E-03   2.33E-05   1.55E-06   1.12E-06
 4.22E+06   2.72E-40   5.50E-05   5.06-122   1.26-122   1.07E-03   2.69E-05   1.95E-06   1.40E-06
 4.38E+06   4.10E-35   6.12E-05   7.31-102   1.83-102   1.08E-03   3.04E-05   2.38E-06   1.71E-06
 4.52E+06   6.64E-31   6.63E-05   1.66E-85   4.16E-86   1.09E-03   3.37E-05   2.82E-06   2.03E-06
 4.68E+06   1.92E-27   7.04E-05   3.63E-72   9.08E-73   1.10E-03   3.67E-05   3.28E-06   2.36E-06
 4.82E+06   1.49E-24   7.36E-05   3.09E-61   7.74E-62   1.11E-03   3.94E-05   3.74E-06   2.69E-06
 4.98E+06   4.16E-22   7.60E-05   3.06E-52   7.66E-53   1.12E-03   4.16E-05   4.20E-06   3.02E-06
 5.12E+06   4.93E-20   7.79E-05   8.29E-45   2.07E-45   1.13E-03   4.35E-05   4.65E-06   3.34E-06
 5.28E+06   2.77E-18   7.94E-05   1.20E-38   3.00E-39   1.14E-03   4.50E-05   5.10E-06   3.66E-06
 5.42E+06   8.18E-17   8.05E-05   1.62E-33   4.04E-34   1.14E-03   4.62E-05   5.53E-06   3.97E-06
 5.58E+06   1.39E-15   8.14E-05   3.33E-29   8.33E-30   1.14E-03   4.71E-05   5.97E-06   4.28E-06
 5.72E+06   1.47E-14   8.22E-05   1.64E-25   4.09E-26   1.15E-03   4.78E-05   6.40E-06   4.59E-06
 5.88E+06   1.05E-13   8.27E-05   2.52E-22   6.30E-23   1.15E-03   4.84E-05   6.83E-06   4.90E-06
 6.02E+06   5.40E-13   8.32E-05   1.34E-19   3.34E-20   1.15E-03   4.89E-05   7.26E-06   5.21E-06
 6.18E+06   2.10E-12   8.35E-05   2.63E-17   6.57E-18   1.15E-03   4.92E-05   7.68E-06   5.52E-06
 6.32E+06   6.43E-12   8.38E-05   2.14E-15   5.35E-16   1.15E-03   4.95E-05   8.10E-06   5.82E-06
 6.48E+06   1.62E-11   8.40E-05   8.15E-14   2.04E-14   1.15E-03   4.97E-05   8.52E-06   6.12E-06
 6.62E+06   3.51E-11   8.42E-05   1.64E-12   4.09E-13   1.15E-03   4.98E-05   8.92E-06   6.41E-06
 6.78E+06   7.12E-11   8.43E-05   1.93E-11   4.82E-12   1.15E-03   4.99E-05   9.32E-06   6.69E-06
 6.92E+06   1.59E-10   8.44E-05   1.46E-10   3.66E-11   1.15E-03   5.00E-05   9.70E-06   6.96E-06
 7.08E+06   4.34E-10   8.45E-05   7.77E-10   1.94E-10   1.15E-03   5.01E-05   1.01E-05   7.23E-06
 7.22E+06   1.27E-09   8.46E-05   3.09E-09   7.71E-10   1.16E-03   5.02E-05   1.04E-05   7.49E-06
 7.38E+06   3.39E-09   8.46E-05   9.62E-09   2.40E-09   1.16E-03   5.02E-05   1.08E-05   7.76E-06
 7.52E+06   7.85E-09   8.46E-05   2.45E-08   6.12E-09   1.16E-03   5.03E-05   1.12E-05   8.03E-06
 7.68E+06   1.57E-08   8.47E-05   5.25E-08   1.31E-08   1.16E-03   5.05E-05   1.16E-05   8.32E-06
 7.82E+06   2.75E-08   8.47E-05   9.72E-08   2.43E-08   1.16E-03   5.08E-05   1.20E-05   8.64E-06
 7.98E+06   4.31E-08   8.47E-05   1.59E-07   3.98E-08   1.16E-03   5.11E-05   1.25E-05   8.99E-06
 8.12E+06   6.15E-08   8.47E-05   2.35E-07   5.89E-08   1.16E-03   5.16E-05   1.31E-05   9.37E-06
 8.28E+06   8.15E-08   8.47E-05   3.20E-07   8.01E-08   1.16E-03   5.21E-05   1.36E-05   9.78E-06
 8.42E+06   1.02E-07   8.47E-05   4.08E-07   1.02E-07   1.16E-03   5.26E-05   1.42E-05   1.02E-05
 8.58E+06   1.22E-07   8.48E-05   4.93E-07   1.23E-07   1.16E-03   5.32E-05   1.48E-05   1.06E-05
 8.72E+06   1.41E-07   8.48E-05   5.72E-07   1.43E-07   1.16E-03   5.37E-05   1.54E-05   1.10E-05
 8.88E+06   1.62E-07   8.48E-05   6.43E-07   1.61E-07   1.16E-03   5.43E-05   1.59E-05   1.14E-05
 9.02E+06   1.84E-07   8.48E-05   7.05E-07   1.76E-07   1.16E-03   5.47E-05   1.65E-05   1.19E-05
 9.18E+06   2.08E-07   8.48E-05   7.59E-07   1.90E-07   1.16E-03   5.52E-05   1.71E-05   1.23E-05
 9.32E+06   2.34E-07   8.48E-05   8.09E-07   2.02E-07   1.16E-03   5.56E-05   1.77E-05   1.27E-05
 9.48E+06   2.62E-07   8.48E-05   8.56E-07   2.14E-07   1.16E-03   5.60E-05   1.83E-05   1.31E-05
 9.62E+06   2.91E-07   8.48E-05   9.02E-07   2.26E-07   1.16E-03   5.64E-05   1.89E-05   1.36E-05
 9.78E+06   3.21E-07   8.48E-05   9.53E-07   2.38E-07   1.16E-03   5.70E-05   1.97E-05   1.41E-05
 9.92E+06   3.53E-07   8.48E-05   1.03E-06   2.58E-07   1.16E-03   5.79E-05   2.08E-05   1.49E-05

     Z      PNO        PNO2_O1D   PNO2       PSO        PH2S       PSO2       PSO2_SO21  PSO2_SO23  
 2.50E+04   0.00E+00   3.07E-31   3.71E-03   3.77E-30   3.11E-14   2.44E-30   3.98E-05   4.42E-07
 1.75E+05   0.00E+00   3.49E-28   4.08E-03   5.87E-27   3.81E-14   3.52E-27   4.73E-05   4.89E-07
 3.25E+05   0.00E+00   2.51E-25   4.40E-03   5.49E-24   4.47E-14   3.15E-24   5.41E-05   5.30E-07
 4.75E+05   0.00E+00   9.67E-23   4.69E-03   2.56E-21   5.11E-14   1.44E-21   6.04E-05   5.67E-07
 6.25E+05   0.00E+00   1.96E-20   4.94E-03   5.96E-19   5.74E-14   3.40E-19   6.62E-05   5.99E-07
 7.75E+05   1.43-162   2.13E-18   5.16E-03   7.30E-17   6.37E-14   4.24E-17   7.15E-05   6.27E-07
 9.25E+05   3.08-131   1.30E-16   5.36E-03   4.89E-15   7.20E-14   2.90E-15   7.65E-05   6.51E-07
 1.08E+06   1.81-106   4.59E-15   5.52E-03   1.86E-13   1.57E-13   1.12E-13   8.11E-05   6.72E-07
 1.22E+06   1.54E-86   9.58E-14   5.67E-03   4.09E-12   1.90E-12   2.50E-12   8.52E-05   6.90E-07
 1.38E+06   1.94E-70   1.23E-12   5.78E-03   5.45E-11   2.47E-11   3.35E-11   8.89E-05   7.05E-07
 1.52E+06   1.60E-57   1.01E-11   5.88E-03   4.64E-10   2.12E-10   2.87E-10   9.23E-05   7.17E-07
 1.68E+06   3.00E-47   5.77E-11   5.96E-03   2.71E-09   1.25E-09   1.68E-09   9.53E-05   7.26E-07
 1.82E+06   3.58E-39   2.43E-10   6.02E-03   1.16E-08   5.35E-09   7.20E-09   9.84E-05   7.34E-07
 1.98E+06   7.16E-33   8.24E-10   6.07E-03   3.96E-08   1.84E-08   2.47E-08   1.02E-04   7.40E-07
 2.12E+06   6.29E-28   2.46E-09   6.11E-03   1.18E-07   5.49E-08   7.36E-08   1.08E-04   7.45E-07
 2.28E+06   5.29E-24   6.70E-09   6.15E-03   3.19E-07   1.48E-07   1.98E-07   1.15E-04   7.49E-07
 2.42E+06   7.56E-21   1.67E-08   6.18E-03   7.84E-07   3.61E-07   4.83E-07   1.26E-04   7.52E-07
 2.58E+06   2.82E-18   3.87E-08   6.21E-03   1.77E-06   8.09E-07   1.08E-06   1.39E-04   7.54E-07
 2.72E+06   3.67E-16   8.30E-08   6.24E-03   3.68E-06   1.67E-06   2.23E-06   1.57E-04   7.56E-07
 2.88E+06   2.00E-14   1.66E-07   6.26E-03   7.05E-06   3.18E-06   4.25E-06   1.79E-04   7.58E-07
 3.02E+06   5.26E-13   3.10E-07   6.28E-03   1.25E-05   5.61E-06   7.49E-06   2.06E-04   7.59E-07
 3.18E+06   7.50E-12   5.43E-07   6.30E-03   2.06E-05   9.21E-06   1.23E-05   2.38E-04   7.60E-07
 3.32E+06   6.42E-11   8.96E-07   6.32E-03   3.15E-05   1.41E-05   1.87E-05   2.77E-04   7.61E-07
 3.48E+06   3.61E-10   1.39E-06   6.34E-03   4.52E-05   2.04E-05   2.68E-05   3.21E-04   7.62E-07
 3.62E+06   1.45E-09   2.06E-06   6.35E-03   6.11E-05   2.79E-05   3.63E-05   3.69E-04   7.62E-07
 3.78E+06   4.44E-09   2.90E-06   6.37E-03   7.85E-05   3.64E-05   4.67E-05   4.21E-04   7.63E-07
 3.92E+06   1.10E-08   3.93E-06   6.38E-03   9.65E-05   4.56E-05   5.75E-05   4.75E-04   7.63E-07
 4.08E+06   2.33E-08   5.11E-06   6.39E-03   1.14E-04   5.52E-05   6.83E-05   5.31E-04   7.63E-07
 4.22E+06   4.30E-08   6.39E-06   6.40E-03   1.31E-04   6.48E-05   7.85E-05   5.86E-04   7.63E-07
 4.38E+06   7.18E-08   7.70E-06   6.41E-03   1.46E-04   7.39E-05   8.77E-05   6.41E-04   7.64E-07
 4.52E+06   1.11E-07   8.94E-06   6.42E-03   1.59E-04   8.22E-05   9.56E-05   6.92E-04   7.64E-07
 4.68E+06   1.60E-07   1.00E-05   6.43E-03   1.70E-04   8.93E-05   1.02E-04   7.36E-04   7.64E-07
 4.82E+06   2.19E-07   1.10E-05   6.43E-03   1.79E-04   9.53E-05   1.08E-04   7.74E-04   7.64E-07
 4.98E+06   2.88E-07   1.17E-05   6.44E-03   1.86E-04   1.00E-04   1.12E-04   8.04E-04   7.64E-07
 5.12E+06   3.65E-07   1.23E-05   6.44E-03   1.92E-04   1.04E-04   1.16E-04   8.28E-04   7.64E-07
 5.28E+06   4.51E-07   1.28E-05   6.44E-03   1.97E-04   1.07E-04   1.18E-04   8.46E-04   7.64E-07
 5.42E+06   5.45E-07   1.31E-05   6.45E-03   2.01E-04   1.10E-04   1.21E-04   8.60E-04   7.64E-07
 5.58E+06   6.44E-07   1.34E-05   6.45E-03   2.04E-04   1.12E-04   1.23E-04   8.71E-04   7.64E-07
 5.72E+06   7.50E-07   1.37E-05   6.45E-03   2.07E-04   1.14E-04   1.25E-04   8.79E-04   7.64E-07
 5.88E+06   8.62E-07   1.39E-05   6.45E-03   2.09E-04   1.15E-04   1.26E-04   8.85E-04   7.64E-07
 6.02E+06   9.79E-07   1.40E-05   6.45E-03   2.11E-04   1.17E-04   1.27E-04   8.90E-04   7.64E-07
 6.18E+06   1.10E-06   1.42E-05   6.45E-03   2.13E-04   1.18E-04   1.29E-04   8.93E-04   7.64E-07
 6.32E+06   1.23E-06   1.43E-05   6.45E-03   2.14E-04   1.19E-04   1.30E-04   8.96E-04   7.64E-07
 6.48E+06   1.35E-06   1.44E-05   6.45E-03   2.15E-04   1.19E-04   1.30E-04   8.98E-04   7.64E-07
 6.62E+06   1.48E-06   1.45E-05   6.45E-03   2.16E-04   1.20E-04   1.31E-04   8.99E-04   7.64E-07
 6.78E+06   1.61E-06   1.45E-05   6.45E-03   2.17E-04   1.21E-04   1.32E-04   9.00E-04   7.64E-07
 6.92E+06   1.74E-06   1.46E-05   6.45E-03   2.18E-04   1.21E-04   1.32E-04   9.01E-04   7.64E-07
 7.08E+06   1.87E-06   1.47E-05   6.45E-03   2.19E-04   1.22E-04   1.33E-04   9.01E-04   7.64E-07
 7.22E+06   2.01E-06   1.48E-05   6.45E-03   2.19E-04   1.22E-04   1.33E-04   9.01E-04   7.64E-07
 7.38E+06   2.15E-06   1.48E-05   6.45E-03   2.20E-04   1.23E-04   1.34E-04   9.02E-04   7.64E-07
 7.52E+06   2.30E-06   1.49E-05   6.45E-03   2.20E-04   1.23E-04   1.34E-04   9.02E-04   7.64E-07
 7.68E+06   2.47E-06   1.51E-05   6.45E-03   2.21E-04   1.24E-04   1.35E-04   9.02E-04   7.64E-07
 7.82E+06   2.66E-06   1.52E-05   6.45E-03   2.21E-04   1.24E-04   1.36E-04   9.02E-04   7.64E-07
 7.98E+06   2.87E-06   1.54E-05   6.45E-03   2.21E-04   1.25E-04   1.36E-04   9.02E-04   7.64E-07
 8.12E+06   3.11E-06   1.56E-05   6.45E-03   2.21E-04   1.25E-04   1.37E-04   9.02E-04   7.64E-07
 8.28E+06   3.36E-06   1.59E-05   6.45E-03   2.22E-04   1.26E-04   1.38E-04   9.02E-04   7.64E-07
 8.42E+06   3.62E-06   1.61E-05   6.45E-03   2.22E-04   1.27E-04   1.39E-04   9.02E-04   7.64E-07
 8.58E+06   3.89E-06   1.64E-05   6.45E-03   2.22E-04   1.28E-04   1.40E-04   9.02E-04   7.64E-07
 8.72E+06   4.16E-06   1.67E-05   6.45E-03   2.22E-04   1.29E-04   1.41E-04   9.02E-04   7.64E-07
 8.88E+06   4.44E-06   1.69E-05   6.45E-03   2.22E-04   1.29E-04   1.42E-04   9.02E-04   7.64E-07
 9.02E+06   4.72E-06   1.72E-05   6.46E-03   2.23E-04   1.30E-04   1.43E-04   9.02E-04   7.64E-07
 9.18E+06   5.01E-06   1.75E-05   6.46E-03   2.23E-04   1.31E-04   1.44E-04   9.02E-04   7.64E-07
 9.32E+06   5.31E-06   1.78E-05   6.46E-03   2.23E-04   1.32E-04   1.45E-04   9.02E-04   7.64E-07
 9.48E+06   5.63E-06   1.82E-05   6.46E-03   2.23E-04   1.32E-04   1.46E-04   9.02E-04   7.64E-07
 9.62E+06   6.00E-06   1.86E-05   6.46E-03   2.23E-04   1.33E-04   1.47E-04   9.03E-04   7.64E-07
 9.78E+06   6.45E-06   1.92E-05   6.46E-03   2.23E-04   1.34E-04   1.48E-04   9.03E-04   7.64E-07
 9.92E+06   7.19E-06   2.02E-05   6.46E-03   2.23E-04   1.35E-04   1.49E-04   9.03E-04   7.64E-07

     Z      PH2SO4_1   PS2        PS4        PS3        PS8L       PS8R       PS8        PSO3       
 2.50E+04   3.44E-08   3.14E-05   1.20E-01   5.55E-01   0.00E+00   0.00E+00   8.56E-14   7.00E-08
 1.75E+05   3.49E-08   3.72E-05   1.24E-01   5.98E-01   0.00E+00   0.00E+00   1.21E-13   8.19E-08
 3.25E+05   3.53E-08   4.24E-05   1.28E-01   6.35E-01   0.00E+00   0.00E+00   1.66E-13   9.26E-08
 4.75E+05   3.56E-08   4.72E-05   1.31E-01   6.68E-01   0.00E+00   0.00E+00   2.22E-13   1.02E-07
 6.25E+05   3.58E-08   5.17E-05   1.34E-01   6.96E-01   0.00E+00   0.00E+00   2.92E-13   1.11E-07
 7.75E+05   3.61E-08   5.57E-05   1.36E-01   7.21E-01   0.00E+00   0.00E+00   3.80E-13   1.19E-07
 9.25E+05   3.62E-08   5.95E-05   1.38E-01   7.43E-01   0.00E+00   0.00E+00   4.93E-13   1.27E-07
 1.08E+06   3.64E-08   6.29E-05   1.40E-01   7.61E-01   0.00E+00   0.00E+00   6.38E-13   1.33E-07
 1.22E+06   3.65E-08   6.60E-05   1.41E-01   7.77E-01   0.00E+00   0.00E+00   8.31E-13   1.39E-07
 1.38E+06   3.66E-08   6.88E-05   1.42E-01   7.90E-01   0.00E+00   0.00E+00   1.08E-12   1.44E-07
 1.52E+06   3.67E-08   7.13E-05   1.43E-01   8.00E-01   0.00E+00   0.00E+00   1.42E-12   1.48E-07
 1.68E+06   3.68E-08   7.35E-05   1.44E-01   8.08E-01   0.00E+00   0.00E+00   1.86E-12   1.52E-07
 1.82E+06   3.68E-08   7.56E-05   1.45E-01   8.15E-01   0.00E+00   0.00E+00   2.44E-12   1.57E-07
 1.98E+06   3.69E-08   7.83E-05   1.45E-01   8.20E-01   0.00E+00   0.00E+00   3.22E-12   1.62E-07
 2.12E+06   3.69E-08   8.19E-05   1.46E-01   8.24E-01   0.00E+00   0.00E+00   4.24E-12   1.72E-07
 2.28E+06   3.70E-08   8.70E-05   1.46E-01   8.28E-01   0.00E+00   0.00E+00   5.60E-12   1.91E-07
 2.42E+06   3.70E-08   9.37E-05   1.46E-01   8.30E-01   0.00E+00   0.00E+00   7.40E-12   2.28E-07
 2.58E+06   3.71E-08   1.03E-04   1.47E-01   8.32E-01   0.00E+00   0.00E+00   9.81E-12   2.98E-07
 2.72E+06   3.71E-08   1.14E-04   1.47E-01   8.34E-01   0.00E+00   0.00E+00   1.31E-11   4.25E-07
 2.88E+06   3.71E-08   1.28E-04   1.47E-01   8.35E-01   0.00E+00   0.00E+00   1.75E-11   6.44E-07
 3.02E+06   3.71E-08   1.45E-04   1.47E-01   8.36E-01   0.00E+00   0.00E+00   2.34E-11   9.95E-07
 3.18E+06   3.72E-08   1.66E-04   1.48E-01   8.37E-01   0.00E+00   0.00E+00   3.15E-11   1.51E-06
 3.32E+06   3.72E-08   1.91E-04   1.48E-01   8.38E-01   0.00E+00   0.00E+00   4.25E-11   2.23E-06
 3.48E+06   3.72E-08   2.20E-04   1.48E-01   8.38E-01   0.00E+00   0.00E+00   5.76E-11   3.14E-06
 3.62E+06   3.72E-08   2.52E-04   1.48E-01   8.39E-01   0.00E+00   0.00E+00   7.78E-11   4.24E-06
 3.78E+06   3.72E-08   2.87E-04   1.48E-01   8.39E-01   0.00E+00   0.00E+00   1.05E-10   5.51E-06
 3.92E+06   3.72E-08   3.22E-04   1.48E-01   8.39E-01   0.00E+00   0.00E+00   1.41E-10   6.90E-06
 4.08E+06   3.72E-08   3.58E-04   1.48E-01   8.40E-01   0.00E+00   0.00E+00   1.89E-10   8.39E-06
 4.22E+06   3.72E-08   3.92E-04   1.48E-01   8.40E-01   0.00E+00   0.00E+00   2.53E-10   9.95E-06
 4.38E+06   3.72E-08   4.24E-04   1.48E-01   8.40E-01   0.00E+00   0.00E+00   3.36E-10   1.15E-05
 4.52E+06   3.72E-08   4.53E-04   1.48E-01   8.40E-01   0.00E+00   0.00E+00   4.44E-10   1.31E-05
 4.68E+06   3.72E-08   4.77E-04   1.48E-01   8.40E-01   0.00E+00   0.00E+00   5.80E-10   1.45E-05
 4.82E+06   3.72E-08   4.97E-04   1.48E-01   8.40E-01   0.00E+00   0.00E+00   7.45E-10   1.57E-05
 4.98E+06   3.72E-08   5.13E-04   1.48E-01   8.40E-01   0.00E+00   0.00E+00   9.46E-10   1.67E-05
 5.12E+06   3.72E-08   5.25E-04   1.48E-01   8.40E-01   0.00E+00   0.00E+00   1.19E-09   1.76E-05
 5.28E+06   3.72E-08   5.34E-04   1.48E-01   8.40E-01   0.00E+00   0.00E+00   1.47E-09   1.83E-05
 5.42E+06   3.72E-08   5.41E-04   1.48E-01   8.40E-01   0.00E+00   0.00E+00   1.82E-09   1.88E-05
 5.58E+06   3.72E-08   5.46E-04   1.48E-01   8.40E-01   0.00E+00   0.00E+00   2.23E-09   1.93E-05
 5.72E+06   3.72E-08   5.50E-04   1.48E-01   8.40E-01   0.00E+00   0.00E+00   2.73E-09   1.97E-05
 5.88E+06   3.72E-08   5.53E-04   1.48E-01   8.40E-01   0.00E+00   0.00E+00   3.34E-09   2.00E-05
 6.02E+06   3.72E-08   5.56E-04   1.48E-01   8.40E-01   0.00E+00   0.00E+00   4.08E-09   2.02E-05
 6.18E+06   3.72E-08   5.57E-04   1.48E-01   8.40E-01   0.00E+00   0.00E+00   4.99E-09   2.04E-05
 6.32E+06   3.73E-08   5.59E-04   1.48E-01   8.40E-01   0.00E+00   0.00E+00   6.11E-09   2.06E-05
 6.48E+06   3.73E-08   5.60E-04   1.48E-01   8.40E-01   0.00E+00   0.00E+00   7.50E-09   2.07E-05
 6.62E+06   3.74E-08   5.60E-04   1.48E-01   8.40E-01   0.00E+00   0.00E+00   9.25E-09   2.09E-05
 6.78E+06   3.78E-08   5.61E-04   1.48E-01   8.40E-01   0.00E+00   0.00E+00   1.14E-08   2.10E-05
 6.92E+06   4.04E-08   5.61E-04   1.48E-01   8.41E-01   0.00E+00   0.00E+00   1.42E-08   2.11E-05
 7.08E+06   5.27E-08   5.61E-04   1.48E-01   8.41E-01   0.00E+00   0.00E+00   1.77E-08   2.11E-05
 7.22E+06   9.53E-08   5.61E-04   1.48E-01   8.41E-01   0.00E+00   0.00E+00   2.21E-08   2.12E-05
 7.38E+06   2.09E-07   5.62E-04   1.48E-01   8.41E-01   0.00E+00   0.00E+00   2.78E-08   2.13E-05
 7.52E+06   4.53E-07   5.62E-04   1.48E-01   8.41E-01   0.00E+00   0.00E+00   3.50E-08   2.14E-05
 7.68E+06   8.86E-07   5.62E-04   1.48E-01   8.41E-01   0.00E+00   0.00E+00   4.44E-08   2.14E-05
 7.82E+06   1.54E-06   5.62E-04   1.48E-01   8.41E-01   0.00E+00   0.00E+00   5.65E-08   2.15E-05
 7.98E+06   2.41E-06   5.62E-04   1.48E-01   8.41E-01   0.00E+00   0.00E+00   7.21E-08   2.16E-05
 8.12E+06   3.44E-06   5.62E-04   1.48E-01   8.41E-01   0.00E+00   0.00E+00   9.23E-08   2.16E-05
 8.28E+06   4.56E-06   5.62E-04   1.48E-01   8.41E-01   0.00E+00   0.00E+00   1.18E-07   2.17E-05
 8.42E+06   5.69E-06   5.62E-04   1.48E-01   8.41E-01   0.00E+00   0.00E+00   1.52E-07   2.18E-05
 8.58E+06   6.80E-06   5.62E-04   1.48E-01   8.41E-01   0.00E+00   0.00E+00   1.94E-07   2.18E-05
 8.72E+06   7.88E-06   5.62E-04   1.48E-01   8.41E-01   0.00E+00   0.00E+00   2.49E-07   2.19E-05
 8.88E+06   8.98E-06   5.62E-04   1.48E-01   8.41E-01   0.00E+00   0.00E+00   3.17E-07   2.20E-05
 9.02E+06   1.01E-05   5.62E-04   1.48E-01   8.41E-01   0.00E+00   0.00E+00   4.03E-07   2.21E-05
 9.18E+06   1.14E-05   5.62E-04   1.48E-01   8.41E-01   0.00E+00   0.00E+00   5.11E-07   2.22E-05
 9.32E+06   1.27E-05   5.62E-04   1.48E-01   8.41E-01   0.00E+00   0.00E+00   6.47E-07   2.22E-05
 9.48E+06   1.41E-05   5.62E-04   1.48E-01   8.41E-01   0.00E+00   0.00E+00   8.18E-07   2.23E-05
 9.62E+06   1.55E-05   5.62E-04   1.48E-01   8.41E-01   0.00E+00   0.00E+00   1.03E-06   2.24E-05
 9.78E+06   1.69E-05   5.62E-04   1.48E-01   8.41E-01   0.00E+00   0.00E+00   1.31E-06   2.26E-05
 9.92E+06   1.84E-05   5.62E-04   1.48E-01   8.41E-01   0.00E+00   0.00E+00   1.65E-06   2.29E-05

     Z      PHSO       POCS       PNO3_NO    PNO3_NO2   PN2O       PHO2NO2_NO2PHO2NO2_NO3PN2O5_NO2  
 2.50E+04   5.56E-30   1.18E-11   1.10E-02   8.66E-02   1.91E-33   1.62E-06   4.04E-07   5.28E-10
 1.75E+05   6.55E-27   1.41E-11   1.13E-02   8.85E-02   3.23E-30   1.89E-06   4.73E-07   6.68E-10
 3.25E+05   4.89E-24   1.63E-11   1.15E-02   9.00E-02   3.31E-27   2.14E-06   5.34E-07   8.08E-10
 4.75E+05   1.95E-21   1.83E-11   1.17E-02   9.11E-02   1.71E-24   2.36E-06   5.90E-07   9.54E-10
 6.25E+05   4.06E-19   2.02E-11   1.18E-02   9.18E-02   4.54E-22   2.56E-06   6.41E-07   1.11E-09
 7.75E+05   4.55E-17   2.21E-11   1.20E-02   9.23E-02   6.35E-20   2.75E-06   6.88E-07   1.27E-09
 9.25E+05   2.85E-15   2.38E-11   1.21E-02   9.24E-02   4.74E-18   2.92E-06   7.30E-07   1.45E-09
 1.08E+06   1.03E-13   2.54E-11   1.22E-02   9.25E-02   1.94E-16   3.07E-06   7.68E-07   1.63E-09
 1.22E+06   2.18E-12   2.69E-11   1.23E-02   9.26E-02   4.55E-15   3.21E-06   8.01E-07   1.83E-09
 1.38E+06   2.82E-11   2.89E-11   1.24E-02   9.27E-02   6.34E-14   3.32E-06   8.31E-07   2.07E-09
 1.52E+06   2.36E-10   3.44E-11   1.25E-02   9.29E-02   5.59E-13   3.43E-06   8.57E-07   2.54E-09
 1.68E+06   1.35E-09   5.72E-11   1.26E-02   9.31E-02   3.36E-12   3.52E-06   8.80E-07   4.19E-09
 1.82E+06   5.72E-09   1.40E-10   1.26E-02   9.36E-02   1.49E-11   3.61E-06   9.02E-07   1.01E-08
 1.98E+06   1.95E-08   3.96E-10   1.26E-02   9.42E-02   5.25E-11   3.71E-06   9.28E-07   2.83E-08
 2.12E+06   5.83E-08   1.13E-09   1.26E-02   9.47E-02   1.60E-10   3.86E-06   9.67E-07   7.91E-08
 2.28E+06   1.58E-07   3.07E-09   1.27E-02   9.53E-02   4.33E-10   4.10E-06   1.03E-06   2.07E-07
 2.42E+06   3.93E-07   7.90E-09   1.27E-02   9.58E-02   1.06E-09   4.46E-06   1.12E-06   5.01E-07
 2.58E+06   9.01E-07   1.91E-08   1.27E-02   9.63E-02   2.38E-09   5.04E-06   1.27E-06   1.12E-06
 2.72E+06   1.91E-06   4.36E-08   1.28E-02   9.68E-02   4.87E-09   5.97E-06   1.52E-06   2.30E-06
 2.88E+06   3.77E-06   9.36E-08   1.28E-02   9.73E-02   9.18E-09   7.43E-06   1.90E-06   4.39E-06
 3.02E+06   6.94E-06   1.89E-07   1.28E-02   9.77E-02   1.60E-08   9.62E-06   2.49E-06   7.75E-06
 3.18E+06   1.19E-05   3.62E-07   1.28E-02   9.81E-02   2.57E-08   1.28E-05   3.33E-06   1.27E-05
 3.32E+06   1.93E-05   6.53E-07   1.28E-02   9.86E-02   3.86E-08   1.70E-05   4.46E-06   1.96E-05
 3.48E+06   2.95E-05   1.11E-06   1.28E-02   9.90E-02   5.46E-08   2.24E-05   5.90E-06   2.83E-05
 3.62E+06   4.27E-05   1.80E-06   1.28E-02   9.95E-02   7.31E-08   2.90E-05   7.66E-06   3.88E-05
 3.78E+06   5.91E-05   2.76E-06   1.28E-02   9.99E-02   9.35E-08   3.67E-05   9.73E-06   5.08E-05
 3.92E+06   7.88E-05   4.03E-06   1.28E-02   1.00E-01   1.15E-07   4.58E-05   1.21E-05   6.43E-05
 4.08E+06   1.02E-04   5.62E-06   1.28E-02   1.01E-01   1.38E-07   5.63E-05   1.49E-05   7.91E-05
 4.22E+06   1.27E-04   7.48E-06   1.28E-02   1.01E-01   1.60E-07   6.87E-05   1.82E-05   9.55E-05
 4.38E+06   1.53E-04   9.49E-06   1.28E-02   1.01E-01   1.81E-07   8.29E-05   2.19E-05   1.13E-04
 4.52E+06   1.78E-04   1.15E-05   1.28E-02   1.02E-01   2.01E-07   9.84E-05   2.59E-05   1.31E-04
 4.68E+06   2.02E-04   1.33E-05   1.28E-02   1.02E-01   2.19E-07   1.14E-04   2.99E-05   1.49E-04
 4.82E+06   2.22E-04   1.49E-05   1.28E-02   1.02E-01   2.35E-07   1.28E-04   3.36E-05   1.65E-04
 4.98E+06   2.38E-04   1.62E-05   1.28E-02   1.02E-01   2.48E-07   1.41E-04   3.69E-05   1.80E-04
 5.12E+06   2.52E-04   1.73E-05   1.28E-02   1.02E-01   2.60E-07   1.51E-04   3.96E-05   1.91E-04
 5.28E+06   2.62E-04   1.81E-05   1.28E-02   1.02E-01   2.69E-07   1.60E-04   4.18E-05   2.01E-04
 5.42E+06   2.71E-04   1.88E-05   1.28E-02   1.01E-01   2.77E-07   1.67E-04   4.36E-05   2.09E-04
 5.58E+06   2.77E-04   1.93E-05   1.29E-02   1.01E-01   2.84E-07   1.72E-04   4.50E-05   2.16E-04
 5.72E+06   2.82E-04   1.96E-05   1.29E-02   1.01E-01   2.90E-07   1.76E-04   4.62E-05   2.21E-04
 5.88E+06   2.86E-04   1.99E-05   1.29E-02   1.01E-01   2.95E-07   1.79E-04   4.71E-05   2.25E-04
 6.02E+06   2.90E-04   2.02E-05   1.29E-02   1.00E-01   2.99E-07   1.82E-04   4.78E-05   2.29E-04
 6.18E+06   2.92E-04   2.03E-05   1.29E-02   9.98E-02   3.02E-07   1.84E-04   4.84E-05   2.32E-04
 6.32E+06   2.94E-04   2.05E-05   1.29E-02   9.94E-02   3.06E-07   1.86E-04   4.89E-05   2.35E-04
 6.48E+06   2.96E-04   2.06E-05   1.29E-02   9.90E-02   3.09E-07   1.87E-04   4.92E-05   2.37E-04
 6.62E+06   2.97E-04   2.06E-05   1.29E-02   9.87E-02   3.12E-07   1.88E-04   4.95E-05   2.39E-04
 6.78E+06   2.98E-04   2.07E-05   1.29E-02   9.83E-02   3.14E-07   1.89E-04   4.97E-05   2.41E-04
 6.92E+06   2.99E-04   2.08E-05   1.30E-02   9.79E-02   3.17E-07   1.89E-04   4.99E-05   2.42E-04
 7.08E+06   2.99E-04   2.08E-05   1.30E-02   9.75E-02   3.20E-07   1.90E-04   5.01E-05   2.44E-04
 7.22E+06   3.00E-04   2.08E-05   1.30E-02   9.72E-02   3.25E-07   1.90E-04   5.02E-05   2.45E-04
 7.38E+06   3.00E-04   2.09E-05   1.30E-02   9.68E-02   3.32E-07   1.90E-04   5.03E-05   2.46E-04
 7.52E+06   3.01E-04   2.09E-05   1.31E-02   9.65E-02   3.44E-07   1.90E-04   5.03E-05   2.47E-04
 7.68E+06   3.01E-04   2.10E-05   1.31E-02   9.63E-02   3.65E-07   1.90E-04   5.04E-05   2.49E-04
 7.82E+06   3.01E-04   2.12E-05   1.31E-02   9.61E-02   3.95E-07   1.91E-04   5.04E-05   2.50E-04
 7.98E+06   3.02E-04   2.13E-05   1.31E-02   9.60E-02   4.34E-07   1.91E-04   5.04E-05   2.52E-04
 8.12E+06   3.02E-04   2.15E-05   1.31E-02   9.60E-02   4.81E-07   1.91E-04   5.05E-05   2.54E-04
 8.28E+06   3.02E-04   2.17E-05   1.31E-02   9.60E-02   5.33E-07   1.91E-04   5.05E-05   2.55E-04
 8.42E+06   3.03E-04   2.20E-05   1.31E-02   9.61E-02   5.87E-07   1.91E-04   5.05E-05   2.57E-04
 8.58E+06   3.03E-04   2.22E-05   1.31E-02   9.62E-02   6.42E-07   1.91E-04   5.05E-05   2.59E-04
 8.72E+06   3.03E-04   2.25E-05   1.31E-02   9.62E-02   6.96E-07   1.91E-04   5.05E-05   2.61E-04
 8.88E+06   3.04E-04   2.27E-05   1.31E-02   9.63E-02   7.54E-07   1.91E-04   5.06E-05   2.64E-04
 9.02E+06   3.04E-04   2.30E-05   1.31E-02   9.63E-02   8.20E-07   1.91E-04   5.06E-05   2.66E-04
 9.18E+06   3.04E-04   2.34E-05   1.31E-02   9.62E-02   9.03E-07   1.91E-04   5.06E-05   2.68E-04
 9.32E+06   3.05E-04   2.38E-05   1.31E-02   9.61E-02   1.02E-06   1.91E-04   5.06E-05   2.70E-04
 9.48E+06   3.05E-04   2.43E-05   1.31E-02   9.60E-02   1.17E-06   1.91E-04   5.06E-05   2.73E-04
 9.62E+06   3.05E-04   2.51E-05   1.31E-02   9.58E-02   1.37E-06   1.91E-04   5.06E-05   2.75E-04
 9.78E+06   3.05E-04   2.65E-05   1.31E-02   9.57E-02   1.62E-06   1.91E-04   5.06E-05   2.79E-04
 9.92E+06   3.06E-04   2.99E-05   1.31E-02   9.57E-02   1.97E-06   1.91E-04   5.06E-05   2.86E-04

     Z      PN2O5_NO   PCH3OOH    PCS2_CS    PCS2_CS2X  
 2.50E+04   1.06E-05   1.79E-06   5.88E-31   4.46E-05
 1.75E+05   1.22E-05   2.05E-06   2.04E-27   5.19E-05
 3.25E+05   1.36E-05   2.29E-06   3.53E-24   5.85E-05
 4.75E+05   1.49E-05   2.51E-06   2.88E-21   6.44E-05
 6.25E+05   1.60E-05   2.70E-06   1.13E-18   6.97E-05
 7.75E+05   1.70E-05   2.88E-06   2.11E-16   7.45E-05
 9.25E+05   1.80E-05   3.03E-06   1.93E-14   7.88E-05
 1.08E+06   1.88E-05   3.17E-06   9.07E-13   8.27E-05
 1.22E+06   1.95E-05   3.29E-06   2.32E-11   8.60E-05
 1.38E+06   2.01E-05   3.39E-06   3.43E-10   8.89E-05
 1.52E+06   2.06E-05   3.48E-06   3.14E-09   9.14E-05
 1.68E+06   2.11E-05   3.56E-06   1.93E-08   9.34E-05
 1.82E+06   2.15E-05   3.62E-06   8.57E-08   9.53E-05
 1.98E+06   2.19E-05   3.69E-06   3.01E-07   9.71E-05
 2.12E+06   2.23E-05   3.77E-06   9.05E-07   9.91E-05
 2.28E+06   2.29E-05   3.87E-06   2.43E-06   1.01E-04
 2.42E+06   2.36E-05   4.00E-06   5.87E-06   1.04E-04
 2.58E+06   2.45E-05   4.17E-06   1.29E-05   1.07E-04
 2.72E+06   2.55E-05   4.40E-06   2.59E-05   1.10E-04
 2.88E+06   2.67E-05   4.71E-06   4.74E-05   1.13E-04
 3.02E+06   2.81E-05   5.13E-06   8.00E-05   1.16E-04
 3.18E+06   2.98E-05   5.69E-06   1.25E-04   1.19E-04
 3.32E+06   3.16E-05   6.42E-06   1.80E-04   1.22E-04
 3.48E+06   3.37E-05   7.32E-06   2.45E-04   1.25E-04
 3.62E+06   3.60E-05   8.40E-06   3.15E-04   1.27E-04
 3.78E+06   3.84E-05   9.65E-06   3.88E-04   1.29E-04
 3.92E+06   4.09E-05   1.11E-05   4.60E-04   1.31E-04
 4.08E+06   4.36E-05   1.27E-05   5.30E-04   1.32E-04
 4.22E+06   4.65E-05   1.46E-05   5.96E-04   1.33E-04
 4.38E+06   4.95E-05   1.66E-05   6.56E-04   1.34E-04
 4.52E+06   5.25E-05   1.88E-05   7.10E-04   1.35E-04
 4.68E+06   5.54E-05   2.08E-05   7.58E-04   1.35E-04
 4.82E+06   5.80E-05   2.27E-05   8.00E-04   1.36E-04
 4.98E+06   6.01E-05   2.44E-05   8.37E-04   1.36E-04
 5.12E+06   6.18E-05   2.57E-05   8.70E-04   1.36E-04
 5.28E+06   6.32E-05   2.68E-05   8.98E-04   1.36E-04
 5.42E+06   6.42E-05   2.77E-05   9.23E-04   1.36E-04
 5.58E+06   6.50E-05   2.83E-05   9.45E-04   1.36E-04
 5.72E+06   6.57E-05   2.89E-05   9.65E-04   1.36E-04
 5.88E+06   6.61E-05   2.93E-05   9.82E-04   1.36E-04
 6.02E+06   6.65E-05   2.96E-05   9.98E-04   1.37E-04
 6.18E+06   6.68E-05   2.98E-05   1.01E-03   1.37E-04
 6.32E+06   6.70E-05   3.00E-05   1.02E-03   1.37E-04
 6.48E+06   6.71E-05   3.02E-05   1.03E-03   1.37E-04
 6.62E+06   6.72E-05   3.03E-05   1.04E-03   1.37E-04
 6.78E+06   6.73E-05   3.04E-05   1.05E-03   1.37E-04
 6.92E+06   6.73E-05   3.04E-05   1.06E-03   1.37E-04
 7.08E+06   6.74E-05   3.05E-05   1.06E-03   1.37E-04
 7.22E+06   6.74E-05   3.05E-05   1.07E-03   1.37E-04
 7.38E+06   6.74E-05   3.06E-05   1.07E-03   1.37E-04
 7.52E+06   6.74E-05   3.06E-05   1.08E-03   1.37E-04
 7.68E+06   6.74E-05   3.06E-05   1.08E-03   1.37E-04
 7.82E+06   6.74E-05   3.07E-05   1.08E-03   1.37E-04
 7.98E+06   6.74E-05   3.07E-05   1.09E-03   1.37E-04
 8.12E+06   6.74E-05   3.07E-05   1.09E-03   1.37E-04
 8.28E+06   6.74E-05   3.08E-05   1.09E-03   1.37E-04
 8.42E+06   6.74E-05   3.08E-05   1.10E-03   1.37E-04
 8.58E+06   6.74E-05   3.08E-05   1.10E-03   1.37E-04
 8.72E+06   6.74E-05   3.08E-05   1.10E-03   1.37E-04
 8.88E+06   6.74E-05   3.09E-05   1.10E-03   1.37E-04
 9.02E+06   6.75E-05   3.09E-05   1.11E-03   1.37E-04
 9.18E+06   6.75E-05   3.09E-05   1.11E-03   1.37E-04
 9.32E+06   6.75E-05   3.10E-05   1.11E-03   1.37E-04
 9.48E+06   6.75E-05   3.10E-05   1.11E-03   1.37E-04
 9.62E+06   6.75E-05   3.10E-05   1.11E-03   1.37E-04
 9.78E+06   6.75E-05   3.11E-05   1.11E-03   1.37E-04
 9.92E+06   6.75E-05   3.12E-05   1.11E-03   1.37E-04
 N = 1567  EMAX = 5.08E-11 FOR C2H6S   AT Z = 2.18E+06 U = 2.88E-20 RHS = 1.46E-30  DT = 8.32E+18  TIME = 2.08E+18

 TIME = 2.08E+18     TIMEY = 6.60E+10 YEARS

 NPHOT = 1335

 MIXING RATIOS OF LONG-LIVED SPECIES


     Z        O        O2       H2O      H        OH       HO2      H2O2     H2       CO       HCO      H2CO     CH3O     CH2OH    CH3O2    CH3OOH   CH4      CH3      C2H6    
  2.50E+04 4.18E-17 2.13E-01 1.21E-02 1.80E-21 6.27E-14 5.79E-12 2.66E-10 5.00E-07 1.67E-08 1.38E-22 1.57E-10 5.06E-19 1.09E-27 1.11E-11 5.62E-10 8.08E-07 1.83E-21 2.53E-10
  7.50E+04 4.68E-17 2.13E-01 1.03E-02 1.96E-21 6.67E-14 6.13E-12 2.82E-10 5.00E-07 1.69E-08 1.47E-22 1.54E-10 5.43E-19 1.25E-27 9.96E-12 5.38E-10 8.07E-07 1.79E-21 2.39E-10
  1.25E+05 5.34E-17 2.13E-01 8.72E-03 2.14E-21 7.19E-14 6.40E-12 2.95E-10 5.00E-07 1.70E-08 1.53E-22 1.46E-10 5.86E-19 1.44E-27 8.99E-12 4.99E-10 8.06E-07 1.78E-21 2.26E-10
  1.75E+05 6.19E-17 2.13E-01 7.36E-03 2.34E-21 7.83E-14 6.63E-12 3.05E-10 4.99E-07 1.70E-08 1.57E-22 1.37E-10 6.34E-19 1.69E-27 8.17E-12 4.53E-10 8.05E-07 1.80E-21 2.14E-10
  2.75E+05 8.56E-17 2.13E-01 5.20E-03 2.82E-21 9.37E-14 6.98E-12 3.12E-10 4.99E-07 1.70E-08 1.66E-22 1.20E-10 7.42E-19 2.34E-27 6.79E-12 3.54E-10 8.03E-07 1.89E-21 1.93E-10
  3.75E+05 1.20E-16 2.13E-01 3.54E-03 3.36E-21 1.11E-13 7.12E-12 2.94E-10 4.99E-07 1.67E-08 1.72E-22 1.04E-10 8.62E-19 3.27E-27 5.53E-12 2.63E-10 8.01E-07 2.01E-21 1.75E-10
  4.75E+05 1.67E-16 2.13E-01 2.16E-03 3.78E-21 1.25E-13 6.83E-12 2.57E-10 4.99E-07 1.64E-08 1.69E-22 8.84E-11 9.66E-19 4.48E-27 4.21E-12 1.84E-10 8.00E-07 2.00E-21 1.62E-10
  5.75E+05 2.27E-16 2.13E-01 1.24E-03 4.08E-21 1.37E-13 6.21E-12 2.10E-10 4.98E-07 1.60E-08 1.58E-22 7.24E-11 1.03E-18 6.03E-27 3.10E-12 1.23E-10 7.99E-07 1.90E-21 1.52E-10
  6.75E+05 3.02E-16 2.13E-01 6.56E-04 4.08E-21 1.40E-13 5.28E-12 1.61E-10 4.98E-07 1.56E-08 1.34E-22 5.57E-11 9.98E-19 7.94E-27 2.20E-12 7.99E-11 7.98E-07 1.66E-21 1.44E-10
  7.75E+05 3.97E-16 2.13E-01 3.23E-04 3.91E-21 1.37E-13 4.25E-12 1.18E-10 4.98E-07 1.51E-08 1.07E-22 4.10E-11 9.16E-19 1.03E-26 1.49E-12 4.95E-11 7.98E-07 1.36E-21 1.39E-10
  8.75E+05 5.22E-16 2.13E-01 1.50E-04 3.83E-21 1.38E-13 3.22E-12 8.14E-11 4.98E-07 1.47E-08 8.56E-23 2.99E-11 8.57E-19 1.34E-26 9.16E-13 2.84E-11 7.97E-07 1.13E-21 1.34E-10
  9.75E+05 6.94E-16 2.13E-01 6.71E-05 3.92E-21 1.44E-13 2.29E-12 5.26E-11 4.98E-07 1.43E-08 7.00E-23 2.17E-11 8.17E-19 1.74E-26 5.17E-13 1.47E-11 7.97E-07 9.68E-22 1.31E-10
  1.08E+06 9.48E-16 2.13E-01 3.07E-05 4.03E-21 1.50E-13 1.55E-12 3.16E-11 4.98E-07 1.38E-08 5.62E-23 1.55E-11 7.56E-19 2.31E-26 2.79E-13 6.85E-12 7.96E-07 8.28E-22 1.27E-10
  1.18E+06 1.35E-15 2.13E-01 1.54E-05 4.08E-21 1.49E-13 1.04E-12 1.78E-11 4.98E-07 1.33E-08 4.40E-23 1.09E-11 6.75E-19 3.13E-26 1.53E-13 2.99E-12 7.96E-07 6.98E-22 1.24E-10
  1.28E+06 2.00E-15 2.13E-01 8.75E-06 4.14E-21 1.44E-13 7.21E-13 9.65E-12 4.98E-07 1.29E-08 3.47E-23 7.74E-12 5.99E-19 4.33E-26 9.01E-14 1.28E-12 7.95E-07 5.97E-22 1.21E-10
  1.38E+06 3.06E-15 2.13E-01 5.52E-06 4.30E-21 1.39E-13 5.34E-13 5.17E-12 4.98E-07 1.25E-08 2.87E-23 5.70E-12 5.42E-19 6.07E-26 5.76E-14 5.72E-13 7.95E-07 5.27E-22 1.19E-10
  1.48E+06 4.81E-15 2.13E-01 4.79E-06 4.87E-21 1.45E-13 4.47E-13 2.81E-12 4.97E-07 1.21E-08 2.63E-23 4.53E-12 5.38E-19 8.65E-26 4.21E-14 2.74E-13 7.94E-07 5.13E-22 1.16E-10
  1.58E+06 7.91E-15 2.13E-01 4.21E-06 5.74E-21 1.55E-13 3.99E-13 1.53E-12 4.97E-07 1.17E-08 2.57E-23 3.81E-12 5.55E-19 1.27E-25 3.25E-14 1.41E-13 7.93E-07 5.26E-22 1.14E-10
  1.68E+06 1.44E-14 2.13E-01 4.02E-06 7.05E-21 1.71E-13 3.85E-13 8.25E-13 4.96E-07 1.12E-08 2.70E-23 3.42E-12 6.06E-19 2.05E-25 2.67E-14 7.90E-14 7.91E-07 5.82E-22 1.10E-10
  1.78E+06 3.12E-14 2.13E-01 4.03E-06 8.92E-21 1.90E-13 4.15E-13 5.03E-13 4.95E-07 1.05E-08 3.10E-23 3.33E-12 6.98E-19 3.80E-25 2.30E-14 5.28E-14 7.87E-07 7.04E-22 1.04E-10
  1.88E+06 7.85E-14 2.13E-01 4.05E-06 1.15E-20 2.13E-13 5.22E-13 4.91E-13 4.93E-07 9.56E-09 3.92E-23 3.56E-12 8.53E-19 8.03E-25 2.16E-14 4.84E-14 7.79E-07 9.37E-22 9.43E-11
  1.98E+06 1.96E-13 2.13E-01 4.08E-06 1.59E-20 2.51E-13 7.50E-13 7.45E-13 4.89E-07 8.60E-09 5.44E-23 4.15E-12 1.12E-18 1.68E-24 2.32E-14 5.95E-14 7.66E-07 1.37E-21 8.13E-11
  2.08E+06 4.38E-13 2.13E-01 4.12E-06 2.38E-20 3.12E-13 1.12E-12 1.27E-12 4.83E-07 7.84E-09 7.95E-23 5.03E-12 1.56E-18 3.17E-24 2.74E-14 8.22E-14 7.49E-07 2.11E-21 6.78E-11
  2.18E+06 8.81E-13 2.13E-01 4.16E-06 3.77E-20 4.04E-13 1.64E-12 2.13E-12 4.77E-07 7.34E-09 1.18E-22 6.14E-12 2.19E-18 5.46E-24 3.31E-14 1.13E-13 7.31E-07 3.30E-21 5.55E-11
  2.28E+06 1.65E-12 2.13E-01 4.21E-06 6.24E-20 5.40E-13 2.37E-12 3.43E-12 4.70E-07 7.06E-09 1.77E-22 7.49E-12 3.10E-18 8.92E-24 4.03E-14 1.51E-13 7.11E-07 5.22E-21 4.49E-11
  2.38E+06 2.95E-12 2.13E-01 4.25E-06 1.07E-19 7.38E-13 3.36E-12 5.34E-12 4.63E-07 6.92E-09 2.67E-22 9.14E-12 4.43E-18 1.41E-23 4.91E-14 1.96E-13 6.90E-07 8.35E-21 3.57E-11
  2.48E+06 5.10E-12 2.13E-01 4.31E-06 1.90E-19 1.03E-12 4.72E-12 8.03E-12 4.55E-07 6.90E-09 4.05E-22 1.11E-11 6.34E-18 2.17E-23 5.95E-14 2.45E-13 6.67E-07 1.34E-20 2.79E-11
  2.58E+06 8.61E-12 2.13E-01 4.36E-06 3.49E-19 1.45E-12 6.56E-12 1.17E-11 4.46E-07 6.95E-09 6.19E-22 1.35E-11 9.08E-18 3.30E-23 7.18E-14 2.99E-13 6.44E-07 2.18E-20 2.14E-11
  2.68E+06 1.42E-11 2.13E-01 4.42E-06 6.63E-19 2.08E-12 9.00E-12 1.65E-11 4.37E-07 7.04E-09 9.47E-22 1.63E-11 1.30E-17 4.93E-23 8.64E-14 3.52E-13 6.20E-07 3.53E-20 1.61E-11
  2.78E+06 2.30E-11 2.13E-01 4.48E-06 1.29E-18 2.99E-12 1.22E-11 2.24E-11 4.27E-07 7.17E-09 1.44E-21 1.94E-11 1.85E-17 7.25E-23 1.03E-13 4.04E-13 5.95E-07 5.70E-20 1.18E-11
  2.88E+06 3.65E-11 2.13E-01 4.54E-06 2.60E-18 4.28E-12 1.61E-11 2.92E-11 4.16E-07 7.31E-09 2.18E-21 2.27E-11 2.61E-17 1.05E-22 1.23E-13 4.51E-13 5.69E-07 9.13E-20 8.46E-12
  2.98E+06 5.70E-11 2.13E-01 4.60E-06 5.37E-18 6.08E-12 2.10E-11 3.64E-11 4.05E-07 7.46E-09 3.26E-21 2.62E-11 3.63E-17 1.51E-22 1.45E-13 4.92E-13 5.42E-07 1.45E-19 5.91E-12
  3.08E+06 8.82E-11 2.13E-01 4.67E-06 1.13E-17 8.52E-12 2.67E-11 4.34E-11 3.93E-07 7.62E-09 4.78E-21 2.98E-11 4.98E-17 2.13E-22 1.72E-13 5.29E-13 5.15E-07 2.27E-19 4.02E-12
  3.18E+06 1.35E-10 2.13E-01 4.73E-06 2.42E-17 1.17E-11 3.32E-11 4.98E-11 3.80E-07 7.81E-09 6.90E-21 3.33E-11 6.71E-17 2.97E-22 2.03E-13 5.62E-13 4.87E-07 3.52E-19 2.67E-12
  3.28E+06 2.06E-10 2.13E-01 4.80E-06 5.23E-17 1.59E-11 4.05E-11 5.48E-11 3.67E-07 8.01E-09 9.75E-21 3.67E-11 8.88E-17 4.08E-22 2.40E-13 5.91E-13 4.60E-07 5.42E-19 1.74E-12
  3.38E+06 3.14E-10 2.13E-01 4.87E-06 1.14E-16 2.11E-11 4.83E-11 5.82E-11 3.54E-07 8.24E-09 1.36E-20 4.00E-11 1.15E-16 5.52E-22 2.86E-13 6.19E-13 4.32E-07 8.31E-19 1.10E-12
  3.48E+06 4.75E-10 2.13E-01 4.93E-06 2.47E-16 2.75E-11 5.64E-11 5.97E-11 3.41E-07 8.47E-09 1.85E-20 4.30E-11 1.47E-16 7.34E-22 3.40E-13 6.42E-13 4.04E-07 1.26E-18 6.86E-13
  3.58E+06 7.18E-10 2.13E-01 5.00E-06 5.37E-16 3.56E-11 6.46E-11 5.94E-11 3.27E-07 8.70E-09 2.48E-20 4.57E-11 1.85E-16 9.60E-22 4.05E-13 6.61E-13 3.77E-07 1.91E-18 4.18E-13
  3.68E+06 1.08E-09 2.13E-01 5.06E-06 1.16E-15 4.56E-11 7.29E-11 5.74E-11 3.14E-07 8.91E-09 3.29E-20 4.80E-11 2.30E-16 1.24E-21 4.83E-13 6.75E-13 3.51E-07 2.86E-18 2.50E-13
  3.78E+06 1.63E-09 2.13E-01 5.12E-06 2.52E-15 5.83E-11 8.11E-11 5.42E-11 3.01E-07 9.10E-09 4.32E-20 4.97E-11 2.83E-16 1.58E-21 5.78E-13 6.84E-13 3.25E-07 4.26E-18 1.47E-13
  3.88E+06 2.45E-09 2.13E-01 5.18E-06 5.46E-15 7.44E-11 8.92E-11 5.04E-11 2.88E-07 9.26E-09 5.64E-20 5.10E-11 3.47E-16 2.00E-21 6.93E-13 6.90E-13 3.01E-07 6.33E-18 8.42E-14
  3.98E+06 3.69E-09 2.13E-01 5.24E-06 1.19E-14 9.51E-11 9.75E-11 4.62E-11 2.76E-07 9.38E-09 7.34E-20 5.18E-11 4.24E-16 2.53E-21 8.37E-13 6.95E-13 2.77E-07 9.37E-18 4.73E-14
  4.08E+06 5.57E-09 2.13E-01 5.29E-06 2.59E-14 1.21E-10 1.06E-10 4.22E-11 2.64E-07 9.48E-09 9.52E-20 5.20E-11 5.17E-16 3.18E-21 1.02E-12 7.04E-13 2.54E-07 1.39E-17 2.59E-14
  4.18E+06 8.42E-09 2.13E-01 5.34E-06 5.62E-14 1.54E-10 1.16E-10 3.87E-11 2.54E-07 9.57E-09 1.22E-19 5.14E-11 6.27E-16 3.97E-21 1.24E-12 7.19E-13 2.33E-07 2.03E-17 1.39E-14
  4.28E+06 1.26E-08 2.13E-01 5.39E-06 1.20E-13 1.93E-10 1.26E-10 3.60E-11 2.46E-07 9.67E-09 1.55E-19 5.00E-11 7.53E-16 4.92E-21 1.50E-12 7.44E-13 2.14E-07 2.94E-17 7.35E-15
  4.38E+06 1.87E-08 2.13E-01 5.42E-06 2.45E-13 2.37E-10 1.37E-10 3.39E-11 2.39E-07 9.79E-09 1.92E-19 4.76E-11 8.86E-16 5.98E-21 1.81E-12 7.79E-13 1.96E-07 4.11E-17 3.84E-15
  4.48E+06 2.71E-08 2.13E-01 5.46E-06 4.79E-13 2.83E-10 1.50E-10 3.23E-11 2.34E-07 9.96E-09 2.30E-19 4.43E-11 1.02E-15 7.09E-21 2.14E-12 8.25E-13 1.80E-07 5.60E-17 1.99E-15
  4.58E+06 3.79E-08 2.13E-01 5.48E-06 8.79E-13 3.28E-10 1.62E-10 3.12E-11 2.32E-07 1.02E-08 2.66E-19 4.05E-11 1.14E-15 8.16E-21 2.48E-12 8.77E-13 1.66E-07 7.28E-17 1.04E-15
  4.68E+06 5.15E-08 2.13E-01 5.50E-06 1.52E-12 3.70E-10 1.75E-10 3.00E-11 2.33E-07 1.05E-08 2.98E-19 3.65E-11 1.24E-15 9.12E-21 2.84E-12 9.34E-13 1.54E-07 9.20E-17 5.56E-16
  4.78E+06 6.78E-08 2.13E-01 5.51E-06 2.50E-12 4.09E-10 1.86E-10 2.90E-11 2.36E-07 1.10E-08 3.23E-19 3.25E-11 1.33E-15 9.94E-21 3.18E-12 9.92E-13 1.43E-07 1.12E-16 3.03E-16
  4.88E+06 8.70E-08 2.13E-01 5.52E-06 3.92E-12 4.43E-10 1.97E-10 2.79E-11 2.42E-07 1.16E-08 3.44E-19 2.88E-11 1.40E-15 1.06E-20 3.52E-12 1.05E-12 1.34E-07 1.34E-16 1.70E-16
  4.98E+06 1.09E-07 2.13E-01 5.52E-06 5.93E-12 4.73E-10 2.08E-10 2.68E-11 2.51E-07 1.25E-08 3.59E-19 2.55E-11 1.46E-15 1.12E-20 3.85E-12 1.11E-12 1.26E-07 1.55E-16 9.84E-17
  5.08E+06 1.35E-07 2.13E-01 5.52E-06 8.71E-12 5.01E-10 2.17E-10 2.56E-11 2.63E-07 1.36E-08 3.70E-19 2.26E-11 1.50E-15 1.17E-20 4.18E-12 1.17E-12 1.19E-07 1.77E-16 5.90E-17
  5.18E+06 1.64E-07 2.13E-01 5.51E-06 1.25E-11 5.26E-10 2.26E-10 2.45E-11 2.78E-07 1.52E-08 3.78E-19 2.01E-11 1.54E-15 1.21E-20 4.52E-12 1.23E-12 1.14E-07 2.00E-16 3.66E-17
  5.28E+06 1.97E-07 2.13E-01 5.49E-06 1.76E-11 5.49E-10 2.34E-10 2.34E-11 2.96E-07 1.74E-08 3.82E-19 1.79E-11 1.58E-15 1.25E-20 4.85E-12 1.29E-12 1.09E-07 2.22E-16 2.36E-17
  5.38E+06 2.34E-07 2.12E-01 5.47E-06 2.45E-11 5.71E-10 2.42E-10 2.24E-11 3.17E-07 2.03E-08 3.84E-19 1.59E-11 1.61E-15 1.29E-20 5.20E-12 1.34E-12 1.04E-07 2.45E-16 1.58E-17
  5.48E+06 2.77E-07 2.12E-01 5.45E-06 3.37E-11 5.93E-10 2.50E-10 2.14E-11 3.42E-07 2.41E-08 3.83E-19 1.43E-11 1.64E-15 1.33E-20 5.53E-12 1.40E-12 1.01E-07 2.66E-16 1.10E-17
  5.58E+06 3.26E-07 2.12E-01 5.42E-06 4.60E-11 6.14E-10 2.58E-10 2.05E-11 3.69E-07 2.92E-08 3.83E-19 1.28E-11 1.67E-15 1.36E-20 5.90E-12 1.46E-12 9.74E-08 2.88E-16 7.87E-18
  5.68E+06 3.81E-07 2.12E-01 5.38E-06 6.24E-11 6.35E-10 2.65E-10 1.97E-11 4.00E-07 3.57E-08 3.79E-19 1.15E-11 1.69E-15 1.40E-20 6.27E-12 1.53E-12 9.45E-08 3.09E-16 5.86E-18
  5.78E+06 4.45E-07 2.12E-01 5.34E-06 8.43E-11 6.57E-10 2.73E-10 1.89E-11 4.34E-07 4.42E-08 3.76E-19 1.04E-11 1.72E-15 1.44E-20 6.65E-12 1.59E-12 9.20E-08 3.31E-16 4.51E-18
  5.88E+06 5.17E-07 2.12E-01 5.30E-06 1.14E-10 6.80E-10 2.82E-10 1.82E-11 4.72E-07 5.49E-08 3.72E-19 9.45E-12 1.74E-15 1.48E-20 7.04E-12 1.65E-12 8.97E-08 3.52E-16 3.58E-18
  5.98E+06 5.99E-07 2.12E-01 5.25E-06 1.53E-10 7.04E-10 2.91E-10 1.77E-11 5.13E-07 6.83E-08 3.66E-19 8.60E-12 1.76E-15 1.52E-20 7.42E-12 1.71E-12 8.75E-08 3.70E-16 2.94E-18
  6.08E+06 6.93E-07 2.12E-01 5.20E-06 2.06E-10 7.30E-10 3.01E-10 1.72E-11 5.57E-07 8.48E-08 3.60E-19 7.83E-12 1.79E-15 1.56E-20 7.80E-12 1.78E-12 8.56E-08 3.89E-16 2.47E-18
  6.18E+06 7.99E-07 2.12E-01 5.14E-06 2.78E-10 7.59E-10 3.12E-10 1.68E-11 6.05E-07 1.05E-07 3.54E-19 7.14E-12 1.80E-15 1.59E-20 8.18E-12 1.83E-12 8.37E-08 4.07E-16 2.14E-18
  6.28E+06 9.20E-07 2.12E-01 5.08E-06 3.75E-10 7.89E-10 3.24E-10 1.65E-11 6.57E-07 1.29E-07 3.47E-19 6.52E-12 1.82E-15 1.63E-20 8.53E-12 1.89E-12 8.19E-08 4.23E-16 1.89E-18
  6.38E+06 1.06E-06 2.12E-01 5.02E-06 5.07E-10 8.22E-10 3.37E-10 1.62E-11 7.13E-07 1.59E-07 3.39E-19 5.95E-12 1.82E-15 1.66E-20 8.85E-12 1.93E-12 8.01E-08 4.38E-16 1.71E-18
  6.48E+06 1.22E-06 2.12E-01 4.95E-06 6.87E-10 8.58E-10 3.52E-10 1.60E-11 7.74E-07 1.93E-07 3.32E-19 5.43E-12 1.82E-15 1.68E-20 9.11E-12 1.96E-12 7.83E-08 4.52E-16 1.58E-18
  6.58E+06 1.40E-06 2.12E-01 4.87E-06 9.38E-10 8.97E-10 3.68E-10 1.58E-11 8.38E-07 2.34E-07 3.25E-19 4.94E-12 1.81E-15 1.70E-20 9.30E-12 1.97E-12 7.65E-08 4.64E-16 1.48E-18
  6.68E+06 1.61E-06 2.12E-01 4.79E-06 1.28E-09 9.40E-10 3.86E-10 1.57E-11 9.08E-07 2.82E-07 3.19E-19 4.49E-12 1.79E-15 1.72E-20 9.39E-12 1.97E-12 7.47E-08 4.74E-16 1.41E-18
  6.78E+06 1.85E-06 2.12E-01 4.70E-06 1.77E-09 9.88E-10 4.05E-10 1.57E-11 9.82E-07 3.37E-07 3.15E-19 4.10E-12 1.76E-15 1.73E-20 9.39E-12 1.95E-12 7.27E-08 4.79E-16 1.35E-18
  6.88E+06 2.13E-06 2.12E-01 4.61E-06 2.45E-09 1.04E-09 4.28E-10 1.58E-11 1.06E-06 4.00E-07 3.20E-19 3.78E-12 1.75E-15 1.74E-20 9.41E-12 1.96E-12 7.07E-08 4.87E-16 1.32E-18
  6.98E+06 2.44E-06 2.12E-01 4.51E-06 3.42E-09 1.11E-09 4.56E-10 1.63E-11 1.15E-06 4.73E-07 3.47E-19 3.62E-12 1.81E-15 1.73E-20 9.75E-12 2.08E-12 6.87E-08 5.04E-16 1.30E-18
  7.08E+06 2.77E-06 2.12E-01 4.40E-06 4.83E-09 1.20E-09 4.96E-10 1.75E-11 1.24E-06 5.55E-07 4.33E-19 3.75E-12 2.04E-15 1.69E-20 1.10E-11 2.42E-12 6.64E-08 5.61E-16 1.29E-18
  7.18E+06 3.09E-06 2.12E-01 4.28E-06 6.96E-09 1.34E-09 5.58E-10 1.99E-11 1.34E-06 6.49E-07 6.52E-19 4.38E-12 2.58E-15 1.61E-20 1.38E-11 3.18E-12 6.41E-08 7.26E-16 1.28E-18
  7.28E+06 3.37E-06 2.12E-01 4.16E-06 1.02E-08 1.54E-09 6.52E-10 2.42E-11 1.45E-06 7.57E-07 1.14E-18 5.86E-12 3.62E-15 1.49E-20 1.92E-11 4.59E-12 6.15E-08 1.13E-15 1.29E-18
  7.38E+06 3.62E-06 2.12E-01 4.02E-06 1.54E-08 1.84E-09 7.92E-10 3.12E-11 1.57E-06 8.81E-07 2.11E-18 8.64E-12 5.40E-15 1.35E-20 2.76E-11 6.83E-12 5.87E-08 1.99E-15 1.30E-18
  7.48E+06 3.90E-06 2.12E-01 3.87E-06 2.37E-08 2.24E-09 9.78E-10 4.09E-11 1.69E-06 1.02E-06 3.89E-18 1.31E-11 8.02E-15 1.21E-20 3.86E-11 9.89E-12 5.58E-08 3.60E-15 1.33E-18
  7.58E+06 4.28E-06 2.12E-01 3.70E-06 3.73E-08 2.72E-09 1.20E-09 5.29E-11 1.83E-06 1.19E-06 6.91E-18 1.96E-11 1.14E-14 1.08E-20 5.09E-11 1.35E-11 5.26E-08 6.26E-15 1.35E-18
  7.68E+06 4.84E-06 2.12E-01 3.51E-06 5.95E-08 3.28E-09 1.45E-09 6.62E-11 1.98E-06 1.39E-06 1.16E-17 2.81E-11 1.53E-14 9.94E-21 6.22E-11 1.69E-11 4.91E-08 1.00E-14 1.38E-18
  7.78E+06 5.65E-06 2.11E-01 3.30E-06 9.69E-08 3.90E-09 1.73E-09 7.87E-11 2.14E-06 1.62E-06 1.85E-17 3.83E-11 1.91E-14 9.28E-21 7.01E-11 1.93E-11 4.55E-08 1.47E-14 1.40E-18
  7.88E+06 6.97E-06 2.11E-01 3.07E-06 1.63E-07 4.54E-09 1.99E-09 8.56E-11 2.31E-06 1.88E-06 2.80E-17 4.87E-11 2.14E-14 8.90E-21 7.25E-11 1.98E-11 4.17E-08 1.91E-14 1.39E-18
  7.98E+06 9.99E-06 2.11E-01 2.81E-06 2.84E-07 4.81E-09 2.06E-09 7.66E-11 2.46E-06 2.20E-06 4.01E-17 5.71E-11 2.15E-14 9.53E-21 6.88E-11 1.75E-11 3.78E-08 2.03E-14 1.35E-18
  8.08E+06 1.95E-05 2.11E-01 2.53E-06 4.93E-07 3.93E-09 1.56E-09 4.80E-11 2.59E-06 2.57E-06 5.57E-17 5.79E-11 1.85E-14 1.28E-20 6.14E-11 1.27E-11 3.38E-08 1.49E-14 1.26E-18
  8.18E+06 4.78E-05 2.11E-01 2.23E-06 7.89E-07 2.60E-09 8.71E-10 2.12E-11 2.69E-06 2.99E-06 7.59E-17 4.62E-11 1.38E-14 2.02E-20 5.36E-11 7.67E-12 2.98E-08 8.16E-15 1.16E-18
  8.28E+06 1.18E-04 2.10E-01 1.94E-06 1.13E-06 1.70E-09 4.32E-10 7.56E-12 2.75E-06 3.47E-06 9.76E-17 2.97E-11 9.73E-15 3.26E-20 4.74E-11 4.05E-12 2.60E-08 4.14E-15 1.04E-18
  8.38E+06 2.70E-04 2.10E-01 1.65E-06 1.49E-06 1.19E-09 2.11E-10 2.36E-12 2.78E-06 4.00E-06 1.17E-16 1.72E-11 6.99E-15 5.01E-20 4.28E-11 1.98E-12 2.24E-08 2.16E-15 9.16E-19
  8.48E+06 5.64E-04 2.09E-01 1.39E-06 1.83E-06 8.77E-10 1.04E-10 6.66E-13 2.81E-06 4.58E-06 1.32E-16 9.69E-12 5.38E-15 7.18E-20 3.92E-11 9.15E-13 1.89E-08 1.19E-15 7.90E-19
  8.58E+06 1.09E-03 2.09E-01 1.14E-06 2.13E-06 6.69E-10 5.34E-11 1.70E-13 2.82E-06 5.22E-06 1.41E-16 5.60E-12 4.58E-15 9.62E-20 3.65E-11 4.09E-13 1.58E-08 6.86E-16 6.64E-19
  8.68E+06 1.95E-03 2.08E-01 9.28E-07 2.40E-06 5.19E-10 2.82E-11 3.94E-14 2.83E-06 5.90E-06 1.43E-16 3.36E-12 4.27E-15 1.21E-19 3.43E-11 1.79E-13 1.30E-08 4.13E-16 5.43E-19
  8.78E+06 3.27E-03 2.06E-01 7.42E-07 2.63E-06 4.05E-10 1.55E-11 8.27E-15 2.83E-06 6.62E-06 1.37E-16 2.10E-12 4.21E-15 1.44E-19 3.25E-11 7.76E-14 1.06E-08 2.59E-16 4.31E-19
  8.88E+06 5.18E-03 2.04E-01 5.85E-07 2.81E-06 3.15E-10 8.83E-12 1.60E-15 2.83E-06 7.37E-06 1.25E-16 1.36E-12 4.20E-15 1.61E-19 3.09E-11 3.37E-14 8.47E-09 1.69E-16 3.32E-19
  8.98E+06 7.81E-03 2.02E-01 4.54E-07 2.96E-06 2.44E-10 5.20E-12 2.95E-16 2.83E-06 8.14E-06 1.09E-16 9.19E-13 4.17E-15 1.71E-19 2.95E-11 1.48E-14 6.71E-09 1.14E-16 2.50E-19
  9.08E+06 1.12E-02 1.99E-01 3.48E-07 3.09E-06 1.88E-10 3.17E-12 5.64E-17 2.83E-06 8.92E-06 9.24E-17 6.50E-13 4.12E-15 1.75E-19 2.81E-11 6.68E-15 5.25E-09 7.85E-17 1.84E-19
  9.18E+06 1.55E-02 1.96E-01 2.65E-07 3.19E-06 1.44E-10 1.99E-12 1.23E-17 2.83E-06 9.70E-06 7.64E-17 4.72E-13 3.96E-15 1.72E-19 2.68E-11 3.11E-15 4.08E-09 5.59E-17 1.33E-19
  9.28E+06 2.07E-02 1.91E-01 1.99E-07 3.27E-06 1.09E-10 1.28E-12 3.24E-18 2.82E-06 1.04E-05 6.24E-17 3.53E-13 3.74E-15 1.64E-19 2.54E-11 1.50E-15 3.15E-09 4.08E-17 9.58E-20
  9.38E+06 2.67E-02 1.87E-01 1.50E-07 3.33E-06 8.24E-11 8.43E-13 1.03E-18 2.82E-06 1.11E-05 5.09E-17 2.75E-13 3.57E-15 1.56E-19 2.40E-11 7.55E-16 2.43E-09 3.06E-17 6.91E-20
  9.48E+06 3.35E-02 1.81E-01 1.12E-07 3.38E-06 6.16E-11 5.68E-13 3.72E-19 2.81E-06 1.18E-05 4.20E-17 2.20E-13 3.49E-15 1.53E-19 2.25E-11 3.93E-16 1.88E-09 2.36E-17 5.03E-20
  9.58E+06 4.11E-02 1.76E-01 8.50E-08 3.43E-06 4.57E-11 3.90E-13 1.46E-19 2.81E-06 1.23E-05 3.53E-17 1.83E-13 3.66E-15 1.61E-19 2.10E-11 2.11E-16 1.48E-09 1.90E-17 3.72E-20
  9.68E+06 4.91E-02 1.70E-01 6.55E-08 3.47E-06 3.36E-11 2.73E-13 6.07E-20 2.80E-06 1.27E-05 3.09E-17 1.59E-13 4.40E-15 1.95E-19 1.95E-11 1.16E-16 1.19E-09 1.60E-17 2.83E-20
  9.78E+06 5.74E-02 1.64E-01 5.24E-08 3.50E-06 2.46E-11 1.94E-13 2.66E-20 2.80E-06 1.31E-05 2.87E-17 1.49E-13 6.52E-15 2.88E-19 1.80E-11 6.64E-17 1.00E-09 1.45E-17 2.24E-20
  9.88E+06 6.55E-02 1.58E-01 4.48E-08 3.53E-06 1.79E-11 1.42E-13 1.24E-20 2.79E-06 1.33E-05 2.93E-17 1.54E-13 1.33E-14 5.66E-19 1.66E-11 4.03E-17 9.04E-10 1.46E-17 1.87E-20
  9.98E+06 7.25E-02 1.53E-01 4.25E-08 3.54E-06 1.30E-11 1.06E-13 7.03E-21 2.78E-06 1.34E-05 3.61E-17 1.97E-13 4.84E-14 2.43E-18 1.51E-11 2.87E-17 8.89E-10 1.85E-17 1.70E-20

 TP, TL
           2.24E+15 2.41E+15 2.77E+10 2.99E+12 3.64E+12 2.53E+12 2.93E+10 3.61E+10 8.38E+10 4.72E+10 8.37E+10 6.37E+10 1.08E+08 1.22E+11 6.78E+10 3.85E+01 8.14E+10 7.52E-04
           2.24E+15 2.41E+15 2.17E+10 2.99E+12 3.64E+12 2.53E+12 2.80E+10 5.02E+10 7.14E+10 4.72E+10 8.29E+10 6.37E+10 1.08E+08 1.22E+11 6.78E+10 7.67E+10 8.14E+10 9.00E+08

     Z        NO       NO2      HNO      H2S      HS       S        SO       SO2      H2SO4    HSO      S2       S4       S8       SO3      OCS      S3       O3       HNO3    
  2.50E+04 1.64E-12 4.52E-12 2.44E-14 7.79E-12 2.56E-15 7.59E-28 1.63E-19 9.99E-11 2.46E-11 1.23E-13 7.64E-18 7.45E-26 2.49E-32 1.96E-19 3.37E-10 3.20E-37 1.59E-08 3.70E-11
  7.50E+04 1.88E-12 4.58E-12 1.94E-14 5.47E-12 1.84E-15 6.73E-28 1.43E-19 1.25E-10 1.86E-11 8.81E-14 7.39E-18 6.22E-26 2.49E-32 1.37E-19 3.37E-10 2.41E-37 1.62E-08 4.07E-11
  1.25E+05 2.18E-12 4.76E-12 1.43E-14 3.81E-12 1.23E-15 6.44E-28 1.18E-19 1.29E-10 1.51E-11 5.82E-14 7.10E-18 5.12E-26 2.49E-32 1.04E-19 3.37E-10 1.95E-37 1.69E-08 4.54E-11
  1.75E+05 2.54E-12 5.05E-12 1.04E-14 2.62E-12 8.12E-16 6.62E-28 9.68E-20 1.19E-10 1.29E-11 3.80E-14 6.85E-18 4.25E-26 2.49E-32 8.33E-20 3.37E-10 1.71E-37 1.79E-08 5.14E-11
  2.75E+05 3.44E-12 5.90E-12 5.42E-15 1.20E-12 3.50E-16 7.61E-28 6.54E-20 8.96E-11 9.92E-12 1.61E-14 6.50E-18 3.05E-26 2.49E-32 5.72E-20 3.36E-10 1.45E-37 2.06E-08 6.64E-11
  3.75E+05 4.72E-12 7.08E-12 2.86E-15 5.40E-13 1.51E-16 8.97E-28 4.54E-20 6.49E-11 7.62E-12 6.78E-15 6.31E-18 2.28E-26 2.49E-32 4.62E-20 3.36E-10 1.29E-37 2.40E-08 8.21E-11
  4.75E+05 6.53E-12 8.42E-12 1.56E-15 2.48E-13 6.70E-17 1.05E-27 3.40E-20 4.70E-11 5.73E-12 2.92E-15 6.16E-18 1.73E-26 2.49E-32 4.36E-20 3.36E-10 1.15E-37 2.80E-08 9.61E-11
  5.75E+05 8.71E-12 9.47E-12 9.24E-16 1.19E-13 3.33E-17 1.22E-27 2.86E-20 3.48E-11 4.24E-12 1.41E-15 5.99E-18 1.30E-26 2.49E-32 5.30E-20 3.36E-10 1.02E-37 3.23E-08 1.07E-10
  6.75E+05 1.07E-11 9.51E-12 5.74E-16 6.06E-14 1.89E-17 1.40E-27 2.65E-20 2.65E-11 3.09E-12 7.72E-16 5.79E-18 9.67E-27 2.49E-32 7.90E-20 3.36E-10 8.92E-38 3.68E-08 1.14E-10
  7.75E+05 1.28E-11 9.15E-12 3.75E-16 3.29E-14 1.15E-17 1.60E-27 2.68E-20 2.09E-11 2.23E-12 4.53E-16 5.57E-18 7.13E-27 2.49E-32 1.32E-19 3.35E-10 7.72E-38 4.16E-08 1.19E-10
  8.75E+05 1.69E-11 9.58E-12 2.64E-16 1.85E-14 6.87E-18 1.82E-27 2.98E-20 1.68E-11 1.63E-12 2.60E-16 5.36E-18 5.24E-27 2.49E-32 2.53E-19 3.35E-10 6.65E-38 4.70E-08 1.24E-10
  9.75E+05 2.49E-11 1.11E-11 1.98E-16 1.05E-14 4.02E-18 2.08E-27 3.57E-20 1.36E-11 1.21E-12 1.44E-16 5.17E-18 3.84E-27 2.49E-32 5.10E-19 3.35E-10 5.72E-38 5.33E-08 1.30E-10
  1.08E+06 3.72E-11 1.32E-11 1.51E-16 5.93E-15 2.36E-18 2.39E-27 4.29E-20 1.10E-11 8.90E-13 7.99E-17 5.03E-18 2.83E-27 2.49E-32 9.55E-19 3.35E-10 4.93E-38 6.13E-08 1.36E-10
  1.18E+06 5.34E-11 1.58E-11 1.13E-16 3.33E-15 1.43E-18 2.77E-27 4.98E-20 9.03E-12 6.35E-13 4.59E-17 4.97E-18 2.12E-27 2.49E-32 1.52E-18 3.34E-10 4.30E-38 7.14E-08 1.45E-10
  1.28E+06 7.28E-11 1.87E-11 8.42E-17 1.90E-15 9.16E-19 3.26E-27 5.56E-20 7.48E-12 4.41E-13 2.81E-17 5.00E-18 1.62E-27 2.49E-32 2.28E-18 3.34E-10 3.82E-38 8.41E-08 1.55E-10
  1.38E+06 9.49E-11 2.20E-11 6.42E-17 1.12E-15 6.26E-19 3.95E-27 6.11E-20 6.32E-12 3.07E-13 1.86E-17 5.11E-18 1.26E-27 2.49E-32 3.47E-18 3.33E-10 3.51E-38 1.00E-07 1.67E-10
  1.48E+06 1.20E-10 2.57E-11 5.33E-17 6.70E-16 4.83E-19 5.08E-27 6.97E-20 5.42E-12 2.23E-13 1.39E-17 5.31E-18 1.00E-27 2.49E-32 3.37E-18 3.32E-10 3.45E-38 1.20E-07 1.84E-10
  1.58E+06 1.51E-10 3.15E-11 4.59E-17 3.97E-16 3.87E-19 7.44E-27 8.09E-20 4.66E-12 1.66E-13 1.10E-17 5.61E-18 8.23E-28 2.49E-32 3.73E-18 3.31E-10 3.90E-38 1.48E-07 2.12E-10
  1.68E+06 1.94E-10 4.38E-11 4.13E-17 2.13E-16 3.16E-19 1.30E-26 9.64E-20 3.91E-12 1.22E-13 8.92E-18 6.02E-18 6.87E-28 2.49E-32 3.77E-18 3.28E-10 5.27E-38 1.99E-07 2.69E-10
  1.78E+06 2.60E-10 7.60E-11 3.84E-17 9.10E-17 2.54E-19 2.56E-26 1.19E-19 3.12E-12 8.48E-14 7.34E-18 6.28E-18 5.33E-28 2.49E-32 3.83E-18 3.23E-10 7.73E-38 3.05E-07 4.06E-10
  1.88E+06 3.52E-10 1.58E-10 3.64E-17 2.85E-17 2.04E-19 5.28E-26 1.56E-19 2.42E-12 5.64E-14 6.17E-18 5.32E-18 2.71E-28 2.48E-32 4.61E-18 3.13E-10 9.52E-38 5.28E-07 7.21E-10
  1.98E+06 4.56E-10 3.13E-10 3.57E-17 7.50E-18 1.79E-19 1.12E-25 2.39E-19 2.11E-12 4.35E-14 5.65E-18 2.87E-18 5.55E-29 2.48E-32 6.88E-18 2.95E-10 7.64E-38 8.97E-07 1.27E-09
  2.08E+06 5.62E-10 5.31E-10 3.61E-17 2.64E-18 1.72E-19 2.41E-25 4.28E-19 2.31E-12 4.50E-14 5.60E-18 9.10E-19 3.95E-30 2.48E-32 1.32E-17 2.73E-10 3.70E-38 1.37E-06 1.96E-09
  2.18E+06 6.82E-10 7.98E-10 3.70E-17 1.79E-18 1.73E-19 5.12E-25 8.35E-19 2.96E-12 5.73E-14 5.73E-18 1.75E-19 1.04E-31 2.48E-32 2.96E-17 2.48E-10 1.08E-38 1.90E-06 2.70E-09
  2.28E+06 8.26E-10 1.12E-09 3.80E-17 1.71E-18 1.75E-19 1.05E-24 1.70E-18 4.00E-12 7.93E-14 5.90E-18 2.06E-20 1.04E-33 2.47E-32 6.96E-17 2.21E-10 1.86E-39 2.47E-06 3.41E-09
  2.38E+06 1.01E-09 1.50E-09 3.90E-17 1.71E-18 1.77E-19 2.05E-24 3.52E-18 5.35E-12 1.12E-13 6.05E-18 1.47E-21 3.77E-36 2.47E-32 1.64E-16 1.93E-10 1.86E-40 3.06E-06 4.04E-09
  2.48E+06 1.24E-09 1.98E-09 3.96E-17 1.65E-18 1.77E-19 3.81E-24 7.20E-18 6.93E-12 1.56E-13 6.11E-18 6.15E-23 4.77E-39 2.46E-32 3.81E-16 1.64E-10 1.04E-41 3.67E-06 4.56E-09
  2.58E+06 1.54E-09 2.55E-09 3.93E-17 1.52E-18 1.74E-19 6.67E-24 1.43E-17 8.62E-12 2.14E-13 6.06E-18 1.63E-24 5.70E-42 2.46E-32 8.64E-16 1.36E-10 3.47E-43 4.28E-06 4.92E-09
  2.68E+06 1.91E-09 3.23E-09 3.77E-17 1.33E-18 1.67E-19 1.10E-23 2.71E-17 1.02E-11 2.91E-13 5.85E-18 1.64E-25 3.99E-42 2.46E-32 1.88E-15 1.09E-10 4.18E-44 4.87E-06 5.09E-09
  2.78E+06 2.38E-09 4.00E-09 3.45E-17 1.10E-18 1.54E-19 1.69E-23 4.86E-17 1.16E-11 4.06E-13 5.43E-18 1.28E-25 4.80E-42 2.45E-32 3.88E-15 8.41E-11 3.62E-44 5.43E-06 5.07E-09
  2.88E+06 2.94E-09 4.82E-09 2.96E-17 8.54E-19 1.36E-19 2.41E-23 8.17E-17 1.25E-11 6.04E-13 4.82E-18 9.92E-26 5.80E-42 2.44E-32 7.51E-15 6.18E-11 2.93E-44 5.94E-06 4.86E-09
  2.98E+06 3.61E-09 5.65E-09 2.36E-17 6.20E-19 1.14E-19 3.18E-23 1.28E-16 1.28E-11 1.03E-12 4.04E-18 6.71E-26 7.02E-42 2.44E-32 1.35E-14 4.30E-11 1.90E-44 6.38E-06 4.49E-09
  3.08E+06 4.36E-09 6.42E-09 1.73E-17 4.19E-19 9.00E-20 3.83E-23 1.87E-16 1.25E-11 2.14E-12 3.19E-18 3.90E-26 8.52E-42 2.43E-32 2.30E-14 2.81E-11 9.74E-45 6.74E-06 4.01E-09
  3.18E+06 5.20E-09 7.08E-09 1.15E-17 2.63E-19 6.61E-20 4.20E-23 2.53E-16 1.17E-11 5.27E-12 2.34E-18 1.92E-26 1.04E-41 2.43E-32 3.72E-14 1.72E-11 3.86E-45 7.02E-06 3.46E-09
  3.28E+06 6.10E-09 7.59E-09 7.03E-18 1.52E-19 4.50E-20 4.15E-23 3.20E-16 1.05E-11 1.23E-11 1.58E-18 7.96E-27 1.26E-41 2.42E-32 5.86E-14 9.71E-12 1.16E-45 7.20E-06 2.89E-09
  3.38E+06 7.04E-09 7.91E-09 4.06E-18 8.07E-20 2.81E-20 3.69E-23 3.81E-16 9.21E-12 1.82E-11 9.88E-19 2.73E-27 1.54E-41 2.41E-32 9.06E-14 5.05E-12 2.59E-46 7.28E-06 2.33E-09
  3.48E+06 8.00E-09 8.01E-09 2.46E-18 3.89E-20 1.60E-20 2.92E-23 4.42E-16 8.08E-12 2.20E-11 5.59E-19 7.65E-28 1.87E-41 2.40E-32 1.35E-13 2.39E-12 4.22E-47 7.29E-06 1.84E-09
  3.58E+06 8.95E-09 7.90E-09 1.89E-18 1.69E-20 8.29E-21 2.06E-23 5.16E-16 7.34E-12 2.40E-11 2.86E-19 1.73E-28 2.28E-41 2.39E-32 1.96E-13 1.03E-12 4.96E-48 7.23E-06 1.42E-09
  3.68E+06 9.87E-09 7.57E-09 2.00E-18 6.60E-21 3.85E-21 1.30E-23 6.27E-16 7.08E-12 2.48E-11 1.31E-19 3.17E-29 2.77E-41 2.38E-32 2.72E-13 4.00E-13 4.26E-49 7.13E-06 1.07E-09
  3.78E+06 1.08E-08 7.06E-09 2.57E-18 2.30E-21 1.60E-21 7.78E-24 8.03E-16 7.32E-12 2.47E-11 5.37E-20 4.92E-30 3.37E-41 2.37E-32 3.51E-13 1.40E-13 2.93E-50 7.00E-06 8.00E-10
  3.88E+06 1.16E-08 6.39E-09 3.50E-18 7.16E-22 5.95E-22 5.11E-24 1.06E-15 7.96E-12 2.41E-11 1.94E-20 7.47E-31 4.08E-41 2.36E-32 4.18E-13 4.40E-14 2.18E-51 6.83E-06 5.90E-10
  3.98E+06 1.24E-08 5.61E-09 4.79E-18 1.98E-22 1.96E-22 4.73E-24 1.42E-15 8.87E-12 2.31E-11 6.16E-21 1.42E-31 4.94E-41 2.35E-32 4.60E-13 1.24E-14 2.87E-52 6.63E-06 4.27E-10
  4.08E+06 1.31E-08 4.74E-09 6.49E-18 4.85E-23 5.70E-23 6.31E-24 1.88E-15 9.92E-12 2.21E-11 1.70E-21 3.48E-32 5.98E-41 2.34E-32 4.78E-13 3.13E-15 7.03E-53 6.38E-06 3.03E-10
  4.18E+06 1.37E-08 3.85E-09 8.63E-18 1.06E-23 1.46E-23 9.79E-24 2.45E-15 1.10E-11 2.10E-11 4.02E-22 8.78E-33 7.22E-41 2.33E-32 4.75E-13 7.06E-16 2.07E-53 6.08E-06 2.08E-10
  4.28E+06 1.41E-08 3.00E-09 1.11E-17 2.08E-24 3.32E-24 1.54E-23 3.11E-15 1.21E-11 1.99E-11 8.41E-23 2.01E-33 8.70E-41 2.31E-32 4.57E-13 1.43E-16 5.63E-54 5.72E-06 1.38E-10
  4.38E+06 1.43E-08 2.24E-09 1.39E-17 4.15E-25 7.67E-25 2.38E-23 3.90E-15 1.31E-11 1.89E-11 2.04E-23 4.06E-34 1.05E-40 2.30E-32 4.31E-13 2.60E-17 1.34E-54 5.33E-06 8.70E-11
  4.48E+06 1.43E-08 1.62E-09 1.65E-17 1.39E-25 3.07E-25 3.57E-23 4.82E-15 1.40E-11 1.79E-11 1.30E-23 7.34E-35 1.25E-40 2.29E-32 3.98E-13 4.28E-18 2.78E-55 4.90E-06 5.27E-11
  4.58E+06 1.41E-08 1.14E-09 1.88E-17 1.12E-25 2.86E-25 5.29E-23 5.94E-15 1.49E-11 1.71E-11 1.72E-23 1.22E-35 1.49E-40 2.27E-32 3.64E-13 6.48E-19 5.25E-56 4.46E-06 3.09E-11
  4.68E+06 1.37E-08 7.99E-10 2.05E-17 1.20E-25 3.44E-25 7.67E-23 7.25E-15 1.57E-11 1.63E-11 2.46E-23 1.90E-36 1.76E-40 2.25E-32 3.28E-13 9.16E-20 9.15E-57 4.04E-06 1.76E-11
  4.78E+06 1.31E-08 5.55E-10 2.17E-17 1.30E-25 4.12E-25 1.10E-22 8.85E-15 1.65E-11 1.55E-11 3.47E-23 2.87E-37 2.07E-40 2.24E-32 2.94E-13 1.23E-20 1.54E-57 3.64E-06 9.94E-12
  4.88E+06 1.25E-08 3.85E-10 2.24E-17 1.36E-25 4.72E-25 1.57E-22 1.07E-14 1.72E-11 1.48E-11 4.75E-23 4.50E-38 2.42E-40 2.22E-32 2.62E-13 1.61E-21 2.66E-58 3.28E-06 5.57E-12
  4.98E+06 1.18E-08 2.68E-10 2.26E-17 1.39E-25 5.28E-25 2.22E-22 1.31E-14 1.78E-11 1.42E-11 6.40E-23 1.00E-38 2.81E-40 2.20E-32 2.34E-13 2.08E-22 6.52E-59 2.95E-06 3.13E-12
  5.08E+06 1.11E-08 1.87E-10 2.24E-17 1.40E-25 5.79E-25 3.13E-22 1.60E-14 1.84E-11 1.36E-11 8.51E-23 5.32E-39 3.24E-40 2.18E-32 2.08E-13 2.70E-23 3.82E-59 2.67E-06 1.76E-12
  5.18E+06 1.04E-08 1.31E-10 2.19E-17 1.39E-25 6.28E-25 4.40E-22 1.96E-14 1.90E-11 1.30E-11 1.12E-22 5.11E-39 3.72E-40 2.16E-32 1.85E-13 3.56E-24 4.04E-59 2.42E-06 9.95E-13
  5.28E+06 9.62E-09 9.15E-11 2.12E-17 1.39E-25 6.82E-25 6.21E-22 2.41E-14 1.95E-11 1.25E-11 1.48E-22 5.68E-39 4.25E-40 2.14E-32 1.65E-13 4.84E-25 4.96E-59 2.21E-06 5.65E-13
  5.38E+06 8.90E-09 6.42E-11 2.03E-17 1.38E-25 7.37E-25 8.73E-22 2.96E-14 1.99E-11 1.20E-11 1.94E-22 6.50E-39 4.84E-40 2.12E-32 1.48E-13 6.87E-26 6.24E-59 2.01E-06 3.22E-13
  5.48E+06 8.20E-09 4.51E-11 1.94E-17 1.40E-25 8.09E-25 1.24E-21 3.68E-14 2.04E-11 1.16E-11 2.55E-22 7.62E-39 5.50E-40 2.10E-32 1.32E-13 1.07E-26 8.13E-59 1.84E-06 1.85E-13
  5.58E+06 7.53E-09 3.17E-11 1.83E-17 1.41E-25 8.87E-25 1.75E-21 4.57E-14 2.08E-11 1.11E-11 3.34E-22 9.03E-39 6.23E-40 2.07E-32 1.18E-13 2.30E-27 1.07E-58 1.69E-06 1.06E-13
  5.68E+06 6.88E-09 2.23E-11 1.73E-17 1.46E-25 9.92E-25 2.48E-21 5.72E-14 2.12E-11 1.07E-11 4.42E-22 1.10E-38 7.05E-40 2.05E-32 1.05E-13 1.19E-27 1.45E-58 1.56E-06 6.14E-14
  5.78E+06 6.27E-09 1.57E-11 1.62E-17 1.52E-25 1.12E-24 3.54E-21 7.18E-14 2.15E-11 1.03E-11 5.86E-22 1.37E-38 7.97E-40 2.02E-32 9.43E-14 1.27E-27 2.02E-58 1.43E-06 3.56E-14
  5.88E+06 5.70E-09 1.10E-11 1.52E-17 1.61E-25 1.28E-24 5.06E-21 9.05E-14 2.18E-11 9.95E-12 7.80E-22 1.75E-38 8.99E-40 2.00E-32 8.45E-14 1.62E-27 2.88E-58 1.32E-06 2.07E-14
  5.98E+06 5.16E-09 7.78E-12 1.42E-17 1.75E-25 1.51E-24 7.30E-21 1.15E-13 2.21E-11 9.58E-12 1.05E-21 2.34E-38 1.01E-39 1.97E-32 7.57E-14 2.14E-27 4.34E-58 1.22E-06 1.21E-14
  6.08E+06 4.66E-09 5.50E-12 1.32E-17 1.94E-25 1.80E-24 1.06E-20 1.47E-13 2.24E-11 9.22E-12 1.42E-21 3.23E-38 1.14E-39 1.94E-32 6.79E-14 2.84E-27 6.76E-58 1.12E-06 7.11E-15
  6.18E+06 4.19E-09 3.91E-12 1.23E-17 2.19E-25 2.18E-24 1.53E-20 1.88E-13 2.27E-11 8.87E-12 1.94E-21 4.61E-38 1.29E-39 1.92E-32 6.08E-14 3.75E-27 1.09E-57 1.03E-06 4.20E-15
  6.28E+06 3.76E-09 2.79E-12 1.15E-17 2.52E-25 2.70E-24 2.23E-20 2.42E-13 2.29E-11 8.53E-12 2.65E-21 6.85E-38 1.45E-39 1.89E-32 5.45E-14 4.92E-27 1.84E-57 9.46E-07 2.50E-15
  6.38E+06 3.37E-09 2.01E-12 1.07E-17 2.97E-25 3.41E-24 3.27E-20 3.12E-13 2.32E-11 8.18E-12 3.66E-21 1.05E-37 1.64E-39 1.86E-32 4.88E-14 6.40E-27 3.20E-57 8.66E-07 1.50E-15
  6.48E+06 3.02E-09 1.46E-12 9.94E-18 3.55E-25 4.39E-24 4.79E-20 4.02E-13 2.34E-11 7.84E-12 5.05E-21 1.67E-37 1.85E-39 1.83E-32 4.37E-14 8.25E-27 5.76E-57 7.91E-07 9.05E-16
  6.58E+06 2.70E-09 1.07E-12 9.28E-18 4.30E-25 5.71E-24 7.02E-20 5.17E-13 2.35E-11 7.49E-12 6.97E-21 2.71E-37 2.09E-39 1.79E-32 3.91E-14 1.05E-26 1.05E-56 7.19E-07 5.51E-16
  6.68E+06 2.41E-09 7.96E-13 8.67E-18 5.31E-25 7.59E-24 1.03E-19 6.66E-13 2.37E-11 7.13E-12 9.66E-21 4.53E-37 2.36E-39 1.76E-32 3.51E-14 1.32E-26 1.97E-56 6.54E-07 3.39E-16
  6.78E+06 2.16E-09 5.98E-13 8.14E-18 6.70E-25 1.03E-23 1.52E-19 8.59E-13 2.38E-11 6.77E-12 1.35E-20 7.75E-37 2.67E-39 1.73E-32 3.17E-14 1.64E-26 3.80E-56 5.93E-07 2.12E-16
  6.88E+06 1.93E-09 4.57E-13 7.69E-18 8.61E-25 1.41E-23 2.22E-19 1.10E-12 2.39E-11 6.39E-12 1.87E-20 1.34E-36 3.02E-39 1.69E-32 2.91E-14 2.01E-26 7.35E-56 5.35E-07 1.34E-16
  6.98E+06 1.74E-09 3.57E-13 7.36E-18 1.15E-24 2.00E-23 3.26E-19 1.41E-12 2.39E-11 6.00E-12 2.62E-20 2.42E-36 3.41E-39 1.66E-32 2.79E-14 2.42E-26 1.47E-55 4.79E-07 8.75E-17
  7.08E+06 1.57E-09 2.89E-13 7.21E-18 1.65E-24 2.95E-23 4.75E-19 1.80E-12 2.38E-11 5.60E-12 3.73E-20 4.58E-36 3.86E-39 1.62E-32 2.86E-14 2.87E-26 3.07E-55 4.23E-07 5.97E-17
  7.18E+06 1.42E-09 2.48E-13 7.34E-18 2.57E-24 4.60E-23 6.84E-19 2.25E-12 2.37E-11 5.17E-12 5.37E-20 9.18E-36 4.38E-39 1.58E-32 3.24E-14 3.33E-26 6.66E-55 3.65E-07 4.38E-17
  7.28E+06 1.30E-09 2.29E-13 7.82E-18 4.43E-24 7.68E-23 9.67E-19 2.76E-12 2.35E-11 4.73E-12 7.90E-20 1.98E-35 4.96E-39 1.54E-32 4.02E-14 3.79E-26 1.52E-54 3.05E-07 3.52E-17
  7.38E+06 1.19E-09 2.25E-13 8.71E-18 8.24E-24 1.37E-22 1.34E-18 3.32E-12 2.33E-11 4.26E-12 1.18E-19 4.54E-35 5.61E-39 1.50E-32 5.27E-14 4.20E-26 3.61E-54 2.50E-07 3.09E-17
  7.48E+06 1.10E-09 2.28E-13 9.94E-18 1.55E-23 2.46E-22 1.81E-18 3.86E-12 2.31E-11 3.78E-12 1.73E-19 1.02E-34 6.35E-39 1.45E-32 6.99E-14 4.55E-26 8.13E-54 2.02E-07 2.83E-17
  7.58E+06 1.03E-09 2.29E-13 1.14E-17 2.82E-23 4.36E-22 2.38E-18 4.38E-12 2.29E-11 3.28E-12 2.44E-19 2.16E-34 7.18E-39 1.40E-32 9.04E-14 4.84E-26 1.67E-53 1.64E-07 2.57E-17
  7.68E+06 9.57E-10 2.23E-13 1.28E-17 4.87E-23 7.51E-22 3.08E-18 4.87E-12 2.27E-11 2.79E-12 3.34E-19 4.27E-34 8.09E-39 1.35E-32 1.12E-13 5.08E-26 3.14E-53 1.36E-07 2.24E-17
  7.78E+06 8.94E-10 2.06E-13 1.43E-17 7.83E-23 1.25E-21 3.94E-18 5.34E-12 2.26E-11 2.31E-12 4.38E-19 7.76E-34 9.10E-39 1.29E-32 1.31E-13 5.31E-26 5.33E-53 1.14E-07 1.83E-17
  7.88E+06 8.35E-10 1.75E-13 1.55E-17 1.12E-22 1.97E-21 5.02E-18 5.80E-12 2.24E-11 1.86E-12 5.49E-19 1.27E-33 1.02E-38 1.23E-32 1.45E-13 5.59E-26 8.04E-53 9.72E-08 1.33E-17
  7.98E+06 7.75E-10 1.17E-13 1.50E-17 1.18E-22 2.62E-21 6.66E-18 6.55E-12 2.18E-11 1.45E-12 6.42E-19 1.57E-33 1.13E-38 1.16E-32 1.51E-13 6.01E-26 9.58E-53 9.36E-08 7.61E-18
  8.08E+06 7.12E-10 4.57E-14 1.04E-17 6.70E-23 2.14E-21 9.82E-18 8.20E-12 2.02E-11 1.10E-12 6.17E-19 9.72E-34 1.25E-38 1.09E-32 1.48E-13 6.61E-26 6.32E-53 1.19E-07 2.93E-18
  8.18E+06 6.45E-10 1.18E-14 5.26E-18 1.88E-23 1.00E-21 1.50E-17 1.06E-11 1.79E-11 7.99E-13 4.51E-19 2.84E-34 1.36E-38 1.01E-32 1.37E-13 7.12E-26 2.02E-53 1.85E-07 8.23E-19
  8.28E+06 5.76E-10 3.53E-15 2.33E-18 3.26E-24 3.51E-22 2.15E-17 1.28E-11 1.56E-11 5.62E-13 2.75E-19 5.81E-35 1.46E-38 9.15E-33 1.19E-13 7.09E-26 4.26E-54 3.00E-07 2.02E-19
  8.38E+06 5.11E-10 1.62E-15 1.00E-18 4.13E-25 1.11E-22 2.89E-17 1.45E-11 1.37E-11 3.81E-13 1.52E-19 1.09E-35 1.54E-38 8.17E-33 9.84E-14 6.32E-26 7.68E-55 4.63E-07 4.70E-20
  8.48E+06 4.50E-10 1.00E-15 4.39E-19 4.20E-26 3.48E-23 3.69E-17 1.57E-11 1.23E-11 2.48E-13 8.13E-20 2.10E-36 1.59E-38 7.14E-33 7.68E-14 5.05E-26 1.36E-55 6.69E-07 1.08E-20
  8.58E+06 3.95E-10 6.98E-16 1.97E-19 3.84E-27 1.12E-23 4.59E-17 1.64E-11 1.12E-11 1.56E-13 4.33E-20 4.51E-37 1.59E-38 6.07E-33 5.73E-14 3.72E-26 2.59E-56 9.13E-07 2.55E-21
  8.68E+06 3.45E-10 5.04E-16 9.17E-20 3.71E-28 3.84E-24 5.58E-17 1.67E-11 1.02E-11 9.35E-14 2.35E-20 1.14E-37 1.54E-38 4.98E-33 4.12E-14 2.64E-26 5.70E-57 1.18E-06 6.49E-22
  8.78E+06 3.01E-10 3.68E-16 4.42E-20 4.30E-29 1.40E-24 6.70E-17 1.69E-11 9.41E-12 5.39E-14 1.31E-20 3.61E-38 1.43E-38 3.93E-33 2.91E-14 1.88E-26 1.57E-57 1.46E-06 1.86E-22
  8.88E+06 2.61E-10 2.69E-16 2.20E-20 5.99E-30 5.46E-25 7.96E-17 1.69E-11 8.63E-12 2.98E-14 7.52E-21 1.51E-38 1.27E-38 2.96E-33 2.05E-14 1.37E-26 5.63E-58 1.70E-06 6.01E-23
  8.98E+06 2.25E-10 1.96E-16 1.13E-20 9.88E-31 2.28E-25 9.41E-17 1.68E-11 7.83E-12 1.57E-14 4.45E-21 8.30E-39 1.06E-38 2.12E-33 1.46E-14 1.02E-26 2.64E-58 1.91E-06 2.11E-23
  9.08E+06 1.93E-10 1.43E-16 5.99E-21 1.94E-31 1.02E-25 1.10E-16 1.66E-11 7.00E-12 7.98E-15 2.74E-21 5.56E-39 8.35E-39 1.42E-33 1.05E-14 7.92E-27 1.51E-58 2.07E-06 7.79E-24
  9.18E+06 1.63E-10 1.03E-16 3.24E-21 4.31E-32 4.87E-26 1.29E-16 1.63E-11 6.16E-12 3.88E-15 1.72E-21 4.22E-39 6.13E-39 8.88E-34 7.66E-15 6.29E-27 9.78E-59 2.15E-06 2.93E-24
  9.28E+06 1.37E-10 7.38E-17 1.79E-21 1.08E-32 2.45E-26 1.50E-16 1.59E-11 5.32E-12 1.81E-15 1.11E-21 3.44E-39 4.16E-39 5.15E-34 5.60E-15 5.10E-27 6.78E-59 2.15E-06 1.11E-24
  9.38E+06 1.15E-10 5.25E-17 1.01E-21 3.06E-33 1.30E-26 1.74E-16 1.54E-11 4.50E-12 8.20E-16 7.35E-22 2.94E-39 2.61E-39 2.76E-34 4.05E-15 4.22E-27 4.90E-59 2.09E-06 4.23E-25
  9.48E+06 9.50E-11 3.72E-17 5.80E-22 9.47E-34 7.18E-27 2.01E-16 1.48E-11 3.72E-12 3.60E-16 4.94E-22 2.59E-39 1.50E-39 1.36E-34 2.89E-15 3.53E-27 3.65E-59 1.96E-06 1.61E-25
  9.58E+06 7.88E-11 2.64E-17 3.41E-22 3.18E-34 4.13E-27 2.30E-16 1.40E-11 3.02E-12 1.54E-16 3.37E-22 2.34E-39 7.94E-40 6.15E-35 2.01E-15 2.98E-27 2.76E-59 1.78E-06 6.15E-26
  9.68E+06 6.58E-11 1.88E-17 2.06E-22 1.14E-34 2.46E-27 2.63E-16 1.32E-11 2.40E-12 6.54E-17 2.32E-22 2.16E-39 3.87E-40 2.56E-35 1.37E-15 2.53E-27 2.12E-59 1.57E-06 2.36E-26
  9.78E+06 5.59E-11 1.37E-17 1.29E-22 4.43E-35 1.52E-27 2.98E-16 1.24E-11 1.86E-12 2.78E-17 1.62E-22 2.01E-39 1.75E-40 9.89E-36 9.13E-16 2.16E-27 1.64E-59 1.35E-06 9.22E-27
  9.88E+06 4.92E-11 1.03E-17 8.58E-23 1.85E-35 9.73E-28 3.35E-16 1.15E-11 1.42E-12 1.24E-17 1.14E-22 1.90E-39 7.35E-41 3.56E-36 6.03E-16 1.84E-27 1.27E-59 1.12E-06 3.74E-27
  9.98E+06 4.60E-11 8.14E-18 6.18E-23 8.32E-36 6.44E-28 3.75E-16 1.06E-11 1.09E-12 6.64E-18 8.04E-23 1.83E-39 2.95E-41 1.22E-36 4.17E-16 1.57E-27 9.92E-60 8.86E-07 1.81E-27

 TP, TL
           2.37E+13 2.38E+13 1.88E+08 1.27E+07 1.18E+10 4.31E+06 3.63E+08 6.39E+10 2.34E+10 1.18E+10 6.08E+03 5.81E-02 2.61E-18 2.34E+10 1.01E+07 1.61E-12 2.23E+15 1.07E+10
           2.37E+13 2.38E+13 1.88E+08 2.13E+08 1.18E+10 4.31E+06 3.63E+08 6.28E+10 2.41E+10 1.18E+10 6.08E+03 5.81E-02 2.61E-18 2.34E+10 1.56E+07 1.61E-12 2.23E+15 1.05E+10

     Z        N        NO3      N2O      HO2NO2   N2O5     NH       NH2      NH3      CO2      CS       CS2      HCS      C2H6S    C2H5S    C2H5SO   C2H5SO2  CH3S     CH3SO   
  2.50E+04 7.09-232 5.21E-16 2.73E-07 3.81E-14 6.16E-18 9.91E-39 1.01E-38 6.78E-08 2.84E-04 2.69E-19 4.19E-12 2.53E-29 9.86E-11 2.55E-23 2.46E-20 1.51E-12 3.67E-16 6.21E-15
  7.50E+04 4.47-225 4.99E-16 2.73E-07 5.47E-14 7.92E-18 9.91E-39 1.01E-38 6.76E-08 2.84E-04 2.74E-19 3.88E-12 2.64E-29 6.35E-11 1.75E-23 1.70E-20 9.45E-13 2.57E-16 4.40E-15
  1.25E+05 2.45-218 5.01E-16 2.73E-07 8.02E-14 1.10E-17 9.91E-39 1.01E-38 6.73E-08 2.84E-04 2.73E-19 3.58E-12 2.81E-29 4.05E-11 1.20E-23 1.11E-20 5.58E-13 1.68E-16 2.91E-15
  1.75E+05 1.16-211 5.22E-16 2.73E-07 1.19E-13 1.64E-17 9.91E-39 1.01E-38 6.71E-08 2.84E-04 2.68E-19 3.29E-12 3.01E-29 2.55E-11 8.23E-24 7.22E-21 3.25E-13 1.07E-16 1.88E-15
  2.75E+05 1.62-198 6.05E-16 2.73E-07 2.75E-13 4.05E-17 9.91E-39 1.01E-38 6.68E-08 2.84E-04 2.48E-19 2.77E-12 3.43E-29 9.71E-12 3.76E-24 2.96E-21 1.07E-13 4.12E-17 7.45E-16
  3.75E+05 1.09-185 7.21E-16 2.73E-07 6.44E-13 1.09E-16 9.91E-39 1.01E-38 6.66E-08 2.84E-04 2.24E-19 2.32E-12 3.78E-29 3.63E-12 1.66E-24 1.17E-21 3.39E-14 1.51E-17 2.81E-16
  4.75E+05 3.20-173 8.24E-16 2.73E-07 1.64E-12 3.19E-16 9.91E-39 1.01E-38 6.64E-08 2.84E-04 2.00E-19 1.95E-12 4.04E-29 1.38E-12 7.15E-25 4.53E-22 1.03E-14 5.37E-18 1.03E-16
  5.75E+05 3.69-161 8.92E-16 2.73E-07 4.08E-12 8.95E-16 9.91E-39 1.01E-38 6.64E-08 2.84E-04 1.79E-19 1.65E-12 4.20E-29 5.53E-13 3.13E-25 1.77E-22 3.29E-15 1.95E-18 3.91E-17
  6.75E+05 1.60-149 8.98E-16 2.73E-07 8.96E-12 2.05E-15 9.91E-39 1.01E-38 6.63E-08 2.84E-04 1.61E-19 1.40E-12 4.30E-29 2.37E-13 1.37E-25 6.96E-23 1.14E-15 7.17E-19 1.50E-17
  7.75E+05 2.49-138 8.91E-16 2.73E-07 1.50E-11 3.54E-15 9.91E-39 1.01E-38 6.63E-08 2.84E-04 1.46E-19 1.20E-12 4.37E-29 1.09E-13 6.18E-26 2.82E-23 4.18E-16 2.73E-19 6.00E-18
  8.75E+05 1.43-127 9.25E-16 2.72E-07 1.88E-11 4.97E-15 9.91E-39 1.01E-38 6.63E-08 2.84E-04 1.31E-19 1.03E-12 4.41E-29 5.25E-14 2.99E-26 1.22E-23 1.48E-16 1.11E-19 2.57E-18
  9.75E+05 3.17-117 9.94E-16 2.72E-07 1.89E-11 6.17E-15 9.91E-39 1.01E-38 6.63E-08 2.84E-04 1.17E-19 8.71E-13 4.44E-29 2.54E-14 1.52E-26 5.50E-24 4.92E-17 4.67E-20 1.15E-18
  1.08E+06 2.93-107 1.05E-15 2.72E-07 1.64E-11 7.03E-15 9.91E-39 1.01E-38 6.63E-08 2.84E-04 1.01E-19 7.26E-13 4.45E-29 1.21E-14 7.50E-27 2.41E-24 1.57E-17 1.90E-20 4.93E-19
  1.18E+06 1.21E-97 1.06E-15 2.72E-07 1.31E-11 7.41E-15 9.91E-39 1.01E-38 6.63E-08 2.84E-04 8.46E-20 5.93E-13 4.47E-29 5.73E-15 3.53E-27 9.95E-25 5.01E-18 7.32E-21 1.99E-19
  1.28E+06 2.33E-88 1.03E-15 2.72E-07 1.01E-11 7.34E-15 9.91E-39 1.01E-38 6.63E-08 2.84E-04 6.93E-20 4.75E-13 4.47E-29 2.76E-15 1.64E-27 4.03E-25 1.67E-18 2.78E-21 7.84E-20
  1.38E+06 2.22E-79 9.79E-16 2.72E-07 7.99E-12 7.09E-15 9.91E-39 1.01E-38 6.63E-08 2.84E-04 5.60E-20 3.77E-13 4.48E-29 1.37E-15 7.90E-28 1.67E-25 6.03E-19 1.09E-21 3.17E-20
  1.48E+06 7.46E-71 1.00E-15 2.71E-07 6.61E-12 7.11E-15 9.91E-39 1.01E-38 6.63E-08 2.84E-04 4.46E-20 2.97E-13 4.48E-29 7.00E-16 4.21E-28 7.68E-26 2.50E-19 4.71E-22 1.41E-20
  1.58E+06 3.89E-63 1.07E-15 2.71E-07 5.92E-12 7.84E-15 9.91E-39 1.01E-38 6.63E-08 2.84E-04 3.40E-20 2.28E-13 4.48E-29 3.50E-16 2.25E-28 3.52E-26 1.05E-19 1.99E-22 6.07E-21
  1.68E+06 2.13E-56 1.29E-15 2.70E-07 6.22E-12 1.08E-14 9.91E-39 1.01E-38 6.63E-08 2.84E-04 2.26E-20 1.61E-13 4.47E-29 1.53E-16 1.08E-28 1.45E-26 3.90E-20 7.07E-23 2.18E-21
  1.78E+06 1.25E-50 1.87E-15 2.68E-07 8.88E-12 2.24E-14 9.91E-39 1.01E-38 6.63E-08 2.84E-04 1.15E-20 9.42E-14 4.46E-29 5.02E-17 3.96E-29 4.47E-27 1.07E-20 1.69E-23 5.19E-22
  1.88E+06 9.50E-46 3.57E-15 2.64E-07 1.74E-11 7.09E-14 9.91E-39 1.01E-38 6.63E-08 2.84E-04 4.10E-21 3.90E-14 4.42E-29 1.10E-17 9.75E-30 9.27E-28 1.96E-21 2.44E-24 7.38E-23
  1.98E+06 1.26E-41 7.93E-15 2.57E-07 3.63E-11 2.44E-13 9.91E-39 1.01E-38 6.63E-08 2.84E-04 1.09E-21 1.05E-14 4.37E-29 1.72E-18 1.81E-30 1.45E-28 2.84E-22 2.73E-25 8.04E-24
  2.08E+06 4.02E-38 1.63E-14 2.48E-07 6.55E-11 6.68E-13 9.91E-39 1.01E-38 6.63E-08 2.84E-04 2.31E-22 1.87E-15 4.29E-29 2.30E-19 3.03E-31 2.04E-29 3.91E-23 3.05E-26 8.80E-25
  2.18E+06 4.13E-35 2.93E-14 2.38E-07 1.01E-10 1.42E-12 9.91E-39 1.01E-38 6.63E-08 2.84E-04 3.79E-23 2.29E-16 4.21E-29 2.88E-20 4.95E-32 2.82E-30 5.31E-24 3.65E-27 1.03E-25
  2.28E+06 1.67E-32 4.74E-14 2.27E-07 1.39E-10 2.51E-12 9.91E-39 1.01E-38 6.63E-08 2.84E-04 4.48E-24 1.87E-17 4.11E-29 3.41E-21 7.88E-33 3.80E-31 7.06E-25 4.55E-28 1.27E-26
  2.38E+06 3.09E-30 7.17E-14 2.16E-07 1.78E-10 3.96E-12 9.91E-39 1.01E-38 6.63E-08 2.84E-04 3.53E-25 9.80E-19 4.01E-29 3.79E-22 1.20E-33 4.91E-32 8.90E-26 5.68E-29 1.56E-27
  2.48E+06 3.01E-28 1.03E-13 2.03E-07 2.14E-10 5.77E-12 9.91E-39 1.01E-38 6.63E-08 2.84E-04 1.75E-26 3.15E-20 3.90E-29 3.87E-23 1.71E-34 5.93E-33 1.04E-26 6.83E-30 1.84E-28
  2.58E+06 1.70E-26 1.44E-13 1.90E-07 2.46E-10 7.84E-12 9.91E-39 1.01E-38 6.63E-08 2.84E-04 5.24E-28 6.06E-22 3.78E-29 3.55E-24 2.22E-35 6.54E-34 1.10E-27 7.72E-31 2.04E-29
  2.68E+06 6.04E-25 1.93E-13 1.76E-07 2.68E-10 9.94E-12 9.91E-39 1.01E-38 6.63E-08 2.84E-04 9.31E-30 6.91E-24 3.65E-29 2.89E-25 2.57E-36 6.45E-35 1.03E-28 7.97E-32 2.07E-30
  2.78E+06 1.43E-23 2.48E-13 1.62E-07 2.76E-10 1.17E-11 9.92E-39 1.01E-38 6.63E-08 2.84E-04 9.82E-32 4.69E-26 3.51E-29 2.05E-26 2.61E-37 5.58E-36 8.50E-30 7.37E-33 1.88E-31
  2.88E+06 2.35E-22 3.08E-13 1.48E-07 2.71E-10 1.27E-11 9.92E-39 1.01E-38 6.63E-08 2.84E-04 6.24E-34 1.93E-28 3.36E-29 1.26E-27 2.29E-38 4.18E-37 6.10E-31 6.01E-34 1.51E-32
  2.98E+06 2.79E-21 3.66E-13 1.34E-07 2.51E-10 1.26E-11 9.92E-39 1.01E-38 6.63E-08 2.84E-04 2.45E-36 4.98E-31 3.20E-29 6.76E-29 1.73E-39 2.71E-38 3.80E-32 4.30E-35 1.06E-33
  3.08E+06 2.45E-20 4.22E-13 1.19E-07 2.22E-10 1.17E-11 9.92E-39 1.01E-38 6.63E-08 2.84E-04 6.83E-39 8.26E-34 3.02E-29 3.17E-30 1.13E-40 1.52E-39 2.07E-33 2.70E-36 6.55E-35
  3.18E+06 1.65E-19 4.71E-13 1.06E-07 1.87E-10 1.00E-11 9.92E-39 1.01E-38 6.63E-08 2.84E-04 1.33E-39 9.15E-37 2.83E-29 1.32E-31 6.49E-42 7.43E-41 1.01E-34 1.51E-37 3.60E-36
  3.28E+06 8.66E-19 5.12E-13 9.27E-08 1.51E-10 8.05E-12 9.92E-39 1.01E-38 6.63E-08 2.84E-04 2.57E-39 7.95E-40 2.63E-29 5.01E-33 3.31E-43 3.25E-42 4.42E-36 7.64E-39 1.79E-37
  3.38E+06 3.64E-18 5.45E-13 8.06E-08 1.16E-10 6.11E-12 9.92E-39 1.01E-38 6.63E-08 2.84E-04 5.05E-39 5.30E-41 2.41E-29 1.76E-34 1.54E-44 1.30E-43 1.81E-37 3.58E-40 8.22E-39
  3.48E+06 1.26E-17 5.66E-13 6.94E-08 8.60E-11 4.38E-12 9.92E-39 1.01E-38 6.63E-08 2.84E-04 9.89E-39 2.55E-41 2.18E-29 5.87E-36 6.71E-46 4.83E-45 7.00E-39 1.59E-41 3.57E-40
  3.58E+06 3.72E-17 5.75E-13 5.94E-08 6.12E-11 2.98E-12 9.92E-39 1.01E-38 6.63E-08 2.84E-04 1.92E-38 1.09E-41 1.94E-29 1.88E-37 2.77E-47 1.71E-46 2.61E-40 6.74E-43 1.48E-41
  3.68E+06 9.49E-17 5.71E-13 5.04E-08 4.19E-11 1.93E-12 9.93E-39 1.01E-38 6.63E-08 2.84E-04 3.66E-38 4.14E-42 1.68E-29 5.81E-39 1.10E-48 5.84E-48 9.52E-42 2.77E-44 5.98E-43
  3.78E+06 2.15E-16 5.55E-13 4.25E-08 2.78E-11 1.19E-12 9.93E-39 1.01E-38 6.64E-08 2.84E-04 6.81E-38 1.45E-42 1.42E-29 1.75E-40 4.22E-50 1.94E-49 3.39E-43 1.11E-45 2.35E-44
  3.88E+06 4.39E-16 5.26E-13 3.57E-08 1.78E-11 6.96E-13 9.93E-39 1.01E-38 6.64E-08 2.84E-04 1.23E-37 5.40E-43 1.16E-29 5.10E-42 1.57E-51 6.22E-51 1.19E-44 4.31E-47 8.97E-46
  3.98E+06 8.23E-16 4.87E-13 2.98E-08 1.10E-11 3.84E-13 9.93E-39 1.01E-38 6.64E-08 2.84E-04 2.15E-37 2.70E-43 9.01E-30 1.44E-43 5.64E-53 1.93E-52 4.04E-46 1.63E-48 3.33E-47
  4.08E+06 1.43E-15 4.38E-13 2.49E-08 6.56E-12 1.99E-13 9.93E-39 1.01E-38 6.64E-08 2.84E-04 3.57E-37 1.83E-43 6.62E-30 3.88E-45 1.95E-54 5.80E-54 1.34E-47 5.95E-50 1.20E-48
  4.18E+06 2.32E-15 3.79E-13 2.07E-08 3.79E-12 9.56E-14 9.93E-39 1.01E-38 6.64E-08 2.84E-04 5.54E-37 1.33E-43 4.51E-30 1.01E-46 6.45E-56 1.67E-55 4.28E-49 2.11E-51 4.20E-50
  4.28E+06 3.57E-15 3.16E-13 1.72E-08 2.12E-12 4.24E-14 9.94E-39 1.01E-38 6.64E-08 2.84E-04 7.77E-37 8.91E-44 2.80E-30 2.57E-48 2.05E-57 4.62E-57 1.34E-50 7.26E-53 1.43E-51
  4.38E+06 5.28E-15 2.51E-13 1.42E-08 1.16E-12 1.75E-14 9.94E-39 1.01E-38 6.64E-08 2.84E-04 9.47E-37 5.30E-44 1.55E-30 6.52E-50 6.38E-59 1.25E-58 4.13E-52 2.46E-54 4.80E-53
  4.48E+06 7.48E-15 1.91E-13 1.18E-08 6.30E-13 6.75E-15 9.94E-39 1.01E-38 6.64E-08 2.84E-04 9.73E-37 2.72E-44 7.54E-31 1.70E-51 1.99E-60 3.42E-60 1.30E-53 8.46E-56 1.64E-54
  4.58E+06 1.04E-14 1.39E-13 9.81E-09 3.40E-13 2.50E-15 9.94E-39 1.01E-38 6.64E-08 2.84E-04 8.15E-37 1.22E-44 3.16E-31 4.75E-53 6.43E-62 9.72E-62 4.30E-55 3.03E-57 5.83E-56
  4.68E+06 1.40E-14 9.84E-14 8.17E-09 1.84E-13 9.02E-16 9.95E-39 1.01E-38 6.65E-08 2.84E-04 5.56E-37 4.73E-45 1.13E-31 1.47E-54 2.24E-63 2.98E-63 1.55E-56 1.18E-58 2.26E-57
  4.78E+06 1.86E-14 6.78E-14 6.83E-09 1.01E-13 3.24E-16 9.95E-39 1.01E-38 6.65E-08 2.84E-04 3.06E-37 1.60E-45 3.46E-32 5.13E-56 8.65E-65 1.01E-64 6.24E-58 5.07E-60 9.70E-59
  4.88E+06 2.43E-14 4.59E-14 5.73E-09 5.55E-14 1.16E-16 9.95E-39 1.01E-38 6.65E-08 2.84E-04 1.37E-37 4.65E-46 9.03E-33 2.07E-57 3.79E-66 3.92E-66 2.88E-59 2.48E-61 4.74E-60
  4.98E+06 3.17E-14 3.08E-14 4.82E-09 3.09E-14 4.18E-17 9.96E-39 1.01E-38 6.65E-08 2.84E-04 5.06E-38 1.18E-46 2.02E-33 9.80E-59 1.91E-67 1.75E-67 1.54E-60 1.39E-62 2.66E-61
  5.08E+06 4.10E-14 2.05E-14 4.07E-09 1.74E-14 1.52E-17 9.96E-39 1.01E-38 6.65E-08 2.84E-04 1.55E-38 2.64E-47 3.90E-34 5.44E-60 1.12E-68 9.11E-69 9.65E-62 9.01E-64 1.74E-62
  5.18E+06 5.27E-14 1.35E-14 3.46E-09 9.91E-15 5.56E-18 9.96E-39 1.01E-38 6.66E-08 2.83E-04 4.11E-39 5.32E-48 6.70E-35 3.56E-61 7.72E-70 5.54E-70 7.09E-63 6.80E-65 1.32E-63
  5.28E+06 6.79E-14 8.90E-15 2.95E-09 5.68E-15 2.05E-18 9.97E-39 1.01E-38 6.66E-08 2.83E-04 1.17E-39 1.20E-48 1.27E-35 2.73E-62 6.20E-71 3.95E-71 6.11E-64 5.96E-66 1.17E-64
  5.38E+06 8.68E-14 5.83E-15 2.53E-09 3.27E-15 7.52E-19 9.97E-39 1.01E-38 6.66E-08 2.83E-04 7.64E-40 6.39E-49 5.64E-36 2.46E-63 5.81E-72 3.29E-72 6.17E-65 6.09E-67 1.21E-65
  5.48E+06 1.12E-13 3.81E-15 2.17E-09 1.89E-15 2.78E-19 9.98E-39 1.01E-38 6.66E-08 2.83E-04 1.16E-39 8.24E-49 5.97E-36 2.59E-64 6.34E-73 3.19E-73 7.29E-66 7.20E-68 1.44E-66
  5.58E+06 1.43E-13 2.49E-15 1.88E-09 1.10E-15 1.02E-19 9.98E-39 1.01E-38 6.67E-08 2.83E-04 2.14E-39 1.31E-48 7.76E-36 3.17E-65 8.04E-74 3.59E-74 1.00E-66 9.87E-69 2.00E-67
  5.68E+06 1.84E-13 1.62E-15 1.64E-09 6.42E-16 3.76E-20 9.99E-39 1.01E-38 6.67E-08 2.83E-04 4.15E-39 2.26E-48 1.08E-35 4.48E-66 1.18E-74 4.67E-75 1.60E-67 1.55E-69 3.20E-68
  5.78E+06 2.36E-13 1.05E-15 1.43E-09 3.76E-16 1.39E-20 9.99E-39 1.01E-38 6.67E-08 2.83E-04 8.97E-39 4.42E-48 1.69E-35 7.28E-67 1.97E-75 6.97E-76 2.93E-68 2.80E-70 5.88E-69
  5.88E+06 3.02E-13 6.82E-16 1.26E-09 2.21E-16 5.10E-21 1.00E-38 1.01E-38 6.67E-08 2.83E-04 2.35E-38 1.07E-47 3.24E-35 1.35E-67 3.78E-76 1.19E-76 6.15E-69 5.76E-71 1.23E-69
  5.98E+06 3.92E-13 4.43E-16 1.12E-09 1.31E-16 1.89E-21 1.00E-38 1.02E-38 6.68E-08 2.83E-04 7.55E-38 3.25E-47 7.68E-35 2.82E-68 8.19E-77 2.29E-77 1.46E-69 1.34E-71 2.91E-70
  6.08E+06 5.06E-13 2.88E-16 9.93E-10 7.77E-17 7.01E-22 1.00E-38 1.02E-38 6.68E-08 2.82E-04 2.68E-37 1.10E-46 2.03E-34 6.61E-69 2.00E-77 4.95E-78 3.93E-70 3.49E-72 7.75E-71
  6.18E+06 6.52E-13 1.87E-16 8.89E-10 4.64E-17 2.61E-22 1.00E-38 1.02E-38 6.69E-08 2.82E-04 9.52E-37 3.79E-46 5.39E-34 1.73E-69 5.42E-78 1.20E-78 1.18E-70 1.02E-72 2.31E-71
  6.28E+06 8.42E-13 1.22E-16 7.99E-10 2.80E-17 9.81E-23 1.00E-38 1.02E-38 6.69E-08 2.82E-04 3.22E-36 1.26E-45 1.37E-33 5.00E-70 1.63E-78 3.20E-79 3.93E-71 3.29E-73 7.65E-72
  6.38E+06 1.08E-12 7.99E-17 7.22E-10 1.70E-17 3.72E-23 1.00E-38 1.02E-38 6.69E-08 2.82E-04 1.02E-35 3.93E-45 3.27E-33 1.59E-70 5.39E-79 9.39E-80 1.44E-71 1.17E-73 2.79E-72
  6.48E+06 1.39E-12 5.26E-17 6.55E-10 1.04E-17 1.43E-23 1.00E-38 1.02E-38 6.70E-08 2.82E-04 3.01E-35 1.16E-44 7.32E-33 5.49E-71 1.95E-79 3.01E-80 5.81E-72 4.59E-74 1.12E-72
  6.58E+06 1.77E-12 3.49E-17 5.98E-10 6.40E-18 5.56E-24 1.01E-38 1.02E-38 6.70E-08 2.81E-04 8.42E-35 3.23E-44 1.56E-32 2.06E-71 7.64E-80 1.05E-80 2.55E-72 1.96E-74 4.90E-73
  6.68E+06 2.25E-12 2.33E-17 5.48E-10 3.99E-18 2.20E-24 1.01E-38 1.02E-38 6.71E-08 2.81E-04 2.35E-34 9.03E-44 3.31E-32 8.35E-72 3.25E-80 3.96E-81 1.21E-72 9.08E-75 2.33E-73
  6.78E+06 2.86E-12 1.58E-17 5.04E-10 2.53E-18 8.90E-25 1.01E-38 1.02E-38 6.72E-08 2.81E-04 7.02E-34 2.72E-43 7.54E-32 3.63E-72 1.48E-80 1.61E-81 6.20E-73 4.54E-75 1.20E-73
  6.88E+06 3.59E-12 1.08E-17 4.66E-10 1.62E-18 3.68E-25 1.01E-38 1.02E-38 6.72E-08 2.80E-04 2.38E-33 9.24E-43 1.95E-31 1.69E-72 7.27E-81 7.00E-82 3.40E-73 2.45E-75 6.63E-74
  6.98E+06 4.49E-12 7.53E-18 4.32E-10 1.07E-18 1.58E-25 1.01E-38 1.02E-38 6.73E-08 2.80E-04 9.02E-33 3.49E-42 5.59E-31 8.27E-73 3.80E-81 3.25E-82 1.99E-73 1.42E-75 3.95E-74
  7.08E+06 5.58E-12 5.40E-18 4.02E-10 7.47E-19 7.17E-26 1.01E-38 1.02E-38 6.74E-08 2.80E-04 3.50E-32 1.34E-41 1.61E-30 4.25E-73 2.11E-81 1.61E-82 1.23E-73 8.93E-76 2.55E-74
  7.18E+06 6.76E-12 4.01E-18 3.76E-10 5.63E-19 3.54E-26 1.01E-38 1.03E-38 6.74E-08 2.79E-04 1.29E-31 4.72E-41 4.31E-30 2.26E-73 1.25E-81 8.40E-83 8.08E-74 6.11E-76 1.79E-74
  7.28E+06 7.98E-12 3.13E-18 3.52E-10 4.69E-19 1.96E-26 1.01E-38 1.03E-38 6.75E-08 2.79E-04 4.42E-31 1.48E-40 1.02E-29 1.22E-73 7.81E-82 4.63E-83 5.56E-74 4.54E-76 1.36E-74
  7.38E+06 9.14E-12 2.58E-18 3.30E-10 4.31E-19 1.21E-26 1.02E-38 1.03E-38 6.76E-08 2.78E-04 1.38E-30 4.07E-40 2.14E-29 6.68E-74 5.09E-82 2.66E-83 3.97E-74 3.61E-76 1.11E-74
  7.48E+06 1.01E-11 2.17E-18 3.09E-10 4.10E-19 7.87E-27 1.02E-38 1.03E-38 6.77E-08 2.78E-04 3.79E-30 9.38E-40 3.89E-29 3.65E-74 3.38E-82 1.58E-83 2.92E-74 3.00E-76 9.40E-75
  7.58E+06 1.08E-11 1.82E-18 2.90E-10 3.82E-19 5.02E-27 1.02E-38 1.03E-38 6.79E-08 2.77E-04 9.08E-30 1.82E-39 6.23E-29 1.99E-74 2.25E-82 9.53E-84 2.19E-74 2.56E-76 8.15E-75
  7.68E+06 1.14E-11 1.50E-18 2.72E-10 3.39E-19 3.05E-27 1.02E-38 1.04E-38 6.80E-08 2.76E-04 1.93E-29 3.05E-39 8.97E-29 1.09E-74 1.48E-82 5.86E-84 1.66E-74 2.18E-76 7.10E-75
  7.78E+06 1.20E-11 1.20E-18 2.54E-10 2.78E-19 1.70E-27 1.03E-38 1.04E-38 6.82E-08 2.75E-04 3.61E-29 4.39E-39 1.16E-28 6.02E-75 9.74E-83 3.65E-84 1.28E-74 1.87E-76 6.16E-75
  7.88E+06 1.26E-11 9.14E-19 2.37E-10 2.01E-19 8.21E-28 1.03E-38 1.04E-38 6.84E-08 2.74E-04 5.85E-29 5.37E-39 1.35E-28 3.39E-75 6.39E-83 2.29E-84 1.01E-74 1.59E-76 5.21E-75
  7.98E+06 1.45E-11 6.10E-19 2.21E-10 1.07E-19 2.89E-28 1.03E-38 1.05E-38 6.86E-08 2.73E-04 8.00E-29 5.73E-39 1.49E-28 2.04E-75 4.07E-83 1.45E-84 8.04E-75 1.22E-76 4.16E-75
  8.08E+06 1.98E-11 2.87E-19 2.04E-10 3.02E-20 5.29E-29 1.04E-38 1.05E-38 6.89E-08 2.71E-04 8.35E-29 5.38E-39 1.73E-28 1.38E-75 2.26E-83 9.19E-85 6.51E-75 7.32E-77 3.02E-75
  8.18E+06 2.98E-11 9.28E-20 1.88E-10 4.82E-21 5.27E-30 1.05E-38 1.06E-38 6.92E-08 2.70E-04 6.71E-29 4.34E-39 2.12E-28 1.07E-75 1.15E-83 5.82E-85 5.38E-75 3.57E-77 1.94E-75
  8.28E+06 4.28E-11 3.06E-20 1.72E-10 6.17E-22 4.19E-31 1.05E-38 1.06E-38 6.96E-08 2.68E-04 4.78E-29 3.17E-39 2.60E-28 8.99E-76 6.39E-84 3.73E-85 4.56E-75 1.66E-77 1.11E-75
  8.38E+06 5.71E-11 1.37E-20 1.57E-10 8.38E-23 3.97E-32 1.06E-38 1.07E-38 7.01E-08 2.65E-04 3.28E-29 2.25E-39 3.11E-28 7.97E-76 3.96E-84 2.42E-85 3.95E-75 8.16E-78 5.71E-76
  8.48E+06 7.14E-11 7.69E-21 1.41E-10 1.43E-23 6.36E-33 1.07E-38 1.08E-38 7.08E-08 2.62E-04 2.22E-29 1.60E-39 3.64E-28 7.29E-76 2.68E-84 1.58E-85 3.48E-75 4.36E-78 2.79E-76
  8.58E+06 8.57E-11 4.69E-21 1.27E-10 3.09E-24 1.57E-33 1.09E-38 1.10E-38 7.15E-08 2.59E-04 1.52E-29 1.17E-39 4.15E-28 6.79E-76 1.91E-84 1.04E-85 3.11E-75 2.50E-78 1.37E-76
  8.68E+06 1.00E-10 2.92E-21 1.12E-10 7.78E-25 4.54E-34 1.10E-38 1.11E-38 7.25E-08 2.55E-04 1.06E-29 8.82E-40 4.64E-28 6.38E-76 1.40E-84 6.93E-86 2.79E-75 1.52E-78 7.10E-77
  8.78E+06 1.15E-10 1.83E-21 9.88E-11 2.15E-25 1.36E-34 1.12E-38 1.13E-38 7.36E-08 2.50E-04 7.50E-30 6.89E-40 5.08E-28 6.03E-76 1.04E-84 4.61E-86 2.52E-75 9.68E-79 3.99E-77
  8.88E+06 1.31E-10 1.15E-21 8.59E-11 6.27E-26 4.08E-35 1.15E-38 1.15E-38 7.49E-08 2.44E-04 5.39E-30 5.50E-40 5.42E-28 5.70E-76 7.71E-85 3.05E-86 2.26E-75 6.44E-79 2.45E-77
  8.98E+06 1.48E-10 7.15E-22 7.39E-11 1.91E-26 1.23E-35 1.18E-38 1.18E-38 7.66E-08 2.38E-04 3.93E-30 4.50E-40 5.66E-28 5.37E-76 5.70E-85 2.00E-86 2.02E-75 4.42E-79 1.60E-77
  9.08E+06 1.67E-10 4.47E-22 6.30E-11 6.09E-27 3.75E-36 1.22E-38 1.21E-38 7.85E-08 2.30E-04 2.94E-30 3.79E-40 5.79E-28 5.04E-76 4.18E-85 1.29E-86 1.78E-75 3.07E-79 1.09E-77
  9.18E+06 1.88E-10 2.77E-22 5.31E-11 2.00E-27 1.14E-36 1.26E-38 1.25E-38 8.08E-08 2.22E-04 2.23E-30 3.25E-40 5.81E-28 4.68E-76 3.03E-85 8.15E-87 1.55E-75 2.18E-79 7.71E-78
  9.28E+06 2.10E-10 1.71E-22 4.43E-11 6.73E-28 3.49E-37 1.31E-38 1.30E-38 8.35E-08 2.13E-04 1.72E-30 2.84E-40 5.76E-28 4.31E-76 2.16E-85 5.02E-87 1.32E-75 1.56E-79 5.55E-78
  9.38E+06 2.34E-10 1.05E-22 3.66E-11 2.33E-28 1.07E-37 1.37E-38 1.35E-38 8.66E-08 2.03E-04 1.36E-30 2.54E-40 5.67E-28 3.92E-76 1.52E-85 3.01E-87 1.11E-75 1.12E-79 4.06E-78
  9.48E+06 2.58E-10 6.43E-23 3.01E-11 8.25E-29 3.32E-38 1.43E-38 1.41E-38 9.01E-08 1.93E-04 1.10E-30 2.33E-40 5.58E-28 3.53E-76 1.05E-85 1.76E-87 9.07E-76 8.08E-80 3.01E-78
  9.58E+06 2.84E-10 3.93E-23 2.47E-11 2.98E-29 1.04E-38 1.51E-38 1.48E-38 9.41E-08 1.82E-04 9.22E-31 2.20E-40 5.56E-28 3.14E-76 7.17E-86 1.01E-87 7.27E-76 5.89E-80 2.27E-78
  9.68E+06 3.10E-10 2.41E-23 2.04E-11 1.10E-29 3.30E-39 1.59E-38 1.56E-38 9.85E-08 1.71E-04 8.08E-31 2.17E-40 5.68E-28 2.76E-76 4.80E-86 5.67E-88 5.71E-76 4.38E-80 1.76E-78
  9.78E+06 3.37E-10 1.51E-23 1.70E-11 4.20E-30 1.10E-39 1.69E-38 1.64E-38 1.03E-07 1.59E-04 7.58E-31 2.28E-40 6.09E-28 2.40E-76 3.17E-86 3.18E-88 4.39E-76 3.34E-80 1.40E-78
  9.88E+06 3.64E-10 9.74E-24 1.45E-11 1.69E-30 3.96E-40 1.79E-38 1.73E-38 1.09E-07 1.48E-04 7.79E-31 2.62E-40 7.02E-28 2.07E-76 2.06E-86 1.81E-88 3.31E-76 2.68E-80 1.15E-78
  9.98E+06 3.91E-10 6.53E-24 1.29E-11 7.81E-31 1.59E-40 1.91E-38 1.83E-38 1.14E-07 1.37E-04 9.00E-31 3.37E-40 9.03E-28 1.77E-76 1.32E-86 1.06E-88 2.46E-76 2.34E-80 9.59E-79

 TP, TL
           1.31E+08 3.19E+10 4.31E+05 1.79E+10 1.80E+08 0.00E+00 0.00E+00 0.00E+00 7.22E+11 1.98E+07 2.35E+09 2.64E-09 0.00E+00 2.46E+09 2.46E+09 2.46E+09 2.46E+09 2.46E+09
           1.31E+08 3.19E+10 1.21E+09 1.79E+10 1.80E+08 0.00E+00 0.00E+00 1.50E+10 6.52E+11 1.98E+07 2.37E+09 2.64E-09 3.30E+09 2.46E+09 2.46E+09 2.46E+09 2.46E+09 2.46E+09

     Z        CH3SO2   CH3SO3   CH4SO2   C2H6SO   C2H7SO   SO4AER   S8AER   
  2.50E+04 1.19E-16 1.41E-17 2.94E-13 2.29E-12 2.43E-23 1.34E-10 1.00E-38
  7.50E+04 8.40E-17 9.64E-18 2.21E-13 1.70E-12 1.60E-23 1.33E-10 1.00E-38
  1.25E+05 5.59E-17 6.35E-18 1.49E-13 1.14E-12 1.06E-23 1.33E-10 1.00E-38
  1.75E+05 3.65E-17 4.16E-18 9.61E-14 7.31E-13 6.92E-24 1.34E-10 1.00E-38
  2.75E+05 1.50E-17 1.77E-18 3.72E-14 2.82E-13 2.90E-24 1.39E-10 1.00E-38
  3.75E+05 5.96E-18 7.40E-19 1.39E-14 1.06E-13 1.17E-24 1.43E-10 1.00E-38
  4.75E+05 2.30E-18 3.00E-19 5.31E-15 4.03E-14 4.49E-25 1.45E-10 1.00E-38
  5.75E+05 9.02E-19 1.22E-19 2.12E-15 1.61E-14 1.73E-25 1.46E-10 1.00E-38
  6.75E+05 3.54E-19 4.89E-20 9.10E-16 6.91E-15 6.51E-26 1.46E-10 1.00E-38
  7.75E+05 1.43E-19 2.01E-20 4.19E-16 3.18E-15 2.49E-26 1.46E-10 1.00E-38
  8.75E+05 6.21E-20 8.77E-21 2.02E-16 1.53E-15 1.00E-26 1.46E-10 1.00E-38
  9.75E+05 2.80E-20 4.00E-21 9.76E-17 7.41E-16 4.16E-27 1.47E-10 1.00E-38
  1.08E+06 1.22E-20 1.78E-21 4.66E-17 3.53E-16 1.69E-27 1.48E-10 1.00E-38
  1.18E+06 5.06E-21 7.54E-22 2.20E-17 1.67E-16 6.71E-28 1.50E-10 1.00E-38
  1.28E+06 2.05E-21 3.14E-22 1.06E-17 8.04E-17 2.71E-28 1.51E-10 1.00E-38
  1.38E+06 8.52E-22 1.34E-22 5.27E-18 4.00E-17 1.16E-28 1.53E-10 1.00E-38
  1.48E+06 3.90E-22 6.35E-23 2.69E-18 2.04E-17 5.61E-29 1.55E-10 1.00E-38
  1.58E+06 1.79E-22 3.08E-23 1.34E-18 1.02E-17 2.77E-29 1.57E-10 1.00E-38
  1.68E+06 7.32E-23 1.44E-23 5.89E-19 4.47E-18 1.27E-29 1.59E-10 1.00E-38
  1.78E+06 2.25E-23 5.76E-24 1.93E-19 1.46E-18 4.70E-30 1.63E-10 1.00E-38
  1.88E+06 4.59E-24 1.71E-24 4.23E-20 3.21E-19 1.23E-30 1.70E-10 1.00E-38
  1.98E+06 7.01E-25 3.74E-25 6.63E-21 5.03E-20 2.46E-31 1.80E-10 1.00E-38
  2.08E+06 9.70E-26 6.66E-26 8.86E-22 6.72E-21 4.42E-32 1.91E-10 1.00E-38
  2.18E+06 1.32E-26 1.06E-26 1.11E-22 8.41E-22 7.64E-33 2.03E-10 1.00E-38
  2.28E+06 1.76E-27 1.56E-27 1.32E-23 9.99E-23 1.28E-33 2.14E-10 1.00E-38
  2.38E+06 2.26E-28 2.11E-28 1.46E-24 1.11E-23 2.06E-34 2.24E-10 1.00E-38
  2.48E+06 2.72E-29 2.59E-29 1.49E-25 1.13E-24 3.10E-35 2.33E-10 1.00E-38
  2.58E+06 3.01E-30 2.83E-30 1.37E-26 1.04E-25 4.27E-36 2.40E-10 1.00E-38
  2.68E+06 2.98E-31 2.72E-31 1.11E-27 8.44E-27 5.26E-37 2.44E-10 1.00E-38
  2.78E+06 2.59E-32 2.25E-32 7.90E-29 5.99E-28 5.68E-38 2.44E-10 1.00E-38
  2.88E+06 1.96E-33 1.59E-33 4.87E-30 3.69E-29 5.30E-39 2.41E-10 1.00E-38
  2.98E+06 1.28E-34 9.51E-35 2.60E-31 1.98E-30 4.25E-40 2.32E-10 1.00E-38
  3.08E+06 7.22E-36 4.86E-36 1.22E-32 9.26E-32 2.95E-41 2.19E-10 1.00E-38
  3.18E+06 3.57E-37 2.14E-37 5.09E-34 3.86E-33 1.80E-42 2.01E-10 1.00E-38
  3.28E+06 1.58E-38 8.31E-39 1.93E-35 1.46E-34 9.77E-44 1.76E-10 1.00E-38
  3.38E+06 6.35E-40 2.90E-40 6.78E-37 5.14E-36 4.89E-45 1.52E-10 1.00E-38
  3.48E+06 2.38E-41 9.35E-42 2.26E-38 1.71E-37 2.29E-46 1.29E-10 1.00E-38
  3.58E+06 8.51E-43 2.84E-43 7.21E-40 5.47E-39 1.02E-47 1.09E-10 1.00E-38
  3.68E+06 2.93E-44 8.29E-45 2.23E-41 1.70E-40 4.34E-49 9.03E-11 1.00E-38
  3.78E+06 9.74E-46 2.33E-46 6.72E-43 5.10E-42 1.79E-50 7.41E-11 1.00E-38
  3.88E+06 3.15E-47 6.35E-48 1.96E-44 1.49E-43 7.11E-52 5.99E-11 1.00E-38
  3.98E+06 9.82E-49 1.66E-49 5.52E-46 4.19E-45 2.72E-53 4.78E-11 1.00E-38
  4.08E+06 2.95E-50 4.17E-51 1.49E-47 1.13E-46 1.00E-54 3.75E-11 1.00E-38
  4.18E+06 8.52E-52 9.94E-53 3.89E-49 2.95E-48 3.50E-56 2.90E-11 1.00E-38
  4.28E+06 2.37E-53 2.26E-54 9.88E-51 7.50E-50 1.17E-57 2.20E-11 1.00E-38
  4.38E+06 6.44E-55 4.99E-56 2.50E-52 1.90E-51 3.81E-59 1.64E-11 1.00E-38
  4.48E+06 1.76E-56 1.09E-57 6.54E-54 4.97E-53 1.23E-60 1.21E-11 1.00E-38
  4.58E+06 5.00E-58 2.49E-59 1.83E-55 1.39E-54 4.09E-62 8.67E-12 1.00E-38
  4.68E+06 1.53E-59 6.04E-61 5.63E-57 4.27E-56 1.45E-63 6.12E-12 1.00E-38
  4.78E+06 5.22E-61 1.63E-62 1.97E-58 1.50E-57 5.65E-65 4.22E-12 1.00E-38
  4.88E+06 2.02E-62 5.01E-64 7.97E-60 6.05E-59 2.49E-66 2.84E-12 1.00E-38
  4.98E+06 9.04E-64 1.78E-65 3.76E-61 2.86E-60 1.25E-67 1.86E-12 1.00E-38
  5.08E+06 4.70E-65 7.41E-67 2.09E-62 1.59E-61 7.25E-69 1.19E-12 1.00E-38
  5.18E+06 2.86E-66 3.62E-68 1.37E-63 1.04E-62 4.89E-70 7.35E-13 1.00E-38
  5.28E+06 2.04E-67 2.08E-69 1.05E-64 7.97E-64 3.82E-71 4.40E-13 1.00E-38
  5.38E+06 1.70E-68 1.40E-70 9.46E-66 7.18E-65 3.48E-72 2.54E-13 1.00E-38
  5.48E+06 1.65E-69 1.10E-71 9.96E-67 7.56E-66 3.65E-73 1.42E-13 1.00E-38
  5.58E+06 1.85E-70 1.00E-72 1.22E-67 9.25E-67 4.45E-74 7.57E-14 1.00E-38
  5.68E+06 2.41E-71 1.06E-73 1.72E-68 1.31E-67 6.20E-75 3.88E-14 1.00E-38
  5.78E+06 3.60E-72 1.29E-74 2.80E-69 2.12E-68 9.88E-76 1.90E-14 1.00E-38
  5.88E+06 6.12E-73 1.79E-75 5.17E-70 3.93E-69 1.79E-76 8.88E-15 1.00E-38
  5.98E+06 1.18E-73 2.81E-76 1.08E-70 8.21E-70 3.64E-77 3.93E-15 1.00E-38
  6.08E+06 2.55E-74 4.95E-77 2.54E-71 1.93E-70 8.28E-78 1.64E-15 1.00E-38
  6.18E+06 6.15E-75 9.69E-78 6.65E-72 5.04E-71 2.10E-78 6.42E-16 1.00E-38
  6.28E+06 1.64E-75 2.09E-78 1.92E-72 1.46E-71 5.85E-79 2.34E-16 1.00E-38
  6.38E+06 4.82E-76 4.95E-79 6.09E-73 4.62E-72 1.79E-79 7.87E-17 1.00E-38
  6.48E+06 1.54E-76 1.27E-79 2.11E-73 1.60E-72 5.97E-80 2.43E-17 1.00E-38
  6.58E+06 5.38E-77 3.53E-80 7.92E-74 6.01E-73 2.17E-80 6.81E-18 1.00E-38
  6.68E+06 2.02E-77 1.06E-80 3.21E-74 2.43E-73 8.47E-81 1.72E-18 1.00E-38
  6.78E+06 8.21E-78 3.40E-81 1.40E-74 1.06E-73 3.55E-81 3.88E-19 1.00E-38
  6.88E+06 3.56E-78 1.16E-81 6.47E-75 4.91E-74 1.60E-81 7.68E-20 1.00E-38
  6.98E+06 1.65E-78 4.20E-82 3.18E-75 2.41E-74 7.66E-82 1.31E-20 1.00E-38
  7.08E+06 8.13E-79 1.59E-82 1.63E-75 1.24E-74 3.89E-82 1.86E-21 1.00E-38
  7.18E+06 4.24E-79 6.19E-83 8.68E-76 6.59E-75 2.11E-82 2.14E-22 1.00E-38
  7.28E+06 2.33E-79 2.46E-83 4.70E-76 3.57E-75 1.21E-82 1.85E-23 1.00E-38
  7.38E+06 1.33E-79 9.98E-84 2.56E-76 1.95E-75 7.23E-83 1.10E-24 1.00E-38
  7.48E+06 7.82E-80 4.08E-84 1.40E-76 1.06E-75 4.45E-83 3.84E-26 1.00E-38
  7.58E+06 4.67E-80 1.70E-84 7.66E-77 5.81E-76 2.77E-83 5.79E-28 1.00E-38
  7.68E+06 2.84E-80 7.33E-85 4.19E-77 3.18E-76 1.71E-83 1.45E-30 1.00E-38
  7.78E+06 1.73E-80 3.20E-85 2.31E-77 1.76E-76 1.06E-83 1.81E-32 1.00E-38
  7.88E+06 1.05E-80 1.41E-85 1.30E-77 9.89E-77 6.76E-84 9.97E-35 1.00E-38
  7.98E+06 6.66E-81 7.35E-86 7.82E-78 5.94E-77 4.18E-84 1.94E-37 1.00E-38
  8.08E+06 4.93E-81 5.85E-86 5.31E-78 4.03E-77 2.27E-84 1.00E-38 1.00E-38
  8.18E+06 4.01E-81 6.29E-86 4.09E-78 3.11E-77 1.17E-84 1.00E-38 1.00E-38
  8.28E+06 3.06E-81 6.60E-86 3.45E-78 2.62E-77 6.53E-85 1.00E-38 1.00E-38
  8.38E+06 2.05E-81 5.78E-86 3.05E-78 2.32E-77 4.11E-85 1.00E-38 1.00E-38
  8.48E+06 1.23E-81 4.23E-86 2.79E-78 2.12E-77 2.85E-85 1.00E-38 1.00E-38
  8.58E+06 6.96E-82 2.77E-86 2.59E-78 1.97E-77 2.08E-85 1.00E-38 1.00E-38
  8.68E+06 3.96E-82 1.72E-86 2.42E-78 1.84E-77 1.56E-85 1.00E-38 1.00E-38
  8.78E+06 2.34E-82 1.06E-86 2.27E-78 1.73E-77 1.17E-85 1.00E-38 1.00E-38
  8.88E+06 1.42E-82 6.45E-87 2.12E-78 1.61E-77 8.75E-86 1.00E-38 1.00E-38
  8.98E+06 8.87E-83 3.83E-87 1.96E-78 1.50E-77 6.47E-86 1.00E-38 1.00E-38
  9.08E+06 5.60E-83 2.24E-87 1.80E-78 1.37E-77 4.65E-86 1.00E-38 1.00E-38
  9.18E+06 3.49E-83 1.24E-87 1.62E-78 1.25E-77 3.30E-86 1.00E-38 1.00E-38
  9.28E+06 2.14E-83 6.48E-88 1.44E-78 1.11E-77 2.30E-86 1.00E-38 1.00E-38
  9.38E+06 1.30E-83 3.27E-88 1.25E-78 9.73E-78 1.56E-86 1.00E-38 1.00E-38
  9.48E+06 7.73E-84 1.56E-88 1.07E-78 8.38E-78 1.04E-86 1.00E-38 1.00E-38
  9.58E+06 4.54E-84 7.13E-89 9.01E-79 7.08E-78 6.83E-87 1.00E-38 1.00E-38
  9.68E+06 2.64E-84 3.12E-89 7.43E-79 5.88E-78 4.45E-87 1.00E-38 1.00E-38
  9.78E+06 1.54E-84 1.33E-89 6.02E-79 4.80E-78 2.85E-87 1.00E-38 1.00E-38
  9.88E+06 8.94E-85 5.51E-90 4.81E-79 3.87E-78 1.81E-87 1.00E-38 1.00E-38
  9.98E+06 5.02E-85 2.08E-90 3.78E-79 3.07E-78 1.18E-87 1.00E-38 1.00E-38

 TP, TL
           3.30E+09 4.73E+07 8.34E+08 8.36E+08 8.36E+08 2.35E+09 0.00E+00
           3.30E+09 4.73E+07 8.34E+08 8.36E+08 8.36E+08 2.32E+09 1.69E-19

     TP = 0.000E+00  TL = 1.693E-19


 OZONE COLUMN DEPTH =  5.5683E+18
 OZONE COLUMN (DU)      =  2.0726E+02


 O2, CO, CH4 COLUMN DEPTHs =      4.583E+24     3.251E+17     1.701E+19

 SULFUR COLUMN DEPTHS:  H2S = 2.809E+13  SO2 = 1.125E+15  S2 = 1.248E+08  S4 = 4.646E-01  S8 = 0.000E+00

 SCALED AEROSOL EXTINCTION OPTICAL DEPTHS
     SULFATE = 2.525E-02     S8(VIS) = 2.001E-30     S8(UV) = 1.200E-29

 FH2O AT COLD TRAP = 5.515E-06

 NUMBER DENSITIES OF LONG-LIVED SPECIES


     Z        O        O2       H2O      H        OH       HO2      H2O2     H2       CO       HCO      H2CO     CH3O     CH2OH    CH3O2    CH3OOH   CH4      CH3      C2H6    
  2.50E+04 1.03E+03 5.26E+18 2.99E+17 4.46E-02 1.55E+06 1.43E+08 6.57E+09 1.24E+13 4.13E+11 3.41E-03 3.88E+09 1.25E+01 2.70E-08 2.74E+08 1.39E+10 2.00E+13 4.52E-02 6.25E+09
  1.25E+05 1.19E+03 4.75E+18 1.95E+17 4.77E-02 1.61E+06 1.43E+08 6.59E+09 1.12E+13 3.79E+11 3.41E-03 3.27E+09 1.31E+01 3.22E-08 2.01E+08 1.11E+10 1.80E+13 3.97E-02 5.05E+09
  2.25E+05 1.46E+03 4.28E+18 1.25E+17 5.17E-02 1.72E+06 1.37E+08 6.27E+09 1.00E+13 3.42E+11 3.25E-03 2.58E+09 1.38E+01 3.99E-08 1.50E+08 8.12E+09 1.62E+13 3.70E-02 4.09E+09
  3.25E+05 1.84E+03 3.85E+18 7.87E+16 5.62E-02 1.86E+06 1.28E+08 5.54E+09 9.04E+12 3.05E+11 3.07E-03 2.03E+09 1.45E+01 5.01E-08 1.12E+08 5.56E+09 1.45E+13 3.55E-02 3.32E+09
  4.25E+05 2.31E+03 3.46E+18 4.51E+16 5.81E-02 1.92E+06 1.14E+08 4.52E+09 8.12E+12 2.70E+11 2.79E-03 1.57E+09 1.49E+01 6.25E-08 7.88E+07 3.60E+09 1.30E+13 3.26E-02 2.73E+09
  5.25E+05 2.85E+03 3.12E+18 2.41E+16 5.77E-02 1.92E+06 9.59E+07 3.43E+09 7.30E+12 2.37E+11 2.41E-03 1.18E+09 1.47E+01 7.63E-08 5.30E+07 2.22E+09 1.17E+13 2.87E-02 2.29E+09
  6.25E+05 3.45E+03 2.80E+18 1.19E+16 5.40E-02 1.83E+06 7.58E+07 2.44E+09 6.56E+12 2.08E+11 1.93E-03 8.42E+08 1.35E+01 9.12E-08 3.44E+07 1.31E+09 1.05E+13 2.36E-02 1.94E+09
  7.25E+05 4.09E+03 2.51E+18 5.47E+15 4.72E-02 1.64E+06 5.63E+07 1.64E+09 5.89E+12 1.81E+11 1.41E-03 5.66E+08 1.13E+01 1.07E-07 2.15E+07 7.49E+08 9.43E+12 1.78E-02 1.67E+09
  8.25E+05 4.82E+03 2.25E+18 2.34E+15 4.07E-02 1.45E+06 3.94E+07 1.05E+09 5.27E+12 1.58E+11 1.01E-03 3.70E+08 9.34E+00 1.24E-07 1.25E+07 4.02E+08 8.44E+12 1.31E-02 1.45E+09
  9.25E+05 5.68E+03 2.01E+18 9.54E+14 3.66E-02 1.33E+06 2.59E+07 6.24E+08 4.71E+12 1.37E+11 7.32E-04 2.41E+08 7.93E+00 1.44E-07 6.58E+06 1.96E+08 7.53E+12 9.89E-03 1.25E+09
  1.02E+06 6.80E+03 1.79E+18 3.84E+14 3.35E-02 1.24E+06 1.59E+07 3.45E+08 4.18E+12 1.18E+11 5.30E-04 1.55E+08 6.65E+00 1.68E-07 3.22E+06 8.52E+07 6.69E+12 7.57E-03 1.08E+09
  1.12E+06 8.36E+03 1.58E+18 1.62E+14 3.03E-02 1.12E+06 9.43E+06 1.77E+08 3.69E+12 1.01E+11 3.70E-04 9.66E+07 5.33E+00 1.99E-07 1.54E+06 3.37E+07 5.90E+12 5.68E-03 9.32E+08
  1.22E+06 1.06E+04 1.38E+18 7.54E+13 2.68E-02 9.55E+05 5.60E+06 8.53E+07 3.23E+12 8.50E+10 2.53E-04 5.95E+07 4.14E+00 2.38E-07 7.62E+05 1.27E+07 5.16E+12 4.21E-03 7.96E+08
  1.32E+06 1.39E+04 1.20E+18 3.92E+13 2.37E-02 7.98E+05 3.48E+06 3.98E+07 2.80E+12 7.14E+10 1.77E-04 3.72E+07 3.21E+00 2.89E-07 4.04E+05 4.79E+06 4.48E+12 3.16E-03 6.76E+08
  1.42E+06 1.86E+04 1.03E+18 2.51E+13 2.22E-02 6.89E+05 2.36E+06 1.85E+07 2.42E+12 5.97E+10 1.33E-04 2.45E+07 2.62E+00 3.52E-07 2.38E+05 1.91E+06 3.86E+12 2.52E-03 5.72E+08
  1.52E+06 2.56E+04 8.90E+17 1.87E+13 2.21E-02 6.26E+05 1.76E+06 8.68E+06 2.08E+12 4.97E+10 1.08E-04 1.73E+07 2.28E+00 4.36E-07 1.55E+05 8.17E+05 3.32E+12 2.17E-03 4.81E+08
  1.62E+06 3.77E+04 7.61E+17 1.46E+13 2.27E-02 5.81E+05 1.39E+06 4.02E+06 1.78E+12 4.09E+10 9.35E-05 1.28E+07 2.07E+00 5.69E-07 1.06E+05 3.73E+05 2.83E+12 1.97E-03 4.01E+08
  1.72E+06 6.32E+04 6.46E+17 1.22E+13 2.42E-02 5.50E+05 1.21E+06 1.89E+06 1.51E+12 3.30E+10 8.76E-05 1.02E+07 1.98E+00 8.31E-07 7.58E+04 1.91E+05 2.40E+12 1.94E-03 3.27E+08
  1.82E+06 1.26E+05 5.45E+17 1.04E+13 2.59E-02 5.16E+05 1.17E+06 1.19E+06 1.27E+12 2.58E+10 8.86E-05 8.76E+06 1.97E+00 1.41E-06 5.69E+04 1.24E+05 2.01E+12 2.07E-03 2.56E+08
  1.92E+06 2.71E+05 4.59E+17 8.76E+12 2.89E-02 4.95E+05 1.33E+06 1.26E+06 1.06E+12 1.95E+10 9.86E-05 8.22E+06 2.10E+00 2.53E-06 4.76E+04 1.13E+05 1.67E+12 2.42E-03 1.90E+08
  2.02E+06 5.40E+05 3.86E+17 7.43E+12 3.50E-02 5.04E+05 1.66E+06 1.76E+06 8.82E+11 1.49E+10 1.19E-04 8.26E+06 2.39E+00 4.24E-06 4.54E+04 1.26E+05 1.38E+12 3.07E-03 1.35E+08
  2.12E+06 9.61E+05 3.26E+17 6.34E+12 4.56E-02 5.42E+05 2.08E+06 2.54E+06 7.35E+11 1.16E+10 1.48E-04 8.50E+06 2.82E+00 6.42E-06 4.59E+04 1.48E+05 1.13E+12 4.03E-03 9.41E+07
  2.22E+06 1.57E+06 2.76E+17 5.42E+12 6.25E-02 6.03E+05 2.56E+06 3.52E+06 6.14E+11 9.30E+09 1.87E-04 8.79E+06 3.37E+00 9.09E-06 4.73E+04 1.70E+05 9.34E+11 5.37E-03 6.48E+07
  2.32E+06 2.43E+06 2.34E+17 4.64E+12 8.93E-02 6.91E+05 3.10E+06 4.72E+06 5.12E+11 7.66E+09 2.38E-04 9.09E+06 4.07E+00 1.23E-05 4.89E+04 1.90E+05 7.69E+11 7.24E-03 4.40E+07
  2.42E+06 3.63E+06 1.98E+17 3.99E+12 1.32E-01 8.10E+05 3.72E+06 6.13E+06 4.27E+11 6.43E+09 3.06E-04 9.41E+06 4.94E+00 1.63E-05 5.04E+04 2.05E+05 6.32E+11 9.86E-03 2.95E+07
  2.52E+06 5.26E+06 1.68E+17 3.43E+12 2.03E-01 9.67E+05 4.41E+06 7.72E+06 3.57E+11 5.48E+09 3.96E-04 9.72E+06 6.01E+00 2.12E-05 5.18E+04 2.15E+05 5.19E+11 1.35E-02 1.94E+07
  2.62E+06 7.47E+06 1.43E+17 2.95E+12 3.23E-01 1.17E+06 5.18E+06 9.42E+06 2.97E+11 4.71E+09 5.15E-04 1.00E+07 7.32E+00 2.72E-05 5.31E+04 2.19E+05 4.26E+11 1.87E-02 1.26E+07
  2.72E+06 1.04E+07 1.22E+17 2.55E+12 5.29E-01 1.43E+06 6.01E+06 1.11E+07 2.48E+11 4.07E+09 6.71E-04 1.02E+07 8.90E+00 3.43E-05 5.42E+04 2.17E+05 3.48E+11 2.57E-02 7.94E+06
  2.82E+06 1.42E+07 1.04E+17 2.20E+12 8.94E-01 1.75E+06 6.87E+06 1.26E+07 2.06E+11 3.54E+09 8.69E-04 1.03E+07 1.08E+01 4.28E-05 5.51E+04 2.09E+05 2.84E+11 3.53E-02 4.91E+06
  2.92E+06 1.91E+07 8.88E+16 1.91E+12 1.56E+00 2.13E+06 7.71E+06 1.37E+07 1.71E+11 3.08E+09 1.12E-03 1.02E+07 1.29E+01 5.27E-05 5.58E+04 1.97E+05 2.32E+11 4.81E-02 2.96E+06
  3.02E+06 2.54E+07 7.60E+16 1.65E+12 2.78E+00 2.58E+06 8.48E+06 1.43E+07 1.42E+11 2.69E+09 1.41E-03 1.00E+07 1.52E+01 6.42E-05 5.65E+04 1.83E+05 1.89E+11 6.48E-02 1.75E+06
  3.12E+06 3.34E+07 6.50E+16 1.44E+12 5.05E+00 3.06E+06 9.14E+06 1.43E+07 1.18E+11 2.36E+09 1.76E-03 9.65E+06 1.77E+01 7.71E-05 5.72E+04 1.67E+05 1.53E+11 8.66E-02 1.00E+06
  3.22E+06 4.38E+07 5.57E+16 1.25E+12 9.31E+00 3.58E+06 9.63E+06 1.37E+07 9.78E+10 2.07E+09 2.15E-03 9.17E+06 2.02E+01 9.14E-05 5.79E+04 1.51E+05 1.24E+11 1.15E-01 5.65E+05
  3.32E+06 5.71E+07 4.77E+16 1.08E+12 1.73E+01 4.11E+06 9.94E+06 1.27E+07 8.09E+10 1.82E+09 2.58E-03 8.61E+06 2.27E+01 1.07E-04 5.88E+04 1.36E+05 9.99E+10 1.51E-01 3.11E+05
  3.42E+06 7.43E+07 4.09E+16 9.41E+11 3.23E+01 4.63E+06 1.01E+07 1.14E+07 6.68E+10 1.60E+09 3.05E-03 7.99E+06 2.51E+01 1.23E-04 6.00E+04 1.21E+05 8.04E+10 1.97E-01 1.68E+05
  3.52E+06 9.64E+07 3.51E+16 8.19E+11 6.01E+01 5.16E+06 9.98E+06 9.86E+06 5.51E+10 1.42E+09 3.54E-03 7.33E+06 2.72E+01 1.39E-04 6.12E+04 1.08E+05 6.45E+10 2.56E-01 8.86E+04
  3.62E+06 1.25E+08 3.01E+16 7.13E+11 1.12E+02 5.71E+06 9.74E+06 8.30E+06 4.54E+10 1.25E+09 4.06E-03 6.65E+06 2.92E+01 1.55E-04 6.27E+04 9.47E+04 5.16E+10 3.31E-01 4.60E+04
  3.72E+06 1.62E+08 2.60E+16 6.22E+11 2.09E+02 6.29E+06 9.39E+06 6.83E+06 3.75E+10 1.10E+09 4.61E-03 5.97E+06 3.11E+01 1.71E-04 6.44E+04 8.29E+04 4.13E+10 4.26E-01 2.34E+04
  3.82E+06 2.10E+08 2.24E+16 5.43E+11 3.90E+02 6.93E+06 8.96E+06 5.51E+06 3.10E+10 9.67E+08 5.20E-03 5.31E+06 3.30E+01 1.88E-04 6.65E+04 7.23E+04 3.29E+10 5.47E-01 1.17E+04
  3.92E+06 2.73E+08 1.93E+16 4.74E+11 7.32E+02 7.66E+06 8.49E+06 4.39E+06 2.56E+10 8.48E+08 5.86E-03 4.68E+06 3.49E+01 2.05E-04 6.92E+04 6.30E+04 2.63E+10 7.01E-01 5.75E+03
  4.02E+06 3.57E+08 1.67E+16 4.15E+11 1.38E+03 8.47E+06 8.02E+06 3.48E+06 2.13E+10 7.43E+08 6.58E-03 4.09E+06 3.69E+01 2.23E-04 7.26E+04 5.51E+04 2.09E+10 8.98E-01 2.77E+03
  4.12E+06 4.68E+08 1.45E+16 3.63E+11 2.61E+03 9.36E+06 7.57E+06 2.76E+06 1.77E+10 6.51E+08 7.38E-03 3.54E+06 3.89E+01 2.43E-04 7.65E+04 4.85E+04 1.66E+10 1.15E+00 1.30E+03
  4.22E+06 6.13E+08 1.26E+16 3.18E+11 4.88E+03 1.03E+07 7.16E+06 2.21E+06 1.48E+10 5.71E+08 8.21E-03 3.02E+06 4.09E+01 2.63E-04 8.10E+04 4.33E+04 1.33E+10 1.45E+00 6.02E+02
  4.32E+06 7.97E+08 1.10E+16 2.80E+11 8.90E+03 1.11E+07 6.80E+06 1.80E+06 1.25E+10 5.03E+08 8.96E-03 2.53E+06 4.23E+01 2.81E-04 8.53E+04 3.93E+04 1.06E+10 1.80E+00 2.75E+02
  4.42E+06 1.02E+09 9.60E+15 2.46E+11 1.56E+04 1.17E+07 6.48E+06 1.49E+06 1.07E+10 4.45E+08 9.52E-03 2.08E+06 4.30E+01 2.95E-04 8.89E+04 3.61E+04 8.49E+09 2.17E+00 1.25E+02
  4.52E+06 1.27E+09 8.40E+15 2.16E+11 2.58E+04 1.21E+07 6.16E+06 1.25E+06 9.21E+09 3.98E+08 9.80E-03 1.68E+06 4.27E+01 3.02E-04 9.12E+04 3.36E+04 6.84E+09 2.53E+00 5.70E+01
  4.62E+06 1.54E+09 7.37E+15 1.90E+11 4.04E+04 1.21E+07 5.84E+06 1.06E+06 8.05E+09 3.58E+08 9.78E-03 1.33E+06 4.14E+01 3.00E-04 9.21E+04 3.14E+04 5.54E+09 2.85E+00 2.64E+01
  4.72E+06 1.81E+09 6.48E+15 1.68E+11 5.98E+04 1.19E+07 5.50E+06 9.00E+05 7.13E+09 3.27E+08 9.47E-03 1.05E+06 3.93E+01 2.91E-04 9.15E+04 2.93E+04 4.52E+09 3.10E+00 1.25E+01
  4.82E+06 2.06E+09 5.70E+15 1.48E+11 8.44E+04 1.14E+07 5.15E+06 7.63E+05 6.40E+09 3.02E+08 8.96E-03 8.22E+05 3.67E+01 2.76E-04 8.97E+04 2.74E+04 3.72E+09 3.29E+00 6.06E+00
  4.92E+06 2.31E+09 5.03E+15 1.31E+11 1.14E+05 1.08E+07 4.79E+06 6.46E+05 5.82E+09 2.84E+08 8.33E-03 6.42E+05 3.38E+01 2.58E-04 8.71E+04 2.56E+04 3.07E+09 3.41E+00 3.04E+00
  5.02E+06 2.54E+09 4.44E+15 1.15E+11 1.51E+05 1.02E+07 4.44E+06 5.47E+05 5.35E+09 2.72E+08 7.63E-03 5.02E+05 3.09E+01 2.39E-04 8.39E+04 2.38E+04 2.56E+09 3.47E+00 1.58E+00
  5.12E+06 2.74E+09 3.92E+15 1.02E+11 1.93E+05 9.48E+06 4.09E+06 4.63E+05 4.98E+09 2.65E+08 6.91E-03 3.93E+05 2.82E+01 2.20E-04 8.03E+04 2.21E+04 2.15E+09 3.48E+00 8.55E-01
  5.22E+06 2.93E+09 3.47E+15 8.98E+10 2.43E+05 8.79E+06 3.76E+06 3.92E+05 4.68E+09 2.65E+08 6.21E-03 3.09E+05 2.55E+01 2.01E-04 7.64E+04 2.05E+04 1.81E+09 3.44E+00 4.79E-01
  5.32E+06 3.11E+09 3.07E+15 7.93E+10 3.01E+05 8.10E+06 3.44E+06 3.31E+05 4.43E+09 2.71E+08 5.54E-03 2.44E+05 2.31E+01 1.84E-04 7.26E+04 1.90E+04 1.54E+09 3.37E+00 2.78E-01
  5.42E+06 3.26E+09 2.72E+15 6.99E+10 3.68E+05 7.45E+06 3.15E+06 2.80E+05 4.21E+09 2.82E+08 4.92E-03 1.93E+05 2.08E+01 1.67E-04 6.87E+04 1.76E+04 1.31E+09 3.26E+00 1.68E-01
  5.52E+06 3.41E+09 2.41E+15 6.16E+10 4.46E+05 6.84E+06 2.88E+06 2.38E+05 4.03E+09 3.00E+08 4.34E-03 1.53E+05 1.87E+01 1.52E-04 6.48E+04 1.63E+04 1.12E+09 3.14E+00 1.05E-01
  5.62E+06 3.54E+09 2.13E+15 5.42E+10 5.38E+05 6.27E+06 2.62E+06 2.02E+05 3.86E+09 3.24E+08 3.82E-03 1.22E+05 1.69E+01 1.39E-04 6.11E+04 1.50E+04 9.63E+08 3.00E+00 6.79E-02
  5.72E+06 3.66E+09 1.89E+15 4.77E+10 6.45E+05 5.74E+06 2.39E+06 1.71E+05 3.71E+09 3.53E+08 3.36E-03 9.76E+04 1.51E+01 1.26E-04 5.74E+04 1.38E+04 8.28E+08 2.84E+00 4.55E-02
  5.82E+06 3.77E+09 1.67E+15 4.18E+10 7.70E+05 5.26E+06 2.18E+06 1.46E+05 3.56E+09 3.87E+08 2.94E-03 7.81E+04 1.36E+01 1.15E-04 5.38E+04 1.27E+04 7.14E+08 2.68E+00 3.15E-02
  5.92E+06 3.87E+09 1.48E+15 3.67E+10 9.18E+05 4.81E+06 1.99E+06 1.25E+05 3.42E+09 4.26E+08 2.56E-03 6.27E+04 1.22E+01 1.04E-04 5.03E+04 1.17E+04 6.16E+08 2.51E+00 2.25E-02
  6.02E+06 3.96E+09 1.31E+15 3.21E+10 1.09E+06 4.41E+06 1.82E+06 1.07E+05 3.29E+09 4.68E+08 2.23E-03 5.04E+04 1.09E+01 9.45E-05 4.68E+04 1.07E+04 5.32E+08 2.33E+00 1.65E-02
  6.12E+06 4.04E+09 1.15E+15 2.81E+10 1.30E+06 4.04E+06 1.66E+06 9.21E+04 3.15E+09 5.12E+08 1.94E-03 4.06E+04 9.74E+00 8.54E-05 4.34E+04 9.80E+03 4.59E+08 2.16E+00 1.24E-02
  6.22E+06 4.10E+09 1.02E+15 2.45E+10 1.54E+06 3.70E+06 1.52E+06 7.95E+04 3.02E+09 5.58E+08 1.68E-03 3.27E+04 8.67E+00 7.70E-05 4.00E+04 8.91E+03 3.96E+08 1.99E+00 9.61E-03
  6.32E+06 4.16E+09 8.95E+14 2.13E+10 1.84E+06 3.39E+06 1.39E+06 6.87E+04 2.89E+09 6.04E+08 1.45E-03 2.63E+04 7.68E+00 6.92E-05 3.66E+04 8.05E+03 3.41E+08 1.82E+00 7.57E-03
  6.42E+06 4.20E+09 7.87E+14 1.85E+10 2.19E+06 3.11E+06 1.28E+06 5.96E+04 2.75E+09 6.50E+08 1.24E-03 2.11E+04 6.76E+00 6.18E-05 3.33E+04 7.22E+03 2.94E+08 1.65E+00 6.08E-03
  6.52E+06 4.24E+09 6.90E+14 1.60E+10 2.61E+06 2.85E+06 1.17E+06 5.17E+04 2.62E+09 6.93E+08 1.07E-03 1.68E+04 5.91E+00 5.50E-05 3.00E+04 6.41E+03 2.52E+08 1.49E+00 4.96E-03
  6.62E+06 4.27E+09 6.05E+14 1.38E+10 3.12E+06 2.62E+06 1.07E+06 4.49E+04 2.49E+09 7.33E+08 9.18E-04 1.34E+04 5.13E+00 4.88E-05 2.67E+04 5.62E+03 2.15E+08 1.34E+00 4.10E-03
  6.72E+06 4.30E+09 5.29E+14 1.18E+10 3.75E+06 2.40E+06 9.85E+05 3.91E+04 2.36E+09 7.69E+08 7.89E-04 1.07E+04 4.43E+00 4.31E-05 2.34E+04 4.89E+03 1.84E+08 1.19E+00 3.44E-03
  6.82E+06 4.33E+09 4.62E+14 1.01E+10 4.53E+06 2.21E+06 9.06E+05 3.42E+04 2.22E+09 8.00E+08 6.88E-04 8.55E+03 3.82E+00 3.78E-05 2.04E+04 4.25E+03 1.56E+08 1.05E+00 2.91E-03
  6.92E+06 4.34E+09 4.03E+14 8.65E+09 5.49E+06 2.04E+06 8.37E+05 3.03E+04 2.10E+09 8.26E+08 6.25E-04 6.98E+03 3.36E+00 3.29E-05 1.81E+04 3.80E+03 1.32E+08 9.36E-01 2.48E-03
  7.02E+06 4.31E+09 3.50E+14 7.36E+09 6.71E+06 1.90E+06 7.83E+05 2.77E+04 1.97E+09 8.47E+08 6.27E-04 6.01E+03 3.14E+00 2.83E-05 1.68E+04 3.65E+03 1.12E+08 8.67E-01 2.13E-03
  7.12E+06 4.21E+09 3.04E+14 6.23E+09 8.30E+06 1.81E+06 7.51E+05 2.65E+04 1.85E+09 8.62E+08 7.45E-04 5.71E+03 3.24E+00 2.38E-05 1.74E+04 3.93E+03 9.36E+07 8.95E-01 1.84E-03
  7.22E+06 4.02E+09 2.63E+14 5.25E+09 1.05E+07 1.78E+06 7.46E+05 2.70E+04 1.73E+09 8.72E+08 1.06E-03 6.20E+03 3.76E+00 1.94E-05 2.01E+04 4.71E+03 7.80E+07 1.10E+00 1.60E-03
  7.32E+06 3.76E+09 2.28E+14 4.39E+09 1.35E+07 1.80E+06 7.70E+05 2.94E+04 1.62E+09 8.78E+08 1.66E-03 7.59E+03 4.74E+00 1.53E-05 2.48E+04 6.02E+03 6.46E+07 1.59E+00 1.39E-03
  7.42E+06 3.48E+09 1.96E+14 3.66E+09 1.77E+07 1.88E+06 8.15E+05 3.31E+04 1.51E+09 8.81E+08 2.66E-03 9.87E+03 6.12E+00 1.18E-05 3.04E+04 7.66E+03 5.31E+07 2.48E+00 1.22E-03
  7.52E+06 3.25E+09 1.69E+14 3.02E+09 2.37E+07 1.97E+06 8.66E+05 3.72E+04 1.40E+09 8.81E+08 4.16E-03 1.28E+04 7.66E+00 9.10E-06 3.57E+04 9.28E+03 4.32E+07 3.82E+00 1.07E-03
  7.62E+06 3.10E+09 1.45E+14 2.47E+09 3.22E+07 2.05E+06 9.07E+05 4.07E+04 1.30E+09 8.80E+08 6.17E-03 1.62E+04 9.11E+00 7.08E-06 3.89E+04 1.04E+04 3.48E+07 5.49E+00 9.36E-04
  7.72E+06 3.05E+09 1.24E+14 2.00E+09 4.44E+07 2.10E+06 9.30E+05 4.26E+04 1.21E+09 8.77E+08 8.66E-03 1.94E+04 1.01E+01 5.61E-06 3.91E+04 1.07E+04 2.77E+07 7.20E+00 8.16E-04
  7.82E+06 3.11E+09 1.06E+14 1.59E+09 6.25E+07 2.11E+06 9.32E+05 4.17E+04 1.11E+09 8.72E+08 1.15E-02 2.18E+04 1.02E+01 4.51E-06 3.60E+04 9.91E+03 2.18E+07 8.52E+00 7.00E-04
  7.92E+06 3.45E+09 8.99E+13 1.25E+09 9.11E+07 2.03E+06 8.85E+05 3.57E+04 1.02E+09 8.67E+08 1.43E-02 2.27E+04 9.28E+00 3.83E-06 3.04E+04 8.09E+03 1.69E+07 8.71E+00 5.85E-04
  8.02E+06 4.85E+09 7.64E+13 9.68E+08 1.36E+08 1.63E+06 6.79E+05 2.31E+04 9.17E+08 8.61E+08 1.72E-02 2.13E+04 7.34E+00 3.87E-06 2.36E+04 5.55E+03 1.29E+07 6.63E+00 4.74E-04
  8.12E+06 9.26E+09 6.47E+13 7.32E+08 1.94E+08 9.92E+05 3.67E+05 1.02E+04 8.12E+08 8.52E+08 2.01E-02 1.64E+04 4.95E+00 4.87E-06 1.76E+04 3.10E+03 9.76E+06 3.47E+00 3.72E-04
  8.22E+06 1.97E+10 5.48E+13 5.42E+08 2.49E+08 5.44E+05 1.60E+05 3.36E+03 7.07E+08 8.39E+08 2.26E-02 9.84E+03 3.02E+00 6.69E-06 1.31E+04 1.47E+03 7.26E+06 1.51E+00 2.86E-04
  8.32E+06 3.97E+10 4.63E+13 3.95E+08 2.89E+08 3.11E+05 6.64E+04 9.43E+02 6.09E+08 8.21E+08 2.37E-02 5.00E+03 1.80E+00 8.96E-06 9.89E+03 6.29E+02 5.32E+06 6.55E-01 2.15E-04
  8.42E+06 7.34E+10 3.91E+13 2.83E+08 3.10E+08 1.89E+05 2.76E+04 2.36E+02 5.21E+08 7.99E+08 2.34E-02 2.40E+03 1.13E+00 1.13E-05 7.62E+03 2.52E+02 3.84E+06 2.97E-01 1.59E-04
  8.52E+06 1.25E+11 3.30E+13 1.99E+08 3.13E+08 1.20E+05 1.17E+04 5.37E+01 4.44E+08 7.71E+08 2.17E-02 1.16E+03 7.72E-01 1.32E-05 5.96E+03 9.68E+01 2.73E+06 1.41E-01 1.15E-04
  8.62E+06 1.96E+11 2.78E+13 1.38E+08 3.03E+08 7.86E+04 5.16E+03 1.11E+01 3.77E+08 7.41E+08 1.91E-02 5.76E+02 5.85E-01 1.45E-05 4.72E+03 3.62E+01 1.92E+06 7.07E-02 8.05E-05
  8.72E+06 2.88E+11 2.34E+13 9.42E+07 2.85E+08 5.19E+04 2.36E+03 2.07E+00 3.21E+08 7.08E+08 1.60E-02 3.00E+02 4.78E-01 1.51E-05 3.78E+03 1.34E+01 1.33E+06 3.69E-02 5.50E-05
  8.82E+06 3.99E+11 1.98E+13 6.35E+07 2.62E+08 3.44E+04 1.12E+03 3.53E-01 2.73E+08 6.72E+08 1.27E-02 1.62E+02 4.05E-01 1.48E-05 3.05E+03 4.91E+00 9.12E+05 2.00E-02 3.66E-05
  8.92E+06 5.23E+11 1.66E+13 4.22E+07 2.37E+08 2.27E+04 5.52E+02 5.62E-02 2.32E+08 6.34E+08 9.62E-03 9.12E+01 3.43E-01 1.37E-05 2.47E+03 1.82E+00 6.17E+05 1.13E-02 2.36E-05
  9.02E+06 6.56E+11 1.40E+13 2.78E+07 2.11E+08 1.50E+04 2.82E+02 8.89E-03 1.97E+08 5.95E+08 7.03E-03 5.37E+01 2.90E-01 1.22E-05 2.01E+03 6.91E-01 4.14E+05 6.55E-03 1.50E-05
  9.12E+06 7.88E+11 1.17E+13 1.81E+07 1.87E+08 9.81E+03 1.49E+02 1.53E-03 1.68E+08 5.54E+08 5.01E-03 3.28E+01 2.41E-01 1.04E-05 1.63E+03 2.70E-01 2.75E+05 3.92E-03 9.31E-06
  9.22E+06 9.13E+11 9.82E+12 1.17E+07 1.64E+08 6.38E+03 8.07E+01 3.13E-04 1.43E+08 5.11E+08 3.51E-03 2.07E+01 1.96E-01 8.55E-06 1.32E+03 1.09E-01 1.82E+05 2.42E-03 5.74E-06
  9.32E+06 1.02E+12 8.20E+12 7.50E+06 1.43E+08 4.12E+03 4.49E+01 7.77E-05 1.22E+08 4.68E+08 2.45E-03 1.35E+01 1.58E-01 6.95E-06 1.07E+03 4.60E-02 1.20E+05 1.53E-03 3.53E-06
  9.42E+06 1.11E+12 6.83E+12 4.81E+06 1.25E+08 2.65E+03 2.56E+01 2.27E-05 1.04E+08 4.25E+08 1.71E-03 9.09E+00 1.30E-01 5.71E-06 8.63E+02 2.01E-02 7.93E+04 9.94E-04 2.18E-06
  9.52E+06 1.18E+12 5.66E+12 3.10E+06 1.08E+08 1.68E+03 1.49E+01 7.33E-06 8.92E+07 3.82E+08 1.22E-03 6.34E+00 1.12E-01 4.91E-06 6.92E+02 9.11E-03 5.28E+04 6.69E-04 1.37E-06
  9.62E+06 1.22E+12 4.68E+12 2.02E+06 9.36E+07 1.06E+03 8.83E+00 2.54E-06 7.61E+07 3.40E+08 8.92E-04 4.60E+00 1.07E-01 4.70E-06 5.51E+02 4.24E-03 3.59E+04 4.70E-04 8.77E-07
  9.72E+06 1.23E+12 3.86E+12 1.35E+06 8.09E+07 6.67E+02 5.33E+00 9.27E-07 6.49E+07 3.00E+08 6.85E-04 3.53E+00 1.20E-01 5.33E-06 4.36E+02 2.03E-03 2.52E+04 3.50E-04 5.80E-07
  9.82E+06 1.22E+12 3.18E+12 9.51E+05 6.97E+07 4.16E+02 3.28E+00 3.57E-07 5.54E+07 2.62E+08 5.67E-04 2.95E+00 1.75E-01 7.67E-06 3.43E+02 1.01E-03 1.87E+04 2.84E-04 4.03E-07
  9.92E+06 1.17E+12 2.62E+12 7.27E+05 5.98E+07 2.57E+02 2.06E+00 1.50E-07 4.71E+07 2.26E+08 5.29E-04 2.78E+00 3.95E-01 1.63E-05 2.68E+02 5.57E-04 1.50E+04 2.63E-04 2.98E-07

     Z        NO       NO2      HNO      H2S      HS       S        SO       SO2      H2SO4    HSO      S2       S4       S8       SO3      OCS      S3       O3       HNO3    
  2.50E+04 4.05E+07 1.12E+08 6.02E+05 1.93E+08 6.32E+04 1.88E-08 4.03E+00 2.47E+09 6.09E+08 3.05E+06 1.89E+02 1.84E-06 6.15E-13 4.84E+00 8.33E+09 7.90E-18 3.93E+11 9.15E+08
  1.25E+05 4.88E+07 1.06E+08 3.19E+05 8.50E+07 2.75E+04 1.44E-08 2.64E+00 2.87E+09 3.38E+08 1.30E+06 1.59E+02 1.14E-06 5.55E-13 2.33E+00 7.52E+09 4.36E-18 3.78E+11 1.01E+09
  2.25E+05 5.95E+07 1.09E+08 1.51E+05 3.58E+07 1.07E+04 1.42E-08 1.60E+00 2.09E+09 2.27E+08 4.98E+05 1.34E+02 7.19E-07 5.01E-13 1.37E+00 6.78E+09 3.13E-18 3.84E+11 1.18E+09
  3.25E+05 7.28E+07 1.17E+08 7.12E+04 1.46E+07 4.17E+03 1.50E-08 9.83E-01 1.38E+09 1.58E+08 1.89E+05 1.16E+02 4.76E-07 4.50E-13 9.07E-01 6.09E+09 2.47E-18 4.02E+11 1.35E+09
  4.25E+05 9.06E+07 1.26E+08 3.41E+04 5.93E+06 1.62E+03 1.58E-08 6.31E-01 8.98E+08 1.08E+08 7.16E+04 1.02E+02 3.23E-07 4.05E-13 6.98E-01 5.47E+09 1.99E-18 4.23E+11 1.46E+09
  5.25E+05 1.11E+08 1.32E+08 1.74E+04 2.50E+06 6.79E+02 1.65E-08 4.51E-01 5.90E+08 7.23E+07 2.92E+04 8.90E+01 2.20E-07 3.64E-13 6.83E-01 4.92E+09 1.59E-18 4.41E+11 1.49E+09
  6.25E+05 1.28E+08 1.26E+08 9.52E+03 1.11E+06 3.24E+02 1.72E-08 3.59E-01 3.98E+08 4.77E+07 1.35E+04 7.75E+01 1.48E-07 3.27E-13 8.37E-01 4.42E+09 1.26E-18 4.55E+11 1.46E+09
  7.25E+05 1.37E+08 1.10E+08 5.43E+03 5.24E+05 1.73E+02 1.77E-08 3.11E-01 2.77E+08 3.10E+07 6.97E+03 6.71E+01 9.82E-08 2.94E-13 1.18E+00 3.96E+09 9.81E-19 4.63E+11 1.38E+09
  8.25E+05 1.53E+08 9.76E+07 3.29E+03 2.61E+05 9.44E+01 1.81E-08 2.96E-01 1.98E+08 2.02E+07 3.65E+03 5.78E+01 6.47E-08 2.63E-13 1.91E+00 3.55E+09 7.59E-19 4.68E+11 1.29E+09
  9.25E+05 1.93E+08 9.67E+07 2.15E+03 1.32E+05 4.98E+01 1.84E-08 3.07E-01 1.43E+08 1.33E+07 1.84E+03 4.98E+01 4.24E-08 2.35E-13 3.46E+00 3.17E+09 5.83E-19 4.73E+11 1.20E+09
  1.02E+06 2.56E+08 1.02E+08 1.46E+03 6.65E+04 2.59E+01 1.87E-08 3.29E-01 1.03E+08 8.74E+06 9.03E+02 4.28E+01 2.77E-08 2.09E-13 5.98E+00 2.81E+09 4.46E-19 4.79E+11 1.12E+09
  1.12E+06 3.32E+08 1.08E+08 9.71E+02 3.29E+04 1.36E+01 1.91E-08 3.43E-01 7.39E+07 5.60E+06 4.49E+02 3.70E+01 1.81E-08 1.84E-13 8.95E+00 2.48E+09 3.41E-19 4.89E+11 1.04E+09
  1.22E+06 4.06E+08 1.12E+08 6.34E+02 1.63E+04 7.41E+00 1.95E-08 3.42E-01 5.32E+07 3.44E+06 2.32E+02 3.23E+01 1.20E-08 1.61E-13 1.22E+01 2.17E+09 2.62E-19 5.02E+11 9.69E+08
  1.32E+06 4.70E+08 1.15E+08 4.14E+02 8.16E+03 4.25E+00 2.01E-08 3.28E-01 3.87E+07 2.07E+06 1.28E+02 2.84E+01 8.01E-09 1.40E-13 1.58E+01 1.88E+09 2.05E-19 5.16E+11 9.04E+08
  1.42E+06 5.20E+08 1.16E+08 2.84E+02 4.20E+03 2.66E+00 2.15E-08 3.16E-01 2.84E+07 1.26E+06 7.78E+01 2.53E+01 5.45E-09 1.21E-13 1.64E+01 1.62E+09 1.67E-19 5.32E+11 8.50E+08
  1.52E+06 5.62E+08 1.18E+08 2.06E+02 2.17E+03 1.81E+00 2.52E-08 3.12E-01 2.10E+07 8.02E+05 5.16E+01 2.28E+01 3.79E-09 1.04E-13 1.49E+01 1.39E+09 1.50E-19 5.54E+11 8.20E+08
  1.62E+06 6.08E+08 1.30E+08 1.55E+02 1.06E+03 1.26E+00 3.45E-08 3.13E-01 1.54E+07 5.11E+05 3.55E+01 2.08E+01 2.69E-09 8.89E-14 1.43E+01 1.18E+09 1.59E-19 6.06E+11 8.39E+08
  1.72E+06 6.78E+08 1.71E+08 1.22E+02 4.39E+02 8.70E-01 5.50E-08 3.21E-01 1.07E+07 3.12E+05 2.48E+01 1.89E+01 1.89E-09 7.55E-14 1.17E+01 9.91E+08 1.95E-19 7.34E+11 9.79E+08
  1.82E+06 7.76E+08 2.79E+08 9.60E+01 1.36E+02 5.84E-01 9.42E-08 3.43E-01 7.04E+06 1.77E+05 1.72E+01 1.55E+01 1.06E-09 6.37E-14 1.07E+01 8.18E+08 2.30E-19 1.02E+12 1.37E+09
  1.92E+06 8.70E+08 4.87E+08 7.74E+01 3.15E+01 4.08E-01 1.65E-07 4.08E-01 4.75E+06 1.03E+05 1.26E+01 9.01E+00 3.02E-10 5.35E-14 1.18E+01 6.57E+08 1.96E-19 1.50E+12 2.09E+09
  2.02E+06 9.23E+08 7.53E+08 6.49E+01 7.50E+00 3.16E-01 2.98E-07 5.72E-01 3.89E+06 7.75E+04 1.01E+01 3.13E+00 3.05E-11 4.50E-14 1.68E+01 5.16E+08 1.03E-19 2.04E+12 2.91E+09
  2.12E+06 9.50E+08 1.01E+09 5.58E+01 3.10E+00 2.63E-01 5.40E-07 9.09E-01 3.96E+06 7.64E+04 8.65E+00 6.49E-01 1.11E-12 3.79E-14 2.99E+01 3.99E+08 3.25E-20 2.50E+12 3.57E+09
  2.22E+06 9.72E+08 1.23E+09 4.86E+01 2.23E+00 2.25E-01 9.55E-07 1.54E+00 4.46E+06 8.69E+04 7.53E+00 8.28E-02 1.52E-14 3.21E-14 5.86E+01 3.03E+08 6.19E-21 2.83E+12 3.96E+09
  2.32E+06 1.00E+09 1.43E+09 4.23E+01 1.88E+00 1.94E-01 1.62E-06 2.69E+00 5.10E+06 1.03E+05 6.57E+00 6.45E-03 7.82E-17 2.71E-14 1.18E+02 2.27E+08 6.93E-22 3.03E+12 4.10E+09
  2.42E+06 1.04E+09 1.61E+09 3.67E+01 1.57E+00 1.66E-01 2.62E-06 4.70E+00 5.71E+06 1.23E+05 5.68E+00 2.99E-04 1.43E-19 2.30E-14 2.34E+02 1.66E+08 4.41E-23 3.13E+12 4.03E+09
  2.52E+06 1.09E+09 1.78E+09 3.13E+01 1.26E+00 1.40E-01 4.02E-06 8.07E+00 6.15E+06 1.45E+05 4.84E+00 8.20E-06 9.34E-23 1.95E-14 4.57E+02 1.19E+08 1.57E-24 3.15E+12 3.77E+09
  2.62E+06 1.15E+09 1.94E+09 2.60E+01 9.66E-01 1.15E-01 5.81E-06 1.33E+01 6.36E+06 1.68E+05 4.03E+00 2.24E-07 2.49E-24 1.65E-14 8.64E+02 8.25E+07 5.27E-26 3.08E+12 3.39E+09
  2.72E+06 1.22E+09 2.07E+09 2.08E+01 6.99E-01 9.23E-02 7.89E-06 2.10E+01 6.28E+06 1.96E+05 3.25E+00 8.00E-08 2.51E-24 1.41E-14 1.56E+03 5.52E+07 2.17E-26 2.96E+12 2.93E+09
  2.82E+06 1.29E+09 2.16E+09 1.58E+01 4.78E-01 7.12E-02 9.98E-06 3.11E+01 5.92E+06 2.39E+05 2.52E+00 5.59E-08 2.58E-24 1.20E-14 2.66E+03 3.55E+07 1.63E-26 2.78E+12 2.44E+09
  2.92E+06 1.36E+09 2.19E+09 1.12E+01 3.06E-01 5.24E-02 1.17E-05 4.31E+01 5.31E+06 3.22E+05 1.86E+00 3.47E-08 2.66E-24 1.02E-14 4.25E+03 2.17E+07 1.01E-26 2.58E+12 1.96E+09
  3.02E+06 1.42E+09 2.16E+09 7.30E+00 1.84E-01 3.65E-02 1.26E-05 5.57E+01 4.54E+06 5.17E+05 1.29E+00 1.86E-08 2.76E-24 8.70E-15 6.35E+03 1.25E+07 5.01E-27 2.35E+12 1.52E+09
  3.12E+06 1.46E+09 2.07E+09 4.36E+00 1.03E-01 2.38E-02 1.24E-05 6.70E+01 3.71E+06 1.02E+06 8.43E-01 8.56E-09 2.87E-24 7.42E-15 8.99E+03 6.78E+06 1.94E-27 2.11E+12 1.14E+09
  3.22E+06 1.48E+09 1.93E+09 2.38E+00 5.29E-02 1.44E-02 1.11E-05 7.49E+01 2.91E+06 2.19E+06 5.09E-01 3.32E-09 2.99E-24 6.34E-15 1.23E+04 3.42E+06 5.74E-28 1.86E+12 8.30E+08
  3.32E+06 1.47E+09 1.74E+09 1.20E+00 2.51E-02 8.07E-03 8.90E-06 7.86E+01 2.21E+06 3.49E+06 2.84E-01 1.07E-09 3.12E-24 5.41E-15 1.64E+04 1.59E+06 1.28E-28 1.63E+12 5.84E+08
  3.42E+06 1.44E+09 1.54E+09 5.97E-01 1.09E-02 4.13E-03 6.40E-06 7.89E+01 1.65E+06 3.91E+06 1.45E-01 2.85E-10 3.26E-24 4.62E-15 2.14E+04 6.76E+05 2.09E-29 1.40E+12 3.99E+08
  3.52E+06 1.40E+09 1.32E+09 3.42E-01 4.28E-03 1.93E-03 4.10E-06 7.84E+01 1.26E+06 3.82E+06 6.69E-02 6.17E-11 3.41E-24 3.95E-15 2.70E+04 2.62E+05 2.48E-30 1.20E+12 2.67E+08
  3.62E+06 1.33E+09 1.10E+09 2.66E-01 1.52E-03 8.12E-04 2.35E-06 8.01E+01 1.01E+06 3.47E+06 2.79E-02 1.08E-11 3.56E-24 3.39E-15 3.30E+04 9.21E+04 2.14E-31 1.02E+12 1.75E+08
  3.72E+06 1.26E+09 8.95E+08 2.73E-01 4.82E-04 3.08E-04 1.23E-06 8.61E+01 8.71E+05 3.03E+06 1.04E-02 1.55E-12 3.73E-24 2.90E-15 3.81E+04 2.93E+04 1.39E-32 8.62E+11 1.13E+08
  3.82E+06 1.18E+09 7.10E+08 3.15E-01 1.37E-04 1.04E-04 6.46E-07 9.71E+01 8.00E+05 2.57E+06 3.45E-03 1.99E-13 3.90E-24 2.49E-15 4.07E+04 8.38E+03 8.07E-34 7.28E+11 7.24E+07
  3.92E+06 1.09E+09 5.47E+08 3.73E-01 3.47E-05 3.16E-05 4.23E-07 1.12E+02 7.63E+05 2.15E+06 1.01E-03 2.85E-14 4.09E-24 2.14E-15 4.02E+04 2.16E+03 6.54E-35 6.13E+11 4.58E+07
  4.02E+06 1.00E+09 4.08E+08 4.40E-01 7.83E-06 8.45E-06 4.16E-07 1.29E+02 7.39E+05 1.78E+06 2.59E-04 5.44E-15 4.28E-24 1.85E-15 3.72E+04 4.98E+02 1.06E-35 5.13E+11 2.84E+07
  4.12E+06 9.15E+08 2.94E+08 5.13E-01 1.57E-06 2.00E-06 5.34E-07 1.47E+02 7.15E+05 1.47E+06 5.75E-05 1.20E-15 4.49E-24 1.59E-15 3.27E+04 1.03E+02 2.61E-36 4.26E+11 1.72E+07
  4.22E+06 8.25E+08 2.03E+08 5.84E-01 2.81E-07 4.17E-07 7.30E-07 1.64E+02 6.85E+05 1.21E+06 1.10E-05 2.53E-16 4.70E-24 1.38E-15 2.78E+04 1.91E+01 6.53E-37 3.51E+11 1.01E+07
  4.32E+06 7.35E+08 1.35E+08 6.46E-01 4.70E-08 8.07E-08 9.93E-07 1.81E+02 6.51E+05 1.00E+06 2.01E-06 4.74E-17 4.93E-24 1.19E-15 2.30E+04 3.19E+00 1.45E-37 2.86E+11 5.69E+06
  4.42E+06 6.46E+08 8.63E+07 6.86E-01 9.70E-09 1.95E-08 1.32E-06 1.96E+02 6.13E+05 8.31E+05 6.35E-07 7.89E-18 5.17E-24 1.04E-15 1.87E+04 4.81E-01 2.80E-38 2.31E+11 3.07E+06
  4.52E+06 5.61E+08 5.39E+07 6.99E-01 4.56E-09 1.09E-08 1.72E-06 2.12E+02 5.73E+05 6.92E+05 5.73E-07 1.19E-18 5.40E-24 9.00E-16 1.51E+04 6.64E-02 4.84E-39 1.85E+11 1.60E+06
  4.62E+06 4.81E+08 3.32E+07 6.84E-01 3.98E-09 1.08E-08 2.21E-06 2.28E+02 5.32E+05 5.78E+05 7.15E-07 1.68E-19 5.62E-24 7.84E-16 1.20E+04 8.51E-03 7.67E-40 1.47E+11 8.11E+05
  4.72E+06 4.08E+08 2.03E+07 6.46E-01 3.83E-09 1.15E-08 2.81E-06 2.44E+02 4.91E+05 4.84E+05 8.95E-07 2.25E-20 5.83E-24 6.84E-16 9.47E+03 1.03E-03 1.15E-40 1.17E+11 4.04E+05
  4.82E+06 3.44E+08 1.24E+07 5.93E-01 3.59E-09 1.19E-08 3.54E-06 2.62E+02 4.52E+05 4.07E+05 1.09E-06 3.00E-21 6.02E-24 5.98E-16 7.46E+03 1.20E-04 1.70E-41 9.27E+10 2.00E+05
  4.92E+06 2.88E+08 7.59E+06 5.33E-01 3.27E-09 1.19E-08 4.42E-06 2.81E+02 4.14E+05 3.43E+05 1.31E-06 4.63E-22 6.17E-24 5.23E-16 5.86E+03 1.37E-05 2.88E-42 7.36E+10 9.87E+04
  5.02E+06 2.39E+08 4.67E+06 4.70E-01 2.93E-09 1.16E-08 5.51E-06 3.03E+02 3.79E+05 2.90E+05 1.55E-06 1.36E-22 6.31E-24 4.58E-16 4.61E+03 1.56E-06 9.32E-43 5.87E+10 4.90E+04
  5.12E+06 1.98E+08 2.88E+06 4.09E-01 2.58E-09 1.12E-08 6.86E-06 3.27E+02 3.45E+05 2.46E+05 1.81E-06 9.31E-23 6.41E-24 4.01E-16 3.63E+03 1.80E-07 7.02E-43 4.70E+10 2.44E+04
  5.22E+06 1.63E+08 1.79E+06 3.52E-01 2.28E-09 1.07E-08 8.54E-06 3.55E+02 3.14E+05 2.09E+05 2.11E-06 8.75E-23 6.50E-24 3.51E-16 2.86E+03 2.13E-08 7.27E-43 3.78E+10 1.22E+04
  5.32E+06 1.34E+08 1.11E+06 3.00E-01 2.00E-09 1.03E-08 1.06E-05 3.86E+02 2.85E+05 1.78E+05 2.45E-06 8.77E-23 6.56E-24 3.08E-16 2.26E+03 2.62E-09 8.04E-43 3.05E+10 6.17E+03
  5.42E+06 1.10E+08 6.89E+05 2.54E-01 1.78E-09 9.89E-09 1.33E-05 4.23E+02 2.58E+05 1.51E+05 2.85E-06 9.00E-23 6.61E-24 2.70E-16 1.79E+03 3.41E-10 9.12E-43 2.47E+10 3.13E+03
  5.52E+06 8.92E+07 4.28E+05 2.14E-01 1.59E-09 9.60E-09 1.67E-05 4.65E+02 2.33E+05 1.29E+05 3.31E-06 9.39E-23 6.64E-24 2.36E-16 1.41E+03 5.23E-11 1.05E-42 2.00E+10 1.59E+03
  5.62E+06 7.23E+07 2.67E+05 1.79E-01 1.44E-09 9.41E-09 2.09E-05 5.13E+02 2.10E+05 1.10E+05 3.86E-06 9.99E-23 6.66E-24 2.07E-16 1.12E+03 1.46E-11 1.25E-42 1.63E+10 8.11E+02
  5.72E+06 5.84E+07 1.66E+05 1.49E-01 1.32E-09 9.36E-09 2.63E-05 5.70E+02 1.90E+05 9.36E+04 4.53E-06 1.09E-22 6.66E-24 1.81E-16 8.86E+02 1.04E-11 1.52E-42 1.33E+10 4.15E+02
  5.82E+06 4.70E+07 1.03E+05 1.23E-01 1.23E-09 9.41E-09 3.33E-05 6.34E+02 1.70E+05 7.97E+04 5.32E-06 1.22E-22 6.66E-24 1.58E-16 7.02E+02 1.12E-11 1.89E-42 1.08E+10 2.13E+02
  5.92E+06 3.77E+07 6.44E+04 1.02E-01 1.17E-09 9.65E-09 4.22E-05 7.10E+02 1.53E+05 6.79E+04 6.30E-06 1.40E-22 6.64E-24 1.38E-16 5.56E+02 1.30E-11 2.45E-42 8.81E+09 1.10E+02
  6.02E+06 3.01E+07 4.02E+04 8.41E-02 1.13E-09 1.01E-08 5.39E-05 8.00E+02 1.37E+05 5.78E+04 7.52E-06 1.68E-22 6.62E-24 1.20E-16 4.41E+02 1.52E-11 3.32E-42 7.18E+09 5.70E+01
  6.12E+06 2.40E+07 2.51E+04 6.92E-02 1.12E-09 1.07E-08 6.90E-05 9.02E+02 1.22E+05 4.91E+04 9.01E-06 2.08E-22 6.59E-24 1.05E-16 3.49E+02 1.77E-11 4.64E-42 5.83E+09 2.97E+01
  6.22E+06 1.90E+07 1.58E+04 5.68E-02 1.12E-09 1.16E-08 8.85E-05 1.02E+03 1.09E+05 4.16E+04 1.08E-05 2.68E-22 6.55E-24 9.10E-17 2.75E+02 2.06E-11 6.74E-42 4.72E+09 1.55E+01
  6.32E+06 1.50E+07 9.98E+03 4.66E-02 1.15E-09 1.28E-08 1.14E-04 1.16E+03 9.72E+04 3.52E+04 1.31E-05 3.57E-22 6.51E-24 7.89E-17 2.17E+02 2.37E-11 1.02E-41 3.81E+09 8.15E+00
  6.42E+06 1.18E+07 6.34E+03 3.82E-02 1.20E-09 1.43E-08 1.47E-04 1.31E+03 8.62E+04 2.97E+04 1.59E-05 4.90E-22 6.45E-24 6.83E-17 1.71E+02 2.70E-11 1.58E-41 3.07E+09 4.31E+00
  6.52E+06 9.28E+06 4.06E+03 3.12E-02 1.27E-09 1.62E-08 1.89E-04 1.48E+03 7.63E+04 2.49E+04 1.93E-05 6.91E-22 6.39E-24 5.89E-17 1.34E+02 3.03E-11 2.52E-41 2.45E+09 2.29E+00
  6.62E+06 7.27E+06 2.63E+03 2.56E-02 1.36E-09 1.87E-08 2.42E-04 1.67E+03 6.73E+04 2.08E+04 2.34E-05 9.96E-22 6.33E-24 5.07E-17 1.06E+02 3.36E-11 4.09E-41 1.95E+09 1.23E+00
  6.72E+06 5.69E+06 1.72E+03 2.09E-02 1.48E-09 2.20E-08 3.12E-04 1.89E+03 5.92E+04 1.73E+04 2.84E-05 1.47E-21 6.26E-24 4.35E-17 8.31E+01 3.68E-11 6.81E-41 1.55E+09 6.68E-01
  6.82E+06 4.45E+06 1.14E+03 1.72E-02 1.65E-09 2.61E-08 4.00E-04 2.12E+03 5.19E+04 1.43E+04 3.45E-05 2.22E-21 6.18E-24 3.73E-17 6.60E+01 3.96E-11 1.15E-40 1.23E+09 3.66E-01
  6.92E+06 3.48E+06 7.63E+02 1.42E-02 1.88E-09 3.17E-08 5.11E-04 2.37E+03 4.53E+04 1.18E+04 4.19E-05 3.40E-21 6.09E-24 3.18E-17 5.38E+01 4.20E-11 1.96E-40 9.62E+08 2.05E-01
  7.02E+06 2.73E+06 5.28E+02 1.20E-02 2.25E-09 3.98E-08 6.50E-04 2.63E+03 3.94E+04 9.59E+03 5.15E-05 5.45E-21 6.00E-24 2.71E-17 4.62E+01 4.37E-11 3.49E-40 7.46E+08 1.19E-01
  7.12E+06 2.14E+06 3.81E+02 1.04E-02 2.91E-09 5.24E-08 8.19E-04 2.89E+03 3.40E+04 7.73E+03 6.40E-05 9.21E-21 5.90E-24 2.30E-17 4.31E+01 4.45E-11 6.44E-40 5.65E+08 7.26E-02
  7.22E+06 1.69E+06 2.93E+02 9.36E-03 4.14E-09 7.32E-08 1.01E-03 3.10E+03 2.93E+04 6.15E+03 8.07E-05 1.66E-20 5.79E-24 1.94E-17 4.44E+01 4.43E-11 1.24E-39 4.16E+08 4.82E-02
  7.32E+06 1.34E+06 2.42E+02 8.83E-03 6.45E-09 1.09E-07 1.23E-03 3.26E+03 2.51E+04 4.83E+03 1.04E-04 3.21E-20 5.67E-24 1.63E-17 4.93E+01 4.30E-11 2.52E-39 2.97E+08 3.51E-02
  7.42E+06 1.06E+06 2.10E+02 8.61E-03 1.05E-08 1.70E-07 1.45E-03 3.33E+03 2.15E+04 3.73E+03 1.33E-04 6.34E-20 5.53E-24 1.37E-17 5.63E+01 4.06E-11 5.05E-39 2.08E+08 2.73E-02
  7.52E+06 8.47E+05 1.83E+02 8.48E-03 1.68E-08 2.62E-07 1.65E-03 3.29E+03 1.83E+04 2.81E+03 1.65E-04 1.20E-19 5.38E-24 1.14E-17 6.37E+01 3.75E-11 9.38E-39 1.45E+08 2.16E-02
  7.62E+06 6.77E+05 1.55E+02 8.28E-03 2.55E-08 3.93E-07 1.85E-03 3.17E+03 1.56E+04 2.08E+03 1.96E-04 2.10E-19 5.22E-24 9.43E-18 6.93E+01 3.40E-11 1.58E-38 1.02E+08 1.65E-02
  7.72E+06 5.42E+05 1.26E+02 7.95E-03 3.65E-08 5.68E-07 2.04E-03 2.99E+03 1.33E+04 1.49E+03 2.25E-04 3.40E-19 5.03E-24 7.75E-18 7.16E+01 3.04E-11 2.42E-38 7.27E+07 1.20E-02
  7.82E+06 4.32E+05 9.62E+01 7.49E-03 4.77E-08 7.88E-07 2.22E-03 2.78E+03 1.12E+04 1.04E+03 2.46E-04 5.03E-19 4.82E-24 6.32E-18 6.96E+01 2.72E-11 3.32E-38 5.23E+07 7.95E-03
  7.92E+06 3.43E+05 6.42E+01 6.67E-03 5.18E-08 1.01E-06 2.44E-03 2.60E+03 9.43E+03 7.02E+02 2.56E-04 6.36E-19 4.58E-24 5.10E-18 6.36E+01 2.46E-11 3.92E-38 3.95E+07 4.46E-03
  8.02E+06 2.69E+05 2.86E+01 4.75E-03 3.54E-08 9.26E-07 2.89E-03 2.62E+03 7.66E+03 4.58E+02 2.35E-04 4.97E-19 4.31E-24 4.08E-18 5.47E+01 2.28E-11 3.09E-38 3.67E+07 1.80E-03
  8.12E+06 2.08E+05 7.25E+00 2.34E-03 1.18E-08 4.74E-07 3.74E-03 2.87E+03 5.87E+03 2.89E+02 1.67E-04 1.73E-19 4.01E-24 3.22E-18 4.41E+01 2.12E-11 1.18E-38 4.49E+07 4.89E-04
  8.22E+06 1.59E+05 1.60E+00 9.16E-04 2.14E-09 1.57E-07 4.71E-03 3.06E+03 4.34E+03 1.75E+02 9.30E-05 3.42E-20 3.68E-24 2.50E-18 3.35E+01 1.87E-11 2.49E-39 6.15E+07 1.07E-04
  8.32E+06 1.20E+05 4.99E-01 3.36E-04 2.64E-10 4.37E-08 5.53E-03 3.03E+03 3.21E+03 1.02E+02 4.54E-05 5.54E-21 3.31E-24 1.91E-18 2.40E+01 1.50E-11 4.01E-40 8.26E+07 2.16E-05
  8.42E+06 8.93E+04 2.32E-01 1.23E-04 2.51E-11 1.16E-08 6.11E-03 2.82E+03 2.41E+03 5.76E+01 2.08E-05 8.83E-22 2.93E-24 1.43E-18 1.63E+01 1.07E-11 5.99E-41 1.05E+08 4.20E-06
  8.52E+06 6.64E+04 1.31E-01 4.62E-05 2.01E-12 3.10E-09 6.51E-03 2.53E+03 1.84E+03 3.12E+01 9.35E-06 1.51E-22 2.52E-24 1.04E-18 1.05E+01 6.88E-12 9.22E-42 1.24E+08 8.22E-07
  8.62E+06 4.93E+04 7.90E-02 1.79E-05 1.57E-13 8.70E-10 6.77E-03 2.21E+03 1.43E+03 1.62E+01 4.25E-06 2.95E-23 2.10E-24 7.37E-19 6.51E+00 4.19E-12 1.59E-42 1.40E+08 1.70E-07
  8.72E+06 3.65E+04 4.88E-02 7.18E-06 1.40E-14 2.61E-10 6.93E-03 1.91E+03 1.11E+03 8.08E+00 1.98E-06 7.03E-24 1.69E-24 5.04E-19 3.93E+00 2.52E-12 3.28E-43 1.49E+08 3.87E-08
  8.82E+06 2.70E+04 3.03E-02 2.99E-06 1.51E-15 8.35E-11 7.03E-03 1.63E+03 8.67E+02 3.87E+00 9.53E-07 2.17E-24 1.30E-24 3.31E-19 2.35E+00 1.53E-12 8.72E-44 1.53E+08 1.00E-08
  8.92E+06 1.98E+04 1.88E-02 1.29E-06 1.95E-16 2.86E-11 7.08E-03 1.38E+03 6.73E+02 1.78E+00 4.72E-07 8.88E-25 9.57E-25 2.06E-19 1.41E+00 9.63E-13 3.06E-44 1.48E+08 2.89E-09
  9.02E+06 1.45E+04 1.17E-02 5.72E-07 2.99E-17 1.06E-11 7.11E-03 1.17E+03 5.17E+02 7.85E-01 2.42E-07 4.64E-25 6.62E-25 1.22E-19 8.60E-01 6.25E-13 1.37E-44 1.39E+08 8.89E-10
  9.12E+06 1.06E+04 7.21E-03 2.61E-07 5.36E-18 4.17E-12 7.11E-03 9.80E+02 3.91E+02 3.32E-01 1.29E-07 2.85E-25 4.29E-25 6.74E-20 5.33E-01 4.19E-13 7.16E-45 1.26E+08 2.84E-10
  9.22E+06 7.62E+03 4.43E-03 1.22E-07 1.08E-18 1.74E-12 7.08E-03 8.18E+02 2.91E+02 1.35E-01 7.01E-08 1.92E-25 2.59E-25 3.47E-20 3.33E-01 2.87E-13 4.11E-45 1.10E+08 9.16E-11
  9.32E+06 5.45E+03 2.70E-03 5.82E-08 2.46E-19 7.69E-13 7.03E-03 6.79E+02 2.13E+02 5.31E-02 3.91E-08 1.37E-25 1.44E-25 1.65E-20 2.07E-01 2.01E-13 2.49E-45 9.23E+07 2.97E-11
  9.42E+06 3.88E+03 1.64E-03 2.83E-08 6.25E-20 3.56E-13 6.95E-03 5.60E+02 1.52E+02 2.02E-02 2.23E-08 1.02E-25 7.42E-26 7.27E-21 1.27E-01 1.43E-13 1.57E-45 7.54E+07 9.69E-12
  9.52E+06 2.75E+03 9.94E-04 1.41E-08 1.72E-20 1.72E-13 6.83E-03 4.57E+02 1.07E+02 7.50E-03 1.29E-08 7.80E-26 3.50E-26 2.93E-21 7.67E-02 1.03E-13 1.01E-45 5.96E+07 3.16E-12
  9.62E+06 1.95E+03 6.03E-04 7.15E-09 5.12E-21 8.60E-14 6.68E-03 3.70E+02 7.32E+01 2.73E-03 7.58E-09 6.09E-26 1.52E-26 1.09E-21 4.52E-02 7.45E-14 6.57E-46 4.56E+07 1.03E-12
  9.72E+06 1.40E+03 3.70E-04 3.76E-09 1.63E-21 4.46E-14 6.50E-03 2.98E+02 4.91E+01 9.87E-04 4.49E-09 4.82E-26 6.09E-27 3.73E-22 2.60E-02 5.42E-14 4.33E-46 3.38E+07 3.41E-13
  9.82E+06 1.03E+03 2.33E-04 2.07E-09 5.62E-22 2.40E-14 6.27E-03 2.37E+02 3.23E+01 3.64E-04 2.69E-09 3.87E-26 2.26E-27 1.19E-22 1.47E-02 3.96E-14 2.86E-46 2.44E+07 1.16E-13
  9.92E+06 7.97E+02 1.53E-04 1.22E-09 2.04E-22 1.33E-14 6.01E-03 1.87E+02 2.09E+01 1.48E-04 1.62E-09 3.15E-26 7.90E-28 3.54E-23 8.38E-03 2.88E-14 1.90E-46 1.69E+07 4.19E-14

     Z        N        NO3      N2O      HO2NO2   N2O5     NH       NH2      NH3      CO2      CS       CS2      HCS      C2H6S    C2H5S    C2H5SO   C2H5SO2  CH3S     CH3SO   
  2.50E+04 1.75-212 1.29E+04 6.75E+12 9.42E+05 1.52E+02 2.45E-19 2.49E-19 1.68E+12 7.02E+15 6.66E+00 1.04E+08 6.26E-10 2.44E+09 6.32E-04 6.09E-01 3.73E+07 9.07E+03 1.53E+05
  1.25E+05 5.47-199 1.12E+04 6.10E+12 1.79E+06 2.46E+02 2.21E-19 2.25E-19 1.50E+12 6.34E+15 6.09E+00 7.99E+07 6.27E-10 9.04E+08 2.69E-04 2.48E-01 1.25E+07 3.75E+03 6.51E+04
  2.25E+05 9.50-186 1.12E+04 5.49E+12 3.63E+06 5.10E+02 1.99E-19 2.03E-19 1.35E+12 5.72E+15 5.21E+00 6.08E+07 6.49E-10 3.18E+08 1.12E-04 9.34E-02 3.78E+06 1.35E+03 2.40E+04
  3.25E+05 8.39-173 1.20E+04 4.94E+12 7.62E+06 1.19E+03 1.79E-19 1.82E-19 1.21E+12 5.14E+15 4.27E+00 4.59E+07 6.56E-10 1.07E+08 4.56E-05 3.39E-02 1.10E+06 4.55E+02 8.34E+03
  4.25E+05 3.41-160 1.26E+04 4.44E+12 1.68E+07 3.03E+03 1.61E-19 1.64E-19 1.08E+12 4.63E+15 3.44E+00 3.46E+07 6.39E-10 3.63E+07 1.77E-05 1.18E-02 3.03E+05 1.46E+02 2.77E+03
  5.25E+05 5.68-148 1.26E+04 3.99E+12 3.83E+07 7.97E+03 1.45E-19 1.47E-19 9.72E+11 4.16E+15 2.76E+00 2.62E+07 6.04E-10 1.27E+07 6.90E-06 4.14E-03 8.44E+04 4.72E+01 9.27E+02
  6.25E+05 3.63-136 1.18E+04 3.59E+12 8.20E+07 1.85E+04 1.30E-19 1.32E-19 8.73E+11 3.74E+15 2.23E+00 2.00E+07 5.60E-10 4.72E+06 2.71E-06 1.46E-03 2.52E+04 1.55E+01 3.17E+02
  7.25E+05 8.48-125 1.05E+04 3.22E+12 1.42E+08 3.29E+04 1.17E-19 1.19E-19 7.83E+11 3.36E+15 1.81E+00 1.53E+07 5.13E-10 1.89E+06 1.08E-06 5.20E-04 8.16E+03 5.18E+00 1.11E+02
  8.25E+05 7.14-114 9.55E+03 2.89E+12 1.84E+08 4.53E+04 1.05E-19 1.07E-19 7.02E+11 3.01E+15 1.47E+00 1.18E+07 4.65E-10 7.99E+05 4.51E-07 1.95E-04 2.65E+03 1.82E+00 4.12E+01
  9.25E+05 2.25-103 9.05E+03 2.58E+12 1.83E+08 5.30E+04 9.37E-20 9.52E-20 6.27E+11 2.69E+15 1.17E+00 8.96E+06 4.18E-10 3.46E+05 2.01E-07 7.75E-05 8.12E+02 6.81E-01 1.63E+01
  1.02E+06 2.84E-93 8.62E+03 2.29E+12 1.50E+08 5.59E+04 8.33E-20 8.46E-20 5.57E+11 2.39E+15 9.15E-01 6.70E+06 3.74E-10 1.48E+05 9.03E-08 3.08E-05 2.35E+02 2.53E-01 6.37E+00
  1.12E+06 1.53E-83 7.87E+03 2.02E+12 1.09E+08 5.40E+04 7.35E-20 7.46E-20 4.91E+11 2.11E+15 6.88E-01 4.88E+06 3.31E-10 6.18E+04 3.84E-08 1.15E-05 6.59E+01 8.82E-02 2.34E+00
  1.22E+06 3.75E-74 6.79E+03 1.76E+12 7.46E+07 4.81E+04 6.43E-20 6.53E-20 4.30E+11 1.84E+15 4.98E-01 3.45E+06 2.90E-10 2.57E+04 1.56E-08 4.11E-06 1.87E+01 2.93E-02 8.11E-01
  1.32E+06 4.43E-65 5.64E+03 1.53E+12 5.05E+07 4.06E+04 5.58E-20 5.67E-20 3.73E+11 1.60E+15 3.52E-01 2.39E+06 2.52E-10 1.09E+04 6.39E-09 1.46E-06 5.59E+00 9.76E-03 2.80E-01
  1.42E+06 2.37E-56 4.79E+03 1.32E+12 3.51E+07 3.43E+04 4.82E-20 4.90E-20 3.22E+11 1.38E+15 2.44E-01 1.63E+06 2.18E-10 4.76E+03 2.79E-09 5.49E-07 1.88E+00 3.47E-03 1.02E-01
  1.52E+06 2.94E-48 4.30E+03 1.13E+12 2.58E+07 3.07E+04 4.14E-20 4.21E-20 2.77E+11 1.19E+15 1.65E-01 1.10E+06 1.87E-10 2.09E+03 1.29E-09 2.19E-07 6.81E-01 1.29E-03 3.91E-02
  1.62E+06 4.29E-41 4.12E+03 9.67E+11 2.11E+07 3.16E+04 3.54E-20 3.60E-20 2.37E+11 1.02E+15 1.02E-01 6.97E+05 1.60E-10 8.49E+02 5.71E-10 8.26E-08 2.35E-01 4.40E-04 1.35E-02
  1.72E+06 6.39E-35 4.56E+03 8.18E+11 2.16E+07 4.46E+04 3.01E-20 3.06E-20 2.01E+11 8.63E+14 5.12E-02 3.87E+05 1.36E-10 2.79E+02 2.09E-10 2.57E-08 6.54E-02 1.12E-04 3.46E-03
  1.82E+06 1.11E-29 6.41E+03 6.83E+11 3.11E+07 9.85E+04 2.54E-20 2.58E-20 1.70E+11 7.28E+14 1.84E-02 1.64E+05 1.14E-10 6.34E+01 5.29E-11 5.48E-09 1.23E-02 1.74E-05 5.31E-04
  1.92E+06 2.87E-25 1.14E+04 5.62E+11 5.49E+07 2.88E+05 2.14E-20 2.17E-20 1.43E+11 6.12E+14 4.69E-03 4.60E+04 9.48E-11 9.68E+00 9.26E-12 8.07E-10 1.63E-03 1.78E-06 5.32E-05
  2.02E+06 1.51E-21 2.10E+04 4.59E+11 9.04E+07 7.59E+05 1.80E-20 1.83E-20 1.20E+11 5.15E+14 9.34E-04 8.43E+03 7.86E-11 1.16E+00 1.35E-12 9.90E-11 1.91E-04 1.64E-07 4.78E-06
  2.12E+06 2.25E-18 3.40E+04 3.73E+11 1.27E+08 1.53E+06 1.52E-20 1.54E-20 1.01E+11 4.35E+14 1.48E-04 1.05E+03 6.51E-11 1.25E-01 1.88E-13 1.16E-11 2.21E-05 1.60E-08 4.58E-07
  2.22E+06 1.20E-15 4.88E+04 3.02E+11 1.55E+08 2.48E+06 1.28E-20 1.30E-20 8.59E+10 3.68E+14 1.77E-05 8.95E+01 5.39E-11 1.29E-02 2.57E-14 1.35E-12 2.52E-06 1.67E-09 4.68E-08
  2.32E+06 2.72E-13 6.45E+04 2.43E+11 1.74E+08 3.50E+06 1.09E-20 1.11E-20 7.28E+10 3.12E+14 1.46E-06 4.99E+00 4.46E-11 1.26E-03 3.40E-15 1.51E-13 2.77E-07 1.77E-10 4.89E-09
  2.42E+06 3.06E-11 8.07E+04 1.95E+11 1.83E+08 4.50E+06 9.24E-21 9.38E-21 6.18E+10 2.65E+14 7.77E-08 1.74E-01 3.69E-11 1.14E-04 4.26E-16 1.61E-14 2.86E-08 1.85E-11 5.02E-10
  2.52E+06 1.90E-09 9.69E+04 1.56E+11 1.83E+08 5.37E+06 7.85E-21 7.97E-21 5.25E+10 2.25E+14 2.55E-09 3.69E-03 3.04E-11 9.42E-06 4.93E-17 1.58E-15 2.71E-09 1.84E-12 4.91E-11
  2.62E+06 7.20E-08 1.13E+05 1.23E+11 1.74E+08 6.00E+06 6.68E-21 6.78E-21 4.46E+10 1.91E+14 5.02E-11 4.65E-05 2.50E-11 6.93E-07 5.16E-18 1.40E-16 2.30E-10 1.69E-13 4.44E-12
  2.72E+06 1.77E-06 1.26E+05 9.71E+10 1.57E+08 6.24E+06 5.69E-21 5.77E-21 3.80E+10 1.63E+14 5.85E-13 3.48E-07 2.06E-11 4.49E-08 4.77E-19 1.11E-17 1.73E-11 1.41E-14 3.64E-13
  2.82E+06 2.96E-05 1.36E+05 7.58E+10 1.35E+08 6.00E+06 4.85E-21 4.92E-21 3.24E+10 1.39E+14 4.07E-15 1.57E-09 1.68E-11 2.53E-09 3.85E-20 7.61E-19 1.13E-12 1.05E-15 2.65E-14
  2.92E+06 3.52E-04 1.41E+05 5.88E+10 1.10E+08 5.33E+06 4.14E-21 4.21E-21 2.77E+10 1.19E+14 1.73E-17 4.34E-12 1.37E-11 1.24E-10 2.68E-21 4.53E-20 6.47E-14 6.83E-17 1.70E-15
  3.02E+06 3.06E-03 1.41E+05 4.51E+10 8.49E+07 4.37E+06 3.54E-21 3.60E-21 2.37E+10 1.01E+14 4.64E-20 7.63E-15 1.11E-11 5.31E-12 1.61E-22 2.33E-21 3.22E-15 3.91E-18 9.57E-17
  3.12E+06 2.00E-02 1.37E+05 3.44E+10 6.27E+07 3.33E+06 3.03E-21 3.08E-21 2.03E+10 8.68E+13 3.70E-22 8.82E-18 8.96E-12 2.01E-13 8.42E-24 1.04E-22 1.41E-16 1.98E-19 4.76E-18
  3.22E+06 1.02E-01 1.29E+05 2.59E+10 4.42E+07 2.37E+06 2.60E-21 2.64E-21 1.74E+10 7.44E+13 4.81E-22 6.95E-21 7.16E-12 6.81E-15 3.89E-25 4.12E-24 5.58E-18 8.98E-21 2.12E-19
  3.32E+06 4.08E-01 1.19E+05 1.94E+10 2.98E+07 1.58E+06 2.22E-21 2.26E-21 1.49E+10 6.37E+13 8.07E-22 2.00E-23 5.66E-12 2.12E-16 1.62E-26 1.47E-25 2.02E-19 3.74E-22 8.67E-21
  3.42E+06 1.33E+00 1.07E+05 1.44E+10 1.93E+07 1.00E+06 1.91E-21 1.94E-21 1.27E+10 5.46E+13 1.36E-21 7.14E-24 4.42E-12 6.22E-18 6.23E-28 4.84E-27 6.87E-21 1.46E-23 3.31E-22
  3.52E+06 3.64E+00 9.44E+04 1.06E+10 1.20E+07 6.00E+05 1.64E-21 1.66E-21 1.09E+10 4.69E+13 2.28E-21 2.79E-24 3.40E-12 1.74E-19 2.26E-29 1.51E-28 2.24E-22 5.42E-25 1.21E-23
  3.62E+06 8.55E+00 8.15E+04 7.76E+09 7.21E+06 3.42E+05 1.41E-21 1.43E-21 9.40E+09 4.03E+13 3.76E-21 9.66E-25 2.57E-12 4.70E-21 7.84E-31 4.50E-30 7.09E-24 1.94E-26 4.24E-25
  3.72E+06 1.77E+01 6.89E+04 5.65E+09 4.18E+06 1.86E+05 1.21E-21 1.23E-21 8.10E+09 3.47E+13 6.11E-21 3.01E-25 1.89E-12 1.23E-22 2.64E-32 1.30E-31 2.20E-25 6.78E-28 1.45E-26
  3.82E+06 3.27E+01 5.70E+04 4.10E+09 2.35E+06 9.63E+04 1.05E-21 1.06E-21 6.99E+09 2.99E+13 9.67E-21 9.12E-26 1.36E-12 3.16E-24 8.60E-34 3.67E-33 6.70E-27 2.31E-29 4.85E-28
  3.92E+06 5.53E+01 4.62E+04 2.97E+09 1.28E+06 4.74E+04 9.03E-22 9.17E-22 6.04E+09 2.58E+13 1.49E-20 3.31E-26 9.35E-13 7.82E-26 2.72E-35 1.00E-34 2.00E-28 7.64E-31 1.58E-29
  4.02E+06 8.61E+01 3.65E+04 2.15E+09 6.72E+05 2.20E+04 7.82E-22 7.94E-22 5.23E+09 2.24E+13 2.20E-20 1.71E-26 6.13E-13 1.87E-27 8.30E-37 2.65E-36 5.81E-30 2.46E-32 5.01E-31
  4.12E+06 1.25E+02 2.80E+04 1.55E+09 3.42E+05 9.51E+03 6.79E-22 6.89E-22 4.54E+09 1.94E+13 3.07E-20 1.07E-26 3.77E-13 4.30E-29 2.43E-38 6.75E-38 1.64E-31 7.68E-34 1.54E-32
  4.22E+06 1.72E+02 2.06E+04 1.12E+09 1.69E+05 3.82E+03 5.90E-22 5.99E-22 3.94E+09 1.69E+13 3.95E-20 6.56E-27 2.14E-13 9.60E-31 6.86E-40 1.65E-39 4.50E-33 2.33E-35 4.61E-34
  4.32E+06 2.26E+02 1.46E+04 8.08E+08 8.15E+04 1.42E+03 5.14E-22 5.22E-22 3.43E+09 1.47E+13 4.52E-20 3.62E-27 1.10E-13 2.11E-32 1.87E-41 3.94E-41 1.21E-34 6.91E-37 1.35E-35
  4.42E+06 2.86E+02 9.94E+03 5.85E+08 3.87E+04 4.94E+02 4.49E-22 4.56E-22 3.00E+09 1.28E+13 4.43E-20 1.75E-27 4.97E-14 4.73E-34 5.07E-43 9.33E-43 3.29E-36 2.05E-38 3.98E-37
  4.52E+06 3.50E+02 6.47E+03 4.25E+08 1.83E+04 1.63E+02 3.93E-22 3.99E-22 2.63E+09 1.12E+13 3.61E-20 7.35E-28 1.96E-14 1.11E-35 1.40E-44 2.26E-44 9.26E-38 6.28E-40 1.21E-38
  4.62E+06 4.19E+02 4.07E+03 3.10E+08 8.67E+03 5.23E+01 3.45E-22 3.50E-22 2.30E+09 9.84E+12 2.39E-20 2.69E-28 6.68E-15 2.85E-37 4.11E-46 5.83E-46 2.79E-39 2.05E-41 3.93E-40
  4.72E+06 4.93E+02 2.49E+03 2.28E+08 4.14E+03 1.65E+01 3.03E-22 3.08E-22 2.03E+09 8.65E+12 1.29E-20 8.54E-29 1.94E-15 8.21E-39 1.32E-47 1.65E-47 9.33E-41 7.33E-43 1.40E-41
  4.82E+06 5.73E+02 1.50E+03 1.68E+08 2.00E+03 5.20E+00 2.67E-22 2.71E-22 1.78E+09 7.61E+12 5.63E-21 2.36E-29 4.83E-16 2.71E-40 4.77E-49 5.25E-49 3.53E-42 2.95E-44 5.65E-43
  4.92E+06 6.58E+02 8.90E+02 1.24E+08 9.79E+02 1.65E+00 2.35E-22 2.39E-22 1.57E+09 6.71E+12 2.02E-21 5.66E-30 1.03E-16 1.05E-41 1.98E-50 1.92E-50 1.55E-43 1.36E-45 2.61E-44
  5.02E+06 7.54E+02 5.25E+02 9.25E+07 4.85E+02 5.27E-01 2.08E-22 2.11E-22 1.39E+09 5.92E+12 5.98E-22 1.19E-30 1.89E-17 4.73E-43 9.51E-52 8.18E-52 7.90E-45 7.24E-47 1.39E-45
  5.12E+06 8.59E+02 3.07E+02 6.92E+07 2.43E+02 1.70E-01 1.84E-22 1.87E-22 1.23E+09 5.24E+12 1.49E-22 2.21E-31 3.01E-18 2.52E-44 5.34E-53 4.07E-53 4.73E-46 4.48E-48 8.68E-47
  5.22E+06 9.79E+02 1.79E+02 5.21E+07 1.23E+02 5.51E-02 1.63E-22 1.65E-22 1.09E+09 4.63E+12 3.43E-23 3.95E-32 4.55E-19 1.58E-45 3.50E-54 2.37E-54 3.33E-47 3.23E-49 6.29E-48
  5.32E+06 1.11E+03 1.04E+02 3.94E+07 6.23E+01 1.79E-02 1.44E-22 1.46E-22 9.63E+08 4.10E+12 1.18E-23 1.09E-32 1.05E-19 1.16E-46 2.69E-55 1.62E-55 2.75E-48 2.70E-50 5.32E-49
  5.42E+06 1.26E+03 6.04E+01 3.00E+07 3.19E+01 5.85E-03 1.28E-22 1.30E-22 8.53E+08 3.63E+12 1.15E-23 8.80E-33 7.04E-20 1.00E-47 2.41E-56 1.29E-56 2.66E-49 2.63E-51 5.24E-50
  5.52E+06 1.43E+03 3.49E+01 2.29E+07 1.64E+01 1.91E-03 1.13E-22 1.15E-22 7.56E+08 3.21E+12 1.78E-23 1.17E-32 7.65E-20 1.01E-48 2.51E-57 1.19E-57 3.01E-50 2.97E-52 5.99E-51
  5.62E+06 1.63E+03 2.01E+01 1.76E+07 8.44E+00 6.22E-04 1.00E-22 1.02E-22 6.69E+08 2.84E+12 2.97E-23 1.71E-32 9.10E-20 1.18E-49 3.03E-58 1.28E-58 3.94E-51 3.86E-53 7.90E-52
  5.72E+06 1.85E+03 1.16E+01 1.36E+07 4.37E+00 2.03E-04 8.88E-23 9.01E-23 5.93E+08 2.51E+12 5.32E-23 2.75E-32 1.17E-19 1.58E-50 4.21E-59 1.58E-59 5.97E-52 5.76E-54 1.20E-52
  5.82E+06 2.10E+03 6.66E+00 1.06E+07 2.27E+00 6.61E-05 7.86E-23 7.98E-23 5.25E+08 2.22E+12 1.11E-22 5.25E-32 1.78E-19 2.42E-51 6.69E-60 2.23E-60 1.04E-52 9.83E-55 2.08E-53
  5.92E+06 2.39E+03 3.82E+00 8.25E+06 1.18E+00 2.16E-05 6.95E-23 7.06E-23 4.64E+08 1.97E+12 2.87E-22 1.27E-31 3.40E-19 4.22E-52 1.21E-60 3.57E-61 2.05E-53 1.90E-55 4.10E-54
  6.02E+06 2.74E+03 2.19E+00 6.47E+06 6.19E-01 7.07E-06 6.15E-23 6.24E-23 4.11E+08 1.74E+12 8.70E-22 3.65E-31 7.63E-19 8.27E-53 2.45E-61 6.45E-62 4.59E-54 4.14E-56 9.10E-55
  6.12E+06 3.12E+03 1.26E+00 5.09E+06 3.26E-01 2.32E-06 5.43E-23 5.51E-23 3.63E+08 1.53E+12 2.75E-21 1.11E-30 1.80E-18 1.81E-53 5.57E-62 1.30E-62 1.15E-54 1.01E-56 2.27E-55
  6.22E+06 3.55E+03 7.22E-01 4.03E+06 1.72E-01 7.65E-07 4.79E-23 4.87E-23 3.20E+08 1.35E+12 8.44E-21 3.32E-30 4.14E-18 4.40E-54 1.40E-62 2.92E-63 3.22E-55 2.73E-57 6.28E-56
  6.32E+06 4.03E+03 4.16E-01 3.20E+06 9.17E-02 2.54E-07 4.23E-23 4.29E-23 2.82E+08 1.19E+12 2.43E-20 9.43E-30 8.99E-18 1.17E-54 3.90E-63 7.22E-64 9.92E-56 8.18E-58 1.92E-56
  6.42E+06 4.55E+03 2.40E-01 2.55E+06 4.91E-02 8.53E-08 3.72E-23 3.77E-23 2.48E+08 1.04E+12 6.53E-20 2.52E-29 1.83E-17 3.42E-55 1.19E-63 1.95E-64 3.36E-56 2.69E-58 6.47E-57
  6.52E+06 5.11E+03 1.39E-01 2.04E+06 2.65E-02 2.89E-08 3.27E-23 3.31E-23 2.18E+08 9.15E+11 1.64E-19 6.31E-29 3.49E-17 1.08E-55 3.93E-64 5.73E-65 1.24E-56 9.65E-59 2.38E-57
  6.62E+06 5.69E+03 8.12E-02 1.63E+06 1.44E-02 9.94E-09 2.87E-23 2.91E-23 1.91E+08 8.01E+11 3.99E-19 1.53E-28 6.44E-17 3.70E-56 1.41E-64 1.82E-65 4.96E-57 3.77E-59 9.53E-58
  6.72E+06 6.32E+03 4.78E-02 1.31E+06 7.91E-03 3.48E-09 2.51E-23 2.55E-23 1.67E+08 7.00E+11 9.99E-19 3.86E-28 1.23E-16 1.36E-56 5.43E-65 6.24E-66 2.14E-57 1.59E-59 4.12E-58
  6.82E+06 6.97E+03 2.84E-02 1.06E+06 4.40E-03 1.24E-09 2.19E-23 2.23E-23 1.46E+08 6.11E+11 2.77E-18 1.07E-27 2.60E-16 5.35E-57 2.24E-65 2.29E-66 9.92E-58 7.20E-60 1.92E-58
  6.92E+06 7.62E+03 1.71E-02 8.52E+05 2.49E-03 4.55E-10 1.92E-23 1.94E-23 1.28E+08 5.32E+11 8.72E-18 3.38E-27 6.22E-16 2.23E-57 9.89E-66 8.98E-67 4.90E-58 3.51E-60 9.63E-59
  7.02E+06 8.28E+03 1.05E-02 6.89E+05 1.47E-03 1.74E-10 1.67E-23 1.69E-23 1.11E+08 4.62E+11 2.94E-17 1.13E-26 1.58E-15 9.75E-58 4.64E-66 3.74E-67 2.57E-58 1.84E-60 5.20E-59
  7.12E+06 8.83E+03 6.63E-03 5.58E+05 9.19E-04 7.14E-11 1.45E-23 1.47E-23 9.67E+07 4.01E+11 9.73E-17 3.65E-26 3.83E-15 4.43E-58 2.31E-66 1.65E-67 1.42E-58 1.05E-60 3.04E-59
  7.22E+06 9.16E+03 4.37E-03 4.52E+05 6.30E-04 3.22E-11 1.26E-23 1.28E-23 8.39E+07 3.47E+11 3.00E-16 1.06E-25 8.38E-15 2.06E-58 1.22E-66 7.70E-68 8.29E-59 6.49E-61 1.93E-59
  7.32E+06 9.22E+03 3.04E-03 3.66E+05 4.79E-04 1.63E-11 1.09E-23 1.11E-23 7.26E+07 2.99E+11 8.49E-16 2.69E-25 1.62E-14 9.71E-59 6.74E-67 3.75E-68 5.03E-59 4.32E-61 1.31E-59
  7.42E+06 8.93E+03 2.19E-03 2.96E+05 3.89E-04 9.02E-12 9.43E-24 9.55E-24 6.27E+07 2.58E+11 2.15E-15 5.85E-25 2.72E-14 4.58E-59 3.84E-67 1.89E-68 3.15E-59 3.04E-61 9.43E-60
  7.52E+06 8.33E+03 1.59E-03 2.39E+05 3.17E-04 5.03E-12 8.12E-24 8.23E-24 5.41E+07 2.21E+11 4.75E-15 1.06E-24 3.98E-14 2.15E-59 2.20E-67 9.75E-69 2.01E-59 2.21E-61 6.97E-60
  7.62E+06 7.60E+03 1.14E-03 1.92E+05 2.48E-04 2.70E-12 6.99E-24 7.08E-24 4.65E+07 1.89E+11 9.19E-15 1.64E-24 5.18E-14 1.01E-59 1.25E-67 5.10E-69 1.30E-59 1.61E-61 5.20E-60
  7.72E+06 6.85E+03 7.91E-04 1.54E+05 1.82E-04 1.35E-12 6.00E-24 6.08E-24 3.99E+07 1.62E+11 1.57E-14 2.18E-24 6.06E-14 4.74E-60 7.04E-68 2.70E-69 8.54E-60 1.18E-61 3.88E-60
  7.82E+06 6.12E+03 5.28E-04 1.23E+05 1.21E-04 6.04E-13 5.14E-24 5.20E-24 3.41E+07 1.37E+11 2.33E-14 2.47E-24 6.34E-14 2.25E-60 3.94E-68 1.44E-69 5.68E-60 8.66E-62 2.85E-60
  7.92E+06 5.66E+03 3.27E-04 9.74E+04 6.62E-05 2.20E-13 4.39E-24 4.44E-24 2.91E+07 1.16E+11 2.99E-14 2.40E-24 6.05E-14 1.11E-60 2.19E-68 7.74E-70 3.82E-60 6.06E-62 2.00E-60
  8.02E+06 6.01E+03 1.60E-04 7.69E+04 2.24E-05 4.91E-14 3.75E-24 3.79E-24 2.49E+07 9.85E+10 3.07E-14 2.04E-24 5.74E-14 5.97E-61 1.12E-68 4.17E-70 2.61E-60 3.54E-62 1.30E-60
  8.12E+06 7.46E+03 5.14E-05 6.02E+04 3.89E-06 5.40E-15 3.20E-24 3.23E-24 2.12E+07 8.31E+10 2.35E-14 1.51E-24 5.86E-14 3.68E-61 4.94E-69 2.24E-70 1.81E-60 1.60E-62 7.56E-61
  8.22E+06 9.37E+03 1.34E-05 4.69E+04 4.52E-07 3.88E-16 2.73E-24 2.76E-24 1.81E+07 6.99E+10 1.48E-14 9.72E-25 6.11E-14 2.52E-61 2.20E-69 1.21E-70 1.28E-60 6.31E-63 3.87E-61
  8.32E+06 1.10E+04 4.33E-06 3.62E+04 4.90E-08 2.71E-17 2.33E-24 2.35E-24 1.54E+07 5.87E+10 8.74E-15 5.89E-25 6.28E-14 1.85E-61 1.09E-69 6.60E-71 9.32E-61 2.54E-63 1.77E-61
  8.42E+06 1.20E+04 1.88E-06 2.78E+04 6.24E-09 2.75E-18 1.99E-24 2.01E-24 1.31E+07 4.92E+10 5.03E-15 3.53E-25 6.29E-14 1.42E-61 6.02E-70 3.64E-71 6.90E-61 1.10E-63 7.46E-62
  8.52E+06 1.24E+04 9.43E-07 2.11E+04 1.02E-09 4.82E-19 1.70E-24 1.72E-24 1.12E+07 4.11E+10 2.89E-15 2.15E-25 6.14E-14 1.11E-61 3.55E-70 2.02E-71 5.18E-61 5.17E-64 3.07E-62
  8.62E+06 1.24E+04 4.94E-07 1.60E+04 2.04E-10 1.12E-19 1.46E-24 1.47E-24 9.61E+06 3.43E+10 1.69E-15 1.35E-25 5.88E-14 8.78E-62 2.18E-70 1.13E-71 3.93E-61 2.59E-64 1.31E-62
  8.72E+06 1.22E+04 2.62E-07 1.19E+04 4.60E-11 2.81E-20 1.26E-24 1.27E-24 8.27E+06 2.86E+10 1.01E-15 8.80E-26 5.52E-14 7.03E-62 1.37E-70 6.40E-72 3.00E-61 1.37E-64 5.97E-63
  8.82E+06 1.18E+04 1.40E-07 8.87E+03 1.11E-11 7.17E-21 1.09E-24 1.10E-24 7.14E+06 2.38E+10 6.11E-16 5.90E-26 5.07E-14 5.64E-62 8.62E-71 3.61E-72 2.30E-61 7.56E-65 2.98E-63
  8.92E+06 1.14E+04 7.41E-08 6.53E+03 2.81E-12 1.83E-21 9.52E-25 9.54E-25 6.19E+06 1.97E+10 3.76E-16 4.06E-26 4.54E-14 4.53E-62 5.43E-71 2.02E-72 1.75E-61 4.35E-65 1.61E-63
  9.02E+06 1.10E+04 3.94E-08 4.76E+03 7.48E-13 4.73E-22 8.35E-25 8.34E-25 5.40E+06 1.63E+10 2.37E-16 2.87E-26 4.00E-14 3.63E-62 3.41E-71 1.12E-72 1.32E-61 2.56E-65 9.18E-64
  9.12E+06 1.06E+04 2.10E-08 3.44E+03 2.07E-13 1.23E-22 7.36E-25 7.33E-25 4.74E+06 1.35E+10 1.52E-16 2.08E-26 3.46E-14 2.89E-62 2.12E-71 6.11E-73 9.89E-62 1.54E-65 5.44E-64
  9.22E+06 1.01E+04 1.11E-08 2.46E+03 5.87E-14 3.21E-23 6.51E-25 6.47E-25 4.17E+06 1.11E+10 9.91E-17 1.54E-26 2.94E-14 2.28E-62 1.30E-71 3.26E-73 7.27E-62 9.36E-66 3.31E-64
  9.32E+06 9.62E+03 5.82E-09 1.75E+03 1.71E-14 8.39E-24 5.80E-25 5.74E-25 3.69E+06 9.04E+09 6.61E-17 1.16E-26 2.48E-14 1.79E-62 7.88E-72 1.69E-73 5.26E-62 5.73E-66 2.06E-64
  9.42E+06 9.13E+03 3.05E-09 1.23E+03 5.14E-15 2.21E-24 5.19E-25 5.12E-25 3.28E+06 7.35E+09 4.52E-17 8.99E-27 2.09E-14 1.38E-62 4.71E-72 8.58E-74 3.73E-62 3.53E-66 1.29E-64
  9.52E+06 8.60E+03 1.59E-09 8.67E+02 1.57E-15 5.88E-25 4.67E-25 4.58E-25 2.92E+06 5.95E+09 3.18E-17 7.15E-27 1.76E-14 1.06E-62 2.76E-72 4.24E-74 2.59E-62 2.19E-66 8.28E-65
  9.62E+06 8.05E+03 8.34E-10 6.09E+02 4.89E-16 1.58E-25 4.21E-25 4.11E-25 2.61E+06 4.78E+09 2.33E-17 5.89E-27 1.52E-14 8.01E-63 1.60E-72 2.05E-74 1.75E-62 1.37E-66 5.41E-65
  9.72E+06 7.50E+03 4.41E-10 4.31E+02 1.57E-16 4.39E-26 3.81E-25 3.70E-25 2.34E+06 3.83E+09 1.80E-17 5.12E-27 1.35E-14 5.99E-63 9.07E-73 9.85E-75 1.16E-62 8.83E-67 3.63E-65
  9.82E+06 6.95E+03 2.39E-10 3.11E+02 5.24E-17 1.30E-26 3.45E-25 3.34E-25 2.10E+06 3.04E+09 1.50E-17 4.78E-27 1.28E-14 4.43E-63 5.08E-73 4.75E-75 7.57E-63 5.89E-67 2.51E-65
  9.92E+06 6.39E+03 1.34E-10 2.30E+02 1.87E-17 4.13E-27 3.13E-25 3.01E-25 1.89E+06 2.41E+09 1.39E-17 4.94E-27 1.33E-14 3.24E-63 2.78E-73 2.33E-75 4.83E-63 4.20E-67 1.77E-65

     Z        CH3SO2   CH3SO3   CH4SO2   C2H6SO   C2H7SO   SO4AER   S8AER   
  2.50E+04 2.95E+03 3.48E+02 7.26E+06 5.67E+07 6.01E-04 3.32E+09 2.47E-19
  1.25E+05 1.25E+03 1.42E+02 3.33E+06 2.54E+07 2.36E-04 2.97E+09 2.23E-19
  2.25E+05 4.74E+02 5.48E+01 1.21E+06 9.21E+06 9.05E-05 2.74E+09 2.01E-19
  3.25E+05 1.73E+02 2.09E+01 4.12E+05 3.13E+06 3.35E-05 2.55E+09 1.81E-19
  4.25E+05 6.02E+01 7.66E+00 1.39E+05 1.06E+06 1.18E-05 2.35E+09 1.63E-19
  5.25E+05 2.10E+01 2.79E+00 4.88E+04 3.71E+05 4.07E-06 2.13E+09 1.46E-19
  6.25E+05 7.42E+00 1.01E+00 1.81E+04 1.38E+05 1.39E-06 1.92E+09 1.32E-19
  7.25E+05 2.64E+00 3.68E-01 7.24E+03 5.50E+04 4.72E-07 1.73E+09 1.18E-19
  8.25E+05 9.90E-01 1.39E-01 3.07E+03 2.33E+04 1.66E-07 1.55E+09 1.06E-19
  9.25E+05 3.94E-01 5.60E-02 1.33E+03 1.01E+04 6.11E-08 1.39E+09 9.46E-20
  1.02E+06 1.57E-01 2.26E-02 5.68E+02 4.31E+03 2.25E-08 1.24E+09 8.40E-20
  1.12E+06 5.88E-02 8.64E-03 2.37E+02 1.80E+03 7.97E-09 1.10E+09 7.41E-20
  1.22E+06 2.09E-02 3.16E-03 9.88E+01 7.50E+02 2.77E-09 9.77E+08 6.49E-20
  1.32E+06 7.41E-03 1.15E-03 4.19E+01 3.18E+02 9.96E-10 8.58E+08 5.63E-20
  1.42E+06 2.79E-03 4.46E-04 1.83E+01 1.39E+02 3.91E-10 7.49E+08 4.86E-20
  1.52E+06 1.11E-03 1.85E-04 8.02E+00 6.09E+01 1.66E-10 6.51E+08 4.18E-20
  1.62E+06 4.19E-04 7.63E-05 3.26E+00 2.48E+01 6.88E-11 5.64E+08 3.58E-20
  1.72E+06 1.30E-04 2.86E-05 1.07E+00 8.13E+00 2.47E-11 4.88E+08 3.04E-20
  1.82E+06 2.74E-05 8.39E-06 2.44E-01 1.85E+00 6.48E-12 4.25E+08 2.56E-20
  1.92E+06 3.96E-06 1.78E-06 3.72E-02 2.83E-01 1.22E-12 3.76E+08 2.16E-20
  2.02E+06 4.75E-07 2.92E-07 4.45E-03 3.38E-02 1.90E-13 3.36E+08 1.81E-20
  2.12E+06 5.48E-08 4.12E-08 4.83E-04 3.66E-03 2.82E-14 3.01E+08 1.53E-20
  2.22E+06 6.26E-09 5.32E-09 4.98E-05 3.78E-04 4.07E-15 2.70E+08 1.30E-20
  2.32E+06 6.97E-10 6.36E-10 4.87E-06 3.69E-05 5.69E-16 2.41E+08 1.10E-20
  2.42E+06 7.38E-11 6.97E-11 4.41E-07 3.34E-06 7.53E-17 2.14E+08 9.32E-21
  2.52E+06 7.26E-12 6.88E-12 3.63E-08 2.76E-07 9.23E-18 1.88E+08 7.92E-21
  2.62E+06 6.47E-13 6.01E-13 2.67E-09 2.03E-08 1.03E-18 1.63E+08 6.73E-21
  2.72E+06 5.12E-14 4.57E-14 1.73E-10 1.31E-09 1.01E-19 1.40E+08 5.73E-21
  2.82E+06 3.55E-15 2.98E-15 9.76E-12 7.41E-11 8.65E-21 1.19E+08 4.89E-21
  2.92E+06 2.13E-16 1.66E-16 4.78E-13 3.63E-12 6.39E-22 9.89E+07 4.18E-21
  3.02E+06 1.10E-17 7.83E-18 2.05E-14 1.55E-13 4.07E-23 8.08E+07 3.57E-21
  3.12E+06 4.99E-19 3.17E-19 7.72E-16 5.86E-15 2.26E-24 6.44E+07 3.06E-21
  3.22E+06 1.99E-20 1.12E-20 2.62E-17 1.99E-16 1.11E-25 4.94E+07 2.62E-21
  3.32E+06 7.16E-22 3.52E-22 8.17E-19 6.20E-18 4.95E-27 3.67E+07 2.24E-21
  3.42E+06 2.38E-23 1.01E-23 2.39E-20 1.81E-19 2.05E-28 2.69E+07 1.92E-21
  3.52E+06 7.47E-25 2.71E-25 6.68E-22 5.07E-21 8.00E-30 1.96E+07 1.65E-21
  3.62E+06 2.25E-26 6.91E-27 1.81E-23 1.37E-22 2.99E-31 1.41E+07 1.42E-21
  3.72E+06 6.54E-28 1.70E-28 4.75E-25 3.60E-24 1.08E-32 1.00E+07 1.22E-21
  3.82E+06 1.85E-29 4.07E-30 1.21E-26 9.21E-26 3.77E-34 7.03E+06 1.05E-21
  3.92E+06 5.08E-31 9.41E-32 3.00E-28 2.28E-27 1.27E-35 4.88E+06 9.10E-22
  4.02E+06 1.35E-32 2.09E-33 7.18E-30 5.45E-29 4.13E-37 3.34E+06 7.88E-22
  4.12E+06 3.44E-34 4.43E-35 1.65E-31 1.25E-30 1.29E-38 2.26E+06 6.83E-22
  4.22E+06 8.46E-36 8.94E-37 3.69E-33 2.80E-32 3.82E-40 1.50E+06 5.94E-22
  4.32E+06 2.02E-37 1.74E-38 8.12E-35 6.16E-34 1.10E-41 9.85E+05 5.17E-22
  4.42E+06 4.79E-39 3.33E-40 1.82E-36 1.38E-35 3.09E-43 6.37E+05 4.51E-22
  4.52E+06 1.16E-40 6.48E-42 4.27E-38 3.24E-37 8.81E-45 4.05E+05 3.95E-22
  4.62E+06 3.00E-42 1.33E-43 1.10E-39 8.32E-39 2.64E-46 2.53E+05 3.47E-22
  4.72E+06 8.50E-44 2.98E-45 3.16E-41 2.39E-40 8.60E-48 1.55E+05 3.05E-22
  4.82E+06 2.71E-45 7.54E-47 1.04E-42 7.92E-42 3.13E-49 9.32E+04 2.68E-22
  4.92E+06 9.93E-47 2.19E-48 4.02E-44 3.05E-43 1.29E-50 5.46E+04 2.37E-22
  5.02E+06 4.23E-48 7.45E-50 1.82E-45 1.38E-44 6.17E-52 3.12E+04 2.09E-22
  5.12E+06 2.10E-49 2.96E-51 9.67E-47 7.34E-46 3.41E-53 1.73E+04 1.85E-22
  5.22E+06 1.22E-50 1.39E-52 6.06E-48 4.60E-47 2.19E-54 9.33E+03 1.63E-22
  5.32E+06 8.35E-52 7.63E-54 4.47E-49 3.39E-48 1.64E-55 4.86E+03 1.45E-22
  5.42E+06 6.64E-53 4.92E-55 3.86E-50 2.93E-49 1.42E-56 2.44E+03 1.28E-22
  5.52E+06 6.15E-54 3.70E-56 3.88E-51 2.94E-50 1.42E-57 1.18E+03 1.13E-22
  5.62E+06 6.59E-55 3.22E-57 4.52E-52 3.43E-51 1.64E-58 5.47E+02 1.00E-22
  5.72E+06 8.14E-56 3.24E-58 6.06E-53 4.60E-52 2.16E-59 2.43E+02 8.89E-23
  5.82E+06 1.15E-56 3.72E-59 9.31E-54 7.06E-53 3.25E-60 1.03E+02 7.86E-23
  5.92E+06 1.84E-57 4.86E-60 1.62E-54 1.23E-53 5.53E-61 4.13E+01 6.95E-23
  6.02E+06 3.32E-58 7.16E-61 3.18E-55 2.41E-54 1.05E-61 1.57E+01 6.15E-23
  6.12E+06 6.71E-59 1.17E-61 6.96E-56 5.28E-55 2.23E-62 5.62E+00 5.43E-23
  6.22E+06 1.50E-59 2.13E-62 1.69E-56 1.28E-55 5.23E-63 1.87E+00 4.78E-23
  6.32E+06 3.71E-60 4.24E-63 4.51E-57 3.42E-56 1.35E-63 5.78E-01 4.21E-23
  6.42E+06 1.00E-60 9.21E-64 1.31E-57 9.97E-57 3.79E-64 1.64E-01 3.71E-23
  6.52E+06 2.93E-61 2.16E-64 4.16E-58 3.16E-57 1.16E-64 4.23E-02 3.25E-23
  6.62E+06 9.32E-62 5.46E-65 1.42E-58 1.08E-57 3.82E-65 9.89E-03 2.85E-23
  6.72E+06 3.19E-62 1.48E-65 5.23E-59 3.97E-58 1.36E-65 2.07E-03 2.49E-23
  6.82E+06 1.17E-62 4.30E-66 2.05E-59 1.56E-58 5.15E-66 3.83E-04 2.18E-23
  6.92E+06 4.56E-63 1.32E-66 8.56E-60 6.49E-59 2.08E-66 6.14E-05 1.90E-23
  7.02E+06 1.90E-63 4.25E-67 3.75E-60 2.84E-59 8.95E-67 8.36E-06 1.65E-23
  7.12E+06 8.36E-64 1.42E-67 1.70E-60 1.29E-59 4.08E-67 9.33E-07 1.43E-23
  7.22E+06 3.88E-64 4.84E-68 7.92E-61 6.01E-60 1.98E-67 8.12E-08 1.24E-23
  7.32E+06 1.88E-64 1.68E-68 3.73E-61 2.83E-60 1.00E-67 5.11E-09 1.07E-23
  7.42E+06 9.43E-65 5.90E-69 1.76E-61 1.33E-60 5.25E-68 2.06E-10 9.27E-24
  7.52E+06 4.81E-65 2.09E-69 8.26E-62 6.27E-61 2.80E-68 4.31E-12 7.97E-24
  7.62E+06 2.49E-65 7.61E-70 3.88E-62 2.94E-61 1.49E-68 2.85E-14 6.84E-24
  7.72E+06 1.30E-65 2.83E-70 1.82E-62 1.38E-61 7.88E-69 1.04E-16 5.86E-24
  7.82E+06 6.72E-66 1.05E-70 8.64E-63 6.56E-62 4.23E-69 7.53E-19 5.00E-24
  7.92E+06 3.51E-66 4.16E-71 4.25E-63 3.22E-62 2.29E-69 2.16E-21 4.26E-24
  8.02E+06 2.03E-66 2.23E-71 2.29E-63 1.74E-62 1.14E-69 3.62E-24 3.62E-24
  8.12E+06 1.36E-66 1.83E-71 1.41E-63 1.07E-62 5.00E-70 3.07E-24 3.07E-24
  8.22E+06 9.25E-67 1.71E-71 9.69E-64 7.35E-63 2.24E-70 2.60E-24 2.60E-24
  8.32E+06 5.61E-67 1.39E-71 7.11E-64 5.40E-63 1.13E-70 2.20E-24 2.20E-24
  8.42E+06 2.99E-67 9.37E-72 5.42E-64 4.12E-63 6.32E-71 1.86E-24 1.86E-24
  8.52E+06 1.46E-67 5.45E-72 4.23E-64 3.21E-63 3.82E-71 1.58E-24 1.58E-24
  8.62E+06 6.99E-68 2.93E-72 3.34E-64 2.54E-63 2.40E-71 1.34E-24 1.34E-24
  8.72E+06 3.43E-68 1.54E-72 2.65E-64 2.02E-63 1.53E-71 1.13E-24 1.13E-24
  8.82E+06 1.75E-68 8.00E-73 2.11E-64 1.61E-63 9.73E-72 9.62E-25 9.62E-25
  8.92E+06 9.18E-69 4.09E-73 1.67E-64 1.27E-63 6.16E-72 8.18E-25 8.18E-25
  9.02E+06 4.92E-69 2.06E-73 1.31E-64 1.00E-63 3.83E-72 6.97E-25 6.97E-25
  9.12E+06 2.64E-69 9.97E-74 1.02E-64 7.80E-64 2.34E-72 5.95E-25 5.95E-25
  9.22E+06 1.39E-69 4.58E-74 7.77E-65 5.98E-64 1.40E-72 5.08E-25 5.08E-25
  9.32E+06 7.26E-70 2.01E-74 5.84E-65 4.52E-64 8.23E-73 4.34E-25 4.34E-25
  9.42E+06 3.73E-70 8.43E-75 4.32E-65 3.36E-64 4.74E-73 3.71E-25 3.71E-25
  9.52E+06 1.88E-70 3.37E-75 3.13E-65 2.45E-64 2.68E-73 3.17E-25 3.17E-25
  9.62E+06 9.39E-71 1.28E-75 2.23E-65 1.76E-64 1.50E-73 2.71E-25 2.71E-25
  9.72E+06 4.67E-71 4.74E-76 1.56E-65 1.24E-64 8.27E-74 2.32E-25 2.32E-25
  9.82E+06 2.32E-71 1.70E-76 1.07E-65 8.56E-65 4.52E-74 1.98E-25 1.98E-25
  9.92E+06 1.13E-71 5.74E-77 7.22E-66 5.83E-65 2.47E-74 1.69E-25 1.69E-25

 FLUXES OF LONG-LIVED SPECIES


     Z        O         O2        H2O       H         OH        HO2       H2O2      H2        CO        HCO       H2CO      CH3O      CH2OH     CH3O2     CH3OOH    CH4       CH3       C2H6    
  0.00E+00 -1.03E+03  7.31E+11  2.55E+12 -6.62E-02 -1.55E+06 -1.43E+08 -1.31E+09  1.41E+10 -1.24E+10 -1.15E-02 -7.76E+08 -4.89E-03  8.62E-08 -3.27E-02 -1.79E-02  7.67E+10 -1.66E-02  9.00E+08
  5.00E+04 -2.93E+02  6.74E+11  0.00E+00 -8.96E-03 -2.27E+05 -1.99E+07 -9.72E+08  1.23E+10 -8.86E+09 -5.41E-04  1.46E+08 -2.17E+00 -8.93E-09  6.56E+07  1.38E+09  6.87E+10  2.44E-03  7.92E+08
  1.50E+05 -4.29E+02  5.33E+11  0.00E+00 -1.03E-02 -3.20E+05 -1.15E+07 -5.13E+08  9.70E+09 -2.33E+09 -2.20E-04  4.64E+08 -2.40E+00 -1.23E-08  4.16E+07  2.35E+09  5.47E+10 -9.51E-04  6.12E+08
  2.50E+05 -5.90E+02  4.12E+11  0.00E+00 -1.15E-02 -3.69E+05 -7.08E+06 -1.34E+07  7.50E+09  2.44E+09 -1.90E-04  3.83E+08 -2.55E+00 -1.62E-08  2.98E+07  2.22E+09  4.27E+10 -2.55E-03  4.67E+08
  3.50E+05 -7.98E+02  3.19E+11  0.00E+00 -1.11E-02 -3.52E+05 -1.04E+06  4.98E+08  5.50E+09  5.53E+09 -9.17E-05  3.29E+08 -2.51E+00 -2.11E-08  2.70E+07  1.88E+09  3.23E+10 -1.98E-03  3.48E+08
  4.50E+05 -1.01E+03  2.54E+11  0.00E+00 -8.42E-03 -2.92E+05  7.21E+06  8.31E+08  3.81E+09  7.27E+09  7.86E-05  3.17E+08 -2.05E+00 -2.63E-08  2.55E+07  1.50E+09  2.36E+10  2.41E-04  2.53E+08
  5.50E+05 -1.25E+03  2.08E+11  0.00E+00 -5.35E-03 -2.12E+05  1.32E+07  9.39E+08  2.57E+09  7.96E+09  2.70E-04  3.15E+08 -9.56E-01 -3.17E-08  2.01E+07  1.09E+09  1.69E+10  2.10E-03  1.79E+08
  6.50E+05 -1.46E+03  1.75E+11  0.00E+00  8.97E-04 -2.08E+04  1.74E+07  8.66E+08  1.74E+09  7.81E+09  4.75E-04  3.01E+08  9.58E-01 -3.68E-08  1.52E+07  7.22E+08  1.19E+10  4.81E-03  1.24E+08
  7.50E+05 -1.68E+03  1.54E+11  0.00E+00  2.77E-03  4.38E+04  1.72E+07  6.94E+08  1.27E+09  7.14E+09  4.32E-04  2.30E+08  1.35E+00 -4.18E-08  1.11E+07  4.59E+08  8.51E+09  4.71E-03  8.56E+07
  8.50E+05 -1.90E+03  1.40E+11  0.00E+00  4.16E-04 -3.72E+04  1.44E+07  4.93E+08  1.05E+09  6.22E+09  2.72E-04  1.45E+08  6.98E-01 -4.61E-08  7.53E+06  2.72E+08  6.34E+09  2.97E-03  5.96E+07
  9.50E+05 -2.13E+03  1.29E+11  0.00E+00 -1.18E-03 -8.03E+04  1.03E+07  3.07E+08  9.28E+08  5.17E+09  1.70E-04  8.66E+07  4.96E-01 -4.98E-08  4.09E+06  1.38E+08  4.93E+09  1.78E-03  4.16E+07
  1.05E+06 -2.43E+03  1.21E+11  0.00E+00 -6.43E-04 -3.20E+04  6.10E+06  1.67E+08  8.55E+08  4.08E+09  1.21E-04  5.11E+07  6.30E-01 -5.36E-08  1.81E+06  5.76E+07  4.00E+09  1.29E-03  2.88E+07
  1.15E+06 -2.93E+03  1.16E+11  0.00E+00 -2.58E-05  1.93E+04  3.12E+06  8.06E+07  8.08E+08  3.08E+09  7.89E-05  2.84E+07  5.89E-01 -5.91E-08  7.21E+05  2.08E+07  3.40E+09  9.04E-04  2.00E+07
  1.25E+06 -3.73E+03  1.12E+11  0.00E+00 -1.70E-04  3.18E+04  1.47E+06  3.62E+07  7.79E+08  2.28E+09  4.46E-05  1.48E+07  4.02E-01 -6.74E-08  2.82E+05  6.94E+06  3.01E+09  5.35E-04  1.42E+07
  1.35E+06 -4.85E+03  1.09E+11  0.00E+00 -6.62E-04  2.02E+04  6.84E+05  1.55E+07  7.62E+08  1.67E+09  2.21E-05  7.47E+06  2.22E-01 -7.82E-08  1.16E+05  2.29E+06  2.77E+09  2.80E-04  1.03E+07
  1.45E+06 -6.21E+03  1.07E+11  2.39E+12 -2.00E-03 -2.20E+04  2.42E+05  6.31E+06  7.53E+08  1.22E+09  6.08E-06  3.25E+06  1.01E-03 -8.94E-08  4.38E+04  7.48E+05  2.62E+09  3.25E-05  7.73E+06
  1.55E+06 -7.53E+03  1.06E+11  1.08E+12 -1.95E-03 -2.29E+04  9.08E+04  2.31E+06  7.45E+08  8.66E+08  7.10E-07  1.37E+06 -4.43E-02 -9.75E-08  1.86E+04  2.27E+05  2.50E+09 -3.31E-05  5.89E+06
  1.65E+06 -8.78E+03  1.04E+11  1.33E+11 -1.57E-03 -1.88E+04  1.03E+04  6.73E+05  7.41E+08  5.96E+08 -1.91E-06  3.75E+05 -6.24E-02 -1.02E-07  6.48E+03  5.73E+04  2.42E+09 -6.84E-05  4.53E+06
  1.75E+06 -1.07E+04  1.03E+11 -5.30E+09 -9.80E-04 -9.78E+03 -1.89E+04  1.23E+05  7.37E+08  3.90E+08 -2.26E-06  2.64E+04 -4.94E-02 -1.10E-07  1.97E+03  1.03E+04  2.36E+09 -6.62E-05  3.50E+06
  1.85E+06 -1.47E+04  1.02E+11 -5.18E+09 -7.06E-04 -6.12E+03 -3.18E+04 -1.41E+04  7.34E+08  2.43E+08 -2.30E-06 -7.19E+04 -4.31E-02 -1.28E-07  2.67E+02  6.13E+01  2.30E+09 -6.49E-05  2.71E+06
  1.95E+06 -2.23E+04  1.00E+11 -5.08E+09 -7.95E-04 -6.70E+03 -4.14E+04 -5.04E+04  7.33E+08  1.48E+08 -2.73E-06 -1.05E+05 -4.84E-02 -1.59E-07 -3.63E+02 -2.29E+03  2.25E+09 -7.79E-05  2.13E+06
  2.05E+06 -3.56E+04  9.79E+10 -4.97E+09 -1.14E-03 -8.62E+03 -5.18E+04 -7.64E+04  7.31E+08  8.75E+07 -3.56E-06 -1.21E+05 -6.03E-02 -2.10E-07 -5.97E+02 -3.20E+03  2.20E+09 -1.06E-04  1.68E+06
  2.15E+06 -5.69E+04  9.54E+10 -4.87E+09 -1.79E-03 -1.14E+04 -6.41E+04 -1.07E+05  7.31E+08  4.92E+07 -4.80E-06 -1.32E+05 -7.80E-02 -2.85E-07 -7.00E+02 -3.72E+03  2.14E+09 -1.51E-04  1.33E+06
  2.25E+06 -8.96E+04  9.25E+10 -4.76E+09 -2.90E-03 -1.52E+04 -8.04E+04 -1.47E+05  7.30E+08  2.48E+07 -6.67E-06 -1.46E+05 -1.03E-01 -3.91E-07 -7.82E+02 -4.10E+03  2.09E+09 -2.21E-04  1.06E+06
  2.35E+06 -1.39E+05  8.87E+10 -4.64E+09 -4.87E-03 -2.05E+04 -1.01E+05 -1.96E+05  7.28E+08  9.50E+06 -9.39E-06 -1.63E+05 -1.36E-01 -5.36E-07 -8.62E+02 -4.34E+03  2.03E+09 -3.31E-04  8.31E+05
  2.45E+06 -2.10E+05  8.37E+10 -4.52E+09 -8.38E-03 -2.77E+04 -1.27E+05 -2.54E+05  7.26E+08  1.49E+05 -1.33E-05 -1.81E+05 -1.81E-01 -7.30E-07 -9.40E+02 -4.40E+03  1.96E+09 -4.97E-04  6.47E+05
  2.55E+06 -3.15E+05  7.70E+10 -4.38E+09 -1.49E-02 -3.75E+04 -1.58E+05 -3.18E+05  7.22E+08 -5.16E+06 -1.90E-05 -1.99E+05 -2.40E-01 -9.87E-07 -1.03E+03 -4.29E+03  1.89E+09 -7.49E-04  4.97E+05
  2.65E+06 -4.62E+05  6.89E+10 -4.24E+09 -2.72E-02 -5.06E+04 -1.93E+05 -3.77E+05  7.16E+08 -7.79E+06 -2.69E-05 -2.11E+05 -3.15E-01 -1.32E-06 -1.12E+03 -3.96E+03  1.82E+09 -1.12E-03  3.75E+05
  2.75E+06 -6.65E+05  5.96E+10 -4.08E+09 -5.09E-02 -6.76E+04 -2.30E+05 -4.21E+05  7.07E+08 -8.80E+06 -3.74E-05 -2.17E+05 -4.07E-01 -1.73E-06 -1.20E+03 -3.46E+03  1.74E+09 -1.65E-03  2.76E+05
  2.85E+06 -9.43E+05  4.98E+10 -3.90E+09 -9.78E-02 -8.86E+04 -2.65E+05 -4.38E+05  6.95E+08 -9.00E+06 -5.12E-05 -2.16E+05 -5.16E-01 -2.24E-06 -1.28E+03 -2.91E+03  1.66E+09 -2.41E-03  1.98E+05
  2.95E+06 -1.32E+06  4.00E+10 -3.71E+09 -1.92E-01 -1.13E+05 -2.95E+05 -4.21E+05  6.79E+08 -8.99E+06 -6.83E-05 -2.06E+05 -6.40E-01 -2.87E-06 -1.37E+03 -2.34E+03  1.57E+09 -3.45E-03  1.38E+05
  3.05E+06 -1.85E+06  3.04E+10 -3.51E+09 -3.82E-01 -1.41E+05 -3.19E+05 -3.74E+05  6.59E+08 -9.10E+06 -8.91E-05 -1.91E+05 -7.74E-01 -3.62E-06 -1.48E+03 -1.90E+03  1.47E+09 -4.89E-03  9.35E+04
  3.15E+06 -2.58E+06  2.15E+10 -3.29E+09 -7.67E-01 -1.71E+05 -3.33E+05 -3.01E+05  6.35E+08 -9.36E+06 -1.13E-04 -1.74E+05 -9.13E-01 -4.49E-06 -1.61E+03 -1.55E+03  1.38E+09 -6.88E-03  6.13E+04
  3.25E+06 -3.60E+06  1.34E+10 -3.06E+09 -1.55E+00 -2.02E+05 -3.37E+05 -2.13E+05  6.07E+08 -9.65E+06 -1.41E-04 -1.54E+05 -1.05E+00 -5.45E-06 -1.77E+03 -1.26E+03  1.28E+09 -9.61E-03  3.91E+04
  3.35E+06 -5.04E+06  6.40E+09 -2.83E+09 -3.13E+00 -2.34E+05 -3.36E+05 -1.26E+05  5.75E+08 -9.71E+06 -1.73E-04 -1.37E+05 -1.18E+00 -6.49E-06 -2.01E+03 -1.14E+03  1.18E+09 -1.35E-02  2.42E+04
  3.45E+06 -7.00E+06  1.50E+09 -2.60E+09 -6.28E+00 -2.69E+05 -3.20E+05 -3.85E+04  5.40E+08 -9.25E+06 -2.07E-04 -1.15E+05 -1.31E+00 -7.57E-06 -2.21E+03 -8.43E+02  1.08E+09 -1.87E-02  1.47E+04
  3.55E+06 -9.76E+06 -1.81E+09 -2.37E+09 -1.26E+01 -3.10E+05 -3.02E+05  2.94E+04  5.03E+08 -8.35E+06 -2.46E-04 -9.40E+04 -1.44E+00 -8.72E-06 -2.48E+03 -6.41E+02  9.85E+08 -2.58E-02  8.68E+03
  3.65E+06 -1.36E+07 -3.69E+09 -2.14E+09 -2.54E+01 -3.60E+05 -2.80E+05  7.85E+04  4.63E+08 -7.09E+06 -2.91E-04 -7.22E+04 -1.59E+00 -9.95E-06 -2.77E+03 -4.21E+02  8.93E+08 -3.54E-02  5.03E+03
  3.75E+06 -1.89E+07 -4.88E+09 -1.92E+09 -5.11E+01 -4.23E+05 -2.58E+05  1.07E+05  4.21E+08 -5.67E+06 -3.45E-04 -5.21E+04 -1.76E+00 -1.14E-05 -3.13E+03 -2.60E+02  8.05E+08 -4.85E-02  2.86E+03
  3.85E+06 -2.66E+07 -5.97E+09 -1.71E+09 -1.03E+02 -5.03E+05 -2.40E+05  1.17E+05  3.78E+08 -4.33E+06 -4.11E-04 -3.38E+04 -1.96E+00 -1.30E-05 -3.57E+03 -1.71E+02  7.21E+08 -6.65E-02  1.60E+03
  3.95E+06 -3.74E+07 -7.32E+09 -1.50E+09 -2.10E+02 -6.00E+05 -2.28E+05  1.14E+05  3.33E+08 -3.22E+06 -4.93E-04 -1.74E+04 -2.21E+00 -1.51E-05 -4.15E+03 -1.72E+02  6.41E+08 -9.14E-02  8.73E+02
  4.05E+06 -5.30E+07 -8.85E+09 -1.30E+09 -4.29E+02 -7.10E+05 -2.25E+05  9.93E+04  2.86E+08 -2.46E+06 -5.89E-04 -1.02E+03 -2.48E+00 -1.74E-05 -4.84E+03 -2.62E+02  5.65E+08 -1.25E-01  4.67E+02
  4.15E+06 -7.45E+07 -1.03E+10 -1.11E+09 -8.60E+02 -8.19E+05 -2.29E+05  7.89E+04  2.37E+08 -2.11E+06 -6.84E-04  1.75E+04 -2.72E+00 -1.99E-05 -5.53E+03 -4.12E+02  4.92E+08 -1.67E-01  2.44E+02
  4.25E+06 -1.03E+08 -1.15E+10 -9.24E+08 -1.67E+03 -9.01E+05 -2.38E+05  5.77E+04  1.87E+08 -2.20E+06 -7.62E-04  3.63E+04 -2.86E+00 -2.18E-05 -6.23E+03 -6.28E+02  4.24E+08 -2.18E-01  1.24E+02
  4.35E+06 -1.37E+08 -1.19E+10 -7.45E+08 -3.06E+03 -9.30E+05 -2.44E+05  3.97E+04  1.36E+08 -2.67E+06 -7.79E-04  5.47E+04 -2.80E+00 -2.26E-05 -6.52E+03 -7.96E+02  3.60E+08 -2.62E-01  6.16E+01
  4.45E+06 -1.75E+08 -1.21E+10 -5.77E+08 -5.26E+03 -8.97E+05 -2.43E+05  2.83E+04  8.42E+07 -3.51E+06 -7.50E-04  6.64E+04 -2.55E+00 -2.15E-05 -6.77E+03 -9.61E+02  3.02E+08 -3.06E-01  3.00E+01
  4.55E+06 -2.11E+08 -1.13E+10 -4.23E+08 -8.30E+03 -8.15E+05 -2.31E+05  2.10E+04  3.42E+07 -4.63E+06 -6.41E-04  7.15E+04 -2.15E+00 -1.92E-05 -6.36E+03 -9.90E+02  2.50E+08 -3.22E-01  1.45E+01
  4.65E+06 -2.45E+08 -1.05E+10 -2.85E+08 -1.24E+04 -7.07E+05 -2.11E+05  1.88E+04 -1.32E+07 -6.11E+06 -5.34E-04  6.92E+04 -1.73E+00 -1.58E-05 -6.17E+03 -1.02E+03  2.05E+08 -3.41E-01  7.00E+00
  4.75E+06 -2.74E+08 -9.02E+09 -1.64E+08 -1.74E+04 -5.98E+05 -1.87E+05  1.72E+04 -5.71E+07 -7.94E+06 -4.00E-04  6.27E+04 -1.33E+00 -1.27E-05 -5.57E+03 -9.55E+02  1.66E+08 -3.32E-01  3.41E+00
  4.85E+06 -3.02E+08 -7.76E+09 -6.00E+07 -2.37E+04 -5.00E+05 -1.63E+05  1.71E+04 -9.71E+07 -1.02E+07 -3.04E-04  5.43E+04 -1.02E+00 -9.77E-06 -5.30E+03 -9.18E+02  1.34E+08 -3.33E-01  1.69E+00
  4.95E+06 -3.26E+08 -6.39E+09  2.81E+07 -3.12E+04 -4.21E+05 -1.42E+05  1.60E+04 -1.33E+08 -1.31E+07 -2.08E-04  4.56E+04 -7.79E-01 -7.75E-06 -4.83E+03 -8.45E+02  1.08E+08 -3.16E-01  8.60E-01
  5.05E+06 -3.51E+08 -5.28E+09  1.02E+08 -4.03E+04 -3.57E+05 -1.24E+05  1.51E+04 -1.65E+08 -1.68E+07 -1.40E-04  3.76E+04 -6.08E-01 -6.23E-06 -4.53E+03 -7.91E+02  8.71E+07 -3.01E-01  4.49E-01
  5.15E+06 -3.77E+08 -4.36E+09  1.64E+08 -5.16E+04 -3.07E+05 -1.09E+05  1.40E+04 -1.93E+08 -2.14E+07 -9.14E-05  3.08E+04 -4.90E-01 -5.18E-06 -4.33E+03 -7.45E+02  7.03E+07 -2.89E-01  2.41E-01
  5.25E+06 -4.01E+08 -3.56E+09  2.16E+08 -6.51E+04 -2.69E+05 -9.67E+04  1.25E+04 -2.18E+08 -2.71E+07 -4.30E-05  2.51E+04 -3.97E-01 -4.59E-06 -3.97E+03 -6.90E+02  5.68E+07 -2.61E-01  1.33E-01
  5.35E+06 -4.32E+08 -3.01E+09  2.59E+08 -8.26E+04 -2.40E+05 -8.70E+04  1.15E+04 -2.40E+08 -3.42E+07 -2.62E-05  2.06E+04 -3.44E-01 -4.03E-06 -4.00E+03 -6.69E+02  4.62E+07 -2.59E-01  7.59E-02
  5.45E+06 -4.59E+08 -2.46E+09  2.95E+08 -1.03E+05 -2.19E+05 -8.05E+04  9.91E+03 -2.59E+08 -4.28E+07  7.60E-06  1.67E+04 -2.93E-01 -3.91E-06 -3.62E+03 -6.22E+02  3.79E+07 -2.24E-01  4.46E-02
  5.55E+06 -4.97E+08 -2.11E+09  3.24E+08 -1.31E+05 -2.05E+05 -7.54E+04  8.92E+03 -2.75E+08 -5.30E+07  9.15E-06  1.39E+04 -2.67E-01 -3.57E-06 -3.75E+03 -6.12E+02  3.13E+07 -2.27E-01  2.70E-02
  5.65E+06 -5.31E+08 -1.75E+09  3.49E+08 -1.64E+05 -1.96E+05 -7.30E+04  7.48E+03 -2.90E+08 -6.49E+07  2.87E-05  1.13E+04 -2.41E-01 -3.57E-06 -3.45E+03 -5.77E+02  2.62E+07 -1.96E-01  1.68E-02
  5.75E+06 -5.74E+08 -1.50E+09  3.69E+08 -2.08E+05 -1.91E+05 -7.17E+04  6.46E+03 -3.02E+08 -7.85E+07  3.08E-05  9.45E+03 -2.21E-01 -3.36E-06 -3.44E+03 -5.60E+02  2.22E+07 -1.89E-01  1.07E-02
  5.85E+06 -6.20E+08 -1.28E+09  3.85E+08 -2.64E+05 -1.90E+05 -7.20E+04  5.36E+03 -3.12E+08 -9.36E+07  3.41E-05  7.89E+03 -1.96E-01 -3.19E-06 -3.34E+03 -5.32E+02  1.90E+07 -1.77E-01  6.96E-03
  5.95E+06 -6.61E+08 -1.08E+09  3.99E+08 -3.33E+05 -1.91E+05 -7.38E+04  4.19E+03 -3.20E+08 -1.10E+08  4.51E-05  6.50E+03 -1.82E-01 -3.13E-06 -3.00E+03 -4.95E+02  1.66E+07 -1.45E-01  4.62E-03
  6.05E+06 -7.12E+08 -9.37E+08  4.10E+08 -4.25E+05 -1.93E+05 -7.57E+04  3.41E+03 -3.28E+08 -1.28E+08  4.41E-05  5.51E+03 -1.52E-01 -2.81E-06 -2.87E+03 -4.59E+02  1.48E+07 -1.36E-01  3.13E-03
  6.15E+06 -7.63E+08 -8.09E+08  4.18E+08 -5.41E+05 -1.96E+05 -7.82E+04  2.69E+03 -3.33E+08 -1.47E+08  4.44E-05  4.68E+03 -1.16E-01 -2.47E-06 -2.64E+03 -4.08E+02  1.33E+07 -1.22E-01  2.14E-03
  6.25E+06 -8.16E+08 -6.89E+08  4.25E+08 -6.90E+05 -2.00E+05 -8.09E+04  2.04E+03 -3.38E+08 -1.67E+08  4.52E-05  3.98E+03 -7.88E-02 -2.14E-06 -2.31E+03 -3.43E+02  1.22E+07 -1.05E-01  1.48E-03
  6.35E+06 -8.73E+08 -5.79E+08  4.31E+08 -8.83E+05 -2.04E+05 -8.37E+04  1.52E+03 -3.41E+08 -1.88E+08  4.46E-05  3.41E+03 -3.45E-02 -1.79E-06 -1.92E+03 -2.61E+02  1.13E+07 -8.81E-02  1.03E-03
  6.45E+06 -9.38E+08 -4.77E+08  4.34E+08 -1.14E+06 -2.09E+05 -8.66E+04  1.13E+03 -3.44E+08 -2.09E+08  4.24E-05  2.96E+03  1.72E-02 -1.44E-06 -1.46E+03 -1.61E+02  1.07E+07 -7.28E-02  7.17E-04
  6.55E+06 -1.02E+09 -3.78E+08  4.37E+08 -1.48E+06 -2.14E+05 -8.90E+04  8.35E+02 -3.45E+08 -2.30E+08  3.67E-05  2.60E+03  8.77E-02 -1.07E-06 -9.43E+02 -4.80E+01  1.02E+07 -6.13E-02  4.97E-04
  6.65E+06 -1.10E+09 -2.72E+08  4.39E+08 -1.92E+06 -2.20E+05 -9.19E+04  4.48E+02 -3.46E+08 -2.50E+08  3.04E-05  2.20E+03  1.21E-01 -8.37E-07 -3.55E+02  4.09E+01  9.82E+06 -3.99E-02  3.39E-04
  6.75E+06 -1.19E+09 -1.73E+08  4.40E+08 -2.51E+06 -2.30E+05 -9.68E+04 -3.36E+01 -3.46E+08 -2.70E+08  1.39E-05  1.79E+03  1.05E-01 -5.89E-07  1.77E+01  5.32E+01  9.53E+06 -2.34E-02  2.25E-04
  6.85E+06 -1.28E+09 -9.35E+07  4.40E+08 -3.33E+06 -2.47E+05 -1.05E+05 -8.15E+02 -3.46E+08 -2.90E+08 -3.54E-05  1.29E+03  4.70E-03 -9.80E-08 -2.88E+02 -1.16E+02  9.31E+06 -3.30E-02  1.41E-04
  6.95E+06 -1.31E+09 -4.84E+07  4.40E+08 -4.44E+06 -2.89E+05 -1.26E+05 -2.50E+03 -3.45E+08 -3.09E+08 -1.51E-04  4.54E+02 -3.62E-01  5.85E-07 -1.98E+03 -6.35E+02  9.14E+06 -9.03E-02  7.94E-05
  7.05E+06 -1.25E+09 -6.70E+07  4.39E+08 -6.02E+06 -3.79E+05 -1.70E+05 -5.48E+03 -3.42E+08 -3.27E+08 -4.10E-04 -8.45E+02 -1.10E+00  1.68E-06 -5.85E+03 -1.64E+03  9.00E+06 -2.77E-01  3.34E-05
  7.15E+06 -1.09E+09 -1.45E+08  4.37E+08 -8.43E+06 -5.25E+05 -2.41E+05 -9.93E+03 -3.39E+08 -3.44E+08 -9.34E-04 -2.81E+03 -2.26E+00  3.13E-06 -1.21E+04 -3.17E+03  8.87E+06 -7.20E-01 -1.35E-06
  7.25E+06 -8.64E+08 -2.38E+08  4.35E+08 -1.20E+07 -7.24E+05 -3.39E+05 -1.59E+04 -3.34E+08 -3.60E+08 -1.85E-03 -5.64E+03 -3.87E+00  4.14E-06 -1.98E+04 -5.16E+03  8.72E+06 -1.56E+00 -2.79E-05
  7.35E+06 -7.01E+08 -2.74E+08  4.31E+08 -1.72E+07 -9.41E+05 -4.44E+05 -2.24E+04 -3.27E+08 -3.74E+08 -3.28E-03 -9.20E+03 -5.79E+00  4.25E-06 -2.67E+04 -7.19E+03  8.51E+06 -2.94E+00 -4.80E-05
  7.45E+06 -7.43E+08 -2.00E+08  4.25E+08 -2.50E+07 -1.10E+06 -5.17E+05 -2.72E+04 -3.17E+08 -3.88E+08 -5.30E-03 -1.29E+04 -7.41E+00  3.63E-06 -3.02E+04 -8.50E+03  8.23E+06 -4.81E+00 -6.13E-05
  7.55E+06 -9.48E+08 -4.55E+07  4.16E+08 -3.62E+07 -1.15E+06 -5.36E+05 -2.89E+04 -3.02E+08 -4.00E+08 -7.80E-03 -1.62E+04 -8.21E+00  2.63E-06 -2.87E+04 -8.41E+03  7.83E+06 -6.79E+00 -6.52E-05
  7.65E+06 -1.21E+09  1.27E+08  4.03E+08 -5.22E+07 -1.15E+06 -5.23E+05 -2.71E+04 -2.80E+08 -4.08E+08 -1.05E-02 -1.82E+04 -8.08E+00  1.66E-06 -2.20E+04 -6.73E+03  7.31E+06 -8.13E+00 -5.45E-05
  7.75E+06 -1.54E+09  3.24E+08  3.86E+08 -7.69E+07 -1.10E+06 -4.87E+05 -2.08E+04 -2.49E+08 -4.13E+08 -1.30E-02 -1.81E+04 -6.27E+00  1.02E-06 -1.20E+04 -3.65E+03  6.67E+06 -8.24E+00 -2.51E-05
  7.85E+06 -2.21E+09  6.91E+08  3.66E+08 -1.18E+08 -9.25E+05 -3.84E+05 -6.81E+03 -2.07E+08 -4.14E+08 -1.50E-02 -1.53E+04 -2.88E+00  3.66E-07 -1.62E+03  1.03E+02  5.94E+06 -6.16E+00  2.10E-05
  7.95E+06 -4.72E+09  1.99E+09  3.43E+08 -1.86E+08 -5.56E+04  5.11E+04  1.80E+04 -1.49E+08 -4.10E+08 -1.61E-02 -9.21E+03  8.17E-01 -1.30E-06  5.86E+03  3.63E+03  5.15E+06  4.61E-01  6.97E-05
  8.05E+06 -1.28E+10  6.11E+09  3.12E+08 -2.62E+08  1.24E+06  6.56E+05  3.26E+04 -7.98E+07 -3.98E+08 -1.73E-02  2.20E+03  3.80E+00 -4.31E-06  7.93E+03  5.28E+03  4.35E+06  7.21E+00  9.60E-05
  8.15E+06 -3.06E+10  1.51E+10  2.69E+08 -2.93E+08  1.12E+06  5.58E+05  2.04E+04 -1.97E+07 -3.77E+08 -1.83E-02  1.23E+04  4.06E+00 -7.43E-06  6.08E+03  4.09E+03  3.58E+06  5.53E+00  9.48E-05
  8.25E+06 -6.06E+10  3.02E+10  2.20E+08 -2.67E+08  5.65E+05  2.62E+05  7.58E+03  1.84E+07 -3.48E+08 -1.53E-02  1.15E+04  2.65E+00 -9.75E-06  3.83E+03  2.22E+03  2.88E+06  2.44E+00  8.41E-05
  8.35E+06 -1.05E+11  5.24E+10  1.74E+08 -2.13E+08  2.69E+05  1.05E+05  2.23E+03  3.93E+07 -3.16E+08 -1.08E-02  6.47E+03  1.40E+00 -1.09E-05  2.28E+03  9.99E+02  2.25E+06  9.80E-01  7.20E-05
  8.45E+06 -1.64E+11  8.17E+10  1.33E+08 -1.51E+08  1.40E+05  4.12E+04  5.72E+02  5.03E+07 -2.83E+08 -6.66E-03  3.04E+03  6.45E-01 -1.08E-05  1.34E+03  4.06E+02  1.73E+06  4.04E-01  6.00E-05
  8.55E+06 -2.34E+11  1.17E+11  9.90E+07 -9.34E+07  7.92E+04  1.63E+04  1.32E+02  5.63E+07 -2.51E+08 -2.93E-03  1.36E+03  2.48E-01 -9.77E-06  7.95E+02  1.55E+02  1.30E+06  1.75E-01  4.87E-05
  8.65E+06 -3.11E+11  1.55E+11  7.25E+07 -4.55E+07  4.86E+04  6.61E+03  2.77E+01  5.96E+07 -2.21E+08  4.99E-05  6.14E+02  7.09E-02 -7.98E-06  4.72E+02  5.69E+01  9.67E+05  8.00E-02  3.82E-05
  8.75E+06 -3.88E+11  1.94E+11  5.22E+07 -7.49E+06  3.13E+04  2.79E+03  5.25E+00  6.14E+07 -1.93E+08  2.04E-03  2.87E+02  3.87E-03 -5.87E-06  2.80E+02  2.04E+01  7.08E+05  3.85E-02  2.88E-05
  8.85E+06 -4.59E+11  2.30E+11  3.70E+07  2.17E+07  2.10E+04  1.23E+03  9.04E-01  6.24E+07 -1.67E+08  2.93E-03  1.42E+02 -1.62E-04 -3.53E-06  1.66E+02  7.26E+00  5.12E+05  1.95E-02  2.09E-05
  8.95E+06 -5.19E+11  2.60E+11  2.60E+07  4.36E+07  1.43E+04  5.64E+02  1.44E-01  6.27E+07 -1.43E+08  3.04E-03  7.25E+01  7.14E-03 -1.64E-06  9.83E+01  2.60E+00  3.67E+05  1.03E-02  1.45E-05
  9.05E+06 -5.65E+11  2.82E+11  1.81E+07  5.97E+07  9.71E+03  2.70E+02  2.21E-02  6.28E+07 -1.22E+08  2.69E-03  3.78E+01  9.77E-03 -4.09E-07  5.77E+01  9.42E-01  2.61E+05  5.77E-03  9.72E-06
  9.15E+06 -5.95E+11  2.97E+11  1.25E+07  7.16E+07  6.78E+03  1.36E+02  3.60E-03  6.26E+07 -1.03E+08  2.13E-03  2.16E+01  2.17E-02  5.36E-07  3.35E+01  3.53E-01  1.84E+05  3.34E-03  6.34E-06
  9.25E+06 -6.10E+11  3.05E+11  8.63E+06  8.02E+07  4.73E+03  7.14E+01  6.79E-04  6.23E+07 -8.62E+07  1.59E-03  1.26E+01  2.36E-02  8.72E-07  1.93E+01  1.38E-01  1.30E+05  2.02E-03  4.05E-06
  9.35E+06 -6.09E+11  3.05E+11  5.92E+06  8.64E+07  3.29E+03  3.88E+01  1.56E-04  6.20E+07 -7.09E+07  1.14E-03  7.42E+00  1.46E-02  6.54E-07  1.10E+01  5.62E-02  9.09E+04  1.26E-03  2.55E-06
  9.45E+06 -5.95E+11  2.97E+11  4.04E+06  9.10E+07  2.32E+03  2.20E+01  4.38E-05  6.16E+07 -5.71E+07  7.89E-04  4.58E+00  7.11E-04  3.33E-08  6.16E+00  2.42E-02  6.33E+04  8.07E-04  1.60E-06
  9.55E+06 -5.66E+11  2.83E+11  2.74E+06  9.43E+07  1.64E+03  1.30E+01  1.41E-05  6.13E+07 -4.49E+07  5.19E-04  2.78E+00 -2.65E-02 -1.21E-06  3.40E+00  1.09E-02  4.37E+04  5.19E-04  1.01E-06
  9.65E+06 -5.23E+11  2.61E+11  1.83E+06  9.69E+07  1.16E+03  7.85E+00  5.02E-06  6.10E+07 -3.39E+07  3.03E-04  1.55E+00 -7.90E-02 -3.58E-06  1.83E+00  5.16E-03  2.95E+04  3.25E-04  6.27E-07
  9.75E+06 -4.59E+11  2.29E+11  1.17E+06  9.89E+07  8.16E+02  4.86E+00  1.89E-06  6.06E+07 -2.40E+07  1.12E-04  4.30E-01 -2.04E-01 -8.95E-06  9.35E-01  2.49E-03  1.89E+04  1.77E-04  3.79E-07
  9.85E+06 -3.65E+11  1.82E+11  6.67E+05  1.01E+08  5.76E+02  3.07E+00  7.47E-07  6.02E+07 -1.50E+07 -1.11E-04 -8.45E-01 -6.42E-01 -2.59E-05  4.16E-01  1.16E-03  1.06E+04  2.88E-05  2.08E-07
  9.95E+06 -1.99E+11  9.97E+10  2.30E+05  1.03E+08  4.04E+02  1.94E+00  2.30E-07  5.94E+07 -5.98E+06 -6.81E-04 -4.61E+00 -3.43E+00 -2.00E-04  1.07E-01  3.49E-04  3.55E+03 -3.85E-04  7.42E-08
  1.00E+07 -6.60E-03 -4.17E-05  1.16E-09  1.06E+08  1.54E-05  4.41E-07  5.33E-20  5.85E+07 -5.31E-07 -8.68E-09 -4.65E-09 -1.01E-10 -1.01E-10  3.32E-13 -5.02E-16  2.08E-11 -4.41E-09  6.22E-22

     Z        NO        NO2       HNO       H2S       HS        S         SO        SO2       H2SO4     HSO       S2        S4        S8        SO3       OCS       S3        O3        HNO3    
  0.00E+00 -6.48E+05 -3.36E+05 -6.02E+05  2.00E+08 -7.17E-03 -8.34E-09 -3.68E-05 -2.47E+09  7.00E+08 -3.05E+06  4.99E-10  1.10E-13  6.59E-30 -5.93E-03  5.43E+06  2.57E-25  4.29E+00 -1.83E+08
  5.00E+04 -1.41E+07 -3.01E+06  2.85E+05  1.34E+08  4.15E+04  4.98E-09  1.15E+00 -1.48E+09  3.49E+08  2.04E+06  1.43E+01  7.12E-07  1.05E-18  3.43E+00  5.42E+06  4.54E-18 -2.07E+10 -2.12E+08
  1.50E+05 -1.80E+07 -1.47E+07  1.98E+05  6.02E+07  2.12E+04 -9.08E-10  1.08E+00  5.03E+08  1.13E+08  1.02E+06  1.29E+01  4.43E-07  2.03E-18  1.07E+00  5.37E+06  1.25E-18 -4.88E+10 -3.07E+08
  2.50E+05 -2.21E+07 -2.10E+07  9.44E+04  2.63E+07  8.30E+03 -2.54E-09  6.35E-01  6.52E+08  6.16E+07  3.93E+05  6.59E+00  2.38E-07  2.37E-18  4.93E-01  5.17E+06  4.83E-19 -6.60E+10 -3.52E+08
  3.50E+05 -2.95E+07 -2.67E+07  4.53E+04  1.12E+07  3.34E+03 -3.00E-09  3.76E-01  4.87E+08  4.64E+07  1.55E+05  3.49E+00  1.47E-07  2.50E-18  1.63E-01  4.80E+06  3.10E-19 -7.69E+10 -3.29E+08
  4.50E+05 -3.92E+07 -2.74E+07  2.14E+04  4.71E+06  1.31E+03 -3.18E-09  1.92E-01  3.30E+08  3.61E+07  5.97E+04  3.12E+00  1.04E-07  2.54E-18 -3.16E-02  4.35E+06  2.73E-19 -8.28E+10 -2.70E+08
  5.50E+05 -4.29E+07 -1.76E+07  1.03E+04  2.00E+06  5.06E+02 -3.35E-09  8.36E-02  2.14E+08  2.70E+07  2.26E+04  3.39E+00  7.77E-08  2.56E-18 -2.48E-01  3.93E+06  2.54E-19 -8.43E+10 -1.91E+08
  6.50E+05 -3.37E+07  3.55E+06  5.46E+03  8.58E+05  2.11E+02 -3.40E-09  2.80E-02  1.35E+08  1.96E+07  9.24E+03  3.80E+00  5.69E-08  2.56E-18 -5.61E-01  3.59E+06  2.32E-19 -8.32E+10 -1.19E+08
  7.50E+05 -3.89E+07  4.71E+06  2.82E+03  3.79E+05  1.06E+02 -3.42E-09 -1.47E-02  8.55E+07  1.30E+07  4.53E+03  3.58E+00  3.91E-08  2.55E-18 -1.06E+00  3.37E+06  1.93E-19 -8.11E+10 -7.97E+07
  8.50E+05 -7.04E+07 -1.03E+07  1.34E+03  1.73E+05  5.82E+01 -3.29E-09 -5.47E-02  5.44E+07  7.74E+06  2.42E+03  2.93E+00  2.49E-08  2.54E-18 -2.07E+00  3.25E+06  1.48E-19 -7.88E+10 -6.94E+07
  9.50E+05 -1.03E+08 -1.96E+07  6.76E+02  7.89E+04  2.86E+01 -3.04E-09 -7.38E-02  3.43E+07  4.44E+06  1.15E+03  2.04E+00  1.47E-08  2.53E-18 -3.30E+00  3.19E+06  1.03E-19 -7.62E+10 -6.74E+07
  1.05E+06 -1.17E+08 -1.96E+07  4.00E+02  3.47E+04  1.27E+01 -2.78E-09 -6.61E-02  2.10E+07  2.64E+06  4.83E+02  1.12E+00  8.10E-09  2.52E-18 -4.25E+00  3.15E+06  6.58E-20 -7.36E+10 -6.27E+07
  1.15E+06 -1.14E+08 -1.71E+07  2.43E+02  1.48E+04  5.43E+00 -2.63E-09 -4.67E-02  1.25E+07  1.59E+06  1.95E+02  3.46E-01  4.35E-09  2.50E-18 -4.14E+00  3.13E+06  4.00E-20 -7.13E+10 -5.68E+07
  1.25E+06 -1.05E+08 -1.52E+07  1.39E+02  6.28E+03  2.34E+00 -2.68E-09 -3.05E-02  7.42E+06  9.24E+05  7.98E+01 -2.09E-01  2.37E-09  2.49E-18 -4.08E+00  3.12E+06  2.32E-20 -6.96E+10 -5.36E+07
  1.35E+06 -9.37E+07 -1.33E+07  7.61E+01  2.74E+03  1.05E+00 -3.06E-09 -2.42E-02  4.44E+06  4.94E+05  3.41E+01 -5.27E-01  1.34E-09  2.48E-18 -5.56E+00  3.12E+06  1.12E-20 -6.83E+10 -5.45E+07
  1.45E+06 -8.27E+07 -1.24E+07  3.15E+01  1.22E+03  4.09E-01 -4.11E-09 -2.98E-02  2.68E+06  2.36E+05  1.31E+01 -6.93E-01  7.39E-10  2.46E-18 -6.93E-02  3.11E+06 -8.35E-22 -6.75E+10 -5.93E+07
  1.55E+06 -6.98E+07 -1.36E+07  1.47E+01  5.14E+02  1.91E-01 -5.97E-09 -2.62E-02  1.57E+06  1.10E+05  5.86E+00 -6.91E-01  3.52E-10  2.45E-18 -7.14E-01  3.10E+06 -1.31E-20 -6.68E+10 -6.72E+07
  1.65E+06 -5.38E+07 -1.66E+07  4.92E+00  1.89E+02  8.04E-02 -7.55E-09 -1.98E-02  8.55E+05  4.69E+04  2.27E+00 -4.64E-01  1.49E-10  2.43E-18  5.25E-01  3.09E+06 -1.86E-20 -6.62E+10 -7.71E+07
  1.75E+06 -3.79E+07 -2.05E+07  1.62E+00  5.51E+01  3.38E-02 -7.78E-09 -1.31E-02  4.11E+05  1.85E+04  8.67E-01 -4.60E-02  9.14E-11  2.42E-18  1.14E-02  3.08E+06 -1.35E-20 -6.56E+10 -8.66E+07
  1.85E+06 -2.46E+07 -2.44E+07  5.06E-01  1.22E+01  1.16E-02 -8.04E-09 -1.13E-02  1.60E+05  6.26E+03  2.77E-01  3.61E-01  7.22E-11  2.40E-18 -2.07E-01  3.05E+06 -2.83E-21 -6.48E+10 -9.31E+07
  1.95E+06 -1.65E+07 -2.74E+07  6.59E-02  2.25E+00  3.03E-03 -1.11E-08 -1.59E-02  3.02E+04  1.39E+03  5.80E-02  4.13E-01  2.67E-11  2.39E-18 -4.48E-01  3.02E+06  4.54E-21 -6.37E+10 -9.45E+07
  2.05E+06 -1.36E+07 -2.93E+07 -7.93E-02  3.77E-01  4.58E-04 -1.95E-08 -2.84E-02 -4.11E+04 -5.69E+02 -5.60E-03  2.06E-01  3.26E-12  2.37E-18 -1.01E+00  2.96E+06  4.97E-21 -6.24E+10 -9.06E+07
  2.15E+06 -1.39E+07 -3.14E+07 -1.14E-01  5.22E-02 -1.78E-04 -3.59E-08 -5.43E-02 -8.56E+04 -1.66E+03 -1.85E-02  5.59E-02  1.39E-13  2.36E-18 -2.27E+00  2.89E+06  2.36E-21 -6.08E+10 -8.27E+07
  2.25E+06 -1.56E+07 -3.43E+07 -1.14E-01  2.34E-03 -2.83E-04 -6.41E-08 -1.05E-01 -1.16E+05 -2.51E+03 -1.83E-02  8.88E-03  2.20E-15  2.34E-18 -5.01E+00  2.79E+06  6.00E-22 -5.90E+10 -7.17E+07
  2.35E+06 -1.82E+07 -3.84E+07 -8.68E-02  6.61E-04 -1.70E-04 -1.09E-07 -2.02E-01 -1.34E+05 -3.32E+03 -1.25E-02  8.32E-04  1.27E-17  2.32E-18 -1.08E+01  2.65E+06  8.41E-23 -5.65E+10 -5.80E+07
  2.45E+06 -2.15E+07 -4.33E+07 -3.30E-02  6.42E-03  6.06E-05 -1.73E-07 -3.76E-01 -1.42E+05 -4.11E+03 -3.23E-03  4.52E-05  2.59E-20  2.31E-18 -2.26E+01  2.47E+06  6.42E-24 -5.33E+10 -4.22E+07
  2.55E+06 -2.53E+07 -4.83E+07  4.52E-02  1.17E-02  3.30E-04 -2.56E-07 -6.59E-01 -1.36E+05 -4.98E+03  7.19E-03  1.40E-06  1.80E-23  2.29E-18 -4.62E+01  2.25E+06  2.62E-25 -4.89E+10 -2.54E+07
  2.65E+06 -2.94E+07 -5.22E+07  1.46E-01  1.52E-02  6.48E-04 -3.49E-07 -1.08E+00 -1.17E+05 -6.22E+03  1.95E-02  2.50E-08 -4.26E-26  2.27E-18 -8.88E+01  1.98E+06  5.39E-27 -4.36E+10 -9.11E+06
  2.75E+06 -3.35E+07 -5.38E+07  2.49E-01  1.64E-02  9.58E-04 -4.31E-07 -1.64E+00 -8.62E+04 -8.73E+03  3.17E-02  1.62E-09 -5.88E-26  2.25E-18 -1.59E+02  1.68E+06  2.14E-28 -3.75E+10  5.03E+06
  2.85E+06 -3.72E+07 -5.24E+07  3.28E-01  1.55E-02  1.20E-03 -4.72E-07 -2.29E+00 -4.84E+04 -1.45E+04  4.14E-02  1.91E-09 -6.64E-26  2.23E-18 -2.61E+02  1.36E+06  5.23E-28 -3.11E+10  1.60E+07
  2.95E+06 -4.02E+07 -4.77E+07  3.62E-01  1.33E-02  1.33E-03 -4.41E-07 -2.91E+00 -9.48E+03 -3.00E+04  4.71E-02  1.87E-09 -7.50E-26  2.21E-18 -3.93E+02  1.04E+06  6.14E-28 -2.46E+10  2.33E+07
  3.05E+06 -4.21E+07 -4.05E+07  3.40E-01  1.03E-02  1.32E-03 -3.24E-07 -3.31E+00  2.40E+04 -7.50E+04  4.69E-02  1.42E-09 -8.49E-26  2.19E-18 -5.58E+02  7.46E+05  4.63E-28 -1.84E+10  2.72E+07
  3.15E+06 -4.28E+07 -3.13E+07  2.75E-01  7.22E-03  1.17E-03 -1.37E-07 -3.36E+00  4.71E+04 -1.94E+05  4.18E-02  8.72E-10 -9.62E-26  2.17E-18 -7.72E+02  4.99E+05  2.47E-28 -1.25E+10  2.79E+07
  3.25E+06 -4.24E+07 -2.11E+07  1.90E-01  4.63E-03  9.36E-04  7.18E-08 -3.08E+00  5.71E+04 -3.63E+05  3.33E-02  4.34E-10 -1.09E-25  2.15E-18 -1.08E+03  3.07E+05  9.52E-29 -7.23E+09  2.63E+07
  3.35E+06 -4.03E+07 -1.14E+07  1.11E-01  2.68E-03  6.69E-04  2.40E-07 -2.58E+00  5.42E+04 -2.26E+05  2.37E-02  1.75E-10 -1.23E-25  2.13E-18 -1.47E+03  1.73E+05  2.65E-29 -2.71E+09  2.31E+07
  3.45E+06 -3.79E+07 -1.75E+06  5.10E-02  1.41E-03  4.32E-04  3.24E-07 -2.47E+00  4.14E+04 -1.28E+05  1.53E-02  5.68E-11 -1.39E-25  2.10E-18 -1.90E+03  8.86E+04  5.26E-30  4.34E+08  1.89E+07
  3.55E+06 -3.47E+07  6.24E+06  1.32E-02  6.63E-04  2.48E-04  3.13E-07 -2.93E+00  2.31E+04 -6.16E+04  8.72E-03  1.47E-11 -1.57E-25  2.08E-18 -2.39E+03  4.09E+04  7.38E-31  2.52E+09  1.47E+07
  3.65E+06 -3.13E+07  1.27E+07 -8.40E-03  2.79E-04  1.27E-04  2.40E-07 -4.22E+00  4.24E+03 -1.85E+04  4.43E-03  3.00E-12 -1.76E-25  2.05E-18 -2.66E+03  1.69E+04  7.33E-32  3.66E+09  1.10E+07
  3.75E+06 -2.78E+07  1.74E+07 -2.10E-02  1.04E-04  5.78E-05  1.45E-07 -6.13E+00 -1.12E+04  7.41E+03  1.99E-03  4.90E-13 -1.97E-25  2.03E-18 -2.46E+03  6.29E+03  5.31E-33  4.35E+09  8.01E+06
  3.85E+06 -2.43E+07  2.05E+07 -2.98E-02  3.44E-05  2.32E-05  6.03E-08 -8.34E+00 -2.14E+04  2.11E+04  7.85E-04  6.72E-14 -2.20E-25  2.00E-18 -1.81E+03  2.09E+03  3.22E-34  4.96E+09  5.77E+06
  3.95E+06 -2.07E+07  2.21E+07 -3.79E-02  1.01E-05  8.24E-06 -3.95E-09 -1.05E+01 -2.63E+04  2.67E+04  2.71E-04  9.35E-15 -2.47E-25  1.97E-18 -9.96E+02  6.17E+02  2.36E-35  5.76E+09  4.14E+06
  4.05E+06 -1.70E+07  2.23E+07 -4.60E-02  2.59E-06  2.57E-06 -5.22E-08 -1.23E+01 -2.73E+04  2.74E+04  8.13E-05  1.75E-15 -2.76E-25  1.94E-18 -3.01E+02  1.62E+02  3.29E-36  6.68E+09  2.96E+06
  4.15E+06 -1.29E+07  2.11E+07 -5.34E-02  5.89E-07  6.99E-07 -9.42E-08 -1.40E+01 -2.60E+04  2.58E+04  2.09E-05  4.20E-16 -3.09E-25  1.90E-18  1.70E+02  3.81E+01  8.30E-37  7.52E+09  2.09E+06
  4.25E+06 -8.20E+06  1.85E+07 -5.76E-02  1.18E-07  1.65E-07 -1.37E-07 -1.53E+01 -2.36E+04  2.32E+04  4.52E-06  1.00E-16 -3.45E-25  1.87E-18  4.47E+02  7.96E+00  2.38E-37  8.23E+09  1.45E+06
  4.35E+06 -3.32E+06  1.51E+07 -5.68E-02  2.06E-08  3.30E-08 -1.90E-07 -1.71E+01 -2.09E+04  2.04E+04  7.68E-07  2.12E-17 -3.82E-25  1.83E-18  5.87E+02  1.48E+00  6.07E-38  8.44E+09  9.57E+05
  4.45E+06  1.32E+06  1.13E+07 -5.01E-02  2.94E-09  4.88E-09 -2.52E-07 -1.84E+01 -1.83E+04  1.77E+04  4.02E-08  3.95E-18 -4.20E-25  1.80E-18  6.47E+02  2.49E-01  1.33E-38  8.52E+09  5.98E+05
  4.55E+06  4.98E+06  8.03E+06 -3.97E-02  1.42E-10 -3.56E-10 -3.39E-07 -2.11E+01 -1.60E+04  1.53E+04 -9.76E-08  6.58E-19 -4.55E-25  1.76E-18  6.39E+02  3.77E-02  2.55E-39  7.90E+09  3.51E+05
  4.65E+06  7.56E+06  5.41E+06 -2.78E-02 -1.72E-10 -1.07E-09 -4.40E-07 -2.31E+01 -1.38E+04  1.33E+04 -1.37E-07  1.01E-19 -4.88E-25  1.71E-18  6.02E+02  5.27E-03  4.45E-40  7.29E+09  1.97E+05
  4.75E+06  9.06E+06  3.57E+06 -1.69E-02 -1.49E-10 -1.07E-09 -5.83E-07 -2.67E+01 -1.20E+04  1.15E+04 -1.71E-07  1.46E-20 -5.17E-25  1.67E-18  5.35E+02  6.90E-04  7.17E-41  6.26E+09  1.06E+05
  4.85E+06  9.76E+06  2.32E+06 -7.93E-03 -6.90E-11 -8.61E-10 -7.55E-07 -2.98E+01 -1.04E+04  9.95E+03 -2.03E-07  2.02E-21 -5.45E-25  1.63E-18  4.65E+02  8.64E-05  1.10E-41  5.37E+09  5.65E+04
  4.95E+06  9.88E+06  1.50E+06 -1.19E-03 -2.75E-11 -7.44E-10 -9.95E-07 -3.47E+01 -9.01E+03  8.65E+03 -2.47E-07  2.71E-22 -5.71E-25  1.58E-18  3.92E+02  1.05E-05  1.60E-42  4.42E+09  2.96E+04
  5.05E+06  9.64E+06  9.77E+05  3.61E-03  1.94E-12 -6.44E-10 -1.31E-06 -4.01E+01 -7.83E+03  7.54E+03 -2.97E-07  3.15E-23 -5.97E-25  1.54E-18  3.28E+02  1.27E-06  1.69E-43  3.65E+09  1.56E+04
  5.15E+06  9.17E+06  6.37E+05  6.82E-03  1.52E-11 -5.82E-10 -1.72E-06 -4.65E+01 -6.83E+03  6.60E+03 -3.58E-07 -1.76E-24 -6.23E-25  1.49E-18  2.73E+02  1.55E-07 -5.93E-44  3.01E+09  8.18E+03
  5.25E+06  8.57E+06  4.18E+05  8.79E-03  6.74E-12 -6.26E-10 -2.29E-06 -5.57E+01 -5.97E+03  5.80E+03 -4.44E-07 -7.66E-24 -6.50E-25  1.44E-18  2.27E+02  1.93E-08 -1.20E-43  2.46E+09  4.32E+03
  5.35E+06  7.91E+06  2.74E+05  9.88E-03  9.51E-12 -6.03E-10 -3.02E-06 -6.43E+01 -5.25E+03  5.12E+03 -5.34E-07 -9.57E-24 -6.82E-25  1.39E-18  1.89E+02  2.48E-09 -1.52E-43  2.08E+09  2.30E+03
  5.45E+06  7.23E+06  1.81E+05  1.03E-02 -1.46E-11 -7.57E-10 -4.09E-06 -7.87E+01 -4.62E+03  4.54E+03 -6.81E-07 -1.23E-23 -7.14E-25  1.34E-18  1.57E+02  3.31E-10 -2.11E-43  1.70E+09  1.23E+03
  5.55E+06  6.55E+06  1.20E+05  1.02E-02 -1.75E-11 -7.85E-10 -5.43E-06 -9.17E+01 -4.08E+03  4.04E+03 -8.29E-07 -1.48E-23 -7.53E-25  1.29E-18  1.32E+02  4.53E-11 -2.69E-43  1.47E+09  6.63E+02
  5.65E+06  5.90E+06  7.94E+04  9.82E-03 -4.50E-11 -1.01E-09 -7.43E-06 -1.13E+02 -3.62E+03  3.62E+03 -1.07E-06 -1.97E-23 -7.93E-25  1.24E-18  1.10E+02  4.86E-12 -3.88E-43  1.22E+09  3.58E+02
  5.75E+06  5.27E+06  5.25E+04  9.23E-03 -5.93E-11 -1.17E-09 -1.01E-05 -1.35E+02 -3.22E+03  3.26E+03 -1.35E-06 -2.55E-23 -8.41E-25  1.19E-18  9.26E+01 -1.63E-12 -5.44E-43  1.06E+09  1.95E+02
  5.85E+06  4.69E+06  3.48E+04  8.51E-03 -8.22E-11 -1.41E-09 -1.37E-05 -1.64E+02 -2.87E+03  2.95E+03 -1.72E-06 -3.44E-23 -8.92E-25  1.15E-18  7.79E+01 -3.31E-12 -7.96E-43  9.14E+08  1.06E+02
  5.95E+06  4.14E+06  2.31E+04  7.74E-03 -1.20E-10 -1.86E-09 -1.91E-05 -2.05E+02 -2.55E+03  2.69E+03 -2.29E-06 -5.05E-23 -9.45E-25  1.10E-18  6.56E+01 -4.40E-12 -1.28E-42  7.77E+08  5.78E+01
  6.05E+06  3.63E+06  1.53E+04  6.95E-03 -1.48E-10 -2.28E-09 -2.63E-05 -2.50E+02 -2.27E+03  2.47E+03 -2.96E-06 -7.24E-23 -1.01E-24  1.05E-18  5.55E+01 -5.50E-12 -2.01E-42  6.91E+08  3.18E+01
  6.15E+06  3.16E+06  1.01E+04  6.17E-03 -1.85E-10 -2.86E-09 -3.63E-05 -3.05E+02 -2.02E+03  2.28E+03 -3.86E-06 -1.07E-22 -1.07E-24  9.98E-19  4.69E+01 -6.75E-12 -3.29E-42  6.13E+08  1.75E+01
  6.25E+06  2.73E+06  6.63E+03  5.44E-03 -2.33E-10 -3.66E-09 -5.03E-05 -3.74E+02 -1.78E+03  2.12E+03 -5.08E-06 -1.64E-22 -1.14E-24  9.50E-19  3.96E+01 -8.15E-12 -5.59E-42  5.41E+08  9.63E+00
  6.35E+06  2.35E+06  4.37E+03  4.75E-03 -2.91E-10 -4.71E-09 -6.97E-05 -4.58E+02 -1.55E+03  1.98E+03 -6.67E-06 -2.56E-22 -1.21E-24  9.01E-19  3.34E+01 -9.67E-12 -9.71E-42  4.78E+08  5.33E+00
  6.45E+06  2.00E+06  2.89E+03  4.10E-03 -3.57E-10 -6.08E-09 -9.64E-05 -5.56E+02 -1.34E+03  1.86E+03 -8.73E-06 -4.06E-22 -1.29E-24  8.54E-19  2.81E+01 -1.13E-11 -1.71E-41  4.22E+08  2.96E+00
  6.55E+06  1.68E+06  1.91E+03  3.51E-03 -4.36E-10 -7.76E-09 -1.32E-04 -6.64E+02 -1.13E+03  1.77E+03 -1.13E-05 -6.39E-22 -1.38E-24  8.06E-19  2.34E+01 -1.29E-11 -2.99E-41  3.75E+08  1.66E+00
  6.65E+06  1.41E+06  1.28E+03  2.97E-03 -5.53E-10 -1.03E-08 -1.83E-04 -8.07E+02 -8.98E+02  1.69E+03 -1.48E-05 -1.05E-21 -1.47E-24  7.59E-19  1.91E+01 -1.44E-11 -5.46E-41  3.24E+08  9.32E-01
  6.75E+06  1.17E+06  8.55E+02  2.44E-03 -7.09E-10 -1.39E-08 -2.53E-04 -9.78E+02 -6.55E+02  1.62E+03 -1.96E-05 -1.76E-21 -1.56E-24  7.13E-19  1.48E+01 -1.59E-11 -1.02E-40  2.80E+08  5.27E-01
  6.85E+06  9.60E+05  5.71E+02  1.89E-03 -9.25E-10 -1.87E-08 -3.43E-04 -1.14E+03 -4.27E+02  1.56E+03 -2.52E-05 -2.90E-21 -1.66E-24  6.67E-19  9.78E+00 -1.70E-11 -1.85E-40  2.50E+08  2.99E-01
  6.95E+06  7.79E+05  3.73E+02  1.22E-03 -1.35E-09 -2.68E-08 -4.67E-04 -1.35E+03 -1.63E+02  1.51E+03 -3.38E-05 -5.15E-21 -1.76E-24  6.21E-19  3.20E+00 -1.76E-11 -3.59E-40  2.26E+08  1.67E-01
  7.05E+06  6.25E+05  2.28E+02  3.30E-04 -2.17E-09 -4.15E-08 -6.25E-04 -1.56E+03  1.01E+02  1.47E+03 -4.69E-05 -9.83E-21 -1.86E-24  5.77E-19 -5.62E+00 -1.76E-11 -7.40E-40  2.12E+08  9.12E-02
  7.15E+06  4.93E+05  1.23E+02 -7.42E-04 -3.80E-09 -6.69E-08 -7.96E-04 -1.67E+03  2.64E+02  1.42E+03 -6.45E-05 -1.95E-20 -1.96E-24  5.33E-19 -1.67E+01 -1.66E-11 -1.54E-39  2.07E+08  4.76E-02
  7.25E+06  3.84E+05  4.68E+01 -1.89E-03 -7.08E-09 -1.15E-07 -9.81E-04 -1.71E+03  3.76E+02  1.36E+03 -9.09E-05 -4.17E-20 -2.04E-24  4.90E-19 -2.91E+01 -1.47E-11 -3.38E-39  1.88E+08  2.28E-02
  7.35E+06  2.95E+05  2.58E-01 -2.89E-03 -1.30E-08 -2.03E-07 -1.16E-03 -1.66E+03  4.07E+02  1.29E+03 -1.26E-04 -9.05E-20 -2.09E-24  4.48E-19 -4.06E+01 -1.19E-11 -7.40E-39  1.54E+08  1.02E-02
  7.45E+06  2.26E+05 -1.23E+01 -3.41E-03 -2.18E-08 -3.30E-07 -1.28E-03 -1.43E+03  2.83E+02  1.20E+03 -1.56E-04 -1.77E-19 -2.13E-24  4.06E-19 -4.82E+01 -9.09E-12 -1.40E-38  1.16E+08  5.96E-03
  7.55E+06  1.73E+05 -1.63E-01 -3.35E-03 -3.31E-08 -4.94E-07 -1.38E-03 -1.19E+03  1.65E+02  1.08E+03 -1.76E-04 -3.07E-19 -2.12E-24  3.66E-19 -4.98E+01 -6.71E-12 -2.28E-38  8.02E+07  5.92E-03
  7.65E+06  1.34E+05  1.69E+01 -3.01E-03 -4.58E-08 -7.12E-07 -1.49E-03 -1.02E+03  1.33E+02  9.33E+02 -1.91E-04 -4.87E-19 -2.07E-24  3.27E-19 -4.45E+01 -5.03E-12 -3.35E-38  5.20E+07  6.73E-03
  7.75E+06  1.07E+05  3.22E+01 -2.55E-03 -5.54E-08 -9.62E-07 -1.57E-03 -8.26E+02  8.53E+01  7.74E+02 -1.90E-04 -6.83E-19 -1.99E-24  2.90E-19 -3.36E+01 -4.48E-12 -4.22E-38  3.49E+07  7.34E-03
  7.85E+06  8.69E+04  5.02E+01 -1.61E-03 -4.81E-08 -1.15E-06 -1.71E-03 -7.34E+02  1.41E+02  6.13E+02 -1.69E-04 -7.74E-19 -1.87E-24  2.53E-19 -1.99E+01 -5.00E-12 -4.23E-38  2.11E+07  7.53E-03
  7.95E+06  7.43E+04  8.23E+01  1.72E-03  8.11E-09 -6.53E-07 -2.34E-03 -1.16E+03  7.01E+02  4.62E+02 -1.01E-04 -1.97E-19 -1.69E-24  2.19E-19 -6.76E+00 -6.28E-12 -1.06E-38 -2.28E+06  7.05E-03
  8.05E+06  6.66E+04  6.87E+01  5.59E-03  6.39E-08  8.61E-07 -3.82E-03 -2.03E+03  1.70E+03  3.30E+02  6.40E-05  8.15E-19 -1.49E-24  1.87E-19  3.37E+00 -7.00E-12  4.45E-38 -3.65E+07  4.18E-03
  8.15E+06  5.86E+04  2.02E+01  4.06E-03  3.35E-08  9.36E-07 -4.84E-03 -2.15E+03  1.92E+03  2.24E+02  1.56E-04  4.74E-19 -1.28E-24  1.56E-19  9.37E+00 -4.34E-12  3.07E-38 -6.80E+07  1.31E-03
  8.25E+06  4.83E+04  3.68E+00  1.70E-03  7.01E-09  3.60E-07 -4.82E-03 -1.58E+03  1.42E+03  1.45E+02  1.15E-04  1.02E-19 -1.04E-24  1.28E-19  1.15E+01  9.04E-13  7.34E-39 -9.09E+07  2.92E-04
  8.35E+06  3.76E+04  7.41E-01  6.09E-04  9.13E-10  1.01E-07 -4.41E-03 -9.75E+02  8.76E+02  8.86E+01  6.08E-05  1.63E-20 -7.97E-25  1.03E-19  1.09E+01  4.87E-12  1.19E-39 -1.04E+08  5.78E-05
  8.45E+06  2.82E+04  2.22E-01  2.12E-04  8.80E-11  2.59E-08 -3.97E-03 -5.56E+02  4.96E+02  5.17E+01  2.79E-05  2.44E-21 -5.72E-25  8.08E-20  8.84E+00  5.83E-12  1.69E-40 -1.06E+08  1.09E-05
  8.55E+06  2.08E+04  9.83E-02  7.46E-05  6.92E-12  6.54E-09 -3.61E-03 -3.22E+02  2.87E+02  2.88E+01  1.20E-05  3.81E-22 -3.63E-25  6.14E-20  6.33E+00  4.61E-12  2.40E-41 -1.01E+08  2.01E-06
  8.65E+06  1.53E+04  5.28E-02  2.70E-05  5.12E-13  1.71E-09 -3.33E-03 -1.96E+02  1.76E+02  1.53E+01  5.09E-06  6.56E-23 -1.87E-25  4.51E-20  4.09E+00  2.89E-12  3.68E-42 -9.13E+07  3.80E-07
  8.75E+06  1.13E+04  3.05E-02  1.01E-05  4.22E-14  4.72E-10 -3.11E-03 -1.28E+02  1.18E+02  7.78E+00  2.19E-06  1.29E-23 -5.09E-26  3.18E-20  2.43E+00  1.60E-12  6.40E-43 -7.85E+07  7.78E-08
  8.85E+06  8.44E+03  1.83E-02  3.98E-06  4.25E-15  1.41E-10 -2.96E-03 -8.58E+01  8.06E+01  3.79E+00  9.75E-07  2.98E-24  4.06E-26  2.14E-20  1.35E+00  8.55E-13  1.32E-43 -6.05E+07  1.81E-08
  8.95E+06  6.40E+03  1.11E-02  1.63E-06  5.13E-16  4.47E-11 -2.86E-03 -6.69E+01  6.44E+01  1.78E+00  4.45E-07  8.20E-25  9.32E-26  1.37E-20  7.28E-01  4.55E-13  3.30E-44 -4.44E+07  4.80E-09
  9.05E+06  4.93E+03  6.83E-03  6.96E-07  7.34E-17  1.53E-11 -2.78E-03 -5.79E+01  5.67E+01  7.99E-01  2.09E-07  2.72E-25  1.12E-25  8.27E-21  3.92E-01  2.44E-13  1.02E-44 -3.29E+07  1.40E-09
  9.15E+06  3.80E+03  4.26E-03  3.11E-07  1.25E-17  5.72E-12 -2.76E-03 -4.69E+01  4.63E+01  3.46E-01  1.04E-07  1.03E-25  1.05E-25  4.68E-21  2.17E-01  1.35E-13  3.77E-45 -1.94E+07  4.37E-10
  9.25E+06  2.94E+03  2.67E-03  1.44E-07  2.44E-18  2.28E-12 -2.76E-03 -3.95E+01  3.92E+01  1.45E-01  5.38E-08  4.04E-26  8.49E-26  2.48E-21  1.27E-01  7.59E-14  1.54E-45 -9.71E+06  1.41E-10
  9.35E+06  2.27E+03  1.68E-03  6.90E-08  5.38E-19  9.70E-13 -2.76E-03 -3.36E+01  3.35E+01  5.86E-02  2.86E-08  1.43E-26  6.07E-26  1.22E-21  7.76E-02  4.24E-14  6.56E-46 -4.01E+06  4.61E-11
  9.45E+06  1.73E+03  1.05E-03  3.42E-08  1.35E-19  4.42E-13 -2.80E-03 -2.76E+01  2.75E+01  2.31E-02  1.59E-08  1.26E-27  3.87E-26  5.54E-22  4.92E-02  2.41E-14  2.67E-46  1.22E+06  1.54E-11
  9.55E+06  1.29E+03  6.59E-04  1.73E-08  3.76E-20  2.13E-13 -2.86E-03 -2.24E+01  2.24E+01  8.92E-03  9.20E-09 -5.56E-27  2.22E-26  2.33E-22  3.18E-02  1.35E-14  9.01E-47  4.62E+06  5.23E-12
  9.65E+06  9.37E+02  4.08E-04  9.02E-09  1.14E-20  1.08E-13 -2.96E-03 -1.80E+01  1.80E+01  3.38E-03  5.48E-09 -9.53E-27  1.16E-26  9.04E-23  2.05E-02  7.42E-15  7.46E-48  6.86E+06  1.80E-12
  9.75E+06  6.42E+02  2.45E-04  4.76E-09  3.73E-21  5.69E-14 -3.03E-03 -1.44E+01  1.44E+01  1.26E-03  3.30E-09 -1.15E-26  5.52E-27  3.19E-23  1.30E-02  3.68E-15 -2.53E-47  7.38E+06  6.23E-13
  9.85E+06  3.79E+02  1.39E-04  2.52E-09  1.32E-21  3.11E-14 -3.09E-03 -1.11E+01  1.10E+01  4.37E-04  2.04E-09 -1.27E-26  2.41E-27  9.62E-24  7.56E-03  1.73E-15 -3.64E-47  7.64E+06  2.18E-13
  9.95E+06  1.27E+02  6.96E-05  1.29E-09  4.75E-22  1.77E-14 -3.15E-03 -5.99E+00  5.99E+00  9.82E-05  1.34E-09 -1.47E-26  9.61E-28  1.70E-24  2.71E-03  1.44E-15 -3.85E-47  8.55E+06  5.98E-14
  1.00E+07 -1.93E-10 -7.70E-11 -1.32E-15 -3.41E-32 -3.80E-19 -7.95E-09 -8.56E-09 -3.88E-09 -2.22E-20 -3.31E-15 -1.54E-31 -8.06E-34 -5.27E-39 -5.14E-14 -2.12E-24 -8.45E-53 -2.07E-04 -8.50E-26

     Z        N         NO3       N2O       HO2NO2    N2O5      NH        NH2       NH3       CO2       CS        CS2       HCS       C2H6S     C2H5S     C2H5SO    C2H5SO2   CH3S      CH3SO   
  0.00E+00 -3.64-221  1.42E-04  1.21E+09 -1.88E+05  3.85E-07 -8.05E-36  7.58E-36  1.50E+10 -7.02E+10 -3.47E-07  2.00E+07  4.37E-23  3.30E+09 -6.58E-04 -5.71E-04 -2.00E-03 -1.79E-03 -1.79E-03
  5.00E+04 -2.59-205  1.27E+03  1.21E+09 -9.65E+05 -1.02E+02 -8.05E-36  7.58E-36  1.36E+10 -6.57E+10 -2.49E-01  1.80E+07 -6.05E-11  2.03E+09  4.67E-04  4.46E-01  3.28E+07  6.41E+03  1.05E+05
  1.50E+05 -5.88-192 -1.05E+03  1.20E+09 -1.99E+06 -2.69E+02 -1.69E-35 -1.57E-34  1.02E+10 -5.71E+10  2.67E-01  1.45E+07 -1.03E-10  7.60E+08  1.92E-04  1.98E-01  1.18E+07  3.08E+03  5.22E+04
  2.50E+05 -7.33-179 -2.16E+03  1.20E+09 -4.27E+06 -6.85E+02  6.14E-35 -1.52E-34  6.98E+09 -4.88E+10  4.92E-01  1.15E+07 -9.34E-11  2.76E+08  8.27E-05  7.62E-02  3.64E+06  1.16E+03  2.03E+04
  3.50E+05 -4.60-166 -2.51E+03  1.19E+09 -9.45E+06 -1.80E+03 -6.11E-35  7.50E-35  4.27E+09 -4.07E+10  5.23E-01  9.06E+06 -6.94E-11  9.75E+07  3.60E-05  2.96E-02  1.14E+06  4.23E+02  7.58E+03
  4.50E+05 -1.29-153 -2.04E+03  1.19E+09 -2.46E+07 -5.36E+03 -1.63E-34  6.41E-35  2.43E+09 -3.32E+10  4.70E-01  7.10E+06 -4.61E-11  3.43E+07  1.50E-05  1.11E-02  3.36E+05  1.46E+02  2.69E+03
  5.50E+05 -1.43-141 -1.13E+03  1.19E+09 -5.68E+07 -1.36E+04 -5.34E-35  2.60E-35  1.33E+09 -2.66E+10  3.84E-01  5.51E+06 -2.84E-11  1.22E+07  6.15E-06  4.08E-03  9.57E+04  4.93E+01  9.38E+02
  6.50E+05 -5.82-130  7.50E+01  1.19E+09 -9.95E+07 -2.35E+04  2.51E-35  1.16E-36  6.97E+08 -2.10E+10  3.08E-01  4.24E+06 -1.65E-11  4.43E+06  2.53E-06  1.50E-03  2.81E+04  1.69E+01  3.32E+02
  7.50E+05 -8.25-119  2.37E-02  1.19E+09 -9.76E+07 -2.51E+04  2.01E-35 -9.48E-35  3.50E+08 -1.65E+10  2.46E-01  3.22E+06 -9.31E-12  1.67E+06  9.75E-07  5.23E-04  9.02E+03  5.49E+00  1.13E+02
  8.50E+05 -4.06-108 -6.53E+02  1.19E+09 -4.20E+07 -1.97E+04  1.06E-34 -1.52E-34  1.68E+08 -1.31E+10  2.04E-01  2.40E+06 -5.22E-12  6.54E+05  3.61E-07  1.76E-04  2.92E+03  1.75E+00  3.76E+01
  9.50E+05 -7.24E-98 -8.30E+02  1.19E+09  8.89E+06 -1.29E+04  5.56E-35 -6.51E-35  7.66E+07 -1.04E+10  1.72E-01  1.75E+06 -2.85E-12  2.55E+05  1.40E-07  6.16E-05  8.39E+02  5.79E-01  1.31E+01
  1.05E+06 -5.14E-88 -4.48E+02  1.19E+09  2.61E+07 -6.55E+03  8.65E-35 -3.76E-35  3.30E+07 -8.25E+09  1.41E-01  1.25E+06 -1.47E-12  9.57E+04  5.69E-08  2.21E-05  2.14E+02  1.94E-01  4.66E+00
  1.15E+06 -1.60E-78  2.47E+00  1.19E+09  2.23E+07 -1.69E+03  4.64E-35 -5.17E-35  1.32E+07 -6.57E+09  1.09E-01  8.63E+05 -7.15E-13  3.45E+04  2.19E-08  7.48E-06  5.16E+01  6.09E-02  1.55E+00
  1.25E+06 -2.41E-69  2.13E+02  1.18E+09  1.42E+07  8.08E+02  8.35E-36 -8.18E-35  4.49E+06 -5.34E+09  7.76E-02  5.83E+05 -3.18E-13  1.24E+04  7.93E-09  2.38E-06  1.25E+01  1.80E-02  4.82E-01
  1.35E+06 -1.82E-60  1.80E+02  1.18E+09  7.97E+06  1.02E+03  1.80E-35 -7.20E-35  8.85E+05 -4.47E+09  5.27E-02  3.82E+05 -1.16E-13  4.63E+03  2.82E-09  7.48E-07  3.20E+00  5.28E-03  1.47E-01
  1.45E+06 -4.72E-52 -1.07E+02  1.18E+09  3.82E+06 -4.12E+02  3.01E-37 -7.02E-35 -9.36E-05 -3.85E+09  3.48E-02  2.41E+05 -1.12E-14  1.76E+03  9.70E-10  2.29E-07  8.60E-01  1.54E-03  4.43E-02
  1.55E+06 -1.64E-44 -2.02E+02  1.18E+09  1.09E+06 -2.11E+03 -6.25E-36 -5.57E-35 -2.18E-05 -3.39E+09  2.27E-02  1.42E+05  4.63E-14  6.30E+02  3.57E-10  7.22E-08  2.46E-01  4.68E-04  1.38E-02
  1.65E+06 -4.80E-38 -3.02E+02  1.18E+09 -7.19E+05 -4.43E+03 -1.76E-35 -4.53E-35 -4.45E-05 -3.03E+09  1.31E-02  7.57E+04  7.69E-14  1.90E+02  1.16E-10  1.95E-08  6.05E-02  1.18E-04  3.60E-03
  1.75E+06 -1.29E-32 -3.81E+02  1.18E+09 -1.83E+06 -8.00E+03 -9.16E-36 -4.11E-35 -1.31E-05 -2.76E+09  5.52E-03  3.43E+04  9.14E-14  4.30E+01  3.01E-11  4.10E-09  1.12E-02  2.08E-05  6.41E-04
  1.85E+06 -4.73E-28 -5.34E+02  1.18E+09 -2.65E+06 -1.62E+04 -7.27E-36 -3.52E-35  1.75E-06 -2.55E+09  1.55E-03  1.24E+04  9.66E-14  6.87E+00  5.44E-12  6.06E-10  1.42E-03  2.18E-06  6.67E-05
  1.95E+06 -3.93E-24 -8.27E+02  1.17E+09 -3.44E+06 -3.49E+04 -5.99E-36 -2.96E-35 -3.13E-06 -2.41E+09  3.44E-04  3.43E+03  9.78E-14  8.74E-01  7.86E-13  7.26E-11  1.49E-04  1.75E-07  5.25E-06
  2.05E+06 -9.97E-21 -1.21E+03  1.17E+09 -3.97E+06 -6.33E+04 -4.34E-36 -2.40E-35 -1.46E-05 -2.29E+09  7.19E-05  7.02E+02  9.80E-14  1.03E-01  1.12E-13  8.65E-12  1.68E-05  1.52E-08  4.45E-07
  2.15E+06 -8.96E-18 -1.60E+03  1.16E+09 -4.11E+06 -9.37E+04 -4.14E-36 -1.98E-35 -9.30E-06 -2.20E+09  1.33E-05  1.03E+02  9.79E-14  1.19E-02  1.65E-14  1.07E-12  2.05E-06  1.53E-09  4.40E-08
  2.25E+06 -3.23E-15 -2.01E+03  1.14E+09 -3.98E+06 -1.22E+05 -3.10E-36 -1.75E-35 -1.05E-05 -2.12E+09  1.88E-06  1.03E+01  9.78E-14  1.35E-03  2.45E-15  1.35E-13  2.55E-07  1.71E-10  4.82E-09
  2.35E+06 -5.37E-13 -2.45E+03  1.12E+09 -3.64E+06 -1.46E+05 -3.16E-36 -1.46E-35 -8.56E-06 -2.04E+09  1.84E-07  6.73E-01  9.77E-14  1.45E-04  3.59E-16  1.67E-14  3.09E-08  1.97E-11  5.47E-10
  2.45E+06 -4.67E-11 -2.93E+03  1.10E+09 -3.11E+06 -1.64E+05 -2.71E-36 -1.27E-35 -3.27E-06 -1.97E+09  1.15E-08  2.71E-02  9.76E-14  1.46E-05  4.99E-17  1.97E-15  3.54E-09  2.26E-12  6.17E-11
  2.55E+06 -2.34E-09 -3.41E+03  1.06E+09 -2.36E+06 -1.70E+05 -2.46E-36 -1.12E-35 -5.55E-07 -1.89E+09  4.34E-10  6.52E-04  9.75E-14  1.34E-06  6.45E-18  2.15E-16  3.73E-10  2.48E-13  6.67E-12
  2.65E+06 -7.37E-08 -3.77E+03  1.02E+09 -1.41E+06 -1.53E+05 -1.76E-36 -9.45E-36 -8.44E-08 -1.81E+09  9.66E-12  9.21E-06  9.74E-14  1.10E-07  7.54E-19  2.13E-17  3.53E-11  2.54E-14  6.69E-13
  2.75E+06 -1.53E-06 -3.90E+03  9.69E+08 -3.64E+05 -1.09E+05 -1.25E-36 -8.27E-36 -3.47E-06 -1.73E+09  1.26E-13  7.66E-08  9.73E-14  7.90E-09  7.81E-20  1.87E-18  2.96E-12  2.36E-15  6.09E-14
  2.85E+06 -2.20E-05 -3.78E+03  9.06E+08  5.86E+05 -4.74E+04 -1.32E-36 -7.67E-36 -2.31E-06 -1.65E+09  9.73E-16  3.80E-10  9.71E-14  4.94E-10  7.04E-21  1.44E-19  2.16E-13  1.94E-16  4.93E-15
  2.95E+06 -2.27E-04 -3.39E+03  8.35E+08  1.30E+06  1.62E+04 -1.56E-36 -6.95E-36 -2.82E-06 -1.56E+09  4.55E-18  1.15E-12  9.69E-14  2.68E-11  5.46E-22  9.49E-21  1.36E-14  1.40E-17  3.51E-16
  3.05E+06 -1.72E-03 -2.89E+03  7.57E+08  1.69E+06  6.36E+04 -1.31E-36 -5.96E-36 -3.66E-07 -1.46E+09  1.33E-20  2.21E-15  9.65E-14  1.26E-12  3.64E-23  5.39E-22  7.48E-16  8.88E-19  2.18E-17
  3.15E+06 -9.87E-03 -2.33E+03  6.74E+08  1.79E+06  8.83E+04 -9.97E-37 -5.25E-36  1.24E-06 -1.37E+09 -1.14E-23  2.78E-18  9.60E-14  5.22E-14  2.10E-24  2.65E-23  3.61E-17  4.94E-20  1.19E-18
  3.25E+06 -4.40E-02 -1.73E+03  5.89E+08  1.68E+06  9.24E+04 -1.15E-36 -4.75E-36 -1.94E-06 -1.27E+09 -6.72E-23  2.37E-21  9.53E-14  1.94E-15  1.06E-25  1.15E-24  1.56E-18  2.46E-21  5.82E-20
  3.35E+06 -1.55E-01 -1.27E+03  5.07E+08  1.43E+06  8.15E+04 -8.93E-37 -4.24E-36 -3.01E-06 -1.17E+09 -1.23E-22  3.10E-24  9.42E-14  6.57E-17  4.84E-27  4.48E-26  6.14E-20  1.12E-22  2.59E-21
  3.45E+06 -4.51E-01 -6.82E+02  4.29E+08  1.14E+06  6.54E+04 -7.55E-37 -3.59E-36 -1.10E-06 -1.07E+09 -2.22E-22  9.22E-25  9.26E-14  2.09E-18  2.03E-28  1.61E-27  2.27E-21  4.73E-24  1.08E-22
  3.55E+06 -1.10E+00 -2.10E+02  3.58E+08  8.54E+05  4.79E+04 -6.97E-37 -3.13E-36 -6.34E-07 -9.77E+08 -3.94E-22  4.40E-25  9.04E-14  6.33E-20  7.99E-30  5.43E-29  8.01E-23  1.91E-25  4.26E-24
  3.65E+06 -2.34E+00  2.37E+02  2.94E+08  6.05E+05  3.28E+04 -6.46E-37 -2.59E-36  2.39E-06 -8.86E+08 -6.79E-22  1.81E-25  8.72E-14  1.85E-21  3.01E-31  1.76E-30  2.75E-24  7.43E-27  1.62E-25
  3.75E+06 -4.42E+00  6.05E+02  2.39E+08  4.09E+05  2.11E+04 -4.42E-37 -2.34E-36  3.11E-06 -7.99E+08 -1.14E-21  6.38E-26  8.28E-14  5.27E-23  1.10E-32  5.51E-32  9.21E-26  2.81E-28  6.01E-27
  3.85E+06 -7.53E+00  9.06E+02  1.93E+08  2.66E+05  1.29E+04 -2.93E-37 -1.84E-36  1.97E-06 -7.16E+08 -1.83E-21  1.91E-26  7.69E-14  1.46E-24  3.87E-34  1.68E-33  3.03E-27  1.03E-29  2.17E-28
  3.95E+06 -1.18E+01  1.14E+03  1.53E+08  1.66E+05  7.45E+03 -1.10E-37 -1.49E-36  1.17E-06 -6.37E+08 -2.81E-21  5.15E-27  6.91E-14  3.91E-26  1.32E-35  4.96E-35  9.79E-29  3.70E-31  7.66E-30
  4.05E+06 -1.70E+01  1.31E+03  1.21E+08  1.00E+05  4.07E+03 -1.09E-38 -1.48E-36  1.68E-06 -5.62E+08 -3.99E-21  1.73E-27  5.94E-14  1.01E-27  4.37E-37  1.42E-36  3.08E-30  1.29E-32  2.63E-31
  4.15E+06 -2.32E+01  1.42E+03  9.54E+07  5.78E+04  2.07E+03 -1.92E-38 -1.50E-36  1.52E-06 -4.90E+08 -4.97E-21  1.12E-27  4.80E-14  2.51E-29  1.39E-38  3.90E-38  9.38E-32  4.34E-34  8.73E-33
  4.25E+06 -2.98E+01  1.42E+03  7.45E+07  3.21E+04  9.72E+02 -3.35E-38 -1.40E-36  1.86E-06 -4.22E+08 -4.97E-21  9.49E-28  3.55E-14  6.04E-31  4.22E-40  1.03E-39  2.78E-33  1.42E-35  2.82E-34
  4.35E+06 -3.78E+01  1.33E+03  5.79E+07  1.71E+04  4.15E+02 -6.89E-38 -1.24E-36  3.52E-06 -3.58E+08 -3.02E-21  7.07E-28  2.35E-14  1.43E-32  1.24E-41  2.65E-41  8.05E-35  4.53E-37  8.89E-36
  4.45E+06 -4.49E+01  1.13E+03  4.48E+07  8.86E+03  1.63E+02 -3.31E-38 -1.09E-36  1.87E-06 -2.99E+08  3.41E-22  4.48E-28  1.35E-14  3.41E-34  3.60E-43  6.71E-43  2.33E-36  1.44E-38  2.80E-37
  4.55E+06 -5.55E+01  8.93E+02  3.46E+07  4.48E+03  5.93E+01  3.86E-38 -1.17E-36  1.70E-06 -2.45E+08  3.55E-21  2.33E-28  6.63E-15  8.54E-36  1.06E-44  1.74E-44  6.98E-38  4.69E-40  9.05E-39
  4.65E+06 -6.41E+01  6.53E+02  2.67E+07  2.26E+03  2.07E+01 -5.39E-38 -1.10E-36  2.45E-06 -1.99E+08  4.61E-21  1.04E-28  2.73E-15  2.32E-37  3.30E-46  4.74E-46  2.23E-39  1.62E-41  3.11E-40
  4.75E+06 -7.80E+01  4.52E+02  2.05E+07  1.14E+03  6.98E+00 -1.00E-37 -1.00E-36  1.34E-06 -1.58E+08  3.76E-21  3.88E-29  9.40E-16  7.02E-39  1.12E-47  1.41E-47  7.83E-41  6.11E-43  1.17E-41
  4.85E+06 -9.01E+01  3.00E+02  1.58E+07  5.78E+02  2.35E+00 -8.28E-38 -1.03E-36  1.37E-06 -1.24E+08  2.19E-21  1.25E-29  2.71E-16  2.43E-40  4.23E-49  4.73E-49  3.10E-42  2.57E-44  4.93E-43
  4.95E+06 -1.09E+02  1.94E+02  1.22E+07  2.95E+02  7.86E-01 -9.83E-38 -9.93E-37  1.88E-06 -9.52E+07  9.83E-22  3.42E-30  6.61E-17  9.74E-42  1.83E-50  1.81E-50  1.41E-43  1.24E-45  2.37E-44
  5.05E+06 -1.29E+02  1.24E+02  9.43E+06  1.53E+02  2.66E-01 -1.35E-37 -8.91E-37  2.14E-06 -7.04E+07  3.48E-22  8.11E-31  1.36E-17  4.57E-43  9.11E-52  7.99E-52  7.49E-45  6.83E-47  1.31E-45
  5.15E+06 -1.53E+02  7.78E+01  7.31E+06  8.05E+01  9.07E-02 -1.44E-37 -8.01E-37  1.77E-06 -4.89E+07  9.93E-23  1.66E-31  2.40E-18  2.52E-44  5.29E-53  4.12E-53  4.63E-46  4.37E-48  8.44E-47
  5.25E+06 -1.88E+02  4.86E+01  5.69E+06  4.26E+01  3.11E-02 -2.19E-37 -7.11E-37  1.11E-06 -2.97E+07  2.18E-23  2.85E-32  3.56E-19  1.63E-45  3.58E-54  2.48E-54  3.35E-47  3.24E-49  6.30E-48
  5.35E+06 -2.19E+02  3.03E+01  4.44E+06  2.29E+01  1.08E-02 -2.05E-37 -6.80E-37  1.20E-06 -1.20E+07  1.09E-24  2.50E-33  3.59E-20  1.23E-46  2.83E-55  1.74E-55  2.84E-48  2.78E-50  5.47E-49
  5.45E+06 -2.74E+02  1.88E+01  3.47E+06  1.23E+01  3.73E-03 -8.70E-38 -6.13E-37  1.34E-06  4.92E+06 -5.57E-24 -2.85E-33 -9.80E-21  1.09E-47  2.60E-56  1.43E-56  2.81E-49  2.78E-51  5.51E-50
  5.55E+06 -3.19E+02  1.16E+01  2.73E+06  6.72E+00  1.30E-03 -7.11E-38 -5.64E-37  1.03E-06  2.17E+07 -1.13E-23 -5.51E-33 -1.99E-20  1.12E-48  2.77E-57  1.36E-57  3.23E-50  3.20E-52  6.42E-51
  5.65E+06 -4.00E+02  7.17E+00  2.15E+06  3.66E+00  4.50E-04 -9.38E-38 -5.08E-37  1.12E-06  3.87E+07 -2.21E-23 -1.03E-32 -3.19E-20  1.34E-49  3.41E-58  1.49E-58  4.31E-51  4.25E-53  8.64E-52
  5.75E+06 -4.80E+02  4.42E+00  1.71E+06  2.01E+00  1.57E-04  5.76E-38 -4.15E-37  1.46E-06  5.63E+07 -5.22E-23 -2.32E-32 -6.40E-20  1.83E-50  4.83E-59  1.88E-59  6.62E-52  6.44E-54  1.33E-52
  5.85E+06 -5.82E+02  2.72E+00  1.36E+06  1.11E+00  5.45E-05  2.56E-38 -3.10E-37  1.25E-06  7.46E+07 -1.56E-22 -6.64E-32 -1.60E-19  2.86E-51  7.80E-60  2.71E-60  1.16E-52  1.11E-54  2.34E-53
  5.95E+06 -7.39E+02  1.66E+00  1.08E+06  6.09E-01  1.89E-05  7.19E-38 -3.18E-37  1.07E-06  9.36E+07 -5.35E-22 -2.22E-31 -4.38E-19  5.07E-52  1.43E-60  4.44E-61  2.32E-53  2.18E-55  4.65E-54
  6.05E+06 -8.93E+02  1.02E+00  8.66E+05  3.38E-01  6.60E-06  8.73E-38 -2.27E-37  9.76E-07  1.13E+08 -1.87E-21 -7.49E-31 -1.16E-18  1.01E-52  2.93E-61  8.16E-62  5.21E-54  4.78E-56  1.04E-54
  6.15E+06 -1.08E+03  6.22E-01  6.96E+05  1.88E-01  2.30E-06  7.68E-38 -2.61E-37  8.89E-07  1.34E+08 -6.18E-21 -2.42E-30 -2.88E-18  2.23E-53  6.72E-62  1.67E-62  1.31E-54  1.17E-56  2.59E-55
  6.25E+06 -1.31E+03  3.78E-01  5.60E+05  1.05E-01  8.05E-07  2.68E-38 -2.93E-37  7.98E-07  1.55E+08 -1.90E-20 -7.34E-30 -6.60E-18  5.47E-54  1.71E-62  3.80E-63  3.64E-55  3.16E-57  7.15E-56
  6.35E+06 -1.58E+03  2.30E-01  4.52E+05  5.85E-02  2.83E-07  7.01E-39 -2.29E-37  1.05E-06  1.76E+08 -5.41E-20 -2.08E-29 -1.40E-17  1.47E-54  4.75E-63  9.48E-64  1.11E-55  9.43E-58  2.17E-56
  6.45E+06 -1.87E+03  1.39E-01  3.66E+05  3.29E-02  1.00E-07 -9.92E-39 -2.03E-37  8.66E-07  1.98E+08 -1.44E-19 -5.52E-29 -2.76E-17  4.31E-55  1.45E-63  2.59E-64  3.73E-56  3.07E-58  7.23E-57
  6.55E+06 -2.16E+03  8.51E-02  2.98E+05  1.87E-02  3.59E-08 -1.66E-39 -1.69E-37  2.50E-07  2.19E+08 -3.64E-19 -1.40E-28 -5.25E-17  1.37E-55  4.78E-64  7.66E-65  1.36E-56  1.09E-58  2.61E-57
  6.65E+06 -2.57E+03  5.19E-02  2.42E+05  1.06E-02  1.30E-08  2.03E-38 -1.39E-37 -1.12E-07  2.40E+08 -9.59E-19 -3.70E-28 -1.06E-16  4.69E-56  1.71E-64  2.45E-65  5.33E-57  4.18E-59  1.03E-57
  6.75E+06 -3.03E+03  3.18E-02  1.98E+05  6.07E-03  4.76E-09  3.76E-38 -8.97E-38 -2.97E-07  2.61E+08 -2.86E-18 -1.12E-27 -2.48E-16  1.73E-56  6.54E-65  8.44E-66  2.25E-57  1.72E-59  4.32E-58
  6.85E+06 -3.41E+03  1.97E-02  1.62E+05  3.49E-03  1.78E-09  1.36E-38 -7.56E-38 -2.25E-07  2.81E+08 -9.85E-18 -3.82E-27 -6.72E-16  6.80E-57  2.68E-65  3.11E-66  1.01E-57  7.56E-60  1.93E-58
  6.95E+06 -3.90E+03  1.20E-02  1.33E+05  1.96E-03  6.70E-10  1.97E-38 -8.45E-38 -3.99E-08  3.00E+08 -3.65E-17 -1.41E-26 -1.91E-15  2.84E-57  1.16E-65  1.22E-66  4.84E-58  3.52E-60  9.16E-59
  7.05E+06 -4.31E+03  7.23E-03  1.09E+05  1.06E-03  2.55E-10  5.91E-38 -5.71E-38 -1.08E-08  3.18E+08 -1.32E-16 -4.99E-26 -5.06E-15  1.26E-57  5.31E-66  5.03E-67  2.43E-58  1.70E-60  4.50E-59
  7.15E+06 -4.25E+03  4.28E-03  8.98E+04  5.41E-04  1.00E-10  1.79E-38 -5.57E-38  8.98E-08  3.35E+08 -4.34E-16 -1.54E-25 -1.16E-14  5.82E-58  2.55E-66  2.19E-67  1.28E-58  8.41E-61  2.26E-59
  7.25E+06 -3.91E+03  2.46E-03  7.42E+04  2.36E-04  4.04E-11 -2.26E-39 -3.78E-38  1.47E-07  3.51E+08 -1.29E-15 -4.09E-25 -2.25E-14  2.79E-58  1.28E-66  1.00E-67  7.02E-59  4.33E-61  1.18E-59
  7.35E+06 -3.22E+03  1.42E-03  6.14E+04  8.03E-05  1.78E-11 -1.58E-38 -5.16E-38  2.22E-07  3.66E+08 -3.42E-15 -9.15E-25 -3.71E-14  1.36E-58  6.86E-67  4.79E-68  4.04E-59  2.39E-61  6.46E-60
  7.45E+06 -2.25E+03  9.62E-04  5.09E+04  4.38E-05  9.49E-12 -1.98E-38 -2.81E-38  2.98E-07  3.80E+08 -7.66E-15 -1.61E-24 -5.01E-14  6.65E-59  3.92E-67  2.39E-68  2.43E-59  1.43E-61  3.90E-60
  7.55E+06 -1.53E+03  7.64E-04  4.22E+04  6.64E-05  5.81E-12 -2.40E-39 -3.25E-38  1.07E-07  3.92E+08 -1.44E-14 -2.25E-24 -5.71E-14  3.21E-59  2.33E-67  1.23E-68  1.50E-59  9.64E-62  2.64E-60
  7.65E+06 -1.14E+03  6.06E-04  3.50E+04  9.08E-05  3.51E-12  9.05E-39 -2.72E-38  6.22E-09  4.01E+08 -2.36E-14 -2.65E-24 -5.67E-14  1.53E-59  1.37E-67  6.31E-69  9.33E-60  7.17E-62  1.95E-60
  7.75E+06 -8.75E+02  4.91E-04  2.90E+04  1.07E-04  2.05E-12 -3.28E-39 -2.00E-38  1.13E-07  4.06E+08 -3.24E-14 -2.35E-24 -4.49E-14  7.12E-60  7.79E-68  3.29E-69  5.79E-60  5.07E-62  1.55E-60
  7.85E+06 -1.10E+03  4.10E-04  2.39E+04  1.16E-04  1.12E-12 -9.78E-40 -2.59E-38 -3.84E-08  4.08E+08 -3.50E-14 -1.32E-24 -2.54E-14  3.22E-60  4.32E-68  1.72E-69  3.57E-60  4.08E-62  1.37E-60
  7.95E+06 -2.96E+03  3.85E-04  1.96E+04  1.19E-04  5.58E-13 -6.21E-39 -2.16E-38 -6.11E-08  4.04E+08 -2.44E-14 -2.94E-25 -1.79E-14  1.37E-60  2.65E-68  8.96E-70  2.20E-60  5.07E-62  1.30E-60
  8.05E+06 -6.75E+03  3.17E-04  1.60E+04  6.49E-05  1.68E-13 -1.06E-38 -2.05E-38 -4.21E-08  3.94E+08  2.10E-15  4.62E-25 -3.01E-14  5.38E-61  1.70E-68  4.71E-70  1.34E-60  5.03E-62  1.16E-60
  8.15E+06 -9.46E+03  1.26E-04  1.29E+04  1.33E-05  2.08E-14 -1.28E-38 -1.79E-38 -7.45E-08  3.73E+08  1.60E-14  9.24E-25 -3.73E-14  2.13E-61  7.67E-69  2.45E-70  7.91E-61  2.77E-62  8.68E-61
  8.25E+06 -9.58E+03  2.93E-05  1.04E+04  1.56E-06  1.48E-15 -8.46E-39 -9.31E-39 -1.70E-08  3.45E+08  1.28E-14  7.49E-25 -3.59E-14  9.32E-62  2.85E-69  1.24E-70  4.52E-61  1.07E-62  5.24E-61
  8.35E+06 -8.26E+03  6.69E-06  8.26E+03  1.57E-07  9.35E-17 -4.30E-39 -5.16E-39 -3.80E-08  3.14E+08  7.79E-15  4.53E-25 -3.17E-14  4.45E-62  1.11E-69  6.30E-71  2.56E-61  3.84E-63  2.60E-61
  8.45E+06 -6.63E+03  2.16E-06  6.52E+03  1.76E-08  7.62E-18 -3.31E-39 -3.49E-39 -1.93E-08  2.81E+08  4.39E-15  2.52E-25 -2.64E-14  2.24E-62  4.92E-70  3.24E-71  1.45E-61  1.43E-63  1.11E-61
  8.55E+06 -5.28E+03  9.38E-07  5.10E+03  2.52E-09  1.08E-18 -1.46E-39 -3.32E-39 -1.98E-08  2.50E+08  2.36E-15  1.32E-25 -2.17E-14  1.17E-62  2.43E-70  1.68E-71  8.16E-62  5.82E-64  4.27E-62
  8.65E+06 -4.29E+03  4.57E-07  3.96E+03  4.52E-10  2.25E-19 -7.14E-40 -2.59E-39 -2.48E-08  2.20E+08  1.27E-15  6.90E-26 -1.73E-14  6.15E-63  1.32E-70  8.81E-72  4.60E-62  2.54E-64  1.60E-62
  8.75E+06 -3.59E+03  2.30E-07  3.06E+03  9.35E-11  5.32E-20 -7.99E-40 -1.82E-39 -2.31E-08  1.92E+08  6.87E-16  3.61E-26 -1.32E-14  3.25E-63  7.56E-71  4.69E-72  2.58E-62  1.18E-64  6.12E-63
  8.85E+06 -3.06E+03  1.18E-07  2.34E+03  2.12E-11  1.30E-20 -3.09E-40 -4.04E-40 -1.01E-08  1.66E+08  3.90E-16  1.97E-26 -9.30E-15  1.71E-63  4.58E-71  2.55E-72  1.43E-62  5.72E-65  2.51E-63
  8.95E+06 -2.70E+03  6.07E-08  1.78E+03  5.06E-12  3.18E-21  5.80E-40 -1.77E-39  1.90E-08  1.43E+08  2.21E-16  1.03E-26 -6.37E-15  8.92E-64  2.81E-71  1.40E-72  7.81E-63  2.98E-65  1.13E-63
  9.05E+06 -2.41E+03  3.12E-08  1.35E+03  1.27E-12  7.86E-22  1.88E-39 -8.84E-40  2.39E-08  1.22E+08  1.26E-16  4.86E-27 -4.32E-15  4.60E-64  1.73E-71  7.65E-73  4.19E-63  1.67E-65  5.59E-64
  9.15E+06 -2.10E+03  1.65E-08  1.02E+03  3.39E-13  2.00E-22  5.43E-40 -3.97E-40  2.09E-08  1.03E+08  7.57E-17  2.15E-27 -2.80E-15  2.33E-64  1.09E-71  4.25E-73  2.20E-63  9.32E-66  2.92E-64
  9.25E+06 -1.81E+03  8.70E-09  7.64E+02  9.40E-14  5.12E-23 -1.17E-40  4.53E-40  1.83E-08  8.61E+07  4.55E-17  4.56E-28 -2.02E-15  1.16E-64  6.87E-72  2.34E-73  1.12E-63  5.50E-66  1.60E-64
  9.35E+06 -1.54E+03  4.59E-09  5.68E+02  2.70E-14  1.32E-23  4.57E-41  1.46E-40  1.60E-08  7.08E+07  2.69E-17 -6.67E-28 -1.77E-15  5.70E-65  4.29E-72  1.27E-73  5.62E-64  3.40E-66  9.15E-65
  9.45E+06 -1.26E+03  2.46E-09  4.17E+02  8.10E-15  3.50E-24  4.55E-40 -2.48E-40  1.51E-08  5.71E+07  1.59E-17 -1.41E-27 -2.02E-15  2.73E-65  2.71E-72  6.78E-74  2.74E-64  2.08E-66  5.22E-65
  9.55E+06 -1.00E+03  1.31E-09  3.00E+02  2.51E-15  9.36E-25  1.40E-39  5.29E-40  9.31E-09  4.48E+07  8.68E-18 -2.07E-27 -2.76E-15  1.27E-65  1.71E-72  3.55E-74  1.30E-64  1.28E-66  2.93E-65
  9.65E+06 -7.63E+02  7.02E-10  2.09E+02  7.99E-16  2.55E-25  5.67E-40  1.10E-39  6.58E-09  3.39E+07  3.46E-18 -2.83E-27 -4.17E-15  5.71E-66  1.08E-72  1.82E-74  6.02E-65  7.69E-67  1.56E-65
  9.75E+06 -5.47E+02  3.68E-10  1.36E+02  2.61E-16  7.03E-26  8.75E-40  5.36E-40 -1.29E-09  2.40E+07 -1.27E-18 -3.95E-27 -6.53E-15  2.41E-66  6.70E-73  9.08E-75  2.65E-65  4.52E-67  7.48E-66
  9.85E+06 -3.35E+02  1.88E-10  7.71E+01  8.76E-17  1.99E-26  1.46E-39  1.37E-39 -7.24E-09  1.50E+07 -6.58E-18 -5.86E-27 -1.08E-14  8.83E-67  4.19E-73  4.38E-75  1.03E-65  2.16E-67  2.87E-66
  9.95E+06 -1.17E+02  9.60E-11  2.61E+01  2.52E-17  5.45E-27 -3.47E-41 -2.15E-40 -1.10E-09  5.97E+06 -1.41E-17 -9.48E-27 -1.93E-14  1.87E-67  2.62E-73  2.07E-75  2.35E-66  3.98E-68  5.70E-67
  1.00E+07 -1.90E-10 -4.24E-17  5.90E-14 -8.34E-29 -1.18E-37 -3.47E-41 -2.15E-40 -1.10E-09 -2.21E-06 -3.14E-23 -4.58E-33 -3.20E-23 -7.82E-79 -1.21E-77 -2.10E-76 -1.10E-77 -2.10E-76 -2.13E-76

     Z        CH3SO2    CH3SO3    CH4SO2    C2H6SO    C2H7SO    SO4AER    S8AER   
  0.00E+00 -8.18E-04  1.13E-05  3.21E-04  3.27E-04 -2.26E-04 -3.54E+07  2.92E-20
  5.00E+04  2.04E+03  2.57E+02  4.23E+06  3.47E+07  4.83E-04  5.75E+07 -1.16E-22
  1.50E+05  9.81E+02  1.11E+02  2.69E+06  2.06E+07  1.84E-04 -5.92E+07 -1.12E-22
  2.50E+05  3.86E+02  4.29E+01  1.04E+06  7.94E+06  7.25E-05 -1.13E+08 -1.09E-22
  3.50E+05  1.51E+02  1.74E+01  3.73E+05  2.83E+06  2.89E-05 -7.55E+07 -1.06E-22
  4.50E+05  5.64E+01  6.90E+00  1.32E+05  9.98E+05  1.11E-05 -3.69E+07 -1.03E-22
  5.50E+05  2.07E+01  2.68E+00  4.69E+04  3.56E+05  4.07E-06 -1.33E+07 -1.01E-22
  6.50E+05  7.64E+00  1.03E+00  1.70E+04  1.29E+05  1.49E-06 -3.53E+06 -1.00E-22
  7.50E+05  2.66E+00  3.66E-01  6.41E+03  4.87E+04  5.01E-07 -2.94E+06 -9.96E-23
  8.50E+05  8.94E-01  1.25E-01  2.51E+03  1.91E+04  1.61E-07 -6.43E+06 -9.94E-23
  9.50E+05  3.13E-01  4.39E-02  9.81E+02  7.45E+03  5.26E-08 -1.06E+07 -9.95E-23
  1.05E+06  1.12E-01  1.59E-02  3.68E+02  2.79E+03  1.73E-08 -1.23E+07 -9.97E-23
  1.15E+06  3.81E-02  5.47E-03  1.33E+02  1.01E+03  5.37E-09 -1.17E+07 -9.99E-23
  1.25E+06  1.21E-02  1.78E-03  4.78E+01  3.63E+02  1.61E-09 -1.00E+07 -9.97E-23
  1.35E+06  3.80E-03  5.74E-04  1.78E+01  1.35E+02  4.97E-10 -8.28E+06 -9.94E-23
  1.45E+06  1.16E-03  1.79E-04  6.78E+00  5.15E+01  1.54E-10 -6.52E+06 -9.90E-23
  1.55E+06  3.67E-04  5.66E-05  2.42E+00  1.84E+01  5.05E-11 -5.07E+06 -9.85E-23
  1.65E+06  9.92E-05  1.55E-05  7.32E-01  5.55E+00  1.46E-11 -4.15E+06 -9.79E-23
  1.75E+06  2.08E-05  3.76E-06  1.65E-01  1.25E+00  3.54E-12 -3.58E+06 -9.68E-23
  1.85E+06  3.04E-06  7.81E-07  2.64E-02  2.00E-01  6.48E-13 -3.24E+06 -9.52E-23
  1.95E+06  3.58E-07  1.43E-07  3.36E-03  2.55E-02  1.00E-13 -3.06E+06 -9.34E-23
  2.05E+06  4.17E-08  2.38E-08  3.97E-04  3.01E-03  1.54E-14 -2.92E+06 -9.17E-23
  2.15E+06  5.08E-09  3.66E-09  4.60E-05  3.49E-04  2.42E-15 -2.80E+06 -9.04E-23
  2.25E+06  6.31E-10  5.23E-10  5.20E-06  3.94E-05  3.82E-16 -2.67E+06 -8.92E-23
  2.35E+06  7.72E-11  6.97E-11  5.61E-07  4.25E-06  5.89E-17 -2.51E+06 -8.81E-23
  2.45E+06  9.05E-12  8.52E-12  5.64E-08  4.28E-07  8.66E-18 -2.32E+06 -8.72E-23
  2.55E+06  9.88E-13  9.40E-13  5.16E-09  3.92E-08  1.19E-18 -2.10E+06 -8.62E-23
  2.65E+06  9.81E-14  9.20E-14  4.23E-10  3.21E-09  1.48E-19 -1.86E+06 -8.53E-23
  2.75E+06  8.67E-15  7.82E-15  3.04E-11  2.31E-10  1.63E-20 -1.58E+06 -8.45E-23
  2.85E+06  6.68E-16  5.69E-16  1.91E-12  1.45E-11  1.56E-21 -1.29E+06 -8.36E-23
  2.95E+06  4.45E-17  3.51E-17  1.03E-13  7.83E-13  1.29E-22 -9.99E+05 -8.29E-23
  3.05E+06  2.55E-18  1.84E-18  4.86E-15  3.68E-14  9.11E-24 -6.95E+05 -8.22E-23
  3.15E+06  1.27E-19  8.21E-20  2.01E-16  1.52E-15  5.58E-25 -3.51E+05 -8.14E-23
  3.25E+06  5.55E-21  3.18E-21  7.45E-18  5.65E-17  3.01E-26 -4.89E-09 -8.06E-23
  3.35E+06  2.18E-22  1.09E-22  2.53E-19  1.92E-18  1.46E-27 -3.49E-10 -7.98E-23
  3.45E+06  7.89E-24  3.40E-24  8.03E-21  6.09E-20  6.60E-29 -1.16E-09 -7.89E-23
  3.55E+06  2.69E-25  9.91E-26  2.43E-22  1.85E-21  2.80E-30 -1.75E-09 -7.81E-23
  3.65E+06  8.76E-27  2.75E-27  7.12E-24  5.41E-23  1.14E-31  1.51E-09 -7.72E-23
  3.75E+06  2.76E-28  7.33E-29  2.03E-25  1.54E-24  4.45E-33  1.11E-09 -7.64E-23
  3.85E+06  8.46E-30  1.89E-30  5.61E-27  4.26E-26  1.68E-34  1.40E-09 -7.56E-23
  3.95E+06  2.51E-31  4.74E-32  1.50E-28  1.14E-27  6.15E-36 -4.66E-10 -7.49E-23
  4.05E+06  7.21E-33  1.14E-33  3.88E-30  2.95E-29  2.16E-37 -8.73E-11 -7.41E-23
  4.15E+06  1.99E-34  2.61E-35  9.65E-32  7.33E-31  7.28E-39  3.20E-10 -7.35E-23
  4.25E+06  5.28E-36  5.69E-37  2.32E-33  1.76E-32  2.34E-40  2.91E-10 -7.29E-23
  4.35E+06  1.36E-37  1.19E-38  5.49E-35  4.17E-34  7.22E-42  1.46E-10 -7.24E-23
  4.45E+06  3.45E-39  2.44E-40  1.31E-36  9.95E-36  2.18E-43  2.91E-11 -7.19E-23
  4.55E+06  8.93E-41  5.07E-42  3.28E-38  2.49E-37  6.65E-45  1.46E-11 -7.16E-23
  4.65E+06  2.44E-42  1.11E-43  8.90E-40  6.75E-39  2.11E-46 -1.46E-11 -7.13E-23
  4.75E+06  7.29E-44  2.62E-45  2.70E-41  2.05E-40  7.26E-48  1.82E-11 -7.12E-23
  4.85E+06  2.44E-45  6.97E-47  9.32E-43  7.08E-42  2.77E-49  1.82E-11 -7.11E-23
  4.95E+06  9.33E-47  2.12E-48  3.74E-44  2.84E-43  1.20E-50  1.82E-11 -7.11E-23
  5.05E+06  4.13E-48  7.51E-50  1.76E-45  1.33E-44  5.92E-52  7.28E-12 -7.12E-23
  5.15E+06  2.13E-49  3.10E-51  9.67E-47  7.34E-46  3.39E-53  9.09E-12 -7.13E-23
  5.25E+06  1.28E-50  1.51E-52  6.25E-48  4.74E-47  2.25E-54  4.55E-12 -7.16E-23
  5.35E+06  8.99E-52  8.57E-54  4.73E-49  3.59E-48  1.73E-55  4.55E-13 -7.19E-23
  5.45E+06  7.36E-53  5.70E-55  4.19E-50  3.18E-49  1.54E-56 -2.27E-13 -7.22E-23
  5.55E+06  7.00E-54  4.42E-56  4.31E-51  3.27E-50  1.58E-57  0.00E+00 -7.26E-23
  5.65E+06  7.69E-55  3.97E-57  5.14E-52  3.90E-51  1.87E-58  2.27E-13 -7.31E-23
  5.75E+06  9.71E-56  4.11E-58  7.04E-53  5.34E-52  2.52E-59  1.14E-13 -7.36E-23
  5.85E+06  1.40E-56  4.86E-59  1.10E-53  8.35E-53  3.88E-60  1.42E-14 -7.42E-23
  5.95E+06  2.29E-57  6.52E-60  1.95E-54  1.48E-53  6.72E-61 -1.07E-14 -7.49E-23
  6.05E+06  4.21E-58  9.85E-61  3.87E-55  2.94E-54  1.30E-61 -3.55E-15 -7.56E-23
  6.15E+06  8.62E-59  1.66E-61  8.57E-56  6.51E-55  2.80E-62 -1.78E-15 -7.63E-23
  6.25E+06  1.95E-59  3.08E-62  2.10E-56  1.59E-55  6.64E-63  8.88E-16 -7.71E-23
  6.35E+06  4.87E-60  6.27E-63  5.64E-57  4.28E-56  1.73E-63 -2.22E-16 -7.79E-23
  6.45E+06  1.33E-60  1.39E-63  1.65E-57  1.25E-56  4.89E-64  5.55E-17 -7.87E-23
  6.55E+06  3.93E-61  3.35E-64  5.25E-58  3.99E-57  1.50E-64  1.39E-17 -7.96E-23
  6.65E+06  1.26E-61  8.66E-65  1.80E-58  1.37E-57  4.99E-65 -3.47E-18 -8.05E-23
  6.75E+06  4.31E-62  2.40E-65  6.63E-59  5.03E-58  1.78E-65  8.67E-19 -8.14E-23
  6.85E+06  1.59E-62  7.15E-66  2.61E-59  1.98E-58  6.74E-66  1.08E-19 -8.23E-23
  6.95E+06  6.19E-63  2.25E-66  1.09E-59  8.27E-59  2.73E-66  0.00E+00 -8.32E-23
  7.05E+06  2.55E-63  7.45E-67  4.82E-60  3.66E-59  1.16E-66  3.39E-21 -8.42E-23
  7.15E+06  1.11E-63  2.59E-67  2.23E-60  1.69E-59  5.13E-67  0.00E+00 -8.52E-23
  7.25E+06  5.08E-64  9.16E-68  1.07E-60  8.13E-60  2.41E-67  0.00E+00 -8.61E-23
  7.35E+06  2.43E-64  3.27E-68  5.22E-61  3.96E-60  1.21E-67  0.00E+00 -8.70E-23
  7.45E+06  1.21E-64  1.17E-68  2.55E-61  1.93E-60  6.25E-68 -2.07E-25 -8.79E-23
  7.55E+06  6.17E-65  4.20E-69  1.23E-61  9.32E-61  3.37E-68  3.23E-27 -8.87E-23
  7.65E+06  3.15E-65  1.50E-69  5.83E-62  4.43E-61  1.86E-68  6.79E-27 -8.94E-23
  7.75E+06  1.65E-65  5.56E-70  2.72E-62  2.06E-61  9.68E-69 -1.83E-16 -9.01E-23
  7.85E+06  8.57E-66  2.02E-70  1.23E-62  9.33E-62  4.89E-69 -1.93E-18 -9.04E-23
  7.95E+06  3.81E-66  5.87E-71  5.21E-63  3.96E-62  2.89E-69 -7.93E-21 -9.07E-23
  8.05E+06  1.32E-66  5.42E-72  2.04E-63  1.55E-62  1.76E-69 -7.45E-23 -9.10E-23
  8.15E+06  6.72E-67 -6.58E-72  7.99E-64  6.08E-63  7.61E-70 -7.46E-23 -9.09E-23
  8.25E+06  6.46E-67 -1.67E-72  3.42E-64  2.61E-63  2.83E-70 -7.48E-23 -9.08E-23
  8.35E+06  5.37E-67  5.10E-72  1.58E-64  1.21E-63  1.09E-70 -7.48E-23 -9.07E-23
  8.45E+06  3.33E-67  6.71E-72  7.56E-65  5.82E-64  4.66E-71 -7.49E-23 -9.04E-23
  8.55E+06  1.65E-67  4.70E-72  3.63E-65  2.82E-64  2.30E-71 -7.49E-23 -9.00E-23
  8.65E+06  7.36E-68  2.58E-72  1.69E-65  1.33E-64  1.27E-71 -7.50E-23 -8.98E-23
  8.75E+06  3.19E-68  1.28E-72  7.35E-66  5.95E-65  7.56E-72 -7.52E-23 -8.96E-23
  8.85E+06  1.45E-68  6.57E-73  2.79E-66  2.38E-65  4.53E-72 -7.55E-23 -8.95E-23
  8.95E+06  6.98E-69  3.33E-73  7.74E-67  7.47E-66  2.82E-72 -7.57E-23 -8.94E-23
  9.05E+06  3.49E-69  1.65E-73 -1.52E-68  7.75E-67  1.83E-72 -7.58E-23 -8.95E-23
  9.15E+06  1.86E-69  8.57E-74 -2.46E-67 -1.45E-66  1.11E-72 -7.60E-23 -8.98E-23
  9.25E+06  9.90E-70  4.19E-74 -2.52E-67 -1.76E-66  6.75E-73 -7.62E-23 -9.00E-23
  9.35E+06  5.20E-70  1.92E-74 -1.89E-67 -1.43E-66  4.17E-73 -7.65E-23 -9.03E-23
  9.45E+06  2.76E-70  8.70E-75 -1.22E-67 -9.72E-67  2.48E-73 -7.69E-23 -9.07E-23
  9.55E+06  1.44E-70  3.75E-75 -7.10E-68 -5.92E-67  1.46E-73 -7.72E-23 -9.11E-23
  9.65E+06  7.48E-71  1.56E-75 -3.78E-68 -3.28E-67  8.42E-74 -7.75E-23 -9.15E-23
  9.75E+06  3.81E-71  6.23E-76 -1.81E-68 -1.64E-67  4.98E-74 -7.77E-23 -9.18E-23
  9.85E+06  2.01E-71  2.49E-76 -7.28E-69 -6.83E-68  2.90E-74 -7.79E-23 -9.20E-23
  9.95E+06  1.16E-71  1.03E-76 -1.64E-69 -1.59E-68  1.46E-74 -7.78E-23 -9.19E-23
  1.00E+07 -2.64E-76 -1.37E-82 -2.74E-78 -4.15E-78 -4.12E-78 -7.78E-23 -9.19E-23

 AQUEOUS PHASE SPECIES

     Z      (SO2)g   (H2CO)g  (SO2)aq CH2(OH)2   HCO3-    CO3=     HSO3-    SO3=   CH2OHSO3-   OH-     SO4=      PH
  2.50E+04 9.23E-11 1.34E-10 1.80E-10 9.33E-07 3.58E-07 1.46E-12 2.84E-07 1.41E-09 2.65E-08 3.37E-10 6.53E-06 4.86E+00
  1.25E+05 1.12E-10 1.13E-10 2.62E-10 1.19E-06 3.98E-07 1.86E-12 5.36E-07 3.26E-09 6.37E-08 2.57E-10 5.49E-06 4.92E+00
  2.25E+05 8.36E-11 8.48E-11 2.34E-10 1.37E-06 4.23E-07 2.15E-12 5.96E-07 4.25E-09 8.18E-08 1.84E-10 4.94E-06 4.96E+00
  3.25E+05 5.42E-11 5.93E-11 1.83E-10 1.50E-06 4.46E-07 2.47E-12 5.79E-07 4.82E-09 8.66E-08 1.28E-10 4.51E-06 4.99E+00
  4.25E+05 3.67E-11 4.85E-11 1.25E-10 1.24E-06 4.47E-07 2.75E-12 4.40E-07 4.08E-09 5.45E-08 1.41E-10 4.08E-06 5.04E+00
  5.25E+05 2.50E-11 3.86E-11 8.48E-11 9.85E-07 4.50E-07 3.09E-12 3.35E-07 3.48E-09 3.30E-08 1.58E-10 3.66E-06 5.09E+00
  6.25E+05 1.73E-11 2.91E-11 5.88E-11 7.43E-07 4.52E-07 3.48E-12 2.60E-07 3.02E-09 1.93E-08 1.77E-10 3.27E-06 5.14E+00
  7.25E+05 1.23E-11 2.06E-11 4.17E-11 5.26E-07 4.54E-07 3.90E-12 2.06E-07 2.67E-09 1.08E-08 1.98E-10 2.92E-06 5.19E+00
  8.25E+05 8.83E-12 1.41E-11 3.00E-11 3.61E-07 4.53E-07 4.35E-12 1.65E-07 2.39E-09 5.95E-09 2.20E-10 2.61E-06 5.23E+00
  9.25E+05 6.34E-12 9.65E-12 2.15E-11 2.46E-07 4.51E-07 4.81E-12 1.32E-07 2.13E-09 3.25E-09 2.45E-10 2.33E-06 5.28E+00
  1.02E+06 4.50E-12 6.48E-12 1.53E-11 1.65E-07 4.46E-07 5.31E-12 1.04E-07 1.87E-09 1.73E-09 2.73E-10 2.08E-06 5.33E+00
  1.12E+06 3.15E-12 4.22E-12 1.07E-11 1.08E-07 4.40E-07 5.84E-12 8.15E-08 1.63E-09 8.78E-10 3.05E-10 1.84E-06 5.38E+00
  1.22E+06 2.17E-12 2.71E-12 7.37E-12 6.92E-08 4.32E-07 6.44E-12 6.31E-08 1.42E-09 4.37E-10 3.43E-10 1.63E-06 5.43E+00
  1.32E+06 1.49E-12 1.77E-12 5.05E-12 4.51E-08 4.23E-07 7.10E-12 4.88E-08 1.24E-09 2.20E-10 3.86E-10 1.43E-06 5.48E+00

 NORMAL HENRYS LAW COEFFICIENTS


     Z        O        O2       H2O      H        OH       HO2      H2O2     H2       CO       HCO      H2CO     CH3O     CH2OH    CH3O2    CH3OOH   CH4      CH3      C2H6    
  2.50E+04 0.00E+00 1.54E-03 0.00E+00 0.00E+00 5.03E+01 7.87E+03 1.94E+05 8.26E-04 1.16E-03 0.00E+00 6.98E+03 0.00E+00 0.00E+00 1.14E+01 5.51E+02 1.68E-03 0.00E+00 2.47E-03
  1.25E+05 0.00E+00 1.69E-03 0.00E+00 0.00E+00 6.61E+01 1.13E+04 3.04E+05 8.52E-04 1.26E-03 0.00E+00 1.06E+04 0.00E+00 0.00E+00 1.60E+01 7.61E+02 1.85E-03 0.00E+00 2.84E-03
  2.25E+05 0.00E+00 1.86E-03 0.00E+00 0.00E+00 8.77E+01 1.63E+04 4.85E+05 8.79E-04 1.36E-03 0.00E+00 1.62E+04 0.00E+00 0.00E+00 2.28E+01 1.06E+03 2.05E-03 0.00E+00 3.29E-03
  3.25E+05 0.00E+00 2.05E-03 0.00E+00 0.00E+00 1.18E+02 2.40E+04 7.85E+05 9.08E-04 1.48E-03 0.00E+00 2.52E+04 0.00E+00 0.00E+00 3.28E+01 1.50E+03 2.28E-03 0.00E+00 3.82E-03
  4.25E+05 0.00E+00 2.06E-03 0.00E+00 0.00E+00 1.19E+02 2.42E+04 7.95E+05 9.09E-04 1.49E-03 0.00E+00 2.55E+04 0.00E+00 0.00E+00 3.32E+01 1.51E+03 2.28E-03 0.00E+00 3.83E-03
  5.25E+05 0.00E+00 2.06E-03 0.00E+00 0.00E+00 1.19E+02 2.42E+04 7.95E+05 9.09E-04 1.49E-03 0.00E+00 2.55E+04 0.00E+00 0.00E+00 3.32E+01 1.51E+03 2.28E-03 0.00E+00 3.83E-03
  6.25E+05 0.00E+00 2.06E-03 0.00E+00 0.00E+00 1.19E+02 2.42E+04 7.95E+05 9.09E-04 1.49E-03 0.00E+00 2.55E+04 0.00E+00 0.00E+00 3.32E+01 1.51E+03 2.28E-03 0.00E+00 3.83E-03
  7.25E+05 0.00E+00 2.06E-03 0.00E+00 0.00E+00 1.19E+02 2.42E+04 7.95E+05 9.09E-04 1.49E-03 0.00E+00 2.55E+04 0.00E+00 0.00E+00 3.32E+01 1.51E+03 2.28E-03 0.00E+00 3.83E-03
  8.25E+05 0.00E+00 2.06E-03 0.00E+00 0.00E+00 1.19E+02 2.42E+04 7.95E+05 9.09E-04 1.49E-03 0.00E+00 2.55E+04 0.00E+00 0.00E+00 3.32E+01 1.51E+03 2.28E-03 0.00E+00 3.83E-03
  9.25E+05 0.00E+00 2.06E-03 0.00E+00 0.00E+00 1.19E+02 2.42E+04 7.95E+05 9.09E-04 1.49E-03 0.00E+00 2.55E+04 0.00E+00 0.00E+00 3.32E+01 1.51E+03 2.28E-03 0.00E+00 3.83E-03
  1.02E+06 0.00E+00 2.06E-03 0.00E+00 0.00E+00 1.19E+02 2.42E+04 7.95E+05 9.09E-04 1.49E-03 0.00E+00 2.55E+04 0.00E+00 0.00E+00 3.32E+01 1.51E+03 2.28E-03 0.00E+00 3.83E-03
  1.12E+06 0.00E+00 2.06E-03 0.00E+00 0.00E+00 1.19E+02 2.42E+04 7.95E+05 9.09E-04 1.49E-03 0.00E+00 2.55E+04 0.00E+00 0.00E+00 3.32E+01 1.51E+03 2.28E-03 0.00E+00 3.83E-03
  1.22E+06 0.00E+00 2.06E-03 0.00E+00 0.00E+00 1.19E+02 2.42E+04 7.95E+05 9.09E-04 1.49E-03 0.00E+00 2.55E+04 0.00E+00 0.00E+00 3.32E+01 1.51E+03 2.28E-03 0.00E+00 3.83E-03
  1.32E+06 0.00E+00 2.06E-03 0.00E+00 0.00E+00 1.19E+02 2.42E+04 7.95E+05 9.09E-04 1.49E-03 0.00E+00 2.55E+04 0.00E+00 0.00E+00 3.32E+01 1.51E+03 2.28E-03 0.00E+00 3.83E-03

     Z        NO       NO2      HNO      H2S      HS       S        SO       SO2      H2SO4    HSO      S2       S4       S8       SO3      OCS      S3       O3       HNO3    
  2.50E+04 2.26E-03 1.60E-02 0.00E+00 1.26E-01 1.00E+05 0.00E+00 1.90E-03 1.95E+00 7.00E+11 9.00E+03 0.00E+00 0.00E+00 0.00E+00 7.00E+11 2.80E-02 0.00E+00 0.00E+00 5.70E+05
  1.25E+05 2.47E-03 1.86E-02 0.00E+00 1.42E-01 1.00E+05 0.00E+00 1.90E-03 2.33E+00 7.00E+11 9.00E+03 0.00E+00 0.00E+00 0.00E+00 7.00E+11 3.18E-02 0.00E+00 0.00E+00 9.67E+05
  2.25E+05 2.72E-03 2.18E-02 0.00E+00 1.61E-01 1.00E+05 0.00E+00 1.90E-03 2.80E+00 7.00E+11 9.00E+03 0.00E+00 0.00E+00 0.00E+00 7.00E+11 3.63E-02 0.00E+00 0.00E+00 1.67E+06
  3.25E+05 3.00E-03 2.56E-02 0.00E+00 1.84E-01 1.00E+05 0.00E+00 1.90E-03 3.38E+00 7.00E+11 9.00E+03 0.00E+00 0.00E+00 0.00E+00 7.00E+11 4.16E-02 0.00E+00 0.00E+00 2.95E+06
  4.25E+05 3.00E-03 2.57E-02 0.00E+00 1.84E-01 1.00E+05 0.00E+00 1.90E-03 3.39E+00 7.00E+11 9.00E+03 0.00E+00 0.00E+00 0.00E+00 7.00E+11 4.18E-02 0.00E+00 0.00E+00 2.99E+06
  5.25E+05 3.00E-03 2.57E-02 0.00E+00 1.84E-01 1.00E+05 0.00E+00 1.90E-03 3.39E+00 7.00E+11 9.00E+03 0.00E+00 0.00E+00 0.00E+00 7.00E+11 4.18E-02 0.00E+00 0.00E+00 2.99E+06
  6.25E+05 3.00E-03 2.57E-02 0.00E+00 1.84E-01 1.00E+05 0.00E+00 1.90E-03 3.39E+00 7.00E+11 9.00E+03 0.00E+00 0.00E+00 0.00E+00 7.00E+11 4.18E-02 0.00E+00 0.00E+00 2.99E+06
  7.25E+05 3.00E-03 2.57E-02 0.00E+00 1.84E-01 1.00E+05 0.00E+00 1.90E-03 3.39E+00 7.00E+11 9.00E+03 0.00E+00 0.00E+00 0.00E+00 7.00E+11 4.18E-02 0.00E+00 0.00E+00 2.99E+06
  8.25E+05 3.00E-03 2.57E-02 0.00E+00 1.84E-01 1.00E+05 0.00E+00 1.90E-03 3.39E+00 7.00E+11 9.00E+03 0.00E+00 0.00E+00 0.00E+00 7.00E+11 4.18E-02 0.00E+00 0.00E+00 2.99E+06
  9.25E+05 3.00E-03 2.57E-02 0.00E+00 1.84E-01 1.00E+05 0.00E+00 1.90E-03 3.39E+00 7.00E+11 9.00E+03 0.00E+00 0.00E+00 0.00E+00 7.00E+11 4.18E-02 0.00E+00 0.00E+00 2.99E+06
  1.02E+06 3.00E-03 2.57E-02 0.00E+00 1.84E-01 1.00E+05 0.00E+00 1.90E-03 3.39E+00 7.00E+11 9.00E+03 0.00E+00 0.00E+00 0.00E+00 7.00E+11 4.18E-02 0.00E+00 0.00E+00 2.99E+06
  1.12E+06 3.00E-03 2.57E-02 0.00E+00 1.84E-01 1.00E+05 0.00E+00 1.90E-03 3.39E+00 7.00E+11 9.00E+03 0.00E+00 0.00E+00 0.00E+00 7.00E+11 4.18E-02 0.00E+00 0.00E+00 2.99E+06
  1.22E+06 3.00E-03 2.57E-02 0.00E+00 1.84E-01 1.00E+05 0.00E+00 1.90E-03 3.39E+00 7.00E+11 9.00E+03 0.00E+00 0.00E+00 0.00E+00 7.00E+11 4.18E-02 0.00E+00 0.00E+00 2.99E+06
  1.32E+06 3.00E-03 2.57E-02 0.00E+00 1.84E-01 1.00E+05 0.00E+00 1.90E-03 3.39E+00 7.00E+11 9.00E+03 0.00E+00 0.00E+00 0.00E+00 7.00E+11 4.18E-02 0.00E+00 0.00E+00 2.99E+06

     Z        N        NO3      N2O      HO2NO2   N2O5     NH       NH2      NH3      CO2      CS       CS2      HCS      C2H6S    C2H5S    C2H5SO   C2H5SO2  CH3S     CH3SO   
  2.50E+04 0.00E+00 3.80E-02 3.37E-02 2.65E+04 3.37E-02 0.00E+00 0.00E+00 9.88E+01 0.00E+00 0.00E+00 7.58E-02 0.00E+00 6.85E-01 0.00E+00 0.00E+00 0.00E+00 0.00E+00 0.00E+00
  1.25E+05 0.00E+00 3.80E-02 3.95E-02 4.03E+04 3.95E-02 0.00E+00 0.00E+00 1.27E+02 0.00E+00 0.00E+00 8.99E-02 0.00E+00 8.27E-01 0.00E+00 0.00E+00 0.00E+00 0.00E+00 0.00E+00
  2.25E+05 0.00E+00 3.80E-02 4.65E-02 6.22E+04 4.65E-02 0.00E+00 0.00E+00 1.66E+02 0.00E+00 0.00E+00 1.07E-01 0.00E+00 1.01E+00 0.00E+00 0.00E+00 0.00E+00 0.00E+00 0.00E+00
  3.25E+05 0.00E+00 3.80E-02 5.50E-02 9.75E+04 5.50E-02 0.00E+00 0.00E+00 2.18E+02 0.00E+00 0.00E+00 1.29E-01 0.00E+00 1.23E+00 0.00E+00 0.00E+00 0.00E+00 0.00E+00 0.00E+00
  4.25E+05 0.00E+00 3.80E-02 5.53E-02 9.86E+04 5.53E-02 0.00E+00 0.00E+00 2.20E+02 0.00E+00 0.00E+00 1.29E-01 0.00E+00 1.24E+00 0.00E+00 0.00E+00 0.00E+00 0.00E+00 0.00E+00
  5.25E+05 0.00E+00 3.80E-02 5.53E-02 9.86E+04 5.53E-02 0.00E+00 0.00E+00 2.20E+02 0.00E+00 0.00E+00 1.29E-01 0.00E+00 1.24E+00 0.00E+00 0.00E+00 0.00E+00 0.00E+00 0.00E+00
  6.25E+05 0.00E+00 3.80E-02 5.53E-02 9.86E+04 5.53E-02 0.00E+00 0.00E+00 2.20E+02 0.00E+00 0.00E+00 1.29E-01 0.00E+00 1.24E+00 0.00E+00 0.00E+00 0.00E+00 0.00E+00 0.00E+00
  7.25E+05 0.00E+00 3.80E-02 5.53E-02 9.86E+04 5.53E-02 0.00E+00 0.00E+00 2.20E+02 0.00E+00 0.00E+00 1.29E-01 0.00E+00 1.24E+00 0.00E+00 0.00E+00 0.00E+00 0.00E+00 0.00E+00
  8.25E+05 0.00E+00 3.80E-02 5.53E-02 9.86E+04 5.53E-02 0.00E+00 0.00E+00 2.20E+02 0.00E+00 0.00E+00 1.29E-01 0.00E+00 1.24E+00 0.00E+00 0.00E+00 0.00E+00 0.00E+00 0.00E+00
  9.25E+05 0.00E+00 3.80E-02 5.53E-02 9.86E+04 5.53E-02 0.00E+00 0.00E+00 2.20E+02 0.00E+00 0.00E+00 1.29E-01 0.00E+00 1.24E+00 0.00E+00 0.00E+00 0.00E+00 0.00E+00 0.00E+00
  1.02E+06 0.00E+00 3.80E-02 5.53E-02 9.86E+04 5.53E-02 0.00E+00 0.00E+00 2.20E+02 0.00E+00 0.00E+00 1.29E-01 0.00E+00 1.24E+00 0.00E+00 0.00E+00 0.00E+00 0.00E+00 0.00E+00
  1.12E+06 0.00E+00 3.80E-02 5.53E-02 9.86E+04 5.53E-02 0.00E+00 0.00E+00 2.20E+02 0.00E+00 0.00E+00 1.29E-01 0.00E+00 1.24E+00 0.00E+00 0.00E+00 0.00E+00 0.00E+00 0.00E+00
  1.22E+06 0.00E+00 3.80E-02 5.53E-02 9.86E+04 5.53E-02 0.00E+00 0.00E+00 2.20E+02 0.00E+00 0.00E+00 1.29E-01 0.00E+00 1.24E+00 0.00E+00 0.00E+00 0.00E+00 0.00E+00 0.00E+00
  1.32E+06 0.00E+00 3.80E-02 5.53E-02 9.86E+04 5.53E-02 0.00E+00 0.00E+00 2.20E+02 0.00E+00 0.00E+00 1.29E-01 0.00E+00 1.24E+00 0.00E+00 0.00E+00 0.00E+00 0.00E+00 0.00E+00

     Z        CH3SO2   CH3SO3   CH4SO2   C2H6SO   C2H7SO   SO4AER   S8AER   
  2.50E+04 0.00E+00 0.00E+00 0.00E+00 1.40E+03 0.00E+00 7.00E+11 7.00E+11
  1.25E+05 0.00E+00 0.00E+00 0.00E+00 1.40E+03 0.00E+00 7.00E+11 7.00E+11
  2.25E+05 0.00E+00 0.00E+00 0.00E+00 1.40E+03 0.00E+00 7.00E+11 7.00E+11
  3.25E+05 0.00E+00 0.00E+00 0.00E+00 1.40E+03 0.00E+00 7.00E+11 7.00E+11
  4.25E+05 0.00E+00 0.00E+00 0.00E+00 1.40E+03 0.00E+00 7.00E+11 7.00E+11
  5.25E+05 0.00E+00 0.00E+00 0.00E+00 1.40E+03 0.00E+00 7.00E+11 7.00E+11
  6.25E+05 0.00E+00 0.00E+00 0.00E+00 1.40E+03 0.00E+00 7.00E+11 7.00E+11
  7.25E+05 0.00E+00 0.00E+00 0.00E+00 1.40E+03 0.00E+00 7.00E+11 7.00E+11
  8.25E+05 0.00E+00 0.00E+00 0.00E+00 1.40E+03 0.00E+00 7.00E+11 7.00E+11
  9.25E+05 0.00E+00 0.00E+00 0.00E+00 1.40E+03 0.00E+00 7.00E+11 7.00E+11
  1.02E+06 0.00E+00 0.00E+00 0.00E+00 1.40E+03 0.00E+00 7.00E+11 7.00E+11
  1.12E+06 0.00E+00 0.00E+00 0.00E+00 1.40E+03 0.00E+00 7.00E+11 7.00E+11
  1.22E+06 0.00E+00 0.00E+00 0.00E+00 1.40E+03 0.00E+00 7.00E+11 7.00E+11
  1.32E+06 0.00E+00 0.00E+00 0.00E+00 1.40E+03 0.00E+00 7.00E+11 7.00E+11

 ENHANCEMENTS OF HENRYS LAW COEFFICIENTS


     Z        O        O2       H2O      H        OH       HO2      H2O2     H2       CO       HCO      H2CO     CH3O     CH2OH    CH3O2    CH3OOH   CH4      CH3      C2H6    
  2.50E+04 1.00E+00 1.00E+00 1.00E+00 1.00E+00 1.00E+00 1.00E+00 1.00E+00 1.00E+00 1.00E+00 1.00E+00 1.03E+00 1.00E+00 1.00E+00 1.00E+00 1.00E+00 1.00E+00 1.00E+00 1.00E+00
  1.25E+05 1.00E+00 1.00E+00 1.00E+00 1.00E+00 1.00E+00 1.00E+00 1.00E+00 1.00E+00 1.00E+00 1.00E+00 1.05E+00 1.00E+00 1.00E+00 1.00E+00 1.00E+00 1.00E+00 1.00E+00 1.00E+00
  2.25E+05 1.00E+00 1.00E+00 1.00E+00 1.00E+00 1.00E+00 1.00E+00 1.00E+00 1.00E+00 1.00E+00 1.00E+00 1.06E+00 1.00E+00 1.00E+00 1.00E+00 1.00E+00 1.00E+00 1.00E+00 1.00E+00
  3.25E+05 1.00E+00 1.00E+00 1.00E+00 1.00E+00 1.00E+00 1.00E+00 1.00E+00 1.00E+00 1.00E+00 1.00E+00 1.06E+00 1.00E+00 1.00E+00 1.00E+00 1.00E+00 1.00E+00 1.00E+00 1.00E+00
  4.25E+05 1.00E+00 1.00E+00 1.00E+00 1.00E+00 1.00E+00 1.00E+00 1.00E+00 1.00E+00 1.00E+00 1.00E+00 1.04E+00 1.00E+00 1.00E+00 1.00E+00 1.00E+00 1.00E+00 1.00E+00 1.00E+00
  5.25E+05 1.00E+00 1.00E+00 1.00E+00 1.00E+00 1.00E+00 1.00E+00 1.00E+00 1.00E+00 1.00E+00 1.00E+00 1.03E+00 1.00E+00 1.00E+00 1.00E+00 1.00E+00 1.00E+00 1.00E+00 1.00E+00
  6.25E+05 1.00E+00 1.00E+00 1.00E+00 1.00E+00 1.00E+00 1.00E+00 1.00E+00 1.00E+00 1.00E+00 1.00E+00 1.03E+00 1.00E+00 1.00E+00 1.00E+00 1.00E+00 1.00E+00 1.00E+00 1.00E+00
  7.25E+05 1.00E+00 1.00E+00 1.00E+00 1.00E+00 1.00E+00 1.00E+00 1.00E+00 1.00E+00 1.00E+00 1.00E+00 1.02E+00 1.00E+00 1.00E+00 1.00E+00 1.00E+00 1.00E+00 1.00E+00 1.00E+00
  8.25E+05 1.00E+00 1.00E+00 1.00E+00 1.00E+00 1.00E+00 1.00E+00 1.00E+00 1.00E+00 1.00E+00 1.00E+00 1.02E+00 1.00E+00 1.00E+00 1.00E+00 1.00E+00 1.00E+00 1.00E+00 1.00E+00
  9.25E+05 1.00E+00 1.00E+00 1.00E+00 1.00E+00 1.00E+00 1.00E+00 1.00E+00 1.00E+00 1.00E+00 1.00E+00 1.01E+00 1.00E+00 1.00E+00 1.00E+00 1.00E+00 1.00E+00 1.00E+00 1.00E+00
  1.02E+06 1.00E+00 1.00E+00 1.00E+00 1.00E+00 1.00E+00 1.00E+00 1.00E+00 1.00E+00 1.00E+00 1.00E+00 1.01E+00 1.00E+00 1.00E+00 1.00E+00 1.00E+00 1.00E+00 1.00E+00 1.00E+00
  1.12E+06 1.00E+00 1.00E+00 1.00E+00 1.00E+00 1.00E+00 1.00E+00 1.00E+00 1.00E+00 1.00E+00 1.00E+00 1.01E+00 1.00E+00 1.00E+00 1.00E+00 1.00E+00 1.00E+00 1.00E+00 1.00E+00
  1.22E+06 1.00E+00 1.00E+00 1.00E+00 1.00E+00 1.00E+00 1.00E+00 1.00E+00 1.00E+00 1.00E+00 1.00E+00 1.01E+00 1.00E+00 1.00E+00 1.00E+00 1.00E+00 1.00E+00 1.00E+00 1.00E+00
  1.32E+06 1.00E+00 1.00E+00 1.00E+00 1.00E+00 1.00E+00 1.00E+00 1.00E+00 1.00E+00 1.00E+00 1.00E+00 1.00E+00 1.00E+00 1.00E+00 1.00E+00 1.00E+00 1.00E+00 1.00E+00 1.00E+00

     Z        NO       NO2      HNO      H2S      HS       S        SO       SO2      H2SO4    HSO      S2       S4       S8       SO3      OCS      S3       O3       HNO3    
  2.50E+04 1.00E+00 1.00E+00 1.00E+00 1.01E+00 1.00E+00 1.00E+00 1.00E+00 1.73E+03 1.00E+00 1.00E+00 1.00E+00 1.00E+00 1.00E+00 1.00E+00 1.00E+00 1.00E+00 1.00E+00 1.00E+00
  1.25E+05 1.00E+00 1.00E+00 1.00E+00 1.01E+00 1.00E+00 1.00E+00 1.00E+00 2.30E+03 1.00E+00 1.00E+00 1.00E+00 1.00E+00 1.00E+00 1.00E+00 1.00E+00 1.00E+00 1.00E+00 1.00E+00
  2.25E+05 1.00E+00 1.00E+00 1.00E+00 1.01E+00 1.00E+00 1.00E+00 1.00E+00 2.92E+03 1.00E+00 1.00E+00 1.00E+00 1.00E+00 1.00E+00 1.00E+00 1.00E+00 1.00E+00 1.00E+00 1.00E+00
  3.25E+05 1.00E+00 1.00E+00 1.00E+00 1.01E+00 1.00E+00 1.00E+00 1.00E+00 3.67E+03 1.00E+00 1.00E+00 1.00E+00 1.00E+00 1.00E+00 1.00E+00 1.00E+00 1.00E+00 1.00E+00 1.00E+00
  4.25E+05 1.00E+00 1.00E+00 1.00E+00 1.01E+00 1.00E+00 1.00E+00 1.00E+00 4.01E+03 1.00E+00 1.00E+00 1.00E+00 1.00E+00 1.00E+00 1.00E+00 1.00E+00 1.00E+00 1.00E+00 1.00E+00
  5.25E+05 1.00E+00 1.00E+00 1.00E+00 1.01E+00 1.00E+00 1.00E+00 1.00E+00 4.38E+03 1.00E+00 1.00E+00 1.00E+00 1.00E+00 1.00E+00 1.00E+00 1.00E+00 1.00E+00 1.00E+00 1.00E+00
  6.25E+05 1.00E+00 1.00E+00 1.00E+00 1.02E+00 1.00E+00 1.00E+00 1.00E+00 4.80E+03 1.00E+00 1.00E+00 1.00E+00 1.00E+00 1.00E+00 1.00E+00 1.00E+00 1.00E+00 1.00E+00 1.00E+00
  7.25E+05 1.00E+00 1.00E+00 1.00E+00 1.02E+00 1.00E+00 1.00E+00 1.00E+00 5.26E+03 1.00E+00 1.00E+00 1.00E+00 1.00E+00 1.00E+00 1.00E+00 1.00E+00 1.00E+00 1.00E+00 1.00E+00
  8.25E+05 1.00E+00 1.00E+00 1.00E+00 1.02E+00 1.00E+00 1.00E+00 1.00E+00 5.79E+03 1.00E+00 1.00E+00 1.00E+00 1.00E+00 1.00E+00 1.00E+00 1.00E+00 1.00E+00 1.00E+00 1.00E+00
  9.25E+05 1.00E+00 1.00E+00 1.00E+00 1.02E+00 1.00E+00 1.00E+00 1.00E+00 6.39E+03 1.00E+00 1.00E+00 1.00E+00 1.00E+00 1.00E+00 1.00E+00 1.00E+00 1.00E+00 1.00E+00 1.00E+00
  1.02E+06 1.00E+00 1.00E+00 1.00E+00 1.02E+00 1.00E+00 1.00E+00 1.00E+00 7.07E+03 1.00E+00 1.00E+00 1.00E+00 1.00E+00 1.00E+00 1.00E+00 1.00E+00 1.00E+00 1.00E+00 1.00E+00
  1.12E+06 1.00E+00 1.00E+00 1.00E+00 1.03E+00 1.00E+00 1.00E+00 1.00E+00 7.87E+03 1.00E+00 1.00E+00 1.00E+00 1.00E+00 1.00E+00 1.00E+00 1.00E+00 1.00E+00 1.00E+00 1.00E+00
  1.22E+06 1.00E+00 1.00E+00 1.00E+00 1.03E+00 1.00E+00 1.00E+00 1.00E+00 8.82E+03 1.00E+00 1.00E+00 1.00E+00 1.00E+00 1.00E+00 1.00E+00 1.00E+00 1.00E+00 1.00E+00 1.00E+00
  1.32E+06 1.00E+00 1.00E+00 1.00E+00 1.03E+00 1.00E+00 1.00E+00 1.00E+00 9.94E+03 1.00E+00 1.00E+00 1.00E+00 1.00E+00 1.00E+00 1.00E+00 1.00E+00 1.00E+00 1.00E+00 1.00E+00

     Z        N        NO3      N2O      HO2NO2   N2O5     NH       NH2      NH3      CO2      CS       CS2      HCS      C2H6S    C2H5S    C2H5SO   C2H5SO2  CH3S     CH3SO   
  2.50E+04 1.00E+00 1.00E+00 1.00E+00 1.00E+00 1.00E+00 1.00E+00 1.00E+00 1.00E+00 1.00E+00 1.00E+00 1.00E+00 1.00E+00 1.00E+00 1.00E+00 1.00E+00 1.00E+00 1.00E+00 1.00E+00
  1.25E+05 1.00E+00 1.00E+00 1.00E+00 1.00E+00 1.00E+00 1.00E+00 1.00E+00 1.00E+00 1.00E+00 1.00E+00 1.00E+00 1.00E+00 1.00E+00 1.00E+00 1.00E+00 1.00E+00 1.00E+00 1.00E+00
  2.25E+05 1.00E+00 1.00E+00 1.00E+00 1.00E+00 1.00E+00 1.00E+00 1.00E+00 1.00E+00 1.00E+00 1.00E+00 1.00E+00 1.00E+00 1.00E+00 1.00E+00 1.00E+00 1.00E+00 1.00E+00 1.00E+00
  3.25E+05 1.00E+00 1.00E+00 1.00E+00 1.00E+00 1.00E+00 1.00E+00 1.00E+00 1.00E+00 1.00E+00 1.00E+00 1.00E+00 1.00E+00 1.00E+00 1.00E+00 1.00E+00 1.00E+00 1.00E+00 1.00E+00
  4.25E+05 1.00E+00 1.00E+00 1.00E+00 1.00E+00 1.00E+00 1.00E+00 1.00E+00 1.00E+00 1.00E+00 1.00E+00 1.00E+00 1.00E+00 1.00E+00 1.00E+00 1.00E+00 1.00E+00 1.00E+00 1.00E+00
  5.25E+05 1.00E+00 1.00E+00 1.00E+00 1.00E+00 1.00E+00 1.00E+00 1.00E+00 1.00E+00 1.00E+00 1.00E+00 1.00E+00 1.00E+00 1.00E+00 1.00E+00 1.00E+00 1.00E+00 1.00E+00 1.00E+00
  6.25E+05 1.00E+00 1.00E+00 1.00E+00 1.00E+00 1.00E+00 1.00E+00 1.00E+00 1.00E+00 1.00E+00 1.00E+00 1.00E+00 1.00E+00 1.00E+00 1.00E+00 1.00E+00 1.00E+00 1.00E+00 1.00E+00
  7.25E+05 1.00E+00 1.00E+00 1.00E+00 1.00E+00 1.00E+00 1.00E+00 1.00E+00 1.00E+00 1.00E+00 1.00E+00 1.00E+00 1.00E+00 1.00E+00 1.00E+00 1.00E+00 1.00E+00 1.00E+00 1.00E+00
  8.25E+05 1.00E+00 1.00E+00 1.00E+00 1.00E+00 1.00E+00 1.00E+00 1.00E+00 1.00E+00 1.00E+00 1.00E+00 1.00E+00 1.00E+00 1.00E+00 1.00E+00 1.00E+00 1.00E+00 1.00E+00 1.00E+00
  9.25E+05 1.00E+00 1.00E+00 1.00E+00 1.00E+00 1.00E+00 1.00E+00 1.00E+00 1.00E+00 1.00E+00 1.00E+00 1.00E+00 1.00E+00 1.00E+00 1.00E+00 1.00E+00 1.00E+00 1.00E+00 1.00E+00
  1.02E+06 1.00E+00 1.00E+00 1.00E+00 1.00E+00 1.00E+00 1.00E+00 1.00E+00 1.00E+00 1.00E+00 1.00E+00 1.00E+00 1.00E+00 1.00E+00 1.00E+00 1.00E+00 1.00E+00 1.00E+00 1.00E+00
  1.12E+06 1.00E+00 1.00E+00 1.00E+00 1.00E+00 1.00E+00 1.00E+00 1.00E+00 1.00E+00 1.00E+00 1.00E+00 1.00E+00 1.00E+00 1.00E+00 1.00E+00 1.00E+00 1.00E+00 1.00E+00 1.00E+00
  1.22E+06 1.00E+00 1.00E+00 1.00E+00 1.00E+00 1.00E+00 1.00E+00 1.00E+00 1.00E+00 1.00E+00 1.00E+00 1.00E+00 1.00E+00 1.00E+00 1.00E+00 1.00E+00 1.00E+00 1.00E+00 1.00E+00
  1.32E+06 1.00E+00 1.00E+00 1.00E+00 1.00E+00 1.00E+00 1.00E+00 1.00E+00 1.00E+00 1.00E+00 1.00E+00 1.00E+00 1.00E+00 1.00E+00 1.00E+00 1.00E+00 1.00E+00 1.00E+00 1.00E+00

     Z        CH3SO2   CH3SO3   CH4SO2   C2H6SO   C2H7SO   SO4AER   S8AER   
  2.50E+04 1.00E+00 1.00E+00 1.00E+00 1.00E+00 1.00E+00 1.00E+00 1.00E+00
  1.25E+05 1.00E+00 1.00E+00 1.00E+00 1.00E+00 1.00E+00 1.00E+00 1.00E+00
  2.25E+05 1.00E+00 1.00E+00 1.00E+00 1.00E+00 1.00E+00 1.00E+00 1.00E+00
  3.25E+05 1.00E+00 1.00E+00 1.00E+00 1.00E+00 1.00E+00 1.00E+00 1.00E+00
  4.25E+05 1.00E+00 1.00E+00 1.00E+00 1.00E+00 1.00E+00 1.00E+00 1.00E+00
  5.25E+05 1.00E+00 1.00E+00 1.00E+00 1.00E+00 1.00E+00 1.00E+00 1.00E+00
  6.25E+05 1.00E+00 1.00E+00 1.00E+00 1.00E+00 1.00E+00 1.00E+00 1.00E+00
  7.25E+05 1.00E+00 1.00E+00 1.00E+00 1.00E+00 1.00E+00 1.00E+00 1.00E+00
  8.25E+05 1.00E+00 1.00E+00 1.00E+00 1.00E+00 1.00E+00 1.00E+00 1.00E+00
  9.25E+05 1.00E+00 1.00E+00 1.00E+00 1.00E+00 1.00E+00 1.00E+00 1.00E+00
  1.02E+06 1.00E+00 1.00E+00 1.00E+00 1.00E+00 1.00E+00 1.00E+00 1.00E+00
  1.12E+06 1.00E+00 1.00E+00 1.00E+00 1.00E+00 1.00E+00 1.00E+00 1.00E+00
  1.22E+06 1.00E+00 1.00E+00 1.00E+00 1.00E+00 1.00E+00 1.00E+00 1.00E+00
  1.32E+06 1.00E+00 1.00E+00 1.00E+00 1.00E+00 1.00E+00 1.00E+00 1.00E+00

 GIORGI AND CHAMEIDES RAINOUT RATES


     Z        O        O2       H2O      H        OH       HO2      H2O2     H2       CO       HCO      H2CO     CH3O     CH2OH    CH3O2    CH3OOH   CH4      CH3      C2H6    
  2.50E+04 0.00E+00 2.61E-13 0.00E+00 0.00E+00 8.47E-09 9.08E-07 2.28E-06 1.40E-13 1.96E-13 0.00E+00 8.53E-07 0.00E+00 0.00E+00 1.93E-09 9.03E-08 2.84E-13 0.00E+00 4.18E-13
  1.25E+05 0.00E+00 3.14E-13 0.00E+00 0.00E+00 1.22E-08 1.22E-06 2.37E-06 1.58E-13 2.33E-13 0.00E+00 1.21E-06 0.00E+00 0.00E+00 2.97E-09 1.35E-07 3.44E-13 0.00E+00 5.28E-13
  2.25E+05 0.00E+00 2.59E-13 0.00E+00 0.00E+00 1.21E-08 9.57E-07 1.33E-06 1.22E-13 1.90E-13 0.00E+00 9.74E-07 0.00E+00 0.00E+00 3.17E-09 1.37E-07 2.86E-13 0.00E+00 4.58E-13
  3.25E+05 0.00E+00 2.05E-13 0.00E+00 0.00E+00 1.17E-08 7.00E-07 8.19E-07 9.09E-14 1.49E-13 0.00E+00 7.16E-07 0.00E+00 0.00E+00 3.28E-09 1.33E-07 2.28E-13 0.00E+00 3.82E-13
  4.25E+05 0.00E+00 1.42E-13 0.00E+00 0.00E+00 8.09E-09 4.95E-07 5.83E-07 6.26E-14 1.03E-13 0.00E+00 5.05E-07 0.00E+00 0.00E+00 2.28E-09 9.27E-08 1.57E-13 0.00E+00 2.64E-13
  5.25E+05 0.00E+00 9.32E-14 0.00E+00 0.00E+00 5.33E-09 3.62E-07 4.49E-07 4.12E-14 6.75E-14 0.00E+00 3.70E-07 0.00E+00 0.00E+00 1.50E-09 6.19E-08 1.04E-13 0.00E+00 1.74E-13
  6.25E+05 0.00E+00 5.87E-14 0.00E+00 0.00E+00 3.36E-09 2.63E-07 3.60E-07 2.60E-14 4.25E-14 0.00E+00 2.70E-07 0.00E+00 0.00E+00 9.45E-10 3.96E-08 6.52E-14 0.00E+00 1.10E-13
  7.25E+05 0.00E+00 3.54E-14 0.00E+00 0.00E+00 2.03E-09 1.85E-07 2.90E-07 1.56E-14 2.56E-14 0.00E+00 1.90E-07 0.00E+00 0.00E+00 5.70E-10 2.43E-08 3.93E-14 0.00E+00 6.60E-14
  8.25E+05 0.00E+00 2.04E-14 0.00E+00 0.00E+00 1.17E-09 1.24E-07 2.30E-07 9.01E-15 1.47E-14 0.00E+00 1.28E-07 0.00E+00 0.00E+00 3.28E-10 1.42E-08 2.26E-14 0.00E+00 3.80E-14
  9.25E+05 0.00E+00 1.13E-14 0.00E+00 0.00E+00 6.47E-10 7.76E-08 1.74E-07 4.98E-15 8.15E-15 0.00E+00 8.06E-08 0.00E+00 0.00E+00 1.81E-10 7.94E-09 1.25E-14 0.00E+00 2.10E-14
  1.02E+06 0.00E+00 5.96E-15 0.00E+00 0.00E+00 3.43E-10 4.46E-08 1.15E-07 2.64E-15 4.32E-15 0.00E+00 4.64E-08 0.00E+00 0.00E+00 9.62E-11 4.24E-09 6.62E-15 0.00E+00 1.11E-14
  1.12E+06 0.00E+00 3.04E-15 0.00E+00 0.00E+00 1.75E-10 2.39E-08 6.72E-08 1.34E-15 2.20E-15 0.00E+00 2.48E-08 0.00E+00 0.00E+00 4.90E-11 2.17E-09 3.37E-15 0.00E+00 5.67E-15
  1.22E+06 0.00E+00 1.49E-15 0.00E+00 0.00E+00 8.59E-11 1.21E-08 3.59E-08 6.60E-16 1.08E-15 0.00E+00 1.25E-08 0.00E+00 0.00E+00 2.41E-11 1.07E-09 1.66E-15 0.00E+00 2.78E-15
  1.32E+06 0.00E+00 7.06E-16 0.00E+00 0.00E+00 4.06E-11 5.80E-09 1.78E-08 3.12E-16 5.11E-16 0.00E+00 6.03E-09 0.00E+00 0.00E+00 1.14E-11 5.06E-10 7.84E-16 0.00E+00 1.32E-15

     Z        NO       NO2      HNO      H2S      HS       S        SO       SO2      H2SO4    HSO      S2       S4       S8       SO3      OCS      S3       O3       HNO3    
  2.50E+04 3.81E-13 2.70E-12 0.00E+00 2.14E-11 2.18E-06 0.00E+00 3.21E-13 4.77E-07 2.37E-06 9.91E-07 0.00E+00 0.00E+00 0.00E+00 2.37E-06 4.73E-12 0.00E+00 0.00E+00 2.34E-06
  1.25E+05 4.59E-13 3.46E-12 0.00E+00 2.66E-11 2.25E-06 0.00E+00 3.53E-13 7.49E-07 2.42E-06 1.07E-06 0.00E+00 0.00E+00 0.00E+00 2.42E-06 5.91E-12 0.00E+00 0.00E+00 2.40E-06
  2.25E+05 3.78E-13 3.03E-12 0.00E+00 2.27E-11 1.29E-06 0.00E+00 2.65E-13 6.88E-07 1.34E-06 7.27E-07 0.00E+00 0.00E+00 0.00E+00 1.34E-06 5.06E-12 0.00E+00 0.00E+00 1.34E-06
  3.25E+05 3.00E-13 2.57E-12 0.00E+00 1.86E-11 8.04E-07 0.00E+00 1.90E-13 5.71E-07 8.20E-07 4.93E-07 0.00E+00 0.00E+00 0.00E+00 8.20E-07 4.17E-12 0.00E+00 0.00E+00 8.20E-07
  4.25E+05 2.07E-13 1.77E-12 0.00E+00 1.28E-11 5.72E-07 0.00E+00 1.31E-13 4.15E-07 5.84E-07 3.44E-07 0.00E+00 0.00E+00 0.00E+00 5.84E-07 2.88E-12 0.00E+00 0.00E+00 5.84E-07
  5.25E+05 1.36E-13 1.17E-12 0.00E+00 8.47E-12 4.36E-07 0.00E+00 8.62E-14 3.07E-07 4.50E-07 2.40E-07 0.00E+00 0.00E+00 0.00E+00 4.50E-07 1.90E-12 0.00E+00 0.00E+00 4.50E-07
  6.25E+05 8.58E-14 7.35E-13 0.00E+00 5.34E-12 3.40E-07 0.00E+00 5.43E-14 2.25E-07 3.62E-07 1.64E-07 0.00E+00 0.00E+00 0.00E+00 3.62E-07 1.19E-12 0.00E+00 0.00E+00 3.61E-07
  7.25E+05 5.17E-14 4.43E-13 0.00E+00 3.22E-12 2.63E-07 0.00E+00 3.27E-14 1.61E-07 2.93E-07 1.07E-07 0.00E+00 0.00E+00 0.00E+00 2.93E-07 7.19E-13 0.00E+00 0.00E+00 2.92E-07
  8.25E+05 2.98E-14 2.55E-13 0.00E+00 1.86E-12 1.96E-07 0.00E+00 1.88E-14 1.11E-07 2.35E-07 6.65E-08 0.00E+00 0.00E+00 0.00E+00 2.35E-07 4.14E-13 0.00E+00 0.00E+00 2.34E-07
  9.25E+05 1.65E-14 1.41E-13 0.00E+00 1.03E-12 1.38E-07 0.00E+00 1.04E-14 7.27E-08 1.81E-07 3.91E-08 0.00E+00 0.00E+00 0.00E+00 1.81E-07 2.29E-13 0.00E+00 0.00E+00 1.79E-07
  1.02E+06 8.72E-15 7.47E-14 0.00E+00 5.47E-13 8.56E-08 0.00E+00 5.51E-15 4.44E-08 1.21E-07 2.15E-08 0.00E+00 0.00E+00 0.00E+00 1.21E-07 1.21E-13 0.00E+00 0.00E+00 1.19E-07
  1.12E+06 4.44E-15 3.81E-14 0.00E+00 2.79E-13 4.82E-08 0.00E+00 2.81E-15 2.55E-08 7.13E-08 1.12E-08 0.00E+00 0.00E+00 0.00E+00 7.13E-08 6.18E-14 0.00E+00 0.00E+00 7.02E-08
  1.22E+06 2.18E-15 1.87E-14 0.00E+00 1.38E-13 2.51E-08 0.00E+00 1.38E-15 1.39E-08 3.83E-08 5.58E-09 0.00E+00 0.00E+00 0.00E+00 3.83E-08 3.03E-14 0.00E+00 0.00E+00 3.76E-08
  1.32E+06 1.03E-15 8.84E-15 0.00E+00 6.53E-14 1.23E-08 0.00E+00 6.53E-16 7.21E-09 1.91E-08 2.66E-09 0.00E+00 0.00E+00 0.00E+00 1.91E-08 1.43E-14 0.00E+00 0.00E+00 1.87E-08

     Z        N        NO3      N2O      HO2NO2   N2O5     NH       NH2      NH3      CO2      CS       CS2      HCS      C2H6S    C2H5S    C2H5SO   C2H5SO2  CH3S     CH3SO   
  2.50E+04 0.00E+00 6.42E-12 5.69E-12 1.68E-06 5.69E-12 0.00E+00 0.00E+00 1.66E-08 0.00E+00 0.00E+00 1.28E-11 0.00E+00 1.16E-10 0.00E+00 0.00E+00 0.00E+00 0.00E+00 0.00E+00
  1.25E+05 0.00E+00 7.06E-12 7.33E-12 1.98E-06 7.33E-12 0.00E+00 0.00E+00 2.35E-08 0.00E+00 0.00E+00 1.67E-11 0.00E+00 1.54E-10 0.00E+00 0.00E+00 0.00E+00 0.00E+00 0.00E+00
  2.25E+05 0.00E+00 5.29E-12 6.47E-12 1.26E-06 6.47E-12 0.00E+00 0.00E+00 2.28E-08 0.00E+00 0.00E+00 1.49E-11 0.00E+00 1.40E-10 0.00E+00 0.00E+00 0.00E+00 0.00E+00 0.00E+00
  3.25E+05 0.00E+00 3.81E-12 5.51E-12 8.03E-07 5.51E-12 0.00E+00 0.00E+00 2.15E-08 0.00E+00 0.00E+00 1.29E-11 0.00E+00 1.23E-10 0.00E+00 0.00E+00 0.00E+00 0.00E+00 0.00E+00
  4.25E+05 0.00E+00 2.62E-12 3.81E-12 5.72E-07 3.81E-12 0.00E+00 0.00E+00 1.49E-08 0.00E+00 0.00E+00 8.91E-12 0.00E+00 8.52E-11 0.00E+00 0.00E+00 0.00E+00 0.00E+00 0.00E+00
  5.25E+05 0.00E+00 1.72E-12 2.51E-12 4.35E-07 2.51E-12 0.00E+00 0.00E+00 9.82E-09 0.00E+00 0.00E+00 5.87E-12 0.00E+00 5.61E-11 0.00E+00 0.00E+00 0.00E+00 0.00E+00 0.00E+00
  6.25E+05 0.00E+00 1.09E-12 1.58E-12 3.40E-07 1.58E-12 0.00E+00 0.00E+00 6.20E-09 0.00E+00 0.00E+00 3.69E-12 0.00E+00 3.53E-11 0.00E+00 0.00E+00 0.00E+00 0.00E+00 0.00E+00
  7.25E+05 0.00E+00 6.54E-13 9.51E-13 2.62E-07 9.51E-13 0.00E+00 0.00E+00 3.74E-09 0.00E+00 0.00E+00 2.22E-12 0.00E+00 2.13E-11 0.00E+00 0.00E+00 0.00E+00 0.00E+00 0.00E+00
  8.25E+05 0.00E+00 3.77E-13 5.48E-13 1.95E-07 5.48E-13 0.00E+00 0.00E+00 2.16E-09 0.00E+00 0.00E+00 1.28E-12 0.00E+00 1.23E-11 0.00E+00 0.00E+00 0.00E+00 0.00E+00 0.00E+00
  9.25E+05 0.00E+00 2.08E-13 3.03E-13 1.37E-07 3.03E-13 0.00E+00 0.00E+00 1.20E-09 0.00E+00 0.00E+00 7.08E-13 0.00E+00 6.77E-12 0.00E+00 0.00E+00 0.00E+00 0.00E+00 0.00E+00
  1.02E+06 0.00E+00 1.10E-13 1.60E-13 8.52E-08 1.60E-13 0.00E+00 0.00E+00 6.35E-10 0.00E+00 0.00E+00 3.75E-13 0.00E+00 3.59E-12 0.00E+00 0.00E+00 0.00E+00 0.00E+00 0.00E+00
  1.12E+06 0.00E+00 5.62E-14 8.18E-14 4.80E-08 8.18E-14 0.00E+00 0.00E+00 3.24E-10 0.00E+00 0.00E+00 1.91E-13 0.00E+00 1.83E-12 0.00E+00 0.00E+00 0.00E+00 0.00E+00 0.00E+00
  1.22E+06 0.00E+00 2.76E-14 4.02E-14 2.50E-08 4.02E-14 0.00E+00 0.00E+00 1.59E-10 0.00E+00 0.00E+00 9.39E-14 0.00E+00 8.98E-13 0.00E+00 0.00E+00 0.00E+00 0.00E+00 0.00E+00
  1.32E+06 0.00E+00 1.31E-14 1.90E-14 1.22E-08 1.90E-14 0.00E+00 0.00E+00 7.52E-11 0.00E+00 0.00E+00 4.44E-14 0.00E+00 4.25E-13 0.00E+00 0.00E+00 0.00E+00 0.00E+00 0.00E+00

     Z        CH3SO2   CH3SO3   CH4SO2   C2H6SO   C2H7SO   SO4AER   S8AER   
  2.50E+04 0.00E+00 0.00E+00 0.00E+00 2.19E-07 0.00E+00 2.37E-06 2.37E-06
  1.25E+05 0.00E+00 0.00E+00 0.00E+00 2.40E-07 0.00E+00 2.42E-06 2.42E-06
  2.25E+05 0.00E+00 0.00E+00 0.00E+00 1.76E-07 0.00E+00 1.34E-06 1.34E-06
  3.25E+05 0.00E+00 0.00E+00 0.00E+00 1.25E-07 0.00E+00 8.20E-07 8.20E-07
  4.25E+05 0.00E+00 0.00E+00 0.00E+00 8.66E-08 0.00E+00 5.84E-07 5.84E-07
  5.25E+05 0.00E+00 0.00E+00 0.00E+00 5.77E-08 0.00E+00 4.50E-07 4.50E-07
  6.25E+05 0.00E+00 0.00E+00 0.00E+00 3.69E-08 0.00E+00 3.62E-07 3.62E-07
  7.25E+05 0.00E+00 0.00E+00 0.00E+00 2.26E-08 0.00E+00 2.93E-07 2.93E-07
  8.25E+05 0.00E+00 0.00E+00 0.00E+00 1.32E-08 0.00E+00 2.35E-07 2.35E-07
  9.25E+05 0.00E+00 0.00E+00 0.00E+00 7.37E-09 0.00E+00 1.81E-07 1.81E-07
  1.02E+06 0.00E+00 0.00E+00 0.00E+00 3.93E-09 0.00E+00 1.21E-07 1.21E-07
  1.12E+06 0.00E+00 0.00E+00 0.00E+00 2.01E-09 0.00E+00 7.13E-08 7.13E-08
  1.22E+06 0.00E+00 0.00E+00 0.00E+00 9.90E-10 0.00E+00 3.83E-08 3.83E-08
  1.32E+06 0.00E+00 0.00E+00 0.00E+00 4.69E-10 0.00E+00 1.91E-08 1.91E-08

 RAINOUT RATE, PHIDEP, TLOSS, LOWER B.C. and vdep

 FOLLOWED BY TP, TL, FUP, FLOW, CON


     Z        O        O2       H2O      H        OH       HO2      H2O2     H2       CO       HCO      H2CO     CH3O     CH2OH    CH3O2    CH3OOH   CH4      CH3      C2H6    
           0.00E+00 5.55E+11 0.00E+00 0.00E+00 1.11E+04 6.26E+07 4.56E+09 6.29E+05 3.22E+04 0.00E+00 1.21E+09 0.00E+00 0.00E+00 2.15E+05 4.86E+08 2.31E+06 0.00E+00 9.33E+02
           1.03E+03 0.00E+00 0.00E+00 4.46E-02 1.55E+06 1.43E+08 1.31E+09 0.00E+00 1.24E+10 3.41E-03 7.76E+08 0.00E+00 0.00E+00 0.00E+00 0.00E+00 0.00E+00 0.00E+00 0.00E+00
           1.03E+03 5.55E+11 0.00E+00 4.46E-02 1.56E+06 2.06E+08 5.87E+09 6.29E+05 1.24E+10 3.41E-03 1.99E+09 0.00E+00 0.00E+00 2.15E+05 4.86E+08 2.31E+06 0.00E+00 9.33E+02
              0        1        0        0        0        0        0        1        3        0        3        0        0        0        0        1        0        2
           1.00E+00 0.00E+00 0.00E+00 1.00E+00 1.00E+00 1.00E+00 2.00E-01 0.00E+00 3.00E-02 1.00E+00 2.00E-01 0.00E+00 0.00E+00 0.00E+00 0.00E+00 0.00E+00 0.00E+00 0.00E+00

           2.24E+15 2.41E+15 2.77E+10 2.99E+12 3.64E+12 2.53E+12 2.93E+10 3.61E+10 8.38E+10 4.72E+10 8.37E+10 6.37E+10 1.08E+08 1.22E+11 6.78E+10 3.85E+01 8.14E+10 7.52E-04
           2.24E+15 2.41E+15 2.17E+10 2.99E+12 3.64E+12 2.53E+12 2.80E+10 5.02E+10 7.14E+10 4.72E+10 8.29E+10 6.37E+10 1.08E+08 1.22E+11 6.78E+10 7.67E+10 8.14E+10 9.00E+08
          -6.60E-03-4.17E-05 1.16E-09 1.06E+08 1.54E-05 4.41E-07 5.33E-20 5.85E+07-5.31E-07-8.68E-09-4.65E-09-1.01E-10-1.01E-10 3.32E-13-5.02E-16 2.08E-11-4.41E-09 6.22E-22
          -1.03E+03 7.31E+11 2.55E+12-6.62E-02-1.55E+06-1.43E+08-1.31E+09 1.41E+10-1.24E+10-1.15E-02-7.76E+08-4.89E-03 8.62E-08-3.27E-02-1.79E-02 7.67E+10-1.66E-02 9.00E+08
          -1.33E+03 5.30E+03 2.56E+12-5.23E-02-7.97E-01-3.16E-02 9.23E-03-6.59E-02-1.56E-02-3.59E-02 3.34E-02-1.31E-02-2.44E-04-3.27E-02-1.00E-02-1.11E-01-1.85E-02 2.04E-04

     Z        NO       NO2      HNO      H2S      HS       S        SO       SO2      H2SO4    HSO      S2       S4       S8       SO3      OCS      S3       O3       HNO3    
           1.43E+01 1.80E+02 0.00E+00 6.44E+02 1.78E+04 0.00E+00 2.67E-07 6.08E+08 2.39E+08 4.05E+05 0.00E+00 0.00E+00 0.00E+00 2.07E+00 1.70E+04 0.00E+00 0.00E+00 9.94E+08
           6.48E+05 3.36E+05 6.02E+05 3.85E+06 0.00E+00 0.00E+00 0.00E+00 2.47E+09 6.09E+08 3.05E+06 0.00E+00 0.00E+00 0.00E+00 0.00E+00 0.00E+00 0.00E+00 0.00E+00 1.83E+08
           6.48E+05 3.36E+05 6.02E+05 3.85E+06 1.78E+04 0.00E+00 2.67E-07 3.08E+09 8.49E+08 3.45E+06 0.00E+00 0.00E+00 0.00E+00 2.07E+00 1.70E+04 0.00E+00 0.00E+00 1.18E+09
              3        0        0        2        0        0        0        3        2        0        0        0        0        0        1        0        0        0
           1.60E-02 3.00E-03 1.00E+00 2.00E-02 0.00E+00 0.00E+00 0.00E+00 1.00E+00 1.00E+00 1.00E+00 0.00E+00 0.00E+00 0.00E+00 0.00E+00 0.00E+00 0.00E+00 0.00E+00 2.00E-01

           2.37E+13 2.38E+13 1.88E+08 1.27E+07 1.18E+10 4.31E+06 3.63E+08 6.39E+10 2.34E+10 1.18E+10 6.08E+03 5.81E-02 2.61E-18 2.34E+10 1.01E+07 1.61E-12 2.23E+15 1.07E+10
           2.37E+13 2.38E+13 1.88E+08 2.13E+08 1.18E+10 4.31E+06 3.63E+08 6.28E+10 2.41E+10 1.18E+10 6.08E+03 5.81E-02 2.61E-18 2.34E+10 1.56E+07 1.61E-12 2.23E+15 1.05E+10
          -1.93E-10-7.70E-11-1.32E-15-3.41E-32-3.80E-19-7.95E-09-8.56E-09-3.88E-09-2.22E-20-3.31E-15-1.54E-31-8.06E-34-5.27E-39-5.14E-14-2.12E-24-8.45E-53-2.07E-04-8.50E-26
          -6.48E+05-3.36E+05-6.02E+05 2.00E+08-7.17E-03-8.34E-09-3.68E-05-2.47E+09 7.00E+08-3.05E+06 4.99E-10 1.10E-13 6.59E-30-5.93E-03 5.43E+06 2.57E-25 4.29E+00-1.83E+08
          -9.09E-01 9.57E-01-6.46E-06 1.24E-04-7.17E-03-1.69E-05-1.44E-04-1.43E+09-5.89E-03-7.15E-03 1.67E-08 1.34E-13 1.34E-28-5.91E-03 2.96E-06 2.52E-25 1.34E+03 1.70E-02

     Z        N        NO3      N2O      HO2NO2   N2O5     NH       NH2      NH3      CO2      CS       CS2      HCS      C2H6S    C2H5S    C2H5SO   C2H5SO2  CH3S     CH3SO   
           0.00E+00 3.28E-02 1.75E+07 1.88E+07 1.61E-02 0.00E+00 0.00E+00 1.50E+10 0.00E+00 0.00E+00 4.43E+02 0.00E+00 4.03E+04 0.00E+00 0.00E+00 0.00E+00 0.00E+00 0.00E+00
           0.00E+00 0.00E+00 0.00E+00 1.88E+05 0.00E+00 0.00E+00 0.00E+00 0.00E+00 0.00E+00 0.00E+00 0.00E+00 0.00E+00 0.00E+00 0.00E+00 0.00E+00 0.00E+00 0.00E+00 0.00E+00
           0.00E+00 3.28E-02 1.75E+07 1.90E+07 1.61E-02 0.00E+00 0.00E+00 1.50E+10 0.00E+00 0.00E+00 4.43E+02 0.00E+00 4.03E+04 0.00E+00 0.00E+00 0.00E+00 0.00E+00 0.00E+00
              0        0        1        0        0        0        0        2        1        0        2        0        2        0        0        0        0        0
           0.00E+00 0.00E+00 0.00E+00 2.00E-01 0.00E+00 0.00E+00 0.00E+00 0.00E+00 0.00E+00 0.00E+00 0.00E+00 0.00E+00 0.00E+00 0.00E+00 0.00E+00 0.00E+00 0.00E+00 0.00E+00

           1.31E+08 3.19E+10 4.31E+05 1.79E+10 1.80E+08 0.00E+00 0.00E+00 0.00E+00 7.22E+11 1.98E+07 2.35E+09 2.64E-09 0.00E+00 2.46E+09 2.46E+09 2.46E+09 2.46E+09 2.46E+09
           1.31E+08 3.19E+10 1.21E+09 1.79E+10 1.80E+08 0.00E+00 0.00E+00 1.50E+10 6.52E+11 1.98E+07 2.37E+09 2.64E-09 3.30E+09 2.46E+09 2.46E+09 2.46E+09 2.46E+09 2.46E+09
          -1.90E-10-4.24E-17 5.90E-14-8.34E-29-1.18E-37-3.47E-41-2.15E-40-1.10E-09-2.21E-06-3.14E-23-4.58E-33-3.20E-23-7.82E-79-1.21E-77-2.10E-76-1.10E-77-2.10E-76-2.13E-76
          -3.64-221 1.42E-04 1.21E+09-1.88E+05 3.85E-07-8.05E-36 7.58E-36 1.50E+10-7.02E+10-3.47E-07 2.00E+07 4.37E-23 3.30E+09-6.58E-04-5.71E-04-2.00E-03-1.79E-03-1.79E-03
          -5.23E-06 8.02E-04-1.16E-02 4.51E-03 2.10E-04-8.05E-36 7.58E-36-2.19E-04-9.75E+00-2.03E-05 1.65E-04 8.27E-24 2.45E-03-6.56E-04-5.71E-04-2.01E-03-1.79E-03-1.79E-03

     Z        CH3SO2   CH3SO3   CH4SO2   C2H6SO   C2H7SO   SO4AER   S8AER   
           0.00E+00 0.00E+00 0.00E+00 1.73E+06 0.00E+00 2.32E+09 1.69E-19
           0.00E+00 0.00E+00 0.00E+00 0.00E+00 0.00E+00 3.43E+07 2.59E-21
           0.00E+00 0.00E+00 0.00E+00 1.73E+06 0.00E+00 2.35E+09 1.72E-19
              0        0        0        0        0        0        0
           0.00E+00 0.00E+00 0.00E+00 0.00E+00 0.00E+00 1.03E-02 1.05E-02

           3.30E+09 4.73E+07 8.34E+08 8.36E+08 8.36E+08 2.35E+09 0.00E+00
           3.30E+09 4.73E+07 8.34E+08 8.36E+08 8.36E+08 2.32E+09 1.69E-19
          -2.64E-76-1.37E-82-2.74E-78-4.15E-78-4.12E-78-7.78E-23-9.19E-23
          -8.18E-04 1.13E-05 3.21E-04 3.27E-04-2.26E-04-3.54E+07 2.92E-20
          -8.17E-04 1.13E-05 3.20E-04 3.28E-04-2.26E-04-2.46E-04-1.40E-19

 CONSERVATION OF SULFUR:
     S loss = 5.675E+09  S prod = 5.675428E+09  SO4LOS = 3.199394E+09  8 S8LOSS = 1.375258E-18  sulrain = 3.166E+09   Difference =-2.973E-02

                    OxidOut = -7.2990E-03
                    RedOut  =  1.1129E+08
                       / \
                      /\
  OxidUp = 8.3724E-06 |
  RedUp  = 1.1129E+08 | |
-----------------------|-|----------------
                       | | OxidDown = -7.3074E-03
                         | RedDown  = -5.9572E-07
                         \/
/\
 | OxidDist = 2.3700E+09
 | RedDist  = 5.0832E+10
 |                             /\
 | | OxidRain = 1.1208E+12     | OxidAtm = 1.4630E+12
 | | RedRain  = 2.5923E+10     | RedAtm  = 3.8015E+11
---|--------------------------|-|---------
  \/  OxidOcean = -2.0247E+09| |
      RedOcean  = -1.3958E+10|
                             \/
                              \ /
                         OxidFlow =  1.4609E+12
                         RedFlow  =  3.6619E+11

    global imbalance (ocean)    =  1.1128E+08
    global imbalance (dist-fup) = -4.8351E+10

old redox budget numbers:
     OxidIn = 1.463303E+12  OxidOut =-7.299048E-03  RedIn = 4.170256E+11  RedOut = 1.112921E+08  RedRain = 2.592261E+10  OxidRain = 1.120773E+12   redox = 4.846199E+10

 INTEGRATED REACTION RATES

         1         2         3         4         5         6         7         8         9        10
  1   9.817E+10 7.598E+08 4.567E+07 4.935E+10 1.037E+12 1.944E+12 3.841E+08 8.908E+07 4.008E+09 2.841E+12   10
 11   3.958E+10 4.410E+11 1.348E+10 1.916E+12 9.872E+10 2.925E+10 7.365E+10 2.231E+15 1.163E+12 1.150E+10   20
 21   1.150E+10 4.021E+08 5.024E+14 1.682E+14 9.678E-75 6.705E-10 2.374E+03 3.192E+03 9.987E+02 2.471E-08   30
 31   1.809E+01 2.302E+05 2.302E+05 7.137E+10 2.495E+05 4.235E-08 0.000E+00 1.257E+04 1.490E+05 4.716E+10   40
 41   1.082E+08 6.367E+10 2.414E+10 1.598E+05 2.529E+07 2.340E+08 2.065E+06 7.557E+10 8.040E+08 1.082E+08   50
 51   1.082E+08 5.411E+07 1.630E-12 1.836E+06 2.007E+06 0.000E+00 0.000E+00 2.623E+06 5.607E+03 6.031E+06   60
 61   7.515E-04 3.847E+01 4.932E-06 4.077E-04 3.231E-05 8.144E+10 5.427E+10 6.775E+10 4.058E+10 1.739E+10   70
 71   6.971E+04 2.444E-03 1.154E+08 0.000E+00 2.537E+06 1.175E+07 2.334E+13 6.462E+09 3.217E+11 5.631E+09   80
 81   2.502E+12 1.071E+10 1.635E+08 2.723E+09 1.459E+02 1.791E+08 1.832E+00 8.061E+04 8.594E+06 5.629E+07   90
 91   3.643E+07 9.166E+01 7.808E+01 9.355E+04 3.255E+01 8.999E+08 2.025E+03 8.290E+04 5.705E-08 4.925E-03  100
101   2.333E-03 8.509E-12 2.345E-07 9.000E+08 1.264E+04 4.055E+04 3.499E+08 2.286E+05 7.301E+04 1.991E+06  110
111   1.844E+09 1.131E+05 2.338E+10 2.148E+10 9.332E+02 1.844E+09 0.000E+00 0.000E+00 0.000E+00 2.127E+08  120
121   9.966E-01 5.466E+02 1.950E+03 0.000E+00 1.266E+07 7.112E+03 6.052E-04 9.493E-03 1.478E-09 4.311E+06  130
131   3.555E-01 1.318E-09 1.087E-02 1.087E-02 6.305E-18 1.490E+01 0.000E+00 0.000E+00 1.605E-12 5.812E-02  140
141   3.781E-32 2.610E-18 5.415E+09 5.415E+10 6.963E+06 1.021E+08 1.152E+05 1.747E+00 5.978E+09 2.277E+07  150
151   2.266E-01 2.136E+06 7.237E+06 1.521E+05 1.172E+10 1.266E+07 6.959E+07 3.170E+02 3.669E-02 1.356E-02  160
161   0.000E+00 4.531E-04 2.059E+01 1.883E+08 2.066E+07 7.601E-01 3.800E-01 1.703E+04 8.196E+03 1.159E+10  170
171   7.005E-08 1.944E+00 3.184E-04 7.041E+05 2.016E+00 2.970E-05 1.236E+07 0.000E+00 4.579E-07 3.557E+07  180
181   0.000E+00 6.509E+11 0.000E+00 1.650E-05 1.569E-20 0.000E+00 0.000E+00 1.650E-05 1.796E+08 9.021E+06  190
191   7.904E+09 1.117E+10 1.533E+07 1.030E-03 4.306E+05 0.000E+00 5.924E+07 9.269E+07 4.277E+05 3.080E+04  200
201   1.795E+08 2.404E+06 3.312E+04 5.889E+04 1.741E+10 4.369E-01 1.790E+10 8.574E+04 2.765E+09 1.322E+10  210
211   1.473E+06 1.659E+07 5.401E+06 6.751E+05 4.587E+06 4.587E+06 4.587E+06 2.537E+05 2.378E+04 1.331E+05  220
221   5.325E+07 5.325E+07 2.301E+09 1.958E+07 2.343E-04 1.261E-02 2.836E-10 2.360E-09 7.093E-20 3.223E-04  230
231   6.017E-23 8.435E-23 1.550E-15 2.360E-09 2.835E-10 3.547E-20 6.075E+03 3.868E-03 1.938E+00 1.011E-09  240
241   1.424E-01 2.459E+09 8.362E+08 4.365E+06 2.464E+09 2.464E+09 2.464E+09 2.455E+09 8.384E+06 2.436E+09  250
251   2.767E+07 4.718E+07 9.827E+04 3.251E+09 4.728E+07 8.362E+08 8.345E+08 8.345E+08 2.885E+11 6.332E+12  260
261   1.454E+09 6.249E+07 9.372E+07 6.710E+14 1.533E+15 1.684E+11 9.920E+09 6.066E+08 5.400E+08 3.545E+10  270
271   2.188E+10 2.836E+09 3.842E+06 4.168E+06 7.099E+05 9.959E+02 8.937E-05 2.234E-05 5.873E+09 6.531E+09  280
281   1.643E+08 1.179E+08 1.305E+08 2.642E+09 2.122E+13 1.773E+06 2.360E+00 1.438E+08 5.967E+10 5.797E+08  290
291   5.276E+06 6.060E+03 5.812E-02 1.605E-12 0.000E+00 0.000E+00 2.610E-18 3.563E+05 7.508E+00 2.490E+06  300
301   2.723E+09 2.085E+10 1.040E+09 1.516E+09 3.856E+08 2.953E+07 1.475E+08 9.297E+09 5.361E+03 2.320E+09
         1         2         3         4         5         6         7         8         9        10

 PHOTOCHEMICAL EQUILIBRIUM AND INERT SPECIES

     Z        HNO2     O1D      CH21     CH23     C2H5     SO21     SO23     HSO3     OCS2     CS2X    
  2.50E+04 8.79E+05 3.69E-03 4.05E-40 4.22E-39 5.46E-05 3.61E-04 2.70E-03 1.76E-03 2.59E-11 7.40E-06
  1.25E+05 9.83E+05 4.42E-03 5.99E-38 6.59E-37 4.76E-05 5.24E-04 3.90E-03 2.38E-03 1.76E-11 7.03E-06
  2.25E+05 1.17E+06 5.49E-03 6.82E-36 7.89E-35 4.29E-05 4.69E-04 3.48E-03 2.09E-03 1.56E-11 6.49E-06
  3.25E+05 1.41E+06 6.91E-03 5.50E-34 6.70E-33 3.92E-05 3.76E-04 2.77E-03 1.68E-03 1.49E-11 5.87E-06
  4.25E+05 1.67E+06 8.63E-03 3.03E-32 3.90E-31 3.45E-05 2.92E-04 2.15E-03 1.28E-03 1.44E-11 5.26E-06
  5.25E+05 1.92E+06 1.06E-02 1.18E-30 1.62E-29 2.95E-05 2.28E-04 1.68E-03 9.56E-04 1.39E-11 4.70E-06
  6.25E+05 1.98E+06 1.26E-02 3.28E-29 4.85E-28 2.41E-05 1.82E-04 1.33E-03 7.06E-04 1.33E-11 4.20E-06
  7.25E+05 1.79E+06 1.48E-02 6.51E-28 1.04E-26 1.84E-05 1.49E-04 1.09E-03 5.08E-04 1.26E-11 3.76E-06
  8.25E+05 1.68E+06 1.72E-02 9.85E-27 1.73E-25 1.40E-05 1.24E-04 9.08E-04 3.74E-04 1.19E-11 3.35E-06
  9.25E+05 1.86E+06 2.00E-02 1.21E-25 2.33E-24 1.10E-05 1.05E-04 7.64E-04 2.91E-04 1.11E-11 2.96E-06
  1.02E+06 2.20E+06 2.33E-02 1.19E-24 2.53E-23 8.75E-06 8.86E-05 6.44E-04 2.31E-04 1.04E-11 2.57E-06
  1.12E+06 2.43E+06 2.76E-02 9.13E-24 2.12E-22 6.79E-06 7.48E-05 5.43E-04 1.75E-04 9.64E-12 2.19E-06
  1.22E+06 2.39E+06 3.31E-02 5.55E-23 1.39E-21 5.14E-06 6.35E-05 4.61E-04 1.26E-04 8.91E-12 1.81E-06
  1.32E+06 2.14E+06 4.02E-02 2.76E-22 7.33E-21 3.88E-06 5.47E-05 3.96E-04 8.84E-05 8.26E-12 1.48E-06
  1.42E+06 1.88E+06 4.90E-02 1.20E-21 3.34E-20 3.07E-06 4.79E-05 3.46E-04 6.48E-05 7.86E-12 1.19E-06
  1.52E+06 1.68E+06 6.08E-02 4.66E-21 1.36E-19 2.59E-06 4.22E-05 3.05E-04 4.99E-05 8.13E-12 9.49E-07
  1.62E+06 1.52E+06 7.95E-02 1.64E-20 4.90E-19 2.26E-06 3.68E-05 2.66E-04 3.84E-05 9.82E-12 7.18E-07
  1.72E+06 1.42E+06 1.16E-01 5.40E-20 1.63E-18 2.04E-06 3.08E-05 2.22E-04 2.82E-05 1.39E-11 4.76E-07
  1.82E+06 1.32E+06 1.98E-01 1.71E-19 5.10E-18 1.83E-06 2.45E-05 1.77E-04 1.90E-05 2.12E-11 2.41E-07
  1.92E+06 1.21E+06 3.62E-01 5.46E-19 1.57E-17 1.65E-06 2.02E-05 1.45E-04 1.32E-05 3.31E-11 8.16E-08
  2.02E+06 1.11E+06 6.18E-01 1.76E-18 4.88E-17 1.51E-06 2.02E-05 1.45E-04 1.17E-05 5.19E-11 1.80E-08
  2.12E+06 1.04E+06 9.60E-01 5.61E-18 1.50E-16 1.42E-06 2.52E-05 1.80E-04 1.35E-05 7.88E-11 2.70E-09
  2.22E+06 1.01E+06 1.40E+00 1.74E-17 4.51E-16 1.36E-06 3.51E-05 2.50E-04 1.79E-05 1.12E-10 2.76E-10
  2.32E+06 1.01E+06 1.95E+00 5.22E-17 1.32E-15 1.32E-06 4.99E-05 3.54E-04 2.47E-05 1.46E-10 1.84E-11
  2.42E+06 1.05E+06 2.66E+00 1.53E-16 3.76E-15 1.29E-06 6.97E-05 4.92E-04 3.41E-05 1.75E-10 7.72E-13
  2.52E+06 1.13E+06 3.58E+00 4.36E-16 1.04E-14 1.26E-06 9.46E-05 6.65E-04 4.60E-05 1.91E-10 1.96E-14
  2.62E+06 1.24E+06 4.76E+00 1.21E-15 2.82E-14 1.22E-06 1.24E-04 8.65E-04 6.01E-05 1.90E-10 2.96E-16
  2.72E+06 1.38E+06 6.25E+00 3.25E-15 7.36E-14 1.17E-06 1.55E-04 1.08E-03 7.53E-05 1.70E-10 2.65E-18
  2.82E+06 1.54E+06 8.14E+00 8.44E-15 1.86E-13 1.11E-06 1.87E-04 1.29E-03 8.98E-05 1.35E-10 1.42E-20
  2.92E+06 1.70E+06 1.05E+01 2.11E-14 4.54E-13 1.01E-06 2.15E-04 1.48E-03 1.01E-04 9.50E-11 4.70E-23
  3.02E+06 1.84E+06 1.34E+01 5.08E-14 1.06E-12 8.96E-07 2.36E-04 1.61E-03 1.07E-04 5.79E-11 9.86E-26
  3.12E+06 1.91E+06 1.70E+01 1.17E-13 2.39E-12 7.67E-07 2.49E-04 1.69E-03 1.05E-04 3.02E-11 1.35E-28
  3.22E+06 1.92E+06 2.14E+01 2.60E-13 5.15E-12 6.34E-07 2.51E-04 1.69E-03 9.64E-05 1.32E-11 1.27E-31
  3.32E+06 1.84E+06 2.65E+01 5.55E-13 1.06E-11 5.08E-07 2.45E-04 1.64E-03 8.34E-05 4.81E-12 4.34E-34
  3.42E+06 1.70E+06 3.24E+01 1.14E-12 2.10E-11 3.96E-07 2.36E-04 1.57E-03 6.94E-05 1.43E-12 1.83E-34
  3.52E+06 1.52E+06 3.92E+01 2.23E-12 3.98E-11 3.01E-07 2.31E-04 1.53E-03 5.76E-05 3.46E-13 8.44E-35
  3.62E+06 1.33E+06 4.70E+01 4.21E-12 7.24E-11 2.23E-07 2.36E-04 1.55E-03 4.95E-05 6.79E-14 3.44E-35
  3.72E+06 1.14E+06 5.60E+01 7.66E-12 1.27E-10 1.63E-07 2.57E-04 1.67E-03 4.54E-05 1.11E-14 1.26E-35
  3.82E+06 9.71E+05 6.63E+01 1.35E-11 2.17E-10 1.17E-07 2.97E-04 1.91E-03 4.42E-05 1.63E-15 4.46E-36
  3.92E+06 8.19E+05 7.85E+01 2.32E-11 3.60E-10 8.23E-08 3.54E-04 2.26E-03 4.48E-05 2.71E-16 1.89E-36
  4.02E+06 6.86E+05 9.30E+01 3.89E-11 5.86E-10 5.70E-08 4.25E-04 2.69E-03 4.60E-05 6.08E-17 1.13E-36
  4.12E+06 5.71E+05 1.10E+02 6.38E-11 9.31E-10 3.87E-08 5.06E-04 3.16E-03 4.73E-05 1.60E-17 8.23E-37
  4.22E+06 4.68E+05 1.30E+02 1.02E-10 1.44E-09 2.56E-08 5.94E-04 3.67E-03 4.78E-05 4.02E-18 5.84E-37
  4.32E+06 3.75E+05 1.52E+02 1.56E-10 2.16E-09 1.64E-08 6.85E-04 4.17E-03 4.74E-05 9.01E-19 3.72E-37
  4.42E+06 2.93E+05 1.73E+02 2.29E-10 3.11E-09 1.01E-08 7.76E-04 4.66E-03 4.58E-05 1.78E-19 2.06E-37
  4.52E+06 2.22E+05 1.93E+02 3.21E-10 4.28E-09 6.10E-09 8.65E-04 5.11E-03 4.31E-05 3.15E-20 9.94E-38
  4.62E+06 1.63E+05 2.07E+02 4.29E-10 5.65E-09 3.59E-09 9.49E-04 5.51E-03 3.95E-05 5.04E-21 4.16E-38
  4.72E+06 1.18E+05 2.17E+02 5.50E-10 7.20E-09 2.10E-09 1.03E-03 5.86E-03 3.55E-05 7.46E-22 1.50E-38
  4.82E+06 8.31E+04 2.21E+02 6.81E-10 8.88E-09 1.22E-09 1.10E-03 6.14E-03 3.14E-05 1.04E-22 4.72E-39
  4.92E+06 5.78E+04 2.20E+02 8.19E-10 1.07E-08 7.22E-10 1.16E-03 6.35E-03 2.75E-05 1.40E-23 1.29E-39
  5.02E+06 3.99E+04 2.16E+02 9.62E-10 1.26E-08 4.33E-10 1.21E-03 6.49E-03 2.39E-05 1.84E-24 3.07E-40
  5.12E+06 2.74E+04 2.09E+02 1.11E-09 1.47E-08 2.65E-10 1.26E-03 6.57E-03 2.07E-05 2.38E-25 6.46E-41
  5.22E+06 1.87E+04 2.00E+02 1.26E-09 1.68E-08 1.66E-10 1.30E-03 6.59E-03 1.79E-05 3.11E-26 1.31E-41
  5.32E+06 1.27E+04 1.91E+02 1.40E-09 1.91E-08 1.07E-10 1.33E-03 6.55E-03 1.55E-05 4.12E-27 4.07E-42
  5.42E+06 8.59E+03 1.81E+02 1.55E-09 2.15E-08 7.10E-11 1.35E-03 6.46E-03 1.34E-05 5.69E-28 3.72E-42
  5.52E+06 5.80E+03 1.70E+02 1.70E-09 2.41E-08 4.84E-11 1.37E-03 6.32E-03 1.16E-05 9.11E-29 5.57E-42
  5.62E+06 3.90E+03 1.60E+02 1.85E-09 2.74E-08 3.39E-11 1.37E-03 6.14E-03 1.01E-05 2.62E-29 9.22E-42
  5.72E+06 2.62E+03 1.50E+02 2.02E-09 3.29E-08 2.44E-11 1.37E-03 5.93E-03 8.74E-06 1.91E-29 1.68E-41
  5.82E+06 1.75E+03 1.39E+02 2.26E-09 4.59E-08 1.81E-11 1.37E-03 5.68E-03 7.59E-06 2.09E-29 3.61E-41
  5.92E+06 1.17E+03 1.30E+02 2.68E-09 8.04E-08 1.38E-11 1.36E-03 5.40E-03 6.63E-06 2.47E-29 9.87E-41
  6.02E+06 7.79E+02 1.21E+02 3.57E-09 1.69E-07 1.08E-11 1.34E-03 5.11E-03 5.80E-06 2.97E-29 3.22E-40
  6.12E+06 5.17E+02 1.11E+02 5.44E-09 3.77E-07 8.59E-12 1.31E-03 4.80E-03 5.08E-06 3.58E-29 1.11E-39
  6.22E+06 3.42E+02 1.03E+02 9.14E-09 8.17E-07 7.02E-12 1.28E-03 4.48E-03 4.44E-06 4.31E-29 3.76E-39
  6.32E+06 2.26E+02 9.43E+01 1.59E-08 1.67E-06 5.86E-12 1.25E-03 4.15E-03 3.89E-06 5.20E-29 1.21E-38
  6.42E+06 1.48E+02 8.62E+01 2.74E-08 3.16E-06 4.98E-12 1.20E-03 3.82E-03 3.40E-06 6.23E-29 3.68E-38
  6.52E+06 9.67E+01 7.85E+01 4.71E-08 5.64E-06 4.32E-12 1.16E-03 3.50E-03 2.97E-06 7.42E-29 1.05E-37
  6.62E+06 6.29E+01 7.12E+01 8.78E-08 9.70E-06 3.81E-12 1.10E-03 3.18E-03 2.58E-06 8.77E-29 2.91E-37
  6.72E+06 4.09E+01 6.44E+01 2.02E-07 1.72E-05 3.41E-12 1.05E-03 2.86E-03 2.24E-06 1.03E-28 8.38E-37
  6.82E+06 2.65E+01 5.81E+01 5.72E-07 3.39E-05 3.10E-12 9.84E-04 2.57E-03 1.94E-06 1.19E-28 2.67E-36
  6.92E+06 1.73E+01 5.21E+01 1.71E-06 7.72E-05 2.86E-12 9.19E-04 2.28E-03 1.68E-06 1.36E-28 9.66E-36
  7.02E+06 1.14E+01 4.62E+01 4.82E-06 1.89E-04 2.67E-12 8.51E-04 2.01E-03 1.47E-06 1.53E-28 3.72E-35
  7.12E+06 7.62E+00 4.02E+01 1.22E-05 4.57E-04 2.54E-12 7.81E-04 1.76E-03 1.30E-06 1.68E-28 1.38E-34
  7.22E+06 5.26E+00 3.40E+01 2.75E-05 1.03E-03 2.50E-12 7.11E-04 1.53E-03 1.18E-06 1.77E-28 4.60E-34
  7.32E+06 3.77E+00 2.80E+01 5.56E-05 2.12E-03 2.54E-12 6.41E-04 1.32E-03 1.10E-06 1.79E-28 1.36E-33
  7.42E+06 2.77E+00 2.27E+01 1.02E-04 3.98E-03 2.67E-12 5.75E-04 1.14E-03 1.05E-06 1.71E-28 3.42E-33
  7.52E+06 2.04E+00 1.85E+01 1.70E-04 6.83E-03 2.91E-12 5.12E-04 9.77E-04 9.90E-07 1.55E-28 7.21E-33
  7.62E+06 1.49E+00 1.53E+01 2.61E-04 1.08E-02 3.22E-12 4.54E-04 8.34E-04 9.24E-07 1.35E-28 1.30E-32
  7.72E+06 1.07E+00 1.30E+01 3.73E-04 1.58E-02 3.55E-12 4.00E-04 7.10E-04 8.43E-07 1.15E-28 2.02E-32
  7.82E+06 7.41E-01 1.14E+01 4.97E-04 2.14E-02 3.93E-12 3.49E-04 6.02E-04 7.43E-07 9.57E-29 2.68E-32
  7.92E+06 4.88E-01 1.06E+01 6.22E-04 2.71E-02 4.19E-12 3.02E-04 5.05E-04 6.16E-07 8.14E-29 3.05E-32
  8.02E+06 2.64E-01 1.19E+01 7.34E-04 3.24E-02 3.83E-12 2.51E-04 4.11E-04 4.09E-07 7.66E-29 3.05E-32
  8.12E+06 1.06E-01 1.68E+01 8.24E-04 3.64E-02 3.15E-12 1.97E-04 3.14E-04 1.92E-07 7.91E-29 2.66E-32
  8.22E+06 3.74E-02 2.63E+01 8.81E-04 3.88E-02 3.11E-12 1.48E-04 2.32E-04 7.76E-08 7.57E-29 2.03E-32
  8.32E+06 1.36E-02 4.06E+01 9.03E-04 3.94E-02 3.39E-12 1.12E-04 1.71E-04 3.27E-08 6.13E-29 1.45E-32
  8.42E+06 5.21E-03 5.96E+01 8.91E-04 3.82E-02 3.32E-12 8.50E-05 1.29E-04 1.48E-08 4.21E-29 1.03E-32
  8.52E+06 2.07E-03 8.28E+01 8.50E-04 3.55E-02 2.83E-12 6.58E-05 9.84E-05 7.08E-09 2.53E-29 7.39E-33
  8.62E+06 8.42E-04 1.09E+02 7.86E-04 3.17E-02 2.18E-12 5.16E-05 7.62E-05 3.54E-09 1.41E-29 5.49E-33
  8.72E+06 3.48E-04 1.38E+02 7.10E-04 2.73E-02 1.55E-12 4.05E-05 5.93E-05 1.82E-09 7.72E-30 4.21E-33
  8.82E+06 1.44E-04 1.66E+02 6.28E-04 2.27E-02 1.05E-12 3.19E-05 4.62E-05 9.40E-10 4.27E-30 3.33E-33
  8.92E+06 5.95E-05 1.92E+02 5.46E-04 1.82E-02 6.86E-13 2.49E-05 3.59E-05 4.85E-10 2.43E-30 2.69E-33
  9.02E+06 2.45E-05 2.13E+02 4.69E-04 1.43E-02 4.25E-13 1.92E-05 2.75E-05 2.51E-10 1.44E-30 2.23E-33
  9.12E+06 1.01E-05 2.30E+02 3.99E-04 1.09E-02 2.53E-13 1.46E-05 2.08E-05 1.29E-10 8.84E-31 1.90E-33
  9.22E+06 4.06E-06 2.40E+02 3.37E-04 8.17E-03 1.49E-13 1.09E-05 1.55E-05 6.46E-11 5.58E-31 1.64E-33
  9.32E+06 1.62E-06 2.47E+02 2.83E-04 6.06E-03 8.62E-14 8.01E-06 1.13E-05 3.19E-11 3.62E-31 1.45E-33
  9.42E+06 6.40E-07 2.56E+02 2.39E-04 4.49E-03 4.97E-14 5.75E-06 8.09E-06 1.55E-11 2.40E-31 1.31E-33
  9.52E+06 2.50E-07 2.74E+02 2.03E-04 3.35E-03 2.91E-14 4.04E-06 5.67E-06 7.33E-12 1.61E-31 1.22E-33
  9.62E+06 9.68E-08 3.19E+02 1.75E-04 2.55E-03 1.77E-14 2.78E-06 3.89E-06 3.36E-12 1.10E-31 1.18E-33
  9.72E+06 3.76E-08 4.25E+02 1.57E-04 2.02E-03 1.14E-14 1.87E-06 2.61E-06 1.50E-12 7.54E-32 1.20E-33
  9.82E+06 1.49E-08 6.78E+02 1.48E-04 1.71E-03 8.04E-15 1.23E-06 1.72E-06 6.50E-13 5.20E-32 1.31E-33
  9.92E+06 6.07E-09 1.48E+03 1.52E-04 1.58E-03 7.14E-15 7.97E-07 1.11E-06 2.70E-13 3.58E-32 1.59E-33

     Z        CS2OH    N2      
  2.50E+04 4.81E+15 1.89E+19
  1.25E+05 5.26E+15 1.72E+19
  2.25E+05 5.94E+15 1.56E+19
  3.25E+05 6.76E+15 1.41E+19
  4.25E+05 7.68E+15 1.27E+19
  5.25E+05 9.01E+15 1.14E+19
  6.25E+05 1.07E+16 1.03E+19
  7.25E+05 1.29E+16 9.21E+18
  8.25E+05 1.62E+16 8.25E+18
  9.25E+05 2.18E+16 7.37E+18
  1.02E+06 2.93E+16 6.55E+18
  1.12E+06 3.53E+16 5.78E+18
  1.22E+06 3.58E+16 5.06E+18
  1.32E+06 3.13E+16 4.39E+18
  1.42E+06 2.61E+16 3.79E+18
  1.52E+06 2.12E+16 3.26E+18
  1.62E+06 1.53E+16 2.79E+18
  1.72E+06 8.51E+15 2.37E+18
  1.82E+06 2.99E+15 2.00E+18
  1.92E+06 6.38E+14 1.68E+18
  2.02E+06 9.22E+13 1.41E+18
  2.12E+06 9.84E+12 1.19E+18
  2.22E+06 7.63E+11 1.01E+18
  2.32E+06 4.03E+10 8.56E+17
  2.42E+06 1.37E+09 7.27E+17
  2.52E+06 2.87E+07 6.17E+17
  2.62E+06 3.61E+05 5.25E+17
  2.72E+06 2.73E+03 4.47E+17
  2.82E+06 1.25E+01 3.81E+17
  2.92E+06 3.52E-02 3.26E+17
  3.02E+06 6.25E-05 2.78E+17
  3.12E+06 7.12E-08 2.38E+17
  3.22E+06 5.36E-11 2.04E+17
  3.32E+06 1.42E-13 1.75E+17
  3.42E+06 4.50E-14 1.50E+17
  3.52E+06 1.53E-14 1.29E+17
  3.62E+06 4.56E-15 1.11E+17
  3.72E+06 1.23E-15 9.51E+16
  3.82E+06 3.24E-16 8.21E+16
  3.92E+06 1.03E-16 7.09E+16
  4.02E+06 4.74E-17 6.14E+16
  4.12E+06 2.67E-17 5.33E+16
  4.22E+06 1.48E-17 4.63E+16
  4.32E+06 7.45E-18 4.03E+16
  4.42E+06 3.29E-18 3.52E+16
  4.52E+06 1.27E-18 3.08E+16
  4.62E+06 4.30E-19 2.70E+16
  4.72E+06 1.27E-19 2.38E+16
  4.82E+06 3.30E-20 2.09E+16
  4.92E+06 7.54E-21 1.84E+16
  5.02E+06 1.54E-21 1.63E+16
  5.12E+06 2.81E-22 1.44E+16
  5.22E+06 5.05E-23 1.27E+16
  5.32E+06 1.42E-23 1.13E+16
  5.42E+06 1.20E-23 9.99E+15
  5.52E+06 1.68E-23 8.84E+15
  5.62E+06 2.64E-23 7.83E+15
  5.72E+06 4.66E-23 6.93E+15
  5.82E+06 9.85E-23 6.13E+15
  5.92E+06 2.69E-22 5.42E+15
  6.02E+06 8.95E-22 4.79E+15
  6.12E+06 3.17E-21 4.23E+15
  6.22E+06 1.12E-20 3.73E+15
  6.32E+06 3.78E-20 3.29E+15
  6.42E+06 1.21E-19 2.89E+15
  6.52E+06 3.64E-19 2.54E+15
  6.62E+06 1.07E-18 2.22E+15
  6.72E+06 3.26E-18 1.95E+15
  6.82E+06 1.11E-17 1.70E+15
  6.92E+06 4.28E-17 1.48E+15
  7.02E+06 1.80E-16 1.29E+15
  7.12E+06 7.35E-16 1.12E+15
  7.22E+06 2.75E-15 9.70E+14
  7.32E+06 9.43E-15 8.39E+14
  7.42E+06 2.79E-14 7.24E+14
  7.52E+06 6.68E-14 6.22E+14
  7.62E+06 1.33E-13 5.34E+14
  7.72E+06 2.20E-13 4.58E+14
  7.82E+06 2.87E-13 3.90E+14
  7.92E+06 2.95E-13 3.33E+14
  8.02E+06 2.17E-13 2.83E+14
  8.12E+06 9.94E-14 2.40E+14
  8.22E+06 3.43E-14 2.03E+14
  8.32E+06 1.15E-14 1.72E+14
  8.42E+06 3.95E-15 1.46E+14
  8.52E+06 1.41E-15 1.23E+14
  8.62E+06 5.37E-16 1.05E+14
  8.72E+06 2.20E-16 8.87E+13
  8.82E+06 9.51E-17 7.53E+13
  8.92E+06 4.25E-17 6.40E+13
  9.02E+06 2.04E-17 5.44E+13
  9.12E+06 1.04E-17 4.64E+13
  9.22E+06 5.34E-18 3.95E+13
  9.32E+06 2.87E-18 3.37E+13
  9.42E+06 1.61E-18 2.87E+13
  9.52E+06 9.12E-19 2.45E+13
  9.62E+06 5.26E-19 2.09E+13
  9.72E+06 3.13E-19 1.78E+13
  9.82E+06 1.98E-19 1.51E+13
  9.92E+06 1.27E-19 1.28E+13

 ATMOSPHERIC PARAMETERS

    Z         T         EDD       DEN        P        H2OSAT     H2O       RELH     CONDEN    H FLUX
  2.500E+04 2.881E+02 1.217E+05 2.472E+19 9.831E-01 1.728E-02 1.209E-02 7.000E-01 0.000E+00 3.624E+11
  1.250E+05 2.832E+02 1.169E+05 2.233E+19 8.727E-01 1.407E-02 8.718E-03 6.197E-01 0.000E+00 2.864E+11
  2.250E+05 2.782E+02 1.150E+05 2.013E+19 7.729E-01 1.133E-02 6.200E-03 5.473E-01 0.000E+00 2.204E+11
  3.250E+05 2.733E+02 1.181E+05 1.811E+19 6.831E-01 9.017E-03 4.346E-03 4.820E-01 0.000E+00 1.645E+11
  4.250E+05 2.679E+02 1.255E+05 1.629E+19 6.022E-01 6.547E-03 2.771E-03 4.233E-01 0.000E+00 1.193E+11
  5.250E+05 2.620E+02 1.341E+05 1.464E+19 5.295E-01 4.440E-03 1.645E-03 3.704E-01 0.000E+00 8.449E+10
  6.250E+05 2.556E+02 1.411E+05 1.316E+19 4.642E-01 2.810E-03 9.076E-04 3.230E-01 0.000E+00 5.896E+10
  7.250E+05 2.487E+02 1.444E+05 1.182E+19 4.055E-01 1.652E-03 4.631E-04 2.803E-01 0.000E+00 4.174E+10
  8.250E+05 2.415E+02 1.408E+05 1.059E+19 3.529E-01 9.145E-04 2.214E-04 2.421E-01 0.000E+00 3.062E+10
  9.250E+05 2.344E+02 1.287E+05 9.455E+18 3.058E-01 4.855E-04 1.009E-04 2.079E-01 0.000E+00 2.336E+10
  1.025E+06 2.276E+02 1.117E+05 8.402E+18 2.638E-01 2.575E-04 4.568E-05 1.774E-01 0.000E+00 1.860E+10
  1.125E+06 2.216E+02 9.581E+04 7.414E+18 2.267E-01 1.450E-04 2.181E-05 1.504E-01 0.000E+00 1.561E+10
  1.225E+06 2.168E+02 8.437E+04 6.487E+18 1.941E-01 9.176E-05 1.163E-05 1.267E-01 0.000E+00 1.379E+10
  1.325E+06 2.131E+02 7.711E+04 5.633E+18 1.656E-01 6.565E-05 6.963E-06 1.061E-01 0.000E+00 1.268E+10
  1.425E+06 2.101E+02 7.031E+04 4.865E+18 1.410E-01 5.122E-05 5.165E-06 1.008E-01 6.857E-13 4.785E+12
  1.525E+06 2.077E+02 5.737E+04 4.182E+18 1.198E-01 4.288E-05 4.469E-06 1.042E-01 2.904E-12 2.179E+12
  1.625E+06 2.060E+02 3.786E+04 3.576E+18 1.017E-01 3.984E-05 4.082E-06 1.025E-01 1.570E-12 2.771E+11
  1.725E+06 2.055E+02 2.075E+04 3.038E+18 8.617E-02 4.399E-05 4.026E-06 9.153E-02 0.000E+00 2.226E+08
  1.825E+06 2.065E+02 1.137E+04 2.564E+18 7.306E-02 5.977E-05 4.039E-06 6.758E-02 0.000E+00 2.226E+08
  1.925E+06 2.085E+02 7.922E+03 2.156E+18 6.203E-02 9.312E-05 4.063E-06 4.363E-02 0.000E+00 2.226E+08
  2.025E+06 2.107E+02 7.238E+03 1.814E+18 5.275E-02 1.486E-04 4.097E-06 2.758E-02 0.000E+00 2.226E+08
  2.125E+06 2.127E+02 7.518E+03 1.531E+18 4.494E-02 2.289E-04 4.138E-06 1.808E-02 0.000E+00 2.226E+08
  2.225E+06 2.144E+02 8.094E+03 1.296E+18 3.834E-02 3.403E-04 4.182E-06 1.229E-02 0.000E+00 2.226E+08
  2.325E+06 2.161E+02 8.778E+03 1.098E+18 3.275E-02 4.979E-04 4.229E-06 8.494E-03 0.000E+00 2.226E+08
  2.425E+06 2.178E+02 9.529E+03 9.319E+17 2.801E-02 7.254E-04 4.279E-06 5.899E-03 0.000E+00 2.226E+08
  2.525E+06 2.196E+02 1.034E+04 7.917E+17 2.399E-02 1.061E-03 4.332E-06 4.085E-03 0.000E+00 2.226E+08
  2.625E+06 2.214E+02 1.121E+04 6.733E+17 2.057E-02 1.555E-03 4.387E-06 2.821E-03 0.000E+00 2.226E+08
  2.725E+06 2.232E+02 1.215E+04 5.734E+17 1.766E-02 2.273E-03 4.446E-06 1.956E-03 0.000E+00 2.226E+08
  2.825E+06 2.250E+02 1.315E+04 4.890E+17 1.518E-02 3.298E-03 4.506E-06 1.366E-03 0.000E+00 2.226E+08
  2.925E+06 2.268E+02 1.423E+04 4.176E+17 1.307E-02 4.747E-03 4.569E-06 9.624E-04 0.000E+00 2.226E+08
  3.025E+06 2.286E+02 1.537E+04 3.571E+17 1.127E-02 6.817E-03 4.633E-06 6.796E-04 0.000E+00 2.226E+08
  3.125E+06 2.305E+02 1.660E+04 3.056E+17 9.721E-03 9.867E-03 4.699E-06 4.762E-04 0.000E+00 2.226E+08
  3.225E+06 2.326E+02 1.793E+04 2.617E+17 8.400E-03 1.448E-02 4.765E-06 3.291E-04 0.000E+00 2.226E+08
  3.325E+06 2.349E+02 1.935E+04 2.242E+17 7.268E-03 2.179E-02 4.832E-06 2.218E-04 0.000E+00 2.226E+08
  3.425E+06 2.375E+02 2.089E+04 1.922E+17 6.299E-03 3.344E-02 4.899E-06 1.465E-04 0.000E+00 2.226E+08
  3.525E+06 2.403E+02 2.255E+04 1.649E+17 5.468E-03 5.171E-02 4.965E-06 9.602E-05 0.000E+00 2.226E+08
  3.625E+06 2.431E+02 2.434E+04 1.417E+17 4.755E-03 8.002E-02 5.030E-06 6.286E-05 0.000E+00 2.226E+08
  3.725E+06 2.459E+02 2.625E+04 1.220E+17 4.141E-03 1.227E-01 5.093E-06 4.149E-05 0.000E+00 2.226E+08
  3.825E+06 2.487E+02 2.831E+04 1.053E+17 3.613E-03 1.861E-01 5.154E-06 2.769E-05 0.000E+00 2.226E+08
  3.925E+06 2.515E+02 3.050E+04 9.097E+16 3.157E-03 2.789E-01 5.212E-06 1.869E-05 0.000E+00 2.226E+08
  4.025E+06 2.542E+02 3.283E+04 7.875E+16 2.762E-03 4.134E-01 5.267E-06 1.274E-05 0.000E+00 2.226E+08
  4.125E+06 2.568E+02 3.532E+04 6.831E+16 2.421E-03 6.035E-01 5.318E-06 8.813E-06 0.000E+00 2.226E+08
  4.225E+06 2.593E+02 3.797E+04 5.937E+16 2.124E-03 8.652E-01 5.364E-06 6.200E-06 0.000E+00 2.226E+08
  4.325E+06 2.615E+02 4.077E+04 5.171E+16 1.866E-03 1.205E+00 5.405E-06 4.486E-06 0.000E+00 2.226E+08
  4.425E+06 2.635E+02 4.371E+04 4.515E+16 1.641E-03 1.627E+00 5.441E-06 3.344E-06 0.000E+00 2.226E+08
  4.525E+06 2.650E+02 4.680E+04 3.952E+16 1.445E-03 2.114E+00 5.470E-06 2.587E-06 0.000E+00 2.226E+08
  4.625E+06 2.661E+02 5.005E+04 3.467E+16 1.273E-03 2.642E+00 5.492E-06 2.079E-06 0.000E+00 2.226E+08
  4.725E+06 2.668E+02 5.343E+04 3.047E+16 1.122E-03 3.189E+00 5.508E-06 1.727E-06 0.000E+00 2.226E+08
  4.825E+06 2.671E+02 5.695E+04 2.683E+16 9.890E-04 3.717E+00 5.518E-06 1.485E-06 0.000E+00 2.226E+08
  4.925E+06 2.671E+02 6.061E+04 2.366E+16 8.720E-04 4.202E+00 5.522E-06 1.314E-06 0.000E+00 2.226E+08
  5.025E+06 2.666E+02 6.443E+04 2.089E+16 7.687E-04 4.588E+00 5.520E-06 1.203E-06 0.000E+00 2.226E+08
  5.125E+06 2.659E+02 6.843E+04 1.847E+16 6.775E-04 4.874E+00 5.512E-06 1.131E-06 0.000E+00 2.226E+08
  5.225E+06 2.648E+02 7.265E+04 1.634E+16 5.969E-04 5.022E+00 5.500E-06 1.095E-06 0.000E+00 2.226E+08
  5.325E+06 2.634E+02 7.716E+04 1.446E+16 5.256E-04 5.053E+00 5.482E-06 1.085E-06 0.000E+00 2.226E+08
  5.425E+06 2.617E+02 8.202E+04 1.280E+16 4.625E-04 4.958E+00 5.459E-06 1.101E-06 0.000E+00 2.226E+08
  5.525E+06 2.599E+02 8.727E+04 1.134E+16 4.066E-04 4.761E+00 5.431E-06 1.141E-06 0.000E+00 2.226E+08
  5.625E+06 2.578E+02 9.298E+04 1.004E+16 3.572E-04 4.485E+00 5.399E-06 1.204E-06 0.000E+00 2.226E+08
  5.725E+06 2.555E+02 9.918E+04 8.888E+15 3.134E-04 4.130E+00 5.362E-06 1.298E-06 0.000E+00 2.226E+08
  5.825E+06 2.531E+02 1.059E+05 7.863E+15 2.746E-04 3.756E+00 5.321E-06 1.417E-06 0.000E+00 2.226E+08
  5.925E+06 2.505E+02 1.131E+05 6.954E+15 2.404E-04 3.334E+00 5.276E-06 1.582E-06 0.000E+00 2.226E+08
  6.025E+06 2.477E+02 1.208E+05 6.147E+15 2.101E-04 2.899E+00 5.227E-06 1.803E-06 0.000E+00 2.226E+08
  6.125E+06 2.449E+02 1.290E+05 5.426E+15 1.834E-04 2.498E+00 5.173E-06 2.071E-06 0.000E+00 2.226E+08
  6.225E+06 2.420E+02 1.376E+05 4.785E+15 1.598E-04 2.127E+00 5.114E-06 2.404E-06 0.000E+00 2.226E+08
  6.325E+06 2.391E+02 1.467E+05 4.214E+15 1.390E-04 1.792E+00 5.051E-06 2.819E-06 0.000E+00 2.226E+08
  6.425E+06 2.361E+02 1.565E+05 3.706E+15 1.208E-04 1.498E+00 4.983E-06 3.325E-06 0.000E+00 2.226E+08
  6.525E+06 2.333E+02 1.671E+05 3.253E+15 1.047E-04 1.255E+00 4.910E-06 3.913E-06 0.000E+00 2.226E+08
  6.625E+06 2.304E+02 1.787E+05 2.850E+15 9.063E-05 1.049E+00 4.831E-06 4.605E-06 0.000E+00 2.226E+08
  6.725E+06 2.276E+02 1.911E+05 2.494E+15 7.831E-05 8.681E-01 4.747E-06 5.468E-06 0.000E+00 2.226E+08
  6.825E+06 2.248E+02 2.044E+05 2.178E+15 6.755E-05 7.188E-01 4.656E-06 6.478E-06 0.000E+00 2.226E+08
  6.925E+06 2.220E+02 2.184E+05 1.898E+15 5.816E-05 5.959E-01 4.559E-06 7.652E-06 0.000E+00 2.226E+08
  7.025E+06 2.192E+02 2.329E+05 1.652E+15 4.998E-05 4.888E-01 4.455E-06 9.116E-06 0.000E+00 2.226E+08
  7.125E+06 2.166E+02 2.473E+05 1.435E+15 4.287E-05 4.037E-01 4.344E-06 1.076E-05 0.000E+00 2.226E+08
  7.225E+06 2.141E+02 2.610E+05 1.243E+15 3.671E-05 3.389E-01 4.222E-06 1.246E-05 0.000E+00 2.226E+08
  7.325E+06 2.116E+02 2.732E+05 1.075E+15 3.138E-05 2.842E-01 4.090E-06 1.439E-05 0.000E+00 2.226E+08
  7.425E+06 2.093E+02 2.835E+05 9.271E+14 2.678E-05 2.423E-01 3.944E-06 1.628E-05 0.000E+00 2.226E+08
  7.525E+06 2.074E+02 2.915E+05 7.972E+14 2.281E-05 2.162E-01 3.784E-06 1.750E-05 0.000E+00 2.226E+08
  7.625E+06 2.056E+02 2.966E+05 6.841E+14 1.941E-05 1.972E-01 3.606E-06 1.828E-05 0.000E+00 2.226E+08
  7.725E+06 2.040E+02 2.985E+05 5.858E+14 1.649E-05 1.840E-01 3.408E-06 1.853E-05 0.000E+00 2.226E+08
  7.825E+06 2.030E+02 2.972E+05 4.999E+14 1.400E-05 1.849E-01 3.189E-06 1.724E-05 0.000E+00 2.226E+08
  7.925E+06 2.022E+02 2.929E+05 4.256E+14 1.188E-05 1.953E-01 2.945E-06 1.508E-05 0.000E+00 2.226E+08
  8.025E+06 2.016E+02 2.858E+05 3.619E+14 1.007E-05 2.103E-01 2.675E-06 1.272E-05 0.000E+00 2.226E+08
  8.125E+06 2.015E+02 2.765E+05 3.070E+14 8.536E-06 2.429E-01 2.384E-06 9.815E-06 0.000E+00 2.226E+08
  8.225E+06 2.016E+02 2.654E+05 2.600E+14 7.236E-06 2.944E-01 2.086E-06 7.085E-06 0.000E+00 2.226E+08
  8.325E+06 2.019E+02 2.527E+05 2.202E+14 6.136E-06 3.606E-01 1.793E-06 4.973E-06 0.000E+00 2.226E+08
  8.425E+06 2.024E+02 2.390E+05 1.864E+14 5.205E-06 4.576E-01 1.516E-06 3.314E-06 0.000E+00 2.226E+08
  8.525E+06 2.030E+02 2.246E+05 1.577E+14 4.418E-06 5.946E-01 1.261E-06 2.121E-06 0.000E+00 2.226E+08
  8.625E+06 2.036E+02 2.100E+05 1.335E+14 3.753E-06 7.641E-01 1.032E-06 1.351E-06 0.000E+00 2.226E+08
  8.725E+06 2.040E+02 1.956E+05 1.133E+14 3.189E-06 9.507E-01 8.315E-07 8.747E-07 0.000E+00 2.226E+08
  8.825E+06 2.043E+02 1.815E+05 9.621E+13 2.712E-06 1.157E+00 6.598E-07 5.702E-07 0.000E+00 2.226E+08
  8.925E+06 2.044E+02 1.679E+05 8.179E+13 2.307E-06 1.386E+00 5.160E-07 3.723E-07 0.000E+00 2.226E+08
  9.025E+06 2.041E+02 1.549E+05 6.969E+13 1.963E-06 1.571E+00 3.983E-07 2.536E-07 0.000E+00 2.226E+08
  9.125E+06 2.036E+02 1.426E+05 5.947E+13 1.671E-06 1.710E+00 3.040E-07 1.778E-07 0.000E+00 2.226E+08
  9.225E+06 2.030E+02 1.312E+05 5.077E+13 1.423E-06 1.846E+00 2.299E-07 1.246E-07 0.000E+00 2.226E+08
  9.325E+06 2.023E+02 1.206E+05 4.339E+13 1.211E-06 1.931E+00 1.728E-07 8.950E-08 0.000E+00 2.226E+08
  9.425E+06 2.013E+02 1.107E+05 3.711E+13 1.031E-06 1.972E+00 1.296E-07 6.574E-08 0.000E+00 2.226E+08
  9.525E+06 2.004E+02 1.017E+05 3.174E+13 8.781E-07 2.018E+00 9.756E-08 4.833E-08 0.000E+00 2.226E+08
  9.625E+06 1.996E+02 9.340E+04 2.714E+13 7.478E-07 2.100E+00 7.434E-08 3.540E-08 0.000E+00 2.226E+08
  9.725E+06 1.990E+02 8.589E+04 2.320E+13 6.370E-07 2.214E+00 5.821E-08 2.629E-08 0.000E+00 2.226E+08
  9.825E+06 1.983E+02 7.903E+04 1.983E+13 5.428E-07 2.359E+00 4.797E-08 2.033E-08 0.000E+00 2.226E+08
  9.925E+06 1.983E+02 7.261E+04 1.691E+13 4.627E-07 2.759E+00 4.301E-08 1.559E-08 0.000E+00 2.226E+08

 SULFATE AEROSOL PARAMETERS

    Z        AERSOL     RPAR      WFALL     FSULF    TAUSED    TAUEDD    TAUC      H2SO4S    H2SO4     CONSO4    CONVER
  2.500E+04 1.885E+02 1.121E-05 3.310E-04 2.720E-01 2.558E+09 5.893E+06 1.080E+07 1.993E-18 2.464E-11 3.943E-16 1.764E+07
  1.250E+05 1.408E+02 1.121E-05 3.645E-04 3.249E-01 2.281E+09 5.914E+06 1.384E+07 3.646E-18 1.515E-11 2.424E-16 2.107E+07
  2.250E+05 1.125E+02 1.121E-05 4.027E-04 3.764E-01 2.028E+09 5.797E+06 1.654E+07 6.558E-18 1.128E-11 1.805E-16 2.441E+07
  3.250E+05 9.393E+01 1.121E-05 4.444E-04 4.194E-01 1.804E+09 5.441E+06 1.881E+07 9.578E-18 8.719E-12 1.395E-16 2.719E+07
  4.250E+05 8.065E+01 1.121E-05 4.890E-04 4.487E-01 1.607E+09 4.923E+06 2.075E+07 9.850E-18 6.619E-12 1.059E-16 2.910E+07
  5.250E+05 6.869E+01 1.121E-05 5.411E-04 4.784E-01 1.420E+09 4.406E+06 2.302E+07 9.088E-18 4.936E-12 7.897E-17 3.102E+07
  6.250E+05 5.842E+01 1.121E-05 6.021E-04 5.072E-01 1.245E+09 3.983E+06 2.550E+07 7.122E-18 3.623E-12 5.796E-17 3.288E+07
  7.250E+05 5.055E+01 1.121E-05 6.707E-04 5.267E-01 1.088E+09 3.686E+06 2.769E+07 3.623E-18 2.623E-12 4.197E-17 3.415E+07
  8.250E+05 4.379E+01 1.121E-05 7.518E-04 5.452E-01 9.428E+08 3.569E+06 2.990E+07 1.600E-18 1.904E-12 3.046E-17 3.535E+07
  9.250E+05 3.800E+01 1.121E-05 8.481E-04 5.630E-01 8.112E+08 3.677E+06 3.210E+07 6.408E-19 1.404E-12 2.246E-17 3.651E+07
  1.025E+06 3.304E+01 1.121E-05 9.624E-04 5.791E-01 6.943E+08 3.996E+06 3.418E+07 2.459E-19 1.041E-12 1.665E-17 3.755E+07
  1.125E+06 2.880E+01 1.121E-05 1.097E-03 5.917E-01 5.932E+08 4.421E+06 3.606E+07 9.762E-20 7.553E-13 1.209E-17 3.837E+07
  1.225E+06 2.495E+01 1.121E-05 1.258E-03 6.039E-01 5.063E+08 4.809E+06 3.795E+07 5.044E-20 5.305E-13 8.489E-18 3.916E+07
  1.325E+06 2.147E+01 1.121E-05 1.451E-03 6.165E-01 4.317E+08 5.086E+06 3.995E+07 3.546E-20 3.666E-13 5.866E-18 3.998E+07
  1.425E+06 1.866E+01 1.121E-05 1.672E-03 6.195E-01 3.694E+08 5.426E+06 4.146E+07 1.939E-20 2.598E-13 4.157E-18 4.017E+07
  1.525E+06 1.630E+01 1.121E-05 1.930E-03 6.161E-01 3.165E+08 6.501E+06 4.268E+07 9.004E-21 1.919E-13 3.070E-18 3.995E+07
  1.625E+06 1.409E+01 1.121E-05 2.240E-03 6.170E-01 2.705E+08 9.702E+06 4.428E+07 6.564E-21 1.428E-13 2.285E-18 4.001E+07
  1.725E+06 1.204E+01 1.121E-05 2.618E-03 6.250E-01 2.311E+08 1.763E+07 4.633E+07 9.844E-21 1.027E-13 1.643E-18 4.053E+07
  1.825E+06 1.018E+01 1.121E-05 3.080E-03 6.436E-01 1.974E+08 3.251E+07 4.881E+07 4.007E-20 6.891E-14 1.103E-18 4.174E+07
  1.925E+06 8.653E+00 1.121E-05 3.640E-03 6.698E-01 1.686E+08 4.757E+07 5.122E+07 3.179E-19 4.792E-14 7.667E-19 4.343E+07
  2.025E+06 7.466E+00 1.121E-05 4.298E-03 6.942E-01 1.444E+08 5.320E+07 5.320E+07 2.482E-18 4.271E-14 6.833E-19 4.501E+07
  2.125E+06 6.834E+00 1.103E-05 4.976E-03 7.135E-01 1.259E+08 5.223E+07 5.223E+07 1.410E-17 4.988E-14 7.979E-19 4.410E+07
  2.225E+06 6.545E+00 1.071E-05 5.670E-03 7.299E-01 1.115E+08 4.935E+07 4.935E+07 6.444E-17 6.705E-14 1.072E-18 4.123E+07
  2.325E+06 6.397E+00 1.032E-05 6.407E-03 7.441E-01 9.945E+07 4.625E+07 4.625E+07 2.514E-16 9.408E-14 1.501E-18 3.762E+07
  2.425E+06 6.129E+00 1.000E-05 7.276E-03 7.573E-01 8.829E+07 4.330E+07 4.489E+07 9.270E-16 1.321E-13 2.098E-18 3.483E+07
  2.525E+06 5.304E+00 1.000E-05 8.523E-03 7.698E-01 7.599E+07 4.058E+07 4.885E+07 3.282E-15 1.827E-13 2.871E-18 3.541E+07
  2.625E+06 4.542E+00 1.000E-05 9.975E-03 7.819E-01 6.549E+07 3.806E+07 5.414E+07 1.157E-14 2.495E-13 3.807E-18 3.597E+07
  2.725E+06 3.848E+00 1.000E-05 1.166E-02 7.928E-01 5.652E+07 3.573E+07 6.111E+07 3.819E-14 3.420E-13 4.861E-18 3.647E+07
  2.825E+06 3.219E+00 1.000E-05 1.360E-02 8.024E-01 4.885E+07 3.356E+07 7.037E+07 1.168E-13 4.888E-13 5.952E-18 3.691E+07
  2.925E+06 2.653E+00 1.000E-05 1.584E-02 8.107E-01 4.229E+07 3.154E+07 8.276E+07 3.283E-13 7.708E-13 7.079E-18 3.729E+07
  3.025E+06 2.145E+00 1.000E-05 1.844E-02 8.189E-01 3.664E+07 2.967E+07 9.974E+07 9.081E-13 1.447E-12 8.624E-18 3.767E+07
  3.125E+06 1.691E+00 1.000E-05 2.144E-02 8.277E-01 3.178E+07 2.796E+07 1.238E+08 2.592E-12 3.324E-12 1.172E-17 3.807E+07
  3.225E+06 1.284E+00 1.000E-05 2.491E-02 8.370E-01 2.760E+07 2.638E+07 1.599E+08 7.658E-12 8.379E-12 1.153E-17 3.850E+07
  3.325E+06 9.416E-01 1.000E-05 2.892E-02 8.465E-01 2.403E+07 2.495E+07 2.144E+08 2.316E-11 1.558E-11-1.212E-16 3.894E+07
  3.425E+06 6.832E-01 1.000E-05 3.353E-02 8.565E-01 2.096E+07 2.364E+07 2.910E+08 7.160E-11 2.033E-11-8.203E-16 3.940E+07
  3.525E+06 4.901E-01 1.000E-05 3.884E-02 8.675E-01 1.831E+07 2.242E+07 4.000E+08 2.097E-10 2.315E-11-2.984E-15 3.990E+07
  3.625E+06 3.476E-01 1.000E-05 4.495E-02 8.793E-01 1.601E+07 2.128E+07 5.568E+08 5.927E-10 2.452E-11-9.091E-15 4.045E+07
  3.725E+06 2.438E-01 1.000E-05 5.194E-02 8.912E-01 1.402E+07 2.020E+07 7.843E+08 1.641E-09 2.483E-11-2.586E-14 4.100E+07
  3.825E+06 1.691E-01 1.000E-05 5.992E-02 9.032E-01 1.230E+07 1.918E+07 1.119E+09 4.202E-09 2.445E-11-6.684E-14 4.155E+07
  3.925E+06 1.158E-01 1.000E-05 6.903E-02 9.154E-01 1.079E+07 1.820E+07 1.617E+09 9.366E-09 2.364E-11-1.495E-13 4.211E+07
  4.025E+06 7.829E-02 1.000E-05 7.942E-02 9.274E-01 9.486E+06 1.729E+07 2.369E+09 2.045E-08 2.262E-11-3.268E-13 4.266E+07
  4.125E+06 5.221E-02 1.000E-05 9.122E-02 9.391E-01 8.347E+06 1.641E+07 3.521E+09 4.290E-08 2.152E-11-6.860E-13 4.320E+07
  4.225E+06 3.467E-02 1.000E-05 1.042E-01 9.414E-01 7.381E+06 1.558E+07 5.271E+09 7.371E-08 2.043E-11-1.179E-12 4.330E+07
  4.325E+06 2.275E-02 1.000E-05 1.187E-01 9.414E-01 6.536E+06 1.477E+07 7.992E+09 1.159E-07 1.938E-11-1.855E-12 4.330E+07
  4.425E+06 1.471E-02 1.000E-05 1.351E-01 9.414E-01 5.788E+06 1.398E+07 1.231E+10 1.733E-07 1.841E-11-2.773E-12 4.330E+07
  4.525E+06 9.354E-03 1.000E-05 1.536E-01 9.414E-01 5.123E+06 1.322E+07 1.930E+10 2.440E-07 1.750E-11-3.904E-12 4.330E+07
  4.625E+06 5.846E-03 1.000E-05 1.744E-01 9.414E-01 4.531E+06 1.248E+07 3.080E+10 3.234E-07 1.666E-11-5.174E-12 4.330E+07
  4.725E+06 3.584E-03 1.000E-05 1.979E-01 9.414E-01 4.005E+06 1.176E+07 5.016E+10 4.044E-07 1.589E-11-6.470E-12 4.330E+07
  4.825E+06 2.151E-03 1.000E-05 2.245E-01 9.414E-01 3.536E+06 1.106E+07 8.352E+10 4.788E-07 1.517E-11-7.661E-12 4.330E+07
  4.925E+06 1.261E-03 1.000E-05 2.545E-01 9.414E-01 3.119E+06 1.040E+07 1.425E+11 5.403E-07 1.451E-11-8.644E-12 4.330E+07
  5.025E+06 7.205E-04 1.000E-05 2.885E-01 9.414E-01 2.748E+06 9.755E+06 2.495E+11 5.770E-07 1.389E-11-9.231E-12 4.330E+07
  5.125E+06 4.002E-04 1.000E-05 3.270E-01 9.414E-01 2.418E+06 9.138E+06 4.498E+11 5.901E-07 1.332E-11-9.441E-12 4.330E+07
  5.225E+06 2.155E-04 1.000E-05 3.707E-01 9.414E-01 2.125E+06 8.541E+06 8.369E+11 5.730E-07 1.278E-11-9.168E-12 4.330E+07
  5.325E+06 1.122E-04 1.000E-05 4.204E-01 9.414E-01 1.864E+06 7.963E+06 1.611E+12 5.364E-07 1.228E-11-8.582E-12 4.330E+07
  5.425E+06 5.639E-05 1.000E-05 4.771E-01 9.414E-01 1.633E+06 7.403E+06 3.217E+12 4.829E-07 1.180E-11-7.726E-12 4.330E+07
  5.525E+06 2.726E-05 1.000E-05 5.417E-01 9.414E-01 1.428E+06 6.862E+06 6.679E+12 4.183E-07 1.136E-11-6.692E-12 4.330E+07
  5.625E+06 1.264E-05 1.000E-05 6.157E-01 9.414E-01 1.247E+06 6.342E+06 1.446E+13 3.525E-07 1.093E-11-5.639E-12 4.330E+07
  5.725E+06 5.611E-06 1.000E-05 7.004E-01 9.414E-01 1.087E+06 5.844E+06 3.272E+13 2.851E-07 1.053E-11-4.561E-12 4.330E+07
  5.825E+06 2.374E-06 1.000E-05 7.977E-01 9.414E-01 9.458E+05 5.376E+06 7.769E+13 2.263E-07 1.014E-11-3.620E-12 4.330E+07
  5.925E+06 9.547E-07 1.000E-05 9.096E-01 9.414E-01 8.212E+05 4.933E+06 1.942E+14 1.726E-07 9.764E-12-2.762E-12 4.330E+07
  6.025E+06 3.630E-07 1.000E-05 1.039E+00 9.414E-01 7.114E+05 4.520E+06 5.136E+14 1.270E-07 9.401E-12-2.031E-12 4.330E+07
  6.125E+06 1.297E-07 1.000E-05 1.188E+00 9.414E-01 6.152E+05 4.140E+06 1.446E+15 9.207E-08 9.048E-12-1.473E-12 4.330E+07
  6.225E+06 4.325E-08 1.000E-05 1.361E+00 9.414E-01 5.309E+05 3.792E+06 4.361E+15 6.555E-08 8.700E-12-1.049E-12 4.330E+07
  6.325E+06 1.335E-08 1.000E-05 1.561E+00 9.414E-01 4.572E+05 3.472E+06 1.422E+16 4.556E-08 8.355E-12-7.289E-13 4.330E+07
  6.425E+06 3.796E-09 1.000E-05 1.791E+00 9.377E-01 3.937E+05 3.178E+06 5.035E+16 2.916E-08 8.009E-12-4.664E-13 4.313E+07
  6.525E+06 9.887E-10 1.000E-05 2.056E+00 9.304E-01 3.389E+05 2.905E+06 1.948E+17 1.738E-08 7.662E-12-2.779E-13 4.280E+07
  6.625E+06 2.330E-10 1.000E-05 2.364E+00 9.230E-01 2.913E+05 2.654E+06 8.333E+17 1.030E-08 7.309E-12-1.647E-13 4.246E+07
  6.725E+06 4.917E-11 1.000E-05 2.723E+00 9.153E-01 2.498E+05 2.422E+06 3.980E+18 5.926E-09 6.950E-12-9.471E-14 4.211E+07
  6.825E+06 9.164E-12 1.000E-05 3.142E+00 9.078E-01 2.139E+05 2.210E+06 2.152E+19 3.419E-09 6.581E-12-5.460E-14 4.176E+07
  6.925E+06 1.482E-12 1.000E-05 3.633E+00 9.006E-01 1.828E+05 2.019E+06 1.341E+20 1.966E-09 6.199E-12-3.136E-14 4.143E+07
  7.025E+06 2.033E-13 1.000E-05 4.211E+00 8.939E-01 1.558E+05 1.848E+06 9.856E+20 1.008E-09 5.802E-12-1.603E-14 4.112E+07
  7.125E+06 2.285E-14 1.000E-05 4.891E+00 8.878E-01 1.325E+05 1.699E+06 8.834E+21 5.203E-10 5.388E-12-8.238E-15 4.084E+07
  7.225E+06 2.001E-15 1.000E-05 5.693E+00 8.824E-01 1.126E+05 1.574E+06 1.016E+23 2.826E-10 4.953E-12-4.442E-15 4.059E+07
  7.325E+06 1.267E-16 1.000E-05 6.640E+00 8.772E-01 9.544E+04 1.470E+06 1.616E+24 1.511E-10 4.496E-12-2.346E-15 4.035E+07
  7.425E+06 5.141E-18 1.000E-05 7.762E+00 8.726E-01 8.080E+04 1.387E+06 4.009E+25 8.529E-11 4.020E-12-1.300E-15 4.014E+07
  7.525E+06 1.078E-19 1.000E-05 9.093E+00 8.693E-01 6.835E+04 1.325E+06 1.922E+27 5.439E-11 3.530E-12-8.138E-16 3.999E+07
  7.625E+06 7.139E-22 1.000E-05 1.067E+01 8.669E-01 5.776E+04 1.281E+06 2.917E+29 3.725E-11 3.034E-12-5.474E-16 3.988E+07
  7.725E+06 2.608E-24 1.000E-05 1.255E+01 8.650E-01 4.877E+04 1.254E+06 8.019E+31 2.699E-11 2.546E-12-3.911E-16 3.979E+07
  7.825E+06 1.892E-26 1.000E-05 1.478E+01 8.651E-01 4.120E+04 1.247E+06 1.108E+34 2.439E-11 2.080E-12-3.569E-16 3.980E+07
  7.925E+06 5.431E-29 1.000E-05 1.743E+01 8.666E-01 3.482E+04 1.257E+06 3.866E+36 2.552E-11 1.649E-12-3.819E-16 3.986E+07
  8.025E+06 9.056E-32 1.000E-05 2.057E+01 8.688E-01 2.942E+04 1.282E+06 2.321E+39 2.841E-11 1.266E-12-4.344E-16 3.996E+07
  8.125E+06 7.646E-32 1.000E-05 2.431E+01 8.728E-01 2.489E+04 1.324E+06 2.747E+39 3.891E-11 9.402E-13-6.075E-16 4.015E+07
  8.225E+06 6.435E-32 1.000E-05 2.874E+01 8.785E-01 2.108E+04 1.383E+06 3.259E+39 6.190E-11 6.736E-13-9.796E-16 4.041E+07
  8.325E+06 5.412E-32 1.000E-05 3.398E+01 8.846E-01 1.786E+04 1.457E+06 3.866E+39 1.029E-10 4.651E-13-1.639E-15 4.069E+07
  8.425E+06 4.543E-32 1.000E-05 4.017E+01 8.918E-01 1.515E+04 1.550E+06 4.593E+39 1.902E-10 3.092E-13-3.038E-15 4.102E+07
  8.525E+06 3.808E-32 1.000E-05 4.750E+01 9.001E-01 1.287E+04 1.663E+06 5.460E+39 3.751E-10 1.976E-13-5.998E-15 4.141E+07
  8.625E+06 3.188E-32 1.000E-05 5.617E+01 9.107E-01 1.092E+04 1.792E+06 6.497E+39 6.450E-10 1.212E-13-1.032E-14 4.189E+07
  8.725E+06 2.675E-32 1.000E-05 6.638E+01 9.206E-01 9.272E+03 1.937E+06 7.717E+39 1.025E-09 7.136E-14-1.640E-14 4.235E+07
  8.825E+06 2.248E-32 1.000E-05 7.839E+01 9.303E-01 7.874E+03 2.099E+06 9.156E+39 1.560E-09 4.027E-14-2.495E-14 4.279E+07
  8.925E+06 1.892E-32 1.000E-05 9.251E+01 9.397E-01 6.690E+03 2.282E+06 1.085E+40 2.303E-09 2.176E-14-3.684E-14 4.323E+07
  9.025E+06 1.609E-32 1.000E-05 1.088E+02 9.414E-01 5.699E+03 2.480E+06 1.276E+40 2.643E-09 1.127E-14-4.228E-14 4.330E+07
  9.125E+06 1.373E-32 1.000E-05 1.277E+02 9.414E-01 4.855E+03 2.697E+06 1.497E+40 2.743E-09 5.591E-15-4.389E-14 4.330E+07
  9.225E+06 1.172E-32 1.000E-05 1.500E+02 9.414E-01 4.138E+03 2.937E+06 1.757E+40 2.813E-09 2.665E-15-4.501E-14 4.330E+07
  9.325E+06 1.002E-32 1.000E-05 1.762E+02 9.414E-01 3.525E+03 3.199E+06 2.059E+40 2.745E-09 1.225E-15-4.392E-14 4.330E+07
  9.425E+06 8.571E-33 1.000E-05 2.069E+02 9.414E-01 3.002E+03 3.484E+06 2.413E+40 2.565E-09 5.451E-16-4.103E-14 4.330E+07
  9.525E+06 7.331E-33 1.000E-05 2.429E+02 9.414E-01 2.558E+03 3.798E+06 2.828E+40 2.405E-09 2.363E-16-3.847E-14 4.330E+07
  9.625E+06 6.267E-33 1.000E-05 2.851E+02 9.414E-01 2.182E+03 4.145E+06 3.314E+40 2.320E-09 1.006E-16-3.712E-14 4.330E+07
  9.725E+06 5.358E-33 1.000E-05 3.347E+02 9.414E-01 1.863E+03 4.525E+06 3.883E+40 2.290E-09 4.255E-17-3.663E-14 4.330E+07
  9.825E+06 4.580E-33 1.000E-05 3.927E+02 9.414E-01 1.591E+03 4.940E+06 4.550E+40 2.302E-09 1.834E-17-3.684E-14 4.330E+07
  9.925E+06 3.905E-33 1.000E-05 4.604E+02 9.414E-01 1.364E+03 5.430E+06 5.337E+40 2.688E-09 8.741E-18-4.301E-14 4.330E+07

 S8 AEROSOL PARAMETERS

    Z        AERSOL     RPAR      WFALL     TAUSED    TAUEDD    TAUC      CONVER
  2.500E+04 1.218E-26 1.000E-05 4.736E-04 1.788E+09 5.893E+06 1.564E+35 2.030E+07
  1.250E+05 1.100E-26 1.000E-05 5.060E-04 1.644E+09 5.914E+06 1.655E+35 2.030E+07
  2.250E+05 9.916E-27 1.000E-05 5.433E-04 1.503E+09 5.797E+06 1.746E+35 2.030E+07
  3.250E+05 8.922E-27 1.000E-05 5.864E-04 1.367E+09 5.441E+06 1.838E+35 2.030E+07
  4.250E+05 8.023E-27 1.000E-05 6.364E-04 1.235E+09 4.923E+06 1.930E+35 2.030E+07
  5.250E+05 7.214E-27 1.000E-05 6.947E-04 1.106E+09 4.406E+06 2.022E+35 2.030E+07
  6.250E+05 6.483E-27 1.000E-05 7.630E-04 9.826E+08 3.983E+06 2.113E+35 2.030E+07
  7.250E+05 5.821E-27 1.000E-05 8.434E-04 8.651E+08 3.686E+06 2.205E+35 2.030E+07
  8.250E+05 5.215E-27 1.000E-05 9.385E-04 7.553E+08 3.569E+06 2.296E+35 2.030E+07
  9.250E+05 4.658E-27 1.000E-05 1.051E-03 6.543E+08 3.677E+06 2.389E+35 2.030E+07
  1.025E+06 4.139E-27 1.000E-05 1.186E-03 5.634E+08 3.996E+06 2.484E+35 2.030E+07
  1.125E+06 3.652E-27 1.000E-05 1.347E-03 4.833E+08 4.421E+06 2.582E+35 2.030E+07
  1.225E+06 3.196E-27 1.000E-05 1.538E-03 4.142E+08 4.809E+06 2.686E+35 2.030E+07
  1.325E+06 2.775E-27 1.000E-05 1.766E-03 3.547E+08 5.086E+06 2.796E+35 2.030E+07
  1.425E+06 2.396E-27 1.000E-05 2.037E-03 3.033E+08 5.426E+06 2.915E+35 2.030E+07
  1.525E+06 2.060E-27 1.000E-05 2.359E-03 2.589E+08 6.501E+06 3.045E+35 2.030E+07
  1.625E+06 1.762E-27 1.000E-05 2.742E-03 2.210E+08 9.702E+06 3.189E+35 2.030E+07
  1.725E+06 1.497E-27 1.000E-05 3.195E-03 1.893E+08 1.763E+07 3.354E+35 2.030E+07
  1.825E+06 1.263E-27 1.000E-05 3.728E-03 1.631E+08 3.251E+07 3.544E+35 2.030E+07
  1.925E+06 1.062E-27 1.000E-05 4.351E-03 1.411E+08 4.757E+07 3.765E+35 2.030E+07
  2.025E+06 8.938E-28 1.000E-05 5.077E-03 1.222E+08 5.320E+07 4.019E+35 2.030E+07
  2.125E+06 7.543E-28 1.000E-05 5.923E-03 1.058E+08 5.223E+07 4.314E+35 2.030E+07
  2.225E+06 6.382E-28 1.000E-05 6.906E-03 9.151E+07 4.935E+07 4.660E+35 2.030E+07
  2.325E+06 5.409E-28 1.000E-05 8.050E-03 7.915E+07 4.625E+07 5.067E+35 2.030E+07
  2.425E+06 4.591E-28 1.000E-05 9.379E-03 6.849E+07 4.330E+07 5.549E+35 2.030E+07
  2.525E+06 3.900E-28 1.000E-05 1.092E-02 5.932E+07 4.058E+07 6.123E+35 2.030E+07
  2.625E+06 3.317E-28 1.000E-05 1.270E-02 5.143E+07 3.806E+07 6.805E+35 2.030E+07
  2.725E+06 2.825E-28 1.000E-05 1.476E-02 4.463E+07 3.573E+07 7.614E+35 2.030E+07
  2.825E+06 2.409E-28 1.000E-05 1.715E-02 3.875E+07 3.356E+07 8.572E+35 2.030E+07
  2.925E+06 2.057E-28 1.000E-05 1.989E-02 3.368E+07 3.154E+07 9.703E+35 2.030E+07
  3.025E+06 1.759E-28 1.000E-05 2.306E-02 2.929E+07 2.967E+07 1.103E+36 2.030E+07
  3.125E+06 1.505E-28 1.000E-05 2.670E-02 2.552E+07 2.796E+07 1.260E+36 2.030E+07
  3.225E+06 1.289E-28 1.000E-05 3.089E-02 2.226E+07 2.638E+07 1.443E+36 2.030E+07
  3.325E+06 1.104E-28 1.000E-05 3.569E-02 1.947E+07 2.495E+07 1.656E+36 2.030E+07
  3.425E+06 9.466E-29 1.000E-05 4.119E-02 1.706E+07 2.364E+07 1.904E+36 2.030E+07
  3.525E+06 8.124E-29 1.000E-05 4.747E-02 1.498E+07 2.242E+07 2.191E+36 2.030E+07
  3.625E+06 6.982E-29 1.000E-05 5.462E-02 1.318E+07 2.128E+07 2.521E+36 2.030E+07
  3.725E+06 6.011E-29 1.000E-05 6.276E-02 1.160E+07 2.020E+07 2.900E+36 2.030E+07
  3.825E+06 5.185E-29 1.000E-05 7.200E-02 1.023E+07 1.918E+07 3.333E+36 2.030E+07
  3.925E+06 4.481E-29 1.000E-05 8.249E-02 9.033E+06 1.820E+07 3.827E+36 2.030E+07
  4.025E+06 3.879E-29 1.000E-05 9.437E-02 7.983E+06 1.729E+07 4.390E+36 2.030E+07
  4.125E+06 3.365E-29 1.000E-05 1.078E-01 7.062E+06 1.641E+07 5.029E+36 2.030E+07
  4.225E+06 2.924E-29 1.000E-05 1.230E-01 6.251E+06 1.558E+07 5.753E+36 2.030E+07
  4.325E+06 2.547E-29 1.000E-05 1.402E-01 5.536E+06 1.477E+07 6.571E+36 2.030E+07
  4.425E+06 2.224E-29 1.000E-05 1.595E-01 4.902E+06 1.398E+07 7.495E+36 2.030E+07
  4.525E+06 1.947E-29 1.000E-05 1.813E-01 4.338E+06 1.322E+07 8.534E+36 2.030E+07
  4.625E+06 1.708E-29 1.000E-05 2.059E-01 3.837E+06 1.248E+07 9.705E+36 2.030E+07
  4.725E+06 1.501E-29 1.000E-05 2.337E-01 3.392E+06 1.176E+07 1.102E+37 2.030E+07
  4.825E+06 1.322E-29 1.000E-05 2.650E-01 2.995E+06 1.106E+07 1.251E+37 2.030E+07
  4.925E+06 1.165E-29 1.000E-05 3.005E-01 2.642E+06 1.040E+07 1.419E+37 2.030E+07
  5.025E+06 1.029E-29 1.000E-05 3.406E-01 2.328E+06 9.755E+06 1.608E+37 2.030E+07
  5.125E+06 9.096E-30 1.000E-05 3.861E-01 2.048E+06 9.138E+06 1.821E+37 2.030E+07
  5.225E+06 8.048E-30 1.000E-05 4.377E-01 1.800E+06 8.541E+06 2.063E+37 2.030E+07
  5.325E+06 7.123E-30 1.000E-05 4.964E-01 1.579E+06 7.963E+06 2.336E+37 2.030E+07
  5.425E+06 6.308E-30 1.000E-05 5.633E-01 1.383E+06 7.403E+06 2.647E+37 2.030E+07
  5.525E+06 5.586E-30 1.000E-05 6.397E-01 1.210E+06 6.862E+06 3.000E+37 2.030E+07
  5.625E+06 4.946E-30 1.000E-05 7.270E-01 1.056E+06 6.342E+06 3.401E+37 2.030E+07
  5.725E+06 4.378E-30 1.000E-05 8.270E-01 9.206E+05 5.844E+06 3.859E+37 2.030E+07
  5.825E+06 3.873E-30 1.000E-05 9.419E-01 8.010E+05 5.376E+06 4.383E+37 2.030E+07
  5.925E+06 3.426E-30 1.000E-05 1.074E+00 6.955E+05 4.933E+06 4.981E+37 2.030E+07
  6.025E+06 3.028E-30 1.000E-05 1.226E+00 6.025E+05 4.520E+06 5.667E+37 2.030E+07
  6.125E+06 2.673E-30 1.000E-05 1.403E+00 5.210E+05 4.140E+06 6.456E+37 2.030E+07
  6.225E+06 2.357E-30 1.000E-05 1.607E+00 4.496E+05 3.792E+06 7.365E+37 2.030E+07
  6.325E+06 2.076E-30 1.000E-05 1.843E+00 3.872E+05 3.472E+06 8.414E+37 2.030E+07
  6.425E+06 1.825E-30 1.000E-05 2.119E+00 3.328E+05 3.178E+06 9.627E+37 2.030E+07
  6.525E+06 1.602E-30 1.000E-05 2.440E+00 2.856E+05 2.905E+06 1.104E+38 2.030E+07
  6.625E+06 1.404E-30 1.000E-05 2.815E+00 2.446E+05 2.654E+06 1.267E+38 2.030E+07
  6.725E+06 1.228E-30 1.000E-05 3.254E+00 2.091E+05 2.422E+06 1.457E+38 2.030E+07
  6.825E+06 1.073E-30 1.000E-05 3.768E+00 1.784E+05 2.210E+06 1.679E+38 2.030E+07
  6.925E+06 9.351E-31 1.000E-05 4.372E+00 1.519E+05 2.019E+06 1.938E+38 2.030E+07
  7.025E+06 8.138E-31 1.000E-05 5.082E+00 1.291E+05 1.848E+06 2.241E+38 2.030E+07
  7.125E+06 7.067E-31 1.000E-05 5.920E+00 1.095E+05 1.699E+06 2.597E+38 2.030E+07
  7.225E+06 6.122E-31 1.000E-05 6.908E+00 9.278E+04 1.574E+06 3.015E+38 2.030E+07
  7.325E+06 5.294E-31 1.000E-05 8.077E+00 7.846E+04 1.470E+06 3.507E+38 2.030E+07
  7.425E+06 4.567E-31 1.000E-05 9.462E+00 6.628E+04 1.387E+06 4.087E+38 2.030E+07
  7.525E+06 3.927E-31 1.000E-05 1.110E+01 5.598E+04 1.325E+06 4.775E+38 2.030E+07
  7.625E+06 3.370E-31 1.000E-05 1.304E+01 4.725E+04 1.281E+06 5.589E+38 2.030E+07
  7.725E+06 2.886E-31 1.000E-05 1.535E+01 3.987E+04 1.254E+06 6.552E+38 2.030E+07
  7.825E+06 2.462E-31 1.000E-05 1.808E+01 3.368E+04 1.247E+06 7.698E+38 2.030E+07
  7.925E+06 2.097E-31 1.000E-05 2.130E+01 2.848E+04 1.257E+06 9.058E+38 2.030E+07
  8.025E+06 1.783E-31 1.000E-05 2.512E+01 2.409E+04 1.282E+06 1.067E+39 2.030E+07
  8.125E+06 1.512E-31 1.000E-05 2.963E+01 2.042E+04 1.324E+06 1.258E+39 2.030E+07
  8.225E+06 1.281E-31 1.000E-05 3.494E+01 1.734E+04 1.383E+06 1.485E+39 2.030E+07
  8.325E+06 1.085E-31 1.000E-05 4.119E+01 1.474E+04 1.457E+06 1.752E+39 2.030E+07
  8.425E+06 9.180E-32 1.000E-05 4.853E+01 1.254E+04 1.550E+06 2.068E+39 2.030E+07
  8.525E+06 7.767E-32 1.000E-05 5.716E+01 1.069E+04 1.663E+06 2.440E+39 2.030E+07
  8.625E+06 6.578E-32 1.000E-05 6.727E+01 9.120E+03 1.792E+06 2.877E+39 2.030E+07
  8.725E+06 5.580E-32 1.000E-05 7.913E+01 7.778E+03 1.937E+06 3.388E+39 2.030E+07
  8.825E+06 4.739E-32 1.000E-05 9.303E+01 6.635E+03 2.099E+06 3.987E+39 2.030E+07
  8.925E+06 4.029E-32 1.000E-05 1.093E+02 5.662E+03 2.282E+06 4.688E+39 2.030E+07
  9.025E+06 3.433E-32 1.000E-05 1.284E+02 4.827E+03 2.480E+06 5.506E+39 2.030E+07
  9.125E+06 2.930E-32 1.000E-05 1.508E+02 4.112E+03 2.697E+06 6.460E+39 2.030E+07
  9.225E+06 2.501E-32 1.000E-05 1.771E+02 3.505E+03 2.937E+06 7.578E+39 2.030E+07
  9.325E+06 2.137E-32 1.000E-05 2.080E+02 2.986E+03 3.199E+06 8.884E+39 2.030E+07
  9.425E+06 1.828E-32 1.000E-05 2.442E+02 2.543E+03 3.484E+06 1.041E+40 2.030E+07
  9.525E+06 1.564E-32 1.000E-05 2.868E+02 2.167E+03 3.798E+06 1.220E+40 2.030E+07
  9.625E+06 1.337E-32 1.000E-05 3.367E+02 1.848E+03 4.145E+06 1.430E+40 2.030E+07
  9.725E+06 1.143E-32 1.000E-05 3.952E+02 1.578E+03 4.525E+06 1.675E+40 2.030E+07
  9.825E+06 9.769E-33 1.000E-05 4.636E+02 1.348E+03 4.940E+06 1.963E+40 2.030E+07
  9.925E+06 8.329E-33 1.000E-05 5.437E+02 1.155E+03 5.430E+06 2.302E+40 2.030E+07


 PHOTOLYSIS RATES

     Z      PO2_O1D    PO2_O3P    PH2O_1     PH2O_2     PH2O_3     PO3_O1D    PO3_O      PO3_3O     
 2.50E+04   0.00E+00   6.64E-36   1.05E-37   0.00E+00   0.00E+00   8.15E-06   2.11E-04   2.68E-42
 1.75E+05   0.00E+00   8.04E-33   3.07E-34   0.00E+00   0.00E+00   9.52E-06   2.19E-04   1.29E-35
 3.25E+05   0.00E+00   6.15E-30   5.10E-31   0.00E+00   0.00E+00   1.07E-05   2.25E-04   1.52E-30
 4.75E+05   0.00E+00   2.51E-27   4.43E-28   0.00E+00   0.00E+00   1.18E-05   2.31E-04   1.27E-26
 6.25E+05   0.00E+00   5.33E-25   1.89E-25   0.00E+00   0.00E+00   1.27E-05   2.36E-04   1.65E-23
 7.75E+05   0.00E+00   6.10E-23   3.76E-23   0.00E+00   0.00E+00   1.35E-05   2.40E-04   6.01E-21
 9.25E+05   0.00E+00   3.89E-21   3.58E-21   0.00E+00   0.00E+00   1.43E-05   2.44E-04   8.45E-19
 1.08E+06   0.00E+00   1.42E-19   1.75E-19   0.00E+00   0.00E+00   1.50E-05   2.48E-04   5.50E-17
 1.22E+06   0.00E+00   3.07E-18   4.65E-18   0.00E+00   0.00E+00   1.58E-05   2.51E-04   1.83E-15
 1.38E+06   0.00E+00   4.02E-17   7.12E-17   0.00E+00   0.00E+00   1.66E-05   2.53E-04   3.33E-14
 1.52E+06   0.00E+00   3.38E-16   6.78E-16   0.00E+00   0.00E+00   1.73E-05   2.55E-04   3.63E-13
 1.68E+06   0.00E+00   1.96E-15   4.32E-15   0.00E+00   0.00E+00   1.80E-05   2.57E-04   2.58E-12
 1.82E+06   0.00E+00   8.32E-15   1.98E-14   0.00E+00   0.00E+00   1.88E-05   2.58E-04   1.29E-11
 1.98E+06   0.00E+00   2.85E-14   7.16E-14   0.00E+00   0.00E+00   2.00E-05   2.60E-04   4.97E-11
 2.12E+06   0.00E+00   8.57E-14   2.21E-13   0.00E+00   0.00E+00   2.19E-05   2.61E-04   1.61E-10
 2.28E+06   0.00E+00   2.33E-13   6.13E-13   0.00E+00   0.00E+00   2.49E-05   2.63E-04   4.62E-10
 2.42E+06   0.00E+00   5.83E-13   1.55E-12   0.00E+00   0.00E+00   2.92E-05   2.66E-04   1.19E-09
 2.58E+06   0.00E+00   1.34E-12   3.63E-12   0.00E+00   0.00E+00   3.54E-05   2.68E-04   2.77E-09
 2.72E+06   0.00E+00   2.86E-12   7.90E-12   0.00E+00   0.00E+00   4.42E-05   2.71E-04   5.88E-09
 2.88E+06   0.00E+00   5.65E-12   1.60E-11   0.00E+00   0.00E+00   5.65E-05   2.74E-04   1.14E-08
 3.02E+06   5.29-172   1.04E-11   2.99E-11   2.40-169   3.59-169   7.38E-05   2.77E-04   2.04E-08
 3.18E+06   7.53-141   1.78E-11   5.18E-11   3.41-138   5.11-138   9.77E-05   2.81E-04   3.34E-08
 3.32E+06   4.45-116   2.87E-11   8.38E-11   2.02-113   3.02-113   1.30E-04   2.86E-04   5.10E-08
 3.48E+06   2.10E-96   4.35E-11   1.28E-10   9.50E-94   1.43E-93   1.74E-04   2.92E-04   7.26E-08
 3.62E+06   9.01E-81   6.27E-11   1.88E-10   4.08E-78   6.12E-78   2.30E-04   2.99E-04   9.79E-08
 3.78E+06   2.54E-68   8.65E-11   2.69E-10   1.15E-65   1.72E-65   3.04E-04   3.08E-04   1.26E-07
 3.92E+06   2.26E-58   1.15E-10   3.79E-10   1.02E-55   1.53E-55   4.05E-04   3.20E-04   1.57E-07
 4.08E+06   2.14E-50   1.47E-10   5.24E-10   9.69E-48   1.45E-47   5.47E-04   3.36E-04   1.89E-07
 4.22E+06   5.56E-44   1.82E-10   7.09E-10   2.52E-41   3.78E-41   7.56E-04   3.59E-04   2.23E-07
 4.38E+06   8.39E-39   2.19E-10   9.34E-10   3.80E-36   5.70E-36   1.04E-03   3.92E-04   2.56E-07
 4.52E+06   1.36E-34   2.54E-10   1.20E-09   6.15E-32   9.22E-32   1.40E-03   4.32E-04   2.89E-07
 4.68E+06   3.92E-31   2.87E-10   1.49E-09   1.78E-28   2.67E-28   1.79E-03   4.75E-04   3.22E-07
 4.82E+06   3.05E-28   3.17E-10   1.82E-09   1.38E-25   2.07E-25   2.17E-03   5.17E-04   3.53E-07
 4.98E+06   8.51E-26   3.44E-10   2.17E-09   3.86E-23   5.78E-23   2.51E-03   5.55E-04   3.83E-07
 5.12E+06   1.01E-23   3.69E-10   2.55E-09   4.56E-21   6.85E-21   2.79E-03   5.87E-04   4.12E-07
 5.28E+06   5.67E-22   3.93E-10   2.97E-09   2.57E-19   3.85E-19   3.02E-03   6.13E-04   4.39E-07
 5.42E+06   1.67E-20   4.17E-10   3.45E-09   7.57E-18   1.14E-17   3.20E-03   6.33E-04   4.66E-07
 5.58E+06   2.84E-19   4.42E-10   4.04E-09   1.29E-16   1.93E-16   3.35E-03   6.49E-04   4.91E-07
 5.72E+06   3.01E-18   4.71E-10   4.78E-09   1.36E-15   2.05E-15   3.46E-03   6.62E-04   5.17E-07
 5.88E+06   2.15E-17   5.02E-10   5.74E-09   9.76E-15   1.46E-14   3.54E-03   6.72E-04   5.42E-07
 6.02E+06   1.10E-16   5.39E-10   6.96E-09   5.00E-14   7.51E-14   3.61E-03   6.79E-04   5.66E-07
 6.18E+06   4.29E-16   5.79E-10   8.48E-09   1.94E-13   2.91E-13   3.65E-03   6.85E-04   5.91E-07
 6.32E+06   1.32E-15   6.26E-10   1.03E-08   5.96E-13   8.94E-13   3.69E-03   6.89E-04   6.15E-07
 6.48E+06   3.49E-15   6.78E-10   1.23E-08   1.53E-12   2.30E-12   3.71E-03   6.92E-04   6.39E-07
 6.62E+06   1.07E-14   7.38E-10   1.47E-08   3.93E-12   5.90E-12   3.73E-03   6.94E-04   6.62E-07
 6.78E+06   5.59E-14   8.08E-10   1.73E-08   1.46E-11   2.18E-11   3.75E-03   6.96E-04   6.84E-07
 6.92E+06   3.43E-13   8.93E-10   2.07E-08   7.42E-11   1.11E-10   3.75E-03   6.97E-04   7.07E-07
 7.08E+06   1.71E-12   9.97E-10   2.62E-08   3.48E-10   5.22E-10   3.76E-03   6.98E-04   7.33E-07
 7.22E+06   6.51E-12   1.13E-09   3.75E-08   1.30E-09   1.94E-09   3.77E-03   6.99E-04   7.68E-07
 7.38E+06   1.96E-11   1.31E-09   6.19E-08   3.83E-09   5.75E-09   3.77E-03   6.99E-04   8.24E-07
 7.52E+06   4.82E-11   1.56E-09   1.10E-07   9.29E-09   1.39E-08   3.77E-03   6.99E-04   9.22E-07
 7.68E+06   1.00E-10   1.92E-09   1.91E-07   1.90E-08   2.85E-08   3.77E-03   7.00E-04   1.08E-06
 7.82E+06   1.81E-10   2.45E-09   3.14E-07   3.38E-08   5.08E-08   3.77E-03   7.00E-04   1.31E-06
 7.98E+06   2.89E-10   3.18E-09   4.76E-07   5.36E-08   8.04E-08   3.77E-03   7.00E-04   1.60E-06
 8.12E+06   4.20E-10   4.15E-09   6.70E-07   7.71E-08   1.16E-07   3.77E-03   7.00E-04   1.95E-06
 8.28E+06   5.65E-10   5.42E-09   8.83E-07   1.03E-07   1.54E-07   3.77E-03   7.00E-04   2.32E-06
 8.42E+06   7.21E-10   7.01E-09   1.10E-06   1.29E-07   1.93E-07   3.77E-03   7.00E-04   2.71E-06
 8.58E+06   9.03E-10   9.00E-09   1.32E-06   1.54E-07   2.31E-07   3.78E-03   7.00E-04   3.08E-06
 8.72E+06   1.16E-09   1.15E-08   1.54E-06   1.78E-07   2.67E-07   3.78E-03   7.00E-04   3.45E-06
 8.88E+06   1.55E-09   1.47E-08   1.76E-06   2.02E-07   3.03E-07   3.78E-03   7.00E-04   3.82E-06
 9.02E+06   2.20E-09   1.89E-08   2.00E-06   2.27E-07   3.40E-07   3.78E-03   7.00E-04   4.21E-06
 9.18E+06   3.32E-09   2.46E-08   2.25E-06   2.53E-07   3.78E-07   3.78E-03   7.01E-04   4.62E-06
 9.32E+06   5.76E-09   3.19E-08   2.53E-06   2.80E-07   4.17E-07   3.78E-03   7.01E-04   5.06E-06
 9.48E+06   1.22E-08   4.09E-08   2.85E-06   3.08E-07   4.57E-07   3.78E-03   7.01E-04   5.53E-06
 9.62E+06   3.02E-08   5.15E-08   3.23E-06   3.37E-07   4.97E-07   3.78E-03   7.01E-04   6.01E-06
 9.78E+06   8.32E-08   6.38E-08   3.74E-06   3.67E-07   5.36E-07   3.78E-03   7.01E-04   6.52E-06
 9.92E+06   3.12E-07   8.19E-08   4.62E-06   4.00E-07   5.73E-07   3.78E-03   7.01E-04   7.11E-06

     Z      PH2O2      PCO2_1     PCO2_2     PH2CO_1    PH2CO_2    PHO2       PCH4_1     PCH4_2     
 2.50E+04   2.10E-06   4.96E-47   0.00E+00   1.74E-05   1.03E-05   5.56E-30   0.00E+00   0.00E+00
 1.75E+05   2.38E-06   2.71E-40   0.00E+00   2.00E-05   1.21E-05   6.55E-27   0.00E+00   0.00E+00
 3.25E+05   2.61E-06   3.26E-35   0.00E+00   2.23E-05   1.37E-05   4.89E-24   0.00E+00   0.00E+00
 4.75E+05   2.80E-06   2.71E-31   0.00E+00   2.43E-05   1.51E-05   1.95E-21   0.00E+00   0.00E+00
 6.25E+05   2.96E-06   3.48E-28   0.00E+00   2.62E-05   1.64E-05   4.06E-19   0.00E+00   0.00E+00
 7.75E+05   3.08E-06   1.24E-25   0.00E+00   2.78E-05   1.75E-05   4.55E-17   0.00E+00   0.00E+00
 9.25E+05   3.18E-06   1.70E-23   0.00E+00   2.93E-05   1.86E-05   2.85E-15   0.00E+00   0.00E+00
 1.08E+06   3.26E-06   1.09E-21   0.00E+00   3.05E-05   1.95E-05   1.03E-13   0.00E+00   0.00E+00
 1.22E+06   3.35E-06   3.57E-20   0.00E+00   3.16E-05   2.03E-05   2.18E-12   0.00E+00   0.00E+00
 1.38E+06   3.44E-06   6.47E-19   0.00E+00   3.26E-05   2.10E-05   2.82E-11   0.00E+00   0.00E+00
 1.52E+06   3.52E-06   7.06E-18   0.00E+00   3.33E-05   2.16E-05   2.36E-10   0.00E+00   0.00E+00
 1.68E+06   3.59E-06   5.01E-17   0.00E+00   3.40E-05   2.22E-05   1.35E-09   0.00E+00   0.00E+00
 1.82E+06   3.67E-06   2.51E-16   0.00E+00   3.45E-05   2.27E-05   5.72E-09   0.00E+00   0.00E+00
 1.98E+06   3.77E-06   9.65E-16   0.00E+00   3.50E-05   2.31E-05   1.95E-08   0.00E+00   0.00E+00
 2.12E+06   3.89E-06   3.14E-15   0.00E+00   3.55E-05   2.37E-05   5.83E-08   0.00E+00   0.00E+00
 2.28E+06   4.03E-06   9.08E-15   0.00E+00   3.60E-05   2.45E-05   1.58E-07   0.00E+00   0.00E+00
 2.42E+06   4.23E-06   2.40E-14   0.00E+00   3.65E-05   2.54E-05   3.93E-07   0.00E+00   0.00E+00
 2.58E+06   4.48E-06   5.88E-14   0.00E+00   3.71E-05   2.64E-05   9.01E-07   0.00E+00   0.00E+00
 2.72E+06   4.83E-06   1.34E-13   0.00E+00   3.76E-05   2.76E-05   1.91E-06   0.00E+00   0.00E+00
 2.88E+06   5.31E-06   2.83E-13   0.00E+00   3.83E-05   2.90E-05   3.77E-06   0.00E+00   0.00E+00
 3.02E+06   5.95E-06   5.49E-13   1.06-170   3.89E-05   3.05E-05   6.94E-06   8.64-169   1.68-168
 3.18E+06   6.82E-06   9.77E-13   1.51-139   3.96E-05   3.21E-05   1.19E-05   1.23-137   2.39-137
 3.32E+06   7.95E-06   1.61E-12   8.95-115   4.02E-05   3.38E-05   1.93E-05   7.27-113   1.41-112
 3.48E+06   9.38E-06   2.46E-12   4.22E-95   4.09E-05   3.56E-05   2.95E-05   3.43E-93   6.65E-93
 3.62E+06   1.11E-05   3.58E-12   1.81E-79   4.16E-05   3.73E-05   4.27E-05   1.47E-77   2.85E-77
 3.78E+06   1.32E-05   4.98E-12   5.10E-67   4.23E-05   3.90E-05   5.91E-05   4.14E-65   8.05E-65
 3.92E+06   1.56E-05   6.71E-12   4.54E-57   4.29E-05   4.06E-05   7.88E-05   3.69E-55   7.16E-55
 4.08E+06   1.84E-05   8.79E-12   4.30E-49   4.35E-05   4.21E-05   1.02E-04   3.49E-47   6.78E-47
 4.22E+06   2.17E-05   1.12E-11   1.12E-42   4.41E-05   4.35E-05   1.27E-04   9.08E-41   1.76E-40
 4.38E+06   2.54E-05   1.40E-11   1.69E-37   4.47E-05   4.47E-05   1.53E-04   1.37E-35   2.66E-35
 4.52E+06   2.93E-05   1.71E-11   2.73E-33   4.52E-05   4.57E-05   1.78E-04   2.22E-31   4.30E-31
 4.68E+06   3.32E-05   2.04E-11   7.89E-30   4.56E-05   4.65E-05   2.02E-04   6.41E-28   1.24E-27
 4.82E+06   3.68E-05   2.38E-11   6.14E-27   4.60E-05   4.72E-05   2.22E-04   4.99E-25   9.68E-25
 4.98E+06   3.98E-05   2.75E-11   1.71E-24   4.63E-05   4.77E-05   2.38E-04   1.39E-22   2.70E-22
 5.12E+06   4.24E-05   3.12E-11   2.03E-22   4.66E-05   4.80E-05   2.52E-04   1.65E-20   3.19E-20
 5.28E+06   4.44E-05   3.51E-11   1.14E-20   4.68E-05   4.83E-05   2.62E-04   9.26E-19   1.80E-18
 5.42E+06   4.60E-05   3.92E-11   3.36E-19   4.69E-05   4.86E-05   2.71E-04   2.73E-17   5.30E-17
 5.58E+06   4.72E-05   4.37E-11   5.71E-18   4.70E-05   4.87E-05   2.77E-04   4.63E-16   9.00E-16
 5.72E+06   4.81E-05   4.86E-11   6.06E-17   4.71E-05   4.89E-05   2.82E-04   4.92E-15   9.55E-15
 5.88E+06   4.88E-05   5.41E-11   4.33E-16   4.72E-05   4.89E-05   2.86E-04   3.52E-14   6.83E-14
 6.02E+06   4.94E-05   6.03E-11   2.22E-15   4.72E-05   4.90E-05   2.90E-04   1.80E-13   3.50E-13
 6.18E+06   4.98E-05   6.72E-11   8.61E-15   4.72E-05   4.91E-05   2.92E-04   7.00E-13   1.36E-12
 6.32E+06   5.01E-05   7.49E-11   2.65E-14   4.73E-05   4.91E-05   2.94E-04   2.15E-12   4.17E-12
 6.48E+06   5.03E-05   8.32E-11   6.84E-14   4.73E-05   4.91E-05   2.96E-04   5.57E-12   1.07E-11
 6.62E+06   5.04E-05   9.22E-11   1.80E-13   4.73E-05   4.92E-05   2.97E-04   1.48E-11   2.60E-11
 6.78E+06   5.06E-05   1.02E-10   7.13E-13   4.73E-05   4.92E-05   2.98E-04   6.02E-11   8.38E-11
 6.92E+06   5.07E-05   1.12E-10   3.79E-12   4.73E-05   4.92E-05   2.99E-04   3.25E-10   3.84E-10
 7.08E+06   5.07E-05   1.24E-10   1.80E-11   4.73E-05   4.92E-05   2.99E-04   1.55E-09   1.73E-09
 7.22E+06   5.08E-05   1.36E-10   6.72E-11   4.73E-05   4.92E-05   3.00E-04   5.79E-09   6.36E-09
 7.38E+06   5.08E-05   1.51E-10   1.99E-10   4.74E-05   4.92E-05   3.00E-04   1.71E-08   1.87E-08
 7.52E+06   5.09E-05   1.68E-10   4.82E-10   4.74E-05   4.92E-05   3.01E-04   4.15E-08   4.51E-08
 7.68E+06   5.10E-05   1.89E-10   9.87E-10   4.74E-05   4.93E-05   3.01E-04   8.48E-08   9.21E-08
 7.82E+06   5.12E-05   2.13E-10   1.75E-09   4.75E-05   4.93E-05   3.01E-04   1.51E-07   1.63E-07
 7.98E+06   5.14E-05   2.43E-10   2.78E-09   4.75E-05   4.94E-05   3.02E-04   2.38E-07   2.58E-07
 8.12E+06   5.16E-05   2.79E-10   3.99E-09   4.76E-05   4.95E-05   3.02E-04   3.42E-07   3.70E-07
 8.28E+06   5.19E-05   3.20E-10   5.32E-09   4.77E-05   4.96E-05   3.02E-04   4.55E-07   4.92E-07
 8.42E+06   5.22E-05   3.67E-10   6.66E-09   4.78E-05   4.97E-05   3.03E-04   5.70E-07   6.16E-07
 8.58E+06   5.24E-05   4.20E-10   7.98E-09   4.79E-05   4.98E-05   3.03E-04   6.82E-07   7.37E-07
 8.72E+06   5.27E-05   4.79E-10   9.27E-09   4.80E-05   4.99E-05   3.03E-04   7.91E-07   8.55E-07
 8.88E+06   5.30E-05   5.47E-10   1.06E-08   4.81E-05   5.00E-05   3.04E-04   9.02E-07   9.75E-07
 9.02E+06   5.32E-05   6.27E-10   1.20E-08   4.82E-05   5.01E-05   3.04E-04   1.02E-06   1.10E-06
 9.18E+06   5.35E-05   7.25E-10   1.37E-08   4.83E-05   5.02E-05   3.04E-04   1.14E-06   1.24E-06
 9.32E+06   5.38E-05   8.52E-10   1.56E-08   4.85E-05   5.03E-05   3.05E-04   1.28E-06   1.38E-06
 9.48E+06   5.42E-05   1.04E-09   1.80E-08   4.87E-05   5.06E-05   3.05E-04   1.43E-06   1.54E-06
 9.62E+06   5.45E-05   1.39E-09   2.09E-08   4.91E-05   5.09E-05   3.05E-04   1.59E-06   1.70E-06
 9.78E+06   5.50E-05   2.15E-09   2.47E-08   4.96E-05   5.15E-05   3.05E-04   1.75E-06   1.87E-06
 9.92E+06   5.58E-05   3.77E-09   3.46E-08   5.04E-05   5.22E-05   3.06E-04   1.94E-06   2.06E-06

     Z      PCH4_3     PCH3_1     PC2H6_1    PC2H6_2    PHNO2_1    PHNO3      PHNO3_3    PHNO3_1    
 2.50E+04   0.00E+00   2.90E-30   0.00E+00   0.00E+00   5.60E-04   1.68E-07   4.21E-42   3.03E-42
 1.75E+05   0.00E+00   4.90E-27   0.00E+00   0.00E+00   6.23E-04   1.90E-07   2.37E-35   1.70E-35
 3.25E+05   0.00E+00   3.71E-24   0.00E+00   0.00E+00   6.79E-04   2.07E-07   2.84E-30   2.04E-30
 4.75E+05   0.00E+00   1.31E-21   0.00E+00   0.00E+00   7.29E-04   2.19E-07   2.34E-26   1.68E-26
 6.25E+05   0.00E+00   2.43E-19   0.00E+00   0.00E+00   7.73E-04   2.26E-07   2.97E-23   2.14E-23
 7.75E+05   0.00E+00   2.54E-17   0.00E+00   0.00E+00   8.11E-04   2.30E-07   1.05E-20   7.53E-21
 9.25E+05   0.00E+00   1.53E-15   0.00E+00   0.00E+00   8.45E-04   2.30E-07   1.44E-18   1.03E-18
 1.08E+06   0.00E+00   5.41E-14   0.00E+00   0.00E+00   8.74E-04   2.30E-07   9.25E-17   6.64E-17
 1.22E+06   0.00E+00   1.13E-12   0.00E+00   0.00E+00   8.99E-04   2.32E-07   3.09E-15   2.22E-15
 1.38E+06   0.00E+00   1.45E-11   0.00E+00   0.00E+00   9.20E-04   2.34E-07   5.78E-14   4.15E-14
 1.52E+06   0.00E+00   1.19E-10   0.00E+00   0.00E+00   9.37E-04   2.38E-07   6.52E-13   4.68E-13
 1.68E+06   0.00E+00   6.74E-10   0.00E+00   0.00E+00   9.50E-04   2.43E-07   4.79E-12   3.44E-12
 1.82E+06   0.00E+00   2.81E-09   0.00E+00   0.00E+00   9.61E-04   2.55E-07   2.48E-11   1.78E-11
 1.98E+06   0.00E+00   9.50E-09   0.00E+00   0.00E+00   9.70E-04   2.76E-07   9.90E-11   7.11E-11
 2.12E+06   0.00E+00   2.83E-08   0.00E+00   0.00E+00   9.77E-04   3.15E-07   3.34E-10   2.40E-10
 2.28E+06   0.00E+00   7.66E-08   0.00E+00   0.00E+00   9.84E-04   3.90E-07   1.01E-09   7.27E-10
 2.42E+06   0.00E+00   1.91E-07   0.00E+00   0.00E+00   9.89E-04   5.37E-07   2.84E-09   2.04E-09
 2.58E+06   0.00E+00   4.43E-07   0.00E+00   0.00E+00   9.94E-04   8.15E-07   7.49E-09   5.37E-09
 2.72E+06   0.00E+00   9.59E-07   0.00E+00   0.00E+00   9.98E-04   1.31E-06   1.84E-08   1.32E-08
 2.88E+06   0.00E+00   1.95E-06   0.00E+00   0.00E+00   1.00E-03   2.12E-06   4.17E-08   3.00E-08
 3.02E+06   2.59-168   3.71E-06   0.00E+00   0.00E+00   1.01E-03   3.36E-06   8.58E-08   6.16E-08
 3.18E+06   3.68-137   6.60E-06   0.00E+00   0.00E+00   1.01E-03   5.08E-06   1.60E-07   1.15E-07
 3.32E+06   2.18-112   1.09E-05   0.00E+00   0.00E+00   1.02E-03   7.32E-06   2.73E-07   1.96E-07
 3.48E+06   1.03E-92   1.68E-05   0.00E+00   0.00E+00   1.02E-03   1.00E-05   4.30E-07   3.09E-07
 3.62E+06   4.40E-77   2.38E-05   0.00E+00   0.00E+00   1.03E-03   1.30E-05   6.36E-07   4.56E-07
 3.78E+06   1.24E-64   3.17E-05   0.00E+00   0.00E+00   1.04E-03   1.63E-05   8.92E-07   6.40E-07
 3.92E+06   1.10E-54   3.99E-05   0.00E+00   0.00E+00   1.05E-03   1.98E-05   1.20E-06   8.60E-07
 4.08E+06   1.05E-46   4.78E-05   5.60-147   1.40-147   1.06E-03   2.33E-05   1.55E-06   1.12E-06
 4.22E+06   2.72E-40   5.50E-05   5.06-122   1.26-122   1.07E-03   2.69E-05   1.95E-06   1.40E-06
 4.38E+06   4.10E-35   6.12E-05   7.31-102   1.83-102   1.08E-03   3.04E-05   2.38E-06   1.71E-06
 4.52E+06   6.64E-31   6.63E-05   1.66E-85   4.16E-86   1.09E-03   3.37E-05   2.82E-06   2.03E-06
 4.68E+06   1.92E-27   7.04E-05   3.63E-72   9.08E-73   1.10E-03   3.67E-05   3.28E-06   2.36E-06
 4.82E+06   1.49E-24   7.36E-05   3.09E-61   7.74E-62   1.11E-03   3.94E-05   3.74E-06   2.69E-06
 4.98E+06   4.16E-22   7.60E-05   3.06E-52   7.66E-53   1.12E-03   4.16E-05   4.20E-06   3.02E-06
 5.12E+06   4.93E-20   7.79E-05   8.29E-45   2.07E-45   1.13E-03   4.35E-05   4.65E-06   3.34E-06
 5.28E+06   2.77E-18   7.94E-05   1.20E-38   3.00E-39   1.14E-03   4.50E-05   5.10E-06   3.66E-06
 5.42E+06   8.18E-17   8.05E-05   1.62E-33   4.04E-34   1.14E-03   4.62E-05   5.53E-06   3.97E-06
 5.58E+06   1.39E-15   8.14E-05   3.33E-29   8.33E-30   1.14E-03   4.71E-05   5.97E-06   4.28E-06
 5.72E+06   1.47E-14   8.22E-05   1.64E-25   4.09E-26   1.15E-03   4.78E-05   6.40E-06   4.59E-06
 5.88E+06   1.05E-13   8.27E-05   2.52E-22   6.30E-23   1.15E-03   4.84E-05   6.83E-06   4.90E-06
 6.02E+06   5.40E-13   8.32E-05   1.34E-19   3.34E-20   1.15E-03   4.89E-05   7.26E-06   5.21E-06
 6.18E+06   2.10E-12   8.35E-05   2.63E-17   6.57E-18   1.15E-03   4.92E-05   7.68E-06   5.52E-06
 6.32E+06   6.43E-12   8.38E-05   2.14E-15   5.35E-16   1.15E-03   4.95E-05   8.10E-06   5.82E-06
 6.48E+06   1.62E-11   8.40E-05   8.15E-14   2.04E-14   1.15E-03   4.97E-05   8.52E-06   6.12E-06
 6.62E+06   3.51E-11   8.42E-05   1.64E-12   4.09E-13   1.15E-03   4.98E-05   8.92E-06   6.41E-06
 6.78E+06   7.12E-11   8.43E-05   1.93E-11   4.82E-12   1.15E-03   4.99E-05   9.32E-06   6.69E-06
 6.92E+06   1.59E-10   8.44E-05   1.46E-10   3.66E-11   1.15E-03   5.00E-05   9.70E-06   6.96E-06
 7.08E+06   4.34E-10   8.45E-05   7.77E-10   1.94E-10   1.15E-03   5.01E-05   1.01E-05   7.23E-06
 7.22E+06   1.27E-09   8.46E-05   3.09E-09   7.71E-10   1.16E-03   5.02E-05   1.04E-05   7.49E-06
 7.38E+06   3.39E-09   8.46E-05   9.62E-09   2.40E-09   1.16E-03   5.02E-05   1.08E-05   7.76E-06
 7.52E+06   7.85E-09   8.46E-05   2.45E-08   6.12E-09   1.16E-03   5.03E-05   1.12E-05   8.03E-06
 7.68E+06   1.57E-08   8.47E-05   5.25E-08   1.31E-08   1.16E-03   5.05E-05   1.16E-05   8.32E-06
 7.82E+06   2.75E-08   8.47E-05   9.72E-08   2.43E-08   1.16E-03   5.08E-05   1.20E-05   8.64E-06
 7.98E+06   4.31E-08   8.47E-05   1.59E-07   3.98E-08   1.16E-03   5.11E-05   1.25E-05   8.99E-06
 8.12E+06   6.15E-08   8.47E-05   2.35E-07   5.89E-08   1.16E-03   5.16E-05   1.31E-05   9.37E-06
 8.28E+06   8.15E-08   8.47E-05   3.20E-07   8.01E-08   1.16E-03   5.21E-05   1.36E-05   9.78E-06
 8.42E+06   1.02E-07   8.47E-05   4.08E-07   1.02E-07   1.16E-03   5.26E-05   1.42E-05   1.02E-05
 8.58E+06   1.22E-07   8.48E-05   4.93E-07   1.23E-07   1.16E-03   5.32E-05   1.48E-05   1.06E-05
 8.72E+06   1.41E-07   8.48E-05   5.72E-07   1.43E-07   1.16E-03   5.37E-05   1.54E-05   1.10E-05
 8.88E+06   1.62E-07   8.48E-05   6.43E-07   1.61E-07   1.16E-03   5.43E-05   1.59E-05   1.14E-05
 9.02E+06   1.84E-07   8.48E-05   7.05E-07   1.76E-07   1.16E-03   5.47E-05   1.65E-05   1.19E-05
 9.18E+06   2.08E-07   8.48E-05   7.59E-07   1.90E-07   1.16E-03   5.52E-05   1.71E-05   1.23E-05
 9.32E+06   2.34E-07   8.48E-05   8.09E-07   2.02E-07   1.16E-03   5.56E-05   1.77E-05   1.27E-05
 9.48E+06   2.62E-07   8.48E-05   8.56E-07   2.14E-07   1.16E-03   5.60E-05   1.83E-05   1.31E-05
 9.62E+06   2.91E-07   8.48E-05   9.02E-07   2.26E-07   1.16E-03   5.64E-05   1.89E-05   1.36E-05
 9.78E+06   3.21E-07   8.48E-05   9.53E-07   2.38E-07   1.16E-03   5.70E-05   1.97E-05   1.41E-05
 9.92E+06   3.53E-07   8.48E-05   1.03E-06   2.58E-07   1.16E-03   5.79E-05   2.08E-05   1.49E-05

     Z      PNO        PNO2_O1D   PNO2       PSO        PH2S       PSO2       PSO2_SO21  PSO2_SO23  
 2.50E+04   0.00E+00   3.07E-31   3.71E-03   3.77E-30   3.11E-14   2.44E-30   3.98E-05   4.42E-07
 1.75E+05   0.00E+00   3.49E-28   4.08E-03   5.87E-27   3.81E-14   3.52E-27   4.73E-05   4.89E-07
 3.25E+05   0.00E+00   2.51E-25   4.40E-03   5.49E-24   4.47E-14   3.15E-24   5.41E-05   5.30E-07
 4.75E+05   0.00E+00   9.67E-23   4.69E-03   2.56E-21   5.11E-14   1.44E-21   6.04E-05   5.67E-07
 6.25E+05   0.00E+00   1.96E-20   4.94E-03   5.96E-19   5.74E-14   3.40E-19   6.62E-05   5.99E-07
 7.75E+05   1.43-162   2.13E-18   5.16E-03   7.30E-17   6.37E-14   4.24E-17   7.15E-05   6.27E-07
 9.25E+05   3.08-131   1.30E-16   5.36E-03   4.89E-15   7.20E-14   2.90E-15   7.65E-05   6.51E-07
 1.08E+06   1.81-106   4.59E-15   5.52E-03   1.86E-13   1.57E-13   1.12E-13   8.11E-05   6.72E-07
 1.22E+06   1.54E-86   9.58E-14   5.67E-03   4.09E-12   1.90E-12   2.50E-12   8.52E-05   6.90E-07
 1.38E+06   1.94E-70   1.23E-12   5.78E-03   5.45E-11   2.47E-11   3.35E-11   8.89E-05   7.05E-07
 1.52E+06   1.60E-57   1.01E-11   5.88E-03   4.64E-10   2.12E-10   2.87E-10   9.23E-05   7.17E-07
 1.68E+06   3.00E-47   5.77E-11   5.96E-03   2.71E-09   1.25E-09   1.68E-09   9.53E-05   7.26E-07
 1.82E+06   3.58E-39   2.43E-10   6.02E-03   1.16E-08   5.35E-09   7.20E-09   9.84E-05   7.34E-07
 1.98E+06   7.16E-33   8.24E-10   6.07E-03   3.96E-08   1.84E-08   2.47E-08   1.02E-04   7.40E-07
 2.12E+06   6.29E-28   2.46E-09   6.11E-03   1.18E-07   5.49E-08   7.36E-08   1.08E-04   7.45E-07
 2.28E+06   5.29E-24   6.70E-09   6.15E-03   3.19E-07   1.48E-07   1.98E-07   1.15E-04   7.49E-07
 2.42E+06   7.56E-21   1.67E-08   6.18E-03   7.84E-07   3.61E-07   4.83E-07   1.26E-04   7.52E-07
 2.58E+06   2.82E-18   3.87E-08   6.21E-03   1.77E-06   8.09E-07   1.08E-06   1.39E-04   7.54E-07
 2.72E+06   3.67E-16   8.30E-08   6.24E-03   3.68E-06   1.67E-06   2.23E-06   1.57E-04   7.56E-07
 2.88E+06   2.00E-14   1.66E-07   6.26E-03   7.05E-06   3.18E-06   4.25E-06   1.79E-04   7.58E-07
 3.02E+06   5.26E-13   3.10E-07   6.28E-03   1.25E-05   5.61E-06   7.49E-06   2.06E-04   7.59E-07
 3.18E+06   7.50E-12   5.43E-07   6.30E-03   2.06E-05   9.21E-06   1.23E-05   2.38E-04   7.60E-07
 3.32E+06   6.42E-11   8.96E-07   6.32E-03   3.15E-05   1.41E-05   1.87E-05   2.77E-04   7.61E-07
 3.48E+06   3.61E-10   1.39E-06   6.34E-03   4.52E-05   2.04E-05   2.68E-05   3.21E-04   7.62E-07
 3.62E+06   1.45E-09   2.06E-06   6.35E-03   6.11E-05   2.79E-05   3.63E-05   3.69E-04   7.62E-07
 3.78E+06   4.44E-09   2.90E-06   6.37E-03   7.85E-05   3.64E-05   4.67E-05   4.21E-04   7.63E-07
 3.92E+06   1.10E-08   3.93E-06   6.38E-03   9.65E-05   4.56E-05   5.75E-05   4.75E-04   7.63E-07
 4.08E+06   2.33E-08   5.11E-06   6.39E-03   1.14E-04   5.52E-05   6.83E-05   5.31E-04   7.63E-07
 4.22E+06   4.30E-08   6.39E-06   6.40E-03   1.31E-04   6.48E-05   7.85E-05   5.86E-04   7.63E-07
 4.38E+06   7.18E-08   7.70E-06   6.41E-03   1.46E-04   7.39E-05   8.77E-05   6.41E-04   7.64E-07
 4.52E+06   1.11E-07   8.94E-06   6.42E-03   1.59E-04   8.22E-05   9.56E-05   6.92E-04   7.64E-07
 4.68E+06   1.60E-07   1.00E-05   6.43E-03   1.70E-04   8.93E-05   1.02E-04   7.36E-04   7.64E-07
 4.82E+06   2.19E-07   1.10E-05   6.43E-03   1.79E-04   9.53E-05   1.08E-04   7.74E-04   7.64E-07
 4.98E+06   2.88E-07   1.17E-05   6.44E-03   1.86E-04   1.00E-04   1.12E-04   8.04E-04   7.64E-07
 5.12E+06   3.65E-07   1.23E-05   6.44E-03   1.92E-04   1.04E-04   1.16E-04   8.28E-04   7.64E-07
 5.28E+06   4.51E-07   1.28E-05   6.44E-03   1.97E-04   1.07E-04   1.18E-04   8.46E-04   7.64E-07
 5.42E+06   5.45E-07   1.31E-05   6.45E-03   2.01E-04   1.10E-04   1.21E-04   8.60E-04   7.64E-07
 5.58E+06   6.44E-07   1.34E-05   6.45E-03   2.04E-04   1.12E-04   1.23E-04   8.71E-04   7.64E-07
 5.72E+06   7.50E-07   1.37E-05   6.45E-03   2.07E-04   1.14E-04   1.25E-04   8.79E-04   7.64E-07
 5.88E+06   8.62E-07   1.39E-05   6.45E-03   2.09E-04   1.15E-04   1.26E-04   8.85E-04   7.64E-07
 6.02E+06   9.79E-07   1.40E-05   6.45E-03   2.11E-04   1.17E-04   1.27E-04   8.90E-04   7.64E-07
 6.18E+06   1.10E-06   1.42E-05   6.45E-03   2.13E-04   1.18E-04   1.29E-04   8.93E-04   7.64E-07
 6.32E+06   1.23E-06   1.43E-05   6.45E-03   2.14E-04   1.19E-04   1.30E-04   8.96E-04   7.64E-07
 6.48E+06   1.35E-06   1.44E-05   6.45E-03   2.15E-04   1.19E-04   1.30E-04   8.98E-04   7.64E-07
 6.62E+06   1.48E-06   1.45E-05   6.45E-03   2.16E-04   1.20E-04   1.31E-04   8.99E-04   7.64E-07
 6.78E+06   1.61E-06   1.45E-05   6.45E-03   2.17E-04   1.21E-04   1.32E-04   9.00E-04   7.64E-07
 6.92E+06   1.74E-06   1.46E-05   6.45E-03   2.18E-04   1.21E-04   1.32E-04   9.01E-04   7.64E-07
 7.08E+06   1.87E-06   1.47E-05   6.45E-03   2.19E-04   1.22E-04   1.33E-04   9.01E-04   7.64E-07
 7.22E+06   2.01E-06   1.48E-05   6.45E-03   2.19E-04   1.22E-04   1.33E-04   9.01E-04   7.64E-07
 7.38E+06   2.15E-06   1.48E-05   6.45E-03   2.20E-04   1.23E-04   1.34E-04   9.02E-04   7.64E-07
 7.52E+06   2.30E-06   1.49E-05   6.45E-03   2.20E-04   1.23E-04   1.34E-04   9.02E-04   7.64E-07
 7.68E+06   2.47E-06   1.51E-05   6.45E-03   2.21E-04   1.24E-04   1.35E-04   9.02E-04   7.64E-07
 7.82E+06   2.66E-06   1.52E-05   6.45E-03   2.21E-04   1.24E-04   1.36E-04   9.02E-04   7.64E-07
 7.98E+06   2.87E-06   1.54E-05   6.45E-03   2.21E-04   1.25E-04   1.36E-04   9.02E-04   7.64E-07
 8.12E+06   3.11E-06   1.56E-05   6.45E-03   2.21E-04   1.25E-04   1.37E-04   9.02E-04   7.64E-07
 8.28E+06   3.36E-06   1.59E-05   6.45E-03   2.22E-04   1.26E-04   1.38E-04   9.02E-04   7.64E-07
 8.42E+06   3.62E-06   1.61E-05   6.45E-03   2.22E-04   1.27E-04   1.39E-04   9.02E-04   7.64E-07
 8.58E+06   3.89E-06   1.64E-05   6.45E-03   2.22E-04   1.28E-04   1.40E-04   9.02E-04   7.64E-07
 8.72E+06   4.16E-06   1.67E-05   6.45E-03   2.22E-04   1.29E-04   1.41E-04   9.02E-04   7.64E-07
 8.88E+06   4.44E-06   1.69E-05   6.45E-03   2.22E-04   1.29E-04   1.42E-04   9.02E-04   7.64E-07
 9.02E+06   4.72E-06   1.72E-05   6.46E-03   2.23E-04   1.30E-04   1.43E-04   9.02E-04   7.64E-07
 9.18E+06   5.01E-06   1.75E-05   6.46E-03   2.23E-04   1.31E-04   1.44E-04   9.02E-04   7.64E-07
 9.32E+06   5.31E-06   1.78E-05   6.46E-03   2.23E-04   1.32E-04   1.45E-04   9.02E-04   7.64E-07
 9.48E+06   5.63E-06   1.82E-05   6.46E-03   2.23E-04   1.32E-04   1.46E-04   9.02E-04   7.64E-07
 9.62E+06   6.00E-06   1.86E-05   6.46E-03   2.23E-04   1.33E-04   1.47E-04   9.03E-04   7.64E-07
 9.78E+06   6.45E-06   1.92E-05   6.46E-03   2.23E-04   1.34E-04   1.48E-04   9.03E-04   7.64E-07
 9.92E+06   7.19E-06   2.02E-05   6.46E-03   2.23E-04   1.35E-04   1.49E-04   9.03E-04   7.64E-07

     Z      PH2SO4_1   PS2        PS4        PS3        PS8L       PS8R       PS8        PSO3       
 2.50E+04   3.44E-08   3.14E-05   1.20E-01   5.55E-01   0.00E+00   0.00E+00   8.56E-14   7.00E-08
 1.75E+05   3.49E-08   3.72E-05   1.24E-01   5.98E-01   0.00E+00   0.00E+00   1.21E-13   8.19E-08
 3.25E+05   3.53E-08   4.24E-05   1.28E-01   6.35E-01   0.00E+00   0.00E+00   1.66E-13   9.26E-08
 4.75E+05   3.56E-08   4.72E-05   1.31E-01   6.68E-01   0.00E+00   0.00E+00   2.22E-13   1.02E-07
 6.25E+05   3.58E-08   5.17E-05   1.34E-01   6.96E-01   0.00E+00   0.00E+00   2.92E-13   1.11E-07
 7.75E+05   3.61E-08   5.57E-05   1.36E-01   7.21E-01   0.00E+00   0.00E+00   3.80E-13   1.19E-07
 9.25E+05   3.62E-08   5.95E-05   1.38E-01   7.43E-01   0.00E+00   0.00E+00   4.93E-13   1.27E-07
 1.08E+06   3.64E-08   6.29E-05   1.40E-01   7.61E-01   0.00E+00   0.00E+00   6.38E-13   1.33E-07
 1.22E+06   3.65E-08   6.60E-05   1.41E-01   7.77E-01   0.00E+00   0.00E+00   8.31E-13   1.39E-07
 1.38E+06   3.66E-08   6.88E-05   1.42E-01   7.90E-01   0.00E+00   0.00E+00   1.08E-12   1.44E-07
 1.52E+06   3.67E-08   7.13E-05   1.43E-01   8.00E-01   0.00E+00   0.00E+00   1.42E-12   1.48E-07
 1.68E+06   3.68E-08   7.35E-05   1.44E-01   8.08E-01   0.00E+00   0.00E+00   1.86E-12   1.52E-07
 1.82E+06   3.68E-08   7.56E-05   1.45E-01   8.15E-01   0.00E+00   0.00E+00   2.44E-12   1.57E-07
 1.98E+06   3.69E-08   7.83E-05   1.45E-01   8.20E-01   0.00E+00   0.00E+00   3.22E-12   1.62E-07
 2.12E+06   3.69E-08   8.19E-05   1.46E-01   8.24E-01   0.00E+00   0.00E+00   4.24E-12   1.72E-07
 2.28E+06   3.70E-08   8.70E-05   1.46E-01   8.28E-01   0.00E+00   0.00E+00   5.60E-12   1.91E-07
 2.42E+06   3.70E-08   9.37E-05   1.46E-01   8.30E-01   0.00E+00   0.00E+00   7.40E-12   2.28E-07
 2.58E+06   3.71E-08   1.03E-04   1.47E-01   8.32E-01   0.00E+00   0.00E+00   9.81E-12   2.98E-07
 2.72E+06   3.71E-08   1.14E-04   1.47E-01   8.34E-01   0.00E+00   0.00E+00   1.31E-11   4.25E-07
 2.88E+06   3.71E-08   1.28E-04   1.47E-01   8.35E-01   0.00E+00   0.00E+00   1.75E-11   6.44E-07
 3.02E+06   3.71E-08   1.45E-04   1.47E-01   8.36E-01   0.00E+00   0.00E+00   2.34E-11   9.95E-07
 3.18E+06   3.72E-08   1.66E-04   1.48E-01   8.37E-01   0.00E+00   0.00E+00   3.15E-11   1.51E-06
 3.32E+06   3.72E-08   1.91E-04   1.48E-01   8.38E-01   0.00E+00   0.00E+00   4.25E-11   2.23E-06
 3.48E+06   3.72E-08   2.20E-04   1.48E-01   8.38E-01   0.00E+00   0.00E+00   5.76E-11   3.14E-06
 3.62E+06   3.72E-08   2.52E-04   1.48E-01   8.39E-01   0.00E+00   0.00E+00   7.78E-11   4.24E-06
 3.78E+06   3.72E-08   2.87E-04   1.48E-01   8.39E-01   0.00E+00   0.00E+00   1.05E-10   5.51E-06
 3.92E+06   3.72E-08   3.22E-04   1.48E-01   8.39E-01   0.00E+00   0.00E+00   1.41E-10   6.90E-06
 4.08E+06   3.72E-08   3.58E-04   1.48E-01   8.40E-01   0.00E+00   0.00E+00   1.89E-10   8.39E-06
 4.22E+06   3.72E-08   3.92E-04   1.48E-01   8.40E-01   0.00E+00   0.00E+00   2.53E-10   9.95E-06
 4.38E+06   3.72E-08   4.24E-04   1.48E-01   8.40E-01   0.00E+00   0.00E+00   3.36E-10   1.15E-05
 4.52E+06   3.72E-08   4.53E-04   1.48E-01   8.40E-01   0.00E+00   0.00E+00   4.44E-10   1.31E-05
 4.68E+06   3.72E-08   4.77E-04   1.48E-01   8.40E-01   0.00E+00   0.00E+00   5.80E-10   1.45E-05
 4.82E+06   3.72E-08   4.97E-04   1.48E-01   8.40E-01   0.00E+00   0.00E+00   7.45E-10   1.57E-05
 4.98E+06   3.72E-08   5.13E-04   1.48E-01   8.40E-01   0.00E+00   0.00E+00   9.46E-10   1.67E-05
 5.12E+06   3.72E-08   5.25E-04   1.48E-01   8.40E-01   0.00E+00   0.00E+00   1.19E-09   1.76E-05
 5.28E+06   3.72E-08   5.34E-04   1.48E-01   8.40E-01   0.00E+00   0.00E+00   1.47E-09   1.83E-05
 5.42E+06   3.72E-08   5.41E-04   1.48E-01   8.40E-01   0.00E+00   0.00E+00   1.82E-09   1.88E-05
 5.58E+06   3.72E-08   5.46E-04   1.48E-01   8.40E-01   0.00E+00   0.00E+00   2.23E-09   1.93E-05
 5.72E+06   3.72E-08   5.50E-04   1.48E-01   8.40E-01   0.00E+00   0.00E+00   2.73E-09   1.97E-05
 5.88E+06   3.72E-08   5.53E-04   1.48E-01   8.40E-01   0.00E+00   0.00E+00   3.34E-09   2.00E-05
 6.02E+06   3.72E-08   5.56E-04   1.48E-01   8.40E-01   0.00E+00   0.00E+00   4.08E-09   2.02E-05
 6.18E+06   3.72E-08   5.57E-04   1.48E-01   8.40E-01   0.00E+00   0.00E+00   4.99E-09   2.04E-05
 6.32E+06   3.73E-08   5.59E-04   1.48E-01   8.40E-01   0.00E+00   0.00E+00   6.11E-09   2.06E-05
 6.48E+06   3.73E-08   5.60E-04   1.48E-01   8.40E-01   0.00E+00   0.00E+00   7.50E-09   2.07E-05
 6.62E+06   3.74E-08   5.60E-04   1.48E-01   8.40E-01   0.00E+00   0.00E+00   9.25E-09   2.09E-05
 6.78E+06   3.78E-08   5.61E-04   1.48E-01   8.40E-01   0.00E+00   0.00E+00   1.14E-08   2.10E-05
 6.92E+06   4.04E-08   5.61E-04   1.48E-01   8.41E-01   0.00E+00   0.00E+00   1.42E-08   2.11E-05
 7.08E+06   5.27E-08   5.61E-04   1.48E-01   8.41E-01   0.00E+00   0.00E+00   1.77E-08   2.11E-05
 7.22E+06   9.53E-08   5.61E-04   1.48E-01   8.41E-01   0.00E+00   0.00E+00   2.21E-08   2.12E-05
 7.38E+06   2.09E-07   5.62E-04   1.48E-01   8.41E-01   0.00E+00   0.00E+00   2.78E-08   2.13E-05
 7.52E+06   4.53E-07   5.62E-04   1.48E-01   8.41E-01   0.00E+00   0.00E+00   3.50E-08   2.14E-05
 7.68E+06   8.86E-07   5.62E-04   1.48E-01   8.41E-01   0.00E+00   0.00E+00   4.44E-08   2.14E-05
 7.82E+06   1.54E-06   5.62E-04   1.48E-01   8.41E-01   0.00E+00   0.00E+00   5.65E-08   2.15E-05
 7.98E+06   2.41E-06   5.62E-04   1.48E-01   8.41E-01   0.00E+00   0.00E+00   7.21E-08   2.16E-05
 8.12E+06   3.44E-06   5.62E-04   1.48E-01   8.41E-01   0.00E+00   0.00E+00   9.23E-08   2.16E-05
 8.28E+06   4.56E-06   5.62E-04   1.48E-01   8.41E-01   0.00E+00   0.00E+00   1.18E-07   2.17E-05
 8.42E+06   5.69E-06   5.62E-04   1.48E-01   8.41E-01   0.00E+00   0.00E+00   1.52E-07   2.18E-05
 8.58E+06   6.80E-06   5.62E-04   1.48E-01   8.41E-01   0.00E+00   0.00E+00   1.94E-07   2.18E-05
 8.72E+06   7.88E-06   5.62E-04   1.48E-01   8.41E-01   0.00E+00   0.00E+00   2.49E-07   2.19E-05
 8.88E+06   8.98E-06   5.62E-04   1.48E-01   8.41E-01   0.00E+00   0.00E+00   3.17E-07   2.20E-05
 9.02E+06   1.01E-05   5.62E-04   1.48E-01   8.41E-01   0.00E+00   0.00E+00   4.03E-07   2.21E-05
 9.18E+06   1.14E-05   5.62E-04   1.48E-01   8.41E-01   0.00E+00   0.00E+00   5.11E-07   2.22E-05
 9.32E+06   1.27E-05   5.62E-04   1.48E-01   8.41E-01   0.00E+00   0.00E+00   6.47E-07   2.22E-05
 9.48E+06   1.41E-05   5.62E-04   1.48E-01   8.41E-01   0.00E+00   0.00E+00   8.18E-07   2.23E-05
 9.62E+06   1.55E-05   5.62E-04   1.48E-01   8.41E-01   0.00E+00   0.00E+00   1.03E-06   2.24E-05
 9.78E+06   1.69E-05   5.62E-04   1.48E-01   8.41E-01   0.00E+00   0.00E+00   1.31E-06   2.26E-05
 9.92E+06   1.84E-05   5.62E-04   1.48E-01   8.41E-01   0.00E+00   0.00E+00   1.65E-06   2.29E-05

     Z      PHSO       POCS       PNO3_NO    PNO3_NO2   PN2O       PHO2NO2_NO2PHO2NO2_NO3PN2O5_NO2  
 2.50E+04   5.56E-30   1.18E-11   1.10E-02   8.66E-02   1.91E-33   1.62E-06   4.04E-07   5.28E-10
 1.75E+05   6.55E-27   1.41E-11   1.13E-02   8.85E-02   3.23E-30   1.89E-06   4.73E-07   6.68E-10
 3.25E+05   4.89E-24   1.63E-11   1.15E-02   9.00E-02   3.31E-27   2.14E-06   5.34E-07   8.08E-10
 4.75E+05   1.95E-21   1.83E-11   1.17E-02   9.11E-02   1.71E-24   2.36E-06   5.90E-07   9.54E-10
 6.25E+05   4.06E-19   2.02E-11   1.18E-02   9.18E-02   4.54E-22   2.56E-06   6.41E-07   1.11E-09
 7.75E+05   4.55E-17   2.21E-11   1.20E-02   9.23E-02   6.35E-20   2.75E-06   6.88E-07   1.27E-09
 9.25E+05   2.85E-15   2.38E-11   1.21E-02   9.24E-02   4.74E-18   2.92E-06   7.30E-07   1.45E-09
 1.08E+06   1.03E-13   2.54E-11   1.22E-02   9.25E-02   1.94E-16   3.07E-06   7.68E-07   1.63E-09
 1.22E+06   2.18E-12   2.69E-11   1.23E-02   9.26E-02   4.55E-15   3.21E-06   8.01E-07   1.83E-09
 1.38E+06   2.82E-11   2.89E-11   1.24E-02   9.27E-02   6.34E-14   3.32E-06   8.31E-07   2.07E-09
 1.52E+06   2.36E-10   3.44E-11   1.25E-02   9.29E-02   5.59E-13   3.43E-06   8.57E-07   2.54E-09
 1.68E+06   1.35E-09   5.72E-11   1.26E-02   9.31E-02   3.36E-12   3.52E-06   8.80E-07   4.19E-09
 1.82E+06   5.72E-09   1.40E-10   1.26E-02   9.36E-02   1.49E-11   3.61E-06   9.02E-07   1.01E-08
 1.98E+06   1.95E-08   3.96E-10   1.26E-02   9.42E-02   5.25E-11   3.71E-06   9.28E-07   2.83E-08
 2.12E+06   5.83E-08   1.13E-09   1.26E-02   9.47E-02   1.60E-10   3.86E-06   9.67E-07   7.91E-08
 2.28E+06   1.58E-07   3.07E-09   1.27E-02   9.53E-02   4.33E-10   4.10E-06   1.03E-06   2.07E-07
 2.42E+06   3.93E-07   7.90E-09   1.27E-02   9.58E-02   1.06E-09   4.46E-06   1.12E-06   5.01E-07
 2.58E+06   9.01E-07   1.91E-08   1.27E-02   9.63E-02   2.38E-09   5.04E-06   1.27E-06   1.12E-06
 2.72E+06   1.91E-06   4.36E-08   1.28E-02   9.68E-02   4.87E-09   5.97E-06   1.52E-06   2.30E-06
 2.88E+06   3.77E-06   9.36E-08   1.28E-02   9.73E-02   9.18E-09   7.43E-06   1.90E-06   4.39E-06
 3.02E+06   6.94E-06   1.89E-07   1.28E-02   9.77E-02   1.60E-08   9.62E-06   2.49E-06   7.75E-06
 3.18E+06   1.19E-05   3.62E-07   1.28E-02   9.81E-02   2.57E-08   1.28E-05   3.33E-06   1.27E-05
 3.32E+06   1.93E-05   6.53E-07   1.28E-02   9.86E-02   3.86E-08   1.70E-05   4.46E-06   1.96E-05
 3.48E+06   2.95E-05   1.11E-06   1.28E-02   9.90E-02   5.46E-08   2.24E-05   5.90E-06   2.83E-05
 3.62E+06   4.27E-05   1.80E-06   1.28E-02   9.95E-02   7.31E-08   2.90E-05   7.66E-06   3.88E-05
 3.78E+06   5.91E-05   2.76E-06   1.28E-02   9.99E-02   9.35E-08   3.67E-05   9.73E-06   5.08E-05
 3.92E+06   7.88E-05   4.03E-06   1.28E-02   1.00E-01   1.15E-07   4.58E-05   1.21E-05   6.43E-05
 4.08E+06   1.02E-04   5.62E-06   1.28E-02   1.01E-01   1.38E-07   5.63E-05   1.49E-05   7.91E-05
 4.22E+06   1.27E-04   7.48E-06   1.28E-02   1.01E-01   1.60E-07   6.87E-05   1.82E-05   9.55E-05
 4.38E+06   1.53E-04   9.49E-06   1.28E-02   1.01E-01   1.81E-07   8.29E-05   2.19E-05   1.13E-04
 4.52E+06   1.78E-04   1.15E-05   1.28E-02   1.02E-01   2.01E-07   9.84E-05   2.59E-05   1.31E-04
 4.68E+06   2.02E-04   1.33E-05   1.28E-02   1.02E-01   2.19E-07   1.14E-04   2.99E-05   1.49E-04
 4.82E+06   2.22E-04   1.49E-05   1.28E-02   1.02E-01   2.35E-07   1.28E-04   3.36E-05   1.65E-04
 4.98E+06   2.38E-04   1.62E-05   1.28E-02   1.02E-01   2.48E-07   1.41E-04   3.69E-05   1.80E-04
 5.12E+06   2.52E-04   1.73E-05   1.28E-02   1.02E-01   2.60E-07   1.51E-04   3.96E-05   1.91E-04
 5.28E+06   2.62E-04   1.81E-05   1.28E-02   1.02E-01   2.69E-07   1.60E-04   4.18E-05   2.01E-04
 5.42E+06   2.71E-04   1.88E-05   1.28E-02   1.01E-01   2.77E-07   1.67E-04   4.36E-05   2.09E-04
 5.58E+06   2.77E-04   1.93E-05   1.29E-02   1.01E-01   2.84E-07   1.72E-04   4.50E-05   2.16E-04
 5.72E+06   2.82E-04   1.96E-05   1.29E-02   1.01E-01   2.90E-07   1.76E-04   4.62E-05   2.21E-04
 5.88E+06   2.86E-04   1.99E-05   1.29E-02   1.01E-01   2.95E-07   1.79E-04   4.71E-05   2.25E-04
 6.02E+06   2.90E-04   2.02E-05   1.29E-02   1.00E-01   2.99E-07   1.82E-04   4.78E-05   2.29E-04
 6.18E+06   2.92E-04   2.03E-05   1.29E-02   9.98E-02   3.02E-07   1.84E-04   4.84E-05   2.32E-04
 6.32E+06   2.94E-04   2.05E-05   1.29E-02   9.94E-02   3.06E-07   1.86E-04   4.89E-05   2.35E-04
 6.48E+06   2.96E-04   2.06E-05   1.29E-02   9.90E-02   3.09E-07   1.87E-04   4.92E-05   2.37E-04
 6.62E+06   2.97E-04   2.06E-05   1.29E-02   9.87E-02   3.12E-07   1.88E-04   4.95E-05   2.39E-04
 6.78E+06   2.98E-04   2.07E-05   1.29E-02   9.83E-02   3.14E-07   1.89E-04   4.97E-05   2.41E-04
 6.92E+06   2.99E-04   2.08E-05   1.30E-02   9.79E-02   3.17E-07   1.89E-04   4.99E-05   2.42E-04
 7.08E+06   2.99E-04   2.08E-05   1.30E-02   9.75E-02   3.20E-07   1.90E-04   5.01E-05   2.44E-04
 7.22E+06   3.00E-04   2.08E-05   1.30E-02   9.72E-02   3.25E-07   1.90E-04   5.02E-05   2.45E-04
 7.38E+06   3.00E-04   2.09E-05   1.30E-02   9.68E-02   3.32E-07   1.90E-04   5.03E-05   2.46E-04
 7.52E+06   3.01E-04   2.09E-05   1.31E-02   9.65E-02   3.44E-07   1.90E-04   5.03E-05   2.47E-04
 7.68E+06   3.01E-04   2.10E-05   1.31E-02   9.63E-02   3.65E-07   1.90E-04   5.04E-05   2.49E-04
 7.82E+06   3.01E-04   2.12E-05   1.31E-02   9.61E-02   3.95E-07   1.91E-04   5.04E-05   2.50E-04
 7.98E+06   3.02E-04   2.13E-05   1.31E-02   9.60E-02   4.34E-07   1.91E-04   5.04E-05   2.52E-04
 8.12E+06   3.02E-04   2.15E-05   1.31E-02   9.60E-02   4.81E-07   1.91E-04   5.05E-05   2.54E-04
 8.28E+06   3.02E-04   2.17E-05   1.31E-02   9.60E-02   5.33E-07   1.91E-04   5.05E-05   2.55E-04
 8.42E+06   3.03E-04   2.20E-05   1.31E-02   9.61E-02   5.87E-07   1.91E-04   5.05E-05   2.57E-04
 8.58E+06   3.03E-04   2.22E-05   1.31E-02   9.62E-02   6.42E-07   1.91E-04   5.05E-05   2.59E-04
 8.72E+06   3.03E-04   2.25E-05   1.31E-02   9.62E-02   6.96E-07   1.91E-04   5.05E-05   2.61E-04
 8.88E+06   3.04E-04   2.27E-05   1.31E-02   9.63E-02   7.54E-07   1.91E-04   5.06E-05   2.64E-04
 9.02E+06   3.04E-04   2.30E-05   1.31E-02   9.63E-02   8.20E-07   1.91E-04   5.06E-05   2.66E-04
 9.18E+06   3.04E-04   2.34E-05   1.31E-02   9.62E-02   9.03E-07   1.91E-04   5.06E-05   2.68E-04
 9.32E+06   3.05E-04   2.38E-05   1.31E-02   9.61E-02   1.02E-06   1.91E-04   5.06E-05   2.70E-04
 9.48E+06   3.05E-04   2.43E-05   1.31E-02   9.60E-02   1.17E-06   1.91E-04   5.06E-05   2.73E-04
 9.62E+06   3.05E-04   2.51E-05   1.31E-02   9.58E-02   1.37E-06   1.91E-04   5.06E-05   2.75E-04
 9.78E+06   3.05E-04   2.65E-05   1.31E-02   9.57E-02   1.62E-06   1.91E-04   5.06E-05   2.79E-04
 9.92E+06   3.06E-04   2.99E-05   1.31E-02   9.57E-02   1.97E-06   1.91E-04   5.06E-05   2.86E-04

     Z      PN2O5_NO   PCH3OOH    PCS2_CS    PCS2_CS2X  
 2.50E+04   1.06E-05   1.79E-06   5.88E-31   4.46E-05
 1.75E+05   1.22E-05   2.05E-06   2.04E-27   5.19E-05
 3.25E+05   1.36E-05   2.29E-06   3.53E-24   5.85E-05
 4.75E+05   1.49E-05   2.51E-06   2.88E-21   6.44E-05
 6.25E+05   1.60E-05   2.70E-06   1.13E-18   6.97E-05
 7.75E+05   1.70E-05   2.88E-06   2.11E-16   7.45E-05
 9.25E+05   1.80E-05   3.03E-06   1.93E-14   7.88E-05
 1.08E+06   1.88E-05   3.17E-06   9.07E-13   8.27E-05
 1.22E+06   1.95E-05   3.29E-06   2.32E-11   8.60E-05
 1.38E+06   2.01E-05   3.39E-06   3.43E-10   8.89E-05
 1.52E+06   2.06E-05   3.48E-06   3.14E-09   9.14E-05
 1.68E+06   2.11E-05   3.56E-06   1.93E-08   9.34E-05
 1.82E+06   2.15E-05   3.62E-06   8.57E-08   9.53E-05
 1.98E+06   2.19E-05   3.69E-06   3.01E-07   9.71E-05
 2.12E+06   2.23E-05   3.77E-06   9.05E-07   9.91E-05
 2.28E+06   2.29E-05   3.87E-06   2.43E-06   1.01E-04
 2.42E+06   2.36E-05   4.00E-06   5.87E-06   1.04E-04
 2.58E+06   2.45E-05   4.17E-06   1.29E-05   1.07E-04
 2.72E+06   2.55E-05   4.40E-06   2.59E-05   1.10E-04
 2.88E+06   2.67E-05   4.71E-06   4.74E-05   1.13E-04
 3.02E+06   2.81E-05   5.13E-06   8.00E-05   1.16E-04
 3.18E+06   2.98E-05   5.69E-06   1.25E-04   1.19E-04
 3.32E+06   3.16E-05   6.42E-06   1.80E-04   1.22E-04
 3.48E+06   3.37E-05   7.32E-06   2.45E-04   1.25E-04
 3.62E+06   3.60E-05   8.40E-06   3.15E-04   1.27E-04
 3.78E+06   3.84E-05   9.65E-06   3.88E-04   1.29E-04
 3.92E+06   4.09E-05   1.11E-05   4.60E-04   1.31E-04
 4.08E+06   4.36E-05   1.27E-05   5.30E-04   1.32E-04
 4.22E+06   4.65E-05   1.46E-05   5.96E-04   1.33E-04
 4.38E+06   4.95E-05   1.66E-05   6.56E-04   1.34E-04
 4.52E+06   5.25E-05   1.88E-05   7.10E-04   1.35E-04
 4.68E+06   5.54E-05   2.08E-05   7.58E-04   1.35E-04
 4.82E+06   5.80E-05   2.27E-05   8.00E-04   1.36E-04
 4.98E+06   6.01E-05   2.44E-05   8.37E-04   1.36E-04
 5.12E+06   6.18E-05   2.57E-05   8.70E-04   1.36E-04
 5.28E+06   6.32E-05   2.68E-05   8.98E-04   1.36E-04
 5.42E+06   6.42E-05   2.77E-05   9.23E-04   1.36E-04
 5.58E+06   6.50E-05   2.83E-05   9.45E-04   1.36E-04
 5.72E+06   6.57E-05   2.89E-05   9.65E-04   1.36E-04
 5.88E+06   6.61E-05   2.93E-05   9.82E-04   1.36E-04
 6.02E+06   6.65E-05   2.96E-05   9.98E-04   1.37E-04
 6.18E+06   6.68E-05   2.98E-05   1.01E-03   1.37E-04
 6.32E+06   6.70E-05   3.00E-05   1.02E-03   1.37E-04
 6.48E+06   6.71E-05   3.02E-05   1.03E-03   1.37E-04
 6.62E+06   6.72E-05   3.03E-05   1.04E-03   1.37E-04
 6.78E+06   6.73E-05   3.04E-05   1.05E-03   1.37E-04
 6.92E+06   6.73E-05   3.04E-05   1.06E-03   1.37E-04
 7.08E+06   6.74E-05   3.05E-05   1.06E-03   1.37E-04
 7.22E+06   6.74E-05   3.05E-05   1.07E-03   1.37E-04
 7.38E+06   6.74E-05   3.06E-05   1.07E-03   1.37E-04
 7.52E+06   6.74E-05   3.06E-05   1.08E-03   1.37E-04
 7.68E+06   6.74E-05   3.06E-05   1.08E-03   1.37E-04
 7.82E+06   6.74E-05   3.07E-05   1.08E-03   1.37E-04
 7.98E+06   6.74E-05   3.07E-05   1.09E-03   1.37E-04
 8.12E+06   6.74E-05   3.07E-05   1.09E-03   1.37E-04
 8.28E+06   6.74E-05   3.08E-05   1.09E-03   1.37E-04
 8.42E+06   6.74E-05   3.08E-05   1.10E-03   1.37E-04
 8.58E+06   6.74E-05   3.08E-05   1.10E-03   1.37E-04
 8.72E+06   6.74E-05   3.08E-05   1.10E-03   1.37E-04
 8.88E+06   6.74E-05   3.09E-05   1.10E-03   1.37E-04
 9.02E+06   6.75E-05   3.09E-05   1.11E-03   1.37E-04
 9.18E+06   6.75E-05   3.09E-05   1.11E-03   1.37E-04
 9.32E+06   6.75E-05   3.10E-05   1.11E-03   1.37E-04
 9.48E+06   6.75E-05   3.10E-05   1.11E-03   1.37E-04
 9.62E+06   6.75E-05   3.10E-05   1.11E-03   1.37E-04
 9.78E+06   6.75E-05   3.11E-05   1.11E-03   1.37E-04
 9.92E+06   6.75E-05   3.12E-05   1.11E-03   1.37E-04
