alt           press         den           temp          eddy          H2Oaer        CO2aer        S8aer         H2SO4aer      NH3aer        N2Oaer        C2H2aer       C2H4aer       C2H6aer       CH3CNaer      HCCCNaer      HCNaer        CH4aer        HCaer1        HCaer2        HCaer3        He            H             H2            H2O           OH            O             O2            CO            CO2           HCO           H2CO          C             CH            CH2           CH3           CH4           S             S2            S3            S4            S8            H2S           HS            SO            SO2           CS            CS2           OCS           CN            HCN           N             N2            NH            NH2           NH3           C2            C2H           C2H2          C2H4          NO            HNO           HO2           HNCO          N2O           H2O2          O3            NO2           NO3           SO3           HNO2          HNO3          H2SO4         HCl           Cl            Cl2           HOCl          N2H4          ClO           C2H6          CH3OH         CH2CO         CH3CHO        C3H4          C3H6          C4H2          C4H4          OClO          HCS           C2H3          C2H5          NCO           1CH2          HCCO          NNH           HSO           CH3O          H2COH         H2CN          N2H2          C4H           HCNOH         C2H2OH        CH3CO         CH2CHO        C2H3OH        C2H4OH        CH3O2         HSO3          O1D           N2H3          NH2CO         HS4           C4H3          CH2N2         N2D           CH2CN         CH3CN         HCCCN         H2Oaer_r      CO2aer_r      S8aer_r       H2SO4aer_r    NH3aer_r      N2Oaer_r      C2H2aer_r     C2H4aer_r     C2H6aer_r     CH3CNaer_r    HCCCNaer_r    HCNaer_r      CH4aer_r      HCaer1_r      HCaer2_r      HCaer3_r      
5.00000E-001  1.00856E+000  2.56764E+019  2.84501E+002  1.00000E+005  5.74275E-004  1.00000E-040  1.00000E-040  3.45332E-030  1.00000E-040  1.00000E-040  1.00000E-040  1.00000E-040  1.00000E-040  1.00000E-040  1.00000E-040  1.00000E-040  1.00000E-040  1.00000E-040  1.19823E-020  1.00000E-040  1.00000E-040  1.86196E-018  4.95756E-007  5.35833E-003  7.43830E-014  1.44277E-014  2.10925E-004  3.09158E-008  2.81590E-004  2.13092E-019  1.94112E-010  1.00000E-040  1.00000E-040  5.71198E-027  5.44892E-017  8.01142E-007  7.39320E-022  4.06336E-021  1.15116E-032  6.81612E-032  1.00000E-040  5.26367E-012  7.86745E-017  1.16131E-015  2.90235E-011  1.65591E-034  1.44495E-038  3.34140E-010  1.38830E-031  4.79979E-011  1.81222E-024  9.94148E-001  4.32905E-020  9.97580E-014  4.57282E-010  1.00000E-040  4.79608E-038  5.72744E-024  1.69961E-019  1.81250E-012  9.17987E-014  1.49821E-011  1.37305E-014  2.70683E-007  1.74323E-009  6.71139E-009  8.76538E-012  2.52414E-014  3.39498E-019  2.73145E-012  1.65160E-011  3.13063E-011  1.00000E-040  1.00000E-040  1.00000E-040  1.00000E-040  7.97200E-013  1.00000E-040  1.01340E-017  1.28907E-014  1.54686E-021  6.63385E-020  7.55071E-031  2.60904E-031  1.00000E-040  1.00000E-040  1.00000E-040  1.68764E-034  1.32034E-031  1.51046E-020  2.57699E-016  1.34634E-031  3.21042E-031  1.90761E-022  2.42838E-014  1.16372E-015  2.34877E-015  5.40468E-022  1.29908E-010  1.00000E-040  7.73617E-019  8.45393E-037  1.66755E-022  6.34092E-022  1.14490E-014  2.11315E-020  2.70181E-011  3.05162E-020  2.79367E-022  3.50884E-013  4.41076E-014  6.52874E-036  1.00000E-040  6.22056E-020  1.00000E-040  1.35215E-020  3.34462E-011  2.74894E-031  1.00000E-003  1.00000E-005  1.00000E-005  1.00000E-005  1.00000E-005  1.00000E-005  1.00000E-005  1.00000E-005  1.00000E-005  1.00000E-005  1.00000E-005  1.00000E-005  1.00000E-005  1.00000E-005  1.00000E-005  1.00000E-005  
1.50000E+000  8.95574E-001  2.33258E+019  2.78088E+002  1.00000E+005  7.49975E-004  1.00000E-040  1.00000E-040  4.01419E-027  1.00000E-040  1.00000E-040  1.00000E-040  1.00000E-040  1.00000E-040  1.00000E-040  1.00000E-040  1.00000E-040  1.00000E-040  1.00000E-040  7.16399E-021  1.00000E-040  1.00000E-040  1.96604E-018  4.96306E-007  4.03632E-003  7.47884E-014  1.57237E-014  2.11198E-004  2.96386E-008  2.81969E-004  1.53577E-019  1.27747E-010  1.00000E-040  1.00000E-040  4.78333E-027  4.76514E-017  7.98292E-007  1.65646E-021  4.42014E-021  1.52723E-032  6.96464E-032  1.00000E-040  2.22326E-012  4.03221E-017  2.10088E-015  6.07451E-011  2.86603E-034  1.13104E-038  3.16523E-010  8.19621E-032  4.77335E-011  4.46445E-024  9.95469E-001  7.66595E-020  2.01462E-013  3.49219E-010  1.00000E-040  9.35936E-038  5.37706E-024  1.69158E-019  1.02821E-013  1.28813E-013  1.48071E-011  1.14191E-014  2.68890E-007  1.77449E-009  6.15740E-009  1.36278E-012  1.46074E-014  2.41994E-019  1.18112E-012  2.18017E-011  3.69880E-011  1.00000E-040  1.00000E-040  1.00000E-040  1.00000E-040  1.92986E-012  1.00000E-040  1.01030E-017  1.23635E-014  1.51690E-021  5.99467E-020  7.56446E-031  1.76201E-031  1.00000E-040  1.00000E-040  1.00000E-040  2.77243E-034  1.24218E-031  1.00230E-020  1.51148E-015  1.05058E-031  3.43172E-031  2.43335E-022  1.98648E-014  8.40904E-016  2.59137E-015  3.67092E-022  1.32005E-010  1.00000E-040  1.25554E-018  8.84346E-037  1.94138E-022  5.57219E-022  1.14642E-014  2.11907E-020  1.50355E-010  6.66860E-020  3.32283E-022  7.54286E-013  4.43551E-014  5.15948E-036  1.00000E-040  4.28673E-020  1.00000E-040  1.05955E-020  3.28762E-011  2.74843E-031  1.00000E-003  1.00000E-005  1.00000E-005  1.00000E-005  1.00000E-005  1.00000E-005  1.00000E-005  1.00000E-005  1.00000E-005  1.00000E-005  1.00000E-005  1.00000E-005  1.00000E-005  1.00000E-005  1.00000E-005  1.00000E-005  
2.50000E+000  7.93570E-001  2.10650E+019  2.72860E+002  1.00000E+005  5.39605E-004  1.00000E-040  1.00000E-040  4.17309E-024  1.00000E-040  1.00000E-040  1.00000E-040  1.00000E-040  1.00000E-040  1.00000E-040  1.00000E-040  1.00000E-040  1.00000E-040  1.00000E-040  7.02404E-021  1.00000E-040  1.00000E-040  2.56437E-018  4.96690E-007  3.10708E-003  9.26682E-014  1.96616E-014  2.11388E-004  2.81835E-008  2.82237E-004  1.62223E-019  1.09591E-010  1.00000E-040  1.00000E-040  6.35420E-027  5.36100E-017  7.95457E-007  2.52632E-021  4.39086E-021  1.57847E-032  5.86892E-032  1.00000E-040  8.86715E-013  2.15509E-017  2.72630E-015  4.16605E-011  5.17045E-034  7.49280E-039  2.98146E-010  6.43286E-032  4.74711E-011  9.96004E-024  9.96398E-001  1.09160E-019  2.28251E-013  2.55245E-010  1.00000E-040  1.48323E-037  4.79655E-024  1.55252E-019  4.20962E-014  1.59599E-013  1.56309E-011  1.03627E-014  2.66781E-007  1.83119E-009  6.30448E-009  5.90716E-013  1.29871E-014  1.71943E-019  5.15460E-013  2.38604E-011  3.90652E-011  1.00000E-040  1.00000E-040  2.29378E-034  1.00000E-040  2.06874E-012  1.00000E-040  1.00960E-017  1.20325E-014  1.56207E-021  5.57736E-020  7.57874E-031  1.06324E-031  1.00000E-040  1.00000E-040  1.00000E-040  4.43271E-034  1.34291E-031  9.67069E-021  3.51433E-015  1.31450E-031  3.97290E-031  3.62745E-022  2.04742E-014  1.00517E-015  2.70167E-015  3.09154E-022  1.31341E-010  1.00000E-040  2.28795E-018  1.06651E-036  2.69775E-022  5.03913E-022  1.14749E-014  1.98876E-020  1.92317E-010  5.83714E-020  4.29943E-022  8.47193E-013  4.45423E-014  4.56120E-036  1.00000E-040  4.24643E-020  1.00000E-040  8.29769E-021  3.23311E-011  2.73914E-031  1.00000E-003  1.00000E-005  1.00000E-005  1.00000E-005  1.00000E-005  1.00000E-005  1.00000E-005  1.00000E-005  1.00000E-005  1.00000E-005  1.00000E-005  1.00000E-005  1.00000E-005  1.00000E-005  1.00000E-005  1.00000E-005  
3.50000E+000  7.01689E-001  1.89694E+019  2.67922E+002  1.00000E+005  4.83443E-004  1.00000E-040  1.00000E-040  2.92724E-021  1.00000E-040  1.00000E-040  1.00000E-040  1.00000E-040  1.00000E-040  1.00000E-040  1.00000E-040  1.00000E-040  1.00000E-040  1.00000E-040  6.64355E-021  1.00000E-040  1.00000E-040  3.44666E-018  4.97050E-007  2.30888E-003  1.17873E-013  2.85428E-014  2.11549E-004  2.66158E-008  2.82468E-004  1.94003E-019  1.05481E-010  1.00000E-040  1.67963E-040  9.00035E-027  6.24705E-017  7.92852E-007  3.51831E-021  3.84484E-021  1.35518E-032  3.82788E-032  1.00000E-040  3.29981E-013  1.03893E-017  3.36352E-015  2.85593E-011  8.03263E-034  4.08897E-039  2.79338E-010  5.23399E-032  4.72222E-011  2.34557E-023  9.97196E-001  1.51327E-019  2.33551E-013  1.77576E-010  1.00000E-040  2.10126E-037  4.07060E-024  1.33358E-019  5.70968E-014  1.97614E-013  1.68069E-011  9.44615E-015  2.64412E-007  1.83074E-009  7.45049E-009  6.04501E-013  1.58071E-014  1.22555E-019  3.00748E-013  2.61911E-011  3.80543E-011  1.00000E-040  1.00000E-040  1.00000E-040  1.00000E-040  1.70308E-012  1.00000E-040  1.00869E-017  1.18955E-014  1.69674E-021  5.15961E-020  7.59588E-031  5.47573E-032  1.00000E-040  1.00000E-040  1.00000E-040  6.70673E-034  1.39844E-031  9.66567E-021  3.90329E-015  1.75600E-031  5.07364E-031  5.33793E-022  2.54412E-014  1.31162E-015  2.92643E-015  2.62208E-022  1.25992E-010  1.00000E-040  4.22189E-018  1.25392E-036  3.83057E-022  4.33033E-022  1.14841E-014  1.63563E-020  1.62625E-010  5.23436E-020  6.29896E-022  7.11353E-013  4.46659E-014  3.63671E-036  1.00000E-040  4.56691E-020  1.00000E-040  5.95231E-021  3.18172E-011  2.71898E-031  1.00000E-003  1.00000E-005  1.00000E-005  1.00000E-005  1.00000E-005  1.00000E-005  1.00000E-005  1.00000E-005  1.00000E-005  1.00000E-005  1.00000E-005  1.00000E-005  1.00000E-005  1.00000E-005  1.00000E-005  1.00000E-005  
4.50000E+000  6.18958E-001  1.71054E+019  2.62087E+002  1.00000E+005  4.51357E-004  1.00000E-040  1.00000E-040  1.42966E-018  1.00000E-040  1.00000E-040  1.00000E-040  1.00000E-040  1.00000E-040  1.00000E-040  1.00000E-040  1.00000E-040  1.00000E-040  1.00000E-040  3.53621E-021  1.00000E-040  1.00000E-040  4.44639E-018  4.97404E-007  1.58553E-003  1.48873E-013  4.50676E-014  2.11693E-004  2.49441E-008  2.82677E-004  2.21214E-019  9.77973E-011  1.00000E-040  2.80105E-040  1.19394E-026  6.93051E-017  7.90560E-007  4.63281E-021  2.93928E-021  9.97974E-033  1.91709E-032  1.00000E-040  1.14555E-013  5.39671E-018  4.07137E-015  1.99911E-011  1.04470E-033  1.94204E-039  2.60445E-010  3.82902E-032  4.69933E-011  6.03482E-023  9.97919E-001  2.07155E-019  2.22919E-013  1.17040E-010  1.00000E-040  2.73580E-037  3.29331E-024  1.05717E-019  1.07096E-013  2.36575E-013  1.74850E-011  8.67423E-015  2.61796E-007  1.74271E-009  9.71177E-009  7.38090E-013  2.03871E-014  7.97828E-020  3.21055E-013  2.88626E-011  3.39123E-011  1.00000E-040  1.00000E-040  1.00000E-040  1.00000E-040  1.20221E-012  1.00000E-040  1.00184E-017  1.17851E-014  1.97646E-021  4.60551E-020  7.61717E-031  2.22133E-032  1.00000E-040  1.00000E-040  1.00000E-040  9.20576E-034  1.32254E-031  9.14077E-021  3.45634E-015  2.16779E-031  6.76842E-031  7.83449E-022  3.81957E-014  1.61302E-015  3.30040E-015  1.95756E-022  1.16115E-010  1.00000E-040  8.61830E-018  1.42347E-036  5.62338E-022  3.32097E-022  1.14924E-014  1.17164E-020  1.10857E-010  4.80110E-020  9.99103E-022  4.99327E-013  4.47430E-014  2.37788E-036  1.00000E-040  4.62257E-020  1.00000E-040  3.64651E-021  3.13439E-011  2.68721E-031  1.00000E-003  1.00000E-005  1.00000E-005  1.00000E-005  1.00000E-005  1.00000E-005  1.00000E-005  1.00000E-005  1.00000E-005  1.00000E-005  1.00000E-005  1.00000E-005  1.00000E-005  1.00000E-005  1.00000E-005  1.00000E-005  
5.50000E+000  5.44466E-001  1.54214E+019  2.55720E+002  1.00000E+005  3.69952E-004  1.00000E-040  1.00000E-040  7.47718E-016  1.00000E-040  1.00000E-040  1.00000E-040  1.00000E-040  1.00000E-040  1.00000E-040  1.00000E-040  1.00000E-040  1.00000E-040  1.00000E-040  2.08507E-021  1.00000E-040  1.00000E-040  5.46084E-018  4.97708E-007  1.01260E-003  1.83700E-013  7.31878E-014  2.11805E-004  2.32037E-008  2.82843E-004  2.33645E-019  8.54507E-011  1.00000E-040  4.10806E-040  1.45684E-026  7.29354E-017  7.88544E-007  5.91462E-021  1.98887E-021  6.57499E-033  7.54959E-033  1.00000E-040  3.75890E-014  4.17297E-018  4.80558E-015  1.47041E-011  1.17846E-033  9.79138E-040  2.41812E-010  2.53955E-032  4.67854E-011  1.58729E-022  9.98491E-001  2.72553E-019  1.96114E-013  7.27801E-011  1.00000E-040  3.36736E-037  2.58608E-024  7.66140E-020  2.17660E-013  2.57230E-013  1.75055E-011  7.90628E-015  2.58925E-007  1.58600E-009  1.31265E-008  9.32883E-013  2.62607E-014  5.75548E-020  5.20255E-013  3.19977E-011  2.81586E-011  1.00000E-040  1.00000E-040  4.24891E-033  1.00000E-040  7.34055E-013  1.00000E-040  9.84993E-018  1.15538E-014  2.54915E-021  3.92465E-020  7.64325E-031  6.98042E-033  1.00000E-040  1.00000E-040  1.00000E-040  1.15583E-033  1.11102E-031  7.97961E-021  2.74575E-015  2.43664E-031  9.06837E-031  1.12126E-021  6.15811E-014  1.85930E-015  3.76967E-015  1.26738E-022  1.03129E-010  1.00000E-040  1.86255E-017  1.55575E-036  8.35906E-022  2.30724E-022  1.14990E-014  7.32246E-021  6.63999E-011  4.55020E-020  1.62240E-021  2.96828E-013  4.47881E-014  1.28830E-036  1.00000E-040  4.27329E-020  1.00000E-040  1.95191E-021  3.09166E-011  2.64582E-031  1.00000E-003  1.00000E-005  1.00000E-005  1.00000E-005  1.00000E-005  1.00000E-005  1.00000E-005  1.00000E-005  1.00000E-005  1.00000E-005  1.00000E-005  1.00000E-005  1.00000E-005  1.00000E-005  1.00000E-005  1.00000E-005  
6.50000E+000  4.77402E-001  1.39037E+019  2.48697E+002  1.00000E+005  2.78039E-004  1.00000E-040  1.00000E-040  3.22653E-013  1.00000E-040  1.00000E-040  1.00000E-040  1.00000E-040  1.00000E-040  1.00000E-040  1.00000E-040  1.00000E-040  1.00000E-040  1.00000E-040  1.07271E-021  1.00000E-040  1.00000E-040  6.23279E-018  4.97955E-007  5.94098E-004  2.17400E-013  1.17085E-013  2.11884E-004  2.14634E-008  2.82966E-004  2.26023E-019  7.03060E-011  1.00000E-040  4.98328E-040  1.55908E-026  7.08636E-017  7.86795E-007  7.44670E-021  1.22998E-021  4.08019E-033  2.49560E-033  1.00000E-040  1.21164E-014  5.18459E-018  5.65792E-015  1.16681E-011  1.17132E-033  6.37973E-040  2.23803E-010  1.46600E-032  4.66009E-011  4.00974E-022  9.98909E-001  3.29818E-019  1.54337E-013  4.25575E-011  1.00000E-040  4.08646E-037  2.05657E-024  5.06096E-020  4.34930E-013  2.39955E-013  1.66597E-011  6.93715E-015  2.55823E-007  1.36837E-009  1.76488E-008  1.18522E-012  3.21407E-014  5.56356E-020  9.31219E-013  3.50995E-011  2.03769E-011  1.00000E-040  1.00000E-040  1.00000E-040  1.00000E-040  3.75503E-013  1.00000E-040  9.57110E-018  1.10929E-014  3.64441E-021  3.18427E-020  7.67560E-031  1.70081E-033  1.00000E-040  1.00000E-040  1.00000E-040  1.31936E-033  8.10381E-032  6.33578E-021  2.00489E-015  2.37062E-031  1.22197E-030  1.56648E-021  1.00400E-013  2.00735E-015  4.28774E-015  6.98367E-023  8.90608E-011  1.00000E-040  4.28459E-017  1.68431E-036  1.25461E-021  1.45136E-022  1.15039E-014  4.02363E-021  3.66568E-011  4.49985E-020  2.59413E-021  1.45295E-013  4.48139E-014  6.10565E-037  1.00000E-040  3.44644E-020  1.00000E-040  9.26777E-022  3.05397E-011  2.60054E-031  1.00000E-003  1.00000E-005  1.00000E-005  1.00000E-005  1.00000E-005  1.00000E-005  1.00000E-005  1.00000E-005  1.00000E-005  1.00000E-005  1.00000E-005  1.00000E-005  1.00000E-005  1.00000E-005  1.00000E-005  1.00000E-005  
7.50000E+000  4.17074E-001  1.25125E+019  2.41427E+002  1.00000E+005  1.82366E-004  1.00000E-040  1.00000E-040  1.10060E-010  1.00000E-040  1.00000E-040  1.00000E-040  1.00000E-040  1.00000E-040  1.00000E-040  1.00000E-040  1.00000E-040  1.00000E-040  1.00000E-040  5.89159E-022  1.00000E-040  1.00000E-040  6.65051E-018  4.98143E-007  3.26263E-004  2.47109E-013  1.82149E-013  2.11930E-004  1.98054E-008  2.83045E-004  2.03576E-019  5.52229E-011  1.00000E-040  5.30968E-040  1.49539E-026  6.46823E-017  7.85271E-007  9.36229E-021  7.28394E-022  2.49557E-033  7.56559E-034  1.00000E-040  4.22635E-015  7.94313E-018  6.74137E-015  1.00898E-011  1.06782E-033  5.12145E-040  2.06778E-010  7.61109E-033  4.64392E-011  1.31618E-021  9.99177E-001  3.50968E-019  1.04452E-013  2.33798E-011  2.82294E-036  5.17749E-037  1.75628E-024  3.09224E-020  8.17879E-013  1.84043E-013  1.50890E-011  5.81780E-015  2.52530E-007  1.11636E-009  2.31259E-008  1.50348E-012  3.63780E-014  7.93883E-020  1.62697E-012  3.77351E-011  9.55654E-012  1.00000E-040  1.00000E-040  1.00000E-040  1.00000E-040  1.51203E-013  1.00000E-040  9.21902E-018  1.04126E-014  5.46649E-021  2.49407E-020  7.71586E-031  3.38455E-034  1.00000E-040  1.00000E-040  1.00000E-040  1.40359E-033  5.23593E-032  4.62895E-021  1.38256E-015  2.04835E-031  1.72655E-030  2.14152E-021  1.55052E-013  2.05865E-015  4.79356E-015  3.39152E-023  7.58252E-011  1.00000E-040  1.01425E-016  1.90643E-036  1.85081E-021  8.44174E-023  1.15070E-014  1.98753E-021  1.94866E-011  4.68194E-020  4.02031E-021  5.51504E-014  4.48281E-014  2.66682E-037  1.00000E-040  2.45930E-020  1.00000E-040  4.04790E-022  3.02124E-011  2.55925E-031  1.00000E-003  1.00000E-005  1.00000E-005  1.00000E-005  1.00000E-005  1.00000E-005  1.00000E-005  1.00000E-005  1.00000E-005  1.00000E-005  1.00000E-005  1.00000E-005  1.00000E-005  1.00000E-005  1.00000E-005  1.00000E-005  
8.50000E+000  3.62903E-001  1.12332E+019  2.33993E+002  1.00000E+005  1.08484E-004  1.00000E-040  1.00000E-040  1.39531E-010  1.00000E-040  1.00000E-040  1.00000E-040  1.00000E-040  1.00000E-040  1.00000E-040  1.00000E-040  1.00000E-040  1.00000E-040  1.00000E-040  9.37382E-022  1.00000E-040  1.00000E-040  6.69564E-018  4.98285E-007  1.69004E-004  2.71511E-013  2.74162E-013  2.11952E-004  1.83029E-008  2.83092E-004  1.73522E-019  4.18627E-011  1.00000E-040  5.51291E-040  1.30503E-026  5.59409E-017  7.83932E-007  1.18227E-020  4.32027E-022  1.56244E-033  2.29813E-034  1.00000E-040  1.91475E-015  1.22326E-017  8.26873E-015  9.39801E-012  9.22007E-034  4.34710E-040  1.91094E-010  3.58112E-033  4.62988E-011  3.58349E-020  9.99334E-001  3.20797E-019  5.93844E-014  1.21466E-011  7.23243E-035  7.06030E-037  1.66149E-024  1.81053E-020  1.44255E-012  1.14163E-013  1.30009E-011  4.68114E-015  2.49111E-007  8.62019E-010  2.93198E-008  1.88630E-012  3.78018E-014  1.45597E-019  2.68295E-012  3.95286E-011  4.34952E-012  1.00000E-040  1.00000E-040  7.36841E-033  1.00000E-040  4.61244E-014  1.00000E-040  8.84822E-018  9.61124E-015  7.64660E-021  1.91991E-020  7.76600E-031  5.98570E-035  1.00000E-040  1.00000E-040  1.00000E-040  1.41635E-033  3.12715E-032  3.17304E-021  9.21337E-016  1.59594E-031  2.61609E-030  2.92967E-021  2.19017E-013  2.03203E-015  5.24020E-015  2.03420E-023  6.46563E-011  1.00000E-040  2.48474E-016  2.34182E-036  2.44372E-021  4.61004E-023  1.15089E-014  9.23589E-022  1.01940E-011  5.09683E-020  6.01016E-021  1.56596E-014  4.48358E-014  9.39732E-038  1.00000E-040  1.57460E-020  1.00000E-040  1.66199E-022  2.99300E-011  2.52869E-031  1.00000E-003  1.00000E-005  1.00000E-005  1.00000E-005  1.00000E-005  1.00000E-005  1.00000E-005  1.00000E-005  1.00000E-005  1.00000E-005  1.00000E-005  1.00000E-005  1.00000E-005  1.00000E-005  1.00000E-005  1.00000E-005  
9.50000E+000  3.14398E-001  1.00462E+019  2.26671E+002  9.61769E+004  5.70609E-005  1.00000E-040  1.00000E-040  8.26774E-010  1.00000E-040  1.00000E-040  1.00000E-040  1.00000E-040  1.00000E-040  1.00000E-040  1.00000E-040  1.00000E-040  1.00000E-040  1.00000E-040  6.42240E-020  1.00000E-040  1.00000E-040  6.64576E-018  4.98396E-007  8.50763E-005  2.95358E-013  4.02339E-013  2.11958E-004  1.69843E-008  2.83118E-004  1.45316E-019  3.13071E-011  1.00000E-040  6.79845E-040  1.10372E-026  4.75554E-017  7.82704E-007  1.50022E-020  2.63398E-022  1.01528E-033  7.34547E-035  1.00000E-040  1.22638E-015  1.73770E-017  1.04209E-014  9.17617E-012  7.95712E-034  3.66514E-040  1.76849E-010  1.60550E-033  4.61737E-011  5.90236E-019  9.99418E-001  2.61626E-019  2.94505E-014  6.06494E-012  1.54381E-033  1.01591E-036  1.69943E-024  1.06844E-020  2.37981E-012  6.00569E-014  1.08294E-011  3.69335E-015  2.45574E-007  6.39959E-010  3.60413E-008  2.30419E-012  3.70408E-014  2.89961E-019  4.11502E-012  4.05256E-011  2.76620E-012  1.00000E-040  1.00000E-040  1.00000E-040  1.00000E-040  1.10820E-014  1.00000E-040  8.50156E-018  8.83213E-015  8.49779E-021  1.48564E-020  7.82911E-031  1.08686E-035  1.00000E-040  1.00000E-040  1.00000E-040  1.40482E-033  1.86497E-032  2.11659E-021  6.17555E-016  1.19837E-031  4.14234E-030  4.10261E-021  2.74819E-013  1.98397E-015  5.57509E-015  5.40190E-023  5.57732E-011  1.00000E-040  6.25807E-016  3.10457E-036  2.35275E-021  2.47107E-023  1.15099E-014  4.31615E-022  5.42713E-012  5.77088E-020  8.71206E-021  3.45062E-015  4.48398E-014  1.00000E-040  1.00000E-040  9.59380E-021  1.00000E-040  6.73979E-023  2.96805E-011  2.51034E-031  1.00000E-003  1.00000E-005  1.00000E-005  1.00000E-005  1.00000E-005  1.00000E-005  1.00000E-005  1.00000E-005  1.00000E-005  1.00000E-005  1.00000E-005  1.00000E-005  1.00000E-005  1.00000E-005  1.00000E-005  1.00000E-005  
1.05000E+001  2.71159E-001  8.93439E+018  2.19824E+002  6.85565E+004  2.28881E-005  1.00000E-040  1.00000E-040  2.18882E-008  1.00000E-040  1.00000E-040  1.00000E-040  1.00000E-040  1.00000E-040  1.00000E-040  1.00000E-040  1.00000E-040  1.00000E-040  1.00000E-040  2.43862E-018  1.00000E-040  1.00000E-040  6.79594E-018  4.98499E-007  4.39142E-005  3.26666E-013  5.96529E-013  2.11954E-004  1.56956E-008  2.83133E-004  1.24221E-019  2.36244E-011  1.00000E-040  1.09465E-039  9.76939E-027  4.16121E-017  7.81324E-007  1.89379E-020  1.58905E-022  6.70790E-034  2.85967E-034  1.00000E-040  9.24488E-016  2.19023E-017  1.29944E-014  9.11233E-012  7.06760E-034  2.98506E-040  1.62252E-010  7.36594E-034  4.60395E-011  4.09797E-018  9.99459E-001  1.94272E-019  1.26689E-014  2.78005E-012  1.00000E-040  1.47373E-036  1.78379E-024  6.36306E-021  3.69062E-012  2.72679E-014  8.88248E-012  2.89007E-015  2.41351E-007  4.54341E-010  4.41766E-008  2.74939E-012  3.63985E-014  5.73298E-019  5.97598E-012  4.12221E-011  2.94908E-012  1.00000E-040  1.00000E-040  1.00000E-040  1.00000E-040  1.97989E-015  1.00000E-040  8.15725E-018  8.11856E-015  7.30144E-021  1.16546E-020  7.92222E-031  2.27715E-036  1.00000E-040  1.00000E-040  1.00000E-040  1.41696E-033  1.14630E-032  1.39094E-021  4.25422E-016  9.42300E-032  6.62093E-030  5.82886E-021  2.99405E-013  1.97352E-015  5.78236E-015  1.87407E-022  4.79497E-011  1.00000E-040  1.55374E-015  4.29039E-036  1.59843E-021  1.33512E-023  1.15104E-014  2.02288E-022  3.00937E-012  6.74149E-020  1.26371E-020  5.50054E-016  4.48416E-014  1.00000E-040  1.00000E-040  5.97334E-021  1.00000E-040  2.78112E-023  2.94155E-011  2.49731E-031  1.00000E-003  1.00000E-005  1.00000E-005  1.00000E-005  1.00000E-005  1.00000E-005  1.00000E-005  1.00000E-005  1.00000E-005  1.00000E-005  1.00000E-005  1.00000E-005  1.00000E-005  1.00000E-005  1.00000E-005  1.00000E-005  
1.15000E+001  2.32855E-001  7.88744E+018  2.13829E+002  2.37960E+004  5.34142E-006  1.00000E-040  1.00000E-040  1.39289E-008  1.00000E-040  1.00000E-040  1.00000E-040  1.00000E-040  1.00000E-040  1.00000E-040  1.00000E-040  1.00000E-040  1.00000E-040  1.00000E-040  2.19111E-018  1.00000E-040  1.00000E-040  7.16445E-018  4.98674E-007  2.41662E-005  3.74476E-013  9.93197E-013  2.11933E-004  1.37803E-008  2.83143E-004  1.11311E-019  1.82745E-011  1.00000E-040  2.35548E-039  9.66863E-027  3.90480E-017  7.78662E-007  2.27335E-020  7.69721E-023  2.76298E-034  1.00000E-040  1.00000E-040  5.89191E-016  2.13031E-017  1.40233E-014  8.81898E-012  6.01360E-034  1.97016E-040  1.39185E-010  3.73016E-034  4.57950E-011  1.63450E-017  9.99479E-001  1.08936E-019  3.18071E-015  8.17071E-013  1.73658E-035  2.03927E-036  1.80373E-024  3.34925E-021  5.60722E-012  8.00687E-015  7.08898E-012  2.30103E-015  2.33203E-007  2.73826E-010  5.95109E-008  3.47280E-012  4.11038E-014  1.07528E-018  8.85661E-012  4.37514E-011  5.49581E-012  1.00000E-040  1.00000E-040  1.00000E-040  1.00000E-040  1.37630E-016  1.00000E-040  7.64351E-018  7.34564E-015  5.16578E-021  9.05647E-021  8.14951E-031  4.94871E-037  1.00000E-040  1.00000E-040  1.00000E-040  1.46447E-033  6.50927E-033  8.26249E-022  2.84982E-016  8.35531E-032  1.06955E-029  7.60995E-021  2.48455E-013  2.04457E-015  5.90020E-015  4.05490E-022  3.75196E-011  1.00000E-040  3.68994E-015  5.84572E-036  8.62254E-022  6.72402E-024  1.15108E-014  7.69880E-023  1.67815E-012  7.89449E-020  2.03096E-020  3.17983E-017  4.48424E-014  1.00000E-040  1.00000E-040  4.04913E-021  1.00000E-040  1.07895E-023  2.89396E-011  2.46144E-031  1.00000E-003  1.00000E-005  1.00000E-005  1.00000E-005  1.00000E-005  1.00000E-005  1.00000E-005  1.00000E-005  1.00000E-005  1.00000E-005  1.00000E-005  1.00000E-005  1.00000E-005  1.00000E-005  1.00000E-005  1.00000E-005  
1.25000E+001  1.99187E-001  6.90433E+018  2.08957E+002  1.42829E+004  1.28597E-006  1.00000E-040  1.00000E-040  9.12166E-009  1.00000E-040  1.00000E-040  1.00000E-040  1.00000E-040  1.00000E-040  1.00000E-040  1.00000E-040  1.00000E-040  1.00000E-040  1.00000E-040  1.82392E-018  1.00000E-040  1.00000E-040  7.56019E-018  4.99046E-007  1.35597E-005  4.48189E-013  1.88450E-012  2.11886E-004  1.10512E-008  2.83153E-004  1.09593E-019  1.51234E-011  1.00000E-040  5.54897E-039  1.11227E-026  4.02896E-017  7.72932E-007  2.40547E-020  2.60125E-023  1.78579E-034  9.41844E-034  1.00000E-040  2.40016E-016  1.36581E-017  1.17875E-014  7.52597E-012  4.67029E-034  1.00000E-040  1.03648E-010  2.21030E-034  4.53010E-011  4.45874E-017  9.99490E-001  5.74530E-020  3.68253E-016  1.22038E-013  1.00000E-040  2.42151E-036  1.56904E-024  1.58055E-021  8.40958E-012  2.09424E-015  5.47326E-012  1.94391E-015  2.16677E-007  1.40308E-010  8.87491E-008  4.82462E-012  5.80268E-014  2.01149E-018  1.28449E-011  5.19277E-011  8.47997E-012  1.00000E-040  1.00000E-040  1.00000E-040  1.00000E-040  2.93414E-018  1.00000E-040  6.90217E-018  6.88740E-015  3.50193E-021  7.08801E-021  8.75818E-031  1.15328E-037  1.00000E-040  1.00000E-040  1.00000E-040  1.49009E-033  3.49961E-033  4.38124E-022  1.82235E-016  8.74901E-032  1.49713E-029  8.14594E-021  1.32476E-013  2.23611E-015  5.86404E-015  5.84843E-022  2.42998E-011  1.00000E-040  8.03542E-015  6.98603E-036  4.23766E-022  3.07943E-024  1.15114E-014  2.38874E-023  9.47499E-013  8.40328E-020  3.66580E-020  5.06509E-019  4.48424E-014  1.00000E-040  1.00000E-040  3.20051E-021  1.00000E-040  3.89590E-024  2.79967E-011  2.30082E-031  1.00000E-003  1.00000E-005  1.00000E-005  1.00000E-005  1.00000E-005  1.00000E-005  1.00000E-005  1.00000E-005  1.00000E-005  1.00000E-005  1.00000E-005  1.00000E-005  1.00000E-005  1.00000E-005  1.00000E-005  1.00000E-005  
1.35000E+001  1.69823E-001  6.00132E+018  2.04959E+002  6.95701E+003  3.18306E-007  1.00000E-040  1.00000E-040  5.02642E-009  1.00000E-040  1.00000E-040  1.00000E-040  1.00000E-040  1.00000E-040  1.00000E-040  1.00000E-040  1.00000E-040  1.00000E-040  1.00000E-040  1.45966E-018  1.00000E-040  1.00000E-040  8.45672E-018  4.99769E-007  8.63529E-006  5.77269E-013  3.66596E-012  2.11813E-004  8.22397E-009  2.83166E-004  1.21846E-019  1.35439E-011  1.00000E-040  1.07807E-038  1.55589E-026  4.64816E-017  7.62269E-007  2.08336E-020  5.99664E-024  3.41349E-035  2.22513E-034  1.00000E-040  6.78023E-017  6.35949E-018  7.79105E-015  5.07012E-012  3.54192E-034  1.00000E-040  6.36059E-011  1.54626E-034  4.44429E-011  9.64421E-017  9.99495E-001  4.92451E-020  2.22448E-017  9.72319E-015  1.00000E-040  2.46783E-036  1.16864E-024  7.86072E-022  1.22505E-011  1.25453E-015  4.38937E-012  1.76293E-015  1.89546E-007  7.37350E-011  1.32145E-007  6.92577E-012  9.15011E-014  2.74225E-018  1.76563E-011  6.75261E-011  1.15362E-011  1.00000E-040  1.00000E-040  1.00000E-040  1.00000E-040  2.46701E-020  1.00000E-040  6.13841E-018  7.26117E-015  2.58465E-021  5.75919E-021  1.01608E-030  3.59444E-038  1.00000E-040  1.00000E-040  1.00000E-040  1.40211E-033  2.15316E-033  2.41390E-022  1.20188E-016  1.12901E-031  1.59397E-029  7.02174E-021  4.94228E-014  2.63961E-015  5.62991E-015  7.28253E-022  1.23199E-011  1.00000E-040  1.66060E-014  7.53942E-036  2.28820E-022  1.49072E-024  1.15123E-014  8.09300E-024  5.80287E-013  7.51490E-020  6.72973E-020  3.05452E-021  4.48416E-014  1.00000E-040  1.00000E-040  3.08341E-021  1.00000E-040  1.50686E-024  2.64072E-011  1.92025E-031  1.00000E-003  1.00000E-005  1.00000E-005  1.00000E-005  1.00000E-005  1.00000E-005  1.00000E-005  1.00000E-005  1.00000E-005  1.00000E-005  1.00000E-005  1.00000E-005  1.00000E-005  1.00000E-005  1.00000E-005  1.00000E-005  
1.45000E+001  1.44360E-001  5.19354E+018  2.01326E+002  5.42540E+003  1.14556E-007  1.00000E-040  1.00000E-040  2.56121E-009  1.00000E-040  1.00000E-040  1.00000E-040  1.00000E-040  1.00000E-040  1.00000E-040  1.00000E-040  1.00000E-040  1.00000E-040  1.00000E-040  1.14765E-018  1.00000E-040  1.00000E-040  9.72544E-018  5.01064E-007  5.72891E-006  7.41660E-013  6.83761E-012  2.11716E-004  6.15107E-009  2.83182E-004  1.36393E-019  1.21804E-011  1.00000E-040  1.68159E-038  2.19251E-026  5.39598E-017  7.44634E-007  1.42375E-020  8.96083E-025  1.00000E-040  1.00000E-040  1.00000E-040  1.57182E-017  2.44961E-018  4.25672E-015  2.65995E-012  2.23040E-034  1.00000E-040  3.02745E-011  1.10496E-034  4.31265E-011  1.87176E-016  9.99498E-001  5.44515E-020  1.10608E-018  6.24563E-016  1.00000E-040  2.45500E-036  8.45787E-025  4.24350E-022  1.78455E-011  1.12238E-015  3.56472E-012  1.59337E-015  1.52306E-007  4.12799E-011  1.85178E-007  9.70418E-012  1.36465E-013  2.76843E-018  2.38982E-011  8.48872E-011  9.74598E-012  1.00000E-040  1.00000E-040  1.00000E-040  1.00000E-040  1.07565E-022  1.00000E-040  5.63943E-018  8.13334E-015  2.06924E-021  4.87388E-021  1.30797E-030  1.31630E-038  1.00000E-040  1.00000E-040  1.00000E-040  1.05278E-033  1.43986E-033  1.42988E-022  7.74219E-017  1.47423E-031  1.39875E-029  4.47881E-021  1.48182E-014  3.08815E-015  5.30168E-015  8.52414E-022  4.70221E-012  1.00000E-040  3.28832E-014  7.83236E-036  1.35677E-022  7.78014E-025  1.15141E-014  3.07621E-024  3.58916E-013  5.19314E-020  1.18662E-019  9.49674E-024  4.48396E-014  1.00000E-040  1.00000E-040  2.98315E-021  1.00000E-040  6.16577E-025  2.40724E-011  1.46160E-031  1.00000E-003  1.00000E-005  1.00000E-005  1.00000E-005  1.00000E-005  1.00000E-005  1.00000E-005  1.00000E-005  1.00000E-005  1.00000E-005  1.00000E-005  1.00000E-005  1.00000E-005  1.00000E-005  1.00000E-005  1.00000E-005  
1.55000E+001  1.22363E-001  4.48043E+018  1.97810E+002  4.40851E+003  5.68969E-008  1.00000E-040  1.00000E-040  1.09737E-009  1.00000E-040  1.00000E-040  1.00000E-040  1.00000E-040  1.00000E-040  1.00000E-040  1.00000E-040  1.00000E-040  1.00000E-040  1.00000E-040  8.99855E-019  1.00000E-040  1.00000E-040  1.20285E-017  5.02943E-007  3.90209E-006  9.23971E-013  1.17909E-011  2.11613E-004  5.23269E-009  2.83201E-004  1.47257E-019  1.07205E-011  1.00000E-040  2.43046E-038  2.90772E-026  6.08007E-017  7.21763E-007  8.34081E-021  1.02251E-025  7.14751E-035  7.76268E-034  1.00000E-040  3.74305E-018  9.42834E-019  2.20558E-015  1.20628E-012  1.22034E-034  1.00000E-040  1.18284E-011  7.59654E-035  4.15457E-011  3.45452E-016  9.99500E-001  6.02128E-020  2.58858E-019  1.76274E-016  1.00000E-040  2.78772E-036  6.95465E-025  2.62067E-022  2.47209E-011  1.03060E-015  2.93229E-012  1.38542E-015  1.14529E-007  2.46610E-011  2.36200E-007  1.19945E-011  1.75352E-013  2.21939E-018  3.05333E-011  9.06279E-011  6.27692E-012  1.00000E-040  1.00000E-040  1.00000E-040  1.00000E-040  4.76888E-025  1.00000E-040  5.65049E-018  8.98411E-015  1.83674E-021  4.46167E-021  1.79656E-030  5.67350E-039  1.00000E-040  1.00000E-040  1.00000E-040  6.57212E-034  1.06944E-033  9.66349E-023  5.02681E-017  1.81117E-031  1.22530E-029  2.35595E-021  4.34166E-015  3.49006E-015  4.94794E-015  9.93726E-022  1.52370E-012  1.00000E-040  6.30191E-014  8.96572E-036  9.21106E-023  4.70517E-025  1.15166E-014  1.39756E-024  2.27741E-013  3.00125E-020  1.94640E-019  3.04831E-026  4.48368E-014  1.00000E-040  1.00000E-040  2.69520E-021  1.00000E-040  2.86341E-025  2.14217E-011  1.28345E-031  1.00000E-003  1.00000E-005  1.00000E-005  1.00000E-005  1.00000E-005  1.00000E-005  1.00000E-005  1.00000E-005  1.00000E-005  1.00000E-005  1.00000E-005  1.00000E-005  1.00000E-005  1.00000E-005  1.00000E-005  1.00000E-005  
1.65000E+001  1.03425E-001  3.85124E+018  1.94509E+002  3.94335E+003  3.15407E-008  1.00000E-040  1.00000E-040  4.11852E-010  1.00000E-040  1.00000E-040  1.00000E-040  1.00000E-040  1.00000E-040  1.00000E-040  1.00000E-040  1.00000E-040  1.00000E-040  1.00000E-040  7.07437E-019  1.00000E-040  1.00000E-040  1.62432E-017  5.05571E-007  2.71510E-006  1.14962E-012  1.97191E-011  2.11498E-004  5.01996E-009  2.83222E-004  1.59784E-019  9.46575E-012  1.00000E-040  3.68210E-038  3.88333E-026  6.89598E-017  6.93597E-007  4.10885E-021  8.23504E-027  1.00000E-040  1.00000E-040  1.00000E-040  8.50403E-019  3.35856E-019  1.01505E-015  4.60907E-013  5.79460E-035  1.00000E-040  3.73513E-012  5.26526E-035  3.97338E-011  6.12098E-016  9.99501E-001  6.76561E-020  1.57877E-019  1.24464E-016  1.00000E-040  3.61168E-036  6.49872E-025  1.85289E-022  3.08061E-011  8.74797E-016  2.47393E-012  1.22012E-015  8.03655E-008  1.56500E-011  2.86456E-007  1.27082E-011  2.05127E-013  1.45707E-018  3.48832E-011  8.18192E-011  3.16203E-012  1.00000E-040  1.00000E-040  1.00000E-040  1.00000E-040  4.36808E-026  1.00000E-040  6.30861E-018  1.00002E-014  1.83729E-021  4.55935E-021  2.59058E-030  2.90934E-039  1.00000E-040  1.00000E-040  1.00000E-040  3.47778E-034  9.10279E-034  7.50176E-023  3.30754E-017  2.24533E-031  1.15481E-029  1.06613E-021  1.15050E-015  3.92837E-015  4.57837E-015  1.15425E-021  4.28093E-013  1.00000E-040  1.20721E-013  1.16093E-035  7.21423E-023  3.21376E-025  1.15200E-014  7.46539E-025  1.50691E-013  1.45342E-020  3.10871E-019  2.05847E-027  4.48330E-014  1.00000E-040  1.00000E-040  2.43617E-021  1.00000E-040  1.47195E-025  1.85737E-011  1.98020E-031  1.00000E-003  1.00000E-005  1.00000E-005  1.00000E-005  1.00000E-005  1.00000E-005  1.00000E-005  1.00000E-005  1.00000E-005  1.00000E-005  1.00000E-005  1.00000E-005  1.00000E-005  1.00000E-005  1.00000E-005  1.00000E-005  
1.75000E+001  8.71853E-002  3.29523E+018  1.91635E+002  3.89374E+003  1.82141E-008  1.00000E-040  1.00000E-040  1.37507E-010  1.00000E-040  1.00000E-040  1.00000E-040  1.00000E-040  1.00000E-040  1.00000E-040  1.00000E-040  1.00000E-040  1.00000E-040  1.00000E-040  5.61235E-019  1.00000E-040  1.00000E-040  2.43719E-017  5.08994E-007  1.99855E-006  1.51217E-012  3.29184E-011  2.11371E-004  5.05391E-009  2.83244E-004  1.87739E-019  8.73355E-012  1.00000E-040  6.30350E-038  5.93372E-026  8.41606E-017  6.61579E-007  1.68945E-021  4.64846E-028  4.25284E-035  4.65024E-034  1.00000E-040  1.76654E-019  1.06114E-019  3.93976E-016  1.44059E-013  2.60502E-035  1.00000E-040  9.72494E-013  4.05676E-035  3.77972E-011  1.04363E-015  9.99502E-001  7.93015E-020  1.07029E-019  9.68213E-017  1.00000E-040  5.32068E-036  6.88644E-025  1.58208E-022  3.32059E-011  6.75652E-016  2.21076E-012  1.12354E-015  5.34222E-008  1.09956E-011  3.37459E-007  1.12937E-011  2.22423E-013  7.79763E-019  3.41595E-011  6.43527E-011  1.28678E-012  1.00000E-040  1.00000E-040  1.00000E-040  1.00000E-040  1.42683E-026  1.00000E-040  7.90637E-018  1.19414E-014  2.12485E-021  5.35016E-021  3.81370E-030  2.05374E-039  1.00000E-040  1.00000E-040  1.00000E-040  1.66156E-034  9.93620E-034  6.96792E-023  2.27284E-017  3.20834E-031  1.21437E-029  4.41579E-022  2.62323E-016  4.64936E-015  4.19245E-015  1.39467E-021  1.06808E-013  1.00000E-040  2.27700E-013  1.78185E-035  6.85668E-023  2.48283E-025  1.15241E-014  5.08360E-025  1.07739E-013  6.03604E-021  4.95611E-019  5.48197E-028  4.48285E-014  1.40958E-029  1.00000E-040  2.51452E-021  1.00000E-040  8.48856E-026  1.57300E-011  7.33468E-031  1.00000E-003  1.00000E-005  1.00000E-005  1.00000E-005  1.00000E-005  1.00000E-005  1.00000E-005  1.00000E-005  1.00000E-005  1.00000E-005  1.00000E-005  1.00000E-005  1.00000E-005  1.00000E-005  1.00000E-005  1.00000E-005  
1.85000E+001  7.33304E-002  2.80391E+018  1.89425E+002  3.93732E+003  1.00697E-008  1.00000E-040  1.00000E-040  4.04903E-011  1.00000E-040  1.00000E-040  1.00000E-040  1.00000E-040  1.00000E-040  1.00000E-040  1.00000E-040  1.00000E-040  1.00000E-040  1.00000E-040  4.47089E-019  1.00000E-040  1.00000E-040  4.11828E-017  5.13305E-007  1.62580E-006  2.18757E-012  5.55470E-011  2.11236E-004  4.99682E-009  2.83267E-004  2.50317E-019  8.57785E-012  1.00000E-040  1.27526E-037  1.13443E-025  1.15625E-016  6.26908E-007  5.69821E-022  1.86350E-029  4.39354E-034  4.80932E-033  1.00000E-040  3.20425E-020  2.85420E-020  1.22594E-016  3.56407E-014  1.16838E-035  1.00000E-040  2.10258E-013  3.79353E-035  3.58061E-011  1.71047E-015  9.99502E-001  9.75776E-020  7.36173E-020  7.78718E-017  1.00000E-040  8.89630E-036  8.27193E-025  1.69225E-022  3.11010E-011  4.84720E-016  2.12008E-012  1.09433E-015  3.40660E-008  8.76634E-012  3.87559E-007  8.49046E-012  2.17133E-013  3.28459E-019  2.86769E-011  4.60392E-011  4.47426E-013  1.00000E-040  1.00000E-040  2.53377E-040  1.00000E-040  4.47517E-027  1.00000E-040  1.09703E-017  1.59816E-014  2.84527E-021  7.21069E-021  5.67652E-030  2.22552E-039  1.00000E-040  1.00000E-040  1.00000E-040  7.40507E-035  1.50450E-033  7.89552E-023  1.64918E-017  5.81655E-031  1.44233E-029  1.66849E-022  4.89161E-017  5.95990E-015  3.78925E-015  1.81530E-021  2.32029E-014  1.00000E-040  4.04225E-013  3.33855E-035  8.08947E-023  2.20533E-025  1.15291E-014  4.69824E-025  8.37948E-014  2.15251E-021  7.95160E-019  1.50167E-028  4.48235E-014  3.92555E-029  1.00000E-040  3.26259E-021  1.00000E-040  5.64414E-026  1.30040E-011  4.56141E-030  1.00000E-003  1.00000E-005  1.00000E-005  1.00000E-005  1.00000E-005  1.00000E-005  1.00000E-005  1.00000E-005  1.00000E-005  1.00000E-005  1.00000E-005  1.00000E-005  1.00000E-005  1.00000E-005  1.00000E-005  1.00000E-005  
1.95000E+001  6.15725E-002  2.37374E+018  1.87876E+002  4.20491E+003  5.20915E-009  1.00000E-040  1.00000E-040  1.07912E-011  1.00000E-040  1.00000E-040  1.00000E-040  1.00000E-040  1.00000E-040  1.00000E-040  1.00000E-040  1.00000E-040  1.00000E-040  1.00000E-040  3.51042E-019  1.00000E-040  1.00000E-040  7.76123E-017  5.18696E-007  1.47111E-006  3.43228E-012  9.41744E-011  2.11107E-004  4.73755E-009  2.83290E-004  3.69715E-019  8.75025E-012  1.00000E-040  3.06697E-037  2.63171E-025  1.75753E-016  5.90622E-007  1.56721E-022  2.92044E-031  1.00000E-040  1.00000E-040  1.00000E-040  4.87946E-021  6.40448E-021  3.02247E-017  6.95544E-015  5.03447E-036  1.00000E-040  3.75114E-014  4.28629E-035  3.38150E-011  2.66912E-015  9.99503E-001  1.23779E-019  5.02307E-020  6.36495E-017  1.00000E-040  1.64728E-035  1.10290E-024  2.19565E-022  2.62724E-011  3.29978E-016  2.12980E-012  1.11063E-015  2.10170E-008  7.89135E-012  4.29214E-007  5.54485E-012  1.78612E-013  1.06263E-019  2.13981E-011  3.04233E-011  1.33295E-013  1.00000E-040  1.00000E-040  1.00000E-040  1.00000E-040  1.27848E-027  1.00000E-040  1.63826E-017  2.36369E-014  4.24767E-021  1.07569E-020  8.56716E-030  3.49351E-039  1.00000E-040  1.00000E-040  1.00000E-040  3.01090E-035  3.01709E-033  1.05377E-022  1.23982E-017  1.29895E-030  1.89517E-029  5.46612E-023  7.27677E-018  8.09538E-015  3.38314E-015  2.49442E-021  4.24602E-015  1.00000E-040  6.60543E-013  7.36213E-035  1.13200E-022  2.24986E-025  1.15346E-014  5.66201E-025  6.89057E-014  6.46643E-022  1.27473E-018  3.99071E-029  4.48181E-014  3.45577E-030  1.00000E-040  5.17572E-021  1.00000E-040  4.32078E-026  1.04749E-011  1.00000E-040  1.00000E-003  1.00000E-005  1.00000E-005  1.00000E-005  1.00000E-005  1.00000E-005  1.00000E-005  1.00000E-005  1.00000E-005  1.00000E-005  1.00000E-005  1.00000E-005  1.00000E-005  1.00000E-005  1.00000E-005  1.00000E-005  
2.05000E+001  5.16359E-002  2.00331E+018  1.86690E+002  4.72335E+003  2.92631E-009  1.00000E-040  1.00000E-040  2.64506E-012  1.00000E-040  1.00000E-040  1.00000E-040  1.00000E-040  1.00000E-040  1.00000E-040  1.00000E-040  1.00000E-040  1.00000E-040  1.00000E-040  2.64888E-019  1.00000E-040  1.00000E-040  1.59050E-016  5.25317E-007  1.42018E-006  5.56956E-012  1.58374E-010  2.11006E-004  4.35538E-009  2.83311E-004  5.67094E-019  8.91199E-012  1.00000E-040  8.66003E-037  6.65397E-025  2.79808E-016  5.54698E-007  3.62991E-023  1.00000E-040  1.00000E-040  1.00000E-040  1.00000E-040  6.24273E-022  1.22579E-021  6.18275E-018  1.12505E-015  1.95559E-036  1.00000E-040  5.60882E-015  5.99641E-035  3.19253E-011  3.87439E-015  9.99503E-001  1.51748E-019  3.26526E-020  5.02551E-017  1.00000E-040  3.19948E-035  1.55420E-024  3.16218E-022  2.11795E-011  2.18693E-016  2.14813E-012  1.10064E-015  1.27957E-008  7.95121E-012  4.52029E-007  3.28118E-012  1.19611E-013  2.73922E-020  1.50837E-011  1.86766E-011  3.48767E-014  1.00000E-040  1.00000E-040  1.00000E-040  1.00000E-040  3.19907E-028  1.00000E-040  2.53967E-017  3.67407E-014  6.65378E-021  1.67676E-020  1.30989E-029  6.63226E-039  1.00000E-040  1.00000E-040  1.00000E-040  1.08668E-035  6.97057E-033  1.53398E-022  9.37570E-018  3.18871E-030  2.61252E-029  1.53000E-023  8.84099E-019  1.11417E-014  3.00479E-015  3.37988E-021  6.61032E-016  1.00000E-040  9.87682E-013  1.75184E-034  1.71872E-022  2.56488E-025  1.15407E-014  7.87672E-025  5.78639E-014  1.64611E-022  2.02220E-018  9.63342E-030  4.48126E-014  1.00000E-040  1.00000E-040  8.98465E-021  1.00000E-040  3.67995E-026  8.26885E-012  1.00000E-040  1.00000E-003  1.00000E-005  1.00000E-005  1.00000E-005  1.00000E-005  1.00000E-005  1.00000E-005  1.00000E-005  1.00000E-005  1.00000E-005  1.00000E-005  1.00000E-005  1.00000E-005  1.00000E-005  1.00000E-005  1.00000E-005  
2.15000E+001  4.32600E-002  1.68741E+018  1.85688E+002  5.25999E+003  1.75416E-009  1.00000E-040  1.00000E-040  5.94401E-013  1.00000E-040  1.00000E-040  1.00000E-040  1.00000E-040  1.00000E-040  1.00000E-040  1.00000E-040  1.00000E-040  1.00000E-040  1.00000E-040  1.88337E-019  1.00000E-040  1.00000E-040  3.53013E-016  5.33505E-007  1.41722E-006  9.09502E-012  2.63951E-010  2.10946E-004  3.94236E-009  2.83330E-004  8.72371E-019  8.91483E-012  1.00000E-040  3.01571E-036  1.73156E-024  4.54280E-016  5.20180E-007  7.12831E-024  7.40008E-032  2.04953E-034  2.24527E-033  1.00000E-040  6.62524E-023  1.98531E-022  1.05713E-018  1.54110E-016  6.53127E-037  1.00000E-040  7.04215E-016  3.79183E-034  3.01796E-011  5.06031E-015  9.99503E-001  1.74430E-019  1.98585E-020  3.75252E-017  1.00000E-040  6.23738E-035  2.22460E-024  4.76146E-022  1.70352E-011  1.44139E-016  2.13395E-012  1.03609E-015  7.77503E-009  9.02827E-012  4.48292E-007  1.83289E-012  6.76878E-014  5.77916E-021  1.05372E-011  1.08747E-011  8.37798E-015  1.00000E-040  1.00000E-040  1.00000E-040  1.00000E-040  6.92738E-029  1.00000E-040  4.01077E-017  5.84596E-014  1.05984E-020  2.65461E-020  2.04571E-029  1.35849E-038  1.00000E-040  1.00000E-040  1.00000E-040  3.40131E-036  1.69726E-032  2.31911E-022  7.01923E-018  8.09295E-030  3.63903E-029  3.63295E-024  8.65087E-020  1.51567E-014  2.66454E-015  4.24874E-021  8.80554E-017  1.00000E-040  1.36392E-012  4.23185E-034  2.68667E-022  3.22660E-025  1.15471E-014  1.16138E-024  4.90215E-014  3.53857E-023  3.17426E-018  2.04099E-030  4.48070E-014  1.00000E-040  1.00000E-040  1.60741E-020  1.00000E-040  3.42935E-026  6.42077E-012  1.00000E-040  1.00000E-003  1.00000E-005  1.00000E-005  1.00000E-005  1.00000E-005  1.00000E-005  1.00000E-005  1.00000E-005  1.00000E-005  1.00000E-005  1.00000E-005  1.00000E-005  1.00000E-005  1.00000E-005  1.00000E-005  1.00000E-005  
2.25000E+001  3.62111E-002  1.41958E+018  1.84756E+002  5.99062E+003  1.18781E-009  1.00000E-040  1.00000E-040  1.26769E-013  1.00000E-040  1.00000E-040  1.00000E-040  1.00000E-040  1.00000E-040  1.00000E-040  1.00000E-040  1.00000E-040  1.00000E-040  1.00000E-040  1.25145E-019  1.00000E-040  1.00000E-040  8.42861E-016  5.43741E-007  1.43248E-006  1.46690E-011  4.36415E-010  2.10933E-004  3.56229E-009  2.83347E-004  1.31614E-018  8.70348E-012  1.00000E-040  1.33861E-035  4.46186E-024  7.38826E-016  4.87680E-007  1.18215E-024  1.70336E-031  6.74575E-034  7.36963E-033  1.00000E-040  5.73320E-024  2.64623E-023  1.49023E-019  1.80406E-017  1.80195E-037  1.00000E-040  7.46255E-017  7.86761E-033  2.85931E-011  5.83022E-015  9.99503E-001  1.84483E-019  1.11677E-020  2.61835E-017  1.00000E-040  1.17854E-034  3.13376E-024  7.15959E-022  1.41029E-011  9.53015E-017  2.08344E-012  9.14480E-016  4.74769E-009  1.12506E-011  4.15680E-007  1.00346E-012  3.47764E-014  1.00888E-021  7.54342E-012  6.15237E-012  1.87124E-015  1.00000E-040  1.00000E-040  1.00000E-040  1.00000E-040  1.29027E-029  1.00000E-040  6.35500E-017  9.34720E-014  1.68008E-020  4.18745E-020  3.29022E-029  2.76029E-038  1.00000E-040  1.00000E-040  1.00000E-040  9.01437E-037  4.07805E-032  3.50738E-022  5.14124E-018  2.03755E-029  4.97046E-029  7.31778E-025  6.60417E-021  1.99386E-014  2.35414E-015  4.76091E-021  1.01283E-017  1.00000E-040  1.75745E-012  9.90818E-034  4.16576E-022  4.41632E-025  1.15539E-014  1.70055E-024  4.15287E-014  6.37199E-024  4.91172E-018  3.70629E-031  4.48015E-014  1.00000E-040  1.00000E-040  2.84527E-020  1.00000E-040  3.44397E-026  4.92401E-012  1.00000E-040  1.00000E-003  1.00000E-005  1.00000E-005  1.00000E-005  1.00000E-005  1.00000E-005  1.00000E-005  1.00000E-005  1.00000E-005  1.00000E-005  1.00000E-005  1.00000E-005  1.00000E-005  1.00000E-005  1.00000E-005  1.00000E-005  
2.35000E+001  3.02853E-002  1.19316E+018  1.83844E+002  6.81524E+003  8.69680E-010  1.00000E-040  1.00000E-040  2.58749E-014  1.00000E-040  1.00000E-040  1.00000E-040  1.00000E-040  1.00000E-040  1.00000E-040  1.00000E-040  1.00000E-040  1.00000E-040  1.00000E-040  7.86517E-020  1.00000E-040  1.00000E-040  2.07474E-015  5.56486E-007  1.45297E-006  2.27194E-011  7.04539E-010  2.10960E-004  3.28161E-009  2.83359E-004  1.88896E-018  8.25424E-012  1.00000E-040  6.75730E-035  1.07192E-023  1.16677E-015  4.57901E-007  1.68527E-025  1.00000E-040  1.00000E-040  1.00000E-040  1.00000E-040  4.21899E-025  2.91888E-024  1.76281E-020  1.87251E-018  4.01376E-038  1.00000E-040  6.87942E-018  1.19605E-031  2.71802E-011  6.04962E-015  9.99503E-001  1.78150E-019  5.88097E-021  1.70044E-017  1.00000E-040  2.11449E-034  4.26099E-024  1.02723E-021  1.21065E-011  6.24665E-017  2.03578E-012  7.55825E-016  2.94115E-009  1.43228E-011  3.60352E-007  5.58387E-013  1.73622E-014  1.48397E-022  5.58255E-012  3.42783E-012  4.05359E-016  1.00000E-040  1.00000E-040  2.41495E-040  1.00000E-040  2.17755E-030  1.00000E-040  9.83582E-017  1.45509E-013  2.57217E-020  6.39771E-020  5.46106E-029  5.09049E-038  1.00000E-040  1.00000E-040  1.00000E-040  1.99425E-037  8.97832E-032  5.09790E-022  3.67927E-018  4.78560E-029  6.53745E-029  1.26911E-025  4.04516E-022  2.44799E-014  2.05517E-015  4.77890E-021  1.04543E-018  1.00000E-040  2.12835E-012  2.14772E-033  6.15802E-022  6.38640E-025  1.15610E-014  2.33449E-024  3.48259E-014  9.70182E-025  7.28827E-018  6.01232E-032  4.47960E-014  1.00000E-040  1.00000E-040  4.68676E-020  1.00000E-040  3.64319E-026  3.76286E-012  1.00000E-040  1.00000E-003  1.00000E-005  1.00000E-005  1.00000E-005  1.00000E-005  1.00000E-005  1.00000E-005  1.00000E-005  1.00000E-005  1.00000E-005  1.00000E-005  1.00000E-005  1.00000E-005  1.00000E-005  1.00000E-005  1.00000E-005  
2.45000E+001  2.53082E-002  1.00200E+018  1.82941E+002  7.73991E+003  5.49746E-010  1.00000E-040  1.00000E-040  5.06467E-015  1.00000E-040  1.00000E-040  1.00000E-040  1.00000E-040  1.00000E-040  1.00000E-040  1.00000E-040  1.00000E-040  1.00000E-040  1.00000E-040  4.79995E-020  1.00000E-040  1.00000E-040  4.87214E-015  5.72268E-007  1.47562E-006  3.28213E-011  1.07535E-009  2.11008E-004  3.15330E-009  2.83368E-004  2.50045E-018  7.58555E-012  1.94956E-040  3.12557E-034  2.24120E-023  1.71962E-015  4.31010E-007  2.12715E-026  2.81088E-032  2.04959E-034  2.22496E-033  1.00000E-040  2.92193E-026  2.81091E-025  1.84826E-021  1.81242E-019  7.19998E-039  1.00000E-040  5.73062E-019  1.21905E-030  2.59260E-011  5.93793E-015  9.99503E-001  1.58995E-019  3.03689E-021  1.04092E-017  1.00000E-040  3.61835E-034  5.61177E-024  1.36790E-021  1.05899E-011  3.99227E-017  2.04861E-012  5.91760E-016  1.85545E-009  1.73083E-011  2.95816E-007  3.24761E-013  8.81856E-015  1.88326E-023  4.19925E-012  1.88807E-012  9.56696E-017  1.00000E-040  1.00000E-040  1.00000E-040  1.00000E-040  3.75545E-031  1.00000E-040  1.44056E-016  2.12181E-013  3.68887E-020  9.17953E-020  9.36694E-029  7.99332E-038  1.00000E-040  1.00000E-040  1.00000E-040  3.64582E-038  1.71122E-031  6.91835E-022  2.60656E-018  9.78452E-029  8.31896E-029  1.94812E-026  2.21372E-023  2.71788E-014  1.76324E-015  4.47932E-021  1.02270E-019  1.00000E-040  2.44747E-012  4.20223E-033  8.44015E-022  9.31940E-025  1.15686E-014  2.93126E-024  2.87564E-014  1.27600E-025  9.96865E-018  9.86148E-033  4.47905E-014  1.00000E-040  1.00000E-040  6.70691E-020  1.00000E-040  3.90817E-026  2.88985E-012  1.00000E-040  1.00000E-003  1.00000E-005  1.00000E-005  1.00000E-005  1.00000E-005  1.00000E-005  1.00000E-005  1.00000E-005  1.00000E-005  1.00000E-005  1.00000E-005  1.00000E-005  1.00000E-005  1.00000E-005  1.00000E-005  1.00000E-005  
2.55000E+001  2.11316E-002  8.40642E+017  1.82070E+002  8.74643E+003  1.72418E-040  1.00000E-040  1.00000E-040  7.87640E-016  1.00000E-040  1.00000E-040  1.00000E-040  1.00000E-040  1.00000E-040  1.00000E-040  1.00000E-040  1.00000E-040  1.00000E-040  1.00000E-040  2.91194E-020  1.00000E-040  1.00000E-040  1.04252E-014  5.91478E-007  1.50416E-006  4.41750E-011  1.52711E-009  2.11056E-004  3.18071E-009  2.83373E-004  3.05493E-018  6.78987E-012  1.46530E-039  2.60176E-033  4.02176E-023  2.33399E-015  4.06854E-007  2.47537E-027  1.00000E-040  1.00000E-040  1.00000E-040  1.00000E-040  2.09731E-027  2.55264E-026  1.83039E-022  1.71039E-020  1.09002E-039  1.00000E-040  4.50884E-020  8.83930E-030  2.48006E-011  5.73092E-015  9.99503E-001  1.34876E-019  1.60682E-021  6.16055E-018  1.00000E-040  5.96904E-034  7.21495E-024  1.69131E-021  9.30773E-012  2.50270E-017  2.15642E-012  4.47833E-016  1.19391E-009  1.94404E-011  2.35438E-007  2.00316E-013  4.67176E-015  2.15489E-024  3.16518E-012  1.04308E-012  4.43671E-017  1.00000E-040  1.00000E-040  3.51125E-040  1.00000E-040  7.23597E-032  1.00000E-040  1.95380E-016  2.85843E-013  4.87793E-020  1.21478E-019  1.64735E-028  1.07140E-037  1.00000E-040  1.00000E-040  1.00000E-040  5.66198E-039  2.82231E-031  8.71121E-022  1.87137E-018  1.71822E-028  1.03399E-028  2.80569E-027  1.22713E-024  2.73894E-014  1.49234E-015  4.08734E-021  1.00321E-020  1.00000E-040  2.70234E-012  7.46338E-033  1.06813E-021  1.33377E-024  1.15767E-014  3.41684E-024  2.34493E-014  1.51294E-026  1.24040E-017  1.81284E-033  4.47848E-014  9.76363E-032  1.00000E-040  8.22883E-020  1.00000E-040  4.16593E-026  2.24622E-012  1.00000E-040  1.00000E-003  1.00000E-005  1.00000E-005  1.00000E-005  1.00000E-005  1.00000E-005  1.00000E-005  1.00000E-005  1.00000E-005  1.00000E-005  1.00000E-005  1.00000E-005  1.00000E-005  1.00000E-005  1.00000E-005  1.00000E-005  
2.65000E+001  1.76305E-002  7.04478E+017  1.81265E+002  9.76505E+003  1.97583E-040  1.00000E-040  1.00000E-040  1.08460E-016  1.00000E-040  1.00000E-040  1.00000E-040  1.00000E-040  1.00000E-040  1.00000E-040  1.00000E-040  1.00000E-040  1.00000E-040  1.00000E-040  1.77910E-020  1.00000E-040  1.00000E-040  2.04391E-014  6.14447E-007  1.52445E-006  5.63663E-011  2.04164E-009  2.11094E-004  3.34136E-009  2.83374E-004  3.52258E-018  5.97176E-012  7.87658E-039  3.53017E-031  6.36659E-023  2.94464E-015  3.84924E-007  2.76229E-028  1.33690E-031  1.36120E-033  1.46872E-032  1.00000E-040  1.61686E-028  2.30312E-027  1.78838E-023  1.61842E-021  1.47530E-040  1.00000E-040  3.47174E-021  4.83045E-029  2.37618E-011  5.54828E-015  9.99503E-001  1.11733E-019  8.83767E-022  3.60721E-018  1.00000E-040  9.47327E-034  9.01190E-024  1.95478E-021  8.20988E-012  1.54967E-017  2.35537E-012  3.34531E-016  7.82182E-010  2.05934E-011  1.86033E-007  1.30769E-013  2.59280E-015  2.43295E-025  2.38648E-012  5.85446E-013  3.68075E-017  1.00000E-040  1.00000E-040  7.13784E-040  1.00000E-040  1.57643E-032  1.00000E-040  2.44764E-016  3.58758E-013  5.95673E-020  1.48391E-019  2.93222E-028  1.25344E-037  1.00000E-040  1.00000E-040  1.00000E-040  7.84621E-040  4.12802E-031  1.02168E-021  1.37481E-018  2.66603E-028  1.25161E-028  4.07993E-028  7.39224E-026  2.55499E-014  1.25432E-015  3.69659E-021  1.02450E-021  1.00000E-040  2.89612E-012  1.21654E-032  1.25552E-021  1.86440E-024  1.15855E-014  3.74158E-024  1.88298E-014  1.69069E-027  1.43035E-017  3.79697E-034  4.47790E-014  9.80358E-030  1.00000E-040  8.90591E-020  1.00000E-040  4.41358E-026  1.77174E-012  7.08408E-030  1.00000E-003  1.00000E-005  1.00000E-005  1.00000E-005  1.00000E-005  1.00000E-005  1.00000E-005  1.00000E-005  1.00000E-005  1.00000E-005  1.00000E-005  1.00000E-005  1.00000E-005  1.00000E-005  1.00000E-005  1.00000E-005  
2.75000E+001  1.46992E-002  5.89605E+017  1.80571E+002  1.09262E+004  2.49604E-040  1.00000E-040  1.00000E-040  3.26341E-017  1.00000E-040  1.00000E-040  1.00000E-040  1.00000E-040  1.00000E-040  1.00000E-040  1.00000E-040  1.00000E-040  1.00000E-040  1.00000E-040  1.10525E-020  1.00000E-040  1.00000E-040  3.78483E-014  6.41361E-007  1.53737E-006  6.98066E-011  2.61873E-009  2.11121E-004  3.60349E-009  2.83373E-004  3.94294E-018  5.20271E-012  3.41622E-038  3.27327E-029  9.30006E-023  3.52389E-015  3.64687E-007  3.06605E-029  3.92904E-032  4.36344E-034  4.70096E-033  1.00000E-040  1.35076E-029  2.13501E-028  1.76900E-024  1.56563E-022  1.00000E-040  1.00000E-040  2.69355E-022  2.09716E-028  2.27714E-011  5.43154E-015  9.99503E-001  9.23634E-020  5.05965E-022  2.12589E-018  1.00000E-040  1.45020E-033  1.09316E-023  2.14969E-021  7.31460E-012  9.57286E-018  2.64585E-012  2.51526E-016  5.21090E-010  2.11358E-011  1.47654E-007  8.98150E-014  1.50448E-015  3.48609E-026  1.81037E-012  3.38115E-013  3.43550E-017  1.00000E-040  1.00000E-040  4.34482E-040  1.00000E-040  3.80396E-033  1.00000E-040  2.85858E-016  4.27667E-013  6.80552E-020  1.69413E-019  5.20518E-028  1.33645E-037  1.00000E-040  1.00000E-040  1.00000E-040  1.02793E-040  5.58247E-031  1.13295E-021  1.04035E-018  3.82717E-028  1.49432E-028  6.76372E-029  4.98135E-027  2.25450E-014  1.05314E-015  3.34667E-021  1.11174E-022  1.00000E-040  3.03829E-012  1.85856E-032  1.39343E-021  2.58214E-024  1.15951E-014  3.93341E-024  1.48967E-014  1.85635E-028  1.56572E-017  8.90616E-035  4.47728E-014  2.83517E-030  1.00000E-040  8.90222E-020  1.00000E-040  4.72714E-026  1.41868E-012  7.51085E-029  1.00000E-003  1.00000E-005  1.00000E-005  1.00000E-005  1.00000E-005  1.00000E-005  1.00000E-005  1.00000E-005  1.00000E-005  1.00000E-005  1.00000E-005  1.00000E-005  1.00000E-005  1.00000E-005  1.00000E-005  1.00000E-005  
2.85000E+001  1.22481E-002  4.92790E+017  1.80021E+002  1.22719E+004  3.84856E-040  1.00000E-040  1.00000E-040  6.30945E-018  1.00000E-040  1.00000E-040  1.00000E-040  1.00000E-040  1.00000E-040  1.00000E-040  1.00000E-040  1.00000E-040  1.00000E-040  1.00000E-040  7.03938E-021  1.00000E-040  1.00000E-040  6.78777E-014  6.72181E-007  1.54374E-006  8.52491E-011  3.26891E-009  2.11138E-004  3.94499E-009  2.83368E-004  4.36822E-018  4.51812E-012  1.64060E-037  1.41780E-027  1.30641E-022  4.06187E-015  3.45755E-007  3.51439E-030  1.00000E-040  1.00000E-040  1.00000E-040  1.00000E-040  1.23692E-030  2.09553E-029  1.81983E-025  1.58658E-023  1.00000E-040  1.00000E-040  2.16651E-023  7.60971E-028  2.18036E-011  5.42305E-015  9.99503E-001  7.72947E-020  3.01268E-022  1.27511E-018  1.00000E-040  2.18261E-033  1.31007E-023  2.30149E-021  6.64388E-012  5.96367E-018  3.03603E-012  1.92959E-016  3.53673E-010  2.14115E-011  1.17975E-007  6.47355E-014  9.12191E-016  1.52186E-026  1.39397E-012  2.02842E-013  3.38398E-017  1.00000E-040  1.00000E-040  1.00000E-040  1.00000E-040  9.98863E-034  1.00000E-040  3.14675E-016  4.91497E-013  7.37067E-020  1.83137E-019  9.09526E-028  1.35219E-037  1.00000E-040  1.00000E-040  1.00000E-040  1.00000E-040  7.25815E-031  1.20392E-021  8.13526E-019  5.26924E-028  2.29287E-028  1.62833E-029  3.82209E-028  1.90868E-014  8.87575E-016  3.06379E-021  1.30214E-023  1.00000E-040  3.13903E-012  2.74574E-032  1.48120E-021  3.58967E-024  1.16058E-014  4.06561E-024  1.16163E-014  2.08263E-029  1.65541E-017  2.30047E-035  4.47664E-014  5.95045E-030  1.00000E-040  8.52372E-020  1.00000E-040  5.19644E-026  1.15366E-012  8.26017E-030  1.00000E-003  1.00000E-005  1.00000E-005  1.00000E-005  1.00000E-005  1.00000E-005  1.00000E-005  1.00000E-005  1.00000E-005  1.00000E-005  1.00000E-005  1.00000E-005  1.00000E-005  1.00000E-005  1.00000E-005  1.00000E-005  
2.95000E+001  1.02017E-002  4.11188E+017  1.79700E+002  1.33027E+004  7.52411E-040  1.00000E-040  1.00000E-040  1.00000E-040  1.00000E-040  1.00000E-040  1.00000E-040  1.00000E-040  1.00000E-040  1.00000E-040  1.00000E-040  1.00000E-040  1.00000E-040  1.00000E-040  4.62362E-021  1.00000E-040  1.00000E-040  1.19840E-013  7.07519E-007  1.54433E-006  1.03578E-010  4.00121E-009  2.11150E-004  4.35939E-009  2.83360E-004  4.85113E-018  3.93617E-012  2.10422E-036  3.27868E-026  2.06721E-022  4.56738E-015  3.27427E-007  4.23161E-031  3.31397E-033  4.06013E-035  4.33427E-034  1.00000E-040  1.24686E-031  2.21082E-030  1.97089E-026  1.70297E-024  1.00000E-040  1.00000E-040  1.81295E-024  2.42921E-027  2.08189E-011  5.56150E-015  9.99503E-001  6.71028E-020  1.89265E-022  7.94060E-019  1.00000E-040  3.85343E-033  1.84666E-023  2.75443E-021  6.19265E-012  3.79438E-018  3.54810E-012  1.54557E-016  2.43288E-010  2.16118E-011  9.44592E-008  4.88961E-014  5.77134E-016  1.90737E-026  1.09510E-012  1.26784E-013  3.38280E-017  1.00000E-040  1.00000E-040  1.00000E-040  1.00000E-040  2.90829E-034  1.00000E-040  3.30463E-016  5.51523E-013  7.68303E-020  1.90428E-019  1.56574E-027  1.51329E-037  1.00000E-040  1.00000E-040  1.00000E-040  1.00000E-040  1.05198E-030  1.24518E-021  6.57591E-019  7.49163E-028  1.22621E-027  7.06984E-030  3.34116E-029  1.56702E-014  7.53431E-016  2.87445E-021  1.63226E-024  1.00000E-040  3.20946E-012  4.69279E-032  1.53295E-021  5.08139E-024  1.16179E-014  4.74512E-024  8.95825E-015  2.42961E-030  1.70472E-017  6.67099E-036  4.47596E-014  1.07400E-031  1.00000E-040  8.43628E-020  1.00000E-040  5.94657E-026  9.48561E-013  2.14448E-030  1.00000E-003  1.00000E-005  1.00000E-005  1.00000E-005  1.00000E-005  1.00000E-005  1.00000E-005  1.00000E-005  1.00000E-005  1.00000E-005  1.00000E-005  1.00000E-005  1.00000E-005  1.00000E-005  1.00000E-005  1.00000E-005  
3.05000E+001  8.49610E-003  3.42474E+017  1.79684E+002  1.46946E+004  1.79614E-039  1.00000E-040  1.00000E-040  1.00000E-040  1.00000E-040  1.00000E-040  1.00000E-040  1.00000E-040  1.00000E-040  1.00000E-040  1.00000E-040  1.00000E-040  1.00000E-040  1.00000E-040  3.13362E-021  1.00000E-040  1.00000E-040  2.10436E-013  7.47975E-007  1.53952E-006  1.25801E-010  4.82521E-009  2.11157E-004  4.84785E-009  2.83350E-004  5.44671E-018  3.46315E-012  4.27351E-035  4.54174E-025  6.70501E-022  5.05832E-015  3.09206E-007  5.78106E-032  7.57697E-034  9.25418E-036  1.00005E-034  1.00000E-040  1.50335E-032  2.74707E-031  2.46544E-027  2.14379E-025  1.00000E-040  1.00000E-040  1.58423E-025  7.38466E-027  1.97881E-011  5.90082E-015  9.99503E-001  6.16598E-020  1.27110E-022  5.21916E-019  1.00000E-040  1.43483E-032  5.49733E-023  6.58899E-021  5.96804E-012  2.50720E-018  4.21690E-012  1.31680E-016  1.69030E-010  2.18324E-011  7.54455E-008  3.88126E-014  3.81974E-016  3.10056E-026  8.83339E-013  8.29138E-014  3.38151E-017  1.00000E-040  1.00000E-040  2.76992E-040  1.00000E-040  9.58257E-035  1.00000E-040  3.33684E-016  6.09866E-013  7.81998E-020  1.93368E-019  2.65385E-027  3.38579E-037  1.00000E-040  1.00000E-040  1.00000E-040  1.00000E-040  3.05574E-030  1.26575E-021  5.49351E-019  1.54133E-027  1.12389E-026  5.02457E-030  3.60423E-030  1.25789E-014  6.47231E-016  2.80018E-021  2.17407E-025  1.00000E-040  3.25773E-012  1.66753E-031  1.56730E-021  7.40443E-024  1.16319E-014  1.11667E-023  6.85467E-015  3.27171E-031  1.71833E-017  2.21503E-036  4.47522E-014  5.87228E-033  1.00000E-040  1.21640E-019  1.00000E-040  7.16238E-026  7.86027E-013  4.97143E-030  1.00000E-003  1.00000E-005  1.00000E-005  1.00000E-005  1.00000E-005  1.00000E-005  1.00000E-005  1.00000E-005  1.00000E-005  1.00000E-005  1.00000E-005  1.00000E-005  1.00000E-005  1.00000E-005  1.00000E-005  1.00000E-005  
3.15000E+001  7.07647E-003  2.85027E+017  1.79824E+002  1.63646E+004  4.82501E-039  1.00000E-040  1.00000E-040  1.00000E-040  1.00000E-040  1.00000E-040  1.00000E-040  1.00000E-040  1.00000E-040  1.00000E-040  1.00000E-040  1.00000E-040  1.00000E-040  1.00000E-040  2.17685E-021  1.00000E-040  1.00000E-040  3.68038E-013  7.93357E-007  1.52960E-006  1.53120E-010  5.75294E-009  2.11160E-004  5.40202E-009  2.83337E-004  6.16547E-018  3.07299E-012  6.72956E-034  4.17311E-024  4.29197E-021  5.50111E-015  2.91045E-007  1.84962E-032  2.02552E-033  2.48837E-035  2.67994E-034  1.00000E-040  4.69806E-033  8.84784E-032  7.93561E-028  7.29043E-026  1.00000E-040  1.00000E-040  1.47576E-026  2.39875E-026  1.87076E-011  6.50785E-015  9.99503E-001  5.82266E-020  8.87826E-023  3.53494E-019  1.00000E-040  9.92856E-032  3.04572E-022  3.25419E-020  5.98885E-012  1.75021E-018  5.07381E-012  1.15666E-016  1.19115E-010  2.21816E-011  6.02077E-008  3.25558E-014  2.66632E-016  5.37937E-026  7.39153E-013  5.73675E-014  3.38011E-017  1.00000E-040  1.00000E-040  1.00000E-040  1.00000E-040  3.37845E-035  1.00000E-040  3.24439E-016  6.62646E-013  7.98218E-020  1.96577E-019  4.39773E-027  1.55975E-036  1.00000E-040  1.00000E-040  1.00000E-040  1.00000E-040  1.83940E-029  1.26059E-021  4.71953E-019  6.87808E-027  7.93133E-026  4.69274E-030  1.05489E-030  9.89697E-015  5.65963E-016  2.82190E-021  3.10879E-026  1.00000E-040  3.28965E-012  1.09441E-030  1.62314E-021  1.10029E-023  1.16478E-014  5.46965E-023  5.19049E-015  1.17936E-031  1.70659E-017  7.96286E-037  4.47444E-014  8.27469E-035  1.00000E-040  3.79918E-019  1.00000E-040  8.92128E-026  6.57105E-013  2.49048E-029  1.00000E-003  1.00000E-005  1.00000E-005  1.00000E-005  1.00000E-005  1.00000E-005  1.00000E-005  1.00000E-005  1.00000E-005  1.00000E-005  1.00000E-005  1.00000E-005  1.00000E-005  1.00000E-005  1.00000E-005  1.00000E-005  
3.25000E+001  5.89563E-003  2.37089E+017  1.80109E+002  1.77833E+004  1.36477E-038  1.00000E-040  1.00000E-040  1.00000E-040  1.00000E-040  1.00000E-040  1.00000E-040  1.00000E-040  1.00000E-040  1.00000E-040  1.00000E-040  1.00000E-040  1.00000E-040  1.00000E-040  1.54262E-021  1.00000E-040  1.00000E-040  6.42452E-013  8.44421E-007  1.51461E-006  1.86777E-010  6.80079E-009  2.11161E-004  6.02811E-009  2.83322E-004  7.02844E-018  2.75411E-012  8.00502E-033  2.83606E-023  2.72513E-020  5.88543E-015  2.72545E-007  4.09429E-032  1.00000E-040  1.00000E-040  1.00000E-040  1.00000E-040  9.71690E-033  1.82808E-031  1.59613E-027  1.48158E-025  1.00000E-040  1.00000E-040  1.46315E-027  9.06359E-026  1.75537E-011  7.47480E-015  9.99503E-001  5.63906E-020  6.41270E-023  2.45855E-019  1.00000E-040  6.83311E-031  1.67996E-021  1.64077E-019  6.27998E-012  1.31716E-018  6.16300E-012  1.04476E-016  8.49149E-011  2.26603E-011  4.79647E-008  2.89274E-014  1.96838E-016  1.02151E-025  6.44221E-013  4.20931E-014  3.37858E-017  1.00000E-040  1.00000E-040  1.27579E-040  1.00000E-040  1.26010E-035  1.00000E-040  3.04694E-016  7.08177E-013  9.13377E-020  2.23800E-019  7.15598E-027  7.37077E-036  1.00000E-040  1.00000E-040  1.00000E-040  1.00000E-040  1.13447E-028  1.22998E-021  4.15138E-019  4.43349E-026  4.24004E-025  5.20913E-030  2.02040E-030  7.64730E-015  5.04940E-016  2.94388E-021  4.73815E-027  1.00000E-040  3.31048E-012  7.09528E-030  1.89970E-021  1.67424E-023  1.16664E-014  2.74759E-022  3.88692E-015  2.51918E-031  1.67601E-017  3.05603E-037  4.47358E-014  9.09756E-038  1.00000E-040  1.70533E-018  1.00000E-040  1.14369E-025  5.52687E-013  1.21861E-028  1.00000E-003  1.00000E-005  1.00000E-005  1.00000E-005  1.00000E-005  1.00000E-005  1.00000E-005  1.00000E-005  1.00000E-005  1.00000E-005  1.00000E-005  1.00000E-005  1.00000E-005  1.00000E-005  1.00000E-005  1.00000E-005  
3.35000E+001  4.91324E-003  1.97411E+017  1.80266E+002  1.94692E+004  3.94098E-038  1.00000E-040  1.00000E-040  1.00000E-040  1.00000E-040  1.00000E-040  1.00000E-040  1.00000E-040  1.00000E-040  1.00000E-040  1.00000E-040  1.00000E-040  1.00000E-040  1.00000E-040  1.10774E-021  1.00000E-040  1.00000E-040  1.11316E-012  9.02115E-007  1.49435E-006  2.28124E-010  7.99256E-009  2.11159E-004  6.72519E-009  2.83305E-004  7.95551E-018  2.46754E-012  7.94774E-032  1.62065E-022  1.53271E-019  6.11192E-015  2.53326E-007  2.49798E-031  3.58113E-033  4.30067E-035  4.64116E-034  1.00000E-040  5.22501E-032  9.68666E-031  8.12603E-027  7.45614E-025  1.00000E-040  1.00000E-040  1.53567E-028  4.06609E-025  1.63023E-011  8.92553E-015  9.99503E-001  5.28767E-020  4.55639E-023  1.67581E-019  1.00000E-040  4.23304E-030  8.35721E-021  7.32097E-019  6.88483E-012  1.08878E-018  7.50211E-012  9.16012E-017  6.10416E-011  2.33237E-011  3.83808E-008  2.72526E-014  1.54426E-016  2.47265E-025  5.88313E-013  3.29638E-014  3.37690E-017  1.00000E-040  1.00000E-040  4.26391E-039  1.00000E-040  4.52228E-036  1.00000E-040  2.77212E-016  7.35040E-013  1.48501E-019  3.61579E-019  1.14677E-026  3.17934E-035  1.00000E-040  1.00000E-040  1.00000E-040  4.46693E-040  6.19201E-028  1.16725E-021  3.70481E-019  3.08621E-025  1.92679E-024  6.31744E-030  1.01084E-029  5.76746E-015  4.57465E-016  3.11205E-021  7.64260E-028  1.00000E-040  3.32414E-012  4.15856E-029  3.17970E-021  2.58503E-023  1.16884E-014  1.22494E-021  2.85130E-015  1.33185E-030  1.63906E-017  1.13707E-037  4.47265E-014  1.00000E-040  1.00000E-040  8.25362E-018  1.00000E-040  1.44798E-025  4.66429E-013  5.42582E-028  1.00000E-003  1.00000E-005  1.00000E-005  1.00000E-005  1.00000E-005  1.00000E-005  1.00000E-005  1.00000E-005  1.00000E-005  1.00000E-005  1.00000E-005  1.00000E-005  1.00000E-005  1.00000E-005  1.00000E-005  1.00000E-005  
3.45000E+001  4.09502E-003  1.64597E+017  1.80198E+002  2.14942E+004  1.14306E-037  1.00000E-040  1.00000E-040  1.00000E-040  1.00000E-040  1.00000E-040  1.00000E-040  1.00000E-040  1.00000E-040  1.00000E-040  1.00000E-040  1.00000E-040  1.00000E-040  1.00000E-040  8.08968E-022  1.00000E-040  1.00000E-040  1.91191E-012  9.66514E-007  1.46884E-006  2.78566E-010  9.36420E-009  2.11155E-004  7.51141E-009  2.83284E-004  8.94451E-018  2.22089E-012  7.25925E-031  8.63643E-022  8.15662E-019  6.15313E-015  2.33339E-007  2.16000E-030  3.84202E-033  4.53370E-035  4.90269E-034  1.00000E-040  3.88980E-031  7.20409E-030  5.81206E-026  5.30877E-024  3.51529E-039  1.00000E-040  1.72365E-029  2.08417E-024  1.49510E-011  1.10318E-014  9.99503E-001  4.69973E-020  3.11532E-023  1.09725E-019  1.00000E-040  2.45480E-029  3.89913E-020  3.06149E-018  7.86330E-012  1.01181E-018  9.11307E-012  7.63909E-017  4.43260E-011  2.41555E-011  3.09274E-008  2.71023E-014  1.28318E-016  1.10079E-024  5.62006E-013  2.74539E-014  3.37507E-017  1.00000E-040  1.00000E-040  4.95396E-036  1.00000E-040  1.49978E-036  1.00000E-040  2.50924E-016  7.40073E-013  3.90789E-019  9.45649E-019  1.80070E-026  1.59358E-034  1.00000E-040  1.00000E-040  1.00000E-040  1.66707E-038  3.15979E-027  1.09926E-021  3.45256E-019  2.12092E-024  8.22669E-024  7.92119E-030  7.23717E-029  4.24346E-015  4.18044E-016  3.30167E-021  1.32380E-028  1.00000E-040  3.33301E-012  2.29674E-028  8.65334E-021  4.18859E-023  1.17146E-014  5.11505E-021  2.04499E-015  9.97770E-030  1.60288E-017  3.92574E-038  4.47163E-014  1.00000E-040  1.00000E-040  3.92339E-017  1.00000E-040  1.78342E-025  3.94844E-013  2.19038E-027  1.00000E-003  1.00000E-005  1.00000E-005  1.00000E-005  1.00000E-005  1.00000E-005  1.00000E-005  1.00000E-005  1.00000E-005  1.00000E-005  1.00000E-005  1.00000E-005  1.00000E-005  1.00000E-005  1.00000E-005  1.00000E-005  
3.55000E+001  3.41251E-003  1.37458E+017  1.79813E+002  2.36775E+004  3.30755E-037  1.00000E-040  1.00000E-040  1.00000E-040  1.00000E-040  1.00000E-040  1.00000E-040  1.00000E-040  1.00000E-040  1.00000E-040  1.00000E-040  1.00000E-040  1.00000E-040  1.00000E-040  6.06155E-022  1.00000E-040  1.00000E-040  3.25051E-012  1.03787E-006  1.43807E-006  3.39876E-010  1.09501E-008  2.11149E-004  8.44892E-009  2.83261E-004  1.02897E-017  2.09239E-012  6.05106E-030  4.27594E-021  4.06785E-018  6.08472E-015  2.12461E-007  1.76897E-029  3.39190E-033  3.94021E-035  4.25892E-034  1.00000E-040  2.70277E-030  5.03511E-029  3.92358E-025  3.59496E-023  1.22158E-037  1.00000E-040  2.22160E-030  1.05650E-023  1.34946E-011  1.40081E-014  9.99503E-001  3.88618E-020  2.01562E-023  6.78541E-020  1.00000E-040  1.30538E-028  1.67052E-019  1.18268E-017  9.29482E-012  1.07688E-018  1.10178E-011  5.94792E-017  3.25178E-011  2.51706E-011  2.51305E-008  2.82490E-014  1.12240E-016  6.97280E-024  5.58856E-013  2.41706E-014  3.37308E-017  1.00000E-040  1.00000E-040  5.28925E-033  1.00000E-040  4.45801E-037  1.00000E-040  2.41835E-016  7.33650E-013  1.28719E-018  3.08669E-018  2.76481E-026  1.21621E-033  1.00000E-040  1.00000E-040  1.00000E-040  5.45150E-037  1.48367E-026  1.09548E-021  3.84722E-019  1.25925E-023  3.30138E-023  9.82350E-030  4.95019E-028  3.09099E-015  3.86380E-016  3.52698E-021  2.50313E-029  1.00000E-040  3.33873E-012  1.17425E-027  2.94927E-020  7.65895E-023  1.17456E-014  1.97043E-020  1.45406E-015  7.14123E-029  1.57118E-017  1.21850E-038  4.47053E-014  1.00000E-040  1.00000E-040  1.60809E-016  1.00000E-040  2.10581E-025  3.34679E-013  7.83112E-027  1.00000E-003  1.00000E-005  1.00000E-005  1.00000E-005  1.00000E-005  1.00000E-005  1.00000E-005  1.00000E-005  1.00000E-005  1.00000E-005  1.00000E-005  1.00000E-005  1.00000E-005  1.00000E-005  1.00000E-005  1.00000E-005  
3.65000E+001  2.84224E-003  1.15006E+017  1.79002E+002  2.67395E+004  9.52077E-037  1.00000E-040  1.00000E-040  1.00000E-040  1.00000E-040  1.00000E-040  1.00000E-040  1.00000E-040  1.00000E-040  1.00000E-040  1.00000E-040  1.00000E-040  1.00000E-040  1.00000E-040  4.70258E-022  1.00000E-040  1.00000E-040  5.46708E-012  1.11569E-006  1.40237E-006  4.15120E-010  1.27688E-008  2.11143E-004  9.69486E-009  2.83236E-004  1.34313E-017  2.33695E-012  4.28042E-029  1.83551E-020  1.77515E-017  6.26137E-015  1.90795E-007  1.19736E-028  1.15366E-032  1.31542E-034  1.42451E-033  1.00000E-040  1.54012E-029  2.88733E-028  2.17845E-024  2.02119E-022  3.11277E-036  1.00000E-040  1.06974E-030  4.59808E-023  1.19463E-011  1.80551E-014  9.99503E-001  2.93569E-020  1.21952E-023  3.90514E-020  1.00000E-040  5.99438E-028  6.18006E-019  3.92207E-017  1.12636E-011  1.31178E-018  1.32617E-011  4.23779E-017  2.41607E-011  2.64867E-011  2.05921E-008  3.06025E-014  1.02641E-016  3.84207E-023  5.74086E-013  2.23892E-014  3.37092E-017  1.00000E-040  1.00000E-040  6.55652E-036  1.00000E-040  1.16084E-037  1.00000E-040  2.74547E-016  7.60830E-013  4.00085E-018  9.45268E-018  4.13084E-026  1.08752E-032  1.00000E-040  1.00000E-040  1.00000E-040  1.28679E-035  5.96244E-026  1.27937E-021  6.34371E-019  5.95913E-023  1.17852E-022  1.16112E-029  2.81826E-027  2.37003E-015  3.77218E-016  3.96837E-021  5.26266E-030  1.00000E-040  3.34223E-012  5.26335E-027  9.49771E-020  1.64380E-022  1.17820E-014  6.53610E-020  1.08928E-015  4.28839E-028  1.54444E-017  3.33457E-039  4.46934E-014  1.00000E-040  1.00000E-040  5.25614E-016  1.00000E-040  2.35142E-025  2.83688E-013  2.38635E-026  1.00000E-003  1.00000E-005  1.00000E-005  1.00000E-005  1.00000E-005  1.00000E-005  1.00000E-005  1.00000E-005  1.00000E-005  1.00000E-005  1.00000E-005  1.00000E-005  1.00000E-005  1.00000E-005  1.00000E-005  1.00000E-005  
3.75000E+001  2.36528E-003  9.62118E+016  1.78062E+002  2.97405E+004  2.72991E-036  1.00000E-040  1.00000E-040  1.00000E-040  1.00000E-040  1.00000E-040  1.00000E-040  1.00000E-040  1.00000E-040  1.00000E-040  1.00000E-040  1.00000E-040  1.00000E-040  1.00000E-040  3.77461E-022  1.00000E-040  1.00000E-040  9.18543E-012  1.19971E-006  1.36186E-006  5.09493E-010  1.47914E-008  2.11136E-004  1.16105E-008  2.83207E-004  2.28313E-017  3.49955E-012  2.49374E-028  6.51844E-020  6.42357E-017  7.63255E-015  1.68405E-007  6.72887E-028  1.00000E-040  1.00000E-040  1.00000E-040  1.00000E-040  7.36290E-029  1.38152E-027  9.97868E-024  9.45133E-022  5.53322E-035  1.00000E-040  3.69669E-030  1.62112E-022  1.03213E-011  2.33638E-014  9.99503E-001  2.17179E-020  7.33375E-024  2.20600E-020  1.00000E-040  2.30684E-027  1.90437E-018  1.06166E-016  1.38772E-011  1.79786E-018  1.60534E-011  2.93906E-017  1.81905E-011  2.81937E-011  1.68104E-008  3.42781E-014  9.72247E-017  1.70609E-022  6.00593E-013  2.16103E-014  3.36856E-017  1.00000E-040  1.00000E-040  9.07791E-039  1.00000E-040  2.96639E-038  1.00000E-040  3.82424E-016  9.33870E-013  1.03658E-017  2.40413E-017  5.99573E-026  7.56556E-032  1.00000E-040  1.00000E-040  1.00000E-040  2.08309E-034  1.96382E-025  1.85195E-021  1.41255E-018  2.21899E-022  3.64894E-022  1.35808E-029  1.34882E-026  2.16783E-015  4.36301E-016  5.33528E-021  1.24782E-030  1.00000E-040  3.34406E-012  1.97664E-026  2.57154E-019  3.87932E-022  1.18234E-014  1.78240E-019  9.75209E-016  2.15361E-027  1.50972E-017  9.05921E-040  4.46808E-014  1.00000E-040  1.00000E-040  1.35114E-015  1.00000E-040  2.59190E-025  2.39674E-013  6.09099E-026  1.00000E-003  1.00000E-005  1.00000E-005  1.00000E-005  1.00000E-005  1.00000E-005  1.00000E-005  1.00000E-005  1.00000E-005  1.00000E-005  1.00000E-005  1.00000E-005  1.00000E-005  1.00000E-005  1.00000E-005  1.00000E-005  
3.85000E+001  1.96636E-003  8.05031E+016  1.76916E+002  3.29242E+004  7.79887E-036  1.00000E-040  1.00000E-040  1.99819E-028  1.00000E-040  1.00000E-040  1.00000E-040  1.00000E-040  1.00000E-040  1.00000E-040  1.00000E-040  1.00000E-040  1.00000E-040  1.00000E-040  3.03920E-022  1.00000E-040  1.00000E-040  1.54489E-011  1.29067E-006  1.31591E-006  6.31414E-010  1.69704E-008  2.11131E-004  1.47562E-008  2.83174E-004  4.71560E-017  6.19344E-012  1.17969E-027  1.88812E-019  1.90415E-016  1.14740E-014  1.45233E-007  3.23964E-027  1.00000E-040  1.00000E-040  1.00000E-040  1.00000E-040  3.06467E-028  5.70864E-027  3.87287E-023  3.79421E-021  7.02857E-034  1.00000E-040  1.53924E-029  4.57016E-022  8.63193E-012  3.00580E-014  9.99503E-001  1.58272E-020  4.44990E-024  1.23727E-020  1.00000E-040  7.47913E-027  4.87904E-018  2.29734E-016  1.72899E-011  2.66500E-018  1.96369E-011  1.96033E-017  1.38209E-011  3.06051E-011  1.36455E-008  3.97307E-014  9.56405E-017  5.98473E-022  6.37289E-013  2.18592E-014  3.36577E-017  1.00000E-040  1.00000E-040  1.00000E-040  1.00000E-040  7.64509E-039  1.00000E-040  6.06353E-016  1.40129E-012  2.16283E-017  4.89621E-017  8.47675E-026  3.54390E-031  1.00000E-040  1.00000E-040  1.00000E-040  2.34432E-033  5.21657E-025  3.09585E-021  3.16142E-018  6.56895E-022  9.86129E-022  1.54732E-029  5.61389E-026  2.47641E-015  6.42136E-016  8.85250E-021  3.33998E-031  1.00000E-040  3.34470E-012  6.26162E-026  5.69131E-019  8.93386E-022  1.18683E-014  3.94834E-019  1.09129E-015  9.40850E-027  1.46509E-017  2.53066E-040  4.46672E-014  1.00000E-040  1.00000E-040  2.76080E-015  1.00000E-040  2.79297E-025  2.00518E-013  1.31274E-025  1.00000E-003  1.00000E-005  1.00000E-005  1.00000E-005  1.00000E-005  1.00000E-005  1.00000E-005  1.00000E-005  1.00000E-005  1.00000E-005  1.00000E-005  1.00000E-005  1.00000E-005  1.00000E-005  1.00000E-005  1.00000E-005  
3.95000E+001  1.63290E-003  6.72599E+016  1.75841E+002  3.69865E+004  2.22483E-035  1.00000E-040  1.00000E-040  2.38124E-028  1.00000E-040  1.00000E-040  1.00000E-040  1.00000E-040  1.00000E-040  1.00000E-040  1.00000E-040  1.00000E-040  1.00000E-040  1.00000E-040  2.35437E-022  1.00000E-040  1.00000E-040  2.62498E-011  1.38758E-006  1.26434E-006  7.90346E-010  1.92936E-008  2.11127E-004  1.98400E-008  2.83135E-004  9.87434E-017  1.06773E-011  4.65222E-027  4.50635E-019  4.64191E-016  1.90860E-014  1.21873E-007  1.39117E-026  3.27547E-032  3.42456E-034  3.70019E-033  1.00000E-040  1.16596E-027  2.13409E-026  1.32718E-022  1.35738E-020  6.61215E-033  1.00000E-040  6.00770E-029  1.04478E-021  6.94541E-012  3.82312E-014  9.99503E-001  1.25338E-020  2.94798E-024  7.48214E-021  1.00000E-040  2.09637E-026  1.05501E-017  3.99637E-016  2.16297E-011  4.11388E-018  2.44139E-011  1.32534E-017  1.05924E-011  3.38000E-011  1.09389E-008  4.74341E-014  9.68563E-017  1.80069E-021  6.77296E-013  2.28994E-014  3.36202E-017  1.00000E-040  1.00000E-040  1.00000E-040  1.00000E-040  2.31431E-039  1.00000E-040  9.75717E-016  2.30437E-012  3.61917E-017  7.98046E-017  1.16023E-025  1.10666E-030  1.00000E-040  1.00000E-040  1.00000E-040  1.91080E-032  1.12838E-024  5.35472E-021  6.19401E-018  1.58324E-021  2.33561E-021  1.79814E-029  2.11685E-025  3.14941E-015  1.10197E-015  1.62237E-020  1.09765E-031  1.00000E-040  3.34447E-012  1.67628E-025  1.02671E-018  1.88556E-021  1.19094E-014  7.11259E-019  1.35944E-015  3.68018E-026  1.40715E-017  1.00000E-040  4.46527E-014  1.53633E-031  1.00000E-040  4.58525E-015  1.00000E-040  3.05757E-025  1.65452E-013  2.41694E-025  1.00000E-003  1.00000E-005  1.00000E-005  1.00000E-005  1.00000E-005  1.00000E-005  1.00000E-005  1.00000E-005  1.00000E-005  1.00000E-005  1.00000E-005  1.00000E-005  1.00000E-005  1.00000E-005  1.00000E-005  1.00000E-005  
4.05000E+001  1.35458E-003  5.61078E+016  1.74863E+002  4.09878E+004  6.34554E-035  1.00000E-040  1.00000E-040  5.95580E-028  1.00000E-040  1.00000E-040  1.00000E-040  1.00000E-040  1.00000E-040  1.00000E-040  1.00000E-040  1.00000E-040  1.00000E-040  1.00000E-040  1.67818E-022  1.00000E-040  1.00000E-040  4.50716E-011  1.48920E-006  1.20671E-006  9.93339E-010  2.18846E-008  2.11127E-004  2.75366E-008  2.83088E-004  1.87546E-016  1.63638E-011  1.55607E-026  9.00709E-019  9.45069E-016  3.05068E-014  9.91608E-008  5.44843E-026  2.46748E-031  2.45619E-033  2.67770E-032  1.00000E-040  4.10138E-027  7.32367E-026  4.12777E-022  4.41964E-020  4.74417E-032  1.00000E-040  2.16119E-028  1.97036E-021  5.34885E-012  4.81699E-014  9.99503E-001  1.16857E-020  2.25953E-024  5.27747E-021  1.00000E-040  5.20032E-026  1.95810E-017  5.65827E-016  2.70410E-011  6.39083E-018  3.06530E-011  9.08854E-018  8.17665E-012  3.76814E-011  8.71148E-009  5.77338E-014  9.97650E-017  4.80703E-021  7.17174E-013  2.44290E-014  3.35578E-017  1.00000E-040  1.00000E-040  1.00000E-040  1.00000E-040  9.29315E-040  1.00000E-040  1.45956E-015  3.63376E-012  4.89397E-017  1.05148E-016  1.52427E-025  2.33351E-030  1.00000E-040  1.00000E-040  1.00000E-040  1.17463E-031  2.00348E-024  8.67001E-021  1.02378E-017  3.17684E-021  4.78339E-021  2.13839E-029  7.32973E-025  3.85342E-015  1.87733E-015  2.83913E-020  5.43166E-032  1.00000E-040  3.34364E-012  3.82656E-025  1.50593E-018  3.52324E-021  1.19309E-014  1.04066E-018  1.62464E-015  1.30769E-025  1.34817E-017  1.00000E-040  4.46370E-014  6.28268E-033  1.00000E-040  6.32938E-015  1.00000E-040  3.38649E-025  1.34132E-013  3.84334E-025  1.00000E-003  1.00000E-005  1.00000E-005  1.00000E-005  1.00000E-005  1.00000E-005  1.00000E-005  1.00000E-005  1.00000E-005  1.00000E-005  1.00000E-005  1.00000E-005  1.00000E-005  1.00000E-005  1.00000E-005  1.00000E-005  
4.15000E+001  1.12271E-003  4.67018E+016  1.74121E+002  4.51719E+004  1.81276E-034  1.00000E-040  1.00000E-040  1.00000E-040  1.00000E-040  1.00000E-040  1.00000E-040  1.00000E-040  1.00000E-040  1.00000E-040  1.00000E-040  1.00000E-040  1.00000E-040  1.00000E-040  1.06786E-022  1.00000E-040  1.00000E-040  7.81524E-011  1.59476E-006  1.14217E-006  1.24107E-009  2.49992E-008  2.11131E-004  3.85019E-008  2.83031E-004  3.12535E-016  2.19618E-011  4.50657E-026  1.53437E-018  1.62926E-015  4.36201E-014  7.79038E-008  1.98109E-025  1.00000E-040  1.00000E-040  1.00000E-040  1.00000E-040  1.34044E-026  2.32837E-025  1.19791E-021  1.33035E-019  2.64408E-031  1.00000E-040  7.11735E-028  3.12225E-021  3.92090E-012  6.07522E-014  9.99503E-001  1.35146E-020  2.05829E-024  4.54095E-021  1.00000E-040  1.15350E-025  3.15281E-017  6.62029E-016  3.37662E-011  9.81634E-018  3.84856E-011  6.41746E-018  6.33344E-012  4.17949E-011  6.93151E-009  7.06211E-014  1.02469E-016  1.20639E-020  7.54197E-013  2.58448E-014  3.34301E-017  1.00000E-040  1.00000E-040  1.00000E-040  1.00000E-040  5.26327E-040  1.00000E-040  1.92388E-015  5.14038E-012  5.39242E-017  1.13382E-016  1.90227E-025  3.45919E-030  1.00000E-040  1.00000E-040  1.00000E-040  5.65320E-031  2.94253E-024  1.22708E-020  1.41951E-017  5.41905E-021  8.32640E-021  2.65460E-029  2.34579E-024  4.18363E-015  2.86012E-015  4.42992E-020  4.93277E-032  1.00000E-040  3.34239E-012  7.39357E-025  1.78185E-018  5.69128E-021  1.19068E-014  1.22790E-018  1.71172E-015  4.22537E-025  1.30097E-017  1.00000E-040  4.46201E-014  1.00000E-040  1.00000E-040  7.41637E-015  1.00000E-040  3.79545E-025  1.06352E-013  5.26694E-025  1.00000E-003  1.00000E-005  1.00000E-005  1.00000E-005  1.00000E-005  1.00000E-005  1.00000E-005  1.00000E-005  1.00000E-005  1.00000E-005  1.00000E-005  1.00000E-005  1.00000E-005  1.00000E-005  1.00000E-005  1.00000E-005  
4.25000E+001  9.29913E-004  3.88114E+016  1.73540E+002  5.04170E+004  5.19020E-034  1.00000E-040  1.00000E-040  1.00000E-040  1.00000E-040  1.00000E-040  1.00000E-040  1.00000E-040  1.00000E-040  1.00000E-040  1.00000E-040  1.00000E-040  1.00000E-040  1.00000E-040  5.97478E-023  1.00000E-040  1.00000E-040  1.35880E-010  1.70178E-006  1.07118E-006  1.52895E-009  2.89777E-008  2.11141E-004  5.32670E-008  2.82963E-004  4.57539E-016  2.61317E-011  1.14259E-025  2.27264E-018  2.42907E-015  5.46623E-014  5.91309E-008  6.61484E-025  1.39887E-032  1.31190E-034  1.43121E-033  1.00000E-040  3.95834E-026  6.70273E-025  3.23219E-021  3.66223E-019  1.14944E-030  1.00000E-040  2.10661E-027  4.24222E-021  2.73780E-012  7.72401E-014  9.99503E-001  1.76434E-020  2.04878E-024  4.37071E-021  1.00000E-040  2.27408E-025  4.41936E-017  6.54078E-016  4.20587E-011  1.47729E-017  4.77216E-011  4.58495E-018  4.92341E-012  4.56615E-011  5.56181E-009  8.53407E-014  1.02881E-016  2.86161E-020  7.87930E-013  2.65253E-014  3.31449E-017  1.00000E-040  1.00000E-040  1.00000E-040  1.00000E-040  3.58961E-040  1.00000E-040  2.17291E-015  6.39466E-012  4.94042E-017  1.02189E-016  2.22724E-025  3.66717E-030  1.00000E-040  1.00000E-040  1.00000E-040  2.15867E-030  3.62490E-024  1.45200E-020  1.66568E-017  8.02587E-021  1.22624E-020  3.36490E-029  6.78879E-024  3.94456E-015  3.72861E-015  6.02883E-020  7.87435E-032  1.00000E-040  3.34087E-012  1.20706E-024  1.71137E-018  7.80675E-021  1.18053E-014  1.17621E-018  1.54857E-015  1.22148E-024  1.27982E-017  1.00000E-040  4.46017E-014  1.00000E-040  1.00000E-040  7.53717E-015  1.00000E-040  4.17294E-025  8.24561E-014  6.16886E-025  1.00000E-003  1.00000E-005  1.00000E-005  1.00000E-005  1.00000E-005  1.00000E-005  1.00000E-005  1.00000E-005  1.00000E-005  1.00000E-005  1.00000E-005  1.00000E-005  1.00000E-005  1.00000E-005  1.00000E-005  1.00000E-005  
4.35000E+001  7.69883E-004  3.21902E+016  1.73228E+002  5.66624E+004  1.49098E-033  1.00000E-040  1.00000E-040  1.00000E-040  1.00000E-040  1.00000E-040  1.00000E-040  1.00000E-040  1.00000E-040  1.00000E-040  1.00000E-040  1.00000E-040  1.00000E-040  1.00000E-040  2.95442E-023  1.00000E-040  1.00000E-040  2.36305E-010  1.80711E-006  9.95387E-007  1.84876E-009  3.41884E-008  2.11156E-004  7.24148E-008  2.82881E-004  5.98496E-016  2.81921E-011  2.59873E-025  2.99755E-018  3.19743E-015  6.05589E-014  4.35931E-008  2.00269E-024  1.45228E-032  1.33821E-034  1.46237E-033  1.00000E-040  1.03802E-025  1.72087E-024  8.04831E-021  9.09606E-019  3.90575E-030  1.00000E-040  5.52621E-027  5.07726E-021  1.83432E-012  9.94530E-014  9.99503E-001  2.32409E-020  2.01795E-024  4.19756E-021  1.00000E-040  3.96219E-025  5.42756E-017  5.62244E-016  5.22182E-011  2.18133E-017  5.81419E-011  3.38461E-018  3.85363E-012  4.87651E-011  4.50121E-009  1.00642E-013  9.92500E-017  6.65073E-020  8.15623E-013  2.59351E-014  3.25229E-017  1.00000E-040  1.00000E-040  1.00000E-040  1.00000E-040  2.43466E-040  1.00000E-040  2.10327E-015  7.04745E-012  3.86340E-017  7.91606E-017  2.43487E-025  2.93931E-030  1.00000E-040  1.00000E-040  1.00000E-040  6.57858E-030  3.84881E-024  1.43101E-020  1.69020E-017  1.05822E-020  1.54594E-020  4.40803E-029  1.74646E-023  3.25939E-015  4.14161E-015  7.24074E-020  2.00087E-031  1.00000E-040  3.33916E-012  1.65686E-024  1.36013E-018  9.08805E-021  1.16028E-014  9.32761E-019  1.20626E-015  3.09132E-024  1.29103E-017  1.00000E-040  4.45819E-014  1.00000E-040  1.00000E-040  6.81155E-015  1.00000E-040  4.51794E-025  6.27458E-014  6.16814E-025  1.00000E-003  1.00000E-005  1.00000E-005  1.00000E-005  1.00000E-005  1.00000E-005  1.00000E-005  1.00000E-005  1.00000E-005  1.00000E-005  1.00000E-005  1.00000E-005  1.00000E-005  1.00000E-005  1.00000E-005  1.00000E-005  
4.45000E+001  6.37247E-004  2.66755E+016  1.73026E+002  6.33601E+004  4.29352E-033  1.00000E-040  1.00000E-040  1.00000E-040  1.00000E-040  1.00000E-040  1.00000E-040  1.00000E-040  1.00000E-040  1.00000E-040  1.00000E-040  1.00000E-040  1.00000E-040  1.00000E-040  1.30105E-023  1.00000E-040  1.00000E-040  4.08577E-010  1.90892E-006  9.16457E-007  2.19169E-009  4.11088E-008  2.11176E-004  9.67743E-008  2.82784E-004  7.11884E-016  2.81015E-011  5.35716E-025  3.59378E-018  3.80432E-015  6.01415E-014  3.13914E-008  5.43356E-024  1.00000E-040  1.00000E-040  1.00000E-040  1.00000E-040  2.37050E-025  3.87145E-024  1.82893E-020  2.01818E-018  1.05234E-029  1.00000E-040  1.28367E-026  5.47221E-021  1.18889E-012  1.29998E-013  9.99503E-001  2.86052E-020  1.84218E-024  3.75251E-021  1.00000E-040  6.07673E-025  5.88835E-017  4.30189E-016  6.47226E-011  3.15817E-017  6.92297E-011  2.53483E-018  3.04673E-012  5.08804E-011  3.69259E-009  1.15076E-013  9.15106E-017  1.46864E-019  8.40692E-013  2.40854E-014  3.12856E-017  1.00000E-040  1.00000E-040  1.00000E-040  1.00000E-040  7.01773E-040  1.00000E-040  1.77710E-015  6.97267E-012  2.64728E-017  5.39989E-017  2.50217E-025  1.82392E-030  1.00000E-040  1.00000E-040  1.00000E-040  1.61020E-029  3.59763E-024  1.18896E-020  1.51487E-017  1.26762E-020  1.70462E-020  5.76522E-029  3.93337E-023  2.41727E-015  3.95691E-015  7.77221E-020  6.86802E-031  1.00000E-040  3.33732E-012  1.94136E-024  9.15452E-019  9.08781E-021  1.12927E-014  6.26723E-019  8.22355E-016  6.81233E-024  1.34760E-017  1.00000E-040  4.45607E-014  1.00000E-040  1.00000E-040  5.58925E-015  1.00000E-040  4.71550E-025  4.70355E-014  5.30540E-025  1.00000E-003  1.00000E-005  1.00000E-005  1.00000E-005  1.00000E-005  1.00000E-005  1.00000E-005  1.00000E-005  1.00000E-005  1.00000E-005  1.00000E-005  1.00000E-005  1.00000E-005  1.00000E-005  1.00000E-005  1.00000E-005  
4.55000E+001  5.27407E-004  2.20879E+016  1.72945E+002  6.89710E+004  1.23895E-032  1.00000E-040  1.00000E-040  1.00000E-040  1.00000E-040  1.00000E-040  1.00000E-040  1.00000E-040  1.00000E-040  1.00000E-040  1.00000E-040  1.00000E-040  1.00000E-040  1.00000E-040  5.16774E-024  1.00000E-040  1.00000E-040  7.02742E-010  2.00749E-006  8.34921E-007  2.54648E-009  5.04085E-008  2.11201E-004  1.28376E-007  2.82670E-004  7.80059E-016  2.62210E-011  1.01638E-024  3.97339E-018  4.14544E-015  5.41615E-014  2.20944E-008  1.32681E-023  1.00000E-040  1.00000E-040  1.00000E-040  1.00000E-040  4.73896E-025  7.66384E-024  3.81176E-020  4.01881E-018  2.28597E-029  1.00000E-040  2.68219E-026  5.39547E-021  7.46767E-013  1.73340E-013  9.99503E-001  3.22118E-020  1.53729E-024  3.06091E-021  1.00000E-040  8.22156E-025  5.69637E-017  2.96038E-016  8.04476E-011  4.50040E-017  8.05515E-011  1.94275E-018  2.43701E-012  5.18151E-011  3.06945E-009  1.27538E-013  8.05682E-017  3.07682E-019  8.66616E-013  2.12270E-014  2.90633E-017  1.00000E-040  1.00000E-040  1.00000E-040  1.00000E-040  2.58531E-037  1.00000E-040  1.33850E-015  6.26824E-012  1.60730E-017  3.27770E-017  2.44751E-025  9.57132E-031  1.00000E-040  1.00000E-040  1.00000E-040  3.19609E-029  2.99503E-024  8.49890E-021  1.21703E-017  1.39986E-020  1.68187E-020  7.53695E-029  7.78518E-023  1.64054E-015  3.28383E-015  7.57464E-020  2.66988E-030  1.00000E-040  3.33532E-012  1.95773E-024  5.26699E-019  8.00454E-021  1.08787E-014  3.60031E-019  4.95776E-016  1.31250E-023  1.46573E-017  4.29031E-037  4.45375E-014  1.00000E-040  1.00000E-040  4.22512E-015  1.00000E-040  4.77174E-025  3.47088E-014  3.96318E-025  1.00000E-003  1.00000E-005  1.00000E-005  1.00000E-005  1.00000E-005  1.00000E-005  1.00000E-005  1.00000E-005  1.00000E-005  1.00000E-005  1.00000E-005  1.00000E-005  1.00000E-005  1.00000E-005  1.00000E-005  1.00000E-005  
4.65000E+001  4.36496E-004  1.82849E+016  1.72904E+002  7.80352E+004  3.57903E-032  1.00000E-040  1.00000E-040  1.00000E-040  1.00000E-040  1.00000E-040  1.00000E-040  1.00000E-040  1.00000E-040  1.00000E-040  1.00000E-040  1.00000E-040  1.00000E-040  1.00000E-040  1.88451E-024  1.00000E-040  1.00000E-040  1.20319E-009  2.10141E-006  7.52965E-007  2.90390E-009  6.30277E-008  2.11231E-004  1.70768E-007  2.82534E-004  8.01267E-016  2.32588E-011  1.80508E-024  4.12680E-018  4.21577E-015  4.49941E-014  1.53105E-008  2.89008E-023  1.00000E-040  1.00000E-040  1.00000E-040  1.00000E-040  8.22941E-025  1.32192E-023  7.20973E-020  7.12642E-018  4.05218E-029  1.00000E-040  5.06863E-026  4.96832E-021  4.59204E-013  2.35255E-013  9.99503E-001  3.35326E-020  1.19602E-024  2.30958E-021  1.00000E-040  9.93900E-025  4.99582E-017  1.86662E-016  1.00216E-010  6.30446E-017  9.16682E-011  1.51248E-018  1.99139E-012  5.16136E-011  2.58757E-009  1.36672E-013  6.77347E-017  5.90110E-019  8.94525E-013  1.77749E-014  2.55963E-017  1.00000E-040  1.00000E-040  1.00000E-040  1.00000E-040  1.00468E-034  1.00000E-040  9.24704E-016  5.20396E-012  8.84859E-018  1.80642E-017  2.31099E-025  4.14094E-031  1.00000E-040  1.00000E-040  1.00000E-040  5.15065E-029  2.26905E-024  5.37419E-021  8.95196E-018  1.45126E-020  1.52925E-020  9.70275E-029  1.34246E-022  1.04645E-015  2.40783E-015  6.79479E-020  1.05244E-029  1.00000E-040  3.33316E-012  1.73811E-024  2.64897E-019  6.52599E-021  1.03828E-014  1.80765E-019  2.69376E-016  2.20299E-023  1.67481E-017  3.82244E-033  4.45122E-014  1.00000E-040  1.00000E-040  2.99544E-015  1.00000E-040  4.69201E-025  2.53462E-014  2.62811E-025  1.00000E-003  1.00000E-005  1.00000E-005  1.00000E-005  1.00000E-005  1.00000E-005  1.00000E-005  1.00000E-005  1.00000E-005  1.00000E-005  1.00000E-005  1.00000E-005  1.00000E-005  1.00000E-005  1.00000E-005  1.00000E-005  
4.75000E+001  3.61258E-004  1.51383E+016  1.72845E+002  8.59767E+004  1.03427E-031  1.00000E-040  1.00000E-040  1.00000E-040  1.00000E-040  1.00000E-040  1.00000E-040  1.00000E-040  1.00000E-040  1.00000E-040  1.00000E-040  1.00000E-040  1.00000E-040  1.00000E-040  6.44627E-025  1.00000E-040  1.00000E-040  2.05578E-009  2.18970E-006  6.72532E-007  3.25423E-009  8.03378E-008  2.11267E-004  2.31330E-007  2.82370E-004  7.84681E-016  1.99020E-011  3.05790E-024  4.09894E-018  4.07008E-015  3.50707E-014  1.05310E-008  5.60866E-023  1.00000E-040  1.00000E-040  1.00000E-040  1.00000E-040  1.24550E-024  1.98559E-023  1.23428E-019  1.12474E-017  5.96475E-029  1.00000E-040  8.80086E-026  4.36146E-021  2.79630E-013  3.24281E-013  9.99503E-001  3.32057E-020  9.02143E-025  1.66559E-021  1.00000E-040  1.09391E-024  4.04954E-017  1.09891E-016  1.25037E-010  8.68604E-017  1.02261E-010  1.18544E-018  1.68543E-012  5.04196E-011  2.21127E-009  1.41468E-013  5.44498E-017  9.97784E-019  9.25131E-013  1.41696E-014  2.09721E-017  1.00000E-040  1.00000E-040  1.00000E-040  1.00000E-040  1.00000E-040  1.00000E-040  6.03940E-016  4.05653E-012  4.53595E-018  9.22744E-018  2.13304E-025  1.56691E-031  1.00000E-040  1.00000E-040  1.00000E-040  6.79525E-029  1.60093E-024  3.09749E-021  6.15714E-018  1.43732E-020  1.32555E-020  1.21608E-028  2.01712E-022  6.42017E-016  1.58690E-015  5.68942E-020  7.89788E-030  1.00000E-040  3.33086E-012  1.39206E-024  1.19123E-019  5.28079E-021  9.83149E-015  8.10831E-020  1.34344E-016  3.22964E-023  2.02340E-017  1.00000E-040  4.44850E-014  1.00000E-040  1.00000E-040  2.02580E-015  1.00000E-040  4.50241E-025  1.84270E-014  1.59010E-025  1.00000E-003  1.00000E-005  1.00000E-005  1.00000E-005  1.00000E-005  1.00000E-005  1.00000E-005  1.00000E-005  1.00000E-005  1.00000E-005  1.00000E-005  1.00000E-005  1.00000E-005  1.00000E-005  1.00000E-005  1.00000E-005  
4.85000E+001  2.98985E-004  1.25338E+016  1.72776E+002  9.43451E+004  2.98953E-031  5.81598E-029  1.00000E-040  1.00000E-040  1.00000E-040  1.00000E-040  1.00000E-040  1.00000E-040  1.00000E-040  1.00000E-040  1.00000E-040  1.00000E-040  1.00000E-040  1.00000E-040  2.12020E-025  1.00000E-040  1.00000E-040  3.52097E-009  2.27348E-006  5.93520E-007  3.58020E-009  1.04498E-007  2.11316E-004  3.26647E-007  2.82159E-004  7.38059E-016  1.65357E-011  5.00680E-024  3.92683E-018  3.74957E-015  2.58172E-014  7.18897E-009  9.81363E-023  1.00000E-040  1.00000E-040  1.00000E-040  1.00000E-040  1.67472E-024  2.63323E-023  1.93694E-019  1.59845E-017  7.40723E-029  1.00000E-040  1.44702E-025  3.68457E-021  1.68797E-013  4.55896E-013  9.99503E-001  3.23587E-020  6.88437E-025  1.19436E-021  1.00000E-040  1.10895E-024  3.06427E-017  6.05151E-017  1.56818E-010  1.18368E-016  1.12104E-010  9.34740E-019  1.49872E-012  4.83331E-011  1.91227E-009  1.41781E-013  4.19826E-017  1.44969E-018  9.61887E-013  1.07586E-014  1.56679E-017  1.00000E-040  1.00000E-040  1.00000E-040  1.00000E-040  1.00000E-040  1.00000E-040  3.79662E-016  2.99094E-012  2.20789E-018  4.38270E-018  1.93731E-025  1.00000E-040  1.00000E-040  1.00000E-040  1.00000E-040  7.42535E-029  1.05854E-024  1.65292E-021  3.99289E-018  1.37111E-020  1.12883E-020  1.48491E-028  2.67678E-022  3.81440E-016  9.44275E-016  4.48960E-020  2.93305E-030  1.00000E-040  3.32835E-012  1.01493E-024  4.79603E-020  4.53929E-021  9.23597E-015  3.24929E-020  6.18001E-017  4.17654E-023  2.59040E-017  1.00000E-040  4.44551E-014  4.03236E-031  1.00000E-040  1.31637E-015  1.00000E-040  4.22988E-025  1.33241E-014  8.89749E-026  1.00000E-003  1.00000E-005  1.00000E-005  1.00000E-005  1.00000E-005  1.00000E-005  1.00000E-005  1.00000E-005  1.00000E-005  1.00000E-005  1.00000E-005  1.00000E-005  1.00000E-005  1.00000E-005  1.00000E-005  1.00000E-005  
4.95000E+001  2.47435E-004  1.03803E+016  1.72650E+002  1.04470E+005  1.00000E-040  1.00000E-040  1.00000E-040  1.00000E-040  1.00000E-040  1.00000E-040  1.00000E-040  1.00000E-040  1.00000E-040  1.00000E-040  1.00000E-040  1.00000E-040  1.00000E-040  1.00000E-040  7.10285E-026  1.00000E-040  1.00000E-040  6.06084E-009  2.35227E-006  5.16971E-007  3.86369E-009  1.38775E-007  2.11389E-004  4.87621E-007  2.81870E-004  6.74045E-016  1.34585E-011  8.03041E-024  3.67273E-018  3.32475E-015  1.81393E-014  4.89438E-009  1.55991E-022  1.00000E-040  1.00000E-040  1.00000E-040  1.00000E-040  2.02844E-024  3.10877E-023  2.80787E-019  2.06093E-017  7.89116E-029  1.00000E-040  2.29161E-025  3.03812E-021  1.01796E-013  6.53701E-013  9.99503E-001  3.26223E-020  5.53407E-025  9.02185E-022  1.00000E-040  1.05086E-024  2.19187E-017  3.15289E-017  1.97661E-010  1.59771E-016  1.20946E-010  7.33380E-019  1.42676E-012  4.55296E-011  1.67066E-009  1.37482E-013  3.10895E-017  1.76434E-018  1.00624E-012  7.78001E-015  1.05962E-017  1.00000E-040  1.00000E-040  1.00000E-040  1.00000E-040  2.85978E-039  1.00000E-040  2.34432E-016  2.10799E-012  1.08865E-018  1.96303E-018  1.73834E-025  4.42835E-032  1.00000E-040  1.00000E-040  1.00000E-040  6.81644E-029  6.67192E-025  8.30857E-022  2.47565E-018  1.27418E-020  9.69771E-021  1.74390E-028  3.16502E-022  2.21054E-016  5.11687E-016  3.36935E-020  2.99721E-030  1.00000E-040  3.32562E-012  6.83929E-025  1.75244E-020  4.31000E-021  8.61329E-015  1.17691E-020  2.65071E-017  4.80018E-023  3.49926E-017  1.00000E-040  4.44223E-014  4.11594E-032  1.00000E-040  8.30291E-016  1.00000E-040  3.88700E-025  9.61628E-015  4.70189E-026  1.00000E-003  1.00000E-005  1.00000E-005  1.00000E-005  1.00000E-005  1.00000E-005  1.00000E-005  1.00000E-005  1.00000E-005  1.00000E-005  1.00000E-005  1.00000E-005  1.00000E-005  1.00000E-005  1.00000E-005  1.00000E-005  
5.05000E+001  2.04753E-004  8.59811E+015  1.72482E+002  1.14473E+005  1.00000E-040  1.00000E-040  1.00000E-040  1.00000E-040  1.00000E-040  1.00000E-040  1.00000E-040  1.00000E-040  1.00000E-040  1.00000E-040  1.00000E-040  1.00000E-040  1.00000E-040  1.00000E-040  2.74318E-026  1.00000E-040  1.00000E-040  1.05145E-008  2.42571E-006  4.43492E-007  4.08267E-009  1.88448E-007  2.11513E-004  7.70181E-007  2.81446E-004  6.03373E-016  1.07998E-011  1.27858E-023  3.38819E-018  2.84748E-015  1.22561E-014  3.33433E-009  2.29041E-022  4.75764E-032  5.90184E-034  6.36076E-033  1.00000E-040  2.25895E-024  3.32040E-023  3.82760E-019  2.44892E-017  7.34398E-029  1.00000E-040  3.53912E-025  2.47862E-021  6.17959E-014  9.57919E-013  9.99503E-001  3.58143E-020  4.79024E-025  7.57994E-022  1.00000E-040  9.42146E-025  1.49561E-017  1.56829E-017  2.50636E-010  2.13951E-016  1.28447E-010  5.72771E-019  1.47412E-012  4.20837E-011  1.46948E-009  1.28860E-013  2.21146E-017  1.80904E-018  1.05993E-012  5.34473E-015  6.52460E-018  1.00000E-040  1.00000E-040  1.00000E-040  1.00000E-040  5.75310E-037  1.00000E-040  1.44292E-016  1.43191E-012  6.23016E-019  8.39041E-019  1.54187E-025  4.88527E-031  1.00000E-040  1.00000E-040  1.00000E-040  5.36878E-029  4.07045E-025  3.97901E-022  1.48535E-018  1.16449E-020  8.48786E-021  1.96763E-028  3.38724E-022  1.24996E-016  2.53704E-016  2.42410E-020  8.88644E-030  1.00000E-040  3.32264E-012  4.28996E-025  5.86547E-021  4.45892E-021  7.97589E-015  3.87512E-021  1.06579E-017  4.96197E-023  4.94013E-017  1.11141E-038  4.43865E-014  3.58899E-033  1.00000E-040  5.12228E-016  1.00000E-040  3.50909E-025  6.94353E-015  2.38653E-026  1.00000E-003  1.00000E-005  1.00000E-005  1.00000E-005  1.00000E-005  1.00000E-005  1.00000E-005  1.00000E-005  1.00000E-005  1.00000E-005  1.00000E-005  1.00000E-005  1.00000E-005  1.00000E-005  1.00000E-005  1.00000E-005  
5.15000E+001  1.69407E-004  7.12333E+015  1.72252E+002  1.24475E+005  1.00000E-040  1.00000E-040  1.00000E-040  1.00000E-040  1.00000E-040  1.00000E-040  1.00000E-040  1.00000E-040  1.00000E-040  1.00000E-040  1.00000E-040  1.00000E-040  1.00000E-040  1.00000E-040  1.44329E-026  1.00000E-040  1.00000E-040  1.83929E-008  2.49354E-006  3.73062E-007  4.21484E-009  2.62547E-007  2.11728E-004  1.26977E-006  2.80790E-004  5.33249E-016  8.54738E-012  2.03191E-023  3.10064E-018  2.34858E-015  7.97246E-015  2.27166E-009  3.17180E-022  3.29400E-032  4.57853E-034  4.91303E-033  1.00000E-040  2.35371E-024  3.25704E-023  5.01419E-019  2.73525E-017  6.06034E-029  1.00000E-040  5.36495E-025  2.02567E-021  3.80516E-014  1.44004E-012  9.99503E-001  4.40285E-020  4.44837E-025  7.26360E-022  1.00000E-040  8.02730E-025  9.74959E-018  7.45667E-018  3.20781E-010  2.84328E-016  1.33866E-010  4.42482E-019  1.65839E-012  3.79861E-011  1.29932E-009  1.16717E-013  1.51515E-017  1.59828E-018  1.12834E-012  3.48127E-015  3.70759E-018  1.00000E-040  1.00000E-040  1.00000E-040  1.00000E-040  9.17055E-035  1.00000E-040  8.90718E-017  9.39828E-013  4.89890E-019  3.44501E-019  1.34779E-025  1.16743E-033  1.00000E-040  1.00000E-040  1.00000E-040  3.71067E-029  2.42099E-025  1.81498E-022  8.70536E-019  1.05147E-020  7.49338E-021  2.10949E-028  3.33163E-022  6.84348E-017  1.14932E-016  1.67419E-020  3.58099E-029  1.00000E-040  3.31935E-012  2.50782E-025  1.80397E-021  4.79820E-021  7.33009E-015  1.15619E-021  4.01243E-018  4.68657E-023  7.20590E-017  8.87716E-036  4.43469E-014  8.75565E-034  1.00000E-040  3.09753E-016  1.00000E-040  3.09103E-025  5.01168E-015  1.17523E-026  1.00000E-003  1.00000E-005  1.00000E-005  1.00000E-005  1.00000E-005  1.00000E-005  1.00000E-005  1.00000E-005  1.00000E-005  1.00000E-005  1.00000E-005  1.00000E-005  1.00000E-005  1.00000E-005  1.00000E-005  1.00000E-005  
5.25000E+001  1.40129E-004  5.90309E+015  1.71935E+002  1.34477E+005  1.00000E-040  1.00000E-040  1.00000E-040  1.00000E-040  1.00000E-040  1.00000E-040  1.00000E-040  1.00000E-040  1.00000E-040  1.00000E-040  1.00000E-040  1.00000E-040  1.00000E-040  1.00000E-040  1.06577E-026  1.00000E-040  1.00000E-040  3.25900E-008  2.55456E-006  3.05772E-007  4.27090E-009  3.77005E-007  2.12101E-004  2.13323E-006  2.79752E-004  4.72283E-016  6.62870E-012  3.25077E-023  2.82903E-018  1.85305E-015  4.98943E-015  1.54600E-009  4.22056E-022  2.66178E-031  4.29218E-033  4.56793E-032  1.00000E-040  2.31467E-024  2.95847E-023  6.39690E-019  2.92388E-017  4.46944E-029  1.00000E-040  7.98366E-025  1.69957E-021  2.42750E-014  2.21718E-012  9.99503E-001  6.02467E-020  4.39152E-025  7.94348E-022  2.35020E-031  6.48166E-025  6.03539E-018  3.38875E-018  4.15858E-010  3.76243E-016  1.36882E-010  3.35950E-019  2.01507E-012  3.32681E-011  1.15252E-009  1.02432E-013  1.00505E-017  1.25558E-018  1.21855E-012  2.15612E-015  1.97781E-018  1.00000E-040  1.00000E-040  1.00000E-040  1.00000E-040  1.16025E-032  1.00000E-040  5.52749E-017  5.95104E-013  5.27912E-019  1.37120E-019  1.15448E-025  2.63425E-034  1.00000E-040  1.00000E-040  1.00000E-040  2.28091E-029  1.41434E-025  7.89552E-023  5.08683E-019  9.41765E-021  6.52332E-021  2.13076E-028  3.03768E-022  3.58584E-017  4.75728E-017  1.10200E-020  1.65293E-028  1.00000E-040  3.31571E-012  1.36747E-025  5.16112E-022  5.17528E-021  6.68458E-015  3.12987E-022  1.40875E-018  4.12339E-023  1.07405E-016  7.58661E-032  4.43029E-014  3.93042E-033  1.00000E-040  1.83622E-016  1.00000E-040  2.64421E-025  3.61174E-015  5.66818E-027  1.00000E-003  1.00000E-005  1.00000E-005  1.00000E-005  1.00000E-005  1.00000E-005  1.00000E-005  1.00000E-005  1.00000E-005  1.00000E-005  1.00000E-005  1.00000E-005  1.00000E-005  1.00000E-005  1.00000E-005  1.00000E-005  
5.35000E+001  1.15875E-004  4.89128E+015  1.71587E+002  1.44478E+005  1.00000E-040  1.00000E-040  1.00000E-040  1.00000E-040  1.00000E-040  1.00000E-040  1.00000E-040  1.00000E-040  1.00000E-040  1.00000E-040  1.00000E-040  1.00000E-040  1.00000E-040  1.00000E-040  9.57076E-027  1.00000E-040  1.00000E-040  6.05055E-008  2.60630E-006  2.40613E-007  4.24869E-009  5.89896E-007  2.12706E-004  3.57152E-006  2.78119E-004  4.34234E-016  4.95986E-012  5.45057E-023  2.58703E-018  1.34924E-015  2.85544E-015  1.04874E-009  5.48891E-022  3.62839E-031  7.36939E-033  7.72799E-032  1.00000E-040  2.04198E-024  2.34685E-023  8.07454E-019  3.03507E-017  2.73068E-029  1.00000E-040  1.17008E-024  1.55029E-021  1.69448E-014  3.64393E-012  9.99502E-001  9.03549E-020  4.64529E-025  1.05815E-021  1.00000E-040  4.81890E-025  3.43153E-018  1.40380E-018  5.48222E-010  4.86838E-016  1.34635E-010  2.53309E-019  2.60406E-012  2.68612E-011  1.05971E-009  8.37073E-014  6.27545E-018  8.99012E-019  1.33635E-012  1.21775E-015  1.00338E-018  1.00000E-040  1.00000E-040  1.00000E-040  1.00000E-040  3.36528E-033  1.00000E-040  3.44633E-017  3.55743E-013  6.63354E-019  5.15534E-020  9.59715E-026  5.17031E-035  1.72441E-027  1.52915E-028  1.00000E-040  1.19100E-029  7.86599E-026  3.10014E-023  2.96984E-019  8.40777E-021  5.21522E-021  2.02573E-028  2.42196E-022  1.65751E-017  1.68623E-017  6.49765E-021  3.35485E-029  2.63995E-030  3.31163E-012  6.70868E-026  1.28162E-022  5.39054E-021  6.05183E-015  6.94172E-023  4.16502E-019  3.37695E-023  1.62920E-016  1.62919E-032  4.42537E-014  8.95891E-033  1.08299E-029  1.06135E-016  1.00000E-040  2.15967E-025  2.59422E-015  2.69957E-027  1.00000E-003  1.00000E-005  1.00000E-005  1.00000E-005  1.00000E-005  1.00000E-005  1.00000E-005  1.00000E-005  1.00000E-005  1.00000E-005  1.00000E-005  1.00000E-005  1.00000E-005  1.00000E-005  1.00000E-005  1.00000E-005  
5.45000E+001  9.57822E-005  4.05414E+015  1.71121E+002  1.54480E+005  1.00000E-040  1.00000E-040  1.00000E-040  1.00000E-040  1.00000E-040  1.00000E-040  1.00000E-040  1.00000E-040  1.00000E-040  1.00000E-040  1.00000E-040  1.00000E-040  1.00000E-040  1.00000E-040  9.25179E-027  1.00000E-040  1.00000E-040  1.16554E-007  2.64428E-006  1.75323E-007  3.45539E-009  1.29416E-006  2.13487E-004  5.86201E-006  2.75609E-004  4.33019E-016  3.62338E-012  9.33268E-023  2.33701E-018  7.49322E-016  1.16823E-015  7.06884E-010  7.30915E-022  1.00000E-040  1.00000E-040  1.00000E-040  1.00000E-040  1.24065E-024  1.20361E-023  1.21062E-018  3.07253E-017  9.33634E-030  1.00000E-040  1.71409E-024  1.71359E-021  1.44050E-014  1.25477E-011  9.99501E-001  2.16101E-019  5.51507E-025  2.25005E-021  1.00715E-031  2.97915E-025  1.60976E-018  4.11885E-019  7.34188E-010  4.74929E-016  1.00150E-010  1.87103E-019  3.52066E-012  1.51599E-011  1.28594E-009  5.30958E-014  3.51464E-018  5.80207E-019  1.46622E-012  4.92780E-016  4.88265E-019  1.00000E-040  1.00000E-040  1.00000E-040  1.00000E-040  1.00000E-040  1.00000E-040  2.15645E-017  1.95104E-013  7.58378E-019  1.51869E-020  7.62070E-026  5.15312E-036  2.46790E-027  3.40680E-028  1.00000E-040  4.64713E-030  3.33617E-026  7.10314E-024  1.51192E-019  7.52156E-021  2.96909E-021  1.44268E-028  1.26298E-022  5.13282E-018  3.64105E-018  4.19399E-021  1.00000E-040  3.41220E-030  3.30704E-012  2.22891E-026  1.68096E-023  4.12506E-021  5.45421E-015  6.50105E-024  6.69598E-020  2.00543E-023  2.54751E-016  1.00000E-040  4.41983E-014  9.50713E-034  1.81112E-029  5.95591E-017  1.00000E-040  1.27924E-025  1.85290E-015  1.27437E-027  1.00000E-003  1.00000E-005  1.00000E-005  1.00000E-005  1.00000E-005  1.00000E-005  1.00000E-005  1.00000E-005  1.00000E-005  1.00000E-005  1.00000E-005  1.00000E-005  1.00000E-005  1.00000E-005  1.00000E-005  1.00000E-005  
5.55000E+001  7.91368E-005  3.35884E+015  1.70650E+002  1.64481E+005  1.00000E-040  1.00000E-040  1.00000E-040  1.00000E-040  1.00000E-040  1.00000E-040  1.00000E-040  1.00000E-040  1.00000E-040  1.00000E-040  1.00000E-040  1.00000E-040  1.00000E-040  1.00000E-040  9.12120E-027  1.00000E-040  1.00000E-040  1.89983E-007  2.66607E-006  1.17978E-007  1.88764E-009  3.87244E-006  2.13810E-004  9.13436E-006  2.72090E-004  4.38967E-016  2.53500E-012  1.37240E-022  2.02423E-018  2.83128E-016  3.51910E-016  4.71892E-010  1.09560E-021  1.00000E-040  1.00000E-040  1.00000E-040  1.00000E-040  4.69121E-025  3.93658E-024  2.49315E-018  2.98819E-017  1.79320E-030  1.00000E-040  2.52486E-024  2.55958E-021  1.64690E-014  1.97745E-010  9.99498E-001  1.52494E-018  9.88599E-025  8.03153E-021  2.28998E-032  1.36350E-025  5.52645E-019  8.35283E-020  9.27899E-010  2.71819E-016  4.68273E-011  1.40447E-019  4.91339E-012  5.28611E-012  2.24033E-009  3.52687E-014  2.45431E-018  3.37426E-019  1.45102E-012  1.51172E-016  2.29561E-019  1.00000E-040  1.00000E-040  1.00000E-040  1.00000E-040  1.67793E-033  1.00000E-040  1.34716E-017  1.09303E-013  5.02852E-019  2.94776E-021  5.66936E-026  2.62233E-037  1.05372E-027  1.05086E-028  1.00000E-040  1.62752E-030  9.84568E-027  8.04464E-025  7.66010E-020  6.76539E-021  1.16066E-021  1.03229E-028  4.22899E-023  1.23688E-018  4.68827E-019  6.86828E-021  5.51750E-029  1.52694E-030  3.30186E-012  3.62970E-027  1.28274E-024  1.96562E-021  4.92799E-015  2.11255E-025  6.19042E-021  6.00803E-024  4.11711E-016  3.70483E-037  4.41357E-014  1.00000E-040  6.97501E-030  3.39129E-017  1.00000E-040  4.65894E-026  1.31274E-015  5.97572E-028  1.00000E-003  1.00000E-005  1.00000E-005  1.00000E-005  1.00000E-005  1.00000E-005  1.00000E-005  1.00000E-005  1.00000E-005  1.00000E-005  1.00000E-005  1.00000E-005  1.00000E-005  1.00000E-005  1.00000E-005  1.00000E-005  
5.65000E+001  6.53512E-005  2.78253E+015  1.70110E+002  1.74482E+005  1.00000E-040  1.00000E-040  1.00000E-040  1.00000E-040  1.00000E-040  1.00000E-040  1.00000E-040  1.00000E-040  1.00000E-040  1.00000E-040  1.00000E-040  1.00000E-040  1.00000E-040  1.00000E-040  8.95828E-027  1.00000E-040  1.00000E-040  2.52228E-007  2.67771E-006  7.64550E-008  1.00439E-009  9.71840E-006  2.12854E-004  1.31503E-005  2.67797E-004  3.93629E-016  1.56022E-012  6.45989E-022  1.74128E-018  1.09975E-016  1.25987E-016  3.11388E-010  1.73205E-021  1.91969E-035  2.42772E-036  1.65582E-035  1.00000E-040  1.47963E-025  1.28673E-024  4.54281E-018  2.80349E-017  4.50136E-031  1.00000E-040  3.56302E-024  4.98494E-021  2.41906E-014  3.28131E-009  9.99493E-001  1.10971E-017  2.35077E-024  2.94260E-020  8.45639E-032  5.46644E-026  1.65091E-019  1.98382E-020  7.33570E-010  9.43458E-017  2.08113E-011  1.07979E-019  6.98964E-012  1.58810E-012  3.66213E-009  2.21899E-014  1.51063E-018  1.90017E-019  1.12758E-012  4.08686E-017  1.04885E-019  1.00000E-040  1.00000E-040  1.00000E-040  1.00000E-040  1.15125E-034  1.00000E-040  8.33412E-018  6.48076E-014  2.55704E-019  4.86054E-022  3.92794E-026  1.85919E-038  6.07698E-028  3.79987E-029  1.00000E-040  7.54311E-031  2.55589E-027  1.06923E-025  5.96517E-020  6.06755E-021  4.88115E-022  7.17396E-028  1.40655E-023  3.83282E-019  7.29687E-020  1.64956E-020  7.04813E-030  1.11356E-030  3.29598E-012  5.01837E-028  1.51006E-025  9.14156E-022  4.49647E-015  9.20372E-027  7.78310E-022  1.45589E-024  6.55173E-016  1.88002E-038  4.40648E-014  3.45109E-033  4.46514E-030  2.01817E-017  1.00000E-040  1.61727E-026  9.21009E-016  2.83522E-028  1.00000E-003  1.00000E-005  1.00000E-005  1.00000E-005  1.00000E-005  1.00000E-005  1.00000E-005  1.00000E-005  1.00000E-005  1.00000E-005  1.00000E-005  1.00000E-005  1.00000E-005  1.00000E-005  1.00000E-005  1.00000E-005  
5.75000E+001  5.39369E-005  2.30409E+015  1.69552E+002  1.84483E+005  1.00000E-040  1.00000E-040  1.00000E-040  1.00000E-040  1.00000E-040  1.00000E-040  1.00000E-040  1.00000E-040  1.00000E-040  1.00000E-040  1.00000E-040  1.00000E-040  1.00000E-040  1.00000E-040  8.60230E-027  1.00000E-040  1.00208E-040  2.98133E-007  2.68427E-006  4.85087E-008  5.95475E-010  1.92140E-005  2.10330E-004  1.77121E-005  2.62923E-004  3.15705E-016  9.11511E-013  1.69331E-020  1.48938E-018  5.07675E-017  5.65171E-017  2.03091E-010  2.58908E-021  2.69160E-032  9.44233E-033  6.10756E-032  1.00000E-040  4.49966E-026  4.63126E-025  6.46384E-018  2.61767E-017  2.51676E-031  1.00000E-040  4.60974E-024  1.07947E-020  3.89594E-014  3.20697E-008  9.99487E-001  5.37057E-017  5.05220E-024  8.22535E-020  1.00000E-040  2.58439E-026  5.82152E-020  6.02689E-021  4.43081E-010  2.82308E-017  1.02720E-011  8.62238E-020  9.88203E-012  4.65086E-013  5.03880E-009  1.15138E-014  7.08281E-019  1.08666E-019  8.49156E-013  1.01554E-017  4.67291E-020  1.00000E-040  1.00000E-040  1.00000E-040  1.00000E-040  1.09600E-035  1.00000E-040  5.09108E-018  3.95534E-014  1.39705E-019  9.84302E-023  2.56244E-026  2.11330E-039  3.50985E-028  1.12223E-029  1.00000E-040  4.40636E-031  7.26230E-028  2.09472E-026  6.49183E-020  5.37246E-021  2.39390E-022  7.50126E-027  5.12986E-024  1.55754E-019  1.69001E-020  3.66571E-020  7.66971E-030  9.12667E-031  3.28928E-012  9.11406E-029  2.78316E-026  4.85989E-022  4.15608E-015  7.17135E-028  1.49973E-022  4.02060E-025  9.99253E-016  8.17464E-040  4.39841E-014  4.97289E-032  2.28008E-030  1.22949E-017  2.60175E-040  6.26600E-027  6.39847E-016  1.40967E-028  1.00000E-003  1.00000E-005  1.00000E-005  1.00000E-005  1.00000E-005  1.00000E-005  1.00000E-005  1.00000E-005  1.00000E-005  1.00000E-005  1.00000E-005  1.00000E-005  1.00000E-005  1.00000E-005  1.00000E-005  1.00000E-005  
5.85000E+001  4.44911E-005  1.90673E+015  1.69005E+002  1.94484E+005  1.00000E-040  1.00000E-040  1.00000E-040  1.00000E-040  1.00000E-040  1.00000E-040  1.00000E-040  1.00000E-040  1.00000E-040  1.00000E-040  1.00000E-040  1.00000E-040  1.00000E-040  1.00000E-040  7.78029E-027  1.00000E-040  1.00639E-040  3.30642E-007  2.68826E-006  3.03303E-008  3.76031E-010  3.23115E-005  2.06216E-004  2.27176E-005  2.57566E-004  2.40649E-016  5.40721E-013  3.20937E-019  1.25298E-018  2.66107E-017  2.92505E-017  1.31071E-010  3.65500E-021  1.00000E-040  1.00000E-040  1.00000E-040  1.00000E-040  1.40637E-026  1.84661E-025  7.93190E-018  2.46938E-017  1.38109E-030  1.00000E-040  5.49904E-024  2.23822E-020  5.98438E-014  1.81349E-007  9.99478E-001  1.65706E-016  8.16454E-024  1.62518E-019  2.63043E-034  1.55119E-026  2.62333E-020  2.15934E-021  2.79268E-010  9.71401E-018  5.52438E-012  7.15610E-020  1.33139E-011  1.37261E-013  6.07913E-009  6.15070E-015  3.28914E-019  6.47466E-020  6.86007E-013  2.50392E-018  2.03671E-020  1.00000E-040  1.00000E-040  1.00000E-040  1.00000E-040  1.28096E-036  1.00000E-040  3.07191E-018  2.44332E-014  8.44515E-020  2.64112E-023  1.60145E-026  3.27085E-040  2.55270E-028  3.90510E-030  1.00000E-040  2.94080E-031  2.44801E-028  5.53625E-027  7.87584E-020  4.67107E-021  1.28568E-022  4.10451E-026  2.06859E-024  7.51642E-020  5.44974E-021  6.36175E-020  2.72290E-029  1.00308E-030  3.28163E-012  2.24634E-029  7.16825E-027  2.88859E-022  3.89148E-015  8.19950E-029  3.83691E-023  1.28774E-025  1.45987E-015  1.00000E-040  4.38922E-014  5.79690E-031  1.30358E-030  7.49879E-018  1.84092E-035  2.65698E-027  4.40558E-016  7.58966E-029  1.00000E-003  1.00000E-005  1.00000E-005  1.00000E-005  1.00000E-005  1.00000E-005  1.00000E-005  1.00000E-005  1.00000E-005  1.00000E-005  1.00000E-005  1.00000E-005  1.00000E-005  1.00000E-005  1.00000E-005  1.00000E-005  
5.95000E+001  3.66797E-005  1.57663E+015  1.68505E+002  2.04485E+005  1.00000E-040  1.00000E-040  1.00000E-040  1.00000E-040  1.00000E-040  1.00000E-040  1.00000E-040  1.00000E-040  1.00000E-040  1.00000E-040  1.00000E-040  1.00000E-040  1.00000E-040  1.00000E-040  6.33009E-027  1.00000E-040  1.01136E-040  3.53694E-007  2.69093E-006  1.87651E-008  2.41160E-010  4.88901E-005  2.00550E-004  2.81126E-005  2.51775E-004  1.80625E-016  3.30470E-013  3.85017E-018  1.03310E-018  1.51095E-017  1.64856E-017  8.38572E-011  5.03367E-021  1.00000E-040  1.00000E-040  1.00000E-040  1.00000E-040  4.66044E-027  8.16971E-026  9.12727E-018  2.34384E-017  1.21458E-029  1.00000E-040  6.20834E-024  4.11491E-020  8.20252E-014  6.78558E-007  9.99467E-001  3.62173E-016  1.02249E-023  2.38880E-019  2.86704E-032  1.06954E-026  1.37069E-020  8.66230E-022  1.79035E-010  3.64152E-018  3.15109E-012  6.14613E-020  1.64068E-011  4.11940E-014  6.65660E-009  3.26919E-015  1.49037E-019  4.07515E-020  5.96472E-013  6.16556E-019  8.71612E-021  1.00000E-040  1.00000E-040  1.00000E-040  1.00000E-040  1.71652E-037  1.00000E-040  1.83390E-018  1.51587E-014  5.53356E-020  8.88956E-024  9.75113E-027  3.45580E-038  1.68497E-028  1.26088E-030  1.00000E-040  2.15008E-031  9.26841E-029  1.83199E-027  9.31488E-020  3.98382E-021  7.23166E-023  1.27678E-025  9.24083E-025  4.03007E-020  2.26253E-021  8.82764E-020  6.72209E-029  1.03216E-030  3.27286E-012  6.48597E-030  2.35079E-027  1.86749E-022  3.68578E-015  1.17883E-029  1.16968E-023  4.50958E-026  2.05422E-015  1.00000E-040  4.37873E-014  6.88446E-030  6.57414E-031  4.52158E-018  2.58737E-031  1.20548E-027  3.01052E-016  4.43469E-029  1.00000E-003  1.00000E-005  1.00000E-005  1.00000E-005  1.00000E-005  1.00000E-005  1.00000E-005  1.00000E-005  1.00000E-005  1.00000E-005  1.00000E-005  1.00000E-005  1.00000E-005  1.00000E-005  1.00000E-005  1.00000E-005  
6.05000E+001  3.02242E-005  1.30305E+015  1.68000E+002  2.14485E+005  1.00000E-040  1.00000E-040  1.00000E-040  1.00000E-040  1.00000E-040  1.00000E-040  1.00000E-040  1.00000E-040  1.00000E-040  1.00000E-040  1.00000E-040  1.00000E-040  1.00000E-040  1.00000E-040  4.48640E-027  1.00000E-040  1.01708E-040  3.70619E-007  2.69297E-006  1.15260E-008  1.53853E-010  6.88107E-005  1.93393E-004  3.38687E-005  2.45574E-004  1.35479E-016  2.07508E-013  3.15384E-017  8.38779E-019  9.02861E-018  9.79558E-018  5.32999E-011  6.89991E-021  1.00000E-040  1.00000E-040  1.00000E-040  1.00000E-040  1.65646E-027  3.97082E-026  1.02459E-017  2.22303E-017  8.01882E-029  1.00000E-040  6.78662E-024  6.55725E-020  9.88762E-014  1.86620E-006  9.99453E-001  6.12067E-016  1.04962E-023  2.78599E-019  1.10676E-031  7.85598E-027  7.71139E-021  3.80780E-022  1.14274E-010  1.43064E-018  1.87432E-012  5.36526E-020  1.81603E-011  1.26016E-014  6.76700E-009  1.69672E-015  6.52799E-020  2.71400E-020  5.47777E-013  1.50424E-019  3.67682E-021  1.00000E-040  1.00000E-040  1.00000E-040  1.00000E-040  2.54236E-038  1.00000E-040  1.08563E-018  9.41505E-015  3.85012E-020  3.57068E-024  5.86998E-027  5.32770E-033  1.05875E-028  4.01891E-031  1.00000E-040  1.68099E-031  3.78689E-029  7.22064E-028  1.01548E-019  3.33569E-021  4.18577E-023  2.56808E-025  4.53382E-025  2.31071E-020  1.12905E-021  1.01918E-019  1.17747E-028  1.02532E-030  3.26279E-012  2.00310E-030  9.23569E-028  1.28287E-022  3.52438E-015  1.98182E-030  3.99406E-024  1.65845E-026  2.79846E-015  1.00000E-040  4.36670E-014  6.69514E-029  3.14646E-031  2.68077E-018  9.01097E-028  5.72015E-028  2.04491E-016  2.72269E-029  1.00000E-003  1.00000E-005  1.00000E-005  1.00000E-005  1.00000E-005  1.00000E-005  1.00000E-005  1.00000E-005  1.00000E-005  1.00000E-005  1.00000E-005  1.00000E-005  1.00000E-005  1.00000E-005  1.00000E-005  1.00000E-005  
6.15000E+001  2.48929E-005  1.07591E+015  1.67578E+002  2.24486E+005  1.00000E-040  1.00000E-040  1.00000E-040  1.00000E-040  1.00000E-040  1.00000E-040  1.00000E-040  1.00000E-040  1.00000E-040  1.00000E-040  1.00000E-040  1.00000E-040  1.00000E-040  1.00000E-040  2.77032E-027  1.00000E-040  1.02371E-040  3.83895E-007  2.69477E-006  7.04921E-009  9.72682E-011  9.19463E-005  1.84810E-004  3.99768E-005  2.38963E-004  1.02409E-016  1.32689E-013  1.89530E-016  6.93878E-019  5.58853E-018  6.03256E-018  3.37315E-011  9.52447E-021  1.63745E-032  1.48956E-032  9.55634E-032  1.00000E-040  6.28332E-028  2.09114E-026  1.14243E-017  2.09396E-017  4.06520E-028  1.00000E-040  7.29462E-024  9.15015E-020  1.06044E-013  4.09216E-006  9.99437E-001  8.57490E-016  9.31061E-024  2.72282E-019  4.72897E-031  5.93558E-027  4.50822E-021  1.83259E-022  7.23864E-011  5.80295E-019  1.14850E-012  4.78493E-020  1.81699E-011  3.93118E-015  6.45183E-009  8.61207E-016  2.77629E-020  1.89367E-020  5.20532E-013  3.62061E-020  1.53512E-021  1.00000E-040  1.00000E-040  1.00000E-040  1.00000E-040  4.11817E-039  1.00000E-040  6.38830E-019  5.84853E-015  2.81977E-020  1.64148E-024  3.53077E-027  1.00000E-040  6.92513E-029  1.47776E-031  1.00000E-040  1.38732E-031  1.65892E-029  3.26605E-028  1.00933E-019  2.75185E-021  2.54093E-023  3.74491E-025  2.40607E-025  1.38690E-020  6.35035E-022  1.02477E-019  1.75270E-028  1.08180E-030  3.25120E-012  6.32401E-031  4.17214E-028  9.29814E-023  3.39556E-015  3.79013E-031  1.46924E-024  6.25003E-027  3.70969E-015  1.00000E-040  4.35289E-014  5.51376E-028  1.68938E-031  1.56207E-018  8.52422E-025  2.84285E-028  1.38289E-016  1.68665E-029  1.00000E-003  1.00000E-005  1.00000E-005  1.00000E-005  1.00000E-005  1.00000E-005  1.00000E-005  1.00000E-005  1.00000E-005  1.00000E-005  1.00000E-005  1.00000E-005  1.00000E-005  1.00000E-005  1.00000E-005  1.00000E-005  
6.25000E+001  2.04949E-005  8.87289E+014  1.67301E+002  2.34487E+005  1.00000E-040  1.00000E-040  1.00000E-040  1.00000E-040  1.00000E-040  1.00000E-040  1.00000E-040  1.00000E-040  1.00000E-040  1.00000E-040  1.00000E-040  1.00000E-040  1.00000E-040  1.00000E-040  1.53011E-027  1.00000E-040  1.03141E-040  3.95266E-007  2.69656E-006  4.30304E-009  6.12359E-011  1.18140E-004  1.74891E-004  4.64415E-005  2.31933E-004  7.83811E-017  8.58367E-014  8.88531E-016  6.70654E-019  3.55238E-018  3.81536E-018  2.12971E-011  1.33099E-020  6.22187E-032  6.28758E-032  2.81080E-031  1.00000E-040  2.51869E-028  1.17750E-026  1.27372E-017  1.94933E-017  1.66574E-027  1.00000E-040  7.78352E-024  1.15295E-019  1.03315E-013  7.61894E-006  9.99418E-001  1.05285E-015  7.47745E-024  2.33557E-019  1.70413E-030  4.54203E-027  2.69484E-021  9.94795E-023  4.57635E-011  2.42580E-019  7.19113E-013  4.36463E-020  1.67507E-011  1.25078E-015  5.80611E-009  4.32381E-016  1.16108E-020  1.36095E-020  5.04130E-013  8.61806E-021  6.36682E-022  1.00000E-040  1.00000E-040  1.00000E-040  1.00000E-040  7.37551E-040  1.00000E-040  3.74478E-019  3.63369E-015  2.16120E-020  8.30864E-025  2.13800E-027  1.00000E-040  4.55046E-029  5.27567E-032  1.00000E-040  1.19889E-031  7.97797E-030  1.63574E-028  9.30831E-020  2.24482E-021  1.83821E-023  4.36331E-025  1.36153E-025  8.60686E-021  3.83213E-022  9.36045E-020  3.18637E-028  1.00906E-030  3.23782E-012  2.00956E-031  2.08816E-028  7.07885E-023  3.29036E-015  8.41549E-032  5.68746E-025  2.38868E-027  4.80642E-015  1.00000E-040  4.33699E-014  1.00000E-040  8.63939E-032  8.96191E-019  2.49696E-022  1.48308E-028  9.32282E-017  1.02863E-029  1.00000E-003  1.00000E-005  1.00000E-005  1.00000E-005  1.00000E-005  1.00000E-005  1.00000E-005  1.00000E-005  1.00000E-005  1.00000E-005  1.00000E-005  1.00000E-005  1.00000E-005  1.00000E-005  1.00000E-005  1.00000E-005  
6.35000E+001  1.68696E-005  7.31565E+014  1.67020E+002  2.44487E+005  1.00000E-040  1.00000E-040  1.00000E-040  1.00000E-040  1.00000E-040  1.00000E-040  1.00000E-040  1.00000E-040  1.00000E-040  1.00000E-040  1.00000E-040  1.00000E-040  1.00000E-040  1.00000E-040  7.87129E-028  1.00000E-040  1.04036E-040  4.05934E-007  2.69853E-006  2.62723E-009  3.87108E-011  1.47099E-004  1.63795E-004  5.32660E-005  2.24471E-004  6.07109E-017  5.63118E-014  3.42080E-015  9.82320E-019  2.30755E-018  2.46496E-018  1.34386E-011  1.88063E-020  1.82030E-032  2.76592E-032  9.22097E-032  1.00000E-040  1.06432E-028  7.01206E-027  1.41911E-017  1.78845E-017  5.78107E-027  1.00000E-040  8.29030E-024  1.40104E-019  9.34233E-014  1.26210E-005  9.99396E-001  1.18342E-015  5.66217E-024  1.83207E-019  7.61191E-030  3.51498E-027  1.64520E-021  6.54861E-023  2.91254E-011  1.05050E-019  4.58479E-013  3.97343E-020  1.45330E-011  4.06330E-016  4.98009E-009  2.17822E-016  4.86082E-021  9.89204E-021  4.93051E-013  2.04418E-021  2.63149E-022  1.00000E-040  1.00000E-040  1.00000E-040  1.00000E-040  1.49499E-040  1.00000E-040  2.19110E-019  2.25936E-015  1.71179E-020  4.43455E-025  1.31234E-027  1.00000E-040  2.97545E-029  2.02511E-032  1.00000E-040  1.07672E-031  4.51979E-030  8.63587E-029  8.45055E-020  1.81374E-021  2.05177E-023  4.39944E-025  8.14698E-026  5.48061E-021  2.40578E-022  8.01635E-020  9.49733E-028  1.05306E-030  3.22237E-012  6.54335E-032  1.10213E-028  5.56918E-023  3.20225E-015  2.34560E-032  2.29501E-025  9.29253E-028  6.10325E-015  1.00000E-040  4.31864E-014  1.00000E-040  4.65180E-032  5.07232E-019  2.68776E-020  7.94594E-029  6.27244E-017  6.18577E-030  1.00000E-003  1.00000E-005  1.00000E-005  1.00000E-005  1.00000E-005  1.00000E-005  1.00000E-005  1.00000E-005  1.00000E-005  1.00000E-005  1.00000E-005  1.00000E-005  1.00000E-005  1.00000E-005  1.00000E-005  1.00000E-005  
6.45000E+001  1.38827E-005  6.02669E+014  1.66844E+002  2.54488E+005  1.00000E-040  1.00000E-040  1.00000E-040  1.00000E-040  1.00000E-040  1.00000E-040  1.00000E-040  1.00000E-040  1.00000E-040  1.00000E-040  1.00000E-040  1.00000E-040  1.00000E-040  1.00000E-040  4.00222E-028  1.00000E-040  1.05081E-040  4.16726E-007  2.70080E-006  1.60760E-009  2.45424E-011  1.78418E-004  1.51739E-004  6.04409E-005  2.16580E-004  4.77365E-017  3.73077E-014  1.13052E-014  2.19168E-018  1.53089E-018  1.62444E-018  8.48981E-012  2.69021E-020  4.75812E-032  5.61309E-032  2.22016E-031  1.00000E-040  4.69552E-029  4.37889E-027  1.57998E-017  1.60975E-017  1.76178E-026  1.00000E-040  8.83406E-024  1.91845E-019  7.99697E-014  1.92408E-005  9.99370E-001  1.25504E-015  4.14993E-024  1.34819E-019  4.63245E-029  2.73945E-027  1.02012E-021  5.57432E-023  1.86626E-011  4.69782E-020  2.96349E-013  3.65305E-020  1.20736E-011  1.34828E-016  4.07340E-009  1.10262E-016  2.03816E-021  7.16817E-021  4.84489E-013  4.85284E-022  1.08735E-022  1.00000E-040  1.00000E-040  1.00000E-040  1.00000E-040  1.00000E-040  1.00000E-040  1.28216E-019  1.40737E-015  1.40237E-020  2.45623E-025  8.19528E-028  1.00000E-040  2.12036E-029  9.73702E-033  1.00000E-040  1.00751E-031  3.34630E-030  4.75145E-029  8.76883E-020  1.45763E-021  3.53547E-023  4.05526E-025  5.10129E-026  3.57045E-021  1.54805E-022  6.62526E-020  3.63801E-027  1.19175E-030  3.20449E-012  2.15205E-032  6.06255E-029  4.54387E-023  3.12614E-015  9.78502E-033  9.56026E-026  3.63328E-028  7.62410E-015  1.00000E-040  4.29746E-014  1.00000E-040  3.08953E-032  2.84265E-019  1.25913E-018  4.42992E-029  4.21625E-017  3.79768E-030  1.00000E-003  1.00000E-005  1.00000E-005  1.00000E-005  1.00000E-005  1.00000E-005  1.00000E-005  1.00000E-005  1.00000E-005  1.00000E-005  1.00000E-005  1.00000E-005  1.00000E-005  1.00000E-005  1.00000E-005  1.00000E-005  
6.55000E+001  1.14249E-005  4.95561E+014  1.66983E+002  2.64488E+005  1.00000E-040  1.00000E-040  1.00000E-040  1.00000E-040  1.00000E-040  1.00000E-040  1.00000E-040  1.00000E-040  1.00000E-040  1.00000E-040  1.00000E-040  1.00000E-040  1.00000E-040  1.00000E-040  2.15981E-028  1.00000E-040  1.06302E-040  4.28231E-007  2.70350E-006  9.87279E-010  1.55379E-011  2.11555E-004  1.38999E-004  6.79392E-005  2.08277E-004  3.82845E-017  2.47771E-014  3.32254E-014  5.64837E-018  1.03935E-018  1.09178E-018  5.37646E-012  3.89864E-020  6.95217E-034  7.27934E-033  5.05609E-033  1.00000E-040  2.13327E-029  2.84603E-027  1.75542E-017  1.41385E-017  4.83215E-026  1.00000E-040  9.41637E-024  3.59018E-019  6.59270E-014  2.76431E-005  9.99342E-001  1.28187E-015  2.99528E-024  9.45619E-020  2.96287E-028  2.13795E-027  6.37613E-022  5.93149E-023  1.20137E-011  2.17436E-020  1.93438E-013  3.46803E-020  9.73126E-012  4.56460E-017  3.16875E-009  5.59045E-017  8.51103E-022  5.12810E-021  4.76992E-013  1.15379E-022  4.50302E-023  1.00000E-040  1.00000E-040  1.00000E-040  1.00000E-040  1.00000E-040  1.00000E-040  7.51433E-020  8.78933E-016  1.19633E-020  1.41606E-025  5.21049E-028  1.02367E-033  1.41972E-029  3.84033E-033  1.00000E-040  1.01224E-031  3.33991E-030  2.75636E-029  1.25452E-019  1.17032E-021  7.09244E-023  3.54800E-025  3.30461E-026  2.37710E-021  1.01510E-022  5.40825E-020  1.37473E-026  1.13978E-030  3.18377E-012  6.96188E-033  3.51483E-029  3.89086E-023  3.05810E-015  4.04496E-033  4.07392E-026  1.40262E-028  9.40429E-015  1.00000E-040  4.27294E-014  1.00000E-040  1.67491E-032  1.58411E-019  2.97046E-017  2.64349E-029  2.83345E-017  2.58445E-030  1.00000E-003  1.00000E-005  1.00000E-005  1.00000E-005  1.00000E-005  1.00000E-005  1.00000E-005  1.00000E-005  1.00000E-005  1.00000E-005  1.00000E-005  1.00000E-005  1.00000E-005  1.00000E-005  1.00000E-005  1.00000E-005  
6.65000E+001  9.40446E-006  4.07579E+014  1.67124E+002  2.74489E+005  1.00000E-040  1.00000E-040  1.00000E-040  1.00000E-040  1.00000E-040  1.00000E-040  1.00000E-040  1.00000E-040  1.00000E-040  1.00000E-040  1.00000E-040  1.00000E-040  1.00000E-040  1.00000E-040  1.31718E-028  1.00000E-040  1.07731E-040  4.40887E-007  2.70675E-006  6.09199E-010  9.89429E-012  2.45763E-004  1.25948E-004  7.57023E-005  1.99614E-004  3.11606E-017  1.66502E-014  8.89075E-014  1.43479E-017  7.24666E-019  7.46684E-019  3.41653E-012  5.67690E-020  1.00000E-040  6.98743E-034  7.82249E-033  1.00000E-040  1.00249E-029  1.91356E-027  1.93405E-017  1.21179E-017  1.22133E-025  1.00000E-040  1.00274E-023  8.89457E-019  5.31794E-014  3.80356E-005  9.99312E-001  1.28246E-015  2.16941E-024  6.46016E-020  1.73370E-027  1.68755E-027  4.06213E-022  7.14048E-023  7.82832E-012  1.15493E-020  1.27741E-013  3.27036E-020  7.68737E-012  1.57724E-017  2.37361E-009  2.86678E-017  3.59268E-022  3.59612E-021  4.69792E-013  2.75950E-023  1.87204E-023  1.00000E-040  1.00000E-040  1.00000E-040  1.00000E-040  1.00000E-040  1.00000E-040  4.41552E-020  5.50718E-016  1.04502E-020  8.26820E-026  3.38268E-028  6.51108E-038  9.18866E-030  1.66254E-033  1.00000E-040  1.06512E-030  4.07992E-030  1.61924E-029  2.39779E-019  9.37518E-022  1.41922E-022  3.04468E-025  2.21341E-026  1.61249E-021  6.74501E-023  4.39132E-020  4.75400E-026  1.12043E-030  3.15976E-012  2.30779E-033  2.06412E-029  3.41179E-023  2.99532E-015  1.01636E-033  1.78350E-026  5.42043E-029  1.14432E-014  1.00000E-040  4.24456E-014  1.00000E-040  9.79800E-033  8.78651E-020  3.98632E-016  1.63142E-029  1.90486E-017  2.17276E-030  1.00000E-003  1.00000E-005  1.00000E-005  1.00000E-005  1.00000E-005  1.00000E-005  1.00000E-005  1.00000E-005  1.00000E-005  1.00000E-005  1.00000E-005  1.00000E-005  1.00000E-005  1.00000E-005  1.00000E-005  1.00000E-005  
6.75000E+001  7.74312E-006  3.35293E+014  1.67266E+002  2.84489E+005  1.00000E-040  1.00000E-040  1.00000E-040  1.00000E-040  1.00000E-040  1.00000E-040  1.00000E-040  1.00000E-040  1.00000E-040  1.00000E-040  1.00000E-040  1.00000E-040  1.00000E-040  1.00000E-040  9.42134E-029  1.00000E-040  1.09407E-040  4.55048E-007  2.71070E-006  3.78249E-010  6.34289E-012  2.80284E-004  1.12953E-004  8.36402E-005  1.90671E-004  2.57588E-017  1.13246E-014  2.20779E-013  3.46322E-017  5.27145E-019  5.19738E-019  2.18162E-012  8.28054E-020  1.87957E-031  1.56601E-031  7.46311E-031  1.00000E-040  4.85926E-030  1.32472E-027  2.10771E-017  1.01129E-017  2.88616E-025  1.00000E-040  1.06396E-023  2.41415E-018  4.28050E-014  5.06825E-005  9.99279E-001  1.26925E-015  1.59062E-024  4.34535E-020  9.11164E-027  1.35436E-027  2.64898E-022  8.98349E-023  5.17604E-012  1.10544E-020  8.52730E-014  3.07233E-020  5.99604E-012  5.56627E-018  1.71732E-009  1.48923E-017  1.53579E-022  2.46416E-021  4.62453E-013  6.66422E-024  7.82952E-024  1.00000E-040  1.00000E-040  1.00000E-040  1.00000E-040  1.00000E-040  1.00000E-040  2.60561E-020  3.46618E-016  9.32730E-021  4.87924E-026  2.24405E-028  1.00000E-040  6.23733E-030  7.70989E-034  1.00000E-040  1.00000E-040  5.44791E-030  9.61092E-030  5.05817E-019  7.50985E-022  2.72607E-022  2.60888E-025  1.52535E-026  1.11415E-021  4.53600E-023  3.57962E-020  1.49118E-025  1.11648E-030  3.13195E-012  7.88074E-034  1.22525E-029  3.05687E-023  2.93548E-015  1.12566E-033  8.01191E-027  2.09056E-029  1.37502E-014  1.00000E-040  4.21171E-014  1.00000E-040  6.03494E-033  4.86331E-020  3.38211E-015  1.05683E-029  1.28243E-017  2.31776E-030  1.00000E-003  1.00000E-005  1.00000E-005  1.00000E-005  1.00000E-005  1.00000E-005  1.00000E-005  1.00000E-005  1.00000E-005  1.00000E-005  1.00000E-005  1.00000E-005  1.00000E-005  1.00000E-005  1.00000E-005  1.00000E-005  
6.85000E+001  6.37894E-006  2.74910E+014  1.68064E+002  2.94489E+005  1.00000E-040  1.00000E-040  1.00000E-040  1.00000E-040  1.00000E-040  1.00000E-040  1.00000E-040  1.00000E-040  1.00000E-040  1.00000E-040  1.00000E-040  1.00000E-040  1.00000E-040  1.00000E-040  7.77765E-029  1.00000E-040  1.11375E-040  4.71053E-007  2.71550E-006  2.36541E-010  4.05139E-012  3.14520E-004  1.00307E-004  9.16619E-005  1.81531E-004  2.19470E-017  7.64227E-015  5.17552E-013  7.96457E-017  4.16511E-019  3.69079E-019  1.40121E-012  1.21532E-019  1.00000E-040  1.00000E-040  1.00000E-040  1.00000E-040  2.36749E-030  9.38472E-028  2.27314E-017  8.14922E-018  6.36175E-025  1.03851E-040  1.12079E-023  6.44730E-018  3.54261E-014  6.59417E-005  9.99243E-001  1.24755E-015  1.18453E-024  2.86365E-020  4.37747E-026  1.09538E-027  1.74470E-022  1.13161E-022  3.45440E-012  2.21455E-020  5.71804E-014  3.08865E-020  4.64017E-012  2.00097E-018  1.18299E-009  7.75193E-018  6.51560E-023  1.65005E-021  4.54675E-013  1.62220E-024  3.29989E-024  1.00000E-040  1.00000E-040  1.00000E-040  1.00000E-040  1.00000E-040  1.00000E-040  1.54580E-020  2.19313E-016  8.74715E-021  3.04722E-026  1.51397E-028  1.24362E-037  4.24731E-030  3.61829E-034  1.00000E-040  1.62930E-030  7.46939E-030  6.19257E-030  1.05038E-018  6.06155E-022  4.97468E-022  2.25299E-025  1.06209E-026  7.86102E-022  3.10090E-023  2.98326E-020  4.27014E-025  1.10132E-030  3.09971E-012  2.58542E-034  7.89742E-030  2.92469E-023  2.87649E-015  8.27132E-033  3.63535E-027  7.75252E-030  1.64195E-014  1.00000E-040  4.17367E-014  1.00000E-040  3.81207E-033  2.70222E-020  1.98024E-014  7.95050E-030  8.65227E-018  2.88522E-030  1.00000E-003  1.00000E-005  1.00000E-005  1.00000E-005  1.00000E-005  1.00000E-005  1.00000E-005  1.00000E-005  1.00000E-005  1.00000E-005  1.00000E-005  1.00000E-005  1.00000E-005  1.00000E-005  1.00000E-005  1.00000E-005  
6.95000E+001  5.26038E-006  2.25599E+014  1.68887E+002  3.04490E+005  1.00000E-040  1.00000E-040  1.00000E-040  1.00000E-040  1.00000E-040  1.00000E-040  1.00000E-040  1.00000E-040  1.00000E-040  1.00000E-040  1.00000E-040  1.00000E-040  1.00000E-040  1.00000E-040  7.00801E-029  1.00000E-040  1.13688E-040  4.89237E-007  2.72125E-006  1.49034E-010  2.61991E-012  3.47861E-004  8.83149E-005  9.96707E-005  1.72282E-004  1.91508E-017  5.20359E-015  1.15041E-012  1.74678E-016  3.81114E-019  2.66126E-019  9.05609E-013  1.77460E-019  1.00000E-040  1.60815E-032  1.00000E-040  1.00000E-040  1.17647E-030  6.79290E-028  2.41400E-017  6.38326E-018  1.32772E-024  2.23952E-040  1.17072E-023  1.62768E-017  3.15647E-014  8.42356E-005  9.99204E-001  1.23222E-015  9.09584E-025  1.88429E-020  1.92949E-025  9.16312E-028  1.19517E-022  1.41113E-022  2.36118E-012  4.94887E-020  3.87273E-014  3.11028E-020  3.57590E-012  7.32585E-019  7.93304E-010  4.12224E-018  2.82496E-023  1.07933E-021  4.46258E-013  3.99660E-025  1.40181E-024  1.00000E-040  1.00000E-040  1.00000E-040  1.00000E-040  1.00000E-040  1.00000E-040  9.22357E-021  1.39533E-016  8.35219E-021  1.92011E-026  1.03908E-028  1.44196E-032  2.90498E-030  1.75939E-034  1.00000E-040  3.55691E-031  1.02387E-029  4.03548E-030  2.07111E-018  4.90137E-022  8.72055E-022  1.99843E-025  7.54169E-027  5.63400E-022  2.14117E-023  2.51570E-020  1.12542E-024  1.07533E-030  3.06237E-012  8.92550E-035  5.14117E-030  2.85013E-023  2.81688E-015  4.30135E-034  1.68543E-027  2.87083E-030  1.93945E-014  1.00000E-040  4.12964E-014  1.00000E-040  2.45957E-033  1.50493E-020  8.54109E-014  6.63676E-030  5.85208E-018  3.87540E-030  1.00000E-003  1.00000E-005  1.00000E-005  1.00000E-005  1.00000E-005  1.00000E-005  1.00000E-005  1.00000E-005  1.00000E-005  1.00000E-005  1.00000E-005  1.00000E-005  1.00000E-005  1.00000E-005  1.00000E-005  1.00000E-005  
7.05000E+001  4.34237E-006  1.85316E+014  1.69719E+002  3.14490E+005  1.00000E-040  1.00000E-040  1.00000E-040  1.00000E-040  1.00000E-040  1.00000E-040  1.00000E-040  1.00000E-040  1.00000E-040  1.00000E-040  1.00000E-040  1.00000E-040  1.00000E-040  1.00000E-040  6.62041E-029  1.00000E-040  1.16406E-040  5.09958E-007  2.72814E-006  9.47116E-011  1.72162E-012  3.79862E-004  7.71974E-005  1.07560E-004  1.63024E-004  1.72859E-017  3.58013E-015  2.44093E-012  3.67480E-016  4.34175E-019  1.94808E-019  5.89702E-013  2.57279E-019  1.00000E-040  1.00000E-040  1.00000E-040  1.00000E-040  5.97784E-031  5.01601E-028  2.52394E-017  4.86890E-018  2.63736E-024  4.62364E-040  1.21021E-023  3.87031E-017  3.21394E-014  1.06027E-004  9.99163E-001  1.23486E-015  7.26329E-025  1.25242E-020  7.88714E-025  8.10195E-028  8.69584E-023  1.73618E-022  1.66060E-012  9.52390E-020  2.64944E-014  3.13776E-020  2.75231E-012  2.73393E-019  5.20089E-010  2.24944E-018  1.25773E-023  6.91071E-022  4.37041E-013  1.00144E-025  6.01025E-025  1.00000E-040  1.00000E-040  1.00000E-040  1.00000E-040  1.00000E-040  1.00000E-040  5.54277E-021  8.93651E-017  8.09827E-021  1.22613E-026  7.24539E-029  2.72748E-038  1.99951E-030  8.86591E-035  1.00000E-040  3.10030E-031  1.39224E-029  2.65936E-030  3.86148E-018  3.97663E-022  1.47528E-021  1.83959E-025  5.45034E-027  4.10037E-022  1.49491E-023  2.14974E-020  2.74993E-024  1.04080E-030  3.01923E-012  3.32755E-035  3.39071E-030  2.82024E-023  2.75539E-015  8.61751E-034  7.98334E-028  1.06611E-030  2.26989E-014  1.00000E-040  4.07880E-014  1.00000E-040  1.62164E-033  8.41418E-021  2.88069E-013  6.35089E-030  3.97241E-018  5.42924E-030  1.00000E-003  1.00000E-005  1.00000E-005  1.00000E-005  1.00000E-005  1.00000E-005  1.00000E-005  1.00000E-005  1.00000E-005  1.00000E-005  1.00000E-005  1.00000E-005  1.00000E-005  1.00000E-005  1.00000E-005  1.00000E-005  
7.15000E+001  3.58946E-006  1.51812E+014  1.71253E+002  3.24490E+005  1.00000E-040  1.00000E-040  1.00000E-040  1.00000E-040  1.00000E-040  1.00000E-040  1.00000E-040  1.00000E-040  1.00000E-040  1.00000E-040  1.00000E-040  1.00000E-040  1.00000E-040  1.00000E-040  6.42031E-029  1.00000E-040  1.19602E-040  5.33631E-007  2.73631E-006  6.07585E-011  1.13949E-012  4.10346E-004  6.70615E-005  1.15246E-004  1.53834E-004  1.66245E-017  2.44337E-015  4.98556E-012  7.47577E-016  6.19390E-019  1.45100E-019  3.87242E-013  3.72272E-019  1.00000E-040  1.00000E-040  1.00000E-040  1.00000E-040  3.03752E-031  3.76494E-028  2.60272E-017  3.59311E-018  4.93752E-024  8.71551E-040  1.23462E-023  8.74186E-017  3.88614E-014  1.31873E-004  9.99118E-001  1.26785E-015  6.15649E-025  8.40806E-021  3.03373E-024  7.62524E-028  6.73839E-023  2.09605E-022  1.19939E-012  1.56108E-019  1.82001E-014  3.41870E-020  2.11961E-012  1.03789E-019  3.28647E-010  1.25159E-018  5.65821E-024  4.34594E-022  4.26855E-013  2.55453E-026  2.60394E-025  1.00000E-040  1.00000E-040  1.00000E-040  1.00000E-040  1.00000E-040  1.00000E-040  3.35802E-021  5.76602E-017  8.20530E-021  8.28354E-027  5.10252E-029  1.00000E-040  1.38753E-030  4.50396E-035  1.00000E-040  5.65933E-031  1.87152E-029  1.90563E-030  6.82370E-018  3.26225E-022  2.39658E-021  1.79545E-025  3.94263E-027  3.03930E-022  1.06257E-023  1.88631E-020  6.28030E-024  9.99835E-031  2.96946E-012  1.27006E-035  2.42936E-030  2.96479E-023  2.69070E-015  3.92194E-034  3.80313E-028  3.83647E-031  2.65300E-014  1.00000E-040  4.02020E-014  1.00000E-040  1.09683E-033  4.74827E-021  7.99176E-013  7.25533E-030  2.70828E-018  7.86222E-030  1.00000E-003  1.00000E-005  1.00000E-005  1.00000E-005  1.00000E-005  1.00000E-005  1.00000E-005  1.00000E-005  1.00000E-005  1.00000E-005  1.00000E-005  1.00000E-005  1.00000E-005  1.00000E-005  1.00000E-005  1.00000E-005  
7.25000E+001  2.97286E-006  1.24376E+014  1.73123E+002  3.34491E+005  1.00000E-040  1.00000E-040  1.00000E-040  1.00000E-040  1.00000E-040  1.00000E-040  1.00000E-040  1.00000E-040  1.00000E-040  1.00000E-040  1.00000E-040  1.00000E-040  1.00000E-040  1.00000E-040  6.29201E-029  1.00000E-040  1.23356E-040  5.60691E-007  2.74581E-006  3.93505E-011  7.67366E-013  4.39261E-004  5.79639E-005  1.22658E-004  1.44776E-004  1.72876E-017  1.66908E-015  9.79720E-012  1.46950E-015  1.02204E-018  1.09549E-019  2.56520E-013  5.34741E-019  1.00000E-040  1.00000E-040  1.00000E-040  1.00000E-040  1.55625E-031  2.87700E-028  2.64617E-017  2.58134E-018  8.77863E-024  1.53656E-039  1.24320E-023  1.87616E-016  5.47041E-014  1.62393E-004  9.99070E-001  1.35675E-015  5.62676E-025  5.80911E-021  1.09473E-023  7.81600E-028  5.70352E-023  2.48421E-022  8.99000E-013  2.22843E-019  1.25945E-014  3.88528E-020  1.63507E-012  4.00464E-020  2.03123E-010  7.20806E-019  2.62717E-024  2.69061E-022  4.15556E-013  6.65430E-027  1.13981E-025  1.00000E-040  1.00000E-040  1.00000E-040  1.00000E-040  1.00000E-040  1.00000E-040  2.05149E-021  3.74848E-017  8.52015E-021  5.77600E-027  3.61915E-029  1.00000E-040  9.72870E-031  2.33891E-035  1.00000E-040  1.17111E-030  2.47615E-029  1.42360E-030  1.14560E-017  2.69633E-022  3.75755E-021  1.88786E-025  2.87410E-027  2.28517E-022  7.65818E-024  1.68385E-020  1.35011E-023  9.53755E-031  2.91219E-012  5.28451E-036  1.81730E-030  3.21679E-023  2.62180E-015  6.44965E-034  1.83267E-028  1.37139E-031  3.08873E-014  1.00000E-040  3.95281E-014  1.00000E-040  7.59565E-034  2.70334E-021  1.88856E-012  9.18114E-030  1.85489E-018  1.17805E-029  1.00000E-003  1.00000E-005  1.00000E-005  1.00000E-005  1.00000E-005  1.00000E-005  1.00000E-005  1.00000E-005  1.00000E-005  1.00000E-005  1.00000E-005  1.00000E-005  1.00000E-005  1.00000E-005  1.00000E-005  1.00000E-005  
7.35000E+001  2.46739E-006  1.02114E+014  1.75012E+002  3.44491E+005  1.00000E-040  1.00000E-040  1.00000E-040  1.00000E-040  1.00000E-040  1.00000E-040  1.00000E-040  1.00000E-040  1.00000E-040  1.00000E-040  1.00000E-040  1.00000E-040  1.00000E-040  1.00000E-040  6.18115E-029  1.00000E-040  1.27762E-040  5.91607E-007  2.75679E-006  2.57485E-011  5.29835E-013  4.66656E-004  4.99153E-005  1.29725E-004  1.35920E-004  1.96824E-017  1.15299E-015  1.85200E-011  2.78989E-015  1.79540E-018  8.36529E-020  1.71565E-013  7.59730E-019  1.00000E-040  1.00000E-040  1.00000E-040  1.00000E-040  8.14299E-032  2.24306E-028  2.65398E-017  1.81792E-018  1.49305E-023  2.58806E-039  1.23577E-023  3.83186E-016  8.45424E-014  1.98190E-004  9.99016E-001  1.52932E-015  5.51137E-025  4.20239E-021  3.69820E-023  8.79067E-028  5.32159E-023  2.89567E-022  7.03836E-013  2.84601E-019  8.80343E-015  4.47975E-020  1.26488E-012  1.57216E-020  1.24292E-010  4.34321E-019  1.27879E-024  1.64482E-022  4.03028E-013  1.78014E-027  5.04341E-026  1.00000E-040  1.00000E-040  1.00000E-040  1.00000E-040  1.00000E-040  1.00000E-040  1.26493E-021  2.45709E-017  8.92193E-021  4.06809E-027  2.58129E-029  1.00000E-040  6.91393E-031  1.25762E-035  1.00000E-040  2.58724E-030  3.21942E-029  1.07366E-030  1.83377E-017  2.24087E-022  5.70945E-021  2.12449E-025  2.12346E-027  1.73855E-022  5.58314E-024  1.51795E-020  2.74680E-023  9.04468E-031  2.84660E-012  2.49263E-036  1.37234E-030  3.51716E-023  2.54789E-015  1.00000E-040  8.98601E-029  4.97469E-032  3.57585E-014  1.00000E-040  3.87569E-014  1.00000E-040  5.38356E-034  1.55227E-021  3.91825E-012  1.22373E-029  1.27718E-018  1.81235E-029  1.00000E-003  1.00000E-005  1.00000E-005  1.00000E-005  1.00000E-005  1.00000E-005  1.00000E-005  1.00000E-005  1.00000E-005  1.00000E-005  1.00000E-005  1.00000E-005  1.00000E-005  1.00000E-005  1.00000E-005  1.00000E-005  
7.45000E+001  2.05272E-006  8.37506E+013  1.77525E+002  3.54491E+005  1.00000E-040  1.00000E-040  1.00000E-040  1.00000E-040  1.00000E-040  1.00000E-040  1.00000E-040  1.00000E-040  1.00000E-040  1.00000E-040  1.00000E-040  1.00000E-040  1.00000E-040  1.00000E-040  6.08677E-029  1.00000E-040  1.32923E-040  6.26904E-007  2.76937E-006  1.70379E-011  3.71943E-013  4.92723E-004  4.28672E-005  1.36390E-004  1.27321E-004  2.48478E-017  7.97341E-016  3.38601E-011  5.14170E-015  3.21215E-018  6.47362E-020  1.15972E-013  1.07161E-018  2.24541E-032  8.77260E-033  3.88170E-032  1.00000E-040  4.29265E-032  1.78182E-028  2.62861E-017  1.24968E-018  2.40578E-023  3.99729E-039  1.20991E-023  7.50541E-016  1.36017E-013  2.39928E-004  9.98957E-001  1.81066E-015  5.88206E-025  3.17197E-021  1.18019E-022  1.05161E-027  5.28774E-023  3.30985E-022  5.75878E-013  3.34309E-019  6.18416E-015  5.59969E-020  9.82167E-013  6.27779E-021  7.44243E-011  2.74023E-019  6.47698E-025  9.96462E-023  3.89151E-013  4.91063E-028  2.25832E-026  1.00000E-040  1.00000E-040  1.00000E-040  1.00000E-040  1.00000E-040  1.00000E-040  7.88033E-022  1.62540E-017  9.64120E-021  3.00214E-027  1.84187E-029  1.00000E-040  5.00116E-031  6.84902E-036  1.00000E-040  5.88652E-030  4.11280E-029  8.63524E-031  2.80747E-017  1.88505E-022  8.35900E-021  2.59994E-025  1.56803E-027  1.34222E-022  4.14083E-024  1.39484E-020  5.31787E-023  8.53547E-031  2.77183E-012  1.22830E-036  1.10860E-030  4.01978E-023  2.46816E-015  2.04635E-034  4.42571E-029  1.77974E-032  4.14150E-014  1.00000E-040  3.78785E-014  1.00000E-040  3.92373E-034  9.02154E-022  7.34608E-012  1.68663E-029  8.84802E-019  2.80981E-029  1.00000E-003  1.00000E-005  1.00000E-005  1.00000E-005  1.00000E-005  1.00000E-005  1.00000E-005  1.00000E-005  1.00000E-005  1.00000E-005  1.00000E-005  1.00000E-005  1.00000E-005  1.00000E-005  1.00000E-005  1.00000E-005  
7.55000E+001  1.71285E-006  6.86466E+013  1.80724E+002  3.64489E+005  1.00000E-040  1.00000E-040  1.00000E-040  1.00000E-040  1.00000E-040  1.00000E-040  1.00000E-040  1.00000E-040  1.00000E-040  1.00000E-040  1.00000E-040  1.00000E-040  1.00000E-040  1.00000E-040  5.99527E-029  1.00000E-040  1.38958E-040  6.67125E-007  2.78348E-006  1.14051E-011  2.65738E-013  5.17746E-004  3.67402E-005  1.42616E-004  1.19018E-004  3.42117E-017  5.54371E-016  5.99754E-011  9.20969E-015  5.72377E-018  5.06888E-020  7.92673E-014  1.49817E-018  8.47285E-032  2.25923E-032  1.63175E-031  1.00000E-040  2.27616E-032  1.44477E-028  2.57076E-017  8.39146E-019  3.67255E-023  5.64209E-039  1.16569E-023  1.41427E-015  2.20541E-013  2.88337E-004  9.98892E-001  2.22968E-015  6.84908E-025  2.49012E-021  3.56338E-022  1.29987E-027  5.43732E-023  3.70875E-022  4.94679E-013  3.67894E-019  4.36349E-015  7.65098E-020  7.65842E-013  2.54820E-021  4.37276E-011  1.83229E-019  3.45550E-025  5.99731E-023  3.73825E-013  1.40321E-028  1.02339E-026  1.00000E-040  1.00000E-040  1.00000E-040  1.00000E-040  1.00000E-040  1.00000E-040  4.96217E-022  1.08539E-017  1.07335E-020  2.29677E-027  1.30906E-029  1.00000E-040  3.69877E-031  3.77409E-036  1.00000E-040  1.34142E-029  5.15460E-029  7.38837E-031  4.12105E-017  1.60557E-022  1.17960E-020  3.46265E-025  1.15511E-027  1.05026E-022  3.12113E-024  1.30368E-020  9.84777E-023  8.02522E-031  2.68703E-012  6.14853E-037  9.48083E-031  4.79587E-023  2.38199E-015  1.00000E-040  2.18408E-029  6.28105E-033  4.79785E-014  1.00000E-040  3.68833E-014  1.00000E-040  2.94468E-034  5.31097E-022  1.26916E-011  2.34006E-029  6.16911E-019  4.31889E-029  1.00000E-003  1.00000E-005  1.00000E-005  1.00000E-005  1.00000E-005  1.00000E-005  1.00000E-005  1.00000E-005  1.00000E-005  1.00000E-005  1.00000E-005  1.00000E-005  1.00000E-005  1.00000E-005  1.00000E-005  1.00000E-005  
7.65000E+001  1.43393E-006  5.64603E+013  1.83951E+002  3.74490E+005  1.00000E-040  1.00000E-040  1.00000E-040  1.00000E-040  1.00000E-040  1.00000E-040  1.00000E-040  1.00000E-040  1.00000E-040  1.00000E-040  1.00000E-040  1.00000E-040  1.00000E-040  1.00000E-040  5.87595E-029  1.00000E-040  1.45987E-040  7.12847E-007  2.79910E-006  7.72870E-012  1.95450E-013  5.42017E-004  3.14508E-005  1.48370E-004  1.11053E-004  4.95325E-017  3.96876E-016  1.02728E-010  1.59960E-014  1.00290E-017  4.00232E-020  5.48244E-014  2.06259E-018  3.63951E-031  1.37666E-031  2.88271E-031  1.00000E-040  1.23812E-032  1.20157E-028  2.48120E-017  5.55135E-019  5.38000E-023  7.59847E-039  1.10569E-023  2.56176E-015  3.54162E-013  3.44107E-004  9.98819E-001  2.81265E-015  8.26488E-025  2.03700E-021  1.01263E-021  1.63970E-027  5.73740E-023  4.09428E-022  4.45238E-013  3.83907E-019  3.10889E-015  1.08866E-019  6.00089E-013  1.05298E-021  2.57005E-011  1.30848E-019  1.97594E-025  3.59415E-023  3.57014E-013  4.18974E-029  4.69448E-027  1.00000E-040  1.00000E-040  6.58060E-039  1.00000E-040  1.00000E-040  1.00000E-040  3.16044E-022  7.32085E-018  1.19578E-020  1.79000E-027  9.25422E-030  1.00000E-040  2.80953E-031  2.16109E-036  1.00000E-040  2.98686E-029  6.33828E-029  6.33102E-031  5.82042E-017  1.37704E-022  1.61793E-020  4.76372E-025  8.59309E-028  8.29314E-023  2.37508E-024  1.22315E-020  1.75063E-022  7.53200E-031  2.59158E-012  3.27611E-037  8.23815E-031  5.71217E-023  2.28911E-015  1.68533E-033  1.09394E-029  2.26540E-033  5.52530E-014  1.00000E-040  3.57643E-014  1.00000E-040  2.27290E-034  3.16246E-022  2.04614E-011  3.20918E-029  4.33158E-019  6.50775E-029  1.00000E-003  1.00000E-005  1.00000E-005  1.00000E-005  1.00000E-005  1.00000E-005  1.00000E-005  1.00000E-005  1.00000E-005  1.00000E-005  1.00000E-005  1.00000E-005  1.00000E-005  1.00000E-005  1.00000E-005  1.00000E-005  
7.75000E+001  1.20458E-006  4.64524E+013  1.87821E+002  3.84490E+005  1.00000E-040  1.00000E-040  1.00000E-040  1.00000E-040  1.00000E-040  1.00000E-040  1.00000E-040  1.00000E-040  1.00000E-040  1.00000E-040  1.00000E-040  1.00000E-040  1.00000E-040  1.00000E-040  5.74193E-029  1.00000E-040  1.54147E-040  7.64734E-007  2.81617E-006  5.30897E-012  1.46893E-013  5.65859E-004  2.69069E-005  1.53627E-004  1.03459E-004  7.41818E-017  2.93866E-016  1.71199E-010  2.70951E-014  1.72926E-017  3.19388E-020  3.84165E-014  2.80070E-018  1.68270E-031  2.41962E-032  3.83439E-031  1.00000E-040  6.84219E-033  1.02450E-028  2.36028E-017  3.60049E-019  7.49098E-023  9.37720E-039  1.02913E-023  4.49372E-015  5.58632E-013  4.07954E-004  9.98739E-001  3.58279E-015  1.06513E-024  1.72880E-021  2.73810E-021  2.05393E-027  6.02593E-023  4.44908E-022  4.19995E-013  3.86308E-019  2.22486E-015  1.73695E-019  4.72952E-013  4.43453E-022  1.49317E-011  1.00845E-019  1.21399E-025  2.15119E-023  3.38710E-013  1.32104E-029  2.18282E-027  1.00000E-040  1.00000E-040  4.11538E-037  1.00000E-040  1.00000E-040  1.00000E-040  2.03860E-022  4.99307E-018  1.36143E-020  1.42740E-027  6.47760E-030  1.00000E-040  2.20549E-031  1.25753E-036  1.00000E-040  6.47385E-029  7.66675E-029  5.70349E-031  7.93730E-017  1.19692E-022  2.14749E-020  6.97158E-025  6.36779E-028  6.63096E-023  1.83462E-024  1.16235E-020  2.99771E-022  7.06703E-031  2.48500E-012  1.72574E-037  7.45145E-031  7.02371E-023  2.18938E-015  1.00000E-040  5.49439E-030  8.12632E-034  6.35779E-014  1.00000E-040  3.45164E-014  1.00000E-040  1.81077E-034  1.90878E-022  3.12934E-011  4.35598E-029  3.06592E-019  9.50995E-029  1.00000E-003  1.00000E-005  1.00000E-005  1.00000E-005  1.00000E-005  1.00000E-005  1.00000E-005  1.00000E-005  1.00000E-005  1.00000E-005  1.00000E-005  1.00000E-005  1.00000E-005  1.00000E-005  1.00000E-005  1.00000E-005  
7.85000E+001  1.01607E-006  3.81635E+013  1.92837E+002  3.94490E+005  1.00000E-040  1.00000E-040  1.00000E-040  1.00000E-040  1.00000E-040  1.00000E-040  1.00000E-040  1.00000E-040  1.00000E-040  1.00000E-040  1.00000E-040  1.00000E-040  1.00000E-040  1.00000E-040  5.59670E-029  1.00000E-040  1.63578E-040  8.23421E-007  2.83431E-006  3.70012E-012  1.12518E-013  5.89624E-004  2.30105E-005  1.58387E-004  9.62521E-005  1.13389E-016  2.27788E-016  2.78897E-010  4.49449E-014  2.93817E-017  2.57650E-020  2.72909E-014  3.74642E-018  3.47624E-031  6.32342E-032  2.14667E-031  1.00000E-040  3.80110E-033  8.96072E-029  2.20771E-017  2.27776E-019  9.84045E-023  1.02871E-038  9.37059E-024  7.67532E-015  8.61968E-013  4.80691E-004  9.98648E-001  4.56548E-015  1.52475E-024  1.54082E-021  7.10091E-021  2.51197E-027  6.18292E-023  4.75409E-022  4.19116E-013  3.79285E-019  1.59245E-015  3.20808E-019  3.75169E-013  1.90384E-022  8.50787E-012  8.64576E-020  8.21582E-026  1.28863E-023  3.18939E-013  4.46431E-030  1.02946E-027  1.00000E-040  1.00000E-040  1.00000E-040  1.00000E-040  1.00000E-040  1.00000E-040  1.33265E-022  3.44547E-018  1.60409E-020  1.20502E-027  4.46599E-030  1.00000E-040  1.79951E-031  7.27890E-037  1.00000E-040  1.36132E-028  9.13458E-029  5.57533E-031  1.04775E-016  1.05838E-022  2.75071E-020  1.12825E-024  4.65707E-028  5.37728E-023  1.44241E-024  1.12404E-020  4.96243E-022  6.64052E-031  2.36695E-012  8.59013E-038  7.34619E-031  9.10834E-023  2.08285E-015  1.00000E-040  2.73934E-030  2.84670E-034  7.33045E-014  1.00000E-040  3.31361E-014  1.00000E-040  1.48600E-034  1.16853E-022  4.59366E-011  5.84566E-029  2.18872E-019  1.34312E-028  1.00000E-003  1.00000E-005  1.00000E-005  1.00000E-005  1.00000E-005  1.00000E-005  1.00000E-005  1.00000E-005  1.00000E-005  1.00000E-005  1.00000E-005  1.00000E-005  1.00000E-005  1.00000E-005  1.00000E-005  1.00000E-005  
7.95000E+001  8.60906E-007  3.15086E+013  1.97899E+002  4.04490E+005  1.00000E-040  1.00000E-040  1.00000E-040  1.00000E-040  1.00000E-040  1.00000E-040  1.00000E-040  1.00000E-040  1.00000E-040  1.00000E-040  1.00000E-040  1.00000E-040  1.00000E-040  1.00000E-040  5.39820E-029  1.00000E-040  1.74412E-040  8.89536E-007  2.85302E-006  2.62028E-012  8.94142E-014  6.13612E-004  1.96756E-005  1.62652E-004  8.94493E-005  1.72462E-016  1.91492E-016  4.42373E-010  7.26893E-014  4.88941E-017  2.09324E-020  1.96705E-014  4.89148E-018  1.00000E-040  1.00000E-040  1.00000E-040  1.00000E-040  2.17820E-033  8.07887E-029  2.02701E-017  1.41992E-019  1.24213E-022  1.07313E-038  8.36040E-024  1.27197E-014  1.29637E-012  5.63017E-004  9.98548E-001  5.76636E-015  2.20055E-024  1.48028E-021  1.75038E-020  3.03667E-027  6.31361E-023  5.03566E-022  4.34912E-013  3.64324E-019  1.14986E-015  6.22341E-019  2.99844E-013  8.35420E-023  4.88659E-012  8.07843E-020  6.09339E-026  7.74217E-024  2.97849E-013  1.65434E-030  4.92944E-028  1.00000E-040  1.00000E-040  7.82552E-037  1.00000E-040  1.00000E-040  1.00000E-040  8.83668E-023  2.40743E-018  1.87497E-020  1.01869E-027  3.03451E-030  1.00000E-040  1.52841E-031  4.35694E-037  1.00000E-040  2.73371E-028  1.07446E-028  5.42666E-031  1.34299E-016  9.43541E-023  3.44574E-020  1.83189E-024  3.43197E-028  4.39581E-023  1.14303E-024  1.08671E-020  7.95968E-022  6.26752E-031  2.23757E-012  4.47928E-038  7.21405E-031  1.16606E-022  1.97017E-015  1.00000E-040  1.38581E-030  1.02723E-034  8.38611E-014  1.00000E-040  3.16257E-014  1.00000E-040  1.24816E-034  7.24694E-023  6.48449E-011  7.71807E-029  1.57718E-019  1.84129E-028  1.00000E-003  1.00000E-005  1.00000E-005  1.00000E-005  1.00000E-005  1.00000E-005  1.00000E-005  1.00000E-005  1.00000E-005  1.00000E-005  1.00000E-005  1.00000E-005  1.00000E-005  1.00000E-005  1.00000E-005  1.00000E-005  
8.05000E+001  7.32688E-007  2.60872E+013  2.03427E+002  4.06996E+005  1.00000E-040  1.00000E-040  1.00000E-040  1.00000E-040  1.00000E-040  1.00000E-040  1.00000E-040  1.00000E-040  1.00000E-040  1.00000E-040  1.00000E-040  1.00000E-040  1.00000E-040  1.00000E-040  5.15503E-029  1.00000E-040  1.86848E-040  9.64081E-007  2.87210E-006  1.88696E-012  7.36177E-014  6.38241E-004  1.68089E-005  1.66455E-004  8.30265E-005  2.61006E-016  1.74886E-016  6.87315E-010  1.15274E-013  8.00461E-017  1.71290E-020  1.43780E-014  6.23090E-018  1.29472E-031  1.76761E-032  1.11731E-031  1.00000E-040  1.28399E-033  7.49697E-029  1.82110E-017  8.69725E-020  1.49763E-022  1.03804E-038  7.29314E-024  2.05897E-014  1.89850E-012  6.56085E-004  9.98436E-001  7.19926E-015  3.27802E-024  1.57487E-021  4.14641E-020  3.60712E-027  6.36340E-023  5.28826E-022  4.70919E-013  3.45492E-019  8.33531E-016  1.30495E-018  2.41490E-013  3.74507E-023  2.80537E-012  8.25315E-020  4.94261E-026  4.66581E-024  2.75502E-013  6.88885E-031  2.39283E-028  1.00000E-040  1.00000E-040  1.18679E-036  1.00000E-040  1.00000E-040  1.00000E-040  5.93923E-023  1.70216E-018  2.19946E-020  8.89661E-028  2.02492E-030  1.00000E-040  1.35247E-031  2.63070E-037  1.00000E-040  5.25677E-028  1.25381E-028  5.41406E-031  1.67673E-016  8.50556E-023  4.21805E-020  3.05512E-024  2.53012E-028  3.62553E-023  9.14552E-025  1.05528E-020  1.24219E-021  5.95420E-031  2.09648E-012  2.37066E-038  7.35583E-031  1.50268E-022  1.85149E-015  3.45332E-033  7.04017E-031  3.76559E-035  9.54710E-014  1.00000E-040  2.99816E-014  1.00000E-040  1.06423E-034  4.54801E-023  8.88193E-011  1.00884E-028  1.14643E-019  2.45769E-028  1.00000E-003  1.00000E-005  1.00000E-005  1.00000E-005  1.00000E-005  1.00000E-005  1.00000E-005  1.00000E-005  1.00000E-005  1.00000E-005  1.00000E-005  1.00000E-005  1.00000E-005  1.00000E-005  1.00000E-005  1.00000E-005  
8.15000E+001  6.26533E-007  2.16152E+013  2.09943E+002  4.06996E+005  1.00000E-040  1.00000E-040  1.00000E-040  1.00000E-040  1.00000E-040  1.00000E-040  1.00000E-040  1.00000E-040  1.00000E-040  1.00000E-040  1.00000E-040  1.00000E-040  1.00000E-040  1.00000E-040  4.87303E-029  1.00000E-040  2.01106E-040  1.04806E-006  2.89099E-006  1.38389E-012  6.29988E-014  6.63937E-004  1.43265E-005  1.69833E-004  7.69512E-005  3.93975E-016  1.71332E-016  1.05219E-009  1.80219E-013  1.29438E-016  1.41023E-020  1.06447E-014  7.73610E-018  3.85002E-030  4.10034E-031  3.19425E-030  1.00000E-040  7.71169E-034  7.15275E-029  1.59501E-017  5.20329E-020  1.71325E-022  9.07864E-039  6.20499E-024  3.27557E-014  2.70322E-012  7.61317E-004  9.98310E-001  8.88035E-015  5.21333E-024  1.89276E-021  9.53984E-020  4.18904E-027  6.27849E-023  5.49947E-022  5.41080E-013  3.26055E-019  6.03026E-016  2.97321E-018  1.95998E-013  1.71153E-023  1.59361E-012  9.35199E-020  4.42332E-026  2.81654E-024  2.51974E-013  3.30654E-031  1.17369E-028  1.00000E-040  1.00000E-040  1.00000E-040  1.00000E-040  1.00000E-040  1.00000E-040  4.03885E-023  1.21600E-018  2.61787E-020  7.92920E-028  1.31971E-030  1.00000E-040  1.24622E-031  1.54635E-037  1.00000E-040  9.69984E-028  1.46074E-028  5.70454E-031  2.04314E-016  7.77039E-023  5.03865E-020  5.41327E-024  1.85636E-028  3.01680E-023  7.39437E-025  1.03301E-020  1.89320E-021  5.70470E-031  1.94329E-012  1.23876E-038  7.79845E-031  1.98741E-022  1.72699E-015  1.13519E-036  3.54544E-031  1.38399E-035  1.08445E-013  1.00000E-040  2.82000E-014  1.00000E-040  9.05987E-035  2.88174E-023  1.18896E-010  1.31560E-028  8.39361E-020  3.20890E-028  1.00000E-003  1.00000E-005  1.00000E-005  1.00000E-005  1.00000E-005  1.00000E-005  1.00000E-005  1.00000E-005  1.00000E-005  1.00000E-005  1.00000E-005  1.00000E-005  1.00000E-005  1.00000E-005  1.00000E-005  1.00000E-005  
8.25000E+001  5.38378E-007  1.80149E+013  2.16457E+002  4.06996E+005  1.00000E-040  1.00000E-040  1.00000E-040  1.00000E-040  1.00000E-040  1.00000E-040  1.00000E-040  1.00000E-040  1.00000E-040  1.00000E-040  1.00000E-040  1.00000E-040  1.00000E-040  1.00000E-040  4.52440E-029  1.00000E-040  2.17336E-040  1.14222E-006  2.90900E-006  1.03948E-012  5.67654E-014  6.90914E-004  1.21752E-005  1.72802E-004  7.12399E-005  5.86532E-016  1.77887E-016  1.58284E-009  2.76957E-013  2.05783E-016  1.16622E-020  7.98464E-015  9.31445E-018  2.38089E-031  2.50492E-031  1.00000E-040  1.00000E-040  4.81149E-034  7.03191E-029  1.36078E-017  3.06265E-020  1.88770E-022  7.63797E-039  5.16636E-024  5.10861E-014  3.72212E-012  8.79430E-004  9.98169E-001  1.07806E-014  8.04622E-024  2.51583E-021  2.11936E-019  4.84176E-027  6.18154E-023  5.70479E-022  6.36444E-013  3.07624E-019  4.38395E-016  6.84694E-018  1.60608E-013  7.99878E-024  9.14621E-013  1.09038E-019  4.10285E-026  1.70532E-024  2.27611E-013  1.84563E-031  5.81977E-029  1.00000E-040  1.00000E-040  1.41641E-036  1.00000E-040  1.00000E-040  1.00000E-040  2.77946E-023  8.78114E-019  3.06321E-020  7.15583E-028  8.41412E-031  1.00000E-040  1.19053E-031  9.16269E-038  1.00000E-040  1.70267E-027  1.71958E-028  5.93194E-031  2.43524E-016  7.14512E-023  5.94333E-020  9.25884E-024  1.38322E-028  2.52055E-023  5.99643E-025  1.00682E-020  2.81873E-021  5.52656E-031  1.77910E-012  6.94972E-039  8.27449E-031  2.56567E-022  1.59820E-015  4.87958E-033  1.80385E-031  5.31516E-036  1.21992E-013  1.00000E-040  2.62951E-014  1.00000E-040  7.67754E-035  1.84565E-023  1.55408E-010  1.72497E-028  6.19254E-020  4.12636E-028  1.00000E-003  1.00000E-005  1.00000E-005  1.00000E-005  1.00000E-005  1.00000E-005  1.00000E-005  1.00000E-005  1.00000E-005  1.00000E-005  1.00000E-005  1.00000E-005  1.00000E-005  1.00000E-005  1.00000E-005  1.00000E-005  
8.35000E+001  4.64779E-007  1.50851E+013  2.23160E+002  4.06996E+005  1.00000E-040  1.00000E-040  1.00000E-040  1.00000E-040  1.00000E-040  1.00000E-040  1.00000E-040  1.00000E-040  1.00000E-040  1.00000E-040  1.00000E-040  1.00000E-040  1.00000E-040  1.00000E-040  4.12324E-029  1.00000E-040  2.35676E-040  1.24739E-006  2.92571E-006  8.07961E-013  5.40161E-014  7.19314E-004  1.03119E-005  1.75379E-004  6.59133E-005  8.62979E-016  1.90669E-016  2.34775E-009  4.19762E-013  3.21754E-016  9.71106E-021  6.07405E-015  1.08788E-017  1.00000E-040  1.00000E-040  1.00000E-040  1.00000E-040  3.12677E-034  7.12300E-029  1.12975E-017  1.77632E-020  2.00065E-022  6.19707E-039  4.21777E-024  7.84001E-014  4.92196E-012  1.01080E-003  9.98014E-001  1.28962E-014  1.21867E-023  3.63247E-021  4.57637E-019  5.64779E-027  6.08273E-023  5.91694E-022  7.64927E-013  2.94503E-019  3.19440E-016  1.64044E-017  1.33252E-013  3.86012E-024  5.28206E-013  1.29257E-019  3.88763E-026  1.03830E-024  2.02835E-013  1.19224E-031  2.92354E-029  1.00000E-040  1.00000E-040  7.98278E-037  1.00000E-040  1.00000E-040  1.00000E-040  1.93757E-023  6.41862E-019  3.53968E-020  6.40324E-028  5.25582E-031  1.00000E-040  1.17476E-031  5.39732E-038  1.00000E-040  2.84351E-027  2.08751E-028  6.17534E-031  2.84673E-016  6.64162E-023  6.92598E-020  1.54466E-023  1.04869E-028  2.11978E-023  4.89274E-025  9.80795E-021  4.10025E-021  5.42013E-031  1.60576E-012  4.16351E-039  8.68100E-031  3.26053E-022  1.46700E-015  6.55260E-037  9.25057E-032  2.13360E-036  1.36212E-013  1.00000E-040  2.42889E-014  1.00000E-040  6.43446E-035  1.19822E-023  1.99277E-010  2.31900E-028  4.60921E-020  5.24339E-028  1.00000E-003  1.00000E-005  1.00000E-005  1.00000E-005  1.00000E-005  1.00000E-005  1.00000E-005  1.00000E-005  1.00000E-005  1.00000E-005  1.00000E-005  1.00000E-005  1.00000E-005  1.00000E-005  1.00000E-005  1.00000E-005  
8.45000E+001  4.03074E-007  1.26773E+013  2.30290E+002  4.06996E+005  1.00000E-040  1.00000E-040  1.00000E-040  1.00000E-040  1.00000E-040  1.00000E-040  1.00000E-040  1.00000E-040  1.00000E-040  1.00000E-040  1.00000E-040  1.00000E-040  1.00000E-040  1.00000E-040  3.68771E-029  1.00000E-040  2.56250E-040  1.36432E-006  2.94058E-006  6.59716E-013  5.45797E-014  7.49238E-004  8.69556E-006  1.77586E-004  6.09807E-005  1.25499E-015  2.05352E-016  3.44503E-009  6.29524E-013  4.92804E-016  8.15904E-021  4.68929E-015  1.23441E-017  2.96256E-031  1.20147E-031  1.00000E-040  1.00000E-040  2.10883E-034  7.44006E-029  9.12536E-018  1.01486E-020  2.03874E-022  4.91450E-039  3.38162E-024  1.18829E-013  6.19542E-012  1.15569E-003  9.97843E-001  1.52260E-014  1.83782E-023  5.64842E-021  9.66892E-019  6.86645E-027  5.97789E-023  6.14852E-022  9.42368E-013  2.91528E-019  2.32577E-016  4.22372E-017  1.12282E-013  1.98554E-024  3.05324E-013  1.55456E-019  3.74516E-026  6.37274E-025  1.78063E-013  8.90916E-032  1.49103E-029  1.00000E-040  1.00000E-040  1.00000E-040  1.00000E-040  1.00000E-040  1.00000E-040  1.36885E-023  4.75504E-019  4.05802E-020  5.82957E-028  3.21669E-031  1.00000E-040  1.19287E-031  3.11386E-038  1.00000E-040  4.50166E-027  2.67549E-028  6.52912E-031  3.27073E-016  6.28481E-023  7.97743E-020  2.54865E-023  8.09913E-029  1.79877E-023  4.02823E-025  9.58473E-021  5.83209E-021  5.37900E-031  1.42530E-012  2.64982E-039  9.25302E-031  4.11294E-022  1.33529E-015  1.00000E-040  4.76553E-032  8.95833E-037  1.51283E-013  1.00000E-040  2.22060E-014  1.00000E-040  5.29943E-035  7.92426E-024  2.51634E-010  3.26881E-028  3.46460E-020  6.59562E-028  1.00000E-003  1.00000E-005  1.00000E-005  1.00000E-005  1.00000E-005  1.00000E-005  1.00000E-005  1.00000E-005  1.00000E-005  1.00000E-005  1.00000E-005  1.00000E-005  1.00000E-005  1.00000E-005  1.00000E-005  1.00000E-005  
8.55000E+001  3.51112E-007  1.07116E+013  2.37415E+002  4.06996E+005  1.00000E-040  1.00000E-040  1.00000E-040  1.00000E-040  1.00000E-040  1.00000E-040  1.00000E-040  1.00000E-040  1.00000E-040  1.00000E-040  1.00000E-040  1.00000E-040  1.00000E-040  1.00000E-040  3.23146E-029  1.00000E-040  2.79173E-040  1.49379E-006  2.95307E-006  5.76445E-013  5.83853E-014  7.80745E-004  7.28949E-006  1.79455E-004  5.64430E-005  1.79116E-015  2.15819E-016  5.01188E-009  9.36206E-013  7.30661E-016  6.92397E-021  3.67590E-015  1.36384E-017  1.00000E-040  5.48270E-032  1.00000E-040  1.00000E-040  1.47242E-034  8.00826E-029  7.17878E-018  5.71987E-021  2.01712E-022  3.99988E-039  2.66601E-024  1.78311E-013  7.32799E-012  1.31419E-003  9.97657E-001  1.77353E-014  2.66647E-023  9.39836E-021  2.00758E-018  9.32321E-027  5.89639E-023  6.44296E-022  1.15720E-012  3.04097E-019  1.69472E-016  1.17630E-016  9.64000E-014  1.20680E-024  1.77677E-013  1.82926E-019  3.55451E-026  3.95255E-025  1.53700E-013  7.91295E-032  7.73828E-030  1.00000E-040  1.00000E-040  1.00000E-040  1.00000E-040  1.00000E-040  1.00000E-040  9.79959E-024  3.57489E-019  4.57571E-020  5.21657E-028  1.92744E-031  1.00000E-040  1.24097E-031  1.80424E-038  1.00000E-040  6.65654E-027  3.65996E-028  6.83929E-031  3.70506E-016  6.10504E-023  9.15513E-020  4.01812E-023  6.39359E-029  1.53953E-023  3.34078E-025  9.37224E-021  8.11926E-021  5.39048E-031  1.23997E-012  1.82813E-039  9.62124E-031  5.06060E-022  1.20489E-015  1.00000E-040  2.48539E-032  3.96054E-037  1.66757E-013  1.00000E-040  2.00731E-014  1.00000E-040  4.33708E-035  5.39602E-024  3.13023E-010  4.87206E-028  2.63215E-020  8.21821E-028  1.00000E-003  1.00000E-005  1.00000E-005  1.00000E-005  1.00000E-005  1.00000E-005  1.00000E-005  1.00000E-005  1.00000E-005  1.00000E-005  1.00000E-005  1.00000E-005  1.00000E-005  1.00000E-005  1.00000E-005  1.00000E-005  
8.65000E+001  3.07271E-007  9.02856E+012  2.46502E+002  4.06996E+005  1.00000E-040  1.00000E-040  1.00000E-040  1.00000E-040  1.00000E-040  1.00000E-040  1.00000E-040  1.00000E-040  1.00000E-040  1.00000E-040  1.00000E-040  1.00000E-040  1.00000E-040  1.00000E-040  2.80530E-029  1.00000E-040  3.04510E-040  1.63621E-006  2.96229E-006  5.47858E-013  6.89439E-014  8.13833E-004  6.06031E-006  1.81017E-004  5.22924E-005  2.48512E-015  2.05780E-016  7.33999E-009  1.40136E-012  1.00310E-015  5.95747E-021  2.92693E-015  1.47401E-017  1.11805E-030  5.54325E-032  5.37978E-031  1.00000E-040  1.01647E-034  8.78781E-029  5.48639E-018  3.14889E-021  1.91224E-022  3.14058E-039  2.04734E-024  2.68954E-013  7.97903E-012  1.48624E-003  9.97456E-001  2.05234E-014  4.24424E-023  1.67574E-020  4.22237E-018  1.66639E-026  5.69639E-023  6.80292E-022  1.54378E-012  3.43040E-019  1.21535E-016  3.54807E-016  8.45936E-014  1.05963E-024  1.00434E-013  2.31581E-019  3.58233E-026  2.48355E-025  1.30073E-013  9.08475E-032  4.09912E-030  1.00000E-040  1.00000E-040  1.00000E-040  1.00000E-040  1.00000E-040  1.00000E-040  7.10212E-024  2.73157E-019  5.28951E-020  5.19654E-028  1.11867E-031  1.00000E-040  1.31919E-031  9.36697E-039  1.00000E-040  8.72712E-027  5.12325E-028  7.85827E-031  4.16390E-016  6.35656E-023  1.03802E-019  6.88659E-023  4.99046E-029  1.34165E-023  2.82640E-025  9.33485E-021  1.10774E-020  5.43215E-031  1.05191E-012  1.29186E-039  1.14015E-030  6.48652E-022  1.07736E-015  1.00000E-040  1.26971E-032  1.83929E-037  1.84615E-013  1.00000E-040  1.79158E-014  1.00000E-040  3.35669E-035  3.84046E-024  3.87259E-010  7.39454E-028  2.02239E-020  1.01226E-027  1.00000E-003  1.00000E-005  1.00000E-005  1.00000E-005  1.00000E-005  1.00000E-005  1.00000E-005  1.00000E-005  1.00000E-005  1.00000E-005  1.00000E-005  1.00000E-005  1.00000E-005  1.00000E-005  1.00000E-005  1.00000E-005  
8.75000E+001  2.70488E-007  7.53643E+012  2.59956E+002  4.06996E+005  1.00000E-040  1.00000E-040  1.00000E-040  1.00000E-040  1.00000E-040  1.00000E-040  1.00000E-040  1.00000E-040  1.00000E-040  1.00000E-040  1.00000E-040  1.00000E-040  1.00000E-040  1.00000E-040  2.44076E-029  1.00000E-040  3.32122E-040  1.79056E-006  2.96601E-006  5.68973E-013  9.97924E-014  8.48295E-004  4.97925E-006  1.82307E-004  4.85238E-005  3.12832E-015  1.50363E-016  1.11093E-008  2.16209E-012  1.02955E-015  5.21774E-021  2.36665E-015  1.56370E-017  1.00000E-040  1.00000E-040  1.00000E-040  1.00000E-040  6.57822E-035  9.35445E-029  4.06459E-018  1.68185E-021  1.73842E-022  2.07977E-039  1.51085E-024  4.17679E-013  7.78061E-012  1.67110E-003  9.97240E-001  2.37411E-014  8.34970E-023  3.09824E-020  9.46116E-018  5.32566E-026  5.33519E-023  7.29844E-022  2.47234E-012  4.24166E-019  8.40843E-017  1.08160E-015  7.60491E-014  1.43880E-024  5.31791E-014  3.44831E-019  4.10652E-026  1.58475E-025  1.07535E-013  1.36163E-031  2.22378E-030  1.00000E-040  1.00000E-040  1.00000E-040  1.00000E-040  1.00000E-040  1.00000E-040  5.19674E-024  2.12412E-019  6.46177E-020  5.64544E-028  6.19374E-032  1.00000E-040  1.42349E-031  3.78101E-039  1.00000E-040  8.61061E-027  5.69184E-028  1.09002E-030  4.71238E-016  7.50441E-023  1.16308E-019  1.43639E-022  3.57485E-029  1.20114E-023  2.46751E-025  9.62776E-021  1.48289E-020  5.47889E-031  8.63429E-013  9.59379E-040  1.56381E-030  9.18081E-022  9.54408E-016  1.70668E-037  6.13875E-033  9.55434E-038  2.07530E-013  1.00000E-040  1.57623E-014  1.00000E-040  2.28252E-035  2.87888E-024  4.80539E-010  8.97493E-028  1.57163E-020  1.23287E-027  1.00000E-003  1.00000E-005  1.00000E-005  1.00000E-005  1.00000E-005  1.00000E-005  1.00000E-005  1.00000E-005  1.00000E-005  1.00000E-005  1.00000E-005  1.00000E-005  1.00000E-005  1.00000E-005  1.00000E-005  1.00000E-005  
8.85000E+001  2.39669E-007  6.34963E+012  2.73389E+002  4.06996E+005  1.00000E-040  1.00000E-040  1.00000E-040  1.00000E-040  1.00000E-040  1.00000E-040  1.00000E-040  1.00000E-040  1.00000E-040  1.00000E-040  1.00000E-040  1.00000E-040  1.00000E-040  1.00000E-040  2.11104E-029  1.00000E-040  3.61790E-040  1.95550E-006  2.96244E-006  6.37998E-013  1.57389E-013  8.83809E-004  4.02485E-006  1.83358E-004  4.51313E-005  3.90176E-015  8.37013E-017  1.80914E-008  3.55095E-012  7.80767E-016  4.63917E-021  1.94107E-015  1.63113E-017  1.00000E-040  1.00000E-040  1.00000E-040  1.00000E-040  4.31106E-035  1.00914E-028  2.93216E-018  8.86793E-022  1.68173E-022  1.24904E-039  1.08074E-024  6.89835E-013  6.84991E-012  1.86737E-003  9.97011E-001  2.70922E-014  1.51714E-022  5.62633E-020  2.42980E-017  2.46580E-025  5.19649E-023  8.48545E-022  3.76473E-012  5.58954E-019  5.78071E-017  3.06176E-015  7.00496E-014  2.47028E-024  2.82638E-014  4.73259E-019  4.39975E-026  1.02910E-025  8.65647E-014  2.34524E-031  1.23906E-030  1.00000E-040  1.00000E-040  7.27766E-037  1.00000E-040  1.00000E-040  1.00000E-040  3.82152E-024  1.68268E-019  7.67314E-020  6.06364E-028  3.27463E-032  1.00000E-040  1.53759E-031  1.54030E-039  1.00000E-040  6.34541E-027  5.36006E-028  1.43935E-030  5.61505E-016  8.94721E-023  1.40629E-019  2.72759E-022  2.56460E-029  1.08563E-023  2.16296E-025  9.93549E-021  1.94893E-020  5.50227E-031  6.77393E-013  8.45516E-040  2.06995E-030  1.23342E-021  8.38148E-016  2.02723E-037  3.02051E-033  5.44079E-038  2.30652E-013  1.00000E-040  1.36453E-014  1.00000E-040  1.53966E-035  2.18400E-024  5.88297E-010  9.26042E-028  1.23454E-020  1.48138E-027  1.00000E-003  1.00000E-005  1.00000E-005  1.00000E-005  1.00000E-005  1.00000E-005  1.00000E-005  1.00000E-005  1.00000E-005  1.00000E-005  1.00000E-005  1.00000E-005  1.00000E-005  1.00000E-005  1.00000E-005  1.00000E-005  
8.95000E+001  2.13770E-007  5.32177E+012  2.90942E+002  4.06996E+005  1.00000E-040  1.00000E-040  1.00000E-040  1.00000E-040  1.00000E-040  1.00000E-040  1.00000E-040  1.00000E-040  1.00000E-040  1.00000E-040  1.00000E-040  1.00000E-040  1.00000E-040  1.00000E-040  1.87170E-029  1.00000E-040  3.93316E-040  2.12992E-006  2.95057E-006  7.55829E-013  3.00313E-013  9.20102E-004  3.18248E-006  1.84196E-004  4.20945E-005  5.54837E-015  3.34005E-017  3.37271E-008  6.26985E-012  4.02891E-016  4.23091E-021  1.61294E-015  1.67996E-017  3.90968E-031  1.42816E-032  1.24734E-031  1.00000E-040  3.05028E-035  1.21362E-028  2.04524E-018  4.61903E-022  1.75449E-022  6.03527E-040  7.35022E-025  1.22381E-012  5.59260E-012  2.07362E-003  9.96772E-001  3.10961E-014  3.16426E-022  9.99584E-020  7.67904E-017  1.75210E-024  4.80858E-023  1.02882E-021  6.37868E-012  7.86195E-019  3.84525E-017  8.15721E-015  6.60336E-014  4.49727E-024  1.41675E-014  7.01209E-019  4.97476E-026  6.81144E-026  6.74410E-014  4.32696E-031  7.11185E-031  1.00000E-040  1.00000E-040  4.87054E-036  1.00000E-040  1.00000E-040  1.00000E-040  2.80445E-024  1.35965E-019  9.43023E-020  7.01895E-028  1.62415E-032  1.00000E-040  1.65150E-031  5.07405E-040  1.00000E-040  3.36973E-027  5.54222E-028  2.12115E-030  6.99988E-016  1.03471E-022  1.77502E-019  5.75863E-022  1.97505E-029  1.00664E-023  1.94587E-025  1.05990E-020  2.51746E-020  5.41265E-031  4.96286E-013  7.93556E-040  3.05071E-030  1.74726E-021  7.29838E-016  2.86196E-037  1.42775E-033  3.54541E-038  2.58834E-013  1.00000E-040  1.15887E-014  1.00000E-040  9.21902E-036  1.56845E-024  7.26938E-010  1.05198E-027  9.79062E-021  1.70147E-027  1.00000E-003  1.00000E-005  1.00000E-005  1.00000E-005  1.00000E-005  1.00000E-005  1.00000E-005  1.00000E-005  1.00000E-005  1.00000E-005  1.00000E-005  1.00000E-005  1.00000E-005  1.00000E-005  1.00000E-005  1.00000E-005  
9.05000E+001  1.92261E-007  4.36285E+012  3.19182E+002  4.06996E+005  1.00000E-040  1.00000E-040  1.00000E-040  1.00000E-040  1.00000E-040  1.00000E-040  1.00000E-040  1.00000E-040  1.00000E-040  1.00000E-040  1.00000E-040  1.00000E-040  1.00000E-040  1.00000E-040  1.73338E-029  1.00000E-040  4.25994E-040  2.30928E-006  2.92758E-006  9.23460E-013  8.18244E-013  9.56446E-004  2.44912E-006  1.84839E-004  3.94099E-005  5.85083E-015  8.31740E-018  6.86071E-008  7.09988E-012  8.83124E-017  3.97181E-021  1.35565E-015  1.71288E-017  4.98322E-033  4.10416E-035  2.41973E-034  1.00000E-040  2.71063E-035  1.18103E-028  1.37251E-018  2.39931E-022  1.79479E-022  2.05547E-040  4.36937E-025  1.39160E-012  4.41636E-012  2.28661E-003  9.96525E-001  3.73048E-014  9.25368E-022  1.70230E-019  1.69981E-016  1.23286E-023  2.95260E-023  7.78564E-022  1.43944E-011  1.20375E-018  2.34139E-017  1.97457E-014  6.35255E-014  8.10459E-024  6.21439E-015  1.31222E-018  6.62832E-026  4.60740E-026  5.05003E-014  7.96944E-031  4.22548E-031  1.00000E-040  1.00000E-040  1.00000E-040  1.00000E-040  1.00000E-040  1.00000E-040  2.03439E-024  1.12222E-019  1.25662E-019  9.42551E-028  7.34183E-033  1.00000E-040  1.75189E-031  1.00000E-040  1.00000E-040  1.16953E-027  4.40533E-028  4.09981E-030  5.37344E-016  1.00270E-022  1.32339E-019  1.54811E-021  1.12323E-029  9.75811E-024  1.85245E-025  1.19880E-020  3.19788E-020  4.99643E-031  3.24182E-013  5.85781E-040  5.69420E-030  2.89468E-021  6.31072E-016  3.08101E-037  5.99229E-034  2.91155E-038  3.00416E-013  1.00000E-040  9.62276E-015  1.00000E-040  4.17222E-036  9.89767E-025  9.46173E-010  1.04161E-027  7.82760E-021  1.76074E-027  1.00000E-003  1.00000E-005  1.00000E-005  1.00000E-005  1.00000E-005  1.00000E-005  1.00000E-005  1.00000E-005  1.00000E-005  1.00000E-005  1.00000E-005  1.00000E-005  1.00000E-005  1.00000E-005  1.00000E-005  1.00000E-005  
9.15000E+001  1.74505E-007  3.63871E+012  3.47358E+002  4.06996E+005  1.00000E-040  1.00000E-040  1.00000E-040  1.00000E-040  1.00000E-040  1.00000E-040  1.00000E-040  1.00000E-040  1.00000E-040  1.00000E-040  1.00000E-040  1.00000E-040  1.00000E-040  1.00000E-040  1.61466E-029  1.00000E-040  4.59092E-040  2.48895E-006  2.89205E-006  1.13973E-012  2.02274E-012  9.92077E-004  1.83074E-006  1.85308E-004  3.70671E-005  2.66263E-015  2.26689E-018  1.29241E-007  3.27877E-012  2.31509E-017  3.82584E-021  1.14958E-015  1.73136E-017  1.95706E-030  5.41244E-032  4.74987E-031  1.00000E-040  4.44737E-035  6.29162E-029  8.95197E-019  1.28228E-022  1.71798E-022  1.00000E-040  2.17438E-025  6.45515E-013  3.51952E-012  2.50251E-003  9.96276E-001  4.79580E-014  2.20984E-021  2.63487E-019  1.42602E-016  2.71732E-023  1.09345E-023  2.68957E-022  2.71982E-011  2.00188E-018  1.35092E-017  3.66755E-014  6.19604E-014  1.41508E-023  2.75110E-015  2.02346E-018  7.50165E-026  3.19204E-026  3.63076E-014  1.33608E-030  2.60671E-031  1.00000E-040  1.00000E-040  2.12937E-036  1.00000E-040  1.00000E-040  1.00000E-040  1.44574E-024  9.46521E-020  1.57645E-019  1.15727E-027  3.08073E-033  1.00000E-040  1.81811E-031  1.00000E-040  1.00000E-040  4.05840E-028  1.68606E-028  6.70218E-030  1.67728E-016  9.59219E-023  4.16522E-020  3.13676E-021  3.35156E-030  9.52127E-024  1.77811E-025  1.35562E-020  3.99537E-020  4.31896E-031  1.73705E-013  9.62565E-040  9.23172E-030  4.30898E-021  5.43827E-016  1.45232E-037  2.62393E-034  2.33598E-038  3.42464E-013  1.00000E-040  7.78607E-015  1.00000E-040  1.94126E-036  6.00877E-025  1.32103E-009  8.40032E-028  6.29363E-021  1.64295E-027  1.00000E-003  1.00000E-005  1.00000E-005  1.00000E-005  1.00000E-005  1.00000E-005  1.00000E-005  1.00000E-005  1.00000E-005  1.00000E-005  1.00000E-005  1.00000E-005  1.00000E-005  1.00000E-005  1.00000E-005  1.00000E-005  
9.25000E+001  1.59647E-007  3.05934E+012  3.77964E+002  4.06996E+005  1.00000E-040  1.00000E-040  1.00000E-040  1.00000E-040  1.00000E-040  1.00000E-040  1.00000E-040  1.00000E-040  1.00000E-040  1.00000E-040  1.00000E-040  1.00000E-040  1.00000E-040  1.00000E-040  1.52326E-029  1.00000E-040  4.92411E-040  2.66737E-006  2.84555E-006  1.40412E-012  4.82551E-012  1.02681E-003  1.32646E-006  1.85633E-004  3.50221E-005  7.99213E-016  9.35260E-019  2.13804E-007  9.83400E-013  8.79163E-018  3.94278E-021  9.81160E-016  1.73878E-017  1.00000E-040  1.00000E-040  5.69926E-036  1.00000E-040  1.03985E-034  3.14982E-029  5.68669E-019  7.17256E-023  1.42981E-022  1.00000E-040  9.49135E-026  1.95347E-013  2.84915E-012  2.71962E-003  9.96026E-001  7.12935E-014  4.53911E-021  3.70603E-019  6.84405E-017  3.15224E-023  3.06859E-024  6.27526E-023  4.73049E-011  3.85858E-018  7.57136E-018  4.91098E-014  6.09274E-014  2.39025E-023  1.19970E-015  2.80607E-018  7.70119E-026  2.26351E-026  2.49691E-014  2.03727E-030  1.66819E-031  1.00000E-040  1.00000E-040  1.00000E-040  1.00000E-040  1.00000E-040  1.00000E-040  9.95337E-025  8.15523E-020  1.92001E-019  1.34182E-027  1.20773E-033  1.00000E-040  1.85292E-031  1.00000E-040  1.00000E-040  1.56957E-028  4.36350E-029  1.00599E-029  3.65205E-017  1.01250E-022  8.59815E-021  4.99536E-021  8.95718E-031  9.43338E-024  1.76638E-025  1.61864E-020  4.91418E-020  3.69723E-031  6.49098E-014  2.79061E-038  1.41357E-029  6.12480E-021  4.68329E-016  4.51231E-038  1.20439E-034  1.88491E-038  3.88815E-013  1.00000E-040  6.09761E-015  1.00000E-040  8.84026E-037  3.66799E-025  2.13718E-009  1.09165E-027  5.06913E-021  1.41365E-027  1.00000E-003  1.00000E-005  1.00000E-005  1.00000E-005  1.00000E-005  1.00000E-005  1.00000E-005  1.00000E-005  1.00000E-005  1.00000E-005  1.00000E-005  1.00000E-005  1.00000E-005  1.00000E-005  1.00000E-005  1.00000E-005  
9.35000E+001  1.47173E-007  2.56253E+012  4.15984E+002  4.06996E+005  1.00000E-040  1.00000E-040  1.00000E-040  1.00000E-040  1.00000E-040  1.00000E-040  1.00000E-040  1.00000E-040  1.00000E-040  1.00000E-040  1.00000E-040  1.00000E-040  1.00000E-040  1.00000E-040  1.45604E-029  1.00000E-040  5.25513E-040  2.84090E-006  2.78927E-006  1.71351E-012  1.22433E-011  1.06027E-003  9.29561E-007  1.85845E-004  3.32445E-005  1.91089E-016  5.79087E-019  3.16021E-007  2.25608E-013  3.48406E-018  4.52119E-021  8.41595E-016  1.73849E-017  1.00000E-040  1.00000E-040  1.00000E-040  1.00000E-040  2.47619E-034  2.23337E-029  3.51994E-019  4.25826E-023  1.02733E-022  1.00000E-040  3.77515E-026  4.75768E-014  2.34480E-012  2.93539E-003  9.95778E-001  1.24304E-013  8.44413E-021  4.73796E-019  2.25328E-017  2.59798E-023  7.81992E-025  1.14722E-023  8.45979E-011  8.67802E-018  4.04800E-018  4.47981E-014  6.01833E-014  3.90511E-023  4.93151E-016  3.83205E-018  7.61440E-026  1.64459E-026  1.63753E-014  2.83806E-030  1.10862E-031  1.00000E-040  1.00000E-040  1.00000E-040  1.00000E-040  1.00000E-040  1.00000E-040  6.56458E-025  7.17735E-020  2.33709E-019  1.52775E-027  4.41932E-034  1.00000E-040  1.86319E-031  1.00000E-040  1.00000E-040  6.74224E-029  8.93760E-030  1.51422E-029  1.11282E-017  1.10774E-022  1.32496E-021  6.40799E-021  2.97531E-031  9.60290E-024  1.91306E-025  2.14925E-020  5.94658E-020  3.19378E-031  1.22065E-014  1.24070E-036  2.85276E-029  8.84957E-021  4.04538E-016  1.10892E-038  5.72228E-035  1.42523E-038  4.47142E-013  1.00000E-040  4.57895E-015  1.00000E-040  3.59078E-037  2.25310E-025  4.06535E-009  2.00309E-027  4.07653E-021  1.15314E-027  1.00000E-003  1.00000E-005  1.00000E-005  1.00000E-005  1.00000E-005  1.00000E-005  1.00000E-005  1.00000E-005  1.00000E-005  1.00000E-005  1.00000E-005  1.00000E-005  1.00000E-005  1.00000E-005  1.00000E-005  1.00000E-005  
9.45000E+001  1.36658E-007  2.18066E+012  4.53903E+002  4.06996E+005  1.00000E-040  1.00000E-040  1.00000E-040  1.00000E-040  1.00000E-040  1.00000E-040  1.00000E-040  1.00000E-040  1.00000E-040  1.00000E-040  1.00000E-040  1.00000E-040  1.00000E-040  1.00000E-040  1.36991E-029  1.00000E-040  5.58037E-040  3.00515E-006  2.72569E-006  2.05894E-012  2.68466E-011  1.09220E-003  6.30909E-007  1.85972E-004  3.17039E-005  5.89999E-017  4.70500E-019  4.26695E-007  6.29318E-014  1.81052E-018  5.47135E-021  7.25420E-016  1.73311E-017  2.32798E-032  9.82627E-035  9.49532E-034  1.00000E-040  5.30083E-034  3.71484E-029  2.13035E-019  2.68538E-023  6.81619E-023  1.00000E-040  1.48742E-026  1.80887E-014  1.96252E-012  3.14753E-003  9.95536E-001  2.32855E-013  1.20048E-020  5.38204E-019  8.24014E-018  2.01448E-023  2.43797E-025  2.26483E-024  1.30877E-010  2.06329E-017  2.14680E-018  2.78863E-014  5.95571E-014  6.14188E-023  2.04274E-016  4.42973E-018  6.56888E-026  1.22657E-026  1.03103E-014  3.52377E-030  7.65615E-032  1.00000E-040  1.00000E-040  1.00000E-040  1.00000E-040  1.00000E-040  1.00000E-040  4.13472E-025  6.44833E-020  2.72183E-019  1.54542E-027  1.54626E-034  1.00000E-040  1.85182E-031  1.00000E-040  1.00000E-040  3.27001E-029  1.95558E-030  1.91037E-029  1.01986E-017  1.24775E-022  2.56590E-022  6.50725E-021  1.29689E-031  9.84673E-024  2.20558E-025  2.94961E-020  7.05522E-020  2.79940E-031  9.94675E-016  2.83433E-035  1.29304E-028  1.18223E-020  3.52213E-016  1.00000E-040  2.91124E-035  6.15410E-039  5.08875E-013  1.00000E-040  3.25473E-015  1.00000E-040  1.53987E-037  1.42030E-025  8.28735E-009  3.35561E-027  3.26679E-021  9.28313E-028  1.00000E-003  1.00000E-005  1.00000E-005  1.00000E-005  1.00000E-005  1.00000E-005  1.00000E-005  1.00000E-005  1.00000E-005  1.00000E-005  1.00000E-005  1.00000E-005  1.00000E-005  1.00000E-005  1.00000E-005  1.00000E-005  
9.55000E+001  1.27662E-007  1.88012E+012  4.91805E+002  4.06996E+005  1.00000E-040  1.00000E-040  1.00000E-040  1.00000E-040  1.00000E-040  1.00000E-040  1.00000E-040  1.00000E-040  1.00000E-040  1.00000E-040  1.00000E-040  1.00000E-040  1.00000E-040  1.00000E-040  1.25997E-029  1.00000E-040  5.90000E-040  3.15689E-006  2.65881E-006  2.42546E-012  5.26581E-011  1.12269E-003  4.16343E-007  1.86039E-004  3.03604E-005  2.42894E-017  4.38434E-019  5.37699E-007  2.05760E-014  1.18280E-018  6.87879E-021  6.29408E-016  1.72456E-017  2.42855E-030  4.26941E-032  3.83469E-031  1.00000E-040  1.01768E-033  1.33148E-028  1.26300E-019  1.78712E-023  4.24247E-023  1.00000E-040  6.21098E-027  1.33928E-014  1.67221E-012  3.35538E-003  9.95299E-001  4.38180E-013  1.47078E-020  5.41334E-019  3.30337E-018  1.51264E-023  1.08052E-025  5.14157E-025  1.84077E-010  4.82834E-017  1.12430E-018  1.54941E-014  5.90145E-014  9.25312E-023  8.56648E-017  4.50980E-018  5.11420E-026  9.40008E-027  6.28091E-015  3.96225E-030  5.49071E-032  1.00000E-040  1.00000E-040  1.00000E-040  1.00000E-040  1.00000E-040  1.00000E-040  2.48604E-025  5.90759E-020  3.06701E-019  1.40812E-027  5.26273E-035  1.00000E-040  1.82376E-031  1.00000E-040  1.00000E-040  1.79545E-029  4.88158E-031  2.08304E-029  1.46476E-017  1.47592E-022  5.99756E-023  6.29853E-021  6.14315E-032  1.01844E-023  2.70112E-025  4.13681E-020  8.16769E-020  2.49360E-031  3.61614E-017  3.91677E-034  8.56701E-028  1.49479E-020  3.10314E-016  1.00000E-040  1.55485E-035  1.53209E-039  5.76059E-013  1.00000E-040  2.13122E-015  1.42547E-038  6.94712E-038  9.30574E-026  1.69230E-008  5.01520E-027  2.60822E-021  7.53532E-028  1.00000E-003  1.00000E-005  1.00000E-005  1.00000E-005  1.00000E-005  1.00000E-005  1.00000E-005  1.00000E-005  1.00000E-005  1.00000E-005  1.00000E-005  1.00000E-005  1.00000E-005  1.00000E-005  1.00000E-005  1.00000E-005  
9.65000E+001  1.19873E-007  1.63836E+012  5.29945E+002  4.06996E+005  1.00000E-040  1.00000E-040  1.00000E-040  1.00000E-040  1.00000E-040  1.00000E-040  1.00000E-040  1.00000E-040  1.00000E-040  1.00000E-040  1.00000E-040  1.00000E-040  1.00000E-040  1.00000E-040  1.12073E-029  1.00000E-040  6.21418E-040  3.29167E-006  2.59310E-006  2.78618E-012  9.50383E-011  1.15185E-003  2.70186E-007  1.86067E-004  2.91824E-005  1.33734E-017  4.41024E-019  6.42427E-007  7.58035E-015  9.04377E-019  8.88037E-021  5.52152E-016  1.71420E-017  6.16931E-032  2.01227E-034  2.12036E-033  1.00000E-040  1.79041E-033  5.30059E-028  7.38527E-020  1.25127E-023  2.51881E-023  1.00000E-040  2.88063E-027  1.56098E-014  1.45499E-012  3.55825E-003  9.95068E-001  8.05073E-013  1.69431E-020  4.83205E-019  1.41762E-018  1.10903E-023  6.12840E-026  1.34789E-025  2.47227E-010  1.07569E-016  5.84957E-019  9.00198E-015  5.85913E-014  1.32609E-022  3.65233E-017  4.19776E-018  3.71304E-026  7.42026E-027  3.74783E-015  4.13918E-030  4.09295E-032  1.00000E-040  1.00000E-040  5.76119E-037  1.00000E-040  1.00000E-040  1.00000E-040  1.43416E-025  5.51322E-020  3.38218E-019  1.18211E-027  1.76628E-035  1.00000E-040  1.78395E-031  1.00000E-040  1.00000E-040  1.11351E-029  1.40061E-031  2.02164E-029  2.27040E-017  1.84074E-022  1.62212E-023  6.54568E-021  2.98454E-032  1.06378E-023  3.46547E-025  5.87999E-020  9.18069E-020  2.25861E-031  6.43965E-019  3.71711E-033  4.47145E-027  1.82153E-020  2.77690E-016  1.00000E-040  8.64808E-036  3.54380E-040  6.51615E-013  1.00000E-040  1.21579E-015  8.89347E-039  3.26086E-038  6.40061E-026  3.36176E-008  6.85635E-027  2.08409E-021  6.25087E-028  1.00000E-003  1.00000E-005  1.00000E-005  1.00000E-005  1.00000E-005  1.00000E-005  1.00000E-005  1.00000E-005  1.00000E-005  1.00000E-005  1.00000E-005  1.00000E-005  1.00000E-005  1.00000E-005  1.00000E-005  1.00000E-005  
9.75000E+001  1.13059E-007  1.44170E+012  5.68002E+002  4.06996E+005  1.00000E-040  1.00000E-040  1.00000E-040  1.00000E-040  1.00000E-040  1.00000E-040  1.00000E-040  1.00000E-040  1.00000E-040  1.00000E-040  1.00000E-040  1.00000E-040  1.00000E-040  1.00000E-040  9.43972E-030  1.00000E-040  6.52310E-040  3.40390E-006  2.53356E-006  3.09664E-012  1.59900E-010  1.17979E-003  1.77000E-007  1.86070E-004  2.81445E-005  9.30717E-018  4.66577E-019  7.35725E-007  3.09829E-015  7.56203E-019  1.16436E-020  4.93525E-016  1.70292E-017  1.00000E-040  1.00000E-040  1.00000E-040  1.00000E-040  2.95511E-033  1.83885E-027  4.34659E-020  9.26212E-024  1.46793E-023  1.00000E-040  1.50888E-027  2.10763E-014  1.29933E-012  3.75526E-003  9.94844E-001  1.54408E-012  1.98001E-020  3.89140E-019  6.48039E-019  8.02753E-024  3.85896E-026  4.08515E-026  3.29354E-010  2.44875E-016  3.09815E-019  5.72654E-015  5.83292E-014  1.79048E-022  1.61662E-017  3.70664E-018  2.60641E-026  6.05393E-027  2.24390E-015  4.12058E-030  3.17828E-032  1.00000E-040  1.00000E-040  4.70309E-036  1.00000E-040  1.00000E-040  1.00000E-040  8.08370E-026  5.23555E-020  3.67040E-019  9.13056E-028  5.93017E-036  1.00000E-040  1.73625E-031  1.00000E-040  1.00000E-040  7.76202E-030  4.63556E-032  1.79731E-029  3.47311E-017  2.37530E-022  5.07378E-024  7.61380E-021  1.48802E-032  1.12156E-023  4.55131E-025  8.40035E-020  9.99290E-020  2.08025E-031  6.24971E-021  2.57426E-032  1.66420E-026  2.15916E-020  2.53207E-016  1.00000E-040  5.07769E-036  1.00000E-040  7.38514E-013  1.00000E-040  5.43348E-016  4.50683E-039  1.59122E-038  4.67107E-026  6.91445E-008  8.77296E-027  1.68637E-021  5.34853E-028  1.00000E-003  1.00000E-005  1.00000E-005  1.00000E-005  1.00000E-005  1.00000E-005  1.00000E-005  1.00000E-005  1.00000E-005  1.00000E-005  1.00000E-005  1.00000E-005  1.00000E-005  1.00000E-005  1.00000E-005  1.00000E-005  
9.85000E+001  1.07039E-007  1.28125E+012  6.05097E+002  4.06996E+005  1.00000E-040  1.00000E-040  1.00000E-040  1.00000E-040  1.00000E-040  1.00000E-040  1.00000E-040  1.00000E-040  1.00000E-040  1.00000E-040  1.00000E-040  1.00000E-040  1.00000E-040  1.00000E-040  7.18621E-030  1.00000E-040  6.82726E-040  3.48708E-006  2.48581E-006  3.29077E-012  2.52083E-010  1.20662E-003  1.23267E-007  1.86058E-004  2.72259E-005  7.44397E-018  5.12596E-019  8.13344E-007  1.40458E-015  6.61344E-019  1.54233E-020  4.54368E-016  1.69131E-017  1.51420E-031  8.33343E-034  8.54455E-033  1.00000E-040  4.61768E-033  5.36892E-027  2.70775E-020  7.34173E-024  8.88726E-024  1.00000E-040  8.93285E-028  3.05480E-014  1.19864E-012  3.94530E-003  9.94628E-001  5.18886E-012  2.28491E-020  3.00858E-019  3.17721E-019  5.82722E-024  2.57002E-026  1.45598E-026  4.56034E-010  9.57228E-016  1.75941E-019  4.06625E-015  5.82401E-014  2.24486E-022  7.82035E-018  3.29364E-018  1.87937E-026  5.12339E-027  1.42073E-015  3.99576E-030  2.57790E-032  1.00000E-040  1.00000E-040  7.34050E-037  1.00000E-040  1.00000E-040  1.00000E-040  4.70356E-026  5.05317E-020  3.91505E-019  8.18077E-028  2.06755E-036  1.00000E-040  1.68334E-031  1.00000E-040  1.00000E-040  6.05753E-030  1.80370E-032  1.55109E-029  5.15372E-017  3.07950E-022  1.96575E-024  9.28803E-021  7.95678E-033  1.19148E-023  5.97424E-025  1.21560E-019  1.05431E-019  1.94759E-031  3.67877E-023  1.33419E-031  4.59699E-026  2.49886E-020  2.35812E-016  1.00000E-040  3.30475E-036  1.00000E-040  8.41875E-013  1.00000E-040  1.63673E-016  4.93386E-038  8.13933E-039  3.67453E-026  2.44718E-007  1.07739E-026  1.41180E-021  4.74917E-028  1.00000E-003  1.00000E-005  1.00000E-005  1.00000E-005  1.00000E-005  1.00000E-005  1.00000E-005  1.00000E-005  1.00000E-005  1.00000E-005  1.00000E-005  1.00000E-005  1.00000E-005  1.00000E-005  1.00000E-005  1.00000E-005  
9.95000E+001  1.01651E-007  1.15803E+012  6.35780E+002  4.06996E+005  1.00000E-040  1.00000E-040  1.00000E-040  1.00000E-040  1.00000E-040  1.00000E-040  1.00000E-040  1.00000E-040  1.00000E-040  1.00000E-040  1.00000E-040  1.00000E-040  1.00000E-040  1.00000E-040  4.23279E-030  1.00000E-040  7.12853E-040  3.53395E-006  2.45634E-006  3.30215E-012  3.57702E-010  1.23257E-003  9.89041E-008  1.86040E-004  2.64088E-005  6.42081E-018  5.72909E-019  8.71103E-007  7.73918E-016  5.97207E-019  2.03417E-020  4.36604E-016  1.67962E-017  5.92526E-030  6.86498E-032  6.34596E-031  1.00000E-040  6.43272E-033  1.20069E-026  1.97737E-020  6.32088E-024  6.27594E-024  1.00000E-040  6.23449E-028  5.67589E-014  1.14976E-012  4.12386E-003  9.94422E-001  4.21111E-011  6.76449E-020  2.52997E-019  1.83924E-019  4.52013E-024  1.91810E-026  6.84346E-027  7.64108E-010  7.44049E-015  1.18226E-019  3.30961E-015  5.82133E-014  2.54889E-022  4.69698E-018  3.20638E-018  1.53644E-026  4.50905E-027  1.05257E-015  3.82323E-030  2.18798E-032  1.00000E-040  1.00000E-040  1.28402E-037  1.00000E-040  1.00000E-040  1.00000E-040  3.25236E-026  4.95025E-020  4.04580E-019  8.03744E-028  9.12686E-037  1.00000E-040  1.62664E-031  1.00000E-040  1.00000E-040  5.28274E-030  9.19452E-033  1.43815E-029  7.06606E-017  3.80439E-022  1.14521E-024  1.58628E-020  5.10148E-033  1.26755E-023  7.54900E-025  1.91514E-019  1.08095E-019  1.85213E-031  1.55094E-025  4.44785E-031  9.15784E-026  2.76695E-020  2.24533E-016  1.00000E-040  2.62753E-036  1.00000E-040  1.03599E-012  1.00000E-040  3.64593E-017  6.06345E-038  4.72304E-039  3.18707E-026  2.14161E-006  1.26230E-026  1.26025E-021  4.38849E-028  1.00000E-003  1.00000E-005  1.00000E-005  1.00000E-005  1.00000E-005  1.00000E-005  1.00000E-005  1.00000E-005  1.00000E-005  1.00000E-005  1.00000E-005  1.00000E-005  1.00000E-005  1.00000E-005  1.00000E-005  1.00000E-005  
