alt           press         den           temp          eddy          H2Oaer        CO2aer        S8aer         H2SO4aer      NH3aer        N2Oaer        C2H2aer       C2H4aer       C2H6aer       CH3CNaer      HCCCNaer      HCNaer        CH4aer        HCaer1        HCaer2        HCaer3        He            H             H2            H2O           OH            O             O2            CO            CO2           HCO           H2CO          C             CH            CH2           CH3           CH4           S             S2            S3            S4            S8            H2S           HS            SO            SO2           CS            CS2           OCS           CN            HCN           N             N2            NH            NH2           NH3           C2            C2H           C2H2          C2H4          NO            HNO           HO2           HNCO          N2O           H2O2          O3            NO2           NO3           SO3           HNO2          HNO3          H2SO4         HCl           Cl            Cl2           HOCl          N2H4          ClO           C2H6          CH3OH         CH2CO         CH3CHO        C3H4          C3H6          C4H2          C4H4          OClO          HCS           C2H3          C2H5          NCO           1CH2          HCCO          NNH           HSO           CH3O          H2COH         H2CN          N2H2          C4H           HCNOH         C2H2OH        CH3CO         CH2CHO        C2H3OH        C2H4OH        CH3O2         HSO3          O1D           N2H3          NH2CO         HS4           C4H3          CH2N2         N2D           CH2CN         CH3CN         HCCCN         H2Oaer_r      CO2aer_r      S8aer_r       H2SO4aer_r    NH3aer_r      N2Oaer_r      C2H2aer_r     C2H4aer_r     C2H6aer_r     CH3CNaer_r    HCCCNaer_r    HCNaer_r      CH4aer_r      HCaer1_r      HCaer2_r      HCaer3_r      
5.00000E-001  1.00969E+000  2.54487E+019  2.87368E+002  1.00000E+005  6.86650E-004  1.00000E-040  1.00000E-040  1.96945E-032  1.00000E-040  1.00000E-040  1.00000E-040  1.00000E-040  1.00000E-040  1.00000E-040  1.00000E-040  1.00000E-040  1.00000E-040  1.00000E-040  1.68243E-022  1.00000E-040  1.00000E-040  1.49378E-020  4.95202E-007  6.44319E-003  5.56661E-014  6.41513E-016  2.10956E-002  3.65261E-008  2.81275E-004  1.97875E-021  2.32771E-010  1.00000E-040  1.00000E-040  3.65481E-031  4.55331E-019  8.00247E-007  1.67562E-027  4.68566E-025  5.12750E-038  4.68278E-037  1.00000E-040  6.83509E-012  1.70983E-017  8.90300E-018  3.17660E-011  1.00000E-040  1.00000E-040  3.33766E-010  1.34728E-033  4.95771E-011  2.27495E-029  9.72178E-001  1.31874E-022  4.64547E-014  5.44012E-010  1.00000E-040  1.00000E-040  7.42740E-028  2.06370E-023  1.53113E-012  4.94124E-015  1.52212E-011  1.17454E-014  2.70380E-007  1.77916E-009  2.88792E-008  1.17623E-011  1.26799E-013  3.88394E-019  2.05015E-012  1.75776E-011  2.87628E-011  3.91750E-031  3.73780E-036  6.48506E-036  4.18177E-031  3.03105E-013  3.89845E-024  8.43571E-022  1.14383E-016  2.40440E-024  6.52066E-024  1.04820E-039  3.47717E-036  2.75041E-031  1.91451E-038  6.48196E-030  1.00000E-040  1.23220E-037  2.34071E-024  1.68233E-016  9.04897E-034  1.81824E-036  7.03121E-023  1.77877E-016  1.28553E-017  3.36972E-015  7.21251E-024  7.03998E-011  1.00000E-040  4.63055E-019  1.00000E-040  1.34215E-024  9.03602E-029  4.81088E-020  4.87325E-024  3.92726E-011  2.44457E-022  2.30756E-022  1.64712E-013  2.02855E-014  1.00000E-040  6.84554E-038  3.17871E-022  1.00000E-040  1.80879E-021  3.56745E-011  1.00000E-040  1.00000E-003  1.00000E-005  1.00000E-005  1.00000E-005  1.00000E-005  1.00000E-005  1.00000E-005  1.00000E-005  1.00000E-005  1.00000E-005  1.00000E-005  1.00000E-005  1.00000E-005  1.00000E-005  1.00000E-005  1.00000E-005  
1.50000E+000  8.97174E-001  2.31285E+019  2.80961E+002  1.00000E+005  8.98424E-004  1.00000E-040  1.00000E-040  2.30584E-029  1.00000E-040  1.00000E-040  1.00000E-040  1.00000E-040  1.00000E-040  1.00000E-040  1.00000E-040  1.00000E-040  1.00000E-040  1.00000E-040  9.55575E-023  1.00000E-040  1.00000E-040  1.36906E-020  4.95960E-007  4.90918E-003  5.54231E-014  7.38056E-016  2.11282E-002  3.52355E-008  2.81712E-004  1.10157E-021  1.18764E-010  1.00000E-040  1.00000E-040  3.01743E-031  3.96582E-019  7.99157E-007  1.69473E-027  4.74801E-025  1.00000E-040  6.75501E-040  1.00000E-040  3.38159E-012  8.89743E-018  5.92658E-018  6.61121E-011  1.00000E-040  1.00000E-040  3.33640E-010  7.98500E-034  4.94705E-011  4.07486E-029  9.73679E-001  1.86482E-022  1.10132E-013  5.08469E-010  1.00000E-040  1.00000E-040  7.07391E-028  2.00706E-023  5.09419E-014  7.89041E-015  1.34279E-011  1.00685E-014  2.70686E-007  1.63641E-009  2.83795E-008  1.71463E-012  4.43720E-014  2.60886E-019  9.53699E-013  2.11907E-011  3.22838E-011  2.28484E-031  3.99640E-036  3.71933E-037  3.25013E-031  7.83505E-013  3.90447E-024  8.39502E-022  1.04807E-016  2.73257E-024  5.81385E-024  1.04949E-039  3.12273E-036  2.75466E-031  1.48476E-038  6.07231E-030  1.00000E-040  1.12182E-037  1.42225E-024  1.08961E-015  6.97795E-034  2.06936E-036  8.86181E-023  1.28208E-016  6.78265E-018  4.00010E-015  4.64361E-024  7.17637E-011  1.00000E-040  7.38728E-019  1.00000E-040  1.54175E-024  7.91967E-029  4.81831E-020  4.63281E-024  5.04721E-010  5.25418E-022  2.90965E-022  3.53985E-013  2.04739E-014  1.00000E-040  6.93268E-038  2.13928E-022  1.00000E-040  1.62606E-021  3.53624E-011  1.00000E-040  1.00000E-003  1.00000E-005  1.00000E-005  1.00000E-005  1.00000E-005  1.00000E-005  1.00000E-005  1.00000E-005  1.00000E-005  1.00000E-005  1.00000E-005  1.00000E-005  1.00000E-005  1.00000E-005  1.00000E-005  1.00000E-005  
2.50000E+000  7.95724E-001  2.08725E+019  2.76124E+002  1.00000E+005  6.01778E-004  1.00000E-040  1.00000E-040  2.42640E-026  1.00000E-040  1.00000E-040  1.00000E-040  1.00000E-040  1.00000E-040  1.00000E-040  1.00000E-040  1.00000E-040  1.00000E-040  1.00000E-040  9.93407E-023  1.00000E-040  1.00000E-040  1.50175E-020  4.96413E-007  3.90385E-003  6.49183E-014  8.88074E-016  2.11495E-002  3.37753E-008  2.82000E-004  6.04833E-022  5.46274E-011  1.00000E-040  1.00000E-040  3.67225E-031  4.30513E-019  7.97983E-007  2.82338E-027  4.88129E-025  1.00000E-040  5.86161E-040  1.00000E-040  1.65339E-012  5.32008E-018  4.37441E-018  4.75582E-011  1.00000E-040  1.00000E-040  3.33342E-010  6.20489E-034  4.93645E-011  7.55517E-029  9.74663E-001  2.43086E-022  1.29009E-013  4.77462E-010  1.00000E-040  1.00000E-040  6.51695E-028  1.86296E-023  7.51004E-015  1.03783E-014  1.20622E-011  9.61740E-015  2.70835E-007  1.48405E-009  2.83507E-008  3.92967E-013  1.67284E-014  1.88859E-019  4.27041E-013  1.97484E-011  3.37363E-011  1.63766E-031  4.19512E-036  4.08281E-039  2.84159E-031  9.48574E-013  3.90841E-024  8.34686E-022  9.45190E-017  3.37701E-024  5.26410E-024  1.05008E-039  2.65841E-036  2.75744E-031  1.02620E-038  5.85590E-030  1.00000E-040  1.16393E-037  1.28666E-024  4.53148E-015  8.04885E-034  2.36135E-036  1.25357E-022  1.00713E-016  3.58163E-018  4.39473E-015  3.57473E-024  7.30249E-011  1.00000E-040  1.21978E-018  1.00000E-040  1.99472E-024  6.85283E-029  4.82318E-020  4.35614E-024  9.71617E-010  4.54138E-022  3.65343E-022  4.45070E-013  2.06201E-014  1.00000E-040  6.94649E-038  1.95142E-022  1.00000E-040  1.38700E-021  3.50821E-011  1.00000E-040  1.00000E-003  1.00000E-005  1.00000E-005  1.00000E-005  1.00000E-005  1.00000E-005  1.00000E-005  1.00000E-005  1.00000E-005  1.00000E-005  1.00000E-005  1.00000E-005  1.00000E-005  1.00000E-005  1.00000E-005  1.00000E-005  
3.50000E+000  7.04329E-001  1.88109E+019  2.71195E+002  1.00000E+005  5.51071E-004  1.00000E-040  1.00000E-040  1.49827E-023  1.00000E-040  1.00000E-040  1.00000E-040  1.00000E-040  1.00000E-040  1.00000E-040  1.00000E-040  1.00000E-040  1.00000E-040  1.00000E-040  1.45050E-022  1.00000E-040  1.00000E-040  1.67353E-020  4.96893E-007  3.01753E-003  7.24955E-014  1.10192E-015  2.11683E-002  3.24477E-008  2.82253E-004  5.42676E-022  4.23340E-011  1.00000E-040  1.00000E-040  4.03712E-031  4.42740E-019  7.97047E-007  6.12755E-027  5.09788E-025  1.00000E-040  5.44068E-040  1.00000E-040  8.12069E-013  3.02200E-018  3.20779E-018  3.41306E-011  1.00000E-040  1.00000E-040  3.33006E-010  4.49791E-034  4.92757E-011  1.17271E-028  9.75530E-001  2.72522E-022  1.31343E-013  4.50883E-010  1.00000E-040  1.00000E-040  5.85039E-028  1.70342E-023  4.18580E-015  1.29300E-014  1.18941E-011  8.07311E-015  2.70936E-007  1.35321E-009  2.92073E-008  2.27326E-013  1.25899E-014  1.26534E-019  1.95560E-013  1.82853E-011  3.25956E-011  1.36613E-031  4.33779E-036  1.00000E-040  2.52108E-031  8.96431E-013  3.91189E-024  8.27671E-022  8.58820E-017  4.20160E-024  4.70878E-024  1.05043E-039  2.16052E-036  2.75989E-031  7.07084E-039  5.86522E-030  1.00000E-040  1.13291E-037  1.25778E-024  7.86189E-015  8.36155E-034  2.71665E-036  1.69076E-022  7.87848E-017  4.14060E-018  5.01037E-015  2.90549E-024  7.35343E-011  1.00000E-040  1.96247E-018  1.04643E-040  2.49014E-024  5.94699E-029  4.82747E-020  4.05853E-024  1.18024E-009  3.73881E-022  4.64196E-022  4.39659E-013  2.07179E-014  1.00000E-040  6.86808E-038  1.65236E-022  1.00000E-040  1.12635E-021  3.48416E-011  1.00000E-040  1.00000E-003  1.00000E-005  1.00000E-005  1.00000E-005  1.00000E-005  1.00000E-005  1.00000E-005  1.00000E-005  1.00000E-005  1.00000E-005  1.00000E-005  1.00000E-005  1.00000E-005  1.00000E-005  1.00000E-005  1.00000E-005  
4.50000E+000  6.21932E-001  1.69688E+019  2.65466E+002  1.00000E+005  5.60088E-004  1.00000E-040  1.00000E-040  4.02954E-021  1.00000E-040  1.00000E-040  1.00000E-040  1.00000E-040  1.00000E-040  1.00000E-040  1.00000E-040  1.00000E-040  1.00000E-040  1.00000E-040  4.53949E-023  1.00000E-040  1.00000E-040  1.79003E-020  4.97464E-007  2.12620E-003  7.66863E-014  1.39535E-015  2.11873E-002  3.13073E-008  2.82508E-004  5.95946E-022  4.14253E-011  1.00000E-040  1.00000E-040  3.80652E-031  4.15705E-019  7.96420E-007  1.39466E-026  5.39962E-025  1.00000E-040  5.22717E-040  1.00000E-040  4.07598E-013  1.66760E-018  2.48109E-018  2.46731E-011  1.00000E-040  1.00000E-040  3.32670E-010  2.82867E-034  4.92089E-011  1.64369E-028  9.76402E-001  2.76428E-022  1.27637E-013  4.28426E-010  1.42577E-040  1.00000E-040  5.15034E-028  1.53532E-023  4.52373E-015  1.60003E-014  1.16833E-011  6.00632E-015  2.71023E-007  1.21625E-009  3.10537E-008  2.10926E-013  1.17076E-014  7.31266E-020  1.00207E-013  1.69261E-011  2.78145E-011  1.17642E-031  4.36715E-036  1.00000E-040  2.24413E-031  7.86121E-013  3.91539E-024  8.17995E-022  7.82890E-017  5.21947E-024  4.08547E-024  1.05070E-039  1.68423E-036  2.76236E-031  4.85798E-039  6.09314E-030  1.00000E-040  1.02138E-037  1.20565E-024  8.80924E-015  7.36240E-034  3.19093E-036  2.22203E-022  6.56737E-017  5.35909E-018  6.04796E-015  2.26423E-024  7.32300E-011  1.00000E-040  3.29003E-018  1.07775E-040  3.06027E-024  5.07584E-029  4.83178E-020  3.69774E-024  1.15750E-009  2.95974E-022  5.98606E-022  3.99364E-013  2.07807E-014  1.00000E-040  6.75746E-038  1.20672E-022  1.00000E-040  8.67133E-022  3.46429E-011  1.00000E-040  1.00000E-003  1.00000E-005  1.00000E-005  1.00000E-005  1.00000E-005  1.00000E-005  1.00000E-005  1.00000E-005  1.00000E-005  1.00000E-005  1.00000E-005  1.00000E-005  1.00000E-005  1.00000E-005  1.00000E-005  1.00000E-005  
5.50000E+000  5.47752E-001  1.52936E+019  2.59412E+002  1.00000E+005  4.64950E-004  1.00000E-040  1.00000E-040  2.07420E-018  1.00000E-040  1.00000E-040  1.00000E-040  1.00000E-040  1.00000E-040  1.00000E-040  1.00000E-040  1.00000E-040  1.00000E-040  1.00000E-040  3.23080E-023  1.00000E-040  1.00000E-040  1.88715E-020  4.98002E-007  1.41147E-003  7.94540E-014  1.80710E-015  2.12024E-002  3.03216E-008  2.82713E-004  6.57669E-022  4.11340E-011  1.00000E-040  1.00000E-040  3.35880E-031  3.75042E-019  7.95906E-007  3.03405E-026  5.77391E-025  1.00000E-040  5.12673E-040  1.00000E-040  2.10678E-013  9.44583E-019  2.10222E-018  1.80698E-011  1.00000E-040  1.00000E-040  3.32263E-010  1.65363E-034  4.91536E-011  2.31150E-028  9.77102E-001  2.77386E-022  1.22178E-013  4.09406E-010  6.00265E-040  1.00000E-040  4.47722E-028  1.36470E-023  6.51347E-015  1.98538E-014  1.13940E-011  4.39893E-015  2.71045E-007  1.10053E-009  3.38891E-008  2.28950E-013  1.17713E-014  4.27477E-020  6.97561E-014  1.63620E-011  2.28166E-011  1.00936E-031  4.34241E-036  1.00000E-040  2.03145E-031  6.72555E-013  3.91819E-024  8.07259E-022  7.13468E-017  6.53761E-024  3.45216E-024  1.05072E-039  1.26667E-036  2.76434E-031  3.29754E-039  6.52202E-030  1.00000E-040  8.86434E-038  1.13527E-024  7.99839E-015  6.02335E-034  3.72624E-036  2.90594E-022  5.98589E-017  6.74768E-018  7.55163E-015  1.69947E-024  7.22757E-011  1.00000E-040  5.70719E-018  1.08503E-040  3.77961E-024  4.25048E-029  4.83524E-020  3.28649E-024  9.82068E-010  2.33509E-022  7.82633E-022  3.52053E-013  2.08181E-014  1.00000E-040  6.63678E-038  8.14851E-023  1.00000E-040  6.32292E-022  3.44764E-011  1.00000E-040  1.00000E-003  1.00000E-005  1.00000E-005  1.00000E-005  1.00000E-005  1.00000E-005  1.00000E-005  1.00000E-005  1.00000E-005  1.00000E-005  1.00000E-005  1.00000E-005  1.00000E-005  1.00000E-005  1.00000E-005  1.00000E-005  
6.50000E+000  4.80990E-001  1.37862E+019  2.52702E+002  1.00000E+005  3.64196E-004  1.00000E-040  1.00000E-040  8.55142E-016  1.00000E-040  1.00000E-040  1.00000E-040  1.00000E-040  1.00000E-040  1.00000E-040  1.00000E-040  1.00000E-040  1.00000E-040  1.00000E-040  2.10021E-023  1.00000E-040  1.00000E-040  1.94314E-020  4.98469E-007  8.66647E-004  8.04972E-014  2.36386E-015  2.12140E-002  2.94542E-008  2.82869E-004  6.98794E-022  3.96749E-011  1.00000E-040  1.00000E-040  2.70871E-031  3.19134E-019  7.95454E-007  6.20863E-026  6.19433E-025  1.00000E-040  5.08603E-040  1.00000E-040  1.12886E-013  5.56555E-019  2.03067E-018  1.34747E-011  1.00000E-040  1.00000E-040  3.31779E-010  8.62577E-035  4.91071E-011  3.38367E-028  9.77635E-001  2.79902E-022  1.15014E-013  3.93180E-010  2.32182E-039  1.00000E-040  3.86941E-028  1.19591E-023  1.14439E-014  2.45439E-014  1.09369E-011  3.23549E-015  2.71001E-007  9.93866E-010  3.76851E-008  2.69984E-013  1.24122E-014  2.68473E-020  8.02971E-014  1.65228E-011  1.76089E-011  8.52782E-032  4.27966E-036  1.00000E-040  1.86195E-031  5.66851E-013  3.92032E-024  7.97440E-022  6.49092E-017  8.31772E-024  2.84886E-024  1.05050E-039  9.23047E-037  2.76584E-031  2.17472E-039  7.13283E-030  1.00000E-040  7.36654E-038  1.04677E-024  6.27675E-015  4.44820E-034  4.42301E-036  3.85280E-022  6.16655E-017  8.25136E-018  9.64484E-015  1.20994E-024  7.08798E-011  1.00000E-040  1.06723E-017  1.08168E-040  4.74984E-024  3.47343E-029  4.83788E-020  2.85476E-024  7.28894E-010  1.84899E-022  1.03053E-021  3.05916E-013  2.08398E-014  1.00000E-040  6.51188E-038  4.99634E-023  1.00000E-040  4.36104E-022  3.43363E-011  1.00000E-040  1.00000E-003  1.00000E-005  1.00000E-005  1.00000E-005  1.00000E-005  1.00000E-005  1.00000E-005  1.00000E-005  1.00000E-005  1.00000E-005  1.00000E-005  1.00000E-005  1.00000E-005  1.00000E-005  1.00000E-005  1.00000E-005  
7.50000E+000  4.20944E-001  1.24100E+019  2.45680E+002  1.00000E+005  2.52025E-004  1.00000E-040  1.00000E-040  2.88486E-013  1.00000E-040  1.00000E-040  1.00000E-040  1.00000E-040  1.00000E-040  1.00000E-040  1.00000E-040  1.00000E-040  1.00000E-040  1.00000E-040  1.54516E-023  1.00000E-040  1.00000E-040  1.98785E-020  4.98826E-007  4.98607E-004  8.07186E-014  3.11819E-015  2.12218E-002  2.86701E-008  2.82975E-004  7.23301E-022  3.73128E-011  1.00000E-040  1.00000E-040  2.07593E-031  2.62563E-019  7.95002E-007  1.20472E-025  6.62109E-025  1.00000E-040  5.01362E-040  1.00000E-040  6.29804E-014  3.46493E-019  2.27877E-018  1.02784E-011  1.00000E-040  1.00000E-040  3.31204E-010  4.16406E-035  4.90659E-011  5.24529E-028  9.77995E-001  2.88180E-022  1.07475E-013  3.79115E-010  7.07041E-039  1.00000E-040  3.34875E-028  1.03622E-023  2.42229E-014  3.00550E-014  1.03978E-011  2.38976E-015  2.70889E-007  8.93638E-010  4.23800E-008  3.36156E-013  1.35114E-014  2.18548E-020  1.33927E-013  1.73915E-011  1.20723E-011  7.10321E-032  4.20394E-036  1.00000E-040  1.72267E-031  4.73972E-013  3.92177E-024  7.90491E-022  5.90775E-017  1.07318E-023  2.31688E-024  1.05001E-039  6.54755E-037  2.76686E-031  1.39138E-039  7.90467E-030  1.00000E-040  5.97023E-038  9.50680E-025  4.45210E-015  3.09307E-034  5.37078E-036  5.20234E-022  7.12352E-017  9.93833E-018  1.23910E-014  8.26326E-025  6.92202E-011  1.00000E-040  2.11770E-017  1.08350E-040  6.08635E-024  2.78279E-029  4.83966E-020  2.43141E-024  4.63942E-010  1.49042E-022  1.36121E-021  2.63601E-013  2.08518E-014  1.00000E-040  6.38346E-038  2.87026E-023  1.00000E-040  2.85138E-022  3.42163E-011  1.00000E-040  1.00000E-003  1.00000E-005  1.00000E-005  1.00000E-005  1.00000E-005  1.00000E-005  1.00000E-005  1.00000E-005  1.00000E-005  1.00000E-005  1.00000E-005  1.00000E-005  1.00000E-005  1.00000E-005  1.00000E-005  1.00000E-005  
8.50000E+000  3.67016E-001  1.11477E+019  2.38460E+002  1.00000E+005  1.58087E-004  1.00000E-040  1.00000E-040  6.64719E-011  1.00000E-040  1.00000E-040  1.00000E-040  1.00000E-040  1.00000E-040  1.00000E-040  1.00000E-040  1.00000E-040  1.00000E-040  1.00000E-040  1.32981E-023  1.00000E-040  1.00000E-040  2.04108E-020  4.99064E-007  2.71104E-004  8.09357E-014  4.13111E-015  2.12266E-002  2.79405E-008  2.83041E-004  7.32257E-022  3.41894E-011  1.00000E-040  1.00000E-040  1.54898E-031  2.11703E-019  7.94530E-007  2.23788E-025  7.00446E-025  1.00000E-040  1.00077E-040  1.00000E-040  3.68206E-014  2.29053E-019  3.04387E-018  8.06378E-012  1.00000E-040  1.00000E-040  3.30540E-010  1.88763E-035  4.90282E-011  8.84771E-028  9.78218E-001  3.07930E-022  1.00326E-013  3.66688E-010  3.22865E-039  1.00000E-040  2.92246E-028  8.91884E-024  6.16996E-014  3.62181E-014  9.80714E-012  1.76582E-015  2.70714E-007  7.95333E-010  4.78970E-008  4.26912E-013  1.46156E-014  2.46150E-020  2.51611E-013  1.88775E-011  5.67432E-012  5.86877E-032  4.14949E-036  1.00000E-040  1.60952E-031  3.94278E-013  3.92266E-024  7.87702E-022  5.39937E-017  1.39013E-023  1.87908E-024  1.04930E-039  4.55398E-037  2.76749E-031  8.60413E-040  8.81555E-030  1.00000E-040  4.79466E-038  8.54131E-025  2.96065E-015  2.07582E-034  6.68713E-036  7.23151E-022  9.19839E-017  1.18864E-017  1.57603E-014  5.45649E-025  6.74325E-011  1.00000E-040  4.48188E-017  1.10857E-040  7.99127E-024  2.19699E-029  4.84076E-020  2.04103E-024  2.39437E-010  1.24154E-022  1.79628E-021  2.25701E-013  2.08582E-014  1.00000E-040  6.25180E-038  1.58096E-023  1.00000E-040  1.78029E-022  3.41112E-011  1.00000E-040  1.00000E-003  1.00000E-005  1.00000E-005  1.00000E-005  1.00000E-005  1.00000E-005  1.00000E-005  1.00000E-005  1.00000E-005  1.00000E-005  1.00000E-005  1.00000E-005  1.00000E-005  1.00000E-005  1.00000E-005  1.00000E-005  
9.50000E+000  3.18703E-001  9.97808E+018  2.31343E+002  9.61769E+004  8.74543E-005  1.00000E-040  1.00000E-040  2.03666E-010  1.00000E-040  1.00000E-040  1.00000E-040  1.00000E-040  1.00000E-040  1.00000E-040  1.00000E-040  1.00000E-040  1.00000E-040  1.00000E-040  1.97767E-022  1.00000E-040  1.00000E-040  2.12040E-020  4.99184E-007  1.43742E-004  8.24911E-014  5.51605E-015  2.12293E-002  2.72307E-008  2.83078E-004  6.84082E-022  2.86325E-011  1.00000E-040  1.00000E-040  1.18205E-031  1.72390E-019  7.94017E-007  4.00894E-025  7.29405E-025  1.13001E-040  6.06079E-040  1.00000E-040  2.27270E-014  1.61644E-019  4.83435E-018  6.52945E-012  1.00000E-040  1.00000E-040  3.29773E-010  8.40269E-036  4.89924E-011  1.66899E-027  9.78342E-001  3.49872E-022  9.38442E-014  3.55304E-010  1.00000E-040  1.00000E-040  2.58275E-028  7.67465E-024  1.79497E-013  4.27676E-014  9.06739E-012  1.31754E-015  2.70480E-007  6.93548E-010  5.42817E-008  5.18910E-013  1.46831E-014  3.49015E-020  4.70692E-013  2.09769E-011  2.18911E-012  4.89503E-032  4.15927E-036  1.00000E-040  1.53003E-031  3.24608E-013  3.92315E-024  7.89794E-022  4.96998E-017  1.76761E-023  1.54335E-024  1.04837E-039  3.13242E-037  2.76785E-031  5.17475E-040  9.86874E-030  1.00000E-040  3.91541E-038  7.67328E-025  1.92586E-015  1.41773E-034  8.45953E-036  1.04003E-021  1.30826E-016  1.30901E-017  1.95973E-014  3.53377E-025  6.55763E-011  1.00000E-040  9.95154E-017  1.17609E-040  1.06509E-023  1.72049E-029  4.84137E-020  1.69942E-024  9.14527E-011  1.08707E-022  2.37017E-021  1.91013E-013  2.08614E-014  1.00000E-040  6.11260E-038  8.75219E-024  1.00000E-040  1.07450E-022  3.40149E-011  1.00000E-040  1.00000E-003  1.00000E-005  1.00000E-005  1.00000E-005  1.00000E-005  1.00000E-005  1.00000E-005  1.00000E-005  1.00000E-005  1.00000E-005  1.00000E-005  1.00000E-005  1.00000E-005  1.00000E-005  1.00000E-005  1.00000E-005  
1.05000E+001  2.75606E-001  8.88130E+018  2.24765E+002  6.85565E+004  3.68210E-005  1.00000E-040  1.00000E-040  5.19437E-009  1.00000E-040  1.00000E-040  1.00000E-040  1.00000E-040  1.00000E-040  1.00000E-040  1.00000E-040  1.00000E-040  1.00000E-040  1.00000E-040  1.08797E-020  1.00000E-040  1.00000E-040  2.19575E-020  4.99192E-007  7.87027E-005  8.58742E-014  7.62895E-015  2.12307E-002  2.64172E-008  2.83098E-004  4.88155E-022  1.81165E-011  1.00000E-040  1.00000E-040  9.58572E-032  1.45841E-019  7.93350E-007  6.92111E-025  7.44889E-025  1.34796E-040  7.30287E-040  1.00000E-040  1.42521E-014  1.17517E-019  8.51881E-018  5.34414E-012  1.00000E-040  1.00000E-040  3.28737E-010  3.89108E-036  4.89512E-011  3.49142E-027  9.78406E-001  4.23592E-022  8.62453E-014  3.42876E-010  1.00000E-040  1.00000E-040  2.28176E-028  6.55139E-024  4.92093E-013  4.99094E-014  7.89039E-012  9.88829E-016  2.70136E-007  5.74453E-010  6.28610E-008  5.88520E-013  1.30815E-014  5.06055E-020  8.77372E-013  2.42888E-011  1.05457E-012  4.20761E-032  4.21176E-036  1.00000E-040  1.50041E-031  2.55505E-013  3.92340E-024  7.98697E-022  4.57286E-017  2.15579E-023  1.27940E-024  1.04702E-039  2.05011E-037  2.76803E-031  3.04764E-040  1.13025E-029  1.00000E-040  3.25614E-038  6.95703E-025  1.21764E-015  1.03117E-034  1.11164E-035  1.51166E-021  1.94363E-016  1.02627E-017  2.42705E-014  2.22503E-025  6.33828E-011  1.00000E-040  2.17702E-016  1.26982E-040  1.35219E-023  1.31563E-029  4.84169E-020  1.37970E-024  2.39919E-011  9.79451E-023  3.19879E-021  1.54269E-013  2.08627E-014  1.00000E-040  5.93881E-038  5.04815E-024  1.00000E-040  5.99954E-023  3.39073E-011  1.00000E-040  1.00000E-003  1.00000E-005  1.00000E-005  1.00000E-005  1.00000E-005  1.00000E-005  1.00000E-005  1.00000E-005  1.00000E-005  1.00000E-005  1.00000E-005  1.00000E-005  1.00000E-005  1.00000E-005  1.00000E-005  1.00000E-005  
1.15000E+001  2.37404E-001  7.84494E+018  2.19187E+002  2.37960E+004  8.87433E-006  1.00000E-040  1.00000E-040  2.61637E-009  1.00000E-040  1.00000E-040  1.00000E-040  1.00000E-040  1.00000E-040  1.00000E-040  1.00000E-040  1.00000E-040  1.00000E-040  1.00000E-040  1.05613E-020  1.00000E-040  1.00000E-040  2.16682E-020  4.99027E-007  4.65498E-005  8.60892E-014  1.21567E-014  2.12313E-002  2.49790E-008  2.83110E-004  2.57730E-022  8.50723E-012  1.00000E-040  1.00000E-040  7.61483E-032  1.24446E-019  7.91912E-007  1.13340E-024  7.25211E-025  1.00000E-040  1.00000E-040  1.00000E-040  7.38800E-015  7.24330E-020  1.41009E-017  4.02021E-012  1.00000E-040  1.00000E-040  3.26432E-010  1.89115E-036  4.88717E-011  7.58355E-027  9.78437E-001  5.16343E-022  6.98697E-014  3.20578E-010  1.00000E-040  1.00000E-040  1.88075E-028  5.20250E-024  1.21968E-012  5.87089E-014  6.50860E-012  7.11641E-016  2.69329E-007  4.11306E-010  8.19688E-008  9.03968E-013  1.15124E-014  6.08907E-020  1.89596E-012  3.33639E-011  8.42416E-013  3.89933E-032  4.03126E-036  1.00000E-040  1.56592E-031  1.63486E-013  3.92352E-024  8.30137E-022  4.04522E-017  2.40971E-023  1.00535E-024  1.04386E-039  9.59329E-038  2.76816E-031  1.76166E-040  1.46028E-029  1.00000E-040  2.44992E-038  6.25315E-025  5.79454E-016  7.43140E-035  1.54771E-035  1.97337E-021  2.62201E-016  6.12767E-018  3.33475E-014  1.23906E-025  5.92567E-011  1.00000E-040  4.15546E-016  1.21099E-040  1.38971E-023  8.79823E-030  4.84183E-020  9.57795E-025  5.11732E-012  7.73462E-023  4.88685E-021  9.91259E-014  2.08628E-014  1.00000E-040  5.60457E-038  2.81019E-024  1.00000E-040  2.19849E-023  3.37021E-011  1.00000E-040  1.00000E-003  1.00000E-005  1.00000E-005  1.00000E-005  1.00000E-005  1.00000E-005  1.00000E-005  1.00000E-005  1.00000E-005  1.00000E-005  1.00000E-005  1.00000E-005  1.00000E-005  1.00000E-005  1.00000E-005  1.00000E-005  
1.25000E+001  2.03808E-001  6.87085E+018  2.14846E+002  1.42829E+004  2.17840E-006  1.00000E-040  1.00000E-040  1.92178E-009  1.00000E-040  1.00000E-040  1.00000E-040  1.00000E-040  1.00000E-040  1.00000E-040  1.00000E-040  1.00000E-040  1.00000E-040  1.00000E-040  1.04817E-020  1.00000E-040  1.00000E-040  2.21505E-020  4.98482E-007  2.89812E-005  8.89564E-014  2.39175E-014  2.12316E-002  2.24248E-008  2.83120E-004  1.86459E-022  5.38962E-012  1.00000E-040  1.00000E-040  6.96555E-032  1.17005E-019  7.88547E-007  1.77385E-024  5.96287E-025  1.00000E-040  1.00000E-040  1.00000E-040  2.74071E-015  3.90258E-020  1.96058E-017  2.65243E-012  1.00000E-040  1.00000E-040  3.20886E-010  1.08285E-036  4.87027E-011  1.93286E-026  9.78455E-001  6.29558E-022  4.32102E-014  2.78209E-010  1.00000E-040  1.00000E-040  1.35301E-028  3.68695E-024  3.11891E-012  5.85213E-014  5.49598E-012  5.34476E-016  2.67316E-007  2.61688E-010  1.28295E-007  2.28945E-012  1.24749E-014  6.83439E-020  4.44048E-012  6.21715E-011  7.43851E-013  4.85227E-032  3.88854E-036  1.00000E-040  1.97639E-031  6.19675E-014  3.92356E-024  9.30467E-022  3.41807E-017  2.15538E-023  8.10215E-025  1.03600E-039  2.11944E-038  2.76834E-031  1.01242E-040  2.27063E-029  1.00000E-040  1.71675E-038  5.56906E-025  2.11880E-016  6.27950E-035  2.19842E-035  2.31844E-021  3.36669E-016  5.21002E-018  4.86805E-014  6.27699E-026  5.13698E-011  1.00000E-040  7.04216E-016  1.01128E-040  1.04934E-023  4.77550E-030  4.84190E-020  5.07185E-025  1.52130E-012  5.44183E-023  9.04305E-021  3.60737E-014  2.08613E-014  1.00000E-040  4.97003E-038  1.79969E-024  1.00000E-040  4.14022E-024  3.32621E-011  1.00000E-040  1.00000E-003  1.00000E-005  1.00000E-005  1.00000E-005  1.00000E-005  1.00000E-005  1.00000E-005  1.00000E-005  1.00000E-005  1.00000E-005  1.00000E-005  1.00000E-005  1.00000E-005  1.00000E-005  1.00000E-005  1.00000E-005  
1.35000E+001  1.74487E-001  5.97748E+018  2.11427E+002  6.95701E+003  5.52575E-007  1.00000E-040  1.00000E-040  1.58567E-009  1.00000E-040  1.00000E-040  1.00000E-040  1.00000E-040  1.00000E-040  1.00000E-040  1.00000E-040  1.00000E-040  1.00000E-040  1.00000E-040  1.05041E-020  1.00000E-040  1.00000E-040  2.57175E-020  4.97212E-007  2.06300E-005  1.08760E-013  5.32945E-014  2.12316E-002  1.87014E-008  2.83130E-004  1.97317E-022  4.79105E-012  1.00000E-040  1.00000E-040  9.50877E-032  1.37209E-019  7.81776E-007  2.72845E-024  3.73393E-025  1.00000E-040  1.00000E-040  1.00000E-040  6.71436E-016  2.36640E-020  2.30021E-017  1.63079E-012  1.00000E-040  1.00000E-040  3.09635E-010  8.15279E-037  4.83895E-011  6.15819E-026  9.78463E-001  7.88388E-022  2.30786E-014  2.14067E-010  1.00000E-040  1.00000E-040  8.15489E-029  2.53589E-024  7.13432E-012  4.06919E-014  5.05154E-012  4.75957E-016  2.63090E-007  1.81467E-010  2.22392E-007  6.46344E-012  1.93401E-014  7.19949E-020  9.37407E-012  1.40360E-010  8.24190E-013  8.16632E-032  4.36413E-036  1.00000E-040  3.21253E-031  1.41760E-014  3.92353E-024  1.18264E-021  2.96367E-017  1.45986E-023  8.22946E-025  1.01955E-039  1.69038E-039  2.76882E-031  1.00000E-040  3.92050E-029  1.00000E-040  1.39436E-038  4.96596E-025  9.12000E-017  8.03480E-035  9.08191E-035  2.74724E-021  4.82240E-016  5.98581E-018  6.25595E-014  2.93767E-026  3.98598E-011  1.00000E-040  1.23877E-015  1.00000E-040  5.83084E-024  2.24274E-030  4.84191E-020  2.38970E-025  6.90833E-013  4.17006E-023  1.87249E-020  7.24687E-015  2.08573E-014  1.00000E-040  4.00153E-038  1.72695E-024  1.00000E-040  7.90525E-025  3.24393E-011  1.00000E-040  1.00000E-003  1.00000E-005  1.00000E-005  1.00000E-005  1.00000E-005  1.00000E-005  1.00000E-005  1.00000E-005  1.00000E-005  1.00000E-005  1.00000E-005  1.00000E-005  1.00000E-005  1.00000E-005  1.00000E-005  1.00000E-005  
1.45000E+001  1.49042E-001  5.17604E+018  2.08558E+002  5.42540E+003  1.95612E-007  1.92481E-040  1.00000E-040  1.42490E-009  1.00000E-040  1.00000E-040  1.00000E-040  1.00000E-040  1.00000E-040  1.00000E-040  1.00000E-040  1.00000E-040  1.00000E-040  1.00000E-040  1.05576E-020  1.00000E-040  1.00000E-040  3.01772E-020  4.94689E-007  1.57821E-005  1.44075E-013  1.21450E-013  2.12313E-002  1.42006E-008  2.83144E-004  2.40250E-022  4.79385E-012  1.00000E-040  1.00000E-040  1.58571E-031  1.80193E-019  7.69692E-007  4.22669E-024  2.00943E-025  1.00000E-040  1.00000E-040  1.00000E-040  1.03915E-016  1.61609E-020  2.47636E-017  1.13896E-012  1.00000E-040  1.00000E-040  2.89711E-010  7.07032E-037  4.78726E-011  1.92187E-025  9.78468E-001  9.24317E-022  1.17901E-014  1.37193E-010  1.00000E-040  1.00000E-040  4.07111E-029  1.99959E-024  1.35246E-011  2.22670E-014  5.21557E-012  4.59102E-016  2.55304E-007  1.60475E-010  3.88293E-007  1.61046E-011  3.59359E-014  8.61558E-020  1.65944E-011  3.18095E-010  8.85747E-013  1.47930E-031  5.25757E-036  1.00000E-040  5.64222E-031  2.56700E-015  3.92345E-024  1.73637E-021  2.98332E-017  7.82691E-024  1.09272E-024  9.89360E-040  1.00000E-040  2.77010E-031  1.00000E-040  6.83495E-029  1.00000E-040  1.41463E-038  4.66805E-025  4.83110E-017  1.26699E-034  2.88075E-035  2.95945E-021  7.17185E-016  7.62572E-018  7.11451E-014  1.21612E-026  2.67275E-011  1.00000E-040  2.17854E-015  1.00000E-040  2.51223E-024  9.67479E-031  4.84187E-020  1.25636E-025  4.21771E-013  3.89953E-023  3.95485E-020  1.05088E-015  2.08495E-014  1.00000E-040  2.82359E-038  2.02979E-024  1.00000E-040  2.63917E-025  3.10730E-011  1.00000E-040  1.00000E-003  1.00000E-005  1.00000E-005  1.00000E-005  1.00000E-005  1.00000E-005  1.00000E-005  1.00000E-005  1.00000E-005  1.00000E-005  1.00000E-005  1.00000E-005  1.00000E-005  1.00000E-005  1.00000E-005  1.00000E-005  
1.55000E+001  1.27060E-001  4.46281E+018  2.06213E+002  4.40851E+003  8.41832E-008  5.00669E-040  1.00000E-040  1.30544E-009  1.00000E-040  1.00000E-040  1.00000E-040  1.00000E-040  1.00000E-040  1.00000E-040  1.00000E-040  1.00000E-040  1.00000E-040  1.00000E-040  1.06219E-020  1.00000E-040  1.00000E-040  3.45619E-020  4.90846E-007  1.31478E-005  1.90855E-013  2.53805E-013  2.12309E-002  1.02712E-008  2.83160E-004  3.00871E-022  4.90479E-012  1.00000E-040  1.00000E-040  2.75148E-031  2.44541E-019  7.52880E-007  6.71243E-024  1.21150E-025  1.00000E-040  1.00000E-040  1.00000E-040  1.26070E-017  1.27738E-020  2.82715E-017  1.07363E-012  1.00000E-040  1.00000E-040  2.62621E-010  6.53704E-037  4.72070E-011  4.99604E-025  9.78471E-001  9.73263E-022  6.00062E-015  7.40623E-011  1.00000E-040  1.00000E-040  2.02613E-029  1.86514E-024  2.21509E-011  1.15628E-014  5.76648E-012  4.40446E-016  2.44205E-007  1.67636E-010  6.12387E-007  3.23654E-011  6.13008E-014  1.25242E-019  2.48538E-011  6.03954E-010  1.10175E-012  2.38352E-031  6.27651E-036  1.00000E-040  8.86435E-031  4.65630E-016  3.92330E-024  2.70799E-021  3.62048E-017  4.36286E-024  1.63957E-024  9.46690E-040  1.00000E-040  2.77275E-031  1.00000E-040  1.07946E-028  1.00000E-040  1.70679E-038  4.73716E-025  3.03351E-017  2.09770E-034  2.57493E-035  2.79104E-021  1.00792E-015  9.82209E-018  7.38187E-014  5.07340E-027  1.61807E-011  1.00000E-040  3.52336E-015  1.00000E-040  1.12551E-024  4.51615E-031  4.84179E-020  8.06493E-026  3.04248E-013  4.87659E-023  7.67979E-020  1.49702E-016  2.08379E-014  1.00000E-040  1.86273E-038  2.48552E-024  1.00000E-040  1.10418E-025  2.93087E-011  1.00000E-040  1.00000E-003  1.00000E-005  1.00000E-005  1.00000E-005  1.00000E-005  1.00000E-005  1.00000E-005  1.00000E-005  1.00000E-005  1.00000E-005  1.00000E-005  1.00000E-005  1.00000E-005  1.00000E-005  1.00000E-005  1.00000E-005  
1.65000E+001  1.08159E-001  3.82742E+018  2.04680E+002  3.94335E+003  2.57600E-008  1.31300E-039  1.00000E-040  1.20009E-009  1.00000E-040  1.00000E-040  1.00000E-040  1.00000E-040  1.00000E-040  1.00000E-040  1.00000E-040  1.00000E-040  1.00000E-040  1.00000E-040  1.07053E-020  1.00000E-040  1.00000E-040  4.07613E-020  4.85407E-007  1.22265E-005  2.57439E-013  5.00089E-013  2.12303E-002  7.27058E-009  2.83178E-004  3.97380E-022  5.22816E-012  1.00000E-040  1.00000E-040  5.25042E-031  3.54204E-019  7.30892E-007  1.08227E-023  8.01755E-026  1.00000E-040  1.00000E-040  1.00000E-040  1.72240E-018  1.17002E-020  3.41753E-017  1.19015E-012  1.00000E-040  1.00000E-040  2.28611E-010  6.88600E-037  4.63989E-011  1.08367E-024  9.78472E-001  8.89981E-022  2.79015E-015  3.23662E-011  3.36038E-034  1.00000E-040  1.23759E-029  1.98007E-024  3.35920E-011  5.48108E-015  6.76439E-012  4.30322E-016  2.29458E-007  1.93481E-010  8.91454E-007  5.71952E-011  9.83315E-014  1.95667E-019  3.38432E-011  1.00260E-009  1.47591E-012  3.33687E-031  7.52187E-036  1.00000E-040  1.29003E-030  7.11306E-017  3.92310E-024  4.36952E-021  5.07081E-017  3.21082E-024  2.66139E-024  8.90702E-040  1.00000E-040  2.77780E-031  1.00000E-040  1.57978E-028  1.00000E-040  2.40634E-038  5.27341E-025  2.15342E-017  3.87968E-034  2.54333E-035  2.28905E-021  1.29645E-015  1.30056E-017  7.23677E-014  2.34938E-027  8.82932E-012  1.00000E-040  5.07340E-015  1.00000E-040  6.70236E-025  2.46971E-031  4.84167E-020  6.14799E-026  2.48667E-013  7.19580E-023  1.41034E-019  1.81599E-017  2.08222E-014  1.00000E-040  1.22847E-038  3.36748E-024  1.00000E-040  5.35574E-026  2.71684E-011  1.00000E-040  1.00000E-003  1.00000E-005  1.00000E-005  1.00000E-005  1.00000E-005  1.00000E-005  1.00000E-005  1.00000E-005  1.00000E-005  1.00000E-005  1.00000E-005  1.00000E-005  1.00000E-005  1.00000E-005  1.00000E-005  1.00000E-005  
1.75000E+001  9.20017E-002  3.26215E+018  2.04272E+002  3.89374E+003  1.00000E-040  3.46901E-039  1.00000E-040  1.09124E-009  1.00000E-040  1.00000E-040  1.00000E-040  1.00000E-040  1.00000E-040  1.00000E-040  1.00000E-040  1.00000E-040  1.00000E-040  1.00000E-040  1.08228E-020  1.00000E-040  1.00000E-040  5.25339E-020  4.78438E-007  1.22840E-005  3.54744E-013  9.38117E-013  2.12296E-002  5.31642E-009  2.83196E-004  5.58504E-022  5.84010E-012  1.00000E-040  1.00000E-040  1.12954E-030  5.56494E-019  7.04637E-007  1.75926E-023  5.67187E-026  8.74946E-036  9.90452E-035  1.00000E-040  7.02001E-019  1.22648E-020  4.35717E-017  1.37054E-012  1.00000E-040  1.00000E-040  1.90453E-010  8.74779E-037  4.55000E-011  2.11034E-024  9.78472E-001  7.18327E-022  1.13767E-015  1.13099E-011  2.03718E-036  1.00000E-040  1.09553E-029  2.32016E-024  4.86332E-011  2.32188E-015  8.25164E-012  4.35202E-016  2.11727E-007  2.32435E-010  1.20201E-006  9.23972E-011  1.49469E-013  3.26775E-019  4.30997E-011  1.47511E-009  1.92805E-012  3.89448E-031  9.03381E-036  1.00000E-040  1.74351E-030  8.28065E-018  3.92285E-024  7.08761E-021  7.81322E-017  3.41991E-024  4.52177E-024  8.24515E-040  1.00000E-040  2.78650E-031  1.00000E-040  2.15231E-028  1.42194E-040  3.86944E-038  6.36974E-025  1.69807E-017  8.27647E-034  3.28728E-035  1.63193E-021  1.49155E-015  1.77169E-017  6.84566E-014  1.33054E-027  4.43708E-012  1.00000E-040  6.21056E-015  1.00000E-040  5.85490E-025  1.69320E-031  4.84151E-020  5.42493E-026  2.26029E-013  1.10307E-022  2.47123E-019  1.71067E-018  2.08026E-014  1.00000E-040  8.91965E-039  5.20864E-024  1.00000E-040  3.23798E-026  2.47977E-011  1.00000E-040  1.00000E-003  1.00000E-005  1.00000E-005  1.00000E-005  1.00000E-005  1.00000E-005  1.00000E-005  1.00000E-005  1.00000E-005  1.00000E-005  1.00000E-005  1.00000E-005  1.00000E-005  1.00000E-005  1.00000E-005  1.00000E-005  
1.85000E+001  7.82637E-002  2.76764E+018  2.04818E+002  3.93732E+003  1.00000E-040  9.19631E-039  1.00000E-040  9.69380E-010  1.00000E-040  1.00000E-040  1.00000E-040  1.00000E-040  1.00000E-040  1.00000E-040  1.00000E-040  1.00000E-040  1.00000E-040  1.00000E-040  1.09676E-020  1.00000E-040  1.00000E-040  7.49041E-020  4.70048E-007  1.23493E-005  4.90845E-013  1.68996E-012  2.12288E-002  4.19462E-009  2.83215E-004  8.11773E-022  6.68027E-012  1.00000E-040  1.00000E-040  2.60629E-030  9.20139E-019  6.75034E-007  2.84275E-023  4.12054E-026  1.00000E-040  1.00000E-040  1.00000E-040  6.00591E-019  1.38012E-020  5.77845E-017  1.56836E-012  1.00000E-040  1.00000E-040  1.51061E-010  1.28734E-036  4.45537E-011  4.12921E-024  9.78473E-001  5.45367E-022  3.80744E-016  3.11067E-012  9.67241E-037  1.00000E-040  1.27927E-029  2.89801E-024  6.99241E-011  8.73939E-016  9.97669E-012  4.50021E-016  1.91782E-007  2.66769E-010  1.52094E-006  1.42822E-010  2.14083E-013  6.23199E-019  5.34885E-011  1.96876E-009  2.40745E-012  3.87217E-031  1.07329E-035  1.00000E-040  2.18948E-030  6.55114E-019  3.92256E-024  1.15015E-020  1.26806E-016  4.64966E-024  7.85607E-024  7.51710E-040  1.00000E-040  2.80057E-031  1.00000E-040  2.76599E-028  3.82167E-040  6.72503E-038  8.14092E-025  1.40127E-017  1.93119E-033  5.40038E-035  1.02200E-021  1.54121E-015  2.42919E-017  6.36857E-014  9.24158E-028  2.08795E-012  1.00000E-040  6.57891E-015  1.00000E-040  6.60517E-025  1.42208E-031  4.84132E-020  5.26200E-026  2.14287E-013  1.65299E-022  4.18323E-019  1.11105E-019  2.07795E-014  1.00000E-040  7.42463E-039  8.74906E-024  1.00000E-040  2.41647E-026  2.23202E-011  1.00000E-040  1.00000E-003  1.00000E-005  1.00000E-005  1.00000E-005  1.00000E-005  1.00000E-005  1.00000E-005  1.00000E-005  1.00000E-005  1.00000E-005  1.00000E-005  1.00000E-005  1.00000E-005  1.00000E-005  1.00000E-005  1.00000E-005  
1.95000E+001  6.66115E-002  2.34824E+018  2.05458E+002  4.20491E+003  1.00000E-040  2.43025E-038  1.00000E-040  8.33998E-010  1.00000E-040  1.00000E-040  1.00000E-040  1.00000E-040  1.00000E-040  1.00000E-040  1.00000E-040  1.00000E-040  1.00000E-040  1.00000E-040  1.10999E-020  1.00000E-040  1.00000E-040  1.16324E-019  4.60370E-007  1.24206E-005  6.87618E-013  2.90534E-012  2.12281E-002  3.60261E-009  2.83235E-004  1.19128E-021  7.64055E-012  1.00000E-040  1.00000E-040  6.13417E-030  1.53064E-018  6.42951E-007  4.45412E-023  2.88802E-026  1.00000E-040  1.00000E-040  1.00000E-040  5.62844E-019  1.62508E-020  7.86879E-017  1.71633E-012  1.00000E-040  1.00000E-040  1.13225E-010  1.94301E-036  4.35935E-011  8.66470E-024  9.78473E-001  4.50246E-022  1.00429E-016  6.61332E-013  1.04327E-036  1.00000E-040  1.70668E-029  3.84655E-024  1.01069E-010  3.51984E-016  1.16945E-011  4.66282E-016  1.70441E-007  2.84667E-010  1.82797E-006  2.11517E-010  2.83662E-013  1.15735E-018  6.64010E-011  2.43463E-009  2.76975E-012  3.47172E-031  1.29359E-035  1.00000E-040  2.65009E-030  3.23360E-020  3.92224E-024  1.86950E-020  2.08789E-016  7.07920E-024  1.37649E-023  6.76166E-040  1.00000E-040  2.82237E-031  1.00000E-040  3.39056E-028  1.00375E-039  1.25855E-037  1.10172E-024  1.19445E-017  4.60490E-033  9.37583E-035  6.05259E-022  1.52635E-015  3.33835E-017  5.91935E-014  7.35125E-028  9.23622E-013  1.00000E-040  6.92061E-015  1.27133E-040  8.63247E-025  1.37798E-031  4.84111E-020  5.70767E-026  2.03490E-013  2.38017E-022  6.87415E-019  4.68018E-021  2.07534E-014  1.00000E-040  7.00617E-039  1.50243E-023  1.00000E-040  2.04841E-026  1.98326E-011  1.00000E-040  1.00000E-003  1.00000E-005  1.00000E-005  1.00000E-005  1.00000E-005  1.00000E-005  1.00000E-005  1.00000E-005  1.00000E-005  1.00000E-005  1.00000E-005  1.00000E-005  1.00000E-005  1.00000E-005  1.00000E-005  1.00000E-005  
2.05000E+001  5.67221E-002  1.99505E+018  2.05928E+002  4.72335E+003  1.00000E-040  6.39469E-038  1.00000E-040  6.88455E-010  1.00000E-040  1.00000E-040  1.00000E-040  1.00000E-040  1.00000E-040  1.00000E-040  1.00000E-040  1.00000E-040  1.00000E-040  1.00000E-040  1.12092E-020  1.00000E-040  1.00000E-040  1.91257E-019  4.49848E-007  1.24941E-005  9.75526E-013  4.77247E-012  2.12273E-002  3.31331E-009  2.83254E-004  1.75033E-021  8.66324E-012  1.00000E-040  1.00000E-040  1.44673E-029  2.52617E-018  6.10082E-007  6.66411E-023  1.89974E-026  3.18490E-037  3.60792E-036  1.00000E-040  5.18827E-019  1.97695E-020  1.08074E-016  1.76463E-012  1.02564E-040  1.00000E-040  8.02332E-011  2.89496E-036  4.26704E-011  1.88802E-023  9.78474E-001  4.53212E-022  2.09513E-017  1.10483E-013  1.16222E-036  1.00000E-040  2.44452E-029  5.36623E-024  1.47038E-010  2.31699E-016  1.32107E-011  4.83386E-016  1.49127E-007  2.80405E-010  2.09917E-006  3.00067E-010  3.46698E-013  1.97956E-018  8.29370E-011  2.81736E-009  2.90772E-012  2.96414E-031  1.59132E-035  1.00000E-040  3.12778E-030  1.00797E-021  3.92190E-024  3.02019E-020  3.41794E-016  1.13361E-023  2.39479E-023  6.03611E-040  1.00000E-040  2.85422E-031  1.00000E-040  3.98915E-028  2.49080E-039  2.50320E-037  1.55984E-024  1.05058E-017  1.09644E-032  1.61038E-034  3.51927E-022  1.47721E-015  4.59053E-017  5.53635E-014  6.40822E-028  3.91278E-013  1.00000E-040  7.56792E-015  2.53493E-040  1.23587E-024  1.47873E-031  4.84089E-020  6.86452E-026  1.91876E-013  3.24975E-022  1.09905E-018  1.30384E-022  2.07253E-014  1.00000E-040  7.27203E-039  2.58248E-023  1.00000E-040  1.88001E-026  1.74732E-011  1.00000E-040  1.00000E-003  1.00000E-005  1.00000E-005  1.00000E-005  1.00000E-005  1.00000E-005  1.00000E-005  1.00000E-005  1.00000E-005  1.00000E-005  1.00000E-005  1.00000E-005  1.00000E-005  1.00000E-005  1.00000E-005  1.00000E-005  
2.15000E+001  4.83191E-002  1.69657E+018  2.06283E+002  5.25999E+003  1.00000E-040  1.67710E-037  1.00000E-040  5.39594E-010  1.00000E-040  1.00000E-040  1.00000E-040  1.00000E-040  1.00000E-040  1.00000E-040  1.00000E-040  1.00000E-040  1.00000E-040  1.00000E-040  1.13004E-020  1.00000E-040  1.00000E-040  3.25113E-019  4.38729E-007  1.25682E-005  1.39591E-012  7.56936E-012  2.12266E-002  3.17707E-009  2.83272E-004  2.57080E-021  9.72675E-012  1.00000E-040  1.00000E-040  3.41122E-029  4.13992E-018  5.77249E-007  9.36680E-023  1.13987E-026  2.41625E-036  2.77984E-035  1.00000E-040  4.62045E-019  2.42705E-020  1.45379E-016  1.69143E-012  3.00296E-040  1.00000E-040  5.35414E-011  4.27912E-036  4.18037E-011  4.07818E-023  9.78474E-001  5.27416E-022  3.45514E-018  1.46659E-014  1.31081E-036  1.00000E-040  3.74558E-029  7.80825E-024  2.14430E-010  2.47887E-016  1.44689E-011  5.01139E-016  1.28683E-007  2.57517E-010  2.32227E-006  4.09825E-010  3.97407E-013  3.10895E-018  1.03785E-010  3.08568E-009  2.84688E-012  2.48844E-031  1.98959E-035  1.00000E-040  3.61397E-030  2.01791E-023  3.92155E-024  4.86804E-020  5.56087E-016  1.86397E-023  4.14204E-023  5.37180E-040  1.00000E-040  2.89940E-031  1.00000E-040  4.54628E-028  5.75628E-039  5.23097E-037  2.29188E-024  9.49201E-018  2.60383E-032  2.81233E-034  2.00553E-022  1.38147E-015  6.30426E-017  5.20989E-014  5.97512E-028  1.59754E-013  1.00000E-040  8.50601E-015  5.46844E-040  1.87704E-024  1.71881E-031  4.84065E-020  8.96609E-026  1.80347E-013  4.15388E-022  1.71999E-018  2.42334E-024  2.06959E-014  1.00000E-040  8.05500E-039  4.43507E-023  1.00000E-040  1.81753E-026  1.52945E-011  1.00000E-040  1.00000E-003  1.00000E-005  1.00000E-005  1.00000E-005  1.00000E-005  1.00000E-005  1.00000E-005  1.00000E-005  1.00000E-005  1.00000E-005  1.00000E-005  1.00000E-005  1.00000E-005  1.00000E-005  1.00000E-005  1.00000E-005  
2.25000E+001  4.11748E-002  1.44306E+018  2.06663E+002  5.99062E+003  1.00000E-040  4.38902E-037  1.00000E-040  3.99873E-010  1.00000E-040  1.00000E-040  1.00000E-040  1.00000E-040  1.00000E-040  1.00000E-040  1.00000E-040  1.00000E-040  1.00000E-040  1.00000E-040  1.13823E-020  1.00000E-040  1.00000E-040  5.63678E-019  4.27147E-007  1.26418E-005  2.00320E-012  1.17096E-011  2.12260E-002  3.11643E-009  2.83290E-004  3.76966E-021  1.08173E-011  1.00000E-040  1.00000E-040  8.04055E-029  6.76037E-018  5.44810E-007  1.21744E-022  6.07145E-027  1.66975E-036  1.90555E-035  1.00000E-040  3.93554E-019  2.92885E-020  1.86201E-016  1.50364E-012  8.30964E-040  1.00000E-040  3.34174E-011  6.37247E-036  4.09977E-011  8.51954E-023  9.78474E-001  6.46451E-022  4.53114E-019  1.56694E-015  1.47492E-036  1.00000E-040  6.26056E-029  1.17612E-023  3.11045E-010  3.10181E-016  1.54977E-011  5.18691E-016  1.09625E-007  2.23757E-010  2.49023E-006  5.39741E-010  4.34803E-013  4.52563E-018  1.28903E-010  3.22362E-009  2.55393E-012  2.08389E-031  2.50973E-035  1.00000E-040  4.08390E-030  2.68450E-025  3.92119E-024  7.86979E-020  9.02554E-016  3.11689E-023  7.15762E-023  4.78540E-040  1.00000E-040  2.96235E-031  1.00000E-040  5.05564E-028  1.22671E-038  1.13497E-036  3.47073E-024  8.78286E-018  6.18450E-032  5.17028E-034  1.10374E-022  1.22440E-015  8.62011E-017  4.91536E-014  5.93013E-028  6.29134E-014  1.00000E-040  9.56174E-015  1.28844E-039  2.96226E-024  2.16154E-031  4.84040E-020  1.24292E-025  1.70201E-013  4.90379E-022  2.64570E-018  3.06997E-026  2.06652E-014  1.00000E-040  9.34363E-039  7.62192E-023  1.00000E-040  1.83035E-026  1.33088E-011  1.00000E-040  1.00000E-003  1.00000E-005  1.00000E-005  1.00000E-005  1.00000E-005  1.00000E-005  1.00000E-005  1.00000E-005  1.00000E-005  1.00000E-005  1.00000E-005  1.00000E-005  1.00000E-005  1.00000E-005  1.00000E-005  1.00000E-005  
2.35000E+001  3.51007E-002  1.22709E+018  2.07184E+002  6.81524E+003  1.00000E-040  1.14683E-036  1.00000E-040  2.77584E-010  1.00000E-040  1.00000E-040  1.00000E-040  1.00000E-040  1.00000E-040  1.00000E-040  1.00000E-040  1.00000E-040  1.00000E-040  1.00000E-040  1.14621E-020  1.00000E-040  1.00000E-040  9.89995E-019  4.15297E-007  1.27141E-005  2.86739E-012  1.77966E-011  2.12255E-002  3.09599E-009  2.83305E-004  5.50719E-021  1.19214E-011  1.00000E-040  1.00000E-040  1.89187E-028  1.10246E-017  5.13221E-007  1.44950E-022  2.82833E-027  1.00000E-040  1.00000E-040  1.00000E-040  3.20013E-019  3.41375E-020  2.22995E-016  1.23842E-012  2.13101E-039  1.00000E-040  1.94528E-011  9.67532E-036  4.02581E-011  1.71466E-022  9.78475E-001  7.97935E-022  4.85369E-020  1.38767E-016  1.63977E-036  1.00000E-040  1.16104E-028  1.81401E-023  4.44612E-010  3.94854E-016  1.63674E-011  5.34763E-016  9.24380E-008  1.86912E-010  2.59877E-006  6.83631E-010  4.59865E-013  6.16628E-018  1.57183E-010  3.22501E-009  2.11154E-012  1.75316E-031  3.17321E-035  1.00000E-040  4.50341E-030  2.54247E-027  3.92083E-024  1.27615E-019  1.46256E-015  5.25758E-023  1.23662E-022  4.29205E-040  1.00000E-040  3.04792E-031  1.00000E-040  5.51387E-028  2.39711E-038  2.51939E-036  5.36447E-024  8.32689E-018  1.47042E-031  1.04754E-033  5.83108E-023  1.01628E-015  1.16999E-016  4.63095E-014  6.31078E-028  2.40760E-014  1.00000E-040  1.05038E-014  3.34156E-039  4.77304E-024  2.98015E-031  4.84014E-020  1.78587E-025  1.62483E-013  5.29938E-022  4.00547E-018  2.80500E-028  2.06336E-014  1.00000E-040  1.12332E-038  1.31078E-022  1.00000E-040  1.91444E-026  1.15297E-011  1.00000E-040  1.00000E-003  1.00000E-005  1.00000E-005  1.00000E-005  1.00000E-005  1.00000E-005  1.00000E-005  1.00000E-005  1.00000E-005  1.00000E-005  1.00000E-005  1.00000E-005  1.00000E-005  1.00000E-005  1.00000E-005  1.00000E-005  
2.45000E+001  2.99386E-002  1.04291E+018  2.07922E+002  7.73991E+003  1.00000E-040  2.99196E-036  1.00000E-040  1.79491E-010  1.00000E-040  1.00000E-040  1.00000E-040  1.00000E-040  1.00000E-040  1.00000E-040  1.00000E-040  1.00000E-040  1.00000E-040  1.00000E-040  1.15446E-020  1.00000E-040  1.00000E-040  1.75644E-018  4.03248E-007  1.27847E-005  4.07763E-012  2.67336E-011  2.12250E-002  3.09982E-009  2.83320E-004  7.99547E-021  1.30213E-011  1.00000E-040  1.00000E-040  4.43227E-028  1.79611E-017  4.82530E-007  1.56669E-022  1.13237E-027  1.00000E-040  1.00000E-040  1.00000E-040  2.48213E-019  3.78729E-020  2.46007E-016  9.42701E-013  4.95492E-039  1.00000E-040  1.05042E-011  1.50793E-035  3.95799E-011  3.61215E-022  9.78475E-001  9.78214E-022  4.40058E-021  1.05656E-017  1.79047E-036  1.00000E-040  2.38392E-028  2.84499E-023  6.21180E-010  4.92764E-016  1.71733E-011  5.48092E-016  7.72699E-008  1.52572E-010  2.64974E-006  8.30555E-010  4.74992E-013  7.89162E-018  1.86493E-010  3.09902E-009  1.60815E-012  1.48548E-031  4.00341E-035  1.00000E-040  4.84516E-030  1.84384E-029  3.92046E-024  2.08094E-019  2.36964E-015  8.92894E-023  2.14379E-022  3.89907E-040  1.00000E-040  3.16247E-031  1.00000E-040  5.92627E-028  4.26351E-038  5.66127E-036  8.41450E-024  8.07880E-018  3.49595E-031  2.36686E-033  2.93742E-023  7.82221E-016  1.57176E-016  4.33632E-014  7.41126E-028  8.97428E-015  1.00000E-040  1.11032E-014  9.45725E-039  7.77692E-024  4.57770E-031  4.83988E-020  2.61393E-025  1.57673E-013  5.19980E-022  5.97165E-018  1.96605E-030  2.06011E-014  1.00000E-040  1.39216E-038  2.25257E-022  1.00000E-040  2.07426E-026  9.94432E-012  1.00000E-040  1.00000E-003  1.00000E-005  1.00000E-005  1.00000E-005  1.00000E-005  1.00000E-005  1.00000E-005  1.00000E-005  1.00000E-005  1.00000E-005  1.00000E-005  1.00000E-005  1.00000E-005  1.00000E-005  1.00000E-005  1.00000E-005  
2.55000E+001  2.55541E-002  8.85669E+017  2.08981E+002  8.74643E+003  1.00000E-040  7.79279E-036  1.00000E-040  1.07509E-010  1.00000E-040  1.00000E-040  1.00000E-040  1.00000E-040  1.00000E-040  1.00000E-040  1.00000E-040  1.00000E-040  1.00000E-040  1.00000E-040  1.16360E-020  1.00000E-040  1.00000E-040  3.15339E-018  3.91048E-007  1.28536E-005  5.74652E-012  3.99207E-011  2.12246E-002  3.12133E-009  2.83332E-004  1.15314E-020  1.41230E-011  1.00000E-040  1.00000E-040  1.03552E-027  2.93074E-017  4.52717E-007  1.52958E-022  3.85300E-028  1.00000E-040  1.00000E-040  1.00000E-040  1.84176E-019  3.96263E-020  2.47474E-016  6.62511E-013  1.02738E-038  1.00000E-040  5.23877E-012  2.44130E-035  3.89570E-011  1.34008E-021  9.78476E-001  1.18992E-021  3.89010E-022  7.94491E-019  1.91296E-036  1.00000E-040  5.24014E-028  4.50646E-023  8.42377E-010  5.92668E-016  1.80451E-011  5.59934E-016  6.41340E-008  1.23760E-010  2.64928E-006  9.66710E-010  4.83925E-013  9.57756E-018  2.13535E-010  2.86513E-009  1.13512E-012  1.26921E-031  5.02054E-035  1.00000E-040  5.08743E-030  1.15342E-031  3.92009E-024  3.41422E-019  3.84385E-015  1.52567E-022  3.74085E-022  3.61549E-040  1.00000E-040  3.31355E-031  1.00000E-040  6.30292E-028  6.89423E-038  1.27749E-035  1.33217E-023  8.01140E-018  8.34045E-031  5.81860E-033  1.40228E-023  5.54528E-016  2.08610E-016  4.01409E-014  1.25767E-027  3.26817E-015  1.00000E-040  1.11258E-014  2.80787E-038  1.27239E-023  7.81287E-031  4.83960E-020  3.83653E-025  1.56313E-013  4.60512E-022  8.76743E-018  1.17486E-032  2.05674E-014  1.00000E-040  1.77651E-038  3.87938E-022  1.00000E-040  2.33715E-026  8.53676E-012  1.00000E-040  1.00000E-003  1.00000E-005  1.00000E-005  1.00000E-005  1.00000E-005  1.00000E-005  1.00000E-005  1.00000E-005  1.00000E-005  1.00000E-005  1.00000E-005  1.00000E-005  1.00000E-005  1.00000E-005  1.00000E-005  1.00000E-005  
2.65000E+001  2.18331E-002  7.51621E+017  2.10394E+002  9.76505E+003  1.00000E-040  2.02483E-035  1.00000E-040  5.91798E-011  1.00000E-040  1.00000E-040  1.00000E-040  1.00000E-040  1.00000E-040  1.00000E-040  1.00000E-040  1.00000E-040  1.00000E-040  1.00000E-040  1.17388E-020  1.00000E-040  1.00000E-040  5.74548E-018  3.78690E-007  1.29211E-005  8.01677E-012  5.95000E-011  2.12243E-002  3.15499E-009  2.83344E-004  1.65021E-020  1.52203E-011  1.00000E-040  1.00000E-040  2.40925E-027  4.78660E-017  4.23622E-007  1.34217E-022  1.09849E-028  3.23032E-037  3.67167E-036  1.00000E-040  1.30673E-019  3.87621E-020  2.25150E-016  4.28467E-013  1.85874E-038  1.00000E-040  2.39823E-012  4.11439E-035  3.83805E-011  1.15453E-020  9.78476E-001  1.43690E-021  6.61044E-023  1.14237E-019  1.99874E-036  2.29043E-040  1.17829E-027  7.17183E-023  1.10319E-009  6.79536E-016  1.90957E-011  5.71063E-016  5.28954E-008  1.01142E-010  2.60828E-006  1.07705E-009  4.89646E-013  1.10022E-017  2.34755E-010  2.55212E-009  7.65756E-013  1.09304E-031  6.24806E-035  1.00000E-040  5.22883E-030  1.06378E-033  3.91970E-024  5.63944E-019  6.23843E-015  2.62259E-022  6.58306E-022  3.45544E-040  1.00000E-040  3.51077E-031  1.00000E-040  6.65953E-028  1.00818E-037  2.87736E-035  2.12024E-023  8.09032E-018  1.99485E-030  1.51564E-032  6.32357E-024  3.60158E-016  2.73133E-016  3.65726E-014  6.60018E-027  1.16207E-015  1.00000E-040  1.05371E-014  8.33780E-038  2.08195E-023  1.43187E-030  4.83932E-020  5.58431E-025  1.58434E-013  3.66212E-022  1.26750E-017  9.91610E-035  2.05322E-014  1.00000E-040  2.33639E-038  6.68943E-022  1.00000E-040  2.73737E-026  7.28564E-012  1.00000E-040  1.00000E-003  1.00000E-005  1.00000E-005  1.00000E-005  1.00000E-005  1.00000E-005  1.00000E-005  1.00000E-005  1.00000E-005  1.00000E-005  1.00000E-005  1.00000E-005  1.00000E-005  1.00000E-005  1.00000E-005  1.00000E-005  
2.75000E+001  1.86761E-002  6.37946E+017  2.12040E+002  1.09262E+004  1.00000E-040  5.24092E-035  1.00000E-040  2.91231E-011  1.00000E-040  1.00000E-040  1.00000E-040  1.00000E-040  1.00000E-040  1.00000E-040  1.00000E-040  1.00000E-040  1.00000E-040  1.00000E-040  1.18477E-020  1.00000E-040  1.00000E-040  1.06431E-017  3.66224E-007  1.29872E-005  1.10717E-011  8.86400E-011  2.12240E-002  3.19314E-009  2.83353E-004  2.33469E-020  1.62603E-011  1.00000E-040  1.00000E-040  5.53242E-027  7.76997E-017  3.95213E-007  1.05616E-022  2.59167E-029  2.35901E-036  2.70434E-035  1.00000E-040  8.82507E-020  3.51892E-020  1.84716E-016  2.54363E-013  2.86084E-038  1.00000E-040  1.00400E-012  7.08217E-035  3.78449E-011  1.06210E-019  9.78476E-001  1.71401E-021  3.49675E-023  5.09358E-020  2.04728E-036  7.46282E-040  2.60969E-027  1.13789E-022  1.39104E-009  7.38995E-016  2.03775E-011  5.77858E-016  4.34103E-008  8.39833E-011  2.54181E-006  1.14654E-009  4.93052E-013  1.17188E-017  2.47614E-010  2.19457E-009  5.63960E-013  9.47715E-032  7.73056E-035  1.00000E-040  5.29889E-030  1.04178E-034  3.91930E-024  9.35120E-019  1.00803E-014  4.51502E-022  1.16279E-021  3.44526E-040  1.00000E-040  3.76466E-031  1.00000E-040  7.01975E-028  1.31869E-037  6.41144E-035  3.36972E-023  8.26647E-018  4.72840E-030  3.96897E-032  2.71930E-024  2.14125E-016  3.52424E-016  3.27568E-014  6.06007E-026  4.03608E-016  1.00000E-040  9.57874E-015  2.39273E-037  3.38761E-023  2.68418E-030  4.83901E-020  7.98773E-025  1.63232E-013  2.61557E-022  1.80529E-017  8.65893E-036  2.04954E-014  1.00000E-040  3.16924E-038  1.14331E-021  1.00000E-040  3.29580E-026  6.17708E-012  1.00000E-040  1.00000E-003  1.00000E-005  1.00000E-005  1.00000E-005  1.00000E-005  1.00000E-005  1.00000E-005  1.00000E-005  1.00000E-005  1.00000E-005  1.00000E-005  1.00000E-005  1.00000E-005  1.00000E-005  1.00000E-005  1.00000E-005  
2.85000E+001  1.59968E-002  5.41664E+017  2.13905E+002  1.22719E+004  1.00000E-040  1.35043E-034  1.00000E-040  1.03981E-011  1.00000E-040  1.00000E-040  1.00000E-040  1.00000E-040  1.00000E-040  1.00000E-040  1.00000E-040  1.00000E-040  1.00000E-040  1.00000E-040  1.19625E-020  1.00000E-040  1.00000E-040  2.01859E-017  3.53813E-007  1.30513E-005  1.51526E-011  1.32377E-010  2.12236E-002  3.23132E-009  2.83361E-004  3.27002E-020  1.72461E-011  1.00000E-040  1.00000E-040  1.25456E-026  1.25345E-016  3.67697E-007  7.52144E-023  5.09658E-030  1.00000E-040  1.00000E-040  1.00000E-040  5.67872E-020  2.96503E-020  1.37414E-016  1.39596E-013  3.73852E-038  1.00000E-040  3.86437E-013  1.24220E-034  3.73492E-011  7.66623E-019  9.78477E-001  2.02361E-021  2.65471E-023  3.25817E-020  2.05736E-036  2.26707E-039  5.56719E-027  1.78264E-022  1.68637E-009  7.59741E-016  2.19604E-011  5.81301E-016  3.55564E-008  7.12219E-011  2.46338E-006  1.16778E-009  4.96438E-013  1.16318E-017  2.50378E-010  1.82568E-009  6.38577E-013  8.26876E-032  9.51298E-035  1.00000E-040  5.32270E-030  3.71969E-035  3.91887E-024  1.54740E-018  1.61831E-014  7.73841E-022  2.04991E-021  3.62629E-040  1.58880E-040  4.08476E-031  1.00000E-040  7.40815E-028  1.55577E-037  1.40096E-034  5.30381E-023  8.49719E-018  1.11081E-029  1.02293E-031  1.12688E-024  1.16906E-016  4.48589E-016  2.88253E-014  4.75155E-025  1.38002E-016  1.00000E-040  8.40257E-015  6.49658E-037  5.44100E-023  4.94846E-030  4.83870E-020  1.10912E-024  1.70269E-013  1.69254E-022  2.53847E-017  2.83418E-036  2.04570E-014  1.00000E-040  4.44979E-038  1.93738E-021  1.00000E-040  4.09044E-026  5.20605E-012  1.00000E-040  1.00000E-003  1.00000E-005  1.00000E-005  1.00000E-005  1.00000E-005  1.00000E-005  1.00000E-005  1.00000E-005  1.00000E-005  1.00000E-005  1.00000E-005  1.00000E-005  1.00000E-005  1.00000E-005  1.00000E-005  1.00000E-005  
2.95000E+001  1.37224E-002  4.60063E+017  2.16037E+002  1.33027E+004  1.00000E-040  3.46278E-034  1.00000E-040  7.09348E-021  1.00000E-040  1.00000E-040  1.00000E-040  1.00000E-040  1.00000E-040  1.00000E-040  1.00000E-040  1.00000E-040  1.00000E-040  1.00000E-040  1.20847E-020  1.00000E-040  1.00000E-040  3.95435E-017  3.41398E-007  1.31140E-005  2.05782E-011  1.98640E-010  2.12233E-002  3.26733E-009  2.83367E-004  4.54419E-020  1.81886E-011  1.00000E-040  1.49109E-040  2.81929E-026  2.01281E-016  3.40765E-007  4.85343E-023  8.38245E-031  7.73193E-037  8.82519E-036  1.00000E-040  3.43472E-020  2.29379E-020  9.24375E-017  7.07632E-014  4.14516E-038  1.00000E-040  1.35906E-013  2.23405E-034  3.68831E-011  4.26618E-018  9.78477E-001  2.37116E-021  2.17873E-023  2.19340E-020  2.03352E-036  6.47907E-039  1.14560E-026  2.75736E-022  1.96691E-009  7.37127E-016  2.38647E-011  5.83322E-016  2.90374E-008  6.15183E-011  2.38089E-006  1.14109E-009  5.01187E-013  1.08153E-017  2.42766E-010  1.47094E-009  9.57781E-013  7.24344E-032  1.16383E-034  1.00000E-040  5.31359E-030  1.59802E-035  3.91841E-024  2.55977E-018  2.58838E-014  1.32395E-021  3.61833E-021  4.06965E-040  3.35949E-040  4.48818E-031  1.00000E-040  7.84077E-028  1.66124E-037  3.00734E-034  8.27988E-023  8.69373E-018  2.59722E-029  2.58674E-031  4.46678E-025  5.80498E-017  5.63318E-016  2.48844E-014  2.88194E-024  4.61502E-017  1.00000E-040  7.09090E-015  1.67069E-036  8.64563E-023  8.85283E-030  4.83837E-020  1.49164E-024  1.78581E-013  9.92308E-023  3.53086E-017  1.10331E-036  2.04163E-014  1.00000E-040  6.51494E-038  3.26792E-021  1.00000E-040  5.26728E-026  4.34935E-012  7.45013E-032  1.00000E-003  1.00000E-005  1.00000E-005  1.00000E-005  1.00000E-005  1.00000E-005  1.00000E-005  1.00000E-005  1.00000E-005  1.00000E-005  1.00000E-005  1.00000E-005  1.00000E-005  1.00000E-005  1.00000E-005  1.00000E-005  
3.05000E+001  1.17908E-002  3.90897E+017  2.18473E+002  1.46946E+004  1.00000E-040  8.83165E-034  1.00000E-040  1.07948E-020  1.00000E-040  1.00000E-040  1.00000E-040  1.00000E-040  1.00000E-040  1.00000E-040  1.00000E-040  1.00000E-040  1.00000E-040  1.00000E-040  1.22108E-020  1.00000E-040  1.00000E-040  8.06421E-017  3.29032E-007  1.31753E-005  2.77926E-011  3.00030E-010  2.12229E-002  3.29736E-009  2.83371E-004  6.28561E-020  1.91073E-011  1.00000E-040  6.06702E-040  6.30637E-026  3.22359E-016  3.14335E-007  2.84952E-023  1.14284E-031  2.86692E-037  3.28254E-036  1.00000E-040  1.92193E-020  1.61242E-020  5.62074E-017  3.31776E-014  3.93588E-038  1.00000E-040  4.34978E-014  4.14078E-034  3.64413E-011  1.87630E-017  9.78478E-001  2.76718E-021  1.93044E-023  1.50222E-020  1.98061E-036  1.74399E-038  2.27776E-026  4.19430E-022  2.20966E-009  6.75159E-016  2.60601E-011  5.86225E-016  2.36365E-008  5.37564E-011  2.30004E-006  1.07160E-009  5.07579E-013  9.48022E-018  2.25917E-010  1.14901E-009  1.08752E-012  6.36250E-032  1.41705E-034  1.00000E-040  5.28988E-030  7.98424E-036  3.91793E-024  4.22010E-018  4.13006E-014  2.25597E-021  6.38120E-021  4.89879E-040  7.10918E-040  4.99364E-031  1.00000E-040  8.33485E-028  1.61563E-037  6.33298E-034  1.27922E-022  8.75197E-018  6.07317E-029  6.37992E-031  1.68524E-025  2.59695E-017  6.98580E-016  2.10768E-014  1.37409E-023  1.50059E-017  1.32677E-038  5.75734E-015  4.07926E-036  1.35716E-022  1.52708E-029  4.83801E-020  1.93347E-024  1.86614E-013  5.28872E-023  4.87092E-017  4.92324E-037  2.03732E-014  1.00000E-040  1.00137E-037  5.51230E-021  1.00000E-040  7.07596E-026  3.59373E-012  3.57499E-032  1.00000E-003  1.00000E-005  1.00000E-005  1.00000E-005  1.00000E-005  1.00000E-005  1.00000E-005  1.00000E-005  1.00000E-005  1.00000E-005  1.00000E-005  1.00000E-005  1.00000E-005  1.00000E-005  1.00000E-005  1.00000E-005  
3.15000E+001  1.01491E-002  3.32589E+017  2.21022E+002  1.63646E+004  1.00000E-040  2.23705E-033  1.00000E-040  2.53437E-020  1.00000E-040  1.00000E-040  1.00000E-040  1.00000E-040  1.00000E-040  1.00000E-040  1.00000E-040  1.00000E-040  1.00000E-040  1.00000E-040  1.23153E-020  1.00000E-040  1.00000E-040  1.71345E-016  3.17069E-007  1.32339E-005  3.74723E-011  4.55942E-010  2.12225E-002  3.31099E-009  2.83373E-004  8.65878E-020  1.99542E-011  1.00000E-040  2.45047E-039  1.39773E-025  5.12023E-016  2.88923E-007  1.55215E-023  1.25972E-032  1.00000E-040  1.00000E-040  1.00000E-040  9.88960E-021  1.03337E-020  3.14262E-017  1.46209E-014  3.27995E-038  1.00000E-040  1.28604E-014  7.72713E-034  3.60280E-011  6.72305E-017  9.78478E-001  3.21527E-021  1.88844E-023  1.04685E-020  1.90157E-036  4.39491E-038  4.33180E-026  6.19068E-022  2.39650E-009  5.87587E-016  2.83977E-011  5.88461E-016  1.92526E-008  4.71201E-011  2.22860E-006  9.65861E-010  5.13069E-013  7.79996E-018  2.02916E-010  8.74115E-010  1.13639E-012  5.61134E-032  1.73054E-034  1.00000E-040  5.31053E-030  4.84633E-036  3.91740E-024  6.84485E-018  6.53013E-014  3.77301E-021  1.10588E-020  6.30076E-040  1.44912E-039  5.60983E-031  1.00000E-040  8.92967E-028  1.44697E-037  1.29327E-033  1.93175E-022  8.57062E-018  1.40852E-028  1.49428E-030  6.20994E-026  1.05566E-017  8.58120E-016  1.76131E-014  5.26558E-023  4.78817E-018  7.10857E-035  4.62738E-015  9.44689E-036  2.08142E-022  2.51112E-029  4.83764E-020  2.39441E-024  1.91505E-013  2.62752E-023  6.69174E-017  2.64220E-037  2.03282E-014  1.00000E-040  1.67546E-037  9.23929E-021  1.00000E-040  9.79493E-026  2.94219E-012  6.39362E-033  1.00000E-003  1.00000E-005  1.00000E-005  1.00000E-005  1.00000E-005  1.00000E-005  1.00000E-005  1.00000E-005  1.00000E-005  1.00000E-005  1.00000E-005  1.00000E-005  1.00000E-005  1.00000E-005  1.00000E-005  1.00000E-005  
3.25000E+001  8.75170E-003  2.83420E+017  2.23655E+002  1.77833E+004  1.00000E-040  5.62601E-033  1.00000E-040  6.21606E-020  1.00000E-040  1.00000E-040  1.00000E-040  1.00000E-040  1.00000E-040  1.00000E-040  1.00000E-040  1.00000E-040  1.00000E-040  1.00000E-040  1.23581E-020  1.00000E-040  1.00000E-040  3.80717E-016  3.05634E-007  1.32896E-005  5.06798E-011  6.98677E-010  2.12221E-002  3.29664E-009  2.83373E-004  1.19311E-019  2.07195E-011  1.00000E-040  9.96229E-039  3.08748E-025  8.07786E-016  2.64502E-007  7.91141E-024  1.16696E-033  1.00000E-040  1.00000E-040  1.00000E-040  4.60934E-021  5.99265E-021  1.62161E-017  6.08790E-015  2.45344E-038  1.00000E-040  3.51403E-015  1.45216E-033  3.56389E-011  2.01461E-016  9.78479E-001  3.75605E-021  2.05088E-023  7.47175E-021  9.28624E-037  1.03505E-037  7.83994E-026  8.83539E-022  2.51402E-009  4.87211E-016  3.07606E-011  5.95489E-016  1.56828E-008  4.11783E-011  2.16901E-006  8.34895E-010  5.15363E-013  6.06500E-018  1.76384E-010  6.48841E-010  1.15390E-012  4.97356E-032  2.13452E-034  1.00000E-040  5.42059E-030  3.60133E-036  3.91684E-024  1.08760E-017  1.02247E-013  6.16789E-021  1.87449E-020  8.61440E-040  2.82502E-039  3.28112E-031  1.00000E-040  9.66953E-028  1.20469E-037  2.56375E-033  2.84465E-022  8.06254E-018  3.25706E-028  3.27840E-030  2.23213E-026  3.86970E-018  1.04707E-015  1.45572E-014  1.66254E-022  1.48715E-018  1.72564E-038  3.73531E-015  2.07515E-035  3.11367E-022  3.91911E-029  4.83724E-020  2.82879E-024  1.90856E-013  1.23097E-023  9.19995E-017  1.72237E-037  2.02813E-014  1.00000E-040  1.39618E-037  1.54682E-020  1.00000E-040  1.39264E-025  2.38165E-012  2.03000E-033  1.00000E-003  1.00000E-005  1.00000E-005  1.00000E-005  1.00000E-005  1.00000E-005  1.00000E-005  1.00000E-005  1.00000E-005  1.00000E-005  1.00000E-005  1.00000E-005  1.00000E-005  1.00000E-005  1.00000E-005  1.00000E-005  
3.35000E+001  7.55931E-003  2.42389E+017  2.25884E+002  1.94692E+004  1.00000E-040  1.40216E-032  1.00000E-040  1.53339E-019  1.00000E-040  1.00000E-040  1.00000E-040  1.00000E-040  1.00000E-040  1.00000E-040  1.00000E-040  1.00000E-040  1.00000E-040  1.00000E-040  1.22447E-020  1.00000E-040  1.00000E-040  8.75137E-016  2.94916E-007  1.33422E-005  6.91054E-011  1.07663E-009  2.12216E-002  3.23306E-009  2.83370E-004  1.63124E-019  2.11446E-011  1.00000E-040  4.04091E-038  6.66402E-025  1.24246E-015  2.41106E-007  3.77414E-024  1.13406E-034  1.00000E-040  1.00000E-040  1.00000E-040  1.90582E-021  3.10838E-021  7.74394E-018  2.39070E-015  1.64526E-038  1.00000E-040  8.85006E-016  2.59752E-033  3.52705E-011  5.20106E-016  9.78479E-001  4.40552E-021  2.33868E-023  5.50146E-021  6.93285E-037  2.25282E-037  1.33397E-025  1.20915E-021  2.55586E-009  3.87688E-016  3.29062E-011  6.03254E-016  1.27613E-008  3.58775E-011  2.12813E-006  6.86517E-010  5.06517E-013  4.23965E-018  1.49764E-010  4.71593E-010  1.15981E-012  4.43915E-032  2.70390E-034  1.00000E-040  5.73739E-030  2.94003E-036  3.91622E-024  1.67640E-017  1.56476E-013  9.71406E-021  3.04977E-020  1.24236E-039  4.89876E-039  2.98595E-031  1.00000E-040  1.06478E-027  9.10022E-038  4.89322E-033  4.04184E-022  7.17134E-018  7.30167E-028  6.52568E-030  7.97338E-027  1.27569E-018  1.27017E-015  1.19956E-014  4.36746E-022  4.43080E-019  1.00000E-040  3.22622E-015  4.35284E-035  4.50045E-022  5.76874E-029  4.83682E-020  3.19998E-024  1.81394E-013  5.52195E-024  1.27248E-016  1.23563E-037  2.02325E-014  1.00000E-040  1.92001E-037  2.52827E-020  1.00000E-040  1.94424E-025  1.90164E-012  5.37985E-034  1.00000E-003  1.00000E-005  1.00000E-005  1.00000E-005  1.00000E-005  1.00000E-005  1.00000E-005  1.00000E-005  1.00000E-005  1.00000E-005  1.00000E-005  1.00000E-005  1.00000E-005  1.00000E-005  1.00000E-005  1.00000E-005  
3.45000E+001  6.53811E-003  2.08073E+017  2.27590E+002  2.14942E+004  1.00000E-040  3.46600E-032  1.00000E-040  3.77110E-019  1.00000E-040  1.00000E-040  1.00000E-040  1.00000E-040  1.00000E-040  1.00000E-040  1.00000E-040  1.00000E-040  1.00000E-040  1.00000E-040  1.18755E-020  1.00000E-040  1.00000E-040  2.07263E-015  2.85345E-007  1.33903E-005  9.52563E-011  1.66934E-009  2.12210E-002  3.11327E-009  2.83364E-004  2.21486E-019  2.11629E-011  1.00000E-040  1.67606E-037  1.40596E-024  1.86103E-015  2.19190E-007  1.70970E-024  1.21521E-034  1.97914E-037  2.25190E-036  1.00000E-040  6.98837E-022  1.44802E-021  3.46445E-018  8.95870E-016  1.01219E-038  1.00000E-040  2.07565E-016  4.38335E-033  3.49265E-011  1.18486E-015  9.78480E-001  5.23306E-021  2.66516E-023  4.21721E-021  5.09588E-037  4.46989E-037  2.09951E-025  1.57175E-021  2.52460E-009  2.97516E-016  3.47331E-011  6.16126E-016  1.03941E-008  3.13963E-011  2.10192E-006  5.34544E-010  4.79622E-013  2.68596E-018  1.24732E-010  3.34860E-010  1.16154E-012  4.01413E-032  3.54561E-034  1.00000E-040  6.33351E-030  2.38781E-036  3.91553E-024  2.47870E-017  2.33139E-013  1.45568E-020  4.70033E-020  1.86089E-039  7.39925E-039  2.72112E-031  1.00000E-040  1.19473E-027  6.31160E-038  8.91990E-033  5.48104E-022  6.00963E-018  1.58503E-027  1.15576E-029  2.84347E-027  3.79523E-019  1.53540E-015  9.90154E-015  9.75271E-022  1.26188E-019  1.00000E-040  3.04418E-015  8.62767E-035  6.21416E-022  7.92186E-029  4.83638E-020  3.44676E-024  1.63718E-013  2.41401E-024  1.77603E-016  8.85866E-038  2.01830E-014  1.00000E-040  2.71178E-037  4.03157E-020  1.00000E-040  2.63985E-025  1.50007E-012  1.96758E-034  1.00000E-003  1.00000E-005  1.00000E-005  1.00000E-005  1.00000E-005  1.00000E-005  1.00000E-005  1.00000E-005  1.00000E-005  1.00000E-005  1.00000E-005  1.00000E-005  1.00000E-005  1.00000E-005  1.00000E-005  1.00000E-005  
3.55000E+001  5.66008E-003  1.79355E+017  2.28574E+002  2.36775E+004  1.00000E-040  8.50428E-032  1.00000E-040  9.22550E-019  1.00000E-040  1.00000E-040  1.00000E-040  1.00000E-040  1.00000E-040  1.00000E-040  1.00000E-040  1.00000E-040  1.00000E-040  1.00000E-040  1.11558E-020  1.00000E-040  1.00000E-040  4.98388E-015  2.77326E-007  1.34330E-005  1.32396E-010  2.59402E-009  2.12204E-002  2.93968E-009  2.83354E-004  2.96529E-019  2.06557E-011  1.00000E-040  7.12895E-037  2.86074E-024  2.69109E-015  1.99080E-007  7.43017E-025  1.50943E-035  3.47008E-038  3.91964E-037  1.00000E-040  2.28292E-022  6.08975E-022  1.46867E-018  3.23234E-016  5.76126E-039  1.00000E-040  4.56108E-017  6.81334E-033  3.46087E-011  2.43543E-015  9.78480E-001  6.27872E-021  2.90981E-023  3.36694E-021  3.71420E-037  8.03138E-037  3.03119E-025  1.92529E-021  2.42738E-009  2.21236E-016  3.61639E-011  6.31318E-016  8.48352E-009  2.80181E-011  2.08167E-006  3.91306E-010  4.26941E-013  1.53458E-018  1.02349E-010  2.30359E-010  1.16181E-012  3.70266E-032  4.82837E-034  1.00000E-040  7.28036E-030  1.78275E-036  3.91478E-024  3.48620E-017  3.35666E-013  2.05233E-020  6.77860E-020  2.86355E-039  9.45295E-039  2.48504E-031  1.00000E-040  1.36420E-027  4.01679E-038  1.53380E-032  7.02267E-022  4.74915E-018  3.27790E-027  1.80167E-029  1.01546E-027  1.02661E-019  1.84537E-015  8.22538E-015  1.88133E-021  3.41242E-020  1.00000E-040  3.20088E-015  1.60775E-034  8.10644E-022  1.01237E-028  4.83593E-020  3.52385E-024  1.40134E-013  1.04019E-024  2.49696E-016  5.88320E-038  2.01340E-014  1.00000E-040  3.87125E-037  6.17960E-020  1.00000E-040  3.41419E-025  1.17121E-012  3.10382E-035  1.00000E-003  1.00000E-005  1.00000E-005  1.00000E-005  1.00000E-005  1.00000E-005  1.00000E-005  1.00000E-005  1.00000E-005  1.00000E-005  1.00000E-005  1.00000E-005  1.00000E-005  1.00000E-005  1.00000E-005  1.00000E-005  
3.65000E+001  4.90197E-003  1.55271E+017  2.28664E+002  2.67395E+004  1.00000E-040  2.07401E-031  1.00000E-040  2.24529E-018  1.00000E-040  1.00000E-040  1.00000E-040  1.00000E-040  1.00000E-040  1.00000E-040  1.00000E-040  1.00000E-040  1.00000E-040  1.00000E-040  1.00507E-020  1.00000E-040  1.00000E-040  1.18780E-014  2.71325E-007  1.34689E-005  1.83891E-010  4.00547E-009  2.12198E-002  2.72927E-009  2.83342E-004  3.86821E-019  1.95684E-011  1.00000E-040  2.98811E-036  5.49063E-024  3.71440E-015  1.81210E-007  3.15847E-025  1.00000E-040  1.00000E-040  1.00000E-040  1.00000E-040  6.80680E-023  2.35778E-022  6.02863E-019  1.14423E-016  3.06831E-039  1.00000E-040  9.53394E-018  9.48899E-033  3.43214E-011  4.60578E-015  9.78481E-001  7.50144E-021  2.96685E-023  2.77153E-021  2.71785E-037  1.30479E-036  4.00295E-025  2.20106E-021  2.27647E-009  1.60368E-016  3.71809E-011  6.38564E-016  6.95872E-009  2.59565E-011  2.05346E-006  2.68021E-010  3.47663E-013  7.96431E-019  8.30806E-011  1.51758E-010  1.16157E-012  3.51290E-032  6.78462E-034  1.00000E-040  8.59283E-030  1.17535E-036  3.91397E-024  4.62560E-017  4.62634E-013  2.69145E-020  9.03933E-020  4.50692E-039  9.95569E-039  2.27773E-031  1.00000E-040  1.57498E-027  2.36037E-038  2.43779E-032  8.40483E-022  3.57107E-018  6.30047E-027  2.46499E-029  3.70666E-028  2.58679E-020  2.19212E-015  6.90646E-015  3.18411E-021  8.81600E-021  1.00000E-040  3.76883E-015  2.79928E-034  9.86363E-022  1.20670E-028  4.83548E-020  3.39741E-024  1.14219E-013  4.48044E-025  3.50906E-016  3.48244E-038  2.00871E-014  1.00000E-040  5.50482E-037  8.89492E-020  1.00000E-040  4.12222E-025  9.10524E-013  1.00000E-040  1.00000E-003  1.00000E-005  1.00000E-005  1.00000E-005  1.00000E-005  1.00000E-005  1.00000E-005  1.00000E-005  1.00000E-005  1.00000E-005  1.00000E-005  1.00000E-005  1.00000E-005  1.00000E-005  1.00000E-005  1.00000E-005  
3.75000E+001  4.24536E-003  1.34639E+017  2.28381E+002  2.97405E+004  1.00000E-040  5.04880E-031  1.00000E-040  5.45627E-018  1.00000E-040  1.00000E-040  1.00000E-040  1.00000E-040  1.00000E-040  1.00000E-040  1.00000E-040  1.00000E-040  1.00000E-040  1.00000E-040  8.63994E-021  1.00000E-040  1.00000E-040  2.76581E-014  2.67675E-007  1.34974E-005  2.51408E-010  6.11276E-009  2.12193E-002  2.51606E-009  2.83326E-004  4.92068E-019  1.81923E-011  1.00000E-040  1.20434E-035  9.96312E-024  4.94729E-015  1.65750E-007  1.35214E-025  2.34336E-034  1.02220E-036  1.14714E-035  1.00000E-040  1.93472E-023  8.66621E-023  2.45551E-019  4.08409E-017  1.57731E-039  1.00000E-040  1.92177E-018  1.24376E-032  3.40650E-011  8.03055E-015  9.78481E-001  8.93175E-021  2.92579E-023  2.32619E-021  2.28578E-036  1.92357E-036  4.83492E-025  2.33434E-021  2.08472E-009  1.12844E-016  3.79927E-011  6.41612E-016  5.74611E-009  2.50627E-011  1.99385E-006  1.73006E-010  2.54820E-013  4.12777E-019  6.62500E-011  9.41092E-011  1.16114E-012  3.45514E-032  9.55543E-034  1.00000E-040  9.99225E-030  7.38403E-037  3.91311E-024  5.79403E-017  6.13004E-013  3.29441E-020  1.12416E-019  7.35451E-039  9.18832E-039  2.09709E-031  2.06754E-040  1.80934E-027  1.34106E-038  3.52468E-032  9.39687E-022  2.60031E-018  1.13793E-026  3.01712E-029  1.44763E-028  6.22977E-021  2.54674E-015  5.83168E-015  4.83643E-021  2.20637E-021  1.00000E-040  4.65254E-015  4.41763E-034  1.11758E-021  1.34832E-028  4.83505E-020  3.02514E-024  8.98175E-014  1.92920E-025  4.86296E-016  1.96138E-038  2.00436E-014  3.32425E-040  7.75576E-037  1.20641E-019  1.00000E-040  4.80522E-025  7.09336E-013  2.73985E-032  1.00000E-003  1.00000E-005  1.00000E-005  1.00000E-005  1.00000E-005  1.00000E-005  1.00000E-005  1.00000E-005  1.00000E-005  1.00000E-005  1.00000E-005  1.00000E-005  1.00000E-005  1.00000E-005  1.00000E-005  1.00000E-005  
3.85000E+001  3.67515E-003  1.17201E+017  2.27122E+002  3.29242E+004  1.00000E-040  1.00000E-040  1.00000E-040  1.32205E-017  1.00000E-040  1.00000E-040  1.00000E-040  1.00000E-040  1.00000E-040  1.00000E-040  1.00000E-040  1.00000E-040  1.00000E-040  1.00000E-040  7.02440E-021  1.00000E-040  1.00000E-040  6.02121E-014  2.66600E-007  1.35185E-005  3.33644E-010  9.05990E-009  2.12187E-002  2.30878E-009  2.83307E-004  5.92792E-019  1.63646E-011  1.00000E-040  4.11736E-035  1.61130E-023  6.12481E-015  1.52574E-007  5.90541E-026  1.00000E-040  1.00000E-040  1.00000E-040  1.00000E-040  5.44882E-024  3.10640E-023  1.01443E-019  1.49199E-017  7.68651E-040  1.00000E-040  3.74581E-019  1.40384E-032  3.38356E-011  1.31884E-014  9.78482E-001  1.01991E-020  2.66721E-023  1.94604E-021  4.59999E-036  2.58287E-036  5.36928E-025  2.25926E-021  1.86381E-009  7.75676E-017  3.86083E-011  6.12703E-016  4.77083E-009  2.51274E-011  1.90747E-006  1.05431E-010  1.67005E-013  2.07109E-019  5.23335E-011  5.48943E-011  1.16065E-012  3.52620E-032  1.33373E-033  1.00000E-040  1.13244E-029  4.13223E-037  3.91222E-024  6.75503E-017  7.59414E-013  3.68564E-020  1.27182E-019  1.28833E-038  6.78775E-039  1.93863E-031  4.29459E-040  2.05400E-027  7.13981E-039  4.47022E-032  9.60876E-022  1.83897E-018  1.80230E-026  3.27979E-029  7.63743E-029  1.50925E-021  2.85236E-015  4.97792E-015  6.56983E-021  5.39202E-022  1.00000E-040  6.25876E-015  6.38895E-034  1.15459E-021  1.42635E-028  4.83467E-020  2.47839E-024  6.79080E-014  8.43501E-026  6.57100E-016  9.89819E-039  2.00041E-014  1.00000E-040  1.05107E-036  1.44976E-019  1.00000E-040  5.07153E-025  5.56219E-013  1.20819E-031  1.00000E-003  1.00000E-005  1.00000E-005  1.00000E-005  1.00000E-005  1.00000E-005  1.00000E-005  1.00000E-005  1.00000E-005  1.00000E-005  1.00000E-005  1.00000E-005  1.00000E-005  1.00000E-005  1.00000E-005  1.00000E-005  
3.95000E+001  3.17884E-003  1.02066E+017  2.25582E+002  3.69865E+004  1.00000E-040  1.00000E-040  1.00000E-040  3.20890E-017  1.00000E-040  1.00000E-040  1.00000E-040  1.00000E-040  1.00000E-040  1.00000E-040  1.00000E-040  1.00000E-040  1.00000E-040  1.00000E-040  5.41484E-021  1.00000E-040  1.00000E-040  1.22344E-013  2.68240E-007  1.35323E-005  4.25176E-010  1.30241E-008  2.12182E-002  2.13769E-009  2.83284E-004  6.83881E-019  1.45016E-011  1.00000E-040  1.20027E-034  2.35965E-023  7.17732E-015  1.41644E-007  2.78194E-026  4.58492E-038  3.27807E-040  3.68157E-039  1.00000E-040  1.64673E-024  1.16144E-023  4.48129E-020  5.88358E-018  3.78300E-040  1.00000E-040  7.18538E-020  1.46747E-032  3.36316E-011  2.03251E-014  9.78483E-001  1.12857E-020  2.36882E-023  1.61190E-021  1.20560E-037  3.18012E-036  5.49702E-025  1.99577E-021  1.63344E-009  5.18838E-017  3.92965E-011  5.66100E-016  3.98900E-009  2.54566E-011  1.78729E-006  6.20450E-011  9.97479E-014  1.17058E-019  4.06837E-011  3.01198E-011  1.16012E-012  3.71889E-032  1.78582E-033  1.00000E-040  1.20391E-029  2.28646E-037  3.91134E-024  7.37403E-017  8.89226E-013  3.81270E-020  1.33209E-019  2.46725E-038  4.36089E-039  1.80082E-031  8.46572E-040  2.26992E-027  3.86487E-039  4.95478E-032  9.06174E-022  1.28773E-018  2.57199E-026  3.24435E-029  6.51992E-029  3.92466E-022  3.05001E-015  4.26025E-015  8.15313E-021  1.32540E-022  1.00000E-040  8.50533E-015  8.22611E-034  1.09634E-021  1.44941E-028  4.83439E-020  1.83534E-024  4.99269E-014  3.84317E-026  8.56977E-016  4.90666E-039  1.99692E-014  1.00000E-040  1.37523E-036  1.57099E-019  1.00000E-040  5.11767E-025  4.42484E-013  2.83642E-032  1.00000E-003  1.00000E-005  1.00000E-005  1.00000E-005  1.00000E-005  1.00000E-005  1.00000E-005  1.00000E-005  1.00000E-005  1.00000E-005  1.00000E-005  1.00000E-005  1.00000E-005  1.00000E-005  1.00000E-005  1.00000E-005  
4.05000E+001  2.74659E-003  8.89612E+016  2.23620E+002  4.09878E+004  1.00000E-040  1.00000E-040  1.00000E-040  7.80266E-017  1.00000E-040  1.00000E-040  1.00000E-040  1.00000E-040  1.00000E-040  1.00000E-040  1.00000E-040  1.00000E-040  1.00000E-040  1.00000E-040  3.95482E-021  1.00000E-040  1.00000E-040  2.29451E-013  2.72587E-007  1.35390E-005  5.19287E-010  1.80696E-008  2.12177E-002  2.01075E-009  2.83259E-004  7.52699E-019  1.26612E-011  1.00000E-040  2.88951E-034  3.08687E-023  7.88460E-015  1.32748E-007  1.60313E-026  1.00000E-040  1.00000E-040  1.00000E-040  1.00000E-040  6.17365E-025  5.22221E-024  2.41331E-020  2.84240E-018  2.12123E-040  1.00000E-040  1.37782E-020  1.39055E-032  3.34490E-011  2.97639E-014  9.78483E-001  1.18179E-020  2.02754E-023  1.29723E-021  9.84850E-038  3.62425E-036  5.23670E-025  1.61250E-021  1.41052E-009  3.40713E-017  4.00788E-011  4.93732E-016  3.36063E-009  2.56077E-011  1.64924E-006  3.58400E-011  5.58333E-014  7.81052E-020  3.13423E-011  1.57996E-011  1.15956E-012  3.99082E-032  2.27618E-033  1.00000E-040  1.19842E-029  1.23009E-037  3.91049E-024  7.52917E-017  9.78006E-013  3.64160E-020  1.28817E-019  5.13172E-038  2.39912E-039  1.68137E-031  1.54939E-039  2.43567E-027  2.38607E-039  4.79352E-032  7.87608E-022  8.99705E-019  3.25401E-026  2.94109E-029  7.35997E-029  1.28160E-022  3.10020E-015  3.65748E-015  9.30380E-021  3.36716E-023  1.00000E-040  1.16086E-014  9.55035E-034  9.56859E-022  1.43902E-028  4.83429E-020  1.23806E-024  3.57319E-014  2.07449E-026  1.07597E-015  2.35790E-039  1.99389E-014  1.00000E-040  1.72580E-036  1.51340E-019  1.00000E-040  4.88171E-025  3.59162E-013  6.48360E-033  1.00000E-003  1.00000E-005  1.00000E-005  1.00000E-005  1.00000E-005  1.00000E-005  1.00000E-005  1.00000E-005  1.00000E-005  1.00000E-005  1.00000E-005  1.00000E-005  1.00000E-005  1.00000E-005  1.00000E-005  1.00000E-005  
4.15000E+001  2.37008E-003  7.74845E+016  2.21547E+002  4.51719E+004  1.00000E-040  1.00000E-040  1.00000E-040  1.90430E-016  1.00000E-040  1.00000E-040  1.00000E-040  1.00000E-040  1.00000E-040  1.00000E-040  1.00000E-040  1.00000E-040  1.00000E-040  1.00000E-040  2.74939E-021  1.00000E-040  1.00000E-040  4.02249E-013  2.79588E-007  1.35395E-005  6.10265E-010  2.43102E-008  2.12172E-002  1.93480E-009  2.83230E-004  8.00685E-019  1.09927E-011  1.00000E-040  5.93148E-034  3.68027E-023  8.21959E-015  1.25530E-007  1.52537E-026  1.00000E-040  1.00000E-040  1.00000E-040  1.00000E-040  3.90705E-025  3.85078E-024  2.14088E-020  2.26716E-018  1.84936E-040  1.00000E-040  2.65555E-021  1.24504E-032  3.32814E-011  4.15104E-014  9.78484E-001  1.18217E-020  1.71338E-023  1.01322E-021  8.33671E-038  3.85374E-036  4.66913E-025  1.20418E-021  1.20544E-009  2.20217E-017  4.10165E-011  4.11842E-016  2.84903E-009  2.52603E-011  1.50363E-006  2.06597E-011  3.01097E-014  6.65625E-020  2.39164E-011  8.02449E-012  1.15896E-012  4.28595E-032  2.74368E-033  1.00000E-040  1.11414E-029  6.69382E-038  3.90967E-024  7.24687E-017  1.02059E-012  3.24919E-020  1.16615E-019  1.12545E-037  1.18075E-039  1.57721E-031  2.66103E-039  2.53412E-027  2.30404E-039  4.11970E-032  6.38741E-022  6.32869E-019  3.74249E-026  2.48117E-029  8.75391E-029  7.17195E-023  2.99365E-015  3.13688E-015  9.88256E-021  8.97974E-024  1.00000E-040  1.54525E-014  9.99783E-034  7.77527E-022  1.42542E-028  4.83444E-020  7.64889E-025  2.49824E-014  1.78150E-026  1.30318E-015  1.13966E-039  1.99129E-014  1.00000E-040  2.09562E-036  1.32328E-019  1.00000E-040  4.53847E-025  2.97906E-013  1.36595E-033  1.00000E-003  1.00000E-005  1.00000E-005  1.00000E-005  1.00000E-005  1.00000E-005  1.00000E-005  1.00000E-005  1.00000E-005  1.00000E-005  1.00000E-005  1.00000E-005  1.00000E-005  1.00000E-005  1.00000E-005  1.00000E-005  
4.25000E+001  2.04240E-003  6.74233E+016  2.19405E+002  5.04170E+004  1.00000E-040  1.00000E-040  1.00000E-040  4.66520E-016  1.00000E-040  1.00000E-040  1.00000E-040  1.00000E-040  1.00000E-040  1.00000E-040  1.00000E-040  1.00000E-040  1.00000E-040  1.00000E-040  1.82664E-021  1.00000E-040  1.00000E-040  6.67281E-013  2.89081E-007  1.35344E-005  6.95474E-010  3.18758E-008  2.12167E-002  1.91111E-009  2.83198E-004  8.30887E-019  9.52983E-012  1.00000E-040  1.06559E-033  4.05770E-023  8.18357E-015  1.19736E-007  2.70388E-026  1.79562E-036  2.14586E-038  2.33210E-037  1.00000E-040  4.72441E-025  5.28454E-024  3.53316E-020  3.36692E-018  2.85305E-040  1.00000E-040  5.21492E-022  1.06638E-032  3.31250E-011  5.55593E-014  9.78485E-001  1.12383E-020  1.43435E-023  7.62872E-022  7.27288E-038  3.85683E-036  3.92743E-025  8.41642E-022  1.02588E-009  1.41660E-017  4.20741E-011  3.27099E-016  2.43210E-009  2.44011E-011  1.36218E-006  1.20272E-011  1.60152E-014  7.20111E-020  1.81744E-011  4.01387E-012  1.15830E-012  4.55157E-032  3.14366E-033  1.00000E-040  9.78382E-030  3.68045E-038  3.90890E-024  6.62285E-017  1.01738E-012  2.73272E-020  9.97095E-020  2.50440E-037  5.28724E-040  1.48705E-031  4.33414E-039  2.56699E-027  3.94996E-039  3.21109E-032  4.88492E-022  4.50484E-019  3.97298E-026  1.96691E-029  1.01030E-028  7.82015E-023  2.75757E-015  2.68825E-015  9.86238E-021  2.55982E-024  1.00000E-040  1.98136E-014  9.57491E-034  5.94858E-022  1.42937E-028  4.83496E-020  4.39206E-025  1.70921E-014  2.76359E-026  1.53135E-015  5.54599E-040  1.98907E-014  1.00000E-040  2.48135E-036  1.06579E-019  1.00000E-040  4.16079E-025  2.52986E-013  5.59267E-034  1.00000E-003  1.00000E-005  1.00000E-005  1.00000E-005  1.00000E-005  1.00000E-005  1.00000E-005  1.00000E-005  1.00000E-005  1.00000E-005  1.00000E-005  1.00000E-005  1.00000E-005  1.00000E-005  1.00000E-005  1.00000E-005  
4.35000E+001  1.75756E-003  5.85715E+016  2.17341E+002  5.66624E+004  1.00000E-040  1.00000E-040  1.00000E-040  1.14740E-015  1.00000E-040  1.00000E-040  1.00000E-040  1.00000E-040  1.00000E-040  1.00000E-040  1.00000E-040  1.00000E-040  1.00000E-040  1.00000E-040  1.16601E-021  1.00000E-040  1.00000E-040  1.06499E-012  3.00783E-007  1.35245E-005  7.74584E-010  4.10260E-008  2.12161E-002  1.94032E-009  2.83163E-004  8.50976E-019  8.29578E-012  1.00000E-040  1.73969E-033  4.22269E-023  7.86508E-015  1.15138E-007  6.28964E-026  3.68713E-036  4.95063E-038  5.35221E-037  1.00000E-040  7.65665E-025  9.52654E-024  7.64589E-020  6.55823E-018  5.54673E-040  1.00000E-040  1.06198E-022  8.97513E-033  3.29769E-011  7.17553E-014  9.78486E-001  1.02739E-020  1.20427E-023  5.56563E-022  6.50011E-038  3.65969E-036  3.13575E-025  5.57777E-022  8.75294E-010  9.18124E-018  4.32501E-011  2.50776E-016  2.09389E-009  2.31252E-011  1.23033E-006  7.14295E-012  8.54790E-015  9.36383E-020  1.38145E-011  2.00534E-012  1.15753E-012  4.75884E-032  3.44389E-033  1.00000E-040  8.19388E-030  2.07490E-038  3.90816E-024  5.80422E-017  9.78270E-013  2.19292E-020  8.15783E-020  5.48809E-037  2.21449E-040  1.41014E-031  6.81241E-039  2.54247E-027  8.57374E-039  2.32112E-032  3.56997E-022  3.26228E-019  3.98364E-026  1.48096E-029  1.13418E-028  1.16830E-022  2.43252E-015  2.30089E-015  9.34250E-021  7.93830E-025  1.00000E-040  2.42658E-014  8.46149E-034  4.34381E-022  1.46798E-028  4.83594E-020  2.37040E-025  1.14590E-014  5.47747E-026  1.75697E-015  2.75641E-040  1.98719E-014  1.23379E-040  2.89616E-036  8.07615E-020  1.00000E-040  3.84226E-025  2.20159E-013  2.16511E-034  1.00000E-003  1.00000E-005  1.00000E-005  1.00000E-005  1.00000E-005  1.00000E-005  1.00000E-005  1.00000E-005  1.00000E-005  1.00000E-005  1.00000E-005  1.00000E-005  1.00000E-005  1.00000E-005  1.00000E-005  1.00000E-005  
4.45000E+001  1.51038E-003  5.08061E+016  2.15321E+002  6.33601E+004  1.00000E-040  1.00000E-040  1.00000E-040  2.83009E-015  1.00000E-040  1.00000E-040  1.00000E-040  1.00000E-040  1.00000E-040  1.00000E-040  1.00000E-040  1.00000E-040  1.00000E-040  1.00000E-040  7.17750E-022  1.00000E-040  1.00000E-040  1.65295E-012  3.14489E-007  1.35106E-005  8.49119E-010  5.20803E-008  2.12155E-002  2.02069E-009  2.83127E-004  8.64614E-019  7.26027E-012  1.00000E-040  2.63703E-033  4.19430E-023  7.32971E-015  1.11485E-007  1.49287E-025  1.00000E-040  1.00000E-040  1.00000E-040  1.00000E-040  1.28281E-024  1.75411E-023  1.68662E-019  1.30335E-017  1.06444E-039  1.00000E-040  2.26568E-023  7.44348E-033  3.28339E-011  9.00589E-014  9.78486E-001  9.04487E-021  1.01161E-023  3.94241E-022  5.92380E-038  3.32208E-036  2.39721E-025  3.54805E-022  7.51956E-010  6.08991E-018  4.45123E-011  1.85825E-016  1.81839E-009  2.16144E-011  1.11165E-006  4.34542E-012  4.62575E-015  1.32479E-019  1.05542E-011  1.01120E-012  1.15652E-012  4.89987E-032  3.64248E-033  1.00000E-040  6.63166E-030  1.18625E-038  3.90743E-024  4.91885E-017  9.12261E-013  1.69414E-020  6.44017E-020  1.17054E-036  1.00000E-040  1.34507E-031  1.04523E-038  2.47565E-027  1.84039E-038  1.58576E-032  2.51822E-022  2.40309E-019  3.81291E-026  1.06761E-029  1.23881E-028  1.85424E-022  2.06497E-015  1.96893E-015  8.45536E-021  2.69697E-025  1.00000E-040  2.84815E-014  7.01703E-034  3.05914E-022  1.54225E-028  4.83746E-020  1.22056E-025  7.53376E-015  1.08766E-025  1.98026E-015  1.38694E-040  1.98560E-014  1.00000E-040  3.35469E-036  5.82312E-020  1.00000E-040  3.57997E-025  1.95980E-013  1.33764E-034  1.00000E-003  1.00000E-005  1.00000E-005  1.00000E-005  1.00000E-005  1.00000E-005  1.00000E-005  1.00000E-005  1.00000E-005  1.00000E-005  1.00000E-005  1.00000E-005  1.00000E-005  1.00000E-005  1.00000E-005  1.00000E-005  
4.55000E+001  1.29618E-003  4.40016E+016  2.13361E+002  6.89710E+004  1.00000E-040  1.00000E-040  1.00000E-040  6.99111E-015  1.00000E-040  1.00000E-040  1.00000E-040  1.00000E-040  1.00000E-040  1.00000E-040  1.00000E-040  1.00000E-040  1.00000E-040  1.00000E-040  4.27872E-022  1.00000E-040  1.00000E-040  2.51780E-012  3.30277E-007  1.34928E-005  9.20920E-010  6.54662E-008  2.12148E-002  2.15401E-009  2.83087E-004  8.74821E-019  6.39466E-012  1.00000E-040  3.78569E-033  4.01908E-023  6.65859E-015  1.08522E-007  3.39158E-025  1.00000E-040  1.00000E-040  1.00000E-040  1.00000E-040  2.07273E-024  3.09315E-023  3.55574E-019  2.47835E-017  1.90393E-039  1.00000E-040  5.02659E-024  6.12835E-033  3.26909E-011  1.10261E-013  9.78487E-001  7.74675E-021  8.51590E-024  2.73307E-022  5.50358E-038  2.90151E-036  1.76409E-025  2.18488E-022  6.51014E-010  4.18873E-018  4.58553E-011  1.34508E-016  1.58931E-009  2.00041E-011  1.00583E-006  2.70790E-012  2.54683E-015  1.91601E-019  8.10892E-012  5.15919E-013  1.15488E-012  4.98066E-032  3.74666E-033  1.00000E-040  5.23000E-030  6.86299E-039  3.90670E-024  4.05472E-017  8.29063E-013  1.26838E-020  4.93789E-020  2.43563E-036  1.00000E-040  1.29514E-031  1.98927E-038  2.37845E-027  3.68504E-038  1.03823E-032  1.72731E-022  1.79820E-019  3.52230E-026  7.41308E-030  1.32748E-028  2.91625E-022  1.69273E-015  1.68431E-015  7.34998E-021  9.93326E-026  1.00000E-040  3.22725E-014  5.51412E-034  2.09370E-022  1.65072E-028  4.83965E-020  6.05295E-026  4.86332E-015  2.03883E-025  2.20209E-015  1.00000E-040  1.98423E-014  1.00000E-040  4.88391E-036  4.03708E-020  1.00000E-040  3.37359E-025  1.77707E-013  9.08523E-035  1.00000E-003  1.00000E-005  1.00000E-005  1.00000E-005  1.00000E-005  1.00000E-005  1.00000E-005  1.00000E-005  1.00000E-005  1.00000E-005  1.00000E-005  1.00000E-005  1.00000E-005  1.00000E-005  1.00000E-005  1.00000E-005  
4.65000E+001  1.11086E-003  3.80540E+016  2.11434E+002  7.80352E+004  1.00000E-040  1.00000E-040  1.00000E-040  1.72563E-014  1.00000E-040  1.00000E-040  1.00000E-040  1.00000E-040  1.00000E-040  1.00000E-040  1.00000E-040  1.00000E-040  1.00000E-040  1.00000E-040  2.48215E-022  1.00000E-040  1.00000E-040  3.78890E-012  3.47967E-007  1.34717E-005  9.92332E-010  8.17411E-008  2.12141E-002  2.34274E-009  2.83045E-004  8.83803E-019  5.67178E-012  1.00000E-040  5.22301E-033  3.74618E-023  5.92266E-015  1.06114E-007  7.23454E-025  1.00000E-040  1.00000E-040  1.00000E-040  1.00000E-040  3.15466E-024  5.11762E-023  7.02098E-019  4.42323E-017  3.13137E-039  1.00000E-040  1.16934E-024  5.01215E-033  3.25468E-011  1.32426E-013  9.78488E-001  6.48522E-021  7.16884E-024  1.86754E-022  7.63922E-038  2.46248E-036  1.26180E-025  1.31691E-022  5.69961E-010  3.03398E-018  4.72850E-011  9.55543E-017  1.39905E-009  1.84110E-011  9.12378E-007  1.73202E-012  1.43305E-015  2.71121E-019  6.28987E-012  2.68159E-013  1.15171E-012  5.01586E-032  3.77517E-033  1.00000E-040  4.05210E-030  3.98669E-039  3.90595E-024  3.28019E-017  7.37787E-013  9.28840E-021  3.70955E-020  4.90321E-036  1.00000E-040  1.85078E-031  4.46858E-038  2.26276E-027  6.77830E-038  6.61253E-033  1.16312E-022  1.36589E-019  3.16507E-026  5.00276E-030  1.39950E-028  4.43093E-022  1.34550E-015  1.44171E-015  6.17774E-021  3.97184E-026  6.08435E-035  3.54858E-014  4.16732E-034  1.40614E-022  1.78823E-028  4.84259E-020  2.92755E-026  3.08871E-015  3.55661E-025  2.42549E-015  1.00000E-040  1.98303E-014  1.00000E-040  8.49223E-036  2.71358E-020  1.00000E-040  3.21418E-025  1.63831E-013  6.46281E-035  1.00000E-003  1.00000E-005  1.00000E-005  1.00000E-005  1.00000E-005  1.00000E-005  1.00000E-005  1.00000E-005  1.00000E-005  1.00000E-005  1.00000E-005  1.00000E-005  1.00000E-005  1.00000E-005  1.00000E-005  1.00000E-005  
4.75000E+001  9.50742E-004  3.28621E+016  2.09548E+002  8.59767E+004  1.00000E-040  1.00000E-040  1.00000E-040  4.23963E-014  1.00000E-040  1.00000E-040  1.00000E-040  1.00000E-040  1.00000E-040  1.00000E-040  1.00000E-040  1.00000E-040  1.00000E-040  1.00000E-040  1.40855E-022  1.00000E-040  1.00000E-040  5.66369E-012  3.67372E-007  1.34477E-005  1.06549E-009  1.01623E-007  2.12133E-002  2.59057E-009  2.83001E-004  8.93524E-019  5.06811E-012  1.00000E-040  7.01809E-033  3.42319E-023  5.18263E-015  1.04150E-007  1.44750E-024  1.00000E-040  1.00000E-040  1.00000E-040  1.00000E-040  4.50718E-024  7.93067E-023  1.29633E-018  7.40096E-017  4.75569E-039  1.00000E-040  2.88007E-025  4.08914E-033  3.24007E-011  1.56737E-013  9.78489E-001  5.35647E-021  6.03976E-024  1.27213E-022  5.47668E-038  2.05206E-036  8.86187E-026  7.85476E-023  5.06051E-010  2.33697E-018  4.88277E-011  6.72870E-017  1.24133E-009  1.69037E-011  8.29671E-007  1.13908E-012  8.26464E-016  3.68986E-019  4.93958E-012  1.42694E-013  1.14465E-012  5.02115E-032  3.74578E-033  1.00000E-040  3.09967E-030  2.32215E-039  3.90517E-024  2.62892E-017  6.46160E-013  6.71971E-021  2.75740E-020  9.51283E-036  1.00000E-040  1.35993E-031  3.69280E-038  2.13643E-027  1.14946E-037  4.15451E-033  7.76710E-023  1.05277E-019  2.78863E-026  3.31588E-030  1.45903E-028  6.45787E-022  1.04001E-015  1.23515E-015  5.05603E-021  1.72674E-026  1.00000E-040  3.80739E-014  3.06766E-034  9.36277E-023  1.95355E-028  4.84634E-020  1.39663E-026  1.93429E-015  5.78282E-025  2.65309E-015  1.00000E-040  1.98199E-014  1.00000E-040  5.46273E-036  1.78277E-020  1.00000E-040  3.10124E-025  1.53241E-013  4.58863E-035  1.00000E-003  1.00000E-005  1.00000E-005  1.00000E-005  1.00000E-005  1.00000E-005  1.00000E-005  1.00000E-005  1.00000E-005  1.00000E-005  1.00000E-005  1.00000E-005  1.00000E-005  1.00000E-005  1.00000E-005  1.00000E-005  
4.85000E+001  8.12601E-004  2.83396E+016  2.07683E+002  9.43451E+004  1.00000E-040  1.00000E-040  1.00000E-040  1.02897E-013  1.00000E-040  1.00000E-040  1.00000E-040  1.00000E-040  1.00000E-040  1.00000E-040  1.00000E-040  1.00000E-040  1.00000E-040  1.00000E-040  7.85446E-023  1.00000E-040  1.00000E-040  8.43372E-012  3.88751E-007  1.34207E-005  1.14240E-009  1.25928E-007  2.12125E-002  2.90750E-009  2.82954E-004  9.04204E-019  4.55734E-012  1.00000E-040  9.26794E-033  3.08259E-023  4.47660E-015  1.02504E-007  2.74903E-024  7.46914E-037  1.48900E-038  1.57848E-037  1.00000E-040  6.10906E-024  1.16481E-022  2.26378E-018  1.17484E-016  6.77970E-039  1.00000E-040  7.44488E-026  3.32553E-033  3.22491E-011  1.83327E-013  9.78490E-001  4.39345E-021  5.08368E-024  8.72837E-023  1.06911E-038  1.68964E-036  6.14885E-026  4.66699E-023  4.55594E-010  1.91463E-018  5.05034E-011  4.72976E-017  1.10806E-009  1.55191E-011  7.55965E-007  7.69328E-013  4.88380E-016  4.82268E-019  3.92741E-012  7.76629E-014  1.12762E-012  5.00699E-032  3.67502E-033  1.00000E-040  2.34898E-030  1.34911E-039  3.90434E-024  2.09674E-017  5.58547E-013  4.82648E-021  2.03721E-020  1.79329E-035  1.00000E-040  2.71129E-032  2.61401E-038  2.00473E-027  1.82352E-037  2.59699E-033  5.17040E-023  8.21671E-020  2.42078E-026  2.17064E-030  1.50335E-028  9.09496E-022  7.83812E-016  1.05909E-015  4.04919E-021  8.05061E-027  1.00000E-040  4.01156E-014  2.21952E-034  6.21328E-023  2.14434E-028  4.85105E-020  6.62567E-027  1.19777E-015  8.89259E-025  2.88637E-015  1.00000E-040  1.98105E-014  1.17671E-040  3.02518E-036  1.15000E-020  1.00000E-040  3.02100E-025  1.44944E-013  3.31628E-035  1.00000E-003  1.00000E-005  1.00000E-005  1.00000E-005  1.00000E-005  1.00000E-005  1.00000E-005  1.00000E-005  1.00000E-005  1.00000E-005  1.00000E-005  1.00000E-005  1.00000E-005  1.00000E-005  1.00000E-005  1.00000E-005  
4.95000E+001  6.93587E-004  2.44053E+016  2.05842E+002  1.04470E+005  1.00000E-040  1.00000E-040  1.00000E-040  2.42464E-013  1.00000E-040  1.00000E-040  1.00000E-040  1.00000E-040  1.00000E-040  1.00000E-040  1.00000E-040  1.00000E-040  1.00000E-040  1.00000E-040  4.32666E-023  1.00000E-040  1.00000E-040  1.25474E-011  4.12062E-007  1.33908E-005  1.22520E-009  1.55712E-007  2.12116E-002  3.30286E-009  2.82903E-004  9.16749E-019  4.12099E-012  1.00000E-040  1.33597E-032  2.75017E-023  3.83063E-015  1.01107E-007  4.97299E-024  1.38081E-036  2.92784E-038  3.09426E-037  1.00000E-040  7.87884E-024  1.62692E-022  3.75035E-018  1.77546E-016  9.14199E-039  1.00000E-040  2.03818E-026  2.71358E-033  3.20912E-011  2.12631E-013  9.78491E-001  3.60769E-021  4.27606E-024  6.11805E-023  1.00000E-040  1.38739E-036  4.25313E-026  2.78637E-023  4.16621E-010  1.66162E-018  5.23545E-011  3.34987E-017  9.95361E-010  1.42797E-011  6.89806E-007  5.34206E-013  2.96144E-016  6.04364E-019  3.16705E-012  4.33789E-014  1.08625E-012  4.98308E-032  3.57736E-033  1.00000E-040  1.76811E-030  7.80927E-040  3.90347E-024  1.67602E-017  4.78362E-013  3.46851E-021  1.50717E-020  3.27581E-035  1.00000E-040  1.00000E-040  2.66470E-038  1.87151E-027  2.72412E-037  1.63209E-033  3.45762E-023  6.48915E-020  2.08173E-026  1.41626E-030  1.53317E-028  1.23679E-021  5.77074E-016  9.08850E-016  3.19211E-021  4.01161E-027  1.00000E-040  4.16758E-014  1.59522E-034  4.14161E-023  2.36328E-028  4.85684E-020  3.15473E-027  7.35164E-016  1.29991E-024  3.12706E-015  1.00000E-040  1.98019E-014  1.00000E-040  2.45868E-036  7.32454E-021  1.00000E-040  2.97190E-025  1.38382E-013  2.50929E-035  1.00000E-003  1.00000E-005  1.00000E-005  1.00000E-005  1.00000E-005  1.00000E-005  1.00000E-005  1.00000E-005  1.00000E-005  1.00000E-005  1.00000E-005  1.00000E-005  1.00000E-005  1.00000E-005  1.00000E-005  1.00000E-005  
5.05000E+001  5.91192E-004  2.09883E+016  2.04018E+002  1.14473E+005  1.00000E-040  1.00000E-040  1.00000E-040  5.28231E-013  1.00000E-040  1.00000E-040  1.00000E-040  1.00000E-040  1.00000E-040  1.00000E-040  1.00000E-040  1.00000E-040  1.00000E-040  1.00000E-040  2.36660E-023  1.00000E-040  1.00000E-040  1.86840E-011  4.37354E-007  1.33580E-005  1.31616E-009  1.92219E-007  2.12106E-002  3.78971E-009  2.82850E-004  9.31452E-019  3.74263E-012  1.00000E-040  9.83453E-032  2.44082E-023  3.25648E-015  9.99007E-008  8.61902E-024  1.00000E-040  1.00000E-040  1.00000E-040  1.00000E-040  9.72710E-024  2.17412E-022  5.92629E-018  2.56943E-016  1.17724E-038  1.00000E-040  6.07612E-027  2.97262E-033  3.19258E-011  2.45270E-013  9.78492E-001  2.98424E-021  3.59193E-024  4.44038E-023  1.00000E-040  1.14575E-036  2.95723E-026  1.68418E-023  3.87398E-010  1.51595E-018  5.44264E-011  2.40916E-017  8.99696E-010  1.31947E-011  6.29898E-007  3.81627E-013  1.84448E-016  7.26447E-019  2.59335E-012  2.49188E-014  9.91565E-013  4.95516E-032  3.46473E-033  1.00000E-040  1.32439E-030  4.49300E-040  3.90253E-024  1.35002E-017  4.07195E-013  2.50954E-021  1.12303E-020  5.80333E-035  1.00000E-040  1.00000E-040  1.00000E-040  1.73917E-027  3.86241E-037  1.04028E-033  2.33728E-023  5.18094E-020  1.78041E-026  9.28526E-031  1.54556E-028  1.62851E-021  4.15800E-016  7.80451E-016  2.49007E-021  2.12636E-027  4.52875E-034  4.28416E-014  1.15039E-034  2.79041E-023  2.61392E-028  4.86382E-020  1.52056E-027  4.48386E-016  1.81980E-024  3.37587E-015  1.00000E-040  1.97939E-014  1.00000E-040  1.00000E-040  4.62513E-021  1.00000E-040  2.94952E-025  1.33124E-013  2.24300E-035  1.00000E-003  1.00000E-005  1.00000E-005  1.00000E-005  1.00000E-005  1.00000E-005  1.00000E-005  1.00000E-005  1.00000E-005  1.00000E-005  1.00000E-005  1.00000E-005  1.00000E-005  1.00000E-005  1.00000E-005  1.00000E-005  
5.15000E+001  5.03219E-004  1.80237E+016  2.02223E+002  1.24475E+005  1.00000E-040  1.00000E-040  1.00000E-040  9.05397E-013  1.00000E-040  1.00000E-040  1.00000E-040  1.00000E-040  1.00000E-040  1.00000E-040  1.00000E-040  1.00000E-040  1.00000E-040  1.00000E-040  1.29257E-023  1.00000E-040  1.00000E-040  2.78911E-011  4.64932E-007  1.33220E-005  1.41763E-009  2.36930E-007  2.12095E-002  4.38970E-009  2.82792E-004  9.48582E-019  3.40929E-012  6.46285E-040  3.24575E-030  2.16335E-023  2.75747E-015  9.88298E-008  1.44270E-023  7.41855E-036  1.76019E-037  1.84885E-036  1.00000E-040  1.15990E-023  2.80419E-022  9.00215E-018  3.58928E-016  1.46450E-038  1.00000E-040  2.16878E-027  3.20906E-032  3.17504E-011  2.81961E-013  9.78493E-001  2.50174E-021  3.01666E-024  3.37799E-023  1.00000E-040  9.58829E-037  2.08207E-026  1.03542E-023  3.66417E-010  1.44209E-018  5.67833E-011  1.77375E-017  8.17537E-010  1.22621E-011  5.74957E-007  2.80556E-013  1.18021E-016  8.42557E-019  2.15651E-012  1.47254E-014  8.18079E-013  4.92521E-032  3.34462E-033  1.00000E-040  9.87614E-031  2.57196E-040  3.90151E-024  1.09858E-017  3.45254E-013  1.83445E-021  8.45487E-021  1.00163E-034  1.00000E-040  1.00000E-040  1.00000E-040  1.60868E-027  5.24981E-037  6.76432E-034  1.60285E-023  4.17955E-020  1.52062E-026  6.16493E-031  1.54037E-028  2.08847E-021  2.93568E-016  6.70271E-016  1.93101E-021  1.18831E-027  7.35024E-036  4.37043E-014  8.38949E-035  1.90722E-023  2.90518E-028  4.87221E-020  7.45866E-028  2.72341E-016  2.46101E-024  3.63194E-015  1.00000E-040  1.97862E-014  7.26033E-040  1.00000E-040  2.90631E-021  1.00000E-040  2.95536E-025  1.28815E-013  2.90957E-035  1.00000E-003  1.00000E-005  1.00000E-005  1.00000E-005  1.00000E-005  1.00000E-005  1.00000E-005  1.00000E-005  1.00000E-005  1.00000E-005  1.00000E-005  1.00000E-005  1.00000E-005  1.00000E-005  1.00000E-005  1.00000E-005  
5.25000E+001  4.27748E-004  1.54550E+016  2.00464E+002  1.34477E+005  1.00000E-040  1.00000E-040  1.00000E-040  1.00423E-012  1.00000E-040  1.00000E-040  1.00000E-040  1.00000E-040  1.00000E-040  1.00000E-040  1.00000E-040  1.00000E-040  1.00000E-040  1.00000E-040  7.09367E-024  1.00000E-040  1.00000E-040  4.17871E-011  4.95128E-007  1.32825E-005  1.53247E-009  2.91579E-007  2.12083E-002  5.13237E-009  2.82729E-004  9.68229E-019  3.11082E-012  2.28231E-038  7.92141E-029  1.92523E-023  2.33057E-015  9.78528E-008  2.34571E-023  1.00000E-040  1.00000E-040  1.00000E-040  1.00000E-040  1.34554E-023  3.51433E-022  1.32175E-017  4.86791E-016  1.78194E-038  1.00000E-040  1.15600E-027  7.41726E-031  3.15625E-011  3.23736E-013  9.78494E-001  2.13288E-021  2.53489E-024  2.71693E-023  1.00000E-040  8.34155E-037  1.52244E-026  6.50738E-024  3.52723E-010  1.42166E-018  5.95033E-011  1.34437E-017  7.46313E-010  1.14798E-011  5.24013E-007  2.12385E-013  7.76270E-017  9.52268E-019  1.82180E-012  8.96227E-015  6.09977E-013  4.89300E-032  3.22342E-033  1.00000E-040  7.33496E-031  1.46557E-040  3.90040E-024  9.04653E-018  2.92164E-013  1.35868E-021  6.44694E-021  1.68864E-034  1.00000E-040  1.00000E-040  1.00000E-040  1.48070E-027  6.91393E-037  4.51431E-034  1.11837E-023  3.40621E-020  1.30226E-026  4.26340E-031  1.51623E-028  2.62025E-021  2.03414E-016  5.75443E-016  1.49522E-021  6.94857E-028  3.79275E-037  4.43378E-014  6.35013E-035  1.32630E-023  3.24884E-028  4.88227E-020  3.74568E-028  1.65062E-016  3.23616E-024  3.89339E-015  1.00000E-040  1.97787E-014  1.00000E-040  1.00000E-040  1.82553E-021  1.00000E-040  2.99137E-025  1.25205E-013  5.63737E-035  1.00000E-003  1.00000E-005  1.00000E-005  1.00000E-005  1.00000E-005  1.00000E-005  1.00000E-005  1.00000E-005  1.00000E-005  1.00000E-005  1.00000E-005  1.00000E-005  1.00000E-005  1.00000E-005  1.00000E-005  1.00000E-005  
5.35000E+001  3.63096E-004  1.32333E+016  1.98733E+002  1.44478E+005  1.00000E-040  1.00000E-040  1.00000E-040  7.38652E-013  1.00000E-040  1.00000E-040  1.00000E-040  1.00000E-040  1.00000E-040  1.00000E-040  1.00000E-040  1.00000E-040  1.00000E-040  1.00000E-040  3.94118E-024  1.00000E-040  1.00000E-040  6.28645E-011  5.28321E-007  1.32389E-005  1.66417E-009  3.58089E-007  2.12071E-002  6.05915E-009  2.82661E-004  9.90071E-019  2.83916E-012  5.36073E-037  1.28161E-027  1.79307E-023  1.96907E-015  9.69368E-008  3.72120E-023  3.75067E-036  9.76775E-038  1.02058E-036  1.00000E-040  1.52809E-023  4.30319E-022  1.88355E-017  6.43960E-016  2.25077E-038  1.00000E-040  1.02150E-027  1.19079E-029  3.13594E-011  3.72021E-013  9.78496E-001  1.85056E-021  2.12969E-024  2.31823E-023  1.00000E-040  8.71188E-037  1.33496E-026  4.26419E-024  3.45774E-010  1.44664E-018  6.26757E-011  1.05118E-017  6.84071E-010  1.08455E-011  4.76372E-007  1.65688E-013  5.25315E-017  1.05999E-018  1.56438E-012  5.62668E-015  4.42950E-013  4.85619E-032  3.10653E-033  1.00000E-040  5.42788E-031  1.00000E-040  3.89918E-024  7.54487E-018  2.47190E-013  1.02178E-021  4.98627E-021  2.78633E-034  1.00000E-040  1.00000E-040  1.00000E-040  1.35579E-027  9.37900E-037  3.15650E-034  7.95588E-024  2.80418E-020  1.13577E-026  3.67807E-031  1.46869E-028  3.22885E-021  1.38646E-016  4.93729E-016  1.16074E-021  4.22235E-028  2.39932E-038  4.48003E-014  5.76804E-035  9.40389E-024  3.65740E-028  4.89428E-020  1.96750E-028  1.00046E-016  4.16197E-024  4.15715E-015  1.00000E-040  1.97711E-014  1.00000E-040  1.00000E-040  1.17016E-021  1.00000E-040  3.05640E-025  1.22114E-013  1.34120E-034  1.00000E-003  1.00000E-005  1.00000E-005  1.00000E-005  1.00000E-005  1.00000E-005  1.00000E-005  1.00000E-005  1.00000E-005  1.00000E-005  1.00000E-005  1.00000E-005  1.00000E-005  1.00000E-005  1.00000E-005  1.00000E-005  
5.45000E+001  3.07808E-004  1.13072E+016  1.97171E+002  1.54480E+005  1.00000E-040  1.00000E-040  1.00000E-040  4.48941E-013  1.00000E-040  1.00000E-040  1.00000E-040  1.00000E-040  1.00000E-040  1.00000E-040  1.00000E-040  1.00000E-040  1.00000E-040  1.00000E-040  2.23962E-024  1.00000E-040  1.00000E-040  9.52919E-011  5.64961E-007  1.31908E-005  1.81578E-009  4.38881E-007  2.12056E-002  7.22966E-009  2.82586E-004  1.01609E-018  2.59114E-012  8.79895E-036  1.43390E-026  2.47858E-023  1.66891E-015  9.60545E-008  5.78812E-023  1.00000E-040  1.00000E-040  1.00000E-040  1.00000E-040  1.71390E-023  5.18822E-022  2.61948E-017  8.34112E-016  4.38449E-038  1.00000E-040  1.20740E-027  1.32383E-028  3.11383E-011  4.28800E-013  9.78497E-001  1.64423E-021  1.81518E-024  2.10912E-023  1.00000E-040  1.69934E-036  2.18208E-026  3.48216E-024  3.45371E-010  1.51870E-018  6.65011E-011  8.53370E-018  6.29276E-010  1.03456E-011  4.30462E-007  1.33386E-013  3.65599E-017  1.18720E-018  1.36356E-012  3.64197E-015  3.31356E-013  4.81135E-032  2.98995E-033  1.00000E-040  3.98336E-031  1.00000E-040  3.89783E-024  6.37287E-018  2.09537E-013  7.81685E-022  3.92141E-021  4.50718E-034  1.00000E-040  1.00000E-040  1.00000E-040  1.23155E-027  1.97599E-036  2.76834E-034  5.78895E-024  2.34094E-020  1.17144E-026  6.97643E-031  1.42889E-028  3.92593E-021  9.29498E-017  4.22411E-016  9.09846E-022  2.64947E-028  1.81856E-039  4.51364E-014  9.70780E-035  6.81990E-024  4.18958E-028  4.90863E-020  1.28786E-028  6.06660E-017  5.23418E-024  4.41304E-015  1.00000E-040  1.97633E-014  1.00000E-040  1.00000E-040  9.09455E-022  1.00000E-040  3.20214E-025  1.19405E-013  3.36779E-034  1.00000E-003  1.00000E-005  1.00000E-005  1.00000E-005  1.00000E-005  1.00000E-005  1.00000E-005  1.00000E-005  1.00000E-005  1.00000E-005  1.00000E-005  1.00000E-005  1.00000E-005  1.00000E-005  1.00000E-005  1.00000E-005  
5.55000E+001  2.60607E-004  9.65055E+015  1.95592E+002  1.64481E+005  1.00000E-040  1.00000E-040  1.00000E-040  3.04028E-013  1.00000E-040  1.00000E-040  1.00000E-040  1.00000E-040  1.00000E-040  1.00000E-040  1.00000E-040  1.00000E-040  1.00000E-040  1.00000E-040  1.31198E-024  1.00000E-040  1.00000E-040  1.45001E-010  6.05560E-007  1.31373E-005  1.99420E-009  5.35879E-007  2.12041E-002  8.72605E-009  2.82503E-004  1.04297E-018  2.35880E-012  1.04742E-034  1.15967E-025  9.20689E-023  1.41676E-015  9.51827E-008  8.83798E-023  3.00042E-037  6.17408E-039  6.42561E-038  1.00000E-040  1.90228E-023  6.16470E-022  3.55402E-017  1.06125E-015  2.19807E-037  1.00000E-040  1.56735E-027  1.06295E-027  3.08960E-011  4.96796E-013  9.78499E-001  1.48040E-021  1.54052E-024  2.02219E-023  6.18355E-036  6.57107E-036  7.06296E-026  6.60448E-024  3.51608E-010  1.64034E-018  7.10342E-011  7.11015E-018  5.80727E-010  1.00008E-011  3.87357E-007  1.10846E-013  2.62376E-017  1.31463E-018  1.20939E-012  2.44056E-015  2.47765E-013  4.75499E-032  2.88722E-033  1.00000E-040  2.91688E-031  1.00000E-040  3.89633E-024  5.44871E-018  1.78110E-013  6.08783E-022  3.13067E-021  7.16118E-034  1.00000E-040  1.00000E-040  1.00000E-040  1.11218E-027  1.03643E-035  5.67528E-034  4.30404E-024  1.97627E-020  2.44702E-026  2.72851E-030  1.35519E-028  4.72096E-021  6.17394E-017  3.61158E-016  7.20377E-022  1.70607E-028  1.00000E-040  4.53800E-014  3.25146E-034  5.05463E-024  4.82941E-028  4.92578E-020  1.97381E-028  3.69596E-017  6.50507E-024  4.66133E-015  1.00000E-040  1.97551E-014  1.00000E-040  1.00000E-040  1.45698E-021  1.00000E-040  3.37363E-025  1.16976E-013  8.42769E-034  1.00000E-003  1.00000E-005  1.00000E-005  1.00000E-005  1.00000E-005  1.00000E-005  1.00000E-005  1.00000E-005  1.00000E-005  1.00000E-005  1.00000E-005  1.00000E-005  1.00000E-005  1.00000E-005  1.00000E-005  1.00000E-005  
5.65000E+001  2.20385E-004  8.21408E+015  1.94330E+002  1.74482E+005  1.00000E-040  1.00000E-040  1.00000E-040  1.58156E-013  1.00000E-040  1.00000E-040  1.00000E-040  1.00000E-040  1.00000E-040  1.00000E-040  1.00000E-040  1.00000E-040  1.00000E-040  1.00000E-040  8.04206E-025  1.00000E-040  1.00000E-040  2.23132E-010  6.50727E-007  1.30779E-005  2.20320E-009  6.52142E-007  2.12023E-002  1.06694E-008  2.82411E-004  1.07603E-018  2.14446E-012  9.58101E-034  7.08226E-025  5.01179E-022  1.21227E-015  9.43004E-008  1.33208E-022  2.62223E-035  7.69315E-037  7.98854E-036  1.00000E-040  2.11543E-023  7.29920E-022  4.73800E-017  1.32979E-015  1.47915E-036  1.00000E-040  2.08140E-027  6.45311E-027  3.06287E-011  5.80343E-013  9.78500E-001  1.36773E-021  1.34858E-024  2.06673E-023  1.00000E-040  2.96223E-035  2.65759E-025  2.49452E-023  3.64885E-010  1.82997E-018  7.67138E-011  6.12704E-018  5.37444E-010  9.79272E-012  3.44650E-007  9.52419E-014  1.93665E-017  1.50058E-018  1.08704E-012  1.68780E-015  1.99278E-013  4.68412E-032  2.78436E-033  1.00000E-040  2.10716E-031  1.00000E-040  3.89466E-024  4.71053E-018  1.52200E-013  4.83500E-022  2.54702E-021  1.11880E-033  1.00000E-040  1.00000E-040  1.00000E-040  9.92300E-028  7.00275E-035  2.33822E-033  3.28733E-024  1.70845E-020  1.04748E-025  1.16100E-029  1.32805E-028  5.64741E-021  4.05536E-017  3.07077E-016  5.83475E-022  1.12074E-028  1.00000E-040  4.55555E-014  1.24987E-033  3.84888E-024  5.74373E-028  4.94630E-020  6.01637E-028  2.25906E-017  7.92497E-024  4.87861E-015  1.00000E-040  1.97464E-014  5.16843E-039  1.00000E-040  4.44600E-021  1.00000E-040  3.71314E-025  1.14745E-013  2.06574E-033  1.00000E-003  1.00000E-005  1.00000E-005  1.00000E-005  1.00000E-005  1.00000E-005  1.00000E-005  1.00000E-005  1.00000E-005  1.00000E-005  1.00000E-005  1.00000E-005  1.00000E-005  1.00000E-005  1.00000E-005  1.00000E-005  
5.75000E+001  1.86180E-004  6.98279E+015  1.93117E+002  1.84483E+005  1.00000E-040  1.00000E-040  1.00000E-040  1.04732E-013  1.00000E-040  1.00000E-040  1.00000E-040  1.00000E-040  1.00000E-040  1.00000E-040  1.00000E-040  1.00000E-040  1.00000E-040  1.00000E-040  5.18761E-025  1.00000E-040  1.00000E-040  3.45402E-010  7.01168E-007  1.30115E-005  2.45433E-009  7.89515E-007  2.12003E-002  1.32269E-008  2.82308E-004  1.11136E-018  1.94316E-012  6.91876E-033  3.39166E-024  2.40375E-021  1.04273E-015  9.33878E-008  1.98038E-022  1.00000E-040  1.00000E-040  1.00000E-040  1.00000E-040  2.35433E-023  8.59315E-022  6.18839E-017  1.64495E-015  8.65557E-036  1.00000E-040  2.77980E-027  3.07522E-026  3.03324E-011  6.85039E-013  9.78502E-001  1.28291E-021  1.18478E-024  2.20560E-023  2.03072E-035  1.24111E-034  9.27976E-025  9.43397E-023  3.85898E-010  2.10286E-018  8.36601E-011  5.38903E-018  4.98627E-010  9.76234E-012  3.04373E-007  8.46199E-014  1.47545E-017  1.71773E-018  9.93279E-013  1.21155E-015  1.63296E-013  4.59854E-032  2.69817E-033  1.00000E-040  1.51627E-031  1.00000E-040  3.89278E-024  4.11269E-018  1.30821E-013  3.91703E-022  2.10576E-021  1.72224E-033  1.00000E-040  1.00000E-040  1.00000E-040  8.78103E-028  3.98683E-034  9.73100E-033  2.57185E-024  1.52201E-020  4.72688E-025  4.37303E-029  1.29034E-028  6.72529E-021  2.65972E-017  2.60537E-016  4.82706E-022  7.46224E-029  1.00000E-040  4.56812E-014  4.47296E-033  3.00397E-024  6.93270E-028  4.97091E-020  1.85419E-027  1.39246E-017  9.58734E-024  5.06896E-015  1.00000E-040  1.97370E-014  1.00000E-040  1.00000E-040  1.40364E-020  1.00000E-040  4.14903E-025  1.12649E-013  4.92983E-033  1.00000E-003  1.00000E-005  1.00000E-005  1.00000E-005  1.00000E-005  1.00000E-005  1.00000E-005  1.00000E-005  1.00000E-005  1.00000E-005  1.00000E-005  1.00000E-005  1.00000E-005  1.00000E-005  1.00000E-005  1.00000E-005  
5.85000E+001  1.57127E-004  5.92895E+015  1.91951E+002  1.94484E+005  1.00000E-040  1.00000E-040  1.00000E-040  7.13523E-014  1.00000E-040  1.00000E-040  1.00000E-040  1.00000E-040  1.00000E-040  1.00000E-040  1.00000E-040  1.00000E-040  1.00000E-040  1.00000E-040  3.55194E-025  1.00000E-040  1.00000E-040  5.38341E-010  7.57668E-007  1.29371E-005  2.76007E-009  9.50536E-007  2.11981E-002  1.66385E-008  2.82192E-004  1.15023E-018  1.75607E-012  4.11024E-032  1.32608E-023  9.56700E-021  9.02811E-016  9.24261E-008  2.90809E-022  2.52248E-037  1.00000E-040  1.00000E-040  1.00000E-040  2.63175E-023  1.00833E-021  7.92516E-017  2.01255E-015  4.20552E-035  1.00000E-040  3.72189E-027  1.20198E-025  3.00022E-011  8.19206E-013  9.78505E-001  1.22479E-021  1.04458E-024  2.43753E-023  1.50994E-036  4.69030E-034  2.91784E-024  3.04006E-022  4.15672E-010  2.48981E-018  9.22465E-011  4.82647E-018  4.63644E-010  9.93736E-012  2.66639E-007  7.77784E-014  1.16075E-017  1.97977E-018  9.22414E-013  9.05072E-016  1.35665E-013  4.49965E-032  2.63271E-033  1.00000E-040  1.08812E-031  1.00000E-040  3.89065E-024  3.62170E-018  1.13305E-013  3.24086E-022  1.77014E-021  2.61455E-033  1.00000E-040  1.00000E-040  1.00000E-040  7.70466E-028  1.82540E-033  3.48523E-032  2.06150E-024  1.44285E-020  1.85774E-024  1.43534E-028  1.24677E-028  7.98880E-021  1.74926E-017  2.20498E-016  4.09629E-022  5.00439E-029  1.00000E-040  4.57698E-014  1.44810E-032  2.40569E-024  8.51031E-028  5.00050E-020  4.92519E-027  8.67034E-018  1.15535E-023  5.22637E-015  1.00000E-040  1.97268E-014  1.00000E-040  1.00000E-040  3.89556E-020  1.00000E-040  4.71048E-025  1.10637E-013  1.14276E-032  1.00000E-003  1.00000E-005  1.00000E-005  1.00000E-005  1.00000E-005  1.00000E-005  1.00000E-005  1.00000E-005  1.00000E-005  1.00000E-005  1.00000E-005  1.00000E-005  1.00000E-005  1.00000E-005  1.00000E-005  1.00000E-005  
5.95000E+001  1.32487E-004  5.02527E+015  1.90955E+002  2.04485E+005  1.00000E-040  1.00000E-040  1.00000E-040  4.10546E-014  1.00000E-040  1.00000E-040  1.00000E-040  1.00000E-040  1.00000E-040  1.00000E-040  1.00000E-040  1.00000E-040  1.00000E-040  1.00000E-040  2.59385E-025  1.00000E-040  1.00000E-040  8.47667E-010  8.21149E-007  1.28535E-005  3.13532E-009  1.13787E-006  2.11956E-002  2.12523E-008  2.82061E-004  1.19814E-018  1.58789E-012  2.11360E-031  4.42671E-023  3.24966E-020  7.90139E-016  9.13961E-008  4.22822E-022  3.66938E-037  1.00450E-040  1.03558E-039  1.00000E-040  2.97348E-023  1.18554E-021  9.97636E-017  2.43943E-015  1.74467E-034  1.00000E-040  4.99657E-027  4.06438E-025  2.96329E-011  9.94845E-013  9.78507E-001  1.20055E-021  9.36976E-025  2.79294E-023  2.25911E-035  1.62893E-033  8.41070E-024  8.45428E-022  4.55639E-010  3.04311E-018  1.03108E-010  4.40453E-018  4.31959E-010  1.03495E-011  2.30965E-007  7.40145E-014  9.42073E-018  2.34362E-018  8.68756E-013  7.03747E-016  1.17525E-013  4.38874E-032  2.58544E-033  1.00000E-040  7.75878E-032  1.00000E-040  3.88826E-024  3.21261E-018  9.92266E-014  2.74528E-022  1.51717E-021  3.91690E-033  1.00000E-040  1.00000E-040  1.00000E-040  6.68548E-028  6.90119E-033  1.09006E-031  1.69694E-024  1.55323E-020  6.53052E-024  4.21350E-028  1.23275E-028  9.49663E-021  1.15828E-017  1.85747E-016  3.59509E-022  3.35802E-029  1.00000E-040  4.58304E-014  4.29201E-032  1.98479E-024  1.07470E-027  5.03619E-020  1.13932E-026  5.46264E-018  1.38478E-023  5.33647E-015  1.00000E-040  1.97155E-014  1.00000E-040  1.00000E-040  9.76154E-020  1.00000E-040  5.51839E-025  1.08664E-013  2.57210E-032  1.00000E-003  1.00000E-005  1.00000E-005  1.00000E-005  1.00000E-005  1.00000E-005  1.00000E-005  1.00000E-005  1.00000E-005  1.00000E-005  1.00000E-005  1.00000E-005  1.00000E-005  1.00000E-005  1.00000E-005  1.00000E-005  
6.05000E+001  1.11616E-004  4.25608E+015  1.89948E+002  2.14485E+005  1.00000E-040  1.00000E-040  1.00000E-040  3.13866E-014  1.00000E-040  1.00000E-040  1.00000E-040  1.00000E-040  1.00000E-040  1.00000E-040  1.00000E-040  1.00000E-040  1.00000E-040  1.00000E-040  2.01203E-025  1.00000E-040  1.00000E-040  1.34467E-009  8.92660E-007  1.27593E-005  3.60426E-009  1.35365E-006  2.11928E-002  2.75643E-008  2.81913E-004  1.25896E-018  1.44416E-012  9.82354E-031  1.32629E-022  9.91668E-020  6.98954E-016  9.02782E-008  6.08164E-022  5.16420E-037  1.00000E-040  1.00000E-040  1.00000E-040  3.38995E-023  1.39295E-021  1.23147E-016  2.93393E-015  6.51122E-034  1.00000E-040  6.73151E-027  1.26148E-024  2.92182E-011  1.22650E-012  9.78510E-001  1.21028E-021  8.38622E-025  3.26108E-023  1.00000E-040  5.35660E-033  2.29170E-023  2.12618E-021  5.07700E-010  3.83020E-018  1.16734E-010  4.07767E-018  4.03126E-010  1.10694E-011  1.98462E-007  7.29169E-014  7.90523E-018  2.84111E-018  8.30852E-013  5.72204E-016  1.01721E-013  4.26796E-032  2.56687E-033  1.00000E-040  5.53642E-032  1.00000E-040  3.88554E-024  2.86708E-018  8.83006E-014  2.38850E-022  1.32738E-021  5.79520E-033  1.00000E-040  1.00000E-040  1.00000E-040  5.75583E-028  2.25479E-032  3.11985E-031  1.43024E-024  2.04786E-020  2.19549E-023  1.14902E-027  1.20974E-028  1.12917E-020  7.78805E-018  1.56068E-016  3.25676E-022  2.23879E-029  1.00000E-040  4.58693E-014  1.21504E-031  1.68852E-024  1.38207E-027  5.07936E-020  2.42275E-026  3.49799E-018  1.66588E-023  5.40614E-015  1.00000E-040  1.97030E-014  1.00000E-040  1.00000E-040  2.34482E-019  1.00000E-040  6.53779E-025  1.06692E-013  5.62101E-032  1.00000E-003  1.00000E-005  1.00000E-005  1.00000E-005  1.00000E-005  1.00000E-005  1.00000E-005  1.00000E-005  1.00000E-005  1.00000E-005  1.00000E-005  1.00000E-005  1.00000E-005  1.00000E-005  1.00000E-005  1.00000E-005  
6.15000E+001  9.39515E-005  3.60193E+015  1.88923E+002  2.24486E+005  1.00000E-040  1.00000E-040  1.00000E-040  2.49235E-014  1.00000E-040  1.00000E-040  1.00000E-040  1.00000E-040  1.00000E-040  1.00000E-040  1.00000E-040  1.00000E-040  1.00000E-040  1.00000E-040  1.64813E-025  1.00000E-040  1.00000E-040  2.15084E-009  9.73375E-007  1.26529E-005  4.19701E-009  1.60034E-006  2.11896E-002  3.62914E-008  2.81744E-004  1.35018E-018  1.34103E-012  4.33971E-030  3.74805E-022  2.85623E-019  6.28687E-016  8.90518E-008  8.66018E-022  7.32087E-037  1.00000E-040  1.00000E-040  1.00000E-040  3.90580E-023  1.63728E-021  1.49089E-016  3.50553E-015  2.29226E-033  1.00000E-040  9.10423E-027  3.78477E-024  2.87513E-011  1.53234E-012  9.78513E-001  1.26764E-021  7.48394E-025  3.85677E-023  1.72064E-035  1.70258E-032  6.02378E-023  5.07270E-021  5.74336E-010  4.96243E-018  1.33980E-010  3.82715E-018  3.76778E-010  1.21837E-011  1.69106E-007  7.43819E-014  6.85814E-018  3.63940E-018  8.06260E-013  4.87518E-016  8.73688E-014  4.13842E-032  2.58152E-033  1.00000E-040  3.95773E-032  1.00000E-040  3.88245E-024  2.57163E-018  8.06607E-014  2.15125E-022  1.19396E-021  8.46896E-033  3.44181E-040  1.00000E-040  1.00000E-040  4.91674E-028  6.66317E-032  8.57961E-031  1.23400E-024  3.45787E-020  7.36112E-023  3.02067E-027  1.18005E-028  1.34424E-020  5.37062E-018  1.30729E-016  3.05770E-022  1.47233E-029  1.00000E-040  4.58909E-014  3.35815E-031  1.49262E-024  1.81595E-027  5.13176E-020  4.97445E-026  2.29040E-018  2.01623E-023  5.43232E-015  1.00000E-040  1.96891E-014  1.00000E-040  1.00000E-040  5.56988E-019  1.00000E-040  7.83114E-025  1.04688E-013  1.19184E-031  1.00000E-003  1.00000E-005  1.00000E-005  1.00000E-005  1.00000E-005  1.00000E-005  1.00000E-005  1.00000E-005  1.00000E-005  1.00000E-005  1.00000E-005  1.00000E-005  1.00000E-005  1.00000E-005  1.00000E-005  1.00000E-005  
6.25000E+001  7.90116E-005  3.04605E+015  1.87876E+002  2.34487E+005  1.00000E-040  1.00000E-040  1.00000E-040  1.96842E-014  1.00000E-040  1.00000E-040  1.00000E-040  1.00000E-040  1.00000E-040  1.00000E-040  1.00000E-040  1.00000E-040  1.00000E-040  1.00000E-040  1.41271E-025  1.00000E-040  1.00000E-040  3.47061E-009  1.06462E-006  1.25324E-005  4.95355E-009  1.87999E-006  2.11859E-002  4.84757E-008  2.81550E-004  1.51735E-018  1.31422E-012  1.87448E-029  1.02732E-021  7.98269E-019  5.83220E-016  8.76950E-008  1.22186E-021  1.03429E-036  1.00000E-040  1.00000E-040  1.00000E-040  4.55455E-023  1.92726E-021  1.77098E-016  4.16520E-015  7.81885E-033  1.00000E-040  1.23629E-026  1.11227E-023  2.82247E-011  1.93326E-012  9.78517E-001  1.39869E-021  6.65659E-025  4.60637E-023  1.00000E-040  5.25328E-032  1.53340E-022  1.17934E-020  6.58765E-010  6.61320E-018  1.55975E-010  3.63938E-018  3.52602E-010  1.38122E-011  1.42787E-007  7.85685E-014  6.14887E-018  5.13736E-018  7.92933E-013  4.35579E-016  7.43340E-014  3.99912E-032  2.63301E-033  1.00000E-040  2.83346E-032  1.00000E-040  3.87893E-024  2.31616E-018  7.69818E-014  2.03798E-022  1.12099E-021  1.22236E-032  1.91609E-039  1.00000E-040  1.00000E-040  4.16618E-028  1.82934E-031  2.33003E-030  1.08968E-024  7.10095E-020  2.41536E-022  7.80221E-027  1.14599E-028  1.60377E-020  3.87253E-018  1.09112E-016  3.00736E-022  9.47868E-030  1.00000E-040  4.58983E-014  9.10595E-031  1.39299E-024  2.44771E-027  5.19550E-020  1.01392E-025  1.55552E-018  2.45936E-023  5.41121E-015  1.00000E-040  1.96735E-014  1.10785E-040  1.00000E-040  1.28075E-018  1.00000E-040  9.48191E-025  1.02620E-013  2.44670E-031  1.00000E-003  1.00000E-005  1.00000E-005  1.00000E-005  1.00000E-005  1.00000E-005  1.00000E-005  1.00000E-005  1.00000E-005  1.00000E-005  1.00000E-005  1.00000E-005  1.00000E-005  1.00000E-005  1.00000E-005  1.00000E-005  
6.35000E+001  6.63862E-005  2.57380E+015  1.86818E+002  2.44487E+005  1.00000E-040  1.00000E-040  1.00000E-040  1.49928E-014  1.00000E-040  1.00000E-040  1.00000E-040  1.00000E-040  1.00000E-040  1.00000E-040  1.00000E-040  1.00000E-040  1.00000E-040  1.00000E-040  1.25363E-025  1.00000E-040  1.00000E-040  5.64994E-009  1.16791E-006  1.23958E-005  5.92461E-009  2.19445E-006  2.11818E-002  6.56391E-008  2.81327E-004  1.87142E-018  1.43348E-012  7.88707E-029  2.72013E-021  2.15486E-018  5.74397E-016  8.61846E-008  1.70985E-021  1.46055E-036  1.00000E-040  1.00000E-040  1.00000E-040  5.37908E-023  2.27431E-021  2.06644E-016  4.92517E-015  2.57406E-032  1.00000E-040  1.68558E-026  3.12600E-023  2.76298E-011  2.45281E-012  9.78521E-001  1.65547E-021  5.90928E-025  5.55027E-023  3.87032E-037  1.55945E-031  3.74396E-022  2.65882E-020  7.65140E-010  9.05335E-018  1.84164E-010  3.50239E-018  3.30324E-010  1.61114E-011  1.19339E-007  8.58834E-014  5.68927E-018  8.09847E-018  7.89197E-013  4.07591E-016  6.28183E-014  3.84720E-032  2.72420E-033  1.00000E-040  2.02781E-032  1.00000E-040  3.87492E-024  2.09314E-018  7.86533E-014  2.08150E-022  1.12573E-021  1.74221E-032  9.72110E-039  1.00000E-040  1.00000E-040  3.49999E-028  4.66058E-031  6.21896E-030  9.84359E-025  1.57849E-019  7.40084E-022  1.96984E-026  1.11232E-028  1.91912E-020  3.02102E-018  9.07071E-017  3.17652E-022  5.92545E-030  1.00000E-040  4.58933E-014  2.39774E-030  1.40729E-024  3.39787E-027  5.27314E-020  2.04072E-025  1.12744E-018  3.02396E-023  5.33868E-015  1.00000E-040  1.96559E-014  4.86358E-040  1.00000E-040  2.73365E-018  1.00000E-040  1.16141E-024  1.00458E-013  4.84536E-031  1.00000E-003  1.00000E-005  1.00000E-005  1.00000E-005  1.00000E-005  1.00000E-005  1.00000E-005  1.00000E-005  1.00000E-005  1.00000E-005  1.00000E-005  1.00000E-005  1.00000E-005  1.00000E-005  1.00000E-005  1.00000E-005  
6.45000E+001  5.57258E-005  2.17283E+015  1.85758E+002  2.54488E+005  1.00000E-040  1.00000E-040  1.00000E-040  1.10208E-014  1.00000E-040  1.00000E-040  1.00000E-040  1.00000E-040  1.00000E-040  1.00000E-040  1.00000E-040  1.00000E-040  1.00000E-040  1.00000E-040  1.13868E-025  1.00000E-040  1.00000E-040  9.27190E-009  1.28488E-006  1.22404E-005  7.17049E-009  2.54639E-006  2.11771E-002  9.00123E-008  2.81069E-004  2.64882E-018  1.81038E-012  3.16151E-028  6.80866E-021  5.49538E-018  6.25052E-016  8.44960E-008  2.37597E-021  2.06593E-036  1.00000E-040  1.00000E-040  1.00000E-040  6.42542E-023  2.69084E-021  2.37332E-016  5.79834E-015  8.00960E-032  1.00000E-040  2.30740E-026  8.14629E-023  2.69580E-011  3.11855E-012  9.78526E-001  2.14674E-021  5.24276E-025  6.74078E-023  1.35657E-035  4.39917E-031  8.65253E-022  5.68403E-020  8.98777E-010  1.26985E-017  2.20220E-010  3.40283E-018  3.09704E-010  1.92684E-011  9.86467E-008  9.69257E-014  5.41383E-018  1.36904E-017  7.93779E-013  3.97699E-016  5.28881E-014  3.67869E-032  2.85674E-033  1.00000E-040  1.44633E-032  1.00000E-040  3.87034E-024  1.89693E-018  8.78880E-014  2.34236E-022  1.23662E-021  2.45103E-032  4.24894E-038  1.00000E-040  1.00000E-040  2.91498E-028  1.08438E-030  1.59328E-029  9.08074E-025  3.44590E-019  2.04945E-021  4.77288E-026  1.08137E-028  2.30301E-020  2.65940E-018  7.51430E-017  3.73516E-022  3.56643E-030  1.00000E-040  4.58772E-014  6.03945E-030  1.57368E-024  4.85743E-027  5.36762E-020  3.95756E-025  9.06736E-019  3.74321E-023  5.21399E-015  1.00000E-040  1.96361E-014  1.72236E-039  1.00000E-040  5.26458E-018  1.00000E-040  1.43801E-024  9.81724E-014  9.21418E-031  1.00000E-003  1.00000E-005  1.00000E-005  1.00000E-005  1.00000E-005  1.00000E-005  1.00000E-005  1.00000E-005  1.00000E-005  1.00000E-005  1.00000E-005  1.00000E-005  1.00000E-005  1.00000E-005  1.00000E-005  1.00000E-005  
6.55000E+001  4.67332E-005  1.83243E+015  1.84720E+002  2.64488E+005  1.00000E-040  1.00000E-040  1.00000E-040  7.65894E-015  1.00000E-040  1.00000E-040  1.00000E-040  1.00000E-040  1.00000E-040  1.00000E-040  1.00000E-040  1.00000E-040  1.00000E-040  1.00000E-040  1.04706E-025  1.00000E-040  1.00134E-040  1.53166E-008  1.41729E-006  1.20634E-005  8.75421E-009  2.94143E-006  2.11717E-002  1.24877E-007  2.80767E-004  4.28713E-018  2.58775E-012  1.18387E-027  1.58116E-020  1.29854E-017  7.69717E-016  8.26049E-008  3.28333E-021  2.92127E-036  1.00000E-040  1.00000E-040  1.00000E-040  7.73313E-023  3.18871E-021  2.69253E-016  6.79716E-015  2.30996E-031  1.00000E-040  3.17118E-026  1.93436E-022  2.62010E-011  3.96661E-012  9.78531E-001  3.10455E-021  4.66400E-025  8.24683E-023  2.52280E-036  1.16901E-030  1.87399E-021  1.12884E-019  1.06646E-009  1.81732E-017  2.65857E-010  3.32492E-018  2.90531E-010  2.34763E-011  8.06076E-008  1.12348E-013  5.26192E-018  2.33982E-017  8.05640E-013  4.01122E-016  4.46412E-014  3.48964E-032  3.02920E-033  1.00000E-040  1.02337E-032  1.00000E-040  3.86511E-024  1.72326E-018  1.07640E-013  2.89276E-022  1.48299E-021  3.39995E-032  1.54857E-037  1.00000E-040  1.00000E-040  2.40795E-028  2.27529E-030  3.82852E-029  8.52589E-025  7.02445E-019  5.07750E-021  1.09099E-025  1.05683E-028  2.76755E-020  2.69458E-018  6.21689E-017  4.99293E-022  2.04889E-030  1.00000E-040  4.58506E-014  1.43437E-029  1.94043E-024  7.11286E-027  5.48180E-020  7.20667E-025  8.26781E-019  4.64688E-023  5.04095E-015  1.00000E-040  1.96135E-014  6.05789E-039  1.00000E-040  9.06741E-018  1.00000E-040  1.79851E-024  9.57358E-014  1.67434E-030  1.00000E-003  1.00000E-005  1.00000E-005  1.00000E-005  1.00000E-005  1.00000E-005  1.00000E-005  1.00000E-005  1.00000E-005  1.00000E-005  1.00000E-005  1.00000E-005  1.00000E-005  1.00000E-005  1.00000E-005  1.00000E-005  
6.65000E+001  3.91547E-005  1.54406E+015  1.83669E+002  2.74489E+005  1.00000E-040  1.00000E-040  1.00000E-040  5.53775E-015  1.00000E-040  1.00000E-040  1.00000E-040  1.00000E-040  1.00000E-040  1.00000E-040  1.00000E-040  1.00000E-040  1.00000E-040  1.00000E-040  9.64833E-026  1.00000E-040  1.00497E-040  2.53898E-008  1.56691E-006  1.18614E-005  1.07383E-008  3.38943E-006  2.11655E-002  1.75062E-007  2.80412E-004  7.48689E-018  3.90638E-012  4.09156E-027  3.37905E-020  2.82161E-017  1.04909E-015  8.04894E-008  4.51579E-021  4.40874E-036  2.99145E-039  2.66849E-038  1.00000E-040  9.31219E-023  3.77040E-021  3.02773E-016  7.93256E-015  6.12300E-031  1.00000E-040  4.37500E-026  4.16924E-022  2.53522E-011  5.04590E-012  9.78537E-001  5.00162E-021  4.14670E-025  1.01262E-022  1.00000E-040  2.91495E-030  3.78587E-021  2.06185E-019  1.27683E-009  2.63731E-017  3.22381E-010  3.25025E-018  2.72618E-010  2.89248E-011  6.51976E-008  1.32637E-013  5.17380E-018  3.86854E-017  8.24415E-013  4.13581E-016  3.74527E-014  3.27725E-032  3.24018E-033  1.00000E-040  7.15936E-033  1.00000E-040  3.85913E-024  1.56887E-018  1.41205E-013  3.78717E-022  1.87876E-021  4.63788E-032  4.66908E-037  1.00000E-040  1.00000E-040  1.97725E-028  4.30089E-030  8.50813E-029  8.10369E-025  1.31311E-018  1.12945E-020  2.32977E-025  1.02651E-028  3.31922E-020  3.06333E-018  5.17017E-017  7.39850E-022  1.11434E-030  1.00000E-040  4.58137E-014  3.19134E-029  2.54410E-024  1.05183E-026  5.61742E-020  1.21370E-024  8.34428E-019  5.76779E-023  4.83216E-015  1.00000E-040  1.95877E-014  2.18170E-038  1.00000E-040  1.40140E-017  1.00000E-040  2.25108E-024  9.31229E-014  2.89233E-030  1.00000E-003  1.00000E-005  1.00000E-005  1.00000E-005  1.00000E-005  1.00000E-005  1.00000E-005  1.00000E-005  1.00000E-005  1.00000E-005  1.00000E-005  1.00000E-005  1.00000E-005  1.00000E-005  1.00000E-005  1.00000E-005  
6.75000E+001  3.27734E-005  1.29994E+015  1.82606E+002  2.84489E+005  1.00000E-040  1.00000E-040  1.00000E-040  3.75201E-015  1.00000E-040  1.00000E-040  1.00000E-040  1.00000E-040  1.00000E-040  1.00000E-040  1.00000E-040  1.00000E-040  1.00000E-040  1.00000E-040  8.84032E-026  1.00000E-040  1.00914E-040  4.21284E-008  1.73531E-006  1.16307E-005  1.31844E-008  3.90217E-006  2.11585E-002  2.47678E-007  2.79990E-004  1.32462E-017  5.86504E-012  1.30519E-026  6.65402E-020  5.64419E-017  1.50287E-015  7.81314E-008  6.18665E-021  5.10378E-034  1.40279E-035  1.48191E-034  1.00000E-040  1.11727E-022  4.43782E-021  3.38656E-016  9.21273E-015  1.49149E-030  1.00000E-040  6.05658E-026  8.20030E-022  2.44077E-011  6.42415E-012  9.78544E-001  8.75148E-021  3.68972E-025  1.25204E-022  1.00000E-040  6.81245E-030  7.12056E-021  3.46148E-019  1.54086E-009  3.86107E-017  3.90983E-010  3.16513E-018  2.55806E-010  3.58313E-011  5.21784E-008  1.58076E-013  5.08943E-018  6.17328E-017  8.49201E-013  4.30965E-016  3.13980E-014  3.04063E-032  3.48803E-033  1.00000E-040  4.92351E-033  1.00000E-040  3.85226E-024  1.43102E-018  1.91571E-013  5.02264E-022  2.40677E-021  6.18699E-032  1.17401E-036  1.00000E-040  1.00000E-040  1.61510E-028  7.37194E-030  1.74160E-028  7.77539E-025  2.24878E-018  2.27909E-020  4.63794E-025  9.87568E-029  3.96308E-020  3.71819E-018  4.36700E-017  1.15275E-021  5.70199E-031  1.00000E-040  4.57663E-014  6.61440E-029  3.38360E-024  1.54937E-026  5.77285E-020  1.87881E-024  8.83096E-019  7.12755E-023  4.59525E-015  1.00000E-040  1.95583E-014  8.10848E-038  1.00000E-040  1.96145E-017  1.00000E-040  2.80715E-024  9.03124E-014  4.72117E-030  1.00000E-003  1.00000E-005  1.00000E-005  1.00000E-005  1.00000E-005  1.00000E-005  1.00000E-005  1.00000E-005  1.00000E-005  1.00000E-005  1.00000E-005  1.00000E-005  1.00000E-005  1.00000E-005  1.00000E-005  1.00000E-005  
6.85000E+001  2.74090E-005  1.09160E+015  1.81864E+002  2.94489E+005  1.00000E-040  1.00000E-040  1.00000E-040  6.47548E-016  1.00000E-040  1.00000E-040  1.00000E-040  1.00000E-040  1.00000E-040  1.00000E-040  1.00000E-040  1.00000E-040  1.00000E-040  1.00000E-040  8.02668E-026  1.00000E-040  1.01394E-040  7.01016E-008  1.92375E-006  1.13667E-005  1.61187E-008  4.48339E-006  2.11504E-002  3.53293E-007  2.79484E-004  2.28687E-017  8.49226E-012  4.15205E-026  1.21704E-019  1.04006E-016  2.17024E-015  7.55165E-008  8.47531E-021  1.10636E-035  8.22003E-038  8.70905E-037  1.00000E-040  1.34633E-022  5.24892E-021  3.79970E-016  1.06407E-014  3.33153E-030  1.00000E-040  8.41206E-026  1.49061E-021  2.33665E-011  8.20354E-012  9.78552E-001  1.61062E-020  3.42528E-025  1.59362E-022  1.00000E-040  1.49305E-029  1.24527E-020  5.37005E-019  1.87289E-009  5.70534E-017  4.74276E-010  3.07057E-018  2.39940E-010  4.46608E-011  4.08359E-008  1.89083E-013  4.94058E-018  9.83799E-017  8.76606E-013  4.50736E-016  2.87922E-014  2.78296E-032  3.78058E-033  1.00000E-040  3.26044E-033  1.00000E-040  3.84438E-024  1.30707E-018  2.60632E-013  6.47943E-022  2.99777E-021  7.99547E-032  2.49804E-036  1.00000E-040  1.00000E-040  1.30111E-028  1.15171E-029  3.29636E-028  7.58583E-025  3.56276E-018  4.23373E-020  8.64081E-025  1.01666E-028  4.73108E-020  4.63024E-018  3.78125E-017  1.82409E-021  2.74238E-031  1.00000E-040  4.57080E-014  1.24346E-028  4.38050E-024  2.27986E-026  5.93957E-020  2.65000E-024  9.32583E-019  8.62216E-023  4.30370E-015  1.00000E-040  1.95247E-014  1.00000E-040  1.00000E-040  2.51505E-017  1.00000E-040  3.62556E-024  8.72844E-014  7.22370E-030  1.00000E-003  1.00000E-005  1.00000E-005  1.00000E-005  1.00000E-005  1.00000E-005  1.00000E-005  1.00000E-005  1.00000E-005  1.00000E-005  1.00000E-005  1.00000E-005  1.00000E-005  1.00000E-005  1.00000E-005  1.00000E-005  
6.95000E+001  2.29071E-005  9.16048E+014  1.81121E+002  3.04490E+005  1.00000E-040  1.00000E-040  1.00000E-040  1.92093E-016  1.00000E-040  1.00000E-040  1.00000E-040  1.00000E-040  1.00000E-040  1.00000E-040  1.00000E-040  1.00000E-040  1.00000E-040  1.00000E-040  7.18134E-026  1.00000E-040  1.01948E-040  1.16646E-007  2.13258E-006  1.10639E-005  2.00145E-008  5.05758E-006  2.11411E-002  5.07206E-007  2.78869E-004  3.78779E-017  1.16183E-011  3.02270E-025  2.08215E-019  1.79165E-016  3.11723E-015  7.26360E-008  1.15125E-020  5.45273E-036  1.00000E-040  1.00000E-040  1.00000E-040  1.65741E-022  6.28381E-021  4.17560E-016  1.22229E-014  7.02776E-030  1.00000E-040  1.17283E-025  2.52028E-021  2.22314E-011  1.03063E-011  9.78561E-001  3.06976E-020  3.21205E-025  2.07380E-022  1.00000E-040  3.06449E-029  2.02700E-020  7.90198E-019  2.29151E-009  8.63525E-017  5.84229E-010  3.01459E-018  2.24884E-010  5.76004E-011  3.09154E-008  2.31816E-013  4.82290E-018  1.49208E-016  9.09331E-013  4.90515E-016  2.65919E-014  2.51991E-032  4.27446E-033  1.00000E-040  2.09912E-033  1.00000E-040  3.83532E-024  1.19440E-018  3.47592E-013  8.36827E-022  3.68017E-021  9.86880E-032  4.76698E-036  1.00000E-040  1.00000E-040  1.02286E-028  1.65418E-029  6.01951E-028  7.76847E-025  5.34703E-018  7.30765E-020  1.53428E-024  1.05727E-028  5.71235E-020  5.92272E-018  3.45464E-017  2.86933E-021  1.25651E-031  1.00000E-040  4.56379E-014  2.20786E-028  5.73313E-024  3.35365E-026  6.09767E-020  3.65610E-024  9.90747E-019  1.05299E-022  3.92754E-015  1.00000E-040  1.94860E-014  1.00000E-040  1.00000E-040  2.98245E-017  1.00000E-040  4.74661E-024  8.40243E-014  1.02231E-029  1.00000E-003  1.00000E-005  1.00000E-005  1.00000E-005  1.00000E-005  1.00000E-005  1.00000E-005  1.00000E-005  1.00000E-005  1.00000E-005  1.00000E-005  1.00000E-005  1.00000E-005  1.00000E-005  1.00000E-005  1.00000E-005  
7.05000E+001  1.91315E-005  7.68251E+014  1.80369E+002  3.14490E+005  1.00000E-040  1.00000E-040  1.00000E-040  3.45463E-017  1.00000E-040  1.00000E-040  1.00000E-040  1.00000E-040  1.00000E-040  1.00000E-040  1.00000E-040  1.00000E-040  1.00000E-040  1.00000E-040  6.31432E-026  1.00000E-040  1.02589E-040  2.00717E-007  2.36012E-006  1.07120E-005  2.66017E-008  5.48554E-006  2.11306E-002  7.32642E-007  2.78114E-004  6.06734E-017  1.46827E-011  8.35526E-024  3.36881E-019  2.92160E-016  4.51637E-015  6.94894E-008  1.53328E-020  8.60968E-035  1.61521E-036  1.72728E-035  1.00000E-040  2.13630E-022  7.76572E-021  4.27043E-016  1.39697E-014  1.43189E-029  1.00000E-040  1.64730E-025  4.00835E-021  2.10095E-011  1.22410E-011  9.78572E-001  6.32892E-020  3.09436E-025  2.87315E-022  6.61137E-035  5.71872E-029  2.98350E-020  1.13356E-018  2.81994E-009  1.41213E-016  7.69275E-010  3.11502E-018  2.10532E-010  7.89323E-011  2.19250E-008  3.04953E-013  4.85061E-018  2.14289E-016  9.46815E-013  5.73944E-016  2.44588E-014  2.28996E-032  5.28022E-033  1.00000E-040  1.33019E-033  1.00000E-040  3.82489E-024  1.09068E-018  4.43848E-013  1.12451E-021  4.55619E-021  1.13765E-031  8.66773E-036  1.00000E-040  1.00000E-040  7.65340E-029  2.11791E-029  1.14659E-027  9.00995E-025  7.84064E-018  1.18677E-019  2.65112E-024  1.16568E-028  7.10720E-020  7.83152E-018  3.45816E-017  4.44932E-021  5.77475E-032  1.00000E-040  4.55547E-014  3.79309E-028  8.22005E-024  5.15566E-026  6.20286E-020  5.44364E-024  1.08771E-018  1.36961E-022  3.40840E-015  1.00000E-040  1.94416E-014  1.00000E-040  1.00000E-040  3.29364E-017  1.00000E-040  6.64309E-024  8.05263E-014  1.30360E-029  1.00000E-003  1.00000E-005  1.00000E-005  1.00000E-005  1.00000E-005  1.00000E-005  1.00000E-005  1.00000E-005  1.00000E-005  1.00000E-005  1.00000E-005  1.00000E-005  1.00000E-005  1.00000E-005  1.00000E-005  1.00000E-005  
7.15000E+001  1.59701E-005  6.42480E+014  1.80038E+002  3.24490E+005  1.00000E-040  1.00000E-040  1.00000E-040  1.00000E-040  1.00000E-040  1.00000E-040  1.00000E-040  1.00000E-040  1.00000E-040  1.00000E-040  1.00000E-040  1.00000E-040  1.00000E-040  1.00000E-040  5.45613E-026  1.00000E-040  1.03331E-040  3.91729E-007  2.59958E-006  1.02790E-005  3.77520E-008  6.27986E-006  2.11184E-002  1.07033E-006  2.77166E-004  9.54832E-017  1.71731E-011  2.04250E-022  5.23898E-019  4.50246E-016  6.03376E-015  6.60768E-008  2.01635E-020  1.00000E-040  1.00000E-040  1.00000E-040  1.00000E-040  2.55275E-022  9.01122E-021  4.09783E-016  1.58586E-014  2.56737E-029  1.00000E-040  2.35967E-025  6.10438E-021  1.97091E-011  1.42249E-011  9.78584E-001  1.32891E-019  3.29258E-025  4.52823E-022  7.14061E-035  8.74489E-029  3.57172E-020  1.45312E-018  3.48451E-009  2.48127E-016  1.07395E-009  3.30813E-018  1.96773E-010  1.05164E-010  1.51455E-008  3.83355E-013  4.33815E-018  2.93794E-016  9.82047E-013  6.23625E-016  2.22309E-014  2.16826E-032  6.53539E-033  1.00000E-040  8.33342E-034  1.00000E-040  3.81287E-024  9.94348E-019  5.11727E-013  1.32949E-021  5.02511E-021  1.18331E-031  1.26409E-035  1.00000E-040  1.00000E-040  5.84135E-029  2.23054E-029  2.09029E-027  1.08746E-024  1.03668E-017  1.84523E-019  4.12214E-024  1.49779E-028  8.22839E-020  9.00935E-018  3.41790E-017  5.86152E-021  3.05104E-032  1.00000E-040  4.54568E-014  5.50832E-028  1.06319E-023  7.83877E-026  6.13898E-020  7.16090E-024  1.00440E-018  1.85986E-022  2.97498E-015  1.00000E-040  1.93905E-014  1.00000E-040  1.00000E-040  3.38102E-017  6.08268E-040  1.04102E-023  7.67920E-014  1.42881E-029  1.00000E-003  1.00000E-005  1.00000E-005  1.00000E-005  1.00000E-005  1.00000E-005  1.00000E-005  1.00000E-005  1.00000E-005  1.00000E-005  1.00000E-005  1.00000E-005  1.00000E-005  1.00000E-005  1.00000E-005  1.00000E-005  
7.25000E+001  1.33286E-005  5.36617E+014  1.79903E+002  3.34491E+005  1.00000E-040  1.00000E-040  1.00000E-040  1.00000E-040  1.00000E-040  1.00000E-040  1.00000E-040  1.00000E-040  1.00000E-040  1.00000E-040  1.00000E-040  1.00000E-040  1.00000E-040  1.00000E-040  4.72654E-026  1.00000E-040  1.04193E-040  8.95757E-007  2.82730E-006  9.68518E-006  3.96739E-008  1.17774E-005  2.11020E-002  1.59455E-006  2.75936E-004  1.38749E-016  2.10393E-011  3.38695E-021  7.99250E-019  6.33296E-016  4.76097E-015  6.24004E-008  2.78761E-020  3.50859E-034  1.16986E-035  1.19846E-034  1.00000E-040  1.69135E-022  6.22894E-021  5.24796E-016  1.76992E-014  2.84735E-029  1.00000E-040  3.50668E-025  9.04716E-021  1.83401E-011  2.76996E-011  9.78595E-001  1.56254E-019  3.31160E-025  7.70966E-022  9.50931E-035  8.62921E-029  2.73825E-020  1.13000E-018  4.30541E-009  3.11801E-016  1.08785E-009  2.69828E-018  1.83506E-010  9.33705E-011  1.48730E-008  2.47164E-013  2.16594E-018  3.81835E-016  1.00821E-012  3.62099E-016  1.98786E-014  2.24746E-032  6.00383E-033  1.00000E-040  5.06514E-034  1.00000E-040  3.79897E-024  9.06133E-019  4.64973E-013  7.01213E-022  3.07107E-021  1.06388E-031  6.63479E-036  1.00000E-040  1.00000E-040  6.84639E-029  1.93673E-029  1.74907E-027  6.14337E-025  8.15845E-018  2.79500E-019  4.01287E-024  1.47462E-028  5.69942E-020  4.76531E-018  1.73371E-017  4.73424E-021  1.88074E-032  1.00000E-040  4.53419E-014  3.74488E-028  4.14281E-024  7.14484E-026  5.65457E-020  2.59388E-024  3.42899E-019  1.80621E-022  3.67181E-015  1.00000E-040  1.93314E-014  7.78563E-038  1.00000E-040  3.19260E-017  2.33668E-035  1.18595E-023  7.28347E-014  1.26520E-029  1.00000E-003  1.00000E-005  1.00000E-005  1.00000E-005  1.00000E-005  1.00000E-005  1.00000E-005  1.00000E-005  1.00000E-005  1.00000E-005  1.00000E-005  1.00000E-005  1.00000E-005  1.00000E-005  1.00000E-005  1.00000E-005  
7.35000E+001  1.11233E-005  4.48174E+014  1.79765E+002  3.44491E+005  1.00000E-040  1.00000E-040  1.00000E-040  1.00000E-040  1.00000E-040  1.00000E-040  1.00000E-040  1.00000E-040  1.00000E-040  1.00000E-040  1.00000E-040  1.00000E-040  1.00000E-040  1.00000E-040  4.34485E-026  1.00000E-040  1.05193E-040  1.81235E-006  3.00054E-006  8.92501E-006  2.25976E-008  3.79303E-005  2.10730E-002  2.37021E-006  2.74345E-004  1.87961E-016  2.40323E-011  3.89486E-020  1.21188E-018  7.14436E-016  2.16682E-015  5.84701E-008  4.49341E-020  7.42433E-035  6.88190E-036  6.06488E-035  1.00000E-040  5.63004E-023  2.37860E-021  1.18565E-015  1.90300E-014  3.05460E-029  1.00000E-040  5.38582E-025  1.33047E-020  1.69163E-011  1.84428E-010  9.78598E-001  2.14308E-019  2.93434E-025  1.20429E-021  4.42414E-034  4.52125E-029  1.10260E-020  5.05289E-019  5.23717E-009  1.99569E-016  5.85465E-010  1.35816E-018  1.70660E-010  4.46904E-011  2.45094E-008  7.64817E-014  6.63046E-019  4.73969E-016  9.96755E-013  1.14632E-016  1.74516E-014  2.40392E-032  3.47741E-033  1.00000E-040  2.75442E-034  1.00000E-040  3.78286E-024  8.27269E-019  3.66207E-013  1.22420E-022  7.22848E-022  8.06977E-032  1.16430E-036  1.00000E-040  1.00000E-040  1.32402E-028  1.76270E-029  5.11908E-028  1.13482E-025  3.75243E-018  4.20575E-019  2.35183E-024  7.90842E-029  2.20642E-020  1.28882E-018  5.46033E-018  4.56755E-021  9.27906E-033  1.00000E-040  4.52076E-014  7.24575E-029  4.06178E-025  3.49171E-026  4.89729E-020  1.76132E-025  4.32339E-020  8.76047E-023  7.16322E-015  1.00000E-040  1.92631E-014  1.00000E-040  1.00000E-040  2.90338E-017  2.43597E-031  6.91553E-024  6.86484E-014  9.04751E-030  1.00000E-003  1.00000E-005  1.00000E-005  1.00000E-005  1.00000E-005  1.00000E-005  1.00000E-005  1.00000E-005  1.00000E-005  1.00000E-005  1.00000E-005  1.00000E-005  1.00000E-005  1.00000E-005  1.00000E-005  1.00000E-005  
7.45000E+001  9.28388E-006  3.73625E+014  1.79974E+002  3.54491E+005  1.00000E-040  1.00000E-040  1.00000E-040  1.00000E-040  1.00000E-040  1.00000E-040  1.00000E-040  1.00000E-040  1.00000E-040  1.00000E-040  1.00000E-040  1.00000E-040  1.00000E-040  1.00000E-040  4.11540E-026  1.00000E-040  1.06356E-040  2.91278E-006  3.12081E-006  8.10649E-006  1.19121E-008  1.09922E-004  2.10181E-002  3.37639E-006  2.72392E-004  2.70092E-016  1.85696E-011  3.16421E-019  1.82116E-018  6.36181E-016  1.11767E-015  5.43041E-008  8.11554E-020  3.90904E-035  9.91724E-036  6.79432E-035  1.00000E-040  1.61365E-023  8.83856E-022  2.70355E-015  1.94809E-014  1.06701E-028  1.00000E-040  8.21160E-025  1.96559E-020  1.54573E-011  1.66717E-009  9.78582E-001  7.80076E-019  2.88726E-025  1.64914E-021  1.75672E-033  1.61001E-029  2.96697E-021  2.41939E-019  5.81998E-009  1.02747E-016  2.74491E-010  6.11092E-019  1.58185E-010  1.73773E-011  4.00816E-008  3.33558E-014  2.79116E-019  5.68816E-016  9.09883E-013  3.27729E-017  1.50085E-014  2.40131E-032  1.69791E-033  1.00000E-040  1.42919E-034  1.00000E-040  3.76416E-024  7.51530E-019  2.94023E-013  2.61720E-023  1.17460E-022  5.21430E-032  2.41946E-037  1.00000E-040  1.00000E-040  2.34683E-028  1.76969E-029  1.76050E-028  2.21824E-026  1.91684E-018  6.34938E-019  1.42838E-024  4.27908E-029  8.23244E-021  4.30059E-019  2.83260E-018  7.52202E-021  4.47539E-033  1.00000E-040  4.50512E-014  8.48164E-030  5.01121E-026  1.64839E-026  4.16439E-020  1.29567E-026  6.71101E-021  3.40565E-023  1.40600E-014  1.00000E-040  1.91838E-014  1.00000E-040  1.00000E-040  2.72519E-017  6.89269E-028  3.67146E-024  6.42062E-014  5.78348E-030  1.00000E-003  1.00000E-005  1.00000E-005  1.00000E-005  1.00000E-005  1.00000E-005  1.00000E-005  1.00000E-005  1.00000E-005  1.00000E-005  1.00000E-005  1.00000E-005  1.00000E-005  1.00000E-005  1.00000E-005  1.00000E-005  
7.55000E+001  7.75237E-006  3.10973E+014  1.80563E+002  3.64489E+005  1.00000E-040  1.00000E-040  1.00000E-040  1.00000E-040  1.00000E-040  1.00000E-040  1.00000E-040  1.00000E-040  1.00000E-040  1.00000E-040  1.00000E-040  1.00000E-040  1.00000E-040  1.00000E-040  3.88028E-026  1.00000E-040  1.07707E-040  4.07396E-006  3.20890E-006  7.27482E-006  7.10619E-009  2.50795E-004  2.09251E-002  4.59638E-006  2.70075E-004  3.64739E-016  1.24416E-011  1.90026E-018  2.70808E-018  5.29255E-016  7.33134E-016  4.99382E-008  1.45584E-019  1.00000E-040  1.00000E-040  1.00000E-040  1.00000E-040  4.84132E-024  3.68972E-022  5.01362E-015  1.90574E-014  4.78855E-028  1.00000E-040  1.18801E-024  2.90052E-020  1.39897E-011  1.13036E-008  9.78535E-001  2.67607E-018  3.10900E-025  2.07017E-021  6.85126E-033  6.70376E-030  9.16977E-022  1.43785E-019  5.11426E-009  4.61124E-017  1.40340E-010  3.16657E-019  1.46047E-010  6.36877E-012  5.56505E-008  1.95593E-014  1.46897E-019  6.58204E-016  7.73146E-013  9.31394E-018  1.26168E-014  2.24160E-032  9.15111E-034  1.00000E-040  7.40307E-035  1.00000E-040  3.74251E-024  6.75833E-019  2.41340E-013  1.21695E-023  2.72004E-023  2.89907E-032  7.82563E-038  1.00000E-040  1.00000E-040  3.36083E-028  1.89002E-029  9.15464E-029  6.72172E-027  1.23320E-018  9.54368E-019  1.04322E-024  3.56350E-029  3.41725E-021  1.94332E-019  1.93751E-018  1.49236E-020  3.61084E-033  1.00000E-040  4.48692E-014  1.26038E-030  1.12259E-026  8.82815E-027  3.51207E-020  1.66711E-027  1.62300E-021  1.29922E-023  2.42725E-014  1.00000E-040  1.90920E-014  1.00000E-040  1.00000E-040  2.64760E-017  5.61974E-025  2.22707E-024  5.95197E-014  3.58180E-030  1.00000E-003  1.00000E-005  1.00000E-005  1.00000E-005  1.00000E-005  1.00000E-005  1.00000E-005  1.00000E-005  1.00000E-005  1.00000E-005  1.00000E-005  1.00000E-005  1.00000E-005  1.00000E-005  1.00000E-005  1.00000E-005  
7.65000E+001  6.47811E-006  2.59005E+014  1.81158E+002  3.74490E+005  1.00000E-040  1.00000E-040  1.00000E-040  1.00000E-040  1.00000E-040  1.00000E-040  1.00000E-040  1.00000E-040  1.00000E-040  1.00000E-040  1.00000E-040  1.00000E-040  1.00000E-040  1.00000E-040  3.57783E-026  1.00000E-040  1.09280E-040  5.23332E-006  3.27818E-006  6.45253E-006  4.68747E-009  4.79195E-004  2.07841E-002  6.03023E-006  2.67371E-004  4.56776E-016  8.95910E-012  8.85705E-018  3.95625E-018  4.53175E-016  5.64874E-016  4.54344E-008  2.43193E-019  1.00000E-040  1.00000E-040  1.00000E-040  1.00000E-040  1.57217E-024  1.66875E-022  7.73742E-015  1.80776E-014  1.76181E-027  1.00000E-040  1.59288E-024  4.22242E-020  1.25496E-011  5.44447E-008  9.78448E-001  7.21454E-018  3.39687E-025  2.42716E-021  2.44216E-032  4.54027E-030  4.54529E-022  9.92946E-020  3.64574E-009  1.84157E-017  7.82572E-011  2.17356E-019  1.34243E-010  2.28827E-012  6.86394E-008  1.11080E-014  7.22821E-020  7.31366E-016  6.46846E-013  2.65547E-018  1.03493E-014  2.00006E-032  6.01656E-034  1.00000E-040  3.88838E-035  1.00000E-040  3.71749E-024  6.00074E-019  2.00172E-013  8.49116E-024  1.03739E-023  1.40047E-032  3.45038E-038  1.00000E-040  1.00000E-040  4.12902E-028  2.10519E-029  6.43094E-029  2.98789E-027  9.31086E-019  1.40916E-018  8.66880E-025  4.96185E-029  1.53416E-021  1.07967E-019  1.47973E-018  2.93622E-020  6.14327E-033  1.00000E-040  4.46578E-014  3.32236E-031  4.31850E-027  5.17467E-027  2.95293E-020  3.27944E-028  5.42967E-022  5.03197E-024  3.85250E-014  1.00000E-040  1.89858E-014  1.00000E-040  1.00000E-040  2.61867E-017  1.52922E-022  1.46756E-024  5.46404E-014  2.21838E-030  1.00000E-003  1.00000E-005  1.00000E-005  1.00000E-005  1.00000E-005  1.00000E-005  1.00000E-005  1.00000E-005  1.00000E-005  1.00000E-005  1.00000E-005  1.00000E-005  1.00000E-005  1.00000E-005  1.00000E-005  1.00000E-005  
7.75000E+001  5.41782E-006  2.15612E+014  1.81999E+002  3.84490E+005  1.00000E-040  1.00000E-040  1.00000E-040  1.00000E-040  1.00000E-040  1.00000E-040  1.00000E-040  1.00000E-040  1.00000E-040  1.00000E-040  1.00000E-040  1.00000E-040  1.00000E-040  1.00000E-040  3.19991E-026  1.00000E-040  1.11109E-040  6.35013E-006  3.33574E-006  5.65665E-006  3.26440E-009  8.09989E-004  2.05873E-002  7.68556E-006  2.64249E-004  5.40870E-016  7.08073E-012  3.35410E-017  5.64303E-018  4.05341E-016  4.80039E-016  4.08761E-008  3.79109E-019  1.00000E-040  1.00000E-040  1.00000E-040  1.00000E-040  5.38842E-025  7.99788E-023  1.05374E-014  1.68224E-014  5.26337E-027  1.00000E-040  1.97465E-024  6.04657E-020  1.11776E-011  1.90326E-007  9.78315E-001  1.50731E-017  3.76570E-025  2.74413E-021  7.80474E-032  4.18010E-030  3.02773E-022  7.46496E-020  2.54794E-009  7.69322E-018  4.63311E-011  2.03421E-019  1.22789E-010  8.15804E-013  7.74601E-008  6.43273E-015  3.55392E-020  7.78994E-016  5.51506E-013  7.64819E-019  8.27293E-015  1.73534E-032  4.72346E-034  1.00000E-040  2.02005E-035  1.00000E-040  3.68865E-024  5.25350E-019  1.66548E-013  6.95009E-024  5.63980E-024  5.93799E-033  1.81994E-038  1.00000E-040  1.00000E-040  4.55546E-028  2.41948E-029  5.54026E-029  1.78031E-027  7.77827E-019  2.03143E-018  7.70397E-025  9.06005E-029  7.26689E-022  6.89121E-020  1.21169E-018  5.23198E-020  1.44398E-032  1.00000E-040  4.44127E-014  1.22481E-031  2.40742E-027  3.28739E-027  2.48335E-020  8.31099E-029  2.23464E-022  1.96639E-024  5.85779E-014  1.00000E-040  1.88634E-014  1.00000E-040  1.00000E-040  2.59233E-017  1.63994E-020  1.04928E-024  4.96470E-014  1.38891E-030  1.00000E-003  1.00000E-005  1.00000E-005  1.00000E-005  1.00000E-005  1.00000E-005  1.00000E-005  1.00000E-005  1.00000E-005  1.00000E-005  1.00000E-005  1.00000E-005  1.00000E-005  1.00000E-005  1.00000E-005  1.00000E-005  
7.85000E+001  4.53639E-006  1.79266E+014  1.83286E+002  3.94490E+005  1.00000E-040  1.00000E-040  1.00000E-040  1.00000E-040  1.00000E-040  1.00000E-040  1.00000E-040  1.00000E-040  1.00000E-040  1.00000E-040  1.00000E-040  1.00000E-040  1.00000E-040  1.00000E-040  2.77488E-026  1.00000E-040  1.13238E-040  7.39595E-006  3.38513E-006  4.90100E-006  2.32946E-009  1.25429E-003  2.03288E-002  9.57347E-006  2.60675E-004  6.11640E-016  5.89983E-012  1.07052E-016  7.81559E-018  3.74997E-016  4.32200E-016  3.63559E-008  5.61155E-019  1.15732E-036  1.00000E-040  1.00000E-040  1.00000E-040  1.89084E-025  4.01531E-023  1.32143E-014  1.54466E-014  1.32056E-026  1.00000E-040  2.28232E-024  8.50799E-020  9.91017E-012  5.17104E-007  9.78130E-001  2.56121E-017  4.28670E-025  3.04852E-021  2.22794E-031  4.37206E-030  2.27541E-022  5.85163E-020  1.83180E-009  3.46297E-018  2.85540E-011  2.37523E-019  1.11706E-010  2.89659E-013  8.14008E-008  3.85379E-015  1.78192E-020  7.94391E-016  4.80542E-013  2.23312E-019  6.43916E-015  1.48144E-032  4.20851E-034  1.00000E-040  1.01700E-035  1.00000E-040  3.65548E-024  4.53151E-019  1.38414E-013  6.10149E-024  3.87975E-024  2.23227E-033  1.05356E-038  1.00000E-040  1.00000E-040  4.63520E-028  2.84493E-029  5.40000E-029  1.31498E-027  6.92618E-019  2.84621E-018  7.04811E-025  1.68699E-028  3.58093E-022  4.84367E-020  1.05471E-018  8.41617E-020  3.49525E-032  1.00000E-040  4.41294E-014  5.08674E-032  1.72653E-027  2.25162E-027  2.09354E-020  2.42455E-029  1.04748E-022  7.72179E-025  8.79307E-014  1.00000E-040  1.87231E-014  1.00000E-040  1.00000E-040  2.53536E-017  8.01973E-019  8.15167E-025  4.46311E-014  8.83984E-031  1.00000E-003  1.00000E-005  1.00000E-005  1.00000E-005  1.00000E-005  1.00000E-005  1.00000E-005  1.00000E-005  1.00000E-005  1.00000E-005  1.00000E-005  1.00000E-005  1.00000E-005  1.00000E-005  1.00000E-005  1.00000E-005  
7.95000E+001  3.80374E-006  1.49256E+014  1.84585E+002  4.04490E+005  1.00000E-040  1.00000E-040  1.00000E-040  1.00000E-040  1.00000E-040  1.00000E-040  1.00000E-040  1.00000E-040  1.00000E-040  1.00000E-040  1.00000E-040  1.00000E-040  1.00000E-040  1.00000E-040  2.33487E-026  1.00000E-040  1.15716E-040  8.34999E-006  3.42800E-006  4.19789E-006  1.69795E-009  1.81857E-003  2.00054E-002  1.17020E-005  2.56616E-004  6.64041E-016  5.10125E-012  2.95854E-016  1.04487E-017  3.53659E-016  4.00983E-016  3.19736E-008  7.95481E-019  5.92489E-036  8.91732E-036  4.26526E-035  1.00000E-040  6.82738E-026  2.09744E-023  1.56096E-014  1.40777E-014  2.88751E-026  1.00000E-040  2.49500E-024  1.16987E-019  8.77571E-012  1.16099E-006  9.77890E-001  3.72840E-017  4.82225E-025  3.28668E-021  5.67749E-031  4.88752E-030  1.82966E-022  4.67602E-020  1.35155E-009  1.71606E-018  1.81726E-011  2.99797E-019  1.01044E-010  1.02826E-013  8.18574E-008  2.37431E-015  9.15061E-021  7.75430E-016  4.25126E-013  6.63397E-020  4.88080E-015  1.25491E-032  4.04672E-034  1.00000E-040  5.07319E-036  1.00000E-040  3.61745E-024  3.85127E-019  1.14643E-013  5.52555E-024  3.03956E-024  7.63438E-034  1.00000E-040  1.00000E-040  1.00000E-040  4.45682E-028  3.36902E-029  5.58542E-029  1.08630E-027  6.41410E-019  3.84825E-018  6.53005E-025  2.86292E-028  1.83577E-022  3.63827E-020  9.76238E-019  1.23050E-019  7.80302E-032  1.00000E-040  4.38033E-014  2.31227E-032  1.41081E-027  1.60418E-027  1.77390E-020  7.87158E-030  5.38382E-023  3.13275E-025  1.33213E-013  1.00000E-040  1.85630E-014  1.00000E-040  1.00000E-040  2.43342E-017  2.02896E-017  6.48267E-025  3.96966E-014  5.75138E-031  1.00000E-003  1.00000E-005  1.00000E-005  1.00000E-005  1.00000E-005  1.00000E-005  1.00000E-005  1.00000E-005  1.00000E-005  1.00000E-005  1.00000E-005  1.00000E-005  1.00000E-005  1.00000E-005  1.00000E-005  1.00000E-005  
8.05000E+001  3.19401E-006  1.24422E+014  1.85933E+002  4.06996E+005  1.00000E-040  1.00000E-040  1.00000E-040  1.00000E-040  1.00000E-040  1.00000E-040  1.00000E-040  1.00000E-040  1.00000E-040  1.00000E-040  1.00000E-040  1.00000E-040  1.00000E-040  1.00000E-040  1.92206E-026  1.00000E-040  1.18618E-040  9.20390E-006  3.46531E-006  3.55247E-006  1.25079E-009  2.51127E-003  1.96126E-002  1.40922E-005  2.52011E-004  6.96285E-016  4.47707E-012  7.26883E-016  1.34649E-017  3.35567E-016  3.76365E-016  2.77941E-008  1.09495E-018  4.72993E-036  1.07899E-035  2.65908E-035  1.00000E-040  2.52202E-026  1.13151E-023  1.77148E-014  1.27148E-014  5.65857E-026  1.00000E-040  2.61483E-024  1.57463E-019  7.78222E-012  2.26719E-006  9.77591E-001  4.84550E-017  5.42366E-025  3.46013E-021  1.30174E-030  5.59792E-030  1.51516E-022  3.73628E-020  1.01303E-009  1.37825E-018  1.18199E-011  3.83018E-019  9.07959E-011  3.64314E-014  7.95319E-008  1.48627E-015  4.76296E-021  7.24420E-016  3.78966E-013  1.99902E-020  3.59852E-015  1.05889E-032  4.09009E-034  1.00000E-040  2.49936E-036  1.00000E-040  3.57370E-024  3.22273E-019  9.44104E-014  5.04457E-024  2.53285E-024  2.44887E-034  3.95934E-039  1.00000E-040  1.00000E-040  4.10468E-028  3.99200E-029  5.84690E-029  9.48654E-028  6.07984E-019  5.01487E-018  6.03601E-025  4.50312E-028  9.71402E-023  2.85521E-020  9.48022E-019  1.66300E-019  1.60849E-031  1.00000E-040  4.34266E-014  1.09323E-032  1.22762E-027  1.18055E-027  1.51190E-020  2.71112E-030  2.92683E-023  1.29959E-025  2.04373E-013  1.00000E-040  1.83799E-014  1.47754E-033  1.00000E-040  2.27948E-017  2.97332E-016  5.24202E-025  3.49115E-014  3.83361E-031  1.00000E-003  1.00000E-005  1.00000E-005  1.00000E-005  1.00000E-005  1.00000E-005  1.00000E-005  1.00000E-005  1.00000E-005  1.00000E-005  1.00000E-005  1.00000E-005  1.00000E-005  1.00000E-005  1.00000E-005  1.00000E-005  
8.15000E+001  2.68603E-006  1.03829E+014  1.87374E+002  4.06996E+005  1.00000E-040  1.00000E-040  1.00000E-040  1.00000E-040  1.00000E-040  1.00000E-040  1.00000E-040  1.00000E-040  1.00000E-040  1.00000E-040  1.00000E-040  1.00000E-040  1.00000E-040  1.00000E-040  1.56337E-026  1.00000E-040  1.22049E-040  9.95528E-006  3.49754E-006  2.96691E-006  9.24413E-010  3.34278E-003  1.91452E-002  1.67696E-005  2.46781E-004  7.07459E-016  3.92593E-012  1.62215E-015  1.67205E-017  3.17174E-016  3.52992E-016  2.38636E-008  1.47703E-018  1.00000E-040  9.28261E-037  2.10434E-036  1.00000E-040  9.44928E-027  6.25755E-024  1.95447E-014  1.13453E-014  1.01425E-025  1.00000E-040  2.65545E-024  2.07954E-019  6.92536E-012  3.99309E-006  9.77228E-001  5.79115E-017  6.15910E-025  3.58167E-021  2.71006E-030  6.38691E-030  1.25979E-022  2.94498E-020  7.67355E-010  3.65927E-018  7.79718E-012  4.85051E-019  8.09565E-011  1.28207E-014  7.50933E-008  9.39977E-016  2.50039E-021  6.47312E-016  3.38367E-013  6.07244E-021  2.57505E-015  8.91085E-033  4.28491E-034  1.00000E-040  1.21085E-036  1.00000E-040  3.52306E-024  2.65216E-019  7.71196E-014  4.57823E-024  2.16780E-024  7.71048E-035  2.40670E-039  1.00000E-040  1.00000E-040  3.65272E-028  4.70575E-029  6.00563E-029  8.50608E-028  5.83791E-019  6.29693E-018  5.51148E-025  6.73062E-028  5.26344E-023  2.30093E-020  9.48708E-019  2.10698E-019  3.09989E-031  1.00000E-040  4.29890E-014  5.19065E-033  1.09973E-027  8.93376E-028  1.29622E-020  9.57562E-031  1.64063E-023  5.44551E-026  3.15734E-013  1.00000E-040  1.81696E-014  3.07508E-035  1.00000E-040  2.07613E-017  2.77146E-015  4.29435E-025  3.03272E-014  2.61717E-031  1.00000E-003  1.00000E-005  1.00000E-005  1.00000E-005  1.00000E-005  1.00000E-005  1.00000E-005  1.00000E-005  1.00000E-005  1.00000E-005  1.00000E-005  1.00000E-005  1.00000E-005  1.00000E-005  1.00000E-005  1.00000E-005  
8.25000E+001  2.26231E-006  8.67826E+013  1.88815E+002  4.06996E+005  1.00000E-040  1.00000E-040  1.00000E-040  1.00000E-040  1.00000E-040  1.00000E-040  1.00000E-040  1.00000E-040  1.00000E-040  1.00000E-040  1.00000E-040  1.00000E-040  1.00000E-040  1.00000E-040  1.26881E-026  1.00000E-040  1.26105E-040  1.06014E-005  3.52481E-006  2.44620E-006  6.84560E-010  4.31626E-003  1.86024E-002  1.97300E-005  2.40894E-004  6.99414E-016  3.43064E-012  3.33879E-015  2.00369E-017  2.97452E-016  3.29072E-016  2.02482E-008  1.96057E-018  1.00000E-040  1.00000E-040  1.00000E-040  1.00000E-040  3.60444E-027  3.53910E-024  2.10917E-014  9.98413E-015  1.69152E-025  1.00000E-040  2.63873E-024  2.70012E-019  6.19981E-012  6.48536E-006  9.76798E-001  6.50288E-017  7.00666E-025  3.63495E-021  5.17676E-030  7.19253E-030  1.04429E-022  2.28241E-020  5.87861E-010  1.34609E-017  5.20360E-012  5.98718E-019  7.16162E-011  4.48709E-015  6.92832E-008  6.01595E-016  1.32861E-021  5.53680E-016  3.01719E-013  1.85995E-021  1.78909E-015  7.48974E-033  4.60748E-034  1.00000E-040  5.79712E-037  1.00000E-040  3.46471E-024  2.14759E-019  6.24584E-014  4.10589E-024  1.86279E-024  2.58384E-035  1.43285E-039  1.00000E-040  1.00000E-040  3.16406E-028  5.50097E-029  5.97844E-029  7.64504E-028  5.65563E-019  7.62411E-018  4.95776E-025  9.60429E-028  2.91741E-023  1.88565E-020  9.64074E-019  2.53611E-019  5.53090E-031  1.00000E-040  4.24826E-014  2.46827E-033  9.88429E-028  6.90298E-028  1.11942E-020  3.44070E-031  9.39243E-024  2.30274E-026  4.86651E-013  1.00000E-040  1.79295E-014  2.66809E-036  1.00000E-040  1.83768E-017  1.77558E-014  3.51924E-025  2.60254E-014  1.83249E-031  1.00000E-003  1.00000E-005  1.00000E-005  1.00000E-005  1.00000E-005  1.00000E-005  1.00000E-005  1.00000E-005  1.00000E-005  1.00000E-005  1.00000E-005  1.00000E-005  1.00000E-005  1.00000E-005  1.00000E-005  1.00000E-005  
8.35000E+001  1.90820E-006  7.27094E+013  1.90086E+002  4.06996E+005  1.00000E-040  1.00000E-040  1.00000E-040  1.00000E-040  1.00000E-040  1.00000E-040  1.00000E-040  1.00000E-040  1.00000E-040  1.00000E-040  1.00000E-040  1.00000E-040  1.00000E-040  1.00000E-040  1.03659E-026  1.00000E-040  1.30887E-040  1.11442E-005  3.54727E-006  1.99341E-006  5.08723E-010  5.42906E-003  1.79871E-002  2.29466E-005  2.34353E-004  6.75573E-016  2.99916E-012  6.41511E-015  2.32385E-017  2.76404E-016  3.04249E-016  1.70008E-008  2.56529E-018  4.32110E-036  1.08830E-035  2.35038E-035  1.00000E-040  1.41570E-027  2.04508E-024  2.23403E-014  8.66472E-015  2.66415E-025  1.00000E-040  2.59163E-024  3.45224E-019  5.59544E-012  9.87361E-006  9.76300E-001  6.99943E-017  7.83830E-025  3.58354E-021  9.17137E-030  7.99883E-030  8.64804E-023  1.74252E-020  4.56451E-010  4.04332E-017  3.51165E-012  7.08095E-019  6.28836E-011  1.56932E-015  6.28326E-008  3.91042E-016  7.18978E-022  4.54378E-016  2.68473E-013  5.76281E-022  1.20900E-015  6.29644E-033  5.04934E-034  1.00000E-040  2.77215E-037  1.00000E-040  3.39800E-024  1.71372E-019  5.01794E-014  3.63260E-024  1.57858E-024  1.00920E-035  8.37276E-040  1.00000E-040  1.00000E-040  2.68972E-028  6.36268E-029  5.75573E-029  6.73493E-028  5.51749E-019  8.91554E-018  4.39817E-025  1.29836E-027  1.65649E-023  1.56179E-020  9.83538E-019  2.94195E-019  8.96382E-031  1.00000E-040  4.19011E-014  1.19114E-033  8.71001E-028  5.39625E-028  9.75488E-021  1.26277E-031  5.47645E-024  9.87417E-027  7.41873E-013  1.00000E-040  1.76576E-014  2.37576E-037  1.00000E-040  1.58315E-017  8.34587E-014  2.83453E-025  2.20798E-014  1.31761E-031  1.00000E-003  1.00000E-005  1.00000E-005  1.00000E-005  1.00000E-005  1.00000E-005  1.00000E-005  1.00000E-005  1.00000E-005  1.00000E-005  1.00000E-005  1.00000E-005  1.00000E-005  1.00000E-005  1.00000E-005  1.00000E-005  
8.45000E+001  1.61145E-006  6.11164E+013  1.90974E+002  4.06996E+005  1.00000E-040  1.00000E-040  1.00000E-040  1.00000E-040  1.00000E-040  1.00000E-040  1.00000E-040  1.00000E-040  1.00000E-040  1.00000E-040  1.00000E-040  1.00000E-040  1.00000E-040  1.00000E-040  8.58194E-027  1.00000E-040  1.36511E-040  1.15912E-005  3.56535E-006  1.60805E-006  3.80447E-010  6.67455E-003  1.73052E-002  2.63741E-005  2.27182E-004  6.39881E-016  2.64155E-012  1.16241E-014  2.61921E-017  2.54483E-016  2.78799E-016  1.41487E-008  3.31186E-018  1.00000E-040  1.00000E-040  1.00000E-040  1.00000E-040  5.80710E-028  1.20696E-024  2.32829E-014  7.42064E-015  4.01687E-025  1.00000E-040  2.53681E-024  4.35149E-019  5.09898E-012  1.42731E-005  9.75736E-001  7.37832E-017  8.41922E-025  3.40530E-021  1.52354E-029  8.83342E-030  7.20240E-023  1.31669E-020  3.59235E-010  9.64376E-017  2.39716E-012  7.92656E-019  5.48456E-011  5.52204E-016  5.63526E-008  2.58575E-016  3.97996E-022  3.58898E-016  2.38506E-013  1.81399E-022  7.96555E-016  5.29969E-033  5.62062E-034  1.00000E-040  1.34118E-037  1.00000E-040  3.32239E-024  1.35042E-019  4.00298E-014  3.17324E-024  1.29944E-024  4.76843E-036  4.83735E-040  1.00000E-040  1.00000E-040  2.26399E-028  7.27139E-029  5.37923E-029  5.69388E-028  5.41438E-019  1.00924E-017  3.86130E-025  1.63808E-027  9.65830E-024  1.30196E-020  9.99170E-019  3.33354E-019  1.30679E-030  1.00000E-040  4.12387E-014  5.95703E-034  7.36610E-028  4.22102E-028  8.58850E-021  4.78079E-032  3.25336E-024  4.32343E-027  1.11117E-012  1.00000E-040  1.73522E-014  3.30780E-039  1.00000E-040  1.33061E-017  3.04061E-013  2.19898E-025  1.85399E-014  9.73360E-032  1.00000E-003  1.00000E-005  1.00000E-005  1.00000E-005  1.00000E-005  1.00000E-005  1.00000E-005  1.00000E-005  1.00000E-005  1.00000E-005  1.00000E-005  1.00000E-005  1.00000E-005  1.00000E-005  1.00000E-005  1.00000E-005  
8.55000E+001  1.36220E-006  5.14245E+013  1.91862E+002  4.06996E+005  1.00000E-040  1.00000E-040  1.00000E-040  1.00000E-040  1.00000E-040  1.00000E-040  1.00000E-040  1.00000E-040  1.00000E-040  1.00000E-040  1.00000E-040  1.00000E-040  1.00000E-040  1.00000E-040  7.24908E-027  1.00000E-040  1.43111E-040  1.19536E-005  3.57963E-006  1.28641E-006  2.83212E-010  8.04399E-003  1.65644E-002  2.99546E-005  2.19428E-004  5.98331E-016  2.31695E-012  2.00930E-014  2.89166E-017  2.32933E-016  2.54116E-016  1.16933E-008  4.24092E-018  1.00000E-040  1.00000E-040  1.00000E-040  1.00000E-040  2.44271E-028  7.24938E-025  2.39530E-014  6.24753E-015  5.81896E-025  1.00000E-040  2.47210E-024  5.44468E-019  4.69654E-012  1.97906E-005  9.75106E-001  7.77629E-017  9.03802E-025  3.16704E-021  2.41250E-029  9.59808E-030  5.96503E-023  9.87297E-021  2.85813E-010  1.89506E-016  1.64823E-012  8.61735E-019  4.75532E-011  1.96422E-016  4.94649E-008  1.72936E-016  2.22933E-022  2.73771E-016  2.11702E-013  5.81265E-023  5.13036E-016  4.46809E-033  6.35893E-034  1.00000E-040  6.40145E-038  1.00000E-040  3.23741E-024  1.05310E-019  3.17430E-014  2.73216E-024  1.06127E-024  2.56500E-036  2.76187E-040  1.00000E-040  1.00000E-040  1.87417E-028  8.26437E-029  4.91447E-029  4.77538E-028  5.35297E-019  1.11410E-017  3.35065E-025  2.02194E-027  5.73159E-024  1.09260E-020  1.00881E-018  3.75841E-019  1.78337E-030  1.00000E-040  4.04898E-014  2.95303E-034  6.17909E-028  3.37310E-028  7.64113E-021  1.82572E-032  1.95288E-024  1.88472E-027  1.63344E-012  1.00000E-040  1.70117E-014  1.26361E-038  1.00000E-040  1.09253E-017  9.00560E-013  1.70843E-025  1.54267E-014  7.37622E-032  1.00000E-003  1.00000E-005  1.00000E-005  1.00000E-005  1.00000E-005  1.00000E-005  1.00000E-005  1.00000E-005  1.00000E-005  1.00000E-005  1.00000E-005  1.00000E-005  1.00000E-005  1.00000E-005  1.00000E-005  1.00000E-005  
8.65000E+001  1.15256E-006  4.33585E+013  1.92533E+002  4.06996E+005  1.00000E-040  1.00000E-040  1.00000E-040  1.00000E-040  1.00000E-040  1.00000E-040  1.00000E-040  1.00000E-040  1.00000E-040  1.00000E-040  1.00000E-040  1.00000E-040  1.00000E-040  1.00000E-040  6.24030E-027  1.00000E-040  1.50842E-040  1.22441E-005  3.59076E-006  1.02248E-006  2.10736E-010  9.52592E-003  1.57747E-002  3.36196E-005  2.11153E-004  5.53623E-016  2.04082E-012  3.33477E-014  3.14337E-017  2.12121E-016  2.30465E-016  9.61538E-009  5.38302E-018  1.00000E-040  1.00000E-040  1.00000E-040  1.00000E-040  1.06266E-028  4.42989E-025  2.43446E-014  5.18099E-015  8.17475E-025  1.00000E-040  2.40940E-024  6.76079E-019  4.37371E-012  2.65215E-005  9.74411E-001  8.38323E-017  9.46668E-025  2.86323E-021  3.67537E-029  1.03485E-029  4.96020E-023  7.39843E-021  2.30005E-010  3.17428E-016  1.14271E-012  8.98514E-019  4.10240E-011  7.10394E-017  4.27590E-008  1.17249E-016  1.27009E-022  2.02413E-016  1.87996E-013  1.90071E-023  3.23838E-016  3.77467E-033  7.26957E-034  1.00000E-040  3.04846E-038  1.00000E-040  3.14278E-024  8.14599E-020  2.50500E-014  2.32488E-024  8.50459E-025  1.49344E-036  1.57544E-040  1.00000E-040  1.00000E-040  1.53735E-028  9.32609E-029  4.42211E-029  3.90380E-028  5.32447E-019  1.20203E-017  2.89129E-025  2.39570E-027  3.47085E-024  9.21182E-021  1.00931E-018  4.21788E-019  2.24369E-030  1.00000E-040  3.96502E-014  1.48900E-034  5.05194E-028  2.71982E-028  6.86908E-021  7.13830E-033  1.18776E-024  8.25916E-028  2.35068E-012  1.00000E-040  1.66352E-014  1.00000E-040  1.00000E-040  8.79068E-018  2.24774E-012  1.30247E-025  1.27365E-014  5.73061E-032  1.00000E-003  1.00000E-005  1.00000E-005  1.00000E-005  1.00000E-005  1.00000E-005  1.00000E-005  1.00000E-005  1.00000E-005  1.00000E-005  1.00000E-005  1.00000E-005  1.00000E-005  1.00000E-005  1.00000E-005  1.00000E-005  
8.75000E+001  9.75761E-007  3.66715E+013  1.92722E+002  4.06996E+005  1.00000E-040  1.00000E-040  1.00000E-040  1.00000E-040  1.00000E-040  1.00000E-040  1.00000E-040  1.00000E-040  1.00000E-040  1.00000E-040  1.00000E-040  1.00000E-040  1.00000E-040  1.00000E-040  5.46650E-027  1.00000E-040  1.59881E-040  1.24764E-005  3.59957E-006  8.09239E-007  1.57559E-010  1.11058E-002  1.49486E-002  3.72893E-005  2.02443E-004  5.08140E-016  1.82498E-012  5.33998E-014  3.38453E-017  1.92455E-016  2.08204E-016  7.88412E-009  6.76721E-018  1.00000E-040  1.00000E-040  1.00000E-040  1.00000E-040  4.85495E-029  2.75554E-025  2.44613E-014  4.24387E-015  1.12382E-024  1.00000E-040  2.35724E-024  8.32638E-019  4.11779E-012  3.45440E-005  9.73654E-001  9.38443E-017  9.40084E-025  2.49569E-021  5.43543E-029  1.12086E-029  4.19572E-023  5.59117E-021  1.86100E-010  4.67177E-016  8.00156E-013  8.86151E-019  3.52528E-011  2.63161E-017  3.66506E-008  8.02538E-017  7.35297E-023  1.45621E-016  1.67245E-013  6.36202E-024  2.00902E-016  3.19687E-033  8.34242E-034  1.00000E-040  1.47086E-038  1.00000E-040  3.03844E-024  6.26630E-020  1.97004E-014  1.96336E-024  6.60128E-025  9.26767E-037  1.00000E-040  1.00000E-040  1.00000E-040  1.26010E-028  1.04394E-028  3.95818E-029  3.04703E-028  5.32380E-019  1.27060E-017  2.50045E-025  2.65717E-027  2.15345E-024  7.79575E-021  9.99307E-019  4.68737E-019  2.57893E-030  1.00000E-040  3.87170E-014  7.88947E-035  3.94359E-028  2.18008E-028  6.23574E-021  2.91387E-033  7.35606E-025  3.68371E-028  3.30608E-012  1.00000E-040  1.62219E-014  1.00000E-040  1.00000E-040  6.95510E-018  4.87316E-012  9.51308E-026  1.04501E-014  4.56762E-032  1.00000E-003  1.00000E-005  1.00000E-005  1.00000E-005  1.00000E-005  1.00000E-005  1.00000E-005  1.00000E-005  1.00000E-005  1.00000E-005  1.00000E-005  1.00000E-005  1.00000E-005  1.00000E-005  1.00000E-005  1.00000E-005  
8.85000E+001  8.26387E-007  3.10273E+013  1.92911E+002  4.06996E+005  1.00000E-040  1.00000E-040  1.00000E-040  1.00000E-040  1.00000E-040  1.00000E-040  1.00000E-040  1.00000E-040  1.00000E-040  1.00000E-040  1.00000E-040  1.00000E-040  1.00000E-040  1.00000E-040  4.88491E-027  1.00000E-040  1.70436E-040  1.26633E-005  3.60693E-006  6.39251E-007  1.17026E-010  1.27685E-002  1.41002E-002  4.08826E-005  1.93391E-004  4.65748E-016  1.63536E-012  8.30949E-014  3.64548E-017  1.74859E-016  1.88410E-016  6.46089E-009  8.46212E-018  1.00000E-040  1.00000E-040  1.00000E-040  1.00000E-040  2.27231E-029  1.73827E-025  2.43415E-014  3.42015E-015  1.50776E-024  1.00000E-040  2.29544E-024  1.02389E-018  3.92011E-012  4.39274E-005  9.72836E-001  1.09178E-016  9.31297E-025  2.14006E-021  7.92385E-029  1.21079E-029  3.57214E-023  4.28377E-021  1.51945E-010  6.21706E-016  5.63503E-013  8.54104E-019  3.02092E-011  1.00191E-017  3.07588E-008  5.54370E-017  4.29640E-023  1.02313E-016  1.49108E-013  2.17997E-024  1.22841E-016  2.71498E-033  9.56199E-034  1.00000E-040  6.98060E-039  1.00000E-040  2.92450E-024  4.80507E-020  1.54635E-014  1.64410E-024  5.10978E-025  5.93077E-037  1.00000E-040  1.00000E-040  1.00000E-040  1.01945E-028  1.16856E-028  3.56237E-029  2.37202E-028  5.36464E-019  1.32676E-017  2.16903E-025  2.91109E-027  1.35493E-024  6.64378E-021  9.83881E-019  5.17379E-019  2.84072E-030  1.00000E-040  3.76886E-014  4.18128E-035  3.06984E-028  1.77975E-028  5.70805E-021  1.21522E-033  4.60741E-025  1.62652E-028  4.56320E-012  1.00000E-040  1.57714E-014  1.00000E-040  1.00000E-040  5.42317E-018  9.43864E-012  6.98574E-026  8.53481E-015  3.73413E-032  1.00000E-003  1.00000E-005  1.00000E-005  1.00000E-005  1.00000E-005  1.00000E-005  1.00000E-005  1.00000E-005  1.00000E-005  1.00000E-005  1.00000E-005  1.00000E-005  1.00000E-005  1.00000E-005  1.00000E-005  1.00000E-005  
8.95000E+001  7.00127E-007  2.62630E+013  1.93085E+002  4.06996E+005  1.00000E-040  1.00000E-040  1.00000E-040  1.00000E-040  1.00000E-040  1.00000E-040  1.00000E-040  1.00000E-040  1.00000E-040  1.00000E-040  1.00000E-040  1.00000E-040  1.00000E-040  1.00000E-040  4.44548E-027  1.00000E-040  1.82745E-040  1.28158E-005  3.61350E-006  5.05179E-007  8.64296E-011  1.44978E-002  1.32445E-002  4.43221E-005  1.84097E-004  4.27540E-016  1.47220E-012  1.26031E-013  3.95378E-017  1.59462E-016  1.71175E-016  5.30372E-009  1.05252E-017  1.00000E-040  1.00000E-040  1.00000E-040  1.00000E-040  1.08500E-029  1.11150E-025  2.40035E-014  2.71104E-015  1.97905E-024  1.00000E-040  2.21726E-024  1.25963E-018  3.77707E-012  5.47342E-005  9.71958E-001  1.30940E-016  9.18503E-025  1.81743E-021  1.14798E-028  1.31189E-029  3.07628E-023  3.35271E-021  1.25383E-010  7.63991E-016  3.99177E-013  8.08768E-019  2.58443E-011  3.92941E-018  2.53077E-008  3.87138E-017  2.53876E-023  7.04420E-017  1.33245E-013  7.64412E-025  7.42137E-017  2.31294E-033  1.08778E-033  1.00000E-040  3.25148E-039  1.00000E-040  2.80137E-024  3.68114E-020  1.21327E-014  1.36868E-024  3.94936E-025  3.88637E-037  1.00000E-040  1.00000E-040  1.00000E-040  8.14755E-029  1.30972E-028  3.25299E-029  1.84306E-028  5.45378E-019  1.37355E-017  1.89809E-025  3.15049E-027  8.64269E-025  5.70496E-021  9.64738E-019  5.64763E-019  3.04861E-030  1.00000E-040  3.65655E-014  2.23155E-035  2.38500E-028  1.47564E-028  5.26038E-021  5.21635E-034  2.92331E-025  7.10906E-029  6.18494E-012  1.00000E-040  1.52838E-014  1.00000E-040  1.00000E-040  4.18109E-018  1.66648E-011  5.15618E-026  6.94981E-015  3.13688E-032  1.00000E-003  1.00000E-005  1.00000E-005  1.00000E-005  1.00000E-005  1.00000E-005  1.00000E-005  1.00000E-005  1.00000E-005  1.00000E-005  1.00000E-005  1.00000E-005  1.00000E-005  1.00000E-005  1.00000E-005  1.00000E-005  
9.05000E+001  5.93346E-007  2.22418E+013  1.93221E+002  4.06996E+005  1.00000E-040  1.00000E-040  1.00000E-040  1.00000E-040  1.00000E-040  1.00000E-040  1.00000E-040  1.00000E-040  1.00000E-040  1.00000E-040  1.00000E-040  1.00000E-040  1.00000E-040  1.00000E-040  4.11269E-027  1.00000E-040  1.97082E-040  1.29429E-005  3.61990E-006  4.00387E-007  6.35818E-011  1.62763E-002  1.23983E-002  4.75368E-005  1.74665E-004  3.94242E-016  1.33581E-012  1.86702E-013  4.34230E-017  1.46328E-016  1.56529E-016  4.37231E-009  1.30150E-017  1.00000E-040  1.00000E-040  1.00000E-040  1.00000E-040  5.28590E-030  7.20244E-026  2.34661E-014  2.11493E-015  2.54586E-024  1.00000E-040  2.11993E-024  1.55543E-018  3.69275E-012  6.70206E-005  9.71019E-001  1.59800E-016  8.99343E-025  1.53335E-021  1.66365E-028  1.43511E-029  2.69586E-023  2.69986E-021  1.04656E-010  8.82744E-016  2.84587E-013  7.53218E-019  2.21008E-011  1.59039E-018  2.04513E-008  2.73593E-017  1.51910E-023  4.76829E-017  1.19332E-013  2.74293E-025  4.44078E-017  1.97787E-033  1.22201E-033  1.00000E-040  1.48892E-039  1.00000E-040  2.66975E-024  2.82398E-020  9.53176E-015  1.13617E-024  3.05065E-025  2.61585E-037  1.00000E-040  1.00000E-040  1.00000E-040  6.43818E-029  1.47159E-028  3.03946E-029  1.42966E-028  5.61034E-019  1.41495E-017  1.68438E-025  3.36439E-027  5.58934E-025  4.94012E-021  9.43698E-019  6.08866E-019  3.23357E-030  1.00000E-040  3.53505E-014  1.21010E-035  1.84974E-028  1.23869E-028  4.87306E-021  2.32418E-034  1.88375E-025  3.08146E-029  8.23485E-012  1.00000E-040  1.47603E-014  1.10335E-038  1.00000E-040  3.19873E-018  2.72748E-011  3.82231E-026  5.65247E-015  2.71970E-032  1.00000E-003  1.00000E-005  1.00000E-005  1.00000E-005  1.00000E-005  1.00000E-005  1.00000E-005  1.00000E-005  1.00000E-005  1.00000E-005  1.00000E-005  1.00000E-005  1.00000E-005  1.00000E-005  1.00000E-005  1.00000E-005  
9.15000E+001  5.02997E-007  1.88419E+013  1.93356E+002  4.06996E+005  1.00000E-040  1.00000E-040  1.00000E-040  1.00000E-040  1.00000E-040  1.00000E-040  1.00000E-040  1.00000E-040  1.00000E-040  1.00000E-040  1.00000E-040  1.00000E-040  1.00000E-040  1.00000E-040  3.86071E-027  1.00000E-040  2.13759E-040  1.30523E-005  3.62667E-006  3.19128E-007  4.66367E-011  1.80859E-002  1.15789E-002  5.04662E-005  1.65198E-004  3.66459E-016  1.22356E-012  2.70596E-013  4.84974E-017  1.35534E-016  1.44524E-016  3.63007E-009  1.59935E-017  4.23238E-035  9.88118E-035  2.21644E-034  1.00000E-040  2.62043E-030  4.72814E-026  2.27530E-014  1.62360E-015  3.21089E-024  1.00000E-040  1.99951E-024  1.93856E-018  3.68048E-012  8.08426E-005  9.70022E-001  1.96142E-016  8.77427E-025  1.29348E-021  2.42352E-028  1.59237E-029  2.41395E-023  2.24968E-021  8.85846E-011  9.74378E-016  2.04270E-013  6.94388E-019  1.89172E-011  6.64923E-019  1.62429E-008  1.96103E-017  9.22070E-024  3.18355E-017  1.07064E-013  1.00756E-025  2.63826E-017  1.69933E-033  1.35153E-033  1.00000E-040  6.69672E-040  1.00000E-040  2.53067E-024  2.17471E-020  7.51380E-015  9.43291E-025  2.36558E-025  1.81148E-037  1.00000E-040  1.00000E-040  1.00000E-040  5.02532E-029  1.66101E-028  2.92636E-029  1.11329E-028  5.87151E-019  1.45653E-017  1.52060E-025  3.56318E-027  3.66173E-025  4.32005E-021  9.22956E-019  6.49855E-019  3.47743E-030  1.00000E-040  3.40491E-014  6.68765E-036  1.44010E-028  1.05284E-028  4.53098E-021  1.07954E-034  1.23574E-025  1.32358E-029  1.07745E-011  1.00000E-040  1.42032E-014  5.28222E-038  1.00000E-040  2.43775E-018  4.19711E-011  2.86071E-026  4.60114E-015  2.44874E-032  1.00000E-003  1.00000E-005  1.00000E-005  1.00000E-005  1.00000E-005  1.00000E-005  1.00000E-005  1.00000E-005  1.00000E-005  1.00000E-005  1.00000E-005  1.00000E-005  1.00000E-005  1.00000E-005  1.00000E-005  1.00000E-005  
9.25000E+001  4.26556E-007  1.59510E+013  1.93689E+002  4.06996E+005  1.00000E-040  1.00000E-040  1.00000E-040  1.00000E-040  1.00000E-040  1.00000E-040  1.00000E-040  1.00000E-040  1.00000E-040  1.00000E-040  1.00000E-040  1.00000E-040  1.00000E-040  1.00000E-040  3.67144E-027  1.00000E-040  2.33131E-040  1.31497E-005  3.63422E-006  2.56587E-007  3.40517E-011  1.99097E-002  1.08032E-002  5.30645E-005  1.55794E-004  3.44938E-016  1.12739E-012  3.84439E-013  5.52262E-017  1.27243E-016  1.35311E-016  3.04515E-009  1.95341E-017  3.64971E-035  7.80434E-035  2.10026E-034  1.00000E-040  1.30660E-030  3.14067E-026  2.18920E-014  1.22426E-015  3.96018E-024  1.00000E-040  1.85020E-024  2.45840E-018  3.76360E-012  9.62648E-005  9.68965E-001  2.40360E-016  8.70984E-025  1.10670E-021  3.56168E-028  1.79089E-029  2.20517E-023  1.94513E-021  7.68933E-011  1.04248E-015  1.47525E-013  6.45774E-019  1.62316E-011  2.86959E-019  1.26438E-008  1.43958E-017  5.71882E-024  2.10300E-017  9.61705E-014  3.79320E-026  1.55994E-017  1.46870E-033  1.46990E-033  1.00000E-040  2.93221E-040  1.00000E-040  2.38546E-024  1.68565E-020  5.95815E-015  7.84898E-025  1.86712E-025  1.28067E-037  1.00000E-040  1.00000E-040  1.00000E-040  3.85415E-029  1.89065E-028  2.91720E-029  8.87568E-029  6.29806E-019  1.50681E-017  1.39562E-025  3.82599E-027  2.42075E-025  3.82465E-021  9.05984E-019  6.90980E-019  3.93168E-030  1.00000E-040  3.26694E-014  3.71365E-036  1.14786E-028  9.14096E-029  4.22271E-021  5.20231E-035  8.25557E-026  5.58503E-030  1.38742E-011  1.00000E-040  1.36156E-014  4.29927E-038  1.00000E-040  1.85851E-018  6.14817E-011  2.20730E-026  3.75703E-015  2.30417E-032  1.00000E-003  1.00000E-005  1.00000E-005  1.00000E-005  1.00000E-005  1.00000E-005  1.00000E-005  1.00000E-005  1.00000E-005  1.00000E-005  1.00000E-005  1.00000E-005  1.00000E-005  1.00000E-005  1.00000E-005  1.00000E-005  
9.35000E+001  3.61972E-007  1.34715E+013  1.94614E+002  4.06996E+005  1.00000E-040  1.00000E-040  1.00000E-040  1.00000E-040  1.00000E-040  1.00000E-040  1.00000E-040  1.00000E-040  1.00000E-040  1.00000E-040  1.00000E-040  1.00000E-040  1.00000E-040  1.00000E-040  3.53290E-027  1.00000E-040  2.55582E-040  1.32384E-005  3.64256E-006  2.08836E-007  2.46444E-011  2.17331E-002  1.00863E-002  5.53022E-005  1.46544E-004  3.30762E-016  1.03576E-012  5.36606E-013  6.41704E-017  1.21728E-016  1.29167E-016  2.59074E-009  2.37299E-017  1.00000E-040  7.15898E-035  1.00000E-040  1.00000E-040  6.42873E-031  2.10617E-026  2.09105E-014  9.04551E-016  4.74746E-024  1.00000E-040  1.67118E-024  3.20178E-018  3.97553E-012  1.13364E-004  9.67848E-001  2.93190E-016  9.16598E-025  9.76412E-022  5.29194E-028  2.02822E-029  2.03899E-023  1.74413E-021  7.03098E-011  1.09582E-015  1.07002E-013  6.20309E-019  1.39839E-011  1.27559E-019  9.58596E-009  1.10871E-017  3.69507E-024  1.37880E-017  8.64388E-014  1.46762E-026  9.20157E-018  1.27891E-033  1.57212E-033  1.00000E-040  1.23147E-040  1.00000E-040  2.23577E-024  1.31923E-020  4.76722E-015  6.55145E-025  1.53770E-025  9.13461E-038  1.00000E-040  1.00000E-040  1.00000E-040  2.87538E-029  2.18259E-028  3.01739E-029  7.51310E-029  6.97866E-019  1.57819E-017  1.29570E-025  4.34384E-027  1.60293E-025  3.44079E-021  8.98088E-019  7.38802E-019  4.78793E-030  1.00000E-040  3.12228E-014  2.00395E-036  9.71219E-029  8.26214E-029  3.94019E-021  2.55747E-035  5.60469E-026  2.27873E-030  1.76403E-011  1.00000E-040  1.30021E-014  1.00691E-038  1.00000E-040  1.42440E-018  8.66764E-011  1.82619E-026  3.08534E-015  2.27717E-032  1.00000E-003  1.00000E-005  1.00000E-005  1.00000E-005  1.00000E-005  1.00000E-005  1.00000E-005  1.00000E-005  1.00000E-005  1.00000E-005  1.00000E-005  1.00000E-005  1.00000E-005  1.00000E-005  1.00000E-005  1.00000E-005  
9.45000E+001  3.07449E-007  1.13883E+013  1.95537E+002  4.06996E+005  1.00000E-040  1.00000E-040  1.00000E-040  1.00000E-040  1.00000E-040  1.00000E-040  1.00000E-040  1.00000E-040  1.00000E-040  1.00000E-040  1.00000E-040  1.00000E-040  1.00000E-040  1.00000E-040  3.42039E-027  1.00000E-040  2.81531E-040  1.33201E-005  3.65155E-006  1.72782E-007  1.79719E-011  2.35443E-002  9.44122E-003  5.71647E-005  1.37531E-004  3.23204E-016  9.70254E-013  7.33649E-013  7.56018E-017  1.18778E-016  1.25793E-016  2.24527E-009  2.85163E-017  1.00000E-040  1.00000E-040  1.00000E-040  1.00000E-040  3.19387E-031  1.43149E-026  1.98315E-014  6.58140E-016  5.57844E-024  1.00000E-040  1.47967E-024  4.27868E-018  4.35909E-012  1.32221E-004  9.66670E-001  3.54699E-016  9.59957E-025  8.82049E-022  7.86831E-028  2.35712E-029  1.95170E-023  1.62765E-021  6.59428E-011  1.14068E-015  7.84311E-014  6.00828E-019  1.21190E-011  5.84776E-020  7.20734E-009  8.76598E-018  2.45325E-024  9.00535E-018  7.77488E-014  5.85591E-027  5.42978E-018  1.12421E-033  1.65484E-033  1.00000E-040  1.00000E-040  1.00000E-040  2.08358E-024  1.04679E-020  3.86386E-015  5.53812E-025  1.28355E-025  6.72680E-038  1.00000E-040  1.00000E-040  1.00000E-040  2.12296E-029  2.54407E-028  3.23856E-029  6.44265E-029  8.01573E-019  1.67355E-017  1.22028E-025  4.89801E-027  1.07572E-025  3.14437E-021  8.99189E-019  7.94220E-019  6.19646E-030  1.00000E-040  2.97240E-014  1.12958E-036  8.32631E-029  7.52025E-029  3.67857E-021  1.33064E-035  3.92554E-026  9.30223E-031  2.20717E-011  1.00000E-040  1.23687E-014  1.00000E-040  1.00000E-040  1.10373E-018  1.18139E-010  1.53342E-026  2.55615E-015  2.37014E-032  1.00000E-003  1.00000E-005  1.00000E-005  1.00000E-005  1.00000E-005  1.00000E-005  1.00000E-005  1.00000E-005  1.00000E-005  1.00000E-005  1.00000E-005  1.00000E-005  1.00000E-005  1.00000E-005  1.00000E-005  1.00000E-005  
9.55000E+001  2.61408E-007  9.62017E+012  1.96813E+002  4.06996E+005  1.00000E-040  1.00000E-040  1.00000E-040  1.00000E-040  1.00000E-040  1.00000E-040  1.00000E-040  1.00000E-040  1.00000E-040  1.00000E-040  1.00000E-040  1.00000E-040  1.00000E-040  1.00000E-040  3.32976E-027  1.00000E-040  3.11449E-040  1.33968E-005  3.66119E-006  1.46072E-007  1.31740E-011  2.53358E-002  8.87714E-003  5.86513E-005  1.28828E-004  3.24069E-016  9.20754E-013  9.84478E-013  9.00962E-017  1.18995E-016  1.25826E-016  1.99222E-009  3.39152E-017  1.00000E-040  1.00000E-040  1.00000E-040  1.00000E-040  1.58165E-031  9.83801E-027  1.86849E-014  4.70786E-016  6.39101E-024  1.00000E-040  1.27857E-024  5.88956E-018  4.96772E-012  1.52930E-004  9.65429E-001  4.27369E-016  1.03784E-024  8.31141E-022  1.16930E-027  2.79517E-029  1.91979E-023  1.57782E-021  6.48477E-011  1.19453E-015  5.80080E-014  6.03605E-019  1.05867E-011  2.76420E-020  5.34627E-009  7.25403E-018  1.69885E-024  5.88727E-018  6.99855E-014  2.42322E-027  3.21732E-018  9.99728E-034  1.71674E-033  1.00000E-040  1.00000E-040  1.00000E-040  1.93090E-024  8.46683E-021  3.18834E-015  4.75320E-025  1.11316E-025  5.07484E-038  1.00000E-040  1.00000E-040  1.00000E-040  1.53754E-029  3.01528E-028  3.60902E-029  5.79538E-029  9.57241E-019  1.81204E-017  1.15693E-025  5.69183E-027  7.26613E-026  2.93620E-021  9.18125E-019  8.69504E-019  8.43050E-030  1.00000E-040  2.81890E-014  6.46200E-037  7.48937E-029  7.01177E-029  3.43426E-021  7.21846E-036  2.83695E-026  3.75205E-031  2.73250E-011  1.00000E-040  1.17221E-014  1.00000E-040  1.00000E-040  8.69806E-019  1.57473E-010  1.35470E-026  2.14431E-015  2.58126E-032  1.00000E-003  1.00000E-005  1.00000E-005  1.00000E-005  1.00000E-005  1.00000E-005  1.00000E-005  1.00000E-005  1.00000E-005  1.00000E-005  1.00000E-005  1.00000E-005  1.00000E-005  1.00000E-005  1.00000E-005  1.00000E-005  
9.65000E+001  2.22642E-007  8.08217E+012  1.99524E+002  4.06996E+005  1.00000E-040  1.00000E-040  1.00000E-040  1.00000E-040  1.00000E-040  1.00000E-040  1.00000E-040  1.00000E-040  1.00000E-040  1.00000E-040  1.00000E-040  1.00000E-040  1.00000E-040  1.00000E-040  3.26720E-027  1.00000E-040  3.45779E-040  1.34660E-005  3.67058E-006  1.26940E-007  9.58286E-012  2.71029E-002  8.39978E-003  5.97742E-005  1.20499E-004  3.37249E-016  8.62591E-013  1.30582E-012  1.08775E-016  1.23581E-016  1.30592E-016  1.81914E-009  4.00787E-017  8.52442E-036  1.53753E-035  2.18488E-035  1.00000E-040  7.49411E-032  6.79609E-027  1.75004E-014  3.29640E-016  7.04263E-024  1.00000E-040  1.07105E-024  8.38594E-018  5.86448E-012  1.75577E-004  9.64124E-001  5.39666E-016  1.29017E-024  8.38445E-022  1.75044E-027  3.30784E-029  1.88864E-023  1.58039E-021  7.24939E-011  1.34201E-015  4.29839E-014  6.58639E-019  9.34183E-012  1.34650E-020  3.83490E-009  6.75918E-018  1.30327E-024  3.87956E-018  6.30690E-014  1.05226E-027  1.92546E-018  9.01363E-034  1.75803E-033  1.00000E-040  1.00000E-040  1.00000E-040  1.77991E-024  7.02814E-021  2.69466E-015  4.12881E-025  1.06837E-025  3.84166E-038  1.00000E-040  1.00000E-040  1.00000E-040  1.06368E-029  3.68253E-028  4.17933E-029  6.00500E-029  1.18810E-018  2.03038E-017  1.08923E-025  7.59415E-027  4.84480E-026  2.82997E-021  9.70634E-019  1.01218E-018  1.17485E-029  1.00000E-040  2.66365E-014  3.40855E-037  7.75521E-029  7.05949E-029  3.20523E-021  3.87396E-036  2.09165E-026  1.43578E-031  3.38343E-011  1.00000E-040  1.10699E-014  7.26901E-040  1.00000E-040  7.01231E-019  2.17777E-010  1.39202E-026  1.82894E-015  2.90269E-032  1.00000E-003  1.00000E-005  1.00000E-005  1.00000E-005  1.00000E-005  1.00000E-005  1.00000E-005  1.00000E-005  1.00000E-005  1.00000E-005  1.00000E-005  1.00000E-005  1.00000E-005  1.00000E-005  1.00000E-005  1.00000E-005  
9.75000E+001  1.90059E-007  6.80709E+012  2.02229E+002  4.06996E+005  1.00000E-040  1.00000E-040  1.00000E-040  1.00000E-040  1.00000E-040  1.00000E-040  1.00000E-040  1.00000E-040  1.00000E-040  1.00000E-040  1.00000E-040  1.00000E-040  1.00000E-040  1.00000E-040  3.19855E-027  1.00000E-040  3.84942E-040  1.35241E-005  3.67856E-006  1.14092E-007  7.16709E-012  2.88424E-002  8.01148E-003  6.05558E-005  1.12605E-004  3.62260E-016  8.35936E-013  1.73648E-012  1.33444E-016  1.32574E-016  1.40083E-016  1.71697E-009  4.65957E-017  4.47320E-036  6.15454E-036  2.04838E-035  1.00000E-040  3.55645E-032  4.76177E-027  1.63023E-014  2.29076E-016  7.79076E-024  1.00000E-040  8.82139E-025  1.21276E-017  7.11288E-012  2.00205E-004  9.62755E-001  9.94325E-016  1.58830E-024  8.80785E-022  2.68343E-027  4.11627E-029  1.97267E-023  1.67231E-021  8.45435E-011  2.29121E-015  3.23240E-014  7.32829E-019  8.34476E-012  6.85155E-021  2.76134E-009  6.58515E-018  1.04829E-024  2.60645E-018  5.70032E-014  4.88585E-028  1.17602E-018  8.25713E-034  1.77979E-033  4.57577E-040  1.00000E-040  1.00000E-040  1.63291E-024  6.03612E-021  2.34782E-015  3.69085E-025  1.05746E-025  3.10237E-038  1.00000E-040  1.00000E-040  1.00000E-040  7.32368E-030  4.57704E-028  5.09504E-029  6.39861E-029  1.51825E-018  2.33765E-017  1.04458E-025  1.00178E-026  3.27899E-026  2.81006E-021  1.05724E-018  1.51909E-018  1.59866E-029  1.00000E-040  2.50881E-014  1.97423E-037  8.26358E-029  7.10990E-029  2.99132E-021  2.31595E-036  1.62014E-026  5.65311E-032  4.15432E-011  1.00000E-040  1.04212E-014  5.02894E-040  1.00000E-040  5.81814E-019  4.40212E-010  1.45658E-026  1.59301E-015  3.32606E-032  1.00000E-003  1.00000E-005  1.00000E-005  1.00000E-005  1.00000E-005  1.00000E-005  1.00000E-005  1.00000E-005  1.00000E-005  1.00000E-005  1.00000E-005  1.00000E-005  1.00000E-005  1.00000E-005  1.00000E-005  1.00000E-005  
9.85000E+001  1.62627E-007  5.73710E+012  2.05313E+002  4.06996E+005  1.00000E-040  1.00000E-040  1.00000E-040  1.00000E-040  1.00000E-040  1.00000E-040  1.00000E-040  1.00000E-040  1.00000E-040  1.00000E-040  1.00000E-040  1.00000E-040  1.00000E-040  1.00000E-040  3.09163E-027  1.00000E-040  4.29451E-040  1.35699E-005  3.68470E-006  1.06691E-007  5.57883E-012  3.05552E-002  7.71142E-003  6.10239E-005  1.05181E-004  4.04424E-016  8.33392E-013  2.62952E-012  1.82208E-016  1.47686E-016  1.56493E-016  1.67997E-009  5.33677E-017  5.58801E-037  9.04715E-037  6.59536E-037  1.00000E-040  1.69623E-032  3.37615E-027  1.51132E-014  1.60191E-016  9.75767E-024  1.00000E-040  7.19110E-025  1.77343E-017  8.74195E-012  2.26631E-004  9.61323E-001  4.29620E-015  2.01803E-024  9.63881E-022  5.23757E-027  5.79328E-029  2.34684E-023  2.04562E-021  1.12693E-010  9.47003E-015  2.46057E-014  8.37832E-019  7.55975E-012  3.79545E-021  1.98396E-009  7.32601E-018  9.61097E-025  1.81694E-018  5.17598E-014  2.57079E-028  7.46369E-019  7.69796E-034  1.78371E-033  1.84571E-038  1.00000E-040  1.00000E-040  1.49164E-024  5.40823E-021  2.12200E-015  3.39953E-025  1.11041E-025  2.76773E-038  1.00000E-040  1.00000E-040  1.00000E-040  4.97479E-030  5.82820E-028  7.17143E-029  7.28319E-029  1.98578E-018  2.78494E-017  1.11169E-025  1.36009E-026  2.23705E-026  2.89744E-021  1.19672E-018  4.79926E-018  2.07151E-029  1.00000E-040  2.35612E-014  1.33732E-037  9.41618E-029  7.29219E-029  2.79208E-021  1.62178E-036  1.31855E-026  2.33000E-032  5.09036E-011  1.00000E-040  9.78328E-015  2.64737E-040  1.00000E-040  4.99335E-019  2.06110E-009  1.60981E-026  1.42271E-015  3.79745E-032  1.00000E-003  1.00000E-005  1.00000E-005  1.00000E-005  1.00000E-005  1.00000E-005  1.00000E-005  1.00000E-005  1.00000E-005  1.00000E-005  1.00000E-005  1.00000E-005  1.00000E-005  1.00000E-005  1.00000E-005  1.00000E-005  
9.95000E+001  1.39618E-007  4.79033E+012  2.11103E+002  4.06996E+005  1.00000E-040  1.00000E-040  1.00000E-040  1.00000E-040  1.00000E-040  1.00000E-040  1.00000E-040  1.00000E-040  1.00000E-040  1.00000E-040  1.00000E-040  1.00000E-040  1.00000E-040  1.00000E-040  2.71498E-027  1.00000E-040  4.79608E-040  1.35954E-005  3.68727E-006  1.04454E-007  4.88166E-012  3.22383E-002  7.49689E-003  6.12056E-005  9.82710E-005  4.81397E-016  8.20414E-013  6.26216E-012  3.66656E-016  1.73235E-016  1.87761E-016  1.70493E-009  6.07991E-017  1.00000E-040  1.00000E-040  1.00000E-040  1.00000E-040  8.41086E-033  2.39742E-027  1.39532E-014  1.17135E-016  1.83678E-023  1.00000E-040  5.86882E-025  2.63461E-017  1.05162E-011  2.53067E-004  9.59835E-001  3.04269E-014  3.29671E-024  1.09418E-021  2.37875E-026  1.03937E-028  3.54580E-023  3.72682E-021  2.41323E-010  6.59793E-014  1.86304E-014  9.91495E-019  6.95663E-012  2.56360E-021  1.36870E-009  1.28550E-017  1.35078E-024  1.34762E-018  4.73172E-014  1.72841E-028  5.07012E-019  7.31041E-034  1.77099E-033  6.48642E-037  1.00000E-040  1.00000E-040  1.35786E-024  5.08739E-021  1.99833E-015  3.18895E-025  1.38267E-025  2.66664E-038  1.00000E-040  1.00000E-040  1.00000E-040  3.15557E-030  7.63955E-028  1.51975E-028  1.05489E-028  2.64330E-018  3.50300E-017  1.68402E-025  2.35164E-026  1.48357E-026  3.14975E-021  1.43493E-018  3.05196E-017  2.48712E-029  1.00000E-040  2.20756E-014  1.14277E-037  1.35810E-028  8.44773E-029  2.60765E-021  1.80736E-036  1.11047E-026  1.07668E-032  6.34413E-011  1.00000E-040  9.16433E-015  1.23430E-040  1.00000E-040  4.45877E-019  1.54776E-008  2.27182E-026  1.30717E-015  4.13054E-032  1.00000E-003  1.00000E-005  1.00000E-005  1.00000E-005  1.00000E-005  1.00000E-005  1.00000E-005  1.00000E-005  1.00000E-005  1.00000E-005  1.00000E-005  1.00000E-005  1.00000E-005  1.00000E-005  1.00000E-005  1.00000E-005  
