alt           press         den           temp          eddy          H2Oaer        CO2aer        S8aer         H2SO4aer      NH3aer        N2Oaer        C2H2aer       C2H4aer       C2H6aer       CH3CNaer      HCCCNaer      HCNaer        CH4aer        HCaer1        HCaer2        HCaer3        He            H             H2            H2O           OH            O             O2            CO            CO2           HCO           H2CO          C             CH            CH2           CH3           CH4           S             S2            S3            S4            S8            H2S           HS            SO            SO2           CS            CS2           OCS           CN            HCN           N             N2            NH            NH2           NH3           C2            C2H           C2H2          C2H4          NO            HNO           HO2           HNCO          N2O           H2O2          O3            NO2           NO3           SO3           HNO2          HNO3          H2SO4         HCl           Cl            Cl2           HOCl          N2H4          ClO           C2H6          CH3OH         CH2CO         CH3CHO        C3H4          C3H6          C4H2          C4H4          OClO          HCS           C2H3          C2H5          NCO           1CH2          HCCO          NNH           HSO           CH3O          H2COH         H2CN          N2H2          C4H           HCNOH         C2H2OH        CH3CO         CH2CHO        C2H3OH        C2H4OH        CH3O2         HSO3          O1D           N2H3          NH2CO         HS4           C4H3          CH2N2         N2D           CH2CN         CH3CN         HCCCN         H2Oaer_r      CO2aer_r      S8aer_r       H2SO4aer_r    NH3aer_r      N2Oaer_r      C2H2aer_r     C2H4aer_r     C2H6aer_r     CH3CNaer_r    HCCCNaer_r    HCNaer_r      CH4aer_r      HCaer1_r      HCaer2_r      HCaer3_r      
5.00000E-001  1.00966E+000  2.54480E+019  2.87368E+002  1.00000E+005  6.84038E-004  1.00000E-040  1.00000E-040  2.27258E-032  1.00000E-040  1.00000E-040  1.00000E-040  1.00000E-040  1.00000E-040  1.00000E-040  1.00000E-040  1.00000E-040  1.00000E-040  1.00000E-040  1.30199E-023  1.00000E-040  1.00000E-040  1.02946E-021  4.95216E-007  6.44336E-003  3.72345E-014  8.34781E-017  2.10694E-001  3.86186E-008  2.81282E-004  1.26860E-022  2.17585E-010  1.00000E-040  1.00000E-040  1.63880E-033  3.04987E-020  8.00268E-007  4.90778E-029  6.94601E-027  1.00000E-040  1.00000E-040  1.00000E-040  9.07246E-012  9.30799E-018  7.95575E-019  3.64582E-011  1.00000E-040  1.00000E-040  3.33775E-010  9.12062E-035  5.01211E-011  9.23215E-032  7.82579E-001  8.07343E-024  2.96115E-014  5.57853E-010  1.00000E-040  1.00000E-040  1.81807E-029  5.01345E-025  1.24869E-012  5.53055E-016  1.28356E-011  1.05300E-014  2.70388E-007  1.62075E-009  4.69949E-008  1.48526E-011  3.11492E-013  3.58075E-019  1.51523E-012  1.81152E-011  2.65635E-011  5.55771E-031  3.84658E-036  2.55367E-033  8.51344E-031  2.77372E-013  5.67144E-023  1.98864E-023  1.51210E-017  1.76334E-025  2.05100E-025  1.00000E-040  2.45175E-038  1.00000E-040  1.00000E-040  1.53093E-029  1.00000E-040  2.00477E-040  5.67484E-026  9.49400E-017  5.03261E-035  5.79337E-039  4.62739E-023  1.57406E-017  8.88764E-019  3.71003E-015  5.52313E-025  6.92666E-011  1.00000E-040  3.13124E-019  1.00000E-040  9.50407E-026  9.21664E-031  1.41782E-022  1.73193E-025  3.33446E-011  1.87900E-023  1.63361E-022  1.60488E-013  1.65131E-014  1.00000E-040  1.00000E-040  1.75295E-023  1.00000E-040  5.89362E-022  3.66892E-011  1.00000E-040  1.00000E-003  1.00000E-005  1.00000E-005  1.00000E-005  1.00000E-005  1.00000E-005  1.00000E-005  1.00000E-005  1.00000E-005  1.00000E-005  1.00000E-005  1.00000E-005  1.00000E-005  1.00000E-005  1.00000E-005  1.00000E-005  
1.50000E+000  8.94337E-001  2.30554E+019  2.80961E+002  1.00000E+005  8.97855E-004  1.00000E-040  1.00000E-040  2.66568E-029  1.00000E-040  1.00000E-040  1.00000E-040  1.00000E-040  1.00000E-040  1.00000E-040  1.00000E-040  1.00000E-040  1.00000E-040  1.00000E-040  7.69495E-024  1.00000E-040  1.00000E-040  9.76372E-022  4.96009E-007  4.91818E-003  3.71611E-014  9.78381E-017  2.11018E-001  3.75497E-008  2.81716E-004  8.22124E-023  1.28649E-010  1.00000E-040  1.00000E-040  1.36630E-033  2.67387E-020  7.99973E-007  3.69440E-029  6.87611E-027  1.00000E-040  1.00000E-040  1.00000E-040  5.12680E-012  5.42199E-018  6.02496E-019  7.50395E-011  1.00000E-040  1.00000E-040  3.34012E-010  5.43087E-035  5.00739E-011  1.59090E-031  7.83781E-001  1.11759E-023  8.43565E-014  5.33488E-010  1.00000E-040  1.00000E-040  1.76270E-029  5.00581E-025  6.51432E-014  1.01501E-015  1.18948E-011  9.04828E-015  2.70775E-007  1.54857E-009  4.68504E-008  2.24955E-012  9.75041E-014  2.29403E-019  8.25257E-013  2.36371E-011  2.84972E-011  3.10134E-031  3.87627E-036  4.14905E-035  6.76669E-031  6.89795E-013  5.68014E-023  2.02080E-023  1.40478E-017  2.00170E-025  1.71537E-025  1.00000E-040  2.37961E-038  1.00000E-040  1.00000E-040  1.45530E-029  1.00000E-040  1.87836E-040  3.25974E-026  5.84209E-016  3.91899E-035  6.83490E-039  5.81381E-023  1.29012E-017  5.81202E-019  4.36885E-015  3.70914E-025  7.02176E-011  1.00000E-040  4.99926E-019  1.00000E-040  1.10417E-025  8.84298E-031  1.42000E-022  1.48019E-025  3.71507E-010  4.00229E-023  2.08909E-022  3.18419E-013  1.66792E-014  1.00000E-040  1.00000E-040  1.19790E-023  1.00000E-040  5.70011E-022  3.64883E-011  1.00000E-040  1.00000E-003  1.00000E-005  1.00000E-005  1.00000E-005  1.00000E-005  1.00000E-005  1.00000E-005  1.00000E-005  1.00000E-005  1.00000E-005  1.00000E-005  1.00000E-005  1.00000E-005  1.00000E-005  1.00000E-005  1.00000E-005  
2.50000E+000  7.90670E-001  2.07400E+019  2.76124E+002  1.00000E+005  5.97489E-004  1.00000E-040  1.00000E-040  2.80633E-026  1.00000E-040  1.00000E-040  1.00000E-040  1.00000E-040  1.00000E-040  1.00000E-040  1.00000E-040  1.00000E-040  1.00000E-040  1.00000E-040  8.10242E-024  1.00000E-040  1.00000E-040  1.06909E-021  4.96459E-007  3.92516E-003  4.39386E-014  1.18622E-016  2.11228E-001  3.62815E-008  2.82000E-004  3.75837E-023  4.89752E-011  1.00000E-040  1.00000E-040  1.70043E-033  2.94209E-020  7.99476E-007  3.15056E-029  6.75421E-027  1.00000E-040  1.00000E-040  1.00000E-040  2.87128E-012  3.67964E-018  5.06854E-019  5.83591E-011  1.00000E-040  1.00000E-040  3.34087E-010  4.26628E-035  5.00199E-011  3.00349E-031  7.84563E-001  1.48244E-023  1.08390E-013  5.12253E-010  1.00000E-040  1.00000E-040  1.67283E-029  4.82472E-025  8.51556E-015  1.41414E-015  1.03452E-011  8.58567E-015  2.71012E-007  1.42940E-009  4.69858E-008  4.86560E-013  2.88482E-014  1.66663E-019  4.33684E-013  2.30083E-011  2.98466E-011  2.02335E-031  4.09600E-036  5.75118E-037  5.94974E-031  9.42691E-013  5.68581E-023  2.08211E-023  1.26084E-017  2.46699E-025  1.44956E-025  1.00000E-040  2.27086E-038  1.00000E-040  1.00000E-040  1.40807E-029  1.00000E-040  2.04278E-040  2.84432E-026  2.67931E-015  4.62274E-035  9.85722E-039  8.27714E-023  1.15488E-017  1.97993E-019  4.82052E-015  2.84590E-025  7.12403E-011  1.00000E-040  8.31734E-019  1.00000E-040  1.45486E-025  8.29464E-031  1.42142E-022  1.27716E-025  8.13872E-010  3.77389E-023  2.63765E-022  4.39509E-013  1.68128E-014  1.00000E-040  1.00000E-040  1.10446E-023  1.00000E-040  5.39164E-022  3.63056E-011  1.00000E-040  1.00000E-003  1.00000E-005  1.00000E-005  1.00000E-005  1.00000E-005  1.00000E-005  1.00000E-005  1.00000E-005  1.00000E-005  1.00000E-005  1.00000E-005  1.00000E-005  1.00000E-005  1.00000E-005  1.00000E-005  1.00000E-005  
3.50000E+000  6.97571E-001  1.86304E+019  2.71195E+002  1.00000E+005  5.50080E-004  1.00000E-040  1.00000E-040  1.69902E-023  1.00000E-040  1.00000E-040  1.00000E-040  1.00000E-040  1.00000E-040  1.00000E-040  1.00000E-040  1.00000E-040  1.00000E-040  1.00000E-040  1.22776E-023  1.00000E-040  1.00000E-040  1.18095E-021  4.96905E-007  3.04457E-003  4.91244E-014  1.45790E-016  2.11415E-001  3.50981E-008  2.82251E-004  2.28878E-023  2.57008E-011  1.00000E-040  1.00000E-040  1.88128E-033  3.04137E-020  7.99114E-007  2.48970E-029  6.59703E-027  1.00000E-040  1.00000E-040  1.00000E-040  1.61968E-012  2.36634E-018  4.14713E-019  4.53418E-011  1.00000E-040  1.00000E-040  3.34141E-010  3.09853E-035  4.99763E-011  4.66401E-031  7.85256E-001  1.67501E-023  1.12893E-013  4.94255E-010  1.00000E-040  1.00000E-040  1.56262E-029  4.64850E-025  4.10998E-015  1.78487E-015  9.91007E-012  7.29973E-015  2.71214E-007  1.30247E-009  4.77588E-008  2.58688E-013  1.81582E-014  1.13843E-019  2.38328E-013  2.23391E-011  2.93269E-011  1.59590E-031  4.22356E-036  7.49302E-039  5.19099E-031  9.51227E-013  5.69083E-023  2.17721E-023  1.12575E-017  3.07155E-025  1.27773E-025  1.00000E-040  2.13936E-038  1.00000E-040  1.00000E-040  1.39049E-029  1.00000E-040  2.09771E-040  2.89393E-026  4.99395E-015  4.83292E-035  9.59519E-039  1.11842E-022  1.00898E-017  1.56713E-019  5.47087E-015  2.30054E-025  7.17838E-011  1.00000E-040  1.33697E-018  1.00000E-040  1.83231E-025  7.64337E-031  1.42267E-022  1.19560E-025  1.06727E-009  3.36614E-023  3.31566E-022  4.66081E-013  1.69017E-014  1.00000E-040  1.00000E-040  9.36079E-024  1.00000E-040  5.00359E-022  3.61494E-011  1.00000E-040  1.00000E-003  1.00000E-005  1.00000E-005  1.00000E-005  1.00000E-005  1.00000E-005  1.00000E-005  1.00000E-005  1.00000E-005  1.00000E-005  1.00000E-005  1.00000E-005  1.00000E-005  1.00000E-005  1.00000E-005  1.00000E-005  
4.50000E+000  6.13907E-001  1.67498E+019  2.65466E+002  1.00000E+005  5.63232E-004  1.00000E-040  1.00000E-040  4.27444E-021  1.00000E-040  1.00000E-040  1.00000E-040  1.00000E-040  1.00000E-040  1.00000E-040  1.00000E-040  1.00000E-040  1.00000E-040  1.00000E-040  3.61999E-024  1.00000E-040  1.00000E-040  1.24716E-021  4.97442E-007  2.15091E-003  5.13091E-014  1.79746E-016  2.11605E-001  3.40907E-008  2.82506E-004  2.20964E-023  2.21824E-011  1.00000E-040  1.00000E-040  1.73671E-033  2.83083E-020  7.98968E-007  1.85170E-029  6.41764E-027  1.00000E-040  1.00000E-040  1.00000E-040  9.35784E-013  1.45411E-018  3.44699E-019  3.54810E-011  1.00000E-040  1.00000E-040  3.34216E-010  1.92517E-035  4.99484E-011  6.25161E-031  7.85960E-001  1.66646E-023  1.10107E-013  4.79400E-010  1.00000E-040  1.00000E-040  1.44379E-029  4.49894E-025  4.43586E-015  2.18813E-015  9.56227E-012  5.43092E-015  2.71415E-007  1.16527E-009  4.92329E-008  2.51701E-013  1.69733E-014  6.74611E-020  1.54401E-013  2.19082E-011  2.54981E-011  1.33598E-031  4.19174E-036  1.00000E-040  4.41346E-031  8.62773E-013  5.69593E-023  2.31006E-023  1.00678E-017  3.81334E-025  1.14682E-025  1.00000E-040  1.99642E-038  1.00000E-040  1.00000E-040  1.39958E-029  1.00000E-040  2.00506E-040  2.97586E-026  5.33189E-015  4.16641E-035  1.00000E-040  1.45483E-022  9.07837E-018  2.00398E-019  6.52804E-015  1.79207E-025  7.16598E-011  1.00000E-040  2.20807E-018  1.00000E-040  2.23963E-025  6.94286E-031  1.42395E-022  1.16406E-025  1.10823E-009  2.84682E-023  4.15972E-022  4.41414E-013  1.69578E-014  1.00000E-040  1.00000E-040  6.68695E-024  1.00000E-040  4.56469E-022  3.60224E-011  1.00000E-040  1.00000E-003  1.00000E-005  1.00000E-005  1.00000E-005  1.00000E-005  1.00000E-005  1.00000E-005  1.00000E-005  1.00000E-005  1.00000E-005  1.00000E-005  1.00000E-005  1.00000E-005  1.00000E-005  1.00000E-005  1.00000E-005  
5.50000E+000  5.38836E-001  1.50447E+019  2.59412E+002  1.00000E+005  4.68915E-004  1.00000E-040  1.00000E-040  2.17180E-018  1.00000E-040  1.00000E-040  1.00000E-040  1.00000E-040  1.00000E-040  1.00000E-040  1.00000E-040  1.00000E-040  1.00000E-040  1.00000E-040  2.60613E-024  1.00000E-040  1.00000E-040  1.30706E-021  4.97961E-007  1.43205E-003  5.23101E-014  2.23555E-016  2.11757E-001  3.32495E-008  2.82711E-004  2.70295E-023  2.44985E-011  1.00000E-040  1.00000E-040  1.48981E-033  2.52289E-020  7.98851E-007  1.37468E-029  6.22449E-027  6.24756E-038  5.34717E-037  1.00000E-040  5.56919E-013  8.99775E-019  3.00464E-019  2.80692E-011  1.00000E-040  1.00000E-040  3.34243E-010  1.10794E-035  4.99255E-011  8.18468E-031  7.86527E-001  1.61108E-023  1.05000E-013  4.67194E-010  1.00000E-040  1.00000E-040  1.32563E-029  4.36998E-025  6.79557E-015  2.65797E-015  9.29849E-012  3.93786E-015  2.71563E-007  1.06049E-009  5.13670E-008  3.01513E-013  1.78473E-014  4.08768E-020  1.40525E-013  2.26767E-011  2.13622E-011  1.12917E-031  4.09284E-036  1.00000E-040  3.74540E-031  7.48120E-013  5.70003E-023  2.48399E-023  9.04010E-018  4.78131E-025  1.03228E-025  1.00000E-040  1.85099E-038  1.00000E-040  1.00000E-040  1.43128E-029  1.00000E-040  1.87113E-040  3.07262E-026  4.38275E-015  3.31383E-035  1.00000E-040  1.87696E-022  8.63826E-018  2.91381E-019  7.98656E-015  1.36104E-025  7.09076E-011  1.00000E-040  3.75939E-018  1.00000E-040  2.74240E-025  6.24557E-031  1.42497E-022  1.14392E-025  9.80305E-010  2.38608E-023  5.21904E-022  3.96964E-013  1.69906E-014  1.00000E-040  1.00000E-040  4.37771E-024  1.00000E-040  4.10472E-022  3.59152E-011  1.00000E-040  1.00000E-003  1.00000E-005  1.00000E-005  1.00000E-005  1.00000E-005  1.00000E-005  1.00000E-005  1.00000E-005  1.00000E-005  1.00000E-005  1.00000E-005  1.00000E-005  1.00000E-005  1.00000E-005  1.00000E-005  1.00000E-005  
6.50000E+000  4.71503E-001  1.35143E+019  2.52702E+002  1.00000E+005  3.68757E-004  1.00000E-040  1.00000E-040  8.79215E-016  1.00000E-040  1.00000E-040  1.00000E-040  1.00000E-040  1.00000E-040  1.00000E-040  1.00000E-040  1.00000E-040  1.00000E-040  1.00000E-040  1.74762E-024  1.00000E-040  1.00000E-040  1.36554E-021  4.98437E-007  8.81696E-004  5.25656E-014  2.78327E-016  2.11874E-001  3.25417E-008  2.82868E-004  3.58904E-023  2.94918E-011  1.00000E-040  1.00000E-040  1.18666E-033  2.13763E-020  7.98727E-007  1.03488E-029  6.02405E-027  3.72218E-038  3.82435E-037  1.00000E-040  3.42050E-013  5.68896E-019  2.83814E-019  2.24949E-011  1.00000E-040  1.00000E-040  3.34219E-010  5.73421E-036  4.99056E-011  1.10779E-030  7.86960E-001  1.55588E-023  9.80263E-014  4.57165E-010  1.00000E-040  1.00000E-040  1.21428E-029  4.25176E-025  1.30741E-014  3.19981E-015  9.10306E-012  2.87823E-015  2.71660E-007  9.81794E-010  5.41071E-008  3.95454E-013  1.95071E-014  2.72422E-020  1.89027E-013  2.46514E-011  1.68531E-011  9.54378E-032  3.98934E-036  1.00000E-040  3.21030E-031  6.25802E-013  5.70317E-023  2.70281E-023  8.15899E-018  6.12900E-025  9.27140E-026  1.00000E-040  1.70912E-038  1.00000E-040  1.00000E-040  1.48177E-029  1.00000E-040  1.71237E-040  3.18362E-026  3.08486E-015  2.41709E-035  1.00000E-040  2.47253E-022  9.03890E-018  4.52684E-019  9.84830E-015  1.00436E-025  6.96575E-011  1.00000E-040  6.95305E-018  1.00000E-040  3.44625E-025  5.58375E-031  1.42576E-022  1.12581E-025  7.41158E-010  2.01290E-023  6.53520E-022  3.44349E-013  1.70094E-014  1.00000E-040  1.00000E-040  2.63999E-024  1.00000E-040  3.64913E-022  3.58234E-011  1.00000E-040  1.00000E-003  1.00000E-005  1.00000E-005  1.00000E-005  1.00000E-005  1.00000E-005  1.00000E-005  1.00000E-005  1.00000E-005  1.00000E-005  1.00000E-005  1.00000E-005  1.00000E-005  1.00000E-005  1.00000E-005  1.00000E-005  
7.50000E+000  4.11154E-001  1.21214E+019  2.45680E+002  1.00000E+005  2.55930E-004  1.00000E-040  1.00000E-040  2.90925E-013  1.00000E-040  1.00000E-040  1.00000E-040  1.00000E-040  1.00000E-040  1.00000E-040  1.00000E-040  1.00000E-040  1.00000E-040  1.00000E-040  1.37459E-024  1.00000E-040  1.00000E-040  1.46311E-021  4.98829E-007  5.08716E-004  5.32424E-014  3.48005E-016  2.11953E-001  3.19188E-008  2.82975E-004  4.90189E-023  3.62979E-011  1.00000E-040  1.00000E-040  9.31415E-034  1.78336E-020  7.98549E-007  8.09993E-030  5.82094E-027  1.60647E-037  1.63892E-036  1.00000E-040  2.16583E-013  3.75803E-019  2.92399E-019  1.82849E-011  1.00000E-040  1.00000E-040  3.34137E-010  2.79682E-036  4.98859E-011  1.59025E-030  7.87254E-001  1.52383E-023  9.01458E-014  4.48852E-010  1.00000E-040  1.00000E-040  1.11403E-029  4.14613E-025  3.13910E-014  3.80726E-015  9.07001E-012  2.14185E-015  2.71702E-007  9.22095E-010  5.73842E-008  5.43782E-013  2.13887E-014  2.43147E-020  3.17887E-013  2.79213E-011  1.18325E-011  8.17833E-032  3.94323E-036  1.00000E-040  2.81261E-031  5.01447E-013  5.70530E-023  2.97050E-023  7.40959E-018  8.04227E-025  8.37562E-026  1.00000E-040  1.57473E-038  1.00000E-040  1.00000E-040  1.54770E-029  1.00000E-040  1.57767E-040  3.34858E-026  1.99838E-015  1.72133E-035  1.99272E-038  3.37342E-022  1.04341E-017  7.33382E-019  1.20105E-014  7.34949E-026  6.80491E-011  1.00000E-040  1.38935E-017  1.00000E-040  4.50030E-025  4.98327E-031  1.42629E-022  1.11001E-025  4.57930E-010  1.74547E-023  8.17259E-022  2.86519E-013  1.70196E-014  1.00000E-040  1.00000E-040  1.54201E-024  1.00000E-040  3.21842E-022  3.57420E-011  1.00000E-040  1.00000E-003  1.00000E-005  1.00000E-005  1.00000E-005  1.00000E-005  1.00000E-005  1.00000E-005  1.00000E-005  1.00000E-005  1.00000E-005  1.00000E-005  1.00000E-005  1.00000E-005  1.00000E-005  1.00000E-005  1.00000E-005  
8.50000E+000  3.57151E-001  1.08481E+019  2.38460E+002  1.00000E+005  1.61021E-004  1.00000E-040  1.00000E-040  6.54829E-011  1.00000E-040  1.00000E-040  1.00000E-040  1.00000E-040  1.00000E-040  1.00000E-040  1.00000E-040  1.00000E-040  1.00000E-040  1.00000E-040  1.20184E-024  1.00000E-040  1.00000E-040  1.61400E-021  4.99115E-007  2.77388E-004  5.51164E-014  4.36928E-016  2.12002E-001  3.13246E-008  2.83042E-004  6.34312E-023  4.19102E-011  1.00000E-040  1.00000E-040  7.43526E-034  1.49023E-020  7.98317E-007  6.69381E-030  5.61907E-027  1.40069E-037  1.33088E-036  1.00000E-040  1.41595E-013  2.63064E-019  3.31501E-019  1.51076E-011  1.00000E-040  1.00000E-040  3.34003E-010  1.30921E-036  4.98662E-011  2.45237E-030  7.87436E-001  1.51544E-023  8.06393E-014  4.41889E-010  1.00000E-040  1.00000E-040  1.02759E-029  4.06115E-025  9.74891E-014  4.44660E-015  9.08290E-012  1.62684E-015  2.71699E-007  8.60782E-010  6.11311E-008  7.53561E-013  2.22476E-014  3.04386E-020  5.69965E-013  3.24483E-011  5.75538E-012  7.32650E-032  4.00257E-036  1.00000E-040  2.54108E-031  3.74714E-013  5.70662E-023  3.29187E-023  6.77617E-018  1.06918E-024  7.70152E-026  1.00000E-040  1.45043E-038  1.00000E-040  1.00000E-040  1.62602E-029  1.00000E-040  1.48861E-040  3.63061E-026  1.24885E-015  1.23591E-035  1.00000E-040  4.83594E-022  1.34080E-017  1.15569E-018  1.42909E-014  5.37823E-026  6.62189E-011  1.00000E-040  3.02636E-017  1.00000E-040  6.16548E-025  4.46188E-031  1.42662E-022  1.10006E-025  2.05094E-010  1.57994E-023  1.02034E-021  2.23993E-013  1.70251E-014  1.00000E-040  1.00000E-040  9.00999E-025  1.00000E-040  2.82756E-022  3.56681E-011  1.00000E-040  1.00000E-003  1.00000E-005  1.00000E-005  1.00000E-005  1.00000E-005  1.00000E-005  1.00000E-005  1.00000E-005  1.00000E-005  1.00000E-005  1.00000E-005  1.00000E-005  1.00000E-005  1.00000E-005  1.00000E-005  1.00000E-005  
9.50000E+000  3.08953E-001  9.67280E+018  2.31343E+002  9.61769E+004  8.93455E-005  1.00000E-040  1.00000E-040  2.17559E-010  1.00000E-040  1.00000E-040  1.00000E-040  1.00000E-040  1.00000E-040  1.00000E-040  1.00000E-040  1.00000E-040  1.00000E-040  1.00000E-040  4.35325E-024  1.00000E-040  1.00000E-040  1.79155E-021  4.99279E-007  1.47447E-004  5.96152E-014  5.53668E-016  2.12029E-001  3.06967E-008  2.83079E-004  6.29992E-023  3.65661E-011  1.00000E-040  1.00000E-040  6.41246E-034  1.29258E-020  7.98031E-007  5.97546E-030  5.41783E-027  1.00000E-040  1.00000E-040  1.00000E-040  9.58808E-014  1.99226E-019  4.15269E-019  1.27025E-011  1.00000E-040  1.00000E-040  3.33820E-010  6.18583E-037  4.98460E-011  4.06170E-030  7.87538E-001  1.51927E-023  6.70572E-014  4.35886E-010  1.00000E-040  1.00000E-040  9.55589E-030  4.01260E-025  3.61356E-013  5.05590E-015  8.50878E-012  1.27803E-015  2.71658E-007  7.69775E-010  6.53757E-008  9.65944E-013  1.96537E-014  4.78086E-020  1.01556E-012  3.83384E-011  2.26254E-012  7.21694E-032  4.22890E-036  1.00000E-040  2.39814E-031  2.47651E-013  5.70736E-023  3.68069E-023  6.23752E-018  1.41146E-024  7.31747E-026  1.00000E-040  1.33614E-038  1.00000E-040  1.00000E-040  1.71673E-029  1.00000E-040  1.48127E-040  4.17476E-026  7.92105E-016  9.53959E-036  1.00000E-040  7.36589E-022  1.91929E-017  1.32024E-018  1.64587E-014  3.95223E-026  6.42654E-011  1.00000E-040  7.10890E-017  1.00000E-040  8.86875E-025  4.03088E-031  1.42680E-022  1.10127E-025  5.40341E-011  1.52341E-023  1.27480E-021  1.59102E-013  1.70277E-014  1.00000E-040  1.00000E-040  5.57458E-025  1.00000E-040  2.48114E-022  3.55984E-011  1.00000E-040  1.00000E-003  1.00000E-005  1.00000E-005  1.00000E-005  1.00000E-005  1.00000E-005  1.00000E-005  1.00000E-005  1.00000E-005  1.00000E-005  1.00000E-005  1.00000E-005  1.00000E-005  1.00000E-005  1.00000E-005  1.00000E-005  
1.05000E+001  2.66123E-001  8.57570E+018  2.24765E+002  6.85565E+004  3.77286E-005  1.00000E-040  1.00000E-040  5.14460E-009  1.00000E-040  1.00000E-040  1.00000E-040  1.00000E-040  1.00000E-040  1.00000E-040  1.00000E-040  1.00000E-040  1.00000E-040  1.00000E-040  1.64298E-022  1.00000E-040  1.00000E-040  1.94563E-021  4.99335E-007  8.08733E-005  6.66038E-014  7.22890E-016  2.12043E-001  2.99210E-008  2.83099E-004  3.79993E-023  1.91487E-011  1.00000E-040  1.00000E-040  6.00993E-034  1.17768E-020  7.97633E-007  5.52941E-030  5.18459E-027  1.00000E-040  1.00000E-040  1.00000E-040  6.50242E-014  1.55634E-019  5.38570E-019  1.06646E-011  1.00000E-040  1.00000E-040  3.33551E-010  3.07508E-037  4.98221E-011  6.62846E-030  7.87591E-001  1.46209E-023  4.81558E-014  4.29746E-010  1.00000E-040  1.00000E-040  8.90672E-030  4.05214E-025  1.02804E-012  5.59622E-015  7.01345E-012  1.02200E-015  2.71573E-007  6.34405E-010  7.10443E-008  1.20073E-012  1.50983E-014  7.63819E-020  1.81409E-012  4.71376E-011  1.18055E-012  8.13864E-032  4.56190E-036  1.00000E-040  2.34833E-031  1.33040E-013  5.70773E-023  4.23506E-023  5.72711E-018  1.82499E-024  7.23098E-026  1.00000E-040  1.21573E-038  1.00000E-040  1.00000E-040  1.84395E-029  1.00000E-040  1.56398E-040  5.20930E-026  4.93545E-016  8.01907E-036  1.00000E-040  1.14646E-021  2.84648E-017  7.75643E-019  1.88362E-014  2.90358E-026  6.19788E-011  1.00000E-040  1.66212E-016  1.00000E-040  1.25414E-024  3.67410E-031  1.42690E-022  1.12551E-025  9.43933E-012  1.50990E-023  1.61920E-021  9.59302E-014  1.70290E-014  1.00000E-040  1.00000E-040  3.68278E-025  1.00000E-040  2.13764E-022  3.55192E-011  1.00000E-040  1.00000E-003  1.00000E-005  1.00000E-005  1.00000E-005  1.00000E-005  1.00000E-005  1.00000E-005  1.00000E-005  1.00000E-005  1.00000E-005  1.00000E-005  1.00000E-005  1.00000E-005  1.00000E-005  1.00000E-005  1.00000E-005  
1.15000E+001  2.28309E-001  7.54439E+018  2.19187E+002  2.37960E+004  9.09756E-006  1.00000E-040  1.00000E-040  2.15473E-009  1.00000E-040  1.00000E-040  1.00000E-040  1.00000E-040  1.00000E-040  1.00000E-040  1.00000E-040  1.00000E-040  1.00000E-040  1.00000E-040  1.21397E-022  1.00000E-040  1.00000E-040  2.08689E-021  4.99298E-007  4.79385E-005  7.18729E-014  1.04932E-015  2.12050E-001  2.85188E-008  2.83111E-004  1.98667E-023  8.74128E-012  1.00000E-040  1.00000E-040  5.54729E-034  1.08466E-020  7.96758E-007  4.45356E-030  4.74480E-027  1.00000E-040  1.00000E-040  1.00000E-040  3.67371E-014  9.99671E-020  5.92862E-019  8.12861E-012  1.00000E-040  1.00000E-040  3.32926E-010  1.60988E-037  4.97764E-011  8.76881E-030  7.87617E-001  1.21830E-023  2.52130E-014  4.19366E-010  1.00000E-040  1.00000E-040  8.08668E-030  4.47445E-025  2.56312E-012  6.02441E-015  5.56670E-012  7.87951E-016  2.71345E-007  4.39174E-010  8.38555E-008  2.12198E-012  1.21045E-014  1.00123E-019  3.80591E-012  6.91198E-011  1.10575E-012  1.15654E-031  4.67607E-036  1.00000E-040  2.37292E-031  4.21074E-014  5.70791E-023  5.55202E-023  5.02535E-018  2.30006E-024  7.67564E-026  1.00000E-040  1.01562E-038  1.00000E-040  1.00000E-040  2.15529E-029  1.00000E-040  1.76128E-040  7.67260E-026  2.32854E-016  6.71500E-036  5.59908E-038  1.61007E-021  3.55602E-017  4.77081E-019  2.38939E-014  2.06001E-026  5.79110E-011  1.00000E-040  3.39955E-016  1.00000E-040  1.53212E-024  3.46222E-031  1.42694E-022  1.23838E-025  1.99897E-012  1.29924E-023  2.24371E-021  3.53876E-014  1.70295E-014  1.00000E-040  1.00000E-040  2.36909E-025  1.00000E-040  1.62112E-022  3.53683E-011  1.00000E-040  1.00000E-003  1.00000E-005  1.00000E-005  1.00000E-005  1.00000E-005  1.00000E-005  1.00000E-005  1.00000E-005  1.00000E-005  1.00000E-005  1.00000E-005  1.00000E-005  1.00000E-005  1.00000E-005  1.00000E-005  1.00000E-005  
1.25000E+001  1.95190E-001  6.58030E+018  2.14846E+002  1.42829E+004  2.21702E-006  1.00000E-040  1.00000E-040  1.21062E-009  1.00000E-040  1.00000E-040  1.00000E-040  1.00000E-040  1.00000E-040  1.00000E-040  1.00000E-040  1.00000E-040  1.00000E-040  1.00000E-040  1.00453E-022  1.00000E-040  1.00000E-040  2.29515E-021  4.99094E-007  3.00666E-005  7.84483E-014  1.82982E-015  2.12054E-001  2.60047E-008  2.83119E-004  1.56831E-023  5.97403E-012  1.00000E-040  1.00000E-040  5.66503E-034  1.07781E-020  7.94732E-007  4.56628E-030  3.88276E-027  1.00000E-040  1.00000E-040  1.00000E-040  1.50952E-014  5.26023E-020  5.73088E-019  5.17573E-012  1.00000E-040  1.00000E-040  3.31390E-010  9.75322E-038  4.96848E-011  1.13159E-029  7.87631E-001  1.02203E-023  1.03422E-014  4.00142E-010  1.00000E-040  1.00000E-040  7.24458E-030  6.01853E-025  6.45831E-012  5.69091E-015  4.14308E-012  6.20399E-016  2.70755E-007  2.34066E-010  1.15573E-007  5.00480E-012  1.15992E-014  1.13209E-019  8.68438E-012  1.29499E-010  1.04135E-012  1.99292E-031  4.73416E-036  1.00000E-040  2.76278E-031  7.09684E-015  5.70798E-023  8.98476E-023  4.12277E-018  2.53408E-024  1.00231E-025  1.00000E-040  6.88458E-039  1.00000E-040  1.00000E-040  2.94913E-029  1.00000E-040  2.47491E-040  1.30255E-025  9.43383E-017  6.33485E-036  8.63509E-038  2.02240E-021  3.87257E-017  4.55038E-019  3.49809E-014  1.44784E-026  5.08128E-011  1.00000E-040  6.04949E-016  1.00000E-040  1.57459E-024  5.89090E-031  1.42696E-022  1.61117E-025  6.67742E-013  9.30785E-024  3.65714E-021  6.69195E-015  1.70295E-014  1.00000E-040  1.00000E-040  1.68241E-025  1.00000E-040  9.06477E-023  3.50506E-011  1.00000E-040  1.00000E-003  1.00000E-005  1.00000E-005  1.00000E-005  1.00000E-005  1.00000E-005  1.00000E-005  1.00000E-005  1.00000E-005  1.00000E-005  1.00000E-005  1.00000E-005  1.00000E-005  1.00000E-005  1.00000E-005  1.00000E-005  
1.35000E+001  1.66405E-001  5.70062E+018  2.11427E+002  6.95701E+003  5.63568E-007  1.00000E-040  1.00000E-040  7.20166E-010  1.00000E-040  1.00000E-040  1.00000E-040  1.00000E-040  1.00000E-040  1.00000E-040  1.00000E-040  1.00000E-040  1.00000E-040  1.00000E-040  9.04384E-023  1.00000E-040  1.00000E-040  2.51517E-021  4.98554E-007  2.15455E-005  8.79894E-014  3.72333E-015  2.12055E-001  2.23730E-008  2.83127E-004  1.50773E-023  4.91803E-012  1.00000E-040  1.00000E-040  6.50666E-034  1.15914E-020  7.90720E-007  1.25872E-029  2.60102E-027  1.00000E-040  1.00000E-040  1.00000E-040  4.46162E-015  2.72207E-020  5.69466E-019  2.70532E-012  1.00000E-040  1.00000E-040  3.28189E-010  6.75903E-038  4.95277E-011  1.66391E-029  7.87638E-001  9.58852E-024  4.50470E-015  3.69809E-010  1.00000E-040  1.00000E-040  6.95190E-030  9.25999E-025  1.41061E-011  4.23905E-015  2.94287E-012  5.07085E-016  2.69491E-007  1.02589E-010  1.81773E-007  1.23189E-011  1.43667E-014  9.20210E-020  1.75989E-011  2.68439E-010  9.62324E-013  3.24302E-031  4.85391E-036  1.00000E-040  3.71175E-031  9.22630E-016  5.70797E-023  1.66578E-022  3.31371E-018  2.30624E-024  1.57684E-025  1.00000E-040  3.23621E-039  1.00000E-040  1.00000E-040  4.61547E-029  1.00000E-040  4.12430E-040  2.21532E-025  4.13732E-017  6.81990E-036  1.51909E-037  2.29453E-021  4.39097E-017  4.81829E-019  5.58214E-014  9.73482E-027  4.11502E-011  1.00000E-040  9.75866E-016  1.00000E-040  1.35526E-024  1.17625E-031  1.42697E-022  2.31351E-025  2.92154E-013  5.55501E-024  6.85071E-021  8.43363E-016  1.70290E-014  1.00000E-040  1.00000E-040  1.35031E-025  1.00000E-040  3.03830E-023  3.44719E-011  1.00000E-040  1.00000E-003  1.00000E-005  1.00000E-005  1.00000E-005  1.00000E-005  1.00000E-005  1.00000E-005  1.00000E-005  1.00000E-005  1.00000E-005  1.00000E-005  1.00000E-005  1.00000E-005  1.00000E-005  1.00000E-005  1.00000E-005  
1.45000E+001  1.41531E-001  4.91521E+018  2.08558E+002  5.42540E+003  1.99693E-007  1.00000E-040  1.00000E-040  5.22195E-010  1.00000E-040  1.00000E-040  1.00000E-040  1.00000E-040  1.00000E-040  1.00000E-040  1.00000E-040  1.00000E-040  1.00000E-040  1.00000E-040  8.59583E-023  1.00000E-040  1.00000E-040  2.69031E-021  4.97415E-007  1.65843E-005  1.01540E-013  8.16171E-015  2.12056E-001  1.79288E-008  2.83136E-004  1.55646E-023  4.30648E-012  1.00000E-040  1.00000E-040  8.23947E-034  1.32693E-020  7.83626E-007  5.37046E-029  1.25220E-027  1.00000E-040  1.00000E-040  1.00000E-040  9.47136E-016  1.56411E-020  6.10434E-019  1.15897E-012  1.00000E-040  1.00000E-040  3.22288E-010  5.13622E-038  4.92860E-011  2.81482E-029  7.87643E-001  9.70976E-024  2.23308E-015  3.27396E-010  1.00000E-040  1.00000E-040  7.60239E-030  1.41500E-024  2.58941E-011  2.57030E-015  2.34213E-012  4.27143E-016  2.67112E-007  4.99898E-011  3.03482E-007  2.84288E-011  2.16459E-014  5.82596E-020  3.00548E-011  5.45826E-010  6.13619E-013  4.56293E-031  5.06831E-036  1.00000E-040  5.38856E-031  1.43221E-016  5.70787E-023  3.20811E-022  2.88510E-018  1.78907E-024  2.64114E-025  1.00000E-040  8.45960E-040  1.00000E-040  1.00000E-040  7.68117E-029  1.00000E-040  7.06367E-040  3.51060E-025  2.06661E-017  8.16612E-036  1.00000E-040  2.35370E-021  5.60749E-017  5.33232E-019  8.88328E-014  5.83952E-027  3.01615E-011  1.00000E-040  1.49973E-015  1.00000E-040  9.96757E-025  1.99568E-031  1.42695E-022  3.11737E-025  1.61124E-013  2.77110E-024  1.37203E-020  1.11065E-016  1.70278E-014  1.00000E-040  1.00000E-040  1.19561E-025  1.00000E-040  4.96978E-024  3.35266E-011  1.00000E-040  1.00000E-003  1.00000E-005  1.00000E-005  1.00000E-005  1.00000E-005  1.00000E-005  1.00000E-005  1.00000E-005  1.00000E-005  1.00000E-005  1.00000E-005  1.00000E-005  1.00000E-005  1.00000E-005  1.00000E-005  1.00000E-005  
1.55000E+001  1.20135E-001  4.21958E+018  2.06213E+002  4.40851E+003  8.56749E-008  1.00000E-040  1.00000E-040  4.35643E-010  1.00000E-040  1.00000E-040  1.00000E-040  1.00000E-040  1.00000E-040  1.00000E-040  1.00000E-040  1.00000E-040  1.00000E-040  1.00000E-040  8.43592E-023  1.00000E-040  1.00000E-040  2.94957E-021  4.95616E-007  1.38853E-005  1.22935E-013  1.71293E-014  2.12055E-001  1.38050E-008  2.83145E-004  1.74242E-023  4.03259E-012  1.00000E-040  1.00000E-040  1.19658E-033  1.64908E-020  7.73766E-007  2.26458E-028  4.91487E-028  2.39489E-035  2.64988E-034  1.00000E-040  1.66284E-016  1.08195E-020  6.83614E-019  4.72001E-013  1.00000E-040  1.00000E-040  3.13802E-010  4.37498E-038  4.89907E-011  5.38492E-029  7.87646E-001  1.05122E-023  1.33485E-015  2.80762E-010  1.00000E-040  1.00000E-040  8.94908E-030  1.93103E-024  4.03090E-011  1.67160E-015  2.27958E-012  3.75732E-016  2.63635E-007  3.77462E-011  4.78335E-007  5.43572E-011  3.34064E-014  3.31768E-020  4.27195E-011  9.66769E-010  3.40417E-013  5.43018E-031  5.49213E-036  1.00000E-040  7.66521E-031  3.56794E-017  5.70772E-023  5.69309E-022  3.01506E-018  1.37632E-024  4.21861E-025  1.00000E-040  1.26002E-040  1.00000E-040  1.00000E-040  1.20884E-028  1.00000E-040  1.13817E-039  4.85316E-025  1.28205E-017  1.13159E-035  1.00000E-040  2.30000E-021  7.75980E-017  6.26270E-019  1.24059E-013  3.26721E-027  2.07010E-011  1.00000E-040  2.22516E-015  1.00000E-040  7.24404E-025  1.96511E-031  1.42693E-022  3.58673E-025  1.12781E-013  1.36563E-024  2.61921E-020  2.40202E-017  1.70259E-014  1.00000E-040  1.00000E-040  1.21501E-025  1.00000E-040  5.28243E-025  3.23072E-011  1.00000E-040  1.00000E-003  1.00000E-005  1.00000E-005  1.00000E-005  1.00000E-005  1.00000E-005  1.00000E-005  1.00000E-005  1.00000E-005  1.00000E-005  1.00000E-005  1.00000E-005  1.00000E-005  1.00000E-005  1.00000E-005  1.00000E-005  
1.65000E+001  1.01818E-001  3.60302E+018  2.04680E+002  3.94335E+003  2.50263E-008  1.00000E-040  1.00000E-040  4.03171E-010  1.00000E-040  1.00000E-040  1.00000E-040  1.00000E-040  1.00000E-040  1.00000E-040  1.00000E-040  1.00000E-040  1.00000E-040  1.00000E-040  8.41586E-023  1.00000E-040  1.00000E-040  3.38488E-021  4.93005E-007  1.29699E-005  1.56799E-013  3.47968E-014  2.12053E-001  1.03183E-008  2.83154E-004  2.14389E-023  4.08163E-012  1.00000E-040  1.00000E-040  2.05374E-033  2.27210E-020  7.60818E-007  8.73347E-028  1.97361E-028  1.00000E-040  1.00000E-040  1.00000E-040  2.44344E-017  8.55599E-021  7.67387E-019  2.11173E-013  1.00000E-040  1.00000E-040  3.02328E-010  4.40247E-038  4.86474E-011  1.11413E-028  7.87648E-001  1.21107E-023  9.14554E-016  2.32240E-010  1.00000E-040  1.00000E-040  1.08393E-029  2.47524E-024  5.66795E-011  1.26169E-015  2.64406E-012  3.49023E-016  2.58873E-007  4.20986E-011  7.15453E-007  9.16627E-011  5.23682E-014  1.96385E-020  5.38756E-011  1.55654E-009  1.84388E-013  5.77221E-031  6.16881E-036  1.00000E-040  1.07317E-030  1.20825E-017  5.70748E-023  9.58070E-022  3.78929E-018  1.23103E-024  6.68454E-025  1.00000E-040  1.00000E-040  1.00000E-040  1.00000E-040  1.80954E-028  1.00000E-040  1.83622E-039  6.26277E-025  9.41598E-018  1.88245E-035  9.79311E-036  2.09423E-021  1.07327E-016  7.85381E-019  1.53564E-013  1.80393E-027  1.32626E-011  1.00000E-040  3.04542E-015  1.00000E-040  6.08540E-025  1.89275E-031  1.42689E-022  3.75188E-025  9.56251E-014  7.67143E-025  4.81136E-020  7.40264E-018  1.70233E-014  1.00000E-040  1.00000E-040  1.46810E-025  1.00000E-040  9.02521E-026  3.08156E-011  1.00000E-040  1.00000E-003  1.00000E-005  1.00000E-005  1.00000E-005  1.00000E-005  1.00000E-005  1.00000E-005  1.00000E-005  1.00000E-005  1.00000E-005  1.00000E-005  1.00000E-005  1.00000E-005  1.00000E-005  1.00000E-005  1.00000E-005  
1.75000E+001  8.62277E-002  3.05742E+018  2.04272E+002  3.89374E+003  1.00000E-040  1.00000E-040  1.00000E-040  3.92292E-010  1.00000E-040  1.00000E-040  1.00000E-040  1.00000E-040  1.00000E-040  1.00000E-040  1.00000E-040  1.00000E-040  1.00000E-040  1.00000E-040  8.47201E-023  1.00000E-040  1.00000E-040  4.13200E-021  4.89590E-007  1.30028E-005  2.06346E-013  6.84957E-014  2.12051E-001  7.72263E-009  2.83163E-004  2.85893E-023  4.41591E-012  1.00000E-040  1.00000E-040  4.08645E-033  3.45721E-020  7.45253E-007  3.06508E-027  2.10014E-028  1.00000E-040  1.00000E-040  1.00000E-040  3.36038E-018  7.53832E-021  8.68605E-019  1.32955E-013  1.00000E-040  1.00000E-040  2.88158E-010  5.40553E-038  4.82805E-011  2.35554E-028  7.87650E-001  1.46517E-023  6.90621E-016  1.86011E-010  1.00000E-040  1.00000E-040  1.32406E-029  3.06260E-024  7.47028E-011  1.05109E-015  3.43381E-012  3.39872E-016  2.52924E-007  5.79542E-011  1.01080E-006  1.41478E-010  8.20450E-014  1.72178E-020  6.23274E-011  2.29634E-009  1.18429E-013  5.66461E-031  6.99732E-036  1.00000E-040  1.43524E-030  4.93371E-018  5.70718E-023  1.53574E-021  5.44114E-018  1.33868E-024  1.05514E-024  1.00000E-040  1.00000E-040  1.00000E-040  1.00000E-040  2.56627E-028  1.00000E-040  2.97441E-039  7.77177E-025  7.83269E-018  3.71428E-035  1.00000E-040  1.72786E-021  1.38743E-016  1.03163E-018  1.72826E-013  1.07212E-027  8.07648E-012  1.00000E-040  3.58544E-015  1.00000E-040  6.12024E-025  1.82296E-031  1.42684E-022  3.70795E-025  9.38910E-014  6.12159E-025  8.49788E-020  2.74996E-018  1.70200E-014  1.00000E-040  1.00000E-040  2.08239E-025  1.00000E-040  4.18723E-026  2.91421E-011  1.00000E-040  1.00000E-003  1.00000E-005  1.00000E-005  1.00000E-005  1.00000E-005  1.00000E-005  1.00000E-005  1.00000E-005  1.00000E-005  1.00000E-005  1.00000E-005  1.00000E-005  1.00000E-005  1.00000E-005  1.00000E-005  1.00000E-005  
1.85000E+001  7.30300E-002  2.58256E+018  2.04818E+002  3.93732E+003  1.00000E-040  1.00000E-040  1.00000E-040  3.89122E-010  1.00000E-040  1.00000E-040  1.00000E-040  1.00000E-040  1.00000E-040  1.00000E-040  1.00000E-040  1.00000E-040  1.00000E-040  1.00000E-040  8.56764E-023  1.00000E-040  1.00000E-040  5.32544E-021  4.85398E-007  1.30404E-005  2.70443E-013  1.31212E-013  2.12049E-001  5.96478E-009  2.83170E-004  3.94167E-023  4.91868E-012  1.00000E-040  1.00000E-040  8.66594E-033  5.54660E-020  7.27547E-007  9.80736E-027  3.46937E-028  3.91050E-035  4.22802E-034  1.00000E-040  6.45101E-019  7.02425E-021  1.00859E-018  1.25009E-013  1.00000E-040  1.00000E-040  2.71608E-010  7.63567E-038  4.79090E-011  5.10156E-028  7.87652E-001  1.81219E-023  5.37399E-016  1.44386E-010  1.00000E-040  1.00000E-040  1.61942E-029  3.67984E-024  9.61073E-011  8.91870E-016  4.58546E-012  3.36611E-016  2.45903E-007  8.29536E-011  1.36131E-006  2.08799E-010  1.25778E-013  2.56898E-020  6.89674E-011  3.15417E-009  1.05053E-013  5.27146E-031  7.76830E-036  1.48529E-039  1.79401E-030  2.15935E-018  5.70682E-023  2.38181E-021  8.40398E-018  1.62196E-024  1.64703E-024  1.00000E-040  1.00000E-040  1.00000E-040  1.00000E-040  3.47882E-028  1.00000E-040  4.71094E-039  9.32895E-025  6.82872E-018  7.96546E-035  4.69699E-036  1.28147E-021  1.63357E-016  1.36647E-018  1.83593E-013  7.00820E-028  4.75168E-012  1.00000E-040  3.63055E-015  1.00000E-040  6.67591E-025  1.72919E-031  1.42678E-022  3.46238E-025  9.81683E-014  7.11292E-025  1.45562E-019  1.07195E-018  1.70161E-014  1.00000E-040  1.00000E-040  3.18737E-025  1.00000E-040  2.72477E-026  2.73646E-011  1.00000E-040  1.00000E-003  1.00000E-005  1.00000E-005  1.00000E-005  1.00000E-005  1.00000E-005  1.00000E-005  1.00000E-005  1.00000E-005  1.00000E-005  1.00000E-005  1.00000E-005  1.00000E-005  1.00000E-005  1.00000E-005  1.00000E-005  
1.95000E+001  6.18852E-002  2.18163E+018  2.05458E+002  4.20491E+003  1.00000E-040  1.00000E-040  1.00000E-040  3.87407E-010  1.00000E-040  1.00000E-040  1.00000E-040  1.00000E-040  1.00000E-040  1.00000E-040  1.00000E-040  1.00000E-040  1.00000E-040  1.00000E-040  8.66072E-023  1.00000E-040  1.00000E-040  7.24548E-021  4.80472E-007  1.30818E-005  3.53592E-013  2.42512E-013  2.12046E-001  4.84479E-009  2.83178E-004  5.44639E-023  5.48417E-012  1.00000E-040  1.00000E-040  1.83938E-032  8.91572E-020  7.08142E-007  2.87047E-026  4.99238E-028  1.00000E-040  1.00000E-040  1.00000E-040  3.17966E-019  6.73195E-021  1.25143E-018  1.49270E-013  1.00000E-040  1.00000E-040  2.52995E-010  1.09093E-037  4.75457E-011  1.25787E-027  7.87655E-001  2.27308E-023  4.27232E-016  1.08213E-010  1.00000E-040  1.00000E-040  1.96039E-029  4.33508E-024  1.22276E-010  7.65724E-016  6.05877E-012  3.29729E-016  2.37927E-007  1.16180E-010  1.76570E-006  2.94725E-010  1.82615E-013  4.88351E-020  7.50185E-011  4.09969E-009  1.17504E-013  4.74617E-031  8.59582E-036  4.68402E-036  2.15461E-030  9.84384E-019  5.70642E-023  3.61781E-021  1.33517E-017  2.06888E-024  2.54130E-024  1.00000E-040  1.00000E-040  1.00000E-040  1.00000E-040  4.54761E-028  1.00000E-040  7.30238E-039  1.09784E-024  6.12425E-018  1.71293E-034  6.76482E-036  9.17707E-022  1.88139E-016  1.80668E-018  1.87062E-013  4.86508E-028  2.72334E-012  1.00000E-040  3.59987E-015  1.00000E-040  7.51796E-025  1.61710E-031  1.42671E-022  3.14759E-025  1.03810E-013  1.03861E-024  2.42931E-019  4.27939E-019  1.70117E-014  1.00000E-040  1.00000E-040  4.89424E-025  1.00000E-040  1.97219E-026  2.55434E-011  1.00000E-040  1.00000E-003  1.00000E-005  1.00000E-005  1.00000E-005  1.00000E-005  1.00000E-005  1.00000E-005  1.00000E-005  1.00000E-005  1.00000E-005  1.00000E-005  1.00000E-005  1.00000E-005  1.00000E-005  1.00000E-005  1.00000E-005  
2.05000E+001  5.24678E-002  1.84541E+018  2.05928E+002  4.72335E+003  1.00000E-040  1.00000E-040  1.00000E-040  3.84786E-010  1.00000E-040  1.00000E-040  1.00000E-040  1.00000E-040  1.00000E-040  1.00000E-040  1.00000E-040  1.00000E-040  1.00000E-040  1.00000E-040  8.73934E-023  1.00000E-040  1.00000E-040  1.03922E-020  4.75014E-007  1.31251E-005  4.62891E-013  4.31463E-013  2.12043E-001  4.18177E-009  2.83184E-004  7.50277E-023  6.08704E-012  1.00000E-040  1.00000E-040  3.86174E-032  1.41954E-019  6.87980E-007  7.76464E-026  7.10298E-028  1.00000E-040  1.00000E-040  1.00000E-040  2.73931E-019  6.62144E-021  1.69657E-018  2.00437E-013  1.00000E-040  1.00000E-040  2.33178E-010  1.52138E-037  4.72076E-011  3.72146E-027  7.87657E-001  2.92463E-023  3.55000E-016  7.83436E-011  8.20492E-033  1.00000E-040  2.34056E-029  5.04404E-024  1.54438E-010  6.80102E-016  7.82522E-012  3.19789E-016  2.29347E-007  1.56057E-010  2.21230E-006  3.97688E-010  2.48259E-013  1.01157E-019  8.09725E-011  5.07502E-009  1.46160E-013  4.25094E-031  1.05215E-035  1.35982E-032  2.51488E-030  4.86108E-019  5.70598E-023  5.37415E-021  2.13114E-017  2.71980E-024  3.85752E-024  1.00000E-040  1.00000E-040  1.00000E-040  1.00000E-040  5.74832E-028  1.00000E-040  1.11765E-038  1.27748E-024  5.65986E-018  3.63071E-034  1.60587E-035  6.60995E-022  2.17559E-016  2.38628E-018  1.85219E-013  3.56748E-028  1.54878E-012  1.00000E-040  3.66881E-015  1.14882E-040  8.64414E-025  1.50651E-031  1.42664E-022  2.85295E-025  1.09740E-013  1.70103E-024  3.95693E-019  1.83531E-019  1.70069E-014  1.00000E-040  1.00000E-040  7.42531E-025  1.00000E-040  1.53856E-026  2.37711E-011  1.00000E-040  1.00000E-003  1.00000E-005  1.00000E-005  1.00000E-005  1.00000E-005  1.00000E-005  1.00000E-005  1.00000E-005  1.00000E-005  1.00000E-005  1.00000E-005  1.00000E-005  1.00000E-005  1.00000E-005  1.00000E-005  1.00000E-005  
2.15000E+001  4.45007E-002  1.56250E+018  2.06283E+002  5.25999E+003  1.00000E-040  1.00000E-040  1.00000E-040  3.80351E-010  1.00000E-040  1.00000E-040  1.00000E-040  1.00000E-040  1.00000E-040  1.00000E-040  1.00000E-040  1.00000E-040  1.00000E-040  1.00000E-040  8.80569E-023  1.00000E-040  1.00000E-040  1.56025E-020  4.69129E-007  1.31694E-005  6.08504E-013  7.45980E-013  2.12040E-001  3.81483E-009  2.83190E-004  1.03660E-022  6.75622E-012  1.00000E-040  1.00000E-040  8.10545E-032  2.25419E-019  6.67490E-007  1.95903E-025  9.59872E-028  1.00000E-040  1.00000E-040  1.00000E-040  2.61771E-019  6.67298E-021  2.51771E-018  2.88270E-013  1.00000E-040  1.00000E-040  2.12593E-010  2.09492E-037  4.68985E-011  1.25541E-026  7.87660E-001  3.86811E-023  3.11673E-016  5.43413E-011  2.66916E-031  1.00000E-040  2.78031E-029  5.85142E-024  1.94212E-010  6.30524E-016  9.92678E-012  3.08972E-016  2.20330E-007  2.02248E-010  2.69873E-006  5.19112E-010  3.20941E-013  2.19970E-019  8.69994E-011  6.04545E-009  1.94417E-013  3.54170E-031  1.07241E-035  1.00000E-040  2.88061E-030  2.64914E-019  5.70552E-023  7.85392E-021  3.41882E-017  3.65760E-024  5.79462E-024  1.00000E-040  1.00000E-040  1.00000E-040  1.00000E-040  7.08359E-028  1.00000E-040  1.71060E-038  1.48363E-024  5.37021E-018  7.67534E-034  2.73292E-035  4.81471E-022  2.52048E-016  3.16169E-018  1.80242E-013  2.75554E-028  8.79801E-013  1.16205E-038  3.82591E-015  1.76404E-040  1.01199E-024  1.41473E-031  1.42656E-022  2.61051E-025  1.16297E-013  2.98197E-024  6.34356E-019  8.65038E-020  1.70019E-014  1.00000E-040  1.00000E-040  1.12555E-024  1.00000E-040  1.27838E-026  2.20802E-011  1.00000E-040  1.00000E-003  1.00000E-005  1.00000E-005  1.00000E-005  1.00000E-005  1.00000E-005  1.00000E-005  1.00000E-005  1.00000E-005  1.00000E-005  1.00000E-005  1.00000E-005  1.00000E-005  1.00000E-005  1.00000E-005  1.00000E-005  
2.25000E+001  3.77564E-002  1.32326E+018  2.06663E+002  5.99062E+003  1.00000E-040  1.00000E-040  1.00000E-040  3.73631E-010  1.00000E-040  1.00000E-040  1.00000E-040  1.00000E-040  1.00000E-040  1.00000E-040  1.00000E-040  1.00000E-040  1.00000E-040  1.00000E-040  8.86577E-023  1.00000E-040  1.00000E-040  2.43537E-020  4.62860E-007  1.32143E-005  8.04724E-013  1.26587E-012  2.12036E-001  3.63784E-009  2.83195E-004  1.44668E-022  7.54175E-012  1.00000E-040  1.00000E-040  1.72464E-031  3.60583E-019  6.46825E-007  4.64683E-025  1.22653E-027  2.80735E-037  9.35500E-036  1.00000E-040  2.54176E-019  6.88900E-021  4.03419E-018  4.31412E-013  1.00000E-040  1.00000E-040  1.91462E-010  2.91383E-037  4.66163E-011  4.38391E-026  7.87663E-001  5.17446E-023  2.84585E-016  3.55869E-011  1.00000E-040  1.00000E-040  3.32357E-029  6.81541E-024  2.44128E-010  6.01830E-016  1.24440E-011  2.99047E-016  2.10944E-007  2.54648E-010  3.22657E-006  6.64642E-010  4.01974E-013  4.98688E-019  9.32646E-011  6.98597E-009  2.64455E-013  2.98282E-031  1.21106E-035  1.00000E-040  3.25753E-030  1.54120E-019  5.70504E-023  1.13601E-020  5.54515E-017  5.01519E-024  8.67613E-024  1.00000E-040  1.00000E-040  1.00000E-040  1.00000E-040  8.57022E-028  1.00000E-040  2.64513E-038  1.73090E-024  5.19863E-018  1.64566E-033  4.58663E-035  3.51938E-022  2.89450E-016  4.21654E-018  1.73552E-013  2.24028E-028  4.99365E-013  6.44410E-034  4.00237E-015  2.73723E-040  1.20473E-024  1.35293E-031  1.42648E-022  2.42319E-025  1.24005E-013  5.43138E-024  1.00845E-018  4.34040E-020  1.69966E-014  1.00000E-040  1.00000E-040  1.73141E-024  1.00000E-040  1.12574E-026  2.04750E-011  1.00000E-040  1.00000E-003  1.00000E-005  1.00000E-005  1.00000E-005  1.00000E-005  1.00000E-005  1.00000E-005  1.00000E-005  1.00000E-005  1.00000E-005  1.00000E-005  1.00000E-005  1.00000E-005  1.00000E-005  1.00000E-005  1.00000E-005  
2.35000E+001  3.20472E-002  1.12034E+018  2.07184E+002  6.81524E+003  1.00000E-040  1.00000E-040  1.00000E-040  3.63823E-010  1.00000E-040  1.00000E-040  1.00000E-040  1.00000E-040  1.00000E-040  1.00000E-040  1.00000E-040  1.00000E-040  1.00000E-040  1.00000E-040  8.92477E-023  1.00000E-040  1.00000E-040  3.93127E-020  4.56282E-007  1.32593E-005  1.07231E-012  2.11945E-012  2.12033E-001  3.58706E-009  2.83199E-004  2.04932E-022  8.49698E-012  1.00000E-040  1.00000E-040  3.75940E-031  5.85207E-019  6.26214E-007  1.04430E-024  1.49561E-027  3.49201E-035  3.91159E-034  1.00000E-040  2.48403E-019  7.31175E-021  6.84554E-018  6.52239E-013  1.00000E-040  1.00000E-040  1.70155E-010  4.17099E-037  4.63599E-011  1.48067E-025  7.87666E-001  6.79946E-023  2.59580E-016  2.16931E-011  1.00000E-040  1.00000E-040  4.03423E-029  8.00460E-024  3.08409E-010  5.72743E-016  1.54335E-011  2.91202E-016  2.01305E-007  3.11009E-010  3.79101E-006  8.43710E-010  4.92906E-013  1.16478E-018  1.00130E-010  7.86170E-009  3.62154E-013  2.51420E-031  1.37712E-035  1.00000E-040  3.64618E-030  8.81794E-020  5.70455E-023  1.62925E-020  9.10590E-017  6.98754E-024  1.29894E-023  1.00000E-040  1.00000E-040  1.00000E-040  1.00000E-040  1.02121E-027  1.00000E-040  4.16175E-038  2.03609E-024  5.10953E-018  3.62489E-033  7.59830E-035  2.57231E-022  3.26984E-016  5.67108E-018  1.65940E-013  1.91920E-028  2.84003E-013  1.00000E-040  4.13214E-015  4.32141E-040  1.45728E-024  1.32991E-031  1.42640E-022  2.29016E-025  1.33034E-013  9.97068E-024  1.59462E-018  2.14043E-020  1.69912E-014  1.00000E-040  1.00000E-040  2.73540E-024  1.00000E-040  1.05017E-026  1.89642E-011  1.00000E-040  1.00000E-003  1.00000E-005  1.00000E-005  1.00000E-005  1.00000E-005  1.00000E-005  1.00000E-005  1.00000E-005  1.00000E-005  1.00000E-005  1.00000E-005  1.00000E-005  1.00000E-005  1.00000E-005  1.00000E-005  1.00000E-005  
2.45000E+001  2.72162E-002  9.48076E+017  2.07922E+002  7.73991E+003  1.00000E-040  1.00000E-040  1.00000E-040  3.50073E-010  1.00000E-040  1.00000E-040  1.00000E-040  1.00000E-040  1.00000E-040  1.00000E-040  1.00000E-040  1.00000E-040  1.00000E-040  1.00000E-040  8.98636E-023  1.00000E-040  1.00000E-040  6.53773E-020  4.49399E-007  1.33045E-005  1.44227E-012  3.51444E-012  2.12029E-001  3.62245E-009  2.83203E-004  2.95474E-022  9.67640E-012  1.00000E-040  1.00000E-040  8.45269E-031  9.67419E-019  6.05641E-007  2.23648E-024  1.73809E-027  1.40692E-035  1.70182E-034  1.00000E-040  2.43670E-019  7.99553E-021  1.20582E-017  9.72965E-013  1.00000E-040  1.00000E-040  1.48861E-010  6.22207E-037  4.61255E-011  4.69011E-025  7.87669E-001  8.47943E-023  2.22893E-016  1.20778E-011  2.70620E-032  1.00000E-040  5.02067E-029  9.54140E-024  3.94062E-010  5.20246E-016  1.89238E-011  2.86155E-016  1.91429E-007  3.66957E-010  4.38624E-006  1.07259E-009  5.95812E-013  2.76958E-018  1.08222E-010  8.64144E-009  4.91187E-013  2.12115E-031  1.57816E-035  1.00000E-040  4.05178E-030  4.40170E-020  5.70403E-023  2.32729E-020  1.51658E-016  9.90081E-024  1.95509E-023  1.00000E-040  1.00000E-040  1.00000E-040  1.00000E-040  1.20147E-027  1.00000E-040  6.72268E-038  2.42954E-024  5.06703E-018  8.27102E-033  1.26831E-034  1.86908E-022  3.61839E-016  7.69743E-018  1.57846E-013  1.73214E-028  1.61442E-013  1.00000E-040  4.16756E-015  7.00374E-040  1.79765E-024  1.35732E-031  1.42631E-022  2.21746E-025  1.43099E-013  1.80184E-023  2.51312E-018  9.22579E-021  1.69855E-014  1.00000E-040  1.00000E-040  4.47374E-024  1.00000E-040  1.03593E-026  1.75379E-011  1.00000E-040  1.00000E-003  1.00000E-005  1.00000E-005  1.00000E-005  1.00000E-005  1.00000E-005  1.00000E-005  1.00000E-005  1.00000E-005  1.00000E-005  1.00000E-005  1.00000E-005  1.00000E-005  1.00000E-005  1.00000E-005  1.00000E-005  
2.55000E+001  2.31307E-002  8.01675E+017  2.08981E+002  8.74643E+003  1.00000E-040  1.00000E-040  1.00000E-040  3.31578E-010  1.00000E-040  1.00000E-040  1.00000E-040  1.00000E-040  1.00000E-040  1.00000E-040  1.00000E-040  1.00000E-040  1.00000E-040  1.00000E-040  9.05519E-023  1.00000E-040  1.00000E-040  1.11812E-019  4.42196E-007  1.33500E-005  1.96052E-012  5.78365E-012  2.12025E-001  3.71922E-009  2.83206E-004  4.34413E-022  1.11447E-011  1.00000E-040  1.00000E-040  1.97308E-030  1.63513E-018  5.85057E-007  4.58428E-024  1.93754E-027  5.55068E-036  6.19764E-035  1.00000E-040  2.39568E-019  9.03062E-021  2.16569E-017  1.40753E-012  1.00000E-040  1.00000E-040  1.27821E-010  9.82540E-037  4.59091E-011  1.37528E-024  7.87672E-001  9.78394E-023  1.70443E-016  6.02549E-012  5.85085E-033  1.00000E-040  6.46244E-029  1.16234E-023  5.11792E-010  4.37886E-016  2.29174E-011  2.85388E-016  1.81328E-007  4.16064E-010  4.99721E-006  1.37543E-009  7.13625E-013  6.68455E-018  1.18175E-010  9.28384E-009  6.53210E-013  1.79201E-031  1.82261E-035  1.00000E-040  4.47074E-030  1.71433E-020  5.70350E-023  3.32374E-020  2.55998E-016  1.42906E-023  2.97408E-023  1.00000E-040  1.00000E-040  1.00000E-040  1.00000E-040  1.39638E-027  1.00000E-040  1.12532E-037  2.95927E-024  5.05093E-018  1.97153E-032  2.13979E-034  1.33845E-022  3.90301E-016  1.05376E-017  1.49412E-013  1.65500E-028  9.14324E-014  1.00000E-040  4.05869E-015  1.17284E-039  2.27158E-024  1.45172E-031  1.42622E-022  2.21439E-025  1.53965E-013  3.14715E-023  3.94706E-018  3.11501E-021  1.69796E-014  1.00000E-040  1.00000E-040  7.63412E-024  1.00000E-040  1.08466E-026  1.61859E-011  1.00000E-040  1.00000E-003  1.00000E-005  1.00000E-005  1.00000E-005  1.00000E-005  1.00000E-005  1.00000E-005  1.00000E-005  1.00000E-005  1.00000E-005  1.00000E-005  1.00000E-005  1.00000E-005  1.00000E-005  1.00000E-005  1.00000E-005  
2.65000E+001  1.96782E-002  6.77435E+017  2.10394E+002  9.76505E+003  1.00000E-040  1.00000E-040  1.00000E-040  3.07690E-010  1.00000E-040  1.00000E-040  1.00000E-040  1.00000E-040  1.00000E-040  1.00000E-040  1.00000E-040  1.00000E-040  1.00000E-040  1.00000E-040  9.13307E-023  1.00000E-040  1.00000E-040  1.96078E-019  4.34622E-007  1.33962E-005  2.69378E-012  9.44105E-012  2.12021E-001  3.85983E-009  2.83208E-004  6.49922E-022  1.29456E-011  1.00000E-040  1.00000E-040  4.77557E-030  2.82071E-018  5.64323E-007  9.00072E-024  2.06658E-027  1.00000E-040  1.00000E-040  1.00000E-040  2.35302E-019  1.05288E-020  3.89746E-017  1.95252E-012  1.00000E-040  1.00000E-040  1.07270E-010  1.64813E-036  4.57070E-011  3.72661E-024  7.87676E-001  1.03713E-022  1.10991E-016  2.63876E-012  1.00000E-040  1.00000E-040  8.66126E-029  1.45804E-023  6.77015E-010  3.43538E-016  2.73501E-011  2.89537E-016  1.70978E-007  4.50743E-010  5.59949E-006  1.78135E-009  8.46556E-013  1.62362E-017  1.30636E-010  9.74211E-009  8.49903E-013  1.51581E-031  2.12206E-035  1.00000E-040  4.89547E-030  4.76966E-021  5.70293E-023  4.76868E-020  4.36949E-016  2.10569E-023  4.59253E-023  1.00000E-040  1.00000E-040  1.00000E-040  1.00000E-040  1.60211E-027  1.00000E-040  1.96766E-037  3.70484E-024  5.05252E-018  4.90541E-032  3.69555E-034  9.37569E-023  4.10799E-016  1.45113E-017  1.40735E-013  1.67586E-028  5.12746E-014  3.07889E-033  3.80938E-015  2.04088E-039  2.95661E-024  1.64065E-031  1.42613E-022  2.29995E-025  1.65100E-013  5.24996E-023  6.16550E-018  7.56741E-022  1.69734E-014  1.00000E-040  1.00000E-040  1.35811E-023  1.00000E-040  1.20369E-026  1.48939E-011  1.00000E-040  1.00000E-003  1.00000E-005  1.00000E-005  1.00000E-005  1.00000E-005  1.00000E-005  1.00000E-005  1.00000E-005  1.00000E-005  1.00000E-005  1.00000E-005  1.00000E-005  1.00000E-005  1.00000E-005  1.00000E-005  1.00000E-005  
2.75000E+001  1.67614E-002  5.72544E+017  2.12040E+002  1.09262E+004  1.00000E-040  1.00000E-040  1.00000E-040  2.78148E-010  1.00000E-040  1.00000E-040  1.00000E-040  1.00000E-040  1.00000E-040  1.00000E-040  1.00000E-040  1.00000E-040  1.00000E-040  1.00000E-040  9.21603E-023  1.00000E-040  1.00000E-040  3.50215E-019  4.26654E-007  1.34431E-005  3.73650E-012  1.52093E-011  2.12017E-001  4.02874E-009  2.83209E-004  9.81830E-022  1.50547E-011  1.00000E-040  1.00000E-040  1.18207E-029  4.91417E-018  5.43401E-007  1.68763E-023  2.09497E-027  4.61600E-035  5.16900E-034  1.00000E-040  2.30166E-019  1.26648E-020  6.92258E-017  2.57555E-012  1.00000E-040  1.00000E-040  8.76316E-011  2.87761E-036  4.55168E-011  9.40407E-024  7.87679E-001  1.03307E-022  5.99431E-017  9.98543E-013  1.00000E-040  1.00000E-040  1.21080E-028  1.89346E-023  9.10651E-010  2.68749E-016  3.19906E-011  2.96514E-016  1.60420E-007  4.63329E-010  6.15482E-006  2.31226E-009  9.83303E-013  3.86033E-017  1.46242E-010  9.96555E-009  1.08065E-012  1.28423E-031  2.49550E-035  1.00000E-040  5.31632E-030  9.03051E-022  5.70234E-023  6.89328E-020  7.49514E-016  3.16387E-023  7.19177E-023  1.00000E-040  1.00000E-040  1.00000E-040  1.00000E-040  1.81057E-027  1.38428E-040  3.60426E-037  4.78991E-024  5.07939E-018  1.25332E-031  6.49387E-034  6.44338E-023  4.27240E-016  2.00120E-017  1.32057E-013  1.78404E-028  2.83371E-014  1.00000E-040  3.49406E-015  3.70491E-039  3.97889E-024  1.96870E-031  1.42603E-022  2.50890E-025  1.75360E-013  8.30767E-023  9.53220E-018  1.26768E-022  1.69669E-014  1.00000E-040  1.00000E-040  2.48137E-023  1.00000E-040  1.39749E-026  1.36568E-011  1.00000E-040  1.00000E-003  1.00000E-005  1.00000E-005  1.00000E-005  1.00000E-005  1.00000E-005  1.00000E-005  1.00000E-005  1.00000E-005  1.00000E-005  1.00000E-005  1.00000E-005  1.00000E-005  1.00000E-005  1.00000E-005  1.00000E-005  
2.85000E+001  1.42965E-002  4.84091E+017  2.13905E+002  1.22719E+004  1.00000E-040  1.00000E-040  1.00000E-040  2.42987E-010  1.00000E-040  1.00000E-040  1.00000E-040  1.00000E-040  1.00000E-040  1.00000E-040  1.00000E-040  1.00000E-040  1.00000E-040  1.00000E-040  9.30398E-023  1.00000E-040  1.00000E-040  6.33944E-019  4.18346E-007  1.34903E-005  5.21145E-012  2.40959E-011  2.12013E-001  4.21264E-009  2.83209E-004  1.48741E-021  1.74319E-011  1.00000E-040  1.00000E-040  2.96052E-029  8.59146E-018  5.22450E-007  3.00817E-023  2.00715E-027  1.00000E-040  1.00000E-040  1.00000E-040  2.25139E-019  1.57295E-020  1.19353E-016  3.21517E-012  1.00000E-040  1.00000E-040  6.95378E-011  5.19159E-036  4.53384E-011  2.21330E-023  7.87683E-001  1.02457E-022  2.68125E-017  3.26088E-013  1.00000E-040  1.00000E-040  1.76177E-028  2.54682E-023  1.23676E-009  2.33511E-016  3.66340E-011  3.05760E-016  1.49806E-007  4.51555E-010  6.61416E-006  2.97521E-009  1.11108E-012  8.87950E-017  1.64743E-010  9.90740E-009  1.38338E-012  1.09184E-031  2.95542E-035  1.00000E-040  5.69117E-030  1.16701E-022  5.70171E-023  1.00384E-019  1.28261E-015  4.82831E-023  1.13899E-022  1.00000E-040  1.00000E-040  1.00000E-040  1.00000E-040  2.00964E-027  4.40231E-040  6.89148E-037  6.39265E-024  5.16038E-018  3.25189E-031  1.16142E-033  4.34135E-023  4.40705E-016  2.74933E-017  1.23377E-013  1.99987E-028  1.54578E-014  1.00000E-040  3.13494E-015  6.97421E-039  5.52262E-024  2.50194E-031  1.42593E-022  2.87433E-025  1.84771E-013  1.23717E-022  1.45076E-017  1.47105E-023  1.69601E-014  1.00000E-040  1.00000E-040  4.60542E-023  1.00000E-040  1.69211E-026  1.24814E-011  1.00000E-040  1.00000E-003  1.00000E-005  1.00000E-005  1.00000E-005  1.00000E-005  1.00000E-005  1.00000E-005  1.00000E-005  1.00000E-005  1.00000E-005  1.00000E-005  1.00000E-005  1.00000E-005  1.00000E-005  1.00000E-005  1.00000E-005  
2.95000E+001  1.22128E-002  4.09453E+017  2.16037E+002  1.33027E+004  1.00000E-040  1.00000E-040  1.00000E-040  2.02009E-010  1.00000E-040  1.00000E-040  1.00000E-040  1.00000E-040  1.00000E-040  1.00000E-040  1.00000E-040  1.00000E-040  1.00000E-040  1.00000E-040  9.39909E-023  1.00000E-040  1.00000E-040  1.15980E-018  4.09598E-007  1.35385E-005  7.26728E-012  3.75260E-011  2.12009E-001  4.40436E-009  2.83208E-004  2.24488E-021  2.00203E-011  1.00000E-040  1.00000E-040  7.43118E-029  1.50076E-017  5.01246E-007  5.05657E-023  1.79825E-027  9.42529E-037  1.04042E-035  1.00000E-040  2.20557E-019  2.00154E-020  1.96323E-016  3.79869E-012  1.12494E-040  1.00000E-040  5.32698E-011  9.67208E-036  4.51685E-011  4.85458E-023  7.87687E-001  1.06712E-022  9.88561E-018  9.11925E-014  1.00000E-040  1.00000E-040  2.66939E-028  3.55441E-023  1.68188E-009  2.35007E-016  4.11377E-011  3.16632E-016  1.39106E-007  4.19006E-010  6.93985E-006  3.76167E-009  1.22111E-012  1.97432E-016  1.85214E-010  9.55291E-009  1.94273E-012  9.31109E-032  3.50379E-035  1.00000E-040  5.96395E-030  1.02860E-023  5.70105E-023  1.48084E-019  2.18969E-015  7.49957E-023  1.83175E-022  1.00000E-040  1.00000E-040  1.00000E-040  1.00000E-040  2.18864E-027  1.32377E-039  1.37051E-036  8.82069E-024  5.30643E-018  8.49274E-031  2.13538E-033  2.82576E-023  4.47108E-016  3.74068E-017  1.14451E-013  2.37679E-028  8.26665E-015  1.00000E-040  2.72606E-015  1.35179E-038  7.89977E-024  3.35138E-031  1.42581E-022  3.44440E-025  1.93768E-013  1.72333E-022  2.16515E-017  1.17785E-024  1.69528E-014  1.00000E-040  1.00000E-040  8.60451E-023  1.00000E-040  2.13503E-026  1.13545E-011  1.00000E-040  1.00000E-003  1.00000E-005  1.00000E-005  1.00000E-005  1.00000E-005  1.00000E-005  1.00000E-005  1.00000E-005  1.00000E-005  1.00000E-005  1.00000E-005  1.00000E-005  1.00000E-005  1.00000E-005  1.00000E-005  1.00000E-005  
3.05000E+001  1.04505E-002  3.46464E+017  2.18473E+002  1.46946E+004  1.00000E-040  1.00000E-040  1.00000E-040  1.54890E-010  1.00000E-040  1.00000E-040  1.00000E-040  1.00000E-040  1.00000E-040  1.00000E-040  1.00000E-040  1.00000E-040  1.00000E-040  1.00000E-040  9.50297E-023  1.00000E-040  1.00000E-040  2.13956E-018  4.00377E-007  1.35877E-005  1.00708E-011  5.74312E-011  2.12004E-001  4.59602E-009  2.83206E-004  3.35320E-021  2.27397E-011  1.00000E-040  1.00000E-040  1.85031E-028  2.60752E-017  4.79739E-007  7.95485E-023  1.48764E-027  3.99027E-037  4.65948E-036  1.00000E-040  2.16207E-019  2.57975E-020  3.04068E-016  4.24430E-012  4.00569E-040  1.00000E-040  3.91835E-011  1.85501E-035  4.50056E-011  9.92826E-023  7.87691E-001  1.18533E-022  3.02269E-018  2.18606E-014  6.25303E-034  1.00000E-040  4.18262E-028  5.12405E-023  2.26998E-009  2.60159E-016  4.53903E-011  3.28158E-016  1.28381E-007  3.72559E-010  7.10607E-006  4.63238E-009  1.30552E-012  4.22638E-016  2.06010E-010  8.91424E-009  3.19347E-012  7.96468E-032  4.13144E-035  1.00000E-040  6.07798E-030  6.31517E-025  5.70035E-023  2.21485E-019  3.71560E-015  1.18321E-022  2.99024E-022  1.05265E-040  1.00000E-040  1.00000E-040  1.00000E-040  2.33745E-027  3.72167E-039  2.80646E-036  1.25326E-023  5.52934E-018  2.21056E-030  4.04335E-033  1.75672E-023  4.41208E-016  5.01327E-017  1.05085E-013  3.01437E-028  4.31658E-015  1.00000E-040  2.28043E-015  2.65879E-038  1.15795E-023  4.66992E-031  1.42569E-022  4.26931E-025  2.02947E-013  2.22979E-022  3.15574E-017  6.61639E-026  1.69451E-014  1.00000E-040  1.00000E-040  1.60201E-022  1.00000E-040  2.80399E-026  1.02738E-011  3.58854E-038  1.00000E-003  1.00000E-005  1.00000E-005  1.00000E-005  1.00000E-005  1.00000E-005  1.00000E-005  1.00000E-005  1.00000E-005  1.00000E-005  1.00000E-005  1.00000E-005  1.00000E-005  1.00000E-005  1.00000E-005  1.00000E-005  
3.15000E+001  8.95887E-003  2.93585E+017  2.21022E+002  1.63646E+004  1.00000E-040  1.00000E-040  1.00000E-040  1.00021E-010  1.00000E-040  1.00000E-040  1.00000E-040  1.00000E-040  1.00000E-040  1.00000E-040  1.00000E-040  1.00000E-040  1.00000E-040  1.00000E-040  9.60884E-023  1.00000E-040  1.00000E-040  3.95640E-018  3.90864E-007  1.36367E-005  1.38032E-011  8.61790E-011  2.12000E-001  4.77253E-009  2.83202E-004  4.91348E-021  2.54232E-011  1.00000E-040  1.00000E-040  4.48211E-028  4.45287E-017  4.58366E-007  1.16649E-022  1.12873E-027  1.33460E-037  1.46528E-036  1.00000E-040  2.12608E-019  3.35347E-020  4.41720E-016  4.47920E-012  1.28327E-039  1.00000E-040  2.77381E-011  3.54717E-035  4.48518E-011  1.90932E-022  7.87695E-001  1.36433E-022  7.92250E-019  4.61489E-015  1.00000E-040  1.00000E-040  6.63201E-028  7.51074E-023  3.01435E-009  2.96394E-016  4.92266E-011  3.36588E-016  1.17928E-007  3.20438E-010  7.11820E-006  5.49718E-009  1.34792E-012  8.45165E-016  2.25403E-010  8.04909E-009  5.97774E-012  6.84499E-032  4.83785E-035  1.00000E-040  6.03082E-030  2.89654E-026  5.69961E-023  3.33019E-019  6.18558E-015  1.87217E-022  4.88898E-022  1.14671E-040  1.00000E-040  1.00000E-040  1.00000E-040  2.45221E-027  9.59807E-039  5.78583E-036  1.80720E-023  5.84380E-018  5.60331E-030  7.70869E-033  1.06182E-023  4.26330E-016  6.59678E-017  9.55333E-014  4.03714E-028  2.22243E-015  1.00000E-040  1.87109E-015  5.19551E-038  1.71435E-023  6.60146E-031  1.42557E-022  5.37885E-025  2.12074E-013  2.67818E-022  4.47821E-017  2.79270E-027  1.69369E-014  1.00000E-040  1.00000E-040  2.90979E-022  1.00000E-040  3.76657E-026  9.26092E-012  8.14019E-038  1.00000E-003  1.00000E-005  1.00000E-005  1.00000E-005  1.00000E-005  1.00000E-005  1.00000E-005  1.00000E-005  1.00000E-005  1.00000E-005  1.00000E-005  1.00000E-005  1.00000E-005  1.00000E-005  1.00000E-005  1.00000E-005  
3.25000E+001  7.69432E-003  2.49177E+017  2.23655E+002  1.77833E+004  1.00000E-040  1.00000E-040  1.00000E-040  3.76330E-011  1.00000E-040  1.00000E-040  1.00000E-040  1.00000E-040  1.00000E-040  1.00000E-040  1.00000E-040  1.00000E-040  1.00000E-040  1.00000E-040  9.71585E-023  1.00000E-040  1.00000E-040  7.33510E-018  3.81057E-007  1.36857E-005  1.86430E-011  1.27300E-010  2.11996E-001  4.92107E-009  2.83197E-004  7.03998E-021  2.79778E-011  1.00000E-040  1.00000E-040  1.04845E-027  7.44945E-017  4.37113E-007  1.59010E-022  7.77265E-028  1.00000E-040  1.00000E-040  1.00000E-040  2.09422E-019  4.34091E-020  5.98312E-016  4.46913E-012  3.60969E-039  1.00000E-040  1.88491E-011  6.70790E-035  4.47057E-011  3.45879E-022  7.87699E-001  1.58626E-022  1.81245E-019  8.70288E-016  1.00000E-040  1.00000E-040  1.04796E-027  1.10532E-022  3.91281E-009  3.32900E-016  5.27830E-011  3.42127E-016  1.07798E-007  2.70420E-010  7.01502E-006  6.27487E-009  1.35406E-012  1.56919E-015  2.41376E-010  7.04289E-009  1.15109E-011  5.90148E-032  5.60408E-035  1.00000E-040  5.83787E-030  1.03545E-027  5.69882E-023  5.02294E-019  1.00596E-014  2.95692E-022  7.97782E-022  1.27638E-040  1.61632E-040  1.00000E-040  1.00000E-040  2.53885E-027  2.25479E-038  1.18108E-035  2.61815E-023  6.23863E-018  1.37212E-029  1.46761E-032  6.23004E-024  3.99930E-016  8.50687E-017  8.58389E-014  5.67529E-028  1.12826E-015  1.00000E-040  1.51535E-015  9.89959E-038  2.53709E-023  9.24797E-031  1.42543E-022  6.74869E-025  2.21528E-013  2.98245E-022  6.19796E-017  9.18193E-029  1.69283E-014  1.00000E-040  1.00000E-040  5.11472E-022  1.00000E-040  5.14072E-026  8.31381E-012  1.32086E-037  1.00000E-003  1.00000E-005  1.00000E-005  1.00000E-005  1.00000E-005  1.00000E-005  1.00000E-005  1.00000E-005  1.00000E-005  1.00000E-005  1.00000E-005  1.00000E-005  1.00000E-005  1.00000E-005  1.00000E-005  1.00000E-005  
3.35000E+001  6.61960E-003  2.12258E+017  2.25884E+002  1.94692E+004  1.00000E-040  1.00000E-040  1.00000E-040  9.74540E-014  1.00000E-040  1.00000E-040  1.00000E-040  1.00000E-040  1.00000E-040  1.00000E-040  1.00000E-040  1.00000E-040  1.00000E-040  1.00000E-040  9.80657E-023  1.00000E-040  1.00000E-040  1.35214E-017  3.70962E-007  1.37343E-005  2.48081E-011  1.84846E-010  2.11991E-001  5.02090E-009  2.83189E-004  9.76470E-021  3.00723E-011  1.00000E-040  1.00000E-040  2.30592E-027  1.19641E-016  4.15979E-007  2.00834E-022  4.75304E-028  1.00000E-040  1.00000E-040  1.00000E-040  2.07491E-019  5.61559E-020  7.59093E-016  4.21019E-012  8.59554E-039  1.00000E-040  1.22576E-011  1.17946E-034  4.45659E-011  6.01621E-022  7.87704E-001  1.82252E-022  3.66803E-020  1.48404E-016  1.00000E-040  1.00000E-040  1.61634E-027  1.60882E-022  4.95586E-009  3.65073E-016  5.58646E-011  3.40238E-016  9.80334E-008  2.26044E-010  6.86186E-006  6.86455E-009  1.31011E-012  2.55917E-015  2.54211E-010  6.00686E-009  1.83414E-011  5.09283E-032  6.47033E-035  1.00000E-040  5.60272E-030  2.98286E-029  5.69798E-023  7.55934E-019  1.58257E-014  4.61237E-022  1.28111E-021  1.45723E-040  3.32163E-040  1.00000E-040  1.00000E-040  2.61354E-027  4.69157E-038  2.33972E-035  3.76283E-023  6.66245E-018  3.13442E-029  2.69138E-032  3.64002E-024  3.72825E-016  1.07430E-016  7.65911E-014  8.09648E-028  5.63447E-016  1.00000E-040  1.28206E-015  1.82659E-037  3.71411E-023  1.25853E-030  1.42528E-022  8.35587E-025  2.28504E-013  3.11249E-022  8.39553E-017  2.43947E-030  1.69193E-014  1.00000E-040  1.00000E-040  8.44729E-022  1.00000E-040  6.83685E-026  7.43070E-012  1.92623E-037  1.00000E-003  1.00000E-005  1.00000E-005  1.00000E-005  1.00000E-005  1.00000E-005  1.00000E-005  1.00000E-005  1.00000E-005  1.00000E-005  1.00000E-005  1.00000E-005  1.00000E-005  1.00000E-005  1.00000E-005  1.00000E-005  
3.45000E+001  5.70282E-003  1.81490E+017  2.27590E+002  2.14942E+004  1.00000E-040  1.00000E-040  1.00000E-040  1.56017E-013  1.00000E-040  1.00000E-040  1.00000E-040  1.00000E-040  1.00000E-040  1.00000E-040  1.00000E-040  1.00000E-040  1.00000E-040  1.00000E-040  9.87708E-023  1.00000E-040  1.00000E-040  2.48655E-017  3.60761E-007  1.37818E-005  3.25630E-011  2.65600E-010  2.11986E-001  5.05633E-009  2.83179E-004  1.31292E-020  3.16152E-011  1.00000E-040  1.00000E-040  4.76262E-027  1.84235E-016  3.95307E-007  2.36336E-022  2.57860E-028  1.00000E-040  1.00000E-040  1.00000E-040  2.09113E-019  7.29033E-020  9.05682E-016  3.75779E-012  1.72980E-038  1.00000E-040  7.65590E-012  1.90829E-034  4.44335E-011  1.01020E-021  7.87709E-001  2.07331E-022  6.75822E-021  2.34827E-017  1.00000E-040  1.20743E-040  2.38521E-027  2.26774E-022  6.10481E-009  3.87070E-016  5.88510E-011  3.33068E-016  8.88127E-008  1.90424E-010  6.72158E-006  7.21592E-009  1.23491E-012  3.65048E-015  2.62976E-010  5.02356E-009  2.33670E-011  4.39848E-032  7.46214E-035  1.00000E-040  5.38868E-030  7.29106E-031  5.69708E-023  1.12256E-018  2.39548E-014  7.01462E-022  1.99906E-021  1.70736E-040  6.02926E-040  1.00000E-040  1.00000E-040  2.69668E-027  8.66531E-038  4.40411E-035  5.26823E-023  7.09358E-018  6.66099E-029  4.67504E-032  2.14434E-024  3.47700E-016  1.33175E-016  6.80259E-014  1.15659E-027  2.78533E-016  1.00000E-040  1.15556E-015  3.21300E-037  5.28619E-023  1.62309E-030  1.42513E-022  9.96445E-025  2.32882E-013  3.06790E-022  1.12197E-016  5.48934E-032  1.69100E-014  1.00000E-040  1.00000E-040  1.30796E-021  1.00000E-040  8.78779E-026  6.62254E-012  2.65535E-037  1.00000E-003  1.00000E-005  1.00000E-005  1.00000E-005  1.00000E-005  1.00000E-005  1.00000E-005  1.00000E-005  1.00000E-005  1.00000E-005  1.00000E-005  1.00000E-005  1.00000E-005  1.00000E-005  1.00000E-005  1.00000E-005  
3.55000E+001  4.91767E-003  1.55830E+017  2.28574E+002  2.36775E+004  1.00000E-040  1.00000E-040  1.00000E-040  3.33149E-013  1.00000E-040  1.00000E-040  1.00000E-040  1.00000E-040  1.00000E-040  1.00000E-040  1.00000E-040  1.00000E-040  1.00000E-040  1.00000E-040  9.92058E-023  1.00000E-040  1.00000E-040  4.57461E-017  3.50593E-007  1.38276E-005  4.22960E-011  3.79317E-010  2.11981E-001  5.01833E-009  2.83167E-004  1.71308E-020  3.24993E-011  1.00000E-040  1.00000E-040  9.21391E-027  2.71047E-016  3.75303E-007  2.60805E-022  1.23870E-028  1.00000E-040  1.00000E-040  1.00000E-040  2.15780E-019  9.54999E-020  1.02500E-015  3.19282E-012  2.96123E-038  1.00000E-040  4.60348E-012  2.78958E-034  4.43083E-011  1.65478E-021  7.87715E-001  2.33961E-022  1.15933E-021  3.51406E-018  1.00000E-040  2.35749E-040  3.33685E-027  3.05575E-022  7.32026E-009  3.96550E-016  6.19279E-011  3.21302E-016  8.02292E-008  1.63234E-010  6.64339E-006  7.31266E-009  1.14049E-012  4.51056E-015  2.68083E-010  4.14678E-009  2.69347E-011  3.79938E-032  8.64776E-035  1.00000E-040  5.26181E-030  1.57166E-032  5.69614E-023  1.63367E-018  3.48435E-014  1.03146E-021  3.00292E-021  2.05169E-040  9.29502E-040  1.00000E-040  1.00000E-040  2.80891E-027  1.42193E-037  7.78527E-035  7.10579E-023  7.49018E-018  1.30975E-028  7.58533E-032  1.29283E-024  3.27738E-016  1.62548E-016  6.03695E-014  1.62956E-027  1.36595E-016  1.00000E-040  1.13840E-015  5.38812E-037  7.24354E-023  1.96524E-030  1.42496E-022  1.13241E-024  2.33463E-013  2.89310E-022  1.49068E-016  1.08676E-033  1.69005E-014  1.00000E-040  1.00000E-040  1.89156E-021  1.00000E-040  1.07811E-025  5.89195E-012  3.51668E-037  1.00000E-003  1.00000E-005  1.00000E-005  1.00000E-005  1.00000E-005  1.00000E-005  1.00000E-005  1.00000E-005  1.00000E-005  1.00000E-005  1.00000E-005  1.00000E-005  1.00000E-005  1.00000E-005  1.00000E-005  1.00000E-005  
3.65000E+001  4.24240E-003  1.34379E+017  2.28664E+002  2.67395E+004  1.00000E-040  1.00000E-040  1.00000E-040  7.54430E-013  1.00000E-040  1.00000E-040  1.00000E-040  1.00000E-040  1.00000E-040  1.00000E-040  1.00000E-040  1.00000E-040  1.00000E-040  1.00000E-040  9.93115E-023  1.00000E-040  1.00000E-040  8.44777E-017  3.40670E-007  1.38709E-005  5.46057E-011  5.40013E-010  2.11975E-001  4.90874E-009  2.83153E-004  2.17579E-020  3.26847E-011  1.00000E-040  1.00000E-040  1.67214E-026  3.80570E-016  3.56290E-007  2.72730E-022  5.32242E-029  1.00000E-040  1.00000E-040  1.00000E-040  2.27712E-019  1.26547E-019  1.11506E-015  2.60349E-012  4.39964E-038  1.00000E-040  2.68418E-012  3.63180E-034  4.41910E-011  2.67290E-021  7.87720E-001  2.61908E-022  1.94847E-022  5.09717E-019  1.00000E-040  4.24479E-040  4.42934E-027  3.90758E-022  8.56773E-009  3.94402E-016  6.51464E-011  3.04885E-016  7.24063E-008  1.42886E-010  6.65703E-006  7.16222E-009  1.03541E-012  4.81691E-015  2.70427E-010  3.39956E-009  2.93449E-011  3.28493E-032  1.01407E-034  1.00000E-040  5.27418E-030  3.18256E-034  5.69515E-023  2.31625E-018  4.87679E-014  1.45706E-021  4.30947E-021  2.51890E-040  1.18444E-039  1.00000E-040  1.00000E-040  2.96832E-027  2.08950E-037  1.28649E-034  9.16742E-023  7.81620E-018  2.38036E-028  1.14263E-031  8.13391E-025  3.14298E-016  1.96243E-016  5.37523E-014  2.24387E-027  6.69018E-017  1.00000E-040  1.24929E-015  8.71051E-037  9.49954E-023  2.24239E-030  1.42478E-022  1.22388E-024  2.29283E-013  2.65417E-022  1.98137E-016  2.01851E-035  1.68911E-014  1.00000E-040  1.00000E-040  2.55619E-021  1.00000E-040  1.25234E-025  5.24361E-012  4.50060E-037  1.00000E-003  1.00000E-005  1.00000E-005  1.00000E-005  1.00000E-005  1.00000E-005  1.00000E-005  1.00000E-005  1.00000E-005  1.00000E-005  1.00000E-005  1.00000E-005  1.00000E-005  1.00000E-005  1.00000E-005  1.00000E-005  
3.75000E+001  3.65982E-003  1.16069E+017  2.28381E+002  2.97405E+004  1.00000E-040  1.00000E-040  1.00000E-040  1.72937E-012  1.00000E-040  1.00000E-040  1.00000E-040  1.00000E-040  1.00000E-040  1.00000E-040  1.00000E-040  1.00000E-040  1.00000E-040  1.00000E-040  9.92767E-023  1.00000E-040  1.00000E-040  1.59709E-016  3.31111E-007  1.39115E-005  7.02786E-011  7.74764E-010  2.11969E-001  4.74408E-009  2.83137E-004  2.73580E-020  3.25848E-011  1.00000E-040  1.00000E-040  2.94937E-026  5.23388E-016  3.38374E-007  2.73798E-022  2.09918E-029  6.15478E-036  6.90585E-035  1.00000E-040  2.39528E-019  1.64438E-019  1.16505E-015  2.05612E-012  5.91849E-038  1.00000E-040  1.52585E-012  4.50386E-034  4.40811E-011  4.22087E-021  7.87726E-001  2.97571E-022  3.88276E-023  7.31252E-020  1.00000E-040  7.26370E-040  5.67557E-027  4.74118E-022  9.79500E-009  3.78193E-016  6.90708E-011  2.92595E-016  6.53634E-008  1.28058E-010  6.76040E-006  6.83485E-009  9.47837E-013  4.76057E-015  2.68302E-010  2.76738E-009  3.08374E-011  2.84619E-032  1.19607E-034  1.00000E-040  5.39022E-030  7.44252E-036  5.69413E-023  3.20389E-018  6.64862E-014  1.98953E-021  5.97398E-021  3.14735E-040  1.33822E-039  1.00000E-040  1.00000E-040  3.18332E-027  2.87113E-037  2.00330E-034  1.13416E-022  8.08279E-018  4.17888E-028  1.65582E-031  5.22283E-025  2.94130E-016  2.35486E-016  4.77952E-014  3.05766E-027  3.28576E-017  1.00000E-040  1.46334E-015  1.36399E-036  1.19390E-022  2.43341E-030  1.42460E-022  1.24114E-024  2.23050E-013  2.36843E-022  2.64911E-016  4.26166E-037  1.68818E-014  1.00000E-040  1.00000E-040  3.34698E-021  1.00000E-040  1.44225E-025  4.67314E-012  5.61725E-037  1.00000E-003  1.00000E-005  1.00000E-005  1.00000E-005  1.00000E-005  1.00000E-005  1.00000E-005  1.00000E-005  1.00000E-005  1.00000E-005  1.00000E-005  1.00000E-005  1.00000E-005  1.00000E-005  1.00000E-005  1.00000E-005  
3.85000E+001  3.15588E-003  1.00642E+017  2.27122E+002  3.29242E+004  1.00000E-040  1.00000E-040  1.00000E-040  3.97366E-012  1.00000E-040  1.00000E-040  1.00000E-040  1.00000E-040  1.00000E-040  1.00000E-040  1.00000E-040  1.00000E-040  1.00000E-040  1.00000E-040  9.88844E-023  1.00000E-040  1.00000E-040  3.05342E-016  3.21885E-007  1.39495E-005  9.07094E-011  1.11303E-009  2.11963E-001  4.52886E-009  2.83118E-004  3.38241E-020  3.18975E-011  1.00000E-040  1.23465E-040  4.95032E-026  6.91410E-016  3.21381E-007  2.64165E-022  7.47574E-030  8.59143E-037  9.46473E-036  1.00000E-040  2.46418E-019  2.08708E-019  1.18715E-015  1.57556E-012  7.20921E-038  1.00000E-040  8.43419E-013  4.96588E-034  4.39765E-011  7.00603E-021  7.87732E-001  3.38954E-022  1.47043E-023  1.04805E-020  1.00000E-040  1.19583E-039  7.13887E-027  5.51524E-022  1.10097E-008  3.56315E-016  7.30052E-011  2.78598E-016  5.90000E-008  1.16274E-010  6.98052E-006  6.32525E-009  8.58232E-013  4.12056E-015  2.65279E-010  2.24957E-009  3.15098E-011  2.46909E-032  1.44306E-034  1.00000E-040  5.72592E-030  4.72067E-037  5.69306E-023  4.33973E-018  8.82231E-014  2.62614E-021  7.95371E-021  4.00094E-040  1.25419E-039  1.00000E-040  1.00000E-040  3.47841E-027  3.60375E-037  2.97000E-034  1.35289E-022  8.17884E-018  6.86879E-028  2.27976E-031  3.53599E-025  2.72129E-016  2.82004E-016  4.27771E-014  4.20172E-027  1.60614E-017  1.00000E-040  1.94949E-015  2.15957E-036  1.44912E-022  2.59161E-030  1.42440E-022  1.21955E-024  2.11263E-013  2.10233E-022  3.57099E-016  2.42231E-038  1.68727E-014  1.00000E-040  1.00000E-040  4.14719E-021  1.00000E-040  1.56854E-025  4.16755E-012  6.90839E-037  1.00000E-003  1.00000E-005  1.00000E-005  1.00000E-005  1.00000E-005  1.00000E-005  1.00000E-005  1.00000E-005  1.00000E-005  1.00000E-005  1.00000E-005  1.00000E-005  1.00000E-005  1.00000E-005  1.00000E-005  1.00000E-005  
3.95000E+001  2.71897E-003  8.73004E+016  2.25582E+002  3.69865E+004  1.00000E-040  1.00000E-040  1.00000E-040  8.92772E-012  1.00000E-040  1.00000E-040  1.00000E-040  1.00000E-040  1.00000E-040  1.00000E-040  1.00000E-040  1.00000E-040  1.00000E-040  1.00000E-040  9.83846E-023  1.00000E-040  1.00000E-040  6.03528E-016  3.13088E-007  1.39849E-005  1.17775E-010  1.61984E-009  2.11956E-001  4.28632E-009  2.83097E-004  4.19658E-020  3.11412E-011  1.00000E-040  3.24005E-040  8.26145E-026  9.06208E-016  3.05372E-007  2.47841E-022  2.47914E-030  7.43204E-037  8.30017E-036  1.00000E-040  2.39472E-019  2.48822E-019  1.17167E-015  1.18025E-012  8.29742E-038  1.00000E-040  4.55044E-013  5.30893E-034  4.38768E-011  1.74985E-020  7.87739E-001  4.01127E-022  1.13014E-023  1.60165E-021  7.57111E-035  1.94221E-039  8.96429E-027  6.17954E-022  1.21656E-008  3.26954E-016  7.74883E-011  2.74522E-016  5.33083E-008  1.06688E-010  7.30234E-006  5.71006E-009  7.87486E-013  3.39080E-015  2.59006E-010  1.81837E-009  3.11692E-011  2.15052E-032  1.76656E-034  1.00000E-040  6.24632E-030  1.63832E-037  5.69194E-023  5.78128E-018  1.15781E-013  3.38712E-021  1.03412E-020  5.15146E-040  1.07481E-039  1.00000E-040  1.00000E-040  3.86444E-027  4.34500E-037  4.25419E-034  1.56796E-022  8.12398E-018  1.11701E-027  3.10111E-031  2.44016E-025  2.35826E-016  3.38679E-016  3.82643E-014  8.18268E-027  7.82188E-018  1.00000E-040  2.81735E-015  3.45268E-036  1.70887E-022  2.72759E-030  1.42418E-022  1.14643E-024  1.97354E-013  1.84508E-022  4.87188E-016  7.57076E-039  1.68637E-014  1.00000E-040  1.00000E-040  5.08634E-021  1.00000E-040  1.70738E-025  3.72187E-012  8.42539E-037  1.00000E-003  1.00000E-005  1.00000E-005  1.00000E-005  1.00000E-005  1.00000E-005  1.00000E-005  1.00000E-005  1.00000E-005  1.00000E-005  1.00000E-005  1.00000E-005  1.00000E-005  1.00000E-005  1.00000E-005  1.00000E-005  
4.05000E+001  2.33995E-003  7.57901E+016  2.23620E+002  4.09878E+004  1.00000E-040  1.00000E-040  1.00000E-040  1.90788E-011  1.00000E-040  1.00000E-040  1.00000E-040  1.00000E-040  1.00000E-040  1.00000E-040  1.00000E-040  1.00000E-040  1.00000E-040  1.00000E-040  9.77251E-023  1.00000E-040  1.00000E-040  1.22940E-015  3.04763E-007  1.40178E-005  1.54520E-010  2.38438E-009  2.11949E-001  4.02990E-009  2.83074E-004  5.23688E-020  3.02851E-011  1.00000E-040  9.15584E-040  1.37196E-025  1.17637E-015  2.90307E-007  2.27235E-022  7.68795E-031  1.00000E-040  1.00000E-040  1.00000E-040  2.15709E-019  2.75941E-019  1.12771E-015  8.68161E-013  9.14341E-038  1.00000E-040  2.40006E-013  5.42178E-034  4.37811E-011  1.10690E-019  7.87745E-001  4.84582E-022  1.05607E-023  3.27286E-022  1.00000E-040  3.13104E-039  1.12877E-026  6.73720E-022  1.32582E-008  2.94997E-016  8.21199E-011  2.74466E-016  4.82363E-008  9.80427E-011  7.73195E-006  5.00672E-009  7.25922E-013  2.63570E-015  2.50747E-010  1.46043E-009  2.92186E-011  1.88571E-032  2.21203E-034  1.00000E-040  7.04382E-030  9.61378E-038  5.69076E-023  7.60106E-018  1.50995E-013  4.28354E-021  1.31494E-020  6.70512E-040  8.37304E-040  1.00000E-040  1.00000E-040  4.36787E-027  5.04352E-037  5.96599E-034  1.77772E-022  7.85761E-018  1.79389E-027  4.13952E-031  1.73536E-025  1.90277E-016  4.09576E-016  3.42991E-014  4.01835E-026  3.78560E-018  1.00000E-040  4.41654E-015  5.65540E-036  1.97265E-022  2.86937E-030  1.42394E-022  1.05073E-024  1.80647E-013  1.62135E-022  6.73474E-016  4.02888E-039  1.68550E-014  1.00000E-040  1.00000E-040  6.17545E-021  1.00000E-040  1.83719E-025  3.32887E-012  1.02162E-036  1.00000E-003  1.00000E-005  1.00000E-005  1.00000E-005  1.00000E-005  1.00000E-005  1.00000E-005  1.00000E-005  1.00000E-005  1.00000E-005  1.00000E-005  1.00000E-005  1.00000E-005  1.00000E-005  1.00000E-005  1.00000E-005  
4.15000E+001  2.01112E-003  6.57488E+016  2.21547E+002  4.51719E+004  1.00000E-040  1.00000E-040  1.00000E-040  3.45847E-011  1.00000E-040  1.00000E-040  1.00000E-040  1.00000E-040  1.00000E-040  1.00000E-040  1.00000E-040  1.00000E-040  1.00000E-040  1.00000E-040  9.70153E-023  1.00000E-040  1.00000E-040  2.60725E-015  2.96873E-007  1.40483E-005  2.05580E-010  3.56943E-009  2.11942E-001  3.77129E-009  2.83049E-004  6.64118E-020  2.95105E-011  1.00000E-040  2.86896E-039  2.31749E-025  1.53468E-015  2.76006E-007  2.04151E-022  2.26851E-031  1.00000E-040  1.00000E-040  1.00000E-040  1.77080E-019  2.80613E-019  1.05085E-015  6.27573E-013  9.82189E-038  1.00000E-040  1.23053E-013  5.51165E-034  4.36876E-011  9.34804E-019  7.87752E-001  5.90017E-022  1.00057E-023  1.29556E-022  1.00000E-040  5.01441E-039  1.42201E-026  7.20670E-022  1.42601E-008  2.60868E-016  8.69676E-011  2.75611E-016  4.36842E-008  8.96808E-011  8.26094E-006  4.25932E-009  6.74190E-013  2.00625E-015  2.39805E-010  1.15870E-009  2.48746E-011  1.67279E-032  2.83361E-034  1.00000E-040  8.18461E-030  5.79338E-038  5.68953E-023  9.92125E-018  1.97816E-013  5.36062E-021  1.65420E-020  8.83126E-040  6.23776E-040  1.00000E-040  1.00000E-040  5.01886E-027  5.75344E-037  8.31472E-034  1.99008E-022  7.36858E-018  2.92296E-027  5.44641E-031  1.24190E-025  1.39772E-016  4.99854E-016  3.07075E-014  2.83642E-025  1.80230E-018  1.00000E-040  7.12897E-015  9.40795E-036  2.24840E-022  3.00138E-030  1.42367E-022  9.40662E-025  1.62127E-013  1.42195E-022  9.45641E-016  2.19482E-039  1.68464E-014  1.00000E-040  1.00000E-040  7.59237E-021  1.00000E-040  2.00321E-025  2.97863E-012  1.23165E-036  1.00000E-003  1.00000E-005  1.00000E-005  1.00000E-005  1.00000E-005  1.00000E-005  1.00000E-005  1.00000E-005  1.00000E-005  1.00000E-005  1.00000E-005  1.00000E-005  1.00000E-005  1.00000E-005  1.00000E-005  1.00000E-005  
4.25000E+001  1.72607E-003  5.69809E+016  2.19405E+002  5.04170E+004  1.00000E-040  1.00000E-040  1.00000E-040  4.36816E-011  1.00000E-040  1.00000E-040  1.00000E-040  1.00000E-040  1.00000E-040  1.00000E-040  1.00000E-040  1.00000E-040  1.00000E-040  1.00000E-040  9.62542E-023  1.00000E-040  1.00009E-040  5.76142E-015  2.89498E-007  1.40766E-005  2.78216E-010  5.43687E-009  2.11934E-001  3.51994E-009  2.83020E-004  8.59211E-020  2.88222E-011  1.00000E-040  9.98758E-039  4.01051E-025  2.01939E-015  2.62496E-007  1.80461E-022  6.42368E-032  1.00000E-040  1.00000E-040  1.00000E-040  1.31848E-019  2.62010E-019  9.48523E-016  4.47357E-013  1.04103E-037  1.00000E-040  6.12788E-014  5.62066E-034  4.35959E-011  6.69633E-018  7.87760E-001  6.94648E-022  9.26950E-024  8.58440E-023  1.00000E-040  7.92284E-039  1.77750E-026  7.60494E-022  1.51520E-008  2.26716E-016  9.17934E-011  2.66611E-016  3.96188E-008  8.12171E-011  8.87384E-006  3.49408E-009  6.24212E-013  1.51213E-015  2.26540E-010  9.03005E-010  1.89017E-011  1.51792E-032  3.73251E-034  1.00000E-040  9.81089E-030  3.28840E-038  5.68822E-023  1.28632E-017  2.61415E-013  6.64897E-021  2.06179E-020  1.17564E-039  4.50779E-040  1.00000E-040  1.00000E-040  5.85972E-027  6.50485E-037  1.16200E-033  2.20807E-022  6.67091E-018  4.86995E-027  6.98793E-031  8.90469E-026  9.33105E-017  6.16801E-016  2.74781E-014  1.71737E-024  8.39662E-019  1.00000E-040  1.12412E-014  1.57924E-035  2.53967E-022  3.10384E-030  1.42336E-022  8.28754E-025  1.42146E-013  1.25150E-022  1.34986E-015  1.12467E-039  1.68380E-014  1.00000E-040  1.00000E-040  9.52343E-021  1.00000E-040  2.22085E-025  2.66749E-012  1.46972E-036  1.00000E-003  1.00000E-005  1.00000E-005  1.00000E-005  1.00000E-005  1.00000E-005  1.00000E-005  1.00000E-005  1.00000E-005  1.00000E-005  1.00000E-005  1.00000E-005  1.00000E-005  1.00000E-005  1.00000E-005  1.00000E-005  
4.35000E+001  1.47931E-003  4.92986E+016  2.17341E+002  5.66624E+004  1.00000E-040  1.00000E-040  1.00000E-040  3.62234E-011  1.00000E-040  1.00000E-040  1.00000E-040  1.00000E-040  1.00000E-040  1.00000E-040  1.00000E-040  1.00000E-040  1.00000E-040  1.00000E-040  9.54344E-023  1.00000E-040  1.00065E-040  1.32935E-014  2.82771E-007  1.41021E-005  3.83433E-010  8.43488E-009  2.11926E-001  3.28460E-009  2.82990E-004  1.13833E-019  2.82455E-011  1.00000E-040  3.87631E-038  7.17580E-025  2.69641E-015  2.49895E-007  1.58058E-022  1.78840E-032  1.00000E-040  1.00000E-040  1.00000E-040  8.92623E-020  2.25939E-019  8.30149E-016  3.16418E-013  1.10406E-037  1.00000E-040  2.97405E-014  5.86805E-034  4.35063E-011  3.82968E-017  7.87767E-001  7.78739E-022  8.44538E-024  6.46608E-023  1.00000E-040  1.22869E-038  2.19030E-026  7.92383E-022  1.59051E-008  1.93468E-016  9.64761E-011  2.44917E-016  3.60269E-008  7.27196E-011  9.52536E-006  2.74558E-009  5.68620E-013  1.15535E-015  2.10948E-010  6.85457E-010  1.37113E-011  1.43887E-032  5.06838E-034  1.00000E-040  1.20861E-029  1.76921E-038  5.68684E-023  1.65350E-017  3.49203E-013  8.17027E-021  2.54780E-020  1.57944E-039  3.23821E-040  1.00000E-040  1.00000E-040  6.93873E-027  7.39648E-037  1.63411E-033  2.43043E-022  5.83487E-018  8.39474E-027  8.71082E-031  6.34244E-026  5.65794E-017  7.69415E-016  2.45677E-014  8.29848E-024  3.82515E-019  1.00000E-040  1.66568E-014  2.64649E-035  2.84370E-022  3.15146E-030  1.42300E-022  7.17452E-025  1.21556E-013  1.10941E-022  1.95864E-015  5.45196E-040  1.68298E-014  1.00000E-040  1.00000E-040  1.23051E-020  1.00000E-040  2.53682E-025  2.39420E-012  1.72773E-036  1.00000E-003  1.00000E-005  1.00000E-005  1.00000E-005  1.00000E-005  1.00000E-005  1.00000E-005  1.00000E-005  1.00000E-005  1.00000E-005  1.00000E-005  1.00000E-005  1.00000E-005  1.00000E-005  1.00000E-005  1.00000E-005  
4.45000E+001  1.26604E-003  4.25870E+016  2.15321E+002  6.33601E+004  1.00000E-040  1.00000E-040  1.00000E-040  2.54861E-011  1.00000E-040  1.00000E-040  1.00000E-040  1.00000E-040  1.00000E-040  1.00000E-040  1.00000E-040  1.00000E-040  1.00000E-040  1.00000E-040  9.43669E-023  1.00000E-040  1.00123E-040  3.18151E-014  2.76773E-007  1.41248E-005  5.37240E-010  1.32924E-008  2.11917E-001  3.06915E-009  2.82957E-004  1.53942E-019  2.76858E-011  1.00000E-040  1.64068E-037  1.32061E-024  3.64233E-015  2.38217E-007  1.37740E-022  5.01736E-033  1.00000E-040  1.00000E-040  1.00000E-040  5.51548E-020  1.80853E-019  7.05827E-016  2.23067E-013  1.17515E-037  1.00000E-040  1.40751E-014  6.23474E-034  4.34181E-011  1.77426E-016  7.87775E-001  8.25697E-022  7.54626E-024  4.81903E-023  1.00000E-040  1.87049E-038  2.66072E-026  8.14410E-022  1.64861E-008  1.62388E-016  1.00821E-010  2.12037E-016  3.28599E-008  6.47105E-011  1.01450E-005  2.04676E-009  4.98592E-013  8.94497E-016  1.93606E-010  5.01548E-010  9.90531E-012  1.47330E-032  7.11952E-034  1.00000E-040  1.52402E-029  8.99195E-039  5.68539E-023  2.10267E-017  4.70078E-013  9.91638E-021  3.11109E-020  2.14621E-039  2.30863E-040  1.00000E-040  1.00000E-040  8.31563E-027  8.46469E-037  2.30560E-033  2.64921E-022  4.93933E-018  1.48857E-026  1.05357E-030  4.47240E-026  3.12410E-017  9.68433E-016  2.19723E-014  3.23693E-023  1.69849E-019  1.00000E-040  2.29815E-014  4.42499E-035  3.14934E-022  3.14650E-030  1.42255E-022  6.10674E-025  1.01142E-013  9.94186E-023  2.88269E-015  2.49567E-040  1.68219E-014  1.00000E-040  1.00000E-040  1.62866E-020  1.00000E-040  2.96950E-025  2.15560E-012  1.99731E-036  1.00000E-003  1.00000E-005  1.00000E-005  1.00000E-005  1.00000E-005  1.00000E-005  1.00000E-005  1.00000E-005  1.00000E-005  1.00000E-005  1.00000E-005  1.00000E-005  1.00000E-005  1.00000E-005  1.00000E-005  1.00000E-005  
4.55000E+001  1.08199E-003  3.67304E+016  2.13361E+002  6.89710E+004  1.00000E-040  1.00000E-040  1.00000E-040  1.71973E-011  1.00000E-040  1.00000E-040  1.00000E-040  1.00000E-040  1.00000E-040  1.00000E-040  1.00000E-040  1.00000E-040  1.00000E-040  1.00000E-040  9.26713E-023  1.00000E-040  1.00185E-040  7.81490E-014  2.71523E-007  1.41448E-005  7.60242E-010  2.11929E-008  2.11909E-001  2.87510E-009  2.82920E-004  2.10949E-019  2.70471E-011  1.00000E-040  7.33448E-037  2.46930E-024  4.94792E-015  2.27323E-007  1.19363E-022  1.38828E-033  1.00000E-040  1.00000E-040  1.00000E-040  3.11709E-020  1.34120E-019  5.80977E-016  1.56734E-013  1.24491E-037  1.00000E-040  6.42722E-015  6.71318E-034  4.33295E-011  6.79807E-016  7.87783E-001  8.40420E-022  6.64009E-024  3.49693E-023  1.00000E-040  2.80162E-038  3.19335E-026  8.20891E-022  1.68474E-008  1.33732E-016  1.04857E-010  1.75553E-016  3.00282E-008  5.79501E-011  1.06263E-005  1.43588E-009  4.10732E-013  6.98458E-016  1.74808E-010  3.48418E-010  7.18476E-012  1.70093E-032  1.03182E-033  1.00000E-040  1.94389E-029  4.37657E-039  5.68383E-023  2.64115E-017  6.34718E-013  1.18541E-020  3.74603E-020  2.97156E-039  1.63048E-040  1.00000E-040  1.00000E-040  1.00422E-026  9.69064E-037  3.22391E-033  2.84888E-022  4.05705E-018  2.68295E-026  1.24162E-030  3.05590E-026  1.56460E-017  1.22130E-015  1.96320E-014  1.03826E-022  7.25553E-020  1.00000E-040  2.97212E-014  7.34405E-035  3.43442E-022  3.08937E-030  1.42197E-022  5.06603E-025  8.17251E-014  8.94322E-023  4.28097E-015  1.09125E-040  1.68140E-014  1.00000E-040  1.00000E-040  2.18065E-020  1.00000E-040  3.54218E-025  1.94605E-012  2.27068E-036  1.00000E-003  1.00000E-005  1.00000E-005  1.00000E-005  1.00000E-005  1.00000E-005  1.00000E-005  1.00000E-005  1.00000E-005  1.00000E-005  1.00000E-005  1.00000E-005  1.00000E-005  1.00000E-005  1.00000E-005  1.00000E-005  
4.65000E+001  9.23415E-004  3.16329E+016  2.11434E+002  7.80352E+004  1.00000E-040  1.00000E-040  1.00000E-040  1.18031E-011  1.00000E-040  1.00000E-040  1.00000E-040  1.00000E-040  1.00000E-040  1.00000E-040  1.00000E-040  1.00000E-040  1.00000E-040  1.00000E-040  8.96992E-023  1.00000E-040  1.00249E-040  1.92339E-013  2.67195E-007  1.41617E-005  1.07084E-009  3.38291E-008  2.11900E-001  2.70929E-009  2.82880E-004  2.88645E-019  2.62390E-011  1.00000E-040  3.26361E-036  4.55871E-024  6.66754E-015  2.17359E-007  1.03785E-022  4.17515E-034  1.00000E-040  1.00000E-040  1.00000E-040  1.64719E-020  9.31906E-020  4.67665E-016  1.10819E-013  1.30173E-037  1.00000E-040  2.84012E-015  7.19405E-034  4.32406E-011  2.19782E-015  7.87792E-001  8.31880E-022  5.75992E-024  2.50621E-023  1.00000E-040  4.10001E-038  3.76167E-026  7.97517E-022  1.69501E-008  1.07998E-016  1.08671E-010  1.40751E-016  2.75185E-008  5.30946E-011  1.08297E-005  9.44801E-010  3.09898E-013  5.45858E-016  1.55134E-010  2.26914E-010  5.21426E-012  2.26216E-032  1.52181E-033  1.00000E-040  2.44640E-029  2.07456E-039  5.68217E-023  3.24534E-017  8.47486E-013  1.37877E-020  4.39721E-020  4.19658E-039  1.11814E-040  1.00000E-040  1.00000E-040  1.20988E-026  1.10404E-036  4.32634E-033  2.97982E-022  3.24893E-018  4.77429E-026  1.41845E-030  2.00543E-026  7.21961E-018  1.52314E-015  1.75019E-014  2.78424E-022  2.99740E-020  1.00000E-040  3.62267E-014  1.18572E-034  3.63364E-022  2.95483E-030  1.42119E-022  4.01161E-025  6.40886E-014  8.04165E-023  6.33340E-015  1.00000E-040  1.68064E-014  1.00000E-040  1.00000E-040  2.86814E-020  1.00000E-040  4.24958E-025  1.76590E-012  2.52512E-036  1.00000E-003  1.00000E-005  1.00000E-005  1.00000E-005  1.00000E-005  1.00000E-005  1.00000E-005  1.00000E-005  1.00000E-005  1.00000E-005  1.00000E-005  1.00000E-005  1.00000E-005  1.00000E-005  1.00000E-005  1.00000E-005  
4.75000E+001  7.86983E-004  2.72019E+016  2.09548E+002  8.59767E+004  1.00000E-040  1.00000E-040  1.00000E-040  8.09199E-012  1.00000E-040  1.00000E-040  1.00000E-040  1.00000E-040  1.00000E-040  1.00000E-040  1.00000E-040  1.00000E-040  1.00000E-040  1.00000E-040  8.46889E-023  1.00000E-040  1.00317E-040  4.58618E-013  2.63959E-007  1.41749E-005  1.47021E-009  5.32573E-008  2.11891E-001  2.57860E-009  2.82837E-004  3.86748E-019  2.52190E-011  1.00000E-040  1.33614E-035  7.97113E-024  8.72956E-015  2.08461E-007  9.17297E-023  1.38132E-034  6.54857E-038  7.03127E-037  1.00000E-040  8.48775E-021  6.21191E-020  3.75154E-016  7.99040E-014  1.32576E-037  1.00000E-040  1.22494E-015  7.52330E-034  4.31516E-011  6.10802E-015  7.87800E-001  8.15440E-022  4.94751E-024  1.81901E-023  1.00000E-040  5.78112E-038  4.28950E-026  7.29490E-022  1.67783E-008  8.52967E-017  1.12573E-010  1.11368E-016  2.53165E-008  5.02327E-011  1.06471E-005  5.87633E-010  2.11180E-013  4.24224E-016  1.35225E-010  1.37617E-010  3.79492E-012  3.33689E-032  2.22253E-033  1.00000E-040  2.93040E-029  9.86047E-040  5.68042E-023  3.85206E-017  1.09699E-012  1.53667E-020  4.96332E-020  6.05044E-039  1.00000E-040  1.00000E-040  1.00000E-040  1.43233E-026  1.24203E-036  5.33025E-033  2.97642E-022  2.54790E-018  8.04772E-026  1.55417E-030  1.25637E-026  3.18465E-018  1.83794E-015  1.55231E-014  6.32318E-022  1.21827E-020  1.00000E-040  4.19646E-014  1.79805E-034  3.66045E-022  2.70409E-030  1.42012E-022  2.94404E-025  4.86674E-014  7.17138E-023  9.16165E-015  1.00000E-040  1.67990E-014  1.00000E-040  1.00000E-040  3.55579E-020  1.00000E-040  5.05052E-025  1.61516E-012  2.72723E-036  1.00000E-003  1.00000E-005  1.00000E-005  1.00000E-005  1.00000E-005  1.00000E-005  1.00000E-005  1.00000E-005  1.00000E-005  1.00000E-005  1.00000E-005  1.00000E-005  1.00000E-005  1.00000E-005  1.00000E-005  1.00000E-005  
4.85000E+001  6.69776E-004  2.33585E+016  2.07683E+002  9.43451E+004  1.00000E-040  1.00000E-040  1.00000E-040  5.54449E-012  1.00000E-040  1.00000E-040  1.00000E-040  1.00000E-040  1.00000E-040  1.00000E-040  1.00000E-040  1.00000E-040  1.00000E-040  1.00000E-040  7.70856E-023  1.00000E-040  1.00388E-040  1.02141E-012  2.61902E-007  1.41845E-005  1.92826E-009  8.12448E-008  2.11883E-001  2.48525E-009  2.82789E-004  4.97167E-019  2.39647E-011  1.00000E-040  4.62810E-035  1.26131E-023  1.08293E-014  2.00565E-007  8.30536E-023  4.33400E-035  1.00000E-040  1.00000E-040  1.00000E-040  4.48196E-021  4.10147E-020  3.05919E-016  5.92010E-014  1.29020E-037  1.00000E-040  5.14377E-016  7.50339E-034  4.30604E-011  1.48699E-014  7.87810E-001  7.99828E-022  4.21469E-024  1.36452E-023  1.00000E-040  7.75579E-038  4.67615E-026  6.17623E-022  1.63381E-008  6.57997E-017  1.16835E-010  8.80153E-017  2.33647E-008  4.86913E-011  1.00664E-005  3.51656E-010  1.30625E-013  3.23210E-016  1.15780E-010  7.76579E-011  2.75581E-012  5.04716E-032  3.11246E-033  1.00000E-040  3.22665E-029  4.81005E-040  5.67860E-023  4.36624E-017  1.34908E-012  1.61914E-020  5.31991E-020  8.96083E-039  1.00000E-040  1.00000E-040  1.00000E-040  1.63790E-026  1.35590E-036  5.80787E-033  2.79864E-022  1.96459E-018  1.22732E-025  1.61656E-030  7.44044E-027  1.41859E-018  2.09288E-015  1.36563E-014  1.22989E-021  4.92558E-021  1.00000E-040  4.67307E-014  2.48064E-034  3.46100E-022  2.33952E-030  1.41864E-022  1.96444E-025  3.56840E-014  6.26703E-023  1.27015E-014  1.00000E-040  1.67918E-014  1.00000E-040  1.00000E-040  3.97849E-020  1.00000E-040  5.83024E-025  1.49014E-012  2.84487E-036  1.00000E-003  1.00000E-005  1.00000E-005  1.00000E-005  1.00000E-005  1.00000E-005  1.00000E-005  1.00000E-005  1.00000E-005  1.00000E-005  1.00000E-005  1.00000E-005  1.00000E-005  1.00000E-005  1.00000E-005  1.00000E-005  
4.95000E+001  5.69227E-004  2.00294E+016  2.05842E+002  1.04470E+005  1.00000E-040  1.00000E-040  1.00000E-040  3.78944E-012  1.00000E-040  1.00000E-040  1.00000E-040  1.00000E-040  1.00000E-040  1.00000E-040  1.00000E-040  1.00000E-040  1.00000E-040  1.00000E-040  6.69677E-023  1.00000E-040  1.00465E-040  2.07947E-012  2.61125E-007  1.41902E-005  2.39268E-009  1.18702E-007  2.11874E-001  2.43091E-009  2.82737E-004  6.07085E-019  2.25431E-011  1.00000E-040  1.29316E-034  1.76071E-023  1.25285E-014  1.93724E-007  7.79492E-023  1.92275E-035  2.21732E-038  2.31018E-037  1.00000E-040  2.54683E-021  2.79126E-020  2.59660E-016  4.55691E-014  1.19782E-037  1.00000E-040  2.12643E-016  7.07184E-034  4.29668E-011  3.23143E-014  7.87819E-001  7.87456E-022  3.57132E-024  1.07300E-023  1.00000E-040  9.79633E-038  4.82026E-026  4.80402E-022  1.56762E-008  4.97710E-017  1.21483E-010  6.98825E-017  2.16475E-008  4.74593E-011  9.19340E-006  2.07243E-010  7.52435E-014  2.41825E-016  9.75344E-011  4.13674E-011  1.99786E-012  7.26431E-032  4.07735E-033  1.00000E-040  3.20387E-029  2.44610E-040  5.67673E-023  4.67448E-017  1.55275E-012  1.59531E-020  5.35703E-020  1.35821E-038  1.02306E-037  1.00000E-040  1.00000E-040  1.78834E-026  1.43043E-036  5.50175E-033  2.45520E-022  1.50178E-018  1.65093E-025  1.58279E-030  4.22674E-027  6.79839E-019  2.21193E-015  1.19067E-014  2.07908E-021  2.03356E-021  1.00000E-040  5.04329E-014  3.04989E-034  3.04546E-022  1.90585E-030  1.41667E-022  1.18530E-025  2.52522E-014  5.37366E-023  1.66714E-014  1.00000E-040  1.67847E-014  1.00000E-040  1.00000E-040  3.92207E-020  1.00000E-040  6.48577E-025  1.38912E-012  2.85132E-036  1.00000E-003  1.00000E-005  1.00000E-005  1.00000E-005  1.00000E-005  1.00000E-005  1.00000E-005  1.00000E-005  1.00000E-005  1.00000E-005  1.00000E-005  1.00000E-005  1.00000E-005  1.00000E-005  1.00000E-005  1.00000E-005  
5.05000E+001  4.83091E-004  1.71505E+016  2.04018E+002  1.14473E+005  1.00000E-040  1.00000E-040  1.00000E-040  2.58636E-012  1.00000E-040  1.00000E-040  1.00000E-040  1.00000E-040  1.00000E-040  1.00000E-040  1.00000E-040  1.00000E-040  1.00000E-040  1.00000E-040  5.51553E-023  1.00000E-040  1.00546E-040  3.87270E-012  2.61654E-007  1.41921E-005  2.82006E-009  1.65936E-007  2.11865E-001  2.41514E-009  2.82680E-004  7.05924E-019  2.10602E-011  1.00000E-040  2.92103E-034  2.17205E-023  1.34887E-014  1.87898E-007  7.63154E-023  6.22568E-036  1.00000E-040  1.00000E-040  1.00000E-040  1.58860E-021  2.00471E-020  2.32157E-016  3.66407E-014  1.07102E-037  1.00000E-040  8.75497E-017  6.31701E-034  4.28697E-011  6.37838E-014  7.87829E-001  7.77215E-022  3.01367E-024  8.86618E-024  1.00000E-040  1.16188E-037  4.68224E-026  3.45817E-022  1.48526E-008  3.72605E-017  1.26269E-010  5.58111E-017  2.01416E-008  4.58400E-011  8.19827E-006  1.22571E-010  4.16622E-014  1.79200E-016  8.10265E-011  2.12097E-011  1.44466E-012  9.61800E-032  4.95949E-033  1.00000E-040  2.88238E-029  1.29527E-040  5.67482E-023  4.71791E-017  1.66909E-012  1.46896E-020  5.06193E-020  2.09407E-038  8.87737E-034  1.00000E-040  1.00000E-040  1.86307E-026  1.46406E-036  4.58223E-033  2.01542E-022  1.14724E-018  1.96194E-025  1.45600E-030  2.36275E-027  3.64545E-019  2.16482E-015  1.02998E-014  3.10438E-021  8.76633E-022  1.00000E-040  5.31666E-014  3.34465E-034  2.50264E-022  1.47606E-030  1.41422E-022  6.54834E-026  1.72788E-014  4.56468E-023  2.07268E-014  1.00000E-040  1.67778E-014  1.00000E-040  1.00000E-040  3.41382E-020  1.00000E-040  6.96321E-025  1.30893E-012  2.74206E-036  1.00000E-003  1.00000E-005  1.00000E-005  1.00000E-005  1.00000E-005  1.00000E-005  1.00000E-005  1.00000E-005  1.00000E-005  1.00000E-005  1.00000E-005  1.00000E-005  1.00000E-005  1.00000E-005  1.00000E-005  1.00000E-005  
5.15000E+001  4.09410E-004  1.46637E+016  2.02223E+002  1.24475E+005  1.00000E-040  1.00000E-040  1.00000E-040  1.73267E-012  1.00000E-040  1.00000E-040  1.00000E-040  1.00000E-040  1.00000E-040  1.00000E-040  1.00000E-040  1.00000E-040  1.00000E-040  1.00000E-040  4.29432E-023  1.00000E-040  1.00633E-040  6.71027E-012  2.63474E-007  1.41903E-005  3.19431E-009  2.23660E-007  2.11855E-001  2.43952E-009  2.82617E-004  7.89940E-019  1.96216E-011  1.00000E-040  5.53918E-034  2.41769E-023  1.36353E-014  1.82954E-007  7.79012E-023  4.73109E-036  1.65211E-039  1.65905E-038  1.00000E-040  1.07881E-021  1.52374E-020  2.18382E-016  3.07371E-014  9.34022E-038  1.00000E-040  3.61116E-017  5.42095E-034  4.27676E-011  1.16024E-013  7.87840E-001  7.69079E-022  2.53841E-024  7.66417E-024  1.00000E-040  1.29674E-037  4.29059E-026  2.33813E-022  1.39201E-008  2.79448E-017  1.30924E-010  4.49224E-017  1.88121E-008  4.36602E-011  7.22372E-006  7.34989E-011  2.27172E-014  1.33061E-016  6.64820E-011  1.06343E-011  1.04436E-012  1.17360E-031  5.63626E-033  1.00000E-040  2.39511E-029  1.00000E-040  5.67286E-023  4.51901E-017  1.68917E-012  1.27456E-020  4.52319E-020  3.26577E-038  8.20449E-038  1.00000E-040  1.00000E-040  1.86589E-026  1.46609E-036  3.44595E-033  1.56502E-022  8.80189E-019  2.10360E-025  1.26161E-030  1.32654E-027  2.20119E-019  1.97726E-015  8.85395E-015  4.15938E-021  3.98715E-022  1.00000E-040  5.51267E-014  3.31228E-034  1.94268E-022  1.10712E-030  1.41131E-022  3.37456E-026  1.14632E-014  3.88045E-023  2.46438E-014  1.00000E-040  1.67708E-014  1.00000E-040  1.00000E-040  2.67662E-020  1.00000E-040  7.28222E-025  1.24541E-012  2.53400E-036  1.00000E-003  1.00000E-005  1.00000E-005  1.00000E-005  1.00000E-005  1.00000E-005  1.00000E-005  1.00000E-005  1.00000E-005  1.00000E-005  1.00000E-005  1.00000E-005  1.00000E-005  1.00000E-005  1.00000E-005  1.00000E-005  
5.25000E+001  3.46476E-004  1.25185E+016  2.00464E+002  1.34477E+005  1.00000E-040  1.00000E-040  1.00000E-040  1.14462E-012  1.00000E-040  1.00000E-040  1.00000E-040  1.00000E-040  1.00000E-040  1.00000E-040  1.00000E-040  1.00000E-040  1.00000E-040  1.00000E-040  3.16134E-023  1.00000E-040  1.00728E-040  1.10537E-011  2.66567E-007  1.41851E-005  3.52198E-009  2.93858E-007  2.11844E-001  2.51146E-009  2.82548E-004  8.61381E-019  1.83037E-011  1.00000E-040  9.24641E-034  2.49156E-023  1.31094E-014  1.78755E-007  8.26150E-023  4.09964E-036  2.88014E-038  2.93503E-037  1.00000E-040  7.82183E-022  1.21554E-020  2.14590E-016  2.67916E-014  8.03486E-038  1.00000E-040  1.50023E-017  4.53189E-034  4.26586E-011  1.96789E-013  7.87852E-001  7.63543E-022  2.13712E-024  6.89190E-024  1.00000E-040  1.36799E-037  3.72221E-026  1.50783E-022  1.29267E-008  2.12860E-017  1.35322E-010  3.65076E-017  1.76307E-008  4.10756E-011  6.35008E-006  4.48285E-011  1.23684E-014  9.99530E-017  5.39607E-011  5.27824E-012  7.56371E-013  1.34260E-031  6.06138E-033  1.00000E-040  1.88094E-029  1.00000E-040  5.67078E-023  4.15378E-017  1.62853E-012  1.05471E-020  3.86751E-020  5.11580E-038  1.00000E-040  1.00000E-040  1.00000E-040  1.81582E-026  1.44963E-036  2.40690E-033  1.16482E-022  6.79338E-019  2.08847E-025  1.03430E-030  7.60118E-028  1.47662E-019  1.70502E-015  7.57706E-015  5.07022E-021  1.92253E-022  1.00000E-040  5.65032E-014  3.01015E-034  1.44398E-022  8.26379E-031  1.40799E-022  1.65023E-026  7.39481E-015  3.32949E-023  2.83802E-014  1.00000E-040  1.67638E-014  1.00000E-040  1.00000E-040  1.93774E-020  1.00000E-040  7.49374E-025  1.19500E-012  2.26009E-036  1.00000E-003  1.00000E-005  1.00000E-005  1.00000E-005  1.00000E-005  1.00000E-005  1.00000E-005  1.00000E-005  1.00000E-005  1.00000E-005  1.00000E-005  1.00000E-005  1.00000E-005  1.00000E-005  1.00000E-005  1.00000E-005  
5.35000E+001  2.92802E-004  1.06714E+016  1.98733E+002  1.44478E+005  1.00000E-040  1.00000E-040  1.00000E-040  7.50686E-013  1.00000E-040  1.00000E-040  1.00000E-040  1.00000E-040  1.00000E-040  1.00000E-040  1.00000E-040  1.00000E-040  1.00000E-040  1.00000E-040  2.20608E-023  1.00000E-040  1.00831E-040  1.76237E-011  2.70934E-007  1.41764E-005  3.81806E-009  3.79867E-007  2.11832E-001  2.64706E-009  2.82472E-004  9.24543E-019  1.71389E-011  1.00000E-040  1.41390E-033  2.43018E-023  1.21332E-014  1.75173E-007  9.05513E-023  1.66216E-036  1.00000E-040  1.00000E-040  1.00000E-040  5.93863E-022  1.00657E-020  2.18387E-016  2.41316E-014  6.87112E-038  1.00000E-040  6.30363E-018  3.72370E-034  4.25409E-011  3.14250E-013  7.87865E-001  7.60672E-022  1.79780E-024  6.41706E-024  1.00000E-040  1.37299E-037  3.07485E-026  9.40678E-023  1.19142E-008  1.66730E-017  1.39445E-010  2.99779E-017  1.65744E-008  3.83061E-011  5.60088E-006  2.77937E-011  6.76491E-015  7.63008E-017  4.34011E-011  2.61357E-012  5.49176E-013  1.46736E-031  6.25064E-033  1.00000E-040  1.42284E-029  1.00000E-040  5.66854E-023  3.70928E-017  1.51288E-012  8.42957E-021  3.20374E-020  8.00287E-038  1.00000E-040  1.00000E-040  1.00000E-040  1.73329E-026  1.42452E-036  1.59950E-033  8.41731E-023  5.27253E-019  1.96234E-025  8.07009E-031  4.48755E-028  1.07864E-019  1.40355E-015  6.46567E-015  5.69308E-021  9.83304E-023  1.00000E-040  5.74558E-014  2.55154E-034  1.04137E-022  6.35554E-031  1.40431E-022  7.77466E-027  4.65486E-015  2.89712E-023  3.20016E-014  1.00000E-040  1.67566E-014  1.00000E-040  1.00000E-040  1.32331E-020  1.00000E-040  7.63793E-025  1.15472E-012  1.96323E-036  1.00000E-003  1.00000E-005  1.00000E-005  1.00000E-005  1.00000E-005  1.00000E-005  1.00000E-005  1.00000E-005  1.00000E-005  1.00000E-005  1.00000E-005  1.00000E-005  1.00000E-005  1.00000E-005  1.00000E-005  1.00000E-005  
5.45000E+001  2.47107E-004  9.07735E+015  1.97171E+002  1.54480E+005  1.00000E-040  1.00000E-040  1.00000E-040  4.48866E-013  1.00000E-040  1.00000E-040  1.00000E-040  1.00000E-040  1.00000E-040  1.00000E-040  1.00000E-040  1.00000E-040  1.00000E-040  1.00000E-040  1.46660E-023  1.00000E-040  1.00945E-040  2.76516E-011  2.76603E-007  1.41643E-005  4.09474E-009  4.87125E-007  2.11818E-001  2.87542E-009  2.82387E-004  9.84444E-019  1.61272E-011  1.00000E-040  2.05458E-033  2.28570E-023  1.09207E-014  1.72092E-007  1.02105E-022  1.76833E-036  7.34382E-039  7.36139E-038  1.00000E-040  4.65964E-022  8.57969E-021  2.28787E-016  2.23314E-014  5.85881E-038  1.00000E-040  2.68629E-018  3.09609E-034  4.24126E-011  4.76112E-013  7.87880E-001  7.61920E-022  1.53361E-024  6.19724E-024  1.00000E-040  1.31720E-037  2.42732E-026  5.73145E-023  1.09173E-008  1.35093E-017  1.43503E-010  2.49527E-017  1.56236E-008  3.54768E-011  4.96163E-006  1.75200E-011  3.72542E-015  6.01973E-017  3.45779E-011  1.29552E-012  4.12497E-013  1.55566E-031  6.23215E-033  1.00000E-040  1.04642E-029  1.00000E-040  5.66608E-023  3.25442E-017  1.36728E-012  6.58441E-021  2.60637E-020  1.24535E-037  1.00000E-040  1.00000E-040  1.00000E-040  1.63156E-026  1.40123E-036  1.02879E-033  5.97857E-023  4.11818E-019  1.78354E-025  6.04467E-031  2.72347E-028  8.40495E-020  1.10498E-015  5.49618E-015  5.95437E-021  5.32498E-023  1.00000E-040  5.81076E-014  2.02275E-034  7.37746E-023  5.22494E-031  1.40027E-022  3.54322E-027  2.85703E-015  2.54685E-023  3.55904E-014  1.00000E-040  1.67490E-014  1.00000E-040  1.00000E-040  8.69522E-021  1.00000E-040  7.86795E-025  1.12221E-012  1.69183E-036  1.00000E-003  1.00000E-005  1.00000E-005  1.00000E-005  1.00000E-005  1.00000E-005  1.00000E-005  1.00000E-005  1.00000E-005  1.00000E-005  1.00000E-005  1.00000E-005  1.00000E-005  1.00000E-005  1.00000E-005  1.00000E-005  
5.55000E+001  2.08271E-004  7.71249E+015  1.95592E+002  1.64481E+005  1.00000E-040  1.00000E-040  1.00000E-040  3.03571E-013  1.00000E-040  1.00000E-040  1.00000E-040  1.00000E-040  1.00000E-040  1.00000E-040  1.00000E-040  1.00000E-040  1.00000E-040  1.00000E-040  9.32480E-024  1.00000E-040  1.01071E-040  4.28048E-011  2.83633E-007  1.41489E-005  4.36456E-009  6.20687E-007  2.11802E-001  3.24230E-009  2.82292E-004  1.04231E-018  1.52401E-011  1.00000E-040  2.86330E-033  2.09057E-023  9.62433E-015  1.69416E-007  1.17683E-022  1.24392E-036  1.49899E-039  1.49388E-038  1.00000E-040  3.73185E-022  7.46286E-021  2.44690E-016  2.11163E-014  5.00195E-038  1.00000E-040  1.16322E-018  2.54081E-034  4.22717E-011  6.89468E-013  7.87896E-001  7.62865E-022  1.30223E-024  6.15738E-024  1.00000E-040  1.22207E-037  1.85381E-026  3.45708E-023  9.96341E-009  1.13612E-017  1.47324E-010  2.09214E-017  1.47627E-008  3.27375E-011  4.42246E-006  1.11894E-011  2.06755E-015  4.81399E-017  2.74083E-011  6.44947E-013  3.09745E-013  1.61508E-031  6.07392E-033  1.00000E-040  7.57418E-030  1.00000E-040  5.66337E-023  2.83246E-017  1.21060E-012  5.07186E-021  2.09576E-020  1.92465E-037  1.00000E-040  1.00000E-040  1.00000E-040  1.52280E-026  1.37573E-036  6.50966E-034  4.21008E-023  3.22756E-019  1.57492E-025  4.37324E-031  1.71374E-028  6.88682E-020  8.43455E-016  4.66907E-015  5.86290E-021  3.04273E-023  1.00000E-040  5.85488E-014  1.53967E-034  5.18032E-023  4.67913E-031  1.39586E-022  1.59557E-027  1.72602E-015  2.27269E-023  3.92315E-014  1.00000E-040  1.67410E-014  1.00000E-040  1.00000E-040  5.53815E-021  1.00000E-040  8.05347E-025  1.09563E-012  1.50561E-036  1.00000E-003  1.00000E-005  1.00000E-005  1.00000E-005  1.00000E-005  1.00000E-005  1.00000E-005  1.00000E-005  1.00000E-005  1.00000E-005  1.00000E-005  1.00000E-005  1.00000E-005  1.00000E-005  1.00000E-005  1.00000E-005  
5.65000E+001  1.75327E-004  6.53469E+015  1.94330E+002  1.74482E+005  1.00000E-040  1.00000E-040  1.00000E-040  1.57268E-013  1.00000E-040  1.00000E-040  1.00000E-040  1.00000E-040  1.00000E-040  1.00000E-040  1.00000E-040  1.00000E-040  1.00000E-040  1.00000E-040  5.71342E-024  1.00000E-040  1.01212E-040  6.62923E-011  2.92121E-007  1.41298E-005  4.62896E-009  7.90601E-007  2.11785E-001  3.82182E-009  2.82186E-004  1.10197E-018  1.44435E-011  1.00000E-040  3.94230E-033  1.88252E-023  8.35074E-015  1.67059E-007  1.38347E-022  1.31177E-036  1.15735E-038  1.15515E-037  1.00000E-040  3.04210E-022  6.61129E-021  2.66981E-016  2.03076E-014  4.26340E-038  1.00000E-040  5.12352E-019  2.17806E-034  4.21158E-011  9.59665E-013  7.87914E-001  7.65705E-022  1.14028E-024  6.37247E-024  1.00000E-040  1.09733E-037  1.36834E-026  2.06880E-023  9.07259E-009  9.86828E-018  1.51363E-010  1.77477E-017  1.39784E-008  3.00561E-011  3.94922E-006  7.26142E-012  1.15655E-015  4.03450E-017  2.15508E-011  3.22235E-013  2.50357E-013  1.65432E-031  5.78660E-033  1.00000E-040  5.37376E-030  1.00000E-040  5.66034E-023  2.46319E-017  1.05587E-012  3.88313E-021  1.68583E-020  2.95118E-037  1.00000E-040  1.00000E-040  1.00000E-040  1.40826E-026  1.35797E-036  4.07930E-034  2.96803E-023  2.54721E-019  1.37839E-025  3.08944E-031  1.11270E-028  5.84853E-020  6.16829E-016  3.94650E-015  5.48242E-021  1.82789E-023  1.00000E-040  5.88434E-014  1.10610E-034  3.63996E-023  4.60558E-031  1.39104E-022  7.02067E-028  1.01849E-015  2.03068E-023  4.29407E-014  1.00000E-040  1.67323E-014  1.00000E-040  1.00000E-040  3.47302E-021  1.00000E-040  8.51374E-025  1.07356E-012  1.48699E-036  1.00000E-003  1.00000E-005  1.00000E-005  1.00000E-005  1.00000E-005  1.00000E-005  1.00000E-005  1.00000E-005  1.00000E-005  1.00000E-005  1.00000E-005  1.00000E-005  1.00000E-005  1.00000E-005  1.00000E-005  1.00000E-005  
5.75000E+001  1.47438E-004  5.52976E+015  1.93117E+002  1.84483E+005  1.00000E-040  1.00000E-040  1.00000E-040  1.04184E-013  1.00000E-040  1.00000E-040  1.00000E-040  1.00000E-040  1.00000E-040  1.00000E-040  1.00000E-040  1.00000E-040  1.00000E-040  1.00000E-040  3.38359E-024  1.00000E-040  1.01369E-040  1.02288E-010  3.02201E-007  1.41070E-005  4.89813E-009  1.00513E-006  2.11765E-001  4.72236E-009  2.82066E-004  1.16289E-018  1.37075E-011  1.00000E-040  5.33822E-033  1.67276E-023  7.16248E-015  1.64951E-007  1.64940E-022  4.26999E-037  1.00000E-040  1.00000E-040  1.00000E-040  2.50215E-022  5.92383E-021  2.94917E-016  1.97845E-014  3.64116E-038  1.00000E-040  2.29598E-019  1.87261E-034  4.19422E-011  1.29111E-012  7.87934E-001  7.65641E-022  1.00182E-024  6.77312E-024  1.00000E-040  9.64809E-038  9.88983E-027  1.24168E-023  8.25741E-009  8.80060E-018  1.55370E-010  1.51298E-017  1.32598E-008  2.75404E-011  3.54027E-006  4.77368E-012  6.52908E-016  3.44044E-017  1.69036E-011  1.61970E-013  2.06111E-013  1.67836E-031  5.43617E-033  1.00000E-040  3.77535E-030  1.00000E-040  5.65695E-023  2.15201E-017  9.10824E-013  2.96963E-021  1.35785E-020  4.49431E-037  1.00000E-040  1.00000E-040  1.00000E-040  1.29587E-026  1.33828E-036  2.55930E-034  2.10303E-023  2.01678E-019  1.19138E-025  2.13945E-031  7.51819E-029  5.10464E-020  4.38667E-016  3.33215E-015  4.90936E-021  1.14876E-023  1.00000E-040  5.90363E-014  7.72510E-035  2.57033E-023  4.83351E-031  1.38579E-022  3.08587E-028  5.93889E-016  1.82952E-023  4.67929E-014  1.00000E-040  1.67228E-014  1.00000E-040  1.00000E-040  2.14597E-021  1.00000E-040  9.03796E-025  1.05490E-012  1.78028E-036  1.00000E-003  1.00000E-005  1.00000E-005  1.00000E-005  1.00000E-005  1.00000E-005  1.00000E-005  1.00000E-005  1.00000E-005  1.00000E-005  1.00000E-005  1.00000E-005  1.00000E-005  1.00000E-005  1.00000E-005  1.00000E-005  
5.85000E+001  1.23859E-004  4.67364E+015  1.91951E+002  1.94484E+005  1.00000E-040  1.00000E-040  1.00000E-040  7.10095E-014  1.00000E-040  1.00000E-040  1.00000E-040  1.00000E-040  1.00000E-040  1.00000E-040  1.00000E-040  1.00000E-040  1.00000E-040  1.00000E-040  1.94681E-024  1.00000E-040  1.01545E-040  1.57708E-010  3.14038E-007  1.40800E-005  5.17851E-009  1.27739E-006  2.11742E-001  6.10350E-009  2.81931E-004  1.22651E-018  1.30100E-011  1.00000E-040  7.16252E-033  1.47343E-023  6.09203E-015  1.63031E-007  1.98840E-022  6.71503E-037  1.00000E-040  1.00000E-040  1.00000E-040  2.06743E-022  5.34798E-021  3.28649E-016  1.94665E-014  3.11623E-038  1.00000E-040  1.04701E-019  1.61680E-034  4.17480E-011  1.68699E-012  7.87957E-001  7.61478E-022  8.83110E-025  7.36109E-024  1.00000E-040  8.36291E-038  7.04663E-027  7.50361E-024  7.52526E-009  8.00185E-018  1.59435E-010  1.29486E-017  1.25983E-008  2.52133E-011  3.18443E-006  3.17964E-012  3.72304E-016  2.97507E-017  1.32532E-011  8.20515E-014  1.72016E-013  1.69235E-031  5.05610E-033  1.00000E-040  2.63493E-030  1.00000E-040  5.65312E-023  1.89565E-017  7.79508E-013  2.27690E-021  1.09866E-020  6.80078E-037  1.00000E-040  1.00000E-040  1.00000E-040  1.18838E-026  1.31425E-036  1.61612E-034  1.50294E-023  1.60087E-019  1.02161E-025  1.46220E-031  5.27384E-029  4.54118E-020  3.03792E-016  2.81035E-015  4.23701E-021  7.51579E-024  1.00000E-040  5.91579E-014  5.28947E-035  1.83056E-023  5.27532E-031  1.38004E-022  1.36036E-028  3.42815E-016  1.65943E-023  5.08541E-014  1.00000E-040  1.67124E-014  1.00000E-040  1.00000E-040  1.31197E-021  1.00000E-040  9.64135E-025  1.03880E-012  2.65696E-036  1.00000E-003  1.00000E-005  1.00000E-005  1.00000E-005  1.00000E-005  1.00000E-005  1.00000E-005  1.00000E-005  1.00000E-005  1.00000E-005  1.00000E-005  1.00000E-005  1.00000E-005  1.00000E-005  1.00000E-005  1.00000E-005  
5.95000E+001  1.03953E-004  3.94298E+015  1.90955E+002  2.04485E+005  1.00000E-040  1.00000E-040  1.00000E-040  4.07578E-014  1.00000E-040  1.00000E-040  1.00000E-040  1.00000E-040  1.00000E-040  1.00000E-040  1.00000E-040  1.00000E-040  1.00000E-040  1.00000E-040  1.09505E-024  1.00000E-040  1.01744E-040  2.44094E-010  3.27842E-007  1.40485E-005  5.47169E-009  1.62567E-006  2.11717E-001  8.19375E-009  2.81778E-004  1.29412E-018  1.23241E-011  1.00000E-040  9.61972E-033  1.29196E-023  5.14715E-015  1.61249E-007  2.42089E-022  5.19098E-037  1.00000E-040  1.00000E-040  1.00000E-040  1.71460E-022  4.86172E-021  3.69224E-016  1.92987E-014  2.66828E-038  1.00000E-040  4.85757E-020  1.43252E-034  4.15298E-011  2.15002E-012  7.87982E-001  7.53895E-022  7.91817E-025  8.20104E-024  1.00000E-040  7.16562E-038  4.95979E-027  4.56955E-024  6.87868E-009  7.39020E-018  1.63789E-010  1.11336E-017  1.19866E-008  2.30570E-011  2.86703E-006  2.14924E-012  2.14543E-016  2.63226E-017  1.03891E-011  4.19110E-014  1.49742E-013  1.70012E-031  4.65841E-033  1.00000E-040  1.82340E-030  1.00000E-040  5.64879E-023  1.68682E-017  6.63324E-013  1.75420E-021  8.95725E-021  1.02314E-036  1.00000E-040  1.00000E-040  1.00000E-040  1.08535E-026  1.28526E-036  1.02959E-034  1.08687E-023  1.27600E-019  8.75330E-026  9.92805E-032  3.86302E-029  4.09436E-020  2.03864E-016  2.36323E-015  3.54442E-021  5.09275E-024  1.00000E-040  5.92293E-014  3.53541E-035  1.31918E-023  5.93579E-031  1.37375E-022  5.99155E-029  1.95364E-016  1.50641E-023  5.51293E-014  1.00000E-040  1.67009E-014  1.00000E-040  1.00000E-040  7.98181E-022  1.00000E-040  1.04872E-024  1.02458E-012  4.64616E-036  1.00000E-003  1.00000E-005  1.00000E-005  1.00000E-005  1.00000E-005  1.00000E-005  1.00000E-005  1.00000E-005  1.00000E-005  1.00000E-005  1.00000E-005  1.00000E-005  1.00000E-005  1.00000E-005  1.00000E-005  1.00000E-005  
6.05000E+001  8.71710E-005  3.32395E+015  1.89948E+002  2.14485E+005  1.00000E-040  1.00000E-040  1.00000E-040  3.12884E-014  1.00000E-040  1.00000E-040  1.00000E-040  1.00000E-040  1.00000E-040  1.00000E-040  1.00000E-040  1.00000E-040  1.00000E-040  1.00000E-040  6.04846E-025  1.00000E-040  1.01970E-040  3.78130E-010  3.43865E-007  1.40118E-005  5.78827E-009  2.06979E-006  2.11688E-001  1.13076E-008  2.81604E-004  1.36596E-018  1.16475E-011  1.00000E-040  1.29107E-032  1.12863E-023  4.32971E-015  1.59558E-007  2.96748E-022  6.90183E-037  6.84222E-039  6.61379E-038  1.00000E-040  1.42080E-022  4.43046E-021  4.16155E-016  1.92449E-014  2.29190E-038  1.00000E-040  2.29167E-020  1.26743E-034  4.12836E-011  2.68282E-012  7.88011E-001  7.41032E-022  7.08211E-025  9.23984E-024  1.00000E-040  6.12548E-038  3.48375E-027  2.81634E-024  6.31696E-009  6.90512E-018  1.68308E-010  9.59534E-018  1.14184E-008  2.11093E-011  2.58863E-006  1.47318E-012  1.25185E-016  2.33916E-017  8.17554E-012  2.16458E-014  1.30213E-013  1.70402E-031  4.27397E-033  1.00000E-040  1.25949E-030  1.00000E-040  5.64388E-023  1.51740E-017  5.62243E-013  1.35987E-021  7.34708E-021  1.53198E-036  1.00000E-040  1.00000E-040  1.00000E-040  9.90053E-027  1.24291E-036  6.64562E-035  7.94871E-024  1.01836E-019  7.46912E-026  6.72170E-032  2.91588E-029  3.72508E-020  1.33807E-016  1.98619E-015  2.88826E-021  3.55390E-024  1.00000E-040  5.92644E-014  2.35786E-035  9.61637E-024  6.73876E-031  1.36683E-022  2.66854E-029  1.10728E-016  1.37661E-023  5.97179E-014  1.00000E-040  1.66881E-014  1.00000E-040  1.00000E-040  4.82839E-022  1.00000E-040  1.14011E-024  1.01168E-012  8.77821E-036  1.00000E-003  1.00000E-005  1.00000E-005  1.00000E-005  1.00000E-005  1.00000E-005  1.00000E-005  1.00000E-005  1.00000E-005  1.00000E-005  1.00000E-005  1.00000E-005  1.00000E-005  1.00000E-005  1.00000E-005  1.00000E-005  
6.15000E+001  7.30328E-005  2.79995E+015  1.88923E+002  2.24486E+005  1.00000E-040  1.00000E-040  1.00000E-040  2.49796E-014  1.00000E-040  1.00000E-040  1.00000E-040  1.00000E-040  1.00000E-040  1.00000E-040  1.00000E-040  1.00000E-040  1.00000E-040  1.00000E-040  3.30782E-025  1.00000E-040  1.02226E-040  5.87035E-010  3.62402E-007  1.39694E-005  6.13552E-009  2.63782E-006  2.11656E-001  1.58722E-008  2.81406E-004  1.44301E-018  1.09750E-011  1.00000E-040  2.40293E-032  9.84058E-024  3.63024E-015  1.57916E-007  3.65778E-022  4.94547E-037  6.60633E-040  6.77963E-039  1.00000E-040  1.17462E-022  4.04095E-021  4.69752E-016  1.92810E-014  1.97514E-038  1.00000E-040  1.09896E-020  1.59664E-034  4.10051E-011  3.28926E-012  7.88043E-001  7.23282E-022  6.31343E-025  1.04753E-023  1.00000E-040  5.32130E-038  2.48707E-027  1.75807E-024  5.83790E-009  6.52161E-018  1.73091E-010  8.28713E-018  1.08889E-008  1.93699E-011  2.34311E-006  1.02504E-012  7.40593E-017  2.08033E-017  6.47184E-012  1.13311E-014  1.12362E-013  1.70580E-031  3.91456E-033  1.00000E-040  8.69989E-031  1.00000E-040  5.63829E-023  1.37971E-017  4.75304E-013  1.06134E-021  6.06256E-021  2.28402E-036  1.00000E-040  1.00000E-040  1.00000E-040  9.02596E-027  1.18295E-036  4.35265E-035  5.87877E-024  8.13515E-020  6.35770E-026  4.62055E-032  2.24746E-029  3.40873E-020  8.59664E-017  1.66811E-015  2.30194E-021  2.53974E-024  1.00000E-040  5.92726E-014  1.60037E-035  7.09089E-024  7.67890E-031  1.35924E-022  1.20353E-029  6.24637E-017  1.26618E-023  6.46812E-014  1.00000E-040  1.66738E-014  1.00000E-040  1.00000E-040  2.90782E-022  1.00000E-040  1.23824E-024  9.99663E-013  1.70380E-035  1.00000E-003  1.00000E-005  1.00000E-005  1.00000E-005  1.00000E-005  1.00000E-005  1.00000E-005  1.00000E-005  1.00000E-005  1.00000E-005  1.00000E-005  1.00000E-005  1.00000E-005  1.00000E-005  1.00000E-005  1.00000E-005  
6.25000E+001  6.11314E-005  2.35673E+015  1.87876E+002  2.34487E+005  1.00000E-040  1.00000E-040  1.00000E-040  1.98806E-014  1.00000E-040  1.00000E-040  1.00000E-040  1.00000E-040  1.00000E-040  1.00000E-040  1.00000E-040  1.00000E-040  1.00000E-040  1.00000E-040  1.81372E-025  1.00000E-040  1.02518E-040  9.13998E-010  3.83801E-007  1.39204E-005  6.52055E-009  3.36539E-006  2.11618E-001  2.24580E-008  2.81179E-004  1.52562E-018  1.03028E-011  1.00000E-040  7.03495E-031  8.57410E-024  3.03603E-015  1.56286E-007  4.53016E-022  3.80587E-037  1.00000E-040  1.00000E-040  1.00000E-040  9.68677E-023  3.68657E-021  5.30443E-016  1.93919E-014  1.70930E-038  1.00000E-040  5.35445E-021  4.92703E-033  4.06891E-011  3.97579E-012  7.88081E-001  7.01942E-022  5.60659E-025  1.19240E-023  1.00000E-040  5.11898E-038  1.96595E-027  1.11219E-024  5.43856E-009  6.22867E-018  1.78242E-010  7.17221E-018  1.03937E-008  1.78285E-011  2.12475E-006  7.24955E-013  4.44887E-017  1.84973E-017  5.16244E-012  6.02530E-015  9.60445E-014  1.70599E-031  3.58470E-033  1.00000E-040  6.01285E-031  1.00000E-040  5.63192E-023  1.26701E-017  4.01093E-013  8.34095E-022  5.03056E-021  3.39142E-036  1.00000E-040  1.00000E-040  1.00000E-040  8.22455E-027  1.10291E-036  2.89608E-035  4.39504E-024  6.50484E-020  5.40441E-026  3.51263E-032  1.75535E-029  3.13149E-020  5.41221E-017  1.39960E-015  1.80141E-021  1.84810E-024  1.00000E-040  5.92600E-014  1.20549E-035  5.28711E-024  8.76367E-031  1.35089E-022  5.50348E-030  3.50956E-017  1.17209E-023  7.00560E-014  1.00000E-040  1.66576E-014  1.00000E-040  1.00000E-040  1.74594E-022  1.00000E-040  1.34320E-024  9.88138E-013  3.32095E-035  1.00000E-003  1.00000E-005  1.00000E-005  1.00000E-005  1.00000E-005  1.00000E-005  1.00000E-005  1.00000E-005  1.00000E-005  1.00000E-005  1.00000E-005  1.00000E-005  1.00000E-005  1.00000E-005  1.00000E-005  1.00000E-005  
6.35000E+001  5.11210E-005  1.98197E+015  1.86818E+002  2.44487E+005  1.00000E-040  1.00000E-040  1.00000E-040  1.53097E-014  1.00000E-040  1.00000E-040  1.00000E-040  1.00000E-040  1.00000E-040  1.00000E-040  1.00000E-040  1.00000E-040  1.00000E-040  1.00000E-040  1.01657E-025  1.00000E-040  1.02852E-040  1.42829E-009  4.08477E-007  1.38639E-005  6.95088E-009  4.29781E-006  2.11575E-001  3.18157E-008  2.80918E-004  1.61358E-018  9.62652E-012  2.47311E-038  3.40803E-029  7.49805E-024  2.53343E-015  1.54632E-007  5.63511E-022  3.81806E-037  1.00000E-040  1.00000E-040  1.00000E-040  7.97606E-023  3.36506E-021  5.98841E-016  1.95688E-014  1.50095E-038  1.00000E-040  2.64933E-021  2.40679E-031  4.03297E-011  4.75314E-012  7.88123E-001  6.79391E-022  4.96551E-025  1.36257E-023  1.00000E-040  7.55632E-038  2.38266E-027  7.13820E-025  5.11624E-009  6.02487E-018  1.83906E-010  6.22085E-018  9.92933E-009  1.64736E-011  1.92816E-006  5.22054E-013  2.71812E-017  1.64562E-017  4.15579E-012  3.26134E-015  8.15465E-014  1.70409E-031  3.28509E-033  1.00000E-040  4.15634E-031  1.00000E-040  5.62464E-023  1.17370E-017  3.38065E-013  6.60028E-022  4.19547E-021  5.01605E-036  1.00000E-040  1.00000E-040  1.00000E-040  7.48724E-027  1.01450E-036  1.96075E-035  3.32012E-024  5.20887E-020  4.59875E-026  4.09389E-032  1.38434E-029  2.88581E-020  3.34293E-017  1.17250E-015  1.38947E-021  1.36139E-024  1.00000E-040  5.92305E-014  1.39542E-035  3.98480E-024  1.00209E-030  1.34172E-022  2.55533E-030  1.96428E-017  1.09148E-023  7.58473E-014  1.00000E-040  1.66393E-014  1.00000E-040  1.00000E-040  1.05362E-022  1.00000E-040  1.45762E-024  9.76763E-013  6.44312E-035  1.00000E-003  1.00000E-005  1.00000E-005  1.00000E-005  1.00000E-005  1.00000E-005  1.00000E-005  1.00000E-005  1.00000E-005  1.00000E-005  1.00000E-005  1.00000E-005  1.00000E-005  1.00000E-005  1.00000E-005  1.00000E-005  
6.45000E+001  4.27086E-005  1.66527E+015  1.85758E+002  2.54488E+005  1.00000E-040  1.00000E-040  1.00000E-040  1.14375E-014  1.00000E-040  1.00000E-040  1.00000E-040  1.00000E-040  1.00000E-040  1.00000E-040  1.00000E-040  1.00000E-040  1.00000E-040  1.00000E-040  5.98687E-026  1.00000E-040  1.03234E-040  2.24133E-009  4.36912E-007  1.37988E-005  7.43585E-009  5.49138E-006  2.11526E-001  4.49206E-008  2.80617E-004  1.70586E-018  8.94291E-012  1.05793E-036  9.40966E-028  7.28949E-024  2.10949E-015  1.52916E-007  7.03838E-022  3.42184E-037  1.00000E-040  1.00000E-040  1.00000E-040  6.56950E-023  3.07591E-021  6.75595E-016  1.98075E-014  1.57831E-038  1.00000E-040  1.33053E-021  6.61260E-030  3.99199E-011  5.63858E-012  7.88171E-001  6.58907E-022  4.39018E-025  1.56387E-023  1.00000E-040  2.37631E-037  6.14583E-027  4.71963E-025  4.86923E-009  5.91518E-018  1.90279E-010  5.40821E-018  9.49234E-009  1.52994E-011  1.74879E-006  3.83566E-013  1.69232E-017  1.46661E-017  3.38140E-012  1.80104E-015  6.89802E-014  1.69883E-031  3.01517E-033  1.00000E-040  2.87122E-031  1.00000E-040  5.61632E-023  1.09524E-017  2.84719E-013  5.25894E-022  3.51517E-021  7.39083E-036  1.00000E-040  1.00000E-040  1.00000E-040  6.80456E-027  1.10492E-036  1.37247E-035  2.53364E-024  4.18087E-020  4.06205E-026  1.02165E-031  1.10085E-029  2.66800E-020  2.03023E-017  9.80169E-016  1.06042E-021  1.00916E-024  1.00000E-040  5.91861E-014  3.44596E-035  3.03500E-024  1.14952E-030  1.33162E-022  1.22425E-030  1.09552E-017  1.02238E-023  8.20232E-014  1.00000E-040  1.66186E-014  1.00000E-040  1.00000E-040  7.03484E-023  1.00000E-040  1.58483E-024  9.65222E-013  1.24035E-034  1.00000E-003  1.00000E-005  1.00000E-005  1.00000E-005  1.00000E-005  1.00000E-005  1.00000E-005  1.00000E-005  1.00000E-005  1.00000E-005  1.00000E-005  1.00000E-005  1.00000E-005  1.00000E-005  1.00000E-005  1.00000E-005  
6.55000E+001  3.56462E-005  1.39771E+015  1.84720E+002  2.64488E+005  1.00000E-040  1.00000E-040  1.00000E-040  8.14891E-015  1.00000E-040  1.00000E-040  1.00000E-040  1.00000E-040  1.00000E-040  1.00000E-040  1.00000E-040  1.00000E-040  1.00000E-040  1.00000E-040  3.82562E-026  1.00000E-040  1.03672E-040  3.53411E-009  4.69677E-007  1.37237E-005  7.98662E-009  7.01405E-006  2.11470E-001  6.30273E-008  2.80269E-004  1.80025E-018  8.24745E-012  2.71780E-035  1.57038E-026  1.88911E-023  1.75239E-015  1.51100E-007  8.82722E-022  3.09033E-037  1.00000E-040  1.00000E-040  1.00000E-040  5.42984E-023  2.82104E-021  7.61537E-016  2.01078E-014  4.79531E-038  1.00000E-040  6.77870E-022  1.09687E-028  3.94514E-011  6.65960E-012  7.88227E-001  6.44868E-022  3.88561E-025  1.80510E-023  1.00000E-040  1.12797E-036  2.39145E-026  3.98948E-025  4.69742E-009  5.91229E-018  1.97662E-010  4.71407E-018  9.07978E-009  1.43114E-011  1.58214E-006  2.88271E-013  1.07614E-017  1.31227E-017  2.78517E-012  1.01748E-015  5.85046E-014  1.68836E-031  2.77359E-033  1.00000E-040  1.97904E-031  1.00000E-040  5.60678E-023  1.02796E-017  2.39693E-013  4.22050E-022  2.95840E-021  1.08497E-035  1.00000E-040  1.00000E-040  1.00000E-040  6.16490E-027  3.40306E-036  1.23371E-035  1.95389E-024  3.36955E-020  5.91359E-026  3.91706E-031  8.85416E-030  2.47737E-020  1.21570E-017  8.16921E-016  8.04217E-022  7.48118E-025  1.00000E-040  5.91279E-014  1.28574E-034  2.33687E-024  1.32756E-030  1.32053E-022  7.51606E-031  6.08893E-018  9.62845E-024  8.84751E-014  1.00000E-040  1.65949E-014  1.00000E-040  1.00000E-040  9.55183E-023  1.00000E-040  1.73275E-024  9.53215E-013  2.36660E-034  1.00000E-003  1.00000E-005  1.00000E-005  1.00000E-005  1.00000E-005  1.00000E-005  1.00000E-005  1.00000E-005  1.00000E-005  1.00000E-005  1.00000E-005  1.00000E-005  1.00000E-005  1.00000E-005  1.00000E-005  1.00000E-005  
6.65000E+001  2.97227E-005  1.17211E+015  1.83669E+002  2.74489E+005  1.00000E-040  1.00000E-040  1.00000E-040  6.08562E-015  1.00000E-040  1.00000E-040  1.00000E-040  1.00000E-040  1.00000E-040  1.00000E-040  1.00000E-040  1.00000E-040  1.00000E-040  1.00000E-040  2.71647E-026  1.00000E-040  1.04178E-040  5.59490E-009  5.07433E-007  1.36371E-005  8.62221E-009  8.93900E-006  2.11405E-001  8.77327E-008  2.79866E-004  1.89241E-018  7.54080E-012  4.57243E-034  1.71085E-025  1.51776E-022  1.45251E-015  1.49144E-007  1.11095E-021  2.82113E-037  1.00000E-040  1.00000E-040  1.00000E-040  4.52314E-023  2.60098E-021  8.56547E-016  2.04730E-014  3.64243E-037  1.00000E-040  3.50184E-022  1.18698E-027  3.89147E-011  7.85752E-012  7.88290E-001  6.41911E-022  3.42863E-025  2.09407E-023  1.00000E-040  5.72751E-036  9.94747E-026  9.67941E-025  4.60291E-009  6.03516E-018  2.06428E-010  4.12098E-018  8.68893E-009  1.35466E-011  1.42547E-006  2.22302E-013  7.01405E-018  1.18121E-017  2.32704E-012  5.90617E-016  4.93186E-014  1.67051E-031  2.56170E-033  1.00000E-040  1.36066E-031  1.00000E-040  5.59583E-023  9.68940E-018  2.01810E-013  3.41597E-022  2.50196E-021  1.58698E-035  1.00000E-040  1.00000E-040  1.00000E-040  5.56116E-027  2.34654E-035  3.19941E-035  1.52357E-024  2.73199E-020  3.09165E-025  1.64216E-030  7.16012E-030  2.31524E-020  7.22456E-018  6.78726E-016  6.09094E-022  5.51025E-025  1.00000E-040  5.90560E-014  5.15310E-034  1.81988E-024  1.54553E-030  1.30835E-022  1.33294E-030  3.38206E-018  9.13780E-024  9.50330E-014  1.00000E-040  1.65679E-014  1.00000E-040  1.00000E-040  3.63845E-022  1.00000E-040  1.89950E-024  9.40448E-013  4.47274E-034  1.00000E-003  1.00000E-005  1.00000E-005  1.00000E-005  1.00000E-005  1.00000E-005  1.00000E-005  1.00000E-005  1.00000E-005  1.00000E-005  1.00000E-005  1.00000E-005  1.00000E-005  1.00000E-005  1.00000E-005  1.00000E-005  
6.75000E+001  2.47589E-005  9.82050E+014  1.82606E+002  2.84489E+005  1.00000E-040  1.00000E-040  1.00000E-040  4.33759E-015  1.00000E-040  1.00000E-040  1.00000E-040  1.00000E-040  1.00000E-040  1.00000E-040  1.00000E-040  1.00000E-040  1.00000E-040  1.00000E-040  2.14861E-026  1.00000E-040  1.04761E-040  8.88971E-009  5.50942E-007  1.35368E-005  9.37252E-009  1.13252E-005  2.11330E-001  1.21061E-007  2.79398E-004  1.97293E-018  6.81193E-012  5.40173E-033  1.30468E-024  1.14670E-021  1.20123E-015  1.47004E-007  1.40254E-021  2.62615E-037  1.00000E-040  1.00000E-040  1.00000E-040  3.83699E-023  2.42435E-021  9.60045E-016  2.09099E-014  2.60615E-036  1.00000E-040  1.83387E-022  9.00456E-027  3.82987E-011  9.29596E-012  7.88363E-001  6.57394E-022  3.01645E-025  2.45636E-023  1.00000E-040  2.80589E-035  3.98768E-025  4.65061E-024  4.59051E-009  6.32479E-018  2.17441E-010  3.61900E-018  8.31727E-009  1.31028E-011  1.27347E-006  1.76810E-013  4.70945E-018  1.08374E-017  1.97465E-012  3.54643E-016  4.15366E-014  1.64320E-031  2.38017E-033  1.00000E-040  9.30266E-032  1.00000E-040  5.58324E-023  9.15791E-018  1.70090E-013  2.79869E-022  2.13168E-021  2.31237E-035  1.00000E-040  1.00000E-040  1.00000E-040  4.97587E-027  1.45060E-034  1.65373E-034  1.20581E-024  2.24480E-020  2.17488E-024  6.72610E-030  5.83193E-030  2.18941E-020  4.29439E-018  5.61651E-016  4.64085E-022  4.00399E-025  1.00000E-040  5.89698E-014  2.00363E-033  1.43869E-024  1.82925E-030  1.29501E-022  4.73682E-030  1.88402E-018  8.75537E-024  1.01230E-013  1.00000E-040  1.65370E-014  1.00000E-040  1.00000E-040  1.62334E-021  1.00000E-040  2.09408E-024  9.26619E-013  8.36596E-034  1.00000E-003  1.00000E-005  1.00000E-005  1.00000E-005  1.00000E-005  1.00000E-005  1.00000E-005  1.00000E-005  1.00000E-005  1.00000E-005  1.00000E-005  1.00000E-005  1.00000E-005  1.00000E-005  1.00000E-005  1.00000E-005  
6.85000E+001  2.06064E-005  8.20675E+014  1.81864E+002  2.94489E+005  1.00000E-040  1.00000E-040  1.00000E-040  1.21932E-015  1.00000E-040  1.00000E-040  1.00000E-040  1.00000E-040  1.00000E-040  1.00000E-040  1.00000E-040  1.00000E-040  1.00000E-040  1.00000E-040  1.85864E-026  1.00000E-040  1.05435E-040  1.42497E-008  6.01124E-007  1.34205E-005  1.02753E-008  1.41617E-005  2.11244E-001  1.65615E-007  2.78853E-004  2.02304E-018  6.01235E-012  4.88251E-032  7.48840E-024  6.64420E-021  9.89447E-016  1.44630E-007  1.78087E-021  2.56530E-037  1.00000E-040  1.00000E-040  1.00000E-040  3.40235E-023  2.32857E-021  1.07465E-015  2.14251E-014  1.49833E-035  1.00000E-040  9.73128E-023  5.20747E-026  3.75897E-011  1.10710E-011  7.88447E-001  7.08552E-022  2.75469E-025  2.97862E-023  1.00000E-040  1.30095E-034  1.50828E-024  2.05190E-023  4.66846E-009  6.89058E-018  2.33273E-010  3.21305E-018  7.96212E-009  1.32316E-011  1.11062E-006  1.46565E-013  3.27635E-018  1.05565E-017  1.69974E-012  2.22817E-016  3.82948E-014  1.60545E-031  2.22699E-033  1.00000E-040  6.22771E-032  1.00000E-040  5.56874E-023  8.66510E-018  1.43733E-013  2.34320E-022  1.84335E-021  3.35550E-035  1.00000E-040  1.00000E-040  1.00000E-040  4.35447E-027  6.96042E-034  7.94279E-034  9.83715E-025  1.92601E-020  1.28653E-023  2.61695E-029  5.14327E-030  2.12436E-020  2.56127E-018  4.60098E-016  3.60596E-022  2.84567E-025  1.00000E-040  5.88680E-014  7.26321E-033  1.17271E-024  2.29313E-030  1.28040E-022  1.56288E-029  1.05010E-018  8.39122E-024  1.05581E-013  1.00000E-040  1.65015E-014  1.00000E-040  1.00000E-040  6.49471E-021  1.00000E-040  2.43624E-024  9.11402E-013  1.54668E-033  1.00000E-003  1.00000E-005  1.00000E-005  1.00000E-005  1.00000E-005  1.00000E-005  1.00000E-005  1.00000E-005  1.00000E-005  1.00000E-005  1.00000E-005  1.00000E-005  1.00000E-005  1.00000E-005  1.00000E-005  1.00000E-005  
6.95000E+001  1.71383E-005  6.85356E+014  1.81121E+002  3.04490E+005  1.00000E-040  1.00000E-040  1.00000E-040  7.50616E-016  1.00000E-040  1.00000E-040  1.00000E-040  1.00000E-040  1.00000E-040  1.00000E-040  1.00000E-040  1.00000E-040  1.00000E-040  1.00000E-040  1.70533E-026  1.00000E-040  1.06218E-040  2.30734E-008  6.59017E-007  1.32848E-005  1.15896E-008  1.71830E-005  2.11145E-001  2.24659E-007  2.78216E-004  2.01686E-018  5.15232E-012  3.67889E-031  3.54716E-023  3.18673E-020  8.16613E-016  1.41963E-007  2.25440E-021  2.69277E-037  1.00000E-040  1.00000E-040  1.00000E-040  3.28183E-023  2.34176E-021  1.17512E-015  2.20550E-014  7.47633E-035  1.00000E-040  5.22995E-023  2.57155E-025  3.67718E-011  1.31761E-011  7.88545E-001  8.16328E-022  2.51388E-025  3.72466E-023  1.00000E-040  5.76290E-034  5.44283E-024  7.89992E-023  4.84912E-009  7.97654E-018  2.60295E-010  2.92991E-018  7.62082E-009  1.46735E-011  9.35946E-007  1.29623E-013  2.42750E-018  1.15576E-017  1.48859E-012  1.52863E-016  3.55561E-014  1.55933E-031  2.14854E-033  1.00000E-040  4.12562E-032  1.00000E-040  5.55203E-023  8.19466E-018  1.22192E-013  2.06407E-022  1.65220E-021  4.84925E-035  1.00000E-040  1.00000E-040  1.00000E-040  3.69092E-027  2.72410E-033  3.42522E-033  8.49568E-025  1.84278E-020  6.96395E-023  9.62431E-029  4.72040E-030  2.15882E-020  1.59170E-018  3.74321E-016  2.89069E-022  1.95552E-025  1.00000E-040  5.87488E-014  2.58228E-032  1.01138E-024  3.09982E-030  1.26447E-022  4.76598E-029  6.03802E-019  8.30787E-024  1.06431E-013  1.00000E-040  1.64606E-014  1.00000E-040  1.00000E-040  2.46075E-020  1.00000E-040  2.94185E-024  8.94449E-013  2.81682E-033  1.00000E-003  1.00000E-005  1.00000E-005  1.00000E-005  1.00000E-005  1.00000E-005  1.00000E-005  1.00000E-005  1.00000E-005  1.00000E-005  1.00000E-005  1.00000E-005  1.00000E-005  1.00000E-005  1.00000E-005  1.00000E-005  
7.05000E+001  1.42439E-005  5.71985E+014  1.80369E+002  3.14490E+005  1.00000E-040  1.00000E-040  1.00000E-040  5.20142E-016  1.00000E-040  1.00000E-040  1.00000E-040  1.00000E-040  1.00000E-040  1.00000E-040  1.00000E-040  1.00000E-040  1.00000E-040  1.00000E-040  1.62099E-026  1.00000E-040  1.07127E-040  3.85870E-008  7.25714E-007  1.31252E-005  1.39447E-008  1.98022E-005  2.11030E-001  3.02478E-007  2.77472E-004  1.94262E-018  4.25051E-012  2.66587E-030  1.56503E-022  1.42641E-019  6.82216E-016  1.38938E-007  2.81562E-021  3.16679E-037  1.00000E-040  1.00000E-040  1.00000E-040  3.66124E-023  2.54484E-021  1.21434E-015  2.28593E-014  3.64266E-034  1.00000E-040  2.84730E-023  1.24455E-024  3.58271E-011  1.53866E-011  7.88658E-001  1.03579E-021  2.29177E-025  4.93685E-023  1.00000E-040  2.43785E-033  1.87234E-023  2.99390E-022  5.14912E-009  1.02578E-017  3.15505E-010  2.83541E-018  7.29100E-009  1.88959E-011  7.44277E-007  1.28172E-013  2.00457E-018  1.55207E-017  1.32651E-012  1.23534E-016  3.29709E-014  1.51117E-031  2.22472E-033  1.00000E-040  2.73243E-032  1.00000E-040  5.53274E-023  7.73428E-018  1.05182E-013  2.00982E-022  1.59189E-021  6.96553E-035  1.00000E-040  1.00000E-040  1.00000E-040  2.96570E-027  9.37915E-033  1.55102E-032  8.20585E-025  2.35428E-020  3.93594E-022  3.42457E-028  4.68157E-030  2.37123E-020  1.07128E-018  3.01296E-016  2.42206E-022  1.27823E-025  1.00000E-040  5.86098E-014  9.33375E-032  9.73866E-025  4.86957E-030  1.24718E-022  1.60538E-028  3.69558E-019  8.83353E-024  1.01266E-013  1.00000E-040  1.64134E-014  1.00000E-040  1.00000E-040  9.26897E-020  1.00000E-040  3.84592E-024  8.75402E-013  5.02032E-033  1.00000E-003  1.00000E-005  1.00000E-005  1.00000E-005  1.00000E-005  1.00000E-005  1.00000E-005  1.00000E-005  1.00000E-005  1.00000E-005  1.00000E-005  1.00000E-005  1.00000E-005  1.00000E-005  1.00000E-005  1.00000E-005  
7.15000E+001  1.18322E-005  4.76014E+014  1.80038E+002  3.24490E+005  1.00000E-040  1.00000E-040  1.00000E-040  1.00000E-040  1.00000E-040  1.00000E-040  1.00000E-040  1.00000E-040  1.00000E-040  1.00000E-040  1.00000E-040  1.00000E-040  1.00000E-040  1.00000E-040  1.57514E-026  1.00000E-040  1.08186E-040  6.91443E-008  8.02351E-007  1.29334E-005  1.85261E-008  2.14466E-005  2.10898E-001  4.05401E-007  2.76598E-004  1.88097E-018  3.46802E-012  2.09811E-029  6.92661E-022  6.35625E-019  5.94196E-016  1.35478E-007  3.45492E-021  4.30951E-037  1.00000E-040  1.00000E-040  1.00000E-040  4.85523E-023  3.06932E-021  1.15391E-015  2.38915E-014  1.83264E-033  1.00000E-040  1.56978E-023  6.14226E-024  3.47336E-011  1.72647E-011  7.88789E-001  1.49256E-021  2.20423E-025  7.25816E-023  1.00000E-040  9.53571E-033  5.92753E-023  1.19941E-021  5.58883E-009  1.53285E-017  4.33932E-010  3.00721E-018  6.96988E-009  2.82886E-011  5.43580E-007  1.50270E-013  1.93818E-018  2.61490E-017  1.19867E-012  1.25011E-016  3.14754E-014  1.47206E-031  2.57418E-033  1.00000E-040  1.80884E-032  1.00000E-040  5.51046E-023  7.27596E-018  9.27440E-014  2.24828E-022  1.68829E-021  9.91036E-035  1.00000E-040  1.00000E-040  1.00000E-040  2.21204E-027  2.91196E-032  8.23353E-032  9.36148E-025  5.07569E-020  2.23411E-021  1.20303E-027  5.72618E-030  2.87160E-020  8.09669E-019  2.36183E-016  2.17344E-022  7.75000E-026  1.00000E-040  5.84482E-014  3.33697E-031  1.10546E-024  9.68212E-030  1.22853E-022  6.62327E-028  2.47842E-019  1.03077E-023  8.88421E-014  1.00000E-040  1.63590E-014  1.00000E-040  1.00000E-040  3.30120E-019  1.00000E-040  5.98299E-024  8.53863E-013  8.65655E-033  1.00000E-003  1.00000E-005  1.00000E-005  1.00000E-005  1.00000E-005  1.00000E-005  1.00000E-005  1.00000E-005  1.00000E-005  1.00000E-005  1.00000E-005  1.00000E-005  1.00000E-005  1.00000E-005  1.00000E-005  1.00000E-005  
7.25000E+001  9.82704E-006  3.95641E+014  1.79903E+002  3.34491E+005  1.00000E-040  1.00000E-040  1.00000E-040  1.00000E-040  1.00000E-040  1.00000E-040  1.00000E-040  1.00000E-040  1.00000E-040  1.00000E-040  1.00000E-040  1.00000E-040  1.00000E-040  1.00000E-040  1.54849E-026  1.00000E-040  1.09422E-040  1.35879E-007  8.89566E-007  1.26943E-005  2.73337E-008  2.26000E-005  2.10745E-001  5.43529E-007  2.75568E-004  2.17798E-018  3.30800E-012  1.75120E-028  2.94987E-021  2.71409E-018  5.91523E-016  1.31491E-007  4.16935E-021  6.11423E-037  1.00000E-040  1.00000E-040  1.00000E-040  6.90954E-023  3.89050E-021  9.98864E-016  2.51617E-014  8.92182E-033  1.00000E-040  8.75180E-024  2.82034E-023  3.34658E-011  1.85377E-011  7.88942E-001  2.45112E-021  2.18396E-025  1.17413E-022  1.00000E-040  3.23344E-032  1.61854E-022  4.67502E-021  6.19013E-009  2.63075E-017  6.70393E-010  3.44966E-018  6.65441E-009  4.50536E-011  3.74714E-007  2.08512E-013  2.18148E-018  5.01201E-017  1.09909E-012  1.49360E-016  2.97533E-014  1.46035E-031  3.37940E-033  1.00000E-040  1.22503E-032  1.00000E-040  5.48468E-023  6.81857E-018  8.52063E-014  2.77795E-022  1.89730E-021  1.39053E-034  4.25317E-040  1.00000E-040  1.00000E-040  1.58688E-027  7.74757E-032  4.73400E-031  1.21913E-024  1.61615E-019  1.11696E-020  4.01720E-027  8.21341E-030  3.64222E-020  7.15594E-019  1.77684E-016  2.19461E-022  4.20114E-026  1.00000E-040  5.82602E-014  1.12822E-030  1.43186E-024  2.27403E-029  1.20831E-022  3.01136E-027  1.93514E-019  1.33708E-023  7.37354E-014  1.00000E-040  1.62961E-014  1.00000E-040  1.00000E-040  1.02280E-018  1.00000E-040  1.06766E-023  8.29421E-013  1.41537E-032  1.00000E-003  1.00000E-005  1.00000E-005  1.00000E-005  1.00000E-005  1.00000E-005  1.00000E-005  1.00000E-005  1.00000E-005  1.00000E-005  1.00000E-005  1.00000E-005  1.00000E-005  1.00000E-005  1.00000E-005  1.00000E-005  
7.35000E+001  8.16102E-006  3.28819E+014  1.79765E+002  3.44491E+005  1.00000E-040  1.00000E-040  1.00000E-040  1.00000E-040  1.00000E-040  1.00000E-040  1.00000E-040  1.00000E-040  1.00000E-040  1.00000E-040  1.00000E-040  1.00000E-040  1.00000E-040  1.00000E-040  1.53045E-026  1.00000E-040  1.10866E-040  2.95308E-007  9.85763E-007  1.23763E-005  3.97493E-008  2.74915E-005  2.10566E-001  7.34049E-007  2.74345E-004  3.76172E-018  4.58438E-012  1.44302E-027  1.12139E-020  1.02808E-017  7.04313E-016  1.26883E-007  5.09739E-021  1.00000E-040  1.00000E-040  1.00000E-040  1.00000E-040  7.92576E-023  4.15337E-021  8.79022E-016  2.65504E-014  3.40506E-032  1.00000E-040  4.92254E-024  1.11167E-022  3.19974E-011  2.14170E-011  7.89117E-001  4.51277E-021  2.17631E-025  2.01464E-022  2.27825E-035  8.69000E-032  3.47303E-022  1.39060E-020  6.97319E-009  4.39825E-017  9.90864E-010  3.80516E-018  6.34191E-009  6.27761E-011  2.83080E-007  2.58674E-013  2.16068E-018  9.80170E-017  1.02323E-012  1.58584E-016  2.77761E-014  1.50368E-031  4.36861E-033  1.00000E-040  8.61541E-033  1.00000E-040  5.45482E-023  6.36982E-018  8.20075E-014  2.99560E-022  1.94008E-021  1.90450E-034  3.57577E-039  1.00000E-040  1.00000E-040  1.29044E-027  1.69407E-031  2.04973E-030  1.35338E-024  4.67314E-019  4.61652E-020  1.11492E-026  1.13505E-029  3.89090E-020  6.38424E-019  1.25108E-016  2.46570E-022  1.93966E-026  1.00000E-040  5.80418E-014  2.95392E-030  1.59383E-024  4.42762E-029  1.18374E-022  8.90556E-027  1.55753E-019  1.71153E-023  6.72296E-014  1.00000E-040  1.62232E-014  1.00000E-040  1.00000E-040  2.63467E-018  1.00000E-040  1.81562E-023  8.01706E-013  2.13276E-032  1.00000E-003  1.00000E-005  1.00000E-005  1.00000E-005  1.00000E-005  1.00000E-005  1.00000E-005  1.00000E-005  1.00000E-005  1.00000E-005  1.00000E-005  1.00000E-005  1.00000E-005  1.00000E-005  1.00000E-005  1.00000E-005  
7.45000E+001  6.77810E-006  2.72781E+014  1.79974E+002  3.54491E+005  1.00000E-040  1.00000E-040  1.00000E-040  1.00000E-040  1.00000E-040  1.00000E-040  1.00000E-040  1.00000E-040  1.00000E-040  1.00000E-040  1.00000E-040  1.00000E-040  1.00000E-040  1.00000E-040  1.51957E-026  1.00000E-040  1.12554E-040  6.60719E-007  1.08336E-006  1.19285E-005  4.23931E-008  5.08817E-005  2.10347E-001  1.00337E-006  2.72879E-004  8.49911E-018  8.24269E-012  1.06644E-026  3.68104E-020  3.24837E-017  7.60126E-016  1.21559E-007  6.69105E-021  1.00000E-040  1.00000E-040  1.00000E-040  1.00000E-040  4.88630E-023  2.67957E-021  1.04844E-015  2.78050E-014  7.61883E-032  1.00000E-040  2.78050E-024  3.69835E-022  3.03020E-011  4.16514E-011  7.89314E-001  8.58038E-021  2.23058E-025  3.46553E-022  2.43167E-035  1.69734E-031  5.31298E-022  2.35159E-020  7.95645E-009  5.03168E-017  9.91638E-010  3.25910E-018  6.02961E-009  5.62717E-011  2.99418E-007  1.66252E-013  1.12976E-018  1.84162E-016  9.59915E-013  9.76225E-017  2.55202E-014  1.61675E-031  3.93246E-033  1.00000E-040  5.95696E-033  1.00000E-040  5.42022E-023  5.93870E-018  7.88881E-014  1.83941E-022  1.38098E-021  2.47515E-034  9.24868E-039  1.00000E-040  1.00000E-040  1.53360E-027  3.24391E-031  3.73328E-030  7.34544E-025  7.99795E-019  1.58077E-019  2.02465E-026  1.17332E-029  2.50305E-020  3.62310E-019  8.19793E-017  2.79779E-022  7.30321E-027  1.00000E-040  5.77878E-014  3.95580E-030  8.87028E-025  4.07341E-029  1.13877E-022  7.15746E-027  7.45492E-020  1.56969E-023  8.64240E-014  1.00000E-040  1.61388E-014  1.00000E-040  1.00000E-040  5.61705E-018  1.00000E-040  2.15856E-023  7.70329E-013  2.88977E-032  1.00000E-003  1.00000E-005  1.00000E-005  1.00000E-005  1.00000E-005  1.00000E-005  1.00000E-005  1.00000E-005  1.00000E-005  1.00000E-005  1.00000E-005  1.00000E-005  1.00000E-005  1.00000E-005  1.00000E-005  1.00000E-005  
7.55000E+001  5.63228E-006  2.25929E+014  1.80563E+002  3.64489E+005  1.00000E-040  1.00000E-040  1.00000E-040  1.00000E-040  1.00000E-040  1.00000E-040  1.00000E-040  1.00000E-040  1.00000E-040  1.00000E-040  1.00000E-040  1.00000E-040  1.00000E-040  1.00000E-040  1.51477E-026  1.00000E-040  1.14528E-040  1.26900E-006  1.17083E-006  1.13405E-005  3.16404E-008  1.29124E-004  2.10061E-001  1.37223E-006  2.71120E-004  2.08225E-017  1.32235E-011  5.89436E-026  1.04247E-019  8.19466E-017  6.93164E-016  1.15430E-007  9.71824E-021  9.32983E-036  2.08522E-036  1.48521E-035  1.00000E-040  1.71456E-023  1.10954E-021  1.75314E-015  2.86645E-014  1.07664E-031  1.00000E-040  1.56526E-024  1.04883E-021  2.83589E-011  1.98773E-010  7.89523E-001  2.18580E-020  2.35010E-025  5.47198E-022  1.00000E-040  2.46343E-031  5.84998E-022  2.48339E-020  9.12630E-009  3.61897E-017  6.22058E-010  2.09928E-018  5.71469E-009  3.19485E-011  4.23967E-007  6.59736E-014  3.79842E-019  3.23283E-016  8.95019E-013  4.03004E-017  2.29789E-014  1.73683E-031  2.33627E-033  1.00000E-040  3.80365E-033  1.00000E-040  5.38007E-023  5.51278E-018  7.33206E-014  6.18666E-023  5.61813E-022  2.90697E-034  9.15730E-039  1.00000E-040  1.00000E-040  2.41462E-027  6.21528E-031  3.08506E-030  2.10036E-025  8.76027E-019  4.57864E-019  2.46239E-026  8.63674E-030  1.02909E-020  1.39882E-019  5.38588E-017  4.84987E-022  2.27382E-027  1.00000E-040  5.74919E-014  2.60631E-030  2.68163E-025  2.11682E-029  1.06447E-022  1.82116E-027  2.21003E-020  9.67961E-024  1.49373E-013  1.00000E-040  1.60408E-014  1.00000E-040  1.00000E-040  1.01873E-017  1.00000E-040  1.66331E-023  7.34758E-013  3.53981E-032  1.00000E-003  1.00000E-005  1.00000E-005  1.00000E-005  1.00000E-005  1.00000E-005  1.00000E-005  1.00000E-005  1.00000E-005  1.00000E-005  1.00000E-005  1.00000E-005  1.00000E-005  1.00000E-005  1.00000E-005  1.00000E-005  
7.65000E+001  4.68364E-006  1.87259E+014  1.81158E+002  3.74490E+005  1.00000E-040  1.00000E-040  1.00000E-040  1.00000E-040  1.00000E-040  1.00000E-040  1.00000E-040  1.00000E-040  1.00000E-040  1.00000E-040  1.00000E-040  1.00000E-040  1.00000E-040  1.00000E-040  1.50869E-026  1.00000E-040  1.16835E-040  2.04700E-006  1.24712E-006  1.06452E-005  2.20474E-008  3.20410E-004  2.09669E-001  1.84477E-006  2.69029E-004  4.93150E-017  1.54249E-011  2.38838E-025  2.57338E-019  1.61850E-016  6.37173E-016  1.08449E-007  1.50252E-020  1.00000E-040  1.00000E-040  1.00000E-040  1.00000E-040  4.74173E-024  4.19623E-022  3.05054E-015  2.90309E-014  1.30700E-031  1.00000E-040  8.71942E-025  2.57038E-021  2.61659E-011  1.33335E-009  7.89725E-001  7.51581E-020  2.48129E-025  7.69842E-022  1.00000E-040  3.21729E-031  5.55552E-022  2.30684E-020  1.02304E-008  2.18650E-017  3.35039E-010  1.23344E-018  5.39508E-009  1.50072E-011  6.14115E-007  3.37434E-014  1.65124E-019  5.21837E-016  8.14259E-013  1.51726E-017  2.01831E-014  1.78470E-031  1.26990E-033  1.00000E-040  2.31364E-033  1.00000E-040  5.33351E-023  5.06840E-018  6.68836E-014  1.97757E-023  1.84139E-022  2.99792E-034  5.89927E-039  1.00000E-040  1.00000E-040  3.67317E-027  1.18314E-030  2.39510E-030  6.13418E-026  8.57707E-019  1.14453E-018  2.62099E-026  6.09491E-030  3.86239E-021  5.76061E-020  3.68242E-017  1.21854E-021  6.18483E-028  1.00000E-040  5.71472E-014  1.38324E-030  7.99654E-026  1.11363E-029  9.79528E-023  3.89394E-028  6.76017E-021  5.35210E-024  2.64357E-013  1.00000E-040  1.59269E-014  1.00000E-040  1.00000E-040  1.62708E-017  1.00000E-040  1.09124E-023  6.94531E-013  4.07402E-032  1.00000E-003  1.00000E-005  1.00000E-005  1.00000E-005  1.00000E-005  1.00000E-005  1.00000E-005  1.00000E-005  1.00000E-005  1.00000E-005  1.00000E-005  1.00000E-005  1.00000E-005  1.00000E-005  1.00000E-005  1.00000E-005  
7.75000E+001  3.89831E-006  1.55140E+014  1.81999E+002  3.84490E+005  1.00000E-040  1.00000E-040  1.00000E-040  1.00000E-040  1.00000E-040  1.00000E-040  1.00000E-040  1.00000E-040  1.00000E-040  1.00000E-040  1.00000E-040  1.00000E-040  1.00000E-040  1.00000E-040  1.49751E-026  1.00000E-040  1.19527E-040  2.94337E-006  1.31703E-006  9.86401E-006  1.59087E-008  6.98811E-004  2.09120E-001  2.42348E-006  2.66568E-004  1.01740E-016  1.44763E-011  7.96382E-025  5.62396E-019  2.54512E-016  6.12878E-016  1.00632E-007  2.37911E-020  1.00000E-040  1.00000E-040  1.00000E-040  1.00000E-040  1.20491E-024  1.70169E-022  4.94948E-015  2.88268E-014  1.46411E-031  1.00000E-040  4.79925E-025  5.55247E-021  2.37486E-011  7.86951E-009  7.89897E-001  2.40758E-019  2.70777E-025  1.00435E-021  1.28328E-035  4.33843E-031  5.18515E-022  2.12451E-020  1.04753E-008  1.22307E-017  1.82444E-010  7.60961E-019  5.06954E-009  6.56128E-012  8.14881E-007  2.26910E-014  9.31564E-020  7.69762E-016  7.12514E-013  5.65091E-018  1.72105E-014  1.74531E-031  7.52500E-034  1.00000E-040  1.33552E-033  1.00000E-040  5.27959E-023  4.59475E-018  6.02676E-014  8.92054E-024  7.36663E-023  2.72453E-034  1.00000E-040  1.00000E-040  1.00000E-040  4.85562E-027  2.05313E-030  2.42349E-030  2.45748E-026  8.42441E-019  2.52311E-018  2.75103E-026  6.19835E-030  1.54776E-021  2.85676E-020  2.58856E-017  3.21292E-021  1.54871E-028  1.00000E-040  5.67452E-014  7.36560E-031  3.18900E-026  6.63781E-030  8.94258E-023  9.65201E-029  2.44010E-021  2.88229E-024  4.30875E-013  1.00000E-040  1.57946E-014  1.00000E-040  1.00000E-040  2.33903E-017  1.00000E-040  7.37533E-024  6.49534E-013  4.54342E-032  1.00000E-003  1.00000E-005  1.00000E-005  1.00000E-005  1.00000E-005  1.00000E-005  1.00000E-005  1.00000E-005  1.00000E-005  1.00000E-005  1.00000E-005  1.00000E-005  1.00000E-005  1.00000E-005  1.00000E-005  1.00000E-005  
7.85000E+001  3.24888E-006  1.28387E+014  1.83286E+002  3.94490E+005  1.00000E-040  1.00000E-040  1.00000E-040  1.00000E-040  1.00000E-040  1.00000E-040  1.00000E-040  1.00000E-040  1.00000E-040  1.00000E-040  1.00000E-040  1.00000E-040  1.00000E-040  1.00000E-040  1.47715E-026  1.00000E-040  1.22666E-040  3.92080E-006  1.38427E-006  9.01422E-006  1.18031E-008  1.34587E-003  2.08359E-001  3.11333E-006  2.63689E-004  1.83047E-016  1.24738E-011  4.40384E-024  1.10294E-018  3.37713E-016  6.08389E-016  9.20765E-008  3.76976E-020  1.00000E-040  1.00000E-040  1.00000E-040  1.00000E-040  3.02988E-025  7.57064E-023  7.44594E-015  2.79649E-014  1.55463E-031  1.00000E-040  2.64002E-025  1.07419E-020  2.11656E-011  3.71591E-008  7.90013E-001  6.50555E-019  3.11746E-025  1.25396E-021  1.00000E-040  6.12149E-031  4.84863E-022  1.95070E-020  9.20640E-009  6.15261E-018  1.03799E-010  5.50259E-019  4.73750E-009  2.77033E-012  9.81578E-007  1.52728E-014  5.19550E-020  1.03732E-015  6.04663E-013  2.09356E-018  1.41841E-014  1.64262E-031  5.05926E-034  1.00000E-040  7.19506E-034  1.00000E-040  5.21731E-023  4.09352E-018  5.36360E-014  5.94585E-024  4.10062E-023  2.22516E-034  1.57525E-035  1.00000E-040  1.00000E-040  5.59778E-027  3.24334E-030  2.96981E-030  1.41856E-026  8.36412E-019  4.98653E-018  2.87964E-026  1.04515E-029  6.75766E-022  1.67869E-020  1.85160E-017  7.95755E-021  3.71891E-029  1.00000E-040  5.62772E-014  3.93793E-031  1.83505E-026  4.40056E-030  8.12784E-023  2.74237E-029  1.01665E-021  1.47910E-024  6.43315E-013  1.00000E-040  1.56413E-014  1.00000E-040  1.00000E-040  3.06702E-017  1.00000E-040  5.41489E-024  6.00074E-013  4.95388E-032  1.00000E-003  1.00000E-005  1.00000E-005  1.00000E-005  1.00000E-005  1.00000E-005  1.00000E-005  1.00000E-005  1.00000E-005  1.00000E-005  1.00000E-005  1.00000E-005  1.00000E-005  1.00000E-005  1.00000E-005  1.00000E-005  
7.95000E+001  2.71196E-006  1.06415E+014  1.84585E+002  4.04490E+005  1.00000E-040  1.00000E-040  1.00000E-040  1.00000E-040  1.00000E-040  1.00000E-040  1.00000E-040  1.00000E-040  1.00000E-040  1.00000E-040  1.00000E-040  1.00000E-040  1.00000E-040  1.00000E-040  1.43934E-026  1.00000E-040  1.26323E-040  4.94108E-006  1.45025E-006  8.11759E-006  8.95796E-009  2.33696E-003  2.07335E-001  3.91940E-006  2.60349E-004  2.92633E-016  1.07244E-011  9.92857E-023  1.95920E-018  4.02466E-016  6.11977E-016  8.29767E-008  5.82800E-020  1.75980E-035  1.00000E-040  1.00000E-040  1.00000E-040  8.00718E-026  3.62446E-023  1.03557E-014  2.65233E-014  1.64990E-031  1.00000E-040  1.50809E-025  1.87528E-020  1.85112E-011  1.37811E-007  7.90048E-001  1.45195E-018  3.58622E-025  1.49392E-021  9.85751E-037  8.88693E-031  4.55177E-022  1.77225E-020  7.32872E-009  2.94608E-018  6.19580E-011  5.01564E-019  4.39990E-009  1.14451E-012  1.10177E-006  9.79502E-015  2.75291E-020  1.28031E-015  5.09323E-013  7.72054E-019  1.12608E-014  1.50838E-031  3.87678E-034  1.00000E-040  3.71044E-034  1.00000E-040  5.14565E-023  3.57617E-018  4.70905E-014  4.98178E-024  2.94656E-023  1.68535E-034  1.06603E-035  1.00000E-040  1.00000E-040  5.81930E-027  4.74374E-030  3.82011E-030  1.06039E-026  8.30174E-019  8.91371E-018  2.98708E-026  2.13230E-029  3.17472E-022  1.12837E-020  1.35272E-017  1.73882E-020  8.86297E-030  1.00000E-040  5.57344E-014  2.16581E-031  1.37137E-026  3.09790E-030  7.37332E-023  8.75638E-030  4.75575E-022  7.32971E-025  9.00876E-013  1.00000E-040  1.54646E-014  1.00000E-040  1.00000E-040  3.70659E-017  1.00000E-040  4.11344E-024  5.47005E-013  5.26390E-032  1.00000E-003  1.00000E-005  1.00000E-005  1.00000E-005  1.00000E-005  1.00000E-005  1.00000E-005  1.00000E-005  1.00000E-005  1.00000E-005  1.00000E-005  1.00000E-005  1.00000E-005  1.00000E-005  1.00000E-005  1.00000E-005  
8.05000E+001  2.26757E-006  8.83327E+013  1.85933E+002  4.06996E+005  1.00000E-040  1.00000E-040  1.00000E-040  1.00000E-040  1.00000E-040  1.00000E-040  1.00000E-040  1.00000E-040  1.00000E-040  1.00000E-040  1.00000E-040  1.00000E-040  1.00000E-040  1.00000E-040  1.38406E-026  1.00000E-040  1.30606E-040  5.96975E-006  1.51507E-006  7.19468E-006  6.86452E-009  3.74424E-003  2.05995E-001  4.85314E-006  2.56475E-004  4.21906E-016  9.33217E-012  2.13921E-021  3.18532E-018  4.46608E-016  6.13905E-016  7.35435E-008  8.73226E-020  1.00000E-040  2.55656E-034  1.18500E-034  1.00000E-040  2.28358E-026  1.82773E-023  1.34729E-014  2.46132E-014  2.46207E-031  1.00000E-040  9.48307E-026  2.99021E-020  1.58828E-011  4.10711E-007  7.89983E-001  2.70941E-018  4.13467E-025  1.71320E-021  1.00000E-040  1.28250E-030  4.21989E-022  1.57015E-020  5.76715E-009  1.45093E-018  3.84071E-011  5.60763E-019  4.05648E-009  4.62730E-013  1.17074E-006  6.31477E-015  1.46423E-020  1.45449E-015  4.30594E-013  2.83587E-019  8.57828E-015  1.36460E-031  3.34915E-034  1.00000E-040  1.84410E-034  1.00000E-040  5.06301E-023  3.05649E-018  4.07126E-014  4.55722E-024  2.40941E-023  1.20558E-034  1.00000E-040  1.00000E-040  1.00000E-040  5.59996E-027  6.52966E-030  4.78729E-030  9.03772E-027  8.14209E-019  1.45723E-017  3.03619E-026  4.29679E-029  1.57014E-022  8.34196E-021  1.00379E-017  3.30028E-020  2.16225E-030  1.00000E-040  5.51033E-014  1.18727E-031  1.16962E-026  2.28072E-030  6.68481E-023  2.98411E-030  2.40075E-022  3.49148E-025  1.20435E-012  1.00000E-040  1.52608E-014  1.00000E-040  1.00000E-040  4.16430E-017  7.41372E-037  3.20879E-024  4.91243E-013  5.40485E-032  1.00000E-003  1.00000E-005  1.00000E-005  1.00000E-005  1.00000E-005  1.00000E-005  1.00000E-005  1.00000E-005  1.00000E-005  1.00000E-005  1.00000E-005  1.00000E-005  1.00000E-005  1.00000E-005  1.00000E-005  1.00000E-005  
8.15000E+001  1.89940E-006  7.34214E+013  1.87374E+002  4.06996E+005  1.00000E-040  1.00000E-040  1.00000E-040  1.00000E-040  1.00000E-040  1.00000E-040  1.00000E-040  1.00000E-040  1.00000E-040  1.00000E-040  1.00000E-040  1.00000E-040  1.00000E-040  1.00000E-040  1.31785E-026  1.00000E-040  1.35660E-040  6.97359E-006  1.57784E-006  6.26726E-006  5.26819E-009  5.63627E-003  2.04287E-001  5.92987E-006  2.51980E-004  5.53914E-016  8.14799E-012  2.95029E-020  4.78002E-018  4.70020E-016  6.07138E-016  6.40151E-008  1.26707E-019  2.64645E-035  1.00000E-040  5.21280E-035  1.00000E-040  6.97848E-027  9.54444E-024  1.65777E-014  2.23738E-014  1.08671E-030  1.00000E-040  6.87052E-026  4.40273E-020  1.33769E-011  1.02537E-006  7.89802E-001  4.36394E-018  4.79720E-025  1.90387E-021  7.59451E-036  1.78944E-030  3.81261E-022  1.34091E-020  4.59464E-009  7.45415E-019  2.44779E-011  7.00558E-019  3.70733E-009  1.82218E-013  1.19181E-006  4.14819E-015  7.92907E-021  1.52756E-015  3.65125E-013  1.03522E-019  6.24418E-015  1.22316E-031  3.19661E-034  1.00000E-040  8.87604E-035  1.00000E-040  4.96743E-023  2.54986E-018  3.45980E-014  4.25169E-024  2.06991E-023  8.17952E-035  3.15021E-036  1.00000E-040  1.00000E-040  5.08625E-027  8.53718E-030  5.68067E-030  8.11621E-027  7.83011E-019  2.19820E-017  2.99912E-026  8.08277E-029  8.03279E-023  6.55864E-021  7.52677E-018  5.51001E-020  5.97807E-031  1.00000E-040  5.43677E-014  6.33476E-032  1.05115E-026  1.73941E-030  6.06151E-023  1.04405E-030  1.26864E-022  1.60295E-025  1.55810E-012  1.00000E-040  1.50257E-014  1.93861E-037  1.00000E-040  4.37819E-017  1.55118E-032  2.55252E-024  4.33897E-013  5.31920E-032  1.00000E-003  1.00000E-005  1.00000E-005  1.00000E-005  1.00000E-005  1.00000E-005  1.00000E-005  1.00000E-005  1.00000E-005  1.00000E-005  1.00000E-005  1.00000E-005  1.00000E-005  1.00000E-005  1.00000E-005  1.00000E-005  
8.25000E+001  1.59398E-006  6.11454E+013  1.88815E+002  4.06996E+005  1.00000E-040  1.00000E-040  1.00000E-040  1.00000E-040  1.00000E-040  1.00000E-040  1.00000E-040  1.00000E-040  1.00000E-040  1.00000E-040  1.00000E-040  1.00000E-040  1.00000E-040  1.00000E-040  1.24992E-026  1.00000E-040  1.41622E-040  7.91677E-006  1.63684E-006  5.36545E-006  4.04214E-009  8.05841E-003  2.02178E-001  7.15627E-006  2.46810E-004  6.69253E-016  7.10875E-012  2.72498E-019  6.67195E-018  4.74826E-016  5.89326E-016  5.47218E-008  1.78066E-019  1.00000E-040  1.00000E-040  3.82863E-034  1.00000E-040  2.26144E-027  5.12185E-024  1.94487E-014  1.99634E-014  6.97184E-030  1.00000E-040  5.69612E-026  6.04970E-020  1.10959E-011  2.21733E-006  7.89491E-001  6.24104E-018  5.53881E-025  2.04452E-021  7.45748E-035  2.38913E-030  3.35535E-022  1.10150E-020  3.71556E-009  3.98478E-019  1.59585E-011  8.96679E-019  3.35659E-009  6.99455E-014  1.17398E-006  2.77682E-015  4.38018E-021  1.48942E-015  3.09608E-013  3.76395E-020  4.33809E-015  1.09046E-031  3.28218E-034  1.00000E-040  4.18925E-035  1.00000E-040  4.85765E-023  2.07567E-018  2.88967E-014  3.92631E-024  1.78799E-023  5.28669E-035  1.00000E-040  1.00000E-040  1.00000E-040  4.43078E-027  1.06772E-029  6.33232E-030  7.32644E-027  7.38441E-019  3.08310E-017  2.87464E-026  1.39835E-028  4.22430E-023  5.35787E-021  5.70155E-018  8.23097E-020  2.91593E-031  1.00000E-040  5.35163E-014  3.30123E-032  9.49446E-027  1.35938E-030  5.50532E-023  3.70609E-031  6.92623E-023  7.19349E-026  1.97080E-012  1.00000E-040  1.47567E-014  1.00000E-040  1.00000E-040  4.33596E-017  1.13763E-028  2.03768E-024  3.76739E-013  4.99852E-032  1.00000E-003  1.00000E-005  1.00000E-005  1.00000E-005  1.00000E-005  1.00000E-005  1.00000E-005  1.00000E-005  1.00000E-005  1.00000E-005  1.00000E-005  1.00000E-005  1.00000E-005  1.00000E-005  1.00000E-005  1.00000E-005  
8.35000E+001  1.34013E-006  5.10638E+013  1.90086E+002  4.06996E+005  1.00000E-040  1.00000E-040  1.00000E-040  1.00000E-040  1.00000E-040  1.00000E-040  1.00000E-040  1.00000E-040  1.00000E-040  1.00000E-040  1.00000E-040  1.00000E-040  1.00000E-040  1.00000E-040  1.18840E-026  1.00000E-040  1.48632E-040  8.77047E-006  1.69037E-006  4.51875E-006  3.10546E-009  1.10340E-002  1.99652E-001  8.53231E-006  2.40934E-004  7.52919E-016  6.20071E-012  1.80003E-018  8.72760E-018  4.63980E-016  5.60489E-016  4.59880E-008  2.42701E-019  9.73821E-035  5.65627E-034  7.59361E-034  1.00000E-040  7.75418E-028  2.81379E-024  2.19150E-014  1.75259E-014  3.62278E-029  1.00000E-040  5.14799E-026  7.84339E-020  9.11397E-012  4.26932E-006  7.89044E-001  8.12011E-018  6.24457E-025  2.10596E-021  4.77657E-034  3.05284E-030  2.89242E-022  8.72247E-021  3.05425E-009  2.21249E-019  1.06119E-011  1.11455E-018  3.01009E-009  2.63061E-014  1.12971E-006  1.89703E-015  2.47831E-021  1.35587E-015  2.61952E-013  1.36854E-020  2.87991E-015  9.69341E-032  3.52590E-034  1.00000E-040  1.97146E-035  1.00000E-040  4.73295E-023  1.65079E-018  2.37440E-014  3.53945E-024  1.51339E-023  3.33017E-035  1.00000E-040  1.00000E-040  1.00000E-040  3.75847E-027  1.28369E-029  6.62489E-030  6.44430E-027  6.85359E-019  4.04952E-017  2.67755E-026  2.20723E-028  2.28021E-023  4.47130E-021  4.37180E-018  1.11751E-019  3.40893E-031  1.00000E-040  5.25414E-014  1.70871E-032  8.35508E-027  1.07513E-030  5.01628E-023  1.33515E-031  3.88255E-023  3.20881E-026  2.45917E-012  1.00000E-040  1.44528E-014  1.83455E-037  1.00000E-040  4.07273E-017  2.18128E-025  1.59915E-024  3.21687E-013  4.49087E-032  1.00000E-003  1.00000E-005  1.00000E-005  1.00000E-005  1.00000E-005  1.00000E-005  1.00000E-005  1.00000E-005  1.00000E-005  1.00000E-005  1.00000E-005  1.00000E-005  1.00000E-005  1.00000E-005  1.00000E-005  1.00000E-005  
8.45000E+001  1.12851E-006  4.28005E+013  1.90974E+002  4.06996E+005  1.00000E-040  1.00000E-040  1.00000E-040  1.00000E-040  1.00000E-040  1.00000E-040  1.00000E-040  1.00000E-040  1.00000E-040  1.00000E-040  1.00000E-040  1.00000E-040  1.00000E-040  1.00000E-040  1.13777E-026  1.00000E-040  1.56852E-040  9.51794E-006  1.73732E-006  3.75006E-006  2.39639E-009  1.45705E-002  1.96707E-001  1.00530E-005  2.34340E-004  7.97836E-016  5.42994E-012  9.00352E-018  1.07795E-017  4.40814E-016  5.22172E-016  3.80660E-008  3.21608E-019  6.85328E-035  4.47840E-035  4.59958E-034  1.00000E-040  2.83118E-028  1.57977E-024  2.38837E-014  1.51657E-014  1.46343E-028  1.00000E-040  4.85188E-026  9.70354E-020  7.46364E-012  7.48800E-006  7.88455E-001  9.81075E-018  6.72022E-025  2.07099E-021  2.22420E-033  3.75700E-030  2.46286E-022  6.68910E-021  2.54683E-009  1.27053E-019  7.18472E-012  1.31222E-018  2.67396E-009  9.77528E-015  1.07157E-006  1.32114E-015  1.43848E-021  1.16021E-015  2.20996E-013  4.99705E-021  1.83194E-015  8.60422E-032  3.88267E-034  1.00000E-040  9.40860E-036  1.00000E-040  4.59293E-023  1.28567E-018  1.92262E-014  3.09486E-024  1.23377E-023  2.07275E-035  3.80270E-040  1.00000E-040  1.00000E-040  3.14917E-027  1.48926E-029  6.52685E-030  5.39495E-027  6.29369E-019  5.01571E-017  2.43121E-026  3.14775E-028  1.26473E-023  3.76671E-021  3.40433E-018  1.39728E-019  5.31539E-031  1.00000E-040  5.14373E-014  8.98892E-033  6.99713E-027  8.48942E-031  4.59078E-023  4.91350E-032  2.22835E-023  1.44427E-026  3.05232E-012  1.00000E-040  1.41137E-014  9.03182E-038  1.00000E-040  3.65240E-017  1.20284E-022  1.20638E-024  2.70401E-013  3.87637E-032  1.00000E-003  1.00000E-005  1.00000E-005  1.00000E-005  1.00000E-005  1.00000E-005  1.00000E-005  1.00000E-005  1.00000E-005  1.00000E-005  1.00000E-005  1.00000E-005  1.00000E-005  1.00000E-005  1.00000E-005  1.00000E-005  
8.55000E+001  9.51675E-007  3.59266E+013  1.91862E+002  4.06996E+005  1.00000E-040  1.00000E-040  1.00000E-040  1.00000E-040  1.00000E-040  1.00000E-040  1.00000E-040  1.00000E-040  1.00000E-040  1.00000E-040  1.00000E-040  1.00000E-040  1.00000E-040  1.00000E-040  1.10148E-026  1.00000E-040  1.66467E-040  1.01543E-005  1.77721E-006  3.07310E-006  1.83799E-009  1.86681E-002  1.93347E-001  1.17098E-005  2.27030E-004  8.07475E-016  4.71087E-012  3.58307E-017  1.26975E-017  4.09714E-016  4.78513E-016  3.11066E-008  4.17516E-019  1.00000E-040  1.00000E-040  1.00000E-040  1.00000E-040  1.07312E-028  9.02990E-025  2.53765E-014  1.29013E-014  4.73837E-028  1.00000E-040  4.62055E-026  1.16577E-019  6.14049E-012  1.21845E-005  7.87718E-001  1.11586E-017  7.20355E-025  1.97208E-021  8.13992E-033  4.42295E-030  2.05199E-022  4.97850E-021  2.15681E-009  7.51901E-020  4.92404E-012  1.48946E-018  2.35375E-009  3.61332E-015  9.93923E-007  9.35919E-016  8.50322E-022  9.39844E-016  1.85941E-013  1.83785E-021  1.12082E-015  7.63114E-032  4.40381E-034  1.00000E-040  4.45562E-036  1.00000E-040  4.43749E-023  9.83328E-019  1.53728E-014  2.65222E-024  9.89960E-024  1.25783E-035  2.22993E-040  1.00000E-040  1.00000E-040  2.59027E-027  1.68439E-029  6.10706E-030  4.44485E-027  5.77110E-019  5.92479E-017  2.15108E-026  4.28031E-028  7.14251E-024  3.18667E-021  2.69094E-018  1.64305E-019  8.11751E-031  1.00000E-040  5.02003E-014  4.60728E-033  5.76612E-027  6.82211E-031  4.22137E-023  1.80012E-032  1.29540E-023  6.42657E-027  3.78021E-012  1.00000E-040  1.37394E-014  1.00000E-040  1.00000E-040  3.14400E-017  2.30065E-020  9.08295E-025  2.24067E-013  3.23397E-032  1.00000E-003  1.00000E-005  1.00000E-005  1.00000E-005  1.00000E-005  1.00000E-005  1.00000E-005  1.00000E-005  1.00000E-005  1.00000E-005  1.00000E-005  1.00000E-005  1.00000E-005  1.00000E-005  1.00000E-005  1.00000E-005  
8.65000E+001  8.03644E-007  3.02326E+013  1.92533E+002  4.06996E+005  1.00000E-040  1.00000E-040  1.00000E-040  1.00000E-040  1.00000E-040  1.00000E-040  1.00000E-040  1.00000E-040  1.00000E-040  1.00000E-040  1.00000E-040  1.00000E-040  1.00000E-040  1.00000E-040  1.07634E-026  1.00000E-040  1.77685E-040  1.06841E-005  1.81012E-006  2.49255E-006  1.40744E-009  2.33182E-002  1.89587E-001  1.34894E-005  2.19022E-004  7.87124E-016  4.07879E-012  1.17770E-016  1.43545E-017  3.73772E-016  4.31787E-016  2.51612E-008  5.31348E-019  1.72373E-035  1.51148E-034  1.33742E-034  1.00000E-040  4.24283E-029  5.24763E-025  2.63745E-014  1.08097E-014  1.27789E-027  1.00000E-040  4.41840E-026  1.37449E-019  5.11714E-012  1.86571E-005  7.86828E-001  1.21117E-017  7.51238E-025  1.81211E-021  2.42094E-032  5.03125E-030  1.68934E-022  3.61930E-021  1.85092E-009  4.59822E-020  3.41621E-012  1.61187E-018  2.05411E-009  1.34027E-015  9.08364E-007  6.73968E-016  5.13000E-022  7.26052E-016  1.56249E-013  6.82872E-022  6.62427E-016  6.76488E-032  5.09831E-034  1.00000E-040  2.11724E-036  1.00000E-040  4.26700E-023  7.41052E-019  1.21649E-014  2.22274E-024  7.73859E-024  7.55352E-036  1.22613E-040  1.00000E-040  1.00000E-040  2.11327E-027  1.85861E-029  5.46542E-030  3.54421E-027  5.32090E-019  6.71258E-017  1.86277E-026  5.46840E-028  4.11346E-024  2.69416E-021  2.18124E-018  1.83155E-019  1.13410E-030  1.00000E-040  4.88293E-014  2.36222E-033  4.59846E-027  5.50550E-031  3.90023E-023  6.64736E-033  7.63502E-024  2.86315E-027  4.72939E-012  1.00000E-040  1.33310E-014  9.39870E-038  1.00000E-040  2.61299E-017  1.81442E-018  6.68384E-025  1.83351E-013  2.63224E-032  1.00000E-003  1.00000E-005  1.00000E-005  1.00000E-005  1.00000E-005  1.00000E-005  1.00000E-005  1.00000E-005  1.00000E-005  1.00000E-005  1.00000E-005  1.00000E-005  1.00000E-005  1.00000E-005  1.00000E-005  1.00000E-005  
8.75000E+001  6.79370E-007  2.55324E+013  1.92722E+002  4.06996E+005  1.00000E-040  1.00000E-040  1.00000E-040  1.00000E-040  1.00000E-040  1.00000E-040  1.00000E-040  1.00000E-040  1.00000E-040  1.00000E-040  1.00000E-040  1.00000E-040  1.00000E-040  1.00000E-040  1.05830E-026  1.00000E-040  1.90747E-040  1.11192E-005  1.83670E-006  2.00626E-006  1.08191E-009  2.85052E-002  1.85450E-001  1.53723E-005  2.10359E-004  7.44630E-016  3.56275E-012  3.29938E-016  1.56718E-017  3.35856E-016  3.84441E-016  2.02055E-008  6.63171E-019  7.15642E-036  1.79740E-035  2.72322E-035  1.00000E-040  1.77639E-029  3.10015E-025  2.68889E-014  8.94256E-015  2.97400E-027  1.00000E-040  4.25133E-026  1.60833E-019  4.36068E-012  2.71785E-005  7.85776E-001  1.26857E-017  7.41046E-025  1.60029E-021  6.05851E-032  5.60393E-030  1.39147E-022  2.59136E-021  1.59156E-009  3.46359E-020  2.40147E-012  1.64639E-018  1.77873E-009  5.04401E-016  8.24340E-007  4.88647E-016  3.13854E-022  5.38874E-016  1.31395E-013  2.57109E-022  3.80092E-016  5.99553E-032  6.00869E-034  1.00000E-040  1.02524E-036  1.00000E-040  4.08229E-023  5.52366E-019  9.55190E-015  1.82129E-024  5.82527E-024  4.60259E-036  1.00000E-040  1.00000E-040  1.00000E-040  1.72889E-027  2.00292E-029  4.72587E-030  2.68258E-027  4.97637E-019  7.33442E-017  1.58793E-026  6.42545E-028  2.42398E-024  2.27109E-021  1.83633E-018  1.94756E-019  1.44083E-030  1.00000E-040  4.73266E-014  1.25120E-033  3.48102E-027  4.39383E-031  3.61930E-023  2.51756E-033  4.57981E-024  1.29499E-027  6.05858E-012  1.00000E-040  1.28898E-014  7.69058E-038  1.00000E-040  2.10894E-017  6.87442E-017  4.69279E-025  1.48464E-013  2.11502E-032  1.00000E-003  1.00000E-005  1.00000E-005  1.00000E-005  1.00000E-005  1.00000E-005  1.00000E-005  1.00000E-005  1.00000E-005  1.00000E-005  1.00000E-005  1.00000E-005  1.00000E-005  1.00000E-005  1.00000E-005  1.00000E-005  
8.85000E+001  5.74806E-007  2.15815E+013  1.92911E+002  4.06996E+005  1.00000E-040  1.00000E-040  1.00000E-040  1.00000E-040  1.00000E-040  1.00000E-040  1.00000E-040  1.00000E-040  1.00000E-040  1.00000E-040  1.00000E-040  1.00000E-040  1.00000E-040  1.00000E-040  1.04698E-026  1.00000E-040  2.05930E-040  1.14744E-005  1.85781E-006  1.60683E-006  8.25235E-010  3.42139E-002  1.80966E-001  1.73334E-005  2.01102E-004  6.91105E-016  3.09999E-012  8.11120E-016  1.66830E-017  2.99218E-016  3.40006E-016  1.61590E-008  8.16559E-019  1.00000E-040  5.05757E-035  1.00000E-040  1.00000E-040  7.64536E-030  1.85414E-025  2.69947E-014  7.28308E-015  6.09161E-027  1.00000E-040  4.07096E-026  1.90692E-019  3.84597E-012  3.79922E-005  7.84548E-001  1.28883E-017  7.28316E-025  1.38304E-021  1.32099E-031  6.07624E-030  1.13476E-022  1.83501E-021  1.38441E-009  1.05830E-019  1.70216E-012  1.63539E-018  1.52990E-009  1.93807E-016  7.33923E-007  3.58708E-016  1.94557E-022  3.86925E-016  1.10673E-013  9.82991E-023  2.12841E-016  5.31263E-032  7.32013E-034  1.00000E-040  4.91940E-037  1.00000E-040  3.88456E-023  4.08661E-019  7.46196E-015  1.47755E-024  4.35354E-024  2.78709E-036  1.00000E-040  1.00000E-040  1.00000E-040  1.39839E-027  2.13046E-029  4.00105E-030  2.01600E-027  4.79143E-019  7.81399E-017  1.33307E-026  7.35316E-028  1.44609E-024  1.91419E-021  1.62170E-018  2.01066E-019  1.73446E-030  1.00000E-040  4.56969E-014  6.51635E-034  2.61618E-027  3.55330E-031  3.36998E-023  9.55026E-034  2.77488E-024  5.78949E-028  8.02755E-012  1.00000E-040  1.24177E-014  1.00000E-040  1.00000E-040  1.66096E-017  1.42345E-015  3.29975E-025  1.19219E-013  1.69876E-032  1.00000E-003  1.00000E-005  1.00000E-005  1.00000E-005  1.00000E-005  1.00000E-005  1.00000E-005  1.00000E-005  1.00000E-005  1.00000E-005  1.00000E-005  1.00000E-005  1.00000E-005  1.00000E-005  1.00000E-005  1.00000E-005  
8.95000E+001  4.86756E-007  1.82591E+013  1.93085E+002  4.06996E+005  1.00000E-040  1.00000E-040  1.00000E-040  1.00000E-040  1.00000E-040  1.00000E-040  1.00000E-040  1.00000E-040  1.00000E-040  1.00000E-040  1.00000E-040  1.00000E-040  1.00000E-040  1.00000E-040  1.03992E-026  1.00000E-040  2.23546E-040  1.17647E-005  1.87434E-006  1.28382E-006  6.24876E-010  4.04261E-002  1.76167E-001  1.93417E-005  1.91334E-004  6.33296E-016  2.69541E-012  1.78681E-015  1.74222E-017  2.65346E-016  2.99716E-016  1.29087E-008  9.93076E-019  1.55158E-035  1.01712E-034  2.08321E-034  1.00000E-040  3.36333E-030  1.12140E-025  2.67370E-014  5.83940E-015  1.12087E-026  1.00000E-040  3.86778E-026  2.33165E-019  3.56414E-012  5.13206E-005  7.83129E-001  1.27944E-017  7.11919E-025  1.17898E-021  2.57197E-031  6.45126E-030  9.19993E-023  1.29378E-021  1.21875E-009  7.56539E-019  1.21597E-012  1.59070E-018  1.30855E-009  7.64223E-017  6.41918E-007  2.66764E-016  1.22299E-022  2.70504E-016  9.34319E-014  3.82238E-023  1.16899E-016  4.70715E-032  9.23742E-034  1.00000E-040  2.32943E-037  1.00000E-040  3.67552E-023  3.01099E-019  5.81476E-015  1.18977E-024  3.23807E-024  1.67906E-036  1.00000E-040  1.00000E-040  1.00000E-040  1.11986E-027  2.24054E-029  3.35126E-030  1.50717E-027  4.82182E-019  8.16630E-017  1.10626E-026  8.21616E-028  8.72580E-025  1.61469E-021  1.51711E-018  2.03217E-019  2.02206E-030  1.00000E-040  4.39483E-014  3.35511E-034  1.95591E-027  2.90460E-031  3.14512E-023  3.62168E-034  1.70019E-024  2.55888E-028  1.11048E-011  1.00000E-040  1.19170E-014  2.08907E-038  1.00000E-040  1.28314E-017  1.78293E-014  2.32402E-025  9.51494E-014  1.38543E-032  1.00000E-003  1.00000E-005  1.00000E-005  1.00000E-005  1.00000E-005  1.00000E-005  1.00000E-005  1.00000E-005  1.00000E-005  1.00000E-005  1.00000E-005  1.00000E-005  1.00000E-005  1.00000E-005  1.00000E-005  1.00000E-005  
9.05000E+001  4.12543E-007  1.54644E+013  1.93221E+002  4.06996E+005  1.00000E-040  1.00000E-040  1.00000E-040  1.00000E-040  1.00000E-040  1.00000E-040  1.00000E-040  1.00000E-040  1.00000E-040  1.00000E-040  1.00000E-040  1.00000E-040  1.00000E-040  1.00000E-040  1.03535E-026  1.00000E-040  2.43948E-040  1.20042E-005  1.88715E-006  1.02581E-006  4.70148E-010  4.71178E-002  1.71098E-001  2.13591E-005  1.81160E-004  5.76338E-016  2.35166E-012  3.58927E-015  1.79526E-017  2.35162E-016  2.64302E-016  1.03326E-008  1.19388E-018  2.72660E-036  1.08183E-035  2.93914E-035  1.00000E-040  1.51157E-030  6.85302E-026  2.61605E-014  4.61245E-015  1.88489E-026  1.00000E-040  3.64165E-026  2.99686E-019  3.53006E-012  6.73662E-005  7.81499E-001  1.25399E-017  6.90319E-025  9.96205E-022  4.56766E-031  6.75112E-030  7.45012E-023  9.14689E-022  1.08483E-009  4.22312E-018  8.75323E-013  1.51948E-018  1.11454E-009  3.10636E-017  5.52404E-007  2.00825E-016  7.79211E-023  1.85225E-016  7.90897E-014  1.51399E-023  6.32785E-017  4.17170E-032  1.20113E-033  1.00000E-040  1.08902E-037  1.00000E-040  3.45732E-023  2.21656E-019  4.53195E-015  9.53553E-025  2.40139E-024  1.01360E-036  1.00000E-040  1.00000E-040  1.00000E-040  8.89143E-028  2.34087E-029  2.80609E-030  1.12224E-027  5.15994E-019  8.41969E-017  9.11131E-027  8.97192E-028  5.32275E-025  1.36557E-021  1.50674E-018  2.03104E-019  2.33086E-030  1.00000E-040  4.20930E-014  1.71957E-034  1.45637E-027  2.39354E-031  2.93901E-023  1.39955E-034  1.05577E-024  1.11978E-028  1.60558E-011  1.00000E-040  1.13912E-014  3.97428E-039  1.00000E-040  9.77461E-018  1.47160E-013  1.63897E-025  7.56504E-014  1.16795E-032  1.00000E-003  1.00000E-005  1.00000E-005  1.00000E-005  1.00000E-005  1.00000E-005  1.00000E-005  1.00000E-005  1.00000E-005  1.00000E-005  1.00000E-005  1.00000E-005  1.00000E-005  1.00000E-005  1.00000E-005  1.00000E-005  
9.15000E+001  3.49935E-007  1.31083E+013  1.93356E+002  4.06996E+005  1.00000E-040  1.00000E-040  1.00000E-040  1.00000E-040  1.00000E-040  1.00000E-040  1.00000E-040  1.00000E-040  1.00000E-040  1.00000E-040  1.00000E-040  1.00000E-040  1.00000E-040  1.00000E-040  1.03235E-026  1.00000E-040  2.67533E-040  1.22049E-005  1.89703E-006  8.21745E-007  3.51364E-010  5.42592E-002  1.65809E-001  2.33411E-005  1.70705E-004  5.23995E-016  2.06409E-012  6.67512E-015  1.83621E-017  2.09210E-016  2.34177E-016  8.31399E-009  1.42039E-018  1.00000E-040  1.00000E-040  1.00000E-040  1.00000E-040  6.91612E-031  4.22801E-026  2.53165E-014  3.58948E-015  2.93773E-026  1.00000E-040  3.38682E-026  4.11530E-019  3.78803E-012  8.63178E-005  7.79636E-001  1.24453E-017  6.66590E-025  8.40675E-022  7.54492E-031  7.00062E-030  6.04367E-023  6.53106E-022  9.77808E-010  1.71472E-017  6.34607E-013  1.43654E-018  9.46796E-010  1.30545E-017  4.67688E-007  1.53224E-016  5.03553E-023  1.24897E-016  6.71273E-014  6.11713E-024  3.39160E-017  3.70014E-032  1.58761E-033  1.00000E-040  5.01608E-038  1.00000E-040  3.23253E-023  1.63544E-019  3.54255E-015  7.63441E-025  1.78496E-024  6.15417E-037  1.00000E-040  1.00000E-040  1.00000E-040  6.99356E-028  2.43648E-029  2.37281E-030  8.37499E-028  5.95789E-019  8.61573E-017  7.47577E-027  9.63935E-028  3.27799E-025  1.16099E-021  1.58148E-018  2.04153E-019  2.72434E-030  1.00000E-040  4.01464E-014  8.77729E-035  1.08685E-027  1.98971E-031  2.74725E-023  5.49092E-035  6.65784E-025  4.84303E-029  2.41141E-011  1.00000E-040  1.08442E-014  1.41948E-039  1.00000E-040  7.38129E-018  8.60246E-013  1.16397E-025  6.00647E-014  1.03453E-032  1.00000E-003  1.00000E-005  1.00000E-005  1.00000E-005  1.00000E-005  1.00000E-005  1.00000E-005  1.00000E-005  1.00000E-005  1.00000E-005  1.00000E-005  1.00000E-005  1.00000E-005  1.00000E-005  1.00000E-005  1.00000E-005  
9.25000E+001  2.97095E-007  1.11098E+013  1.93689E+002  4.06996E+005  1.00000E-040  1.00000E-040  1.00000E-040  1.00000E-040  1.00000E-040  1.00000E-040  1.00000E-040  1.00000E-040  1.00000E-040  1.00000E-040  1.00000E-040  1.00000E-040  1.00000E-040  1.00000E-040  1.03114E-026  1.00000E-040  2.94747E-040  1.23766E-005  1.90460E-006  6.61620E-007  2.59887E-010  6.18122E-002  1.60359E-001  2.52405E-005  1.60110E-004  4.79153E-016  1.81822E-012  1.16545E-014  1.87673E-017  1.87848E-016  2.09635E-016  6.74842E-009  1.67566E-018  1.36351E-035  6.75025E-035  1.00000E-040  1.00000E-040  3.17731E-031  2.62922E-026  2.42602E-014  2.74813E-015  4.28550E-026  1.00000E-040  3.08929E-026  6.08085E-019  4.41695E-012  1.08355E-004  7.77520E-001  1.33021E-017  6.54717E-025  7.18064E-022  1.18187E-030  7.20257E-030  4.90127E-023  4.74177E-022  9.03891E-010  5.32836E-017  4.62603E-013  1.36901E-018  8.03600E-010  5.67464E-018  3.88010E-007  1.19823E-016  3.32967E-023  8.33425E-017  5.70997E-014  2.52582E-024  1.80783E-017  3.28720E-032  2.09135E-033  1.00000E-040  2.25392E-038  1.00000E-040  3.00400E-023  1.21315E-019  2.78554E-015  6.13697E-025  1.34889E-024  3.72967E-037  1.00000E-040  1.00000E-040  1.00000E-040  5.41552E-028  2.54422E-029  2.04659E-030  6.39131E-028  7.45927E-019  8.81349E-017  6.12820E-027  1.04324E-027  2.02941E-025  9.96234E-022  1.74322E-018  2.12352E-019  3.30411E-030  1.00000E-040  3.81271E-014  4.38827E-035  8.29408E-028  1.68438E-031  2.56663E-023  2.06573E-035  4.26442E-025  2.04934E-029  3.72996E-011  1.00000E-040  1.02810E-014  7.00099E-039  1.00000E-040  5.55622E-018  3.78314E-012  8.50474E-026  4.77499E-014  9.71603E-033  1.00000E-003  1.00000E-005  1.00000E-005  1.00000E-005  1.00000E-005  1.00000E-005  1.00000E-005  1.00000E-005  1.00000E-005  1.00000E-005  1.00000E-005  1.00000E-005  1.00000E-005  1.00000E-005  1.00000E-005  1.00000E-005  
9.35000E+001  2.52538E-007  9.39873E+012  1.94614E+002  4.06996E+005  1.00000E-040  1.00000E-040  1.00000E-040  1.00000E-040  1.00000E-040  1.00000E-040  1.00000E-040  1.00000E-040  1.00000E-040  1.00000E-040  1.00000E-040  1.00000E-040  1.00000E-040  1.00000E-040  1.03300E-026  1.00000E-040  3.26055E-040  1.25253E-005  1.91020E-006  5.36839E-007  1.88946E-010  6.97265E-002  1.54815E-001  2.70096E-005  1.49523E-004  4.44215E-016  1.59485E-012  1.93526E-014  1.93163E-017  1.71372E-016  1.90951E-016  5.54777E-009  1.96538E-018  1.00000E-040  5.17896E-035  2.52346E-036  1.00000E-040  1.43136E-031  1.64367E-026  2.30432E-014  2.06623E-015  5.88127E-026  1.00000E-040  2.74449E-026  9.61687E-019  5.53526E-012  1.33651E-004  7.75133E-001  1.67786E-017  6.81802E-025  6.29932E-022  1.79066E-030  7.32837E-030  3.94472E-023  3.52357E-022  8.83552E-010  1.33340E-016  3.38066E-013  1.34230E-018  6.82817E-010  2.54659E-018  3.12962E-007  9.87519E-017  2.30540E-023  5.52891E-017  4.86590E-014  1.06848E-024  9.62290E-018  2.92835E-032  2.68918E-033  1.00000E-040  9.73546E-039  1.00000E-040  2.77483E-023  9.07754E-020  2.21050E-015  4.98426E-025  1.06271E-024  2.22322E-037  1.00000E-040  1.00000E-040  1.00000E-040  4.07810E-028  2.68863E-029  1.81861E-030  5.17376E-028  1.00438E-018  9.09211E-017  5.02961E-027  1.18792E-027  1.25325E-025  8.67454E-022  2.01033E-018  2.36522E-019  4.18311E-030  1.00000E-040  3.60572E-014  2.07410E-035  6.71322E-028  1.48108E-031  2.39510E-023  1.14622E-035  2.76869E-025  8.33658E-030  5.90161E-011  1.00000E-040  9.70727E-015  5.76899E-039  1.00000E-040  4.19449E-018  1.31622E-011  6.65369E-026  3.81193E-014  9.65710E-033  1.00000E-003  1.00000E-005  1.00000E-005  1.00000E-005  1.00000E-005  1.00000E-005  1.00000E-005  1.00000E-005  1.00000E-005  1.00000E-005  1.00000E-005  1.00000E-005  1.00000E-005  1.00000E-005  1.00000E-005  1.00000E-005  
9.45000E+001  2.14974E-007  7.96294E+012  1.95537E+002  4.06996E+005  1.00000E-040  1.00000E-040  1.00000E-040  1.00000E-040  1.00000E-040  1.00000E-040  1.00000E-040  1.00000E-040  1.00000E-040  1.00000E-040  1.00000E-040  1.00000E-040  1.00000E-040  1.00000E-040  1.03477E-026  1.00000E-040  3.61958E-040  1.26552E-005  1.91408E-006  4.40337E-007  1.36969E-010  7.79336E-002  1.49258E-001  2.86018E-005  1.39101E-004  4.18698E-016  1.42822E-012  3.07602E-014  2.00890E-017  1.59287E-016  1.77400E-016  4.64102E-009  2.28374E-018  6.31501E-036  2.71201E-035  1.30796E-036  1.00000E-040  6.51232E-032  1.03802E-026  2.17051E-014  1.53117E-015  7.73404E-026  1.00000E-040  2.39268E-026  1.58762E-018  7.30417E-012  1.62368E-004  7.72463E-001  2.57867E-017  7.06451E-025  5.66516E-022  2.64832E-030  7.53468E-030  3.22370E-023  2.71709E-022  8.78329E-010  2.80634E-016  2.48959E-013  1.33209E-018  5.82165E-010  1.18191E-018  2.49423E-007  8.28907E-017  1.62817E-023  3.66369E-017  4.15727E-014  4.63809E-025  5.13559E-018  2.61970E-032  3.31890E-033  1.00000E-040  4.13348E-039  1.00000E-040  2.54830E-023  6.88139E-020  1.77718E-015  4.09194E-025  8.47849E-025  1.34830E-037  1.00000E-040  1.00000E-040  1.00000E-040  3.04838E-028  2.88479E-029  1.68111E-030  4.23941E-028  1.42288E-018  9.47289E-017  4.17562E-027  1.33786E-027  7.81937E-026  7.67566E-022  2.41045E-018  2.83917E-019  5.43264E-030  1.00000E-040  3.39616E-014  9.94423E-036  5.50080E-028  1.30956E-031  2.23178E-023  3.75171E-036  1.85074E-025  3.36421E-030  9.45337E-011  1.00000E-040  9.12964E-015  2.10991E-039  1.00000E-040  3.19723E-018  3.77483E-011  5.28002E-026  3.06650E-014  1.00482E-032  1.00000E-003  1.00000E-005  1.00000E-005  1.00000E-005  1.00000E-005  1.00000E-005  1.00000E-005  1.00000E-005  1.00000E-005  1.00000E-005  1.00000E-005  1.00000E-005  1.00000E-005  1.00000E-005  1.00000E-005  1.00000E-005  
9.55000E+001  1.83278E-007  6.74485E+012  1.96813E+002  4.06996E+005  1.00000E-040  1.00000E-040  1.00000E-040  1.00000E-040  1.00000E-040  1.00000E-040  1.00000E-040  1.00000E-040  1.00000E-040  1.00000E-040  1.00000E-040  1.00000E-040  1.00000E-040  1.00000E-040  1.03766E-026  1.00000E-040  4.03021E-040  1.27696E-005  1.91655E-006  3.66564E-007  9.84248E-011  8.63497E-002  1.43775E-001  2.99745E-005  1.28987E-004  4.05233E-016  1.30090E-012  4.72808E-014  2.13095E-017  1.52176E-016  1.69704E-016  3.97391E-009  2.63549E-018  1.00000E-040  1.00000E-040  1.00000E-040  1.00000E-040  2.94707E-032  6.61080E-027  2.02934E-014  1.11704E-015  9.78165E-026  1.00000E-040  2.03403E-026  2.69085E-018  9.93579E-012  1.94646E-004  7.69506E-001  4.54077E-017  7.55722E-025  5.30058E-022  3.89712E-030  7.82848E-030  2.66620E-023  2.19806E-022  9.10290E-010  5.31298E-016  1.84304E-013  1.37063E-018  4.99330E-010  5.66813E-019  1.94977E-007  7.24518E-017  1.19389E-023  2.43756E-017  3.56298E-014  2.07213E-025  2.76025E-018  2.35754E-032  3.90338E-033  1.00000E-040  1.71582E-039  1.00000E-040  2.32735E-023  5.31522E-020  1.45444E-015  3.42640E-025  7.02425E-025  8.27248E-038  1.00000E-040  1.00000E-040  1.00000E-040  2.23694E-028  3.14962E-029  1.63974E-030  3.64243E-028  2.08197E-018  1.00708E-016  3.52330E-027  1.54847E-027  4.89815E-026  6.95698E-022  3.02275E-018  3.70922E-019  7.13949E-030  1.00000E-040  3.18647E-014  4.70178E-036  4.72660E-028  1.18550E-031  2.07612E-023  2.62913E-036  1.27612E-025  1.32671E-030  1.53384E-010  1.00000E-040  8.55446E-015  1.31187E-040  1.00000E-040  2.47931E-018  9.51192E-011  4.41067E-026  2.49632E-014  1.07451E-032  1.00000E-003  1.00000E-005  1.00000E-005  1.00000E-005  1.00000E-005  1.00000E-005  1.00000E-005  1.00000E-005  1.00000E-005  1.00000E-005  1.00000E-005  1.00000E-005  1.00000E-005  1.00000E-005  1.00000E-005  1.00000E-005  
9.65000E+001  1.56590E-007  5.68441E+012  1.99524E+002  4.06996E+005  1.00000E-040  1.00000E-040  1.00000E-040  1.00000E-040  1.00000E-040  1.00000E-040  1.00000E-040  1.00000E-040  1.00000E-040  1.00000E-040  1.00000E-040  1.00000E-040  1.00000E-040  1.00000E-040  1.04593E-026  1.00000E-040  4.49745E-040  1.28673E-005  1.91746E-006  3.11258E-007  6.88663E-011  9.48578E-002  1.38469E-001  3.10906E-005  1.19322E-004  4.08915E-016  1.17777E-012  7.15034E-014  2.33564E-017  1.51352E-016  1.69654E-016  3.50628E-009  3.03818E-018  1.00000E-040  1.00000E-040  1.00000E-040  1.00000E-040  1.25870E-032  4.22109E-027  1.88521E-014  8.00548E-016  1.18703E-025  1.00000E-040  1.66783E-026  4.64919E-018  1.36950E-011  2.30569E-004  7.66277E-001  9.52925E-017  9.30062E-025  5.24960E-022  5.88040E-030  8.10432E-030  2.18648E-023  1.88093E-022  1.07282E-009  1.08010E-015  1.36125E-013  1.50969E-018  4.32137E-010  2.80296E-019  1.46213E-007  7.13722E-017  9.71168E-024  1.63935E-017  3.06690E-014  9.58996E-026  1.50385E-018  2.13855E-032  4.36344E-033  1.00000E-040  6.80717E-040  1.00000E-040  2.11495E-023  4.21634E-020  1.21867E-015  2.97116E-025  6.44669E-025  4.96731E-038  1.00000E-040  1.00000E-040  1.00000E-040  1.55890E-028  3.58484E-029  1.71507E-030  3.60765E-028  3.10822E-018  1.10999E-016  3.02529E-027  2.05495E-027  3.02166E-026  6.54290E-022  4.03557E-018  5.70250E-019  9.33692E-030  1.00000E-040  2.97933E-014  1.99503E-036  4.68025E-028  1.15948E-031  1.92821E-023  1.00000E-040  9.01024E-026  4.89830E-031  2.54935E-010  1.00000E-040  7.98877E-015  1.00000E-040  1.00000E-040  1.97209E-018  2.50169E-010  4.29533E-026  2.06710E-014  1.15769E-032  1.00000E-003  1.00000E-005  1.00000E-005  1.00000E-005  1.00000E-005  1.00000E-005  1.00000E-005  1.00000E-005  1.00000E-005  1.00000E-005  1.00000E-005  1.00000E-005  1.00000E-005  1.00000E-005  1.00000E-005  1.00000E-005  
9.75000E+001  1.34143E-007  4.80441E+012  2.02229E+002  4.06996E+005  1.00000E-040  1.00000E-040  1.00000E-040  1.00000E-040  1.00000E-040  1.00000E-040  1.00000E-040  1.00000E-040  1.00000E-040  1.00000E-040  1.00000E-040  1.00000E-040  1.00000E-040  1.00000E-040  1.05138E-026  1.00000E-040  5.02604E-040  1.29455E-005  1.91668E-006  2.71236E-007  4.85141E-011  1.03296E-001  1.33464E-001  3.19221E-005  1.10237E-004  4.30789E-016  1.12164E-012  1.10683E-013  2.64890E-017  1.56866E-016  1.77676E-016  3.20946E-009  3.46805E-018  1.00000E-040  1.00000E-040  1.00000E-040  1.00000E-040  5.39798E-033  2.73795E-027  1.74122E-014  5.70528E-016  1.48107E-025  1.00000E-040  1.34886E-026  7.97187E-018  1.88735E-011  2.70154E-004  7.62813E-001  3.09886E-016  1.13256E-024  5.39185E-022  9.48007E-030  8.78322E-030  1.87648E-023  1.74335E-022  1.28022E-009  3.27322E-015  1.01629E-013  1.68930E-018  3.78595E-010  1.45006E-019  1.08994E-007  7.13895E-017  8.04681E-024  1.12499E-017  2.66164E-014  4.64560E-026  8.40029E-019  1.95978E-032  4.62890E-033  1.00000E-040  2.68240E-040  1.00000E-040  1.91383E-023  3.47246E-020  1.05218E-015  2.67049E-025  6.12065E-025  3.13298E-038  1.00000E-040  1.00000E-040  1.00000E-040  1.08340E-028  4.22612E-029  1.95394E-030  3.68700E-028  4.65128E-018  1.26366E-016  2.69822E-027  2.69252E-027  1.89548E-026  6.40179E-022  5.78443E-018  1.33741E-018  1.18316E-029  1.00000E-040  2.77749E-014  8.97442E-037  4.78363E-028  1.13634E-031  1.78875E-023  3.24072E-036  6.75259E-026  1.83188E-031  4.34687E-010  1.00000E-040  7.44009E-015  1.00000E-040  1.00000E-040  1.62289E-018  9.47367E-010  4.28026E-026  1.75148E-014  1.23725E-032  1.00000E-003  1.00000E-005  1.00000E-005  1.00000E-005  1.00000E-005  1.00000E-005  1.00000E-005  1.00000E-005  1.00000E-005  1.00000E-005  1.00000E-005  1.00000E-005  1.00000E-005  1.00000E-005  1.00000E-005  1.00000E-005  
9.85000E+001  1.15210E-007  4.06435E+012  2.05313E+002  4.06996E+005  1.00000E-040  1.00000E-040  1.00000E-040  1.00000E-040  1.00000E-040  1.00000E-040  1.00000E-040  1.00000E-040  1.00000E-040  1.00000E-040  1.00000E-040  1.00000E-040  1.00000E-040  1.00000E-040  1.04797E-026  1.00000E-040  5.62229E-040  1.30038E-005  1.91464E-006  2.44479E-007  3.44852E-011  1.11441E-001  1.28914E-001  3.24506E-005  1.01818E-004  4.81679E-016  1.13134E-012  2.02779E-013  3.16182E-017  1.71275E-016  1.98569E-016  3.06591E-009  3.92773E-018  1.49569E-036  5.13361E-036  1.70224E-036  1.00000E-040  2.32711E-033  1.80521E-027  1.60015E-014  4.10283E-016  2.18452E-025  1.00000E-040  1.08315E-026  1.34741E-017  2.56968E-011  3.13133E-004  7.59183E-001  1.63590E-015  1.41726E-024  5.72009E-022  1.92164E-029  1.01353E-029  1.69756E-023  1.78483E-022  1.60378E-009  1.59183E-014  7.66050E-014  1.91246E-018  3.36880E-010  8.17745E-020  8.01588E-008  7.49448E-017  6.98654E-024  7.97420E-018  2.33790E-014  2.44187E-026  4.91462E-019  1.81837E-032  4.65782E-033  1.00000E-040  1.07983E-040  1.00000E-040  1.72567E-023  3.00642E-020  9.42280E-016  2.52324E-025  6.20885E-025  2.11589E-038  1.00000E-040  1.00000E-040  1.00000E-040  7.42201E-029  5.20932E-029  2.49152E-030  4.05601E-028  6.92965E-018  1.50269E-016  2.53503E-027  3.62000E-027  1.20429E-026  6.61871E-022  9.17831E-018  5.82178E-018  1.43096E-029  1.00000E-040  2.58299E-014  4.23714E-037  5.26571E-028  1.13779E-031  1.65803E-023  4.42007E-037  5.43750E-026  7.00350E-032  7.78904E-010  1.00000E-040  6.91381E-015  1.02650E-040  1.00000E-040  1.39168E-018  5.51410E-009  4.54257E-026  1.52798E-014  1.28583E-032  1.00000E-003  1.00000E-005  1.00000E-005  1.00000E-005  1.00000E-005  1.00000E-005  1.00000E-005  1.00000E-005  1.00000E-005  1.00000E-005  1.00000E-005  1.00000E-005  1.00000E-005  1.00000E-005  1.00000E-005  1.00000E-005  
9.95000E+001  9.92809E-008  3.40634E+012  2.11103E+002  4.06996E+005  1.00000E-040  1.00000E-040  1.00000E-040  1.00000E-040  1.00000E-040  1.00000E-040  1.00000E-040  1.00000E-040  1.00000E-040  1.00000E-040  1.00000E-040  1.00000E-040  1.00000E-040  1.00000E-040  9.92528E-027  1.00000E-040  6.29007E-040  1.30357E-005  1.91156E-006  2.30645E-007  2.57353E-011  1.18898E-001  1.25068E-001  3.26642E-005  9.41583E-005  6.01006E-016  1.19526E-012  5.45056E-013  4.16644E-017  2.01190E-016  2.53651E-016  3.06774E-009  4.45672E-018  2.36410E-037  6.71516E-037  1.13932E-036  1.00000E-040  1.00960E-033  1.20081E-027  1.46443E-014  3.08075E-016  4.55010E-025  1.00000E-040  8.67788E-027  2.23878E-017  3.37366E-011  3.57458E-004  7.55535E-001  2.02503E-014  2.25442E-024  6.23911E-022  6.37932E-029  1.23068E-029  1.56426E-023  2.07941E-022  2.71979E-009  1.86926E-013  5.74943E-014  2.17108E-018  3.05574E-010  5.59000E-020  5.60721E-008  1.04701E-016  7.84643E-024  5.93292E-018  2.08807E-014  1.53567E-026  3.13462E-019  1.71239E-032  4.44103E-033  1.00000E-040  1.00000E-040  1.00000E-040  1.55222E-023  2.76842E-020  8.80397E-016  2.61311E-025  7.58445E-025  1.50676E-038  1.00000E-040  1.00000E-040  1.00000E-040  4.68206E-029  6.70224E-029  3.73826E-030  5.75129E-028  1.01815E-017  1.91405E-016  2.56739E-027  6.16130E-027  7.49477E-027  7.43829E-022  1.67013E-017  6.87809E-017  1.62301E-029  1.00000E-040  2.39823E-014  1.89139E-037  7.45055E-028  1.29433E-031  1.53677E-023  1.02529E-037  4.82934E-026  2.81667E-032  1.51118E-009  1.00000E-040  6.41631E-015  1.00000E-040  1.00000E-040  1.24824E-018  7.32361E-008  6.23864E-026  1.38077E-014  1.26460E-032  1.00000E-003  1.00000E-005  1.00000E-005  1.00000E-005  1.00000E-005  1.00000E-005  1.00000E-005  1.00000E-005  1.00000E-005  1.00000E-005  1.00000E-005  1.00000E-005  1.00000E-005  1.00000E-005  1.00000E-005  1.00000E-005  
