alt           press         den           temp          eddy          H2Oaer        CO2aer        S8aer         H2SO4aer      NH3aer        N2Oaer        C2H2aer       C2H4aer       C2H6aer       CH3CNaer      HCCCNaer      HCNaer        CH4aer        HCaer1        HCaer2        HCaer3        He            H             H2            H2O           OH            O             O2            CO            CO2           HCO           H2CO          C             CH            CH2           CH3           CH4           S             S2            S3            S4            S8            H2S           HS            SO            SO2           CS            CS2           OCS           CN            HCN           N             N2            NH            NH2           NH3           C2            C2H           C2H2          C2H4          NO            HNO           HO2           HNCO          N2O           H2O2          O3            NO2           NO3           SO3           HNO2          HNO3          H2SO4         HCl           Cl            Cl2           HOCl          N2H4          ClO           C2H6          CH3OH         CH2CO         CH3CHO        C3H4          C3H6          C4H2          C4H4          OClO          HCS           C2H3          C2H5          NCO           1CH2          HCCO          NNH           HSO           CH3O          H2COH         H2CN          N2H2          C4H           HCNOH         C2H2OH        CH3CO         CH2CHO        C2H3OH        C2H4OH        CH3O2         HSO3          O1D           N2H3          NH2CO         HS4           C4H3          CH2N2         N2D           CH2CN         CH3CN         HCCCN         H2Oaer_r      CO2aer_r      S8aer_r       H2SO4aer_r    NH3aer_r      N2Oaer_r      C2H2aer_r     C2H4aer_r     C2H6aer_r     CH3CNaer_r    HCCCNaer_r    HCNaer_r      CH4aer_r      HCaer1_r      HCaer2_r      HCaer3_r      
5.00000E-001  1.00966E+000  2.54480E+019  2.87368E+002  1.00000E+005  6.84038E-004  1.00000E-040  1.00000E-040  2.28321E-032  1.00000E-040  1.00000E-040  1.00000E-040  1.00000E-040  1.00000E-040  1.00000E-040  1.00000E-040  1.00000E-040  1.00000E-040  1.00000E-040  1.33845E-023  1.00000E-040  1.00000E-040  1.06727E-021  4.95216E-007  6.44336E-003  3.86841E-014  8.46411E-017  2.10694E-001  3.84100E-008  2.81282E-004  1.32199E-022  2.17977E-010  1.00000E-040  1.00000E-040  1.76899E-033  3.16861E-020  8.00268E-007  5.29577E-029  7.31303E-027  1.00000E-040  1.00000E-040  1.00000E-040  8.83838E-012  9.60023E-018  8.05519E-019  3.60420E-011  1.00000E-040  1.00000E-040  3.33775E-010  9.46852E-035  5.00820E-011  1.00039E-031  7.82579E-001  8.44650E-024  3.09701E-014  5.56878E-010  1.00000E-040  1.00000E-040  1.62912E-029  4.48462E-025  1.27904E-012  5.72665E-016  1.30673E-011  1.05199E-014  2.70388E-007  1.63398E-009  4.61331E-008  1.45274E-011  2.92850E-013  3.60834E-019  1.56725E-012  1.80865E-011  2.67638E-011  1.00000E-040  1.00000E-040  1.50495E-036  1.00000E-040  2.79620E-013  1.00000E-040  1.77697E-023  1.50602E-017  1.81246E-025  1.95067E-025  1.00000E-040  2.24842E-038  1.00000E-040  1.00000E-040  1.00000E-040  1.00000E-040  1.86312E-040  5.06928E-026  1.00327E-016  5.43242E-035  5.26339E-039  4.80636E-023  1.59368E-017  9.24960E-019  3.67016E-015  5.68224E-025  6.92494E-011  1.00000E-040  3.25061E-019  1.00000E-040  9.82075E-026  8.26348E-031  1.27219E-022  1.65627E-025  3.38793E-011  1.92987E-023  1.68146E-022  1.61093E-013  1.68378E-014  1.00000E-040  1.00000E-040  1.82404E-023  1.00000E-040  6.01506E-022  3.66130E-011  1.00000E-040  1.00000E-003  1.00000E-005  1.00000E-005  1.00000E-005  1.00000E-005  1.00000E-005  1.00000E-005  1.00000E-005  1.00000E-005  1.00000E-005  1.00000E-005  1.00000E-005  1.00000E-005  1.00000E-005  1.00000E-005  1.00000E-005  
1.50000E+000  8.94337E-001  2.30554E+019  2.80961E+002  1.00000E+005  8.97855E-004  1.00000E-040  1.00000E-040  2.67816E-029  1.00000E-040  1.00000E-040  1.00000E-040  1.00000E-040  1.00000E-040  1.00000E-040  1.00000E-040  1.00000E-040  1.00000E-040  1.00000E-040  7.87072E-024  1.00000E-040  1.00000E-040  1.00843E-021  4.96008E-007  4.91818E-003  3.85673E-014  9.91391E-017  2.11018E-001  3.73176E-008  2.81716E-004  8.45036E-023  1.27174E-010  1.00000E-040  1.00000E-040  1.47146E-033  2.77486E-020  7.99917E-007  3.94021E-029  7.23705E-027  1.00000E-040  1.00000E-040  1.00000E-040  4.93915E-012  5.53081E-018  6.02916E-019  7.42500E-011  1.00000E-040  1.00000E-040  3.34004E-010  5.63114E-035  5.00306E-011  1.72529E-031  7.83781E-001  1.16977E-023  8.67497E-014  5.31758E-010  1.00000E-040  1.00000E-040  1.57786E-029  4.47014E-025  6.40503E-014  1.03630E-015  1.20604E-011  9.02690E-015  2.70774E-007  1.55433E-009  4.59588E-008  2.18786E-012  9.22300E-014  2.32310E-019  8.42349E-013  2.34797E-011  2.88449E-011  1.00000E-040  1.00000E-040  1.00000E-040  1.00000E-040  7.00744E-013  1.00000E-040  1.80446E-023  1.39699E-017  2.05705E-025  1.59651E-025  1.00000E-040  2.18134E-038  1.00000E-040  1.00000E-040  1.00000E-040  1.00000E-040  1.74083E-040  2.92399E-026  6.20952E-016  4.22063E-035  6.19966E-039  6.03484E-023  1.29096E-017  5.95056E-019  4.32959E-015  3.79715E-025  7.02295E-011  1.00000E-040  5.18395E-019  1.00000E-040  1.13878E-025  7.91945E-031  1.27414E-022  1.37649E-025  3.86716E-010  4.11004E-023  2.14836E-022  3.22835E-013  1.70059E-014  1.00000E-040  1.00000E-040  1.24172E-023  1.00000E-040  5.81476E-022  3.64039E-011  1.00000E-040  1.00000E-003  1.00000E-005  1.00000E-005  1.00000E-005  1.00000E-005  1.00000E-005  1.00000E-005  1.00000E-005  1.00000E-005  1.00000E-005  1.00000E-005  1.00000E-005  1.00000E-005  1.00000E-005  1.00000E-005  1.00000E-005  
2.50000E+000  7.90670E-001  2.07400E+019  2.76124E+002  1.00000E+005  5.97489E-004  1.00000E-040  1.00000E-040  2.81946E-026  1.00000E-040  1.00000E-040  1.00000E-040  1.00000E-040  1.00000E-040  1.00000E-040  1.00000E-040  1.00000E-040  1.00000E-040  1.00000E-040  8.27564E-024  1.00000E-040  1.00000E-040  1.10256E-021  4.96457E-007  3.92516E-003  4.55807E-014  1.20156E-016  2.11228E-001  3.60232E-008  2.82000E-004  3.83066E-023  4.80170E-011  1.00000E-040  1.00000E-040  1.82968E-033  3.05165E-020  7.99374E-007  3.32377E-029  7.10557E-027  1.00000E-040  1.00000E-040  1.00000E-040  2.73493E-012  3.71450E-018  5.01727E-019  5.73771E-011  1.00000E-040  1.00000E-040  3.34071E-010  4.42103E-035  4.99729E-011  3.25223E-031  7.84563E-001  1.54891E-023  1.10355E-013  5.09888E-010  1.00000E-040  1.00000E-040  1.49504E-029  4.30131E-025  8.45314E-015  1.43523E-015  1.04800E-011  8.57061E-015  2.71011E-007  1.42738E-009  4.60711E-008  4.77592E-013  2.78486E-014  1.68843E-019  4.37115E-013  2.28666E-011  3.02267E-011  1.00000E-040  1.00000E-040  1.00000E-040  1.00000E-040  9.46700E-013  1.00000E-040  1.85720E-023  1.25211E-017  2.53543E-025  1.31967E-025  1.00000E-040  2.08038E-038  1.00000E-040  1.00000E-040  1.00000E-040  1.00000E-040  1.88923E-040  2.56913E-026  2.81284E-015  4.97411E-035  1.10020E-038  8.58939E-023  1.14313E-017  2.03609E-019  4.77486E-015  2.90948E-025  7.12644E-011  1.00000E-040  8.62009E-019  1.00000E-040  1.49829E-025  7.41640E-031  1.27541E-022  1.15982E-025  8.41485E-010  3.84906E-023  2.71071E-022  4.42122E-013  1.71404E-014  1.00000E-040  1.00000E-040  1.14481E-023  1.00000E-040  5.49629E-022  3.62140E-011  1.00000E-040  1.00000E-003  1.00000E-005  1.00000E-005  1.00000E-005  1.00000E-005  1.00000E-005  1.00000E-005  1.00000E-005  1.00000E-005  1.00000E-005  1.00000E-005  1.00000E-005  1.00000E-005  1.00000E-005  1.00000E-005  1.00000E-005  
3.50000E+000  6.97571E-001  1.86304E+019  2.71195E+002  1.00000E+005  5.50080E-004  1.00000E-040  1.00000E-040  1.70697E-023  1.00000E-040  1.00000E-040  1.00000E-040  1.00000E-040  1.00000E-040  1.00000E-040  1.00000E-040  1.00000E-040  1.00000E-040  1.00000E-040  1.25309E-023  1.00000E-040  1.00000E-040  1.21717E-021  4.96906E-007  3.04457E-003  5.09242E-014  1.47701E-016  2.11415E-001  3.48196E-008  2.82251E-004  2.36096E-023  2.55092E-011  1.00000E-040  1.00000E-040  2.02133E-033  3.15224E-020  7.98973E-007  2.59922E-029  6.93675E-027  1.00000E-040  1.00000E-040  1.00000E-040  1.52547E-012  2.36415E-018  4.06342E-019  4.42961E-011  1.00000E-040  1.00000E-040  3.34119E-010  3.20849E-035  4.99263E-011  5.03380E-031  7.85256E-001  1.74517E-023  1.14645E-013  4.91370E-010  1.00000E-040  1.00000E-040  1.39382E-029  4.13817E-025  4.18273E-015  1.80829E-015  1.00422E-011  7.26386E-015  2.71213E-007  1.29613E-009  4.68341E-008  2.59583E-013  1.79914E-014  1.15176E-019  2.37679E-013  2.22463E-011  2.96678E-011  1.00000E-040  1.00000E-040  1.00000E-040  1.00000E-040  9.49127E-013  1.00000E-040  1.93904E-023  1.11698E-017  3.15450E-025  1.14764E-025  1.00000E-040  1.95841E-038  1.00000E-040  1.00000E-040  1.00000E-040  1.00000E-040  1.93599E-040  2.61461E-026  5.14821E-015  5.19272E-035  8.66964E-039  1.15945E-022  9.88527E-018  1.64016E-019  5.41979E-015  2.35036E-025  7.17874E-011  1.00000E-040  1.38457E-018  1.00000E-040  1.88402E-025  6.82078E-031  1.27654E-022  1.07368E-025  1.09862E-009  3.40899E-023  3.40711E-022  4.65751E-013  1.72300E-014  1.00000E-040  1.00000E-040  9.69062E-024  1.00000E-040  5.09629E-022  3.60516E-011  1.00000E-040  1.00000E-003  1.00000E-005  1.00000E-005  1.00000E-005  1.00000E-005  1.00000E-005  1.00000E-005  1.00000E-005  1.00000E-005  1.00000E-005  1.00000E-005  1.00000E-005  1.00000E-005  1.00000E-005  1.00000E-005  1.00000E-005  
4.50000E+000  6.13907E-001  1.67498E+019  2.65466E+002  1.00000E+005  5.63232E-004  1.00000E-040  1.00000E-040  4.29444E-021  1.00000E-040  1.00000E-040  1.00000E-040  1.00000E-040  1.00000E-040  1.00000E-040  1.00000E-040  1.00000E-040  1.00000E-040  1.00000E-040  3.69311E-024  1.00000E-040  1.00000E-040  1.28536E-021  4.97449E-007  2.15091E-003  5.31891E-014  1.82230E-016  2.11605E-001  3.37984E-008  2.82506E-004  2.31228E-023  2.23318E-011  1.00000E-040  1.00000E-040  1.86588E-033  2.93391E-020  7.98797E-007  1.91619E-029  6.74464E-027  1.00000E-040  1.00000E-040  1.00000E-040  8.71703E-013  1.44006E-018  3.35014E-019  3.44482E-011  1.00000E-040  1.00000E-040  3.34188E-010  1.99343E-035  4.98958E-011  6.74033E-031  7.85960E-001  1.73431E-023  1.11719E-013  4.76096E-010  1.00000E-040  1.00000E-040  1.28496E-029  3.99843E-025  4.57388E-015  2.21671E-015  9.69493E-012  5.39344E-015  2.71413E-007  1.15744E-009  4.83105E-008  2.54954E-013  1.69700E-014  6.80987E-020  1.53630E-013  2.18776E-011  2.57517E-011  1.00000E-040  1.00000E-040  1.00000E-040  1.00000E-040  8.57894E-013  1.00000E-040  2.05342E-023  9.98301E-018  3.91273E-025  1.02287E-025  1.00000E-040  1.82593E-038  1.00000E-040  1.00000E-040  1.00000E-040  1.00000E-040  1.84729E-040  2.68463E-026  5.44985E-015  4.47630E-035  1.00000E-040  1.50721E-022  8.82223E-018  2.10967E-019  6.47038E-015  1.83020E-025  7.16161E-011  1.00000E-040  2.28656E-018  1.00000E-040  2.30124E-025  6.18197E-031  1.27768E-022  1.03993E-025  1.13583E-009  2.86522E-023  4.27623E-022  4.39305E-013  1.72865E-014  1.00000E-040  1.00000E-040  6.91875E-024  1.00000E-040  4.64435E-022  3.59195E-011  1.00000E-040  1.00000E-003  1.00000E-005  1.00000E-005  1.00000E-005  1.00000E-005  1.00000E-005  1.00000E-005  1.00000E-005  1.00000E-005  1.00000E-005  1.00000E-005  1.00000E-005  1.00000E-005  1.00000E-005  1.00000E-005  1.00000E-005  
5.50000E+000  5.38836E-001  1.50447E+019  2.59412E+002  1.00000E+005  4.68915E-004  1.00000E-040  1.00000E-040  2.18196E-018  1.00000E-040  1.00000E-040  1.00000E-040  1.00000E-040  1.00000E-040  1.00000E-040  1.00000E-040  1.00000E-040  1.00000E-040  1.00000E-040  2.65863E-024  1.00000E-040  1.00000E-040  1.34777E-021  4.97976E-007  1.43205E-003  5.42519E-014  2.26894E-016  2.11757E-001  3.29479E-008  2.82711E-004  2.84720E-023  2.48176E-011  1.00000E-040  1.00000E-040  1.60203E-033  2.61590E-020  7.98656E-007  1.41263E-029  6.53812E-027  1.00000E-040  1.00000E-040  1.00000E-040  5.13251E-013  8.84888E-019  2.90312E-019  2.70887E-011  1.00000E-040  1.00000E-040  3.34210E-010  1.14773E-035  4.98708E-011  8.83347E-031  7.86527E-001  1.67756E-023  1.06494E-013  4.63554E-010  1.00000E-040  1.00000E-040  1.17693E-029  3.87684E-025  7.07138E-015  2.69445E-015  9.43690E-012  3.91141E-015  2.71561E-007  1.05270E-009  5.04573E-008  3.06548E-013  1.79101E-014  4.11248E-020  1.41956E-013  2.27185E-011  2.15337E-011  1.00000E-040  1.00000E-040  1.00000E-040  1.00000E-040  7.42265E-013  1.00000E-040  2.20346E-023  8.95902E-018  4.90232E-025  9.16969E-026  1.00000E-040  1.69123E-038  1.00000E-040  1.00000E-040  1.00000E-040  1.00000E-040  1.72160E-040  2.76706E-026  4.45976E-015  3.56345E-035  1.03076E-037  1.94366E-022  8.34495E-018  3.07516E-019  7.92067E-015  1.38998E-025  7.07989E-011  1.00000E-040  3.89467E-018  1.00000E-040  2.81762E-025  5.54782E-031  1.27860E-022  1.01854E-025  9.98923E-010  2.38821E-023  5.36968E-022  3.94024E-013  1.73197E-014  1.00000E-040  1.00000E-040  4.53196E-024  1.00000E-040  4.17110E-022  3.58080E-011  1.00000E-040  1.00000E-003  1.00000E-005  1.00000E-005  1.00000E-005  1.00000E-005  1.00000E-005  1.00000E-005  1.00000E-005  1.00000E-005  1.00000E-005  1.00000E-005  1.00000E-005  1.00000E-005  1.00000E-005  1.00000E-005  1.00000E-005  
6.50000E+000  4.71503E-001  1.35143E+019  2.52702E+002  1.00000E+005  3.68758E-004  1.00000E-040  1.00000E-040  8.83327E-016  1.00000E-040  1.00000E-040  1.00000E-040  1.00000E-040  1.00000E-040  1.00000E-040  1.00000E-040  1.00000E-040  1.00000E-040  1.00000E-040  1.78334E-024  1.00000E-040  1.00000E-040  1.40950E-021  4.98461E-007  8.81696E-004  5.45543E-014  2.82867E-016  2.11874E-001  3.22334E-008  2.82868E-004  3.79517E-023  2.99792E-011  1.00000E-040  1.00000E-040  1.27774E-033  2.21789E-020  7.98512E-007  1.05797E-029  6.32415E-027  2.49685E-037  2.57877E-036  1.00000E-040  3.11969E-013  5.56617E-019  2.73196E-019  2.15836E-011  1.00000E-040  1.00000E-040  3.34182E-010  5.94412E-036  4.98492E-011  1.19747E-030  7.86960E-001  1.62155E-023  9.93822E-014  4.53258E-010  1.00000E-040  1.00000E-040  1.07534E-029  3.76490E-025  1.37674E-014  3.24631E-015  9.25324E-012  2.86167E-015  2.71657E-007  9.74727E-010  5.32182E-008  4.03281E-013  1.96220E-014  2.72614E-020  1.95769E-013  2.47797E-011  1.69549E-011  1.00000E-040  1.00000E-040  1.00000E-040  1.00000E-040  6.19591E-013  1.00000E-040  2.39274E-023  8.08100E-018  6.28160E-025  8.21104E-026  1.00000E-040  1.55990E-038  1.00000E-040  1.00000E-040  1.00000E-040  1.00000E-040  1.57366E-040  2.86226E-026  3.12781E-015  2.60261E-035  1.00000E-040  2.55927E-022  8.69860E-018  4.79087E-019  9.77478E-015  1.02605E-025  6.94728E-011  1.00000E-040  7.20794E-018  1.00000E-040  3.54156E-025  4.94733E-031  1.27931E-022  9.99626E-026  7.48247E-010  2.00442E-023  6.73122E-022  3.40961E-013  1.73386E-014  1.00000E-040  1.00000E-040  2.73564E-024  1.00000E-040  3.70271E-022  3.57126E-011  1.00000E-040  1.00000E-003  1.00000E-005  1.00000E-005  1.00000E-005  1.00000E-005  1.00000E-005  1.00000E-005  1.00000E-005  1.00000E-005  1.00000E-005  1.00000E-005  1.00000E-005  1.00000E-005  1.00000E-005  1.00000E-005  1.00000E-005  
7.50000E+000  4.11154E-001  1.21214E+019  2.45680E+002  1.00000E+005  2.55930E-004  1.00000E-040  1.00000E-040  2.92286E-013  1.00000E-040  1.00000E-040  1.00000E-040  1.00000E-040  1.00000E-040  1.00000E-040  1.00000E-040  1.00000E-040  1.00000E-040  1.00000E-040  1.40325E-024  1.00000E-040  1.00000E-040  1.51193E-021  4.98861E-007  5.08716E-004  5.52812E-014  3.54192E-016  2.11953E-001  3.16039E-008  2.82975E-004  5.19575E-023  3.69763E-011  1.00000E-040  1.00000E-040  1.00377E-033  1.85110E-020  7.98319E-007  8.24998E-030  6.10720E-027  4.70716E-037  4.91531E-036  1.00000E-040  1.95553E-013  3.66355E-019  2.80856E-019  1.74471E-011  1.00000E-040  1.00000E-040  3.34096E-010  2.90045E-036  4.98281E-011  1.72008E-030  7.87254E-001  1.58854E-023  9.12883E-014  4.44734E-010  1.00000E-040  1.00000E-040  9.84048E-030  3.66458E-025  3.36983E-014  3.86449E-015  9.23626E-012  2.13119E-015  2.71699E-007  9.15360E-010  5.65202E-008  5.56448E-013  2.15332E-014  2.41529E-020  3.35965E-013  2.81529E-011  1.18786E-011  1.00000E-040  1.00000E-040  1.00000E-040  1.00000E-040  4.94758E-013  1.00000E-040  2.62497E-023  7.33366E-018  8.24201E-025  7.39804E-026  1.00000E-040  1.43555E-038  1.00000E-040  1.00000E-040  1.00000E-040  1.00000E-040  1.44799E-040  3.00688E-026  2.01699E-015  1.85505E-035  1.76784E-038  3.48889E-022  1.00188E-017  7.78414E-019  1.19335E-014  7.51148E-026  6.77827E-011  1.00000E-040  1.44088E-017  1.00000E-040  4.62451E-025  4.40320E-031  1.27978E-022  9.83111E-026  4.54404E-010  1.72927E-023  8.42784E-022  2.82631E-013  1.73490E-014  1.00000E-040  1.00000E-040  1.59904E-024  1.00000E-040  3.26025E-022  3.56283E-011  1.00000E-040  1.00000E-003  1.00000E-005  1.00000E-005  1.00000E-005  1.00000E-005  1.00000E-005  1.00000E-005  1.00000E-005  1.00000E-005  1.00000E-005  1.00000E-005  1.00000E-005  1.00000E-005  1.00000E-005  1.00000E-005  1.00000E-005  
8.50000E+000  3.57151E-001  1.08481E+019  2.38460E+002  1.00000E+005  1.61021E-004  1.00000E-040  1.00000E-040  6.57879E-011  1.00000E-040  1.00000E-040  1.00000E-040  1.00000E-040  1.00000E-040  1.00000E-040  1.00000E-040  1.00000E-040  1.00000E-040  1.00000E-040  1.22553E-024  1.00000E-040  1.00000E-040  1.66721E-021  4.99151E-007  2.77388E-004  5.72260E-014  4.45306E-016  2.12002E-001  3.09999E-008  2.83042E-004  6.68821E-023  4.24678E-011  1.00000E-040  1.00000E-040  8.01248E-034  1.54678E-020  7.98073E-007  6.79980E-030  5.89167E-027  1.00000E-040  1.00000E-040  1.00000E-040  1.26601E-013  2.55797E-019  3.18060E-019  1.43403E-011  1.00000E-040  1.00000E-040  3.33958E-010  1.35767E-036  4.98072E-011  2.64768E-030  7.87436E-001  1.57701E-023  8.13188E-014  4.37603E-010  1.00000E-040  1.00000E-040  9.05485E-030  3.58287E-025  1.07923E-013  4.51199E-015  9.24561E-012  1.61925E-015  2.71695E-007  8.52252E-010  6.02909E-008  7.72582E-013  2.22909E-014  3.00163E-020  6.10854E-013  3.28000E-011  5.75871E-012  1.00000E-040  1.00000E-040  1.00000E-040  1.00000E-040  3.66755E-013  1.00000E-040  2.90454E-023  6.70090E-018  1.09602E-024  6.78546E-026  1.00000E-040  1.32062E-038  1.00000E-040  1.00000E-040  1.00000E-040  1.00000E-040  1.36356E-040  3.26089E-026  1.25214E-015  1.33186E-035  1.00000E-040  4.99464E-022  1.28587E-017  1.22160E-018  1.42161E-014  5.49489E-026  6.58708E-011  1.00000E-040  3.13851E-017  1.00000E-040  6.33080E-025  3.92957E-031  1.28008E-022  9.71948E-026  1.96273E-010  1.55711E-023  1.05343E-021  2.19237E-013  1.73545E-014  1.00000E-040  1.00000E-040  9.34343E-025  1.00000E-040  2.85909E-022  3.55519E-011  1.00000E-040  1.00000E-003  1.00000E-005  1.00000E-005  1.00000E-005  1.00000E-005  1.00000E-005  1.00000E-005  1.00000E-005  1.00000E-005  1.00000E-005  1.00000E-005  1.00000E-005  1.00000E-005  1.00000E-005  1.00000E-005  1.00000E-005  
9.50000E+000  3.08953E-001  9.67280E+018  2.31343E+002  9.61769E+004  8.93456E-005  1.00000E-040  1.00000E-040  2.15551E-010  1.00000E-040  1.00000E-040  1.00000E-040  1.00000E-040  1.00000E-040  1.00000E-040  1.00000E-040  1.00000E-040  1.00000E-040  1.00000E-040  4.31530E-024  1.00000E-040  1.00000E-040  1.84122E-021  4.99313E-007  1.47447E-004  6.19786E-014  5.64973E-016  2.12029E-001  3.03565E-008  2.83080E-004  6.42102E-023  3.58014E-011  1.00000E-040  1.00000E-040  6.92831E-034  1.34338E-020  7.97774E-007  6.06926E-030  5.67736E-027  2.21412E-037  2.24993E-036  1.00000E-040  8.49183E-014  1.93714E-019  3.98927E-019  1.19997E-011  1.00000E-040  1.00000E-040  3.33772E-010  6.42320E-037  4.97861E-011  4.36964E-030  7.87538E-001  1.57353E-023  6.68018E-014  4.31466E-010  1.00000E-040  1.00000E-040  8.40176E-030  3.53308E-025  4.06374E-013  5.12157E-015  8.56561E-012  1.27322E-015  2.71653E-007  7.55828E-010  6.45534E-008  9.82438E-013  1.93388E-014  4.69575E-020  1.09797E-012  3.88317E-011  2.25747E-012  1.00000E-040  1.00000E-040  1.00000E-040  1.00000E-040  2.38033E-013  1.00000E-040  3.24354E-023  6.16171E-018  1.44739E-024  6.43494E-026  1.00000E-040  1.21504E-038  1.00000E-040  1.00000E-040  1.00000E-040  1.00000E-040  1.35596E-040  3.76059E-026  7.89557E-016  1.03070E-035  2.45593E-037  7.60736E-022  1.84273E-017  1.33578E-018  1.63833E-014  4.02811E-026  6.38411E-011  1.00000E-040  7.38146E-017  1.00000E-040  9.10436E-025  3.53161E-031  1.28025E-022  9.70796E-026  4.86566E-011  1.49618E-023  1.31747E-021  1.53361E-013  1.73572E-014  1.00000E-040  1.00000E-040  5.79375E-025  1.00000E-040  2.50398E-022  3.54801E-011  1.00000E-040  1.00000E-003  1.00000E-005  1.00000E-005  1.00000E-005  1.00000E-005  1.00000E-005  1.00000E-005  1.00000E-005  1.00000E-005  1.00000E-005  1.00000E-005  1.00000E-005  1.00000E-005  1.00000E-005  1.00000E-005  1.00000E-005  
1.05000E+001  2.66123E-001  8.57570E+018  2.24765E+002  6.85565E+004  3.77287E-005  1.00000E-040  1.00000E-040  5.05741E-009  1.00000E-040  1.00000E-040  1.00000E-040  1.00000E-040  1.00000E-040  1.00000E-040  1.00000E-040  1.00000E-040  1.00000E-040  1.00000E-040  1.60626E-022  1.00000E-040  1.00000E-040  1.98853E-021  4.99366E-007  8.08733E-005  6.90693E-014  7.38644E-016  2.12043E-001  2.95641E-008  2.83100E-004  3.74928E-023  1.81625E-011  1.00000E-040  1.00000E-040  6.46079E-034  1.22086E-020  7.97363E-007  5.60367E-030  5.42902E-027  1.00000E-040  1.37560E-040  1.00000E-040  5.70627E-014  1.50991E-019  5.16976E-019  1.00285E-011  1.00000E-040  1.00000E-040  3.33498E-010  3.18498E-037  4.97612E-011  7.04858E-030  7.87591E-001  1.50052E-023  4.71626E-014  4.25205E-010  1.00000E-040  1.00000E-040  7.81492E-030  3.56192E-025  1.12457E-012  5.64892E-015  6.99718E-012  1.01642E-015  2.71566E-007  6.16193E-010  7.02427E-008  1.22634E-012  1.47621E-014  7.44854E-020  1.96482E-012  4.78643E-011  1.16845E-012  1.00000E-040  1.00000E-040  1.00000E-040  1.00000E-040  1.24725E-013  1.00000E-040  3.72784E-023  5.65225E-018  1.86855E-024  6.34238E-026  1.00000E-040  1.10397E-038  1.00000E-040  1.00000E-040  1.00000E-040  1.00000E-040  1.42567E-040  4.69184E-026  4.86747E-016  8.62066E-036  2.04793E-038  1.17938E-021  2.73040E-017  7.59736E-019  1.87923E-014  2.95021E-026  6.14824E-011  1.00000E-040  1.72156E-016  1.00000E-040  1.28086E-024  3.17441E-031  1.28033E-022  9.90298E-026  8.45441E-012  1.47240E-023  1.67535E-021  9.04690E-014  1.73585E-014  1.00000E-040  1.00000E-040  3.81160E-025  1.00000E-040  2.15255E-022  3.53987E-011  1.00000E-040  1.00000E-003  1.00000E-005  1.00000E-005  1.00000E-005  1.00000E-005  1.00000E-005  1.00000E-005  1.00000E-005  1.00000E-005  1.00000E-005  1.00000E-005  1.00000E-005  1.00000E-005  1.00000E-005  1.00000E-005  1.00000E-005  
1.15000E+001  2.28309E-001  7.54439E+018  2.19187E+002  2.37960E+004  9.09758E-006  1.00000E-040  1.00000E-040  2.10147E-009  1.00000E-040  1.00000E-040  1.00000E-040  1.00000E-040  1.00000E-040  1.00000E-040  1.00000E-040  1.00000E-040  1.00000E-040  1.00000E-040  1.17074E-022  1.00000E-040  1.00000E-040  2.13529E-021  4.99326E-007  4.79385E-005  7.44907E-014  1.07464E-015  2.12050E-001  2.81423E-008  2.83111E-004  2.01600E-023  8.52803E-012  1.00000E-040  1.00000E-040  5.95649E-034  1.12375E-020  7.96463E-007  4.54075E-030  4.96164E-027  1.00000E-040  1.02060E-039  1.00000E-040  3.18330E-014  9.75143E-020  5.73599E-019  7.59315E-012  1.00000E-040  1.00000E-040  3.32864E-010  1.66641E-037  4.97138E-011  9.28840E-030  7.87617E-001  1.24631E-023  2.43175E-014  4.14643E-010  1.00000E-040  1.00000E-040  7.07681E-030  3.92943E-025  2.77448E-012  6.03634E-015  5.53990E-012  7.83323E-016  2.71335E-007  4.20846E-010  8.30962E-008  2.18324E-012  1.18164E-014  9.69345E-020  4.11712E-012  7.04930E-011  1.07977E-012  1.00000E-040  1.00000E-040  1.00000E-040  1.00000E-040  3.82731E-014  1.00000E-040  4.88021E-023  4.95588E-018  2.34299E-024  6.72205E-026  1.00000E-040  9.19767E-039  1.00000E-040  1.00000E-040  1.00000E-040  1.00000E-040  1.60309E-040  6.86728E-026  2.28396E-016  7.21034E-036  4.99792E-038  1.65172E-021  3.43735E-017  4.88646E-019  2.38999E-014  2.08793E-026  5.73210E-011  1.00000E-040  3.51921E-016  1.00000E-040  1.55550E-024  2.73607E-031  1.28037E-022  1.08847E-025  1.89169E-012  1.25786E-023  2.32645E-021  3.23679E-014  1.73590E-014  1.00000E-040  1.00000E-040  2.44923E-025  1.00000E-040  1.62578E-022  3.52440E-011  1.00000E-040  1.00000E-003  1.00000E-005  1.00000E-005  1.00000E-005  1.00000E-005  1.00000E-005  1.00000E-005  1.00000E-005  1.00000E-005  1.00000E-005  1.00000E-005  1.00000E-005  1.00000E-005  1.00000E-005  1.00000E-005  1.00000E-005  
1.25000E+001  1.95190E-001  6.58030E+018  2.14846E+002  1.42829E+004  2.21703E-006  1.00000E-040  1.00000E-040  1.17999E-009  1.00000E-040  1.00000E-040  1.00000E-040  1.00000E-040  1.00000E-040  1.00000E-040  1.00000E-040  1.00000E-040  1.00000E-040  1.00000E-040  9.58425E-023  1.00000E-040  1.00000E-040  2.35268E-021  4.99112E-007  3.00666E-005  8.15622E-014  1.87972E-015  2.12054E-001  2.56040E-008  2.83120E-004  1.62604E-023  5.94987E-012  1.00000E-040  1.00000E-040  6.12097E-034  1.12010E-020  7.94382E-007  4.73662E-030  4.04758E-027  1.00000E-040  3.71034E-040  1.00000E-040  1.28322E-014  5.23959E-020  5.67954E-019  4.78420E-012  1.00000E-040  1.00000E-040  3.31307E-010  1.01269E-037  4.96189E-011  1.21034E-029  7.87631E-001  1.05305E-023  9.95835E-015  3.95134E-010  1.00000E-040  1.00000E-040  6.32454E-030  5.28883E-025  6.96399E-012  5.63751E-015  4.07872E-012  6.18690E-016  2.70739E-007  2.19474E-010  1.14873E-007  5.14468E-012  1.13372E-014  1.08799E-019  9.37922E-012  1.32703E-010  1.00520E-012  1.00000E-040  1.00000E-040  1.00000E-040  1.00000E-040  6.28984E-015  1.00000E-040  7.88841E-023  4.06801E-018  2.55859E-024  8.79610E-026  1.00000E-040  6.19844E-039  1.00000E-040  1.00000E-040  1.00000E-040  1.00000E-040  2.26070E-040  1.15464E-025  9.29700E-017  6.84470E-036  7.68674E-038  2.07373E-021  3.83385E-017  4.72531E-019  3.50040E-014  1.46108E-026  5.01132E-011  1.00000E-040  6.28099E-016  1.00000E-040  1.58698E-024  2.24338E-031  1.28039E-022  1.41767E-025  6.43110E-013  8.94526E-024  3.80303E-021  5.93802E-015  1.73590E-014  1.00000E-040  1.00000E-040  1.75037E-025  1.00000E-040  9.01314E-023  3.49186E-011  1.00000E-040  1.00000E-003  1.00000E-005  1.00000E-005  1.00000E-005  1.00000E-005  1.00000E-005  1.00000E-005  1.00000E-005  1.00000E-005  1.00000E-005  1.00000E-005  1.00000E-005  1.00000E-005  1.00000E-005  1.00000E-005  1.00000E-005  
1.35000E+001  1.66405E-001  5.70062E+018  2.11427E+002  6.95701E+003  5.63584E-007  1.00000E-040  1.00000E-040  7.06769E-010  1.00000E-040  1.00000E-040  1.00000E-040  1.00000E-040  1.00000E-040  1.00000E-040  1.00000E-040  1.00000E-040  1.00000E-040  1.00000E-040  8.57151E-023  1.00000E-040  1.00000E-040  2.57202E-021  4.98549E-007  2.15455E-005  9.15229E-014  3.83375E-015  2.12055E-001  2.19570E-008  2.83128E-004  1.56723E-023  4.91017E-012  1.00000E-040  1.00000E-040  7.03587E-034  1.20503E-020  7.90266E-007  1.31152E-029  2.69441E-027  1.00000E-040  1.00000E-040  1.00000E-040  3.70340E-015  2.77774E-020  5.79340E-019  2.46816E-012  1.00000E-040  1.00000E-040  3.28066E-010  7.02032E-038  4.94564E-011  1.78470E-029  7.87638E-001  9.91098E-024  4.33597E-015  3.64478E-010  1.00000E-040  1.00000E-040  6.07505E-030  8.14729E-025  1.51872E-011  4.14411E-015  2.86149E-012  5.05976E-016  2.69459E-007  9.36515E-011  1.81083E-007  1.26712E-011  1.40336E-014  8.73257E-020  1.89844E-011  2.75927E-010  9.18098E-013  1.00000E-040  1.00000E-040  1.00000E-040  1.00000E-040  8.09017E-016  1.00000E-040  1.46251E-022  3.28595E-018  2.29424E-024  1.38530E-025  1.00000E-040  2.88075E-039  1.00000E-040  1.00000E-040  1.00000E-040  1.00000E-040  3.77444E-040  1.95519E-025  4.08555E-017  7.37461E-036  2.95062E-037  2.34172E-021  4.46347E-017  5.00854E-019  5.59595E-014  9.75793E-027  4.03751E-011  1.00000E-040  1.01353E-015  1.00000E-040  1.34691E-024  1.95226E-031  1.28039E-022  2.03932E-025  2.82089E-013  5.27157E-024  7.13955E-021  7.35261E-016  1.73584E-014  1.00000E-040  1.00000E-040  1.40620E-025  1.00000E-040  2.97425E-023  3.43271E-011  1.00000E-040  1.00000E-003  1.00000E-005  1.00000E-005  1.00000E-005  1.00000E-005  1.00000E-005  1.00000E-005  1.00000E-005  1.00000E-005  1.00000E-005  1.00000E-005  1.00000E-005  1.00000E-005  1.00000E-005  1.00000E-005  1.00000E-005  
1.45000E+001  1.41531E-001  4.91521E+018  2.08558E+002  5.42540E+003  1.99709E-007  1.00000E-040  1.00000E-040  5.18057E-010  1.00000E-040  1.00000E-040  1.00000E-040  1.00000E-040  1.00000E-040  1.00000E-040  1.00000E-040  1.00000E-040  1.00000E-040  1.00000E-040  8.12008E-023  1.00000E-040  1.00000E-040  2.73701E-021  4.97363E-007  1.65843E-005  1.05430E-013  8.41314E-015  2.12056E-001  1.75254E-008  2.83137E-004  1.61479E-023  4.29318E-012  1.00000E-040  1.00000E-040  8.87697E-034  1.37684E-020  7.82992E-007  5.61176E-029  1.28271E-027  5.97817E-038  6.62064E-037  1.00000E-040  7.66168E-016  1.61684E-020  6.29345E-019  1.04508E-012  1.00000E-040  1.00000E-040  3.22093E-010  5.32441E-038  4.92063E-011  3.00826E-029  7.87643E-001  1.00265E-023  2.14143E-015  3.21822E-010  1.00000E-040  1.00000E-040  6.67531E-030  1.24682E-024  2.79003E-011  2.48550E-015  2.25904E-012  4.25411E-016  2.67052E-007  4.46936E-011  3.02651E-007  2.93098E-011  2.10752E-014  5.45476E-020  3.24258E-011  5.61960E-010  5.79203E-013  1.00000E-040  1.00000E-040  1.00000E-040  1.00000E-040  1.25757E-016  1.00000E-040  2.82008E-022  2.89223E-018  1.74068E-024  2.31990E-025  1.00000E-040  7.39245E-040  1.00000E-040  1.00000E-040  1.00000E-040  1.00000E-040  6.46262E-040  3.09705E-025  2.03763E-017  8.79796E-036  4.79204E-037  2.38190E-021  5.78020E-017  5.53279E-019  8.92939E-014  5.80327E-027  2.93965E-011  1.00000E-040  1.55455E-015  1.00000E-040  9.69362E-025  1.80968E-031  1.28038E-022  2.75257E-025  1.55172E-013  2.59454E-024  1.43127E-020  9.69370E-017  1.73571E-014  1.00000E-040  1.00000E-040  1.24057E-025  1.00000E-040  4.76334E-024  3.33629E-011  1.00000E-040  1.00000E-003  1.00000E-005  1.00000E-005  1.00000E-005  1.00000E-005  1.00000E-005  1.00000E-005  1.00000E-005  1.00000E-005  1.00000E-005  1.00000E-005  1.00000E-005  1.00000E-005  1.00000E-005  1.00000E-005  1.00000E-005  
1.55000E+001  1.20135E-001  4.21958E+018  2.06213E+002  4.40851E+003  8.56926E-008  1.00000E-040  1.00000E-040  4.36531E-010  1.00000E-040  1.00000E-040  1.00000E-040  1.00000E-040  1.00000E-040  1.00000E-040  1.00000E-040  1.00000E-040  1.00000E-040  1.00000E-040  7.95892E-023  1.00000E-040  1.00000E-040  2.98235E-021  4.95491E-007  1.38853E-005  1.27219E-013  1.76624E-014  2.12055E-001  1.34439E-008  2.83146E-004  1.80087E-023  4.00813E-012  1.00000E-040  1.00000E-040  1.28047E-033  1.70528E-020  7.72888E-007  2.37274E-028  4.71129E-028  3.56258E-038  3.96168E-037  1.00000E-040  1.31244E-016  1.11967E-020  7.05397E-019  4.25082E-013  1.00000E-040  1.00000E-040  3.13507E-010  4.51915E-038  4.89011E-011  5.71427E-029  7.87646E-001  1.08169E-023  1.27113E-015  2.75151E-010  1.00000E-040  1.00000E-040  7.89451E-030  1.70371E-024  4.35376E-011  1.60604E-015  2.18475E-012  3.72941E-016  2.63534E-007  3.33276E-011  4.77149E-007  5.62060E-011  3.23986E-014  3.09200E-020  4.61654E-011  9.95918E-010  3.19728E-013  1.00000E-040  1.00000E-040  1.00000E-040  1.00000E-040  3.11986E-017  1.00000E-040  5.01476E-022  3.05548E-018  1.30179E-024  3.70339E-025  1.00000E-040  1.07580E-040  1.00000E-040  1.00000E-040  1.00000E-040  1.00000E-040  1.04046E-039  4.28416E-025  1.25798E-017  1.21093E-035  4.87270E-037  2.30301E-021  8.00948E-017  6.47610E-019  1.25056E-013  3.21848E-027  2.00301E-011  1.00000E-040  2.29858E-015  1.00000E-040  6.84801E-025  1.73681E-031  1.28036E-022  3.16916E-025  1.07987E-013  1.27273E-024  2.73280E-020  2.09710E-017  1.73552E-014  1.00000E-040  1.00000E-040  1.25222E-025  1.00000E-040  4.99075E-025  3.21213E-011  1.00000E-040  1.00000E-003  1.00000E-005  1.00000E-005  1.00000E-005  1.00000E-005  1.00000E-005  1.00000E-005  1.00000E-005  1.00000E-005  1.00000E-005  1.00000E-005  1.00000E-005  1.00000E-005  1.00000E-005  1.00000E-005  1.00000E-005  
1.65000E+001  1.01818E-001  3.60302E+018  2.04680E+002  3.94335E+003  2.50441E-008  1.00000E-040  1.00000E-040  4.06248E-010  1.00000E-040  1.00000E-040  1.00000E-040  1.00000E-040  1.00000E-040  1.00000E-040  1.00000E-040  1.00000E-040  1.00000E-040  1.00000E-040  7.93668E-023  1.00000E-040  1.00000E-040  3.41186E-021  4.92774E-007  1.29700E-005  1.62044E-013  3.58797E-014  2.12053E-001  1.00171E-008  2.83156E-004  2.21208E-023  4.05176E-012  1.00000E-040  1.00000E-040  2.19149E-033  2.34602E-020  7.59626E-007  9.16011E-028  2.09985E-028  1.78299E-037  1.89814E-036  1.00000E-040  1.88598E-017  8.84904E-021  7.91079E-019  1.94249E-013  1.00000E-040  1.00000E-040  3.01901E-010  4.54027E-038  4.85461E-011  1.17753E-028  7.87648E-001  1.24367E-023  8.67235E-016  2.26796E-010  1.00000E-040  1.00000E-040  9.59477E-030  2.18902E-024  6.12922E-011  1.20993E-015  2.52940E-012  3.45912E-016  2.58715E-007  3.70603E-011  7.13640E-007  9.49020E-011  5.07025E-014  1.86686E-020  5.82688E-011  1.60405E-009  1.75025E-013  1.00000E-040  1.00000E-040  1.00000E-040  1.00000E-040  1.05053E-017  1.00000E-040  8.46161E-022  3.86766E-018  1.13306E-024  5.87821E-025  1.00000E-040  1.00000E-040  1.00000E-040  1.00000E-040  1.00000E-040  1.00000E-040  1.67645E-039  5.53970E-025  9.22104E-018  2.00871E-035  1.11431E-036  2.07708E-021  1.10698E-016  8.10931E-019  1.54896E-013  1.76669E-027  1.27282E-011  1.00000E-040  3.14115E-015  1.00000E-040  5.59916E-025  1.67740E-031  1.28032E-022  3.32194E-025  9.13190E-014  7.29266E-025  5.01930E-020  6.43533E-018  1.73524E-014  1.00000E-040  1.00000E-040  1.50876E-025  1.00000E-040  8.65772E-026  3.06043E-011  1.00000E-040  1.00000E-003  1.00000E-005  1.00000E-005  1.00000E-005  1.00000E-005  1.00000E-005  1.00000E-005  1.00000E-005  1.00000E-005  1.00000E-005  1.00000E-005  1.00000E-005  1.00000E-005  1.00000E-005  1.00000E-005  1.00000E-005  
1.75000E+001  8.62277E-002  3.05742E+018  2.04272E+002  3.89374E+003  1.00000E-040  1.00000E-040  1.00000E-040  3.96174E-010  1.00000E-040  1.00000E-040  1.00000E-040  1.00000E-040  1.00000E-040  1.00000E-040  1.00000E-040  1.00000E-040  1.00000E-040  1.00000E-040  7.98851E-023  1.00000E-040  1.00000E-040  4.17028E-021  4.89222E-007  1.30038E-005  2.13555E-013  7.06196E-014  2.12051E-001  7.48374E-009  2.83164E-004  2.95322E-023  4.38751E-012  1.00000E-040  1.00000E-040  4.37103E-033  3.57314E-020  7.43690E-007  3.21413E-027  2.22190E-028  1.00000E-040  1.00000E-040  1.00000E-040  2.58032E-018  7.80624E-021  8.96157E-019  1.27130E-013  1.00000E-040  1.00000E-040  2.87571E-010  5.58120E-038  4.81667E-011  2.49058E-028  7.87650E-001  1.50490E-023  6.54916E-016  1.80909E-010  1.00000E-040  1.00000E-040  1.17824E-029  2.72056E-024  8.07079E-011  1.01020E-015  3.29510E-012  3.37206E-016  2.52696E-007  5.13262E-011  1.00808E-006  1.46338E-010  7.94665E-014  1.70360E-020  6.73442E-011  2.36727E-009  1.15902E-013  1.00000E-040  1.00000E-040  1.00000E-040  1.00000E-040  4.28455E-018  1.00000E-040  1.36069E-021  5.57700E-018  1.21386E-024  9.31938E-025  1.00000E-040  1.00000E-040  1.00000E-040  1.00000E-040  1.00000E-040  1.00000E-040  2.73450E-039  6.90410E-025  7.68917E-018  3.97294E-035  2.04078E-036  1.70022E-021  1.43227E-016  1.06622E-018  1.74091E-013  1.04892E-027  7.67902E-012  1.00000E-040  3.70212E-015  1.00000E-040  5.55289E-025  1.62600E-031  1.28028E-022  3.30143E-025  8.98388E-014  6.05789E-025  8.86286E-020  2.38948E-018  1.73490E-014  1.00000E-040  1.00000E-040  2.14520E-025  1.00000E-040  4.06058E-026  2.89043E-011  1.00000E-040  1.00000E-003  1.00000E-005  1.00000E-005  1.00000E-005  1.00000E-005  1.00000E-005  1.00000E-005  1.00000E-005  1.00000E-005  1.00000E-005  1.00000E-005  1.00000E-005  1.00000E-005  1.00000E-005  1.00000E-005  1.00000E-005  
1.85000E+001  7.30300E-002  2.58256E+018  2.04818E+002  3.93732E+003  1.00000E-040  1.00000E-040  1.00000E-040  3.93232E-010  1.00000E-040  1.00000E-040  1.00000E-040  1.00000E-040  1.00000E-040  1.00000E-040  1.00000E-040  1.00000E-040  1.00000E-040  1.00000E-040  8.07822E-023  1.00000E-040  1.00000E-040  5.39610E-021  4.84864E-007  1.30424E-005  2.80496E-013  1.35266E-013  2.12049E-001  5.78198E-009  2.83172E-004  4.07861E-023  4.89297E-012  1.00000E-040  1.00000E-040  9.30263E-033  5.74073E-020  7.25567E-007  1.02755E-026  3.37119E-028  2.63161E-037  2.90490E-036  1.00000E-040  5.37330E-019  7.28607E-021  1.04190E-018  1.22705E-013  1.00000E-040  1.00000E-040  2.70840E-010  7.89855E-038  4.77823E-011  5.40944E-028  7.87652E-001  1.86179E-023  5.09995E-016  1.39777E-010  1.00000E-040  1.00000E-040  1.44940E-029  3.28820E-024  1.03667E-010  8.59630E-016  4.41877E-012  3.34578E-016  2.45594E-007  7.40563E-011  1.35743E-006  2.15615E-010  1.21874E-013  2.61456E-020  7.43967E-011  3.25221E-009  1.06024E-013  1.00000E-040  1.00000E-040  1.00000E-040  1.00000E-040  1.87413E-018  1.00000E-040  2.11847E-021  8.63479E-018  1.46487E-024  1.46265E-024  1.00000E-040  1.00000E-040  1.00000E-040  1.00000E-040  1.00000E-040  1.00000E-040  4.36532E-039  8.33546E-025  6.72619E-018  8.55070E-035  4.00220E-036  1.25068E-021  1.68849E-016  1.41430E-018  1.84658E-013  6.87388E-028  4.47129E-012  1.00000E-040  3.75546E-015  1.00000E-040  6.04056E-025  1.55421E-031  1.28022E-022  3.10680E-025  9.42251E-014  7.24135E-025  1.51770E-019  9.31924E-019  1.73449E-014  1.00000E-040  1.00000E-040  3.29526E-025  1.00000E-040  2.65186E-026  2.71006E-011  1.00000E-040  1.00000E-003  1.00000E-005  1.00000E-005  1.00000E-005  1.00000E-005  1.00000E-005  1.00000E-005  1.00000E-005  1.00000E-005  1.00000E-005  1.00000E-005  1.00000E-005  1.00000E-005  1.00000E-005  1.00000E-005  1.00000E-005  
1.95000E+001  6.18852E-002  2.18163E+018  2.05458E+002  4.20491E+003  1.00000E-040  1.00000E-040  1.00000E-040  3.91506E-010  1.00000E-040  1.00000E-040  1.00000E-040  1.00000E-040  1.00000E-040  1.00000E-040  1.00000E-040  1.00000E-040  1.00000E-040  1.00000E-040  8.16575E-023  1.00000E-040  1.00000E-040  7.37909E-021  4.79743E-007  1.30849E-005  3.67460E-013  2.49994E-013  2.12046E-001  4.70788E-009  2.83180E-004  5.64318E-023  5.46008E-012  1.00000E-040  1.00000E-040  1.98055E-032  9.23773E-020  7.05714E-007  3.00382E-026  5.05677E-028  3.16343E-037  3.75943E-036  1.00000E-040  2.97048E-019  6.99180E-021  1.29401E-018  1.47728E-013  1.00000E-040  1.00000E-040  2.52028E-010  1.13040E-037  4.74065E-011  1.33990E-027  7.87655E-001  2.33253E-023  4.05281E-016  1.04214E-010  1.00000E-040  1.00000E-040  1.76608E-029  3.89962E-024  1.31682E-010  7.39470E-016  5.86092E-012  3.28292E-016  2.37526E-007  1.04476E-010  1.76049E-006  3.03850E-010  1.77008E-013  5.02022E-020  8.07909E-011  4.22727E-009  1.20376E-013  1.00000E-040  1.00000E-040  1.00000E-040  1.00000E-040  8.52068E-019  1.00000E-040  3.23260E-021  1.37330E-017  1.87011E-024  2.27016E-024  1.00000E-040  1.00000E-040  1.00000E-040  1.00000E-040  1.00000E-040  1.00000E-040  6.82648E-039  9.87369E-025  6.04857E-018  1.84440E-034  7.89711E-036  8.87410E-022  1.94621E-016  1.87193E-018  1.87924E-013  4.79199E-028  2.53405E-012  1.00000E-040  3.72999E-015  1.00000E-040  6.81750E-025  1.46589E-031  1.28016E-022  2.84875E-025  9.99214E-014  1.06819E-024  2.53231E-019  3.71553E-019  1.73402E-014  1.00000E-040  1.00000E-040  5.07536E-025  1.00000E-040  1.92631E-026  2.52552E-011  1.00000E-040  1.00000E-003  1.00000E-005  1.00000E-005  1.00000E-005  1.00000E-005  1.00000E-005  1.00000E-005  1.00000E-005  1.00000E-005  1.00000E-005  1.00000E-005  1.00000E-005  1.00000E-005  1.00000E-005  1.00000E-005  1.00000E-005  
2.05000E+001  5.24678E-002  1.84541E+018  2.05928E+002  4.72335E+003  1.00000E-040  1.00000E-040  1.00000E-040  3.88767E-010  1.00000E-040  1.00000E-040  1.00000E-040  1.00000E-040  1.00000E-040  1.00000E-040  1.00000E-040  1.00000E-040  1.00000E-040  1.00000E-040  8.23975E-023  1.00000E-040  1.00000E-040  1.06361E-020  4.74071E-007  1.31294E-005  4.81821E-013  4.44811E-013  2.12043E-001  4.07881E-009  2.83187E-004  7.78047E-023  6.06270E-012  1.00000E-040  1.00000E-040  4.16746E-032  1.47174E-019  6.85098E-007  8.11346E-026  7.18193E-028  1.00000E-040  1.00000E-040  1.00000E-040  2.64197E-019  6.88189E-021  1.75534E-018  1.98512E-013  1.00000E-040  1.00000E-040  2.32006E-010  1.57854E-037  4.70568E-011  3.98350E-027  7.87657E-001  2.99101E-023  3.36053E-016  7.50154E-011  1.00000E-040  1.00000E-040  2.12272E-029  4.56901E-024  1.66069E-010  6.56967E-016  7.59459E-012  3.18831E-016  2.28848E-007  1.41213E-010  2.20582E-006  4.09422E-010  2.40776E-013  1.04215E-019  8.70708E-011  5.23253E-009  1.50410E-013  1.00000E-040  1.00000E-040  1.00000E-040  1.00000E-040  4.18380E-019  1.00000E-040  4.82686E-021  2.19222E-017  2.46619E-024  3.46704E-024  1.00000E-040  1.00000E-040  1.00000E-040  1.00000E-040  1.00000E-040  1.00000E-040  1.05379E-038  1.15679E-024  5.59975E-018  3.91815E-034  1.41409E-035  6.32741E-022  2.25090E-016  2.47403E-018  1.85900E-013  3.52902E-028  1.42433E-012  1.00000E-040  3.80657E-015  1.08451E-040  7.87378E-025  1.37709E-031  1.28010E-022  2.60441E-025  1.05872E-013  1.75360E-024  4.12407E-019  1.58671E-019  1.73352E-014  1.00000E-040  1.00000E-040  7.71732E-025  1.00000E-040  1.50748E-026  2.34622E-011  1.00000E-040  1.00000E-003  1.00000E-005  1.00000E-005  1.00000E-005  1.00000E-005  1.00000E-005  1.00000E-005  1.00000E-005  1.00000E-005  1.00000E-005  1.00000E-005  1.00000E-005  1.00000E-005  1.00000E-005  1.00000E-005  1.00000E-005  
2.15000E+001  4.45007E-002  1.56250E+018  2.06283E+002  5.25999E+003  1.00000E-040  1.00000E-040  1.00000E-040  3.84141E-010  1.00000E-040  1.00000E-040  1.00000E-040  1.00000E-040  1.00000E-040  1.00000E-040  1.00000E-040  1.00000E-040  1.00000E-040  1.00000E-040  8.30223E-023  1.00000E-040  1.00000E-040  1.60339E-020  4.67955E-007  1.31748E-005  6.34234E-013  7.69241E-013  2.12040E-001  3.73533E-009  2.83193E-004  1.07549E-022  6.72967E-012  1.00000E-040  1.00000E-040  8.76139E-032  2.33777E-019  6.64158E-007  2.04357E-025  9.64719E-028  1.30989E-037  1.46414E-036  1.00000E-040  2.53990E-019  6.93705E-021  2.60521E-018  2.85191E-013  1.00000E-040  1.00000E-040  2.11217E-010  2.17599E-037  4.67372E-011  1.34798E-026  7.87660E-001  3.93349E-023  2.93884E-016  5.16977E-011  1.00000E-040  1.00000E-040  2.53871E-029  5.33799E-024  2.08532E-010  6.08045E-016  9.66327E-012  3.08386E-016  2.19730E-007  1.84060E-010  2.69127E-006  5.33764E-010  3.11555E-013  2.26633E-019  9.34132E-011  6.23212E-009  2.00261E-013  1.00000E-040  1.00000E-040  1.00000E-040  1.00000E-040  2.25952E-019  1.00000E-040  7.09407E-021  3.51509E-017  3.33112E-024  5.24102E-024  1.00000E-040  1.00000E-040  1.00000E-040  1.00000E-040  1.00000E-040  1.00000E-040  1.62648E-038  1.35278E-024  5.31889E-018  8.29649E-034  2.42666E-035  4.55977E-022  2.60653E-016  3.27892E-018  1.80758E-013  2.73542E-028  7.99413E-013  1.00000E-040  3.97391E-015  1.67885E-040  9.26990E-025  1.30367E-031  1.28003E-022  2.40314E-025  1.12417E-013  3.07486E-024  6.61136E-019  7.42121E-020  1.73299E-014  1.00000E-040  1.00000E-040  1.17171E-024  1.00000E-040  1.25516E-026  2.17542E-011  1.00000E-040  1.00000E-003  1.00000E-005  1.00000E-005  1.00000E-005  1.00000E-005  1.00000E-005  1.00000E-005  1.00000E-005  1.00000E-005  1.00000E-005  1.00000E-005  1.00000E-005  1.00000E-005  1.00000E-005  1.00000E-005  1.00000E-005  
2.25000E+001  3.77564E-002  1.32326E+018  2.06663E+002  5.99062E+003  1.00000E-040  1.00000E-040  1.00000E-040  3.77158E-010  1.00000E-040  1.00000E-040  1.00000E-040  1.00000E-040  1.00000E-040  1.00000E-040  1.00000E-040  1.00000E-040  1.00000E-040  1.00000E-040  8.35882E-023  1.00000E-040  1.00000E-040  2.51042E-020  4.61443E-007  1.32209E-005  8.39689E-013  1.30585E-012  2.12036E-001  3.57365E-009  2.83199E-004  1.50128E-022  7.51080E-012  1.00000E-040  1.00000E-040  1.86639E-031  3.73970E-019  6.43051E-007  4.83783E-025  1.22744E-027  1.00000E-040  1.00000E-040  1.00000E-040  2.47154E-019  7.16041E-021  4.17188E-018  4.26266E-013  1.00000E-040  1.00000E-040  1.89889E-010  3.02931E-037  4.64456E-011  4.71160E-026  7.87663E-001  5.22290E-023  2.66777E-016  3.36044E-011  1.00000E-040  1.00000E-040  3.05553E-029  6.26179E-024  2.61737E-010  5.78332E-016  1.21490E-011  2.98749E-016  2.10240E-007  2.33034E-010  3.21864E-006  6.82622E-010  3.90680E-013  5.13632E-019  9.99886E-011  7.20022E-009  2.72413E-013  1.00000E-040  1.00000E-040  1.00000E-040  1.00000E-040  1.29795E-019  1.00000E-040  1.03230E-020  5.69678E-017  4.59111E-024  7.89832E-024  1.00000E-040  1.00000E-040  1.00000E-040  1.00000E-040  1.00000E-040  1.00000E-040  2.53588E-038  1.58923E-024  5.15203E-018  1.78091E-033  4.08341E-035  3.29588E-022  2.99000E-016  4.37308E-018  1.73910E-013  2.22941E-028  4.48180E-013  2.21677E-036  4.16091E-015  2.62582E-040  1.11040E-024  1.25645E-031  1.27996E-022  2.24877E-025  1.20080E-013  5.59977E-024  1.05114E-018  3.68090E-020  1.73243E-014  1.00000E-040  1.00000E-040  1.80450E-024  1.00000E-040  1.10624E-026  2.01357E-011  1.00000E-040  1.00000E-003  1.00000E-005  1.00000E-005  1.00000E-005  1.00000E-005  1.00000E-005  1.00000E-005  1.00000E-005  1.00000E-005  1.00000E-005  1.00000E-005  1.00000E-005  1.00000E-005  1.00000E-005  1.00000E-005  1.00000E-005  
2.35000E+001  3.20472E-002  1.12034E+018  2.07184E+002  6.81524E+003  1.00000E-040  1.00000E-040  1.00000E-040  3.66994E-010  1.00000E-040  1.00000E-040  1.00000E-040  1.00000E-040  1.00000E-040  1.00000E-040  1.00000E-040  1.00000E-040  1.00000E-040  1.00000E-040  8.41442E-023  1.00000E-040  1.00000E-040  4.06114E-020  4.54612E-007  1.32670E-005  1.11990E-012  2.18754E-012  2.12033E-001  3.53209E-009  2.83203E-004  2.12662E-022  8.45883E-012  1.00000E-040  1.00000E-040  4.07132E-031  6.06828E-019  6.22013E-007  1.08473E-024  1.48717E-027  1.00000E-040  1.00000E-040  1.00000E-040  2.41890E-019  7.59567E-021  7.06894E-018  6.43765E-013  1.00000E-040  1.00000E-040  1.68400E-010  4.33932E-037  4.61810E-011  1.59059E-025  7.87666E-001  6.80709E-023  2.41452E-016  2.03064E-011  1.00000E-040  1.00000E-040  3.73403E-029  7.40626E-024  3.30149E-010  5.47965E-016  1.51097E-011  2.91113E-016  2.00497E-007  2.86118E-010  3.78327E-006  8.65616E-010  4.79667E-013  1.19926E-018  1.07182E-010  8.10078E-009  3.72961E-013  1.00000E-040  1.00000E-040  1.00000E-040  1.00000E-040  7.30597E-020  1.00000E-040  1.48986E-020  9.34708E-017  6.43245E-024  1.19029E-023  1.00000E-040  1.00000E-040  1.00000E-040  1.00000E-040  1.00000E-040  1.00000E-040  4.02149E-038  1.88228E-024  5.06469E-018  3.92565E-033  6.82996E-035  2.38119E-022  3.37146E-016  5.88060E-018  1.66147E-013  1.91270E-028  2.51728E-013  9.19530E-036  4.29877E-015  4.17740E-040  1.35178E-024  1.24415E-031  1.27988E-022  2.14159E-025  1.29031E-013  1.02780E-023  1.66255E-018  1.78739E-020  1.73186E-014  1.00000E-040  1.00000E-040  2.85290E-024  1.00000E-040  1.03174E-026  1.86151E-011  1.00000E-040  1.00000E-003  1.00000E-005  1.00000E-005  1.00000E-005  1.00000E-005  1.00000E-005  1.00000E-005  1.00000E-005  1.00000E-005  1.00000E-005  1.00000E-005  1.00000E-005  1.00000E-005  1.00000E-005  1.00000E-005  1.00000E-005  
2.45000E+001  2.72162E-002  9.48076E+017  2.07922E+002  7.73991E+003  1.00000E-040  1.00000E-040  1.00000E-040  3.52769E-010  1.00000E-040  1.00000E-040  1.00000E-040  1.00000E-040  1.00000E-040  1.00000E-040  1.00000E-040  1.00000E-040  1.00000E-040  1.00000E-040  8.47248E-023  1.00000E-040  1.00000E-040  6.76332E-020  4.47464E-007  1.33134E-005  1.50726E-012  3.62951E-012  2.12029E-001  3.57236E-009  2.83207E-004  3.06536E-022  9.62729E-012  1.00000E-040  1.00000E-040  9.15631E-031  1.00276E-018  6.01026E-007  2.31680E-024  1.72023E-027  1.30962E-037  1.63164E-036  1.00000E-040  2.37514E-019  8.29803E-021  1.24242E-017  9.59368E-013  1.00000E-040  1.00000E-040  1.46947E-010  6.47623E-037  4.59393E-011  5.03237E-025  7.87669E-001  8.42403E-023  2.05327E-016  1.11887E-011  1.00000E-040  1.00000E-040  4.67809E-029  8.88942E-024  4.21195E-010  4.96081E-016  1.85737E-011  2.86199E-016  1.90519E-007  3.39214E-010  4.37934E-006  1.09933E-009  5.80483E-013  2.85011E-018  1.15666E-010  8.90154E-009  5.05556E-013  1.00000E-040  1.00000E-040  1.00000E-040  1.00000E-040  3.57490E-020  1.00000E-040  2.14205E-020  1.55560E-016  9.16767E-024  1.80347E-023  1.00000E-040  1.00000E-040  1.00000E-040  1.00000E-040  1.00000E-040  1.00000E-040  6.54559E-038  2.26112E-024  5.02146E-018  8.95955E-033  1.14767E-034  1.70957E-022  3.72059E-016  7.97864E-018  1.57910E-013  1.72753E-028  1.41297E-013  1.00000E-040  4.33763E-015  6.81974E-040  1.67813E-024  1.27851E-031  1.27981E-022  2.08852E-025  1.38989E-013  1.85673E-023  2.62105E-018  7.55628E-021  1.73126E-014  1.00000E-040  1.00000E-040  4.66703E-024  1.00000E-040  1.01665E-026  1.71824E-011  1.00000E-040  1.00000E-003  1.00000E-005  1.00000E-005  1.00000E-005  1.00000E-005  1.00000E-005  1.00000E-005  1.00000E-005  1.00000E-005  1.00000E-005  1.00000E-005  1.00000E-005  1.00000E-005  1.00000E-005  1.00000E-005  1.00000E-005  
2.55000E+001  2.31307E-002  8.01675E+017  2.08981E+002  8.74643E+003  1.00000E-040  1.00000E-040  1.00000E-040  3.33659E-010  1.00000E-040  1.00000E-040  1.00000E-040  1.00000E-040  1.00000E-040  1.00000E-040  1.00000E-040  1.00000E-040  1.00000E-040  1.00000E-040  8.53735E-023  1.00000E-040  1.00000E-040  1.15779E-019  4.39986E-007  1.33600E-005  2.04970E-012  5.97662E-012  2.12025E-001  3.67090E-009  2.83211E-004  4.50448E-022  1.10796E-011  1.00000E-040  1.00000E-040  2.13689E-030  1.69383E-018  5.80043E-007  4.73361E-024  1.90497E-027  6.32946E-038  7.16802E-037  1.00000E-040  2.33598E-019  9.35854E-021  2.22531E-017  1.38630E-012  1.00000E-040  1.00000E-040  1.25783E-010  1.02293E-036  4.57165E-011  1.47346E-024  7.87672E-001  9.66682E-023  1.55177E-016  5.51294E-012  1.00000E-040  1.00000E-040  6.06125E-029  1.09032E-023  5.46235E-010  4.17927E-016  2.25420E-011  2.85498E-016  1.80316E-007  3.86177E-010  4.99154E-006  1.40835E-009  6.95844E-013  6.87282E-018  1.26120E-010  9.55976E-009  6.71549E-013  1.00000E-040  1.00000E-040  1.00000E-040  1.00000E-040  1.35949E-020  1.00000E-040  3.07966E-020  2.62447E-016  1.33125E-023  2.76176E-023  1.00000E-040  1.00000E-040  1.00000E-040  1.00000E-040  1.00000E-040  1.00000E-040  1.10362E-037  2.77239E-024  5.00239E-018  2.13521E-032  1.95730E-034  1.20914E-022  3.99811E-016  1.09159E-017  1.49336E-013  1.65110E-028  7.90053E-014  1.00000E-040  4.22536E-015  1.15007E-039  2.13392E-024  1.37653E-031  1.27972E-022  2.09985E-025  1.49714E-013  3.24067E-023  4.11802E-018  2.49193E-021  1.73064E-014  1.00000E-040  1.00000E-040  7.96219E-024  1.00000E-040  1.06276E-026  1.58267E-011  1.00000E-040  1.00000E-003  1.00000E-005  1.00000E-005  1.00000E-005  1.00000E-005  1.00000E-005  1.00000E-005  1.00000E-005  1.00000E-005  1.00000E-005  1.00000E-005  1.00000E-005  1.00000E-005  1.00000E-005  1.00000E-005  1.00000E-005  
2.65000E+001  1.96782E-002  6.77435E+017  2.10394E+002  9.76505E+003  1.00000E-040  1.00000E-040  1.00000E-040  3.09014E-010  1.00000E-040  1.00000E-040  1.00000E-040  1.00000E-040  1.00000E-040  1.00000E-040  1.00000E-040  1.00000E-040  1.00000E-040  1.00000E-040  8.61078E-023  1.00000E-040  1.00000E-040  2.03169E-019  4.32126E-007  1.34073E-005  2.81684E-012  9.76118E-012  2.12021E-001  3.81098E-009  2.83213E-004  6.73398E-022  1.28575E-011  1.00000E-040  1.00000E-040  5.16872E-030  2.91957E-018  5.58923E-007  9.25779E-024  2.01538E-027  1.00000E-040  1.00000E-040  1.00000E-040  2.29299E-019  1.08877E-020  3.99252E-017  1.92008E-012  1.00000E-040  1.00000E-040  1.05155E-010  1.71594E-036  4.55086E-011  3.98645E-024  7.87676E-001  1.02373E-022  9.96361E-017  2.37883E-012  1.00000E-040  1.00000E-040  8.17735E-029  1.37701E-023  7.21635E-010  3.31258E-016  2.69466E-011  2.89655E-016  1.69869E-007  4.19669E-010  5.59496E-006  1.82230E-009  8.25771E-013  1.66680E-017  1.39237E-010  1.00270E-008  8.71926E-013  1.00000E-040  1.00000E-040  1.00000E-040  1.00000E-040  3.67659E-021  1.00000E-040  4.44867E-020  4.47797E-016  1.97376E-023  4.29332E-023  1.00000E-040  1.00000E-040  1.00000E-040  1.00000E-040  1.00000E-040  1.00000E-040  1.94321E-037  3.49376E-024  4.99870E-018  5.30926E-032  3.40899E-034  8.36187E-023  4.18750E-016  1.50198E-017  1.40522E-013  1.67229E-028  4.37324E-014  1.00000E-040  3.96599E-015  2.01495E-039  2.79482E-024  1.56555E-031  1.27964E-022  2.19538E-025  1.60665E-013  5.39858E-023  6.43437E-018  5.88501E-022  1.72999E-014  1.00000E-040  1.00000E-040  1.41553E-023  1.00000E-040  1.17715E-026  1.45340E-011  1.00000E-040  1.00000E-003  1.00000E-005  1.00000E-005  1.00000E-005  1.00000E-005  1.00000E-005  1.00000E-005  1.00000E-005  1.00000E-005  1.00000E-005  1.00000E-005  1.00000E-005  1.00000E-005  1.00000E-005  1.00000E-005  1.00000E-005  
2.75000E+001  1.67614E-002  5.72544E+017  2.12040E+002  1.09262E+004  1.00000E-040  1.00000E-040  1.00000E-040  2.78608E-010  1.00000E-040  1.00000E-040  1.00000E-040  1.00000E-040  1.00000E-040  1.00000E-040  1.00000E-040  1.00000E-040  1.00000E-040  1.00000E-040  8.68898E-023  1.00000E-040  1.00000E-040  3.63066E-019  4.23860E-007  1.34552E-005  3.90703E-012  1.57311E-011  2.12017E-001  3.97751E-009  2.83215E-004  1.01622E-021  1.49346E-011  1.00000E-040  1.00000E-040  1.27796E-029  5.08094E-018  5.37629E-007  1.72770E-023  2.02227E-027  1.00000E-040  1.00000E-040  1.00000E-040  2.23868E-019  1.30571E-020  7.06785E-017  2.52706E-012  1.00000E-040  1.00000E-040  8.54996E-011  2.99549E-036  4.53134E-011  1.00435E-023  7.87679E-001  1.02576E-022  5.29173E-017  8.84683E-013  1.00000E-040  1.00000E-040  1.15077E-028  1.80030E-023  9.69612E-010  2.65457E-016  3.15519E-011  2.96578E-016  1.59218E-007  4.32238E-010  6.15074E-006  2.36333E-009  9.59127E-013  3.95327E-017  1.55703E-010  1.02508E-008  1.10466E-012  1.00000E-040  1.00000E-040  1.00000E-040  1.00000E-040  6.73232E-022  1.00000E-040  6.47506E-020  7.67881E-016  2.98430E-023  6.76826E-023  1.00000E-040  1.00000E-040  1.00000E-040  1.00000E-040  1.00000E-040  1.46218E-040  3.58330E-037  4.54660E-024  5.01754E-018  1.35499E-031  6.03535E-034  5.67047E-023  4.32843E-016  2.06911E-017  1.31708E-013  1.78111E-028  2.38495E-014  8.33222E-035  3.63713E-015  3.68203E-039  3.78441E-024  1.89052E-031  1.27955E-022  2.41022E-025  1.70702E-013  8.52327E-023  9.94915E-018  9.53432E-023  1.72931E-014  1.00000E-040  1.00000E-040  2.58336E-023  1.00000E-040  1.36398E-026  1.32986E-011  1.00000E-040  1.00000E-003  1.00000E-005  1.00000E-005  1.00000E-005  1.00000E-005  1.00000E-005  1.00000E-005  1.00000E-005  1.00000E-005  1.00000E-005  1.00000E-005  1.00000E-005  1.00000E-005  1.00000E-005  1.00000E-005  1.00000E-005  
2.85000E+001  1.42965E-002  4.84091E+017  2.13905E+002  1.22719E+004  1.00000E-040  1.00000E-040  1.00000E-040  2.42541E-010  1.00000E-040  1.00000E-040  1.00000E-040  1.00000E-040  1.00000E-040  1.00000E-040  1.00000E-040  1.00000E-040  1.00000E-040  1.00000E-040  8.77190E-023  1.00000E-040  1.00000E-040  6.57578E-019  4.15243E-007  1.35036E-005  5.44806E-012  2.49282E-011  2.12013E-001  4.15753E-009  2.83215E-004  1.53744E-021  1.72692E-011  1.00000E-040  1.00000E-040  3.19579E-029  8.87147E-018  5.16322E-007  3.06249E-023  1.91646E-027  4.90936E-038  5.54121E-037  1.00000E-040  2.18257E-019  1.61519E-020  1.21408E-016  3.14479E-012  1.00000E-040  1.00000E-040  6.74609E-011  5.40241E-036  4.51305E-011  2.36001E-023  7.87683E-001  1.03033E-022  2.32147E-017  2.83217E-013  1.00000E-040  1.00000E-040  1.68516E-028  2.43756E-023  1.31567E-009  2.37972E-016  3.61502E-011  3.05713E-016  1.48519E-007  4.21654E-010  6.60941E-006  3.03823E-009  1.08334E-012  9.06143E-017  1.75251E-010  1.01828E-008  1.40607E-012  1.00000E-040  1.00000E-040  1.00000E-040  1.00000E-040  8.37245E-023  1.00000E-040  9.49372E-020  1.31361E-015  4.58280E-023  1.07897E-022  1.00000E-040  1.00000E-040  1.00000E-040  1.00000E-040  1.00000E-040  4.61949E-040  6.89493E-037  6.10700E-024  5.08742E-018  3.51033E-031  1.08736E-033  3.76839E-023  4.43265E-016  2.83894E-017  1.22894E-013  1.99897E-028  1.28350E-014  1.00000E-040  3.26224E-015  6.97396E-039  5.28451E-024  2.41707E-031  1.27946E-022  2.77858E-025  1.79841E-013  1.26503E-022  1.51409E-017  1.06462E-023  1.72859E-014  1.00000E-040  1.00000E-040  4.78734E-023  1.00000E-040  1.64848E-026  1.21275E-011  1.00000E-040  1.00000E-003  1.00000E-005  1.00000E-005  1.00000E-005  1.00000E-005  1.00000E-005  1.00000E-005  1.00000E-005  1.00000E-005  1.00000E-005  1.00000E-005  1.00000E-005  1.00000E-005  1.00000E-005  1.00000E-005  1.00000E-005  
2.95000E+001  1.22128E-002  4.09453E+017  2.16037E+002  1.33027E+004  1.00000E-040  1.00000E-040  1.00000E-040  2.00707E-010  1.00000E-040  1.00000E-040  1.00000E-040  1.00000E-040  1.00000E-040  1.00000E-040  1.00000E-040  1.00000E-040  1.00000E-040  1.00000E-040  8.86157E-023  1.00000E-040  1.00000E-040  1.20399E-018  4.06174E-007  1.35529E-005  7.59431E-012  3.88246E-011  2.12009E-001  4.34417E-009  2.83215E-004  2.31658E-021  1.98024E-011  1.00000E-040  1.00000E-040  8.00637E-029  1.54730E-017  4.94779E-007  5.11374E-023  1.69362E-027  1.00000E-040  1.00000E-040  1.00000E-040  2.12808E-019  2.04472E-020  1.98833E-016  3.69973E-012  1.21997E-040  1.00000E-040  5.13248E-011  1.00599E-035  4.49567E-011  5.16843E-023  7.87687E-001  1.08896E-022  8.37322E-018  7.74572E-014  1.00000E-040  1.00000E-040  2.56928E-028  3.42386E-023  1.78775E-009  2.44975E-016  4.06006E-011  3.16419E-016  1.37744E-007  3.91381E-010  6.93318E-006  3.83759E-009  1.18980E-012  2.00512E-016  1.96874E-010  9.80781E-009  1.95982E-012  1.00000E-040  1.00000E-040  1.00000E-040  1.00000E-040  7.06879E-024  1.00000E-040  1.40982E-019  2.24157E-015  7.16195E-023  1.74633E-022  1.00000E-040  1.00000E-040  1.00000E-040  1.00000E-040  1.00000E-040  1.37814E-039  1.37957E-036  8.47933E-024  5.21909E-018  9.15011E-031  2.01332E-033  2.41823E-023  4.46061E-016  3.85668E-017  1.13838E-013  2.38124E-028  6.76981E-015  1.00000E-040  2.83540E-015  1.35964E-038  7.60372E-024  3.25657E-031  1.27936E-022  3.34984E-025  1.88516E-013  1.75397E-022  2.25892E-017  8.16458E-025  1.72782E-014  1.00000E-040  1.00000E-040  8.92716E-023  1.00000E-040  2.07674E-026  1.10073E-011  2.22811E-038  1.00000E-003  1.00000E-005  1.00000E-005  1.00000E-005  1.00000E-005  1.00000E-005  1.00000E-005  1.00000E-005  1.00000E-005  1.00000E-005  1.00000E-005  1.00000E-005  1.00000E-005  1.00000E-005  1.00000E-005  1.00000E-005  
3.05000E+001  1.04505E-002  3.46464E+017  2.18473E+002  1.46946E+004  1.00000E-040  1.00000E-040  1.00000E-040  1.52879E-010  1.00000E-040  1.00000E-040  1.00000E-040  1.00000E-040  1.00000E-040  1.00000E-040  1.00000E-040  1.00000E-040  1.00000E-040  1.00000E-040  8.95950E-023  1.00000E-040  1.00000E-040  2.22378E-018  3.96618E-007  1.36031E-005  1.05184E-011  5.94169E-011  2.12004E-001  4.52986E-009  2.83213E-004  3.45369E-021  2.24538E-011  1.00000E-040  1.00000E-040  1.98899E-028  2.68368E-017  4.72947E-007  7.98157E-023  1.37874E-027  1.10669E-038  1.24511E-037  1.00000E-040  2.07383E-019  2.61886E-020  3.06310E-016  4.11082E-012  4.29338E-040  1.00000E-040  3.74432E-011  1.92819E-035  4.47904E-011  1.05544E-022  7.87691E-001  1.22216E-022  2.49927E-018  1.81206E-014  1.00000E-040  1.00000E-040  4.04927E-028  4.96546E-023  2.41066E-009  2.73589E-016  4.48005E-011  3.27724E-016  1.26957E-007  3.48077E-010  7.09682E-006  4.72036E-009  1.27100E-012  4.26560E-016  2.18779E-010  9.13902E-009  3.20148E-012  1.00000E-040  1.00000E-040  1.00000E-040  1.00000E-040  4.14181E-025  1.00000E-040  2.12192E-019  3.80127E-015  1.13652E-022  2.86800E-022  1.00000E-040  1.00000E-040  1.00000E-040  1.00000E-040  1.00000E-040  3.83839E-039  2.84048E-036  1.21179E-023  5.42396E-018  2.37624E-030  3.83814E-033  1.48149E-023  4.36325E-016  5.15971E-017  1.04350E-013  3.03099E-028  3.48539E-015  1.00000E-040  2.37045E-015  2.68843E-038  1.12068E-023  4.56227E-031  1.27925E-022  4.17516E-025  1.97338E-013  2.25565E-022  3.29077E-017  4.37634E-026  1.72700E-014  1.00000E-040  1.00000E-040  1.65829E-022  1.00000E-040  2.72420E-026  9.93550E-012  5.40072E-038  1.00000E-003  1.00000E-005  1.00000E-005  1.00000E-005  1.00000E-005  1.00000E-005  1.00000E-005  1.00000E-005  1.00000E-005  1.00000E-005  1.00000E-005  1.00000E-005  1.00000E-005  1.00000E-005  1.00000E-005  1.00000E-005  
3.15000E+001  8.95887E-003  2.93585E+017  2.21022E+002  1.63646E+004  1.00000E-040  1.00000E-040  1.00000E-040  9.75239E-011  1.00000E-040  1.00000E-040  1.00000E-040  1.00000E-040  1.00000E-040  1.00000E-040  1.00000E-040  1.00000E-040  1.00000E-040  1.00000E-040  9.05931E-023  1.00000E-040  1.00000E-040  4.11945E-018  3.86762E-007  1.36532E-005  1.44071E-011  8.91627E-011  2.12000E-001  4.70001E-009  2.83209E-004  5.05013E-021  2.50593E-011  1.00000E-040  1.00000E-040  4.80568E-028  4.57423E-017  4.51273E-007  1.15995E-022  1.02687E-027  1.00000E-040  1.00000E-040  1.00000E-040  2.02630E-019  3.38019E-020  4.42140E-016  4.30914E-012  1.35646E-039  1.00000E-040  2.62538E-011  3.68435E-035  4.46337E-011  2.02642E-022  7.87695E-001  1.41315E-022  6.38450E-019  3.72718E-015  1.00000E-040  1.00000E-040  6.45250E-028  7.31496E-023  3.19717E-009  3.11838E-016  4.86034E-011  3.35880E-016  1.16455E-007  2.99631E-010  7.10711E-006  5.59370E-009  1.31160E-012  8.46575E-016  2.39078E-010  8.23719E-009  5.97678E-012  1.00000E-040  1.00000E-040  1.00000E-040  1.00000E-040  1.80836E-026  1.00000E-040  3.20835E-019  6.32356E-015  1.80750E-022  4.71417E-022  1.00000E-040  1.00000E-040  1.00000E-040  1.00000E-040  1.00000E-040  9.79463E-039  5.88154E-036  1.75602E-023  5.71615E-018  6.00783E-030  7.36378E-033  8.82220E-024  4.17805E-016  6.77661E-017  9.46976E-014  4.07831E-028  1.76913E-015  1.00000E-040  1.94352E-015  5.27603E-038  1.66681E-023  6.47707E-031  1.27913E-022  5.28326E-025  2.06126E-013  2.68921E-022  4.66754E-017  1.75780E-027  1.72614E-014  1.00000E-040  1.00000E-040  3.00429E-022  1.00000E-040  3.65656E-026  8.93356E-012  8.94928E-038  1.00000E-003  1.00000E-005  1.00000E-005  1.00000E-005  1.00000E-005  1.00000E-005  1.00000E-005  1.00000E-005  1.00000E-005  1.00000E-005  1.00000E-005  1.00000E-005  1.00000E-005  1.00000E-005  1.00000E-005  1.00000E-005  
3.25000E+001  7.69432E-003  2.49177E+017  2.23655E+002  1.77833E+004  1.00000E-040  1.00000E-040  1.00000E-040  3.51827E-011  1.00000E-040  1.00000E-040  1.00000E-040  1.00000E-040  1.00000E-040  1.00000E-040  1.00000E-040  1.00000E-040  1.00000E-040  1.00000E-040  9.16020E-023  1.00000E-040  1.00000E-040  7.65655E-018  3.76603E-007  1.37031E-005  1.94443E-011  1.31744E-010  2.11996E-001  4.84220E-009  2.83204E-004  7.22019E-021  2.75295E-011  1.00000E-040  1.00000E-040  1.12109E-027  7.63737E-017  4.29742E-007  1.56549E-022  6.92296E-028  1.00000E-040  1.00000E-040  1.00000E-040  1.98342E-019  4.34257E-020  5.94392E-016  4.26545E-012  3.75509E-039  1.00000E-040  1.76463E-011  6.96172E-035  4.44853E-011  3.66419E-022  7.87699E-001  1.64491E-022  1.42200E-019  6.83974E-016  1.00000E-040  1.00000E-040  1.02338E-027  1.08052E-022  4.14294E-009  3.49178E-016  5.21639E-011  3.41121E-016  1.06293E-007  2.53398E-010  7.00410E-006  6.37459E-009  1.31769E-012  1.55799E-015  2.55573E-010  7.19206E-009  1.14810E-011  1.00000E-040  1.00000E-040  1.00000E-040  1.00000E-040  6.14363E-028  1.00000E-040  4.86190E-019  1.02752E-014  2.86681E-022  7.72675E-022  1.00000E-040  1.56576E-040  1.00000E-040  1.00000E-040  1.00000E-040  2.27424E-038  1.20420E-035  2.55348E-023  6.08443E-018  1.46719E-029  1.40992E-032  5.09923E-024  3.88396E-016  8.72154E-017  8.49310E-014  5.76113E-028  8.85416E-016  1.01646E-038  1.57274E-015  1.00829E-037  2.47524E-023  9.09864E-031  1.27901E-022  6.64706E-025  2.15294E-013  2.96887E-022  6.45827E-017  5.48911E-029  1.72524E-014  1.00000E-040  1.00000E-040  5.26664E-022  1.00000E-040  4.98874E-026  7.99912E-012  1.32564E-037  1.00000E-003  1.00000E-005  1.00000E-005  1.00000E-005  1.00000E-005  1.00000E-005  1.00000E-005  1.00000E-005  1.00000E-005  1.00000E-005  1.00000E-005  1.00000E-005  1.00000E-005  1.00000E-005  1.00000E-005  1.00000E-005  
3.35000E+001  6.61960E-003  2.12258E+017  2.25884E+002  1.94692E+004  1.00000E-040  1.00000E-040  1.00000E-040  7.93577E-014  1.00000E-040  1.00000E-040  1.00000E-040  1.00000E-040  1.00000E-040  1.00000E-040  1.00000E-040  1.00000E-040  1.00000E-040  1.00000E-040  9.24572E-023  1.00000E-040  1.00000E-040  1.41597E-017  3.66148E-007  1.37527E-005  2.58542E-011  1.91429E-010  2.11991E-001  4.93595E-009  2.83196E-004  9.99320E-021  2.95412E-011  1.00000E-040  1.00000E-040  2.45878E-027  1.22411E-016  4.08353E-007  1.95577E-022  4.13312E-028  1.00000E-040  1.00000E-040  1.00000E-040  1.95369E-019  5.57385E-020  7.47537E-016  3.98173E-012  8.78373E-039  1.00000E-040  1.13341E-011  1.22307E-034  4.43437E-011  6.35860E-022  7.87704E-001  1.88938E-022  2.79971E-020  1.13386E-016  1.00000E-040  1.00000E-040  1.58141E-027  1.57574E-022  5.23517E-009  3.81078E-016  5.53055E-011  3.38934E-016  9.65113E-008  2.12609E-010  6.85414E-006  6.96091E-009  1.27642E-012  2.51542E-015  2.68543E-010  6.11953E-009  1.80590E-011  1.00000E-040  1.00000E-040  1.00000E-040  1.00000E-040  1.68041E-029  1.00000E-040  7.34292E-019  1.61466E-014  4.48531E-022  1.24488E-021  1.00000E-040  3.21513E-040  1.00000E-040  1.00000E-040  1.00000E-040  4.67206E-038  2.38823E-035  3.67768E-023  6.47795E-018  3.34220E-029  2.59741E-032  2.93479E-024  3.58745E-016  1.09919E-016  7.56401E-014  8.25276E-028  4.35903E-016  1.00000E-040  1.32949E-015  1.86247E-037  3.63040E-023  1.23881E-030  1.27888E-022  8.23431E-025  2.22125E-013  3.06771E-022  8.74985E-017  1.38323E-030  1.72429E-014  1.00000E-040  1.00000E-040  8.67396E-022  1.00000E-040  6.63377E-026  7.13014E-012  1.86804E-037  1.00000E-003  1.00000E-005  1.00000E-005  1.00000E-005  1.00000E-005  1.00000E-005  1.00000E-005  1.00000E-005  1.00000E-005  1.00000E-005  1.00000E-005  1.00000E-005  1.00000E-005  1.00000E-005  1.00000E-005  1.00000E-005  
3.45000E+001  5.70282E-003  1.81490E+017  2.27590E+002  2.14942E+004  1.00000E-040  1.00000E-040  1.00000E-040  1.31356E-013  1.00000E-040  1.00000E-040  1.00000E-040  1.00000E-040  1.00000E-040  1.00000E-040  1.00000E-040  1.00000E-040  1.00000E-040  1.00000E-040  9.31220E-023  1.00000E-040  1.00000E-040  2.61454E-017  3.55584E-007  1.38011E-005  3.39125E-011  2.75367E-010  2.11986E-001  4.96601E-009  2.83187E-004  1.34099E-020  3.10090E-011  1.00000E-040  1.00000E-040  5.06477E-027  1.88128E-016  3.87452E-007  2.27488E-022  2.18371E-028  1.10703E-039  1.24707E-038  1.00000E-040  1.95841E-019  7.17851E-020  8.83165E-016  3.51798E-012  1.73467E-038  1.00000E-040  6.98246E-012  1.97738E-034  4.42100E-011  1.06477E-021  7.87709E-001  2.14805E-022  5.01681E-021  1.74302E-017  1.00000E-040  1.22731E-040  2.33325E-027  2.22130E-022  6.43109E-009  4.01689E-016  5.84079E-011  3.31522E-016  8.72880E-008  1.80057E-010  6.71987E-006  7.30338E-009  1.20589E-012  3.54879E-015  2.77038E-010  5.10531E-009  2.28488E-011  1.00000E-040  1.00000E-040  1.00000E-040  1.00000E-040  3.89854E-031  1.00000E-040  1.09291E-018  2.44096E-014  6.83333E-022  1.94650E-021  1.03580E-040  5.81834E-040  1.00000E-040  1.00000E-040  1.00000E-040  8.51400E-038  4.49269E-035  5.15168E-023  6.87576E-018  7.08359E-029  4.52555E-032  1.70332E-024  3.31438E-016  1.35990E-016  6.70592E-014  1.18197E-027  2.12444E-016  1.00000E-040  1.19742E-015  3.27326E-037  5.16882E-023  1.59456E-030  1.27874E-022  9.80317E-025  2.26492E-013  2.99115E-022  1.17018E-016  2.95002E-032  1.72331E-014  1.00000E-040  1.00000E-040  1.33950E-021  1.00000E-040  8.52817E-026  6.33703E-012  2.53867E-037  1.00000E-003  1.00000E-005  1.00000E-005  1.00000E-005  1.00000E-005  1.00000E-005  1.00000E-005  1.00000E-005  1.00000E-005  1.00000E-005  1.00000E-005  1.00000E-005  1.00000E-005  1.00000E-005  1.00000E-005  1.00000E-005  
3.55000E+001  4.91767E-003  1.55830E+017  2.28574E+002  2.36775E+004  1.00000E-040  1.00000E-040  1.00000E-040  2.83211E-013  1.00000E-040  1.00000E-040  1.00000E-040  1.00000E-040  1.00000E-040  1.00000E-040  1.00000E-040  1.00000E-040  1.00000E-040  1.00000E-040  9.35320E-023  1.00000E-040  1.00000E-040  4.83318E-017  3.45051E-007  1.38478E-005  4.40257E-011  3.93851E-010  2.11981E-001  4.92361E-009  2.83175E-004  1.74669E-020  3.18316E-011  1.00000E-040  1.00000E-040  9.77499E-027  2.76255E-016  3.67246E-007  2.48003E-022  1.01965E-028  5.98765E-037  6.72445E-036  1.00000E-040  2.00963E-019  9.32354E-020  9.88829E-016  2.95639E-012  2.91322E-038  1.00000E-040  4.13578E-012  2.88895E-034  4.40839E-011  1.73890E-021  7.87715E-001  2.42261E-022  8.38211E-022  2.53283E-018  1.00000E-040  2.39018E-040  3.25659E-027  2.98852E-022  7.68840E-009  4.08911E-016  6.16471E-011  3.19601E-016  7.87147E-008  1.55322E-010  6.64975E-006  7.38739E-009  1.11730E-012  4.33394E-015  2.81573E-010  4.20433E-009  2.62133E-011  1.00000E-040  1.00000E-040  1.00000E-040  1.00000E-040  7.98722E-033  1.00000E-040  1.59224E-018  3.54558E-014  1.00537E-021  2.92653E-021  1.24866E-040  8.92597E-040  1.00000E-040  1.00000E-040  1.00000E-040  1.37778E-037  7.92535E-035  6.94243E-023  7.23721E-018  1.38951E-028  7.35098E-032  1.01199E-024  3.09306E-016  1.65673E-016  5.94071E-014  1.66644E-027  1.02722E-016  1.00000E-040  1.17898E-015  5.47356E-037  7.07564E-023  1.92245E-030  1.27859E-022  1.11018E-024  2.27183E-013  2.78840E-022  1.55667E-016  5.54118E-034  1.72231E-014  1.00000E-040  1.00000E-040  1.93258E-021  1.00000E-040  1.04674E-025  5.62194E-012  3.33602E-037  1.00000E-003  1.00000E-005  1.00000E-005  1.00000E-005  1.00000E-005  1.00000E-005  1.00000E-005  1.00000E-005  1.00000E-005  1.00000E-005  1.00000E-005  1.00000E-005  1.00000E-005  1.00000E-005  1.00000E-005  1.00000E-005  
3.65000E+001  4.24240E-003  1.34379E+017  2.28664E+002  2.67395E+004  1.00000E-040  1.00000E-040  1.00000E-040  6.44613E-013  1.00000E-040  1.00000E-040  1.00000E-040  1.00000E-040  1.00000E-040  1.00000E-040  1.00000E-040  1.00000E-040  1.00000E-040  1.00000E-040  9.36316E-023  1.00000E-040  1.00000E-040  8.97264E-017  3.34770E-007  1.38920E-005  5.68215E-011  5.61681E-010  2.11975E-001  4.81080E-009  2.83161E-004  2.21534E-020  3.19729E-011  1.00000E-040  1.00000E-040  1.77040E-026  3.87223E-016  3.48057E-007  2.56130E-022  4.24999E-029  4.73946E-038  5.31970E-037  1.00000E-040  2.10669E-019  1.22352E-019  1.06351E-015  2.38295E-012  4.24765E-038  1.00000E-040  2.37262E-012  3.75993E-034  4.39661E-011  2.79961E-021  7.87720E-001  2.71100E-022  1.39188E-022  3.56695E-019  1.00000E-040  4.29343E-040  4.30401E-027  3.81101E-022  8.97130E-009  4.04059E-016  6.50589E-011  3.03131E-016  7.09128E-008  1.36858E-010  6.67271E-006  7.22207E-009  1.01840E-012  4.57282E-015  2.83180E-010  3.43922E-009  2.84642E-011  1.00000E-040  1.00000E-040  1.00000E-040  1.00000E-040  1.55779E-034  1.00000E-040  2.25767E-018  4.95548E-014  1.41963E-021  4.19946E-021  1.53809E-040  1.13039E-039  1.00000E-040  1.00000E-040  1.00000E-040  1.99625E-037  1.30561E-034  8.93938E-023  7.52751E-018  2.52025E-028  1.10618E-031  6.27620E-025  2.93348E-016  1.99674E-016  5.28061E-014  2.29175E-027  4.96093E-017  1.00000E-040  1.29342E-015  8.80748E-037  9.26097E-023  2.17967E-030  1.27843E-022  1.19414E-024  2.23213E-013  2.52791E-022  2.07246E-016  9.88989E-036  1.72132E-014  1.00000E-040  1.00000E-040  2.60637E-021  1.00000E-040  1.21673E-025  4.98898E-012  4.24206E-037  1.00000E-003  1.00000E-005  1.00000E-005  1.00000E-005  1.00000E-005  1.00000E-005  1.00000E-005  1.00000E-005  1.00000E-005  1.00000E-005  1.00000E-005  1.00000E-005  1.00000E-005  1.00000E-005  1.00000E-005  1.00000E-005  
3.75000E+001  3.65982E-003  1.16069E+017  2.28381E+002  2.97405E+004  1.00000E-040  1.00000E-040  1.00000E-040  1.48420E-012  1.00000E-040  1.00000E-040  1.00000E-040  1.00000E-040  1.00000E-040  1.00000E-040  1.00000E-040  1.00000E-040  1.00000E-040  1.00000E-040  9.35988E-023  1.00000E-040  1.00000E-040  1.70578E-016  3.24860E-007  1.39332E-005  7.31294E-011  8.07316E-010  2.11969E-001  4.64424E-009  2.83145E-004  2.78259E-020  3.18396E-011  1.00000E-040  1.00000E-040  3.11799E-026  5.31743E-016  3.29991E-007  2.53929E-022  1.62282E-029  1.00000E-040  1.00000E-040  1.00000E-040  2.19746E-019  1.57233E-019  1.09821E-015  1.85968E-012  5.61220E-038  1.00000E-040  1.32558E-012  4.66264E-034  4.38562E-011  4.40734E-021  7.87726E-001  3.08013E-022  2.97337E-023  4.97186E-020  1.00000E-040  7.28932E-040  5.48220E-027  4.60860E-022  1.02272E-008  3.85069E-016  6.91883E-011  2.90875E-016  6.38991E-008  1.23418E-010  6.78560E-006  6.87955E-009  9.36076E-013  4.46498E-015  2.80149E-010  2.79404E-009  2.98499E-011  1.00000E-040  1.00000E-040  1.00000E-040  1.00000E-040  3.87385E-036  1.00000E-040  3.12098E-018  6.74779E-014  1.93653E-021  5.81737E-021  1.92816E-040  1.26876E-039  1.00000E-040  1.00000E-040  1.00000E-040  2.70501E-037  2.02627E-034  1.10330E-022  7.75761E-018  4.41780E-028  1.59800E-031  3.97388E-025  2.71172E-016  2.39245E-016  4.68768E-014  3.11454E-027  2.40259E-017  1.00000E-040  1.51504E-015  1.37096E-036  1.16115E-022  2.34708E-030  1.27826E-022  1.20478E-024  2.17177E-013  2.22904E-022  2.77587E-016  2.21060E-037  1.72034E-014  1.00000E-040  1.00000E-040  3.40764E-021  1.00000E-040  1.40245E-025  4.43340E-012  5.25630E-037  1.00000E-003  1.00000E-005  1.00000E-005  1.00000E-005  1.00000E-005  1.00000E-005  1.00000E-005  1.00000E-005  1.00000E-005  1.00000E-005  1.00000E-005  1.00000E-005  1.00000E-005  1.00000E-005  1.00000E-005  1.00000E-005  
3.85000E+001  3.15588E-003  1.00642E+017  2.27122E+002  3.29242E+004  1.00000E-040  1.00000E-040  1.00000E-040  3.42479E-012  1.00000E-040  1.00000E-040  1.00000E-040  1.00000E-040  1.00000E-040  1.00000E-040  1.00000E-040  1.00000E-040  1.00000E-040  1.00000E-040  9.32288E-023  1.00000E-040  1.00000E-040  3.27931E-016  3.15291E-007  1.39720E-005  9.44132E-011  1.16206E-009  2.11963E-001  4.42825E-009  2.83127E-004  3.43785E-020  3.11375E-011  1.00000E-040  1.32159E-040  5.22809E-026  7.01561E-016  3.12871E-007  2.41910E-022  5.59555E-030  1.37828E-037  1.53485E-036  1.00000E-040  2.23639E-019  1.96945E-019  1.10540E-015  1.40768E-012  6.71908E-038  1.00000E-040  7.19280E-013  5.14224E-034  4.37518E-011  7.28733E-021  7.87732E-001  3.50950E-022  1.34631E-023  6.96129E-021  1.00000E-040  1.19131E-039  6.84419E-027  5.34048E-022  1.14643E-008  3.60644E-016  7.33363E-011  2.76999E-016  5.75713E-008  1.12688E-010  7.01619E-006  6.35486E-009  8.51349E-013  3.81800E-015  2.76246E-010  2.26714E-009  3.04838E-011  1.00000E-040  1.00000E-040  1.00000E-040  1.00000E-040  3.56232E-037  1.00000E-040  4.22249E-018  8.94280E-014  2.55233E-021  7.73556E-021  2.45909E-040  1.18085E-039  1.00000E-040  1.00000E-040  1.00000E-040  3.34834E-037  2.99332E-034  1.31234E-022  7.82027E-018  7.25422E-028  2.18884E-031  2.65325E-025  2.47334E-016  2.86141E-016  4.18868E-014  4.26013E-027  1.15790E-017  1.00000E-040  2.01916E-015  2.15497E-036  1.40545E-022  2.47691E-030  1.27808E-022  1.17733E-024  2.05656E-013  1.95501E-022  3.74939E-016  1.81798E-038  1.71938E-014  1.00000E-040  1.00000E-040  4.21807E-021  1.00000E-040  1.52626E-025  3.94219E-012  6.41430E-037  1.00000E-003  1.00000E-005  1.00000E-005  1.00000E-005  1.00000E-005  1.00000E-005  1.00000E-005  1.00000E-005  1.00000E-005  1.00000E-005  1.00000E-005  1.00000E-005  1.00000E-005  1.00000E-005  1.00000E-005  1.00000E-005  
3.95000E+001  2.71897E-003  8.73004E+016  2.25582E+002  3.69865E+004  1.00000E-040  1.00000E-040  1.00000E-040  7.74589E-012  1.00000E-040  1.00000E-040  1.00000E-040  1.00000E-040  1.00000E-040  1.00000E-040  1.00000E-040  1.00000E-040  1.00000E-040  1.00000E-040  9.27575E-023  1.00000E-040  1.00000E-040  6.51689E-016  3.06159E-007  1.40080E-005  1.22656E-010  1.69456E-009  2.11956E-001  4.18600E-009  2.83106E-004  4.26406E-020  3.03729E-011  1.00000E-040  3.52811E-040  8.72128E-026  9.18577E-016  2.96755E-007  2.24111E-022  1.79416E-030  1.00000E-040  1.00000E-040  1.00000E-040  2.14557E-019  2.31380E-019  1.07738E-015  1.04148E-012  7.60780E-038  1.00000E-040  3.80506E-013  5.50072E-034  4.36527E-011  1.80702E-020  7.87739E-001  4.15640E-022  1.13331E-023  1.07191E-021  1.00000E-040  1.91964E-039  8.52466E-027  5.96138E-022  1.26367E-008  3.29124E-016  7.80291E-011  2.73104E-016  5.19196E-008  1.03887E-010  7.34880E-006  5.72570E-009  7.84442E-013  3.10436E-015  2.69046E-010  1.82947E-009  3.02117E-011  1.00000E-040  1.00000E-040  1.00000E-040  1.00000E-040  1.57025E-037  1.00000E-040  5.61731E-018  1.17244E-013  3.28657E-021  1.00434E-020  3.17645E-040  1.00531E-039  1.00000E-040  1.00000E-040  1.00000E-040  3.98242E-037  4.27410E-034  1.51676E-022  7.73542E-018  1.17919E-027  2.95818E-031  1.80579E-025  2.11010E-016  3.43294E-016  3.74070E-014  8.21571E-027  5.55813E-018  1.00000E-040  2.92042E-015  3.41943E-036  1.65295E-022  2.58223E-030  1.27788E-022  1.10109E-024  1.91979E-013  1.69561E-022  5.12604E-016  7.22817E-039  1.71844E-014  1.00000E-040  1.00000E-040  5.17107E-021  1.00000E-040  1.66210E-025  3.51019E-012  7.76067E-037  1.00000E-003  1.00000E-005  1.00000E-005  1.00000E-005  1.00000E-005  1.00000E-005  1.00000E-005  1.00000E-005  1.00000E-005  1.00000E-005  1.00000E-005  1.00000E-005  1.00000E-005  1.00000E-005  1.00000E-005  1.00000E-005  
4.05000E+001  2.33995E-003  7.57901E+016  2.23620E+002  4.09878E+004  1.00000E-040  1.00000E-040  1.00000E-040  1.67562E-011  1.00000E-040  1.00000E-040  1.00000E-040  1.00000E-040  1.00000E-040  1.00000E-040  1.00000E-040  1.00000E-040  1.00000E-040  1.00000E-040  9.21356E-023  1.00000E-040  1.00000E-040  1.33445E-015  2.97508E-007  1.40415E-005  1.61073E-010  2.49956E-009  2.11949E-001  3.93068E-009  2.83083E-004  5.32154E-020  2.95149E-011  1.00000E-040  1.01505E-039  1.44856E-025  1.19152E-015  2.81604E-007  2.02922E-022  5.39525E-031  1.00000E-040  1.00000E-040  1.00000E-040  1.90473E-019  2.52585E-019  1.02371E-015  7.56573E-013  8.25475E-038  1.00000E-040  1.96548E-013  5.62288E-034  4.35579E-011  1.13426E-019  7.87745E-001  5.02597E-022  1.07864E-023  2.44924E-022  1.00000E-040  3.07055E-039  1.06476E-026  6.47668E-022  1.37403E-008  2.95456E-016  8.28619E-011  2.73249E-016  4.68904E-008  9.58366E-011  7.78988E-006  5.00970E-009  7.25908E-013  2.38494E-015  2.59876E-010  1.46692E-009  2.85030E-011  1.00000E-040  1.00000E-040  1.00000E-040  1.00000E-040  9.60699E-038  1.00000E-040  7.37479E-018  1.52772E-013  4.14958E-021  1.27524E-020  4.14792E-040  7.78405E-040  1.00000E-040  1.00000E-040  1.00000E-040  4.56167E-037  5.97851E-034  1.71523E-022  7.44679E-018  1.89404E-027  3.92078E-031  1.26641E-025  1.67421E-016  4.14834E-016  3.34763E-014  3.98292E-026  2.65028E-018  1.00000E-040  4.58287E-015  5.56090E-036  1.90340E-022  2.69154E-030  1.27766E-022  1.00450E-024  1.75505E-013  1.47287E-022  7.10189E-016  4.00727E-039  1.71752E-014  1.00000E-040  1.00000E-040  6.27924E-021  1.00000E-040  1.78872E-025  3.13012E-012  9.33750E-037  1.00000E-003  1.00000E-005  1.00000E-005  1.00000E-005  1.00000E-005  1.00000E-005  1.00000E-005  1.00000E-005  1.00000E-005  1.00000E-005  1.00000E-005  1.00000E-005  1.00000E-005  1.00000E-005  1.00000E-005  1.00000E-005  
4.15000E+001  2.01112E-003  6.57488E+016  2.21547E+002  4.51719E+004  1.00000E-040  1.00000E-040  1.00000E-040  3.13447E-011  1.00000E-040  1.00000E-040  1.00000E-040  1.00000E-040  1.00000E-040  1.00000E-040  1.00000E-040  1.00000E-040  1.00000E-040  1.00000E-040  9.14662E-023  1.00000E-040  1.00000E-040  2.84443E-015  2.89301E-007  1.40726E-005  2.14569E-010  3.74990E-009  2.11942E-001  3.67378E-009  2.83057E-004  6.75142E-020  2.87378E-011  1.00000E-040  3.23606E-039  2.44857E-025  1.55356E-015  2.67235E-007  1.80050E-022  1.53800E-031  5.48342E-039  5.91059E-038  1.00000E-040  1.53899E-019  2.52676E-019  9.41384E-016  5.40069E-013  8.73742E-038  1.00000E-040  9.85533E-014  5.72338E-034  4.34656E-011  9.54582E-019  7.87752E-001  6.12475E-022  1.02474E-023  1.14784E-022  1.00000E-040  4.88192E-039  1.33126E-026  6.90676E-022  1.47480E-008  2.60051E-016  8.78979E-011  2.74549E-016  4.23833E-008  8.79376E-011  8.33053E-006  4.25130E-009  6.76281E-013  1.79465E-015  2.48019E-010  1.16180E-009  2.45553E-011  1.00000E-040  1.00000E-040  1.00000E-040  1.00000E-040  5.81737E-038  1.00000E-040  9.61272E-018  2.00008E-013  5.18516E-021  1.60210E-020  5.48168E-040  5.76771E-040  1.00000E-040  1.00000E-040  1.00000E-040  5.13643E-037  8.31707E-034  1.91578E-022  6.94695E-018  3.08829E-027  5.12160E-031  8.93399E-026  1.20838E-016  5.05971E-016  2.99218E-014  2.79151E-025  1.24227E-018  1.00000E-040  7.40390E-015  9.19259E-036  2.16487E-022  2.79178E-030  1.27741E-022  8.95716E-025  1.57208E-013  1.27718E-022  9.99525E-016  2.19172E-039  1.71662E-014  1.00000E-040  1.00000E-040  7.72521E-021  1.00000E-040  1.95004E-025  2.79218E-012  1.11745E-036  1.00000E-003  1.00000E-005  1.00000E-005  1.00000E-005  1.00000E-005  1.00000E-005  1.00000E-005  1.00000E-005  1.00000E-005  1.00000E-005  1.00000E-005  1.00000E-005  1.00000E-005  1.00000E-005  1.00000E-005  1.00000E-005  
4.25000E+001  1.72607E-003  5.69809E+016  2.19405E+002  5.04170E+004  1.00000E-040  1.00000E-040  1.00000E-040  4.14611E-011  1.00000E-040  1.00000E-040  1.00000E-040  1.00000E-040  1.00000E-040  1.00000E-040  1.00000E-040  1.00000E-040  1.00000E-040  1.00000E-040  9.07478E-023  1.00000E-040  1.00008E-040  6.31661E-015  2.81618E-007  1.41014E-005  2.90826E-010  5.72450E-009  2.11934E-001  3.42459E-009  2.83029E-004  8.74075E-020  2.80440E-011  1.00000E-040  1.14374E-038  4.24208E-025  2.04338E-015  2.53676E-007  1.57202E-022  4.22499E-032  1.00000E-040  1.00000E-040  1.00000E-040  1.12663E-019  2.31964E-019  8.38188E-016  3.80155E-013  9.13080E-038  1.00000E-040  4.79251E-014  5.84569E-034  4.33753E-011  6.82338E-018  7.87760E-001  7.21386E-022  9.49225E-024  8.15810E-023  1.00000E-040  7.66284E-039  1.65262E-026  7.26921E-022  1.56405E-008  2.25020E-016  9.28965E-011  2.65606E-016  3.83638E-008  7.98553E-011  8.95415E-006  3.47704E-009  6.27412E-013  1.33751E-015  2.33852E-010  9.03524E-010  1.88663E-011  1.00000E-040  1.00000E-040  1.00000E-040  1.00000E-040  3.29647E-038  1.00000E-040  1.24479E-017  2.64165E-013  6.42271E-021  1.99446E-020  7.32356E-040  4.14865E-040  1.00000E-040  1.00000E-040  1.00000E-040  5.73348E-037  1.16104E-033  2.12156E-022  6.25375E-018  5.15115E-027  6.52508E-031  6.31052E-026  7.92046E-017  6.24065E-016  2.67313E-014  1.68185E-024  5.69283E-019  1.00000E-040  1.16796E-014  1.53485E-035  2.44092E-022  2.86544E-030  1.27712E-022  7.86529E-025  1.37479E-013  1.11171E-022  1.43026E-015  1.12037E-039  1.71574E-014  1.00000E-040  1.00000E-040  9.70060E-021  1.00000E-040  2.16096E-025  2.49267E-012  1.32419E-036  1.00000E-003  1.00000E-005  1.00000E-005  1.00000E-005  1.00000E-005  1.00000E-005  1.00000E-005  1.00000E-005  1.00000E-005  1.00000E-005  1.00000E-005  1.00000E-005  1.00000E-005  1.00000E-005  1.00000E-005  1.00000E-005  
4.35000E+001  1.47931E-003  4.92986E+016  2.17341E+002  5.66624E+004  1.00000E-040  1.00000E-040  1.00000E-040  3.58607E-011  1.00000E-040  1.00000E-040  1.00000E-040  1.00000E-040  1.00000E-040  1.00000E-040  1.00000E-040  1.00000E-040  1.00000E-040  1.00000E-040  8.99715E-023  1.00000E-040  1.00064E-040  1.46432E-014  2.74598E-007  1.41274E-005  4.01480E-010  8.90099E-009  2.11925E-001  3.19175E-009  2.82998E-004  1.15895E-019  2.74562E-011  1.00000E-040  4.49313E-038  7.59997E-025  2.72743E-015  2.41046E-007  1.36030E-022  1.15309E-032  1.00000E-040  1.00000E-040  1.00000E-040  7.49350E-020  1.96597E-019  7.23432E-016  2.65555E-013  9.55296E-038  1.00000E-040  2.26777E-014  6.11330E-034  4.32872E-011  3.89549E-017  7.87767E-001  8.08689E-022  8.64161E-024  6.23366E-023  1.00000E-040  1.18117E-038  2.02351E-026  7.55641E-022  1.63886E-008  1.91247E-016  9.77370E-011  2.43890E-016  3.48177E-008  7.17018E-011  9.61250E-006  2.72196E-009  5.71736E-013  1.01076E-015  2.17367E-010  6.83925E-010  1.37069E-011  1.00000E-040  1.00000E-040  1.00000E-040  1.00000E-040  1.76795E-038  1.00000E-040  1.59838E-017  3.52724E-013  7.88260E-021  2.46192E-020  9.87699E-040  2.96832E-040  1.00000E-040  1.00000E-040  1.00000E-040  6.43856E-037  1.63168E-033  2.33135E-022  5.43818E-018  8.89097E-027  8.07806E-031  4.42373E-026  4.71190E-017  7.78148E-016  2.38619E-014  8.09128E-024  2.54835E-019  1.00000E-040  1.73052E-014  2.56004E-035  2.72886E-022  2.88958E-030  1.27677E-022  6.78925E-025  1.17196E-013  9.74903E-023  2.08041E-015  5.41051E-040  1.71488E-014  1.00000E-040  1.00000E-040  1.25499E-020  1.00000E-040  2.46675E-025  2.23028E-012  1.54636E-036  1.00000E-003  1.00000E-005  1.00000E-005  1.00000E-005  1.00000E-005  1.00000E-005  1.00000E-005  1.00000E-005  1.00000E-005  1.00000E-005  1.00000E-005  1.00000E-005  1.00000E-005  1.00000E-005  1.00000E-005  1.00000E-005  
4.45000E+001  1.26604E-003  4.25870E+016  2.15321E+002  6.33601E+004  1.00000E-040  1.00000E-040  1.00000E-040  2.53580E-011  1.00000E-040  1.00000E-040  1.00000E-040  1.00000E-040  1.00000E-040  1.00000E-040  1.00000E-040  1.00000E-040  1.00000E-040  1.00000E-040  8.89551E-023  1.00000E-040  1.00123E-040  3.51921E-014  2.68324E-007  1.41505E-005  5.63363E-010  1.40564E-008  2.11917E-001  2.97911E-009  2.82965E-004  1.56831E-019  2.68808E-011  1.00000E-040  1.91829E-037  1.40006E-024  3.68242E-015  2.29362E-007  1.17163E-022  3.18652E-033  6.85533E-039  7.61297E-038  1.00000E-040  4.54717E-020  1.54617E-019  6.06521E-016  1.84953E-013  1.00342E-037  1.00000E-040  1.04473E-014  6.50520E-034  4.32009E-011  1.80179E-016  7.87775E-001  8.57113E-022  7.71441E-024  4.65131E-023  1.00000E-040  1.78751E-038  2.44299E-026  7.74762E-022  1.69584E-008  1.59937E-016  1.02230E-010  2.10964E-016  3.16958E-008  6.40379E-011  1.02302E-005  2.01962E-009  5.00372E-013  7.74113E-016  1.99157E-010  4.98443E-010  9.90428E-012  1.00000E-040  1.00000E-040  1.00000E-040  1.00000E-040  8.95577E-039  1.00000E-040  2.03034E-017  4.74573E-013  9.55458E-021  3.00271E-020  1.34788E-039  2.10855E-040  1.00000E-040  1.00000E-040  1.00000E-040  7.27902E-037  2.30000E-033  2.53686E-022  4.57702E-018  1.57813E-026  9.70331E-031  3.06623E-026  2.55067E-017  9.78858E-016  2.13077E-014  3.14278E-023  1.11071E-019  1.00000E-040  2.38642E-014  4.26044E-035  3.01709E-022  2.86599E-030  1.27634E-022  5.76124E-025  9.71700E-014  8.64400E-023  3.06891E-015  2.46682E-040  1.71405E-014  1.00000E-040  1.00000E-040  1.66261E-020  1.00000E-040  2.88463E-025  2.00186E-012  1.77621E-036  1.00000E-003  1.00000E-005  1.00000E-005  1.00000E-005  1.00000E-005  1.00000E-005  1.00000E-005  1.00000E-005  1.00000E-005  1.00000E-005  1.00000E-005  1.00000E-005  1.00000E-005  1.00000E-005  1.00000E-005  1.00000E-005  
4.55000E+001  1.08199E-003  3.67304E+016  2.13361E+002  6.89710E+004  1.00000E-040  1.00000E-040  1.00000E-040  1.71222E-011  1.00000E-040  1.00000E-040  1.00000E-040  1.00000E-040  1.00000E-040  1.00000E-040  1.00000E-040  1.00000E-040  1.00000E-040  1.00000E-040  8.73331E-023  1.00000E-040  1.00184E-040  8.66989E-014  2.62815E-007  1.41709E-005  7.97794E-010  2.24467E-008  2.11908E-001  2.78830E-009  2.82929E-004  2.14895E-019  2.62223E-011  1.00000E-040  8.61253E-037  2.61695E-024  4.99698E-015  2.18486E-007  1.00395E-022  8.90850E-034  6.93829E-039  7.62402E-038  1.00000E-040  2.52472E-020  1.12651E-019  4.92377E-016  1.28447E-013  1.04869E-037  1.00000E-040  4.63516E-015  7.00981E-034  4.31145E-011  6.89225E-016  7.87783E-001  8.71854E-022  6.78192E-024  3.37180E-023  1.00000E-040  2.66060E-038  2.91337E-026  7.78400E-022  1.73012E-008  1.31290E-016  1.06416E-010  1.74463E-016  2.89093E-008  5.76452E-011  1.06943E-005  1.40878E-009  4.10245E-013  5.97756E-016  1.79519E-010  3.44332E-010  7.18424E-012  1.00000E-040  1.00000E-040  1.00000E-040  1.00000E-040  4.34793E-039  1.00000E-040  2.54659E-017  6.40100E-013  1.14005E-020  3.60961E-020  1.87540E-039  1.48326E-040  1.00000E-040  1.00000E-040  1.00000E-040  8.23103E-037  3.20803E-033  2.72177E-022  3.73838E-018  2.84339E-026  1.13538E-030  2.05562E-026  1.25187E-017  1.23295E-015  1.90076E-014  1.00372E-022  4.65271E-020  1.00000E-040  3.08367E-014  7.03109E-035  3.28249E-022  2.79444E-030  1.27577E-022  4.75987E-025  7.82196E-014  7.69121E-023  4.56504E-015  1.07496E-040  1.71323E-014  1.00000E-040  1.00000E-040  2.22516E-020  1.00000E-040  3.43544E-025  1.80192E-012  2.00650E-036  1.00000E-003  1.00000E-005  1.00000E-005  1.00000E-005  1.00000E-005  1.00000E-005  1.00000E-005  1.00000E-005  1.00000E-005  1.00000E-005  1.00000E-005  1.00000E-005  1.00000E-005  1.00000E-005  1.00000E-005  1.00000E-005  
4.65000E+001  9.23415E-004  3.16329E+016  2.11434E+002  7.80352E+004  1.00000E-040  1.00000E-040  1.00000E-040  1.17536E-011  1.00000E-040  1.00000E-040  1.00000E-040  1.00000E-040  1.00000E-040  1.00000E-040  1.00000E-040  1.00000E-040  1.00000E-040  1.00000E-040  8.44871E-023  1.00000E-040  1.00249E-040  2.13473E-013  2.58248E-007  1.41880E-005  1.12275E-009  3.58466E-008  2.11900E-001  2.62612E-009  2.82889E-004  2.93596E-019  2.53937E-011  1.00000E-040  3.82410E-036  4.81528E-024  6.71716E-015  2.08564E-007  8.63936E-023  2.57593E-034  8.20189E-039  8.93391E-038  1.00000E-040  1.31382E-020  7.69829E-020  3.91336E-016  8.98529E-014  1.08089E-037  1.00000E-040  1.98674E-015  7.50573E-034  4.30280E-011  2.22451E-015  7.87792E-001  8.62199E-022  5.87840E-024  2.41527E-023  1.00000E-040  3.86710E-038  3.40861E-026  7.52501E-022  1.73779E-008  1.05744E-016  1.10398E-010  1.39670E-016  2.64442E-008  5.31612E-011  1.08604E-005  9.21178E-010  3.07189E-013  4.61684E-016  1.59051E-010  2.22596E-010  5.21391E-012  1.00000E-040  1.00000E-040  1.00000E-040  1.00000E-040  2.05952E-039  1.00000E-040  3.12201E-017  8.52691E-013  1.32208E-020  4.22598E-020  2.66366E-039  1.01157E-040  1.00000E-040  1.00000E-040  1.00000E-040  9.25817E-037  4.28005E-033  2.83662E-022  2.97757E-018  5.04301E-026  1.28738E-030  1.32098E-026  5.66900E-018  1.53357E-015  1.69153E-014  2.67931E-022  1.88434E-020  1.00000E-040  3.75444E-014  1.12652E-034  3.45997E-022  2.65243E-030  1.27499E-022  3.74559E-025  6.10954E-014  6.83630E-023  6.75525E-015  1.00000E-040  1.71244E-014  1.00000E-040  1.00000E-040  2.91681E-020  1.00000E-040  4.11035E-025  1.63073E-012  2.21737E-036  1.00000E-003  1.00000E-005  1.00000E-005  1.00000E-005  1.00000E-005  1.00000E-005  1.00000E-005  1.00000E-005  1.00000E-005  1.00000E-005  1.00000E-005  1.00000E-005  1.00000E-005  1.00000E-005  1.00000E-005  1.00000E-005  
4.75000E+001  7.86983E-004  2.72019E+016  2.09548E+002  8.59767E+004  1.00000E-040  1.00000E-040  1.00000E-040  8.05936E-012  1.00000E-040  1.00000E-040  1.00000E-040  1.00000E-040  1.00000E-040  1.00000E-040  1.00000E-040  1.00000E-040  1.00000E-040  1.00000E-040  7.96994E-023  1.00000E-040  1.00316E-040  5.07268E-013  2.54798E-007  1.42015E-005  1.53658E-009  5.63533E-008  2.11891E-001  2.49929E-009  2.82845E-004  3.91947E-019  2.43566E-011  1.00000E-040  1.54841E-035  8.35336E-024  8.75307E-015  1.99736E-007  7.56884E-023  7.87342E-035  1.00000E-040  1.00000E-040  1.00000E-040  6.70118E-021  5.06336E-020  3.10731E-016  6.41993E-014  1.08391E-037  1.00000E-040  8.30175E-016  7.82466E-034  4.29416E-011  6.17215E-015  7.87800E-001  8.43831E-022  5.04627E-024  1.75485E-023  1.00000E-040  5.41298E-038  3.85951E-026  6.83371E-022  1.71741E-008  8.33591E-017  1.14501E-010  1.10286E-016  2.42859E-008  5.06069E-011  1.06238E-005  5.69644E-010  2.07412E-013  3.54357E-016  1.38415E-010  1.33816E-010  3.79467E-012  1.00000E-040  1.00000E-040  1.00000E-040  1.00000E-040  9.80753E-040  1.00000E-040  3.69209E-017  1.09896E-012  1.46665E-020  4.75017E-020  3.86590E-039  1.00000E-040  1.00000E-040  1.00000E-040  1.00000E-040  1.02752E-036  5.21868E-033  2.81803E-022  2.32340E-018  8.43366E-026  1.39984E-030  8.09269E-027  2.46580E-018  1.84121E-015  1.49733E-014  6.05497E-022  7.51555E-021  1.00000E-040  4.34359E-014  1.69084E-034  3.46596E-022  2.40797E-030  1.27392E-022  2.72426E-025  4.61991E-014  6.02199E-023  9.75245E-015  1.00000E-040  1.71167E-014  1.00000E-040  1.00000E-040  3.58793E-020  1.00000E-040  4.86415E-025  1.48812E-012  2.38025E-036  1.00000E-003  1.00000E-005  1.00000E-005  1.00000E-005  1.00000E-005  1.00000E-005  1.00000E-005  1.00000E-005  1.00000E-005  1.00000E-005  1.00000E-005  1.00000E-005  1.00000E-005  1.00000E-005  1.00000E-005  1.00000E-005  
4.85000E+001  6.69776E-004  2.33585E+016  2.07683E+002  9.43451E+004  1.00000E-040  1.00000E-040  1.00000E-040  5.52333E-012  1.00000E-040  1.00000E-040  1.00000E-040  1.00000E-040  1.00000E-040  1.00000E-040  1.00000E-040  1.00000E-040  1.00000E-040  1.00000E-040  7.24613E-023  1.00000E-040  1.00388E-040  1.12122E-012  2.52542E-007  1.42112E-005  2.00452E-009  8.56555E-008  2.11883E-001  2.40957E-009  2.82798E-004  5.00928E-019  2.30941E-011  1.00000E-040  5.25692E-035  1.30527E-023  1.07804E-014  1.91932E-007  6.80576E-023  2.72595E-035  2.13871E-039  2.27276E-038  1.00000E-040  3.52668E-021  3.31586E-020  2.51669E-016  4.72248E-014  1.03810E-037  1.00000E-040  3.37480E-016  7.76265E-034  4.28534E-011  1.50055E-014  7.87810E-001  8.25407E-022  4.29702E-024  1.32035E-023  1.00000E-040  7.21001E-038  4.17922E-026  5.73419E-022  1.66982E-008  6.42667E-017  1.18978E-010  8.68936E-017  2.23773E-008  4.92303E-011  9.98498E-006  3.39503E-010  1.27204E-013  2.66569E-016  1.18331E-010  7.48362E-011  2.75564E-012  1.00000E-040  1.00000E-040  1.00000E-040  1.00000E-040  4.80525E-040  1.00000E-040  4.16228E-017  1.34258E-012  1.53524E-020  5.06091E-020  5.76982E-039  1.00000E-040  1.00000E-040  1.00000E-040  1.00000E-040  1.10599E-036  5.60546E-033  2.63086E-022  1.78404E-018  1.27010E-025  1.44569E-030  4.68766E-027  1.09156E-018  2.08070E-015  1.31447E-014  1.17192E-021  2.98823E-021  1.00000E-040  4.83064E-014  2.30471E-034  3.25304E-022  2.06846E-030  1.27242E-022  1.79848E-025  3.37305E-014  5.19695E-023  1.34603E-014  1.00000E-040  1.71092E-014  1.00000E-040  1.00000E-040  3.96527E-020  1.00000E-040  5.58279E-025  1.37045E-012  2.46848E-036  1.00000E-003  1.00000E-005  1.00000E-005  1.00000E-005  1.00000E-005  1.00000E-005  1.00000E-005  1.00000E-005  1.00000E-005  1.00000E-005  1.00000E-005  1.00000E-005  1.00000E-005  1.00000E-005  1.00000E-005  1.00000E-005  
4.95000E+001  5.69227E-004  2.00294E+016  2.05842E+002  1.04470E+005  1.00000E-040  1.00000E-040  1.00000E-040  3.77595E-012  1.00000E-040  1.00000E-040  1.00000E-040  1.00000E-040  1.00000E-040  1.00000E-040  1.00000E-040  1.00000E-040  1.00000E-040  1.00000E-040  6.28711E-023  1.00000E-040  1.00464E-040  2.25959E-012  2.51577E-007  1.42170E-005  2.47160E-009  1.24497E-007  2.11874E-001  2.35806E-009  2.82745E-004  6.07430E-019  2.16782E-011  1.00000E-040  1.43244E-034  1.79495E-023  1.23645E-014  1.85200E-007  6.35646E-023  1.08038E-035  1.00000E-040  1.00000E-040  1.00000E-040  2.00848E-021  2.24984E-020  2.12858E-016  3.61634E-014  9.49649E-038  1.00000E-040  1.35046E-016  7.27043E-034  4.27629E-011  3.25776E-014  7.87819E-001  8.09408E-022  3.64012E-024  1.04310E-023  1.00000E-040  9.05059E-038  4.28397E-026  4.41927E-022  1.59996E-008  4.86756E-017  1.23805E-010  6.87114E-017  2.07021E-008  4.80014E-011  9.06627E-006  1.99721E-010  7.28471E-014  1.97130E-016  9.95454E-011  3.95528E-011  1.99774E-012  1.00000E-040  1.00000E-040  1.00000E-040  1.00000E-040  2.45746E-040  1.00000E-040  4.42619E-017  1.53288E-012  1.50084E-020  5.05902E-020  8.82063E-039  1.00000E-040  1.00000E-040  1.00000E-040  1.00000E-040  1.15108E-036  5.22805E-033  2.28989E-022  1.35989E-018  1.68306E-025  1.40722E-030  2.61199E-027  5.24049E-019  2.17912E-015  1.14371E-014  1.97234E-021  1.21679E-021  1.00000E-040  5.20723E-014  2.79997E-034  2.83933E-022  1.67694E-030  1.27043E-022  1.07398E-025  2.37768E-014  4.40515E-023  1.75599E-014  1.00000E-040  1.71019E-014  1.00000E-040  1.00000E-040  3.85202E-020  1.00000E-040  6.17143E-025  1.27582E-012  2.46091E-036  1.00000E-003  1.00000E-005  1.00000E-005  1.00000E-005  1.00000E-005  1.00000E-005  1.00000E-005  1.00000E-005  1.00000E-005  1.00000E-005  1.00000E-005  1.00000E-005  1.00000E-005  1.00000E-005  1.00000E-005  1.00000E-005  
5.05000E+001  4.83091E-004  1.71505E+016  2.04018E+002  1.14473E+005  1.00000E-040  1.00000E-040  1.00000E-040  2.57788E-012  1.00000E-040  1.00000E-040  1.00000E-040  1.00000E-040  1.00000E-040  1.00000E-040  1.00000E-040  1.00000E-040  1.00000E-040  1.00000E-040  5.17210E-023  1.00000E-040  1.00545E-040  4.16468E-012  2.51917E-007  1.42191E-005  2.89583E-009  1.73075E-007  2.11865E-001  2.34389E-009  2.82688E-004  7.01544E-019  2.02171E-011  1.00000E-040  3.15632E-034  2.18252E-023  1.31992E-014  1.79490E-007  6.20412E-023  5.20527E-036  3.42601E-040  3.56693E-039  1.00000E-040  1.25858E-021  1.61633E-020  1.90049E-016  2.89793E-014  8.38949E-038  1.00000E-040  5.38445E-017  6.45640E-034  4.26694E-011  6.42652E-014  7.87829E-001  7.95177E-022  3.07124E-024  8.66772E-024  1.00000E-040  1.06817E-037  4.14387E-026  3.15543E-022  1.51402E-008  3.65738E-017  1.28705E-010  5.46271E-017  1.92365E-008  4.62800E-011  8.04629E-006  1.18143E-010  4.02292E-014  1.44690E-016  8.25942E-011  2.01604E-011  1.44458E-012  1.00000E-040  1.00000E-040  1.00000E-040  1.00000E-040  1.30837E-040  1.00000E-040  4.43583E-017  1.63451E-012  1.37099E-020  4.74422E-020  1.37210E-038  1.16830E-039  1.00000E-040  1.00000E-040  1.00000E-040  1.16452E-036  4.29342E-033  1.86574E-022  1.03726E-018  1.97141E-025  1.28886E-030  1.43966E-027  2.82972E-019  2.11365E-015  9.87584E-015  2.93450E-021  5.18841E-022  1.00000E-040  5.48420E-014  3.03961E-034  2.31536E-022  1.29633E-030  1.26796E-022  5.88288E-026  1.62166E-014  3.70722E-023  2.16936E-014  1.00000E-040  1.70948E-014  1.00000E-040  1.00000E-040  3.30529E-020  1.00000E-040  6.58746E-025  1.20102E-012  2.35508E-036  1.00000E-003  1.00000E-005  1.00000E-005  1.00000E-005  1.00000E-005  1.00000E-005  1.00000E-005  1.00000E-005  1.00000E-005  1.00000E-005  1.00000E-005  1.00000E-005  1.00000E-005  1.00000E-005  1.00000E-005  1.00000E-005  
5.15000E+001  4.09410E-004  1.46637E+016  2.02223E+002  1.24475E+005  1.00000E-040  1.00000E-040  1.00000E-040  1.72737E-012  1.00000E-040  1.00000E-040  1.00000E-040  1.00000E-040  1.00000E-040  1.00000E-040  1.00000E-040  1.00000E-040  1.00000E-040  1.00000E-040  4.02323E-023  1.00000E-040  1.00632E-040  7.15159E-012  2.53536E-007  1.42174E-005  3.26441E-009  2.32133E-007  2.11855E-001  2.36832E-009  2.82625E-004  7.80522E-019  1.88125E-011  1.00000E-040  5.86061E-034  2.40016E-023  1.32459E-014  1.74663E-007  6.32235E-023  2.89771E-036  1.00000E-040  1.00000E-040  1.00000E-040  8.58513E-022  1.23056E-020  1.78721E-016  2.42610E-014  7.25172E-038  1.00000E-040  2.15218E-017  5.51444E-034  4.25710E-011  1.16858E-013  7.87840E-001  7.83274E-022  2.58667E-024  7.53781E-024  1.00000E-040  1.18762E-037  3.78572E-026  2.11957E-022  1.41735E-008  2.75934E-017  1.33411E-010  4.37799E-017  1.79453E-008  4.39629E-011  7.06533E-006  7.09434E-011  2.19319E-014  1.06676E-016  6.76910E-011  1.00695E-011  1.04430E-012  1.00000E-040  1.00000E-040  1.00000E-040  1.00000E-040  1.00000E-040  1.00000E-040  4.22116E-017  1.64258E-012  1.18097E-020  4.20987E-020  2.15839E-038  1.15121E-035  1.00000E-040  1.00000E-040  1.00000E-040  1.15566E-036  3.19238E-033  1.43955E-022  7.95330E-019  2.08837E-025  1.11331E-030  8.02448E-028  1.72386E-019  1.91561E-015  8.47749E-015  3.92118E-021  2.33973E-022  1.00000E-040  5.68217E-014  2.98667E-034  1.78547E-022  9.73489E-031  1.26505E-022  3.01229E-026  1.07318E-014  3.13008E-023  2.56499E-014  1.00000E-040  1.70877E-014  1.00000E-040  1.00000E-040  2.56032E-020  1.00000E-040  6.85692E-025  1.14199E-012  2.16583E-036  1.00000E-003  1.00000E-005  1.00000E-005  1.00000E-005  1.00000E-005  1.00000E-005  1.00000E-005  1.00000E-005  1.00000E-005  1.00000E-005  1.00000E-005  1.00000E-005  1.00000E-005  1.00000E-005  1.00000E-005  1.00000E-005  
5.25000E+001  3.46476E-004  1.25185E+016  2.00464E+002  1.34477E+005  1.00000E-040  1.00000E-040  1.00000E-040  1.14131E-012  1.00000E-040  1.00000E-040  1.00000E-040  1.00000E-040  1.00000E-040  1.00000E-040  1.00000E-040  1.00000E-040  1.00000E-040  1.00000E-040  2.96009E-023  1.00000E-040  1.00727E-040  1.16969E-011  2.56408E-007  1.42123E-005  3.58631E-009  3.03768E-007  2.11844E-001  2.43820E-009  2.82556E-004  8.47245E-019  1.75342E-011  1.00000E-040  9.62354E-034  2.45059E-023  1.26628E-014  1.70577E-007  6.70059E-023  1.83171E-036  1.00000E-040  1.00000E-040  1.00000E-040  6.24588E-022  9.83606E-021  1.75663E-016  2.11259E-014  6.20115E-038  1.00000E-040  8.67109E-018  4.59383E-034  4.24660E-011  1.98158E-013  7.87852E-001  7.74506E-022  2.17765E-024  6.81878E-024  1.00000E-040  1.24920E-037  3.27711E-026  1.36016E-022  1.31479E-008  2.11798E-017  1.37819E-010  3.54476E-017  1.68002E-008  4.12480E-011  6.19641E-006  4.33557E-011  1.19557E-014  7.97415E-017  5.48833E-011  4.98721E-012  7.56336E-013  1.00000E-040  1.00000E-040  1.00000E-040  1.00000E-040  1.00000E-040  1.00000E-040  3.85868E-017  1.57470E-012  9.71318E-021  3.57846E-020  3.40815E-038  1.00000E-040  1.00000E-040  1.00000E-040  1.00000E-040  1.13537E-036  2.21082E-033  1.06597E-022  6.13799E-019  2.05416E-025  9.10690E-031  4.60136E-028  1.16657E-019  1.64164E-015  7.24722E-015  4.77074E-021  1.12057E-022  1.00000E-040  5.82088E-014  2.69860E-034  1.32011E-022  7.29466E-031  1.26174E-022  1.46640E-026  6.91078E-015  2.67333E-023  2.94067E-014  1.00000E-040  1.70806E-014  1.00000E-040  1.00000E-040  1.83604E-020  1.00000E-040  7.03099E-025  1.09528E-012  1.92067E-036  1.00000E-003  1.00000E-005  1.00000E-005  1.00000E-005  1.00000E-005  1.00000E-005  1.00000E-005  1.00000E-005  1.00000E-005  1.00000E-005  1.00000E-005  1.00000E-005  1.00000E-005  1.00000E-005  1.00000E-005  1.00000E-005  
5.35000E+001  2.92802E-004  1.06714E+016  1.98733E+002  1.44478E+005  1.00000E-040  1.00000E-040  1.00000E-040  7.48625E-013  1.00000E-040  1.00000E-040  1.00000E-040  1.00000E-040  1.00000E-040  1.00000E-040  1.00000E-040  1.00000E-040  1.00000E-040  1.00000E-040  2.06532E-023  1.00000E-040  1.00831E-040  1.85465E-011  2.60526E-007  1.42039E-005  3.87739E-009  3.91425E-007  2.11832E-001  2.56841E-009  2.82480E-004  9.06160E-019  1.64087E-011  1.00000E-040  1.45340E-033  2.37379E-023  1.16705E-014  1.67104E-007  7.34545E-023  1.87880E-036  1.58366E-038  1.61096E-037  1.00000E-040  4.75405E-022  8.16209E-021  1.78888E-016  1.90242E-014  5.28409E-038  1.00000E-040  3.53620E-018  3.76483E-034  4.23528E-011  3.16383E-013  7.87865E-001  7.68954E-022  1.83185E-024  6.38413E-024  1.00000E-040  1.25101E-037  2.70329E-026  8.45542E-023  1.21056E-008  1.67271E-017  1.41929E-010  2.90196E-017  1.57781E-008  3.83696E-011  5.45666E-006  2.69390E-011  6.55171E-015  6.06774E-017  4.40976E-011  2.46718E-012  5.49152E-013  1.00000E-040  1.00000E-040  1.00000E-040  1.00000E-040  1.00000E-040  1.00000E-040  3.43068E-017  1.45661E-012  7.72527E-021  2.95030E-020  5.36970E-038  1.00000E-040  1.00000E-040  1.00000E-040  1.00000E-040  1.11106E-036  1.46007E-033  7.67320E-023  4.76490E-019  1.91684E-025  7.09528E-031  2.74198E-028  8.58870E-020  1.34491E-015  6.17952E-015  5.35043E-021  5.70030E-023  1.00000E-040  5.91670E-014  2.27807E-034  9.48180E-023  5.64502E-031  1.25806E-022  6.88760E-027  4.34551E-015  2.31944E-023  3.30422E-014  1.00000E-040  1.70732E-014  1.00000E-040  1.00000E-040  1.24491E-020  1.00000E-040  7.14746E-025  1.05805E-012  1.65421E-036  1.00000E-003  1.00000E-005  1.00000E-005  1.00000E-005  1.00000E-005  1.00000E-005  1.00000E-005  1.00000E-005  1.00000E-005  1.00000E-005  1.00000E-005  1.00000E-005  1.00000E-005  1.00000E-005  1.00000E-005  1.00000E-005  
5.45000E+001  2.47107E-004  9.07735E+015  1.97171E+002  1.54480E+005  1.00000E-040  1.00000E-040  1.00000E-040  4.47579E-013  1.00000E-040  1.00000E-040  1.00000E-040  1.00000E-040  1.00000E-040  1.00000E-040  1.00000E-040  1.00000E-040  1.00000E-040  1.00000E-040  1.37342E-023  1.00000E-040  1.00945E-040  2.89714E-011  2.65912E-007  1.41922E-005  4.14972E-009  5.00625E-007  2.11818E-001  2.78575E-009  2.82394E-004  9.62108E-019  1.54318E-011  1.00000E-040  2.09193E-033  2.22124E-023  1.04722E-014  1.64126E-007  8.28948E-023  9.66088E-037  1.00000E-040  1.00000E-040  1.00000E-040  3.73791E-022  6.97324E-021  1.87605E-016  1.76119E-014  4.49799E-038  1.00000E-040  1.46376E-018  3.12410E-034  4.22294E-011  4.79292E-013  7.87880E-001  7.68041E-022  1.56263E-024  6.19665E-024  1.00000E-040  1.19834E-037  2.13236E-026  5.13952E-023  1.10815E-008  1.36578E-017  1.45964E-010  2.40977E-017  1.48596E-008  3.54523E-011  4.82790E-006  1.70178E-011  3.61572E-015  4.77736E-017  3.50972E-011  1.22275E-012  4.12481E-013  1.00000E-040  1.00000E-040  1.00000E-040  1.00000E-040  1.00000E-040  1.00000E-040  2.99992E-017  1.31225E-012  6.01137E-021  2.39131E-020  8.40886E-038  1.00000E-040  1.00000E-040  1.00000E-040  1.00000E-040  1.09029E-036  9.34928E-034  5.43483E-023  3.72316E-019  1.73326E-025  5.31032E-031  1.69762E-028  6.73917E-020  1.05492E-015  5.25020E-015  5.59306E-021  3.07334E-023  1.00000E-040  5.98216E-014  1.80081E-034  6.69733E-023  4.67531E-031  1.25403E-022  3.13319E-027  2.66597E-015  2.03556E-023  3.66421E-014  1.00000E-040  1.70655E-014  1.00000E-040  1.00000E-040  8.13614E-021  1.00000E-040  7.34837E-025  1.02807E-012  1.40353E-036  1.00000E-003  1.00000E-005  1.00000E-005  1.00000E-005  1.00000E-005  1.00000E-005  1.00000E-005  1.00000E-005  1.00000E-005  1.00000E-005  1.00000E-005  1.00000E-005  1.00000E-005  1.00000E-005  1.00000E-005  1.00000E-005  
5.55000E+001  2.08271E-004  7.71249E+015  1.95592E+002  1.64481E+005  1.00000E-040  1.00000E-040  1.00000E-040  3.02768E-013  1.00000E-040  1.00000E-040  1.00000E-040  1.00000E-040  1.00000E-040  1.00000E-040  1.00000E-040  1.00000E-040  1.00000E-040  1.00000E-040  8.73858E-024  1.00000E-040  1.01071E-040  4.46874E-011  2.72620E-007  1.41771E-005  4.41580E-009  6.36475E-007  2.11802E-001  3.13209E-009  2.82299E-004  1.01627E-018  1.45749E-011  1.00000E-040  2.89397E-033  2.02395E-023  9.20974E-015  1.61548E-007  9.56734E-023  7.93477E-037  6.99846E-040  7.03092E-039  1.00000E-040  2.99918E-022  6.08076E-021  2.00926E-016  1.66681E-014  3.83938E-038  1.00000E-040  6.16137E-019  2.55982E-034  4.20939E-011  6.94010E-013  7.87896E-001  7.67103E-022  1.32685E-024  6.18143E-024  1.00000E-040  1.11084E-037  1.62832E-026  3.09542E-023  1.01031E-008  1.15536E-017  1.49757E-010  2.01648E-017  1.40291E-008  3.26441E-011  4.29878E-006  1.08917E-011  2.01108E-015  3.81599E-017  2.77918E-011  6.08931E-013  3.09733E-013  1.00000E-040  1.00000E-040  1.00000E-040  1.00000E-040  1.00000E-040  1.00000E-040  2.60446E-017  1.15922E-012  4.61709E-021  1.91739E-020  1.30684E-037  1.00000E-040  1.00000E-040  1.00000E-040  1.00000E-040  1.06944E-036  5.89707E-034  3.81976E-023  2.91938E-019  1.52477E-025  3.84140E-031  1.09865E-028  5.55564E-020  8.02986E-016  4.45856E-015  5.50726E-021  1.74976E-023  1.00000E-040  6.02639E-014  1.36827E-034  4.69282E-023  4.21373E-031  1.24963E-022  1.40960E-027  1.61075E-015  1.81500E-023  4.02942E-014  1.00000E-040  1.70573E-014  1.00000E-040  1.00000E-040  5.16116E-021  1.00000E-040  7.51063E-025  1.00363E-012  1.21132E-036  1.00000E-003  1.00000E-005  1.00000E-005  1.00000E-005  1.00000E-005  1.00000E-005  1.00000E-005  1.00000E-005  1.00000E-005  1.00000E-005  1.00000E-005  1.00000E-005  1.00000E-005  1.00000E-005  1.00000E-005  1.00000E-005  
5.65000E+001  1.75327E-004  6.53469E+015  1.94330E+002  1.74482E+005  1.00000E-040  1.00000E-040  1.00000E-040  1.56771E-013  1.00000E-040  1.00000E-040  1.00000E-040  1.00000E-040  1.00000E-040  1.00000E-040  1.00000E-040  1.00000E-040  1.00000E-040  1.00000E-040  5.36045E-024  1.00000E-040  1.01211E-040  6.89943E-011  2.80739E-007  1.41585E-005  4.67651E-009  8.09095E-007  2.11785E-001  3.67525E-009  2.82193E-004  1.07219E-018  1.38038E-011  1.00000E-040  3.96068E-033  1.81723E-023  7.97935E-015  1.59285E-007  1.12685E-022  6.36684E-037  1.00000E-040  1.69692E-040  1.00000E-040  2.44961E-022  5.40243E-021  2.19627E-016  1.60503E-014  3.27562E-038  1.00000E-040  2.63994E-019  2.19145E-034  4.19439E-011  9.65944E-013  7.87914E-001  7.68402E-022  1.16184E-024  6.41937E-024  1.00000E-040  9.97103E-038  1.20231E-026  1.85091E-023  9.19038E-009  1.00750E-017  1.53769E-010  1.70793E-017  1.32735E-008  2.99084E-011  3.83482E-006  7.08224E-012  1.12732E-015  3.19587E-017  2.18301E-011  3.04411E-013  2.50349E-013  1.00000E-040  1.00000E-040  1.00000E-040  1.00000E-040  1.00000E-040  1.00000E-040  2.26082E-017  1.00941E-012  3.52722E-021  1.53898E-020  2.01380E-037  1.00000E-040  1.00000E-040  1.00000E-040  1.00000E-040  1.05578E-036  3.68713E-034  2.68945E-023  2.30529E-019  1.33062E-025  2.71464E-031  7.43752E-029  4.74452E-020  5.85960E-016  3.76777E-015  5.15238E-021  1.04801E-023  1.00000E-040  6.05588E-014  9.81872E-035  3.29267E-023  4.16561E-031  1.24483E-022  6.20079E-028  9.50972E-016  1.62145E-023  4.40104E-014  1.00000E-040  1.70485E-014  1.00000E-040  1.00000E-040  3.22658E-021  1.00000E-040  7.93097E-025  9.83388E-013  1.13217E-036  1.00000E-003  1.00000E-005  1.00000E-005  1.00000E-005  1.00000E-005  1.00000E-005  1.00000E-005  1.00000E-005  1.00000E-005  1.00000E-005  1.00000E-005  1.00000E-005  1.00000E-005  1.00000E-005  1.00000E-005  1.00000E-005  
5.75000E+001  1.47438E-004  5.52976E+015  1.93117E+002  1.84483E+005  1.00000E-040  1.00000E-040  1.00000E-040  1.03877E-013  1.00000E-040  1.00000E-040  1.00000E-040  1.00000E-040  1.00000E-040  1.00000E-040  1.00000E-040  1.00000E-040  1.00000E-040  1.00000E-040  3.17974E-024  1.00000E-040  1.01368E-040  1.06175E-010  2.90396E-007  1.41363E-005  4.94216E-009  1.02682E-006  2.11765E-001  4.51397E-009  2.82074E-004  1.12940E-018  1.30906E-011  1.00000E-040  5.33706E-033  1.61117E-023  6.83751E-015  1.57269E-007  1.34658E-022  5.45338E-037  2.13611E-040  2.13139E-039  1.00000E-040  2.01892E-022  4.85583E-021  2.43123E-016  1.56624E-014  2.80282E-038  1.00000E-040  1.15158E-019  1.88200E-034  4.17770E-011  1.29949E-012  7.87934E-001  7.66977E-022  1.02076E-024  6.83914E-024  1.00000E-040  8.76767E-038  8.69645E-027  1.11054E-023  8.35589E-009  9.00267E-018  1.57753E-010  1.45406E-017  1.25821E-008  2.73519E-011  3.43433E-006  4.66475E-012  6.37698E-016  2.72454E-017  1.71048E-011  1.53124E-013  2.06105E-013  1.00000E-040  1.00000E-040  1.00000E-040  1.00000E-040  1.00000E-040  1.00000E-040  1.97265E-017  8.69757E-013  2.69305E-021  1.23749E-020  3.08038E-037  1.00000E-040  1.00000E-040  1.00000E-040  1.00000E-040  1.04151E-036  2.30957E-034  1.90415E-023  1.82631E-019  1.14755E-025  1.88131E-031  5.27321E-029  4.16234E-020  4.16022E-016  3.18089E-015  4.61746E-021  6.56984E-024  1.00000E-040  6.07513E-014  6.85400E-035  2.32287E-023  4.38047E-031  1.23958E-022  2.72599E-028  5.54976E-016  1.46136E-023  4.78692E-014  1.00000E-040  1.70389E-014  1.00000E-040  1.00000E-040  1.98891E-021  1.00000E-040  8.41209E-025  9.66317E-013  1.26009E-036  1.00000E-003  1.00000E-005  1.00000E-005  1.00000E-005  1.00000E-005  1.00000E-005  1.00000E-005  1.00000E-005  1.00000E-005  1.00000E-005  1.00000E-005  1.00000E-005  1.00000E-005  1.00000E-005  1.00000E-005  1.00000E-005  
5.85000E+001  1.23859E-004  4.67364E+015  1.91951E+002  1.94484E+005  1.00000E-040  1.00000E-040  1.00000E-040  7.08227E-014  1.00000E-040  1.00000E-040  1.00000E-040  1.00000E-040  1.00000E-040  1.00000E-040  1.00000E-040  1.00000E-040  1.00000E-040  1.00000E-040  1.83366E-024  1.00000E-040  1.01545E-040  1.63321E-010  3.01747E-007  1.41099E-005  5.21909E-009  1.30286E-006  2.11743E-001  5.79354E-009  2.81939E-004  1.18927E-018  1.24144E-011  1.00000E-040  7.13211E-033  1.41675E-023  5.81233E-015  1.55441E-007  1.62781E-022  4.65446E-037  1.00000E-040  1.00000E-040  1.00000E-040  1.67182E-022  4.39865E-021  2.71587E-016  1.54407E-014  2.40505E-038  1.00000E-040  5.11512E-020  1.62332E-034  4.15903E-011  1.69786E-012  7.87956E-001  7.61643E-022  8.99805E-025  7.44347E-024  1.00000E-040  7.60303E-038  6.20285E-027  6.71111E-024  7.60678E-009  8.18995E-018  1.61800E-010  1.24300E-017  1.19465E-008  2.49951E-011  3.08615E-006  3.11274E-012  3.64330E-016  2.35611E-017  1.33966E-011  7.76381E-014  1.72012E-013  1.00000E-040  1.00000E-040  1.00000E-040  1.00000E-040  1.00000E-040  1.00000E-040  1.73610E-017  7.43795E-013  2.06234E-021  9.99986E-021  4.67979E-037  1.00000E-040  1.00000E-040  1.00000E-040  1.00000E-040  1.02450E-036  1.45675E-034  1.36021E-023  1.45054E-019  9.82341E-026  1.28712E-031  3.88930E-029  3.72086E-020  2.87745E-016  2.68268E-015  3.98898E-021  4.28919E-024  1.00000E-040  6.08723E-014  4.69258E-035  1.65331E-023  4.78290E-031  1.23382E-022  1.20225E-028  3.20683E-016  1.32656E-023  5.19372E-014  1.00000E-040  1.70283E-014  1.00000E-040  1.00000E-040  1.21365E-021  1.00000E-040  8.96788E-025  9.51633E-013  1.77287E-036  1.00000E-003  1.00000E-005  1.00000E-005  1.00000E-005  1.00000E-005  1.00000E-005  1.00000E-005  1.00000E-005  1.00000E-005  1.00000E-005  1.00000E-005  1.00000E-005  1.00000E-005  1.00000E-005  1.00000E-005  1.00000E-005  
5.95000E+001  1.03954E-004  3.94298E+015  1.90955E+002  2.04485E+005  1.00000E-040  1.00000E-040  1.00000E-040  4.06466E-014  1.00000E-040  1.00000E-040  1.00000E-040  1.00000E-040  1.00000E-040  1.00000E-040  1.00000E-040  1.00000E-040  1.00000E-040  1.00000E-040  1.03476E-024  1.00000E-040  1.01744E-040  2.52258E-010  3.14993E-007  1.40792E-005  5.50866E-009  1.65563E-006  2.11717E-001  7.72181E-009  2.81786E-004  1.25300E-018  1.17498E-011  1.00000E-040  9.54575E-033  1.24053E-023  4.90930E-015  1.53751E-007  1.98816E-022  3.84713E-037  1.00000E-040  1.00000E-040  1.00000E-040  1.38990E-022  4.01347E-021  3.05954E-016  1.53421E-014  2.06605E-038  1.00000E-040  2.31291E-020  1.43702E-034  4.13805E-011  2.16371E-012  7.87982E-001  7.53136E-022  8.06787E-025  8.29991E-024  1.00000E-040  6.51851E-038  4.37104E-027  4.08785E-024  6.94528E-009  7.56094E-018  1.66145E-010  1.06771E-017  1.13593E-008  2.28182E-011  2.77586E-006  2.10758E-012  2.10321E-016  2.08510E-017  1.04897E-011  3.96925E-014  1.49739E-013  1.00000E-040  1.00000E-040  1.00000E-040  1.00000E-040  1.00000E-040  1.00000E-040  1.54391E-017  6.32621E-013  1.58748E-021  8.14446E-021  7.06580E-037  1.00000E-040  1.00000E-040  1.00000E-040  1.00000E-040  1.00404E-036  9.27276E-035  9.83464E-024  1.15688E-019  8.40523E-026  8.74962E-032  3.00200E-029  3.37069E-020  1.92916E-016  2.25597E-015  3.34060E-021  2.90104E-024  1.00000E-040  6.09428E-014  3.13679E-035  1.19103E-023  5.37954E-031  1.22750E-022  5.29856E-029  1.82966E-016  1.20565E-023  5.62178E-014  1.00000E-040  1.70166E-014  1.00000E-040  1.00000E-040  7.37251E-022  1.00000E-040  9.74998E-025  9.38703E-013  3.02359E-036  1.00000E-003  1.00000E-005  1.00000E-005  1.00000E-005  1.00000E-005  1.00000E-005  1.00000E-005  1.00000E-005  1.00000E-005  1.00000E-005  1.00000E-005  1.00000E-005  1.00000E-005  1.00000E-005  1.00000E-005  1.00000E-005  
6.05000E+001  8.71710E-005  3.32395E+015  1.89948E+002  2.14485E+005  1.00000E-040  1.00000E-040  1.00000E-040  3.12244E-014  1.00000E-040  1.00000E-040  1.00000E-040  1.00000E-040  1.00000E-040  1.00000E-040  1.00000E-040  1.00000E-040  1.00000E-040  1.00000E-040  5.74376E-025  1.00000E-040  1.01970E-040  3.90060E-010  3.30374E-007  1.40434E-005  5.82158E-009  2.10507E-006  2.11688E-001  1.05844E-008  2.81612E-004  1.32086E-018  1.10953E-011  1.00000E-040  1.27696E-032  1.08250E-023  4.12921E-015  1.52154E-007  2.44573E-022  3.56067E-037  1.00000E-040  1.00000E-040  1.00000E-040  1.15485E-022  3.67186E-021  3.45888E-016  1.53383E-014  1.78136E-038  1.00000E-040  1.06407E-020  1.27017E-034  4.11439E-011  2.69955E-012  7.88011E-001  7.39583E-022  7.21602E-025  9.35366E-024  1.00000E-040  5.57480E-038  3.07315E-027  2.52036E-024  6.37038E-009  7.05767E-018  1.70665E-010  9.19373E-018  1.08145E-008  2.08575E-011  2.50396E-006  1.44690E-012  1.22923E-016  1.85376E-017  8.24485E-012  2.05196E-014  1.30212E-013  1.00000E-040  1.00000E-040  1.00000E-040  1.00000E-040  1.00000E-040  1.00000E-040  1.38832E-017  5.36064E-013  1.22985E-021  6.67513E-021  1.06143E-036  1.00000E-040  1.00000E-040  1.00000E-040  1.00000E-040  9.73382E-037  5.98142E-035  7.19235E-024  9.23838E-020  7.16422E-026  5.92952E-032  2.37168E-029  3.08109E-020  1.26541E-016  1.89622E-015  2.72523E-021  2.02111E-024  1.00000E-040  6.09768E-014  2.09193E-035  8.68063E-024  6.10233E-031  1.22055E-022  2.36159E-029  1.03830E-016  1.10347E-023  6.08134E-014  1.00000E-040  1.70036E-014  1.00000E-040  1.00000E-040  4.45431E-022  1.00000E-040  1.05960E-024  9.27024E-013  5.71429E-036  1.00000E-003  1.00000E-005  1.00000E-005  1.00000E-005  1.00000E-005  1.00000E-005  1.00000E-005  1.00000E-005  1.00000E-005  1.00000E-005  1.00000E-005  1.00000E-005  1.00000E-005  1.00000E-005  1.00000E-005  1.00000E-005  
6.15000E+001  7.30328E-005  2.79995E+015  1.88923E+002  2.24486E+005  1.00000E-040  1.00000E-040  1.00000E-040  2.49453E-014  1.00000E-040  1.00000E-040  1.00000E-040  1.00000E-040  1.00000E-040  1.00000E-040  1.00000E-040  1.00000E-040  1.00000E-040  1.00000E-040  3.16632E-025  1.00000E-040  1.02226E-040  6.04562E-010  3.48170E-007  1.40020E-005  6.16502E-009  2.67945E-006  2.11656E-001  1.47691E-008  2.81414E-004  1.39380E-018  1.04462E-011  1.00000E-040  2.28076E-032  9.42993E-024  3.46231E-015  1.50611E-007  3.02656E-022  3.49607E-037  1.17615E-039  1.12821E-038  1.00000E-040  9.57593E-023  3.36314E-021  3.91736E-016  1.54110E-014  1.54174E-038  1.00000E-040  4.97860E-021  1.54582E-034  4.08762E-011  3.30909E-012  7.88043E-001  7.21416E-022  6.43283E-025  1.06029E-023  1.00000E-040  4.83529E-038  2.19147E-027  1.57403E-024  5.87946E-009  6.65666E-018  1.75458E-010  7.93401E-018  1.03074E-008  1.91109E-011  2.26443E-006  1.00818E-012  7.28285E-017  1.64977E-017  6.51825E-012  1.07521E-014  1.12361E-013  1.00000E-040  1.00000E-040  1.00000E-040  1.00000E-040  1.00000E-040  1.00000E-040  1.26207E-017  4.53113E-013  9.59441E-022  5.50476E-021  1.58717E-036  1.00000E-040  1.00000E-040  1.00000E-040  1.00000E-040  9.28986E-037  3.91572E-035  5.31993E-024  7.38439E-020  6.09275E-026  4.07140E-032  1.89768E-029  2.83282E-020  8.12694E-017  1.59282E-015  2.17437E-021  1.44215E-024  1.00000E-040  6.09838E-014  1.41693E-035  6.40062E-024  6.94673E-031  1.21290E-022  1.06590E-029  5.86484E-017  1.01689E-023  6.57855E-014  1.00000E-040  1.69891E-014  1.00000E-040  1.00000E-040  2.67980E-022  1.00000E-040  1.15056E-024  9.16183E-013  1.12246E-035  1.00000E-003  1.00000E-005  1.00000E-005  1.00000E-005  1.00000E-005  1.00000E-005  1.00000E-005  1.00000E-005  1.00000E-005  1.00000E-005  1.00000E-005  1.00000E-005  1.00000E-005  1.00000E-005  1.00000E-005  1.00000E-005  
6.25000E+001  6.11314E-005  2.35673E+015  1.87876E+002  2.34487E+005  1.00000E-040  1.00000E-040  1.00000E-040  1.98648E-014  1.00000E-040  1.00000E-040  1.00000E-040  1.00000E-040  1.00000E-040  1.00000E-040  1.00000E-040  1.00000E-040  1.00000E-040  1.00000E-040  1.75923E-025  1.00000E-040  1.02518E-040  9.39898E-010  3.68715E-007  1.39542E-005  6.54604E-009  3.41457E-006  2.11618E-001  2.07932E-008  2.81187E-004  1.47216E-018  9.79899E-012  1.00000E-040  6.03198E-031  8.21025E-024  2.89610E-015  1.49086E-007  3.76468E-022  2.77438E-037  1.00000E-040  1.00000E-040  1.00000E-040  7.92307E-023  3.08199E-021  4.43960E-016  1.55487E-014  1.34050E-038  1.00000E-040  2.36788E-021  4.40045E-033  4.05724E-011  3.99848E-012  7.88081E-001  6.99962E-022  5.71265E-025  1.20645E-023  1.00000E-040  4.59181E-038  1.71085E-027  9.96280E-025  5.46922E-009  6.34741E-018  1.80630E-010  6.86184E-018  9.83379E-009  1.75668E-011  2.05163E-006  7.13906E-013  4.38045E-017  1.46825E-017  5.19201E-012  5.72279E-015  9.60435E-014  1.00000E-040  1.00000E-040  1.00000E-040  1.00000E-040  1.00000E-040  1.00000E-040  1.15890E-017  3.82362E-013  7.53815E-022  4.56564E-021  2.36306E-036  1.00000E-040  1.00000E-040  1.00000E-040  1.00000E-040  8.68653E-037  2.60439E-035  3.97803E-024  5.90797E-020  5.17546E-026  3.05684E-032  1.52642E-029  2.61512E-020  5.11606E-017  1.33672E-015  1.70330E-021  1.04785E-024  1.00000E-040  6.09698E-014  1.05317E-035  4.77271E-024  7.91922E-031  1.20446E-022  4.87791E-030  3.29956E-017  9.43462E-024  7.11714E-014  1.00000E-040  1.69727E-014  1.00000E-040  1.00000E-040  1.60755E-022  1.00000E-040  1.24796E-024  9.05825E-013  2.22355E-035  1.00000E-003  1.00000E-005  1.00000E-005  1.00000E-005  1.00000E-005  1.00000E-005  1.00000E-005  1.00000E-005  1.00000E-005  1.00000E-005  1.00000E-005  1.00000E-005  1.00000E-005  1.00000E-005  1.00000E-005  1.00000E-005  
6.35000E+001  5.11210E-005  1.98197E+015  1.86818E+002  2.44487E+005  1.00000E-040  1.00000E-040  1.00000E-040  1.53056E-014  1.00000E-040  1.00000E-040  1.00000E-040  1.00000E-040  1.00000E-040  1.00000E-040  1.00000E-040  1.00000E-040  1.00000E-040  1.00000E-040  1.00744E-025  1.00000E-040  1.02851E-040  1.46682E-009  3.92403E-007  1.38991E-005  6.97210E-009  4.35599E-006  2.11575E-001  2.93369E-008  2.80927E-004  1.55576E-018  9.14975E-012  2.17649E-038  2.90765E-029  7.17284E-024  2.41734E-015  1.47544E-007  4.70511E-022  2.63745E-037  1.00000E-040  1.00000E-040  1.00000E-040  6.54766E-023  2.82667E-021  5.03199E-016  1.57453E-014  1.18175E-038  1.00000E-040  1.14421E-021  2.14445E-031  4.02269E-011  4.77805E-012  7.88123E-001  6.77605E-022  5.05947E-025  1.37791E-023  1.00000E-040  6.48674E-038  1.98577E-027  6.39766E-025  5.13652E-009  6.12843E-018  1.86327E-010  5.94809E-018  9.39005E-009  1.62121E-011  1.86030E-006  5.14588E-013  2.67894E-017  1.30774E-017  4.17286E-012  3.10020E-015  8.15457E-014  1.00000E-040  1.00000E-040  1.00000E-040  1.00000E-040  1.00000E-040  1.00000E-040  1.07361E-017  3.22303E-013  5.96425E-022  3.80651E-021  3.50365E-036  1.00000E-040  1.00000E-040  1.00000E-040  1.00000E-040  8.00333E-037  1.76270E-035  3.00591E-024  4.73366E-020  4.40082E-026  3.41179E-032  1.23151E-029  2.42215E-020  3.16058E-017  1.12015E-015  1.31494E-021  7.70720E-025  1.00000E-040  6.09387E-014  1.16653E-035  3.59763E-024  9.04415E-031  1.19515E-022  2.26655E-030  1.84922E-017  8.80890E-024  7.69761E-014  1.00000E-040  1.69541E-014  1.00000E-040  1.00000E-040  9.68207E-023  1.00000E-040  1.35427E-024  8.95638E-013  4.38984E-035  1.00000E-003  1.00000E-005  1.00000E-005  1.00000E-005  1.00000E-005  1.00000E-005  1.00000E-005  1.00000E-005  1.00000E-005  1.00000E-005  1.00000E-005  1.00000E-005  1.00000E-005  1.00000E-005  1.00000E-005  1.00000E-005  
6.45000E+001  4.27086E-005  1.66527E+015  1.85758E+002  2.54488E+005  1.00000E-040  1.00000E-040  1.00000E-040  1.14408E-014  1.00000E-040  1.00000E-040  1.00000E-040  1.00000E-040  1.00000E-040  1.00000E-040  1.00000E-040  1.00000E-040  1.00000E-040  1.00000E-040  6.12749E-026  1.00000E-040  1.03233E-040  2.29903E-009  4.19696E-007  1.38357E-005  7.45245E-009  5.56027E-006  2.11526E-001  4.12831E-008  2.80627E-004  1.64363E-018  8.49529E-012  9.25850E-037  8.02761E-028  6.89268E-024  2.01358E-015  1.45951E-007  5.90703E-022  2.39066E-037  1.00000E-040  1.00000E-040  1.00000E-040  5.41467E-023  2.59693E-021  5.70147E-016  1.59987E-014  1.22621E-038  1.00000E-040  5.61451E-022  5.89243E-030  3.98329E-011  5.66442E-012  7.88171E-001  6.57598E-022  4.47329E-025  1.58055E-023  1.00000E-040  1.95617E-037  4.91625E-027  4.22621E-025  4.87922E-009  6.00433E-018  1.92746E-010  5.16851E-018  8.97302E-009  1.50397E-011  1.68598E-006  3.78315E-013  1.66899E-017  1.16710E-017  3.38906E-012  1.71318E-015  6.89797E-014  1.00000E-040  1.00000E-040  1.00000E-040  1.00000E-040  1.00000E-040  1.00000E-040  1.00200E-017  2.71485E-013  4.75216E-022  3.18865E-021  5.17397E-036  1.00000E-040  1.00000E-040  1.00000E-040  1.00000E-040  8.56047E-037  1.23172E-035  2.29462E-024  3.80167E-020  3.86995E-026  8.17047E-032  9.96520E-030  2.25117E-020  1.92033E-017  9.36750E-016  1.00425E-021  5.70404E-025  1.00000E-040  6.08925E-014  2.76269E-035  2.74071E-024  1.03600E-030  1.18488E-022  1.08509E-030  1.03274E-017  8.27612E-024  8.31676E-014  1.00000E-040  1.69331E-014  1.00000E-040  1.00000E-040  6.36604E-023  1.00000E-040  1.47261E-024  8.85337E-013  8.60072E-035  1.00000E-003  1.00000E-005  1.00000E-005  1.00000E-005  1.00000E-005  1.00000E-005  1.00000E-005  1.00000E-005  1.00000E-005  1.00000E-005  1.00000E-005  1.00000E-005  1.00000E-005  1.00000E-005  1.00000E-005  1.00000E-005  
6.55000E+001  3.56462E-005  1.39771E+015  1.84720E+002  2.64488E+005  1.00000E-040  1.00000E-040  1.00000E-040  8.15671E-015  1.00000E-040  1.00000E-040  1.00000E-040  1.00000E-040  1.00000E-040  1.00000E-040  1.00000E-040  1.00000E-040  1.00000E-040  1.00000E-040  4.08304E-026  1.00000E-040  1.03672E-040  3.62112E-009  4.51136E-007  1.37625E-005  7.99817E-009  7.09563E-006  2.11470E-001  5.77669E-008  2.80281E-004  1.73369E-018  7.83132E-012  2.37620E-035  1.33998E-026  1.67040E-023  1.67351E-015  1.44271E-007  7.44952E-022  2.18491E-037  1.00000E-040  1.00000E-040  1.00000E-040  4.49504E-023  2.39461E-021  6.45684E-016  1.63095E-014  3.50504E-038  1.00000E-040  2.79599E-022  9.77665E-029  3.93826E-011  6.68414E-012  7.88227E-001  6.44264E-022  3.95920E-025  1.82318E-023  1.00000E-040  9.20952E-037  1.89872E-026  3.49666E-025  4.69673E-009  5.98720E-018  2.00189E-010  4.50337E-018  8.57981E-009  1.40531E-011  1.52428E-006  2.84383E-013  1.06153E-017  1.04596E-017  2.78561E-012  9.68231E-016  5.85042E-014  1.00000E-040  1.00000E-040  1.00000E-040  1.00000E-040  1.00000E-040  1.00000E-040  9.40706E-018  2.28595E-013  3.81422E-022  2.68339E-021  7.61092E-036  1.00000E-040  1.00000E-040  1.00000E-040  1.00000E-040  2.47622E-036  1.08285E-035  1.77026E-024  3.06578E-020  5.38923E-026  3.10733E-031  8.12430E-030  2.10191E-020  1.15068E-017  7.81091E-016  7.61983E-022  4.22124E-025  1.00000E-040  6.08323E-014  1.02231E-034  2.11090E-024  1.19435E-030  1.17355E-022  6.52126E-031  5.74792E-018  7.82082E-024  8.96367E-014  1.00000E-040  1.69091E-014  1.00000E-040  1.00000E-040  8.08591E-023  1.00000E-040  1.61035E-024  8.74652E-013  1.66980E-034  1.00000E-003  1.00000E-005  1.00000E-005  1.00000E-005  1.00000E-005  1.00000E-005  1.00000E-005  1.00000E-005  1.00000E-005  1.00000E-005  1.00000E-005  1.00000E-005  1.00000E-005  1.00000E-005  1.00000E-005  1.00000E-005  
6.65000E+001  2.97227E-005  1.17211E+015  1.83669E+002  2.74489E+005  1.00000E-040  1.00000E-040  1.00000E-040  6.09626E-015  1.00000E-040  1.00000E-040  1.00000E-040  1.00000E-040  1.00000E-040  1.00000E-040  1.00000E-040  1.00000E-040  1.00000E-040  1.00000E-040  3.03179E-026  1.00000E-040  1.04177E-040  5.72675E-009  4.87352E-007  1.36780E-005  8.62818E-009  9.03545E-006  2.11405E-001  8.02317E-008  2.79880E-004  1.82184E-018  7.15838E-012  3.99484E-034  1.46030E-025  1.30042E-022  1.38794E-015  1.42467E-007  9.43149E-022  2.01971E-037  1.00000E-040  1.00000E-040  1.00000E-040  3.76222E-023  2.22041E-021  7.29915E-016  1.66819E-014  2.61691E-037  1.00000E-040  1.41241E-022  1.05839E-027  3.88667E-011  7.87722E-012  7.88290E-001  6.42153E-022  3.49360E-025  2.11336E-023  1.00000E-040  4.68947E-036  7.92492E-026  7.99788E-025  4.59063E-009  6.09509E-018  2.09029E-010  3.93567E-018  8.20780E-009  1.32864E-011  1.37251E-006  2.19249E-013  6.91709E-018  9.43198E-018  2.32180E-012  5.62069E-016  4.93183E-014  1.00000E-040  1.00000E-040  1.00000E-040  1.00000E-040  1.00000E-040  1.00000E-040  8.87029E-018  1.92499E-013  3.08784E-022  2.26950E-021  1.11532E-035  1.00000E-040  1.00000E-040  1.00000E-040  1.00000E-040  1.67829E-035  2.64540E-035  1.38103E-024  2.48722E-020  2.66810E-025  1.30512E-030  6.63485E-030  1.97575E-020  6.84455E-018  6.49325E-016  5.77244E-022  3.10324E-025  1.00000E-040  6.07581E-014  4.10820E-034  1.64452E-024  1.38710E-030  1.16105E-022  1.09037E-030  3.19716E-018  7.45070E-024  9.62131E-014  1.00000E-040  1.68817E-014  1.00000E-040  1.00000E-040  2.96138E-022  1.00000E-040  1.76576E-024  8.63318E-013  3.20992E-034  1.00000E-003  1.00000E-005  1.00000E-005  1.00000E-005  1.00000E-005  1.00000E-005  1.00000E-005  1.00000E-005  1.00000E-005  1.00000E-005  1.00000E-005  1.00000E-005  1.00000E-005  1.00000E-005  1.00000E-005  1.00000E-005  
6.75000E+001  2.47589E-005  9.82051E+014  1.82606E+002  2.84489E+005  1.00000E-040  1.00000E-040  1.00000E-040  4.34998E-015  1.00000E-040  1.00000E-040  1.00000E-040  1.00000E-040  1.00000E-040  1.00000E-040  1.00000E-040  1.00000E-040  1.00000E-040  1.00000E-040  2.49209E-026  1.00000E-040  1.04760E-040  9.08999E-009  5.29069E-007  1.35803E-005  9.37227E-009  1.14386E-005  2.11330E-001  1.10506E-007  2.79415E-004  1.89905E-018  6.46577E-012  4.71689E-033  1.11416E-024  9.79543E-022  1.14865E-015  1.40497E-007  1.19824E-021  1.90493E-037  1.00000E-040  1.00000E-040  1.00000E-040  3.20760E-023  2.08202E-021  8.22569E-016  1.71229E-014  1.88235E-036  1.00000E-040  7.23567E-023  8.03395E-027  3.82746E-011  9.30532E-012  7.88363E-001  6.58513E-022  3.07365E-025  2.47633E-023  1.00000E-040  2.30601E-035  3.19073E-025  3.77102E-024  4.56515E-009  6.36779E-018  2.20129E-010  3.45565E-018  7.85461E-009  1.28307E-011  1.22552E-006  1.74253E-013  4.64088E-018  8.67180E-018  1.96481E-012  3.37392E-016  4.15364E-014  1.00000E-040  1.00000E-040  1.00000E-040  1.00000E-040  1.00000E-040  1.00000E-040  8.38792E-018  1.62249E-013  2.53076E-022  1.93402E-021  1.62788E-035  1.00000E-040  1.00000E-040  1.00000E-040  1.00000E-040  1.04156E-034  1.34092E-034  1.09362E-024  2.04484E-020  1.86000E-024  5.35606E-030  5.44222E-030  1.87970E-020  4.07321E-018  5.37700E-016  4.39810E-022  2.25023E-025  1.00000E-040  6.06692E-014  1.60316E-033  1.30068E-024  1.63570E-030  1.14728E-022  3.80274E-030  1.78365E-018  7.16931E-024  1.02426E-013  1.00000E-040  1.68504E-014  1.00000E-040  1.00000E-040  1.31832E-021  1.00000E-040  1.94718E-024  8.51068E-013  6.10385E-034  1.00000E-003  1.00000E-005  1.00000E-005  1.00000E-005  1.00000E-005  1.00000E-005  1.00000E-005  1.00000E-005  1.00000E-005  1.00000E-005  1.00000E-005  1.00000E-005  1.00000E-005  1.00000E-005  1.00000E-005  1.00000E-005  
6.85000E+001  2.06064E-005  8.20675E+014  1.81864E+002  2.94489E+005  1.00000E-040  1.00000E-040  1.00000E-040  1.23282E-015  1.00000E-040  1.00000E-040  1.00000E-040  1.00000E-040  1.00000E-040  1.00000E-040  1.00000E-040  1.00000E-040  1.00000E-040  1.00000E-040  2.21598E-026  1.00000E-040  1.05435E-040  1.45548E-008  5.77158E-007  1.34668E-005  1.02679E-008  1.42926E-005  2.11244E-001  1.50939E-007  2.78874E-004  1.94714E-018  5.70668E-012  4.26256E-032  6.40047E-024  5.67829E-021  9.46905E-016  1.38316E-007  1.53173E-021  1.88660E-037  1.00000E-040  1.00000E-040  1.00000E-040  2.85938E-023  2.01229E-021  9.26145E-016  1.76394E-014  1.09125E-035  1.00000E-040  3.75748E-023  4.65149E-026  3.75931E-011  1.10615E-011  7.88447E-001  7.10449E-022  2.80695E-025  2.99909E-023  1.00000E-040  1.07251E-034  1.21132E-024  1.66279E-023  4.62779E-009  6.91285E-018  2.36078E-010  3.06787E-018  7.51767E-009  1.29239E-011  1.06833E-006  1.44264E-013  3.22454E-018  8.47154E-018  1.68608E-012  2.11791E-016  3.82946E-014  1.00000E-040  1.00000E-040  1.00000E-040  1.00000E-040  1.00000E-040  1.00000E-040  7.94165E-018  1.37067E-013  2.12000E-022  1.67306E-021  2.36588E-035  1.00000E-040  1.00000E-040  1.00000E-040  1.00000E-040  5.03324E-034  6.43199E-034  8.92826E-025  1.75497E-020  1.10055E-023  2.08666E-029  4.84743E-030  1.83536E-020  2.43263E-018  4.40863E-016  3.41633E-022  1.59557E-025  1.00000E-040  6.05643E-014  5.82901E-033  1.06088E-024  2.03867E-030  1.13212E-022  1.25399E-029  9.95715E-019  6.90341E-024  1.06775E-013  1.00000E-040  1.68143E-014  1.00000E-040  1.00000E-040  5.28786E-021  1.00000E-040  2.26597E-024  8.37609E-013  1.14651E-033  1.00000E-003  1.00000E-005  1.00000E-005  1.00000E-005  1.00000E-005  1.00000E-005  1.00000E-005  1.00000E-005  1.00000E-005  1.00000E-005  1.00000E-005  1.00000E-005  1.00000E-005  1.00000E-005  1.00000E-005  1.00000E-005  
6.95000E+001  1.71383E-005  6.85357E+014  1.81121E+002  3.04490E+005  1.00000E-040  1.00000E-040  1.00000E-040  7.64710E-016  1.00000E-040  1.00000E-040  1.00000E-040  1.00000E-040  1.00000E-040  1.00000E-040  1.00000E-040  1.00000E-040  1.00000E-040  1.00000E-040  2.06922E-026  1.00000E-040  1.06217E-040  2.35397E-008  6.32598E-007  1.33345E-005  1.15761E-008  1.73287E-005  2.11144E-001  2.04476E-007  2.78242E-004  1.94099E-018  4.88975E-012  3.21384E-031  3.03736E-023  2.72823E-020  7.82225E-016  1.35869E-007  1.95206E-021  2.00798E-037  1.00000E-040  1.00000E-040  1.00000E-040  2.77307E-023  2.03670E-021  1.01890E-015  1.82646E-014  5.49624E-035  1.00000E-040  1.97701E-023  2.30268E-025  3.68069E-011  1.31331E-011  7.88545E-001  8.18619E-022  2.56161E-025  3.74288E-023  1.00000E-040  4.76286E-034  4.38483E-024  6.42063E-023  4.79004E-009  7.97099E-018  2.63317E-010  2.79816E-018  7.19448E-009  1.42792E-011  8.99995E-007  1.27392E-013  2.38538E-018  9.32889E-018  1.47162E-012  1.45101E-016  3.55563E-014  1.00000E-040  1.00000E-040  1.00000E-040  1.00000E-040  1.00000E-040  1.00000E-040  7.51668E-018  1.16401E-013  1.86915E-022  1.50077E-021  3.42390E-035  1.00000E-040  1.00000E-040  1.00000E-040  1.00000E-040  1.98661E-033  2.78060E-033  7.71947E-025  1.67791E-020  5.97522E-023  7.68309E-029  4.48585E-030  1.87719E-020  1.51383E-018  3.59069E-016  2.73667E-022  1.09368E-025  1.00000E-040  6.04415E-014  2.07791E-032  9.15848E-025  2.73045E-030  1.11546E-022  3.83646E-029  5.73489E-019  6.87186E-024  1.07593E-013  1.00000E-040  1.67729E-014  1.00000E-040  1.00000E-040  2.01204E-020  1.00000E-040  2.73713E-024  8.22634E-013  2.11959E-033  1.00000E-003  1.00000E-005  1.00000E-005  1.00000E-005  1.00000E-005  1.00000E-005  1.00000E-005  1.00000E-005  1.00000E-005  1.00000E-005  1.00000E-005  1.00000E-005  1.00000E-005  1.00000E-005  1.00000E-005  1.00000E-005  
7.05000E+001  1.42439E-005  5.71986E+014  1.80369E+002  3.14490E+005  1.00000E-040  1.00000E-040  1.00000E-040  5.33526E-016  1.00000E-040  1.00000E-040  1.00000E-040  1.00000E-040  1.00000E-040  1.00000E-040  1.00000E-040  1.00000E-040  1.00000E-040  1.00000E-040  1.98779E-026  1.00000E-040  1.07127E-040  3.93223E-008  6.96417E-007  1.31787E-005  1.39282E-008  1.99600E-005  2.11030E-001  2.74982E-007  2.77504E-004  1.86825E-018  4.02958E-012  2.33407E-030  1.34461E-022  1.22527E-019  6.53943E-016  1.33098E-007  2.45285E-021  2.39145E-037  1.00000E-040  1.00000E-040  1.00000E-040  3.10897E-023  2.22692E-021  1.05949E-015  1.90525E-014  2.70463E-034  1.00000E-040  1.05418E-023  1.11909E-024  3.58988E-011  1.52888E-011  7.88658E-001  1.03728E-021  2.33529E-025  4.94732E-023  1.00000E-040  2.01838E-033  1.51205E-023  2.44469E-022  5.06748E-009  1.02062E-017  3.18968E-010  2.70974E-018  6.88283E-009  1.83040E-011  7.15735E-007  1.25728E-013  1.96598E-018  1.26722E-017  1.30660E-012  1.16971E-016  3.29742E-014  1.00000E-040  1.00000E-040  1.00000E-040  1.00000E-040  1.00000E-040  1.00000E-040  7.10186E-018  9.99356E-014  1.82219E-022  1.44784E-021  4.92432E-035  1.00000E-040  1.00000E-040  1.00000E-040  1.00000E-040  6.90565E-033  1.26499E-032  7.46742E-025  2.13655E-020  3.39264E-022  2.73518E-028  4.48267E-030  2.07457E-020  1.01935E-018  2.89429E-016  2.28865E-022  7.12890E-026  1.00000E-040  6.02985E-014  7.52873E-032  8.83004E-025  4.22852E-030  1.09724E-022  1.29896E-028  3.51424E-019  7.35348E-024  1.02375E-013  1.00000E-040  1.67251E-014  1.00000E-040  1.00000E-040  7.62795E-020  1.00000E-040  3.57921E-024  8.05827E-013  3.83016E-033  1.00000E-003  1.00000E-005  1.00000E-005  1.00000E-005  1.00000E-005  1.00000E-005  1.00000E-005  1.00000E-005  1.00000E-005  1.00000E-005  1.00000E-005  1.00000E-005  1.00000E-005  1.00000E-005  1.00000E-005  1.00000E-005  
7.15000E+001  1.18323E-005  4.76014E+014  1.80038E+002  3.24490E+005  1.00000E-040  1.00000E-040  1.00000E-040  1.00000E-040  1.00000E-040  1.00000E-040  1.00000E-040  1.00000E-040  1.00000E-040  1.00000E-040  1.00000E-040  1.00000E-040  1.00000E-040  1.00000E-040  1.94378E-026  1.00000E-040  1.08186E-040  7.03904E-008  7.69657E-007  1.29915E-005  1.84976E-008  2.16400E-005  2.10898E-001  3.68178E-007  2.76640E-004  1.80176E-018  3.26969E-012  1.84304E-029  5.97679E-022  5.48324E-019  5.68573E-016  1.29929E-007  3.02552E-021  3.28100E-037  1.00000E-040  1.00000E-040  1.00000E-040  4.13213E-023  2.69681E-021  1.01401E-015  2.00522E-014  1.37221E-033  1.00000E-040  5.69542E-024  5.54834E-024  3.48476E-011  1.70992E-011  7.88789E-001  1.48827E-021  2.24602E-025  7.25143E-023  1.00000E-040  7.89792E-033  4.79235E-023  9.83435E-022  5.47911E-009  1.51616E-017  4.37793E-010  2.87526E-018  6.58011E-009  2.72477E-011  5.23760E-007  1.46782E-013  1.89270E-018  2.16959E-017  1.17615E-012  1.17605E-016  3.15214E-014  1.00000E-040  1.00000E-040  1.00000E-040  1.00000E-040  1.00000E-040  1.00000E-040  6.69011E-018  8.76338E-014  2.03770E-022  1.53651E-021  7.01401E-035  1.00000E-040  1.00000E-040  1.00000E-040  1.00000E-040  2.16521E-032  6.74034E-032  8.51865E-025  4.57940E-020  1.93353E-021  9.59100E-028  5.54231E-030  2.52257E-020  7.67307E-019  2.27314E-016  2.04132E-022  4.30891E-026  1.00000E-040  6.01321E-014  2.69375E-031  1.00196E-024  8.24923E-030  1.07737E-022  5.37369E-028  2.35018E-019  8.63762E-024  8.99886E-014  1.00000E-040  1.66699E-014  2.14444E-040  1.00000E-040  2.73600E-019  1.00000E-040  5.56256E-024  7.86839E-013  6.68462E-033  1.00000E-003  1.00000E-005  1.00000E-005  1.00000E-005  1.00000E-005  1.00000E-005  1.00000E-005  1.00000E-005  1.00000E-005  1.00000E-005  1.00000E-005  1.00000E-005  1.00000E-005  1.00000E-005  1.00000E-005  1.00000E-005  
7.25000E+001  9.82704E-006  3.95641E+014  1.79903E+002  3.34491E+005  1.00000E-040  1.00000E-040  1.00000E-040  1.00000E-040  1.00000E-040  1.00000E-040  1.00000E-040  1.00000E-040  1.00000E-040  1.00000E-040  1.00000E-040  1.00000E-040  1.00000E-040  1.00000E-040  1.91851E-026  1.00000E-040  1.09422E-040  1.38158E-007  8.52835E-007  1.27574E-005  2.71768E-008  2.29501E-005  2.10745E-001  4.93186E-007  2.75623E-004  2.05293E-018  3.06255E-012  1.54256E-028  2.55555E-021  2.35014E-018  5.58280E-016  1.26279E-007  3.67002E-021  4.72492E-037  1.00000E-040  2.04254E-040  1.00000E-040  5.84926E-023  3.40968E-021  8.87842E-016  2.12738E-014  6.69665E-033  1.00000E-040  3.11413E-024  2.55732E-023  3.36289E-011  1.83535E-011  7.88942E-001  2.41651E-021  2.22475E-025  1.16867E-022  1.00000E-040  2.67305E-032  1.30749E-022  3.82801E-021  6.04517E-009  2.57238E-017  6.71256E-010  3.29017E-018  6.28352E-009  4.29881E-011  3.63966E-007  2.00838E-013  2.10107E-018  4.22740E-017  1.07425E-012  1.38363E-016  2.98495E-014  1.00000E-040  1.00000E-040  1.00000E-040  1.00000E-040  1.00000E-040  1.00000E-040  6.28063E-018  7.96868E-014  2.49919E-022  1.72125E-021  9.85184E-035  2.97695E-040  1.00000E-040  1.00000E-040  1.00000E-040  5.81803E-032  3.85371E-031  1.09967E-024  1.44616E-019  9.69606E-021  3.18079E-027  8.00038E-030  3.19149E-020  6.65382E-019  1.71502E-016  2.01941E-022  2.32826E-026  1.00000E-040  5.99387E-014  9.06162E-031  1.28612E-024  1.88913E-029  1.05564E-022  2.41421E-027  1.79850E-019  1.12390E-023  7.52826E-014  1.00000E-040  1.66061E-014  5.62893E-040  1.00000E-040  8.53122E-019  1.00000E-040  9.86374E-024  7.65310E-013  1.10358E-032  1.00000E-003  1.00000E-005  1.00000E-005  1.00000E-005  1.00000E-005  1.00000E-005  1.00000E-005  1.00000E-005  1.00000E-005  1.00000E-005  1.00000E-005  1.00000E-005  1.00000E-005  1.00000E-005  1.00000E-005  1.00000E-005  
7.35000E+001  8.16103E-006  3.28819E+014  1.79765E+002  3.44491E+005  1.00000E-040  1.00000E-040  1.00000E-040  1.00000E-040  1.00000E-040  1.00000E-040  1.00000E-040  1.00000E-040  1.00000E-040  1.00000E-040  1.00000E-040  1.00000E-040  1.00000E-040  1.00000E-040  1.90165E-026  1.00000E-040  1.10866E-040  2.98992E-007  9.44206E-007  1.24456E-005  3.89295E-008  2.83672E-005  2.10565E-001  6.65423E-007  2.74417E-004  3.43762E-018  4.13295E-012  1.27003E-027  9.74792E-021  8.92563E-018  6.39427E-016  1.22063E-007  4.52237E-021  1.87034E-036  8.44846E-038  8.02130E-037  1.00000E-040  6.58081E-023  3.59052E-021  7.98796E-016  2.26104E-014  2.53300E-032  1.00000E-040  1.72031E-024  1.01130E-022  3.22171E-011  2.14205E-011  7.89117E-001  4.33983E-021  2.21434E-025  1.99411E-022  1.00000E-040  7.15203E-032  2.79831E-022  1.12700E-020  6.78424E-009  4.19881E-017  9.72532E-010  3.59383E-018  5.99058E-009  5.87255E-011  2.80412E-007  2.40964E-013  2.01635E-018  8.38898E-017  9.96363E-013  1.42514E-016  2.79307E-014  1.00000E-040  1.00000E-040  1.00000E-040  1.00000E-040  1.00000E-040  1.00000E-040  5.88055E-018  7.54851E-014  2.63686E-022  1.73955E-021  1.35112E-034  2.44440E-039  1.00000E-040  1.00000E-040  1.00000E-040  1.28471E-031  1.62659E-030  1.18639E-024  4.11919E-019  4.01796E-020  8.70449E-027  1.09725E-029  3.36340E-020  5.67638E-019  1.21432E-016  2.17024E-022  1.07255E-026  1.00000E-040  5.97139E-014  2.33096E-030  1.39144E-024  3.55255E-029  1.02975E-022  6.85159E-027  1.37112E-019  1.42720E-023  6.99706E-014  1.00000E-040  1.65322E-014  1.67777E-039  1.00000E-040  2.21092E-018  1.00000E-040  1.64644E-023  7.40916E-013  1.67415E-032  1.00000E-003  1.00000E-005  1.00000E-005  1.00000E-005  1.00000E-005  1.00000E-005  1.00000E-005  1.00000E-005  1.00000E-005  1.00000E-005  1.00000E-005  1.00000E-005  1.00000E-005  1.00000E-005  1.00000E-005  1.00000E-005  
7.45000E+001  6.77811E-006  2.72782E+014  1.79974E+002  3.54491E+005  1.00000E-040  1.00000E-040  1.00000E-040  1.00000E-040  1.00000E-040  1.00000E-040  1.00000E-040  1.00000E-040  1.00000E-040  1.00000E-040  1.00000E-040  1.00000E-040  1.00000E-040  1.00000E-040  1.89273E-026  1.00000E-040  1.12554E-040  6.59944E-007  1.03625E-006  1.20083E-005  4.07307E-008  5.30559E-005  2.10345E-001  9.07993E-007  2.72977E-004  7.60068E-018  7.28454E-012  9.28791E-027  3.20965E-020  2.82393E-017  6.66347E-016  1.17191E-007  6.01845E-021  6.24056E-036  5.90924E-037  5.17104E-036  1.00000E-040  3.97300E-023  2.29608E-021  9.77236E-016  2.38348E-014  5.66803E-032  1.00000E-040  9.57317E-025  3.37514E-022  3.05865E-011  4.23260E-011  7.89313E-001  8.13188E-021  2.26725E-025  3.40115E-022  1.00000E-040  1.39147E-031  4.27937E-022  1.89642E-020  7.71351E-009  4.67292E-017  9.50395E-010  3.03659E-018  5.69877E-009  5.11874E-011  3.02532E-007  1.50805E-013  1.02955E-018  1.59650E-016  9.31573E-013  8.51838E-017  2.57416E-014  1.00000E-040  1.00000E-040  1.00000E-040  1.00000E-040  1.00000E-040  1.00000E-040  5.49722E-018  7.15405E-014  1.57963E-022  1.21265E-021  1.76059E-034  6.24214E-039  1.00000E-040  1.00000E-040  1.00000E-040  2.51364E-031  2.89115E-030  6.27221E-025  6.99756E-019  1.37940E-019  1.56656E-026  1.11825E-029  2.14504E-020  3.11119E-019  8.05484E-017  2.39151E-022  4.04740E-027  1.00000E-040  5.94524E-014  3.06128E-030  7.55697E-025  3.21836E-029  9.87430E-023  5.32090E-027  6.27622E-020  1.29217E-023  9.16432E-014  1.00000E-040  1.64467E-014  6.40588E-039  1.00000E-040  4.74622E-018  1.00000E-040  1.91462E-023  7.13308E-013  2.27804E-032  1.00000E-003  1.00000E-005  1.00000E-005  1.00000E-005  1.00000E-005  1.00000E-005  1.00000E-005  1.00000E-005  1.00000E-005  1.00000E-005  1.00000E-005  1.00000E-005  1.00000E-005  1.00000E-005  1.00000E-005  1.00000E-005  
7.55000E+001  5.63230E-006  2.25930E+014  1.80563E+002  3.64489E+005  1.00000E-040  1.00000E-040  1.00000E-040  1.00000E-040  1.00000E-040  1.00000E-040  1.00000E-040  1.00000E-040  1.00000E-040  1.00000E-040  1.00000E-040  1.00000E-040  1.00000E-040  1.00000E-040  1.89046E-026  1.00000E-040  1.14527E-040  1.24892E-006  1.11841E-006  1.14386E-005  3.03470E-008  1.33102E-004  2.10059E-001  1.23830E-006  2.71255E-004  1.85241E-017  1.15302E-011  5.07262E-026  9.11547E-020  7.13085E-017  6.06458E-016  1.11581E-007  8.89677E-021  1.00000E-040  1.00000E-040  1.00000E-040  1.00000E-040  1.39127E-023  9.64963E-022  1.64531E-015  2.47128E-014  8.32529E-032  1.00000E-040  5.34643E-025  9.60228E-022  2.87161E-011  1.99428E-010  7.89521E-001  2.07940E-020  2.39100E-025  5.32213E-022  3.02926E-037  2.02729E-031  4.76118E-022  2.03640E-020  8.81898E-009  3.33906E-017  5.94137E-010  1.94981E-018  5.40551E-009  2.85740E-011  4.28835E-007  6.10335E-014  3.52744E-019  2.83351E-016  8.66296E-013  3.48209E-017  2.32740E-014  1.00000E-040  1.00000E-040  1.00000E-040  1.00000E-040  1.00000E-040  1.00000E-040  5.11839E-018  6.60906E-014  5.34052E-023  4.90904E-022  2.08100E-034  6.37354E-039  1.00000E-040  1.00000E-040  1.00000E-040  5.03610E-031  2.42039E-030  1.82016E-025  7.78052E-019  4.00572E-019  1.92351E-026  8.24635E-030  8.95071E-021  1.21217E-019  5.36657E-017  4.13177E-022  1.27178E-027  1.00000E-040  5.91480E-014  2.03452E-030  2.31904E-025  1.71733E-029  9.23005E-023  1.39002E-027  1.87794E-020  7.99715E-024  1.58357E-013  1.00000E-040  1.63473E-014  7.43725E-038  1.00000E-040  8.67514E-018  1.00000E-040  1.47405E-023  6.82002E-013  2.80087E-032  1.00000E-003  1.00000E-005  1.00000E-005  1.00000E-005  1.00000E-005  1.00000E-005  1.00000E-005  1.00000E-005  1.00000E-005  1.00000E-005  1.00000E-005  1.00000E-005  1.00000E-005  1.00000E-005  1.00000E-005  1.00000E-005  
7.65000E+001  4.68366E-006  1.87260E+014  1.81158E+002  3.74490E+005  1.00000E-040  1.00000E-040  1.00000E-040  1.00000E-040  1.00000E-040  1.00000E-040  1.00000E-040  1.00000E-040  1.00000E-040  1.00000E-040  1.00000E-040  1.00000E-040  1.00000E-040  1.00000E-040  1.88708E-026  1.00000E-040  1.16834E-040  1.99737E-006  1.19008E-006  1.07668E-005  2.12673E-008  3.24858E-004  2.09666E-001  1.65991E-006  2.69214E-004  4.37180E-017  1.34777E-011  2.04323E-025  2.25622E-019  1.41296E-016  5.62692E-016  1.05185E-007  1.39809E-020  1.00000E-040  1.00000E-040  1.00000E-040  1.00000E-040  3.88140E-024  3.73298E-022  2.85827E-015  2.51532E-014  1.04740E-031  1.00000E-040  3.00067E-025  2.36087E-021  2.66019E-011  1.29946E-009  7.89723E-001  7.04457E-020  2.52660E-025  7.43854E-022  1.47848E-035  2.66843E-031  4.60458E-022  1.93476E-020  9.86160E-009  2.02847E-017  3.22497E-010  1.15186E-018  5.10892E-009  1.32466E-011  6.16768E-007  3.20776E-014  1.57307E-019  4.61735E-016  7.87205E-013  1.30511E-017  2.05542E-014  1.00000E-040  1.00000E-040  1.00000E-040  1.00000E-040  1.00000E-040  1.00000E-040  4.72279E-018  6.02178E-014  1.74071E-023  1.64304E-022  2.17254E-034  5.16959E-039  1.00000E-040  1.00000E-040  1.00000E-040  9.85328E-031  1.91359E-030  5.47617E-026  7.77051E-019  1.00387E-018  2.07848E-026  5.87993E-030  3.43614E-021  5.08409E-020  3.70815E-017  1.03464E-021  3.51025E-028  1.00000E-040  5.87933E-014  1.10591E-030  7.11977E-026  9.25506E-030  8.50587E-023  3.10780E-028  5.89185E-021  4.46907E-024  2.77901E-013  1.00000E-040  1.62318E-014  3.95183E-037  1.00000E-040  1.39550E-017  1.00000E-040  9.77679E-024  6.46572E-013  3.23819E-032  1.00000E-003  1.00000E-005  1.00000E-005  1.00000E-005  1.00000E-005  1.00000E-005  1.00000E-005  1.00000E-005  1.00000E-005  1.00000E-005  1.00000E-005  1.00000E-005  1.00000E-005  1.00000E-005  1.00000E-005  1.00000E-005  
7.75000E+001  3.89832E-006  1.55140E+014  1.81999E+002  3.84490E+005  1.00000E-040  1.00000E-040  1.00000E-040  1.00000E-040  1.00000E-040  1.00000E-040  1.00000E-040  1.00000E-040  1.00000E-040  1.00000E-040  1.00000E-040  1.00000E-040  1.00000E-040  1.00000E-040  1.88000E-026  1.00000E-040  1.19526E-040  2.85822E-006  1.25585E-006  1.00123E-005  1.54114E-008  6.99236E-004  2.09120E-001  2.17522E-006  2.66815E-004  9.01532E-017  1.28033E-011  6.78118E-025  4.94485E-019  2.23739E-016  5.46439E-016  9.80145E-008  2.24263E-020  1.80682E-038  1.03487E-038  2.97576E-038  1.00000E-040  1.00385E-024  1.54448E-022  4.63111E-015  2.50780E-014  1.21250E-031  1.00000E-040  1.71780E-025  5.11798E-021  2.42656E-011  7.47410E-009  7.89897E-001  2.21902E-019  2.75830E-025  9.66514E-022  1.00000E-040  3.60984E-031  4.37167E-022  1.81823E-020  1.01037E-008  1.14487E-017  1.77075E-010  7.17356E-019  4.80782E-009  5.71618E-012  8.12682E-007  2.18285E-014  8.97167E-020  6.87105E-016  6.89549E-013  4.84830E-018  1.76523E-014  1.00000E-040  1.00000E-040  1.00000E-040  1.00000E-040  1.00000E-040  1.00000E-040  4.30060E-018  5.43211E-014  7.92469E-024  6.74195E-023  2.01074E-034  3.61577E-036  1.00000E-040  1.00000E-040  1.00000E-040  1.75207E-030  1.94392E-030  2.25150E-026  7.76088E-019  2.21907E-018  2.21003E-026  6.00596E-030  1.40480E-021  2.55211E-020  2.62751E-017  2.71937E-021  8.95109E-029  1.00000E-040  5.83799E-014  6.01590E-031  2.91729E-026  5.59695E-030  7.78049E-023  7.99825E-029  2.17497E-021  2.42892E-024  4.48990E-013  1.00000E-040  1.60977E-014  8.29537E-038  1.00000E-040  2.01865E-017  1.00000E-040  6.68768E-024  6.06889E-013  3.63183E-032  1.00000E-003  1.00000E-005  1.00000E-005  1.00000E-005  1.00000E-005  1.00000E-005  1.00000E-005  1.00000E-005  1.00000E-005  1.00000E-005  1.00000E-005  1.00000E-005  1.00000E-005  1.00000E-005  1.00000E-005  1.00000E-005  
7.85000E+001  3.24886E-006  1.28386E+014  1.83286E+002  3.94490E+005  1.00000E-040  1.00000E-040  1.00000E-040  1.00000E-040  1.00000E-040  1.00000E-040  1.00000E-040  1.00000E-040  1.00000E-040  1.00000E-040  1.00000E-040  1.00000E-040  1.00000E-040  1.00000E-040  1.86621E-026  1.00000E-040  1.22667E-040  3.79709E-006  1.31923E-006  9.19072E-006  1.14621E-008  1.33355E-003  2.08366E-001  2.78872E-006  2.64012E-004  1.62623E-016  1.11856E-011  3.60069E-024  9.72989E-019  2.99740E-016  5.47251E-016  9.01470E-008  3.58680E-020  4.32091E-035  6.65031E-035  2.05076E-034  1.00000E-040  2.58969E-025  6.98350E-023  6.96240E-015  2.44033E-014  1.32477E-031  1.00000E-040  1.03991E-025  9.94226E-021  2.17591E-011  3.45596E-008  7.90018E-001  5.91365E-019  3.17626E-025  1.20428E-021  9.60899E-037  5.08515E-031  4.14560E-022  1.70034E-020  8.92550E-009  5.83004E-018  1.01461E-010  5.23701E-019  4.50162E-009  2.38232E-012  9.73110E-007  1.48058E-014  5.03967E-020  9.34054E-016  5.86749E-013  1.79284E-018  1.46816E-014  1.00000E-040  1.00000E-040  1.00000E-040  1.00000E-040  1.00000E-040  1.00000E-040  3.85274E-018  4.84677E-014  5.27597E-024  3.82519E-023  1.67591E-034  3.55347E-036  1.00000E-040  1.00000E-040  1.00000E-040  2.82823E-030  2.38894E-030  1.32417E-026  7.81364E-019  4.39979E-018  2.33832E-026  1.00519E-029  6.23361E-022  1.50863E-020  1.89113E-017  6.71910E-021  2.19350E-029  1.00000E-040  5.78988E-014  3.26966E-031  1.71165E-026  3.74905E-030  7.08681E-023  2.34291E-029  9.23126E-022  1.25608E-024  6.64714E-013  1.00000E-040  1.59423E-014  2.12899E-037  1.00000E-040  2.66198E-017  1.00000E-040  4.96709E-024  5.63178E-013  3.98850E-032  1.00000E-003  1.00000E-005  1.00000E-005  1.00000E-005  1.00000E-005  1.00000E-005  1.00000E-005  1.00000E-005  1.00000E-005  1.00000E-005  1.00000E-005  1.00000E-005  1.00000E-005  1.00000E-005  1.00000E-005  1.00000E-005  
7.95000E+001  2.71191E-006  1.06413E+014  1.84585E+002  4.04490E+005  1.00000E-040  1.00000E-040  1.00000E-040  1.00000E-040  1.00000E-040  1.00000E-040  1.00000E-040  1.00000E-040  1.00000E-040  1.00000E-040  1.00000E-040  1.00000E-040  1.00000E-040  1.00000E-040  1.83719E-026  1.00000E-040  1.26325E-040  4.77872E-006  1.38161E-006  8.32190E-006  8.71042E-009  2.29856E-003  2.07358E-001  3.50491E-006  2.60762E-004  2.61231E-016  9.73511E-012  7.81011E-023  1.73553E-018  3.61043E-016  5.55259E-016  8.17499E-008  5.57860E-020  3.09021E-035  9.23880E-035  2.46448E-034  1.00000E-040  7.04851E-026  3.38799E-023  9.68197E-015  2.31980E-014  1.43413E-031  1.00000E-040  7.03046E-026  1.74426E-020  1.91686E-011  1.26160E-007  7.90063E-001  1.30696E-018  3.65432E-025  1.43367E-021  1.78645E-038  7.35988E-031  3.93965E-022  1.57251E-020  7.13547E-009  2.82041E-018  6.09303E-011  4.79646E-019  4.19099E-009  9.72302E-013  1.08652E-006  9.53991E-015  2.68202E-020  1.16343E-015  4.95740E-013  6.59817E-019  1.17891E-014  1.00000E-040  1.00000E-040  1.00000E-040  1.00000E-040  1.00000E-040  1.00000E-040  3.38874E-018  4.27138E-014  4.41283E-024  2.78387E-023  1.29848E-034  1.00000E-040  1.00000E-040  1.00000E-040  1.00000E-040  4.21181E-030  3.10196E-030  1.00227E-026  7.85186E-019  7.89666E-018  2.44887E-026  2.02992E-029  2.96759E-022  1.01594E-020  1.38833E-017  1.46847E-020  5.34258E-030  1.00000E-040  5.73410E-014  1.82272E-031  1.29564E-026  2.66179E-030  6.44318E-023  7.68110E-030  4.38789E-022  6.26829E-025  9.22858E-013  1.00000E-040  1.57634E-014  2.66922E-037  1.00000E-040  3.23471E-017  1.00000E-040  3.81645E-024  5.16131E-013  4.27688E-032  1.00000E-003  1.00000E-005  1.00000E-005  1.00000E-005  1.00000E-005  1.00000E-005  1.00000E-005  1.00000E-005  1.00000E-005  1.00000E-005  1.00000E-005  1.00000E-005  1.00000E-005  1.00000E-005  1.00000E-005  1.00000E-005  
8.05000E+001  2.26747E-006  8.83285E+013  1.85933E+002  4.06996E+005  1.00000E-040  1.00000E-040  1.00000E-040  1.00000E-040  1.00000E-040  1.00000E-040  1.00000E-040  1.00000E-040  1.00000E-040  1.00000E-040  1.00000E-040  1.00000E-040  1.00000E-040  1.00000E-040  1.79273E-026  1.00000E-040  1.30611E-040  5.77144E-006  1.44314E-006  7.42441E-006  6.67911E-009  3.66178E-003  2.06045E-001  4.33395E-006  2.56994E-004  3.79267E-016  8.56353E-012  1.67322E-021  2.83657E-018  4.05120E-016  5.62068E-016  7.30027E-008  8.38774E-020  1.71899E-035  2.10238E-035  1.05780E-034  1.00000E-040  2.06661E-026  1.72775E-023  1.25983E-014  2.15622E-014  2.07195E-031  1.00000E-040  5.47558E-026  2.79755E-020  1.65838E-011  3.71603E-007  7.90016E-001  2.42322E-018  4.21378E-025  1.64455E-021  1.00000E-040  1.06027E-030  3.69562E-022  1.41916E-020  5.62412E-009  1.39866E-018  3.79752E-011  5.35800E-019  3.87544E-009  3.88905E-013  1.14887E-006  6.15989E-015  1.42849E-020  1.33481E-015  4.20380E-013  2.41813E-019  9.10621E-015  1.00000E-040  1.00000E-040  1.00000E-040  1.00000E-040  1.00000E-040  1.00000E-040  2.92011E-018  3.71124E-014  4.04282E-024  2.29983E-023  9.51856E-035  1.00000E-040  1.00000E-040  1.00000E-040  1.00000E-040  5.88491E-030  3.94405E-030  8.62932E-027  7.79116E-019  1.29764E-017  2.51263E-026  4.05966E-029  1.48425E-022  7.51057E-021  1.03430E-017  2.79550E-020  1.33873E-030  1.00000E-040  5.66930E-014  1.01163E-031  1.11642E-026  1.97459E-030  5.85441E-023  2.68332E-030  2.24807E-022  3.00550E-025  1.22248E-012  1.00000E-040  1.55571E-014  2.31059E-037  1.00000E-040  3.65492E-017  5.49882E-037  3.01219E-024  4.66487E-013  4.44127E-032  1.00000E-003  1.00000E-005  1.00000E-005  1.00000E-005  1.00000E-005  1.00000E-005  1.00000E-005  1.00000E-005  1.00000E-005  1.00000E-005  1.00000E-005  1.00000E-005  1.00000E-005  1.00000E-005  1.00000E-005  1.00000E-005  
8.15000E+001  1.89923E-006  7.34148E+013  1.87374E+002  4.06996E+005  1.00000E-040  1.00000E-040  1.00000E-040  1.00000E-040  1.00000E-040  1.00000E-040  1.00000E-040  1.00000E-040  1.00000E-040  1.00000E-040  1.00000E-040  1.00000E-040  1.00000E-040  1.00000E-040  1.73820E-026  1.00000E-040  1.35670E-040  6.74460E-006  1.50307E-006  6.51797E-006  5.12727E-009  5.48733E-003  2.04377E-001  5.28936E-006  2.52622E-004  5.02559E-016  7.55603E-012  2.30394E-020  4.28526E-018  4.31339E-016  5.61398E-016  6.41108E-008  1.21903E-019  2.02124E-035  7.68996E-035  2.02709E-034  1.00000E-040  6.46186E-027  9.11094E-024  1.55061E-014  1.96220E-014  8.40163E-031  1.00000E-040  4.80023E-026  4.14677E-020  1.40957E-011  9.19399E-007  7.89861E-001  3.88678E-018  4.88982E-025  1.82965E-021  5.48471E-036  1.48078E-030  3.37992E-022  1.23654E-020  4.48546E-009  7.22834E-019  2.43252E-011  6.67254E-019  3.55473E-009  1.51792E-013  1.16401E-006  4.05020E-015  7.74167E-021  1.41715E-015  3.57574E-013  8.80792E-020  6.73958E-015  1.00000E-040  1.00000E-040  1.00000E-040  1.00000E-040  1.00000E-040  1.00000E-040  2.45997E-018  3.17344E-014  3.79005E-024  1.99637E-023  6.62250E-035  1.00000E-040  1.00000E-040  1.00000E-040  1.00000E-040  7.79345E-030  4.76542E-030  7.82977E-027  7.57865E-019  1.97035E-017  2.50671E-026  7.59676E-029  7.66792E-023  5.90478E-021  7.78245E-018  4.69238E-020  3.94152E-031  1.00000E-040  5.59380E-014  5.46512E-032  1.01381E-026  1.51660E-030  5.31992E-023  9.62386E-031  1.20535E-022  1.38808E-025  1.56604E-012  1.00000E-040  1.53191E-014  1.57481E-037  1.00000E-040  3.86709E-017  1.15147E-032  2.42612E-024  4.15145E-013  4.43094E-032  1.00000E-003  1.00000E-005  1.00000E-005  1.00000E-005  1.00000E-005  1.00000E-005  1.00000E-005  1.00000E-005  1.00000E-005  1.00000E-005  1.00000E-005  1.00000E-005  1.00000E-005  1.00000E-005  1.00000E-005  1.00000E-005  
8.25000E+001  1.59374E-006  6.11362E+013  1.88815E+002  4.06996E+005  1.00000E-040  1.00000E-040  1.00000E-040  1.00000E-040  1.00000E-040  1.00000E-040  1.00000E-040  1.00000E-040  1.00000E-040  1.00000E-040  1.00000E-040  1.00000E-040  1.00000E-040  1.00000E-040  1.68114E-026  1.00000E-040  1.41640E-040  7.66443E-006  1.55980E-006  5.63076E-006  3.93411E-009  7.81720E-003  2.02324E-001  6.37696E-006  2.47593E-004  6.14150E-016  6.66526E-012  2.12603E-019  6.03115E-018  4.41144E-016  5.50939E-016  5.53695E-008  1.71339E-019  1.00000E-040  5.36574E-036  1.00000E-040  1.00000E-040  2.13275E-027  4.93143E-024  1.81968E-014  1.75201E-014  5.27218E-030  1.00000E-040  4.49742E-026  5.73997E-020  1.18055E-011  1.97427E-006  7.89587E-001  5.54492E-018  5.64687E-025  1.96834E-021  5.47926E-035  1.98515E-030  3.01387E-022  1.03851E-020  3.63163E-009  3.88633E-019  1.59356E-011  8.51498E-019  3.23231E-009  5.78743E-014  1.14128E-006  2.71410E-015  4.28068E-021  1.39821E-015  3.04211E-013  3.19664E-020  4.77413E-015  1.00000E-040  1.00000E-040  1.00000E-040  1.00000E-040  1.00000E-040  1.00000E-040  2.02542E-018  2.67027E-014  3.52558E-024  1.74449E-023  4.40823E-035  3.49127E-036  1.00000E-040  1.00000E-040  1.00000E-040  9.85931E-030  5.42571E-030  7.14967E-027  7.22800E-019  2.78611E-017  2.42882E-026  1.30943E-028  4.06723E-023  4.82932E-021  5.91506E-018  7.06277E-020  2.25136E-031  1.00000E-040  5.50645E-014  2.88557E-032  9.26349E-027  1.19312E-030  4.84153E-023  3.50520E-031  6.67870E-023  6.26139E-026  1.96018E-012  1.00000E-040  1.50469E-014  1.00000E-040  1.00000E-040  3.85761E-017  8.46670E-029  1.96277E-024  3.63617E-013  4.23117E-032  1.00000E-003  1.00000E-005  1.00000E-005  1.00000E-005  1.00000E-005  1.00000E-005  1.00000E-005  1.00000E-005  1.00000E-005  1.00000E-005  1.00000E-005  1.00000E-005  1.00000E-005  1.00000E-005  1.00000E-005  1.00000E-005  
8.35000E+001  1.33981E-006  5.10518E+013  1.90086E+002  4.06996E+005  1.00000E-040  1.00000E-040  1.00000E-040  1.00000E-040  1.00000E-040  1.00000E-040  1.00000E-040  1.00000E-040  1.00000E-040  1.00000E-040  1.00000E-040  1.00000E-040  1.00000E-040  1.00000E-040  1.62833E-026  1.00000E-040  1.48661E-040  8.50317E-006  1.61172E-006  4.79102E-006  3.02197E-009  1.06726E-002  1.99869E-001  7.59667E-006  2.41876E-004  7.00101E-016  5.88349E-012  1.40355E-018  7.96806E-018  4.36778E-016  5.30380E-016  4.70766E-008  2.33303E-019  1.00000E-040  1.00000E-040  1.00000E-040  1.00000E-040  7.42278E-028  2.72973E-024  2.05080E-014  1.53869E-014  2.73560E-029  1.00000E-040  4.32577E-026  7.49918E-020  9.79203E-012  3.78068E-006  7.89189E-001  7.20594E-018  6.36776E-025  2.03188E-021  3.49395E-034  2.55492E-030  2.63550E-022  8.42721E-021  2.98945E-009  2.17011E-019  1.06458E-011  1.05603E-018  2.91316E-009  2.16684E-014  1.09323E-006  1.85652E-015  2.42479E-021  1.28911E-015  2.58309E-013  1.16092E-020  3.24034E-015  1.00000E-040  1.00000E-040  1.00000E-040  1.00000E-040  1.00000E-040  1.00000E-040  1.63186E-018  2.21317E-014  3.20621E-024  1.49590E-023  2.84310E-035  1.00000E-040  1.00000E-040  1.00000E-040  1.00000E-040  1.19816E-029  5.81506E-030  6.37100E-027  6.78234E-019  3.69527E-017  2.28942E-026  2.06154E-028  2.21207E-023  4.04222E-021  4.55222E-018  9.68151E-020  2.92160E-031  1.00000E-040  5.40646E-014  1.51472E-032  8.25856E-027  9.49492E-031  4.41958E-023  1.29747E-031  3.80161E-023  2.80487E-026  2.41954E-012  1.00000E-040  1.47394E-014  1.00000E-040  1.00000E-040  3.65348E-017  1.63085E-025  1.56246E-024  3.13571E-013  3.87235E-032  1.00000E-003  1.00000E-005  1.00000E-005  1.00000E-005  1.00000E-005  1.00000E-005  1.00000E-005  1.00000E-005  1.00000E-005  1.00000E-005  1.00000E-005  1.00000E-005  1.00000E-005  1.00000E-005  1.00000E-005  1.00000E-005  
8.45000E+001  1.12813E-006  4.27858E+013  1.90974E+002  4.06996E+005  1.00000E-040  1.00000E-040  1.00000E-040  1.00000E-040  1.00000E-040  1.00000E-040  1.00000E-040  1.00000E-040  1.00000E-040  1.00000E-040  1.00000E-040  1.00000E-040  1.00000E-040  1.00000E-040  1.58351E-026  1.00000E-040  1.56898E-040  9.24385E-006  1.65772E-006  4.02140E-006  2.33119E-009  1.40601E-002  1.97012E-001  8.94402E-006  2.35457E-004  7.52833E-016  5.21927E-012  7.01796E-018  9.95531E-018  4.20864E-016  5.00733E-016  3.94725E-008  3.08586E-019  4.21014E-037  1.00000E-040  1.73905E-035  1.00000E-040  2.74382E-028  1.54271E-024  2.23501E-014  1.33168E-014  1.10647E-028  1.00000E-040  4.19396E-026  9.35125E-020  8.09735E-012  6.60309E-006  7.88661E-001  8.70429E-018  6.85432E-025  2.00275E-021  1.66015E-033  3.17584E-030  2.27930E-022  6.63775E-021  2.49657E-009  1.25306E-019  7.23985E-012  1.24118E-018  2.60260E-009  8.03325E-015  1.03232E-006  1.29470E-015  1.40916E-021  1.11787E-015  2.18766E-013  4.23789E-021  2.11262E-015  1.00000E-040  1.00000E-040  1.00000E-040  1.00000E-040  1.00000E-040  1.00000E-040  1.28944E-018  1.80967E-014  2.82974E-024  1.23729E-023  1.82361E-035  3.70630E-040  1.00000E-040  1.00000E-040  1.00000E-040  1.40475E-029  5.88563E-030  5.41121E-027  6.29542E-019  4.62890E-017  2.10606E-026  2.93472E-028  1.23505E-023  3.42223E-021  3.56082E-018  1.22446E-019  4.64560E-031  1.00000E-040  5.29324E-014  8.08988E-033  7.01707E-027  7.54031E-031  4.05128E-023  4.91348E-032  2.21710E-023  1.26663E-026  2.97108E-012  1.00000E-040  1.43961E-014  1.00000E-040  1.00000E-040  3.30714E-017  9.04755E-023  1.19664E-024  2.66495E-013  3.41356E-032  1.00000E-003  1.00000E-005  1.00000E-005  1.00000E-005  1.00000E-005  1.00000E-005  1.00000E-005  1.00000E-005  1.00000E-005  1.00000E-005  1.00000E-005  1.00000E-005  1.00000E-005  1.00000E-005  1.00000E-005  1.00000E-005  
8.55000E+001  9.51223E-007  3.59096E+013  1.91862E+002  4.06996E+005  1.00000E-040  1.00000E-040  1.00000E-040  1.00000E-040  1.00000E-040  1.00000E-040  1.00000E-040  1.00000E-040  1.00000E-040  1.00000E-040  1.00000E-040  1.00000E-040  1.00000E-040  1.00000E-040  1.55121E-026  1.00000E-040  1.66535E-040  9.88041E-006  1.69725E-006  3.33630E-006  1.78725E-009  1.79793E-002  1.93756E-001  1.04112E-005  2.28333E-004  7.74135E-016  4.59223E-012  2.79244E-017  1.18798E-017  3.97092E-016  4.65528E-016  3.27108E-008  3.99602E-019  1.00000E-040  1.00000E-040  1.00000E-040  1.00000E-040  1.05099E-028  8.86767E-025  2.37399E-014  1.13272E-014  3.58727E-028  1.00000E-040  4.04580E-026  1.13298E-019  6.72898E-012  1.07097E-005  7.87999E-001  9.90432E-018  7.34902E-025  1.91189E-021  6.16263E-033  3.78581E-030  1.93124E-022  5.08495E-021  2.11826E-009  7.45702E-020  4.98290E-012  1.40744E-018  2.30552E-009  2.96858E-015  9.53394E-007  9.18790E-016  8.34319E-022  9.17952E-016  1.84823E-013  1.55968E-021  1.32770E-015  1.00000E-040  1.00000E-040  1.00000E-040  1.00000E-040  1.00000E-040  1.00000E-040  1.00192E-018  1.46268E-014  2.45163E-024  1.00859E-023  1.14197E-035  2.20933E-040  1.00000E-040  1.00000E-040  1.00000E-040  1.60577E-029  5.67275E-030  4.52917E-027  5.83624E-019  5.53777E-017  1.89005E-026  3.98592E-028  7.01415E-024  2.91527E-021  2.83026E-018  1.45880E-019  7.10043E-031  1.00000E-040  5.16639E-014  4.21446E-033  5.87460E-027  6.09109E-031  3.73055E-023  1.85568E-032  1.31065E-023  5.64970E-027  3.64157E-012  1.00000E-040  1.40171E-014  1.00000E-040  1.00000E-040  2.87674E-017  1.74291E-020  9.15330E-025  2.23500E-013  2.91692E-032  1.00000E-003  1.00000E-005  1.00000E-005  1.00000E-005  1.00000E-005  1.00000E-005  1.00000E-005  1.00000E-005  1.00000E-005  1.00000E-005  1.00000E-005  1.00000E-005  1.00000E-005  1.00000E-005  1.00000E-005  1.00000E-005  
8.65000E+001  8.03133E-007  3.02133E+013  1.92533E+002  4.06996E+005  1.00000E-040  1.00000E-040  1.00000E-040  1.00000E-040  1.00000E-040  1.00000E-040  1.00000E-040  1.00000E-040  1.00000E-040  1.00000E-040  1.00000E-040  1.00000E-040  1.00000E-040  1.00000E-040  1.52838E-026  1.00000E-040  1.77784E-040  1.04157E-005  1.73029E-006  2.74182E-006  1.36792E-009  2.24223E-002  1.90115E-001  1.19865E-005  2.20523E-004  7.67451E-016  4.03646E-012  9.17801E-017  1.36229E-017  3.68056E-016  4.26592E-016  2.68579E-008  5.07048E-019  1.44240E-035  9.56751E-037  6.55416E-036  1.00000E-040  4.19250E-029  5.17791E-025  2.46611E-014  9.48778E-015  9.68411E-028  1.00000E-040  3.89294E-026  1.34930E-019  5.67158E-012  1.63581E-005  7.87198E-001  1.07593E-017  7.66594E-025  1.76113E-021  1.86245E-032  4.36998E-030  1.61868E-022  3.81216E-021  1.82168E-009  4.58209E-020  3.47087E-012  1.52218E-018  2.02608E-009  1.10282E-015  8.67762E-007  6.62924E-016  5.04243E-022  7.18803E-016  1.55978E-013  5.80448E-022  8.07530E-016  1.00000E-040  1.00000E-040  1.00000E-040  1.00000E-040  1.00000E-040  1.00000E-040  7.67968E-019  1.17108E-014  2.07869E-024  8.01898E-024  7.08987E-036  1.27215E-040  1.00000E-040  1.00000E-040  1.00000E-040  1.79149E-029  5.24194E-030  3.67316E-027  5.44747E-019  6.36221E-017  1.66183E-026  5.08861E-028  4.05878E-024  2.48604E-021  2.31090E-018  1.64991E-019  9.90529E-031  1.00000E-040  5.02582E-014  2.19847E-033  4.76506E-027  4.93865E-031  3.45091E-023  7.07494E-033  7.86123E-024  2.52114E-027  4.51383E-012  1.00000E-040  1.36032E-014  6.58208E-040  1.00000E-040  2.41856E-017  1.38553E-018  6.84695E-025  1.85264E-013  2.44087E-032  1.00000E-003  1.00000E-005  1.00000E-005  1.00000E-005  1.00000E-005  1.00000E-005  1.00000E-005  1.00000E-005  1.00000E-005  1.00000E-005  1.00000E-005  1.00000E-005  1.00000E-005  1.00000E-005  1.00000E-005  1.00000E-005  
8.75000E+001  6.78808E-007  2.55113E+013  1.92722E+002  4.06996E+005  1.00000E-040  1.00000E-040  1.00000E-040  1.00000E-040  1.00000E-040  1.00000E-040  1.00000E-040  1.00000E-040  1.00000E-040  1.00000E-040  1.00000E-040  1.00000E-040  1.00000E-040  1.00000E-040  1.51092E-026  1.00000E-040  1.90885E-040  1.08597E-005  1.75734E-006  2.23752E-006  1.05092E-009  2.73744E-002  1.86111E-001  1.36525E-005  2.12064E-004  7.38894E-016  3.58232E-012  2.57135E-016  1.51029E-017  3.36260E-016  3.86030E-016  2.19108E-008  6.30829E-019  1.00000E-040  1.00000E-040  1.00000E-040  1.00000E-040  1.76820E-029  3.07129E-025  2.51260E-014  7.84565E-015  2.25531E-027  1.00000E-040  3.75700E-026  1.59992E-019  4.90315E-012  2.37847E-005  7.86250E-001  1.12812E-017  7.56382E-025  1.55868E-021  4.73833E-032  4.94779E-030  1.35864E-022  2.81917E-021  1.56959E-009  3.40246E-020  2.44898E-012  1.55378E-018  1.76770E-009  4.16304E-016  7.84445E-007  4.81526E-016  3.09005E-022  5.40527E-016  1.31743E-013  2.19097E-022  4.77537E-016  1.00000E-040  1.00000E-040  1.00000E-040  1.00000E-040  1.00000E-040  1.00000E-040  5.82766E-019  9.31058E-015  1.72274E-024  6.14534E-024  4.47225E-036  1.00000E-040  1.00000E-040  1.00000E-040  1.00000E-040  1.95311E-029  4.68979E-030  2.83038E-027  5.17351E-019  7.05657E-017  1.43954E-026  5.97698E-028  2.40141E-024  2.11691E-021  1.96479E-018  1.78209E-019  1.25709E-030  1.00000E-040  4.87173E-014  1.18570E-033  3.67228E-027  3.95783E-031  3.20561E-023  2.76771E-033  4.80172E-024  1.14143E-027  5.74096E-012  1.00000E-040  1.31560E-014  1.00000E-040  1.00000E-040  1.97644E-017  5.29443E-017  4.88878E-025  1.52078E-013  2.02626E-032  1.00000E-003  1.00000E-005  1.00000E-005  1.00000E-005  1.00000E-005  1.00000E-005  1.00000E-005  1.00000E-005  1.00000E-005  1.00000E-005  1.00000E-005  1.00000E-005  1.00000E-005  1.00000E-005  1.00000E-005  1.00000E-005  
8.85000E+001  5.74205E-007  2.15589E+013  1.92911E+002  4.06996E+005  1.00000E-040  1.00000E-040  1.00000E-040  1.00000E-040  1.00000E-040  1.00000E-040  1.00000E-040  1.00000E-040  1.00000E-040  1.00000E-040  1.00000E-040  1.00000E-040  1.00000E-040  1.00000E-040  1.49979E-026  1.00000E-040  2.06121E-040  1.12257E-005  1.77917E-006  1.81780E-006  8.01120E-010  3.28212E-002  1.81770E-001  1.53870E-005  2.03012E-004  6.98343E-016  3.16943E-012  6.32185E-016  1.63400E-017  3.04778E-016  3.47248E-016  1.78127E-008  7.74177E-019  1.02098E-035  1.96651E-035  3.05605E-035  1.00000E-040  7.65729E-030  1.84304E-025  2.52061E-014  6.38609E-015  4.62137E-027  1.00000E-040  3.60328E-026  1.93194E-019  4.40831E-012  3.32013E-005  7.85141E-001  1.14744E-017  7.43580E-025  1.34990E-021  1.05120E-031  5.46110E-030  1.12991E-022  2.06457E-021  1.36848E-009  9.86011E-020  1.74182E-012  1.54288E-018  1.53262E-009  1.60641E-016  6.95922E-007  3.54233E-016  1.91917E-022  3.92924E-016  1.11455E-013  8.40374E-023  2.75892E-016  1.00000E-040  1.00000E-040  1.00000E-040  1.00000E-040  1.00000E-040  1.00000E-040  4.39260E-019  7.36918E-015  1.41509E-024  4.67912E-024  2.80691E-036  1.00000E-040  1.00000E-040  1.00000E-040  1.00000E-040  2.10208E-029  4.11572E-030  2.16708E-027  5.08310E-019  7.63790E-017  1.22897E-026  6.83928E-028  1.43742E-024  1.80449E-021  1.75772E-018  1.87067E-019  1.51241E-030  1.00000E-040  4.70458E-014  6.29228E-034  2.81183E-027  3.21237E-031  2.98737E-023  1.08522E-033  2.96422E-024  5.10526E-028  7.57205E-012  1.00000E-040  1.26771E-014  1.00000E-040  1.00000E-040  1.57741E-017  1.10609E-015  3.49674E-025  1.23879E-013  1.69186E-032  1.00000E-003  1.00000E-005  1.00000E-005  1.00000E-005  1.00000E-005  1.00000E-005  1.00000E-005  1.00000E-005  1.00000E-005  1.00000E-005  1.00000E-005  1.00000E-005  1.00000E-005  1.00000E-005  1.00000E-005  1.00000E-005  
8.95000E+001  4.86125E-007  1.82354E+013  1.93085E+002  4.06996E+005  1.00000E-040  1.00000E-040  1.00000E-040  1.00000E-040  1.00000E-040  1.00000E-040  1.00000E-040  1.00000E-040  1.00000E-040  1.00000E-040  1.00000E-040  1.00000E-040  1.00000E-040  1.00000E-040  1.49269E-026  1.00000E-040  2.23806E-040  1.15272E-005  1.79655E-006  1.47375E-006  6.06271E-010  3.87455E-002  1.77126E-001  1.71627E-005  1.93444E-004  6.51935E-016  2.80395E-012  1.39272E-015  1.73543E-017  2.75096E-016  3.11518E-016  1.44726E-008  9.38441E-019  4.18978E-036  1.29963E-035  4.32671E-035  1.00000E-040  3.38602E-030  1.11780E-025  2.49458E-014  5.11677E-015  8.50487E-027  1.00000E-040  3.42655E-026  2.41985E-019  4.18799E-012  4.48026E-005  7.83857E-001  1.14024E-017  7.27031E-025  1.15296E-021  2.08351E-031  5.90870E-030  9.34709E-023  1.50687E-021  1.20784E-009  7.11365E-019  1.24824E-012  1.50046E-018  1.32194E-009  6.36720E-017  6.06719E-007  2.64059E-016  1.20895E-022  2.77809E-016  9.45046E-014  3.28009E-023  1.56445E-016  1.00000E-040  1.00000E-040  1.00000E-040  1.00000E-040  1.00000E-040  1.00000E-040  3.29911E-019  5.82091E-015  1.15475E-024  3.54762E-024  1.75434E-036  1.00000E-040  1.00000E-040  1.00000E-040  1.00000E-040  2.23964E-029  3.57921E-030  1.65149E-027  5.25002E-019  8.11503E-017  1.03776E-026  7.64286E-028  8.69767E-025  1.54090E-021  1.67145E-018  1.92383E-019  1.76320E-030  1.00000E-040  4.52524E-014  3.30299E-034  2.14289E-027  2.63421E-031  2.79009E-023  4.26720E-034  1.85138E-024  2.25657E-028  1.04591E-011  1.00000E-040  1.21690E-014  3.49450E-039  1.00000E-040  1.23579E-017  1.39804E-014  2.50554E-025  1.00343E-013  1.44445E-032  1.00000E-003  1.00000E-005  1.00000E-005  1.00000E-005  1.00000E-005  1.00000E-005  1.00000E-005  1.00000E-005  1.00000E-005  1.00000E-005  1.00000E-005  1.00000E-005  1.00000E-005  1.00000E-005  1.00000E-005  1.00000E-005  
9.05000E+001  4.11892E-007  1.54400E+013  1.93221E+002  4.06996E+005  1.00000E-040  1.00000E-040  1.00000E-040  1.00000E-040  1.00000E-040  1.00000E-040  1.00000E-040  1.00000E-040  1.00000E-040  1.00000E-040  1.00000E-040  1.00000E-040  1.00000E-040  1.00000E-040  1.48793E-026  1.00000E-040  2.44297E-040  1.17774E-005  1.81028E-006  1.19518E-006  4.55915E-010  4.51250E-002  1.72219E-001  1.89459E-005  1.83460E-004  6.04641E-016  2.49045E-012  2.79766E-015  1.81960E-017  2.48246E-016  2.79711E-016  1.17872E-008  1.12460E-018  2.02822E-036  7.72704E-036  2.13457E-035  1.00000E-040  1.52826E-030  6.84696E-026  2.43892E-014  4.03873E-015  1.43020E-026  1.00000E-040  3.22833E-026  3.19905E-019  4.26839E-012  5.87671E-005  7.82379E-001  1.11790E-017  7.05165E-025  9.75904E-022  3.76792E-031  6.30650E-030  7.72655E-023  1.10368E-021  1.07809E-009  4.06575E-018  9.01169E-013  1.43306E-018  1.13578E-009  2.60295E-017  5.20601E-007  1.99288E-016  7.71983E-023  1.92138E-016  8.03425E-014  1.30450E-023  8.74620E-017  1.00000E-040  1.00000E-040  1.00000E-040  1.00000E-040  1.00000E-040  1.00000E-040  2.47665E-019  4.60046E-015  9.38508E-025  2.68295E-024  1.09945E-036  1.00000E-040  1.00000E-040  1.00000E-040  1.00000E-040  2.37002E-029  3.11610E-030  1.25400E-027  5.78940E-019  8.51052E-017  8.70124E-027  8.34823E-028  5.31802E-025  1.32021E-021  1.69223E-018  1.95762E-019  2.03357E-030  1.00000E-040  4.33491E-014  1.72666E-034  1.62713E-027  2.17664E-031  2.60892E-023  1.71340E-034  1.17243E-024  9.87266E-029  1.51392E-011  1.00000E-040  1.16350E-014  1.33793E-039  1.00000E-040  9.55273E-018  1.16444E-013  1.79778E-025  8.10013E-014  1.28248E-032  1.00000E-003  1.00000E-005  1.00000E-005  1.00000E-005  1.00000E-005  1.00000E-005  1.00000E-005  1.00000E-005  1.00000E-005  1.00000E-005  1.00000E-005  1.00000E-005  1.00000E-005  1.00000E-005  1.00000E-005  1.00000E-005  
9.15000E+001  3.49273E-007  1.30835E+013  1.93356E+002  4.06996E+005  1.00000E-040  1.00000E-040  1.00000E-040  1.00000E-040  1.00000E-040  1.00000E-040  1.00000E-040  1.00000E-040  1.00000E-040  1.00000E-040  1.00000E-040  1.00000E-040  1.00000E-040  1.00000E-040  1.48471E-026  1.00000E-040  2.67998E-040  1.19881E-005  1.82109E-006  9.71908E-007  3.40585E-010  5.19311E-002  1.67097E-001  2.06979E-005  1.73178E-004  5.60396E-016  2.22637E-012  5.20225E-015  1.89439E-017  2.24945E-016  2.52451E-016  9.65367E-009  1.33392E-018  1.00000E-040  1.00000E-040  1.00000E-040  1.00000E-040  7.01702E-031  4.23268E-026  2.35858E-014  3.14065E-015  2.22864E-026  1.00000E-040  3.00486E-026  4.51504E-019  4.70798E-012  7.52619E-005  7.80687E-001  1.10678E-017  6.81118E-025  8.24792E-022  6.33843E-031  6.67394E-030  6.40003E-023  8.16877E-022  9.74552E-010  1.69178E-017  6.55100E-013  1.35458E-018  9.73468E-010  1.10046E-017  4.39627E-007  1.52451E-016  5.00040E-023  1.30676E-016  6.84782E-014  5.29311E-024  4.84153E-017  1.00000E-040  1.00000E-040  1.00000E-040  1.00000E-040  1.00000E-040  1.00000E-040  1.86395E-019  3.64765E-015  7.62465E-025  2.03419E-024  6.93277E-037  1.00000E-040  1.00000E-040  1.00000E-040  1.00000E-040  2.50269E-029  2.74306E-030  9.54580E-028  6.88324E-019  8.86207E-017  7.27067E-027  8.97300E-028  3.28159E-025  1.13777E-021  1.81346E-018  2.00432E-019  2.37883E-030  1.00000E-040  4.13519E-014  8.99263E-035  1.23860E-027  1.81366E-031  2.44008E-023  6.86220E-035  7.54302E-025  4.26826E-029  2.27930E-011  1.00000E-040  1.10794E-014  1.00000E-040  1.00000E-040  7.32412E-018  6.86808E-013  1.29900E-025  6.53168E-014  1.19918E-032  1.00000E-003  1.00000E-005  1.00000E-005  1.00000E-005  1.00000E-005  1.00000E-005  1.00000E-005  1.00000E-005  1.00000E-005  1.00000E-005  1.00000E-005  1.00000E-005  1.00000E-005  1.00000E-005  1.00000E-005  1.00000E-005  
9.25000E+001  2.96431E-007  1.10850E+013  1.93689E+002  4.06996E+005  1.00000E-040  1.00000E-040  1.00000E-040  1.00000E-040  1.00000E-040  1.00000E-040  1.00000E-040  1.00000E-040  1.00000E-040  1.00000E-040  1.00000E-040  1.00000E-040  1.00000E-040  1.00000E-040  1.48365E-026  1.00000E-040  2.95359E-040  1.21685E-005  1.82961E-006  7.94475E-007  2.51853E-010  5.91278E-002  1.61817E-001  2.23771E-005  1.62730E-004  5.22512E-016  1.99835E-012  9.07942E-015  1.97121E-017  2.05776E-016  2.30299E-016  7.97815E-009  1.56915E-018  2.90033E-036  1.09038E-035  2.65421E-035  1.00000E-040  3.23333E-031  2.63661E-026  2.25876E-014  2.40268E-015  3.24957E-026  1.00000E-040  2.74514E-026  6.81215E-019  5.60358E-012  9.44472E-005  7.78760E-001  1.17207E-017  6.69183E-025  7.05475E-022  1.01099E-030  7.01083E-030  5.30087E-023  6.15014E-022  9.03718E-010  5.38701E-017  4.78732E-013  1.29070E-018  8.33691E-010  4.81222E-018  3.63915E-007  1.19559E-016  3.31471E-023  8.78231E-017  5.84893E-014  2.19499E-024  2.66454E-017  1.00000E-040  1.00000E-040  1.00000E-040  1.00000E-040  1.00000E-040  1.00000E-040  1.41061E-019  2.90987E-015  6.22612E-025  1.56832E-024  4.36442E-037  1.00000E-040  1.00000E-040  1.00000E-040  1.00000E-040  2.65485E-029  2.46526E-030  7.43212E-028  8.81590E-019  9.22840E-017  6.07155E-027  9.71630E-028  2.03511E-025  9.90063E-022  2.04129E-018  2.12486E-019  2.88693E-030  1.00000E-040  3.92798E-014  4.58904E-035  9.64326E-028  1.53846E-031  2.28082E-023  2.85386E-035  4.93090E-025  1.80537E-029  3.53417E-011  1.00000E-040  1.05069E-014  1.00000E-040  1.00000E-040  5.60027E-018  3.04685E-012  9.65580E-026  5.27450E-014  1.18483E-032  1.00000E-003  1.00000E-005  1.00000E-005  1.00000E-005  1.00000E-005  1.00000E-005  1.00000E-005  1.00000E-005  1.00000E-005  1.00000E-005  1.00000E-005  1.00000E-005  1.00000E-005  1.00000E-005  1.00000E-005  1.00000E-005  
9.35000E+001  2.51880E-007  9.37423E+012  1.94614E+002  4.06996E+005  1.00000E-040  1.00000E-040  1.00000E-040  1.00000E-040  1.00000E-040  1.00000E-040  1.00000E-040  1.00000E-040  1.00000E-040  1.00000E-040  1.00000E-040  1.00000E-040  1.00000E-040  1.00000E-040  1.48680E-026  1.00000E-040  3.26855E-040  1.23247E-005  1.83615E-006  6.54596E-007  1.83114E-010  6.66674E-002  1.56444E-001  2.39416E-005  1.52262E-004  4.94033E-016  1.78682E-012  1.50649E-014  2.06556E-017  1.91289E-016  2.13840E-016  6.67934E-009  1.83553E-018  1.00000E-040  1.58143E-035  1.00000E-040  1.00000E-040  1.46084E-031  1.65070E-026  2.14431E-014  1.80513E-015  4.45584E-026  1.00000E-040  2.44605E-026  1.08919E-018  7.09547E-012  1.16478E-004  7.76581E-001  1.45272E-017  6.97079E-025  6.19728E-022  1.55897E-030  7.28626E-030  4.35822E-023  4.73973E-022  8.86466E-010  1.38109E-016  3.50666E-013  1.26564E-018  7.14727E-010  2.17215E-018  2.92985E-007  9.88447E-017  2.30144E-023  5.85936E-017  5.00450E-014  9.32584E-025  1.46356E-017  1.00000E-040  1.00000E-040  1.00000E-040  1.00000E-040  1.00000E-040  1.00000E-040  1.07700E-019  2.34293E-015  5.14670E-025  1.26074E-024  2.70398E-037  1.00000E-040  1.00000E-040  1.00000E-040  1.00000E-040  2.84951E-029  2.28363E-030  6.13885E-028  1.20237E-018  9.69353E-017  5.07761E-027  1.10705E-027  1.25861E-025  8.74449E-022  2.40238E-018  2.41503E-019  3.65510E-030  1.00000E-040  3.71554E-014  2.21498E-035  7.96418E-028  1.35515E-031  2.12941E-023  1.18135E-035  3.26836E-025  7.34192E-030  5.60091E-011  1.00000E-040  9.92352E-015  8.89931E-040  1.00000E-040  4.29623E-018  1.06899E-011  7.68365E-026  4.27738E-014  1.22837E-032  1.00000E-003  1.00000E-005  1.00000E-005  1.00000E-005  1.00000E-005  1.00000E-005  1.00000E-005  1.00000E-005  1.00000E-005  1.00000E-005  1.00000E-005  1.00000E-005  1.00000E-005  1.00000E-005  1.00000E-005  1.00000E-005  
9.45000E+001  2.14327E-007  7.93899E+012  1.95537E+002  4.06996E+005  1.00000E-040  1.00000E-040  1.00000E-040  1.00000E-040  1.00000E-040  1.00000E-040  1.00000E-040  1.00000E-040  1.00000E-040  1.00000E-040  1.00000E-040  1.00000E-040  1.00000E-040  1.00000E-040  1.48973E-026  1.00000E-040  3.62992E-040  1.24610E-005  1.84098E-006  5.45335E-007  1.32785E-010  7.44854E-002  1.51054E-001  2.53508E-005  1.41923E-004  4.74893E-016  1.63137E-012  2.39157E-014  2.18632E-017  1.81165E-016  2.02536E-016  5.69064E-009  2.12758E-018  1.00000E-040  1.00000E-040  1.37620E-035  1.00000E-040  6.66204E-032  1.04381E-026  2.01895E-014  1.33675E-015  5.85221E-026  1.00000E-040  2.14227E-026  1.80047E-018  9.36919E-012  1.41501E-004  7.74137E-001  2.19515E-017  7.22510E-025  5.57979E-022  2.34462E-030  7.65460E-030  3.63893E-023  3.78922E-022  8.84094E-010  2.97730E-016  2.58798E-013  1.25578E-018  6.14669E-010  1.01372E-018  2.33134E-007  8.32088E-017  1.62943E-023  3.89945E-017  4.29251E-014  4.06590E-025  8.05425E-018  1.00000E-040  1.00000E-040  1.00000E-040  1.00000E-040  1.00000E-040  1.00000E-040  8.33129E-020  1.91107E-015  4.30094E-025  1.02641E-024  1.70433E-037  1.00000E-040  1.00000E-040  1.00000E-040  1.00000E-040  3.09518E-029  2.19997E-030  5.13309E-028  1.70883E-018  1.02837E-016  4.29476E-027  1.24763E-027  7.86296E-026  7.84884E-022  2.93681E-018  2.96325E-019  4.74420E-030  1.00000E-040  3.50043E-014  1.08494E-035  6.65928E-028  1.20003E-031  1.98509E-023  4.62917E-036  2.23064E-025  2.96249E-030  8.97789E-011  1.00000E-040  9.33592E-015  1.00000E-040  1.00000E-040  3.32840E-018  3.09064E-011  6.19955E-026  3.49487E-014  1.31885E-032  1.00000E-003  1.00000E-005  1.00000E-005  1.00000E-005  1.00000E-005  1.00000E-005  1.00000E-005  1.00000E-005  1.00000E-005  1.00000E-005  1.00000E-005  1.00000E-005  1.00000E-005  1.00000E-005  1.00000E-005  1.00000E-005  
9.55000E+001  1.82648E-007  6.72169E+012  1.96813E+002  4.06996E+005  1.00000E-040  1.00000E-040  1.00000E-040  1.00000E-040  1.00000E-040  1.00000E-040  1.00000E-040  1.00000E-040  1.00000E-040  1.00000E-040  1.00000E-040  1.00000E-040  1.00000E-040  1.00000E-040  1.49424E-026  1.00000E-040  4.04349E-040  1.25808E-005  1.84440E-006  4.61176E-007  9.54921E-011  8.25030E-002  1.45730E-001  2.65673E-005  1.31852E-004  4.68538E-016  1.51456E-012  3.66990E-014  2.35833E-017  1.76269E-016  1.97470E-016  4.96056E-009  2.44968E-018  1.00000E-040  1.00000E-040  2.88254E-036  1.00000E-040  3.02127E-032  6.65521E-027  1.88705E-014  9.74606E-016  7.38931E-026  1.00000E-040  1.83414E-026  3.03381E-018  1.26622E-011  1.69644E-004  7.71423E-001  3.83511E-017  7.73155E-025  5.22622E-022  3.50378E-030  8.12771E-030  3.07489E-023  3.17401E-022  9.19155E-010  5.77577E-016  1.91973E-013  1.29196E-018  5.31528E-010  4.88710E-019  1.82012E-007  7.29311E-017  1.19761E-023  2.60241E-017  3.69283E-014  1.82455E-025  4.46016E-018  1.00000E-040  1.00000E-040  1.00000E-040  1.00000E-040  1.00000E-040  1.00000E-040  6.56580E-020  1.58617E-015  3.66817E-025  8.67637E-025  1.08597E-037  1.00000E-040  1.00000E-040  1.00000E-040  1.00000E-040  3.43800E-029  2.23319E-030  4.49984E-028  2.49043E-018  1.11274E-016  3.69025E-027  1.44509E-027  4.93103E-026  7.21391E-022  3.74989E-018  3.96426E-019  6.22759E-030  1.00000E-040  3.28514E-014  5.24280E-036  5.83830E-028  1.08776E-031  1.84742E-023  3.18858E-036  1.56984E-025  1.16861E-030  1.45648E-010  1.00000E-040  8.75058E-015  4.17394E-040  1.00000E-040  2.62261E-018  7.85293E-011  5.26193E-026  2.88816E-014  1.44059E-032  1.00000E-003  1.00000E-005  1.00000E-005  1.00000E-005  1.00000E-005  1.00000E-005  1.00000E-005  1.00000E-005  1.00000E-005  1.00000E-005  1.00000E-005  1.00000E-005  1.00000E-005  1.00000E-005  1.00000E-005  1.00000E-005  
9.65000E+001  1.55982E-007  5.66235E+012  1.99524E+002  4.06996E+005  1.00000E-040  1.00000E-040  1.00000E-040  1.00000E-040  1.00000E-040  1.00000E-040  1.00000E-040  1.00000E-040  1.00000E-040  1.00000E-040  1.00000E-040  1.00000E-040  1.00000E-040  1.00000E-040  1.50653E-026  1.00000E-040  4.51434E-040  1.26829E-005  1.84627E-006  3.97829E-007  6.69203E-011  9.06106E-002  1.40571E-001  2.75588E-005  1.22189E-004  4.81436E-016  1.39650E-012  5.53765E-014  2.62420E-017  1.78315E-016  2.01001E-016  4.45056E-009  2.81805E-018  1.00000E-040  1.00000E-040  1.00000E-040  1.00000E-040  1.29429E-032  4.25355E-027  1.75266E-014  6.98113E-016  8.94730E-026  1.00000E-040  1.52080E-026  5.18827E-018  1.72628E-011  2.00988E-004  7.68453E-001  8.06913E-017  9.51840E-025  5.18179E-022  5.35661E-030  8.59689E-030  2.57520E-023  2.80429E-022  1.08660E-009  1.20695E-015  1.42049E-013  1.42410E-018  4.63399E-010  2.42927E-019  1.36371E-007  7.20360E-017  9.76357E-024  1.75373E-017  3.19008E-014  8.48406E-026  2.50125E-018  1.00000E-040  1.00000E-040  1.00000E-040  1.00000E-040  1.00000E-040  1.00000E-040  5.31034E-020  1.34660E-015  3.24921E-025  8.11886E-025  6.76854E-038  1.00000E-040  1.00000E-040  1.00000E-040  1.00000E-040  3.97109E-029  2.42324E-030  4.54415E-028  3.68673E-018  1.24677E-016  3.22421E-027  1.91920E-027  3.04489E-026  6.87367E-022  5.08721E-018  6.26081E-019  8.13201E-030  1.00000E-040  3.07242E-014  2.27442E-036  5.89422E-028  1.06508E-031  1.71651E-023  1.31764E-036  1.13009E-025  4.31903E-031  2.41853E-010  1.00000E-040  8.17467E-015  1.28443E-040  1.00000E-040  2.11760E-018  2.08923E-010  5.20000E-026  2.42518E-014  1.57289E-032  1.00000E-003  1.00000E-005  1.00000E-005  1.00000E-005  1.00000E-005  1.00000E-005  1.00000E-005  1.00000E-005  1.00000E-005  1.00000E-005  1.00000E-005  1.00000E-005  1.00000E-005  1.00000E-005  1.00000E-005  1.00000E-005  
9.75000E+001  1.33560E-007  4.78356E+012  2.02229E+002  4.06996E+005  1.00000E-040  1.00000E-040  1.00000E-040  1.00000E-040  1.00000E-040  1.00000E-040  1.00000E-040  1.00000E-040  1.00000E-040  1.00000E-040  1.00000E-040  1.00000E-040  1.00000E-040  1.00000E-040  1.51485E-026  1.00000E-040  5.04731E-040  1.27649E-005  1.84643E-006  3.52064E-007  4.72659E-011  9.86568E-002  1.35693E-001  2.83008E-005  1.13063E-004  5.15281E-016  1.35164E-012  8.54004E-014  3.01213E-017  1.87519E-016  2.13874E-016  4.13290E-009  3.21068E-018  4.14100E-036  1.32427E-035  2.08889E-035  1.00000E-040  5.56432E-033  2.76142E-027  1.61862E-014  4.97367E-016  1.11225E-025  1.00000E-040  1.24853E-026  8.78566E-018  2.34777E-011  2.35556E-004  7.65258E-001  2.65793E-016  1.15947E-024  5.32669E-022  8.70875E-030  9.50707E-030  2.25343E-023  2.66909E-022  1.30012E-009  3.77739E-015  1.06219E-013  1.59491E-018  4.08501E-010  1.26339E-019  1.01587E-007  7.22146E-017  8.10419E-024  1.20486E-017  2.77738E-014  4.13106E-026  1.43614E-018  1.00000E-040  1.00000E-040  1.00000E-040  1.00000E-040  1.00000E-040  1.00000E-040  4.45061E-020  1.17595E-015  2.97768E-025  7.84432E-025  4.41777E-038  1.00000E-040  1.00000E-040  1.00000E-040  1.00000E-040  4.73415E-029  2.84747E-030  4.72607E-028  5.45743E-018  1.43951E-016  2.91895E-027  2.51648E-027  1.91173E-026  6.80218E-022  7.38653E-018  1.51861E-018  1.02895E-029  1.00000E-040  2.86511E-014  1.04542E-036  6.13076E-028  1.04478E-031  1.59298E-023  3.51020E-037  8.61499E-026  1.61865E-031  4.11706E-010  1.00000E-040  7.61582E-015  2.27303E-040  1.00000E-040  1.76525E-018  8.04463E-010  5.24729E-026  2.07977E-014  1.69372E-032  1.00000E-003  1.00000E-005  1.00000E-005  1.00000E-005  1.00000E-005  1.00000E-005  1.00000E-005  1.00000E-005  1.00000E-005  1.00000E-005  1.00000E-005  1.00000E-005  1.00000E-005  1.00000E-005  1.00000E-005  1.00000E-005  
9.85000E+001  1.14657E-007  4.04483E+012  2.05313E+002  4.06996E+005  1.00000E-040  1.00000E-040  1.00000E-040  1.00000E-040  1.00000E-040  1.00000E-040  1.00000E-040  1.00000E-040  1.00000E-040  1.00000E-040  1.00000E-040  1.00000E-040  1.00000E-040  1.00000E-040  1.51065E-026  1.00000E-040  5.64881E-040  1.28262E-005  1.84526E-006  3.21854E-007  3.37638E-011  1.06434E-001  1.31242E-001  2.87767E-005  1.04561E-004  5.83334E-016  1.38115E-012  1.55463E-013  3.61515E-017  2.06966E-016  2.42046E-016  3.99085E-009  3.63026E-018  2.91716E-037  8.38380E-037  1.81317E-036  1.00000E-040  2.40505E-033  1.82219E-027  1.48748E-014  3.57644E-016  1.63011E-025  1.00000E-040  1.02134E-026  1.46582E-017  3.15270E-011  2.73124E-004  7.61902E-001  1.42375E-015  1.45132E-024  5.65395E-022  1.76370E-029  1.11635E-029  2.07159E-023  2.77763E-022  1.63393E-009  1.89166E-014  8.01628E-014  1.80831E-018  3.65168E-010  7.16389E-020  7.46705E-008  7.60221E-017  7.05268E-024  8.54503E-018  2.44580E-014  2.18419E-026  8.60880E-019  1.00000E-040  1.00000E-040  1.00000E-040  1.00000E-040  1.00000E-040  1.00000E-040  3.90641E-020  1.06221E-015  2.86309E-025  8.06738E-025  3.06830E-038  1.00000E-040  1.00000E-040  1.00000E-040  1.00000E-040  5.89816E-029  3.70567E-030  5.27078E-028  8.03683E-018  1.72978E-016  2.76930E-027  3.38545E-027  1.21562E-026  7.09418E-022  1.18271E-017  6.81954E-018  1.24290E-029  1.00000E-040  2.66527E-014  5.03818E-037  6.84191E-028  1.04682E-031  1.47711E-023  2.95658E-037  7.03115E-026  6.21632E-032  7.36442E-010  1.00000E-040  7.07951E-015  1.00000E-040  1.00000E-040  1.52826E-018  4.75376E-009  5.62147E-026  1.83095E-014  1.76673E-032  1.00000E-003  1.00000E-005  1.00000E-005  1.00000E-005  1.00000E-005  1.00000E-005  1.00000E-005  1.00000E-005  1.00000E-005  1.00000E-005  1.00000E-005  1.00000E-005  1.00000E-005  1.00000E-005  1.00000E-005  1.00000E-005  
9.95000E+001  9.87594E-008  3.38845E+012  2.11103E+002  4.06996E+005  1.00000E-040  1.00000E-040  1.00000E-040  1.00000E-040  1.00000E-040  1.00000E-040  1.00000E-040  1.00000E-040  1.00000E-040  1.00000E-040  1.00000E-040  1.00000E-040  1.00000E-040  1.00000E-040  1.43218E-026  1.00000E-040  6.32270E-040  1.28603E-005  1.84290E-006  3.07009E-007  2.57349E-011  1.13575E-001  1.27451E-001  2.89755E-005  9.67792E-005  7.33652E-016  1.47177E-012  4.15899E-013  4.71314E-017  2.44548E-016  3.11731E-016  4.01730E-009  4.11381E-018  1.31496E-037  3.55026E-037  6.23965E-037  1.00000E-040  1.05112E-033  1.21336E-027  1.36147E-014  2.68597E-016  3.37909E-025  1.00000E-040  8.33942E-027  2.40834E-017  4.08806E-011  3.11932E-004  7.58521E-001  1.79548E-014  2.30819E-024  6.16876E-022  5.76446E-029  1.37387E-029  1.92956E-023  3.22117E-022  2.79650E-009  2.28763E-013  6.02026E-014  2.05812E-018  3.32097E-010  4.92035E-020  5.22080E-008  1.07141E-016  7.98680E-024  6.35897E-018  2.18803E-014  1.38194E-026  5.57944E-019  1.00000E-040  1.00000E-040  1.00000E-040  1.00000E-040  1.00000E-040  1.00000E-040  3.62503E-020  9.97199E-016  3.02968E-025  9.92990E-025  2.22872E-038  1.00000E-040  1.00000E-040  1.00000E-040  1.00000E-040  7.61626E-029  5.55690E-030  7.53176E-028  1.16862E-017  2.21592E-016  2.79862E-027  5.76287E-027  7.57314E-027  8.01527E-022  2.16413E-017  8.27717E-017  1.40857E-029  1.00000E-040  2.47535E-014  2.32070E-037  9.75457E-028  1.19129E-031  1.36953E-023  1.65394E-037  6.29840E-026  2.55254E-032  1.42840E-009  1.00000E-040  6.57218E-015  1.00000E-040  1.00000E-040  1.37779E-018  6.43194E-008  7.75982E-026  1.66293E-014  1.74000E-032  1.00000E-003  1.00000E-005  1.00000E-005  1.00000E-005  1.00000E-005  1.00000E-005  1.00000E-005  1.00000E-005  1.00000E-005  1.00000E-005  1.00000E-005  1.00000E-005  1.00000E-005  1.00000E-005  1.00000E-005  1.00000E-005  
