alt           press         den           temp          eddy          H2Oaer        CO2aer        S8aer         H2SO4aer      NH3aer        N2Oaer        C2H2aer       C2H4aer       C2H6aer       CH3CNaer      HCCCNaer      HCNaer        CH4aer        HCaer1        HCaer2        HCaer3        He            H             H2            H2O           OH            O             O2            CO            CO2           HCO           H2CO          C             CH            CH2           CH3           CH4           S             S2            S3            S4            S8            H2S           HS            SO            SO2           CS            CS2           OCS           CN            HCN           N             N2            NH            NH2           NH3           C2            C2H           C2H2          C2H4          NO            HNO           HO2           HNCO          N2O           H2O2          O3            NO2           NO3           SO3           HNO2          HNO3          H2SO4         HCl           Cl            Cl2           HOCl          N2H4          ClO           C2H6          CH3OH         CH2CO         CH3CHO        C3H4          C3H6          C4H2          C4H4          OClO          HCS           C2H3          C2H5          NCO           1CH2          HCCO          NNH           HSO           CH3O          H2COH         H2CN          N2H2          C4H           HCNOH         C2H2OH        CH3CO         CH2CHO        C2H3OH        C2H4OH        CH3O2         HSO3          O1D           N2H3          NH2CO         HS4           C4H3          CH2N2         N2D           CH2CN         CH3CN         HCCCN         H2Oaer_r      CO2aer_r      S8aer_r       H2SO4aer_r    NH3aer_r      N2Oaer_r      C2H2aer_r     C2H4aer_r     C2H6aer_r     CH3CNaer_r    HCCCNaer_r    HCNaer_r      CH4aer_r      HCaer1_r      HCaer2_r      HCaer3_r      
5.00000E-001  1.00899E+000  2.55877E+019  2.85610E+002  1.00000E+005  6.36722E-004  1.00000E-040  1.00000E-040  5.00507E-032  1.00000E-040  1.00000E-040  1.00000E-040  1.00000E-040  1.00000E-040  1.00000E-040  1.00000E-040  1.00000E-040  1.00000E-040  1.00000E-040  1.35727E-022  1.00000E-040  1.00000E-040  1.20032E-020  4.95544E-007  5.75721E-003  4.67196E-014  3.64128E-016  2.11102E-002  3.69832E-008  2.81469E-004  1.39448E-021  1.88887E-010  1.00000E-040  1.00000E-040  2.37076E-031  3.57465E-019  8.00800E-007  1.94193E-027  8.37735E-025  1.00000E-040  1.00000E-040  1.00000E-040  7.80842E-012  2.10220E-017  9.20945E-018  3.43187E-011  1.00000E-040  1.00000E-040  3.33997E-010  9.84015E-034  4.96974E-011  1.53664E-029  9.72850E-001  1.00290E-022  3.14314E-014  5.48948E-010  1.00000E-040  1.00000E-040  6.93427E-028  2.00263E-023  2.31818E-012  2.58543E-015  1.19094E-011  1.03200E-014  2.70567E-007  1.15842E-009  2.24681E-008  1.41112E-011  9.31543E-014  3.27113E-019  3.06887E-012  1.75028E-011  2.77571E-011  1.35478E-031  1.02394E-036  1.85582E-034  1.01432E-031  2.22975E-013  1.39165E-024  8.35383E-022  9.24381E-017  2.11112E-024  5.81176E-024  1.96172E-033  3.18645E-036  1.00000E-040  1.00000E-040  1.60879E-030  1.00000E-040  9.86523E-038  2.47910E-024  1.14418E-016  5.76263E-034  9.71607E-037  5.93672E-023  1.87695E-016  9.03833E-018  3.18335E-015  5.90228E-024  6.68123E-011  1.00000E-040  4.55455E-019  1.00000E-040  1.19774E-024  9.41129E-028  8.47962E-019  4.59814E-024  1.77611E-011  2.24521E-022  1.74299E-022  1.28712E-013  1.99251E-014  1.00000E-040  1.00000E-040  2.57069E-022  1.00000E-040  1.94981E-021  3.62333E-011  1.00000E-040  1.00000E-003  1.00000E-005  1.00000E-005  1.00000E-005  1.00000E-005  1.00000E-005  1.00000E-005  1.00000E-005  1.00000E-005  1.00000E-005  1.00000E-005  1.00000E-005  1.00000E-005  1.00000E-005  1.00000E-005  1.00000E-005  
1.50000E+000  8.95997E-001  2.32478E+019  2.79152E+002  1.00000E+005  8.32844E-004  1.00000E-040  1.00000E-040  5.86522E-029  1.00000E-040  1.00000E-040  1.00000E-040  1.00000E-040  1.00000E-040  1.00000E-040  1.00000E-040  1.00000E-040  1.00000E-040  1.00000E-040  7.66791E-023  1.00000E-040  1.00000E-040  1.05327E-020  4.96305E-007  4.36196E-003  4.16088E-014  4.42697E-016  2.11398E-002  3.59354E-008  2.81867E-004  9.82984E-022  1.29528E-010  1.00000E-040  1.00000E-040  1.56651E-031  2.77721E-019  8.00257E-007  1.88897E-027  8.44205E-025  2.74170E-040  2.74602E-039  1.00000E-040  4.23945E-012  1.00878E-017  6.02502E-018  7.10735E-011  1.00000E-040  1.00000E-040  3.33954E-010  5.17022E-034  4.96307E-011  2.20562E-029  9.74215E-001  1.25622E-022  8.39640E-014  5.20150E-010  1.00000E-040  1.00000E-040  6.65844E-028  1.97826E-023  1.14743E-013  4.59312E-015  1.19940E-011  8.10930E-015  2.70853E-007  1.27723E-009  2.34823E-008  2.53064E-012  5.05243E-014  2.13235E-019  1.59256E-012  2.29497E-011  3.05896E-011  7.63572E-032  1.02575E-036  1.82156E-036  7.83953E-032  6.17437E-013  1.39361E-024  8.38753E-022  8.65336E-017  2.31416E-024  5.24001E-024  1.96450E-033  2.90705E-036  1.00000E-040  1.00000E-040  1.61816E-030  1.00000E-040  8.15613E-038  1.40755E-024  5.60617E-016  3.55148E-034  1.18052E-036  6.72365E-023  1.33247E-016  7.21761E-018  4.13486E-015  3.76973E-024  6.80801E-011  1.00000E-040  6.57524E-019  1.00000E-040  1.24615E-024  8.21699E-028  8.49152E-019  4.55830E-024  2.49785E-010  4.29988E-022  2.28977E-022  2.85813E-013  2.00774E-014  1.00000E-040  1.00000E-040  1.46958E-022  1.00000E-040  1.77569E-021  3.60063E-011  1.00000E-040  1.00000E-003  1.00000E-005  1.00000E-005  1.00000E-005  1.00000E-005  1.00000E-005  1.00000E-005  1.00000E-005  1.00000E-005  1.00000E-005  1.00000E-005  1.00000E-005  1.00000E-005  1.00000E-005  1.00000E-005  1.00000E-005  
2.50000E+000  7.94214E-001  2.09452E+019  2.74644E+002  1.00000E+005  5.26410E-004  1.00000E-040  1.00000E-040  6.16973E-026  1.00000E-040  1.00000E-040  1.00000E-040  1.00000E-040  1.00000E-040  1.00000E-040  1.00000E-040  1.00000E-040  1.00000E-040  1.00000E-040  1.58169E-022  1.00000E-040  1.00000E-040  1.16969E-020  4.96707E-007  3.50099E-003  5.02165E-014  5.61979E-016  2.11581E-002  3.46532E-008  2.82113E-004  5.12009E-022  5.60061E-011  1.00000E-040  1.00000E-040  2.04861E-031  3.14665E-019  7.99531E-007  3.37948E-027  8.58039E-025  2.46487E-040  2.49259E-039  1.00000E-040  2.26501E-012  6.38590E-018  4.89081E-018  5.36466E-011  1.00000E-040  1.00000E-040  3.33730E-010  4.24337E-034  4.95582E-011  4.26918E-029  9.75057E-001  1.68110E-022  1.11418E-013  4.94520E-010  1.00000E-040  1.00000E-040  6.23125E-028  1.87080E-023  1.32219E-014  6.59109E-015  1.04912E-011  7.64606E-015  2.70980E-007  1.25365E-009  2.47035E-008  5.82277E-013  2.02213E-014  1.64290E-019  7.83555E-013  2.22103E-011  3.28355E-011  4.97871E-032  1.09034E-036  2.40086E-038  7.46745E-032  8.73787E-013  1.39481E-024  8.47720E-022  7.83169E-017  2.84669E-024  4.91464E-024  1.96625E-033  2.54138E-036  1.00000E-040  1.00000E-040  1.66196E-030  1.00000E-040  8.91133E-038  1.20360E-024  2.58301E-015  4.41541E-034  1.43404E-036  9.74635E-023  1.14803E-016  2.98691E-018  4.66867E-015  2.88155E-024  6.95530E-011  1.00000E-040  1.08966E-018  1.00000E-040  1.65934E-024  6.90624E-028  8.49886E-019  4.39648E-024  6.45016E-010  4.00939E-022  2.97166E-022  4.07791E-013  2.01997E-014  1.00000E-040  1.00000E-040  1.39917E-022  1.00000E-040  1.54019E-021  3.57989E-011  1.00000E-040  1.00000E-003  1.00000E-005  1.00000E-005  1.00000E-005  1.00000E-005  1.00000E-005  1.00000E-005  1.00000E-005  1.00000E-005  1.00000E-005  1.00000E-005  1.00000E-005  1.00000E-005  1.00000E-005  1.00000E-005  1.00000E-005  
3.50000E+000  7.02496E-001  1.88810E+019  2.69485E+002  1.00000E+005  5.37904E-004  1.00000E-040  1.00000E-040  1.90562E-023  1.00000E-040  1.00000E-040  1.00000E-040  1.00000E-040  1.00000E-040  1.00000E-040  1.00000E-040  1.00000E-040  1.00000E-040  1.00000E-040  7.04720E-023  1.00000E-040  1.00000E-040  1.28408E-020  4.97157E-007  2.63350E-003  5.61275E-014  7.24267E-016  2.11765E-002  3.34463E-008  2.82360E-004  3.73544E-022  3.55078E-011  1.00000E-040  1.00000E-040  2.22886E-031  3.20692E-019  7.99066E-007  7.55073E-027  8.80963E-025  2.21699E-040  2.25491E-039  1.00000E-040  1.21595E-012  3.72198E-018  3.89104E-018  4.04206E-011  1.00000E-040  1.00000E-040  3.33506E-010  3.00477E-034  4.95035E-011  6.84990E-029  9.75906E-001  1.92299E-022  1.16003E-013  4.72271E-010  1.00000E-040  1.00000E-040  5.71157E-028  1.74908E-023  5.50906E-015  8.65886E-015  1.00972E-011  6.62829E-015  2.71097E-007  1.16398E-009  2.66042E-008  2.81723E-013  1.38239E-014  1.06209E-019  3.88596E-013  2.01744E-011  3.07111E-011  3.94555E-032  1.13367E-036  3.01012E-040  7.13785E-032  8.80742E-013  1.39603E-024  8.62271E-022  7.10011E-017  3.56710E-024  4.54199E-024  1.96804E-033  2.13542E-036  1.00000E-040  1.00000E-040  1.75907E-030  1.00000E-040  8.85659E-038  1.18284E-024  5.24633E-015  4.52437E-034  1.76105E-036  1.34150E-022  9.79794E-017  2.75610E-018  5.45127E-015  2.29334E-024  7.06238E-011  1.00000E-040  1.80381E-018  1.00000E-040  2.10422E-024  5.84535E-028  8.50626E-019  4.19646E-024  8.68957E-010  3.47684E-022  3.86666E-022  4.32113E-013  2.02837E-014  1.00000E-040  1.00000E-040  1.18813E-022  1.00000E-040  1.27392E-021  3.56254E-011  1.00000E-040  1.00000E-003  1.00000E-005  1.00000E-005  1.00000E-005  1.00000E-005  1.00000E-005  1.00000E-005  1.00000E-005  1.00000E-005  1.00000E-005  1.00000E-005  1.00000E-005  1.00000E-005  1.00000E-005  1.00000E-005  1.00000E-005  
4.50000E+000  6.19870E-001  1.70223E+019  2.63754E+002  1.00000E+005  5.07040E-004  1.00000E-040  1.00000E-040  8.18621E-021  1.00000E-040  1.00000E-040  1.00000E-040  1.00000E-040  1.00000E-040  1.00000E-040  1.00000E-040  1.00000E-040  1.00000E-040  1.00000E-040  3.65819E-023  1.00000E-040  1.00000E-040  1.37121E-020  4.97643E-007  1.83632E-003  5.93864E-014  9.47194E-016  2.11934E-002  3.23966E-008  2.82588E-004  3.81971E-022  3.25266E-011  1.00000E-040  1.00000E-040  2.09916E-031  3.00848E-019  7.98781E-007  1.73649E-026  9.13036E-025  2.07361E-040  2.08591E-039  1.00000E-040  6.66498E-013  2.08810E-018  3.17314E-018  3.06695E-011  1.00000E-040  1.00000E-040  3.33252E-010  1.87891E-034  4.94628E-011  9.85168E-029  9.76686E-001  1.99451E-022  1.13773E-013  4.53169E-010  1.00000E-040  1.00000E-040  5.15905E-028  1.62699E-023  4.92426E-015  1.11238E-014  9.89274E-012  5.18038E-015  2.71182E-007  1.06994E-009  2.92992E-008  2.32524E-013  1.22698E-014  6.37391E-020  2.03357E-013  1.84061E-011  2.65813E-011  3.34239E-032  1.15021E-036  1.00000E-040  6.75138E-032  7.96681E-013  1.39714E-024  8.83024E-022  6.46236E-017  4.46592E-024  4.09290E-024  1.96973E-033  1.73361E-036  1.00000E-040  1.00000E-040  1.91204E-030  1.00000E-040  8.24208E-038  1.16940E-024  6.36915E-015  3.97561E-034  2.06011E-036  1.78860E-022  8.64121E-017  3.47414E-018  6.68381E-015  1.77855E-024  7.10951E-011  1.00000E-040  3.04539E-018  1.00000E-040  2.60602E-024  4.94431E-028  8.51306E-019  3.94881E-024  9.06030E-010  2.89136E-022  5.06252E-022  4.07255E-013  2.03367E-014  1.00000E-040  1.00000E-040  8.75162E-023  1.00000E-040  1.00438E-021  3.54830E-011  1.00000E-040  1.00000E-003  1.00000E-005  1.00000E-005  1.00000E-005  1.00000E-005  1.00000E-005  1.00000E-005  1.00000E-005  1.00000E-005  1.00000E-005  1.00000E-005  1.00000E-005  1.00000E-005  1.00000E-005  1.00000E-005  1.00000E-005  
5.50000E+000  5.45517E-001  1.53353E+019  2.57652E+002  1.00000E+005  4.14159E-004  1.00000E-040  1.00000E-040  4.03930E-018  1.00000E-040  1.00000E-040  1.00000E-040  1.00000E-040  1.00000E-040  1.00000E-040  1.00000E-040  1.00000E-040  1.00000E-040  1.00000E-040  2.63758E-023  1.00000E-040  1.00000E-040  1.44096E-020  4.98096E-007  1.20621E-003  6.11585E-014  1.25429E-015  2.12068E-002  3.14952E-008  2.82768E-004  4.25017E-022  3.28509E-011  1.00000E-040  1.00000E-040  1.82186E-031  2.68850E-019  7.98557E-007  3.78063E-026  9.52649E-025  2.01910E-040  1.95856E-039  1.00000E-040  3.76098E-013  1.17939E-018  2.76162E-018  2.35659E-011  1.00000E-040  1.00000E-040  3.32928E-010  1.07947E-034  4.94300E-011  1.39783E-028  9.77303E-001  2.01925E-022  1.09285E-013  4.36704E-010  1.00000E-040  1.00000E-040  4.61992E-028  1.50599E-023  6.23521E-015  1.41851E-014  9.66150E-012  3.92443E-015  2.71206E-007  9.88459E-010  3.28170E-008  2.36110E-013  1.18815E-014  3.94105E-020  1.21678E-013  1.73701E-011  2.20543E-011  2.84856E-032  1.14824E-036  1.00000E-040  6.39242E-032  6.94759E-013  1.39802E-024  9.11483E-022  5.89497E-017  5.62722E-024  3.61302E-024  1.97112E-033  1.36647E-036  1.00000E-040  1.00000E-040  2.12008E-030  1.00000E-040  7.40012E-038  1.14688E-024  6.05599E-015  3.19399E-034  2.69148E-036  2.36742E-022  8.12806E-017  4.47986E-018  8.43955E-015  1.33145E-024  7.10387E-011  1.00000E-040  5.31716E-018  1.00000E-040  3.22938E-024  4.13193E-028  8.51843E-019  3.65775E-024  8.07701E-010  2.38148E-022  6.65718E-022  3.67416E-013  2.03681E-014  1.00000E-040  1.00000E-040  5.87119E-023  1.00000E-040  7.54892E-022  3.53652E-011  1.00000E-040  1.00000E-003  1.00000E-005  1.00000E-005  1.00000E-005  1.00000E-005  1.00000E-005  1.00000E-005  1.00000E-005  1.00000E-005  1.00000E-005  1.00000E-005  1.00000E-005  1.00000E-005  1.00000E-005  1.00000E-005  1.00000E-005  
6.50000E+000  4.78627E-001  1.38157E+019  2.50923E+002  1.00000E+005  3.18811E-004  1.00000E-040  1.00000E-040  1.56857E-015  1.00000E-040  1.00000E-040  1.00000E-040  1.00000E-040  1.00000E-040  1.00000E-040  1.00000E-040  1.00000E-040  1.00000E-040  1.00000E-040  1.76789E-023  1.00000E-040  1.00000E-040  1.48104E-020  4.98494E-007  7.33075E-004  6.14626E-014  1.66508E-015  2.12168E-002  3.07152E-008  2.82903E-004  4.64725E-022  3.29262E-011  1.00000E-040  1.00000E-040  1.44046E-031  2.26315E-019  7.98362E-007  7.69491E-026  9.96362E-025  2.05558E-040  1.85531E-039  1.00000E-040  2.19840E-013  6.80886E-019  2.67643E-018  1.84198E-011  1.00000E-040  1.00000E-040  3.32531E-010  5.52840E-035  4.94031E-011  2.04753E-028  9.77766E-001  2.04397E-022  1.03270E-013  4.22359E-010  1.00000E-040  1.00000E-040  4.12473E-028  1.38592E-023  9.73953E-015  1.79207E-014  9.30519E-012  2.94147E-015  2.71171E-007  9.12457E-010  3.71595E-008  2.63919E-013  1.20142E-014  2.75366E-020  9.62332E-014  1.69849E-011  1.70452E-011  2.39082E-032  1.13304E-036  1.00000E-040  6.05667E-032  5.97002E-013  1.39868E-024  9.49395E-022  5.38534E-017  7.18886E-024  3.13651E-024  1.97225E-033  1.04996E-036  1.00000E-040  1.00000E-040  2.38100E-030  1.00000E-040  6.40449E-038  1.10975E-024  4.95133E-015  2.30910E-034  3.25085E-036  3.17268E-022  8.41835E-017  5.66012E-018  1.08314E-014  9.48271E-025  7.06049E-011  1.00000E-040  9.97355E-018  1.00000E-040  4.06371E-024  3.36834E-028  8.52246E-019  3.33884E-024  6.32118E-010  1.96245E-022  8.74940E-022  3.26405E-013  2.03864E-014  1.00000E-040  1.00000E-040  3.56138E-023  1.00000E-040  5.41056E-022  3.52678E-011  1.00000E-040  1.00000E-003  1.00000E-005  1.00000E-005  1.00000E-005  1.00000E-005  1.00000E-005  1.00000E-005  1.00000E-005  1.00000E-005  1.00000E-005  1.00000E-005  1.00000E-005  1.00000E-005  1.00000E-005  1.00000E-005  1.00000E-005  
7.50000E+000  4.18486E-001  1.24312E+019  2.43829E+002  1.00000E+005  2.18403E-004  1.00000E-040  1.00000E-040  4.82386E-013  1.00000E-040  1.00000E-040  1.00000E-040  1.00000E-040  1.00000E-040  1.00000E-040  1.00000E-040  1.00000E-040  1.00000E-040  1.00000E-040  1.31021E-023  1.00000E-040  1.00000E-040  1.51396E-020  4.98809E-007  4.15384E-004  6.11621E-014  2.21409E-015  2.12235E-002  3.00257E-008  2.82994E-004  4.94258E-022  3.21410E-011  1.00000E-040  1.00000E-040  1.07924E-031  1.83734E-019  7.98153E-007  1.47636E-025  1.03904E-024  2.18250E-040  1.74913E-039  1.00000E-040  1.33595E-013  4.09733E-019  2.99306E-018  1.46990E-011  1.00000E-040  1.00000E-040  3.32052E-010  2.60269E-035  4.93795E-011  3.20609E-028  9.78076E-001  2.12276E-022  9.73321E-014  4.09620E-010  1.00000E-040  1.00000E-040  3.69202E-028  1.27010E-023  1.80155E-014  2.23812E-014  8.87563E-012  2.19517E-015  2.71075E-007  8.40139E-010  4.23054E-008  3.11454E-013  1.25022E-014  2.57940E-020  1.10118E-013  1.72020E-011  1.13608E-011  1.96739E-032  1.11491E-036  1.00000E-040  5.75748E-032  5.13461E-013  1.39913E-024  9.98412E-022  4.93456E-017  9.30513E-024  2.70265E-024  1.97310E-033  7.89899E-037  1.00000E-040  1.00000E-040  2.69174E-030  1.00000E-040  5.44362E-038  1.06180E-024  3.68335E-015  1.56585E-034  4.28050E-036  4.34974E-022  9.63685E-017  7.01602E-018  1.38896E-014  6.47876E-025  6.99335E-011  1.00000E-040  2.00163E-017  1.00000E-040  5.23386E-024  2.67885E-028  8.52517E-019  3.01071E-024  4.32996E-010  1.64479E-022  1.14679E-021  2.90158E-013  2.03966E-014  1.00000E-040  1.00000E-040  2.01524E-023  1.00000E-040  3.70893E-022  3.51856E-011  1.00000E-040  1.00000E-003  1.00000E-005  1.00000E-005  1.00000E-005  1.00000E-005  1.00000E-005  1.00000E-005  1.00000E-005  1.00000E-005  1.00000E-005  1.00000E-005  1.00000E-005  1.00000E-005  1.00000E-005  1.00000E-005  1.00000E-005  
8.50000E+000  3.64488E-001  1.11620E+019  2.36514E+002  1.00000E+005  1.34745E-004  1.00000E-040  1.00000E-040  9.99676E-011  1.00000E-040  1.00000E-040  1.00000E-040  1.00000E-040  1.00000E-040  1.00000E-040  1.00000E-040  1.00000E-040  1.00000E-040  1.00000E-040  1.06611E-023  1.00000E-040  1.00000E-040  1.56053E-020  4.99035E-007  2.21453E-004  6.11326E-014  2.94513E-015  2.12277E-002  2.93999E-008  2.83050E-004  5.11843E-022  3.04041E-011  1.00000E-040  1.00000E-040  7.92485E-032  1.46585E-019  7.97918E-007  2.69660E-025  1.07446E-024  2.40568E-040  1.61757E-039  1.00000E-040  8.48354E-014  2.60885E-019  4.02544E-018  1.20225E-011  1.00000E-040  1.00000E-040  3.31493E-010  1.15025E-035  4.93582E-011  5.60975E-028  9.78266E-001  2.33513E-022  9.29215E-014  3.98073E-010  1.00000E-040  1.00000E-040  3.33007E-028  1.16380E-023  3.86193E-014  2.75759E-014  8.40894E-012  1.63849E-015  2.70926E-007  7.69136E-010  4.82267E-008  3.74883E-013  1.30827E-014  3.28485E-020  1.63138E-013  1.79275E-011  4.49117E-012  1.58774E-032  1.10642E-036  1.00000E-040  5.52280E-032  4.48917E-013  1.39940E-024  1.05994E-021  4.54734E-017  1.20706E-023  2.34039E-024  1.97377E-033  5.85695E-037  1.00000E-040  1.00000E-040  3.04869E-030  1.00000E-040  4.63445E-038  1.00560E-024  2.60847E-015  1.03097E-034  5.62382E-036  6.18379E-022  1.22871E-016  8.56400E-018  1.75224E-014  4.28476E-025  6.91266E-011  1.00000E-040  4.32738E-017  1.00000E-040  6.95739E-024  2.08630E-028  8.52682E-019  2.69489E-024  2.53146E-010  1.42662E-022  1.49655E-021  2.61671E-013  2.04021E-014  1.00000E-040  1.00000E-040  1.09769E-023  1.00000E-040  2.45041E-022  3.51149E-011  1.00000E-040  1.00000E-003  1.00000E-005  1.00000E-005  1.00000E-005  1.00000E-005  1.00000E-005  1.00000E-005  1.00000E-005  1.00000E-005  1.00000E-005  1.00000E-005  1.00000E-005  1.00000E-005  1.00000E-005  1.00000E-005  1.00000E-005  
9.50000E+000  3.16133E-001  9.98536E+018  2.29310E+002  9.61769E+004  7.28630E-005  1.00000E-040  1.00000E-040  2.20656E-010  1.00000E-040  1.00000E-040  1.00000E-040  1.00000E-040  1.00000E-040  1.00000E-040  1.00000E-040  1.00000E-040  1.00000E-040  1.00000E-040  5.22530E-023  1.00000E-040  1.00000E-040  1.64259E-020  4.99178E-007  1.14910E-004  6.23180E-014  3.94264E-015  2.12299E-002  2.88078E-008  2.83081E-004  5.04371E-022  2.70969E-011  1.00000E-040  1.00000E-040  5.98941E-032  1.18489E-019  7.97653E-007  4.72524E-025  1.09644E-024  1.00000E-040  1.00000E-040  1.00000E-040  5.66235E-014  1.77669E-019  6.50457E-018  1.00990E-011  1.00000E-040  1.00000E-040  3.30843E-010  5.00235E-036  4.93383E-011  1.13373E-027  9.78370E-001  2.81179E-022  9.12524E-014  3.87233E-010  1.00000E-040  1.00000E-040  3.03529E-028  1.07343E-023  9.28191E-014  3.35470E-014  7.90275E-012  1.23646E-015  2.70726E-007  6.97065E-010  5.50321E-008  4.41846E-013  1.32964E-014  5.03742E-020  2.65788E-013  1.91289E-011  1.74979E-012  1.26697E-032  1.11763E-036  1.00000E-040  5.38800E-032  4.03457E-013  1.39955E-024  1.13676E-021  4.22223E-017  1.53286E-023  2.06514E-024  1.97432E-033  4.30971E-037  1.00000E-040  1.00000E-040  3.45749E-030  1.00000E-040  4.05328E-038  9.49071E-025  1.83467E-015  6.95067E-035  7.28695E-036  9.13510E-022  1.72899E-016  9.97784E-018  2.15610E-014  2.78876E-025  6.82245E-011  1.00000E-040  9.86132E-017  1.09650E-040  9.42237E-024  1.60573E-028  8.52772E-019  2.40885E-024  1.20791E-010  1.29861E-022  1.95045E-021  2.41002E-013  2.04049E-014  1.00000E-040  1.00000E-040  6.03393E-024  1.00000E-040  1.57789E-022  3.50512E-011  1.00000E-040  1.00000E-003  1.00000E-005  1.00000E-005  1.00000E-005  1.00000E-005  1.00000E-005  1.00000E-005  1.00000E-005  1.00000E-005  1.00000E-005  1.00000E-005  1.00000E-005  1.00000E-005  1.00000E-005  1.00000E-005  1.00000E-005  
1.05000E+001  2.73020E-001  8.88218E+018  2.22634E+002  6.85565E+004  3.00227E-005  1.00000E-040  1.00000E-040  4.98309E-009  1.00000E-040  1.00000E-040  1.00000E-040  1.00000E-040  1.00000E-040  1.00000E-040  1.00000E-040  1.00000E-040  1.00000E-040  1.00000E-040  2.01190E-021  1.00000E-040  1.00000E-040  1.74631E-020  4.99252E-007  6.14722E-005  6.48709E-014  5.46841E-015  2.12310E-002  2.81417E-008  2.83098E-004  4.21532E-022  2.02692E-011  1.00000E-040  1.00000E-040  4.80309E-032  9.94135E-020  7.97300E-007  7.93028E-025  1.09822E-024  1.00000E-040  1.00000E-040  1.00000E-040  3.83826E-014  1.23914E-019  1.15823E-017  8.55296E-012  1.00000E-040  1.00000E-040  3.29964E-010  2.25659E-036  4.93160E-011  2.61422E-027  9.78423E-001  3.70871E-022  9.14350E-014  3.75149E-010  1.00000E-040  1.00000E-040  2.76818E-028  9.98583E-024  2.38115E-013  4.10704E-014  7.18795E-012  9.34746E-016  2.70432E-007  6.11670E-010  6.41804E-008  4.94178E-013  1.26023E-014  7.73768E-020  4.57384E-013  2.11171E-011  9.38393E-013  1.00623E-032  1.13947E-036  1.00000E-040  5.41301E-032  3.67167E-013  1.39962E-024  1.24852E-021  3.91906E-017  1.86665E-023  1.86086E-024  1.97491E-033  3.04187E-037  1.00000E-040  1.00000E-040  4.00934E-030  1.00000E-040  3.66933E-038  9.08719E-025  1.27642E-015  4.98103E-035  9.96557E-036  1.36835E-021  2.53833E-016  9.44242E-018  2.64853E-014  1.77147E-025  6.70664E-011  1.00000E-040  2.21196E-016  1.22873E-040  1.20990E-023  1.20702E-028  8.52817E-019  2.13145E-024  4.14031E-011  1.21332E-022  2.60202E-021  2.22454E-013  2.04063E-014  1.00000E-040  1.00000E-040  3.44109E-024  1.00000E-040  9.50263E-023  3.49815E-011  1.00000E-040  1.00000E-003  1.00000E-005  1.00000E-005  1.00000E-005  1.00000E-005  1.00000E-005  1.00000E-005  1.00000E-005  1.00000E-005  1.00000E-005  1.00000E-005  1.00000E-005  1.00000E-005  1.00000E-005  1.00000E-005  1.00000E-005  
1.15000E+001  2.34827E-001  7.84043E+018  2.16933E+002  2.37960E+004  7.12317E-006  1.00000E-040  1.00000E-040  2.58671E-009  1.00000E-040  1.00000E-040  1.00000E-040  1.00000E-040  1.00000E-040  1.00000E-040  1.00000E-040  1.00000E-040  1.00000E-040  1.00000E-040  1.75004E-021  1.00000E-040  1.00000E-040  1.73550E-020  4.99254E-007  3.54462E-005  6.48525E-014  8.76766E-015  2.12315E-002  2.69458E-008  2.83107E-004  2.23351E-022  9.64727E-012  1.00000E-040  1.00000E-040  3.74895E-032  8.38600E-020  7.96541E-007  1.24730E-024  1.04220E-024  1.51664E-039  1.41435E-038  1.00000E-040  2.21427E-014  7.00319E-020  1.87952E-017  6.73261E-012  1.00000E-040  1.00000E-040  3.28007E-010  1.06219E-036  4.92750E-011  6.42894E-027  9.78448E-001  5.07207E-022  8.62353E-014  3.53081E-010  1.00000E-040  1.00000E-040  2.40286E-028  9.32299E-024  6.02363E-013  5.40552E-014  6.05358E-012  6.72248E-016  2.69742E-007  4.73908E-010  8.45670E-008  6.45417E-013  1.14828E-014  9.93254E-020  9.50538E-013  2.65578E-011  8.92083E-013  7.94090E-033  1.09360E-036  1.00000E-040  5.78049E-032  3.10359E-013  1.39965E-024  1.51694E-021  3.49939E-017  2.10107E-023  1.68879E-024  1.97609E-033  1.61375E-037  1.00000E-040  1.00000E-040  5.25890E-030  1.00000E-040  3.23254E-038  9.22474E-025  7.03055E-016  3.51246E-035  1.00000E-040  1.86345E-021  3.27024E-016  5.44576E-018  3.63504E-014  9.81065E-026  6.46197E-011  1.00000E-040  4.33176E-016  1.23820E-040  1.25235E-023  7.98304E-029  8.52839E-019  1.73436E-024  8.42741E-012  1.00238E-022  3.94479E-021  1.86214E-013  2.04069E-014  1.00000E-040  1.00000E-040  1.87227E-024  1.00000E-040  3.86642E-023  3.48521E-011  1.00000E-040  1.00000E-003  1.00000E-005  1.00000E-005  1.00000E-005  1.00000E-005  1.00000E-005  1.00000E-005  1.00000E-005  1.00000E-005  1.00000E-005  1.00000E-005  1.00000E-005  1.00000E-005  1.00000E-005  1.00000E-005  1.00000E-005  
1.25000E+001  2.01259E-001  6.86339E+018  2.12390E+002  1.42829E+004  1.74441E-006  1.00000E-040  1.00000E-040  1.83108E-009  1.00000E-040  1.00000E-040  1.00000E-040  1.00000E-040  1.00000E-040  1.00000E-040  1.00000E-040  1.00000E-040  1.00000E-040  1.00000E-040  1.65427E-021  1.00000E-040  1.00000E-040  1.66761E-020  4.99133E-007  2.12415E-005  6.20333E-014  1.73891E-014  2.12317E-002  2.47943E-008  2.83114E-004  1.26072E-022  4.89190E-012  1.00000E-040  1.00000E-040  2.89950E-032  7.23183E-020  7.94793E-007  1.84756E-024  8.29250E-025  6.96952E-039  7.58320E-038  1.00000E-040  9.81122E-015  3.06984E-020  2.44537E-017  4.73429E-012  1.00000E-040  1.00000E-040  3.23299E-010  5.41791E-037  4.91935E-011  1.78286E-026  9.78462E-001  6.91409E-022  6.72320E-014  3.10592E-010  1.00000E-040  1.00000E-040  1.90700E-028  8.80547E-024  1.44465E-012  6.91265E-014  5.18199E-012  4.71538E-016  2.68028E-007  3.27858E-010  1.34148E-007  1.44925E-012  1.25367E-014  1.14212E-019  2.17363E-012  4.40814E-011  8.54435E-013  7.38670E-033  9.84633E-037  1.00000E-040  6.95969E-032  1.94436E-013  1.39966E-024  2.21882E-021  2.95666E-017  1.87249E-023  1.69587E-024  1.97906E-033  4.40246E-038  1.00000E-040  1.00000E-040  8.31930E-030  1.00000E-040  2.78628E-038  1.03582E-024  2.62451E-016  2.49562E-035  2.43579E-035  2.18251E-021  3.64079E-016  3.65198E-018  5.53167E-014  4.81464E-026  5.91548E-011  1.00000E-040  7.11534E-016  1.06465E-040  9.03800E-024  4.43017E-029  8.52848E-019  1.17946E-024  2.09144E-012  6.98324E-023  7.26406E-021  1.08962E-013  2.04069E-014  1.00000E-040  1.00000E-040  1.01045E-024  1.00000E-040  7.33882E-024  3.45819E-011  1.00000E-040  1.00000E-003  1.00000E-005  1.00000E-005  1.00000E-005  1.00000E-005  1.00000E-005  1.00000E-005  1.00000E-005  1.00000E-005  1.00000E-005  1.00000E-005  1.00000E-005  1.00000E-005  1.00000E-005  1.00000E-005  1.00000E-005  
1.35000E+001  1.71978E-001  5.96763E+018  2.08731E+002  6.95701E+003  4.42736E-007  1.00000E-040  1.00000E-040  1.43363E-009  1.00000E-040  1.00000E-040  1.00000E-040  1.00000E-040  1.00000E-040  1.00000E-040  1.00000E-040  1.00000E-040  1.00000E-040  1.00000E-040  1.62790E-021  1.00000E-040  1.00000E-040  1.80490E-020  4.98790E-007  1.44743E-005  6.80122E-014  3.90509E-014  2.12317E-002  2.15873E-008  2.83120E-004  1.13422E-022  3.81630E-012  1.00000E-040  1.00000E-040  3.15742E-032  7.58019E-020  7.91315E-007  2.65889E-024  4.89623E-025  1.00000E-040  1.00000E-040  1.00000E-040  3.18505E-015  1.47140E-020  2.58611E-017  3.06129E-012  1.00000E-040  1.00000E-040  3.13744E-010  3.50719E-037  4.90504E-011  5.80132E-026  9.78469E-001  8.88591E-022  3.87264E-014  2.45127E-010  1.00000E-040  1.00000E-040  1.35544E-028  7.81153E-024  3.51643E-012  6.10686E-014  4.78923E-012  3.79568E-016  2.64432E-007  2.38731E-010  2.35688E-007  4.35076E-012  1.86904E-014  1.18536E-019  4.80656E-012  9.30896E-011  9.30604E-013  1.06935E-032  9.97841E-037  1.00000E-040  1.04312E-031  6.21345E-014  1.39965E-024  3.77707E-021  2.44194E-017  1.28971E-023  2.17848E-024  1.98557E-033  4.59814E-039  1.00000E-040  1.00000E-040  1.46025E-029  1.00000E-040  2.61332E-038  1.24098E-024  9.39601E-017  2.53130E-035  1.53694E-034  2.56785E-021  4.40104E-016  3.69382E-018  7.38743E-014  2.22659E-026  4.97095E-011  1.00000E-040  1.18543E-015  1.00000E-040  4.77141E-024  2.20372E-029  8.52848E-019  6.63410E-025  7.81348E-013  5.06831E-023  1.49563E-020  3.04057E-014  2.04061E-014  1.00000E-040  1.00000E-040  7.68032E-025  1.00000E-040  8.83581E-025  3.40838E-011  1.00000E-040  1.00000E-003  1.00000E-005  1.00000E-005  1.00000E-005  1.00000E-005  1.00000E-005  1.00000E-005  1.00000E-005  1.00000E-005  1.00000E-005  1.00000E-005  1.00000E-005  1.00000E-005  1.00000E-005  1.00000E-005  1.00000E-005  
1.45000E+001  1.46579E-001  5.16547E+018  2.05532E+002  5.42540E+003  1.60406E-007  1.00000E-040  1.00000E-040  1.24473E-009  1.00000E-040  1.00000E-040  1.00000E-040  1.00000E-040  1.00000E-040  1.00000E-040  1.00000E-040  1.00000E-040  1.00000E-040  1.00000E-040  1.62455E-021  1.00000E-040  1.00000E-040  2.10186E-020  4.98055E-007  1.04411E-005  8.47315E-014  8.95179E-014  2.12314E-002  1.74679E-008  2.83128E-004  1.29050E-022  3.66017E-012  1.00000E-040  1.00000E-040  4.63347E-032  9.37276E-020  7.85140E-007  3.84388E-024  2.35893E-025  2.62541E-035  2.96437E-034  1.00000E-040  7.08372E-016  8.77276E-021  2.48795E-017  2.01774E-012  1.00000E-040  1.00000E-040  2.96787E-010  2.71106E-037  4.88234E-011  1.84965E-025  9.78473E-001  1.02580E-021  1.86472E-014  1.64259E-010  1.00000E-040  1.00000E-040  8.49545E-029  6.69172E-024  7.42486E-012  3.45936E-014  4.80766E-012  3.46773E-016  2.57816E-007  2.04976E-010  4.16905E-007  1.21164E-011  3.40072E-014  1.33714E-019  9.37925E-012  2.10045E-010  8.99151E-013  2.07010E-032  1.13843E-036  1.00000E-040  1.76922E-031  1.15301E-014  1.39962E-024  6.86620E-021  2.13535E-017  7.86911E-024  3.43130E-024  1.99846E-033  1.68505E-040  1.00000E-040  1.00000E-040  2.58419E-029  1.00000E-040  2.69977E-038  1.41033E-024  4.15214E-017  3.48388E-035  1.00000E-040  2.99819E-021  6.02944E-016  4.48580E-018  8.36268E-014  9.23391E-027  3.73223E-011  1.00000E-040  2.10518E-015  1.00000E-040  2.23132E-024  1.06005E-029  8.52840E-019  3.54475E-025  4.04439E-013  4.23062E-023  3.13186E-020  4.44145E-015  2.04044E-014  1.71516E-040  1.00000E-040  7.88134E-025  1.00000E-040  2.13078E-025  3.32580E-011  1.00000E-040  1.00000E-003  1.00000E-005  1.00000E-005  1.00000E-005  1.00000E-005  1.00000E-005  1.00000E-005  1.00000E-005  1.00000E-005  1.00000E-005  1.00000E-005  1.00000E-005  1.00000E-005  1.00000E-005  1.00000E-005  1.00000E-005  
1.55000E+001  1.24639E-001  4.45489E+018  2.02644E+002  4.40851E+003  7.76789E-008  1.00000E-040  1.00000E-040  1.11718E-009  1.00000E-040  1.00000E-040  1.00000E-040  1.00000E-040  1.00000E-040  1.00000E-040  1.00000E-040  1.00000E-040  1.00000E-040  1.00000E-040  1.62767E-021  1.00000E-040  1.00000E-040  2.43250E-020  4.96887E-007  7.95741E-006  1.07851E-013  1.87132E-013  2.12310E-002  1.35297E-008  2.83135E-004  1.55760E-022  3.69272E-012  1.00000E-040  1.00000E-040  7.33730E-032  1.21979E-019  7.76575E-007  5.77410E-024  1.29183E-025  1.00000E-040  1.00000E-040  1.00000E-040  1.24343E-016  6.55793E-021  2.63597E-017  1.66495E-012  1.00000E-040  1.00000E-040  2.73640E-010  2.21210E-037  4.85408E-011  4.94340E-025  9.78476E-001  1.07733E-021  9.11199E-015  9.47638E-011  1.00000E-040  1.00000E-040  5.20417E-029  6.07393E-024  1.31199E-011  1.74470E-014  5.03708E-012  3.21028E-016  2.48397E-007  1.97537E-010  6.65124E-007  2.61794E-011  5.68031E-014  1.78551E-019  1.52676E-011  4.05985E-010  9.56986E-013  3.84698E-032  1.31868E-036  1.00000E-040  2.74290E-031  1.99102E-015  1.39956E-024  1.17644E-020  2.18887E-017  5.79472E-024  5.49629E-024  2.01878E-033  1.00000E-040  1.00000E-040  1.00000E-040  4.13068E-029  1.00000E-040  3.02893E-038  1.50054E-024  2.32463E-017  5.19738E-035  3.44297E-035  3.26852E-021  8.53108E-016  5.68193E-018  8.54584E-014  3.77356E-027  2.59917E-011  1.00000E-040  3.64478E-015  1.00000E-040  1.27493E-024  5.35720E-030  8.52825E-019  2.11222E-025  2.61193E-013  4.49100E-023  5.99368E-020  5.71272E-016  2.04017E-014  1.00000E-040  1.00000E-040  8.71051E-025  1.00000E-040  8.53515E-026  3.21869E-011  1.00000E-040  1.00000E-003  1.00000E-005  1.00000E-005  1.00000E-005  1.00000E-005  1.00000E-005  1.00000E-005  1.00000E-005  1.00000E-005  1.00000E-005  1.00000E-005  1.00000E-005  1.00000E-005  1.00000E-005  1.00000E-005  1.00000E-005  
1.65000E+001  1.05760E-001  3.82585E+018  2.00222E+002  3.94335E+003  3.96329E-008  1.00000E-040  1.00000E-040  1.01943E-009  1.00000E-040  1.00000E-040  1.00000E-040  1.00000E-040  1.00000E-040  1.00000E-040  1.00000E-040  1.00000E-040  1.00000E-040  1.00000E-040  1.63302E-021  1.00000E-040  1.00000E-040  2.80812E-020  4.95184E-007  6.46080E-006  1.38194E-013  3.66264E-013  2.12303E-002  1.01523E-008  2.83142E-004  1.95854E-022  3.85472E-012  1.00000E-040  1.00000E-040  1.23304E-031  1.66299E-019  7.65403E-007  8.95530E-024  8.08151E-026  1.00000E-040  1.00000E-040  1.00000E-040  1.79618E-017  5.87968E-021  3.08662E-017  1.70198E-012  1.00000E-040  1.00000E-040  2.44388E-010  1.93025E-037  4.82083E-011  1.08297E-024  9.78478E-001  9.88755E-022  4.19561E-015  4.56717E-011  1.00000E-040  1.00000E-040  3.37800E-029  5.87522E-024  2.13129E-011  8.13675E-015  5.38290E-012  2.98596E-016  2.35906E-007  1.97894E-010  9.79044E-007  4.88118E-011  8.69843E-014  2.78032E-019  2.25442E-011  6.84961E-010  1.12646E-012  6.52548E-032  1.52343E-036  1.00000E-040  3.90672E-031  3.09606E-016  1.39949E-024  1.92909E-020  2.65538E-017  5.86177E-024  8.72894E-024  2.04939E-033  1.00000E-040  1.00000E-040  1.00000E-040  6.10534E-029  1.00000E-040  3.66291E-038  1.58938E-024  1.48588E-017  8.29679E-035  1.95566E-035  3.24618E-021  1.15226E-015  7.38210E-018  8.31131E-014  1.61553E-027  1.68509E-011  1.00000E-040  5.91703E-015  1.00000E-040  9.93250E-025  2.88070E-030  8.52804E-019  1.39956E-025  1.90104E-013  5.89262E-023  1.07813E-019  6.65761E-017  2.03980E-014  1.00000E-040  1.00000E-040  1.02131E-024  1.00000E-040  3.87469E-026  3.08779E-011  1.00000E-040  1.00000E-003  1.00000E-005  1.00000E-005  1.00000E-005  1.00000E-005  1.00000E-005  1.00000E-005  1.00000E-005  1.00000E-005  1.00000E-005  1.00000E-005  1.00000E-005  1.00000E-005  1.00000E-005  1.00000E-005  1.00000E-005  
1.75000E+001  8.95865E-002  3.27066E+018  1.98392E+002  3.89374E+003  1.89686E-008  1.00000E-040  1.00000E-040  9.29155E-010  1.00000E-040  1.00000E-040  1.00000E-040  1.00000E-040  1.00000E-040  1.00000E-040  1.00000E-040  1.00000E-040  1.00000E-040  1.00000E-040  1.64021E-021  1.00000E-040  1.00000E-040  3.38597E-020  4.92961E-007  5.70385E-006  1.80743E-013  6.75302E-013  2.12296E-002  7.59782E-009  2.83148E-004  2.58940E-022  4.18439E-012  1.00000E-040  1.00000E-040  2.26509E-031  2.40661E-019  7.52099E-007  1.41891E-023  5.51771E-026  1.00000E-040  1.00000E-040  1.00000E-040  2.53432E-018  6.32382E-021  3.95062E-017  1.90854E-012  1.00000E-040  1.00000E-040  2.11220E-010  1.87321E-037  4.78483E-011  2.08063E-024  9.78479E-001  7.95099E-022  1.78420E-015  1.83159E-011  1.00000E-040  1.00000E-040  2.55847E-029  6.04072E-024  3.27334E-011  3.51751E-015  5.85787E-012  2.84792E-016  2.20928E-007  2.01366E-010  1.33401E-006  8.10654E-011  1.22938E-013  4.45575E-019  3.10588E-011  1.01805E-009  1.35957E-012  9.31504E-032  1.77640E-036  1.00000E-040  5.19166E-031  4.09856E-017  1.39940E-024  3.01961E-020  3.64939E-017  7.44341E-024  1.36661E-023  2.09211E-033  1.00000E-040  1.00000E-040  1.00000E-040  8.37790E-029  1.00000E-040  4.83504E-038  1.73053E-024  1.07774E-017  1.46482E-034  6.29993E-035  2.99462E-021  1.45534E-015  9.89397E-018  7.86489E-014  7.83475E-028  1.03519E-011  1.00000E-040  8.92928E-015  1.00000E-040  9.88229E-025  1.74647E-030  8.52776E-019  1.04789E-025  1.53468E-013  8.55316E-023  1.83674E-019  6.83942E-018  2.03935E-014  2.17517E-040  1.00000E-040  1.31307E-024  1.00000E-040  2.04082E-026  2.94117E-011  1.00000E-040  1.00000E-003  1.00000E-005  1.00000E-005  1.00000E-005  1.00000E-005  1.00000E-005  1.00000E-005  1.00000E-005  1.00000E-005  1.00000E-005  1.00000E-005  1.00000E-005  1.00000E-005  1.00000E-005  1.00000E-005  1.00000E-005  
1.85000E+001  7.57846E-002  2.78709E+018  1.96946E+002  3.93732E+003  9.07447E-009  1.00000E-040  1.00000E-040  8.34439E-010  1.00000E-040  1.00000E-040  1.00000E-040  1.00000E-040  1.00000E-040  1.00000E-040  1.00000E-040  1.00000E-040  1.00000E-040  1.00000E-040  1.64752E-021  1.00000E-040  1.00000E-040  4.37265E-020  4.90255E-007  5.35430E-006  2.42432E-013  1.18245E-012  2.12288E-002  5.82166E-009  2.83154E-004  3.55847E-022  4.66366E-012  1.00000E-040  1.00000E-040  4.48412E-031  3.63817E-019  7.37134E-007  2.25840E-023  3.92705E-026  1.00000E-040  1.00000E-040  1.00000E-040  6.39340E-019  7.76511E-021  5.39348E-017  2.15394E-012  1.00000E-040  1.00000E-040  1.76394E-010  1.97391E-037  4.74772E-011  3.94259E-024  9.78480E-001  5.69830E-022  6.72739E-016  6.06691E-012  1.00000E-040  1.00000E-040  2.35616E-029  6.57528E-024  4.88075E-011  1.38427E-015  6.40314E-012  2.76637E-016  2.04130E-007  2.03025E-010  1.70389E-006  1.23825E-010  1.61187E-013  6.87795E-019  4.11023E-011  1.36746E-009  1.62933E-012  1.09857E-031  2.11003E-036  1.00000E-040  6.57850E-031  4.22744E-018  1.39929E-024  4.56113E-020  5.40969E-017  1.04641E-023  2.11436E-023  2.14911E-033  1.00000E-040  1.00000E-040  1.00000E-040  1.08088E-028  1.06672E-040  6.95655E-038  1.96210E-024  8.63840E-018  2.80880E-034  7.43829E-035  2.63836E-021  1.73199E-015  1.35900E-017  7.37097E-014  4.36627E-028  6.08415E-012  1.00000E-040  1.28915E-014  1.00000E-040  1.13260E-024  1.21065E-030  8.52743E-019  8.87014E-026  1.32367E-013  1.26880E-022  3.00127E-019  5.74560E-019  2.03881E-014  1.00000E-040  1.00000E-040  1.82277E-024  1.00000E-040  1.24675E-026  2.78550E-011  1.00000E-040  1.00000E-003  1.00000E-005  1.00000E-005  1.00000E-005  1.00000E-005  1.00000E-005  1.00000E-005  1.00000E-005  1.00000E-005  1.00000E-005  1.00000E-005  1.00000E-005  1.00000E-005  1.00000E-005  1.00000E-005  1.00000E-005  
1.95000E+001  6.40411E-002  2.36883E+018  1.95813E+002  4.20491E+003  2.83914E-009  1.00000E-040  1.00000E-040  7.34030E-010  1.00000E-040  1.00000E-040  1.00000E-040  1.00000E-040  1.00000E-040  1.00000E-040  1.00000E-040  1.00000E-040  1.00000E-040  1.00000E-040  1.65466E-021  1.00000E-040  1.00000E-040  6.11755E-020  4.87109E-007  5.27253E-006  3.33612E-013  1.98586E-012  2.12280E-002  4.66510E-009  2.83158E-004  5.03846E-022  5.28420E-012  1.00000E-040  1.00000E-040  9.46260E-031  5.68626E-019  7.20912E-007  3.54721E-023  2.81157E-026  5.79910E-036  6.60201E-035  1.00000E-040  4.37320E-019  1.02161E-020  7.62547E-017  2.36312E-012  1.00000E-040  1.00000E-040  1.41983E-010  2.23935E-037  4.71061E-011  7.81436E-024  9.78480E-001  3.87298E-022  2.15873E-016  1.64301E-012  1.21603E-033  1.00000E-040  2.64224E-029  7.56567E-024  7.17998E-011  5.16574E-016  6.97972E-012  2.70597E-016  1.86168E-007  1.99623E-010  2.06363E-006  1.78354E-010  1.98566E-013  1.00518E-018  5.31953E-011  1.69699E-009  1.85145E-012  1.11379E-031  2.55861E-036  1.00000E-040  8.05863E-031  3.13445E-019  1.39917E-024  6.72737E-020  8.40598E-017  1.53604E-023  3.25282E-023  2.22299E-033  1.00000E-040  1.00000E-040  1.00000E-040  1.32650E-028  2.56890E-040  1.08893E-037  2.32840E-024  7.48277E-018  5.77897E-034  9.93390E-035  2.23674E-021  1.93947E-015  1.89937E-017  6.89850E-014  2.80466E-028  3.43121E-012  1.00000E-040  1.78052E-014  1.29981E-040  1.41930E-024  9.61666E-031  8.52704E-019  8.42997E-026  1.19099E-013  1.85912E-022  4.75321E-019  3.64719E-020  2.03821E-014  1.00000E-040  1.00000E-040  2.70253E-024  1.00000E-040  8.80502E-027  2.62577E-011  1.00000E-040  1.00000E-003  1.00000E-005  1.00000E-005  1.00000E-005  1.00000E-005  1.00000E-005  1.00000E-005  1.00000E-005  1.00000E-005  1.00000E-005  1.00000E-005  1.00000E-005  1.00000E-005  1.00000E-005  1.00000E-005  1.00000E-005  
2.05000E+001  5.40774E-002  2.00710E+018  1.95148E+002  4.72335E+003  8.17896E-014  1.00000E-040  1.00000E-040  6.28739E-010  1.00000E-040  1.00000E-040  1.00000E-040  1.00000E-040  1.00000E-040  1.00000E-040  1.00000E-040  1.00000E-040  1.00000E-040  1.00000E-040  1.66312E-021  1.00000E-040  1.00000E-040  9.23799E-020  4.83657E-007  5.30873E-006  4.65949E-013  3.22487E-012  2.12272E-002  3.97913E-009  2.83161E-004  7.27762E-022  6.03540E-012  1.00000E-040  1.00000E-040  2.10154E-030  9.14420E-019  7.04204E-007  5.43971E-023  2.00731E-026  1.00000E-040  1.00000E-040  1.00000E-040  4.10909E-019  1.36902E-020  1.09057E-016  2.50352E-012  1.00000E-040  1.00000E-040  1.10568E-010  2.78169E-037  4.67516E-011  1.59251E-023  9.78481E-001  2.89543E-022  5.86512E-017  3.71264E-013  5.79809E-035  1.00000E-040  3.59727E-029  9.07543E-024  1.05148E-010  2.36669E-016  7.51727E-012  2.67166E-016  1.68134E-007  1.87468E-010  2.38163E-006  2.46684E-010  2.32627E-013  1.47618E-018  6.77469E-011  1.96573E-009  1.96810E-012  1.02740E-031  3.12559E-036  1.00000E-040  9.47071E-031  1.67193E-020  1.39905E-024  9.70760E-020  1.34031E-016  2.27928E-023  4.96024E-023  2.31447E-033  1.00000E-040  1.00000E-040  1.00000E-040  1.55715E-028  6.25526E-040  1.81219E-037  2.85947E-024  6.86319E-018  1.26431E-033  1.53749E-034  1.81172E-021  2.02801E-015  2.66693E-017  6.45207E-014  2.09186E-028  1.88830E-012  1.00000E-040  2.28164E-014  2.51742E-040  1.86512E-024  8.75417E-031  8.52663E-019  8.71825E-026  1.10126E-013  2.63402E-022  7.32115E-019  1.72871E-021  2.03756E-014  1.00000E-040  1.00000E-040  4.24010E-024  1.00000E-040  7.23292E-027  2.46987E-011  1.00000E-040  1.00000E-003  1.00000E-005  1.00000E-005  1.00000E-005  1.00000E-005  1.00000E-005  1.00000E-005  1.00000E-005  1.00000E-005  1.00000E-005  1.00000E-005  1.00000E-005  1.00000E-005  1.00000E-005  1.00000E-005  1.00000E-005  
2.15000E+001  4.56500E-002  1.69523E+018  1.95043E+002  5.25999E+003  1.22393E-013  1.00000E-040  1.00000E-040  5.21084E-010  1.00000E-040  1.00000E-040  1.00000E-040  1.00000E-040  1.00000E-040  1.00000E-040  1.00000E-040  1.00000E-040  1.00000E-040  1.00000E-040  1.67391E-021  1.00000E-040  1.00000E-040  1.47685E-019  4.79963E-007  5.34552E-006  6.51708E-013  5.11072E-012  2.12265E-002  3.60978E-009  2.83163E-004  1.06057E-021  6.89960E-012  1.00000E-040  1.00000E-040  4.81952E-030  1.50196E-018  6.87334E-007  8.04819E-023  1.40615E-026  2.25562E-036  2.56411E-035  1.00000E-040  3.87631E-019  1.81244E-020  1.53875E-016  2.56230E-012  1.00000E-040  1.00000E-040  8.33607E-011  3.79646E-037  4.64181E-011  3.22107E-023  9.78481E-001  2.69525E-022  1.33998E-017  7.10064E-014  1.00000E-040  1.00000E-040  5.90184E-029  1.12017E-023  1.53807E-010  1.83647E-016  7.94754E-012  2.70023E-016  1.50616E-007  1.66169E-010  2.64001E-006  3.32227E-010  2.62780E-013  2.28180E-018  8.50975E-011  2.14943E-009  1.99874E-012  9.03332E-032  3.79035E-036  1.00000E-040  1.06141E-030  6.46115E-022  1.39892E-024  1.38317E-019  2.16975E-016  3.38408E-023  7.52696E-023  2.42601E-033  1.00000E-040  1.00000E-040  1.00000E-040  1.76277E-028  1.51347E-039  3.12526E-037  3.59764E-024  6.51835E-018  2.89249E-033  2.80138E-034  1.38391E-021  1.98037E-015  3.71755E-017  6.01713E-014  1.78782E-028  1.02274E-012  1.00000E-040  2.69660E-014  5.76980E-040  2.50295E-024  8.96335E-031  8.52620E-019  9.47342E-026  1.03419E-013  3.55149E-022  1.10100E-018  6.05109E-023  2.03687E-014  1.00000E-040  1.00000E-040  6.92590E-024  1.00000E-040  6.78739E-027  2.32070E-011  1.00000E-040  1.00000E-003  1.00000E-005  1.00000E-005  1.00000E-005  1.00000E-005  1.00000E-005  1.00000E-005  1.00000E-005  1.00000E-005  1.00000E-005  1.00000E-005  1.00000E-005  1.00000E-005  1.00000E-005  1.00000E-005  1.00000E-005  
2.25000E+001  3.85414E-002  1.42873E+018  1.95386E+002  5.99062E+003  2.70260E-013  1.00000E-040  1.00000E-040  4.17403E-010  1.00000E-040  1.00000E-040  1.00000E-040  1.00000E-040  1.00000E-040  1.00000E-040  1.00000E-040  1.00000E-040  1.00000E-040  1.00000E-040  1.68642E-021  1.00000E-040  1.00000E-040  2.44764E-019  4.76053E-007  5.38265E-006  9.07383E-013  7.93346E-012  2.12259E-002  3.43825E-009  2.83164E-004  1.54401E-021  7.84393E-012  1.00000E-040  1.00000E-040  1.11898E-029  2.48992E-018  6.70413E-007  1.13437E-022  9.45432E-027  1.00000E-040  1.00000E-040  1.00000E-040  3.53657E-019  2.34585E-020  2.10248E-016  2.52456E-012  1.00505E-040  1.00000E-040  6.07998E-011  5.55684E-037  4.61049E-011  6.73475E-023  9.78481E-001  3.03428E-022  2.59053E-018  1.16579E-014  1.00000E-040  1.00000E-040  1.11870E-028  1.41468E-023  2.23359E-010  2.07725E-016  8.26004E-012  2.79957E-016  1.33946E-007  1.39985E-010  2.83102E-006  4.34864E-010  2.87566E-013  3.60719E-018  1.05093E-010  2.23703E-009  1.90456E-012  7.77501E-032  4.54668E-036  1.00000E-040  1.13909E-030  1.85353E-023  1.39879E-024  1.96145E-019  3.52834E-016  5.02224E-023  1.14068E-022  2.56181E-033  1.00000E-040  1.00000E-040  1.00000E-040  1.93749E-028  3.54571E-039  5.51471E-037  4.62009E-024  6.36482E-018  6.76768E-033  5.83965E-034  1.00310E-021  1.82666E-015  5.11411E-017  5.58554E-014  1.71662E-028  5.47066E-013  4.87639E-039  3.01024E-014  1.49660E-039  3.40279E-024  1.00741E-030  8.52574E-019  1.06593E-025  9.81828E-014  4.51787E-022  1.61786E-018  1.59031E-024  2.03615E-014  1.00000E-040  1.00000E-040  1.15369E-023  1.00000E-040  7.02813E-027  2.17906E-011  1.00000E-040  1.00000E-003  1.00000E-005  1.00000E-005  1.00000E-005  1.00000E-005  1.00000E-005  1.00000E-005  1.00000E-005  1.00000E-005  1.00000E-005  1.00000E-005  1.00000E-005  1.00000E-005  1.00000E-005  1.00000E-005  1.00000E-005  
2.35000E+001  3.25536E-002  1.20350E+018  1.95915E+002  6.81524E+003  7.19371E-013  1.00000E-040  1.00000E-040  3.21780E-010  1.00000E-040  1.00000E-040  1.00000E-040  1.00000E-040  1.00000E-040  1.00000E-040  1.00000E-040  1.00000E-040  1.00000E-040  1.00000E-040  1.69889E-021  1.00000E-040  1.00000E-040  4.11771E-019  4.71979E-007  5.41966E-006  1.25195E-012  1.20639E-011  2.12253E-002  3.38099E-009  2.83165E-004  2.22039E-021  8.80244E-012  1.00000E-040  1.00000E-040  2.56279E-029  4.09612E-018  6.53638E-007  1.51145E-022  6.00046E-027  1.51311E-035  1.72443E-034  1.00000E-040  3.12399E-019  2.95661E-020  2.75927E-016  2.38819E-012  2.86254E-040  1.00000E-040  4.30199E-011  8.31212E-037  4.58129E-011  2.51407E-022  9.78482E-001  3.71194E-022  4.34997E-019  1.68802E-015  1.53732E-032  1.00000E-040  2.27184E-028  1.81188E-023  3.19356E-010  2.58548E-016  8.44548E-012  2.93756E-016  1.18485E-007  1.13399E-010  2.95690E-006  5.48289E-010  3.04074E-013  5.54418E-018  1.27140E-010  2.22644E-009  1.71459E-012  6.64063E-032  5.39775E-036  1.00000E-040  1.17942E-030  4.17071E-025  1.39866E-024  2.77438E-019  5.67858E-016  7.41621E-023  1.71844E-022  2.72617E-033  1.00000E-040  1.00000E-040  1.00000E-040  2.07981E-028  7.81380E-039  9.79787E-037  6.00806E-024  6.36492E-018  1.56850E-032  1.29452E-033  7.06607E-022  1.61251E-015  6.91975E-017  5.16195E-014  2.02302E-028  2.91174E-013  1.45010E-034  3.29763E-014  4.09095E-039  4.64809E-024  1.20783E-030  8.52526E-019  1.22676E-025  9.37315E-014  5.40725E-022  2.32185E-018  3.30527E-026  2.03540E-014  1.57557E-040  1.00000E-040  1.90237E-023  1.00000E-040  7.67429E-027  2.04641E-011  2.08816E-037  1.00000E-003  1.00000E-005  1.00000E-005  1.00000E-005  1.00000E-005  1.00000E-005  1.00000E-005  1.00000E-005  1.00000E-005  1.00000E-005  1.00000E-005  1.00000E-005  1.00000E-005  1.00000E-005  1.00000E-005  1.00000E-005  
2.45000E+001  2.75092E-002  1.01467E+018  1.96367E+002  7.73991E+003  2.04500E-012  1.00000E-040  1.00000E-040  2.38622E-010  1.00000E-040  1.00000E-040  1.00000E-040  1.00000E-040  1.00000E-040  1.00000E-040  1.00000E-040  1.00000E-040  1.00000E-040  1.00000E-040  1.70952E-021  1.00000E-040  1.00000E-040  6.92657E-019  4.67753E-007  5.45649E-006  1.70760E-012  1.80103E-011  2.12248E-002  3.37970E-009  2.83164E-004  3.13007E-021  9.70511E-012  1.00000E-040  1.00000E-040  5.67249E-029  6.59643E-018  6.37020E-007  1.89431E-022  3.53223E-027  1.00000E-040  1.00000E-040  1.00000E-040  2.68315E-019  3.61037E-020  3.45971E-016  2.16455E-012  7.47374E-040  1.00000E-040  2.95697E-011  1.21365E-036  4.55390E-011  2.66300E-021  9.78482E-001  4.64727E-022  6.49566E-020  2.20349E-016  1.45571E-032  1.00000E-040  4.65207E-028  2.33378E-023  4.45923E-010  3.20718E-016  8.53087E-012  3.09008E-016  1.04353E-007  8.99134E-011  3.03398E-006  6.61085E-010  3.11268E-013  7.90691E-018  1.50188E-010  2.12798E-009  1.45959E-012  5.65560E-032  6.35720E-036  1.00000E-040  1.19103E-030  7.72832E-027  1.39852E-024  3.92508E-019  8.96180E-016  1.08729E-022  2.56519E-022  2.92581E-033  1.00000E-040  1.00000E-040  1.00000E-040  2.19712E-028  1.58408E-038  1.72925E-036  7.85343E-024  6.48986E-018  3.50690E-032  2.87548E-033  4.93938E-022  1.37225E-015  9.20613E-017  4.75238E-014  6.90485E-028  1.54599E-013  1.00000E-040  3.69555E-014  1.11638E-038  6.33944E-024  1.50693E-030  8.52476E-019  1.42725E-025  8.97177E-014  6.09310E-022  3.26244E-018  5.68605E-028  2.03462E-014  1.00000E-040  1.00000E-040  3.02993E-023  1.00000E-040  8.47458E-027  1.92256E-011  5.31728E-037  1.00000E-003  1.00000E-005  1.00000E-005  1.00000E-005  1.00000E-005  1.00000E-005  1.00000E-005  1.00000E-005  1.00000E-005  1.00000E-005  1.00000E-005  1.00000E-005  1.00000E-005  1.00000E-005  1.00000E-005  1.00000E-005  
2.55000E+001  2.32544E-002  8.56918E+017  1.96554E+002  8.74643E+003  5.94750E-012  1.00000E-040  1.00000E-040  1.70318E-010  1.00000E-040  1.00000E-040  1.00000E-040  1.00000E-040  1.00000E-040  1.00000E-040  1.00000E-040  1.00000E-040  1.00000E-040  1.00000E-040  1.71707E-021  1.00000E-040  1.00000E-040  1.15785E-018  4.63385E-007  5.49311E-006  2.30390E-012  2.65392E-011  2.12244E-002  3.39653E-009  2.83162E-004  4.31820E-021  1.05074E-011  1.00000E-040  1.00000E-040  1.20268E-028  1.03331E-017  6.20541E-007  2.23166E-022  1.90565E-027  2.59407E-036  2.90779E-035  1.00000E-040  2.26070E-019  4.26225E-020  4.13260E-016  1.87809E-012  1.75081E-039  1.00000E-040  1.97827E-011  1.67871E-036  4.52801E-011  3.03890E-020  9.78483E-001  5.85785E-022  8.87173E-021  2.65800E-017  1.00000E-040  1.00000E-040  9.28402E-028  2.99573E-023  6.03084E-010  3.86268E-016  8.59702E-012  3.24945E-016  9.15901E-008  7.15532E-011  3.08794E-006  7.58848E-010  3.11182E-013  1.01651E-017  1.72429E-010  1.96101E-009  1.17970E-012  4.80948E-032  7.45595E-036  1.00000E-040  1.18867E-030  1.23537E-028  1.39839E-024  5.55770E-019  1.38017E-015  1.57942E-022  3.78359E-022  3.16890E-033  1.00000E-040  1.00000E-040  1.00000E-040  2.30455E-028  2.92475E-038  3.00066E-036  1.02363E-023  6.73189E-018  7.46620E-032  6.21376E-033  3.48427E-022  1.13198E-015  1.20766E-016  4.36161E-014  6.67629E-027  8.20166E-014  1.00000E-040  4.37797E-014  2.95916E-038  8.57938E-024  1.92423E-030  8.52424E-019  1.65721E-025  8.62808E-014  6.49101E-022  4.51431E-018  8.44873E-030  2.03381E-014  1.00000E-040  1.00000E-040  4.60577E-023  1.00000E-040  9.19519E-027  1.80712E-011  7.93087E-037  1.00000E-003  1.00000E-005  1.00000E-005  1.00000E-005  1.00000E-005  1.00000E-005  1.00000E-005  1.00000E-005  1.00000E-005  1.00000E-005  1.00000E-005  1.00000E-005  1.00000E-005  1.00000E-005  1.00000E-005  1.00000E-005  
2.65000E+001  1.96589E-002  7.25141E+017  1.96360E+002  9.76505E+003  1.74047E-011  1.00000E-040  1.00000E-040  1.17217E-010  1.00000E-040  1.00000E-040  1.00000E-040  1.00000E-040  1.00000E-040  1.00000E-040  1.00000E-040  1.00000E-040  1.00000E-040  1.00000E-040  1.72078E-021  1.00000E-040  1.00000E-040  1.92679E-018  4.58864E-007  5.52956E-006  3.08608E-012  3.89067E-011  2.12239E-002  3.40778E-009  2.83160E-004  5.85224E-021  1.12025E-011  1.00000E-040  1.00000E-040  2.44661E-028  1.57436E-017  6.04095E-007  2.47276E-022  9.30631E-028  1.00000E-040  1.00000E-040  1.00000E-040  1.88630E-019  4.85810E-020  4.68779E-016  1.55777E-012  3.64340E-039  1.00000E-040  1.28849E-011  2.16658E-036  4.50318E-011  2.60563E-019  9.78483E-001  7.35028E-022  1.15543E-021  3.07905E-018  1.00000E-040  1.71061E-040  1.78770E-027  3.80494E-023  7.84608E-010  4.46637E-016  8.75599E-012  3.38314E-016  8.01283E-008  5.87451E-011  3.14948E-006  8.28351E-010  3.08038E-013  1.16090E-017  1.91566E-010  1.75097E-009  9.11064E-013  4.08133E-032  8.75544E-036  1.00000E-040  1.19040E-030  1.77482E-030  1.39824E-024  7.88077E-019  2.07540E-015  2.27268E-022  5.51119E-022  3.46637E-033  1.00000E-040  1.00000E-040  1.00000E-040  2.42348E-028  4.91121E-038  5.09520E-036  1.32240E-023  7.09460E-018  1.51225E-031  1.30126E-032  2.50510E-022  9.07709E-016  1.57046E-016  3.99327E-014  5.81612E-026  4.33623E-014  1.00000E-040  5.55015E-014  7.60023E-038  1.14756E-023  2.49285E-030  8.52369E-019  1.89997E-025  8.37624E-014  6.57332E-022  6.20469E-018  1.12502E-031  2.03295E-014  1.00000E-040  1.00000E-040  6.67770E-023  1.00000E-040  9.63762E-027  1.69906E-011  7.86514E-037  1.00000E-003  1.00000E-005  1.00000E-005  1.00000E-005  1.00000E-005  1.00000E-005  1.00000E-005  1.00000E-005  1.00000E-005  1.00000E-005  1.00000E-005  1.00000E-005  1.00000E-005  1.00000E-005  1.00000E-005  1.00000E-005  
2.75000E+001  1.66138E-002  6.15135E+017  1.95621E+002  1.09262E+004  5.08398E-011  1.00000E-040  1.00000E-040  7.81031E-011  1.00000E-040  1.00000E-040  1.00000E-040  1.00000E-040  1.00000E-040  1.00000E-040  1.00000E-040  1.00000E-040  1.00000E-040  1.00000E-040  1.71930E-021  1.00000E-040  1.00000E-040  3.20985E-018  4.54195E-007  5.56552E-006  4.12691E-012  5.71305E-011  2.12233E-002  3.39906E-009  2.83156E-004  7.83131E-021  1.17936E-011  1.00000E-040  1.00000E-040  4.78562E-028  2.33170E-017  5.87632E-007  2.58208E-022  4.06913E-028  1.00000E-040  1.00000E-040  1.00000E-040  1.56411E-019  5.33481E-020  5.04893E-016  1.23393E-012  6.69725E-039  1.00000E-040  8.17828E-012  2.55264E-036  4.47907E-011  1.67943E-018  9.78484E-001  8.77761E-022  1.67852E-022  3.99777E-019  2.67273E-034  4.47941E-040  3.32416E-027  4.75056E-023  9.78641E-010  4.94532E-016  9.09018E-012  3.32655E-016  6.99125E-008  5.07915E-011  3.25027E-006  8.59516E-010  3.05133E-013  1.15434E-017  2.05779E-010  1.52425E-009  6.70877E-013  3.45350E-032  1.03807E-035  1.00000E-040  1.21718E-030  2.50155E-032  1.39808E-024  1.11763E-018  3.05336E-015  3.23257E-022  7.89976E-022  3.83023E-033  1.00000E-040  1.00000E-040  1.00000E-040  2.57902E-028  7.49357E-038  8.44375E-036  1.68295E-023  7.57143E-018  2.90932E-031  2.56365E-032  1.86455E-022  7.09181E-016  2.03937E-016  3.65598E-014  3.74275E-025  2.27776E-014  1.00000E-040  7.40812E-014  1.91454E-037  1.51151E-023  3.25804E-030  8.52312E-019  2.13657E-025  8.21624E-014  6.38664E-022  8.54975E-018  1.46090E-033  2.03206E-014  1.00000E-040  1.00000E-040  9.22371E-023  1.00000E-040  9.59409E-027  1.59776E-011  1.00000E-040  1.00000E-003  1.00000E-005  1.00000E-005  1.00000E-005  1.00000E-005  1.00000E-005  1.00000E-005  1.00000E-005  1.00000E-005  1.00000E-005  1.00000E-005  1.00000E-005  1.00000E-005  1.00000E-005  1.00000E-005  1.00000E-005  
2.85000E+001  1.40295E-002  5.22686E+017  1.94410E+002  1.22719E+004  1.47774E-010  1.00000E-040  1.00000E-040  5.04757E-011  1.00000E-040  1.00000E-040  1.00000E-040  1.00000E-040  1.00000E-040  1.00000E-040  1.00000E-040  1.00000E-040  1.00000E-040  1.00000E-040  1.71240E-021  1.00000E-040  1.00000E-040  5.43368E-018  4.49419E-007  5.59970E-006  5.54588E-012  8.48418E-011  2.12226E-002  3.36540E-009  2.83151E-004  1.04741E-020  1.23565E-011  1.00000E-040  1.00000E-040  9.17495E-028  3.39592E-017  5.71221E-007  2.56038E-022  1.60148E-028  1.00000E-040  1.00000E-040  1.00000E-040  1.29427E-019  5.65064E-020  5.16526E-016  9.36586E-013  1.10697E-038  1.00000E-040  5.08174E-012  2.79193E-036  4.45553E-011  8.45653E-018  9.78484E-001  9.69529E-022  4.27569E-023  9.13637E-020  1.00000E-040  1.11556E-039  5.97722E-027  5.79599E-023  1.16890E-009  5.22616E-016  9.70616E-012  3.00317E-016  6.09291E-008  4.68526E-011  3.41762E-006  8.51591E-010  3.07086E-013  1.02086E-017  2.13258E-010  1.30166E-009  4.74991E-013  2.91617E-032  1.24911E-035  1.00000E-040  1.28550E-030  5.38771E-034  1.39791E-024  1.57999E-018  4.42028E-015  4.53820E-022  1.11380E-021  4.27116E-033  1.00000E-040  1.00000E-040  1.00000E-040  2.79791E-028  1.05909E-037  1.36755E-035  2.09950E-023  8.16400E-018  5.42675E-031  5.22053E-032  1.44059E-022  5.39042E-016  2.66546E-016  3.34735E-014  1.82359E-024  1.18983E-014  1.00000E-040  9.99414E-014  4.75819E-037  1.95284E-023  4.30278E-030  8.52251E-019  2.33512E-025  8.18187E-014  6.00931E-022  1.19245E-017  2.84099E-035  2.03112E-014  1.00000E-040  1.00000E-040  1.23683E-022  1.00000E-040  9.17507E-027  1.50325E-011  1.00000E-040  1.00000E-003  1.00000E-005  1.00000E-005  1.00000E-005  1.00000E-005  1.00000E-005  1.00000E-005  1.00000E-005  1.00000E-005  1.00000E-005  1.00000E-005  1.00000E-005  1.00000E-005  1.00000E-005  1.00000E-005  1.00000E-005  
2.95000E+001  1.18331E-002  4.44679E+017  1.92738E+002  1.33027E+004  4.26428E-010  1.00000E-040  1.00000E-040  3.15804E-011  1.00000E-040  1.00000E-040  1.00000E-040  1.00000E-040  1.00000E-040  1.00000E-040  1.00000E-040  1.00000E-040  1.00000E-040  1.00000E-040  1.69782E-021  1.00000E-040  1.00000E-040  9.49520E-018  4.44491E-007  5.62947E-006  7.53080E-012  1.28311E-010  2.12217E-002  3.30645E-009  2.83145E-004  1.41359E-020  1.29537E-011  1.00000E-040  1.00000E-040  1.74583E-027  4.89835E-017  5.54609E-007  2.41058E-022  5.60684E-029  2.40760E-037  2.76307E-036  1.00000E-040  1.05049E-019  5.70354E-020  4.99385E-016  6.79124E-013  1.65704E-038  1.00000E-040  3.07675E-012  2.84735E-036  4.43198E-011  3.45824E-017  9.78485E-001  9.62233E-022  2.11103E-023  4.10854E-020  1.00000E-040  2.69969E-039  1.04626E-026  6.91867E-023  1.34037E-009  5.28395E-016  1.06459E-011  2.41626E-016  5.29716E-008  4.58769E-011  3.68084E-006  8.08436E-010  3.16169E-013  8.05666E-018  2.13680E-010  1.09520E-009  3.30355E-013  2.45386E-032  1.53422E-035  1.00000E-040  1.41689E-030  5.16963E-035  1.39772E-024  2.23427E-018  6.35388E-015  6.31269E-022  1.55073E-021  4.81113E-033  1.00000E-040  1.00000E-040  1.00000E-040  3.11289E-028  1.39655E-037  2.17955E-035  2.57253E-023  8.80110E-018  9.93667E-031  1.00798E-031  1.14967E-022  3.93326E-016  3.53030E-016  3.06720E-014  6.98282E-024  6.11240E-015  1.00000E-040  1.32264E-013  1.18136E-036  2.48109E-023  5.73569E-030  8.52186E-019  2.48040E-025  8.23728E-014  5.49336E-022  1.69717E-017  2.43771E-036  2.03012E-014  1.00000E-040  1.00000E-040  1.62830E-022  1.00000E-040  8.49072E-027  1.41374E-011  1.00000E-040  1.00000E-003  1.00000E-005  1.00000E-005  1.00000E-005  1.00000E-005  1.00000E-005  1.00000E-005  1.00000E-005  1.00000E-005  1.00000E-005  1.00000E-005  1.00000E-005  1.00000E-005  1.00000E-005  1.00000E-005  1.00000E-005  
3.05000E+001  9.96437E-003  3.78579E+017  1.90638E+002  1.46946E+004  1.21806E-009  1.00000E-040  1.00000E-040  1.92884E-011  1.00000E-040  1.00000E-040  1.00000E-040  1.00000E-040  1.00000E-040  1.00000E-040  1.00000E-040  1.00000E-040  1.00000E-040  1.00000E-040  1.67121E-021  1.00000E-040  1.00000E-040  1.74398E-017  4.39402E-007  5.64624E-006  1.03857E-011  1.98675E-010  2.12206E-002  3.22571E-009  2.83138E-004  1.94375E-020  1.36560E-011  1.00000E-040  1.00000E-040  3.33968E-027  7.05106E-017  5.37665E-007  2.15477E-022  1.72968E-029  1.99122E-036  2.26325E-035  1.00000E-040  8.13328E-020  5.39920E-020  4.54113E-016  4.68984E-013  2.26910E-038  1.00000E-040  1.80604E-012  2.72596E-036  4.40804E-011  1.18893E-016  9.78485E-001  8.46911E-022  1.22807E-023  2.23716E-020  1.00000E-040  6.19957E-039  1.77649E-026  8.08563E-023  1.48127E-009  5.13593E-016  1.19016E-011  1.70882E-016  4.59124E-008  4.67902E-011  4.07185E-006  7.36155E-010  3.33162E-013  5.71544E-018  2.07633E-010  9.09069E-010  2.20311E-013  2.05702E-032  1.93376E-035  1.00000E-040  1.64192E-030  1.08443E-035  1.39750E-024  3.16365E-018  9.13501E-015  8.71060E-022  2.13487E-021  5.47540E-033  1.00000E-040  1.00000E-040  1.00000E-040  3.56574E-028  1.73158E-037  3.43911E-035  3.09935E-023  9.34367E-018  1.80950E-030  1.87394E-031  9.41240E-023  2.70545E-016  4.76851E-016  2.81504E-014  2.17985E-023  3.05331E-015  1.00000E-040  1.68709E-013  2.93377E-036  3.10268E-023  7.64912E-030  8.52115E-019  2.56182E-025  8.31488E-014  4.88919E-022  2.48103E-017  4.62759E-037  2.02905E-014  1.00000E-040  1.00000E-040  2.12922E-022  1.00000E-040  7.70310E-027  1.32828E-011  1.00000E-040  1.00000E-003  1.00000E-005  1.00000E-005  1.00000E-005  1.00000E-005  1.00000E-005  1.00000E-005  1.00000E-005  1.00000E-005  1.00000E-005  1.00000E-005  1.00000E-005  1.00000E-005  1.00000E-005  1.00000E-005  1.00000E-005  
3.15000E+001  8.37386E-003  3.22337E+017  1.88162E+002  1.63646E+004  3.42370E-009  1.00000E-040  1.00000E-040  1.14566E-011  1.00000E-040  1.00000E-040  1.00000E-040  1.00000E-040  1.00000E-040  1.00000E-040  1.00000E-040  1.00000E-040  1.00000E-040  1.00000E-040  1.62643E-021  1.00000E-040  1.00000E-040  3.42025E-017  4.34262E-007  5.62600E-006  1.45967E-011  3.15326E-010  2.12193E-002  3.13216E-009  2.83129E-004  2.74327E-020  1.45229E-011  1.00000E-040  1.51578E-040  6.49068E-027  1.01967E-016  5.20628E-007  1.84540E-022  4.76926E-030  3.56994E-036  4.05512E-035  1.00000E-040  5.84365E-020  4.75402E-020  3.90997E-016  3.10292E-013  2.90268E-038  1.00000E-040  1.03227E-012  2.46921E-036  4.38382E-011  3.54272E-016  9.78486E-001  6.62710E-022  6.63094E-024  1.16823E-020  1.00000E-040  1.35269E-038  2.88499E-026  9.24072E-023  1.58687E-009  4.84302E-016  1.33527E-011  1.06441E-016  3.97661E-008  4.80996E-011  4.61603E-006  6.41266E-010  3.55360E-013  3.72716E-018  1.96584E-010  7.42115E-010  1.42245E-013  1.72305E-032  2.51079E-035  1.00000E-040  2.00205E-030  2.05170E-036  1.39725E-024  4.46443E-018  1.31671E-014  1.18682E-021  2.89263E-021  6.28037E-033  1.00000E-040  1.00000E-040  1.00000E-040  4.20281E-028  2.05038E-037  5.38802E-035  3.66502E-023  9.58492E-018  3.31375E-030  3.26068E-031  7.92545E-023  1.73399E-016  6.59863E-016  2.59096E-014  5.75190E-023  1.48447E-015  1.00000E-040  2.05678E-013  7.20437E-036  3.80863E-023  1.00270E-029  8.52041E-019  2.57536E-025  8.30900E-014  4.27491E-022  3.73325E-017  7.90920E-038  2.02792E-014  1.00000E-040  1.00000E-040  2.79124E-022  1.00000E-040  6.97405E-027  1.24774E-011  1.00000E-040  1.00000E-003  1.00000E-005  1.00000E-005  1.00000E-005  1.00000E-005  1.00000E-005  1.00000E-005  1.00000E-005  1.00000E-005  1.00000E-005  1.00000E-005  1.00000E-005  1.00000E-005  1.00000E-005  1.00000E-005  1.00000E-005  
3.25000E+001  7.02020E-003  2.74389E+017  1.85310E+002  1.77833E+004  9.31964E-009  1.00000E-040  1.00000E-040  6.57711E-012  1.00000E-040  1.00000E-040  1.00000E-040  1.00000E-040  1.00000E-040  1.00000E-040  1.00000E-040  1.00000E-040  1.00000E-040  1.00000E-040  1.55696E-021  1.00000E-040  1.00000E-040  7.21077E-017  4.29089E-007  5.50656E-006  2.09067E-011  5.12393E-010  2.12176E-002  3.03801E-009  2.83119E-004  3.98436E-020  1.55885E-011  1.00000E-040  3.85729E-040  1.28306E-026  1.48397E-016  5.03386E-007  1.51660E-022  1.16722E-030  4.41263E-037  5.01292E-036  1.00000E-040  3.76015E-020  3.83571E-020  3.19406E-016  1.96725E-013  3.49535E-038  1.00000E-040  5.70666E-013  2.10463E-036  4.35895E-011  9.38409E-016  9.78487E-001  4.68356E-022  3.21616E-024  5.64802E-021  1.00000E-040  2.79943E-038  4.45804E-026  1.03689E-022  1.65581E-009  4.46791E-016  1.47473E-011  5.92392E-017  3.43962E-008  4.80759E-011  5.34076E-006  5.29906E-010  3.75903E-013  2.27453E-018  1.82116E-010  5.88948E-010  9.05381E-014  1.44413E-032  3.36417E-035  1.00000E-040  2.56039E-030  3.09516E-037  1.39697E-024  6.29976E-018  1.91397E-014  1.59965E-021  3.86239E-021  7.26391E-033  1.00000E-040  1.00000E-040  1.00000E-040  5.08767E-028  2.32650E-037  8.41497E-035  4.27059E-023  9.27503E-018  6.10484E-030  5.20470E-031  6.81435E-023  1.01773E-016  9.37682E-016  2.39460E-014  1.31907E-022  6.95536E-016  1.00000E-040  2.40920E-013  1.74256E-035  4.60086E-023  1.27389E-029  8.51961E-019  2.53372E-025  8.09434E-014  3.67571E-022  5.78470E-017  1.07456E-038  2.02672E-014  1.00000E-040  1.00000E-040  3.66582E-022  1.00000E-040  6.32717E-027  1.17124E-011  1.00000E-040  1.00000E-003  1.00000E-005  1.00000E-005  1.00000E-005  1.00000E-005  1.00000E-005  1.00000E-005  1.00000E-005  1.00000E-005  1.00000E-005  1.00000E-005  1.00000E-005  1.00000E-005  1.00000E-005  1.00000E-005  1.00000E-005  
3.35000E+001  5.86972E-003  2.32926E+017  1.82522E+002  1.94692E+004  2.31935E-008  1.00000E-040  1.00000E-040  3.65490E-012  1.00000E-040  1.00000E-040  1.00000E-040  1.00000E-040  1.00000E-040  1.00000E-040  1.00000E-040  1.00000E-040  1.00000E-040  1.00000E-040  1.46235E-021  1.00000E-040  1.00000E-040  1.64361E-016  4.23917E-007  5.14879E-006  3.02379E-011  8.56641E-010  2.12156E-002  2.96372E-009  2.83106E-004  5.97533E-020  1.70064E-011  1.00000E-040  9.60622E-040  2.61276E-026  2.20406E-016  4.85819E-007  1.20469E-022  2.57077E-031  1.55413E-037  1.75301E-036  1.00000E-040  2.11594E-020  2.80922E-020  2.47293E-016  1.20230E-013  4.02267E-038  1.00000E-040  3.01749E-013  1.80510E-036  4.33299E-011  2.25116E-015  9.78489E-001  3.34606E-022  1.52177E-024  2.71363E-021  1.00000E-040  5.47963E-038  6.50575E-026  1.13363E-022  1.68524E-009  3.97333E-016  1.57935E-011  3.31713E-017  2.96808E-008  4.51373E-011  6.25157E-006  4.13902E-010  3.87701E-013  1.47088E-018  1.64045E-010  4.43605E-010  5.56720E-014  1.21692E-032  4.58312E-035  1.00000E-040  3.35451E-030  4.34763E-038  1.39663E-024  8.91721E-018  2.83637E-014  2.14404E-021  5.14399E-021  8.47861E-033  1.00000E-040  1.00000E-040  1.00000E-040  6.29636E-028  2.60265E-037  1.29406E-034  4.89903E-023  8.31642E-018  1.15793E-029  7.63999E-031  5.66157E-023  5.33401E-017  1.35501E-015  2.21079E-014  2.71682E-022  3.11315E-016  1.00000E-040  2.73226E-013  4.01481E-035  5.44599E-023  1.53796E-029  8.51874E-019  2.37848E-025  7.59753E-014  3.06152E-022  9.22888E-017  1.33371E-039  2.02543E-014  1.00000E-040  1.00000E-040  4.91993E-022  1.00000E-040  6.00996E-027  1.09789E-011  1.00000E-040  1.00000E-003  1.00000E-005  1.00000E-005  1.00000E-005  1.00000E-005  1.00000E-005  1.00000E-005  1.00000E-005  1.00000E-005  1.00000E-005  1.00000E-005  1.00000E-005  1.00000E-005  1.00000E-005  1.00000E-005  1.00000E-005  
3.45000E+001  4.89527E-003  1.96903E+017  1.80070E+002  2.14942E+004  4.22256E-008  1.00000E-040  1.00000E-040  1.95970E-012  1.00000E-040  1.00000E-040  1.00000E-040  1.00000E-040  1.00000E-040  1.00000E-040  1.00000E-040  1.00000E-040  1.00000E-040  1.00000E-040  1.34379E-021  1.00000E-040  1.00000E-040  3.99453E-016  4.18892E-007  4.45812E-006  4.34982E-011  1.46883E-009  2.12134E-002  2.92350E-009  2.83091E-004  9.18609E-020  1.89180E-011  1.00000E-040  2.45345E-039  5.43695E-026  3.34624E-016  4.68096E-007  9.36624E-023  5.21813E-032  1.62641E-037  1.83916E-036  1.00000E-040  1.03351E-020  1.87501E-020  1.83960E-016  7.18232E-014  4.44185E-038  1.00000E-040  1.51647E-013  1.61780E-036  4.30586E-011  4.95529E-015  9.78491E-001  2.65284E-022  7.76368E-025  1.40859E-021  1.00000E-040  1.01021E-037  8.90962E-026  1.18902E-022  1.67354E-009  3.36417E-016  1.61092E-011  2.06111E-017  2.55799E-008  3.88384E-011  7.30332E-006  3.02722E-010  3.76640E-013  1.12609E-018  1.42959E-010  3.08450E-010  3.28497E-014  1.04182E-032  6.24789E-035  1.00000E-040  4.37266E-030  7.02039E-039  1.39624E-024  1.26273E-017  4.29484E-014  2.85143E-021  6.85754E-021  9.97904E-033  1.00000E-040  1.00000E-040  1.00000E-040  7.89722E-028  2.92702E-037  1.90549E-034  5.48916E-023  6.86141E-018  2.25950E-029  1.03238E-030  4.37634E-023  2.47681E-017  1.96177E-015  2.03290E-014  5.13450E-022  1.33679E-016  1.00000E-040  3.01928E-013  8.52011E-035  6.25467E-023  1.73622E-029  8.51781E-019  2.06637E-025  6.78969E-014  2.44673E-022  1.50626E-016  1.84347E-040  2.02404E-014  1.25617E-040  1.00000E-040  6.74169E-022  1.00000E-040  6.09735E-027  1.02796E-011  1.00000E-040  1.00000E-003  1.00000E-005  1.00000E-005  1.00000E-005  1.00000E-005  1.00000E-005  1.00000E-005  1.00000E-005  1.00000E-005  1.00000E-005  1.00000E-005  1.00000E-005  1.00000E-005  1.00000E-005  1.00000E-005  1.00000E-005  
3.55000E+001  4.07349E-003  1.65700E+017  1.78058E+002  2.36775E+004  4.54886E-008  1.00000E-040  1.00000E-040  1.01431E-012  1.00000E-040  1.00000E-040  1.00000E-040  1.00000E-040  1.00000E-040  1.00000E-040  1.00000E-040  1.00000E-040  1.00000E-040  1.00000E-040  1.20398E-021  1.00000E-040  1.00000E-040  1.03550E-015  4.14176E-007  3.69770E-006  6.30387E-011  2.56210E-009  2.12111E-002  2.89779E-009  2.83074E-004  1.44507E-019  2.12304E-011  1.00000E-040  7.18889E-039  1.17508E-025  5.19748E-016  4.50336E-007  7.09059E-023  1.22666E-032  7.52323E-036  8.48269E-035  1.00000E-040  4.46543E-021  1.15666E-020  1.31168E-016  4.17385E-014  4.77395E-038  1.00000E-040  7.15776E-014  1.57335E-036  4.27734E-011  1.00706E-014  9.78493E-001  2.45852E-022  4.54130E-025  8.36995E-022  1.00000E-040  1.77822E-037  1.16155E-025  1.23044E-022  1.61336E-009  2.69831E-016  1.58848E-011  1.50136E-017  2.20288E-008  3.15994E-011  8.38369E-006  2.04518E-010  3.30825E-013  9.84390E-019  1.19700E-010  1.96911E-010  1.87299E-014  9.19909E-033  8.66541E-035  1.00000E-040  5.67825E-030  1.46320E-039  1.39579E-024  1.78380E-017  6.65619E-014  3.78279E-021  9.19110E-021  1.18529E-032  1.00000E-040  1.00000E-040  1.00000E-040  9.94056E-028  3.30389E-037  2.80137E-034  6.13487E-023  5.39357E-018  4.62628E-029  1.31226E-030  3.12516E-023  1.02535E-017  2.82379E-015  1.85848E-014  9.05415E-022  5.47779E-017  1.00000E-040  3.27182E-013  1.70050E-034  7.13610E-023  1.90313E-029  8.51679E-019  1.74093E-025  5.80116E-014  1.88420E-022  2.49066E-016  1.00000E-040  2.02254E-014  1.14042E-039  1.00000E-040  9.63384E-022  1.00000E-040  6.75999E-027  9.61227E-012  1.00000E-040  1.00000E-003  1.00000E-005  1.00000E-005  1.00000E-005  1.00000E-005  1.00000E-005  1.00000E-005  1.00000E-005  1.00000E-005  1.00000E-005  1.00000E-005  1.00000E-005  1.00000E-005  1.00000E-005  1.00000E-005  1.00000E-005  
3.65000E+001  3.38348E-003  1.38856E+017  1.76488E+002  2.67395E+004  2.53163E-008  1.00000E-040  1.00000E-040  5.09472E-013  1.00000E-040  1.00000E-040  1.00000E-040  1.00000E-040  1.00000E-040  1.00000E-040  1.00000E-040  1.00000E-040  1.00000E-040  1.00000E-040  1.04679E-021  1.00000E-040  1.00000E-040  2.93021E-015  4.10028E-007  3.28380E-006  9.59712E-011  4.49228E-009  2.12090E-002  2.83794E-009  2.83054E-004  2.32714E-019  2.32521E-011  1.00000E-040  2.91983E-038  2.75550E-025  8.26922E-016  4.32858E-007  5.13008E-023  2.58542E-033  4.09673E-036  4.59527E-035  1.00000E-040  1.78433E-021  6.75832E-021  8.76149E-017  2.31251E-014  5.16426E-038  1.00000E-040  3.14884E-014  1.74110E-036  4.24745E-011  1.88852E-014  9.78495E-001  2.72176E-022  3.08019E-025  5.87192E-022  1.00000E-040  3.07386E-037  1.48711E-025  1.35671E-022  1.50723E-009  2.06594E-016  1.58798E-011  1.31334E-017  1.89941E-008  2.65247E-011  9.27926E-006  1.26717E-010  2.52147E-013  8.07955E-019  9.61246E-011  1.18521E-010  1.03275E-014  8.60931E-033  1.28345E-034  1.00000E-040  7.56764E-030  3.88172E-040  1.39527E-024  2.49810E-017  1.05428E-013  5.05891E-021  1.23986E-020  1.42122E-032  1.00000E-040  1.00000E-040  1.00000E-040  1.24155E-027  3.68129E-037  4.63038E-034  7.17526E-023  4.33455E-018  1.03914E-028  1.62949E-030  2.10510E-023  3.85460E-018  4.03052E-015  1.68854E-014  1.50914E-021  2.11136E-017  1.00000E-040  3.49131E-013  3.42621E-034  8.52021E-023  2.20918E-029  8.51570E-019  1.61866E-025  4.82340E-014  1.42787E-022  4.12007E-016  1.00000E-040  2.02095E-014  1.00000E-040  1.00000E-040  1.50222E-021  1.00000E-040  8.51566E-027  8.98110E-012  1.00000E-040  1.00000E-003  1.00000E-005  1.00000E-005  1.00000E-005  1.00000E-005  1.00000E-005  1.00000E-005  1.00000E-005  1.00000E-005  1.00000E-005  1.00000E-005  1.00000E-005  1.00000E-005  1.00000E-005  1.00000E-005  1.00000E-005  
3.75000E+001  2.80667E-003  1.15817E+017  1.75524E+002  2.97405E+004  4.09456E-009  1.00000E-040  1.00000E-040  2.44264E-013  1.00000E-040  1.00000E-040  1.00000E-040  1.00000E-040  1.00000E-040  1.00000E-040  1.00000E-040  1.00000E-040  1.00000E-040  1.00000E-040  8.77847E-022  1.00000E-040  1.00000E-040  9.06398E-015  4.06740E-007  3.24487E-006  1.54018E-010  7.89749E-009  2.12075E-002  2.73010E-009  2.83030E-004  3.79778E-019  2.44242E-011  1.00000E-040  1.80596E-037  7.06791E-025  1.34872E-015  4.15920E-007  3.49548E-023  4.08228E-034  1.02406E-036  1.13497E-035  1.00000E-040  6.64765E-022  3.70625E-021  5.33293E-017  1.20640E-014  5.57138E-038  1.00000E-040  1.28063E-014  2.28402E-036  4.21604E-011  3.25155E-014  9.78496E-001  3.55260E-022  2.38437E-025  4.79616E-022  1.00000E-040  5.23921E-037  1.88411E-025  1.61986E-022  1.37397E-009  1.50256E-016  1.64007E-011  1.37070E-017  1.64195E-008  2.44118E-011  9.73304E-006  7.25626E-011  1.62783E-013  5.91917E-019  7.43046E-011  6.78806E-011  5.59966E-015  8.96143E-033  2.05304E-034  1.00000E-040  1.02964E-029  1.26061E-040  1.39469E-024  3.46218E-017  1.70310E-013  6.84440E-021  1.68934E-020  1.72400E-032  1.00000E-040  1.00000E-040  1.00000E-040  1.53081E-027  4.00818E-037  8.78886E-034  8.86111E-023  3.65810E-018  2.59508E-028  2.02147E-030  1.28839E-023  1.28639E-018  5.62581E-015  1.52100E-014  2.37974E-021  7.52239E-018  1.00000E-040  3.67933E-013  6.97788E-034  1.07276E-022  2.80640E-029  8.51453E-019  1.69224E-025  3.93726E-014  1.04927E-022  6.77813E-016  1.00000E-040  2.01925E-014  1.00000E-040  1.00000E-040  2.58836E-021  1.00000E-040  1.25137E-026  8.38981E-012  1.00000E-040  1.00000E-003  1.00000E-005  1.00000E-005  1.00000E-005  1.00000E-005  1.00000E-005  1.00000E-005  1.00000E-005  1.00000E-005  1.00000E-005  1.00000E-005  1.00000E-005  1.00000E-005  1.00000E-005  1.00000E-005  1.00000E-005  
3.85000E+001  2.32661E-003  9.62093E+016  1.75155E+002  3.29242E+004  1.00000E-040  1.00000E-040  1.00000E-040  1.10437E-013  1.00000E-040  1.00000E-040  1.00000E-040  1.00000E-040  1.00000E-040  1.00000E-040  1.00000E-040  1.00000E-040  1.00000E-040  1.00000E-040  7.02659E-022  1.00000E-040  1.00000E-040  2.90750E-014  4.04649E-007  3.27772E-006  2.47064E-010  1.39287E-008  2.12068E-002  2.62034E-009  2.83002E-004  6.14447E-019  2.50662E-011  1.00000E-040  1.40264E-036  1.85926E-024  2.22933E-015  3.99604E-007  2.22771E-023  1.00000E-040  1.00000E-040  1.00000E-040  1.00000E-040  2.22509E-022  1.82514E-021  2.95267E-017  5.94887E-015  5.57453E-038  1.00000E-040  4.74393E-015  3.37253E-036  4.18253E-011  5.11079E-014  9.78497E-001  4.98280E-022  2.02470E-025  4.20257E-022  1.00000E-040  8.47811E-037  2.28580E-025  1.92859E-022  1.23403E-009  1.02956E-016  1.69812E-011  1.56338E-017  1.42207E-008  2.44723E-011  9.54949E-006  3.85903E-011  8.83224E-014  4.37195E-019  5.58390E-011  3.58085E-011  2.88898E-015  1.09946E-032  3.41881E-034  1.00000E-040  1.36087E-029  1.00000E-040  1.39404E-024  4.75679E-017  2.77775E-013  9.22564E-021  2.31442E-020  2.12860E-032  1.00000E-040  1.00000E-040  1.00000E-040  1.86679E-027  4.18795E-037  1.67249E-033  1.09726E-022  3.10398E-018  6.75722E-028  2.43914E-030  6.68654E-024  3.61746E-019  7.54210E-015  1.35574E-014  3.48850E-021  2.45543E-018  1.00000E-040  3.83749E-013  1.31542E-033  1.34785E-022  3.74258E-029  8.51326E-019  1.73336E-025  3.14744E-014  7.11755E-023  1.10639E-015  1.00000E-040  2.01741E-014  1.00000E-040  1.00000E-040  4.62765E-021  1.00000E-040  2.03680E-026  7.83975E-012  1.00000E-040  1.00000E-003  1.00000E-005  1.00000E-005  1.00000E-005  1.00000E-005  1.00000E-005  1.00000E-005  1.00000E-005  1.00000E-005  1.00000E-005  1.00000E-005  1.00000E-005  1.00000E-005  1.00000E-005  1.00000E-005  1.00000E-005  
3.95000E+001  1.92837E-003  7.97298E+016  1.75181E+002  3.69865E+004  1.00000E-040  1.00000E-040  1.00000E-040  4.69294E-014  1.00000E-040  1.00000E-040  1.00000E-040  1.00000E-040  1.00000E-040  1.00000E-040  1.00000E-040  1.00000E-040  1.00000E-040  1.00000E-040  5.30161E-022  1.00000E-040  1.00000E-040  9.11487E-014  4.04226E-007  3.30665E-006  3.79822E-010  2.42907E-008  2.12071E-002  2.55715E-009  2.82969E-004  9.58316E-019  2.53016E-011  1.00000E-040  1.07347E-035  4.63239E-024  3.61186E-015  3.84323E-007  1.34552E-023  1.00000E-040  1.00000E-040  1.00000E-040  1.00000E-040  6.89524E-023  8.08134E-022  1.53305E-017  2.84307E-015  4.93797E-038  1.00000E-040  1.60783E-015  5.16761E-036  4.14680E-011  7.32094E-014  9.78497E-001  6.87872E-022  1.83022E-025  3.65969E-022  1.00000E-040  1.25513E-036  2.57083E-025  2.14215E-022  1.10157E-009  6.61925E-017  1.76177E-011  1.79065E-017  1.23599E-008  2.60198E-011  8.68065E-006  1.93190E-011  4.13115E-014  3.23223E-019  4.13445E-011  1.71485E-011  1.38372E-015  1.59002E-032  5.71038E-034  1.00000E-040  1.66658E-029  1.00000E-040  1.39333E-024  6.38979E-017  4.41892E-013  1.20573E-020  3.11699E-020  2.68749E-032  7.59825E-040  1.00000E-040  1.00000E-040  2.23079E-027  4.09789E-037  2.85659E-033  1.30073E-022  2.57906E-018  1.68519E-027  2.75987E-030  2.92420E-024  8.73724E-020  9.42966E-015  1.18934E-014  4.64497E-021  7.51480E-019  1.00000E-040  3.96381E-013  2.14679E-033  1.61300E-022  5.18936E-029  8.51190E-019  1.58462E-025  2.44665E-014  4.41126E-023  1.75396E-015  1.00000E-040  2.01543E-014  1.00000E-040  1.00000E-040  7.88733E-021  1.00000E-040  3.44072E-026  7.34480E-012  7.88487E-033  1.00000E-003  1.00000E-005  1.00000E-005  1.00000E-005  1.00000E-005  1.00000E-005  1.00000E-005  1.00000E-005  1.00000E-005  1.00000E-005  1.00000E-005  1.00000E-005  1.00000E-005  1.00000E-005  1.00000E-005  1.00000E-005  
4.05000E+001  1.59862E-003  6.59997E+016  1.75437E+002  4.09878E+004  1.00000E-040  1.00000E-040  1.00000E-040  1.86954E-014  1.00000E-040  1.00000E-040  1.00000E-040  1.00000E-040  1.00000E-040  1.00000E-040  1.00000E-040  1.00000E-040  1.00000E-040  1.00000E-040  3.73860E-022  1.00000E-040  1.00000E-040  2.54813E-013  4.05949E-007  3.33043E-006  5.32944E-010  4.02945E-008  2.12081E-002  2.57214E-009  2.82931E-004  1.37201E-018  2.49729E-011  1.00000E-040  6.27249E-035  9.70013E-024  5.36279E-015  3.70443E-007  7.97718E-024  1.67035E-035  3.06487E-037  3.32962E-036  1.00000E-040  2.20784E-023  3.43940E-022  8.00112E-018  1.37216E-015  3.72755E-038  1.00000E-040  5.07109E-016  7.56701E-036  4.10858E-011  9.71423E-014  9.78497E-001  8.72915E-022  1.73904E-025  2.99135E-022  1.00000E-040  1.67448E-036  2.64532E-025  2.10243E-022  9.80736E-010  3.94237E-017  1.84630E-011  1.92710E-017  1.07943E-008  2.72562E-011  7.32626E-006  9.51248E-012  1.78128E-014  2.30208E-019  3.03904E-011  7.51632E-012  6.23257E-016  2.41704E-032  8.84193E-034  1.00000E-040  1.75265E-029  1.00000E-040  1.39267E-024  8.15809E-017  6.45544E-013  1.47127E-020  3.98313E-020  3.49155E-032  1.55773E-035  1.00000E-040  1.00000E-040  2.52381E-027  3.62395E-037  3.94362E-033  1.41463E-022  2.07682E-018  3.55527E-027  2.87719E-030  1.09777E-024  2.05702E-020  1.03720E-014  1.01831E-014  5.53724E-021  2.26675E-019  1.00000E-040  4.05833E-013  2.86993E-033  1.76216E-022  7.38344E-029  8.51044E-019  1.21358E-025  1.81312E-014  2.49354E-023  2.57417E-015  1.00000E-040  2.01329E-014  7.11031E-040  1.00000E-040  1.13629E-020  1.00000E-040  5.62605E-026  6.91588E-012  1.00000E-040  1.00000E-003  1.00000E-005  1.00000E-005  1.00000E-005  1.00000E-005  1.00000E-005  1.00000E-005  1.00000E-005  1.00000E-005  1.00000E-005  1.00000E-005  1.00000E-005  1.00000E-005  1.00000E-005  1.00000E-005  1.00000E-005  
4.15000E+001  1.32566E-003  5.46722E+016  1.75623E+002  4.51719E+004  1.00000E-040  1.00000E-040  1.00000E-040  7.13127E-015  1.00000E-040  1.00000E-040  1.00000E-040  1.00000E-040  1.00000E-040  1.00000E-040  1.00000E-040  1.00000E-040  1.00000E-040  1.00000E-040  2.45955E-022  1.00000E-040  1.00000E-040  5.91525E-013  4.10202E-007  3.34845E-006  6.68353E-010  6.12282E-008  2.12091E-002  2.67161E-009  2.82886E-004  1.74551E-018  2.39117E-011  1.00000E-040  2.36240E-034  1.57216E-023  6.90630E-015  3.58079E-007  4.84076E-024  2.17852E-036  4.96308E-038  5.34933E-037  1.00000E-040  8.15015E-024  1.54957E-022  4.49223E-018  6.92875E-016  2.41766E-038  1.00000E-040  1.51709E-016  9.75429E-036  4.06723E-011  1.23043E-013  9.78498E-001  9.92105E-022  1.68384E-025  2.25685E-022  1.00000E-040  2.03277E-036  2.51433E-025  1.79844E-022  8.70248E-010  2.21049E-017  1.94313E-011  1.88547E-017  9.47093E-009  2.65049E-011  5.86781E-006  4.84261E-012  7.66093E-015  1.51455E-019  2.23004E-011  3.12168E-012  2.71726E-016  3.34085E-032  1.19003E-033  1.00000E-040  1.52069E-029  1.00000E-040  1.39218E-024  9.59420E-017  8.24991E-013  1.61915E-020  4.63826E-020  4.69720E-032  3.55040E-040  1.00000E-040  1.00000E-040  2.62155E-027  2.83641E-037  4.23805E-033  1.38027E-022  1.63628E-018  5.79442E-027  2.75911E-030  3.79339E-025  5.61148E-021  9.77606E-015  8.53400E-015  5.96052E-021  7.09981E-020  1.00000E-040  4.12477E-013  3.15185E-033  1.72007E-022  1.02968E-028  8.50888E-019  7.84151E-026  1.27157E-014  1.31810E-023  3.37939E-015  1.00000E-040  2.01096E-014  1.00000E-040  1.00000E-040  1.27097E-020  1.00000E-040  8.32383E-026  6.55364E-012  1.00000E-040  1.00000E-003  1.00000E-005  1.00000E-005  1.00000E-005  1.00000E-005  1.00000E-005  1.00000E-005  1.00000E-005  1.00000E-005  1.00000E-005  1.00000E-005  1.00000E-005  1.00000E-005  1.00000E-005  1.00000E-005  1.00000E-005  
4.25000E+001  1.09951E-003  4.53327E+016  1.75673E+002  5.04170E+004  1.00000E-040  1.00000E-040  1.00000E-040  2.66194E-015  1.00000E-040  1.00000E-040  1.00000E-040  1.00000E-040  1.00000E-040  1.00000E-040  1.00000E-040  1.00000E-040  1.00000E-040  1.00000E-040  1.51626E-022  1.00000E-040  1.00000E-040  1.16785E-012  4.17096E-007  3.36052E-006  7.69508E-010  8.60144E-008  2.12097E-002  2.85395E-009  2.82835E-004  2.01671E-018  2.23420E-011  1.00000E-040  6.14011E-034  2.03504E-023  7.75952E-015  3.47270E-007  3.14899E-024  2.80340E-038  5.71908E-040  8.70448E-039  1.00000E-040  3.57407E-024  7.79344E-023  2.79741E-018  3.76784E-016  1.05325E-038  1.00000E-040  4.43575E-017  1.12513E-035  4.02254E-011  1.51928E-013  9.78499E-001  1.03572E-021  1.63558E-025  1.60247E-022  1.00000E-040  2.25735E-036  2.21225E-025  1.36260E-022  7.71296E-010  1.19060E-017  2.03938E-011  1.71267E-017  8.35872E-009  2.39686E-011  4.62623E-006  2.62248E-012  3.45509E-015  9.61689E-020  1.63938E-011  1.28849E-012  1.32960E-016  4.02137E-032  1.39319E-033  1.00000E-040  1.13361E-029  8.67240E-039  1.39184E-024  1.02628E-016  9.25221E-013  1.59403E-020  4.85922E-020  6.51408E-032  1.00000E-040  1.00000E-040  1.00000E-040  2.52691E-027  1.30601E-037  3.69868E-033  1.21218E-022  1.28281E-018  7.51398E-027  2.43404E-030  1.31178E-025  1.92667E-021  8.05066E-015  7.05486E-015  5.89127E-021  2.41080E-020  1.00000E-040  4.16853E-013  2.93688E-033  1.50711E-022  1.37736E-028  8.50727E-019  4.42714E-026  8.43520E-015  6.90726E-024  4.03784E-015  1.00000E-040  2.00843E-014  1.00000E-040  1.00000E-040  1.13602E-020  1.00000E-040  1.12296E-025  6.25455E-012  1.00000E-040  1.00000E-003  1.00000E-005  1.00000E-005  1.00000E-005  1.00000E-005  1.00000E-005  1.00000E-005  1.00000E-005  1.00000E-005  1.00000E-005  1.00000E-005  1.00000E-005  1.00000E-005  1.00000E-005  1.00000E-005  1.00000E-005  
4.35000E+001  9.12009E-004  3.76103E+016  1.75634E+002  5.66624E+004  1.00000E-040  1.00000E-040  1.00000E-040  9.27586E-016  1.00000E-040  1.00000E-040  1.00000E-040  1.00000E-040  1.00000E-040  1.00000E-040  1.00000E-040  1.00000E-040  1.00000E-040  1.00000E-040  8.80360E-023  1.00000E-040  1.00000E-040  2.09726E-012  4.26478E-007  3.36706E-006  8.46464E-010  1.15629E-007  2.12098E-002  3.12546E-009  2.82778E-004  2.21066E-018  2.06487E-011  1.00000E-040  5.35064E-033  2.27093E-023  7.88176E-015  3.37889E-007  2.26738E-024  1.00000E-040  1.00000E-040  1.00000E-040  1.00000E-040  1.81184E-024  4.38673E-023  1.93831E-018  2.24835E-016  1.00000E-040  1.00000E-040  1.30705E-017  2.51024E-035  3.97464E-011  1.84098E-013  9.78499E-001  1.02785E-021  1.59023E-025  1.09895E-022  1.00000E-040  2.29533E-036  1.79688E-025  9.37798E-023  6.85908E-010  6.27099E-018  2.13412E-011  1.49766E-017  7.43186E-009  2.07946E-011  3.69919E-006  1.51349E-012  1.65431E-015  6.30581E-020  1.21167E-011  5.46975E-013  1.05533E-016  4.39050E-032  1.47602E-033  1.00000E-040  7.79459E-030  2.90585E-036  1.39157E-024  1.01206E-016  9.40184E-013  1.42820E-020  4.65459E-020  9.20073E-032  5.25234E-040  1.00000E-040  1.00000E-040  2.33620E-027  1.00000E-040  2.79904E-033  9.77621E-023  1.00774E-018  8.37963E-027  1.97438E-030  4.80313E-026  8.23959E-022  5.97885E-015  5.78997E-015  5.39191E-021  9.07958E-021  1.00000E-040  4.19566E-013  2.40403E-033  1.21086E-022  1.78722E-028  8.50564E-019  2.25084E-026  5.29550E-015  3.79989E-024  4.57465E-015  1.97311E-038  2.00572E-014  1.00000E-040  1.00000E-040  8.74517E-021  1.00000E-040  1.43493E-025  6.00995E-012  3.35710E-034  1.00000E-003  1.00000E-005  1.00000E-005  1.00000E-005  1.00000E-005  1.00000E-005  1.00000E-005  1.00000E-005  1.00000E-005  1.00000E-005  1.00000E-005  1.00000E-005  1.00000E-005  1.00000E-005  1.00000E-005  1.00000E-005  
4.45000E+001  7.56466E-004  3.12162E+016  1.75520E+002  6.33601E+004  1.00000E-040  1.00000E-040  1.00000E-040  3.27335E-016  1.00000E-040  1.00000E-040  1.00000E-040  1.00000E-040  1.00000E-040  1.00000E-040  1.00000E-040  1.00000E-040  1.00000E-040  1.00000E-040  4.84659E-023  1.00000E-040  1.00000E-040  3.60068E-012  4.38190E-007  3.36880E-006  9.13517E-010  1.52601E-007  2.12093E-002  3.50647E-009  2.82715E-004  2.37024E-018  1.90620E-011  1.00000E-040  5.99983E-031  2.31558E-023  7.46869E-015  3.29636E-007  1.82071E-024  2.05290E-035  7.51508E-037  7.73373E-036  1.00000E-040  1.02777E-024  2.72630E-023  1.48291E-018  1.47933E-016  1.00000E-040  1.00000E-040  3.95657E-018  1.90839E-033  3.92329E-011  2.19290E-013  9.78501E-001  9.89332E-022  1.54296E-025  7.40005E-023  1.00000E-040  2.16818E-036  1.36325E-025  6.02720E-023  6.14166E-010  3.34277E-018  2.23155E-011  1.29058E-017  6.65771E-009  1.77609E-011  3.03463E-006  9.21310E-013  8.35577E-016  4.41668E-020  9.03173E-012  2.42058E-013  1.11668E-016  4.55715E-032  1.47144E-033  1.00000E-040  5.19789E-030  7.98216E-034  1.39128E-024  9.42550E-017  8.92287E-013  1.19473E-020  4.17976E-020  1.31125E-031  1.58270E-035  1.00000E-040  1.00000E-040  2.12393E-027  1.00000E-040  1.93927E-033  7.42698E-023  7.93514E-019  8.52184E-027  1.49103E-030  1.90231E-026  4.22482E-022  4.10551E-015  4.73678E-015  4.60492E-021  3.80122E-021  1.00000E-040  4.21151E-013  1.79515E-033  9.15773E-023  2.27848E-028  8.50402E-019  1.06058E-026  3.16390E-015  2.26388E-024  5.06370E-015  1.01440E-036  2.00282E-014  1.31008E-039  1.00000E-040  6.14078E-021  1.00000E-040  1.77994E-025  5.80744E-012  9.41972E-034  1.00000E-003  1.00000E-005  1.00000E-005  1.00000E-005  1.00000E-005  1.00000E-005  1.00000E-005  1.00000E-005  1.00000E-005  1.00000E-005  1.00000E-005  1.00000E-005  1.00000E-005  1.00000E-005  1.00000E-005  1.00000E-005  
4.55000E+001  6.27390E-004  2.59166E+016  1.75338E+002  6.89710E+004  1.00000E-040  1.00000E-040  1.00000E-040  1.24087E-016  1.00000E-040  1.00000E-040  1.00000E-040  1.00000E-040  1.00000E-040  1.00000E-040  1.00000E-040  1.00000E-040  1.00000E-040  1.00000E-040  2.55566E-023  1.00000E-040  1.00000E-040  6.05110E-012  4.52337E-007  3.36638E-006  9.79096E-010  1.99824E-007  2.12085E-002  4.04354E-009  2.82644E-004  2.51692E-018  1.76301E-011  7.70497E-040  3.72028E-029  2.23473E-023  6.74419E-015  3.22108E-007  1.61179E-024  1.00000E-040  1.00000E-040  1.00000E-040  1.00000E-040  6.36818E-025  1.84317E-023  1.23578E-018  1.06424E-016  1.00000E-040  1.00000E-040  1.22900E-018  1.18779E-031  3.86731E-011  2.57210E-013  9.78502E-001  9.31243E-022  1.49105E-025  4.92228E-023  1.00000E-040  2.01812E-036  1.02286E-025  3.71356E-023  5.54115E-010  1.90755E-018  2.33431E-011  1.10674E-017  5.99827E-009  1.51227E-011  2.54828E-006  5.84792E-013  4.40531E-016  3.32065E-020  6.79147E-012  1.11366E-013  1.22781E-016  4.62052E-032  1.41447E-033  1.00000E-040  3.43407E-030  1.00000E-040  1.39094E-024  8.46778E-017  8.07422E-013  9.54502E-021  3.59558E-020  1.88203E-031  4.54724E-040  1.00000E-040  1.00000E-040  1.91826E-027  1.00000E-040  1.27836E-033  5.43831E-023  6.26370E-019  8.17899E-027  1.11167E-030  8.08409E-027  2.50227E-022  2.65359E-015  3.86939E-015  3.71578E-021  1.74056E-021  1.00000E-040  4.22001E-013  1.31049E-033  6.67378E-023  2.87356E-028  8.50245E-019  4.76382E-027  1.81806E-015  1.46607E-024  5.54754E-015  1.00000E-040  1.99966E-014  1.85029E-039  1.00000E-040  4.07014E-021  1.00000E-040  2.16930E-025  5.63356E-012  2.58360E-033  1.00000E-003  1.00000E-005  1.00000E-005  1.00000E-005  1.00000E-005  1.00000E-005  1.00000E-005  1.00000E-005  1.00000E-005  1.00000E-005  1.00000E-005  1.00000E-005  1.00000E-005  1.00000E-005  1.00000E-005  1.00000E-005  
4.65000E+001  5.20257E-004  2.15187E+016  1.75113E+002  7.80352E+004  1.00000E-040  1.00000E-040  1.00000E-040  4.11581E-017  1.00000E-040  1.00000E-040  1.00000E-040  1.00000E-040  1.00000E-040  1.00000E-040  1.00000E-040  1.00000E-040  1.00000E-040  1.00000E-040  1.30667E-023  1.00000E-040  1.00000E-040  1.00770E-011  4.68829E-007  3.36026E-006  1.04825E-009  2.60885E-007  2.12073E-002  4.80800E-009  2.82566E-004  2.66246E-018  1.63424E-011  4.51930E-038  1.16261E-027  2.19723E-023  5.89124E-015  3.15119E-007  1.55923E-024  1.82887E-037  8.00115E-039  8.07418E-038  1.00000E-040  4.26580E-025  1.34607E-023  1.11357E-018  8.32745E-017  7.40394E-038  1.00000E-040  3.95812E-019  3.72792E-030  3.80663E-011  2.98052E-013  9.78503E-001  8.60918E-022  1.43716E-025  3.24997E-023  1.00000E-040  2.51685E-036  1.03069E-025  2.27920E-023  5.04899E-010  1.23722E-018  2.44557E-011  9.49292E-018  5.43748E-009  1.29214E-011  2.17982E-006  3.84770E-013  2.40953E-016  2.69373E-020  5.16161E-012  5.32818E-014  1.34732E-016  4.64029E-032  1.33086E-033  1.00000E-040  2.26835E-030  1.00000E-040  1.39054E-024  7.47310E-017  7.07137E-013  7.42863E-021  3.01963E-020  2.70095E-031  1.00000E-040  1.00000E-040  1.00000E-040  1.72830E-027  3.07979E-036  8.38174E-034  3.91488E-023  4.96117E-019  7.71017E-027  1.14142E-030  3.67846E-027  1.67028E-022  1.63504E-015  3.15856E-015  2.87226E-021  8.67081E-022  1.00000E-040  4.22350E-013  1.27616E-033  4.78125E-023  3.60548E-028  8.50095E-019  2.12149E-027  1.01441E-015  1.03187E-024  6.05006E-015  1.00000E-040  1.99624E-014  3.96569E-040  1.00000E-040  2.67561E-021  1.00000E-040  2.62219E-025  5.48137E-012  7.05139E-033  1.00000E-003  1.00000E-005  1.00000E-005  1.00000E-005  1.00000E-005  1.00000E-005  1.00000E-005  1.00000E-005  1.00000E-005  1.00000E-005  1.00000E-005  1.00000E-005  1.00000E-005  1.00000E-005  1.00000E-005  1.00000E-005  
4.75000E+001  4.31326E-004  1.78692E+016  1.74830E+002  8.59767E+004  1.00000E-040  1.00000E-040  1.00000E-040  7.79386E-018  1.00000E-040  1.00000E-040  1.00000E-040  1.00000E-040  1.00000E-040  1.00000E-040  1.00000E-040  1.00000E-040  1.00000E-040  1.00000E-040  6.56119E-024  1.00000E-040  1.00000E-040  1.66997E-011  4.87573E-007  3.35084E-006  1.12413E-009  3.39838E-007  2.12059E-002  5.91013E-009  2.82481E-004  2.80977E-018  1.51563E-011  1.31989E-036  2.06292E-026  4.07662E-023  5.03134E-015  3.08516E-007  1.62846E-024  1.00000E-040  1.00000E-040  1.00000E-040  1.00000E-040  3.06000E-025  1.05297E-023  1.07396E-018  7.02142E-017  3.99066E-036  1.00000E-040  1.33514E-019  6.62815E-029  3.74123E-011  3.42417E-013  9.78505E-001  7.83774E-022  1.37739E-025  2.14212E-023  1.00000E-040  7.67448E-036  2.54339E-025  1.87891E-023  4.65325E-010  9.35917E-019  2.56715E-011  8.15700E-018  4.96147E-009  1.11218E-011  1.88962E-006  2.61352E-013  1.36180E-016  2.33508E-020  3.97264E-012  2.64955E-014  1.45428E-016  4.64266E-032  1.23748E-033  1.00000E-040  1.50343E-030  1.00000E-040  1.39008E-024  6.56828E-017  6.06129E-013  5.72131E-021  2.50999E-020  3.85791E-031  1.00000E-040  1.00000E-040  1.00000E-040  1.55479E-027  2.00041E-034  7.38967E-034  2.81346E-023  3.94591E-019  9.48053E-027  3.16533E-030  1.79151E-027  1.23083E-022  9.72193E-016  2.57834E-015  2.15516E-021  4.67595E-022  1.00000E-040  4.22358E-013  3.03506E-033  3.42013E-023  4.50790E-028  8.49962E-019  1.26677E-027  5.55259E-016  7.84617E-025  6.57883E-015  1.00000E-040  1.99256E-014  7.06063E-040  1.00000E-040  2.44863E-021  1.00000E-040  3.14663E-025  5.34529E-012  1.86237E-032  1.00000E-003  1.00000E-005  1.00000E-005  1.00000E-005  1.00000E-005  1.00000E-005  1.00000E-005  1.00000E-005  1.00000E-005  1.00000E-005  1.00000E-005  1.00000E-005  1.00000E-005  1.00000E-005  1.00000E-005  1.00000E-005  
4.85000E+001  3.57496E-004  1.48408E+016  1.74474E+002  9.43451E+004  1.00000E-040  1.00000E-040  1.00000E-040  1.00000E-040  1.00000E-040  1.00000E-040  1.00000E-040  1.00000E-040  1.00000E-040  1.00000E-040  1.00000E-040  1.00000E-040  1.00000E-040  1.00000E-040  3.28261E-024  1.00000E-040  1.00000E-040  2.75741E-011  5.08921E-007  3.33823E-006  1.20924E-009  4.41265E-007  2.12043E-002  7.54321E-009  2.82386E-004  2.95540E-018  1.40175E-011  2.39957E-035  2.29594E-025  2.62399E-022  4.23107E-015  3.02033E-007  1.80749E-024  1.00000E-040  1.00000E-040  1.00000E-040  1.00000E-040  2.32243E-025  8.71975E-024  1.09261E-018  6.28938E-017  1.76576E-034  1.00000E-040  4.67941E-020  7.37926E-028  3.66965E-011  3.91138E-013  9.78507E-001  7.04250E-022  1.30891E-025  1.41702E-023  1.00000E-040  4.04513E-035  1.08603E-024  5.28147E-023  4.33487E-010  8.04444E-019  2.70146E-011  7.02047E-018  4.54963E-009  9.65960E-012  1.65182E-006  1.82503E-013  7.91990E-017  2.12936E-020  3.09380E-012  1.36110E-014  1.52565E-016  4.63486E-032  1.14327E-033  1.00000E-040  9.99570E-031  1.00000E-040  1.38954E-024  5.78663E-017  5.11646E-013  4.40033E-021  2.07949E-020  5.50189E-031  1.00000E-040  1.00000E-040  1.00000E-040  1.39548E-027  1.05721E-032  2.22677E-033  2.03566E-023  3.15397E-019  3.55919E-026  1.55904E-029  9.23262E-028  9.80979E-023  5.63500E-016  2.10444E-015  1.58665E-021  2.68539E-022  1.00000E-040  4.22126E-013  1.24923E-032  2.46390E-023  5.63152E-028  8.49849E-019  2.58337E-027  3.00676E-016  6.36766E-025  7.13007E-015  2.47911E-036  1.98854E-014  4.13105E-039  1.00000E-040  6.75574E-021  1.00000E-040  3.74559E-025  5.21825E-012  4.78216E-032  1.00000E-003  1.00000E-005  1.00000E-005  1.00000E-005  1.00000E-005  1.00000E-005  1.00000E-005  1.00000E-005  1.00000E-005  1.00000E-005  1.00000E-005  1.00000E-005  1.00000E-005  1.00000E-005  1.00000E-005  1.00000E-005  
4.95000E+001  2.96200E-004  1.23243E+016  1.74076E+002  1.04470E+005  1.00000E-040  1.00000E-040  1.00000E-040  1.00000E-040  1.00000E-040  1.00000E-040  1.00000E-040  1.00000E-040  1.00000E-040  1.00000E-040  1.00000E-040  1.00000E-040  1.00000E-040  1.00000E-040  1.66849E-024  1.00000E-040  1.00000E-040  4.54975E-011  5.32950E-007  3.32255E-006  1.30664E-009  5.71173E-007  2.12024E-002  9.97349E-009  2.82282E-004  3.09833E-018  1.28973E-011  2.97765E-034  1.74669E-024  1.89693E-021  3.52081E-015  2.95548E-007  2.10824E-024  4.58699E-038  2.52056E-039  2.44450E-038  1.00000E-040  1.85103E-025  7.57732E-024  1.15977E-018  5.92030E-017  1.54172E-037  1.00000E-040  1.70973E-020  5.62447E-027  3.59150E-011  4.46127E-013  9.78509E-001  6.27086E-022  1.23758E-025  9.52729E-024  1.00000E-040  2.14163E-034  4.65956E-024  2.63040E-022  4.08480E-010  7.52503E-019  2.85419E-011  6.06113E-018  4.19283E-009  8.48526E-012  1.45070E-006  1.30847E-013  4.73080E-017  2.03485E-020  2.43872E-012  7.22419E-015  1.55938E-016  4.62066E-032  1.05372E-033  1.00000E-040  6.66563E-031  1.79342E-035  1.38892E-024  5.13562E-017  4.27876E-013  3.40720E-021  1.72925E-020  7.81088E-031  1.00000E-040  1.00000E-040  1.00000E-040  1.24873E-027  6.25126E-036  1.19373E-032  1.49345E-023  2.53854E-019  2.32278E-025  7.53320E-029  5.01804E-028  8.32508E-023  3.20289E-016  1.71631E-015  1.15706E-021  1.63056E-022  1.00000E-040  4.21715E-013  5.16809E-032  1.80123E-023  7.09175E-028  8.49765E-019  9.36060E-027  1.61722E-016  5.45799E-025  7.70024E-015  4.05591E-038  1.98416E-014  9.78062E-040  1.00000E-040  2.97307E-020  1.00000E-040  4.44849E-025  5.09668E-012  1.18415E-031  1.00000E-003  1.00000E-005  1.00000E-005  1.00000E-005  1.00000E-005  1.00000E-005  1.00000E-005  1.00000E-005  1.00000E-005  1.00000E-005  1.00000E-005  1.00000E-005  1.00000E-005  1.00000E-005  1.00000E-005  1.00000E-005  
5.05000E+001  2.45319E-004  1.02323E+016  1.73650E+002  1.14473E+005  1.00000E-040  1.00000E-040  1.00000E-040  1.00000E-040  1.00000E-040  1.00000E-040  1.00000E-040  1.00000E-040  1.00000E-040  1.00000E-040  1.00000E-040  1.00000E-040  1.00000E-040  1.00000E-040  8.84387E-025  1.00000E-040  1.00000E-040  7.51513E-011  5.59840E-007  3.30386E-006  1.42026E-009  7.36509E-007  2.12002E-002  1.35846E-008  2.82166E-004  3.23578E-018  1.17787E-011  2.75827E-033  9.91359E-024  1.07790E-020  2.90874E-015  2.88933E-007  2.55643E-024  6.13713E-038  3.62522E-039  3.55720E-038  1.00000E-040  1.53934E-025  6.85349E-024  1.27036E-018  5.79529E-017  8.37836E-037  1.00000E-040  6.52126E-021  3.24225E-026  3.50610E-011  5.10550E-013  9.78511E-001  5.56097E-022  1.16592E-025  6.64119E-024  1.00000E-040  1.02482E-033  1.80661E-023  1.12130E-021  3.89511E-010  7.41757E-019  3.03286E-011  5.25495E-018  3.88225E-009  7.55918E-012  1.27596E-006  9.62275E-014  2.89879E-017  2.02439E-020  1.94606E-012  3.96114E-015  1.56778E-016  4.59928E-032  9.72037E-034  1.00000E-040  4.45677E-031  2.86672E-037  1.38822E-024  4.60066E-017  3.56360E-013  2.67301E-021  1.45050E-020  1.10270E-030  1.00000E-040  1.00000E-040  1.00000E-040  1.11287E-027  4.78923E-035  5.50840E-032  1.11592E-023  2.06411E-019  1.36673E-024  3.19516E-028  2.87006E-028  7.42761E-023  1.79561E-016  1.39788E-015  8.43375E-022  1.03825E-022  1.00000E-040  4.21164E-013  1.93496E-031  1.34399E-023  9.09357E-028  8.49723E-019  2.91798E-026  8.67147E-017  4.89421E-025  8.27987E-015  5.53881E-040  1.97937E-014  3.05960E-040  1.00000E-040  1.20550E-019  1.00000E-040  5.28959E-025  4.97728E-012  2.82434E-031  1.00000E-003  1.00000E-005  1.00000E-005  1.00000E-005  1.00000E-005  1.00000E-005  1.00000E-005  1.00000E-005  1.00000E-005  1.00000E-005  1.00000E-005  1.00000E-005  1.00000E-005  1.00000E-005  1.00000E-005  1.00000E-005  
5.15000E+001  2.03094E-004  8.49266E+015  1.73209E+002  1.24475E+005  1.00000E-040  1.00000E-040  1.00000E-040  1.00000E-040  1.00000E-040  1.00000E-040  1.00000E-040  1.00000E-040  1.00000E-040  1.00000E-040  1.00000E-040  1.00000E-040  1.00000E-040  1.00000E-040  5.05141E-025  1.00000E-040  1.00000E-040  1.24486E-010  5.90055E-007  3.28196E-006  1.55570E-009  9.45060E-007  2.11978E-002  1.89492E-008  2.82036E-004  3.36531E-018  1.06617E-011  2.13931E-032  4.69854E-023  5.14512E-020  2.39147E-015  2.82012E-007  3.19305E-024  2.13961E-038  1.34710E-039  1.31365E-038  1.00000E-040  1.33058E-025  6.41164E-024  1.42159E-018  5.84667E-017  3.94580E-036  1.00000E-040  2.58506E-021  1.62391E-025  3.41190E-011  5.89044E-013  9.78514E-001  4.94217E-022  1.09605E-025  4.93932E-024  1.00000E-040  4.54339E-033  6.48515E-023  4.06772E-021  3.75931E-010  7.57809E-019  3.24884E-011  4.58037E-018  3.60832E-009  6.85359E-012  1.12057E-006  7.25507E-014  1.82058E-017  2.08771E-020  1.57140E-012  2.24197E-015  1.55775E-016  4.56662E-032  8.99855E-034  1.00000E-040  2.98581E-031  5.40531E-039  1.38742E-024  4.15761E-017  2.97435E-013  2.13908E-021  1.23364E-020  1.55058E-030  1.45070E-040  1.00000E-040  1.00000E-040  9.86341E-028  2.46731E-034  2.17951E-031  8.51441E-024  1.70923E-019  7.63626E-024  1.23163E-027  1.72079E-028  6.90121E-023  9.98186E-017  1.13601E-015  6.19632E-022  6.85440E-023  1.00000E-040  4.20489E-013  6.72765E-031  1.02995E-023  1.20510E-027  8.49735E-019  7.80446E-026  4.64961E-017  4.55656E-025  8.85313E-015  1.00000E-040  1.97410E-014  1.00000E-040  1.00000E-040  4.71072E-019  1.00000E-040  6.31998E-025  4.85630E-012  6.51520E-031  1.00000E-003  1.00000E-005  1.00000E-005  1.00000E-005  1.00000E-005  1.00000E-005  1.00000E-005  1.00000E-005  1.00000E-005  1.00000E-005  1.00000E-005  1.00000E-005  1.00000E-005  1.00000E-005  1.00000E-005  1.00000E-005  
5.25000E+001  1.68074E-004  7.04234E+015  1.72862E+002  1.34477E+005  1.00000E-040  1.00000E-040  1.00000E-040  1.00000E-040  1.00000E-040  1.00000E-040  1.00000E-040  1.00000E-040  1.00000E-040  1.00000E-040  1.00000E-040  1.00000E-040  1.00000E-040  1.00000E-040  3.21161E-025  1.00000E-040  1.00000E-040  2.07689E-010  6.24135E-007  3.25653E-006  1.72085E-009  1.20512E-006  2.11950E-002  2.68782E-008  2.81890E-004  3.49525E-018  9.58555E-012  1.58869E-031  2.11135E-022  2.32485E-019  1.96261E-015  2.74619E-007  4.08225E-024  1.00000E-040  1.00000E-040  1.00000E-040  1.00000E-040  1.19887E-025  6.19808E-024  1.61378E-018  6.03784E-017  1.80218E-035  1.00000E-040  1.06132E-021  8.08777E-025  3.30720E-011  6.87889E-013  9.78517E-001  4.44812E-022  1.04305E-025  4.07499E-024  1.00000E-040  1.92589E-032  2.22199E-022  1.40537E-020  3.67485E-010  7.99586E-019  3.52443E-011  4.02583E-018  3.36389E-009  6.35639E-012  9.77583E-007  5.61268E-014  1.17112E-017  2.27171E-020  1.28244E-012  1.31037E-015  1.53292E-016  4.51637E-032  8.37242E-034  1.00000E-040  1.99700E-031  1.18551E-040  1.38652E-024  3.78511E-017  2.52246E-013  1.77246E-021  1.07902E-020  2.17321E-030  1.90447E-039  1.00000E-040  1.00000E-040  8.66243E-028  1.18673E-033  8.30194E-031  6.66669E-024  1.48769E-019  4.47664E-023  4.61980E-027  1.07901E-028  6.64493E-023  5.52300E-017  9.18963E-016  4.63423E-022  4.64216E-023  1.00000E-040  4.19694E-013  2.22995E-030  8.23803E-024  1.69823E-027  8.49821E-019  2.00618E-025  2.49727E-017  4.36711E-025  9.38456E-015  1.00000E-040  1.96825E-014  1.00000E-040  1.00000E-040  1.86930E-018  1.00000E-040  7.72532E-025  4.73049E-012  1.45548E-030  1.00000E-003  1.00000E-005  1.00000E-005  1.00000E-005  1.00000E-005  1.00000E-005  1.00000E-005  1.00000E-005  1.00000E-005  1.00000E-005  1.00000E-005  1.00000E-005  1.00000E-005  1.00000E-005  1.00000E-005  1.00000E-005  
5.35000E+001  1.39056E-004  5.83410E+015  1.72636E+002  1.44478E+005  1.00000E-040  1.00000E-040  1.00000E-040  1.00000E-040  1.00000E-040  1.00000E-040  1.00000E-040  1.00000E-040  1.00000E-040  1.00000E-040  1.00000E-040  1.00000E-040  1.00000E-040  1.00000E-040  2.30569E-025  1.00000E-040  1.00000E-040  3.49916E-010  6.62717E-007  3.22716E-006  1.93103E-009  1.52108E-006  2.11918E-002  3.85082E-008  2.81723E-004  3.69189E-018  8.75032E-012  1.18876E-030  9.43515E-022  1.04092E-018  1.62819E-015  2.66585E-007  5.31038E-024  1.00000E-040  1.00000E-040  1.00000E-040  1.00000E-040  1.13466E-025  6.20204E-024  1.84214E-018  6.35048E-017  8.23875E-035  1.00000E-040  4.49866E-022  4.00250E-024  3.19007E-011  8.12588E-013  9.78520E-001  4.11656E-022  1.00853E-025  3.86487E-024  1.00000E-040  7.83222E-032  7.28517E-022  4.84853E-020  3.64248E-010  8.74558E-019  3.89684E-011  3.58183E-018  3.14325E-009  6.10022E-012  8.42620E-007  4.46639E-014  7.73233E-018  2.64949E-020  1.05831E-012  7.95226E-016  1.49513E-016  4.43948E-032  7.86820E-034  1.00000E-040  1.33258E-031  1.00000E-040  1.38549E-024  3.46568E-017  2.24249E-013  1.58250E-021  1.00638E-020  3.03761E-030  2.43772E-038  1.00000E-040  1.00000E-040  7.50561E-028  5.40612E-033  3.20757E-030  5.39741E-024  1.51080E-019  2.52498E-022  1.73664E-026  7.10602E-029  6.62975E-023  3.09978E-017  7.39126E-016  3.58658E-022  3.18979E-023  1.00000E-040  4.18774E-013  7.08686E-030  7.16060E-024  2.60353E-027  8.50008E-019  5.23934E-025  1.36528E-017  4.30298E-025  9.81845E-015  1.00000E-040  1.96170E-014  1.00000E-040  1.00000E-040  6.91946E-018  1.00000E-040  9.75125E-025  4.59683E-012  3.14766E-030  1.00000E-003  1.00000E-005  1.00000E-005  1.00000E-005  1.00000E-005  1.00000E-005  1.00000E-005  1.00000E-005  1.00000E-005  1.00000E-005  1.00000E-005  1.00000E-005  1.00000E-005  1.00000E-005  1.00000E-005  1.00000E-005  
5.45000E+001  1.15027E-004  4.83178E+015  1.72428E+002  1.54480E+005  1.00000E-040  1.00000E-040  1.00000E-040  1.00000E-040  1.00000E-040  1.00000E-040  1.00000E-040  1.00000E-040  1.00000E-040  1.00000E-040  1.00000E-040  1.00000E-040  1.00000E-040  1.00000E-040  1.84469E-025  1.00000E-040  1.00000E-040  5.96302E-010  7.06527E-007  3.19330E-006  2.21895E-009  1.88534E-006  2.11882E-002  5.54187E-008  2.81531E-004  4.24069E-018  8.78113E-012  8.41374E-030  3.94099E-021  4.34836E-018  1.42933E-015  2.57738E-007  6.98008E-024  1.00000E-040  1.00000E-040  1.00000E-040  1.00000E-040  1.14525E-025  6.45372E-024  2.08592E-018  6.77899E-017  3.58005E-034  1.00000E-040  1.96363E-022  1.77886E-023  3.05841E-011  9.63198E-013  9.78523E-001  4.01645E-022  9.77236E-026  4.26196E-024  1.00000E-040  2.99694E-031  2.23872E-021  1.58281E-019  3.66590E-010  1.00136E-018  4.43670E-011  3.24711E-018  2.94189E-009  6.18578E-012  7.13245E-007  3.67745E-014  5.27844E-018  3.43453E-020  8.84813E-013  5.08296E-016  1.44508E-016  4.32503E-032  7.55184E-034  1.00000E-040  8.91063E-032  1.00000E-040  1.38431E-024  3.18591E-017  2.21009E-013  1.64612E-021  1.07460E-020  4.23519E-030  2.55812E-037  1.00000E-040  1.00000E-040  6.38110E-028  2.17121E-032  1.20161E-029  4.57677E-024  2.15963E-019  1.21110E-021  6.30078E-026  4.97256E-029  6.89090E-023  1.87438E-017  5.91508E-016  3.00198E-022  2.19792E-023  1.00000E-040  4.17719E-013  2.15009E-029  7.31244E-024  4.36769E-027  8.50331E-019  1.34477E-024  8.03721E-018  4.40129E-025  1.00733E-014  1.00000E-040  1.95435E-014  1.00000E-040  1.00000E-040  2.17363E-017  1.00000E-040  1.26632E-024  4.45247E-012  6.57447E-030  1.00000E-003  1.00000E-005  1.00000E-005  1.00000E-005  1.00000E-005  1.00000E-005  1.00000E-005  1.00000E-005  1.00000E-005  1.00000E-005  1.00000E-005  1.00000E-005  1.00000E-005  1.00000E-005  1.00000E-005  1.00000E-005  
5.55000E+001  9.51546E-005  3.99165E+015  1.72661E+002  1.64481E+005  1.00000E-040  1.00000E-040  1.00000E-040  1.00000E-040  1.00000E-040  1.00000E-040  1.00000E-040  1.00000E-040  1.00000E-040  1.00000E-040  1.00000E-040  1.00000E-040  1.00000E-040  1.00000E-040  1.59592E-025  1.00000E-040  1.00000E-040  1.04435E-009  7.56424E-007  3.15425E-006  2.63959E-009  2.27491E-006  2.11841E-002  7.98643E-008  2.81309E-004  6.03591E-018  1.10272E-011  5.40084E-029  1.43535E-020  1.56546E-017  1.47746E-015  2.47896E-007  9.26018E-024  1.00000E-040  1.00000E-040  1.00000E-040  1.00000E-040  1.27353E-025  7.14237E-024  2.32530E-018  7.32629E-017  1.37957E-033  1.00000E-040  8.80549E-023  6.67423E-023  2.90996E-011  1.13272E-012  9.78527E-001  4.36633E-022  1.00446E-025  5.50912E-024  1.00000E-040  1.06262E-030  6.31013E-021  4.57819E-019  3.75129E-010  1.22839E-018  5.31358E-011  3.04245E-018  2.75592E-009  6.77719E-012  5.81330E-007  3.16833E-014  3.74454E-018  5.86229E-020  7.46548E-013  3.47248E-016  1.38249E-016  4.16118E-032  7.45389E-034  1.00000E-040  5.89701E-032  1.00000E-040  1.38296E-024  2.93583E-017  2.56081E-013  2.11653E-021  1.38936E-020  5.88717E-030  1.97551E-036  1.00000E-040  1.00000E-040  5.23128E-028  7.11987E-032  4.15241E-029  4.18598E-024  4.38903E-019  4.74005E-021  2.10005E-025  3.75547E-029  7.57156E-023  1.36144E-017  4.67680E-016  3.03384E-022  1.49953E-023  1.00000E-040  4.16511E-013  5.99709E-029  9.40463E-024  8.08490E-027  8.50828E-019  3.20085E-024  5.65951E-018  4.64333E-025  9.97952E-015  1.00000E-040  1.94603E-014  1.00000E-040  1.00000E-040  5.61833E-017  1.00000E-040  1.82347E-024  4.29455E-012  1.32257E-029  1.00000E-003  1.00000E-005  1.00000E-005  1.00000E-005  1.00000E-005  1.00000E-005  1.00000E-005  1.00000E-005  1.00000E-005  1.00000E-005  1.00000E-005  1.00000E-005  1.00000E-005  1.00000E-005  1.00000E-005  1.00000E-005  
5.65000E+001  7.87406E-005  3.29865E+015  1.72894E+002  1.74482E+005  1.00000E-040  1.00000E-040  1.00000E-040  1.00000E-040  1.00000E-040  1.00000E-040  1.00000E-040  1.00000E-040  1.00000E-040  1.00000E-040  1.00000E-040  1.00000E-040  1.00000E-040  1.00000E-040  1.43183E-025  1.00000E-040  1.00000E-040  1.86847E-009  8.13314E-007  3.10912E-006  3.28582E-009  2.65217E-006  2.11795E-002  1.15016E-007  2.81049E-004  1.12087E-017  1.76783E-011  2.99655E-028  4.42298E-020  4.76815E-017  2.00717E-015  2.36897E-007  1.22854E-023  1.00000E-040  1.00000E-040  1.00000E-040  1.00000E-040  1.56117E-025  8.35770E-024  2.50470E-018  8.00344E-017  4.69077E-033  1.00000E-040  4.04614E-023  2.07411E-022  2.74290E-011  1.30220E-012  9.78532E-001  5.64781E-022  1.03224E-025  7.93915E-024  1.00000E-040  3.50519E-030  1.63139E-020  1.15188E-018  3.90639E-010  1.62228E-018  6.72949E-011  2.95243E-018  2.58213E-009  8.16063E-012  4.57465E-007  2.89977E-014  2.81998E-018  1.28490E-019  6.39164E-013  2.60868E-016  1.30645E-016  3.93521E-032  7.68439E-034  1.00000E-040  3.92624E-032  1.00000E-040  1.38142E-024  2.70962E-017  3.50173E-013  3.28115E-021  2.10402E-020  8.15187E-030  1.12220E-035  1.00000E-040  1.00000E-040  4.14538E-028  1.86408E-031  1.30989E-028  4.15555E-024  9.99388E-019  1.51524E-020  6.26644E-025  3.08420E-029  8.80442E-023  1.34941E-017  3.67969E-016  4.07655E-022  9.99333E-024  1.00000E-040  4.15126E-013  1.60056E-028  1.48030E-023  1.59742E-026  8.51536E-019  7.15968E-024  5.42101E-018  5.18272E-025  9.53592E-015  1.00000E-040  1.93657E-014  1.00000E-040  1.00000E-040  1.19906E-016  1.00000E-040  2.76154E-024  4.12062E-012  2.55238E-029  1.00000E-003  1.00000E-005  1.00000E-005  1.00000E-005  1.00000E-005  1.00000E-005  1.00000E-005  1.00000E-005  1.00000E-005  1.00000E-005  1.00000E-005  1.00000E-005  1.00000E-005  1.00000E-005  1.00000E-005  1.00000E-005  
5.75000E+001  6.51885E-005  2.72244E+015  1.73432E+002  1.84483E+005  1.00000E-040  1.00000E-040  1.00000E-040  1.00000E-040  1.00000E-040  1.00000E-040  1.00000E-040  1.00000E-040  1.00000E-040  1.00000E-040  1.00000E-040  1.00000E-040  1.00000E-040  1.00000E-040  1.29076E-025  1.00000E-040  1.00000E-040  3.42399E-009  8.78084E-007  3.05687E-006  4.24260E-009  3.00474E-006  2.11742E-002  1.65584E-007  2.80741E-004  2.37887E-017  3.09188E-011  1.46164E-027  1.16022E-019  1.22779E-016  3.39057E-015  2.24632E-007  1.63502E-023  1.00000E-040  1.00000E-040  1.00000E-040  1.00000E-040  2.08141E-025  1.03175E-023  2.63080E-018  8.81757E-017  1.39070E-032  1.00000E-040  1.90156E-023  5.43065E-022  2.55649E-011  1.46665E-012  9.78537E-001  9.40343E-022  1.10477E-025  1.25265E-023  1.00000E-040  1.07607E-029  3.83364E-020  2.50973E-018  4.13974E-010  2.29549E-018  8.96236E-011  2.94852E-018  2.41794E-009  1.06054E-011  3.46443E-007  2.85234E-014  2.26943E-018  3.27289E-019  5.53842E-013  2.16262E-016  1.21528E-016  3.62959E-032  8.19462E-034  1.00000E-040  2.59426E-032  1.00000E-040  1.37962E-024  2.50486E-017  5.30561E-013  5.43612E-021  3.33255E-020  1.11995E-029  4.73114E-035  1.00000E-040  1.00000E-040  3.17185E-028  3.93553E-031  3.73876E-028  4.45483E-024  2.17255E-018  4.05831E-020  1.66043E-024  2.72217E-029  1.07522E-022  1.69994E-017  2.87808E-016  6.89449E-022  6.42218E-024  1.00000E-040  4.13540E-013  3.93789E-028  2.53966E-023  3.24984E-026  8.52425E-019  1.46380E-023  6.59360E-018  5.98829E-025  8.79190E-015  1.00000E-040  1.92579E-014  1.00000E-040  1.00000E-040  2.15987E-016  1.00000E-040  4.54326E-024  3.92902E-012  4.70161E-029  1.00000E-003  1.00000E-005  1.00000E-005  1.00000E-005  1.00000E-005  1.00000E-005  1.00000E-005  1.00000E-005  1.00000E-005  1.00000E-005  1.00000E-005  1.00000E-005  1.00000E-005  1.00000E-005  1.00000E-005  1.00000E-005  
5.85000E+001  5.40108E-005  2.24524E+015  1.74235E+002  1.94484E+005  1.00000E-040  1.00000E-040  1.00000E-040  1.00000E-040  1.00000E-040  1.00000E-040  1.00000E-040  1.00000E-040  1.00000E-040  1.00000E-040  1.00000E-040  1.00000E-040  1.00000E-040  1.00000E-040  1.13701E-025  1.00000E-040  1.00296E-040  6.34736E-009  9.51537E-007  2.99617E-006  5.56405E-009  3.35629E-006  2.11681E-002  2.38624E-007  2.80374E-004  4.98437E-017  5.18549E-011  6.27934E-027  2.63123E-019  2.71676E-016  6.05975E-015  2.11074E-007  2.18629E-023  1.00000E-040  1.00000E-040  1.00000E-040  1.00000E-040  2.89029E-025  1.31105E-023  2.73846E-018  9.76814E-017  3.60100E-032  1.00000E-040  9.11864E-024  1.22133E-021  2.35170E-011  1.63895E-012  9.78544E-001  1.97635E-021  1.22448E-025  2.08900E-023  1.00000E-040  3.07019E-029  8.13961E-020  4.73705E-018  4.46080E-010  3.38643E-018  1.22256E-010  2.96650E-018  2.26121E-009  1.43282E-011  2.55978E-007  3.00875E-014  1.94702E-018  7.89465E-019  4.85807E-013  1.94486E-016  1.10728E-016  3.21339E-032  8.85842E-034  1.00000E-040  1.68869E-032  1.00000E-040  1.37755E-024  2.32106E-017  8.24790E-013  8.60943E-021  4.99646E-020  1.51599E-029  1.49670E-034  1.00000E-040  1.00000E-040  2.37936E-028  6.93226E-031  9.46450E-028  4.98637E-024  4.24609E-018  9.32710E-020  3.89382E-024  2.52868E-029  1.34628E-022  2.30194E-017  2.26478E-016  1.24560E-021  3.92954E-024  1.00000E-040  4.11717E-013  8.72377E-028  4.21974E-023  6.40981E-026  8.53242E-019  2.64553E-023  8.54953E-018  7.00586E-025  7.93553E-015  1.00000E-040  1.91345E-014  1.00000E-040  1.00000E-040  3.35638E-016  1.00000E-040  7.85379E-024  3.71914E-012  8.20907E-029  1.00000E-003  1.00000E-005  1.00000E-005  1.00000E-005  1.00000E-005  1.00000E-005  1.00000E-005  1.00000E-005  1.00000E-005  1.00000E-005  1.00000E-005  1.00000E-005  1.00000E-005  1.00000E-005  1.00000E-005  1.00000E-005  
5.95000E+001  4.47913E-005  1.85345E+015  1.75037E+002  2.04485E+005  1.00000E-040  1.00000E-040  1.00000E-040  1.00000E-040  1.00000E-040  1.00000E-040  1.00000E-040  1.00000E-040  1.00000E-040  1.00000E-040  1.00000E-040  1.00000E-040  1.00000E-040  1.00000E-040  9.56574E-026  1.00000E-040  1.00713E-040  1.17270E-008  1.03417E-006  2.92555E-006  7.27495E-009  3.75096E-006  2.11611E-002  3.44567E-007  2.79931E-004  9.66163E-017  7.98308E-011  2.36682E-026  5.25221E-019  5.28906E-016  1.02824E-014  1.96332E-007  2.93031E-023  1.00000E-040  1.00000E-040  1.00000E-040  1.00000E-040  3.99933E-025  1.66276E-023  2.85679E-018  1.08382E-016  8.23233E-032  1.00000E-040  4.45305E-024  2.40170E-021  2.13192E-011  1.84104E-012  9.78551E-001  4.59129E-021  1.35740E-025  3.56093E-023  1.00000E-040  8.07358E-029  1.55251E-019  7.78753E-018  4.88045E-010  5.05711E-018  1.66204E-010  2.94082E-018  2.11049E-009  1.94465E-011  1.88057E-007  3.34091E-014  1.75251E-018  1.60299E-018  4.32282E-013  1.84140E-016  9.82918E-017  2.62714E-032  9.51417E-034  1.00000E-040  1.08420E-032  1.00000E-040  1.37514E-024  2.15678E-017  1.24678E-012  1.23077E-020  6.76952E-020  1.99809E-029  3.61522E-034  1.00000E-040  1.00000E-040  1.78496E-028  1.05806E-030  2.09288E-027  5.61260E-024  7.34125E-018  1.87834E-019  8.09167E-024  2.43422E-029  1.68298E-022  3.01542E-017  1.84013E-016  2.14530E-021  2.26067E-024  1.00000E-040  4.09620E-013  1.72919E-027  6.34235E-023  1.16537E-025  8.53157E-019  4.14467E-023  1.05165E-017  8.19222E-025  7.14476E-015  1.00000E-040  1.89930E-014  8.36716E-038  1.00000E-040  4.58944E-016  1.00000E-040  1.34013E-023  3.49207E-012  1.34450E-028  1.00000E-003  1.00000E-005  1.00000E-005  1.00000E-005  1.00000E-005  1.00000E-005  1.00000E-005  1.00000E-005  1.00000E-005  1.00000E-005  1.00000E-005  1.00000E-005  1.00000E-005  1.00000E-005  1.00000E-005  1.00000E-005  
6.05000E+001  3.71883E-005  1.52766E+015  1.76318E+002  2.14485E+005  1.00000E-040  1.00000E-040  1.00000E-040  1.00000E-040  1.00000E-040  1.00000E-040  1.00000E-040  1.00000E-040  1.00000E-040  1.00000E-040  1.00000E-040  1.00000E-040  1.00000E-040  1.00000E-040  7.59672E-026  1.00000E-040  1.01193E-040  2.16571E-008  1.12613E-006  2.84313E-006  9.32555E-009  4.23345E-006  2.11530E-002  4.99095E-007  2.79389E-004  1.71295E-016  1.12704E-010  8.27797E-026  9.42368E-019  9.14574E-016  1.59886E-014  1.80628E-007  3.94807E-023  1.00000E-040  1.00000E-040  1.00000E-040  1.00000E-040  5.44797E-025  2.10221E-023  3.04197E-018  1.19860E-016  1.64632E-031  1.00000E-040  2.21095E-024  4.23446E-021  1.90252E-011  2.10819E-012  9.78559E-001  1.05435E-020  1.60192E-025  6.26550E-023  1.00000E-040  1.93020E-028  2.63606E-019  1.12142E-017  5.41257E-010  7.56487E-018  2.22900E-010  2.84383E-018  1.96469E-009  2.59182E-011  1.36503E-007  3.80957E-014  1.60024E-018  2.73215E-018  3.87775E-013  1.76337E-016  8.46103E-017  1.74942E-032  9.69713E-034  1.00000E-040  6.68628E-033  1.00000E-040  1.37236E-024  2.00600E-017  1.78300E-012  1.51377E-020  7.99741E-020  2.52180E-029  6.74268E-034  1.00000E-040  1.00000E-040  1.33738E-028  1.42106E-030  4.01898E-027  6.26514E-024  1.12901E-017  3.39715E-019  1.49803E-023  2.62516E-029  2.08158E-022  3.66319E-017  1.57156E-016  3.43712E-021  1.20504E-024  1.00000E-040  4.07206E-013  2.89926E-027  8.19577E-023  1.89783E-025  8.50223E-019  5.43775E-023  1.15927E-017  9.21547E-025  6.43015E-015  1.00000E-040  1.88302E-014  1.00000E-040  1.00000E-040  5.63509E-016  1.00000E-040  2.36993E-023  3.25025E-012  2.03912E-028  1.00000E-003  1.00000E-005  1.00000E-005  1.00000E-005  1.00000E-005  1.00000E-005  1.00000E-005  1.00000E-005  1.00000E-005  1.00000E-005  1.00000E-005  1.00000E-005  1.00000E-005  1.00000E-005  1.00000E-005  1.00000E-005  
6.15000E+001  3.09196E-005  1.26096E+015  1.77603E+002  2.24486E+005  1.00000E-040  1.00000E-040  1.00000E-040  1.00000E-040  1.00000E-040  1.00000E-040  1.00000E-040  1.00000E-040  1.00000E-040  1.00000E-040  1.00000E-040  1.00000E-040  1.00000E-040  1.00000E-040  5.58327E-026  1.00000E-040  1.01747E-040  3.95220E-008  1.22693E-006  2.74676E-006  1.17561E-008  4.80886E-006  2.11437E-002  7.24622E-007  2.78717E-004  2.78266E-016  1.46952E-010  4.05715E-025  1.54074E-018  1.43986E-015  2.27612E-014  1.64285E-007  5.29260E-023  1.00000E-040  1.00000E-040  1.00000E-040  1.00000E-040  7.22760E-025  2.61206E-023  3.26263E-018  1.31557E-016  2.96476E-031  1.00000E-040  1.11413E-024  6.76611E-021  1.67029E-011  2.44893E-012  9.78568E-001  2.25867E-020  1.89423E-025  1.10959E-022  1.00000E-040  4.17418E-028  4.01631E-019  1.44611E-017  6.07492E-010  1.12577E-017  2.93649E-010  2.67552E-018  1.82317E-009  3.40942E-011  9.83795E-008  4.40036E-014  1.46854E-018  3.90572E-018  3.52054E-013  1.69889E-016  7.05390E-017  3.48513E-033  1.68416E-034  1.00000E-040  3.99594E-033  1.00000E-040  1.36914E-024  1.85774E-017  2.38306E-012  1.65963E-020  8.48419E-020  2.99428E-029  1.01929E-033  1.00000E-040  1.00000E-040  1.00715E-028  1.72170E-030  6.84016E-027  6.86233E-024  1.56693E-017  5.58904E-019  2.51211E-023  3.26177E-029  2.53057E-022  4.22088E-017  1.44048E-016  5.07496E-021  5.84652E-025  1.00000E-040  4.04422E-013  4.29154E-027  9.36852E-023  2.80480E-025  8.41098E-019  6.23827E-023  1.16083E-017  1.01330E-024  5.82307E-015  1.00000E-040  1.86427E-014  1.00000E-040  1.00000E-040  6.29239E-016  1.00000E-040  4.07024E-023  2.99746E-012  2.82279E-028  1.00000E-003  1.00000E-005  1.00000E-005  1.00000E-005  1.00000E-005  1.00000E-005  1.00000E-005  1.00000E-005  1.00000E-005  1.00000E-005  1.00000E-005  1.00000E-005  1.00000E-005  1.00000E-005  1.00000E-005  1.00000E-005  
6.25000E+001  2.57446E-005  1.04183E+015  1.78980E+002  2.34487E+005  1.00000E-040  1.00000E-040  1.00000E-040  1.00000E-040  1.00000E-040  1.00000E-040  1.00000E-040  1.00000E-040  1.00000E-040  1.00000E-040  1.00000E-040  1.00000E-040  1.00000E-040  1.00000E-040  3.71745E-026  1.00000E-040  1.02385E-040  7.22817E-008  1.33505E-006  2.63318E-006  1.48947E-008  5.42415E-006  2.11331E-002  1.05353E-006  2.77873E-004  4.19769E-016  1.77290E-010  7.92194E-024  2.33210E-018  2.09426E-015  3.03496E-014  1.47694E-007  7.01432E-023  1.00000E-040  1.00000E-040  1.00000E-040  1.00000E-040  9.50152E-025  3.24097E-023  3.44383E-018  1.42883E-016  4.90282E-031  1.00000E-040  5.69625E-025  9.96242E-021  1.44253E-011  2.82950E-012  9.78578E-001  4.62794E-020  2.27899E-025  2.01284E-022  1.00000E-040  8.06082E-028  5.46694E-019  1.71635E-017  6.88935E-010  1.70957E-017  3.90028E-010  2.49530E-018  1.68574E-009  4.49925E-011  6.87796E-008  5.22575E-014  1.36384E-018  4.85557E-018  3.22905E-013  1.66577E-016  5.70046E-017  1.00000E-040  1.00000E-040  1.00000E-040  2.30439E-033  1.00000E-040  1.36544E-024  1.69894E-017  2.95652E-012  1.69319E-020  8.33982E-020  3.27780E-029  1.32014E-033  1.00000E-040  1.00000E-040  7.49442E-029  1.87597E-030  1.08066E-026  7.59379E-024  2.01893E-017  8.50367E-019  3.89865E-023  4.88872E-029  3.06712E-022  4.76781E-017  1.41557E-016  7.02310E-021  2.51461E-025  1.00000E-040  4.01213E-013  5.67667E-027  1.00033E-022  3.93141E-025  8.20939E-019  6.64163E-023  1.09018E-017  1.10653E-024  5.25067E-015  1.00000E-040  1.84267E-014  2.99781E-038  1.00000E-040  6.46488E-016  1.00000E-040  7.04703E-023  2.73849E-012  3.49811E-028  1.00000E-003  1.00000E-005  1.00000E-005  1.00000E-005  1.00000E-005  1.00000E-005  1.00000E-005  1.00000E-005  1.00000E-005  1.00000E-005  1.00000E-005  1.00000E-005  1.00000E-005  1.00000E-005  1.00000E-005  1.00000E-005  
6.35000E+001  2.14686E-005  8.61505E+014  1.80494E+002  2.44487E+005  1.00000E-040  1.00000E-040  1.00000E-040  1.00000E-040  1.00000E-040  1.00000E-040  1.00000E-040  1.00000E-040  1.00000E-040  1.00000E-040  1.00000E-040  1.00000E-040  1.00000E-040  1.00000E-040  2.11704E-026  1.00000E-040  1.03122E-040  1.39431E-007  1.44716E-006  2.49410E-006  1.96262E-008  6.17919E-006  2.11209E-002  1.53498E-006  2.76797E-004  5.99208E-016  1.96630E-010  1.91597E-022  3.31439E-018  2.84661E-015  3.76900E-014  1.31238E-007  9.13045E-023  4.48209E-039  1.00000E-040  1.00000E-040  1.00000E-040  1.19779E-024  3.93993E-023  3.46021E-018  1.53393E-016  7.35966E-031  1.00000E-040  2.95675E-025  1.37104E-020  1.22568E-011  3.18231E-012  9.78590E-001  9.24681E-020  2.82589E-025  3.81231E-022  2.83733E-035  1.31594E-027  6.32911E-019  1.86421E-017  7.88210E-010  2.73567E-017  5.39294E-010  2.34394E-018  1.55233E-009  5.84870E-011  4.63065E-008  6.34883E-014  1.25621E-018  5.41517E-018  2.98597E-013  1.61412E-016  4.47343E-017  3.31640E-033  2.63425E-033  1.00000E-040  1.30014E-033  1.00000E-040  1.36119E-024  1.51733E-017  3.32701E-012  1.59982E-020  7.55837E-020  3.22496E-029  1.45073E-033  1.00000E-040  1.00000E-040  5.56284E-029  1.76375E-030  1.61953E-026  8.55008E-024  2.40531E-017  1.21348E-018  5.54323E-023  8.81468E-029  3.63227E-022  5.11137E-017  1.42791E-016  8.70200E-021  9.11627E-026  1.00000E-040  3.97514E-013  6.59552E-027  1.00422E-022  5.34300E-025  7.82880E-019  6.62042E-023  9.33016E-018  1.23850E-024  4.77665E-015  1.00000E-040  1.81778E-014  5.73443E-038  1.00000E-040  6.13519E-016  1.38868E-040  1.27833E-022  2.47828E-012  3.76234E-028  1.00000E-003  1.00000E-005  1.00000E-005  1.00000E-005  1.00000E-005  1.00000E-005  1.00000E-005  1.00000E-005  1.00000E-005  1.00000E-005  1.00000E-005  1.00000E-005  1.00000E-005  1.00000E-005  1.00000E-005  1.00000E-005  
6.45000E+001  1.79312E-005  7.13566E+014  1.82009E+002  2.54488E+005  1.00000E-040  1.00000E-040  1.00000E-040  1.00000E-040  1.00000E-040  1.00000E-040  1.00000E-040  1.00000E-040  1.00000E-040  1.00000E-040  1.00000E-040  1.00000E-040  1.00000E-040  1.00000E-040  9.00486E-027  1.00000E-040  1.03973E-040  3.01597E-007  1.55511E-006  2.30597E-006  2.36533E-008  8.91181E-006  2.11059E-002  2.24977E-006  2.75399E-004  8.04202E-016  2.07271E-010  3.15177E-021  4.48523E-018  3.58882E-015  3.51658E-014  1.15261E-007  1.18838E-022  1.00000E-040  1.00000E-040  1.00000E-040  1.00000E-040  1.08544E-024  3.62130E-023  3.74942E-018  1.62260E-016  8.23157E-031  1.00000E-040  1.56191E-025  1.78530E-020  1.02471E-011  4.02842E-012  9.78603E-001  1.25240E-019  3.46215E-025  7.39460E-022  5.09594E-034  1.51555E-027  5.21105E-019  1.51177E-017  9.07641E-010  3.90719E-017  6.61548E-010  1.98832E-018  1.42298E-009  6.19334E-011  3.57996E-008  5.69087E-014  8.47402E-019  5.54010E-018  2.78321E-013  1.17815E-016  3.41494E-017  9.25352E-033  1.33902E-033  1.00000E-040  7.31560E-034  1.00000E-040  1.35629E-024  1.30758E-017  3.15269E-012  9.69271E-021  4.81544E-020  2.75248E-029  8.94384E-034  1.00000E-040  1.00000E-040  5.07132E-029  1.37071E-030  1.70819E-026  6.76289E-024  2.13995E-017  1.64466E-018  5.93914E-023  1.50059E-028  3.25524E-022  3.65396E-017  1.01191E-016  7.18695E-021  2.55713E-026  1.00000E-040  3.93253E-013  4.99429E-027  5.68594E-023  5.57224E-025  7.16799E-019  3.55919E-023  4.72618E-018  1.24641E-024  5.09260E-015  1.00000E-040  1.78910E-014  2.83663E-037  1.00000E-040  5.33429E-016  1.30584E-035  2.02913E-022  2.22176E-012  3.35157E-028  1.00000E-003  1.00000E-005  1.00000E-005  1.00000E-005  1.00000E-005  1.00000E-005  1.00000E-005  1.00000E-005  1.00000E-005  1.00000E-005  1.00000E-005  1.00000E-005  1.00000E-005  1.00000E-005  1.00000E-005  1.00000E-005  
6.55000E+001  1.50005E-005  5.91849E+014  1.83574E+002  2.64488E+005  1.00000E-040  1.00000E-040  1.00000E-040  1.00000E-040  1.00000E-040  1.00000E-040  1.00000E-040  1.00000E-040  1.00000E-040  1.00000E-040  1.00000E-040  1.00000E-040  1.00000E-040  1.00000E-040  2.94027E-027  1.00000E-040  1.04954E-040  6.40831E-007  1.64118E-006  2.04720E-006  1.76723E-008  2.22748E-005  2.10837E-002  3.29990E-006  2.73562E-004  9.90313E-016  2.04456E-010  3.56502E-020  5.86432E-018  3.88579E-015  1.82332E-014  1.00045E-007  1.66618E-022  3.73084E-040  1.00000E-040  1.00000E-040  1.00000E-040  4.63098E-025  1.74088E-023  6.35368E-018  1.67228E-016  5.92062E-031  1.00000E-040  8.45737E-026  2.23359E-020  8.42966E-012  8.57887E-012  9.78613E-001  5.84763E-020  3.92846E-025  1.35233E-021  3.13288E-033  9.16078E-028  2.26217E-019  6.81140E-018  1.04802E-009  3.18132E-017  4.67395E-010  1.20072E-018  1.29788E-009  3.74747E-011  4.42823E-008  2.33502E-014  2.95535E-019  5.29332E-018  2.60413E-013  4.71048E-017  2.53852E-017  1.31785E-032  8.37611E-034  1.00000E-040  3.94574E-034  1.00000E-040  1.35064E-024  1.09551E-017  2.45831E-012  2.02241E-021  1.21897E-020  1.96441E-029  1.70953E-034  1.00000E-040  1.00000E-040  7.67740E-029  9.99596E-031  7.80429E-027  1.86904E-024  1.05759E-017  2.14903E-018  3.61737E-023  1.53582E-028  1.53385E-022  1.21997E-017  3.12669E-017  3.25462E-021  5.31656E-027  1.00000E-040  3.88346E-013  1.23506E-027  8.15804E-024  3.49354E-025  6.25206E-019  3.85385E-024  7.99712E-019  7.41221E-025  7.71866E-015  1.00000E-040  1.75608E-014  1.98698E-036  1.00000E-040  4.28265E-016  1.92223E-031  1.81332E-022  1.97311E-012  2.42781E-028  1.00000E-003  1.00000E-005  1.00000E-005  1.00000E-005  1.00000E-005  1.00000E-005  1.00000E-005  1.00000E-005  1.00000E-005  1.00000E-005  1.00000E-005  1.00000E-005  1.00000E-005  1.00000E-005  1.00000E-005  1.00000E-005  
6.65000E+001  1.25689E-005  4.91669E+014  1.85158E+002  2.74489E+005  1.00000E-040  1.00000E-040  1.00000E-040  1.00000E-040  1.00000E-040  1.00000E-040  1.00000E-040  1.00000E-040  1.00000E-040  1.00000E-040  1.00000E-040  1.00000E-040  1.00000E-040  1.00000E-040  1.31042E-027  1.00000E-040  1.06086E-040  1.07965E-006  1.69565E-006  1.76523E-006  9.89103E-009  6.55835E-005  2.10438E-002  4.69171E-006  2.71264E-004  1.22865E-015  1.32969E-010  2.85766E-019  7.43496E-018  3.31652E-015  7.81975E-015  8.58134E-008  2.60970E-022  1.00000E-040  1.00000E-040  1.00000E-040  1.00000E-040  1.27628E-025  6.03083E-024  1.35064E-017  1.65966E-016  8.68510E-031  1.00000E-040  4.79504E-026  2.71045E-020  6.82338E-012  2.81357E-011  9.78610E-001  2.28307E-020  4.43450E-025  2.12054E-021  1.08208E-032  3.17917E-028  5.64785E-020  2.46984E-018  1.20795E-009  1.74465E-017  2.23218E-010  6.38051E-019  1.17733E-009  1.62243E-011  7.00067E-008  9.88597E-015  1.12861E-019  4.81539E-018  2.42322E-013  1.55774E-017  1.83834E-017  1.50149E-032  4.05569E-034  1.00000E-040  2.08129E-034  1.00000E-040  1.34413E-024  9.05935E-018  1.87363E-012  3.38838E-022  1.57159E-021  1.15000E-029  2.17723E-035  1.00000E-040  1.00000E-040  1.36888E-028  7.98827E-031  2.99602E-027  3.30218E-025  4.31315E-018  2.73228E-018  1.75296E-023  1.06848E-028  5.21465E-023  3.74061E-018  9.99309E-018  1.60482E-021  9.03148E-028  1.00000E-040  3.82699E-013  1.31750E-028  8.05825E-025  1.79103E-025  5.32376E-019  2.14945E-025  9.68359E-020  3.01022E-025  1.39529E-014  1.00000E-040  1.71809E-014  1.83824E-035  1.00000E-040  3.38199E-016  5.69676E-028  1.07908E-022  1.73504E-012  1.55870E-028  1.00000E-003  1.00000E-005  1.00000E-005  1.00000E-005  1.00000E-005  1.00000E-005  1.00000E-005  1.00000E-005  1.00000E-005  1.00000E-005  1.00000E-005  1.00000E-005  1.00000E-005  1.00000E-005  1.00000E-005  1.00000E-005  
6.75000E+001  1.05485E-005  4.09115E+014  1.86750E+002  2.84489E+005  1.00000E-040  1.00000E-040  1.00000E-040  1.00000E-040  1.00000E-040  1.00000E-040  1.00000E-040  1.00000E-040  1.00000E-040  1.00000E-040  1.00000E-040  1.00000E-040  1.00000E-040  1.00000E-040  8.42139E-028  1.00000E-040  1.07390E-040  1.53196E-006  1.72681E-006  1.49561E-006  5.95189E-009  1.61384E-004  2.09745E-002  6.38179E-006  2.68532E-004  1.40228E-015  6.42773E-011  1.69262E-018  9.14928E-018  2.40993E-015  3.91960E-015  7.27463E-008  4.22050E-022  1.09019E-037  7.55254E-038  3.38635E-037  1.00000E-040  3.09331E-026  2.14833E-024  2.46439E-017  1.59087E-016  2.89781E-030  1.00000E-040  2.97047E-026  3.19766E-020  5.43660E-012  1.06058E-010  9.78584E-001  2.26371E-020  5.09078E-025  2.91116E-021  3.20510E-032  1.10358E-028  1.41395E-020  1.02622E-018  1.37499E-009  9.53178E-018  1.06898E-010  4.49872E-019  1.06182E-009  6.36874E-012  1.02191E-007  7.14736E-015  7.10537E-020  4.22062E-018  2.21367E-013  5.15452E-018  1.29759E-017  1.49825E-032  2.10905E-034  1.00000E-040  1.11558E-034  1.00000E-040  1.33666E-024  7.39006E-018  1.45627E-012  1.17608E-022  2.73914E-022  5.42151E-030  3.70950E-036  1.00000E-040  1.00000E-040  2.06380E-028  6.62950E-031  1.35703E-027  8.45858E-026  2.04340E-018  3.38595E-018  9.56656E-024  7.40959E-029  1.81960E-023  1.50953E-018  4.95355E-018  1.26497E-021  1.38900E-028  1.00000E-040  3.76209E-013  1.51827E-029  1.38707E-025  9.48091E-026  4.47103E-019  1.76183E-026  1.61906E-020  1.17731E-025  2.40051E-014  1.00000E-040  1.67447E-014  2.09379E-034  1.00000E-040  2.70723E-016  4.44227E-025  6.39228E-023  1.51019E-012  9.62676E-029  1.00000E-003  1.00000E-005  1.00000E-005  1.00000E-005  1.00000E-005  1.00000E-005  1.00000E-005  1.00000E-005  1.00000E-005  1.00000E-005  1.00000E-005  1.00000E-005  1.00000E-005  1.00000E-005  1.00000E-005  1.00000E-005  
6.85000E+001  8.86774E-006  3.40649E+014  1.88548E+002  2.94489E+005  1.00000E-040  1.00000E-040  1.00000E-040  1.00000E-040  1.00000E-040  1.00000E-040  1.00000E-040  1.00000E-040  1.00000E-040  1.00000E-040  1.00000E-040  1.00000E-040  1.00000E-040  1.00000E-040  6.30695E-028  1.00000E-040  1.08891E-040  1.96530E-006  1.74194E-006  1.25005E-006  3.92904E-009  3.32052E-004  2.08640E-002  8.35231E-006  2.65367E-004  1.45558E-015  3.14976E-011  7.79925E-018  1.09573E-017  1.67992E-015  2.29244E-015  6.09735E-008  6.59866E-022  8.63464E-037  1.06381E-036  3.55075E-036  1.00000E-040  7.29296E-027  8.23118E-025  3.75825E-017  1.48922E-016  9.25363E-030  1.00000E-040  2.08777E-026  3.67438E-020  4.26736E-012  3.88458E-010  9.78525E-001  3.78519E-020  5.99645E-025  3.68498E-021  8.59590E-032  5.69106E-029  5.28186E-021  4.90395E-019  1.50642E-009  5.42077E-018  5.50899E-011  4.84580E-019  9.51954E-010  2.40162E-012  1.32784E-007  6.14670E-015  5.17505E-020  3.58244E-018  1.96486E-013  1.76623E-018  8.93482E-018  1.37943E-032  1.32298E-034  1.00000E-040  5.91776E-035  1.00000E-040  1.32812E-024  5.93518E-018  1.14631E-012  6.43863E-023  9.59642E-023  2.02622E-030  2.51509E-036  1.00000E-040  1.00000E-040  2.60604E-028  5.63631E-031  6.84156E-028  3.67318E-026  1.12382E-018  4.09173E-018  5.92455E-024  5.77248E-029  6.80404E-024  7.55733E-019  3.04448E-018  1.35036E-021  2.07163E-029  1.00000E-040  3.68757E-013  2.83751E-030  5.07423E-026  5.44411E-026  3.71885E-019  2.16422E-027  3.72786E-021  4.58297E-026  3.81343E-014  1.00000E-040  1.62446E-014  2.70560E-033  1.00000E-040  2.18856E-016  1.14265E-022  4.12713E-023  1.30123E-012  5.87956E-029  1.00000E-003  1.00000E-005  1.00000E-005  1.00000E-005  1.00000E-005  1.00000E-005  1.00000E-005  1.00000E-005  1.00000E-005  1.00000E-005  1.00000E-005  1.00000E-005  1.00000E-005  1.00000E-005  1.00000E-005  1.00000E-005  
6.95000E+001  7.46807E-006  2.84171E+014  1.90347E+002  3.04490E+005  1.00000E-040  1.00000E-040  1.00000E-040  1.00000E-040  1.00000E-040  1.00000E-040  1.00000E-040  1.00000E-040  1.00000E-040  1.00000E-040  1.00000E-040  1.00000E-040  1.00000E-040  1.00000E-040  5.01908E-028  1.00000E-040  1.10618E-040  2.36726E-006  1.74488E-006  1.03280E-006  2.76168E-009  5.98036E-004  2.07016E-002  1.05998E-005  2.61754E-004  1.41753E-015  1.74073E-011  2.92011E-017  1.27607E-017  1.19033E-015  1.49075E-015  5.05686E-008  9.72998E-022  9.26612E-036  1.67720E-035  4.45475E-035  1.00000E-040  1.75620E-027  3.35973E-025  4.98923E-017  1.38092E-016  2.44802E-029  1.00000E-040  1.64602E-026  4.10410E-020  3.30494E-012  1.25796E-009  9.78423E-001  6.67865E-020  7.03206E-025  4.42516E-021  2.08111E-031  3.89264E-029  2.63928E-021  2.57784E-019  1.53609E-009  3.08271E-018  3.03908E-011  6.59835E-019  8.48448E-010  8.81141E-013  1.58050E-007  5.16697E-015  3.64123E-020  2.95343E-018  1.68845E-013  6.26769E-019  6.01059E-018  1.20973E-032  9.71564E-035  1.00000E-040  3.08575E-035  1.00000E-040  1.31840E-024  4.68780E-018  9.07149E-013  4.17407E-023  5.60802E-023  6.01314E-031  8.03365E-037  1.00000E-040  1.00000E-040  2.88398E-028  4.89055E-031  3.81867E-028  2.37793E-026  6.84585E-019  4.80950E-018  3.97631E-024  4.83403E-029  2.71029E-024  4.36165E-019  2.07074E-018  1.61568E-021  3.13550E-030  1.00000E-040  3.60216E-013  7.57663E-031  3.12352E-026  3.32358E-026  3.07092E-019  3.55974E-028  1.08530E-021  1.80778E-026  5.71901E-014  1.00000E-040  1.56731E-014  3.69837E-032  1.00000E-040  1.77123E-016  1.16721E-020  2.82116E-023  1.11037E-012  3.57336E-029  1.00000E-003  1.00000E-005  1.00000E-005  1.00000E-005  1.00000E-005  1.00000E-005  1.00000E-005  1.00000E-005  1.00000E-005  1.00000E-005  1.00000E-005  1.00000E-005  1.00000E-005  1.00000E-005  1.00000E-005  1.00000E-005  
7.05000E+001  6.30140E-006  2.37061E+014  1.92528E+002  3.14490E+005  1.00000E-040  1.00000E-040  1.00000E-040  1.00000E-040  1.00000E-040  1.00000E-040  1.00000E-040  1.00000E-040  1.00000E-040  1.00000E-040  1.00000E-040  1.00000E-040  1.00000E-040  1.00000E-040  4.15580E-028  1.00000E-040  1.12603E-040  2.73499E-006  1.73739E-006  8.44847E-007  1.99327E-009  9.77370E-004  2.04779E-002  1.31273E-005  2.57671E-004  1.31492E-015  1.05262E-011  9.23287E-017  1.44829E-017  8.69520E-016  1.04209E-015  4.15426E-008  1.37349E-021  3.58196E-036  1.23107E-035  2.21095E-035  1.00000E-040  4.37859E-028  1.46202E-025  6.08371E-017  1.27523E-016  5.51510E-029  1.00000E-040  1.37332E-026  4.48195E-020  2.53134E-012  3.52291E-009  9.78268E-001  1.09765E-019  8.52409E-025  5.26720E-021  4.56961E-031  2.98300E-029  1.49072E-021  1.43614E-019  1.42370E-009  1.68436E-018  1.76355E-011  9.90552E-019  7.51950E-010  3.14363E-013  1.74103E-007  3.98008E-015  2.32465E-020  2.37038E-018  1.40405E-013  2.26475E-019  3.95914E-018  1.02916E-032  8.07629E-035  1.00000E-040  1.53197E-035  1.00000E-040  1.30734E-024  3.63797E-018  7.18897E-013  2.92717E-023  4.20246E-023  1.42247E-031  1.00000E-040  1.00000E-040  1.00000E-040  2.87630E-028  4.36570E-031  2.31905E-028  1.92302E-026  4.47019E-019  5.51720E-018  2.78903E-024  4.66952E-029  1.14533E-024  2.77324E-019  1.49429E-018  1.98742E-021  5.00516E-031  1.00000E-040  3.50446E-013  2.30611E-031  2.49680E-026  2.17001E-026  2.51801E-019  6.95750E-029  3.70068E-022  7.13508E-027  8.24661E-014  1.00000E-040  1.50220E-014  1.00000E-040  1.00000E-040  1.42252E-016  5.53313E-019  2.08963E-023  9.39048E-013  2.16562E-029  1.00000E-003  1.00000E-005  1.00000E-005  1.00000E-005  1.00000E-005  1.00000E-005  1.00000E-005  1.00000E-005  1.00000E-005  1.00000E-005  1.00000E-005  1.00000E-005  1.00000E-005  1.00000E-005  1.00000E-005  1.00000E-005  
7.15000E+001  5.33015E-006  1.97250E+014  1.95722E+002  3.24490E+005  1.00000E-040  1.00000E-040  1.00000E-040  1.00000E-040  1.00000E-040  1.00000E-040  1.00000E-040  1.00000E-040  1.00000E-040  1.00000E-040  1.00000E-040  1.00000E-040  1.00000E-040  1.00000E-040  3.57461E-028  1.00000E-040  1.14886E-040  3.07118E-006  1.72011E-006  6.85048E-007  1.43332E-009  1.48491E-003  2.01852E-002  1.59434E-005  2.53092E-004  1.17886E-015  6.60763E-012  2.54348E-016  1.60690E-017  6.54847E-016  7.67518E-016  3.38338E-008  1.89772E-021  1.00000E-040  1.00000E-040  1.00000E-040  1.00000E-040  1.10656E-028  6.78295E-026  7.08737E-017  1.16934E-016  1.09208E-028  1.00000E-040  1.14193E-026  4.82582E-020  1.92262E-012  8.54201E-009  9.78055E-001  1.63723E-019  1.13491E-024  6.43714E-021  9.19309E-031  2.35294E-029  8.73448E-022  8.25444E-020  1.20703E-009  8.85022E-019  1.05981E-011  1.58917E-018  6.62815E-010  1.08099E-013  1.77078E-007  2.79258E-015  1.33299E-020  1.85555E-018  1.12885E-013  8.16209E-020  2.55870E-018  8.58240E-033  7.55011E-035  1.00000E-040  6.93664E-036  1.00000E-040  1.29479E-024  2.76888E-018  5.69230E-013  2.15394E-023  3.58772E-023  2.65304E-032  4.47823E-038  1.00000E-040  1.00000E-040  2.60849E-028  4.04581E-031  1.49486E-028  1.80540E-026  3.06843E-019  6.20822E-018  1.99303E-024  5.78430E-029  5.09495E-025  1.89041E-019  1.12579E-018  2.43282E-021  1.01007E-031  1.00000E-040  3.39276E-013  6.89553E-032  2.33929E-026  1.54430E-026  2.04644E-019  1.46557E-029  1.39633E-022  2.74163E-027  1.16005E-013  1.00000E-040  1.42817E-014  1.00000E-040  1.00000E-040  1.12494E-016  1.37787E-017  1.75740E-023  7.87517E-013  1.30957E-029  1.00000E-003  1.00000E-005  1.00000E-005  1.00000E-005  1.00000E-005  1.00000E-005  1.00000E-005  1.00000E-005  1.00000E-005  1.00000E-005  1.00000E-005  1.00000E-005  1.00000E-005  1.00000E-005  1.00000E-005  1.00000E-005  
7.25000E+001  4.52168E-006  1.64644E+014  1.98916E+002  3.34491E+005  1.00000E-040  1.00000E-040  1.00000E-040  1.00000E-040  1.00000E-040  1.00000E-040  1.00000E-040  1.00000E-040  1.00000E-040  1.00000E-040  1.00000E-040  1.00000E-040  1.00000E-040  1.00000E-040  3.17347E-028  1.00000E-040  1.17507E-040  3.38107E-006  1.69314E-006  5.51341E-007  1.04399E-009  2.12878E-003  1.98196E-002  1.90485E-005  2.47999E-004  1.02745E-015  4.34792E-012  6.21502E-016  1.73586E-017  5.04449E-016  5.84214E-016  2.73468E-008  2.56054E-021  1.04715E-036  1.00000E-040  7.23848E-036  1.00000E-040  2.96629E-029  3.34826E-026  7.97042E-017  1.06780E-016  1.96666E-028  1.00000E-040  9.31192E-027  5.08653E-020  1.45397E-012  1.80861E-008  9.77779E-001  2.24489E-019  1.48145E-024  7.91640E-021  1.69268E-030  1.89993E-029  5.31215E-022  4.86112E-020  9.82563E-010  5.24591E-019  6.61008E-012  2.52559E-018  5.81348E-010  3.56474E-014  1.72521E-007  1.88624E-015  7.36765E-021  1.42071E-018  8.74599E-014  2.93104E-020  1.62643E-018  7.06338E-033  7.58681E-035  1.00000E-040  3.05848E-036  1.00000E-040  1.28059E-024  2.06225E-018  4.49933E-013  1.62578E-023  3.10582E-023  3.99682E-033  7.61161E-037  1.00000E-040  1.00000E-040  2.24279E-028  3.82005E-031  9.97706E-029  1.70995E-026  2.17784E-019  6.80460E-018  1.45088E-024  7.40477E-029  2.41459E-025  1.35007E-019  8.92666E-019  2.91143E-021  7.83651E-032  1.00000E-040  3.26540E-013  2.18426E-032  2.21627E-026  1.12439E-026  1.64666E-019  3.40906E-030  5.76751E-023  1.08616E-027  1.63100E-013  1.00000E-040  1.34441E-014  1.00000E-040  1.00000E-040  8.76700E-017  1.99363E-016  1.50918E-023  6.55461E-013  7.90741E-030  1.00000E-003  1.00000E-005  1.00000E-005  1.00000E-005  1.00000E-005  1.00000E-005  1.00000E-005  1.00000E-005  1.00000E-005  1.00000E-005  1.00000E-005  1.00000E-005  1.00000E-005  1.00000E-005  1.00000E-005  1.00000E-005  
7.35000E+001  3.84819E-006  1.37161E+014  2.03208E+002  3.44491E+005  1.00000E-040  1.00000E-040  1.00000E-040  1.00000E-040  1.00000E-040  1.00000E-040  1.00000E-040  1.00000E-040  1.00000E-040  1.00000E-040  1.00000E-040  1.00000E-040  1.00000E-040  1.00000E-040  2.92010E-028  1.00000E-040  1.20512E-040  3.67144E-006  1.65621E-006  4.41110E-007  7.47063E-010  2.91387E-003  1.93791E-002  2.24366E-005  2.42384E-004  8.85739E-016  2.86985E-012  1.38090E-015  1.83962E-017  3.97152E-016  4.58616E-016  2.19602E-008  3.44761E-021  1.00000E-040  1.00000E-040  1.00000E-040  1.00000E-040  8.09837E-030  1.75389E-026  8.85491E-017  9.59622E-017  3.27157E-028  1.00000E-040  7.24802E-027  5.33830E-020  1.10173E-012  3.41568E-008  9.77436E-001  2.94880E-019  2.10466E-024  1.02026E-020  2.91184E-030  1.49957E-029  3.18377E-022  2.89122E-020  8.16111E-010  6.17718E-019  4.21759E-012  4.29361E-018  5.07674E-010  1.11242E-014  1.57536E-007  1.29245E-015  4.08554E-021  1.06654E-018  6.46052E-014  1.05106E-020  1.02015E-018  5.74822E-033  8.36384E-035  1.00000E-040  1.23344E-036  1.00000E-040  1.26459E-024  1.49666E-018  3.55084E-013  1.25835E-023  2.79662E-023  4.88000E-034  1.00000E-040  1.00000E-040  1.00000E-040  1.80123E-028  3.72934E-031  6.82271E-029  1.72966E-026  1.59725E-019  7.34105E-018  1.05712E-024  1.16141E-028  1.19976E-025  1.00304E-019  7.39559E-019  3.69588E-021  2.44596E-031  1.00000E-040  3.12062E-013  6.38100E-033  2.24295E-026  8.75559E-027  1.30708E-019  8.03621E-031  2.51323E-023  4.16598E-028  2.30172E-013  1.00000E-040  1.25016E-014  1.00000E-040  1.00000E-040  6.69398E-017  1.84631E-015  1.45081E-023  5.41961E-013  4.77541E-030  1.00000E-003  1.00000E-005  1.00000E-005  1.00000E-005  1.00000E-005  1.00000E-005  1.00000E-005  1.00000E-005  1.00000E-005  1.00000E-005  1.00000E-005  1.00000E-005  1.00000E-005  1.00000E-005  1.00000E-005  1.00000E-005  
7.45000E+001  3.28869E-006  1.13849E+014  2.09223E+002  3.54491E+005  1.00000E-040  1.00000E-040  1.00000E-040  1.00000E-040  1.00000E-040  1.00000E-040  1.00000E-040  1.00000E-040  1.00000E-040  1.00000E-040  1.00000E-040  1.00000E-040  1.00000E-040  1.00000E-040  2.75869E-028  1.00000E-040  1.23951E-040  3.94972E-006  1.60865E-006  3.51120E-007  5.17677E-010  3.84139E-003  1.88636E-002  2.61013E-005  2.36240E-004  7.62875E-016  1.85947E-012  2.83776E-015  1.91873E-017  3.18466E-016  3.70782E-016  1.75218E-008  4.66075E-021  1.94314E-036  1.00000E-040  3.25356E-036  1.00000E-040  2.14744E-030  9.65163E-027  9.77960E-017  8.42001E-017  5.05809E-028  1.00000E-040  5.26875E-027  5.64238E-020  8.43638E-013  5.88107E-008  9.77027E-001  4.07845E-019  3.39090E-024  1.38153E-020  4.73421E-030  1.12176E-029  1.81853E-022  1.71777E-020  7.48623E-010  1.56965E-018  2.73016E-012  7.95233E-018  4.41504E-010  3.20655E-015  1.33778E-007  9.69008E-016  2.43889E-021  7.86124E-019  4.47467E-014  3.79132E-021  6.32589E-019  4.62350E-033  1.01115E-034  1.00000E-040  4.38984E-037  1.00000E-040  1.24664E-024  1.04993E-018  2.79739E-013  1.00360E-023  2.64114E-023  4.91878E-035  1.24936E-039  1.00000E-040  1.00000E-040  1.34014E-028  3.75785E-031  4.71949E-029  1.90791E-026  1.21085E-019  7.82788E-018  7.62760E-025  2.35740E-028  6.15353E-026  7.69589E-020  6.39409E-019  5.51738E-021  9.34972E-031  1.00000E-040  2.95622E-013  1.60031E-033  2.47505E-026  7.39062E-027  1.01883E-019  1.83063E-031  1.13171E-023  1.49811E-028  3.28546E-013  1.00000E-040  1.14461E-014  1.00000E-040  1.00000E-040  4.98108E-017  1.17668E-014  1.61876E-023  4.45291E-013  2.88519E-030  1.00000E-003  1.00000E-005  1.00000E-005  1.00000E-005  1.00000E-005  1.00000E-005  1.00000E-005  1.00000E-005  1.00000E-005  1.00000E-005  1.00000E-005  1.00000E-005  1.00000E-005  1.00000E-005  1.00000E-005  1.00000E-005  
7.55000E+001  2.82372E-006  9.50216E+013  2.15237E+002  3.64489E+005  1.00000E-040  1.00000E-040  1.00000E-040  1.00000E-040  1.00000E-040  1.00000E-040  1.00000E-040  1.00000E-040  1.00000E-040  1.00000E-040  1.00000E-040  1.00000E-040  1.00000E-040  1.00000E-040  2.61034E-028  1.00000E-040  1.27870E-040  4.22260E-006  1.54985E-006  2.78384E-007  3.61261E-010  4.90349E-003  1.82785E-002  3.00136E-005  2.29593E-004  6.52927E-016  1.23938E-012  5.41716E-015  1.95582E-017  2.57302E-016  3.04502E-016  1.38910E-008  6.21473E-021  6.40833E-037  1.00000E-040  1.00000E-040  1.00000E-040  6.07243E-031  5.56551E-027  1.06356E-016  7.26803E-017  7.43237E-028  1.00000E-040  3.76068E-027  5.96736E-020  6.61198E-013  9.39025E-008  9.76552E-001  6.58154E-019  5.19357E-024  1.84943E-020  7.21677E-030  8.17664E-030  1.02575E-022  1.02527E-020  7.95861E-010  4.19427E-018  1.81474E-012  1.47028E-017  3.82584E-010  8.47871E-016  1.10949E-007  8.46012E-016  1.70588E-021  5.70219E-019  2.86566E-014  1.40078E-021  3.88602E-019  3.67649E-033  1.26805E-034  1.00000E-040  1.54258E-037  1.00000E-040  1.22667E-024  7.05928E-019  2.20075E-013  8.00822E-024  2.35993E-023  5.05149E-036  3.26029E-037  1.00000E-040  1.00000E-040  9.80150E-029  3.78693E-031  3.26415E-029  1.97383E-026  9.46241E-020  8.14880E-018  5.52817E-025  4.58487E-028  3.32036E-026  6.01505E-020  5.73877E-019  9.47799E-021  3.37602E-030  1.00000E-040  2.77057E-013  4.06761E-034  2.56160E-026  6.17797E-027  7.78525E-020  4.39671E-032  5.36507E-024  5.50707E-029  4.74457E-013  1.00000E-040  1.02791E-014  1.00000E-040  1.00000E-040  3.63852E-017  5.46235E-014  1.79102E-023  3.63729E-013  1.74492E-030  1.00000E-003  1.00000E-005  1.00000E-005  1.00000E-005  1.00000E-005  1.00000E-005  1.00000E-005  1.00000E-005  1.00000E-005  1.00000E-005  1.00000E-005  1.00000E-005  1.00000E-005  1.00000E-005  1.00000E-005  1.00000E-005  
7.65000E+001  2.43600E-006  7.93775E+013  2.22278E+002  3.74490E+005  1.00000E-040  1.00000E-040  1.00000E-040  1.00000E-040  1.00000E-040  1.00000E-040  1.00000E-040  1.00000E-040  1.00000E-040  1.00000E-040  1.00000E-040  1.00000E-040  1.00000E-040  1.00000E-040  2.44770E-028  1.00000E-040  1.32315E-040  4.49614E-006  1.47929E-006  2.20214E-007  2.48095E-010  6.08917E-003  1.76311E-002  3.41276E-005  2.22490E-004  5.62328E-016  8.30772E-013  9.76799E-015  1.96252E-017  2.09786E-016  2.56403E-016  1.09400E-008  8.24176E-021  1.00000E-040  1.00000E-040  1.00000E-040  1.00000E-040  1.75304E-031  3.33115E-027  1.14446E-016  6.12579E-017  1.03841E-027  1.00000E-040  2.59516E-027  6.46161E-020  5.38708E-013  1.40416E-007  9.76017E-001  1.21015E-018  8.19995E-024  2.47682E-020  1.05150E-029  5.60295E-030  5.47970E-023  6.10219E-021  1.01185E-009  9.46533E-018  1.22589E-012  2.90905E-017  3.30616E-010  2.02541E-016  8.79102E-008  8.80970E-016  1.41559E-021  4.07760E-019  1.66064E-014  5.39907E-022  2.37252E-019  2.88725E-033  1.67381E-034  1.00000E-040  5.11606E-038  1.00000E-040  1.20461E-024  4.48784E-019  1.73083E-013  6.41463E-024  2.05740E-023  6.98900E-037  1.81397E-040  1.00000E-040  1.00000E-040  6.89232E-029  3.84562E-031  2.25605E-029  2.02265E-026  7.73298E-020  8.35202E-018  3.98122E-025  9.88920E-028  1.84717E-026  4.79788E-020  5.28847E-019  1.69640E-020  1.15722E-029  1.00000E-040  2.56234E-013  9.37633E-035  2.62575E-026  5.30655E-027  5.81033E-020  1.04792E-032  2.63680E-024  1.96273E-029  6.88996E-013  1.00000E-040  9.00897E-015  1.00000E-040  1.00000E-040  2.59528E-017  1.96761E-013  2.11959E-023  2.95556E-013  1.05854E-030  1.00000E-003  1.00000E-005  1.00000E-005  1.00000E-005  1.00000E-005  1.00000E-005  1.00000E-005  1.00000E-005  1.00000E-005  1.00000E-005  1.00000E-005  1.00000E-005  1.00000E-005  1.00000E-005  1.00000E-005  1.00000E-005  
7.75000E+001  2.11293E-006  6.61248E+013  2.31440E+002  3.84490E+005  1.00000E-040  1.00000E-040  1.00000E-040  1.00000E-040  1.00000E-040  1.00000E-040  1.00000E-040  1.00000E-040  1.00000E-040  1.00000E-040  1.00000E-040  1.00000E-040  1.00000E-040  1.00000E-040  2.24974E-028  1.00000E-040  1.37334E-040  4.77506E-006  1.39625E-006  1.73963E-007  1.64141E-010  7.38771E-003  1.69285E-002  3.84000E-005  2.14979E-004  4.94619E-016  5.54858E-013  1.68583E-014  1.94779E-017  1.72414E-016  2.25375E-016  8.54283E-009  1.09127E-020  1.00000E-040  1.00000E-040  1.00000E-040  1.00000E-040  4.82955E-032  2.04326E-027  1.21908E-016  5.01501E-017  1.37428E-027  1.00000E-040  1.66895E-027  7.30030E-020  4.61018E-013  1.97316E-007  9.75424E-001  2.27419E-018  1.42020E-023  3.30405E-020  1.48455E-029  3.45977E-030  2.64638E-023  3.58385E-021  1.55306E-009  1.79833E-017  8.33042E-013  6.30385E-017  2.85029E-010  4.23567E-017  6.52251E-008  1.09699E-015  1.38327E-021  2.87507E-019  8.42037E-015  2.20425E-022  1.44205E-019  2.23487E-033  2.29651E-034  1.00000E-040  1.51339E-038  1.00000E-040  1.18045E-024  2.63831E-019  1.36123E-013  5.18483E-024  1.77683E-023  1.21591E-037  1.00000E-040  1.00000E-040  1.00000E-040  4.54991E-029  3.94007E-031  1.54858E-029  2.12454E-026  6.69395E-020  8.46951E-018  2.81772E-025  2.68418E-027  1.03711E-026  3.90716E-020  4.95807E-019  2.86954E-020  3.69079E-029  1.00000E-040  2.32993E-013  1.76282E-035  2.75852E-026  4.80953E-027  4.21319E-020  2.33627E-033  1.33763E-024  6.47080E-030  1.00310E-012  1.00000E-040  7.65159E-015  1.00000E-040  1.00000E-040  1.79049E-017  5.76775E-013  2.84605E-023  2.38792E-013  6.44561E-031  1.00000E-003  1.00000E-005  1.00000E-005  1.00000E-005  1.00000E-005  1.00000E-005  1.00000E-005  1.00000E-005  1.00000E-005  1.00000E-005  1.00000E-005  1.00000E-005  1.00000E-005  1.00000E-005  1.00000E-005  1.00000E-005  
7.85000E+001  1.84329E-006  5.54897E+013  2.40602E+002  3.94490E+005  1.00000E-040  1.00000E-040  1.00000E-040  1.00000E-040  1.00000E-040  1.00000E-040  1.00000E-040  1.00000E-040  1.00000E-040  1.00000E-040  1.00000E-040  1.00000E-040  1.00000E-040  1.00000E-040  1.97977E-028  1.00000E-040  1.42959E-040  5.06188E-006  1.30069E-006  1.37383E-007  1.09477E-010  8.78210E-003  1.61821E-002  4.27694E-005  2.07143E-004  4.38937E-016  3.87645E-013  2.77875E-014  1.89631E-017  1.40944E-016  2.03264E-016  6.59821E-009  1.41972E-020  5.85783E-038  2.26227E-037  1.00000E-040  1.00000E-040  1.43133E-032  1.29085E-027  1.27637E-016  4.05278E-017  1.76059E-027  1.00000E-040  1.08921E-027  8.50061E-020  4.13423E-013  2.61188E-007  9.74779E-001  4.00499E-018  2.24205E-023  4.09376E-020  2.00404E-029  1.97407E-030  1.19635E-023  2.09097E-021  2.49017E-009  2.92821E-017  5.78093E-013  1.33590E-016  2.45297E-010  7.81011E-018  4.78026E-008  1.43681E-015  1.43529E-021  2.00240E-019  3.67418E-015  9.63079E-023  8.73885E-020  1.70599E-033  3.10059E-034  1.00000E-040  4.48493E-039  1.00000E-040  1.15427E-024  1.40970E-019  1.07106E-013  3.94894E-024  1.35779E-023  2.34797E-038  1.00000E-040  1.00000E-040  1.00000E-040  3.01963E-029  3.95291E-031  1.04625E-029  1.94524E-026  6.11159E-020  8.36091E-018  1.99598E-025  6.79280E-027  6.03866E-027  3.21103E-020  4.62814E-019  4.33897E-020  1.01465E-028  1.00000E-040  2.07310E-013  3.22508E-036  2.52625E-026  4.19830E-027  2.96774E-020  5.40092E-034  7.16315E-025  2.18825E-030  1.44054E-012  1.00000E-040  6.24953E-015  1.00000E-040  1.00000E-040  1.20747E-017  1.41613E-012  3.68336E-023  1.91675E-013  3.94137E-031  1.00000E-003  1.00000E-005  1.00000E-005  1.00000E-005  1.00000E-005  1.00000E-005  1.00000E-005  1.00000E-005  1.00000E-005  1.00000E-005  1.00000E-005  1.00000E-005  1.00000E-005  1.00000E-005  1.00000E-005  1.00000E-005  
7.95000E+001  1.61664E-006  4.68813E+013  2.49764E+002  4.04490E+005  1.00000E-040  1.00000E-040  1.00000E-040  1.00000E-040  1.00000E-040  1.00000E-040  1.00000E-040  1.00000E-040  1.00000E-040  1.00000E-040  1.00000E-040  1.00000E-040  1.00000E-040  1.00000E-040  1.64923E-028  1.00000E-040  1.49222E-040  5.35794E-006  1.19340E-006  1.08677E-007  7.35502E-011  1.02518E-002  1.54051E-002  4.71572E-005  1.99086E-004  3.94110E-016  2.82777E-013  4.40592E-014  1.81859E-017  1.14265E-016  1.88064E-016  5.02760E-009  1.81747E-020  1.00000E-040  1.00000E-040  1.00000E-040  1.00000E-040  4.58878E-033  8.37547E-028  1.31478E-016  3.25926E-017  2.19381E-027  1.00000E-040  7.29989E-028  1.02234E-019  3.82199E-013  3.24832E-007  9.74090E-001  6.42372E-018  3.21825E-023  4.64848E-020  2.61047E-029  1.02693E-030  4.98990E-024  1.21086E-021  4.01115E-009  4.22591E-017  4.08879E-013  2.78787E-016  2.10975E-010  1.30454E-018  3.46314E-008  1.90283E-015  1.51916E-021  1.38196E-019  1.36312E-015  4.51925E-023  5.29840E-020  1.28590E-033  4.05480E-034  1.00000E-040  1.35747E-039  1.00000E-040  1.12620E-024  6.72996E-020  8.44355E-014  2.76839E-024  9.04974E-024  4.50641E-039  1.00000E-040  1.00000E-040  1.00000E-040  2.01948E-029  3.87603E-031  6.96016E-030  1.53298E-026  5.89679E-020  8.02993E-018  1.41720E-025  1.61778E-026  3.63315E-027  2.66515E-020  4.25927E-019  5.86769E-020  2.40701E-028  1.00000E-040  1.79347E-013  5.63766E-037  1.99124E-026  3.53442E-027  2.03123E-020  1.28800E-034  4.03707E-025  7.62659E-031  2.03042E-012  1.00000E-040  4.86453E-015  1.00000E-040  1.00000E-040  7.96251E-018  3.01807E-012  4.60705E-023  1.52732E-013  2.42666E-031  1.00000E-003  1.00000E-005  1.00000E-005  1.00000E-005  1.00000E-005  1.00000E-005  1.00000E-005  1.00000E-005  1.00000E-005  1.00000E-005  1.00000E-005  1.00000E-005  1.00000E-005  1.00000E-005  1.00000E-005  1.00000E-005  
8.05000E+001  1.42558E-006  3.95195E+013  2.61275E+002  4.06996E+005  1.00000E-040  1.00000E-040  1.00000E-040  1.00000E-040  1.00000E-040  1.00000E-040  1.00000E-040  1.00000E-040  1.00000E-040  1.00000E-040  1.00000E-040  1.00000E-040  1.00000E-040  1.00000E-040  1.29419E-028  1.00000E-040  1.56188E-040  5.66378E-006  1.07488E-006  8.61102E-008  4.75792E-011  1.17901E-002  1.46033E-002  5.15281E-005  1.90844E-004  3.72700E-016  2.14429E-013  6.82025E-014  1.73726E-017  9.18110E-017  1.87837E-016  3.75311E-009  2.31914E-020  6.77307E-039  1.48344E-038  6.75663E-038  1.00000E-040  1.40168E-033  5.48289E-028  1.33603E-016  2.61712E-017  2.62413E-027  1.00000E-040  4.62049E-028  1.30774E-019  3.55299E-013  3.77686E-007  9.73357E-001  9.40710E-018  4.78069E-023  4.93058E-020  3.35655E-029  4.54432E-031  1.77506E-024  6.83547E-022  6.93660E-009  5.57475E-017  2.88912E-013  6.03202E-016  1.81286E-010  1.98125E-019  2.36168E-008  2.68012E-015  1.68651E-021  9.44700E-020  4.09107E-016  2.24904E-023  3.21269E-020  9.54743E-034  5.12332E-034  1.00000E-040  3.77798E-040  1.00000E-040  1.09620E-024  2.74676E-020  6.66397E-014  1.81655E-024  5.44838E-024  7.09683E-040  1.00000E-040  1.00000E-040  1.00000E-040  1.28281E-029  3.75891E-031  4.53043E-030  1.12043E-026  6.17790E-020  7.55466E-018  9.90828E-026  4.70086E-026  2.17980E-027  2.24679E-020  3.85652E-019  7.21207E-020  5.10153E-028  1.00000E-040  1.49154E-013  7.67130E-038  1.45556E-026  3.05426E-027  1.34197E-020  2.82160E-035  2.41489E-025  2.51845E-031  2.83146E-012  1.00000E-040  3.55111E-015  1.00000E-040  1.00000E-040  5.02295E-018  5.77879E-012  6.29336E-023  1.20302E-013  1.50299E-031  1.00000E-003  1.00000E-005  1.00000E-005  1.00000E-005  1.00000E-005  1.00000E-005  1.00000E-005  1.00000E-005  1.00000E-005  1.00000E-005  1.00000E-005  1.00000E-005  1.00000E-005  1.00000E-005  1.00000E-005  1.00000E-005  
8.15000E+001  1.26427E-006  3.35385E+013  2.73031E+002  4.06996E+005  1.00000E-040  1.00000E-040  1.00000E-040  1.00000E-040  1.00000E-040  1.00000E-040  1.00000E-040  1.00000E-040  1.00000E-040  1.00000E-040  1.00000E-040  1.00000E-040  1.00000E-040  1.00000E-040  9.30206E-029  1.00000E-040  1.63918E-040  5.97633E-006  9.46941E-007  6.82780E-008  3.09614E-011  1.33911E-002  1.37824E-002  5.58519E-005  1.82452E-004  3.59511E-016  1.69655E-013  1.02605E-013  1.64794E-017  7.17589E-017  1.92442E-016  2.72208E-009  2.92464E-020  1.00000E-040  1.00000E-040  1.00000E-040  1.00000E-040  4.53325E-034  3.65417E-028  1.33758E-016  2.15192E-017  3.07020E-027  1.00000E-040  2.99691E-028  1.78465E-019  3.24163E-013  4.14611E-007  9.72581E-001  1.25287E-017  6.28841E-023  4.62636E-020  4.21735E-029  1.76186E-031  5.59539E-025  3.77775E-022  1.16319E-008  6.77219E-017  2.06627E-013  1.19339E-015  1.55519E-010  3.01046E-020  1.59224E-008  3.68239E-015  1.84146E-021  6.40948E-020  9.78729E-017  1.16695E-023  1.94290E-020  6.97778E-034  6.17968E-034  1.00000E-040  1.05019E-040  1.00000E-040  1.06425E-024  9.30795E-021  5.25707E-014  1.04870E-024  2.66264E-024  1.00000E-040  1.00000E-040  1.00000E-040  1.00000E-040  8.22331E-030  3.51121E-031  2.85573E-030  6.56260E-027  7.05159E-020  6.82054E-018  6.97069E-026  1.28595E-025  1.33937E-027  1.89981E-020  3.35272E-019  7.98386E-020  8.96970E-028  1.00000E-040  1.17251E-013  9.55147E-039  8.52731E-027  2.51080E-027  8.54043E-021  6.23166E-036  1.50898E-025  8.75458E-032  3.85385E-012  1.00000E-040  2.39067E-015  1.00000E-040  1.00000E-040  3.04787E-018  1.00530E-011  8.18465E-023  9.30656E-014  9.33443E-032  1.00000E-003  1.00000E-005  1.00000E-005  1.00000E-005  1.00000E-005  1.00000E-005  1.00000E-005  1.00000E-005  1.00000E-005  1.00000E-005  1.00000E-005  1.00000E-005  1.00000E-005  1.00000E-005  1.00000E-005  1.00000E-005  
8.25000E+001  1.12710E-006  2.86656E+013  2.84786E+002  4.06996E+005  1.00000E-040  1.00000E-040  1.00000E-040  1.00000E-040  1.00000E-040  1.00000E-040  1.00000E-040  1.00000E-040  1.00000E-040  1.00000E-040  1.00000E-040  1.00000E-040  1.00000E-040  1.00000E-040  6.03770E-029  1.00000E-040  1.72438E-040  6.28994E-006  8.13458E-007  5.42326E-008  2.04482E-011  1.50355E-002  1.29558E-002  6.00597E-005  1.74018E-004  3.47865E-016  1.36790E-013  1.50374E-013  1.57302E-017  5.41558E-017  1.96776E-016  1.90536E-009  3.65019E-020  1.00000E-040  1.00000E-040  1.89776E-038  1.00000E-040  1.57062E-034  2.48058E-028  1.32108E-016  1.84976E-017  3.52841E-027  1.00000E-040  2.01658E-028  2.65745E-019  2.85000E-013  4.33896E-007  9.71767E-001  1.53065E-017  7.19848E-023  3.75051E-020  5.25459E-029  6.28518E-032  1.64128E-025  2.05911E-022  1.86587E-008  7.71136E-017  1.49582E-013  2.06432E-015  1.33285E-010  5.44751E-021  1.06833E-008  4.87497E-015  1.95649E-021  4.35008E-020  1.89961E-017  6.24530E-024  1.17332E-020  5.03125E-034  7.12585E-034  1.00000E-040  1.00000E-040  1.00000E-040  1.03060E-024  2.57971E-021  4.14725E-014  5.42751E-025  1.03533E-024  1.00000E-040  1.00000E-040  1.00000E-040  1.00000E-040  5.35211E-030  3.14246E-031  1.75441E-030  3.01281E-027  8.84000E-020  5.86978E-018  5.00737E-026  3.24211E-025  8.44052E-028  1.61048E-020  2.77447E-019  8.01554E-020  1.28383E-027  1.00000E-040  8.52277E-014  1.15878E-039  3.91574E-027  1.95672E-027  5.24773E-021  1.41791E-036  9.60804E-026  3.30737E-032  5.11443E-012  1.00000E-040  1.46254E-015  1.00000E-040  1.00000E-040  1.77964E-018  1.61740E-011  9.98158E-023  7.02773E-014  5.81548E-032  1.00000E-003  1.00000E-005  1.00000E-005  1.00000E-005  1.00000E-005  1.00000E-005  1.00000E-005  1.00000E-005  1.00000E-005  1.00000E-005  1.00000E-005  1.00000E-005  1.00000E-005  1.00000E-005  1.00000E-005  1.00000E-005  
8.35000E+001  1.00967E-006  2.46609E+013  2.96541E+002  4.06996E+005  1.00000E-040  1.00000E-040  1.00000E-040  1.00000E-040  1.00000E-040  1.00000E-040  1.00000E-040  1.00000E-040  1.00000E-040  1.00000E-040  1.00000E-040  1.00000E-040  1.00000E-040  1.00000E-040  3.50196E-029  1.00000E-040  1.81756E-040  6.59739E-006  6.79293E-007  4.32129E-008  1.37978E-011  1.67011E-002  1.21383E-002  6.40837E-005  1.65660E-004  3.31647E-016  1.09593E-013  2.15221E-013  1.53578E-017  3.92076E-017  1.96256E-016  1.27839E-009  4.51905E-020  1.00000E-040  1.00000E-040  1.00000E-040  1.00000E-040  5.79362E-035  1.71420E-028  1.28946E-016  1.68417E-017  3.99206E-027  1.00000E-040  1.40287E-028  4.36188E-019  2.38422E-013  4.36165E-007  9.70923E-001  1.73009E-017  7.18612E-023  2.60549E-020  6.61021E-029  2.29637E-032  4.98210E-026  1.11626E-022  2.88840E-008  8.35986E-017  1.09451E-013  3.05879E-015  1.14237E-010  1.31912E-021  7.14341E-009  6.27044E-015  2.03796E-021  2.98646E-020  3.22688E-018  3.43221E-024  7.09165E-021  3.58913E-034  7.90979E-034  1.00000E-040  1.00000E-040  1.00000E-040  9.95623E-025  5.81109E-022  3.27492E-014  2.66395E-025  3.19336E-025  1.00000E-040  1.00000E-040  1.00000E-040  1.00000E-040  3.53370E-030  2.68567E-031  1.06054E-030  1.08275E-027  1.20746E-019  4.78856E-018  3.72752E-026  7.58359E-025  5.44780E-028  1.37003E-020  2.17117E-019  7.33969E-020  1.50555E-027  1.00000E-040  5.55732E-014  1.52842E-040  1.40771E-027  1.45288E-027  3.12373E-021  3.39877E-037  6.08492E-026  1.38259E-032  6.62430E-012  1.00000E-040  8.01548E-016  1.00000E-040  1.00000E-040  9.96233E-019  2.44275E-011  1.13789E-022  5.14183E-014  3.63941E-032  1.00000E-003  1.00000E-005  1.00000E-005  1.00000E-005  1.00000E-005  1.00000E-005  1.00000E-005  1.00000E-005  1.00000E-005  1.00000E-005  1.00000E-005  1.00000E-005  1.00000E-005  1.00000E-005  1.00000E-005  1.00000E-005  
8.45000E+001  9.08632E-007  2.12688E+013  3.09429E+002  4.06996E+005  1.00000E-040  1.00000E-040  1.00000E-040  1.00000E-040  1.00000E-040  1.00000E-040  1.00000E-040  1.00000E-040  1.00000E-040  1.00000E-040  1.00000E-040  1.00000E-040  1.00000E-040  1.00000E-040  1.80605E-029  1.00000E-040  1.91874E-040  6.89078E-006  5.49450E-007  3.45817E-008  9.46521E-012  1.83685E-002  1.13426E-002  6.78726E-005  1.57478E-004  3.15601E-016  8.68022E-014  3.02467E-013  1.53656E-017  2.70783E-017  1.93951E-016  8.14838E-010  5.59241E-020  5.41052E-036  1.17657E-035  1.00000E-040  1.00000E-040  2.16193E-035  1.19767E-028  1.24515E-016  1.63382E-017  4.42707E-027  1.00000E-040  9.77094E-029  7.91259E-019  1.88037E-013  4.22567E-007  9.70056E-001  1.82571E-017  6.57106E-023  1.55112E-020  8.45081E-029  9.42225E-033  1.70905E-026  5.92408E-023  4.43798E-008  8.76144E-017  8.02558E-014  3.88457E-015  9.80051E-011  3.90504E-022  4.65979E-009  8.00165E-015  2.10464E-021  2.09931E-020  5.90187E-019  1.93164E-024  4.29851E-021  2.53812E-034  8.51964E-034  1.00000E-040  1.00000E-040  1.00000E-040  9.59683E-025  1.04268E-022  2.59054E-014  1.31685E-025  7.88867E-026  1.00000E-040  1.00000E-040  1.00000E-040  1.00000E-040  2.30850E-030  2.19781E-031  6.25413E-031  3.12075E-028  1.79365E-019  3.69139E-018  2.84613E-026  1.80588E-024  3.55354E-028  1.17417E-020  1.60002E-019  6.17336E-020  1.48644E-027  1.00000E-040  3.10380E-014  1.00000E-040  4.05981E-028  1.05527E-027  1.80403E-021  6.88924E-038  3.82946E-026  6.29099E-033  8.42042E-012  1.00000E-040  3.85731E-016  1.08784E-040  1.00000E-040  5.27330E-019  3.51514E-011  1.25679E-022  3.60814E-014  2.29035E-032  1.00000E-003  1.00000E-005  1.00000E-005  1.00000E-005  1.00000E-005  1.00000E-005  1.00000E-005  1.00000E-005  1.00000E-005  1.00000E-005  1.00000E-005  1.00000E-005  1.00000E-005  1.00000E-005  1.00000E-005  1.00000E-005  
8.55000E+001  8.21351E-007  1.84517E+013  3.22410E+002  4.06996E+005  1.00000E-040  1.00000E-040  1.00000E-040  1.00000E-040  1.00000E-040  1.00000E-040  1.00000E-040  1.00000E-040  1.00000E-040  1.00000E-040  1.00000E-040  1.00000E-040  1.00000E-040  1.00000E-040  8.16101E-030  1.00000E-040  2.02778E-040  7.16122E-006  4.29404E-007  2.78194E-008  6.80505E-012  2.00198E-002  1.05804E-002  7.13887E-005  1.49560E-004  2.85769E-016  6.57046E-014  4.16467E-013  1.50479E-017  1.76545E-017  1.80300E-016  4.90156E-010  6.89134E-020  1.80675E-036  2.92041E-036  1.27600E-035  1.00000E-040  8.49575E-036  8.50086E-029  1.19155E-016  1.66794E-017  4.84815E-027  1.00000E-040  7.00814E-029  1.48383E-018  1.39052E-013  4.00312E-007  9.69171E-001  1.80116E-017  5.25177E-023  7.79712E-021  1.04555E-028  4.30289E-033  6.58876E-027  2.93972E-023  6.58931E-008  8.92352E-017  5.93388E-014  3.92974E-015  8.42328E-011  1.31348E-022  3.03937E-009  9.92760E-015  2.13027E-021  1.52987E-020  1.69886E-019  1.11826E-024  2.61709E-021  1.78444E-034  8.96107E-034  1.00000E-040  1.00000E-040  1.00000E-040  9.23192E-025  1.49767E-023  2.05403E-014  6.71994E-026  1.52779E-026  1.00000E-040  1.00000E-040  1.00000E-040  1.00000E-040  1.52839E-030  1.69958E-031  3.43438E-031  6.97125E-029  2.72707E-019  2.65944E-018  2.15044E-026  4.00979E-024  2.36718E-028  1.01010E-020  1.09775E-019  4.74632E-020  1.22623E-027  1.00000E-040  1.40883E-014  1.00000E-040  9.08800E-029  7.35133E-028  1.01600E-021  6.80627E-040  2.30814E-026  3.21852E-033  1.04613E-011  1.00000E-040  1.61180E-016  1.00000E-040  1.00000E-040  2.64463E-019  4.84501E-011  1.27427E-022  2.40279E-014  1.45040E-032  1.00000E-003  1.00000E-005  1.00000E-005  1.00000E-005  1.00000E-005  1.00000E-005  1.00000E-005  1.00000E-005  1.00000E-005  1.00000E-005  1.00000E-005  1.00000E-005  1.00000E-005  1.00000E-005  1.00000E-005  1.00000E-005  
8.65000E+001  7.45503E-007  1.60996E+013  3.35391E+002  4.06996E+005  1.00000E-040  1.00000E-040  1.00000E-040  1.00000E-040  1.00000E-040  1.00000E-040  1.00000E-040  1.00000E-040  1.00000E-040  1.00000E-040  1.00000E-040  1.00000E-040  1.00000E-040  1.00000E-040  3.21519E-030  1.00000E-040  2.14459E-040  7.40209E-006  3.23673E-007  2.25163E-008  5.16542E-012  2.16397E-002  9.86115E-003  7.46058E-005  1.41973E-004  2.41941E-016  4.67975E-014  5.62478E-013  1.32941E-017  1.08076E-017  1.55305E-016  2.76866E-010  8.45650E-020  1.00000E-040  1.00000E-040  1.00000E-040  1.00000E-040  3.51449E-036  6.12615E-029  1.13192E-016  1.75683E-017  5.25279E-027  1.00000E-040  5.17047E-029  2.75864E-018  9.61336E-014  3.75178E-007  9.68274E-001  1.66867E-017  3.62864E-023  3.29962E-021  1.15414E-028  1.85648E-033  2.42285E-027  1.25027E-023  9.44488E-008  8.89882E-017  4.42361E-014  3.06392E-015  7.25942E-011  4.81115E-023  1.99121E-009  1.19656E-014  2.11180E-021  1.16491E-020  7.81987E-020  6.68706E-025  1.60306E-021  1.25072E-034  9.25710E-034  1.00000E-040  1.00000E-040  1.00000E-040  8.86528E-025  1.74398E-024  1.63371E-014  3.52003E-026  2.34972E-027  1.00000E-040  1.00000E-040  1.00000E-040  1.00000E-040  1.02659E-030  1.23589E-031  1.61510E-031  1.22293E-029  4.12403E-019  1.78248E-018  1.48154E-026  8.30257E-024  1.60920E-028  8.72256E-021  6.98205E-020  3.34063E-020  8.59819E-028  1.00000E-040  4.91670E-015  1.00000E-040  1.61160E-029  4.93753E-028  5.61294E-022  1.93235E-038  1.31314E-026  1.82798E-033  1.27195E-011  1.00000E-040  5.81281E-017  1.00000E-040  1.00000E-040  1.25662E-019  6.44422E-011  1.17331E-022  1.50259E-014  9.25058E-033  1.00000E-003  1.00000E-005  1.00000E-005  1.00000E-005  1.00000E-005  1.00000E-005  1.00000E-005  1.00000E-005  1.00000E-005  1.00000E-005  1.00000E-005  1.00000E-005  1.00000E-005  1.00000E-005  1.00000E-005  1.00000E-005  
8.75000E+001  6.79218E-007  1.41216E+013  3.48372E+002  4.06996E+005  1.00000E-040  1.00000E-040  1.00000E-040  1.00000E-040  1.00000E-040  1.00000E-040  1.00000E-040  1.00000E-040  1.00000E-040  1.00000E-040  1.00000E-040  1.00000E-040  1.00000E-040  1.00000E-040  1.10248E-030  1.00000E-040  2.26908E-040  7.60944E-006  2.35080E-007  1.83493E-008  4.11737E-012  2.32166E-002  9.19184E-003  7.75105E-005  1.34769E-004  1.89737E-016  3.10894E-014  7.46077E-013  1.00459E-017  6.18975E-018  1.23095E-016  1.46338E-010  1.03332E-019  1.00000E-040  1.00000E-040  1.00000E-040  1.00000E-040  1.52604E-036  4.47861E-029  1.06911E-016  1.87502E-017  5.63717E-027  1.00000E-040  3.90944E-029  4.97477E-018  6.20646E-014  3.50710E-007  9.67371E-001  1.45785E-017  2.12779E-023  1.17944E-021  1.07826E-028  6.70020E-034  7.52073E-028  4.30163E-024  1.31019E-007  8.74234E-017  3.32401E-014  1.83203E-015  6.27911E-011  1.88064E-023  1.31315E-009  1.40397E-014  2.05334E-021  9.27122E-021  4.40492E-020  4.13174E-025  9.89250E-022  8.75975E-035  9.43670E-034  1.00000E-040  1.00000E-040  1.00000E-040  8.50031E-025  1.67275E-025  1.30442E-014  1.85884E-026  2.92242E-028  1.00000E-040  1.00000E-040  1.00000E-040  1.00000E-040  6.98885E-031  8.42142E-032  6.14241E-032  1.71772E-030  6.12565E-019  1.10846E-018  8.81656E-027  1.61450E-023  1.11472E-028  7.56354E-021  4.10996E-020  2.15715E-020  5.28894E-028  1.00000E-040  1.25437E-015  1.00000E-040  2.42253E-030  3.22113E-028  3.06011E-022  1.00000E-040  6.99770E-027  1.12401E-033  1.51671E-011  1.00000E-040  1.80635E-017  1.00000E-040  1.00000E-040  5.65709E-020  8.32289E-011  9.74605E-023  8.73738E-015  5.94706E-033  1.00000E-003  1.00000E-005  1.00000E-005  1.00000E-005  1.00000E-005  1.00000E-005  1.00000E-005  1.00000E-005  1.00000E-005  1.00000E-005  1.00000E-005  1.00000E-005  1.00000E-005  1.00000E-005  1.00000E-005  1.00000E-005  
8.85000E+001  6.20981E-007  1.24511E+013  3.61232E+002  4.06996E+005  1.00000E-040  1.00000E-040  1.00000E-040  1.00000E-040  1.00000E-040  1.00000E-040  1.00000E-040  1.00000E-040  1.00000E-040  1.00000E-040  1.00000E-040  1.00000E-040  1.00000E-040  1.00000E-040  3.29307E-031  1.00000E-040  2.40117E-040  7.78230E-006  1.64528E-007  1.50662E-008  3.39162E-012  2.47423E-002  8.57699E-003  8.01002E-005  1.27977E-004  1.36819E-016  1.91511E-014  9.72561E-013  6.68583E-018  3.31148E-018  8.92475E-017  7.22990E-011  1.25564E-019  4.37006E-036  6.95442E-036  3.75541E-036  1.00000E-040  6.98785E-037  3.32173E-029  1.00567E-016  2.00017E-017  6.00143E-027  1.00000E-040  3.02653E-029  8.60512E-018  3.74492E-014  3.29012E-007  9.66464E-001  1.20586E-017  1.04834E-023  3.58877E-022  8.77768E-029  2.03131E-034  1.97855E-028  1.23102E-024  1.76055E-007  8.49904E-017  2.51964E-014  8.64799E-016  5.45567E-011  7.78890E-024  8.75416E-010  1.60554E-014  1.96105E-021  7.66327E-021  2.67119E-020  2.62469E-025  6.15718E-022  6.14275E-035  9.52757E-034  1.00000E-040  1.00000E-040  1.00000E-040  8.13999E-025  1.34793E-026  1.04635E-014  9.83442E-027  2.99735E-029  1.00000E-040  1.00000E-040  1.00000E-040  1.00000E-040  4.82853E-031  5.36137E-032  1.93846E-032  1.96999E-031  8.87209E-019  6.39070E-019  4.66694E-027  2.94777E-023  7.86870E-029  6.58633E-021  2.24212E-020  1.28151E-020  2.98952E-028  1.00000E-040  2.26478E-016  1.00000E-040  4.10367E-031  2.05278E-028  1.65652E-022  5.07655E-038  3.47529E-027  7.26281E-034  1.77714E-011  1.00000E-040  4.85701E-018  1.00000E-040  1.00000E-040  2.41915E-020  1.04866E-010  7.24526E-023  4.68853E-015  3.85671E-033  1.00000E-003  1.00000E-005  1.00000E-005  1.00000E-005  1.00000E-005  1.00000E-005  1.00000E-005  1.00000E-005  1.00000E-005  1.00000E-005  1.00000E-005  1.00000E-005  1.00000E-005  1.00000E-005  1.00000E-005  1.00000E-005  
8.95000E+001  5.69522E-007  1.10462E+013  3.73435E+002  4.06996E+005  1.00000E-040  1.00000E-040  1.00000E-040  1.00000E-040  1.00000E-040  1.00000E-040  1.00000E-040  1.00000E-040  1.00000E-040  1.00000E-040  1.00000E-040  1.00000E-040  1.00000E-040  1.00000E-040  8.59360E-032  1.00000E-040  2.54086E-040  7.92260E-006  1.11118E-007  1.24716E-008  2.81720E-012  2.62121E-002  8.01885E-003  8.23803E-005  1.21614E-004  8.96506E-017  1.08620E-014  1.24543E-012  4.25685E-018  1.65720E-018  5.85053E-017  3.34835E-011  1.50975E-019  1.00000E-040  1.00000E-040  1.00000E-040  1.00000E-040  3.44322E-037  2.50398E-029  9.43727E-017  2.11375E-017  6.35520E-027  1.00000E-040  2.41017E-029  1.42054E-017  2.11898E-014  3.11205E-007  9.65556E-001  9.47543E-018  4.41980E-024  9.42889E-023  6.75544E-029  5.62570E-035  4.80096E-029  3.19803E-025  2.29454E-007  8.19780E-017  1.93311E-014  3.44569E-016  4.76571E-011  3.43477E-024  5.96631E-010  1.79607E-014  1.85182E-021  6.51518E-021  1.68384E-020  1.69998E-025  3.86881E-022  4.32086E-035  9.55308E-034  1.00000E-040  1.00000E-040  1.00000E-040  7.78672E-025  9.40036E-028  8.44013E-015  5.23085E-027  2.59352E-030  1.00000E-040  1.00000E-040  1.00000E-040  1.00000E-040  3.41292E-031  3.17700E-032  5.52184E-033  1.88137E-032  1.24763E-018  3.42205E-019  2.39501E-027  4.95279E-023  5.67751E-029  5.75546E-021  1.14005E-020  7.02574E-021  1.66649E-028  1.00000E-040  2.90854E-017  1.00000E-040  1.35661E-031  1.27852E-028  8.95961E-023  1.00000E-040  1.59848E-027  4.79081E-034  2.04780E-011  1.00000E-040  1.14612E-018  1.00000E-040  1.00000E-040  9.89700E-021  1.29256E-010  4.75593E-023  2.31433E-015  2.52474E-033  1.00000E-003  1.00000E-005  1.00000E-005  1.00000E-005  1.00000E-005  1.00000E-005  1.00000E-005  1.00000E-005  1.00000E-005  1.00000E-005  1.00000E-005  1.00000E-005  1.00000E-005  1.00000E-005  1.00000E-005  1.00000E-005  
9.05000E+001  5.23814E-007  9.83816E+012  3.85638E+002  4.06996E+005  1.00000E-040  1.00000E-040  1.00000E-040  1.00000E-040  1.00000E-040  1.00000E-040  1.00000E-040  1.00000E-040  1.00000E-040  1.00000E-040  1.00000E-040  1.00000E-040  1.00000E-040  1.00000E-040  1.97635E-032  1.00000E-040  2.68817E-040  8.03446E-006  7.24496E-008  1.04156E-008  2.33162E-012  2.76240E-002  7.51780E-003  8.43620E-005  1.15682E-004  5.44968E-017  5.73630E-015  1.57096E-012  2.64675E-018  7.77423E-019  3.54036E-017  1.45418E-011  1.80269E-019  2.54110E-036  3.44996E-036  6.63231E-036  1.00000E-040  1.81138E-037  1.91164E-029  8.83659E-017  2.21496E-017  6.67820E-027  1.00000E-040  1.94702E-029  2.26281E-017  1.12628E-014  2.96395E-007  9.64649E-001  7.10834E-018  1.72308E-024  2.16898E-023  5.02733E-029  1.43717E-035  1.08214E-029  7.66532E-026  2.93021E-007  7.88632E-017  1.49597E-014  1.26608E-016  4.18901E-011  1.57791E-024  4.10904E-010  1.97750E-014  1.73058E-021  5.64215E-021  1.07059E-020  1.11221E-025  2.45617E-022  3.05269E-035  9.53191E-034  1.00000E-040  1.00000E-040  1.00000E-040  7.44235E-025  5.78668E-029  6.85323E-015  2.82437E-027  1.95855E-031  1.00000E-040  1.00000E-040  1.00000E-040  1.00000E-040  2.43632E-031  1.76102E-032  1.44650E-033  1.55820E-033  1.71911E-018  1.70789E-019  1.20863E-027  7.99474E-023  4.16022E-029  5.06080E-021  5.46849E-021  3.58066E-021  1.01693E-028  1.00000E-040  2.65330E-018  1.00000E-040  7.48547E-032  7.90882E-029  4.86170E-023  1.00000E-040  6.89265E-028  3.16032E-034  2.33223E-011  1.00000E-040  2.39156E-019  1.00000E-040  1.00000E-040  3.87937E-021  1.56672E-010  2.80367E-023  1.04594E-015  1.66974E-033  1.00000E-003  1.00000E-005  1.00000E-005  1.00000E-005  1.00000E-005  1.00000E-005  1.00000E-005  1.00000E-005  1.00000E-005  1.00000E-005  1.00000E-005  1.00000E-005  1.00000E-005  1.00000E-005  1.00000E-005  1.00000E-005  
9.15000E+001  4.83058E-007  8.79440E+012  3.97841E+002  4.06996E+005  1.00000E-040  1.00000E-040  1.00000E-040  1.00000E-040  1.00000E-040  1.00000E-040  1.00000E-040  1.00000E-040  1.00000E-040  1.00000E-040  1.00000E-040  1.00000E-040  1.00000E-040  1.00000E-040  4.03113E-033  1.00000E-040  2.84306E-040  8.12230E-006  4.56448E-008  8.78266E-009  1.90693E-012  2.89775E-002  7.07286E-003  8.60609E-005  1.10176E-004  3.08740E-017  2.82379E-015  1.95305E-012  1.64662E-018  3.42219E-019  1.98135E-017  5.92939E-012  2.13508E-019  1.00000E-040  1.00000E-040  2.63199E-036  1.00000E-040  1.03946E-037  1.47699E-029  8.25954E-017  2.30155E-017  6.96387E-027  1.00000E-040  1.59152E-029  3.48885E-017  5.63589E-015  2.85331E-007  9.63745E-001  5.10697E-018  6.63955E-025  4.42164E-024  3.70674E-029  3.46907E-036  2.31966E-030  1.73760E-026  3.67839E-007  7.58853E-017  1.16840E-014  4.59108E-017  3.70834E-011  7.51021E-025  2.86232E-010  2.14928E-014  1.60475E-021  4.93922E-021  6.79713E-021  7.30155E-026  1.57679E-022  2.16956E-035  9.47802E-034  1.00000E-040  1.00000E-040  1.00000E-040  7.10844E-025  3.23236E-030  5.60904E-015  1.55763E-027  1.33008E-032  1.00000E-040  1.00000E-040  1.00000E-040  1.00000E-040  1.75557E-031  9.12933E-033  3.57299E-034  1.15387E-034  2.32397E-018  7.95769E-020  6.14224E-028  1.24459E-022  3.09267E-029  4.48255E-021  2.52723E-021  1.70350E-021  7.47434E-029  1.00000E-040  1.73408E-019  1.00000E-040  4.35534E-032  4.88162E-029  2.65587E-023  1.00000E-040  2.79053E-028  2.06493E-034  2.63118E-011  1.00000E-040  4.45256E-020  1.00000E-040  1.00000E-040  1.46285E-021  1.87265E-010  1.48273E-023  4.31473E-016  1.11652E-033  1.00000E-003  1.00000E-005  1.00000E-005  1.00000E-005  1.00000E-005  1.00000E-005  1.00000E-005  1.00000E-005  1.00000E-005  1.00000E-005  1.00000E-005  1.00000E-005  1.00000E-005  1.00000E-005  1.00000E-005  1.00000E-005  
9.25000E+001  4.46586E-007  7.88845E+012  4.10044E+002  4.06996E+005  1.00000E-040  1.00000E-040  1.00000E-040  1.00000E-040  1.00000E-040  1.00000E-040  1.00000E-040  1.00000E-040  1.00000E-040  1.00000E-040  1.00000E-040  1.00000E-040  1.00000E-040  1.00000E-040  7.39301E-034  1.00000E-040  3.00546E-040  8.19044E-006  2.78293E-008  7.48434E-009  1.53899E-012  3.02735E-002  6.68206E-003  8.74951E-005  1.05082E-004  1.64501E-017  1.29837E-015  2.39452E-012  1.03818E-018  1.41607E-019  1.02829E-017  2.27423E-012  2.50631E-019  2.68568E-035  3.40755E-035  4.53818E-035  1.00000E-040  6.67453E-038  1.15423E-029  7.71099E-017  2.37084E-017  7.20808E-027  1.00000E-040  1.31330E-029  5.21476E-017  2.66275E-015  2.81921E-007  9.62843E-001  3.53097E-018  2.65556E-025  8.08210E-025  2.74268E-029  8.01352E-037  4.79234E-031  3.77770E-027  4.54415E-007  7.33264E-017  9.21489E-015  1.70201E-017  3.30913E-011  3.69707E-025  2.01835E-010  2.30796E-014  1.47735E-021  4.34740E-021  4.29575E-021  4.79592E-026  1.02447E-022  1.55442E-035  9.40160E-034  1.00000E-040  1.00000E-040  1.00000E-040  6.78618E-025  1.72413E-031  4.63522E-015  8.79683E-028  8.58398E-034  1.00000E-040  1.00000E-040  1.00000E-040  1.00000E-040  1.27638E-031  4.43078E-033  8.44483E-035  8.07885E-036  3.08233E-018  3.46972E-020  3.18234E-028  1.87494E-022  2.33044E-029  4.00555E-021  1.17938E-021  7.62868E-022  6.68900E-029  1.00000E-040  8.24036E-021  1.00000E-040  2.36439E-032  3.01882E-029  1.46514E-023  1.00000E-040  1.06330E-028  1.33218E-034  2.94670E-011  1.00000E-040  7.47052E-021  1.97352E-040  1.00000E-040  5.33789E-022  2.21529E-010  7.03764E-024  1.62254E-016  7.55626E-034  1.00000E-003  1.00000E-005  1.00000E-005  1.00000E-005  1.00000E-005  1.00000E-005  1.00000E-005  1.00000E-005  1.00000E-005  1.00000E-005  1.00000E-005  1.00000E-005  1.00000E-005  1.00000E-005  1.00000E-005  1.00000E-005  
9.35000E+001  4.13838E-007  7.09873E+012  4.22247E+002  4.06996E+005  1.00000E-040  1.00000E-040  1.00000E-040  1.00000E-040  1.00000E-040  1.00000E-040  1.00000E-040  1.00000E-040  1.00000E-040  1.00000E-040  1.00000E-040  1.00000E-040  1.00000E-040  1.00000E-040  1.26263E-034  1.00000E-040  3.17534E-040  8.24268E-006  1.64649E-008  6.45297E-009  1.23445E-012  3.15136E-002  6.34281E-003  8.86837E-005  1.00385E-004  8.39115E-018  5.59546E-016  2.89775E-012  6.67244E-019  5.52523E-020  4.96902E-018  8.23167E-013  2.91521E-019  1.00000E-040  1.00000E-040  1.00000E-040  1.00000E-040  4.87375E-038  9.12087E-030  7.19688E-017  2.41875E-017  7.41305E-027  1.00000E-040  1.09202E-029  7.56344E-017  1.19306E-015  2.98197E-007  9.61945E-001  2.38008E-018  1.12402E-025  1.34066E-025  2.04925E-029  1.77167E-037  9.61904E-032  7.94404E-028  5.52427E-007  7.18934E-017  7.34161E-015  6.52435E-018  2.97913E-011  1.88395E-025  1.44173E-010  2.44806E-014  1.34957E-021  3.83420E-021  2.71594E-021  3.15743E-026  6.74413E-023  1.12633E-035  9.30999E-034  1.00000E-040  1.00000E-040  1.00000E-040  6.47641E-025  9.68619E-033  3.87611E-015  5.08799E-028  5.85038E-035  1.00000E-040  1.00000E-040  1.00000E-040  1.00000E-040  9.35912E-032  2.01943E-033  1.92741E-035  5.94680E-037  4.01023E-018  1.42086E-020  1.69010E-028  2.74147E-022  1.77913E-029  3.61851E-021  6.08227E-022  3.28957E-022  6.77847E-029  1.00000E-040  2.89934E-022  1.00000E-040  1.18231E-032  1.87776E-029  8.18730E-024  1.00000E-040  3.82751E-029  8.52398E-035  3.28202E-011  1.00000E-040  1.14245E-021  1.00000E-040  1.00000E-040  1.89956E-022  2.61966E-010  3.00582E-024  5.56810E-017  5.18321E-034  1.00000E-003  1.00000E-005  1.00000E-005  1.00000E-005  1.00000E-005  1.00000E-005  1.00000E-005  1.00000E-005  1.00000E-005  1.00000E-005  1.00000E-005  1.00000E-005  1.00000E-005  1.00000E-005  1.00000E-005  1.00000E-005  
9.45000E+001  3.84313E-007  6.42063E+012  4.33535E+002  4.06996E+005  1.00000E-040  1.00000E-040  1.00000E-040  1.00000E-040  1.00000E-040  1.00000E-040  1.00000E-040  1.00000E-040  1.00000E-040  1.00000E-040  1.00000E-040  1.00000E-040  1.00000E-040  1.00000E-040  2.18422E-035  1.00000E-040  3.35277E-040  8.28229E-006  9.51050E-009  5.63681E-009  9.90210E-013  3.27008E-002  6.05210E-003  8.96463E-005  9.60622E-005  4.18640E-018  2.25670E-016  3.46215E-012  4.53499E-019  2.04970E-020  2.21558E-018  2.84103E-013  3.33551E-019  1.43597E-035  4.44756E-036  3.85372E-036  1.00000E-040  3.98924E-038  7.30884E-030  6.72701E-017  2.43696E-017  7.61285E-027  1.00000E-040  9.21429E-030  1.06338E-016  5.12314E-016  3.68002E-007  9.61052E-001  1.63055E-018  4.95318E-026  2.05939E-026  1.60366E-029  3.79182E-038  1.98565E-032  1.70007E-028  6.60074E-007  7.40102E-017  5.93795E-015  2.58889E-018  2.70804E-011  1.01252E-025  1.05902E-010  2.57230E-014  1.23292E-021  3.38296E-021  1.75982E-021  2.09863E-026  4.50635E-023  8.29461E-036  9.20835E-034  1.00000E-040  1.00000E-040  1.00000E-040  6.17951E-025  6.53364E-034  3.28903E-015  2.99619E-028  4.79417E-036  1.00000E-040  1.00000E-040  1.00000E-040  1.00000E-040  7.00946E-032  8.66270E-034  4.46110E-036  5.20618E-038  5.11382E-018  5.50946E-021  9.60108E-029  3.77308E-022  1.38292E-029  3.30680E-021  3.82470E-022  1.45033E-022  7.18991E-029  1.00000E-040  7.93342E-024  1.00000E-040  5.34418E-033  1.16920E-029  4.65378E-024  1.00000E-040  1.30106E-029  5.46896E-035  3.63227E-011  1.00000E-040  1.63261E-022  1.00000E-040  1.00000E-040  6.67216E-023  3.20365E-010  1.15003E-024  1.76407E-017  3.61225E-034  1.00000E-003  1.00000E-005  1.00000E-005  1.00000E-005  1.00000E-005  1.00000E-005  1.00000E-005  1.00000E-005  1.00000E-005  1.00000E-005  1.00000E-005  1.00000E-005  1.00000E-005  1.00000E-005  1.00000E-005  1.00000E-005  
9.55000E+001  3.57553E-007  5.83808E+012  4.43596E+002  4.06996E+005  1.00000E-040  1.00000E-040  1.00000E-040  1.00000E-040  1.00000E-040  1.00000E-040  1.00000E-040  1.00000E-040  1.00000E-040  1.00000E-040  1.00000E-040  1.00000E-040  1.00000E-040  1.00000E-040  4.42348E-036  1.00000E-040  3.53813E-040  8.31226E-006  5.39941E-009  4.99683E-009  8.11122E-013  3.38386E-002  5.80681E-003  9.04020E-005  9.20871E-005  2.17194E-018  8.59931E-017  4.11216E-012  3.30029E-019  7.31224E-021  9.19128E-019  9.46080E-014  3.74513E-019  2.56297E-036  3.57369E-036  1.00000E-040  1.00000E-040  3.50464E-038  5.93786E-030  6.30084E-017  2.42704E-017  7.86550E-027  1.00000E-040  7.88264E-030  1.46286E-016  2.13580E-016  5.77752E-007  9.60162E-001  1.27423E-018  2.24203E-026  3.00854E-027  1.33955E-029  6.31823E-039  4.32750E-033  3.79606E-029  7.76957E-007  8.88463E-017  4.88194E-015  1.06218E-018  2.48719E-011  5.77650E-026  8.02860E-011  2.68586E-014  1.13103E-021  2.98418E-021  1.19934E-021  1.42586E-026  3.06580E-023  6.25079E-036  9.10022E-034  1.00000E-040  1.00000E-040  1.00000E-040  5.89532E-025  5.47153E-035  2.84122E-015  1.79592E-028  7.32590E-037  1.00000E-040  1.00000E-040  1.00000E-040  1.00000E-040  5.37589E-032  3.53321E-034  1.07342E-036  5.62802E-039  6.44931E-018  2.04671E-021  5.91359E-029  4.87425E-022  1.09449E-029  3.06566E-021  2.98030E-022  7.40843E-023  7.66648E-029  1.00000E-040  1.78355E-025  1.00000E-040  2.20324E-033  7.31494E-030  2.70379E-024  2.39653E-039  4.21876E-030  3.60052E-035  3.99835E-011  1.00000E-040  2.25302E-023  1.00000E-040  1.00000E-040  2.33857E-023  4.50183E-010  3.99351E-025  5.23750E-018  2.56886E-034  1.00000E-003  1.00000E-005  1.00000E-005  1.00000E-005  1.00000E-005  1.00000E-005  1.00000E-005  1.00000E-005  1.00000E-005  1.00000E-005  1.00000E-005  1.00000E-005  1.00000E-005  1.00000E-005  1.00000E-005  1.00000E-005  
9.65000E+001  3.33207E-007  5.31992E+012  4.53656E+002  4.06996E+005  1.00000E-040  1.00000E-040  1.00000E-040  1.00000E-040  1.00000E-040  1.00000E-040  1.00000E-040  1.00000E-040  1.00000E-040  1.00000E-040  1.00000E-040  1.00000E-040  1.00000E-040  1.00000E-040  1.16050E-036  1.00000E-040  3.73168E-040  8.33454E-006  3.02915E-009  4.50422E-009  7.10656E-013  3.49303E-002  5.60407E-003  9.09681E-005  8.84349E-005  1.27677E-018  3.16080E-017  4.97771E-012  2.50012E-019  2.52321E-021  3.66132E-019  3.04841E-014  4.16640E-019  1.00000E-040  1.00000E-040  1.00000E-040  1.00000E-040  3.25110E-038  4.86434E-030  5.90705E-017  2.40105E-017  8.32469E-027  1.00000E-040  6.74335E-030  2.03221E-016  8.72704E-017  1.13443E-006  9.59276E-001  1.34856E-018  1.05408E-026  4.28933E-028  1.18997E-029  1.00000E-040  9.55750E-034  8.56825E-030  9.06598E-007  1.47151E-016  4.05366E-015  4.50996E-019  2.30939E-011  3.42624E-026  6.15731E-011  2.78698E-014  1.03413E-021  2.63148E-021  8.78103E-022  1.00774E-026  2.13599E-023  4.86641E-036  8.98808E-034  1.00000E-040  1.00000E-040  1.00000E-040  5.62365E-025  5.18190E-036  2.50782E-015  1.11060E-028  6.16759E-038  1.00000E-040  1.00000E-040  1.00000E-040  1.00000E-040  4.14466E-032  1.39646E-034  2.61001E-037  7.04981E-040  8.28763E-018  7.33503E-022  3.80481E-029  6.20236E-022  8.74265E-030  2.90238E-021  2.73209E-022  4.92238E-023  8.13207E-029  1.00000E-040  3.33795E-027  1.00000E-040  8.66513E-034  4.69763E-030  1.61751E-024  1.00000E-040  1.32962E-030  2.52124E-035  4.39942E-011  1.00000E-040  3.10112E-024  1.00000E-040  1.00000E-040  8.23788E-024  8.59057E-010  1.29468E-025  1.46183E-018  1.87904E-034  1.00000E-003  1.00000E-005  1.00000E-005  1.00000E-005  1.00000E-005  1.00000E-005  1.00000E-005  1.00000E-005  1.00000E-005  1.00000E-005  1.00000E-005  1.00000E-005  1.00000E-005  1.00000E-005  1.00000E-005  1.00000E-005  
9.75000E+001  3.11010E-007  4.85778E+012  4.63717E+002  4.06996E+005  1.00000E-040  1.00000E-040  1.00000E-040  1.00000E-040  1.00000E-040  1.00000E-040  1.00000E-040  1.00000E-040  1.00000E-040  1.00000E-040  1.00000E-040  1.00000E-040  1.00000E-040  1.00000E-040  3.80127E-037  1.00000E-040  3.93349E-040  8.35010E-006  1.70470E-009  4.13864E-009  6.84735E-013  3.59774E-002  5.44147E-003  9.13606E-005  8.50851E-005  8.77702E-019  1.12817E-017  6.48440E-012  2.07657E-019  8.46234E-022  1.40759E-019  9.54764E-015  4.59258E-019  1.00000E-040  1.00000E-040  1.00000E-040  1.00000E-040  3.13064E-038  4.01588E-030  5.54406E-017  2.36126E-017  9.52913E-027  1.00000E-040  5.76431E-030  3.02049E-016  3.56646E-017  2.49594E-006  9.58393E-001  1.97501E-018  5.16892E-027  6.24895E-029  1.25008E-029  1.00000E-040  2.25925E-034  2.06756E-030  1.05210E-006  3.43839E-016  3.39949E-015  1.99825E-019  2.16857E-011  2.11677E-026  4.77674E-011  2.88289E-014  9.45229E-022  2.32190E-021  7.11505E-022  7.55817E-027  1.53886E-023  3.96465E-036  8.87373E-034  1.00000E-040  1.00000E-040  1.00000E-040  5.36446E-025  5.05332E-037  2.27030E-015  7.20244E-029  9.67942E-039  1.00000E-040  1.00000E-040  1.00000E-040  1.00000E-040  3.21156E-032  5.47382E-035  6.78116E-038  1.00000E-040  1.14956E-017  2.54891E-022  2.69298E-029  7.78197E-022  7.04388E-030  2.81683E-021  2.74093E-022  4.02404E-023  8.53697E-029  1.00000E-040  5.26744E-029  1.00000E-040  3.26932E-034  3.15300E-030  1.01431E-024  1.00000E-040  4.09314E-031  1.92751E-035  4.84364E-011  1.00000E-040  4.56059E-025  1.00000E-040  1.00000E-040  2.94817E-024  2.26239E-009  3.93723E-026  3.85203E-019  1.43185E-034  1.00000E-003  1.00000E-005  1.00000E-005  1.00000E-005  1.00000E-005  1.00000E-005  1.00000E-005  1.00000E-005  1.00000E-005  1.00000E-005  1.00000E-005  1.00000E-005  1.00000E-005  1.00000E-005  1.00000E-005  1.00000E-005  
9.85000E+001  2.90730E-007  4.44459E+012  4.73777E+002  4.06996E+005  1.00000E-040  1.00000E-040  1.00000E-040  1.00000E-040  1.00000E-040  1.00000E-040  1.00000E-040  1.00000E-040  1.00000E-040  1.00000E-040  1.00000E-040  1.00000E-040  1.00000E-040  1.00000E-040  1.50151E-037  1.00000E-040  4.14365E-040  8.35944E-006  1.00742E-009  3.88865E-009  7.34978E-013  3.69802E-002  5.31731E-003  9.15931E-005  8.20186E-005  6.90512E-019  4.01921E-018  9.98239E-012  2.07305E-019  2.82281E-022  5.34276E-020  2.97201E-015  5.02220E-019  4.94712E-037  5.28729E-037  9.96127E-038  1.00000E-040  3.09324E-038  3.34407E-030  5.21713E-017  2.30263E-017  1.29709E-026  1.00000E-040  4.92719E-030  5.27851E-016  1.55247E-017  5.55517E-006  9.57514E-001  3.57588E-018  2.75092E-027  1.03080E-029  1.86911E-029  1.00000E-040  6.39316E-035  5.97671E-031  1.21522E-006  9.80601E-016  2.87956E-015  9.62592E-020  2.05921E-011  1.37612E-026  3.74930E-011  2.97461E-014  8.64119E-022  2.05418E-021  6.46533E-022  6.11064E-027  1.16266E-023  3.42947E-036  8.75839E-034  1.00000E-040  1.00000E-040  1.00000E-040  5.11760E-025  4.96336E-038  2.11491E-015  5.08437E-029  2.49750E-039  1.00000E-040  1.00000E-040  1.00000E-040  1.00000E-040  2.50077E-032  2.32420E-035  2.10963E-038  1.00000E-040  1.89149E-017  8.79082E-023  2.29828E-029  9.63519E-022  5.72897E-030  2.81241E-021  2.89207E-022  3.60897E-023  8.83951E-029  1.00000E-040  7.10885E-031  1.00000E-040  1.21114E-034  2.29809E-030  6.92620E-025  1.00000E-040  1.25901E-031  1.62124E-035  5.34188E-011  1.00000E-040  8.23781E-026  1.00000E-040  1.00000E-040  1.11152E-024  7.07652E-009  1.14095E-026  9.73141E-020  1.15677E-034  1.00000E-003  1.00000E-005  1.00000E-005  1.00000E-005  1.00000E-005  1.00000E-005  1.00000E-005  1.00000E-005  1.00000E-005  1.00000E-005  1.00000E-005  1.00000E-005  1.00000E-005  1.00000E-005  1.00000E-005  1.00000E-005  
9.95000E+001  2.72165E-007  4.07426E+012  4.83838E+002  4.06996E+005  1.00000E-040  1.00000E-040  1.00000E-040  1.00000E-040  1.00000E-040  1.00000E-040  1.00000E-040  1.00000E-040  1.00000E-040  1.00000E-040  1.00000E-040  1.00000E-040  1.00000E-040  1.00000E-040  7.08937E-038  1.00000E-040  4.36222E-040  8.36282E-006  7.06088E-010  3.75651E-009  8.82874E-013  3.79368E-002  5.23129E-003  9.16743E-005  7.92215E-005  5.95372E-019  1.74614E-018  2.01774E-011  2.75968E-019  1.14140E-022  2.43481E-020  1.11729E-015  5.46276E-019  2.77574E-040  4.04509E-040  1.00000E-040  1.00000E-040  3.12005E-038  2.81723E-030  4.93994E-017  2.21136E-017  2.34043E-026  1.00000E-040  4.22188E-030  1.19235E-015  9.01395E-018  1.16763E-005  9.56640E-001  1.46433E-017  1.84763E-027  2.61628E-030  4.90233E-029  1.00000E-040  2.91993E-035  2.78956E-031  1.38258E-006  5.76424E-015  2.46430E-015  5.82779E-020  1.97592E-011  9.77578E-027  2.98306E-011  3.02936E-014  7.81705E-022  1.82934E-021  6.51600E-022  5.34328E-027  9.37023E-024  3.18677E-036  8.64273E-034  1.06851E-038  1.00000E-040  1.00000E-040  4.88281E-025  6.50267E-039  2.03169E-015  4.15486E-029  1.27657E-039  1.00000E-040  1.00000E-040  1.00000E-040  1.00000E-040  1.95662E-032  1.45046E-035  1.05978E-038  1.00000E-040  4.05952E-017  3.66822E-023  2.62360E-029  1.17831E-021  4.71786E-030  2.89813E-021  3.16039E-022  6.18583E-023  8.99571E-029  1.00000E-040  9.12545E-033  1.00000E-040  5.35978E-035  1.93553E-030  5.47927E-025  1.00000E-040  4.70610E-032  1.49217E-035  5.91388E-011  1.00000E-040  2.42999E-026  1.00000E-040  1.00000E-040  5.31051E-025  4.42379E-008  3.76407E-027  2.81472E-020  1.00972E-034  1.00000E-003  1.00000E-005  1.00000E-005  1.00000E-005  1.00000E-005  1.00000E-005  1.00000E-005  1.00000E-005  1.00000E-005  1.00000E-005  1.00000E-005  1.00000E-005  1.00000E-005  1.00000E-005  1.00000E-005  1.00000E-005  
