case,model,wavelength_nm,sza_0,sza_5,sza_10,sza_15,sza_20,sza_25,sza_30,sza_35,sza_40,sza_45,sza_50,sza_55,sza_60,sza_65,sza_70,sza_75,sza_80,sza_85,irradiance_col1
pal0p1,atmos,280.5,3.807e-06,3.652e-06,3.217e-06,2.593e-06,1.897e-06,1.245e-06,7.213e-07,3.604e-07,1.507e-07,5.066e-08,1.318e-08,2.713e-09,6.295e-10,2.987e-10,2.206e-10,1.783e-10,1.42e-10,1.005e-10,
pal0p1,atmos,281.5,2.095e-05,2.016e-05,1.794e-05,1.471e-05,1.103e-05,7.485e-06,4.53e-06,2.395e-06,1.075e-06,3.962e-07,1.156e-07,2.719e-08,6.81e-09,3.119e-09,2.248e-09,1.805e-09,1.435e-09,1.016e-09,
pal0p1,atmos,282.5,6.203e-05,5.986e-05,5.373e-05,4.469e-05,3.424e-05,2.392e-05,1.504e-05,8.343e-06,3.986e-06,1.588e-06,5.115e-07,1.347e-07,3.624e-08,1.614e-08,1.133e-08,9.031e-09,7.166e-09,5.073e-09,
pal0p1,atmos,283.5,0.0001137,0.0001099,9.923e-05,8.335e-05,6.474e-05,4.609e-05,2.969e-05,1.701e-05,8.457e-06,3.545e-06,1.217e-06,3.445e-07,9.716e-08,4.252e-08,2.927e-08,2.318e-08,1.836e-08,1.3e-08,
pal0p1,atmos,284.5,0.000208,0.0002018,0.000184,0.0001573,0.0001253,9.233e-05,6.221e-05,3.774e-05,2.019e-05,9.291e-06,3.583e-06,1.161e-06,3.617e-07,1.553e-07,1.024e-07,7.985e-08,6.294e-08,4.455e-08,
pal0p1,atmos,285.5,0.0002033,0.0001977,0.0001817,0.0001573,0.0001277,9.653e-05,6.724e-05,4.257e-05,2.405e-05,1.185e-05,4.977e-06,1.78e-06,5.991e-07,2.555e-07,1.623e-07,1.246e-07,9.771e-08,6.909e-08,
pal0p1,atmos,286.5,0.0009012,0.0008781,0.0008116,0.0007097,0.0005846,0.0004507,0.0003221,0.0002107,0.0001241,6.446e-05,2.89e-05,1.114e-05,3.989e-06,1.703e-06,1.047e-06,7.912e-07,6.173e-07,4.361e-07,
pal0p1,atmos,287.5,0.001744,0.001703,0.001584,0.001401,0.001173,0.000924,0.0006795,0.0004611,0.0002845,0.0001566,7.546e-05,3.163e-05,1.218e-05,5.255e-06,3.11e-06,2.299e-06,1.779e-06,1.254e-06,
pal0p1,atmos,288.5,0.002684,0.002627,0.002461,0.002203,0.001877,0.001514,0.001149,0.0008108,0.0005259,0.0003083,0.0001606,7.371e-05,3.087e-05,1.363e-05,7.749e-06,5.547e-06,4.24e-06,2.977e-06,
pal0p1,atmos,289.5,0.00633,0.006206,0.005844,0.005276,0.004552,0.003736,0.002897,0.002104,0.001415,0.0008674,0.0004775,0.0002337,0.0001041,4.709e-05,2.605e-05,1.811e-05,1.367e-05,9.559e-06,
pal0p1,atmos,290.5,0.01245,0.01223,0.01156,0.01051,0.00917,0.007635,0.006033,0.004487,0.003109,0.001979,0.001141,0.0005894,0.0002767,0.0001285,6.968e-05,4.705e-05,3.503e-05,2.438e-05,
pal0p1,atmos,291.5,0.01754,0.01724,0.01639,0.01503,0.01326,0.01122,0.009058,0.006922,0.004961,0.003295,0.002001,0.001099,0.0005493,0.0002649,0.0001414,9.194e-05,6.704e-05,4.627e-05,
pal0p1,atmos,292.5,0.02169,0.02135,0.02037,0.01881,0.01677,0.01438,0.01181,0.009224,0.006797,0.004673,0.002961,0.00171,0.0009005,0.0004502,0.0002388,0.0001501,0.0001069,7.314e-05,
pal0p1,atmos,293.5,0.03345,0.03298,0.03158,0.02934,0.0264,0.02293,0.01914,0.01526,0.01154,0.008199,0.005406,0.003273,0.001813,0.0009428,0.0005011,0.0003047,0.0002111,0.0001426,
pal0p1,atmos,294.5,0.03886,0.03835,0.03683,0.0344,0.03117,0.02734,0.02311,0.01873,0.01446,0.01053,0.007162,0.004497,0.002593,0.001394,0.0007462,0.0004425,0.0002983,0.0001989,
pal0p1,atmos,295.5,0.05798,0.05727,0.05518,0.05181,0.04733,0.04194,0.03595,0.02964,0.02338,0.01749,0.01229,0.008029,0.004837,0.002706,0.001471,0.0008522,0.0005549,0.0003629,
pal0p1,atmos,296.5,0.06561,0.06487,0.06266,0.0591,0.05433,0.04857,0.0421,0.03522,0.02827,0.02163,0.01562,0.01054,0.006586,0.003816,0.002112,0.001206,0.0007597,0.0004863,
pal0p1,atmos,297.5,0.08607,0.08516,0.08246,0.07808,0.07218,0.06503,0.05692,0.04822,0.03932,0.03067,0.02268,0.01575,0.01017,0.00609,0.003443,0.00195,0.00119,0.000743,
pal0p1,atmos,298.5,0.07458,0.07384,0.07163,0.06805,0.06322,0.05732,0.05059,0.04331,0.03579,0.02837,0.0214,0.01523,0.01011,0.006232,0.003598,0.002034,0.001208,0.0007344,
pal0p1,atmos,299.5,0.1232,0.1221,0.1186,0.1131,0.1055,0.09626,0.08563,0.07404,0.06195,0.04987,0.03835,0.02792,0.01905,0.01208,0.007143,0.004053,0.002347,0.001383,
pal0p1,atmos,300.5,0.09179,0.09097,0.08854,0.08458,0.07921,0.0726,0.06498,0.05661,0.04782,0.03895,0.03039,0.02251,0.01568,0.01017,0.006131,0.0035,0.001991,0.001141,
pal0p1,atmos,301.5,0.1422,0.141,0.1375,0.1317,0.1238,0.114,0.1027,0.09024,0.07702,0.06355,0.05037,0.03803,0.0271,0.01804,0.01114,0.006437,0.003604,0.001994,
pal0p1,atmos,302.5,0.1507,0.1495,0.1459,0.14,0.1319,0.1219,0.1103,0.09746,0.08375,0.06969,0.05581,0.04268,0.03087,0.0209,0.01312,0.007655,0.004252,0.002293,
pal0p1,atmos,303.5,0.2126,0.2109,0.2061,0.1981,0.1873,0.1738,0.158,0.1405,0.1217,0.1023,0.08294,0.06439,0.04743,0.03278,0.02104,0.01246,0.006884,0.003596,
pal0p1,atmos,304.5,0.2084,0.2069,0.2022,0.1947,0.1843,0.1714,0.1564,0.1396,0.1215,0.1027,0.08385,0.06565,0.04886,0.03418,0.02221,0.01328,0.007324,0.003752,
pal0p1,atmos,305.5,0.2342,0.2326,0.2276,0.2195,0.2083,0.1945,0.1782,0.1599,0.1402,0.1195,0.09862,0.07824,0.05916,0.04217,0.02797,0.01702,0.009415,0.004691,
pal0p1,atmos,306.5,0.2283,0.2267,0.2219,0.2142,0.2035,0.1903,0.1747,0.1572,0.1382,0.1183,0.09804,0.07822,0.05954,0.04278,0.02862,0.01755,0.009723,0.004784,
pal0p1,atmos,307.5,0.2885,0.2866,0.2809,0.2715,0.2585,0.2424,0.2233,0.2019,0.1785,0.1539,0.1287,0.1038,0.08011,0.05849,0.03985,0.02489,0.01391,0.006705,
pal0p1,atmos,308.5,0.307,0.305,0.299,0.2892,0.2756,0.2587,0.2388,0.2162,0.1916,0.1657,0.139,0.1126,0.08733,0.06415,0.044,0.02766,0.0155,0.007417,
pal0p1,atmos,309.5,0.2481,0.2465,0.2418,0.2341,0.2234,0.2095,0.1944,0.1766,0.1571,0.1365,0.1152,0.09403,0.07357,0.05462,0.03795,0.02417,0.01367,0.006474,
pal0p1,atmos,310.5,0.3175,0.3155,0.3096,0.2999,0.2866,0.2699,0.2501,0.2277,0.2032,0.1771,0.1502,0.1232,0.097,0.07258,0.05088,0.03272,0.01864,0.008777,
pal0p1,atmos,311.5,0.3921,0.3897,0.3826,0.3708,0.3546,0.3342,0.3101,0.2828,0.2528,0.2209,0.1878,0.1546,0.1222,0.09194,0.06484,0.04197,0.02403,0.01128,
pal0p1,atmos,312.5,0.3556,0.3535,0.3472,0.3367,0.3224,0.3044,0.283,0.2588,0.2321,0.2036,0.174,0.1441,0.1148,0.08717,0.06217,0.04077,0.02361,0.01106,
pal0p1,atmos,313.5,0.3962,0.3939,0.3869,0.3754,0.3595,0.3396,0.3159,0.2891,0.2595,0.2279,0.195,0.1617,0.1291,0.09821,0.07021,0.04614,0.02678,0.01253,
pal0p1,atmos,314.5,0.3719,0.3698,0.3634,0.3528,0.3382,0.3199,0.2982,0.2735,0.2462,0.2169,0.1864,0.1555,0.1249,0.0958,0.06917,0.046,0.02701,0.01266,
pal0p1,atmos,315.5,0.3799,0.3778,0.3712,0.3605,0.3457,0.3271,0.305,0.2798,0.252,0.2223,0.1912,0.1595,0.1283,0.09853,0.07124,0.04743,0.02788,0.01306,
pal0p1,atmos,316.5,0.3603,0.3583,0.3523,0.3423,0.3285,0.3111,0.2905,0.267,0.241,0.2131,0.1839,0.1541,0.1246,0.09628,0.07015,0.04715,0.02799,0.01317,
pal0p1,atmos,317.5,0.5091,0.5062,0.4977,0.4836,0.4641,0.4397,0.4106,0.3774,0.3407,0.3013,0.2601,0.218,0.1762,0.1362,0.09918,0.06663,0.03952,0.01857,
pal0p1,atmos,318.5,0.3828,0.3807,0.3744,0.3639,0.3496,0.3315,0.3099,0.2854,0.2581,0.2289,0.1981,0.1667,0.1354,0.1052,0.07722,0.05233,0.03136,0.01482,
pal0p1,atmos,319.5,0.4628,0.4603,0.4527,0.4401,0.4228,0.401,0.3751,0.3455,0.3127,0.2774,0.2403,0.2023,0.1645,0.128,0.09402,0.0638,0.03828,0.0181,
pal0p1,atmos,320.5,0.5571,0.554,0.5449,0.5299,0.5092,0.4831,0.452,0.4165,0.3772,0.3348,0.2903,0.2447,0.1992,0.1552,0.1142,0.07761,0.04666,0.02209,
pal0p1,atmos,321.5,0.4537,0.4513,0.444,0.4319,0.4153,0.3944,0.3695,0.3409,0.3093,0.2752,0.2393,0.2023,0.1654,0.1295,0.09595,0.06578,0.03995,0.01907,
pal0p1,atmos,322.5,0.4713,0.4687,0.4611,0.4485,0.431,0.4091,0.383,0.3531,0.32,0.2842,0.2467,0.2081,0.1696,0.1323,0.09743,0.06632,0.03992,0.0189,
pal0p1,atmos,323.5,0.4614,0.459,0.4516,0.4395,0.4228,0.4017,0.3765,0.3478,0.3158,0.2813,0.2449,0.2075,0.17,0.1334,0.09912,0.06819,0.04158,0.01992,
pal0p1,atmos,324.5,0.5422,0.5393,0.5307,0.5165,0.4969,0.4721,0.4426,0.4088,0.3712,0.3307,0.2879,0.2439,0.1998,0.1568,0.1164,0.08003,0.04875,0.02332,
pal0p1,atmos,325.5,0.6116,0.6083,0.5986,0.5825,0.5604,0.5324,0.4991,0.4609,0.4186,0.3728,0.3245,0.2748,0.2249,0.1764,0.1308,0.08977,0.05457,0.02605,
pal0p1,atmos,326.5,0.7144,0.7107,0.6995,0.681,0.6554,0.6232,0.5847,0.5407,0.4917,0.4387,0.3828,0.3251,0.267,0.2104,0.1569,0.1084,0.06651,0.03205,
pal0p1,atmos,327.5,0.6726,0.6691,0.6585,0.641,0.6169,0.5865,0.5502,0.5086,0.4624,0.4124,0.3596,0.3052,0.2505,0.197,0.1466,0.1011,0.06178,0.02966,
pal0p1,atmos,328.5,0.6206,0.6174,0.6076,0.5915,0.5693,0.5413,0.5079,0.4695,0.427,0.3809,0.3322,0.2819,0.2314,0.1821,0.1355,0.09341,0.05709,0.02741,
pal0p1,atmos,329.5,0.7831,0.779,0.7668,0.7467,0.719,0.684,0.6422,0.5943,0.541,0.4833,0.4222,0.3591,0.2955,0.2333,0.1744,0.1208,0.07436,0.03597,
pal0p1,atmos,330.5,0.7196,0.7158,0.7046,0.6861,0.6606,0.6283,0.5899,0.5457,0.4967,0.4435,0.3873,0.3292,0.2706,0.2134,0.1592,0.11,0.06748,0.03252,
pal0p1,atmos,331.5,0.7125,0.7088,0.6977,0.6794,0.6541,0.6222,0.5841,0.5404,0.4919,0.4392,0.3836,0.326,0.268,0.2112,0.1575,0.1088,0.06669,0.03211,
pal0p1,atmos,332.5,0.6878,0.6842,0.6736,0.6561,0.6319,0.6013,0.5648,0.523,0.4764,0.4258,0.3723,0.317,0.2611,0.2063,0.1543,0.107,0.06591,0.03192,
pal0p1,atmos,333.5,0.6515,0.6481,0.6381,0.6214,0.5985,0.5695,0.5349,0.4952,0.451,0.403,0.3523,0.2998,0.2468,0.1948,0.1455,0.1007,0.06186,0.02988,
pal0p1,atmos,334.5,0.7245,0.7208,0.7096,0.6912,0.6657,0.6336,0.5952,0.5511,0.5021,0.4489,0.3925,0.3341,0.2752,0.2174,0.1625,0.1125,0.06921,0.03347,
pal0p1,atmos,335.5,0.7272,0.7234,0.7123,0.6939,0.6684,0.6363,0.5979,0.5539,0.5048,0.4516,0.3951,0.3367,0.2776,0.2195,0.1643,0.114,0.07028,0.03409,
pal0p1,atmos,336.5,0.5698,0.5669,0.5582,0.5438,0.5239,0.4987,0.4686,0.4341,0.3957,0.354,0.3097,0.2639,0.2175,0.172,0.1287,0.08921,0.05494,0.02662,
pal0p1,atmos,337.5,0.6294,0.6262,0.6166,0.6006,0.5786,0.5508,0.5176,0.4794,0.4369,0.3908,0.3419,0.2912,0.2399,0.1895,0.1417,0.09806,0.06026,0.02913,
pal0p1,atmos,338.5,0.6575,0.6542,0.6442,0.6276,0.6047,0.5758,0.5412,0.5015,0.4573,0.4092,0.3583,0.3054,0.2519,0.1993,0.1492,0.1035,0.06375,0.03092,
pal0p1,atmos,339.5,0.7136,0.71,0.6991,0.6812,0.6564,0.625,0.5876,0.5446,0.4966,0.4445,0.3893,0.3319,0.2739,0.2167,0.1622,0.1125,0.06936,0.03365,
pal0p1,atmos,340.5,0.7654,0.7615,0.7499,0.7306,0.704,0.6704,0.6303,0.5841,0.5327,0.4768,0.4175,0.356,0.2936,0.2322,0.1738,0.1204,0.07413,0.03592,
pal0p1,atmos,341.5,0.6761,0.6726,0.6624,0.6455,0.622,0.5924,0.5571,0.5164,0.4711,0.4218,0.3695,0.3152,0.2602,0.2059,0.1542,0.107,0.06593,0.032,
pal0p1,atmos,342.5,0.748,0.7442,0.7329,0.7142,0.6883,0.6556,0.6165,0.5716,0.5215,0.4671,0.4093,0.3492,0.2883,0.2282,0.1709,0.1186,0.07309,0.03548,
pal0p1,atmos,343.5,0.778,0.7741,0.7623,0.7429,0.716,0.682,0.6414,0.5947,0.5426,0.486,0.4259,0.3634,0.3,0.2375,0.1778,0.1233,0.07593,0.03684,
pal0p1,atmos,344.5,0.5461,0.5434,0.5351,0.5215,0.5026,0.4788,0.4503,0.4175,0.381,0.3413,0.299,0.2552,0.2107,0.1667,0.1248,0.08649,0.05322,0.0258,
pal0p1,atmos,345.5,0.7443,0.7405,0.7293,0.7108,0.6852,0.6528,0.6141,0.5695,0.5199,0.4658,0.4084,0.3486,0.288,0.2281,0.1709,0.1185,0.07302,0.03546,
pal0p1,atmos,346.5,0.698,0.6945,0.684,0.6666,0.6426,0.6122,0.5759,0.5342,0.4876,0.4369,0.383,0.327,0.2701,0.2138,0.1601,0.111,0.06829,0.03312,
pal0p1,atmos,347.5,0.6815,0.6781,0.6678,0.6509,0.6275,0.5979,0.5625,0.5218,0.4763,0.4269,0.3743,0.3196,0.264,0.2091,0.1566,0.1085,0.06677,0.03238,
pal0p1,atmos,348.5,0.7479,0.7441,0.7329,0.7143,0.6887,0.6563,0.6175,0.5729,0.5231,0.4689,0.4112,0.3512,0.2902,0.2298,0.1722,0.1193,0.07343,0.03563,
pal0p1,atmos,349.5,0.6266,0.6234,0.6141,0.5985,0.5771,0.55,0.5175,0.4802,0.4385,0.3931,0.3448,0.2945,0.2434,0.1928,0.1444,0.1001,0.06156,0.02987,
pal0p1,atmos,350.5,0.8767,0.8723,0.8592,0.8375,0.8076,0.7696,0.7243,0.6721,0.6138,0.5504,0.4828,0.4125,0.3409,0.2701,0.2023,0.1402,0.08624,0.04184,
pal0p1,atmos,351.5,0.7556,0.7518,0.7406,0.7219,0.6961,0.6635,0.6244,0.5795,0.5293,0.4746,0.4164,0.3558,0.2941,0.2331,0.1746,0.1209,0.07436,0.03607,
pal0p1,atmos,352.5,0.6809,0.6776,0.6674,0.6506,0.6274,0.598,0.5629,0.5224,0.4772,0.428,0.3756,0.321,0.2654,0.2103,0.1575,0.1091,0.0671,0.03255,
pal0p1,atmos,353.5,0.8189,0.8148,0.8026,0.7825,0.7546,0.7193,0.6771,0.6285,0.5742,0.5151,0.4521,0.3864,0.3196,0.2533,0.1898,0.1315,0.08082,0.03921,
pal0p1,atmos,354.5,0.8855,0.8811,0.868,0.8462,0.8161,0.778,0.7324,0.6799,0.6213,0.5574,0.4893,0.4183,0.346,0.2743,0.2055,0.1424,0.08752,0.04246,
pal0p1,atmos,355.5,0.8272,0.8231,0.8108,0.7905,0.7624,0.7269,0.6843,0.6354,0.5807,0.521,0.4574,0.3911,0.3236,0.2566,0.1922,0.1332,0.08183,0.0397,
pal0p1,atmos,356.5,0.7674,0.7635,0.7522,0.7334,0.7073,0.6744,0.635,0.5896,0.5389,0.4836,0.4247,0.3632,0.3005,0.2383,0.1786,0.1237,0.07597,0.03685,
pal0p1,atmos,357.5,0.6523,0.6491,0.6394,0.6235,0.6014,0.5734,0.54,0.5014,0.4584,0.4114,0.3613,0.309,0.2557,0.2028,0.152,0.1052,0.06463,0.03135,
pal0p1,atmos,358.5,0.5031,0.5006,0.4931,0.4808,0.4638,0.4423,0.4165,0.3868,0.3536,0.3175,0.2788,0.2386,0.1974,0.1566,0.1174,0.08127,0.0499,0.0242,
pal0p1,atmos,359.5,0.8463,0.8421,0.8296,0.8089,0.7804,0.7442,0.7009,0.651,0.5952,0.5344,0.4695,0.4017,0.3325,0.2638,0.1977,0.1369,0.08402,0.04075,
pal0p1,atmos,360.5,0.7841,0.7802,0.7687,0.7495,0.7231,0.6896,0.6495,0.6034,0.5517,0.4954,0.4353,0.3725,0.3084,0.2447,0.1834,0.127,0.07792,0.03778,
pal0p1,atmos,361.5,0.7065,0.703,0.6926,0.6754,0.6516,0.6215,0.5854,0.5439,0.4974,0.4467,0.3925,0.336,0.2782,0.2208,0.1655,0.1146,0.07029,0.03408,
pal0p1,atmos,362.5,0.8293,0.8252,0.813,0.7928,0.7649,0.7296,0.6874,0.6386,0.5841,0.5246,0.4611,0.3947,0.3269,0.2595,0.1945,0.1346,0.08258,0.04004,
pal0p1,atmos,363.5,0.7374,0.7338,0.7229,0.705,0.6803,0.6489,0.6113,0.5681,0.5196,0.4668,0.4103,0.3513,0.291,0.231,0.1732,0.1199,0.0735,0.03563,
pal0p1,atmos,364.5,0.8041,0.8002,0.7884,0.7689,0.7419,0.7077,0.6668,0.6197,0.5669,0.5093,0.4478,0.3835,0.3177,0.2522,0.1891,0.1308,0.08022,0.03888,
pal0p1,atmos,365.5,0.9795,0.9747,0.9604,0.9367,0.9038,0.8623,0.8125,0.7551,0.6909,0.6208,0.5459,0.4675,0.3874,0.3076,0.2306,0.1596,0.09779,0.04739,
pal0p1,atmos,366.5,1.036,1.031,1.016,0.9909,0.9562,0.9123,0.8597,0.7991,0.7312,0.6571,0.5779,0.495,0.4102,0.3258,0.2442,0.169,0.1035,0.05018,
pal0p1,atmos,367.5,0.9834,0.9785,0.9642,0.9404,0.9076,0.866,0.8161,0.7586,0.6943,0.624,0.5488,0.4702,0.3898,0.3095,0.2321,0.1606,0.09837,0.04766,
pal0p1,atmos,368.5,0.8635,0.8593,0.8467,0.8259,0.7971,0.7606,0.7168,0.6664,0.6099,0.5482,0.4823,0.4133,0.3426,0.2721,0.2041,0.1412,0.08646,0.04188,
pal0p1,atmos,369.5,1.035,1.03,1.015,0.9903,0.9558,0.9121,0.8597,0.7993,0.7317,0.6577,0.5787,0.496,0.4113,0.3267,0.245,0.1695,0.1038,0.05026,
pal0p1,atmos,370.5,0.939,0.9345,0.9208,0.8982,0.8669,0.8273,0.7799,0.7252,0.6639,0.5969,0.5252,0.4502,0.3734,0.2966,0.2225,0.1539,0.09419,0.04561,
pal0p1,atmos,371.5,1.074,1.069,1.053,1.027,0.9917,0.9464,0.8922,0.8297,0.7596,0.6831,0.6012,0.5154,0.4275,0.3397,0.2548,0.1762,0.1078,0.05221,
pal0p1,atmos,372.5,0.7931,0.7892,0.7777,0.7587,0.7323,0.699,0.659,0.6128,0.5612,0.5047,0.4442,0.3809,0.316,0.2511,0.1884,0.1303,0.07969,0.03858,
pal0p1,atmos,373.5,0.7166,0.7131,0.7027,0.6856,0.6618,0.6317,0.5956,0.5539,0.5073,0.4563,0.4017,0.3445,0.2858,0.2272,0.1704,0.1179,0.07207,0.03488,
pal0p1,atmos,374.5,0.7862,0.7824,0.771,0.7522,0.7261,0.6931,0.6536,0.6079,0.5568,0.5009,0.441,0.3783,0.3139,0.2495,0.1872,0.1295,0.07914,0.0383,
pal0p1,atmos,375.5,0.8868,0.8825,0.8697,0.8485,0.8191,0.7819,0.7373,0.6859,0.6283,0.5652,0.4978,0.427,0.3544,0.2818,0.2114,0.1462,0.08935,0.04323,
pal0p1,atmos,376.5,0.8852,0.8809,0.8681,0.847,0.8177,0.7806,0.7362,0.6849,0.6274,0.5645,0.4972,0.4266,0.3541,0.2816,0.2113,0.1461,0.08927,0.04318,
pal0p1,atmos,377.5,1.054,1.049,1.033,1.008,0.9735,0.9294,0.8765,0.8155,0.7472,0.6724,0.5923,0.5083,0.422,0.3356,0.2518,0.1741,0.1064,0.05144,
pal0p1,atmos,378.5,1.148,1.143,1.126,1.099,1.061,1.013,0.9553,0.8889,0.8144,0.733,0.6458,0.5542,0.4603,0.3661,0.2747,0.1899,0.116,0.05608,
pal0p1,atmos,379.5,0.8491,0.845,0.8328,0.8126,0.7846,0.7492,0.7067,0.6576,0.6026,0.5424,0.4779,0.4103,0.3407,0.2711,0.2035,0.1406,0.08586,0.0415,
pal0p1,atmos,380.5,1.021,1.016,1.001,0.977,0.9434,0.9008,0.8498,0.7909,0.7248,0.6525,0.575,0.4937,0.4101,0.3263,0.2449,0.1693,0.1033,0.04993,
pal0p1,atmos,381.5,0.9589,0.9543,0.9406,0.9178,0.8863,0.8463,0.7984,0.7431,0.6811,0.6132,0.5405,0.4641,0.3856,0.3069,0.2303,0.1592,0.09714,0.04694,
pal0p1,atmos,382.5,0.6388,0.6357,0.6265,0.6114,0.5904,0.5638,0.532,0.4952,0.4539,0.4087,0.3603,0.3094,0.2571,0.2046,0.1536,0.1062,0.06477,0.03129,
pal0p1,atmos,383.5,0.5607,0.558,0.55,0.5367,0.5184,0.495,0.4671,0.4348,0.3986,0.359,0.3165,0.2718,0.2259,0.1798,0.135,0.09333,0.05691,0.02748,
pal0p1,atmos,384.5,0.8412,0.8372,0.8252,0.8053,0.7777,0.7428,0.7009,0.6525,0.5983,0.5388,0.4751,0.4082,0.3393,0.2701,0.2028,0.1402,0.08545,0.04126,
pal0p1,atmos,385.5,0.832,0.828,0.8162,0.7965,0.7693,0.7348,0.6934,0.6456,0.5919,0.5332,0.4702,0.404,0.3359,0.2675,0.2009,0.1388,0.08459,0.04083,
pal0p1,atmos,386.5,0.8479,0.8438,0.8317,0.8117,0.784,0.7489,0.7067,0.6581,0.6034,0.5436,0.4795,0.412,0.3426,0.2729,0.2049,0.1416,0.08628,0.04164,
pal0p1,atmos,387.5,0.7877,0.784,0.7728,0.7542,0.7285,0.6959,0.6568,0.6116,0.5609,0.5053,0.4458,0.3831,0.3186,0.2538,0.1906,0.1317,0.08024,0.03871,
pal0p1,atmos,388.5,0.7894,0.7856,0.7744,0.7558,0.73,0.6974,0.6582,0.613,0.5623,0.5066,0.447,0.3842,0.3196,0.2546,0.1913,0.1322,0.08048,0.03881,
pal0p1,atmos,389.5,0.9952,0.9904,0.9763,0.9529,0.9204,0.8793,0.83,0.7731,0.7091,0.6391,0.5639,0.4848,0.4033,0.3213,0.2414,0.1668,0.1015,0.04896,
pal0p1,atmos,390.5,0.9772,0.9725,0.9587,0.9357,0.9039,0.8636,0.8152,0.7593,0.6966,0.6278,0.554,0.4764,0.3964,0.3159,0.2374,0.164,0.09981,0.04811,
pal0p1,atmos,391.5,1.159,1.153,1.137,1.11,1.072,1.024,0.9671,0.9008,0.8265,0.745,0.6575,0.5655,0.4706,0.3751,0.2819,0.1948,0.1185,0.0571,
pal0p1,atmos,392.5,0.8689,0.8647,0.8524,0.8321,0.8038,0.7681,0.7251,0.6755,0.6198,0.5588,0.4932,0.4243,0.3531,0.2815,0.2116,0.1462,0.08891,0.04283,
pal0p1,atmos,393.5,0.3776,0.3759,0.3705,0.3617,0.3494,0.3339,0.3152,0.2937,0.2695,0.243,0.2145,0.1845,0.1536,0.1225,0.09207,0.06361,0.03868,0.01863,
pal0p1,atmos,394.5,0.8884,0.8842,0.8717,0.8509,0.8221,0.7856,0.7418,0.6911,0.6343,0.5719,0.505,0.4345,0.3617,0.2885,0.2168,0.1498,0.09107,0.04385,
pal0p1,atmos,395.5,1.143,1.137,1.121,1.095,1.058,1.011,0.9543,0.8893,0.8162,0.736,0.65,0.5593,0.4658,0.3715,0.2793,0.1929,0.1173,0.05644,
pal0p1,atmos,396.5,0.6709,0.6677,0.6582,0.6426,0.6209,0.5934,0.5604,0.5222,0.4793,0.4323,0.3818,0.3286,0.2737,0.2183,0.1641,0.1134,0.0689,0.03315,
pal0p1,atmos,397.5,0.774,0.7703,0.7594,0.7414,0.7163,0.6846,0.6466,0.6026,0.5532,0.499,0.4407,0.3794,0.316,0.2521,0.1896,0.131,0.07956,0.03827,
pal0p1,atmos,398.5,1.33,1.323,1.305,1.274,1.231,1.176,1.111,1.035,0.9506,0.8576,0.7576,0.6522,0.5434,0.4336,0.3261,0.2253,0.1368,0.06578,
pal0p1,atmos,399.5,1.383,1.376,1.357,1.325,1.28,1.223,1.156,1.077,0.9889,0.8922,0.7883,0.6787,0.5656,0.4514,0.3395,0.2346,0.1424,0.06845,
pal0p1,atmos,400.5,1.453,1.446,1.426,1.392,1.345,1.286,1.215,1.132,1.04,0.9383,0.8291,0.714,0.595,0.475,0.3573,0.2468,0.1498,0.07199,
pal0p1,atmos,401.5,1.495,1.488,1.467,1.432,1.384,1.323,1.25,1.165,1.07,0.9655,0.8533,0.7349,0.6126,0.4891,0.368,0.2542,0.1542,0.07409,
pal0p1,atmos,402.5,1.552,1.544,1.523,1.487,1.437,1.373,1.297,1.21,1.111,1.003,0.8862,0.7634,0.6364,0.5081,0.3824,0.2642,0.1602,0.07694,
pal0p1,atmos,403.5,1.42,1.413,1.393,1.36,1.315,1.257,1.188,1.107,1.017,0.9179,0.8114,0.6991,0.5829,0.4655,0.3503,0.242,0.1468,0.07045,
pal0p1,atmos,404.5,1.392,1.386,1.366,1.334,1.289,1.233,1.165,1.086,0.9976,0.9005,0.7961,0.686,0.5721,0.4569,0.3439,0.2376,0.1441,0.06912,
pal0p1,atmos,405.5,1.446,1.439,1.419,1.386,1.339,1.28,1.21,1.128,1.036,0.9357,0.8273,0.713,0.5947,0.4751,0.3576,0.2471,0.1498,0.07183,
pal0p1,atmos,406.5,1.362,1.355,1.336,1.305,1.261,1.206,1.14,1.063,0.9764,0.8816,0.7795,0.6719,0.5605,0.4478,0.3372,0.233,0.1412,0.06768,
pal0p1,atmos,407.5,1.373,1.366,1.347,1.315,1.271,1.216,1.149,1.071,0.9845,0.889,0.7862,0.6778,0.5655,0.4519,0.3403,0.2351,0.1424,0.06826,
pal0p1,atmos,408.5,1.528,1.521,1.5,1.465,1.416,1.354,1.28,1.193,1.097,0.9904,0.876,0.7552,0.6302,0.5037,0.3793,0.2621,0.1587,0.07605,
pal0p1,atmos,409.5,1.498,1.491,1.47,1.436,1.388,1.327,1.254,1.17,1.075,0.9711,0.8591,0.7407,0.6182,0.4942,0.3722,0.2572,0.1557,0.07458,
pal0p1,atmos,410.5,1.299,1.293,1.275,1.245,1.203,1.151,1.088,1.015,0.9326,0.8424,0.7453,0.6427,0.5365,0.4289,0.3231,0.2233,0.1352,0.0647,
pal0p1,atmos,411.5,1.561,1.554,1.532,1.496,1.446,1.383,1.307,1.22,1.121,1.013,0.8961,0.7729,0.6453,0.516,0.3887,0.2686,0.1626,0.07779,
pal0p1,atmos,412.5,1.547,1.54,1.518,1.483,1.433,1.371,1.296,1.209,1.111,1.004,0.8885,0.7664,0.64,0.5118,0.3857,0.2665,0.1613,0.07713,
pal0p1,atmos,413.5,1.5,1.493,1.472,1.438,1.39,1.329,1.257,1.173,1.078,0.974,0.862,0.7437,0.6211,0.4968,0.3744,0.2587,0.1565,0.07483,
pal0p1,atmos,414.5,1.541,1.534,1.513,1.477,1.428,1.366,1.292,1.205,1.108,1.001,0.8863,0.7647,0.6388,0.511,0.3852,0.2662,0.161,0.07694,
pal0p1,atmos,415.5,1.474,1.467,1.447,1.413,1.366,1.307,1.235,1.153,1.06,0.9579,0.848,0.7318,0.6114,0.4892,0.3688,0.2549,0.1541,0.07362,
pal0p1,atmos,416.5,1.604,1.596,1.574,1.538,1.487,1.422,1.345,1.255,1.154,1.043,0.9233,0.7969,0.6658,0.5329,0.4017,0.2776,0.1678,0.08015,
pal0p1,atmos,417.5,1.466,1.459,1.439,1.405,1.359,1.3,1.229,1.147,1.055,0.9536,0.8444,0.7289,0.6091,0.4875,0.3676,0.2541,0.1536,0.07329,
pal0p1,atmos,418.5,1.477,1.47,1.45,1.416,1.37,1.31,1.239,1.156,1.063,0.9613,0.8513,0.735,0.6143,0.4918,0.3709,0.2563,0.1549,0.07389,
pal0p1,atmos,419.5,1.526,1.519,1.498,1.463,1.415,1.353,1.28,1.194,1.099,0.9932,0.8797,0.7596,0.6349,0.5084,0.3835,0.265,0.1601,0.07636,
pal0p1,kasting,280.5,0.0004152,0.0004054,0.0003773,0.0003338,0.0002797,0.0002208,0.0001628,0.000111,6.899e-05,3.851e-05,1.903e-05,8.345e-06,3.447e-06,1.563e-06,8.822e-07,5.766e-07,3.84e-07,2.311e-07,
pal0p1,kasting,281.5,0.001493,0.00146,0.001366,0.001219,0.001034,0.0008299,0.0006256,0.0004385,0.0002824,0.0001647,8.584e-05,3.998e-05,1.74e-05,8.031e-06,4.468e-06,2.881e-06,1.904e-06,1.138e-06,
pal0p1,kasting,282.5,0.003065,0.003002,0.00282,0.002535,0.002174,0.001771,0.00136,0.0009767,0.0006484,0.0003926,0.0002142,0.000105,4.785e-05,2.251e-05,1.238e-05,7.877e-06,5.167e-06,3.068e-06,
pal0p1,kasting,283.5,0.004431,0.004344,0.004092,0.003697,0.003193,0.002625,0.002041,0.001489,0.001008,0.0006255,0.0003513,0.000178,8.356e-05,3.982e-05,2.175e-05,1.369e-05,8.932e-06,5.279e-06,
pal0p1,kasting,284.5,0.005247,0.005153,0.004879,0.004447,0.00389,0.003254,0.002587,0.001942,0.001362,0.0008836,0.000522,0.0002822,0.0001406,6.926e-05,3.757e-05,2.32e-05,1.494e-05,8.742e-06,
pal0p1,kasting,285.5,0.003718,0.003656,0.003475,0.003188,0.002815,0.002385,0.001928,0.001478,0.001065,0.0007133,0.0004398,0.0002479,0.0001291,6.542e-05,3.542e-05,2.152e-05,1.37e-05,7.948e-06,
pal0p1,kasting,286.5,0.01287,0.01267,0.01208,0.01113,0.009905,0.008474,0.006939,0.005405,0.003973,0.002729,0.001734,0.001012,0.0005456,0.000283,0.0001533,9.196e-05,5.795e-05,3.335e-05,
pal0p1,kasting,287.5,0.01892,0.01864,0.01783,0.01653,0.01482,0.01282,0.01065,0.008445,0.006348,0.004483,0.002945,0.001786,0.001002,0.0005356,0.0002918,0.0001726,0.0001072,6.111e-05,
pal0p1,kasting,288.5,0.02161,0.02132,0.01979,0.01908,0.01726,0.01511,0.01274,0.0103,0.007934,0.005772,0.003932,0.002487,0.001459,0.0008086,0.0004458,0.0002601,0.0001588,8.934e-05,
pal0p1,kasting,289.5,0.04113,0.04061,0.03908,0.03661,0.03333,0.02942,0.02509,0.02057,0.01611,0.01198,0.008371,0.005457,0.003306,0.001883,0.001051,0.0006078,0.0003658,0.0002035,
pal0p1,kasting,290.5,0.06759,0.06678,0.0644,0.06055,0.05542,0.04927,0.0424,0.03517,0.02796,0.02115,0.01511,0.0101,0.006289,0.003672,0.002074,0.001194,0.0007089,0.0003899,
pal0p1,kasting,291.5,0.07759,0.07673,0.07417,0.07003,0.06449,0.05779,0.05026,0.04224,0.03413,0.02635,0.01929,0.01327,0.008532,0.005135,0.002955,0.001696,0.0009915,0.0005373,
pal0p1,kasting,292.5,0.08114,0.08029,0.07777,0.07368,0.06818,0.06151,0.05395,0.04583,0.03754,0.02946,0.022,0.0155,0.01023,0.006321,0.003704,0.002128,0.001227,0.0006555,
pal0p1,kasting,293.5,0.1068,0.1058,0.1026,0.09756,0.0907,0.08234,0.0728,0.06248,0.05183,0.04132,0.03144,0.02265,0.01534,0.009724,0.005811,0.003354,0.001911,0.001005,
pal0p1,kasting,294.5,0.1096,0.1086,0.1055,0.1006,0.09385,0.08562,0.07618,0.06591,0.05521,0.04455,0.0344,0.02522,0.01743,0.01128,0.006855,0.003979,0.002248,0.001165,
pal0p1,kasting,295.5,0.1433,0.142,0.1382,0.1321,0.1237,0.1135,0.1016,0.08869,0.07508,0.06137,0.04814,0.03597,0.0254,0.01683,0.01044,0.006121,0.003433,0.001749,
pal0p1,kasting,296.5,0.1452,0.144,0.1403,0.1344,0.1263,0.1164,0.1048,0.09211,0.07866,0.065,0.05166,0.03921,0.0282,0.01906,0.01204,0.007134,0.003984,0.001999,
pal0p1,kasting,297.5,0.1729,0.1715,0.1674,0.1606,0.1514,0.14,0.1267,0.112,0.09643,0.08044,0.06467,0.04978,0.03638,0.02503,0.0161,0.009646,0.00538,0.002662,
pal0p1,kasting,298.5,0.138,0.1369,0.1338,0.1286,0.1215,0.1127,0.1025,0.09108,0.0789,0.06635,0.05387,0.04195,0.03109,0.02172,0.01419,0.008597,0.004798,0.002345,
pal0p1,kasting,299.5,0.2109,0.2094,0.2047,0.1969,0.1866,0.1737,0.1585,0.1416,0.1235,0.1046,0.08573,0.06752,0.0507,0.03597,0.02386,0.01464,0.008195,0.003961,
pal0p1,kasting,300.5,0.148,0.147,0.1438,0.1386,0.1315,0.1226,0.1123,0.1007,0.08822,0.07519,0.06205,0.04929,0.03739,0.02683,0.01802,0.01117,0.006273,0.003007,
pal0p1,kasting,301.5,0.2148,0.2133,0.2089,0.2016,0.1917,0.1793,0.1647,0.1483,0.1306,0.112,0.09316,0.0747,0.05731,0.04167,0.02837,0.01782,0.01007,0.004787,
pal0p1,kasting,302.5,0.2181,0.2166,0.2122,0.205,0.1951,0.1828,0.1683,0.152,0.1343,0.1157,0.09671,0.07803,0.06031,0.04422,0.03039,0.01925,0.01093,0.005172,
pal0p1,kasting,303.5,0.2917,0.2902,0.2845,0.2751,0.2623,0.2462,0.2273,0.2059,0.1827,0.1581,0.133,0.1081,0.08432,0.06247,0.04344,0.02783,0.01591,0.0075,
pal0p1,kasting,304.5,0.2779,0.2762,0.2708,0.2621,0.2501,0.235,0.2173,0.1973,0.1754,0.1523,0.1286,0.105,0.08226,0.06131,0.04291,0.02766,0.01589,0.007471,
pal0p1,kasting,305.5,0.2987,0.2968,0.2912,0.2821,0.2695,0.2538,0.2352,0.2141,0.1911,0.1666,0.1414,0.1162,0.09174,0.06901,0.04881,0.03182,0.01843,0.008657,
pal0p1,kasting,306.5,0.2854,0.2836,0.2784,0.2697,0.2579,0.243,0.2254,0.2055,0.1837,0.1605,0.1365,0.1125,0.08911,0.06729,0.0478,0.0313,0.01819,0.008538,
pal0p1,kasting,307.5,0.3474,0.3453,0.339,0.3288,0.3147,0.297,0.276,0.2522,0.2261,0.1982,0.1694,0.1403,0.1119,0.08517,0.06105,0.04037,0.02367,0.01112,
pal0p1,kasting,308.5,0.3642,0.3621,0.3556,0.3449,0.3303,0.3119,0.2901,0.2654,0.2382,0.2091,0.179,0.1486,0.1188,0.09068,0.06521,0.04327,0.02544,0.01196,
pal0p1,kasting,309.5,0.2869,0.2852,0.2802,0.272,0.2606,0.2463,0.2294,0.2102,0.189,0.1664,0.1428,0.119,0.09556,0.07332,0.05305,0.03545,0.02098,0.009882,
pal0p1,kasting,310.5,0.3605,0.3584,0.3522,0.3419,0.3278,0.3101,0.2891,0.2652,0.2388,0.2106,0.1812,0.1513,0.1219,0.09388,0.06822,0.0458,0.02723,0.01285,
pal0p1,kasting,311.5,0.4399,0.4373,0.4298,0.4175,0.4004,0.379,0.3535,0.3245,0.2925,0.2583,0.2225,0.1862,0.1503,0.116,0.08456,0.05695,0.03396,0.01605,
pal0p1,kasting,312.5,0.3904,0.3882,0.3816,0.3708,0.3558,0.3371,0.3148,0.2893,0.2613,0.2312,0.1997,0.1676,0.1358,0.1053,0.07713,0.05227,0.03137,0.01488,
pal0p1,kasting,313.5,0.4327,0.4302,0.423,0.411,0.3946,0.3739,0.3493,0.3212,0.2902,0.2569,0.222,0.1865,0.1512,0.1174,0.08609,0.0584,0.03509,0.01664,
pal0p1,kasting,314.5,0.3987,0.3965,0.3899,0.379,0.364,0.3452,0.3227,0.2971,0.2688,0.2384,0.2065,0.1739,0.1415,0.1102,0.08123,0.05541,0.03349,0.01595,
pal0p1,kasting,315.5,0.4059,0.4037,0.397,0.386,0.3708,0.3517,0.3289,0.3029,0.2741,0.2432,0.2108,0.1776,0.1446,0.1127,0.08309,0.0567,0.03429,0.01633,
pal0p1,kasting,316.5,0.3795,0.3775,0.3713,0.3611,0.347,0.3293,0.3082,0.2841,0.2574,0.2287,0.1985,0.1676,0.1368,0.107,0.07914,0.05424,0.03296,0.01576,
pal0p1,kasting,317.5,0.5361,0.5331,0.5244,0.51,0.4902,0.4652,0.4355,0.4015,0.3638,0.3233,0.2806,0.237,0.1934,0.1512,0.1119,0.07665,0.04656,0.02224,
pal0p1,kasting,318.5,0.3978,0.3957,0.3893,0.3787,0.3641,0.3457,0.3238,0.2988,0.2711,0.2412,0.2097,0.1774,0.1451,0.1138,0.08447,0.05811,0.03546,0.01701,
pal0p1,kasting,319.5,0.4798,0.4772,0.4695,0.4568,0.4392,0.4171,0.3908,0.3607,0.3273,0.2913,0.2534,0.2145,0.1755,0.1377,0.1023,0.07039,0.04297,0.02062,
pal0p1,kasting,320.5,0.5757,0.5726,0.5634,0.5482,0.5273,0.5008,0.4693,0.4333,0.3933,0.3502,0.3048,0.2581,0.2113,0.1659,0.1233,0.08493,0.05189,0.02492,
pal0p1,kasting,321.5,0.4634,0.4609,0.4536,0.4414,0.4247,0.4036,0.3784,0.3497,0.3177,0.2832,0.2468,0.2094,0.1718,0.1352,0.1008,0.06969,0.04277,0.02062,
pal0p1,kasting,322.5,0.4856,0.4831,0.4753,0.4626,0.445,0.4228,0.3963,0.366,0.3324,0.2961,0.2578,0.2185,0.179,0.1406,0.1046,0.07205,0.04405,0.02116,
pal0p1,kasting,323.5,0.4688,0.4663,0.4589,0.4467,0.4299,0.4087,0.3834,0.3544,0.3222,0.2874,0.2507,0.2129,0.1749,0.1378,0.1029,0.07121,0.04378,0.02115,
pal0p1,kasting,324.5,0.5511,0.5482,0.5395,0.5252,0.5055,0.4806,0.4508,0.4168,0.379,0.3381,0.2949,0.2504,0.2057,0.1621,0.121,0.08371,0.05144,0.02483,
pal0p1,kasting,325.5,0.6227,0.6195,0.6097,0.5935,0.5712,0.543,0.5095,0.471,0.4283,0.3821,0.3333,0.283,0.2324,0.1831,0.1365,0.09439,0.05794,0.02794,
pal0p1,kasting,326.5,0.7206,0.7168,0.7056,0.687,0.6614,0.629,0.5904,0.5462,0.4971,0.4438,0.3876,0.3296,0.2712,0.214,0.16,0.111,0.06841,0.03313,
pal0p1,kasting,327.5,0.6804,0.6769,0.6662,0.6487,0.6245,0.5939,0.5575,0.5157,0.4693,0.419,0.3658,0.311,0.2558,0.2017,0.1507,0.1044,0.06423,0.03105,
pal0p1,kasting,328.5,0.6277,0.6245,0.6147,0.5985,0.5762,0.5481,0.5145,0.476,0.4332,0.3868,0.3378,0.2872,0.2363,0.1864,0.1392,0.09643,0.05932,0.02868,
pal0p1,kasting,329.5,0.7865,0.7825,0.7703,0.7502,0.7224,0.6873,0.6454,0.5974,0.544,0.4862,0.425,0.3617,0.2979,0.2354,0.1762,0.1223,0.07546,0.0366,
pal0p1,kasting,330.5,0.7248,0.7211,0.7098,0.6913,0.6657,0.6334,0.5948,0.5505,0.5013,0.4479,0.3915,0.3331,0.2742,0.2166,0.162,0.1123,0.06917,0.0335,
pal0p1,kasting,331.5,0.7181,0.7143,0.7032,0.6849,0.6595,0.6275,0.5894,0.5455,0.4968,0.444,0.388,0.3302,0.2719,0.2147,0.1605,0.1113,0.0685,0.03316,
pal0p1,kasting,332.5,0.6897,0.6862,0.6756,0.658,0.6338,0.6032,0.5667,0.5247,0.4781,0.4275,0.3739,0.3184,0.2624,0.2075,0.1553,0.1079,0.06655,0.0323,
pal0p1,kasting,333.5,0.6547,0.6513,0.6413,0.6246,0.6016,0.5726,0.5379,0.4981,0.4538,0.4058,0.3549,0.3022,0.249,0.1968,0.1472,0.1021,0.06293,0.0305,
pal0p1,kasting,334.5,0.7273,0.7235,0.7124,0.6939,0.6684,0.6362,0.5978,0.5537,0.5045,0.4512,0.3947,0.3362,0.2771,0.2191,0.164,0.1138,0.07013,0.03401,
pal0p1,kasting,335.5,0.7282,0.7245,0.7134,0.6949,0.6695,0.6373,0.599,0.5549,0.5058,0.4525,0.396,0.3375,0.2783,0.2202,0.1649,0.1145,0.07064,0.0343,
pal0p1,kasting,336.5,0.5711,0.5682,0.5594,0.545,0.5251,0.4999,0.4698,0.4352,0.3968,0.355,0.3107,0.2648,0.2184,0.1727,0.1293,0.08977,0.05536,0.02687,
pal0p1,kasting,337.5,0.6318,0.6286,0.6189,0.603,0.5809,0.5531,0.5198,0.4816,0.439,0.3928,0.3438,0.293,0.2416,0.191,0.143,0.09914,0.06108,0.02961,
pal0p1,kasting,338.5,0.6584,0.6551,0.645,0.6285,0.6056,0.5766,0.542,0.5023,0.4581,0.41,0.359,0.3061,0.2525,0.1998,0.1496,0.1039,0.06405,0.0311,
pal0p1,kasting,339.5,0.7143,0.7107,0.6998,0.6819,0.6571,0.6257,0.5883,0.5452,0.4973,0.4451,0.3898,0.3325,0.2743,0.2171,0.1626,0.1129,0.0696,0.03379,
pal0p1,kasting,340.5,0.7668,0.7629,0.7513,0.732,0.7054,0.6718,0.6316,0.5854,0.534,0.478,0.4187,0.3571,0.2946,0.2331,0.1746,0.1211,0.07462,0.03621,
pal0p1,kasting,341.5,0.6765,0.6731,0.6628,0.6459,0.6224,0.5928,0.5574,0.5168,0.4715,0.4222,0.3699,0.3155,0.2605,0.2062,0.1544,0.1072,0.06607,0.03209,
pal0p1,kasting,342.5,0.7483,0.7445,0.7332,0.7145,0.6886,0.6559,0.6168,0.5719,0.5218,0.4673,0.4095,0.3494,0.2885,0.2284,0.1711,0.1187,0.07319,0.03554,
pal0p1,kasting,343.5,0.7786,0.7747,0.7629,0.7435,0.7166,0.6826,0.642,0.5953,0.5432,0.4865,0.4264,0.3638,0.3004,0.2379,0.1782,0.1236,0.07615,0.03697,
pal0p1,kasting,344.5,0.5468,0.544,0.5358,0.5222,0.5033,0.4795,0.4509,0.4182,0.3816,0.3419,0.2996,0.2557,0.2112,0.1672,0.1252,0.08681,0.05346,0.02595,
pal0p1,kasting,345.5,0.7444,0.7406,0.7294,0.7109,0.6852,0.6529,0.6141,0.5696,0.5199,0.4659,0.4084,0.3487,0.288,0.2281,0.1709,0.1186,0.07304,0.03547,
pal0p1,kasting,346.5,0.6985,0.695,0.6845,0.6671,0.6431,0.6128,0.5764,0.5347,0.4881,0.4374,0.3835,0.3274,0.2704,0.2142,0.1604,0.1112,0.06849,0.03324,
pal0p1,kasting,347.5,0.6819,0.6785,0.6683,0.6513,0.6279,0.5983,0.5629,0.5222,0.4767,0.4273,0.3747,0.3199,0.2643,0.2094,0.1568,0.1087,0.06694,0.03249,
pal0p1,kasting,348.5,0.7482,0.7444,0.7332,0.7146,0.689,0.6566,0.6178,0.5732,0.5233,0.4691,0.4114,0.3514,0.2904,0.23,0.1723,0.1195,0.07354,0.0357,
pal0p1,kasting,349.5,0.6269,0.6237,0.6143,0.5988,0.5774,0.5502,0.5178,0.4804,0.4387,0.3933,0.345,0.2947,0.2436,0.193,0.1446,0.1002,0.06167,0.02993,
pal0p1,kasting,350.5,0.8771,0.8727,0.8596,0.8379,0.8079,0.77,0.7246,0.6724,0.6141,0.5507,0.4831,0.4127,0.3412,0.2703,0.2025,0.1404,0.08637,0.04192,
pal0p1,kasting,351.5,0.756,0.7522,0.7409,0.7223,0.6964,0.6638,0.6247,0.5798,0.5296,0.4749,0.4167,0.3561,0.2944,0.2333,0.1748,0.1211,0.07449,0.03615,
pal0p1,kasting,352.5,0.6812,0.6778,0.6677,0.6509,0.6276,0.5983,0.5631,0.5227,0.4775,0.4282,0.3758,0.3212,0.2656,0.2105,0.1577,0.1093,0.0672,0.03261,
pal0p1,kasting,353.5,0.8191,0.815,0.8028,0.7827,0.7548,0.7195,0.6773,0.6287,0.5744,0.5153,0.4523,0.3866,0.3197,0.2534,0.1899,0.1316,0.0809,0.03926,
pal0p1,kasting,354.5,0.8856,0.8812,0.8681,0.8463,0.8162,0.7781,0.7325,0.6801,0.6214,0.5575,0.4894,0.4184,0.3461,0.2744,0.2056,0.1425,0.08757,0.04249,
pal0p1,kasting,355.5,0.8273,0.8232,0.8109,0.7906,0.7625,0.727,0.6844,0.6355,0.5808,0.5211,0.4575,0.3912,0.3237,0.2566,0.1923,0.1332,0.08187,0.03973,
pal0p1,kasting,356.5,0.7675,0.7636,0.7523,0.7335,0.7074,0.6745,0.6351,0.5897,0.539,0.4837,0.4248,0.3633,0.3006,0.2384,0.1786,0.1237,0.07601,0.03688,
pal0p1,kasting,357.5,0.6524,0.6492,0.6395,0.6236,0.6015,0.5735,0.5401,0.5015,0.4584,0.4115,0.3614,0.3091,0.2558,0.2029,0.152,0.1053,0.06467,0.03137,
pal0p1,kasting,358.5,0.5031,0.5006,0.4932,0.4809,0.4639,0.4423,0.4166,0.3869,0.3537,0.3175,0.2789,0.2386,0.1975,0.1566,0.1174,0.0813,0.04992,0.02422,
pal0p1,kasting,359.5,0.8464,0.8422,0.8297,0.809,0.7805,0.7443,0.701,0.6511,0.5953,0.5345,0.4695,0.4018,0.3326,0.2638,0.1977,0.1369,0.08406,0.04077,
pal0p1,kasting,360.5,0.7842,0.7803,0.7687,0.7496,0.7232,0.6897,0.6496,0.6035,0.5518,0.4955,0.4354,0.3726,0.3085,0.2448,0.1834,0.127,0.07795,0.0378,
pal0p1,kasting,361.5,0.7065,0.7031,0.6927,0.6755,0.6517,0.6216,0.5855,0.5439,0.4974,0.4467,0.3926,0.336,0.2783,0.2208,0.1655,0.1146,0.0703,0.03409,
pal0p1,kasting,362.5,0.8293,0.8252,0.813,0.7929,0.765,0.7297,0.6874,0.6386,0.5841,0.5246,0.4611,0.3948,0.327,0.2595,0.1945,0.1346,0.08259,0.04005,
pal0p1,kasting,363.5,0.7374,0.7338,0.723,0.7051,0.6803,0.6489,0.6114,0.5681,0.5197,0.4668,0.4103,0.3513,0.291,0.231,0.1732,0.1199,0.07351,0.03564,
pal0p1,kasting,364.5,0.8041,0.8002,0.7884,0.7689,0.7419,0.7078,0.6669,0.6197,0.5669,0.5093,0.4478,0.3835,0.3177,0.2522,0.1891,0.1309,0.08023,0.03889,
pal0p1,kasting,365.5,0.9795,0.9747,0.9604,0.9367,0.9039,0.8623,0.8125,0.7551,0.6909,0.6208,0.5459,0.4675,0.3874,0.3076,0.2306,0.1596,0.09781,0.0474,
pal0p1,kasting,366.5,1.036,1.031,1.016,0.9909,0.9562,0.9123,0.8597,0.7991,0.7312,0.6571,0.5779,0.495,0.4103,0.3258,0.2443,0.169,0.1036,0.05019,
pal0p1,kasting,367.5,0.9834,0.9786,0.9642,0.9405,0.9076,0.866,0.8161,0.7586,0.6943,0.624,0.5488,0.4702,0.3898,0.3095,0.2321,0.1606,0.09838,0.04767,
pal0p1,kasting,368.5,0.8635,0.8593,0.8467,0.8259,0.7971,0.7606,0.7168,0.6664,0.6099,0.5483,0.4823,0.4133,0.3426,0.2722,0.2041,0.1412,0.08647,0.04189,
pal0p1,kasting,369.5,1.035,1.03,1.015,0.9903,0.9558,0.9121,0.8597,0.7993,0.7317,0.6578,0.5787,0.496,0.4113,0.3267,0.245,0.1695,0.1038,0.05026,
pal0p1,kasting,370.5,0.9391,0.9345,0.9208,0.8982,0.867,0.8274,0.7799,0.7252,0.6639,0.5969,0.5253,0.4502,0.3734,0.2967,0.2225,0.1539,0.09419,0.04562,
pal0p1,kasting,371.5,1.074,1.069,1.053,1.027,0.9917,0.9464,0.8922,0.8297,0.7596,0.6831,0.6012,0.5154,0.4275,0.3397,0.2548,0.1762,0.1078,0.05221,
pal0p1,kasting,372.5,0.793,0.7892,0.7777,0.7586,0.7323,0.6989,0.6589,0.6128,0.5611,0.5046,0.4442,0.3809,0.316,0.2511,0.1884,0.1303,0.07969,0.03858,
pal0p1,kasting,373.5,0.7166,0.7131,0.7027,0.6856,0.6618,0.6317,0.5956,0.5539,0.5073,0.4563,0.4017,0.3445,0.2858,0.2272,0.1704,0.1179,0.07207,0.03488,
pal0p1,kasting,374.5,0.7862,0.7824,0.771,0.7522,0.7261,0.6931,0.6536,0.6079,0.5568,0.5009,0.441,0.3783,0.3139,0.2495,0.1872,0.1295,0.07915,0.0383,
pal0p1,kasting,375.5,0.8867,0.8824,0.8696,0.8484,0.819,0.7819,0.7373,0.6859,0.6282,0.5652,0.4977,0.427,0.3544,0.2818,0.2114,0.1462,0.08934,0.04323,
pal0p1,kasting,376.5,0.8851,0.8808,0.868,0.8469,0.8176,0.7806,0.7361,0.6848,0.6274,0.5645,0.4972,0.4266,0.3541,0.2816,0.2113,0.1461,0.08926,0.04318,
pal0p1,kasting,377.5,1.054,1.049,1.033,1.008,0.9734,0.9294,0.8765,0.8155,0.7472,0.6724,0.5923,0.5082,0.422,0.3356,0.2518,0.1741,0.1064,0.05144,
pal0p1,kasting,378.5,1.148,1.142,1.126,1.099,1.061,1.013,0.9552,0.8888,0.8144,0.7329,0.6457,0.5542,0.4602,0.3661,0.2747,0.1899,0.116,0.05608,
pal0p1,kasting,379.5,0.849,0.845,0.8327,0.8125,0.7846,0.7491,0.7066,0.6576,0.6026,0.5424,0.4779,0.4102,0.3407,0.2711,0.2034,0.1406,0.08586,0.0415,
pal0p1,kasting,380.5,1.021,1.016,1.001,0.9769,0.9433,0.9007,0.8497,0.7908,0.7247,0.6524,0.5749,0.4936,0.41,0.3263,0.2449,0.1693,0.1033,0.04993,
pal0p1,kasting,381.5,0.9589,0.9543,0.9405,0.9177,0.8862,0.8463,0.7984,0.7431,0.6811,0.6132,0.5405,0.4641,0.3856,0.3068,0.2303,0.1592,0.09714,0.04694,
pal0p1,kasting,382.5,0.6387,0.6357,0.6265,0.6114,0.5904,0.5638,0.532,0.4952,0.4539,0.4087,0.3603,0.3094,0.2571,0.2046,0.1536,0.1062,0.06477,0.03129,
pal0p1,kasting,383.5,0.5607,0.558,0.55,0.5367,0.5183,0.495,0.467,0.4348,0.3986,0.3589,0.3165,0.2718,0.2259,0.1798,0.135,0.09332,0.0569,0.02748,
pal0p1,kasting,384.5,0.8412,0.8371,0.8251,0.8052,0.7777,0.7427,0.7008,0.6525,0.5982,0.5388,0.4751,0.4081,0.3392,0.2701,0.2028,0.1402,0.08545,0.04126,
pal0p1,kasting,385.5,0.832,0.828,0.8161,0.7965,0.7692,0.7347,0.6933,0.6455,0.5919,0.5332,0.4702,0.404,0.3359,0.2675,0.2008,0.1388,0.08459,0.04083,
pal0p1,kasting,386.5,0.8478,0.8438,0.8317,0.8117,0.784,0.7488,0.7067,0.658,0.6034,0.5436,0.4795,0.412,0.3426,0.2729,0.2049,0.1416,0.08628,0.04164,
pal0p1,kasting,387.5,0.7877,0.7839,0.7727,0.7541,0.7284,0.6958,0.6567,0.6115,0.5608,0.5053,0.4457,0.3831,0.3186,0.2538,0.1906,0.1317,0.08023,0.03871,
pal0p1,kasting,388.5,0.7893,0.7855,0.7743,0.7557,0.73,0.6973,0.6582,0.613,0.5622,0.5066,0.4469,0.3842,0.3196,0.2546,0.1913,0.1322,0.08047,0.03881,
pal0p1,kasting,389.5,0.9951,0.9904,0.9762,0.9528,0.9204,0.8793,0.83,0.773,0.7091,0.639,0.5638,0.4848,0.4033,0.3213,0.2414,0.1668,0.1015,0.04896,
pal0p1,kasting,390.5,0.9771,0.9725,0.9586,0.9357,0.9038,0.8635,0.8152,0.7593,0.6965,0.6278,0.554,0.4764,0.3964,0.3159,0.2373,0.164,0.0998,0.04811,
pal0p1,kasting,391.5,1.159,1.153,1.137,1.11,1.072,1.024,0.967,0.9008,0.8264,0.745,0.6575,0.5654,0.4706,0.3751,0.2818,0.1947,0.1185,0.05709,
pal0p1,kasting,392.5,0.8688,0.8647,0.8524,0.832,0.8038,0.768,0.7251,0.6755,0.6198,0.5588,0.4932,0.4242,0.3531,0.2815,0.2116,0.1462,0.0889,0.04283,
pal0p1,kasting,393.5,0.3776,0.3758,0.3705,0.3616,0.3494,0.3339,0.3152,0.2937,0.2695,0.243,0.2145,0.1845,0.1536,0.1225,0.09206,0.06361,0.03868,0.01863,
pal0p1,kasting,394.5,0.8884,0.8842,0.8716,0.8508,0.822,0.7855,0.7417,0.6911,0.6342,0.5719,0.505,0.4345,0.3617,0.2885,0.2168,0.1498,0.09107,0.04385,
pal0p1,kasting,395.5,1.143,1.137,1.121,1.094,1.057,1.011,0.9543,0.8892,0.8161,0.736,0.6499,0.5593,0.4657,0.3715,0.2793,0.1929,0.1173,0.05644,
pal0p1,kasting,396.5,0.6708,0.6677,0.6582,0.6426,0.6209,0.5933,0.5603,0.5222,0.4793,0.4323,0.3818,0.3286,0.2737,0.2183,0.1641,0.1134,0.0689,0.03315,
pal0p1,kasting,397.5,0.7739,0.7703,0.7594,0.7413,0.7163,0.6846,0.6465,0.6025,0.5531,0.4989,0.4407,0.3794,0.316,0.2521,0.1896,0.131,0.07956,0.03827,
pal0p1,kasting,398.5,1.33,1.323,1.305,1.274,1.231,1.176,1.111,1.035,0.9506,0.8576,0.7576,0.6522,0.5434,0.4336,0.3261,0.2253,0.1368,0.06578,
pal0p1,kasting,399.5,1.383,1.376,1.357,1.324,1.28,1.223,1.155,1.077,0.9889,0.8922,0.7883,0.6787,0.5656,0.4514,0.3395,0.2346,0.1424,0.06845,
pal0p1,kasting,400.5,1.453,1.446,1.426,1.392,1.345,1.286,1.215,1.132,1.04,0.9382,0.829,0.7139,0.595,0.4749,0.3573,0.2468,0.1498,0.07199,
pal0p1,kasting,401.5,1.495,1.488,1.467,1.432,1.384,1.323,1.25,1.165,1.07,0.9655,0.8533,0.7349,0.6126,0.4891,0.368,0.2542,0.1542,0.07409,
pal0p1,kasting,402.5,1.552,1.544,1.523,1.487,1.437,1.373,1.297,1.21,1.111,1.003,0.8862,0.7634,0.6364,0.5082,0.3824,0.2642,0.1603,0.07695,
pal0p1,kasting,403.5,1.42,1.413,1.393,1.36,1.315,1.257,1.188,1.107,1.017,0.918,0.8114,0.6991,0.5829,0.4655,0.3503,0.242,0.1468,0.07046,
pal0p1,kasting,404.5,1.392,1.386,1.366,1.334,1.289,1.233,1.165,1.086,0.9976,0.9005,0.7961,0.686,0.5721,0.457,0.3439,0.2376,0.1441,0.06913,
pal0p1,kasting,405.5,1.446,1.439,1.419,1.386,1.339,1.28,1.21,1.128,1.036,0.9357,0.8273,0.713,0.5947,0.4751,0.3576,0.2471,0.1498,0.07184,
pal0p1,kasting,406.5,1.362,1.355,1.336,1.305,1.261,1.206,1.14,1.063,0.9764,0.8816,0.7796,0.6719,0.5605,0.4479,0.3372,0.233,0.1412,0.06769,
pal0p1,kasting,407.5,1.373,1.366,1.347,1.315,1.271,1.216,1.149,1.072,0.9845,0.889,0.7863,0.6778,0.5655,0.4519,0.3403,0.2351,0.1424,0.06827,
pal0p1,kasting,408.5,1.528,1.521,1.5,1.465,1.416,1.354,1.28,1.193,1.097,0.9904,0.876,0.7553,0.6303,0.5037,0.3794,0.2621,0.1588,0.07606,
pal0p1,kasting,409.5,1.498,1.491,1.47,1.436,1.388,1.327,1.254,1.17,1.075,0.9712,0.8591,0.7408,0.6183,0.4942,0.3723,0.2572,0.1558,0.07459,
pal0p1,kasting,410.5,1.299,1.293,1.275,1.245,1.203,1.151,1.088,1.015,0.9326,0.8424,0.7453,0.6427,0.5365,0.429,0.3231,0.2233,0.1352,0.06471,
pal0p1,kasting,411.5,1.561,1.554,1.532,1.496,1.446,1.383,1.307,1.22,1.121,1.013,0.8961,0.7729,0.6453,0.516,0.3888,0.2686,0.1626,0.07781,
pal0p1,kasting,412.5,1.547,1.54,1.518,1.483,1.433,1.371,1.296,1.209,1.111,1.004,0.8885,0.7665,0.64,0.5119,0.3857,0.2665,0.1613,0.07715,
pal0p1,kasting,413.5,1.5,1.493,1.472,1.438,1.39,1.329,1.257,1.173,1.078,0.974,0.862,0.7437,0.6211,0.4969,0.3744,0.2588,0.1565,0.07485,
pal0p1,kasting,414.5,1.541,1.534,1.513,1.477,1.428,1.366,1.292,1.205,1.108,1.001,0.8863,0.7648,0.6388,0.5111,0.3852,0.2662,0.161,0.07696,
pal0p1,kasting,415.5,1.474,1.467,1.447,1.413,1.366,1.307,1.235,1.153,1.06,0.958,0.8481,0.7319,0.6114,0.4892,0.3688,0.2549,0.1541,0.07363,
pal0p1,kasting,416.5,1.604,1.597,1.574,1.538,1.487,1.422,1.345,1.255,1.154,1.043,0.9233,0.797,0.6659,0.5329,0.4018,0.2777,0.1679,0.08017,
pal0p1,kasting,417.5,1.466,1.459,1.439,1.406,1.359,1.3,1.229,1.147,1.055,0.9536,0.8444,0.7289,0.6091,0.4876,0.3677,0.2541,0.1536,0.07332,
pal0p1,kasting,418.5,1.477,1.471,1.45,1.416,1.37,1.31,1.239,1.156,1.063,0.9614,0.8513,0.735,0.6143,0.4918,0.3709,0.2564,0.1549,0.07392,
pal0p1,kasting,419.5,1.526,1.519,1.498,1.463,1.415,1.353,1.28,1.195,1.099,0.9933,0.8797,0.7596,0.635,0.5084,0.3835,0.2651,0.1602,0.07638,
pal0p1,photochem,280.5,5.859e-05,5.679e-05,5.166e-05,4.397e-05,3.483e-05,2.546e-05,1.697e-05,1.015e-05,5.336e-06,2.393e-06,8.879e-07,2.687e-07,7.384e-08,2.73e-08,1.655e-08,1.22e-08,9.16e-09,6.28e-09,
pal0p1,photochem,281.5,0.0002528,0.0002456,0.000225,0.0001939,0.0001563,0.000117,8.045e-05,5.009e-05,2.768e-05,1.324e-05,5.32e-06,1.77e-06,5.278e-07,1.947e-07,1.135e-07,8.244e-08,6.155e-08,4.208e-08,
pal0p1,photochem,282.5,0.000607,0.0005909,0.0005447,0.0004742,0.0003881,0.0002965,0.0002094,0.0001349,7.787e-05,3.934e-05,1.693e-05,6.112e-06,1.96e-06,7.271e-07,4.08e-07,2.917e-07,2.165e-07,1.475e-07,
pal0p1,photochem,283.5,0.0009704,0.0009459,0.0008754,0.0007673,0.0006342,0.0004911,0.0003529,0.0002325,0.000138,7.224e-05,3.25e-05,1.236e-05,4.155e-06,1.552e-06,8.478e-07,5.98e-07,4.418e-07,3.004e-07,
pal0p1,photochem,284.5,0.001387,0.001356,0.001264,0.001122,0.0009438,0.0007489,0.0005557,0.0003813,0.0002384,0.0001332,6.5e-05,2.725e-05,1.007e-05,3.87e-06,2.017e-06,1.379e-06,1.008e-06,6.815e-07,
pal0p1,photochem,285.5,0.001128,0.001104,0.001035,0.0009269,0.0007906,0.0006388,0.0004853,0.0003432,0.0002229,0.0001306,6.767e-05,3.046e-05,1.209e-05,4.788e-06,2.414e-06,1.602e-06,1.157e-06,7.786e-07,
pal0p1,photochem,286.5,0.004338,0.004252,0.004001,0.003609,0.00311,0.002548,0.001972,0.001427,0.0009542,0.0005801,0.0003146,0.0001495,6.274e-05,2.557e-05,1.26e-05,8.128e-06,5.807e-06,3.887e-06,
pal0p1,photochem,287.5,0.007172,0.00704,0.006657,0.006052,0.005276,0.00439,0.003465,0.002574,0.001778,0.001126,0.0006423,0.0003245,0.0001452,6.154e-05,2.974e-05,1.85e-05,1.3e-05,8.639e-06,
pal0p1,photochem,288.5,0.009299,0.009144,0.008689,0.007968,0.007032,0.005951,0.004801,0.003666,0.002623,0.001736,0.001046,0.0005647,0.0002714,0.0001211,5.793e-05,3.444e-05,2.363e-05,1.554e-05,
pal0p1,photochem,289.5,0.01937,0.01907,0.01819,0.01678,0.01494,0.0128,0.01049,0.008171,0.005995,0.004095,0.002565,0.001451,0.0007347,0.0003417,0.0001634,9.379e-05,6.287e-05,4.093e-05,
pal0p1,photochem,290.5,0.03432,0.03382,0.03236,0.03001,0.02693,0.0233,0.01934,0.01532,0.01148,0.008052,0.005212,0.003067,0.001623,0.000784,0.0003772,0.0002101,0.0001374,8.85e-05,
pal0p1,photochem,291.5,0.04294,0.04236,0.04066,0.03793,0.03433,0.03004,0.02532,0.02044,0.01569,0.01133,0.007613,0.004686,0.00261,0.001323,0.000647,0.0003494,0.0002207,0.0001398,
pal0p1,photochem,292.5,0.04814,0.04754,0.04576,0.0429,0.03909,0.03453,0.02947,0.02416,0.01891,0.014,0.009689,0.006187,0.003596,0.001899,0.0009486,0.0005015,0.000306,0.0001904,
pal0p1,photochem,293.5,0.06768,0.06689,0.06456,0.0608,0.05577,0.04971,0.0429,0.0357,0.02846,0.02155,0.01535,0.01015,0.006144,0.003384,0.001735,0.0009048,0.0005317,0.0003236,
pal0p1,photochem,294.5,0.07304,0.07224,0.06987,0.06603,0.06088,0.05464,0.04759,0.04005,0.03238,0.02497,0.01818,0.01235,0.007718,0.004397,0.00231,0.001198,0.0006822,0.0004059,
pal0p1,photochem,295.5,0.1008,0.09974,0.09669,0.09173,0.08504,0.07689,0.06762,0.0576,0.0473,0.03717,0.02771,0.01938,0.01254,0.007423,0.004025,0.002093,0.001151,0.0006641,
pal0p1,photochem,296.5,0.1068,0.1057,0.1027,0.09773,0.09102,0.08281,0.0734,0.06317,0.05252,0.04193,0.03188,0.02284,0.01521,0.009303,0.005196,0.002725,0.001459,0.0008148,
pal0p1,photochem,297.5,0.1322,0.131,0.1274,0.1216,0.1137,0.104,0.09279,0.08059,0.06776,0.05486,0.04243,0.03105,0.02122,0.01337,0.007684,0.004084,0.002142,0.001156,
pal0p1,photochem,298.5,0.109,0.108,0.1052,0.1007,0.09445,0.08679,0.07793,0.06817,0.05786,0.04739,0.03719,0.0277,0.01935,0.0125,0.007376,0.003982,0.002061,0.001076,
pal0p1,photochem,299.5,0.1718,0.1704,0.1662,0.1593,0.15,0.1384,0.125,0.1101,0.09431,0.07811,0.06215,0.04709,0.0336,0.02225,0.01348,0.007422,0.003814,0.001923,
pal0p1,photochem,300.5,0.1234,0.1224,0.1195,0.1148,0.1083,0.1003,0.09095,0.08056,0.06946,0.05801,0.04665,0.03581,0.02596,0.01752,0.01084,0.006069,0.003113,0.001526,
pal0p1,photochem,301.5,0.1837,0.1823,0.1782,0.1715,0.1622,0.1508,0.1374,0.1224,0.1063,0.08964,0.07291,0.05677,0.04189,0.02889,0.01831,0.01048,0.005399,0.002566,
pal0p1,photochem,302.5,0.1896,0.1882,0.1841,0.1773,0.1681,0.1566,0.1431,0.128,0.1118,0.09479,0.07768,0.06106,0.04557,0.03187,0.02053,0.01194,0.006181,0.00288,
pal0p1,photochem,303.5,0.259,0.2572,0.2518,0.2429,0.2308,0.2156,0.1978,0.1778,0.1561,0.1333,0.1102,0.08763,0.06632,0.04718,0.03101,0.01841,0.009638,0.004399,
pal0p1,photochem,304.5,0.2492,0.2475,0.2425,0.2341,0.2227,0.2084,0.1916,0.1726,0.1521,0.1305,0.1085,0.08675,0.06618,0.04754,0.03161,0.019,0.01002,0.004522,
pal0p1,photochem,305.5,0.2725,0.2707,0.2654,0.2566,0.2445,0.2293,0.2115,0.1914,0.1695,0.1463,0.1225,0.09899,0.07643,0.05574,0.03775,0.02316,0.01241,0.005537,
pal0p1,photochem,306.5,0.2623,0.2606,0.2555,0.2472,0.2357,0.2214,0.2045,0.1854,0.1645,0.1424,0.1197,0.09707,0.07534,0.05529,0.03774,0.02335,0.0126,0.005596,
pal0p1,photochem,307.5,0.324,0.322,0.3159,0.3059,0.2922,0.275,0.2547,0.2316,0.2064,0.1796,0.152,0.1243,0.09744,0.07244,0.05023,0.03167,0.01739,0.00771,
pal0p1,photochem,308.5,0.3416,0.3395,0.3332,0.3228,0.3085,0.2905,0.2694,0.2453,0.219,0.191,0.162,0.1329,0.1046,0.0781,0.05447,0.03458,0.01911,0.008466,
pal0p1,photochem,309.5,0.2717,0.2701,0.2652,0.2571,0.246,0.232,0.2155,0.1967,0.1761,0.1541,0.1313,0.1083,0.08579,0.06462,0.04556,0.0293,0.01642,0.007296,
pal0p1,photochem,310.5,0.3438,0.3417,0.3356,0.3255,0.3117,0.2943,0.2737,0.2502,0.2245,0.1969,0.1683,0.1393,0.1109,0.08408,0.05972,0.03878,0.02195,0.009792,
pal0p1,photochem,311.5,0.4214,0.4189,0.4115,0.3993,0.3825,0.3614,0.3364,0.308,0.2766,0.2431,0.2082,0.1728,0.1381,0.105,0.07499,0.04899,0.02792,0.01249,
pal0p1,photochem,312.5,0.3771,0.3749,0.3669,0.3577,0.343,0.3244,0.3024,0.2774,0.2497,0.2201,0.1892,0.1578,0.1268,0.09717,0.07001,0.04628,0.02675,0.01208,
pal0p1,photochem,313.5,0.4187,0.4163,0.4091,0.3973,0.381,0.3606,0.3363,0.3086,0.278,0.2452,0.211,0.1761,0.1417,0.1088,0.07853,0.05203,0.03016,0.01364,
pal0p1,photochem,314.5,0.3886,0.3864,0.3799,0.3691,0.3542,0.3355,0.3133,0.288,0.26,0.2299,0.1985,0.1663,0.1345,0.1039,0.07561,0.05062,0.02973,0.01359,
pal0p1,photochem,315.5,0.3961,0.3938,0.3872,0.3763,0.3612,0.3422,0.3197,0.2939,0.2655,0.2349,0.2028,0.1701,0.1377,0.1064,0.07755,0.05198,0.03057,0.01399,
pal0p1,photochem,316.5,0.3723,0.3703,0.3641,0.354,0.34,0.3224,0.3015,0.2775,0.2511,0.2226,0.1927,0.1621,0.1317,0.1023,0.07501,0.0507,0.03013,0.01393,
pal0p1,photochem,317.5,0.5258,0.5229,0.5143,0.5,0.4803,0.4554,0.4259,0.3921,0.3548,0.3146,0.2724,0.2292,0.1862,0.1446,0.106,0.07161,0.04253,0.01965,
pal0p1,photochem,318.5,0.3922,0.3901,0.3837,0.3732,0.3587,0.3404,0.3186,0.2937,0.2661,0.2364,0.2051,0.1731,0.1411,0.1101,0.08118,0.05526,0.03316,0.01549,
pal0p1,photochem,319.5,0.4734,0.4708,0.4632,0.4505,0.433,0.411,0.3848,0.3549,0.3217,0.2859,0.2482,0.2096,0.1709,0.1335,0.09851,0.06714,0.04034,0.01888,
pal0p1,photochem,320.5,0.5687,0.5657,0.5565,0.5413,0.5204,0.4941,0.4627,0.4269,0.3871,0.3442,0.299,0.2527,0.2063,0.1613,0.1192,0.08133,0.04897,0.02297,
pal0p1,photochem,321.5,0.4598,0.4574,0.45,0.4379,0.4212,0.4002,0.3751,0.3464,0.3145,0.2801,0.2439,0.2066,0.1692,0.1328,0.09865,0.06781,0.04123,0.01957,
pal0p1,photochem,322.5,0.4802,0.4776,0.4699,0.4572,0.4396,0.4175,0.3912,0.361,0.3275,0.2914,0.2534,0.2142,0.1751,0.137,0.1013,0.06922,0.04174,0.01961,
pal0p1,photochem,323.5,0.4661,0.4636,0.4563,0.4441,0.4273,0.4061,0.3808,0.3519,0.3198,0.2851,0.2485,0.2108,0.1729,0.136,0.1012,0.06977,0.04259,0.02033,
pal0p1,photochem,324.5,0.5478,0.5449,0.5363,0.522,0.5022,0.4774,0.4477,0.4137,0.376,0.3352,0.2922,0.2478,0.2033,0.1599,0.1189,0.08194,0.04997,0.02382,
pal0p1,photochem,325.5,0.6185,0.6153,0.6055,0.5894,0.5671,0.539,0.5055,0.4671,0.4245,0.3784,0.3298,0.2797,0.2293,0.1802,0.134,0.09215,0.05609,0.02667,
pal0p1,photochem,326.5,0.7184,0.7146,0.7034,0.6848,0.6592,0.6269,0.5884,0.5442,0.4951,0.4419,0.3858,0.3278,0.2695,0.2125,0.1587,0.1098,0.0674,0.03242,
pal0p1,photochem,327.5,0.6775,0.6739,0.6633,0.6458,0.6216,0.5911,0.5547,0.513,0.4666,0.4164,0.3634,0.3086,0.2536,0.1997,0.1489,0.1028,0.0629,0.03012,
pal0p1,photochem,328.5,0.6251,0.6218,0.6121,0.5959,0.5736,0.5455,0.512,0.4735,0.4308,0.3845,0.3356,0.2851,0.2343,0.1846,0.1376,0.09499,0.05812,0.02783,
pal0p1,photochem,329.5,0.7853,0.7812,0.7691,0.749,0.7212,0.6861,0.6443,0.5963,0.5429,0.4851,0.424,0.3607,0.297,0.2346,0.1754,0.1216,0.07489,0.03619,
pal0p1,photochem,330.5,0.7229,0.7191,0.7079,0.6894,0.6638,0.6315,0.5929,0.5487,0.4995,0.4462,0.3898,0.3315,0.2728,0.2152,0.1607,0.1112,0.06826,0.03285,
pal0p1,photochem,331.5,0.716,0.7122,0.7011,0.6828,0.6575,0.6255,0.5874,0.5436,0.4949,0.4421,0.3863,0.3285,0.2703,0.2132,0.1592,0.1101,0.06753,0.03247,
pal0p1,photochem,332.5,0.689,0.6855,0.6749,0.6573,0.6331,0.6025,0.566,0.5241,0.4775,0.4269,0.3733,0.3179,0.2619,0.207,0.1549,0.1075,0.06622,0.03206,
pal0p1,photochem,333.5,0.6535,0.6501,0.6401,0.6234,0.6004,0.5714,0.5368,0.497,0.4527,0.4047,0.3538,0.3012,0.2481,0.1959,0.1465,0.1014,0.06236,0.03009,
pal0p1,photochem,334.5,0.7263,0.7225,0.7114,0.6929,0.6674,0.6352,0.5968,0.5527,0.5036,0.4503,0.3939,0.3354,0.2764,0.2184,0.1633,0.1132,0.06964,0.03366,
pal0p1,photochem,335.5,0.7279,0.7241,0.713,0.6946,0.6691,0.637,0.5986,0.5545,0.5054,0.4522,0.3957,0.3372,0.278,0.2199,0.1646,0.1143,0.07045,0.03416,
pal0p1,photochem,336.5,0.5706,0.5677,0.559,0.5446,0.5246,0.4994,0.4694,0.4348,0.3964,0.3546,0.3103,0.2645,0.2181,0.1724,0.1291,0.08951,0.05514,0.02671,
pal0p1,photochem,337.5,0.6309,0.6277,0.618,0.6021,0.58,0.5522,0.5189,0.4807,0.4382,0.392,0.343,0.2922,0.2409,0.1904,0.1424,0.09863,0.06064,0.0293,
pal0p1,photochem,338.5,0.6581,0.6548,0.6447,0.6282,0.6053,0.5763,0.5417,0.502,0.4578,0.4097,0.3587,0.3058,0.2523,0.1996,0.1494,0.1037,0.0639,0.03098,
pal0p1,photochem,339.5,0.7141,0.7105,0.6996,0.6816,0.6568,0.6255,0.588,0.545,0.497,0.4449,0.3896,0.3323,0.2742,0.2169,0.1625,0.1127,0.06948,0.03371,
pal0p1,photochem,340.5,0.7663,0.7624,0.7507,0.7315,0.7049,0.6713,0.6311,0.5849,0.5335,0.4776,0.4182,0.3566,0.2942,0.2328,0.1742,0.1208,0.07436,0.03602,
pal0p1,photochem,341.5,0.6764,0.6729,0.6627,0.6457,0.6223,0.5927,0.5573,0.5167,0.4713,0.4221,0.3697,0.3154,0.2604,0.2061,0.1544,0.1071,0.066,0.03203,
pal0p1,photochem,342.5,0.7482,0.7444,0.7331,0.7144,0.6885,0.6558,0.6167,0.5718,0.5217,0.4673,0.4094,0.3493,0.2884,0.2283,0.171,0.1187,0.07314,0.03551,
pal0p1,photochem,343.5,0.7784,0.7745,0.7627,0.7433,0.7164,0.6824,0.6418,0.5951,0.543,0.4864,0.4262,0.3637,0.3003,0.2377,0.178,0.1235,0.07603,0.03689,
pal0p1,photochem,344.5,0.5466,0.5438,0.5355,0.5219,0.503,0.4792,0.4507,0.4179,0.3814,0.3416,0.2994,0.2555,0.211,0.167,0.125,0.08666,0.05333,0.02585,
pal0p1,photochem,345.5,0.7444,0.7406,0.7294,0.7109,0.6852,0.6529,0.6141,0.5696,0.5199,0.4659,0.4084,0.3487,0.288,0.2281,0.1709,0.1185,0.07303,0.03547,
pal0p1,photochem,346.5,0.6983,0.6948,0.6843,0.6669,0.6429,0.6126,0.5762,0.5345,0.4879,0.4372,0.3833,0.3272,0.2703,0.214,0.1603,0.1111,0.06839,0.03317,
pal0p1,photochem,347.5,0.6818,0.6783,0.6681,0.6512,0.6278,0.5982,0.5628,0.522,0.4766,0.4271,0.3745,0.3198,0.2642,0.2092,0.1567,0.1086,0.06685,0.03242,
pal0p1,photochem,348.5,0.7481,0.7443,0.7331,0.7145,0.6889,0.6565,0.6177,0.573,0.5232,0.469,0.4113,0.3513,0.2903,0.23,0.1723,0.1194,0.07348,0.03565,
pal0p1,photochem,349.5,0.6268,0.6236,0.6142,0.5987,0.5773,0.5501,0.5177,0.4803,0.4386,0.3932,0.3449,0.2946,0.2435,0.1929,0.1445,0.1001,0.06161,0.02989,
pal0p1,photochem,350.5,0.8769,0.8725,0.8594,0.8377,0.8078,0.7698,0.7245,0.6723,0.614,0.5505,0.483,0.4126,0.3411,0.2702,0.2024,0.1403,0.0863,0.04187,
pal0p1,photochem,351.5,0.7558,0.7521,0.7408,0.7221,0.6963,0.6637,0.6246,0.5797,0.5295,0.4748,0.4166,0.356,0.2943,0.2332,0.1747,0.121,0.07442,0.0361,
pal0p1,photochem,352.5,0.6811,0.6777,0.6676,0.6508,0.6275,0.5982,0.563,0.5226,0.4774,0.4282,0.3757,0.3211,0.2655,0.2104,0.1576,0.1092,0.06715,0.03257,
pal0p1,photochem,353.5,0.8191,0.815,0.8028,0.7826,0.7547,0.7195,0.6772,0.6287,0.5744,0.5152,0.4522,0.3865,0.3197,0.2534,0.1898,0.1315,0.08086,0.03923,
pal0p1,photochem,354.5,0.8856,0.8812,0.8681,0.8463,0.8162,0.7781,0.7325,0.68,0.6214,0.5575,0.4894,0.4184,0.3461,0.2744,0.2056,0.1424,0.08754,0.04247,
pal0p1,photochem,355.5,0.8273,0.8232,0.8109,0.7906,0.7625,0.727,0.6844,0.6355,0.5807,0.5211,0.4575,0.3912,0.3236,0.2566,0.1923,0.1332,0.08185,0.03971,
pal0p1,photochem,356.5,0.7674,0.7636,0.7523,0.7334,0.7074,0.6745,0.6351,0.5897,0.539,0.4837,0.4247,0.3633,0.3006,0.2383,0.1786,0.1237,0.07599,0.03686,
pal0p1,photochem,357.5,0.6524,0.6492,0.6395,0.6235,0.6014,0.5735,0.54,0.5015,0.4584,0.4114,0.3613,0.3091,0.2558,0.2028,0.152,0.1053,0.06465,0.03136,
pal0p1,photochem,358.5,0.5031,0.5006,0.4932,0.4809,0.4639,0.4423,0.4166,0.3869,0.3537,0.3175,0.2789,0.2386,0.1975,0.1566,0.1174,0.08129,0.04991,0.02421,
pal0p1,photochem,359.5,0.8463,0.8422,0.8297,0.809,0.7804,0.7443,0.701,0.6511,0.5953,0.5344,0.4695,0.4017,0.3326,0.2638,0.1977,0.1369,0.08404,0.04076,
pal0p1,photochem,360.5,0.7841,0.7803,0.7687,0.7496,0.7231,0.6897,0.6496,0.6034,0.5518,0.4955,0.4353,0.3726,0.3085,0.2447,0.1834,0.127,0.07793,0.03779,
pal0p1,photochem,361.5,0.7065,0.7031,0.6927,0.6755,0.6517,0.6215,0.5855,0.5439,0.4974,0.4467,0.3926,0.336,0.2782,0.2208,0.1655,0.1146,0.07029,0.03408,
pal0p1,photochem,362.5,0.8293,0.8252,0.813,0.7929,0.765,0.7297,0.6874,0.6386,0.5841,0.5246,0.4611,0.3948,0.3269,0.2595,0.1945,0.1346,0.08259,0.04004,
pal0p1,photochem,363.5,0.7374,0.7338,0.7229,0.705,0.6803,0.6489,0.6114,0.5681,0.5196,0.4668,0.4103,0.3513,0.291,0.231,0.1732,0.1199,0.0735,0.03563,
pal0p1,photochem,364.5,0.8041,0.8002,0.7884,0.7689,0.7419,0.7078,0.6668,0.6197,0.5669,0.5093,0.4478,0.3835,0.3177,0.2522,0.1891,0.1309,0.08022,0.03888,
pal0p1,photochem,365.5,0.9795,0.9747,0.9604,0.9367,0.9038,0.8623,0.8125,0.7551,0.6909,0.6208,0.5459,0.4675,0.3874,0.3076,0.2306,0.1596,0.0978,0.0474,
pal0p1,photochem,366.5,1.036,1.031,1.016,0.9909,0.9562,0.9123,0.8597,0.7991,0.7312,0.6571,0.5779,0.495,0.4103,0.3258,0.2442,0.169,0.1036,0.05018,
pal0p1,photochem,367.5,0.9834,0.9786,0.9643,0.9405,0.9076,0.866,0.8162,0.7587,0.6943,0.624,0.5489,0.4703,0.3898,0.3096,0.2321,0.1606,0.09838,0.04767,
pal0p1,photochem,368.5,0.8636,0.8594,0.8468,0.826,0.7971,0.7606,0.7169,0.6664,0.61,0.5483,0.4823,0.4133,0.3427,0.2722,0.2041,0.1412,0.08647,0.04189,
pal0p1,photochem,369.5,1.035,1.03,1.015,0.9904,0.9559,0.9122,0.8598,0.7994,0.7317,0.6578,0.5788,0.496,0.4113,0.3267,0.245,0.1695,0.1038,0.05026,
pal0p1,photochem,370.5,0.9391,0.9345,0.9209,0.8983,0.867,0.8274,0.7799,0.7252,0.6639,0.5969,0.5253,0.4503,0.3734,0.2967,0.2225,0.1539,0.0942,0.04562,
pal0p1,photochem,371.5,1.074,1.069,1.053,1.028,0.9918,0.9465,0.8923,0.8298,0.7597,0.6831,0.6012,0.5155,0.4275,0.3397,0.2548,0.1762,0.1078,0.05221,
pal0p1,photochem,372.5,0.7931,0.7893,0.7778,0.7588,0.7324,0.699,0.659,0.6129,0.5612,0.5047,0.4443,0.3809,0.316,0.2512,0.1884,0.1303,0.0797,0.03858,
pal0p1,photochem,373.5,0.7167,0.7132,0.7028,0.6856,0.6618,0.6317,0.5956,0.554,0.5073,0.4563,0.4017,0.3445,0.2858,0.2272,0.1704,0.1179,0.07208,0.03489,
pal0p1,photochem,374.5,0.7863,0.7825,0.7711,0.7523,0.7262,0.6932,0.6536,0.608,0.5568,0.5009,0.4411,0.3783,0.3139,0.2496,0.1872,0.1295,0.07915,0.0383,
pal0p1,photochem,375.5,0.8868,0.8825,0.8697,0.8485,0.8192,0.782,0.7374,0.686,0.6283,0.5653,0.4978,0.427,0.3544,0.2818,0.2114,0.1462,0.08935,0.04323,
pal0p1,photochem,376.5,0.8852,0.881,0.8682,0.8471,0.8178,0.7807,0.7362,0.685,0.6275,0.5646,0.4973,0.4266,0.3542,0.2816,0.2113,0.1461,0.08928,0.04318,
pal0p1,photochem,377.5,1.054,1.049,1.033,1.008,0.9736,0.9295,0.8766,0.8156,0.7472,0.6724,0.5923,0.5083,0.422,0.3357,0.2519,0.1741,0.1064,0.05144,
pal0p1,photochem,378.5,1.148,1.143,1.126,1.099,1.061,1.013,0.9553,0.8889,0.8145,0.7331,0.6458,0.5543,0.4603,0.3661,0.2748,0.19,0.116,0.05609,
pal0p1,photochem,379.5,0.8492,0.8451,0.8329,0.8127,0.7847,0.7492,0.7067,0.6577,0.6027,0.5425,0.478,0.4103,0.3408,0.2711,0.2035,0.1407,0.08587,0.04151,
pal0p1,photochem,380.5,1.021,1.016,1.001,0.9771,0.9435,0.9009,0.8498,0.7909,0.7248,0.6525,0.575,0.4937,0.4101,0.3263,0.2449,0.1693,0.1033,0.04994,
pal0p1,photochem,381.5,0.959,0.9544,0.9406,0.9179,0.8863,0.8464,0.7985,0.7432,0.6812,0.6133,0.5405,0.4641,0.3856,0.3069,0.2304,0.1592,0.09715,0.04694,
pal0p1,photochem,382.5,0.6388,0.6358,0.6266,0.6115,0.5905,0.5639,0.532,0.4952,0.4539,0.4088,0.3603,0.3094,0.2571,0.2047,0.1536,0.1062,0.06478,0.03129,
pal0p1,photochem,383.5,0.5608,0.5581,0.5501,0.5368,0.5184,0.4951,0.4671,0.4349,0.3987,0.359,0.3165,0.2719,0.2259,0.1799,0.135,0.09334,0.05691,0.02749,
pal0p1,photochem,384.5,0.8413,0.8373,0.8253,0.8054,0.7778,0.7429,0.701,0.6526,0.5983,0.5389,0.4752,0.4082,0.3393,0.2701,0.2029,0.1402,0.08546,0.04126,
pal0p1,photochem,385.5,0.8321,0.8281,0.8163,0.7966,0.7694,0.7349,0.6935,0.6456,0.592,0.5333,0.4703,0.4041,0.3359,0.2675,0.2009,0.1388,0.0846,0.04084,
pal0p1,photochem,386.5,0.848,0.8439,0.8318,0.8118,0.7841,0.749,0.7068,0.6581,0.6035,0.5437,0.4795,0.4121,0.3427,0.2729,0.205,0.1416,0.08629,0.04164,
pal0p1,photochem,387.5,0.7878,0.7841,0.7729,0.7543,0.7286,0.6959,0.6568,0.6116,0.5609,0.5054,0.4458,0.3832,0.3187,0.2538,0.1907,0.1318,0.08025,0.03871,
pal0p1,photochem,388.5,0.7894,0.7857,0.7744,0.7558,0.7301,0.6975,0.6583,0.6131,0.5623,0.5067,0.447,0.3843,0.3196,0.2546,0.1913,0.1322,0.08048,0.03882,
pal0p1,photochem,389.5,0.9952,0.9905,0.9764,0.953,0.9205,0.8794,0.8301,0.7731,0.7092,0.6391,0.5639,0.4848,0.4033,0.3214,0.2414,0.1668,0.1016,0.04897,
pal0p1,photochem,390.5,0.9773,0.9726,0.9588,0.9358,0.904,0.8637,0.8153,0.7594,0.6967,0.6279,0.5541,0.4764,0.3964,0.3159,0.2374,0.164,0.09982,0.04812,
pal0p1,photochem,391.5,1.159,1.154,1.137,1.11,1.072,1.024,0.9671,0.9009,0.8266,0.7451,0.6576,0.5655,0.4706,0.3751,0.2819,0.1948,0.1185,0.0571,
pal0p1,photochem,392.5,0.8689,0.8648,0.8525,0.8321,0.8039,0.7681,0.7252,0.6756,0.6199,0.5588,0.4933,0.4243,0.3532,0.2815,0.2116,0.1462,0.08892,0.04283,
pal0p1,photochem,393.5,0.3777,0.3759,0.3705,0.3617,0.3494,0.3339,0.3153,0.2937,0.2695,0.243,0.2145,0.1846,0.1536,0.1225,0.09207,0.06362,0.03868,0.01863,
pal0p1,photochem,394.5,0.8885,0.8842,0.8717,0.8509,0.8221,0.7856,0.7418,0.6912,0.6343,0.572,0.505,0.4345,0.3618,0.2885,0.2169,0.1498,0.09108,0.04385,
pal0p1,photochem,395.5,1.143,1.137,1.121,1.095,1.058,1.011,0.9544,0.8893,0.8162,0.7361,0.65,0.5593,0.4658,0.3715,0.2793,0.193,0.1173,0.05644,
pal0p1,photochem,396.5,0.6709,0.6677,0.6583,0.6426,0.6209,0.5934,0.5604,0.5222,0.4793,0.4323,0.3818,0.3286,0.2737,0.2183,0.1642,0.1134,0.06891,0.03315,
pal0p1,photochem,397.5,0.774,0.7703,0.7594,0.7414,0.7164,0.6847,0.6466,0.6026,0.5532,0.499,0.4408,0.3794,0.316,0.2521,0.1896,0.131,0.07957,0.03827,
pal0p1,photochem,398.5,1.33,1.323,1.305,1.274,1.231,1.176,1.111,1.036,0.9507,0.8576,0.7576,0.6522,0.5434,0.4336,0.3261,0.2253,0.1368,0.06579,
pal0p1,photochem,399.5,1.383,1.376,1.357,1.325,1.28,1.223,1.156,1.077,0.989,0.8923,0.7883,0.6788,0.5656,0.4514,0.3395,0.2346,0.1424,0.06845,
pal0p1,photochem,400.5,1.453,1.447,1.426,1.392,1.345,1.286,1.215,1.132,1.04,0.9383,0.8291,0.714,0.5951,0.475,0.3573,0.2469,0.1498,0.07199,
pal0p1,photochem,401.5,1.495,1.488,1.467,1.432,1.384,1.323,1.25,1.165,1.07,0.9656,0.8534,0.735,0.6126,0.4891,0.368,0.2542,0.1543,0.07409,
pal0p1,photochem,402.5,1.552,1.544,1.523,1.487,1.437,1.374,1.298,1.21,1.111,1.003,0.8862,0.7634,0.6365,0.5082,0.3824,0.2642,0.1603,0.07695,
pal0p1,photochem,403.5,1.42,1.413,1.393,1.361,1.315,1.257,1.188,1.107,1.017,0.918,0.8115,0.6991,0.5829,0.4655,0.3504,0.2421,0.1468,0.07046,
pal0p1,photochem,404.5,1.392,1.386,1.366,1.334,1.289,1.233,1.165,1.086,0.9977,0.9006,0.7962,0.686,0.5721,0.457,0.344,0.2376,0.1441,0.06913,
pal0p1,photochem,405.5,1.446,1.439,1.419,1.386,1.339,1.281,1.21,1.128,1.037,0.9358,0.8274,0.713,0.5947,0.4751,0.3577,0.2471,0.1498,0.07184,
pal0p1,photochem,406.5,1.362,1.355,1.336,1.305,1.261,1.206,1.14,1.063,0.9764,0.8816,0.7796,0.6719,0.5605,0.4479,0.3372,0.233,0.1412,0.06769,
pal0p1,photochem,407.5,1.373,1.366,1.347,1.315,1.272,1.216,1.149,1.072,0.9846,0.8891,0.7863,0.6778,0.5655,0.4519,0.3403,0.2351,0.1424,0.06827,
pal0p1,photochem,408.5,1.529,1.521,1.5,1.465,1.416,1.354,1.28,1.193,1.097,0.9904,0.876,0.7553,0.6303,0.5038,0.3794,0.2621,0.1588,0.07606,
pal0p1,photochem,409.5,1.498,1.491,1.47,1.436,1.388,1.327,1.254,1.17,1.075,0.9712,0.8591,0.7408,0.6183,0.4942,0.3723,0.2572,0.1557,0.07459,
pal0p1,photochem,410.5,1.299,1.293,1.275,1.245,1.203,1.151,1.088,1.015,0.9326,0.8424,0.7453,0.6427,0.5365,0.429,0.3231,0.2233,0.1352,0.0647,
pal0p1,photochem,411.5,1.561,1.554,1.532,1.496,1.446,1.383,1.307,1.22,1.121,1.013,0.8962,0.773,0.6453,0.516,0.3888,0.2686,0.1626,0.0778,
pal0p1,photochem,412.5,1.547,1.54,1.518,1.483,1.433,1.371,1.296,1.209,1.111,1.004,0.8885,0.7665,0.64,0.5119,0.3857,0.2665,0.1613,0.07714,
pal0p1,photochem,413.5,1.5,1.493,1.472,1.438,1.39,1.33,1.257,1.173,1.078,0.974,0.8621,0.7437,0.6211,0.4969,0.3744,0.2588,0.1565,0.07484,
pal0p1,photochem,414.5,1.541,1.534,1.513,1.478,1.429,1.366,1.292,1.205,1.108,1.001,0.8863,0.7648,0.6388,0.5111,0.3852,0.2662,0.161,0.07695,
pal0p1,photochem,415.5,1.474,1.467,1.447,1.413,1.366,1.307,1.236,1.153,1.06,0.958,0.8481,0.7319,0.6114,0.4893,0.3688,0.2549,0.1541,0.07363,
pal0p1,photochem,416.5,1.604,1.597,1.574,1.538,1.487,1.422,1.345,1.255,1.154,1.043,0.9234,0.797,0.6659,0.5329,0.4018,0.2777,0.1679,0.08016,
pal0p1,photochem,417.5,1.466,1.459,1.439,1.406,1.359,1.3,1.229,1.147,1.055,0.9537,0.8444,0.7289,0.6091,0.4876,0.3676,0.2541,0.1536,0.07331,
pal0p1,photochem,418.5,1.477,1.471,1.45,1.416,1.37,1.31,1.239,1.156,1.063,0.9614,0.8514,0.735,0.6143,0.4918,0.3709,0.2564,0.1549,0.07391,
pal0p1,photochem,419.5,1.526,1.519,1.498,1.463,1.415,1.353,1.28,1.195,1.099,0.9933,0.8797,0.7596,0.635,0.5084,0.3835,0.2651,0.1601,0.07637,
pal0p1,vulcan,280.5,0.001186,0.001163,0.001095,0.0009885,0.000853,0.0007001,0.0005431,0.0003947,0.0002656,0.0001631,9.009e-05,4.436e-05,2e-05,9.253e-06,5.217e-06,3.584e-06,2.579e-06,1.68e-06,
pal0p1,vulcan,281.5,0.003899,0.003827,0.003618,0.003289,0.002865,0.002383,0.001815,0.001397,0.0009665,0.0006145,0.000354,0.0001831,8.656e-05,4.092e-05,2.267e-05,1.525e-05,1.088e-05,7.054e-06,
pal0p1,vulcan,282.5,0.007406,0.007278,0.006904,0.006311,0.005546,0.004666,0.003737,0.002829,0.002004,0.001312,0.0007839,0.000423,0.0002084,0.0001007,5.51e-05,3.629e-05,2.564e-05,1.655e-05,
pal0p1,vulcan,283.5,0.01017,0.01,0.009508,0.008725,0.00771,0.006534,0.005285,0.00405,0.002913,0.001945,0.001189,0.0006592,0.0003337,0.0001637,8.886e-05,5.761e-05,4.04e-05,2.598e-05,
pal0p1,vulcan,284.5,0.01099,0.01082,0.01033,0.009543,0.008517,0.007317,0.006023,0.00472,0.003492,0.002414,0.001541,0.0008987,0.0004795,0.0002439,0.0001316,8.284e-05,5.709e-05,3.641e-05,
pal0p1,vulcan,285.5,0.007266,0.007162,0.006857,0.006369,0.005726,0.004969,0.004144,0.003301,0.002494,0.001769,0.001165,0.0007052,0.0003914,0.000205,0.0001106,6.804e-05,4.612e-05,2.918e-05,
pal0p1,vulcan,286.5,0.02383,0.02351,0.02256,0.02103,0.01902,0.01663,0.01401,0.0113,0.008676,0.006277,0.004236,0.002638,0.00151,0.0008101,0.0004385,0.0002647,0.0001766,0.0001109,
pal0p1,vulcan,287.5,0.033,0.03258,0.03134,0.02936,0.02672,0.02356,0.02007,0.01642,0.01283,0.009487,0.006576,0.004228,0.002506,0.001386,0.0007562,0.0004479,0.0002927,0.000182,
pal0p1,vulcan,288.5,0.0353,0.03488,0.03365,0.03167,0.02902,0.02583,0.02227,0.0185,0.01473,0.01116,0.007961,0.005299,0.003265,0.001871,0.001037,0.0006035,0.0003841,0.0002352,
pal0p1,vulcan,289.5,0.06407,0.06335,0.06124,0.05783,0.05326,0.04773,0.0415,0.03486,0.02814,0.02167,0.01579,0.01077,0.006825,0.004017,0.002258,0.001301,0.0008101,0.0004895,
pal0p1,vulcan,290.5,0.1011,0.1,0.09685,0.09171,0.08481,0.07644,0.06695,0.05676,0.04634,0.0362,0.02684,0.0187,0.01213,0.00731,0.00417,0.002388,0.001457,0.0008682,
pal0p1,vulcan,291.5,0.1108,0.1097,0.1065,0.1011,0.09398,0.08524,0.07527,0.06448,0.05334,0.04235,0.03202,0.02285,0.01524,0.009447,0.0055,0.003143,0.001873,0.001094,
pal0p1,vulcan,292.5,0.1115,0.1105,0.1074,0.1023,0.09541,0.087,0.07734,0.06682,0.05587,0.04494,0.03454,0.02513,0.01715,0.01089,0.006464,0.003701,0.002163,0.001239,
pal0p1,vulcan,293.5,0.1416,0.1403,0.1366,0.1304,0.1221,0.1119,0.1001,0.08721,0.07365,0.05999,0.04681,0.0347,0.0242,0.01574,0.009536,0.005492,0.003154,0.001766,
pal0p1,vulcan,294.5,0.1412,0.1399,0.1364,0.1299,0.1225,0.1127,0.1013,0.08884,0.07562,0.06219,0.04911,0.03694,0.02621,0.01737,0.01071,0.00621,0.003523,0.001933,
pal0p1,vulcan,295.5,0.1788,0.1774,0.173,0.166,0.1563,0.1444,0.1305,0.1152,0.09888,0.08218,0.06574,0.05022,0.0363,0.02458,0.01546,0.009069,0.005093,0.002726,
pal0p1,vulcan,296.5,0.1766,0.175,0.1711,0.1644,0.1552,0.1439,0.1307,0.116,0.1002,0.08403,0.06794,0.05258,0.03861,0.02661,0.01704,0.01011,0.005647,0.002955,
pal0p1,vulcan,297.5,0.2054,0.2038,0.1976,0.1917,0.1815,0.1687,0.1538,0.1372,0.1193,0.1008,0.08227,0.06441,0.04795,0.03359,0.02188,0.01315,0.007322,0.003751,
pal0p1,vulcan,298.5,0.1607,0.1595,0.1561,0.1504,0.1426,0.1329,0.1216,0.1089,0.09524,0.08098,0.06661,0.05266,0.03967,0.02817,0.01862,0.01132,0.006308,0.003173,
pal0p1,vulcan,299.5,0.241,0.2393,0.2343,0.2261,0.2148,0.2007,0.1842,0.1656,0.1455,0.1245,0.1032,0.08235,0.06274,0.04515,0.03029,0.01867,0.01043,0.005156,
pal0p1,vulcan,300.5,0.1666,0.1655,0.1621,0.1566,0.1489,0.1394,0.1283,0.1157,0.1021,0.08774,0.07315,0.05879,0.04517,0.03284,0.02228,0.01388,0.007779,0.003798,
pal0p1,vulcan,301.5,0.2379,0.2364,0.2317,0.224,0.2134,0.2002,0.1847,0.1672,0.1481,0.1279,0.1074,0.08695,0.06745,0.0496,0.0341,0.02151,0.01214,0.005852,
pal0p1,vulcan,302.5,0.2389,0.2373,0.2327,0.2252,0.2148,0.2018,0.1864,0.1691,0.1502,0.1303,0.1098,0.08935,0.06975,0.05167,0.03583,0.0228,0.01293,0.006186,
pal0p1,vulcan,303.5,0.3159,0.3139,0.308,0.2982,0.2848,0.268,0.2481,0.2257,0.2011,0.1751,0.1483,0.1214,0.09552,0.07141,0.05005,0.03221,0.0184,0.008743,
pal0p1,vulcan,304.5,0.2983,0.2964,0.2909,0.2818,0.2693,0.2537,0.2352,0.2143,0.1913,0.167,0.1418,0.1165,0.09206,0.06918,0.04878,0.03159,0.01813,0.008581,
pal0p1,vulcan,305.5,0.317,0.315,0.3093,0.2999,0.2869,0.2706,0.2514,0.2295,0.2055,0.18,0.1535,0.1268,0.1009,0.0764,0.05438,0.0356,0.02061,0.009724,
pal0p1,vulcan,306.5,0.3013,0.2995,0.2941,0.2852,0.273,0.2577,0.2396,0.219,0.1963,0.1722,0.1472,0.1219,0.09719,0.07387,0.05279,0.0347,0.02017,0.009499,
pal0p1,vulcan,307.5,0.3634,0.3612,0.3549,0.3444,0.3299,0.3118,0.2903,0.2658,0.2389,0.2102,0.1803,0.15,0.1202,0.09201,0.06629,0.044,0.0258,0.01215,
pal0p1,vulcan,308.5,0.3796,0.3774,0.3708,0.3599,0.3449,0.3261,0.3038,0.2785,0.2505,0.2206,0.1895,0.158,0.1269,0.09735,0.07035,0.04684,0.02755,0.01297,
pal0p1,vulcan,309.5,0.2972,0.2954,0.2904,0.282,0.2704,0.2559,0.2386,0.219,0.1973,0.1741,0.1499,0.1253,0.1011,0.07788,0.05659,0.03792,0.02245,0.01059,
pal0p1,vulcan,310.5,0.3716,0.3695,0.3632,0.3528,0.3385,0.3205,0.2992,0.2748,0.2479,0.2191,0.189,0.1583,0.128,0.09895,0.07218,0.04859,0.0289,0.01365,
pal0p1,vulcan,311.5,0.4521,0.4496,0.442,0.4294,0.4121,0.3904,0.3646,0.3351,0.3026,0.2677,0.2312,0.1939,0.1571,0.1217,0.08898,0.06008,0.03585,0.01694,
pal0p1,vulcan,312.5,0.3992,0.3969,0.3903,0.3794,0.3643,0.3453,0.3227,0.297,0.2685,0.238,0.2059,0.1732,0.1407,0.1094,0.08039,0.05459,0.03278,0.01555,
pal0p1,vulcan,313.5,0.4418,0.4394,0.4321,0.42,0.4034,0.3824,0.3575,0.3291,0.2977,0.264,0.2285,0.1924,0.1564,0.1217,0.08951,0.06085,0.03658,0.01735,
pal0p1,vulcan,314.5,0.4053,0.4031,0.3965,0.3855,0.3704,0.3514,0.3288,0.3029,0.2744,0.2436,0.2113,0.1782,0.1453,0.1135,0.08378,0.05725,0.03462,0.01648,
pal0p1,vulcan,315.5,0.4124,0.4101,0.4034,0.3923,0.3769,0.3577,0.3347,0.3085,0.2795,0.2482,0.2154,0.1818,0.1482,0.1158,0.08557,0.0585,0.03539,0.01685,
pal0p1,vulcan,316.5,0.3842,0.3821,0.3759,0.3657,0.3515,0.3337,0.3125,0.2882,0.2613,0.2324,0.2019,0.1707,0.1395,0.1093,0.08099,0.05558,0.03379,0.01615,
pal0p1,vulcan,317.5,0.5426,0.5397,0.5309,0.5164,0.4965,0.4713,0.4414,0.4072,0.3693,0.3284,0.2854,0.2413,0.1972,0.1545,0.1145,0.07855,0.04773,0.0228,
pal0p1,vulcan,318.5,0.4015,0.3993,0.3929,0.3823,0.3676,0.3492,0.3272,0.302,0.2741,0.244,0.2124,0.1798,0.1473,0.1156,0.08593,0.05918,0.03612,0.01732,
pal0p1,vulcan,319.5,0.4838,0.4812,0.4735,0.4608,0.4431,0.421,0.3945,0.3643,0.3307,0.2945,0.2564,0.2172,0.1779,0.1398,0.1039,0.0716,0.04373,0.02098,
pal0p1,vulcan,320.5,0.5802,0.5771,0.5679,0.5526,0.5315,0.505,0.4734,0.4372,0.3971,0.3537,0.308,0.2611,0.214,0.1682,0.1251,0.08627,0.05273,0.02532,
pal0p1,vulcan,321.5,0.4657,0.4632,0.4559,0.4437,0.4269,0.4058,0.3806,0.3517,0.3197,0.285,0.2485,0.2109,0.1732,0.1364,0.1018,0.0704,0.04322,0.02084,
pal0p1,vulcan,322.5,0.489,0.4864,0.4787,0.4659,0.4482,0.426,0.3994,0.369,0.3353,0.2988,0.2604,0.2208,0.1811,0.1424,0.106,0.07309,0.0447,0.02147,
pal0p1,vulcan,323.5,0.4705,0.468,0.4606,0.4484,0.4316,0.4103,0.385,0.3559,0.3237,0.2888,0.252,0.2141,0.1759,0.1387,0.1036,0.07175,0.04412,0.02131,
pal0p1,vulcan,324.5,0.5532,0.5503,0.5416,0.5273,0.5075,0.4825,0.4528,0.4186,0.3808,0.3398,0.2965,0.2519,0.207,0.1632,0.1219,0.08437,0.05185,0.02503,
pal0p1,vulcan,325.5,0.6253,0.6221,0.6122,0.5961,0.5737,0.5455,0.5119,0.4733,0.4305,0.3842,0.3352,0.2847,0.234,0.1844,0.1376,0.09522,0.05847,0.02819,
pal0p1,vulcan,326.5,0.722,0.7183,0.707,0.6884,0.6628,0.6304,0.5918,0.5475,0.4983,0.445,0.3887,0.3306,0.2721,0.2148,0.1607,0.1115,0.0687,0.03327,
pal0p1,vulcan,327.5,0.6822,0.6787,0.668,0.6505,0.6262,0.5956,0.5592,0.5173,0.4708,0.4204,0.3672,0.3122,0.2569,0.2027,0.1515,0.105,0.0646,0.03123,
pal0p1,vulcan,328.5,0.6294,0.6261,0.6163,0.6002,0.5778,0.5497,0.516,0.4775,0.4346,0.3882,0.3391,0.2884,0.2373,0.1873,0.14,0.09697,0.05967,0.02884,
pal0p1,vulcan,329.5,0.7874,0.7833,0.7711,0.751,0.7232,0.6881,0.6462,0.5982,0.5448,0.4869,0.4256,0.3623,0.2984,0.2359,0.1765,0.1226,0.07564,0.03669,
pal0p1,vulcan,330.5,0.7261,0.7223,0.7111,0.6925,0.6669,0.6345,0.5959,0.5516,0.5023,0.4489,0.3924,0.3339,0.275,0.2172,0.1625,0.1127,0.06943,0.03362,
pal0p1,vulcan,331.5,0.7194,0.7156,0.7045,0.6862,0.6608,0.6288,0.5906,0.5467,0.4979,0.445,0.389,0.3311,0.2727,0.2154,0.1611,0.1117,0.06878,0.03329,
pal0p1,vulcan,332.5,0.6902,0.6867,0.676,0.6585,0.6342,0.6036,0.5671,0.5252,0.4785,0.4279,0.3742,0.3188,0.2627,0.2077,0.1556,0.108,0.06665,0.03234,
pal0p1,vulcan,333.5,0.6555,0.6521,0.642,0.6254,0.6023,0.5733,0.5386,0.4988,0.4544,0.4064,0.3554,0.3027,0.2495,0.1972,0.1476,0.1024,0.06309,0.03058,
pal0p1,vulcan,334.5,0.7279,0.7242,0.713,0.6946,0.6691,0.6369,0.5984,0.5543,0.5051,0.4518,0.3952,0.3367,0.2776,0.2195,0.1643,0.114,0.07027,0.03408,
pal0p1,vulcan,335.5,0.7285,0.7248,0.7136,0.6952,0.6697,0.6376,0.5992,0.5551,0.506,0.4527,0.3962,0.3377,0.2785,0.2203,0.165,0.1146,0.07069,0.03432,
pal0p1,vulcan,336.5,0.5714,0.5684,0.5597,0.5453,0.5253,0.5001,0.4701,0.4355,0.397,0.3552,0.3109,0.265,0.2186,0.1729,0.1295,0.08987,0.05542,0.0269,
pal0p1,vulcan,337.5,0.6324,0.6291,0.6195,0.6035,0.5815,0.5536,0.5203,0.4821,0.4395,0.3933,0.3442,0.2934,0.2419,0.1913,0.1432,0.09933,0.0612,0.02967,
pal0p1,vulcan,338.5,0.6586,0.6553,0.6452,0.6287,0.6058,0.5768,0.5422,0.5025,0.4582,0.4102,0.3591,0.3062,0.2527,0.1999,0.1497,0.1039,0.06409,0.03112,
pal0p1,vulcan,339.5,0.7145,0.7109,0.7,0.682,0.6572,0.6259,0.5884,0.5454,0.4974,0.4453,0.39,0.3326,0.2745,0.2172,0.1627,0.1129,0.06963,0.03381,
pal0p1,vulcan,340.5,0.7672,0.7633,0.7516,0.7324,0.7057,0.6721,0.6319,0.5857,0.5342,0.4783,0.4189,0.3573,0.2949,0.2333,0.1747,0.1212,0.0747,0.03625,
pal0p1,vulcan,341.5,0.6766,0.6732,0.6629,0.646,0.6225,0.5929,0.5576,0.5169,0.4716,0.4223,0.3699,0.3156,0.2605,0.2063,0.1545,0.1072,0.0661,0.0321,
pal0p1,vulcan,342.5,0.7484,0.7446,0.7333,0.7145,0.6887,0.656,0.6169,0.572,0.5219,0.4674,0.4096,0.3495,0.2885,0.2284,0.1711,0.1188,0.0732,0.03555,
pal0p1,vulcan,343.5,0.7788,0.7748,0.7631,0.7436,0.7167,0.6827,0.6421,0.5954,0.5433,0.4867,0.4265,0.364,0.3005,0.2379,0.1782,0.1236,0.07618,0.03699,
pal0p1,vulcan,344.5,0.547,0.5442,0.536,0.5223,0.5034,0.4796,0.4511,0.4183,0.3818,0.342,0.2997,0.2558,0.2113,0.1673,0.1253,0.08687,0.0535,0.02596,
pal0p1,vulcan,345.5,0.7444,0.7406,0.7294,0.7109,0.6853,0.6529,0.6141,0.5696,0.5199,0.4659,0.4084,0.3487,0.288,0.2281,0.1709,0.1186,0.07304,0.03547,
pal0p1,vulcan,346.5,0.6987,0.6951,0.6846,0.6673,0.6432,0.6129,0.5766,0.5348,0.4882,0.4375,0.3836,0.3275,0.2705,0.2143,0.1605,0.1113,0.06852,0.03326,
pal0p1,vulcan,347.5,0.6821,0.6786,0.6684,0.6515,0.628,0.5984,0.563,0.5223,0.4768,0.4274,0.3748,0.32,0.2644,0.2094,0.1569,0.1088,0.06696,0.0325,
pal0p1,vulcan,348.5,0.7483,0.7445,0.7333,0.7147,0.6891,0.6566,0.6179,0.5732,0.5234,0.4692,0.4115,0.3515,0.2904,0.2301,0.1724,0.1195,0.07356,0.03571,
pal0p1,vulcan,349.5,0.6269,0.6238,0.6144,0.5989,0.5774,0.5503,0.5178,0.4805,0.4388,0.3934,0.3451,0.2948,0.2436,0.193,0.1446,0.1002,0.06168,0.02994,
pal0p1,vulcan,350.5,0.8771,0.8727,0.8596,0.8379,0.808,0.77,0.7247,0.6725,0.6142,0.5507,0.4832,0.4128,0.3412,0.2704,0.2026,0.1404,0.08639,0.04193,
pal0p1,vulcan,351.5,0.7561,0.7523,0.741,0.7223,0.6965,0.6639,0.6248,0.5799,0.5297,0.475,0.4168,0.3562,0.2945,0.2333,0.1748,0.1212,0.07452,0.03616,
pal0p1,vulcan,352.5,0.6813,0.6779,0.6677,0.6509,0.6277,0.5983,0.5632,0.5227,0.4775,0.4283,0.3759,0.3212,0.2656,0.2105,0.1577,0.1093,0.06721,0.03262,
pal0p1,vulcan,353.5,0.8192,0.8151,0.8029,0.7827,0.7548,0.7196,0.6774,0.6288,0.5745,0.5153,0.4523,0.3866,0.3198,0.2535,0.1899,0.1316,0.08091,0.03926,
pal0p1,vulcan,354.5,0.8857,0.8813,0.8681,0.8463,0.8162,0.7781,0.7326,0.6801,0.6214,0.5575,0.4895,0.4185,0.3461,0.2744,0.2056,0.1425,0.08758,0.0425,
pal0p1,vulcan,355.5,0.8273,0.8232,0.8109,0.7906,0.7625,0.727,0.6845,0.6355,0.5808,0.5211,0.4576,0.3913,0.3237,0.2567,0.1923,0.1332,0.08188,0.03973,
pal0p1,vulcan,356.5,0.7675,0.7637,0.7523,0.7335,0.7075,0.6745,0.6351,0.5898,0.539,0.4837,0.4248,0.3633,0.3006,0.2384,0.1786,0.1237,0.07602,0.03688,
pal0p1,vulcan,357.5,0.6524,0.6492,0.6396,0.6236,0.6015,0.5735,0.5401,0.5015,0.4585,0.4115,0.3614,0.3091,0.2558,0.2029,0.152,0.1053,0.06468,0.03138,
pal0p1,vulcan,358.5,0.5031,0.5006,0.4932,0.4809,0.4639,0.4424,0.4166,0.3869,0.3537,0.3175,0.2789,0.2386,0.1975,0.1567,0.1174,0.0813,0.04993,0.02422,
pal0p1,vulcan,359.5,0.8464,0.8422,0.8297,0.8091,0.7805,0.7443,0.701,0.6511,0.5953,0.5345,0.4696,0.4018,0.3326,0.2639,0.1978,0.1369,0.08406,0.04077,
pal0p1,vulcan,360.5,0.7842,0.7803,0.7687,0.7496,0.7232,0.6897,0.6496,0.6035,0.5518,0.4955,0.4354,0.3726,0.3085,0.2448,0.1834,0.127,0.07795,0.0378,
pal0p1,vulcan,361.5,0.7066,0.7031,0.6927,0.6755,0.6517,0.6216,0.5855,0.5439,0.4975,0.4467,0.3926,0.336,0.2783,0.2208,0.1655,0.1146,0.07031,0.03409,
pal0p1,vulcan,362.5,0.8293,0.8252,0.813,0.7929,0.765,0.7297,0.6874,0.6387,0.5841,0.5247,0.4611,0.3948,0.327,0.2595,0.1945,0.1346,0.0826,0.04005,
pal0p1,vulcan,363.5,0.7374,0.7338,0.723,0.7051,0.6803,0.6489,0.6114,0.5681,0.5197,0.4668,0.4104,0.3514,0.2911,0.231,0.1732,0.1199,0.07351,0.03564,
pal0p1,vulcan,364.5,0.8042,0.8002,0.7884,0.7689,0.742,0.7078,0.6669,0.6197,0.567,0.5094,0.4478,0.3835,0.3177,0.2522,0.1891,0.1309,0.08023,0.03889,
pal0p1,vulcan,365.5,0.9796,0.9748,0.9604,0.9367,0.9039,0.8623,0.8125,0.7552,0.6909,0.6208,0.5459,0.4676,0.3874,0.3076,0.2306,0.1596,0.09782,0.04741,
pal0p1,vulcan,366.5,1.036,1.031,1.016,0.9909,0.9563,0.9124,0.8598,0.7991,0.7312,0.6571,0.5779,0.4951,0.4103,0.3258,0.2443,0.169,0.1036,0.05019,
pal0p1,vulcan,367.5,0.9835,0.9787,0.9644,0.9406,0.9077,0.8661,0.8162,0.7587,0.6944,0.6241,0.5489,0.4703,0.3898,0.3096,0.2321,0.1606,0.09839,0.04767,
pal0p1,vulcan,368.5,0.8637,0.8594,0.8469,0.826,0.7972,0.7607,0.7169,0.6665,0.61,0.5483,0.4824,0.4134,0.3427,0.2722,0.2041,0.1412,0.08648,0.04189,
pal0p1,vulcan,369.5,1.036,1.031,1.015,0.9905,0.956,0.9122,0.8599,0.7994,0.7318,0.6579,0.5788,0.4961,0.4113,0.3268,0.245,0.1695,0.1038,0.05027,
pal0p1,vulcan,370.5,0.9392,0.9346,0.921,0.8984,0.8671,0.8275,0.78,0.7253,0.664,0.597,0.5253,0.4503,0.3734,0.2967,0.2225,0.1539,0.09421,0.04562,
pal0p1,vulcan,371.5,1.074,1.069,1.053,1.028,0.9918,0.9466,0.8924,0.8298,0.7598,0.6832,0.6013,0.5155,0.4276,0.3398,0.2548,0.1763,0.1079,0.05222,
pal0p1,vulcan,372.5,0.7932,0.7893,0.7778,0.7588,0.7324,0.6991,0.6591,0.6129,0.5612,0.5047,0.4443,0.381,0.316,0.2512,0.1884,0.1303,0.07971,0.03859,
pal0p1,vulcan,373.5,0.7167,0.7132,0.7028,0.6857,0.6619,0.6318,0.5957,0.554,0.5073,0.4563,0.4017,0.3445,0.2859,0.2272,0.1704,0.1179,0.07208,0.03489,
pal0p1,vulcan,374.5,0.7863,0.7825,0.7712,0.7523,0.7263,0.6933,0.6537,0.608,0.5569,0.501,0.4411,0.3783,0.314,0.2496,0.1872,0.1295,0.07916,0.03831,
pal0p1,vulcan,375.5,0.8869,0.8826,0.8698,0.8486,0.8192,0.782,0.7374,0.686,0.6283,0.5653,0.4978,0.4271,0.3545,0.2818,0.2114,0.1462,0.08936,0.04323,
pal0p1,vulcan,376.5,0.8853,0.881,0.8682,0.8471,0.8178,0.7807,0.7363,0.685,0.6275,0.5646,0.4973,0.4267,0.3542,0.2817,0.2113,0.1461,0.08928,0.04319,
pal0p1,vulcan,377.5,1.054,1.049,1.034,1.008,0.9736,0.9295,0.8767,0.8156,0.7473,0.6725,0.5924,0.5083,0.4221,0.3357,0.2519,0.1741,0.1064,0.05144,
pal0p1,vulcan,378.5,1.148,1.143,1.126,1.099,1.061,1.013,0.9554,0.889,0.8145,0.7331,0.6459,0.5543,0.4603,0.3662,0.2748,0.19,0.116,0.05609,
pal0p1,vulcan,379.5,0.8492,0.8451,0.8329,0.8127,0.7847,0.7493,0.7068,0.6577,0.6027,0.5425,0.478,0.4103,0.3408,0.2711,0.2035,0.1407,0.08587,0.04151,
pal0p1,vulcan,380.5,1.021,1.016,1.001,0.9771,0.9435,0.9009,0.8499,0.7909,0.7249,0.6526,0.5751,0.4937,0.4101,0.3263,0.2449,0.1693,0.1033,0.04994,
pal0p1,vulcan,381.5,0.959,0.9544,0.9407,0.9179,0.8864,0.8464,0.7985,0.7432,0.6812,0.6133,0.5406,0.4642,0.3856,0.3069,0.2304,0.1592,0.09716,0.04694,
pal0p1,vulcan,382.5,0.6388,0.6358,0.6266,0.6115,0.5905,0.5639,0.532,0.4952,0.454,0.4088,0.3603,0.3094,0.2571,0.2047,0.1537,0.1062,0.06478,0.03129,
pal0p1,vulcan,383.5,0.5608,0.5581,0.5501,0.5368,0.5184,0.4951,0.4671,0.4349,0.3987,0.359,0.3165,0.2719,0.226,0.1799,0.135,0.09334,0.05692,0.02749,
pal0p1,vulcan,384.5,0.8413,0.8373,0.8253,0.8054,0.7778,0.7429,0.701,0.6526,0.5983,0.5389,0.4752,0.4082,0.3393,0.2702,0.2029,0.1402,0.08546,0.04126,
pal0p1,vulcan,385.5,0.8321,0.8281,0.8163,0.7966,0.7694,0.7349,0.6935,0.6456,0.592,0.5333,0.4703,0.4041,0.3359,0.2675,0.2009,0.1388,0.08461,0.04084,
pal0p1,vulcan,386.5,0.848,0.8439,0.8318,0.8118,0.7841,0.749,0.7068,0.6581,0.6035,0.5437,0.4795,0.4121,0.3427,0.2729,0.205,0.1416,0.0863,0.04164,
pal0p1,vulcan,387.5,0.7878,0.7841,0.7729,0.7543,0.7286,0.696,0.6568,0.6116,0.561,0.5054,0.4458,0.3832,0.3187,0.2538,0.1907,0.1318,0.08025,0.03872,
pal0p1,vulcan,388.5,0.7894,0.7857,0.7745,0.7559,0.7301,0.6975,0.6583,0.6131,0.5623,0.5067,0.447,0.3843,0.3196,0.2546,0.1913,0.1322,0.08049,0.03882,
pal0p1,vulcan,389.5,0.9953,0.9905,0.9764,0.953,0.9206,0.8795,0.8301,0.7732,0.7092,0.6391,0.5639,0.4848,0.4034,0.3214,0.2415,0.1668,0.1016,0.04897,
pal0p1,vulcan,390.5,0.9773,0.9727,0.9588,0.9358,0.904,0.8637,0.8153,0.7594,0.6967,0.6279,0.5541,0.4765,0.3965,0.3159,0.2374,0.164,0.09982,0.04812,
pal0p1,vulcan,391.5,1.159,1.154,1.137,1.11,1.072,1.025,0.9672,0.9009,0.8266,0.7451,0.6576,0.5655,0.4706,0.3751,0.2819,0.1948,0.1185,0.05711,
pal0p1,vulcan,392.5,0.869,0.8648,0.8525,0.8322,0.8039,0.7682,0.7252,0.6756,0.6199,0.5589,0.4933,0.4243,0.3532,0.2815,0.2116,0.1462,0.08892,0.04284,
pal0p1,vulcan,393.5,0.3777,0.3759,0.3706,0.3617,0.3495,0.3339,0.3153,0.2937,0.2695,0.243,0.2145,0.1846,0.1536,0.1225,0.09208,0.06362,0.03868,0.01863,
pal0p1,vulcan,394.5,0.8885,0.8843,0.8718,0.851,0.8222,0.7857,0.7418,0.6912,0.6343,0.572,0.505,0.4345,0.3618,0.2885,0.2169,0.1498,0.09109,0.04386,
pal0p1,vulcan,395.5,1.143,1.138,1.121,1.095,1.058,1.011,0.9544,0.8894,0.8163,0.7361,0.65,0.5594,0.4658,0.3715,0.2793,0.193,0.1173,0.05645,
pal0p1,vulcan,396.5,0.6709,0.6678,0.6583,0.6427,0.621,0.5934,0.5604,0.5222,0.4794,0.4324,0.3818,0.3286,0.2737,0.2183,0.1642,0.1134,0.06891,0.03316,
pal0p1,vulcan,397.5,0.774,0.7704,0.7595,0.7414,0.7164,0.6847,0.6466,0.6026,0.5532,0.499,0.4408,0.3794,0.3161,0.2522,0.1896,0.131,0.07958,0.03828,
pal0p1,vulcan,398.5,1.33,1.323,1.305,1.274,1.231,1.176,1.111,1.036,0.9508,0.8577,0.7577,0.6523,0.5435,0.4337,0.3261,0.2253,0.1368,0.06579,
pal0p1,vulcan,399.5,1.383,1.376,1.357,1.325,1.28,1.224,1.156,1.077,0.989,0.8923,0.7884,0.6788,0.5657,0.4514,0.3396,0.2346,0.1424,0.06846,
pal0p1,vulcan,400.5,1.453,1.447,1.426,1.392,1.346,1.286,1.215,1.133,1.04,0.9384,0.8292,0.714,0.5951,0.475,0.3573,0.2469,0.1498,0.072,
pal0p1,vulcan,401.5,1.495,1.488,1.467,1.432,1.384,1.323,1.25,1.165,1.07,0.9657,0.8534,0.735,0.6127,0.4891,0.368,0.2543,0.1543,0.0741,
pal0p1,vulcan,402.5,1.552,1.544,1.523,1.487,1.437,1.374,1.298,1.21,1.111,1.003,0.8863,0.7635,0.6365,0.5082,0.3824,0.2642,0.1603,0.07696,
pal0p1,vulcan,403.5,1.42,1.413,1.393,1.361,1.315,1.257,1.188,1.107,1.017,0.9181,0.8115,0.6992,0.583,0.4656,0.3504,0.2421,0.1468,0.07047,
pal0p1,vulcan,404.5,1.392,1.386,1.366,1.334,1.29,1.233,1.165,1.086,0.9977,0.9007,0.7962,0.6861,0.5722,0.457,0.344,0.2377,0.1441,0.06914,
pal0p1,vulcan,405.5,1.446,1.439,1.419,1.386,1.339,1.281,1.21,1.128,1.037,0.9358,0.8275,0.7131,0.5948,0.4751,0.3577,0.2471,0.1498,0.07185,
pal0p1,vulcan,406.5,1.362,1.356,1.337,1.305,1.261,1.206,1.14,1.063,0.9765,0.8817,0.7797,0.672,0.5606,0.4479,0.3372,0.233,0.1412,0.0677,
pal0p1,vulcan,407.5,1.373,1.366,1.347,1.316,1.272,1.216,1.149,1.072,0.9847,0.8891,0.7864,0.6779,0.5656,0.452,0.3403,0.2351,0.1425,0.06828,
pal0p1,vulcan,408.5,1.529,1.522,1.5,1.465,1.416,1.354,1.28,1.194,1.097,0.9905,0.8761,0.7554,0.6303,0.5038,0.3794,0.2621,0.1588,0.07607,
pal0p1,vulcan,409.5,1.498,1.491,1.47,1.436,1.388,1.327,1.254,1.17,1.075,0.9713,0.8592,0.7409,0.6183,0.4943,0.3723,0.2572,0.1558,0.0746,
pal0p1,vulcan,410.5,1.299,1.293,1.275,1.245,1.204,1.151,1.088,1.015,0.9327,0.8425,0.7454,0.6428,0.5366,0.429,0.3232,0.2233,0.1352,0.06472,
pal0p1,vulcan,411.5,1.561,1.554,1.532,1.496,1.447,1.383,1.308,1.22,1.121,1.013,0.8962,0.773,0.6454,0.5161,0.3888,0.2687,0.1626,0.07782,
pal0p1,vulcan,412.5,1.547,1.54,1.518,1.483,1.434,1.371,1.296,1.209,1.111,1.004,0.8886,0.7665,0.6401,0.5119,0.3857,0.2666,0.1613,0.07716,
pal0p1,vulcan,413.5,1.5,1.493,1.472,1.438,1.39,1.33,1.257,1.173,1.078,0.9741,0.8621,0.7438,0.6212,0.4969,0.3745,0.2588,0.1566,0.07486,
pal0p1,vulcan,414.5,1.541,1.534,1.513,1.478,1.429,1.366,1.292,1.205,1.108,1.001,0.8864,0.7649,0.6389,0.5111,0.3853,0.2662,0.161,0.07697,
pal0p1,vulcan,415.5,1.474,1.467,1.447,1.413,1.366,1.307,1.236,1.153,1.06,0.9581,0.8482,0.732,0.6115,0.4893,0.3689,0.2549,0.1541,0.07364,
pal0p1,vulcan,416.5,1.604,1.597,1.575,1.538,1.487,1.422,1.345,1.255,1.154,1.043,0.9235,0.7971,0.666,0.533,0.4018,0.2777,0.1679,0.08018,
pal0p1,vulcan,417.5,1.466,1.459,1.439,1.406,1.359,1.3,1.229,1.147,1.055,0.9538,0.8445,0.729,0.6092,0.4876,0.3677,0.2541,0.1536,0.07333,
pal0p1,vulcan,418.5,1.477,1.471,1.45,1.417,1.37,1.31,1.239,1.156,1.064,0.9614,0.8514,0.7351,0.6144,0.4919,0.3709,0.2564,0.1549,0.07393,
pal0p1,vulcan,419.5,1.526,1.519,1.498,1.463,1.415,1.353,1.28,1.195,1.099,0.9934,0.8798,0.7597,0.6351,0.5085,0.3835,0.2651,0.1602,0.07639,
pal0p1,vulcan,280.5,,,,,,,,,,,,,,,,,,,0.000113
pal0p1,vulcan,281.5,,,,,,,,,,,,,,,,,,,0.0004362
pal0p1,vulcan,282.5,,,,,,,,,,,,,,,,,,,0.0009545
pal0p1,vulcan,283.5,,,,,,,,,,,,,,,,,,,0.001435
pal0p1,vulcan,284.5,,,,,,,,,,,,,,,,,,,0.001829
pal0p1,vulcan,285.5,,,,,,,,,,,,,,,,,,,0.001367
pal0p1,vulcan,286.5,,,,,,,,,,,,,,,,,,,0.004923
pal0p1,vulcan,287.5,,,,,,,,,,,,,,,,,,,0.007565
pal0p1,vulcan,288.5,,,,,,,,,,,,,,,,,,,0.009057
pal0p1,vulcan,289.5,,,,,,,,,,,,,,,,,,,0.01782
pal0p1,vulcan,290.5,,,,,,,,,,,,,,,,,,,0.03009
pal0p1,vulcan,291.5,,,,,,,,,,,,,,,,,,,0.03563
pal0p1,vulcan,292.5,,,,,,,,,,,,,,,,,,,0.03776
pal0p1,vulcan,293.5,,,,,,,,,,,,,,,,,,,0.05146
pal0p1,vulcan,294.5,,,,,,,,,,,,,,,,,,,0.05375
pal0p1,vulcan,295.5,,,,,,,,,,,,,,,,,,,0.07158
pal0p1,vulcan,296.5,,,,,,,,,,,,,,,,,,,0.07368
pal0p1,vulcan,297.5,,,,,,,,,,,,,,,,,,,0.08891
pal0p1,vulcan,298.5,,,,,,,,,,,,,,,,,,,0.07176
pal0p1,vulcan,299.5,,,,,,,,,,,,,,,,,,,0.1109
pal0p1,vulcan,300.5,,,,,,,,,,,,,,,,,,,0.07841
pal0p1,vulcan,301.5,,,,,,,,,,,,,,,,,,,0.1148
pal0p1,vulcan,302.5,,,,,,,,,,,,,,,,,,,0.1172
pal0p1,vulcan,303.5,,,,,,,,,,,,,,,,,,,0.158
pal0p1,vulcan,304.5,,,,,,,,,,,,,,,,,,,0.1509
pal0p1,vulcan,305.5,,,,,,,,,,,,,,,,,,,0.1631
pal0p1,vulcan,306.5,,,,,,,,,,,,,,,,,,,0.1562
pal0p1,vulcan,307.5,,,,,,,,,,,,,,,,,,,0.1911
pal0p1,vulcan,308.5,,,,,,,,,,,,,,,,,,,0.2008
pal0p1,vulcan,309.5,,,,,,,,,,,,,,,,,,,0.1587
pal0p1,vulcan,310.5,,,,,,,,,,,,,,,,,,,0.1999
pal0p1,vulcan,311.5,,,,,,,,,,,,,,,,,,,0.2444
pal0p1,vulcan,312.5,,,,,,,,,,,,,,,,,,,0.2176
pal0p1,vulcan,313.5,,,,,,,,,,,,,,,,,,,0.2414
pal0p1,vulcan,314.5,,,,,,,,,,,,,,,,,,,0.223
pal0p1,vulcan,315.5,,,,,,,,,,,,,,,,,,,0.2273
pal0p1,vulcan,316.5,,,,,,,,,,,,,,,,,,,0.213
pal0p1,vulcan,317.5,,,,,,,,,,,,,,,,,,,0.3011
pal0p1,vulcan,318.5,,,,,,,,,,,,,,,,,,,0.2239
pal0p1,vulcan,319.5,,,,,,,,,,,,,,,,,,,0.2703
pal0p1,vulcan,320.5,,,,,,,,,,,,,,,,,,,0.3247
pal0p1,vulcan,321.5,,,,,,,,,,,,,,,,,,,0.2618
pal0p1,vulcan,322.5,,,,,,,,,,,,,,,,,,,0.2744
pal0p1,vulcan,323.5,,,,,,,,,,,,,,,,,,,0.2654
pal0p1,vulcan,324.5,,,,,,,,,,,,,,,,,,,0.3123
pal0p1,vulcan,325.5,,,,,,,,,,,,,,,,,,,0.3531
pal0p1,vulcan,326.5,,,,,,,,,,,,,,,,,,,0.4093
pal0p1,vulcan,327.5,,,,,,,,,,,,,,,,,,,0.3866
pal0p1,vulcan,328.5,,,,,,,,,,,,,,,,,,,0.357
pal0p1,vulcan,329.5,,,,,,,,,,,,,,,,,,,0.448
pal0p1,vulcan,330.5,,,,,,,,,,,,,,,,,,,0.413
pal0p1,vulcan,331.5,,,,,,,,,,,,,,,,,,,0.4095
pal0p1,vulcan,332.5,,,,,,,,,,,,,,,,,,,0.3938
pal0p1,vulcan,333.5,,,,,,,,,,,,,,,,,,,0.374
pal0p1,vulcan,334.5,,,,,,,,,,,,,,,,,,,0.4159
pal0p1,vulcan,335.5,,,,,,,,,,,,,,,,,,,0.4169
pal0p1,vulcan,336.5,,,,,,,,,,,,,,,,,,,0.3271
pal0p1,vulcan,337.5,,,,,,,,,,,,,,,,,,,0.3621
pal0p1,vulcan,338.5,,,,,,,,,,,,,,,,,,,0.3778
pal0p1,vulcan,339.5,,,,,,,,,,,,,,,,,,,0.4102
pal0p1,vulcan,340.5,,,,,,,,,,,,,,,,,,,0.4406
pal0p1,vulcan,341.5,,,,,,,,,,,,,,,,,,,0.3891
pal0p1,vulcan,342.5,,,,,,,,,,,,,,,,,,,0.4307
pal0p1,vulcan,343.5,,,,,,,,,,,,,,,,,,,0.4485
pal0p1,vulcan,344.5,,,,,,,,,,,,,,,,,,,0.3152
pal0p1,vulcan,345.5,,,,,,,,,,,,,,,,,,,0.4294
pal0p1,vulcan,346.5,,,,,,,,,,,,,,,,,,,0.4033
pal0p1,vulcan,347.5,,,,,,,,,,,,,,,,,,,0.394
pal0p1,vulcan,348.5,,,,,,,,,,,,,,,,,,,0.4326
pal0p1,vulcan,349.5,,,,,,,,,,,,,,,,,,,0.3627
pal0p1,vulcan,350.5,,,,,,,,,,,,,,,,,,,0.5079
pal0p1,vulcan,351.5,,,,,,,,,,,,,,,,,,,0.4381
pal0p1,vulcan,352.5,,,,,,,,,,,,,,,,,,,0.395
pal0p1,vulcan,353.5,,,,,,,,,,,,,,,,,,,0.4754
pal0p1,vulcan,354.5,,,,,,,,,,,,,,,,,,,0.5144
pal0p1,vulcan,355.5,,,,,,,,,,,,,,,,,,,0.4808
pal0p1,vulcan,356.5,,,,,,,,,,,,,,,,,,,0.4464
pal0p1,vulcan,357.5,,,,,,,,,,,,,,,,,,,0.3797
pal0p1,vulcan,358.5,,,,,,,,,,,,,,,,,,,0.293
pal0p1,vulcan,359.5,,,,,,,,,,,,,,,,,,,0.4933
pal0p1,vulcan,360.5,,,,,,,,,,,,,,,,,,,0.4574
pal0p1,vulcan,361.5,,,,,,,,,,,,,,,,,,,0.4124
pal0p1,vulcan,362.5,,,,,,,,,,,,,,,,,,,0.4844
pal0p1,vulcan,363.5,,,,,,,,,,,,,,,,,,,0.431
pal0p1,vulcan,364.5,,,,,,,,,,,,,,,,,,,0.4704
pal0p1,vulcan,365.5,,,,,,,,,,,,,,,,,,,0.5734
pal0p1,vulcan,366.5,,,,,,,,,,,,,,,,,,,0.6069
pal0p1,vulcan,367.5,,,,,,,,,,,,,,,,,,,0.5765
pal0p1,vulcan,368.5,,,,,,,,,,,,,,,,,,,0.5065
pal0p1,vulcan,369.5,,,,,,,,,,,,,,,,,,,0.6078
pal0p1,vulcan,370.5,,,,,,,,,,,,,,,,,,,0.5516
pal0p1,vulcan,371.5,,,,,,,,,,,,,,,,,,,0.6313
pal0p1,vulcan,372.5,,,,,,,,,,,,,,,,,,,0.4664
pal0p1,vulcan,373.5,,,,,,,,,,,,,,,,,,,0.4217
pal0p1,vulcan,374.5,,,,,,,,,,,,,,,,,,,0.463
pal0p1,vulcan,375.5,,,,,,,,,,,,,,,,,,,0.5226
pal0p1,vulcan,376.5,,,,,,,,,,,,,,,,,,,0.522
pal0p1,vulcan,377.5,,,,,,,,,,,,,,,,,,,0.6217
pal0p1,vulcan,378.5,,,,,,,,,,,,,,,,,,,0.6778
pal0p1,vulcan,379.5,,,,,,,,,,,,,,,,,,,0.5016
pal0p1,vulcan,380.5,,,,,,,,,,,,,,,,,,,0.6035
pal0p1,vulcan,381.5,,,,,,,,,,,,,,,,,,,0.5672
pal0p1,vulcan,382.5,,,,,,,,,,,,,,,,,,,0.3781
pal0p1,vulcan,383.5,,,,,,,,,,,,,,,,,,,0.3321
pal0p1,vulcan,384.5,,,,,,,,,,,,,,,,,,,0.4985
pal0p1,vulcan,385.5,,,,,,,,,,,,,,,,,,,0.4934
pal0p1,vulcan,386.5,,,,,,,,,,,,,,,,,,,0.5031
pal0p1,vulcan,387.5,,,,,,,,,,,,,,,,,,,0.4677
pal0p1,vulcan,388.5,,,,,,,,,,,,,,,,,,,0.4689
pal0p1,vulcan,389.5,,,,,,,,,,,,,,,,,,,0.5915
pal0p1,vulcan,390.5,,,,,,,,,,,,,,,,,,,0.5812
pal0p1,vulcan,391.5,,,,,,,,,,,,,,,,,,,0.6897
pal0p1,vulcan,392.5,,,,,,,,,,,,,,,,,,,0.5174
pal0p1,vulcan,393.5,,,,,,,,,,,,,,,,,,,0.225
pal0p1,vulcan,394.5,,,,,,,,,,,,,,,,,,,0.5296
pal0p1,vulcan,395.5,,,,,,,,,,,,,,,,,,,0.6816
pal0p1,vulcan,396.5,,,,,,,,,,,,,,,,,,,0.4004
pal0p1,vulcan,397.5,,,,,,,,,,,,,,,,,,,0.4622
pal0p1,vulcan,398.5,,,,,,,,,,,,,,,,,,,0.7944
pal0p1,vulcan,399.5,,,,,,,,,,,,,,,,,,,0.8265
pal0p1,vulcan,400.5,,,,,,,,,,,,,,,,,,,0.8693
pal0p1,vulcan,401.5,,,,,,,,,,,,,,,,,,,0.8946
pal0p1,vulcan,402.5,,,,,,,,,,,,,,,,,,,0.9291
pal0p1,vulcan,403.5,,,,,,,,,,,,,,,,,,,0.8507
pal0p1,vulcan,404.5,,,,,,,,,,,,,,,,,,,0.8346
pal0p1,vulcan,405.5,,,,,,,,,,,,,,,,,,,0.8673
pal0p1,vulcan,406.5,,,,,,,,,,,,,,,,,,,0.8171
pal0p1,vulcan,407.5,,,,,,,,,,,,,,,,,,,0.8241
pal0p1,vulcan,408.5,,,,,,,,,,,,,,,,,,,0.9181
pal0p1,vulcan,409.5,,,,,,,,,,,,,,,,,,,0.9004
pal0p1,vulcan,410.5,,,,,,,,,,,,,,,,,,,0.781
pal0p1,vulcan,411.5,,,,,,,,,,,,,,,,,,,0.9391
pal0p1,vulcan,412.5,,,,,,,,,,,,,,,,,,,0.931
pal0p1,vulcan,413.5,,,,,,,,,,,,,,,,,,,0.9033
pal0p1,vulcan,414.5,,,,,,,,,,,,,,,,,,,0.9287
pal0p1,vulcan,415.5,,,,,,,,,,,,,,,,,,,0.8886
pal0p1,vulcan,416.5,,,,,,,,,,,,,,,,,,,0.9674
pal0p1,vulcan,417.5,,,,,,,,,,,,,,,,,,,0.8847
pal0p1,vulcan,418.5,,,,,,,,,,,,,,,,,,,0.8919
pal0p1,vulcan,419.5,,,,,,,,,,,,,,,,,,,0.9216
pal0p1,waccm,280.5,0.007252,0.00716,0.006889,0.006452,0.005874,0.005186,0.004424,0.003633,0.002856,0.002136,0.00151,0.001003,0.0006257,0.0003714,0.0002164,0.0001282,7.595e-05,3.906e-05,
pal0p1,waccm,281.5,0.02026,0.02001,0.01929,0.01813,0.01659,0.01474,0.01268,0.01053,0.008385,0.006371,0.004588,0.003114,0.001987,0.001203,0.0007078,0.0004183,0.0002462,0.0001264,
pal0p1,waccm,282.5,0.03347,0.03308,0.03195,0.03011,0.02767,0.02472,0.02142,0.01795,0.01445,0.01114,0.00815,0.005634,0.003667,0.002258,0.001343,0.0007928,0.0004637,0.0002373,
pal0p1,waccm,283.5,0.04198,0.04152,0.04014,0.03791,0.03492,0.03133,0.02728,0.02299,0.01865,0.01449,0.01072,0.007499,0.004942,0.003078,0.001842,0.001087,0.0006327,0.0003231,
pal0p1,waccm,284.5,0.03836,0.03795,0.03677,0.03484,0.03226,0.02913,0.02559,0.02179,0.01792,0.01415,0.01067,0.007632,0.005154,0.003287,0.001999,0.001184,0.0006839,0.0003473,
pal0p1,waccm,285.5,0.02243,0.0222,0.02154,0.02047,0.01902,0.01726,0.01526,0.0131,0.01088,0.008693,0.006648,0.004835,0.003325,0.002158,0.00133,0.0007907,0.0004543,0.0002295,
pal0p1,waccm,286.5,0.06691,0.06627,0.06437,0.06129,0.05712,0.05204,0.04623,0.03993,0.03341,0.02695,0.02084,0.01535,0.0107,0.007045,0.00439,0.002619,0.001498,0.0007531,
pal0p1,waccm,287.5,0.08336,0.0826,0.08034,0.07665,0.07167,0.06557,0.05857,0.05094,0.04298,0.03502,0.02741,0.02048,0.01451,0.009711,0.006135,0.003682,0.002099,0.001048,
pal0p1,waccm,288.5,0.07952,0.07883,0.07678,0.07343,0.0689,0.06333,0.0569,0.04985,0.04245,0.03498,0.02774,0.02105,0.01519,0.01035,0.006649,0.004027,0.00229,0.001134,
pal0p1,waccm,289.5,0.133,0.1319,0.1286,0.1232,0.1159,0.1068,0.09643,0.08495,0.07281,0.06047,0.04843,0.03717,0.02716,0.01876,0.0122,0.007445,0.00423,0.002081,
pal0p1,waccm,290.5,0.1958,0.1943,0.1896,0.1819,0.1715,0.1586,0.1436,0.1271,0.1095,0.09158,0.07394,0.05729,0.04231,0.02958,0.01944,0.01195,0.006789,0.003321,
pal0p1,waccm,291.5,0.1985,0.1969,0.1924,0.1849,0.1747,0.1621,0.1474,0.1311,0.1137,0.0958,0.07806,0.06115,0.04573,0.03241,0.02159,0.0134,0.007627,0.003705,
pal0p1,waccm,292.5,0.1873,0.1859,0.1817,0.1749,0.1656,0.154,0.1405,0.1255,0.1094,0.0928,0.07619,0.06022,0.04551,0.03262,0.02198,0.01377,0.007854,0.003794,
pal0p1,waccm,293.5,0.2236,0.222,0.2172,0.2093,0.1985,0.1852,0.1695,0.152,0.1332,0.1136,0.09393,0.07488,0.05715,0.04143,0.02823,0.01785,0.01022,0.004912,
pal0p1,waccm,294.5,0.2126,0.2111,0.2066,0.1993,0.1893,0.1769,0.1624,0.1461,0.1285,0.1101,0.09156,0.07348,0.05653,0.04133,0.02842,0.01811,0.01041,0.004981,
pal0p1,waccm,295.5,0.2557,0.253,0.2488,0.2403,0.2286,0.214,0.197,0.1778,0.157,0.1353,0.1132,0.09148,0.07097,0.0524,0.0364,0.02341,0.01352,0.00645,
pal0p1,waccm,296.5,0.2419,0.2403,0.2355,0.2276,0.2169,0.2034,0.1876,0.1698,0.1505,0.1302,0.1095,0.08904,0.06957,0.05178,0.03629,0.02353,0.01365,0.006499,
pal0p1,waccm,297.5,0.2708,0.269,0.2638,0.2552,0.2434,0.2287,0.2114,0.1918,0.1705,0.148,0.1251,0.1022,0.08039,0.06026,0.04256,0.02781,0.01622,0.007709,
pal0p1,waccm,298.5,0.2052,0.2039,0.2,0.1936,0.1848,0.1739,0.161,0.1464,0.1305,0.1136,0.09636,0.07915,0.06256,0.04719,0.03355,0.02207,0.01293,0.006141,
pal0p1,waccm,299.5,0.2982,0.2964,0.2908,0.2817,0.2693,0.2536,0.2352,0.2143,0.1915,0.1673,0.1423,0.1174,0.09329,0.07078,0.05066,0.03354,0.01976,0.009382,
pal0p1,waccm,300.5,0.2013,0.2001,0.1964,0.1904,0.1821,0.1717,0.1594,0.1455,0.1302,0.114,0.09732,0.08055,0.06424,0.04896,0.03522,0.02344,0.01387,0.006583,
pal0p1,waccm,301.5,0.28,0.2783,0.2733,0.2651,0.2537,0.2395,0.2226,0.2035,0.1826,0.1603,0.1372,0.114,0.0913,0.06993,0.05059,0.03387,0.02014,0.00957,
pal0p1,waccm,302.5,0.2763,0.2747,0.2698,0.2617,0.2507,0.2368,0.2203,0.2017,0.1812,0.1593,0.1366,0.1138,0.0914,0.07024,0.05099,0.03427,0.02045,0.009722,
pal0p1,waccm,303.5,0.3579,0.3558,0.3495,0.3393,0.3251,0.3074,0.2863,0.2624,0.2361,0.2081,0.1789,0.1494,0.1204,0.09289,0.06775,0.04575,0.02742,0.01306,
pal0p1,waccm,304.5,0.3339,0.332,0.3262,0.3167,0.3036,0.2872,0.2677,0.2456,0.2212,0.1951,0.168,0.1405,0.1135,0.08776,0.06417,0.04345,0.0261,0.01244,
pal0p1,waccm,305.5,0.3484,0.3464,0.3405,0.3307,0.3172,0.3003,0.2802,0.2573,0.2321,0.2051,0.177,0.1484,0.1202,0.09326,0.06846,0.04656,0.02809,0.01341,
pal0p1,waccm,306.5,0.3287,0.3268,0.3212,0.3121,0.2994,0.2835,0.2647,0.2432,0.2195,0.1941,0.1677,0.1408,0.1142,0.08871,0.06523,0.04444,0.02686,0.01283,
pal0p1,waccm,307.5,0.3903,0.3881,0.3816,0.3708,0.356,0.3373,0.3151,0.2898,0.2619,0.232,0.2007,0.1688,0.1373,0.107,0.07893,0.05398,0.03275,0.01568,
pal0p1,waccm,308.5,0.4054,0.4031,0.3964,0.3852,0.3699,0.3506,0.3276,0.3015,0.2726,0.2416,0.2092,0.1761,0.1434,0.1118,0.08261,0.05656,0.03436,0.01646,
pal0p1,waccm,309.5,0.3142,0.3124,0.3072,0.2987,0.2868,0.272,0.2543,0.2342,0.2119,0.188,0.163,0.1374,0.112,0.08758,0.06483,0.0445,0.02711,0.01301,
pal0p1,waccm,310.5,0.3901,0.388,0.3815,0.371,0.3564,0.338,0.3162,0.2913,0.2638,0.2342,0.2032,0.1715,0.14,0.1096,0.08126,0.05588,0.0341,0.01638,
pal0p1,waccm,311.5,0.4723,0.4697,0.462,0.4493,0.4317,0.4096,0.3833,0.3532,0.32,0.2843,0.2468,0.2085,0.1703,0.1334,0.09903,0.06817,0.04165,0.02002,
pal0p1,waccm,312.5,0.4134,0.4112,0.4045,0.3934,0.3781,0.3589,0.336,0.3098,0.2809,0.2498,0.2171,0.1836,0.1502,0.1179,0.08764,0.06046,0.03703,0.01783,
pal0p1,waccm,313.5,0.4568,0.4543,0.4469,0.4347,0.4178,0.3966,0.3714,0.3426,0.3107,0.2763,0.2402,0.2032,0.1663,0.1306,0.09714,0.06704,0.04107,0.01978,
pal0p1,waccm,314.5,0.416,0.4137,0.407,0.396,0.3807,0.3615,0.3387,0.3126,0.2836,0.2525,0.2197,0.186,0.1525,0.1199,0.0893,0.06175,0.03791,0.0183,
pal0p1,waccm,315.5,0.4227,0.4205,0.4137,0.4025,0.387,0.3675,0.3444,0.3179,0.2885,0.2569,0.2236,0.1894,0.1552,0.1221,0.09097,0.06291,0.03863,0.01864,
pal0p1,waccm,316.5,0.3917,0.3896,0.3833,0.373,0.3588,0.3408,0.3194,0.295,0.2679,0.2386,0.2078,0.1762,0.1446,0.1138,0.08493,0.05882,0.03618,0.01749,
pal0p1,waccm,317.5,0.5532,0.5502,0.5414,0.5269,0.5068,0.4814,0.4513,0.4168,0.3785,0.3373,0.2938,0.2491,0.2044,0.161,0.1201,0.08315,0.05113,0.02471,
pal0p1,waccm,318.5,0.4072,0.4051,0.3986,0.3879,0.3732,0.3546,0.3325,0.3072,0.2792,0.2489,0.217,0.1841,0.1512,0.1192,0.08902,0.06172,0.03802,0.0184,
pal0p1,waccm,319.5,0.4903,0.4877,0.48,0.4672,0.4495,0.4272,0.4006,0.3702,0.3364,0.3,0.2616,0.222,0.1824,0.1438,0.1074,0.07449,0.04589,0.02221,
pal0p1,waccm,320.5,0.5873,0.5842,0.5749,0.5596,0.5385,0.5118,0.4801,0.4437,0.4033,0.3597,0.3137,0.2664,0.2189,0.1726,0.129,0.08945,0.05512,0.02668,
pal0p1,waccm,321.5,0.4693,0.4668,0.4594,0.4472,0.4304,0.4092,0.3839,0.355,0.3228,0.2881,0.2514,0.2136,0.1757,0.1387,0.1037,0.07203,0.04445,0.02155,
pal0p1,waccm,322.5,0.4946,0.492,0.4842,0.4713,0.4536,0.4312,0.4046,0.374,0.3401,0.3035,0.2648,0.2249,0.1849,0.1458,0.109,0.07558,0.04657,0.02254,
pal0p1,waccm,323.5,0.4732,0.4707,0.4633,0.4511,0.4342,0.4129,0.3875,0.3584,0.3261,0.2911,0.2542,0.2161,0.1778,0.1404,0.1051,0.07299,0.04506,0.02186,
pal0p1,waccm,324.5,0.5565,0.5536,0.5449,0.5306,0.5107,0.4857,0.4559,0.4217,0.3837,0.3426,0.2992,0.2544,0.2093,0.1653,0.1237,0.0859,0.05301,0.02571,
pal0p1,waccm,325.5,0.6295,0.6262,0.6164,0.6002,0.5778,0.5495,0.5158,0.4771,0.4342,0.3877,0.3386,0.2879,0.2369,0.1871,0.14,0.09716,0.05993,0.02905,
pal0p1,waccm,326.5,0.7242,0.7204,0.7092,0.6906,0.6649,0.6325,0.5938,0.5495,0.5002,0.4469,0.3905,0.3323,0.2736,0.2162,0.1619,0.1125,0.06949,0.03373,
pal0p1,waccm,327.5,0.6851,0.6816,0.6709,0.6534,0.6291,0.5984,0.5619,0.52,0.4734,0.4229,0.3696,0.3144,0.2589,0.2046,0.1531,0.1063,0.06564,0.03185,
pal0p1,waccm,328.5,0.632,0.6288,0.619,0.6028,0.5804,0.5522,0.5185,0.4799,0.4369,0.3904,0.3412,0.2904,0.2391,0.189,0.1414,0.09821,0.06061,0.02941,
pal0p1,waccm,329.5,0.7886,0.7845,0.7723,0.7522,0.7244,0.6893,0.6474,0.5993,0.5458,0.4879,0.4266,0.3632,0.2993,0.2366,0.1772,0.1232,0.07608,0.03695,
pal0p1,waccm,330.5,0.728,0.7242,0.713,0.6944,0.6688,0.6364,0.5977,0.5534,0.504,0.4506,0.394,0.3354,0.2764,0.2185,0.1636,0.1136,0.07014,0.03405,
pal0p1,waccm,331.5,0.7214,0.7177,0.7066,0.6882,0.6628,0.6308,0.5925,0.5486,0.4998,0.4468,0.3907,0.3327,0.2742,0.2167,0.1623,0.1127,0.06954,0.03375,
pal0p1,waccm,332.5,0.6909,0.6873,0.6767,0.6592,0.6349,0.6043,0.5677,0.5258,0.4791,0.4285,0.3748,0.3193,0.2632,0.2082,0.1559,0.1083,0.0669,0.0325,
pal0p1,waccm,333.5,0.6567,0.6533,0.6432,0.6265,0.6035,0.5744,0.5397,0.4999,0.4555,0.4074,0.3564,0.3036,0.2503,0.198,0.1482,0.1029,0.06354,0.03085,
pal0p1,waccm,334.5,0.7289,0.7252,0.714,0.6956,0.6701,0.6378,0.5994,0.5552,0.506,0.4526,0.3961,0.3375,0.2783,0.2201,0.1649,0.1145,0.07065,0.03431,
pal0p1,waccm,335.5,0.7289,0.7251,0.714,0.6956,0.6701,0.6379,0.5995,0.5554,0.5063,0.453,0.3965,0.338,0.2788,0.2205,0.1652,0.1148,0.07083,0.03441,
pal0p1,waccm,336.5,0.5718,0.5689,0.5602,0.5457,0.5258,0.5006,0.4705,0.4359,0.3974,0.3556,0.3113,0.2654,0.2189,0.1732,0.1297,0.09008,0.05559,0.027,
pal0p1,waccm,337.5,0.6332,0.63,0.6203,0.6044,0.5823,0.5544,0.5211,0.4829,0.4403,0.394,0.3449,0.2941,0.2426,0.1919,0.1437,0.09977,0.06153,0.02988,
pal0p1,waccm,338.5,0.6589,0.6556,0.6455,0.629,0.6061,0.5771,0.5425,0.5028,0.4585,0.4104,0.3594,0.3065,0.2529,0.2001,0.1499,0.1041,0.06421,0.03119,
pal0p1,waccm,339.5,0.7147,0.7111,0.7002,0.6823,0.6575,0.6261,0.5886,0.5456,0.4976,0.4455,0.3902,0.3328,0.2746,0.2174,0.1628,0.113,0.06973,0.03387,
pal0p1,waccm,340.5,0.7677,0.7638,0.7521,0.7329,0.7062,0.6726,0.6324,0.5862,0.5347,0.4788,0.4194,0.3577,0.2952,0.2337,0.175,0.1215,0.0749,0.03638,
pal0p1,waccm,341.5,0.6767,0.6733,0.663,0.6461,0.6227,0.5931,0.5577,0.517,0.4717,0.4224,0.3701,0.3157,0.2606,0.2063,0.1546,0.1073,0.06615,0.03213,
pal0p1,waccm,342.5,0.7484,0.7446,0.7333,0.7146,0.6887,0.656,0.617,0.572,0.5219,0.4675,0.4096,0.3495,0.2886,0.2285,0.1712,0.1188,0.07324,0.03557,
pal0p1,waccm,343.5,0.779,0.775,0.7633,0.7438,0.7169,0.6829,0.6423,0.5956,0.5435,0.4869,0.4267,0.3641,0.3007,0.2381,0.1784,0.1237,0.07627,0.03704,
pal0p1,waccm,344.5,0.5472,0.5445,0.5362,0.5226,0.5037,0.4798,0.4513,0.4186,0.382,0.3422,0.2999,0.256,0.2114,0.1674,0.1254,0.087,0.0536,0.02603,
pal0p1,waccm,345.5,0.7444,0.7406,0.7294,0.7109,0.6853,0.6529,0.6142,0.5696,0.5199,0.4659,0.4084,0.3487,0.288,0.2281,0.1709,0.1186,0.07305,0.03548,
pal0p1,waccm,346.5,0.6989,0.6953,0.6848,0.6675,0.6434,0.6131,0.5767,0.535,0.4884,0.4377,0.3837,0.3276,0.2707,0.2144,0.1606,0.1114,0.0686,0.03331,
pal0p1,waccm,347.5,0.6822,0.6788,0.6686,0.6516,0.6282,0.5986,0.5632,0.5224,0.477,0.4275,0.3749,0.3202,0.2645,0.2095,0.157,0.1089,0.06703,0.03255,
pal0p1,waccm,348.5,0.7484,0.7446,0.7334,0.7148,0.6892,0.6567,0.618,0.5733,0.5235,0.4693,0.4116,0.3515,0.2905,0.2302,0.1724,0.1196,0.07361,0.03574,
pal0p1,waccm,349.5,0.627,0.6239,0.6145,0.599,0.5775,0.5504,0.5179,0.4806,0.4389,0.3935,0.3451,0.2948,0.2437,0.1931,0.1447,0.1003,0.06173,0.02997,
pal0p1,waccm,350.5,0.8772,0.8729,0.8597,0.8381,0.8081,0.7702,0.7248,0.6726,0.6143,0.5508,0.4833,0.4129,0.3413,0.2705,0.2026,0.1405,0.08644,0.04196,
pal0p1,waccm,351.5,0.7562,0.7524,0.7411,0.7225,0.6966,0.664,0.6249,0.58,0.5298,0.4751,0.4169,0.3562,0.2945,0.2334,0.1749,0.1212,0.07457,0.0362,
pal0p1,waccm,352.5,0.6814,0.678,0.6678,0.651,0.6278,0.5984,0.5633,0.5228,0.4776,0.4284,0.3759,0.3213,0.2657,0.2106,0.1578,0.1094,0.06725,0.03264,
pal0p1,waccm,353.5,0.8192,0.8152,0.803,0.7828,0.7549,0.7196,0.6774,0.6288,0.5745,0.5154,0.4524,0.3867,0.3198,0.2535,0.19,0.1316,0.08094,0.03928,
pal0p1,waccm,354.5,0.8857,0.8813,0.8681,0.8464,0.8163,0.7782,0.7326,0.6801,0.6215,0.5576,0.4895,0.4185,0.3462,0.2744,0.2057,0.1425,0.08759,0.04251,
pal0p1,waccm,355.5,0.8273,0.8232,0.811,0.7907,0.7626,0.727,0.6845,0.6355,0.5808,0.5212,0.4576,0.3913,0.3237,0.2567,0.1923,0.1333,0.08189,0.03974,
pal0p1,waccm,356.5,0.7675,0.7637,0.7523,0.7335,0.7075,0.6746,0.6352,0.5898,0.5391,0.4838,0.4248,0.3633,0.3006,0.2384,0.1787,0.1238,0.07604,0.03689,
pal0p1,waccm,357.5,0.6525,0.6492,0.6396,0.6236,0.6015,0.5736,0.5401,0.5016,0.4585,0.4115,0.3614,0.3092,0.2559,0.2029,0.1521,0.1053,0.0647,0.03139,
pal0p1,waccm,358.5,0.5031,0.5006,0.4932,0.4809,0.4639,0.4424,0.4166,0.3869,0.3537,0.3175,0.2789,0.2386,0.1975,0.1567,0.1174,0.08131,0.04993,0.02422,
pal0p1,waccm,359.5,0.8464,0.8422,0.8297,0.8091,0.7805,0.7443,0.701,0.6511,0.5953,0.5345,0.4696,0.4018,0.3326,0.2639,0.1978,0.137,0.08408,0.04078,
pal0p1,waccm,360.5,0.7842,0.7803,0.7688,0.7497,0.7232,0.6897,0.6497,0.6035,0.5519,0.4955,0.4354,0.3726,0.3085,0.2448,0.1835,0.127,0.07797,0.03781,
pal0p1,waccm,361.5,0.7066,0.7031,0.6927,0.6755,0.6517,0.6216,0.5855,0.5439,0.4975,0.4467,0.3926,0.336,0.2783,0.2208,0.1655,0.1146,0.07031,0.0341,
pal0p1,waccm,362.5,0.8293,0.8252,0.813,0.7929,0.765,0.7297,0.6874,0.6386,0.5841,0.5246,0.4611,0.3948,0.327,0.2595,0.1945,0.1347,0.0826,0.04005,
pal0p1,waccm,363.5,0.7374,0.7338,0.7229,0.705,0.6803,0.6489,0.6114,0.5681,0.5196,0.4668,0.4103,0.3513,0.291,0.231,0.1732,0.1199,0.07351,0.03564,
pal0p1,waccm,364.5,0.8041,0.8002,0.7884,0.7689,0.7419,0.7078,0.6669,0.6197,0.5669,0.5093,0.4478,0.3835,0.3177,0.2522,0.1891,0.1309,0.08023,0.03889,
pal0p1,waccm,365.5,0.9796,0.9748,0.9604,0.9367,0.9039,0.8623,0.8125,0.7552,0.6909,0.6208,0.5459,0.4676,0.3874,0.3076,0.2306,0.1596,0.09782,0.04741,
pal0p1,waccm,366.5,1.036,1.031,1.016,0.9909,0.9562,0.9123,0.8597,0.7991,0.7312,0.6571,0.5779,0.495,0.4103,0.3258,0.2443,0.169,0.1036,0.05019,
pal0p1,waccm,367.5,0.9833,0.9785,0.9642,0.9404,0.9076,0.8659,0.8161,0.7586,0.6942,0.624,0.5488,0.4702,0.3898,0.3095,0.2321,0.1606,0.09838,0.04767,
pal0p1,waccm,368.5,0.8635,0.8593,0.8467,0.8259,0.797,0.7605,0.7168,0.6664,0.6099,0.5482,0.4823,0.4133,0.3426,0.2721,0.2041,0.1412,0.08647,0.04189,
pal0p1,waccm,369.5,1.035,1.03,1.015,0.9903,0.9558,0.9121,0.8597,0.7993,0.7317,0.6577,0.5787,0.496,0.4113,0.3267,0.245,0.1695,0.1038,0.05026,
pal0p1,waccm,370.5,0.939,0.9345,0.9208,0.8982,0.8669,0.8273,0.7799,0.7251,0.6639,0.5969,0.5252,0.4502,0.3734,0.2967,0.2225,0.1539,0.0942,0.04562,
pal0p1,waccm,371.5,1.074,1.069,1.053,1.027,0.9917,0.9464,0.8922,0.8297,0.7596,0.6831,0.6012,0.5154,0.4275,0.3397,0.2548,0.1762,0.1078,0.05221,
pal0p1,waccm,372.5,0.793,0.7892,0.7777,0.7587,0.7323,0.6989,0.6589,0.6128,0.5611,0.5047,0.4442,0.3809,0.316,0.2511,0.1884,0.1303,0.07969,0.03858,
pal0p1,waccm,373.5,0.7166,0.7131,0.7027,0.6856,0.6618,0.6317,0.5956,0.5539,0.5073,0.4563,0.4017,0.3445,0.2858,0.2272,0.1704,0.1179,0.07207,0.03488,
pal0p1,waccm,374.5,0.7862,0.7824,0.771,0.7522,0.7261,0.6931,0.6536,0.6079,0.5568,0.5009,0.441,0.3783,0.3139,0.2496,0.1872,0.1295,0.07915,0.0383,
pal0p1,waccm,375.5,0.8867,0.8824,0.8696,0.8484,0.8191,0.7819,0.7373,0.6859,0.6282,0.5652,0.4977,0.427,0.3544,0.2818,0.2114,0.1462,0.08935,0.04323,
pal0p1,waccm,376.5,0.8851,0.8809,0.8681,0.847,0.8177,0.7806,0.7362,0.6849,0.6274,0.5645,0.4972,0.4266,0.3541,0.2816,0.2113,0.1461,0.08927,0.04318,
pal0p1,waccm,377.5,1.054,1.049,1.033,1.008,0.9734,0.9294,0.8765,0.8155,0.7472,0.6724,0.5923,0.5082,0.422,0.3356,0.2518,0.1741,0.1064,0.05144,
pal0p1,waccm,378.5,1.148,1.142,1.126,1.099,1.061,1.013,0.9552,0.8888,0.8144,0.733,0.6457,0.5542,0.4602,0.3661,0.2747,0.1899,0.116,0.05608,
pal0p1,waccm,379.5,0.8491,0.845,0.8328,0.8126,0.7846,0.7492,0.7066,0.6576,0.6026,0.5424,0.4779,0.4103,0.3407,0.2711,0.2035,0.1406,0.08586,0.04151,
pal0p1,waccm,380.5,1.021,1.016,1.001,0.977,0.9434,0.9008,0.8497,0.7908,0.7248,0.6524,0.575,0.4936,0.4101,0.3263,0.2449,0.1693,0.1033,0.04993,
pal0p1,waccm,381.5,0.9589,0.9543,0.9405,0.9178,0.8862,0.8463,0.7984,0.7431,0.6811,0.6132,0.5405,0.4641,0.3856,0.3068,0.2303,0.1592,0.09714,0.04694,
pal0p1,waccm,382.5,0.6387,0.6357,0.6265,0.6114,0.5904,0.5638,0.532,0.4952,0.4539,0.4087,0.3603,0.3094,0.2571,0.2046,0.1536,0.1062,0.06477,0.03129,
pal0p1,waccm,383.5,0.5607,0.558,0.55,0.5367,0.5183,0.495,0.4671,0.4348,0.3986,0.359,0.3165,0.2718,0.2259,0.1798,0.135,0.09332,0.05691,0.02748,
pal0p1,waccm,384.5,0.8412,0.8372,0.8252,0.8053,0.7777,0.7428,0.7009,0.6525,0.5982,0.5388,0.4751,0.4081,0.3393,0.2701,0.2028,0.1402,0.08545,0.04126,
pal0p1,waccm,385.5,0.832,0.828,0.8161,0.7965,0.7693,0.7347,0.6934,0.6455,0.5919,0.5332,0.4702,0.404,0.3359,0.2675,0.2009,0.1388,0.08459,0.04083,
pal0p1,waccm,386.5,0.8478,0.8438,0.8317,0.8117,0.784,0.7488,0.7067,0.658,0.6034,0.5436,0.4795,0.412,0.3426,0.2729,0.2049,0.1416,0.08628,0.04164,
pal0p1,waccm,387.5,0.7877,0.784,0.7727,0.7542,0.7284,0.6958,0.6567,0.6116,0.5609,0.5053,0.4458,0.3831,0.3186,0.2538,0.1906,0.1317,0.08024,0.03871,
pal0p1,waccm,388.5,0.7893,0.7856,0.7743,0.7558,0.73,0.6974,0.6582,0.613,0.5622,0.5066,0.447,0.3842,0.3196,0.2546,0.1913,0.1322,0.08048,0.03882,
pal0p1,waccm,389.5,0.9951,0.9904,0.9763,0.9529,0.9204,0.8793,0.83,0.773,0.7091,0.639,0.5639,0.4848,0.4033,0.3213,0.2414,0.1668,0.1016,0.04897,
pal0p1,waccm,390.5,0.9772,0.9725,0.9587,0.9357,0.9039,0.8636,0.8152,0.7593,0.6966,0.6278,0.554,0.4764,0.3964,0.3159,0.2374,0.164,0.09981,0.04811,
pal0p1,waccm,391.5,1.159,1.153,1.137,1.11,1.072,1.024,0.967,0.9008,0.8265,0.745,0.6575,0.5655,0.4706,0.3751,0.2819,0.1948,0.1185,0.0571,
pal0p1,waccm,392.5,0.8688,0.8647,0.8524,0.8321,0.8038,0.7681,0.7251,0.6755,0.6198,0.5588,0.4932,0.4243,0.3531,0.2815,0.2116,0.1462,0.08891,0.04283,
pal0p1,waccm,393.5,0.3776,0.3758,0.3705,0.3617,0.3494,0.3339,0.3152,0.2937,0.2695,0.243,0.2145,0.1845,0.1536,0.1225,0.09207,0.06361,0.03868,0.01863,
pal0p1,waccm,394.5,0.8884,0.8842,0.8716,0.8509,0.8221,0.7856,0.7417,0.6911,0.6343,0.5719,0.505,0.4345,0.3617,0.2885,0.2168,0.1498,0.09108,0.04385,
pal0p1,waccm,395.5,1.143,1.137,1.121,1.095,1.058,1.011,0.9543,0.8892,0.8162,0.736,0.65,0.5593,0.4658,0.3715,0.2793,0.193,0.1173,0.05644,
pal0p1,waccm,396.5,0.6709,0.6677,0.6582,0.6426,0.6209,0.5934,0.5603,0.5222,0.4793,0.4323,0.3818,0.3286,0.2737,0.2183,0.1641,0.1134,0.0689,0.03315,
pal0p1,waccm,397.5,0.7739,0.7703,0.7594,0.7413,0.7163,0.6846,0.6466,0.6026,0.5532,0.499,0.4407,0.3794,0.316,0.2521,0.1896,0.131,0.07957,0.03827,
pal0p1,waccm,398.5,1.33,1.323,1.305,1.274,1.231,1.176,1.111,1.035,0.9506,0.8576,0.7576,0.6522,0.5434,0.4336,0.3261,0.2253,0.1368,0.06579,
pal0p1,waccm,399.5,1.383,1.376,1.357,1.324,1.28,1.223,1.156,1.077,0.9889,0.8922,0.7883,0.6787,0.5656,0.4514,0.3395,0.2346,0.1424,0.06845,
pal0p1,waccm,400.5,1.453,1.446,1.426,1.392,1.345,1.286,1.215,1.132,1.04,0.9382,0.8291,0.7139,0.595,0.475,0.3573,0.2469,0.1498,0.07199,
pal0p1,waccm,401.5,1.495,1.488,1.467,1.432,1.384,1.323,1.25,1.165,1.07,0.9656,0.8533,0.7349,0.6126,0.4891,0.368,0.2542,0.1543,0.0741,
pal0p1,waccm,402.5,1.552,1.544,1.523,1.487,1.437,1.373,1.297,1.21,1.111,1.003,0.8862,0.7634,0.6364,0.5082,0.3824,0.2642,0.1603,0.07695,
pal0p1,waccm,403.5,1.42,1.413,1.393,1.36,1.315,1.257,1.188,1.107,1.017,0.918,0.8114,0.6991,0.5829,0.4655,0.3503,0.2421,0.1468,0.07046,
pal0p1,waccm,404.5,1.392,1.386,1.366,1.334,1.289,1.233,1.165,1.086,0.9976,0.9005,0.7961,0.686,0.5721,0.457,0.3439,0.2376,0.1441,0.06913,
pal0p1,waccm,405.5,1.446,1.439,1.419,1.386,1.339,1.28,1.21,1.128,1.036,0.9357,0.8274,0.713,0.5947,0.4751,0.3576,0.2471,0.1498,0.07184,
pal0p1,waccm,406.5,1.362,1.355,1.336,1.305,1.261,1.206,1.14,1.063,0.9764,0.8816,0.7796,0.6719,0.5605,0.4479,0.3372,0.233,0.1412,0.06769,
pal0p1,waccm,407.5,1.373,1.366,1.347,1.315,1.271,1.216,1.149,1.072,0.9845,0.889,0.7863,0.6778,0.5655,0.4519,0.3403,0.2351,0.1424,0.06827,
pal0p1,waccm,408.5,1.528,1.521,1.5,1.465,1.416,1.354,1.28,1.193,1.097,0.9904,0.876,0.7553,0.6303,0.5037,0.3794,0.2621,0.1588,0.07607,
pal0p1,waccm,409.5,1.498,1.491,1.47,1.436,1.388,1.327,1.254,1.17,1.075,0.9712,0.8591,0.7408,0.6183,0.4943,0.3723,0.2572,0.1558,0.0746,
pal0p1,waccm,410.5,1.299,1.293,1.275,1.245,1.203,1.151,1.088,1.015,0.9326,0.8424,0.7453,0.6427,0.5365,0.429,0.3231,0.2233,0.1352,0.06472,
pal0p1,waccm,411.5,1.561,1.554,1.532,1.496,1.446,1.383,1.307,1.22,1.121,1.013,0.8961,0.7729,0.6453,0.516,0.3888,0.2687,0.1626,0.07781,
pal0p1,waccm,412.5,1.547,1.54,1.518,1.483,1.433,1.371,1.296,1.209,1.111,1.004,0.8885,0.7665,0.64,0.5119,0.3857,0.2665,0.1613,0.07715,
pal0p1,waccm,413.5,1.5,1.493,1.472,1.438,1.39,1.329,1.257,1.173,1.078,0.974,0.862,0.7437,0.6211,0.4969,0.3744,0.2588,0.1565,0.07485,
pal0p1,waccm,414.5,1.541,1.534,1.513,1.477,1.428,1.366,1.292,1.205,1.108,1.001,0.8863,0.7648,0.6388,0.5111,0.3852,0.2662,0.161,0.07696,
pal0p1,waccm,415.5,1.474,1.467,1.447,1.413,1.366,1.307,1.235,1.153,1.06,0.958,0.8481,0.7319,0.6114,0.4893,0.3688,0.2549,0.1541,0.07364,
pal0p1,waccm,416.5,1.604,1.597,1.574,1.538,1.487,1.422,1.345,1.255,1.154,1.043,0.9234,0.797,0.6659,0.5329,0.4018,0.2777,0.1679,0.08018,
pal0p1,waccm,417.5,1.466,1.459,1.439,1.406,1.359,1.3,1.229,1.147,1.055,0.9537,0.8444,0.729,0.6092,0.4876,0.3677,0.2541,0.1536,0.07333,
pal0p1,waccm,418.5,1.477,1.471,1.45,1.416,1.37,1.31,1.239,1.156,1.063,0.9614,0.8514,0.735,0.6143,0.4918,0.3709,0.2564,0.1549,0.07393,
pal0p1,waccm,419.5,1.526,1.519,1.498,1.463,1.415,1.353,1.28,1.195,1.099,0.9933,0.8798,0.7597,0.635,0.5085,0.3835,0.2651,0.1602,0.0764,
pal0p1,waccm_eq,280.5,0.00792,0.007822,0.00753,0.00706,0.006437,0.005674,0.004867,0.004006,0.003156,0.002363,0.00167,0.001104,0.0006816,0.0003963,0.0002243,0.0001296,7.605e-05,3.897e-05,
pal0p1,waccm_eq,281.5,0.02198,0.02171,0.02095,0.0197,0.01805,0.01606,0.01385,0.01152,0.00919,0.006991,0.005033,0.003402,0.00215,0.001277,0.0007314,0.0004214,0.0002453,0.0001255,
pal0p1,waccm_eq,282.5,0.03609,0.03568,0.03447,0.03252,0.02991,0.02677,0.02324,0.0195,0.01573,0.01213,0.008877,0.006115,0.003945,0.002389,0.001384,0.0007965,0.0004599,0.0002349,
pal0p1,waccm_eq,283.5,0.04508,0.04459,0.04313,0.04076,0.0376,0.03377,0.02946,0.02486,0.0202,0.01572,0.01162,0.008102,0.005297,0.003247,0.001896,0.00109,0.0006259,0.000319,
pal0p1,waccm_eq,284.5,0.04088,0.04046,0.03921,0.03719,0.03447,0.03116,0.02741,0.02337,0.01924,0.01521,0.01146,0.008177,0.005484,0.003448,0.002052,0.001184,0.0006736,0.0003414,
pal0p1,waccm_eq,285.5,0.02377,0.02354,0.02284,0.02172,0.0202,0.01835,0.01624,0.01396,0.01161,0.009283,0.007097,0.005148,0.003519,0.002256,0.001363,0.00079,0.0004462,0.0002249,
pal0p1,waccm_eq,286.5,0.07061,0.06994,0.06796,0.06474,0.06039,0.05506,0.04897,0.04235,0.03545,0.02863,0.02213,0.01626,0.01128,0.007341,0.004489,0.002615,0.001469,0.0007362,
pal0p1,waccm_eq,287.5,0.08752,0.08673,0.08438,0.08055,0.07537,0.06901,0.0617,0.05371,0.04536,0.03698,0.02894,0.02158,0.01522,0.01008,0.006261,0.003674,0.002055,0.001022,
pal0p1,waccm_eq,288.5,0.08232,0.08231,0.08019,0.07673,0.07203,0.06625,0.05958,0.05225,0.04436,0.0367,0.0291,0.02205,0.01584,0.0107,0.006772,0.004016,0.00224,0.001104,
pal0p1,waccm_eq,289.5,0.1383,0.1371,0.1337,0.1282,0.1206,0.1113,0.1005,0.08862,0.07601,0.06316,0.05057,0.03875,0.02821,0.01934,0.01241,0.007424,0.004137,0.002023,
pal0p1,waccm_eq,290.5,0.2029,0.2013,0.1965,0.1886,0.1778,0.1646,0.1491,0.132,0.1139,0.09526,0.07689,0.0595,0.0438,0.03041,0.01975,0.01192,0.00664,0.003224,
pal0p1,waccm_eq,291.5,0.2048,0.2032,0.1985,0.1909,0.1804,0.1669,0.1524,0.1356,0.1177,0.09918,0.0808,0.06322,0.04715,0.03322,0.02189,0.01337,0.007464,0.003595,
pal0p1,waccm_eq,292.5,0.1926,0.1912,0.1869,0.1799,0.1704,0.1586,0.1448,0.1294,0.1128,0.09571,0.07856,0.06203,0.04676,0.03335,0.02226,0.01373,0.007693,0.00368,
pal0p1,waccm_eq,293.5,0.2292,0.2275,0.2226,0.2146,0.2036,0.19,0.174,0.1561,0.1368,0.1167,0.09649,0.07686,0.05854,0.04224,0.02855,0.01781,0.01002,0.004766,
pal0p1,waccm_eq,294.5,0.2173,0.2157,0.2112,0.2038,0.1934,0.181,0.1662,0.1496,0.1316,0.1128,0.09379,0.07521,0.05775,0.04206,0.02871,0.01807,0.01022,0.004837,
pal0p1,waccm_eq,295.5,0.2607,0.2589,0.2536,0.245,0.2331,0.2184,0.201,0.1815,0.1603,0.1381,0.1156,0.09335,0.07231,0.0532,0.03673,0.02337,0.0133,0.006271,
pal0p1,waccm_eq,296.5,0.246,0.2443,0.2395,0.231,0.2206,0.207,0.191,0.1729,0.1533,0.1326,0.1115,0.09064,0.07072,0.05248,0.03657,0.02349,0.01345,0.006326,
pal0p1,waccm_eq,297.5,0.2748,0.273,0.2677,0.259,0.2471,0.2322,0.2147,0.1948,0.1732,0.1504,0.1271,0.1038,0.08155,0.06097,0.04286,0.02777,0.016,0.007516,
pal0p1,waccm_eq,298.5,0.2078,0.2065,0.2026,0.1961,0.1873,0.1762,0.1632,0.1484,0.1323,0.1153,0.09772,0.08023,0.06335,0.04768,0.03376,0.02204,0.01277,0.005997,
pal0p1,waccm_eq,299.5,0.3015,0.2997,0.2941,0.2849,0.2723,0.2566,0.2379,0.2169,0.1938,0.1693,0.1441,0.1188,0.09431,0.07142,0.05093,0.0335,0.01954,0.009179,
pal0p1,waccm_eq,300.5,0.2033,0.2021,0.1984,0.1923,0.1839,0.1734,0.1611,0.147,0.1316,0.1153,0.09836,0.08138,0.06486,0.04935,0.03539,0.02341,0.01373,0.006451,
pal0p1,waccm_eq,301.5,0.2824,0.2807,0.2756,0.2673,0.2559,0.2416,0.2246,0.2054,0.1843,0.1618,0.1385,0.115,0.09205,0.0704,0.05079,0.03384,0.01996,0.009396,
pal0p1,waccm_eq,302.5,0.2783,0.2767,0.2718,0.2637,0.2526,0.2386,0.222,0.2033,0.1826,0.1606,0.1377,0.1147,0.09206,0.07066,0.05118,0.03424,0.02028,0.009559,
pal0p1,waccm_eq,303.5,0.3601,0.358,0.3517,0.3414,0.3272,0.3093,0.2882,0.2642,0.2377,0.2095,0.1801,0.1504,0.1211,0.09337,0.06796,0.04572,0.02723,0.01286,
pal0p1,waccm_eq,304.5,0.3358,0.3338,0.328,0.3185,0.3054,0.2889,0.2693,0.247,0.2225,0.1963,0.169,0.1414,0.1141,0.08816,0.06434,0.04342,0.02594,0.01226,
pal0p1,waccm_eq,305.5,0.35,0.348,0.3421,0.3323,0.3187,0.3017,0.2815,0.2586,0.2332,0.2061,0.1778,0.1491,0.1207,0.09362,0.06862,0.04654,0.02794,0.01325,
pal0p1,waccm_eq,306.5,0.3301,0.3282,0.3226,0.3134,0.3007,0.2848,0.2658,0.2443,0.2205,0.195,0.1684,0.1414,0.1146,0.08902,0.06536,0.04442,0.02672,0.01268,
pal0p1,waccm_eq,307.5,0.3917,0.3895,0.3829,0.3721,0.3572,0.3385,0.3162,0.2909,0.2629,0.2329,0.2015,0.1695,0.1377,0.1073,0.07906,0.05395,0.03261,0.01553,
pal0p1,waccm_eq,308.5,0.4067,0.4044,0.3976,0.3865,0.3711,0.3517,0.3287,0.3025,0.2735,0.2424,0.2099,0.1767,0.1438,0.1121,0.08273,0.05654,0.03423,0.01631,
pal0p1,waccm_eq,309.5,0.315,0.3132,0.308,0.2994,0.2876,0.2727,0.255,0.2348,0.2125,0.1886,0.1635,0.1378,0.1123,0.08777,0.06492,0.04449,0.02702,0.01291,
pal0p1,waccm_eq,310.5,0.391,0.3888,0.3824,0.3718,0.3572,0.3388,0.317,0.292,0.2645,0.2348,0.2037,0.172,0.1403,0.1098,0.08135,0.05586,0.034,0.01627,
pal0p1,waccm_eq,311.5,0.4733,0.4707,0.463,0.4502,0.4326,0.4104,0.3841,0.354,0.3207,0.2849,0.2474,0.2089,0.1707,0.1337,0.09913,0.06816,0.04154,0.0199,
pal0p1,waccm_eq,312.5,0.4141,0.4119,0.4051,0.394,0.3787,0.3595,0.3366,0.3104,0.2814,0.2502,0.2174,0.1839,0.1504,0.118,0.0877,0.06045,0.03695,0.01774,
pal0p1,waccm_eq,313.5,0.4574,0.455,0.4476,0.4353,0.4185,0.3973,0.372,0.3431,0.3112,0.2768,0.2406,0.2036,0.1666,0.1308,0.09721,0.06702,0.04099,0.01969,
pal0p1,waccm_eq,314.5,0.4164,0.4142,0.4075,0.3964,0.3812,0.362,0.3391,0.313,0.284,0.2528,0.2199,0.1863,0.1526,0.12,0.08935,0.06174,0.03785,0.01822,
pal0p1,waccm_eq,315.5,0.4232,0.4209,0.4141,0.4029,0.3875,0.368,0.3448,0.3182,0.2889,0.2572,0.2238,0.1896,0.1554,0.1222,0.09103,0.0629,0.03857,0.01857,
pal0p1,waccm_eq,316.5,0.392,0.3899,0.3837,0.3733,0.3591,0.3411,0.3197,0.2952,0.2681,0.2388,0.208,0.1764,0.1447,0.1139,0.08497,0.05881,0.03614,0.01743,
pal0p1,waccm_eq,317.5,0.5537,0.5507,0.5419,0.5273,0.5072,0.4819,0.4517,0.4172,0.3789,0.3376,0.2941,0.2494,0.2046,0.1611,0.1201,0.08314,0.05107,0.02463,
pal0p1,waccm_eq,318.5,0.4075,0.4053,0.3988,0.3882,0.3734,0.3549,0.3328,0.3074,0.2794,0.249,0.2171,0.1842,0.1513,0.1192,0.08904,0.06171,0.03798,0.01835,
pal0p1,waccm_eq,319.5,0.4906,0.488,0.4802,0.4674,0.4497,0.4274,0.4008,0.3704,0.3366,0.3002,0.2617,0.2222,0.1825,0.1439,0.1075,0.07448,0.04585,0.02216,
pal0p1,waccm_eq,320.5,0.5876,0.5845,0.5752,0.5599,0.5388,0.5121,0.4803,0.4439,0.4036,0.3599,0.3139,0.2665,0.219,0.1727,0.129,0.08945,0.05507,0.02663,
pal0p1,waccm_eq,321.5,0.4694,0.467,0.4596,0.4474,0.4306,0.4093,0.3841,0.3551,0.3229,0.2882,0.2515,0.2137,0.1757,0.1387,0.1037,0.07202,0.04442,0.02152,
pal0p1,waccm_eq,322.5,0.4948,0.4922,0.4844,0.4716,0.4538,0.4314,0.4048,0.3742,0.3403,0.3036,0.2649,0.225,0.185,0.1459,0.109,0.07558,0.04654,0.0225,
pal0p1,waccm_eq,323.5,0.4733,0.4708,0.4634,0.4512,0.4343,0.413,0.3876,0.3585,0.3261,0.2912,0.2542,0.2161,0.1779,0.1404,0.1051,0.07298,0.04504,0.02183,
pal0p1,waccm_eq,324.5,0.5567,0.5538,0.5451,0.5307,0.5108,0.4858,0.456,0.4218,0.3838,0.3427,0.2992,0.2545,0.2094,0.1653,0.1237,0.08589,0.05299,0.02568,
pal0p1,waccm_eq,325.5,0.6297,0.6264,0.6166,0.6003,0.5779,0.5497,0.5159,0.4773,0.4343,0.3878,0.3387,0.288,0.237,0.1871,0.14,0.09715,0.05991,0.02902,
pal0p1,waccm_eq,326.5,0.7243,0.7205,0.7093,0.6907,0.665,0.6326,0.5939,0.5496,0.5003,0.4469,0.3905,0.3323,0.2737,0.2162,0.1619,0.1125,0.06947,0.03372,
pal0p1,waccm_eq,327.5,0.6853,0.6817,0.6711,0.6535,0.6292,0.5986,0.562,0.5201,0.4735,0.423,0.3696,0.3145,0.259,0.2046,0.1531,0.1063,0.06562,0.03182,
pal0p1,waccm_eq,328.5,0.6321,0.6289,0.6191,0.6029,0.5805,0.5523,0.5186,0.48,0.437,0.3905,0.3413,0.2904,0.2392,0.189,0.1414,0.09821,0.06059,0.02939,
pal0p1,waccm_eq,329.5,0.7886,0.7845,0.7724,0.7522,0.7244,0.6893,0.6474,0.5993,0.5459,0.4879,0.4266,0.3632,0.2993,0.2366,0.1772,0.1232,0.07607,0.03694,
pal0p1,waccm_eq,330.5,0.7281,0.7243,0.7131,0.6945,0.6688,0.6365,0.5978,0.5534,0.5041,0.4506,0.394,0.3355,0.2764,0.2185,0.1636,0.1136,0.07013,0.03403,
pal0p1,waccm_eq,331.5,0.7215,0.7178,0.7067,0.6883,0.6629,0.6308,0.5926,0.5487,0.4998,0.4469,0.3908,0.3328,0.2742,0.2168,0.1623,0.1127,0.06952,0.03373,
pal0p1,waccm_eq,332.5,0.6909,0.6874,0.6767,0.6592,0.6349,0.6043,0.5678,0.5258,0.4791,0.4285,0.3748,0.3193,0.2632,0.2082,0.1559,0.1083,0.0669,0.03249,
pal0p1,waccm_eq,333.5,0.6567,0.6533,0.6432,0.6266,0.6035,0.5745,0.5398,0.4999,0.4555,0.4074,0.3564,0.3037,0.2503,0.198,0.1483,0.1029,0.06353,0.03084,
pal0p1,waccm_eq,334.5,0.729,0.7252,0.7141,0.6956,0.6701,0.6379,0.5994,0.5552,0.506,0.4526,0.3961,0.3375,0.2783,0.2201,0.1649,0.1145,0.07065,0.0343,
pal0p1,waccm_eq,335.5,0.7289,0.7251,0.714,0.6956,0.6701,0.638,0.5996,0.5555,0.5063,0.453,0.3965,0.338,0.2788,0.2206,0.1652,0.1147,0.07083,0.03441,
pal0p1,waccm_eq,336.5,0.5718,0.5689,0.5602,0.5457,0.5258,0.5006,0.4705,0.4359,0.3974,0.3556,0.3113,0.2654,0.2189,0.1732,0.1297,0.09008,0.05559,0.027,
pal0p1,waccm_eq,337.5,0.6333,0.63,0.6204,0.6044,0.5823,0.5545,0.5212,0.4829,0.4403,0.394,0.345,0.2941,0.2426,0.1919,0.1437,0.09976,0.06153,0.02987,
pal0p1,waccm_eq,338.5,0.6589,0.6556,0.6456,0.629,0.6061,0.5771,0.5425,0.5028,0.4585,0.4104,0.3594,0.3065,0.2529,0.2001,0.1499,0.1041,0.06421,0.03119,
pal0p1,waccm_eq,339.5,0.7147,0.7111,0.7002,0.6823,0.6575,0.6261,0.5886,0.5456,0.4976,0.4455,0.3902,0.3328,0.2746,0.2174,0.1628,0.113,0.06972,0.03387,
pal0p1,waccm_eq,340.5,0.7677,0.7638,0.7521,0.7329,0.7063,0.6726,0.6324,0.5862,0.5347,0.4788,0.4194,0.3577,0.2952,0.2337,0.175,0.1215,0.0749,0.03637,
pal0p1,waccm_eq,341.5,0.6767,0.6733,0.663,0.6461,0.6227,0.5931,0.5577,0.517,0.4717,0.4224,0.3701,0.3157,0.2606,0.2063,0.1546,0.1073,0.06615,0.03213,
pal0p1,waccm_eq,342.5,0.7484,0.7447,0.7333,0.7146,0.6887,0.656,0.617,0.572,0.5219,0.4675,0.4096,0.3495,0.2886,0.2285,0.1712,0.1188,0.07324,0.03557,
pal0p1,waccm_eq,343.5,0.779,0.7751,0.7633,0.7438,0.7169,0.683,0.6423,0.5956,0.5435,0.4869,0.4267,0.3641,0.3007,0.2381,0.1784,0.1237,0.07627,0.03704,
pal0p1,waccm_eq,344.5,0.5472,0.5445,0.5362,0.5226,0.5037,0.4799,0.4513,0.4186,0.382,0.3422,0.3,0.256,0.2114,0.1674,0.1254,0.087,0.0536,0.02603,
pal0p1,waccm_eq,345.5,0.7444,0.7406,0.7294,0.7109,0.6853,0.6529,0.6142,0.5696,0.5199,0.4659,0.4084,0.3487,0.288,0.2281,0.1709,0.1186,0.07305,0.03548,
pal0p1,waccm_eq,346.5,0.6989,0.6953,0.6848,0.6675,0.6434,0.6131,0.5767,0.535,0.4884,0.4377,0.3837,0.3276,0.2707,0.2144,0.1606,0.1114,0.0686,0.03331,
pal0p1,waccm_eq,347.5,0.6822,0.6788,0.6686,0.6516,0.6282,0.5986,0.5632,0.5225,0.477,0.4275,0.3749,0.3202,0.2645,0.2096,0.157,0.1089,0.06703,0.03254,
pal0p1,waccm_eq,348.5,0.7484,0.7446,0.7334,0.7148,0.6892,0.6567,0.618,0.5733,0.5235,0.4693,0.4116,0.3516,0.2905,0.2302,0.1724,0.1196,0.07361,0.03574,
pal0p1,waccm_eq,349.5,0.627,0.6239,0.6145,0.599,0.5775,0.5504,0.5179,0.4806,0.4389,0.3935,0.3451,0.2948,0.2437,0.1931,0.1447,0.1003,0.06173,0.02997,
pal0p1,waccm_eq,350.5,0.8772,0.8729,0.8597,0.8381,0.8081,0.7702,0.7248,0.6726,0.6143,0.5508,0.4833,0.4129,0.3413,0.2705,0.2026,0.1405,0.08644,0.04196,
pal0p1,waccm_eq,351.5,0.7562,0.7524,0.7411,0.7225,0.6967,0.664,0.6249,0.58,0.5298,0.4751,0.4169,0.3563,0.2945,0.2334,0.1749,0.1212,0.07457,0.0362,
pal0p1,waccm_eq,352.5,0.6814,0.678,0.6678,0.651,0.6278,0.5984,0.5633,0.5228,0.4776,0.4284,0.3759,0.3213,0.2657,0.2106,0.1578,0.1094,0.06725,0.03264,
pal0p1,waccm_eq,353.5,0.8192,0.8152,0.803,0.7828,0.7549,0.7196,0.6774,0.6288,0.5745,0.5154,0.4524,0.3867,0.3198,0.2535,0.19,0.1316,0.08094,0.03928,
pal0p1,waccm_eq,354.5,0.8857,0.8813,0.8681,0.8464,0.8163,0.7782,0.7326,0.6801,0.6215,0.5576,0.4895,0.4185,0.3462,0.2745,0.2057,0.1425,0.08759,0.04251,
pal0p1,waccm_eq,355.5,0.8274,0.8232,0.811,0.7907,0.7626,0.727,0.6845,0.6355,0.5808,0.5212,0.4576,0.3913,0.3237,0.2567,0.1923,0.1333,0.08189,0.03974,
pal0p1,waccm_eq,356.5,0.7675,0.7637,0.7523,0.7335,0.7075,0.6746,0.6352,0.5898,0.5391,0.4838,0.4248,0.3633,0.3006,0.2384,0.1787,0.1238,0.07604,0.03689,
pal0p1,waccm_eq,357.5,0.6525,0.6492,0.6396,0.6236,0.6015,0.5736,0.5401,0.5016,0.4585,0.4115,0.3614,0.3092,0.2559,0.2029,0.1521,0.1053,0.0647,0.03139,
pal0p1,waccm_eq,358.5,0.5031,0.5006,0.4932,0.4809,0.4639,0.4424,0.4166,0.3869,0.3537,0.3175,0.2789,0.2386,0.1975,0.1567,0.1174,0.08131,0.04993,0.02422,
pal0p1,waccm_eq,359.5,0.8464,0.8422,0.8297,0.8091,0.7805,0.7443,0.701,0.6511,0.5953,0.5345,0.4696,0.4018,0.3326,0.2639,0.1978,0.137,0.08408,0.04078,
pal0p1,waccm_eq,360.5,0.7842,0.7803,0.7688,0.7497,0.7232,0.6897,0.6497,0.6035,0.5518,0.4955,0.4354,0.3726,0.3085,0.2448,0.1835,0.127,0.07797,0.03781,
pal0p1,waccm_eq,361.5,0.7066,0.7031,0.6927,0.6755,0.6517,0.6216,0.5855,0.5439,0.4975,0.4467,0.3926,0.336,0.2783,0.2208,0.1655,0.1146,0.07031,0.0341,
pal0p1,waccm_eq,362.5,0.8293,0.8252,0.813,0.7929,0.765,0.7297,0.6874,0.6386,0.5841,0.5246,0.4611,0.3948,0.327,0.2595,0.1945,0.1347,0.0826,0.04005,
pal0p1,waccm_eq,363.5,0.7374,0.7338,0.7229,0.705,0.6803,0.6489,0.6114,0.5681,0.5196,0.4668,0.4103,0.3513,0.291,0.231,0.1732,0.1199,0.07351,0.03564,
pal0p1,waccm_eq,364.5,0.8041,0.8002,0.7884,0.7689,0.7419,0.7078,0.6669,0.6197,0.5669,0.5093,0.4478,0.3835,0.3177,0.2522,0.1891,0.1309,0.08023,0.03889,
pal0p1,waccm_eq,365.5,0.9796,0.9748,0.9604,0.9367,0.9039,0.8623,0.8125,0.7552,0.6909,0.6208,0.5459,0.4676,0.3874,0.3076,0.2306,0.1596,0.09782,0.04741,
pal0p1,waccm_eq,366.5,1.036,1.031,1.016,0.9909,0.9562,0.9123,0.8597,0.7991,0.7312,0.6571,0.5779,0.495,0.4103,0.3258,0.2443,0.169,0.1036,0.05019,
pal0p1,waccm_eq,367.5,0.9833,0.9785,0.9642,0.9404,0.9076,0.8659,0.8161,0.7586,0.6942,0.624,0.5488,0.4702,0.3898,0.3095,0.2321,0.1606,0.09838,0.04767,
pal0p1,waccm_eq,368.5,0.8635,0.8593,0.8467,0.8259,0.797,0.7605,0.7168,0.6664,0.6099,0.5482,0.4823,0.4133,0.3426,0.2721,0.2041,0.1412,0.08647,0.04189,
pal0p1,waccm_eq,369.5,1.035,1.03,1.015,0.9903,0.9558,0.9121,0.8597,0.7993,0.7317,0.6577,0.5787,0.496,0.4113,0.3267,0.245,0.1695,0.1038,0.05026,
pal0p1,waccm_eq,370.5,0.939,0.9345,0.9208,0.8982,0.8669,0.8273,0.7799,0.7252,0.6639,0.5969,0.5252,0.4502,0.3734,0.2967,0.2225,0.1539,0.0942,0.04562,
pal0p1,waccm_eq,371.5,1.074,1.069,1.053,1.027,0.9917,0.9464,0.8922,0.8297,0.7596,0.6831,0.6012,0.5154,0.4275,0.3397,0.2548,0.1762,0.1078,0.05221,
pal0p1,waccm_eq,372.5,0.793,0.7892,0.7777,0.7587,0.7323,0.6989,0.6589,0.6128,0.5611,0.5047,0.4442,0.3809,0.316,0.2511,0.1884,0.1303,0.07969,0.03858,
pal0p1,waccm_eq,373.5,0.7166,0.7131,0.7027,0.6855,0.6618,0.6317,0.5956,0.5539,0.5073,0.4563,0.4017,0.3445,0.2858,0.2272,0.1704,0.1179,0.07207,0.03488,
pal0p1,waccm_eq,374.5,0.7862,0.7824,0.771,0.7522,0.7261,0.6931,0.6536,0.6079,0.5568,0.5009,0.441,0.3783,0.3139,0.2495,0.1872,0.1295,0.07915,0.0383,
pal0p1,waccm_eq,375.5,0.8867,0.8824,0.8696,0.8484,0.8191,0.7819,0.7373,0.6859,0.6282,0.5652,0.4977,0.427,0.3544,0.2818,0.2114,0.1462,0.08935,0.04323,
pal0p1,waccm_eq,376.5,0.8851,0.8809,0.8681,0.847,0.8177,0.7806,0.7362,0.6849,0.6274,0.5645,0.4972,0.4266,0.3541,0.2816,0.2113,0.1461,0.08927,0.04318,
pal0p1,waccm_eq,377.5,1.054,1.049,1.033,1.008,0.9734,0.9294,0.8765,0.8155,0.7472,0.6724,0.5923,0.5082,0.422,0.3356,0.2518,0.1741,0.1064,0.05144,
pal0p1,waccm_eq,378.5,1.148,1.142,1.126,1.099,1.061,1.013,0.9552,0.8888,0.8144,0.733,0.6458,0.5542,0.4602,0.3661,0.2747,0.1899,0.116,0.05608,
pal0p1,waccm_eq,379.5,0.8491,0.845,0.8328,0.8126,0.7846,0.7491,0.7066,0.6576,0.6026,0.5424,0.4779,0.4103,0.3407,0.2711,0.2035,0.1406,0.08586,0.04151,
pal0p1,waccm_eq,380.5,1.021,1.016,1.001,0.977,0.9434,0.9008,0.8497,0.7908,0.7248,0.6524,0.575,0.4936,0.4101,0.3263,0.2449,0.1693,0.1033,0.04993,
pal0p1,waccm_eq,381.5,0.9589,0.9543,0.9405,0.9178,0.8862,0.8463,0.7984,0.7431,0.6811,0.6132,0.5405,0.4641,0.3856,0.3068,0.2303,0.1592,0.09714,0.04694,
pal0p1,waccm_eq,382.5,0.6387,0.6357,0.6265,0.6114,0.5904,0.5638,0.5319,0.4951,0.4539,0.4087,0.3603,0.3094,0.2571,0.2046,0.1536,0.1062,0.06477,0.03129,
pal0p1,waccm_eq,383.5,0.5607,0.558,0.55,0.5367,0.5183,0.495,0.4671,0.4348,0.3986,0.359,0.3165,0.2718,0.2259,0.1798,0.135,0.09332,0.05691,0.02748,
pal0p1,waccm_eq,384.5,0.8412,0.8372,0.8251,0.8053,0.7777,0.7428,0.7009,0.6525,0.5982,0.5388,0.4751,0.4081,0.3393,0.2701,0.2028,0.1402,0.08545,0.04126,
pal0p1,waccm_eq,385.5,0.832,0.828,0.8161,0.7965,0.7693,0.7348,0.6934,0.6455,0.5919,0.5332,0.4702,0.404,0.3359,0.2675,0.2009,0.1388,0.08459,0.04083,
pal0p1,waccm_eq,386.5,0.8478,0.8438,0.8317,0.8117,0.784,0.7488,0.7067,0.658,0.6034,0.5436,0.4795,0.412,0.3426,0.2729,0.2049,0.1416,0.08628,0.04164,
pal0p1,waccm_eq,387.5,0.7877,0.784,0.7727,0.7542,0.7284,0.6958,0.6567,0.6116,0.5609,0.5053,0.4458,0.3831,0.3186,0.2538,0.1906,0.1317,0.08024,0.03871,
pal0p1,waccm_eq,388.5,0.7893,0.7856,0.7743,0.7558,0.73,0.6974,0.6582,0.613,0.5622,0.5066,0.447,0.3842,0.3196,0.2546,0.1913,0.1322,0.08048,0.03881,
pal0p1,waccm_eq,389.5,0.9951,0.9904,0.9763,0.9528,0.9204,0.8793,0.83,0.773,0.7091,0.639,0.5639,0.4848,0.4033,0.3213,0.2414,0.1668,0.1016,0.04897,
pal0p1,waccm_eq,390.5,0.9772,0.9725,0.9587,0.9357,0.9039,0.8636,0.8152,0.7593,0.6966,0.6278,0.554,0.4764,0.3964,0.3159,0.2374,0.164,0.09981,0.04811,
pal0p1,waccm_eq,391.5,1.159,1.153,1.137,1.11,1.072,1.024,0.967,0.9008,0.8265,0.745,0.6575,0.5655,0.4706,0.3751,0.2819,0.1947,0.1185,0.0571,
pal0p1,waccm_eq,392.5,0.8688,0.8647,0.8524,0.832,0.8038,0.7681,0.7251,0.6755,0.6198,0.5588,0.4932,0.4243,0.3531,0.2815,0.2116,0.1462,0.08891,0.04283,
pal0p1,waccm_eq,393.5,0.3776,0.3758,0.3705,0.3617,0.3494,0.3339,0.3152,0.2937,0.2695,0.243,0.2145,0.1845,0.1536,0.1225,0.09207,0.06361,0.03868,0.01863,
pal0p1,waccm_eq,394.5,0.8884,0.8842,0.8716,0.8508,0.8221,0.7856,0.7417,0.6911,0.6343,0.5719,0.505,0.4345,0.3617,0.2885,0.2168,0.1498,0.09108,0.04385,
pal0p1,waccm_eq,395.5,1.143,1.137,1.121,1.095,1.058,1.011,0.9543,0.8892,0.8162,0.736,0.65,0.5593,0.4658,0.3715,0.2793,0.193,0.1173,0.05644,
pal0p1,waccm_eq,396.5,0.6709,0.6677,0.6582,0.6426,0.6209,0.5934,0.5603,0.5222,0.4793,0.4323,0.3818,0.3286,0.2737,0.2183,0.1641,0.1134,0.0689,0.03315,
pal0p1,waccm_eq,397.5,0.7739,0.7703,0.7594,0.7413,0.7163,0.6846,0.6466,0.6026,0.5532,0.499,0.4407,0.3794,0.316,0.2521,0.1896,0.131,0.07957,0.03827,
pal0p1,waccm_eq,398.5,1.33,1.323,1.305,1.274,1.231,1.176,1.111,1.035,0.9506,0.8576,0.7576,0.6522,0.5434,0.4336,0.3261,0.2253,0.1368,0.06579,
pal0p1,waccm_eq,399.5,1.383,1.376,1.357,1.324,1.28,1.223,1.156,1.077,0.9889,0.8922,0.7883,0.6787,0.5656,0.4514,0.3395,0.2346,0.1424,0.06845,
pal0p1,waccm_eq,400.5,1.453,1.446,1.426,1.392,1.345,1.286,1.215,1.132,1.04,0.9382,0.8291,0.7139,0.595,0.475,0.3573,0.2469,0.1498,0.07199,
pal0p1,waccm_eq,401.5,1.495,1.488,1.467,1.432,1.384,1.323,1.25,1.165,1.07,0.9656,0.8533,0.7349,0.6126,0.4891,0.368,0.2542,0.1543,0.0741,
pal0p1,waccm_eq,402.5,1.552,1.544,1.523,1.487,1.437,1.373,1.297,1.21,1.111,1.003,0.8862,0.7634,0.6364,0.5082,0.3824,0.2642,0.1603,0.07695,
pal0p1,waccm_eq,403.5,1.42,1.413,1.393,1.36,1.315,1.257,1.188,1.107,1.017,0.918,0.8114,0.6991,0.5829,0.4655,0.3503,0.242,0.1468,0.07046,
pal0p1,waccm_eq,404.5,1.392,1.386,1.366,1.334,1.289,1.233,1.165,1.086,0.9976,0.9005,0.7961,0.686,0.5721,0.457,0.3439,0.2376,0.1441,0.06913,
pal0p1,waccm_eq,405.5,1.446,1.439,1.419,1.386,1.339,1.28,1.21,1.128,1.036,0.9357,0.8273,0.713,0.5947,0.4751,0.3576,0.2471,0.1498,0.07184,
pal0p1,waccm_eq,406.5,1.362,1.355,1.336,1.305,1.261,1.206,1.14,1.063,0.9764,0.8816,0.7796,0.6719,0.5605,0.4479,0.3372,0.233,0.1412,0.06769,
pal0p1,waccm_eq,407.5,1.373,1.366,1.347,1.315,1.271,1.216,1.149,1.072,0.9845,0.889,0.7863,0.6778,0.5655,0.4519,0.3403,0.2351,0.1424,0.06827,
pal0p1,waccm_eq,408.5,1.528,1.521,1.5,1.465,1.416,1.354,1.28,1.193,1.097,0.9904,0.876,0.7553,0.6303,0.5037,0.3794,0.2621,0.1588,0.07607,
pal0p1,waccm_eq,409.5,1.498,1.491,1.47,1.436,1.388,1.327,1.254,1.17,1.075,0.9712,0.8591,0.7408,0.6183,0.4942,0.3723,0.2572,0.1558,0.0746,
pal0p1,waccm_eq,410.5,1.299,1.293,1.275,1.245,1.203,1.151,1.088,1.015,0.9326,0.8424,0.7453,0.6427,0.5365,0.429,0.3231,0.2233,0.1352,0.06472,
pal0p1,waccm_eq,411.5,1.561,1.554,1.532,1.496,1.446,1.383,1.307,1.22,1.121,1.013,0.8961,0.7729,0.6453,0.516,0.3888,0.2687,0.1626,0.07781,
pal0p1,waccm_eq,412.5,1.547,1.54,1.518,1.483,1.433,1.371,1.296,1.209,1.111,1.004,0.8885,0.7665,0.64,0.5119,0.3857,0.2665,0.1613,0.07715,
pal0p1,waccm_eq,413.5,1.5,1.493,1.472,1.438,1.39,1.329,1.257,1.173,1.078,0.974,0.862,0.7437,0.6211,0.4969,0.3744,0.2588,0.1565,0.07485,
pal0p1,waccm_eq,414.5,1.541,1.534,1.513,1.477,1.428,1.366,1.292,1.205,1.108,1.001,0.8863,0.7648,0.6388,0.5111,0.3852,0.2662,0.161,0.07696,
pal0p1,waccm_eq,415.5,1.474,1.467,1.447,1.413,1.366,1.307,1.235,1.153,1.06,0.958,0.8481,0.7319,0.6114,0.4893,0.3688,0.2549,0.1541,0.07364,
pal0p1,waccm_eq,416.5,1.604,1.597,1.574,1.538,1.487,1.422,1.345,1.255,1.154,1.043,0.9234,0.797,0.6659,0.5329,0.4018,0.2777,0.1679,0.08018,
pal0p1,waccm_eq,417.5,1.466,1.459,1.439,1.406,1.359,1.3,1.229,1.147,1.055,0.9537,0.8444,0.729,0.6092,0.4876,0.3677,0.2541,0.1536,0.07333,
pal0p1,waccm_eq,418.5,1.477,1.471,1.45,1.416,1.37,1.31,1.239,1.156,1.063,0.9614,0.8514,0.735,0.6143,0.4918,0.3709,0.2564,0.1549,0.07393,
pal0p1,waccm_eq,419.5,1.526,1.519,1.498,1.463,1.415,1.353,1.28,1.195,1.099,0.9933,0.8798,0.7597,0.635,0.5085,0.3835,0.2651,0.1602,0.0764,
pal0p1,waccm,280.5,,,,,,,,,,,,,,,,,,,0.001197
pal0p1,waccm,281.5,,,,,,,,,,,,,,,,,,,0.003721
pal0p1,waccm,282.5,,,,,,,,,,,,,,,,,,,0.006736
pal0p1,waccm,283.5,,,,,,,,,,,,,,,,,,,0.008971
pal0p1,waccm,284.5,,,,,,,,,,,,,,,,,,,0.009173
pal0p1,waccm,285.5,,,,,,,,,,,,,,,,,,,0.005822
pal0p1,waccm,286.5,,,,,,,,,,,,,,,,,,,0.01851
pal0p1,waccm,287.5,,,,,,,,,,,,,,,,,,,0.02477
pal0p1,waccm,288.5,,,,,,,,,,,,,,,,,,,0.02554
pal0p1,waccm,289.5,,,,,,,,,,,,,,,,,,,0.04515
pal0p1,waccm,290.5,,,,,,,,,,,,,,,,,,,0.06972
pal0p1,waccm,291.5,,,,,,,,,,,,,,,,,,,0.07464
pal0p1,waccm,292.5,,,,,,,,,,,,,,,,,,,0.07365
pal0p1,waccm,293.5,,,,,,,,,,,,,,,,,,,0.0918
pal0p1,waccm,294.5,,,,,,,,,,,,,,,,,,,0.09018
pal0p1,waccm,295.5,,,,,,,,,,,,,,,,,,,0.1125
pal0p1,waccm,296.5,,,,,,,,,,,,,,,,,,,0.1096
pal0p1,waccm,297.5,,,,,,,,,,,,,,,,,,,0.1261
pal0p1,waccm,298.5,,,,,,,,,,,,,,,,,,,0.09765
pal0p1,waccm,299.5,,,,,,,,,,,,,,,,,,,0.1451
pal0p1,waccm,300.5,,,,,,,,,,,,,,,,,,,0.09955
pal0p1,waccm,301.5,,,,,,,,,,,,,,,,,,,0.141
pal0p1,waccm,302.5,,,,,,,,,,,,,,,,,,,0.1408
pal0p1,waccm,303.5,,,,,,,,,,,,,,,,,,,0.1849
pal0p1,waccm,304.5,,,,,,,,,,,,,,,,,,,0.174
pal0p1,waccm,305.5,,,,,,,,,,,,,,,,,,,0.1838
pal0p1,waccm,306.5,,,,,,,,,,,,,,,,,,,0.1744
pal0p1,waccm,307.5,,,,,,,,,,,,,,,,,,,0.2093
pal0p1,waccm,308.5,,,,,,,,,,,,,,,,,,,0.2183
pal0p1,waccm,309.5,,,,,,,,,,,,,,,,,,,0.1704
pal0p1,waccm,310.5,,,,,,,,,,,,,,,,,,,0.2127
pal0p1,waccm,311.5,,,,,,,,,,,,,,,,,,,0.2584
pal0p1,waccm,312.5,,,,,,,,,,,,,,,,,,,0.2276
pal0p1,waccm,313.5,,,,,,,,,,,,,,,,,,,0.2519
pal0p1,waccm,314.5,,,,,,,,,,,,,,,,,,,0.2306
pal0p1,waccm,315.5,,,,,,,,,,,,,,,,,,,0.2347
pal0p1,waccm,316.5,,,,,,,,,,,,,,,,,,,0.2184
pal0p1,waccm,317.5,,,,,,,,,,,,,,,,,,,0.3086
pal0p1,waccm,318.5,,,,,,,,,,,,,,,,,,,0.2281
pal0p1,waccm,319.5,,,,,,,,,,,,,,,,,,,0.275
pal0p1,waccm,320.5,,,,,,,,,,,,,,,,,,,0.3299
pal0p1,waccm,321.5,,,,,,,,,,,,,,,,,,,0.2645
pal0p1,waccm,322.5,,,,,,,,,,,,,,,,,,,0.2784
pal0p1,waccm,323.5,,,,,,,,,,,,,,,,,,,0.2675
pal0p1,waccm,324.5,,,,,,,,,,,,,,,,,,,0.3147
pal0p1,waccm,325.5,,,,,,,,,,,,,,,,,,,0.3562
pal0p1,waccm,326.5,,,,,,,,,,,,,,,,,,,0.411
pal0p1,waccm,327.5,,,,,,,,,,,,,,,,,,,0.3888
pal0p1,waccm,328.5,,,,,,,,,,,,,,,,,,,0.359
pal0p1,waccm,329.5,,,,,,,,,,,,,,,,,,,0.449
pal0p1,waccm,330.5,,,,,,,,,,,,,,,,,,,0.4145
pal0p1,waccm,331.5,,,,,,,,,,,,,,,,,,,0.411
pal0p1,waccm,332.5,,,,,,,,,,,,,,,,,,,0.3944
pal0p1,waccm,333.5,,,,,,,,,,,,,,,,,,,0.3749
pal0p1,waccm,334.5,,,,,,,,,,,,,,,,,,,0.4167
pal0p1,waccm,335.5,,,,,,,,,,,,,,,,,,,0.4172
pal0p1,waccm,336.5,,,,,,,,,,,,,,,,,,,0.3275
pal0p1,waccm,337.5,,,,,,,,,,,,,,,,,,,0.3628
pal0p1,waccm,338.5,,,,,,,,,,,,,,,,,,,0.378
pal0p1,waccm,339.5,,,,,,,,,,,,,,,,,,,0.4104
pal0p1,waccm,340.5,,,,,,,,,,,,,,,,,,,0.441
pal0p1,waccm,341.5,,,,,,,,,,,,,,,,,,,0.3892
pal0p1,waccm,342.5,,,,,,,,,,,,,,,,,,,0.4308
pal0p1,waccm,343.5,,,,,,,,,,,,,,,,,,,0.4487
pal0p1,waccm,344.5,,,,,,,,,,,,,,,,,,,0.3154
pal0p1,waccm,345.5,,,,,,,,,,,,,,,,,,,0.4295
pal0p1,waccm,346.5,,,,,,,,,,,,,,,,,,,0.4034
pal0p1,waccm,347.5,,,,,,,,,,,,,,,,,,,0.3941
pal0p1,waccm,348.5,,,,,,,,,,,,,,,,,,,0.4327
pal0p1,waccm,349.5,,,,,,,,,,,,,,,,,,,0.3628
pal0p1,waccm,350.5,,,,,,,,,,,,,,,,,,,0.508
pal0p1,waccm,351.5,,,,,,,,,,,,,,,,,,,0.4382
pal0p1,waccm,352.5,,,,,,,,,,,,,,,,,,,0.3951
pal0p1,waccm,353.5,,,,,,,,,,,,,,,,,,,0.4755
pal0p1,waccm,354.5,,,,,,,,,,,,,,,,,,,0.5144
pal0p1,waccm,355.5,,,,,,,,,,,,,,,,,,,0.4809
pal0p1,waccm,356.5,,,,,,,,,,,,,,,,,,,0.4464
pal0p1,waccm,357.5,,,,,,,,,,,,,,,,,,,0.3798
pal0p1,waccm,358.5,,,,,,,,,,,,,,,,,,,0.2931
pal0p1,waccm,359.5,,,,,,,,,,,,,,,,,,,0.4934
pal0p1,waccm,360.5,,,,,,,,,,,,,,,,,,,0.4574
pal0p1,waccm,361.5,,,,,,,,,,,,,,,,,,,0.4124
pal0p1,waccm,362.5,,,,,,,,,,,,,,,,,,,0.4844
pal0p1,waccm,363.5,,,,,,,,,,,,,,,,,,,0.431
pal0p1,waccm,364.5,,,,,,,,,,,,,,,,,,,0.4704
pal0p1,waccm,365.5,,,,,,,,,,,,,,,,,,,0.5734
pal0p1,waccm,366.5,,,,,,,,,,,,,,,,,,,0.6069
pal0p1,waccm,367.5,,,,,,,,,,,,,,,,,,,0.5764
pal0p1,waccm,368.5,,,,,,,,,,,,,,,,,,,0.5065
pal0p1,waccm,369.5,,,,,,,,,,,,,,,,,,,0.6077
pal0p1,waccm,370.5,,,,,,,,,,,,,,,,,,,0.5515
pal0p1,waccm,371.5,,,,,,,,,,,,,,,,,,,0.6312
pal0p1,waccm,372.5,,,,,,,,,,,,,,,,,,,0.4664
pal0p1,waccm,373.5,,,,,,,,,,,,,,,,,,,0.4217
pal0p1,waccm,374.5,,,,,,,,,,,,,,,,,,,0.463
pal0p1,waccm,375.5,,,,,,,,,,,,,,,,,,,0.5225
pal0p1,waccm,376.5,,,,,,,,,,,,,,,,,,,0.5219
pal0p1,waccm,377.5,,,,,,,,,,,,,,,,,,,0.6217
pal0p1,waccm,378.5,,,,,,,,,,,,,,,,,,,0.6778
pal0p1,waccm,379.5,,,,,,,,,,,,,,,,,,,0.5016
pal0p1,waccm,380.5,,,,,,,,,,,,,,,,,,,0.6034
pal0p1,waccm,381.5,,,,,,,,,,,,,,,,,,,0.5672
pal0p1,waccm,382.5,,,,,,,,,,,,,,,,,,,0.3781
pal0p1,waccm,383.5,,,,,,,,,,,,,,,,,,,0.3321
pal0p1,waccm,384.5,,,,,,,,,,,,,,,,,,,0.4985
pal0p1,waccm,385.5,,,,,,,,,,,,,,,,,,,0.4933
pal0p1,waccm,386.5,,,,,,,,,,,,,,,,,,,0.503
pal0p1,waccm,387.5,,,,,,,,,,,,,,,,,,,0.4676
pal0p1,waccm,388.5,,,,,,,,,,,,,,,,,,,0.4689
pal0p1,waccm,389.5,,,,,,,,,,,,,,,,,,,0.5915
pal0p1,waccm,390.5,,,,,,,,,,,,,,,,,,,0.5811
pal0p1,waccm,391.5,,,,,,,,,,,,,,,,,,,0.6897
pal0p1,waccm,392.5,,,,,,,,,,,,,,,,,,,0.5173
pal0p1,waccm,393.5,,,,,,,,,,,,,,,,,,,0.225
pal0p1,waccm,394.5,,,,,,,,,,,,,,,,,,,0.5296
pal0p1,waccm,395.5,,,,,,,,,,,,,,,,,,,0.6816
pal0p1,waccm,396.5,,,,,,,,,,,,,,,,,,,0.4003
pal0p1,waccm,397.5,,,,,,,,,,,,,,,,,,,0.4621
pal0p1,waccm,398.5,,,,,,,,,,,,,,,,,,,0.7943
pal0p1,waccm,399.5,,,,,,,,,,,,,,,,,,,0.8265
pal0p1,waccm,400.5,,,,,,,,,,,,,,,,,,,0.8692
pal0p1,waccm,401.5,,,,,,,,,,,,,,,,,,,0.8946
pal0p1,waccm,402.5,,,,,,,,,,,,,,,,,,,0.929
pal0p1,waccm,403.5,,,,,,,,,,,,,,,,,,,0.8506
pal0p1,waccm,404.5,,,,,,,,,,,,,,,,,,,0.8345
pal0p1,waccm,405.5,,,,,,,,,,,,,,,,,,,0.8672
pal0p1,waccm,406.5,,,,,,,,,,,,,,,,,,,0.8171
pal0p1,waccm,407.5,,,,,,,,,,,,,,,,,,,0.824
pal0p1,waccm,408.5,,,,,,,,,,,,,,,,,,,0.9181
pal0p1,waccm,409.5,,,,,,,,,,,,,,,,,,,0.9003
pal0p1,waccm,410.5,,,,,,,,,,,,,,,,,,,0.781
pal0p1,waccm,411.5,,,,,,,,,,,,,,,,,,,0.939
pal0p1,waccm,412.5,,,,,,,,,,,,,,,,,,,0.931
pal0p1,waccm,413.5,,,,,,,,,,,,,,,,,,,0.9032
pal0p1,waccm,414.5,,,,,,,,,,,,,,,,,,,0.9286
pal0p1,waccm,415.5,,,,,,,,,,,,,,,,,,,0.8885
pal0p1,waccm,416.5,,,,,,,,,,,,,,,,,,,0.9673
pal0p1,waccm,417.5,,,,,,,,,,,,,,,,,,,0.8846
pal0p1,waccm,418.5,,,,,,,,,,,,,,,,,,,0.8918
pal0p1,waccm,419.5,,,,,,,,,,,,,,,,,,,0.9215
pal100,atmos,280.5,1.931e-13,1.739e-13,1.265e-13,7.342e-14,3.333e-14,1.147e-14,2.855e-15,4.824e-16,5.048e-17,2.872e-18,7.376e-20,6.804e-22,9.388e-24,3.95e-24,2.519e-24,1.718e-24,1.16e-24,7.014e-25,
pal100,atmos,281.5,5.093e-12,4.628e-12,3.461e-12,2.107e-12,1.025e-12,3.875e-13,1.091e-13,2.158e-14,2.76e-15,2.028e-16,7.237e-18,1.019e-19,1.636e-21,6.263e-22,3.965e-22,2.694e-22,1.813e-22,1.095e-22,
pal100,atmos,282.5,5.789e-11,5.302e-11,4.062e-11,2.577e-11,1.331e-11,5.452e-12,1.706e-12,3.863e-13,5.87e-14,5.374e-15,2.542e-16,5.141e-18,9.732e-20,3.342e-20,2.1e-20,1.421e-20,9.539e-21,5.747e-21,
pal100,atmos,283.5,2.545e-10,2.343e-10,1.823e-10,1.188e-10,6.379e-11,2.754e-11,9.229e-12,2.282e-12,3.878e-13,4.095e-14,2.326e-15,5.946e-17,1.273e-18,4.008e-19,2.503e-19,1.689e-19,1.131e-19,6.806e-20,
pal100,atmos,284.5,2.258e-09,2.098e-09,1.679e-09,1.148e-09,6.614e-10,3.141e-10,1.191e-10,3.455e-11,7.194e-12,9.841e-13,7.795e-14,3.055e-15,8.627e-17,2.25e-17,1.383e-17,9.274e-18,6.184e-18,3.709e-18,
pal100,atmos,285.5,7.126e-09,6.667e-09,5.449e-09,3.862e-09,2.344e-09,1.194e-09,4.967e-10,1.621e-10,3.923e-11,6.5e-12,6.584e-13,3.537e-14,1.272e-15,2.824e-16,1.704e-16,1.136e-16,7.548e-17,4.513e-17,
pal100,atmos,286.5,7.776e-08,7.315e-08,6.076e-08,4.427e-08,2.796e-08,1.504e-08,6.715e-09,2.4e-09,6.518e-10,1.251e-10,1.531e-11,1.048e-12,4.631e-14,9.007e-15,5.316e-15,3.527e-15,2.335e-15,1.392e-15,
pal100,atmos,287.5,4.073e-07,3.854e-07,3.259e-07,2.448e-07,1.616e-07,9.044e-08,4.459e-08,1.762e-08,5.438e-09,1.229e-09,1.854e-10,1.659e-11,9.415e-13,1.586e-13,9.002e-14,5.928e-14,3.906e-14,2.32e-14,
pal100,atmos,288.5,1.853e-06,1.765e-06,1.522e-06,1.181e-06,8.187e-07,4.992e-07,2.625e-07,1.147e-07,4.104e-08,1.107e-08,2.096e-09,2.51e-10,1.914e-11,2.83e-12,1.491e-12,9.716e-13,6.36e-13,3.758e-13,
pal100,atmos,289.5,9.497e-06,9.085e-06,7.942e-06,6.316e-06,4.53e-06,2.894e-06,1.618e-06,7.709e-07,3.021e-07,9.07e-08,2.061e-08,3.038e-09,2.895e-10,4.022e-11,1.947e-11,1.255e-11,8.169e-12,4.806e-12,
pal100,atmos,290.5,3.587e-05,3.445e-05,3.047e-05,2.472e-05,1.825e-05,1.213e-05,7.137e-06,3.632e-06,1.548e-06,5.273e-07,1.346e-07,2.363e-08,2.734e-09,3.728e-10,1.631e-10,1.037e-10,6.711e-11,3.93e-11,
pal100,atmos,291.5,0.0001055,0.0001018,9.124e-05,7.571e-05,5.777e-05,4.014e-05,2.503e-05,1.372e-05,6.427e-06,2.47e-06,7.358e-07,1.574e-07,2.287e-08,3.213e-09,1.208e-09,7.493e-10,4.808e-10,2.797e-10,
pal100,atmos,292.5,0.0002386,0.000231,0.0002093,0.0001769,0.0001387,9.993e-05,6.534e-05,3.807e-05,1.927e-05,8.174e-06,2.762e-06,6.943e-07,1.221e-07,1.841e-08,5.977e-09,3.577e-09,2.275e-09,1.315e-09,
pal100,atmos,293.5,0.000648,0.0006294,0.0005761,0.0004956,0.0003985,0.0002972,0.0002032,0.0001254,6.825e-05,3.176e-05,1.208e-05,3.535e-06,7.463e-07,1.253e-07,3.522e-08,1.988e-08,1.25e-08,7.168e-09,
pal100,atmos,294.5,0.001175,0.001144,0.001056,0.0009209,0.0007554,0.0005787,0.0004098,0.0002645,0.0001525,7.63e-05,3.185e-05,1.049e-05,2.562e-06,4.806e-07,1.223e-07,6.415e-08,3.98e-08,2.267e-08,
pal100,atmos,295.5,0.002801,0.002736,0.002546,0.002252,0.001887,0.001487,0.001093,0.0007399,0.0004531,0.0002448,0.0001127,4.213e-05,1.202e-05,2.597e-06,6.15e-07,2.87e-07,1.743e-07,9.825e-08,
pal100,atmos,296.5,0.004685,0.004586,0.004298,0.003849,0.003281,0.002648,0.002008,0.001414,0.0009104,0.0005244,0.000262,0.0001087,3.537e-05,8.726e-06,2.035e-06,8.334e-07,4.909e-07,2.737e-07,
pal100,atmos,297.5,0.008643,0.008478,0.007995,0.007235,0.006264,0.005162,0.004021,0.002931,0.001972,0.001202,0.0006447,0.0002931,0.0001071,2.999e-05,7.197e-06,2.576e-06,1.448e-06,7.973e-07,
pal100,atmos,298.5,0.009987,0.009812,0.009302,0.008494,0.007449,0.006248,0.004979,0.003737,0.00261,0.001667,0.0009497,0.0004663,0.0001879,5.897e-05,1.499e-05,4.794e-06,2.525e-06,1.37e-06,
pal100,atmos,299.5,0.02159,0.02125,0.02024,0.01864,0.01655,0.01411,0.01149,0.008864,0.00641,0.004279,0.00258,0.001362,0.0006024,0.0002114,5.831e-05,1.708e-05,8.172e-06,4.346e-06,
pal100,atmos,300.5,0.0198,0.01951,0.01866,0.01729,0.0155,0.01338,0.01108,0.00873,0.006485,0.004479,0.00282,0.001574,0.000748,0.0002868,8.572e-05,2.413e-05,1.044e-05,5.425e-06,
pal100,atmos,301.5,0.03833,0.03782,0.03632,0.0339,0.03069,0.02687,0.02264,0.01826,0.01396,0.01,0.0066,0.003913,0.00201,0.0008505,0.0002815,7.898e-05,2.986e-05,1.487e-05,
pal100,atmos,302.5,0.04704,0.04645,0.04472,0.04193,0.03822,0.03376,0.02879,0.02357,0.01837,0.01348,0.009174,0.005659,0.00306,0.001382,0.0004926,0.0001416,4.863e-05,2.319e-05,
pal100,atmos,303.5,0.07874,0.07785,0.07519,0.07088,0.06511,0.05814,0.05027,0.04187,0.03338,0.02521,0.01779,0.01149,0.006605,0.003229,0.001265,0.0003853,0.0001192,5.247e-05,
pal100,atmos,304.5,0.08528,0.08436,0.08163,0.0772,0.07124,0.064,0.05579,0.04696,0.03792,0.02911,0.02098,0.01393,0.008288,0.004242,0.001759,0.0005618,0.0001658,6.833e-05,
pal100,atmos,305.5,0.1109,0.1098,0.1065,0.1012,0.09403,0.08524,0.07519,0.06425,0.05288,0.0416,0.03092,0.02137,0.0134,0.007347,0.003329,0.001162,0.000331,0.0001197,
pal100,atmos,306.5,0.1151,0.114,0.1107,0.1054,0.09796,0.0894,0.07926,0.06817,0.05659,0.04499,0.03389,0.02382,0.01528,0.008631,0.004066,0.001482,0.0004221,0.0001426,
pal100,atmos,307.5,0.1637,0.1623,0.158,0.151,0.1415,0.1298,0.1162,0.1012,0.08531,0.06919,0.05347,0.03885,0.02601,0.01556,0.007919,0.003169,0.0009363,0.0002742,
pal100,atmos,308.5,0.1825,0.1809,0.1763,0.1687,0.1585,0.1457,0.131,0.1146,0.09726,0.0795,0.06204,0.04566,0.03108,0.01901,0.009967,0.004143,0.001256,0.0003486,
pal100,atmos,309.5,0.1594,0.1581,0.1543,0.148,0.1395,0.129,0.1167,0.1029,0.08826,0.0731,0.05802,0.04364,0.03057,0.01943,0.01073,0.004783,0.001543,0.0003948,
pal100,atmos,310.5,0.2149,0.214,0.2091,0.201,0.19,0.1762,0.1601,0.1421,0.1228,0.1027,0.08249,0.06301,0.04505,0.02943,0.01688,0.007927,0.002706,0.0006666,
pal100,atmos,311.5,0.2764,0.2743,0.2682,0.2581,0.2444,0.2272,0.2071,0.1846,0.1602,0.1348,0.1092,0.08427,0.06107,0.04062,0.02389,0.01161,0.004133,0.001004,
pal100,atmos,312.5,0.2675,0.2656,0.26,0.2508,0.2382,0.2224,0.2038,0.1829,0.1602,0.1363,0.1119,0.08799,0.06531,0.04488,0.02761,0.01432,0.005554,0.001369,
pal100,atmos,313.5,0.3029,0.3008,0.2946,0.2843,0.2702,0.2525,0.2318,0.2084,0.1829,0.156,0.1286,0.1016,0.07582,0.0525,0.03265,0.0172,0.006812,0.001696,
pal100,atmos,314.5,0.3005,0.2985,0.2926,0.2829,0.2696,0.2529,0.2332,0.2109,0.1865,0.1606,0.1336,0.1074,0.08188,0.05829,0.03769,0.02101,0.009049,0.002406,
pal100,atmos,315.5,0.3101,0.3081,0.3021,0.2921,0.2785,0.2614,0.2413,0.2184,0.1934,0.1669,0.1396,0.1122,0.08583,0.06139,0.03995,0.02248,0.009822,0.002652,
pal100,atmos,316.5,0.307,0.3051,0.2993,0.2899,0.277,0.2607,0.2415,0.2196,0.1956,0.17,0.1435,0.1168,0.09075,0.06632,0.04448,0.02619,0.01227,0.00361,
pal100,atmos,317.5,0.4342,0.4315,0.4234,0.4101,0.3918,0.3689,0.3417,0.3108,0.2769,0.2408,0.2033,0.1655,0.1286,0.09401,0.06307,0.03713,0.0174,0.005121,
pal100,atmos,318.5,0.3395,0.3375,0.3314,0.3214,0.3077,0.2904,0.2699,0.2465,0.2208,0.1933,0.1645,0.1354,0.1068,0.07963,0.05493,0.03371,0.01689,0.005498,
pal100,atmos,319.5,0.4138,0.4114,0.4041,0.392,0.3754,0.3545,0.3297,0.3015,0.2703,0.2369,0.2021,0.1668,0.1319,0.0987,0.06845,0.04234,0.02149,0.00715,
pal100,atmos,320.5,0.5027,0.4998,0.491,0.4765,0.4565,0.4314,0.4016,0.3676,0.33,0.2898,0.2477,0.2049,0.1626,0.1223,0.08531,0.05328,0.02746,0.009377,
pal100,atmos,321.5,0.4244,0.4221,0.4149,0.4031,0.3869,0.3665,0.3421,0.3144,0.2836,0.2505,0.2158,0.1803,0.145,0.111,0.07946,0.05157,0.02833,0.01086,
pal100,atmos,322.5,0.4292,0.4267,0.4193,0.407,0.3902,0.369,0.3438,0.315,0.2832,0.2491,0.2134,0.177,0.1409,0.1064,0.0747,0.04705,0.0246,0.008608,
pal100,atmos,323.5,0.4387,0.4363,0.4291,0.4171,0.4007,0.3799,0.3553,0.327,0.2954,0.262,0.2266,0.1902,0.1539,0.1187,0.08595,0.05672,0.03206,0.01298,
pal100,atmos,324.5,0.515,0.5122,0.5037,0.4897,0.4704,0.446,0.4171,0.3839,0.3472,0.3076,0.2659,0.2232,0.1805,0.1392,0.1006,0.0663,0.03736,0.01504,
pal100,atmos,325.5,0.5777,0.5745,0.565,0.5492,0.5274,0.5,0.4674,0.43,0.3886,0.344,0.2971,0.249,0.201,0.1546,0.1113,0.07288,0.04064,0.01603,
pal100,atmos,326.5,0.6949,0.6912,0.6801,0.6617,0.6364,0.6044,0.5664,0.5227,0.4743,0.422,0.3667,0.3099,0.2529,0.1973,0.1451,0.09803,0.05768,0.0253,
pal100,atmos,327.5,0.6484,0.6449,0.6344,0.6172,0.5933,0.5633,0.5274,0.4864,0.4409,0.3917,0.3398,0.2865,0.233,0.181,0.1322,0.0884,0.05112,0.02166,
pal100,atmos,328.5,0.5984,0.5952,0.5855,0.5696,0.5476,0.5196,0.4869,0.4491,0.4071,0.3618,0.314,0.2647,0.2153,0.1673,0.1222,0.08174,0.04728,0.02004,
pal100,atmos,329.5,0.7717,0.7676,0.7555,0.7355,0.7079,0.673,0.6315,0.5838,0.5308,0.4734,0.4128,0.3502,0.2872,0.2255,0.1673,0.1146,0.06899,0.03174,
pal100,atmos,330.5,0.7029,0.6992,0.6881,0.6697,0.6444,0.6123,0.5742,0.5304,0.4818,0.4291,0.3735,0.3162,0.2585,0.2021,0.149,0.101,0.05981,0.02659,
pal100,atmos,331.5,0.6947,0.691,0.68,0.6619,0.6368,0.6051,0.5674,0.524,0.476,0.4239,0.3689,0.3121,0.255,0.1993,0.1467,0.09925,0.05854,0.02584,
pal100,atmos,332.5,0.6813,0.6778,0.6672,0.6497,0.6256,0.5951,0.5587,0.517,0.4705,0.4202,0.3669,0.3118,0.2563,0.2018,0.1502,0.1034,0.06279,0.02944,
pal100,atmos,333.5,0.6411,0.6378,0.6277,0.611,0.5883,0.5595,0.5251,0.4856,0.4416,0.394,0.3437,0.2916,0.2391,0.1877,0.139,0.09497,0.05695,0.02602,
pal100,atmos,334.5,0.7154,0.7115,0.7005,0.6822,0.6568,0.6248,0.5866,0.5427,0.4939,0.441,0.3849,0.3269,0.2685,0.2111,0.1568,0.1075,0.06486,0.03002,
pal100,atmos,335.5,0.7235,0.7198,0.7087,0.6903,0.6649,0.6328,0.5945,0.5505,0.5015,0.4484,0.3921,0.3338,0.2749,0.217,0.162,0.112,0.0685,0.03266,
pal100,atmos,336.5,0.5658,0.5629,0.5542,0.5398,0.5199,0.4948,0.4648,0.4304,0.392,0.3504,0.3063,0.2607,0.2145,0.1692,0.1261,0.08693,0.05296,0.02504,
pal100,atmos,337.5,0.6218,0.6185,0.6089,0.593,0.5711,0.5434,0.5103,0.4723,0.43,0.3841,0.3354,0.2851,0.2342,0.1842,0.1368,0.09377,0.05656,0.02619,
pal100,atmos,338.5,0.6546,0.6513,0.6413,0.6247,0.6018,0.5729,0.5384,0.4988,0.4546,0.4067,0.3558,0.3031,0.2497,0.1972,0.1473,0.1018,0.06231,0.02976,
pal100,atmos,339.5,0.7112,0.7075,0.6967,0.6788,0.654,0.6227,0.5853,0.5423,0.4944,0.4424,0.3872,0.33,0.272,0.215,0.1607,0.1112,0.06816,0.03269,
pal100,atmos,340.5,0.7607,0.7568,0.7452,0.726,0.6994,0.6659,0.6258,0.5797,0.5284,0.4727,0.4136,0.3522,0.2901,0.229,0.1708,0.1178,0.07181,0.03405,
pal100,atmos,341.5,0.6746,0.6712,0.6609,0.644,0.6206,0.591,0.5557,0.5151,0.4698,0.4206,0.3683,0.3141,0.2591,0.2049,0.1533,0.1062,0.06521,0.03142,
pal100,atmos,342.5,0.7469,0.7431,0.7318,0.7131,0.6873,0.6546,0.6155,0.5706,0.5206,0.4662,0.4084,0.3483,0.2875,0.2275,0.1703,0.118,0.07256,0.03506,
pal100,atmos,343.5,0.7759,0.7719,0.7602,0.7407,0.7139,0.6799,0.6393,0.5927,0.5407,0.4841,0.4241,0.3617,0.2984,0.236,0.1764,0.1221,0.07487,0.03598,
pal100,atmos,344.5,0.5438,0.5411,0.5328,0.5192,0.5004,0.4766,0.4481,0.4154,0.3789,0.3393,0.2971,0.2533,0.2089,0.1651,0.1233,0.08519,0.05209,0.02488,
pal100,atmos,345.5,0.744,0.7403,0.7291,0.7105,0.6849,0.6525,0.6138,0.5693,0.5196,0.4656,0.4081,0.3484,0.2878,0.2279,0.1707,0.1184,0.07291,0.03538,
pal100,atmos,346.5,0.6962,0.6927,0.6822,0.6648,0.6408,0.6105,0.5742,0.5325,0.486,0.4353,0.3815,0.3255,0.2687,0.2126,0.159,0.1099,0.06739,0.03239,
pal100,atmos,347.5,0.6799,0.6765,0.6663,0.6493,0.626,0.5964,0.561,0.5203,0.4749,0.4255,0.373,0.3183,0.2628,0.208,0.1556,0.1076,0.06598,0.03175,
pal100,atmos,348.5,0.7468,0.743,0.7318,0.7133,0.6876,0.6552,0.6165,0.5719,0.5221,0.4679,0.4103,0.3503,0.2894,0.2291,0.1715,0.1187,0.07289,0.03519,
pal100,atmos,349.5,0.6256,0.6225,0.6131,0.5976,0.5761,0.549,0.5166,0.4793,0.4376,0.3922,0.344,0.2937,0.2426,0.1921,0.1438,0.09952,0.06108,0.02947,
pal100,atmos,350.5,0.8755,0.8712,0.858,0.8364,0.8064,0.7685,0.7232,0.671,0.6128,0.5493,0.4818,0.4115,0.34,0.2693,0.2016,0.1395,0.08566,0.04136,
pal100,atmos,351.5,0.7544,0.7506,0.7393,0.7207,0.6949,0.6623,0.6232,0.5783,0.5282,0.4735,0.4154,0.3548,0.2932,0.2322,0.1738,0.1202,0.07374,0.03556,
pal100,atmos,352.5,0.68,0.6766,0.6665,0.6497,0.6265,0.5971,0.562,0.5216,0.4764,0.4272,0.3748,0.3202,0.2647,0.2097,0.157,0.1086,0.06664,0.03217,
pal100,atmos,353.5,0.8182,0.8141,0.8019,0.7817,0.7539,0.7186,0.6764,0.6278,0.5736,0.5144,0.4515,0.3858,0.319,0.2528,0.1893,0.131,0.08044,0.0389,
pal100,atmos,354.5,0.885,0.8806,0.8675,0.8457,0.8156,0.7775,0.7319,0.6795,0.6209,0.557,0.4889,0.4179,0.3456,0.274,0.2052,0.1421,0.08727,0.04226,
pal100,atmos,355.5,0.8268,0.8226,0.8104,0.7901,0.762,0.7265,0.6839,0.635,0.5803,0.5206,0.4571,0.3908,0.3233,0.2563,0.192,0.1329,0.08162,0.03953,
pal100,atmos,356.5,0.7669,0.7631,0.7518,0.733,0.7069,0.674,0.6346,0.5893,0.5385,0.4833,0.4243,0.3629,0.3002,0.238,0.1783,0.1234,0.07577,0.03669,
pal100,atmos,357.5,0.6519,0.6487,0.639,0.6231,0.601,0.573,0.5396,0.5011,0.458,0.411,0.361,0.3087,0.2554,0.2025,0.1517,0.105,0.06444,0.03119,
pal100,atmos,358.5,0.5028,0.5004,0.4929,0.4806,0.4636,0.4421,0.4163,0.3866,0.3535,0.3173,0.2787,0.2384,0.1973,0.1565,0.1172,0.08115,0.0498,0.02412,
pal100,atmos,359.5,0.8459,0.8417,0.8293,0.8086,0.78,0.7439,0.7006,0.6507,0.5949,0.5341,0.4692,0.4014,0.3323,0.2635,0.1975,0.1367,0.08385,0.04061,
pal100,atmos,360.5,0.7838,0.7799,0.7684,0.7492,0.7228,0.6893,0.6493,0.6031,0.5515,0.4951,0.435,0.3723,0.3082,0.2445,0.1832,0.1268,0.07777,0.03766,
pal100,atmos,361.5,0.7063,0.7028,0.6924,0.6752,0.6515,0.6213,0.5853,0.5437,0.4972,0.4465,0.3924,0.3358,0.2781,0.2206,0.1654,0.1145,0.0702,0.03401,
pal100,atmos,362.5,0.8291,0.825,0.8128,0.7927,0.7648,0.7295,0.6872,0.6385,0.584,0.5245,0.461,0.3946,0.3268,0.2593,0.1944,0.1345,0.08251,0.03998,
pal100,atmos,363.5,0.7372,0.7336,0.7228,0.7049,0.6801,0.6488,0.6112,0.5679,0.5195,0.4667,0.4102,0.3512,0.2909,0.2309,0.1731,0.1198,0.07344,0.03559,
pal100,atmos,364.5,0.8039,0.8,0.7882,0.7687,0.7417,0.7076,0.6667,0.6195,0.5668,0.5092,0.4477,0.3833,0.3176,0.2521,0.189,0.1308,0.08015,0.03883,
pal100,atmos,365.5,0.9793,0.9745,0.9601,0.9364,0.9036,0.862,0.8123,0.7549,0.6907,0.6206,0.5457,0.4673,0.3872,0.3074,0.2304,0.1594,0.09768,0.0473,
pal100,atmos,366.5,1.036,1.031,1.016,0.9907,0.956,0.9121,0.8595,0.7989,0.731,0.6569,0.5777,0.4949,0.4101,0.3256,0.2441,0.1689,0.1035,0.05011,
pal100,atmos,367.5,0.9832,0.9784,0.9641,0.9403,0.9074,0.8658,0.816,0.7585,0.6941,0.6239,0.5487,0.4701,0.3897,0.3095,0.232,0.1605,0.09832,0.04763,
pal100,atmos,368.5,0.8634,0.8592,0.8466,0.8258,0.797,0.7605,0.7167,0.6663,0.6098,0.5482,0.4822,0.4132,0.3426,0.2721,0.204,0.1411,0.08642,0.04185,
pal100,atmos,369.5,1.035,1.03,1.015,0.9902,0.9557,0.912,0.8596,0.7992,0.7316,0.6576,0.5786,0.4959,0.4112,0.3266,0.2449,0.1694,0.1037,0.05022,
pal100,atmos,370.5,0.9389,0.9344,0.9207,0.8981,0.8668,0.8272,0.7798,0.7251,0.6638,0.5968,0.5252,0.4501,0.3733,0.2966,0.2224,0.1538,0.09415,0.04558,
pal100,atmos,371.5,1.074,1.069,1.053,1.027,0.9916,0.9464,0.8921,0.8296,0.7596,0.683,0.6011,0.5153,0.4274,0.3396,0.2547,0.1762,0.1078,0.05218,
pal100,atmos,372.5,0.793,0.7891,0.7776,0.7586,0.7323,0.6989,0.6589,0.6128,0.5611,0.5046,0.4442,0.3809,0.316,0.2511,0.1883,0.1303,0.07967,0.03856,
pal100,atmos,373.5,0.7165,0.713,0.7027,0.6855,0.6617,0.6316,0.5955,0.5539,0.5072,0.4562,0.4016,0.3444,0.2858,0.2271,0.1704,0.1178,0.07205,0.03486,
pal100,atmos,374.5,0.7861,0.7823,0.771,0.7521,0.7261,0.6931,0.6535,0.6079,0.5567,0.5008,0.441,0.3782,0.3139,0.2495,0.1872,0.1294,0.07911,0.03828,
pal100,atmos,375.5,0.8867,0.8824,0.8696,0.8484,0.819,0.7818,0.7372,0.6858,0.6282,0.5652,0.4977,0.4269,0.3544,0.2817,0.2114,0.1462,0.08932,0.04321,
pal100,atmos,376.5,0.8851,0.8808,0.868,0.8469,0.8176,0.7806,0.7361,0.6848,0.6274,0.5645,0.4972,0.4266,0.3541,0.2816,0.2113,0.1461,0.08925,0.04317,
pal100,atmos,377.5,1.054,1.049,1.033,1.008,0.9734,0.9293,0.8765,0.8155,0.7471,0.6723,0.5922,0.5082,0.422,0.3356,0.2518,0.1741,0.1063,0.05142,
pal100,atmos,378.5,1.148,1.142,1.126,1.099,1.061,1.013,0.9552,0.8888,0.8144,0.7329,0.6457,0.5542,0.4602,0.3661,0.2747,0.1899,0.116,0.05606,
pal100,atmos,379.5,0.849,0.8449,0.8327,0.8125,0.7845,0.7491,0.7066,0.6575,0.6025,0.5424,0.4779,0.4102,0.3407,0.271,0.2034,0.1406,0.08584,0.04149,
pal100,atmos,380.5,1.021,1.016,1.001,0.9769,0.9433,0.9007,0.8497,0.7908,0.7247,0.6524,0.5749,0.4936,0.41,0.3262,0.2449,0.1693,0.1033,0.04992,
pal100,atmos,381.5,0.9588,0.9542,0.9405,0.9177,0.8862,0.8463,0.7984,0.7431,0.6811,0.6132,0.5404,0.4641,0.3855,0.3068,0.2303,0.1592,0.09712,0.04692,
pal100,atmos,382.5,0.6387,0.6356,0.6265,0.6114,0.5904,0.5638,0.5319,0.4951,0.4539,0.4087,0.3602,0.3094,0.2571,0.2046,0.1536,0.1062,0.06476,0.03128,
pal100,atmos,383.5,0.5607,0.558,0.55,0.5367,0.5183,0.495,0.467,0.4348,0.3986,0.3589,0.3164,0.2718,0.2259,0.1798,0.135,0.09331,0.0569,0.02747,
pal100,atmos,384.5,0.8412,0.8371,0.8251,0.8052,0.7777,0.7427,0.7008,0.6525,0.5982,0.5388,0.4751,0.4081,0.3392,0.2701,0.2028,0.1402,0.08543,0.04125,
pal100,atmos,385.5,0.832,0.828,0.8161,0.7964,0.7692,0.7347,0.6933,0.6455,0.5919,0.5332,0.4702,0.404,0.3359,0.2674,0.2008,0.1388,0.08458,0.04082,
pal100,atmos,386.5,0.8478,0.8437,0.8317,0.8116,0.7839,0.7488,0.7067,0.658,0.6034,0.5436,0.4794,0.412,0.3426,0.2728,0.2049,0.1416,0.08627,0.04163,
pal100,atmos,387.5,0.7877,0.7839,0.7727,0.7541,0.7284,0.6958,0.6567,0.6115,0.5608,0.5053,0.4457,0.3831,0.3186,0.2538,0.1906,0.1317,0.08022,0.0387,
pal100,atmos,388.5,0.7893,0.7855,0.7743,0.7557,0.73,0.6973,0.6582,0.613,0.5622,0.5066,0.4469,0.3842,0.3196,0.2546,0.1912,0.1321,0.08046,0.0388,
pal100,atmos,389.5,0.9951,0.9903,0.9762,0.9528,0.9204,0.8793,0.83,0.773,0.7091,0.639,0.5638,0.4847,0.4033,0.3213,0.2414,0.1668,0.1015,0.04895,
pal100,atmos,390.5,0.9771,0.9725,0.9586,0.9356,0.9038,0.8635,0.8151,0.7593,0.6965,0.6278,0.554,0.4764,0.3964,0.3159,0.2373,0.164,0.09979,0.04809,
pal100,atmos,391.5,1.159,1.153,1.137,1.11,1.072,1.024,0.967,0.9008,0.8264,0.7449,0.6575,0.5654,0.4705,0.375,0.2818,0.1947,0.1185,0.05708,
pal100,atmos,392.5,0.8688,0.8647,0.8524,0.832,0.8038,0.768,0.7251,0.6755,0.6198,0.5587,0.4932,0.4242,0.3531,0.2815,0.2115,0.1461,0.08889,0.04282,
pal100,atmos,393.5,0.3776,0.3758,0.3705,0.3616,0.3494,0.3339,0.3152,0.2937,0.2695,0.243,0.2145,0.1845,0.1536,0.1225,0.09205,0.0636,0.03867,0.01862,
pal100,atmos,394.5,0.8883,0.8841,0.8716,0.8508,0.822,0.7855,0.7417,0.691,0.6342,0.5719,0.5049,0.4344,0.3617,0.2884,0.2168,0.1498,0.09105,0.04383,
pal100,atmos,395.5,1.143,1.137,1.121,1.094,1.057,1.011,0.9542,0.8891,0.8161,0.7359,0.6499,0.5592,0.4657,0.3714,0.2792,0.1929,0.1172,0.05641,
pal100,atmos,396.5,0.6708,0.6676,0.6582,0.6425,0.6208,0.5933,0.5603,0.5221,0.4793,0.4322,0.3817,0.3285,0.2736,0.2183,0.1641,0.1134,0.06888,0.03313,
pal100,atmos,397.5,0.7739,0.7702,0.7593,0.7413,0.7163,0.6846,0.6465,0.6025,0.5531,0.4989,0.4407,0.3793,0.316,0.2521,0.1896,0.131,0.07954,0.03825,
pal100,atmos,398.5,1.329,1.323,1.304,1.274,1.231,1.176,1.111,1.035,0.9505,0.8575,0.7575,0.6521,0.5433,0.4335,0.326,0.2252,0.1368,0.06575,
pal100,atmos,399.5,1.382,1.376,1.357,1.324,1.28,1.223,1.155,1.077,0.9888,0.8921,0.7882,0.6786,0.5655,0.4513,0.3395,0.2345,0.1424,0.06841,
pal100,atmos,400.5,1.453,1.446,1.426,1.392,1.345,1.286,1.215,1.132,1.04,0.9381,0.8289,0.7138,0.5949,0.4749,0.3572,0.2468,0.1498,0.07195,
pal100,atmos,401.5,1.495,1.488,1.467,1.432,1.384,1.323,1.25,1.165,1.07,0.9654,0.8532,0.7348,0.6125,0.489,0.3679,0.2541,0.1542,0.07404,
pal100,atmos,402.5,1.551,1.544,1.522,1.486,1.436,1.373,1.297,1.209,1.111,1.002,0.886,0.7632,0.6363,0.508,0.3823,0.2641,0.1602,0.07689,
pal100,atmos,403.5,1.42,1.413,1.393,1.36,1.315,1.257,1.187,1.107,1.017,0.9178,0.8113,0.699,0.5828,0.4654,0.3502,0.242,0.1467,0.0704,
pal100,atmos,404.5,1.392,1.386,1.366,1.334,1.289,1.233,1.165,1.086,0.9975,0.9004,0.796,0.6859,0.572,0.4569,0.3438,0.2375,0.144,0.06908,
pal100,atmos,405.5,1.446,1.439,1.419,1.385,1.339,1.28,1.21,1.128,1.036,0.9356,0.8272,0.7129,0.5946,0.475,0.3575,0.247,0.1497,0.07178,
pal100,atmos,406.5,1.362,1.355,1.336,1.305,1.261,1.206,1.139,1.063,0.9762,0.8814,0.7794,0.6718,0.5604,0.4477,0.3371,0.2329,0.1411,0.06763,
pal100,atmos,407.5,1.372,1.366,1.347,1.315,1.271,1.216,1.149,1.071,0.9843,0.8888,0.7861,0.6776,0.5654,0.4518,0.3402,0.235,0.1423,0.0682,
pal100,atmos,408.5,1.528,1.521,1.5,1.465,1.416,1.354,1.279,1.193,1.096,0.9902,0.8758,0.755,0.6301,0.5036,0.3792,0.262,0.1586,0.07597,
pal100,atmos,409.5,1.498,1.491,1.47,1.435,1.388,1.327,1.254,1.17,1.075,0.9709,0.8589,0.7406,0.6181,0.494,0.3721,0.2571,0.1556,0.07449,
pal100,atmos,410.5,1.299,1.293,1.275,1.245,1.203,1.151,1.088,1.014,0.9324,0.8422,0.7451,0.6425,0.5363,0.4288,0.323,0.2231,0.1351,0.06462,
pal100,atmos,411.5,1.561,1.553,1.532,1.496,1.446,1.383,1.307,1.219,1.121,1.013,0.8959,0.7727,0.6451,0.5158,0.3886,0.2685,0.1625,0.0777,
pal100,atmos,412.5,1.546,1.539,1.518,1.482,1.433,1.371,1.296,1.209,1.111,1.004,0.8883,0.7662,0.6398,0.5117,0.3855,0.2664,0.1611,0.07704,
pal100,atmos,413.5,1.5,1.493,1.472,1.437,1.39,1.329,1.256,1.172,1.078,0.9738,0.8618,0.7435,0.6209,0.4967,0.3743,0.2586,0.1564,0.07475,
pal100,atmos,414.5,1.541,1.534,1.513,1.477,1.428,1.366,1.291,1.205,1.108,1.001,0.8861,0.7646,0.6386,0.5109,0.385,0.266,0.1609,0.07685,
pal100,atmos,415.5,1.474,1.467,1.446,1.413,1.366,1.307,1.235,1.153,1.06,0.9577,0.8478,0.7316,0.6112,0.489,0.3686,0.2547,0.154,0.07352,
pal100,atmos,416.5,1.604,1.596,1.574,1.537,1.486,1.422,1.344,1.255,1.154,1.043,0.923,0.7967,0.6656,0.5327,0.4015,0.2775,0.1677,0.08003,
pal100,atmos,417.5,1.466,1.459,1.439,1.405,1.359,1.3,1.229,1.147,1.055,0.9533,0.8441,0.7286,0.6089,0.4873,0.3674,0.2539,0.1534,0.07318,
pal100,atmos,418.5,1.477,1.47,1.45,1.416,1.369,1.31,1.239,1.156,1.063,0.961,0.851,0.7347,0.614,0.4915,0.3707,0.2561,0.1547,0.07378,
pal100,atmos,419.5,1.525,1.518,1.497,1.463,1.414,1.353,1.279,1.194,1.098,0.993,0.8794,0.7593,0.6347,0.5082,0.3832,0.2649,0.16,0.07624,
pal100,kasting,280.5,1.035e-16,9.053e-17,6.036e-17,3.02e-17,1.105e-17,2.835e-18,4.812e-19,4.967e-20,2.768e-21,7.018e-23,6.339e-25,1.535e-27,2.005e-29,1.025e-29,6.899e-30,4.903e-30,3.419e-30,2.129e-30,
pal100,kasting,281.5,5.461e-15,4.836e-15,3.342e-15,1.778e-15,7.111e-16,2.06e-16,4.095e-17,5.178e-18,3.738e-19,1.32e-20,1.825e-22,7.65e-25,1.091e-26,5.346e-27,3.577e-27,2.536e-27,1.767e-27,1.099e-27,
pal100,kasting,282.5,1.126e-13,1.007e-13,7.177e-14,4.026e-14,1.738e-14,5.586e-15,1.272e-15,1.915e-16,1.726e-17,8.094e-19,1.613e-20,1.083e-22,1.699e-24,7.91e-25,5.26e-25,3.72e-25,2.589e-25,1.609e-25,
pal100,kasting,283.5,7.276e-13,6.552e-13,4.765e-13,2.766e-13,1.255e-13,4.316e-14,1.074e-14,1.81e-15,1.885e-16,1.029e-17,2.683e-19,2.441e-21,4.124e-23,1.834e-23,1.214e-23,8.567e-24,5.957e-24,3.701e-24,
pal100,kasting,284.5,1.315e-11,1.198e-11,9.035e-12,5.582e-12,2.774e-12,1.078e-12,3.149e-13,6.522e-14,8.832e-15,6.964e-16,2.709e-17,4.301e-19,8.745e-21,3.468e-21,2.268e-21,1.593e-21,1.106e-21,6.864e-22,
pal100,kasting,285.5,6.997e-11,6.433e-11,4.985e-11,3.225e-11,1.714e-11,7.296e-12,2.399e-12,5.787e-13,9.517e-14,9.616e-15,5.148e-16,1.231e-17,2.999e-19,1.057e-19,6.83e-20,4.778e-20,3.309e-20,2.052e-20,
pal100,kasting,286.5,1.141e-09,1.056e-09,8.353e-10,5.6e-10,3.134e-10,1.431e-10,5.153e-11,1.397e-11,2.668e-12,3.261e-13,2.231e-14,7.308e-16,2.105e-17,6.62e-18,4.228e-18,2.945e-18,2.036e-18,1.261e-18,
pal100,kasting,287.5,9.345e-09,8.717e-09,7.057e-09,4.921e-09,2.916e-09,1.438e-09,5.733e-10,1.77e-10,3.988e-11,6.022e-12,5.408e-13,2.51e-14,9.04e-16,2.448e-16,1.535e-16,1.063e-16,7.323e-17,4.532e-17,
pal100,kasting,288.5,6.907e-08,6.496e-08,5.392e-08,3.924e-08,2.475e-08,1.328e-08,5.907e-09,2.1e-09,5.665e-10,1.076e-10,1.299e-11,8.797e-13,4.228e-14,9.556e-15,5.802e-15,3.981e-15,2.732e-15,1.687e-15,
pal100,kasting,289.5,5.002e-07,4.732e-07,3.999e-07,3.001e-07,1.978e-07,1.127e-07,5.427e-08,2.134e-08,6.546e-09,1.466e-09,2.183e-10,1.937e-11,1.174e-12,2.323e-13,1.36e-13,9.25e-14,6.323e-14,3.897e-14,
pal100,kasting,290.5,2.528e-06,2.403e-06,2.062e-06,1.588e-06,1.087e-06,6.514e-07,3.35e-07,1.434e-07,4.902e-08,1.26e-08,2.241e-09,2.492e-10,1.867e-11,3.329e-12,1.858e-12,1.252e-12,8.517e-13,5.239e-13,
pal100,kasting,291.5,1.036e-05,9.904e-06,8.642e-06,6.851e-06,4.892e-06,3.106e-06,1.722e-06,8.115e-07,3.135e-07,9.42e-08,2.048e-08,2.943e-09,2.853e-10,4.648e-11,2.385e-11,1.583e-11,1.069e-11,6.555e-12,
pal100,kasting,292.5,3.068e-05,2.947e-05,2.557e-05,2.117e-05,1.565e-05,1.042e-05,6.139e-06,3.131e-06,1.337e-06,4.565e-07,1.169e-07,2.071e-08,2.507e-09,3.94e-10,1.826e-10,1.19e-10,7.979e-11,4.873e-11,
pal100,kasting,293.5,0.0001075,0.0001037,9.302e-05,7.724e-05,5.9e-05,4.104e-05,2.563e-05,1.407e-05,6.603e-06,2.543e-06,7.595e-07,1.637e-07,2.465e-08,3.924e-09,1.597e-09,1.013e-09,6.728e-10,4.089e-10,
pal100,kasting,294.5,0.0002377,0.0002301,0.0002085,0.0001762,0.0001381,9.943e-05,6.496e-05,3.713e-05,1.909e-05,8.078e-06,2.721e-06,6.839e-07,1.227e-07,2.051e-08,7.393e-09,4.536e-09,2.983e-09,1.803e-09,
pal100,kasting,295.5,0.0007007,0.0006807,0.0006235,0.0005368,0.0004323,0.000323,0.0002214,0.000137,7.484e-05,3.498e-05,1.339e-05,3.959e-06,8.6e-07,1.579e-07,4.954e-08,2.87e-08,1.858e-08,1.115e-08,
pal100,kasting,296.5,0.001396,0.00136,0.001257,0.0011,0.0009057,0.0006977,0.0004977,0.0003241,0.000189,9.594e-05,4.081e-05,1.381e-05,3.526e-06,7.237e-07,2.046e-07,1.098e-07,6.983e-08,4.155e-08,
pal100,kasting,297.5,0.003005,0.002936,0.002735,0.002425,0.002037,0.001612,0.001191,0.0008109,0.0005005,0.0002732,0.0001275,4.853e-05,1.431e-05,3.314e-06,8.781e-07,4.269e-07,2.649e-07,1.56e-07,
pal100,kasting,298.5,0.003951,0.003869,0.003629,0.003254,0.00278,0.00225,0.001712,0.001211,0.0007838,0.0004547,0.0002293,9.642e-05,3.214e-05,8.368e-06,2.172e-06,9.465e-07,5.688e-07,3.309e-07,
pal100,kasting,299.5,0.009661,0.009479,0.008948,0.008112,0.007039,0.00582,0.004552,0.003336,0.00226,0.001388,0.0007533,0.0003478,0.0001303,3.833e-05,1.013e-05,3.909e-06,2.236e-06,1.28e-06,
pal100,kasting,300.5,0.009725,0.009557,0.009065,0.008287,0.007279,0.006117,0.004887,0.003681,0.002581,0.001657,0.0009507,0.0004715,0.0001933,6.286e-05,1.733e-05,6.095e-06,3.292e-06,1.853e-06,
pal100,kasting,301.5,0.02085,0.02053,0.01957,0.01805,0.01607,0.01374,0.01124,0.008715,0.006344,0.004271,0.002604,0.001395,0.0006312,0.0002303,6.847e-05,2.211e-05,1.088e-05,5.962e-06,
pal100,kasting,302.5,0.02734,0.02695,0.02578,0.02392,0.02147,0.01858,0.01543,0.0122,0.009101,0.00632,0.004009,0.00226,0.001091,0.0004302,0.0001365,4.251e-05,1.928e-05,1.03e-05,
pal100,kasting,303.5,0.04953,0.04888,0.04696,0.04388,0.03979,0.0349,0.02949,0.02386,0.01832,0.0132,0.008774,0.005252,0.002738,0.001187,0.0004131,0.0001274,5.146e-05,2.624e-05,
pal100,kasting,304.5,0.05611,0.05542,0.05338,0.05007,0.04567,0.04038,0.03448,0.02826,0.02207,0.01624,0.01109,0.006871,0.003743,0.001717,0.0006338,0.0001982,7.439e-05,3.649e-05,
pal100,kasting,305.5,0.07809,0.07721,0.07462,0.07042,0.06479,0.05796,0.05025,0.042,0.03362,0.02553,0.01814,0.01183,0.006889,0.003439,0.0014,0.0004606,0.0001561,7.029e-05,
pal100,kasting,306.5,0.0834,0.08251,0.07986,0.07556,0.06978,0.06275,0.05476,0.04616,0.03734,0.02874,0.02077,0.01385,0.008298,0.004297,0.001827,0.0006207,0.0002029,8.692e-05,
pal100,kasting,307.5,0.1256,0.1243,0.1207,0.1148,0.1067,0.0969,0.08563,0.07335,0.06056,0.04782,0.03572,0.02485,0.01573,0.00875,0.00407,0.0015,0.0004713,0.0001783,
pal100,kasting,308.5,0.1429,0.1416,0.1376,0.1311,0.1222,0.1114,0.09892,0.08526,0.07095,0.05659,0.04281,0.03026,0.01956,0.01118,0.005388,0.00206,0.0006456,0.000231,
pal100,kasting,309.5,0.1295,0.1284,0.125,0.1195,0.112,0.1027,0.09194,0.08009,0.06755,0.0548,0.04236,0.03079,0.02064,0.01238,0.006352,0.002609,0.0008336,0.0002685,
pal100,kasting,310.5,0.1799,0.1773,0.174,0.1667,0.1567,0.1444,0.1301,0.1142,0.09721,0.07983,0.06267,0.04648,0.03197,0.01986,0.01066,0.004632,0.00153,0.0004583,
pal100,kasting,311.5,0.2346,0.2327,0.2271,0.2179,0.2053,0.1898,0.1716,0.1514,0.1297,0.1074,0.08518,0.064,0.04479,0.02845,0.01575,0.007111,0.002419,0.0006935,
pal100,kasting,312.5,0.2342,0.2324,0.2272,0.2186,0.2068,0.1922,0.175,0.1557,0.135,0.1133,0.09153,0.0704,0.0508,0.03362,0.01968,0.00957,0.003505,0.000954,
pal100,kasting,313.5,0.2671,0.2651,0.2592,0.2496,0.2364,0.2199,0.2005,0.1789,0.1555,0.131,0.1063,0.08222,0.05976,0.03993,0.02368,0.01172,0.004377,0.001184,
pal100,kasting,314.5,0.2721,0.2702,0.2646,0.2553,0.2426,0.2268,0.2081,0.187,0.1641,0.14,0.1152,0.09098,0.06788,0.04698,0.02924,0.01549,0.006291,0.001716,
pal100,kasting,315.5,0.2819,0.28,0.2742,0.2647,0.2517,0.2355,0.2163,0.1947,0.1711,0.1463,0.1208,0.09567,0.07169,0.04991,0.03131,0.01676,0.00691,0.001898,
pal100,kasting,316.5,0.2849,0.283,0.2775,0.2684,0.2559,0.2402,0.2217,0.2007,0.1777,0.1533,0.1282,0.1031,0.07882,0.05639,0.03674,0.02077,0.009241,0.002678,
pal100,kasting,317.5,0.4029,0.4003,0.3925,0.3796,0.3619,0.3398,0.3136,0.284,0.2515,0.2171,0.1815,0.146,0.1117,0.07991,0.05207,0.02944,0.01309,0.003791,
pal100,kasting,318.5,0.3211,0.3191,0.3132,0.3034,0.29,0.2731,0.2532,0.2305,0.2055,0.1789,0.1513,0.1234,0.09614,0.07054,0.0476,0.02832,0.01359,0.004281,
pal100,kasting,319.5,0.3927,0.3903,0.3832,0.3713,0.3551,0.3347,0.3105,0.283,0.2527,0.2204,0.1867,0.1528,0.1195,0.08808,0.05983,0.03595,0.01751,0.005625,
pal100,kasting,320.5,0.4792,0.4763,0.4677,0.4534,0.4339,0.4092,0.3801,0.3468,0.3103,0.2711,0.2303,0.1891,0.1485,0.1101,0.0754,0.04583,0.02273,0.007481,
pal100,kasting,321.5,0.4116,0.4092,0.4022,0.3905,0.3745,0.3543,0.3303,0.3029,0.2726,0.2401,0.206,0.1713,0.1369,0.1038,0.07342,0.04681,0.02505,0.009284,
pal100,kasting,322.5,0.4106,0.4082,0.4009,0.3889,0.3723,0.3515,0.3268,0.2986,0.2676,0.2343,0.1996,0.1644,0.1296,0.09665,0.06665,0.04094,0.02064,0.006951,
pal100,kasting,323.5,0.4287,0.4263,0.4191,0.4073,0.391,0.3704,0.346,0.318,0.2871,0.2538,0.2188,0.183,0.1473,0.1129,0.081,0.05274,0.02921,0.01148,
pal100,kasting,324.5,0.5028,0.5,0.4916,0.4777,0.4585,0.4344,0.4057,0.3729,0.3366,0.2972,0.2564,0.2144,0.1725,0.1321,0.09459,0.06145,0.0339,0.01324,
pal100,kasting,325.5,0.5625,0.5593,0.5498,0.5342,0.5127,0.4855,0.4532,0.4163,0.3755,0.3315,0.2854,0.2381,0.1911,0.1458,0.1039,0.06696,0.03647,0.01392,
pal100,kasting,326.5,0.6863,0.6826,0.6715,0.6533,0.628,0.5962,0.5583,0.5149,0.4668,0.4147,0.3599,0.3035,0.247,0.192,0.1405,0.09423,0.05481,0.02361,
pal100,kasting,327.5,0.6373,0.6338,0.6235,0.6063,0.5826,0.5521,0.5171,0.4764,0.4312,0.3824,0.3311,0.2783,0.2255,0.1743,0.1264,0.08369,0.04764,0.0197,
pal100,kasting,328.5,0.5883,0.5851,0.5755,0.5597,0.5379,0.5104,0.4776,0.44,0.3984,0.3534,0.306,0.2573,0.2086,0.1612,0.117,0.07745,0.0441,0.01824,
pal100,kasting,329.5,0.7667,0.7627,0.7506,0.7306,0.7031,0.6683,0.6268,0.5793,0.5264,0.4692,0.4088,0.3464,0.2837,0.2224,0.1646,0.1122,0.06717,0.03059,
pal100,kasting,330.5,0.6953,0.6916,0.6805,0.6622,0.6369,0.6051,0.5664,0.5235,0.4751,0.4227,0.3674,0.3104,0.2532,0.1974,0.1448,0.09756,0.05717,0.02499,
pal100,kasting,331.5,0.6866,0.6829,0.672,0.6539,0.6289,0.5973,0.5597,0.5167,0.4689,0.4171,0.3624,0.306,0.2494,0.1942,0.1423,0.09558,0.05576,0.02417,
pal100,kasting,332.5,0.6785,0.6749,0.6644,0.6469,0.6228,0.5924,0.556,0.5144,0.468,0.4178,0.3646,0.3097,0.2543,0.2,0.1486,0.102,0.0617,0.02873,
pal100,kasting,333.5,0.6363,0.633,0.623,0.6065,0.5837,0.5549,0.5206,0.4812,0.4374,0.39,0.3398,0.288,0.2357,0.1846,0.1364,0.09273,0.0552,0.02491,
pal100,kasting,334.5,0.7113,0.7076,0.6965,0.6782,0.6528,0.6209,0.5827,0.539,0.4903,0.4375,0.3816,0.3238,0.2656,0.2085,0.1545,0.1055,0.06331,0.02903,
pal100,kasting,335.5,0.722,0.7182,0.7071,0.6887,0.6634,0.6313,0.593,0.5491,0.5002,0.4471,0.3908,0.3326,0.2737,0.2159,0.1611,0.1112,0.06788,0.03224,
pal100,kasting,336.5,0.564,0.5611,0.5524,0.538,0.5181,0.493,0.4631,0.4287,0.3904,0.3489,0.3048,0.2592,0.2132,0.168,0.1251,0.08603,0.05225,0.02456,
pal100,kasting,337.5,0.6182,0.615,0.6054,0.5895,0.5676,0.54,0.5069,0.469,0.4268,0.381,0.3325,0.2823,0.2316,0.1819,0.1348,0.09204,0.0552,0.02531,
pal100,kasting,338.5,0.6533,0.65,0.64,0.6234,0.6006,0.5717,0.5372,0.4976,0.4535,0.4056,0.3548,0.3021,0.2488,0.1964,0.1465,0.1012,0.06179,0.02941,
pal100,kasting,339.5,0.7101,0.7065,0.6957,0.6778,0.653,0.6217,0.5843,0.5414,0.4935,0.4415,0.3864,0.3292,0.2713,0.2143,0.1601,0.1106,0.06774,0.0324,
pal100,kasting,340.5,0.7585,0.7546,0.743,0.7238,0.6973,0.6638,0.6238,0.5778,0.5265,0.4708,0.4118,0.3505,0.2885,0.2275,0.1695,0.1167,0.07095,0.03347,
pal100,kasting,341.5,0.674,0.6706,0.6603,0.6434,0.62,0.5904,0.5551,0.5145,0.4692,0.42,0.3678,0.3136,0.2586,0.2045,0.1529,0.1058,0.06495,0.03124,
pal100,kasting,342.5,0.7465,0.7427,0.7314,0.7127,0.6868,0.6542,0.6151,0.5702,0.5202,0.4658,0.408,0.348,0.2872,0.2272,0.17,0.1178,0.07239,0.03494,
pal100,kasting,343.5,0.7749,0.771,0.7592,0.7398,0.713,0.679,0.6385,0.5918,0.5398,0.4833,0.4233,0.3609,0.2977,0.2353,0.1759,0.1216,0.07448,0.03571,
pal100,kasting,344.5,0.5428,0.54,0.5318,0.5182,0.4994,0.4756,0.4471,0.4144,0.378,0.3384,0.2963,0.2525,0.2082,0.1644,0.1227,0.08465,0.05165,0.02458,
pal100,kasting,345.5,0.744,0.7402,0.729,0.7105,0.6849,0.6525,0.6138,0.5692,0.5196,0.4655,0.4081,0.3484,0.2877,0.2279,0.1707,0.1184,0.07288,0.03536,
pal100,kasting,346.5,0.6954,0.6918,0.6813,0.664,0.64,0.6097,0.5734,0.5317,0.4852,0.4346,0.3808,0.3249,0.2681,0.212,0.1585,0.1095,0.06704,0.03215,
pal100,kasting,347.5,0.6792,0.6758,0.6655,0.6486,0.6252,0.5957,0.5603,0.5196,0.4743,0.4249,0.3724,0.3177,0.2623,0.2075,0.1551,0.1072,0.06568,0.03154,
pal100,kasting,348.5,0.7463,0.7425,0.7313,0.7128,0.6872,0.6547,0.616,0.5714,0.5216,0.4675,0.4099,0.3499,0.289,0.2287,0.1712,0.1185,0.07268,0.03504,
pal100,kasting,349.5,0.6252,0.622,0.6127,0.5971,0.5757,0.5486,0.5161,0.4788,0.4372,0.3918,0.3436,0.2934,0.2423,0.1918,0.1435,0.09929,0.06089,0.02934,
pal100,kasting,350.5,0.875,0.8706,0.8575,0.8358,0.8059,0.768,0.7227,0.6705,0.6123,0.5489,0.4814,0.4111,0.3396,0.2689,0.2013,0.1393,0.08543,0.0412,
pal100,kasting,351.5,0.7538,0.75,0.7388,0.7201,0.6943,0.6617,0.6227,0.5778,0.5276,0.473,0.4149,0.3543,0.2928,0.2318,0.1734,0.1199,0.07349,0.03539,
pal100,kasting,352.5,0.6796,0.6762,0.6661,0.6493,0.6261,0.5967,0.5616,0.5212,0.476,0.4268,0.3745,0.3199,0.2644,0.2094,0.1567,0.1084,0.06645,0.03204,
pal100,kasting,353.5,0.8178,0.8137,0.8015,0.7814,0.7535,0.7183,0.6761,0.6275,0.5733,0.5141,0.4512,0.3856,0.3188,0.2525,0.1891,0.1309,0.08029,0.0388,
pal100,kasting,354.5,0.8848,0.8804,0.8672,0.8455,0.8154,0.7773,0.7317,0.6793,0.6206,0.5568,0.4887,0.4178,0.3455,0.2738,0.2051,0.142,0.08718,0.04219,
pal100,kasting,355.5,0.8266,0.8225,0.8102,0.7899,0.7618,0.7263,0.6838,0.6348,0.5801,0.5205,0.4569,0.3907,0.3231,0.2561,0.1918,0.1328,0.08153,0.03947,
pal100,kasting,356.5,0.7668,0.7629,0.7516,0.7328,0.7068,0.6738,0.6344,0.5891,0.5384,0.4831,0.4242,0.3627,0.3001,0.2379,0.1782,0.1233,0.07569,0.03663,
pal100,kasting,357.5,0.6517,0.6485,0.6389,0.6229,0.6008,0.5729,0.5394,0.5009,0.4578,0.4109,0.3608,0.3086,0.2553,0.2024,0.1516,0.1049,0.06436,0.03113,
pal100,kasting,358.5,0.5027,0.5003,0.4928,0.4805,0.4635,0.442,0.4162,0.3866,0.3534,0.3172,0.2786,0.2383,0.1972,0.1564,0.1172,0.0811,0.04976,0.02409,
pal100,kasting,359.5,0.8458,0.8416,0.8291,0.8084,0.7799,0.7437,0.7004,0.6505,0.5948,0.5339,0.469,0.4013,0.3321,0.2634,0.1974,0.1366,0.08378,0.04056,
pal100,kasting,360.5,0.7836,0.7798,0.7682,0.7491,0.7227,0.6892,0.6491,0.603,0.5513,0.495,0.4349,0.3722,0.3081,0.2444,0.1831,0.1267,0.07771,0.03762,
pal100,kasting,361.5,0.7062,0.7028,0.6924,0.6752,0.6514,0.6213,0.5852,0.5436,0.4972,0.4465,0.3923,0.3358,0.278,0.2206,0.1653,0.1144,0.07016,0.03398,
pal100,kasting,362.5,0.829,0.825,0.8128,0.7926,0.7647,0.7294,0.6871,0.6384,0.5839,0.5244,0.4609,0.3946,0.3268,0.2593,0.1943,0.1345,0.08248,0.03996,
pal100,kasting,363.5,0.7372,0.7336,0.7228,0.7049,0.6801,0.6487,0.6112,0.5679,0.5195,0.4666,0.4102,0.3512,0.2909,0.2309,0.1731,0.1198,0.07342,0.03557,
pal100,kasting,364.5,0.8039,0.7999,0.7882,0.7687,0.7417,0.7075,0.6666,0.6195,0.5667,0.5091,0.4476,0.3833,0.3175,0.252,0.1889,0.1307,0.08012,0.03881,
pal100,kasting,365.5,0.9792,0.9744,0.96,0.9363,0.9035,0.8619,0.8122,0.7548,0.6906,0.6205,0.5456,0.4672,0.3871,0.3073,0.2304,0.1594,0.09764,0.04727,
pal100,kasting,366.5,1.036,1.031,1.016,0.9906,0.9559,0.912,0.8594,0.7988,0.731,0.6568,0.5777,0.4948,0.4101,0.3256,0.2441,0.1689,0.1034,0.05009,
pal100,kasting,367.5,0.9832,0.9784,0.964,0.9403,0.9074,0.8658,0.8159,0.7585,0.6941,0.6238,0.5487,0.4701,0.3897,0.3094,0.232,0.1605,0.09831,0.04761,
pal100,kasting,368.5,0.8634,0.8592,0.8466,0.8258,0.7969,0.7604,0.7167,0.6663,0.6098,0.5481,0.4822,0.4132,0.3425,0.2721,0.204,0.1411,0.08641,0.04184,
pal100,kasting,369.5,1.035,1.03,1.015,0.9902,0.9557,0.912,0.8596,0.7992,0.7315,0.6576,0.5786,0.4959,0.4112,0.3266,0.2449,0.1694,0.1037,0.05021,
pal100,kasting,370.5,0.9389,0.9343,0.9207,0.8981,0.8668,0.8272,0.7798,0.725,0.6637,0.5968,0.5251,0.4501,0.3733,0.2966,0.2224,0.1538,0.09414,0.04557,
pal100,kasting,371.5,1.074,1.069,1.053,1.027,0.9916,0.9463,0.8921,0.8296,0.7595,0.683,0.6011,0.5153,0.4274,0.3396,0.2547,0.1762,0.1078,0.05217,
pal100,kasting,372.5,0.793,0.7891,0.7776,0.7586,0.7323,0.6989,0.6589,0.6128,0.5611,0.5046,0.4442,0.3808,0.3159,0.2511,0.1883,0.1302,0.07967,0.03856,
pal100,kasting,373.5,0.7165,0.713,0.7027,0.6855,0.6617,0.6316,0.5955,0.5538,0.5072,0.4562,0.4016,0.3444,0.2858,0.2271,0.1704,0.1178,0.07204,0.03486,
pal100,kasting,374.5,0.7861,0.7823,0.7709,0.7521,0.7261,0.6931,0.6535,0.6078,0.5567,0.5008,0.4409,0.3782,0.3138,0.2495,0.1872,0.1294,0.0791,0.03827,
pal100,kasting,375.5,0.8866,0.8823,0.8695,0.8483,0.819,0.7818,0.7372,0.6858,0.6282,0.5651,0.4977,0.4269,0.3543,0.2817,0.2114,0.1461,0.08931,0.0432,
pal100,kasting,376.5,0.8851,0.8808,0.868,0.8469,0.8176,0.7806,0.7361,0.6848,0.6273,0.5645,0.4972,0.4266,0.3541,0.2816,0.2113,0.1461,0.08924,0.04316,
pal100,kasting,377.5,1.054,1.049,1.033,1.008,0.9734,0.9293,0.8765,0.8155,0.7471,0.6723,0.5922,0.5082,0.4219,0.3356,0.2518,0.1741,0.1063,0.05142,
pal100,kasting,378.5,1.148,1.142,1.126,1.099,1.061,1.013,0.9552,0.8888,0.8143,0.7329,0.6457,0.5542,0.4602,0.366,0.2747,0.1899,0.116,0.05606,
pal100,kasting,379.5,0.849,0.8449,0.8327,0.8125,0.7845,0.7491,0.7066,0.6575,0.6025,0.5424,0.4779,0.4102,0.3407,0.271,0.2034,0.1406,0.08583,0.04149,
pal100,kasting,380.5,1.021,1.016,1.001,0.9769,0.9433,0.9007,0.8497,0.7908,0.7247,0.6524,0.5749,0.4936,0.41,0.3262,0.2449,0.1693,0.1033,0.04991,
pal100,kasting,381.5,0.9588,0.9542,0.9405,0.9177,0.8862,0.8463,0.7984,0.7431,0.681,0.6132,0.5404,0.4641,0.3855,0.3068,0.2303,0.1592,0.09712,0.04692,
pal100,kasting,382.5,0.6387,0.6356,0.6265,0.6113,0.5904,0.5638,0.5319,0.4951,0.4538,0.4087,0.3602,0.3094,0.2571,0.2046,0.1536,0.1062,0.06475,0.03128,
pal100,kasting,383.5,0.5607,0.558,0.55,0.5367,0.5183,0.495,0.467,0.4348,0.3986,0.3589,0.3164,0.2718,0.2259,0.1798,0.135,0.09331,0.05689,0.02747,
pal100,kasting,384.5,0.8411,0.8371,0.8251,0.8052,0.7776,0.7427,0.7008,0.6524,0.5982,0.5388,0.4751,0.4081,0.3392,0.2701,0.2028,0.1401,0.08543,0.04124,
pal100,kasting,385.5,0.8319,0.828,0.8161,0.7964,0.7692,0.7347,0.6933,0.6455,0.5919,0.5332,0.4702,0.404,0.3358,0.2674,0.2008,0.1388,0.08457,0.04082,
pal100,kasting,386.5,0.8478,0.8437,0.8316,0.8116,0.7839,0.7488,0.7067,0.658,0.6034,0.5436,0.4794,0.412,0.3426,0.2728,0.2049,0.1416,0.08626,0.04162,
pal100,kasting,387.5,0.7877,0.7839,0.7727,0.7541,0.7284,0.6958,0.6567,0.6115,0.5608,0.5053,0.4457,0.3831,0.3186,0.2538,0.1906,0.1317,0.08022,0.0387,
pal100,kasting,388.5,0.7893,0.7855,0.7743,0.7557,0.73,0.6973,0.6582,0.6129,0.5622,0.5066,0.4469,0.3842,0.3195,0.2546,0.1912,0.1321,0.08045,0.0388,
pal100,kasting,389.5,0.9951,0.9903,0.9762,0.9528,0.9204,0.8793,0.8299,0.773,0.709,0.639,0.5638,0.4847,0.4032,0.3213,0.2414,0.1668,0.1015,0.04894,
pal100,kasting,390.5,0.9771,0.9725,0.9586,0.9356,0.9038,0.8635,0.8151,0.7592,0.6965,0.6278,0.554,0.4763,0.3963,0.3158,0.2373,0.164,0.09978,0.04809,
pal100,kasting,391.5,1.159,1.153,1.137,1.11,1.072,1.024,0.967,0.9007,0.8264,0.7449,0.6575,0.5654,0.4705,0.375,0.2818,0.1947,0.1185,0.05707,
pal100,kasting,392.5,0.8688,0.8647,0.8523,0.832,0.8038,0.768,0.7251,0.6755,0.6198,0.5587,0.4932,0.4242,0.3531,0.2815,0.2115,0.1461,0.08888,0.04281,
pal100,kasting,393.5,0.3776,0.3758,0.3705,0.3616,0.3494,0.3338,0.3152,0.2937,0.2695,0.243,0.2145,0.1845,0.1536,0.1225,0.09205,0.06359,0.03866,0.01862,
pal100,kasting,394.5,0.8883,0.8841,0.8715,0.8508,0.822,0.7855,0.7417,0.691,0.6342,0.5718,0.5049,0.4344,0.3617,0.2884,0.2168,0.1498,0.09104,0.04382,
pal100,kasting,395.5,1.143,1.137,1.121,1.094,1.057,1.01,0.9542,0.8891,0.8161,0.7359,0.6499,0.5592,0.4657,0.3714,0.2792,0.1929,0.1172,0.0564,
pal100,kasting,396.5,0.6708,0.6676,0.6582,0.6425,0.6208,0.5933,0.5603,0.5221,0.4792,0.4322,0.3817,0.3285,0.2736,0.2183,0.1641,0.1134,0.06887,0.03313,
pal100,kasting,397.5,0.7739,0.7702,0.7593,0.7413,0.7163,0.6845,0.6465,0.6025,0.5531,0.4989,0.4407,0.3793,0.316,0.2521,0.1895,0.1309,0.07953,0.03824,
pal100,kasting,398.5,1.329,1.323,1.304,1.273,1.231,1.176,1.111,1.035,0.9505,0.8575,0.7575,0.6521,0.5433,0.4335,0.326,0.2252,0.1368,0.06574,
pal100,kasting,399.5,1.382,1.376,1.357,1.324,1.28,1.223,1.155,1.077,0.9888,0.8921,0.7882,0.6786,0.5655,0.4513,0.3394,0.2345,0.1423,0.0684,
pal100,kasting,400.5,1.453,1.446,1.426,1.392,1.345,1.286,1.215,1.132,1.04,0.9381,0.8289,0.7138,0.5949,0.4748,0.3572,0.2468,0.1497,0.07193,
pal100,kasting,401.5,1.495,1.488,1.467,1.432,1.384,1.323,1.25,1.165,1.07,0.9654,0.8531,0.7348,0.6125,0.4889,0.3678,0.2541,0.1542,0.07403,
pal100,kasting,402.5,1.551,1.544,1.522,1.486,1.436,1.373,1.297,1.209,1.111,1.002,0.886,0.7632,0.6363,0.508,0.3822,0.2641,0.1602,0.07687,
pal100,kasting,403.5,1.42,1.413,1.393,1.36,1.315,1.257,1.187,1.107,1.017,0.9178,0.8113,0.6989,0.5828,0.4654,0.3502,0.2419,0.1467,0.07039,
pal100,kasting,404.5,1.392,1.386,1.366,1.334,1.289,1.233,1.165,1.086,0.9974,0.9004,0.796,0.6858,0.572,0.4568,0.3438,0.2375,0.144,0.06906,
pal100,kasting,405.5,1.446,1.439,1.419,1.385,1.339,1.28,1.21,1.128,1.036,0.9355,0.8272,0.7128,0.5945,0.4749,0.3575,0.247,0.1497,0.07177,
pal100,kasting,406.5,1.361,1.355,1.336,1.305,1.261,1.206,1.139,1.063,0.9762,0.8814,0.7794,0.6717,0.5604,0.4477,0.337,0.2328,0.1411,0.06761,
pal100,kasting,407.5,1.372,1.366,1.347,1.315,1.271,1.216,1.149,1.071,0.9843,0.8888,0.786,0.6776,0.5653,0.4517,0.3401,0.235,0.1423,0.06818,
pal100,kasting,408.5,1.528,1.521,1.5,1.464,1.416,1.354,1.279,1.193,1.096,0.9901,0.8757,0.755,0.63,0.5035,0.3791,0.2619,0.1586,0.07594,
pal100,kasting,409.5,1.498,1.491,1.47,1.435,1.388,1.327,1.254,1.17,1.075,0.9708,0.8588,0.7405,0.618,0.494,0.372,0.257,0.1556,0.07446,
pal100,kasting,410.5,1.299,1.293,1.274,1.245,1.203,1.151,1.087,1.014,0.9323,0.8421,0.745,0.6425,0.5363,0.4287,0.3229,0.2231,0.135,0.06459,
pal100,kasting,411.5,1.561,1.553,1.532,1.496,1.446,1.383,1.307,1.219,1.121,1.012,0.8958,0.7726,0.645,0.5157,0.3885,0.2684,0.1624,0.07767,
pal100,kasting,412.5,1.546,1.539,1.518,1.482,1.433,1.371,1.295,1.209,1.111,1.004,0.8882,0.7661,0.6397,0.5116,0.3854,0.2663,0.1611,0.07701,
pal100,kasting,413.5,1.5,1.493,1.472,1.437,1.39,1.329,1.256,1.172,1.078,0.9737,0.8617,0.7434,0.6209,0.4966,0.3742,0.2586,0.1564,0.07472,
pal100,kasting,414.5,1.541,1.534,1.512,1.477,1.428,1.366,1.291,1.205,1.108,1.001,0.886,0.7645,0.6385,0.5108,0.385,0.266,0.1608,0.07682,
pal100,kasting,415.5,1.474,1.467,1.446,1.413,1.366,1.306,1.235,1.153,1.06,0.9576,0.8477,0.7315,0.6111,0.489,0.3685,0.2547,0.1539,0.07349,
pal100,kasting,416.5,1.603,1.596,1.574,1.537,1.486,1.422,1.344,1.254,1.153,1.042,0.9229,0.7966,0.6655,0.5326,0.4015,0.2774,0.1676,0.07999,
pal100,kasting,417.5,1.466,1.459,1.439,1.405,1.359,1.3,1.229,1.147,1.055,0.9532,0.844,0.7285,0.6088,0.4872,0.3673,0.2538,0.1534,0.07313,
pal100,kasting,418.5,1.477,1.47,1.45,1.416,1.369,1.31,1.238,1.156,1.063,0.9609,0.8509,0.7346,0.6139,0.4915,0.3706,0.2561,0.1547,0.07373,
pal100,kasting,419.5,1.525,1.518,1.497,1.462,1.414,1.353,1.279,1.194,1.098,0.9929,0.8793,0.7592,0.6346,0.5081,0.3832,0.2648,0.1599,0.07619,
pal100,photochem,280.5,5.011e-17,4.373e-17,2.893e-17,1.427e-17,5.115e-18,1.277e-18,2.092e-19,2.064e-20,1.087e-21,2.566e-23,2.12e-25,4.608e-28,6.316e-30,3.099e-30,1.942e-30,1.264e-30,7.913e-31,4.299e-31,
pal100,photochem,281.5,2.815e-15,2.487e-15,1.706e-15,8.963e-16,3.519e-16,9.941e-17,1.914e-17,2.323e-18,1.592e-19,5.269e-21,6.717e-23,2.554e-25,3.809e-27,1.811e-27,1.134e-27,7.383e-28,4.626e-28,2.51e-28,
pal100,photochem,282.5,6.127e-14,5.468e-14,3.871e-14,2.146e-14,9.114e-15,2.863e-15,6.33e-16,9.178e-17,7.894e-18,3.488e-19,6.454e-21,3.962e-23,6.477e-25,2.958e-25,1.848e-25,1.205e-25,7.556e-26,4.094e-26,
pal100,photochem,283.5,4.102e-13,3.685e-13,2.663e-13,1.529e-13,6.832e-14,2.299e-14,5.563e-15,9.052e-16,9.019e-17,4.808e-18,1.133e-19,9.476e-22,1.66e-23,7.307e-24,4.559e-24,2.974e-24,1.866e-24,1.01e-24,
pal100,photochem,284.5,7.938e-12,7.221e-12,5.416e-12,3.314e-12,1.624e-12,6.198e-13,1.767e-13,3.548e-14,4.622e-15,3.472e-16,1.271e-17,1.876e-19,3.916e-21,1.564e-21,9.707e-22,6.333e-22,3.978e-22,2.153e-22,
pal100,photochem,285.5,4.441e-11,4.076e-11,3.143e-11,2.016e-11,1.058e-11,4.43e-12,1.426e-12,3.345e-13,5.313e-14,5.14e-15,2.606e-16,5.84e-18,1.446e-19,5.209e-20,3.214e-20,2.098e-20,1.319e-20,7.135e-21,
pal100,photochem,286.5,7.522e-10,6.953e-10,5.476e-10,3.642e-10,2.015e-10,9.061e-11,3.2e-11,8.462e-12,1.565e-12,1.839e-13,1.197e-14,3.695e-16,1.073e-17,3.491e-18,2.14e-18,1.396e-18,8.789e-19,4.754e-19,
pal100,photochem,287.5,6.438e-09,5.997e-09,4.835e-09,3.348e-09,1.964e-09,9.558e-10,3.743e-10,1.13e-10,2.476e-11,3.609e-12,3.101e-13,1.365e-14,4.915e-16,1.393e-16,8.439e-17,5.498e-17,3.465e-17,1.875e-17,
pal100,photochem,288.5,4.986e-08,4.684e-08,3.874e-08,2.803e-08,1.752e-08,9.29e-09,4.07e-09,1.419e-09,3.735e-10,6.883e-11,7.993e-12,5.175e-13,2.465e-14,5.885e-15,3.485e-15,2.265e-15,1.429e-15,7.737e-16,
pal100,photochem,289.5,3.734e-07,3.529e-07,2.973e-07,2.219e-07,1.451e-07,8.184e-08,3.886e-08,1.502e-08,4.508e-09,9.82e-10,1.414e-10,1.205e-11,7.203e-13,1.511e-13,8.7e-14,5.635e-14,3.557e-14,1.929e-14,
pal100,photochem,290.5,1.941e-06,1.843e-06,1.577e-06,1.208e-06,8.211e-07,4.877e-07,2.477e-07,1.044e-07,3.499e-08,8.775e-09,1.514e-09,1.624e-10,1.196e-11,2.259e-12,1.252e-12,8.076e-13,5.098e-13,2.768e-13,
pal100,photochem,291.5,8.211e-06,7.844e-06,6.828e-06,5.39e-06,3.825e-06,2.409e-06,1.321e-06,6.142e-07,2.332e-07,6.861e-08,1.452e-08,2.022e-09,1.924e-10,3.302e-11,1.707e-11,1.091e-11,6.878e-12,3.738e-12,
pal100,photochem,292.5,2.498e-05,2.397e-05,2.117e-05,1.712e-05,1.259e-05,8.317e-06,4.768e-06,2.447e-06,1.029e-06,3.449e-07,8.627e-08,1.487e-08,1.766e-09,2.898e-10,1.371e-10,8.659e-11,5.451e-11,2.967e-11,
pal100,photochem,293.5,8.979e-05,8.656e-05,7.747e-05,6.412e-05,4.874e-05,3.369e-05,2.086e-05,1.134e-05,5.251e-06,1.989e-06,5.823e-07,1.226e-07,1.812e-08,2.976e-09,1.252e-09,7.763e-10,4.871e-10,2.654e-10,
pal100,photochem,294.5,0.0002023,0.0001957,0.000177,0.0001492,0.0001164,8.335e-05,5.406e-05,3.064e-05,1.556e-05,6.488e-06,2.147e-06,5.282e-07,9.309e-08,1.59e-08,5.976e-09,3.614e-09,2.258e-09,1.231e-09,
pal100,photochem,295.5,0.0006093,0.0005917,0.0005411,0.0004648,0.0003729,0.0002773,0.0001888,0.0001159,6.27e-05,2.895e-05,1.091e-05,3.168e-06,6.77e-07,1.258e-07,4.133e-08,2.386e-08,1.48e-08,8.067e-09,
pal100,photochem,296.5,0.001235,0.001203,0.001111,0.0009692,0.0007958,0.0006104,0.000433,0.00028,0.0001619,8.129e-05,3.412e-05,1.137e-05,2.859e-06,5.895e-07,1.744e-07,9.441e-08,5.792e-08,3.155e-08,
pal100,photochem,297.5,0.0027,0.002637,0.002454,0.002172,0.001819,0.001434,0.001054,0.0007139,0.0004373,0.0002365,0.0001091,4.097e-05,1.192e-05,2.759e-06,7.603e-07,3.775e-07,2.279e-07,1.238e-07,
pal100,photochem,298.5,0.003596,0.00352,0.003298,0.002953,0.002517,0.00203,0.001538,0.001082,0.000696,0.0004005,0.0002,8.308e-05,2.736e-05,7.098e-06,1.9e-06,8.548e-07,5.041e-07,2.729e-07,
pal100,photochem,299.5,0.008905,0.008735,0.008239,0.007458,0.006459,0.005325,0.00415,0.003028,0.002039,0.001244,0.0006694,0.0003059,0.0001134,3.318e-05,8.962e-06,3.595e-06,2.04e-06,1.097e-06,
pal100,photochem,300.5,0.009043,0.008885,0.008422,0.007688,0.006741,0.005651,0.004501,0.003376,0.002355,0.001503,0.0008558,0.0004206,0.0001707,5.518e-05,1.544e-05,5.657e-06,3.062e-06,1.633e-06,
pal100,photochem,301.5,0.01959,0.01928,0.01837,0.01693,0.01504,0.01284,0.01047,0.008092,0.005866,0.003928,0.002379,0.001265,0.0005675,0.0002057,6.165e-05,2.068e-05,1.034e-05,5.424e-06,
pal100,photochem,302.5,0.02585,0.02547,0.02436,0.02258,0.02024,0.01748,0.01448,0.01141,0.008483,0.005864,0.003698,0.002071,0.0009915,0.0003884,0.0001237,3.985e-05,1.854e-05,9.563e-06,
pal100,photochem,303.5,0.0472,0.04658,0.04473,0.04176,0.03782,0.03312,0.02793,0.02254,0.01725,0.01238,0.008188,0.004873,0.002523,0.001087,0.0003785,0.0001198,5.005e-05,2.498e-05,
pal100,photochem,304.5,0.05371,0.05304,0.05106,0.04786,0.04361,0.0385,0.03281,0.02683,0.02089,0.01532,0.01041,0.006417,0.003474,0.001583,0.000584,0.0001863,7.265e-05,3.521e-05,
pal100,photochem,305.5,0.07527,0.07442,0.07189,0.0678,0.06233,0.05569,0.0482,0.04021,0.03211,0.02431,0.01721,0.01117,0.006472,0.003213,0.001305,0.0004346,0.0001531,6.923e-05,
pal100,photochem,306.5,0.08063,0.07975,0.07717,0.07297,0.06733,0.06048,0.0527,0.04435,0.0358,0.02747,0.01979,0.01314,0.007834,0.004035,0.001711,0.0005865,0.0001989,8.628e-05,
pal100,photochem,307.5,0.1221,0.1209,0.1173,0.1115,0.1037,0.09402,0.08299,0.07098,0.0585,0.04609,0.03434,0.0238,0.015,0.008311,0.003853,0.001427,0.000462,0.0001796,
pal100,photochem,308.5,0.1393,0.138,0.134,0.1276,0.119,0.1083,0.0961,0.08271,0.06872,0.05469,0.04127,0.02908,0.01873,0.01066,0.005119,0.001963,0.0006317,0.0002335,
pal100,photochem,309.5,0.1268,0.1256,0.1223,0.1168,0.1094,0.1003,0.08973,0.07807,0.06575,0.05325,0.04108,0.02978,0.0199,0.0119,0.006083,0.002501,0.0008148,0.000273,
pal100,photochem,310.5,0.1766,0.1751,0.1707,0.1635,0.1536,0.1415,0.1273,0.1116,0.09497,0.07785,0.06101,0.04514,0.03097,0.01917,0.01026,0.004458,0.001494,0.0004665,
pal100,photochem,311.5,0.2306,0.2288,0.2232,0.2141,0.2017,0.1863,0.1683,0.1484,0.127,0.105,0.08314,0.06234,0.04352,0.02757,0.01521,0.006865,0.002362,0.0007056,
pal100,photochem,312.5,0.231,0.2293,0.2241,0.2155,0.2038,0.1893,0.1723,0.1532,0.1327,0.1113,0.08977,0.06893,0.04964,0.03278,0.01914,0.009297,0.003428,0.0009678,
pal100,photochem,313.5,0.2636,0.2617,0.2558,0.2463,0.2331,0.2168,0.1977,0.1762,0.153,0.1288,0.1043,0.08058,0.05846,0.03897,0.02305,0.01139,0.004279,0.001198,
pal100,photochem,314.5,0.2693,0.2675,0.2619,0.2527,0.24,0.2243,0.2057,0.1848,0.162,0.1381,0.1137,0.08958,0.06674,0.04612,0.02865,0.01515,0.006173,0.001728,
pal100,photochem,315.5,0.2792,0.2772,0.2715,0.2621,0.2491,0.233,0.2139,0.1924,0.169,0.1444,0.1192,0.09423,0.07051,0.04901,0.03068,0.0164,0.006775,0.001906,
pal100,photochem,316.5,0.2827,0.2809,0.2754,0.2663,0.2538,0.2382,0.2198,0.1989,0.176,0.1518,0.1268,0.1019,0.07783,0.05561,0.03618,0.02043,0.009096,0.00268,
pal100,photochem,317.5,0.3998,0.3972,0.3894,0.3766,0.359,0.337,0.3109,0.2814,0.2491,0.2149,0.1795,0.1443,0.1102,0.07877,0.05124,0.02892,0.01287,0.003788,
pal100,photochem,318.5,0.3193,0.3173,0.3114,0.3016,0.2883,0.2715,0.2516,0.2289,0.2041,0.1776,0.15,0.1223,0.09524,0.06981,0.04706,0.02797,0.01343,0.004271,
pal100,photochem,319.5,0.3906,0.3882,0.3811,0.3693,0.3531,0.3327,0.3086,0.2812,0.251,0.2188,0.1853,0.1515,0.1184,0.0872,0.05917,0.03551,0.01729,0.005602,
pal100,photochem,320.5,0.4768,0.4739,0.4653,0.4511,0.4316,0.4071,0.378,0.3448,0.3084,0.2694,0.2287,0.1876,0.1473,0.1091,0.07464,0.04532,0.02247,0.007447,
pal100,photochem,321.5,0.4103,0.4077,0.4009,0.3893,0.3733,0.3531,0.3291,0.3018,0.2716,0.2391,0.2051,0.1705,0.1362,0.1032,0.07297,0.0465,0.02488,0.009252,
pal100,photochem,322.5,0.4087,0.4063,0.399,0.387,0.3705,0.3498,0.3251,0.297,0.2661,0.2329,0.1983,0.1632,0.1286,0.09581,0.06601,0.0405,0.0204,0.006908,
pal100,photochem,323.5,0.4261,0.4253,0.4182,0.4064,0.3901,0.3695,0.3451,0.3172,0.2863,0.2531,0.2181,0.1824,0.1468,0.1125,0.08064,0.05249,0.02907,0.01145,
pal100,photochem,324.5,0.5016,0.4988,0.4904,0.4765,0.4574,0.4333,0.4046,0.3719,0.3356,0.2966,0.2556,0.2136,0.1718,0.1315,0.09412,0.0611,0.0337,0.01319,
pal100,photochem,325.5,0.5609,0.5577,0.5483,0.5327,0.5112,0.4841,0.4518,0.415,0.3742,0.3303,0.2842,0.2371,0.1902,0.1451,0.1033,0.06653,0.03621,0.01385,
pal100,photochem,326.5,0.6855,0.6817,0.6707,0.6524,0.6272,0.5954,0.5575,0.5142,0.4661,0.4141,0.3593,0.303,0.2465,0.1916,0.1402,0.09399,0.05467,0.02357,
pal100,photochem,327.5,0.6362,0.6327,0.6223,0.6051,0.5815,0.5516,0.5161,0.4754,0.4303,0.3816,0.3303,0.2776,0.2248,0.1737,0.126,0.08334,0.04741,0.01962,
pal100,photochem,328.5,0.5873,0.5841,0.5745,0.5587,0.5369,0.5094,0.4767,0.4391,0.3975,0.3526,0.3053,0.2566,0.208,0.1607,0.1166,0.07714,0.04391,0.01818,
pal100,photochem,329.5,0.766,0.7622,0.7502,0.7302,0.7026,0.6679,0.6264,0.5789,0.526,0.4689,0.4084,0.3461,0.2834,0.2222,0.1644,0.1121,0.06709,0.03057,
pal100,photochem,330.5,0.6945,0.6909,0.6798,0.6615,0.6362,0.6043,0.5663,0.5228,0.4744,0.4221,0.3668,0.3099,0.2527,0.1969,0.1445,0.0973,0.057,0.02492,
pal100,photochem,331.5,0.6858,0.6821,0.6712,0.6531,0.6281,0.5966,0.559,0.516,0.4682,0.4164,0.3618,0.3055,0.2489,0.1938,0.1419,0.09531,0.05558,0.02409,
pal100,photochem,332.5,0.6782,0.6747,0.6641,0.6466,0.6225,0.5921,0.5558,0.5141,0.4678,0.4176,0.3644,0.3095,0.2541,0.1999,0.1485,0.1019,0.06165,0.02871,
pal100,photochem,333.5,0.6358,0.6325,0.6225,0.606,0.5832,0.5545,0.5202,0.4808,0.437,0.3896,0.3394,0.2876,0.2354,0.1844,0.1362,0.09255,0.05509,0.02486,
pal100,photochem,334.5,0.7109,0.7072,0.6961,0.6778,0.6524,0.6205,0.5824,0.5386,0.4899,0.4371,0.3813,0.3235,0.2653,0.2083,0.1543,0.1054,0.06322,0.02899,
pal100,photochem,335.5,0.7218,0.7181,0.707,0.6886,0.6632,0.6312,0.5929,0.5489,0.5,0.4469,0.3907,0.3325,0.2736,0.2159,0.161,0.1111,0.06785,0.03223,
pal100,photochem,336.5,0.5638,0.5609,0.5522,0.5378,0.5179,0.4929,0.4629,0.4285,0.3902,0.3487,0.3047,0.2591,0.2131,0.1679,0.125,0.08597,0.05221,0.02454,
pal100,photochem,337.5,0.6178,0.6146,0.605,0.5892,0.5673,0.5396,0.5066,0.4687,0.4265,0.3807,0.3322,0.2821,0.2314,0.1817,0.1346,0.0919,0.05511,0.02526,
pal100,photochem,338.5,0.6532,0.6499,0.6399,0.6233,0.6005,0.5716,0.5371,0.4975,0.4534,0.4055,0.3547,0.302,0.2487,0.1963,0.1465,0.1011,0.06177,0.0294,
pal100,photochem,339.5,0.7101,0.7064,0.6956,0.6777,0.6529,0.6216,0.5842,0.5413,0.4934,0.4414,0.3863,0.3291,0.2712,0.2142,0.16,0.1106,0.06772,0.0324,
pal100,photochem,340.5,0.7583,0.7544,0.7428,0.7236,0.6971,0.6636,0.6236,0.5776,0.5263,0.4707,0.4116,0.3504,0.2884,0.2274,0.1694,0.1166,0.07089,0.03344,
pal100,photochem,341.5,0.6739,0.6705,0.6603,0.6433,0.6199,0.5904,0.555,0.5144,0.4692,0.42,0.3677,0.3135,0.2586,0.2045,0.1529,0.1058,0.06494,0.03124,
pal100,photochem,342.5,0.7465,0.7427,0.7314,0.7127,0.6868,0.6541,0.6151,0.5702,0.5202,0.4658,0.408,0.348,0.2872,0.2272,0.17,0.1178,0.07239,0.03494,
pal100,photochem,343.5,0.7748,0.7709,0.7591,0.7397,0.7129,0.6789,0.6384,0.5918,0.5398,0.4832,0.4232,0.3609,0.2976,0.2353,0.1758,0.1216,0.07446,0.0357,
pal100,photochem,344.5,0.5427,0.5399,0.5317,0.5181,0.4993,0.4755,0.447,0.4143,0.3779,0.3383,0.2962,0.2524,0.2081,0.1644,0.1227,0.0846,0.05162,0.02457,
pal100,photochem,345.5,0.7439,0.7402,0.729,0.7105,0.6848,0.6525,0.6137,0.5692,0.5196,0.4655,0.4081,0.3484,0.2877,0.2279,0.1707,0.1184,0.07288,0.03536,
pal100,photochem,346.5,0.6953,0.6918,0.6813,0.6639,0.6399,0.6096,0.5733,0.5316,0.4851,0.4345,0.3807,0.3248,0.268,0.2119,0.1584,0.1095,0.06701,0.03213,
pal100,photochem,347.5,0.6791,0.6757,0.6655,0.6486,0.6252,0.5956,0.5602,0.5196,0.4742,0.4248,0.3723,0.3177,0.2622,0.2074,0.1551,0.1072,0.06565,0.03152,
pal100,photochem,348.5,0.7462,0.7425,0.7313,0.7127,0.6871,0.6547,0.6159,0.5714,0.5216,0.4674,0.4098,0.3499,0.2889,0.2287,0.1711,0.1184,0.07266,0.03503,
pal100,photochem,349.5,0.6251,0.622,0.6126,0.5971,0.5757,0.5485,0.5161,0.4788,0.4371,0.3918,0.3435,0.2933,0.2423,0.1918,0.1435,0.09927,0.06088,0.02933,
pal100,photochem,350.5,0.8749,0.8706,0.8575,0.8358,0.8058,0.7679,0.7226,0.6705,0.6122,0.5488,0.4813,0.4111,0.3396,0.2689,0.2012,0.1392,0.08541,0.04119,
pal100,photochem,351.5,0.7537,0.75,0.7387,0.7201,0.6943,0.6616,0.6226,0.5777,0.5276,0.473,0.4148,0.3543,0.2927,0.2317,0.1734,0.1199,0.07347,0.03538,
pal100,photochem,352.5,0.6796,0.6762,0.666,0.6492,0.626,0.5967,0.5615,0.5211,0.476,0.4268,0.3744,0.3199,0.2643,0.2093,0.1567,0.1084,0.06644,0.03203,
pal100,photochem,353.5,0.8178,0.8137,0.8015,0.7814,0.7535,0.7182,0.676,0.6275,0.5732,0.5141,0.4512,0.3855,0.3187,0.2525,0.1891,0.1308,0.08028,0.03879,
pal100,photochem,354.5,0.8848,0.8804,0.8672,0.8455,0.8154,0.7773,0.7317,0.6792,0.6206,0.5568,0.4887,0.4177,0.3455,0.2738,0.2051,0.142,0.08717,0.04219,
pal100,photochem,355.5,0.8265,0.8224,0.8102,0.7899,0.7618,0.7263,0.6837,0.6348,0.5801,0.5205,0.4569,0.3906,0.3231,0.2561,0.1918,0.1328,0.08153,0.03946,
pal100,photochem,356.5,0.7667,0.7629,0.7516,0.7328,0.7067,0.6738,0.6344,0.5891,0.5384,0.4831,0.4242,0.3627,0.3,0.2379,0.1782,0.1233,0.07568,0.03663,
pal100,photochem,357.5,0.6517,0.6485,0.6388,0.6229,0.6008,0.5729,0.5394,0.5009,0.4578,0.4109,0.3608,0.3086,0.2553,0.2024,0.1516,0.1049,0.06435,0.03113,
pal100,photochem,358.5,0.5027,0.5002,0.4928,0.4805,0.4635,0.442,0.4162,0.3865,0.3534,0.3172,0.2786,0.2383,0.1972,0.1564,0.1172,0.0811,0.04975,0.02409,
pal100,photochem,359.5,0.8458,0.8416,0.8291,0.8084,0.7799,0.7437,0.7004,0.6505,0.5948,0.5339,0.469,0.4013,0.3321,0.2634,0.1974,0.1366,0.08378,0.04056,
pal100,photochem,360.5,0.7836,0.7798,0.7682,0.7491,0.7227,0.6892,0.6491,0.603,0.5513,0.495,0.4349,0.3722,0.3081,0.2444,0.1831,0.1267,0.07771,0.03762,
pal100,photochem,361.5,0.7062,0.7028,0.6924,0.6752,0.6514,0.6213,0.5852,0.5436,0.4972,0.4464,0.3923,0.3358,0.278,0.2206,0.1653,0.1144,0.07016,0.03398,
pal100,photochem,362.5,0.829,0.825,0.8128,0.7926,0.7647,0.7294,0.6871,0.6384,0.5839,0.5244,0.4609,0.3946,0.3268,0.2593,0.1943,0.1345,0.08248,0.03996,
pal100,photochem,363.5,0.7372,0.7336,0.7228,0.7049,0.6801,0.6487,0.6112,0.5679,0.5195,0.4666,0.4102,0.3512,0.2909,0.2309,0.1731,0.1198,0.07342,0.03557,
pal100,photochem,364.5,0.8039,0.7999,0.7882,0.7687,0.7417,0.7075,0.6666,0.6195,0.5667,0.5091,0.4476,0.3833,0.3175,0.252,0.1889,0.1307,0.08012,0.03881,
pal100,photochem,365.5,0.9792,0.9744,0.96,0.9363,0.9035,0.8619,0.8122,0.7548,0.6906,0.6205,0.5456,0.4672,0.3871,0.3073,0.2304,0.1594,0.09764,0.04727,
pal100,photochem,366.5,1.036,1.031,1.016,0.9906,0.9559,0.912,0.8594,0.7988,0.731,0.6568,0.5776,0.4948,0.4101,0.3256,0.2441,0.1689,0.1034,0.05009,
pal100,photochem,367.5,0.9832,0.9784,0.964,0.9403,0.9074,0.8658,0.8159,0.7585,0.6941,0.6238,0.5487,0.4701,0.3897,0.3094,0.232,0.1605,0.09831,0.04761,
pal100,photochem,368.5,0.8634,0.8592,0.8466,0.8257,0.7969,0.7604,0.7167,0.6663,0.6098,0.5481,0.4822,0.4132,0.3425,0.2721,0.204,0.1411,0.0864,0.04184,
pal100,photochem,369.5,1.035,1.03,1.015,0.9902,0.9557,0.9119,0.8596,0.7992,0.7315,0.6576,0.5786,0.4959,0.4112,0.3266,0.2449,0.1694,0.1037,0.05021,
pal100,photochem,370.5,0.9389,0.9343,0.9207,0.8981,0.8668,0.8272,0.7798,0.725,0.6637,0.5968,0.5251,0.4501,0.3733,0.2966,0.2224,0.1538,0.09414,0.04557,
pal100,photochem,371.5,1.074,1.069,1.053,1.027,0.9916,0.9463,0.8921,0.8296,0.7595,0.683,0.6011,0.5153,0.4274,0.3396,0.2547,0.1762,0.1078,0.05217,
pal100,photochem,372.5,0.793,0.7891,0.7776,0.7586,0.7322,0.6989,0.6589,0.6128,0.5611,0.5046,0.4442,0.3808,0.3159,0.2511,0.1883,0.1302,0.07967,0.03856,
pal100,photochem,373.5,0.7165,0.713,0.7026,0.6855,0.6617,0.6316,0.5955,0.5538,0.5072,0.4562,0.4016,0.3444,0.2858,0.2271,0.1704,0.1178,0.07204,0.03486,
pal100,photochem,374.5,0.7861,0.7823,0.7709,0.7521,0.7261,0.6931,0.6535,0.6078,0.5567,0.5008,0.4409,0.3782,0.3138,0.2495,0.1872,0.1294,0.0791,0.03827,
pal100,photochem,375.5,0.8866,0.8823,0.8695,0.8483,0.819,0.7818,0.7372,0.6858,0.6282,0.5651,0.4977,0.4269,0.3543,0.2817,0.2114,0.1461,0.08931,0.0432,
pal100,photochem,376.5,0.8851,0.8808,0.868,0.8469,0.8176,0.7805,0.7361,0.6848,0.6273,0.5645,0.4972,0.4265,0.3541,0.2816,0.2113,0.1461,0.08924,0.04316,
pal100,photochem,377.5,1.054,1.049,1.033,1.008,0.9734,0.9293,0.8765,0.8155,0.7471,0.6723,0.5922,0.5082,0.4219,0.3356,0.2518,0.1741,0.1063,0.05142,
pal100,photochem,378.5,1.148,1.142,1.126,1.099,1.061,1.013,0.9552,0.8888,0.8143,0.7329,0.6457,0.5542,0.4602,0.366,0.2747,0.1899,0.116,0.05606,
pal100,photochem,379.5,0.849,0.8449,0.8327,0.8125,0.7845,0.7491,0.7066,0.6575,0.6025,0.5423,0.4779,0.4102,0.3407,0.271,0.2034,0.1406,0.08583,0.04148,
pal100,photochem,380.5,1.021,1.016,1.001,0.9769,0.9433,0.9007,0.8497,0.7908,0.7247,0.6524,0.5749,0.4936,0.41,0.3262,0.2449,0.1693,0.1033,0.04991,
pal100,photochem,381.5,0.9588,0.9542,0.9405,0.9177,0.8862,0.8462,0.7983,0.743,0.681,0.6132,0.5404,0.464,0.3855,0.3068,0.2303,0.1592,0.09712,0.04692,
pal100,photochem,382.5,0.6387,0.6356,0.6265,0.6113,0.5904,0.5638,0.5319,0.4951,0.4538,0.4087,0.3602,0.3094,0.2571,0.2046,0.1536,0.1062,0.06475,0.03128,
pal100,photochem,383.5,0.5607,0.558,0.55,0.5367,0.5183,0.495,0.467,0.4348,0.3986,0.3589,0.3164,0.2718,0.2259,0.1798,0.135,0.09331,0.05689,0.02747,
pal100,photochem,384.5,0.8411,0.8371,0.8251,0.8052,0.7776,0.7427,0.7008,0.6524,0.5982,0.5388,0.475,0.4081,0.3392,0.2701,0.2028,0.1401,0.08543,0.04124,
pal100,photochem,385.5,0.8319,0.828,0.8161,0.7964,0.7692,0.7347,0.6933,0.6455,0.5919,0.5331,0.4702,0.404,0.3358,0.2674,0.2008,0.1388,0.08457,0.04082,
pal100,photochem,386.5,0.8478,0.8437,0.8316,0.8116,0.7839,0.7488,0.7067,0.658,0.6034,0.5436,0.4794,0.412,0.3426,0.2728,0.2049,0.1416,0.08626,0.04162,
pal100,photochem,387.5,0.7877,0.7839,0.7727,0.7541,0.7284,0.6958,0.6567,0.6115,0.5608,0.5053,0.4457,0.3831,0.3186,0.2538,0.1906,0.1317,0.08022,0.03869,
pal100,photochem,388.5,0.7893,0.7855,0.7743,0.7557,0.73,0.6973,0.6582,0.6129,0.5622,0.5066,0.4469,0.3842,0.3195,0.2546,0.1912,0.1321,0.08045,0.0388,
pal100,photochem,389.5,0.995,0.9903,0.9762,0.9528,0.9203,0.8792,0.8299,0.773,0.709,0.639,0.5638,0.4847,0.4032,0.3213,0.2414,0.1668,0.1015,0.04894,
pal100,photochem,390.5,0.9771,0.9725,0.9586,0.9356,0.9038,0.8635,0.8151,0.7592,0.6965,0.6278,0.554,0.4763,0.3963,0.3158,0.2373,0.164,0.09978,0.04809,
pal100,photochem,391.5,1.159,1.153,1.137,1.11,1.072,1.024,0.967,0.9007,0.8264,0.7449,0.6574,0.5654,0.4705,0.375,0.2818,0.1947,0.1184,0.05707,
pal100,photochem,392.5,0.8688,0.8647,0.8523,0.832,0.8038,0.768,0.7251,0.6755,0.6198,0.5587,0.4932,0.4242,0.3531,0.2815,0.2115,0.1461,0.08888,0.04281,
pal100,photochem,393.5,0.3776,0.3758,0.3705,0.3616,0.3494,0.3338,0.3152,0.2937,0.2695,0.243,0.2145,0.1845,0.1536,0.1225,0.09205,0.06359,0.03866,0.01862,
pal100,photochem,394.5,0.8883,0.8841,0.8715,0.8508,0.822,0.7855,0.7416,0.691,0.6342,0.5718,0.5049,0.4344,0.3617,0.2884,0.2168,0.1498,0.09104,0.04382,
pal100,photochem,395.5,1.143,1.137,1.121,1.094,1.057,1.01,0.9542,0.8891,0.816,0.7359,0.6498,0.5592,0.4657,0.3714,0.2792,0.1929,0.1172,0.0564,
pal100,photochem,396.5,0.6708,0.6676,0.6582,0.6425,0.6208,0.5933,0.5603,0.5221,0.4792,0.4322,0.3817,0.3285,0.2736,0.2183,0.1641,0.1134,0.06887,0.03313,
pal100,photochem,397.5,0.7738,0.7702,0.7593,0.7413,0.7163,0.6845,0.6465,0.6025,0.5531,0.4989,0.4407,0.3793,0.316,0.2521,0.1895,0.1309,0.07953,0.03824,
pal100,photochem,398.5,1.329,1.323,1.304,1.273,1.231,1.176,1.111,1.035,0.9505,0.8575,0.7575,0.6521,0.5433,0.4335,0.326,0.2252,0.1368,0.06574,
pal100,photochem,399.5,1.382,1.376,1.357,1.324,1.28,1.223,1.155,1.077,0.9888,0.8921,0.7882,0.6786,0.5655,0.4513,0.3394,0.2345,0.1423,0.0684,
pal100,photochem,400.5,1.453,1.446,1.426,1.392,1.345,1.286,1.215,1.132,1.04,0.9381,0.8289,0.7138,0.5949,0.4748,0.3572,0.2468,0.1497,0.07193,
pal100,photochem,401.5,1.495,1.488,1.467,1.432,1.384,1.323,1.25,1.165,1.07,0.9654,0.8531,0.7348,0.6125,0.4889,0.3678,0.2541,0.1542,0.07403,
pal100,photochem,402.5,1.551,1.544,1.522,1.486,1.436,1.373,1.297,1.209,1.111,1.002,0.886,0.7632,0.6362,0.508,0.3822,0.2641,0.1602,0.07687,
pal100,photochem,403.5,1.42,1.413,1.393,1.36,1.315,1.257,1.187,1.107,1.017,0.9178,0.8113,0.6989,0.5828,0.4654,0.3502,0.2419,0.1467,0.07039,
pal100,photochem,404.5,1.392,1.386,1.366,1.334,1.289,1.233,1.164,1.086,0.9974,0.9004,0.796,0.6858,0.5719,0.4568,0.3438,0.2375,0.144,0.06906,
pal100,photochem,405.5,1.446,1.439,1.419,1.385,1.339,1.28,1.21,1.128,1.036,0.9355,0.8272,0.7128,0.5945,0.4749,0.3575,0.247,0.1497,0.07176,
pal100,photochem,406.5,1.361,1.355,1.336,1.305,1.261,1.206,1.139,1.063,0.9762,0.8814,0.7794,0.6717,0.5604,0.4477,0.337,0.2328,0.1411,0.06761,
pal100,photochem,407.5,1.372,1.366,1.347,1.315,1.271,1.216,1.149,1.071,0.9843,0.8888,0.786,0.6776,0.5653,0.4517,0.3401,0.235,0.1423,0.06817,
pal100,photochem,408.5,1.528,1.521,1.5,1.464,1.416,1.354,1.279,1.193,1.096,0.9901,0.8757,0.755,0.63,0.5035,0.3791,0.2619,0.1586,0.07594,
pal100,photochem,409.5,1.498,1.491,1.47,1.435,1.388,1.327,1.254,1.17,1.075,0.9708,0.8588,0.7405,0.618,0.494,0.372,0.257,0.1556,0.07446,
pal100,photochem,410.5,1.299,1.293,1.274,1.245,1.203,1.151,1.087,1.014,0.9323,0.8421,0.745,0.6425,0.5363,0.4287,0.3229,0.2231,0.135,0.06459,
pal100,photochem,411.5,1.561,1.553,1.532,1.496,1.446,1.383,1.307,1.219,1.121,1.012,0.8958,0.7726,0.645,0.5157,0.3885,0.2684,0.1624,0.07766,
pal100,photochem,412.5,1.546,1.539,1.518,1.482,1.433,1.37,1.295,1.209,1.111,1.004,0.8882,0.7661,0.6397,0.5116,0.3854,0.2663,0.1611,0.07701,
pal100,photochem,413.5,1.5,1.493,1.472,1.437,1.39,1.329,1.256,1.172,1.078,0.9737,0.8617,0.7434,0.6208,0.4966,0.3742,0.2585,0.1564,0.07472,
pal100,photochem,414.5,1.541,1.534,1.512,1.477,1.428,1.366,1.291,1.205,1.108,1.001,0.886,0.7645,0.6385,0.5108,0.385,0.266,0.1608,0.07682,
pal100,photochem,415.5,1.474,1.467,1.446,1.413,1.366,1.306,1.235,1.153,1.06,0.9576,0.8477,0.7315,0.6111,0.4889,0.3685,0.2546,0.1539,0.07348,
pal100,photochem,416.5,1.603,1.596,1.574,1.537,1.486,1.422,1.344,1.254,1.153,1.042,0.9229,0.7965,0.6655,0.5326,0.4014,0.2774,0.1676,0.07998,
pal100,photochem,417.5,1.466,1.459,1.439,1.405,1.359,1.3,1.229,1.147,1.055,0.9532,0.844,0.7285,0.6088,0.4872,0.3673,0.2538,0.1533,0.07313,
pal100,photochem,418.5,1.477,1.47,1.45,1.416,1.369,1.31,1.238,1.156,1.063,0.9609,0.8509,0.7346,0.6139,0.4914,0.3706,0.2561,0.1547,0.07373,
pal100,photochem,419.5,1.525,1.518,1.497,1.462,1.414,1.353,1.279,1.194,1.098,0.9928,0.8793,0.7592,0.6346,0.5081,0.3832,0.2648,0.1599,0.07619,
pal100,vulcan,280.5,1.057e-12,9.577e-13,7.101e-13,4.261e-13,2.029e-13,7.443e-14,2.013e-14,3.772e-15,4.48e-16,2.965e-17,9.043e-19,9.86e-21,1.384e-22,6.415e-23,4.382e-23,3.111e-23,2.14e-23,1.297e-23,
pal100,vulcan,281.5,2.422e-11,2.214e-11,1.685e-11,1.058e-11,5.374e-12,2.153e-12,6.532e-13,1.419e-13,2.035e-14,1.715e-15,7.142e-17,1.17e-18,1.909e-20,7.964e-21,5.419e-21,3.847e-21,2.648e-21,1.605e-21,
pal100,vulcan,282.5,2.432e-10,2.24e-10,1.744e-10,1.137e-10,6.11e-11,2.639e-11,8.84e-12,2.18e-12,3.676e-13,3.808e-14,2.073e-15,4.81e-17,9.269e-19,3.424e-19,2.319e-19,1.646e-19,1.134e-19,6.874e-20,
pal100,vulcan,283.5,9.85e-10,9.114e-10,7.199e-10,4.813e-10,2.682e-10,1.217e-10,4.346e-11,1.164e-11,2.179e-12,2.583e-13,1.673e-14,4.865e-16,1.063e-17,3.56e-18,2.401e-18,1.704e-18,1.174e-18,7.122e-19,
pal100,vulcan,284.5,7.588e-09,7.083e-09,5.745e-09,4.019e-09,2.392e-09,1.187e-09,4.763e-10,1.481e-10,3.359e-11,5.085e-12,4.518e-13,1.984e-14,5.747e-16,1.561e-16,1.039e-16,7.361e-17,5.076e-17,3.081e-17,
pal100,vulcan,285.5,2.145e-08,2.015e-08,1.667e-08,1.206e-08,7.537e-09,3.995e-09,1.748e-09,6.072e-10,1.586e-10,2.877e-11,3.23e-12,1.921e-13,7.12e-15,1.617e-15,1.058e-15,7.483e-16,5.163e-16,3.136e-16,
pal100,vulcan,286.5,2.147e-07,2.027e-07,1.703e-07,1.264e-07,8.201e-08,4.573e-08,2.138e-08,8.088e-09,2.355e-09,4.91e-10,6.595e-11,4.954e-12,2.264e-13,4.44e-14,2.843e-14,2.006e-14,1.385e-14,8.418e-15,
pal100,vulcan,287.5,1.024e-06,9.718e-07,8.298e-07,6.339e-07,4.288e-07,2.529e-07,1.273e-07,5.292e-08,1.739e-08,4.229e-09,6.931e-10,6.742e-11,3.968e-12,6.646e-13,4.084e-13,2.871e-13,1.981e-13,1.205e-13,
pal100,vulcan,288.5,4.199e-06,4.01e-06,3.487e-06,2.748e-06,1.945e-06,1.22e-06,6.648e-07,3.063e-07,1.147e-07,3.299e-08,6.715e-09,8.65e-10,6.849e-11,9.944e-12,5.639e-12,3.936e-12,2.715e-12,1.653e-12,
pal100,vulcan,289.5,1.991e-05,1.909e-05,1.682e-05,1.355e-05,9.907e-06,6.491e-06,3.746e-06,1.858e-06,7.641e-07,2.477e-07,5.885e-08,9.262e-09,9.164e-10,1.245e-10,6.418e-11,4.444e-11,3.062e-11,1.866e-11,
pal100,vulcan,290.5,7.042e-05,6.779e-05,6.038e-05,4.956e-05,3.723e-05,2.531e-05,1.533e-05,8.086e-06,3.599e-06,1.291e-06,3.491e-07,6.502e-08,7.809e-09,1.04e-09,4.786e-10,3.276e-10,2.253e-10,1.374e-10,
pal100,vulcan,291.5,0.0001926,0.0001861,0.0001679,0.0001407,0.000109,7.729e-05,4.943e-05,2.797e-05,1.361e-05,5.471e-06,1.715e-06,3.864e-07,5.819e-08,8.02e-09,3.112e-09,2.08e-09,1.425e-09,8.696e-10,
pal100,vulcan,292.5,0.000409,0.0003966,0.0003613,0.0003083,0.0002449,0.0001796,0.0001201,7.197e-05,3.768e-05,1.663e-05,5.878e-06,1.548e-06,2.816e-07,4.19e-08,1.377e-08,8.879e-09,6.054e-09,3.694e-09,
pal100,vulcan,293.5,0.001047,0.001019,0.0009368,0.0008124,0.0006609,0.0005006,0.0003491,0.0002208,0.0001238,5.965e-05,2.361e-05,7.196e-06,1.568e-06,2.616e-07,7.314e-08,4.432e-08,2.998e-08,1.828e-08,
pal100,vulcan,294.5,0.001808,0.001763,0.001634,0.001435,0.00119,0.0009241,0.0006661,0.0004393,0.00026,0.0001342,5.801e-05,1.983e-05,4.987e-06,9.339e-07,2.337e-07,1.306e-07,8.752e-08,5.33e-08,
pal100,vulcan,295.5,0.004095,0.004004,0.00374,0.00333,0.002815,0.002246,0.001676,0.001156,0.0007242,0.000402,0.0001909,7.365e-05,2.16e-05,4.678e-06,1.082e-06,5.307e-07,3.49e-07,2.119e-07,
pal100,vulcan,296.5,0.00655,0.006418,0.006035,0.005434,0.00467,0.003809,0.002926,0.002095,0.001376,0.0008115,0.0004164,0.0001777,5.926e-05,1.471e-05,3.348e-06,1.415e-06,9.038e-07,5.465e-07,
pal100,vulcan,297.5,0.01162,0.01141,0.01079,0.00981,0.008551,0.007112,0.005605,0.004145,0.002838,0.001765,0.0009693,0.0004517,0.0001687,4.764e-05,1.118e-05,4.058e-06,2.47e-06,1.484e-06,
pal100,vulcan,298.5,0.01297,0.01275,0.01212,0.01112,0.009808,0.008292,0.006676,0.005075,0.003598,0.00234,0.001361,0.0006829,0.0002808,8.892e-05,2.22e-05,7.081e-06,4.021e-06,2.394e-06,
pal100,vulcan,299.5,0.02716,0.02675,0.02554,0.0236,0.02107,0.01809,0.01486,0.01159,0.008494,0.005759,0.003535,0.001902,0.0008567,0.0003035,8.262e-05,2.383e-05,1.218e-05,7.14e-06,
pal100,vulcan,300.5,0.02427,0.02393,0.02293,0.02132,0.0192,0.01668,0.01392,0.01107,0.008323,0.005828,0.003728,0.002117,0.001022,0.0003958,0.0001171,3.226e-05,1.473e-05,8.459e-06,
pal100,vulcan,301.5,0.04572,0.04513,0.04341,0.04063,0.03693,0.0325,0.02758,0.02242,0.01731,0.01255,0.008397,0.005052,0.002633,0.001124,0.0003698,0.0001012,3.961e-05,2.187e-05,
pal100,vulcan,302.5,0.05503,0.05438,0.05243,0.04928,0.04508,0.04001,0.03432,0.0283,0.02225,0.01651,0.01137,0.007105,0.003892,0.001774,0.0006297,0.0001766,6.184e-05,3.267e-05,
pal100,vulcan,303.5,0.09012,0.08913,0.0862,0.08143,0.07503,0.06726,0.05845,0.049,0.03936,0.02999,0.02138,0.01397,0.008121,0.004003,0.001565,0.0004665,0.0001444,7.011e-05,
pal100,vulcan,304.5,0.0963,0.0953,0.09232,0.08747,0.08094,0.07298,0.0639,0.05409,0.04398,0.03403,0.02475,0.0166,0.009984,0.00515,0.002133,0.0006682,0.0001953,8.824e-05,
pal100,vulcan,305.5,0.1229,0.1217,0.1182,0.1125,0.1047,0.09524,0.08432,0.0724,0.05994,0.04747,0.03556,0.02479,0.01568,0.008659,0.003925,0.001349,0.0003763,0.0001468,
pal100,vulcan,306.5,0.1264,0.1252,0.1217,0.1161,0.1084,0.09891,0.088,0.07602,0.06343,0.05074,0.0385,0.02728,0.01764,0.01003,0.004729,0.0017,0.0004727,0.0001705,
pal100,vulcan,307.5,0.1771,0.1756,0.1711,0.1637,0.1536,0.1412,0.1268,0.1108,0.09385,0.07651,0.05948,0.0435,0.02933,0.01765,0.008994,0.003562,0.001025,0.0003131,
pal100,vulcan,308.5,0.196,0.1944,0.1895,0.1816,0.1708,0.1574,0.1419,0.1246,0.1061,0.08714,0.06838,0.05063,0.03469,0.02134,0.0112,0.004614,0.001363,0.0003898,
pal100,vulcan,309.5,0.1694,0.1681,0.1641,0.1577,0.1488,0.1378,0.1249,0.1105,0.09509,0.07907,0.06306,0.04767,0.03358,0.02144,0.01186,0.005251,0.001654,0.0004276,
pal100,vulcan,310.5,0.2275,0.2258,0.2207,0.2124,0.2009,0.1867,0.17,0.1512,0.131,0.11,0.0887,0.06807,0.0489,0.03209,0.01844,0.008608,0.002876,0.0007058,
pal100,vulcan,311.5,0.29,0.2879,0.2816,0.2712,0.257,0.2393,0.2186,0.1952,0.1699,0.1434,0.1166,0.09036,0.06577,0.04392,0.02588,0.01252,0.004369,0.001049,
pal100,vulcan,312.5,0.2783,0.2764,0.2706,0.2612,0.2483,0.2321,0.213,0.1915,0.1681,0.1434,0.1181,0.09317,0.06941,0.04786,0.0295,0.01525,0.005819,0.001403,
pal100,vulcan,313.5,0.3143,0.3122,0.3058,0.2953,0.2808,0.2628,0.2415,0.2175,0.1913,0.1636,0.1352,0.1071,0.08025,0.05575,0.03473,0.01823,0.007115,0.001729,
pal100,vulcan,314.5,0.3095,0.3075,0.3015,0.2917,0.2781,0.2611,0.241,0.2182,0.1933,0.1668,0.1395,0.1122,0.08572,0.06118,0.03962,0.02204,0.009384,0.002431,
pal100,vulcan,315.5,0.3188,0.3168,0.3107,0.3006,0.2868,0.2694,0.2489,0.2256,0.2001,0.173,0.1449,0.1168,0.08959,0.06424,0.04186,0.02351,0.01016,0.002671,
pal100,vulcan,316.5,0.3139,0.3119,0.3062,0.2966,0.2835,0.2671,0.2475,0.2254,0.201,0.1749,0.1479,0.1206,0.09392,0.06878,0.04619,0.02716,0.01262,0.003626,
pal100,vulcan,317.5,0.4437,0.4409,0.4328,0.4193,0.4008,0.3776,0.35,0.3187,0.2843,0.2475,0.2093,0.1707,0.133,0.09741,0.06543,0.03847,0.01787,0.005135,
pal100,vulcan,318.5,0.3452,0.3431,0.337,0.327,0.3131,0.2945,0.2749,0.2513,0.2253,0.1974,0.1683,0.1388,0.1096,0.08184,0.05651,0.03466,0.01726,0.00551,
pal100,vulcan,319.5,0.4202,0.4177,0.4103,0.3982,0.3815,0.3604,0.3354,0.3069,0.2754,0.2416,0.2064,0.1705,0.135,0.1012,0.07026,0.04343,0.02192,0.007158,
pal100,vulcan,320.5,0.5098,0.5069,0.498,0.4834,0.4633,0.438,0.4079,0.3736,0.3357,0.295,0.2525,0.2091,0.1662,0.1251,0.08739,0.05454,0.02797,0.009388,
pal100,vulcan,321.5,0.4284,0.426,0.4189,0.407,0.3907,0.3702,0.3458,0.3178,0.2869,0.2536,0.2186,0.1828,0.1472,0.1127,0.08076,0.0524,0.0287,0.01088,
pal100,vulcan,322.5,0.4345,0.432,0.4246,0.4122,0.3953,0.3739,0.3485,0.3196,0.2875,0.2526,0.217,0.1802,0.1437,0.1086,0.07631,0.04804,0.025,0.008607,
pal100,vulcan,323.5,0.4419,0.4394,0.4322,0.4202,0.4037,0.3829,0.3581,0.3298,0.2983,0.2645,0.2288,0.1922,0.1556,0.1202,0.08703,0.05744,0.0324,0.013,
pal100,vulcan,324.5,0.5186,0.5158,0.5073,0.4932,0.4738,0.4494,0.4203,0.387,0.3501,0.3103,0.2685,0.2255,0.1825,0.1408,0.1019,0.0671,0.03773,0.01505,
pal100,vulcan,325.5,0.5821,0.5789,0.5693,0.5535,0.5316,0.5041,0.4713,0.4338,0.3923,0.3474,0.3002,0.2518,0.2034,0.1566,0.1128,0.07384,0.04108,0.01604,
pal100,vulcan,326.5,0.6977,0.694,0.6829,0.6645,0.6391,0.6071,0.5689,0.5252,0.4766,0.4242,0.3688,0.3117,0.2545,0.1987,0.1461,0.09874,0.05804,0.02534,
pal100,vulcan,327.5,0.6516,0.648,0.6376,0.6202,0.5964,0.5662,0.5303,0.4892,0.4435,0.3942,0.3421,0.2885,0.2348,0.1825,0.1333,0.08916,0.05148,0.02167,
pal100,vulcan,328.5,0.6013,0.5981,0.5884,0.5725,0.5505,0.5227,0.4896,0.4517,0.4096,0.3641,0.3161,0.2666,0.217,0.1687,0.1233,0.08246,0.04762,0.02005,
pal100,vulcan,329.5,0.7734,0.7693,0.7572,0.7372,0.7095,0.6746,0.633,0.5853,0.5322,0.4748,0.414,0.3513,0.2882,0.2264,0.168,0.115,0.06923,0.03178,
pal100,vulcan,330.5,0.7051,0.7014,0.6903,0.6718,0.6465,0.6144,0.5762,0.5323,0.4836,0.4309,0.3751,0.3176,0.2597,0.2032,0.1498,0.1016,0.06009,0.0266,
pal100,vulcan,331.5,0.697,0.6933,0.6823,0.6641,0.639,0.6073,0.5695,0.5261,0.4779,0.4258,0.3706,0.3137,0.2564,0.2004,0.1476,0.09984,0.05884,0.02586,
pal100,vulcan,332.5,0.6822,0.6787,0.6681,0.6506,0.6265,0.596,0.5596,0.5178,0.4713,0.421,0.3676,0.3125,0.2569,0.2023,0.1506,0.1037,0.06294,0.02947,
pal100,vulcan,333.5,0.6425,0.6391,0.6291,0.6125,0.5897,0.5608,0.5263,0.4868,0.4428,0.3951,0.3447,0.2925,0.2399,0.1884,0.1396,0.09534,0.05714,0.02603,
pal100,vulcan,334.5,0.7166,0.7129,0.7018,0.6834,0.6581,0.626,0.5877,0.5438,0.4949,0.442,0.3858,0.3278,0.2692,0.2117,0.1573,0.1078,0.06504,0.03005,
pal100,vulcan,335.5,0.7241,0.7204,0.7092,0.6908,0.6654,0.6333,0.595,0.551,0.502,0.4489,0.3925,0.3342,0.2752,0.2173,0.1622,0.1121,0.0686,0.03268,
pal100,vulcan,336.5,0.5664,0.5634,0.5547,0.5403,0.5204,0.4953,0.4653,0.4309,0.3925,0.3509,0.3068,0.261,0.2148,0.1695,0.1263,0.08709,0.05305,0.02505,
pal100,vulcan,337.5,0.6227,0.6195,0.6099,0.594,0.5721,0.5443,0.5112,0.4732,0.4308,0.3849,0.3362,0.2857,0.2348,0.1847,0.1372,0.09405,0.0567,0.0262,
pal100,vulcan,338.5,0.655,0.6517,0.6417,0.6251,0.6022,0.5733,0.5388,0.4992,0.455,0.407,0.3561,0.3034,0.25,0.1974,0.1475,0.1019,0.06238,0.02977,
pal100,vulcan,339.5,0.7116,0.7079,0.6971,0.6791,0.6543,0.623,0.5856,0.5426,0.4947,0.4427,0.3875,0.3302,0.2723,0.2152,0.1608,0.1113,0.06822,0.0327,
pal100,vulcan,340.5,0.7613,0.7574,0.7458,0.7266,0.7,0.6665,0.6264,0.5803,0.529,0.4732,0.414,0.3526,0.2905,0.2293,0.1711,0.118,0.07191,0.03407,
pal100,vulcan,341.5,0.6748,0.6714,0.6612,0.6442,0.6208,0.5912,0.5559,0.5153,0.47,0.4207,0.3685,0.3142,0.2592,0.205,0.1534,0.1062,0.06525,0.03143,
pal100,vulcan,342.5,0.7471,0.7433,0.732,0.7133,0.6874,0.6548,0.6157,0.5708,0.5207,0.4663,0.4085,0.3485,0.2876,0.2276,0.1703,0.1181,0.0726,0.03508,
pal100,vulcan,343.5,0.7762,0.7722,0.7605,0.741,0.7142,0.6802,0.6396,0.593,0.5409,0.4844,0.4243,0.3619,0.2986,0.2361,0.1766,0.1222,0.07492,0.03599,
pal100,vulcan,344.5,0.5441,0.5414,0.5331,0.5195,0.5007,0.4769,0.4484,0.4157,0.3792,0.3395,0.2973,0.2535,0.2091,0.1653,0.1235,0.08527,0.05213,0.02489,
pal100,vulcan,345.5,0.7441,0.7404,0.7292,0.7106,0.685,0.6526,0.6139,0.5694,0.5197,0.4657,0.4082,0.3485,0.2878,0.228,0.1708,0.1184,0.07293,0.03539,
pal100,vulcan,346.5,0.6964,0.6929,0.6824,0.665,0.641,0.6107,0.5744,0.5327,0.4861,0.4355,0.3817,0.3257,0.2688,0.2127,0.1591,0.11,0.06743,0.03239,
pal100,vulcan,347.5,0.6801,0.6767,0.6664,0.6495,0.6261,0.5965,0.5612,0.5205,0.4751,0.4257,0.3731,0.3184,0.2629,0.2081,0.1556,0.1077,0.06601,0.03175,
pal100,vulcan,348.5,0.7469,0.7432,0.7319,0.7134,0.6878,0.6553,0.6166,0.572,0.5222,0.468,0.4104,0.3504,0.2894,0.2291,0.1715,0.1187,0.07291,0.03519,
pal100,vulcan,349.5,0.6257,0.6226,0.6132,0.5977,0.5762,0.5491,0.5167,0.4793,0.4377,0.3923,0.344,0.2938,0.2427,0.1922,0.1438,0.09956,0.0611,0.02948,
pal100,vulcan,350.5,0.8757,0.8713,0.8582,0.8365,0.8065,0.7686,0.7233,0.6711,0.6129,0.5494,0.4819,0.4116,0.3401,0.2694,0.2016,0.1396,0.08568,0.04137,
pal100,vulcan,351.5,0.7545,0.7507,0.7395,0.7208,0.695,0.6624,0.6234,0.5784,0.5283,0.4736,0.4155,0.3549,0.2933,0.2323,0.1738,0.1203,0.07376,0.03556,
pal100,vulcan,352.5,0.6801,0.6767,0.6666,0.6498,0.6266,0.5972,0.5621,0.5216,0.4765,0.4273,0.3749,0.3203,0.2648,0.2097,0.157,0.1086,0.06665,0.03217,
pal100,vulcan,353.5,0.8182,0.8142,0.802,0.7818,0.7539,0.7187,0.6765,0.6279,0.5736,0.5145,0.4515,0.3859,0.3191,0.2528,0.1893,0.1311,0.08045,0.0389,
pal100,vulcan,354.5,0.8851,0.8807,0.8675,0.8457,0.8156,0.7776,0.732,0.6795,0.6209,0.557,0.4889,0.418,0.3457,0.274,0.2052,0.1421,0.08728,0.04226,
pal100,vulcan,355.5,0.8268,0.8227,0.8104,0.7901,0.762,0.7265,0.684,0.635,0.5803,0.5207,0.4571,0.3908,0.3233,0.2563,0.192,0.1329,0.08162,0.03953,
pal100,vulcan,356.5,0.767,0.7632,0.7518,0.733,0.707,0.6741,0.6347,0.5893,0.5386,0.4833,0.4244,0.3629,0.3002,0.238,0.1783,0.1235,0.07578,0.03669,
pal100,vulcan,357.5,0.652,0.6487,0.6391,0.6231,0.601,0.5731,0.5396,0.5011,0.458,0.4111,0.361,0.3087,0.2555,0.2026,0.1517,0.105,0.06445,0.03119,
pal100,vulcan,358.5,0.5029,0.5004,0.4929,0.4806,0.4636,0.4421,0.4163,0.3867,0.3535,0.3173,0.2787,0.2384,0.1973,0.1565,0.1172,0.08116,0.0498,0.02412,
pal100,vulcan,359.5,0.846,0.8418,0.8293,0.8086,0.7801,0.7439,0.7006,0.6507,0.5949,0.5341,0.4692,0.4014,0.3323,0.2636,0.1975,0.1367,0.08386,0.04061,
pal100,vulcan,360.5,0.7838,0.7799,0.7684,0.7493,0.7228,0.6894,0.6493,0.6031,0.5515,0.4952,0.4351,0.3723,0.3082,0.2445,0.1832,0.1268,0.07778,0.03766,
pal100,vulcan,361.5,0.7063,0.7029,0.6925,0.6753,0.6515,0.6214,0.5853,0.5437,0.4973,0.4465,0.3924,0.3359,0.2781,0.2207,0.1654,0.1145,0.0702,0.03401,
pal100,vulcan,362.5,0.8291,0.825,0.8128,0.7927,0.7648,0.7295,0.6872,0.6385,0.584,0.5245,0.461,0.3946,0.3268,0.2594,0.1944,0.1345,0.08251,0.03998,
pal100,vulcan,363.5,0.7373,0.7336,0.7228,0.7049,0.6801,0.6488,0.6112,0.5679,0.5195,0.4667,0.4102,0.3512,0.2909,0.2309,0.1731,0.1198,0.07345,0.03559,
pal100,vulcan,364.5,0.804,0.8,0.7882,0.7687,0.7418,0.7076,0.6667,0.6195,0.5668,0.5092,0.4477,0.3833,0.3176,0.2521,0.189,0.1308,0.08015,0.03883,
pal100,vulcan,365.5,0.9793,0.9745,0.9601,0.9364,0.9036,0.8621,0.8123,0.7549,0.6907,0.6206,0.5457,0.4673,0.3872,0.3074,0.2304,0.1594,0.09769,0.0473,
pal100,vulcan,366.5,1.036,1.031,1.016,0.9907,0.956,0.9121,0.8595,0.7989,0.731,0.6569,0.5777,0.4949,0.4101,0.3256,0.2441,0.1689,0.1035,0.05011,
pal100,vulcan,367.5,0.9832,0.9784,0.9641,0.9403,0.9075,0.8658,0.816,0.7585,0.6941,0.6239,0.5487,0.4701,0.3897,0.3095,0.232,0.1605,0.09833,0.04763,
pal100,vulcan,368.5,0.8634,0.8592,0.8466,0.8258,0.797,0.7605,0.7167,0.6663,0.6098,0.5482,0.4822,0.4132,0.3426,0.2721,0.204,0.1411,0.08642,0.04185,
pal100,vulcan,369.5,1.035,1.03,1.015,0.9902,0.9557,0.912,0.8596,0.7992,0.7316,0.6577,0.5786,0.4959,0.4112,0.3266,0.2449,0.1694,0.1037,0.05022,
pal100,vulcan,370.5,0.9389,0.9344,0.9207,0.8981,0.8669,0.8273,0.7798,0.7251,0.6638,0.5968,0.5252,0.4502,0.3733,0.2966,0.2224,0.1538,0.09415,0.04558,
pal100,vulcan,371.5,1.074,1.069,1.053,1.027,0.9916,0.9464,0.8921,0.8296,0.7596,0.683,0.6011,0.5153,0.4274,0.3396,0.2547,0.1762,0.1078,0.05218,
pal100,vulcan,372.5,0.793,0.7891,0.7776,0.7586,0.7323,0.6989,0.6589,0.6128,0.5611,0.5046,0.4442,0.3809,0.316,0.2511,0.1883,0.1303,0.07967,0.03856,
pal100,vulcan,373.5,0.7165,0.713,0.7027,0.6855,0.6617,0.6316,0.5955,0.5539,0.5072,0.4562,0.4016,0.3444,0.2858,0.2271,0.1704,0.1178,0.07205,0.03486,
pal100,vulcan,374.5,0.7861,0.7823,0.771,0.7521,0.7261,0.6931,0.6535,0.6079,0.5567,0.5008,0.441,0.3782,0.3139,0.2495,0.1872,0.1294,0.07912,0.03828,
pal100,vulcan,375.5,0.8867,0.8824,0.8696,0.8484,0.819,0.7818,0.7373,0.6858,0.6282,0.5652,0.4977,0.427,0.3544,0.2817,0.2114,0.1462,0.08932,0.04321,
pal100,vulcan,376.5,0.8851,0.8808,0.868,0.8469,0.8176,0.7806,0.7361,0.6848,0.6274,0.5645,0.4972,0.4266,0.3541,0.2816,0.2113,0.1461,0.08925,0.04317,
pal100,vulcan,377.5,1.054,1.049,1.033,1.008,0.9734,0.9293,0.8765,0.8155,0.7471,0.6723,0.5922,0.5082,0.422,0.3356,0.2518,0.1741,0.1063,0.05142,
pal100,vulcan,378.5,1.148,1.142,1.126,1.099,1.061,1.013,0.9552,0.8888,0.8144,0.7329,0.6457,0.5542,0.4602,0.3661,0.2747,0.1899,0.116,0.05606,
pal100,vulcan,379.5,0.849,0.8449,0.8327,0.8125,0.7845,0.7491,0.7066,0.6575,0.6026,0.5424,0.4779,0.4102,0.3407,0.271,0.2034,0.1406,0.08584,0.04149,
pal100,vulcan,380.5,1.021,1.016,1.001,0.9769,0.9433,0.9007,0.8497,0.7908,0.7247,0.6524,0.5749,0.4936,0.41,0.3262,0.2449,0.1693,0.1033,0.04992,
pal100,vulcan,381.5,0.9588,0.9542,0.9405,0.9177,0.8862,0.8463,0.7984,0.7431,0.6811,0.6132,0.5404,0.4641,0.3856,0.3068,0.2303,0.1592,0.09712,0.04692,
pal100,vulcan,382.5,0.6387,0.6356,0.6265,0.6114,0.5904,0.5638,0.5319,0.4951,0.4539,0.4087,0.3602,0.3094,0.2571,0.2046,0.1536,0.1062,0.06476,0.03128,
pal100,vulcan,383.5,0.5607,0.558,0.55,0.5367,0.5183,0.495,0.467,0.4348,0.3986,0.3589,0.3164,0.2718,0.2259,0.1798,0.135,0.09331,0.0569,0.02747,
pal100,vulcan,384.5,0.8412,0.8371,0.8251,0.8052,0.7777,0.7427,0.7008,0.6525,0.5982,0.5388,0.4751,0.4081,0.3392,0.2701,0.2028,0.1402,0.08544,0.04125,
pal100,vulcan,385.5,0.832,0.828,0.8161,0.7964,0.7692,0.7347,0.6933,0.6455,0.5919,0.5332,0.4702,0.404,0.3359,0.2674,0.2008,0.1388,0.08458,0.04082,
pal100,vulcan,386.5,0.8478,0.8438,0.8317,0.8117,0.7839,0.7488,0.7067,0.658,0.6034,0.5436,0.4794,0.412,0.3426,0.2728,0.2049,0.1416,0.08627,0.04163,
pal100,vulcan,387.5,0.7877,0.7839,0.7727,0.7541,0.7284,0.6958,0.6567,0.6115,0.5608,0.5053,0.4457,0.3831,0.3186,0.2538,0.1906,0.1317,0.08022,0.0387,
pal100,vulcan,388.5,0.7893,0.7855,0.7743,0.7557,0.73,0.6973,0.6582,0.613,0.5622,0.5066,0.4469,0.3842,0.3196,0.2546,0.1912,0.1321,0.08046,0.0388,
pal100,vulcan,389.5,0.9951,0.9903,0.9762,0.9528,0.9204,0.8793,0.83,0.773,0.7091,0.639,0.5638,0.4847,0.4033,0.3213,0.2414,0.1668,0.1015,0.04895,
pal100,vulcan,390.5,0.9771,0.9725,0.9586,0.9356,0.9038,0.8635,0.8151,0.7593,0.6965,0.6278,0.554,0.4764,0.3964,0.3159,0.2373,0.164,0.09979,0.04809,
pal100,vulcan,391.5,1.159,1.153,1.137,1.11,1.072,1.024,0.967,0.9008,0.8264,0.7449,0.6575,0.5654,0.4705,0.375,0.2818,0.1947,0.1185,0.05708,
pal100,vulcan,392.5,0.8688,0.8647,0.8524,0.832,0.8038,0.768,0.7251,0.6755,0.6198,0.5587,0.4932,0.4242,0.3531,0.2815,0.2115,0.1462,0.08889,0.04282,
pal100,vulcan,393.5,0.3776,0.3758,0.3705,0.3616,0.3494,0.3339,0.3152,0.2937,0.2695,0.243,0.2145,0.1845,0.1536,0.1225,0.09205,0.0636,0.03867,0.01862,
pal100,vulcan,394.5,0.8883,0.8841,0.8716,0.8508,0.822,0.7855,0.7417,0.691,0.6342,0.5719,0.5049,0.4344,0.3617,0.2884,0.2168,0.1498,0.09105,0.04383,
pal100,vulcan,395.5,1.143,1.137,1.121,1.094,1.057,1.011,0.9542,0.8891,0.8161,0.736,0.6499,0.5592,0.4657,0.3714,0.2792,0.1929,0.1172,0.05641,
pal100,vulcan,396.5,0.6708,0.6676,0.6582,0.6425,0.6208,0.5933,0.5603,0.5221,0.4793,0.4323,0.3817,0.3285,0.2736,0.2183,0.1641,0.1134,0.06888,0.03313,
pal100,vulcan,397.5,0.7739,0.7702,0.7593,0.7413,0.7163,0.6846,0.6465,0.6025,0.5531,0.4989,0.4407,0.3793,0.316,0.2521,0.1896,0.131,0.07954,0.03825,
pal100,vulcan,398.5,1.329,1.323,1.304,1.274,1.231,1.176,1.111,1.035,0.9505,0.8575,0.7575,0.6521,0.5433,0.4335,0.326,0.2253,0.1368,0.06575,
pal100,vulcan,399.5,1.382,1.376,1.357,1.324,1.28,1.223,1.155,1.077,0.9888,0.8921,0.7882,0.6787,0.5655,0.4513,0.3395,0.2345,0.1424,0.06841,
pal100,vulcan,400.5,1.453,1.446,1.426,1.392,1.345,1.286,1.215,1.132,1.04,0.9381,0.829,0.7138,0.5949,0.4749,0.3572,0.2468,0.1498,0.07195,
pal100,vulcan,401.5,1.495,1.488,1.467,1.432,1.384,1.323,1.25,1.165,1.07,0.9654,0.8532,0.7348,0.6125,0.489,0.3679,0.2541,0.1542,0.07404,
pal100,vulcan,402.5,1.551,1.544,1.522,1.486,1.437,1.373,1.297,1.209,1.111,1.003,0.8861,0.7632,0.6363,0.5081,0.3823,0.2641,0.1602,0.07689,
pal100,vulcan,403.5,1.42,1.413,1.393,1.36,1.315,1.257,1.187,1.107,1.017,0.9178,0.8113,0.699,0.5828,0.4654,0.3502,0.242,0.1467,0.0704,
pal100,vulcan,404.5,1.392,1.386,1.366,1.334,1.289,1.233,1.165,1.086,0.9975,0.9004,0.796,0.6859,0.572,0.4569,0.3438,0.2376,0.144,0.06908,
pal100,vulcan,405.5,1.446,1.439,1.419,1.385,1.339,1.28,1.21,1.128,1.036,0.9356,0.8272,0.7129,0.5946,0.475,0.3575,0.247,0.1497,0.07178,
pal100,vulcan,406.5,1.362,1.355,1.336,1.305,1.261,1.206,1.139,1.063,0.9762,0.8814,0.7794,0.6718,0.5604,0.4478,0.3371,0.2329,0.1411,0.06763,
pal100,vulcan,407.5,1.372,1.366,1.347,1.315,1.271,1.216,1.149,1.071,0.9844,0.8889,0.7861,0.6776,0.5654,0.4518,0.3402,0.235,0.1424,0.0682,
pal100,vulcan,408.5,1.528,1.521,1.5,1.465,1.416,1.354,1.279,1.193,1.096,0.9902,0.8758,0.7551,0.6301,0.5036,0.3792,0.262,0.1586,0.07597,
pal100,vulcan,409.5,1.498,1.491,1.47,1.435,1.388,1.327,1.254,1.17,1.075,0.9709,0.8589,0.7406,0.6181,0.4941,0.3721,0.2571,0.1556,0.07449,
pal100,vulcan,410.5,1.299,1.293,1.275,1.245,1.203,1.151,1.088,1.015,0.9324,0.8422,0.7451,0.6425,0.5363,0.4288,0.323,0.2231,0.1351,0.06462,
pal100,vulcan,411.5,1.561,1.553,1.532,1.496,1.446,1.383,1.307,1.219,1.121,1.013,0.8959,0.7727,0.6451,0.5158,0.3886,0.2685,0.1625,0.0777,
pal100,vulcan,412.5,1.546,1.539,1.518,1.482,1.433,1.371,1.296,1.209,1.111,1.004,0.8883,0.7662,0.6398,0.5117,0.3855,0.2664,0.1611,0.07705,
pal100,vulcan,413.5,1.5,1.493,1.472,1.437,1.39,1.329,1.257,1.172,1.078,0.9738,0.8618,0.7435,0.6209,0.4967,0.3743,0.2586,0.1564,0.07475,
pal100,vulcan,414.5,1.541,1.534,1.513,1.477,1.428,1.366,1.291,1.205,1.108,1.001,0.8861,0.7646,0.6386,0.5109,0.385,0.2661,0.1609,0.07685,
pal100,vulcan,415.5,1.474,1.467,1.446,1.413,1.366,1.307,1.235,1.153,1.06,0.9577,0.8478,0.7316,0.6112,0.489,0.3686,0.2547,0.154,0.07352,
pal100,vulcan,416.5,1.604,1.596,1.574,1.537,1.486,1.422,1.344,1.255,1.154,1.043,0.9231,0.7967,0.6656,0.5327,0.4016,0.2775,0.1677,0.08003,
pal100,vulcan,417.5,1.466,1.459,1.439,1.405,1.359,1.3,1.229,1.147,1.055,0.9533,0.8441,0.7287,0.6089,0.4873,0.3674,0.2539,0.1534,0.07318,
pal100,vulcan,418.5,1.477,1.47,1.45,1.416,1.369,1.31,1.239,1.156,1.063,0.9611,0.8511,0.7347,0.6141,0.4916,0.3707,0.2562,0.1547,0.07378,
pal100,vulcan,419.5,1.525,1.518,1.497,1.463,1.414,1.353,1.279,1.194,1.098,0.993,0.8794,0.7593,0.6347,0.5082,0.3833,0.2649,0.16,0.07624,
pal100,vulcan,280.5,,,,,,,,,,,,,,,,,,,3.527e-18
pal100,vulcan,281.5,,,,,,,,,,,,,,,,,,,2.466e-16
pal100,vulcan,282.5,,,,,,,,,,,,,,,,,,,6.447e-15
pal100,vulcan,283.5,,,,,,,,,,,,,,,,,,,4.861e-14
pal100,vulcan,284.5,,,,,,,,,,,,,,,,,,,1.16e-12
pal100,vulcan,285.5,,,,,,,,,,,,,,,,,,,7.571e-12
pal100,vulcan,286.5,,,,,,,,,,,,,,,,,,,1.441e-10
pal100,vulcan,287.5,,,,,,,,,,,,,,,,,,,1.401e-09
pal100,vulcan,288.5,,,,,,,,,,,,,,,,,,,1.248e-08
pal100,vulcan,289.5,,,,,,,,,,,,,,,,,,,1.029e-07
pal100,vulcan,290.5,,,,,,,,,,,,,,,,,,,5.804e-07
pal100,vulcan,291.5,,,,,,,,,,,,,,,,,,,2.692e-06
pal100,vulcan,292.5,,,,,,,,,,,,,,,,,,,8.805e-06
pal100,vulcan,293.5,,,,,,,,,,,,,,,,,,,3.384e-05
pal100,vulcan,294.5,,,,,,,,,,,,,,,,,,,8.033e-05
pal100,vulcan,295.5,,,,,,,,,,,,,,,,,,,0.0002548
pal100,vulcan,296.5,,,,,,,,,,,,,,,,,,,0.0005394
pal100,vulcan,297.5,,,,,,,,,,,,,,,,,,,0.001223
pal100,vulcan,298.5,,,,,,,,,,,,,,,,,,,0.001679
pal100,vulcan,299.5,,,,,,,,,,,,,,,,,,,0.00427
pal100,vulcan,300.5,,,,,,,,,,,,,,,,,,,0.004431
pal100,vulcan,301.5,,,,,,,,,,,,,,,,,,,0.009809
pal100,vulcan,302.5,,,,,,,,,,,,,,,,,,,0.01313
pal100,vulcan,303.5,,,,,,,,,,,,,,,,,,,0.02436
pal100,vulcan,304.5,,,,,,,,,,,,,,,,,,,0.02799
pal100,vulcan,305.5,,,,,,,,,,,,,,,,,,,0.03975
pal100,vulcan,306.5,,,,,,,,,,,,,,,,,,,0.04282
pal100,vulcan,307.5,,,,,,,,,,,,,,,,,,,0.06553
pal100,vulcan,308.5,,,,,,,,,,,,,,,,,,,0.07507
pal100,vulcan,309.5,,,,,,,,,,,,,,,,,,,0.06879
pal100,vulcan,310.5,,,,,,,,,,,,,,,,,,,0.09633
pal100,vulcan,311.5,,,,,,,,,,,,,,,,,,,0.1262
pal100,vulcan,312.5,,,,,,,,,,,,,,,,,,,0.1272
pal100,vulcan,313.5,,,,,,,,,,,,,,,,,,,0.1455
pal100,vulcan,314.5,,,,,,,,,,,,,,,,,,,0.1494
pal100,vulcan,315.5,,,,,,,,,,,,,,,,,,,0.1551
pal100,vulcan,316.5,,,,,,,,,,,,,,,,,,,0.1577
pal100,vulcan,317.5,,,,,,,,,,,,,,,,,,,0.2232
pal100,vulcan,318.5,,,,,,,,,,,,,,,,,,,0.1789
pal100,vulcan,319.5,,,,,,,,,,,,,,,,,,,0.2192
pal100,vulcan,320.5,,,,,,,,,,,,,,,,,,,0.2679
pal100,vulcan,321.5,,,,,,,,,,,,,,,,,,,0.2313
pal100,vulcan,322.5,,,,,,,,,,,,,,,,,,,0.2302
pal100,vulcan,323.5,,,,,,,,,,,,,,,,,,,0.2418
pal100,vulcan,324.5,,,,,,,,,,,,,,,,,,,0.2837
pal100,vulcan,325.5,,,,,,,,,,,,,,,,,,,0.3174
pal100,vulcan,326.5,,,,,,,,,,,,,,,,,,,0.389
pal100,vulcan,327.5,,,,,,,,,,,,,,,,,,,0.3611
pal100,vulcan,328.5,,,,,,,,,,,,,,,,,,,0.3336
pal100,vulcan,329.5,,,,,,,,,,,,,,,,,,,0.4362
pal100,vulcan,330.5,,,,,,,,,,,,,,,,,,,0.3955
pal100,vulcan,331.5,,,,,,,,,,,,,,,,,,,0.3907
pal100,vulcan,332.5,,,,,,,,,,,,,,,,,,,0.3871
pal100,vulcan,333.5,,,,,,,,,,,,,,,,,,,0.3631
pal100,vulcan,334.5,,,,,,,,,,,,,,,,,,,0.4063
pal100,vulcan,335.5,,,,,,,,,,,,,,,,,,,0.4131
pal100,vulcan,336.5,,,,,,,,,,,,,,,,,,,0.3229
pal100,vulcan,337.5,,,,,,,,,,,,,,,,,,,0.354
pal100,vulcan,338.5,,,,,,,,,,,,,,,,,,,0.3747
pal100,vulcan,339.5,,,,,,,,,,,,,,,,,,,0.4077
pal100,vulcan,340.5,,,,,,,,,,,,,,,,,,,0.4356
pal100,vulcan,341.5,,,,,,,,,,,,,,,,,,,0.3876
pal100,vulcan,342.5,,,,,,,,,,,,,,,,,,,0.4296
pal100,vulcan,343.5,,,,,,,,,,,,,,,,,,,0.4463
pal100,vulcan,344.5,,,,,,,,,,,,,,,,,,,0.3128
pal100,vulcan,345.5,,,,,,,,,,,,,,,,,,,0.4292
pal100,vulcan,346.5,,,,,,,,,,,,,,,,,,,0.4013
pal100,vulcan,347.5,,,,,,,,,,,,,,,,,,,0.3923
pal100,vulcan,348.5,,,,,,,,,,,,,,,,,,,0.4314
pal100,vulcan,349.5,,,,,,,,,,,,,,,,,,,0.3617
pal100,vulcan,350.5,,,,,,,,,,,,,,,,,,,0.5066
pal100,vulcan,351.5,,,,,,,,,,,,,,,,,,,0.4368
pal100,vulcan,352.5,,,,,,,,,,,,,,,,,,,0.3941
pal100,vulcan,353.5,,,,,,,,,,,,,,,,,,,0.4746
pal100,vulcan,354.5,,,,,,,,,,,,,,,,,,,0.5139
pal100,vulcan,355.5,,,,,,,,,,,,,,,,,,,0.4804
pal100,vulcan,356.5,,,,,,,,,,,,,,,,,,,0.4459
pal100,vulcan,357.5,,,,,,,,,,,,,,,,,,,0.3793
pal100,vulcan,358.5,,,,,,,,,,,,,,,,,,,0.2928
pal100,vulcan,359.5,,,,,,,,,,,,,,,,,,,0.493
pal100,vulcan,360.5,,,,,,,,,,,,,,,,,,,0.4571
pal100,vulcan,361.5,,,,,,,,,,,,,,,,,,,0.4122
pal100,vulcan,362.5,,,,,,,,,,,,,,,,,,,0.4842
pal100,vulcan,363.5,,,,,,,,,,,,,,,,,,,0.4309
pal100,vulcan,364.5,,,,,,,,,,,,,,,,,,,0.4702
pal100,vulcan,365.5,,,,,,,,,,,,,,,,,,,0.5731
pal100,vulcan,366.5,,,,,,,,,,,,,,,,,,,0.6067
pal100,vulcan,367.5,,,,,,,,,,,,,,,,,,,0.5763
pal100,vulcan,368.5,,,,,,,,,,,,,,,,,,,0.5064
pal100,vulcan,369.5,,,,,,,,,,,,,,,,,,,0.6076
pal100,vulcan,370.5,,,,,,,,,,,,,,,,,,,0.5514
pal100,vulcan,371.5,,,,,,,,,,,,,,,,,,,0.6311
pal100,vulcan,372.5,,,,,,,,,,,,,,,,,,,0.4663
pal100,vulcan,373.5,,,,,,,,,,,,,,,,,,,0.4216
pal100,vulcan,374.5,,,,,,,,,,,,,,,,,,,0.4629
pal100,vulcan,375.5,,,,,,,,,,,,,,,,,,,0.5224
pal100,vulcan,376.5,,,,,,,,,,,,,,,,,,,0.5218
pal100,vulcan,377.5,,,,,,,,,,,,,,,,,,,0.6216
pal100,vulcan,378.5,,,,,,,,,,,,,,,,,,,0.6777
pal100,vulcan,379.5,,,,,,,,,,,,,,,,,,,0.5015
pal100,vulcan,380.5,,,,,,,,,,,,,,,,,,,0.6033
pal100,vulcan,381.5,,,,,,,,,,,,,,,,,,,0.5671
pal100,vulcan,382.5,,,,,,,,,,,,,,,,,,,0.378
pal100,vulcan,383.5,,,,,,,,,,,,,,,,,,,0.332
pal100,vulcan,384.5,,,,,,,,,,,,,,,,,,,0.4984
pal100,vulcan,385.5,,,,,,,,,,,,,,,,,,,0.4933
pal100,vulcan,386.5,,,,,,,,,,,,,,,,,,,0.503
pal100,vulcan,387.5,,,,,,,,,,,,,,,,,,,0.4676
pal100,vulcan,388.5,,,,,,,,,,,,,,,,,,,0.4688
pal100,vulcan,389.5,,,,,,,,,,,,,,,,,,,0.5914
pal100,vulcan,390.5,,,,,,,,,,,,,,,,,,,0.5811
pal100,vulcan,391.5,,,,,,,,,,,,,,,,,,,0.6896
pal100,vulcan,392.5,,,,,,,,,,,,,,,,,,,0.5173
pal100,vulcan,393.5,,,,,,,,,,,,,,,,,,,0.2249
pal100,vulcan,394.5,,,,,,,,,,,,,,,,,,,0.5295
pal100,vulcan,395.5,,,,,,,,,,,,,,,,,,,0.6815
pal100,vulcan,396.5,,,,,,,,,,,,,,,,,,,0.4003
pal100,vulcan,397.5,,,,,,,,,,,,,,,,,,,0.4621
pal100,vulcan,398.5,,,,,,,,,,,,,,,,,,,0.7942
pal100,vulcan,399.5,,,,,,,,,,,,,,,,,,,0.8263
pal100,vulcan,400.5,,,,,,,,,,,,,,,,,,,0.869
pal100,vulcan,401.5,,,,,,,,,,,,,,,,,,,0.8944
pal100,vulcan,402.5,,,,,,,,,,,,,,,,,,,0.9288
pal100,vulcan,403.5,,,,,,,,,,,,,,,,,,,0.8504
pal100,vulcan,404.5,,,,,,,,,,,,,,,,,,,0.8344
pal100,vulcan,405.5,,,,,,,,,,,,,,,,,,,0.867
pal100,vulcan,406.5,,,,,,,,,,,,,,,,,,,0.8169
pal100,vulcan,407.5,,,,,,,,,,,,,,,,,,,0.8238
pal100,vulcan,408.5,,,,,,,,,,,,,,,,,,,0.9178
pal100,vulcan,409.5,,,,,,,,,,,,,,,,,,,0.9
pal100,vulcan,410.5,,,,,,,,,,,,,,,,,,,0.7808
pal100,vulcan,411.5,,,,,,,,,,,,,,,,,,,0.9387
pal100,vulcan,412.5,,,,,,,,,,,,,,,,,,,0.9307
pal100,vulcan,413.5,,,,,,,,,,,,,,,,,,,0.903
pal100,vulcan,414.5,,,,,,,,,,,,,,,,,,,0.9283
pal100,vulcan,415.5,,,,,,,,,,,,,,,,,,,0.8882
pal100,vulcan,416.5,,,,,,,,,,,,,,,,,,,0.967
pal100,vulcan,417.5,,,,,,,,,,,,,,,,,,,0.8843
pal100,vulcan,418.5,,,,,,,,,,,,,,,,,,,0.8915
pal100,vulcan,419.5,,,,,,,,,,,,,,,,,,,0.9212
pal100,waccm,280.5,2.739e-14,2.448e-14,1.74e-14,9.719e-15,4.17e-15,1.328e-15,2.988e-16,4.427e-17,3.909e-18,1.782e-19,3.414e-21,2.159e-23,3.088e-25,1.379e-25,8.919e-26,6.214e-26,4.297e-26,2.664e-26,
pal100,waccm,281.5,8.667e-13,7.822e-13,5.73e-13,3.369e-13,1.557e-13,5.484e-14,1.376e-14,2.471e-15,2.708e-16,1.627e-17,4.448e-19,4.449e-21,7.216e-23,3.002e-23,1.924e-23,1.334e-23,9.201e-24,5.701e-24,
pal100,waccm,282.5,1.151e-11,1.048e-11,7.875e-12,4.837e-12,2.383e-12,9.157e-13,2.633e-13,5.344e-14,7.05e-15,5.367e-16,1.991e-17,2.95e-19,5.488e-21,2.101e-21,1.334e-21,9.202e-22,6.33e-22,3.919e-22,
pal100,waccm,283.5,5.59e-11,5.116e-11,3.911e-11,2.472e-11,1.27e-11,5.161e-12,1.597e-12,3.563e-13,5.302e-14,4.707e-15,2.128e-16,4.066e-18,8.392e-20,2.998e-20,1.89e-20,1.299e-20,8.917e-21,5.516e-21,
pal100,waccm,284.5,6.005e-10,5.551e-10,4.374e-10,2.913e-10,1.614e-10,7.098e-11,2.571e-11,6.812e-12,1.262e-12,1.483e-13,9.619e-15,2.925e-16,7.693e-18,2.348e-18,1.456e-18,9.922e-19,6.778e-19,4.186e-19,
pal100,waccm,285.5,2.174e-09,2.025e-09,1.632e-09,1.129e-09,6.618e-10,3.215e-10,1.256e-10,3.779e-11,8.233e-12,1.19e-12,1.008e-13,4.316e-15,1.414e-16,3.739e-17,2.279e-17,1.542e-17,1.049e-17,6.461e-18,
pal100,waccm,286.5,2.636e-08,2.469e-08,2.025e-08,1.443e-08,8.828e-09,4.547e-09,1.917e-09,6.359e-10,1.569e-10,2.659e-11,2.764e-12,1.539e-13,6.114e-15,1.427e-15,8.541e-16,5.74e-16,3.886e-16,2.389e-16,
pal100,waccm,287.5,1.554e-07,1.465e-07,1.225e-07,9.023e-08,5.79e-08,3.181e-08,1.459e-08,5.396e-09,1.529e-09,3.091e-10,4.032e-11,3.004e-12,1.518e-13,3.065e-14,1.779e-14,1.185e-14,7.972e-15,4.886e-15,
pal100,waccm,288.5,8.035e-07,7.627e-07,6.51e-07,4.969e-07,3.359e-07,1.98e-07,9.956e-08,4.141e-08,1.363e-08,3.34e-09,5.575e-10,5.697e-11,3.853e-12,6.704e-13,3.685e-13,2.422e-13,1.616e-13,9.858e-14,
pal100,waccm,289.5,4.503e-06,4.295e-06,3.632e-06,2.915e-06,2.044e-06,1.267e-06,6.805e-07,3.08e-07,1.129e-07,3.172e-08,6.314e-09,8.082e-10,6.84e-11,1.09e-11,5.629e-12,3.655e-12,2.422e-12,1.47e-12,
pal100,waccm,290.5,1.834e-05,1.756e-05,1.541e-05,1.233e-05,8.925e-06,5.771e-06,3.276e-06,1.591e-06,6.385e-07,2.013e-07,4.646e-08,7.185e-09,7.412e-10,1.124e-10,5.375e-11,3.443e-11,2.264e-11,1.367e-11,
pal100,waccm,291.5,5.883e-05,5.661e-05,5.039e-05,4.131e-05,3.097e-05,2.101e-05,1.27e-05,6.683e-06,2.971e-06,1.067e-06,2.912e-07,5.579e-08,7.28e-09,1.091e-09,4.619e-10,2.893e-10,1.881e-10,1.127e-10,
pal100,waccm,292.5,0.0001426,0.0001377,0.000124,0.0001037,8.007e-05,5.649e-05,3.593e-05,2.02e-05,9.761e-06,3.901e-06,1.221e-06,2.786e-07,4.434e-08,6.878e-09,2.562e-09,1.56e-09,1.003e-09,5.964e-10,
pal100,waccm,293.5,0.0004137,0.0004011,0.0003652,0.0003112,0.0002469,0.0001807,0.0001206,7.213e-05,3.772e-05,1.667e-05,5.931e-06,1.595e-06,3.076e-07,5.151e-08,1.67e-08,9.732e-09,6.171e-09,3.634e-09,
pal100,waccm,294.5,0.0007884,0.0007666,0.000704,0.0006088,0.0004934,0.0003718,0.0002577,0.0001618,8.996e-05,4.3e-05,1.692e-05,5.172e-06,1.163e-06,2.132e-07,6.204e-08,3.424e-08,2.141e-08,1.249e-08,
pal100,waccm,295.5,0.001985,0.001936,0.001794,0.001576,0.001307,0.001015,0.0007326,0.000484,0.0002874,0.0001493,6.534e-05,2.289e-05,6.071e-06,1.263e-06,3.335e-07,1.683e-07,1.03e-07,5.931e-08,
pal100,waccm,296.5,0.003469,0.003392,0.003167,0.002818,0.002381,0.001898,0.001416,0.0009764,0.000612,0.0003406,0.0001628,6.387e-05,1.947e-05,4.591e-06,1.157e-06,5.252e-07,3.13e-07,1.777e-07,
pal100,waccm,297.5,0.006654,0.006519,0.006129,0.005517,0.004738,0.003863,0.002967,0.002124,0.001396,0.0008255,0.0004263,0.0001846,6.363e-05,1.699e-05,4.266e-06,1.72e-06,9.877e-07,5.519e-07,
pal100,waccm,298.5,0.007937,0.007791,0.007366,0.006694,0.00583,0.004844,0.003813,0.002817,0.001927,0.001199,0.0006607,0.0003109,0.000119,3.56e-05,9.225e-06,3.332e-06,1.82e-06,9.996e-07,
pal100,waccm,299.5,0.01771,0.01741,0.01655,0.01517,0.01339,0.01132,0.009123,0.006943,0.004933,0.00322,0.001886,0.0009599,0.0004059,0.000136,3.747e-05,1.225e-05,6.215e-06,3.338e-06,
pal100,waccm,300.5,0.0166,0.01635,0.0156,0.01441,0.01284,0.01101,0.00903,0.00703,0.005142,0.003481,0.002137,0.001155,0.0005271,0.0001935,5.704e-05,1.758e-05,8.24e-06,4.322e-06,
pal100,waccm,301.5,0.03272,0.03252,0.03117,0.029,0.02613,0.02274,0.01901,0.01517,0.01145,0.008064,0.005207,0.003003,0.00149,0.0006061,0.000196,5.853e-05,2.447e-05,1.236e-05,
pal100,waccm,302.5,0.04111,0.04058,0.03901,0.03647,0.03311,0.02909,0.02463,0.01997,0.01538,0.01112,0.007425,0.004468,0.002342,0.00102,0.000354,0.0001061,4.064e-05,1.979e-05,
pal100,waccm,303.5,0.07018,0.06935,0.06689,0.06291,0.05759,0.05118,0.04398,0.03635,0.02869,0.02139,0.01485,0.009395,0.005256,0.002488,0.0009469,0.0002939,0.0001013,4.625e-05,
pal100,waccm,304.5,0.07581,0.07596,0.07341,0.06927,0.06373,0.05701,0.04942,0.0413,0.03305,0.02508,0.01781,0.0116,0.006737,0.003347,0.001348,0.0004337,0.0001416,6.131e-05,
pal100,waccm,305.5,0.1016,0.1005,0.09746,0.09243,0.08565,0.07738,0.06793,0.0577,0.04714,0.03673,0.02696,0.01834,0.01127,0.006022,0.002656,0.000921,0.0002838,0.0001104,
pal100,waccm,306.5,0.1061,0.1051,0.102,0.09694,0.09012,0.08176,0.07218,0.06175,0.0509,0.0401,0.02987,0.0207,0.01302,0.007184,0.003296,0.001188,0.0003618,0.0001329,
pal100,waccm,307.5,0.1532,0.1519,0.1477,0.141,0.1319,0.1206,0.1076,0.09328,0.07821,0.06297,0.04822,0.03461,0.02282,0.01338,0.006653,0.00262,0.0008058,0.0002604,
pal100,waccm,308.5,0.1716,0.1701,0.1657,0.1584,0.1484,0.1362,0.122,0.1063,0.08974,0.07286,0.05638,0.04103,0.02754,0.01654,0.008478,0.003463,0.001082,0.0003324,
pal100,waccm,309.5,0.1513,0.1501,0.1464,0.1403,0.132,0.1218,0.1099,0.09662,0.08247,0.06792,0.05352,0.03988,0.02759,0.01726,0.009351,0.004093,0.00134,0.0003785,
pal100,waccm,310.5,0.2061,0.2045,0.1997,0.1918,0.181,0.1676,0.1519,0.1345,0.1157,0.09628,0.07687,0.05824,0.0412,0.02654,0.01496,0.006901,0.002369,0.0006386,
pal100,waccm,311.5,0.2649,0.2632,0.2572,0.2474,0.2339,0.2172,0.1975,0.1755,0.1519,0.1272,0.1025,0.07849,0.05633,0.037,0.02141,0.01023,0.003643,0.0009601,
pal100,waccm,312.5,0.2588,0.257,0.2514,0.2424,0.2299,0.2144,0.1962,0.1757,0.1534,0.1301,0.1063,0.08309,0.0612,0.04162,0.02527,0.01291,0.004977,0.001303,
pal100,waccm,313.5,0.2935,0.2914,0.2853,0.2751,0.2612,0.2439,0.2235,0.2005,0.1755,0.1492,0.1225,0.09615,0.07126,0.04886,0.03,0.01556,0.006122,0.00161,
pal100,waccm,314.5,0.2932,0.2913,0.2854,0.2758,0.2626,0.2461,0.2267,0.2046,0.1806,0.1551,0.129,0.103,0.07803,0.05513,0.03528,0.01942,0.008289,0.002281,
pal100,waccm,315.5,0.3028,0.3008,0.2948,0.285,0.2715,0.2546,0.2347,0.2122,0.1875,0.1614,0.1345,0.1077,0.0819,0.05815,0.03747,0.02083,0.009011,0.002509,
pal100,waccm,316.5,0.3014,0.2995,0.2938,0.2845,0.2716,0.2555,0.2364,0.2147,0.191,0.1657,0.1395,0.1131,0.08753,0.0636,0.04233,0.02467,0.01145,0.003426,
pal100,waccm,317.5,0.4261,0.4234,0.4154,0.4022,0.3841,0.3613,0.3344,0.3038,0.2702,0.2345,0.1974,0.1602,0.124,0.09009,0.05996,0.03494,0.01621,0.004851,
pal100,waccm,318.5,0.3349,0.3329,0.3268,0.3169,0.3032,0.286,0.2657,0.2424,0.2169,0.1896,0.1611,0.1323,0.104,0.07719,0.05293,0.03223,0.01601,0.005247,
pal100,waccm,319.5,0.4085,0.406,0.3988,0.3867,0.3702,0.3494,0.3248,0.2967,0.2658,0.2326,0.1981,0.163,0.1286,0.09582,0.06608,0.04057,0.02042,0.006828,
pal100,waccm,320.5,0.4968,0.4938,0.4851,0.4707,0.4508,0.4258,0.3961,0.3623,0.3249,0.2849,0.2432,0.2007,0.1588,0.119,0.0826,0.05123,0.02619,0.008972,
pal100,waccm,321.5,0.4213,0.4189,0.4118,0.4001,0.3839,0.3635,0.3392,0.3115,0.2809,0.2479,0.2134,0.1781,0.1429,0.1091,0.07788,0.05031,0.02749,0.01053,
pal100,waccm,322.5,0.4244,0.4219,0.4145,0.4023,0.3855,0.3644,0.3393,0.3107,0.2791,0.2452,0.2097,0.1736,0.1379,0.1037,0.07247,0.04534,0.02352,0.008242,
pal100,waccm,323.5,0.4363,0.4339,0.4267,0.4148,0.3984,0.3777,0.353,0.3249,0.2937,0.26,0.2247,0.1884,0.1523,0.1173,0.08468,0.0557,0.03135,0.01266,
pal100,waccm,324.5,0.512,0.5091,0.5007,0.4867,0.4674,0.4431,0.4142,0.3811,0.3442,0.305,0.2635,0.2209,0.1784,0.1373,0.09903,0.065,0.03646,0.01465,
pal100,waccm,325.5,0.5739,0.5707,0.5611,0.5454,0.5237,0.4963,0.4637,0.4265,0.3853,0.3408,0.2941,0.2462,0.1984,0.1522,0.1093,0.07127,0.03954,0.01556,
pal100,waccm,326.5,0.693,0.6892,0.6781,0.6595,0.6345,0.6025,0.5645,0.5208,0.4726,0.4203,0.3651,0.3084,0.2515,0.196,0.1439,0.09708,0.05698,0.02495,
pal100,waccm,327.5,0.6456,0.6421,0.6316,0.6144,0.5906,0.5606,0.5248,0.4838,0.4384,0.3893,0.3376,0.2843,0.231,0.1792,0.1306,0.08714,0.0502,0.02122,
pal100,waccm,328.5,0.5959,0.5927,0.583,0.5672,0.5452,0.5176,0.4846,0.4468,0.405,0.3597,0.3119,0.2628,0.2136,0.1657,0.1208,0.08061,0.04645,0.01964,
pal100,waccm,329.5,0.7706,0.7665,0.7544,0.7344,0.7068,0.672,0.6304,0.5828,0.5298,0.4725,0.4119,0.3493,0.2864,0.2248,0.1667,0.114,0.06856,0.03151,
pal100,waccm,330.5,0.701,0.6973,0.6862,0.6679,0.6425,0.6105,0.5724,0.5287,0.4801,0.4275,0.372,0.3147,0.2571,0.2009,0.1479,0.1001,0.05912,0.02623,
pal100,waccm,331.5,0.6927,0.689,0.678,0.6599,0.6348,0.6032,0.5655,0.5222,0.4742,0.4222,0.3672,0.3106,0.2536,0.1979,0.1455,0.09827,0.05782,0.02546,
pal100,waccm,332.5,0.6807,0.6771,0.6666,0.6491,0.6249,0.5945,0.5581,0.5164,0.47,0.4197,0.3664,0.3113,0.2558,0.2014,0.1499,0.1031,0.06253,0.02929,
pal100,waccm,333.5,0.6399,0.6366,0.6266,0.61,0.5872,0.5584,0.524,0.4845,0.4406,0.393,0.3427,0.2907,0.2382,0.1869,0.1383,0.09438,0.0565,0.02576,
pal100,waccm,334.5,0.7144,0.7107,0.6996,0.6812,0.6559,0.6239,0.5857,0.5418,0.493,0.4401,0.3841,0.3262,0.2677,0.2104,0.1562,0.107,0.06447,0.0298,
pal100,waccm,335.5,0.7232,0.7195,0.7083,0.69,0.6646,0.6325,0.5942,0.5502,0.5012,0.4481,0.3918,0.3335,0.2746,0.2167,0.1618,0.1118,0.06836,0.03257,
pal100,waccm,336.5,0.5654,0.5624,0.5537,0.5394,0.5195,0.4944,0.4644,0.43,0.3916,0.3501,0.306,0.2603,0.2142,0.1689,0.1258,0.0867,0.05279,0.02493,
pal100,waccm,337.5,0.6208,0.6176,0.608,0.5921,0.5702,0.5425,0.5094,0.4715,0.4292,0.3833,0.3347,0.2844,0.2335,0.1836,0.1363,0.09331,0.0562,0.02598,
pal100,waccm,338.5,0.6543,0.651,0.641,0.6244,0.6016,0.5727,0.5382,0.4985,0.4544,0.4064,0.3556,0.3028,0.2495,0.197,0.1471,0.1016,0.06218,0.02968,
pal100,waccm,339.5,0.711,0.7073,0.6965,0.6786,0.6538,0.6225,0.5851,0.5421,0.4942,0.4422,0.387,0.3298,0.2719,0.2148,0.1605,0.111,0.06806,0.03263,
pal100,waccm,340.5,0.7602,0.7563,0.7446,0.7254,0.6989,0.6654,0.6253,0.5793,0.528,0.4722,0.4131,0.3518,0.2897,0.2286,0.1705,0.1175,0.07159,0.03392,
pal100,waccm,341.5,0.6745,0.6711,0.6608,0.6439,0.6205,0.5909,0.5556,0.5149,0.4697,0.4204,0.3682,0.3139,0.259,0.2048,0.1532,0.1061,0.06515,0.03138,
pal100,waccm,342.5,0.7468,0.7431,0.7317,0.713,0.6872,0.6545,0.6155,0.5706,0.5205,0.4661,0.4083,0.3483,0.2874,0.2274,0.1702,0.1179,0.07253,0.03504,
pal100,waccm,343.5,0.7756,0.7717,0.76,0.7405,0.7137,0.6797,0.6391,0.5925,0.5405,0.484,0.4239,0.3615,0.2982,0.2358,0.1763,0.122,0.07477,0.03592,
pal100,waccm,344.5,0.5436,0.5408,0.5326,0.519,0.5001,0.4763,0.4479,0.4152,0.3787,0.339,0.2969,0.2531,0.2087,0.1649,0.1232,0.08504,0.05197,0.02481,
pal100,waccm,345.5,0.744,0.7403,0.7291,0.7106,0.6849,0.6526,0.6138,0.5693,0.5196,0.4656,0.4082,0.3484,0.2878,0.2279,0.1707,0.1184,0.07291,0.03537,
pal100,waccm,346.5,0.696,0.6925,0.682,0.6646,0.6406,0.6103,0.574,0.5323,0.4858,0.4351,0.3813,0.3253,0.2685,0.2124,0.1588,0.1098,0.0673,0.03233,
pal100,waccm,347.5,0.6797,0.6763,0.6661,0.6492,0.6258,0.5962,0.5608,0.5201,0.4747,0.4253,0.3728,0.3182,0.2627,0.2078,0.1554,0.1075,0.0659,0.0317,
pal100,waccm,348.5,0.7467,0.7429,0.7317,0.7131,0.6875,0.6551,0.6163,0.5717,0.522,0.4678,0.4102,0.3502,0.2893,0.229,0.1714,0.1186,0.07283,0.03515,
pal100,waccm,349.5,0.6255,0.6224,0.613,0.5975,0.576,0.5489,0.5165,0.4791,0.4375,0.3921,0.3439,0.2936,0.2425,0.192,0.1437,0.09946,0.06103,0.02944,
pal100,waccm,350.5,0.8754,0.871,0.8579,0.8362,0.8063,0.7684,0.723,0.6709,0.6126,0.5492,0.4817,0.4114,0.3399,0.2692,0.2015,0.1395,0.08559,0.04132,
pal100,waccm,351.5,0.7542,0.7505,0.7392,0.7205,0.6947,0.6621,0.6231,0.5782,0.528,0.4734,0.4152,0.3547,0.2931,0.2321,0.1737,0.1201,0.07367,0.03552,
pal100,waccm,352.5,0.6799,0.6765,0.6664,0.6496,0.6264,0.597,0.5619,0.5214,0.4763,0.4271,0.3747,0.3201,0.2646,0.2096,0.1569,0.1086,0.06659,0.03214,
pal100,waccm,353.5,0.8181,0.814,0.8018,0.7816,0.7538,0.7185,0.6763,0.6277,0.5735,0.5144,0.4514,0.3858,0.3189,0.2527,0.1892,0.131,0.0804,0.03887,
pal100,waccm,354.5,0.885,0.8806,0.8674,0.8456,0.8155,0.7775,0.7319,0.6794,0.6208,0.5569,0.4888,0.4179,0.3456,0.2739,0.2052,0.1421,0.08725,0.04225,
pal100,waccm,355.5,0.8267,0.8226,0.8103,0.79,0.7619,0.7264,0.6839,0.6349,0.5802,0.5206,0.457,0.3908,0.3232,0.2562,0.1919,0.1329,0.08159,0.03951,
pal100,waccm,356.5,0.7669,0.7631,0.7517,0.7329,0.7069,0.674,0.6346,0.5892,0.5385,0.4832,0.4243,0.3628,0.3002,0.238,0.1783,0.1234,0.07575,0.03667,
pal100,waccm,357.5,0.6519,0.6486,0.639,0.623,0.6009,0.573,0.5395,0.501,0.4579,0.411,0.3609,0.3087,0.2554,0.2025,0.1517,0.105,0.06442,0.03118,
pal100,waccm,358.5,0.5028,0.5003,0.4929,0.4806,0.4636,0.4421,0.4163,0.3866,0.3534,0.3172,0.2787,0.2384,0.1973,0.1564,0.1172,0.08114,0.04979,0.02411,
pal100,waccm,359.5,0.8459,0.8417,0.8292,0.8086,0.78,0.7438,0.7005,0.6506,0.5949,0.534,0.4691,0.4014,0.3322,0.2635,0.1974,0.1367,0.08383,0.0406,
pal100,waccm,360.5,0.7837,0.7799,0.7683,0.7492,0.7228,0.6893,0.6492,0.6031,0.5514,0.4951,0.435,0.3722,0.3082,0.2445,0.1832,0.1268,0.07776,0.03765,
pal100,waccm,361.5,0.7063,0.7028,0.6924,0.6752,0.6514,0.6213,0.5852,0.5437,0.4972,0.4465,0.3924,0.3358,0.2781,0.2206,0.1653,0.1144,0.07019,0.034,
pal100,waccm,362.5,0.8291,0.825,0.8128,0.7927,0.7648,0.7295,0.6872,0.6385,0.5839,0.5245,0.461,0.3946,0.3268,0.2593,0.1944,0.1345,0.0825,0.03997,
pal100,waccm,363.5,0.7372,0.7336,0.7228,0.7049,0.6801,0.6488,0.6112,0.5679,0.5195,0.4667,0.4102,0.3512,0.2909,0.2309,0.1731,0.1198,0.07344,0.03558,
pal100,waccm,364.5,0.8039,0.8,0.7882,0.7687,0.7417,0.7076,0.6667,0.6195,0.5668,0.5092,0.4476,0.3833,0.3176,0.2521,0.189,0.1308,0.08014,0.03882,
pal100,waccm,365.5,0.9792,0.9744,0.9601,0.9364,0.9036,0.862,0.8122,0.7549,0.6906,0.6205,0.5456,0.4673,0.3872,0.3074,0.2304,0.1594,0.09767,0.0473,
pal100,waccm,366.5,1.036,1.031,1.016,0.9907,0.956,0.9121,0.8595,0.7989,0.731,0.6569,0.5777,0.4948,0.4101,0.3256,0.2441,0.1689,0.1035,0.0501,
pal100,waccm,367.5,0.9832,0.9784,0.9641,0.9403,0.9074,0.8658,0.816,0.7585,0.6941,0.6238,0.5487,0.4701,0.3897,0.3095,0.232,0.1605,0.09832,0.04762,
pal100,waccm,368.5,0.8634,0.8592,0.8466,0.8258,0.7969,0.7604,0.7167,0.6663,0.6098,0.5481,0.4822,0.4132,0.3426,0.2721,0.204,0.1411,0.08642,0.04185,
pal100,waccm,369.5,1.035,1.03,1.015,0.9902,0.9557,0.912,0.8596,0.7992,0.7315,0.6576,0.5786,0.4959,0.4112,0.3266,0.2449,0.1694,0.1037,0.05022,
pal100,waccm,370.5,0.9389,0.9344,0.9207,0.8981,0.8668,0.8272,0.7798,0.7251,0.6638,0.5968,0.5252,0.4501,0.3733,0.2966,0.2224,0.1538,0.09415,0.04558,
pal100,waccm,371.5,1.074,1.069,1.053,1.027,0.9916,0.9463,0.8921,0.8296,0.7595,0.683,0.6011,0.5153,0.4274,0.3396,0.2547,0.1762,0.1078,0.05218,
pal100,waccm,372.5,0.793,0.7891,0.7776,0.7586,0.7323,0.6989,0.6589,0.6128,0.5611,0.5046,0.4442,0.3809,0.316,0.2511,0.1883,0.1303,0.07967,0.03856,
pal100,waccm,373.5,0.7165,0.713,0.7027,0.6855,0.6617,0.6316,0.5955,0.5539,0.5072,0.4562,0.4016,0.3444,0.2858,0.2271,0.1704,0.1178,0.07205,0.03486,
pal100,waccm,374.5,0.7861,0.7823,0.7709,0.7521,0.7261,0.6931,0.6535,0.6079,0.5567,0.5008,0.4409,0.3782,0.3139,0.2495,0.1872,0.1294,0.07911,0.03827,
pal100,waccm,375.5,0.8866,0.8824,0.8696,0.8484,0.819,0.7818,0.7372,0.6858,0.6282,0.5652,0.4977,0.4269,0.3544,0.2817,0.2114,0.1462,0.08932,0.04321,
pal100,waccm,376.5,0.8851,0.8808,0.868,0.8469,0.8176,0.7806,0.7361,0.6848,0.6274,0.5645,0.4972,0.4266,0.3541,0.2816,0.2113,0.1461,0.08925,0.04317,
pal100,waccm,377.5,1.054,1.049,1.033,1.008,0.9734,0.9293,0.8765,0.8155,0.7471,0.6723,0.5922,0.5082,0.422,0.3356,0.2518,0.1741,0.1063,0.05142,
pal100,waccm,378.5,1.148,1.142,1.126,1.099,1.061,1.013,0.9552,0.8888,0.8144,0.7329,0.6457,0.5542,0.4602,0.3661,0.2747,0.1899,0.116,0.05606,
pal100,waccm,379.5,0.849,0.8449,0.8327,0.8125,0.7845,0.7491,0.7066,0.6575,0.6025,0.5424,0.4779,0.4102,0.3407,0.271,0.2034,0.1406,0.08584,0.04149,
pal100,waccm,380.5,1.021,1.016,1.001,0.9769,0.9433,0.9007,0.8497,0.7908,0.7247,0.6524,0.5749,0.4936,0.41,0.3262,0.2449,0.1693,0.1033,0.04992,
pal100,waccm,381.5,0.9588,0.9542,0.9405,0.9177,0.8862,0.8463,0.7984,0.7431,0.6811,0.6132,0.5404,0.4641,0.3855,0.3068,0.2303,0.1592,0.09712,0.04692,
pal100,waccm,382.5,0.6387,0.6356,0.6265,0.6113,0.5904,0.5638,0.5319,0.4951,0.4539,0.4087,0.3602,0.3094,0.2571,0.2046,0.1536,0.1062,0.06475,0.03128,
pal100,waccm,383.5,0.5607,0.558,0.55,0.5367,0.5183,0.495,0.467,0.4348,0.3986,0.3589,0.3164,0.2718,0.2259,0.1798,0.135,0.09331,0.05689,0.02747,
pal100,waccm,384.5,0.8412,0.8371,0.8251,0.8052,0.7776,0.7427,0.7008,0.6525,0.5982,0.5388,0.4751,0.4081,0.3392,0.2701,0.2028,0.1402,0.08543,0.04124,
pal100,waccm,385.5,0.832,0.828,0.8161,0.7964,0.7692,0.7347,0.6933,0.6455,0.5919,0.5332,0.4702,0.404,0.3358,0.2674,0.2008,0.1388,0.08458,0.04082,
pal100,waccm,386.5,0.8478,0.8437,0.8317,0.8116,0.7839,0.7488,0.7067,0.658,0.6034,0.5436,0.4794,0.412,0.3426,0.2728,0.2049,0.1416,0.08627,0.04163,
pal100,waccm,387.5,0.7877,0.7839,0.7727,0.7541,0.7284,0.6958,0.6567,0.6115,0.5608,0.5053,0.4457,0.3831,0.3186,0.2538,0.1906,0.1317,0.08022,0.0387,
pal100,waccm,388.5,0.7893,0.7855,0.7743,0.7557,0.73,0.6973,0.6582,0.613,0.5622,0.5066,0.4469,0.3842,0.3196,0.2546,0.1912,0.1321,0.08046,0.0388,
pal100,waccm,389.5,0.9951,0.9903,0.9762,0.9528,0.9204,0.8793,0.83,0.773,0.7091,0.639,0.5638,0.4847,0.4032,0.3213,0.2414,0.1668,0.1015,0.04895,
pal100,waccm,390.5,0.9771,0.9725,0.9586,0.9356,0.9038,0.8635,0.8151,0.7593,0.6965,0.6278,0.554,0.4764,0.3964,0.3159,0.2373,0.164,0.09978,0.04809,
pal100,waccm,391.5,1.159,1.153,1.137,1.11,1.072,1.024,0.967,0.9008,0.8264,0.7449,0.6575,0.5654,0.4705,0.375,0.2818,0.1947,0.1185,0.05708,
pal100,waccm,392.5,0.8688,0.8647,0.8524,0.832,0.8038,0.768,0.7251,0.6755,0.6198,0.5587,0.4932,0.4242,0.3531,0.2815,0.2115,0.1461,0.08889,0.04281,
pal100,waccm,393.5,0.3776,0.3758,0.3705,0.3616,0.3494,0.3338,0.3152,0.2937,0.2695,0.243,0.2145,0.1845,0.1536,0.1225,0.09205,0.0636,0.03867,0.01862,
pal100,waccm,394.5,0.8883,0.8841,0.8716,0.8508,0.822,0.7855,0.7417,0.691,0.6342,0.5719,0.5049,0.4344,0.3617,0.2884,0.2168,0.1498,0.09104,0.04383,
pal100,waccm,395.5,1.143,1.137,1.121,1.094,1.057,1.011,0.9542,0.8891,0.8161,0.7359,0.6499,0.5592,0.4657,0.3714,0.2792,0.1929,0.1172,0.0564,
pal100,waccm,396.5,0.6708,0.6676,0.6582,0.6425,0.6208,0.5933,0.5603,0.5221,0.4793,0.4322,0.3817,0.3285,0.2736,0.2183,0.1641,0.1134,0.06888,0.03313,
pal100,waccm,397.5,0.7739,0.7702,0.7593,0.7413,0.7163,0.6846,0.6465,0.6025,0.5531,0.4989,0.4407,0.3793,0.316,0.2521,0.1896,0.131,0.07954,0.03825,
pal100,waccm,398.5,1.329,1.323,1.304,1.274,1.231,1.176,1.111,1.035,0.9505,0.8575,0.7575,0.6521,0.5433,0.4335,0.326,0.2252,0.1368,0.06575,
pal100,waccm,399.5,1.382,1.376,1.357,1.324,1.28,1.223,1.155,1.077,0.9888,0.8921,0.7882,0.6786,0.5655,0.4513,0.3395,0.2345,0.1424,0.06841,
pal100,waccm,400.5,1.453,1.446,1.426,1.392,1.345,1.286,1.215,1.132,1.04,0.9381,0.8289,0.7138,0.5949,0.4749,0.3572,0.2468,0.1498,0.07194,
pal100,waccm,401.5,1.495,1.488,1.467,1.432,1.384,1.323,1.25,1.165,1.07,0.9654,0.8532,0.7348,0.6125,0.489,0.3679,0.2541,0.1542,0.07404,
pal100,waccm,402.5,1.551,1.544,1.522,1.486,1.436,1.373,1.297,1.209,1.111,1.002,0.886,0.7632,0.6363,0.508,0.3823,0.2641,0.1602,0.07689,
pal100,waccm,403.5,1.42,1.413,1.393,1.36,1.315,1.257,1.187,1.107,1.017,0.9178,0.8113,0.6989,0.5828,0.4654,0.3502,0.242,0.1467,0.0704,
pal100,waccm,404.5,1.392,1.386,1.366,1.334,1.289,1.233,1.165,1.086,0.9975,0.9004,0.796,0.6859,0.572,0.4568,0.3438,0.2375,0.144,0.06907,
pal100,waccm,405.5,1.446,1.439,1.419,1.385,1.339,1.28,1.21,1.128,1.036,0.9356,0.8272,0.7129,0.5946,0.475,0.3575,0.247,0.1497,0.07178,
pal100,waccm,406.5,1.362,1.355,1.336,1.305,1.261,1.206,1.139,1.063,0.9762,0.8814,0.7794,0.6718,0.5604,0.4477,0.3371,0.2329,0.1411,0.06763,
pal100,waccm,407.5,1.372,1.366,1.347,1.315,1.271,1.216,1.149,1.071,0.9843,0.8888,0.7861,0.6776,0.5653,0.4518,0.3401,0.235,0.1423,0.06819,
pal100,waccm,408.5,1.528,1.521,1.5,1.465,1.416,1.354,1.279,1.193,1.096,0.9901,0.8758,0.755,0.63,0.5035,0.3792,0.262,0.1586,0.07596,
pal100,waccm,409.5,1.498,1.491,1.47,1.435,1.388,1.327,1.254,1.17,1.075,0.9709,0.8588,0.7405,0.618,0.494,0.3721,0.257,0.1556,0.07448,
pal100,waccm,410.5,1.299,1.293,1.275,1.245,1.203,1.151,1.088,1.014,0.9323,0.8421,0.7451,0.6425,0.5363,0.4288,0.323,0.2231,0.135,0.06461,
pal100,waccm,411.5,1.561,1.553,1.532,1.496,1.446,1.383,1.307,1.219,1.121,1.012,0.8959,0.7727,0.6451,0.5158,0.3886,0.2685,0.1624,0.07769,
pal100,waccm,412.5,1.546,1.539,1.518,1.482,1.433,1.371,1.296,1.209,1.111,1.004,0.8882,0.7662,0.6398,0.5116,0.3855,0.2664,0.1611,0.07704,
pal100,waccm,413.5,1.5,1.493,1.472,1.437,1.39,1.329,1.256,1.172,1.078,0.9737,0.8618,0.7435,0.6209,0.4966,0.3742,0.2586,0.1564,0.07474,
pal100,waccm,414.5,1.541,1.534,1.512,1.477,1.428,1.366,1.291,1.205,1.108,1.001,0.8861,0.7645,0.6386,0.5109,0.385,0.266,0.1609,0.07684,
pal100,waccm,415.5,1.474,1.467,1.446,1.413,1.366,1.306,1.235,1.153,1.06,0.9577,0.8478,0.7316,0.6112,0.489,0.3686,0.2547,0.154,0.07351,
pal100,waccm,416.5,1.604,1.596,1.574,1.537,1.486,1.422,1.344,1.254,1.154,1.043,0.923,0.7966,0.6656,0.5326,0.4015,0.2775,0.1677,0.08002,
pal100,waccm,417.5,1.466,1.459,1.439,1.405,1.359,1.3,1.229,1.147,1.055,0.9533,0.8441,0.7286,0.6088,0.4873,0.3674,0.2539,0.1534,0.07317,
pal100,waccm,418.5,1.477,1.47,1.45,1.416,1.369,1.31,1.239,1.156,1.063,0.961,0.851,0.7347,0.614,0.4915,0.3706,0.2561,0.1547,0.07376,
pal100,waccm,419.5,1.525,1.518,1.497,1.462,1.414,1.353,1.279,1.194,1.098,0.9929,0.8794,0.7593,0.6347,0.5081,0.3832,0.2648,0.1599,0.07623,
pal100,waccm_eq,280.5,6.601e-13,5.972e-13,4.409e-13,2.626e-13,1.237e-13,4.373e-14,1.189e-14,2.184e-15,2.536e-16,1.639e-17,4.893e-19,5.243e-21,6.849e-23,3.022e-23,2.022e-23,1.434e-23,1.003e-23,6.259e-24,
pal100,waccm_eq,281.5,1.573e-11,1.436e-11,1.088e-11,6.783e-12,3.414e-12,1.351e-12,4.036e-13,8.609e-14,1.21e-14,9.984e-16,4.081e-17,6.579e-19,1.008e-20,3.988e-21,2.651e-21,1.875e-21,1.309e-21,8.171e-22,
pal100,waccm_eq,282.5,1.638e-10,1.506e-10,1.168e-10,7.572e-11,4.034e-11,1.723e-11,5.694e-12,1.381e-12,2.288e-13,2.327e-14,1.246e-15,2.851e-17,5.202e-19,1.815e-19,1.199e-19,8.449e-20,5.888e-20,3.676e-20,
pal100,waccm_eq,283.5,6.805e-10,6.289e-10,4.952e-10,3.292e-10,1.82e-10,8.174e-11,2.883e-11,7.606e-12,1.402e-12,1.633e-13,1.042e-14,2.991e-16,6.228e-18,1.965e-18,1.291e-18,9.075e-19,6.316e-19,3.943e-19,
pal100,waccm_eq,284.5,5.397e-09,5.033e-09,4.07e-09,2.833e-09,1.674e-09,8.229e-10,3.265e-10,1.002e-10,2.239e-11,3.337e-12,2.923e-13,1.267e-14,3.531e-16,9.006e-17,5.828e-17,4.076e-17,2.828e-17,1.764e-17,
pal100,waccm_eq,285.5,1.571e-08,1.475e-08,1.217e-08,8.762e-09,5.441e-09,2.86e-09,1.239e-09,4.253e-10,1.096e-10,1.961e-11,2.173e-12,1.278e-13,4.588e-15,9.767e-16,6.206e-16,4.32e-16,2.989e-16,1.863e-16,
pal100,waccm_eq,286.5,1.611e-07,1.52e-07,1.273e-07,9.414e-08,6.074e-08,3.362e-08,1.557e-08,5.828e-09,1.677e-09,3.452e-10,4.581e-11,3.404e-12,1.515e-13,2.786e-14,1.73e-14,1.199e-14,8.271e-15,5.149e-15,
pal100,waccm_eq,287.5,7.858e-07,7.454e-07,6.351e-07,4.833e-07,3.252e-07,1.906e-07,9.509e-08,3.916e-08,1.272e-08,3.058e-09,4.957e-10,4.771e-11,2.748e-12,4.324e-13,2.573e-13,1.771e-13,1.218e-13,7.565e-14,
pal100,waccm_eq,288.5,3.311e-06,3.16e-06,2.742e-06,2.154e-06,1.517e-06,9.458e-07,5.118e-07,2.338e-07,8.67e-08,2.468e-08,4.971e-09,6.341e-10,4.935e-11,6.768e-12,3.704e-12,2.526e-12,1.727e-12,1.07e-12,
pal100,waccm_eq,289.5,1.606e-05,1.539e-05,1.354e-05,1.087e-05,7.915e-06,5.159e-06,2.958e-06,1.456e-06,5.935e-07,1.906e-07,4.486e-08,6.998e-09,6.826e-10,8.81e-11,4.37e-11,2.951e-11,2.008e-11,1.24e-11,
pal100,waccm_eq,290.5,5.787e-05,5.568e-05,4.952e-05,4.054e-05,3.034e-05,2.053e-05,1.236e-05,6.474e-06,2.859e-06,1.017e-06,2.726e-07,5.036e-08,5.975e-09,7.615e-10,3.358e-10,2.239e-10,1.516e-10,9.335e-11,
pal100,waccm_eq,291.5,0.0001613,0.0001558,0.0001403,0.0001174,9.061e-05,6.395e-05,4.069e-05,2.287e-05,1.105e-05,4.409e-06,1.371e-06,3.066e-07,4.568e-08,6.076e-09,2.251e-09,1.464e-09,9.838e-10,6.028e-10,
pal100,waccm_eq,292.5,0.0003486,0.0003379,0.0003075,0.0002618,0.0002074,0.0001515,0.0001008,6.008e-05,3.125e-05,1.37e-05,4.807e-06,1.257e-06,2.265e-07,3.278e-08,1.026e-08,6.431e-09,4.288e-09,2.614e-09,
pal100,waccm_eq,293.5,0.0009065,0.0008816,0.0008099,0.000701,0.0005688,0.0004293,0.0002982,0.0001876,0.0001046,5.007e-05,1.968e-05,5.96e-06,1.288e-06,2.103e-07,5.607e-08,3.294e-08,2.174e-08,1.317e-08,
pal100,waccm_eq,294.5,0.001591,0.001551,0.001436,0.001259,0.001041,0.0008063,0.000579,0.0003802,0.0002238,0.0001149,4.938e-05,1.678e-05,4.191e-06,7.717e-07,1.847e-07,9.979e-08,6.509e-08,3.919e-08,
pal100,waccm_eq,295.5,0.003651,0.003569,0.003331,0.002961,0.002498,0.001987,0.001478,0.001016,0.0006333,0.0003498,0.0001652,6.337e-05,1.847e-05,3.948e-06,8.792e-07,4.15e-07,2.653e-07,1.583e-07,
pal100,waccm_eq,296.5,0.005923,0.005802,0.005451,0.004902,0.004205,0.003422,0.002621,0.00187,0.001223,0.0007182,0.0003667,0.0001557,5.165e-05,1.269e-05,2.8e-06,1.135e-06,7.041e-07,4.162e-07,
pal100,waccm_eq,297.5,0.01063,0.01043,0.009857,0.008954,0.007793,0.006468,0.005084,0.003748,0.002557,0.001583,0.0008659,0.0004017,0.0001493,4.183e-05,9.582e-06,3.329e-06,1.965e-06,1.149e-06,
pal100,waccm_eq,298.5,0.012,0.01179,0.0112,0.01026,0.009042,0.00763,0.00613,0.004647,0.003284,0.002128,0.001233,0.0006162,0.0002523,7.94e-05,1.946e-05,5.948e-06,3.267e-06,1.886e-06,
pal100,waccm_eq,299.5,0.02533,0.02494,0.0238,0.02198,0.01959,0.01679,0.01377,0.01071,0.007828,0.00529,0.003236,0.001735,0.0007782,0.0002742,7.36e-05,2.043e-05,1.007e-05,5.706e-06,
pal100,waccm_eq,300.5,0.02285,0.02252,0.02157,0.02004,0.01802,0.01564,0.01303,0.01034,0.007754,0.005414,0.003453,0.001954,0.0009408,0.0003627,0.0001062,2.828e-05,1.24e-05,6.875e-06,
pal100,waccm_eq,301.5,0.04337,0.04281,0.04116,0.0385,0.03496,0.03073,0.02603,0.02112,0.01628,0.01177,0.007855,0.004713,0.002449,0.001042,0.0003402,9.064e-05,3.398e-05,1.807e-05,
pal100,waccm_eq,302.5,0.05255,0.05191,0.05004,0.04701,0.04296,0.03809,0.03263,0.02686,0.02108,0.0156,0.01072,0.006685,0.003653,0.00166,0.0005859,0.0001608,5.388e-05,2.738e-05,
pal100,waccm_eq,303.5,0.08662,0.08566,0.08281,0.0782,0.072,0.06448,0.05597,0.04686,0.03757,0.02858,0.02033,0.01326,0.007691,0.003782,0.001472,0.000432,0.0001282,5.971e-05,
pal100,waccm_eq,304.5,0.09302,0.09204,0.08914,0.08442,0.07807,0.07034,0.06153,0.05202,0.04223,0.03263,0.0237,0.01587,0.009523,0.004903,0.002025,0.0006264,0.0001759,7.609e-05,
pal100,waccm_eq,305.5,0.1193,0.1181,0.1147,0.1091,0.1016,0.09228,0.08164,0.07002,0.0579,0.04579,0.03425,0.02384,0.01506,0.008301,0.003754,0.001279,0.0003452,0.0001285,
pal100,waccm_eq,306.5,0.1231,0.1219,0.1185,0.113,0.1054,0.09617,0.0855,0.07379,0.06151,0.04914,0.03724,0.02635,0.01701,0.009662,0.004547,0.001623,0.0004384,0.0001507,
pal100,waccm_eq,307.5,0.1731,0.1716,0.1671,0.1599,0.15,0.1378,0.1236,0.108,0.09136,0.07439,0.05776,0.04219,0.02841,0.01707,0.008684,0.003422,0.0009638,0.0002802,
pal100,waccm_eq,308.5,0.192,0.1904,0.1857,0.1779,0.1672,0.1541,0.1387,0.1217,0.1036,0.085,0.06663,0.04928,0.03372,0.02072,0.01086,0.004457,0.001292,0.000352,
pal100,waccm_eq,309.5,0.1664,0.1651,0.1612,0.1548,0.146,0.1351,0.1225,0.1083,0.09309,0.07734,0.06162,0.04653,0.03274,0.02088,0.01154,0.005092,0.001581,0.0003904,
pal100,waccm_eq,310.5,0.224,0.2223,0.2172,0.209,0.1976,0.1836,0.167,0.1486,0.1286,0.1078,0.08693,0.06664,0.04783,0.03135,0.018,0.008381,0.002769,0.0006514,
pal100,waccm_eq,311.5,0.2859,0.2838,0.2775,0.2673,0.2532,0.2357,0.2151,0.1921,0.1671,0.1409,0.1145,0.08863,0.06445,0.043,0.02531,0.01222,0.004223,0.0009753,
pal100,waccm_eq,312.5,0.2749,0.273,0.2673,0.2579,0.2451,0.229,0.2101,0.1888,0.1656,0.1412,0.1163,0.09161,0.06819,0.04697,0.02892,0.01492,0.005655,0.001321,
pal100,waccm_eq,313.5,0.3109,0.3087,0.3024,0.292,0.2776,0.2597,0.2386,0.2148,0.1888,0.1614,0.1333,0.1055,0.07901,0.05484,0.03414,0.0179,0.006942,0.001638,
pal100,waccm_eq,314.5,0.3065,0.3046,0.2986,0.2888,0.2753,0.2584,0.2384,0.2158,0.1911,0.1648,0.1377,0.1107,0.0845,0.06027,0.03899,0.02166,0.009177,0.002324,
pal100,waccm_eq,315.5,0.3162,0.3141,0.308,0.298,0.2842,0.267,0.2466,0.2234,0.1981,0.1712,0.1434,0.1155,0.08851,0.06342,0.04131,0.02318,0.009976,0.002569,
pal100,waccm_eq,316.5,0.3116,0.3096,0.3039,0.2944,0.2813,0.2649,0.2455,0.2235,0.1992,0.1733,0.1465,0.1194,0.0929,0.06799,0.04563,0.02679,0.01241,0.003509,
pal100,waccm_eq,317.5,0.4408,0.438,0.4299,0.4165,0.3981,0.3749,0.3475,0.3164,0.2821,0.2455,0.2076,0.1692,0.1317,0.09644,0.06475,0.03804,0.01763,0.004991,
pal100,waccm_eq,318.5,0.3432,0.3412,0.3351,0.325,0.3112,0.2938,0.2732,0.2497,0.2238,0.196,0.167,0.1376,0.1087,0.0811,0.05596,0.03429,0.01704,0.005379,
pal100,waccm_eq,319.5,0.4182,0.4157,0.4083,0.3962,0.3795,0.3585,0.3336,0.3051,0.2738,0.2402,0.205,0.1693,0.1341,0.1004,0.06969,0.04306,0.02169,0.007017,
pal100,waccm_eq,320.5,0.5076,0.5046,0.4957,0.4812,0.4611,0.4359,0.4059,0.3717,0.3339,0.2934,0.2509,0.2078,0.1651,0.1242,0.08674,0.0541,0.02771,0.009218,
pal100,waccm_eq,321.5,0.4269,0.4245,0.4174,0.4056,0.3893,0.3687,0.3444,0.3165,0.2856,0.2524,0.2176,0.1819,0.1464,0.1121,0.08025,0.05203,0.02847,0.01072,
pal100,waccm_eq,322.5,0.433,0.4305,0.423,0.4107,0.3938,0.3725,0.3472,0.3183,0.2863,0.252,0.216,0.1793,0.1429,0.108,0.07588,0.04776,0.02483,0.008491,
pal100,waccm_eq,323.5,0.4406,0.4381,0.4309,0.4189,0.4025,0.3817,0.3569,0.3286,0.2973,0.2634,0.2279,0.1914,0.1549,0.1196,0.08656,0.05709,0.03216,0.01284,
pal100,waccm_eq,324.5,0.5174,0.5145,0.506,0.492,0.4726,0.4482,0.4192,0.386,0.3491,0.3094,0.2676,0.2247,0.1818,0.1403,0.1014,0.0668,0.03753,0.01491,
pal100,waccm_eq,325.5,0.5807,0.5775,0.5679,0.5521,0.5303,0.5028,0.4701,0.4326,0.3911,0.3464,0.2993,0.251,0.2027,0.156,0.1124,0.07353,0.04088,0.0159,
pal100,waccm_eq,326.5,0.6964,0.6927,0.6816,0.6632,0.6379,0.6058,0.5677,0.5238,0.4756,0.4231,0.3678,0.3109,0.2537,0.198,0.1456,0.09835,0.05777,0.02516,
pal100,waccm_eq,327.5,0.6505,0.647,0.6366,0.6192,0.5954,0.5653,0.5294,0.4883,0.4427,0.3934,0.3414,0.2879,0.2342,0.182,0.133,0.08892,0.05132,0.02155,
pal100,waccm_eq,328.5,0.6003,0.597,0.5874,0.5714,0.5495,0.5217,0.4887,0.4508,0.4087,0.3633,0.3153,0.266,0.2164,0.1682,0.1229,0.08218,0.04744,0.01993,
pal100,waccm_eq,329.5,0.7725,0.7684,0.7563,0.7363,0.7087,0.6738,0.6322,0.5845,0.5315,0.4741,0.4134,0.3507,0.2876,0.2259,0.1676,0.1147,0.06902,0.03164,
pal100,waccm_eq,330.5,0.7044,0.7007,0.6895,0.6711,0.6457,0.6137,0.5755,0.5317,0.483,0.4303,0.3746,0.3171,0.2593,0.2028,0.1495,0.1014,0.05995,0.02651,
pal100,waccm_eq,331.5,0.6962,0.6925,0.6816,0.6633,0.6383,0.6066,0.5688,0.5255,0.4773,0.4252,0.37,0.3132,0.2559,0.2,0.1473,0.09963,0.0587,0.02576,
pal100,waccm_eq,332.5,0.6818,0.6782,0.6676,0.6502,0.626,0.5955,0.5591,0.5174,0.4709,0.4206,0.3673,0.3122,0.2566,0.2021,0.1504,0.1035,0.06282,0.02938,
pal100,waccm_eq,333.5,0.642,0.6386,0.6286,0.612,0.5892,0.5603,0.5259,0.4864,0.4424,0.3948,0.3443,0.2922,0.2396,0.1881,0.1394,0.09521,0.05705,0.02597,
pal100,waccm_eq,334.5,0.7162,0.7124,0.7013,0.6829,0.6576,0.6255,0.5873,0.5434,0.4945,0.4416,0.3855,0.3274,0.2689,0.2115,0.1571,0.1077,0.06493,0.02997,
pal100,waccm_eq,335.5,0.7238,0.72,0.7089,0.6905,0.6651,0.633,0.5947,0.5507,0.5018,0.4486,0.3923,0.334,0.275,0.2171,0.1621,0.112,0.06852,0.03263,
pal100,waccm_eq,336.5,0.5661,0.5632,0.5545,0.5401,0.5202,0.4951,0.4651,0.4306,0.3923,0.3507,0.3066,0.2609,0.2147,0.1693,0.1262,0.08701,0.053,0.02501,
pal100,waccm_eq,337.5,0.6224,0.6192,0.6096,0.5937,0.5718,0.544,0.5109,0.4729,0.4306,0.3846,0.336,0.2855,0.2346,0.1846,0.1371,0.09397,0.05666,0.02617,
pal100,waccm_eq,338.5,0.6548,0.6515,0.6415,0.6249,0.602,0.5731,0.5386,0.499,0.4548,0.4069,0.356,0.3032,0.2498,0.1973,0.1474,0.1019,0.06233,0.02973,
pal100,waccm_eq,339.5,0.7113,0.7077,0.6968,0.6789,0.6541,0.6228,0.5854,0.5424,0.4945,0.4425,0.3873,0.3301,0.2721,0.215,0.1607,0.1112,0.06816,0.03266,
pal100,waccm_eq,340.5,0.7611,0.7572,0.7456,0.7264,0.6998,0.6662,0.6262,0.5801,0.5288,0.473,0.4139,0.3525,0.2903,0.2292,0.171,0.1179,0.07187,0.03403,
pal100,waccm_eq,341.5,0.6747,0.6713,0.661,0.6441,0.6207,0.5911,0.5558,0.5151,0.4699,0.4206,0.3684,0.3141,0.2591,0.205,0.1533,0.1062,0.06522,0.03141,
pal100,waccm_eq,342.5,0.747,0.7432,0.7319,0.7132,0.6873,0.6546,0.6156,0.5707,0.5206,0.4662,0.4084,0.3484,0.2875,0.2275,0.1703,0.118,0.07256,0.03505,
pal100,waccm_eq,343.5,0.776,0.7721,0.7603,0.7409,0.714,0.6801,0.6395,0.5928,0.5408,0.4843,0.4242,0.3618,0.2985,0.236,0.1765,0.1221,0.07488,0.03597,
pal100,waccm_eq,344.5,0.544,0.5413,0.533,0.5194,0.5006,0.4768,0.4483,0.4156,0.3791,0.3394,0.2973,0.2535,0.2091,0.1652,0.1234,0.08525,0.05212,0.02488,
pal100,waccm_eq,345.5,0.744,0.7403,0.7291,0.7105,0.6849,0.6525,0.6138,0.5693,0.5196,0.4656,0.4081,0.3484,0.2878,0.2279,0.1707,0.1184,0.07291,0.03537,
pal100,waccm_eq,346.5,0.6964,0.6928,0.6823,0.665,0.641,0.6107,0.5744,0.5327,0.4861,0.4355,0.3816,0.3256,0.2688,0.2127,0.159,0.11,0.06742,0.03239,
pal100,waccm_eq,347.5,0.6801,0.6766,0.6664,0.6495,0.6261,0.5965,0.5611,0.5204,0.475,0.4256,0.3731,0.3184,0.2629,0.208,0.1556,0.1077,0.06601,0.03175,
pal100,waccm_eq,348.5,0.7469,0.7431,0.7319,0.7134,0.6877,0.6553,0.6166,0.572,0.5222,0.468,0.4103,0.3504,0.2894,0.2291,0.1715,0.1187,0.07291,0.03519,
pal100,waccm_eq,349.5,0.6257,0.6226,0.6132,0.5977,0.5762,0.5491,0.5167,0.4793,0.4377,0.3923,0.344,0.2938,0.2427,0.1922,0.1438,0.09955,0.0611,0.02947,
pal100,waccm_eq,350.5,0.8756,0.8713,0.8582,0.8365,0.8065,0.7686,0.7233,0.6711,0.6128,0.5494,0.4819,0.4116,0.3401,0.2694,0.2016,0.1396,0.08567,0.04136,
pal100,waccm_eq,351.5,0.7545,0.7507,0.7394,0.7208,0.695,0.6624,0.6233,0.5784,0.5282,0.4736,0.4155,0.3549,0.2933,0.2322,0.1738,0.1203,0.07376,0.03556,
pal100,waccm_eq,352.5,0.6801,0.6767,0.6666,0.6498,0.6266,0.5972,0.5621,0.5216,0.4765,0.4273,0.3749,0.3203,0.2647,0.2097,0.157,0.1086,0.06665,0.03217,
pal100,waccm_eq,353.5,0.8182,0.8141,0.8019,0.7818,0.7539,0.7187,0.6765,0.6279,0.5736,0.5145,0.4515,0.3859,0.3191,0.2528,0.1893,0.1311,0.08045,0.0389,
pal100,waccm_eq,354.5,0.8851,0.8807,0.8675,0.8457,0.8156,0.7775,0.732,0.6795,0.6209,0.557,0.4889,0.418,0.3457,0.274,0.2052,0.1421,0.08728,0.04226,
pal100,waccm_eq,355.5,0.8268,0.8227,0.8104,0.7901,0.762,0.7265,0.684,0.635,0.5803,0.5207,0.4571,0.3908,0.3233,0.2563,0.192,0.1329,0.08162,0.03953,
pal100,waccm_eq,356.5,0.767,0.7632,0.7518,0.733,0.707,0.6741,0.6347,0.5893,0.5386,0.4833,0.4244,0.3629,0.3002,0.238,0.1783,0.1234,0.07578,0.03669,
pal100,waccm_eq,357.5,0.652,0.6487,0.6391,0.6231,0.601,0.5731,0.5396,0.5011,0.458,0.4111,0.361,0.3087,0.2555,0.2025,0.1517,0.105,0.06444,0.03119,
pal100,waccm_eq,358.5,0.5029,0.5004,0.4929,0.4806,0.4636,0.4421,0.4163,0.3867,0.3535,0.3173,0.2787,0.2384,0.1973,0.1565,0.1172,0.08116,0.0498,0.02412,
pal100,waccm_eq,359.5,0.846,0.8418,0.8293,0.8086,0.7801,0.7439,0.7006,0.6507,0.5949,0.5341,0.4692,0.4014,0.3323,0.2636,0.1975,0.1367,0.08386,0.04061,
pal100,waccm_eq,360.5,0.7838,0.7799,0.7684,0.7493,0.7228,0.6894,0.6493,0.6031,0.5515,0.4952,0.4351,0.3723,0.3082,0.2445,0.1832,0.1268,0.07778,0.03766,
pal100,waccm_eq,361.5,0.7063,0.7029,0.6925,0.6753,0.6515,0.6213,0.5853,0.5437,0.4972,0.4465,0.3924,0.3359,0.2781,0.2207,0.1654,0.1145,0.0702,0.03401,
pal100,waccm_eq,362.5,0.8291,0.825,0.8128,0.7927,0.7648,0.7295,0.6872,0.6385,0.584,0.5245,0.461,0.3946,0.3268,0.2594,0.1944,0.1345,0.08251,0.03998,
pal100,waccm_eq,363.5,0.7373,0.7336,0.7228,0.7049,0.6801,0.6488,0.6112,0.5679,0.5195,0.4667,0.4102,0.3512,0.2909,0.2309,0.1731,0.1198,0.07345,0.03559,
pal100,waccm_eq,364.5,0.804,0.8,0.7882,0.7687,0.7418,0.7076,0.6667,0.6195,0.5668,0.5092,0.4477,0.3833,0.3176,0.2521,0.189,0.1308,0.08015,0.03883,
pal100,waccm_eq,365.5,0.9793,0.9745,0.9601,0.9364,0.9036,0.862,0.8123,0.7549,0.6907,0.6206,0.5457,0.4673,0.3872,0.3074,0.2304,0.1594,0.09769,0.0473,
pal100,waccm_eq,366.5,1.036,1.031,1.016,0.9907,0.956,0.9121,0.8595,0.7989,0.731,0.6569,0.5777,0.4949,0.4101,0.3256,0.2441,0.1689,0.1035,0.05011,
pal100,waccm_eq,367.5,0.9832,0.9784,0.9641,0.9403,0.9075,0.8658,0.816,0.7585,0.6941,0.6239,0.5487,0.4701,0.3897,0.3095,0.232,0.1605,0.09833,0.04763,
pal100,waccm_eq,368.5,0.8634,0.8592,0.8466,0.8258,0.797,0.7605,0.7167,0.6663,0.6098,0.5482,0.4822,0.4132,0.3426,0.2721,0.204,0.1411,0.08642,0.04185,
pal100,waccm_eq,369.5,1.035,1.03,1.015,0.9902,0.9557,0.912,0.8596,0.7992,0.7316,0.6577,0.5786,0.4959,0.4112,0.3266,0.2449,0.1694,0.1037,0.05022,
pal100,waccm_eq,370.5,0.9389,0.9344,0.9207,0.8981,0.8669,0.8273,0.7798,0.7251,0.6638,0.5968,0.5252,0.4502,0.3733,0.2966,0.2224,0.1538,0.09415,0.04558,
pal100,waccm_eq,371.5,1.074,1.069,1.053,1.027,0.9916,0.9464,0.8921,0.8296,0.7596,0.683,0.6011,0.5153,0.4274,0.3396,0.2547,0.1762,0.1078,0.05218,
pal100,waccm_eq,372.5,0.793,0.7891,0.7776,0.7586,0.7323,0.6989,0.6589,0.6128,0.5611,0.5046,0.4442,0.3809,0.316,0.2511,0.1883,0.1303,0.07967,0.03856,
pal100,waccm_eq,373.5,0.7165,0.713,0.7027,0.6855,0.6617,0.6316,0.5955,0.5539,0.5072,0.4562,0.4016,0.3444,0.2858,0.2271,0.1704,0.1178,0.07205,0.03486,
pal100,waccm_eq,374.5,0.7861,0.7823,0.771,0.7521,0.7261,0.6931,0.6535,0.6079,0.5567,0.5008,0.441,0.3782,0.3139,0.2495,0.1872,0.1294,0.07912,0.03828,
pal100,waccm_eq,375.5,0.8867,0.8824,0.8696,0.8484,0.819,0.7818,0.7373,0.6858,0.6282,0.5652,0.4977,0.4269,0.3544,0.2817,0.2114,0.1462,0.08932,0.04321,
pal100,waccm_eq,376.5,0.8851,0.8808,0.868,0.8469,0.8176,0.7806,0.7361,0.6848,0.6274,0.5645,0.4972,0.4266,0.3541,0.2816,0.2113,0.1461,0.08925,0.04317,
pal100,waccm_eq,377.5,1.054,1.049,1.033,1.008,0.9734,0.9293,0.8765,0.8155,0.7471,0.6723,0.5922,0.5082,0.422,0.3356,0.2518,0.1741,0.1063,0.05142,
pal100,waccm_eq,378.5,1.148,1.142,1.126,1.099,1.061,1.013,0.9552,0.8888,0.8144,0.7329,0.6457,0.5542,0.4602,0.3661,0.2747,0.1899,0.116,0.05606,
pal100,waccm_eq,379.5,0.849,0.8449,0.8327,0.8125,0.7845,0.7491,0.7066,0.6575,0.6025,0.5424,0.4779,0.4102,0.3407,0.271,0.2034,0.1406,0.08584,0.04149,
pal100,waccm_eq,380.5,1.021,1.016,1.001,0.9769,0.9433,0.9007,0.8497,0.7908,0.7247,0.6524,0.5749,0.4936,0.41,0.3262,0.2449,0.1693,0.1033,0.04992,
pal100,waccm_eq,381.5,0.9588,0.9542,0.9405,0.9177,0.8862,0.8463,0.7984,0.7431,0.6811,0.6132,0.5404,0.4641,0.3856,0.3068,0.2303,0.1592,0.09712,0.04692,
pal100,waccm_eq,382.5,0.6387,0.6356,0.6265,0.6113,0.5904,0.5638,0.5319,0.4951,0.4539,0.4087,0.3602,0.3094,0.2571,0.2046,0.1536,0.1062,0.06476,0.03128,
pal100,waccm_eq,383.5,0.5607,0.558,0.55,0.5367,0.5183,0.495,0.467,0.4348,0.3986,0.3589,0.3164,0.2718,0.2259,0.1798,0.135,0.09331,0.0569,0.02747,
pal100,waccm_eq,384.5,0.8412,0.8371,0.8251,0.8052,0.7777,0.7427,0.7008,0.6525,0.5982,0.5388,0.4751,0.4081,0.3392,0.2701,0.2028,0.1402,0.08544,0.04125,
pal100,waccm_eq,385.5,0.832,0.828,0.8161,0.7964,0.7692,0.7347,0.6933,0.6455,0.5919,0.5332,0.4702,0.404,0.3359,0.2674,0.2008,0.1388,0.08458,0.04082,
pal100,waccm_eq,386.5,0.8478,0.8437,0.8317,0.8117,0.7839,0.7488,0.7067,0.658,0.6034,0.5436,0.4794,0.412,0.3426,0.2728,0.2049,0.1416,0.08627,0.04163,
pal100,waccm_eq,387.5,0.7877,0.7839,0.7727,0.7541,0.7284,0.6958,0.6567,0.6115,0.5608,0.5053,0.4457,0.3831,0.3186,0.2538,0.1906,0.1317,0.08022,0.0387,
pal100,waccm_eq,388.5,0.7893,0.7855,0.7743,0.7557,0.73,0.6973,0.6582,0.613,0.5622,0.5066,0.4469,0.3842,0.3196,0.2546,0.1912,0.1321,0.08046,0.0388,
pal100,waccm_eq,389.5,0.9951,0.9903,0.9762,0.9528,0.9204,0.8793,0.83,0.773,0.7091,0.639,0.5638,0.4847,0.4033,0.3213,0.2414,0.1668,0.1015,0.04895,
pal100,waccm_eq,390.5,0.9771,0.9725,0.9586,0.9356,0.9038,0.8635,0.8151,0.7593,0.6965,0.6278,0.554,0.4764,0.3964,0.3159,0.2373,0.164,0.09979,0.04809,
pal100,waccm_eq,391.5,1.159,1.153,1.137,1.11,1.072,1.024,0.967,0.9008,0.8264,0.7449,0.6575,0.5654,0.4705,0.375,0.2818,0.1947,0.1185,0.05708,
pal100,waccm_eq,392.5,0.8688,0.8647,0.8524,0.832,0.8038,0.768,0.7251,0.6755,0.6198,0.5587,0.4932,0.4242,0.3531,0.2815,0.2115,0.1462,0.08889,0.04282,
pal100,waccm_eq,393.5,0.3776,0.3758,0.3705,0.3616,0.3494,0.3339,0.3152,0.2937,0.2695,0.243,0.2145,0.1845,0.1536,0.1225,0.09205,0.0636,0.03867,0.01862,
pal100,waccm_eq,394.5,0.8883,0.8841,0.8716,0.8508,0.822,0.7855,0.7417,0.691,0.6342,0.5719,0.5049,0.4344,0.3617,0.2884,0.2168,0.1498,0.09105,0.04383,
pal100,waccm_eq,395.5,1.143,1.137,1.121,1.094,1.057,1.011,0.9542,0.8891,0.8161,0.736,0.6499,0.5592,0.4657,0.3714,0.2792,0.1929,0.1172,0.05641,
pal100,waccm_eq,396.5,0.6708,0.6676,0.6582,0.6425,0.6208,0.5933,0.5603,0.5221,0.4793,0.4323,0.3817,0.3285,0.2736,0.2183,0.1641,0.1134,0.06888,0.03313,
pal100,waccm_eq,397.5,0.7739,0.7702,0.7593,0.7413,0.7163,0.6846,0.6465,0.6025,0.5531,0.4989,0.4407,0.3793,0.316,0.2521,0.1896,0.131,0.07954,0.03825,
pal100,waccm_eq,398.5,1.329,1.323,1.304,1.274,1.231,1.176,1.111,1.035,0.9505,0.8575,0.7575,0.6521,0.5433,0.4335,0.326,0.2253,0.1368,0.06575,
pal100,waccm_eq,399.5,1.382,1.376,1.357,1.324,1.28,1.223,1.155,1.077,0.9888,0.8921,0.7882,0.6787,0.5655,0.4513,0.3395,0.2345,0.1424,0.06841,
pal100,waccm_eq,400.5,1.453,1.446,1.426,1.392,1.345,1.286,1.215,1.132,1.04,0.9381,0.8289,0.7138,0.5949,0.4749,0.3572,0.2468,0.1498,0.07195,
pal100,waccm_eq,401.5,1.495,1.488,1.467,1.432,1.384,1.323,1.25,1.165,1.07,0.9654,0.8532,0.7348,0.6125,0.489,0.3679,0.2541,0.1542,0.07404,
pal100,waccm_eq,402.5,1.551,1.544,1.522,1.486,1.437,1.373,1.297,1.209,1.111,1.003,0.8861,0.7632,0.6363,0.5081,0.3823,0.2641,0.1602,0.07689,
pal100,waccm_eq,403.5,1.42,1.413,1.393,1.36,1.315,1.257,1.187,1.107,1.017,0.9178,0.8113,0.699,0.5828,0.4654,0.3502,0.242,0.1467,0.0704,
pal100,waccm_eq,404.5,1.392,1.386,1.366,1.334,1.289,1.233,1.165,1.086,0.9975,0.9004,0.796,0.6859,0.572,0.4569,0.3438,0.2376,0.144,0.06908,
pal100,waccm_eq,405.5,1.446,1.439,1.419,1.385,1.339,1.28,1.21,1.128,1.036,0.9356,0.8272,0.7129,0.5946,0.475,0.3575,0.247,0.1497,0.07178,
pal100,waccm_eq,406.5,1.362,1.355,1.336,1.305,1.261,1.206,1.139,1.063,0.9762,0.8814,0.7794,0.6718,0.5604,0.4478,0.3371,0.2329,0.1411,0.06763,
pal100,waccm_eq,407.5,1.372,1.366,1.347,1.315,1.271,1.216,1.149,1.071,0.9844,0.8889,0.7861,0.6776,0.5654,0.4518,0.3402,0.235,0.1424,0.0682,
pal100,waccm_eq,408.5,1.528,1.521,1.5,1.465,1.416,1.354,1.279,1.193,1.096,0.9902,0.8758,0.7551,0.6301,0.5036,0.3792,0.262,0.1586,0.07597,
pal100,waccm_eq,409.5,1.498,1.491,1.47,1.435,1.388,1.327,1.254,1.17,1.075,0.9709,0.8589,0.7406,0.6181,0.4941,0.3721,0.2571,0.1556,0.07449,
pal100,waccm_eq,410.5,1.299,1.293,1.275,1.245,1.203,1.151,1.088,1.014,0.9324,0.8422,0.7451,0.6425,0.5363,0.4288,0.323,0.2231,0.1351,0.06462,
pal100,waccm_eq,411.5,1.561,1.553,1.532,1.496,1.446,1.383,1.307,1.219,1.121,1.013,0.8959,0.7727,0.6451,0.5158,0.3886,0.2685,0.1625,0.0777,
pal100,waccm_eq,412.5,1.546,1.539,1.518,1.482,1.433,1.371,1.296,1.209,1.111,1.004,0.8883,0.7662,0.6398,0.5117,0.3855,0.2664,0.1611,0.07705,
pal100,waccm_eq,413.5,1.5,1.493,1.472,1.437,1.39,1.329,1.256,1.172,1.078,0.9738,0.8618,0.7435,0.6209,0.4967,0.3743,0.2586,0.1564,0.07475,
pal100,waccm_eq,414.5,1.541,1.534,1.513,1.477,1.428,1.366,1.291,1.205,1.108,1.001,0.8861,0.7646,0.6386,0.5109,0.385,0.2661,0.1609,0.07685,
pal100,waccm_eq,415.5,1.474,1.467,1.446,1.413,1.366,1.307,1.235,1.153,1.06,0.9577,0.8478,0.7316,0.6112,0.489,0.3686,0.2547,0.154,0.07352,
pal100,waccm_eq,416.5,1.604,1.596,1.574,1.537,1.486,1.422,1.344,1.255,1.154,1.043,0.923,0.7967,0.6656,0.5327,0.4015,0.2775,0.1677,0.08003,
pal100,waccm_eq,417.5,1.466,1.459,1.439,1.405,1.359,1.3,1.229,1.147,1.055,0.9533,0.8441,0.7286,0.6089,0.4873,0.3674,0.2539,0.1534,0.07318,
pal100,waccm_eq,418.5,1.477,1.47,1.45,1.416,1.369,1.31,1.239,1.156,1.063,0.961,0.851,0.7347,0.614,0.4916,0.3707,0.2562,0.1547,0.07378,
pal100,waccm_eq,419.5,1.525,1.518,1.497,1.463,1.414,1.353,1.279,1.194,1.098,0.993,0.8794,0.7593,0.6347,0.5082,0.3833,0.2649,0.16,0.07624,
pal100,waccm,280.5,,,,,,,,,,,,,,,,,,,9.282e-20
pal100,waccm,281.5,,,,,,,,,,,,,,,,,,,8.692e-18
pal100,waccm,282.5,,,,,,,,,,,,,,,,,,,2.932e-16
pal100,waccm,283.5,,,,,,,,,,,,,,,,,,,2.594e-15
pal100,waccm,284.5,,,,,,,,,,,,,,,,,,,8.785e-14
pal100,waccm,285.5,,,,,,,,,,,,,,,,,,,7.312e-13
pal100,waccm,286.5,,,,,,,,,,,,,,,,,,,1.678e-11
pal100,waccm,287.5,,,,,,,,,,,,,,,,,,,2.036e-10
pal100,waccm,288.5,,,,,,,,,,,,,,,,,,,2.289e-09
pal100,waccm,289.5,,,,,,,,,,,,,,,,,,,2.227e-08
pal100,waccm,290.5,,,,,,,,,,,,,,,,,,,1.442e-07
pal100,waccm,291.5,,,,,,,,,,,,,,,,,,,7.883e-07
pal100,waccm,292.5,,,,,,,,,,,,,,,,,,,2.945e-06
pal100,waccm,293.5,,,,,,,,,,,,,,,,,,,1.291e-05
pal100,waccm,294.5,,,,,,,,,,,,,,,,,,,3.362e-05
pal100,waccm,295.5,,,,,,,,,,,,,,,,,,,0.0001196
pal100,waccm,296.5,,,,,,,,,,,,,,,,,,,0.0002764
pal100,waccm,297.5,,,,,,,,,,,,,,,,,,,0.0006795
pal100,waccm,298.5,,,,,,,,,,,,,,,,,,,0.0009949
pal100,waccm,299.5,,,,,,,,,,,,,,,,,,,0.002712
pal100,waccm,300.5,,,,,,,,,,,,,,,,,,,0.002939
pal100,waccm,301.5,,,,,,,,,,,,,,,,,,,0.006877
pal100,waccm,302.5,,,,,,,,,,,,,,,,,,,0.00952
pal100,waccm,303.5,,,,,,,,,,,,,,,,,,,0.01844
pal100,waccm,304.5,,,,,,,,,,,,,,,,,,,0.02164
pal100,waccm,305.5,,,,,,,,,,,,,,,,,,,0.03196
pal100,waccm,306.5,,,,,,,,,,,,,,,,,,,0.03497
pal100,waccm,307.5,,,,,,,,,,,,,,,,,,,0.0555
pal100,waccm,308.5,,,,,,,,,,,,,,,,,,,0.06428
pal100,waccm,309.5,,,,,,,,,,,,,,,,,,,0.06036
pal100,waccm,310.5,,,,,,,,,,,,,,,,,,,0.0859
pal100,waccm,311.5,,,,,,,,,,,,,,,,,,,0.1139
pal100,waccm,312.5,,,,,,,,,,,,,,,,,,,0.1172
pal100,waccm,313.5,,,,,,,,,,,,,,,,,,,0.1343
pal100,waccm,314.5,,,,,,,,,,,,,,,,,,,0.1407
pal100,waccm,315.5,,,,,,,,,,,,,,,,,,,0.1461
pal100,waccm,316.5,,,,,,,,,,,,,,,,,,,0.1508
pal100,waccm,317.5,,,,,,,,,,,,,,,,,,,0.213
pal100,waccm,318.5,,,,,,,,,,,,,,,,,,,0.1732
pal100,waccm,319.5,,,,,,,,,,,,,,,,,,,0.2124
pal100,waccm,320.5,,,,,,,,,,,,,,,,,,,0.2603
pal100,waccm,321.5,,,,,,,,,,,,,,,,,,,0.2275
pal100,waccm,322.5,,,,,,,,,,,,,,,,,,,0.2239
pal100,waccm,323.5,,,,,,,,,,,,,,,,,,,0.239
pal100,waccm,324.5,,,,,,,,,,,,,,,,,,,0.2799
pal100,waccm,325.5,,,,,,,,,,,,,,,,,,,0.3124
pal100,waccm,326.5,,,,,,,,,,,,,,,,,,,0.3868
pal100,waccm,327.5,,,,,,,,,,,,,,,,,,,0.3574
pal100,waccm,328.5,,,,,,,,,,,,,,,,,,,0.3305
pal100,waccm,329.5,,,,,,,,,,,,,,,,,,,0.4351
pal100,waccm,330.5,,,,,,,,,,,,,,,,,,,0.393
pal100,waccm,331.5,,,,,,,,,,,,,,,,,,,0.3881
pal100,waccm,332.5,,,,,,,,,,,,,,,,,,,0.3865
pal100,waccm,333.5,,,,,,,,,,,,,,,,,,,0.3616
pal100,waccm,334.5,,,,,,,,,,,,,,,,,,,0.4052
pal100,waccm,335.5,,,,,,,,,,,,,,,,,,,0.4128
pal100,waccm,336.5,,,,,,,,,,,,,,,,,,,0.3224
pal100,waccm,337.5,,,,,,,,,,,,,,,,,,,0.3528
pal100,waccm,338.5,,,,,,,,,,,,,,,,,,,0.3744
pal100,waccm,339.5,,,,,,,,,,,,,,,,,,,0.4075
pal100,waccm,340.5,,,,,,,,,,,,,,,,,,,0.435
pal100,waccm,341.5,,,,,,,,,,,,,,,,,,,0.3875
pal100,waccm,342.5,,,,,,,,,,,,,,,,,,,0.4296
pal100,waccm,343.5,,,,,,,,,,,,,,,,,,,0.446
pal100,waccm,344.5,,,,,,,,,,,,,,,,,,,0.3124
pal100,waccm,345.5,,,,,,,,,,,,,,,,,,,0.4292
pal100,waccm,346.5,,,,,,,,,,,,,,,,,,,0.401
pal100,waccm,347.5,,,,,,,,,,,,,,,,,,,0.3921
pal100,waccm,348.5,,,,,,,,,,,,,,,,,,,0.4313
pal100,waccm,349.5,,,,,,,,,,,,,,,,,,,0.3615
pal100,waccm,350.5,,,,,,,,,,,,,,,,,,,0.5064
pal100,waccm,351.5,,,,,,,,,,,,,,,,,,,0.4366
pal100,waccm,352.5,,,,,,,,,,,,,,,,,,,0.3939
pal100,waccm,353.5,,,,,,,,,,,,,,,,,,,0.4745
pal100,waccm,354.5,,,,,,,,,,,,,,,,,,,0.5138
pal100,waccm,355.5,,,,,,,,,,,,,,,,,,,0.4803
pal100,waccm,356.5,,,,,,,,,,,,,,,,,,,0.4459
pal100,waccm,357.5,,,,,,,,,,,,,,,,,,,0.3793
pal100,waccm,358.5,,,,,,,,,,,,,,,,,,,0.2928
pal100,waccm,359.5,,,,,,,,,,,,,,,,,,,0.4929
pal100,waccm,360.5,,,,,,,,,,,,,,,,,,,0.457
pal100,waccm,361.5,,,,,,,,,,,,,,,,,,,0.4122
pal100,waccm,362.5,,,,,,,,,,,,,,,,,,,0.4842
pal100,waccm,363.5,,,,,,,,,,,,,,,,,,,0.4309
pal100,waccm,364.5,,,,,,,,,,,,,,,,,,,0.4702
pal100,waccm,365.5,,,,,,,,,,,,,,,,,,,0.5731
pal100,waccm,366.5,,,,,,,,,,,,,,,,,,,0.6067
pal100,waccm,367.5,,,,,,,,,,,,,,,,,,,0.5762
pal100,waccm,368.5,,,,,,,,,,,,,,,,,,,0.5064
pal100,waccm,369.5,,,,,,,,,,,,,,,,,,,0.6076
pal100,waccm,370.5,,,,,,,,,,,,,,,,,,,0.5514
pal100,waccm,371.5,,,,,,,,,,,,,,,,,,,0.6311
pal100,waccm,372.5,,,,,,,,,,,,,,,,,,,0.4663
pal100,waccm,373.5,,,,,,,,,,,,,,,,,,,0.4216
pal100,waccm,374.5,,,,,,,,,,,,,,,,,,,0.4629
pal100,waccm,375.5,,,,,,,,,,,,,,,,,,,0.5224
pal100,waccm,376.5,,,,,,,,,,,,,,,,,,,0.5218
pal100,waccm,377.5,,,,,,,,,,,,,,,,,,,0.6216
pal100,waccm,378.5,,,,,,,,,,,,,,,,,,,0.6777
pal100,waccm,379.5,,,,,,,,,,,,,,,,,,,0.5015
pal100,waccm,380.5,,,,,,,,,,,,,,,,,,,0.6033
pal100,waccm,381.5,,,,,,,,,,,,,,,,,,,0.5671
pal100,waccm,382.5,,,,,,,,,,,,,,,,,,,0.378
pal100,waccm,383.5,,,,,,,,,,,,,,,,,,,0.332
pal100,waccm,384.5,,,,,,,,,,,,,,,,,,,0.4984
pal100,waccm,385.5,,,,,,,,,,,,,,,,,,,0.4933
pal100,waccm,386.5,,,,,,,,,,,,,,,,,,,0.503
pal100,waccm,387.5,,,,,,,,,,,,,,,,,,,0.4676
pal100,waccm,388.5,,,,,,,,,,,,,,,,,,,0.4688
pal100,waccm,389.5,,,,,,,,,,,,,,,,,,,0.5914
pal100,waccm,390.5,,,,,,,,,,,,,,,,,,,0.5811
pal100,waccm,391.5,,,,,,,,,,,,,,,,,,,0.6896
pal100,waccm,392.5,,,,,,,,,,,,,,,,,,,0.5172
pal100,waccm,393.5,,,,,,,,,,,,,,,,,,,0.2249
pal100,waccm,394.5,,,,,,,,,,,,,,,,,,,0.5295
pal100,waccm,395.5,,,,,,,,,,,,,,,,,,,0.6815
pal100,waccm,396.5,,,,,,,,,,,,,,,,,,,0.4003
pal100,waccm,397.5,,,,,,,,,,,,,,,,,,,0.462
pal100,waccm,398.5,,,,,,,,,,,,,,,,,,,0.7942
pal100,waccm,399.5,,,,,,,,,,,,,,,,,,,0.8263
pal100,waccm,400.5,,,,,,,,,,,,,,,,,,,0.869
pal100,waccm,401.5,,,,,,,,,,,,,,,,,,,0.8944
pal100,waccm,402.5,,,,,,,,,,,,,,,,,,,0.9288
pal100,waccm,403.5,,,,,,,,,,,,,,,,,,,0.8504
pal100,waccm,404.5,,,,,,,,,,,,,,,,,,,0.8343
pal100,waccm,405.5,,,,,,,,,,,,,,,,,,,0.867
pal100,waccm,406.5,,,,,,,,,,,,,,,,,,,0.8169
pal100,waccm,407.5,,,,,,,,,,,,,,,,,,,0.8238
pal100,waccm,408.5,,,,,,,,,,,,,,,,,,,0.9178
pal100,waccm,409.5,,,,,,,,,,,,,,,,,,,0.9
pal100,waccm,410.5,,,,,,,,,,,,,,,,,,,0.7807
pal100,waccm,411.5,,,,,,,,,,,,,,,,,,,0.9387
pal100,waccm,412.5,,,,,,,,,,,,,,,,,,,0.9307
pal100,waccm,413.5,,,,,,,,,,,,,,,,,,,0.9029
pal100,waccm,414.5,,,,,,,,,,,,,,,,,,,0.9283
pal100,waccm,415.5,,,,,,,,,,,,,,,,,,,0.8882
pal100,waccm,416.5,,,,,,,,,,,,,,,,,,,0.9669
pal100,waccm,417.5,,,,,,,,,,,,,,,,,,,0.8842
pal100,waccm,418.5,,,,,,,,,,,,,,,,,,,0.8914
pal100,waccm,419.5,,,,,,,,,,,,,,,,,,,0.9211
pal10,atmos,280.5,3.694e-12,3.363e-12,2.528e-12,1.553e-12,7.651e-13,2.941e-13,8.463e-14,1.722e-14,2.284e-15,1.765e-16,6.806e-18,1.147e-19,3.626e-21,1.699e-21,1.181e-21,8.776e-22,6.491e-22,4.392e-22,
pal10,atmos,281.5,7.285e-11,6.685e-11,5.151e-11,3.3e-11,1.729e-11,7.22e-12,2.316e-12,5.417e-13,8.584e-14,8.32e-15,4.293e-16,1.044e-17,3.723e-19,1.613e-19,1.11e-19,8.212e-20,6.057e-20,4.09e-20,
pal10,atmos,282.5,6.458e-10,5.968e-10,4.696e-10,3.12e-10,1.723e-10,7.728e-11,2.722e-11,7.175e-12,1.325e-12,1.56e-13,1.033e-14,3.438e-16,1.392e-17,5.537e-18,3.772e-18,2.777e-18,2.043e-18,1.376e-18,
pal10,atmos,283.5,2.408e-09,2.236e-09,1.784e-09,1.213e-09,6.934e-10,3.258e-10,1.219e-10,3.473e-11,7.08e-12,9.458e-13,7.362e-14,2.998e-15,1.332e-16,4.958e-17,3.35e-17,2.457e-17,1.803e-17,1.213e-17,
pal10,atmos,284.5,1.633e-08,1.529e-08,1.251e-08,8.883e-09,5.406e-09,2.765e-09,1.156e-09,3.8e-10,9.291e-11,1.566e-11,1.641e-12,9.718e-14,5.349e-15,1.732e-15,1.147e-15,8.343e-16,6.095e-16,4.089e-16,
pal10,atmos,285.5,4.185e-08,3.942e-08,3.286e-08,2.409e-08,1.536e-08,8.366e-09,3.797e-09,1.386e-09,3.876e-10,7.747e-11,1.01e-11,7.874e-13,5.208e-14,1.502e-14,9.721e-15,7.018e-15,5.104e-15,3.415e-15,
pal10,atmos,286.5,3.889e-07,3.68e-07,3.113e-07,2.339e-07,1.545e-07,8.831e-08,4.269e-08,1.69e-08,5.237e-09,1.194e-09,1.84e-10,1.769e-11,1.368e-12,3.593e-13,2.268e-13,1.626e-13,1.178e-13,7.859e-14,
pal10,atmos,287.5,1.717e-06,1.633e-06,1.404e-06,1.084e-06,7.449e-07,4.493e-07,2.33e-07,1.009e-07,3.506e-08,9.248e-09,1.718e-09,2.087e-10,1.957e-11,4.653e-12,2.821e-12,2.002e-12,1.442e-12,9.588e-13,
pal10,atmos,288.5,6.461e-06,6.181e-06,5.405e-06,4.298e-06,3.084e-06,1.972e-06,1.103e-06,5.268e-07,2.073e-07,6.403e-08,1.456e-08,2.277e-09,2.687e-10,5.849e-11,3.312e-11,2.318e-11,1.656e-11,1.096e-11,
pal10,atmos,289.5,2.885e-05,2.771e-05,2.453e-05,1.993e-05,1.475e-05,9.829e-06,5.807e-06,2.973e-06,1.278e-06,4.42e-07,1.16e-07,2.173e-08,3.051e-09,6.37e-10,3.36e-10,2.318e-10,1.643e-10,1.082e-10,
pal10,atmos,290.5,9.703e-05,9.353e-05,8.366e-05,6.918e-05,5.254e-05,3.627e-05,2.243e-05,1.218e-05,5.641e-06,2.144e-06,6.35e-07,1.383e-07,2.262e-08,4.664e-09,2.275e-09,1.544e-09,1.086e-09,7.117e-10,
pal10,atmos,291.5,0.0002512,0.0002431,0.0002201,0.0001857,0.0001452,0.0001043,6.796e-05,3.943e-05,1.988e-05,8.413e-06,2.856e-06,7.382e-07,1.448e-07,3.049e-08,1.334e-08,8.795e-09,6.12e-09,3.982e-09,
pal10,atmos,292.5,0.0005111,0.0004962,0.0004535,0.0003891,0.0003117,0.0002313,0.0001572,9.631e-05,5.203e-05,2.404e-05,9.125e-06,2.711e-06,6.2e-07,1.37e-07,5.416e-08,3.44e-08,2.365e-08,1.527e-08,
pal10,atmos,293.5,0.00126,0.001227,0.001132,0.0009865,0.0008085,0.0006187,0.0004377,0.0002822,0.0001627,8.166e-05,3.442e-05,1.167e-05,3.095e-06,7.365e-07,2.646e-07,1.592e-07,1.078e-07,6.897e-08,
pal10,atmos,294.5,0.002108,0.002058,0.001911,0.001686,0.001406,0.001102,0.000804,0.00054,0.0003275,0.0001752,8.011e-05,3.006e-05,8.97e-06,2.304e-06,7.757e-07,4.391e-07,2.926e-07,1.854e-07,
pal10,atmos,295.5,0.004649,0.004549,0.004258,0.003805,0.003235,0.002601,0.001963,0.001375,0.0008801,0.0005044,0.0002515,0.0001053,3.573e-05,1.016e-05,3.264e-06,1.69e-06,1.097e-06,6.862e-07,
pal10,atmos,296.5,0.007259,0.007118,0.006705,0.006057,0.00523,0.004295,0.003332,0.002417,0.001618,0.0009813,0.0005256,0.0002407,9.097e-05,2.852e-05,9.053e-06,4.275e-06,2.685e-06,1.655e-06,
pal10,atmos,297.5,0.01264,0.01241,0.01176,0.01072,0.009388,0.007855,0.006243,0.004671,0.003252,0.002072,0.001182,0.0005856,0.0002436,8.399e-05,2.71e-05,1.17e-05,7.023e-06,4.259e-06,
pal10,atmos,298.5,0.01388,0.01365,0.01299,0.01194,0.01058,0.00899,0.007291,0.005599,0.004029,0.002676,0.001608,0.0008513,0.000384,0.0001443,4.825e-05,1.937e-05,1.099e-05,6.542e-06,
pal10,atmos,299.5,0.02872,0.0283,0.02705,0.02505,0.02243,0.01935,0.016,0.01259,0.009348,0.006458,0.00408,0.0023,0.001122,0.0004597,0.0001623,6.157e-05,3.241e-05,1.882e-05,
pal10,atmos,300.5,0.02535,0.025,0.02398,0.02234,0.02017,0.01759,0.01476,0.01184,0.008997,0.006403,0.0042,0.002482,0.001284,0.0005634,0.0002097,7.745e-05,3.797e-05,2.147e-05,
pal10,atmos,301.5,0.04729,0.04669,0.04495,0.04214,0.03839,0.0339,0.0289,0.02365,0.01844,0.01356,0.009267,0.00577,0.003186,0.001511,0.0006041,0.0002219,9.935e-05,5.381e-05,
pal10,atmos,302.5,0.05654,0.05587,0.05392,0.05075,0.04651,0.0414,0.03567,0.02958,0.02346,0.01762,0.01236,0.007962,0.004588,0.002291,0.0009648,0.0003587,0.0001509,7.849e-05,
pal10,atmos,303.5,0.09197,0.09097,0.08804,0.08325,0.07685,0.06907,0.06023,0.05075,0.04105,0.03161,0.0229,0.01535,0.00931,0.004952,0.002234,0.0008595,0.0003382,0.0001646,
pal10,atmos,304.5,0.09781,0.09576,0.09383,0.089,0.08248,0.07453,0.06546,0.05565,0.04553,0.03556,0.02623,0.018,0.01123,0.006196,0.002913,0.001152,0.0004394,0.0002035,
pal10,atmos,305.5,0.1243,0.1231,0.1196,0.1139,0.1062,0.09675,0.08588,0.07401,0.06131,0.04916,0.03726,0.02646,0.01727,0.01008,0.005067,0.002124,0.0007896,0.0003335,
pal10,atmos,306.5,0.1276,0.1264,0.1229,0.1173,0.1097,0.1003,0.0894,0.07749,0.06497,0.05233,0.04013,0.02892,0.01923,0.01149,0.005949,0.002565,0.0009498,0.000383,
pal10,atmos,307.5,0.1785,0.1764,0.1725,0.1651,0.1551,0.1428,0.1285,0.1126,0.09576,0.07853,0.0616,0.04569,0.03153,0.01977,0.01087,0.005003,0.001888,0.0006935,
pal10,atmos,308.5,0.1973,0.1957,0.1909,0.183,0.1723,0.159,0.1435,0.1263,0.108,0.08917,0.07055,0.0529,0.03702,0.02362,0.01329,0.006274,0.002398,0.0008498,
pal10,atmos,309.5,0.1704,0.1691,0.1652,0.1587,0.1487,0.139,0.1262,0.1119,0.09659,0.0807,0.06481,0.04953,0.03552,0.02341,0.01373,0.006818,0.002704,0.0009088,
pal10,atmos,310.5,0.2287,0.227,0.2219,0.2136,0.2022,0.1881,0.1715,0.1529,0.1328,0.1119,0.09084,0.07038,0.05136,0.03462,0.02092,0.01079,0.004427,0.001448,
pal10,atmos,311.5,0.2915,0.2894,0.2831,0.2728,0.2586,0.2411,0.2204,0.1972,0.1721,0.1458,0.1192,0.0932,0.0688,0.04708,0.02901,0.01535,0.006465,0.002088,
pal10,atmos,312.5,0.2795,0.2776,0.2719,0.2625,0.2497,0.2336,0.2146,0.1932,0.17,0.1454,0.1204,0.09564,0.07208,0.05069,0.0324,0.01801,0.008024,0.002598,
pal10,atmos,313.5,0.3155,0.3134,0.307,0.2966,0.2822,0.2643,0.2431,0.2193,0.1932,0.1657,0.1376,0.1097,0.08308,0.05878,0.03787,0.02126,0.009595,0.003111,
pal10,atmos,314.5,0.3108,0.3088,0.3029,0.293,0.2795,0.2626,0.2426,0.22,0.1952,0.1688,0.1417,0.1145,0.08831,0.06398,0.04257,0.02498,0.01195,0.004012,
pal10,atmos,315.5,0.3199,0.3167,0.3118,0.3018,0.288,0.2707,0.2503,0.2271,0.2018,0.1748,0.1469,0.119,0.09203,0.06691,0.04471,0.0264,0.01272,0.004292,
pal10,atmos,316.5,0.315,0.313,0.3073,0.2978,0.2847,0.2683,0.2489,0.2268,0.2025,0.1766,0.1497,0.1226,0.09608,0.07115,0.04875,0.02981,0.0151,0.005356,
pal10,atmos,317.5,0.4449,0.4422,0.4341,0.4207,0.4022,0.3791,0.3517,0.3205,0.2862,0.2496,0.2116,0.1733,0.1358,0.1006,0.06887,0.04207,0.02127,0.007518,
pal10,atmos,318.5,0.3462,0.3442,0.3381,0.328,0.3142,0.2968,0.2762,0.2526,0.2267,0.1989,0.17,0.1405,0.1116,0.084,0.05887,0.03717,0.01974,0.007424,
pal10,atmos,319.5,0.4212,0.4188,0.4114,0.3993,0.3826,0.3616,0.3366,0.3082,0.2768,0.2432,0.2081,0.1724,0.1372,0.1036,0.07288,0.04627,0.02477,0.009415,
pal10,atmos,320.5,0.511,0.5081,0.4992,0.4847,0.4646,0.4394,0.4094,0.3751,0.3374,0.2968,0.2545,0.2113,0.1686,0.1278,0.09039,0.0578,0.03128,0.01208,
pal10,atmos,321.5,0.4293,0.427,0.4198,0.408,0.3917,0.3712,0.3468,0.3189,0.288,0.2548,0.2199,0.1842,0.1487,0.1145,0.08268,0.05451,0.03094,0.01287,
pal10,atmos,322.5,0.4354,0.4329,0.4254,0.4131,0.3962,0.3749,0.3496,0.3207,0.2888,0.2544,0.2185,0.1818,0.1455,0.1106,0.07858,0.05054,0.02759,0.01078,
pal10,atmos,323.5,0.4427,0.4403,0.4331,0.4211,0.4046,0.3838,0.3591,0.3308,0.2994,0.2656,0.23,0.1935,0.157,0.1216,0.08867,0.05924,0.03433,0.0148,
pal10,atmos,324.5,0.5194,0.5166,0.5081,0.4941,0.4747,0.4503,0.4212,0.388,0.3512,0.3115,0.2697,0.2268,0.1839,0.1424,0.1037,0.0691,0.0399,0.01709,
pal10,atmos,325.5,0.583,0.5798,0.5702,0.5544,0.5326,0.5051,0.4724,0.4349,0.3934,0.3487,0.3016,0.2533,0.2051,0.1584,0.1149,0.07619,0.04362,0.01841,
pal10,atmos,326.5,0.6986,0.6949,0.6838,0.6654,0.64,0.608,0.5699,0.5262,0.4777,0.4252,0.3699,0.313,0.2558,0.2001,0.1477,0.1005,0.05995,0.02723,
pal10,atmos,327.5,0.6522,0.6487,0.6382,0.6209,0.597,0.5669,0.5311,0.49,0.4444,0.3951,0.3431,0.2896,0.236,0.1838,0.1349,0.09095,0.05348,0.02366,
pal10,atmos,328.5,0.6021,0.5989,0.5892,0.5727,0.5512,0.5235,0.4905,0.4526,0.4105,0.3651,0.3171,0.2678,0.2183,0.1701,0.1248,0.08419,0.04953,0.02194,
pal10,atmos,329.5,0.774,0.7699,0.7578,0.7378,0.7102,0.6753,0.6337,0.586,0.5329,0.4755,0.4148,0.3521,0.289,0.2273,0.169,0.1162,0.07047,0.03304,
pal10,atmos,330.5,0.7057,0.7019,0.6908,0.6724,0.647,0.615,0.5768,0.533,0.4843,0.4316,0.3759,0.3184,0.2607,0.2042,0.151,0.1029,0.06157,0.02814,
pal10,atmos,331.5,0.6976,0.6939,0.6829,0.6648,0.6396,0.608,0.5702,0.5268,0.4787,0.4265,0.3714,0.3146,0.2574,0.2015,0.1488,0.1012,0.06041,0.02747,
pal10,atmos,332.5,0.6826,0.6791,0.6685,0.651,0.6268,0.5964,0.56,0.5182,0.4717,0.4214,0.3681,0.3129,0.2573,0.2028,0.1512,0.1043,0.06364,0.0302,
pal10,atmos,333.5,0.6428,0.6395,0.6294,0.6129,0.59,0.5612,0.5267,0.4872,0.4432,0.3956,0.3452,0.293,0.2405,0.189,0.1403,0.09617,0.05809,0.02704,
pal10,atmos,334.5,0.717,0.7133,0.7022,0.6838,0.6584,0.6264,0.5881,0.5442,0.4954,0.4424,0.3863,0.3283,0.2698,0.2124,0.158,0.1086,0.06593,0.03099,
pal10,atmos,335.5,0.7243,0.7206,0.7094,0.691,0.6656,0.6335,0.5952,0.5512,0.5023,0.4491,0.3928,0.3344,0.2755,0.2176,0.1626,0.1125,0.069,0.03311,
pal10,atmos,336.5,0.5665,0.5636,0.5549,0.5405,0.5206,0.4955,0.4655,0.4311,0.3927,0.3511,0.307,0.2613,0.2151,0.1697,0.1267,0.08745,0.05346,0.02549,
pal10,atmos,337.5,0.623,0.6197,0.6101,0.5942,0.5723,0.5446,0.5114,0.4734,0.4311,0.3852,0.3365,0.2861,0.2352,0.1852,0.1377,0.09463,0.05739,0.02695,
pal10,atmos,338.5,0.6552,0.6518,0.6418,0.6253,0.6024,0.5735,0.539,0.4993,0.4552,0.4072,0.3563,0.3036,0.2502,0.1977,0.1477,0.1022,0.0627,0.03011,
pal10,atmos,339.5,0.7117,0.7081,0.6972,0.6793,0.6545,0.6232,0.5858,0.5428,0.4949,0.4429,0.3877,0.3304,0.2725,0.2154,0.1611,0.1115,0.06851,0.033,
pal10,atmos,340.5,0.7615,0.7576,0.746,0.7268,0.7002,0.6666,0.6266,0.5805,0.5292,0.4734,0.4143,0.3529,0.2908,0.2296,0.1714,0.1183,0.07236,0.03456,
pal10,atmos,341.5,0.6749,0.6715,0.6612,0.6443,0.6209,0.5913,0.556,0.5153,0.4701,0.4208,0.3686,0.3143,0.2593,0.2051,0.1535,0.1064,0.06541,0.0316,
pal10,atmos,342.5,0.7472,0.7434,0.7321,0.7134,0.6875,0.6548,0.6158,0.5709,0.5208,0.4664,0.4086,0.3486,0.2877,0.2277,0.1705,0.1182,0.07274,0.03522,
pal10,atmos,343.5,0.7763,0.7723,0.7606,0.7411,0.7143,0.6803,0.6397,0.5931,0.5411,0.4845,0.4244,0.362,0.2987,0.2363,0.1768,0.1224,0.07514,0.03623,
pal10,atmos,344.5,0.5442,0.5414,0.5332,0.5196,0.5007,0.4769,0.4485,0.4158,0.3793,0.3396,0.2974,0.2537,0.2092,0.1654,0.1236,0.08545,0.05234,0.02512,
pal10,atmos,345.5,0.7441,0.7404,0.7291,0.7106,0.685,0.6526,0.6139,0.5694,0.5197,0.4657,0.4082,0.3485,0.2879,0.228,0.1708,0.1184,0.07296,0.03541,
pal10,atmos,346.5,0.6965,0.693,0.6825,0.6651,0.6411,0.6108,0.5745,0.5328,0.4862,0.4356,0.3817,0.3258,0.2689,0.2128,0.1592,0.1101,0.06758,0.03257,
pal10,atmos,347.5,0.6802,0.6767,0.6665,0.6496,0.6262,0.5966,0.5612,0.5205,0.4751,0.4257,0.3732,0.3185,0.263,0.2082,0.1557,0.1078,0.06615,0.0319,
pal10,atmos,348.5,0.7469,0.7432,0.732,0.7134,0.6878,0.6554,0.6166,0.572,0.5222,0.4681,0.4104,0.3504,0.2895,0.2292,0.1716,0.1188,0.073,0.0353,
pal10,atmos,349.5,0.6258,0.6226,0.6132,0.5977,0.5763,0.5492,0.5167,0.4794,0.4377,0.3924,0.3441,0.2938,0.2428,0.1922,0.1439,0.09963,0.06118,0.02957,
pal10,atmos,350.5,0.8757,0.8713,0.8582,0.8366,0.8066,0.7687,0.7233,0.6712,0.6129,0.5495,0.482,0.4117,0.3402,0.2694,0.2017,0.1397,0.08578,0.04148,
pal10,atmos,351.5,0.7546,0.7508,0.7395,0.7209,0.6951,0.6624,0.6234,0.5785,0.5283,0.4737,0.4155,0.355,0.2933,0.2323,0.1739,0.1204,0.07387,0.03568,
pal10,atmos,352.5,0.6802,0.6768,0.6666,0.6498,0.6266,0.5973,0.5621,0.5217,0.4765,0.4273,0.3749,0.3204,0.2648,0.2098,0.1571,0.1087,0.06673,0.03226,
pal10,atmos,353.5,0.8183,0.8142,0.802,0.7818,0.754,0.7187,0.6765,0.6279,0.5737,0.5145,0.4516,0.3859,0.3191,0.2529,0.1894,0.1311,0.08052,0.03898,
pal10,atmos,354.5,0.8851,0.8807,0.8675,0.8458,0.8157,0.7776,0.732,0.6795,0.6209,0.557,0.489,0.418,0.3457,0.274,0.2053,0.1422,0.08732,0.04231,
pal10,atmos,355.5,0.8268,0.8227,0.8104,0.7901,0.762,0.7265,0.684,0.635,0.5803,0.5207,0.4571,0.3909,0.3233,0.2563,0.192,0.133,0.08166,0.03957,
pal10,atmos,356.5,0.767,0.7632,0.7518,0.733,0.707,0.6741,0.6347,0.5893,0.5386,0.4833,0.4244,0.3629,0.3002,0.238,0.1783,0.1235,0.07581,0.03673,
pal10,atmos,357.5,0.652,0.6487,0.6391,0.6231,0.601,0.5731,0.5396,0.5011,0.458,0.4111,0.361,0.3088,0.2555,0.2026,0.1518,0.1051,0.06448,0.03123,
pal10,atmos,358.5,0.5029,0.5004,0.4929,0.4807,0.4636,0.4421,0.4163,0.3867,0.3535,0.3173,0.2787,0.2384,0.1973,0.1565,0.1173,0.08117,0.04982,0.02414,
pal10,atmos,359.5,0.846,0.8418,0.8293,0.8087,0.7801,0.7439,0.7006,0.6507,0.595,0.5341,0.4692,0.4015,0.3323,0.2636,0.1975,0.1367,0.08389,0.04064,
pal10,atmos,360.5,0.7838,0.78,0.7684,0.7493,0.7228,0.6894,0.6493,0.6031,0.5515,0.4952,0.4351,0.3723,0.3082,0.2445,0.1832,0.1268,0.0778,0.03769,
pal10,atmos,361.5,0.7064,0.7029,0.6925,0.6753,0.6515,0.6214,0.5853,0.5437,0.4973,0.4465,0.3924,0.3359,0.2781,0.2207,0.1654,0.1145,0.07022,0.03403,
pal10,atmos,362.5,0.8291,0.825,0.8129,0.7927,0.7648,0.7295,0.6872,0.6385,0.584,0.5245,0.461,0.3946,0.3268,0.2594,0.1944,0.1346,0.08252,0.03999,
pal10,atmos,363.5,0.7373,0.7336,0.7228,0.7049,0.6801,0.6488,0.6112,0.568,0.5195,0.4667,0.4102,0.3512,0.2909,0.2309,0.1731,0.1198,0.07345,0.0356,
pal10,atmos,364.5,0.804,0.8,0.7882,0.7687,0.7418,0.7076,0.6667,0.6195,0.5668,0.5092,0.4477,0.3834,0.3176,0.2521,0.189,0.1308,0.08016,0.03884,
pal10,atmos,365.5,0.9793,0.9745,0.9602,0.9364,0.9036,0.8621,0.8123,0.7549,0.6907,0.6206,0.5457,0.4674,0.3872,0.3074,0.2305,0.1595,0.0977,0.04732,
pal10,atmos,366.5,1.036,1.031,1.016,0.9907,0.956,0.9121,0.8595,0.7989,0.731,0.6569,0.5777,0.4949,0.4101,0.3256,0.2441,0.1689,0.1035,0.05013,
pal10,atmos,367.5,0.9832,0.9784,0.9641,0.9403,0.9074,0.8658,0.816,0.7585,0.6941,0.6239,0.5487,0.4701,0.3897,0.3095,0.232,0.1605,0.09833,0.04763,
pal10,atmos,368.5,0.8634,0.8592,0.8466,0.8258,0.797,0.7605,0.7167,0.6663,0.6098,0.5482,0.4822,0.4132,0.3426,0.2721,0.204,0.1411,0.08643,0.04186,
pal10,atmos,369.5,1.035,1.03,1.015,0.9902,0.9557,0.912,0.8596,0.7992,0.7316,0.6577,0.5786,0.4959,0.4112,0.3266,0.2449,0.1694,0.1037,0.05023,
pal10,atmos,370.5,0.9389,0.9344,0.9207,0.8981,0.8669,0.8273,0.7798,0.7251,0.6638,0.5968,0.5252,0.4502,0.3733,0.2966,0.2224,0.1539,0.09416,0.04559,
pal10,atmos,371.5,1.074,1.069,1.053,1.027,0.9916,0.9464,0.8921,0.8296,0.7596,0.683,0.6011,0.5153,0.4274,0.3396,0.2547,0.1762,0.1078,0.05219,
pal10,atmos,372.5,0.793,0.7892,0.7777,0.7586,0.7323,0.6989,0.6589,0.6128,0.5611,0.5046,0.4442,0.3809,0.316,0.2511,0.1883,0.1303,0.07968,0.03857,
pal10,atmos,373.5,0.7165,0.7131,0.7027,0.6855,0.6617,0.6316,0.5955,0.5539,0.5072,0.4562,0.4016,0.3444,0.2858,0.2271,0.1704,0.1178,0.07205,0.03487,
pal10,atmos,374.5,0.7861,0.7823,0.771,0.7521,0.7261,0.6931,0.6535,0.6079,0.5567,0.5008,0.441,0.3782,0.3139,0.2495,0.1872,0.1294,0.07912,0.03828,
pal10,atmos,375.5,0.8867,0.8824,0.8696,0.8484,0.819,0.7818,0.7373,0.6858,0.6282,0.5652,0.4977,0.427,0.3544,0.2817,0.2114,0.1462,0.08932,0.04321,
pal10,atmos,376.5,0.8851,0.8808,0.8681,0.8469,0.8177,0.7806,0.7361,0.6848,0.6274,0.5645,0.4972,0.4266,0.3541,0.2816,0.2113,0.1461,0.08925,0.04317,
pal10,atmos,377.5,1.054,1.049,1.033,1.008,0.9734,0.9293,0.8765,0.8155,0.7471,0.6723,0.5922,0.5082,0.422,0.3356,0.2518,0.1741,0.1063,0.05143,
pal10,atmos,378.5,1.148,1.142,1.126,1.099,1.061,1.013,0.9552,0.8888,0.8144,0.7329,0.6457,0.5542,0.4602,0.3661,0.2747,0.1899,0.116,0.05607,
pal10,atmos,379.5,0.849,0.845,0.8327,0.8125,0.7846,0.7491,0.7066,0.6576,0.6026,0.5424,0.4779,0.4102,0.3407,0.2711,0.2034,0.1406,0.08584,0.04149,
pal10,atmos,380.5,1.021,1.016,1.001,0.9769,0.9433,0.9008,0.8497,0.7908,0.7247,0.6524,0.5749,0.4936,0.41,0.3262,0.2449,0.1693,0.1033,0.04992,
pal10,atmos,381.5,0.9589,0.9543,0.9405,0.9177,0.8862,0.8463,0.7984,0.7431,0.6811,0.6132,0.5405,0.4641,0.3856,0.3068,0.2303,0.1592,0.09713,0.04693,
pal10,atmos,382.5,0.6387,0.6357,0.6265,0.6114,0.5904,0.5638,0.5319,0.4951,0.4539,0.4087,0.3603,0.3094,0.2571,0.2046,0.1536,0.1062,0.06476,0.03128,
pal10,atmos,383.5,0.5607,0.558,0.55,0.5367,0.5183,0.495,0.4671,0.4348,0.3986,0.3589,0.3165,0.2718,0.2259,0.1798,0.135,0.09331,0.0569,0.02748,
pal10,atmos,384.5,0.8412,0.8372,0.8251,0.8052,0.7777,0.7427,0.7008,0.6525,0.5982,0.5388,0.4751,0.4081,0.3392,0.2701,0.2028,0.1402,0.08544,0.04125,
pal10,atmos,385.5,0.832,0.828,0.8161,0.7965,0.7692,0.7347,0.6933,0.6455,0.5919,0.5332,0.4702,0.404,0.3359,0.2674,0.2008,0.1388,0.08458,0.04082,
pal10,atmos,386.5,0.8478,0.8438,0.8317,0.8117,0.7839,0.7488,0.7067,0.658,0.6034,0.5436,0.4794,0.412,0.3426,0.2728,0.2049,0.1416,0.08627,0.04163,
pal10,atmos,387.5,0.7877,0.7839,0.7727,0.7541,0.7284,0.6958,0.6567,0.6115,0.5608,0.5053,0.4457,0.3831,0.3186,0.2538,0.1906,0.1317,0.08023,0.0387,
pal10,atmos,388.5,0.7893,0.7855,0.7743,0.7557,0.73,0.6974,0.6582,0.613,0.5622,0.5066,0.4469,0.3842,0.3196,0.2546,0.1912,0.1321,0.08046,0.0388,
pal10,atmos,389.5,0.9951,0.9904,0.9762,0.9528,0.9204,0.8793,0.83,0.773,0.7091,0.639,0.5638,0.4847,0.4033,0.3213,0.2414,0.1668,0.1015,0.04895,
pal10,atmos,390.5,0.9771,0.9725,0.9586,0.9357,0.9039,0.8635,0.8152,0.7593,0.6965,0.6278,0.554,0.4764,0.3964,0.3159,0.2373,0.164,0.09979,0.0481,
pal10,atmos,391.5,1.159,1.153,1.137,1.11,1.072,1.024,0.967,0.9008,0.8264,0.745,0.6575,0.5654,0.4705,0.375,0.2818,0.1947,0.1185,0.05708,
pal10,atmos,392.5,0.8688,0.8647,0.8524,0.832,0.8038,0.768,0.7251,0.6755,0.6198,0.5588,0.4932,0.4242,0.3531,0.2815,0.2115,0.1462,0.08889,0.04282,
pal10,atmos,393.5,0.3776,0.3758,0.3705,0.3616,0.3494,0.3339,0.3152,0.2937,0.2695,0.243,0.2145,0.1845,0.1536,0.1225,0.09205,0.0636,0.03867,0.01862,
pal10,atmos,394.5,0.8883,0.8841,0.8716,0.8508,0.822,0.7855,0.7417,0.6911,0.6342,0.5719,0.5049,0.4344,0.3617,0.2884,0.2168,0.1498,0.09105,0.04383,
pal10,atmos,395.5,1.143,1.137,1.121,1.094,1.057,1.011,0.9542,0.8892,0.8161,0.736,0.6499,0.5592,0.4657,0.3714,0.2792,0.1929,0.1172,0.05641,
pal10,atmos,396.5,0.6708,0.6676,0.6582,0.6425,0.6208,0.5933,0.5603,0.5221,0.4793,0.4323,0.3818,0.3286,0.2736,0.2183,0.1641,0.1134,0.06888,0.03314,
pal10,atmos,397.5,0.7739,0.7702,0.7593,0.7413,0.7163,0.6846,0.6465,0.6025,0.5531,0.4989,0.4407,0.3793,0.316,0.2521,0.1896,0.131,0.07954,0.03825,
pal10,atmos,398.5,1.329,1.323,1.305,1.274,1.231,1.176,1.111,1.035,0.9506,0.8575,0.7575,0.6521,0.5433,0.4335,0.3261,0.2253,0.1368,0.06576,
pal10,atmos,399.5,1.383,1.376,1.357,1.324,1.28,1.223,1.155,1.077,0.9888,0.8921,0.7882,0.6787,0.5655,0.4513,0.3395,0.2345,0.1424,0.06842,
pal10,atmos,400.5,1.453,1.446,1.426,1.392,1.345,1.286,1.215,1.132,1.04,0.9381,0.829,0.7139,0.5949,0.4749,0.3572,0.2468,0.1498,0.07195,
pal10,atmos,401.5,1.495,1.488,1.467,1.432,1.384,1.323,1.25,1.165,1.07,0.9654,0.8532,0.7348,0.6125,0.489,0.3679,0.2542,0.1542,0.07405,
pal10,atmos,402.5,1.551,1.544,1.522,1.486,1.437,1.373,1.297,1.209,1.111,1.003,0.8861,0.7633,0.6363,0.5081,0.3823,0.2641,0.1602,0.0769,
pal10,atmos,403.5,1.42,1.413,1.393,1.36,1.315,1.257,1.187,1.107,1.017,0.9178,0.8113,0.699,0.5828,0.4654,0.3503,0.242,0.1467,0.07041,
pal10,atmos,404.5,1.392,1.386,1.366,1.334,1.289,1.233,1.165,1.086,0.9975,0.9004,0.796,0.6859,0.572,0.4569,0.3439,0.2376,0.144,0.06909,
pal10,atmos,405.5,1.446,1.439,1.419,1.385,1.339,1.28,1.21,1.128,1.036,0.9356,0.8272,0.7129,0.5946,0.475,0.3575,0.247,0.1497,0.07179,
pal10,atmos,406.5,1.362,1.355,1.336,1.305,1.261,1.206,1.139,1.063,0.9762,0.8814,0.7794,0.6718,0.5604,0.4478,0.3371,0.2329,0.1411,0.06764,
pal10,atmos,407.5,1.372,1.366,1.347,1.315,1.271,1.216,1.149,1.071,0.9844,0.8889,0.7861,0.6776,0.5654,0.4518,0.3402,0.235,0.1424,0.06821,
pal10,atmos,408.5,1.528,1.521,1.5,1.465,1.416,1.354,1.279,1.193,1.096,0.9902,0.8758,0.7551,0.6301,0.5036,0.3792,0.262,0.1587,0.07598,
pal10,atmos,409.5,1.498,1.491,1.47,1.435,1.388,1.327,1.254,1.17,1.075,0.9709,0.8589,0.7406,0.6181,0.4941,0.3721,0.2571,0.1556,0.07451,
pal10,atmos,410.5,1.299,1.293,1.275,1.245,1.203,1.151,1.088,1.015,0.9324,0.8422,0.7451,0.6425,0.5364,0.4288,0.323,0.2232,0.1351,0.06463,
pal10,atmos,411.5,1.561,1.553,1.532,1.496,1.446,1.383,1.307,1.219,1.121,1.013,0.8959,0.7727,0.6451,0.5158,0.3886,0.2685,0.1625,0.07772,
pal10,atmos,412.5,1.546,1.539,1.518,1.482,1.433,1.371,1.296,1.209,1.111,1.004,0.8883,0.7662,0.6398,0.5117,0.3855,0.2664,0.1612,0.07706,
pal10,atmos,413.5,1.5,1.493,1.472,1.437,1.39,1.329,1.256,1.172,1.078,0.9738,0.8618,0.7435,0.6209,0.4967,0.3743,0.2586,0.1564,0.07477,
pal10,atmos,414.5,1.541,1.534,1.513,1.477,1.428,1.366,1.291,1.205,1.108,1.001,0.8861,0.7646,0.6386,0.5109,0.385,0.2661,0.1609,0.07687,
pal10,atmos,415.5,1.474,1.467,1.446,1.413,1.366,1.307,1.235,1.153,1.06,0.9577,0.8478,0.7317,0.6112,0.4891,0.3686,0.2547,0.154,0.07354,
pal10,atmos,416.5,1.604,1.596,1.574,1.537,1.486,1.422,1.344,1.255,1.154,1.043,0.9231,0.7967,0.6656,0.5327,0.4016,0.2775,0.1677,0.08005,
pal10,atmos,417.5,1.466,1.459,1.439,1.405,1.359,1.3,1.229,1.147,1.055,0.9534,0.8441,0.7287,0.6089,0.4874,0.3674,0.2539,0.1534,0.0732,
pal10,atmos,418.5,1.477,1.47,1.45,1.416,1.369,1.31,1.239,1.156,1.063,0.9611,0.8511,0.7347,0.6141,0.4916,0.3707,0.2562,0.1548,0.0738,
pal10,atmos,419.5,1.525,1.518,1.497,1.463,1.414,1.353,1.279,1.194,1.098,0.993,0.8794,0.7594,0.6347,0.5082,0.3833,0.2649,0.16,0.07626,
pal10,kasting,280.5,1.602e-12,1.453e-12,1.082e-12,6.537e-13,3.145e-13,1.17e-13,3.224e-14,6.199e-15,7.634e-16,5.333e-17,1.785e-18,2.501e-20,1.109e-21,6.155e-22,4.453e-22,3.356e-22,2.468e-22,1.621e-22,
pal10,kasting,281.5,3.419e-11,3.128e-11,2.389e-11,1.508e-11,7.73e-12,3.133e-12,9.661e-13,2.146e-13,3.176e-14,2.806e-15,1.271e-16,2.618e-18,1.256e-19,6.645e-20,4.783e-20,3.6e-20,2.648e-20,1.739e-20,
pal10,kasting,282.5,3.241e-10,2.987e-10,2.332e-10,1.528e-10,8.273e-11,3.61e-11,1.226e-11,2.944e-12,5.342e-13,5.778e-14,3.395e-15,9.717e-17,5.079e-18,2.543e-18,1.819e-18,1.367e-18,1.006e-18,6.604e-19,
pal10,kasting,283.5,1.261e-09,1.168e-09,9.245e-10,6.207e-10,3.481e-10,1.594e-10,5.762e-11,1.569e-11,3.014e-12,3.714e-13,2.582e-14,9.135e-16,5.086e-17,2.434e-17,1.733e-17,1.301e-17,9.567e-18,6.283e-18,
pal10,kasting,284.5,9.331e-09,8.716e-09,7.085e-09,4.975e-09,2.978e-09,1.489e-09,6.042e-10,1.908e-10,4.426e-11,6.947e-12,6.593e-13,3.459e-14,2.255e-15,9.751e-16,6.86e-16,5.13e-16,3.771e-16,2.478e-16,
pal10,kasting,285.5,2.541e-08,2.389e-08,1.98e-08,1.437e-08,9.023e-09,4.815e-09,2.127e-09,7.491e-10,1.997e-10,3.743e-11,4.465e-12,3.125e-13,2.347e-14,9.249e-15,6.422e-15,4.785e-15,3.515e-15,2.31e-15,
pal10,kasting,286.5,2.472e-07,2.335e-07,1.964e-07,1.462e-07,9.527e-08,5.345e-08,2.52e-08,9.652e-09,2.863e-09,6.15e-10,8.742e-11,7.628e-12,6.492e-13,2.358e-13,1.614e-13,1.198e-13,8.793e-14,5.782e-14,
pal10,kasting,287.5,1.151e-06,1.093e-06,9.348e-07,7.158e-07,4.86e-07,2.883e-07,1.462e-07,6.146e-08,2.054e-08,5.137e-09,8.88e-10,9.906e-11,9.91e-12,3.267e-12,2.186e-12,1.613e-12,1.182e-12,7.773e-13,
pal10,kasting,288.5,4.582e-06,4.378e-06,3.811e-06,2.97e-06,2.136e-06,1.346e-06,7.385e-07,3.436e-07,1.306e-07,3.853e-08,8.231e-09,1.197e-09,1.464e-10,4.353e-11,2.8e-11,2.049e-11,1.497e-11,9.844e-12,
pal10,kasting,289.5,2.126e-05,2.04e-05,1.799e-05,1.452e-05,1.064e-05,6.999e-06,4.063e-06,2.032e-06,8.472e-07,2.811e-07,6.981e-08,1.226e-08,1.754e-09,4.878e-10,3.006e-10,2.181e-10,1.588e-10,1.044e-10,
pal10,kasting,290.5,7.385e-05,7.11e-05,6.339e-05,5.211e-05,3.923e-05,2.676e-05,1.629e-05,8.658e-06,3.9e-06,1.428e-06,4.026e-07,8.283e-08,1.364e-08,3.629e-09,2.127e-09,1.528e-09,1.108e-09,7.284e-10,
pal10,kasting,291.5,0.0001986,0.000192,0.0001732,0.0001454,0.0001129,8.024e-05,5.154e-05,2.936e-05,1.444e-05,5.918e-06,1.926e-06,4.741e-07,9.27e-08,2.405e-08,1.305e-08,9.223e-09,6.65e-09,4.364e-09,
pal10,kasting,292.5,0.0004161,0.0004036,0.0003679,0.0003142,0.00025,0.0001838,0.0001234,7.437e-05,3.932e-05,1.766e-05,6.46e-06,1.84e-06,4.168e-07,1.086e-07,5.443e-08,3.765e-08,2.696e-08,1.766e-08,
pal10,kasting,293.5,0.001056,0.001027,0.0009452,0.0008204,0.0006684,0.0005073,0.0003551,0.0002257,0.0001277,6.255e-05,2.555e-05,8.35e-06,2.187e-06,5.884e-07,2.701e-07,1.811e-07,1.285e-07,8.386e-08,
pal10,kasting,294.5,0.001801,0.001757,0.001628,0.001431,0.001188,0.0009241,0.000668,0.0004426,0.000264,0.0001383,6.147e-05,2.234e-05,6.567e-06,1.849e-06,7.901e-07,5.107e-07,3.589e-07,2.333e-07,
pal10,kasting,295.5,0.004066,0.003976,0.003715,0.00331,0.002801,0.002238,0.001675,0.00116,0.0007325,0.0004121,0.0002008,8.178e-05,2.732e-05,8.263e-06,3.292e-06,2.01e-06,1.39e-06,8.983e-07,
pal10,kasting,296.5,0.006462,0.006333,0.005956,0.005366,0.004615,0.00377,0.002903,0.002086,0.00138,0.0008234,0.0004322,0.0001934,7.195e-05,2.348e-05,8.957e-06,5.121e-06,3.474e-06,2.228e-06,
pal10,kasting,297.5,0.01143,0.01122,0.01062,0.009658,0.008426,0.007017,0.005542,0.004025,0.002833,0.001781,0.0009985,0.0004849,0.0001987,7.023e-05,2.628e-05,1.398e-05,9.234e-06,5.866e-06,
pal10,kasting,298.5,0.01271,0.0125,0.01188,0.0109,0.009621,0.008143,0.006568,0.005008,0.00357,0.002343,0.001388,0.0007219,0.000321,0.0001223,4.593e-05,2.28e-05,1.457e-05,9.153e-06,
pal10,kasting,299.5,0.02664,0.02623,0.02505,0.02316,0.02069,0.01778,0.01463,0.01145,0.008431,0.005767,0.003598,0.001998,0.0009617,0.0003968,0.0001525,7.082e-05,4.318e-05,2.671e-05,
pal10,kasting,300.5,0.0237,0.02337,0.02239,0.02083,0.01876,0.01631,0.01363,0.01087,0.008205,0.005789,0.003755,0.00219,0.001119,0.000492,0.0001951,8.661e-05,5.034e-05,3.065e-05,
pal10,kasting,301.5,0.04464,0.04407,0.04239,0.03969,0.03609,0.03178,0.027,0.022,0.01705,0.01245,0.008425,0.005188,0.002833,0.001342,0.0005596,0.0002397,0.0001302,7.72e-05,
pal10,kasting,302.5,0.05368,0.05304,0.05114,0.04808,0.04399,0.03907,0.03355,0.02771,0.02186,0.01631,0.01135,0.007238,0.004129,0.002055,0.0008922,0.0003776,0.0001945,0.0001126,
pal10,kasting,303.5,0.08797,0.087,0.08414,0.0795,0.07327,0.06571,0.05716,0.04799,0.03865,0.02959,0.02129,0.01415,0.008505,0.004503,0.00207,0.0008794,0.0004235,0.0002352,
pal10,kasting,304.5,0.09387,0.09289,0.08999,0.08527,0.07892,0.07039,0.06237,0.05285,0.04307,0.03347,0.02453,0.0167,0.01034,0.005672,0.002702,0.00116,0.0005372,0.0002891,
pal10,kasting,305.5,0.12,0.1189,0.1155,0.1099,0.1023,0.09308,0.08246,0.07087,0.05879,0.04672,0.03523,0.02485,0.0161,0.009344,0.004731,0.002098,0.0009254,0.0004676,
pal10,kasting,306.5,0.1235,0.1224,0.119,0.1134,0.1059,0.0967,0.08607,0.07442,0.0622,0.04991,0.03809,0.02729,0.01802,0.01071,0.005567,0.002514,0.001089,0.0005322,
pal10,kasting,307.5,0.1738,0.1723,0.1679,0.1606,0.1508,0.1386,0.1245,0.109,0.09241,0.07555,0.05902,0.04357,0.0299,0.01864,0.01026,0.004868,0.002078,0.0009405,
pal10,kasting,308.5,0.1924,0.1908,0.1861,0.1783,0.1677,0.1546,0.1394,0.1225,0.1045,0.08599,0.06778,0.0506,0.03521,0.02236,0.01257,0.006084,0.002593,0.001136,
pal10,kasting,309.5,0.1669,0.1656,0.1617,0.1553,0.1466,0.1358,0.1231,0.109,0.09391,0.07826,0.06266,0.04771,0.03406,0.02234,0.01308,0.006604,0.002849,0.001179,
pal10,kasting,310.5,0.2244,0.2228,0.2177,0.2095,0.1982,0.1842,0.1678,0.1494,0.1296,0.1089,0.08795,0.06809,0.04949,0.03322,0.02003,0.01045,0.004584,0.001825,
pal10,kasting,311.5,0.2866,0.2845,0.2783,0.268,0.254,0.2366,0.2161,0.1932,0.1682,0.1423,0.1161,0.09045,0.06652,0.04534,0.02788,0.01488,0.006624,0.002576,
pal10,kasting,312.5,0.2758,0.2739,0.2682,0.2589,0.2461,0.2301,0.2112,0.19,0.1669,0.1426,0.1178,0.09337,0.07016,0.04918,0.03136,0.01751,0.008105,0.003066,
pal10,kasting,313.5,0.3114,0.3093,0.3029,0.2925,0.2783,0.2604,0.2394,0.2157,0.1899,0.1626,0.1347,0.1072,0.08093,0.05707,0.03668,0.02067,0.009651,0.003628,
pal10,kasting,314.5,0.3077,0.3058,0.2998,0.29,0.2766,0.2597,0.2398,0.2173,0.1926,0.1664,0.1395,0.1125,0.08657,0.06256,0.04153,0.02441,0.01193,0.004487,
pal10,kasting,315.5,0.3167,0.3147,0.3086,0.2986,0.2849,0.2677,0.2473,0.2243,0.1991,0.1723,0.1446,0.117,0.09021,0.06542,0.04361,0.02578,0.01268,0.004762,
pal10,kasting,316.5,0.3126,0.3103,0.3049,0.2954,0.2824,0.266,0.2467,0.2247,0.2005,0.1747,0.1479,0.121,0.09465,0.06994,0.04783,0.02925,0.01501,0.005758,
pal10,kasting,317.5,0.4414,0.4386,0.4305,0.4172,0.3988,0.3757,0.3484,0.3173,0.2832,0.2468,0.209,0.1709,0.1337,0.09877,0.0675,0.04123,0.02112,0.00807,
pal10,kasting,318.5,0.3443,0.3423,0.3362,0.3261,0.3123,0.295,0.2744,0.2509,0.225,0.1973,0.1685,0.1392,0.1103,0.08294,0.05803,0.03663,0.0196,0.007768,
pal10,kasting,319.5,0.4189,0.4164,0.4091,0.397,0.3803,0.3594,0.3345,0.3061,0.2748,0.2413,0.2063,0.1707,0.1357,0.1023,0.07186,0.0456,0.02457,0.009797,
pal10,kasting,320.5,0.5084,0.5055,0.4967,0.4821,0.4621,0.4369,0.407,0.3728,0.3351,0.2947,0.2524,0.2094,0.1669,0.1264,0.08923,0.05702,0.03103,0.0125,
pal10,kasting,321.5,0.4281,0.4257,0.4185,0.4067,0.3905,0.37,0.3454,0.3177,0.2869,0.2537,0.2189,0.1833,0.1479,0.1137,0.08205,0.05407,0.03076,0.0131,
pal10,kasting,322.5,0.4332,0.4307,0.4233,0.411,0.3941,0.3729,0.3476,0.3187,0.2869,0.2526,0.2168,0.1803,0.1441,0.1094,0.0776,0.04987,0.02735,0.01109,
pal10,kasting,323.5,0.4418,0.4394,0.4322,0.4202,0.4037,0.383,0.3582,0.3299,0.2986,0.2648,0.2292,0.1928,0.1563,0.1211,0.08819,0.05889,0.03418,0.01497,
pal10,kasting,324.5,0.5181,0.5153,0.5068,0.4928,0.4734,0.4491,0.42,0.3868,0.35,0.3104,0.2686,0.2258,0.183,0.1416,0.103,0.06861,0.03968,0.01728,
pal10,kasting,325.5,0.5813,0.5781,0.5685,0.5527,0.5309,0.503,0.4708,0.4334,0.3919,0.3472,0.3002,0.252,0.2039,0.1574,0.114,0.07557,0.04334,0.01863,
pal10,kasting,326.5,0.6979,0.6942,0.6831,0.6647,0.6393,0.6074,0.5692,0.5255,0.4771,0.4246,0.3693,0.3124,0.2553,0.1996,0.1473,0.1002,0.05979,0.02736,
pal10,kasting,327.5,0.651,0.6475,0.637,0.6197,0.5958,0.5657,0.5299,0.4888,0.4433,0.394,0.3421,0.2887,0.2351,0.1831,0.1342,0.09045,0.05322,0.02379,
pal10,kasting,328.5,0.6011,0.5978,0.5882,0.5723,0.5503,0.5225,0.4895,0.4516,0.4096,0.3642,0.3163,0.267,0.2175,0.1694,0.1243,0.08376,0.04931,0.02206,
pal10,kasting,329.5,0.7737,0.7696,0.7575,0.7375,0.7099,0.675,0.6334,0.5857,0.5327,0.4752,0.4145,0.3519,0.2888,0.2271,0.1688,0.116,0.07038,0.03311,
pal10,kasting,330.5,0.7049,0.7011,0.69,0.6716,0.6462,0.6142,0.576,0.5322,0.4836,0.4309,0.3752,0.3178,0.2601,0.2037,0.1505,0.1025,0.06138,0.02821,
pal10,kasting,331.5,0.6968,0.6931,0.6821,0.6639,0.6388,0.6071,0.5693,0.526,0.4779,0.4258,0.3707,0.3139,0.2567,0.2009,0.1483,0.1009,0.0602,0.02754,
pal10,kasting,332.5,0.6824,0.6789,0.6683,0.6508,0.6267,0.5962,0.5598,0.518,0.4716,0.4212,0.3679,0.3128,0.2572,0.2027,0.1511,0.1042,0.06358,0.03023,
pal10,kasting,333.5,0.6423,0.639,0.6289,0.6124,0.5895,0.5607,0.5262,0.4867,0.4428,0.3951,0.3447,0.2926,0.2401,0.1887,0.14,0.09595,0.05796,0.02707,
pal10,kasting,334.5,0.7167,0.7129,0.7018,0.6834,0.6581,0.626,0.5878,0.5439,0.4951,0.4421,0.386,0.328,0.2695,0.2121,0.1578,0.1084,0.06582,0.03102,
pal10,kasting,335.5,0.7242,0.7205,0.7093,0.691,0.6655,0.6335,0.5951,0.5511,0.5022,0.449,0.3927,0.3344,0.2754,0.2175,0.1625,0.1124,0.06897,0.03312,
pal10,kasting,336.5,0.5664,0.5635,0.5548,0.5404,0.5205,0.4954,0.4654,0.4309,0.3926,0.351,0.3068,0.2612,0.215,0.1696,0.1266,0.08737,0.05341,0.0255,
pal10,kasting,337.5,0.6225,0.6193,0.6097,0.5938,0.5719,0.5442,0.5111,0.4731,0.4307,0.3848,0.3362,0.2858,0.2349,0.1849,0.1375,0.09444,0.05727,0.02695,
pal10,kasting,338.5,0.6551,0.6518,0.6417,0.6252,0.6023,0.5734,0.5389,0.4993,0.4551,0.4071,0.3562,0.3035,0.2501,0.1976,0.1477,0.1022,0.06266,0.03011,
pal10,kasting,339.5,0.7117,0.7081,0.6972,0.6793,0.6545,0.6232,0.5858,0.5428,0.4949,0.4429,0.3877,0.3304,0.2724,0.2154,0.161,0.1115,0.06849,0.03301,
pal10,kasting,340.5,0.7613,0.7574,0.7457,0.7265,0.7,0.6664,0.6263,0.5803,0.529,0.4732,0.4141,0.3527,0.2906,0.2294,0.1713,0.1182,0.07229,0.03456,
pal10,kasting,341.5,0.6749,0.6715,0.6612,0.6443,0.6209,0.5913,0.5559,0.5153,0.47,0.4208,0.3685,0.3143,0.2593,0.2051,0.1535,0.1064,0.0654,0.0316,
pal10,kasting,342.5,0.7472,0.7434,0.7321,0.7134,0.6875,0.6548,0.6158,0.5709,0.5208,0.4664,0.4086,0.3486,0.2877,0.2277,0.1705,0.1182,0.07273,0.03522,
pal10,kasting,343.5,0.7762,0.7723,0.7605,0.7411,0.7142,0.6803,0.6397,0.593,0.541,0.4845,0.4244,0.3619,0.2987,0.2362,0.1767,0.1223,0.07512,0.03623,
pal10,kasting,344.5,0.5441,0.5413,0.5331,0.5195,0.5006,0.4768,0.4484,0.4157,0.3792,0.3395,0.2973,0.2536,0.2091,0.1653,0.1235,0.08539,0.0523,0.02511,
pal10,kasting,345.5,0.7441,0.7404,0.7292,0.7106,0.685,0.6526,0.6139,0.5694,0.5197,0.4657,0.4082,0.3485,0.2879,0.228,0.1708,0.1184,0.07296,0.03542,
pal10,kasting,346.5,0.6964,0.6928,0.6823,0.665,0.641,0.6107,0.5744,0.5327,0.4861,0.4355,0.3816,0.3257,0.2688,0.2127,0.1591,0.1101,0.06755,0.03257,
pal10,kasting,347.5,0.6801,0.6766,0.6664,0.6495,0.6261,0.5965,0.5611,0.5204,0.475,0.4256,0.3731,0.3185,0.2629,0.2081,0.1557,0.1077,0.06612,0.0319,
pal10,kasting,348.5,0.7469,0.7431,0.7319,0.7134,0.6877,0.6553,0.6166,0.572,0.5222,0.468,0.4104,0.3504,0.2894,0.2292,0.1715,0.1188,0.07298,0.03529,
pal10,kasting,349.5,0.6257,0.6226,0.6132,0.5977,0.5762,0.5491,0.5167,0.4793,0.4377,0.3923,0.344,0.2938,0.2427,0.1922,0.1439,0.0996,0.06116,0.02957,
pal10,kasting,350.5,0.8756,0.8713,0.8582,0.8365,0.8065,0.7686,0.7233,0.6711,0.6129,0.5494,0.4819,0.4116,0.3401,0.2694,0.2017,0.1396,0.08576,0.04148,
pal10,kasting,351.5,0.7545,0.7507,0.7394,0.7208,0.695,0.6624,0.6233,0.5784,0.5283,0.4736,0.4155,0.3549,0.2933,0.2323,0.1739,0.1203,0.07384,0.03568,
pal10,kasting,352.5,0.6801,0.6767,0.6666,0.6498,0.6266,0.5972,0.5621,0.5216,0.4765,0.4273,0.3749,0.3203,0.2648,0.2097,0.157,0.1087,0.06671,0.03226,
pal10,kasting,353.5,0.8182,0.8141,0.802,0.7818,0.7539,0.7187,0.6765,0.6279,0.5736,0.5145,0.4515,0.3859,0.3191,0.2528,0.1893,0.1311,0.0805,0.03897,
pal10,kasting,354.5,0.8851,0.8807,0.8675,0.8457,0.8156,0.7776,0.732,0.6795,0.6209,0.557,0.4889,0.418,0.3457,0.274,0.2053,0.1421,0.08731,0.04231,
pal10,kasting,355.5,0.8268,0.8227,0.8104,0.7901,0.762,0.7265,0.684,0.635,0.5803,0.5207,0.4571,0.3908,0.3233,0.2563,0.192,0.133,0.08165,0.03957,
pal10,kasting,356.5,0.767,0.7632,0.7518,0.733,0.707,0.6741,0.6347,0.5893,0.5386,0.4833,0.4244,0.3629,0.3002,0.238,0.1783,0.1235,0.0758,0.03673,
pal10,kasting,357.5,0.652,0.6487,0.6391,0.6231,0.601,0.5731,0.5396,0.5011,0.458,0.4111,0.361,0.3087,0.2555,0.2026,0.1517,0.105,0.06447,0.03122,
pal10,kasting,358.5,0.5029,0.5004,0.4929,0.4806,0.4636,0.4421,0.4163,0.3867,0.3535,0.3173,0.2787,0.2384,0.1973,0.1565,0.1172,0.08117,0.04981,0.02414,
pal10,kasting,359.5,0.846,0.8418,0.8293,0.8086,0.7801,0.7439,0.7006,0.6507,0.5949,0.5341,0.4692,0.4014,0.3323,0.2636,0.1975,0.1367,0.08388,0.04064,
pal10,kasting,360.5,0.7838,0.7799,0.7684,0.7493,0.7228,0.6894,0.6493,0.6031,0.5515,0.4952,0.4351,0.3723,0.3082,0.2445,0.1832,0.1268,0.07779,0.03769,
pal10,kasting,361.5,0.7063,0.7029,0.6925,0.6753,0.6515,0.6213,0.5853,0.5437,0.4972,0.4465,0.3924,0.3359,0.2781,0.2207,0.1654,0.1145,0.07021,0.03402,
pal10,kasting,362.5,0.8291,0.825,0.8128,0.7927,0.7648,0.7295,0.6872,0.6385,0.584,0.5245,0.461,0.3946,0.3268,0.2594,0.1944,0.1346,0.08252,0.03999,
pal10,kasting,363.5,0.7373,0.7336,0.7228,0.7049,0.6801,0.6488,0.6112,0.5679,0.5195,0.4667,0.4102,0.3512,0.2909,0.2309,0.1731,0.1198,0.07345,0.0356,
pal10,kasting,364.5,0.804,0.8,0.7882,0.7687,0.7418,0.7076,0.6667,0.6195,0.5668,0.5092,0.4477,0.3833,0.3176,0.2521,0.189,0.1308,0.08016,0.03884,
pal10,kasting,365.5,0.9793,0.9745,0.9601,0.9364,0.9036,0.862,0.8123,0.7549,0.6907,0.6206,0.5457,0.4673,0.3872,0.3074,0.2304,0.1594,0.0977,0.04732,
pal10,kasting,366.5,1.036,1.031,1.016,0.9907,0.956,0.9121,0.8595,0.7989,0.731,0.6569,0.5777,0.4949,0.4101,0.3256,0.2441,0.1689,0.1035,0.05012,
pal10,kasting,367.5,0.9832,0.9784,0.9641,0.9403,0.9075,0.8659,0.816,0.7585,0.6942,0.6239,0.5487,0.4701,0.3897,0.3095,0.232,0.1605,0.09833,0.04763,
pal10,kasting,368.5,0.8634,0.8592,0.8466,0.8258,0.797,0.7605,0.7167,0.6663,0.6098,0.5482,0.4822,0.4132,0.3426,0.2721,0.204,0.1411,0.08643,0.04186,
pal10,kasting,369.5,1.035,1.03,1.015,0.9902,0.9557,0.912,0.8596,0.7992,0.7316,0.6577,0.5786,0.4959,0.4112,0.3266,0.2449,0.1694,0.1037,0.05023,
pal10,kasting,370.5,0.939,0.9344,0.9207,0.8981,0.8669,0.8273,0.7798,0.7251,0.6638,0.5968,0.5252,0.4502,0.3733,0.2966,0.2224,0.1539,0.09416,0.04559,
pal10,kasting,371.5,1.074,1.069,1.053,1.027,0.9916,0.9464,0.8922,0.8296,0.7596,0.683,0.6011,0.5154,0.4275,0.3397,0.2547,0.1762,0.1078,0.05219,
pal10,kasting,372.5,0.793,0.7892,0.7777,0.7586,0.7323,0.6989,0.6589,0.6128,0.5611,0.5046,0.4442,0.3809,0.316,0.2511,0.1883,0.1303,0.07968,0.03857,
pal10,kasting,373.5,0.7166,0.7131,0.7027,0.6855,0.6617,0.6316,0.5955,0.5539,0.5072,0.4562,0.4016,0.3444,0.2858,0.2272,0.1704,0.1178,0.07205,0.03487,
pal10,kasting,374.5,0.7862,0.7824,0.771,0.7522,0.7261,0.6931,0.6535,0.6079,0.5568,0.5008,0.441,0.3782,0.3139,0.2495,0.1872,0.1294,0.07912,0.03828,
pal10,kasting,375.5,0.8867,0.8824,0.8696,0.8484,0.819,0.7818,0.7373,0.6858,0.6282,0.5652,0.4977,0.427,0.3544,0.2818,0.2114,0.1462,0.08932,0.04321,
pal10,kasting,376.5,0.8851,0.8809,0.8681,0.8469,0.8177,0.7806,0.7362,0.6849,0.6274,0.5645,0.4972,0.4266,0.3541,0.2816,0.2113,0.1461,0.08925,0.04317,
pal10,kasting,377.5,1.054,1.049,1.033,1.008,0.9734,0.9294,0.8765,0.8155,0.7471,0.6724,0.5923,0.5082,0.422,0.3356,0.2518,0.1741,0.1063,0.05143,
pal10,kasting,378.5,1.148,1.142,1.126,1.099,1.061,1.013,0.9552,0.8888,0.8144,0.733,0.6457,0.5542,0.4602,0.3661,0.2747,0.1899,0.116,0.05607,
pal10,kasting,379.5,0.8491,0.845,0.8328,0.8126,0.7846,0.7491,0.7066,0.6576,0.6026,0.5424,0.4779,0.4102,0.3407,0.2711,0.2034,0.1406,0.08585,0.04149,
pal10,kasting,380.5,1.021,1.016,1.001,0.9769,0.9433,0.9008,0.8497,0.7908,0.7247,0.6524,0.575,0.4936,0.41,0.3263,0.2449,0.1693,0.1033,0.04992,
pal10,kasting,381.5,0.9589,0.9543,0.9405,0.9178,0.8862,0.8463,0.7984,0.7431,0.6811,0.6132,0.5405,0.4641,0.3856,0.3068,0.2303,0.1592,0.09713,0.04693,
pal10,kasting,382.5,0.6387,0.6357,0.6265,0.6114,0.5904,0.5638,0.5319,0.4951,0.4539,0.4087,0.3603,0.3094,0.2571,0.2046,0.1536,0.1062,0.06476,0.03128,
pal10,kasting,383.5,0.5607,0.558,0.55,0.5367,0.5183,0.495,0.4671,0.4348,0.3986,0.359,0.3165,0.2718,0.2259,0.1798,0.135,0.09331,0.0569,0.02748,
pal10,kasting,384.5,0.8412,0.8372,0.8251,0.8052,0.7777,0.7428,0.7009,0.6525,0.5982,0.5388,0.4751,0.4081,0.3392,0.2701,0.2028,0.1402,0.08544,0.04125,
pal10,kasting,385.5,0.832,0.828,0.8161,0.7965,0.7693,0.7347,0.6933,0.6455,0.5919,0.5332,0.4702,0.404,0.3359,0.2674,0.2008,0.1388,0.08458,0.04083,
pal10,kasting,386.5,0.8478,0.8438,0.8317,0.8117,0.784,0.7488,0.7067,0.658,0.6034,0.5436,0.4795,0.412,0.3426,0.2728,0.2049,0.1416,0.08627,0.04163,
pal10,kasting,387.5,0.7877,0.784,0.7727,0.7542,0.7284,0.6958,0.6567,0.6115,0.5609,0.5053,0.4457,0.3831,0.3186,0.2538,0.1906,0.1317,0.08023,0.0387,
pal10,kasting,388.5,0.7893,0.7856,0.7743,0.7557,0.73,0.6974,0.6582,0.613,0.5622,0.5066,0.4469,0.3842,0.3196,0.2546,0.1912,0.1321,0.08046,0.0388,
pal10,kasting,389.5,0.9951,0.9904,0.9762,0.9528,0.9204,0.8793,0.83,0.773,0.7091,0.639,0.5638,0.4847,0.4033,0.3213,0.2414,0.1668,0.1015,0.04895,
pal10,kasting,390.5,0.9771,0.9725,0.9586,0.9357,0.9039,0.8636,0.8152,0.7593,0.6966,0.6278,0.554,0.4764,0.3964,0.3159,0.2373,0.164,0.09979,0.0481,
pal10,kasting,391.5,1.159,1.153,1.137,1.11,1.072,1.024,0.967,0.9008,0.8265,0.745,0.6575,0.5654,0.4706,0.3751,0.2818,0.1947,0.1185,0.05708,
pal10,kasting,392.5,0.8688,0.8647,0.8524,0.832,0.8038,0.768,0.7251,0.6755,0.6198,0.5588,0.4932,0.4242,0.3531,0.2815,0.2115,0.1462,0.08889,0.04282,
pal10,kasting,393.5,0.3776,0.3758,0.3705,0.3616,0.3494,0.3339,0.3152,0.2937,0.2695,0.243,0.2145,0.1845,0.1536,0.1225,0.09205,0.0636,0.03867,0.01862,
pal10,kasting,394.5,0.8883,0.8841,0.8716,0.8508,0.822,0.7855,0.7417,0.6911,0.6342,0.5719,0.5049,0.4344,0.3617,0.2884,0.2168,0.1498,0.09105,0.04383,
pal10,kasting,395.5,1.143,1.137,1.121,1.094,1.057,1.011,0.9542,0.8892,0.8161,0.736,0.6499,0.5592,0.4657,0.3714,0.2792,0.1929,0.1172,0.05641,
pal10,kasting,396.5,0.6708,0.6676,0.6582,0.6425,0.6208,0.5933,0.5603,0.5221,0.4793,0.4323,0.3818,0.3286,0.2736,0.2183,0.1641,0.1134,0.06888,0.03314,
pal10,kasting,397.5,0.7739,0.7703,0.7593,0.7413,0.7163,0.6846,0.6465,0.6025,0.5531,0.4989,0.4407,0.3793,0.316,0.2521,0.1896,0.131,0.07954,0.03825,
pal10,kasting,398.5,1.329,1.323,1.305,1.274,1.231,1.176,1.111,1.035,0.9506,0.8575,0.7575,0.6522,0.5433,0.4335,0.3261,0.2253,0.1368,0.06576,
pal10,kasting,399.5,1.383,1.376,1.357,1.324,1.28,1.223,1.155,1.077,0.9888,0.8922,0.7882,0.6787,0.5655,0.4513,0.3395,0.2345,0.1424,0.06842,
pal10,kasting,400.5,1.453,1.446,1.426,1.392,1.345,1.286,1.215,1.132,1.04,0.9382,0.829,0.7139,0.5949,0.4749,0.3572,0.2468,0.1498,0.07195,
pal10,kasting,401.5,1.495,1.488,1.467,1.432,1.384,1.323,1.25,1.165,1.07,0.9655,0.8532,0.7348,0.6125,0.489,0.3679,0.2542,0.1542,0.07405,
pal10,kasting,402.5,1.551,1.544,1.522,1.486,1.437,1.373,1.297,1.21,1.111,1.003,0.8861,0.7633,0.6363,0.5081,0.3823,0.2641,0.1602,0.0769,
pal10,kasting,403.5,1.42,1.413,1.393,1.36,1.315,1.257,1.187,1.107,1.017,0.9179,0.8113,0.699,0.5828,0.4654,0.3503,0.242,0.1467,0.07041,
pal10,kasting,404.5,1.392,1.386,1.366,1.334,1.289,1.233,1.165,1.086,0.9975,0.9004,0.796,0.6859,0.572,0.4569,0.3439,0.2376,0.144,0.06909,
pal10,kasting,405.5,1.446,1.439,1.419,1.385,1.339,1.28,1.21,1.128,1.036,0.9356,0.8272,0.7129,0.5946,0.475,0.3576,0.247,0.1497,0.07179,
pal10,kasting,406.5,1.362,1.355,1.336,1.305,1.261,1.206,1.139,1.063,0.9763,0.8815,0.7795,0.6718,0.5604,0.4478,0.3371,0.2329,0.1411,0.06764,
pal10,kasting,407.5,1.372,1.366,1.347,1.315,1.271,1.216,1.149,1.071,0.9844,0.8889,0.7861,0.6776,0.5654,0.4518,0.3402,0.235,0.1424,0.06821,
pal10,kasting,408.5,1.528,1.521,1.5,1.465,1.416,1.354,1.279,1.193,1.096,0.9902,0.8758,0.7551,0.6301,0.5036,0.3792,0.262,0.1587,0.07598,
pal10,kasting,409.5,1.498,1.491,1.47,1.436,1.388,1.327,1.254,1.17,1.075,0.9709,0.8589,0.7406,0.6181,0.4941,0.3721,0.2571,0.1556,0.07451,
pal10,kasting,410.5,1.299,1.293,1.275,1.245,1.203,1.151,1.088,1.015,0.9324,0.8422,0.7451,0.6425,0.5364,0.4288,0.323,0.2232,0.1351,0.06463,
pal10,kasting,411.5,1.561,1.553,1.532,1.496,1.446,1.383,1.307,1.219,1.121,1.013,0.8959,0.7727,0.6451,0.5158,0.3886,0.2685,0.1625,0.07772,
pal10,kasting,412.5,1.547,1.539,1.518,1.482,1.433,1.371,1.296,1.209,1.111,1.004,0.8883,0.7662,0.6398,0.5117,0.3855,0.2664,0.1612,0.07706,
pal10,kasting,413.5,1.5,1.493,1.472,1.437,1.39,1.329,1.257,1.172,1.078,0.9738,0.8618,0.7435,0.6209,0.4967,0.3743,0.2586,0.1564,0.07477,
pal10,kasting,414.5,1.541,1.534,1.513,1.477,1.428,1.366,1.291,1.205,1.108,1.001,0.8861,0.7646,0.6386,0.5109,0.385,0.2661,0.1609,0.07687,
pal10,kasting,415.5,1.474,1.467,1.446,1.413,1.366,1.307,1.235,1.153,1.06,0.9577,0.8478,0.7317,0.6112,0.4891,0.3686,0.2547,0.154,0.07354,
pal10,kasting,416.5,1.604,1.596,1.574,1.537,1.486,1.422,1.344,1.255,1.154,1.043,0.9231,0.7967,0.6656,0.5327,0.4016,0.2775,0.1677,0.08005,
pal10,kasting,417.5,1.466,1.459,1.439,1.405,1.359,1.3,1.229,1.147,1.055,0.9533,0.8441,0.7287,0.6089,0.4873,0.3674,0.2539,0.1534,0.0732,
pal10,kasting,418.5,1.477,1.47,1.45,1.416,1.369,1.31,1.239,1.156,1.063,0.9611,0.8511,0.7347,0.6141,0.4916,0.3707,0.2562,0.1548,0.0738,
pal10,kasting,419.5,1.525,1.518,1.497,1.463,1.414,1.353,1.279,1.194,1.098,0.993,0.8794,0.7593,0.6347,0.5082,0.3833,0.2649,0.16,0.07626,
pal10,photochem,280.5,1.586e-13,1.427e-13,1.035e-13,5.98e-14,2.696e-14,9.189e-15,2.26e-15,3.756e-16,3.846e-17,2.127e-18,5.278e-20,5.002e-22,1.59e-23,7.24e-24,4.345e-24,2.799e-24,1.836e-24,1.136e-24,
pal10,photochem,281.5,4.182e-12,3.797e-12,2.832e-12,1.717e-12,8.299e-13,3.107e-13,8.64e-14,1.682e-14,2.106e-15,1.505e-16,5.201e-18,7.509e-20,2.623e-21,1.152e-21,6.895e-22,4.415e-22,2.867e-22,1.756e-22,
pal10,photochem,282.5,4.757e-11,4.354e-11,3.326e-11,2.101e-11,1.078e-11,4.376e-12,1.353e-12,3.015e-13,4.488e-14,4.001e-15,1.836e-16,3.801e-18,1.466e-19,6.166e-20,3.679e-20,2.343e-20,1.508e-20,9.152e-21,
pal10,photochem,283.5,2.084e-10,1.917e-10,1.488e-10,9.649e-11,5.146e-11,2.202e-11,7.289e-12,1.774e-12,2.953e-13,3.037e-14,1.675e-15,4.373e-17,1.814e-18,7.347e-19,4.374e-19,2.776e-19,1.776e-19,1.07e-19,
pal10,photochem,284.5,1.912e-09,1.776e-09,1.418e-09,9.66e-10,5.533e-10,2.607e-10,9.792e-11,2.802e-11,5.734e-12,7.676e-13,5.943e-14,2.388e-15,1.183e-16,4.385e-17,2.598e-17,1.64e-17,1.037e-17,6.154e-18,
pal10,photochem,285.5,6.111e-09,5.714e-09,4.661e-09,3.292e-09,1.987e-09,1.005e-09,4.143e-10,1.336e-10,3.182e-11,5.172e-12,5.139e-13,2.831e-14,1.642e-15,5.596e-16,3.296e-16,2.072e-16,1.299e-16,7.61e-17,
pal10,photochem,286.5,6.724e-08,6.322e-08,5.241e-08,3.806e-08,2.392e-08,1.278e-08,5.658e-09,1.999e-09,5.351e-10,1.009e-10,1.214e-11,8.516e-13,5.681e-14,1.793e-14,1.049e-14,6.574e-15,4.093e-15,2.371e-15,
pal10,photochem,287.5,3.589e-07,3.394e-07,2.865e-07,2.146e-07,1.411e-07,8.013e-08,3.84e-08,1.502e-08,4.58e-09,1.02e-09,1.519e-10,1.394e-11,1.113e-12,3.203e-13,1.848e-13,1.155e-13,7.133e-14,4.075e-14,
pal10,photochem,288.5,1.657e-06,1.577e-06,1.358e-06,1.052e-06,7.261e-07,4.405e-07,2.301e-07,1.005e-07,3.53e-08,9.409e-09,1.765e-09,2.167e-10,2.163e-11,5.626e-12,3.162e-12,1.968e-12,1.206e-12,6.774e-13,
pal10,photochem,289.5,8.557e-06,8.182e-06,7.143e-06,5.667e-06,4.051e-06,2.5e-06,1.403e-06,6.768e-07,2.628e-07,7.964e-08,1.761e-08,2.658e-09,3.159e-10,7.692e-11,4.186e-11,2.596e-11,1.583e-11,8.769e-12,
pal10,photochem,290.5,3.252e-05,3.121e-05,2.757e-05,2.232e-05,1.643e-05,1.087e-05,6.362e-06,3.214e-06,1.358e-06,4.586e-07,1.164e-07,2.09e-08,2.905e-09,6.77e-10,3.537e-10,2.185e-10,1.326e-10,7.258e-11,
pal10,photochem,291.5,9.677e-05,9.331e-05,8.354e-05,6.919e-05,5.266e-05,3.645e-05,2.262e-05,1.233e-05,5.735e-06,2.188e-06,6.499e-07,1.42e-07,2.388e-08,5.434e-09,2.657e-09,1.629e-09,9.837e-10,5.307e-10,
pal10,photochem,292.5,0.0002205,0.0002133,0.0001931,0.000163,0.0001274,9.154e-05,5.961e-05,3.455e-05,1.739e-05,7.334e-06,2.474e-06,6.345e-07,1.257e-07,2.881e-08,1.309e-08,7.931e-09,4.772e-09,2.544e-09,
pal10,photochem,293.5,0.0006051,0.0005875,0.0005374,0.0004616,0.0003704,0.0002754,0.0001877,0.0001153,6.25e-05,2.897e-05,1.102e-05,3.287e-06,7.647e-07,1.819e-07,7.604e-08,4.514e-08,2.705e-08,1.426e-08,
pal10,photochem,294.5,0.001098,0.001069,0.0009859,0.0008586,0.0007029,0.0005371,0.0003791,0.0002437,0.0001399,6.977e-05,2.914e-05,9.759e-06,2.581e-06,6.462e-07,2.519e-07,1.456e-07,8.695e-08,4.545e-08,
pal10,photochem,295.5,0.002647,0.002585,0.002404,0.002124,0.001777,0.001398,0.001021,0.0006917,0.0004223,0.0002278,0.0001051,3.989e-05,1.216e-05,3.299e-06,1.199e-06,6.621e-07,3.927e-07,2.035e-07,
pal10,photochem,296.5,0.004444,0.004349,0.004073,0.003644,0.003103,0.0025,0.001891,0.001328,0.0008533,0.0004909,0.0002458,0.0001034,3.549e-05,1.049e-05,3.653e-06,1.906e-06,1.119e-06,5.761e-07,
pal10,photochem,297.5,0.008245,0.008086,0.007622,0.006892,0.00596,0.004904,0.003814,0.002775,0.001864,0.001135,0.0006103,0.000281,0.0001073,3.47e-05,1.186e-05,5.792e-06,3.35e-06,1.714e-06,
pal10,photochem,298.5,0.009546,0.009377,0.008886,0.008108,0.007104,0.00595,0.004734,0.003548,0.002474,0.001579,0.0009018,0.0004476,0.0001871,6.585e-05,2.265e-05,1.036e-05,5.858e-06,2.982e-06,
pal10,photochem,299.5,0.02079,0.02045,0.01948,0.01793,0.0159,0.01355,0.01102,0.00849,0.006135,0.004095,0.002476,0.001321,0.0006025,0.0002317,8.195e-05,3.512e-05,1.918e-05,9.701e-06,
pal10,photochem,300.5,0.01904,0.01876,0.01794,0.01661,0.01488,0.01283,0.01061,0.008353,0.006199,0.00428,0.002701,0.00152,0.000741,0.0003059,0.0001122,4.602e-05,2.417e-05,1.215e-05,
pal10,photochem,301.5,0.03702,0.03639,0.03506,0.03271,0.02959,0.02589,0.0218,0.01756,0.01342,0.009613,0.006357,0.003797,0.001991,0.000893,0.0003471,0.0001376,6.811e-05,3.381e-05,
pal10,photochem,302.5,0.04545,0.04488,0.0432,0.04049,0.03688,0.03255,0.02774,0.02268,0.01766,0.01296,0.008838,0.005485,0.003018,0.001431,0.0005821,0.0002283,0.0001078,5.279e-05,
pal10,photochem,303.5,0.07633,0.07545,0.07286,0.06866,0.06304,0.05624,0.04859,0.04045,0.03222,0.02433,0.0172,0.01117,0.00651,0.003305,0.001435,0.0005673,0.0002515,0.0001201,
pal10,photochem,304.5,0.08262,0.08172,0.07905,0.07473,0.06893,0.06188,0.05389,0.04532,0.03657,0.02807,0.02025,0.0135,0.008127,0.004293,0.001941,0.0007776,0.0003324,0.0001553,
pal10,photochem,305.5,0.1079,0.1068,0.1036,0.09839,0.09137,0.08279,0.07297,0.06231,0.05126,0.04032,0.03,0.0208,0.01317,0.007402,0.003584,0.001494,0.0006101,0.0002719,
pal10,photochem,306.5,0.112,0.1109,0.1077,0.1025,0.09549,0.08687,0.07696,0.06616,0.05488,0.04362,0.03288,0.02318,0.01499,0.008651,0.004315,0.001838,0.0007387,0.0003205,
pal10,photochem,307.5,0.1603,0.1589,0.1547,0.1478,0.1384,0.1269,0.1136,0.09886,0.08334,0.06759,0.05228,0.03809,0.02568,0.01563,0.008315,0.003749,0.001491,0.0006072,
pal10,photochem,308.5,0.1787,0.1771,0.1726,0.1652,0.155,0.1425,0.128,0.112,0.095,0.07764,0.06064,0.04472,0.03063,0.01902,0.01036,0.004782,0.001904,0.0007539,
pal10,photochem,309.5,0.1567,0.1554,0.1517,0.1455,0.1371,0.1267,0.1146,0.1011,0.08664,0.07177,0.05672,0.04296,0.03025,0.01947,0.0111,0.005378,0.00218,0.0008214,
pal10,photochem,310.5,0.2125,0.2108,0.2059,0.198,0.187,0.1735,0.1576,0.1398,0.1208,0.101,0.08121,0.06214,0.04463,0.02947,0.01735,0.008729,0.003616,0.001319,
pal10,photochem,311.5,0.2727,0.2707,0.2646,0.2546,0.241,0.2241,0.2042,0.182,0.1579,0.1329,0.1077,0.08327,0.06059,0.04069,0.02449,0.01264,0.005336,0.001907,
pal10,photochem,312.5,0.2649,0.263,0.2574,0.2483,0.2358,0.2201,0.2017,0.181,0.1585,0.1349,0.1109,0.08731,0.06504,0.04504,0.02823,0.01533,0.006784,0.002379,
pal10,photochem,313.5,0.2998,0.2977,0.2915,0.2813,0.2673,0.2498,0.2292,0.206,0.1808,0.1543,0.1273,0.1006,0.07534,0.05253,0.03321,0.01824,0.008153,0.002846,
pal10,photochem,314.5,0.2986,0.2966,0.2908,0.2811,0.2678,0.2512,0.2317,0.2095,0.1853,0.1596,0.1333,0.107,0.08179,0.05858,0.03838,0.02211,0.01043,0.003678,
pal10,photochem,315.5,0.3077,0.3057,0.2997,0.2899,0.2763,0.2594,0.2393,0.2167,0.1919,0.1656,0.1385,0.1115,0.08546,0.06144,0.04046,0.02345,0.01114,0.003931,
pal10,photochem,316.5,0.3056,0.3036,0.298,0.2886,0.2757,0.2595,0.2403,0.2186,0.1947,0.1693,0.143,0.1165,0.0907,0.06658,0.04508,0.02715,0.01356,0.004933,
pal10,photochem,317.5,0.4315,0.4288,0.4208,0.4076,0.3894,0.3666,0.3395,0.3088,0.2751,0.2392,0.202,0.1646,0.1282,0.09404,0.06364,0.03828,0.01908,0.006915,
pal10,photochem,318.5,0.3385,0.3365,0.3304,0.3205,0.3067,0.2895,0.2691,0.2458,0.2202,0.1928,0.1642,0.1353,0.1069,0.07993,0.05552,0.03464,0.01816,0.006902,
pal10,photochem,319.5,0.4123,0.4099,0.4026,0.3905,0.374,0.3532,0.3285,0.3003,0.269,0.2361,0.2014,0.1663,0.1317,0.09884,0.06895,0.04328,0.02287,0.008766,
pal10,photochem,320.5,0.5011,0.4982,0.4894,0.4749,0.455,0.43,0.4002,0.3663,0.329,0.2889,0.247,0.2044,0.1624,0.1224,0.08591,0.05436,0.02906,0.01128,
pal10,photochem,321.5,0.424,0.4217,0.4145,0.4028,0.3866,0.3661,0.3414,0.3141,0.2835,0.2505,0.2158,0.1804,0.1453,0.1114,0.08007,0.05243,0.02949,0.01225,
pal10,photochem,322.5,0.4275,0.425,0.4176,0.4054,0.3886,0.3675,0.3423,0.3137,0.2821,0.2481,0.2125,0.1763,0.1405,0.1063,0.07496,0.04773,0.02575,0.01009,
pal10,photochem,323.5,0.4387,0.4363,0.4288,0.4171,0.4007,0.38,0.3553,0.3271,0.2959,0.2622,0.2268,0.1905,0.1543,0.1192,0.08658,0.05754,0.03311,0.01423,
pal10,photochem,324.5,0.5144,0.5115,0.5031,0.4891,0.4698,0.4455,0.4165,0.3834,0.3468,0.3073,0.2657,0.2231,0.1805,0.1394,0.1011,0.06699,0.03839,0.01639,
pal10,photochem,325.5,0.5766,0.5734,0.5639,0.5481,0.5264,0.4989,0.4664,0.4292,0.3879,0.3434,0.2966,0.2487,0.2009,0.1546,0.1117,0.07358,0.04178,0.01758,
pal10,photochem,326.5,0.6952,0.6915,0.6804,0.662,0.6367,0.6047,0.5667,0.5231,0.4747,0.4224,0.3672,0.3104,0.2534,0.1979,0.1458,0.09891,0.05877,0.02661,
pal10,photochem,327.5,0.6476,0.6441,0.6336,0.6164,0.5926,0.5625,0.5268,0.4858,0.4403,0.3912,0.3394,0.2862,0.2329,0.181,0.1324,0.08892,0.05199,0.02291,
pal10,photochem,328.5,0.5979,0.5947,0.5851,0.5692,0.5473,0.5196,0.4866,0.4488,0.4069,0.3616,0.3139,0.2647,0.2154,0.1675,0.1226,0.08236,0.04818,0.02125,
pal10,photochem,329.5,0.7721,0.768,0.7559,0.7359,0.7083,0.6735,0.6319,0.5842,0.5312,0.4739,0.4132,0.3506,0.2877,0.2261,0.1679,0.1152,0.06974,0.03263,
pal10,photochem,330.5,0.7025,0.6988,0.6877,0.6693,0.644,0.612,0.5738,0.5301,0.4815,0.4289,0.3734,0.3161,0.2585,0.2022,0.1492,0.1014,0.06047,0.02754,
pal10,photochem,331.5,0.6943,0.6906,0.6796,0.6615,0.6364,0.6048,0.567,0.5238,0.4757,0.4237,0.3687,0.312,0.255,0.1994,0.1469,0.09969,0.05923,0.02683,
pal10,photochem,332.5,0.6815,0.678,0.6674,0.6499,0.6258,0.5953,0.5589,0.5172,0.4708,0.4204,0.3672,0.3121,0.2565,0.2021,0.1506,0.1037,0.06321,0.02995,
pal10,photochem,333.5,0.6409,0.6375,0.6275,0.611,0.5881,0.5593,0.5249,0.4854,0.4415,0.3939,0.3436,0.2915,0.2391,0.1877,0.1392,0.09523,0.05736,0.02663,
pal10,photochem,334.5,0.7154,0.7117,0.7005,0.6822,0.6568,0.6248,0.5866,0.5427,0.4939,0.441,0.385,0.327,0.2686,0.2113,0.157,0.1078,0.0653,0.03062,
pal10,photochem,335.5,0.7237,0.72,0.7088,0.6904,0.665,0.633,0.5947,0.5507,0.5017,0.4486,0.3923,0.334,0.275,0.2172,0.1622,0.1122,0.06876,0.03296,
pal10,photochem,336.5,0.5658,0.5629,0.5542,0.5398,0.5199,0.4948,0.4648,0.4304,0.3921,0.3505,0.3064,0.2607,0.2146,0.1693,0.1262,0.08709,0.05317,0.02531,
pal10,photochem,337.5,0.6215,0.6183,0.6086,0.5928,0.5708,0.5431,0.51,0.4721,0.4298,0.3839,0.3353,0.285,0.2341,0.1842,0.1369,0.0939,0.05682,0.02661,
pal10,photochem,338.5,0.6547,0.6513,0.6413,0.6248,0.6019,0.573,0.5385,0.4989,0.4547,0.4068,0.3559,0.3032,0.2498,0.1973,0.1474,0.102,0.06249,0.02998,
pal10,photochem,339.5,0.7113,0.7077,0.6969,0.6789,0.6541,0.6228,0.5854,0.5425,0.4946,0.4426,0.3874,0.3301,0.2722,0.2151,0.1608,0.1113,0.06835,0.0329,
pal10,photochem,340.5,0.7606,0.7567,0.7451,0.7259,0.6993,0.6658,0.6257,0.5797,0.5284,0.4727,0.4135,0.3522,0.2901,0.229,0.1709,0.1179,0.072,0.03434,
pal10,photochem,341.5,0.6747,0.6713,0.661,0.6441,0.6207,0.5911,0.5557,0.5151,0.4698,0.4206,0.3684,0.3141,0.2592,0.205,0.1534,0.1062,0.06531,0.03154,
pal10,photochem,342.5,0.747,0.7433,0.7319,0.7132,0.6874,0.6547,0.6156,0.5707,0.5207,0.4663,0.4085,0.3485,0.2876,0.2276,0.1704,0.1181,0.07267,0.03517,
pal10,photochem,343.5,0.7759,0.772,0.7602,0.7408,0.7139,0.68,0.6394,0.5928,0.5407,0.4842,0.4241,0.3617,0.2984,0.236,0.1765,0.1222,0.07499,0.03613,
pal10,photochem,344.5,0.5438,0.541,0.5328,0.5191,0.5003,0.4765,0.4481,0.4154,0.3789,0.3392,0.2971,0.2533,0.2089,0.1651,0.1234,0.08522,0.05216,0.025,
pal10,photochem,345.5,0.7441,0.7403,0.7291,0.7106,0.685,0.6526,0.6139,0.5694,0.5197,0.4656,0.4082,0.3485,0.2878,0.228,0.1708,0.1184,0.07295,0.03541,
pal10,photochem,346.5,0.6961,0.6926,0.6821,0.6647,0.6407,0.6104,0.5741,0.5324,0.4859,0.4353,0.3814,0.3255,0.2687,0.2125,0.159,0.11,0.06744,0.03248,
pal10,photochem,347.5,0.6798,0.6764,0.6662,0.6493,0.6259,0.5963,0.5609,0.5203,0.4749,0.4255,0.3729,0.3183,0.2628,0.2079,0.1556,0.1076,0.06602,0.03182,
pal10,photochem,348.5,0.7467,0.743,0.7318,0.7132,0.6876,0.6552,0.6164,0.5718,0.522,0.4679,0.4102,0.3503,0.2893,0.2291,0.1715,0.1187,0.07292,0.03524,
pal10,photochem,349.5,0.6256,0.6224,0.6131,0.5975,0.5761,0.549,0.5165,0.4792,0.4375,0.3922,0.3439,0.2937,0.2426,0.1921,0.1438,0.09953,0.0611,0.02952,
pal10,photochem,350.5,0.8755,0.8711,0.858,0.8363,0.8064,0.7685,0.7231,0.671,0.6127,0.5493,0.4818,0.4115,0.34,0.2693,0.2016,0.1396,0.08568,0.04142,
pal10,photochem,351.5,0.7543,0.7506,0.7393,0.7206,0.6948,0.6622,0.6232,0.5783,0.5281,0.4735,0.4153,0.3548,0.2932,0.2322,0.1738,0.1202,0.07377,0.03562,
pal10,photochem,352.5,0.68,0.6766,0.6664,0.6497,0.6264,0.5971,0.5619,0.5215,0.4764,0.4272,0.3748,0.3202,0.2647,0.2097,0.1569,0.1086,0.06666,0.03221,
pal10,photochem,353.5,0.8181,0.814,0.8018,0.7817,0.7538,0.7186,0.6764,0.6278,0.5735,0.5144,0.4514,0.3858,0.319,0.2528,0.1893,0.131,0.08046,0.03893,
pal10,photochem,354.5,0.885,0.8806,0.8674,0.8457,0.8156,0.7775,0.7319,0.6795,0.6208,0.557,0.4889,0.4179,0.3456,0.274,0.2052,0.1421,0.08728,0.04228,
pal10,photochem,355.5,0.8267,0.8226,0.8104,0.7901,0.762,0.7264,0.6839,0.635,0.5803,0.5206,0.4571,0.3908,0.3233,0.2563,0.192,0.1329,0.08163,0.03955,
pal10,photochem,356.5,0.7669,0.7631,0.7517,0.7329,0.7069,0.674,0.6346,0.5892,0.5385,0.4833,0.4243,0.3629,0.3002,0.238,0.1783,0.1234,0.07578,0.03671,
pal10,photochem,357.5,0.6519,0.6487,0.639,0.6231,0.601,0.573,0.5396,0.501,0.458,0.411,0.3609,0.3087,0.2554,0.2025,0.1517,0.105,0.06445,0.03121,
pal10,photochem,358.5,0.5028,0.5003,0.4929,0.4806,0.4636,0.4421,0.4163,0.3866,0.3535,0.3173,0.2787,0.2384,0.1973,0.1565,0.1172,0.08115,0.0498,0.02413,
pal10,photochem,359.5,0.8459,0.8417,0.8292,0.8086,0.78,0.7439,0.7005,0.6507,0.5949,0.5341,0.4692,0.4014,0.3323,0.2635,0.1975,0.1367,0.08386,0.04062,
pal10,photochem,360.5,0.7838,0.7799,0.7683,0.7492,0.7228,0.6893,0.6493,0.6031,0.5515,0.4951,0.435,0.3723,0.3082,0.2445,0.1832,0.1268,0.07778,0.03768,
pal10,photochem,361.5,0.7063,0.7028,0.6924,0.6752,0.6514,0.6213,0.5853,0.5437,0.4972,0.4465,0.3924,0.3358,0.2781,0.2206,0.1654,0.1145,0.0702,0.03402,
pal10,photochem,362.5,0.8291,0.825,0.8128,0.7927,0.7648,0.7295,0.6872,0.6385,0.584,0.5245,0.461,0.3946,0.3268,0.2593,0.1944,0.1345,0.08251,0.03999,
pal10,photochem,363.5,0.7372,0.7336,0.7228,0.7049,0.6801,0.6488,0.6112,0.5679,0.5195,0.4667,0.4102,0.3512,0.2909,0.2309,0.1731,0.1198,0.07345,0.03559,
pal10,photochem,364.5,0.8039,0.8,0.7882,0.7687,0.7417,0.7076,0.6667,0.6195,0.5668,0.5092,0.4477,0.3833,0.3176,0.2521,0.189,0.1308,0.08015,0.03883,
pal10,photochem,365.5,0.9793,0.9745,0.9601,0.9364,0.9036,0.862,0.8122,0.7549,0.6907,0.6206,0.5457,0.4673,0.3872,0.3074,0.2304,0.1594,0.09769,0.04731,
pal10,photochem,366.5,1.036,1.031,1.016,0.9907,0.956,0.9121,0.8595,0.7989,0.731,0.6569,0.5777,0.4949,0.4101,0.3256,0.2441,0.1689,0.1035,0.05012,
pal10,photochem,367.5,0.9832,0.9784,0.9641,0.9403,0.9075,0.8658,0.816,0.7585,0.6942,0.6239,0.5487,0.4701,0.3897,0.3095,0.232,0.1605,0.09833,0.04763,
pal10,photochem,368.5,0.8634,0.8592,0.8466,0.8258,0.797,0.7605,0.7167,0.6663,0.6098,0.5482,0.4822,0.4132,0.3426,0.2721,0.204,0.1411,0.08642,0.04186,
pal10,photochem,369.5,1.035,1.03,1.015,0.9902,0.9557,0.912,0.8596,0.7992,0.7316,0.6577,0.5786,0.4959,0.4112,0.3266,0.2449,0.1694,0.1037,0.05023,
pal10,photochem,370.5,0.9389,0.9344,0.9207,0.8981,0.8669,0.8273,0.7798,0.7251,0.6638,0.5968,0.5252,0.4502,0.3733,0.2966,0.2224,0.1538,0.09415,0.04559,
pal10,photochem,371.5,1.074,1.069,1.053,1.027,0.9916,0.9464,0.8921,0.8296,0.7596,0.683,0.6011,0.5153,0.4274,0.3396,0.2547,0.1762,0.1078,0.05218,
pal10,photochem,372.5,0.793,0.7892,0.7777,0.7586,0.7323,0.6989,0.6589,0.6128,0.5611,0.5046,0.4442,0.3809,0.316,0.2511,0.1883,0.1303,0.07967,0.03857,
pal10,photochem,373.5,0.7165,0.7131,0.7027,0.6855,0.6617,0.6316,0.5955,0.5539,0.5072,0.4562,0.4016,0.3444,0.2858,0.2271,0.1704,0.1178,0.07205,0.03487,
pal10,photochem,374.5,0.7861,0.7823,0.771,0.7521,0.7261,0.6931,0.6535,0.6079,0.5567,0.5008,0.441,0.3782,0.3139,0.2495,0.1872,0.1294,0.07912,0.03828,
pal10,photochem,375.5,0.8867,0.8824,0.8696,0.8484,0.819,0.7818,0.7373,0.6858,0.6282,0.5652,0.4977,0.427,0.3544,0.2817,0.2114,0.1462,0.08932,0.04321,
pal10,photochem,376.5,0.8851,0.8808,0.868,0.8469,0.8176,0.7806,0.7361,0.6848,0.6274,0.5645,0.4972,0.4266,0.3541,0.2816,0.2113,0.1461,0.08925,0.04317,
pal10,photochem,377.5,1.054,1.049,1.033,1.008,0.9734,0.9293,0.8765,0.8155,0.7471,0.6723,0.5922,0.5082,0.422,0.3356,0.2518,0.1741,0.1063,0.05142,
pal10,photochem,378.5,1.148,1.142,1.126,1.099,1.061,1.013,0.9552,0.8888,0.8144,0.7329,0.6457,0.5542,0.4602,0.3661,0.2747,0.1899,0.116,0.05607,
pal10,photochem,379.5,0.849,0.8449,0.8327,0.8125,0.7846,0.7491,0.7066,0.6576,0.6026,0.5424,0.4779,0.4102,0.3407,0.271,0.2034,0.1406,0.08584,0.04149,
pal10,photochem,380.5,1.021,1.016,1.001,0.9769,0.9433,0.9008,0.8497,0.7908,0.7247,0.6524,0.5749,0.4936,0.41,0.3262,0.2449,0.1693,0.1033,0.04992,
pal10,photochem,381.5,0.9589,0.9543,0.9405,0.9177,0.8862,0.8463,0.7984,0.7431,0.6811,0.6132,0.5404,0.4641,0.3856,0.3068,0.2303,0.1592,0.09713,0.04693,
pal10,photochem,382.5,0.6387,0.6357,0.6265,0.6114,0.5904,0.5638,0.5319,0.4951,0.4539,0.4087,0.3602,0.3094,0.2571,0.2046,0.1536,0.1062,0.06476,0.03128,
pal10,photochem,383.5,0.5607,0.558,0.55,0.5367,0.5183,0.495,0.4671,0.4348,0.3986,0.3589,0.3164,0.2718,0.2259,0.1798,0.135,0.09331,0.0569,0.02748,
pal10,photochem,384.5,0.8412,0.8371,0.8251,0.8052,0.7777,0.7427,0.7008,0.6525,0.5982,0.5388,0.4751,0.4081,0.3392,0.2701,0.2028,0.1402,0.08544,0.04125,
pal10,photochem,385.5,0.832,0.828,0.8161,0.7965,0.7692,0.7347,0.6933,0.6455,0.5919,0.5332,0.4702,0.404,0.3359,0.2674,0.2008,0.1388,0.08458,0.04082,
pal10,photochem,386.5,0.8478,0.8438,0.8317,0.8117,0.7839,0.7488,0.7067,0.658,0.6034,0.5436,0.4794,0.412,0.3426,0.2728,0.2049,0.1416,0.08627,0.04163,
pal10,photochem,387.5,0.7877,0.7839,0.7727,0.7541,0.7284,0.6958,0.6567,0.6115,0.5608,0.5053,0.4457,0.3831,0.3186,0.2538,0.1906,0.1317,0.08022,0.0387,
pal10,photochem,388.5,0.7893,0.7855,0.7743,0.7557,0.73,0.6973,0.6582,0.613,0.5622,0.5066,0.4469,0.3842,0.3196,0.2546,0.1912,0.1321,0.08046,0.0388,
pal10,photochem,389.5,0.9951,0.9904,0.9762,0.9528,0.9204,0.8793,0.83,0.773,0.7091,0.639,0.5638,0.4847,0.4033,0.3213,0.2414,0.1668,0.1015,0.04895,
pal10,photochem,390.5,0.9771,0.9725,0.9586,0.9357,0.9038,0.8635,0.8152,0.7593,0.6965,0.6278,0.554,0.4764,0.3964,0.3159,0.2373,0.164,0.09979,0.0481,
pal10,photochem,391.5,1.159,1.153,1.137,1.11,1.072,1.024,0.967,0.9008,0.8264,0.7449,0.6575,0.5654,0.4705,0.375,0.2818,0.1947,0.1185,0.05708,
pal10,photochem,392.5,0.8688,0.8647,0.8524,0.832,0.8038,0.768,0.7251,0.6755,0.6198,0.5587,0.4932,0.4242,0.3531,0.2815,0.2115,0.1462,0.08889,0.04282,
pal10,photochem,393.5,0.3776,0.3758,0.3705,0.3616,0.3494,0.3339,0.3152,0.2937,0.2695,0.243,0.2145,0.1845,0.1536,0.1225,0.09205,0.0636,0.03867,0.01862,
pal10,photochem,394.5,0.8883,0.8841,0.8716,0.8508,0.822,0.7855,0.7417,0.691,0.6342,0.5719,0.5049,0.4344,0.3617,0.2884,0.2168,0.1498,0.09105,0.04383,
pal10,photochem,395.5,1.143,1.137,1.121,1.094,1.057,1.011,0.9542,0.8892,0.8161,0.736,0.6499,0.5592,0.4657,0.3714,0.2792,0.1929,0.1172,0.05641,
pal10,photochem,396.5,0.6708,0.6676,0.6582,0.6425,0.6208,0.5933,0.5603,0.5221,0.4793,0.4323,0.3817,0.3285,0.2736,0.2183,0.1641,0.1134,0.06888,0.03314,
pal10,photochem,397.5,0.7739,0.7702,0.7593,0.7413,0.7163,0.6846,0.6465,0.6025,0.5531,0.4989,0.4407,0.3793,0.316,0.2521,0.1896,0.131,0.07954,0.03825,
pal10,photochem,398.5,1.329,1.323,1.304,1.274,1.231,1.176,1.111,1.035,0.9505,0.8575,0.7575,0.6521,0.5433,0.4335,0.326,0.2253,0.1368,0.06575,
pal10,photochem,399.5,1.382,1.376,1.357,1.324,1.28,1.223,1.155,1.077,0.9888,0.8921,0.7882,0.6787,0.5655,0.4513,0.3395,0.2345,0.1424,0.06842,
pal10,photochem,400.5,1.453,1.446,1.426,1.392,1.345,1.286,1.215,1.132,1.04,0.9381,0.829,0.7138,0.5949,0.4749,0.3572,0.2468,0.1498,0.07195,
pal10,photochem,401.5,1.495,1.488,1.467,1.432,1.384,1.323,1.25,1.165,1.07,0.9654,0.8532,0.7348,0.6125,0.489,0.3679,0.2541,0.1542,0.07405,
pal10,photochem,402.5,1.551,1.544,1.522,1.486,1.437,1.373,1.297,1.209,1.111,1.003,0.8861,0.7632,0.6363,0.508,0.3823,0.2641,0.1602,0.07689,
pal10,photochem,403.5,1.42,1.413,1.393,1.36,1.315,1.257,1.187,1.107,1.017,0.9178,0.8113,0.699,0.5828,0.4654,0.3502,0.242,0.1467,0.07041,
pal10,photochem,404.5,1.392,1.386,1.366,1.334,1.289,1.233,1.165,1.086,0.9975,0.9004,0.796,0.6859,0.572,0.4569,0.3438,0.2375,0.144,0.06908,
pal10,photochem,405.5,1.446,1.439,1.419,1.385,1.339,1.28,1.21,1.128,1.036,0.9356,0.8272,0.7129,0.5946,0.475,0.3575,0.247,0.1497,0.07179,
pal10,photochem,406.5,1.362,1.355,1.336,1.305,1.261,1.206,1.139,1.063,0.9762,0.8814,0.7794,0.6718,0.5604,0.4477,0.3371,0.2329,0.1411,0.06763,
pal10,photochem,407.5,1.372,1.366,1.347,1.315,1.271,1.216,1.149,1.071,0.9844,0.8889,0.7861,0.6776,0.5654,0.4518,0.3402,0.235,0.1423,0.0682,
pal10,photochem,408.5,1.528,1.521,1.5,1.465,1.416,1.354,1.279,1.193,1.096,0.9902,0.8758,0.7551,0.6301,0.5036,0.3792,0.262,0.1586,0.07597,
pal10,photochem,409.5,1.498,1.491,1.47,1.435,1.388,1.327,1.254,1.17,1.075,0.9709,0.8589,0.7406,0.6181,0.494,0.3721,0.2571,0.1556,0.0745,
pal10,photochem,410.5,1.299,1.293,1.275,1.245,1.203,1.151,1.088,1.014,0.9324,0.8422,0.7451,0.6425,0.5363,0.4288,0.323,0.2231,0.1351,0.06462,
pal10,photochem,411.5,1.561,1.553,1.532,1.496,1.446,1.383,1.307,1.219,1.121,1.013,0.8959,0.7727,0.6451,0.5158,0.3886,0.2685,0.1625,0.07771,
pal10,photochem,412.5,1.546,1.539,1.518,1.482,1.433,1.371,1.296,1.209,1.111,1.004,0.8883,0.7662,0.6398,0.5117,0.3855,0.2664,0.1611,0.07705,
pal10,photochem,413.5,1.5,1.493,1.472,1.437,1.39,1.329,1.256,1.172,1.078,0.9738,0.8618,0.7435,0.6209,0.4967,0.3743,0.2586,0.1564,0.07476,
pal10,photochem,414.5,1.541,1.534,1.513,1.477,1.428,1.366,1.291,1.205,1.108,1.001,0.8861,0.7646,0.6386,0.5109,0.385,0.2661,0.1609,0.07686,
pal10,photochem,415.5,1.474,1.467,1.446,1.413,1.366,1.307,1.235,1.153,1.06,0.9577,0.8478,0.7316,0.6112,0.489,0.3686,0.2547,0.154,0.07353,
pal10,photochem,416.5,1.604,1.596,1.574,1.537,1.486,1.422,1.344,1.255,1.154,1.043,0.923,0.7966,0.6656,0.5327,0.4015,0.2775,0.1677,0.08004,
pal10,photochem,417.5,1.466,1.459,1.439,1.405,1.359,1.3,1.229,1.147,1.055,0.9533,0.8441,0.7286,0.6089,0.4873,0.3674,0.2539,0.1534,0.07318,
pal10,photochem,418.5,1.477,1.47,1.45,1.416,1.369,1.31,1.239,1.156,1.063,0.961,0.851,0.7347,0.614,0.4915,0.3707,0.2561,0.1547,0.07378,
pal10,photochem,419.5,1.525,1.518,1.497,1.463,1.414,1.353,1.279,1.194,1.098,0.993,0.8794,0.7593,0.6347,0.5082,0.3832,0.2649,0.16,0.07625,
pal10,vulcan,280.5,7.2e-11,6.628e-11,5.155e-11,3.356e-11,1.8e-11,7.752e-12,2.586e-12,6.344e-13,1.063e-13,1.094e-14,5.934e-16,1.437e-17,5.108e-19,2.423e-19,1.695e-19,1.24e-19,8.868e-20,5.681e-20,
pal10,vulcan,281.5,1.097e-09,1.017e-09,8.083e-10,5.461e-10,3.089e-10,1.431e-10,5.247e-11,1.454e-11,2.846e-12,3.573e-13,2.506e-14,8.456e-16,3.404e-17,1.483e-17,1.031e-17,7.537e-18,5.387e-18,3.446e-18,
pal10,vulcan,282.5,7.774e-09,7.251e-09,5.87e-09,4.093e-09,2.424e-09,1.195e-09,4.754e-10,1.463e-10,3.272e-11,4.873e-12,4.263e-13,1.911e-14,8.765e-16,3.483e-16,2.406e-16,1.755e-16,1.254e-16,8.011e-17,
pal10,vulcan,283.5,2.5e-08,2.341e-08,1.918e-08,1.365e-08,8.332e-09,4.276e-09,1.793e-09,5.903e-10,1.44e-10,2.395e-11,2.417e-12,1.301e-13,6.565e-15,2.43e-15,1.668e-15,1.215e-15,8.677e-16,5.54e-16,
pal10,vulcan,284.5,1.311e-07,1.236e-07,1.011e-07,7.655e-08,4.936e-08,2.73e-08,1.262e-08,4.71e-09,1.348e-09,2.752e-10,3.62e-11,2.738e-12,1.716e-13,5.491e-14,3.705e-14,2.69e-14,1.919e-14,1.224e-14,
pal10,vulcan,285.5,2.76e-07,2.618e-07,2.229e-07,1.694e-07,1.138e-07,6.645e-08,3.301e-08,1.351e-08,4.348e-09,1.032e-09,1.648e-10,1.599e-11,1.205e-12,3.422e-13,2.26e-13,1.635e-13,1.165e-13,7.427e-14,
pal10,vulcan,286.5,2.201e-06,2.096e-06,1.807e-06,1.403e-06,9.722e-07,5.924e-07,3.109e-07,1.365e-07,4.811e-08,1.282e-08,2.377e-09,2.79e-10,2.455e-11,6.347e-12,4.088e-12,2.946e-12,2.097e-12,1.336e-12,
pal10,vulcan,287.5,8.219e-06,7.863e-06,6.875e-06,5.467e-06,3.921e-06,2.504e-06,1.398e-06,6.644e-07,2.589e-07,7.848e-08,1.718e-08,2.495e-09,2.654e-10,6.229e-11,3.844e-11,2.754e-11,1.957e-11,1.245e-11,
pal10,vulcan,288.5,2.573e-05,2.474e-05,2.196e-05,1.792e-05,1.335e-05,8.971e-06,5.353e-06,2.771e-06,1.204e-06,4.199e-07,1.101e-07,2.012e-08,2.673e-09,5.788e-10,3.32e-10,2.355e-10,1.668e-10,1.061e-10,
pal10,vulcan,289.5,0.0001004,9.684e-05,8.69e-05,7.224e-05,5.527e-05,3.852e-05,2.41e-05,1.326e-05,6.233e-06,2.4e-06,7.154e-07,1.54e-07,2.419e-08,5.067e-09,2.69e-09,1.887e-09,1.333e-09,8.467e-10,
pal10,vulcan,290.5,0.0003011,0.0002914,0.0002639,0.0002228,0.0001743,0.0001253,8.161e-05,4.727e-05,2.372e-05,9.933e-06,3.296e-06,8.137e-07,1.48e-07,3.088e-08,1.507e-08,1.042e-08,7.333e-09,4.653e-09,
pal10,vulcan,291.5,0.0006857,0.0006659,0.0006092,0.0005236,0.0004204,0.0003128,0.0002132,0.000131,7.079e-05,3.2e-05,1.223e-05,3.528e-06,7.632e-07,1.643e-07,7.145e-08,4.807e-08,3.363e-08,2.13e-08,
pal10,vulcan,292.5,0.001252,0.00122,0.001125,0.0009812,0.0008046,0.000616,0.0004358,0.0002807,0.0001613,8.029e-05,3.327e-05,1.09e-05,2.725e-06,6.209e-07,2.43e-07,1.575e-07,1.094e-07,6.912e-08,
pal10,vulcan,293.5,0.00279,0.002725,0.002534,0.00224,0.001874,0.001474,0.00108,0.0007276,0.0004427,0.0002372,0.0001079,3.985e-05,1.147e-05,2.833e-06,1.007e-06,6.166e-07,4.238e-07,2.669e-07,
pal10,vulcan,294.5,0.004296,0.004203,0.003934,0.003514,0.002985,0.002397,0.001805,0.001259,0.0008013,0.0004543,0.0002223,9.001e-05,2.893e-05,7.742e-06,2.584e-06,1.483e-06,1.007e-06,6.318e-07,
pal10,vulcan,295.5,0.00869,0.008521,0.008028,0.007254,0.006265,0.005145,0.003989,0.00289,0.001929,0.001162,0.0006148,0.000275,9.975e-05,2.962e-05,9.478e-06,4.95e-06,3.285e-06,2.049e-06,
pal10,vulcan,296.5,0.0126,0.01238,0.01172,0.01069,0.009361,0.007832,0.00622,0.004648,0.003226,0.002044,0.001153,0.0005593,0.0002243,7.341e-05,2.336e-05,1.107e-05,7.125e-06,4.411e-06,
pal10,vulcan,297.5,0.02054,0.02021,0.01924,0.01769,0.01568,0.01333,0.01082,0.008304,0.005967,0.00395,0.002356,0.001228,0.0005388,0.0001936,6.301e-05,2.72e-05,1.674e-05,1.026e-05,
pal10,vulcan,298.5,0.02131,0.021,0.02007,0.01859,0.01663,0.01434,0.01184,0.009301,0.006879,0.004724,0.002953,0.001635,0.0007731,0.0003021,0.0001023,4.101e-05,2.385e-05,1.444e-05,
pal10,vulcan,299.5,0.04184,0.04128,0.0396,0.03692,0.03336,0.02913,0.02447,0.01964,0.01493,0.01062,0.006943,0.00407,0.002069,0.0008798,0.0003157,0.0001195,6.439e-05,3.825e-05,
pal10,vulcan,300.5,0.03539,0.03494,0.03362,0.0315,0.02867,0.02528,0.02151,0.01755,0.01362,0.009943,0.006721,0.004112,0.002208,0.001002,0.00038,0.0001402,7.015e-05,4.078e-05,
pal10,vulcan,301.5,0.06307,0.06234,0.06019,0.05669,0.05201,0.04636,0.03999,0.03322,0.02637,0.01982,0.0139,0.008914,0.005085,0.002486,0.001013,0.0003726,0.0001697,9.497e-05,
pal10,vulcan,302.5,0.0731,0.07231,0.06995,0.06612,0.06098,0.05473,0.04765,0.04004,0.03226,0.0247,0.01774,0.01173,0.00696,0.003575,0.001535,0.0005721,0.0002441,0.0001316,
pal10,vulcan,303.5,0.1147,0.1135,0.1101,0.1045,0.09699,0.08778,0.07724,0.06581,0.05396,0.04225,0.03121,0.02141,0.01331,0.007259,0.003336,0.00129,0.000513,0.0002596,
pal10,vulcan,304.5,0.1193,0.1182,0.1148,0.1092,0.1017,0.09247,0.08188,0.07031,0.05823,0.04617,0.03466,0.02427,0.0155,0.008747,0.004186,0.001666,0.0006407,0.000309,
pal10,vulcan,305.5,0.147,0.1456,0.1417,0.1354,0.1267,0.1161,0.1037,0.09013,0.07579,0.06124,0.04711,0.03404,0.02265,0.01348,0.006889,0.002908,0.001087,0.0004783,
pal10,vulcan,306.5,0.1487,0.1474,0.1436,0.1374,0.1289,0.1184,0.1062,0.09279,0.07853,0.06398,0.04973,0.03641,0.02465,0.015,0.007887,0.003424,0.001275,0.0005349,
pal10,vulcan,307.5,0.2028,0.2012,0.1964,0.1884,0.1775,0.1641,0.1484,0.1309,0.1122,0.09285,0.07365,0.05536,0.03877,0.02469,0.01377,0.006383,0.002417,0.0009211,
pal10,vulcan,308.5,0.2218,0.2201,0.2149,0.2064,0.1949,0.1805,0.1637,0.145,0.1248,0.1039,0.08309,0.06306,0.04473,0.02896,0.01651,0.007852,0.003009,0.001104,
pal10,vulcan,309.5,0.1884,0.187,0.1828,0.176,0.1666,0.1549,0.1412,0.1259,0.1093,0.09199,0.07453,0.05755,0.04176,0.02787,0.01653,0.00827,0.003287,0.001138,
pal10,vulcan,310.5,0.2496,0.2478,0.2425,0.2337,0.2217,0.2068,0.1892,0.1694,0.148,0.1255,0.1026,0.08024,0.05916,0.04033,0.02462,0.01278,0.005256,0.001763,
pal10,vulcan,311.5,0.3155,0.3133,0.3067,0.2938,0.2812,0.2627,0.2409,0.2164,0.1898,0.1617,0.1331,0.1049,0.07819,0.05406,0.03364,0.01791,0.007556,0.002495,
pal10,vulcan,312.5,0.2983,0.2963,0.2904,0.2807,0.2673,0.2506,0.2308,0.2085,0.1841,0.1583,0.1318,0.1054,0.08004,0.05677,0.03658,0.02045,0.009124,0.003001,
pal10,vulcan,313.5,0.3353,0.3331,0.3265,0.3157,0.3008,0.2822,0.2603,0.2354,0.2082,0.1794,0.1497,0.1201,0.09164,0.06536,0.04244,0.02396,0.01083,0.003561,
pal10,vulcan,314.5,0.3264,0.3243,0.3182,0.3081,0.2943,0.2769,0.2563,0.2329,0.2072,0.1799,0.1516,0.1232,0.09555,0.06967,0.04665,0.02751,0.01317,0.004463,
pal10,vulcan,315.5,0.3349,0.3328,0.3266,0.3163,0.3022,0.2845,0.2635,0.2396,0.2135,0.1855,0.1566,0.1275,0.09912,0.0725,0.04875,0.02892,0.01395,0.004744,
pal10,vulcan,316.5,0.3267,0.3247,0.3189,0.3092,0.2959,0.2791,0.2593,0.2367,0.2118,0.1852,0.1575,0.1295,0.1019,0.07586,0.05223,0.03207,0.01626,0.005793,
pal10,vulcan,317.5,0.4611,0.4584,0.4501,0.4365,0.4176,0.394,0.3661,0.3342,0.2991,0.2616,0.2225,0.1829,0.1439,0.1071,0.0737,0.0452,0.02288,0.008121,
pal10,vulcan,318.5,0.3558,0.3538,0.3476,0.3374,0.3234,0.3057,0.2848,0.2609,0.2345,0.2062,0.1766,0.1464,0.1166,0.08814,0.06201,0.03928,0.02088,0.007867,
pal10,vulcan,319.5,0.432,0.4295,0.422,0.4098,0.3929,0.3716,0.3463,0.3174,0.2856,0.2513,0.2155,0.179,0.1429,0.1083,0.07646,0.04869,0.02609,0.00993,
pal10,vulcan,320.5,0.523,0.52,0.511,0.4963,0.476,0.4505,0.42,0.3854,0.3471,0.3059,0.2628,0.2187,0.1751,0.1331,0.09446,0.06057,0.03281,0.01268,
pal10,vulcan,321.5,0.436,0.4336,0.4263,0.4145,0.398,0.3774,0.3528,0.3247,0.2935,0.2599,0.2247,0.1885,0.1525,0.1176,0.08514,0.05624,0.03194,0.01329,
pal10,vulcan,322.5,0.4444,0.4419,0.4344,0.422,0.4049,0.3834,0.3578,0.3285,0.2962,0.2614,0.2249,0.1876,0.1505,0.1148,0.08176,0.05273,0.02881,0.01127,
pal10,vulcan,323.5,0.4479,0.4455,0.4382,0.4262,0.4096,0.3887,0.3638,0.3353,0.3037,0.2696,0.2337,0.1969,0.16,0.1242,0.09069,0.06068,0.03518,0.01516,
pal10,vulcan,324.5,0.5255,0.5226,0.5141,0.4999,0.4805,0.4559,0.4267,0.3933,0.3562,0.3162,0.274,0.2307,0.1874,0.1453,0.106,0.07076,0.04089,0.01751,
pal10,vulcan,325.5,0.5904,0.5871,0.5775,0.5616,0.5397,0.512,0.478,0.4414,0.3996,0.3545,0.307,0.2582,0.2093,0.162,0.1177,0.07821,0.04481,0.01891,
pal10,vulcan,326.5,0.7032,0.6994,0.6883,0.6698,0.6444,0.6123,0.574,0.5302,0.4815,0.4289,0.3733,0.316,0.2585,0.2024,0.1496,0.1018,0.06078,0.0276,
pal10,vulcan,327.5,0.6575,0.6539,0.6423,0.6261,0.6021,0.5719,0.5359,0.4946,0.4488,0.3993,0.347,0.2932,0.2391,0.1865,0.137,0.0925,0.05441,0.02406,
pal10,vulcan,328.5,0.607,0.6037,0.5941,0.5781,0.556,0.5282,0.495,0.4569,0.4147,0.369,0.3208,0.2711,0.2212,0.1726,0.1268,0.08564,0.05041,0.02232,
pal10,vulcan,329.5,0.7767,0.7727,0.7605,0.7405,0.7128,0.6779,0.6362,0.5884,0.5352,0.4777,0.4168,0.354,0.2907,0.2287,0.1702,0.117,0.071,0.03328,
pal10,vulcan,330.5,0.7093,0.7056,0.6944,0.676,0.6505,0.6184,0.5801,0.5362,0.4874,0.4345,0.3786,0.3209,0.2629,0.2061,0.1525,0.104,0.06227,0.02845,
pal10,vulcan,331.5,0.7015,0.6978,0.6868,0.6685,0.6434,0.6116,0.5737,0.5303,0.4819,0.4296,0.3743,0.3172,0.2597,0.2035,0.1504,0.1024,0.06115,0.02779,
pal10,vulcan,332.5,0.6841,0.6806,0.67,0.6525,0.6283,0.5978,0.5614,0.5196,0.473,0.4226,0.3692,0.314,0.2583,0.2036,0.1519,0.1048,0.06395,0.03034,
pal10,vulcan,333.5,0.6451,0.6417,0.6317,0.6151,0.5922,0.5633,0.5288,0.4892,0.4451,0.3974,0.3469,0.2946,0.2419,0.1902,0.1413,0.0969,0.05854,0.02724,
pal10,vulcan,334.5,0.7191,0.7153,0.7042,0.6858,0.6604,0.6283,0.59,0.5461,0.4971,0.4441,0.3879,0.3297,0.271,0.2135,0.1589,0.1093,0.06634,0.03117,
pal10,vulcan,335.5,0.7251,0.7214,0.7103,0.6919,0.6665,0.6344,0.596,0.552,0.503,0.4498,0.3934,0.335,0.276,0.218,0.1629,0.1128,0.06918,0.03319,
pal10,vulcan,336.5,0.5674,0.5645,0.5558,0.5414,0.5215,0.4964,0.4664,0.4319,0.3935,0.3518,0.3077,0.2619,0.2157,0.1702,0.1271,0.08776,0.05366,0.02558,
pal10,vulcan,337.5,0.6246,0.6214,0.6117,0.5958,0.5738,0.5461,0.5129,0.4749,0.4325,0.3865,0.3377,0.2872,0.2362,0.1861,0.1385,0.09517,0.05773,0.0271,
pal10,vulcan,338.5,0.6559,0.6525,0.6425,0.6259,0.6031,0.5742,0.5396,0.4999,0.4557,0.4078,0.3568,0.304,0.2506,0.198,0.148,0.1024,0.06284,0.03017,
pal10,vulcan,339.5,0.7123,0.7087,0.6978,0.6799,0.6551,0.6238,0.5863,0.5434,0.4954,0.4434,0.3882,0.3309,0.2728,0.2157,0.1613,0.1117,0.06864,0.03306,
pal10,vulcan,340.5,0.7625,0.7586,0.747,0.7277,0.7012,0.6676,0.6275,0.5814,0.53,0.4743,0.415,0.3536,0.2914,0.2301,0.1718,0.1187,0.07258,0.03466,
pal10,vulcan,341.5,0.6753,0.6718,0.6616,0.6446,0.6212,0.5916,0.5563,0.5157,0.4704,0.4211,0.3688,0.3146,0.2596,0.2053,0.1537,0.1065,0.06549,0.03164,
pal10,vulcan,342.5,0.7475,0.7437,0.7324,0.7136,0.6878,0.6551,0.616,0.5711,0.5211,0.4666,0.4088,0.3488,0.2879,0.2278,0.1706,0.1183,0.0728,0.03524,
pal10,vulcan,343.5,0.7767,0.7728,0.7611,0.7416,0.7147,0.6808,0.6402,0.5935,0.5415,0.4849,0.4248,0.3624,0.299,0.2366,0.177,0.1225,0.07525,0.03628,
pal10,vulcan,344.5,0.5447,0.5419,0.5337,0.52,0.5012,0.4774,0.4489,0.4162,0.3797,0.34,0.2978,0.254,0.2095,0.1657,0.1238,0.08562,0.05244,0.02516,
pal10,vulcan,345.5,0.7442,0.7405,0.7293,0.7107,0.6851,0.6527,0.614,0.5695,0.5198,0.4657,0.4083,0.3486,0.2879,0.228,0.1708,0.1185,0.07298,0.03542,
pal10,vulcan,346.5,0.6968,0.6933,0.6828,0.6654,0.6414,0.6111,0.5748,0.5331,0.4865,0.4359,0.382,0.326,0.2692,0.213,0.1593,0.1103,0.06767,0.03261,
pal10,vulcan,347.5,0.6805,0.677,0.6668,0.6499,0.6265,0.5969,0.5615,0.5208,0.4754,0.426,0.3734,0.3187,0.2632,0.2083,0.1559,0.1079,0.06622,0.03194,
pal10,vulcan,348.5,0.7472,0.7434,0.7322,0.7136,0.688,0.6556,0.6168,0.5722,0.5224,0.4682,0.4106,0.3506,0.2896,0.2293,0.1717,0.1189,0.07305,0.03532,
pal10,vulcan,349.5,0.6259,0.6228,0.6134,0.5979,0.5765,0.5493,0.5169,0.4796,0.4379,0.3925,0.3442,0.294,0.2429,0.1923,0.144,0.0997,0.06123,0.02959,
pal10,vulcan,350.5,0.8759,0.8716,0.8584,0.8368,0.8068,0.7689,0.7235,0.6714,0.6131,0.5497,0.4822,0.4118,0.3403,0.2696,0.2018,0.1398,0.08583,0.04151,
pal10,vulcan,351.5,0.7548,0.751,0.7397,0.7211,0.6953,0.6627,0.6236,0.5787,0.5285,0.4739,0.4157,0.3551,0.2935,0.2325,0.174,0.1205,0.07393,0.03571,
pal10,vulcan,352.5,0.6803,0.6769,0.6668,0.65,0.6268,0.5974,0.5623,0.5218,0.4767,0.4275,0.3751,0.3205,0.2649,0.2099,0.1571,0.1088,0.06678,0.03228,
pal10,vulcan,353.5,0.8184,0.8143,0.8021,0.782,0.7541,0.7188,0.6766,0.6281,0.5738,0.5147,0.4517,0.386,0.3192,0.253,0.1894,0.1312,0.08056,0.03899,
pal10,vulcan,354.5,0.8852,0.8808,0.8676,0.8459,0.8158,0.7777,0.7321,0.6796,0.621,0.5571,0.489,0.4181,0.3458,0.2741,0.2053,0.1422,0.08735,0.04232,
pal10,vulcan,355.5,0.8269,0.8228,0.8105,0.7902,0.7621,0.7266,0.6841,0.6351,0.5804,0.5208,0.4572,0.3909,0.3234,0.2564,0.1921,0.133,0.08168,0.03958,
pal10,vulcan,356.5,0.7671,0.7633,0.7519,0.7331,0.7071,0.6742,0.6348,0.5894,0.5387,0.4834,0.4245,0.363,0.3003,0.2381,0.1784,0.1235,0.07583,0.03674,
pal10,vulcan,357.5,0.6521,0.6488,0.6392,0.6232,0.6011,0.5732,0.5397,0.5012,0.4581,0.4111,0.3611,0.3088,0.2555,0.2026,0.1518,0.1051,0.0645,0.03124,
pal10,vulcan,358.5,0.5029,0.5004,0.493,0.4807,0.4637,0.4422,0.4164,0.3867,0.3535,0.3173,0.2787,0.2384,0.1973,0.1565,0.1173,0.08119,0.04983,0.02414,
pal10,vulcan,359.5,0.846,0.8419,0.8294,0.8087,0.7801,0.744,0.7007,0.6508,0.595,0.5342,0.4693,0.4015,0.3323,0.2636,0.1975,0.1367,0.0839,0.04065,
pal10,vulcan,360.5,0.7839,0.78,0.7685,0.7493,0.7229,0.6894,0.6494,0.6032,0.5516,0.4952,0.4351,0.3724,0.3083,0.2446,0.1833,0.1269,0.07782,0.0377,
pal10,vulcan,361.5,0.7064,0.7029,0.6925,0.6753,0.6515,0.6214,0.5853,0.5438,0.4973,0.4466,0.3924,0.3359,0.2781,0.2207,0.1654,0.1145,0.07022,0.03403,
pal10,vulcan,362.5,0.8291,0.8251,0.8129,0.7927,0.7648,0.7295,0.6872,0.6385,0.584,0.5245,0.461,0.3946,0.3269,0.2594,0.1944,0.1346,0.08253,0.04,
pal10,vulcan,363.5,0.7373,0.7337,0.7229,0.705,0.6802,0.6488,0.6113,0.568,0.5196,0.4667,0.4103,0.3513,0.291,0.2309,0.1731,0.1198,0.07346,0.0356,
pal10,vulcan,364.5,0.804,0.8,0.7883,0.7688,0.7418,0.7076,0.6667,0.6196,0.5668,0.5092,0.4477,0.3834,0.3176,0.2521,0.189,0.1308,0.08017,0.03884,
pal10,vulcan,365.5,0.9793,0.9745,0.9602,0.9365,0.9037,0.8621,0.8123,0.755,0.6907,0.6206,0.5457,0.4674,0.3873,0.3075,0.2305,0.1595,0.09772,0.04733,
pal10,vulcan,366.5,1.036,1.031,1.016,0.9908,0.9561,0.9122,0.8596,0.7989,0.7311,0.657,0.5778,0.4949,0.4102,0.3257,0.2442,0.1689,0.1035,0.05013,
pal10,vulcan,367.5,0.9833,0.9785,0.9641,0.9404,0.9075,0.8659,0.816,0.7585,0.6942,0.6239,0.5488,0.4702,0.3897,0.3095,0.2321,0.1605,0.09834,0.04764,
pal10,vulcan,368.5,0.8635,0.8592,0.8467,0.8258,0.797,0.7605,0.7168,0.6663,0.6099,0.5482,0.4823,0.4132,0.3426,0.2721,0.204,0.1412,0.08643,0.04186,
pal10,vulcan,369.5,1.035,1.03,1.015,0.9903,0.9557,0.912,0.8596,0.7992,0.7316,0.6577,0.5787,0.4959,0.4112,0.3267,0.245,0.1695,0.1037,0.05023,
pal10,vulcan,370.5,0.939,0.9344,0.9208,0.8982,0.8669,0.8273,0.7798,0.7251,0.6638,0.5968,0.5252,0.4502,0.3733,0.2966,0.2224,0.1539,0.09416,0.04559,
pal10,vulcan,371.5,1.074,1.069,1.053,1.027,0.9916,0.9464,0.8922,0.8296,0.7596,0.683,0.6011,0.5154,0.4275,0.3397,0.2548,0.1762,0.1078,0.05219,
pal10,vulcan,372.5,0.793,0.7892,0.7777,0.7586,0.7323,0.6989,0.6589,0.6128,0.5611,0.5046,0.4442,0.3809,0.316,0.2511,0.1883,0.1303,0.07968,0.03857,
pal10,vulcan,373.5,0.7166,0.7131,0.7027,0.6855,0.6617,0.6316,0.5955,0.5539,0.5072,0.4562,0.4016,0.3444,0.2858,0.2272,0.1704,0.1178,0.07206,0.03487,
pal10,vulcan,374.5,0.7862,0.7824,0.771,0.7522,0.7261,0.6931,0.6535,0.6079,0.5568,0.5008,0.441,0.3782,0.3139,0.2495,0.1872,0.1294,0.07912,0.03828,
pal10,vulcan,375.5,0.8867,0.8824,0.8696,0.8484,0.819,0.7819,0.7373,0.6858,0.6282,0.5652,0.4977,0.427,0.3544,0.2818,0.2114,0.1462,0.08933,0.04321,
pal10,vulcan,376.5,0.8851,0.8809,0.8681,0.8469,0.8177,0.7806,0.7361,0.6849,0.6274,0.5645,0.4972,0.4266,0.3541,0.2816,0.2113,0.1461,0.08925,0.04317,
pal10,vulcan,377.5,1.054,1.049,1.033,1.008,0.9734,0.9294,0.8765,0.8155,0.7471,0.6723,0.5923,0.5082,0.422,0.3356,0.2518,0.1741,0.1063,0.05143,
pal10,vulcan,378.5,1.148,1.142,1.126,1.099,1.061,1.013,0.9552,0.8888,0.8144,0.733,0.6457,0.5542,0.4602,0.3661,0.2747,0.1899,0.116,0.05607,
pal10,vulcan,379.5,0.849,0.845,0.8328,0.8126,0.7846,0.7491,0.7066,0.6576,0.6026,0.5424,0.4779,0.4102,0.3407,0.2711,0.2034,0.1406,0.08585,0.04149,
pal10,vulcan,380.5,1.021,1.016,1.001,0.9769,0.9433,0.9008,0.8497,0.7908,0.7247,0.6524,0.575,0.4936,0.41,0.3263,0.2449,0.1693,0.1033,0.04992,
pal10,vulcan,381.5,0.9589,0.9543,0.9405,0.9178,0.8862,0.8463,0.7984,0.7431,0.6811,0.6132,0.5405,0.4641,0.3856,0.3068,0.2303,0.1592,0.09713,0.04693,
pal10,vulcan,382.5,0.6387,0.6357,0.6265,0.6114,0.5904,0.5638,0.5319,0.4951,0.4539,0.4087,0.3603,0.3094,0.2571,0.2046,0.1536,0.1062,0.06476,0.03128,
pal10,vulcan,383.5,0.5607,0.558,0.55,0.5367,0.5183,0.495,0.4671,0.4348,0.3986,0.359,0.3165,0.2718,0.2259,0.1798,0.135,0.09332,0.0569,0.02748,
pal10,vulcan,384.5,0.8412,0.8372,0.8251,0.8052,0.7777,0.7428,0.7009,0.6525,0.5982,0.5388,0.4751,0.4081,0.3392,0.2701,0.2028,0.1402,0.08544,0.04125,
pal10,vulcan,385.5,0.832,0.828,0.8161,0.7965,0.7692,0.7347,0.6933,0.6455,0.5919,0.5332,0.4702,0.404,0.3359,0.2674,0.2008,0.1388,0.08458,0.04083,
pal10,vulcan,386.5,0.8478,0.8438,0.8317,0.8117,0.784,0.7488,0.7067,0.658,0.6034,0.5436,0.4795,0.412,0.3426,0.2728,0.2049,0.1416,0.08627,0.04163,
pal10,vulcan,387.5,0.7877,0.7839,0.7727,0.7542,0.7284,0.6958,0.6567,0.6115,0.5609,0.5053,0.4457,0.3831,0.3186,0.2538,0.1906,0.1317,0.08023,0.0387,
pal10,vulcan,388.5,0.7893,0.7856,0.7743,0.7557,0.73,0.6974,0.6582,0.613,0.5622,0.5066,0.4469,0.3842,0.3196,0.2546,0.1912,0.1322,0.08046,0.0388,
pal10,vulcan,389.5,0.9951,0.9904,0.9762,0.9528,0.9204,0.8793,0.83,0.773,0.7091,0.639,0.5638,0.4848,0.4033,0.3213,0.2414,0.1668,0.1015,0.04895,
pal10,vulcan,390.5,0.9771,0.9725,0.9586,0.9357,0.9039,0.8636,0.8152,0.7593,0.6966,0.6278,0.554,0.4764,0.3964,0.3159,0.2373,0.164,0.09979,0.0481,
pal10,vulcan,391.5,1.159,1.153,1.137,1.11,1.072,1.024,0.967,0.9008,0.8265,0.745,0.6575,0.5654,0.4706,0.3751,0.2818,0.1947,0.1185,0.05708,
pal10,vulcan,392.5,0.8688,0.8647,0.8524,0.832,0.8038,0.768,0.7251,0.6755,0.6198,0.5588,0.4932,0.4242,0.3531,0.2815,0.2115,0.1462,0.08889,0.04282,
pal10,vulcan,393.5,0.3776,0.3758,0.3705,0.3616,0.3494,0.3339,0.3152,0.2937,0.2695,0.243,0.2145,0.1845,0.1536,0.1225,0.09205,0.0636,0.03867,0.01862,
pal10,vulcan,394.5,0.8883,0.8841,0.8716,0.8508,0.822,0.7855,0.7417,0.6911,0.6342,0.5719,0.5049,0.4344,0.3617,0.2884,0.2168,0.1498,0.09106,0.04383,
pal10,vulcan,395.5,1.143,1.137,1.121,1.094,1.057,1.011,0.9543,0.8892,0.8161,0.736,0.6499,0.5592,0.4657,0.3714,0.2792,0.1929,0.1172,0.05642,
pal10,vulcan,396.5,0.6708,0.6677,0.6582,0.6425,0.6208,0.5933,0.5603,0.5221,0.4793,0.4323,0.3818,0.3286,0.2736,0.2183,0.1641,0.1134,0.06889,0.03314,
pal10,vulcan,397.5,0.7739,0.7702,0.7593,0.7413,0.7163,0.6846,0.6465,0.6025,0.5531,0.4989,0.4407,0.3793,0.316,0.2521,0.1896,0.131,0.07955,0.03826,
pal10,vulcan,398.5,1.329,1.323,1.305,1.274,1.231,1.176,1.111,1.035,0.9506,0.8575,0.7575,0.6522,0.5433,0.4336,0.3261,0.2253,0.1368,0.06576,
pal10,vulcan,399.5,1.383,1.376,1.357,1.324,1.28,1.223,1.155,1.077,0.9888,0.8922,0.7882,0.6787,0.5655,0.4513,0.3395,0.2345,0.1424,0.06842,
pal10,vulcan,400.5,1.453,1.446,1.426,1.392,1.345,1.286,1.215,1.132,1.04,0.9382,0.829,0.7139,0.595,0.4749,0.3572,0.2468,0.1498,0.07196,
pal10,vulcan,401.5,1.495,1.488,1.467,1.432,1.384,1.323,1.25,1.165,1.07,0.9655,0.8532,0.7349,0.6125,0.489,0.3679,0.2542,0.1542,0.07406,
pal10,vulcan,402.5,1.551,1.544,1.522,1.486,1.437,1.373,1.297,1.21,1.111,1.003,0.8861,0.7633,0.6363,0.5081,0.3823,0.2641,0.1602,0.07691,
pal10,vulcan,403.5,1.42,1.413,1.393,1.36,1.315,1.257,1.187,1.107,1.017,0.9179,0.8114,0.699,0.5828,0.4654,0.3503,0.242,0.1467,0.07042,
pal10,vulcan,404.5,1.392,1.386,1.366,1.334,1.289,1.233,1.165,1.086,0.9975,0.9005,0.7961,0.6859,0.572,0.4569,0.3439,0.2376,0.144,0.06909,
pal10,vulcan,405.5,1.446,1.439,1.419,1.385,1.339,1.28,1.21,1.128,1.036,0.9356,0.8273,0.7129,0.5946,0.475,0.3576,0.247,0.1497,0.0718,
pal10,vulcan,406.5,1.362,1.355,1.336,1.305,1.261,1.206,1.139,1.063,0.9763,0.8815,0.7795,0.6718,0.5604,0.4478,0.3371,0.2329,0.1411,0.06765,
pal10,vulcan,407.5,1.372,1.366,1.347,1.315,1.271,1.216,1.149,1.071,0.9844,0.8889,0.7861,0.6777,0.5654,0.4518,0.3402,0.235,0.1424,0.06822,
pal10,vulcan,408.5,1.528,1.521,1.5,1.465,1.416,1.354,1.279,1.193,1.097,0.9902,0.8759,0.7551,0.6301,0.5036,0.3792,0.262,0.1587,0.07599,
pal10,vulcan,409.5,1.498,1.491,1.47,1.436,1.388,1.327,1.254,1.17,1.075,0.971,0.8589,0.7406,0.6181,0.4941,0.3721,0.2571,0.1557,0.07452,
pal10,vulcan,410.5,1.299,1.293,1.275,1.245,1.203,1.151,1.088,1.015,0.9324,0.8422,0.7451,0.6426,0.5364,0.4288,0.323,0.2232,0.1351,0.06464,
pal10,vulcan,411.5,1.561,1.553,1.532,1.496,1.446,1.383,1.307,1.22,1.121,1.013,0.896,0.7728,0.6451,0.5159,0.3886,0.2685,0.1625,0.07773,
pal10,vulcan,412.5,1.547,1.539,1.518,1.482,1.433,1.371,1.296,1.209,1.111,1.004,0.8883,0.7663,0.6398,0.5117,0.3856,0.2664,0.1612,0.07707,
pal10,vulcan,413.5,1.5,1.493,1.472,1.438,1.39,1.329,1.257,1.172,1.078,0.9738,0.8619,0.7436,0.621,0.4967,0.3743,0.2586,0.1564,0.07478,
pal10,vulcan,414.5,1.541,1.534,1.513,1.477,1.428,1.366,1.291,1.205,1.108,1.001,0.8861,0.7646,0.6387,0.5109,0.3851,0.2661,0.1609,0.07688,
pal10,vulcan,415.5,1.474,1.467,1.447,1.413,1.366,1.307,1.235,1.153,1.06,0.9578,0.8479,0.7317,0.6112,0.4891,0.3687,0.2548,0.154,0.07355,
pal10,vulcan,416.5,1.604,1.596,1.574,1.537,1.487,1.422,1.344,1.255,1.154,1.043,0.9231,0.7967,0.6657,0.5327,0.4016,0.2775,0.1677,0.08006,
pal10,vulcan,417.5,1.466,1.459,1.439,1.405,1.359,1.3,1.229,1.147,1.055,0.9534,0.8442,0.7287,0.6089,0.4874,0.3675,0.254,0.1535,0.07321,
pal10,vulcan,418.5,1.477,1.47,1.45,1.416,1.369,1.31,1.239,1.156,1.063,0.9611,0.8511,0.7348,0.6141,0.4916,0.3707,0.2562,0.1548,0.07381,
pal10,vulcan,419.5,1.526,1.518,1.497,1.463,1.414,1.353,1.279,1.194,1.098,0.9931,0.8795,0.7594,0.6348,0.5082,0.3833,0.2649,0.16,0.07627,
pal10,vulcan,280.5,,,,,,,,,,,,,,,,,,,1.846e-15
pal10,vulcan,281.5,,,,,,,,,,,,,,,,,,,7.05e-14
pal10,vulcan,282.5,,,,,,,,,,,,,,,,,,,1.1e-12
pal10,vulcan,283.5,,,,,,,,,,,,,,,,,,,5.899e-12
pal10,vulcan,284.5,,,,,,,,,,,,,,,,,,,7.966e-11
pal10,vulcan,285.5,,,,,,,,,,,,,,,,,,,3.363e-10
pal10,vulcan,286.5,,,,,,,,,,,,,,,,,,,4.574e-09
pal10,vulcan,287.5,,,,,,,,,,,,,,,,,,,3.1e-08
pal10,vulcan,288.5,,,,,,,,,,,,,,,,,,,1.851e-07
pal10,vulcan,289.5,,,,,,,,,,,,,,,,,,,1.144e-06
pal10,vulcan,290.5,,,,,,,,,,,,,,,,,,,5.056e-06
pal10,vulcan,291.5,,,,,,,,,,,,,,,,,,,1.789e-05
pal10,vulcan,292.5,,,,,,,,,,,,,,,,,,,4.681e-05
pal10,vulcan,293.5,,,,,,,,,,,,,,,,,,,0.0001464
pal10,vulcan,294.5,,,,,,,,,,,,,,,,,,,0.0002931
pal10,vulcan,295.5,,,,,,,,,,,,,,,,,,,0.0007866
pal10,vulcan,296.5,,,,,,,,,,,,,,,,,,,0.001438
pal10,vulcan,297.5,,,,,,,,,,,,,,,,,,,0.002877
pal10,vulcan,298.5,,,,,,,,,,,,,,,,,,,0.003541
pal10,vulcan,299.5,,,,,,,,,,,,,,,,,,,0.008181
pal10,vulcan,300.5,,,,,,,,,,,,,,,,,,,0.007818
pal10,vulcan,301.5,,,,,,,,,,,,,,,,,,,0.01582
pal10,vulcan,302.5,,,,,,,,,,,,,,,,,,,0.02015
pal10,vulcan,303.5,,,,,,,,,,,,,,,,,,,0.03507
pal10,vulcan,304.5,,,,,,,,,,,,,,,,,,,0.0387
pal10,vulcan,305.5,,,,,,,,,,,,,,,,,,,0.0521
pal10,vulcan,306.5,,,,,,,,,,,,,,,,,,,0.05479
pal10,vulcan,307.5,,,,,,,,,,,,,,,,,,,0.0805
pal10,vulcan,308.5,,,,,,,,,,,,,,,,,,,0.09055
pal10,vulcan,309.5,,,,,,,,,,,,,,,,,,,0.08079
pal10,vulcan,310.5,,,,,,,,,,,,,,,,,,,0.1109
pal10,vulcan,311.5,,,,,,,,,,,,,,,,,,,0.1434
pal10,vulcan,312.5,,,,,,,,,,,,,,,,,,,0.1414
pal10,vulcan,313.5,,,,,,,,,,,,,,,,,,,0.1605
pal10,vulcan,314.5,,,,,,,,,,,,,,,,,,,0.1619
pal10,vulcan,315.5,,,,,,,,,,,,,,,,,,,0.1671
pal10,vulcan,316.5,,,,,,,,,,,,,,,,,,,0.1676
pal10,vulcan,317.5,,,,,,,,,,,,,,,,,,,0.2367
pal10,vulcan,318.5,,,,,,,,,,,,,,,,,,,0.1873
pal10,vulcan,319.5,,,,,,,,,,,,,,,,,,,0.2286
pal10,vulcan,320.5,,,,,,,,,,,,,,,,,,,0.2785
pal10,vulcan,321.5,,,,,,,,,,,,,,,,,,,0.2375
pal10,vulcan,322.5,,,,,,,,,,,,,,,,,,,0.2382
pal10,vulcan,323.5,,,,,,,,,,,,,,,,,,,0.2468
pal10,vulcan,324.5,,,,,,,,,,,,,,,,,,,0.2894
pal10,vulcan,325.5,,,,,,,,,,,,,,,,,,,0.3243
pal10,vulcan,326.5,,,,,,,,,,,,,,,,,,,0.3936
pal10,vulcan,327.5,,,,,,,,,,,,,,,,,,,0.3661
pal10,vulcan,328.5,,,,,,,,,,,,,,,,,,,0.3384
pal10,vulcan,329.5,,,,,,,,,,,,,,,,,,,0.439
pal10,vulcan,330.5,,,,,,,,,,,,,,,,,,,0.399
pal10,vulcan,331.5,,,,,,,,,,,,,,,,,,,0.3945
pal10,vulcan,332.5,,,,,,,,,,,,,,,,,,,0.3887
pal10,vulcan,333.5,,,,,,,,,,,,,,,,,,,0.3653
pal10,vulcan,334.5,,,,,,,,,,,,,,,,,,,0.4084
pal10,vulcan,335.5,,,,,,,,,,,,,,,,,,,0.414
pal10,vulcan,336.5,,,,,,,,,,,,,,,,,,,0.3238
pal10,vulcan,337.5,,,,,,,,,,,,,,,,,,,0.3556
pal10,vulcan,338.5,,,,,,,,,,,,,,,,,,,0.3754
pal10,vulcan,339.5,,,,,,,,,,,,,,,,,,,0.4083
pal10,vulcan,340.5,,,,,,,,,,,,,,,,,,,0.4367
pal10,vulcan,341.5,,,,,,,,,,,,,,,,,,,0.3879
pal10,vulcan,342.5,,,,,,,,,,,,,,,,,,,0.4299
pal10,vulcan,343.5,,,,,,,,,,,,,,,,,,,0.4468
pal10,vulcan,344.5,,,,,,,,,,,,,,,,,,,0.3132
pal10,vulcan,345.5,,,,,,,,,,,,,,,,,,,0.4293
pal10,vulcan,346.5,,,,,,,,,,,,,,,,,,,0.4017
pal10,vulcan,347.5,,,,,,,,,,,,,,,,,,,0.3926
pal10,vulcan,348.5,,,,,,,,,,,,,,,,,,,0.4317
pal10,vulcan,349.5,,,,,,,,,,,,,,,,,,,0.3619
pal10,vulcan,350.5,,,,,,,,,,,,,,,,,,,0.5069
pal10,vulcan,351.5,,,,,,,,,,,,,,,,,,,0.437
pal10,vulcan,352.5,,,,,,,,,,,,,,,,,,,0.3942
pal10,vulcan,353.5,,,,,,,,,,,,,,,,,,,0.4747
pal10,vulcan,354.5,,,,,,,,,,,,,,,,,,,0.514
pal10,vulcan,355.5,,,,,,,,,,,,,,,,,,,0.4805
pal10,vulcan,356.5,,,,,,,,,,,,,,,,,,,0.446
pal10,vulcan,357.5,,,,,,,,,,,,,,,,,,,0.3794
pal10,vulcan,358.5,,,,,,,,,,,,,,,,,,,0.2929
pal10,vulcan,359.5,,,,,,,,,,,,,,,,,,,0.493
pal10,vulcan,360.5,,,,,,,,,,,,,,,,,,,0.4571
pal10,vulcan,361.5,,,,,,,,,,,,,,,,,,,0.4123
pal10,vulcan,362.5,,,,,,,,,,,,,,,,,,,0.4843
pal10,vulcan,363.5,,,,,,,,,,,,,,,,,,,0.4309
pal10,vulcan,364.5,,,,,,,,,,,,,,,,,,,0.4702
pal10,vulcan,365.5,,,,,,,,,,,,,,,,,,,0.5732
pal10,vulcan,366.5,,,,,,,,,,,,,,,,,,,0.6068
pal10,vulcan,367.5,,,,,,,,,,,,,,,,,,,0.5763
pal10,vulcan,368.5,,,,,,,,,,,,,,,,,,,0.5064
pal10,vulcan,369.5,,,,,,,,,,,,,,,,,,,0.6076
pal10,vulcan,370.5,,,,,,,,,,,,,,,,,,,0.5514
pal10,vulcan,371.5,,,,,,,,,,,,,,,,,,,0.6311
pal10,vulcan,372.5,,,,,,,,,,,,,,,,,,,0.4663
pal10,vulcan,373.5,,,,,,,,,,,,,,,,,,,0.4217
pal10,vulcan,374.5,,,,,,,,,,,,,,,,,,,0.4629
pal10,vulcan,375.5,,,,,,,,,,,,,,,,,,,0.5224
pal10,vulcan,376.5,,,,,,,,,,,,,,,,,,,0.5219
pal10,vulcan,377.5,,,,,,,,,,,,,,,,,,,0.6216
pal10,vulcan,378.5,,,,,,,,,,,,,,,,,,,0.6777
pal10,vulcan,379.5,,,,,,,,,,,,,,,,,,,0.5015
pal10,vulcan,380.5,,,,,,,,,,,,,,,,,,,0.6034
pal10,vulcan,381.5,,,,,,,,,,,,,,,,,,,0.5671
pal10,vulcan,382.5,,,,,,,,,,,,,,,,,,,0.378
pal10,vulcan,383.5,,,,,,,,,,,,,,,,,,,0.332
pal10,vulcan,384.5,,,,,,,,,,,,,,,,,,,0.4984
pal10,vulcan,385.5,,,,,,,,,,,,,,,,,,,0.4933
pal10,vulcan,386.5,,,,,,,,,,,,,,,,,,,0.503
pal10,vulcan,387.5,,,,,,,,,,,,,,,,,,,0.4676
pal10,vulcan,388.5,,,,,,,,,,,,,,,,,,,0.4688
pal10,vulcan,389.5,,,,,,,,,,,,,,,,,,,0.5914
pal10,vulcan,390.5,,,,,,,,,,,,,,,,,,,0.5811
pal10,vulcan,391.5,,,,,,,,,,,,,,,,,,,0.6896
pal10,vulcan,392.5,,,,,,,,,,,,,,,,,,,0.5173
pal10,vulcan,393.5,,,,,,,,,,,,,,,,,,,0.225
pal10,vulcan,394.5,,,,,,,,,,,,,,,,,,,0.5295
pal10,vulcan,395.5,,,,,,,,,,,,,,,,,,,0.6815
pal10,vulcan,396.5,,,,,,,,,,,,,,,,,,,0.4003
pal10,vulcan,397.5,,,,,,,,,,,,,,,,,,,0.4621
pal10,vulcan,398.5,,,,,,,,,,,,,,,,,,,0.7942
pal10,vulcan,399.5,,,,,,,,,,,,,,,,,,,0.8264
pal10,vulcan,400.5,,,,,,,,,,,,,,,,,,,0.8691
pal10,vulcan,401.5,,,,,,,,,,,,,,,,,,,0.8944
pal10,vulcan,402.5,,,,,,,,,,,,,,,,,,,0.9289
pal10,vulcan,403.5,,,,,,,,,,,,,,,,,,,0.8505
pal10,vulcan,404.5,,,,,,,,,,,,,,,,,,,0.8344
pal10,vulcan,405.5,,,,,,,,,,,,,,,,,,,0.867
pal10,vulcan,406.5,,,,,,,,,,,,,,,,,,,0.8169
pal10,vulcan,407.5,,,,,,,,,,,,,,,,,,,0.8239
pal10,vulcan,408.5,,,,,,,,,,,,,,,,,,,0.9179
pal10,vulcan,409.5,,,,,,,,,,,,,,,,,,,0.9001
pal10,vulcan,410.5,,,,,,,,,,,,,,,,,,,0.7808
pal10,vulcan,411.5,,,,,,,,,,,,,,,,,,,0.9388
pal10,vulcan,412.5,,,,,,,,,,,,,,,,,,,0.9308
pal10,vulcan,413.5,,,,,,,,,,,,,,,,,,,0.903
pal10,vulcan,414.5,,,,,,,,,,,,,,,,,,,0.9284
pal10,vulcan,415.5,,,,,,,,,,,,,,,,,,,0.8883
pal10,vulcan,416.5,,,,,,,,,,,,,,,,,,,0.967
pal10,vulcan,417.5,,,,,,,,,,,,,,,,,,,0.8843
pal10,vulcan,418.5,,,,,,,,,,,,,,,,,,,0.8915
pal10,vulcan,419.5,,,,,,,,,,,,,,,,,,,0.9212
pal10,waccm,280.5,2.512e-09,2.344e-09,1.9e-09,1.327e-09,7.883e-10,3.902e-10,1.563e-10,4.861e-11,1.107e-11,1.703e-12,1.589e-13,8.371e-15,5.388e-16,2.081e-16,1.387e-16,1.011e-16,7.386e-17,4.952e-17,
pal10,waccm,281.5,2.725e-08,2.558e-08,2.11e-08,1.519e-08,9.43e-09,4.955e-09,2.146e-09,7.373e-10,1.907e-10,3.452e-11,3.97e-12,2.712e-13,1.995e-14,7.11e-15,4.663e-15,3.377e-15,2.457e-15,1.643e-15,
pal10,waccm,282.5,1.445e-07,1.363e-07,1.141e-07,8.435e-08,5.438e-08,3.008e-08,1.393e-08,5.215e-09,1.505e-09,3.133e-10,4.309e-11,3.677e-12,3.082e-13,1.018e-13,6.554e-14,4.714e-14,3.417e-14,2.278e-14,
pal10,waccm,283.5,3.86e-07,3.653e-07,3.09e-07,2.322e-07,1.535e-07,8.775e-08,4.244e-08,1.68e-08,5.206e-09,1.186e-09,1.832e-10,1.803e-11,1.655e-12,5.182e-13,3.286e-13,2.351e-13,1.699e-13,1.13e-13,
pal10,waccm,284.5,1.421e-06,1.353e-06,1.166e-06,9.036e-07,6.247e-07,3.797e-07,1.989e-07,8.727e-08,3.082e-08,8.297e-09,1.586e-09,2.038e-10,2.268e-11,6.477e-12,3.953e-12,2.795e-12,2.006e-12,1.328e-12,
pal10,waccm,285.5,2.319e-06,2.218e-06,1.937e-06,1.536e-06,1.098e-06,6.982e-07,3.879e-07,1.836e-07,7.138e-08,2.173e-08,4.86e-09,7.582e-10,9.859e-11,2.646e-11,1.551e-11,1.084e-11,7.731e-12,5.097e-12,
pal10,waccm,286.5,1.524e-05,1.462e-05,1.289e-05,1.041e-05,7.634e-06,5.026e-06,2.922e-06,1.465e-06,6.136e-07,2.052e-07,5.178e-08,9.371e-09,1.383e-09,3.568e-10,2.006e-10,1.387e-10,9.831e-11,6.456e-11,
pal10,waccm,287.5,4.573e-05,4.405e-05,3.93e-05,3.236e-05,2.442e-05,1.671e-05,1.022e-05,5.467e-06,2.486e-06,9.235e-07,2.663e-07,5.689e-08,9.767e-09,2.45e-09,1.299e-09,8.831e-10,6.21e-10,4.056e-10,
pal10,waccm,288.5,0.0001132,0.0001095,9.889e-05,8.318e-05,6.474e-05,4.591e-05,2.984e-05,1.713e-05,8.516e-06,3.545e-06,1.181e-06,3.019e-07,6.169e-08,1.544e-08,7.546e-09,5.005e-09,3.479e-09,2.256e-09,
pal10,waccm,289.5,0.0003744,0.0003631,0.000331,0.0002826,0.0002249,0.0001654,0.0001111,6.705e-05,3.554e-05,1.604e-05,5.926e-06,1.72e-06,3.999e-07,1.02e-07,4.652e-08,3.008e-08,2.069e-08,1.332e-08,
pal10,waccm,290.5,0.0009783,0.0009512,0.0008736,0.0007557,0.0006127,0.0004621,0.0003208,0.0002019,0.0001129,5.457e-05,2.198e-05,7.096e-06,1.845e-06,4.866e-07,2.083e-07,1.307e-07,8.889e-08,5.685e-08,
pal10,waccm,291.5,0.001903,0.001855,0.001718,0.001508,0.001249,0.0009696,0.0006987,0.0004614,0.0002743,0.0001432,6.358e-05,2.318e-05,6.875e-06,1.925e-06,7.686e-07,4.603e-07,3.078e-07,1.948e-07,
pal10,waccm,292.5,0.003061,0.002992,0.002791,0.002479,0.002089,0.00166,0.001233,0.0008471,0.0005292,0.0002942,0.0001415,5.693e-05,1.885e-05,5.64e-06,2.143e-06,1.218e-06,7.993e-07,5.005e-07,
pal10,waccm,293.5,0.006052,0.005927,0.005565,0.005,0.004283,0.003479,0.002661,0.001896,0.001242,0.0007324,0.0003796,0.0001677,6.175e-05,1.996e-05,7.35e-06,3.92e-06,2.508e-06,1.55e-06,
pal10,waccm,294.5,0.008514,0.008353,0.007883,0.007145,0.006198,0.005123,0.004008,0.002939,0.001996,0.001233,0.000677,0.0003213,0.0001287,4.458e-05,1.625e-05,8.172e-06,5.091e-06,3.105e-06,
pal10,waccm,295.5,0.01561,0.01534,0.01456,0.01332,0.01172,0.009864,0.007904,0.005978,0.00422,0.002738,0.0016,0.0008207,0.0003601,0.0001357,4.998e-05,2.348e-05,1.404e-05,8.401e-06,
pal10,waccm,296.5,0.02091,0.02059,0.01963,0.0181,0.0161,0.01376,0.01125,0.008725,0.00636,0.004297,0.002643,0.001445,0.000684,0.0002782,0.0001052,4.676e-05,2.669e-05,1.565e-05,
pal10,waccm,297.5,0.03182,0.03137,0.03002,0.02787,0.02504,0.0217,0.01805,0.01432,0.01073,0.007514,0.004832,0.002794,0.001416,0.0006186,0.0002432,0.0001038,5.611e-05,3.209e-05,
pal10,waccm,298.5,0.0312,0.03079,0.02957,0.02761,0.02501,0.02192,0.0185,0.01495,0.01148,0.008277,0.005526,0.003348,0.001797,0.0008364,0.0003436,0.0001433,7.33e-05,4.077e-05,
pal10,waccm,299.5,0.058,0.05729,0.0552,0.05182,0.04732,0.04191,0.03587,0.02951,0.02317,0.01719,0.01189,0.007534,0.004273,0.002118,0.0009169,0.0003799,0.000183,9.813e-05,
pal10,waccm,300.5,0.04716,0.04662,0.04503,0.04245,0.039,0.03482,0.03012,0.02511,0.02005,0.0152,0.0108,0.007076,0.004184,0.002178,0.0009863,0.0004114,0.0001891,9.781e-05,
pal10,waccm,301.5,0.08047,0.07962,0.0771,0.07302,0.06752,0.06082,0.05322,0.04503,0.03663,0.02841,0.02079,0.01414,0.008756,0.004819,0.002308,0.0009852,0.0004317,0.000212,
pal10,waccm,302.5,0.09075,0.08985,0.08716,0.08278,0.07688,0.06966,0.06141,0.05246,0.04319,0.03402,0.02537,0.01767,0.01128,0.006441,0.003209,0.001401,0.0005983,0.0002815,
pal10,waccm,303.5,0.1378,0.1365,0.1327,0.1265,0.1181,0.1077,0.09581,0.08279,0.06914,0.05545,0.0423,0.03032,0.02007,0.01198,0.006281,0.00285,0.001194,0.0005294,
pal10,waccm,304.5,0.1408,0.1396,0.1358,0.1297,0.1215,0.1113,0.09948,0.08549,0.07285,0.05903,0.04562,0.03324,0.02246,0.01376,0.007429,0.003458,0.001442,0.0006154,
pal10,waccm,305.5,0.1687,0.1673,0.1631,0.1562,0.1469,0.1354,0.122,0.1071,0.09132,0.07515,0.05923,0.04424,0.03085,0.01967,0.01114,0.005438,0.002288,0.0009202,
pal10,waccm,306.5,0.1688,0.1674,0.1634,0.1567,0.1476,0.1364,0.1233,0.1088,0.09322,0.07722,0.06138,0.04633,0.03274,0.02123,0.01228,0.006119,0.002594,0.001017,
pal10,waccm,307.5,0.225,0.2233,0.2182,0.2098,0.1984,0.1842,0.1676,0.149,0.129,0.1083,0.08749,0.06743,0.04893,0.03282,0.01981,0.01036,0.004527,0.001701,
pal10,waccm,308.5,0.2441,0.2423,0.2369,0.2281,0.2159,0.2009,0.1832,0.1634,0.1421,0.1198,0.09742,0.07566,0.05545,0.03766,0.02309,0.0123,0.005447,0.002018,
pal10,waccm,309.5,0.2042,0.2014,0.1985,0.1914,0.1817,0.1695,0.1553,0.1393,0.1219,0.1037,0.08524,0.06712,0.05006,0.03478,0.02196,0.01213,0.005544,0.002025,
pal10,waccm,310.5,0.2678,0.266,0.2605,0.2515,0.2392,0.2237,0.2056,0.1851,0.1628,0.1394,0.1154,0.09176,0.0693,0.04893,0.03155,0.01789,0.008395,0.003059,
pal10,waccm,311.5,0.3363,0.334,0.3273,0.3162,0.3011,0.2821,0.2597,0.2345,0.2069,0.1778,0.148,0.1185,0.09021,0.06438,0.04209,0.02429,0.01162,0.00424,
pal10,waccm,312.5,0.314,0.312,0.306,0.296,0.2824,0.2654,0.2452,0.2224,0.1974,0.1709,0.1435,0.1162,0.08981,0.06535,0.04383,0.02616,0.01302,0.004838,
pal10,waccm,313.5,0.3504,0.3499,0.3432,0.3322,0.3171,0.2981,0.2757,0.2503,0.2225,0.193,0.1624,0.1319,0.1023,0.07474,0.0504,0.03029,0.01521,0.005669,
pal10,waccm,314.5,0.339,0.337,0.3308,0.3206,0.3065,0.2889,0.268,0.2443,0.2182,0.1904,0.1616,0.1325,0.1041,0.07734,0.05334,0.03305,0.01726,0.006642,
pal10,waccm,315.5,0.3476,0.3455,0.3392,0.3288,0.3145,0.2965,0.2752,0.2511,0.2245,0.1961,0.1666,0.1368,0.1077,0.08021,0.05549,0.03452,0.01812,0.006995,
pal10,waccm,316.5,0.3362,0.3342,0.3283,0.3185,0.3051,0.2882,0.2682,0.2453,0.2202,0.1933,0.1652,0.1367,0.1087,0.08203,0.05775,0.0368,0.01997,0.007987,
pal10,waccm,317.5,0.4748,0.472,0.4636,0.4499,0.4309,0.4071,0.3789,0.3467,0.3111,0.2731,0.2335,0.1932,0.1536,0.1159,0.08157,0.05193,0.02814,0.01123,
pal10,waccm,318.5,0.3635,0.3614,0.3552,0.345,0.3309,0.3131,0.2918,0.2679,0.2414,0.2128,0.1829,0.1525,0.1223,0.09341,0.06681,0.04351,0.02435,0.01012,
pal10,waccm,319.5,0.4409,0.4384,0.4309,0.4185,0.4015,0.3801,0.3547,0.3256,0.2935,0.259,0.2229,0.1861,0.1495,0.1144,0.08205,0.05363,0.03016,0.01262,
pal10,waccm,320.5,0.5328,0.5298,0.5208,0.506,0.4856,0.46,0.4294,0.3945,0.356,0.3145,0.271,0.2266,0.1825,0.14,0.1008,0.06619,0.03749,0.01583,
pal10,waccm,321.5,0.4411,0.4386,0.4314,0.4195,0.403,0.3823,0.3576,0.3294,0.2982,0.2645,0.229,0.1927,0.1565,0.1214,0.08866,0.05946,0.03476,0.01537,
pal10,waccm,322.5,0.4523,0.4498,0.4422,0.4298,0.4126,0.391,0.3652,0.3358,0.3033,0.2683,0.2315,0.1939,0.1564,0.1203,0.08683,0.05725,0.03261,0.01387,
pal10,waccm,323.5,0.4518,0.4493,0.4421,0.43,0.4134,0.3924,0.3675,0.3389,0.3073,0.2731,0.2371,0.2001,0.1631,0.1271,0.09345,0.06324,0.03747,0.01693,
pal10,waccm,324.5,0.5304,0.5275,0.5189,0.5048,0.4853,0.4607,0.4314,0.3979,0.3607,0.3206,0.2783,0.2348,0.1913,0.149,0.1094,0.07394,0.0437,0.01967,
pal10,waccm,325.5,0.5966,0.5934,0.5837,0.5678,0.5458,0.5181,0.485,0.4472,0.4053,0.36,0.3123,0.2633,0.2143,0.1666,0.1221,0.08216,0.04828,0.02153,
pal10,waccm,326.5,0.7064,0.7026,0.6915,0.673,0.6475,0.6154,0.5771,0.5332,0.4845,0.4318,0.3761,0.3188,0.2611,0.2049,0.152,0.1041,0.06287,0.02932,
pal10,waccm,327.5,0.662,0.6584,0.6479,0.6305,0.6065,0.5763,0.5402,0.4988,0.4529,0.4033,0.3509,0.2969,0.2427,0.1899,0.1402,0.09548,0.0571,0.0262,
pal10,waccm,328.5,0.611,0.6078,0.5981,0.5821,0.5599,0.5321,0.4988,0.4607,0.4184,0.3726,0.3243,0.2745,0.2244,0.1756,0.1297,0.08833,0.05284,0.02426,
pal10,waccm,329.5,0.7785,0.7744,0.7623,0.7422,0.7145,0.6796,0.6379,0.5901,0.5369,0.4793,0.4184,0.3555,0.2922,0.2302,0.1715,0.1183,0.07223,0.03434,
pal10,waccm,330.5,0.7124,0.7086,0.6975,0.679,0.6536,0.6214,0.5831,0.5391,0.4902,0.4373,0.3813,0.3235,0.2654,0.2085,0.1548,0.1061,0.06419,0.03004,
pal10,waccm,331.5,0.7048,0.7011,0.69,0.6718,0.6466,0.6148,0.5769,0.5333,0.485,0.4326,0.3772,0.32,0.2624,0.206,0.1528,0.1047,0.06318,0.02947,
pal10,waccm,332.5,0.6852,0.6816,0.671,0.6535,0.6293,0.5988,0.5624,0.5205,0.474,0.4236,0.3701,0.3149,0.2592,0.2045,0.1527,0.1056,0.06467,0.03097,
pal10,waccm,333.5,0.647,0.6436,0.6336,0.617,0.5941,0.5652,0.5306,0.491,0.4469,0.3991,0.3485,0.2962,0.2434,0.1917,0.1427,0.09823,0.05978,0.02828,
pal10,waccm,334.5,0.7207,0.7169,0.7058,0.6874,0.662,0.6299,0.5915,0.5476,0.4986,0.4455,0.3893,0.3311,0.2724,0.2147,0.1601,0.1104,0.06741,0.03209,
pal10,waccm,335.5,0.7257,0.722,0.7108,0.6924,0.667,0.6349,0.5966,0.5525,0.5035,0.4503,0.3939,0.3355,0.2765,0.2185,0.1634,0.1132,0.06959,0.03355,
pal10,waccm,336.5,0.5681,0.5652,0.5565,0.5421,0.5222,0.4971,0.467,0.4325,0.3942,0.3525,0.3083,0.2625,0.2163,0.1708,0.1276,0.08827,0.05413,0.026,
pal10,waccm,337.5,0.6261,0.6228,0.6132,0.5973,0.5753,0.5475,0.5144,0.4763,0.4339,0.3878,0.339,0.2885,0.2374,0.1872,0.1395,0.0962,0.05867,0.02791,
pal10,waccm,338.5,0.6564,0.653,0.643,0.6264,0.6035,0.5746,0.5401,0.5004,0.4562,0.4082,0.3573,0.3045,0.251,0.1984,0.1484,0.1028,0.06318,0.03047,
pal10,waccm,339.5,0.7127,0.709,0.6982,0.6802,0.6554,0.6241,0.5867,0.5437,0.4958,0.4437,0.3885,0.3312,0.2731,0.216,0.1616,0.112,0.0689,0.0333,
pal10,waccm,340.5,0.7634,0.7595,0.7478,0.7286,0.702,0.6685,0.6283,0.5822,0.5309,0.475,0.4158,0.3543,0.2921,0.2308,0.1725,0.1193,0.07316,0.03516,
pal10,waccm,341.5,0.6755,0.6721,0.6618,0.6449,0.6215,0.5919,0.5565,0.5159,0.4706,0.4213,0.369,0.3148,0.2597,0.2055,0.1539,0.1067,0.06565,0.03178,
pal10,waccm,342.5,0.7476,0.7438,0.7325,0.7138,0.6879,0.6552,0.6162,0.5713,0.5212,0.4667,0.4089,0.3489,0.288,0.2279,0.1707,0.1184,0.0729,0.03534,
pal10,waccm,343.5,0.7771,0.7732,0.7614,0.742,0.7151,0.6811,0.6405,0.5939,0.5418,0.4852,0.4251,0.3627,0.2993,0.2368,0.1772,0.1228,0.0755,0.0365,
pal10,waccm,344.5,0.5451,0.5424,0.5341,0.5205,0.5016,0.4778,0.4493,0.4166,0.3801,0.3404,0.2982,0.2544,0.2099,0.166,0.1242,0.08593,0.05273,0.02542,
pal10,waccm,345.5,0.7442,0.7404,0.7292,0.7107,0.6851,0.6527,0.614,0.5695,0.5198,0.4657,0.4083,0.3486,0.2879,0.228,0.1708,0.1185,0.07299,0.03544,
pal10,waccm,346.5,0.6972,0.6937,0.6832,0.6658,0.6418,0.6115,0.5752,0.5334,0.4869,0.4362,0.3823,0.3263,0.2695,0.2133,0.1596,0.1105,0.0679,0.03282,
pal10,waccm,347.5,0.6808,0.6774,0.6671,0.6502,0.6268,0.5972,0.5618,0.5211,0.4757,0.4263,0.3737,0.319,0.2635,0.2086,0.1561,0.1081,0.06643,0.03212,
pal10,waccm,348.5,0.7474,0.7436,0.7324,0.7139,0.6882,0.6558,0.617,0.5724,0.5226,0.4684,0.4108,0.3508,0.2898,0.2295,0.1718,0.1191,0.07319,0.03545,
pal10,waccm,349.5,0.6261,0.623,0.6136,0.5981,0.5767,0.5495,0.5171,0.4797,0.4381,0.3927,0.3444,0.2941,0.243,0.1925,0.1441,0.09983,0.06135,0.0297,
pal10,waccm,350.5,0.8762,0.8718,0.8587,0.837,0.807,0.7691,0.7238,0.6716,0.6133,0.5499,0.4824,0.412,0.3405,0.2698,0.202,0.1399,0.08599,0.04164,
pal10,waccm,351.5,0.7551,0.7513,0.74,0.7213,0.6955,0.6629,0.6239,0.5789,0.5288,0.4741,0.4159,0.3554,0.2937,0.2327,0.1742,0.1206,0.07409,0.03585,
pal10,waccm,352.5,0.6805,0.6771,0.667,0.6502,0.627,0.5976,0.5625,0.522,0.4769,0.4276,0.3752,0.3206,0.2651,0.21,0.1573,0.1089,0.0669,0.03239,
pal10,waccm,353.5,0.8186,0.8145,0.8023,0.7821,0.7542,0.719,0.6768,0.6282,0.5739,0.5148,0.4518,0.3862,0.3193,0.2531,0.1896,0.1313,0.08065,0.03908,
pal10,waccm,354.5,0.8853,0.8809,0.8677,0.8459,0.8158,0.7778,0.7322,0.6797,0.6211,0.5572,0.4891,0.4181,0.3458,0.2742,0.2054,0.1423,0.08741,0.04238,
pal10,waccm,355.5,0.827,0.8229,0.8106,0.7903,0.7622,0.7267,0.6841,0.6352,0.5805,0.5208,0.4573,0.391,0.3234,0.2564,0.1921,0.1331,0.08173,0.03963,
pal10,waccm,356.5,0.7672,0.7633,0.752,0.7332,0.7071,0.6742,0.6348,0.5895,0.5387,0.4835,0.4245,0.363,0.3004,0.2382,0.1784,0.1236,0.07588,0.03678,
pal10,waccm,357.5,0.6521,0.6489,0.6392,0.6233,0.6012,0.5732,0.5398,0.5013,0.4582,0.4112,0.3611,0.3089,0.2556,0.2027,0.1519,0.1051,0.06455,0.03128,
pal10,waccm,358.5,0.5029,0.5005,0.493,0.4807,0.4637,0.4422,0.4164,0.3867,0.3536,0.3174,0.2788,0.2385,0.1974,0.1565,0.1173,0.08122,0.04986,0.02417,
pal10,waccm,359.5,0.8461,0.8419,0.8294,0.8088,0.7802,0.744,0.7007,0.6508,0.5951,0.5342,0.4693,0.4016,0.3324,0.2637,0.1976,0.1368,0.08395,0.04069,
pal10,waccm,360.5,0.7839,0.7801,0.7685,0.7494,0.7229,0.6895,0.6494,0.6032,0.5516,0.4953,0.4352,0.3724,0.3083,0.2446,0.1833,0.1269,0.07785,0.03773,
pal10,waccm,361.5,0.7064,0.7029,0.6925,0.6753,0.6515,0.6214,0.5854,0.5438,0.4973,0.4466,0.3925,0.3359,0.2782,0.2207,0.1654,0.1145,0.07025,0.03405,
pal10,waccm,362.5,0.8292,0.8251,0.8129,0.7927,0.7649,0.7295,0.6873,0.6385,0.584,0.5245,0.461,0.3947,0.3269,0.2594,0.1944,0.1346,0.08255,0.04001,
pal10,waccm,363.5,0.7373,0.7337,0.7229,0.705,0.6802,0.6488,0.6113,0.568,0.5196,0.4667,0.4103,0.3513,0.291,0.2309,0.1731,0.1198,0.07347,0.03561,
pal10,waccm,364.5,0.804,0.8001,0.7883,0.7688,0.7418,0.7077,0.6667,0.6196,0.5668,0.5092,0.4477,0.3834,0.3176,0.2521,0.189,0.1308,0.08018,0.03886,
pal10,waccm,365.5,0.9794,0.9746,0.9602,0.9365,0.9037,0.8621,0.8124,0.755,0.6908,0.6207,0.5458,0.4674,0.3873,0.3075,0.2305,0.1595,0.09774,0.04735,
pal10,waccm,366.5,1.036,1.031,1.016,0.9908,0.9561,0.9122,0.8596,0.799,0.7311,0.657,0.5778,0.4949,0.4102,0.3257,0.2442,0.169,0.1035,0.05015,
pal10,waccm,367.5,0.9833,0.9785,0.9641,0.9404,0.9075,0.8659,0.816,0.7585,0.6942,0.6239,0.5488,0.4702,0.3897,0.3095,0.2321,0.1606,0.09835,0.04764,
pal10,waccm,368.5,0.8634,0.8592,0.8466,0.8258,0.797,0.7605,0.7168,0.6663,0.6099,0.5482,0.4822,0.4132,0.3426,0.2721,0.204,0.1412,0.08644,0.04187,
pal10,waccm,369.5,1.035,1.03,1.015,0.9903,0.9557,0.912,0.8596,0.7992,0.7316,0.6577,0.5787,0.4959,0.4112,0.3267,0.245,0.1695,0.1037,0.05024,
pal10,waccm,370.5,0.939,0.9344,0.9207,0.8982,0.8669,0.8273,0.7798,0.7251,0.6638,0.5968,0.5252,0.4502,0.3733,0.2966,0.2224,0.1539,0.09417,0.0456,
pal10,waccm,371.5,1.074,1.069,1.053,1.027,0.9916,0.9464,0.8922,0.8296,0.7596,0.683,0.6011,0.5154,0.4275,0.3397,0.2548,0.1762,0.1078,0.05219,
pal10,waccm,372.5,0.793,0.7892,0.7777,0.7586,0.7323,0.6989,0.6589,0.6128,0.5611,0.5046,0.4442,0.3809,0.316,0.2511,0.1884,0.1303,0.07968,0.03857,
pal10,waccm,373.5,0.7165,0.7131,0.7027,0.6855,0.6617,0.6316,0.5955,0.5539,0.5072,0.4562,0.4016,0.3444,0.2858,0.2272,0.1704,0.1178,0.07206,0.03487,
pal10,waccm,374.5,0.7862,0.7824,0.771,0.7522,0.7261,0.6931,0.6535,0.6079,0.5568,0.5008,0.441,0.3782,0.3139,0.2495,0.1872,0.1294,0.07913,0.03829,
pal10,waccm,375.5,0.8867,0.8824,0.8696,0.8484,0.819,0.7818,0.7373,0.6858,0.6282,0.5652,0.4977,0.427,0.3544,0.2818,0.2114,0.1462,0.08933,0.04322,
pal10,waccm,376.5,0.8851,0.8808,0.8681,0.8469,0.8177,0.7806,0.7361,0.6848,0.6274,0.5645,0.4972,0.4266,0.3541,0.2816,0.2113,0.1461,0.08926,0.04317,
pal10,waccm,377.5,1.054,1.049,1.033,1.008,0.9734,0.9294,0.8765,0.8155,0.7471,0.6723,0.5923,0.5082,0.422,0.3356,0.2518,0.1741,0.1063,0.05143,
pal10,waccm,378.5,1.148,1.142,1.126,1.099,1.061,1.013,0.9552,0.8888,0.8144,0.7329,0.6457,0.5542,0.4602,0.3661,0.2747,0.1899,0.116,0.05607,
pal10,waccm,379.5,0.849,0.8449,0.8327,0.8125,0.7846,0.7491,0.7066,0.6575,0.6026,0.5424,0.4779,0.4102,0.3407,0.2711,0.2034,0.1406,0.08585,0.0415,
pal10,waccm,380.5,1.021,1.016,1.001,0.9769,0.9433,0.9008,0.8497,0.7908,0.7247,0.6524,0.5749,0.4936,0.41,0.3263,0.2449,0.1693,0.1033,0.04992,
pal10,waccm,381.5,0.9589,0.9543,0.9405,0.9177,0.8862,0.8463,0.7984,0.7431,0.6811,0.6132,0.5405,0.4641,0.3856,0.3068,0.2303,0.1592,0.09713,0.04693,
pal10,waccm,382.5,0.6387,0.6357,0.6265,0.6114,0.5904,0.5638,0.5319,0.4951,0.4539,0.4087,0.3602,0.3094,0.2571,0.2046,0.1536,0.1062,0.06476,0.03128,
pal10,waccm,383.5,0.5607,0.558,0.55,0.5367,0.5183,0.495,0.4671,0.4348,0.3986,0.3589,0.3165,0.2718,0.2259,0.1798,0.135,0.09332,0.0569,0.02748,
pal10,waccm,384.5,0.8412,0.8371,0.8251,0.8052,0.7777,0.7427,0.7008,0.6525,0.5982,0.5388,0.4751,0.4081,0.3392,0.2701,0.2028,0.1402,0.08544,0.04125,
pal10,waccm,385.5,0.832,0.828,0.8161,0.7965,0.7692,0.7347,0.6933,0.6455,0.5919,0.5332,0.4702,0.404,0.3359,0.2674,0.2008,0.1388,0.08459,0.04083,
pal10,waccm,386.5,0.8478,0.8438,0.8317,0.8117,0.784,0.7488,0.7067,0.658,0.6034,0.5436,0.4795,0.412,0.3426,0.2728,0.2049,0.1416,0.08627,0.04163,
pal10,waccm,387.5,0.7877,0.7839,0.7727,0.7541,0.7284,0.6958,0.6567,0.6115,0.5608,0.5053,0.4457,0.3831,0.3186,0.2538,0.1906,0.1317,0.08023,0.0387,
pal10,waccm,388.5,0.7893,0.7855,0.7743,0.7557,0.73,0.6974,0.6582,0.613,0.5622,0.5066,0.4469,0.3842,0.3196,0.2546,0.1912,0.1322,0.08047,0.03881,
pal10,waccm,389.5,0.9951,0.9904,0.9762,0.9528,0.9204,0.8793,0.83,0.773,0.7091,0.639,0.5638,0.4847,0.4033,0.3213,0.2414,0.1668,0.1015,0.04896,
pal10,waccm,390.5,0.9771,0.9725,0.9586,0.9357,0.9039,0.8635,0.8152,0.7593,0.6965,0.6278,0.554,0.4764,0.3964,0.3159,0.2373,0.164,0.0998,0.0481,
pal10,waccm,391.5,1.159,1.153,1.137,1.11,1.072,1.024,0.967,0.9008,0.8264,0.745,0.6575,0.5654,0.4705,0.375,0.2818,0.1947,0.1185,0.05709,
pal10,waccm,392.5,0.8688,0.8647,0.8524,0.832,0.8038,0.768,0.7251,0.6755,0.6198,0.5588,0.4932,0.4242,0.3531,0.2815,0.2115,0.1462,0.0889,0.04282,
pal10,waccm,393.5,0.3776,0.3758,0.3705,0.3616,0.3494,0.3339,0.3152,0.2937,0.2695,0.243,0.2145,0.1845,0.1536,0.1225,0.09206,0.0636,0.03867,0.01862,
pal10,waccm,394.5,0.8883,0.8841,0.8716,0.8508,0.822,0.7855,0.7417,0.6911,0.6342,0.5719,0.5049,0.4344,0.3617,0.2884,0.2168,0.1498,0.09106,0.04384,
pal10,waccm,395.5,1.143,1.137,1.121,1.094,1.057,1.011,0.9542,0.8892,0.8161,0.736,0.6499,0.5592,0.4657,0.3714,0.2792,0.1929,0.1172,0.05642,
pal10,waccm,396.5,0.6708,0.6676,0.6582,0.6425,0.6208,0.5933,0.5603,0.5221,0.4793,0.4323,0.3818,0.3286,0.2736,0.2183,0.1641,0.1134,0.06889,0.03314,
pal10,waccm,397.5,0.7739,0.7702,0.7593,0.7413,0.7163,0.6846,0.6465,0.6025,0.5531,0.4989,0.4407,0.3793,0.316,0.2521,0.1896,0.131,0.07955,0.03826,
pal10,waccm,398.5,1.329,1.323,1.305,1.274,1.231,1.176,1.111,1.035,0.9506,0.8575,0.7575,0.6522,0.5433,0.4336,0.3261,0.2253,0.1368,0.06577,
pal10,waccm,399.5,1.383,1.376,1.357,1.324,1.28,1.223,1.155,1.077,0.9888,0.8921,0.7882,0.6787,0.5655,0.4513,0.3395,0.2345,0.1424,0.06843,
pal10,waccm,400.5,1.453,1.446,1.426,1.392,1.345,1.286,1.215,1.132,1.04,0.9382,0.829,0.7139,0.595,0.4749,0.3572,0.2468,0.1498,0.07197,
pal10,waccm,401.5,1.495,1.488,1.467,1.432,1.384,1.323,1.25,1.165,1.07,0.9655,0.8532,0.7349,0.6125,0.489,0.3679,0.2542,0.1542,0.07407,
pal10,waccm,402.5,1.551,1.544,1.522,1.486,1.437,1.373,1.297,1.21,1.111,1.003,0.8861,0.7633,0.6363,0.5081,0.3823,0.2641,0.1602,0.07692,
pal10,waccm,403.5,1.42,1.413,1.393,1.36,1.315,1.257,1.187,1.107,1.017,0.9179,0.8114,0.699,0.5828,0.4655,0.3503,0.242,0.1467,0.07043,
pal10,waccm,404.5,1.392,1.386,1.366,1.334,1.289,1.233,1.165,1.086,0.9975,0.9005,0.7961,0.6859,0.572,0.4569,0.3439,0.2376,0.144,0.0691,
pal10,waccm,405.5,1.446,1.439,1.419,1.385,1.339,1.28,1.21,1.128,1.036,0.9356,0.8273,0.7129,0.5946,0.475,0.3576,0.247,0.1497,0.07181,
pal10,waccm,406.5,1.362,1.355,1.336,1.305,1.261,1.206,1.139,1.063,0.9763,0.8815,0.7795,0.6718,0.5605,0.4478,0.3371,0.2329,0.1411,0.06766,
pal10,waccm,407.5,1.372,1.366,1.347,1.315,1.271,1.216,1.149,1.071,0.9844,0.8889,0.7861,0.6777,0.5654,0.4518,0.3402,0.235,0.1424,0.06823,
pal10,waccm,408.5,1.528,1.521,1.5,1.465,1.416,1.354,1.279,1.193,1.097,0.9902,0.8759,0.7551,0.6301,0.5036,0.3793,0.262,0.1587,0.07601,
pal10,waccm,409.5,1.498,1.491,1.47,1.436,1.388,1.327,1.254,1.17,1.075,0.971,0.859,0.7406,0.6181,0.4941,0.3721,0.2571,0.1557,0.07454,
pal10,waccm,410.5,1.299,1.293,1.275,1.245,1.203,1.151,1.088,1.015,0.9325,0.8423,0.7452,0.6426,0.5364,0.4289,0.323,0.2232,0.1351,0.06466,
pal10,waccm,411.5,1.561,1.553,1.532,1.496,1.446,1.383,1.307,1.22,1.121,1.013,0.896,0.7728,0.6452,0.5159,0.3887,0.2685,0.1625,0.07775,
pal10,waccm,412.5,1.547,1.539,1.518,1.482,1.433,1.371,1.296,1.209,1.111,1.004,0.8883,0.7663,0.6399,0.5117,0.3856,0.2664,0.1612,0.07709,
pal10,waccm,413.5,1.5,1.493,1.472,1.438,1.39,1.329,1.257,1.172,1.078,0.9739,0.8619,0.7436,0.621,0.4967,0.3743,0.2587,0.1565,0.0748,
pal10,waccm,414.5,1.541,1.534,1.513,1.477,1.428,1.366,1.291,1.205,1.108,1.001,0.8862,0.7646,0.6387,0.511,0.3851,0.2661,0.1609,0.0769,
pal10,waccm,415.5,1.474,1.467,1.447,1.413,1.366,1.307,1.235,1.153,1.06,0.9578,0.8479,0.7317,0.6113,0.4891,0.3687,0.2548,0.154,0.07357,
pal10,waccm,416.5,1.604,1.596,1.574,1.537,1.487,1.422,1.344,1.255,1.154,1.043,0.9232,0.7968,0.6657,0.5328,0.4016,0.2776,0.1678,0.08009,
pal10,waccm,417.5,1.466,1.459,1.439,1.405,1.359,1.3,1.229,1.147,1.055,0.9535,0.8442,0.7288,0.609,0.4874,0.3675,0.254,0.1535,0.07324,
pal10,waccm,418.5,1.477,1.47,1.45,1.416,1.369,1.31,1.239,1.156,1.063,0.9612,0.8512,0.7348,0.6142,0.4917,0.3708,0.2562,0.1548,0.07384,
pal10,waccm,419.5,1.526,1.519,1.497,1.463,1.414,1.353,1.28,1.194,1.098,0.9931,0.8795,0.7594,0.6348,0.5083,0.3834,0.265,0.16,0.07631,
pal10,waccm_eq,280.5,4.507e-08,4.253e-08,3.564e-08,2.636e-08,1.703e-08,9.438e-09,4.384e-09,1.648e-09,4.781e-10,9.994e-11,1.371e-11,1.123e-12,7.918e-14,2.564e-14,1.74e-14,1.289e-14,9.523e-15,6.447e-15,
pal10,waccm_eq,281.5,3.772e-07,3.576e-07,3.041e-07,2.307e-07,1.545e-07,8.998e-08,4.457e-08,1.82e-08,5.864e-09,1.401e-09,2.283e-10,2.323e-11,1.917e-12,5.612e-13,3.73e-13,2.746e-13,2.023e-13,1.367e-13,
pal10,waccm_eq,282.5,1.601e-06,1.524e-06,1.312e-06,1.017e-06,7.03e-07,4.272e-07,2.236e-07,9.804e-08,3.457e-08,9.27e-09,1.75e-09,2.144e-10,2.052e-11,5.505e-12,3.563e-12,2.608e-12,1.915e-12,1.291e-12,
pal10,waccm_eq,283.5,3.701e-06,3.533e-06,3.068e-06,2.411e-06,1.701e-06,1.062e-06,5.766e-07,2.647e-07,9.896e-08,2.859e-08,5.936e-09,8.2e-10,8.676e-11,2.2e-11,1.39e-11,1.013e-11,7.421e-12,4.993e-12,
pal10,waccm_eq,284.5,1.043e-05,1.001e-05,8.82e-06,7.113e-06,5.208e-06,3.422e-06,1.984e-06,9.911e-07,4.127e-07,1.368e-07,3.386e-08,5.843e-09,7.586e-10,1.769e-10,1.052e-10,7.58e-11,5.521e-11,3.702e-11,
pal10,waccm_eq,285.5,1.399e-05,1.347e-05,1.2e-05,9.867e-06,7.426e-06,5.065e-06,3.083e-06,1.639e-06,7.39e-07,2.71e-07,7.635e-08,1.55e-08,2.361e-09,5.276e-10,2.936e-10,2.093e-10,1.516e-10,1.013e-10,
pal10,waccm_eq,286.5,7.899e-05,7.626e-05,6.856e-05,5.718e-05,4.396e-05,3.085e-05,1.949e-05,1.088e-05,5.211e-06,2.065e-06,6.425e-07,1.478e-07,2.556e-08,5.62e-09,2.927e-09,2.061e-09,1.486e-09,9.897e-10,
pal10,waccm_eq,287.5,0.0002002,0.0001939,0.000176,0.0001492,0.0001174,8.51e-05,5.606e-05,3.299e-05,1.692e-05,7.31e-06,2.539e-06,6.715e-07,1.346e-07,2.98e-08,1.419e-08,9.797e-09,7.012e-09,4.651e-09,
pal10,waccm_eq,288.5,0.0004126,0.0004009,0.0003676,0.0003172,0.0002561,0.0001921,0.0001324,8.257e-05,4.558e-05,2.163e-05,8.466e-06,2.603e-06,6.163e-07,1.424e-07,6.054e-08,4.041e-08,2.864e-08,1.888e-08,
pal10,waccm_eq,289.5,0.001197,0.001166,0.001077,0.000941,0.000774,0.0005952,0.0004237,0.0002753,0.0001602,8.127e-05,3.464e-05,1.186e-05,3.17e-06,7.726e-07,3.014e-07,1.935e-07,1.358e-07,8.904e-08,
pal10,waccm_eq,290.5,0.0028,0.002733,0.002541,0.002243,0.001859,0.001471,0.001076,0.0007242,0.0004404,0.0002363,0.0001082,4.052e-05,1.202e-05,3.113e-06,1.134e-06,6.946e-07,4.824e-07,3.143e-07,
pal10,waccm_eq,291.5,0.004799,0.004695,0.004395,0.003928,0.003339,0.002656,0.002025,0.001418,0.0009065,0.0005183,0.0002573,0.0001068,3.573e-05,1.011e-05,3.459e-06,1.968e-06,1.343e-06,8.675e-07,
pal10,waccm_eq,292.5,0.006963,0.006826,0.006426,0.0058,0.005001,0.004099,0.003172,0.002293,0.001528,0.0009202,0.000488,0.0002201,8.142e-05,2.508e-05,8.322e-06,4.37e-06,2.918e-06,1.867e-06,
pal10,waccm_eq,293.5,0.01248,0.01225,0.0116,0.01057,0.009234,0.007709,0.006108,0.004523,0.003153,0.001994,0.001126,0.0005492,0.0002236,7.542e-05,2.493e-05,1.196e-05,7.728e-06,4.889e-06,
pal10,waccm_eq,294.5,0.01626,0.01599,0.0152,0.01395,0.01232,0.01043,0.008422,0.006427,0.004573,0.002977,0.001785,0.0009258,0.0004061,0.0001479,4.971e-05,2.209e-05,1.375e-05,8.596e-06,
pal10,waccm_eq,295.5,0.02745,0.02704,0.02582,0.02388,0.02133,0.01834,0.0151,0.01182,0.00871,0.005961,0.003718,0.002059,0.0009798,0.0003899,0.0001365,5.613e-05,3.286e-05,2.02e-05,
pal10,waccm_eq,296.5,0.03435,0.03387,0.03247,0.03022,0.02725,0.02372,0.01985,0.01587,0.01201,0.0085,0.005531,0.003233,0.001646,0.0007073,0.0002605,0.0001018,5.557e-05,3.346e-05,
pal10,waccm_eq,297.5,0.04918,0.04856,0.0467,0.04371,0.03973,0.03498,0.0297,0.02419,0.01873,0.01365,0.009224,0.005654,0.003056,0.001409,0.0005498,0.0002092,0.0001055,6.185e-05,
pal10,waccm_eq,298.5,0.04582,0.04527,0.04366,0.04106,0.03759,0.0334,0.0287,0.02374,0.01875,0.01401,0.009762,0.006226,0.003539,0.001734,0.0007165,0.0002715,0.0001269,7.196e-05,
pal10,waccm_eq,299.5,0.08108,0.08019,0.07754,0.07325,0.06749,0.06051,0.0526,0.04414,0.03552,0.02716,0.0195,0.01292,0.007708,0.004008,0.001762,0.0006786,0.0002938,0.0001591,
pal10,waccm_eq,300.5,0.06352,0.06286,0.06091,0.05774,0.05346,0.04825,0.04231,0.0359,0.0293,0.02281,0.01675,0.01142,0.007063,0.003845,0.001778,0.0007021,0.0002882,0.0001486,
pal10,waccm_eq,301.5,0.104,0.103,0.1,0.09516,0.0886,0.08055,0.07132,0.06125,0.05076,0.04029,0.03032,0.02133,0.01374,0.007869,0.003864,0.001593,0.0006247,0.0002997,
pal10,waccm_eq,302.5,0.1142,0.1131,0.11,0.1049,0.09803,0.08955,0.07978,0.06907,0.05781,0.04647,0.03554,0.02551,0.01687,0.009995,0.00511,0.002182,0.0008397,0.0003799,
pal10,waccm_eq,303.5,0.1678,0.1664,0.1621,0.155,0.1455,0.1337,0.12,0.1048,0.0888,0.07246,0.05648,0.04154,0.02835,0.01749,0.009407,0.004226,0.00162,0.0006759,
pal10,waccm_eq,304.5,0.1684,0.167,0.1628,0.156,0.1468,0.1353,0.1219,0.1071,0.09137,0.07521,0.05926,0.0442,0.0307,0.01939,0.01074,0.00498,0.00192,0.0007621,
pal10,waccm_eq,305.5,0.1961,0.1946,0.19,0.1825,0.1723,0.1596,0.1448,0.1282,0.1105,0.09202,0.0738,0.05622,0.04013,0.02626,0.01524,0.007461,0.002958,0.001091,
pal10,waccm_eq,306.5,0.1939,0.1924,0.188,0.1808,0.171,0.1587,0.1444,0.1283,0.1111,0.09314,0.07514,0.05775,0.0417,0.0277,0.01639,0.008221,0.003312,0.001184,
pal10,waccm_eq,307.5,0.2524,0.2505,0.2451,0.2362,0.224,0.2088,0.191,0.1709,0.1492,0.1265,0.1034,0.08091,0.05977,0.04092,0.02521,0.01331,0.005616,0.001923,
pal10,waccm_eq,308.5,0.2714,0.2695,0.2638,0.2544,0.2415,0.2255,0.2066,0.1854,0.1624,0.1382,0.1137,0.0895,0.06669,0.04617,0.02887,0.01554,0.006683,0.00226,
pal10,waccm_eq,309.5,0.2235,0.222,0.2175,0.21,0.1998,0.1871,0.172,0.1551,0.1366,0.1171,0.09717,0.07741,0.05856,0.04137,0.02657,0.01483,0.006651,0.002233,
pal10,waccm_eq,310.5,0.2898,0.2879,0.2822,0.2728,0.26,0.2438,0.2248,0.2033,0.1798,0.155,0.1294,0.104,0.07949,0.05696,0.03729,0.02137,0.009898,0.003341,
pal10,waccm_eq,311.5,0.3611,0.3588,0.3518,0.3404,0.3246,0.3049,0.2816,0.2552,0.2264,0.1958,0.1642,0.1326,0.1021,0.07387,0.04899,0.02857,0.01353,0.004605,
pal10,waccm_eq,312.5,0.3327,0.3306,0.3244,0.3142,0.3002,0.2826,0.2618,0.2382,0.2123,0.1847,0.1561,0.1273,0.09932,0.07306,0.04959,0.02989,0.01481,0.0052,
pal10,waccm_eq,313.5,0.372,0.3697,0.3628,0.3515,0.336,0.3165,0.2934,0.2672,0.2384,0.2077,0.1759,0.1438,0.1125,0.08307,0.05667,0.03439,0.0172,0.006082,
pal10,waccm_eq,314.5,0.354,0.3519,0.3455,0.3351,0.3208,0.3028,0.2814,0.2571,0.2304,0.2018,0.172,0.1418,0.1122,0.08404,0.0585,0.03655,0.01908,0.007055,
pal10,waccm_eq,315.5,0.3622,0.3601,0.3537,0.3431,0.3285,0.3102,0.2884,0.2637,0.2364,0.2073,0.1769,0.146,0.1157,0.08688,0.06065,0.03804,0.01996,0.007423,
pal10,waccm_eq,316.5,0.3472,0.3452,0.3392,0.3293,0.3157,0.2985,0.2782,0.2549,0.2293,0.2018,0.1731,0.1439,0.115,0.0873,0.0619,0.03972,0.02157,0.008398,
pal10,waccm_eq,317.5,0.4904,0.4875,0.4791,0.4651,0.4459,0.4217,0.393,0.3602,0.3241,0.2853,0.2447,0.2034,0.1625,0.1234,0.08747,0.05608,0.03042,0.01181,
pal10,waccm_eq,318.5,0.3723,0.3683,0.364,0.3536,0.3393,0.3214,0.3001,0.2757,0.2487,0.2198,0.1894,0.1584,0.1275,0.09785,0.07037,0.04608,0.02583,0.01054,
pal10,waccm_eq,319.5,0.4509,0.4483,0.4408,0.4283,0.4112,0.3895,0.3638,0.3344,0.3019,0.267,0.2303,0.1928,0.1555,0.1195,0.08615,0.05661,0.0319,0.01312,
pal10,waccm_eq,320.5,0.5439,0.5409,0.5318,0.5169,0.4963,0.4704,0.4395,0.4038,0.3653,0.3233,0.2792,0.2341,0.1891,0.1457,0.1054,0.06956,0.03949,0.01643,
pal10,waccm_eq,321.5,0.4468,0.4443,0.4371,0.4252,0.4086,0.3878,0.3629,0.3346,0.3031,0.2691,0.2334,0.1967,0.1601,0.1245,0.09122,0.06138,0.03594,0.01577,
pal10,waccm_eq,322.5,0.4609,0.4584,0.4508,0.4382,0.4209,0.3991,0.3731,0.3435,0.3106,0.2752,0.2379,0.1997,0.1617,0.1248,0.0905,0.05995,0.03423,0.01437,
pal10,waccm_eq,323.5,0.4562,0.4537,0.4464,0.4343,0.4176,0.3966,0.3716,0.3429,0.3111,0.2767,0.2405,0.2032,0.1659,0.1296,0.09545,0.06476,0.03843,0.01727,
pal10,waccm_eq,324.5,0.5358,0.5329,0.5243,0.5101,0.4905,0.4658,0.4364,0.4027,0.3654,0.325,0.2824,0.2386,0.1947,0.152,0.1119,0.07581,0.04488,0.02008,
pal10,waccm_eq,325.5,0.6034,0.6002,0.5905,0.5745,0.5524,0.5245,0.4913,0.4533,0.4111,0.3655,0.3175,0.2681,0.2186,0.1704,0.1251,0.0845,0.04975,0.02204,
pal10,waccm_eq,326.5,0.71,0.7063,0.6951,0.6766,0.6511,0.6189,0.5805,0.5365,0.4877,0.4348,0.379,0.3214,0.2635,0.207,0.1537,0.1055,0.06375,0.02966,
pal10,waccm_eq,327.5,0.6668,0.6632,0.6527,0.6353,0.6112,0.5808,0.5446,0.5032,0.4571,0.4072,0.3546,0.3004,0.2459,0.1927,0.1425,0.09722,0.05822,0.02662,
pal10,waccm_eq,328.5,0.6154,0.6121,0.6024,0.5863,0.5642,0.5362,0.5028,0.4646,0.4221,0.3762,0.3276,0.2776,0.2272,0.1781,0.1318,0.08991,0.05386,0.02464,
pal10,waccm_eq,329.5,0.7805,0.7765,0.7643,0.7443,0.7165,0.6816,0.6398,0.5919,0.5387,0.481,0.42,0.357,0.2935,0.2314,0.1725,0.1191,0.07276,0.03456,
pal10,waccm_eq,330.5,0.7156,0.7119,0.7007,0.6822,0.6567,0.6245,0.5861,0.542,0.493,0.44,0.3838,0.3259,0.2675,0.2104,0.1563,0.1074,0.065,0.03036,
pal10,waccm_eq,331.5,0.7082,0.7045,0.6935,0.6752,0.6499,0.6181,0.5801,0.5365,0.488,0.4355,0.3799,0.3225,0.2647,0.208,0.1545,0.106,0.06405,0.02981,
pal10,waccm_eq,332.5,0.6863,0.6828,0.6722,0.6547,0.6305,0.5999,0.5634,0.5216,0.475,0.4245,0.3711,0.3158,0.2599,0.2052,0.1533,0.106,0.06498,0.0311,
pal10,waccm_eq,333.5,0.649,0.6456,0.6356,0.619,0.596,0.5671,0.5325,0.4928,0.4487,0.4008,0.3501,0.2977,0.2448,0.1929,0.1437,0.09901,0.0603,0.0285,
pal10,waccm_eq,334.5,0.7224,0.7186,0.7075,0.6891,0.6636,0.6315,0.5931,0.5491,0.5001,0.447,0.3906,0.3324,0.2735,0.2157,0.1609,0.1111,0.06786,0.03228,
pal10,waccm_eq,335.5,0.7263,0.7226,0.7115,0.6931,0.6676,0.6355,0.5972,0.5531,0.5041,0.4509,0.3944,0.336,0.2769,0.2189,0.1637,0.1135,0.06976,0.03363,
pal10,waccm_eq,336.5,0.5689,0.566,0.5573,0.5428,0.5229,0.4978,0.4677,0.4332,0.3948,0.3531,0.3089,0.2631,0.2168,0.1712,0.128,0.08857,0.05434,0.02608,
pal10,waccm_eq,337.5,0.6275,0.6243,0.6147,0.5988,0.5767,0.549,0.5158,0.4776,0.4352,0.3891,0.3402,0.2896,0.2384,0.1881,0.1403,0.09679,0.05908,0.02808,
pal10,waccm_eq,338.5,0.6569,0.6535,0.6435,0.6269,0.604,0.5751,0.5406,0.5009,0.4567,0.4086,0.3577,0.3049,0.2514,0.1988,0.1487,0.103,0.06332,0.03054,
pal10,waccm_eq,339.5,0.7131,0.7094,0.6986,0.6806,0.6558,0.6245,0.5871,0.5441,0.4961,0.4441,0.3888,0.3315,0.2734,0.2163,0.1618,0.1122,0.06902,0.03335,
pal10,waccm_eq,340.5,0.7643,0.7604,0.7487,0.7295,0.7029,0.6693,0.6292,0.583,0.5316,0.4758,0.4165,0.355,0.2927,0.2314,0.173,0.1197,0.07341,0.03527,
pal10,waccm_eq,341.5,0.6757,0.6723,0.6621,0.6451,0.6217,0.5921,0.5567,0.5161,0.4708,0.4215,0.3692,0.3149,0.2599,0.2057,0.154,0.1068,0.06572,0.03181,
pal10,waccm_eq,342.5,0.7478,0.744,0.7326,0.7139,0.6881,0.6554,0.6163,0.5714,0.5213,0.4669,0.4091,0.349,0.2881,0.228,0.1708,0.1184,0.07295,0.03536,
pal10,waccm_eq,343.5,0.7775,0.7735,0.7618,0.7423,0.7155,0.6815,0.6409,0.5942,0.5422,0.4856,0.4254,0.3629,0.2996,0.2371,0.1774,0.123,0.07561,0.03655,
pal10,waccm_eq,344.5,0.5456,0.5428,0.5345,0.5209,0.5021,0.4782,0.4498,0.417,0.3805,0.3408,0.2986,0.2547,0.2102,0.1663,0.1244,0.08611,0.05286,0.02548,
pal10,waccm_eq,345.5,0.7442,0.7405,0.7293,0.7107,0.6851,0.6527,0.614,0.5695,0.5198,0.4658,0.4083,0.3486,0.2879,0.228,0.1708,0.1185,0.07299,0.03544,
pal10,waccm_eq,346.5,0.6975,0.694,0.6835,0.6662,0.6421,0.6118,0.5755,0.5337,0.4872,0.4365,0.3826,0.3266,0.2697,0.2135,0.1598,0.1107,0.06801,0.03287,
pal10,waccm_eq,347.5,0.6811,0.6777,0.6674,0.6505,0.6271,0.5975,0.5621,0.5214,0.476,0.4265,0.3739,0.3192,0.2637,0.2088,0.1563,0.1082,0.06652,0.03216,
pal10,waccm_eq,348.5,0.7476,0.7438,0.7326,0.7141,0.6884,0.656,0.6172,0.5726,0.5228,0.4686,0.4109,0.3509,0.2899,0.2296,0.172,0.1191,0.07326,0.03547,
pal10,waccm_eq,349.5,0.6263,0.6232,0.6138,0.5983,0.5768,0.5497,0.5172,0.4799,0.4382,0.3928,0.3445,0.2943,0.2432,0.1926,0.1442,0.09991,0.06141,0.02973,
pal10,waccm_eq,350.5,0.8764,0.872,0.8589,0.8372,0.8072,0.7693,0.724,0.6718,0.6135,0.5501,0.4825,0.4122,0.3407,0.2699,0.2021,0.14,0.08605,0.04167,
pal10,waccm_eq,351.5,0.7553,0.7515,0.7402,0.7216,0.6958,0.6631,0.6241,0.5792,0.529,0.4743,0.4161,0.3555,0.2939,0.2328,0.1743,0.1207,0.07416,0.03589,
pal10,waccm_eq,352.5,0.6807,0.6773,0.6671,0.6504,0.6271,0.5978,0.5626,0.5222,0.477,0.4278,0.3754,0.3208,0.2652,0.2101,0.1574,0.109,0.06695,0.03241,
pal10,waccm_eq,353.5,0.8187,0.8146,0.8024,0.7823,0.7544,0.7191,0.6769,0.6283,0.5741,0.5149,0.4519,0.3863,0.3194,0.2532,0.1896,0.1313,0.0807,0.0391,
pal10,waccm_eq,354.5,0.8854,0.881,0.8678,0.846,0.8159,0.7778,0.7323,0.6798,0.6212,0.5573,0.4892,0.4182,0.3459,0.2742,0.2054,0.1423,0.08744,0.04239,
pal10,waccm_eq,355.5,0.8271,0.8229,0.8107,0.7904,0.7623,0.7267,0.6842,0.6353,0.5805,0.5209,0.4573,0.391,0.3235,0.2565,0.1922,0.1331,0.08176,0.03964,
pal10,waccm_eq,356.5,0.7672,0.7634,0.752,0.7332,0.7072,0.6743,0.6349,0.5895,0.5388,0.4835,0.4246,0.3631,0.3004,0.2382,0.1785,0.1236,0.07591,0.03679,
pal10,waccm_eq,357.5,0.6522,0.649,0.6393,0.6233,0.6013,0.5733,0.5398,0.5013,0.4582,0.4113,0.3612,0.3089,0.2556,0.2027,0.1519,0.1052,0.06457,0.03129,
pal10,waccm_eq,358.5,0.503,0.5005,0.4931,0.4808,0.4638,0.4422,0.4165,0.3868,0.3536,0.3174,0.2788,0.2385,0.1974,0.1566,0.1173,0.08123,0.04987,0.02417,
pal10,waccm_eq,359.5,0.8462,0.842,0.8295,0.8088,0.7803,0.7441,0.7008,0.6509,0.5951,0.5343,0.4694,0.4016,0.3324,0.2637,0.1976,0.1368,0.08397,0.0407,
pal10,waccm_eq,360.5,0.784,0.7801,0.7686,0.7494,0.723,0.6895,0.6495,0.6033,0.5517,0.4953,0.4352,0.3724,0.3084,0.2446,0.1833,0.1269,0.07787,0.03774,
pal10,waccm_eq,361.5,0.7064,0.703,0.6926,0.6754,0.6516,0.6215,0.5854,0.5438,0.4973,0.4466,0.3925,0.3359,0.2782,0.2207,0.1654,0.1145,0.07026,0.03405,
pal10,waccm_eq,362.5,0.8292,0.8251,0.8129,0.7928,0.7649,0.7296,0.6873,0.6386,0.5841,0.5246,0.4611,0.3947,0.3269,0.2594,0.1944,0.1346,0.08255,0.04002,
pal10,waccm_eq,363.5,0.7373,0.7337,0.7229,0.705,0.6802,0.6488,0.6113,0.568,0.5196,0.4667,0.4103,0.3513,0.291,0.231,0.1731,0.1198,0.07348,0.03561,
pal10,waccm_eq,364.5,0.804,0.8001,0.7883,0.7688,0.7418,0.7077,0.6668,0.6196,0.5669,0.5093,0.4477,0.3834,0.3177,0.2522,0.189,0.1308,0.08019,0.03886,
pal10,waccm_eq,365.5,0.9794,0.9746,0.9603,0.9366,0.9037,0.8622,0.8124,0.755,0.6908,0.6207,0.5458,0.4674,0.3873,0.3075,0.2305,0.1595,0.09775,0.04736,
pal10,waccm_eq,366.5,1.036,1.031,1.016,0.9908,0.9561,0.9122,0.8596,0.799,0.7311,0.657,0.5778,0.495,0.4102,0.3257,0.2442,0.169,0.1035,0.05015,
pal10,waccm_eq,367.5,0.9833,0.9785,0.9641,0.9404,0.9075,0.8659,0.816,0.7585,0.6942,0.6239,0.5488,0.4702,0.3897,0.3095,0.2321,0.1606,0.09835,0.04765,
pal10,waccm_eq,368.5,0.8635,0.8593,0.8467,0.8258,0.797,0.7605,0.7168,0.6663,0.6099,0.5482,0.4823,0.4132,0.3426,0.2721,0.204,0.1412,0.08644,0.04187,
pal10,waccm_eq,369.5,1.035,1.03,1.015,0.9903,0.9557,0.912,0.8596,0.7992,0.7316,0.6577,0.5787,0.4959,0.4112,0.3267,0.245,0.1695,0.1037,0.05024,
pal10,waccm_eq,370.5,0.939,0.9344,0.9208,0.8982,0.8669,0.8273,0.7798,0.7251,0.6638,0.5968,0.5252,0.4502,0.3733,0.2966,0.2225,0.1539,0.09417,0.0456,
pal10,waccm_eq,371.5,1.074,1.069,1.053,1.027,0.9916,0.9464,0.8922,0.8296,0.7596,0.683,0.6011,0.5154,0.4275,0.3397,0.2548,0.1762,0.1078,0.0522,
pal10,waccm_eq,372.5,0.793,0.7892,0.7777,0.7586,0.7323,0.6989,0.6589,0.6128,0.5611,0.5046,0.4442,0.3809,0.316,0.2511,0.1884,0.1303,0.07968,0.03857,
pal10,waccm_eq,373.5,0.7165,0.7131,0.7027,0.6855,0.6617,0.6316,0.5955,0.5539,0.5072,0.4562,0.4016,0.3444,0.2858,0.2272,0.1704,0.1178,0.07206,0.03487,
pal10,waccm_eq,374.5,0.7862,0.7824,0.771,0.7522,0.7261,0.6931,0.6535,0.6079,0.5568,0.5008,0.441,0.3782,0.3139,0.2495,0.1872,0.1294,0.07913,0.03829,
pal10,waccm_eq,375.5,0.8867,0.8824,0.8696,0.8484,0.819,0.7818,0.7373,0.6858,0.6282,0.5652,0.4977,0.427,0.3544,0.2818,0.2114,0.1462,0.08933,0.04322,
pal10,waccm_eq,376.5,0.8851,0.8808,0.8681,0.8469,0.8177,0.7806,0.7361,0.6848,0.6274,0.5645,0.4972,0.4266,0.3541,0.2816,0.2113,0.1461,0.08926,0.04317,
pal10,waccm_eq,377.5,1.054,1.049,1.033,1.008,0.9734,0.9293,0.8765,0.8155,0.7471,0.6723,0.5922,0.5082,0.422,0.3356,0.2518,0.1741,0.1063,0.05143,
pal10,waccm_eq,378.5,1.148,1.142,1.126,1.099,1.061,1.013,0.9552,0.8888,0.8144,0.7329,0.6457,0.5542,0.4602,0.3661,0.2747,0.1899,0.116,0.05607,
pal10,waccm_eq,379.5,0.849,0.8449,0.8327,0.8125,0.7846,0.7491,0.7066,0.6576,0.6026,0.5424,0.4779,0.4102,0.3407,0.2711,0.2034,0.1406,0.08585,0.0415,
pal10,waccm_eq,380.5,1.021,1.016,1.001,0.9769,0.9433,0.9008,0.8497,0.7908,0.7247,0.6524,0.5749,0.4936,0.41,0.3263,0.2449,0.1693,0.1033,0.04992,
pal10,waccm_eq,381.5,0.9589,0.9543,0.9405,0.9177,0.8862,0.8463,0.7984,0.7431,0.6811,0.6132,0.5405,0.4641,0.3856,0.3068,0.2303,0.1592,0.09713,0.04693,
pal10,waccm_eq,382.5,0.6387,0.6357,0.6265,0.6114,0.5904,0.5638,0.5319,0.4951,0.4539,0.4087,0.3603,0.3094,0.2571,0.2046,0.1536,0.1062,0.06476,0.03128,
pal10,waccm_eq,383.5,0.5607,0.558,0.55,0.5367,0.5183,0.495,0.4671,0.4348,0.3986,0.3589,0.3165,0.2718,0.2259,0.1798,0.135,0.09332,0.0569,0.02748,
pal10,waccm_eq,384.5,0.8412,0.8371,0.8251,0.8052,0.7777,0.7427,0.7008,0.6525,0.5982,0.5388,0.4751,0.4081,0.3392,0.2701,0.2028,0.1402,0.08544,0.04125,
pal10,waccm_eq,385.5,0.832,0.828,0.8161,0.7965,0.7692,0.7347,0.6933,0.6455,0.5919,0.5332,0.4702,0.404,0.3359,0.2674,0.2008,0.1388,0.08459,0.04083,
pal10,waccm_eq,386.5,0.8478,0.8438,0.8317,0.8117,0.7839,0.7488,0.7067,0.658,0.6034,0.5436,0.4794,0.412,0.3426,0.2728,0.2049,0.1416,0.08627,0.04163,
pal10,waccm_eq,387.5,0.7877,0.7839,0.7727,0.7541,0.7284,0.6958,0.6567,0.6115,0.5608,0.5053,0.4457,0.3831,0.3186,0.2538,0.1906,0.1317,0.08023,0.0387,
pal10,waccm_eq,388.5,0.7893,0.7856,0.7743,0.7557,0.73,0.6974,0.6582,0.613,0.5622,0.5066,0.4469,0.3842,0.3196,0.2546,0.1912,0.1322,0.08047,0.03881,
pal10,waccm_eq,389.5,0.9951,0.9904,0.9762,0.9528,0.9204,0.8793,0.83,0.773,0.7091,0.639,0.5638,0.4847,0.4033,0.3213,0.2414,0.1668,0.1015,0.04896,
pal10,waccm_eq,390.5,0.9771,0.9725,0.9586,0.9357,0.9039,0.8635,0.8152,0.7593,0.6966,0.6278,0.554,0.4764,0.3964,0.3159,0.2373,0.164,0.0998,0.0481,
pal10,waccm_eq,391.5,1.159,1.153,1.137,1.11,1.072,1.024,0.967,0.9008,0.8264,0.745,0.6575,0.5654,0.4706,0.3751,0.2818,0.1947,0.1185,0.05709,
pal10,waccm_eq,392.5,0.8688,0.8647,0.8524,0.832,0.8038,0.768,0.7251,0.6755,0.6198,0.5588,0.4932,0.4242,0.3531,0.2815,0.2115,0.1462,0.0889,0.04282,
pal10,waccm_eq,393.5,0.3776,0.3758,0.3705,0.3616,0.3494,0.3339,0.3152,0.2937,0.2695,0.243,0.2145,0.1845,0.1536,0.1225,0.09206,0.0636,0.03867,0.01862,
pal10,waccm_eq,394.5,0.8883,0.8841,0.8716,0.8508,0.822,0.7855,0.7417,0.6911,0.6342,0.5719,0.5049,0.4344,0.3617,0.2884,0.2168,0.1498,0.09106,0.04384,
pal10,waccm_eq,395.5,1.143,1.137,1.121,1.094,1.057,1.011,0.9543,0.8892,0.8161,0.736,0.6499,0.5593,0.4657,0.3714,0.2792,0.1929,0.1172,0.05642,
pal10,waccm_eq,396.5,0.6708,0.6677,0.6582,0.6425,0.6208,0.5933,0.5603,0.5221,0.4793,0.4323,0.3818,0.3286,0.2737,0.2183,0.1641,0.1134,0.06889,0.03314,
pal10,waccm_eq,397.5,0.7739,0.7702,0.7593,0.7413,0.7163,0.6846,0.6465,0.6025,0.5531,0.4989,0.4407,0.3793,0.316,0.2521,0.1896,0.131,0.07955,0.03826,
pal10,waccm_eq,398.5,1.329,1.323,1.305,1.274,1.231,1.176,1.111,1.035,0.9506,0.8575,0.7575,0.6522,0.5433,0.4336,0.3261,0.2253,0.1368,0.06577,
pal10,waccm_eq,399.5,1.383,1.376,1.357,1.324,1.28,1.223,1.155,1.077,0.9889,0.8922,0.7882,0.6787,0.5655,0.4513,0.3395,0.2345,0.1424,0.06843,
pal10,waccm_eq,400.5,1.453,1.446,1.426,1.392,1.345,1.286,1.215,1.132,1.04,0.9382,0.829,0.7139,0.595,0.4749,0.3573,0.2468,0.1498,0.07197,
pal10,waccm_eq,401.5,1.495,1.488,1.467,1.432,1.384,1.323,1.25,1.165,1.07,0.9655,0.8532,0.7349,0.6125,0.489,0.3679,0.2542,0.1542,0.07407,
pal10,waccm_eq,402.5,1.551,1.544,1.522,1.486,1.437,1.373,1.297,1.21,1.111,1.003,0.8861,0.7633,0.6364,0.5081,0.3823,0.2641,0.1602,0.07692,
pal10,waccm_eq,403.5,1.42,1.413,1.393,1.36,1.315,1.257,1.187,1.107,1.017,0.9179,0.8114,0.699,0.5829,0.4655,0.3503,0.242,0.1468,0.07043,
pal10,waccm_eq,404.5,1.392,1.386,1.366,1.334,1.289,1.233,1.165,1.086,0.9975,0.9005,0.7961,0.6859,0.572,0.4569,0.3439,0.2376,0.144,0.06911,
pal10,waccm_eq,405.5,1.446,1.439,1.419,1.386,1.339,1.28,1.21,1.128,1.036,0.9356,0.8273,0.7129,0.5946,0.475,0.3576,0.2471,0.1497,0.07181,
pal10,waccm_eq,406.5,1.362,1.355,1.336,1.305,1.261,1.206,1.139,1.063,0.9763,0.8815,0.7795,0.6719,0.5605,0.4478,0.3371,0.2329,0.1411,0.06766,
pal10,waccm_eq,407.5,1.373,1.366,1.347,1.315,1.271,1.216,1.149,1.071,0.9844,0.8889,0.7862,0.6777,0.5654,0.4518,0.3402,0.2351,0.1424,0.06824,
pal10,waccm_eq,408.5,1.528,1.521,1.5,1.465,1.416,1.354,1.279,1.193,1.097,0.9903,0.8759,0.7552,0.6302,0.5037,0.3793,0.262,0.1587,0.07602,
pal10,waccm_eq,409.5,1.498,1.491,1.47,1.436,1.388,1.327,1.254,1.17,1.075,0.971,0.859,0.7407,0.6182,0.4941,0.3722,0.2571,0.1557,0.07455,
pal10,waccm_eq,410.5,1.299,1.293,1.275,1.245,1.203,1.151,1.088,1.015,0.9325,0.8423,0.7452,0.6426,0.5364,0.4289,0.3231,0.2232,0.1351,0.06467,
pal10,waccm_eq,411.5,1.561,1.554,1.532,1.496,1.446,1.383,1.307,1.22,1.121,1.013,0.896,0.7728,0.6452,0.5159,0.3887,0.2686,0.1625,0.07776,
pal10,waccm_eq,412.5,1.547,1.539,1.518,1.482,1.433,1.371,1.296,1.209,1.111,1.004,0.8884,0.7663,0.6399,0.5118,0.3856,0.2664,0.1612,0.0771,
pal10,waccm_eq,413.5,1.5,1.493,1.472,1.438,1.39,1.329,1.257,1.172,1.078,0.9739,0.8619,0.7436,0.621,0.4968,0.3743,0.2587,0.1565,0.0748,
pal10,waccm_eq,414.5,1.541,1.534,1.513,1.477,1.428,1.366,1.292,1.205,1.108,1.001,0.8862,0.7647,0.6387,0.511,0.3851,0.2661,0.1609,0.07691,
pal10,waccm_eq,415.5,1.474,1.467,1.447,1.413,1.366,1.307,1.235,1.153,1.06,0.9579,0.8479,0.7318,0.6113,0.4891,0.3687,0.2548,0.1541,0.07358,
pal10,waccm_eq,416.5,1.604,1.596,1.574,1.537,1.487,1.422,1.344,1.255,1.154,1.043,0.9232,0.7968,0.6658,0.5328,0.4017,0.2776,0.1678,0.08011,
pal10,waccm_eq,417.5,1.466,1.459,1.439,1.405,1.359,1.3,1.229,1.147,1.055,0.9535,0.8443,0.7288,0.609,0.4875,0.3675,0.254,0.1535,0.07325,
pal10,waccm_eq,418.5,1.477,1.47,1.45,1.416,1.369,1.31,1.239,1.156,1.063,0.9612,0.8512,0.7349,0.6142,0.4917,0.3708,0.2563,0.1548,0.07385,
pal10,waccm_eq,419.5,1.526,1.519,1.498,1.463,1.414,1.353,1.28,1.194,1.099,0.9931,0.8796,0.7595,0.6349,0.5083,0.3834,0.265,0.1601,0.07632,
pal10,waccm,280.5,,,,,,,,,,,,,,,,,,,2.051e-12
pal10,waccm,281.5,,,,,,,,,,,,,,,,,,,4.025e-11
pal10,waccm,282.5,,,,,,,,,,,,,,,,,,,3.546e-10
pal10,waccm,283.5,,,,,,,,,,,,,,,,,,,1.316e-09
pal10,waccm,284.5,,,,,,,,,,,,,,,,,,,9.004e-09
pal10,waccm,285.5,,,,,,,,,,,,,,,,,,,2.308e-08
pal10,waccm,286.5,,,,,,,,,,,,,,,,,,,2.143e-07
pal10,waccm,287.5,,,,,,,,,,,,,,,,,,,9.504e-07
pal10,waccm,288.5,,,,,,,,,,,,,,,,,,,3.586e-06
pal10,waccm,289.5,,,,,,,,,,,,,,,,,,,1.6e-05
pal10,waccm,290.5,,,,,,,,,,,,,,,,,,,5.382e-05
pal10,waccm,291.5,,,,,,,,,,,,,,,,,,,0.0001398
pal10,waccm,292.5,,,,,,,,,,,,,,,,,,,0.0002845
pal10,waccm,293.5,,,,,,,,,,,,,,,,,,,0.0007028
pal10,waccm,294.5,,,,,,,,,,,,,,,,,,,0.001172
pal10,waccm,295.5,,,,,,,,,,,,,,,,,,,0.002589
pal10,waccm,296.5,,,,,,,,,,,,,,,,,,,0.004035
pal10,waccm,297.5,,,,,,,,,,,,,,,,,,,0.007021
pal10,waccm,298.5,,,,,,,,,,,,,,,,,,,0.007694
pal10,waccm,299.5,,,,,,,,,,,,,,,,,,,0.01594
pal10,waccm,300.5,,,,,,,,,,,,,,,,,,,0.01403
pal10,waccm,301.5,,,,,,,,,,,,,,,,,,,0.02615
pal10,waccm,302.5,,,,,,,,,,,,,,,,,,,0.03127
pal10,waccm,303.5,,,,,,,,,,,,,,,,,,,0.05085
pal10,waccm,304.5,,,,,,,,,,,,,,,,,,,0.0541
pal10,waccm,305.5,,,,,,,,,,,,,,,,,,,0.06885
pal10,waccm,306.5,,,,,,,,,,,,,,,,,,,0.07071
pal10,waccm,307.5,,,,,,,,,,,,,,,,,,,0.09925
pal10,waccm,308.5,,,,,,,,,,,,,,,,,,,0.1098
pal10,waccm,309.5,,,,,,,,,,,,,,,,,,,0.0951
pal10,waccm,310.5,,,,,,,,,,,,,,,,,,,0.1278
pal10,waccm,311.5,,,,,,,,,,,,,,,,,,,0.1631
pal10,waccm,312.5,,,,,,,,,,,,,,,,,,,0.1569
pal10,waccm,313.5,,,,,,,,,,,,,,,,,,,0.1771
pal10,waccm,314.5,,,,,,,,,,,,,,,,,,,0.175
pal10,waccm,315.5,,,,,,,,,,,,,,,,,,,0.1801
pal10,waccm,316.5,,,,,,,,,,,,,,,,,,,0.1777
pal10,waccm,317.5,,,,,,,,,,,,,,,,,,,0.251
pal10,waccm,318.5,,,,,,,,,,,,,,,,,,,0.1958
pal10,waccm,319.5,,,,,,,,,,,,,,,,,,,0.2382
pal10,waccm,320.5,,,,,,,,,,,,,,,,,,,0.2893
pal10,waccm,321.5,,,,,,,,,,,,,,,,,,,0.2434
pal10,waccm,322.5,,,,,,,,,,,,,,,,,,,0.2467
pal10,waccm,323.5,,,,,,,,,,,,,,,,,,,0.2514
pal10,waccm,324.5,,,,,,,,,,,,,,,,,,,0.295
pal10,waccm,325.5,,,,,,,,,,,,,,,,,,,0.3313
pal10,waccm,326.5,,,,,,,,,,,,,,,,,,,0.3976
pal10,waccm,327.5,,,,,,,,,,,,,,,,,,,0.3711
pal10,waccm,328.5,,,,,,,,,,,,,,,,,,,0.343
pal10,waccm,329.5,,,,,,,,,,,,,,,,,,,0.4414
pal10,waccm,330.5,,,,,,,,,,,,,,,,,,,0.4025
pal10,waccm,331.5,,,,,,,,,,,,,,,,,,,0.3983
pal10,waccm,332.5,,,,,,,,,,,,,,,,,,,0.3901
pal10,waccm,333.5,,,,,,,,,,,,,,,,,,,0.3675
pal10,waccm,334.5,,,,,,,,,,,,,,,,,,,0.4103
pal10,waccm,335.5,,,,,,,,,,,,,,,,,,,0.4148
pal10,waccm,336.5,,,,,,,,,,,,,,,,,,,0.3247
pal10,waccm,337.5,,,,,,,,,,,,,,,,,,,0.3572
pal10,waccm,338.5,,,,,,,,,,,,,,,,,,,0.3761
pal10,waccm,339.5,,,,,,,,,,,,,,,,,,,0.4088
pal10,waccm,340.5,,,,,,,,,,,,,,,,,,,0.4377
pal10,waccm,341.5,,,,,,,,,,,,,,,,,,,0.3883
pal10,waccm,342.5,,,,,,,,,,,,,,,,,,,0.4302
pal10,waccm,343.5,,,,,,,,,,,,,,,,,,,0.4472
pal10,waccm,344.5,,,,,,,,,,,,,,,,,,,0.3137
pal10,waccm,345.5,,,,,,,,,,,,,,,,,,,0.4294
pal10,waccm,346.5,,,,,,,,,,,,,,,,,,,0.4021
pal10,waccm,347.5,,,,,,,,,,,,,,,,,,,0.393
pal10,waccm,348.5,,,,,,,,,,,,,,,,,,,0.4319
pal10,waccm,349.5,,,,,,,,,,,,,,,,,,,0.3621
pal10,waccm,350.5,,,,,,,,,,,,,,,,,,,0.5071
pal10,waccm,351.5,,,,,,,,,,,,,,,,,,,0.4373
pal10,waccm,352.5,,,,,,,,,,,,,,,,,,,0.3945
pal10,waccm,353.5,,,,,,,,,,,,,,,,,,,0.4749
pal10,waccm,354.5,,,,,,,,,,,,,,,,,,,0.5141
pal10,waccm,355.5,,,,,,,,,,,,,,,,,,,0.4806
pal10,waccm,356.5,,,,,,,,,,,,,,,,,,,0.4461
pal10,waccm,357.5,,,,,,,,,,,,,,,,,,,0.3795
pal10,waccm,358.5,,,,,,,,,,,,,,,,,,,0.2929
pal10,waccm,359.5,,,,,,,,,,,,,,,,,,,0.4931
pal10,waccm,360.5,,,,,,,,,,,,,,,,,,,0.4572
pal10,waccm,361.5,,,,,,,,,,,,,,,,,,,0.4123
pal10,waccm,362.5,,,,,,,,,,,,,,,,,,,0.4843
pal10,waccm,363.5,,,,,,,,,,,,,,,,,,,0.4309
pal10,waccm,364.5,,,,,,,,,,,,,,,,,,,0.4703
pal10,waccm,365.5,,,,,,,,,,,,,,,,,,,0.5732
pal10,waccm,366.5,,,,,,,,,,,,,,,,,,,0.6068
pal10,waccm,367.5,,,,,,,,,,,,,,,,,,,0.5763
pal10,waccm,368.5,,,,,,,,,,,,,,,,,,,0.5064
pal10,waccm,369.5,,,,,,,,,,,,,,,,,,,0.6076
pal10,waccm,370.5,,,,,,,,,,,,,,,,,,,0.5515
pal10,waccm,371.5,,,,,,,,,,,,,,,,,,,0.6312
pal10,waccm,372.5,,,,,,,,,,,,,,,,,,,0.4664
pal10,waccm,373.5,,,,,,,,,,,,,,,,,,,0.4217
pal10,waccm,374.5,,,,,,,,,,,,,,,,,,,0.4629
pal10,waccm,375.5,,,,,,,,,,,,,,,,,,,0.5225
pal10,waccm,376.5,,,,,,,,,,,,,,,,,,,0.5219
pal10,waccm,377.5,,,,,,,,,,,,,,,,,,,0.6216
pal10,waccm,378.5,,,,,,,,,,,,,,,,,,,0.6777
pal10,waccm,379.5,,,,,,,,,,,,,,,,,,,0.5016
pal10,waccm,380.5,,,,,,,,,,,,,,,,,,,0.6034
pal10,waccm,381.5,,,,,,,,,,,,,,,,,,,0.5671
pal10,waccm,382.5,,,,,,,,,,,,,,,,,,,0.378
pal10,waccm,383.5,,,,,,,,,,,,,,,,,,,0.332
pal10,waccm,384.5,,,,,,,,,,,,,,,,,,,0.4985
pal10,waccm,385.5,,,,,,,,,,,,,,,,,,,0.4933
pal10,waccm,386.5,,,,,,,,,,,,,,,,,,,0.503
pal10,waccm,387.5,,,,,,,,,,,,,,,,,,,0.4676
pal10,waccm,388.5,,,,,,,,,,,,,,,,,,,0.4688
pal10,waccm,389.5,,,,,,,,,,,,,,,,,,,0.5914
pal10,waccm,390.5,,,,,,,,,,,,,,,,,,,0.5811
pal10,waccm,391.5,,,,,,,,,,,,,,,,,,,0.6896
pal10,waccm,392.5,,,,,,,,,,,,,,,,,,,0.5173
pal10,waccm,393.5,,,,,,,,,,,,,,,,,,,0.225
pal10,waccm,394.5,,,,,,,,,,,,,,,,,,,0.5295
pal10,waccm,395.5,,,,,,,,,,,,,,,,,,,0.6815
pal10,waccm,396.5,,,,,,,,,,,,,,,,,,,0.4003
pal10,waccm,397.5,,,,,,,,,,,,,,,,,,,0.4621
pal10,waccm,398.5,,,,,,,,,,,,,,,,,,,0.7943
pal10,waccm,399.5,,,,,,,,,,,,,,,,,,,0.8264
pal10,waccm,400.5,,,,,,,,,,,,,,,,,,,0.8691
pal10,waccm,401.5,,,,,,,,,,,,,,,,,,,0.8945
pal10,waccm,402.5,,,,,,,,,,,,,,,,,,,0.9289
pal10,waccm,403.5,,,,,,,,,,,,,,,,,,,0.8505
pal10,waccm,404.5,,,,,,,,,,,,,,,,,,,0.8344
pal10,waccm,405.5,,,,,,,,,,,,,,,,,,,0.8671
pal10,waccm,406.5,,,,,,,,,,,,,,,,,,,0.817
pal10,waccm,407.5,,,,,,,,,,,,,,,,,,,0.8239
pal10,waccm,408.5,,,,,,,,,,,,,,,,,,,0.9179
pal10,waccm,409.5,,,,,,,,,,,,,,,,,,,0.9001
pal10,waccm,410.5,,,,,,,,,,,,,,,,,,,0.7808
pal10,waccm,411.5,,,,,,,,,,,,,,,,,,,0.9388
pal10,waccm,412.5,,,,,,,,,,,,,,,,,,,0.9308
pal10,waccm,413.5,,,,,,,,,,,,,,,,,,,0.903
pal10,waccm,414.5,,,,,,,,,,,,,,,,,,,0.9284
pal10,waccm,415.5,,,,,,,,,,,,,,,,,,,0.8883
pal10,waccm,416.5,,,,,,,,,,,,,,,,,,,0.9671
pal10,waccm,417.5,,,,,,,,,,,,,,,,,,,0.8844
pal10,waccm,418.5,,,,,,,,,,,,,,,,,,,0.8916
pal10,waccm,419.5,,,,,,,,,,,,,,,,,,,0.9213
pal1,atmos,280.5,1.051e-09,9.777e-10,7.841e-10,5.381e-10,3.115e-10,1.489e-10,5.7e-11,1.673e-11,3.544e-12,4.987e-13,4.194e-14,1.995e-15,1.405e-16,6.96e-17,5.388e-17,4.369e-17,3.477e-17,2.506e-17,
pal1,atmos,281.5,1.228e-08,1.149e-08,9.391e-09,6.653e-09,4.034e-09,2.053e-09,8.532e-10,2.782e-10,6.741e-11,1.126e-11,1.179e-12,7.348e-14,5.783e-15,2.632e-15,2.014e-15,1.629e-15,1.297e-15,9.355e-16,
pal1,atmos,282.5,6.952e-08,6.539e-08,5.429e-08,3.953e-08,2.494e-08,1.34e-08,5.976e-09,2.134e-09,5.802e-10,1.123e-10,1.419e-11,1.115e-12,9.812e-14,4.107e-14,3.1e-14,2.501e-14,1.989e-14,1.437e-14,
pal1,atmos,283.5,1.938e-07,1.829e-07,1.535e-07,1.138e-07,7.367e-08,4.1e-08,1.914e-08,7.248e-09,2.125e-09,4.523e-10,6.454e-11,5.88e-12,5.601e-13,2.207e-13,1.646e-13,1.324e-13,1.053e-13,7.612e-14,
pal1,atmos,284.5,7.688e-07,7.301e-07,6.244e-07,4.782e-07,3.247e-07,1.927e-07,9.786e-08,4.128e-08,1.388e-08,3.523e-09,6.287e-10,7.546e-11,8.565e-12,3.016e-12,2.179e-12,1.743e-12,1.384e-12,1.002e-12,
pal1,atmos,285.5,1.329e-06,1.268e-06,1.099e-06,8.626e-07,6.067e-07,3.776e-07,2.04e-07,9.32e-08,3.47e-08,1.002e-08,2.108e-09,3.095e-10,4.058e-11,1.315e-11,9.167e-12,7.286e-12,5.778e-12,4.183e-12,
pal1,atmos,286.5,9.122e-06,8.735e-06,7.659e-06,6.122e-06,4.424e-06,2.856e-06,1.619e-06,7.862e-07,3.164e-07,1.009e-07,2.407e-08,4.123e-09,6.092e-10,1.861e-10,1.248e-10,9.853e-11,7.799e-11,5.649e-11,
pal1,atmos,287.5,2.875e-05,2.764e-05,2.453e-05,2.001e-05,1.491e-05,1.002e-05,5.991e-06,3.115e-06,1.367e-06,4.867e-07,1.336e-07,2.717e-08,4.64e-09,1.344e-09,8.513e-10,6.644e-10,5.244e-10,3.799e-10,
pal1,atmos,288.5,7.505e-05,7.247e-05,6.516e-05,5.437e-05,4.184e-05,2.94e-05,1.862e-05,1.042e-05,5.025e-06,2.016e-06,6.437e-07,1.577e-07,3.188e-08,8.929e-09,5.206e-09,3.987e-09,3.131e-09,2.267e-09,
pal1,atmos,289.5,0.0002582,0.0002501,0.000227,0.0001925,0.0001516,0.00011,7.257e-05,4.283e-05,2.209e-05,9.648e-06,3.432e-06,9.589e-07,2.201e-07,6.139e-08,3.321e-08,2.49e-08,1.945e-08,1.407e-08,
pal1,atmos,290.5,0.0006974,0.0006772,0.0006196,0.0005326,0.0004278,0.0003187,0.0002177,0.0001343,7.331e-05,3.439e-05,1.339e-05,4.178e-06,1.071e-06,3.027e-07,1.524e-07,1.113e-07,8.643e-08,6.244e-08,
pal1,atmos,291.5,0.001407,0.001371,0.001266,0.001105,0.0009073,0.0006966,0.000495,0.0003212,0.0001868,9.505e-05,4.098e-05,1.45e-05,4.235e-06,1.246e-06,5.754e-07,4.024e-07,3.091e-07,2.227e-07,
pal1,atmos,292.5,0.002336,0.002281,0.002122,0.001875,0.001569,0.001234,0.000906,0.0006127,0.0003755,0.0002041,9.563e-05,3.748e-05,1.222e-05,3.783e-06,1.632e-06,1.084e-06,8.218e-07,5.9e-07,
pal1,atmos,293.5,0.004757,0.004655,0.00436,0.003899,0.003319,0.002674,0.002023,0.001422,0.0009156,0.0005296,0.0002683,0.0001158,4.201e-05,1.388e-05,5.679e-06,3.531e-06,2.625e-06,1.874e-06,
pal1,atmos,294.5,0.006856,0.006722,0.006329,0.005714,0.004929,0.003991,0.003132,0.00227,0.001519,0.0009217,0.0004961,0.0002307,9.103e-05,3.199e-05,1.271e-05,7.41e-06,5.383e-06,3.82e-06,
pal1,atmos,295.5,0.0129,0.01267,0.012,0.01094,0.009572,0.008007,0.006362,0.004762,0.003319,0.002121,0.001218,0.0006136,0.0002656,0.0001009,3.966e-05,2.134e-05,1.493e-05,1.049e-05,
pal1,atmos,296.5,0.01766,0.01737,0.01654,0.0152,0.01346,0.01144,0.009285,0.007138,0.005145,0.003431,0.002078,0.001118,0.000523,0.0002133,8.472e-05,4.248e-05,2.839e-05,1.969e-05,
pal1,atmos,297.5,0.0274,0.027,0.0258,0.02389,0.02138,0.01843,0.01523,0.01199,0.008903,0.006162,0.003911,0.00223,0.001117,0.0004882,0.0001989,9.408e-05,5.941e-05,4.051e-05,
pal1,atmos,298.5,0.02733,0.02695,0.02585,0.02408,0.02174,0.01897,0.01592,0.01278,0.009727,0.006946,0.004584,0.002744,0.001457,0.000677,0.0002853,0.0001297,7.699e-05,5.136e-05,
pal1,atmos,299.5,0.0516,0.05095,0.04903,0.04594,0.04183,0.03691,0.03144,0.02571,0.02004,0.01474,0.01009,0.006328,0.003555,0.001757,0.000774,0.0003432,0.0001899,0.0001227,
pal1,atmos,300.5,0.04251,0.04201,0.04053,0.03814,0.03452,0.0311,0.02679,0.02222,0.01763,0.01326,0.009337,0.006061,0.003553,0.001843,0.0008448,0.0003721,0.0001939,0.0001212,
pal1,atmos,301.5,0.07353,0.07273,0.07037,0.06654,0.06139,0.05515,0.04808,0.04049,0.03276,0.02525,0.01834,0.01237,0.007601,0.004166,0.002011,0.0008937,0.0004362,0.0002584,
pal1,atmos,302.5,0.08372,0.08286,0.08032,0.07618,0.07061,0.06382,0.05608,0.04772,0.0391,0.03061,0.02268,0.01568,0.009942,0.005652,0.002831,0.001276,0.0005983,0.0003384,
pal1,atmos,303.5,0.1285,0.1273,0.1237,0.1177,0.1097,0.09988,0.0886,0.07629,0.06345,0.05063,0.03841,0.02736,0.018,0.0107,0.005627,0.002612,0.00118,0.0006223,
pal1,atmos,304.5,0.1323,0.1311,0.1275,0.1216,0.1137,0.1039,0.09269,0.08037,0.06742,0.05439,0.04182,0.0303,0.02036,0.01242,0.006718,0.003185,0.001416,0.0007122,
pal1,atmos,305.5,0.1599,0.1585,0.1545,0.1479,0.1389,0.1277,0.1149,0.1006,0.08551,0.07011,0.05502,0.0409,0.02838,0.01803,0.01022,0.005049,0.002227,0.001035,
pal1,atmos,306.5,0.1607,0.1594,0.1555,0.149,0.1402,0.1294,0.1167,0.1027,0.08778,0.07247,0.05738,0.04312,0.03034,0.0196,0.01133,0.005708,0.00252,0.001129,
pal1,atmos,307.5,0.2159,0.2142,0.2093,0.2011,0.19,0.1762,0.16,0.142,0.1227,0.1027,0.08268,0.06349,0.04589,0.03069,0.01851,0.00975,0.004383,0.001835,
pal1,atmos,308.5,0.2351,0.2333,0.228,0.2194,0.2076,0.1929,0.1756,0.1564,0.1357,0.1141,0.0925,0.0716,0.05229,0.03541,0.02169,0.01162,0.005274,0.002153,
pal1,atmos,309.5,0.1977,0.1963,0.1921,0.1851,0.1756,0.1637,0.1498,0.1341,0.1172,0.09947,0.08153,0.06401,0.0476,0.03299,0.02081,0.01154,0.00537,0.002119,
pal1,atmos,310.5,0.2603,0.2585,0.2531,0.2443,0.2321,0.217,0.1992,0.1791,0.1573,0.1343,0.111,0.08804,0.06631,0.04671,0.03008,0.0171,0.008144,0.003159,
pal1,atmos,311.5,0.3277,0.3255,0.3175,0.308,0.2931,0.2744,0.2524,0.2275,0.2005,0.172,0.1429,0.1141,0.08668,0.06172,0.04031,0.02331,0.01128,0.004345,
pal1,atmos,312.5,0.3074,0.3054,0.2995,0.2897,0.2762,0.2594,0.2395,0.217,0.1923,0.1663,0.1394,0.1127,0.08691,0.06312,0.04229,0.02528,0.01269,0.004894,
pal1,atmos,313.5,0.3453,0.343,0.3364,0.3256,0.3106,0.2919,0.2697,0.2447,0.2172,0.1881,0.1581,0.1281,0.09918,0.07235,0.04874,0.02933,0.01483,0.005722,
pal1,atmos,314.5,0.3337,0.3316,0.3255,0.3154,0.3014,0.284,0.2633,0.2398,0.214,0.1866,0.1581,0.1294,0.1015,0.07533,0.05191,0.03219,0.0169,0.006653,
pal1,atmos,315.5,0.3424,0.3403,0.3341,0.3238,0.3096,0.2918,0.2707,0.2467,0.2204,0.1923,0.1632,0.1339,0.1052,0.07826,0.05409,0.03367,0.01775,0.007001,
pal1,atmos,316.5,0.3322,0.3302,0.3243,0.3146,0.3013,0.2845,0.2646,0.242,0.217,0.1903,0.1625,0.1344,0.1067,0.08042,0.05657,0.03606,0.01963,0.007965,
pal1,atmos,317.5,0.4693,0.4665,0.4582,0.4445,0.4257,0.402,0.374,0.342,0.3068,0.2691,0.2298,0.19,0.1508,0.1137,0.07994,0.05091,0.02767,0.0112,
pal1,atmos,318.5,0.3603,0.3582,0.352,0.3418,0.3278,0.3101,0.2891,0.2652,0.2387,0.2104,0.1807,0.1505,0.1206,0.09203,0.06578,0.04284,0.02403,0.01007,
pal1,atmos,319.5,0.4372,0.4347,0.4273,0.415,0.3981,0.3767,0.3514,0.3225,0.2906,0.2563,0.2204,0.1838,0.1476,0.1129,0.08088,0.05287,0.02979,0.01256,
pal1,atmos,320.5,0.5288,0.5258,0.5169,0.5021,0.4818,0.4562,0.4258,0.3911,0.3527,0.3115,0.2682,0.2241,0.1803,0.1383,0.09944,0.06532,0.03706,0.01576,
pal1,atmos,321.5,0.4388,0.4364,0.4292,0.4173,0.4009,0.3802,0.3556,0.3275,0.2963,0.2627,0.2275,0.1913,0.1552,0.1204,0.08788,0.05894,0.03449,0.01531,
pal1,atmos,322.5,0.4493,0.4468,0.4392,0.4268,0.4097,0.3881,0.3625,0.3332,0.3008,0.2659,0.2294,0.192,0.1548,0.119,0.08581,0.05657,0.03227,0.0138,
pal1,atmos,323.5,0.45,0.4476,0.4403,0.4283,0.4117,0.3908,0.3659,0.3374,0.3058,0.2717,0.2358,0.199,0.1621,0.1263,0.09281,0.0628,0.03724,0.01687,
pal1,atmos,324.5,0.5284,0.5255,0.517,0.5028,0.4834,0.4588,0.4296,0.3962,0.3591,0.319,0.2768,0.2335,0.1902,0.1481,0.1087,0.07344,0.04344,0.0196,
pal1,atmos,325.5,0.5942,0.591,0.5813,0.5654,0.5435,0.5158,0.4828,0.4451,0.4033,0.3581,0.3106,0.2617,0.2129,0.1655,0.1212,0.08155,0.04796,0.02144,
pal1,atmos,326.5,0.7048,0.7011,0.6899,0.6715,0.6461,0.614,0.5757,0.5319,0.4832,0.4306,0.375,0.3178,0.2603,0.2042,0.1514,0.1037,0.06265,0.02926,
pal1,atmos,327.5,0.6602,0.6567,0.6462,0.6288,0.6049,0.5746,0.5386,0.4973,0.4515,0.4019,0.3496,0.2958,0.2417,0.1891,0.1396,0.09502,0.05684,0.02612,
pal1,atmos,328.5,0.6094,0.6062,0.5965,0.5805,0.5584,0.5305,0.4973,0.4593,0.417,0.3713,0.3231,0.2734,0.2235,0.1749,0.1291,0.0879,0.0526,0.02419,
pal1,atmos,329.5,0.7776,0.7735,0.7614,0.7413,0.7137,0.6787,0.6371,0.5893,0.5361,0.4786,0.4177,0.3549,0.2916,0.2297,0.1712,0.1181,0.07209,0.0343,
pal1,atmos,330.5,0.7112,0.7074,0.6963,0.6779,0.6524,0.6203,0.582,0.538,0.4892,0.4363,0.3804,0.3227,0.2646,0.2079,0.1543,0.1058,0.06401,0.02998,
pal1,atmos,331.5,0.7035,0.6998,0.6888,0.6705,0.6454,0.6136,0.5757,0.5322,0.4839,0.4316,0.3763,0.3191,0.2616,0.2054,0.1523,0.1043,0.06299,0.02941,
pal1,atmos,332.5,0.6847,0.6811,0.6705,0.653,0.6288,0.5983,0.5619,0.5201,0.4736,0.4232,0.3698,0.3146,0.2589,0.2042,0.1525,0.1054,0.06459,0.03094,
pal1,atmos,333.5,0.6463,0.6429,0.6329,0.6163,0.5934,0.5645,0.53,0.4904,0.4463,0.3985,0.348,0.2957,0.243,0.1913,0.1424,0.09802,0.05965,0.02824,
pal1,atmos,334.5,0.72,0.7163,0.7051,0.6867,0.6613,0.6292,0.5909,0.547,0.498,0.445,0.3888,0.3306,0.272,0.2144,0.1598,0.1102,0.06729,0.03205,
pal1,atmos,335.5,0.7254,0.7217,0.7106,0.6922,0.6667,0.6346,0.5963,0.5523,0.5033,0.4501,0.3937,0.3353,0.2763,0.2183,0.1633,0.1131,0.06954,0.03353,
pal1,atmos,336.5,0.5678,0.5649,0.5562,0.5418,0.5219,0.4968,0.4667,0.4323,0.3939,0.3522,0.3081,0.2623,0.2161,0.1706,0.1275,0.08818,0.05408,0.02598,
pal1,atmos,337.5,0.6255,0.6223,0.6127,0.5968,0.5748,0.547,0.5139,0.4758,0.4334,0.3874,0.3386,0.2881,0.2371,0.1869,0.1393,0.09604,0.05858,0.02787,
pal1,atmos,338.5,0.6561,0.6528,0.6428,0.6262,0.6033,0.5744,0.5399,0.5002,0.456,0.408,0.3571,0.3043,0.2509,0.1983,0.1483,0.1027,0.06314,0.03046,
pal1,atmos,339.5,0.7125,0.7088,0.698,0.68,0.6553,0.6239,0.5865,0.5435,0.4956,0.4436,0.3883,0.331,0.273,0.2159,0.1615,0.112,0.06887,0.03329,
pal1,atmos,340.5,0.763,0.7591,0.7475,0.7283,0.7017,0.6681,0.628,0.5819,0.5306,0.4748,0.4156,0.3541,0.2919,0.2307,0.1724,0.1192,0.0731,0.03514,
pal1,atmos,341.5,0.6754,0.6719,0.6617,0.6448,0.6213,0.5918,0.5564,0.5158,0.4705,0.4212,0.3689,0.3147,0.2597,0.2055,0.1538,0.1066,0.06563,0.03177,
pal1,atmos,342.5,0.7475,0.7437,0.7324,0.7137,0.6878,0.6551,0.6161,0.5712,0.5211,0.4667,0.4089,0.3488,0.2879,0.2279,0.1707,0.1183,0.07288,0.03533,
pal1,atmos,343.5,0.7769,0.773,0.7612,0.7418,0.7149,0.681,0.6404,0.5937,0.5417,0.4851,0.425,0.3625,0.2992,0.2368,0.1772,0.1227,0.07547,0.03649,
pal1,atmos,344.5,0.545,0.5422,0.534,0.5203,0.5015,0.4777,0.4492,0.4165,0.38,0.3403,0.2981,0.2543,0.2098,0.1659,0.1241,0.08588,0.0527,0.02541,
pal1,atmos,345.5,0.7442,0.7404,0.7292,0.7107,0.6851,0.6527,0.614,0.5694,0.5198,0.4657,0.4083,0.3485,0.2879,0.228,0.1708,0.1185,0.07298,0.03543,
pal1,atmos,346.5,0.6971,0.6936,0.6831,0.6657,0.6417,0.6113,0.5751,0.5333,0.4868,0.4361,0.3822,0.3262,0.2694,0.2132,0.1596,0.1105,0.06788,0.03281,
pal1,atmos,347.5,0.6807,0.6773,0.667,0.6501,0.6267,0.5971,0.5617,0.521,0.4756,0.4262,0.3736,0.319,0.2634,0.2085,0.1561,0.1081,0.06641,0.03211,
pal1,atmos,348.5,0.7473,0.7436,0.7323,0.7138,0.6882,0.6557,0.617,0.5724,0.5226,0.4684,0.4107,0.3507,0.2898,0.2295,0.1718,0.119,0.07318,0.03544,
pal1,atmos,349.5,0.6261,0.6229,0.6136,0.5981,0.5766,0.5495,0.517,0.4797,0.438,0.3926,0.3444,0.2941,0.243,0.1925,0.1441,0.09981,0.06134,0.0297,
pal1,atmos,350.5,0.8761,0.8717,0.8586,0.8369,0.807,0.7691,0.7237,0.6715,0.6133,0.5498,0.4823,0.412,0.3405,0.2697,0.202,0.1399,0.08597,0.04164,
pal1,atmos,351.5,0.755,0.7512,0.7399,0.7213,0.6955,0.6628,0.6238,0.5789,0.5287,0.4741,0.4159,0.3553,0.2937,0.2326,0.1742,0.1206,0.07407,0.03585,
pal1,atmos,352.5,0.6805,0.6771,0.6669,0.6501,0.6269,0.5976,0.5624,0.522,0.4768,0.4276,0.3752,0.3206,0.265,0.21,0.1573,0.1089,0.06689,0.03238,
pal1,atmos,353.5,0.8185,0.8144,0.8023,0.7821,0.7542,0.7189,0.6767,0.6282,0.5739,0.5148,0.4518,0.3861,0.3193,0.253,0.1895,0.1313,0.08064,0.03907,
pal1,atmos,354.5,0.8853,0.8809,0.8677,0.8459,0.8158,0.7777,0.7322,0.6797,0.6211,0.5572,0.4891,0.4181,0.3458,0.2741,0.2054,0.1423,0.0874,0.04238,
pal1,atmos,355.5,0.827,0.8229,0.8106,0.7903,0.7622,0.7267,0.6841,0.6352,0.5805,0.5208,0.4573,0.391,0.3234,0.2564,0.1921,0.133,0.08173,0.03962,
pal1,atmos,356.5,0.7671,0.7633,0.752,0.7331,0.7071,0.6742,0.6348,0.5894,0.5387,0.4834,0.4245,0.363,0.3004,0.2381,0.1784,0.1236,0.07588,0.03678,
pal1,atmos,357.5,0.6521,0.6489,0.6392,0.6233,0.6012,0.5732,0.5398,0.5012,0.4582,0.4112,0.3611,0.3089,0.2556,0.2027,0.1518,0.1051,0.06454,0.03128,
pal1,atmos,358.5,0.5029,0.5005,0.493,0.4807,0.4637,0.4422,0.4164,0.3867,0.3536,0.3174,0.2788,0.2385,0.1974,0.1565,0.1173,0.08121,0.04985,0.02417,
pal1,atmos,359.5,0.8461,0.8419,0.8294,0.8088,0.7802,0.744,0.7007,0.6508,0.5951,0.5342,0.4693,0.4015,0.3324,0.2637,0.1976,0.1368,0.08394,0.04069,
pal1,atmos,360.5,0.7839,0.7801,0.7685,0.7494,0.7229,0.6895,0.6494,0.6032,0.5516,0.4953,0.4352,0.3724,0.3083,0.2446,0.1833,0.1269,0.07785,0.03773,
pal1,atmos,361.5,0.7064,0.7029,0.6925,0.6753,0.6515,0.6214,0.5854,0.5438,0.4973,0.4466,0.3925,0.3359,0.2782,0.2207,0.1654,0.1145,0.07024,0.03405,
pal1,atmos,362.5,0.8292,0.8251,0.8129,0.7928,0.7649,0.7295,0.6873,0.6385,0.584,0.5245,0.461,0.3947,0.3269,0.2594,0.1944,0.1346,0.08255,0.04001,
pal1,atmos,363.5,0.7373,0.7337,0.7229,0.705,0.6802,0.6488,0.6113,0.568,0.5196,0.4667,0.4103,0.3513,0.291,0.2309,0.1731,0.1198,0.07347,0.03561,
pal1,atmos,364.5,0.804,0.8001,0.7883,0.7688,0.7418,0.7077,0.6668,0.6196,0.5668,0.5092,0.4477,0.3834,0.3176,0.2521,0.189,0.1308,0.08018,0.03886,
pal1,atmos,365.5,0.9794,0.9746,0.9602,0.9365,0.9037,0.8621,0.8124,0.755,0.6908,0.6207,0.5458,0.4674,0.3873,0.3075,0.2305,0.1595,0.09774,0.04735,
pal1,atmos,366.5,1.036,1.031,1.016,0.9908,0.9561,0.9122,0.8596,0.799,0.7311,0.657,0.5778,0.4949,0.4102,0.3257,0.2442,0.169,0.1035,0.05015,
pal1,atmos,367.5,0.9833,0.9785,0.9641,0.9404,0.9075,0.8659,0.816,0.7585,0.6942,0.6239,0.5488,0.4702,0.3897,0.3095,0.2321,0.1606,0.09835,0.04764,
pal1,atmos,368.5,0.8635,0.8592,0.8467,0.8258,0.797,0.7605,0.7168,0.6663,0.6099,0.5482,0.4823,0.4132,0.3426,0.2721,0.204,0.1412,0.08644,0.04187,
pal1,atmos,369.5,1.035,1.03,1.015,0.9903,0.9557,0.912,0.8596,0.7992,0.7316,0.6577,0.5787,0.4959,0.4112,0.3267,0.245,0.1695,0.1037,0.05024,
pal1,atmos,370.5,0.939,0.9344,0.9208,0.8982,0.8669,0.8273,0.7798,0.7251,0.6638,0.5968,0.5252,0.4502,0.3733,0.2966,0.2224,0.1539,0.09417,0.0456,
pal1,atmos,371.5,1.074,1.069,1.053,1.027,0.9917,0.9464,0.8922,0.8296,0.7596,0.683,0.6012,0.5154,0.4275,0.3397,0.2548,0.1762,0.1078,0.0522,
pal1,atmos,372.5,0.793,0.7892,0.7777,0.7586,0.7323,0.6989,0.6589,0.6128,0.5611,0.5046,0.4442,0.3809,0.316,0.2511,0.1884,0.1303,0.07968,0.03857,
pal1,atmos,373.5,0.7166,0.7131,0.7027,0.6855,0.6618,0.6316,0.5955,0.5539,0.5072,0.4562,0.4017,0.3445,0.2858,0.2272,0.1704,0.1178,0.07206,0.03487,
pal1,atmos,374.5,0.7862,0.7824,0.771,0.7522,0.7261,0.6931,0.6536,0.6079,0.5568,0.5008,0.441,0.3782,0.3139,0.2495,0.1872,0.1294,0.07913,0.03829,
pal1,atmos,375.5,0.8867,0.8824,0.8696,0.8484,0.819,0.7819,0.7373,0.6859,0.6282,0.5652,0.4977,0.427,0.3544,0.2818,0.2114,0.1462,0.08933,0.04322,
pal1,atmos,376.5,0.8851,0.8808,0.8681,0.8469,0.8177,0.7806,0.7361,0.6849,0.6274,0.5645,0.4972,0.4266,0.3541,0.2816,0.2113,0.1461,0.08926,0.04317,
pal1,atmos,377.5,1.054,1.049,1.033,1.008,0.9734,0.9293,0.8765,0.8155,0.7471,0.6723,0.5922,0.5082,0.422,0.3356,0.2518,0.1741,0.1063,0.05143,
pal1,atmos,378.5,1.148,1.142,1.126,1.099,1.061,1.013,0.9552,0.8888,0.8144,0.7329,0.6457,0.5542,0.4602,0.3661,0.2747,0.1899,0.116,0.05607,
pal1,atmos,379.5,0.8491,0.845,0.8328,0.8126,0.7846,0.7491,0.7066,0.6576,0.6026,0.5424,0.4779,0.4102,0.3407,0.2711,0.2034,0.1406,0.08585,0.0415,
pal1,atmos,380.5,1.021,1.016,1.001,0.9769,0.9433,0.9008,0.8497,0.7908,0.7247,0.6524,0.5749,0.4936,0.41,0.3263,0.2449,0.1693,0.1033,0.04992,
pal1,atmos,381.5,0.9589,0.9543,0.9405,0.9177,0.8862,0.8463,0.7984,0.7431,0.6811,0.6132,0.5405,0.4641,0.3856,0.3068,0.2303,0.1592,0.09713,0.04693,
pal1,atmos,382.5,0.6387,0.6357,0.6265,0.6114,0.5904,0.5638,0.5319,0.4951,0.4539,0.4087,0.3603,0.3094,0.2571,0.2046,0.1536,0.1062,0.06476,0.03128,
pal1,atmos,383.5,0.5607,0.558,0.55,0.5367,0.5183,0.495,0.4671,0.4348,0.3986,0.3589,0.3165,0.2718,0.2259,0.1798,0.135,0.09332,0.0569,0.02748,
pal1,atmos,384.5,0.8412,0.8371,0.8251,0.8052,0.7777,0.7427,0.7008,0.6525,0.5982,0.5388,0.4751,0.4081,0.3392,0.2701,0.2028,0.1402,0.08544,0.04125,
pal1,atmos,385.5,0.832,0.828,0.8161,0.7965,0.7692,0.7347,0.6933,0.6455,0.5919,0.5332,0.4702,0.404,0.3359,0.2674,0.2008,0.1388,0.08458,0.04083,
pal1,atmos,386.5,0.8478,0.8438,0.8317,0.8117,0.7839,0.7488,0.7067,0.658,0.6034,0.5436,0.4794,0.412,0.3426,0.2728,0.2049,0.1416,0.08627,0.04163,
pal1,atmos,387.5,0.7877,0.7839,0.7727,0.7541,0.7284,0.6958,0.6567,0.6115,0.5608,0.5053,0.4457,0.3831,0.3186,0.2538,0.1906,0.1317,0.08023,0.0387,
pal1,atmos,388.5,0.7893,0.7856,0.7743,0.7557,0.73,0.6974,0.6582,0.613,0.5622,0.5066,0.4469,0.3842,0.3196,0.2546,0.1912,0.1322,0.08047,0.03881,
pal1,atmos,389.5,0.9951,0.9904,0.9762,0.9528,0.9204,0.8793,0.83,0.773,0.7091,0.639,0.5638,0.4847,0.4033,0.3213,0.2414,0.1668,0.1015,0.04896,
pal1,atmos,390.5,0.9771,0.9725,0.9586,0.9357,0.9039,0.8636,0.8152,0.7593,0.6966,0.6278,0.554,0.4764,0.3964,0.3159,0.2373,0.164,0.0998,0.0481,
pal1,atmos,391.5,1.159,1.153,1.137,1.11,1.072,1.024,0.967,0.9008,0.8264,0.745,0.6575,0.5654,0.4706,0.3751,0.2818,0.1947,0.1185,0.05709,
pal1,atmos,392.5,0.8688,0.8647,0.8524,0.832,0.8038,0.768,0.7251,0.6755,0.6198,0.5588,0.4932,0.4242,0.3531,0.2815,0.2115,0.1462,0.0889,0.04282,
pal1,atmos,393.5,0.3776,0.3758,0.3705,0.3617,0.3494,0.3339,0.3152,0.2937,0.2695,0.243,0.2145,0.1845,0.1536,0.1225,0.09206,0.0636,0.03867,0.01862,
pal1,atmos,394.5,0.8884,0.8842,0.8716,0.8508,0.822,0.7855,0.7417,0.6911,0.6342,0.5719,0.5049,0.4344,0.3617,0.2884,0.2168,0.1498,0.09106,0.04384,
pal1,atmos,395.5,1.143,1.137,1.121,1.094,1.057,1.011,0.9543,0.8892,0.8161,0.736,0.6499,0.5593,0.4657,0.3714,0.2792,0.1929,0.1172,0.05642,
pal1,atmos,396.5,0.6708,0.6677,0.6582,0.6425,0.6208,0.5933,0.5603,0.5221,0.4793,0.4323,0.3818,0.3286,0.2737,0.2183,0.1641,0.1134,0.06889,0.03314,
pal1,atmos,397.5,0.7739,0.7703,0.7594,0.7413,0.7163,0.6846,0.6465,0.6025,0.5531,0.4989,0.4407,0.3793,0.316,0.2521,0.1896,0.131,0.07955,0.03826,
pal1,atmos,398.5,1.33,1.323,1.305,1.274,1.231,1.176,1.111,1.035,0.9506,0.8575,0.7575,0.6522,0.5433,0.4336,0.3261,0.2253,0.1368,0.06577,
pal1,atmos,399.5,1.383,1.376,1.357,1.324,1.28,1.223,1.155,1.077,0.9889,0.8922,0.7882,0.6787,0.5655,0.4513,0.3395,0.2345,0.1424,0.06843,
pal1,atmos,400.5,1.453,1.446,1.426,1.392,1.345,1.286,1.215,1.132,1.04,0.9382,0.829,0.7139,0.595,0.4749,0.3573,0.2468,0.1498,0.07197,
pal1,atmos,401.5,1.495,1.488,1.467,1.432,1.384,1.323,1.25,1.165,1.07,0.9655,0.8532,0.7349,0.6125,0.489,0.3679,0.2542,0.1542,0.07407,
pal1,atmos,402.5,1.551,1.544,1.522,1.486,1.437,1.373,1.297,1.21,1.111,1.003,0.8861,0.7633,0.6364,0.5081,0.3823,0.2641,0.1602,0.07692,
pal1,atmos,403.5,1.42,1.413,1.393,1.36,1.315,1.257,1.187,1.107,1.017,0.9179,0.8114,0.699,0.5829,0.4655,0.3503,0.242,0.1467,0.07043,
pal1,atmos,404.5,1.392,1.386,1.366,1.334,1.289,1.233,1.165,1.086,0.9975,0.9005,0.7961,0.6859,0.572,0.4569,0.3439,0.2376,0.144,0.0691,
pal1,atmos,405.5,1.446,1.439,1.419,1.386,1.339,1.28,1.21,1.128,1.036,0.9356,0.8273,0.7129,0.5946,0.475,0.3576,0.247,0.1497,0.07181,
pal1,atmos,406.5,1.362,1.355,1.336,1.305,1.261,1.206,1.139,1.063,0.9763,0.8815,0.7795,0.6719,0.5605,0.4478,0.3371,0.2329,0.1411,0.06766,
pal1,atmos,407.5,1.372,1.366,1.347,1.315,1.271,1.216,1.149,1.071,0.9844,0.8889,0.7862,0.6777,0.5654,0.4518,0.3402,0.235,0.1424,0.06823,
pal1,atmos,408.5,1.528,1.521,1.5,1.465,1.416,1.354,1.279,1.193,1.097,0.9903,0.8759,0.7551,0.6301,0.5036,0.3793,0.262,0.1587,0.07601,
pal1,atmos,409.5,1.498,1.491,1.47,1.436,1.388,1.327,1.254,1.17,1.075,0.971,0.859,0.7406,0.6181,0.4941,0.3721,0.2571,0.1557,0.07454,
pal1,atmos,410.5,1.299,1.293,1.275,1.245,1.203,1.151,1.088,1.015,0.9325,0.8423,0.7452,0.6426,0.5364,0.4289,0.323,0.2232,0.1351,0.06466,
pal1,atmos,411.5,1.561,1.553,1.532,1.496,1.446,1.383,1.307,1.22,1.121,1.013,0.896,0.7728,0.6452,0.5159,0.3887,0.2685,0.1625,0.07775,
pal1,atmos,412.5,1.547,1.539,1.518,1.482,1.433,1.371,1.296,1.209,1.111,1.004,0.8883,0.7663,0.6399,0.5117,0.3856,0.2664,0.1612,0.07709,
pal1,atmos,413.5,1.5,1.493,1.472,1.438,1.39,1.329,1.257,1.172,1.078,0.9739,0.8619,0.7436,0.621,0.4967,0.3743,0.2587,0.1565,0.0748,
pal1,atmos,414.5,1.541,1.534,1.513,1.477,1.428,1.366,1.291,1.205,1.108,1.001,0.8862,0.7646,0.6387,0.511,0.3851,0.2661,0.1609,0.0769,
pal1,atmos,415.5,1.474,1.467,1.447,1.413,1.366,1.307,1.235,1.153,1.06,0.9578,0.8479,0.7317,0.6113,0.4891,0.3687,0.2548,0.154,0.07357,
pal1,atmos,416.5,1.604,1.596,1.574,1.537,1.487,1.422,1.344,1.255,1.154,1.043,0.9232,0.7968,0.6657,0.5328,0.4016,0.2776,0.1678,0.08009,
pal1,atmos,417.5,1.466,1.459,1.439,1.405,1.359,1.3,1.229,1.147,1.055,0.9534,0.8442,0.7287,0.609,0.4874,0.3675,0.254,0.1535,0.07324,
pal1,atmos,418.5,1.477,1.47,1.45,1.416,1.369,1.31,1.239,1.156,1.063,0.9612,0.8511,0.7348,0.6141,0.4916,0.3707,0.2562,0.1548,0.07384,
pal1,atmos,419.5,1.526,1.519,1.497,1.463,1.414,1.353,1.28,1.194,1.098,0.9931,0.8795,0.7594,0.6348,0.5083,0.3833,0.265,0.16,0.0763,
pal1,kasting,280.5,1.029e-06,9.823e-07,8.526e-07,6.698e-07,4.72e-07,2.945e-07,1.561e-07,7.328e-08,2.746e-08,8.021e-09,1.738e-09,2.865e-10,5.844e-11,2.888e-11,2.098e-11,1.602e-11,1.181e-11,7.565e-12,
pal1,kasting,281.5,6.384e-06,6.116e-06,5.369e-06,4.3e-06,3.117e-06,2.02e-06,1.151e-06,5.633e-07,2.29e-07,7.423e-08,1.835e-08,3.531e-09,7.784e-10,3.696e-10,2.648e-10,2.017e-10,1.488e-10,9.541e-11,
pal1,kasting,282.5,2.095e-05,2.014e-05,1.785e-05,1.454e-05,1.08e-05,7.232e-06,4.302e-06,2.224e-06,9.7e-07,3.438e-07,9.522e-08,2.09e-08,4.957e-09,2.274e-09,1.603e-09,1.218e-09,8.983e-10,5.767e-10,
pal1,kasting,283.5,4.105e-05,3.954e-05,3.527e-05,2.904e-05,2.191e-05,1.499e-05,9.173e-06,4.915e-06,2.244e-06,8.428e-07,2.511e-07,5.995e-08,1.494e-08,6.696e-09,4.656e-09,3.529e-09,2.603e-09,1.673e-09,
pal1,kasting,284.5,8.498e-05,8.216e-05,7.415e-05,6.227e-05,4.836e-05,3.442e-05,2.216e-05,1.268e-05,6.292e-06,2.628e-06,8.959e-07,2.502e-07,6.929e-08,3.006e-08,2.026e-08,1.526e-08,1.124e-08,7.232e-09,
pal1,kasting,285.5,9.094e-05,8.817e-05,8.026e-05,6.84e-05,5.427e-05,3.976e-05,2.658e-05,1.596e-05,8.429e-06,3.809e-06,1.433e-06,4.486e-07,1.35e-07,5.754e-08,3.76e-08,2.812e-08,2.07e-08,1.332e-08,
pal1,kasting,286.5,0.0004321,0.0004198,0.0003848,0.0003316,0.0002675,0.0002004,0.000138,8.601e-05,4.762e-05,2.286e-05,9.267e-06,3.166e-06,1.019e-06,4.306e-07,2.735e-07,2.029e-07,1.491e-07,9.602e-08,
pal1,kasting,287.5,0.0009037,0.0008802,0.0008126,0.0007093,0.0005827,0.0004476,0.0003183,0.0002069,0.0001208,6.196e-05,2.731e-05,1.028e-05,3.586e-06,1.514e-06,9.278e-07,6.796e-07,4.981e-07,3.208e-07,
pal1,kasting,288.5,0.001513,0.001477,0.001375,0.001217,0.00102,0.0008046,0.0005927,0.000403,0.0002491,0.0001374,6.626e-05,2.771e-05,1.06e-05,4.537e-06,2.662e-06,1.911e-06,1.394e-06,8.976e-07,
pal1,kasting,289.5,0.003788,0.003706,0.003469,0.0031,0.002636,0.002121,0.001602,0.001125,0.0007246,0.0004208,0.0002163,9.746e-05,3.993e-05,1.739e-05,9.882e-06,6.952e-06,5.045e-06,3.244e-06,
pal1,kasting,290.5,0.007837,0.00768,0.007224,0.00651,0.005602,0.004581,0.003535,0.002551,0.001701,0.001031,0.000559,0.0002681,0.0001166,5.189e-05,2.871e-05,1.976e-05,1.424e-05,9.148e-06,
pal1,kasting,291.5,0.01169,0.01147,0.01085,0.009872,0.008612,0.007174,0.005672,0.004221,0.002925,0.001862,0.001072,0.0005521,0.0002575,0.0001187,6.403e-05,4.269e-05,3.045e-05,1.95e-05,
pal1,kasting,292.5,0.01515,0.01489,0.01415,0.01297,0.01144,0.009678,0.007804,0.005956,0.004261,0.002822,0.001707,0.000931,0.0004608,0.0002199,0.0001169,7.551e-05,5.315e-05,3.391e-05,
pal1,kasting,293.5,0.02442,0.02404,0.02294,0.02118,0.01889,0.01621,0.01331,0.01041,0.007669,0.005273,0.003338,0.001923,0.001008,0.0005005,0.0002642,0.0001651,0.0001141,7.243e-05,
pal1,kasting,294.5,0.02935,0.02893,0.0277,0.02573,0.02313,0.02007,0.01673,0.01332,0.01005,0.007109,0.004664,0.002803,0.001537,0.0007902,0.0004172,0.0002535,0.000172,0.0001085,
pal1,kasting,295.5,0.04544,0.04484,0.04309,0.04026,0.03652,0.03207,0.02715,0.02204,0.01705,0.01244,0.008477,0.005331,0.003073,0.001648,0.0008783,0.0005184,0.0003426,0.000214,
pal1,kasting,296.5,0.05301,0.05236,0.05046,0.04739,0.04331,0.0384,0.03293,0.02718,0.02145,0.01606,0.01129,0.007369,0.00443,0.002467,0.001334,0.0007706,0.0004954,0.0003059,
pal1,kasting,297.5,0.07142,0.07061,0.06823,0.06437,0.0592,0.05295,0.04592,0.03845,0.03089,0.02364,0.01708,0.01153,0.007193,0.004153,0.002288,0.001302,0.0008131,0.000495,
pal1,kasting,298.5,0.06328,0.06261,0.06063,0.05741,0.05309,0.04784,0.04188,0.03549,0.02894,0.02257,0.01661,0.01157,0.007456,0.004445,0.002499,0.001411,0.0008569,0.0005131,
pal1,kasting,299.5,0.1068,0.1058,0.1026,0.09753,0.09065,0.08225,0.07265,0.06227,0.05152,0.04089,0.0309,0.022,0.01462,0.008999,0.005181,0.002919,0.001725,0.001011,
pal1,kasting,300.5,0.08085,0.08009,0.07781,0.07418,0.06922,0.06314,0.05616,0.04855,0.0406,0.03266,0.02509,0.01823,0.0124,0.007825,0.004597,0.002597,0.001502,0.0008631,
pal1,kasting,301.5,0.1275,0.1264,0.123,0.1176,0.1102,0.1011,0.09061,0.07907,0.06691,0.05462,0.04272,0.03173,0.02215,0.01439,0.008674,0.004942,0.002801,0.001565,
pal1,kasting,302.5,0.1367,0.1355,0.1321,0.1264,0.1189,0.1095,0.09862,0.0866,0.07385,0.06087,0.04817,0.03629,0.02577,0.01707,0.01047,0.006016,0.003368,0.001842,
pal1,kasting,303.5,0.1954,0.1939,0.1892,0.1816,0.1713,0.1584,0.1435,0.127,0.1093,0.09109,0.0731,0.05603,0.04062,0.02754,0.01731,0.01008,0.005587,0.002967,
pal1,kasting,304.5,0.1931,0.1916,0.1872,0.1799,0.17,0.1577,0.1433,0.1273,0.1102,0.09243,0.07477,0.05788,0.04246,0.02918,0.01859,0.01093,0.006028,0.003143,
pal1,kasting,305.5,0.2196,0.218,0.2132,0.2054,0.1946,0.1812,0.1655,0.148,0.1291,0.1094,0.08955,0.07036,0.05256,0.0369,0.02405,0.0144,0.007935,0.00402,
pal1,kasting,306.5,0.2151,0.2136,0.209,0.2015,0.1911,0.1783,0.1632,0.1463,0.1281,0.109,0.08972,0.07094,0.0534,0.03784,0.0249,0.01503,0.008279,0.004139,
pal1,kasting,307.5,0.2747,0.2728,0.2672,0.258,0.2454,0.2297,0.2111,0.1903,0.1676,0.1438,0.1196,0.09577,0.0732,0.05283,0.0355,0.02184,0.01211,0.005914,
pal1,kasting,308.5,0.2934,0.2915,0.2843,0.2759,0.2627,0.2462,0.2267,0.2047,0.1808,0.1557,0.1299,0.1045,0.08036,0.05839,0.03953,0.0245,0.01361,0.006588,
pal1,kasting,309.5,0.2387,0.2371,0.2325,0.2249,0.2145,0.2014,0.186,0.1686,0.1496,0.1294,0.1088,0.08825,0.06855,0.05043,0.03464,0.02178,0.0122,0.005828,
pal1,kasting,310.5,0.3069,0.305,0.2992,0.2896,0.2765,0.2601,0.2406,0.2187,0.1946,0.1691,0.1428,0.1165,0.09118,0.06767,0.04696,0.02985,0.01685,0.007979,
pal1,kasting,311.5,0.3803,0.378,0.3709,0.3592,0.3432,0.3232,0.2995,0.2726,0.2431,0.2118,0.1795,0.147,0.1156,0.0863,0.0603,0.03861,0.0219,0.01032,
pal1,kasting,312.5,0.3455,0.3448,0.3385,0.3282,0.314,0.2962,0.2751,0.2512,0.2249,0.1968,0.1677,0.1384,0.1097,0.08281,0.05862,0.03808,0.02186,0.01025,
pal1,kasting,313.5,0.387,0.3847,0.3778,0.3664,0.3507,0.3309,0.3076,0.281,0.2518,0.2207,0.1883,0.1556,0.1237,0.09354,0.06639,0.04325,0.02488,0.01165,
pal1,kasting,314.5,0.3651,0.363,0.3566,0.3461,0.3317,0.3135,0.292,0.2675,0.2405,0.2115,0.1814,0.1508,0.1208,0.09221,0.06619,0.0437,0.02547,0.01193,
pal1,kasting,315.5,0.3733,0.3711,0.3646,0.354,0.3393,0.3208,0.2989,0.2739,0.2464,0.2169,0.1862,0.155,0.1242,0.09498,0.06828,0.04515,0.02634,0.01232,
pal1,kasting,316.5,0.3554,0.3534,0.3473,0.3374,0.3237,0.3064,0.286,0.2626,0.2368,0.2091,0.1802,0.1507,0.1215,0.09357,0.06788,0.04537,0.02676,0.01256,
pal1,kasting,317.5,0.5021,0.4992,0.4907,0.4767,0.4573,0.433,0.4041,0.3712,0.3348,0.2957,0.2548,0.2131,0.1718,0.1323,0.09594,0.06409,0.03777,0.0177,
pal1,kasting,318.5,0.3789,0.3768,0.3705,0.3601,0.3458,0.3278,0.3063,0.2819,0.2548,0.2257,0.1951,0.1639,0.1329,0.103,0.07534,0.05084,0.03031,0.01429,
pal1,kasting,319.5,0.4584,0.4558,0.4483,0.4358,0.4185,0.3968,0.371,0.3415,0.3089,0.2737,0.2369,0.1992,0.1616,0.1255,0.09186,0.06209,0.03707,0.01748,
pal1,kasting,320.5,0.5522,0.5491,0.5401,0.5251,0.5045,0.4785,0.4475,0.4121,0.373,0.3308,0.2865,0.2412,0.196,0.1523,0.1118,0.07569,0.0453,0.02138,
pal1,kasting,321.5,0.4512,0.4487,0.4414,0.4294,0.4129,0.392,0.3671,0.3387,0.3071,0.2731,0.2373,0.2005,0.1637,0.1281,0.09467,0.06474,0.0392,0.01867,
pal1,kasting,322.5,0.4675,0.4649,0.4573,0.4447,0.4273,0.4055,0.3794,0.3496,0.3167,0.2811,0.2437,0.2053,0.1671,0.13,0.09553,0.0648,0.03883,0.01834,
pal1,kasting,323.5,0.4595,0.457,0.4497,0.4376,0.4209,0.3998,0.3747,0.346,0.3141,0.2797,0.2434,0.2061,0.1687,0.1323,0.09813,0.06738,0.04099,0.0196,
pal1,kasting,324.5,0.5399,0.537,0.5284,0.5142,0.4946,0.4698,0.4404,0.4066,0.3692,0.3287,0.2861,0.2422,0.1982,0.1554,0.1152,0.07903,0.04802,0.02293,
pal1,kasting,325.5,0.6086,0.6053,0.5956,0.5796,0.5575,0.5296,0.4963,0.4582,0.416,0.3703,0.3221,0.2726,0.2229,0.1746,0.1293,0.08852,0.05365,0.02555,
pal1,kasting,326.5,0.7128,0.7091,0.6979,0.6794,0.6539,0.6216,0.5832,0.5392,0.4903,0.4374,0.3815,0.3239,0.2659,0.2094,0.156,0.1077,0.06599,0.03176,
pal1,kasting,327.5,0.6705,0.6669,0.6564,0.6389,0.6148,0.5845,0.5482,0.5067,0.4606,0.4107,0.358,0.3036,0.249,0.1957,0.1455,0.1002,0.06111,0.02928,
pal1,kasting,328.5,0.6187,0.6155,0.6057,0.5897,0.5675,0.5395,0.5061,0.4678,0.4253,0.3793,0.3307,0.2805,0.2301,0.1809,0.1345,0.09258,0.05648,0.02706,
pal1,kasting,329.5,0.7822,0.7781,0.7659,0.7458,0.7181,0.6831,0.6414,0.5935,0.5402,0.4825,0.4215,0.3584,0.2949,0.2327,0.1739,0.1204,0.07406,0.0358,
pal1,kasting,330.5,0.7181,0.7144,0.7032,0.6847,0.6592,0.627,0.5885,0.5444,0.4954,0.4423,0.3861,0.3281,0.2697,0.2125,0.1584,0.1094,0.06701,0.03225,
pal1,kasting,331.5,0.7109,0.7072,0.6962,0.6779,0.6526,0.6207,0.5827,0.5391,0.4905,0.438,0.3823,0.3249,0.267,0.2103,0.1567,0.1081,0.06618,0.03182,
pal1,kasting,332.5,0.6873,0.6837,0.6731,0.6556,0.6314,0.6008,0.5643,0.5225,0.4759,0.4254,0.3719,0.3166,0.2607,0.206,0.154,0.1068,0.06574,0.03182,
pal1,kasting,333.5,0.6506,0.6472,0.6372,0.6206,0.5976,0.5686,0.534,0.4943,0.4502,0.4023,0.3516,0.2991,0.2461,0.1942,0.145,0.1003,0.06156,0.0297,
pal1,kasting,334.5,0.7237,0.72,0.7088,0.6904,0.665,0.6328,0.5945,0.5504,0.5014,0.4482,0.3919,0.3336,0.2747,0.2169,0.1621,0.1122,0.06895,0.03332,
pal1,kasting,335.5,0.7269,0.7231,0.712,0.6936,0.6682,0.636,0.5977,0.5536,0.5046,0.4513,0.3949,0.3365,0.2774,0.2193,0.1641,0.1139,0.07018,0.03403,
pal1,kasting,336.5,0.5695,0.5666,0.5579,0.5434,0.5235,0.4984,0.4683,0.4338,0.3954,0.3537,0.3094,0.2636,0.2173,0.1718,0.1285,0.08906,0.05483,0.02655,
pal1,kasting,337.5,0.6288,0.6255,0.6159,0.6,0.5779,0.5501,0.5169,0.4788,0.4363,0.3902,0.3413,0.2907,0.2395,0.1891,0.1413,0.09776,0.06003,0.02899,
pal1,kasting,338.5,0.6573,0.654,0.6439,0.6274,0.6045,0.5755,0.541,0.5013,0.4571,0.409,0.3581,0.3052,0.2517,0.1991,0.149,0.1034,0.06367,0.03087,
pal1,kasting,339.5,0.7134,0.7098,0.6989,0.681,0.6562,0.6248,0.5874,0.5444,0.4964,0.4444,0.3891,0.3318,0.2737,0.2165,0.1621,0.1125,0.06929,0.03361,
pal1,kasting,340.5,0.765,0.7611,0.7494,0.7302,0.7036,0.67,0.6299,0.5837,0.5323,0.4765,0.4172,0.3557,0.2934,0.232,0.1736,0.1203,0.07399,0.03583,
pal1,kasting,341.5,0.6759,0.6725,0.6623,0.6453,0.6219,0.5923,0.5569,0.5163,0.471,0.4217,0.3694,0.3151,0.2601,0.2058,0.1542,0.1069,0.06589,0.03198,
pal1,kasting,342.5,0.7479,0.7441,0.7328,0.7141,0.6882,0.6555,0.6165,0.5715,0.5215,0.467,0.4092,0.3491,0.2882,0.2282,0.1709,0.1186,0.07306,0.03547,
pal1,kasting,343.5,0.7778,0.7739,0.7621,0.7427,0.7158,0.6818,0.6412,0.5945,0.5425,0.4859,0.4257,0.3632,0.2999,0.2373,0.1777,0.1232,0.07586,0.0368,
pal1,kasting,344.5,0.5459,0.5432,0.5349,0.5213,0.5024,0.4786,0.4501,0.4174,0.3808,0.3411,0.2989,0.255,0.2105,0.1666,0.1247,0.0864,0.05315,0.02575,
pal1,kasting,345.5,0.7443,0.7405,0.7293,0.7108,0.6852,0.6528,0.6141,0.5695,0.5198,0.4658,0.4083,0.3486,0.288,0.2281,0.1709,0.1185,0.07302,0.03546,
pal1,kasting,346.5,0.6978,0.6943,0.6838,0.6664,0.6424,0.6121,0.5758,0.534,0.4874,0.4368,0.3829,0.3268,0.2699,0.2137,0.16,0.1109,0.06824,0.03309,
pal1,kasting,347.5,0.6813,0.6779,0.6677,0.6507,0.6273,0.5977,0.5623,0.5216,0.4762,0.4268,0.3742,0.3195,0.2639,0.209,0.1565,0.1084,0.06671,0.03235,
pal1,kasting,348.5,0.7478,0.744,0.7328,0.7142,0.6886,0.6562,0.6174,0.5728,0.523,0.4688,0.4111,0.3511,0.2901,0.2298,0.1721,0.1193,0.07339,0.03561,
pal1,kasting,349.5,0.6265,0.6234,0.614,0.5985,0.577,0.5499,0.5174,0.4801,0.4384,0.393,0.3447,0.2944,0.2433,0.1927,0.1444,0.1,0.06153,0.02985,
pal1,kasting,350.5,0.8766,0.8722,0.8591,0.8374,0.8074,0.7695,0.7242,0.672,0.6137,0.5503,0.4827,0.4124,0.3409,0.27,0.2023,0.1402,0.0862,0.04182,
pal1,kasting,351.5,0.7555,0.7517,0.7404,0.7218,0.696,0.6633,0.6243,0.5794,0.5292,0.4745,0.4163,0.3557,0.294,0.233,0.1745,0.1209,0.07432,0.03604,
pal1,kasting,352.5,0.6809,0.6775,0.6673,0.6505,0.6273,0.5979,0.5628,0.5223,0.4772,0.4279,0.3755,0.3209,0.2653,0.2103,0.1575,0.1091,0.06707,0.03253,
pal1,kasting,353.5,0.8188,0.8147,0.8026,0.7824,0.7545,0.7192,0.677,0.6285,0.5742,0.515,0.452,0.3864,0.3195,0.2533,0.1897,0.1314,0.08079,0.03919,
pal1,kasting,354.5,0.8855,0.8811,0.8679,0.8461,0.816,0.7779,0.7324,0.6799,0.6213,0.5574,0.4893,0.4183,0.346,0.2743,0.2055,0.1424,0.0875,0.04245,
pal1,kasting,355.5,0.8271,0.823,0.8107,0.7904,0.7624,0.7268,0.6843,0.6353,0.5806,0.521,0.4574,0.3911,0.3236,0.2565,0.1922,0.1331,0.08181,0.03969,
pal1,kasting,356.5,0.7673,0.7635,0.7521,0.7333,0.7073,0.6744,0.635,0.5896,0.5389,0.4836,0.4246,0.3632,0.3005,0.2383,0.1785,0.1237,0.07596,0.03684,
pal1,kasting,357.5,0.6523,0.649,0.6394,0.6234,0.6013,0.5734,0.5399,0.5014,0.4583,0.4113,0.3613,0.309,0.2557,0.2028,0.1519,0.1052,0.06462,0.03134,
pal1,kasting,358.5,0.503,0.5005,0.4931,0.4808,0.4638,0.4423,0.4165,0.3868,0.3536,0.3174,0.2788,0.2385,0.1974,0.1566,0.1173,0.08126,0.04989,0.0242,
pal1,kasting,359.5,0.8462,0.8421,0.8296,0.8089,0.7803,0.7442,0.7009,0.651,0.5952,0.5343,0.4694,0.4017,0.3325,0.2638,0.1977,0.1369,0.08401,0.04074,
pal1,kasting,360.5,0.784,0.7802,0.7686,0.7495,0.7231,0.6896,0.6495,0.6033,0.5517,0.4954,0.4353,0.3725,0.3084,0.2447,0.1834,0.127,0.07791,0.03778,
pal1,kasting,361.5,0.7065,0.703,0.6926,0.6754,0.6516,0.6215,0.5854,0.5439,0.4974,0.4467,0.3925,0.336,0.2782,0.2208,0.1655,0.1145,0.07028,0.03408,
pal1,kasting,362.5,0.8292,0.8252,0.813,0.7928,0.7649,0.7296,0.6873,0.6386,0.5841,0.5246,0.4611,0.3947,0.3269,0.2594,0.1945,0.1346,0.08257,0.04003,
pal1,kasting,363.5,0.7374,0.7337,0.7229,0.705,0.6802,0.6489,0.6113,0.568,0.5196,0.4668,0.4103,0.3513,0.291,0.231,0.1731,0.1198,0.07349,0.03563,
pal1,kasting,364.5,0.8041,0.8001,0.7884,0.7689,0.7419,0.7077,0.6668,0.6197,0.5669,0.5093,0.4478,0.3834,0.3177,0.2522,0.1891,0.1308,0.08021,0.03888,
pal1,kasting,365.5,0.9795,0.9747,0.9603,0.9366,0.9038,0.8622,0.8125,0.7551,0.6909,0.6207,0.5458,0.4675,0.3874,0.3075,0.2306,0.1596,0.09778,0.04739,
pal1,kasting,366.5,1.036,1.031,1.016,0.9909,0.9562,0.9123,0.8597,0.799,0.7312,0.657,0.5778,0.495,0.4102,0.3257,0.2442,0.169,0.1035,0.05017,
pal1,kasting,367.5,0.9833,0.9785,0.9641,0.9404,0.9075,0.8659,0.8161,0.7586,0.6942,0.6239,0.5488,0.4702,0.3897,0.3095,0.2321,0.1606,0.09836,0.04766,
pal1,kasting,368.5,0.8635,0.8593,0.8467,0.8259,0.797,0.7605,0.7168,0.6664,0.6099,0.5482,0.4823,0.4133,0.3426,0.2721,0.2041,0.1412,0.08645,0.04188,
pal1,kasting,369.5,1.035,1.03,1.015,0.9903,0.9558,0.912,0.8597,0.7993,0.7316,0.6577,0.5787,0.496,0.4112,0.3267,0.245,0.1695,0.1038,0.05025,
pal1,kasting,370.5,0.939,0.9344,0.9208,0.8982,0.8669,0.8273,0.7798,0.7251,0.6638,0.5968,0.5252,0.4502,0.3734,0.2966,0.2225,0.1539,0.09418,0.04561,
pal1,kasting,371.5,1.074,1.069,1.053,1.027,0.9916,0.9464,0.8922,0.8296,0.7596,0.683,0.6011,0.5154,0.4275,0.3397,0.2548,0.1762,0.1078,0.0522,
pal1,kasting,372.5,0.793,0.7892,0.7777,0.7587,0.7323,0.6989,0.6589,0.6128,0.5611,0.5047,0.4442,0.3809,0.316,0.2511,0.1884,0.1303,0.07969,0.03858,
pal1,kasting,373.5,0.7165,0.7131,0.7027,0.6855,0.6617,0.6316,0.5955,0.5539,0.5072,0.4562,0.4016,0.3444,0.2858,0.2272,0.1704,0.1178,0.07206,0.03488,
pal1,kasting,374.5,0.7862,0.7824,0.771,0.7522,0.7261,0.6931,0.6535,0.6079,0.5568,0.5008,0.441,0.3782,0.3139,0.2495,0.1872,0.1294,0.07914,0.03829,
pal1,kasting,375.5,0.8866,0.8824,0.8696,0.8484,0.819,0.7818,0.7372,0.6858,0.6282,0.5652,0.4977,0.427,0.3544,0.2818,0.2114,0.1462,0.08933,0.04322,
pal1,kasting,376.5,0.8852,0.8809,0.8681,0.847,0.8177,0.7806,0.7362,0.6849,0.6274,0.5645,0.4972,0.4266,0.3541,0.2816,0.2113,0.1461,0.08926,0.04318,
pal1,kasting,377.5,1.054,1.049,1.033,1.008,0.9735,0.9294,0.8765,0.8155,0.7472,0.6724,0.5923,0.5083,0.422,0.3356,0.2518,0.1741,0.1064,0.05143,
pal1,kasting,378.5,1.148,1.142,1.126,1.099,1.061,1.013,0.9552,0.8888,0.8144,0.733,0.6458,0.5542,0.4602,0.3661,0.2747,0.1899,0.116,0.05608,
pal1,kasting,379.5,0.8491,0.845,0.8328,0.8126,0.7846,0.7491,0.7066,0.6576,0.6026,0.5424,0.4779,0.4102,0.3407,0.2711,0.2034,0.1406,0.08586,0.0415,
pal1,kasting,380.5,1.021,1.016,1.001,0.977,0.9434,0.9008,0.8498,0.7908,0.7248,0.6525,0.575,0.4936,0.4101,0.3263,0.2449,0.1693,0.1033,0.04993,
pal1,kasting,381.5,0.9589,0.9543,0.9406,0.9178,0.8863,0.8463,0.7984,0.7431,0.6811,0.6132,0.5405,0.4641,0.3856,0.3068,0.2303,0.1592,0.09714,0.04694,
pal1,kasting,382.5,0.6388,0.6357,0.6265,0.6114,0.5904,0.5638,0.532,0.4952,0.4539,0.4087,0.3603,0.3094,0.2571,0.2046,0.1536,0.1062,0.06477,0.03129,
pal1,kasting,383.5,0.5607,0.558,0.55,0.5367,0.5183,0.495,0.4671,0.4348,0.3986,0.359,0.3165,0.2718,0.2259,0.1798,0.135,0.09332,0.05691,0.02748,
pal1,kasting,384.5,0.8412,0.8372,0.8252,0.8053,0.7777,0.7428,0.7009,0.6525,0.5982,0.5388,0.4751,0.4081,0.3393,0.2701,0.2028,0.1402,0.08545,0.04126,
pal1,kasting,385.5,0.8321,0.8281,0.8162,0.7965,0.7693,0.7348,0.6934,0.6456,0.592,0.5332,0.4702,0.404,0.3359,0.2675,0.2009,0.1388,0.0846,0.04083,
pal1,kasting,386.5,0.8479,0.8438,0.8318,0.8117,0.784,0.7489,0.7068,0.6581,0.6035,0.5437,0.4795,0.4121,0.3426,0.2729,0.2049,0.1416,0.08629,0.04164,
pal1,kasting,387.5,0.7877,0.784,0.7728,0.7542,0.7285,0.6959,0.6568,0.6116,0.5609,0.5054,0.4458,0.3831,0.3186,0.2538,0.1906,0.1317,0.08024,0.03871,
pal1,kasting,388.5,0.7893,0.7856,0.7743,0.7558,0.73,0.6974,0.6582,0.613,0.5622,0.5066,0.447,0.3842,0.3196,0.2546,0.1913,0.1322,0.08047,0.03881,
pal1,kasting,389.5,0.9951,0.9904,0.9762,0.9528,0.9204,0.8793,0.83,0.773,0.7091,0.639,0.5639,0.4848,0.4033,0.3213,0.2414,0.1668,0.1015,0.04896,
pal1,kasting,390.5,0.9772,0.9725,0.9586,0.9357,0.9039,0.8636,0.8152,0.7593,0.6966,0.6278,0.554,0.4764,0.3964,0.3159,0.2374,0.164,0.0998,0.04811,
pal1,kasting,391.5,1.159,1.153,1.137,1.11,1.072,1.024,0.967,0.9008,0.8265,0.745,0.6575,0.5655,0.4706,0.3751,0.2818,0.1947,0.1185,0.05709,
pal1,kasting,392.5,0.8688,0.8647,0.8524,0.832,0.8038,0.768,0.7251,0.6755,0.6198,0.5588,0.4932,0.4242,0.3531,0.2815,0.2116,0.1462,0.0889,0.04283,
pal1,kasting,393.5,0.3776,0.3758,0.3705,0.3616,0.3494,0.3339,0.3152,0.2937,0.2695,0.243,0.2145,0.1845,0.1536,0.1225,0.09206,0.06361,0.03868,0.01863,
pal1,kasting,394.5,0.8883,0.8841,0.8716,0.8508,0.822,0.7855,0.7417,0.6911,0.6342,0.5719,0.5049,0.4344,0.3617,0.2884,0.2168,0.1498,0.09107,0.04384,
pal1,kasting,395.5,1.143,1.137,1.121,1.094,1.057,1.011,0.9543,0.8892,0.8161,0.736,0.6499,0.5593,0.4657,0.3714,0.2793,0.1929,0.1172,0.05643,
pal1,kasting,396.5,0.6708,0.6677,0.6582,0.6425,0.6208,0.5933,0.5603,0.5221,0.4793,0.4323,0.3818,0.3286,0.2737,0.2183,0.1641,0.1134,0.06889,0.03315,
pal1,kasting,397.5,0.7739,0.7702,0.7593,0.7413,0.7163,0.6846,0.6465,0.6025,0.5531,0.4989,0.4407,0.3793,0.316,0.2521,0.1896,0.131,0.07956,0.03826,
pal1,kasting,398.5,1.329,1.323,1.305,1.274,1.231,1.176,1.111,1.035,0.9506,0.8575,0.7575,0.6522,0.5433,0.4336,0.3261,0.2253,0.1368,0.06577,
pal1,kasting,399.5,1.383,1.376,1.357,1.324,1.28,1.223,1.155,1.077,0.9889,0.8922,0.7882,0.6787,0.5655,0.4513,0.3395,0.2345,0.1424,0.06844,
pal1,kasting,400.5,1.453,1.446,1.426,1.392,1.345,1.286,1.215,1.132,1.04,0.9382,0.829,0.7139,0.595,0.4749,0.3573,0.2468,0.1498,0.07198,
pal1,kasting,401.5,1.495,1.488,1.467,1.432,1.384,1.323,1.25,1.165,1.07,0.9655,0.8532,0.7349,0.6125,0.489,0.3679,0.2542,0.1542,0.07408,
pal1,kasting,402.5,1.551,1.544,1.522,1.486,1.437,1.373,1.297,1.21,1.111,1.003,0.8861,0.7633,0.6364,0.5081,0.3823,0.2641,0.1602,0.07693,
pal1,kasting,403.5,1.42,1.413,1.393,1.36,1.315,1.257,1.187,1.107,1.017,0.9179,0.8114,0.699,0.5829,0.4655,0.3503,0.242,0.1468,0.07044,
pal1,kasting,404.5,1.392,1.386,1.366,1.334,1.289,1.233,1.165,1.086,0.9975,0.9005,0.7961,0.6859,0.572,0.4569,0.3439,0.2376,0.144,0.06912,
pal1,kasting,405.5,1.446,1.439,1.419,1.386,1.339,1.28,1.21,1.128,1.036,0.9356,0.8273,0.7129,0.5946,0.475,0.3576,0.2471,0.1497,0.07182,
pal1,kasting,406.5,1.362,1.355,1.336,1.305,1.261,1.206,1.139,1.063,0.9763,0.8815,0.7795,0.6719,0.5605,0.4478,0.3371,0.2329,0.1412,0.06768,
pal1,kasting,407.5,1.373,1.366,1.347,1.315,1.271,1.216,1.149,1.071,0.9845,0.889,0.7862,0.6777,0.5655,0.4519,0.3402,0.2351,0.1424,0.06825,
pal1,kasting,408.5,1.528,1.521,1.5,1.465,1.416,1.354,1.279,1.193,1.097,0.9903,0.8759,0.7552,0.6302,0.5037,0.3793,0.2621,0.1587,0.07604,
pal1,kasting,409.5,1.498,1.491,1.47,1.436,1.388,1.327,1.254,1.17,1.075,0.9711,0.859,0.7407,0.6182,0.4942,0.3722,0.2572,0.1557,0.07457,
pal1,kasting,410.5,1.299,1.293,1.275,1.245,1.203,1.151,1.088,1.015,0.9325,0.8423,0.7452,0.6427,0.5365,0.4289,0.3231,0.2232,0.1351,0.06469,
pal1,kasting,411.5,1.561,1.554,1.532,1.496,1.446,1.383,1.307,1.22,1.121,1.013,0.8961,0.7729,0.6452,0.516,0.3887,0.2686,0.1626,0.07778,
pal1,kasting,412.5,1.547,1.539,1.518,1.482,1.433,1.371,1.296,1.209,1.111,1.004,0.8884,0.7664,0.6399,0.5118,0.3856,0.2665,0.1612,0.07712,
pal1,kasting,413.5,1.5,1.493,1.472,1.438,1.39,1.329,1.257,1.173,1.078,0.9739,0.862,0.7437,0.6211,0.4968,0.3744,0.2587,0.1565,0.07483,
pal1,kasting,414.5,1.541,1.534,1.513,1.477,1.428,1.366,1.292,1.205,1.108,1.001,0.8862,0.7647,0.6387,0.511,0.3852,0.2662,0.161,0.07693,
pal1,kasting,415.5,1.474,1.467,1.447,1.413,1.366,1.307,1.235,1.153,1.06,0.9579,0.848,0.7318,0.6113,0.4892,0.3687,0.2548,0.1541,0.07361,
pal1,kasting,416.5,1.604,1.596,1.574,1.538,1.487,1.422,1.345,1.255,1.154,1.043,0.9233,0.7969,0.6658,0.5328,0.4017,0.2776,0.1678,0.08014,
pal1,kasting,417.5,1.466,1.459,1.439,1.405,1.359,1.3,1.229,1.147,1.055,0.9535,0.8443,0.7288,0.6091,0.4875,0.3676,0.2541,0.1535,0.07328,
pal1,kasting,418.5,1.477,1.47,1.45,1.416,1.369,1.31,1.239,1.156,1.063,0.9613,0.8513,0.7349,0.6142,0.4917,0.3708,0.2563,0.1549,0.07389,
pal1,kasting,419.5,1.526,1.519,1.498,1.463,1.415,1.353,1.28,1.194,1.099,0.9932,0.8796,0.7595,0.6349,0.5084,0.3834,0.265,0.1601,0.07635,
pal1,photochem,280.5,1.258e-08,1.181e-08,9.753e-09,7.034e-09,4.378e-09,2.309e-09,1.005e-09,3.475e-10,9.073e-11,1.664e-11,1.954e-12,1.388e-13,1.1e-14,3.888e-15,2.491e-15,1.797e-15,1.323e-15,9.146e-16,
pal1,photochem,281.5,1.175e-07,1.109e-07,9.302e-08,6.894e-08,4.464e-08,2.484e-08,1.16e-08,4.39e-09,1.285e-09,2.729e-10,3.865e-11,3.463e-12,3.138e-13,1.032e-13,6.471e-14,4.622e-14,3.38e-14,2.324e-14,
pal1,photochem,282.5,5.478e-07,5.194e-07,4.418e-07,3.352e-07,2.246e-07,1.309e-07,6.491e-08,2.655e-08,8.582e-09,2.066e-09,3.437e-10,3.755e-11,3.867e-12,1.194e-12,7.304e-13,5.163e-13,3.751e-13,2.565e-13,
pal1,photochem,283.5,1.347e-06,1.281e-06,1.099e-06,8.467e-07,5.801e-07,3.484e-07,1.797e-07,7.728e-08,2.663e-08,6.956e-09,1.284e-09,1.593e-10,1.79e-11,5.293e-12,3.177e-12,2.228e-12,1.611e-12,1.097e-12,
pal1,photochem,284.5,4.255e-06,4.068e-06,3.549e-06,2.812e-06,2.007e-06,1.274e-06,7.059e-07,3.33e-07,1.291e-07,3.919e-08,8.763e-09,1.378e-09,1.861e-10,5.147e-11,2.952e-11,2.034e-11,1.454e-11,9.821e-12,
pal1,photochem,285.5,6.207e-06,5.958e-06,5.261e-06,4.256e-06,3.13e-06,2.069e-06,1.209e-06,6.108e-07,2.491e-07,8.758e-08,2.254e-08,4.217e-09,6.583e-10,1.751e-10,9.594e-11,6.506e-11,4.605e-11,3.086e-11,
pal1,photochem,286.5,3.74e-05,3.601e-05,3.209e-05,2.638e-05,1.985e-05,1.354e-05,8.247e-06,4.39e-06,1.984e-06,7.324e-07,2.1e-07,4.484e-08,7.871e-09,2.052e-09,1.076e-09,7.183e-10,5.038e-10,3.353e-10,
pal1,photochem,287.5,0.000102,9.854e-05,8.874e-05,7.424e-05,5.734e-05,4.05e-05,2.581e-05,1.457e-05,7.094e-06,2.878e-06,9.303e-07,2.303e-07,4.643e-08,1.204e-08,5.952e-09,3.889e-09,2.693e-09,1.776e-09,
pal1,photochem,288.5,0.0002275,0.0002206,0.0002009,0.0001714,0.0001321,9.985e-05,6.686e-05,4.02e-05,2.121e-05,9.534e-06,3.509e-06,1.019e-06,2.408e-07,6.377e-08,2.924e-08,1.851e-08,1.26e-08,8.207e-09,
pal1,photochem,289.5,0.0006987,0.0006793,0.0006237,0.0005393,0.0004371,0.0003294,0.0002285,0.0001438,8.037e-05,3.885e-05,1.568e-05,5.103e-06,1.355e-06,3.709e-07,1.603e-07,9.838e-08,6.596e-08,4.248e-08,
pal1,photochem,290.5,0.001707,0.001672,0.001545,0.001352,0.001114,0.0008592,0.000614,0.0004013,0.0002354,0.000121,5.277e-05,1.888e-05,5.544e-06,1.583e-06,6.506e-07,3.861e-07,2.547e-07,1.622e-07,
pal1,photochem,291.5,0.003108,0.003037,0.002829,0.002508,0.002107,0.001667,0.001232,0.0008409,0.0005212,0.0002871,0.0001367,5.449e-05,1.801e-05,5.493e-06,2.149e-06,1.213e-06,7.823e-07,4.903e-07,
pal1,photochem,292.5,0.004721,0.004621,0.004333,0.003882,0.003313,0.002678,0.002035,0.001439,0.0009325,0.0005436,0.0002779,0.000121,4.415e-05,1.441e-05,5.473e-06,2.933e-06,1.845e-06,1.137e-06,
pal1,photochem,293.5,0.008839,0.008669,0.008176,0.007401,0.00641,0.005286,0.004123,0.003014,0.002038,0.001253,0.000685,0.0003242,0.0001301,4.577e-05,1.718e-05,8.687e-06,5.3e-06,3.203e-06,
pal1,photochem,294.5,0.01192,0.01171,0.0111,0.01012,0.008869,0.00743,0.005914,0.004436,0.003099,0.001986,0.001144,0.000577,0.0002495,9.375e-05,3.535e-05,1.7e-05,1.005e-05,5.959e-06,
pal1,photochem,295.5,0.02089,0.02056,0.01958,0.01802,0.01598,0.01361,0.01107,0.008539,0.006179,0.004139,0.002519,0.001362,0.0006392,0.0002598,0.0001002,4.57e-05,2.586e-05,1.494e-05,
pal1,photochem,296.5,0.02697,0.02658,0.02541,0.02355,0.0211,0.01822,0.01509,0.01191,0.00887,0.006161,0.003926,0.002247,0.001129,0.0004919,0.0001963,8.613e-05,4.649e-05,2.613e-05,
pal1,photochem,297.5,0.03937,0.03919,0.03761,0.03507,0.03171,0.02772,0.02332,0.01877,0.01434,0.01029,0.006823,0.004106,0.002191,0.001019,0.0004242,0.0001817,9.329e-05,5.081e-05,
pal1,photochem,298.5,0.0379,0.03742,0.03602,0.03376,0.03076,0.02716,0.02316,0.01896,0.0148,0.0109,0.007476,0.004691,0.002635,0.001298,0.0005644,0.0002397,0.0001173,6.179e-05,
pal1,photochem,299.5,0.06864,0.06785,0.0655,0.0617,0.05661,0.05048,0.04358,0.03626,0.02887,0.02181,0.01545,0.01009,0.005953,0.003103,0.00142,0.0006063,0.0002827,0.000143,
pal1,photochem,300.5,0.05473,0.05414,0.05238,0.04952,0.04569,0.04104,0.03577,0.03012,0.02436,0.01876,0.01361,0.009157,0.005608,0.003054,0.001457,0.0006311,0.0002842,0.0001384,
pal1,photochem,301.5,0.09141,0.09049,0.08776,0.08331,0.07732,0.07001,0.06166,0.05261,0.04326,0.03402,0.02534,0.01763,0.01125,0.00644,0.003236,0.001442,0.0006291,0.0002913,
pal1,photochem,302.5,0.1017,0.1007,0.09781,0.09311,0.08676,0.07896,0.07002,0.06027,0.0501,0.03994,0.03026,0.02151,0.0141,0.008342,0.004345,0.001983,0.0008528,0.0003799,
pal1,photochem,303.5,0.1518,0.1505,0.1464,0.1399,0.1309,0.1199,0.1072,0.0932,0.07848,0.06359,0.04917,0.03587,0.02429,0.01495,0.008153,0.003866,0.001652,0.0007001,
pal1,photochem,304.5,0.1537,0.1524,0.1485,0.1421,0.1333,0.1226,0.1101,0.09629,0.08168,0.06681,0.05226,0.03868,0.02668,0.0168,0.00941,0.004572,0.001957,0.0008042,
pal1,photochem,305.5,0.1815,0.1801,0.1757,0.1686,0.1588,0.1468,0.1328,0.1172,0.1005,0.08336,0.06637,0.05023,0.03564,0.02326,0.0136,0.006903,0.003003,0.001182,
pal1,photochem,306.5,0.1806,0.1792,0.175,0.1681,0.1586,0.1469,0.1333,0.1181,0.1018,0.08494,0.06807,0.05206,0.03738,0.02476,0.01474,0.007632,0.003352,0.001295,
pal1,photochem,307.5,0.2379,0.2361,0.2309,0.2223,0.2105,0.1959,0.1787,0.1595,0.1388,0.1172,0.09538,0.07424,0.05459,0.03727,0.02306,0.01247,0.005654,0.002131,
pal1,photochem,308.5,0.257,0.2551,0.2496,0.2405,0.2281,0.2126,0.1944,0.174,0.1519,0.1288,0.1055,0.08267,0.06133,0.04235,0.02656,0.0146,0.006709,0.002509,
pal1,photochem,309.5,0.2134,0.2119,0.2075,0.2002,0.1903,0.1779,0.1633,0.1469,0.1291,0.1103,0.09118,0.07236,0.05453,0.03843,0.02474,0.01404,0.006651,0.002478,
pal1,photochem,310.5,0.2783,0.2764,0.2708,0.2617,0.2491,0.2334,0.2148,0.1939,0.1711,0.147,0.1224,0.098,0.07468,0.05339,0.03502,0.02035,0.009874,0.003691,
pal1,photochem,311.5,0.3481,0.3458,0.339,0.3278,0.3123,0.293,0.2703,0.2445,0.2164,0.1867,0.1561,0.1257,0.09653,0.06966,0.04626,0.0273,0.01348,0.005063,
pal1,photochem,312.5,0.3229,0.3209,0.3148,0.3048,0.291,0.2737,0.2533,0.2301,0.2046,0.1777,0.1499,0.1219,0.09488,0.06967,0.04733,0.02878,0.01473,0.005647,
pal1,photochem,313.5,0.3616,0.3594,0.3526,0.3415,0.3262,0.307,0.2841,0.2586,0.2304,0.2003,0.1692,0.138,0.1077,0.0794,0.0542,0.03316,0.01709,0.006581,
pal1,photochem,314.5,0.3462,0.3441,0.3379,0.3276,0.3134,0.2956,0.2746,0.2506,0.2242,0.1961,0.1669,0.1373,0.1084,0.08112,0.05649,0.0355,0.01895,0.007525,
pal1,photochem,315.5,0.3546,0.3525,0.3462,0.3357,0.3213,0.3032,0.2817,0.2573,0.2304,0.2017,0.1718,0.1416,0.112,0.08397,0.05863,0.03697,0.01982,0.007895,
pal1,photochem,316.5,0.3415,0.3395,0.3336,0.3238,0.3102,0.2932,0.2731,0.25,0.2248,0.1976,0.1693,0.1405,0.1121,0.08502,0.06029,0.03884,0.02144,0.008817,
pal1,photochem,317.5,0.4823,0.4795,0.4711,0.4573,0.4382,0.4142,0.3858,0.3534,0.3176,0.2793,0.2392,0.1985,0.1584,0.1201,0.08516,0.05481,0.03021,0.0124,
pal1,photochem,318.5,0.3678,0.3657,0.3595,0.3492,0.335,0.3172,0.296,0.2718,0.2451,0.2163,0.1863,0.1556,0.1251,0.09594,0.06899,0.0453,0.02569,0.01092,
pal1,photochem,319.5,0.4457,0.4432,0.4357,0.4233,0.4063,0.3848,0.3592,0.33,0.2978,0.2631,0.2267,0.1896,0.1527,0.1173,0.08456,0.05569,0.03172,0.01356,
pal1,photochem,320.5,0.5382,0.5351,0.5262,0.5114,0.4909,0.4651,0.4344,0.3994,0.3607,0.319,0.2753,0.2305,0.1861,0.1433,0.1036,0.06852,0.03927,0.01693,
pal1,photochem,321.5,0.4439,0.4415,0.4342,0.4223,0.4058,0.385,0.3603,0.332,0.3007,0.2669,0.2313,0.1949,0.1584,0.1232,0.09024,0.0608,0.03581,0.01607,
pal1,photochem,322.5,0.4565,0.454,0.4464,0.4339,0.4167,0.395,0.3692,0.3396,0.307,0.2718,0.2348,0.197,0.1593,0.1229,0.08907,0.05911,0.03403,0.01476,
pal1,photochem,323.5,0.454,0.4515,0.4442,0.4322,0.4155,0.3945,0.3695,0.3409,0.3092,0.275,0.2389,0.2018,0.1646,0.1285,0.09469,0.0643,0.03832,0.01751,
pal1,photochem,324.5,0.533,0.5302,0.5216,0.5074,0.4879,0.4633,0.4339,0.4003,0.3631,0.3228,0.2804,0.2368,0.1932,0.1507,0.111,0.07523,0.04473,0.02037,
pal1,photochem,325.5,0.6,0.5967,0.5871,0.5711,0.5491,0.5213,0.4882,0.4503,0.4083,0.3629,0.315,0.2659,0.2166,0.1688,0.1239,0.08376,0.04955,0.02238,
pal1,photochem,326.5,0.7082,0.7045,0.6933,0.6748,0.6493,0.6172,0.5788,0.5349,0.4861,0.4334,0.3776,0.3202,0.2625,0.2061,0.1531,0.1051,0.06364,0.02987,
pal1,photochem,327.5,0.6644,0.6608,0.6503,0.6329,0.6089,0.5786,0.5424,0.501,0.4551,0.4053,0.3529,0.2988,0.2445,0.1915,0.1416,0.09667,0.05806,0.02687,
pal1,photochem,328.5,0.6132,0.6099,0.6002,0.5842,0.5621,0.5341,0.5009,0.4627,0.4203,0.3745,0.3261,0.2761,0.226,0.1771,0.131,0.08942,0.05372,0.02487,
pal1,photochem,329.5,0.7795,0.7755,0.7633,0.7433,0.7156,0.6806,0.6389,0.591,0.5378,0.4802,0.4193,0.3563,0.2929,0.2309,0.1722,0.1189,0.07269,0.03468,
pal1,photochem,330.5,0.714,0.7103,0.6991,0.6806,0.6551,0.623,0.5846,0.5406,0.4917,0.4387,0.3826,0.3248,0.2665,0.2096,0.1557,0.107,0.06488,0.03053,
pal1,photochem,331.5,0.7065,0.7028,0.6917,0.6735,0.6483,0.6165,0.5785,0.5349,0.4865,0.4341,0.3786,0.3213,0.2636,0.2072,0.1539,0.1056,0.06392,0.03,
pal1,photochem,332.5,0.6858,0.6822,0.6716,0.6541,0.6299,0.5994,0.5629,0.5211,0.4745,0.4241,0.3706,0.3154,0.2596,0.2049,0.153,0.1059,0.06494,0.03117,
pal1,photochem,333.5,0.648,0.6446,0.6346,0.618,0.5951,0.5661,0.5316,0.4919,0.4478,0.4,0.3494,0.297,0.2442,0.1924,0.1433,0.09877,0.06022,0.02861,
pal1,photochem,334.5,0.7215,0.7178,0.7066,0.6882,0.6628,0.6307,0.5924,0.5484,0.4994,0.4463,0.39,0.3318,0.273,0.2153,0.1606,0.1109,0.06779,0.03237,
pal1,photochem,335.5,0.726,0.7223,0.7112,0.6928,0.6673,0.6352,0.5969,0.5528,0.5038,0.4506,0.3942,0.3358,0.2767,0.2187,0.1636,0.1134,0.06974,0.03366,
pal1,photochem,336.5,0.5685,0.5656,0.5569,0.5425,0.5226,0.4974,0.4674,0.4329,0.3945,0.3528,0.3086,0.2628,0.2166,0.1711,0.1278,0.08848,0.05431,0.02612,
pal1,photochem,337.5,0.6268,0.6236,0.6139,0.598,0.576,0.5483,0.5151,0.477,0.4345,0.3885,0.3397,0.2891,0.238,0.1877,0.14,0.0966,0.05901,0.02815,
pal1,photochem,338.5,0.6566,0.6533,0.6433,0.6267,0.6038,0.5749,0.5403,0.5007,0.4564,0.4084,0.3575,0.3047,0.2512,0.1986,0.1486,0.1029,0.0633,0.03057,
pal1,photochem,339.5,0.7129,0.7093,0.6984,0.6805,0.6557,0.6243,0.5869,0.5439,0.496,0.4439,0.3887,0.3313,0.2733,0.2162,0.1618,0.1121,0.069,0.03337,
pal1,photochem,340.5,0.7638,0.7599,0.7483,0.7291,0.7025,0.6689,0.6288,0.5827,0.5313,0.4754,0.4162,0.3547,0.2925,0.2311,0.1728,0.1196,0.07336,0.03532,
pal1,photochem,341.5,0.6756,0.6722,0.6619,0.645,0.6216,0.592,0.5566,0.516,0.4707,0.4214,0.3691,0.3149,0.2598,0.2056,0.1539,0.1067,0.06571,0.03183,
pal1,photochem,342.5,0.7477,0.7439,0.7326,0.7139,0.688,0.6553,0.6162,0.5713,0.5213,0.4668,0.409,0.3489,0.2881,0.228,0.1707,0.1184,0.07294,0.03537,
pal1,photochem,343.5,0.7773,0.7734,0.7616,0.7422,0.7153,0.6813,0.6407,0.5941,0.542,0.4854,0.4253,0.3628,0.2995,0.237,0.1774,0.1229,0.07559,0.03657,
pal1,photochem,344.5,0.5453,0.5426,0.5343,0.5207,0.5019,0.478,0.4496,0.4168,0.3803,0.3406,0.2984,0.2545,0.2101,0.1662,0.1243,0.08605,0.05284,0.0255,
pal1,photochem,345.5,0.7442,0.7405,0.7293,0.7107,0.6851,0.6527,0.614,0.5695,0.5198,0.4658,0.4083,0.3486,0.2879,0.228,0.1708,0.1185,0.07299,0.03544,
pal1,photochem,346.5,0.6974,0.6939,0.6834,0.666,0.642,0.6116,0.5753,0.5336,0.487,0.4364,0.3825,0.3265,0.2696,0.2134,0.1597,0.1106,0.06799,0.03288,
pal1,photochem,347.5,0.6809,0.6775,0.6673,0.6503,0.6269,0.5973,0.562,0.5213,0.4758,0.4264,0.3738,0.3191,0.2636,0.2087,0.1562,0.1082,0.0665,0.03217,
pal1,photochem,348.5,0.7475,0.7437,0.7325,0.714,0.6883,0.6559,0.6171,0.5725,0.5227,0.4685,0.4109,0.3509,0.2899,0.2296,0.1719,0.1191,0.07324,0.03548,
pal1,photochem,349.5,0.6262,0.6231,0.6137,0.5982,0.5767,0.5496,0.5172,0.4798,0.4381,0.3928,0.3445,0.2942,0.2431,0.1926,0.1442,0.09988,0.0614,0.02974,
pal1,photochem,350.5,0.8763,0.8719,0.8588,0.8371,0.8071,0.7692,0.7239,0.6717,0.6134,0.55,0.4825,0.4121,0.3406,0.2698,0.2021,0.14,0.08604,0.04168,
pal1,photochem,351.5,0.7552,0.7514,0.7401,0.7215,0.6957,0.663,0.624,0.5791,0.5289,0.4742,0.416,0.3555,0.2938,0.2327,0.1743,0.1207,0.07415,0.0359,
pal1,photochem,352.5,0.6806,0.6772,0.6671,0.6503,0.6271,0.5977,0.5626,0.5221,0.4769,0.4277,0.3753,0.3207,0.2651,0.2101,0.1573,0.109,0.06694,0.03242,
pal1,photochem,353.5,0.8186,0.8146,0.8024,0.7822,0.7543,0.7191,0.6769,0.6283,0.574,0.5149,0.4519,0.3862,0.3194,0.2531,0.1896,0.1313,0.08069,0.0391,
pal1,photochem,354.5,0.8853,0.8809,0.8678,0.846,0.8159,0.7778,0.7322,0.6798,0.6211,0.5572,0.4892,0.4182,0.3459,0.2742,0.2054,0.1423,0.08743,0.04239,
pal1,photochem,355.5,0.827,0.8229,0.8106,0.7903,0.7623,0.7267,0.6842,0.6352,0.5805,0.5209,0.4573,0.391,0.3235,0.2565,0.1921,0.1331,0.08175,0.03964,
pal1,photochem,356.5,0.7672,0.7634,0.752,0.7332,0.7072,0.6743,0.6349,0.5895,0.5388,0.4835,0.4246,0.3631,0.3004,0.2382,0.1785,0.1236,0.0759,0.0368,
pal1,photochem,357.5,0.6522,0.6489,0.6393,0.6233,0.6012,0.5733,0.5398,0.5013,0.4582,0.4113,0.3612,0.3089,0.2556,0.2027,0.1519,0.1052,0.06457,0.03129,
pal1,photochem,358.5,0.503,0.5005,0.4931,0.4808,0.4637,0.4422,0.4164,0.3868,0.3536,0.3174,0.2788,0.2385,0.1974,0.1566,0.1173,0.08123,0.04987,0.02417,
pal1,photochem,359.5,0.8462,0.842,0.8295,0.8088,0.7802,0.7441,0.7008,0.6509,0.5951,0.5343,0.4694,0.4016,0.3324,0.2637,0.1976,0.1368,0.08396,0.0407,
pal1,photochem,360.5,0.784,0.7801,0.7685,0.7494,0.723,0.6895,0.6494,0.6033,0.5516,0.4953,0.4352,0.3724,0.3083,0.2446,0.1833,0.1269,0.07787,0.03774,
pal1,photochem,361.5,0.7064,0.703,0.6926,0.6754,0.6516,0.6214,0.5854,0.5438,0.4973,0.4466,0.3925,0.3359,0.2782,0.2207,0.1654,0.1145,0.07025,0.03406,
pal1,photochem,362.5,0.8292,0.8251,0.8129,0.7928,0.7649,0.7296,0.6873,0.6385,0.584,0.5245,0.461,0.3947,0.3269,0.2594,0.1944,0.1346,0.08255,0.04002,
pal1,photochem,363.5,0.7374,0.7337,0.7229,0.705,0.6802,0.6489,0.6113,0.568,0.5196,0.4667,0.4103,0.3513,0.291,0.231,0.1731,0.1198,0.07348,0.03562,
pal1,photochem,364.5,0.804,0.8001,0.7883,0.7688,0.7418,0.7077,0.6668,0.6196,0.5669,0.5093,0.4477,0.3834,0.3177,0.2522,0.189,0.1308,0.08019,0.03886,
pal1,photochem,365.5,0.9794,0.9746,0.9603,0.9365,0.9037,0.8622,0.8124,0.755,0.6908,0.6207,0.5458,0.4674,0.3873,0.3075,0.2305,0.1595,0.09775,0.04736,
pal1,photochem,366.5,1.036,1.031,1.016,0.9908,0.9562,0.9123,0.8597,0.799,0.7311,0.657,0.5778,0.495,0.4102,0.3257,0.2442,0.169,0.1035,0.05015,
pal1,photochem,367.5,0.9833,0.9785,0.9642,0.9404,0.9076,0.8659,0.8161,0.7586,0.6942,0.6239,0.5488,0.4702,0.3897,0.3095,0.2321,0.1606,0.09836,0.04765,
pal1,photochem,368.5,0.8635,0.8593,0.8467,0.8259,0.797,0.7605,0.7168,0.6664,0.6099,0.5482,0.4823,0.4133,0.3426,0.2721,0.2041,0.1412,0.08645,0.04187,
pal1,photochem,369.5,1.035,1.03,1.015,0.9903,0.9558,0.9121,0.8597,0.7993,0.7316,0.6577,0.5787,0.496,0.4112,0.3267,0.245,0.1695,0.1037,0.05025,
pal1,photochem,370.5,0.939,0.9345,0.9208,0.8982,0.8669,0.8273,0.7799,0.7251,0.6638,0.5969,0.5252,0.4502,0.3734,0.2966,0.2225,0.1539,0.09418,0.0456,
pal1,photochem,371.5,1.074,1.069,1.053,1.027,0.9917,0.9464,0.8922,0.8297,0.7596,0.6831,0.6012,0.5154,0.4275,0.3397,0.2548,0.1762,0.1078,0.0522,
pal1,photochem,372.5,0.793,0.7892,0.7777,0.7587,0.7323,0.699,0.659,0.6128,0.5611,0.5047,0.4442,0.3809,0.316,0.2511,0.1884,0.1303,0.07969,0.03857,
pal1,photochem,373.5,0.7166,0.7131,0.7027,0.6856,0.6618,0.6317,0.5956,0.5539,0.5073,0.4563,0.4017,0.3445,0.2858,0.2272,0.1704,0.1178,0.07206,0.03488,
pal1,photochem,374.5,0.7862,0.7824,0.771,0.7522,0.7261,0.6931,0.6536,0.6079,0.5568,0.5009,0.441,0.3783,0.3139,0.2495,0.1872,0.1294,0.07913,0.03829,
pal1,photochem,375.5,0.8867,0.8824,0.8696,0.8484,0.8191,0.7819,0.7373,0.6859,0.6282,0.5652,0.4977,0.427,0.3544,0.2818,0.2114,0.1462,0.08934,0.04322,
pal1,photochem,376.5,0.8852,0.8809,0.8681,0.847,0.8177,0.7806,0.7362,0.6849,0.6274,0.5645,0.4972,0.4266,0.3541,0.2816,0.2113,0.1461,0.08926,0.04318,
pal1,photochem,377.5,1.054,1.049,1.033,1.008,0.9735,0.9294,0.8765,0.8155,0.7472,0.6724,0.5923,0.5083,0.422,0.3356,0.2518,0.1741,0.1064,0.05143,
pal1,photochem,378.5,1.148,1.143,1.126,1.099,1.061,1.013,0.9552,0.8889,0.8144,0.733,0.6458,0.5542,0.4602,0.3661,0.2747,0.1899,0.116,0.05608,
pal1,photochem,379.5,0.8491,0.845,0.8328,0.8126,0.7846,0.7492,0.7067,0.6576,0.6026,0.5424,0.4779,0.4103,0.3407,0.2711,0.2034,0.1406,0.08585,0.0415,
pal1,photochem,380.5,1.021,1.016,1.001,0.977,0.9434,0.9008,0.8498,0.7908,0.7248,0.6525,0.575,0.4936,0.4101,0.3263,0.2449,0.1693,0.1033,0.04993,
pal1,photochem,381.5,0.9589,0.9543,0.9406,0.9178,0.8863,0.8463,0.7984,0.7431,0.6811,0.6132,0.5405,0.4641,0.3856,0.3068,0.2303,0.1592,0.09714,0.04693,
pal1,photochem,382.5,0.6388,0.6357,0.6265,0.6114,0.5904,0.5638,0.532,0.4952,0.4539,0.4087,0.3603,0.3094,0.2571,0.2046,0.1536,0.1062,0.06476,0.03128,
pal1,photochem,383.5,0.5607,0.558,0.55,0.5367,0.5183,0.495,0.4671,0.4348,0.3986,0.359,0.3165,0.2718,0.2259,0.1798,0.135,0.09332,0.0569,0.02748,
pal1,photochem,384.5,0.8412,0.8372,0.8252,0.8053,0.7777,0.7428,0.7009,0.6525,0.5982,0.5388,0.4751,0.4081,0.3393,0.2701,0.2028,0.1402,0.08545,0.04125,
pal1,photochem,385.5,0.832,0.828,0.8162,0.7965,0.7693,0.7348,0.6934,0.6456,0.5919,0.5332,0.4702,0.404,0.3359,0.2675,0.2009,0.1388,0.08459,0.04083,
pal1,photochem,386.5,0.8478,0.8438,0.8317,0.8117,0.784,0.7489,0.7067,0.658,0.6034,0.5436,0.4795,0.412,0.3426,0.2729,0.2049,0.1416,0.08628,0.04163,
pal1,photochem,387.5,0.7877,0.784,0.7728,0.7542,0.7285,0.6959,0.6567,0.6116,0.5609,0.5053,0.4458,0.3831,0.3186,0.2538,0.1906,0.1317,0.08023,0.03871,
pal1,photochem,388.5,0.7894,0.7856,0.7744,0.7558,0.73,0.6974,0.6582,0.613,0.5623,0.5066,0.447,0.3842,0.3196,0.2546,0.1913,0.1322,0.08047,0.03881,
pal1,photochem,389.5,0.9952,0.9904,0.9763,0.9529,0.9204,0.8793,0.83,0.7731,0.7091,0.6391,0.5639,0.4848,0.4033,0.3213,0.2414,0.1668,0.1015,0.04896,
pal1,photochem,390.5,0.9772,0.9725,0.9587,0.9357,0.9039,0.8636,0.8152,0.7593,0.6966,0.6278,0.554,0.4764,0.3964,0.3159,0.2374,0.164,0.0998,0.04811,
pal1,photochem,391.5,1.159,1.153,1.137,1.11,1.072,1.024,0.9671,0.9008,0.8265,0.745,0.6575,0.5655,0.4706,0.3751,0.2819,0.1947,0.1185,0.05709,
pal1,photochem,392.5,0.8689,0.8647,0.8524,0.8321,0.8038,0.7681,0.7251,0.6755,0.6198,0.5588,0.4932,0.4243,0.3531,0.2815,0.2116,0.1462,0.0889,0.04283,
pal1,photochem,393.5,0.3776,0.3758,0.3705,0.3617,0.3494,0.3339,0.3152,0.2937,0.2695,0.243,0.2145,0.1845,0.1536,0.1225,0.09206,0.06361,0.03868,0.01863,
pal1,photochem,394.5,0.8884,0.8842,0.8716,0.8508,0.822,0.7855,0.7417,0.6911,0.6342,0.5719,0.505,0.4345,0.3617,0.2885,0.2168,0.1498,0.09107,0.04384,
pal1,photochem,395.5,1.143,1.137,1.121,1.095,1.058,1.011,0.9543,0.8892,0.8161,0.736,0.6499,0.5593,0.4657,0.3714,0.2793,0.1929,0.1172,0.05643,
pal1,photochem,396.5,0.6708,0.6677,0.6582,0.6426,0.6209,0.5934,0.5603,0.5222,0.4793,0.4323,0.3818,0.3286,0.2737,0.2183,0.1641,0.1134,0.06889,0.03315,
pal1,photochem,397.5,0.7739,0.7703,0.7594,0.7413,0.7163,0.6846,0.6466,0.6026,0.5531,0.4989,0.4407,0.3794,0.316,0.2521,0.1896,0.131,0.07955,0.03826,
pal1,photochem,398.5,1.33,1.323,1.305,1.274,1.231,1.176,1.111,1.035,0.9506,0.8576,0.7576,0.6522,0.5434,0.4336,0.3261,0.2253,0.1368,0.06577,
pal1,photochem,399.5,1.383,1.376,1.357,1.324,1.28,1.223,1.155,1.077,0.9889,0.8922,0.7883,0.6787,0.5656,0.4514,0.3395,0.2345,0.1424,0.06843,
pal1,photochem,400.5,1.453,1.446,1.426,1.392,1.345,1.286,1.215,1.132,1.04,0.9382,0.829,0.7139,0.595,0.4749,0.3573,0.2468,0.1498,0.07197,
pal1,photochem,401.5,1.495,1.488,1.467,1.432,1.384,1.323,1.25,1.165,1.07,0.9655,0.8533,0.7349,0.6126,0.489,0.3679,0.2542,0.1542,0.07407,
pal1,photochem,402.5,1.552,1.544,1.523,1.487,1.437,1.373,1.297,1.21,1.111,1.003,0.8862,0.7633,0.6364,0.5081,0.3823,0.2641,0.1602,0.07693,
pal1,photochem,403.5,1.42,1.413,1.393,1.36,1.315,1.257,1.188,1.107,1.017,0.9179,0.8114,0.6991,0.5829,0.4655,0.3503,0.242,0.1468,0.07044,
pal1,photochem,404.5,1.392,1.386,1.366,1.334,1.289,1.233,1.165,1.086,0.9976,0.9005,0.7961,0.686,0.5721,0.4569,0.3439,0.2376,0.144,0.06911,
pal1,photochem,405.5,1.446,1.439,1.419,1.386,1.339,1.28,1.21,1.128,1.036,0.9357,0.8273,0.713,0.5947,0.4751,0.3576,0.2471,0.1497,0.07182,
pal1,photochem,406.5,1.362,1.355,1.336,1.305,1.261,1.206,1.139,1.063,0.9763,0.8815,0.7795,0.6719,0.5605,0.4478,0.3371,0.2329,0.1411,0.06766,
pal1,photochem,407.5,1.373,1.366,1.347,1.315,1.271,1.216,1.149,1.071,0.9845,0.889,0.7862,0.6777,0.5654,0.4519,0.3402,0.2351,0.1424,0.06824,
pal1,photochem,408.5,1.528,1.521,1.5,1.465,1.416,1.354,1.279,1.193,1.097,0.9903,0.8759,0.7552,0.6302,0.5037,0.3793,0.2621,0.1587,0.07602,
pal1,photochem,409.5,1.498,1.491,1.47,1.436,1.388,1.327,1.254,1.17,1.075,0.9711,0.859,0.7407,0.6182,0.4942,0.3722,0.2571,0.1557,0.07455,
pal1,photochem,410.5,1.299,1.293,1.275,1.245,1.203,1.151,1.088,1.015,0.9325,0.8423,0.7452,0.6427,0.5364,0.4289,0.3231,0.2232,0.1351,0.06467,
pal1,photochem,411.5,1.561,1.554,1.532,1.496,1.446,1.383,1.307,1.22,1.121,1.013,0.896,0.7728,0.6452,0.5159,0.3887,0.2686,0.1625,0.07776,
pal1,photochem,412.5,1.547,1.539,1.518,1.482,1.433,1.371,1.296,1.209,1.111,1.004,0.8884,0.7664,0.6399,0.5118,0.3856,0.2665,0.1612,0.0771,
pal1,photochem,413.5,1.5,1.493,1.472,1.438,1.39,1.329,1.257,1.173,1.078,0.9739,0.8619,0.7436,0.621,0.4968,0.3744,0.2587,0.1565,0.07481,
pal1,photochem,414.5,1.541,1.534,1.513,1.477,1.428,1.366,1.292,1.205,1.108,1.001,0.8862,0.7647,0.6387,0.511,0.3851,0.2661,0.161,0.07691,
pal1,photochem,415.5,1.474,1.467,1.447,1.413,1.366,1.307,1.235,1.153,1.06,0.9579,0.848,0.7318,0.6113,0.4892,0.3687,0.2548,0.1541,0.07358,
pal1,photochem,416.5,1.604,1.596,1.574,1.538,1.487,1.422,1.344,1.255,1.154,1.043,0.9232,0.7968,0.6658,0.5328,0.4017,0.2776,0.1678,0.08011,
pal1,photochem,417.5,1.466,1.459,1.439,1.405,1.359,1.3,1.229,1.147,1.055,0.9535,0.8443,0.7288,0.609,0.4875,0.3675,0.254,0.1535,0.07325,
pal1,photochem,418.5,1.477,1.47,1.45,1.416,1.369,1.31,1.239,1.156,1.063,0.9612,0.8512,0.7349,0.6142,0.4917,0.3708,0.2563,0.1548,0.07385,
pal1,photochem,419.5,1.526,1.519,1.498,1.463,1.414,1.353,1.28,1.194,1.099,0.9932,0.8796,0.7595,0.6349,0.5083,0.3834,0.265,0.1601,0.07632,
pal1,vulcan,280.5,3.687e-07,3.506e-07,3.007e-07,2.315e-07,1.584e-07,9.494e-08,4.88e-08,2.088e-08,7.132e-09,1.835e-09,3.298e-10,3.935e-11,4.694e-12,1.812e-12,1.262e-12,9.532e-13,7.118e-13,4.804e-13,
pal1,vulcan,281.5,2.543e-06,2.428e-06,2.109e-06,1.658e-06,1.17e-06,7.315e-07,3.972e-07,1.823e-07,6.814e-08,1.967e-08,4.095e-09,5.867e-10,7.881e-11,2.841e-11,1.938e-11,1.457e-11,1.086e-11,7.321e-12,
pal1,vulcan,282.5,9.13e-06,8.747e-06,7.679e-06,6.151e-06,4.458e-06,2.889e-06,1.644e-06,8.02e-07,3.237e-07,1.031e-07,2.437e-08,4.083e-09,6.133e-10,2.086e-10,1.388e-10,1.038e-10,7.722e-11,5.199e-11,
pal1,vulcan,283.5,1.893e-05,1.817e-05,1.607e-05,1.302e-05,9.604e-06,6.371e-06,3.739e-06,1.897e-06,8.05e-07,2.733e-07,7.009e-08,1.299e-08,2.103e-09,6.892e-10,4.491e-10,3.344e-10,2.483e-10,1.67e-10,
pal1,vulcan,284.5,4.384e-05,4.228e-05,3.786e-05,3.137e-05,2.388e-05,1.654e-05,1.027e-05,5.602e-06,2.55e-06,9.965e-07,2.973e-07,6.643e-08,1.258e-08,3.91e-09,2.421e-09,1.784e-09,1.319e-09,8.855e-10,
pal1,vulcan,285.5,5.077e-05,4.911e-05,4.44e-05,3.738e-05,2.914e-05,2.084e-05,1.349e-05,7.76e-06,3.867e-06,1.611e-06,5.37e-07,1.376e-07,2.944e-08,8.918e-09,5.247e-09,3.822e-09,2.815e-09,1.886e-09,
pal1,vulcan,286.5,0.000256,0.0002482,0.000226,0.0001927,0.000153,0.0001121,7.492e-05,4.49e-05,2.358e-05,1.05e-05,3.81e-06,1.084e-06,2.557e-07,7.674e-08,4.301e-08,3.095e-08,2.27e-08,1.518e-08,
pal1,vulcan,287.5,0.0005728,0.0005568,0.0005112,0.0004419,0.0003579,0.0002696,0.0001867,0.0001172,6.521e-05,3.129e-05,1.248e-05,3.99e-06,1.055e-06,3.188e-07,1.678e-07,1.184e-07,8.637e-08,5.76e-08,
pal1,vulcan,288.5,0.00103,0.001004,0.0009303,0.0008164,0.0006759,0.0005243,0.0003775,0.0002489,0.0001476,7.675e-05,3.389e-05,1.23e-05,3.705e-06,1.154e-06,5.629e-07,3.853e-07,2.785e-07,1.849e-07,
pal1,vulcan,289.5,0.002709,0.002647,0.002467,0.002189,0.00184,0.001458,0.001079,0.0007375,0.0004574,0.0002519,0.0001196,4.748e-05,1.573e-05,5.086e-06,2.346e-06,1.554e-06,1.113e-06,7.363e-07,
pal1,vulcan,290.5,0.005837,0.005713,0.005353,0.004792,0.004083,0.003294,0.002496,0.001757,0.001132,0.0006539,0.00033,0.0001412,5.079e-05,1.712e-05,7.557e-06,4.824e-06,3.42e-06,2.252e-06,
pal1,vulcan,291.5,0.009121,0.008945,0.008432,0.007627,0.006597,0.00543,0.004225,0.003076,0.002069,0.001263,0.0006826,0.0003183,0.000126,4.52e-05,1.917e-05,1.159e-05,8.077e-06,5.285e-06,
pal1,vulcan,292.5,0.01226,0.01204,0.01141,0.01041,0.009112,0.007627,0.005983,0.004539,0.003162,0.002017,0.001154,0.0005767,0.0002472,9.427e-05,3.919e-05,2.241e-05,1.53e-05,9.937e-06,
pal1,vulcan,293.5,0.02045,0.02012,0.01915,0.01761,0.0156,0.01326,0.01076,0.008269,0.005955,0.003961,0.002389,0.001275,0.0005903,0.0002404,9.962e-05,5.366e-05,3.561e-05,2.29e-05,
pal1,vulcan,294.5,0.02519,0.02481,0.0237,0.02193,0.0196,0.01687,0.01391,0.0109,0.008057,0.005536,0.003477,0.001953,0.0009601,0.0004136,0.000173,8.873e-05,5.708e-05,3.633e-05,
pal1,vulcan,295.5,0.04007,0.03952,0.0379,0.0353,0.03186,0.02778,0.02329,0.01867,0.01418,0.01009,0.00662,0.003928,0.002062,0.000949,0.0004073,0.0001988,0.0001222,7.655e-05,
pal1,vulcan,296.5,0.04771,0.0471,0.04532,0.04244,0.03861,0.03403,0.02894,0.02361,0.01834,0.01343,0.009137,0.005671,0.003144,0.001533,0.00068,0.0003211,0.000188,0.0001155,
pal1,vulcan,297.5,0.06543,0.06466,0.06239,0.05871,0.05379,0.04786,0.04121,0.03416,0.02707,0.02032,0.01427,0.009216,0.005363,0.00276,0.001272,0.0005895,0.0003275,0.0001966,
pal1,vulcan,298.5,0.05877,0.05812,0.05621,0.05311,0.04895,0.04391,0.0382,0.03208,0.02585,0.01982,0.01429,0.009541,0.005784,0.003119,0.001495,0.000689,0.0003645,0.0002129,
pal1,vulcan,299.5,0.1005,0.09951,0.09646,0.09149,0.0848,0.07664,0.06733,0.05727,0.04689,0.03668,0.02712,0.01869,0.01179,0.006658,0.003332,0.001547,0.00078,0.0004393,
pal1,vulcan,300.5,0.07674,0.07599,0.07379,0.0702,0.06534,0.05939,0.05257,0.04514,0.0374,0.0297,0.02238,0.0158,0.01026,0.006007,0.003115,0.001466,0.0007142,0.0003882,
pal1,vulcan,301.5,0.1222,0.1211,0.1178,0.1124,0.1051,0.09617,0.08582,0.07446,0.06252,0.05047,0.03883,0.02814,0.0189,0.01152,0.006237,0.00301,0.001422,0.0007359,
pal1,vulcan,302.5,0.1317,0.1306,0.1272,0.1216,0.1141,0.1048,0.09402,0.08214,0.06956,0.05676,0.04427,0.03263,0.02239,0.01401,0.007817,0.003853,0.001795,0.0008933,
pal1,vulcan,303.5,0.1896,0.188,0.1834,0.1758,0.1655,0.1528,0.138,0.1215,0.1039,0.08592,0.0681,0.05124,0.03608,0.02332,0.01351,0.006878,0.00318,0.001504,
pal1,vulcan,304.5,0.1878,0.1864,0.1819,0.1747,0.1648,0.1526,0.1383,0.1223,0.1053,0.08765,0.07012,0.05338,0.03814,0.02511,0.01487,0.007725,0.003573,0.001636,
pal1,vulcan,305.5,0.2148,0.2132,0.2084,0.2006,0.1898,0.1765,0.1608,0.1433,0.1244,0.1047,0.08496,0.06583,0.04811,0.0326,0.01999,0.01077,0.005043,0.002205,
pal1,vulcan,306.5,0.2108,0.2092,0.2046,0.1971,0.1868,0.174,0.1589,0.142,0.1238,0.1047,0.08546,0.06671,0.04923,0.03376,0.02101,0.01151,0.005426,0.002324,
pal1,vulcan,307.5,0.2704,0.2685,0.2629,0.2537,0.2411,0.2253,0.2067,0.1858,0.1621,0.1393,0.115,0.09116,0.06856,0.04818,0.03093,0.01756,0.008488,0.003525,
pal1,vulcan,308.5,0.2891,0.2871,0.2812,0.2716,0.2583,0.2418,0.2222,0.2002,0.1763,0.1511,0.1253,0.09985,0.07563,0.05363,0.03483,0.02003,0.009784,0.00402,
pal1,vulcan,309.5,0.2358,0.2343,0.2296,0.2207,0.2116,0.1985,0.183,0.1655,0.1465,0.1263,0.1056,0.08496,0.06516,0.04697,0.03115,0.01839,0.009202,0.003742,
pal1,vulcan,310.5,0.3037,0.3018,0.2959,0.2864,0.2732,0.2568,0.2373,0.2152,0.1911,0.1655,0.1391,0.1127,0.08725,0.06363,0.04284,0.02577,0.01315,0.005331,
pal1,vulcan,311.5,0.3767,0.3744,0.3673,0.3556,0.3396,0.3195,0.2957,0.2687,0.2392,0.2078,0.1753,0.1427,0.1111,0.08164,0.05551,0.03383,0.01749,0.007096,
pal1,vulcan,312.5,0.3444,0.3423,0.336,0.3257,0.3114,0.2936,0.2725,0.2484,0.222,0.1939,0.1646,0.1352,0.1064,0.07925,0.05488,0.03426,0.01823,0.007474,
pal1,vulcan,313.5,0.3842,0.3819,0.375,0.3635,0.3478,0.328,0.3046,0.278,0.2487,0.2174,0.1849,0.1521,0.12,0.08968,0.06235,0.03912,0.02093,0.008595,
pal1,vulcan,314.5,0.3632,0.3611,0.3547,0.3442,0.3297,0.3115,0.2899,0.2653,0.2382,0.2092,0.179,0.1483,0.118,0.0893,0.06309,0.04045,0.02225,0.009324,
pal1,vulcan,315.5,0.3712,0.3691,0.3626,0.3519,0.3372,0.3187,0.2965,0.2715,0.2441,0.2145,0.1837,0.1523,0.1215,0.09204,0.06517,0.04189,0.02312,0.009704,
pal1,vulcan,316.5,0.3536,0.352,0.3459,0.336,0.3222,0.3048,0.2844,0.261,0.2352,0.2074,0.1784,0.1488,0.1195,0.09136,0.0655,0.04284,0.0242,0.01039,
pal1,vulcan,317.5,0.4999,0.497,0.4885,0.4744,0.4551,0.4307,0.4018,0.3687,0.3322,0.293,0.252,0.2102,0.1688,0.1291,0.09251,0.06046,0.03411,0.01461,
pal1,vulcan,318.5,0.3778,0.3757,0.3694,0.359,0.3443,0.3266,0.3051,0.2806,0.2535,0.2243,0.1937,0.1624,0.1312,0.1012,0.07339,0.04874,0.02813,0.01236,
pal1,vulcan,319.5,0.457,0.4545,0.4469,0.4335,0.4171,0.3954,0.3695,0.34,0.3073,0.2721,0.2351,0.1973,0.1597,0.1234,0.0896,0.05966,0.03455,0.01524,
pal1,vulcan,320.5,0.5507,0.5476,0.5385,0.5236,0.5029,0.4768,0.4459,0.4104,0.3712,0.329,0.2846,0.2391,0.1938,0.15,0.1092,0.07298,0.04247,0.01885,
pal1,vulcan,321.5,0.4505,0.4481,0.4408,0.4288,0.4122,0.3913,0.3664,0.3379,0.3063,0.2722,0.2364,0.1995,0.1626,0.1269,0.09337,0.06331,0.03765,0.01722,
pal1,vulcan,322.5,0.4661,0.4636,0.4559,0.4433,0.4259,0.4041,0.378,0.3482,0.3151,0.2795,0.2421,0.2037,0.1653,0.1281,0.09351,0.06263,0.03658,0.0163,
pal1,vulcan,323.5,0.459,0.4566,0.4492,0.4371,0.4204,0.3993,0.3742,0.3455,0.3136,0.2791,0.2428,0.2054,0.1679,0.1314,0.09715,0.06628,0.03979,0.01845,
pal1,vulcan,324.5,0.5391,0.5362,0.5276,0.5134,0.4938,0.469,0.4396,0.4058,0.3683,0.3278,0.2851,0.2412,0.1971,0.1542,0.1139,0.07764,0.04653,0.0215,
pal1,vulcan,325.5,0.6076,0.6043,0.5946,0.5786,0.5564,0.5285,0.4952,0.4571,0.4148,0.3691,0.3209,0.2713,0.2215,0.1731,0.1277,0.08676,0.05178,0.02378,
pal1,vulcan,326.5,0.7125,0.7087,0.6975,0.679,0.6535,0.6213,0.5828,0.5388,0.4898,0.4369,0.381,0.3233,0.2653,0.2087,0.1552,0.1068,0.06497,0.03073,
pal1,vulcan,327.5,0.6697,0.6662,0.6556,0.6382,0.6141,0.5837,0.5474,0.5059,0.4597,0.4098,0.357,0.3027,0.248,0.1946,0.1443,0.09888,0.05973,0.02795,
pal1,vulcan,328.5,0.6181,0.6148,0.6051,0.589,0.5668,0.5388,0.5054,0.4671,0.4246,0.3785,0.3299,0.2797,0.2292,0.18,0.1335,0.09144,0.05524,0.02586,
pal1,vulcan,329.5,0.782,0.7779,0.7658,0.7457,0.718,0.6829,0.6412,0.5933,0.54,0.4823,0.4212,0.3581,0.2946,0.2323,0.1734,0.1199,0.07348,0.0352,
pal1,vulcan,330.5,0.7176,0.7139,0.7027,0.6842,0.6587,0.6264,0.588,0.5439,0.4948,0.4417,0.3855,0.3275,0.269,0.2117,0.1576,0.1085,0.06606,0.03131,
pal1,vulcan,331.5,0.7104,0.7067,0.6956,0.6773,0.652,0.6202,0.5821,0.5385,0.4899,0.4373,0.3817,0.3242,0.2662,0.2095,0.1559,0.1072,0.06517,0.03082,
pal1,vulcan,332.5,0.6871,0.6836,0.673,0.6555,0.6313,0.6007,0.5642,0.5223,0.4758,0.4252,0.3717,0.3164,0.2605,0.2057,0.1538,0.1065,0.0654,0.03147,
pal1,vulcan,333.5,0.6503,0.6469,0.6368,0.6202,0.5973,0.5683,0.5337,0.494,0.4498,0.4019,0.3512,0.2987,0.2457,0.1938,0.1445,0.09975,0.06097,0.02911,
pal1,vulcan,334.5,0.7235,0.7198,0.7086,0.6902,0.6647,0.6326,0.5942,0.5502,0.5011,0.4479,0.3916,0.3332,0.2743,0.2165,0.1616,0.1117,0.06844,0.0328,
pal1,vulcan,335.5,0.7268,0.7231,0.7119,0.6935,0.6681,0.636,0.5976,0.5536,0.5045,0.4513,0.3948,0.3364,0.2773,0.2192,0.164,0.1137,0.07,0.03384,
pal1,vulcan,336.5,0.5694,0.5665,0.5578,0.5433,0.5234,0.4983,0.4682,0.4337,0.3953,0.3535,0.3093,0.2635,0.2171,0.1716,0.1283,0.08886,0.0546,0.02632,
pal1,vulcan,337.5,0.6285,0.6252,0.6156,0.5997,0.5777,0.5498,0.5166,0.4785,0.436,0.3899,0.341,0.2903,0.2391,0.1887,0.1409,0.09734,0.05958,0.02854,
pal1,vulcan,338.5,0.6572,0.6539,0.6439,0.6273,0.6044,0.5755,0.5409,0.5012,0.457,0.409,0.358,0.3051,0.2517,0.199,0.1489,0.1032,0.06351,0.03071,
pal1,vulcan,339.5,0.7134,0.7098,0.6989,0.681,0.6562,0.6248,0.5874,0.5444,0.4964,0.4443,0.3891,0.3317,0.2737,0.2165,0.162,0.1124,0.06918,0.03349,
pal1,vulcan,340.5,0.7648,0.7609,0.7493,0.7301,0.7035,0.6699,0.6297,0.5836,0.5322,0.4763,0.417,0.3555,0.2932,0.2318,0.1733,0.12,0.07372,0.03555,
pal1,vulcan,341.5,0.6759,0.6725,0.6622,0.6453,0.6219,0.5923,0.5569,0.5163,0.471,0.4217,0.3694,0.3151,0.2601,0.2058,0.1541,0.1069,0.06581,0.0319,
pal1,vulcan,342.5,0.7479,0.7441,0.7328,0.7141,0.6882,0.6555,0.6165,0.5715,0.5215,0.467,0.4092,0.3491,0.2882,0.2281,0.1709,0.1185,0.07301,0.03542,
pal1,vulcan,343.5,0.7778,0.7738,0.7621,0.7426,0.7157,0.6818,0.6412,0.5945,0.5424,0.4858,0.4257,0.3632,0.2998,0.2373,0.1776,0.1231,0.07575,0.03668,
pal1,vulcan,344.5,0.5458,0.5431,0.5348,0.5212,0.5023,0.4785,0.45,0.4173,0.3807,0.341,0.2988,0.2549,0.2104,0.1665,0.1246,0.08627,0.05301,0.02562,
pal1,vulcan,345.5,0.7443,0.7405,0.7293,0.7108,0.6852,0.6528,0.6141,0.5695,0.5199,0.4658,0.4084,0.3486,0.288,0.2281,0.1709,0.1185,0.07301,0.03545,
pal1,vulcan,346.5,0.6978,0.6942,0.6837,0.6664,0.6424,0.612,0.5757,0.5339,0.4874,0.4367,0.3828,0.3268,0.2699,0.2136,0.1599,0.1108,0.06813,0.03298,
pal1,vulcan,347.5,0.6813,0.6778,0.6676,0.6507,0.6273,0.5977,0.5623,0.5216,0.4761,0.4267,0.3741,0.3194,0.2638,0.2089,0.1564,0.1084,0.06662,0.03226,
pal1,vulcan,348.5,0.7477,0.7439,0.7327,0.7142,0.6885,0.6561,0.6173,0.5727,0.5229,0.4687,0.411,0.351,0.29,0.2297,0.172,0.1192,0.07333,0.03554,
pal1,vulcan,349.5,0.6264,0.6233,0.6139,0.5984,0.5769,0.5498,0.5174,0.48,0.4383,0.3929,0.3446,0.2944,0.2433,0.1927,0.1443,0.09998,0.06147,0.02979,
pal1,vulcan,350.5,0.8765,0.8721,0.859,0.8374,0.8074,0.7695,0.7241,0.6719,0.6137,0.5502,0.4827,0.4123,0.3408,0.27,0.2022,0.1401,0.08613,0.04174,
pal1,vulcan,351.5,0.7554,0.7517,0.7404,0.7217,0.6959,0.6633,0.6242,0.5793,0.5291,0.4745,0.4163,0.3557,0.294,0.2329,0.1744,0.1208,0.07424,0.03596,
pal1,vulcan,352.5,0.6808,0.6774,0.6672,0.6505,0.6272,0.5979,0.5627,0.5223,0.4771,0.4279,0.3755,0.3209,0.2653,0.2102,0.1574,0.1091,0.06701,0.03247,
pal1,vulcan,353.5,0.8188,0.8147,0.8025,0.7824,0.7545,0.7192,0.677,0.6284,0.5741,0.515,0.452,0.3863,0.3195,0.2532,0.1897,0.1314,0.08074,0.03914,
pal1,vulcan,354.5,0.8854,0.881,0.8678,0.8461,0.816,0.7779,0.7323,0.6798,0.6212,0.5573,0.4892,0.4183,0.346,0.2742,0.2055,0.1423,0.08747,0.04242,
pal1,vulcan,355.5,0.8271,0.823,0.8107,0.7904,0.7623,0.7268,0.6843,0.6353,0.5806,0.5209,0.4574,0.3911,0.3235,0.2565,0.1922,0.1331,0.08178,0.03966,
pal1,vulcan,356.5,0.7673,0.7635,0.7521,0.7333,0.7073,0.6743,0.6349,0.5896,0.5388,0.4836,0.4246,0.3631,0.3004,0.2382,0.1785,0.1236,0.07593,0.03682,
pal1,vulcan,357.5,0.6522,0.649,0.6394,0.6234,0.6013,0.5733,0.5399,0.5014,0.4583,0.4113,0.3612,0.309,0.2557,0.2028,0.1519,0.1052,0.06459,0.03131,
pal1,vulcan,358.5,0.503,0.5005,0.4931,0.4808,0.4638,0.4423,0.4165,0.3868,0.3536,0.3174,0.2788,0.2385,0.1974,0.1566,0.1173,0.08125,0.04988,0.02419,
pal1,vulcan,359.5,0.8462,0.842,0.8295,0.8089,0.7803,0.7441,0.7008,0.6509,0.5952,0.5343,0.4694,0.4016,0.3325,0.2637,0.1976,0.1368,0.08399,0.04072,
pal1,vulcan,360.5,0.784,0.7802,0.7686,0.7495,0.723,0.6896,0.6495,0.6033,0.5517,0.4954,0.4353,0.3725,0.3084,0.2447,0.1834,0.1269,0.07789,0.03776,
pal1,vulcan,361.5,0.7065,0.703,0.6926,0.6754,0.6516,0.6215,0.5854,0.5439,0.4974,0.4467,0.3925,0.336,0.2782,0.2208,0.1655,0.1145,0.07027,0.03407,
pal1,vulcan,362.5,0.8293,0.8252,0.813,0.7928,0.7649,0.7296,0.6873,0.6386,0.5841,0.5246,0.4611,0.3947,0.3269,0.2594,0.1945,0.1346,0.08257,0.04003,
pal1,vulcan,363.5,0.7374,0.7338,0.7229,0.705,0.6803,0.6489,0.6113,0.5681,0.5196,0.4668,0.4103,0.3513,0.291,0.231,0.1732,0.1198,0.07349,0.03562,
pal1,vulcan,364.5,0.8041,0.8002,0.7884,0.7689,0.7419,0.7077,0.6668,0.6197,0.5669,0.5093,0.4478,0.3834,0.3177,0.2522,0.189,0.1308,0.0802,0.03887,
pal1,vulcan,365.5,0.9795,0.9747,0.9603,0.9366,0.9038,0.8622,0.8124,0.7551,0.6908,0.6207,0.5458,0.4675,0.3874,0.3075,0.2306,0.1595,0.09777,0.04737,
pal1,vulcan,366.5,1.036,1.031,1.016,0.9909,0.9562,0.9123,0.8597,0.799,0.7312,0.6571,0.5779,0.495,0.4102,0.3257,0.2442,0.169,0.1035,0.05016,
pal1,vulcan,367.5,0.9834,0.9786,0.9642,0.9405,0.9076,0.866,0.8161,0.7586,0.6943,0.624,0.5488,0.4702,0.3898,0.3095,0.2321,0.1606,0.09836,0.04766,
pal1,vulcan,368.5,0.8635,0.8593,0.8467,0.8259,0.7971,0.7606,0.7168,0.6664,0.6099,0.5482,0.4823,0.4133,0.3426,0.2721,0.2041,0.1412,0.08645,0.04188,
pal1,vulcan,369.5,1.035,1.03,1.015,0.9904,0.9558,0.9121,0.8597,0.7993,0.7317,0.6578,0.5787,0.496,0.4113,0.3267,0.245,0.1695,0.1038,0.05025,
pal1,vulcan,370.5,0.9391,0.9345,0.9208,0.8982,0.867,0.8274,0.7799,0.7252,0.6639,0.5969,0.5252,0.4502,0.3734,0.2966,0.2225,0.1539,0.09418,0.04561,
pal1,vulcan,371.5,1.074,1.069,1.053,1.027,0.9917,0.9465,0.8923,0.8297,0.7597,0.6831,0.6012,0.5154,0.4275,0.3397,0.2548,0.1762,0.1078,0.05221,
pal1,vulcan,372.5,0.7931,0.7893,0.7777,0.7587,0.7324,0.699,0.659,0.6129,0.5612,0.5047,0.4442,0.3809,0.316,0.2511,0.1884,0.1303,0.07969,0.03858,
pal1,vulcan,373.5,0.7166,0.7131,0.7028,0.6856,0.6618,0.6317,0.5956,0.5539,0.5073,0.4563,0.4017,0.3445,0.2858,0.2272,0.1704,0.1179,0.07207,0.03488,
pal1,vulcan,374.5,0.7862,0.7824,0.771,0.7522,0.7262,0.6932,0.6536,0.6079,0.5568,0.5009,0.441,0.3783,0.3139,0.2495,0.1872,0.1295,0.07914,0.03829,
pal1,vulcan,375.5,0.8867,0.8825,0.8696,0.8484,0.8191,0.7819,0.7373,0.6859,0.6283,0.5652,0.4978,0.427,0.3544,0.2818,0.2114,0.1462,0.08934,0.04322,
pal1,vulcan,376.5,0.8852,0.8809,0.8681,0.847,0.8177,0.7807,0.7362,0.6849,0.6274,0.5646,0.4972,0.4266,0.3542,0.2816,0.2113,0.1461,0.08927,0.04318,
pal1,vulcan,377.5,1.054,1.049,1.033,1.008,0.9735,0.9294,0.8766,0.8156,0.7472,0.6724,0.5923,0.5083,0.422,0.3356,0.2519,0.1741,0.1064,0.05144,
pal1,vulcan,378.5,1.148,1.143,1.126,1.099,1.061,1.013,0.9553,0.8889,0.8145,0.733,0.6458,0.5543,0.4603,0.3661,0.2748,0.1899,0.116,0.05608,
pal1,vulcan,379.5,0.8491,0.845,0.8328,0.8126,0.7846,0.7492,0.7067,0.6576,0.6026,0.5424,0.478,0.4103,0.3408,0.2711,0.2035,0.1406,0.08586,0.0415,
pal1,vulcan,380.5,1.021,1.016,1.001,0.977,0.9434,0.9008,0.8498,0.7909,0.7248,0.6525,0.575,0.4937,0.4101,0.3263,0.2449,0.1693,0.1033,0.04993,
pal1,vulcan,381.5,0.9589,0.9543,0.9406,0.9178,0.8863,0.8464,0.7984,0.7431,0.6811,0.6133,0.5405,0.4641,0.3856,0.3069,0.2304,0.1592,0.09714,0.04694,
pal1,vulcan,382.5,0.6388,0.6357,0.6266,0.6114,0.5905,0.5639,0.532,0.4952,0.4539,0.4087,0.3603,0.3094,0.2571,0.2046,0.1536,0.1062,0.06477,0.03129,
pal1,vulcan,383.5,0.5607,0.5581,0.55,0.5368,0.5184,0.4951,0.4671,0.4348,0.3986,0.359,0.3165,0.2718,0.2259,0.1798,0.135,0.09333,0.05691,0.02748,
pal1,vulcan,384.5,0.8412,0.8372,0.8252,0.8053,0.7777,0.7428,0.7009,0.6525,0.5983,0.5388,0.4751,0.4082,0.3393,0.2701,0.2028,0.1402,0.08545,0.04126,
pal1,vulcan,385.5,0.832,0.8281,0.8162,0.7965,0.7693,0.7348,0.6934,0.6456,0.592,0.5332,0.4702,0.404,0.3359,0.2675,0.2009,0.1388,0.08459,0.04083,
pal1,vulcan,386.5,0.8479,0.8438,0.8317,0.8117,0.784,0.7489,0.7067,0.6581,0.6035,0.5436,0.4795,0.412,0.3426,0.2729,0.2049,0.1416,0.08628,0.04164,
pal1,vulcan,387.5,0.7878,0.784,0.7728,0.7542,0.7285,0.6959,0.6568,0.6116,0.5609,0.5054,0.4458,0.3831,0.3186,0.2538,0.1906,0.1317,0.08024,0.03871,
pal1,vulcan,388.5,0.7894,0.7856,0.7744,0.7558,0.7301,0.6974,0.6583,0.613,0.5623,0.5067,0.447,0.3842,0.3196,0.2546,0.1913,0.1322,0.08048,0.03881,
pal1,vulcan,389.5,0.9952,0.9905,0.9763,0.9529,0.9205,0.8794,0.8301,0.7731,0.7091,0.6391,0.5639,0.4848,0.4033,0.3214,0.2414,0.1668,0.1015,0.04896,
pal1,vulcan,390.5,0.9772,0.9726,0.9587,0.9357,0.9039,0.8636,0.8152,0.7593,0.6966,0.6279,0.5541,0.4764,0.3964,0.3159,0.2374,0.164,0.09981,0.04811,
pal1,vulcan,391.5,1.159,1.154,1.137,1.11,1.072,1.024,0.9671,0.9009,0.8265,0.745,0.6575,0.5655,0.4706,0.3751,0.2819,0.1948,0.1185,0.0571,
pal1,vulcan,392.5,0.8689,0.8648,0.8525,0.8321,0.8039,0.7681,0.7252,0.6755,0.6199,0.5588,0.4933,0.4243,0.3531,0.2815,0.2116,0.1462,0.08891,0.04283,
pal1,vulcan,393.5,0.3776,0.3759,0.3705,0.3617,0.3494,0.3339,0.3152,0.2937,0.2695,0.243,0.2145,0.1845,0.1536,0.1225,0.09206,0.06361,0.03868,0.01863,
pal1,vulcan,394.5,0.8884,0.8842,0.8717,0.8509,0.8221,0.7856,0.7418,0.6911,0.6343,0.5719,0.505,0.4345,0.3617,0.2885,0.2168,0.1498,0.09107,0.04384,
pal1,vulcan,395.5,1.143,1.137,1.121,1.095,1.058,1.011,0.9543,0.8892,0.8162,0.736,0.65,0.5593,0.4657,0.3715,0.2793,0.1929,0.1173,0.05643,
pal1,vulcan,396.5,0.6709,0.6677,0.6582,0.6426,0.6209,0.5934,0.5603,0.5222,0.4793,0.4323,0.3818,0.3286,0.2737,0.2183,0.1641,0.1134,0.0689,0.03315,
pal1,vulcan,397.5,0.774,0.7703,0.7594,0.7414,0.7163,0.6846,0.6466,0.6026,0.5532,0.499,0.4407,0.3794,0.316,0.2521,0.1896,0.131,0.07956,0.03827,
pal1,vulcan,398.5,1.33,1.323,1.305,1.274,1.231,1.176,1.111,1.035,0.9506,0.8576,0.7576,0.6522,0.5434,0.4336,0.3261,0.2253,0.1368,0.06578,
pal1,vulcan,399.5,1.383,1.376,1.357,1.325,1.28,1.223,1.156,1.077,0.9889,0.8922,0.7883,0.6787,0.5656,0.4514,0.3395,0.2346,0.1424,0.06844,
pal1,vulcan,400.5,1.453,1.446,1.426,1.392,1.345,1.286,1.215,1.132,1.04,0.9382,0.8291,0.7139,0.595,0.4749,0.3573,0.2468,0.1498,0.07198,
pal1,vulcan,401.5,1.495,1.488,1.467,1.432,1.384,1.323,1.25,1.165,1.07,0.9656,0.8533,0.7349,0.6126,0.4891,0.368,0.2542,0.1542,0.07408,
pal1,vulcan,402.5,1.552,1.544,1.523,1.487,1.437,1.373,1.297,1.21,1.111,1.003,0.8862,0.7634,0.6364,0.5081,0.3824,0.2642,0.1602,0.07693,
pal1,vulcan,403.5,1.42,1.413,1.393,1.36,1.315,1.257,1.188,1.107,1.017,0.918,0.8114,0.6991,0.5829,0.4655,0.3503,0.242,0.1468,0.07044,
pal1,vulcan,404.5,1.392,1.386,1.366,1.334,1.289,1.233,1.165,1.086,0.9976,0.9005,0.7961,0.686,0.5721,0.4569,0.3439,0.2376,0.1441,0.06912,
pal1,vulcan,405.5,1.446,1.439,1.419,1.386,1.339,1.28,1.21,1.128,1.036,0.9357,0.8273,0.713,0.5947,0.4751,0.3576,0.2471,0.1498,0.07182,
pal1,vulcan,406.5,1.362,1.355,1.336,1.305,1.261,1.206,1.14,1.063,0.9764,0.8816,0.7796,0.6719,0.5605,0.4478,0.3372,0.2329,0.1412,0.06767,
pal1,vulcan,407.5,1.373,1.366,1.347,1.315,1.271,1.216,1.149,1.071,0.9845,0.889,0.7862,0.6777,0.5655,0.4519,0.3402,0.2351,0.1424,0.06825,
pal1,vulcan,408.5,1.528,1.521,1.5,1.465,1.416,1.354,1.28,1.193,1.097,0.9904,0.876,0.7552,0.6302,0.5037,0.3793,0.2621,0.1587,0.07603,
pal1,vulcan,409.5,1.498,1.491,1.47,1.436,1.388,1.327,1.254,1.17,1.075,0.9711,0.8591,0.7407,0.6182,0.4942,0.3722,0.2572,0.1557,0.07456,
pal1,vulcan,410.5,1.299,1.293,1.275,1.245,1.203,1.151,1.088,1.015,0.9326,0.8424,0.7452,0.6427,0.5365,0.4289,0.3231,0.2232,0.1351,0.06468,
pal1,vulcan,411.5,1.561,1.554,1.532,1.496,1.446,1.383,1.307,1.22,1.121,1.013,0.8961,0.7729,0.6453,0.516,0.3887,0.2686,0.1626,0.07777,
pal1,vulcan,412.5,1.547,1.54,1.518,1.483,1.433,1.371,1.296,1.209,1.111,1.004,0.8884,0.7664,0.64,0.5118,0.3856,0.2665,0.1612,0.07711,
pal1,vulcan,413.5,1.5,1.493,1.472,1.438,1.39,1.329,1.257,1.173,1.078,0.974,0.862,0.7437,0.6211,0.4968,0.3744,0.2587,0.1565,0.07482,
pal1,vulcan,414.5,1.541,1.534,1.513,1.477,1.428,1.366,1.292,1.205,1.108,1.001,0.8863,0.7647,0.6388,0.511,0.3852,0.2662,0.161,0.07692,
pal1,vulcan,415.5,1.474,1.467,1.447,1.413,1.366,1.307,1.235,1.153,1.06,0.9579,0.848,0.7318,0.6114,0.4892,0.3687,0.2548,0.1541,0.0736,
pal1,vulcan,416.5,1.604,1.596,1.574,1.538,1.487,1.422,1.345,1.255,1.154,1.043,0.9233,0.7969,0.6658,0.5328,0.4017,0.2776,0.1678,0.08013,
pal1,vulcan,417.5,1.466,1.459,1.439,1.405,1.359,1.3,1.229,1.147,1.055,0.9536,0.8443,0.7288,0.6091,0.4875,0.3676,0.254,0.1535,0.07327,
pal1,vulcan,418.5,1.477,1.47,1.45,1.416,1.369,1.31,1.239,1.156,1.063,0.9613,0.8513,0.7349,0.6142,0.4917,0.3708,0.2563,0.1549,0.07387,
pal1,vulcan,419.5,1.526,1.519,1.498,1.463,1.415,1.353,1.28,1.194,1.099,0.9932,0.8797,0.7595,0.6349,0.5084,0.3834,0.265,0.1601,0.07634,
pal1,vulcan,280.5,,,,,,,,,,,,,,,,,,,6.409e-10
pal1,vulcan,281.5,,,,,,,,,,,,,,,,,,,7.515e-09
pal1,vulcan,282.5,,,,,,,,,,,,,,,,,,,4.257e-08
pal1,vulcan,283.5,,,,,,,,,,,,,,,,,,,1.186e-07
pal1,vulcan,284.5,,,,,,,,,,,,,,,,,,,4.744e-07
pal1,vulcan,285.5,,,,,,,,,,,,,,,,,,,8.209e-07
pal1,vulcan,286.5,,,,,,,,,,,,,,,,,,,5.636e-06
pal1,vulcan,287.5,,,,,,,,,,,,,,,,,,,1.779e-05
pal1,vulcan,288.5,,,,,,,,,,,,,,,,,,,4.646e-05
pal1,vulcan,289.5,,,,,,,,,,,,,,,,,,,0.0001594
pal1,vulcan,290.5,,,,,,,,,,,,,,,,,,,0.0004295
pal1,vulcan,291.5,,,,,,,,,,,,,,,,,,,0.0008652
pal1,vulcan,292.5,,,,,,,,,,,,,,,,,,,0.001431
pal1,vulcan,293.5,,,,,,,,,,,,,,,,,,,0.002902
pal1,vulcan,294.5,,,,,,,,,,,,,,,,,,,0.004159
pal1,vulcan,295.5,,,,,,,,,,,,,,,,,,,0.007785
pal1,vulcan,296.5,,,,,,,,,,,,,,,,,,,0.0106
pal1,vulcan,297.5,,,,,,,,,,,,,,,,,,,0.01635
pal1,vulcan,298.5,,,,,,,,,,,,,,,,,,,0.0162
pal1,vulcan,299.5,,,,,,,,,,,,,,,,,,,0.03045
pal1,vulcan,300.5,,,,,,,,,,,,,,,,,,,0.02495
pal1,vulcan,301.5,,,,,,,,,,,,,,,,,,,0.04294
pal1,vulcan,302.5,,,,,,,,,,,,,,,,,,,0.0487
pal1,vulcan,303.5,,,,,,,,,,,,,,,,,,,0.07444
pal1,vulcan,304.5,,,,,,,,,,,,,,,,,,,0.07638
pal1,vulcan,305.5,,,,,,,,,,,,,,,,,,,0.09183
pal1,vulcan,306.5,,,,,,,,,,,,,,,,,,,0.09236
pal1,vulcan,307.5,,,,,,,,,,,,,,,,,,,0.1238
pal1,vulcan,308.5,,,,,,,,,,,,,,,,,,,0.1346
pal1,vulcan,309.5,,,,,,,,,,,,,,,,,,,0.1131
pal1,vulcan,310.5,,,,,,,,,,,,,,,,,,,0.1487
pal1,vulcan,311.5,,,,,,,,,,,,,,,,,,,0.187
pal1,vulcan,312.5,,,,,,,,,,,,,,,,,,,0.1752
pal1,vulcan,313.5,,,,,,,,,,,,,,,,,,,0.1967
pal1,vulcan,314.5,,,,,,,,,,,,,,,,,,,0.19
pal1,vulcan,315.5,,,,,,,,,,,,,,,,,,,0.1949
pal1,vulcan,316.5,,,,,,,,,,,,,,,,,,,0.1889
pal1,vulcan,317.5,,,,,,,,,,,,,,,,,,,0.2669
pal1,vulcan,318.5,,,,,,,,,,,,,,,,,,,0.2048
pal1,vulcan,319.5,,,,,,,,,,,,,,,,,,,0.2486
pal1,vulcan,320.5,,,,,,,,,,,,,,,,,,,0.3008
pal1,vulcan,321.5,,,,,,,,,,,,,,,,,,,0.2494
pal1,vulcan,322.5,,,,,,,,,,,,,,,,,,,0.2557
pal1,vulcan,323.5,,,,,,,,,,,,,,,,,,,0.256
pal1,vulcan,324.5,,,,,,,,,,,,,,,,,,,0.3007
pal1,vulcan,325.5,,,,,,,,,,,,,,,,,,,0.3385
pal1,vulcan,326.5,,,,,,,,,,,,,,,,,,,0.4014
pal1,vulcan,327.5,,,,,,,,,,,,,,,,,,,0.3763
pal1,vulcan,328.5,,,,,,,,,,,,,,,,,,,0.3476
pal1,vulcan,329.5,,,,,,,,,,,,,,,,,,,0.4435
pal1,vulcan,330.5,,,,,,,,,,,,,,,,,,,0.406
pal1,vulcan,331.5,,,,,,,,,,,,,,,,,,,0.402
pal1,vulcan,332.5,,,,,,,,,,,,,,,,,,,0.3913
pal1,vulcan,333.5,,,,,,,,,,,,,,,,,,,0.3697
pal1,vulcan,334.5,,,,,,,,,,,,,,,,,,,0.4122
pal1,vulcan,335.5,,,,,,,,,,,,,,,,,,,0.4154
pal1,vulcan,336.5,,,,,,,,,,,,,,,,,,,0.3255
pal1,vulcan,337.5,,,,,,,,,,,,,,,,,,,0.3589
pal1,vulcan,338.5,,,,,,,,,,,,,,,,,,,0.3766
pal1,vulcan,339.5,,,,,,,,,,,,,,,,,,,0.4093
pal1,vulcan,340.5,,,,,,,,,,,,,,,,,,,0.4387
pal1,vulcan,341.5,,,,,,,,,,,,,,,,,,,0.3885
pal1,vulcan,342.5,,,,,,,,,,,,,,,,,,,0.4303
pal1,vulcan,343.5,,,,,,,,,,,,,,,,,,,0.4476
pal1,vulcan,344.5,,,,,,,,,,,,,,,,,,,0.3142
pal1,vulcan,345.5,,,,,,,,,,,,,,,,,,,0.4294
pal1,vulcan,346.5,,,,,,,,,,,,,,,,,,,0.4025
pal1,vulcan,347.5,,,,,,,,,,,,,,,,,,,0.3933
pal1,vulcan,348.5,,,,,,,,,,,,,,,,,,,0.4321
pal1,vulcan,349.5,,,,,,,,,,,,,,,,,,,0.3623
pal1,vulcan,350.5,,,,,,,,,,,,,,,,,,,0.5074
pal1,vulcan,351.5,,,,,,,,,,,,,,,,,,,0.4376
pal1,vulcan,352.5,,,,,,,,,,,,,,,,,,,0.3947
pal1,vulcan,353.5,,,,,,,,,,,,,,,,,,,0.4751
pal1,vulcan,354.5,,,,,,,,,,,,,,,,,,,0.5142
pal1,vulcan,355.5,,,,,,,,,,,,,,,,,,,0.4806
pal1,vulcan,356.5,,,,,,,,,,,,,,,,,,,0.4462
pal1,vulcan,357.5,,,,,,,,,,,,,,,,,,,0.3796
pal1,vulcan,358.5,,,,,,,,,,,,,,,,,,,0.293
pal1,vulcan,359.5,,,,,,,,,,,,,,,,,,,0.4932
pal1,vulcan,360.5,,,,,,,,,,,,,,,,,,,0.4573
pal1,vulcan,361.5,,,,,,,,,,,,,,,,,,,0.4123
pal1,vulcan,362.5,,,,,,,,,,,,,,,,,,,0.4844
pal1,vulcan,363.5,,,,,,,,,,,,,,,,,,,0.431
pal1,vulcan,364.5,,,,,,,,,,,,,,,,,,,0.4703
pal1,vulcan,365.5,,,,,,,,,,,,,,,,,,,0.5733
pal1,vulcan,366.5,,,,,,,,,,,,,,,,,,,0.6069
pal1,vulcan,367.5,,,,,,,,,,,,,,,,,,,0.5764
pal1,vulcan,368.5,,,,,,,,,,,,,,,,,,,0.5065
pal1,vulcan,369.5,,,,,,,,,,,,,,,,,,,0.6077
pal1,vulcan,370.5,,,,,,,,,,,,,,,,,,,0.5515
pal1,vulcan,371.5,,,,,,,,,,,,,,,,,,,0.6312
pal1,vulcan,372.5,,,,,,,,,,,,,,,,,,,0.4664
pal1,vulcan,373.5,,,,,,,,,,,,,,,,,,,0.4217
pal1,vulcan,374.5,,,,,,,,,,,,,,,,,,,0.463
pal1,vulcan,375.5,,,,,,,,,,,,,,,,,,,0.5225
pal1,vulcan,376.5,,,,,,,,,,,,,,,,,,,0.5219
pal1,vulcan,377.5,,,,,,,,,,,,,,,,,,,0.6217
pal1,vulcan,378.5,,,,,,,,,,,,,,,,,,,0.6778
pal1,vulcan,379.5,,,,,,,,,,,,,,,,,,,0.5016
pal1,vulcan,380.5,,,,,,,,,,,,,,,,,,,0.6034
pal1,vulcan,381.5,,,,,,,,,,,,,,,,,,,0.5672
pal1,vulcan,382.5,,,,,,,,,,,,,,,,,,,0.3781
pal1,vulcan,383.5,,,,,,,,,,,,,,,,,,,0.3321
pal1,vulcan,384.5,,,,,,,,,,,,,,,,,,,0.4985
pal1,vulcan,385.5,,,,,,,,,,,,,,,,,,,0.4933
pal1,vulcan,386.5,,,,,,,,,,,,,,,,,,,0.503
pal1,vulcan,387.5,,,,,,,,,,,,,,,,,,,0.4676
pal1,vulcan,388.5,,,,,,,,,,,,,,,,,,,0.4689
pal1,vulcan,389.5,,,,,,,,,,,,,,,,,,,0.5915
pal1,vulcan,390.5,,,,,,,,,,,,,,,,,,,0.5811
pal1,vulcan,391.5,,,,,,,,,,,,,,,,,,,0.6896
pal1,vulcan,392.5,,,,,,,,,,,,,,,,,,,0.5173
pal1,vulcan,393.5,,,,,,,,,,,,,,,,,,,0.225
pal1,vulcan,394.5,,,,,,,,,,,,,,,,,,,0.5295
pal1,vulcan,395.5,,,,,,,,,,,,,,,,,,,0.6816
pal1,vulcan,396.5,,,,,,,,,,,,,,,,,,,0.4003
pal1,vulcan,397.5,,,,,,,,,,,,,,,,,,,0.4621
pal1,vulcan,398.5,,,,,,,,,,,,,,,,,,,0.7943
pal1,vulcan,399.5,,,,,,,,,,,,,,,,,,,0.8265
pal1,vulcan,400.5,,,,,,,,,,,,,,,,,,,0.8691
pal1,vulcan,401.5,,,,,,,,,,,,,,,,,,,0.8945
pal1,vulcan,402.5,,,,,,,,,,,,,,,,,,,0.929
pal1,vulcan,403.5,,,,,,,,,,,,,,,,,,,0.8506
pal1,vulcan,404.5,,,,,,,,,,,,,,,,,,,0.8345
pal1,vulcan,405.5,,,,,,,,,,,,,,,,,,,0.8671
pal1,vulcan,406.5,,,,,,,,,,,,,,,,,,,0.817
pal1,vulcan,407.5,,,,,,,,,,,,,,,,,,,0.824
pal1,vulcan,408.5,,,,,,,,,,,,,,,,,,,0.918
pal1,vulcan,409.5,,,,,,,,,,,,,,,,,,,0.9002
pal1,vulcan,410.5,,,,,,,,,,,,,,,,,,,0.7809
pal1,vulcan,411.5,,,,,,,,,,,,,,,,,,,0.9389
pal1,vulcan,412.5,,,,,,,,,,,,,,,,,,,0.9309
pal1,vulcan,413.5,,,,,,,,,,,,,,,,,,,0.9031
pal1,vulcan,414.5,,,,,,,,,,,,,,,,,,,0.9285
pal1,vulcan,415.5,,,,,,,,,,,,,,,,,,,0.8884
pal1,vulcan,416.5,,,,,,,,,,,,,,,,,,,0.9672
pal1,vulcan,417.5,,,,,,,,,,,,,,,,,,,0.8845
pal1,vulcan,418.5,,,,,,,,,,,,,,,,,,,0.8917
pal1,vulcan,419.5,,,,,,,,,,,,,,,,,,,0.9214
pal1,waccm,280.5,0.0001042,0.0001012,9.269e-05,7.981e-05,6.428e-05,4.808e-05,3.304e-05,2.056e-05,1.137e-05,5.451e-06,2.212e-06,7.545e-07,2.367e-07,9.102e-08,5.092e-08,3.406e-08,2.33e-08,1.456e-08,
pal1,waccm,281.5,0.0004257,0.0004145,0.000382,0.0003326,0.0002722,0.0002081,0.0001471,9.491e-05,5.494e-05,2.792e-05,1.217e-05,4.515e-06,1.523e-06,5.915e-07,3.219e-07,2.124e-07,1.441e-07,8.968e-08,
pal1,waccm,282.5,0.0009759,0.0009518,0.0008823,0.0007754,0.0006436,0.0005012,0.000363,0.0002417,0.0001455,7.772e-05,3.511e-05,1.436e-05,5.166e-06,2.037e-06,1.081e-06,7.025e-07,4.732e-07,2.929e-07,
pal1,waccm,283.5,0.001515,0.001479,0.001376,0.001217,0.001019,0.0008035,0.0005914,0.0004018,0.0002482,0.0001369,6.602e-05,2.754e-05,1.033e-05,4.122e-06,2.15e-06,1.381e-06,9.248e-07,5.703e-07,
pal1,waccm,284.5,0.002046,0.002002,0.001875,0.001677,0.001428,0.001151,0.0008718,0.0005978,0.000398,0.0002328,0.0001207,5.488e-05,2.237e-05,9.243e-06,4.695e-06,2.94e-06,1.944e-06,1.188e-06,
pal1,waccm,285.5,0.001597,0.001565,0.001473,0.001329,0.001145,0.0009383,0.0007263,0.0005262,0.0003527,0.0002154,0.0001179,5.705e-05,2.476e-05,1.057e-05,5.278e-06,3.228e-06,2.109e-06,1.278e-06,
pal1,waccm,286.5,0.005951,0.005841,0.005518,0.00501,0.004358,0.003617,0.002847,0.002106,0.00145,0.0009153,0.0005217,0.0002649,0.0001207,5.302e-05,2.622e-05,1.571e-05,1.015e-05,6.103e-06,
pal1,waccm,287.5,0.0095,0.009336,0.008857,0.0081,0.006934,0.005994,0.004804,0.003639,0.00258,0.00169,0.001008,0.0005398,0.0002602,0.0001187,5.841e-05,3.411e-05,2.171e-05,1.292e-05,
pal1,waccm,288.5,0.01186,0.01167,0.01113,0.01025,0.009117,0.007793,0.006371,0.00495,0.003622,0.002468,0.001546,0.0008779,0.0004506,0.0002157,0.0001065,6.038e-05,3.764e-05,2.208e-05,
pal1,waccm,289.5,0.02406,0.02371,0.02267,0.02101,0.01884,0.01628,0.0135,0.01068,0.007995,0.005605,0.003634,0.002151,0.001155,0.0005742,0.0002857,0.0001587,9.708e-05,5.625e-05,
pal1,waccm,290.5,0.0417,0.04112,0.03943,0.03672,0.03315,0.02891,0.02427,0.01949,0.01487,0.01068,0.007127,0.004369,0.002439,0.001254,0.0006312,0.0003447,0.0002069,0.0001184,
pal1,waccm,291.5,0.05084,0.0502,0.04828,0.0452,0.04112,0.03624,0.03083,0.0252,0.01964,0.01449,0.009995,0.006375,0.003722,0.001997,0.001026,0.0005518,0.0003231,0.0001818,
pal1,waccm,292.5,0.05585,0.05519,0.05322,0.05005,0.04582,0.04073,0.03504,0.02904,0.02304,0.01737,0.01231,0.008113,0.004916,0.002735,0.001436,0.0007662,0.0004384,0.0002424,
pal1,waccm,293.5,0.07701,0.07615,0.07362,0.06952,0.06402,0.05738,0.04988,0.04189,0.0338,0.02601,0.01891,0.01285,0.008069,0.004657,0.002509,0.001335,0.0007463,0.0004046,
pal1,waccm,294.5,0.08192,0.08106,0.07851,0.07438,0.06882,0.06207,0.05441,0.04617,0.03773,0.0295,0.02188,0.01523,0.009835,0.005846,0.003222,0.001719,0.0009426,0.0005017,
pal1,waccm,295.5,0.1112,0.1101,0.1069,0.1016,0.09451,0.08581,0.07588,0.06511,0.05395,0.04292,0.03251,0.02322,0.01546,0.009501,0.005389,0.002899,0.001561,0.0008113,
pal1,waccm,296.5,0.1164,0.1153,0.1121,0.1069,0.09979,0.09112,0.08116,0.07028,0.05891,0.04753,0.03664,0.02674,0.01826,0.01154,0.006721,0.003658,0.001943,0.0009879,
pal1,waccm,297.5,0.1424,0.1412,0.1375,0.1314,0.1232,0.113,0.1013,0.08844,0.07489,0.06118,0.0479,0.03561,0.02488,0.01614,0.009636,0.005322,0.002803,0.001393,
pal1,waccm,298.5,0.1164,0.1154,0.1125,0.1078,0.1013,0.09337,0.08415,0.07396,0.06317,0.05215,0.04136,0.03125,0.02225,0.01476,0.009011,0.005054,0.002651,0.001291,
pal1,waccm,299.5,0.1818,0.1804,0.1761,0.169,0.1594,0.1474,0.1336,0.1182,0.1017,0.08485,0.06813,0.05226,0.03791,0.02569,0.01605,0.009167,0.00481,0.002295,
pal1,waccm,300.5,0.1297,0.1287,0.1258,0.1209,0.1143,0.1061,0.09646,0.08576,0.0743,0.06244,0.05061,0.03927,0.02889,0.0199,0.01266,0.007341,0.003862,0.001814,
pal1,waccm,301.5,0.1918,0.1904,0.1862,0.1793,0.1699,0.1582,0.1445,0.1292,0.1126,0.09546,0.07818,0.06145,0.04591,0.03222,0.02093,0.01237,0.006557,0.003032,
pal1,waccm,302.5,0.197,0.1956,0.1914,0.1846,0.1742,0.1635,0.1497,0.1343,0.1177,0.1003,0.08269,0.06553,0.04947,0.03515,0.02315,0.01387,0.007395,0.003386,
pal1,waccm,303.5,0.2677,0.2659,0.2604,0.2514,0.239,0.2225,0.2056,0.1852,0.1631,0.1399,0.1163,0.0931,0.07114,0.0513,0.03437,0.02096,0.0113,0.005129,
pal1,waccm,304.5,0.2568,0.2551,0.25,0.2415,0.2299,0.2155,0.1984,0.1781,0.1583,0.1363,0.1138,0.09166,0.07053,0.05129,0.03471,0.02138,0.01161,0.005243,
pal1,waccm,305.5,0.2795,0.2777,0.2722,0.2633,0.2511,0.2358,0.2178,0.1975,0.1752,0.1518,0.1276,0.1037,0.08062,0.0594,0.04083,0.02559,0.01409,0.006345,
pal1,waccm,306.5,0.2685,0.2667,0.2616,0.2532,0.2417,0.2272,0.2101,0.1908,0.1697,0.1473,0.1243,0.1013,0.07914,0.05863,0.04057,0.02561,0.01418,0.006378,
pal1,waccm,307.5,0.3302,0.3282,0.3221,0.312,0.2982,0.2809,0.2604,0.2372,0.2117,0.1847,0.1567,0.1287,0.1014,0.076,0.0533,0.03418,0.01922,0.008661,
pal1,waccm,308.5,0.3477,0.3455,0.3392,0.3287,0.3144,0.2963,0.275,0.2508,0.2242,0.1959,0.1666,0.1372,0.1085,0.08165,0.05755,0.03711,0.02097,0.009459,
pal1,waccm,309.5,0.2758,0.2742,0.2685,0.2611,0.2499,0.2359,0.2192,0.2003,0.1796,0.1574,0.1344,0.1112,0.08852,0.06709,0.04772,0.03111,0.01778,0.008054,
pal1,waccm,310.5,0.3482,0.3462,0.3401,0.33,0.316,0.2986,0.2779,0.2543,0.2284,0.2007,0.1718,0.1427,0.114,0.08687,0.06219,0.04086,0.02355,0.01071,
pal1,waccm,311.5,0.4264,0.4239,0.4165,0.4042,0.3874,0.3662,0.3411,0.3125,0.281,0.2473,0.2121,0.1765,0.1415,0.1082,0.07777,0.05136,0.02976,0.01358,
pal1,waccm,312.5,0.3806,0.3784,0.3719,0.3612,0.3464,0.3278,0.3058,0.2806,0.2529,0.2231,0.1921,0.1605,0.1293,0.09949,0.07209,0.04807,0.02818,0.01295,
pal1,waccm,313.5,0.4225,0.4201,0.4129,0.401,0.3847,0.3642,0.3398,0.312,0.2813,0.2484,0.214,0.179,0.1444,0.1113,0.08075,0.05395,0.03169,0.01458,
pal1,waccm,314.5,0.3913,0.3891,0.3825,0.3717,0.3568,0.3381,0.3159,0.2905,0.2624,0.2323,0.2007,0.1684,0.1365,0.1057,0.07726,0.05207,0.0309,0.01435,
pal1,waccm,315.5,0.3987,0.3965,0.3899,0.3789,0.3638,0.3448,0.3222,0.2964,0.2678,0.2372,0.205,0.1722,0.1396,0.1083,0.07919,0.05342,0.03174,0.01475,
pal1,waccm,316.5,0.3743,0.3722,0.366,0.3559,0.3419,0.3242,0.3033,0.2793,0.2528,0.2243,0.1943,0.1637,0.1331,0.1037,0.07622,0.05177,0.03102,0.01453,
pal1,waccm,317.5,0.5286,0.5257,0.517,0.5027,0.483,0.4581,0.4285,0.3947,0.3573,0.317,0.2747,0.2314,0.1882,0.1466,0.1078,0.07316,0.04381,0.0205,
pal1,waccm,318.5,0.3937,0.3916,0.3852,0.3746,0.3601,0.3418,0.32,0.2951,0.2675,0.2377,0.2064,0.1743,0.1422,0.1112,0.08215,0.05613,0.03389,0.016,
pal1,waccm,319.5,0.4751,0.4725,0.4649,0.4522,0.4347,0.4127,0.3864,0.3564,0.3232,0.2874,0.2496,0.2109,0.1722,0.1347,0.09963,0.06813,0.04118,0.01946,
pal1,waccm,320.5,0.5706,0.5675,0.5584,0.5432,0.5223,0.4959,0.4645,0.4286,0.3888,0.3458,0.3006,0.2542,0.2077,0.1626,0.1204,0.08243,0.0499,0.02362,
pal1,waccm,321.5,0.4607,0.4583,0.4509,0.4388,0.4221,0.4011,0.376,0.3472,0.3154,0.2809,0.2447,0.2073,0.1699,0.1335,0.09928,0.06838,0.04172,0.01993,
pal1,waccm,322.5,0.4817,0.4791,0.4714,0.4587,0.4411,0.419,0.3926,0.3624,0.3289,0.2927,0.2546,0.2155,0.1762,0.1381,0.1023,0.0701,0.04248,0.02013,
pal1,waccm,323.5,0.4668,0.4643,0.4569,0.4447,0.4279,0.4067,0.3815,0.3526,0.3204,0.2857,0.2491,0.2113,0.1734,0.1365,0.1017,0.0702,0.04297,0.0206,
pal1,waccm,324.5,0.5487,0.5458,0.5371,0.5228,0.5031,0.4782,0.4486,0.4146,0.3768,0.336,0.2929,0.2486,0.204,0.1605,0.1195,0.08248,0.05044,0.02416,
pal1,waccm,325.5,0.6197,0.6164,0.6066,0.5905,0.5682,0.5401,0.5066,0.4682,0.4255,0.3794,0.3308,0.2806,0.2302,0.1811,0.1347,0.09284,0.05669,0.0271,
pal1,waccm,326.5,0.7189,0.7151,0.7039,0.6853,0.6597,0.6274,0.5889,0.5447,0.4956,0.4424,0.3863,0.3283,0.27,0.2129,0.1591,0.1102,0.06772,0.03266,
pal1,waccm,327.5,0.6783,0.6747,0.6641,0.6466,0.6224,0.5919,0.5555,0.5137,0.4673,0.4171,0.3641,0.3093,0.2542,0.2003,0.1494,0.1033,0.06333,0.03044,
pal1,waccm,328.5,0.6258,0.6225,0.6128,0.5966,0.5743,0.5462,0.5127,0.4742,0.4315,0.3852,0.3362,0.2857,0.2348,0.1851,0.1381,0.09543,0.0585,0.02812,
pal1,waccm,329.5,0.7856,0.7815,0.7693,0.7492,0.7215,0.6864,0.6446,0.5966,0.5432,0.4854,0.4242,0.361,0.2972,0.2348,0.1756,0.1218,0.07507,0.03633,
pal1,waccm,330.5,0.7234,0.7196,0.7084,0.6899,0.6643,0.632,0.5934,0.5492,0.5,0.4467,0.3903,0.332,0.2732,0.2156,0.1611,0.1115,0.06856,0.03307,
pal1,waccm,331.5,0.7165,0.7128,0.7017,0.6834,0.658,0.6261,0.5879,0.5441,0.4954,0.4426,0.3868,0.329,0.2708,0.2137,0.1596,0.1105,0.06784,0.03271,
pal1,waccm,332.5,0.6892,0.6856,0.675,0.6575,0.6333,0.6027,0.5662,0.5242,0.4776,0.427,0.3734,0.318,0.2621,0.2071,0.155,0.1076,0.06632,0.03214,
pal1,waccm,333.5,0.6538,0.6504,0.6404,0.6237,0.6007,0.5717,0.5371,0.4973,0.453,0.405,0.3541,0.3015,0.2483,0.1962,0.1467,0.1016,0.06254,0.03023,
pal1,waccm,334.5,0.7265,0.7228,0.7116,0.6932,0.6677,0.6355,0.5971,0.5529,0.5038,0.4506,0.3941,0.3356,0.2766,0.2186,0.1635,0.1134,0.0698,0.03378,
pal1,waccm,335.5,0.7279,0.7242,0.7131,0.6946,0.6692,0.6371,0.5987,0.5546,0.5055,0.4522,0.3958,0.3373,0.2781,0.22,0.1647,0.1143,0.07051,0.03421,
pal1,waccm,336.5,0.5707,0.5678,0.5591,0.5447,0.5247,0.4995,0.4695,0.4349,0.3965,0.3547,0.3104,0.2645,0.2181,0.1725,0.1291,0.08958,0.05521,0.02676,
pal1,waccm,337.5,0.6311,0.6279,0.6183,0.6023,0.5803,0.5524,0.5192,0.481,0.4384,0.3922,0.3432,0.2925,0.2411,0.1906,0.1426,0.09879,0.06078,0.0294,
pal1,waccm,338.5,0.6582,0.6548,0.6448,0.6282,0.6053,0.5764,0.5418,0.5021,0.4578,0.4098,0.3588,0.3059,0.2523,0.1996,0.1495,0.1037,0.06394,0.03102,
pal1,waccm,339.5,0.7141,0.7105,0.6996,0.6817,0.6569,0.6255,0.5881,0.545,0.4971,0.445,0.3897,0.3323,0.2742,0.217,0.1625,0.1128,0.06951,0.03373,
pal1,waccm,340.5,0.7664,0.7625,0.7509,0.7316,0.705,0.6714,0.6312,0.5851,0.5336,0.4777,0.4183,0.3567,0.2943,0.2329,0.1743,0.1209,0.07445,0.03609,
pal1,waccm,341.5,0.6764,0.6729,0.6627,0.6457,0.6223,0.5927,0.5573,0.5167,0.4713,0.4221,0.3698,0.3154,0.2604,0.2061,0.1544,0.1071,0.06602,0.03205,
pal1,waccm,342.5,0.7482,0.7444,0.7331,0.7144,0.6885,0.6558,0.6167,0.5718,0.5217,0.4673,0.4094,0.3493,0.2884,0.2283,0.171,0.1187,0.07315,0.03552,
pal1,waccm,343.5,0.7784,0.7745,0.7627,0.7433,0.7164,0.6824,0.6418,0.5951,0.543,0.4864,0.4262,0.3637,0.3003,0.2377,0.178,0.1235,0.07607,0.03691,
pal1,waccm,344.5,0.5466,0.5438,0.5356,0.522,0.5031,0.4793,0.4508,0.418,0.3814,0.3417,0.2994,0.2555,0.211,0.167,0.1251,0.08671,0.05338,0.02588,
pal1,waccm,345.5,0.7443,0.7406,0.7294,0.7108,0.6852,0.6528,0.6141,0.5696,0.5199,0.4658,0.4084,0.3486,0.288,0.2281,0.1709,0.1185,0.07303,0.03547,
pal1,waccm,346.5,0.6984,0.6949,0.6844,0.667,0.643,0.6126,0.5763,0.5345,0.4879,0.4372,0.3833,0.3273,0.2703,0.2141,0.1603,0.1112,0.06842,0.03319,
pal1,waccm,347.5,0.6818,0.6784,0.6681,0.6512,0.6278,0.5982,0.5628,0.5221,0.4766,0.4272,0.3746,0.3198,0.2642,0.2093,0.1567,0.1087,0.06687,0.03244,
pal1,waccm,348.5,0.7481,0.7443,0.7331,0.7145,0.6889,0.6565,0.6177,0.5731,0.5233,0.469,0.4114,0.3513,0.2903,0.23,0.1723,0.1194,0.0735,0.03567,
pal1,waccm,349.5,0.6268,0.6236,0.6142,0.5987,0.5773,0.5501,0.5177,0.4803,0.4386,0.3932,0.3449,0.2946,0.2435,0.1929,0.1445,0.1002,0.06163,0.0299,
pal1,waccm,350.5,0.8769,0.8725,0.8594,0.8378,0.8078,0.7699,0.7245,0.6723,0.614,0.5506,0.483,0.4127,0.3411,0.2703,0.2025,0.1403,0.08632,0.04189,
pal1,waccm,351.5,0.7559,0.7521,0.7408,0.7221,0.6963,0.6637,0.6246,0.5797,0.5295,0.4748,0.4166,0.356,0.2943,0.2332,0.1747,0.1211,0.07444,0.03611,
pal1,waccm,352.5,0.6811,0.6777,0.6676,0.6508,0.6276,0.5982,0.563,0.5226,0.4774,0.4282,0.3757,0.3211,0.2655,0.2104,0.1576,0.1092,0.06716,0.03258,
pal1,waccm,353.5,0.819,0.815,0.8028,0.7826,0.7547,0.7194,0.6772,0.6286,0.5744,0.5152,0.4522,0.3866,0.3197,0.2534,0.1899,0.1315,0.08087,0.03924,
pal1,waccm,354.5,0.8856,0.8812,0.868,0.8463,0.8161,0.7781,0.7325,0.68,0.6214,0.5575,0.4894,0.4184,0.3461,0.2744,0.2056,0.1424,0.08755,0.04248,
pal1,waccm,355.5,0.8272,0.8231,0.8109,0.7906,0.7625,0.7269,0.6844,0.6354,0.5807,0.5211,0.4575,0.3912,0.3236,0.2566,0.1923,0.1332,0.08185,0.03971,
pal1,waccm,356.5,0.7674,0.7636,0.7522,0.7334,0.7074,0.6745,0.6351,0.5897,0.539,0.4837,0.4247,0.3632,0.3006,0.2383,0.1786,0.1237,0.076,0.03687,
pal1,waccm,357.5,0.6524,0.6491,0.6395,0.6235,0.6014,0.5735,0.54,0.5015,0.4584,0.4114,0.3613,0.3091,0.2558,0.2029,0.152,0.1053,0.06466,0.03136,
pal1,waccm,358.5,0.5031,0.5006,0.4932,0.4809,0.4638,0.4423,0.4165,0.3869,0.3537,0.3175,0.2789,0.2386,0.1975,0.1566,0.1174,0.08129,0.04991,0.02421,
pal1,waccm,359.5,0.8463,0.8421,0.8297,0.809,0.7804,0.7442,0.7009,0.651,0.5953,0.5344,0.4695,0.4017,0.3326,0.2638,0.1977,0.1369,0.08404,0.04076,
pal1,waccm,360.5,0.7841,0.7802,0.7687,0.7496,0.7231,0.6897,0.6496,0.6034,0.5518,0.4954,0.4353,0.3726,0.3085,0.2447,0.1834,0.127,0.07794,0.03779,
pal1,waccm,361.5,0.7065,0.703,0.6926,0.6754,0.6516,0.6215,0.5855,0.5439,0.4974,0.4467,0.3926,0.336,0.2782,0.2208,0.1655,0.1146,0.07029,0.03409,
pal1,waccm,362.5,0.8293,0.8252,0.813,0.7928,0.7649,0.7296,0.6873,0.6386,0.5841,0.5246,0.4611,0.3947,0.3269,0.2595,0.1945,0.1346,0.08259,0.04004,
pal1,waccm,363.5,0.7374,0.7337,0.7229,0.705,0.6802,0.6489,0.6113,0.568,0.5196,0.4668,0.4103,0.3513,0.291,0.231,0.1732,0.1199,0.0735,0.03563,
pal1,waccm,364.5,0.8041,0.8002,0.7884,0.7689,0.7419,0.7077,0.6668,0.6197,0.5669,0.5093,0.4478,0.3835,0.3177,0.2522,0.1891,0.1309,0.08022,0.03888,
pal1,waccm,365.5,0.9795,0.9747,0.9604,0.9367,0.9038,0.8623,0.8125,0.7551,0.6909,0.6208,0.5459,0.4675,0.3874,0.3076,0.2306,0.1596,0.0978,0.0474,
pal1,waccm,366.5,1.036,1.031,1.016,0.9909,0.9562,0.9123,0.8597,0.7991,0.7312,0.6571,0.5779,0.495,0.4103,0.3258,0.2442,0.169,0.1036,0.05018,
pal1,waccm,367.5,0.9833,0.9785,0.9642,0.9404,0.9075,0.8659,0.8161,0.7586,0.6942,0.6239,0.5488,0.4702,0.3898,0.3095,0.2321,0.1606,0.09837,0.04766,
pal1,waccm,368.5,0.8635,0.8593,0.8467,0.8259,0.797,0.7605,0.7168,0.6664,0.6099,0.5482,0.4823,0.4133,0.3426,0.2721,0.2041,0.1412,0.08646,0.04188,
pal1,waccm,369.5,1.035,1.03,1.015,0.9903,0.9558,0.9121,0.8597,0.7993,0.7316,0.6577,0.5787,0.496,0.4113,0.3267,0.245,0.1695,0.1038,0.05026,
pal1,waccm,370.5,0.939,0.9344,0.9208,0.8982,0.8669,0.8273,0.7799,0.7251,0.6638,0.5969,0.5252,0.4502,0.3734,0.2966,0.2225,0.1539,0.09419,0.04561,
pal1,waccm,371.5,1.074,1.069,1.053,1.027,0.9917,0.9464,0.8922,0.8297,0.7596,0.6831,0.6012,0.5154,0.4275,0.3397,0.2548,0.1762,0.1078,0.05221,
pal1,waccm,372.5,0.793,0.7892,0.7777,0.7586,0.7323,0.6989,0.6589,0.6128,0.5611,0.5046,0.4442,0.3809,0.316,0.2511,0.1884,0.1303,0.07969,0.03858,
pal1,waccm,373.5,0.7166,0.7131,0.7027,0.6855,0.6618,0.6316,0.5955,0.5539,0.5072,0.4562,0.4017,0.3445,0.2858,0.2272,0.1704,0.1179,0.07207,0.03488,
pal1,waccm,374.5,0.7862,0.7824,0.771,0.7522,0.7261,0.6931,0.6536,0.6079,0.5568,0.5009,0.441,0.3783,0.3139,0.2495,0.1872,0.1295,0.07914,0.0383,
pal1,waccm,375.5,0.8867,0.8824,0.8696,0.8484,0.819,0.7819,0.7373,0.6859,0.6282,0.5652,0.4977,0.427,0.3544,0.2818,0.2114,0.1462,0.08934,0.04322,
pal1,waccm,376.5,0.8851,0.8808,0.8681,0.8469,0.8177,0.7806,0.7362,0.6849,0.6274,0.5645,0.4972,0.4266,0.3541,0.2816,0.2113,0.1461,0.08926,0.04318,
pal1,waccm,377.5,1.054,1.049,1.033,1.008,0.9734,0.9294,0.8765,0.8155,0.7471,0.6724,0.5923,0.5082,0.422,0.3356,0.2518,0.1741,0.1064,0.05143,
pal1,waccm,378.5,1.148,1.142,1.126,1.099,1.061,1.013,0.9552,0.8888,0.8144,0.733,0.6457,0.5542,0.4602,0.3661,0.2747,0.1899,0.116,0.05608,
pal1,waccm,379.5,0.8491,0.845,0.8328,0.8126,0.7846,0.7491,0.7066,0.6576,0.6026,0.5424,0.4779,0.4102,0.3407,0.2711,0.2034,0.1406,0.08586,0.0415,
pal1,waccm,380.5,1.021,1.016,1.001,0.9769,0.9433,0.9008,0.8497,0.7908,0.7247,0.6524,0.575,0.4936,0.41,0.3263,0.2449,0.1693,0.1033,0.04993,
pal1,waccm,381.5,0.9589,0.9543,0.9405,0.9178,0.8862,0.8463,0.7984,0.7431,0.6811,0.6132,0.5405,0.4641,0.3856,0.3068,0.2303,0.1592,0.09714,0.04694,
pal1,waccm,382.5,0.6387,0.6357,0.6265,0.6114,0.5904,0.5638,0.5319,0.4951,0.4539,0.4087,0.3603,0.3094,0.2571,0.2046,0.1536,0.1062,0.06477,0.03129,
pal1,waccm,383.5,0.5607,0.558,0.55,0.5367,0.5183,0.495,0.4671,0.4348,0.3986,0.359,0.3165,0.2718,0.2259,0.1798,0.135,0.09332,0.05691,0.02748,
pal1,waccm,384.5,0.8412,0.8372,0.8251,0.8052,0.7777,0.7428,0.7009,0.6525,0.5982,0.5388,0.4751,0.4081,0.3393,0.2701,0.2028,0.1402,0.08545,0.04126,
pal1,waccm,385.5,0.832,0.828,0.8161,0.7965,0.7692,0.7347,0.6933,0.6455,0.5919,0.5332,0.4702,0.404,0.3359,0.2675,0.2009,0.1388,0.08459,0.04083,
pal1,waccm,386.5,0.8478,0.8438,0.8317,0.8117,0.784,0.7488,0.7067,0.658,0.6034,0.5436,0.4795,0.412,0.3426,0.2729,0.2049,0.1416,0.08628,0.04164,
pal1,waccm,387.5,0.7877,0.784,0.7727,0.7542,0.7284,0.6958,0.6567,0.6115,0.5609,0.5053,0.4458,0.3831,0.3186,0.2538,0.1906,0.1317,0.08024,0.03871,
pal1,waccm,388.5,0.7893,0.7856,0.7743,0.7558,0.73,0.6974,0.6582,0.613,0.5622,0.5066,0.447,0.3842,0.3196,0.2546,0.1913,0.1322,0.08047,0.03881,
pal1,waccm,389.5,0.9951,0.9904,0.9762,0.9528,0.9204,0.8793,0.83,0.773,0.7091,0.639,0.5639,0.4848,0.4033,0.3213,0.2414,0.1668,0.1015,0.04896,
pal1,waccm,390.5,0.9772,0.9725,0.9586,0.9357,0.9039,0.8636,0.8152,0.7593,0.6966,0.6278,0.554,0.4764,0.3964,0.3159,0.2374,0.164,0.09981,0.04811,
pal1,waccm,391.5,1.159,1.153,1.137,1.11,1.072,1.024,0.967,0.9008,0.8265,0.745,0.6575,0.5655,0.4706,0.3751,0.2819,0.1947,0.1185,0.0571,
pal1,waccm,392.5,0.8688,0.8647,0.8524,0.832,0.8038,0.768,0.7251,0.6755,0.6198,0.5588,0.4932,0.4242,0.3531,0.2815,0.2116,0.1462,0.08891,0.04283,
pal1,waccm,393.5,0.3776,0.3758,0.3705,0.3617,0.3494,0.3339,0.3152,0.2937,0.2695,0.243,0.2145,0.1845,0.1536,0.1225,0.09206,0.06361,0.03868,0.01863,
pal1,waccm,394.5,0.8884,0.8842,0.8716,0.8508,0.822,0.7855,0.7417,0.6911,0.6342,0.5719,0.505,0.4345,0.3617,0.2885,0.2168,0.1498,0.09107,0.04385,
pal1,waccm,395.5,1.143,1.137,1.121,1.094,1.057,1.011,0.9543,0.8892,0.8161,0.736,0.6499,0.5593,0.4657,0.3715,0.2793,0.1929,0.1173,0.05644,
pal1,waccm,396.5,0.6708,0.6677,0.6582,0.6426,0.6209,0.5933,0.5603,0.5222,0.4793,0.4323,0.3818,0.3286,0.2737,0.2183,0.1641,0.1134,0.0689,0.03315,
pal1,waccm,397.5,0.7739,0.7703,0.7594,0.7413,0.7163,0.6846,0.6465,0.6026,0.5531,0.4989,0.4407,0.3794,0.316,0.2521,0.1896,0.131,0.07956,0.03827,
pal1,waccm,398.5,1.33,1.323,1.305,1.274,1.231,1.176,1.111,1.035,0.9506,0.8576,0.7576,0.6522,0.5434,0.4336,0.3261,0.2253,0.1368,0.06578,
pal1,waccm,399.5,1.383,1.376,1.357,1.324,1.28,1.223,1.155,1.077,0.9889,0.8922,0.7883,0.6787,0.5656,0.4514,0.3395,0.2346,0.1424,0.06845,
pal1,waccm,400.5,1.453,1.446,1.426,1.392,1.345,1.286,1.215,1.132,1.04,0.9382,0.829,0.7139,0.595,0.4749,0.3573,0.2468,0.1498,0.07198,
pal1,waccm,401.5,1.495,1.488,1.467,1.432,1.384,1.323,1.25,1.165,1.07,0.9655,0.8533,0.7349,0.6126,0.4891,0.368,0.2542,0.1542,0.07409,
pal1,waccm,402.5,1.552,1.544,1.522,1.487,1.437,1.373,1.297,1.21,1.111,1.003,0.8862,0.7633,0.6364,0.5081,0.3824,0.2642,0.1602,0.07694,
pal1,waccm,403.5,1.42,1.413,1.393,1.36,1.315,1.257,1.188,1.107,1.017,0.9179,0.8114,0.6991,0.5829,0.4655,0.3503,0.242,0.1468,0.07045,
pal1,waccm,404.5,1.392,1.386,1.366,1.334,1.289,1.233,1.165,1.086,0.9976,0.9005,0.7961,0.686,0.5721,0.4569,0.3439,0.2376,0.1441,0.06913,
pal1,waccm,405.5,1.446,1.439,1.419,1.386,1.339,1.28,1.21,1.128,1.036,0.9357,0.8273,0.713,0.5947,0.4751,0.3576,0.2471,0.1498,0.07183,
pal1,waccm,406.5,1.362,1.355,1.336,1.305,1.261,1.206,1.14,1.063,0.9764,0.8815,0.7795,0.6719,0.5605,0.4478,0.3372,0.233,0.1412,0.06768,
pal1,waccm,407.5,1.373,1.366,1.347,1.315,1.271,1.216,1.149,1.071,0.9845,0.889,0.7862,0.6778,0.5655,0.4519,0.3403,0.2351,0.1424,0.06826,
pal1,waccm,408.5,1.528,1.521,1.5,1.465,1.416,1.354,1.279,1.193,1.097,0.9904,0.876,0.7552,0.6302,0.5037,0.3793,0.2621,0.1587,0.07605,
pal1,waccm,409.5,1.498,1.491,1.47,1.436,1.388,1.327,1.254,1.17,1.075,0.9711,0.8591,0.7407,0.6182,0.4942,0.3722,0.2572,0.1557,0.07458,
pal1,waccm,410.5,1.299,1.293,1.275,1.245,1.203,1.151,1.088,1.015,0.9326,0.8424,0.7453,0.6427,0.5365,0.4289,0.3231,0.2233,0.1352,0.0647,
pal1,waccm,411.5,1.561,1.554,1.532,1.496,1.446,1.383,1.307,1.22,1.121,1.013,0.8961,0.7729,0.6453,0.516,0.3887,0.2686,0.1626,0.0778,
pal1,waccm,412.5,1.547,1.54,1.518,1.483,1.433,1.371,1.296,1.209,1.111,1.004,0.8885,0.7664,0.64,0.5118,0.3857,0.2665,0.1613,0.07714,
pal1,waccm,413.5,1.5,1.493,1.472,1.438,1.39,1.329,1.257,1.173,1.078,0.974,0.862,0.7437,0.6211,0.4968,0.3744,0.2587,0.1565,0.07484,
pal1,waccm,414.5,1.541,1.534,1.513,1.477,1.428,1.366,1.292,1.205,1.108,1.001,0.8863,0.7648,0.6388,0.5111,0.3852,0.2662,0.161,0.07695,
pal1,waccm,415.5,1.474,1.467,1.447,1.413,1.366,1.307,1.235,1.153,1.06,0.958,0.848,0.7318,0.6114,0.4892,0.3688,0.2549,0.1541,0.07363,
pal1,waccm,416.5,1.604,1.596,1.574,1.538,1.487,1.422,1.345,1.255,1.154,1.043,0.9233,0.7969,0.6659,0.5329,0.4018,0.2777,0.1679,0.08016,
pal1,waccm,417.5,1.466,1.459,1.439,1.405,1.359,1.3,1.229,1.147,1.055,0.9536,0.8444,0.7289,0.6091,0.4876,0.3676,0.2541,0.1536,0.07331,
pal1,waccm,418.5,1.477,1.47,1.45,1.416,1.37,1.31,1.239,1.156,1.063,0.9613,0.8513,0.735,0.6143,0.4918,0.3709,0.2563,0.1549,0.07391,
pal1,waccm,419.5,1.526,1.519,1.498,1.463,1.415,1.353,1.28,1.194,1.099,0.9933,0.8797,0.7596,0.635,0.5084,0.3835,0.2651,0.1601,0.07637,
pal1,waccm_eq,280.5,0.0002639,0.0002573,0.0002381,0.0002087,0.0001725,0.0001336,9.606e-05,6.331e-05,3.762e-05,1.971e-05,8.892e-06,3.393e-06,1.142e-06,4.185e-07,2.172e-07,1.434e-07,9.871e-08,6.222e-08,
pal1,waccm_eq,281.5,0.0009946,0.0009713,0.0009039,0.0007998,0.0006702,0.0005287,0.0003894,0.0002647,0.0001636,9.006e-05,4.318e-05,1.773e-05,6.402e-06,2.4e-06,1.207e-06,7.808e-07,5.33e-07,3.349e-07,
pal1,waccm_eq,282.5,0.002126,0.002079,0.001944,0.001734,0.001471,0.001179,0.0008867,0.000619,0.0003955,0.0002272,0.0001148,5.018e-05,1.928e-05,7.422e-06,3.637e-06,2.301e-06,1.557e-06,9.74e-07,
pal1,waccm_eq,283.5,0.003152,0.003087,0.002895,0.002596,0.002219,0.001797,0.00137,0.0009732,0.0006328,0.0003752,0.0001962,8.925e-05,3.571e-05,1.401e-05,6.751e-06,4.197e-06,2.82e-06,1.758e-06,
pal1,waccm_eq,284.5,0.003914,0.00384,0.003622,0.00328,0.002842,0.002346,0.001833,0.001344,0.0009135,0.0005669,0.0003154,0.0001547,6.695e-05,2.754e-05,1.3e-05,7.793e-06,5.152e-06,3.185e-06,
pal1,waccm_eq,285.5,0.002871,0.002821,0.002672,0.002437,0.002134,0.001787,0.001422,0.001067,0.0007465,0.0004808,0.0002801,0.0001451,6.661e-05,2.853e-05,1.334e-05,7.751e-06,5.045e-06,3.092e-06,
pal1,waccm_eq,286.5,0.0102,0.01003,0.009532,0.008742,0.007717,0.006532,0.005272,0.004027,0.002883,0.00191,0.001152,0.0006225,0.0002992,0.0001326,6.185e-05,3.499e-05,2.243e-05,1.364e-05,
pal1,waccm_eq,287.5,0.01543,0.01519,0.01449,0.01337,0.01191,0.0102,0.008362,0.006516,0.004784,0.00327,0.002051,0.001161,0.0005882,0.0002723,0.0001276,6.999e-05,4.392e-05,2.641e-05,
pal1,waccm_eq,288.5,0.01817,0.01791,0.01715,0.01593,0.01432,0.01243,0.01037,0.008254,0.006226,0.004403,0.00288,0.001716,0.0009211,0.0004492,0.0002138,0.0001137,6.927e-05,4.1e-05,
pal1,waccm_eq,289.5,0.03534,0.03487,0.03348,0.03125,0.0283,0.02479,0.02092,0.01692,0.01301,0.009428,0.006355,0.003928,0.002198,0.001115,0.00054,0.0002814,0.0001671,9.749e-05,
pal1,waccm_eq,290.5,0.05909,0.05834,0.05615,0.05262,0.04793,0.04232,0.03609,0.02956,0.02311,0.01709,0.01181,0.007529,0.004365,0.002294,0.001132,0.0005821,0.0003367,0.0001936,
pal1,waccm_eq,291.5,0.06916,0.06835,0.06596,0.06209,0.05693,0.05072,0.04375,0.03637,0.02896,0.02191,0.01558,0.01029,0.006213,0.003408,0.001731,0.000882,0.000494,0.0002781,
pal1,waccm_eq,292.5,0.07345,0.07265,0.07026,0.06639,0.06121,0.05493,0.04783,0.04025,0.03254,0.02508,0.01826,0.0124,0.00775,0.004409,0.002303,0.001172,0.000638,0.0003514,
pal1,waccm_eq,293.5,0.09808,0.09707,0.09408,0.08922,0.08267,0.0747,0.06564,0.05586,0.04581,0.03595,0.02675,0.01867,0.01205,0.007105,0.003827,0.001958,0.001038,0.0005574,
pal1,waccm_eq,294.5,0.1017,0.1007,0.0978,0.09301,0.08653,0.07862,0.06956,0.05973,0.04953,0.03941,0.02984,0.02126,0.01408,0.008542,0.004722,0.002439,0.001268,0.0006645,
pal1,waccm_eq,295.5,0.1345,0.1332,0.1295,0.1221,0.1155,0.1055,0.09406,0.08153,0.06841,0.05523,0.04261,0.03106,0.02114,0.01324,0.007555,0.003966,0.002027,0.001031,
pal1,waccm_eq,296.5,0.1375,0.1363,0.1328,0.1269,0.119,0.1093,0.09804,0.08566,0.07259,0.05935,0.04647,0.03453,0.02404,0.01547,0.009076,0.004852,0.002455,0.001213,
pal1,waccm_eq,297.5,0.165,0.1636,0.1595,0.1529,0.1438,0.1326,0.1196,0.1052,0.08996,0.07435,0.059,0.04457,0.03168,0.02089,0.01258,0.006858,0.003458,0.001661,
pal1,waccm_eq,298.5,0.1325,0.1315,0.1283,0.1232,0.1162,0.1075,0.09687,0.08624,0.07427,0.06194,0.04972,0.03809,0.02755,0.01854,0.01142,0.006352,0.003206,0.001503,
pal1,waccm_eq,299.5,0.2037,0.2022,0.1975,0.19,0.1796,0.1668,0.1518,0.1351,0.1172,0.09858,0.07999,0.06211,0.04567,0.03136,0.01977,0.01123,0.005704,0.002613,
pal1,waccm_eq,300.5,0.1435,0.1425,0.1393,0.1342,0.1271,0.1184,0.1081,0.09662,0.08423,0.07134,0.05837,0.04578,0.03409,0.02377,0.01526,0.008821,0.004512,0.002033,
pal1,waccm_eq,301.5,0.2093,0.2078,0.2034,0.1961,0.1862,0.1739,0.1594,0.1431,0.1255,0.1071,0.0884,0.07012,0.05295,0.03757,0.02461,0.01453,0.007531,0.003342,
pal1,waccm_eq,302.5,0.213,0.2115,0.2072,0.2,0.1902,0.1779,0.1635,0.1472,0.1296,0.1111,0.09228,0.07375,0.0562,0.04032,0.02677,0.01604,0.008396,0.003694,
pal1,waccm_eq,303.5,0.2863,0.2844,0.2787,0.2693,0.2565,0.2405,0.2217,0.2004,0.1772,0.1528,0.1278,0.103,0.07937,0.05773,0.03897,0.0238,0.01264,0.005528,
pal1,waccm_eq,304.5,0.2729,0.2711,0.2658,0.2571,0.2451,0.2301,0.2124,0.1925,0.1707,0.1476,0.124,0.1005,0.07788,0.05709,0.0389,0.02401,0.01288,0.005614,
pal1,waccm_eq,305.5,0.2941,0.2922,0.2867,0.2775,0.265,0.2493,0.2307,0.2093,0.1867,0.1623,0.1371,0.112,0.08763,0.065,0.04496,0.02825,0.01541,0.006728,
pal1,waccm_eq,306.5,0.2813,0.2796,0.2743,0.2657,0.2539,0.239,0.2215,0.2016,0.1798,0.1566,0.1327,0.1087,0.08543,0.0637,0.04433,0.02806,0.01542,0.006735,
pal1,waccm_eq,307.5,0.3433,0.3412,0.335,0.3247,0.3106,0.2925,0.272,0.2482,0.2221,0.1943,0.1655,0.1364,0.1081,0.08139,0.05737,0.03689,0.02063,0.009073,
pal1,waccm_eq,308.5,0.3603,0.3581,0.3516,0.341,0.3264,0.308,0.2862,0.2615,0.2343,0.2053,0.1752,0.1448,0.1151,0.08698,0.06159,0.03983,0.0224,0.009879,
pal1,waccm_eq,309.5,0.2843,0.2826,0.2776,0.2693,0.258,0.2437,0.2268,0.2076,0.1864,0.1638,0.1402,0.1164,0.093,0.07078,0.05055,0.03304,0.01882,0.008365,
pal1,waccm_eq,310.5,0.3575,0.3555,0.3492,0.339,0.3249,0.3072,0.2862,0.2623,0.2359,0.2077,0.1783,0.1484,0.119,0.09103,0.06541,0.04308,0.02477,0.01108,
pal1,waccm_eq,311.5,0.4366,0.4341,0.4266,0.4142,0.3972,0.3757,0.3503,0.3213,0.2893,0.2551,0.2193,0.183,0.1471,0.1129,0.08141,0.05388,0.03117,0.01401,
pal1,waccm_eq,312.5,0.388,0.3858,0.3792,0.3684,0.3535,0.3347,0.3124,0.287,0.2589,0.2288,0.1973,0.1652,0.1334,0.1029,0.0748,0.04998,0.02926,0.0133,
pal1,waccm_eq,313.5,0.4302,0.4278,0.4205,0.4086,0.3921,0.3714,0.3468,0.3187,0.2877,0.2544,0.2195,0.184,0.1488,0.1149,0.08363,0.05599,0.03285,0.01495,
pal1,waccm_eq,314.5,0.3968,0.3946,0.388,0.3772,0.3622,0.3433,0.3209,0.2953,0.267,0.2366,0.2047,0.1721,0.1397,0.1084,0.07941,0.05361,0.0318,0.01464,
pal1,waccm_eq,315.5,0.4042,0.4019,0.3952,0.3842,0.369,0.3499,0.3271,0.3011,0.2724,0.2414,0.209,0.1758,0.1428,0.1109,0.0813,0.05494,0.03262,0.01504,
pal1,waccm_eq,316.5,0.3782,0.3761,0.37,0.3597,0.3457,0.328,0.3069,0.2828,0.2561,0.2274,0.1972,0.1663,0.1354,0.1056,0.0778,0.05292,0.0317,0.01476,
pal1,waccm_eq,317.5,0.5342,0.5313,0.5226,0.5082,0.4883,0.4633,0.4336,0.3996,0.3619,0.3214,0.2788,0.2351,0.1915,0.1494,0.11,0.07478,0.04478,0.02083,
pal1,waccm_eq,318.5,0.3968,0.3946,0.3882,0.3777,0.3631,0.3447,0.3228,0.2978,0.27,0.2401,0.2087,0.1764,0.1441,0.1127,0.08341,0.05705,0.03444,0.01619,
pal1,waccm_eq,319.5,0.4786,0.476,0.4683,0.4556,0.438,0.4159,0.3896,0.3595,0.3261,0.2901,0.2522,0.2133,0.1743,0.1365,0.1011,0.06919,0.04182,0.01968,
pal1,waccm_eq,320.5,0.5744,0.5713,0.5621,0.5469,0.5259,0.4995,0.468,0.432,0.392,0.3489,0.3034,0.2568,0.21,0.1646,0.122,0.0836,0.05062,0.02387,
pal1,waccm_eq,321.5,0.4627,0.4602,0.4529,0.4407,0.424,0.4029,0.3778,0.349,0.317,0.2825,0.2461,0.2087,0.1711,0.1345,0.1001,0.06899,0.0421,0.02007,
pal1,waccm_eq,322.5,0.4846,0.482,0.4743,0.4615,0.4439,0.4217,0.3953,0.365,0.3314,0.2951,0.2568,0.2175,0.178,0.1396,0.1035,0.07102,0.04305,0.02033,
pal1,waccm_eq,323.5,0.4682,0.4657,0.4584,0.4462,0.4293,0.4081,0.3828,0.3538,0.3217,0.2869,0.2502,0.2123,0.1743,0.1373,0.1023,0.07067,0.04326,0.02071,
pal1,waccm_eq,324.5,0.5505,0.5476,0.5389,0.5246,0.5048,0.4799,0.4502,0.4161,0.3783,0.3375,0.2943,0.2498,0.2051,0.1615,0.1203,0.08306,0.0508,0.0243,
pal1,waccm_eq,325.5,0.6219,0.6186,0.6088,0.5927,0.5704,0.5422,0.5086,0.4702,0.4275,0.3812,0.3325,0.2821,0.2316,0.1823,0.1357,0.09358,0.05715,0.02727,
pal1,waccm_eq,326.5,0.7201,0.7163,0.7051,0.6865,0.6609,0.6285,0.59,0.5457,0.4966,0.4434,0.3872,0.3291,0.2707,0.2136,0.1596,0.1106,0.06797,0.03276,
pal1,waccm_eq,327.5,0.6798,0.6763,0.6657,0.6481,0.6239,0.5933,0.5569,0.5151,0.4687,0.4184,0.3652,0.3104,0.2552,0.2012,0.1501,0.1038,0.06366,0.03057,
pal1,waccm_eq,328.5,0.6272,0.6239,0.6142,0.598,0.5757,0.5476,0.514,0.4755,0.4327,0.3863,0.3373,0.2867,0.2357,0.1859,0.1387,0.09591,0.05881,0.02824,
pal1,waccm_eq,329.5,0.7862,0.7822,0.77,0.7499,0.7221,0.687,0.6452,0.5972,0.5438,0.4859,0.4247,0.3614,0.2976,0.2351,0.1759,0.1221,0.07521,0.03639,
pal1,waccm_eq,330.5,0.7244,0.7207,0.7094,0.6909,0.6653,0.633,0.5944,0.5501,0.5009,0.4475,0.3911,0.3327,0.2739,0.2162,0.1616,0.1119,0.06879,0.03316,
pal1,waccm_eq,331.5,0.7176,0.7139,0.7028,0.6845,0.6591,0.6271,0.5889,0.5451,0.4964,0.4435,0.3876,0.3298,0.2715,0.2143,0.1601,0.1108,0.06809,0.0328,
pal1,waccm_eq,332.5,0.6896,0.686,0.6754,0.6579,0.6336,0.603,0.5665,0.5246,0.4779,0.4273,0.3737,0.3183,0.2623,0.2073,0.1552,0.1077,0.0664,0.03217,
pal1,waccm_eq,333.5,0.6545,0.6511,0.641,0.6244,0.6014,0.5723,0.5376,0.4978,0.4536,0.4055,0.3546,0.3019,0.2487,0.1965,0.147,0.1019,0.06269,0.03029,
pal1,waccm_eq,334.5,0.727,0.7233,0.7121,0.6937,0.6682,0.636,0.5976,0.5534,0.5043,0.451,0.3945,0.336,0.2769,0.2189,0.1638,0.1136,0.06992,0.03383,
pal1,waccm_eq,335.5,0.7281,0.7244,0.7133,0.6948,0.6694,0.6372,0.5989,0.5548,0.5057,0.4524,0.3959,0.3374,0.2782,0.2201,0.1648,0.1144,0.07055,0.03423,
pal1,waccm_eq,336.5,0.571,0.568,0.5593,0.5449,0.525,0.4998,0.4697,0.4351,0.3967,0.3549,0.3106,0.2647,0.2183,0.1726,0.1292,0.08967,0.05526,0.02678,
pal1,waccm_eq,337.5,0.6316,0.6284,0.6187,0.6028,0.5807,0.5529,0.5196,0.4814,0.4388,0.3926,0.3436,0.2928,0.2414,0.1908,0.1428,0.09896,0.06089,0.02945,
pal1,waccm_eq,338.5,0.6583,0.655,0.645,0.6284,0.6055,0.5765,0.542,0.5022,0.458,0.4099,0.3589,0.306,0.2525,0.1997,0.1496,0.1038,0.06398,0.03104,
pal1,waccm_eq,339.5,0.7143,0.7106,0.6998,0.6818,0.657,0.6256,0.5882,0.5451,0.4972,0.4451,0.3898,0.3324,0.2743,0.2171,0.1626,0.1128,0.06954,0.03375,
pal1,waccm_eq,340.5,0.7667,0.7628,0.7511,0.7319,0.7053,0.6717,0.6315,0.5853,0.5338,0.4779,0.4185,0.3569,0.2945,0.233,0.1745,0.121,0.07451,0.03611,
pal1,waccm_eq,341.5,0.6764,0.673,0.6628,0.6458,0.6224,0.5928,0.5574,0.5167,0.4714,0.4221,0.3698,0.3155,0.2604,0.2062,0.1544,0.1071,0.06604,0.03206,
pal1,waccm_eq,342.5,0.7482,0.7445,0.7331,0.7144,0.6885,0.6559,0.6168,0.5719,0.5218,0.4673,0.4095,0.3494,0.2885,0.2284,0.1711,0.1187,0.07316,0.03552,
pal1,waccm_eq,343.5,0.7786,0.7746,0.7628,0.7434,0.7165,0.6825,0.6419,0.5952,0.5431,0.4865,0.4263,0.3638,0.3004,0.2378,0.1781,0.1235,0.0761,0.03693,
pal1,waccm_eq,344.5,0.5467,0.544,0.5357,0.5221,0.5032,0.4794,0.4509,0.4181,0.3816,0.3418,0.2996,0.2556,0.2111,0.1671,0.1251,0.08676,0.05341,0.0259,
pal1,waccm_eq,345.5,0.7443,0.7406,0.7294,0.7108,0.6852,0.6528,0.6141,0.5696,0.5199,0.4658,0.4084,0.3486,0.288,0.2281,0.1709,0.1185,0.07303,0.03547,
pal1,waccm_eq,346.5,0.6985,0.695,0.6845,0.6671,0.6431,0.6127,0.5764,0.5346,0.488,0.4373,0.3834,0.3273,0.2704,0.2141,0.1604,0.1112,0.06845,0.03321,
pal1,waccm_eq,347.5,0.6819,0.6785,0.6682,0.6513,0.6279,0.5983,0.5629,0.5221,0.4767,0.4272,0.3746,0.3199,0.2643,0.2093,0.1568,0.1087,0.0669,0.03246,
pal1,waccm_eq,348.5,0.7481,0.7444,0.7332,0.7146,0.689,0.6565,0.6177,0.5731,0.5233,0.4691,0.4114,0.3514,0.2904,0.23,0.1723,0.1195,0.07352,0.03568,
pal1,waccm_eq,349.5,0.6268,0.6237,0.6143,0.5988,0.5773,0.5502,0.5177,0.4804,0.4387,0.3933,0.345,0.2947,0.2435,0.193,0.1445,0.1002,0.06164,0.02991,
pal1,waccm_eq,350.5,0.877,0.8726,0.8595,0.8378,0.8078,0.7699,0.7246,0.6724,0.6141,0.5506,0.4831,0.4127,0.3411,0.2703,0.2025,0.1404,0.08634,0.04189,
pal1,waccm_eq,351.5,0.7559,0.7522,0.7409,0.7222,0.6964,0.6638,0.6247,0.5798,0.5296,0.4749,0.4167,0.356,0.2944,0.2333,0.1747,0.1211,0.07446,0.03612,
pal1,waccm_eq,352.5,0.6812,0.6778,0.6676,0.6508,0.6276,0.5982,0.5631,0.5226,0.4774,0.4282,0.3758,0.3212,0.2656,0.2105,0.1577,0.1093,0.06717,0.03259,
pal1,waccm_eq,353.5,0.8191,0.815,0.8028,0.7826,0.7548,0.7195,0.6773,0.6287,0.5744,0.5153,0.4523,0.3866,0.3197,0.2534,0.1899,0.1316,0.08088,0.03924,
pal1,waccm_eq,354.5,0.8856,0.8812,0.868,0.8463,0.8162,0.7781,0.7325,0.68,0.6214,0.5575,0.4894,0.4184,0.3461,0.2744,0.2056,0.1424,0.08755,0.04248,
pal1,waccm_eq,355.5,0.8273,0.8232,0.8109,0.7906,0.7625,0.727,0.6844,0.6355,0.5807,0.5211,0.4575,0.3912,0.3237,0.2566,0.1923,0.1332,0.08186,0.03972,
pal1,waccm_eq,356.5,0.7674,0.7636,0.7523,0.7334,0.7074,0.6745,0.6351,0.5897,0.539,0.4837,0.4248,0.3633,0.3006,0.2384,0.1786,0.1237,0.076,0.03687,
pal1,waccm_eq,357.5,0.6524,0.6492,0.6395,0.6235,0.6014,0.5735,0.54,0.5015,0.4584,0.4115,0.3614,0.3091,0.2558,0.2029,0.152,0.1053,0.06466,0.03137,
pal1,waccm_eq,358.5,0.5031,0.5006,0.4932,0.4809,0.4639,0.4423,0.4166,0.3869,0.3537,0.3175,0.2789,0.2386,0.1975,0.1566,0.1174,0.08129,0.04992,0.02421,
pal1,waccm_eq,359.5,0.8463,0.8422,0.8297,0.809,0.7804,0.7443,0.701,0.6511,0.5953,0.5344,0.4695,0.4017,0.3326,0.2638,0.1977,0.1369,0.08405,0.04076,
pal1,waccm_eq,360.5,0.7841,0.7803,0.7687,0.7496,0.7232,0.6897,0.6496,0.6034,0.5518,0.4955,0.4353,0.3726,0.3085,0.2447,0.1834,0.127,0.07794,0.0378,
pal1,waccm_eq,361.5,0.7065,0.703,0.6927,0.6755,0.6517,0.6215,0.5855,0.5439,0.4974,0.4467,0.3926,0.336,0.2782,0.2208,0.1655,0.1146,0.0703,0.03409,
pal1,waccm_eq,362.5,0.8293,0.8252,0.813,0.7928,0.7649,0.7296,0.6874,0.6386,0.5841,0.5246,0.4611,0.3947,0.3269,0.2595,0.1945,0.1346,0.08259,0.04004,
pal1,waccm_eq,363.5,0.7374,0.7337,0.7229,0.705,0.6803,0.6489,0.6113,0.5681,0.5196,0.4668,0.4103,0.3513,0.291,0.231,0.1732,0.1199,0.0735,0.03563,
pal1,waccm_eq,364.5,0.8041,0.8002,0.7884,0.7689,0.7419,0.7077,0.6668,0.6197,0.5669,0.5093,0.4478,0.3835,0.3177,0.2522,0.1891,0.1309,0.08022,0.03889,
pal1,waccm_eq,365.5,0.9795,0.9747,0.9604,0.9367,0.9038,0.8623,0.8125,0.7551,0.6909,0.6208,0.5459,0.4675,0.3874,0.3076,0.2306,0.1596,0.0978,0.0474,
pal1,waccm_eq,366.5,1.036,1.031,1.016,0.9909,0.9562,0.9123,0.8597,0.7991,0.7312,0.6571,0.5779,0.495,0.4103,0.3258,0.2442,0.169,0.1036,0.05018,
pal1,waccm_eq,367.5,0.9833,0.9785,0.9642,0.9404,0.9075,0.8659,0.8161,0.7586,0.6942,0.6239,0.5488,0.4702,0.3898,0.3095,0.2321,0.1606,0.09837,0.04766,
pal1,waccm_eq,368.5,0.8635,0.8593,0.8467,0.8259,0.797,0.7605,0.7168,0.6664,0.6099,0.5482,0.4823,0.4133,0.3426,0.2721,0.2041,0.1412,0.08646,0.04188,
pal1,waccm_eq,369.5,1.035,1.03,1.015,0.9903,0.9558,0.9121,0.8597,0.7993,0.7316,0.6577,0.5787,0.496,0.4113,0.3267,0.245,0.1695,0.1038,0.05026,
pal1,waccm_eq,370.5,0.939,0.9344,0.9208,0.8982,0.8669,0.8273,0.7799,0.7251,0.6638,0.5969,0.5252,0.4502,0.3734,0.2966,0.2225,0.1539,0.09419,0.04561,
pal1,waccm_eq,371.5,1.074,1.069,1.053,1.027,0.9917,0.9464,0.8922,0.8297,0.7596,0.6831,0.6012,0.5154,0.4275,0.3397,0.2548,0.1762,0.1078,0.05221,
pal1,waccm_eq,372.5,0.793,0.7892,0.7777,0.7586,0.7323,0.6989,0.6589,0.6128,0.5611,0.5046,0.4442,0.3809,0.316,0.2511,0.1884,0.1303,0.07969,0.03858,
pal1,waccm_eq,373.5,0.7166,0.7131,0.7027,0.6855,0.6618,0.6316,0.5955,0.5539,0.5073,0.4562,0.4017,0.3445,0.2858,0.2272,0.1704,0.1179,0.07207,0.03488,
pal1,waccm_eq,374.5,0.7862,0.7824,0.771,0.7522,0.7261,0.6931,0.6536,0.6079,0.5568,0.5009,0.441,0.3783,0.3139,0.2495,0.1872,0.1295,0.07914,0.0383,
pal1,waccm_eq,375.5,0.8867,0.8824,0.8696,0.8484,0.819,0.7819,0.7373,0.6859,0.6282,0.5652,0.4977,0.427,0.3544,0.2818,0.2114,0.1462,0.08934,0.04322,
pal1,waccm_eq,376.5,0.8851,0.8808,0.8681,0.8469,0.8177,0.7806,0.7361,0.6849,0.6274,0.5645,0.4972,0.4266,0.3541,0.2816,0.2113,0.1461,0.08926,0.04318,
pal1,waccm_eq,377.5,1.054,1.049,1.033,1.008,0.9734,0.9294,0.8765,0.8155,0.7471,0.6724,0.5923,0.5082,0.422,0.3356,0.2518,0.1741,0.1064,0.05143,
pal1,waccm_eq,378.5,1.148,1.142,1.126,1.099,1.061,1.013,0.9552,0.8888,0.8144,0.733,0.6457,0.5542,0.4602,0.3661,0.2747,0.1899,0.116,0.05608,
pal1,waccm_eq,379.5,0.8491,0.845,0.8328,0.8126,0.7846,0.7491,0.7066,0.6576,0.6026,0.5424,0.4779,0.4102,0.3407,0.2711,0.2034,0.1406,0.08586,0.0415,
pal1,waccm_eq,380.5,1.021,1.016,1.001,0.9769,0.9433,0.9008,0.8497,0.7908,0.7247,0.6524,0.575,0.4936,0.41,0.3263,0.2449,0.1693,0.1033,0.04993,
pal1,waccm_eq,381.5,0.9589,0.9543,0.9405,0.9178,0.8862,0.8463,0.7984,0.7431,0.6811,0.6132,0.5405,0.4641,0.3856,0.3068,0.2303,0.1592,0.09714,0.04694,
pal1,waccm_eq,382.5,0.6387,0.6357,0.6265,0.6114,0.5904,0.5638,0.5319,0.4951,0.4539,0.4087,0.3603,0.3094,0.2571,0.2046,0.1536,0.1062,0.06477,0.03129,
pal1,waccm_eq,383.5,0.5607,0.558,0.55,0.5367,0.5183,0.495,0.4671,0.4348,0.3986,0.359,0.3165,0.2718,0.2259,0.1798,0.135,0.09332,0.0569,0.02748,
pal1,waccm_eq,384.5,0.8412,0.8372,0.8251,0.8052,0.7777,0.7428,0.7009,0.6525,0.5982,0.5388,0.4751,0.4081,0.3393,0.2701,0.2028,0.1402,0.08545,0.04126,
pal1,waccm_eq,385.5,0.832,0.828,0.8161,0.7965,0.7692,0.7347,0.6933,0.6455,0.5919,0.5332,0.4702,0.404,0.3359,0.2675,0.2009,0.1388,0.08459,0.04083,
pal1,waccm_eq,386.5,0.8478,0.8438,0.8317,0.8117,0.784,0.7488,0.7067,0.658,0.6034,0.5436,0.4795,0.412,0.3426,0.2729,0.2049,0.1416,0.08628,0.04164,
pal1,waccm_eq,387.5,0.7877,0.7839,0.7727,0.7542,0.7284,0.6958,0.6567,0.6115,0.5609,0.5053,0.4458,0.3831,0.3186,0.2538,0.1906,0.1317,0.08023,0.03871,
pal1,waccm_eq,388.5,0.7893,0.7856,0.7743,0.7557,0.73,0.6974,0.6582,0.613,0.5622,0.5066,0.447,0.3842,0.3196,0.2546,0.1913,0.1322,0.08047,0.03881,
pal1,waccm_eq,389.5,0.9951,0.9904,0.9762,0.9528,0.9204,0.8793,0.83,0.773,0.7091,0.639,0.5638,0.4848,0.4033,0.3213,0.2414,0.1668,0.1015,0.04896,
pal1,waccm_eq,390.5,0.9771,0.9725,0.9586,0.9357,0.9039,0.8636,0.8152,0.7593,0.6966,0.6278,0.554,0.4764,0.3964,0.3159,0.2374,0.164,0.09981,0.04811,
pal1,waccm_eq,391.5,1.159,1.153,1.137,1.11,1.072,1.024,0.967,0.9008,0.8265,0.745,0.6575,0.5655,0.4706,0.3751,0.2819,0.1947,0.1185,0.0571,
pal1,waccm_eq,392.5,0.8688,0.8647,0.8524,0.832,0.8038,0.768,0.7251,0.6755,0.6198,0.5588,0.4932,0.4242,0.3531,0.2815,0.2116,0.1462,0.08891,0.04283,
pal1,waccm_eq,393.5,0.3776,0.3758,0.3705,0.3617,0.3494,0.3339,0.3152,0.2937,0.2695,0.243,0.2145,0.1845,0.1536,0.1225,0.09206,0.06361,0.03868,0.01863,
pal1,waccm_eq,394.5,0.8884,0.8842,0.8716,0.8508,0.822,0.7855,0.7417,0.6911,0.6342,0.5719,0.505,0.4345,0.3617,0.2885,0.2168,0.1498,0.09107,0.04385,
pal1,waccm_eq,395.5,1.143,1.137,1.121,1.094,1.057,1.011,0.9543,0.8892,0.8161,0.736,0.6499,0.5593,0.4657,0.3715,0.2793,0.1929,0.1173,0.05644,
pal1,waccm_eq,396.5,0.6708,0.6677,0.6582,0.6426,0.6209,0.5933,0.5603,0.5222,0.4793,0.4323,0.3818,0.3286,0.2737,0.2183,0.1641,0.1134,0.0689,0.03315,
pal1,waccm_eq,397.5,0.7739,0.7703,0.7594,0.7413,0.7163,0.6846,0.6465,0.6026,0.5531,0.4989,0.4407,0.3794,0.316,0.2521,0.1896,0.131,0.07956,0.03827,
pal1,waccm_eq,398.5,1.33,1.323,1.305,1.274,1.231,1.176,1.111,1.035,0.9506,0.8576,0.7576,0.6522,0.5434,0.4336,0.3261,0.2253,0.1368,0.06578,
pal1,waccm_eq,399.5,1.383,1.376,1.357,1.324,1.28,1.223,1.155,1.077,0.9889,0.8922,0.7883,0.6787,0.5656,0.4514,0.3395,0.2346,0.1424,0.06845,
pal1,waccm_eq,400.5,1.453,1.446,1.426,1.392,1.345,1.286,1.215,1.132,1.04,0.9382,0.829,0.7139,0.595,0.4749,0.3573,0.2468,0.1498,0.07199,
pal1,waccm_eq,401.5,1.495,1.488,1.467,1.432,1.384,1.323,1.25,1.165,1.07,0.9655,0.8533,0.7349,0.6126,0.4891,0.368,0.2542,0.1542,0.07409,
pal1,waccm_eq,402.5,1.552,1.544,1.523,1.487,1.437,1.373,1.297,1.21,1.111,1.003,0.8862,0.7634,0.6364,0.5081,0.3824,0.2642,0.1602,0.07694,
pal1,waccm_eq,403.5,1.42,1.413,1.393,1.36,1.315,1.257,1.188,1.107,1.017,0.9179,0.8114,0.6991,0.5829,0.4655,0.3503,0.242,0.1468,0.07045,
pal1,waccm_eq,404.5,1.392,1.386,1.366,1.334,1.289,1.233,1.165,1.086,0.9976,0.9005,0.7961,0.686,0.5721,0.4569,0.3439,0.2376,0.1441,0.06913,
pal1,waccm_eq,405.5,1.446,1.439,1.419,1.386,1.339,1.28,1.21,1.128,1.036,0.9357,0.8273,0.713,0.5947,0.4751,0.3576,0.2471,0.1498,0.07183,
pal1,waccm_eq,406.5,1.362,1.355,1.336,1.305,1.261,1.206,1.14,1.063,0.9764,0.8816,0.7796,0.6719,0.5605,0.4479,0.3372,0.233,0.1412,0.06769,
pal1,waccm_eq,407.5,1.373,1.366,1.347,1.315,1.271,1.216,1.149,1.071,0.9845,0.889,0.7862,0.6778,0.5655,0.4519,0.3403,0.2351,0.1424,0.06826,
pal1,waccm_eq,408.5,1.528,1.521,1.5,1.465,1.416,1.354,1.28,1.193,1.097,0.9904,0.876,0.7552,0.6302,0.5037,0.3793,0.2621,0.1587,0.07606,
pal1,waccm_eq,409.5,1.498,1.491,1.47,1.436,1.388,1.327,1.254,1.17,1.075,0.9711,0.8591,0.7408,0.6183,0.4942,0.3722,0.2572,0.1557,0.07459,
pal1,waccm_eq,410.5,1.299,1.293,1.275,1.245,1.203,1.151,1.088,1.015,0.9326,0.8424,0.7453,0.6427,0.5365,0.4289,0.3231,0.2233,0.1352,0.0647,
pal1,waccm_eq,411.5,1.561,1.554,1.532,1.496,1.446,1.383,1.307,1.22,1.121,1.013,0.8961,0.7729,0.6453,0.516,0.3888,0.2686,0.1626,0.0778,
pal1,waccm_eq,412.5,1.547,1.54,1.518,1.483,1.433,1.371,1.296,1.209,1.111,1.004,0.8885,0.7664,0.64,0.5118,0.3857,0.2665,0.1613,0.07714,
pal1,waccm_eq,413.5,1.5,1.493,1.472,1.438,1.39,1.329,1.257,1.173,1.078,0.974,0.862,0.7437,0.6211,0.4968,0.3744,0.2587,0.1565,0.07484,
pal1,waccm_eq,414.5,1.541,1.534,1.513,1.477,1.428,1.366,1.292,1.205,1.108,1.001,0.8863,0.7648,0.6388,0.5111,0.3852,0.2662,0.161,0.07695,
pal1,waccm_eq,415.5,1.474,1.467,1.447,1.413,1.366,1.307,1.235,1.153,1.06,0.958,0.848,0.7319,0.6114,0.4892,0.3688,0.2549,0.1541,0.07363,
pal1,waccm_eq,416.5,1.604,1.597,1.574,1.538,1.487,1.422,1.345,1.255,1.154,1.043,0.9233,0.7969,0.6659,0.5329,0.4018,0.2777,0.1679,0.08016,
pal1,waccm_eq,417.5,1.466,1.459,1.439,1.405,1.359,1.3,1.229,1.147,1.055,0.9536,0.8444,0.7289,0.6091,0.4876,0.3676,0.2541,0.1536,0.07331,
pal1,waccm_eq,418.5,1.477,1.47,1.45,1.416,1.37,1.31,1.239,1.156,1.063,0.9613,0.8513,0.735,0.6143,0.4918,0.3709,0.2564,0.1549,0.07391,
pal1,waccm_eq,419.5,1.526,1.519,1.498,1.463,1.415,1.353,1.28,1.195,1.099,0.9933,0.8797,0.7596,0.635,0.5084,0.3835,0.2651,0.1601,0.07638,
pal1,waccm,280.5,,,,,,,,,,,,,,,,,,,4.854e-06
pal1,waccm,281.5,,,,,,,,,,,,,,,,,,,2.482e-05
pal1,waccm,282.5,,,,,,,,,,,,,,,,,,,6.889e-05
pal1,waccm,283.5,,,,,,,,,,,,,,,,,,,0.0001211
pal1,waccm,284.5,,,,,,,,,,,,,,,,,,,0.0002068
pal1,waccm,285.5,,,,,,,,,,,,,,,,,,,0.0001913
pal1,waccm,286.5,,,,,,,,,,,,,,,,,,,0.0008128
pal1,waccm,287.5,,,,,,,,,,,,,,,,,,,0.001503
pal1,waccm,288.5,,,,,,,,,,,,,,,,,,,0.002193
pal1,waccm,289.5,,,,,,,,,,,,,,,,,,,0.004996
pal1,waccm,290.5,,,,,,,,,,,,,,,,,,,0.009525
pal1,waccm,291.5,,,,,,,,,,,,,,,,,,,0.01296
pal1,waccm,292.5,,,,,,,,,,,,,,,,,,,0.01556
pal1,waccm,293.5,,,,,,,,,,,,,,,,,,,0.02336
pal1,waccm,294.5,,,,,,,,,,,,,,,,,,,0.02652
pal1,waccm,295.5,,,,,,,,,,,,,,,,,,,0.03868
pal1,waccm,296.5,,,,,,,,,,,,,,,,,,,0.0429
pal1,waccm,297.5,,,,,,,,,,,,,,,,,,,0.05532
pal1,waccm,298.5,,,,,,,,,,,,,,,,,,,0.04722
pal1,waccm,299.5,,,,,,,,,,,,,,,,,,,0.077
pal1,waccm,300.5,,,,,,,,,,,,,,,,,,,0.05671
pal1,waccm,301.5,,,,,,,,,,,,,,,,,,,0.08686
pal1,waccm,302.5,,,,,,,,,,,,,,,,,,,0.09131
pal1,waccm,303.5,,,,,,,,,,,,,,,,,,,0.1276
pal1,waccm,304.5,,,,,,,,,,,,,,,,,,,0.1243
pal1,waccm,305.5,,,,,,,,,,,,,,,,,,,0.1387
pal1,waccm,306.5,,,,,,,,,,,,,,,,,,,0.1346
pal1,waccm,307.5,,,,,,,,,,,,,,,,,,,0.1691
pal1,waccm,308.5,,,,,,,,,,,,,,,,,,,0.1794
pal1,waccm,309.5,,,,,,,,,,,,,,,,,,,0.1443
pal1,waccm,310.5,,,,,,,,,,,,,,,,,,,0.184
pal1,waccm,311.5,,,,,,,,,,,,,,,,,,,0.2269
pal1,waccm,312.5,,,,,,,,,,,,,,,,,,,0.2049
pal1,waccm,313.5,,,,,,,,,,,,,,,,,,,0.2281
pal1,waccm,314.5,,,,,,,,,,,,,,,,,,,0.2134
pal1,waccm,315.5,,,,,,,,,,,,,,,,,,,0.2179
pal1,waccm,316.5,,,,,,,,,,,,,,,,,,,0.2062
pal1,waccm,317.5,,,,,,,,,,,,,,,,,,,0.2913
pal1,waccm,318.5,,,,,,,,,,,,,,,,,,,0.2186
pal1,waccm,319.5,,,,,,,,,,,,,,,,,,,0.2642
pal1,waccm,320.5,,,,,,,,,,,,,,,,,,,0.318
pal1,waccm,321.5,,,,,,,,,,,,,,,,,,,0.2585
pal1,waccm,322.5,,,,,,,,,,,,,,,,,,,0.2692
pal1,waccm,323.5,,,,,,,,,,,,,,,,,,,0.2629
pal1,waccm,324.5,,,,,,,,,,,,,,,,,,,0.3091
pal1,waccm,325.5,,,,,,,,,,,,,,,,,,,0.3491
pal1,waccm,326.5,,,,,,,,,,,,,,,,,,,0.4072
pal1,waccm,327.5,,,,,,,,,,,,,,,,,,,0.3838
pal1,waccm,328.5,,,,,,,,,,,,,,,,,,,0.3545
pal1,waccm,329.5,,,,,,,,,,,,,,,,,,,0.4468
pal1,waccm,330.5,,,,,,,,,,,,,,,,,,,0.4112
pal1,waccm,331.5,,,,,,,,,,,,,,,,,,,0.4075
pal1,waccm,332.5,,,,,,,,,,,,,,,,,,,0.3932
pal1,waccm,333.5,,,,,,,,,,,,,,,,,,,0.3729
pal1,waccm,334.5,,,,,,,,,,,,,,,,,,,0.4149
pal1,waccm,335.5,,,,,,,,,,,,,,,,,,,0.4165
pal1,waccm,336.5,,,,,,,,,,,,,,,,,,,0.3267
pal1,waccm,337.5,,,,,,,,,,,,,,,,,,,0.3613
pal1,waccm,338.5,,,,,,,,,,,,,,,,,,,0.3775
pal1,waccm,339.5,,,,,,,,,,,,,,,,,,,0.41
pal1,waccm,340.5,,,,,,,,,,,,,,,,,,,0.4401
pal1,waccm,341.5,,,,,,,,,,,,,,,,,,,0.3889
pal1,waccm,342.5,,,,,,,,,,,,,,,,,,,0.4306
pal1,waccm,343.5,,,,,,,,,,,,,,,,,,,0.4483
pal1,waccm,344.5,,,,,,,,,,,,,,,,,,,0.3149
pal1,waccm,345.5,,,,,,,,,,,,,,,,,,,0.4294
pal1,waccm,346.5,,,,,,,,,,,,,,,,,,,0.4031
pal1,waccm,347.5,,,,,,,,,,,,,,,,,,,0.3938
pal1,waccm,348.5,,,,,,,,,,,,,,,,,,,0.4325
pal1,waccm,349.5,,,,,,,,,,,,,,,,,,,0.3626
pal1,waccm,350.5,,,,,,,,,,,,,,,,,,,0.5077
pal1,waccm,351.5,,,,,,,,,,,,,,,,,,,0.4379
pal1,waccm,352.5,,,,,,,,,,,,,,,,,,,0.3949
pal1,waccm,353.5,,,,,,,,,,,,,,,,,,,0.4753
pal1,waccm,354.5,,,,,,,,,,,,,,,,,,,0.5143
pal1,waccm,355.5,,,,,,,,,,,,,,,,,,,0.4808
pal1,waccm,356.5,,,,,,,,,,,,,,,,,,,0.4463
pal1,waccm,357.5,,,,,,,,,,,,,,,,,,,0.3797
pal1,waccm,358.5,,,,,,,,,,,,,,,,,,,0.293
pal1,waccm,359.5,,,,,,,,,,,,,,,,,,,0.4933
pal1,waccm,360.5,,,,,,,,,,,,,,,,,,,0.4574
pal1,waccm,361.5,,,,,,,,,,,,,,,,,,,0.4124
pal1,waccm,362.5,,,,,,,,,,,,,,,,,,,0.4844
pal1,waccm,363.5,,,,,,,,,,,,,,,,,,,0.431
pal1,waccm,364.5,,,,,,,,,,,,,,,,,,,0.4703
pal1,waccm,365.5,,,,,,,,,,,,,,,,,,,0.5733
pal1,waccm,366.5,,,,,,,,,,,,,,,,,,,0.6069
pal1,waccm,367.5,,,,,,,,,,,,,,,,,,,0.5763
pal1,waccm,368.5,,,,,,,,,,,,,,,,,,,0.5065
pal1,waccm,369.5,,,,,,,,,,,,,,,,,,,0.6077
pal1,waccm,370.5,,,,,,,,,,,,,,,,,,,0.5515
pal1,waccm,371.5,,,,,,,,,,,,,,,,,,,0.6312
pal1,waccm,372.5,,,,,,,,,,,,,,,,,,,0.4664
pal1,waccm,373.5,,,,,,,,,,,,,,,,,,,0.4217
pal1,waccm,374.5,,,,,,,,,,,,,,,,,,,0.463
pal1,waccm,375.5,,,,,,,,,,,,,,,,,,,0.5225
pal1,waccm,376.5,,,,,,,,,,,,,,,,,,,0.5219
pal1,waccm,377.5,,,,,,,,,,,,,,,,,,,0.6216
pal1,waccm,378.5,,,,,,,,,,,,,,,,,,,0.6777
pal1,waccm,379.5,,,,,,,,,,,,,,,,,,,0.5016
pal1,waccm,380.5,,,,,,,,,,,,,,,,,,,0.6034
pal1,waccm,381.5,,,,,,,,,,,,,,,,,,,0.5672
pal1,waccm,382.5,,,,,,,,,,,,,,,,,,,0.378
pal1,waccm,383.5,,,,,,,,,,,,,,,,,,,0.3321
pal1,waccm,384.5,,,,,,,,,,,,,,,,,,,0.4985
pal1,waccm,385.5,,,,,,,,,,,,,,,,,,,0.4933
pal1,waccm,386.5,,,,,,,,,,,,,,,,,,,0.503
pal1,waccm,387.5,,,,,,,,,,,,,,,,,,,0.4676
pal1,waccm,388.5,,,,,,,,,,,,,,,,,,,0.4689
pal1,waccm,389.5,,,,,,,,,,,,,,,,,,,0.5915
pal1,waccm,390.5,,,,,,,,,,,,,,,,,,,0.5811
pal1,waccm,391.5,,,,,,,,,,,,,,,,,,,0.6896
pal1,waccm,392.5,,,,,,,,,,,,,,,,,,,0.5173
pal1,waccm,393.5,,,,,,,,,,,,,,,,,,,0.225
pal1,waccm,394.5,,,,,,,,,,,,,,,,,,,0.5295
pal1,waccm,395.5,,,,,,,,,,,,,,,,,,,0.6815
pal1,waccm,396.5,,,,,,,,,,,,,,,,,,,0.4003
pal1,waccm,397.5,,,,,,,,,,,,,,,,,,,0.4621
pal1,waccm,398.5,,,,,,,,,,,,,,,,,,,0.7943
pal1,waccm,399.5,,,,,,,,,,,,,,,,,,,0.8264
pal1,waccm,400.5,,,,,,,,,,,,,,,,,,,0.8691
pal1,waccm,401.5,,,,,,,,,,,,,,,,,,,0.8945
pal1,waccm,402.5,,,,,,,,,,,,,,,,,,,0.9289
pal1,waccm,403.5,,,,,,,,,,,,,,,,,,,0.8505
pal1,waccm,404.5,,,,,,,,,,,,,,,,,,,0.8345
pal1,waccm,405.5,,,,,,,,,,,,,,,,,,,0.8671
pal1,waccm,406.5,,,,,,,,,,,,,,,,,,,0.817
pal1,waccm,407.5,,,,,,,,,,,,,,,,,,,0.824
pal1,waccm,408.5,,,,,,,,,,,,,,,,,,,0.918
pal1,waccm,409.5,,,,,,,,,,,,,,,,,,,0.9002
pal1,waccm,410.5,,,,,,,,,,,,,,,,,,,0.7809
pal1,waccm,411.5,,,,,,,,,,,,,,,,,,,0.939
pal1,waccm,412.5,,,,,,,,,,,,,,,,,,,0.9309
pal1,waccm,413.5,,,,,,,,,,,,,,,,,,,0.9031
pal1,waccm,414.5,,,,,,,,,,,,,,,,,,,0.9285
pal1,waccm,415.5,,,,,,,,,,,,,,,,,,,0.8884
pal1,waccm,416.5,,,,,,,,,,,,,,,,,,,0.9672
pal1,waccm,417.5,,,,,,,,,,,,,,,,,,,0.8845
pal1,waccm,418.5,,,,,,,,,,,,,,,,,,,0.8917
pal1,waccm,419.5,,,,,,,,,,,,,,,,,,,0.9214
