case,model,wavelength_nm,sza_0,sza_5,sza_10,sza_15,sza_20,sza_25,sza_30,sza_35,sza_40,sza_45,sza_50,sza_55,sza_60,sza_65,sza_70,sza_75,sza_80,sza_85
pal0p1,atmos,120.7,0.0,0.0,0.0,0.0,0.0,0.0,0.0,0.0,0.0,0.0,0.0,0.0,0.0,0.0,0.0,0.0,0.0,0.0
pal0p1,atmos,121.65,0.0,0.0,0.0,0.0,0.0,0.0,0.0,0.0,0.0,0.0,0.0,0.0,0.0,0.0,0.0,0.0,0.0,0.0
pal0p1,atmos,122.1,0.0,0.0,0.0,0.0,0.0,0.0,0.0,0.0,0.0,0.0,0.0,0.0,0.0,0.0,0.0,0.0,0.0,0.0
pal0p1,atmos,122.7,0.0,0.0,0.0,0.0,0.0,0.0,0.0,0.0,0.0,0.0,0.0,0.0,0.0,0.0,0.0,0.0,0.0,0.0
pal0p1,atmos,123.45,0.0,0.0,0.0,0.0,0.0,0.0,0.0,0.0,0.0,0.0,0.0,0.0,0.0,0.0,0.0,0.0,0.0,0.0
pal0p1,atmos,124.2,0.0,0.0,0.0,0.0,0.0,0.0,0.0,0.0,0.0,0.0,0.0,0.0,0.0,0.0,0.0,0.0,0.0,0.0
pal0p1,atmos,125.0,0.0,0.0,0.0,0.0,0.0,0.0,0.0,0.0,0.0,0.0,0.0,0.0,0.0,0.0,0.0,0.0,0.0,0.0
pal0p1,atmos,125.8,0.0,0.0,0.0,0.0,0.0,0.0,0.0,0.0,0.0,0.0,0.0,0.0,0.0,0.0,0.0,0.0,0.0,0.0
pal0p1,atmos,126.6,0.0,0.0,0.0,0.0,0.0,0.0,0.0,0.0,0.0,0.0,0.0,0.0,0.0,0.0,0.0,0.0,0.0,0.0
pal0p1,atmos,127.8,0.0,0.0,0.0,0.0,0.0,0.0,0.0,0.0,0.0,0.0,0.0,0.0,0.0,0.0,0.0,0.0,0.0,0.0
pal0p1,atmos,129.0,0.0,0.0,0.0,0.0,0.0,0.0,0.0,0.0,0.0,0.0,0.0,0.0,0.0,0.0,0.0,0.0,0.0,0.0
pal0p1,atmos,129.85,0.0,0.0,0.0,0.0,0.0,0.0,0.0,0.0,0.0,0.0,0.0,0.0,0.0,0.0,0.0,0.0,0.0,0.0
pal0p1,atmos,131.15,0.0,0.0,0.0,0.0,0.0,0.0,0.0,0.0,0.0,0.0,0.0,0.0,0.0,0.0,0.0,0.0,0.0,0.0
pal0p1,atmos,133.5,0.0,0.0,0.0,0.0,0.0,0.0,0.0,0.0,0.0,0.0,0.0,0.0,0.0,0.0,0.0,0.0,0.0,0.0
pal0p1,atmos,136.0,0.0,0.0,0.0,0.0,0.0,0.0,0.0,0.0,0.0,0.0,0.0,0.0,0.0,0.0,0.0,0.0,0.0,0.0
pal0p1,atmos,141.0,0.0,0.0,0.0,0.0,0.0,0.0,0.0,0.0,0.0,0.0,0.0,0.0,0.0,0.0,0.0,0.0,0.0,0.0
pal0p1,atmos,150.0,0.0,0.0,0.0,0.0,0.0,0.0,0.0,0.0,0.0,0.0,0.0,0.0,0.0,0.0,0.0,0.0,0.0,0.0
pal0p1,atmos,160.0,0.0,0.0,0.0,0.0,0.0,0.0,0.0,0.0,0.0,0.0,0.0,0.0,0.0,0.0,0.0,0.0,0.0,0.0
pal0p1,atmos,167.5,0.0,0.0,0.0,0.0,0.0,0.0,0.0,0.0,0.0,0.0,0.0,0.0,0.0,0.0,0.0,0.0,0.0,0.0
pal0p1,atmos,172.7,0.0,0.0,0.0,0.0,0.0,0.0,0.0,0.0,0.0,0.0,0.0,0.0,0.0,0.0,0.0,0.0,0.0,0.0
pal0p1,atmos,176.2,0.0,0.0,0.0,0.0,0.0,0.0,0.0,0.0,0.0,0.0,0.0,0.0,0.0,0.0,0.0,0.0,0.0,0.0
pal0p1,atmos,177.8,0.0,0.0,0.0,0.0,0.0,0.0,0.0,0.0,0.0,0.0,0.0,0.0,0.0,0.0,0.0,0.0,0.0,0.0
pal0p1,atmos,179.4,0.0,0.0,0.0,0.0,0.0,0.0,0.0,0.0,0.0,0.0,0.0,0.0,0.0,0.0,0.0,0.0,0.0,0.0
pal0p1,atmos,181.0,0.0,0.0,0.0,0.0,0.0,0.0,0.0,0.0,0.0,0.0,0.0,0.0,0.0,0.0,0.0,0.0,0.0,0.0
pal0p1,atmos,182.65,0.0,0.0,0.0,0.0,0.0,0.0,0.0,0.0,0.0,0.0,0.0,0.0,0.0,0.0,0.0,0.0,0.0,0.0
pal0p1,atmos,184.35,0.0,0.0,0.0,0.0,0.0,0.0,0.0,0.0,0.0,0.0,0.0,0.0,0.0,0.0,0.0,0.0,0.0,0.0
pal0p1,atmos,186.05,0.0,0.0,0.0,0.0,0.0,0.0,0.0,0.0,0.0,0.0,0.0,0.0,0.0,0.0,0.0,0.0,0.0,0.0
pal0p1,atmos,187.8,0.0,0.0,0.0,0.0,0.0,0.0,0.0,0.0,0.0,0.0,0.0,0.0,0.0,0.0,0.0,0.0,0.0,0.0
pal0p1,atmos,189.6,0.0,0.0,0.0,0.0,0.0,0.0,0.0,0.0,0.0,0.0,0.0,0.0,0.0,0.0,0.0,0.0,0.0,0.0
pal0p1,atmos,191.4,0.0,0.0,0.0,0.0,0.0,0.0,0.0,0.0,0.0,0.0,0.0,0.0,0.0,0.0,0.0,0.0,0.0,0.0
pal0p1,atmos,193.25,0.0,0.0,0.0,0.0,0.0,0.0,0.0,0.0,0.0,0.0,0.0,0.0,0.0,0.0,0.0,0.0,0.0,0.0
pal0p1,atmos,195.15,0.0,0.0,0.0,0.0,0.0,0.0,0.0,0.0,0.0,0.0,0.0,0.0,0.0,0.0,0.0,0.0,0.0,0.0
pal0p1,atmos,197.05,0.0,0.0,0.0,0.0,0.0,0.0,0.0,0.0,0.0,0.0,0.0,0.0,0.0,0.0,0.0,0.0,0.0,0.0
pal0p1,atmos,199.0,0.0,0.0,0.0,0.0,0.0,0.0,0.0,0.0,0.0,0.0,0.0,0.0,0.0,0.0,0.0,0.0,0.0,0.0
pal0p1,atmos,201.0,0.0,0.0,0.0,0.0,0.0,0.0,0.0,0.0,0.0,0.0,0.0,0.0,0.0,0.0,0.0,0.0,0.0,0.0
pal0p1,atmos,203.05,0.0,0.0,0.0,0.0,0.0,0.0,0.0,0.0,0.0,0.0,0.0,0.0,0.0,0.0,0.0,0.0,0.0,0.0
pal0p1,atmos,205.15,0.0,0.0,0.0,0.0,0.0,0.0,0.0,0.0,0.0,0.0,0.0,0.0,0.0,0.0,0.0,0.0,0.0,0.0
pal0p1,atmos,207.2665,1.122e-19,9.633e-20,6.057e-20,2.742e-20,8.666e-21,1.825e-21,2.397e-22,1.789e-23,6.736e-25,1.14e-26,1.223e-28,9.744e-30,3.78e-30,2.046e-30,1.22e-30,7.309e-31,4.095e-31,1.893e-31
pal0p1,atmos,209.4295,1.103e-18,9.532e-19,6.119e-19,2.87e-19,9.55e-20,2.158e-20,3.105e-21,2.609e-22,1.142e-23,2.346e-25,3.144e-27,2.606e-28,1.001e-28,5.432e-29,3.256e-29,1.961e-29,1.101e-29,5.094e-30
pal0p1,atmos,211.646,1.409e-17,1.227e-17,8.072e-18,3.947e-18,1.396e-18,3.424e-19,5.491e-20,5.304e-21,2.779e-22,7.202e-24,1.182e-25,1.145e-26,4.365e-27,2.379e-27,1.439e-27,8.737e-28,4.931e-28,2.284e-28
pal0p1,atmos,213.91,7.217e-17,6.324e-17,4.233e-17,2.133e-17,7.882e-18,2.052e-18,3.557e-19,3.797e-20,2.263e-21,6.916e-23,1.469e-24,1.331e-25,4.971e-26,2.718e-26,1.662e-26,1.019e-26,5.788e-27,2.686e-27
pal0p1,atmos,216.2225,3.309e-16,2.918e-16,1.99e-16,1.036e-16,4.009e-17,1.112e-17,2.095e-18,2.491e-19,1.705e-20,6.232e-22,1.617e-23,1.497e-24,5.455e-25,3.001e-25,1.863e-25,1.159e-25,6.641e-26,3.093e-26
pal0p1,atmos,218.5855,2.781e-15,2.47e-15,1.723e-15,9.316e-16,3.815e-16,1.142e-16,2.377e-17,3.217e-18,2.604e-19,1.186e-20,3.966e-22,3.868e-23,1.373e-23,7.632e-24,4.838e-24,3.07e-24,1.786e-24,8.377e-25
pal0p1,atmos,221.001,1.104e-14,9.86e-15,6.988e-15,3.882e-15,1.653e-15,5.222e-16,1.167e-16,1.73e-17,1.577e-18,8.365e-20,3.273e-21,3.137e-22,1.068e-22,6.004e-23,3.897e-23,2.528e-23,1.496e-23,7.087e-24
pal0p1,atmos,223.4705,4.299e-14,3.855e-14,2.768e-14,1.573e-14,6.926e-15,2.289e-15,5.426e-16,8.693e-17,8.755e-18,5.278e-19,2.331e-20,2.123e-21,6.857e-22,3.915e-22,2.61e-22,1.736e-22,1.049e-22,5.043e-23
pal0p1,atmos,225.996,1.16e-13,1.045e-13,7.619e-14,4.441e-14,2.029e-14,7.055e-15,1.788e-15,3.127e-16,3.528e-17,2.459e-18,1.243e-19,1.082e-20,3.299e-21,1.926e-21,1.324e-21,9.071e-22,5.641e-22,2.772e-22
pal0p1,atmos,228.579,2.445e-13,2.209e-13,1.625e-13,9.614e-14,4.492e-14,1.609e-14,4.248e-15,7.827e-16,9.45e-17,7.141e-18,3.787e-19,2.933e-20,8.334e-21,5.002e-21,3.55e-21,2.505e-21,1.607e-21,8.131e-22
pal0p1,atmos,231.2215,3.128e-13,2.829e-13,2.086e-13,1.24e-13,5.835e-14,2.111e-14,5.643e-15,1.057e-15,1.302e-16,9.994e-18,5.116e-19,3.307e-20,8.684e-21,5.378e-21,3.929e-21,2.849e-21,1.884e-21,9.86e-22
pal0p1,atmos,233.926,2.092e-13,1.891e-13,1.392e-13,8.253e-14,3.867e-14,1.391e-14,3.693e-15,6.851e-16,8.311e-17,6.182e-18,2.884e-19,1.482e-20,3.586e-21,2.296e-21,1.721e-21,1.281e-21,8.731e-22,4.746e-22
pal0p1,atmos,236.6945,1.653e-13,1.492e-13,1.093e-13,6.431e-14,2.98e-14,1.056e-14,2.745e-15,4.955e-16,5.783e-17,4.039e-18,1.657e-19,6.555e-21,1.463e-21,9.686e-22,7.432e-22,5.66e-22,3.978e-22,2.255e-22
pal0p1,atmos,239.5295,2.665e-13,2.412e-13,1.783e-13,1.064e-13,5.036e-14,1.836e-14,4.951e-15,9.349e-16,1.149e-16,8.425e-18,3.468e-19,1.18e-20,2.469e-21,1.696e-21,1.341e-21,1.057e-21,7.8e-22,4.762e-22
pal0p1,atmos,242.433,1.412e-12,1.284e-12,9.618e-13,5.877e-13,2.876e-13,1.096e-13,3.126e-14,6.316e-15,8.384e-16,6.631e-17,2.838e-18,8.746e-20,1.731e-20,1.233e-20,1.006e-20,8.253e-21,6.455e-21,4.362e-21
pal0p1,atmos,245.408,1.55e-13,1.398e-13,1.021e-13,5.979e-14,2.748e-14,9.619e-15,2.454e-15,4.292e-16,4.729e-17,2.937e-18,9.132e-20,1.877e-21,3.43e-22,2.479e-22,2.028e-22,1.666e-22,1.305e-22,8.869e-23
pal0p1,atmos,248.457,2.489e-14,2.229e-14,1.595e-14,9.003e-15,3.925e-15,1.279e-15,2.968e-16,4.594e-17,4.324e-18,2.188e-19,5.179e-21,7.459e-23,1.27e-23,9.27e-24,7.599e-24,6.246e-24,4.903e-24,3.347e-24
pal0p1,atmos,251.5825,8.821e-15,7.869e-15,5.565e-15,3.079e-15,1.304e-15,4.083e-16,8.995e-17,1.301e-17,1.121e-18,5.052e-20,1.023e-21,1.182e-23,1.897e-24,1.39e-24,1.141e-24,9.383e-25,7.377e-25,5.058e-25
pal0p1,atmos,254.7875,8.306e-15,7.398e-15,5.206e-15,2.858e-15,1.196e-15,3.683e-16,7.938e-17,1.115e-17,9.256e-19,3.964e-20,7.462e-22,7.655e-24,1.166e-24,8.549e-25,7.016e-25,5.776e-25,4.548e-25,3.131e-25
pal0p1,atmos,258.075,3.462e-14,3.093e-14,2.196e-14,1.225e-14,5.245e-15,1.666e-15,3.739e-16,5.53e-17,4.895e-18,2.272e-19,4.718e-21,5.294e-23,7.753e-24,5.653e-24,4.637e-24,3.821e-24,3.014e-24,2.083e-24
pal0p1,atmos,261.449,1.185e-13,1.065e-13,7.694e-14,4.42e-14,1.975e-14,6.65e-15,1.61e-15,2.623e-16,2.627e-17,1.425e-18,3.604e-20,4.998e-22,7.11e-23,5.125e-23,4.2e-23,3.463e-23,2.738e-23,1.898e-23
pal0p1,atmos,264.9125,3.448e-12,3.126e-12,2.323e-12,1.399e-12,6.695e-13,2.474e-13,6.762e-14,1.288e-14,1.573e-15,1.099e-16,3.835e-18,7.671e-20,1.08e-20,7.616e-21,6.225e-21,5.138e-21,4.072e-21,2.833e-21
pal0p1,atmos,268.4685,9.148e-11,8.397e-11,6.474e-11,4.153e-11,2.18e-11,9.124e-12,2.936e-12,6.894e-13,1.099e-13,1.08e-14,5.833e-16,1.937e-17,2.782e-18,1.884e-18,1.532e-18,1.265e-18,1.005e-18,7.02e-19
pal0p1,atmos,272.1215,2.981e-09,2.774e-09,2.228e-09,1.534e-09,8.919e-10,4.289e-10,1.654e-10,4.904e-11,1.053e-11,1.512e-12,1.328e-13,7.777e-15,1.192e-15,7.539e-16,6.066e-16,5.004e-16,3.986e-16,2.795e-16
pal0p1,atmos,275.8755,1.195e-07,1.128e-07,9.464e-08,7.02e-08,4.551e-08,2.536e-08,1.186e-08,4.504e-09,1.326e-09,2.852e-10,4.2e-11,4.484e-12,7.895e-13,4.461e-13,3.51e-13,2.883e-13,2.301e-13,1.62e-13
pal0p1,atmos,279.734,2.698e-06,2.581e-06,2.256e-06,1.793e-06,1.286e-06,8.216e-07,4.595e-07,2.194e-07,8.659e-08,2.705e-08,6.4e-09,1.185e-09,2.598e-10,1.27e-10,9.53e-11,7.736e-11,6.167e-11,4.359e-11
pal0p1,atmos,283.702,0.0001171,0.0001134,0.0001027,8.676e-05,6.798e-05,4.896e-05,3.203e-05,1.87e-05,9.536e-06,4.126e-06,1.473e-06,4.37e-07,1.275e-07,5.54e-08,3.762e-08,2.966e-08,2.346e-08,1.661e-08
pal0p1,atmos,287.7845,0.001953,0.001908,0.001778,0.001578,0.001327,0.001052,0.0007797,0.0005345,0.000334,0.0001869,9.19e-05,3.943e-05,1.551e-05,6.723e-06,3.937e-06,2.888e-06,2.229e-06,1.57e-06
pal0p1,atmos,291.9865,0.0198,0.01948,0.01854,0.01705,0.01511,0.01286,0.01045,0.008052,0.005842,0.003936,0.002433,0.001364,0.0006962,0.0003404,0.000181,0.0001161,8.39e-05,5.772e-05
pal0p1,atmos,296.309,0.06213,0.06141,0.05928,0.05584,0.05123,0.04569,0.03947,0.03288,0.02626,0.01996,0.0143,0.009556,0.005907,0.003386,0.001862,0.001067,0.0006788,0.0004376
pal0p1,atmos,300.5,0.1124,0.1114,0.1084,0.1035,0.09693,0.08882,0.07948,0.06922,0.05845,0.04759,0.0371,0.02746,0.01911,0.01238,0.007459,0.004257,0.002423,0.00139
pal0p1,atmos,303.0,0.2043,0.2027,0.1979,0.1901,0.1795,0.166,0.1509,0.1338,0.1155,0.09669,0.07798,0.06016,0.04398,0.03013,0.01916,0.01127,0.00624,0.003304
pal0p1,atmos,304.0,0.2033,0.2018,0.1972,0.1897,0.1794,0.1666,0.1517,0.1351,0.1173,0.0979,0.08034,0.06259,0.0463,0.03216,0.02074,0.01232,0.006801,0.003524
pal0p1,atmos,305.0,0.2465,0.2448,0.2394,0.2307,0.2187,0.2039,0.1865,0.1669,0.1459,0.1239,0.1018,0.08032,0.06032,0.04265,0.02804,0.01694,0.009352,0.004714
pal0p1,atmos,306.0,0.2149,0.2134,0.2089,0.2015,0.1914,0.1787,0.1639,0.1473,0.1293,0.1104,0.0913,0.07262,0.05507,0.03939,0.02622,0.01601,0.008861,0.004389
pal0p1,atmos,307.0,0.2554,0.2536,0.2485,0.24,0.2283,0.2137,0.1966,0.1773,0.1563,0.1343,0.1118,0.08971,0.06876,0.04981,0.03363,0.02081,0.01157,0.005633
pal0p1,atmos,308.0,0.2782,0.2764,0.2709,0.2619,0.2496,0.2341,0.2159,0.1954,0.173,0.1494,0.1252,0.1013,0.07836,0.05742,0.03929,0.02463,0.01379,0.006619
pal0p1,atmos,309.0,0.2774,0.2756,0.2691,0.2614,0.2493,0.2342,0.2163,0.1961,0.1741,0.1508,0.1268,0.103,0.08013,0.05909,0.04072,0.02571,0.01445,0.006886
pal0p1,atmos,310.0,0.253,0.2514,0.2466,0.2389,0.2282,0.2148,0.1989,0.181,0.1614,0.1405,0.119,0.09743,0.07657,0.05716,0.03996,0.02563,0.01457,0.006874
pal0p1,atmos,311.0,0.4128,0.4103,0.4027,0.3902,0.373,0.3514,0.3259,0.2969,0.2652,0.2314,0.1965,0.1615,0.1274,0.09558,0.0672,0.04336,0.02476,0.01164
pal0p1,atmos,312.0,0.3528,0.3506,0.3443,0.3338,0.3194,0.3013,0.2799,0.2555,0.2288,0.2003,0.1708,0.141,0.1119,0.08453,0.05994,0.03904,0.02247,0.01053
pal0p1,atmos,313.0,0.3779,0.3756,0.369,0.358,0.3428,0.3238,0.3013,0.2756,0.2474,0.2173,0.1859,0.1542,0.1231,0.09363,0.06695,0.04402,0.02556,0.01197
pal0p1,atmos,314.0,0.4063,0.4039,0.3968,0.3828,0.3672,0.3486,0.3246,0.2972,0.267,0.2348,0.2012,0.1672,0.1337,0.102,0.07317,0.04828,0.02812,0.01315
pal0p1,atmos,316.0,0.3916,0.3894,0.3827,0.3718,0.3567,0.3377,0.3151,0.2893,0.2609,0.2304,0.1985,0.1661,0.1339,0.1032,0.07492,0.05014,0.02963,0.01391
pal0p1,atmos,320.0,0.4713,0.4687,0.461,0.4482,0.4307,0.4086,0.3822,0.3522,0.3188,0.2829,0.2452,0.2066,0.1681,0.1309,0.09625,0.0654,0.03929,0.01859
pal0p1,atmos,325.0,0.5744,0.5714,0.5622,0.5472,0.5264,0.5002,0.469,0.4332,0.3935,0.3506,0.3053,0.2587,0.212,0.1664,0.1236,0.08498,0.05178,0.02479
pal0p1,atmos,330.0,0.6997,0.6961,0.6852,0.6672,0.6423,0.6109,0.5734,0.5305,0.4827,0.431,0.3763,0.3197,0.2628,0.2071,0.1545,0.1068,0.06546,0.03153
pal0p1,atmos,335.0,0.659,0.6557,0.6455,0.6288,0.6057,0.5765,0.5416,0.5016,0.457,0.4087,0.3574,0.3044,0.2508,0.1981,0.1481,0.1027,0.06317,0.03057
pal0p1,atmos,340.0,0.7137,0.7101,0.6993,0.6813,0.6565,0.6252,0.5877,0.5447,0.4968,0.4447,0.3894,0.332,0.2739,0.2167,0.1622,0.1125,0.06928,0.0336
pal0p1,atmos,345.0,0.7029,0.6994,0.6888,0.6712,0.647,0.6164,0.5798,0.5377,0.4907,0.4396,0.3854,0.3289,0.2716,0.2151,0.1611,0.1117,0.0688,0.03339
pal0p1,atmos,350.0,0.7358,0.7321,0.7211,0.7029,0.6777,0.6458,0.6078,0.5639,0.515,0.4617,0.405,0.346,0.2859,0.2265,0.1697,0.1176,0.07232,0.03509
pal0p1,atmos,355.0,0.7781,0.7743,0.7627,0.7436,0.7172,0.6837,0.6437,0.5976,0.5461,0.49,0.4301,0.3678,0.3042,0.2412,0.1807,0.1252,0.07692,0.03732
pal0p1,atmos,360.0,0.7119,0.7084,0.6979,0.6805,0.6565,0.6261,0.5897,0.5477,0.5008,0.4497,0.3951,0.3381,0.2799,0.222,0.1664,0.1152,0.07071,0.03429
pal0p1,atmos,365.0,0.9057,0.9013,0.888,0.866,0.8357,0.7972,0.7512,0.6981,0.6387,0.5738,0.5045,0.4321,0.358,0.2842,0.2131,0.1475,0.09039,0.04381
pal0p1,atmos,370.0,0.9422,0.9376,0.9239,0.9012,0.8698,0.8301,0.7824,0.7275,0.6659,0.5987,0.5268,0.4515,0.3744,0.2975,0.2231,0.1543,0.09446,0.04575
pal0p1,atmos,375.0,0.8517,0.8476,0.8352,0.8149,0.7867,0.7509,0.7081,0.6587,0.6033,0.5427,0.4779,0.4099,0.3402,0.2705,0.2029,0.1403,0.08577,0.0415
pal0p1,atmos,380.0,0.9796,0.9749,0.9608,0.9375,0.9052,0.8644,0.8154,0.7588,0.6954,0.6259,0.5516,0.4735,0.3933,0.3129,0.2349,0.1624,0.0991,0.0479
pal0p1,atmos,385.0,0.7389,0.7353,0.7248,0.7073,0.6831,0.6525,0.6157,0.5732,0.5256,0.4734,0.4174,0.3586,0.2981,0.2374,0.1783,0.1232,0.07509,0.03625
pal0p1,atmos,390.0,0.9653,0.9607,0.947,0.9243,0.8929,0.853,0.8052,0.75,0.688,0.62,0.5471,0.4704,0.3914,0.3119,0.2343,0.1619,0.09855,0.04751
pal0p1,atmos,395.0,0.7492,0.7456,0.735,0.7175,0.6933,0.6625,0.6256,0.5829,0.535,0.4824,0.426,0.3665,0.3052,0.2434,0.183,0.1264,0.07684,0.03699
pal0p1,atmos,400.0,1.391,1.385,1.365,1.333,1.288,1.231,1.163,1.084,0.9954,0.8981,0.7935,0.6833,0.5694,0.4545,0.3419,0.2362,0.1434,0.0689
pal0p1,atmos,405.0,1.419,1.412,1.393,1.36,1.314,1.257,1.187,1.107,1.017,0.9181,0.8117,0.6994,0.5833,0.466,0.3507,0.2423,0.1469,0.07047
pal0p1,atmos,410.0,1.464,1.457,1.437,1.403,1.356,1.297,1.226,1.143,1.051,0.9491,0.8396,0.7241,0.6044,0.4832,0.3639,0.2515,0.1522,0.07289
pal0p1,atmos,415.0,1.526,1.518,1.497,1.462,1.414,1.352,1.279,1.193,1.097,0.9913,0.8775,0.7572,0.6325,0.5061,0.3815,0.2636,0.1594,0.07617
pal0p1,atmos,420.0,1.54,1.533,1.512,1.477,1.428,1.366,1.292,1.206,1.109,1.003,0.8882,0.767,0.6412,0.5134,0.3873,0.2677,0.1617,0.0771
pal0p1,atmos,425.0,1.471,1.464,1.444,1.41,1.364,1.305,1.235,1.153,1.061,0.9594,0.8503,0.7347,0.6147,0.4926,0.3718,0.2571,0.1551,0.07379
pal0p1,atmos,430.0,1.357,1.351,1.332,1.301,1.259,1.205,1.14,1.065,0.9801,0.8869,0.7864,0.68,0.5693,0.4566,0.3449,0.2386,0.1438,0.06825
pal0p1,atmos,435.0,1.575,1.568,1.547,1.511,1.462,1.4,1.324,1.237,1.139,1.032,0.9152,0.7918,0.6634,0.5325,0.4026,0.2785,0.1678,0.07941
pal0p1,atmos,440.0,1.621,1.613,1.592,1.555,1.505,1.441,1.364,1.274,1.174,1.063,0.9438,0.8171,0.685,0.5503,0.4163,0.2882,0.1734,0.08186
pal0p1,atmos,445.0,1.741,1.733,1.71,1.671,1.617,1.548,1.466,1.37,1.263,1.144,1.016,0.8801,0.7384,0.5937,0.4495,0.3112,0.1871,0.0881
pal0p1,atmos,450.0,1.852,1.844,1.819,1.777,1.72,1.648,1.56,1.459,1.345,1.219,1.083,0.9387,0.7881,0.6341,0.4804,0.3328,0.2,0.09391
pal0p1,atmos,455.0,1.813,1.804,1.78,1.74,1.684,1.613,1.528,1.429,1.318,1.195,1.062,0.9211,0.7739,0.6231,0.4725,0.3275,0.1966,0.09208
pal0p1,atmos,460.0,1.866,1.857,1.833,1.791,1.734,1.661,1.574,1.472,1.358,1.232,1.095,0.9504,0.7989,0.6437,0.4884,0.3386,0.2031,0.0948
pal0p1,atmos,465.0,1.845,1.837,1.812,1.771,1.715,1.643,1.557,1.457,1.344,1.22,1.085,0.942,0.7924,0.6389,0.4852,0.3366,0.2018,0.09394
pal0p1,atmos,470.0,1.835,1.827,1.802,1.762,1.706,1.635,1.55,1.45,1.338,1.215,1.081,0.9392,0.7905,0.6378,0.4847,0.3364,0.2016,0.09359
pal0p1,atmos,475.0,1.857,1.848,1.824,1.783,1.727,1.655,1.569,1.469,1.356,1.231,1.096,0.9524,0.8021,0.6476,0.4925,0.342,0.2049,0.09482
pal0p1,atmos,480.0,1.911,1.902,1.877,1.835,1.777,1.704,1.615,1.512,1.396,1.268,1.129,0.9818,0.8272,0.6682,0.5084,0.3531,0.2113,0.09738
pal0p1,atmos,485.0,1.736,1.728,1.705,1.667,1.615,1.548,1.468,1.375,1.27,1.153,1.028,0.8938,0.7534,0.609,0.4637,0.3223,0.1928,0.08857
pal0p1,atmos,490.0,1.808,1.8,1.776,1.737,1.682,1.613,1.529,1.433,1.323,1.203,1.072,0.9328,0.7868,0.6364,0.4849,0.3373,0.2017,0.09245
pal0p1,atmos,495.0,1.842,1.834,1.809,1.77,1.714,1.644,1.559,1.46,1.349,1.227,1.094,0.9521,0.8035,0.6503,0.4958,0.345,0.2063,0.09426
pal0p1,atmos,500.0,1.757,1.749,1.726,1.688,1.636,1.569,1.488,1.394,1.288,1.171,1.045,0.9097,0.768,0.6218,0.4743,0.3301,0.1972,0.08971
pal0p1,atmos,505.0,1.786,1.778,1.755,1.716,1.663,1.595,1.513,1.418,1.31,1.192,1.063,0.9258,0.7818,0.6332,0.4831,0.3362,0.2006,0.09081
pal0p1,atmos,510.0,1.771,1.763,1.74,1.702,1.649,1.582,1.501,1.407,1.3,1.183,1.056,0.9197,0.777,0.6298,0.4809,0.3349,0.1999,0.09026
pal0p1,atmos,515.0,1.642,1.635,1.613,1.578,1.529,1.467,1.392,1.305,1.206,1.098,0.9799,0.8541,0.722,0.5854,0.4473,0.3117,0.186,0.08377
pal0p1,atmos,520.0,1.688,1.681,1.659,1.623,1.573,1.509,1.432,1.342,1.241,1.13,1.009,0.8795,0.7437,0.6033,0.4612,0.3216,0.1918,0.08607
pal0p1,atmos,525.0,1.694,1.687,1.665,1.629,1.578,1.514,1.437,1.348,1.246,1.135,1.013,0.8836,0.7474,0.6065,0.4638,0.3234,0.1927,0.08608
pal0p1,atmos,530.0,1.786,1.778,1.755,1.717,1.663,1.596,1.515,1.421,1.314,1.196,1.068,0.9319,0.7883,0.6398,0.4893,0.3411,0.203,0.0902
pal0p1,atmos,535.0,1.731,1.723,1.701,1.664,1.613,1.547,1.469,1.377,1.274,1.16,1.037,0.9043,0.7653,0.6214,0.4754,0.3315,0.1972,0.08731
pal0p1,atmos,540.0,1.732,1.725,1.703,1.666,1.614,1.549,1.471,1.379,1.276,1.162,1.039,0.9064,0.7674,0.6234,0.4772,0.333,0.1981,0.08747
pal0p1,atmos,545.0,1.758,1.75,1.728,1.69,1.638,1.572,1.493,1.4,1.296,1.18,1.055,0.9209,0.7798,0.6337,0.4853,0.3387,0.2014,0.0886
pal0p1,atmos,550.0,1.764,1.756,1.733,1.696,1.644,1.578,1.498,1.405,1.301,1.185,1.059,0.9248,0.7833,0.6368,0.4879,0.3406,0.2025,0.08879
pal0p1,atmos,555.0,1.751,1.743,1.721,1.684,1.632,1.566,1.487,1.396,1.292,1.177,1.053,0.9193,0.779,0.6336,0.4857,0.3393,0.2017,0.08808
pal0p1,atmos,560.0,1.707,1.7,1.678,1.642,1.591,1.527,1.45,1.361,1.26,1.148,1.027,0.8969,0.7602,0.6184,0.4741,0.3311,0.1967,0.0855
pal0p1,atmos,565.0,1.71,1.703,1.681,1.645,1.594,1.53,1.453,1.364,1.263,1.151,1.029,0.8991,0.7621,0.62,0.4754,0.332,0.197,0.08523
pal0p1,atmos,570.0,1.701,1.693,1.672,1.636,1.586,1.522,1.446,1.357,1.256,1.145,1.024,0.8948,0.7586,0.6173,0.4734,0.3307,0.1961,0.08453
pal0p1,atmos,575.0,1.73,1.722,1.7,1.664,1.613,1.548,1.47,1.38,1.278,1.165,1.042,0.9109,0.7725,0.6288,0.4825,0.3371,0.1999,0.08595
pal0p1,atmos,580.0,1.701,1.694,1.672,1.636,1.586,1.523,1.447,1.358,1.258,1.147,1.026,0.8972,0.7612,0.62,0.4761,0.333,0.1977,0.08494
pal0p1,atmos,585.0,1.702,1.694,1.673,1.637,1.587,1.524,1.448,1.359,1.259,1.148,1.028,0.8988,0.7629,0.6218,0.4778,0.3346,0.1988,0.08541
pal0p1,atmos,590.0,1.642,1.635,1.614,1.579,1.531,1.47,1.397,1.312,1.215,1.108,0.9924,0.8682,0.7372,0.6011,0.4621,0.3238,0.1925,0.08259
pal0p1,atmos,595.0,1.675,1.668,1.646,1.611,1.562,1.5,1.425,1.338,1.24,1.131,1.013,0.8862,0.7526,0.6138,0.472,0.3307,0.1966,0.08403
pal0p1,atmos,600.0,1.635,1.628,1.607,1.573,1.525,1.465,1.392,1.307,1.211,1.105,0.989,0.8654,0.735,0.5995,0.461,0.323,0.1918,0.08167
pal0p1,atmos,605.0,1.654,1.647,1.626,1.591,1.543,1.482,1.408,1.322,1.225,1.118,1.001,0.8762,0.7444,0.6074,0.4673,0.3276,0.1947,0.08275
pal0p1,atmos,610.0,1.632,1.625,1.604,1.57,1.523,1.462,1.39,1.305,1.21,1.104,0.9891,0.866,0.7361,0.601,0.4629,0.325,0.1934,0.08233
pal0p1,atmos,615.0,1.592,1.585,1.565,1.532,1.486,1.427,1.356,1.274,1.181,1.078,0.9662,0.8463,0.7198,0.5881,0.4534,0.3188,0.1901,0.08107
pal0p1,atmos,620.0,1.614,1.607,1.587,1.553,1.507,1.447,1.376,1.292,1.198,1.094,0.9808,0.8594,0.7313,0.5979,0.4613,0.3248,0.194,0.08284
pal0p1,atmos,625.0,1.579,1.572,1.552,1.519,1.474,1.416,1.346,1.265,1.173,1.071,0.9604,0.8418,0.7166,0.5862,0.4527,0.319,0.1909,0.08156
pal0p1,atmos,630.0,1.58,1.573,1.554,1.521,1.475,1.417,1.347,1.266,1.174,1.073,0.9622,0.8437,0.7185,0.5881,0.4545,0.3207,0.1921,0.08219
pal0p1,atmos,635.0,1.568,1.562,1.542,1.51,1.464,1.407,1.338,1.257,1.166,1.066,0.956,0.8385,0.7144,0.5851,0.4526,0.3197,0.1919,0.08218
pal0p1,atmos,640.0,1.549,1.543,1.523,1.491,1.447,1.39,1.322,1.243,1.153,1.054,0.9454,0.8295,0.7071,0.5794,0.4486,0.3172,0.1907,0.08181
pal0p1,atmos,644.8,1.54,1.533,1.514,1.482,1.438,1.382,1.314,1.235,1.146,1.048,0.9404,0.8254,0.7038,0.5771,0.4471,0.3165,0.1906,0.08185
pal0p1,atmos,651.05,1.52,1.513,1.494,1.463,1.419,1.364,1.297,1.22,1.132,1.035,0.9292,0.8159,0.696,0.571,0.4428,0.3138,0.1893,0.08138
pal0p1,atmos,660.0,1.441,1.435,1.417,1.387,1.346,1.294,1.231,1.158,1.075,0.9826,0.8825,0.7752,0.6618,0.5434,0.4219,0.2996,0.1811,0.07799
pal0p1,atmos,670.0,1.478,1.472,1.454,1.423,1.381,1.328,1.263,1.188,1.103,1.009,0.9067,0.7969,0.6808,0.5596,0.435,0.3094,0.1876,0.08095
pal0p1,atmos,680.0,1.45,1.444,1.426,1.397,1.356,1.303,1.24,1.167,1.083,0.9914,0.8911,0.7836,0.6698,0.551,0.4288,0.3056,0.1857,0.08027
pal0p1,atmos,690.0,1.429,1.423,1.405,1.376,1.336,1.284,1.222,1.15,1.068,0.9777,0.8791,0.7734,0.6614,0.5446,0.4243,0.3028,0.1844,0.07981
pal0p1,atmos,700.0,1.403,1.398,1.38,1.352,1.312,1.262,1.201,1.13,1.05,0.9613,0.8646,0.7609,0.6512,0.5365,0.4184,0.2991,0.1825,0.07911
pal0p1,atmos,710.0,1.37,1.364,1.348,1.32,1.281,1.232,1.173,1.104,1.026,0.9393,0.8451,0.744,0.637,0.5251,0.4099,0.2934,0.1793,0.07778
pal0p1,atmos,720.0,1.325,1.319,1.303,1.276,1.239,1.192,1.134,1.068,0.9924,0.9089,0.818,0.7204,0.617,0.509,0.3976,0.2849,0.1744,0.0757
pal0p1,atmos,730.0,1.294,1.288,1.273,1.246,1.21,1.164,1.108,1.043,0.9697,0.8883,0.7996,0.7044,0.6036,0.4982,0.3896,0.2795,0.1714,0.07444
pal0p1,kasting,120.7,0.0,0.0,0.0,0.0,0.0,0.0,0.0,0.0,0.0,0.0,0.0,0.0,0.0,0.0,0.0,0.0,0.0,0.0
pal0p1,kasting,121.65,0.0,0.0,0.0,0.0,0.0,0.0,0.0,0.0,0.0,0.0,0.0,0.0,0.0,0.0,0.0,0.0,0.0,0.0
pal0p1,kasting,122.1,0.0,0.0,0.0,0.0,0.0,0.0,0.0,0.0,0.0,0.0,0.0,0.0,0.0,0.0,0.0,0.0,0.0,0.0
pal0p1,kasting,122.7,0.0,0.0,0.0,0.0,0.0,0.0,0.0,0.0,0.0,0.0,0.0,0.0,0.0,0.0,0.0,0.0,0.0,0.0
pal0p1,kasting,123.45,0.0,0.0,0.0,0.0,0.0,0.0,0.0,0.0,0.0,0.0,0.0,0.0,0.0,0.0,0.0,0.0,0.0,0.0
pal0p1,kasting,124.2,0.0,0.0,0.0,0.0,0.0,0.0,0.0,0.0,0.0,0.0,0.0,0.0,0.0,0.0,0.0,0.0,0.0,0.0
pal0p1,kasting,125.0,0.0,0.0,0.0,0.0,0.0,0.0,0.0,0.0,0.0,0.0,0.0,0.0,0.0,0.0,0.0,0.0,0.0,0.0
pal0p1,kasting,125.8,0.0,0.0,0.0,0.0,0.0,0.0,0.0,0.0,0.0,0.0,0.0,0.0,0.0,0.0,0.0,0.0,0.0,0.0
pal0p1,kasting,126.6,0.0,0.0,0.0,0.0,0.0,0.0,0.0,0.0,0.0,0.0,0.0,0.0,0.0,0.0,0.0,0.0,0.0,0.0
pal0p1,kasting,127.8,0.0,0.0,0.0,0.0,0.0,0.0,0.0,0.0,0.0,0.0,0.0,0.0,0.0,0.0,0.0,0.0,0.0,0.0
pal0p1,kasting,129.0,0.0,0.0,0.0,0.0,0.0,0.0,0.0,0.0,0.0,0.0,0.0,0.0,0.0,0.0,0.0,0.0,0.0,0.0
pal0p1,kasting,129.85,0.0,0.0,0.0,0.0,0.0,0.0,0.0,0.0,0.0,0.0,0.0,0.0,0.0,0.0,0.0,0.0,0.0,0.0
pal0p1,kasting,131.15,0.0,0.0,0.0,0.0,0.0,0.0,0.0,0.0,0.0,0.0,0.0,0.0,0.0,0.0,0.0,0.0,0.0,0.0
pal0p1,kasting,133.5,0.0,0.0,0.0,0.0,0.0,0.0,0.0,0.0,0.0,0.0,0.0,0.0,0.0,0.0,0.0,0.0,0.0,0.0
pal0p1,kasting,136.0,0.0,0.0,0.0,0.0,0.0,0.0,0.0,0.0,0.0,0.0,0.0,0.0,0.0,0.0,0.0,0.0,0.0,0.0
pal0p1,kasting,141.0,0.0,0.0,0.0,0.0,0.0,0.0,0.0,0.0,0.0,0.0,0.0,0.0,0.0,0.0,0.0,0.0,0.0,0.0
pal0p1,kasting,150.0,0.0,0.0,0.0,0.0,0.0,0.0,0.0,0.0,0.0,0.0,0.0,0.0,0.0,0.0,0.0,0.0,0.0,0.0
pal0p1,kasting,160.0,0.0,0.0,0.0,0.0,0.0,0.0,0.0,0.0,0.0,0.0,0.0,0.0,0.0,0.0,0.0,0.0,0.0,0.0
pal0p1,kasting,167.5,0.0,0.0,0.0,0.0,0.0,0.0,0.0,0.0,0.0,0.0,0.0,0.0,0.0,0.0,0.0,0.0,0.0,0.0
pal0p1,kasting,172.7,0.0,0.0,0.0,0.0,0.0,0.0,0.0,0.0,0.0,0.0,0.0,0.0,0.0,0.0,0.0,0.0,0.0,0.0
pal0p1,kasting,176.2,0.0,0.0,0.0,0.0,0.0,0.0,0.0,0.0,0.0,0.0,0.0,0.0,0.0,0.0,0.0,0.0,0.0,0.0
pal0p1,kasting,177.8,0.0,0.0,0.0,0.0,0.0,0.0,0.0,0.0,0.0,0.0,0.0,0.0,0.0,0.0,0.0,0.0,0.0,0.0
pal0p1,kasting,179.4,0.0,0.0,0.0,0.0,0.0,0.0,0.0,0.0,0.0,0.0,0.0,0.0,0.0,0.0,0.0,0.0,0.0,0.0
pal0p1,kasting,181.0,0.0,0.0,0.0,0.0,0.0,0.0,0.0,0.0,0.0,0.0,0.0,0.0,0.0,0.0,0.0,0.0,0.0,0.0
pal0p1,kasting,182.65,0.0,0.0,0.0,0.0,0.0,0.0,0.0,0.0,0.0,0.0,0.0,0.0,0.0,0.0,0.0,0.0,0.0,0.0
pal0p1,kasting,184.35,0.0,0.0,0.0,0.0,0.0,0.0,0.0,0.0,0.0,0.0,0.0,0.0,0.0,0.0,0.0,0.0,0.0,0.0
pal0p1,kasting,186.05,0.0,0.0,0.0,0.0,0.0,0.0,0.0,0.0,0.0,0.0,0.0,0.0,0.0,0.0,0.0,0.0,0.0,0.0
pal0p1,kasting,187.8,0.0,0.0,0.0,0.0,0.0,0.0,0.0,0.0,0.0,0.0,0.0,0.0,0.0,0.0,0.0,0.0,0.0,0.0
pal0p1,kasting,189.6,0.0,0.0,0.0,0.0,0.0,0.0,0.0,0.0,0.0,0.0,0.0,0.0,0.0,0.0,0.0,0.0,0.0,0.0
pal0p1,kasting,191.4,0.0,0.0,0.0,0.0,0.0,0.0,0.0,0.0,0.0,0.0,0.0,0.0,0.0,0.0,0.0,0.0,0.0,0.0
pal0p1,kasting,193.25,0.0,0.0,0.0,0.0,0.0,0.0,0.0,0.0,0.0,0.0,0.0,0.0,0.0,0.0,0.0,0.0,0.0,0.0
pal0p1,kasting,195.15,0.0,0.0,0.0,0.0,0.0,0.0,0.0,0.0,0.0,0.0,0.0,0.0,0.0,0.0,0.0,0.0,0.0,0.0
pal0p1,kasting,197.05,0.0,0.0,0.0,0.0,0.0,0.0,0.0,0.0,0.0,0.0,0.0,0.0,0.0,0.0,0.0,0.0,0.0,0.0
pal0p1,kasting,199.0,0.0,0.0,0.0,0.0,0.0,0.0,0.0,0.0,0.0,0.0,0.0,0.0,0.0,0.0,0.0,0.0,0.0,0.0
pal0p1,kasting,201.0,0.0,0.0,0.0,0.0,0.0,0.0,0.0,0.0,0.0,0.0,0.0,0.0,0.0,0.0,0.0,0.0,0.0,0.0
pal0p1,kasting,203.05,0.0,0.0,0.0,0.0,0.0,0.0,0.0,0.0,0.0,0.0,0.0,0.0,0.0,0.0,0.0,0.0,0.0,0.0
pal0p1,kasting,205.15,0.0,0.0,0.0,0.0,0.0,0.0,0.0,0.0,0.0,0.0,0.0,0.0,0.0,0.0,0.0,0.0,0.0,0.0
pal0p1,kasting,207.2665,1.92e-19,1.651e-19,1.045e-19,4.78e-20,1.534e-20,3.3e-21,4.454e-22,3.444e-23,1.357e-24,2.434e-26,2.845e-28,2.483e-29,9.858e-30,5.3e-30,3.117e-30,1.852e-30,1.037e-30,4.804e-31
pal0p1,kasting,209.4295,2.159e-18,1.87e-18,1.21e-18,5.75e-19,1.951e-19,4.525e-20,6.739e-21,5.917e-22,2.742e-23,6.059e-25,9.035e-27,8.397e-28,3.326e-28,1.789e-28,1.054e-28,6.272e-29,3.516e-29,1.631e-29
pal0p1,kasting,211.646,3.339e-17,2.918e-17,1.939e-17,9.643e-18,3.496e-18,8.87e-19,1.486e-19,1.52e-20,8.562e-22,2.44e-23,4.965e-25,5.148e-26,2.046e-26,1.103e-26,6.521e-27,3.894e-27,2.189e-27,1.018e-27
pal0p1,kasting,213.91,2.221e-16,1.955e-16,1.326e-16,6.83e-17,2.607e-17,7.091e-18,1.302e-18,1.496e-19,9.804e-21,3.391e-22,8.608e-24,9.431e-25,3.724e-25,2.01e-25,1.191e-25,7.14e-26,4.03e-26,1.881e-26
pal0p1,kasting,216.2225,1.442e-15,1.278e-15,8.868e-16,4.751e-16,1.919e-16,5.638e-17,1.145e-17,1.5e-18,1.162e-19,4.998e-21,1.638e-22,1.941e-23,7.629e-24,4.122e-24,2.455e-24,1.48e-24,8.404e-25,3.944e-25
pal0p1,kasting,218.5855,1.909e-14,1.708e-14,1.218e-14,6.844e-15,2.962e-15,9.559e-16,2.196e-16,3.374e-17,3.215e-18,1.813e-19,8.236e-21,1.107e-21,4.35e-22,2.359e-22,1.416e-22,8.611e-23,4.935e-23,2.337e-23
pal0p1,kasting,221.001,1.333e-13,1.202e-13,8.765e-14,5.115e-14,2.341e-14,8.148e-15,2.068e-15,3.614e-16,4.068e-17,2.85e-18,1.615e-19,2.395e-20,9.311e-21,5.051e-21,3.055e-21,1.877e-21,1.088e-21,5.215e-22
pal0p1,kasting,223.4705,1.033e-12,9.379e-13,6.988e-13,4.229e-13,2.041e-13,7.635e-14,2.13e-14,4.21e-15,5.557e-16,4.786e-17,3.475e-18,5.362e-19,2.05e-19,1.112e-19,6.782e-20,4.221e-20,2.482e-20,1.209e-20
pal0p1,kasting,225.996,6.368e-12,5.826e-12,4.448e-12,2.807e-12,1.44e-12,5.854e-13,1.822e-13,4.154e-14,6.6e-15,7.225e-16,6.804e-17,1.146e-17,4.311e-18,2.338e-18,1.443e-18,9.125e-19,5.47e-19,2.723e-19
pal0p1,kasting,228.579,3.624e-11,3.338e-11,2.601e-11,1.699e-11,9.172e-12,3.998e-12,1.364e-12,3.503e-13,6.495e-14,8.637e-15,9.87e-16,1.741e-16,6.361e-17,3.441e-17,2.15e-17,1.384e-17,8.479e-18,4.339e-18
pal0p1,kasting,231.2215,1.409e-10,1.305e-10,1.033e-10,6.931e-11,3.891e-11,1.789e-11,6.552e-12,1.844e-12,3.842e-13,5.881e-14,7.604e-15,1.347e-15,4.721e-16,2.543e-16,1.609e-16,1.054e-16,6.603e-17,3.482e-17
pal0p1,kasting,233.926,3.198e-10,2.973e-10,2.383e-10,1.635e-10,9.471e-11,4.547e-11,1.762e-11,5.329e-12,1.216e-12,2.064e-13,2.885e-14,4.997e-15,1.663e-15,8.92e-16,5.716e-16,3.811e-16,2.442e-16,1.329e-16
pal0p1,kasting,236.6945,9.267e-10,8.645e-10,7.004e-10,4.893e-10,2.912e-10,1.449e-10,5.886e-11,1.89e-11,4.635e-12,8.515e-13,1.253e-13,2.083e-14,6.538e-15,3.494e-15,2.268e-15,1.538e-15,1.008e-15,5.672e-16
pal0p1,kasting,239.5295,5.92e-09,5.568e-09,4.624e-09,3.371e-09,2.133e-09,1.154e-09,5.226e-10,1.926e-10,5.596e-11,1.249e-11,2.206e-12,3.927e-13,1.189e-13,6.338e-14,4.187e-14,2.907e-14,1.965e-14,1.162e-14
pal0p1,kasting,242.433,1.3e-07,1.235e-07,1.057e-07,8.105e-08,5.522e-08,3.297e-08,1.693e-08,7.294e-09,2.555e-09,7.047e-10,1.525e-10,3.02e-11,8.93e-12,4.734e-12,3.186e-12,2.269e-12,1.59e-12,9.997e-13
pal0p1,kasting,245.408,4.414e-08,4.176e-08,3.531e-08,2.653e-08,1.753e-08,1.004e-08,4.885e-09,1.96e-09,6.262e-10,1.53e-10,2.823e-11,4.649e-12,1.25e-12,6.622e-13,4.477e-13,3.2e-13,2.253e-13,1.428e-13
pal0p1,kasting,248.457,1.856e-08,1.75e-08,1.465e-08,1.082e-08,6.97e-09,3.857e-09,1.792e-09,6.776e-10,2.003e-10,4.417e-11,7.104e-12,9.923e-13,2.45e-13,1.298e-13,8.801e-14,6.307e-14,4.457e-14,2.842e-14
pal0p1,kasting,251.5825,1.138e-08,1.071e-08,8.12e-09,6.524e-09,4.148e-09,2.253e-09,1.021e-09,3.738e-10,1.059e-10,2.204e-11,3.27e-12,4.108e-13,9.519e-14,5.023e-14,3.409e-14,2.445e-14,1.731e-14,1.109e-14
pal0p1,kasting,254.7875,1.371e-08,1.29e-08,1.072e-08,7.813e-09,4.941e-09,2.665e-09,1.197e-09,4.323e-10,1.202e-10,2.44e-11,3.481e-12,4.111e-13,9.073e-14,4.755e-14,3.225e-14,2.313e-14,1.639e-14,1.052e-14
pal0p1,kasting,258.075,3.942e-08,3.714e-08,3.101e-08,2.28e-08,1.46e-08,8.002e-09,3.669e-09,1.361e-09,3.912e-10,8.259e-11,1.232e-11,1.502e-12,3.261e-13,1.683e-13,1.137e-13,8.141e-14,5.763e-14,3.699e-14
pal0p1,kasting,261.449,6.53e-08,6.171e-08,5.199e-08,3.88e-08,2.539e-08,1.434e-08,6.834e-09,2.663e-09,8.142e-10,1.857e-10,3.04e-11,4.047e-12,8.829e-13,4.461e-13,2.994e-13,2.137e-13,1.509e-13,9.668e-14
pal0p1,kasting,264.9125,5.829e-07,5.534e-07,4.727e-07,3.613e-07,2.448e-07,1.449e-07,7.337e-08,3.091e-08,1.043e-08,2.695e-09,5.149e-10,8.029e-11,1.822e-11,8.931e-12,5.93e-12,4.209e-12,2.96e-12,1.888e-12
pal0p1,kasting,268.4685,3.137e-06,2.997e-06,2.608e-06,2.058e-06,1.46e-06,9.198e-07,5.054e-07,2.364e-07,9.111e-08,2.785e-08,6.557e-09,1.277e-09,3.15e-10,1.483e-10,9.671e-11,6.808e-11,4.755e-11,3.009e-11
pal0p1,kasting,272.1215,1.729e-05,1.663e-05,1.477e-05,1.207e-05,9.015e-06,6.088e-06,3.662e-06,1.924e-06,8.597e-07,3.168e-07,9.407e-08,2.353e-08,6.561e-09,2.967e-09,1.88e-09,1.307e-09,9.044e-10,5.663e-10
pal0p1,kasting,275.8755,0.0001049,0.0001016,9.229e-05,7.831e-05,6.176e-05,4.49e-05,2.974e-05,1.768e-05,9.242e-06,4.152e-06,1.573e-06,5.141e-07,1.692e-07,7.467e-08,4.52e-08,3.081e-08,2.103e-08,1.297e-08
pal0p1,kasting,279.734,0.0004146,0.0004044,0.0003748,0.0003293,0.0002732,0.0002127,0.0001541,0.0001027,6.207e-05,3.343e-05,1.582e-05,6.611e-06,2.621e-06,1.176e-06,6.716e-07,4.431e-07,2.966e-07,1.794e-07
pal0p1,kasting,283.702,0.003937,0.003862,0.003644,0.003302,0.002865,0.002369,0.001856,0.001367,0.0009367,0.00059,0.0003376,0.0001747,8.37e-05,4.034e-05,2.198e-05,1.375e-05,8.934e-06,5.263e-06
pal0p1,kasting,287.7845,0.01962,0.01933,0.01851,0.01719,0.01545,0.0134,0.01118,0.008906,0.006737,0.004794,0.00318,0.001949,0.001106,0.0005965,0.0003257,0.0001919,0.0001188,6.746e-05
pal0p1,kasting,291.9865,0.08177,0.08088,0.07825,0.07399,0.06827,0.06135,0.05354,0.0452,0.03673,0.02855,0.02106,0.01464,0.009511,0.005784,0.003351,0.001923,0.001118,0.0006023
pal0p1,kasting,296.309,0.142,0.1408,0.1372,0.1313,0.1233,0.1134,0.102,0.08944,0.07618,0.06275,0.04969,0.03754,0.02685,0.01804,0.01133,0.006689,0.003739,0.001885
pal0p1,kasting,300.5,0.1817,0.1804,0.1765,0.1701,0.1614,0.1505,0.1378,0.1221,0.1082,0.09218,0.07606,0.06039,0.04579,0.03285,0.02204,0.01366,0.007669,0.003677
pal0p1,kasting,303.0,0.2869,0.285,0.2794,0.27,0.2569,0.2413,0.2225,0.2013,0.1783,0.154,0.1292,0.1047,0.08135,0.06001,0.04152,0.02647,0.01509,0.007125
pal0p1,kasting,304.0,0.2759,0.2741,0.2688,0.26,0.248,0.2329,0.2151,0.1951,0.1732,0.1501,0.1265,0.103,0.08048,0.05977,0.04167,0.02676,0.01532,0.007215
pal0p1,kasting,305.0,0.3205,0.3184,0.3101,0.3025,0.2888,0.2717,0.2516,0.2287,0.2038,0.1774,0.1502,0.1231,0.09688,0.07259,0.05111,0.03316,0.01914,0.008993
pal0p1,kasting,306.0,0.2716,0.2699,0.2649,0.2566,0.2452,0.231,0.2142,0.1951,0.1742,0.1521,0.1292,0.1063,0.08405,0.06334,0.04488,0.02931,0.017,0.007982
pal0p1,kasting,307.0,0.3132,0.3113,0.3056,0.2963,0.2834,0.2673,0.2482,0.2265,0.2028,0.1775,0.1513,0.125,0.09937,0.07534,0.05376,0.03538,0.02065,0.009698
pal0p1,kasting,308.0,0.332,0.33,0.3241,0.3143,0.3009,0.2841,0.2642,0.2415,0.2167,0.1901,0.1626,0.1349,0.1077,0.08214,0.059,0.0391,0.02296,0.01079
pal0p1,kasting,309.0,0.3259,0.324,0.3182,0.3087,0.2957,0.2794,0.26,0.2379,0.2137,0.1878,0.161,0.1338,0.1071,0.08194,0.05905,0.03928,0.02315,0.01089
pal0p1,kasting,310.0,0.2889,0.2872,0.2822,0.274,0.2626,0.2484,0.2315,0.2122,0.191,0.1684,0.1447,0.1208,0.09722,0.07478,0.05427,0.03639,0.02161,0.01019
pal0p1,kasting,311.0,0.4659,0.4632,0.4552,0.4421,0.4239,0.4011,0.374,0.3432,0.3093,0.2729,0.2349,0.1964,0.1584,0.1221,0.08886,0.05975,0.03558,0.0168
pal0p1,kasting,312.0,0.3915,0.3893,0.3827,0.3717,0.3566,0.3377,0.3152,0.2895,0.2612,0.2309,0.1991,0.1669,0.135,0.1044,0.07628,0.05153,0.03082,0.01459
pal0p1,kasting,313.0,0.4127,0.4104,0.4034,0.392,0.3763,0.3565,0.3331,0.3063,0.2767,0.2449,0.2117,0.1778,0.1442,0.1119,0.08208,0.0557,0.03348,0.01589
pal0p1,kasting,314.0,0.4408,0.4384,0.431,0.4189,0.4022,0.3812,0.3562,0.3277,0.2962,0.2624,0.227,0.1908,0.1549,0.1204,0.08843,0.06009,0.03618,0.01718
pal0p1,kasting,316.0,0.4152,0.4129,0.4061,0.3949,0.3794,0.3599,0.3368,0.3103,0.281,0.2495,0.2164,0.1825,0.1488,0.1162,0.08583,0.05871,0.0356,0.01699
pal0p1,kasting,320.0,0.4876,0.485,0.4772,0.4643,0.4465,0.4241,0.3974,0.3668,0.3329,0.2964,0.2579,0.2183,0.1787,0.1403,0.1042,0.07178,0.04385,0.02105
pal0p1,kasting,325.0,0.5835,0.5804,0.5712,0.5561,0.5352,0.5089,0.4774,0.4414,0.4014,0.3581,0.3125,0.2654,0.218,0.1718,0.1282,0.08875,0.05454,0.02634
pal0p1,kasting,330.0,0.7052,0.7015,0.6906,0.6725,0.6476,0.6161,0.5785,0.5354,0.4875,0.4356,0.3806,0.3238,0.2666,0.2105,0.1574,0.1091,0.06721,0.03254
pal0p1,kasting,335.0,0.6611,0.6577,0.6476,0.6309,0.6077,0.5785,0.5436,0.5035,0.4588,0.4104,0.3591,0.3059,0.2522,0.1994,0.1493,0.1036,0.06387,0.03098
pal0p1,kasting,340.0,0.7147,0.7111,0.7002,0.6823,0.6574,0.6261,0.5886,0.5456,0.4976,0.4455,0.3901,0.3327,0.2746,0.2173,0.1627,0.1129,0.06961,0.03379
pal0p1,kasting,345.0,0.7032,0.6997,0.6891,0.6716,0.6473,0.6167,0.5801,0.538,0.491,0.4399,0.3856,0.3292,0.2719,0.2153,0.1613,0.1119,0.06891,0.03346
pal0p1,kasting,350.0,0.7361,0.7324,0.7214,0.7032,0.678,0.6462,0.6081,0.5642,0.5153,0.462,0.4053,0.3462,0.2862,0.2267,0.1699,0.1177,0.07245,0.03516
pal0p1,kasting,355.0,0.7783,0.7744,0.7629,0.7438,0.7173,0.6839,0.6438,0.5977,0.5462,0.4901,0.4303,0.3679,0.3043,0.2413,0.1808,0.1252,0.07698,0.03735
pal0p1,kasting,360.0,0.7119,0.7084,0.6979,0.6806,0.6565,0.6261,0.5897,0.5478,0.5009,0.4497,0.3951,0.3381,0.2799,0.2221,0.1664,0.1152,0.07074,0.03431
pal0p1,kasting,365.0,0.9057,0.9013,0.888,0.8661,0.8357,0.7973,0.7512,0.6981,0.6387,0.5739,0.5046,0.4321,0.358,0.2842,0.2131,0.1475,0.09041,0.04382
pal0p1,kasting,370.0,0.9422,0.9376,0.9239,0.9012,0.8698,0.8301,0.7824,0.7275,0.666,0.5987,0.5268,0.4515,0.3744,0.2975,0.2231,0.1543,0.09447,0.04575
pal0p1,kasting,375.0,0.8516,0.8475,0.8352,0.8148,0.7866,0.7509,0.708,0.6586,0.6032,0.5427,0.4779,0.4099,0.3402,0.2705,0.2029,0.1403,0.08577,0.0415
pal0p1,kasting,380.0,0.9795,0.9748,0.9607,0.9374,0.9052,0.8643,0.8153,0.7587,0.6953,0.6259,0.5515,0.4735,0.3933,0.3129,0.2349,0.1623,0.09909,0.0479
pal0p1,kasting,385.0,0.7388,0.7353,0.7247,0.7073,0.6831,0.6524,0.6156,0.5732,0.5255,0.4734,0.4174,0.3586,0.2981,0.2374,0.1782,0.1232,0.07508,0.03625
pal0p1,kasting,390.0,0.9652,0.9606,0.9469,0.9242,0.8928,0.853,0.8052,0.7499,0.6879,0.62,0.5471,0.4704,0.3914,0.3119,0.2343,0.1619,0.09854,0.04751
pal0p1,kasting,395.0,0.7491,0.7456,0.735,0.7175,0.6932,0.6625,0.6255,0.5829,0.5349,0.4824,0.4259,0.3665,0.3052,0.2434,0.183,0.1264,0.07683,0.03699
pal0p1,kasting,400.0,1.391,1.385,1.365,1.333,1.288,1.231,1.163,1.084,0.9953,0.8981,0.7935,0.6833,0.5694,0.4545,0.3419,0.2362,0.1434,0.0689
pal0p1,kasting,405.0,1.419,1.412,1.393,1.36,1.314,1.257,1.187,1.107,1.017,0.9181,0.8117,0.6994,0.5834,0.466,0.3508,0.2423,0.1469,0.07048
pal0p1,kasting,410.0,1.464,1.457,1.437,1.403,1.356,1.297,1.226,1.143,1.051,0.9491,0.8397,0.7241,0.6044,0.4832,0.3639,0.2515,0.1523,0.07291
pal0p1,kasting,415.0,1.526,1.519,1.497,1.462,1.414,1.352,1.279,1.193,1.097,0.9913,0.8775,0.7572,0.6326,0.5061,0.3815,0.2636,0.1594,0.07619
pal0p1,kasting,420.0,1.54,1.533,1.512,1.477,1.428,1.366,1.292,1.206,1.109,1.003,0.8883,0.767,0.6412,0.5135,0.3873,0.2677,0.1617,0.07712
pal0p1,kasting,425.0,1.471,1.464,1.444,1.41,1.364,1.305,1.235,1.153,1.061,0.9595,0.8504,0.7348,0.6148,0.4927,0.3719,0.2571,0.1552,0.07383
pal0p1,kasting,430.0,1.357,1.351,1.332,1.302,1.259,1.205,1.14,1.065,0.9802,0.887,0.7865,0.6801,0.5694,0.4567,0.345,0.2386,0.1439,0.06829
pal0p1,kasting,435.0,1.575,1.568,1.547,1.511,1.462,1.4,1.325,1.238,1.14,1.032,0.9154,0.792,0.6636,0.5327,0.4027,0.2787,0.1678,0.07948
pal0p1,kasting,440.0,1.621,1.614,1.592,1.555,1.505,1.441,1.364,1.275,1.174,1.064,0.9441,0.8173,0.6853,0.5505,0.4165,0.2883,0.1735,0.08196
pal0p1,kasting,445.0,1.741,1.734,1.71,1.671,1.617,1.549,1.466,1.371,1.263,1.144,1.016,0.8805,0.7387,0.5939,0.4497,0.3115,0.1873,0.08824
pal0p1,kasting,450.0,1.852,1.844,1.819,1.778,1.721,1.648,1.561,1.459,1.345,1.219,1.083,0.9391,0.7885,0.6344,0.4808,0.3331,0.2002,0.09407
pal0p1,kasting,455.0,1.813,1.805,1.781,1.74,1.685,1.614,1.528,1.43,1.318,1.195,1.063,0.9216,0.7743,0.6235,0.4729,0.3278,0.1969,0.09227
pal0p1,kasting,460.0,1.867,1.858,1.833,1.792,1.735,1.662,1.575,1.473,1.359,1.233,1.096,0.9512,0.7996,0.6444,0.489,0.3392,0.2036,0.09512
pal0p1,kasting,465.0,1.846,1.837,1.813,1.772,1.716,1.644,1.558,1.458,1.345,1.221,1.086,0.9428,0.7931,0.6396,0.4858,0.3371,0.2023,0.09427
pal0p1,kasting,470.0,1.836,1.828,1.803,1.763,1.707,1.636,1.55,1.451,1.339,1.216,1.082,0.94,0.7913,0.6386,0.4854,0.3371,0.2021,0.09395
pal0p1,kasting,475.0,1.858,1.85,1.825,1.784,1.728,1.656,1.57,1.47,1.357,1.232,1.097,0.9534,0.803,0.6485,0.4933,0.3428,0.2055,0.09525
pal0p1,kasting,480.0,1.912,1.904,1.879,1.837,1.779,1.705,1.617,1.514,1.398,1.27,1.131,0.9834,0.8288,0.6697,0.5098,0.3543,0.2123,0.09808
pal0p1,kasting,485.0,1.738,1.73,1.707,1.669,1.617,1.55,1.47,1.376,1.271,1.155,1.029,0.8954,0.755,0.6105,0.4651,0.3235,0.1938,0.08927
pal0p1,kasting,490.0,1.81,1.802,1.778,1.739,1.684,1.615,1.531,1.435,1.325,1.205,1.074,0.9345,0.7884,0.6379,0.4863,0.3385,0.2028,0.09318
pal0p1,kasting,495.0,1.844,1.836,1.812,1.772,1.716,1.646,1.561,1.463,1.352,1.229,1.096,0.954,0.8053,0.6521,0.4975,0.3465,0.2075,0.09509
pal0p1,kasting,500.0,1.76,1.752,1.729,1.691,1.638,1.571,1.491,1.397,1.291,1.174,1.047,0.9122,0.7703,0.6241,0.4764,0.332,0.1987,0.09076
pal0p1,kasting,505.0,1.79,1.782,1.759,1.72,1.667,1.598,1.516,1.421,1.314,1.195,1.066,0.9291,0.785,0.6362,0.4859,0.3387,0.2027,0.09224
pal0p1,kasting,510.0,1.775,1.767,1.744,1.706,1.653,1.585,1.504,1.41,1.304,1.186,1.059,0.923,0.7802,0.6328,0.4836,0.3374,0.2019,0.09167
pal0p1,kasting,515.0,1.645,1.638,1.617,1.582,1.533,1.47,1.395,1.308,1.21,1.101,0.9832,0.8573,0.725,0.5883,0.45,0.3141,0.188,0.08514
pal0p1,kasting,520.0,1.692,1.685,1.663,1.627,1.577,1.513,1.436,1.346,1.245,1.134,1.012,0.8831,0.7472,0.6066,0.4643,0.3243,0.1941,0.08765
pal0p1,kasting,525.0,1.699,1.692,1.67,1.634,1.583,1.519,1.442,1.352,1.251,1.139,1.018,0.888,0.7516,0.6105,0.4675,0.3266,0.1954,0.08797
pal0p1,kasting,530.0,1.792,1.784,1.761,1.723,1.67,1.602,1.521,1.427,1.32,1.202,1.074,0.9374,0.7937,0.645,0.4941,0.3453,0.2065,0.09262
pal0p1,kasting,535.0,1.737,1.73,1.707,1.67,1.619,1.554,1.475,1.384,1.281,1.166,1.043,0.9102,0.7709,0.6267,0.4804,0.336,0.2009,0.08986
pal0p1,kasting,540.0,1.739,1.732,1.709,1.672,1.621,1.556,1.477,1.386,1.283,1.169,1.045,0.9124,0.7732,0.6289,0.4823,0.3376,0.2019,0.0901
pal0p1,kasting,545.0,1.765,1.758,1.735,1.698,1.646,1.58,1.5,1.407,1.303,1.187,1.062,0.9275,0.7862,0.6398,0.4909,0.3437,0.2056,0.09149
pal0p1,kasting,550.0,1.771,1.764,1.741,1.704,1.652,1.585,1.506,1.413,1.308,1.192,1.066,0.9318,0.7901,0.6433,0.4939,0.346,0.207,0.09188
pal0p1,kasting,555.0,1.759,1.751,1.729,1.692,1.64,1.575,1.495,1.404,1.3,1.185,1.06,0.9267,0.7862,0.6404,0.492,0.345,0.2064,0.09134
pal0p1,kasting,560.0,1.716,1.709,1.687,1.65,1.6,1.536,1.459,1.37,1.269,1.157,1.035,0.9049,0.7679,0.6258,0.4809,0.3373,0.2018,0.08902
pal0p1,kasting,565.0,1.72,1.713,1.691,1.654,1.604,1.54,1.463,1.373,1.272,1.16,1.038,0.9079,0.7707,0.6282,0.483,0.3389,0.2026,0.08914
pal0p1,kasting,570.0,1.711,1.704,1.682,1.646,1.596,1.532,1.456,1.367,1.266,1.155,1.034,0.9042,0.7677,0.626,0.4815,0.338,0.2021,0.08867
pal0p1,kasting,575.0,1.741,1.733,1.711,1.674,1.624,1.559,1.481,1.391,1.289,1.175,1.052,0.9208,0.782,0.6379,0.491,0.3448,0.2063,0.0903
pal0p1,kasting,580.0,1.711,1.704,1.682,1.647,1.597,1.533,1.457,1.368,1.268,1.157,1.036,0.9066,0.7703,0.6287,0.4842,0.3403,0.2037,0.08911
pal0p1,kasting,585.0,1.712,1.704,1.683,1.647,1.597,1.534,1.457,1.369,1.269,1.158,1.037,0.9078,0.7717,0.6301,0.4856,0.3416,0.2047,0.08945
pal0p1,kasting,590.0,1.651,1.644,1.623,1.589,1.541,1.48,1.406,1.321,1.224,1.118,1.001,0.8769,0.7456,0.6091,0.4697,0.3306,0.1982,0.0865
pal0p1,kasting,595.0,1.685,1.678,1.657,1.622,1.573,1.511,1.436,1.349,1.25,1.141,1.023,0.8957,0.7618,0.6225,0.4802,0.3382,0.2027,0.08827
pal0p1,kasting,600.0,1.646,1.639,1.618,1.584,1.536,1.475,1.402,1.317,1.221,1.115,0.9992,0.8754,0.7447,0.6087,0.4697,0.3308,0.1983,0.08614
pal0p1,kasting,605.0,1.665,1.658,1.637,1.602,1.554,1.493,1.419,1.333,1.236,1.128,1.012,0.8864,0.7543,0.6168,0.4761,0.3356,0.2013,0.08732
pal0p1,kasting,610.0,1.642,1.635,1.614,1.58,1.533,1.472,1.4,1.315,1.22,1.114,0.9987,0.8754,0.7452,0.6097,0.471,0.3323,0.1996,0.08657
pal0p1,kasting,615.0,1.601,1.594,1.574,1.541,1.495,1.436,1.365,1.283,1.19,1.087,0.9748,0.8547,0.7279,0.5959,0.4607,0.3254,0.1956,0.08489
pal0p1,kasting,620.0,1.623,1.616,1.596,1.562,1.515,1.456,1.384,1.301,1.207,1.102,0.9888,0.8673,0.7389,0.6052,0.4682,0.331,0.1993,0.08647
pal0p1,kasting,625.0,1.587,1.58,1.56,1.527,1.482,1.424,1.354,1.272,1.18,1.079,0.9678,0.849,0.7236,0.5929,0.459,0.3248,0.1957,0.08492
pal0p1,kasting,630.0,1.587,1.581,1.561,1.528,1.483,1.425,1.355,1.273,1.182,1.08,0.9691,0.8504,0.725,0.5944,0.4604,0.3261,0.1967,0.08535
pal0p1,kasting,635.0,1.575,1.568,1.549,1.516,1.471,1.414,1.344,1.264,1.173,1.072,0.9623,0.8447,0.7204,0.5909,0.458,0.3246,0.196,0.08508
pal0p1,kasting,640.0,1.555,1.549,1.529,1.497,1.453,1.396,1.328,1.249,1.159,1.059,0.9511,0.8351,0.7124,0.5846,0.4534,0.3217,0.1945,0.08443
pal0p1,kasting,644.8,1.545,1.539,1.519,1.488,1.443,1.387,1.32,1.241,1.152,1.053,0.9456,0.8304,0.7087,0.5818,0.4515,0.3206,0.194,0.08425
pal0p1,kasting,651.05,1.524,1.518,1.499,1.468,1.424,1.369,1.302,1.225,1.137,1.04,0.9338,0.8204,0.7004,0.5753,0.4468,0.3175,0.1924,0.08355
pal0p1,kasting,660.0,1.445,1.439,1.421,1.391,1.35,1.298,1.235,1.161,1.078,0.9864,0.8862,0.7789,0.6653,0.5469,0.4251,0.3025,0.1836,0.07977
pal0p1,kasting,670.0,1.481,1.475,1.457,1.427,1.384,1.331,1.266,1.191,1.106,1.012,0.9098,0.7999,0.6837,0.5624,0.4377,0.3119,0.1897,0.08245
pal0p1,kasting,680.0,1.453,1.447,1.429,1.399,1.358,1.306,1.243,1.169,1.086,0.9939,0.8936,0.786,0.6722,0.5533,0.431,0.3076,0.1874,0.08148
pal0p1,kasting,690.0,1.431,1.425,1.407,1.378,1.338,1.286,1.224,1.152,1.07,0.9797,0.8811,0.7753,0.6634,0.5464,0.426,0.3044,0.1858,0.08079
pal0p1,kasting,700.0,1.405,1.399,1.382,1.353,1.314,1.263,1.202,1.132,1.052,0.9628,0.8661,0.7624,0.6526,0.5379,0.4198,0.3003,0.1836,0.07987
pal0p1,kasting,710.0,1.371,1.366,1.349,1.321,1.283,1.233,1.174,1.105,1.027,0.9405,0.8463,0.7452,0.6382,0.5263,0.411,0.2944,0.1802,0.07841
pal0p1,kasting,720.0,1.326,1.32,1.304,1.277,1.24,1.193,1.135,1.069,0.9934,0.9099,0.819,0.7214,0.618,0.5099,0.3985,0.2857,0.1752,0.07621
pal0p1,kasting,730.0,1.294,1.289,1.273,1.247,1.211,1.165,1.109,1.044,0.9705,0.8891,0.8004,0.7052,0.6044,0.499,0.3902,0.2801,0.1719,0.07483
pal0p1,photochem,120.7,0.0,0.0,0.0,0.0,0.0,0.0,0.0,0.0,0.0,0.0,0.0,0.0,0.0,0.0,0.0,0.0,0.0,0.0
pal0p1,photochem,121.65,0.0,0.0,0.0,0.0,0.0,0.0,0.0,0.0,0.0,0.0,0.0,0.0,0.0,0.0,0.0,0.0,0.0,0.0
pal0p1,photochem,122.1,0.0,0.0,0.0,0.0,0.0,0.0,0.0,0.0,0.0,0.0,0.0,0.0,0.0,0.0,0.0,0.0,0.0,0.0
pal0p1,photochem,122.7,0.0,0.0,0.0,0.0,0.0,0.0,0.0,0.0,0.0,0.0,0.0,0.0,0.0,0.0,0.0,0.0,0.0,0.0
pal0p1,photochem,123.45,0.0,0.0,0.0,0.0,0.0,0.0,0.0,0.0,0.0,0.0,0.0,0.0,0.0,0.0,0.0,0.0,0.0,0.0
pal0p1,photochem,124.2,0.0,0.0,0.0,0.0,0.0,0.0,0.0,0.0,0.0,0.0,0.0,0.0,0.0,0.0,0.0,0.0,0.0,0.0
pal0p1,photochem,125.0,0.0,0.0,0.0,0.0,0.0,0.0,0.0,0.0,0.0,0.0,0.0,0.0,0.0,0.0,0.0,0.0,0.0,0.0
pal0p1,photochem,125.8,0.0,0.0,0.0,0.0,0.0,0.0,0.0,0.0,0.0,0.0,0.0,0.0,0.0,0.0,0.0,0.0,0.0,0.0
pal0p1,photochem,126.6,0.0,0.0,0.0,0.0,0.0,0.0,0.0,0.0,0.0,0.0,0.0,0.0,0.0,0.0,0.0,0.0,0.0,0.0
pal0p1,photochem,127.8,0.0,0.0,0.0,0.0,0.0,0.0,0.0,0.0,0.0,0.0,0.0,0.0,0.0,0.0,0.0,0.0,0.0,0.0
pal0p1,photochem,129.0,0.0,0.0,0.0,0.0,0.0,0.0,0.0,0.0,0.0,0.0,0.0,0.0,0.0,0.0,0.0,0.0,0.0,0.0
pal0p1,photochem,129.85,0.0,0.0,0.0,0.0,0.0,0.0,0.0,0.0,0.0,0.0,0.0,0.0,0.0,0.0,0.0,0.0,0.0,0.0
pal0p1,photochem,131.15,0.0,0.0,0.0,0.0,0.0,0.0,0.0,0.0,0.0,0.0,0.0,0.0,0.0,0.0,0.0,0.0,0.0,0.0
pal0p1,photochem,133.5,0.0,0.0,0.0,0.0,0.0,0.0,0.0,0.0,0.0,0.0,0.0,0.0,0.0,0.0,0.0,0.0,0.0,0.0
pal0p1,photochem,136.0,0.0,0.0,0.0,0.0,0.0,0.0,0.0,0.0,0.0,0.0,0.0,0.0,0.0,0.0,0.0,0.0,0.0,0.0
pal0p1,photochem,141.0,0.0,0.0,0.0,0.0,0.0,0.0,0.0,0.0,0.0,0.0,0.0,0.0,0.0,0.0,0.0,0.0,0.0,0.0
pal0p1,photochem,150.0,0.0,0.0,0.0,0.0,0.0,0.0,0.0,0.0,0.0,0.0,0.0,0.0,0.0,0.0,0.0,0.0,0.0,0.0
pal0p1,photochem,160.0,0.0,0.0,0.0,0.0,0.0,0.0,0.0,0.0,0.0,0.0,0.0,0.0,0.0,0.0,0.0,0.0,0.0,0.0
pal0p1,photochem,167.5,0.0,0.0,0.0,0.0,0.0,0.0,0.0,0.0,0.0,0.0,0.0,0.0,0.0,0.0,0.0,0.0,0.0,0.0
pal0p1,photochem,172.7,0.0,0.0,0.0,0.0,0.0,0.0,0.0,0.0,0.0,0.0,0.0,0.0,0.0,0.0,0.0,0.0,0.0,0.0
pal0p1,photochem,176.2,0.0,0.0,0.0,0.0,0.0,0.0,0.0,0.0,0.0,0.0,0.0,0.0,0.0,0.0,0.0,0.0,0.0,0.0
pal0p1,photochem,177.8,0.0,0.0,0.0,0.0,0.0,0.0,0.0,0.0,0.0,0.0,0.0,0.0,0.0,0.0,0.0,0.0,0.0,0.0
pal0p1,photochem,179.4,0.0,0.0,0.0,0.0,0.0,0.0,0.0,0.0,0.0,0.0,0.0,0.0,0.0,0.0,0.0,0.0,0.0,0.0
pal0p1,photochem,181.0,0.0,0.0,0.0,0.0,0.0,0.0,0.0,0.0,0.0,0.0,0.0,0.0,0.0,0.0,0.0,0.0,0.0,0.0
pal0p1,photochem,182.65,0.0,0.0,0.0,0.0,0.0,0.0,0.0,0.0,0.0,0.0,0.0,0.0,0.0,0.0,0.0,0.0,0.0,0.0
pal0p1,photochem,184.35,0.0,0.0,0.0,0.0,0.0,0.0,0.0,0.0,0.0,0.0,0.0,0.0,0.0,0.0,0.0,0.0,0.0,0.0
pal0p1,photochem,186.05,0.0,0.0,0.0,0.0,0.0,0.0,0.0,0.0,0.0,0.0,0.0,0.0,0.0,0.0,0.0,0.0,0.0,0.0
pal0p1,photochem,187.8,0.0,0.0,0.0,0.0,0.0,0.0,0.0,0.0,0.0,0.0,0.0,0.0,0.0,0.0,0.0,0.0,0.0,0.0
pal0p1,photochem,189.6,0.0,0.0,0.0,0.0,0.0,0.0,0.0,0.0,0.0,0.0,0.0,0.0,0.0,0.0,0.0,0.0,0.0,0.0
pal0p1,photochem,191.4,0.0,0.0,0.0,0.0,0.0,0.0,0.0,0.0,0.0,0.0,0.0,0.0,0.0,0.0,0.0,0.0,0.0,0.0
pal0p1,photochem,193.25,0.0,0.0,0.0,0.0,0.0,0.0,0.0,0.0,0.0,0.0,0.0,0.0,0.0,0.0,0.0,0.0,0.0,0.0
pal0p1,photochem,195.15,0.0,0.0,0.0,0.0,0.0,0.0,0.0,0.0,0.0,0.0,0.0,0.0,0.0,0.0,0.0,0.0,0.0,0.0
pal0p1,photochem,197.05,0.0,0.0,0.0,0.0,0.0,0.0,0.0,0.0,0.0,0.0,0.0,0.0,0.0,0.0,0.0,0.0,0.0,0.0
pal0p1,photochem,199.0,0.0,0.0,0.0,0.0,0.0,0.0,0.0,0.0,0.0,0.0,0.0,0.0,0.0,0.0,0.0,0.0,0.0,0.0
pal0p1,photochem,201.0,0.0,0.0,0.0,0.0,0.0,0.0,0.0,0.0,0.0,0.0,0.0,0.0,0.0,0.0,0.0,0.0,0.0,0.0
pal0p1,photochem,203.05,0.0,0.0,0.0,0.0,0.0,0.0,0.0,0.0,0.0,0.0,0.0,0.0,0.0,0.0,0.0,0.0,0.0,0.0
pal0p1,photochem,205.15,0.0,0.0,0.0,0.0,0.0,0.0,0.0,0.0,0.0,0.0,0.0,0.0,0.0,0.0,0.0,0.0,0.0,0.0
pal0p1,photochem,207.2665,1.519e-19,1.306e-19,8.238e-20,3.752e-20,1.196e-20,2.55e-21,3.401e-22,2.59e-23,1e-24,1.75e-26,1.98e-28,1.651e-29,6.384e-30,3.418e-30,2.026e-30,1.218e-30,6.873e-31,3.198e-31
pal0p1,photochem,209.4295,1.611e-18,1.394e-18,8.989e-19,4.248e-19,1.429e-19,3.277e-20,4.809e-21,4.142e-22,1.873e-23,4.012e-25,5.74e-27,5.041e-28,1.929e-28,1.031e-28,6.135e-29,3.705e-29,2.101e-29,9.804e-30
pal0p1,photochem,211.646,2.293e-17,2.001e-17,1.324e-17,6.536e-18,2.344e-18,5.862e-19,9.637e-20,9.612e-21,5.249e-22,1.437e-23,2.773e-25,2.674e-26,1.015e-26,5.425e-27,3.246e-27,1.976e-27,1.129e-27,5.295e-28
pal0p1,photochem,213.91,1.362e-16,1.196e-16,8.068e-17,4.117e-17,1.549e-17,4.135e-18,7.404e-19,8.244e-20,5.185e-21,1.703e-22,4.033e-24,4.021e-25,1.494e-25,7.959e-26,4.793e-26,2.947e-26,1.7e-26,8.026e-27
pal0p1,photochem,216.2225,7.599e-16,6.721e-16,4.628e-16,2.448e-16,9.709e-17,2.783e-17,5.47e-18,6.871e-19,5.048e-20,2.028e-21,6.07e-23,6.361e-24,2.304e-24,1.223e-24,7.437e-25,4.635e-25,2.711e-25,1.293e-25
pal0p1,photochem,218.5855,8.251e-15,7.359e-15,5.198e-15,2.872e-15,1.213e-15,3.79e-16,8.344e-17,1.214e-17,1.078e-18,5.565e-20,2.244e-21,2.568e-22,9.049e-23,4.793e-23,2.953e-23,1.875e-23,1.118e-23,5.419e-24
pal0p1,photochem,221.001,4.504e-14,4.042e-14,2.912e-14,1.663e-14,7.378e-15,2.462e-15,5.914e-16,9.629e-17,9.904e-18,6.186e-19,3.077e-20,3.622e-21,1.221e-21,6.44e-22,4.031e-22,2.613e-22,1.591e-22,7.869e-23
pal0p1,photochem,223.4705,2.581e-13,2.33e-13,1.708e-13,1.006e-13,4.665e-14,1.654e-14,4.301e-15,7.765e-16,9.137e-17,6.795e-18,4.054e-19,4.801e-20,1.53e-20,8.045e-21,5.132e-21,3.404e-21,2.124e-21,1.077e-21
pal0p1,photochem,225.996,1.107e-12,1.006e-12,7.531e-13,4.591e-13,2.24e-13,8.509e-14,2.424e-14,4.932e-15,6.783e-16,5.888e-17,4.537e-18,5.477e-19,1.639e-19,8.62e-20,5.629e-20,3.833e-20,2.462e-20,1.29e-20
pal0p1,photochem,228.579,4.085e-12,3.732e-12,2.836e-12,1.775e-12,9.001e-13,3.605e-13,1.102e-13,2.456e-14,3.806e-15,4.023e-16,3.372e-17,3.926e-18,1.083e-18,5.727e-19,3.837e-19,2.682e-19,1.775e-19,9.644e-20
pal0p1,photochem,231.2215,9.827e-12,9.007e-12,6.914e-12,4.405e-12,2.292e-12,9.509e-13,3.045e-13,7.215e-14,1.208e-14,1.398e-15,1.239e-16,1.321e-17,3.32e-18,1.775e-18,1.219e-18,8.732e-19,5.937e-19,3.348e-19
pal0p1,photochem,233.926,1.319e-11,1.212e-11,9.365e-12,6.035e-12,3.193e-12,1.356e-12,4.476e-13,1.103e-13,1.702e-14,2.355e-15,2.094e-16,1.972e-17,4.475e-18,2.435e-18,1.713e-18,1.253e-18,8.741e-19,5.114e-19
pal0p1,photochem,236.6945,2.186e-11,2.011e-11,1.561e-11,1.014e-11,5.423e-12,2.337e-12,7.868e-13,1.987e-13,3.589e-14,4.445e-15,3.836e-16,3.113e-17,6.362e-18,3.54e-18,2.545e-18,1.898e-18,1.355e-18,8.224e-19
pal0p1,photochem,239.5295,7.862e-11,7.276e-11,5.753e-11,3.856e-11,2.16e-11,9.912e-12,3.619e-12,1.012e-12,2.065e-13,2.914e-14,2.761e-15,2.141e-16,4.006e-17,2.281e-17,1.68e-17,1.284e-17,9.477e-18,6.075e-18
pal0p1,photochem,242.433,1.019e-09,9.505e-10,7.699e-10,5.375e-10,3.193e-10,1.584e-10,6.38e-11,2.009e-11,4.701e-12,7.644e-13,8.088e-14,6.239e-15,1.081e-15,6.285e-16,4.737e-16,3.715e-16,2.845e-16,1.946e-16
pal0p1,photochem,245.408,2.083e-10,1.932e-10,1.537e-10,1.04e-10,5.911e-11,2.759e-11,1.026e-11,2.914e-12,5.968e-13,8.171e-14,6.901e-15,4.014e-16,6.239e-17,3.713e-17,2.815e-17,2.214e-17,1.7e-17,1.168e-17
pal0p1,photochem,248.457,5.689e-11,5.25e-11,4.114e-11,2.714e-11,1.485e-11,6.584e-12,2.289e-12,5.957e-13,1.09e-13,1.29e-14,8.983e-16,4.081e-17,5.773e-18,3.495e-18,2.66e-18,2.096e-18,1.612e-18,1.112e-18
pal0p1,photochem,251.5825,2.726e-11,2.509e-11,1.95e-11,1.268e-11,6.797e-12,2.93e-12,9.81e-13,2.433e-13,4.179e-14,4.552e-15,2.836e-16,1.107e-17,1.458e-18,8.885e-19,6.774e-19,5.343e-19,4.115e-19,2.847e-19
pal0p1,photochem,254.7875,2.938e-11,2.701e-11,2.092e-11,1.353e-11,7.192e-12,3.064e-12,1.01e-12,2.454e-13,4.103e-14,4.307e-15,2.548e-16,9.167e-18,1.14e-18,6.949e-19,5.3e-19,4.182e-19,3.224e-19,2.236e-19
pal0p1,photochem,258.075,9.925e-11,9.146e-11,7.132e-11,4.666e-11,2.521e-11,1.098e-11,3.727e-12,9.39e-13,1.643e-13,1.825e-14,1.156e-15,4.44e-17,5.371e-18,3.227e-18,2.456e-18,1.937e-18,1.494e-18,1.037e-18
pal0p1,photochem,261.449,2.256e-10,1.925e-10,1.648e-10,1.101e-10,6.136e-11,2.787e-11,9.984e-12,2.696e-12,5.149e-13,6.385e-14,4.64e-15,2.073e-16,2.49e-17,1.459e-17,1.106e-17,8.711e-18,6.717e-18,4.669e-18
pal0p1,photochem,264.9125,3.373e-09,3.14e-09,2.529e-09,1.748e-09,1.023e-09,4.967e-10,1.941e-10,5.854e-11,1.287e-11,1.908e-12,1.738e-13,1.007e-14,1.246e-15,6.974e-16,5.248e-16,4.123e-16,3.177e-16,2.209e-16
pal0p1,photochem,268.4685,3.636e-08,3.416e-08,2.825e-08,2.043e-08,1.277e-08,6.775e-09,2.973e-09,1.041e-09,2.765e-10,5.212e-11,6.447e-12,5.342e-13,7.192e-14,3.732e-14,2.77e-14,2.167e-14,1.667e-14,1.158e-14
pal0p1,photochem,272.1215,4.348e-07,4.124e-07,3.512e-07,2.671e-07,1.796e-07,1.052e-07,5.253e-08,2.17e-08,7.116e-09,1.754e-09,3.05e-10,3.775e-11,5.885e-12,2.743e-12,1.986e-12,1.542e-12,1.182e-12,8.198e-13
pal0p1,photochem,275.8755,5.998e-06,5.748e-06,5.051e-06,4.052e-06,2.945e-06,1.916e-06,1.097e-06,5.402e-07,2.216e-07,7.258e-08,1.811e-08,3.432e-09,6.708e-10,2.746e-10,1.889e-10,1.446e-10,1.102e-10,7.615e-11
pal0p1,photochem,279.734,5.042e-05,4.878e-05,4.412e-05,3.719e-05,2.904e-05,2.082e-05,1.354e-05,7.845e-06,3.957e-06,1.686e-06,5.814e-07,1.642e-07,4.235e-08,1.578e-08,9.842e-09,7.325e-09,5.519e-09,3.791e-09
pal0p1,photochem,283.702,0.0009201,0.0008976,0.0008327,0.000733,0.0006095,0.0004759,0.0003458,0.000231,0.0001396,7.468e-05,3.455e-05,1.359e-05,4.718e-06,1.778e-06,9.561e-07,6.68e-07,4.918e-07,3.339e-07
pal0p1,photochem,287.7845,0.007682,0.007545,0.007143,0.006509,0.005692,0.004757,0.003776,0.002825,0.001969,0.001261,0.0007298,0.000375,0.0001709,7.333e-05,3.529e-05,2.171e-05,1.518e-05,1.006e-05
pal0p1,photochem,291.9865,0.04656,0.04595,0.04416,0.04128,0.03746,0.03291,0.02788,0.02266,0.01753,0.01279,0.008698,0.005435,0.00308,0.001587,0.0007819,0.0004182,0.0002605,0.000164
pal0p1,photochem,296.309,0.1031,0.1021,0.09906,0.09418,0.0876,0.07955,0.07035,0.06036,0.05001,0.03974,0.03004,0.02137,0.01411,0.008546,0.004729,0.002471,0.001333,0.0007519
pal0p1,photochem,300.5,0.1513,0.1501,0.1465,0.1407,0.1328,0.1229,0.1115,0.0987,0.08508,0.07103,0.05709,0.0438,0.03173,0.0214,0.01323,0.007399,0.003795,0.001862
pal0p1,photochem,303.0,0.2522,0.2505,0.2452,0.2364,0.2244,0.2094,0.1918,0.172,0.1507,0.1283,0.1057,0.08363,0.06292,0.04445,0.02897,0.01705,0.00888,0.004087
pal0p1,photochem,304.0,0.2458,0.2441,0.239,0.2307,0.2192,0.205,0.1882,0.1693,0.1489,0.1274,0.1056,0.08414,0.06388,0.04562,0.03013,0.01797,0.009431,0.004283
pal0p1,photochem,305.0,0.2903,0.2883,0.2825,0.273,0.2599,0.2429,0.2243,0.2026,0.179,0.1541,0.1287,0.1035,0.07952,0.05762,0.03872,0.02355,0.01253,0.005615
pal0p1,photochem,306.0,0.2486,0.247,0.2422,0.2342,0.2232,0.2095,0.1934,0.1751,0.1552,0.1341,0.1125,0.09107,0.07048,0.05154,0.03503,0.02157,0.01159,0.005159
pal0p1,photochem,307.0,0.2901,0.2882,0.2827,0.2736,0.2612,0.2455,0.2271,0.2062,0.1834,0.1592,0.1342,0.1093,0.08529,0.063,0.04335,0.02708,0.01473,0.006534
pal0p1,photochem,308.0,0.3107,0.3088,0.303,0.2935,0.2804,0.264,0.2447,0.2227,0.1987,0.1731,0.1467,0.1202,0.09443,0.0704,0.04899,0.03102,0.0171,0.007577
pal0p1,photochem,309.0,0.3068,0.3049,0.2993,0.29,0.2773,0.2613,0.2424,0.221,0.1974,0.1724,0.1465,0.1204,0.095,0.07118,0.04984,0.03179,0.01765,0.007823
pal0p1,photochem,310.0,0.2749,0.2733,0.2684,0.2603,0.2491,0.2351,0.2186,0.1998,0.1791,0.157,0.134,0.1108,0.08811,0.06666,0.04724,0.03059,0.01726,0.007694
pal0p1,photochem,311.0,0.4453,0.4427,0.4348,0.4219,0.404,0.3816,0.355,0.3248,0.2915,0.256,0.219,0.1816,0.1448,0.11,0.0783,0.05099,0.02896,0.01294
pal0p1,photochem,312.0,0.3766,0.3744,0.3679,0.3571,0.3422,0.3235,0.3014,0.2761,0.2483,0.2185,0.1875,0.156,0.125,0.09542,0.06842,0.04496,0.0258,0.01159
pal0p1,photochem,313.0,0.3994,0.3971,0.3903,0.379,0.3635,0.3439,0.3207,0.2943,0.2651,0.2338,0.2012,0.168,0.1351,0.1037,0.0749,0.04964,0.02879,0.01303
pal0p1,photochem,314.0,0.4276,0.4252,0.4179,0.4059,0.3894,0.3686,0.3439,0.3158,0.2847,0.2514,0.2165,0.181,0.1459,0.1122,0.08122,0.054,0.03143,0.01426
pal0p1,photochem,316.0,0.4063,0.404,0.3973,0.3861,0.3708,0.3514,0.3285,0.3022,0.2732,0.242,0.2093,0.1758,0.1425,0.1105,0.08078,0.05439,0.03217,0.0148
pal0p1,photochem,320.0,0.4815,0.4789,0.4711,0.4583,0.4405,0.4182,0.3916,0.3612,0.3275,0.2911,0.2529,0.2136,0.1743,0.1363,0.1006,0.06864,0.0413,0.01936
pal0p1,photochem,325.0,0.5801,0.5771,0.5679,0.5528,0.5319,0.5056,0.4742,0.4383,0.3984,0.3552,0.3097,0.2627,0.2156,0.1695,0.1262,0.08694,0.05304,0.0253
pal0p1,photochem,330.0,0.7032,0.6995,0.6886,0.6705,0.6456,0.6141,0.5766,0.5335,0.4857,0.4338,0.3789,0.3222,0.2651,0.2091,0.1561,0.108,0.06627,0.03188
pal0p1,photochem,335.0,0.6604,0.657,0.6468,0.6301,0.607,0.5777,0.5428,0.5028,0.4582,0.4097,0.3584,0.3053,0.2516,0.1989,0.1488,0.1032,0.0635,0.03072
pal0p1,photochem,340.0,0.7144,0.7107,0.6999,0.6819,0.6571,0.6258,0.5883,0.5453,0.4973,0.4452,0.3899,0.3325,0.2743,0.217,0.1625,0.1127,0.06944,0.03367
pal0p1,photochem,345.0,0.7031,0.6996,0.689,0.6715,0.6472,0.6166,0.58,0.5379,0.4909,0.4398,0.3855,0.3291,0.2718,0.2152,0.1612,0.1118,0.06885,0.03342
pal0p1,photochem,350.0,0.736,0.7323,0.7213,0.7031,0.6779,0.646,0.6079,0.5641,0.5152,0.4619,0.4052,0.3461,0.2861,0.2267,0.1698,0.1177,0.07238,0.03511
pal0p1,photochem,355.0,0.7783,0.7744,0.7628,0.7437,0.7173,0.6838,0.6438,0.5977,0.5462,0.49,0.4302,0.3678,0.3043,0.2412,0.1808,0.1252,0.07695,0.03733
pal0p1,photochem,360.0,0.7119,0.7084,0.6979,0.6806,0.6565,0.6261,0.5897,0.5478,0.5009,0.4497,0.3951,0.3381,0.2799,0.2221,0.1664,0.1152,0.07073,0.0343
pal0p1,photochem,365.0,0.9057,0.9013,0.888,0.8661,0.8357,0.7972,0.7512,0.6981,0.6387,0.5738,0.5046,0.4321,0.358,0.2842,0.2131,0.1475,0.0904,0.04381
pal0p1,photochem,370.0,0.9423,0.9377,0.924,0.9013,0.8699,0.8301,0.7825,0.7275,0.666,0.5988,0.5269,0.4516,0.3745,0.2975,0.2231,0.1543,0.09447,0.04575
pal0p1,photochem,375.0,0.8517,0.8476,0.8353,0.8149,0.7867,0.751,0.7081,0.6587,0.6033,0.5428,0.4779,0.41,0.3403,0.2705,0.2029,0.1403,0.08578,0.04151
pal0p1,photochem,380.0,0.9796,0.9749,0.9609,0.9376,0.9053,0.8644,0.8154,0.7588,0.6954,0.626,0.5516,0.4735,0.3933,0.3129,0.2349,0.1624,0.09911,0.0479
pal0p1,photochem,385.0,0.739,0.7354,0.7249,0.7074,0.6832,0.6525,0.6158,0.5733,0.5256,0.4734,0.4175,0.3587,0.2982,0.2374,0.1783,0.1232,0.0751,0.03625
pal0p1,photochem,390.0,0.9654,0.9608,0.9471,0.9244,0.8929,0.8531,0.8053,0.75,0.688,0.6201,0.5472,0.4705,0.3914,0.3119,0.2343,0.1619,0.09856,0.04752
pal0p1,photochem,395.0,0.7492,0.7457,0.7351,0.7176,0.6933,0.6625,0.6256,0.5829,0.535,0.4824,0.426,0.3665,0.3052,0.2434,0.183,0.1264,0.07684,0.03699
pal0p1,photochem,400.0,1.391,1.385,1.365,1.333,1.288,1.231,1.163,1.084,0.9954,0.8981,0.7936,0.6833,0.5695,0.4545,0.3419,0.2362,0.1434,0.06891
pal0p1,photochem,405.0,1.419,1.413,1.393,1.36,1.314,1.257,1.187,1.107,1.017,0.9181,0.8117,0.6995,0.5834,0.466,0.3508,0.2424,0.1469,0.07048
pal0p1,photochem,410.0,1.464,1.457,1.437,1.403,1.356,1.297,1.226,1.143,1.051,0.9492,0.8397,0.7241,0.6044,0.4832,0.364,0.2515,0.1523,0.0729
pal0p1,photochem,415.0,1.526,1.519,1.497,1.462,1.414,1.353,1.279,1.193,1.097,0.9913,0.8775,0.7573,0.6326,0.5061,0.3815,0.2636,0.1594,0.07618
pal0p1,photochem,420.0,1.54,1.533,1.512,1.477,1.428,1.366,1.292,1.206,1.109,1.003,0.8883,0.767,0.6412,0.5135,0.3873,0.2677,0.1617,0.07711
pal0p1,photochem,425.0,1.471,1.464,1.444,1.41,1.364,1.305,1.235,1.153,1.061,0.9595,0.8503,0.7348,0.6147,0.4926,0.3719,0.2571,0.1551,0.0738
pal0p1,photochem,430.0,1.357,1.351,1.332,1.301,1.259,1.205,1.14,1.065,0.9801,0.887,0.7865,0.68,0.5694,0.4567,0.345,0.2386,0.1438,0.06827
pal0p1,photochem,435.0,1.575,1.568,1.547,1.511,1.462,1.4,1.325,1.238,1.14,1.032,0.9153,0.7919,0.6635,0.5326,0.4027,0.2786,0.1678,0.07944
pal0p1,photochem,440.0,1.621,1.614,1.592,1.555,1.505,1.441,1.364,1.275,1.174,1.063,0.944,0.8172,0.6852,0.5504,0.4164,0.2882,0.1735,0.0819
pal0p1,photochem,445.0,1.741,1.733,1.71,1.671,1.617,1.549,1.466,1.371,1.263,1.144,1.016,0.8803,0.7386,0.5938,0.4496,0.3113,0.1872,0.08816
pal0p1,photochem,450.0,1.852,1.844,1.819,1.778,1.72,1.648,1.56,1.459,1.345,1.219,1.083,0.9389,0.7883,0.6343,0.4806,0.333,0.2001,0.09398
pal0p1,photochem,455.0,1.813,1.805,1.78,1.74,1.684,1.614,1.528,1.429,1.318,1.195,1.062,0.9214,0.7741,0.6233,0.4727,0.3277,0.1968,0.09217
pal0p1,photochem,460.0,1.866,1.858,1.833,1.792,1.735,1.662,1.574,1.473,1.358,1.232,1.096,0.9508,0.7993,0.6441,0.4887,0.3389,0.2034,0.09495
pal0p1,photochem,465.0,1.845,1.837,1.813,1.772,1.715,1.644,1.557,1.457,1.345,1.22,1.086,0.9425,0.7928,0.6393,0.4855,0.3369,0.2021,0.09409
pal0p1,photochem,470.0,1.835,1.827,1.803,1.763,1.707,1.636,1.55,1.451,1.339,1.215,1.082,0.9397,0.7909,0.6382,0.4851,0.3368,0.2019,0.09376
pal0p1,photochem,475.0,1.857,1.849,1.825,1.784,1.727,1.656,1.569,1.469,1.356,1.232,1.097,0.953,0.8026,0.6481,0.493,0.3424,0.2052,0.09502
pal0p1,photochem,480.0,1.912,1.903,1.878,1.836,1.778,1.705,1.616,1.513,1.397,1.269,1.13,0.9827,0.8281,0.669,0.5092,0.3538,0.2118,0.09771
pal0p1,photochem,485.0,1.737,1.729,1.706,1.668,1.616,1.549,1.469,1.376,1.271,1.154,1.029,0.8947,0.7543,0.6098,0.4644,0.3229,0.1933,0.0889
pal0p1,photochem,490.0,1.809,1.801,1.777,1.738,1.683,1.614,1.531,1.434,1.324,1.204,1.073,0.9338,0.7877,0.6373,0.4857,0.338,0.2023,0.0928
pal0p1,photochem,495.0,1.843,1.835,1.811,1.771,1.715,1.645,1.56,1.462,1.351,1.228,1.095,0.9532,0.8045,0.6513,0.4967,0.3458,0.2069,0.09466
pal0p1,photochem,500.0,1.759,1.751,1.728,1.69,1.637,1.57,1.489,1.396,1.29,1.173,1.046,0.9111,0.7693,0.6231,0.4755,0.3311,0.198,0.09022
pal0p1,photochem,505.0,1.788,1.78,1.757,1.719,1.665,1.597,1.515,1.42,1.312,1.194,1.065,0.9277,0.7836,0.6349,0.4847,0.3376,0.2017,0.09151
pal0p1,photochem,510.0,1.773,1.765,1.742,1.704,1.651,1.584,1.503,1.409,1.302,1.185,1.058,0.9216,0.7788,0.6315,0.4824,0.3363,0.201,0.09095
pal0p1,photochem,515.0,1.644,1.637,1.616,1.58,1.531,1.469,1.394,1.307,1.208,1.1,0.9818,0.8559,0.7237,0.5871,0.4488,0.3131,0.1871,0.08444
pal0p1,photochem,520.0,1.691,1.683,1.661,1.625,1.575,1.511,1.434,1.345,1.244,1.132,1.011,0.8815,0.7456,0.6052,0.4629,0.3231,0.193,0.08685
pal0p1,photochem,525.0,1.697,1.69,1.668,1.632,1.581,1.517,1.44,1.35,1.249,1.137,1.016,0.8861,0.7497,0.6087,0.4658,0.3252,0.1942,0.08702
pal0p1,photochem,530.0,1.789,1.781,1.758,1.72,1.667,1.6,1.518,1.424,1.317,1.2,1.072,0.935,0.7914,0.6427,0.492,0.3435,0.2049,0.09141
pal0p1,photochem,535.0,1.734,1.727,1.705,1.668,1.616,1.551,1.472,1.381,1.278,1.164,1.04,0.9076,0.7685,0.6244,0.4782,0.334,0.1992,0.08858
pal0p1,photochem,540.0,1.736,1.729,1.706,1.669,1.618,1.553,1.474,1.383,1.28,1.166,1.042,0.9098,0.7706,0.6265,0.4801,0.3355,0.2002,0.08879
pal0p1,photochem,545.0,1.762,1.755,1.732,1.695,1.643,1.577,1.497,1.404,1.3,1.184,1.059,0.9246,0.7834,0.6371,0.4884,0.3415,0.2037,0.09006
pal0p1,photochem,550.0,1.768,1.76,1.738,1.7,1.648,1.582,1.502,1.41,1.305,1.189,1.063,0.9288,0.7872,0.6404,0.4912,0.3436,0.2049,0.09035
pal0p1,photochem,555.0,1.755,1.748,1.725,1.688,1.637,1.571,1.492,1.4,1.296,1.182,1.057,0.9235,0.783,0.6374,0.4892,0.3424,0.2042,0.08973
pal0p1,photochem,560.0,1.712,1.705,1.683,1.647,1.596,1.532,1.455,1.366,1.265,1.153,1.031,0.9015,0.7645,0.6225,0.4779,0.3346,0.1994,0.08729
pal0p1,photochem,565.0,1.716,1.708,1.687,1.65,1.6,1.536,1.459,1.369,1.268,1.156,1.034,0.9041,0.7669,0.6246,0.4796,0.3358,0.2001,0.08722
pal0p1,photochem,570.0,1.707,1.699,1.678,1.642,1.592,1.528,1.451,1.362,1.262,1.15,1.029,0.9001,0.7637,0.6222,0.4779,0.3347,0.1994,0.08665
pal0p1,photochem,575.0,1.736,1.728,1.706,1.67,1.619,1.554,1.477,1.386,1.284,1.171,1.048,0.9165,0.7779,0.634,0.4872,0.3414,0.2034,0.08818
pal0p1,photochem,580.0,1.707,1.7,1.678,1.642,1.592,1.529,1.452,1.364,1.263,1.152,1.032,0.9025,0.7663,0.6249,0.4806,0.3371,0.201,0.08709
pal0p1,photochem,585.0,1.707,1.7,1.678,1.643,1.593,1.529,1.453,1.365,1.264,1.153,1.033,0.9039,0.7679,0.6265,0.4822,0.3385,0.202,0.0875
pal0p1,photochem,590.0,1.647,1.64,1.619,1.585,1.537,1.476,1.402,1.317,1.22,1.114,0.9975,0.8731,0.7419,0.6056,0.4663,0.3276,0.1956,0.08462
pal0p1,photochem,595.0,1.681,1.674,1.652,1.617,1.568,1.506,1.431,1.344,1.246,1.137,1.018,0.8916,0.7578,0.6187,0.4766,0.3349,0.1999,0.08623
pal0p1,photochem,600.0,1.641,1.634,1.613,1.579,1.531,1.471,1.398,1.313,1.217,1.11,0.9948,0.8711,0.7405,0.6047,0.4659,0.3274,0.1954,0.084
pal0p1,photochem,605.0,1.66,1.653,1.632,1.597,1.549,1.488,1.414,1.328,1.231,1.124,1.007,0.882,0.75,0.6127,0.4723,0.3321,0.1983,0.08513
pal0p1,photochem,610.0,1.638,1.631,1.61,1.576,1.528,1.468,1.395,1.311,1.215,1.11,0.9945,0.8713,0.7412,0.6059,0.4674,0.3291,0.1968,0.08455
pal0p1,photochem,615.0,1.597,1.59,1.57,1.537,1.491,1.432,1.361,1.279,1.186,1.083,0.9711,0.8511,0.7244,0.5925,0.4575,0.3224,0.1932,0.08308
pal0p1,photochem,620.0,1.619,1.612,1.592,1.558,1.511,1.452,1.38,1.297,1.203,1.099,0.9854,0.8639,0.7356,0.602,0.4652,0.3282,0.1969,0.08476
pal0p1,photochem,625.0,1.583,1.577,1.557,1.524,1.478,1.42,1.35,1.269,1.177,1.075,0.9646,0.8459,0.7205,0.59,0.4562,0.3222,0.1935,0.08334
pal0p1,photochem,630.0,1.584,1.578,1.558,1.525,1.479,1.421,1.352,1.27,1.179,1.077,0.9661,0.8475,0.7222,0.5916,0.4578,0.3237,0.1946,0.08387
pal0p1,photochem,635.0,1.572,1.565,1.546,1.513,1.468,1.411,1.342,1.261,1.17,1.069,0.9595,0.842,0.7178,0.5883,0.4556,0.3224,0.1942,0.08373
pal0p1,photochem,640.0,1.553,1.546,1.527,1.495,1.45,1.394,1.325,1.246,1.156,1.057,0.9486,0.8327,0.7101,0.5823,0.4513,0.3197,0.1928,0.08321
pal0p1,photochem,644.8,1.543,1.536,1.517,1.485,1.441,1.385,1.317,1.238,1.149,1.051,0.9434,0.8283,0.7066,0.5798,0.4496,0.3188,0.1925,0.08314
pal0p1,photochem,651.05,1.522,1.516,1.497,1.466,1.422,1.367,1.3,1.223,1.135,1.038,0.9318,0.8184,0.6985,0.5734,0.445,0.3159,0.191,0.08255
pal0p1,photochem,660.0,1.443,1.437,1.419,1.39,1.349,1.296,1.233,1.16,1.077,0.9847,0.8846,0.7773,0.6638,0.5454,0.4237,0.3012,0.1825,0.07895
pal0p1,photochem,670.0,1.48,1.474,1.455,1.425,1.383,1.329,1.265,1.19,1.105,1.011,0.9085,0.7986,0.6824,0.5612,0.4365,0.3108,0.1888,0.08176
pal0p1,photochem,680.0,1.452,1.446,1.428,1.398,1.357,1.305,1.241,1.168,1.085,0.9928,0.8925,0.785,0.6711,0.5523,0.4301,0.3067,0.1866,0.08093
pal0p1,photochem,690.0,1.43,1.424,1.407,1.377,1.337,1.285,1.223,1.151,1.069,0.9789,0.8803,0.7745,0.6625,0.5456,0.4253,0.3037,0.1852,0.08034
pal0p1,photochem,700.0,1.404,1.399,1.381,1.353,1.313,1.263,1.202,1.131,1.051,0.9621,0.8655,0.7618,0.652,0.5373,0.4192,0.2998,0.1831,0.07953
pal0p1,photochem,710.0,1.371,1.365,1.348,1.321,1.282,1.233,1.173,1.105,1.026,0.94,0.8458,0.7447,0.6376,0.5258,0.4105,0.2939,0.1798,0.07813
pal0p1,photochem,720.0,1.325,1.32,1.304,1.277,1.24,1.192,1.135,1.068,0.993,0.9095,0.8185,0.7209,0.6176,0.5095,0.3981,0.2854,0.1748,0.07598
pal0p1,photochem,730.0,1.294,1.289,1.273,1.247,1.211,1.164,1.108,1.044,0.9701,0.8887,0.8,0.7049,0.6041,0.4986,0.3899,0.2798,0.1717,0.07466
pal0p1,vulcan,120.7,0.0,0.0,0.0,0.0,0.0,0.0,0.0,0.0,0.0,0.0,0.0,0.0,0.0,0.0,0.0,0.0,0.0,0.0
pal0p1,vulcan,121.65,0.0,0.0,0.0,0.0,0.0,0.0,0.0,0.0,0.0,0.0,0.0,0.0,0.0,0.0,0.0,0.0,0.0,0.0
pal0p1,vulcan,122.1,0.0,0.0,0.0,0.0,0.0,0.0,0.0,0.0,0.0,0.0,0.0,0.0,0.0,0.0,0.0,0.0,0.0,0.0
pal0p1,vulcan,122.7,0.0,0.0,0.0,0.0,0.0,0.0,0.0,0.0,0.0,0.0,0.0,0.0,0.0,0.0,0.0,0.0,0.0,0.0
pal0p1,vulcan,123.45,0.0,0.0,0.0,0.0,0.0,0.0,0.0,0.0,0.0,0.0,0.0,0.0,0.0,0.0,0.0,0.0,0.0,0.0
pal0p1,vulcan,124.2,0.0,0.0,0.0,0.0,0.0,0.0,0.0,0.0,0.0,0.0,0.0,0.0,0.0,0.0,0.0,0.0,0.0,0.0
pal0p1,vulcan,125.0,0.0,0.0,0.0,0.0,0.0,0.0,0.0,0.0,0.0,0.0,0.0,0.0,0.0,0.0,0.0,0.0,0.0,0.0
pal0p1,vulcan,125.8,0.0,0.0,0.0,0.0,0.0,0.0,0.0,0.0,0.0,0.0,0.0,0.0,0.0,0.0,0.0,0.0,0.0,0.0
pal0p1,vulcan,126.6,0.0,0.0,0.0,0.0,0.0,0.0,0.0,0.0,0.0,0.0,0.0,0.0,0.0,0.0,0.0,0.0,0.0,0.0
pal0p1,vulcan,127.8,0.0,0.0,0.0,0.0,0.0,0.0,0.0,0.0,0.0,0.0,0.0,0.0,0.0,0.0,0.0,0.0,0.0,0.0
pal0p1,vulcan,129.0,0.0,0.0,0.0,0.0,0.0,0.0,0.0,0.0,0.0,0.0,0.0,0.0,0.0,0.0,0.0,0.0,0.0,0.0
pal0p1,vulcan,129.85,0.0,0.0,0.0,0.0,0.0,0.0,0.0,0.0,0.0,0.0,0.0,0.0,0.0,0.0,0.0,0.0,0.0,0.0
pal0p1,vulcan,131.15,0.0,0.0,0.0,0.0,0.0,0.0,0.0,0.0,0.0,0.0,0.0,0.0,0.0,0.0,0.0,0.0,0.0,0.0
pal0p1,vulcan,133.5,0.0,0.0,0.0,0.0,0.0,0.0,0.0,0.0,0.0,0.0,0.0,0.0,0.0,0.0,0.0,0.0,0.0,0.0
pal0p1,vulcan,136.0,0.0,0.0,0.0,0.0,0.0,0.0,0.0,0.0,0.0,0.0,0.0,0.0,0.0,0.0,0.0,0.0,0.0,0.0
pal0p1,vulcan,141.0,0.0,0.0,0.0,0.0,0.0,0.0,0.0,0.0,0.0,0.0,0.0,0.0,0.0,0.0,0.0,0.0,0.0,0.0
pal0p1,vulcan,150.0,0.0,0.0,0.0,0.0,0.0,0.0,0.0,0.0,0.0,0.0,0.0,0.0,0.0,0.0,0.0,0.0,0.0,0.0
pal0p1,vulcan,160.0,0.0,0.0,0.0,0.0,0.0,0.0,0.0,0.0,0.0,0.0,0.0,0.0,0.0,0.0,0.0,0.0,0.0,0.0
pal0p1,vulcan,167.5,0.0,0.0,0.0,0.0,0.0,0.0,0.0,0.0,0.0,0.0,0.0,0.0,0.0,0.0,0.0,0.0,0.0,0.0
pal0p1,vulcan,172.7,0.0,0.0,0.0,0.0,0.0,0.0,0.0,0.0,0.0,0.0,0.0,0.0,0.0,0.0,0.0,0.0,0.0,0.0
pal0p1,vulcan,176.2,0.0,0.0,0.0,0.0,0.0,0.0,0.0,0.0,0.0,0.0,0.0,0.0,0.0,0.0,0.0,0.0,0.0,0.0
pal0p1,vulcan,177.8,0.0,0.0,0.0,0.0,0.0,0.0,0.0,0.0,0.0,0.0,0.0,0.0,0.0,0.0,0.0,0.0,0.0,0.0
pal0p1,vulcan,179.4,0.0,0.0,0.0,0.0,0.0,0.0,0.0,0.0,0.0,0.0,0.0,0.0,0.0,0.0,0.0,0.0,0.0,0.0
pal0p1,vulcan,181.0,0.0,0.0,0.0,0.0,0.0,0.0,0.0,0.0,0.0,0.0,0.0,0.0,0.0,0.0,0.0,0.0,0.0,0.0
pal0p1,vulcan,182.65,0.0,0.0,0.0,0.0,0.0,0.0,0.0,0.0,0.0,0.0,0.0,0.0,0.0,0.0,0.0,0.0,0.0,0.0
pal0p1,vulcan,184.35,0.0,0.0,0.0,0.0,0.0,0.0,0.0,0.0,0.0,0.0,0.0,0.0,0.0,0.0,0.0,0.0,0.0,0.0
pal0p1,vulcan,186.05,0.0,0.0,0.0,0.0,0.0,0.0,0.0,0.0,0.0,0.0,0.0,0.0,0.0,0.0,0.0,0.0,0.0,0.0
pal0p1,vulcan,187.8,0.0,0.0,0.0,0.0,0.0,0.0,0.0,0.0,0.0,0.0,0.0,0.0,0.0,0.0,0.0,0.0,0.0,0.0
pal0p1,vulcan,189.6,0.0,0.0,0.0,0.0,0.0,0.0,0.0,0.0,0.0,0.0,0.0,0.0,0.0,0.0,0.0,0.0,0.0,0.0
pal0p1,vulcan,191.4,0.0,0.0,0.0,0.0,0.0,0.0,0.0,0.0,0.0,0.0,0.0,0.0,0.0,0.0,0.0,0.0,0.0,0.0
pal0p1,vulcan,193.25,0.0,0.0,0.0,0.0,0.0,0.0,0.0,0.0,0.0,0.0,0.0,0.0,0.0,0.0,0.0,0.0,0.0,0.0
pal0p1,vulcan,195.15,0.0,0.0,0.0,0.0,0.0,0.0,0.0,0.0,0.0,0.0,0.0,0.0,0.0,0.0,0.0,0.0,0.0,0.0
pal0p1,vulcan,197.05,0.0,0.0,0.0,0.0,0.0,0.0,0.0,0.0,0.0,0.0,0.0,0.0,0.0,0.0,0.0,0.0,0.0,0.0
pal0p1,vulcan,199.0,0.0,0.0,0.0,0.0,0.0,0.0,0.0,0.0,0.0,0.0,0.0,0.0,0.0,0.0,0.0,0.0,0.0,0.0
pal0p1,vulcan,201.0,0.0,0.0,0.0,0.0,0.0,0.0,0.0,0.0,0.0,0.0,0.0,0.0,0.0,0.0,0.0,0.0,0.0,0.0
pal0p1,vulcan,203.05,0.0,0.0,0.0,0.0,0.0,0.0,0.0,0.0,0.0,0.0,0.0,0.0,0.0,0.0,0.0,0.0,0.0,0.0
pal0p1,vulcan,205.15,0.0,0.0,0.0,0.0,0.0,0.0,0.0,0.0,0.0,0.0,0.0,0.0,0.0,0.0,0.0,0.0,0.0,0.0
pal0p1,vulcan,207.2665,2.135e-19,1.837e-19,1.163e-19,5.334e-20,1.717e-20,3.71e-21,5.034e-22,3.921e-23,1.558e-24,2.829e-26,3.372e-28,2.986e-29,1.188e-29,6.402e-30,3.773e-30,2.242e-30,1.253e-30,5.79e-31
pal0p1,vulcan,209.4295,2.465e-18,2.137e-18,1.384e-18,6.597e-19,2.247e-19,5.238e-20,7.854e-21,6.957e-22,3.26e-23,7.316e-25,1.117e-26,1.057e-27,4.199e-28,2.266e-28,1.339e-28,7.971e-29,4.458e-29,2.061e-29
pal0p1,vulcan,211.646,3.96e-17,3.463e-17,2.305e-17,1.15e-17,4.192e-18,1.071e-18,1.81e-19,1.871e-20,1.07e-21,3.11e-23,6.528e-25,6.926e-26,2.762e-26,1.496e-26,8.875e-27,5.305e-27,2.974e-27,1.376e-27
pal0p1,vulcan,213.91,2.775e-16,2.444e-16,1.661e-16,8.598e-17,3.303e-17,9.062e-18,1.683e-18,1.963e-19,1.311e-20,4.655e-22,1.23e-23,1.388e-24,5.508e-25,2.988e-25,1.781e-25,1.07e-25,6.017e-26,2.788e-26
pal0p1,vulcan,216.2225,1.929e-15,1.712e-15,1.192e-15,6.421e-16,2.616e-16,7.773e-17,1.603e-17,2.14e-18,1.701e-19,7.57e-21,2.614e-22,3.22e-23,1.273e-23,6.931e-24,4.16e-24,2.516e-24,1.423e-24,6.613e-25
pal0p1,vulcan,218.5855,2.794e-14,2.504e-14,1.794e-14,1.015e-14,4.443e-15,1.455e-15,3.41e-16,5.374e-17,5.294e-18,3.126e-19,1.521e-20,2.146e-21,8.509e-22,4.657e-22,2.825e-22,1.728e-22,9.863e-23,4.609e-23
pal0p1,vulcan,221.001,2.181e-13,1.97e-13,1.445e-13,8.516e-14,3.953e-14,1.403e-14,3.653e-15,6.599e-16,7.759e-17,5.774e-18,3.658e-19,5.638e-20,2.217e-20,1.217e-20,7.471e-21,4.63e-21,2.674e-21,1.259e-21
pal0p1,vulcan,223.4705,1.936e-12,1.762e-12,1.322e-12,8.102e-13,3.981e-13,1.527e-13,4.402e-14,9.08e-15,1.268e-15,1.181e-16,9.576e-18,1.598e-18,6.2e-19,3.414e-19,2.124e-19,1.338e-19,7.85e-20,3.74e-20
pal0p1,vulcan,225.996,1.405e-11,1.289e-11,9.932e-12,6.368e-12,3.342e-12,1.403e-12,4.552e-13,1.096e-13,1.872e-14,2.265e-15,2.445e-16,4.533e-17,1.739e-17,9.613e-18,6.087e-18,3.919e-18,2.349e-18,1.14e-18
pal0p1,vulcan,228.579,9.74e-11,9.005e-11,7.099e-11,4.732e-11,2.63e-11,1.193e-11,4.29e-12,1.181e-12,2.401e-13,3.626e-14,4.886e-15,9.696e-16,3.635e-16,2.013e-16,1.3e-16,8.573e-17,5.274e-17,2.625e-17
pal0p1,vulcan,231.2215,4.739e-10,4.408e-10,3.54e-10,2.435e-10,1.418e-10,6.849e-11,2.678e-11,8.215e-12,1.92e-12,3.436e-13,5.401e-14,1.103e-14,3.995e-15,2.214e-15,1.458e-15,9.855e-16,6.232e-16,3.196e-16
pal0p1,vulcan,233.926,1.38e-09,1.29e-09,1.053e-09,7.441e-10,4.506e-10,2.297e-10,9.644e-11,3.242e-11,8.506e-12,1.739e-12,3.051e-13,6.261e-14,2.17e-14,1.203e-14,8.086e-15,5.602e-15,3.646e-15,1.936e-15
pal0p1,vulcan,236.6945,5.232e-09,4.915e-09,4.066e-09,2.945e-09,1.847e-09,9.883e-10,4.418e-10,1.609e-10,4.655e-11,1.06e-11,2.016e-12,4.095e-13,1.35e-13,7.497e-14,5.145e-14,3.651e-14,2.447e-14,1.352e-14
pal0p1,vulcan,239.5295,4.587e-08,4.351e-08,3.706e-08,2.821e-08,1.903e-08,1.123e-08,5.699e-09,2.437e-09,8.564e-10,2.429e-10,5.648e-11,1.257e-11,4.049e-12,2.25e-12,1.586e-12,1.165e-12,8.179e-13,4.837e-13
pal0p1,vulcan,242.433,1.628e-06,1.562e-06,1.377e-06,1.111e-06,8.147e-07,5.372e-07,3.139e-07,1.592e-07,6.839e-08,2.415e-08,6.916e-09,1.744e-09,5.584e-10,3.085e-10,2.238e-10,1.711e-10,1.27e-10,8.259e-11
pal0p1,vulcan,245.408,6.797e-07,6.499e-07,5.675e-07,4.504e-07,3.224e-07,2.057e-07,1.151e-07,5.52e-08,2.204e-08,7.082e-09,1.792e-09,3.899e-10,1.141e-10,6.328e-11,4.629e-11,3.553e-11,2.65e-11,1.736e-11
pal0p1,vulcan,248.457,3.404e-07,3.246e-07,2.811e-07,2.201e-07,1.544e-07,9.583e-08,5.17e-08,2.366e-08,8.884e-09,2.634e-09,5.989e-10,1.144e-10,3.089e-11,1.719e-11,1.265e-11,9.735e-12,7.286e-12,4.803e-12
pal0p1,vulcan,251.5825,2.293e-07,2.184e-07,1.883e-07,1.463e-07,1.015e-07,6.21e-08,3.285e-08,1.465e-08,5.317e-09,1.506e-09,3.218e-10,5.657e-11,1.439e-11,7.985e-12,5.889e-12,4.541e-12,3.406e-12,2.256e-12
pal0p1,vulcan,254.7875,2.864e-07,2.726e-07,2.347e-07,1.819e-07,1.257e-07,7.643e-08,4.011e-08,1.77e-08,6.333e-09,1.758e-09,3.645e-10,6.115e-11,1.487e-11,8.182e-12,6.035e-12,4.657e-12,3.499e-12,2.327e-12
pal0p1,vulcan,258.075,7.57e-07,7.214e-07,6.236e-07,4.863e-07,3.393e-07,2.09e-07,1.115e-07,5.022e-08,1.844e-08,5.28e-09,1.134e-09,1.958e-10,4.697e-11,2.531e-11,1.859e-11,1.433e-11,1.078e-11,7.185e-12
pal0p1,vulcan,261.449,1.075e-06,1.027e-06,8.937e-07,7.054e-07,5.008e-07,3.157e-07,1.736e-07,8.128e-08,3.132e-08,9.53e-09,2.204e-09,4.094e-10,9.902e-11,5.178e-11,3.773e-11,2.904e-11,2.183e-11,1.457e-11
pal0p1,vulcan,264.9125,7.522e-06,7.211e-06,6.346e-06,5.105e-06,3.724e-06,2.436e-06,1.406e-06,6.998e-07,2.914e-07,9.78e-08,2.553e-08,5.401e-09,1.364e-09,6.834e-10,4.907e-10,3.761e-10,2.824e-10,1.886e-10
pal0p1,vulcan,268.4685,2.922e-05,2.79e-05,2.514e-05,2.073e-05,1.569e-05,1.078e-05,6.634e-06,3.585e-06,1.657e-06,6.346e-07,1.953e-07,4.953e-08,1.363e-08,6.476e-09,4.526e-09,3.444e-09,2.578e-09,1.719e-09
pal0p1,vulcan,272.1215,0.000112,0.0001085,9.849e-05,8.353e-05,6.581e-05,4.778e-05,3.158e-05,1.87e-05,9.709e-06,4.141e-06,1.59e-06,4.947e-07,1.538e-07,6.965e-08,4.653e-08,3.495e-08,2.602e-08,1.729e-08
pal0p1,vulcan,275.8755,0.0004619,0.00045,0.0004156,0.0003562,0.0002986,0.0002298,0.0001639,0.0001069,6.28e-05,3.253e-05,1.456e-05,5.634e-06,2.057e-06,9.11e-07,5.668e-07,4.15e-07,3.059e-07,2.021e-07
pal0p1,vulcan,279.734,0.001272,0.001246,0.001169,0.00105,0.0008989,0.0007301,0.0005585,0.0003988,0.0002624,0.0001567,8.364e-05,3.958e-05,1.719e-05,7.842e-06,4.491e-06,3.13e-06,2.266e-06,1.481e-06
pal0p1,vulcan,283.702,0.008764,0.008623,0.008209,0.007551,0.006694,0.0057,0.004637,0.003581,0.002601,0.001757,0.00109,0.0006149,0.000317,0.0001574,8.525e-05,5.475e-05,3.819e-05,2.449e-05
pal0p1,vulcan,287.7845,0.03363,0.03322,0.03198,0.02999,0.02734,0.02417,0.02065,0.01697,0.01332,0.00991,0.006921,0.00449,0.002687,0.001499,0.0008209,0.0004838,0.0003141,0.0001946
pal0p1,vulcan,291.9865,0.115,0.1138,0.1105,0.1051,0.09784,0.08894,0.07875,0.0677,0.05625,0.0449,0.03417,0.02458,0.01655,0.01036,0.006076,0.003473,0.002052,0.00119
pal0p1,vulcan,296.309,0.174,0.1726,0.1685,0.1618,0.1527,0.1414,0.1282,0.1136,0.09802,0.08197,0.06606,0.05093,0.03722,0.02552,0.01625,0.009608,0.00537,0.002829
pal0p1,vulcan,300.5,0.2046,0.2032,0.1991,0.1922,0.1829,0.1712,0.1575,0.142,0.1253,0.1077,0.08974,0.0721,0.05538,0.04024,0.02729,0.01699,0.00952,0.00465
pal0p1,vulcan,303.0,0.312,0.31,0.3041,0.2944,0.281,0.2642,0.2444,0.2221,0.1976,0.1718,0.1451,0.1186,0.09296,0.06924,0.04831,0.03094,0.01762,0.008397
pal0p1,vulcan,304.0,0.2974,0.2956,0.29,0.2809,0.2683,0.2526,0.234,0.213,0.19,0.1655,0.1403,0.1151,0.0907,0.06796,0.04774,0.0308,0.01762,0.008359
pal0p1,vulcan,305.0,0.3417,0.3396,0.3334,0.3231,0.309,0.2913,0.2703,0.2466,0.2206,0.1928,0.1642,0.1354,0.1073,0.08102,0.05744,0.03743,0.02159,0.0102
pal0p1,vulcan,306.0,0.2876,0.2858,0.2807,0.2721,0.2604,0.2457,0.2283,0.2086,0.1869,0.1638,0.1398,0.1156,0.09206,0.06984,0.0498,0.03266,0.01894,0.008927
pal0p1,vulcan,307.0,0.3292,0.3272,0.3214,0.3118,0.2986,0.282,0.2624,0.24,0.2155,0.1893,0.1621,0.1345,0.1076,0.08204,0.05887,0.03889,0.0227,0.01069
pal0p1,vulcan,308.0,0.3465,0.3445,0.3385,0.3285,0.3148,0.2976,0.2772,0.2539,0.2284,0.201,0.1726,0.1437,0.1154,0.08841,0.06381,0.04243,0.02493,0.01174
pal0p1,vulcan,309.0,0.3388,0.3369,0.331,0.3214,0.3081,0.2914,0.2716,0.249,0.2242,0.1976,0.1699,0.1417,0.114,0.08761,0.06344,0.04234,0.02496,0.01175
pal0p1,vulcan,310.0,0.2983,0.2966,0.2915,0.2831,0.2716,0.2571,0.2399,0.2203,0.1987,0.1755,0.1513,0.1267,0.1023,0.07902,0.05757,0.03871,0.02299,0.01085
pal0p1,vulcan,311.0,0.4796,0.4769,0.4688,0.4554,0.437,0.4139,0.3864,0.3551,0.3205,0.2834,0.2446,0.205,0.1659,0.1284,0.09376,0.06322,0.03766,0.01779
pal0p1,vulcan,312.0,0.4014,0.3992,0.3925,0.3814,0.3661,0.3469,0.3241,0.2981,0.2693,0.2385,0.2061,0.1732,0.1405,0.109,0.0799,0.0541,0.03238,0.01533
pal0p1,vulcan,313.0,0.4214,0.4191,0.4121,0.4006,0.3847,0.3647,0.341,0.3139,0.2839,0.2517,0.2179,0.1834,0.1491,0.1161,0.08536,0.05804,0.0349,0.01656
pal0p1,vulcan,314.0,0.4495,0.447,0.4396,0.4274,0.4105,0.3893,0.364,0.3352,0.3034,0.2691,0.2331,0.1964,0.1598,0.1245,0.0917,0.06244,0.03761,0.01786
pal0p1,vulcan,316.0,0.421,0.4187,0.4118,0.4006,0.385,0.3654,0.342,0.3154,0.2858,0.254,0.2206,0.1863,0.1521,0.119,0.08809,0.06035,0.03661,0.01747
pal0p1,vulcan,320.0,0.4915,0.4889,0.4811,0.4681,0.4503,0.4278,0.4009,0.3702,0.3362,0.2995,0.2607,0.2209,0.1811,0.1423,0.1058,0.07295,0.04458,0.0214
pal0p1,vulcan,325.0,0.5856,0.5826,0.5734,0.5582,0.5373,0.5109,0.4794,0.4433,0.4032,0.3599,0.3141,0.2668,0.2193,0.173,0.1291,0.08942,0.05497,0.02654
pal0p1,vulcan,330.0,0.7065,0.7028,0.6919,0.6738,0.6488,0.6173,0.5797,0.5366,0.4886,0.4366,0.3816,0.3247,0.2674,0.2112,0.1579,0.1095,0.06748,0.03267
pal0p1,vulcan,335.0,0.6616,0.6582,0.6481,0.6313,0.6082,0.5789,0.544,0.5039,0.4593,0.4108,0.3595,0.3063,0.2525,0.1997,0.1495,0.1038,0.06398,0.03104
pal0p1,vulcan,340.0,0.7149,0.7113,0.7004,0.6825,0.6577,0.6263,0.5888,0.5458,0.4978,0.4457,0.3903,0.3329,0.2747,0.2174,0.1628,0.113,0.06966,0.03382
pal0p1,vulcan,345.0,0.7033,0.6998,0.6892,0.6717,0.6474,0.6168,0.5802,0.5381,0.4911,0.44,0.3857,0.3292,0.2719,0.2153,0.1613,0.1119,0.06893,0.03347
pal0p1,vulcan,350.0,0.7362,0.7325,0.7215,0.7033,0.6781,0.6462,0.6081,0.5643,0.5154,0.4621,0.4053,0.3463,0.2862,0.2268,0.1699,0.1178,0.07246,0.03517
pal0p1,vulcan,355.0,0.7783,0.7745,0.7629,0.7438,0.7174,0.6839,0.6439,0.5978,0.5463,0.4901,0.4303,0.3679,0.3043,0.2413,0.1808,0.1253,0.07699,0.03736
pal0p1,vulcan,360.0,0.7119,0.7084,0.6979,0.6806,0.6565,0.6261,0.5897,0.5478,0.5009,0.4497,0.3951,0.3381,0.2799,0.2221,0.1664,0.1153,0.07074,0.03431
pal0p1,vulcan,365.0,0.9058,0.9013,0.8881,0.8661,0.8357,0.7973,0.7512,0.6981,0.6387,0.5739,0.5046,0.4321,0.3581,0.2843,0.2131,0.1475,0.09041,0.04382
pal0p1,vulcan,370.0,0.9424,0.9378,0.9241,0.9014,0.87,0.8302,0.7825,0.7276,0.6661,0.5988,0.5269,0.4516,0.3745,0.2975,0.2231,0.1544,0.09449,0.04576
pal0p1,vulcan,375.0,0.8518,0.8477,0.8353,0.815,0.7867,0.751,0.7082,0.6587,0.6034,0.5428,0.478,0.41,0.3403,0.2705,0.203,0.1403,0.08579,0.04151
pal0p1,vulcan,380.0,0.9797,0.975,0.9609,0.9376,0.9053,0.8645,0.8155,0.7589,0.6954,0.626,0.5516,0.4736,0.3934,0.313,0.2349,0.1624,0.09911,0.04791
pal0p1,vulcan,385.0,0.739,0.7354,0.7249,0.7074,0.6832,0.6525,0.6158,0.5733,0.5256,0.4735,0.4175,0.3587,0.2982,0.2374,0.1783,0.1232,0.0751,0.03626
pal0p1,vulcan,390.0,0.9654,0.9608,0.9471,0.9244,0.893,0.8531,0.8053,0.7501,0.6881,0.6201,0.5472,0.4705,0.3914,0.3119,0.2344,0.1619,0.09856,0.04752
pal0p1,vulcan,395.0,0.7493,0.7457,0.7351,0.7176,0.6933,0.6626,0.6256,0.5829,0.535,0.4825,0.426,0.3666,0.3052,0.2434,0.183,0.1264,0.07685,0.03699
pal0p1,vulcan,400.0,1.392,1.385,1.365,1.333,1.288,1.231,1.163,1.084,0.9955,0.8982,0.7936,0.6834,0.5695,0.4545,0.3419,0.2362,0.1434,0.06891
pal0p1,vulcan,405.0,1.419,1.413,1.393,1.36,1.314,1.257,1.187,1.107,1.017,0.9182,0.8118,0.6995,0.5834,0.4661,0.3508,0.2424,0.1469,0.07049
pal0p1,vulcan,410.0,1.464,1.457,1.437,1.403,1.356,1.297,1.226,1.144,1.051,0.9493,0.8398,0.7242,0.6045,0.4832,0.364,0.2515,0.1523,0.07292
pal0p1,vulcan,415.0,1.526,1.519,1.498,1.463,1.414,1.353,1.279,1.193,1.097,0.9914,0.8776,0.7573,0.6326,0.5062,0.3815,0.2637,0.1595,0.0762
pal0p1,vulcan,420.0,1.54,1.533,1.512,1.477,1.428,1.366,1.292,1.206,1.109,1.003,0.8884,0.7671,0.6413,0.5135,0.3874,0.2678,0.1618,0.07713
pal0p1,vulcan,425.0,1.471,1.464,1.444,1.41,1.364,1.305,1.235,1.153,1.061,0.9596,0.8504,0.7348,0.6148,0.4927,0.3719,0.2572,0.1552,0.07383
pal0p1,vulcan,430.0,1.357,1.351,1.332,1.302,1.259,1.205,1.14,1.065,0.9802,0.8871,0.7866,0.6801,0.5694,0.4567,0.345,0.2387,0.1439,0.06829
pal0p1,vulcan,435.0,1.575,1.568,1.547,1.511,1.462,1.4,1.325,1.238,1.14,1.032,0.9154,0.792,0.6636,0.5327,0.4027,0.2787,0.1679,0.07948
pal0p1,vulcan,440.0,1.621,1.614,1.592,1.555,1.505,1.441,1.364,1.275,1.174,1.064,0.9441,0.8173,0.6853,0.5506,0.4166,0.2884,0.1735,0.08197
pal0p1,vulcan,445.0,1.742,1.734,1.71,1.671,1.617,1.549,1.466,1.371,1.263,1.145,1.016,0.8805,0.7388,0.594,0.4498,0.3115,0.1873,0.08825
pal0p1,vulcan,450.0,1.852,1.844,1.819,1.778,1.721,1.648,1.561,1.459,1.345,1.219,1.084,0.9391,0.7885,0.6345,0.4808,0.3332,0.2002,0.09409
pal0p1,vulcan,455.0,1.813,1.805,1.781,1.74,1.685,1.614,1.529,1.43,1.318,1.196,1.063,0.9217,0.7744,0.6236,0.4729,0.3279,0.1969,0.09229
pal0p1,vulcan,460.0,1.867,1.859,1.834,1.792,1.735,1.662,1.575,1.473,1.359,1.233,1.096,0.9513,0.7998,0.6445,0.4892,0.3393,0.2037,0.09517
pal0p1,vulcan,465.0,1.846,1.838,1.813,1.772,1.716,1.644,1.558,1.458,1.345,1.221,1.086,0.943,0.7933,0.6397,0.4859,0.3372,0.2024,0.09431
pal0p1,vulcan,470.0,1.836,1.828,1.804,1.763,1.707,1.636,1.551,1.451,1.34,1.216,1.082,0.9402,0.7915,0.6387,0.4855,0.3372,0.2022,0.09401
pal0p1,vulcan,475.0,1.858,1.85,1.825,1.785,1.728,1.656,1.57,1.47,1.357,1.232,1.097,0.9536,0.8033,0.6487,0.4935,0.3429,0.2056,0.09531
pal0p1,vulcan,480.0,1.913,1.904,1.879,1.837,1.779,1.706,1.617,1.514,1.398,1.27,1.132,0.9838,0.8291,0.67,0.51,0.3546,0.2125,0.09818
pal0p1,vulcan,485.0,1.738,1.73,1.707,1.67,1.617,1.55,1.47,1.377,1.272,1.156,1.03,0.8957,0.7553,0.6108,0.4653,0.3237,0.1939,0.08937
pal0p1,vulcan,490.0,1.81,1.802,1.778,1.739,1.685,1.615,1.532,1.435,1.326,1.205,1.074,0.9348,0.7887,0.6383,0.4866,0.3388,0.203,0.09328
pal0p1,vulcan,495.0,1.844,1.836,1.812,1.772,1.717,1.646,1.561,1.463,1.352,1.229,1.096,0.9544,0.8057,0.6524,0.4978,0.3468,0.2077,0.09521
pal0p1,vulcan,500.0,1.76,1.753,1.73,1.692,1.639,1.572,1.491,1.397,1.292,1.175,1.048,0.9127,0.7708,0.6245,0.4768,0.3323,0.199,0.09092
pal0p1,vulcan,505.0,1.791,1.783,1.76,1.721,1.667,1.599,1.517,1.422,1.315,1.196,1.067,0.9298,0.7856,0.6368,0.4865,0.3392,0.203,0.09246
pal0p1,vulcan,510.0,1.775,1.768,1.745,1.706,1.653,1.586,1.505,1.411,1.305,1.187,1.06,0.9237,0.7808,0.6333,0.4842,0.3379,0.2023,0.09189
pal0p1,vulcan,515.0,1.646,1.639,1.618,1.582,1.533,1.471,1.396,1.309,1.211,1.102,0.9839,0.8579,0.7256,0.5889,0.4505,0.3146,0.1884,0.08536
pal0p1,vulcan,520.0,1.693,1.686,1.664,1.628,1.577,1.513,1.436,1.347,1.246,1.134,1.013,0.8838,0.7479,0.6073,0.4649,0.3248,0.1945,0.08789
pal0p1,vulcan,525.0,1.7,1.693,1.671,1.635,1.584,1.52,1.443,1.353,1.252,1.14,1.019,0.8888,0.7524,0.6113,0.4682,0.3273,0.1959,0.08826
pal0p1,vulcan,530.0,1.793,1.785,1.762,1.724,1.671,1.604,1.522,1.428,1.321,1.203,1.075,0.9386,0.7948,0.646,0.495,0.3462,0.2071,0.09301
pal0p1,vulcan,535.0,1.739,1.731,1.709,1.672,1.62,1.555,1.476,1.385,1.282,1.168,1.044,0.9114,0.772,0.6278,0.4814,0.3368,0.2016,0.09026
pal0p1,vulcan,540.0,1.74,1.733,1.711,1.674,1.622,1.557,1.478,1.387,1.284,1.17,1.046,0.9136,0.7743,0.63,0.4833,0.3384,0.2026,0.09052
pal0p1,vulcan,545.0,1.767,1.759,1.737,1.699,1.647,1.581,1.501,1.409,1.304,1.189,1.063,0.9288,0.7874,0.641,0.492,0.3447,0.2064,0.09197
pal0p1,vulcan,550.0,1.773,1.765,1.743,1.705,1.653,1.587,1.507,1.414,1.31,1.194,1.068,0.9332,0.7915,0.6445,0.4951,0.347,0.2078,0.09238
pal0p1,vulcan,555.0,1.761,1.753,1.731,1.693,1.642,1.576,1.497,1.405,1.301,1.186,1.062,0.9282,0.7876,0.6417,0.4933,0.346,0.2073,0.09188
pal0p1,vulcan,560.0,1.718,1.71,1.688,1.652,1.602,1.538,1.461,1.371,1.27,1.158,1.037,0.9065,0.7695,0.6272,0.4823,0.3385,0.2027,0.08962
pal0p1,vulcan,565.0,1.722,1.715,1.693,1.656,1.606,1.542,1.465,1.375,1.274,1.162,1.04,0.9097,0.7724,0.6298,0.4845,0.3402,0.2037,0.0898
pal0p1,vulcan,570.0,1.713,1.706,1.684,1.648,1.598,1.534,1.458,1.369,1.268,1.157,1.036,0.9061,0.7695,0.6277,0.4831,0.3394,0.2032,0.08938
pal0p1,vulcan,575.0,1.743,1.735,1.713,1.677,1.626,1.561,1.483,1.393,1.291,1.177,1.054,0.9228,0.7839,0.6398,0.4926,0.3463,0.2074,0.09105
pal0p1,vulcan,580.0,1.714,1.706,1.685,1.649,1.599,1.535,1.459,1.37,1.27,1.159,1.038,0.9085,0.7721,0.6304,0.4858,0.3417,0.2049,0.08983
pal0p1,vulcan,585.0,1.714,1.706,1.685,1.649,1.599,1.536,1.459,1.371,1.27,1.159,1.039,0.9097,0.7734,0.6318,0.4871,0.343,0.2058,0.09015
pal0p1,vulcan,590.0,1.653,1.646,1.625,1.591,1.543,1.482,1.408,1.323,1.226,1.119,1.003,0.8786,0.7473,0.6107,0.4712,0.3319,0.1993,0.08718
pal0p1,vulcan,595.0,1.687,1.68,1.659,1.624,1.575,1.513,1.438,1.351,1.252,1.143,1.025,0.8976,0.7636,0.6243,0.4818,0.3396,0.2039,0.08902
pal0p1,vulcan,600.0,1.648,1.641,1.62,1.586,1.538,1.478,1.405,1.32,1.223,1.117,1.001,0.8774,0.7466,0.6105,0.4714,0.3324,0.1996,0.08693
pal0p1,vulcan,605.0,1.667,1.66,1.639,1.604,1.556,1.495,1.421,1.335,1.238,1.131,1.014,0.8884,0.7562,0.6187,0.4779,0.3372,0.2026,0.08812
pal0p1,vulcan,610.0,1.644,1.637,1.617,1.582,1.535,1.475,1.402,1.317,1.222,1.116,1.001,0.8772,0.747,0.6114,0.4726,0.3338,0.2008,0.08732
pal0p1,vulcan,615.0,1.603,1.596,1.576,1.543,1.497,1.438,1.367,1.285,1.192,1.089,0.9765,0.8564,0.7295,0.5974,0.4621,0.3267,0.1967,0.08557
pal0p1,vulcan,620.0,1.624,1.618,1.597,1.564,1.517,1.457,1.386,1.302,1.208,1.104,0.9904,0.8688,0.7404,0.6066,0.4696,0.3322,0.2003,0.08711
pal0p1,vulcan,625.0,1.588,1.582,1.562,1.529,1.483,1.425,1.355,1.274,1.182,1.08,0.9692,0.8505,0.725,0.5943,0.4603,0.3259,0.1966,0.08552
pal0p1,vulcan,630.0,1.589,1.582,1.562,1.53,1.484,1.426,1.356,1.275,1.183,1.081,0.9705,0.8518,0.7263,0.5956,0.4616,0.3271,0.1976,0.08591
pal0p1,vulcan,635.0,1.576,1.57,1.55,1.518,1.472,1.415,1.346,1.265,1.174,1.073,0.9635,0.8459,0.7216,0.592,0.459,0.3256,0.1968,0.0856
pal0p1,vulcan,640.0,1.556,1.55,1.531,1.499,1.454,1.397,1.329,1.25,1.16,1.06,0.9522,0.8362,0.7135,0.5856,0.4544,0.3225,0.1952,0.08491
pal0p1,vulcan,644.8,1.546,1.54,1.521,1.489,1.445,1.388,1.321,1.242,1.153,1.054,0.9466,0.8314,0.7097,0.5827,0.4524,0.3214,0.1947,0.08469
pal0p1,vulcan,651.05,1.525,1.519,1.5,1.469,1.425,1.37,1.303,1.226,1.138,1.041,0.9348,0.8213,0.7013,0.5761,0.4475,0.3182,0.193,0.08394
pal0p1,vulcan,660.0,1.446,1.44,1.422,1.392,1.351,1.299,1.236,1.162,1.079,0.9871,0.887,0.7796,0.666,0.5475,0.4258,0.3031,0.1841,0.08009
pal0p1,vulcan,670.0,1.482,1.476,1.457,1.427,1.385,1.332,1.267,1.192,1.107,1.013,0.9104,0.8005,0.6843,0.563,0.4382,0.3124,0.1901,0.08272
pal0p1,vulcan,680.0,1.453,1.447,1.43,1.4,1.359,1.306,1.243,1.17,1.087,0.9944,0.8941,0.7865,0.6726,0.5537,0.4314,0.308,0.1877,0.08169
pal0p1,vulcan,690.0,1.431,1.425,1.408,1.379,1.338,1.287,1.225,1.152,1.071,0.9801,0.8815,0.7757,0.6637,0.5468,0.4264,0.3047,0.186,0.08097
pal0p1,vulcan,700.0,1.405,1.4,1.382,1.354,1.314,1.264,1.203,1.132,1.052,0.9631,0.8664,0.7627,0.6529,0.5382,0.42,0.3006,0.1838,0.08
pal0p1,vulcan,710.0,1.372,1.366,1.349,1.321,1.283,1.234,1.174,1.105,1.027,0.9408,0.8466,0.7455,0.6384,0.5265,0.4112,0.2946,0.1804,0.07852
pal0p1,vulcan,720.0,1.326,1.321,1.304,1.278,1.24,1.193,1.136,1.069,0.9936,0.9101,0.8192,0.7216,0.6182,0.5101,0.3987,0.2859,0.1753,0.07631
pal0p1,vulcan,730.0,1.295,1.289,1.274,1.247,1.211,1.165,1.109,1.044,0.9706,0.8892,0.8005,0.7053,0.6045,0.4991,0.3904,0.2802,0.172,0.07491
pal0p1,waccm,120.7,0.0,0.0,0.0,0.0,0.0,0.0,0.0,0.0,0.0,0.0,0.0,0.0,0.0,0.0,0.0,0.0,0.0,0.0
pal0p1,waccm,121.65,0.0,0.0,0.0,0.0,0.0,0.0,0.0,0.0,0.0,0.0,0.0,0.0,0.0,0.0,0.0,0.0,0.0,0.0
pal0p1,waccm,122.1,0.0,0.0,0.0,0.0,0.0,0.0,0.0,0.0,0.0,0.0,0.0,0.0,0.0,0.0,0.0,0.0,0.0,0.0
pal0p1,waccm,122.7,0.0,0.0,0.0,0.0,0.0,0.0,0.0,0.0,0.0,0.0,0.0,0.0,0.0,0.0,0.0,0.0,0.0,0.0
pal0p1,waccm,123.45,0.0,0.0,0.0,0.0,0.0,0.0,0.0,0.0,0.0,0.0,0.0,0.0,0.0,0.0,0.0,0.0,0.0,0.0
pal0p1,waccm,124.2,0.0,0.0,0.0,0.0,0.0,0.0,0.0,0.0,0.0,0.0,0.0,0.0,0.0,0.0,0.0,0.0,0.0,0.0
pal0p1,waccm,125.0,0.0,0.0,0.0,0.0,0.0,0.0,0.0,0.0,0.0,0.0,0.0,0.0,0.0,0.0,0.0,0.0,0.0,0.0
pal0p1,waccm,125.8,0.0,0.0,0.0,0.0,0.0,0.0,0.0,0.0,0.0,0.0,0.0,0.0,0.0,0.0,0.0,0.0,0.0,0.0
pal0p1,waccm,126.6,0.0,0.0,0.0,0.0,0.0,0.0,0.0,0.0,0.0,0.0,0.0,0.0,0.0,0.0,0.0,0.0,0.0,0.0
pal0p1,waccm,127.8,0.0,0.0,0.0,0.0,0.0,0.0,0.0,0.0,0.0,0.0,0.0,0.0,0.0,0.0,0.0,0.0,0.0,0.0
pal0p1,waccm,129.0,0.0,0.0,0.0,0.0,0.0,0.0,0.0,0.0,0.0,0.0,0.0,0.0,0.0,0.0,0.0,0.0,0.0,0.0
pal0p1,waccm,129.85,0.0,0.0,0.0,0.0,0.0,0.0,0.0,0.0,0.0,0.0,0.0,0.0,0.0,0.0,0.0,0.0,0.0,0.0
pal0p1,waccm,131.15,0.0,0.0,0.0,0.0,0.0,0.0,0.0,0.0,0.0,0.0,0.0,0.0,0.0,0.0,0.0,0.0,0.0,0.0
pal0p1,waccm,133.5,0.0,0.0,0.0,0.0,0.0,0.0,0.0,0.0,0.0,0.0,0.0,0.0,0.0,0.0,0.0,0.0,0.0,0.0
pal0p1,waccm,136.0,0.0,0.0,0.0,0.0,0.0,0.0,0.0,0.0,0.0,0.0,0.0,0.0,0.0,0.0,0.0,0.0,0.0,0.0
pal0p1,waccm,141.0,0.0,0.0,0.0,0.0,0.0,0.0,0.0,0.0,0.0,0.0,0.0,0.0,0.0,0.0,0.0,0.0,0.0,0.0
pal0p1,waccm,150.0,0.0,0.0,0.0,0.0,0.0,0.0,0.0,0.0,0.0,0.0,0.0,0.0,0.0,0.0,0.0,0.0,0.0,0.0
pal0p1,waccm,160.0,0.0,0.0,0.0,0.0,0.0,0.0,0.0,0.0,0.0,0.0,0.0,0.0,0.0,0.0,0.0,0.0,0.0,0.0
pal0p1,waccm,167.5,0.0,0.0,0.0,0.0,0.0,0.0,0.0,0.0,0.0,0.0,0.0,0.0,0.0,0.0,0.0,0.0,0.0,0.0
pal0p1,waccm,172.7,0.0,0.0,0.0,0.0,0.0,0.0,0.0,0.0,0.0,0.0,0.0,0.0,0.0,0.0,0.0,0.0,0.0,0.0
pal0p1,waccm,176.2,0.0,0.0,0.0,0.0,0.0,0.0,0.0,0.0,0.0,0.0,0.0,0.0,0.0,0.0,0.0,0.0,0.0,0.0
pal0p1,waccm,177.8,0.0,0.0,0.0,0.0,0.0,0.0,0.0,0.0,0.0,0.0,0.0,0.0,0.0,0.0,0.0,0.0,0.0,0.0
pal0p1,waccm,179.4,0.0,0.0,0.0,0.0,0.0,0.0,0.0,0.0,0.0,0.0,0.0,0.0,0.0,0.0,0.0,0.0,0.0,0.0
pal0p1,waccm,181.0,0.0,0.0,0.0,0.0,0.0,0.0,0.0,0.0,0.0,0.0,0.0,0.0,0.0,0.0,0.0,0.0,0.0,0.0
pal0p1,waccm,182.65,0.0,0.0,0.0,0.0,0.0,0.0,0.0,0.0,0.0,0.0,0.0,0.0,0.0,0.0,0.0,0.0,0.0,0.0
pal0p1,waccm,184.35,0.0,0.0,0.0,0.0,0.0,0.0,0.0,0.0,0.0,0.0,0.0,0.0,0.0,0.0,0.0,0.0,0.0,0.0
pal0p1,waccm,186.05,0.0,0.0,0.0,0.0,0.0,0.0,0.0,0.0,0.0,0.0,0.0,0.0,0.0,0.0,0.0,0.0,0.0,0.0
pal0p1,waccm,187.8,0.0,0.0,0.0,0.0,0.0,0.0,0.0,0.0,0.0,0.0,0.0,0.0,0.0,0.0,0.0,0.0,0.0,0.0
pal0p1,waccm,189.6,0.0,0.0,0.0,0.0,0.0,0.0,0.0,0.0,0.0,0.0,0.0,0.0,0.0,0.0,0.0,0.0,0.0,0.0
pal0p1,waccm,191.4,0.0,0.0,0.0,0.0,0.0,0.0,0.0,0.0,0.0,0.0,0.0,0.0,0.0,0.0,0.0,0.0,0.0,0.0
pal0p1,waccm,193.25,0.0,0.0,0.0,0.0,0.0,0.0,0.0,0.0,0.0,0.0,0.0,0.0,0.0,0.0,0.0,0.0,0.0,0.0
pal0p1,waccm,195.15,0.0,0.0,0.0,0.0,0.0,0.0,0.0,0.0,0.0,0.0,0.0,0.0,0.0,0.0,0.0,0.0,0.0,0.0
pal0p1,waccm,197.05,0.0,0.0,0.0,0.0,0.0,0.0,0.0,0.0,0.0,0.0,0.0,0.0,0.0,0.0,0.0,0.0,0.0,0.0
pal0p1,waccm,199.0,0.0,0.0,0.0,0.0,0.0,0.0,0.0,0.0,0.0,0.0,0.0,0.0,0.0,0.0,0.0,0.0,0.0,0.0
pal0p1,waccm,201.0,0.0,0.0,0.0,0.0,0.0,0.0,0.0,0.0,0.0,0.0,0.0,0.0,0.0,0.0,0.0,0.0,0.0,0.0
pal0p1,waccm,203.05,0.0,0.0,0.0,0.0,0.0,0.0,0.0,0.0,0.0,0.0,0.0,0.0,0.0,0.0,0.0,0.0,0.0,0.0
pal0p1,waccm,205.15,0.0,0.0,0.0,0.0,0.0,0.0,0.0,0.0,0.0,0.0,0.0,0.0,0.0,0.0,0.0,0.0,0.0,0.0
pal0p1,waccm,207.2665,2.633e-19,2.267e-19,1.439e-19,6.627e-20,2.147e-20,4.674e-21,6.411e-22,5.062e-23,2.047e-24,3.803e-26,4.682e-28,4.304e-29,1.731e-29,9.311e-30,5.455e-30,3.224e-30,1.793e-30,8.257e-31
pal0p1,waccm,209.4295,3.204e-18,2.78e-18,1.807e-18,8.653e-19,2.97e-19,6.994e-20,1.063e-20,9.577e-22,4.588e-23,1.059e-24,1.684e-26,1.671e-27,6.733e-28,3.625e-28,2.125e-28,1.256e-28,6.981e-29,3.211e-29
pal0p1,waccm,211.646,5.546e-17,4.856e-17,3.245e-17,1.63e-17,5.998e-18,1.552e-18,2.67e-19,2.822e-20,1.66e-21,5.002e-23,1.106e-24,1.247e-25,5.072e-26,2.741e-26,1.61e-26,9.52e-27,5.293e-27,2.432e-27
pal0p1,waccm,213.91,4.303e-16,3.796e-16,2.594e-16,1.354e-16,5.267e-17,1.47e-17,2.792e-18,3.352e-19,2.322e-20,8.645e-22,2.446e-23,2.985e-24,1.218e-24,6.591e-25,3.875e-25,2.293e-25,1.275e-25,5.848e-26
pal0p1,waccm,216.2225,3.426e-15,3.047e-15,2.136e-15,1.164e-15,4.819e-16,1.465e-16,3.109e-17,4.311e-18,3.595e-19,1.703e-20,6.434e-22,8.774e-23,3.607e-23,1.959e-23,1.154e-23,6.842e-24,3.804e-24,1.742e-24
pal0p1,waccm,218.5855,5.929e-14,5.327e-14,3.85e-14,2.211e-14,9.889e-15,3.336e-15,8.121e-16,1.345e-16,1.411e-17,9.044e-19,4.938e-20,7.976e-21,3.338e-21,1.825e-21,1.081e-21,6.427e-22,3.578e-22,1.636e-22
pal0p1,waccm,221.001,5.77e-13,5.229e-13,3.879e-13,2.331e-13,1.112e-13,4.101e-14,1.122e-14,2.16e-15,2.756e-16,2.282e-17,1.685e-18,3.079e-19,1.304e-19,7.161e-20,4.26e-20,2.541e-20,1.417e-20,6.468e-21
pal0p1,waccm,223.4705,6.704e-12,6.128e-12,4.666e-12,2.93e-12,1.492e-12,6.006e-13,1.844e-13,4.126e-14,6.397e-15,6.838e-16,6.748e-17,1.396e-17,5.982e-18,3.302e-18,1.974e-18,1.183e-18,6.614e-19,3.014e-19
pal0p1,waccm,225.996,6.717e-11,6.201e-11,4.866e-11,3.217e-11,1.766e-11,7.877e-12,2.768e-12,7.384e-13,1.44e-13,2.079e-14,2.872e-15,6.961e-16,3.048e-16,1.694e-16,1.021e-16,6.16e-17,3.462e-17,1.577e-17
pal0p1,waccm,228.579,6.863e-10,6.393e-10,5.154e-10,3.571e-10,2.099e-10,1.027e-10,4.081e-11,1.277e-11,3.068e-12,5.788e-13,1.06e-13,2.93e-14,1.304e-14,7.284e-15,4.418e-15,2.689e-15,1.521e-15,6.935e-16
pal0p1,waccm,231.2215,5.139e-09,4.824e-09,3.981e-09,2.871e-09,1.79e-09,9.488e-10,4.191e-10,1.505e-10,4.32e-11,1.017e-11,2.317e-12,7.075e-13,3.18e-13,1.777e-13,1.084e-13,6.655e-14,3.796e-14,1.734e-14
pal0p1,waccm,233.926,2.399e-08,2.268e-08,1.912e-08,1.43e-08,9.4e-09,5.359e-09,2.605e-09,1.059e-09,3.559e-10,1.012e-10,2.76e-11,9.15e-12,4.135e-12,2.305e-12,1.412e-12,8.746e-13,5.036e-13,2.31e-13
pal0p1,waccm,236.6945,1.502e-07,1.429e-07,1.229e-07,9.515e-08,6.576e-08,4.013e-08,2.133e-08,9.73e-09,3.776e-09,1.269e-09,4.03e-10,1.437e-10,6.514e-11,3.611e-11,2.22e-11,1.387e-11,8.076e-12,3.729e-12
pal0p1,waccm,239.5295,2.217e-06,2.134e-06,1.902e-06,1.565e-06,1.182e-06,8.138e-07,5.064e-07,2.822e-07,1.401e-07,6.243e-08,2.597e-08,1.098e-08,5.22e-09,2.898e-09,1.793e-09,1.14e-09,6.786e-10,3.203e-10
pal0p1,waccm,242.433,0.0001289,0.0001258,0.0001169,0.0001031,8.624e-05,6.8e-05,5.027e-05,3.461e-05,2.204e-05,1.292e-05,7.003e-06,3.597e-06,1.856e-06,1.036e-06,6.412e-07,4.156e-07,2.559e-07,1.262e-07
pal0p1,waccm,245.408,8.345e-05,8.131e-05,7.518e-05,6.582e-05,5.438e-05,4.218e-05,3.051e-05,2.042e-05,1.254e-05,7.02e-06,3.597e-06,1.736e-06,8.484e-07,4.599e-07,2.826e-07,1.83e-07,1.124e-07,5.504e-08
pal0p1,waccm,248.457,6.092e-05,5.929e-05,5.461e-05,4.749e-05,3.885e-05,2.973e-05,2.112e-05,1.381e-05,8.221e-06,4.425e-06,2.158e-06,9.844e-07,4.576e-07,2.416e-07,1.476e-07,9.544e-08,5.849e-08,2.846e-08
pal0p1,waccm,251.5825,5.096e-05,4.957e-05,4.556e-05,3.949e-05,3.214e-05,2.442e-05,1.719e-05,1.109e-05,6.493e-06,3.414e-06,1.615e-06,7.094e-07,3.18e-07,1.644e-07,9.982e-08,6.444e-08,3.943e-08,1.913e-08
pal0p1,waccm,254.7875,7.034e-05,6.84e-05,6.283e-05,5.441e-05,4.421e-05,3.352e-05,2.351e-05,1.51e-05,8.771e-06,4.561e-06,2.121e-06,9.105e-07,3.976e-07,2.019e-07,1.217e-07,7.845e-08,4.796e-08,2.324e-08
pal0p1,waccm,258.075,0.0001616,0.0001572,0.0001447,0.0001258,0.0001028,7.845e-05,5.55e-05,3.602e-05,2.118e-05,1.116e-05,5.257e-06,2.274e-06,9.897e-07,4.966e-07,2.968e-07,1.907e-07,1.167e-07,5.676e-08
pal0p1,waccm,261.449,0.0001735,0.000169,0.0001562,0.0001366,0.0001126,8.703e-05,6.254e-05,4.138e-05,2.491e-05,1.349e-05,6.544e-06,2.905e-06,1.28e-06,6.376e-07,3.769e-07,2.412e-07,1.477e-07,7.239e-08
pal0p1,waccm,264.9125,0.0007708,0.0007524,0.0006994,0.0006177,0.0005165,0.0004068,0.0002995,0.0002043,0.0001277,7.237e-05,3.695e-05,1.726e-05,7.858e-06,3.919e-06,2.286e-06,1.453e-06,8.916e-07,4.415e-07
pal0p1,waccm,268.4685,0.001622,0.001587,0.001486,0.00133,0.001133,0.0009149,0.0006959,0.0004945,0.0003252,0.0001958,0.0001073,5.39e-05,2.595e-05,1.314e-05,7.549e-06,4.747e-06,2.915e-06,1.462e-06
pal0p1,waccm,272.1215,0.003142,0.003084,0.002912,0.002643,0.002298,0.001908,0.001504,0.001118,0.0007773,0.0005008,0.0002969,0.0001623,8.39e-05,4.378e-05,2.487e-05,1.538e-05,9.42e-06,4.788e-06
pal0p1,waccm,275.8755,0.006285,0.006185,0.005893,0.005429,0.004825,0.004124,0.003376,0.002632,0.00194,0.001342,0.0008652,0.0005182,0.0002916,0.00016,9.086e-05,5.499e-05,3.337e-05,1.713e-05
pal0p1,waccm,279.734,0.008875,0.008757,0.008412,0.007858,0.007125,0.006257,0.005303,0.004317,0.003359,0.00248,0.001726,0.001127,0.0006909,0.0004041,0.0002338,0.0001388,8.266e-05,4.254e-05
pal0p1,waccm,283.702,0.03416,0.03379,0.03269,0.03011,0.02853,0.02564,0.0224,0.01894,0.0154,0.01206,0.008979,0.006329,0.004206,0.002641,0.00159,0.0009392,0.0005454,0.0002781
pal0p1,waccm,287.7845,0.08246,0.08176,0.07955,0.07595,0.07108,0.0651,0.05824,0.05075,0.04284,0.03508,0.02755,0.02067,0.01471,0.00989,0.006273,0.003773,0.002149,0.001071
pal0p1,waccm,291.9865,0.2005,0.199,0.1944,0.187,0.1768,0.1642,0.1496,0.1326,0.1158,0.09784,0.07997,0.06287,0.04722,0.03362,0.0225,0.01401,0.007981,0.003867
pal0p1,waccm,296.309,0.2414,0.2398,0.235,0.227,0.2162,0.2027,0.1869,0.169,0.1496,0.1293,0.1085,0.08812,0.06871,0.05101,0.03565,0.02306,0.01336,0.006361
pal0p1,waccm,300.5,0.2475,0.246,0.2415,0.234,0.2238,0.211,0.1959,0.1788,0.16,0.1401,0.1196,0.09895,0.07891,0.06012,0.04324,0.02877,0.01702,0.008078
pal0p1,waccm,303.0,0.3566,0.3545,0.3482,0.3379,0.3237,0.3059,0.2849,0.2609,0.2346,0.2066,0.1774,0.148,0.1191,0.09174,0.06678,0.04501,0.02692,0.01281
pal0p1,waccm,304.0,0.3353,0.3334,0.3275,0.3179,0.3047,0.2882,0.2685,0.2462,0.2216,0.1954,0.1681,0.1405,0.1133,0.0875,0.06388,0.04318,0.0259,0.01234
pal0p1,waccm,305.0,0.3786,0.3764,0.3699,0.3592,0.3445,0.326,0.304,0.279,0.2516,0.2221,0.1915,0.1604,0.1298,0.1005,0.07368,0.05002,0.03012,0.01437
pal0p1,waccm,306.0,0.315,0.3132,0.3079,0.299,0.2869,0.2716,0.2535,0.2328,0.2101,0.1857,0.1603,0.1345,0.109,0.08465,0.06218,0.04232,0.02555,0.0122
pal0p1,waccm,307.0,0.3563,0.3543,0.3483,0.3384,0.3248,0.3076,0.2873,0.2641,0.2385,0.2111,0.1825,0.1534,0.1245,0.09692,0.07138,0.04873,0.02951,0.01411
pal0p1,waccm,308.0,0.371,0.3689,0.3627,0.3525,0.3384,0.3207,0.2997,0.2757,0.2492,0.2208,0.1911,0.1609,0.1309,0.1021,0.07535,0.05157,0.03131,0.015
pal0p1,waccm,309.0,0.3605,0.3585,0.3525,0.3426,0.329,0.3119,0.2916,0.2684,0.2427,0.2152,0.1864,0.1571,0.1279,0.09986,0.07382,0.05059,0.03076,0.01474
pal0p1,waccm,310.0,0.3138,0.312,0.3069,0.2983,0.2866,0.2718,0.2542,0.2342,0.212,0.1882,0.1632,0.1377,0.1124,0.08793,0.06516,0.04479,0.02732,0.01312
pal0p1,waccm,311.0,0.5022,0.4995,0.4912,0.4777,0.4589,0.4354,0.4073,0.3753,0.34,0.3019,0.2621,0.2213,0.1807,0.1415,0.105,0.07221,0.04409,0.02119
pal0p1,waccm,312.0,0.4176,0.4153,0.4085,0.3973,0.3818,0.3623,0.3391,0.3126,0.2833,0.2518,0.2187,0.1849,0.1511,0.1185,0.08803,0.06066,0.03711,0.01785
pal0p1,waccm,313.0,0.4357,0.4333,0.4262,0.4146,0.3985,0.3783,0.3542,0.3267,0.2963,0.2635,0.229,0.1938,0.1586,0.1245,0.09261,0.06392,0.03917,0.01887
pal0p1,waccm,314.0,0.4635,0.461,0.4535,0.4412,0.4241,0.4027,0.3771,0.3479,0.3156,0.2808,0.2442,0.2066,0.1692,0.1329,0.09891,0.0683,0.04187,0.02018
pal0p1,waccm,316.0,0.4303,0.428,0.4211,0.4097,0.394,0.3742,0.3507,0.3238,0.294,0.2618,0.2279,0.1932,0.1584,0.1247,0.09297,0.06434,0.03955,0.0191
pal0p1,waccm,320.0,0.4978,0.4951,0.4873,0.4743,0.4563,0.4337,0.4068,0.3759,0.3417,0.3047,0.2657,0.2256,0.1854,0.1462,0.1092,0.07573,0.04666,0.02259
pal0p1,waccm,325.0,0.589,0.5859,0.5767,0.5615,0.5406,0.5141,0.4826,0.4464,0.4062,0.3627,0.3168,0.2694,0.2217,0.1751,0.131,0.09099,0.05615,0.02723
pal0p1,waccm,330.0,0.7085,0.7048,0.6939,0.6758,0.6508,0.6192,0.5816,0.5384,0.4904,0.4383,0.3832,0.3262,0.2688,0.2125,0.1591,0.1105,0.06821,0.03311
pal0p1,waccm,335.0,0.6624,0.659,0.6488,0.6321,0.6089,0.5797,0.5447,0.5046,0.4599,0.4115,0.3601,0.3069,0.2531,0.2002,0.1499,0.1041,0.06426,0.03121
pal0p1,waccm,340.0,0.7153,0.7116,0.7008,0.6828,0.658,0.6266,0.5891,0.5461,0.4981,0.446,0.3906,0.3332,0.275,0.2176,0.163,0.1132,0.06979,0.0339
pal0p1,waccm,345.0,0.7034,0.6999,0.6893,0.6717,0.6475,0.6169,0.5803,0.5382,0.4912,0.4401,0.3858,0.3293,0.272,0.2154,0.1614,0.112,0.06898,0.0335
pal0p1,waccm,350.0,0.7363,0.7326,0.7216,0.7034,0.6782,0.6463,0.6082,0.5644,0.5155,0.4622,0.4054,0.3464,0.2863,0.2269,0.17,0.1178,0.07251,0.0352
pal0p1,waccm,355.0,0.7784,0.7745,0.7629,0.7438,0.7174,0.6839,0.6439,0.5978,0.5463,0.4902,0.4303,0.3679,0.3044,0.2413,0.1808,0.1253,0.07701,0.03737
pal0p1,waccm,360.0,0.712,0.7085,0.698,0.6806,0.6566,0.6262,0.5898,0.5478,0.5009,0.4497,0.3951,0.3381,0.2799,0.2221,0.1665,0.1153,0.07076,0.03432
pal0p1,waccm,365.0,0.9057,0.9013,0.888,0.8661,0.8357,0.7973,0.7512,0.6981,0.6387,0.5739,0.5046,0.4321,0.3581,0.2843,0.2131,0.1475,0.09041,0.04382
pal0p1,waccm,370.0,0.9422,0.9376,0.9239,0.9012,0.8698,0.8301,0.7824,0.7275,0.6659,0.5987,0.5268,0.4515,0.3744,0.2975,0.2231,0.1543,0.09447,0.04575
pal0p1,waccm,375.0,0.8516,0.8475,0.8352,0.8148,0.7866,0.7509,0.7081,0.6586,0.6033,0.5427,0.4779,0.4099,0.3402,0.2705,0.2029,0.1403,0.08577,0.0415
pal0p1,waccm,380.0,0.9795,0.9748,0.9608,0.9375,0.9052,0.8643,0.8153,0.7588,0.6953,0.6259,0.5516,0.4735,0.3933,0.3129,0.2349,0.1624,0.0991,0.0479
pal0p1,waccm,385.0,0.7389,0.7353,0.7248,0.7073,0.6831,0.6524,0.6157,0.5732,0.5256,0.4734,0.4174,0.3586,0.2981,0.2374,0.1783,0.1232,0.07509,0.03625
pal0p1,waccm,390.0,0.9653,0.9607,0.947,0.9243,0.8929,0.853,0.8052,0.75,0.688,0.62,0.5471,0.4704,0.3914,0.3119,0.2343,0.1619,0.09855,0.04751
pal0p1,waccm,395.0,0.7491,0.7456,0.735,0.7175,0.6932,0.6625,0.6255,0.5829,0.5349,0.4824,0.426,0.3665,0.3052,0.2434,0.183,0.1264,0.07684,0.03699
pal0p1,waccm,400.0,1.391,1.385,1.365,1.333,1.288,1.231,1.163,1.084,0.9954,0.8981,0.7935,0.6833,0.5694,0.4545,0.3419,0.2362,0.1434,0.06891
pal0p1,waccm,405.0,1.419,1.412,1.393,1.36,1.314,1.257,1.187,1.107,1.017,0.9181,0.8117,0.6995,0.5834,0.466,0.3508,0.2424,0.1469,0.07048
pal0p1,waccm,410.0,1.464,1.457,1.437,1.403,1.356,1.297,1.226,1.143,1.051,0.9491,0.8397,0.7241,0.6044,0.4832,0.364,0.2515,0.1523,0.07291
pal0p1,waccm,415.0,1.526,1.519,1.497,1.462,1.414,1.352,1.279,1.193,1.097,0.9913,0.8775,0.7573,0.6326,0.5061,0.3815,0.2637,0.1595,0.0762
pal0p1,waccm,420.0,1.54,1.533,1.512,1.477,1.428,1.366,1.292,1.206,1.109,1.003,0.8883,0.7671,0.6413,0.5135,0.3874,0.2678,0.1618,0.07714
pal0p1,waccm,425.0,1.471,1.464,1.444,1.41,1.364,1.305,1.235,1.153,1.061,0.9596,0.8504,0.7349,0.6148,0.4927,0.372,0.2572,0.1552,0.07385
pal0p1,waccm,430.0,1.357,1.351,1.332,1.302,1.259,1.205,1.14,1.065,0.9802,0.8871,0.7866,0.6801,0.5695,0.4568,0.3451,0.2387,0.1439,0.06831
pal0p1,waccm,435.0,1.576,1.568,1.547,1.511,1.462,1.4,1.325,1.238,1.14,1.032,0.9155,0.7921,0.6637,0.5328,0.4028,0.2787,0.1679,0.07951
pal0p1,waccm,440.0,1.621,1.614,1.592,1.556,1.505,1.441,1.364,1.275,1.174,1.064,0.9442,0.8174,0.6854,0.5507,0.4166,0.2884,0.1736,0.08201
pal0p1,waccm,445.0,1.742,1.734,1.71,1.671,1.617,1.549,1.466,1.371,1.263,1.145,1.017,0.8806,0.7389,0.5941,0.4499,0.3116,0.1874,0.08831
pal0p1,waccm,450.0,1.853,1.844,1.819,1.778,1.721,1.648,1.561,1.46,1.345,1.22,1.084,0.9393,0.7887,0.6346,0.4809,0.3333,0.2003,0.09415
pal0p1,waccm,455.0,1.813,1.805,1.781,1.741,1.685,1.614,1.529,1.43,1.319,1.196,1.063,0.9218,0.7746,0.6237,0.4731,0.328,0.197,0.09237
pal0p1,waccm,460.0,1.867,1.859,1.834,1.793,1.735,1.663,1.575,1.474,1.359,1.233,1.097,0.9516,0.8001,0.6448,0.4894,0.3395,0.2038,0.0953
pal0p1,waccm,465.0,1.846,1.838,1.813,1.773,1.716,1.645,1.558,1.458,1.346,1.221,1.086,0.9433,0.7936,0.64,0.4862,0.3375,0.2025,0.09445
pal0p1,waccm,470.0,1.836,1.828,1.804,1.764,1.708,1.637,1.551,1.452,1.34,1.216,1.083,0.9405,0.7918,0.639,0.4858,0.3374,0.2024,0.09416
pal0p1,waccm,475.0,1.859,1.85,1.826,1.785,1.729,1.657,1.571,1.47,1.357,1.233,1.098,0.954,0.8036,0.6491,0.4938,0.3432,0.2059,0.09549
pal0p1,waccm,480.0,1.914,1.905,1.88,1.838,1.78,1.707,1.618,1.515,1.399,1.271,1.132,0.9844,0.8297,0.6706,0.5106,0.3551,0.2129,0.09847
pal0p1,waccm,485.0,1.739,1.731,1.708,1.67,1.618,1.551,1.471,1.378,1.272,1.156,1.03,0.8964,0.7559,0.6114,0.4659,0.3242,0.1943,0.08966
pal0p1,waccm,490.0,1.811,1.803,1.779,1.74,1.685,1.616,1.532,1.436,1.326,1.206,1.075,0.9355,0.7894,0.6389,0.4872,0.3393,0.2034,0.09359
pal0p1,waccm,495.0,1.845,1.837,1.813,1.773,1.718,1.647,1.562,1.464,1.353,1.23,1.097,0.9552,0.8064,0.6531,0.4984,0.3473,0.2082,0.09556
pal0p1,waccm,500.0,1.762,1.754,1.731,1.693,1.64,1.573,1.492,1.398,1.293,1.176,1.049,0.9136,0.7717,0.6254,0.4776,0.333,0.1996,0.09136
pal0p1,waccm,505.0,1.792,1.784,1.761,1.722,1.669,1.601,1.519,1.423,1.316,1.197,1.068,0.9311,0.7869,0.638,0.4876,0.3402,0.2039,0.09306
pal0p1,waccm,510.0,1.777,1.769,1.746,1.708,1.655,1.588,1.506,1.412,1.306,1.188,1.061,0.9249,0.7821,0.6345,0.4853,0.3388,0.2031,0.09248
pal0p1,waccm,515.0,1.648,1.64,1.619,1.584,1.535,1.473,1.397,1.31,1.212,1.103,0.9851,0.8592,0.7268,0.5901,0.4516,0.3155,0.1892,0.08593
pal0p1,waccm,520.0,1.695,1.687,1.666,1.629,1.579,1.515,1.438,1.349,1.248,1.136,1.015,0.8852,0.7492,0.6086,0.4661,0.3259,0.1954,0.08855
pal0p1,waccm,525.0,1.702,1.695,1.673,1.637,1.586,1.522,1.445,1.355,1.254,1.142,1.02,0.8905,0.754,0.6128,0.4696,0.3286,0.197,0.08906
pal0p1,waccm,530.0,1.796,1.788,1.765,1.727,1.673,1.606,1.525,1.43,1.324,1.206,1.078,0.9408,0.7969,0.648,0.4969,0.3478,0.2086,0.09403
pal0p1,waccm,535.0,1.741,1.734,1.711,1.674,1.623,1.558,1.479,1.388,1.284,1.17,1.046,0.9136,0.7743,0.6299,0.4833,0.3386,0.2031,0.09134
pal0p1,waccm,540.0,1.743,1.736,1.713,1.676,1.625,1.56,1.481,1.39,1.287,1.172,1.048,0.916,0.7766,0.6322,0.4854,0.3403,0.2041,0.09163
pal0p1,waccm,545.0,1.77,1.762,1.74,1.702,1.65,1.584,1.504,1.412,1.307,1.191,1.066,0.9314,0.79,0.6434,0.4943,0.3467,0.2081,0.09319
pal0p1,waccm,550.0,1.776,1.768,1.746,1.708,1.656,1.59,1.51,1.417,1.313,1.197,1.071,0.936,0.7941,0.6471,0.4974,0.3492,0.2096,0.09368
pal0p1,waccm,555.0,1.764,1.756,1.734,1.697,1.645,1.579,1.5,1.408,1.304,1.189,1.065,0.9311,0.7904,0.6444,0.4958,0.3483,0.2092,0.09325
pal0p1,waccm,560.0,1.721,1.714,1.692,1.656,1.605,1.541,1.464,1.375,1.274,1.162,1.04,0.9097,0.7725,0.6301,0.485,0.341,0.2048,0.09111
pal0p1,waccm,565.0,1.726,1.718,1.697,1.66,1.61,1.546,1.469,1.379,1.278,1.166,1.044,0.9132,0.7758,0.6331,0.4875,0.3429,0.206,0.09145
pal0p1,waccm,570.0,1.717,1.71,1.688,1.652,1.602,1.539,1.462,1.373,1.272,1.161,1.039,0.9098,0.7731,0.6312,0.4863,0.3423,0.2057,0.09114
pal0p1,waccm,575.0,1.747,1.74,1.718,1.681,1.63,1.565,1.488,1.397,1.295,1.181,1.058,0.9266,0.7877,0.6434,0.496,0.3493,0.21,0.0929
pal0p1,waccm,580.0,1.718,1.71,1.689,1.653,1.603,1.539,1.463,1.374,1.274,1.162,1.042,0.9122,0.7757,0.6338,0.489,0.3446,0.2073,0.09159
pal0p1,waccm,585.0,1.717,1.71,1.689,1.653,1.603,1.54,1.463,1.375,1.274,1.163,1.042,0.9132,0.7769,0.6351,0.4903,0.3458,0.2082,0.09186
pal0p1,waccm,590.0,1.657,1.65,1.629,1.595,1.547,1.486,1.412,1.327,1.23,1.123,1.007,0.8821,0.7506,0.6139,0.4742,0.3347,0.2016,0.08883
pal0p1,waccm,595.0,1.691,1.684,1.663,1.628,1.579,1.517,1.442,1.355,1.256,1.147,1.028,0.9013,0.7672,0.6277,0.4851,0.3426,0.2064,0.09082
pal0p1,waccm,600.0,1.652,1.645,1.625,1.59,1.543,1.482,1.409,1.324,1.228,1.121,1.005,0.8813,0.7504,0.6142,0.4748,0.3355,0.2023,0.08883
pal0p1,waccm,605.0,1.671,1.664,1.644,1.609,1.561,1.499,1.425,1.339,1.242,1.135,1.018,0.8924,0.7601,0.6224,0.4814,0.3404,0.2053,0.09006
pal0p1,waccm,610.0,1.648,1.641,1.621,1.586,1.539,1.479,1.406,1.321,1.225,1.12,1.004,0.8809,0.7506,0.6148,0.4759,0.3367,0.2033,0.08911
pal0p1,waccm,615.0,1.606,1.6,1.58,1.546,1.5,1.441,1.371,1.288,1.195,1.092,0.9798,0.8596,0.7327,0.6005,0.465,0.3293,0.199,0.08718
pal0p1,waccm,620.0,1.628,1.621,1.601,1.567,1.52,1.461,1.389,1.306,1.211,1.107,0.9936,0.8719,0.7434,0.6095,0.4723,0.3347,0.2024,0.08863
pal0p1,waccm,625.0,1.591,1.585,1.565,1.532,1.486,1.428,1.358,1.277,1.185,1.083,0.9721,0.8533,0.7277,0.5969,0.4628,0.3282,0.1986,0.08692
pal0p1,waccm,630.0,1.592,1.585,1.565,1.533,1.487,1.429,1.359,1.278,1.186,1.084,0.9732,0.8544,0.7289,0.5981,0.4639,0.3293,0.1994,0.08723
pal0p1,waccm,635.0,1.579,1.572,1.553,1.52,1.475,1.418,1.348,1.268,1.177,1.076,0.966,0.8483,0.7239,0.5943,0.4612,0.3275,0.1985,0.08681
pal0p1,waccm,640.0,1.559,1.552,1.533,1.501,1.456,1.4,1.331,1.252,1.162,1.063,0.9544,0.8383,0.7156,0.5877,0.4563,0.3243,0.1967,0.08599
pal0p1,waccm,644.8,1.548,1.542,1.523,1.491,1.447,1.39,1.323,1.244,1.155,1.056,0.9486,0.8334,0.7116,0.5846,0.4542,0.323,0.1961,0.08568
pal0p1,waccm,651.05,1.527,1.521,1.502,1.471,1.427,1.372,1.305,1.228,1.14,1.042,0.9366,0.823,0.703,0.5778,0.4491,0.3197,0.1942,0.08483
pal0p1,waccm,660.0,1.447,1.441,1.423,1.394,1.353,1.3,1.237,1.164,1.081,0.9886,0.8884,0.781,0.6674,0.5489,0.427,0.3043,0.1851,0.08082
pal0p1,waccm,670.0,1.483,1.477,1.459,1.428,1.386,1.333,1.268,1.193,1.108,1.014,0.9116,0.8017,0.6855,0.5641,0.4393,0.3134,0.191,0.08332
pal0p1,waccm,680.0,1.454,1.448,1.431,1.401,1.36,1.307,1.244,1.171,1.087,0.9954,0.895,0.7874,0.6735,0.5546,0.4323,0.3088,0.1884,0.08218
pal0p1,waccm,690.0,1.432,1.426,1.409,1.38,1.339,1.288,1.225,1.153,1.071,0.9809,0.8823,0.7765,0.6645,0.5475,0.427,0.3054,0.1866,0.08136
pal0p1,waccm,700.0,1.406,1.4,1.383,1.354,1.315,1.264,1.203,1.133,1.052,0.9637,0.867,0.7633,0.6535,0.5387,0.4206,0.3011,0.1842,0.08031
pal0p1,waccm,710.0,1.372,1.367,1.35,1.322,1.283,1.234,1.175,1.106,1.028,0.9413,0.847,0.7459,0.6389,0.527,0.4117,0.295,0.1807,0.07877
pal0p1,waccm,720.0,1.326,1.321,1.305,1.278,1.241,1.193,1.136,1.069,0.994,0.9105,0.8196,0.7219,0.6186,0.5105,0.3991,0.2862,0.1756,0.07652
pal0p1,waccm,730.0,1.295,1.29,1.274,1.248,1.211,1.165,1.109,1.044,0.9709,0.8895,0.8008,0.7056,0.6048,0.4994,0.3907,0.2805,0.1723,0.07506
pal0p1,waccm_eq,120.7,0.0,0.0,0.0,0.0,0.0,0.0,0.0,0.0,0.0,0.0,0.0,0.0,0.0,0.0,0.0,0.0,0.0,0.0
pal0p1,waccm_eq,121.65,0.0,0.0,0.0,0.0,0.0,0.0,0.0,0.0,0.0,0.0,0.0,0.0,0.0,0.0,0.0,0.0,0.0,0.0
pal0p1,waccm_eq,122.1,0.0,0.0,0.0,0.0,0.0,0.0,0.0,0.0,0.0,0.0,0.0,0.0,0.0,0.0,0.0,0.0,0.0,0.0
pal0p1,waccm_eq,122.7,0.0,0.0,0.0,0.0,0.0,0.0,0.0,0.0,0.0,0.0,0.0,0.0,0.0,0.0,0.0,0.0,0.0,0.0
pal0p1,waccm_eq,123.45,0.0,0.0,0.0,0.0,0.0,0.0,0.0,0.0,0.0,0.0,0.0,0.0,0.0,0.0,0.0,0.0,0.0,0.0
pal0p1,waccm_eq,124.2,0.0,0.0,0.0,0.0,0.0,0.0,0.0,0.0,0.0,0.0,0.0,0.0,0.0,0.0,0.0,0.0,0.0,0.0
pal0p1,waccm_eq,125.0,0.0,0.0,0.0,0.0,0.0,0.0,0.0,0.0,0.0,0.0,0.0,0.0,0.0,0.0,0.0,0.0,0.0,0.0
pal0p1,waccm_eq,125.8,0.0,0.0,0.0,0.0,0.0,0.0,0.0,0.0,0.0,0.0,0.0,0.0,0.0,0.0,0.0,0.0,0.0,0.0
pal0p1,waccm_eq,126.6,0.0,0.0,0.0,0.0,0.0,0.0,0.0,0.0,0.0,0.0,0.0,0.0,0.0,0.0,0.0,0.0,0.0,0.0
pal0p1,waccm_eq,127.8,0.0,0.0,0.0,0.0,0.0,0.0,0.0,0.0,0.0,0.0,0.0,0.0,0.0,0.0,0.0,0.0,0.0,0.0
pal0p1,waccm_eq,129.0,0.0,0.0,0.0,0.0,0.0,0.0,0.0,0.0,0.0,0.0,0.0,0.0,0.0,0.0,0.0,0.0,0.0,0.0
pal0p1,waccm_eq,129.85,0.0,0.0,0.0,0.0,0.0,0.0,0.0,0.0,0.0,0.0,0.0,0.0,0.0,0.0,0.0,0.0,0.0,0.0
pal0p1,waccm_eq,131.15,0.0,0.0,0.0,0.0,0.0,0.0,0.0,0.0,0.0,0.0,0.0,0.0,0.0,0.0,0.0,0.0,0.0,0.0
pal0p1,waccm_eq,133.5,0.0,0.0,0.0,0.0,0.0,0.0,0.0,0.0,0.0,0.0,0.0,0.0,0.0,0.0,0.0,0.0,0.0,0.0
pal0p1,waccm_eq,136.0,0.0,0.0,0.0,0.0,0.0,0.0,0.0,0.0,0.0,0.0,0.0,0.0,0.0,0.0,0.0,0.0,0.0,0.0
pal0p1,waccm_eq,141.0,0.0,0.0,0.0,0.0,0.0,0.0,0.0,0.0,0.0,0.0,0.0,0.0,0.0,0.0,0.0,0.0,0.0,0.0
pal0p1,waccm_eq,150.0,0.0,0.0,0.0,0.0,0.0,0.0,0.0,0.0,0.0,0.0,0.0,0.0,0.0,0.0,0.0,0.0,0.0,0.0
pal0p1,waccm_eq,160.0,0.0,0.0,0.0,0.0,0.0,0.0,0.0,0.0,0.0,0.0,0.0,0.0,0.0,0.0,0.0,0.0,0.0,0.0
pal0p1,waccm_eq,167.5,0.0,0.0,0.0,0.0,0.0,0.0,0.0,0.0,0.0,0.0,0.0,0.0,0.0,0.0,0.0,0.0,0.0,0.0
pal0p1,waccm_eq,172.7,0.0,0.0,0.0,0.0,0.0,0.0,0.0,0.0,0.0,0.0,0.0,0.0,0.0,0.0,0.0,0.0,0.0,0.0
pal0p1,waccm_eq,176.2,0.0,0.0,0.0,0.0,0.0,0.0,0.0,0.0,0.0,0.0,0.0,0.0,0.0,0.0,0.0,0.0,0.0,0.0
pal0p1,waccm_eq,177.8,0.0,0.0,0.0,0.0,0.0,0.0,0.0,0.0,0.0,0.0,0.0,0.0,0.0,0.0,0.0,0.0,0.0,0.0
pal0p1,waccm_eq,179.4,0.0,0.0,0.0,0.0,0.0,0.0,0.0,0.0,0.0,0.0,0.0,0.0,0.0,0.0,0.0,0.0,0.0,0.0
pal0p1,waccm_eq,181.0,0.0,0.0,0.0,0.0,0.0,0.0,0.0,0.0,0.0,0.0,0.0,0.0,0.0,0.0,0.0,0.0,0.0,0.0
pal0p1,waccm_eq,182.65,0.0,0.0,0.0,0.0,0.0,0.0,0.0,0.0,0.0,0.0,0.0,0.0,0.0,0.0,0.0,0.0,0.0,0.0
pal0p1,waccm_eq,184.35,0.0,0.0,0.0,0.0,0.0,0.0,0.0,0.0,0.0,0.0,0.0,0.0,0.0,0.0,0.0,0.0,0.0,0.0
pal0p1,waccm_eq,186.05,0.0,0.0,0.0,0.0,0.0,0.0,0.0,0.0,0.0,0.0,0.0,0.0,0.0,0.0,0.0,0.0,0.0,0.0
pal0p1,waccm_eq,187.8,0.0,0.0,0.0,0.0,0.0,0.0,0.0,0.0,0.0,0.0,0.0,0.0,0.0,0.0,0.0,0.0,0.0,0.0
pal0p1,waccm_eq,189.6,0.0,0.0,0.0,0.0,0.0,0.0,0.0,0.0,0.0,0.0,0.0,0.0,0.0,0.0,0.0,0.0,0.0,0.0
pal0p1,waccm_eq,191.4,0.0,0.0,0.0,0.0,0.0,0.0,0.0,0.0,0.0,0.0,0.0,0.0,0.0,0.0,0.0,0.0,0.0,0.0
pal0p1,waccm_eq,193.25,0.0,0.0,0.0,0.0,0.0,0.0,0.0,0.0,0.0,0.0,0.0,0.0,0.0,0.0,0.0,0.0,0.0,0.0
pal0p1,waccm_eq,195.15,0.0,0.0,0.0,0.0,0.0,0.0,0.0,0.0,0.0,0.0,0.0,0.0,0.0,0.0,0.0,0.0,0.0,0.0
pal0p1,waccm_eq,197.05,0.0,0.0,0.0,0.0,0.0,0.0,0.0,0.0,0.0,0.0,0.0,0.0,0.0,0.0,0.0,0.0,0.0,0.0
pal0p1,waccm_eq,199.0,0.0,0.0,0.0,0.0,0.0,0.0,0.0,0.0,0.0,0.0,0.0,0.0,0.0,0.0,0.0,0.0,0.0,0.0
pal0p1,waccm_eq,201.0,0.0,0.0,0.0,0.0,0.0,0.0,0.0,0.0,0.0,0.0,0.0,0.0,0.0,0.0,0.0,0.0,0.0,0.0
pal0p1,waccm_eq,203.05,0.0,0.0,0.0,0.0,0.0,0.0,0.0,0.0,0.0,0.0,0.0,0.0,0.0,0.0,0.0,0.0,0.0,0.0
pal0p1,waccm_eq,205.15,0.0,0.0,0.0,0.0,0.0,0.0,0.0,0.0,0.0,0.0,0.0,0.0,0.0,0.0,0.0,0.0,0.0,0.0
pal0p1,waccm_eq,207.2665,2.644e-19,2.277e-19,1.446e-19,6.656e-20,2.156e-20,4.697e-21,6.443e-22,5.089e-23,2.059e-24,3.827e-26,4.718e-28,4.336e-29,1.742e-29,9.364e-30,5.485e-30,3.241e-30,1.801e-30,8.285e-31
pal0p1,waccm_eq,209.4295,3.221e-18,2.795e-18,1.816e-18,8.702e-19,2.987e-19,7.036e-20,1.07e-20,9.641e-22,4.621e-23,1.068e-24,1.701e-26,1.686e-27,6.784e-28,3.65e-28,2.139e-28,1.264e-28,7.022e-29,3.225e-29
pal0p1,waccm_eq,211.646,5.584e-17,4.89e-17,3.268e-17,1.642e-17,6.043e-18,1.564e-18,2.691e-19,2.846e-20,1.675e-21,5.055e-23,1.12e-24,1.261e-25,5.121e-26,2.765e-26,1.624e-26,9.6e-27,5.332e-27,2.444e-27
pal0p1,waccm_eq,213.91,4.342e-16,3.83e-16,2.618e-16,1.367e-16,5.318e-17,1.485e-17,2.821e-18,3.39e-19,2.351e-20,8.764e-22,2.486e-23,3.031e-24,1.233e-24,6.665e-25,3.918e-25,2.318e-25,1.287e-25,5.886e-26
pal0p1,waccm_eq,216.2225,3.467e-15,3.084e-15,2.162e-15,1.178e-15,4.881e-16,1.484e-16,3.153e-17,4.376e-18,3.653e-19,1.734e-20,6.573e-22,8.952e-23,3.666e-23,1.987e-23,1.171e-23,6.936e-24,3.85e-24,1.756e-24
pal0p1,waccm_eq,218.5855,6.023e-14,5.412e-14,3.912e-14,2.248e-14,1.006e-14,3.395e-15,8.272e-16,1.371e-16,1.441e-17,9.266e-19,4.924e-20,8.19e-21,3.409e-21,1.859e-21,1.101e-21,6.541e-22,3.634e-22,1.653e-22
pal0p1,waccm_eq,221.001,5.889e-13,5.338e-13,3.961e-13,2.381e-13,1.137e-13,4.196e-14,1.149e-14,2.216e-15,2.834e-16,2.356e-17,1.739e-18,3.185e-19,1.339e-19,7.33e-20,4.356e-20,2.598e-20,1.445e-20,6.548e-21
pal0p1,waccm_eq,223.4705,6.882e-12,6.292e-12,4.792e-12,3.011e-12,1.535e-12,6.185e-13,1.902e-13,4.265e-14,6.634e-15,7.126e-16,7.069e-17,1.458e-17,6.189e-18,3.398e-18,2.028e-18,1.215e-18,6.776e-19,3.059e-19
pal0p1,waccm_eq,225.996,6.947e-11,6.414e-11,5.035e-11,3.332e-11,1.831e-11,8.179e-12,2.881e-12,7.707e-13,1.51e-13,2.194e-14,3.051e-15,7.357e-16,3.182e-16,1.755e-16,1.055e-16,6.362e-17,3.565e-17,1.604e-17
pal0p1,waccm_eq,228.579,7.166e-10,6.676e-10,5.386e-10,3.735e-10,2.198e-10,1.078e-10,4.297e-11,1.35e-11,3.263e-12,6.207e-13,1.145e-13,3.142e-14,1.377e-14,7.61e-15,4.598e-15,2.796e-15,1.577e-15,7.08e-16
pal0p1,waccm_eq,231.2215,5.425e-09,5.094e-09,4.208e-09,3.038e-09,1.898e-09,1.009e-09,4.473e-10,1.615e-10,4.671e-11,1.11e-11,2.548e-12,7.712e-13,3.4e-13,1.874e-13,1.137e-13,6.969e-14,3.96e-14,1.777e-14
pal0p1,waccm_eq,233.926,2.567e-08,2.428e-08,2.049e-08,1.535e-08,1.012e-08,5.789e-09,2.828e-09,1.158e-09,3.927e-10,1.129e-10,3.098e-11,1.016e-11,4.485e-12,2.456e-12,1.494e-12,9.234e-13,5.292e-13,2.376e-13
pal0p1,waccm_eq,236.6945,1.635e-07,1.556e-07,1.34e-07,1.04e-07,7.208e-08,4.42e-08,2.364e-08,1.087e-08,4.265e-09,1.45e-09,4.628e-10,1.629e-10,7.182e-11,3.895e-11,2.373e-11,1.479e-11,8.557e-12,3.852e-12
pal0p1,waccm_eq,239.5295,2.494e-06,2.402e-06,2.145e-06,1.77e-06,1.343e-06,9.303e-07,5.833e-07,3.281e-07,1.646e-07,7.399e-08,3.072e-08,1.281e-08,5.898e-09,3.183e-09,1.943e-09,1.229e-09,7.267e-10,3.333e-10
pal0p1,waccm_eq,242.433,0.0001637,0.0001598,0.0001488,0.0001317,0.0001107,8.774e-05,6.529e-05,4.525e-05,2.897e-05,1.701e-05,9.15e-06,4.614e-06,2.298e-06,1.237e-06,7.499e-07,4.823e-07,2.942e-07,1.405e-07
pal0p1,waccm_eq,245.408,0.0001065,0.0001038,9.62e-05,8.452e-05,7.017e-05,5.476e-05,3.99e-05,2.691e-05,1.664e-05,9.345e-06,4.763e-06,2.251e-06,1.059e-06,5.522e-07,3.326e-07,2.137e-07,1.299e-07,6.129e-08
pal0p1,waccm_eq,248.457,7.795e-05,7.592e-05,7.008e-05,6.117e-05,5.031e-05,3.875e-05,2.775e-05,1.829e-05,1.098e-05,5.936e-06,2.883e-06,1.288e-06,5.748e-07,2.914e-07,1.746e-07,1.121e-07,6.784e-08,3.168e-08
pal0p1,waccm_eq,251.5825,6.507e-05,6.333e-05,5.835e-05,5.076e-05,4.154e-05,3.178e-05,2.255e-05,1.468e-05,8.668e-06,4.583e-06,2.16e-06,9.302e-07,3.999e-07,1.983e-07,1.181e-07,7.565e-08,4.569e-08,2.122e-08
pal0p1,waccm_eq,254.7875,8.935e-05,8.695e-05,8.006e-05,6.958e-05,5.685e-05,4.339e-05,3.068e-05,1.988e-05,1.166e-05,6.099e-06,2.831e-06,1.192e-06,4.99e-07,2.427e-07,1.435e-07,9.177e-08,5.536e-08,2.566e-08
pal0p1,waccm_eq,258.075,0.000203,0.0001977,0.0001824,0.0001591,0.0001306,0.0001004,7.157e-05,4.686e-05,2.78e-05,1.474e-05,6.933e-06,2.946e-06,1.232e-06,5.914e-07,3.462e-07,2.207e-07,1.333e-07,6.218e-08
pal0p1,waccm_eq,261.449,0.0002147,0.0002093,0.0001938,0.0001701,0.0001409,0.0001095,7.929e-05,5.289e-05,3.21e-05,1.749e-05,8.476e-06,3.704e-06,1.571e-06,7.488e-07,4.327e-07,2.748e-07,1.664e-07,7.841e-08
pal0p1,waccm_eq,264.9125,0.0009366,0.0009148,0.0008518,0.0007546,0.0006336,0.0005017,0.0003718,0.0002555,0.0001609,9.163e-05,4.676e-05,2.154e-05,9.483e-06,4.529e-06,2.575e-06,1.623e-06,9.862e-07,4.724e-07
pal0p1,waccm_eq,268.4685,0.001926,0.001886,0.001769,0.001586,0.001356,0.0011,0.0008415,0.0006016,0.0003979,0.0002407,0.0001318,6.548e-05,3.064e-05,1.489e-05,8.31e-06,5.173e-06,3.152e-06,1.541e-06
pal0p1,waccm_eq,272.1215,0.00364,0.003573,0.003379,0.003072,0.00268,0.002233,0.001768,0.00132,0.0009223,0.0005962,0.0003533,0.0001914,9.672e-05,4.868e-05,2.677e-05,1.634e-05,9.944e-06,4.966e-06
pal0p1,waccm_eq,275.8755,0.007087,0.006977,0.006653,0.006139,0.005468,0.004687,0.003849,0.003011,0.002227,0.001545,0.0009951,0.0005922,0.0003276,0.0001745,9.589e-05,5.695e-05,3.435e-05,1.746e-05
pal0p1,waccm_eq,279.734,0.009745,0.009619,0.009245,0.008646,0.007853,0.006909,0.005869,0.00479,0.003735,0.002762,0.001922,0.001249,0.0007565,0.0004327,0.0002429,0.0001408,8.313e-05,4.26e-05
pal0p1,waccm_eq,283.702,0.0366,0.0362,0.03504,0.03316,0.0299,0.02757,0.02412,0.02043,0.01667,0.01304,0.009704,0.006819,0.004497,0.002781,0.001634,0.0009411,0.0005387,0.0002741
pal0p1,waccm_eq,287.7845,0.0865,0.08572,0.08343,0.07969,0.07463,0.06841,0.06126,0.05343,0.04523,0.03698,0.02904,0.02174,0.0154,0.01026,0.006399,0.003764,0.002103,0.001044
pal0p1,waccm_eq,291.9865,0.2066,0.205,0.2004,0.1927,0.1823,0.1694,0.1544,0.1376,0.1197,0.1011,0.08264,0.06491,0.04862,0.03442,0.0228,0.01398,0.007812,0.003752
pal0p1,waccm_eq,296.309,0.2456,0.244,0.2391,0.2311,0.2201,0.2064,0.1903,0.1722,0.1525,0.1318,0.1106,0.08976,0.06988,0.05173,0.03594,0.02302,0.01315,0.00619
pal0p1,waccm_eq,300.5,0.2499,0.2484,0.2439,0.2364,0.2261,0.2132,0.198,0.1807,0.1618,0.1416,0.1209,0.09998,0.07967,0.0606,0.04344,0.02874,0.01684,0.007915
pal0p1,waccm_eq,303.0,0.359,0.3569,0.3506,0.3402,0.326,0.3081,0.2869,0.2628,0.2363,0.2081,0.1787,0.149,0.1199,0.09224,0.067,0.04497,0.02673,0.01261
pal0p1,waccm_eq,304.0,0.3373,0.3354,0.3295,0.3199,0.3066,0.29,0.2702,0.2478,0.2231,0.1967,0.1692,0.1413,0.114,0.08792,0.06406,0.04315,0.02573,0.01216
pal0p1,waccm_eq,305.0,0.3805,0.3783,0.3718,0.361,0.3462,0.3277,0.3056,0.2805,0.2529,0.2234,0.1925,0.1613,0.1304,0.101,0.07386,0.04999,0.02995,0.01418
pal0p1,waccm_eq,306.0,0.3164,0.3146,0.3093,0.3004,0.2882,0.2729,0.2547,0.2339,0.2111,0.1866,0.1611,0.1351,0.1095,0.08496,0.06232,0.0423,0.02542,0.01206
pal0p1,waccm_eq,307.0,0.3577,0.3556,0.3496,0.3397,0.326,0.3088,0.2884,0.2652,0.2395,0.212,0.1833,0.154,0.125,0.09723,0.07152,0.0487,0.02937,0.01396
pal0p1,waccm_eq,308.0,0.3722,0.3701,0.3639,0.3536,0.3395,0.3218,0.3007,0.2766,0.2501,0.2216,0.1918,0.1614,0.1313,0.1023,0.07547,0.05155,0.03119,0.01486
pal0p1,waccm_eq,309.0,0.3616,0.3596,0.3536,0.3437,0.33,0.3129,0.2925,0.2692,0.2435,0.2159,0.187,0.1575,0.1283,0.1001,0.07392,0.05057,0.03065,0.01462
pal0p1,waccm_eq,310.0,0.3145,0.3128,0.3076,0.299,0.2873,0.2725,0.2549,0.2348,0.2126,0.1887,0.1636,0.1381,0.1126,0.0881,0.06524,0.04477,0.02723,0.01302
pal0p1,waccm_eq,311.0,0.5033,0.5005,0.4923,0.4787,0.4599,0.4363,0.4083,0.3762,0.3408,0.3026,0.2627,0.2218,0.1811,0.1417,0.1051,0.07219,0.04397,0.02105
pal0p1,waccm_eq,312.0,0.4184,0.4161,0.4093,0.398,0.3825,0.363,0.3398,0.3132,0.2839,0.2523,0.2192,0.1852,0.1514,0.1187,0.08811,0.06065,0.03702,0.01775
pal0p1,waccm_eq,313.0,0.4363,0.434,0.4269,0.4152,0.3991,0.3789,0.3548,0.3272,0.2967,0.2639,0.2294,0.1941,0.1588,0.1246,0.09267,0.0639,0.03909,0.01878
pal0p1,waccm_eq,314.0,0.4642,0.4617,0.4542,0.4418,0.4247,0.4032,0.3777,0.3484,0.3161,0.2812,0.2445,0.207,0.1694,0.1331,0.09897,0.06829,0.04179,0.02009
pal0p1,waccm_eq,316.0,0.4307,0.4284,0.4215,0.4101,0.3944,0.3746,0.3511,0.3241,0.2943,0.2621,0.2282,0.1934,0.1586,0.1248,0.09301,0.06433,0.03949,0.01903
pal0p1,waccm_eq,320.0,0.498,0.4954,0.4875,0.4745,0.4566,0.434,0.407,0.3761,0.3419,0.3049,0.2659,0.2257,0.1855,0.1462,0.1092,0.07572,0.04662,0.02254
pal0p1,waccm_eq,325.0,0.5891,0.5861,0.5769,0.5617,0.5407,0.5142,0.4827,0.4465,0.4063,0.3628,0.3169,0.2695,0.2218,0.1751,0.131,0.09098,0.05613,0.02721
pal0p1,waccm_eq,330.0,0.7085,0.7049,0.6939,0.6758,0.6508,0.6193,0.5817,0.5385,0.4904,0.4384,0.3833,0.3263,0.2688,0.2125,0.1591,0.1105,0.06819,0.03309
pal0p1,waccm_eq,335.0,0.6624,0.659,0.6489,0.6321,0.6089,0.5797,0.5447,0.5046,0.46,0.4115,0.3601,0.3069,0.2531,0.2002,0.1499,0.1041,0.06426,0.0312
pal0p1,waccm_eq,340.0,0.7153,0.7116,0.7008,0.6828,0.658,0.6266,0.5892,0.5461,0.4981,0.446,0.3906,0.3332,0.275,0.2176,0.163,0.1132,0.06979,0.03389
pal0p1,waccm_eq,345.0,0.7034,0.6999,0.6893,0.6717,0.6475,0.6169,0.5803,0.5382,0.4912,0.4401,0.3858,0.3293,0.272,0.2154,0.1614,0.112,0.06898,0.0335
pal0p1,waccm_eq,350.0,0.7363,0.7326,0.7216,0.7034,0.6782,0.6463,0.6082,0.5644,0.5155,0.4622,0.4054,0.3464,0.2863,0.2269,0.17,0.1178,0.07251,0.0352
pal0p1,waccm_eq,355.0,0.7784,0.7745,0.7629,0.7438,0.7174,0.6839,0.6439,0.5978,0.5463,0.4902,0.4303,0.3679,0.3044,0.2413,0.1808,0.1253,0.07701,0.03737
pal0p1,waccm_eq,360.0,0.712,0.7085,0.698,0.6806,0.6566,0.6262,0.5898,0.5478,0.5009,0.4497,0.3951,0.3381,0.2799,0.2221,0.1665,0.1153,0.07075,0.03432
pal0p1,waccm_eq,365.0,0.9057,0.9013,0.888,0.8661,0.8357,0.7973,0.7512,0.6981,0.6387,0.5739,0.5046,0.4321,0.3581,0.2843,0.2131,0.1475,0.09041,0.04382
pal0p1,waccm_eq,370.0,0.9422,0.9376,0.9239,0.9012,0.8698,0.8301,0.7824,0.7275,0.6659,0.5987,0.5268,0.4515,0.3744,0.2975,0.2231,0.1543,0.09447,0.04575
pal0p1,waccm_eq,375.0,0.8516,0.8475,0.8352,0.8148,0.7866,0.7509,0.7081,0.6586,0.6033,0.5427,0.4779,0.4099,0.3402,0.2705,0.2029,0.1403,0.08577,0.0415
pal0p1,waccm_eq,380.0,0.9795,0.9748,0.9608,0.9375,0.9052,0.8643,0.8153,0.7588,0.6953,0.6259,0.5516,0.4735,0.3933,0.3129,0.2349,0.1624,0.0991,0.0479
pal0p1,waccm_eq,385.0,0.7389,0.7353,0.7248,0.7073,0.6831,0.6524,0.6157,0.5732,0.5256,0.4734,0.4174,0.3586,0.2981,0.2374,0.1783,0.1232,0.07509,0.03625
pal0p1,waccm_eq,390.0,0.9653,0.9607,0.947,0.9243,0.8928,0.853,0.8052,0.75,0.688,0.62,0.5471,0.4704,0.3914,0.3119,0.2343,0.1619,0.09855,0.04751
pal0p1,waccm_eq,395.0,0.7491,0.7456,0.735,0.7175,0.6932,0.6625,0.6255,0.5829,0.5349,0.4824,0.426,0.3665,0.3052,0.2434,0.183,0.1264,0.07684,0.03699
pal0p1,waccm_eq,400.0,1.391,1.385,1.365,1.333,1.288,1.231,1.163,1.084,0.9954,0.8981,0.7935,0.6833,0.5694,0.4545,0.3419,0.2362,0.1434,0.06891
pal0p1,waccm_eq,405.0,1.419,1.412,1.393,1.36,1.314,1.257,1.187,1.107,1.017,0.9181,0.8117,0.6995,0.5834,0.466,0.3508,0.2423,0.1469,0.07048
pal0p1,waccm_eq,410.0,1.464,1.457,1.437,1.403,1.356,1.297,1.226,1.143,1.051,0.9491,0.8397,0.7241,0.6044,0.4832,0.364,0.2515,0.1523,0.07291
pal0p1,waccm_eq,415.0,1.526,1.519,1.497,1.462,1.414,1.352,1.279,1.193,1.097,0.9913,0.8775,0.7573,0.6326,0.5061,0.3815,0.2637,0.1595,0.0762
pal0p1,waccm_eq,420.0,1.54,1.533,1.512,1.477,1.428,1.366,1.292,1.206,1.109,1.003,0.8883,0.7671,0.6413,0.5135,0.3874,0.2678,0.1618,0.07714
pal0p1,waccm_eq,425.0,1.471,1.464,1.444,1.41,1.364,1.305,1.235,1.153,1.061,0.9596,0.8504,0.7349,0.6148,0.4927,0.372,0.2572,0.1552,0.07385
pal0p1,waccm_eq,430.0,1.357,1.351,1.332,1.302,1.259,1.205,1.14,1.065,0.9802,0.8871,0.7866,0.6801,0.5695,0.4568,0.3451,0.2387,0.1439,0.06831
pal0p1,waccm_eq,435.0,1.576,1.568,1.547,1.511,1.462,1.4,1.325,1.238,1.14,1.032,0.9155,0.7921,0.6637,0.5328,0.4028,0.2787,0.1679,0.07951
pal0p1,waccm_eq,440.0,1.621,1.614,1.592,1.556,1.505,1.441,1.364,1.275,1.174,1.064,0.9442,0.8175,0.6854,0.5507,0.4166,0.2884,0.1736,0.08201
pal0p1,waccm_eq,445.0,1.742,1.734,1.71,1.671,1.617,1.549,1.466,1.371,1.263,1.145,1.017,0.8806,0.7389,0.5941,0.4499,0.3116,0.1874,0.08831
pal0p1,waccm_eq,450.0,1.853,1.844,1.819,1.778,1.721,1.648,1.561,1.46,1.345,1.22,1.084,0.9393,0.7887,0.6346,0.4809,0.3333,0.2003,0.09415
pal0p1,waccm_eq,455.0,1.813,1.805,1.781,1.741,1.685,1.614,1.529,1.43,1.319,1.196,1.063,0.9218,0.7746,0.6237,0.4731,0.328,0.197,0.09237
pal0p1,waccm_eq,460.0,1.867,1.859,1.834,1.793,1.735,1.663,1.575,1.474,1.359,1.233,1.097,0.9516,0.8001,0.6448,0.4894,0.3395,0.2038,0.0953
pal0p1,waccm_eq,465.0,1.846,1.838,1.813,1.773,1.716,1.645,1.558,1.458,1.346,1.221,1.086,0.9433,0.7936,0.64,0.4862,0.3375,0.2025,0.09444
pal0p1,waccm_eq,470.0,1.836,1.828,1.804,1.764,1.708,1.637,1.551,1.452,1.34,1.216,1.083,0.9406,0.7918,0.639,0.4858,0.3374,0.2024,0.09415
pal0p1,waccm_eq,475.0,1.859,1.85,1.826,1.785,1.729,1.657,1.571,1.47,1.357,1.233,1.098,0.954,0.8036,0.6491,0.4938,0.3432,0.2059,0.09548
pal0p1,waccm_eq,480.0,1.914,1.905,1.88,1.838,1.78,1.707,1.618,1.515,1.399,1.271,1.132,0.9844,0.8297,0.6706,0.5106,0.3551,0.2129,0.09847
pal0p1,waccm_eq,485.0,1.739,1.731,1.708,1.67,1.618,1.551,1.471,1.378,1.272,1.156,1.03,0.8964,0.7559,0.6114,0.4659,0.3242,0.1943,0.08965
pal0p1,waccm_eq,490.0,1.811,1.803,1.779,1.74,1.685,1.616,1.532,1.436,1.326,1.206,1.075,0.9355,0.7894,0.6389,0.4872,0.3393,0.2034,0.09358
pal0p1,waccm_eq,495.0,1.845,1.837,1.813,1.773,1.718,1.647,1.562,1.464,1.353,1.23,1.097,0.9552,0.8064,0.6531,0.4984,0.3473,0.2082,0.09555
pal0p1,waccm_eq,500.0,1.762,1.754,1.731,1.693,1.64,1.573,1.492,1.398,1.293,1.176,1.049,0.9136,0.7718,0.6254,0.4776,0.333,0.1996,0.09136
pal0p1,waccm_eq,505.0,1.792,1.784,1.761,1.722,1.669,1.601,1.519,1.424,1.316,1.197,1.069,0.9311,0.7869,0.638,0.4876,0.3402,0.2039,0.09305
pal0p1,waccm_eq,510.0,1.777,1.769,1.746,1.708,1.655,1.588,1.506,1.412,1.306,1.188,1.061,0.925,0.7821,0.6345,0.4853,0.3388,0.2031,0.09247
pal0p1,waccm_eq,515.0,1.648,1.641,1.619,1.584,1.535,1.473,1.397,1.31,1.212,1.103,0.9852,0.8592,0.7269,0.5901,0.4516,0.3156,0.1892,0.08593
pal0p1,waccm_eq,520.0,1.695,1.687,1.666,1.629,1.579,1.515,1.438,1.349,1.248,1.136,1.015,0.8853,0.7493,0.6086,0.4661,0.3259,0.1954,0.08854
pal0p1,waccm_eq,525.0,1.702,1.695,1.673,1.637,1.586,1.522,1.445,1.355,1.254,1.142,1.02,0.8906,0.7541,0.6129,0.4697,0.3286,0.197,0.08905
pal0p1,waccm_eq,530.0,1.796,1.788,1.765,1.727,1.673,1.606,1.525,1.43,1.324,1.206,1.078,0.9408,0.7969,0.648,0.4969,0.3479,0.2086,0.09402
pal0p1,waccm_eq,535.0,1.741,1.734,1.711,1.674,1.623,1.558,1.479,1.388,1.284,1.17,1.046,0.9137,0.7743,0.63,0.4834,0.3386,0.2031,0.09133
pal0p1,waccm_eq,540.0,1.743,1.736,1.713,1.676,1.625,1.56,1.481,1.39,1.287,1.172,1.049,0.9161,0.7766,0.6322,0.4854,0.3403,0.2041,0.09162
pal0p1,waccm_eq,545.0,1.77,1.762,1.74,1.702,1.65,1.584,1.504,1.412,1.307,1.191,1.066,0.9315,0.79,0.6434,0.4943,0.3468,0.2081,0.09318
pal0p1,waccm_eq,550.0,1.776,1.769,1.746,1.708,1.656,1.59,1.51,1.417,1.313,1.197,1.071,0.936,0.7942,0.6471,0.4975,0.3492,0.2096,0.09368
pal0p1,waccm_eq,555.0,1.764,1.756,1.734,1.697,1.645,1.579,1.5,1.408,1.304,1.19,1.065,0.9311,0.7904,0.6445,0.4958,0.3484,0.2092,0.09325
pal0p1,waccm_eq,560.0,1.721,1.714,1.692,1.656,1.605,1.542,1.464,1.375,1.274,1.162,1.04,0.9098,0.7726,0.6302,0.4851,0.341,0.2048,0.0911
pal0p1,waccm_eq,565.0,1.726,1.719,1.697,1.66,1.61,1.546,1.469,1.379,1.278,1.166,1.044,0.9133,0.7758,0.6331,0.4876,0.343,0.206,0.09145
pal0p1,waccm_eq,570.0,1.717,1.71,1.688,1.652,1.602,1.539,1.462,1.373,1.272,1.161,1.039,0.9099,0.7732,0.6312,0.4864,0.3423,0.2057,0.09114
pal0p1,waccm_eq,575.0,1.747,1.74,1.718,1.681,1.63,1.566,1.488,1.397,1.295,1.182,1.058,0.9267,0.7878,0.6434,0.4961,0.3494,0.2101,0.0929
pal0p1,waccm_eq,580.0,1.718,1.71,1.689,1.653,1.603,1.539,1.463,1.374,1.274,1.163,1.042,0.9122,0.7758,0.6339,0.489,0.3447,0.2074,0.09159
pal0p1,waccm_eq,585.0,1.718,1.71,1.689,1.653,1.603,1.54,1.463,1.375,1.274,1.163,1.043,0.9133,0.7769,0.6352,0.4903,0.3458,0.2082,0.09185
pal0p1,waccm_eq,590.0,1.657,1.65,1.629,1.595,1.547,1.486,1.412,1.327,1.23,1.123,1.007,0.8821,0.7507,0.614,0.4742,0.3347,0.2016,0.08883
pal0p1,waccm_eq,595.0,1.692,1.684,1.663,1.628,1.579,1.517,1.442,1.355,1.256,1.147,1.028,0.9014,0.7673,0.6278,0.4851,0.3426,0.2065,0.09082
pal0p1,waccm_eq,600.0,1.652,1.646,1.625,1.59,1.543,1.482,1.409,1.324,1.228,1.121,1.005,0.8814,0.7505,0.6143,0.4749,0.3356,0.2023,0.08883
pal0p1,waccm_eq,605.0,1.672,1.665,1.644,1.609,1.561,1.499,1.425,1.34,1.242,1.135,1.018,0.8925,0.7602,0.6225,0.4815,0.3404,0.2053,0.09006
pal0p1,waccm_eq,610.0,1.648,1.641,1.621,1.586,1.539,1.479,1.406,1.321,1.226,1.12,1.004,0.881,0.7506,0.6149,0.4759,0.3368,0.2033,0.08911
pal0p1,waccm_eq,615.0,1.607,1.6,1.58,1.546,1.5,1.442,1.371,1.288,1.195,1.092,0.9799,0.8597,0.7327,0.6005,0.4651,0.3293,0.199,0.08718
pal0p1,waccm_eq,620.0,1.628,1.621,1.601,1.567,1.52,1.461,1.389,1.306,1.212,1.107,0.9937,0.872,0.7435,0.6096,0.4723,0.3347,0.2024,0.08864
pal0p1,waccm_eq,625.0,1.591,1.585,1.565,1.532,1.486,1.428,1.358,1.277,1.185,1.083,0.9722,0.8534,0.7278,0.597,0.4628,0.3282,0.1986,0.08693
pal0p1,waccm_eq,630.0,1.592,1.585,1.565,1.533,1.487,1.429,1.359,1.278,1.186,1.084,0.9732,0.8545,0.7289,0.5982,0.464,0.3293,0.1994,0.08723
pal0p1,waccm_eq,635.0,1.579,1.572,1.553,1.52,1.475,1.418,1.348,1.268,1.177,1.076,0.966,0.8484,0.724,0.5943,0.4612,0.3276,0.1985,0.08681
pal0p1,waccm_eq,640.0,1.559,1.552,1.533,1.501,1.456,1.4,1.331,1.252,1.162,1.063,0.9545,0.8384,0.7157,0.5877,0.4564,0.3243,0.1967,0.08599
pal0p1,waccm_eq,644.8,1.548,1.542,1.523,1.491,1.447,1.391,1.323,1.244,1.155,1.056,0.9487,0.8335,0.7117,0.5846,0.4542,0.323,0.1961,0.08568
pal0p1,waccm_eq,651.05,1.527,1.521,1.502,1.471,1.427,1.372,1.305,1.228,1.14,1.042,0.9366,0.8231,0.703,0.5778,0.4492,0.3197,0.1942,0.08484
pal0p1,waccm_eq,660.0,1.447,1.441,1.423,1.394,1.353,1.3,1.237,1.164,1.081,0.9886,0.8885,0.7811,0.6675,0.5489,0.4271,0.3043,0.1851,0.08082
pal0p1,waccm_eq,670.0,1.483,1.477,1.459,1.428,1.386,1.333,1.268,1.193,1.108,1.014,0.9117,0.8018,0.6855,0.5641,0.4393,0.3134,0.191,0.08333
pal0p1,waccm_eq,680.0,1.454,1.448,1.431,1.401,1.36,1.307,1.244,1.171,1.088,0.9954,0.8951,0.7874,0.6736,0.5547,0.4323,0.3088,0.1884,0.08218
pal0p1,waccm_eq,690.0,1.432,1.426,1.409,1.38,1.339,1.288,1.225,1.153,1.071,0.9809,0.8823,0.7765,0.6645,0.5475,0.4271,0.3054,0.1866,0.08137
pal0p1,waccm_eq,700.0,1.406,1.4,1.383,1.354,1.315,1.264,1.203,1.133,1.052,0.9637,0.867,0.7633,0.6535,0.5388,0.4206,0.3011,0.1842,0.08031
pal0p1,waccm_eq,710.0,1.372,1.367,1.35,1.322,1.283,1.234,1.175,1.106,1.028,0.9413,0.8471,0.7459,0.6389,0.527,0.4117,0.295,0.1807,0.07877
pal0p1,waccm_eq,720.0,1.326,1.321,1.305,1.278,1.241,1.193,1.136,1.069,0.9941,0.9105,0.8196,0.722,0.6186,0.5105,0.3991,0.2862,0.1756,0.07652
pal0p1,waccm_eq,730.0,1.295,1.29,1.274,1.248,1.211,1.165,1.109,1.044,0.9709,0.8895,0.8008,0.7056,0.6048,0.4994,0.3907,0.2805,0.1723,0.07507
pal100,atmos,120.7,0.0,0.0,0.0,0.0,0.0,0.0,0.0,0.0,0.0,0.0,0.0,0.0,0.0,0.0,0.0,0.0,0.0,0.0
pal100,atmos,121.65,0.0,0.0,0.0,0.0,0.0,0.0,0.0,0.0,0.0,0.0,0.0,0.0,0.0,0.0,0.0,0.0,0.0,0.0
pal100,atmos,122.1,0.0,0.0,0.0,0.0,0.0,0.0,0.0,0.0,0.0,0.0,0.0,0.0,0.0,0.0,0.0,0.0,0.0,0.0
pal100,atmos,122.7,0.0,0.0,0.0,0.0,0.0,0.0,0.0,0.0,0.0,0.0,0.0,0.0,0.0,0.0,0.0,0.0,0.0,0.0
pal100,atmos,123.45,0.0,0.0,0.0,0.0,0.0,0.0,0.0,0.0,0.0,0.0,0.0,0.0,0.0,0.0,0.0,0.0,0.0,0.0
pal100,atmos,124.2,0.0,0.0,0.0,0.0,0.0,0.0,0.0,0.0,0.0,0.0,0.0,0.0,0.0,0.0,0.0,0.0,0.0,0.0
pal100,atmos,125.0,0.0,0.0,0.0,0.0,0.0,0.0,0.0,0.0,0.0,0.0,0.0,0.0,0.0,0.0,0.0,0.0,0.0,0.0
pal100,atmos,125.8,0.0,0.0,0.0,0.0,0.0,0.0,0.0,0.0,0.0,0.0,0.0,0.0,0.0,0.0,0.0,0.0,0.0,0.0
pal100,atmos,126.6,0.0,0.0,0.0,0.0,0.0,0.0,0.0,0.0,0.0,0.0,0.0,0.0,0.0,0.0,0.0,0.0,0.0,0.0
pal100,atmos,127.8,0.0,0.0,0.0,0.0,0.0,0.0,0.0,0.0,0.0,0.0,0.0,0.0,0.0,0.0,0.0,0.0,0.0,0.0
pal100,atmos,129.0,0.0,0.0,0.0,0.0,0.0,0.0,0.0,0.0,0.0,0.0,0.0,0.0,0.0,0.0,0.0,0.0,0.0,0.0
pal100,atmos,129.85,0.0,0.0,0.0,0.0,0.0,0.0,0.0,0.0,0.0,0.0,0.0,0.0,0.0,0.0,0.0,0.0,0.0,0.0
pal100,atmos,131.15,0.0,0.0,0.0,0.0,0.0,0.0,0.0,0.0,0.0,0.0,0.0,0.0,0.0,0.0,0.0,0.0,0.0,0.0
pal100,atmos,133.5,0.0,0.0,0.0,0.0,0.0,0.0,0.0,0.0,0.0,0.0,0.0,0.0,0.0,0.0,0.0,0.0,0.0,0.0
pal100,atmos,136.0,0.0,0.0,0.0,0.0,0.0,0.0,0.0,0.0,0.0,0.0,0.0,0.0,0.0,0.0,0.0,0.0,0.0,0.0
pal100,atmos,141.0,0.0,0.0,0.0,0.0,0.0,0.0,0.0,0.0,0.0,0.0,0.0,0.0,0.0,0.0,0.0,0.0,0.0,0.0
pal100,atmos,150.0,0.0,0.0,0.0,0.0,0.0,0.0,0.0,0.0,0.0,0.0,0.0,0.0,0.0,0.0,0.0,0.0,0.0,0.0
pal100,atmos,160.0,0.0,0.0,0.0,0.0,0.0,0.0,0.0,0.0,0.0,0.0,0.0,0.0,0.0,0.0,0.0,0.0,0.0,0.0
pal100,atmos,167.5,0.0,0.0,0.0,0.0,0.0,0.0,0.0,0.0,0.0,0.0,0.0,0.0,0.0,0.0,0.0,0.0,0.0,0.0
pal100,atmos,172.7,0.0,0.0,0.0,0.0,0.0,0.0,0.0,0.0,0.0,0.0,0.0,0.0,0.0,0.0,0.0,0.0,0.0,0.0
pal100,atmos,176.2,0.0,0.0,0.0,0.0,0.0,0.0,0.0,0.0,0.0,0.0,0.0,0.0,0.0,0.0,0.0,0.0,0.0,0.0
pal100,atmos,177.8,0.0,0.0,0.0,0.0,0.0,0.0,0.0,0.0,0.0,0.0,0.0,0.0,0.0,0.0,0.0,0.0,0.0,0.0
pal100,atmos,179.4,0.0,0.0,0.0,0.0,0.0,0.0,0.0,0.0,0.0,0.0,0.0,0.0,0.0,0.0,0.0,0.0,0.0,0.0
pal100,atmos,181.0,0.0,0.0,0.0,0.0,0.0,0.0,0.0,0.0,0.0,0.0,0.0,0.0,0.0,0.0,0.0,0.0,0.0,0.0
pal100,atmos,182.65,0.0,0.0,0.0,0.0,0.0,0.0,0.0,0.0,0.0,0.0,0.0,0.0,0.0,0.0,0.0,0.0,0.0,0.0
pal100,atmos,184.35,0.0,0.0,0.0,0.0,0.0,0.0,0.0,0.0,0.0,0.0,0.0,0.0,0.0,0.0,0.0,0.0,0.0,0.0
pal100,atmos,186.05,0.0,0.0,0.0,0.0,0.0,0.0,0.0,0.0,0.0,0.0,0.0,0.0,0.0,0.0,0.0,0.0,0.0,0.0
pal100,atmos,187.8,0.0,0.0,0.0,0.0,0.0,0.0,0.0,0.0,0.0,0.0,0.0,0.0,0.0,0.0,0.0,0.0,0.0,0.0
pal100,atmos,189.6,0.0,0.0,0.0,0.0,0.0,0.0,0.0,0.0,0.0,0.0,0.0,0.0,0.0,0.0,0.0,0.0,0.0,0.0
pal100,atmos,191.4,0.0,0.0,0.0,0.0,0.0,0.0,0.0,0.0,0.0,0.0,0.0,0.0,0.0,0.0,0.0,0.0,0.0,0.0
pal100,atmos,193.25,0.0,0.0,0.0,0.0,0.0,0.0,0.0,0.0,0.0,0.0,0.0,0.0,0.0,0.0,0.0,0.0,0.0,0.0
pal100,atmos,195.15,0.0,0.0,0.0,0.0,0.0,0.0,0.0,0.0,0.0,0.0,0.0,0.0,0.0,0.0,0.0,0.0,0.0,0.0
pal100,atmos,197.05,0.0,0.0,0.0,0.0,0.0,0.0,0.0,0.0,0.0,0.0,0.0,0.0,0.0,0.0,0.0,0.0,0.0,0.0
pal100,atmos,199.0,0.0,0.0,0.0,0.0,0.0,0.0,0.0,0.0,0.0,0.0,0.0,0.0,0.0,0.0,0.0,0.0,0.0,0.0
pal100,atmos,201.0,0.0,0.0,0.0,0.0,0.0,0.0,0.0,0.0,0.0,0.0,0.0,0.0,0.0,0.0,0.0,0.0,0.0,0.0
pal100,atmos,203.05,0.0,0.0,0.0,0.0,0.0,0.0,0.0,0.0,0.0,0.0,0.0,0.0,0.0,0.0,0.0,0.0,0.0,0.0
pal100,atmos,205.15,0.0,0.0,0.0,0.0,0.0,0.0,0.0,0.0,0.0,0.0,0.0,0.0,0.0,0.0,0.0,0.0,0.0,0.0
pal100,atmos,207.2665,1.604e-20,1.366e-20,8.402e-21,3.66e-21,1.094e-21,2.138e-22,2.544e-23,1.673e-24,5.355e-26,7.36e-28,6.033e-30,3.311e-31,8.572e-32,3.46e-32,1.809e-32,1.073e-32,6.412e-33,3.367e-33
pal100,atmos,209.4295,9.682e-20,8.29e-20,5.175e-20,2.314e-20,7.183e-21,1.477e-21,1.879e-22,1.347e-23,4.816e-25,7.627e-27,7.299e-29,3.804e-30,8.83e-31,3.386e-31,1.77e-31,1.065e-31,6.463e-32,3.453e-32
pal100,atmos,211.646,6.142e-19,5.287e-19,3.355e-19,1.542e-19,4.987e-20,1.084e-20,1.483e-21,1.168e-22,4.713e-24,8.742e-26,1.005e-27,4.967e-29,9.952e-30,3.611e-30,1.913e-30,1.174e-30,7.252e-31,3.95e-31
pal100,atmos,213.91,1.211e-18,1.045e-18,6.674e-19,3.103e-19,1.02e-19,2.267e-20,3.194e-21,2.613e-22,1.108e-23,2.188e-25,2.642e-27,1.103e-28,1.81e-29,6.304e-30,3.443e-30,2.163e-30,1.359e-30,7.539e-31
pal100,atmos,216.2225,1.569e-18,1.356e-18,8.696e-19,4.073e-19,1.353e-19,3.051e-20,4.381e-21,3.676e-22,1.611e-23,3.327e-25,4.127e-27,1.389e-28,1.782e-29,6.144e-30,3.494e-30,2.243e-30,1.432e-30,8.087e-31
pal100,atmos,218.5855,2.537e-18,2.194e-18,1.412e-18,6.654e-19,2.23e-19,5.09e-20,7.431e-21,6.373e-22,2.879e-23,6.216e-25,7.939e-27,2.064e-28,1.987e-29,7.082e-30,4.194e-30,2.743e-30,1.777e-30,1.02e-30
pal100,atmos,221.001,1.305e-18,1.126e-18,7.192e-19,3.344e-19,1.1e-19,2.446e-20,3.455e-21,2.842e-22,1.22e-23,2.469e-25,2.791e-27,4.859e-29,3.418e-30,1.312e-30,8.024e-31,5.325e-31,3.491e-31,2.031e-31
pal100,atmos,223.4705,4.267e-19,3.662e-19,2.304e-19,1.044e-19,3.305e-20,6.986e-21,9.235e-22,6.983e-23,2.695e-24,4.766e-26,4.299e-28,4.508e-30,2.319e-31,9.775e-32,6.114e-32,4.104e-32,2.717e-32,1.598e-32
pal100,atmos,225.996,5.868e-20,5.005e-20,3.088e-20,1.353e-20,4.084e-21,8.092e-22,9.836e-23,6.686e-24,2.257e-25,3.368e-27,2.335e-29,1.329e-31,5.116e-33,2.351e-33,1.496e-33,1.014e-33,6.773e-34,4.021e-34
pal100,atmos,228.579,3.402e-21,2.871e-21,1.714e-21,7.109e-22,1.979e-22,3.516e-23,3.708e-24,2.103e-25,5.639e-27,6.242e-29,2.781e-31,7.191e-34,2.128e-35,1.046e-35,6.748e-36,4.614e-36,3.103e-36,1.855e-36
pal100,atmos,231.2215,7.566e-23,6.292e-23,3.596e-23,1.383e-23,3.454e-24,5.295e-25,4.606e-26,2.041e-27,3.991e-29,2.925e-31,7.231e-34,7.329e-37,1.73e-38,8.882e-39,5.786e-39,3.983e-39,2.694e-39,1.619e-39
pal100,atmos,233.926,5.807e-25,4.747e-25,2.573e-25,9.039e-26,1.978e-26,2.537e-27,1.748e-28,5.737e-30,7.638e-32,3.382e-34,4.139e-37,1.454e-40,2.819e-42,1.488e-42,9.767e-43,6.754e-43,4.596e-43,2.775e-43
pal100,atmos,236.6945,4.066e-27,3.26e-27,1.666e-27,5.293e-28,1.001e-28,1.053e-29,5.597e-31,1.316e-32,1.14e-34,2.88e-37,1.624e-40,1.822e-44,0.0,0.0,0.0,0.0,0.0,0.0
pal100,atmos,239.5295,4.747e-29,3.746e-29,1.825e-29,5.343e-30,8.97e-31,8.035e-32,3.463e-33,6.211e-35,3.795e-37,6.02e-40,1.738e-43,0.0,0.0,0.0,0.0,0.0,0.0,0.0
pal100,atmos,242.433,2.122e-30,1.653e-30,7.739e-31,2.117e-31,3.219e-32,2.521e-33,9.101e-35,1.296e-36,5.849e-39,6.135e-42,1.401e-45,0.0,0.0,0.0,0.0,0.0,0.0,0.0
pal100,atmos,245.408,4.071e-33,3.096e-33,1.349e-33,3.264e-34,4.151e-35,2.549e-36,6.696e-38,6.329e-40,1.687e-42,1.401e-45,0.0,0.0,0.0,0.0,0.0,0.0,0.0,0.0
pal100,atmos,248.457,1.955e-35,1.457e-35,5.97e-36,1.3e-36,1.418e-37,7.066e-39,1.412e-40,9.375e-43,1.401e-45,0.0,0.0,0.0,0.0,0.0,0.0,0.0,0.0,0.0
pal100,atmos,251.5825,9.116e-37,6.717e-37,2.657e-37,5.448e-38,5.443e-39,2.41e-40,4.121e-42,2.242e-44,0.0,0.0,0.0,0.0,0.0,0.0,0.0,0.0,0.0,0.0
pal100,atmos,254.7875,3.191e-37,2.339e-37,9.103e-38,1.816e-38,1.742e-39,7.299e-41,1.16e-42,5.605e-45,0.0,0.0,0.0,0.0,0.0,0.0,0.0,0.0,0.0,0.0
pal100,atmos,258.075,4.764e-36,3.519e-36,1.403e-36,2.915e-37,2.968e-38,1.347e-39,2.379e-41,1.345e-43,0.0,0.0,0.0,0.0,0.0,0.0,0.0,0.0,0.0,0.0
pal100,atmos,261.449,2.223e-34,1.668e-34,6.973e-35,1.571e-35,1.799e-36,9.58e-38,2.083e-39,1.538e-41,2.943e-44,0.0,0.0,0.0,0.0,0.0,0.0,0.0,0.0,0.0
pal100,atmos,264.9125,4.572e-31,3.518e-31,1.588e-31,4.077e-32,5.649e-33,3.893e-34,1.186e-35,1.35e-37,4.527e-40,3.181e-43,0.0,0.0,0.0,0.0,0.0,0.0,0.0,0.0
pal100,atmos,268.4685,3.946e-27,3.142e-27,1.573e-27,4.821e-28,8.644e-29,8.446e-30,4.061e-31,8.307e-33,5.882e-35,1.074e-37,3.326e-41,1.401e-45,0.0,0.0,0.0,0.0,0.0,0.0
pal100,atmos,272.1215,8.021e-23,6.356e-23,3.726e-23,1.391e-23,3.321e-24,4.785e-25,3.822e-26,1.5e-27,2.44e-29,1.289e-31,1.563e-34,2.837e-38,2.337e-40,1.24e-40,8.17e-41,5.678e-41,3.881e-41,2.364e-41
pal100,atmos,275.8755,3.01e-18,2.592e-18,1.645e-18,7.572e-19,2.452e-19,5.336e-20,7.306e-21,5.729e-22,2.253e-23,3.677e-25,1.898e-27,2.223e-30,2.109e-32,1.073e-32,6.992e-33,4.828e-33,3.286e-33,1.997e-33
pal100,atmos,279.734,3.928e-14,3.511e-14,2.497e-14,1.395e-14,5.993e-15,1.912e-15,4.317e-16,6.43e-17,5.731e-18,2.656e-19,5.243e-21,3.448e-23,4.325e-25,1.925e-25,1.234e-25,8.437e-26,5.703e-26,3.454e-26
pal100,atmos,283.702,4.463e-10,4.122e-10,3.238e-10,2.144e-10,1.179e-10,5.257e-11,1.837e-11,4.793e-12,8.725e-13,1.006e-13,6.392e-15,1.889e-16,4.417e-18,1.311e-18,8.147e-19,5.488e-19,3.67e-19,2.206e-19
pal100,atmos,287.7845,6.046e-07,5.731e-07,4.87e-07,3.69e-07,2.467e-07,1.433e-07,6.992e-08,2.876e-08,9.205e-09,2.178e-09,3.485e-10,3.363e-11,2.056e-12,3.337e-13,1.865e-13,1.225e-13,8.061e-14,4.782e-14
pal100,atmos,291.9865,0.0001526,0.0001474,0.0001327,0.000111,8.564e-05,6.04e-05,3.84e-05,2.159e-05,1.044e-05,4.178e-06,1.31e-06,2.995e-07,4.702e-08,6.762e-09,2.398e-09,1.469e-09,9.394e-10,5.452e-10
pal100,atmos,296.309,0.003958,0.003872,0.003621,0.003231,0.002741,0.002197,0.00165,0.001149,0.0007289,0.0004122,0.0002011,8.089e-05,2.533e-05,6e-06,1.398e-06,5.964e-07,3.551e-07,1.987e-07
pal100,atmos,300.5,0.02401,0.02366,0.02262,0.02096,0.01878,0.0162,0.01341,0.01055,0.007831,0.0054,0.003394,0.00189,0.0008951,0.0003418,0.0001018,2.867e-05,1.246e-05,6.483e-06
pal100,atmos,303.0,0.07041,0.06957,0.06711,0.06312,0.05779,0.05137,0.04416,0.03651,0.02883,0.02151,0.01495,0.009473,0.005306,0.002509,0.0009437,0.0002795,9.01e-05,4.119e-05
pal100,atmos,304.0,0.0785,0.07763,0.07503,0.07083,0.06519,0.05836,0.05063,0.04236,0.03394,0.02581,0.01837,0.01201,0.007,0.003487,0.001398,0.0004337,0.0001314,5.641e-05
pal100,atmos,305.0,0.1097,0.1086,0.1052,0.09978,0.09244,0.08348,0.07326,0.0622,0.05078,0.03953,0.029,0.0197,0.01208,0.006434,0.002806,0.000941,0.0002705,0.0001039
pal100,atmos,306.0,0.1047,0.1037,0.1007,0.09572,0.08905,0.08088,0.0715,0.06128,0.05064,0.04002,0.02993,0.02085,0.0132,0.007339,0.003384,0.001204,0.0003425,0.0001202
pal100,atmos,307.0,0.1367,0.1354,0.1317,0.1256,0.1174,0.1073,0.09557,0.08272,0.06921,0.05558,0.04242,0.03032,0.01987,0.01156,0.00566,0.002159,0.0006228,0.0001958
pal100,atmos,308.0,0.1623,0.1609,0.1567,0.1499,0.1407,0.1292,0.1159,0.1013,0.08571,0.06984,0.05429,0.03975,0.02688,0.0163,0.008441,0.003455,0.001036,0.0002939
pal100,atmos,309.0,0.1697,0.1683,0.1641,0.1572,0.1478,0.1362,0.1227,0.1077,0.09178,0.07539,0.05922,0.04393,0.03023,0.01876,0.01003,0.004275,0.001323,0.0003551
pal100,atmos,310.0,0.1689,0.1676,0.1636,0.1572,0.1484,0.1375,0.1248,0.1106,0.0953,0.07945,0.06359,0.04834,0.03434,0.02225,0.01261,0.005827,0.001953,0.0004857
pal100,atmos,311.0,0.2857,0.2835,0.2771,0.2665,0.2521,0.2341,0.2131,0.1895,0.1641,0.1377,0.1111,0.08527,0.06138,0.04046,0.0235,0.01123,0.00391,0.0009554
pal100,atmos,312.0,0.2567,0.2548,0.2493,0.2402,0.2277,0.2122,0.1939,0.1734,0.1512,0.1279,0.1043,0.08123,0.05956,0.04025,0.0242,0.01214,0.004499,0.001094
pal100,atmos,313.0,0.2888,0.2868,0.2808,0.271,0.2575,0.2407,0.2209,0.1986,0.1743,0.1487,0.1225,0.09675,0.07223,0.05002,0.03111,0.01639,0.006495,0.001619
pal100,atmos,314.0,0.3164,0.3142,0.3078,0.2972,0.2827,0.2646,0.2432,0.2191,0.1928,0.165,0.1366,0.1084,0.08149,0.05696,0.03588,0.01926,0.007837,0.001984
pal100,atmos,316.0,0.3271,0.325,0.3188,0.3085,0.2945,0.2768,0.256,0.2323,0.2064,0.1788,0.1502,0.1216,0.09379,0.06786,0.04489,0.02588,0.01173,0.003308
pal100,atmos,320.0,0.4238,0.4213,0.4139,0.4016,0.3847,0.3635,0.3382,0.3094,0.2777,0.2436,0.2081,0.172,0.1363,0.1023,0.07122,0.04432,0.02271,0.00768
pal100,atmos,325.0,0.5465,0.5435,0.5345,0.5197,0.4992,0.4735,0.4428,0.4077,0.3688,0.3268,0.2827,0.2374,0.1921,0.1483,0.1073,0.07084,0.04005,0.01621
pal100,atmos,330.0,0.6824,0.6788,0.6679,0.6501,0.6254,0.5942,0.5571,0.5145,0.4672,0.416,0.362,0.3062,0.2502,0.1955,0.1439,0.09743,0.05752,0.02542
pal100,atmos,335.0,0.6522,0.6489,0.6388,0.6221,0.599,0.5699,0.5352,0.4953,0.4509,0.4027,0.3517,0.299,0.2457,0.1934,0.1439,0.09885,0.05988,0.02796
pal100,atmos,340.0,0.7106,0.7069,0.6961,0.6782,0.6534,0.6221,0.5847,0.5418,0.4939,0.4419,0.3867,0.3295,0.2715,0.2145,0.1602,0.1107,0.06771,0.03233
pal100,atmos,345.0,0.7018,0.6982,0.6876,0.6701,0.6459,0.6153,0.5787,0.5366,0.4897,0.4386,0.3844,0.328,0.2708,0.2143,0.1604,0.1111,0.06823,0.03293
pal100,atmos,350.0,0.7346,0.731,0.7199,0.7017,0.6766,0.6448,0.6067,0.5629,0.514,0.4607,0.4041,0.3451,0.2851,0.2257,0.1689,0.1169,0.07176,0.03463
pal100,atmos,355.0,0.7776,0.7737,0.7622,0.7431,0.7166,0.6832,0.6432,0.5971,0.5456,0.4895,0.4297,0.3673,0.3038,0.2408,0.1803,0.1249,0.07665,0.03709
pal100,atmos,360.0,0.7116,0.7081,0.6976,0.6802,0.6562,0.6258,0.5894,0.5475,0.5006,0.4494,0.3948,0.3378,0.2797,0.2218,0.1662,0.1151,0.07058,0.03419
pal100,atmos,365.0,0.9055,0.9011,0.8878,0.8659,0.8355,0.7971,0.751,0.6979,0.6385,0.5737,0.5044,0.432,0.3579,0.2841,0.213,0.1474,0.09032,0.04375
pal100,atmos,370.0,0.9421,0.9375,0.9238,0.9011,0.8697,0.83,0.7823,0.7274,0.6659,0.5986,0.5267,0.4515,0.3744,0.2974,0.223,0.1543,0.09443,0.04572
pal100,atmos,375.0,0.8516,0.8475,0.8351,0.8148,0.7866,0.7508,0.708,0.6586,0.6032,0.5427,0.4778,0.4099,0.3402,0.2704,0.2029,0.1403,0.08575,0.04148
pal100,atmos,380.0,0.9795,0.9748,0.9607,0.9374,0.9052,0.8643,0.8153,0.7587,0.6953,0.6259,0.5515,0.4735,0.3933,0.3129,0.2348,0.1623,0.09908,0.04788
pal100,atmos,385.0,0.7388,0.7353,0.7247,0.7073,0.6831,0.6524,0.6156,0.5732,0.5255,0.4734,0.4174,0.3586,0.2981,0.2374,0.1782,0.1232,0.07507,0.03624
pal100,atmos,390.0,0.9652,0.9606,0.9469,0.9242,0.8928,0.853,0.8051,0.7499,0.6879,0.62,0.5471,0.4704,0.3913,0.3118,0.2343,0.1619,0.09853,0.04749
pal100,atmos,395.0,0.7491,0.7456,0.735,0.7175,0.6932,0.6624,0.6255,0.5828,0.5349,0.4824,0.4259,0.3665,0.3051,0.2434,0.1829,0.1264,0.07681,0.03697
pal100,atmos,400.0,1.391,1.385,1.365,1.333,1.288,1.231,1.163,1.084,0.9952,0.898,0.7934,0.6832,0.5693,0.4544,0.3418,0.2361,0.1433,0.06886
pal100,atmos,405.0,1.419,1.412,1.392,1.36,1.314,1.256,1.187,1.107,1.017,0.9179,0.8116,0.6993,0.5832,0.4659,0.3507,0.2423,0.1468,0.07042
pal100,atmos,410.0,1.464,1.457,1.436,1.403,1.356,1.297,1.226,1.143,1.051,0.9489,0.8395,0.7239,0.6042,0.483,0.3638,0.2513,0.1521,0.07281
pal100,atmos,415.0,1.525,1.518,1.497,1.462,1.414,1.352,1.278,1.193,1.097,0.991,0.8773,0.757,0.6323,0.5059,0.3813,0.2635,0.1593,0.07608
pal100,atmos,420.0,1.54,1.533,1.511,1.476,1.428,1.366,1.292,1.206,1.109,1.003,0.8879,0.7667,0.6409,0.5132,0.3871,0.2675,0.1615,0.07697
pal100,atmos,425.0,1.47,1.463,1.443,1.41,1.363,1.305,1.234,1.152,1.06,0.959,0.8498,0.7343,0.6143,0.4922,0.3715,0.2568,0.1549,0.07358
pal100,atmos,430.0,1.356,1.35,1.332,1.301,1.258,1.204,1.139,1.064,0.9796,0.8865,0.786,0.6796,0.5689,0.4563,0.3446,0.2383,0.1436,0.06805
pal100,atmos,435.0,1.575,1.567,1.546,1.511,1.461,1.399,1.324,1.237,1.139,1.031,0.9146,0.7913,0.6629,0.532,0.4021,0.2781,0.1674,0.07913
pal100,atmos,440.0,1.62,1.612,1.59,1.554,1.504,1.44,1.363,1.273,1.173,1.062,0.9429,0.8161,0.6842,0.5495,0.4156,0.2875,0.1728,0.0814
pal100,atmos,445.0,1.74,1.732,1.708,1.669,1.615,1.547,1.464,1.369,1.261,1.143,1.015,0.8789,0.7373,0.5926,0.4485,0.3103,0.1863,0.08751
pal100,atmos,450.0,1.85,1.842,1.817,1.776,1.719,1.646,1.559,1.457,1.343,1.217,1.082,0.9373,0.7867,0.6328,0.4792,0.3318,0.1991,0.0932
pal100,atmos,455.0,1.811,1.803,1.778,1.738,1.682,1.611,1.526,1.427,1.316,1.193,1.06,0.9195,0.7723,0.6216,0.4711,0.3262,0.1956,0.09127
pal100,atmos,460.0,1.863,1.854,1.829,1.788,1.731,1.658,1.571,1.469,1.355,1.229,1.092,0.9476,0.7962,0.6411,0.486,0.3365,0.2013,0.09341
pal100,atmos,465.0,1.842,1.833,1.809,1.768,1.712,1.64,1.554,1.454,1.341,1.217,1.082,0.9392,0.7897,0.6363,0.4828,0.3344,0.2,0.09254
pal100,atmos,470.0,1.831,1.823,1.799,1.759,1.703,1.632,1.546,1.447,1.335,1.212,1.078,0.936,0.7875,0.6349,0.482,0.3341,0.1996,0.09206
pal100,atmos,475.0,1.852,1.844,1.82,1.779,1.723,1.651,1.565,1.465,1.352,1.227,1.092,0.9487,0.7985,0.6442,0.4893,0.3392,0.2025,0.093
pal100,atmos,480.0,1.904,1.895,1.87,1.828,1.771,1.697,1.608,1.506,1.39,1.262,1.123,0.9758,0.8214,0.6627,0.5033,0.3486,0.2075,0.09449
pal100,atmos,485.0,1.729,1.721,1.698,1.661,1.608,1.542,1.461,1.368,1.263,1.147,1.022,0.8878,0.7477,0.6036,0.4587,0.3178,0.189,0.08571
pal100,atmos,490.0,1.801,1.793,1.769,1.73,1.675,1.606,1.523,1.426,1.317,1.196,1.066,0.9266,0.7808,0.6308,0.4797,0.3326,0.1978,0.08948
pal100,atmos,495.0,1.834,1.826,1.802,1.762,1.706,1.636,1.551,1.453,1.342,1.219,1.087,0.9451,0.7967,0.6439,0.4899,0.3397,0.2018,0.0909
pal100,atmos,500.0,1.747,1.74,1.717,1.679,1.626,1.559,1.478,1.385,1.279,1.162,1.036,0.9009,0.7595,0.6137,0.4668,0.3234,0.1916,0.08551
pal100,atmos,505.0,1.773,1.765,1.742,1.703,1.65,1.582,1.5,1.405,1.298,1.179,1.051,0.9139,0.7703,0.6223,0.473,0.3272,0.193,0.08521
pal100,atmos,510.0,1.758,1.75,1.727,1.689,1.636,1.569,1.488,1.394,1.288,1.171,1.044,0.908,0.7658,0.619,0.4709,0.326,0.1924,0.08476
pal100,atmos,515.0,1.629,1.622,1.601,1.565,1.517,1.454,1.379,1.292,1.194,1.086,0.9682,0.8427,0.711,0.575,0.4376,0.303,0.1788,0.07844
pal100,atmos,520.0,1.674,1.666,1.645,1.608,1.558,1.494,1.418,1.328,1.227,1.116,0.9954,0.8665,0.7312,0.5914,0.4502,0.3116,0.1835,0.08005
pal100,atmos,525.0,1.677,1.67,1.648,1.612,1.561,1.497,1.42,1.331,1.23,1.118,0.9973,0.8681,0.7324,0.5923,0.4505,0.3115,0.1829,0.07896
pal100,atmos,530.0,1.763,1.756,1.733,1.695,1.642,1.574,1.493,1.399,1.293,1.175,1.048,0.912,0.7692,0.6216,0.4724,0.326,0.1905,0.08121
pal100,atmos,535.0,1.708,1.7,1.678,1.641,1.59,1.525,1.446,1.355,1.252,1.139,1.015,0.8836,0.7452,0.6023,0.4577,0.3157,0.1841,0.07797
pal100,atmos,540.0,1.708,1.701,1.679,1.642,1.591,1.526,1.447,1.356,1.254,1.14,1.017,0.8851,0.7468,0.6038,0.459,0.3167,0.1846,0.07792
pal100,atmos,545.0,1.732,1.724,1.702,1.665,1.613,1.547,1.467,1.375,1.271,1.156,1.031,0.8974,0.7572,0.6122,0.4652,0.3208,0.1866,0.07818
pal100,atmos,550.0,1.736,1.728,1.706,1.668,1.616,1.55,1.471,1.378,1.274,1.159,1.034,0.8999,0.7594,0.614,0.4666,0.3216,0.1868,0.07781
pal100,atmos,555.0,1.722,1.714,1.692,1.655,1.603,1.538,1.459,1.367,1.264,1.15,1.026,0.8932,0.7538,0.6096,0.4633,0.3192,0.1852,0.07661
pal100,atmos,560.0,1.676,1.668,1.646,1.61,1.56,1.497,1.42,1.331,1.23,1.119,0.9978,0.8687,0.7329,0.5924,0.4499,0.3095,0.1789,0.07325
pal100,atmos,565.0,1.675,1.668,1.646,1.61,1.56,1.496,1.419,1.33,1.229,1.118,0.997,0.8678,0.7319,0.5913,0.4486,0.3081,0.1774,0.07185
pal100,atmos,570.0,1.664,1.657,1.635,1.599,1.549,1.486,1.41,1.321,1.221,1.11,0.9901,0.8617,0.7267,0.5869,0.4451,0.3055,0.1754,0.07051
pal100,atmos,575.0,1.691,1.684,1.662,1.625,1.575,1.51,1.433,1.343,1.241,1.129,1.007,0.8763,0.739,0.597,0.4528,0.3107,0.1782,0.07132
pal100,atmos,580.0,1.664,1.657,1.636,1.6,1.55,1.487,1.411,1.323,1.223,1.112,0.9924,0.8642,0.7293,0.5897,0.4478,0.3077,0.1769,0.07095
pal100,atmos,585.0,1.666,1.659,1.638,1.602,1.552,1.489,1.413,1.325,1.225,1.115,0.995,0.867,0.7322,0.5925,0.4505,0.3101,0.1787,0.07186
pal100,atmos,590.0,1.608,1.601,1.58,1.546,1.498,1.437,1.364,1.279,1.183,1.076,0.961,0.8375,0.7075,0.5728,0.4357,0.3002,0.1731,0.06951
pal100,atmos,595.0,1.638,1.631,1.61,1.575,1.526,1.464,1.389,1.303,1.205,1.096,0.9788,0.853,0.7205,0.5831,0.4434,0.3051,0.1756,0.06997
pal100,atmos,600.0,1.596,1.589,1.569,1.534,1.487,1.426,1.354,1.269,1.173,1.068,0.9532,0.8305,0.7012,0.5672,0.4309,0.2961,0.1698,0.06705
pal100,atmos,605.0,1.614,1.607,1.586,1.552,1.504,1.443,1.369,1.284,1.187,1.081,0.9647,0.8407,0.71,0.5746,0.4367,0.3003,0.1722,0.06789
pal100,atmos,610.0,1.596,1.589,1.568,1.534,1.487,1.427,1.354,1.27,1.175,1.07,0.9555,0.8333,0.7044,0.5707,0.4346,0.2996,0.1726,0.06849
pal100,atmos,615.0,1.56,1.553,1.533,1.5,1.454,1.395,1.325,1.243,1.15,1.048,0.9362,0.817,0.6914,0.5609,0.428,0.2959,0.1713,0.06852
pal100,atmos,620.0,1.584,1.577,1.557,1.523,1.476,1.417,1.346,1.263,1.169,1.065,0.9525,0.8317,0.7044,0.5722,0.4373,0.3031,0.1761,0.07089
pal100,atmos,625.0,1.55,1.544,1.524,1.492,1.446,1.388,1.318,1.237,1.146,1.044,0.9342,0.8162,0.6918,0.5625,0.4304,0.299,0.1743,0.07045
pal100,atmos,630.0,1.554,1.547,1.528,1.495,1.449,1.392,1.322,1.241,1.149,1.048,0.9378,0.8198,0.6953,0.5659,0.4337,0.3019,0.1766,0.07173
pal100,atmos,635.0,1.544,1.538,1.518,1.486,1.441,1.383,1.314,1.234,1.143,1.043,0.9337,0.8167,0.6932,0.5648,0.4335,0.3024,0.1775,0.07253
pal100,atmos,640.0,1.528,1.521,1.502,1.47,1.426,1.369,1.301,1.222,1.132,1.033,0.9254,0.8099,0.688,0.5611,0.4313,0.3016,0.1777,0.07304
pal100,atmos,644.8,1.52,1.514,1.495,1.463,1.419,1.363,1.295,1.216,1.128,1.029,0.9222,0.8075,0.6865,0.5604,0.4314,0.3023,0.1787,0.07379
pal100,atmos,651.05,1.502,1.496,1.477,1.446,1.402,1.347,1.28,1.203,1.115,1.018,0.9127,0.7998,0.6804,0.556,0.4286,0.301,0.1785,0.07409
pal100,atmos,660.0,1.427,1.421,1.403,1.373,1.332,1.28,1.217,1.144,1.061,0.9691,0.8692,0.7622,0.6491,0.5312,0.4103,0.2891,0.1723,0.072
pal100,atmos,670.0,1.466,1.46,1.442,1.412,1.369,1.316,1.252,1.177,1.092,0.9979,0.8956,0.7861,0.6702,0.5494,0.4253,0.3006,0.1802,0.07589
pal100,atmos,680.0,1.441,1.435,1.417,1.387,1.346,1.294,1.231,1.157,1.074,0.9825,0.8823,0.7749,0.6614,0.5429,0.4211,0.2985,0.1797,0.07619
pal100,atmos,690.0,1.421,1.415,1.398,1.369,1.328,1.277,1.215,1.143,1.061,0.9705,0.872,0.7664,0.6546,0.538,0.418,0.2971,0.1795,0.07647
pal100,atmos,700.0,1.398,1.392,1.375,1.346,1.306,1.256,1.195,1.124,1.044,0.9558,0.8592,0.7556,0.646,0.5315,0.4136,0.2947,0.1788,0.07655
pal100,atmos,710.0,1.365,1.36,1.343,1.315,1.277,1.227,1.168,1.099,1.021,0.9347,0.8406,0.7396,0.6327,0.521,0.406,0.2898,0.1763,0.07567
pal100,atmos,720.0,1.321,1.315,1.299,1.272,1.235,1.188,1.13,1.064,0.9886,0.9052,0.8143,0.7167,0.6135,0.5056,0.3944,0.2819,0.1719,0.07394
pal100,atmos,730.0,1.291,1.285,1.27,1.243,1.207,1.161,1.105,1.04,0.9668,0.8855,0.7968,0.7017,0.601,0.4957,0.3871,0.2772,0.1694,0.0731
pal100,kasting,120.7,0.0,0.0,0.0,0.0,0.0,0.0,0.0,0.0,0.0,0.0,0.0,0.0,0.0,0.0,0.0,0.0,0.0,0.0
pal100,kasting,121.65,0.0,0.0,0.0,0.0,0.0,0.0,0.0,0.0,0.0,0.0,0.0,0.0,0.0,0.0,0.0,0.0,0.0,0.0
pal100,kasting,122.1,0.0,0.0,0.0,0.0,0.0,0.0,0.0,0.0,0.0,0.0,0.0,0.0,0.0,0.0,0.0,0.0,0.0,0.0
pal100,kasting,122.7,0.0,0.0,0.0,0.0,0.0,0.0,0.0,0.0,0.0,0.0,0.0,0.0,0.0,0.0,0.0,0.0,0.0,0.0
pal100,kasting,123.45,0.0,0.0,0.0,0.0,0.0,0.0,0.0,0.0,0.0,0.0,0.0,0.0,0.0,0.0,0.0,0.0,0.0,0.0
pal100,kasting,124.2,0.0,0.0,0.0,0.0,0.0,0.0,0.0,0.0,0.0,0.0,0.0,0.0,0.0,0.0,0.0,0.0,0.0,0.0
pal100,kasting,125.0,0.0,0.0,0.0,0.0,0.0,0.0,0.0,0.0,0.0,0.0,0.0,0.0,0.0,0.0,0.0,0.0,0.0,0.0
pal100,kasting,125.8,0.0,0.0,0.0,0.0,0.0,0.0,0.0,0.0,0.0,0.0,0.0,0.0,0.0,0.0,0.0,0.0,0.0,0.0
pal100,kasting,126.6,0.0,0.0,0.0,0.0,0.0,0.0,0.0,0.0,0.0,0.0,0.0,0.0,0.0,0.0,0.0,0.0,0.0,0.0
pal100,kasting,127.8,0.0,0.0,0.0,0.0,0.0,0.0,0.0,0.0,0.0,0.0,0.0,0.0,0.0,0.0,0.0,0.0,0.0,0.0
pal100,kasting,129.0,0.0,0.0,0.0,0.0,0.0,0.0,0.0,0.0,0.0,0.0,0.0,0.0,0.0,0.0,0.0,0.0,0.0,0.0
pal100,kasting,129.85,0.0,0.0,0.0,0.0,0.0,0.0,0.0,0.0,0.0,0.0,0.0,0.0,0.0,0.0,0.0,0.0,0.0,0.0
pal100,kasting,131.15,0.0,0.0,0.0,0.0,0.0,0.0,0.0,0.0,0.0,0.0,0.0,0.0,0.0,0.0,0.0,0.0,0.0,0.0
pal100,kasting,133.5,0.0,0.0,0.0,0.0,0.0,0.0,0.0,0.0,0.0,0.0,0.0,0.0,0.0,0.0,0.0,0.0,0.0,0.0
pal100,kasting,136.0,0.0,0.0,0.0,0.0,0.0,0.0,0.0,0.0,0.0,0.0,0.0,0.0,0.0,0.0,0.0,0.0,0.0,0.0
pal100,kasting,141.0,0.0,0.0,0.0,0.0,0.0,0.0,0.0,0.0,0.0,0.0,0.0,0.0,0.0,0.0,0.0,0.0,0.0,0.0
pal100,kasting,150.0,0.0,0.0,0.0,0.0,0.0,0.0,0.0,0.0,0.0,0.0,0.0,0.0,0.0,0.0,0.0,0.0,0.0,0.0
pal100,kasting,160.0,0.0,0.0,0.0,0.0,0.0,0.0,0.0,0.0,0.0,0.0,0.0,0.0,0.0,0.0,0.0,0.0,0.0,0.0
pal100,kasting,167.5,0.0,0.0,0.0,0.0,0.0,0.0,0.0,0.0,0.0,0.0,0.0,0.0,0.0,0.0,0.0,0.0,0.0,0.0
pal100,kasting,172.7,0.0,0.0,0.0,0.0,0.0,0.0,0.0,0.0,0.0,0.0,0.0,0.0,0.0,0.0,0.0,0.0,0.0,0.0
pal100,kasting,176.2,0.0,0.0,0.0,0.0,0.0,0.0,0.0,0.0,0.0,0.0,0.0,0.0,0.0,0.0,0.0,0.0,0.0,0.0
pal100,kasting,177.8,0.0,0.0,0.0,0.0,0.0,0.0,0.0,0.0,0.0,0.0,0.0,0.0,0.0,0.0,0.0,0.0,0.0,0.0
pal100,kasting,179.4,0.0,0.0,0.0,0.0,0.0,0.0,0.0,0.0,0.0,0.0,0.0,0.0,0.0,0.0,0.0,0.0,0.0,0.0
pal100,kasting,181.0,0.0,0.0,0.0,0.0,0.0,0.0,0.0,0.0,0.0,0.0,0.0,0.0,0.0,0.0,0.0,0.0,0.0,0.0
pal100,kasting,182.65,0.0,0.0,0.0,0.0,0.0,0.0,0.0,0.0,0.0,0.0,0.0,0.0,0.0,0.0,0.0,0.0,0.0,0.0
pal100,kasting,184.35,0.0,0.0,0.0,0.0,0.0,0.0,0.0,0.0,0.0,0.0,0.0,0.0,0.0,0.0,0.0,0.0,0.0,0.0
pal100,kasting,186.05,0.0,0.0,0.0,0.0,0.0,0.0,0.0,0.0,0.0,0.0,0.0,0.0,0.0,0.0,0.0,0.0,0.0,0.0
pal100,kasting,187.8,0.0,0.0,0.0,0.0,0.0,0.0,0.0,0.0,0.0,0.0,0.0,0.0,0.0,0.0,0.0,0.0,0.0,0.0
pal100,kasting,189.6,0.0,0.0,0.0,0.0,0.0,0.0,0.0,0.0,0.0,0.0,0.0,0.0,0.0,0.0,0.0,0.0,0.0,0.0
pal100,kasting,191.4,0.0,0.0,0.0,0.0,0.0,0.0,0.0,0.0,0.0,0.0,0.0,0.0,0.0,0.0,0.0,0.0,0.0,0.0
pal100,kasting,193.25,0.0,0.0,0.0,0.0,0.0,0.0,0.0,0.0,0.0,0.0,0.0,0.0,0.0,0.0,0.0,0.0,0.0,0.0
pal100,kasting,195.15,0.0,0.0,0.0,0.0,0.0,0.0,0.0,0.0,0.0,0.0,0.0,0.0,0.0,0.0,0.0,0.0,0.0,0.0
pal100,kasting,197.05,0.0,0.0,0.0,0.0,0.0,0.0,0.0,0.0,0.0,0.0,0.0,0.0,0.0,0.0,0.0,0.0,0.0,0.0
pal100,kasting,199.0,0.0,0.0,0.0,0.0,0.0,0.0,0.0,0.0,0.0,0.0,0.0,0.0,0.0,0.0,0.0,0.0,0.0,0.0
pal100,kasting,201.0,0.0,0.0,0.0,0.0,0.0,0.0,0.0,0.0,0.0,0.0,0.0,0.0,0.0,0.0,0.0,0.0,0.0,0.0
pal100,kasting,203.05,0.0,0.0,0.0,0.0,0.0,0.0,0.0,0.0,0.0,0.0,0.0,0.0,0.0,0.0,0.0,0.0,0.0,0.0
pal100,kasting,205.15,0.0,0.0,0.0,0.0,0.0,0.0,0.0,0.0,0.0,0.0,0.0,0.0,0.0,0.0,0.0,0.0,0.0,0.0
pal100,kasting,207.2665,6.688e-21,5.679e-21,3.457e-21,1.48e-21,4.316e-22,8.148e-23,9.272e-24,5.758e-25,1.713e-26,2.141e-28,1.542e-30,7.225e-32,1.76e-32,7.294e-33,3.983e-33,2.446e-33,1.51e-33,8.176e-34
pal100,kasting,209.4295,3.242e-20,2.765e-20,1.704e-20,7.456e-21,2.243e-21,4.419e-22,5.317e-23,3.548e-24,1.157e-25,1.628e-27,1.325e-29,5.669e-31,1.222e-31,4.879e-32,2.689e-32,1.681e-32,1.056e-32,5.827e-33
pal100,kasting,211.646,1.505e-19,1.288e-19,8.043e-20,3.597e-20,1.117e-20,2.298e-21,2.926e-22,2.101e-23,7.535e-25,1.2e-26,1.121e-28,4.3e-30,7.868e-31,3.042e-31,1.713e-31,1.096e-31,7.024e-32,3.955e-32
pal100,kasting,213.91,1.937e-19,1.659e-19,1.038e-19,4.653e-20,1.451e-20,3.002e-21,3.853e-22,2.795e-23,1.016e-24,1.645e-26,1.516e-28,4.553e-30,6.721e-31,2.574e-31,1.5e-31,9.827e-32,6.413e-32,3.678e-32
pal100,kasting,216.2225,1.423e-19,1.218e-19,7.6e-20,3.395e-20,1.053e-20,2.161e-21,2.746e-22,1.968e-23,7.05e-25,1.122e-26,9.787e-29,2.139e-30,2.448e-31,9.602e-32,5.814e-32,3.895e-32,2.584e-32,1.507e-32
pal100,kasting,218.5855,1.095e-19,9.357e-20,5.808e-20,2.572e-20,7.875e-21,1.59e-21,1.977e-22,1.38e-23,4.786e-25,7.342e-27,5.655e-29,8.759e-31,7.556e-32,3.14e-32,1.971e-32,1.346e-32,9.051e-33,5.356e-33
pal100,kasting,221.001,2.243e-20,1.906e-20,1.161e-20,4.983e-21,1.458e-21,2.768e-22,3.178e-23,2.002e-24,6.101e-26,7.94e-28,4.872e-30,4.17e-32,2.695e-33,1.212e-33,7.826e-34,5.419e-34,3.683e-34,2.204e-34
pal100,kasting,223.4705,2.386e-21,2.008e-21,1.19e-21,4.866e-22,1.327e-22,2.292e-23,2.325e-24,1.25e-25,3.118e-27,3.137e-29,1.344e-31,5.515e-34,2.724e-35,1.323e-35,8.721e-36,6.101e-36,4.178e-36,2.523e-36
pal100,kasting,225.996,8.512e-23,7.082e-23,4.051e-23,1.561e-23,3.902e-24,5.992e-25,5.217e-26,2.308e-27,4.492e-29,3.29e-31,8.892e-34,1.566e-36,6.084e-38,3.146e-38,2.107e-38,1.487e-38,1.024e-38,6.236e-39
pal100,kasting,228.579,9.739e-25,7.967e-25,4.329e-25,1.528e-25,3.363e-26,4.346e-27,3.021e-28,1.002e-29,1.351e-31,6.152e-34,8.512e-37,5.083e-40,1.593e-41,8.628e-42,5.85e-42,4.153e-42,2.875e-42,1.761e-42
pal100,kasting,231.2215,3.538e-27,2.833e-27,1.443e-27,4.558e-28,8.541e-29,8.872e-30,4.638e-31,1.066e-32,8.998e-35,2.23e-37,1.332e-40,2.242e-44,0.0,0.0,0.0,0.0,0.0,0.0
pal100,kasting,233.926,3.715e-30,2.901e-30,1.369e-30,3.798e-31,5.891e-32,4.736e-33,1.771e-34,2.647e-36,1.286e-38,1.555e-41,4.204e-45,0.0,0.0,0.0,0.0,0.0,0.0,0.0
pal100,kasting,236.6945,3.135e-33,2.382e-33,1.034e-33,2.488e-34,3.137e-35,1.905e-36,4.933e-38,4.595e-40,1.216e-42,1.401e-45,0.0,0.0,0.0,0.0,0.0,0.0,0.0,0.0
pal100,kasting,239.5295,3.998e-36,2.965e-36,1.196e-36,2.538e-37,2.666e-38,1.264e-39,2.37e-41,1.457e-43,0.0,0.0,0.0,0.0,0.0,0.0,0.0,0.0,0.0,0.0
pal100,kasting,242.433,2.036e-38,1.478e-38,5.592e-39,1.062e-39,9.5e-41,3.622e-42,5.045e-44,0.0,0.0,0.0,0.0,0.0,0.0,0.0,0.0,0.0,0.0,0.0
pal100,kasting,245.408,6.211e-42,4.373e-42,1.508e-42,2.438e-43,1.682e-44,0.0,0.0,0.0,0.0,0.0,0.0,0.0,0.0,0.0,0.0,0.0,0.0,0.0
pal100,kasting,248.457,5.605e-45,4.204e-45,1.401e-45,0.0,0.0,0.0,0.0,0.0,0.0,0.0,0.0,0.0,0.0,0.0,0.0,0.0,0.0,0.0
pal100,kasting,251.5825,0.0,0.0,0.0,0.0,0.0,0.0,0.0,0.0,0.0,0.0,0.0,0.0,0.0,0.0,0.0,0.0,0.0,0.0
pal100,kasting,254.7875,0.0,0.0,0.0,0.0,0.0,0.0,0.0,0.0,0.0,0.0,0.0,0.0,0.0,0.0,0.0,0.0,0.0,0.0
pal100,kasting,258.075,0.0,0.0,0.0,0.0,0.0,0.0,0.0,0.0,0.0,0.0,0.0,0.0,0.0,0.0,0.0,0.0,0.0,0.0
pal100,kasting,261.449,1.107e-43,7.707e-44,2.522e-44,4.204e-45,0.0,0.0,0.0,0.0,0.0,0.0,0.0,0.0,0.0,0.0,0.0,0.0,0.0,0.0
pal100,kasting,264.9125,1.561e-39,1.116e-39,4.019e-40,7.025e-41,5.56e-42,1.794e-43,0.0,0.0,0.0,0.0,0.0,0.0,0.0,0.0,0.0,0.0,0.0,0.0
pal100,kasting,268.4685,1.811e-34,1.352e-34,5.569e-35,1.223e-35,1.35e-36,6.831e-38,1.389e-39,9.4e-42,1.962e-44,0.0,0.0,0.0,0.0,0.0,0.0,0.0,0.0,0.0
pal100,kasting,272.1215,6.639e-29,5.206e-29,2.488e-29,7.045e-30,1.125e-30,9.4e-32,3.68e-33,5.774e-35,2.908e-37,3.414e-40,5.885e-44,0.0,0.0,0.0,0.0,0.0,0.0,0.0
pal100,kasting,275.8755,5.369e-23,4.435e-23,2.482e-23,9.205e-24,2.177e-24,3.097e-25,2.43e-26,9.318e-28,1.467e-29,7.402e-32,8.349e-35,1.377e-38,1.435e-40,8.002e-41,5.478e-41,3.917e-41,2.739e-41,1.709e-41
pal100,kasting,279.734,1.202e-17,1.042e-17,6.748e-18,3.215e-18,1.095e-18,2.549e-19,3.812e-20,3.344e-21,1.514e-22,2.946e-24,1.89e-26,2.945e-29,3.643e-31,1.908e-31,1.289e-31,9.177e-32,6.403e-32,3.988e-32
pal100,kasting,283.702,1.626e-12,1.47e-12,1.083e-12,6.418e-13,3.004e-13,1.077e-13,2.827e-14,5.11e-15,5.816e-16,3.674e-17,1.074e-18,1.181e-20,2.112e-22,9.083e-23,5.988e-23,4.221e-23,2.933e-23,1.822e-23
pal100,kasting,287.7845,1.572e-08,1.47e-08,1.197e-08,8.443e-09,5.084e-09,2.563e-09,1.051e-09,3.366e-10,7.946e-11,1.274e-11,1.235e-12,6.319e-14,2.442e-15,6.32e-16,3.935e-16,2.719e-16,1.872e-16,1.158e-16
pal100,kasting,291.9865,1.673e-05,1.603e-05,1.407e-05,1.126e-05,8.158e-06,5.281e-06,3.002e-06,1.461e-06,5.882e-07,1.863e-07,4.331e-08,6.781e-09,7.19e-10,1.148e-10,5.671e-11,3.738e-11,2.519e-11,1.542e-11
pal100,kasting,296.309,0.00112,0.001081,0.001006,0.0008754,0.0007163,0.0005469,0.0003856,0.0002474,0.0001415,7.013e-05,2.892e-05,9.408e-06,2.29e-06,4.533e-07,1.318e-07,7.256e-08,4.642e-08,2.77e-08
pal100,kasting,300.5,0.01175,0.01154,0.01095,0.01,0.008782,0.007375,0.005887,0.004428,0.0031,0.001987,0.001137,0.0005622,0.0002295,7.43e-05,2.043e-05,7.211e-06,3.906e-06,2.2e-06
pal100,kasting,303.0,0.04285,0.04226,0.04054,0.03776,0.0341,0.02974,0.02494,0.01999,0.01516,0.01076,0.00701,0.004092,0.002065,0.0008603,0.0002874,8.859e-05,3.764e-05,1.961e-05
pal100,kasting,304.0,0.0503,0.04965,0.04776,0.04469,0.04062,0.03576,0.03034,0.02468,0.01909,0.01387,0.009323,0.005661,0.003005,0.001333,0.0004751,0.0001471,5.765e-05,2.898e-05
pal100,kasting,305.0,0.07506,0.07418,0.07159,0.06739,0.06177,0.05499,0.04736,0.03926,0.0311,0.0233,0.01628,0.01039,0.00588,0.002831,0.001104,0.0003541,0.000125,5.866e-05
pal100,kasting,306.0,0.07469,0.07387,0.07144,0.0675,0.06221,0.05578,0.0485,0.0407,0.03273,0.02501,0.01791,0.0118,0.006958,0.003531,0.001466,0.0004888,0.0001629,7.181e-05
pal100,kasting,307.0,0.1011,0.1009,0.09781,0.09278,0.08599,0.0777,0.06824,0.05799,0.0474,0.03696,0.02716,0.01851,0.0114,0.00612,0.002722,0.0009607,0.0003059,0.0001236
pal100,kasting,308.0,0.126,0.1248,0.1213,0.1154,0.1075,0.09785,0.08672,0.07456,0.06185,0.04913,0.03698,0.02597,0.01665,0.009415,0.004472,0.001685,0.0005281,0.0001934
pal100,kasting,309.0,0.1348,0.1335,0.1299,0.1239,0.1157,0.1057,0.09418,0.0815,0.06816,0.05471,0.04173,0.02981,0.01953,0.01137,0.005605,0.002199,0.0006912,0.0002379
pal100,kasting,310.0,0.1398,0.1386,0.1351,0.1293,0.1214,0.1117,0.1004,0.08796,0.07467,0.06109,0.04773,0.03518,0.02401,0.01475,0.00781,0.003334,0.001088,0.0003332
pal100,kasting,311.0,0.2404,0.2384,0.2326,0.223,0.2099,0.1937,0.1748,0.1538,0.1314,0.1083,0.08549,0.06381,0.04428,0.02781,0.01516,0.006714,0.002248,0.0006584
pal100,kasting,312.0,0.2212,0.2195,0.2144,0.2059,0.1945,0.1802,0.1635,0.1449,0.1248,0.104,0.08327,0.06328,0.04495,0.02914,0.01657,0.007755,0.002728,0.0007584
pal100,kasting,313.0,0.2547,0.2528,0.2472,0.238,0.2254,0.2097,0.1912,0.1706,0.1482,0.1249,0.1013,0.07835,0.05695,0.03806,0.02257,0.01118,0.004179,0.001131
pal100,kasting,314.0,0.2815,0.2794,0.2734,0.2634,0.2497,0.2327,0.2127,0.1902,0.1659,0.1403,0.1144,0.0891,0.06533,0.04417,0.02662,0.01347,0.005164,0.001391
pal100,kasting,316.0,0.3007,0.2987,0.2927,0.2828,0.2693,0.2524,0.2324,0.2098,0.1852,0.1591,0.1323,0.1056,0.08001,0.05652,0.03619,0.01995,0.00856,0.002408
pal100,kasting,320.0,0.4033,0.4008,0.3936,0.3815,0.365,0.3442,0.3195,0.2914,0.2605,0.2275,0.1931,0.1583,0.1241,0.09183,0.06269,0.03794,0.01869,0.006096
pal100,kasting,325.0,0.534,0.531,0.5221,0.5074,0.4872,0.4616,0.4312,0.3965,0.358,0.3165,0.273,0.2284,0.1839,0.141,0.1011,0.06584,0.03646,0.01433
pal100,kasting,330.0,0.6745,0.6709,0.6601,0.6423,0.6177,0.5867,0.5497,0.5073,0.4603,0.4094,0.3557,0.3003,0.2447,0.1906,0.1397,0.09389,0.05483,0.02381
pal100,kasting,335.0,0.6491,0.6458,0.6357,0.619,0.596,0.5669,0.5322,0.4924,0.4481,0.4001,0.3492,0.2966,0.2435,0.1914,0.1421,0.09735,0.0587,0.02718
pal100,kasting,340.0,0.7092,0.7055,0.6947,0.6768,0.652,0.6207,0.5834,0.5405,0.4926,0.4407,0.3855,0.3284,0.2705,0.2135,0.1593,0.11,0.06714,0.03194
pal100,kasting,345.0,0.7013,0.6977,0.6871,0.6696,0.6454,0.6148,0.5782,0.5362,0.4892,0.4382,0.384,0.3276,0.2704,0.214,0.1601,0.1108,0.06803,0.03279
pal100,kasting,350.0,0.7341,0.7304,0.7194,0.7012,0.6761,0.6442,0.6062,0.5624,0.5135,0.4603,0.4036,0.3446,0.2847,0.2254,0.1686,0.1167,0.07154,0.03447
pal100,kasting,355.0,0.7773,0.7735,0.7619,0.7428,0.7164,0.6829,0.6429,0.5968,0.5454,0.4893,0.4295,0.3671,0.3036,0.2406,0.1802,0.1247,0.07654,0.03702
pal100,kasting,360.0,0.7115,0.708,0.6975,0.6801,0.6561,0.6257,0.5893,0.5474,0.5005,0.4493,0.3947,0.3378,0.2796,0.2218,0.1662,0.115,0.07053,0.03415
pal100,kasting,365.0,0.9055,0.901,0.8878,0.8658,0.8354,0.797,0.7509,0.6979,0.6385,0.5736,0.5044,0.4319,0.3579,0.2841,0.2129,0.1473,0.09029,0.04373
pal100,kasting,370.0,0.9421,0.9375,0.9238,0.9011,0.8697,0.8299,0.7823,0.7274,0.6658,0.5986,0.5267,0.4514,0.3744,0.2974,0.223,0.1543,0.09442,0.04571
pal100,kasting,375.0,0.8516,0.8474,0.8351,0.8148,0.7865,0.7508,0.708,0.6586,0.6032,0.5426,0.4778,0.4099,0.3402,0.2704,0.2029,0.1403,0.08574,0.04148
pal100,kasting,380.0,0.9795,0.9748,0.9607,0.9374,0.9051,0.8643,0.8153,0.7587,0.6953,0.6259,0.5515,0.4734,0.3933,0.3129,0.2348,0.1623,0.09907,0.04788
pal100,kasting,385.0,0.7388,0.7353,0.7247,0.7073,0.6831,0.6524,0.6156,0.5732,0.5255,0.4733,0.4174,0.3586,0.2981,0.2374,0.1782,0.1232,0.07507,0.03624
pal100,kasting,390.0,0.9652,0.9606,0.9469,0.9242,0.8928,0.8529,0.8051,0.7499,0.6879,0.62,0.5471,0.4704,0.3913,0.3118,0.2343,0.1619,0.09852,0.04749
pal100,kasting,395.0,0.7491,0.7455,0.735,0.7174,0.6932,0.6624,0.6255,0.5828,0.5349,0.4823,0.4259,0.3665,0.3051,0.2433,0.1829,0.1264,0.07681,0.03696
pal100,kasting,400.0,1.391,1.385,1.365,1.333,1.288,1.231,1.163,1.084,0.9952,0.8979,0.7934,0.6832,0.5693,0.4544,0.3418,0.2361,0.1433,0.06885
pal100,kasting,405.0,1.419,1.412,1.392,1.36,1.314,1.256,1.187,1.107,1.017,0.9179,0.8115,0.6993,0.5832,0.4658,0.3506,0.2422,0.1468,0.0704
pal100,kasting,410.0,1.463,1.457,1.436,1.403,1.356,1.297,1.225,1.143,1.051,0.9488,0.8394,0.7238,0.6041,0.4829,0.3637,0.2513,0.1521,0.07278
pal100,kasting,415.0,1.525,1.518,1.497,1.462,1.414,1.352,1.278,1.193,1.097,0.991,0.8772,0.7569,0.6322,0.5058,0.3812,0.2634,0.1592,0.07604
pal100,kasting,420.0,1.54,1.533,1.511,1.476,1.427,1.366,1.291,1.205,1.109,1.002,0.8878,0.7666,0.6408,0.5131,0.387,0.2674,0.1615,0.07692
pal100,kasting,425.0,1.47,1.463,1.443,1.41,1.363,1.304,1.234,1.152,1.06,0.9588,0.8496,0.7341,0.6141,0.4921,0.3713,0.2566,0.1548,0.0735
pal100,kasting,430.0,1.356,1.35,1.331,1.301,1.258,1.204,1.139,1.064,0.9794,0.8863,0.7858,0.6794,0.5688,0.4561,0.3445,0.2381,0.1435,0.06797
pal100,kasting,435.0,1.574,1.567,1.546,1.51,1.461,1.399,1.323,1.236,1.139,1.031,0.9143,0.791,0.6626,0.5318,0.4019,0.2779,0.1672,0.07901
pal100,kasting,440.0,1.619,1.612,1.59,1.554,1.503,1.439,1.362,1.273,1.173,1.062,0.9424,0.8157,0.6838,0.5491,0.4152,0.2872,0.1726,0.08122
pal100,kasting,445.0,1.739,1.731,1.708,1.669,1.615,1.546,1.464,1.368,1.261,1.142,1.014,0.8784,0.7368,0.5921,0.448,0.3099,0.186,0.08726
pal100,kasting,450.0,1.849,1.841,1.816,1.775,1.718,1.645,1.558,1.457,1.343,1.217,1.081,0.9366,0.7861,0.6322,0.4787,0.3313,0.1987,0.09291
pal100,kasting,455.0,1.81,1.802,1.777,1.737,1.681,1.611,1.525,1.427,1.315,1.192,1.06,0.9188,0.7716,0.6209,0.4705,0.3257,0.1951,0.09094
pal100,kasting,460.0,1.861,1.853,1.828,1.787,1.729,1.657,1.569,1.468,1.353,1.227,1.091,0.9463,0.795,0.64,0.485,0.3356,0.2006,0.09284
pal100,kasting,465.0,1.84,1.832,1.807,1.767,1.71,1.639,1.552,1.452,1.34,1.215,1.081,0.9379,0.7884,0.6351,0.4817,0.3335,0.1992,0.09196
pal100,kasting,470.0,1.83,1.822,1.797,1.757,1.701,1.63,1.544,1.445,1.333,1.21,1.077,0.9346,0.7861,0.6337,0.4809,0.333,0.1988,0.09142
pal100,kasting,475.0,1.851,1.842,1.818,1.777,1.721,1.649,1.563,1.463,1.35,1.225,1.09,0.947,0.7969,0.6427,0.4879,0.338,0.2015,0.09225
pal100,kasting,480.0,1.901,1.892,1.867,1.825,1.767,1.694,1.605,1.503,1.387,1.259,1.121,0.9731,0.8189,0.6603,0.5011,0.3466,0.2059,0.09329
pal100,kasting,485.0,1.726,1.718,1.695,1.658,1.605,1.539,1.458,1.365,1.26,1.144,1.019,0.8852,0.7452,0.6012,0.4564,0.3158,0.1874,0.08451
pal100,kasting,490.0,1.797,1.79,1.766,1.727,1.672,1.603,1.52,1.423,1.314,1.193,1.063,0.9239,0.7782,0.6282,0.4774,0.3305,0.1961,0.08823
pal100,kasting,495.0,1.83,1.822,1.798,1.758,1.703,1.632,1.548,1.449,1.339,1.216,1.083,0.942,0.7937,0.641,0.4872,0.3374,0.1999,0.08948
pal100,kasting,500.0,1.743,1.735,1.712,1.674,1.621,1.554,1.474,1.38,1.275,1.158,1.032,0.8969,0.7557,0.6101,0.4635,0.3204,0.1891,0.08376
pal100,kasting,505.0,1.767,1.759,1.736,1.697,1.644,1.576,1.494,1.399,1.292,1.173,1.045,0.9085,0.7652,0.6174,0.4685,0.3232,0.1898,0.08289
pal100,kasting,510.0,1.752,1.744,1.721,1.683,1.63,1.563,1.482,1.388,1.282,1.165,1.038,0.9028,0.7607,0.6143,0.4665,0.3221,0.1892,0.08248
pal100,kasting,515.0,1.624,1.616,1.595,1.56,1.511,1.449,1.374,1.287,1.189,1.081,0.963,0.8377,0.7061,0.5704,0.4333,0.2992,0.1756,0.07622
pal100,kasting,520.0,1.667,1.66,1.638,1.602,1.552,1.488,1.411,1.322,1.221,1.11,0.9894,0.8607,0.7256,0.5862,0.4453,0.3073,0.18,0.07755
pal100,kasting,525.0,1.669,1.662,1.64,1.604,1.554,1.49,1.413,1.323,1.223,1.111,0.9902,0.8612,0.7258,0.586,0.4447,0.3064,0.1786,0.07602
pal100,kasting,530.0,1.753,1.746,1.723,1.685,1.632,1.564,1.483,1.389,1.283,1.166,1.039,0.9032,0.7607,0.6136,0.465,0.3194,0.1851,0.07754
pal100,kasting,535.0,1.697,1.69,1.667,1.63,1.579,1.514,1.436,1.345,1.242,1.129,1.006,0.8743,0.7364,0.5939,0.4499,0.3088,0.1785,0.07417
pal100,kasting,540.0,1.698,1.69,1.668,1.631,1.58,1.515,1.437,1.346,1.243,1.13,1.007,0.8757,0.7377,0.5952,0.451,0.3096,0.1789,0.07402
pal100,kasting,545.0,1.72,1.713,1.69,1.653,1.601,1.535,1.456,1.364,1.26,1.145,1.02,0.8871,0.7472,0.6027,0.4565,0.313,0.1803,0.07395
pal100,kasting,550.0,1.723,1.716,1.693,1.656,1.604,1.538,1.459,1.367,1.262,1.147,1.022,0.8889,0.7488,0.604,0.4574,0.3134,0.1802,0.07336
pal100,kasting,555.0,1.709,1.701,1.679,1.642,1.59,1.525,1.446,1.355,1.252,1.138,1.014,0.8816,0.7427,0.5991,0.4536,0.3106,0.1782,0.07197
pal100,kasting,560.0,1.661,1.654,1.632,1.596,1.546,1.483,1.406,1.317,1.217,1.106,0.985,0.8562,0.721,0.5811,0.4394,0.3003,0.1714,0.06835
pal100,kasting,565.0,1.66,1.652,1.631,1.595,1.545,1.481,1.404,1.315,1.215,1.103,0.9829,0.8541,0.7187,0.5788,0.4371,0.298,0.1692,0.06655
pal100,kasting,570.0,1.647,1.64,1.619,1.583,1.533,1.47,1.394,1.305,1.205,1.095,0.9751,0.8472,0.7128,0.5738,0.433,0.2948,0.1668,0.06497
pal100,kasting,575.0,1.674,1.667,1.645,1.608,1.558,1.493,1.416,1.326,1.225,1.113,0.9907,0.8611,0.7245,0.5832,0.4401,0.2995,0.1693,0.06555
pal100,kasting,580.0,1.648,1.641,1.619,1.584,1.534,1.471,1.395,1.307,1.207,1.097,0.9775,0.8497,0.7154,0.5765,0.4356,0.297,0.1683,0.06539
pal100,kasting,585.0,1.651,1.643,1.622,1.586,1.537,1.474,1.398,1.31,1.21,1.1,0.9807,0.8531,0.7188,0.5798,0.4387,0.2997,0.1704,0.06644
pal100,kasting,590.0,1.593,1.586,1.565,1.531,1.483,1.422,1.349,1.264,1.168,1.062,0.9471,0.824,0.6946,0.5605,0.4243,0.2901,0.165,0.06427
pal100,kasting,595.0,1.622,1.615,1.593,1.558,1.51,1.448,1.373,1.287,1.189,1.081,0.9638,0.8384,0.7064,0.5698,0.4311,0.2943,0.1668,0.06437
pal100,kasting,600.0,1.579,1.572,1.551,1.517,1.47,1.41,1.337,1.251,1.157,1.052,0.9374,0.8152,0.6865,0.5533,0.4181,0.2848,0.1607,0.06127
pal100,kasting,605.0,1.597,1.59,1.569,1.535,1.487,1.426,1.352,1.267,1.171,1.064,0.9487,0.8251,0.6951,0.5604,0.4236,0.2887,0.163,0.06201
pal100,kasting,610.0,1.579,1.573,1.552,1.518,1.471,1.411,1.339,1.255,1.16,1.055,0.9408,0.8189,0.6906,0.5576,0.4224,0.2888,0.1639,0.06295
pal100,kasting,615.0,1.545,1.538,1.518,1.485,1.439,1.381,1.311,1.229,1.136,1.034,0.9229,0.8041,0.6789,0.5491,0.417,0.2862,0.1634,0.06342
pal100,kasting,620.0,1.57,1.563,1.543,1.509,1.463,1.404,1.333,1.25,1.156,1.052,0.94,0.8196,0.6927,0.561,0.4269,0.2938,0.1686,0.06598
pal100,kasting,625.0,1.538,1.532,1.512,1.479,1.434,1.376,1.306,1.225,1.134,1.033,0.9227,0.805,0.6809,0.5521,0.4208,0.2903,0.1672,0.06583
pal100,kasting,630.0,1.542,1.536,1.516,1.483,1.438,1.38,1.31,1.23,1.138,1.037,0.927,0.8093,0.6851,0.5562,0.4246,0.2937,0.1699,0.06734
pal100,kasting,635.0,1.534,1.527,1.508,1.475,1.43,1.373,1.304,1.224,1.133,1.033,0.9238,0.8071,0.6839,0.5559,0.4252,0.2949,0.1714,0.06844
pal100,kasting,640.0,1.518,1.512,1.492,1.461,1.416,1.36,1.292,1.213,1.123,1.024,0.9165,0.8012,0.6796,0.5531,0.4238,0.2948,0.1721,0.06929
pal100,kasting,644.8,1.512,1.505,1.486,1.454,1.41,1.354,1.286,1.208,1.119,1.021,0.9141,0.7996,0.6788,0.5531,0.4245,0.296,0.1735,0.07032
pal100,kasting,651.05,1.494,1.488,1.469,1.438,1.394,1.339,1.273,1.195,1.108,1.011,0.9056,0.7927,0.6735,0.5494,0.4224,0.2954,0.1738,0.07091
pal100,kasting,660.0,1.42,1.414,1.397,1.367,1.326,1.274,1.211,1.138,1.055,0.9631,0.8633,0.7564,0.6435,0.5258,0.4052,0.2844,0.1684,0.06935
pal100,kasting,670.0,1.461,1.455,1.437,1.406,1.364,1.311,1.246,1.171,1.087,0.9929,0.8907,0.7812,0.6655,0.5448,0.421,0.2967,0.1769,0.07362
pal100,kasting,680.0,1.437,1.431,1.413,1.383,1.342,1.29,1.227,1.153,1.07,0.9784,0.8784,0.7711,0.6576,0.5393,0.4177,0.2954,0.1771,0.07434
pal100,kasting,690.0,1.418,1.412,1.394,1.365,1.325,1.273,1.211,1.139,1.058,0.9672,0.8688,0.7632,0.6516,0.535,0.4152,0.2945,0.1773,0.07494
pal100,kasting,700.0,1.395,1.389,1.372,1.344,1.304,1.253,1.193,1.122,1.042,0.9533,0.8568,0.7532,0.6436,0.5292,0.4115,0.2927,0.1771,0.07536
pal100,kasting,710.0,1.363,1.358,1.341,1.313,1.274,1.225,1.166,1.097,1.019,0.9327,0.8386,0.7376,0.6308,0.5191,0.4042,0.2881,0.1749,0.07468
pal100,kasting,720.0,1.319,1.314,1.298,1.271,1.233,1.186,1.129,1.062,0.9869,0.9035,0.8126,0.7151,0.6119,0.504,0.3929,0.2806,0.1707,0.07312
pal100,kasting,730.0,1.289,1.284,1.268,1.242,1.206,1.16,1.104,1.039,0.9655,0.8842,0.7956,0.7005,0.5998,0.4945,0.386,0.2762,0.1685,0.07247
pal100,photochem,120.7,0.0,0.0,0.0,0.0,0.0,0.0,0.0,0.0,0.0,0.0,0.0,0.0,0.0,0.0,0.0,0.0,0.0,0.0
pal100,photochem,121.65,0.0,0.0,0.0,0.0,0.0,0.0,0.0,0.0,0.0,0.0,0.0,0.0,0.0,0.0,0.0,0.0,0.0,0.0
pal100,photochem,122.1,0.0,0.0,0.0,0.0,0.0,0.0,0.0,0.0,0.0,0.0,0.0,0.0,0.0,0.0,0.0,0.0,0.0,0.0
pal100,photochem,122.7,0.0,0.0,0.0,0.0,0.0,0.0,0.0,0.0,0.0,0.0,0.0,0.0,0.0,0.0,0.0,0.0,0.0,0.0
pal100,photochem,123.45,0.0,0.0,0.0,0.0,0.0,0.0,0.0,0.0,0.0,0.0,0.0,0.0,0.0,0.0,0.0,0.0,0.0,0.0
pal100,photochem,124.2,0.0,0.0,0.0,0.0,0.0,0.0,0.0,0.0,0.0,0.0,0.0,0.0,0.0,0.0,0.0,0.0,0.0,0.0
pal100,photochem,125.0,0.0,0.0,0.0,0.0,0.0,0.0,0.0,0.0,0.0,0.0,0.0,0.0,0.0,0.0,0.0,0.0,0.0,0.0
pal100,photochem,125.8,0.0,0.0,0.0,0.0,0.0,0.0,0.0,0.0,0.0,0.0,0.0,0.0,0.0,0.0,0.0,0.0,0.0,0.0
pal100,photochem,126.6,0.0,0.0,0.0,0.0,0.0,0.0,0.0,0.0,0.0,0.0,0.0,0.0,0.0,0.0,0.0,0.0,0.0,0.0
pal100,photochem,127.8,0.0,0.0,0.0,0.0,0.0,0.0,0.0,0.0,0.0,0.0,0.0,0.0,0.0,0.0,0.0,0.0,0.0,0.0
pal100,photochem,129.0,0.0,0.0,0.0,0.0,0.0,0.0,0.0,0.0,0.0,0.0,0.0,0.0,0.0,0.0,0.0,0.0,0.0,0.0
pal100,photochem,129.85,0.0,0.0,0.0,0.0,0.0,0.0,0.0,0.0,0.0,0.0,0.0,0.0,0.0,0.0,0.0,0.0,0.0,0.0
pal100,photochem,131.15,0.0,0.0,0.0,0.0,0.0,0.0,0.0,0.0,0.0,0.0,0.0,0.0,0.0,0.0,0.0,0.0,0.0,0.0
pal100,photochem,133.5,0.0,0.0,0.0,0.0,0.0,0.0,0.0,0.0,0.0,0.0,0.0,0.0,0.0,0.0,0.0,0.0,0.0,0.0
pal100,photochem,136.0,0.0,0.0,0.0,0.0,0.0,0.0,0.0,0.0,0.0,0.0,0.0,0.0,0.0,0.0,0.0,0.0,0.0,0.0
pal100,photochem,141.0,0.0,0.0,0.0,0.0,0.0,0.0,0.0,0.0,0.0,0.0,0.0,0.0,0.0,0.0,0.0,0.0,0.0,0.0
pal100,photochem,150.0,0.0,0.0,0.0,0.0,0.0,0.0,0.0,0.0,0.0,0.0,0.0,0.0,0.0,0.0,0.0,0.0,0.0,0.0
pal100,photochem,160.0,0.0,0.0,0.0,0.0,0.0,0.0,0.0,0.0,0.0,0.0,0.0,0.0,0.0,0.0,0.0,0.0,0.0,0.0
pal100,photochem,167.5,0.0,0.0,0.0,0.0,0.0,0.0,0.0,0.0,0.0,0.0,0.0,0.0,0.0,0.0,0.0,0.0,0.0,0.0
pal100,photochem,172.7,0.0,0.0,0.0,0.0,0.0,0.0,0.0,0.0,0.0,0.0,0.0,0.0,0.0,0.0,0.0,0.0,0.0,0.0
pal100,photochem,176.2,0.0,0.0,0.0,0.0,0.0,0.0,0.0,0.0,0.0,0.0,0.0,0.0,0.0,0.0,0.0,0.0,0.0,0.0
pal100,photochem,177.8,0.0,0.0,0.0,0.0,0.0,0.0,0.0,0.0,0.0,0.0,0.0,0.0,0.0,0.0,0.0,0.0,0.0,0.0
pal100,photochem,179.4,0.0,0.0,0.0,0.0,0.0,0.0,0.0,0.0,0.0,0.0,0.0,0.0,0.0,0.0,0.0,0.0,0.0,0.0
pal100,photochem,181.0,0.0,0.0,0.0,0.0,0.0,0.0,0.0,0.0,0.0,0.0,0.0,0.0,0.0,0.0,0.0,0.0,0.0,0.0
pal100,photochem,182.65,0.0,0.0,0.0,0.0,0.0,0.0,0.0,0.0,0.0,0.0,0.0,0.0,0.0,0.0,0.0,0.0,0.0,0.0
pal100,photochem,184.35,0.0,0.0,0.0,0.0,0.0,0.0,0.0,0.0,0.0,0.0,0.0,0.0,0.0,0.0,0.0,0.0,0.0,0.0
pal100,photochem,186.05,0.0,0.0,0.0,0.0,0.0,0.0,0.0,0.0,0.0,0.0,0.0,0.0,0.0,0.0,0.0,0.0,0.0,0.0
pal100,photochem,187.8,0.0,0.0,0.0,0.0,0.0,0.0,0.0,0.0,0.0,0.0,0.0,0.0,0.0,0.0,0.0,0.0,0.0,0.0
pal100,photochem,189.6,0.0,0.0,0.0,0.0,0.0,0.0,0.0,0.0,0.0,0.0,0.0,0.0,0.0,0.0,0.0,0.0,0.0,0.0
pal100,photochem,191.4,0.0,0.0,0.0,0.0,0.0,0.0,0.0,0.0,0.0,0.0,0.0,0.0,0.0,0.0,0.0,0.0,0.0,0.0
pal100,photochem,193.25,0.0,0.0,0.0,0.0,0.0,0.0,0.0,0.0,0.0,0.0,0.0,0.0,0.0,0.0,0.0,0.0,0.0,0.0
pal100,photochem,195.15,0.0,0.0,0.0,0.0,0.0,0.0,0.0,0.0,0.0,0.0,0.0,0.0,0.0,0.0,0.0,0.0,0.0,0.0
pal100,photochem,197.05,0.0,0.0,0.0,0.0,0.0,0.0,0.0,0.0,0.0,0.0,0.0,0.0,0.0,0.0,0.0,0.0,0.0,0.0
pal100,photochem,199.0,0.0,0.0,0.0,0.0,0.0,0.0,0.0,0.0,0.0,0.0,0.0,0.0,0.0,0.0,0.0,0.0,0.0,0.0
pal100,photochem,201.0,0.0,0.0,0.0,0.0,0.0,0.0,0.0,0.0,0.0,0.0,0.0,0.0,0.0,0.0,0.0,0.0,0.0,0.0
pal100,photochem,203.05,0.0,0.0,0.0,0.0,0.0,0.0,0.0,0.0,0.0,0.0,0.0,0.0,0.0,0.0,0.0,0.0,0.0,0.0
pal100,photochem,205.15,0.0,0.0,0.0,0.0,0.0,0.0,0.0,0.0,0.0,0.0,0.0,0.0,0.0,0.0,0.0,0.0,0.0,0.0
pal100,photochem,207.2665,6.16e-21,5.229e-21,3.18e-21,1.359e-21,3.954e-22,7.441e-23,8.431e-24,5.207e-25,1.538e-26,1.905e-28,1.354e-30,6.265e-32,1.532e-32,6.453e-33,3.556e-33,2.169e-33,1.303e-33,6.661e-34
pal100,photochem,209.4295,2.925e-20,2.493e-20,1.535e-20,6.703e-21,2.01e-21,3.944e-22,4.721e-23,3.129e-24,1.011e-25,1.406e-27,1.126e-29,4.743e-31,1.027e-31,4.182e-32,2.323e-32,1.435e-32,8.709e-33,4.495e-33
pal100,photochem,211.646,1.319e-19,1.129e-19,7.038e-20,3.139e-20,9.711e-21,1.987e-21,2.513e-22,1.789e-23,6.343e-25,9.953e-27,9.106e-29,3.424e-30,6.314e-31,2.497e-31,1.411e-31,8.85e-32,5.43e-32,2.829e-32
pal100,photochem,213.91,1.633e-19,1.398e-19,8.727e-20,3.9e-20,1.21e-20,2.487e-21,3.163e-22,2.268e-23,8.122e-25,1.29e-26,1.096e-28,3.388e-30,5.06e-31,1.985e-31,1.152e-31,7.331e-32,4.535e-32,2.38e-32
pal100,photochem,216.2225,1.138e-19,9.737e-20,6.058e-20,2.694e-20,8.3e-21,1.689e-21,2.122e-22,1.498e-23,5.261e-25,8.163e-27,6.88e-29,1.453e-30,1.692e-31,6.787e-32,4.049e-32,2.609e-32,1.623e-32,8.565e-33
pal100,photochem,218.5855,8.164e-20,6.969e-20,4.311e-20,1.898e-20,5.761e-21,1.15e-21,1.408e-22,9.633e-24,3.257e-25,4.832e-27,3.727e-29,5.273e-31,4.661e-32,1.967e-32,1.202e-32,7.805e-33,4.873e-33,2.584e-33
pal100,photochem,221.001,1.532e-20,1.299e-20,7.882e-21,3.357e-21,9.713e-22,1.816e-22,2.044e-23,1.255e-24,3.699e-26,4.608e-28,2.724e-30,2.158e-32,1.442e-33,6.495e-34,4.034e-34,2.629e-34,1.643e-34,8.744e-35
pal100,photochem,223.4705,1.457e-21,1.224e-21,7.21e-22,2.919e-22,7.849e-23,1.329e-23,1.314e-24,6.835e-26,1.633e-27,1.553e-29,6.189e-32,2.355e-34,1.211e-35,5.8e-36,3.635e-36,2.37e-36,1.48e-36,7.912e-37
pal100,photochem,225.996,4.555e-23,3.78e-23,2.147e-23,8.166e-24,2.005e-24,3.003e-25,2.53e-26,1.073e-27,1.977e-29,1.349e-31,3.333e-34,5.333e-37,2.168e-38,1.086e-38,6.842e-39,4.46e-39,2.785e-39,1.495e-39
pal100,photochem,228.579,4.466e-25,3.643e-25,1.961e-25,6.814e-26,1.466e-26,1.836e-27,1.226e-28,3.854e-30,4.854e-32,2.025e-34,2.511e-37,1.331e-40,4.366e-42,2.253e-42,1.422e-42,9.249e-43,5.773e-43,3.111e-43
pal100,photochem,231.2215,1.374e-27,1.096e-27,5.522e-28,1.711e-28,3.118e-29,3.119e-30,1.552e-31,3.346e-33,2.599e-35,5.798e-38,3.037e-41,4.204e-45,0.0,0.0,0.0,0.0,0.0,0.0
pal100,photochem,233.926,1.205e-30,9.366e-31,4.362e-31,1.183e-31,1.775e-32,1.364e-33,4.808e-35,6.658e-37,2.933e-39,3.132e-42,0.0,0.0,0.0,0.0,0.0,0.0,0.0,0.0
pal100,photochem,236.6945,8.333e-34,6.299e-34,2.693e-34,6.307e-35,7.647e-36,4.404e-37,1.064e-38,9.065e-41,2.144e-43,0.0,0.0,0.0,0.0,0.0,0.0,0.0,0.0,0.0
pal100,photochem,239.5295,8.543e-37,6.299e-37,2.496e-37,5.133e-38,5.152e-39,2.298e-40,3.975e-42,2.242e-44,1.401e-45,0.0,0.0,0.0,0.0,0.0,0.0,0.0,0.0,0.0
pal100,photochem,242.433,3.414e-39,2.462e-39,9.119e-40,1.672e-40,1.42e-41,5.045e-43,5.605e-45,0.0,0.0,0.0,0.0,0.0,0.0,0.0,0.0,0.0,0.0,0.0
pal100,photochem,245.408,8.716e-43,6.096e-43,2.046e-43,3.223e-44,2.803e-45,0.0,0.0,0.0,0.0,0.0,0.0,0.0,0.0,0.0,0.0,0.0,0.0,0.0
pal100,photochem,248.457,1.401e-45,0.0,0.0,0.0,0.0,0.0,0.0,0.0,0.0,0.0,0.0,0.0,0.0,0.0,0.0,0.0,0.0,0.0
pal100,photochem,251.5825,0.0,0.0,0.0,0.0,0.0,0.0,0.0,0.0,0.0,0.0,0.0,0.0,0.0,0.0,0.0,0.0,0.0,0.0
pal100,photochem,254.7875,0.0,0.0,0.0,0.0,0.0,0.0,0.0,0.0,0.0,0.0,0.0,0.0,0.0,0.0,0.0,0.0,0.0,0.0
pal100,photochem,258.075,0.0,0.0,0.0,0.0,0.0,0.0,0.0,0.0,0.0,0.0,0.0,0.0,0.0,0.0,0.0,0.0,0.0,0.0
pal100,photochem,261.449,1.401e-44,9.809e-45,2.803e-45,0.0,0.0,0.0,0.0,0.0,0.0,0.0,0.0,0.0,0.0,0.0,0.0,0.0,0.0,0.0
pal100,photochem,264.9125,2.446e-40,1.735e-40,6.119e-41,1.031e-41,7.735e-43,2.242e-44,0.0,0.0,0.0,0.0,0.0,0.0,0.0,0.0,0.0,0.0,0.0,0.0
pal100,photochem,268.4685,3.622e-35,2.688e-35,1.087e-35,2.312e-36,2.436e-37,1.158e-38,2.17e-40,1.321e-42,1.401e-45,0.0,0.0,0.0,0.0,0.0,0.0,0.0,0.0,0.0
pal100,photochem,272.1215,1.749e-29,1.365e-29,6.422e-30,1.771e-30,2.724e-31,2.161e-32,7.909e-34,1.139e-35,5.146e-38,5.273e-41,8.408e-45,0.0,0.0,0.0,0.0,0.0,0.0,0.0
pal100,photochem,275.8755,1.893e-23,1.558e-23,8.614e-24,3.131e-24,7.19e-25,9.826e-26,7.322e-27,2.627e-28,3.806e-30,1.729e-32,1.71e-35,2.406e-39,2.619e-41,1.358e-41,8.509e-42,5.516e-42,3.454e-42,1.889e-42
pal100,photochem,279.734,5.519e-18,4.77e-18,3.063e-18,1.438e-18,4.788e-19,1.083e-19,1.559e-20,1.302e-21,5.547e-23,9.992e-25,5.824e-27,8.077e-30,1.049e-31,5.237e-32,3.283e-32,2.135e-32,1.337e-32,7.268e-33
pal100,photochem,283.702,9.393e-13,8.475e-13,6.202e-13,3.639e-13,1.678e-13,5.891e-14,1.507e-14,2.633e-15,2.873e-16,1.721e-17,4.707e-19,4.777e-21,8.837e-23,3.781e-23,2.355e-23,1.536e-23,9.643e-24,5.22e-24
pal100,photochem,287.7845,1.096e-08,1.023e-08,8.304e-09,5.816e-09,3.468e-09,1.726e-09,6.791e-10,2.181e-10,5.009e-11,7.759e-12,7.207e-13,3.506e-14,1.351e-15,3.67e-16,2.213e-16,1.441e-16,9.085e-17,4.917e-17
pal100,photochem,291.9865,1.341e-05,1.284e-05,1.124e-05,8.963e-06,6.454e-06,4.145e-06,2.332e-06,1.121e-06,4.439e-07,1.377e-07,3.122e-08,4.745e-09,4.937e-10,8.274e-11,4.139e-11,2.635e-11,1.661e-11,9.034e-12
pal100,photochem,296.309,0.0009863,0.0009597,0.0008836,0.0007675,0.0006259,0.0004757,0.0003335,0.0002124,0.0001204,5.9e-05,2.4e-05,7.679e-06,1.841e-06,3.667e-07,1.116e-07,6.177e-08,3.804e-08,2.073e-08
pal100,photochem,300.5,0.01092,0.01073,0.01017,0.009278,0.00813,0.006811,0.005419,0.00406,0.002828,0.001801,0.001023,0.0005012,0.0002027,6.52e-05,1.82e-05,6.691e-06,3.631e-06,1.937e-06
pal100,photochem,303.0,0.0407,0.04014,0.03848,0.03582,0.0323,0.02812,0.02353,0.01881,0.01422,0.01004,0.006511,0.003777,0.001892,0.0007833,0.0002622,8.32e-05,3.645e-05,1.848e-05
pal100,photochem,304.0,0.04802,0.0474,0.04556,0.04261,0.03868,0.034,0.02879,0.02336,0.01801,0.01296,0.008721,0.005266,0.002777,0.001224,0.0004362,0.0001382,5.617e-05,2.774e-05
pal100,photochem,305.0,0.07214,0.07128,0.06876,0.06468,0.05923,0.05266,0.04528,0.03746,0.02959,0.0221,0.01537,0.009764,0.005496,0.002631,0.001024,0.0003335,0.0001225,5.728e-05
pal100,photochem,306.0,0.07208,0.07128,0.06891,0.06507,0.05992,0.05367,0.04659,0.03902,0.03131,0.02385,0.01702,0.01116,0.00655,0.003306,0.001368,0.0004614,0.0001597,7.096e-05
pal100,photochem,307.0,0.09887,0.09785,0.09482,0.08989,0.08325,0.07515,0.06591,0.05592,0.04562,0.03548,0.026,0.01764,0.01082,0.005782,0.002563,0.0009107,0.0003,0.0001236
pal100,photochem,308.0,0.1227,0.1216,0.118,0.1123,0.1046,0.09507,0.08416,0.07226,0.05984,0.04743,0.0356,0.02493,0.01591,0.008963,0.004243,0.001604,0.0005171,0.0001952
pal100,photochem,309.0,0.1316,0.1303,0.1267,0.1208,0.1128,0.103,0.09164,0.0792,0.06614,0.05298,0.04031,0.02871,0.01874,0.01087,0.00534,0.002099,0.0006759,0.000241
pal100,photochem,310.0,0.137,0.1359,0.1324,0.1267,0.1189,0.1094,0.09824,0.08594,0.07287,0.05951,0.04641,0.03412,0.02322,0.01422,0.007507,0.003205,0.001063,0.0003392
pal100,photochem,311.0,0.2361,0.2318,0.2284,0.2189,0.206,0.1899,0.1698,0.1506,0.1285,0.1058,0.08333,0.06207,0.04295,0.0269,0.01462,0.006471,0.002195,0.0006701
pal100,photochem,312.0,0.2178,0.2161,0.211,0.2027,0.1913,0.1772,0.1607,0.1423,0.1225,0.102,0.08147,0.0618,0.0438,0.02832,0.01606,0.007509,0.002665,0.0007709
pal100,photochem,313.0,0.2514,0.2495,0.2439,0.2348,0.2223,0.2067,0.1885,0.168,0.1459,0.1228,0.09945,0.0768,0.05572,0.03715,0.02198,0.01087,0.004087,0.001145
pal100,photochem,314.0,0.2781,0.2761,0.27,0.2601,0.2466,0.2297,0.2098,0.1875,0.1634,0.1381,0.1125,0.08746,0.06402,0.0432,0.02597,0.01312,0.005054,0.001406
pal100,photochem,316.0,0.2981,0.2961,0.2901,0.2803,0.2669,0.25,0.2302,0.2077,0.1832,0.1573,0.1303,0.1042,0.07886,0.05563,0.03555,0.01957,0.00841,0.002414
pal100,photochem,320.0,0.4013,0.3988,0.3915,0.3795,0.363,0.3423,0.3177,0.2897,0.2589,0.2259,0.1917,0.157,0.1231,0.09097,0.06204,0.0375,0.01847,0.00607
pal100,photochem,325.0,0.5328,0.5298,0.5209,0.5062,0.4859,0.4604,0.4301,0.3954,0.357,0.3156,0.2721,0.2276,0.1832,0.1404,0.1006,0.06549,0.03625,0.01428
pal100,photochem,330.0,0.6738,0.6701,0.6594,0.6415,0.617,0.586,0.549,0.5067,0.4596,0.4088,0.3551,0.2998,0.2443,0.1902,0.1393,0.09363,0.05466,0.02374
pal100,photochem,335.0,0.6488,0.6455,0.6354,0.6187,0.5957,0.5666,0.532,0.4922,0.4479,0.3998,0.349,0.2964,0.2433,0.1912,0.142,0.09724,0.05863,0.02715
pal100,photochem,340.0,0.709,0.7054,0.6946,0.6766,0.6519,0.6206,0.5833,0.5403,0.4925,0.4406,0.3854,0.3283,0.2704,0.2135,0.1593,0.1099,0.06711,0.03193
pal100,photochem,345.0,0.7012,0.6977,0.6871,0.6696,0.6454,0.6148,0.5782,0.5361,0.4892,0.4382,0.3839,0.3276,0.2704,0.2139,0.16,0.1108,0.06801,0.03278
pal100,photochem,350.0,0.7341,0.7304,0.7194,0.7012,0.676,0.6442,0.6061,0.5623,0.5134,0.4602,0.4036,0.3446,0.2847,0.2253,0.1686,0.1166,0.07152,0.03446
pal100,photochem,355.0,0.7773,0.7735,0.7619,0.7428,0.7164,0.6829,0.6429,0.5968,0.5453,0.4892,0.4294,0.3671,0.3036,0.2406,0.1802,0.1247,0.07653,0.03701
pal100,photochem,360.0,0.7115,0.708,0.6975,0.6801,0.6561,0.6257,0.5893,0.5474,0.5005,0.4493,0.3947,0.3377,0.2796,0.2218,0.1662,0.115,0.07053,0.03415
pal100,photochem,365.0,0.9055,0.901,0.8877,0.8658,0.8354,0.797,0.7509,0.6979,0.6385,0.5736,0.5043,0.4319,0.3578,0.2841,0.2129,0.1473,0.09029,0.04373
pal100,photochem,370.0,0.9421,0.9375,0.9238,0.9011,0.8697,0.8299,0.7823,0.7273,0.6658,0.5986,0.5267,0.4514,0.3744,0.2974,0.223,0.1543,0.09441,0.04571
pal100,photochem,375.0,0.8516,0.8474,0.8351,0.8147,0.7865,0.7508,0.708,0.6586,0.6032,0.5426,0.4778,0.4099,0.3402,0.2704,0.2029,0.1403,0.08574,0.04148
pal100,photochem,380.0,0.9795,0.9748,0.9607,0.9374,0.9051,0.8643,0.8153,0.7587,0.6953,0.6259,0.5515,0.4734,0.3932,0.3129,0.2348,0.1623,0.09907,0.04788
pal100,photochem,385.0,0.7388,0.7353,0.7247,0.7073,0.6831,0.6524,0.6156,0.5732,0.5255,0.4733,0.4174,0.3586,0.2981,0.2374,0.1782,0.1232,0.07507,0.03624
pal100,photochem,390.0,0.9652,0.9606,0.9469,0.9242,0.8928,0.8529,0.8051,0.7499,0.6879,0.62,0.5471,0.4704,0.3913,0.3118,0.2343,0.1619,0.09852,0.04749
pal100,photochem,395.0,0.7491,0.7455,0.735,0.7174,0.6932,0.6624,0.6255,0.5828,0.5349,0.4823,0.4259,0.3665,0.3051,0.2433,0.1829,0.1264,0.07681,0.03696
pal100,photochem,400.0,1.391,1.385,1.365,1.333,1.288,1.231,1.163,1.084,0.9952,0.8979,0.7934,0.6832,0.5693,0.4544,0.3418,0.2361,0.1433,0.06885
pal100,photochem,405.0,1.419,1.412,1.392,1.36,1.314,1.256,1.187,1.107,1.017,0.9179,0.8115,0.6993,0.5832,0.4658,0.3506,0.2422,0.1468,0.0704
pal100,photochem,410.0,1.463,1.457,1.436,1.403,1.356,1.297,1.225,1.143,1.051,0.9488,0.8394,0.7238,0.6041,0.4829,0.3637,0.2513,0.1521,0.07278
pal100,photochem,415.0,1.525,1.518,1.497,1.462,1.414,1.352,1.278,1.193,1.097,0.9909,0.8772,0.7569,0.6322,0.5058,0.3812,0.2634,0.1592,0.07604
pal100,photochem,420.0,1.54,1.533,1.511,1.476,1.427,1.366,1.291,1.205,1.109,1.002,0.8878,0.7666,0.6408,0.5131,0.387,0.2674,0.1615,0.07692
pal100,photochem,425.0,1.47,1.463,1.443,1.41,1.363,1.304,1.234,1.152,1.06,0.9588,0.8496,0.7341,0.6141,0.492,0.3713,0.2566,0.1547,0.0735
pal100,photochem,430.0,1.356,1.35,1.331,1.301,1.258,1.204,1.139,1.064,0.9794,0.8863,0.7858,0.6794,0.5687,0.4561,0.3444,0.2381,0.1434,0.06797
pal100,photochem,435.0,1.574,1.567,1.546,1.51,1.461,1.399,1.323,1.236,1.139,1.031,0.9143,0.791,0.6626,0.5318,0.4019,0.2779,0.1672,0.079
pal100,photochem,440.0,1.619,1.612,1.59,1.554,1.503,1.439,1.362,1.273,1.172,1.062,0.9424,0.8157,0.6837,0.5491,0.4152,0.2871,0.1725,0.0812
pal100,photochem,445.0,1.739,1.731,1.708,1.669,1.615,1.546,1.464,1.368,1.261,1.142,1.014,0.8783,0.7367,0.592,0.448,0.3099,0.186,0.08724
pal100,photochem,450.0,1.849,1.841,1.816,1.775,1.718,1.645,1.558,1.457,1.342,1.217,1.081,0.9366,0.7861,0.6322,0.4787,0.3313,0.1986,0.09289
pal100,photochem,455.0,1.81,1.802,1.777,1.737,1.681,1.61,1.525,1.426,1.315,1.192,1.06,0.9187,0.7715,0.6209,0.4704,0.3257,0.1951,0.09091
pal100,photochem,460.0,1.861,1.853,1.828,1.786,1.729,1.657,1.569,1.468,1.353,1.227,1.091,0.9462,0.7949,0.6399,0.4849,0.3355,0.2005,0.09279
pal100,photochem,465.0,1.84,1.832,1.807,1.767,1.71,1.638,1.552,1.452,1.34,1.215,1.081,0.9378,0.7883,0.635,0.4816,0.3334,0.1991,0.09192
pal100,photochem,470.0,1.83,1.821,1.797,1.757,1.701,1.63,1.544,1.445,1.333,1.21,1.077,0.9345,0.786,0.6335,0.4808,0.3329,0.1987,0.09136
pal100,photochem,475.0,1.85,1.842,1.818,1.777,1.721,1.649,1.563,1.463,1.35,1.225,1.09,0.9469,0.7968,0.6426,0.4878,0.3379,0.2014,0.09218
pal100,photochem,480.0,1.9,1.892,1.867,1.825,1.767,1.694,1.605,1.502,1.387,1.259,1.12,0.9729,0.8186,0.6601,0.5009,0.3464,0.2057,0.09319
pal100,photochem,485.0,1.726,1.718,1.695,1.657,1.605,1.538,1.458,1.365,1.26,1.144,1.019,0.8849,0.7449,0.6009,0.4562,0.3156,0.1872,0.08441
pal100,photochem,490.0,1.797,1.789,1.766,1.726,1.672,1.603,1.519,1.423,1.314,1.193,1.063,0.9236,0.7779,0.628,0.4771,0.3303,0.1959,0.08813
pal100,photochem,495.0,1.83,1.822,1.798,1.758,1.702,1.632,1.547,1.449,1.338,1.216,1.083,0.9417,0.7934,0.6408,0.487,0.3371,0.1997,0.08937
pal100,photochem,500.0,1.742,1.735,1.712,1.674,1.621,1.554,1.473,1.38,1.274,1.158,1.031,0.8966,0.7553,0.6098,0.4632,0.3202,0.1889,0.08362
pal100,photochem,505.0,1.766,1.758,1.735,1.697,1.643,1.575,1.493,1.398,1.291,1.173,1.045,0.908,0.7647,0.617,0.4681,0.3228,0.1895,0.08269
pal100,photochem,510.0,1.751,1.744,1.721,1.683,1.63,1.562,1.481,1.388,1.282,1.165,1.038,0.9023,0.7603,0.6138,0.4661,0.3217,0.1889,0.08229
pal100,photochem,515.0,1.623,1.616,1.594,1.559,1.51,1.448,1.373,1.286,1.188,1.08,0.9625,0.8372,0.7056,0.57,0.4329,0.2989,0.1754,0.07604
pal100,photochem,520.0,1.667,1.659,1.637,1.601,1.551,1.487,1.411,1.321,1.221,1.11,0.9889,0.8602,0.7251,0.5857,0.4448,0.3069,0.1797,0.07734
pal100,photochem,525.0,1.669,1.661,1.639,1.603,1.553,1.489,1.412,1.323,1.222,1.11,0.9895,0.8606,0.7252,0.5854,0.4442,0.3059,0.1783,0.07578
pal100,photochem,530.0,1.752,1.745,1.722,1.684,1.631,1.564,1.483,1.389,1.282,1.165,1.038,0.9024,0.7599,0.6129,0.4643,0.3188,0.1846,0.07724
pal100,photochem,535.0,1.696,1.689,1.666,1.63,1.578,1.513,1.435,1.344,1.241,1.128,1.005,0.8735,0.7356,0.5932,0.4492,0.3082,0.178,0.07385
pal100,photochem,540.0,1.697,1.689,1.667,1.63,1.579,1.514,1.436,1.345,1.242,1.129,1.006,0.8748,0.7369,0.5944,0.4503,0.309,0.1784,0.0737
pal100,photochem,545.0,1.719,1.712,1.689,1.652,1.6,1.534,1.455,1.363,1.259,1.144,1.019,0.8861,0.7463,0.6019,0.4557,0.3124,0.1798,0.0736
pal100,photochem,550.0,1.722,1.715,1.692,1.655,1.603,1.537,1.458,1.365,1.261,1.146,1.021,0.8879,0.7478,0.6031,0.4565,0.3127,0.1796,0.07299
pal100,photochem,555.0,1.707,1.7,1.677,1.64,1.589,1.524,1.445,1.354,1.251,1.136,1.013,0.8806,0.7417,0.5981,0.4527,0.3099,0.1776,0.07159
pal100,photochem,560.0,1.66,1.653,1.631,1.595,1.545,1.481,1.405,1.316,1.215,1.104,0.9838,0.8551,0.7198,0.5801,0.4385,0.2995,0.1708,0.06794
pal100,photochem,565.0,1.658,1.651,1.629,1.593,1.543,1.479,1.403,1.314,1.213,1.102,0.9816,0.8528,0.7175,0.5777,0.4361,0.2971,0.1685,0.0661
pal100,photochem,570.0,1.646,1.639,1.617,1.581,1.531,1.468,1.392,1.304,1.204,1.094,0.9738,0.8459,0.7115,0.5726,0.4319,0.2938,0.1661,0.06451
pal100,photochem,575.0,1.672,1.665,1.643,1.607,1.556,1.492,1.415,1.325,1.223,1.111,0.9897,0.8597,0.7231,0.5819,0.4389,0.2985,0.1685,0.06507
pal100,photochem,580.0,1.647,1.639,1.618,1.582,1.532,1.469,1.394,1.305,1.206,1.096,0.9761,0.8484,0.7142,0.5753,0.4345,0.296,0.1676,0.06493
pal100,photochem,585.0,1.649,1.642,1.62,1.585,1.535,1.472,1.396,1.308,1.209,1.099,0.9794,0.8518,0.7175,0.5786,0.4376,0.2988,0.1696,0.06598
pal100,photochem,590.0,1.591,1.584,1.563,1.529,1.481,1.421,1.348,1.263,1.167,1.061,0.9457,0.8228,0.6934,0.5594,0.4233,0.2892,0.1643,0.06382
pal100,photochem,595.0,1.62,1.613,1.592,1.557,1.508,1.446,1.372,1.286,1.188,1.08,0.9624,0.8371,0.7051,0.5686,0.4299,0.2933,0.1661,0.06389
pal100,photochem,600.0,1.577,1.57,1.55,1.516,1.468,1.408,1.335,1.251,1.156,1.05,0.936,0.8138,0.6851,0.552,0.4169,0.2838,0.1599,0.06079
pal100,photochem,605.0,1.595,1.588,1.567,1.533,1.485,1.424,1.351,1.266,1.169,1.063,0.9472,0.8237,0.6937,0.5591,0.4224,0.2876,0.1621,0.06151
pal100,photochem,610.0,1.578,1.571,1.551,1.517,1.469,1.409,1.337,1.253,1.158,1.053,0.9394,0.8176,0.6893,0.5564,0.4213,0.2879,0.1632,0.06247
pal100,photochem,615.0,1.544,1.537,1.517,1.484,1.438,1.38,1.309,1.227,1.135,1.033,0.9216,0.8029,0.6778,0.548,0.416,0.2853,0.1627,0.06298
pal100,photochem,620.0,1.569,1.562,1.542,1.508,1.462,1.403,1.331,1.248,1.155,1.051,0.9388,0.8184,0.6916,0.56,0.4259,0.293,0.1679,0.06555
pal100,photochem,625.0,1.537,1.53,1.511,1.478,1.432,1.375,1.305,1.224,1.133,1.032,0.9216,0.8039,0.6799,0.5511,0.4199,0.2895,0.1666,0.06544
pal100,photochem,630.0,1.541,1.535,1.515,1.482,1.437,1.379,1.309,1.229,1.137,1.036,0.926,0.8083,0.6842,0.5553,0.4238,0.293,0.1693,0.06696
pal100,photochem,635.0,1.533,1.526,1.507,1.474,1.429,1.372,1.303,1.223,1.132,1.032,0.9229,0.8062,0.683,0.5551,0.4244,0.2943,0.1708,0.06809
pal100,photochem,640.0,1.517,1.511,1.492,1.46,1.415,1.359,1.291,1.212,1.122,1.023,0.9157,0.8004,0.6788,0.5524,0.4231,0.2942,0.1716,0.06896
pal100,photochem,644.8,1.511,1.504,1.485,1.453,1.409,1.353,1.286,1.207,1.118,1.02,0.9133,0.7989,0.6781,0.5524,0.4238,0.2955,0.173,0.07001
pal100,photochem,651.05,1.494,1.487,1.468,1.437,1.394,1.338,1.272,1.195,1.107,1.01,0.9049,0.792,0.6728,0.5488,0.4218,0.2948,0.1734,0.07063
pal100,photochem,660.0,1.42,1.414,1.396,1.366,1.325,1.273,1.21,1.137,1.054,0.9625,0.8627,0.7559,0.6429,0.5253,0.4048,0.284,0.1681,0.06911
pal100,photochem,670.0,1.46,1.454,1.436,1.406,1.364,1.31,1.246,1.171,1.086,0.9924,0.8902,0.7808,0.665,0.5444,0.4207,0.2964,0.1766,0.07342
pal100,photochem,680.0,1.436,1.43,1.412,1.383,1.342,1.289,1.226,1.153,1.07,0.978,0.878,0.7707,0.6572,0.5389,0.4174,0.2951,0.1768,0.07417
pal100,photochem,690.0,1.418,1.412,1.394,1.365,1.325,1.273,1.211,1.139,1.057,0.967,0.8685,0.7629,0.6513,0.5347,0.415,0.2943,0.1771,0.0748
pal100,photochem,700.0,1.395,1.389,1.372,1.343,1.304,1.253,1.192,1.122,1.042,0.9531,0.8565,0.753,0.6434,0.529,0.4113,0.2925,0.1769,0.07525
pal100,photochem,710.0,1.363,1.358,1.341,1.313,1.274,1.225,1.166,1.097,1.019,0.9325,0.8384,0.7375,0.6306,0.519,0.4041,0.288,0.1747,0.07459
pal100,photochem,720.0,1.319,1.314,1.297,1.27,1.233,1.186,1.129,1.062,0.9868,0.9033,0.8125,0.715,0.6118,0.5039,0.3928,0.2804,0.1706,0.07305
pal100,photochem,730.0,1.289,1.284,1.268,1.242,1.206,1.159,1.104,1.039,0.9654,0.8841,0.7955,0.7003,0.5996,0.4944,0.3859,0.2761,0.1685,0.07241
pal100,vulcan,120.7,0.0,0.0,0.0,0.0,0.0,0.0,0.0,0.0,0.0,0.0,0.0,0.0,0.0,0.0,0.0,0.0,0.0,0.0
pal100,vulcan,121.65,0.0,0.0,0.0,0.0,0.0,0.0,0.0,0.0,0.0,0.0,0.0,0.0,0.0,0.0,0.0,0.0,0.0,0.0
pal100,vulcan,122.1,0.0,0.0,0.0,0.0,0.0,0.0,0.0,0.0,0.0,0.0,0.0,0.0,0.0,0.0,0.0,0.0,0.0,0.0
pal100,vulcan,122.7,0.0,0.0,0.0,0.0,0.0,0.0,0.0,0.0,0.0,0.0,0.0,0.0,0.0,0.0,0.0,0.0,0.0,0.0
pal100,vulcan,123.45,0.0,0.0,0.0,0.0,0.0,0.0,0.0,0.0,0.0,0.0,0.0,0.0,0.0,0.0,0.0,0.0,0.0,0.0
pal100,vulcan,124.2,0.0,0.0,0.0,0.0,0.0,0.0,0.0,0.0,0.0,0.0,0.0,0.0,0.0,0.0,0.0,0.0,0.0,0.0
pal100,vulcan,125.0,0.0,0.0,0.0,0.0,0.0,0.0,0.0,0.0,0.0,0.0,0.0,0.0,0.0,0.0,0.0,0.0,0.0,0.0
pal100,vulcan,125.8,0.0,0.0,0.0,0.0,0.0,0.0,0.0,0.0,0.0,0.0,0.0,0.0,0.0,0.0,0.0,0.0,0.0,0.0
pal100,vulcan,126.6,0.0,0.0,0.0,0.0,0.0,0.0,0.0,0.0,0.0,0.0,0.0,0.0,0.0,0.0,0.0,0.0,0.0,0.0
pal100,vulcan,127.8,0.0,0.0,0.0,0.0,0.0,0.0,0.0,0.0,0.0,0.0,0.0,0.0,0.0,0.0,0.0,0.0,0.0,0.0
pal100,vulcan,129.0,0.0,0.0,0.0,0.0,0.0,0.0,0.0,0.0,0.0,0.0,0.0,0.0,0.0,0.0,0.0,0.0,0.0,0.0
pal100,vulcan,129.85,0.0,0.0,0.0,0.0,0.0,0.0,0.0,0.0,0.0,0.0,0.0,0.0,0.0,0.0,0.0,0.0,0.0,0.0
pal100,vulcan,131.15,0.0,0.0,0.0,0.0,0.0,0.0,0.0,0.0,0.0,0.0,0.0,0.0,0.0,0.0,0.0,0.0,0.0,0.0
pal100,vulcan,133.5,0.0,0.0,0.0,0.0,0.0,0.0,0.0,0.0,0.0,0.0,0.0,0.0,0.0,0.0,0.0,0.0,0.0,0.0
pal100,vulcan,136.0,0.0,0.0,0.0,0.0,0.0,0.0,0.0,0.0,0.0,0.0,0.0,0.0,0.0,0.0,0.0,0.0,0.0,0.0
pal100,vulcan,141.0,0.0,0.0,0.0,0.0,0.0,0.0,0.0,0.0,0.0,0.0,0.0,0.0,0.0,0.0,0.0,0.0,0.0,0.0
pal100,vulcan,150.0,0.0,0.0,0.0,0.0,0.0,0.0,0.0,0.0,0.0,0.0,0.0,0.0,0.0,0.0,0.0,0.0,0.0,0.0
pal100,vulcan,160.0,0.0,0.0,0.0,0.0,0.0,0.0,0.0,0.0,0.0,0.0,0.0,0.0,0.0,0.0,0.0,0.0,0.0,0.0
pal100,vulcan,167.5,0.0,0.0,0.0,0.0,0.0,0.0,0.0,0.0,0.0,0.0,0.0,0.0,0.0,0.0,0.0,0.0,0.0,0.0
pal100,vulcan,172.7,0.0,0.0,0.0,0.0,0.0,0.0,0.0,0.0,0.0,0.0,0.0,0.0,0.0,0.0,0.0,0.0,0.0,0.0
pal100,vulcan,176.2,0.0,0.0,0.0,0.0,0.0,0.0,0.0,0.0,0.0,0.0,0.0,0.0,0.0,0.0,0.0,0.0,0.0,0.0
pal100,vulcan,177.8,0.0,0.0,0.0,0.0,0.0,0.0,0.0,0.0,0.0,0.0,0.0,0.0,0.0,0.0,0.0,0.0,0.0,0.0
pal100,vulcan,179.4,0.0,0.0,0.0,0.0,0.0,0.0,0.0,0.0,0.0,0.0,0.0,0.0,0.0,0.0,0.0,0.0,0.0,0.0
pal100,vulcan,181.0,0.0,0.0,0.0,0.0,0.0,0.0,0.0,0.0,0.0,0.0,0.0,0.0,0.0,0.0,0.0,0.0,0.0,0.0
pal100,vulcan,182.65,0.0,0.0,0.0,0.0,0.0,0.0,0.0,0.0,0.0,0.0,0.0,0.0,0.0,0.0,0.0,0.0,0.0,0.0
pal100,vulcan,184.35,0.0,0.0,0.0,0.0,0.0,0.0,0.0,0.0,0.0,0.0,0.0,0.0,0.0,0.0,0.0,0.0,0.0,0.0
pal100,vulcan,186.05,0.0,0.0,0.0,0.0,0.0,0.0,0.0,0.0,0.0,0.0,0.0,0.0,0.0,0.0,0.0,0.0,0.0,0.0
pal100,vulcan,187.8,0.0,0.0,0.0,0.0,0.0,0.0,0.0,0.0,0.0,0.0,0.0,0.0,0.0,0.0,0.0,0.0,0.0,0.0
pal100,vulcan,189.6,0.0,0.0,0.0,0.0,0.0,0.0,0.0,0.0,0.0,0.0,0.0,0.0,0.0,0.0,0.0,0.0,0.0,0.0
pal100,vulcan,191.4,0.0,0.0,0.0,0.0,0.0,0.0,0.0,0.0,0.0,0.0,0.0,0.0,0.0,0.0,0.0,0.0,0.0,0.0
pal100,vulcan,193.25,0.0,0.0,0.0,0.0,0.0,0.0,0.0,0.0,0.0,0.0,0.0,0.0,0.0,0.0,0.0,0.0,0.0,0.0
pal100,vulcan,195.15,0.0,0.0,0.0,0.0,0.0,0.0,0.0,0.0,0.0,0.0,0.0,0.0,0.0,0.0,0.0,0.0,0.0,0.0
pal100,vulcan,197.05,0.0,0.0,0.0,0.0,0.0,0.0,0.0,0.0,0.0,0.0,0.0,0.0,0.0,0.0,0.0,0.0,0.0,0.0
pal100,vulcan,199.0,0.0,0.0,0.0,0.0,0.0,0.0,0.0,0.0,0.0,0.0,0.0,0.0,0.0,0.0,0.0,0.0,0.0,0.0
pal100,vulcan,201.0,0.0,0.0,0.0,0.0,0.0,0.0,0.0,0.0,0.0,0.0,0.0,0.0,0.0,0.0,0.0,0.0,0.0,0.0
pal100,vulcan,203.05,0.0,0.0,0.0,0.0,0.0,0.0,0.0,0.0,0.0,0.0,0.0,0.0,0.0,0.0,0.0,0.0,0.0,0.0
pal100,vulcan,205.15,0.0,0.0,0.0,0.0,0.0,0.0,0.0,0.0,0.0,0.0,0.0,0.0,0.0,0.0,0.0,0.0,0.0,0.0
pal100,vulcan,207.2665,1.897e-20,1.617e-20,9.961e-21,4.354e-21,1.308e-21,2.572e-22,3.087e-23,2.054e-24,6.67e-26,9.348e-28,7.918e-30,4.433e-31,1.129e-31,4.527e-32,2.409e-32,1.484e-32,9.288e-33,5.056e-33
pal100,vulcan,209.4295,1.194e-19,1.023e-19,6.402e-20,2.874e-20,8.978e-21,1.861e-21,2.394e-22,1.74e-23,6.337e-25,1.029e-26,1.025e-28,5.478e-30,1.247e-30,4.757e-31,2.555e-31,1.609e-31,1.025e-31,5.674e-32
pal100,vulcan,211.646,8.038e-19,6.927e-19,4.409e-19,2.038e-19,6.642e-20,1.459e-20,2.024e-21,1.623e-22,6.705e-24,1.284e-25,1.441e-27,7.933e-29,1.552e-29,5.631e-30,3.102e-30,2.008e-30,1.304e-30,7.343e-31
pal100,vulcan,213.91,1.719e-18,1.485e-18,9.524e-19,4.46e-19,1.481e-19,3.337e-20,4.788e-21,4.01e-22,1.753e-23,3.612e-25,4.667e-27,2.03e-28,3.235e-29,1.139e-29,6.558e-30,4.365e-30,2.88e-30,1.644e-30
pal100,vulcan,216.2225,2.48e-18,2.146e-18,1.384e-18,6.542e-19,2.202e-19,5.056e-20,7.437e-21,6.435e-22,2.936e-23,6.41e-25,8.683e-27,3.079e-28,3.82e-29,1.356e-29,8.226e-30,5.602e-30,3.743e-30,2.162e-30
pal100,vulcan,218.5855,4.613e-18,3.999e-18,2.592e-18,1.236e-18,4.215e-19,9.85e-20,1.484e-20,1.325e-21,6.315e-23,1.468e-24,2.045e-26,5.842e-28,5.424e-29,2.038e-29,1.296e-29,8.978e-30,6.054e-30,3.533e-30
pal100,vulcan,221.001,2.827e-18,2.446e-18,1.576e-18,7.445e-19,2.504e-19,5.744e-20,8.449e-21,7.327e-22,3.371e-23,7.522e-25,9.836e-27,1.864e-28,1.267e-29,5.252e-30,3.456e-30,2.419e-30,1.64e-30,9.639e-31
pal100,vulcan,223.4705,1.143e-18,9.85e-19,6.268e-19,2.897e-19,9.441e-20,2.076e-20,2.891e-21,2.339e-22,9.879e-24,1.983e-25,2.16e-27,2.502e-29,1.255e-30,5.817e-31,3.909e-31,2.752e-31,1.872e-31,1.106e-31
pal100,vulcan,225.996,2.024e-19,1.735e-19,1.086e-19,4.88e-20,1.528e-20,3.181e-21,4.13e-22,3.062e-23,1.161e-24,2.038e-26,1.764e-28,1.143e-30,4.357e-32,2.226e-32,1.515e-32,1.071e-32,7.3e-33,4.338e-33
pal100,vulcan,228.579,1.596e-20,1.355e-20,8.242e-21,3.527e-21,1.028e-21,1.945e-22,2.23e-23,1.412e-24,4.391e-26,5.97e-28,3.473e-30,1.052e-32,3.151e-34,1.727e-34,1.185e-34,8.393e-35,5.729e-35,3.419e-35
pal100,vulcan,231.2215,5.064e-22,4.243e-22,2.481e-22,9.924e-23,2.624e-23,4.35e-24,4.201e-25,2.136e-26,5.028e-28,4.744e-30,1.606e-32,1.975e-35,4.828e-37,2.759e-37,1.9e-37,1.345e-37,9.19e-38,5.503e-38
pal100,vulcan,233.926,5.772e-24,4.761e-24,2.653e-24,9.777e-25,2.295e-25,3.239e-26,2.537e-27,9.863e-29,1.646e-30,9.852e-33,1.731e-35,7.675e-39,1.577e-40,9.221e-41,6.359e-41,4.5e-41,3.075e-41,1.846e-41
pal100,vulcan,236.6945,6.15e-26,4.984e-26,2.633e-26,8.858e-27,1.821e-27,2.149e-28,1.332e-29,3.836e-31,4.343e-33,1.553e-35,1.315e-38,1.952e-42,3.503e-44,2.102e-44,1.401e-44,9.809e-45,7.006e-45,4.204e-45
pal100,vulcan,239.5295,1.185e-27,9.476e-28,4.807e-28,1.509e-28,2.806e-29,2.892e-30,1.501e-31,3.429e-33,2.859e-35,6.671e-38,2.964e-41,1.401e-45,0.0,0.0,0.0,0.0,0.0,0.0
pal100,vulcan,242.433,1.111e-28,8.466e-29,4.326e-29,1.288e-29,2.213e-30,2.044e-31,9.147e-33,1.708e-34,1.074e-36,1.668e-39,4.022e-43,0.0,0.0,0.0,0.0,0.0,0.0,0.0
pal100,vulcan,245.408,2.955e-31,2.288e-31,1.051e-31,2.785e-32,4.042e-33,2.969e-34,9.613e-36,1.249e-37,4.803e-40,3.966e-43,0.0,0.0,0.0,0.0,0.0,0.0,0.0,0.0
pal100,vulcan,248.457,1.851e-33,1.406e-33,6.092e-34,1.46e-34,1.831e-35,1.102e-36,2.822e-38,2.566e-40,6.446e-43,0.0,0.0,0.0,0.0,0.0,0.0,0.0,0.0,0.0
pal100,vulcan,251.5825,9.978e-35,6.989e-35,3.139e-35,7.103e-36,8.191e-37,4.406e-38,9.712e-40,7.294e-42,1.401e-44,0.0,0.0,0.0,0.0,0.0,0.0,0.0,0.0,0.0
pal100,vulcan,254.7875,3.661e-35,2.735e-35,1.128e-35,2.484e-36,2.753e-37,1.403e-38,2.88e-40,1.974e-42,4.204e-45,0.0,0.0,0.0,0.0,0.0,0.0,0.0,0.0,0.0
pal100,vulcan,258.075,4.809e-34,3.619e-34,1.526e-34,3.489e-35,4.085e-36,2.243e-37,5.071e-39,3.933e-41,7.987e-44,0.0,0.0,0.0,0.0,0.0,0.0,0.0,0.0,0.0
pal100,vulcan,261.449,1.798e-32,1.373e-32,6.052e-33,1.493e-33,1.953e-34,1.244e-35,3.42e-37,3.406e-39,9.572e-42,5.605e-45,0.0,0.0,0.0,0.0,0.0,0.0,0.0,0.0
pal100,vulcan,264.9125,2.559e-29,2.001e-29,8.851e-30,2.645e-30,4.135e-31,3.357e-32,1.266e-33,1.891e-35,8.913e-38,9.506e-41,1.401e-44,0.0,0.0,0.0,0.0,0.0,0.0,0.0
pal100,vulcan,268.4685,1.343e-25,1.084e-25,5.661e-26,1.866e-26,3.716e-27,4.186e-28,2.422e-29,6.269e-31,5.955e-33,1.556e-35,7.285e-39,3.377e-43,2.803e-45,1.401e-45,1.401e-45,1.401e-45,1.401e-45,0.0
pal100,vulcan,272.1215,1.562e-21,1.307e-21,7.604e-22,3.015e-22,7.86e-23,1.275e-23,1.187e-24,5.66e-26,1.172e-27,8.302e-30,1.41e-32,3.525e-36,3.128e-38,1.835e-38,1.263e-38,8.935e-39,6.124e-39,3.71e-39
pal100,vulcan,275.8755,3.216e-17,2.794e-17,1.824e-17,8.801e-18,3.052e-18,7.288e-19,1.125e-19,1.026e-20,4.862e-22,9.93e-24,6.625e-26,9.924e-29,9.852e-31,5.583e-31,3.841e-31,2.722e-31,1.868e-31,1.132e-31
pal100,vulcan,279.734,2.4e-13,2.16e-13,1.568e-13,9.006e-14,4.105e-14,1.403e-14,3.46e-15,5.761e-16,5.885e-17,3.211e-18,7.628e-20,6.005e-22,7.682e-24,3.788e-24,2.593e-24,1.841e-24,1.266e-24,7.669e-25
pal100,vulcan,283.702,1.649e-09,1.531e-09,1.22e-09,8.282e-10,4.719e-10,2.207e-10,8.199e-11,2.309e-11,4.615e-12,5.942e-13,4.283e-14,1.432e-15,3.423e-17,1.074e-17,7.214e-18,5.116e-18,3.527e-18,2.14e-18
pal100,vulcan,287.7845,1.479e-06,1.406e-06,1.206e-06,9.288e-07,6.357e-07,3.81e-07,1.957e-07,8.359e-08,2.841e-08,7.216e-09,1.251e-09,1.309e-10,8.301e-12,1.334e-12,8.068e-13,5.664e-13,3.909e-13,2.379e-13
pal100,vulcan,291.9865,0.0002714,0.0002626,0.0002378,0.0002008,0.0001572,0.000113,7.361e-05,4.264e-05,2.138e-05,8.931e-06,2.941e-06,7.064e-07,1.149e-07,1.624e-08,5.896e-09,3.894e-09,2.663e-09,1.625e-09
pal100,vulcan,296.309,0.005605,0.005489,0.005151,0.004623,0.003954,0.003204,0.002441,0.001728,0.00112,0.0006488,0.0003254,0.0001348,4.33e-05,1.031e-05,2.344e-06,1.038e-06,6.7e-07,4.058e-07
pal100,vulcan,300.5,0.02947,0.02905,0.02783,0.02587,0.02329,0.02022,0.01686,0.01341,0.01006,0.007037,0.004493,0.002545,0.001225,0.0004725,0.0001393,3.839e-05,1.762e-05,1.013e-05
pal100,vulcan,303.0,0.08136,0.08044,0.07769,0.07324,0.06728,0.06006,0.05191,0.04321,0.0344,0.02592,0.01821,0.01168,0.006621,0.003158,0.001185,0.0003428,0.0001115,5.635e-05
pal100,vulcan,304.0,0.08932,0.08836,0.08551,0.08088,0.07466,0.06709,0.05848,0.04922,0.03974,0.03047,0.02191,0.01447,0.00853,0.004284,0.001715,0.0005209,0.0001572,7.427e-05
pal100,vulcan,305.0,0.1226,0.1213,0.1177,0.1118,0.1038,0.09409,0.08292,0.07076,0.05813,0.04559,0.03373,0.02313,0.01432,0.007681,0.00335,0.001104,0.0003121,0.0001304
pal100,vulcan,306.0,0.115,0.1144,0.1112,0.1059,0.09875,0.08995,0.07981,0.06872,0.05709,0.04542,0.03423,0.02404,0.01536,0.008592,0.003964,0.00139,0.0003866,0.0001458
pal100,vulcan,307.0,0.149,0.1476,0.1437,0.1373,0.1285,0.1177,0.1052,0.09142,0.07686,0.06207,0.04768,0.03434,0.02267,0.01327,0.006504,0.002452,0.0006894,0.0002289
pal100,vulcan,308.0,0.1748,0.1734,0.169,0.1618,0.1521,0.14,0.126,0.1104,0.09383,0.07683,0.06007,0.04425,0.03012,0.01837,0.009527,0.003863,0.001129,0.0003314
pal100,vulcan,309.0,0.1816,0.1801,0.1757,0.1685,0.1587,0.1466,0.1323,0.1166,0.09965,0.08222,0.06492,0.04844,0.03353,0.02092,0.0112,0.004736,0.001429,0.0003922
pal100,vulcan,310.0,0.1786,0.1772,0.1732,0.1665,0.1574,0.1461,0.1329,0.118,0.102,0.08537,0.06862,0.05242,0.03743,0.02435,0.01383,0.006352,0.002082,0.0005182
pal100,vulcan,311.0,0.3006,0.2983,0.2917,0.2808,0.2659,0.2473,0.2255,0.201,0.1746,0.1469,0.119,0.09176,0.06636,0.04393,0.02556,0.01215,0.004145,0.001005
pal100,vulcan,312.0,0.2682,0.2663,0.2606,0.2513,0.2385,0.2225,0.2037,0.1825,0.1595,0.1353,0.1107,0.08656,0.06373,0.04323,0.02604,0.01301,0.004735,0.001131
pal100,vulcan,313.0,0.2998,0.2977,0.2916,0.2816,0.2678,0.2506,0.2303,0.2074,0.1824,0.156,0.1289,0.1021,0.07649,0.05314,0.03311,0.01739,0.006788,0.001652
pal100,vulcan,314.0,0.3275,0.3253,0.3187,0.3079,0.2931,0.2746,0.2527,0.228,0.201,0.1725,0.1427,0.1139,0.08593,0.06024,0.03801,0.02034,0.008165,0.002015
pal100,vulcan,316.0,0.3353,0.3332,0.3269,0.3165,0.3022,0.2843,0.2632,0.2391,0.2127,0.1845,0.1554,0.126,0.09745,0.07067,0.04681,0.02694,0.0121,0.003326
pal100,vulcan,320.0,0.43,0.4275,0.42,0.4076,0.3906,0.3692,0.3437,0.3147,0.2826,0.2482,0.2123,0.1756,0.1394,0.1048,0.07302,0.04541,0.02315,0.007689
pal100,vulcan,325.0,0.5502,0.5472,0.5382,0.5233,0.5029,0.477,0.4462,0.4109,0.3719,0.3297,0.2853,0.2398,0.1942,0.15,0.1086,0.07168,0.04044,0.01623
pal100,vulcan,330.0,0.6847,0.6811,0.6702,0.6516,0.6276,0.5964,0.5592,0.5165,0.4691,0.4178,0.3636,0.3077,0.2515,0.1966,0.1448,0.09802,0.05781,0.02544
pal100,vulcan,335.0,0.6532,0.6498,0.6397,0.623,0.5999,0.5708,0.536,0.4961,0.4517,0.4035,0.3524,0.2996,0.2462,0.1939,0.1442,0.09911,0.06002,0.02797
pal100,vulcan,340.0,0.711,0.7074,0.6965,0.6786,0.6538,0.6225,0.5851,0.5422,0.4943,0.4422,0.387,0.3298,0.2718,0.2147,0.1604,0.1108,0.06779,0.03235
pal100,vulcan,345.0,0.7019,0.6984,0.6878,0.6703,0.6461,0.6155,0.5789,0.5368,0.4898,0.4388,0.3845,0.3281,0.2709,0.2144,0.1604,0.1111,0.06827,0.03294
pal100,vulcan,350.0,0.7348,0.7311,0.7201,0.7019,0.6767,0.6449,0.6068,0.563,0.5141,0.4608,0.4042,0.3452,0.2852,0.2258,0.169,0.117,0.07178,0.03463
pal100,vulcan,355.0,0.7777,0.7738,0.7622,0.7431,0.7167,0.6832,0.6432,0.5971,0.5456,0.4895,0.4297,0.3674,0.3038,0.2408,0.1804,0.1249,0.07666,0.03709
pal100,vulcan,360.0,0.7116,0.7081,0.6976,0.6803,0.6562,0.6258,0.5894,0.5475,0.5006,0.4494,0.3949,0.3379,0.2797,0.2219,0.1662,0.1151,0.07059,0.03419
pal100,vulcan,365.0,0.9055,0.9011,0.8878,0.8659,0.8355,0.7971,0.751,0.6979,0.6385,0.5737,0.5044,0.432,0.3579,0.2841,0.213,0.1474,0.09032,0.04375
pal100,vulcan,370.0,0.9421,0.9375,0.9238,0.9011,0.8697,0.83,0.7823,0.7274,0.6659,0.5986,0.5267,0.4515,0.3744,0.2974,0.223,0.1543,0.09443,0.04572
pal100,vulcan,375.0,0.8516,0.8475,0.8351,0.8148,0.7866,0.7508,0.708,0.6586,0.6032,0.5427,0.4778,0.4099,0.3402,0.2704,0.2029,0.1403,0.08575,0.04148
pal100,vulcan,380.0,0.9795,0.9748,0.9607,0.9374,0.9052,0.8643,0.8153,0.7587,0.6953,0.6259,0.5515,0.4735,0.3933,0.3129,0.2348,0.1623,0.09908,0.04788
pal100,vulcan,385.0,0.7388,0.7353,0.7247,0.7073,0.6831,0.6524,0.6156,0.5732,0.5255,0.4734,0.4174,0.3586,0.2981,0.2374,0.1782,0.1232,0.07508,0.03624
pal100,vulcan,390.0,0.9652,0.9606,0.9469,0.9242,0.8928,0.853,0.8051,0.7499,0.6879,0.62,0.5471,0.4704,0.3913,0.3118,0.2343,0.1619,0.09853,0.04749
pal100,vulcan,395.0,0.7491,0.7456,0.735,0.7175,0.6932,0.6624,0.6255,0.5828,0.5349,0.4824,0.4259,0.3665,0.3051,0.2434,0.1829,0.1264,0.07681,0.03697
pal100,vulcan,400.0,1.391,1.385,1.365,1.333,1.288,1.231,1.163,1.084,0.9953,0.898,0.7934,0.6832,0.5693,0.4544,0.3418,0.2361,0.1433,0.06886
pal100,vulcan,405.0,1.419,1.412,1.392,1.36,1.314,1.256,1.187,1.107,1.017,0.9179,0.8116,0.6993,0.5832,0.4659,0.3507,0.2423,0.1468,0.07042
pal100,vulcan,410.0,1.464,1.457,1.436,1.403,1.356,1.297,1.226,1.143,1.051,0.9489,0.8395,0.7239,0.6042,0.483,0.3638,0.2513,0.1521,0.07281
pal100,vulcan,415.0,1.525,1.518,1.497,1.462,1.414,1.352,1.278,1.193,1.097,0.9911,0.8773,0.757,0.6323,0.5059,0.3813,0.2635,0.1593,0.07608
pal100,vulcan,420.0,1.54,1.533,1.511,1.476,1.428,1.366,1.292,1.206,1.109,1.003,0.8879,0.7667,0.6409,0.5132,0.3871,0.2675,0.1616,0.07697
pal100,vulcan,425.0,1.47,1.463,1.443,1.41,1.364,1.305,1.234,1.152,1.06,0.959,0.8499,0.7343,0.6143,0.4922,0.3715,0.2568,0.1549,0.07359
pal100,vulcan,430.0,1.356,1.35,1.332,1.301,1.258,1.204,1.139,1.064,0.9797,0.8865,0.786,0.6796,0.569,0.4563,0.3446,0.2383,0.1436,0.06806
pal100,vulcan,435.0,1.575,1.567,1.546,1.511,1.461,1.399,1.324,1.237,1.139,1.031,0.9147,0.7913,0.6629,0.5321,0.4021,0.2781,0.1674,0.07913
pal100,vulcan,440.0,1.62,1.613,1.591,1.554,1.504,1.44,1.363,1.274,1.173,1.062,0.9429,0.8162,0.6842,0.5495,0.4156,0.2875,0.1728,0.08142
pal100,vulcan,445.0,1.74,1.732,1.708,1.67,1.616,1.547,1.465,1.369,1.262,1.143,1.015,0.879,0.7374,0.5927,0.4485,0.3104,0.1864,0.08753
pal100,vulcan,450.0,1.85,1.842,1.817,1.776,1.719,1.646,1.559,1.457,1.343,1.218,1.082,0.9374,0.7868,0.6329,0.4793,0.3318,0.1991,0.09323
pal100,vulcan,455.0,1.811,1.803,1.778,1.738,1.682,1.612,1.526,1.428,1.316,1.193,1.061,0.9196,0.7724,0.6217,0.4712,0.3263,0.1956,0.0913
pal100,vulcan,460.0,1.863,1.855,1.83,1.788,1.731,1.658,1.571,1.469,1.355,1.229,1.093,0.9478,0.7964,0.6413,0.4862,0.3366,0.2014,0.09346
pal100,vulcan,465.0,1.842,1.834,1.809,1.768,1.712,1.64,1.554,1.454,1.341,1.217,1.082,0.9394,0.7899,0.6365,0.4829,0.3346,0.2001,0.0926
pal100,vulcan,470.0,1.832,1.824,1.799,1.759,1.703,1.632,1.546,1.447,1.335,1.212,1.078,0.9363,0.7877,0.6352,0.4823,0.3342,0.1998,0.09212
pal100,vulcan,475.0,1.853,1.845,1.82,1.779,1.723,1.651,1.565,1.465,1.352,1.227,1.093,0.949,0.7988,0.6445,0.4896,0.3394,0.2027,0.09308
pal100,vulcan,480.0,1.904,1.896,1.871,1.829,1.771,1.698,1.609,1.506,1.39,1.262,1.124,0.9763,0.8219,0.6632,0.5037,0.349,0.2078,0.09461
pal100,vulcan,485.0,1.73,1.722,1.699,1.661,1.609,1.542,1.462,1.369,1.264,1.148,1.022,0.8884,0.7482,0.604,0.4591,0.3181,0.1892,0.08583
pal100,vulcan,490.0,1.801,1.793,1.77,1.73,1.676,1.607,1.523,1.427,1.317,1.197,1.066,0.9272,0.7813,0.6312,0.4801,0.3329,0.1981,0.08961
pal100,vulcan,495.0,1.834,1.826,1.802,1.762,1.707,1.637,1.552,1.454,1.343,1.22,1.087,0.9457,0.7973,0.6444,0.4904,0.3401,0.2021,0.09105
pal100,vulcan,500.0,1.748,1.74,1.717,1.679,1.627,1.56,1.479,1.385,1.28,1.163,1.037,0.9017,0.7602,0.6144,0.4674,0.3239,0.192,0.08571
pal100,vulcan,505.0,1.774,1.766,1.743,1.704,1.651,1.583,1.501,1.406,1.299,1.18,1.052,0.9149,0.7713,0.6232,0.4738,0.3279,0.1936,0.08547
pal100,vulcan,510.0,1.759,1.751,1.728,1.69,1.637,1.57,1.489,1.395,1.289,1.172,1.045,0.909,0.7667,0.6199,0.4717,0.3267,0.1929,0.08503
pal100,vulcan,515.0,1.63,1.623,1.602,1.567,1.518,1.455,1.381,1.294,1.195,1.087,0.9693,0.8437,0.7119,0.5759,0.4384,0.3037,0.1793,0.07871
pal100,vulcan,520.0,1.675,1.668,1.646,1.61,1.56,1.496,1.419,1.329,1.229,1.117,0.9966,0.8677,0.7323,0.5924,0.4511,0.3124,0.1841,0.08035
pal100,vulcan,525.0,1.679,1.671,1.649,1.613,1.563,1.499,1.422,1.332,1.231,1.12,0.9987,0.8695,0.7337,0.5935,0.4516,0.3124,0.1835,0.07933
pal100,vulcan,530.0,1.765,1.758,1.735,1.697,1.644,1.576,1.495,1.401,1.295,1.177,1.05,0.9137,0.7708,0.6232,0.4738,0.3271,0.1913,0.08168
pal100,vulcan,535.0,1.71,1.702,1.68,1.643,1.592,1.527,1.448,1.357,1.254,1.14,1.017,0.8854,0.747,0.6039,0.4591,0.3169,0.185,0.07846
pal100,vulcan,540.0,1.711,1.703,1.681,1.644,1.593,1.528,1.449,1.358,1.256,1.142,1.019,0.887,0.7486,0.6055,0.4605,0.3179,0.1856,0.07843
pal100,vulcan,545.0,1.734,1.727,1.704,1.667,1.615,1.549,1.47,1.377,1.273,1.158,1.033,0.8995,0.7591,0.614,0.4669,0.3222,0.1877,0.07875
pal100,vulcan,550.0,1.738,1.731,1.708,1.671,1.619,1.553,1.473,1.381,1.276,1.161,1.036,0.9021,0.7614,0.6159,0.4683,0.3231,0.1879,0.07842
pal100,vulcan,555.0,1.724,1.717,1.694,1.657,1.606,1.54,1.461,1.37,1.266,1.152,1.028,0.8954,0.7559,0.6116,0.4651,0.3208,0.1863,0.07726
pal100,vulcan,560.0,1.678,1.671,1.649,1.613,1.563,1.499,1.423,1.333,1.233,1.121,1.0,0.8711,0.7352,0.5946,0.4519,0.3112,0.1802,0.07395
pal100,vulcan,565.0,1.678,1.671,1.649,1.613,1.563,1.499,1.422,1.333,1.232,1.121,0.9998,0.8705,0.7345,0.5937,0.4508,0.31,0.1788,0.07262
pal100,vulcan,570.0,1.667,1.66,1.638,1.602,1.552,1.489,1.413,1.324,1.224,1.113,0.993,0.8646,0.7294,0.5895,0.4474,0.3074,0.1769,0.07132
pal100,vulcan,575.0,1.694,1.687,1.665,1.629,1.578,1.514,1.436,1.346,1.244,1.132,1.01,0.8792,0.7419,0.5997,0.4552,0.3128,0.1798,0.07218
pal100,vulcan,580.0,1.668,1.66,1.639,1.603,1.553,1.49,1.414,1.326,1.226,1.115,0.9949,0.867,0.732,0.5922,0.4501,0.3097,0.1785,0.07178
pal100,vulcan,585.0,1.669,1.662,1.641,1.605,1.555,1.492,1.416,1.328,1.228,1.118,0.9979,0.8698,0.7348,0.5949,0.4527,0.312,0.1802,0.07269
pal100,vulcan,590.0,1.611,1.604,1.583,1.549,1.501,1.44,1.367,1.282,1.186,1.079,0.9636,0.8401,0.71,0.5751,0.4379,0.302,0.1746,0.07032
pal100,vulcan,595.0,1.641,1.634,1.613,1.578,1.529,1.467,1.393,1.306,1.208,1.1,0.9818,0.8558,0.7232,0.5857,0.4457,0.3072,0.1771,0.07085
pal100,vulcan,600.0,1.6,1.593,1.572,1.538,1.49,1.43,1.357,1.272,1.177,1.071,0.9563,0.8334,0.7041,0.5699,0.4334,0.2983,0.1715,0.06797
pal100,vulcan,605.0,1.618,1.611,1.59,1.555,1.507,1.446,1.373,1.287,1.191,1.084,0.9679,0.8437,0.7129,0.5773,0.4392,0.3024,0.1739,0.06883
pal100,vulcan,610.0,1.599,1.592,1.571,1.537,1.49,1.43,1.357,1.273,1.178,1.073,0.9585,0.8361,0.7071,0.5733,0.4369,0.3016,0.1742,0.06939
pal100,vulcan,615.0,1.562,1.556,1.536,1.503,1.457,1.398,1.327,1.245,1.153,1.05,0.9388,0.8195,0.6938,0.5632,0.43,0.2977,0.1727,0.06935
pal100,vulcan,620.0,1.586,1.579,1.559,1.526,1.479,1.42,1.348,1.265,1.172,1.068,0.9549,0.8341,0.7067,0.5744,0.4393,0.3049,0.1775,0.07169
pal100,vulcan,625.0,1.553,1.547,1.527,1.494,1.448,1.391,1.321,1.24,1.148,1.047,0.9365,0.8184,0.6939,0.5645,0.4323,0.3006,0.1756,0.0712
pal100,vulcan,630.0,1.556,1.55,1.53,1.497,1.452,1.394,1.324,1.243,1.152,1.05,0.9399,0.8219,0.6973,0.5678,0.4354,0.3034,0.1778,0.07245
pal100,vulcan,635.0,1.546,1.54,1.52,1.488,1.443,1.386,1.316,1.236,1.145,1.045,0.9356,0.8186,0.695,0.5665,0.4351,0.3038,0.1787,0.07321
pal100,vulcan,640.0,1.53,1.523,1.504,1.472,1.427,1.371,1.303,1.224,1.134,1.035,0.9271,0.8116,0.6896,0.5627,0.4328,0.3029,0.1787,0.07367
pal100,vulcan,644.8,1.522,1.515,1.496,1.465,1.42,1.364,1.297,1.218,1.129,1.031,0.9238,0.8091,0.6879,0.5618,0.4327,0.3034,0.1796,0.07438
pal100,vulcan,651.05,1.504,1.497,1.478,1.447,1.404,1.348,1.282,1.204,1.116,1.02,0.9143,0.8012,0.6817,0.5573,0.4298,0.3021,0.1794,0.07462
pal100,vulcan,660.0,1.428,1.422,1.404,1.375,1.333,1.281,1.218,1.145,1.062,0.9703,0.8704,0.7633,0.6502,0.5323,0.4113,0.2899,0.173,0.07245
pal100,vulcan,670.0,1.467,1.461,1.443,1.413,1.371,1.317,1.253,1.178,1.093,0.9989,0.8966,0.787,0.6711,0.5502,0.4261,0.3014,0.1808,0.07628
pal100,vulcan,680.0,1.442,1.436,1.418,1.388,1.347,1.295,1.232,1.158,1.075,0.9832,0.8831,0.7757,0.6621,0.5436,0.4218,0.2991,0.1802,0.07651
pal100,vulcan,690.0,1.422,1.416,1.398,1.369,1.329,1.277,1.215,1.143,1.062,0.9711,0.8726,0.767,0.6552,0.5385,0.4185,0.2975,0.1799,0.07674
pal100,vulcan,700.0,1.398,1.392,1.375,1.347,1.307,1.256,1.196,1.125,1.045,0.9563,0.8597,0.7561,0.6464,0.5319,0.4141,0.2951,0.1791,0.07675
pal100,vulcan,710.0,1.366,1.36,1.343,1.316,1.277,1.228,1.169,1.1,1.022,0.9351,0.841,0.74,0.6331,0.5214,0.4063,0.2901,0.1765,0.07584
pal100,vulcan,720.0,1.321,1.316,1.3,1.273,1.235,1.188,1.131,1.064,0.989,0.9055,0.8146,0.7171,0.6138,0.5059,0.3947,0.2822,0.1721,0.07409
pal100,vulcan,730.0,1.291,1.286,1.27,1.244,1.207,1.161,1.105,1.04,0.9671,0.8857,0.7971,0.7019,0.6012,0.4959,0.3873,0.2774,0.1696,0.07322
pal100,waccm,120.7,0.0,0.0,0.0,0.0,0.0,0.0,0.0,0.0,0.0,0.0,0.0,0.0,0.0,0.0,0.0,0.0,0.0,0.0
pal100,waccm,121.65,0.0,0.0,0.0,0.0,0.0,0.0,0.0,0.0,0.0,0.0,0.0,0.0,0.0,0.0,0.0,0.0,0.0,0.0
pal100,waccm,122.1,0.0,0.0,0.0,0.0,0.0,0.0,0.0,0.0,0.0,0.0,0.0,0.0,0.0,0.0,0.0,0.0,0.0,0.0
pal100,waccm,122.7,0.0,0.0,0.0,0.0,0.0,0.0,0.0,0.0,0.0,0.0,0.0,0.0,0.0,0.0,0.0,0.0,0.0,0.0
pal100,waccm,123.45,0.0,0.0,0.0,0.0,0.0,0.0,0.0,0.0,0.0,0.0,0.0,0.0,0.0,0.0,0.0,0.0,0.0,0.0
pal100,waccm,124.2,0.0,0.0,0.0,0.0,0.0,0.0,0.0,0.0,0.0,0.0,0.0,0.0,0.0,0.0,0.0,0.0,0.0,0.0
pal100,waccm,125.0,0.0,0.0,0.0,0.0,0.0,0.0,0.0,0.0,0.0,0.0,0.0,0.0,0.0,0.0,0.0,0.0,0.0,0.0
pal100,waccm,125.8,0.0,0.0,0.0,0.0,0.0,0.0,0.0,0.0,0.0,0.0,0.0,0.0,0.0,0.0,0.0,0.0,0.0,0.0
pal100,waccm,126.6,0.0,0.0,0.0,0.0,0.0,0.0,0.0,0.0,0.0,0.0,0.0,0.0,0.0,0.0,0.0,0.0,0.0,0.0
pal100,waccm,127.8,0.0,0.0,0.0,0.0,0.0,0.0,0.0,0.0,0.0,0.0,0.0,0.0,0.0,0.0,0.0,0.0,0.0,0.0
pal100,waccm,129.0,0.0,0.0,0.0,0.0,0.0,0.0,0.0,0.0,0.0,0.0,0.0,0.0,0.0,0.0,0.0,0.0,0.0,0.0
pal100,waccm,129.85,0.0,0.0,0.0,0.0,0.0,0.0,0.0,0.0,0.0,0.0,0.0,0.0,0.0,0.0,0.0,0.0,0.0,0.0
pal100,waccm,131.15,0.0,0.0,0.0,0.0,0.0,0.0,0.0,0.0,0.0,0.0,0.0,0.0,0.0,0.0,0.0,0.0,0.0,0.0
pal100,waccm,133.5,0.0,0.0,0.0,0.0,0.0,0.0,0.0,0.0,0.0,0.0,0.0,0.0,0.0,0.0,0.0,0.0,0.0,0.0
pal100,waccm,136.0,0.0,0.0,0.0,0.0,0.0,0.0,0.0,0.0,0.0,0.0,0.0,0.0,0.0,0.0,0.0,0.0,0.0,0.0
pal100,waccm,141.0,0.0,0.0,0.0,0.0,0.0,0.0,0.0,0.0,0.0,0.0,0.0,0.0,0.0,0.0,0.0,0.0,0.0,0.0
pal100,waccm,150.0,0.0,0.0,0.0,0.0,0.0,0.0,0.0,0.0,0.0,0.0,0.0,0.0,0.0,0.0,0.0,0.0,0.0,0.0
pal100,waccm,160.0,0.0,0.0,0.0,0.0,0.0,0.0,0.0,0.0,0.0,0.0,0.0,0.0,0.0,0.0,0.0,0.0,0.0,0.0
pal100,waccm,167.5,0.0,0.0,0.0,0.0,0.0,0.0,0.0,0.0,0.0,0.0,0.0,0.0,0.0,0.0,0.0,0.0,0.0,0.0
pal100,waccm,172.7,0.0,0.0,0.0,0.0,0.0,0.0,0.0,0.0,0.0,0.0,0.0,0.0,0.0,0.0,0.0,0.0,0.0,0.0
pal100,waccm,176.2,0.0,0.0,0.0,0.0,0.0,0.0,0.0,0.0,0.0,0.0,0.0,0.0,0.0,0.0,0.0,0.0,0.0,0.0
pal100,waccm,177.8,0.0,0.0,0.0,0.0,0.0,0.0,0.0,0.0,0.0,0.0,0.0,0.0,0.0,0.0,0.0,0.0,0.0,0.0
pal100,waccm,179.4,0.0,0.0,0.0,0.0,0.0,0.0,0.0,0.0,0.0,0.0,0.0,0.0,0.0,0.0,0.0,0.0,0.0,0.0
pal100,waccm,181.0,0.0,0.0,0.0,0.0,0.0,0.0,0.0,0.0,0.0,0.0,0.0,0.0,0.0,0.0,0.0,0.0,0.0,0.0
pal100,waccm,182.65,0.0,0.0,0.0,0.0,0.0,0.0,0.0,0.0,0.0,0.0,0.0,0.0,0.0,0.0,0.0,0.0,0.0,0.0
pal100,waccm,184.35,0.0,0.0,0.0,0.0,0.0,0.0,0.0,0.0,0.0,0.0,0.0,0.0,0.0,0.0,0.0,0.0,0.0,0.0
pal100,waccm,186.05,0.0,0.0,0.0,0.0,0.0,0.0,0.0,0.0,0.0,0.0,0.0,0.0,0.0,0.0,0.0,0.0,0.0,0.0
pal100,waccm,187.8,0.0,0.0,0.0,0.0,0.0,0.0,0.0,0.0,0.0,0.0,0.0,0.0,0.0,0.0,0.0,0.0,0.0,0.0
pal100,waccm,189.6,0.0,0.0,0.0,0.0,0.0,0.0,0.0,0.0,0.0,0.0,0.0,0.0,0.0,0.0,0.0,0.0,0.0,0.0
pal100,waccm,191.4,0.0,0.0,0.0,0.0,0.0,0.0,0.0,0.0,0.0,0.0,0.0,0.0,0.0,0.0,0.0,0.0,0.0,0.0
pal100,waccm,193.25,0.0,0.0,0.0,0.0,0.0,0.0,0.0,0.0,0.0,0.0,0.0,0.0,0.0,0.0,0.0,0.0,0.0,0.0
pal100,waccm,195.15,0.0,0.0,0.0,0.0,0.0,0.0,0.0,0.0,0.0,0.0,0.0,0.0,0.0,0.0,0.0,0.0,0.0,0.0
pal100,waccm,197.05,0.0,0.0,0.0,0.0,0.0,0.0,0.0,0.0,0.0,0.0,0.0,0.0,0.0,0.0,0.0,0.0,0.0,0.0
pal100,waccm,199.0,0.0,0.0,0.0,0.0,0.0,0.0,0.0,0.0,0.0,0.0,0.0,0.0,0.0,0.0,0.0,0.0,0.0,0.0
pal100,waccm,201.0,0.0,0.0,0.0,0.0,0.0,0.0,0.0,0.0,0.0,0.0,0.0,0.0,0.0,0.0,0.0,0.0,0.0,0.0
pal100,waccm,203.05,0.0,0.0,0.0,0.0,0.0,0.0,0.0,0.0,0.0,0.0,0.0,0.0,0.0,0.0,0.0,0.0,0.0,0.0
pal100,waccm,205.15,0.0,0.0,0.0,0.0,0.0,0.0,0.0,0.0,0.0,0.0,0.0,0.0,0.0,0.0,0.0,0.0,0.0,0.0
pal100,waccm,207.2665,1.266e-20,1.078e-20,6.61e-21,2.866e-21,8.511e-22,1.647e-22,1.937e-23,1.254e-24,3.936e-26,5.275e-28,4.178e-30,2.192e-31,5.673e-32,2.353e-32,1.251e-32,7.448e-33,4.464e-33,2.366e-33
pal100,waccm,209.4295,7.204e-20,6.162e-20,3.833e-20,1.704e-20,5.245e-21,1.066e-21,1.336e-22,9.393e-24,3.277e-25,5.028e-27,4.609e-29,2.271e-30,5.267e-31,2.088e-31,1.111e-31,6.706e-32,4.085e-32,2.209e-32
pal100,waccm,211.646,4.203e-19,3.613e-19,2.283e-19,1.042e-19,3.332e-20,7.134e-21,9.573e-22,7.354e-23,2.876e-24,5.123e-26,5.576e-28,2.563e-29,5.133e-30,1.941e-30,1.045e-30,6.432e-31,3.996e-31,2.211e-31
pal100,waccm,213.91,7.395e-19,6.368e-19,4.044e-19,1.862e-19,6.036e-20,1.316e-20,1.808e-21,1.432e-22,5.825e-24,1.092e-25,1.228e-27,4.666e-29,7.666e-30,2.805e-30,1.551e-30,9.775e-31,6.198e-31,3.505e-31
pal100,waccm,216.2225,8.224e-19,7.087e-19,4.512e-19,2.086e-19,6.804e-20,1.496e-20,2.079e-21,1.672e-22,6.942e-24,1.339e-25,1.513e-27,4.5e-29,5.808e-30,2.117e-30,1.213e-30,7.827e-31,5.062e-31,2.922e-31
pal100,waccm,218.5855,1.087e-18,9.374e-19,5.974e-19,2.768e-19,9.055e-20,1.999e-20,2.796e-21,2.269e-22,9.552e-24,1.885e-25,2.13e-27,4.713e-29,4.604e-30,1.734e-30,1.032e-30,6.806e-31,4.483e-31,2.635e-31
pal100,waccm,221.001,4.359e-19,3.745e-19,2.362e-19,1.075e-19,3.425e-20,7.3e-21,9.752e-22,7.468e-23,2.925e-24,5.273e-26,4.963e-28,7.188e-30,5.204e-31,2.096e-31,1.288e-31,8.652e-32,5.784e-32,3.448e-32
pal100,waccm,223.4705,1.048e-19,8.952e-20,5.541e-20,2.442e-20,7.427e-21,1.487e-21,1.83e-22,1.263e-23,4.338e-25,6.615e-27,4.911e-29,3.91e-31,2.109e-32,9.206e-33,5.802e-33,3.956e-33,2.676e-33,1.612e-33
pal100,waccm,225.996,9.975e-21,8.451e-21,5.108e-21,2.162e-21,6.202e-22,1.147e-22,1.275e-23,7.721e-25,2.252e-26,2.788e-28,1.498e-30,6.072e-33,2.495e-34,1.173e-34,7.546e-35,5.212e-35,3.56e-35,2.161e-35
pal100,waccm,228.579,3.726e-22,3.118e-22,1.815e-22,7.205e-23,1.883e-23,3.071e-24,2.896e-25,1.423e-26,3.181e-28,2.789e-30,9.04e-33,1.528e-35,4.902e-37,2.445e-37,1.601e-37,1.117e-37,7.689e-38,4.692e-38
pal100,waccm,231.2215,5.118e-24,4.214e-24,2.335e-24,8.519e-25,1.969e-25,2.721e-26,2.067e-27,7.694e-29,1.206e-30,6.656e-33,1.117e-35,6.732e-39,1.741e-40,9.044e-41,6.001e-41,4.224e-41,2.921e-41,1.787e-41
pal100,waccm,233.926,2.325e-26,1.878e-26,9.808e-27,3.235e-27,6.46e-28,7.318e-29,4.29e-30,1.145e-31,1.171e-33,3.691e-36,2.844e-39,5.353e-43,1.121e-44,5.605e-45,4.204e-45,2.803e-45,1.401e-45,1.401e-45
pal100,waccm,236.6945,9.287e-29,7.34e-29,3.592e-29,1.06e-29,1.8e-30,1.637e-31,7.202e-33,1.328e-34,7.885e-37,1.429e-39,4.68e-43,0.0,0.0,0.0,0.0,0.0,0.0,0.0
pal100,waccm,239.5295,6.103e-31,4.738e-31,2.196e-31,5.909e-32,8.772e-33,6.652e-34,2.307e-35,3.13e-37,1.337e-39,1.331e-42,0.0,0.0,0.0,0.0,0.0,0.0,0.0,0.0
pal100,waccm,242.433,1.609e-32,1.23e-32,5.45e-33,1.356e-33,1.797e-34,1.167e-35,3.298e-37,3.423e-39,1.026e-41,5.605e-45,0.0,0.0,0.0,0.0,0.0,0.0,0.0,0.0
pal100,waccm,245.408,1.842e-35,1.373e-35,5.628e-36,1.226e-36,1.338e-37,6.681e-39,1.338e-40,8.926e-43,1.401e-45,0.0,0.0,0.0,0.0,0.0,0.0,0.0,0.0,0.0
pal100,waccm,248.457,5.705e-38,4.16e-38,1.595e-38,3.099e-39,2.864e-40,1.141e-41,1.696e-43,1.401e-45,0.0,0.0,0.0,0.0,0.0,0.0,0.0,0.0,0.0,0.0
pal100,waccm,251.5825,2.075e-39,1.495e-39,5.515e-40,1.004e-40,8.441e-42,2.957e-43,4.204e-45,0.0,0.0,0.0,0.0,0.0,0.0,0.0,0.0,0.0,0.0,0.0
pal100,waccm,254.7875,6.51e-40,4.661e-40,1.69e-40,2.987e-41,2.403e-42,7.847e-44,0.0,0.0,0.0,0.0,0.0,0.0,0.0,0.0,0.0,0.0,0.0,0.0
pal100,waccm,258.075,1.149e-38,8.295e-39,3.086e-39,5.7e-40,4.889e-41,1.761e-42,2.242e-44,1.401e-45,0.0,0.0,0.0,0.0,0.0,0.0,0.0,0.0,0.0,0.0
pal100,waccm,261.449,7.426e-37,5.454e-37,2.136e-37,4.303e-38,4.19e-39,1.791e-40,2.92e-42,1.541e-44,-0.0,0.0,0.0,0.0,0.0,0.0,0.0,0.0,0.0,0.0
pal100,waccm,264.9125,2.579e-33,1.946e-33,8.276e-34,1.921e-34,2.297e-35,1.296e-36,3.04e-38,2.47e-40,5.367e-43,1.401e-45,0.0,0.0,0.0,0.0,0.0,0.0,0.0,0.0
pal100,waccm,268.4685,4.495e-29,3.519e-29,1.673e-29,4.7e-30,7.416e-31,6.095e-32,2.336e-33,3.567e-35,1.734e-37,1.87e-40,3.083e-44,0.0,0.0,0.0,0.0,0.0,0.0,0.0
pal100,waccm,272.1215,1.999e-24,1.631e-24,8.779e-25,3.048e-25,6.55e-26,8.178e-27,5.413e-28,1.667e-29,1.87e-31,6.972e-34,4.908e-37,4.335e-41,3.966e-43,2.144e-43,1.443e-43,1.023e-43,7.147e-44,4.344e-44
pal100,waccm,275.8755,1.718e-19,1.463e-19,8.985e-20,3.908e-20,1.166e-20,2.269e-21,2.683e-22,1.74e-23,5.357e-25,6.348e-27,2.141e-29,1.437e-32,1.496e-34,7.734e-35,5.144e-35,3.636e-35,2.53e-35,1.567e-35
pal100,waccm,279.734,4.793e-15,4.25e-15,2.949e-15,1.581e-15,6.388e-16,1.876e-16,3.799e-17,4.915e-18,3.65e-19,1.333e-20,1.92e-22,8.404e-25,1.111e-26,5.175e-27,3.367e-27,2.353e-27,1.63e-27,1.011e-27
pal100,waccm,283.702,1.048e-10,9.624e-11,7.432e-11,4.781e-11,2.52e-11,1.06e-11,3.434e-12,8.12e-13,1.301e-13,1.27e-14,6.492e-16,1.452e-17,3.235e-19,1.101e-19,6.907e-20,4.735e-20,3.245e-20,2.007e-20
pal100,waccm,287.7845,2.383e-07,2.251e-07,1.892e-07,1.407e-07,9.147e-08,5.118e-08,2.405e-08,9.166e-09,2.7e-09,5.738e-10,7.979e-11,6.451e-12,3.505e-13,6.8e-14,3.903e-14,2.591e-14,1.74e-14,1.065e-14
pal100,waccm,291.9865,8.753e-05,8.437e-05,7.546e-05,6.237e-05,4.733e-05,3.263e-05,2.013e-05,1.089e-05,5.009e-06,1.88e-06,5.426e-07,1.117e-07,1.58e-08,2.386e-09,9.613e-10,5.961e-10,3.86e-10,2.307e-10
pal100,waccm,296.309,0.002893,0.002826,0.002633,0.002335,0.001961,0.001552,0.001146,0.0007808,0.0004817,0.0002628,0.0001224,4.645e-05,1.359e-05,3.082e-06,7.836e-07,3.681e-07,2.214e-07,1.262e-07
pal100,waccm,300.5,0.02012,0.01981,0.0189,0.01745,0.01555,0.01332,0.01092,0.00849,0.006201,0.004192,0.002568,0.001384,0.0006296,0.0002302,6.762e-05,2.088e-05,9.822e-06,5.158e-06
pal100,waccm,303.0,0.06226,0.06149,0.05922,0.05556,0.05068,0.04483,0.03828,0.03139,0.02452,0.01805,0.01232,0.007635,0.004155,0.001899,0.0006946,0.0002116,7.617e-05,3.583e-05
pal100,waccm,304.0,0.07026,0.06944,0.06703,0.06314,0.05792,0.05161,0.04451,0.03696,0.02933,0.02203,0.01544,0.009886,0.005617,0.002712,0.001056,0.0003322,0.0001119,5.007e-05
pal100,waccm,305.0,0.09979,0.09873,0.09557,0.09045,0.08356,0.07517,0.06564,0.05537,0.04484,0.03455,0.025,0.0167,0.01002,0.005189,0.002201,0.0007371,0.0002317,9.474e-05
pal100,waccm,306.0,0.0962,0.09523,0.09236,0.08768,0.08137,0.07365,0.06483,0.05524,0.04531,0.03548,0.02622,0.01798,0.01117,0.006055,0.002718,0.0009588,0.0002935,0.0001114
pal100,waccm,307.0,0.127,0.1258,0.1223,0.1165,0.1086,0.09891,0.08779,0.07561,0.06287,0.05008,0.03783,0.02668,0.01719,0.009782,0.004672,0.001758,0.0005348,0.0001844
pal100,waccm,308.0,0.1524,0.151,0.147,0.1404,0.1315,0.1205,0.1078,0.09372,0.07889,0.06384,0.04919,0.0356,0.02372,0.01411,0.007145,0.002876,0.0008925,0.0002799
pal100,waccm,309.0,0.1602,0.1588,0.1548,0.1481,0.139,0.1278,0.1148,0.1004,0.08508,0.06945,0.05411,0.03972,0.02697,0.01644,0.008603,0.003603,0.001142,0.0003394
pal100,waccm,310.0,0.1611,0.1598,0.156,0.1497,0.1412,0.1306,0.1182,0.1044,0.08959,0.07431,0.05908,0.04453,0.03129,0.01998,0.01112,0.005048,0.001706,0.0004658
pal100,waccm,311.0,0.2736,0.2715,0.2652,0.2549,0.2408,0.2232,0.2027,0.1798,0.1551,0.1295,0.1038,0.07911,0.05637,0.03667,0.02094,0.009829,0.003434,0.0009145
pal100,waccm,312.0,0.2473,0.2455,0.2401,0.2311,0.2189,0.2037,0.1858,0.1657,0.144,0.1214,0.09847,0.07617,0.05536,0.03699,0.02191,0.01081,0.003995,0.001044
pal100,waccm,313.0,0.2799,0.2779,0.272,0.2623,0.2491,0.2325,0.2131,0.1911,0.1673,0.1422,0.1167,0.09164,0.06791,0.04657,0.0286,0.01484,0.005843,0.001538
pal100,waccm,314.0,0.3073,0.3052,0.2988,0.2884,0.2741,0.2562,0.2352,0.2114,0.1856,0.1583,0.1305,0.1031,0.07695,0.05329,0.03318,0.01755,0.007085,0.001881
pal100,waccm,316.0,0.3203,0.3182,0.3121,0.3019,0.288,0.2705,0.2499,0.2265,0.2,0.1736,0.1454,0.1173,0.09002,0.06471,0.04243,0.02419,0.01086,0.003133
pal100,waccm,320.0,0.4186,0.4161,0.4087,0.3965,0.3797,0.3585,0.3334,0.3048,0.2733,0.2394,0.2042,0.1683,0.133,0.09947,0.06889,0.04256,0.02164,0.007344
pal100,waccm,325.0,0.5434,0.5404,0.5314,0.5167,0.4963,0.4705,0.4399,0.4049,0.3661,0.3243,0.2802,0.2351,0.19,0.1464,0.1057,0.06951,0.03912,0.0158
pal100,waccm,330.0,0.6805,0.6769,0.666,0.6482,0.6235,0.5924,0.5553,0.5127,0.4655,0.4144,0.3604,0.3047,0.2488,0.1942,0.1428,0.0965,0.05683,0.02506
pal100,waccm,335.0,0.6515,0.6481,0.638,0.6213,0.5983,0.5692,0.5345,0.4946,0.4502,0.4021,0.3511,0.2984,0.2451,0.1929,0.1434,0.09846,0.05958,0.02778
pal100,waccm,340.0,0.7102,0.7066,0.6958,0.6779,0.6531,0.6218,0.5844,0.5415,0.4936,0.4416,0.3864,0.3292,0.2713,0.2142,0.16,0.1105,0.06757,0.03224
pal100,waccm,345.0,0.7016,0.6981,0.6875,0.67,0.6458,0.6152,0.5786,0.5365,0.4896,0.4385,0.3843,0.3279,0.2707,0.2142,0.1603,0.111,0.06818,0.0329
pal100,waccm,350.0,0.7345,0.7308,0.7198,0.7016,0.6764,0.6446,0.6065,0.5627,0.5138,0.4606,0.4039,0.345,0.285,0.2256,0.1689,0.1169,0.0717,0.03459
pal100,waccm,355.0,0.7775,0.7737,0.7621,0.743,0.7166,0.6831,0.6431,0.597,0.5455,0.4894,0.4296,0.3673,0.3037,0.2407,0.1803,0.1248,0.07662,0.03707
pal100,waccm,360.0,0.7116,0.7081,0.6976,0.6802,0.6562,0.6258,0.5894,0.5474,0.5005,0.4494,0.3948,0.3378,0.2796,0.2218,0.1662,0.115,0.07057,0.03418
pal100,waccm,365.0,0.9055,0.9011,0.8878,0.8659,0.8355,0.797,0.751,0.6979,0.6385,0.5737,0.5044,0.432,0.3579,0.2841,0.213,0.1474,0.09031,0.04374
pal100,waccm,370.0,0.9421,0.9375,0.9238,0.9011,0.8697,0.83,0.7823,0.7274,0.6659,0.5986,0.5267,0.4515,0.3744,0.2974,0.223,0.1543,0.09442,0.04572
pal100,waccm,375.0,0.8516,0.8474,0.8351,0.8148,0.7866,0.7508,0.708,0.6586,0.6032,0.5426,0.4778,0.4099,0.3402,0.2704,0.2029,0.1403,0.08574,0.04148
pal100,waccm,380.0,0.9795,0.9748,0.9607,0.9374,0.9051,0.8643,0.8153,0.7587,0.6953,0.6259,0.5515,0.4735,0.3933,0.3129,0.2348,0.1623,0.09908,0.04788
pal100,waccm,385.0,0.7388,0.7353,0.7247,0.7073,0.6831,0.6524,0.6156,0.5732,0.5255,0.4733,0.4174,0.3586,0.2981,0.2374,0.1782,0.1232,0.07507,0.03624
pal100,waccm,390.0,0.9652,0.9606,0.9469,0.9242,0.8928,0.853,0.8051,0.7499,0.6879,0.62,0.5471,0.4704,0.3913,0.3118,0.2343,0.1619,0.09853,0.04749
pal100,waccm,395.0,0.7491,0.7455,0.735,0.7175,0.6932,0.6624,0.6255,0.5828,0.5349,0.4823,0.4259,0.3665,0.3051,0.2433,0.1829,0.1264,0.07681,0.03697
pal100,waccm,400.0,1.391,1.385,1.365,1.333,1.288,1.231,1.163,1.084,0.9952,0.898,0.7934,0.6832,0.5693,0.4544,0.3418,0.2361,0.1433,0.06886
pal100,waccm,405.0,1.419,1.412,1.392,1.36,1.314,1.256,1.187,1.107,1.017,0.9179,0.8115,0.6993,0.5832,0.4659,0.3506,0.2422,0.1468,0.07042
pal100,waccm,410.0,1.464,1.457,1.436,1.403,1.356,1.297,1.225,1.143,1.051,0.9489,0.8394,0.7239,0.6042,0.483,0.3638,0.2513,0.1521,0.0728
pal100,waccm,415.0,1.525,1.518,1.497,1.462,1.414,1.352,1.278,1.193,1.097,0.991,0.8772,0.757,0.6323,0.5059,0.3813,0.2635,0.1593,0.07607
pal100,waccm,420.0,1.54,1.533,1.511,1.476,1.428,1.366,1.292,1.206,1.109,1.002,0.8879,0.7667,0.6409,0.5132,0.387,0.2675,0.1615,0.07696
pal100,waccm,425.0,1.47,1.463,1.443,1.41,1.363,1.305,1.234,1.152,1.06,0.9589,0.8498,0.7342,0.6142,0.4922,0.3714,0.2567,0.1548,0.07356
pal100,waccm,430.0,1.356,1.35,1.332,1.301,1.258,1.204,1.139,1.064,0.9796,0.8864,0.786,0.6795,0.5689,0.4562,0.3446,0.2382,0.1435,0.06803
pal100,waccm,435.0,1.574,1.567,1.546,1.51,1.461,1.399,1.324,1.237,1.139,1.031,0.9145,0.7912,0.6628,0.532,0.402,0.2781,0.1673,0.07909
pal100,waccm,440.0,1.62,1.612,1.59,1.554,1.504,1.44,1.363,1.273,1.173,1.062,0.9427,0.816,0.6841,0.5494,0.4155,0.2874,0.1727,0.08135
pal100,waccm,445.0,1.739,1.732,1.708,1.669,1.615,1.547,1.464,1.369,1.261,1.143,1.015,0.8788,0.7371,0.5924,0.4483,0.3102,0.1863,0.08744
pal100,waccm,450.0,1.85,1.842,1.817,1.776,1.718,1.646,1.558,1.457,1.343,1.217,1.081,0.9371,0.7866,0.6326,0.4791,0.3316,0.199,0.09312
pal100,waccm,455.0,1.81,1.802,1.778,1.738,1.682,1.611,1.526,1.427,1.316,1.193,1.06,0.9193,0.7721,0.6214,0.4709,0.3261,0.1955,0.09118
pal100,waccm,460.0,1.862,1.854,1.829,1.788,1.73,1.658,1.57,1.469,1.355,1.228,1.092,0.9472,0.7959,0.6408,0.4857,0.3362,0.2011,0.09325
pal100,waccm,465.0,1.841,1.833,1.808,1.768,1.711,1.64,1.553,1.453,1.341,1.216,1.082,0.9388,0.7893,0.636,0.4825,0.3342,0.1998,0.09238
pal100,waccm,470.0,1.831,1.823,1.798,1.758,1.702,1.631,1.546,1.446,1.335,1.211,1.078,0.9357,0.7871,0.6346,0.4817,0.3338,0.1994,0.09187
pal100,waccm,475.0,1.852,1.844,1.819,1.779,1.722,1.65,1.564,1.464,1.351,1.227,1.092,0.9482,0.7981,0.6438,0.489,0.3389,0.2022,0.09278
pal100,waccm,480.0,1.903,1.895,1.869,1.828,1.77,1.696,1.608,1.505,1.389,1.261,1.123,0.9751,0.8207,0.6621,0.5027,0.3481,0.2071,0.09414
pal100,waccm,485.0,1.728,1.721,1.698,1.66,1.607,1.541,1.461,1.367,1.262,1.146,1.021,0.8871,0.747,0.6029,0.458,0.3172,0.1885,0.08536
pal100,waccm,490.0,1.8,1.792,1.768,1.729,1.674,1.605,1.522,1.425,1.316,1.196,1.065,0.9259,0.7801,0.6301,0.479,0.332,0.1973,0.08911
pal100,waccm,495.0,1.833,1.825,1.801,1.761,1.705,1.635,1.55,1.452,1.341,1.219,1.086,0.9443,0.7959,0.6431,0.4892,0.3391,0.2013,0.09049
pal100,waccm,500.0,1.746,1.738,1.715,1.677,1.625,1.558,1.477,1.383,1.278,1.161,1.035,0.8998,0.7584,0.6128,0.4659,0.3226,0.1909,0.085
pal100,waccm,505.0,1.771,1.763,1.74,1.701,1.648,1.58,1.498,1.403,1.296,1.178,1.049,0.9124,0.7689,0.621,0.4717,0.3261,0.1921,0.08453
pal100,waccm,510.0,1.756,1.749,1.726,1.687,1.634,1.567,1.486,1.392,1.286,1.169,1.042,0.9066,0.7644,0.6177,0.4697,0.3249,0.1915,0.0841
pal100,waccm,515.0,1.628,1.62,1.599,1.564,1.515,1.453,1.378,1.291,1.193,1.084,0.9668,0.8414,0.7097,0.5737,0.4364,0.302,0.1779,0.0778
pal100,waccm,520.0,1.672,1.665,1.643,1.607,1.557,1.493,1.416,1.327,1.226,1.115,0.9938,0.865,0.7297,0.59,0.4488,0.3105,0.1825,0.07932
pal100,waccm,525.0,1.675,1.668,1.646,1.61,1.559,1.495,1.418,1.329,1.228,1.116,0.9954,0.8663,0.7306,0.5906,0.449,0.3101,0.1817,0.0781
pal100,waccm,530.0,1.761,1.753,1.73,1.692,1.639,1.572,1.491,1.397,1.29,1.173,1.046,0.9096,0.7669,0.6195,0.4704,0.3241,0.1889,0.08013
pal100,waccm,535.0,1.705,1.697,1.675,1.638,1.587,1.522,1.443,1.352,1.249,1.136,1.013,0.8811,0.7428,0.6,0.4555,0.3138,0.1825,0.07685
pal100,waccm,540.0,1.706,1.698,1.676,1.639,1.588,1.523,1.445,1.354,1.251,1.137,1.014,0.8826,0.7443,0.6015,0.4568,0.3147,0.183,0.07677
pal100,waccm,545.0,1.729,1.721,1.699,1.661,1.609,1.544,1.464,1.372,1.268,1.153,1.028,0.8946,0.7545,0.6096,0.4628,0.3186,0.1848,0.07693
pal100,waccm,550.0,1.733,1.725,1.702,1.665,1.613,1.547,1.468,1.375,1.271,1.156,1.031,0.897,0.7565,0.6113,0.4641,0.3193,0.1849,0.0765
pal100,waccm,555.0,1.718,1.711,1.688,1.651,1.6,1.534,1.456,1.364,1.261,1.146,1.022,0.89,0.7508,0.6067,0.4606,0.3169,0.1832,0.07524
pal100,waccm,560.0,1.672,1.664,1.643,1.607,1.556,1.493,1.416,1.327,1.226,1.115,0.9942,0.8653,0.7297,0.5893,0.447,0.307,0.1768,0.0718
pal100,waccm,565.0,1.671,1.664,1.642,1.606,1.556,1.492,1.415,1.326,1.225,1.114,0.9932,0.8641,0.7283,0.5879,0.4455,0.3053,0.1751,0.07028
pal100,waccm,570.0,1.659,1.652,1.63,1.595,1.545,1.482,1.405,1.317,1.217,1.106,0.986,0.8578,0.7229,0.5833,0.4418,0.3025,0.173,0.06886
pal100,waccm,575.0,1.686,1.679,1.657,1.621,1.57,1.506,1.428,1.338,1.237,1.124,1.002,0.8721,0.7351,0.5932,0.4493,0.3076,0.1757,0.0696
pal100,waccm,580.0,1.66,1.653,1.631,1.595,1.546,1.483,1.407,1.318,1.218,1.108,0.9883,0.8603,0.7256,0.5861,0.4444,0.3047,0.1745,0.0693
pal100,waccm,585.0,1.662,1.655,1.633,1.598,1.548,1.485,1.409,1.321,1.221,1.111,0.9912,0.8632,0.7286,0.589,0.4472,0.3072,0.1764,0.07025
pal100,waccm,590.0,1.604,1.597,1.576,1.542,1.494,1.433,1.36,1.275,1.179,1.073,0.9572,0.8339,0.704,0.5694,0.4326,0.2974,0.1708,0.06795
pal100,waccm,595.0,1.634,1.626,1.605,1.57,1.522,1.46,1.385,1.297,1.201,1.092,0.9747,0.849,0.7166,0.5795,0.44,0.3021,0.1731,0.0683
pal100,waccm,600.0,1.591,1.585,1.564,1.53,1.482,1.422,1.349,1.265,1.169,1.064,0.9489,0.8263,0.6972,0.5634,0.4274,0.293,0.1672,0.06533
pal100,waccm,605.0,1.61,1.603,1.582,1.547,1.499,1.438,1.365,1.279,1.183,1.076,0.9604,0.8364,0.7059,0.5707,0.4331,0.297,0.1696,0.06614
pal100,waccm,610.0,1.591,1.584,1.564,1.53,1.482,1.422,1.35,1.266,1.171,1.066,0.9515,0.8294,0.7006,0.5671,0.4312,0.2966,0.1701,0.06684
pal100,waccm,615.0,1.556,1.549,1.529,1.496,1.45,1.39,1.321,1.239,1.146,1.044,0.9326,0.8135,0.688,0.5577,0.4249,0.2932,0.1691,0.06701
pal100,waccm,620.0,1.58,1.573,1.553,1.519,1.473,1.414,1.342,1.259,1.166,1.062,0.9492,0.8284,0.7012,0.5691,0.4344,0.3005,0.174,0.06944
pal100,waccm,625.0,1.547,1.541,1.521,1.488,1.443,1.385,1.315,1.234,1.143,1.041,0.9311,0.8132,0.6888,0.5596,0.4278,0.2966,0.1723,0.06908
pal100,waccm,630.0,1.551,1.544,1.524,1.492,1.446,1.388,1.319,1.238,1.146,1.045,0.9349,0.8169,0.6926,0.5633,0.4312,0.2996,0.1747,0.07044
pal100,waccm,635.0,1.541,1.535,1.515,1.483,1.438,1.381,1.312,1.231,1.141,1.04,0.931,0.8141,0.6907,0.5624,0.4312,0.3004,0.1758,0.07133
pal100,waccm,640.0,1.524,1.519,1.499,1.467,1.423,1.367,1.298,1.219,1.13,1.031,0.923,0.8075,0.6857,0.559,0.4293,0.2998,0.1761,0.07194
pal100,waccm,644.8,1.518,1.511,1.492,1.46,1.416,1.36,1.293,1.214,1.125,1.027,0.92,0.8054,0.6844,0.5584,0.4295,0.3005,0.1772,0.07278
pal100,waccm,651.05,1.5,1.494,1.475,1.444,1.4,1.345,1.278,1.201,1.113,1.016,0.9109,0.7979,0.6785,0.5542,0.4269,0.2994,0.1772,0.07316
pal100,waccm,660.0,1.425,1.419,1.401,1.372,1.331,1.278,1.215,1.142,1.059,0.9675,0.8676,0.7606,0.6476,0.5298,0.409,0.2878,0.1712,0.07123
pal100,waccm,670.0,1.465,1.459,1.44,1.41,1.368,1.315,1.25,1.175,1.09,0.9965,0.8943,0.7847,0.6689,0.5481,0.4242,0.2996,0.1792,0.07523
pal100,waccm,680.0,1.44,1.434,1.416,1.386,1.345,1.293,1.23,1.156,1.073,0.9814,0.8812,0.7739,0.6603,0.5419,0.4202,0.2977,0.179,0.07565
pal100,waccm,690.0,1.42,1.414,1.397,1.368,1.327,1.276,1.214,1.142,1.06,0.9696,0.8711,0.7655,0.6538,0.5372,0.4172,0.2964,0.1789,0.07603
pal100,waccm,700.0,1.397,1.391,1.374,1.345,1.306,1.255,1.194,1.124,1.044,0.9551,0.8585,0.7549,0.6453,0.5309,0.4131,0.2942,0.1783,0.0762
pal100,waccm,710.0,1.365,1.359,1.342,1.315,1.276,1.227,1.168,1.099,1.021,0.9342,0.8401,0.7391,0.6322,0.5205,0.4055,0.2893,0.1759,0.07538
pal100,waccm,720.0,1.32,1.315,1.299,1.272,1.235,1.187,1.13,1.063,0.9882,0.9047,0.8138,0.7163,0.6131,0.5052,0.394,0.2815,0.1716,0.07371
pal100,waccm,730.0,1.29,1.285,1.269,1.243,1.207,1.161,1.105,1.04,0.9665,0.8851,0.7965,0.7014,0.6006,0.4953,0.3868,0.2769,0.1692,0.07292
pal100,waccm_eq,120.7,0.0,0.0,0.0,0.0,0.0,0.0,0.0,0.0,0.0,0.0,0.0,0.0,0.0,0.0,0.0,0.0,0.0,0.0
pal100,waccm_eq,121.65,0.0,0.0,0.0,0.0,0.0,0.0,0.0,0.0,0.0,0.0,0.0,0.0,0.0,0.0,0.0,0.0,0.0,0.0
pal100,waccm_eq,122.1,0.0,0.0,0.0,0.0,0.0,0.0,0.0,0.0,0.0,0.0,0.0,0.0,0.0,0.0,0.0,0.0,0.0,0.0
pal100,waccm_eq,122.7,0.0,0.0,0.0,0.0,0.0,0.0,0.0,0.0,0.0,0.0,0.0,0.0,0.0,0.0,0.0,0.0,0.0,0.0
pal100,waccm_eq,123.45,0.0,0.0,0.0,0.0,0.0,0.0,0.0,0.0,0.0,0.0,0.0,0.0,0.0,0.0,0.0,0.0,0.0,0.0
pal100,waccm_eq,124.2,0.0,0.0,0.0,0.0,0.0,0.0,0.0,0.0,0.0,0.0,0.0,0.0,0.0,0.0,0.0,0.0,0.0,0.0
pal100,waccm_eq,125.0,0.0,0.0,0.0,0.0,0.0,0.0,0.0,0.0,0.0,0.0,0.0,0.0,0.0,0.0,0.0,0.0,0.0,0.0
pal100,waccm_eq,125.8,0.0,0.0,0.0,0.0,0.0,0.0,0.0,0.0,0.0,0.0,0.0,0.0,0.0,0.0,0.0,0.0,0.0,0.0
pal100,waccm_eq,126.6,0.0,0.0,0.0,0.0,0.0,0.0,0.0,0.0,0.0,0.0,0.0,0.0,0.0,0.0,0.0,0.0,0.0,0.0
pal100,waccm_eq,127.8,0.0,0.0,0.0,0.0,0.0,0.0,0.0,0.0,0.0,0.0,0.0,0.0,0.0,0.0,0.0,0.0,0.0,0.0
pal100,waccm_eq,129.0,0.0,0.0,0.0,0.0,0.0,0.0,0.0,0.0,0.0,0.0,0.0,0.0,0.0,0.0,0.0,0.0,0.0,0.0
pal100,waccm_eq,129.85,0.0,0.0,0.0,0.0,0.0,0.0,0.0,0.0,0.0,0.0,0.0,0.0,0.0,0.0,0.0,0.0,0.0,0.0
pal100,waccm_eq,131.15,0.0,0.0,0.0,0.0,0.0,0.0,0.0,0.0,0.0,0.0,0.0,0.0,0.0,0.0,0.0,0.0,0.0,0.0
pal100,waccm_eq,133.5,0.0,0.0,0.0,0.0,0.0,0.0,0.0,0.0,0.0,0.0,0.0,0.0,0.0,0.0,0.0,0.0,0.0,0.0
pal100,waccm_eq,136.0,0.0,0.0,0.0,0.0,0.0,0.0,0.0,0.0,0.0,0.0,0.0,0.0,0.0,0.0,0.0,0.0,0.0,0.0
pal100,waccm_eq,141.0,0.0,0.0,0.0,0.0,0.0,0.0,0.0,0.0,0.0,0.0,0.0,0.0,0.0,0.0,0.0,0.0,0.0,0.0
pal100,waccm_eq,150.0,0.0,0.0,0.0,0.0,0.0,0.0,0.0,0.0,0.0,0.0,0.0,0.0,0.0,0.0,0.0,0.0,0.0,0.0
pal100,waccm_eq,160.0,0.0,0.0,0.0,0.0,0.0,0.0,0.0,0.0,0.0,0.0,0.0,0.0,0.0,0.0,0.0,0.0,0.0,0.0
pal100,waccm_eq,167.5,0.0,0.0,0.0,0.0,0.0,0.0,0.0,0.0,0.0,0.0,0.0,0.0,0.0,0.0,0.0,0.0,0.0,0.0
pal100,waccm_eq,172.7,0.0,0.0,0.0,0.0,0.0,0.0,0.0,0.0,0.0,0.0,0.0,0.0,0.0,0.0,0.0,0.0,0.0,0.0
pal100,waccm_eq,176.2,0.0,0.0,0.0,0.0,0.0,0.0,0.0,0.0,0.0,0.0,0.0,0.0,0.0,0.0,0.0,0.0,0.0,0.0
pal100,waccm_eq,177.8,0.0,0.0,0.0,0.0,0.0,0.0,0.0,0.0,0.0,0.0,0.0,0.0,0.0,0.0,0.0,0.0,0.0,0.0
pal100,waccm_eq,179.4,0.0,0.0,0.0,0.0,0.0,0.0,0.0,0.0,0.0,0.0,0.0,0.0,0.0,0.0,0.0,0.0,0.0,0.0
pal100,waccm_eq,181.0,0.0,0.0,0.0,0.0,0.0,0.0,0.0,0.0,0.0,0.0,0.0,0.0,0.0,0.0,0.0,0.0,0.0,0.0
pal100,waccm_eq,182.65,0.0,0.0,0.0,0.0,0.0,0.0,0.0,0.0,0.0,0.0,0.0,0.0,0.0,0.0,0.0,0.0,0.0,0.0
pal100,waccm_eq,184.35,0.0,0.0,0.0,0.0,0.0,0.0,0.0,0.0,0.0,0.0,0.0,0.0,0.0,0.0,0.0,0.0,0.0,0.0
pal100,waccm_eq,186.05,0.0,0.0,0.0,0.0,0.0,0.0,0.0,0.0,0.0,0.0,0.0,0.0,0.0,0.0,0.0,0.0,0.0,0.0
pal100,waccm_eq,187.8,0.0,0.0,0.0,0.0,0.0,0.0,0.0,0.0,0.0,0.0,0.0,0.0,0.0,0.0,0.0,0.0,0.0,0.0
pal100,waccm_eq,189.6,0.0,0.0,0.0,0.0,0.0,0.0,0.0,0.0,0.0,0.0,0.0,0.0,0.0,0.0,0.0,0.0,0.0,0.0
pal100,waccm_eq,191.4,0.0,0.0,0.0,0.0,0.0,0.0,0.0,0.0,0.0,0.0,0.0,0.0,0.0,0.0,0.0,0.0,0.0,0.0
pal100,waccm_eq,193.25,0.0,0.0,0.0,0.0,0.0,0.0,0.0,0.0,0.0,0.0,0.0,0.0,0.0,0.0,0.0,0.0,0.0,0.0
pal100,waccm_eq,195.15,0.0,0.0,0.0,0.0,0.0,0.0,0.0,0.0,0.0,0.0,0.0,0.0,0.0,0.0,0.0,0.0,0.0,0.0
pal100,waccm_eq,197.05,0.0,0.0,0.0,0.0,0.0,0.0,0.0,0.0,0.0,0.0,0.0,0.0,0.0,0.0,0.0,0.0,0.0,0.0
pal100,waccm_eq,199.0,0.0,0.0,0.0,0.0,0.0,0.0,0.0,0.0,0.0,0.0,0.0,0.0,0.0,0.0,0.0,0.0,0.0,0.0
pal100,waccm_eq,201.0,0.0,0.0,0.0,0.0,0.0,0.0,0.0,0.0,0.0,0.0,0.0,0.0,0.0,0.0,0.0,0.0,0.0,0.0
pal100,waccm_eq,203.05,0.0,0.0,0.0,0.0,0.0,0.0,0.0,0.0,0.0,0.0,0.0,0.0,0.0,0.0,0.0,0.0,0.0,0.0
pal100,waccm_eq,205.15,0.0,0.0,0.0,0.0,0.0,0.0,0.0,0.0,0.0,0.0,0.0,0.0,0.0,0.0,0.0,0.0,0.0,0.0
pal100,waccm_eq,207.2665,1.838e-20,1.567e-20,9.649e-21,4.215e-21,1.265e-21,2.485e-22,2.977e-23,1.976e-24,6.4e-26,8.933e-28,7.516e-30,4.203e-31,1.06e-31,4.168e-32,2.186e-32,1.329e-32,8.195e-33,4.45e-33
pal100,waccm_eq,209.4295,1.148e-19,9.839e-20,6.154e-20,2.761e-20,8.613e-21,1.783e-21,2.288e-22,1.659e-23,6.02e-25,9.72e-27,9.608e-29,5.128e-30,1.153e-30,4.299e-31,2.272e-31,1.409e-31,8.839e-32,4.893e-32
pal100,waccm_eq,211.646,7.635e-19,6.578e-19,4.184e-19,1.932e-19,6.288e-20,1.378e-20,1.907e-21,1.523e-22,6.264e-24,1.192e-25,1.429e-27,7.27e-29,1.4e-29,4.944e-30,2.676e-30,1.702e-30,1.088e-30,6.154e-31
pal100,waccm_eq,213.91,1.606e-18,1.387e-18,8.886e-19,4.155e-19,1.377e-19,3.094e-20,4.423e-21,3.687e-22,1.602e-23,3.269e-25,4.166e-27,1.808e-28,2.822e-29,9.633e-30,5.44e-30,3.549e-30,2.312e-30,1.333e-30
pal100,waccm_eq,216.2225,2.27e-18,1.964e-18,1.265e-18,5.968e-19,2.004e-19,4.585e-20,6.711e-21,5.771e-22,2.611e-23,5.63e-25,7.494e-27,2.65e-28,3.2e-29,1.098e-29,6.515e-30,4.348e-30,2.879e-30,1.689e-30
pal100,waccm_eq,218.5855,4.12e-18,3.57e-18,2.311e-18,1.099e-18,3.737e-19,8.692e-20,1.301e-20,1.153e-21,5.433e-23,1.243e-24,1.741e-26,4.826e-28,4.327e-29,1.566e-29,9.723e-30,6.61e-30,4.443e-30,2.648e-30
pal100,waccm_eq,221.001,2.448e-18,2.117e-18,1.362e-18,6.414e-19,2.148e-19,4.898e-20,7.148e-21,6.134e-22,2.781e-23,6.075e-25,7.734e-27,1.462e-28,9.503e-30,3.792e-30,2.431e-30,1.677e-30,1.14e-30,6.873e-31
pal100,waccm_eq,223.4705,9.584e-19,8.253e-19,5.24e-19,2.413e-19,7.822e-20,1.707e-20,2.354e-21,1.88e-22,7.793e-24,1.522e-25,1.608e-27,1.86e-29,8.83e-31,3.934e-31,2.578e-31,1.798e-31,1.233e-31,7.497e-32
pal100,waccm_eq,225.996,1.635e-19,1.4e-19,8.74e-20,3.91e-20,1.216e-20,2.509e-21,3.217e-22,2.345e-23,8.682e-25,1.474e-26,1.232e-28,8.001e-31,2.854e-32,1.401e-32,9.325e-33,6.564e-33,4.536e-33,2.775e-33
pal100,waccm_eq,228.579,1.223e-20,1.037e-20,6.287e-21,2.675e-21,7.73e-22,1.445e-22,1.631e-23,1.01e-24,3.046e-26,3.972e-28,2.223e-30,6.766e-33,1.874e-34,9.876e-35,6.659e-35,4.724e-35,3.282e-35,2.016e-35
pal100,waccm_eq,231.2215,3.58e-22,2.996e-22,1.744e-22,6.921e-23,1.809e-23,2.952e-24,2.79e-25,1.378e-26,3.116e-28,2.791e-30,9.036e-33,1.115e-35,2.495e-37,1.373e-37,9.342e-38,6.663e-38,4.645e-38,2.858e-38
pal100,waccm_eq,233.926,3.7e-24,3.046e-24,1.688e-24,6.157e-25,1.423e-25,1.968e-26,1.498e-27,5.607e-29,8.894e-31,5.004e-33,8.364e-36,3.716e-39,6.914e-41,3.902e-41,2.675e-41,1.915e-41,1.338e-41,8.234e-42
pal100,waccm_eq,236.6945,3.581e-26,2.895e-26,1.519e-26,5.044e-27,1.018e-27,1.17e-28,7.006e-30,1.925e-31,2.054e-33,6.858e-36,5.512e-39,8.198e-43,1.261e-44,7.006e-45,5.605e-45,4.204e-45,2.803e-45,1.401e-45
pal100,waccm_eq,239.5295,5.975e-28,4.763e-28,2.393e-28,7.39e-29,1.341e-29,1.337e-30,6.64e-32,1.436e-33,1.122e-35,2.451e-38,1.045e-41,0.0,0.0,0.0,0.0,0.0,0.0,0.0
pal100,waccm_eq,242.433,4.108e-29,3.239e-29,1.574e-29,4.591e-30,7.668e-31,6.825e-32,2.919e-33,5.175e-35,3.025e-37,4.586e-40,1.079e-43,0.0,0.0,0.0,0.0,0.0,0.0,0.0
pal100,waccm_eq,245.408,1.055e-31,8.133e-32,3.69e-32,9.568e-33,1.347e-33,9.501e-35,2.998e-36,3.594e-38,1.3e-40,1.023e-43,0.0,0.0,0.0,0.0,0.0,0.0,0.0,0.0
pal100,waccm_eq,248.457,6.421e-34,4.855e-34,2.076e-34,4.866e-35,5.908e-36,3.412e-37,8.28e-39,7.08e-41,1.668e-43,0.0,0.0,0.0,0.0,0.0,0.0,0.0,0.0,0.0
pal100,waccm_eq,251.5825,3.402e-35,2.544e-35,1.052e-35,2.326e-36,2.596e-37,1.337e-38,2.791e-40,1.965e-42,4.204e-45,0.0,0.0,0.0,0.0,0.0,0.0,0.0,0.0,0.0
pal100,waccm_eq,254.7875,1.238e-35,9.21e-36,3.748e-36,8.065e-37,8.649e-38,4.218e-39,8.198e-41,5.269e-43,1.401e-45,0.0,0.0,0.0,0.0,0.0,0.0,0.0,0.0,0.0
pal100,waccm_eq,258.075,1.656e-34,1.241e-34,5.164e-35,1.155e-35,1.31e-36,6.888e-38,1.477e-39,1.074e-41,2.102e-44,-0.0,0.0,0.0,0.0,0.0,0.0,0.0,0.0,0.0
pal100,waccm_eq,261.449,6.401e-33,4.868e-33,2.119e-33,5.119e-34,6.492e-35,3.972e-36,1.037e-37,9.715e-40,2.546e-42,1.401e-45,0.0,0.0,0.0,0.0,0.0,0.0,0.0,0.0
pal100,waccm_eq,264.9125,9.731e-30,7.58e-30,3.55e-30,9.715e-31,1.477e-31,1.156e-32,4.16e-34,5.879e-36,2.6e-38,2.599e-41,4.204e-45,0.0,0.0,0.0,0.0,0.0,0.0,0.0
pal100,waccm_eq,268.4685,5.644e-26,4.542e-26,2.348e-26,7.609e-27,1.479e-27,1.614e-28,8.976e-30,2.215e-31,1.993e-33,4.828e-36,2.206e-39,9.949e-44,1.401e-45,0.0,0.0,0.0,0.0,0.0
pal100,waccm_eq,272.1215,7.35e-22,6.133e-22,3.539e-22,1.384e-22,3.536e-23,5.585e-24,5.033e-25,2.308e-26,4.576e-28,3.098e-30,5.064e-33,1.239e-36,9.814e-39,5.575e-39,3.834e-39,2.754e-39,1.931e-39,1.197e-39
pal100,waccm_eq,275.8755,1.721e-17,1.493e-17,9.679e-18,4.62e-18,1.578e-18,3.691e-19,5.554e-20,4.917e-21,2.252e-22,4.446e-24,2.879e-26,4.226e-29,3.801e-31,2.072e-31,1.412e-31,1.011e-31,7.089e-32,4.409e-32
pal100,waccm_eq,279.734,1.464e-13,1.315e-13,9.503e-14,5.458e-14,2.439e-14,8.214e-15,1.989e-15,3.241e-16,3.23e-17,1.719e-18,3.993e-20,3.089e-22,3.656e-24,1.72e-24,1.156e-24,8.216e-25,5.749e-25,3.587e-25
pal100,waccm_eq,283.702,1.147e-09,1.063e-09,8.445e-10,5.702e-10,3.224e-10,1.493e-10,5.478e-11,1.521e-11,2.991e-12,3.787e-13,2.688e-14,8.872e-16,2.026e-17,5.981e-18,3.912e-18,2.746e-18,1.909e-18,1.192e-18
pal100,waccm_eq,287.7845,1.144e-06,1.087e-06,9.307e-07,7.141e-07,4.863e-07,2.895e-07,1.476e-07,6.242e-08,2.099e-08,5.272e-09,9.041e-10,9.363e-11,5.819e-12,8.799e-13,5.147e-13,3.536e-13,2.427e-13,1.507e-13
pal100,waccm_eq,291.9865,0.000229,0.0002215,0.0002003,0.0001688,0.0001317,9.428e-05,6.11e-05,3.518e-05,1.752e-05,7.265e-06,2.374e-06,5.66e-07,9.114e-08,1.247e-08,4.319e-09,2.774e-09,1.859e-09,1.137e-09
pal100,waccm_eq,296.309,0.005049,0.004943,0.004635,0.004155,0.003546,0.002867,0.002177,0.001536,0.000991,0.0005715,0.0002853,0.0001176,3.755e-05,8.845e-06,1.945e-06,8.27e-07,5.184e-07,3.074e-07
pal100,waccm_eq,300.5,0.02772,0.02733,0.02617,0.0243,0.02185,0.01895,0.01577,0.01251,0.009369,0.006533,0.004158,0.002348,0.001127,0.0004325,0.0001261,3.361e-05,1.482e-05,8.227e-06
pal100,waccm_eq,303.0,0.07795,0.07705,0.07439,0.07009,0.06434,0.05737,0.04953,0.04117,0.03271,0.0246,0.01725,0.01104,0.006242,0.002969,0.001108,0.0003149,9.803e-05,4.761e-05
pal100,waccm_eq,304.0,0.08606,0.08513,0.08236,0.07787,0.07183,0.06449,0.05616,0.04721,0.03805,0.02913,0.0209,0.01378,0.008108,0.004064,0.001621,0.0004855,0.0001405,6.364e-05
pal100,waccm_eq,305.0,0.1187,0.1175,0.114,0.1082,0.1005,0.09095,0.08007,0.06826,0.056,0.04386,0.03239,0.02218,0.01371,0.007339,0.003192,0.001041,0.0002839,0.0001133
pal100,waccm_eq,306.0,0.1124,0.1113,0.1081,0.1029,0.09593,0.08732,0.07742,0.06659,0.05527,0.04391,0.03304,0.02317,0.01478,0.00826,0.003803,0.001323,0.0003567,0.0001282
pal100,waccm_eq,307.0,0.1453,0.144,0.1401,0.1338,0.1252,0.1146,0.1024,0.0889,0.07466,0.06023,0.0462,0.03322,0.02191,0.0128,0.006265,0.002348,0.0006434,0.0002034
pal100,waccm_eq,308.0,0.1711,0.1697,0.1653,0.1583,0.1487,0.1368,0.123,0.1078,0.0915,0.07484,0.05844,0.04301,0.02924,0.0178,0.009222,0.003723,0.001066,0.0002982
pal100,waccm_eq,309.0,0.1781,0.1766,0.1723,0.1652,0.1555,0.1435,0.1296,0.114,0.09741,0.0803,0.06333,0.04721,0.03264,0.02034,0.01087,0.004583,0.001359,0.0003557
pal100,waccm_eq,310.0,0.1756,0.1743,0.1703,0.1637,0.1547,0.1435,0.1304,0.1158,0.1,0.08363,0.06716,0.05124,0.03655,0.02376,0.01348,0.006171,0.001998,0.0004761
pal100,waccm_eq,311.0,0.2961,0.2939,0.2873,0.2765,0.2618,0.2434,0.2218,0.1977,0.1715,0.1443,0.1167,0.08993,0.06497,0.04296,0.02497,0.01184,0.003999,0.0009306
pal100,waccm_eq,312.0,0.2647,0.2628,0.2571,0.2479,0.2352,0.2193,0.2007,0.1798,0.157,0.1331,0.1089,0.08501,0.06253,0.04237,0.02549,0.01271,0.00459,0.001058
pal100,waccm_eq,313.0,0.2963,0.2943,0.2882,0.2783,0.2646,0.2475,0.2274,0.2047,0.1799,0.1538,0.127,0.1005,0.07524,0.05222,0.0325,0.01704,0.006612,0.001562
pal100,waccm_eq,314.0,0.324,0.3218,0.3153,0.3046,0.2899,0.2715,0.2498,0.2253,0.1985,0.1702,0.1412,0.1123,0.08464,0.05928,0.03738,0.01998,0.007973,0.001915
pal100,waccm_eq,316.0,0.3326,0.3305,0.3242,0.3139,0.2997,0.2819,0.2609,0.2369,0.2107,0.1827,0.1538,0.1247,0.09633,0.06982,0.04621,0.02657,0.01189,0.00321
pal100,waccm_eq,320.0,0.428,0.4255,0.418,0.4057,0.3887,0.3673,0.3419,0.313,0.281,0.2468,0.2109,0.1745,0.1384,0.104,0.07244,0.04503,0.02292,0.007543
pal100,waccm_eq,325.0,0.5489,0.5459,0.5369,0.522,0.5015,0.4757,0.445,0.4098,0.3708,0.3287,0.2844,0.2389,0.1935,0.1494,0.1082,0.07135,0.04022,0.01608
pal100,waccm_eq,330.0,0.6839,0.6802,0.6694,0.6515,0.6261,0.5956,0.5584,0.5158,0.4684,0.4172,0.363,0.3072,0.251,0.1962,0.1445,0.09778,0.05765,0.02533
pal100,waccm_eq,335.0,0.6528,0.6494,0.6393,0.6226,0.5996,0.5704,0.5357,0.4958,0.4513,0.4032,0.3521,0.2993,0.246,0.1937,0.1441,0.099,0.05994,0.02792
pal100,waccm_eq,340.0,0.7108,0.7072,0.6963,0.6784,0.6536,0.6223,0.5849,0.542,0.4941,0.4421,0.3869,0.3296,0.2717,0.2146,0.1603,0.1107,0.06774,0.03231
pal100,waccm_eq,345.0,0.7018,0.6983,0.6877,0.6702,0.646,0.6154,0.5788,0.5367,0.4898,0.4387,0.3844,0.3281,0.2708,0.2143,0.1604,0.1111,0.06824,0.03293
pal100,waccm_eq,350.0,0.7347,0.7311,0.72,0.7018,0.6767,0.6448,0.6068,0.563,0.5141,0.4608,0.4041,0.3451,0.2851,0.2258,0.169,0.117,0.07178,0.03463
pal100,waccm_eq,355.0,0.7776,0.7738,0.7622,0.7431,0.7167,0.6832,0.6432,0.5971,0.5456,0.4895,0.4297,0.3674,0.3038,0.2408,0.1804,0.1249,0.07666,0.03709
pal100,waccm_eq,360.0,0.7116,0.7081,0.6976,0.6803,0.6562,0.6258,0.5894,0.5475,0.5006,0.4494,0.3949,0.3379,0.2797,0.2219,0.1662,0.1151,0.07059,0.03419
pal100,waccm_eq,365.0,0.9055,0.9011,0.8878,0.8659,0.8355,0.7971,0.751,0.6979,0.6385,0.5737,0.5044,0.432,0.3579,0.2841,0.213,0.1474,0.09032,0.04375
pal100,waccm_eq,370.0,0.9421,0.9375,0.9238,0.9011,0.8697,0.83,0.7823,0.7274,0.6659,0.5986,0.5267,0.4515,0.3744,0.2974,0.223,0.1543,0.09443,0.04572
pal100,waccm_eq,375.0,0.8516,0.8475,0.8351,0.8148,0.7866,0.7508,0.708,0.6586,0.6032,0.5427,0.4778,0.4099,0.3402,0.2704,0.2029,0.1403,0.08575,0.04148
pal100,waccm_eq,380.0,0.9795,0.9748,0.9607,0.9374,0.9052,0.8643,0.8153,0.7587,0.6953,0.6259,0.5515,0.4735,0.3933,0.3129,0.2348,0.1623,0.09908,0.04788
pal100,waccm_eq,385.0,0.7388,0.7353,0.7247,0.7073,0.6831,0.6524,0.6156,0.5732,0.5255,0.4733,0.4174,0.3586,0.2981,0.2374,0.1782,0.1232,0.07508,0.03624
pal100,waccm_eq,390.0,0.9652,0.9606,0.9469,0.9242,0.8928,0.853,0.8051,0.7499,0.6879,0.62,0.5471,0.4704,0.3913,0.3118,0.2343,0.1619,0.09853,0.04749
pal100,waccm_eq,395.0,0.7491,0.7456,0.735,0.7175,0.6932,0.6624,0.6255,0.5828,0.5349,0.4824,0.4259,0.3665,0.3051,0.2434,0.1829,0.1264,0.07681,0.03697
pal100,waccm_eq,400.0,1.391,1.385,1.365,1.333,1.288,1.231,1.163,1.084,0.9953,0.898,0.7934,0.6832,0.5693,0.4544,0.3418,0.2361,0.1433,0.06886
pal100,waccm_eq,405.0,1.419,1.412,1.392,1.36,1.314,1.256,1.187,1.107,1.017,0.9179,0.8116,0.6993,0.5832,0.4659,0.3507,0.2423,0.1468,0.07042
pal100,waccm_eq,410.0,1.464,1.457,1.436,1.403,1.356,1.297,1.226,1.143,1.051,0.9489,0.8395,0.7239,0.6042,0.483,0.3638,0.2513,0.1521,0.07281
pal100,waccm_eq,415.0,1.525,1.518,1.497,1.462,1.414,1.352,1.278,1.193,1.097,0.9911,0.8773,0.757,0.6323,0.5059,0.3813,0.2635,0.1593,0.07608
pal100,waccm_eq,420.0,1.54,1.533,1.511,1.476,1.428,1.366,1.292,1.206,1.109,1.003,0.8879,0.7667,0.6409,0.5132,0.3871,0.2675,0.1615,0.07697
pal100,waccm_eq,425.0,1.47,1.463,1.443,1.41,1.363,1.305,1.234,1.152,1.06,0.959,0.8499,0.7343,0.6143,0.4922,0.3715,0.2568,0.1549,0.07359
pal100,waccm_eq,430.0,1.356,1.35,1.332,1.301,1.258,1.204,1.139,1.064,0.9797,0.8865,0.786,0.6796,0.5689,0.4563,0.3446,0.2383,0.1436,0.06806
pal100,waccm_eq,435.0,1.575,1.567,1.546,1.511,1.461,1.399,1.324,1.237,1.139,1.031,0.9147,0.7913,0.6629,0.532,0.4021,0.2781,0.1674,0.07913
pal100,waccm_eq,440.0,1.62,1.612,1.591,1.554,1.504,1.44,1.363,1.274,1.173,1.062,0.9429,0.8162,0.6842,0.5495,0.4156,0.2875,0.1728,0.08142
pal100,waccm_eq,445.0,1.74,1.732,1.708,1.67,1.616,1.547,1.465,1.369,1.261,1.143,1.015,0.879,0.7374,0.5926,0.4485,0.3104,0.1864,0.08753
pal100,waccm_eq,450.0,1.85,1.842,1.817,1.776,1.719,1.646,1.559,1.457,1.343,1.218,1.082,0.9374,0.7868,0.6329,0.4793,0.3318,0.1991,0.09323
pal100,waccm_eq,455.0,1.811,1.803,1.778,1.738,1.682,1.612,1.526,1.427,1.316,1.193,1.061,0.9196,0.7724,0.6217,0.4712,0.3263,0.1956,0.0913
pal100,waccm_eq,460.0,1.863,1.854,1.83,1.788,1.731,1.658,1.571,1.469,1.355,1.229,1.093,0.9478,0.7964,0.6413,0.4862,0.3366,0.2014,0.09346
pal100,waccm_eq,465.0,1.842,1.834,1.809,1.768,1.712,1.64,1.554,1.454,1.341,1.217,1.082,0.9394,0.7898,0.6365,0.4829,0.3346,0.2001,0.0926
pal100,waccm_eq,470.0,1.832,1.823,1.799,1.759,1.703,1.632,1.546,1.447,1.335,1.212,1.078,0.9363,0.7877,0.6351,0.4822,0.3342,0.1997,0.09212
pal100,waccm_eq,475.0,1.853,1.845,1.82,1.779,1.723,1.651,1.565,1.465,1.352,1.227,1.092,0.949,0.7988,0.6444,0.4896,0.3394,0.2027,0.09308
pal100,waccm_eq,480.0,1.904,1.896,1.871,1.829,1.771,1.697,1.609,1.506,1.39,1.262,1.124,0.9762,0.8218,0.6631,0.5037,0.3489,0.2077,0.09461
pal100,waccm_eq,485.0,1.729,1.722,1.699,1.661,1.609,1.542,1.462,1.369,1.264,1.148,1.022,0.8883,0.7481,0.604,0.459,0.318,0.1892,0.08583
pal100,waccm_eq,490.0,1.801,1.793,1.77,1.73,1.676,1.607,1.523,1.426,1.317,1.197,1.066,0.9271,0.7813,0.6312,0.48,0.3329,0.198,0.08961
pal100,waccm_eq,495.0,1.834,1.826,1.802,1.762,1.707,1.637,1.552,1.453,1.342,1.22,1.087,0.9456,0.7972,0.6443,0.4903,0.34,0.2021,0.09105
pal100,waccm_eq,500.0,1.748,1.74,1.717,1.679,1.627,1.56,1.479,1.385,1.28,1.163,1.036,0.9015,0.7601,0.6143,0.4673,0.3238,0.1919,0.08571
pal100,waccm_eq,505.0,1.774,1.766,1.743,1.704,1.651,1.583,1.501,1.406,1.298,1.18,1.052,0.9147,0.7711,0.623,0.4737,0.3277,0.1935,0.08547
pal100,waccm_eq,510.0,1.759,1.751,1.728,1.69,1.637,1.57,1.489,1.395,1.289,1.172,1.044,0.9088,0.7666,0.6198,0.4716,0.3266,0.1929,0.08503
pal100,waccm_eq,515.0,1.63,1.623,1.602,1.566,1.517,1.455,1.38,1.293,1.195,1.087,0.9691,0.8435,0.7118,0.5757,0.4383,0.3036,0.1792,0.0787
pal100,waccm_eq,520.0,1.675,1.668,1.646,1.609,1.559,1.495,1.419,1.329,1.228,1.117,0.9963,0.8674,0.7321,0.5923,0.4509,0.3123,0.184,0.08035
pal100,waccm_eq,525.0,1.678,1.671,1.649,1.613,1.563,1.499,1.422,1.332,1.231,1.12,0.9984,0.8692,0.7335,0.5933,0.4514,0.3123,0.1835,0.07932
pal100,waccm_eq,530.0,1.765,1.757,1.734,1.696,1.643,1.576,1.495,1.401,1.294,1.177,1.049,0.9134,0.7705,0.6229,0.4735,0.3269,0.1912,0.08167
pal100,waccm_eq,535.0,1.709,1.702,1.679,1.643,1.591,1.526,1.448,1.357,1.254,1.14,1.017,0.885,0.7466,0.6036,0.4589,0.3167,0.1849,0.07845
pal100,waccm_eq,540.0,1.71,1.703,1.681,1.644,1.593,1.527,1.449,1.358,1.255,1.142,1.018,0.8866,0.7482,0.6052,0.4602,0.3177,0.1854,0.07842
pal100,waccm_eq,545.0,1.734,1.726,1.704,1.666,1.615,1.549,1.469,1.377,1.273,1.158,1.033,0.8991,0.7588,0.6136,0.4666,0.3219,0.1875,0.07873
pal100,waccm_eq,550.0,1.738,1.73,1.708,1.67,1.618,1.552,1.473,1.38,1.276,1.161,1.035,0.9017,0.761,0.6155,0.468,0.3228,0.1878,0.0784
pal100,waccm_eq,555.0,1.724,1.716,1.694,1.657,1.605,1.54,1.461,1.369,1.266,1.152,1.028,0.895,0.7555,0.6112,0.4648,0.3206,0.1862,0.07723
pal100,waccm_eq,560.0,1.678,1.67,1.649,1.613,1.562,1.499,1.422,1.333,1.232,1.121,0.9998,0.8707,0.7348,0.5942,0.4515,0.311,0.18,0.07392
pal100,waccm_eq,565.0,1.678,1.67,1.649,1.613,1.562,1.499,1.422,1.333,1.232,1.12,0.9993,0.87,0.734,0.5932,0.4504,0.3097,0.1786,0.07259
pal100,waccm_eq,570.0,1.666,1.659,1.638,1.602,1.552,1.488,1.412,1.324,1.223,1.113,0.9925,0.864,0.7289,0.589,0.447,0.3071,0.1767,0.07128
pal100,waccm_eq,575.0,1.694,1.686,1.664,1.628,1.577,1.513,1.436,1.346,1.244,1.131,1.009,0.8787,0.7414,0.5992,0.4548,0.3124,0.1796,0.07214
pal100,waccm_eq,580.0,1.667,1.66,1.638,1.602,1.553,1.49,1.413,1.325,1.225,1.115,0.9947,0.8665,0.7315,0.5917,0.4497,0.3094,0.1782,0.07174
pal100,waccm_eq,585.0,1.669,1.662,1.64,1.604,1.555,1.492,1.416,1.327,1.228,1.117,0.9974,0.8692,0.7343,0.5945,0.4523,0.3117,0.18,0.07264
pal100,waccm_eq,590.0,1.61,1.603,1.582,1.548,1.5,1.439,1.366,1.281,1.185,1.079,0.9632,0.8396,0.7096,0.5747,0.4375,0.3017,0.1744,0.07028
pal100,waccm_eq,595.0,1.641,1.634,1.612,1.577,1.529,1.467,1.392,1.305,1.207,1.099,0.9812,0.8553,0.7227,0.5852,0.4453,0.3068,0.1769,0.0708
pal100,waccm_eq,600.0,1.599,1.592,1.571,1.537,1.49,1.429,1.356,1.272,1.176,1.071,0.9557,0.8329,0.7035,0.5694,0.433,0.2979,0.1712,0.06791
pal100,waccm_eq,605.0,1.617,1.61,1.589,1.555,1.507,1.446,1.372,1.287,1.19,1.083,0.9672,0.8431,0.7124,0.5768,0.4388,0.3021,0.1737,0.06877
pal100,waccm_eq,610.0,1.598,1.591,1.571,1.537,1.489,1.429,1.357,1.273,1.178,1.072,0.9579,0.8355,0.7066,0.5728,0.4365,0.3013,0.1739,0.06933
pal100,waccm_eq,615.0,1.562,1.555,1.535,1.502,1.456,1.397,1.327,1.245,1.152,1.05,0.9383,0.819,0.6933,0.5628,0.4297,0.2974,0.1725,0.0693
pal100,waccm_eq,620.0,1.586,1.579,1.559,1.525,1.479,1.419,1.348,1.265,1.171,1.067,0.9544,0.8337,0.7063,0.574,0.4389,0.3046,0.1773,0.07164
pal100,waccm_eq,625.0,1.553,1.546,1.526,1.494,1.448,1.39,1.32,1.239,1.148,1.046,0.936,0.818,0.6935,0.5641,0.4319,0.3003,0.1754,0.07115
pal100,waccm_eq,630.0,1.556,1.549,1.529,1.497,1.451,1.393,1.324,1.243,1.151,1.05,0.9395,0.8215,0.6969,0.5674,0.4351,0.3031,0.1776,0.0724
pal100,waccm_eq,635.0,1.546,1.54,1.52,1.487,1.442,1.385,1.316,1.236,1.145,1.045,0.9352,0.8182,0.6947,0.5662,0.4348,0.3036,0.1785,0.07316
pal100,waccm_eq,640.0,1.529,1.523,1.504,1.472,1.427,1.371,1.302,1.223,1.134,1.035,0.9268,0.8113,0.6893,0.5624,0.4325,0.3027,0.1786,0.07362
pal100,waccm_eq,644.8,1.521,1.515,1.496,1.464,1.42,1.364,1.296,1.218,1.129,1.031,0.9235,0.8088,0.6877,0.5616,0.4324,0.3032,0.1795,0.07433
pal100,waccm_eq,651.05,1.503,1.497,1.478,1.447,1.403,1.348,1.282,1.204,1.117,1.02,0.914,0.8009,0.6815,0.5571,0.4296,0.3019,0.1793,0.07458
pal100,waccm_eq,660.0,1.428,1.422,1.404,1.374,1.333,1.281,1.218,1.145,1.062,0.97,0.8701,0.7631,0.65,0.5321,0.4111,0.2898,0.1729,0.07241
pal100,waccm_eq,670.0,1.467,1.461,1.443,1.412,1.37,1.317,1.252,1.177,1.093,0.9986,0.8964,0.7868,0.6709,0.5501,0.426,0.3012,0.1807,0.07625
pal100,waccm_eq,680.0,1.442,1.436,1.418,1.388,1.347,1.295,1.231,1.158,1.075,0.9831,0.8829,0.7755,0.662,0.5435,0.4217,0.299,0.1801,0.07648
pal100,waccm_eq,690.0,1.422,1.416,1.398,1.369,1.329,1.277,1.215,1.143,1.061,0.971,0.8725,0.7668,0.6551,0.5384,0.4184,0.2975,0.1799,0.07672
pal100,waccm_eq,700.0,1.398,1.392,1.375,1.347,1.307,1.256,1.196,1.125,1.045,0.9561,0.8596,0.756,0.6463,0.5318,0.414,0.295,0.179,0.07674
pal100,waccm_eq,710.0,1.366,1.36,1.343,1.316,1.277,1.228,1.168,1.1,1.022,0.9351,0.8409,0.7399,0.633,0.5213,0.4063,0.29,0.1765,0.07583
pal100,waccm_eq,720.0,1.321,1.316,1.3,1.273,1.235,1.188,1.131,1.064,0.9889,0.9054,0.8145,0.717,0.6137,0.5058,0.3946,0.2821,0.1721,0.07408
pal100,waccm_eq,730.0,1.291,1.286,1.27,1.244,1.207,1.161,1.105,1.04,0.967,0.8857,0.797,0.7019,0.6011,0.4958,0.3873,0.2773,0.1696,0.07321
pal10,atmos,120.7,0.0,0.0,0.0,0.0,0.0,0.0,0.0,0.0,0.0,0.0,0.0,0.0,0.0,0.0,0.0,0.0,0.0,0.0
pal10,atmos,121.65,0.0,0.0,0.0,0.0,0.0,0.0,0.0,0.0,0.0,0.0,0.0,0.0,0.0,0.0,0.0,0.0,0.0,0.0
pal10,atmos,122.1,0.0,0.0,0.0,0.0,0.0,0.0,0.0,0.0,0.0,0.0,0.0,0.0,0.0,0.0,0.0,0.0,0.0,0.0
pal10,atmos,122.7,0.0,0.0,0.0,0.0,0.0,0.0,0.0,0.0,0.0,0.0,0.0,0.0,0.0,0.0,0.0,0.0,0.0,0.0
pal10,atmos,123.45,0.0,0.0,0.0,0.0,0.0,0.0,0.0,0.0,0.0,0.0,0.0,0.0,0.0,0.0,0.0,0.0,0.0,0.0
pal10,atmos,124.2,0.0,0.0,0.0,0.0,0.0,0.0,0.0,0.0,0.0,0.0,0.0,0.0,0.0,0.0,0.0,0.0,0.0,0.0
pal10,atmos,125.0,0.0,0.0,0.0,0.0,0.0,0.0,0.0,0.0,0.0,0.0,0.0,0.0,0.0,0.0,0.0,0.0,0.0,0.0
pal10,atmos,125.8,0.0,0.0,0.0,0.0,0.0,0.0,0.0,0.0,0.0,0.0,0.0,0.0,0.0,0.0,0.0,0.0,0.0,0.0
pal10,atmos,126.6,0.0,0.0,0.0,0.0,0.0,0.0,0.0,0.0,0.0,0.0,0.0,0.0,0.0,0.0,0.0,0.0,0.0,0.0
pal10,atmos,127.8,0.0,0.0,0.0,0.0,0.0,0.0,0.0,0.0,0.0,0.0,0.0,0.0,0.0,0.0,0.0,0.0,0.0,0.0
pal10,atmos,129.0,0.0,0.0,0.0,0.0,0.0,0.0,0.0,0.0,0.0,0.0,0.0,0.0,0.0,0.0,0.0,0.0,0.0,0.0
pal10,atmos,129.85,0.0,0.0,0.0,0.0,0.0,0.0,0.0,0.0,0.0,0.0,0.0,0.0,0.0,0.0,0.0,0.0,0.0,0.0
pal10,atmos,131.15,0.0,0.0,0.0,0.0,0.0,0.0,0.0,0.0,0.0,0.0,0.0,0.0,0.0,0.0,0.0,0.0,0.0,0.0
pal10,atmos,133.5,0.0,0.0,0.0,0.0,0.0,0.0,0.0,0.0,0.0,0.0,0.0,0.0,0.0,0.0,0.0,0.0,0.0,0.0
pal10,atmos,136.0,0.0,0.0,0.0,0.0,0.0,0.0,0.0,0.0,0.0,0.0,0.0,0.0,0.0,0.0,0.0,0.0,0.0,0.0
pal10,atmos,141.0,0.0,0.0,0.0,0.0,0.0,0.0,0.0,0.0,0.0,0.0,0.0,0.0,0.0,0.0,0.0,0.0,0.0,0.0
pal10,atmos,150.0,0.0,0.0,0.0,0.0,0.0,0.0,0.0,0.0,0.0,0.0,0.0,0.0,0.0,0.0,0.0,0.0,0.0,0.0
pal10,atmos,160.0,0.0,0.0,0.0,0.0,0.0,0.0,0.0,0.0,0.0,0.0,0.0,0.0,0.0,0.0,0.0,0.0,0.0,0.0
pal10,atmos,167.5,0.0,0.0,0.0,0.0,0.0,0.0,0.0,0.0,0.0,0.0,0.0,0.0,0.0,0.0,0.0,0.0,0.0,0.0
pal10,atmos,172.7,0.0,0.0,0.0,0.0,0.0,0.0,0.0,0.0,0.0,0.0,0.0,0.0,0.0,0.0,0.0,0.0,0.0,0.0
pal10,atmos,176.2,0.0,0.0,0.0,0.0,0.0,0.0,0.0,0.0,0.0,0.0,0.0,0.0,0.0,0.0,0.0,0.0,0.0,0.0
pal10,atmos,177.8,0.0,0.0,0.0,0.0,0.0,0.0,0.0,0.0,0.0,0.0,0.0,0.0,0.0,0.0,0.0,0.0,0.0,0.0
pal10,atmos,179.4,0.0,0.0,0.0,0.0,0.0,0.0,0.0,0.0,0.0,0.0,0.0,0.0,0.0,0.0,0.0,0.0,0.0,0.0
pal10,atmos,181.0,0.0,0.0,0.0,0.0,0.0,0.0,0.0,0.0,0.0,0.0,0.0,0.0,0.0,0.0,0.0,0.0,0.0,0.0
pal10,atmos,182.65,0.0,0.0,0.0,0.0,0.0,0.0,0.0,0.0,0.0,0.0,0.0,0.0,0.0,0.0,0.0,0.0,0.0,0.0
pal10,atmos,184.35,0.0,0.0,0.0,0.0,0.0,0.0,0.0,0.0,0.0,0.0,0.0,0.0,0.0,0.0,0.0,0.0,0.0,0.0
pal10,atmos,186.05,0.0,0.0,0.0,0.0,0.0,0.0,0.0,0.0,0.0,0.0,0.0,0.0,0.0,0.0,0.0,0.0,0.0,0.0
pal10,atmos,187.8,0.0,0.0,0.0,0.0,0.0,0.0,0.0,0.0,0.0,0.0,0.0,0.0,0.0,0.0,0.0,0.0,0.0,0.0
pal10,atmos,189.6,0.0,0.0,0.0,0.0,0.0,0.0,0.0,0.0,0.0,0.0,0.0,0.0,0.0,0.0,0.0,0.0,0.0,0.0
pal10,atmos,191.4,0.0,0.0,0.0,0.0,0.0,0.0,0.0,0.0,0.0,0.0,0.0,0.0,0.0,0.0,0.0,0.0,0.0,0.0
pal10,atmos,193.25,0.0,0.0,0.0,0.0,0.0,0.0,0.0,0.0,0.0,0.0,0.0,0.0,0.0,0.0,0.0,0.0,0.0,0.0
pal10,atmos,195.15,0.0,0.0,0.0,0.0,0.0,0.0,0.0,0.0,0.0,0.0,0.0,0.0,0.0,0.0,0.0,0.0,0.0,0.0
pal10,atmos,197.05,0.0,0.0,0.0,0.0,0.0,0.0,0.0,0.0,0.0,0.0,0.0,0.0,0.0,0.0,0.0,0.0,0.0,0.0
pal10,atmos,199.0,0.0,0.0,0.0,0.0,0.0,0.0,0.0,0.0,0.0,0.0,0.0,0.0,0.0,0.0,0.0,0.0,0.0,0.0
pal10,atmos,201.0,0.0,0.0,0.0,0.0,0.0,0.0,0.0,0.0,0.0,0.0,0.0,0.0,0.0,0.0,0.0,0.0,0.0,0.0
pal10,atmos,203.05,0.0,0.0,0.0,0.0,0.0,0.0,0.0,0.0,0.0,0.0,0.0,0.0,0.0,0.0,0.0,0.0,0.0,0.0
pal10,atmos,205.15,0.0,0.0,0.0,0.0,0.0,0.0,0.0,0.0,0.0,0.0,0.0,0.0,0.0,0.0,0.0,0.0,0.0,0.0
pal10,atmos,207.2665,2.245e-20,1.915e-20,1.182e-20,5.184e-21,1.565e-21,3.096e-22,3.746e-23,2.518e-24,8.284e-26,1.179e-27,1.004e-29,5.921e-31,1.78e-31,8.341e-32,4.797e-32,2.984e-32,1.82e-32,9.486e-33
pal10,atmos,209.4295,1.474e-19,1.264e-19,7.927e-20,3.573e-20,1.123e-20,2.345e-21,3.047e-22,2.244e-23,8.305e-25,1.373e-26,1.38e-28,7.859e-30,2.193e-30,1.001e-30,5.779e-31,3.644e-31,2.262e-31,1.205e-31
pal10,atmos,211.646,1.06e-18,9.144e-19,5.838e-19,2.713e-19,8.908e-20,1.977e-20,2.779e-21,2.267e-22,9.564e-24,1.877e-25,2.298e-27,1.274e-28,3.225e-29,1.43e-29,8.34e-30,5.358e-30,3.397e-30,1.859e-30
pal10,atmos,213.91,2.48e-18,2.145e-18,1.381e-18,6.514e-19,2.185e-19,4.99e-20,7.288e-21,6.243e-22,2.806e-23,5.965e-25,7.829e-27,3.798e-28,8.395e-29,3.636e-29,2.164e-29,1.421e-29,9.216e-30,5.182e-30
pal10,atmos,216.2225,4.009e-18,3.476e-18,2.253e-18,1.075e-18,3.667e-19,8.569e-20,1.29e-20,1.149e-21,5.436e-23,1.235e-24,1.71e-26,6.998e-28,1.308e-28,5.616e-29,3.438e-29,2.312e-29,1.535e-29,8.874e-30
pal10,atmos,218.5855,8.602e-18,7.474e-18,4.878e-18,2.354e-18,8.166e-19,1.953e-19,3.03e-20,2.81e-21,1.402e-22,3.426e-24,5.044e-26,1.694e-27,2.597e-28,1.131e-28,7.161e-29,4.933e-29,3.351e-29,1.992e-29
pal10,atmos,221.001,6.278e-18,5.448e-18,3.542e-18,1.698e-18,5.839e-19,1.379e-19,2.107e-20,1.917e-21,9.34e-23,2.215e-24,3e-26,7.278e-28,8.93e-29,4.056e-29,2.65e-29,1.864e-29,1.291e-29,7.864e-30
pal10,atmos,223.4705,3.085e-18,2.668e-18,1.716e-18,8.082e-19,2.706e-19,6.17e-20,9.003e-21,7.725e-22,3.498e-23,7.541e-25,8.657e-27,1.362e-28,1.326e-29,6.395e-30,4.294e-30,3.076e-30,2.166e-30,1.348e-30
pal10,atmos,225.996,6.954e-19,5.986e-19,3.798e-19,1.747e-19,5.653e-20,1.231e-20,1.692e-21,1.346e-22,5.546e-24,1.058e-25,9.856e-28,9.4e-30,7.316e-31,3.763e-31,2.584e-31,1.881e-31,1.344e-31,8.53e-32
pal10,atmos,228.579,7.438e-20,6.35e-20,3.927e-20,1.729e-20,5.251e-21,1.049e-21,1.29e-22,8.898e-24,3.054e-25,4.588e-27,2.971e-29,1.46e-31,9.211e-33,5.025e-33,3.517e-33,2.593e-33,1.875e-33,1.211e-33
pal10,atmos,231.2215,3.419e-21,2.885e-21,1.722e-21,7.131e-22,1.982e-22,3.514e-23,3.694e-24,2.083e-25,5.52e-27,5.899e-29,2.334e-31,5.201e-34,2.734e-35,1.559e-35,1.108e-35,8.246e-36,6.021e-36,3.946e-36
pal10,atmos,233.926,5.935e-23,4.935e-23,2.819e-23,1.083e-23,2.701e-24,4.131e-25,3.579e-26,1.574e-27,3.028e-29,2.123e-31,4.641e-34,4.211e-37,1.888e-38,1.112e-38,7.991e-39,5.997e-39,4.414e-39,2.929e-39
pal10,atmos,236.6945,9.61e-25,7.863e-25,4.275e-25,1.51e-25,3.329e-26,4.309e-27,3.003e-28,9.965e-30,1.335e-31,5.811e-34,6.564e-37,2.251e-40,8.778e-42,5.293e-42,3.838e-42,2.898e-42,2.147e-42,1.441e-42
pal10,atmos,239.5295,2.637e-26,2.13e-26,1.115e-26,3.687e-27,7.387e-28,8.403e-29,4.942e-30,1.318e-31,1.329e-33,3.964e-36,2.595e-39,3.671e-43,1.261e-44,8.408e-45,5.605e-45,4.204e-45,2.803e-45,2.803e-45
pal10,atmos,242.433,2.487e-27,1.988e-27,1.008e-27,3.156e-28,5.842e-29,5.966e-30,3.044e-31,6.741e-33,5.322e-35,1.138e-37,4.572e-41,2.803e-45,0.0,0.0,0.0,0.0,0.0,0.0
pal10,atmos,245.408,9.156e-30,7.167e-30,3.406e-30,9.563e-31,1.508e-31,1.24e-32,4.757e-34,7.299e-36,3.598e-38,4.192e-41,7.006e-45,0.0,0.0,0.0,0.0,0.0,0.0,0.0
pal10,atmos,248.457,8.026e-32,6.171e-32,2.777e-32,7.099e-33,9.769e-34,6.674e-35,2.01e-36,2.256e-38,7.445e-41,5.185e-44,0.0,0.0,0.0,0.0,0.0,0.0,0.0,0.0
pal10,atmos,251.5825,5.391e-33,4.103e-33,1.79e-33,4.341e-34,5.534e-35,3.405e-36,8.943e-38,8.413e-40,2.211e-42,1.401e-45,0.0,0.0,0.0,0.0,0.0,0.0,0.0,0.0
pal10,atmos,254.7875,2.359e-33,1.787e-33,7.693e-34,1.823e-34,2.246e-35,1.32e-36,3.261e-38,2.835e-40,6.726e-43,0.0,0.0,0.0,0.0,0.0,0.0,0.0,0.0,0.0
pal10,atmos,258.075,2.962e-32,2.261e-32,9.949e-33,2.447e-33,3.185e-34,2.015e-35,5.483e-37,5.391e-39,1.496e-41,8.408e-45,0.0,0.0,0.0,0.0,0.0,0.0,0.0,0.0
pal10,atmos,261.449,8.955e-31,6.93e-31,3.182e-31,8.416e-32,1.217e-32,8.879e-34,2.912e-35,3.638e-37,1.369e-39,1.113e-42,0.0,0.0,0.0,0.0,0.0,0.0,0.0,0.0
pal10,atmos,264.9125,9.027e-28,7.145e-28,3.513e-28,1.045e-28,1.791e-29,1.646e-30,7.3e-32,1.344e-33,8.291e-36,1.267e-38,3.149e-42,0.0,0.0,0.0,0.0,0.0,0.0,0.0
pal10,atmos,268.4685,2.86e-24,2.334e-24,1.258e-24,4.38e-25,9.445e-26,1.184e-26,7.884e-28,2.445e-29,2.938e-31,1.053e-33,7.837e-37,8.94e-41,1.788e-42,1.094e-42,8.001e-43,6.096e-43,4.568e-43,3.139e-43
pal10,atmos,272.1215,1.924e-20,1.623e-20,9.699e-21,4.023e-21,1.12e-21,1.985e-22,2.076e-23,1.151e-24,2.906e-26,2.691e-28,6.796e-31,3.643e-34,7.599e-36,4.528e-36,3.283e-36,2.491e-36,1.863e-36,1.275e-36
pal10,atmos,275.8755,2.209e-16,1.933e-16,1.288e-16,6.435e-17,2.349e-17,6.011e-18,1.016e-18,1.044e-19,5.796e-21,1.47e-22,1.357e-24,3.752e-27,8.701e-29,4.91e-29,3.511e-29,2.647e-29,1.972e-29,1.344e-29
pal10,atmos,279.734,9.329e-13,8.436e-13,6.216e-13,3.691e-13,1.731e-13,6.222e-14,1.641e-14,2.983e-15,3.428e-16,2.205e-17,6.722e-19,8.416e-21,2.46e-22,1.212e-22,8.475e-23,6.319e-23,4.682e-23,3.172e-23
pal10,atmos,283.702,3.879e-09,3.611e-09,2.906e-09,2.006e-09,1.171e-09,5.664e-10,2.201e-10,6.583e-11,1.428e-11,2.065e-12,1.779e-13,8.235e-15,3.923e-16,1.397e-16,9.381e-17,6.863e-17,5.03e-17,3.381e-17
pal10,atmos,287.7845,2.422e-06,2.307e-06,1.992e-06,1.55e-06,1.077e-06,6.594e-07,3.487e-07,1.549e-07,5.558e-08,1.527e-08,2.989e-09,3.875e-10,3.848e-11,8.918e-12,5.327e-12,3.769e-12,2.709e-12,1.799e-12
pal10,atmos,291.9865,0.000348,0.0003372,0.0003064,0.0002604,0.0002056,0.0001497,9.924e-05,5.888e-05,3.003e-05,1.34e-05,4.762e-06,1.303e-06,2.721e-07,5.817e-08,2.443e-08,1.589e-08,1.101e-08,7.14e-09
pal10,atmos,296.309,0.006255,0.006129,0.005763,0.00519,0.004461,0.003641,0.002802,0.002012,0.001329,0.0007928,0.0004158,0.0001854,6.789e-05,2.065e-05,6.554e-06,3.183e-06,2.022e-06,1.252e-06
pal10,atmos,300.5,0.03081,0.03039,0.02914,0.02702,0.02449,0.02136,0.01791,0.01435,0.01089,0.007743,0.005071,0.002991,0.001543,0.0006751,0.0002507,9.262e-05,4.554e-05,2.579e-05
pal10,atmos,303.0,0.08327,0.08234,0.07959,0.07512,0.06913,0.06188,0.05369,0.04494,0.03605,0.02747,0.01964,0.01295,0.007685,0.003981,0.001744,0.0006599,0.0002666,0.0001338
pal10,atmos,304.0,0.09095,0.08999,0.08714,0.08251,0.07629,0.06871,0.0601,0.05082,0.0413,0.03199,0.02335,0.0158,0.009697,0.005234,0.0024,0.0009329,0.0003619,0.0001728
pal10,atmos,305.0,0.1242,0.1229,0.1193,0.1135,0.1055,0.09579,0.08465,0.07252,0.05992,0.04739,0.03551,0.02485,0.01591,0.009065,0.004428,0.001808,0.0006772,0.0002983
pal10,atmos,306.0,0.1167,0.1156,0.1124,0.1071,0.1,0.09125,0.08116,0.07012,0.05855,0.04693,0.03576,0.02556,0.01682,0.009919,0.005051,0.002143,0.0007945,0.0003288
pal10,atmos,307.0,0.1503,0.1489,0.145,0.1386,0.1299,0.1192,0.1068,0.09307,0.07859,0.06388,0.04956,0.03624,0.02456,0.01504,0.008023,0.003571,0.00133,0.0005116
pal10,atmos,308.0,0.176,0.1746,0.1702,0.1631,0.1534,0.1415,0.1275,0.1121,0.0956,0.07872,0.06206,0.04634,0.03224,0.02043,0.01139,0.005324,0.002024,0.0007277
pal10,atmos,309.0,0.1827,0.1812,0.1769,0.1697,0.16,0.1479,0.1338,0.1181,0.1013,0.08404,0.06686,0.05049,0.03566,0.02302,0.01315,0.006323,0.002445,0.0008478
pal10,atmos,310.0,0.1796,0.1782,0.1742,0.1676,0.1585,0.1473,0.1341,0.1194,0.1035,0.08699,0.07038,0.0543,0.03942,0.02639,0.0158,0.008058,0.003272,0.001078
pal10,atmos,311.0,0.302,0.2998,0.2932,0.2824,0.2676,0.2491,0.2275,0.2032,0.1769,0.1495,0.1218,0.09476,0.06955,0.04723,0.02882,0.01505,0.006255,0.002031
pal10,atmos,312.0,0.2695,0.2676,0.2619,0.2526,0.2399,0.224,0.2053,0.1843,0.1614,0.1375,0.1131,0.08907,0.06643,0.04607,0.0289,0.01566,0.00677,0.002181
pal10,atmos,313.0,0.301,0.2989,0.2929,0.2829,0.2692,0.2521,0.2319,0.2091,0.1843,0.1581,0.1312,0.1046,0.07925,0.05608,0.03615,0.02032,0.009181,0.002984
pal10,atmos,314.0,0.3288,0.3266,0.3201,0.3094,0.2947,0.2762,0.2545,0.2299,0.2031,0.1747,0.1456,0.1166,0.08884,0.06336,0.04126,0.02351,0.01081,0.003532
pal10,atmos,316.0,0.3364,0.3343,0.3281,0.3177,0.3035,0.2857,0.2646,0.2407,0.2144,0.1864,0.1574,0.1283,0.09989,0.07334,0.04968,0.02989,0.01479,0.005116
pal10,atmos,320.0,0.4311,0.4286,0.4211,0.4087,0.3918,0.3704,0.345,0.316,0.2841,0.2498,0.214,0.1775,0.1415,0.1071,0.07562,0.04823,0.026,0.009984
pal10,atmos,325.0,0.5511,0.5481,0.5391,0.5242,0.5037,0.4779,0.4466,0.412,0.373,0.3309,0.2866,0.2411,0.1957,0.1516,0.1105,0.07376,0.04269,0.01836
pal10,atmos,330.0,0.6853,0.6817,0.6709,0.653,0.6283,0.5971,0.5599,0.5173,0.4699,0.4187,0.3645,0.3087,0.2525,0.1977,0.1461,0.09943,0.05939,0.02705
pal10,atmos,335.0,0.6534,0.6501,0.64,0.6233,0.6002,0.5711,0.5363,0.4964,0.452,0.4038,0.3528,0.3,0.2467,0.1944,0.1448,0.0997,0.06069,0.02869
pal10,atmos,340.0,0.7112,0.7075,0.6967,0.6788,0.654,0.6227,0.5853,0.5423,0.4944,0.4424,0.3872,0.33,0.272,0.2149,0.1606,0.1111,0.06812,0.0327
pal10,atmos,345.0,0.702,0.6984,0.6878,0.6703,0.6461,0.6155,0.5789,0.5368,0.4899,0.4388,0.3846,0.3282,0.271,0.2145,0.1605,0.1112,0.06838,0.03307
pal10,atmos,350.0,0.7348,0.7311,0.7201,0.7019,0.6767,0.6449,0.6068,0.563,0.5141,0.4609,0.4042,0.3452,0.2852,0.2259,0.1691,0.1171,0.07188,0.03474
pal10,atmos,355.0,0.7777,0.7738,0.7622,0.7431,0.7167,0.6833,0.6432,0.5972,0.5457,0.4895,0.4297,0.3674,0.3039,0.2409,0.1804,0.1249,0.0767,0.03715
pal10,atmos,360.0,0.7116,0.7081,0.6976,0.6803,0.6562,0.6258,0.5894,0.5475,0.5006,0.4495,0.3949,0.3379,0.2797,0.2219,0.1663,0.1151,0.07061,0.03421
pal10,atmos,365.0,0.9055,0.9011,0.8878,0.8659,0.8355,0.7971,0.751,0.6979,0.6386,0.5737,0.5044,0.432,0.3579,0.2841,0.213,0.1474,0.09033,0.04376
pal10,atmos,370.0,0.9421,0.9375,0.9238,0.9011,0.8697,0.83,0.7823,0.7274,0.6659,0.5986,0.5267,0.4515,0.3744,0.2974,0.223,0.1543,0.09443,0.04573
pal10,atmos,375.0,0.8516,0.8475,0.8352,0.8148,0.7866,0.7508,0.708,0.6586,0.6032,0.5427,0.4778,0.4099,0.3402,0.2704,0.2029,0.1403,0.08575,0.04149
pal10,atmos,380.0,0.9795,0.9748,0.9607,0.9374,0.9052,0.8643,0.8153,0.7587,0.6953,0.6259,0.5515,0.4735,0.3933,0.3129,0.2348,0.1623,0.09908,0.04789
pal10,atmos,385.0,0.7388,0.7353,0.7248,0.7073,0.6831,0.6524,0.6157,0.5732,0.5255,0.4734,0.4174,0.3586,0.2981,0.2374,0.1782,0.1232,0.07508,0.03624
pal10,atmos,390.0,0.9652,0.9607,0.9469,0.9243,0.8928,0.853,0.8052,0.7499,0.6879,0.62,0.5471,0.4704,0.3914,0.3119,0.2343,0.1619,0.09853,0.0475
pal10,atmos,395.0,0.7491,0.7456,0.735,0.7175,0.6932,0.6624,0.6255,0.5828,0.5349,0.4824,0.4259,0.3665,0.3052,0.2434,0.1829,0.1264,0.07682,0.03697
pal10,atmos,400.0,1.391,1.385,1.365,1.333,1.288,1.231,1.163,1.084,0.9953,0.898,0.7934,0.6832,0.5693,0.4544,0.3418,0.2361,0.1433,0.06887
pal10,atmos,405.0,1.419,1.412,1.392,1.36,1.314,1.256,1.187,1.107,1.017,0.9179,0.8116,0.6993,0.5833,0.4659,0.3507,0.2423,0.1468,0.07043
pal10,atmos,410.0,1.464,1.457,1.436,1.403,1.356,1.297,1.226,1.143,1.051,0.9489,0.8395,0.7239,0.6042,0.483,0.3638,0.2513,0.1522,0.07283
pal10,atmos,415.0,1.525,1.518,1.497,1.462,1.414,1.352,1.278,1.193,1.097,0.9911,0.8773,0.757,0.6323,0.5059,0.3813,0.2635,0.1593,0.0761
pal10,atmos,420.0,1.54,1.533,1.511,1.476,1.428,1.366,1.292,1.206,1.109,1.003,0.888,0.7668,0.641,0.5132,0.3871,0.2675,0.1616,0.077
pal10,atmos,425.0,1.47,1.463,1.443,1.41,1.364,1.305,1.234,1.152,1.06,0.9591,0.8499,0.7344,0.6143,0.4923,0.3715,0.2568,0.1549,0.07363
pal10,atmos,430.0,1.356,1.35,1.332,1.301,1.258,1.204,1.14,1.064,0.9797,0.8866,0.7861,0.6796,0.569,0.4563,0.3447,0.2383,0.1436,0.06809
pal10,atmos,435.0,1.575,1.568,1.546,1.511,1.461,1.399,1.324,1.237,1.139,1.031,0.9147,0.7913,0.663,0.5321,0.4022,0.2782,0.1675,0.07918
pal10,atmos,440.0,1.62,1.613,1.591,1.554,1.504,1.44,1.363,1.274,1.173,1.062,0.943,0.8163,0.6843,0.5496,0.4157,0.2876,0.1729,0.08149
pal10,atmos,445.0,1.74,1.732,1.709,1.67,1.616,1.547,1.465,1.369,1.262,1.143,1.015,0.8791,0.7375,0.5928,0.4486,0.3105,0.1865,0.08763
pal10,atmos,450.0,1.85,1.842,1.817,1.776,1.719,1.646,1.559,1.458,1.343,1.218,1.082,0.9375,0.787,0.633,0.4795,0.332,0.1992,0.09334
pal10,atmos,455.0,1.811,1.803,1.779,1.738,1.683,1.612,1.526,1.428,1.316,1.194,1.061,0.9198,0.7726,0.6219,0.4713,0.3265,0.1958,0.09143
pal10,atmos,460.0,1.863,1.855,1.83,1.789,1.731,1.659,1.571,1.47,1.355,1.229,1.093,0.948,0.7967,0.6415,0.4864,0.3369,0.2017,0.09368
pal10,atmos,465.0,1.842,1.834,1.809,1.769,1.712,1.641,1.554,1.454,1.342,1.217,1.083,0.9397,0.7901,0.6367,0.4832,0.3348,0.2003,0.09281
pal10,atmos,470.0,1.832,1.824,1.799,1.759,1.703,1.632,1.547,1.447,1.336,1.212,1.079,0.9366,0.788,0.6354,0.4825,0.3345,0.2,0.09235
pal10,atmos,475.0,1.853,1.845,1.82,1.78,1.723,1.652,1.565,1.465,1.352,1.228,1.093,0.9493,0.7991,0.6448,0.4899,0.3397,0.203,0.09335
pal10,atmos,480.0,1.905,1.897,1.871,1.83,1.772,1.698,1.609,1.507,1.391,1.263,1.124,0.9768,0.8224,0.6637,0.5042,0.3494,0.2082,0.09503
pal10,atmos,485.0,1.73,1.722,1.7,1.662,1.609,1.543,1.462,1.369,1.264,1.148,1.023,0.8888,0.7487,0.6045,0.4595,0.3186,0.1897,0.08624
pal10,atmos,490.0,1.802,1.794,1.77,1.731,1.676,1.607,1.524,1.427,1.318,1.197,1.067,0.9277,0.7819,0.6317,0.4806,0.3334,0.1985,0.09002
pal10,atmos,495.0,1.835,1.827,1.803,1.763,1.708,1.637,1.553,1.454,1.343,1.221,1.088,0.9463,0.7979,0.645,0.4909,0.3406,0.2026,0.09151
pal10,atmos,500.0,1.749,1.741,1.718,1.68,1.628,1.561,1.48,1.386,1.281,1.164,1.037,0.9024,0.7609,0.6151,0.4681,0.3246,0.1926,0.08627
pal10,atmos,505.0,1.774,1.767,1.744,1.705,1.652,1.584,1.502,1.407,1.3,1.181,1.053,0.9159,0.7723,0.6242,0.4747,0.3287,0.1944,0.08621
pal10,atmos,510.0,1.76,1.752,1.729,1.691,1.638,1.571,1.49,1.396,1.29,1.173,1.046,0.91,0.7677,0.6209,0.4726,0.3275,0.1937,0.08574
pal10,atmos,515.0,1.631,1.624,1.603,1.568,1.519,1.456,1.382,1.295,1.196,1.088,0.9702,0.8447,0.7129,0.5768,0.4393,0.3046,0.18,0.07938
pal10,atmos,520.0,1.676,1.669,1.647,1.611,1.561,1.496,1.42,1.331,1.23,1.118,0.9977,0.8687,0.7333,0.5935,0.4521,0.3134,0.185,0.0811
pal10,atmos,525.0,1.68,1.673,1.651,1.615,1.564,1.5,1.423,1.334,1.233,1.121,1.0,0.8708,0.735,0.5947,0.4528,0.3136,0.1846,0.08019
pal10,atmos,530.0,1.767,1.759,1.736,1.698,1.645,1.578,1.497,1.403,1.296,1.179,1.051,0.9154,0.7724,0.6248,0.4753,0.3286,0.1926,0.08274
pal10,atmos,535.0,1.711,1.704,1.682,1.645,1.594,1.528,1.45,1.359,1.256,1.142,1.019,0.8871,0.7487,0.6056,0.4607,0.3184,0.1863,0.07955
pal10,atmos,540.0,1.712,1.705,1.683,1.646,1.595,1.53,1.451,1.36,1.257,1.144,1.02,0.8887,0.7503,0.6072,0.4621,0.3195,0.1869,0.07952
pal10,atmos,545.0,1.736,1.729,1.706,1.669,1.617,1.551,1.472,1.379,1.275,1.16,1.035,0.9014,0.761,0.6158,0.4687,0.3238,0.1891,0.07991
pal10,atmos,550.0,1.741,1.733,1.71,1.673,1.621,1.555,1.475,1.383,1.279,1.163,1.038,0.9042,0.7634,0.6179,0.4702,0.3248,0.1895,0.07962
pal10,atmos,555.0,1.726,1.719,1.697,1.66,1.608,1.543,1.464,1.372,1.269,1.154,1.03,0.8976,0.7581,0.6137,0.4671,0.3226,0.1879,0.07848
pal10,atmos,560.0,1.681,1.672,1.652,1.616,1.565,1.502,1.425,1.336,1.235,1.124,1.003,0.8735,0.7375,0.5968,0.454,0.3132,0.1818,0.07522
pal10,atmos,565.0,1.681,1.674,1.652,1.616,1.566,1.502,1.425,1.336,1.235,1.123,1.002,0.8731,0.737,0.5962,0.4531,0.3121,0.1806,0.07398
pal10,atmos,570.0,1.67,1.663,1.641,1.605,1.555,1.492,1.416,1.327,1.227,1.116,0.9958,0.8673,0.7321,0.5921,0.4499,0.3097,0.1788,0.07272
pal10,atmos,575.0,1.698,1.69,1.668,1.632,1.581,1.517,1.439,1.349,1.247,1.135,1.013,0.8821,0.7447,0.6024,0.4578,0.3151,0.1818,0.0736
pal10,atmos,580.0,1.671,1.663,1.642,1.606,1.556,1.493,1.417,1.329,1.229,1.118,0.9981,0.8698,0.7347,0.5948,0.4525,0.312,0.1803,0.07313
pal10,atmos,585.0,1.672,1.665,1.643,1.608,1.558,1.495,1.419,1.331,1.231,1.121,1.001,0.8724,0.7374,0.5975,0.4551,0.3142,0.182,0.07397
pal10,atmos,590.0,1.613,1.607,1.586,1.551,1.503,1.443,1.369,1.284,1.188,1.082,0.9663,0.8427,0.7125,0.5776,0.4402,0.3041,0.1763,0.07154
pal10,atmos,595.0,1.644,1.637,1.616,1.581,1.532,1.47,1.396,1.309,1.211,1.102,0.9846,0.8586,0.7259,0.5883,0.4482,0.3094,0.179,0.07213
pal10,atmos,600.0,1.603,1.596,1.575,1.541,1.493,1.433,1.36,1.276,1.18,1.074,0.9593,0.8364,0.7069,0.5727,0.436,0.3006,0.1734,0.06927
pal10,atmos,605.0,1.621,1.614,1.593,1.559,1.511,1.449,1.376,1.29,1.194,1.087,0.9709,0.8467,0.7158,0.5801,0.4418,0.3048,0.1759,0.07014
pal10,atmos,610.0,1.602,1.595,1.574,1.54,1.493,1.433,1.36,1.276,1.181,1.076,0.9612,0.8388,0.7098,0.5759,0.4393,0.3038,0.176,0.07059
pal10,atmos,615.0,1.565,1.558,1.538,1.505,1.459,1.4,1.33,1.248,1.155,1.053,0.9413,0.822,0.6962,0.5655,0.4322,0.2997,0.1744,0.07043
pal10,atmos,620.0,1.589,1.582,1.562,1.528,1.482,1.422,1.351,1.268,1.174,1.07,0.9573,0.8365,0.709,0.5766,0.4413,0.3067,0.1791,0.07271
pal10,atmos,625.0,1.555,1.549,1.529,1.496,1.451,1.393,1.323,1.242,1.15,1.049,0.9387,0.8206,0.696,0.5665,0.4342,0.3023,0.177,0.07213
pal10,atmos,630.0,1.558,1.552,1.532,1.499,1.454,1.396,1.326,1.245,1.154,1.052,0.9419,0.8239,0.6993,0.5697,0.4372,0.305,0.1791,0.07332
pal10,atmos,635.0,1.548,1.542,1.522,1.49,1.445,1.387,1.318,1.238,1.147,1.047,0.9375,0.8204,0.6968,0.5683,0.4367,0.3053,0.1799,0.074
pal10,atmos,640.0,1.531,1.525,1.506,1.474,1.429,1.373,1.305,1.225,1.136,1.037,0.9288,0.8133,0.6913,0.5643,0.4343,0.3042,0.1798,0.07437
pal10,atmos,644.8,1.523,1.517,1.498,1.466,1.422,1.366,1.298,1.22,1.131,1.032,0.9253,0.8106,0.6894,0.5633,0.434,0.3047,0.1806,0.07502
pal10,atmos,651.05,1.505,1.499,1.48,1.449,1.405,1.35,1.283,1.206,1.118,1.021,0.9157,0.8026,0.6831,0.5586,0.431,0.3032,0.1803,0.0752
pal10,atmos,660.0,1.429,1.423,1.405,1.376,1.335,1.282,1.219,1.146,1.063,0.9714,0.8715,0.7644,0.6513,0.5333,0.4123,0.2908,0.1737,0.07291
pal10,atmos,670.0,1.468,1.462,1.444,1.414,1.371,1.318,1.254,1.179,1.094,0.9998,0.8975,0.7879,0.672,0.5511,0.427,0.3021,0.1814,0.07666
pal10,atmos,680.0,1.443,1.437,1.419,1.389,1.348,1.296,1.232,1.159,1.076,0.984,0.8838,0.7764,0.6628,0.5443,0.4224,0.2997,0.1807,0.07681
pal10,atmos,690.0,1.423,1.417,1.399,1.37,1.329,1.278,1.216,1.144,1.062,0.9717,0.8732,0.7676,0.6558,0.5391,0.4191,0.298,0.1803,0.07698
pal10,atmos,700.0,1.399,1.393,1.376,1.347,1.307,1.257,1.196,1.125,1.045,0.9567,0.8601,0.7565,0.6469,0.5323,0.4145,0.2954,0.1794,0.07693
pal10,atmos,710.0,1.366,1.361,1.344,1.316,1.277,1.228,1.169,1.1,1.022,0.9355,0.8414,0.7404,0.6334,0.5217,0.4067,0.2904,0.1768,0.07598
pal10,atmos,720.0,1.322,1.316,1.3,1.273,1.236,1.188,1.131,1.065,0.9893,0.9058,0.8149,0.7174,0.6141,0.5062,0.3949,0.2824,0.1723,0.07421
pal10,atmos,730.0,1.291,1.286,1.27,1.244,1.208,1.161,1.106,1.041,0.9673,0.8859,0.7973,0.7022,0.6014,0.4961,0.3875,0.2776,0.1698,0.0733
pal10,kasting,120.7,0.0,0.0,0.0,0.0,0.0,0.0,0.0,0.0,0.0,0.0,0.0,0.0,0.0,0.0,0.0,0.0,0.0,0.0
pal10,kasting,121.65,0.0,0.0,0.0,0.0,0.0,0.0,0.0,0.0,0.0,0.0,0.0,0.0,0.0,0.0,0.0,0.0,0.0,0.0
pal10,kasting,122.1,0.0,0.0,0.0,0.0,0.0,0.0,0.0,0.0,0.0,0.0,0.0,0.0,0.0,0.0,0.0,0.0,0.0,0.0
pal10,kasting,122.7,0.0,0.0,0.0,0.0,0.0,0.0,0.0,0.0,0.0,0.0,0.0,0.0,0.0,0.0,0.0,0.0,0.0,0.0
pal10,kasting,123.45,0.0,0.0,0.0,0.0,0.0,0.0,0.0,0.0,0.0,0.0,0.0,0.0,0.0,0.0,0.0,0.0,0.0,0.0
pal10,kasting,124.2,0.0,0.0,0.0,0.0,0.0,0.0,0.0,0.0,0.0,0.0,0.0,0.0,0.0,0.0,0.0,0.0,0.0,0.0
pal10,kasting,125.0,0.0,0.0,0.0,0.0,0.0,0.0,0.0,0.0,0.0,0.0,0.0,0.0,0.0,0.0,0.0,0.0,0.0,0.0
pal10,kasting,125.8,0.0,0.0,0.0,0.0,0.0,0.0,0.0,0.0,0.0,0.0,0.0,0.0,0.0,0.0,0.0,0.0,0.0,0.0
pal10,kasting,126.6,0.0,0.0,0.0,0.0,0.0,0.0,0.0,0.0,0.0,0.0,0.0,0.0,0.0,0.0,0.0,0.0,0.0,0.0
pal10,kasting,127.8,0.0,0.0,0.0,0.0,0.0,0.0,0.0,0.0,0.0,0.0,0.0,0.0,0.0,0.0,0.0,0.0,0.0,0.0
pal10,kasting,129.0,0.0,0.0,0.0,0.0,0.0,0.0,0.0,0.0,0.0,0.0,0.0,0.0,0.0,0.0,0.0,0.0,0.0,0.0
pal10,kasting,129.85,0.0,0.0,0.0,0.0,0.0,0.0,0.0,0.0,0.0,0.0,0.0,0.0,0.0,0.0,0.0,0.0,0.0,0.0
pal10,kasting,131.15,0.0,0.0,0.0,0.0,0.0,0.0,0.0,0.0,0.0,0.0,0.0,0.0,0.0,0.0,0.0,0.0,0.0,0.0
pal10,kasting,133.5,0.0,0.0,0.0,0.0,0.0,0.0,0.0,0.0,0.0,0.0,0.0,0.0,0.0,0.0,0.0,0.0,0.0,0.0
pal10,kasting,136.0,0.0,0.0,0.0,0.0,0.0,0.0,0.0,0.0,0.0,0.0,0.0,0.0,0.0,0.0,0.0,0.0,0.0,0.0
pal10,kasting,141.0,0.0,0.0,0.0,0.0,0.0,0.0,0.0,0.0,0.0,0.0,0.0,0.0,0.0,0.0,0.0,0.0,0.0,0.0
pal10,kasting,150.0,0.0,0.0,0.0,0.0,0.0,0.0,0.0,0.0,0.0,0.0,0.0,0.0,0.0,0.0,0.0,0.0,0.0,0.0
pal10,kasting,160.0,0.0,0.0,0.0,0.0,0.0,0.0,0.0,0.0,0.0,0.0,0.0,0.0,0.0,0.0,0.0,0.0,0.0,0.0
pal10,kasting,167.5,0.0,0.0,0.0,0.0,0.0,0.0,0.0,0.0,0.0,0.0,0.0,0.0,0.0,0.0,0.0,0.0,0.0,0.0
pal10,kasting,172.7,0.0,0.0,0.0,0.0,0.0,0.0,0.0,0.0,0.0,0.0,0.0,0.0,0.0,0.0,0.0,0.0,0.0,0.0
pal10,kasting,176.2,0.0,0.0,0.0,0.0,0.0,0.0,0.0,0.0,0.0,0.0,0.0,0.0,0.0,0.0,0.0,0.0,0.0,0.0
pal10,kasting,177.8,0.0,0.0,0.0,0.0,0.0,0.0,0.0,0.0,0.0,0.0,0.0,0.0,0.0,0.0,0.0,0.0,0.0,0.0
pal10,kasting,179.4,0.0,0.0,0.0,0.0,0.0,0.0,0.0,0.0,0.0,0.0,0.0,0.0,0.0,0.0,0.0,0.0,0.0,0.0
pal10,kasting,181.0,0.0,0.0,0.0,0.0,0.0,0.0,0.0,0.0,0.0,0.0,0.0,0.0,0.0,0.0,0.0,0.0,0.0,0.0
pal10,kasting,182.65,0.0,0.0,0.0,0.0,0.0,0.0,0.0,0.0,0.0,0.0,0.0,0.0,0.0,0.0,0.0,0.0,0.0,0.0
pal10,kasting,184.35,0.0,0.0,0.0,0.0,0.0,0.0,0.0,0.0,0.0,0.0,0.0,0.0,0.0,0.0,0.0,0.0,0.0,0.0
pal10,kasting,186.05,0.0,0.0,0.0,0.0,0.0,0.0,0.0,0.0,0.0,0.0,0.0,0.0,0.0,0.0,0.0,0.0,0.0,0.0
pal10,kasting,187.8,0.0,0.0,0.0,0.0,0.0,0.0,0.0,0.0,0.0,0.0,0.0,0.0,0.0,0.0,0.0,0.0,0.0,0.0
pal10,kasting,189.6,0.0,0.0,0.0,0.0,0.0,0.0,0.0,0.0,0.0,0.0,0.0,0.0,0.0,0.0,0.0,0.0,0.0,0.0
pal10,kasting,191.4,0.0,0.0,0.0,0.0,0.0,0.0,0.0,0.0,0.0,0.0,0.0,0.0,0.0,0.0,0.0,0.0,0.0,0.0
pal10,kasting,193.25,0.0,0.0,0.0,0.0,0.0,0.0,0.0,0.0,0.0,0.0,0.0,0.0,0.0,0.0,0.0,0.0,0.0,0.0
pal10,kasting,195.15,0.0,0.0,0.0,0.0,0.0,0.0,0.0,0.0,0.0,0.0,0.0,0.0,0.0,0.0,0.0,0.0,0.0,0.0
pal10,kasting,197.05,0.0,0.0,0.0,0.0,0.0,0.0,0.0,0.0,0.0,0.0,0.0,0.0,0.0,0.0,0.0,0.0,0.0,0.0
pal10,kasting,199.0,0.0,0.0,0.0,0.0,0.0,0.0,0.0,0.0,0.0,0.0,0.0,0.0,0.0,0.0,0.0,0.0,0.0,0.0
pal10,kasting,201.0,0.0,0.0,0.0,0.0,0.0,0.0,0.0,0.0,0.0,0.0,0.0,0.0,0.0,0.0,0.0,0.0,0.0,0.0
pal10,kasting,203.05,0.0,0.0,0.0,0.0,0.0,0.0,0.0,0.0,0.0,0.0,0.0,0.0,0.0,0.0,0.0,0.0,0.0,0.0
pal10,kasting,205.15,0.0,0.0,0.0,0.0,0.0,0.0,0.0,0.0,0.0,0.0,0.0,0.0,0.0,0.0,0.0,0.0,0.0,0.0
pal10,kasting,207.2665,2.018e-20,1.721e-20,1.061e-20,4.642e-21,1.397e-21,2.752e-22,3.312e-23,2.21e-24,7.206e-26,1.014e-27,8.501e-30,4.912e-31,1.544e-31,7.771e-32,4.68e-32,2.955e-32,1.779e-32,8.841e-33
pal10,kasting,209.4295,1.289e-19,1.105e-19,6.922e-20,3.112e-20,9.738e-21,2.024e-21,2.612e-22,1.907e-23,6.975e-25,1.137e-26,1.12e-28,6.219e-30,1.834e-30,9.132e-31,5.552e-31,3.556e-31,2.174e-31,1.098e-31
pal10,kasting,211.646,8.94e-19,7.707e-19,4.911e-19,2.274e-19,7.432e-20,1.638e-20,2.283e-21,1.841e-22,7.657e-24,1.476e-25,1.762e-27,9.453e-29,2.568e-29,1.267e-29,7.817e-30,5.1e-30,3.18e-30,1.641e-30
pal10,kasting,213.91,1.989e-18,1.72e-18,1.104e-18,5.185e-19,1.728e-19,3.913e-20,5.65e-21,4.769e-22,2.104e-23,4.371e-25,5.553e-27,2.582e-28,6.262e-29,3.078e-29,1.939e-29,1.29e-29,8.206e-30,4.333e-30
pal10,kasting,216.2225,3.004e-18,2.601e-18,1.681e-18,7.971e-19,2.697e-19,6.23e-20,9.24e-21,8.076e-22,3.729e-23,8.221e-25,1.091e-26,4.221e-28,8.92e-29,4.424e-29,2.856e-29,1.942e-29,1.261e-29,6.828e-30
pal10,kasting,218.5855,5.884e-18,5.106e-18,3.317e-18,1.589e-18,5.451e-19,1.284e-19,1.954e-20,1.768e-21,8.545e-23,2.007e-24,2.797e-26,8.716e-28,1.572e-28,7.988e-29,5.301e-29,3.683e-29,2.444e-29,1.36e-29
pal10,kasting,221.001,3.836e-18,3.323e-18,2.148e-18,1.02e-18,3.457e-19,8.009e-20,1.193e-20,1.051e-21,4.915e-23,1.108e-24,1.404e-26,3.077e-28,4.661e-29,2.461e-29,1.674e-29,1.185e-29,8.004e-30,4.567e-30
pal10,kasting,223.4705,1.637e-18,1.413e-18,9.021e-19,4.194e-19,1.379e-19,3.067e-20,4.333e-21,3.567e-22,1.533e-23,3.098e-25,3.25e-27,4.503e-29,5.715e-30,3.158e-30,2.195e-30,1.577e-30,1.082e-30,6.322e-31
pal10,kasting,225.996,3.115e-19,2.674e-19,1.681e-19,7.607e-20,2.406e-20,5.077e-21,6.7e-22,5.06e-23,1.952e-24,3.434e-26,2.858e-28,2.311e-30,2.478e-31,1.432e-31,1.014e-31,7.379e-32,5.139e-32,3.073e-32
pal10,kasting,228.579,2.727e-20,2.319e-20,1.418e-20,6.118e-21,1.805e-21,3.47e-22,4.056e-23,2.622e-24,8.301e-26,1.128e-27,6.343e-30,2.528e-32,2.313e-33,1.39e-33,9.975e-34,7.335e-34,5.169e-34,3.157e-34
pal10,kasting,231.2215,1.014e-21,8.513e-22,5.01e-22,2.026e-22,5.439e-23,9.199e-24,9.097e-25,4.746e-26,1.141e-27,1.08e-29,3.603e-32,6.203e-35,4.934e-36,3.051e-36,2.212e-36,1.638e-36,1.165e-36,7.247e-37
pal10,kasting,233.926,1.402e-23,1.159e-23,6.514e-24,2.434e-24,5.822e-25,8.424e-26,6.792e-27,2.725e-28,4.675e-30,2.837e-32,5.061e-35,3.366e-38,2.363e-39,1.492e-39,1.089e-39,8.107e-40,5.81e-40,3.674e-40
pal10,kasting,236.6945,1.775e-25,1.443e-25,7.696e-26,2.63e-26,5.527e-27,6.708e-28,4.298e-29,1.282e-30,1.501e-32,5.511e-35,4.9e-38,1.164e-41,7.315e-43,4.68e-43,3.433e-43,2.564e-43,1.85e-43,1.191e-43
pal10,kasting,239.5295,3.793e-27,3.042e-27,1.557e-27,4.961e-28,9.415e-29,9.953e-30,5.321e-31,1.257e-32,1.086e-34,2.655e-37,1.309e-40,1.261e-44,0.0,0.0,0.0,0.0,0.0,0.0
pal10,kasting,242.433,2.835e-28,2.248e-28,1.112e-28,3.342e-29,5.823e-30,5.48e-31,2.513e-32,4.852e-34,3.211e-36,5.435e-39,1.561e-42,0.0,0.0,0.0,0.0,0.0,0.0,0.0
pal10,kasting,245.408,8.119e-31,6.298e-31,2.914e-31,7.803e-32,1.15e-32,8.622e-34,2.935e-35,3.861e-37,1.562e-39,1.404e-42,0.0,0.0,0.0,0.0,0.0,0.0,0.0,0.0
pal10,kasting,248.457,5.804e-33,4.419e-33,1.93e-33,4.689e-34,5.993e-35,3.703e-36,9.785e-38,9.286e-40,2.47e-42,1.401e-45,0.0,0.0,0.0,0.0,0.0,0.0,0.0,0.0
pal10,kasting,251.5825,3.492e-34,2.631e-34,1.113e-34,2.558e-35,3.018e-36,1.672e-37,3.83e-39,3.022e-41,6.306e-44,0.0,0.0,0.0,0.0,0.0,0.0,0.0,0.0,0.0
pal10,kasting,254.7875,1.474e-34,1.105e-34,4.609e-35,1.034e-35,1.178e-36,6.222e-38,1.338e-39,9.719e-42,1.822e-44,0.0,0.0,0.0,0.0,0.0,0.0,0.0,0.0,0.0
pal10,kasting,258.075,2.015e-33,1.522e-33,6.497e-34,1.516e-34,1.828e-35,1.043e-36,2.48e-38,2.05e-40,4.554e-43,0.0,0.0,0.0,0.0,0.0,0.0,0.0,0.0,0.0
pal10,kasting,261.449,7.096e-32,5.44e-32,2.426e-32,6.107e-33,8.216e-34,5.438e-35,1.57e-36,1.664e-38,5.079e-41,3.083e-44,0.0,0.0,0.0,0.0,0.0,0.0,0.0,0.0
pal10,kasting,264.9125,9.091e-29,7.135e-29,3.417e-29,9.715e-30,1.561e-30,1.313e-31,5.188e-33,8.231e-35,4.198e-37,4.824e-40,8.828e-44,0.0,0.0,0.0,0.0,0.0,0.0,0.0
pal10,kasting,268.4685,3.958e-25,3.206e-25,1.69e-25,5.433e-26,1.154e-26,1.341e-27,8.081e-29,2.205e-30,2.247e-32,6.49e-35,3.58e-38,2.648e-42,8.968e-44,5.745e-44,4.204e-44,3.223e-44,2.382e-44,1.541e-44
pal10,kasting,272.1215,3.8e-21,3.188e-21,1.87e-21,7.515e-22,1.998e-22,3.326e-23,3.207e-24,1.6e-25,3.525e-27,2.727e-29,5.355e-32,2.008e-35,6.888e-37,4.386e-37,3.233e-37,2.441e-37,1.791e-37,1.185e-37
pal10,kasting,275.8755,6.361e-17,5.539e-17,3.638e-17,1.774e-17,6.251e-18,1.525e-18,2.421e-19,2.292e-20,1.143e-21,2.517e-23,1.9e-25,3.992e-28,1.457e-29,8.992e-30,6.596e-30,4.983e-30,3.658e-30,2.41e-30
pal10,kasting,279.734,3.777e-13,3.404e-13,2.482e-13,1.448e-13,6.617e-14,2.296e-14,5.778e-15,9.886e-16,1.049e-16,5.897e-18,1.587e-19,1.627e-21,6.86e-23,3.921e-23,2.846e-23,2.147e-23,1.578e-23,1.037e-23
pal10,kasting,283.702,2.097e-09,1.947e-09,1.556e-09,1.061e-09,6.082e-10,2.869e-10,1.079e-10,3.091e-11,6.332e-12,8.475e-13,6.553e-14,2.654e-15,1.555e-16,7.213e-17,5.117e-17,3.836e-17,2.821e-17,1.853e-17
pal10,kasting,287.7845,1.646e-06,1.566e-06,1.345e-06,1.038e-06,7.132e-07,4.297e-07,2.223e-07,9.597e-08,3.315e-08,8.652e-09,1.579e-09,1.887e-10,1.982e-11,6.36e-12,4.219e-12,3.108e-12,2.275e-12,1.497e-12
pal10,kasting,291.9865,0.0002784,0.0002695,0.0002442,0.0002064,0.0001619,0.0001167,7.632e-05,4.449e-05,2.255e-05,9.594e-06,3.276e-06,8.56e-07,1.776e-07,4.598e-08,2.419e-08,1.696e-08,1.22e-08,8e-09
pal10,kasting,296.309,0.005538,0.005424,0.005091,0.004572,0.003914,0.003176,0.002426,0.001725,0.001125,0.0006599,0.0003389,0.0001475,5.315e-05,1.693e-05,6.522e-06,3.808e-06,2.6e-06,1.672e-06
pal10,kasting,300.5,0.0288,0.02839,0.0272,0.02529,0.02278,0.01972,0.01653,0.01317,0.009933,0.006998,0.004532,0.002638,0.001345,0.0005894,0.0002334,0.0001037,6.042e-05,3.681e-05
pal10,kasting,303.0,0.07943,0.07852,0.07585,0.07151,0.06571,0.05869,0.05022,0.04234,0.03381,0.0256,0.01817,0.01187,0.006979,0.0036,0.001615,0.0006834,0.0003386,0.0001917
pal10,kasting,304.0,0.08709,0.08615,0.08338,0.07887,0.07282,0.06546,0.05711,0.04813,0.03895,0.03001,0.02175,0.0146,0.008881,0.00477,0.002224,0.0009474,0.0004488,0.0002463
pal10,kasting,305.0,0.1196,0.1184,0.1149,0.1091,0.1014,0.09188,0.08101,0.06921,0.05698,0.04486,0.03339,0.02322,0.01476,0.00836,0.004122,0.001799,0.0008091,0.000421
pal10,kasting,306.0,0.1128,0.1118,0.1086,0.1034,0.09644,0.08786,0.078,0.06722,0.05595,0.04466,0.03385,0.02405,0.01571,0.009214,0.004719,0.002109,0.000922,0.0004592
pal10,kasting,307.0,0.1459,0.1446,0.1408,0.1345,0.1259,0.1154,0.1032,0.08973,0.07556,0.0612,0.04727,0.03438,0.02315,0.0141,0.007542,0.003486,0.001495,0.0007035
pal10,kasting,308.0,0.1716,0.1702,0.1659,0.1589,0.1493,0.1375,0.1238,0.1086,0.09239,0.07584,0.05957,0.04427,0.03063,0.01931,0.01077,0.005169,0.002204,0.0009789
pal10,kasting,309.0,0.1784,0.177,0.1727,0.1656,0.156,0.144,0.1301,0.1147,0.09819,0.0812,0.06438,0.04841,0.03401,0.02185,0.01247,0.006126,0.002617,0.001122
pal10,kasting,310.0,0.1762,0.1748,0.1708,0.1643,0.1553,0.1442,0.1312,0.1166,0.1009,0.0846,0.06825,0.05248,0.03793,0.02528,0.01511,0.007807,0.003406,0.001373
pal10,kasting,311.0,0.2967,0.2945,0.288,0.2772,0.2625,0.2442,0.2228,0.1987,0.1728,0.1457,0.1182,0.09181,0.06712,0.0454,0.02764,0.01458,0.006441,0.002534
pal10,kasting,312.0,0.2654,0.2635,0.2579,0.2487,0.236,0.2202,0.2017,0.1808,0.1582,0.1344,0.1103,0.08669,0.06443,0.04452,0.02786,0.01519,0.006884,0.002635
pal10,kasting,313.0,0.2971,0.2951,0.289,0.2791,0.2655,0.2484,0.2284,0.2058,0.1811,0.1551,0.1286,0.1023,0.07723,0.05448,0.03503,0.01976,0.009243,0.003481
pal10,kasting,314.0,0.3248,0.3227,0.3162,0.3055,0.2909,0.2725,0.2509,0.2265,0.1998,0.1717,0.1428,0.1141,0.08672,0.06166,0.04006,0.02289,0.01084,0.004062
pal10,kasting,316.0,0.3335,0.3314,0.3252,0.3149,0.3007,0.2829,0.2619,0.2381,0.2119,0.1841,0.1553,0.1263,0.09818,0.07192,0.04861,0.02927,0.01472,0.005579
pal10,kasting,320.0,0.4288,0.4263,0.4189,0.4065,0.3896,0.3682,0.3429,0.314,0.2822,0.248,0.2123,0.1759,0.1401,0.1059,0.07463,0.04757,0.02579,0.01035
pal10,kasting,325.0,0.5498,0.5468,0.5378,0.523,0.5025,0.4767,0.446,0.4108,0.3718,0.3298,0.2856,0.2402,0.1948,0.1508,0.1098,0.07327,0.04246,0.01855
pal10,kasting,330.0,0.6845,0.6809,0.6701,0.6522,0.6275,0.5963,0.5591,0.5165,0.4692,0.418,0.3639,0.308,0.2519,0.1972,0.1456,0.09909,0.0592,0.02713
pal10,kasting,335.0,0.6532,0.6498,0.6397,0.623,0.5999,0.5708,0.536,0.4961,0.4517,0.4036,0.3525,0.2997,0.2464,0.1942,0.1446,0.09956,0.0606,0.0287
pal10,kasting,340.0,0.7111,0.7074,0.6966,0.6787,0.6539,0.6226,0.5852,0.5422,0.4943,0.4423,0.3871,0.3299,0.2719,0.2149,0.1606,0.111,0.06808,0.0327
pal10,kasting,345.0,0.7019,0.6984,0.6878,0.6703,0.6461,0.6155,0.5789,0.5368,0.4899,0.4388,0.3846,0.3282,0.2709,0.2144,0.1605,0.1112,0.06837,0.03307
pal10,kasting,350.0,0.7347,0.7311,0.72,0.7018,0.6767,0.6448,0.6068,0.563,0.5141,0.4608,0.4041,0.3452,0.2852,0.2258,0.169,0.117,0.07185,0.03473
pal10,kasting,355.0,0.7776,0.7738,0.7622,0.7431,0.7167,0.6832,0.6432,0.5971,0.5456,0.4895,0.4297,0.3674,0.3038,0.2408,0.1804,0.1249,0.07669,0.03714
pal10,kasting,360.0,0.7116,0.7081,0.6976,0.6803,0.6562,0.6258,0.5894,0.5475,0.5006,0.4494,0.3949,0.3379,0.2797,0.2219,0.1663,0.1151,0.07061,0.03421
pal10,kasting,365.0,0.9055,0.9011,0.8878,0.8659,0.8355,0.7971,0.751,0.6979,0.6385,0.5737,0.5044,0.432,0.3579,0.2841,0.213,0.1474,0.09033,0.04376
pal10,kasting,370.0,0.9421,0.9375,0.9238,0.9011,0.8697,0.83,0.7823,0.7274,0.6659,0.5986,0.5268,0.4515,0.3744,0.2974,0.223,0.1543,0.09443,0.04573
pal10,kasting,375.0,0.8516,0.8475,0.8352,0.8148,0.7866,0.7509,0.708,0.6586,0.6032,0.5427,0.4778,0.4099,0.3402,0.2704,0.2029,0.1403,0.08575,0.04149
pal10,kasting,380.0,0.9795,0.9748,0.9607,0.9374,0.9052,0.8643,0.8153,0.7587,0.6953,0.6259,0.5515,0.4735,0.3933,0.3129,0.2348,0.1623,0.09909,0.04789
pal10,kasting,385.0,0.7389,0.7353,0.7248,0.7073,0.6831,0.6524,0.6157,0.5732,0.5255,0.4734,0.4174,0.3586,0.2981,0.2374,0.1782,0.1232,0.07508,0.03624
pal10,kasting,390.0,0.9653,0.9607,0.947,0.9243,0.8928,0.853,0.8052,0.7499,0.6879,0.62,0.5471,0.4704,0.3914,0.3119,0.2343,0.1619,0.09853,0.0475
pal10,kasting,395.0,0.7491,0.7456,0.735,0.7175,0.6932,0.6624,0.6255,0.5828,0.5349,0.4824,0.4259,0.3665,0.3052,0.2434,0.1829,0.1264,0.07682,0.03697
pal10,kasting,400.0,1.391,1.385,1.365,1.333,1.288,1.231,1.163,1.084,0.9953,0.898,0.7934,0.6832,0.5694,0.4544,0.3418,0.2361,0.1433,0.06887
pal10,kasting,405.0,1.419,1.412,1.392,1.36,1.314,1.256,1.187,1.107,1.017,0.918,0.8116,0.6994,0.5833,0.4659,0.3507,0.2423,0.1469,0.07043
pal10,kasting,410.0,1.464,1.457,1.436,1.403,1.356,1.297,1.226,1.143,1.051,0.9489,0.8395,0.7239,0.6042,0.483,0.3638,0.2513,0.1522,0.07282
pal10,kasting,415.0,1.525,1.518,1.497,1.462,1.414,1.352,1.278,1.193,1.097,0.9911,0.8773,0.757,0.6323,0.5059,0.3813,0.2635,0.1593,0.07609
pal10,kasting,420.0,1.54,1.533,1.511,1.476,1.428,1.366,1.292,1.206,1.109,1.003,0.888,0.7667,0.641,0.5132,0.3871,0.2675,0.1616,0.07699
pal10,kasting,425.0,1.47,1.463,1.443,1.41,1.364,1.305,1.234,1.152,1.06,0.959,0.8499,0.7343,0.6143,0.4923,0.3715,0.2568,0.1549,0.07362
pal10,kasting,430.0,1.356,1.35,1.332,1.301,1.258,1.204,1.139,1.064,0.9797,0.8865,0.7861,0.6796,0.569,0.4563,0.3446,0.2383,0.1436,0.06808
pal10,kasting,435.0,1.575,1.567,1.546,1.511,1.461,1.399,1.324,1.237,1.139,1.031,0.9147,0.7913,0.6629,0.5321,0.4022,0.2782,0.1674,0.07917
pal10,kasting,440.0,1.62,1.613,1.591,1.554,1.504,1.44,1.363,1.274,1.173,1.062,0.943,0.8162,0.6843,0.5496,0.4157,0.2876,0.1729,0.08147
pal10,kasting,445.0,1.74,1.732,1.708,1.67,1.616,1.547,1.465,1.369,1.262,1.143,1.015,0.8791,0.7374,0.5927,0.4486,0.3104,0.1864,0.0876
pal10,kasting,450.0,1.85,1.842,1.817,1.776,1.719,1.646,1.559,1.457,1.343,1.218,1.082,0.9374,0.7869,0.6329,0.4794,0.3319,0.1992,0.09331
pal10,kasting,455.0,1.811,1.803,1.778,1.738,1.682,1.612,1.526,1.428,1.316,1.193,1.061,0.9197,0.7725,0.6218,0.4713,0.3264,0.1957,0.09139
pal10,kasting,460.0,1.863,1.855,1.83,1.788,1.731,1.658,1.571,1.47,1.355,1.229,1.093,0.9479,0.7965,0.6414,0.4863,0.3367,0.2016,0.09361
pal10,kasting,465.0,1.842,1.834,1.809,1.768,1.712,1.64,1.554,1.454,1.341,1.217,1.083,0.9395,0.79,0.6366,0.483,0.3347,0.2002,0.09274
pal10,kasting,470.0,1.832,1.824,1.799,1.759,1.703,1.632,1.546,1.447,1.335,1.212,1.078,0.9364,0.7878,0.6353,0.4824,0.3344,0.1999,0.09226
pal10,kasting,475.0,1.853,1.845,1.82,1.779,1.723,1.651,1.565,1.465,1.352,1.228,1.093,0.9491,0.7989,0.6446,0.4897,0.3396,0.2028,0.09324
pal10,kasting,480.0,1.905,1.896,1.871,1.829,1.771,1.698,1.609,1.506,1.39,1.263,1.124,0.9765,0.8221,0.6634,0.5039,0.3492,0.208,0.09487
pal10,kasting,485.0,1.73,1.722,1.699,1.661,1.609,1.542,1.462,1.369,1.264,1.148,1.022,0.8885,0.7484,0.6042,0.4592,0.3183,0.1895,0.08607
pal10,kasting,490.0,1.801,1.794,1.77,1.731,1.676,1.607,1.523,1.427,1.318,1.197,1.066,0.9273,0.7815,0.6314,0.4803,0.3331,0.1983,0.08985
pal10,kasting,495.0,1.835,1.827,1.802,1.763,1.707,1.637,1.552,1.454,1.343,1.22,1.087,0.9459,0.7975,0.6446,0.4906,0.3403,0.2024,0.09131
pal10,kasting,500.0,1.748,1.741,1.718,1.68,1.627,1.56,1.479,1.386,1.28,1.163,1.037,0.9019,0.7605,0.6147,0.4677,0.3242,0.1923,0.08602
pal10,kasting,505.0,1.774,1.766,1.743,1.705,1.651,1.583,1.501,1.406,1.299,1.181,1.052,0.9152,0.7716,0.6235,0.4742,0.3282,0.1939,0.08587
pal10,kasting,510.0,1.759,1.752,1.729,1.69,1.638,1.57,1.489,1.395,1.289,1.172,1.045,0.9093,0.7671,0.6203,0.4721,0.327,0.1933,0.08541
pal10,kasting,515.0,1.631,1.623,1.602,1.567,1.518,1.456,1.381,1.294,1.196,1.087,0.9696,0.844,0.7123,0.5762,0.4387,0.3041,0.1796,0.07905
pal10,kasting,520.0,1.675,1.668,1.646,1.61,1.56,1.496,1.419,1.33,1.229,1.118,0.9969,0.868,0.7326,0.5928,0.4514,0.3128,0.1845,0.08073
pal10,kasting,525.0,1.679,1.672,1.65,1.614,1.563,1.499,1.422,1.333,1.232,1.12,0.9991,0.8699,0.7342,0.5939,0.4521,0.3129,0.184,0.07975
pal10,kasting,530.0,1.766,1.758,1.735,1.697,1.644,1.577,1.496,1.402,1.295,1.178,1.05,0.9143,0.7714,0.6238,0.4743,0.3277,0.1919,0.08219
pal10,kasting,535.0,1.71,1.703,1.68,1.643,1.592,1.527,1.449,1.358,1.255,1.141,1.018,0.886,0.7476,0.6045,0.4597,0.3175,0.1856,0.07897
pal10,kasting,540.0,1.711,1.704,1.682,1.645,1.593,1.528,1.45,1.359,1.256,1.143,1.019,0.8876,0.7492,0.6061,0.4611,0.3185,0.1861,0.07893
pal10,kasting,545.0,1.735,1.727,1.705,1.667,1.616,1.55,1.47,1.378,1.274,1.159,1.034,0.9001,0.7598,0.6147,0.4675,0.3228,0.1883,0.07926
pal10,kasting,550.0,1.739,1.731,1.709,1.671,1.62,1.553,1.474,1.382,1.277,1.162,1.037,0.9028,0.7621,0.6166,0.4691,0.3238,0.1886,0.07894
pal10,kasting,555.0,1.725,1.717,1.695,1.658,1.606,1.541,1.462,1.371,1.267,1.153,1.029,0.8962,0.7567,0.6123,0.4659,0.3215,0.187,0.07776
pal10,kasting,560.0,1.679,1.672,1.65,1.614,1.564,1.5,1.423,1.334,1.233,1.122,1.001,0.8719,0.736,0.5954,0.4527,0.312,0.1808,0.07446
pal10,kasting,565.0,1.679,1.672,1.65,1.614,1.564,1.5,1.423,1.334,1.233,1.122,1.001,0.8714,0.7354,0.5946,0.4517,0.3108,0.1795,0.07315
pal10,kasting,570.0,1.665,1.661,1.639,1.603,1.553,1.49,1.414,1.325,1.225,1.114,0.994,0.8655,0.7304,0.5904,0.4484,0.3083,0.1776,0.07185
pal10,kasting,575.0,1.695,1.688,1.666,1.63,1.579,1.515,1.437,1.347,1.245,1.133,1.011,0.8803,0.7429,0.6006,0.4562,0.3136,0.1806,0.07269
pal10,kasting,580.0,1.669,1.661,1.64,1.604,1.554,1.491,1.415,1.327,1.227,1.116,0.9963,0.868,0.733,0.5931,0.451,0.3105,0.1791,0.07225
pal10,kasting,585.0,1.67,1.663,1.642,1.606,1.556,1.493,1.417,1.329,1.229,1.119,0.9988,0.8707,0.7357,0.5959,0.4536,0.3128,0.1809,0.07311
pal10,kasting,590.0,1.612,1.605,1.584,1.549,1.499,1.441,1.368,1.283,1.186,1.08,0.9646,0.841,0.7109,0.576,0.4387,0.3028,0.1752,0.0707
pal10,kasting,595.0,1.642,1.635,1.614,1.579,1.53,1.468,1.394,1.307,1.209,1.1,0.9827,0.8568,0.7241,0.5866,0.4466,0.308,0.1778,0.07123
pal10,kasting,600.0,1.601,1.594,1.573,1.539,1.491,1.431,1.358,1.273,1.178,1.072,0.9573,0.8345,0.7051,0.5709,0.4343,0.2991,0.1721,0.06835
pal10,kasting,605.0,1.619,1.612,1.591,1.556,1.508,1.447,1.374,1.288,1.192,1.085,0.9689,0.8448,0.714,0.5783,0.4402,0.3033,0.1746,0.06919
pal10,kasting,610.0,1.6,1.593,1.572,1.538,1.491,1.431,1.358,1.274,1.179,1.074,0.9594,0.837,0.7081,0.5742,0.4378,0.3024,0.1748,0.0697
pal10,kasting,615.0,1.563,1.557,1.537,1.503,1.457,1.399,1.328,1.246,1.154,1.051,0.9396,0.8204,0.6946,0.564,0.4308,0.2984,0.1733,0.06961
pal10,kasting,620.0,1.587,1.58,1.56,1.526,1.48,1.421,1.349,1.266,1.172,1.069,0.9557,0.8349,0.7075,0.5751,0.44,0.3055,0.178,0.07192
pal10,kasting,625.0,1.554,1.547,1.528,1.495,1.449,1.391,1.322,1.241,1.149,1.048,0.9372,0.8192,0.6946,0.5652,0.4329,0.3012,0.176,0.07139
pal10,kasting,630.0,1.557,1.55,1.531,1.498,1.452,1.395,1.325,1.244,1.152,1.051,0.9406,0.8226,0.698,0.5685,0.436,0.3039,0.1782,0.07262
pal10,kasting,635.0,1.547,1.541,1.521,1.488,1.443,1.386,1.317,1.237,1.146,1.046,0.9363,0.8192,0.6957,0.5671,0.4357,0.3043,0.179,0.07334
pal10,kasting,640.0,1.53,1.524,1.505,1.473,1.428,1.372,1.303,1.224,1.135,1.036,0.9277,0.8122,0.6902,0.5633,0.4333,0.3034,0.1791,0.07377
pal10,kasting,644.8,1.522,1.516,1.497,1.465,1.421,1.365,1.297,1.219,1.13,1.031,0.9243,0.8096,0.6885,0.5623,0.4332,0.3038,0.1799,0.07446
pal10,kasting,651.05,1.504,1.498,1.479,1.448,1.404,1.349,1.282,1.205,1.117,1.02,0.9148,0.8017,0.6822,0.5578,0.4302,0.3024,0.1796,0.07469
pal10,kasting,660.0,1.428,1.422,1.405,1.375,1.334,1.282,1.219,1.145,1.062,0.9707,0.8708,0.7637,0.6506,0.5326,0.4117,0.2902,0.1732,0.07249
pal10,kasting,670.0,1.468,1.461,1.443,1.413,1.371,1.317,1.253,1.178,1.093,0.9992,0.8969,0.7873,0.6714,0.5505,0.4264,0.3016,0.1809,0.0763
pal10,kasting,680.0,1.442,1.436,1.418,1.389,1.347,1.295,1.232,1.159,1.075,0.9835,0.8833,0.7759,0.6623,0.5438,0.422,0.2993,0.1803,0.07651
pal10,kasting,690.0,1.422,1.416,1.399,1.37,1.329,1.278,1.216,1.143,1.062,0.9713,0.8728,0.7672,0.6554,0.5387,0.4187,0.2977,0.18,0.07673
pal10,kasting,700.0,1.398,1.393,1.375,1.347,1.307,1.257,1.196,1.125,1.045,0.9564,0.8598,0.7562,0.6466,0.5321,0.4142,0.2952,0.1792,0.07674
pal10,kasting,710.0,1.366,1.36,1.344,1.316,1.277,1.228,1.169,1.1,1.022,0.9353,0.8411,0.7401,0.6332,0.5215,0.4064,0.2902,0.1766,0.07583
pal10,kasting,720.0,1.321,1.316,1.3,1.273,1.236,1.188,1.131,1.064,0.9891,0.9056,0.8147,0.7172,0.6139,0.506,0.3948,0.2822,0.1721,0.07408
pal10,kasting,730.0,1.291,1.286,1.27,1.244,1.207,1.161,1.105,1.041,0.9672,0.8858,0.7971,0.702,0.6013,0.496,0.3874,0.2774,0.1696,0.0732
pal10,photochem,120.7,0.0,0.0,0.0,0.0,0.0,0.0,0.0,0.0,0.0,0.0,0.0,0.0,0.0,0.0,0.0,0.0,0.0,0.0
pal10,photochem,121.65,0.0,0.0,0.0,0.0,0.0,0.0,0.0,0.0,0.0,0.0,0.0,0.0,0.0,0.0,0.0,0.0,0.0,0.0
pal10,photochem,122.1,0.0,0.0,0.0,0.0,0.0,0.0,0.0,0.0,0.0,0.0,0.0,0.0,0.0,0.0,0.0,0.0,0.0,0.0
pal10,photochem,122.7,0.0,0.0,0.0,0.0,0.0,0.0,0.0,0.0,0.0,0.0,0.0,0.0,0.0,0.0,0.0,0.0,0.0,0.0
pal10,photochem,123.45,0.0,0.0,0.0,0.0,0.0,0.0,0.0,0.0,0.0,0.0,0.0,0.0,0.0,0.0,0.0,0.0,0.0,0.0
pal10,photochem,124.2,0.0,0.0,0.0,0.0,0.0,0.0,0.0,0.0,0.0,0.0,0.0,0.0,0.0,0.0,0.0,0.0,0.0,0.0
pal10,photochem,125.0,0.0,0.0,0.0,0.0,0.0,0.0,0.0,0.0,0.0,0.0,0.0,0.0,0.0,0.0,0.0,0.0,0.0,0.0
pal10,photochem,125.8,0.0,0.0,0.0,0.0,0.0,0.0,0.0,0.0,0.0,0.0,0.0,0.0,0.0,0.0,0.0,0.0,0.0,0.0
pal10,photochem,126.6,0.0,0.0,0.0,0.0,0.0,0.0,0.0,0.0,0.0,0.0,0.0,0.0,0.0,0.0,0.0,0.0,0.0,0.0
pal10,photochem,127.8,0.0,0.0,0.0,0.0,0.0,0.0,0.0,0.0,0.0,0.0,0.0,0.0,0.0,0.0,0.0,0.0,0.0,0.0
pal10,photochem,129.0,0.0,0.0,0.0,0.0,0.0,0.0,0.0,0.0,0.0,0.0,0.0,0.0,0.0,0.0,0.0,0.0,0.0,0.0
pal10,photochem,129.85,0.0,0.0,0.0,0.0,0.0,0.0,0.0,0.0,0.0,0.0,0.0,0.0,0.0,0.0,0.0,0.0,0.0,0.0
pal10,photochem,131.15,0.0,0.0,0.0,0.0,0.0,0.0,0.0,0.0,0.0,0.0,0.0,0.0,0.0,0.0,0.0,0.0,0.0,0.0
pal10,photochem,133.5,0.0,0.0,0.0,0.0,0.0,0.0,0.0,0.0,0.0,0.0,0.0,0.0,0.0,0.0,0.0,0.0,0.0,0.0
pal10,photochem,136.0,0.0,0.0,0.0,0.0,0.0,0.0,0.0,0.0,0.0,0.0,0.0,0.0,0.0,0.0,0.0,0.0,0.0,0.0
pal10,photochem,141.0,0.0,0.0,0.0,0.0,0.0,0.0,0.0,0.0,0.0,0.0,0.0,0.0,0.0,0.0,0.0,0.0,0.0,0.0
pal10,photochem,150.0,0.0,0.0,0.0,0.0,0.0,0.0,0.0,0.0,0.0,0.0,0.0,0.0,0.0,0.0,0.0,0.0,0.0,0.0
pal10,photochem,160.0,0.0,0.0,0.0,0.0,0.0,0.0,0.0,0.0,0.0,0.0,0.0,0.0,0.0,0.0,0.0,0.0,0.0,0.0
pal10,photochem,167.5,0.0,0.0,0.0,0.0,0.0,0.0,0.0,0.0,0.0,0.0,0.0,0.0,0.0,0.0,0.0,0.0,0.0,0.0
pal10,photochem,172.7,0.0,0.0,0.0,0.0,0.0,0.0,0.0,0.0,0.0,0.0,0.0,0.0,0.0,0.0,0.0,0.0,0.0,0.0
pal10,photochem,176.2,0.0,0.0,0.0,0.0,0.0,0.0,0.0,0.0,0.0,0.0,0.0,0.0,0.0,0.0,0.0,0.0,0.0,0.0
pal10,photochem,177.8,0.0,0.0,0.0,0.0,0.0,0.0,0.0,0.0,0.0,0.0,0.0,0.0,0.0,0.0,0.0,0.0,0.0,0.0
pal10,photochem,179.4,0.0,0.0,0.0,0.0,0.0,0.0,0.0,0.0,0.0,0.0,0.0,0.0,0.0,0.0,0.0,0.0,0.0,0.0
pal10,photochem,181.0,0.0,0.0,0.0,0.0,0.0,0.0,0.0,0.0,0.0,0.0,0.0,0.0,0.0,0.0,0.0,0.0,0.0,0.0
pal10,photochem,182.65,0.0,0.0,0.0,0.0,0.0,0.0,0.0,0.0,0.0,0.0,0.0,0.0,0.0,0.0,0.0,0.0,0.0,0.0
pal10,photochem,184.35,0.0,0.0,0.0,0.0,0.0,0.0,0.0,0.0,0.0,0.0,0.0,0.0,0.0,0.0,0.0,0.0,0.0,0.0
pal10,photochem,186.05,0.0,0.0,0.0,0.0,0.0,0.0,0.0,0.0,0.0,0.0,0.0,0.0,0.0,0.0,0.0,0.0,0.0,0.0
pal10,photochem,187.8,0.0,0.0,0.0,0.0,0.0,0.0,0.0,0.0,0.0,0.0,0.0,0.0,0.0,0.0,0.0,0.0,0.0,0.0
pal10,photochem,189.6,0.0,0.0,0.0,0.0,0.0,0.0,0.0,0.0,0.0,0.0,0.0,0.0,0.0,0.0,0.0,0.0,0.0,0.0
pal10,photochem,191.4,0.0,0.0,0.0,0.0,0.0,0.0,0.0,0.0,0.0,0.0,0.0,0.0,0.0,0.0,0.0,0.0,0.0,0.0
pal10,photochem,193.25,0.0,0.0,0.0,0.0,0.0,0.0,0.0,0.0,0.0,0.0,0.0,0.0,0.0,0.0,0.0,0.0,0.0,0.0
pal10,photochem,195.15,0.0,0.0,0.0,0.0,0.0,0.0,0.0,0.0,0.0,0.0,0.0,0.0,0.0,0.0,0.0,0.0,0.0,0.0
pal10,photochem,197.05,0.0,0.0,0.0,0.0,0.0,0.0,0.0,0.0,0.0,0.0,0.0,0.0,0.0,0.0,0.0,0.0,0.0,0.0
pal10,photochem,199.0,0.0,0.0,0.0,0.0,0.0,0.0,0.0,0.0,0.0,0.0,0.0,0.0,0.0,0.0,0.0,0.0,0.0,0.0
pal10,photochem,201.0,0.0,0.0,0.0,0.0,0.0,0.0,0.0,0.0,0.0,0.0,0.0,0.0,0.0,0.0,0.0,0.0,0.0,0.0
pal10,photochem,203.05,0.0,0.0,0.0,0.0,0.0,0.0,0.0,0.0,0.0,0.0,0.0,0.0,0.0,0.0,0.0,0.0,0.0,0.0
pal10,photochem,205.15,0.0,0.0,0.0,0.0,0.0,0.0,0.0,0.0,0.0,0.0,0.0,0.0,0.0,0.0,0.0,0.0,0.0,0.0
pal10,photochem,207.2665,1.553e-20,1.323e-20,8.131e-21,3.54e-21,1.057e-21,2.062e-22,2.448e-23,1.606e-24,5.123e-26,7.003e-28,5.657e-30,3.119e-31,9.311e-32,4.48e-32,2.585e-32,1.561e-32,9.023e-33,4.435e-33
pal10,photochem,209.4295,9.294e-20,7.957e-20,4.964e-20,2.217e-20,6.874e-21,1.411e-21,1.79e-22,1.279e-23,4.552e-25,7.161e-27,6.729e-29,3.525e-30,9.756e-31,4.598e-31,2.654e-31,1.611e-31,9.374e-32,4.669e-32
pal10,photochem,211.646,5.866e-19,5.049e-19,3.202e-19,1.47e-19,4.747e-20,1.029e-20,1.404e-21,1.101e-22,4.421e-24,8.136e-26,9.151e-28,4.554e-29,1.141e-29,5.265e-30,3.049e-30,1.862e-30,1.093e-30,5.545e-31
pal10,photochem,213.91,1.148e-18,9.903e-19,6.32e-19,2.935e-19,9.63e-20,2.134e-20,2.996e-21,2.44e-22,1.028e-23,2.01e-25,2.362e-27,9.965e-29,2.18e-29,9.888e-30,5.763e-30,3.541e-30,2.101e-30,1.09e-30
pal10,photochem,216.2225,1.462e-18,1.263e-18,8.093e-19,3.784e-19,1.254e-19,2.817e-20,4.027e-21,3.357e-22,1.459e-23,2.973e-25,3.565e-27,1.215e-28,2.253e-29,1.015e-29,5.967e-30,3.693e-30,2.218e-30,1.181e-30
pal10,photochem,218.5855,2.294e-18,1.983e-18,1.275e-18,5.991e-19,2.001e-19,4.544e-20,6.59e-21,5.602e-22,2.501e-23,5.299e-25,6.474e-27,1.709e-28,2.619e-29,1.188e-29,7.049e-30,4.396e-30,2.681e-30,1.47e-30
pal10,photochem,221.001,1.135e-18,9.782e-19,6.235e-19,2.89e-19,9.457e-20,2.09e-20,2.925e-21,2.377e-22,1.003e-23,1.98e-25,2.117e-27,3.746e-29,4.654e-30,2.152e-30,1.287e-30,8.088e-31,5.017e-31,2.834e-31
pal10,photochem,223.4705,3.457e-19,2.965e-19,1.86e-19,8.385e-20,2.636e-20,5.518e-21,7.199e-22,5.348e-23,2.015e-24,3.438e-26,2.905e-28,3.068e-30,3.076e-31,1.458e-31,8.765e-32,5.561e-32,3.516e-32,2.044e-32
pal10,photochem,225.996,4.391e-20,3.741e-20,2.299e-20,1.001e-20,2.991e-21,5.847e-22,6.98e-23,4.632e-24,1.514e-25,2.152e-27,1.368e-29,7.861e-32,6.399e-33,3.1e-33,1.874e-33,1.203e-33,7.763e-34,4.638e-34
pal10,photochem,228.579,2.364e-21,1.992e-21,1.184e-21,4.866e-22,1.338e-22,2.338e-23,2.41e-24,1.326e-25,3.412e-27,3.556e-29,1.433e-31,3.733e-34,2.486e-35,1.224e-35,7.444e-36,4.844e-36,3.193e-36,1.954e-36
pal10,photochem,231.2215,5.084e-23,4.221e-23,2.4e-23,9.145e-24,2.252e-24,3.388e-25,2.873e-26,1.23e-27,2.297e-29,1.575e-31,3.502e-34,3.588e-37,1.99e-38,9.891e-39,6.058e-39,4.001e-39,2.688e-39,1.677e-39
pal10,photochem,233.926,3.844e-25,3.136e-25,1.69e-25,5.879e-26,1.268e-26,1.593e-27,1.068e-28,3.381e-30,4.282e-32,1.767e-34,1.942e-37,6.936e-41,3.251e-42,1.626e-42,1.005e-42,6.74e-43,4.596e-43,2.915e-43
pal10,photochem,236.6945,2.559e-27,2.047e-27,1.039e-27,3.266e-28,6.072e-29,6.242e-30,3.218e-31,7.26e-33,5.953e-35,1.391e-37,7.01e-41,8.408e-45,0.0,0.0,0.0,0.0,0.0,0.0
pal10,photochem,239.5295,2.754e-29,2.168e-29,1.048e-29,3.029e-30,4.987e-31,4.35e-32,1.809e-33,3.095e-35,1.776e-37,2.589e-40,6.726e-44,0.0,0.0,0.0,0.0,0.0,0.0,0.0
pal10,photochem,242.433,1.021e-30,7.926e-31,3.675e-31,9.889e-32,1.468e-32,1.112e-33,3.842e-35,5.17e-37,2.167e-39,2.064e-42,0.0,0.0,0.0,0.0,0.0,0.0,0.0,0.0
pal10,photochem,245.408,1.706e-33,1.293e-33,5.57e-34,1.322e-34,1.633e-35,9.646e-37,2.406e-38,2.128e-40,5.199e-43,0.0,0.0,0.0,0.0,0.0,0.0,0.0,0.0,0.0
pal10,photochem,248.457,7.66e-36,5.687e-36,2.302e-36,4.907e-37,5.189e-38,2.481e-39,4.69e-41,2.901e-43,0.0,0.0,0.0,0.0,0.0,0.0,0.0,0.0,0.0,0.0
pal10,photochem,251.5825,3.527e-37,2.588e-37,1.011e-37,2.03e-38,1.966e-39,8.338e-41,1.348e-42,5.605e-45,-0.0,0.0,0.0,0.0,0.0,0.0,0.0,0.0,0.0,0.0
pal10,photochem,254.7875,1.31e-37,9.565e-38,3.679e-38,7.191e-39,6.698e-40,2.695e-41,4.064e-43,2.803e-45,0.0,0.0,0.0,0.0,0.0,0.0,0.0,0.0,0.0,0.0
pal10,photochem,258.075,2.14e-36,1.576e-36,6.215e-37,1.268e-37,1.257e-38,5.5e-40,9.251e-42,4.905e-44,0.0,0.0,0.0,0.0,0.0,0.0,0.0,0.0,0.0,0.0
pal10,photochem,261.449,1.073e-34,8.022e-35,3.32e-35,7.356e-36,8.221e-37,4.233e-38,8.804e-40,6.133e-42,1.121e-44,0.0,0.0,0.0,0.0,0.0,0.0,0.0,0.0,0.0
pal10,photochem,264.9125,2.45e-31,1.88e-31,8.413e-32,2.13e-32,2.889e-33,1.935e-34,5.673e-36,6.143e-38,1.929e-40,1.247e-43,0.0,0.0,0.0,0.0,0.0,0.0,0.0,0.0
pal10,photochem,268.4685,2.328e-27,1.85e-27,9.192e-28,2.784e-28,4.903e-29,4.676e-30,2.177e-31,4.268e-33,2.859e-35,4.852e-38,1.362e-41,0.0,0.0,0.0,0.0,0.0,0.0,0.0
pal10,photochem,272.1215,5.336e-23,4.405e-23,2.461e-23,9.099e-24,2.143e-24,3.03e-25,2.359e-26,8.959e-28,1.395e-29,6.959e-32,7.809e-35,1.414e-38,3.051e-40,1.507e-40,9.34e-41,6.336e-41,4.396e-41,2.849e-41
pal10,photochem,275.8755,2.253e-18,1.937e-18,1.225e-18,5.599e-19,1.795e-19,3.854e-20,5.182e-21,3.967e-22,1.512e-23,2.365e-25,1.156e-27,1.375e-30,3.35e-32,1.63e-32,9.941e-33,6.596e-33,4.482e-33,2.859e-33
pal10,photochem,279.734,3.158e-14,2.82e-14,1.999e-14,1.112e-14,4.739e-15,1.497e-15,3.332e-16,4.874e-17,4.242e-18,1.905e-19,3.619e-21,2.437e-23,7.277e-25,3.383e-25,2.035e-25,1.318e-25,8.704e-26,5.419e-26
pal10,photochem,283.702,3.726e-10,3.439e-10,2.694e-10,1.777e-10,9.712e-11,4.294e-11,1.484e-11,3.816e-12,6.818e-13,7.671e-14,4.75e-15,1.438e-16,6.316e-18,2.491e-18,1.481e-18,9.381e-19,5.979e-19,3.585e-19
pal10,photochem,287.7845,5.335e-07,5.054e-07,4.288e-07,3.239e-07,2.157e-07,1.246e-07,6.105e-08,2.458e-08,7.77e-09,1.812e-09,2.865e-10,2.834e-11,2.39e-12,6.697e-13,3.844e-13,2.399e-13,1.479e-13,8.414e-14
pal10,photochem,291.9865,0.0001404,0.0001356,0.0001219,0.0001018,7.833e-05,5.505e-05,3.484e-05,1.948e-05,9.357e-06,3.721e-06,1.164e-06,2.717e-07,4.881e-08,1.109e-08,5.273e-09,3.219e-09,1.941e-09,1.042e-09
pal10,photochem,296.309,0.003748,0.003665,0.003426,0.003054,0.002587,0.00207,0.001551,0.001077,0.0006817,0.0003848,0.0001881,7.677e-05,2.544e-05,7.317e-06,2.573e-06,1.367e-06,8.058e-07,4.156e-07
pal10,photochem,300.5,0.02311,0.02277,0.02176,0.02015,0.01804,0.01555,0.01285,0.01011,0.007491,0.005166,0.003254,0.001827,0.0008881,0.0003655,0.0001338,5.495e-05,2.891e-05,1.453e-05
pal10,photochem,303.0,0.06821,0.0674,0.06499,0.06111,0.05592,0.04967,0.04266,0.03525,0.02781,0.02076,0.01445,0.009208,0.005239,0.002585,0.001091,0.0004289,0.0001953,9.44e-05
pal10,photochem,304.0,0.07602,0.07516,0.07263,0.06854,0.06304,0.05639,0.04888,0.04086,0.03272,0.02488,0.01773,0.01164,0.006874,0.003546,0.001565,0.0006209,0.0002711,0.0001284
pal10,photochem,305.0,0.1065,0.1054,0.1022,0.09684,0.08967,0.08093,0.07097,0.06021,0.04913,0.03824,0.02808,0.01915,0.01187,0.006496,0.003053,0.001249,0.0005191,0.0002366
pal10,photochem,306.0,0.1018,0.1008,0.09784,0.09301,0.08649,0.07851,0.06936,0.0594,0.04905,0.03876,0.02901,0.02026,0.01295,0.007364,0.003612,0.001519,0.0006156,0.0002712
pal10,photochem,307.0,0.1335,0.1323,0.1286,0.1226,0.1146,0.1046,0.09316,0.08059,0.0674,0.05413,0.04134,0.02964,0.01957,0.01161,0.005979,0.002616,0.001043,0.0004387
pal10,photochem,308.0,0.1589,0.1575,0.1534,0.1467,0.1376,0.1264,0.1134,0.09897,0.08373,0.06823,0.05308,0.03895,0.02651,0.01633,0.008814,0.00403,0.001604,0.0006424
pal10,photochem,309.0,0.1664,0.165,0.1609,0.1541,0.1448,0.1334,0.1201,0.1054,0.08978,0.07374,0.05796,0.04309,0.02982,0.01876,0.01039,0.004878,0.001951,0.0007579
pal10,photochem,310.0,0.1663,0.165,0.1612,0.1548,0.1461,0.1354,0.1228,0.1088,0.09375,0.07817,0.0626,0.04769,0.03405,0.02231,0.01301,0.00647,0.002662,0.0009806
pal10,photochem,311.0,0.2816,0.2795,0.2731,0.2627,0.2484,0.2306,0.2099,0.1866,0.1616,0.1356,0.1094,0.08416,0.06084,0.04051,0.02411,0.01228,0.005134,0.001853
pal10,photochem,312.0,0.2537,0.2519,0.2464,0.2373,0.225,0.2096,0.1915,0.1713,0.1493,0.1263,0.1031,0.08042,0.0592,0.04035,0.02477,0.0131,0.005649,0.001995
pal10,photochem,313.0,0.286,0.284,0.2781,0.2683,0.255,0.2383,0.2176,0.1965,0.1725,0.1472,0.1214,0.09598,0.07189,0.05014,0.03172,0.01744,0.007808,0.002732
pal10,photochem,314.0,0.3136,0.3114,0.305,0.2945,0.2801,0.2622,0.241,0.217,0.191,0.1635,0.1354,0.1076,0.08114,0.05708,0.03652,0.02037,0.009261,0.003232
pal10,photochem,316.0,0.3251,0.323,0.3169,0.3067,0.2927,0.2751,0.2544,0.2309,0.2051,0.1777,0.1494,0.1211,0.09359,0.06804,0.04548,0.02691,0.01313,0.004698
pal10,photochem,320.0,0.4224,0.4199,0.4125,0.4003,0.3834,0.3622,0.3371,0.3084,0.2768,0.2429,0.2075,0.1716,0.1362,0.1025,0.07176,0.04528,0.0241,0.009314
pal10,photochem,325.0,0.5459,0.543,0.5337,0.5188,0.4983,0.473,0.4424,0.4073,0.3685,0.3266,0.2826,0.2374,0.1922,0.1485,0.1078,0.0716,0.04114,0.01763
pal10,photochem,330.0,0.6821,0.6785,0.6677,0.6498,0.6251,0.594,0.5569,0.5143,0.4671,0.4159,0.3619,0.3062,0.2503,0.1957,0.1443,0.09794,0.05826,0.02644
pal10,photochem,335.0,0.6522,0.6488,0.6387,0.622,0.599,0.5699,0.5351,0.4953,0.4509,0.4027,0.3518,0.299,0.2458,0.1935,0.144,0.09908,0.06021,0.0284
pal10,photochem,340.0,0.7106,0.707,0.6961,0.6782,0.6534,0.6221,0.5848,0.5418,0.4939,0.4419,0.3868,0.3295,0.2716,0.2146,0.1603,0.1108,0.06789,0.03256
pal10,photochem,345.0,0.7018,0.6982,0.6876,0.6701,0.6459,0.6153,0.5787,0.5366,0.4897,0.4387,0.3844,0.328,0.2708,0.2143,0.1604,0.1111,0.0683,0.03301
pal10,photochem,350.0,0.7346,0.7309,0.7199,0.7017,0.6765,0.6447,0.6066,0.5628,0.5139,0.4607,0.404,0.345,0.2851,0.2257,0.1689,0.1169,0.07178,0.03468
pal10,photochem,355.0,0.7776,0.7737,0.7621,0.743,0.7166,0.6832,0.6431,0.5971,0.5456,0.4895,0.4297,0.3673,0.3038,0.2408,0.1803,0.1249,0.07666,0.03712
pal10,photochem,360.0,0.7116,0.7081,0.6976,0.6802,0.6562,0.6258,0.5894,0.5475,0.5006,0.4494,0.3948,0.3378,0.2797,0.2218,0.1662,0.1151,0.07059,0.0342
pal10,photochem,365.0,0.9055,0.9011,0.8878,0.8659,0.8355,0.7971,0.751,0.6979,0.6385,0.5737,0.5044,0.432,0.3579,0.2841,0.213,0.1474,0.09032,0.04376
pal10,photochem,370.0,0.9421,0.9375,0.9238,0.9011,0.8697,0.83,0.7823,0.7274,0.6659,0.5986,0.5267,0.4515,0.3744,0.2974,0.223,0.1543,0.09443,0.04572
pal10,photochem,375.0,0.8516,0.8475,0.8352,0.8148,0.7866,0.7508,0.708,0.6586,0.6032,0.5427,0.4778,0.4099,0.3402,0.2704,0.2029,0.1403,0.08575,0.04149
pal10,photochem,380.0,0.9795,0.9748,0.9607,0.9374,0.9052,0.8643,0.8153,0.7587,0.6953,0.6259,0.5515,0.4735,0.3933,0.3129,0.2348,0.1623,0.09908,0.04789
pal10,photochem,385.0,0.7388,0.7353,0.7247,0.7073,0.6831,0.6524,0.6156,0.5732,0.5255,0.4734,0.4174,0.3586,0.2981,0.2374,0.1782,0.1232,0.07508,0.03624
pal10,photochem,390.0,0.9652,0.9606,0.9469,0.9242,0.8928,0.853,0.8051,0.7499,0.6879,0.62,0.5471,0.4704,0.3913,0.3118,0.2343,0.1619,0.09853,0.0475
pal10,photochem,395.0,0.7491,0.7456,0.735,0.7175,0.6932,0.6624,0.6255,0.5828,0.5349,0.4824,0.4259,0.3665,0.3052,0.2434,0.1829,0.1264,0.07681,0.03697
pal10,photochem,400.0,1.391,1.385,1.365,1.333,1.288,1.231,1.163,1.084,0.9953,0.898,0.7934,0.6832,0.5693,0.4544,0.3418,0.2361,0.1433,0.06887
pal10,photochem,405.0,1.419,1.412,1.392,1.36,1.314,1.256,1.187,1.107,1.017,0.9179,0.8116,0.6993,0.5832,0.4659,0.3507,0.2423,0.1468,0.07043
pal10,photochem,410.0,1.464,1.457,1.436,1.403,1.356,1.297,1.226,1.143,1.051,0.9489,0.8395,0.7239,0.6042,0.483,0.3638,0.2513,0.1521,0.07282
pal10,photochem,415.0,1.525,1.518,1.497,1.462,1.414,1.352,1.278,1.193,1.097,0.991,0.8773,0.757,0.6323,0.5059,0.3813,0.2635,0.1593,0.07608
pal10,photochem,420.0,1.54,1.533,1.511,1.476,1.428,1.366,1.292,1.206,1.109,1.003,0.8879,0.7667,0.6409,0.5132,0.3871,0.2675,0.1615,0.07698
pal10,photochem,425.0,1.47,1.463,1.443,1.41,1.363,1.305,1.234,1.152,1.06,0.959,0.8498,0.7343,0.6143,0.4922,0.3715,0.2568,0.1549,0.07359
pal10,photochem,430.0,1.356,1.35,1.332,1.301,1.258,1.204,1.139,1.064,0.9796,0.8865,0.786,0.6796,0.5689,0.4563,0.3446,0.2383,0.1436,0.06806
pal10,photochem,435.0,1.575,1.567,1.546,1.51,1.461,1.399,1.324,1.237,1.139,1.031,0.9146,0.7912,0.6629,0.532,0.4021,0.2781,0.1674,0.07913
pal10,photochem,440.0,1.62,1.612,1.59,1.554,1.504,1.44,1.363,1.273,1.173,1.062,0.9428,0.8161,0.6842,0.5495,0.4156,0.2875,0.1728,0.08142
pal10,photochem,445.0,1.74,1.732,1.708,1.669,1.615,1.547,1.464,1.369,1.261,1.143,1.015,0.8789,0.7373,0.5925,0.4484,0.3103,0.1864,0.08752
pal10,photochem,450.0,1.85,1.842,1.817,1.776,1.719,1.646,1.559,1.457,1.343,1.217,1.082,0.9372,0.7867,0.6328,0.4792,0.3318,0.1991,0.09322
pal10,photochem,455.0,1.811,1.802,1.778,1.738,1.682,1.611,1.526,1.427,1.316,1.193,1.06,0.9195,0.7723,0.6216,0.4711,0.3262,0.1956,0.09129
pal10,photochem,460.0,1.862,1.854,1.829,1.788,1.731,1.658,1.571,1.469,1.355,1.229,1.092,0.9475,0.7961,0.6411,0.486,0.3365,0.2013,0.09344
pal10,photochem,465.0,1.841,1.833,1.809,1.768,1.712,1.64,1.554,1.454,1.341,1.217,1.082,0.9391,0.7896,0.6363,0.4827,0.3344,0.2,0.09257
pal10,photochem,470.0,1.831,1.823,1.799,1.758,1.703,1.631,1.546,1.447,1.335,1.212,1.078,0.936,0.7874,0.6349,0.482,0.334,0.1996,0.09208
pal10,photochem,475.0,1.852,1.844,1.82,1.779,1.722,1.651,1.565,1.464,1.352,1.227,1.092,0.9486,0.7984,0.6442,0.4893,0.3392,0.2025,0.09302
pal10,photochem,480.0,1.904,1.895,1.87,1.828,1.77,1.697,1.608,1.505,1.39,1.262,1.123,0.9757,0.8213,0.6627,0.5033,0.3486,0.2075,0.09452
pal10,photochem,485.0,1.729,1.721,1.698,1.661,1.608,1.541,1.461,1.368,1.263,1.147,1.021,0.8877,0.7476,0.6035,0.4586,0.3177,0.189,0.08572
pal10,photochem,490.0,1.801,1.793,1.769,1.73,1.675,1.606,1.523,1.426,1.317,1.196,1.066,0.9265,0.7807,0.6307,0.4796,0.3325,0.1978,0.08949
pal10,photochem,495.0,1.834,1.826,1.801,1.762,1.706,1.636,1.551,1.453,1.342,1.219,1.086,0.945,0.7966,0.6438,0.4898,0.3396,0.2018,0.0909
pal10,photochem,500.0,1.747,1.739,1.716,1.678,1.626,1.559,1.478,1.384,1.279,1.162,1.036,0.9007,0.7593,0.6136,0.4667,0.3233,0.1915,0.08551
pal10,photochem,505.0,1.772,1.765,1.741,1.703,1.649,1.581,1.499,1.404,1.297,1.179,1.051,0.9137,0.7701,0.6221,0.4728,0.327,0.193,0.0852
pal10,photochem,510.0,1.757,1.75,1.727,1.689,1.636,1.569,1.488,1.394,1.288,1.17,1.043,0.9078,0.7656,0.6189,0.4707,0.3259,0.1923,0.08475
pal10,photochem,515.0,1.629,1.622,1.6,1.565,1.516,1.454,1.379,1.292,1.194,1.086,0.968,0.8425,0.7108,0.5748,0.4375,0.3029,0.1787,0.07842
pal10,photochem,520.0,1.673,1.666,1.644,1.608,1.558,1.494,1.417,1.328,1.227,1.116,0.9951,0.8663,0.731,0.5913,0.45,0.3115,0.1835,0.08001
pal10,photochem,525.0,1.677,1.669,1.648,1.611,1.561,1.497,1.42,1.331,1.23,1.118,0.997,0.8679,0.7322,0.5921,0.4503,0.3114,0.1827,0.0789
pal10,photochem,530.0,1.763,1.755,1.732,1.694,1.641,1.574,1.493,1.399,1.292,1.175,1.048,0.9117,0.7689,0.6214,0.4721,0.3258,0.1903,0.08113
pal10,photochem,535.0,1.707,1.7,1.677,1.64,1.588,1.524,1.446,1.355,1.252,1.138,1.015,0.8832,0.7449,0.602,0.4574,0.3154,0.1839,0.07787
pal10,photochem,540.0,1.708,1.701,1.678,1.641,1.59,1.525,1.447,1.356,1.253,1.14,1.016,0.8847,0.7464,0.6035,0.4587,0.3164,0.1844,0.0778
pal10,photochem,545.0,1.731,1.724,1.701,1.664,1.612,1.546,1.467,1.374,1.27,1.155,1.03,0.897,0.7568,0.6118,0.4649,0.3205,0.1864,0.07804
pal10,photochem,550.0,1.735,1.728,1.705,1.668,1.616,1.55,1.47,1.378,1.274,1.158,1.033,0.8995,0.759,0.6136,0.4663,0.3213,0.1866,0.07765
pal10,photochem,555.0,1.721,1.713,1.691,1.654,1.603,1.537,1.458,1.367,1.264,1.149,1.025,0.8927,0.7534,0.6092,0.4629,0.319,0.1849,0.07642
pal10,photochem,560.0,1.675,1.668,1.646,1.61,1.56,1.496,1.419,1.33,1.229,1.118,0.9973,0.8682,0.7325,0.592,0.4495,0.3092,0.1786,0.07304
pal10,photochem,565.0,1.675,1.667,1.645,1.609,1.559,1.495,1.419,1.329,1.229,1.117,0.9964,0.8673,0.7314,0.5908,0.4482,0.3078,0.1771,0.0716
pal10,photochem,570.0,1.663,1.656,1.634,1.598,1.549,1.485,1.409,1.32,1.22,1.11,0.9895,0.8612,0.7262,0.5864,0.4447,0.3051,0.1751,0.07023
pal10,photochem,575.0,1.69,1.683,1.661,1.625,1.574,1.51,1.432,1.342,1.241,1.128,1.006,0.8757,0.7385,0.5965,0.4523,0.3103,0.1779,0.07101
pal10,photochem,580.0,1.664,1.656,1.635,1.599,1.549,1.486,1.41,1.322,1.222,1.112,0.9918,0.8637,0.7288,0.5892,0.4473,0.3073,0.1766,0.07064
pal10,photochem,585.0,1.665,1.658,1.637,1.601,1.552,1.488,1.413,1.324,1.225,1.114,0.9945,0.8665,0.7317,0.592,0.45,0.3097,0.1784,0.07154
pal10,photochem,590.0,1.607,1.6,1.579,1.545,1.497,1.436,1.363,1.278,1.182,1.076,0.9604,0.837,0.707,0.5723,0.4353,0.2998,0.1728,0.06919
pal10,photochem,595.0,1.637,1.63,1.609,1.574,1.525,1.463,1.389,1.302,1.204,1.096,0.9782,0.8524,0.7199,0.5826,0.4429,0.3047,0.1752,0.06961
pal10,photochem,600.0,1.595,1.588,1.568,1.534,1.486,1.426,1.353,1.268,1.173,1.067,0.9526,0.8299,0.7007,0.5667,0.4305,0.2957,0.1694,0.06667
pal10,photochem,605.0,1.614,1.607,1.586,1.551,1.503,1.442,1.369,1.283,1.187,1.08,0.9641,0.8401,0.7095,0.574,0.4362,0.2998,0.1718,0.06748
pal10,photochem,610.0,1.595,1.588,1.568,1.533,1.486,1.426,1.354,1.27,1.174,1.069,0.955,0.8327,0.7039,0.5702,0.4341,0.2992,0.1722,0.06809
pal10,photochem,615.0,1.559,1.552,1.532,1.499,1.453,1.395,1.324,1.242,1.15,1.047,0.9357,0.8165,0.6909,0.5605,0.4275,0.2955,0.1709,0.06814
pal10,photochem,620.0,1.583,1.576,1.556,1.522,1.476,1.417,1.345,1.262,1.169,1.065,0.952,0.8313,0.704,0.5718,0.4369,0.3027,0.1758,0.07051
pal10,photochem,625.0,1.55,1.544,1.524,1.491,1.446,1.388,1.318,1.237,1.145,1.044,0.9338,0.8158,0.6914,0.5621,0.43,0.2986,0.1739,0.07008
pal10,photochem,630.0,1.553,1.547,1.527,1.494,1.449,1.39,1.321,1.24,1.149,1.048,0.9374,0.8194,0.6949,0.5655,0.4333,0.3015,0.1762,0.07137
pal10,photochem,635.0,1.544,1.537,1.518,1.485,1.44,1.383,1.314,1.234,1.143,1.043,0.9333,0.8163,0.6929,0.5645,0.4332,0.3021,0.1772,0.07219
pal10,photochem,640.0,1.527,1.521,1.502,1.47,1.425,1.369,1.301,1.221,1.132,1.033,0.925,0.8096,0.6877,0.5608,0.431,0.3013,0.1774,0.07272
pal10,photochem,644.8,1.52,1.513,1.494,1.462,1.418,1.362,1.295,1.216,1.126,1.029,0.9219,0.8072,0.6862,0.5601,0.4311,0.302,0.1784,0.07349
pal10,photochem,651.05,1.502,1.495,1.477,1.445,1.402,1.347,1.28,1.203,1.115,1.018,0.9126,0.7995,0.6801,0.5558,0.4284,0.3008,0.1783,0.0738
pal10,photochem,660.0,1.426,1.421,1.403,1.373,1.332,1.28,1.217,1.144,1.061,0.9689,0.869,0.762,0.6489,0.531,0.4101,0.2889,0.1721,0.07175
pal10,photochem,670.0,1.466,1.46,1.442,1.411,1.369,1.316,1.251,1.176,1.092,0.9977,0.8955,0.7859,0.67,0.5492,0.4252,0.3005,0.18,0.07567
pal10,photochem,680.0,1.441,1.435,1.417,1.387,1.346,1.294,1.231,1.157,1.074,0.9823,0.8822,0.7748,0.6612,0.5427,0.421,0.2984,0.1796,0.07601
pal10,photochem,690.0,1.421,1.415,1.398,1.369,1.328,1.277,1.215,1.142,1.061,0.9703,0.8719,0.7662,0.6545,0.5379,0.4179,0.297,0.1794,0.07631
pal10,photochem,700.0,1.397,1.392,1.375,1.346,1.306,1.256,1.195,1.124,1.044,0.9557,0.8591,0.7555,0.6459,0.5314,0.4136,0.2946,0.1787,0.07642
pal10,photochem,710.0,1.365,1.36,1.343,1.315,1.276,1.227,1.168,1.099,1.021,0.9347,0.8405,0.7395,0.6326,0.5209,0.4059,0.2897,0.1762,0.07556
pal10,photochem,720.0,1.321,1.315,1.299,1.272,1.235,1.188,1.13,1.064,0.9886,0.9051,0.8142,0.7167,0.6134,0.5055,0.3943,0.2819,0.1718,0.07385
pal10,photochem,730.0,1.291,1.285,1.27,1.243,1.207,1.161,1.105,1.04,0.9668,0.8854,0.7968,0.7016,0.6009,0.4956,0.387,0.2771,0.1694,0.07303
pal10,vulcan,120.7,0.0,0.0,0.0,0.0,0.0,0.0,0.0,0.0,0.0,0.0,0.0,0.0,0.0,0.0,0.0,0.0,0.0,0.0
pal10,vulcan,121.65,0.0,0.0,0.0,0.0,0.0,0.0,0.0,0.0,0.0,0.0,0.0,0.0,0.0,0.0,0.0,0.0,0.0,0.0
pal10,vulcan,122.1,0.0,0.0,0.0,0.0,0.0,0.0,0.0,0.0,0.0,0.0,0.0,0.0,0.0,0.0,0.0,0.0,0.0,0.0
pal10,vulcan,122.7,0.0,0.0,0.0,0.0,0.0,0.0,0.0,0.0,0.0,0.0,0.0,0.0,0.0,0.0,0.0,0.0,0.0,0.0
pal10,vulcan,123.45,0.0,0.0,0.0,0.0,0.0,0.0,0.0,0.0,0.0,0.0,0.0,0.0,0.0,0.0,0.0,0.0,0.0,0.0
pal10,vulcan,124.2,0.0,0.0,0.0,0.0,0.0,0.0,0.0,0.0,0.0,0.0,0.0,0.0,0.0,0.0,0.0,0.0,0.0,0.0
pal10,vulcan,125.0,0.0,0.0,0.0,0.0,0.0,0.0,0.0,0.0,0.0,0.0,0.0,0.0,0.0,0.0,0.0,0.0,0.0,0.0
pal10,vulcan,125.8,0.0,0.0,0.0,0.0,0.0,0.0,0.0,0.0,0.0,0.0,0.0,0.0,0.0,0.0,0.0,0.0,0.0,0.0
pal10,vulcan,126.6,0.0,0.0,0.0,0.0,0.0,0.0,0.0,0.0,0.0,0.0,0.0,0.0,0.0,0.0,0.0,0.0,0.0,0.0
pal10,vulcan,127.8,0.0,0.0,0.0,0.0,0.0,0.0,0.0,0.0,0.0,0.0,0.0,0.0,0.0,0.0,0.0,0.0,0.0,0.0
pal10,vulcan,129.0,0.0,0.0,0.0,0.0,0.0,0.0,0.0,0.0,0.0,0.0,0.0,0.0,0.0,0.0,0.0,0.0,0.0,0.0
pal10,vulcan,129.85,0.0,0.0,0.0,0.0,0.0,0.0,0.0,0.0,0.0,0.0,0.0,0.0,0.0,0.0,0.0,0.0,0.0,0.0
pal10,vulcan,131.15,0.0,0.0,0.0,0.0,0.0,0.0,0.0,0.0,0.0,0.0,0.0,0.0,0.0,0.0,0.0,0.0,0.0,0.0
pal10,vulcan,133.5,0.0,0.0,0.0,0.0,0.0,0.0,0.0,0.0,0.0,0.0,0.0,0.0,0.0,0.0,0.0,0.0,0.0,0.0
pal10,vulcan,136.0,0.0,0.0,0.0,0.0,0.0,0.0,0.0,0.0,0.0,0.0,0.0,0.0,0.0,0.0,0.0,0.0,0.0,0.0
pal10,vulcan,141.0,0.0,0.0,0.0,0.0,0.0,0.0,0.0,0.0,0.0,0.0,0.0,0.0,0.0,0.0,0.0,0.0,0.0,0.0
pal10,vulcan,150.0,0.0,0.0,0.0,0.0,0.0,0.0,0.0,0.0,0.0,0.0,0.0,0.0,0.0,0.0,0.0,0.0,0.0,0.0
pal10,vulcan,160.0,0.0,0.0,0.0,0.0,0.0,0.0,0.0,0.0,0.0,0.0,0.0,0.0,0.0,0.0,0.0,0.0,0.0,0.0
pal10,vulcan,167.5,0.0,0.0,0.0,0.0,0.0,0.0,0.0,0.0,0.0,0.0,0.0,0.0,0.0,0.0,0.0,0.0,0.0,0.0
pal10,vulcan,172.7,0.0,0.0,0.0,0.0,0.0,0.0,0.0,0.0,0.0,0.0,0.0,0.0,0.0,0.0,0.0,0.0,0.0,0.0
pal10,vulcan,176.2,0.0,0.0,0.0,0.0,0.0,0.0,0.0,0.0,0.0,0.0,0.0,0.0,0.0,0.0,0.0,0.0,0.0,0.0
pal10,vulcan,177.8,0.0,0.0,0.0,0.0,0.0,0.0,0.0,0.0,0.0,0.0,0.0,0.0,0.0,0.0,0.0,0.0,0.0,0.0
pal10,vulcan,179.4,0.0,0.0,0.0,0.0,0.0,0.0,0.0,0.0,0.0,0.0,0.0,0.0,0.0,0.0,0.0,0.0,0.0,0.0
pal10,vulcan,181.0,0.0,0.0,0.0,0.0,0.0,0.0,0.0,0.0,0.0,0.0,0.0,0.0,0.0,0.0,0.0,0.0,0.0,0.0
pal10,vulcan,182.65,0.0,0.0,0.0,0.0,0.0,0.0,0.0,0.0,0.0,0.0,0.0,0.0,0.0,0.0,0.0,0.0,0.0,0.0
pal10,vulcan,184.35,0.0,0.0,0.0,0.0,0.0,0.0,0.0,0.0,0.0,0.0,0.0,0.0,0.0,0.0,0.0,0.0,0.0,0.0
pal10,vulcan,186.05,0.0,0.0,0.0,0.0,0.0,0.0,0.0,0.0,0.0,0.0,0.0,0.0,0.0,0.0,0.0,0.0,0.0,0.0
pal10,vulcan,187.8,0.0,0.0,0.0,0.0,0.0,0.0,0.0,0.0,0.0,0.0,0.0,0.0,0.0,0.0,0.0,0.0,0.0,0.0
pal10,vulcan,189.6,0.0,0.0,0.0,0.0,0.0,0.0,0.0,0.0,0.0,0.0,0.0,0.0,0.0,0.0,0.0,0.0,0.0,0.0
pal10,vulcan,191.4,0.0,0.0,0.0,0.0,0.0,0.0,0.0,0.0,0.0,0.0,0.0,0.0,0.0,0.0,0.0,0.0,0.0,0.0
pal10,vulcan,193.25,0.0,0.0,0.0,0.0,0.0,0.0,0.0,0.0,0.0,0.0,0.0,0.0,0.0,0.0,0.0,0.0,0.0,0.0
pal10,vulcan,195.15,0.0,0.0,0.0,0.0,0.0,0.0,0.0,0.0,0.0,0.0,0.0,0.0,0.0,0.0,0.0,0.0,0.0,0.0
pal10,vulcan,197.05,0.0,0.0,0.0,0.0,0.0,0.0,0.0,0.0,0.0,0.0,0.0,0.0,0.0,0.0,0.0,0.0,0.0,0.0
pal10,vulcan,199.0,0.0,0.0,0.0,0.0,0.0,0.0,0.0,0.0,0.0,0.0,0.0,0.0,0.0,0.0,0.0,0.0,0.0,0.0
pal10,vulcan,201.0,0.0,0.0,0.0,0.0,0.0,0.0,0.0,0.0,0.0,0.0,0.0,0.0,0.0,0.0,0.0,0.0,0.0,0.0
pal10,vulcan,203.05,0.0,0.0,0.0,0.0,0.0,0.0,0.0,0.0,0.0,0.0,0.0,0.0,0.0,0.0,0.0,0.0,0.0,0.0
pal10,vulcan,205.15,0.0,0.0,0.0,0.0,0.0,0.0,0.0,0.0,0.0,0.0,0.0,0.0,0.0,0.0,0.0,0.0,0.0,0.0
pal10,vulcan,207.2665,3.061e-20,2.614e-20,1.619e-20,7.146e-21,2.176e-21,4.359e-22,5.359e-23,3.676e-24,1.242e-25,1.831e-27,1.65e-29,1.015e-30,3.078e-31,1.468e-31,8.583e-32,5.388e-32,3.279e-32,1.673e-32
pal10,vulcan,209.4295,2.171e-19,1.865e-19,1.175e-19,5.338e-20,1.696e-20,3.597e-21,4.768e-22,3.603e-23,1.378e-24,2.383e-26,2.566e-28,1.541e-29,4.351e-30,2.029e-30,1.194e-30,7.6e-31,4.699e-31,2.442e-31
pal10,vulcan,211.646,1.747e-18,1.51e-18,9.696e-19,4.551e-19,1.516e-19,3.431e-20,4.949e-21,4.173e-22,1.838e-23,3.82e-25,5.041e-27,3.035e-28,7.801e-29,3.552e-29,2.117e-29,1.373e-29,8.654e-30,4.599e-30
pal10,vulcan,213.91,4.762e-18,4.13e-18,2.68e-18,1.28e-18,4.376e-19,1.025e-19,1.548e-20,1.385e-21,6.586e-23,1.511e-24,2.227e-26,1.18e-27,2.662e-28,1.192e-28,7.253e-29,4.803e-29,3.084e-29,1.676e-29
pal10,vulcan,216.2225,9.416e-18,8.19e-18,5.362e-18,2.602e-18,9.098e-19,2.199e-19,3.458e-20,3.262e-21,1.661e-22,4.173e-24,6.72e-26,3.085e-27,5.924e-28,2.645e-28,1.656e-28,1.12e-28,7.329e-29,4.077e-29
pal10,vulcan,218.5855,2.626e-17,2.291e-17,1.515e-17,7.473e-18,2.678e-18,6.691e-19,1.1e-19,1.099e-20,6.047e-22,1.687e-23,3.025e-25,1.177e-26,1.872e-27,8.523e-28,5.507e-28,3.799e-28,2.531e-28,1.442e-28
pal10,vulcan,221.001,2.653e-17,2.315e-17,1.531e-17,7.553e-18,2.708e-18,6.771e-19,1.115e-19,1.117e-20,6.181e-22,1.743e-23,3.046e-25,8.901e-27,1.146e-27,5.448e-28,3.62e-28,2.537e-28,1.715e-28,9.979e-29
pal10,vulcan,223.4705,1.932e-17,1.683e-17,1.106e-17,5.402e-18,1.908e-18,4.679e-19,7.511e-20,7.297e-21,3.89e-22,1.049e-23,1.649e-25,3.297e-27,3.412e-28,1.72e-28,1.169e-28,8.295e-29,5.677e-29,3.364e-29
pal10,vulcan,225.996,6.982e-18,6.064e-18,3.953e-18,1.904e-18,6.592e-19,1.573e-19,2.441e-20,2.275e-21,1.154e-22,2.927e-24,4.016e-26,5.151e-28,4.32e-29,2.313e-29,1.599e-29,1.146e-29,7.931e-30,4.787e-30
pal10,vulcan,228.579,1.325e-18,1.144e-18,7.317e-19,3.414e-19,1.128e-19,2.531e-20,3.625e-21,3.052e-22,1.364e-23,2.932e-25,3.037e-27,2.153e-29,1.483e-30,8.373e-31,5.859e-31,4.232e-31,2.954e-31,1.812e-31
pal10,vulcan,231.2215,1.176e-19,1.006e-19,6.26e-20,2.786e-20,8.598e-21,1.758e-21,2.233e-22,1.613e-23,5.933e-25,9.455e-27,6.809e-29,2.377e-31,1.379e-32,8.087e-33,5.705e-33,4.142e-33,2.911e-33,1.811e-33
pal10,vulcan,233.926,4.249e-21,3.593e-21,2.16e-21,9.054e-22,2.564e-22,4.666e-23,5.09e-24,3.027e-25,8.662e-27,1.026e-28,4.314e-31,6.734e-34,3.36e-35,2.021e-35,1.433e-35,1.045e-35,7.389e-36,4.655e-36
pal10,vulcan,236.6945,1.5e-22,1.252e-22,7.231e-23,2.833e-23,7.269e-24,1.158e-24,1.061e-25,5.042e-27,1.078e-28,8.641e-31,2.061e-33,1.344e-36,5.872e-38,3.59e-38,2.555e-38,1.869e-38,1.329e-38,8.462e-39
pal10,vulcan,239.5295,9.905e-24,8.194e-24,4.608e-24,1.725e-24,4.14e-25,6.027e-26,4.908e-27,1.996e-28,3.461e-30,2.052e-32,3.043e-35,8.932e-39,3.461e-40,2.141e-40,1.53e-40,1.123e-40,8.035e-41,5.183e-41
pal10,vulcan,242.433,2.8e-24,2.301e-24,1.269e-24,4.593e-25,1.049e-25,1.423e-26,1.051e-27,3.732e-29,5.328e-31,2.362e-33,2.227e-36,3.124e-40,1.089e-41,6.795e-42,4.871e-42,3.589e-42,2.583e-42,1.684e-42
pal10,vulcan,245.408,1.877e-26,1.514e-26,7.886e-27,2.588e-27,5.123e-28,5.728e-29,3.245e-30,8.425e-32,7.935e-34,2.063e-36,9.734e-40,5.465e-44,1.401e-45,1.401e-45,1.401e-45,0.0,0.0,0.0
pal10,vulcan,248.457,2.765e-28,2.195e-28,1.089e-28,3.286e-29,5.761e-30,5.464e-31,2.526e-32,4.908e-34,3.241e-36,5.342e-39,1.396e-42,0.0,0.0,0.0,0.0,0.0,0.0,0.0
pal10,vulcan,251.5825,2.495e-29,1.963e-29,9.47e-30,2.727e-30,4.463e-31,3.856e-32,1.577e-33,2.618e-35,1.413e-37,1.796e-40,3.363e-44,0.0,0.0,0.0,0.0,0.0,0.0,0.0
pal10,vulcan,254.7875,1.253e-29,9.814e-30,4.678e-30,1.319e-30,2.094e-31,1.735e-32,6.722e-34,1.04e-35,5.123e-38,5.791e-41,9.809e-45,0.0,0.0,0.0,0.0,0.0,0.0,0.0
pal10,vulcan,258.075,1.27e-28,1.001e-28,4.864e-29,1.417e-29,2.36e-30,2.086e-31,8.79e-33,1.514e-34,8.55e-37,1.15e-39,2.298e-43,0.0,0.0,0.0,0.0,0.0,0.0,0.0
pal10,vulcan,261.449,2.524e-27,2.015e-27,1.016e-27,3.156e-28,5.765e-29,5.776e-30,2.866e-31,6.088e-33,4.493e-35,8.503e-38,2.634e-41,0.0,0.0,0.0,0.0,0.0,0.0,0.0
pal10,vulcan,264.9125,1.284e-24,1.046e-24,5.602e-25,1.928e-25,4.092e-26,5.021e-27,3.247e-28,9.691e-30,1.103e-31,3.634e-34,2.304e-37,1.748e-41,3.91e-43,2.438e-43,1.738e-43,1.275e-43,9.249e-44,6.026e-44
pal10,vulcan,268.4685,1.611e-21,1.347e-21,7.825e-22,3.094e-22,8.03e-23,1.295e-23,1.196e-24,5.64e-26,1.151e-27,8.008e-30,1.333e-32,3.538e-36,7.967e-38,4.907e-38,3.504e-38,2.576e-38,1.851e-38,1.206e-38
pal10,vulcan,272.1215,3.862e-18,3.327e-18,2.115e-18,9.758e-19,3.17e-19,6.925e-20,9.514e-21,7.47e-22,2.9e-23,4.675e-25,2.284e-27,2.451e-30,5.732e-32,3.468e-32,2.471e-32,1.816e-32,1.303e-32,8.442e-33
pal10,vulcan,275.8755,1.476e-14,1.312e-14,9.181e-15,4.988e-15,2.056e-15,6.2e-16,1.298e-16,1.751e-17,1.367e-18,5.29e-20,8.104e-22,3.828e-24,9.914e-26,5.721e-26,4.058e-26,2.979e-26,2.134e-26,1.375e-26
pal10,vulcan,279.734,2.225e-11,2.037e-11,1.557e-11,9.838e-12,5.051e-12,2.052e-12,6.338e-13,1.409e-13,2.082e-14,1.823e-15,8.027e-17,1.486e-18,4.868e-20,2.438e-20,1.711e-20,1.253e-20,8.963e-21,5.748e-21
pal10,vulcan,283.702,3.7e-08,3.474e-08,2.868e-08,2.068e-08,1.286e-08,6.769e-09,2.935e-09,1.009e-09,2.598e-10,4.636e-11,5.122e-12,3.098e-13,1.678e-14,5.928e-15,4.049e-15,2.947e-15,2.104e-15,1.343e-15
pal10,vulcan,287.7845,1.105e-05,1.058e-05,9.289e-06,7.436e-06,5.386e-06,3.485e-06,1.979e-06,9.615e-07,3.854e-07,1.211e-07,2.778e-08,4.28e-09,4.812e-10,1.103e-10,6.698e-11,4.788e-11,3.4e-11,2.164e-11
pal10,vulcan,291.9865,0.0009084,0.0008832,0.0008109,0.000701,0.0005678,0.0004275,0.0002959,0.0001853,0.0001027,4.884e-05,1.908e-05,5.799e-06,1.331e-06,2.92e-07,1.216e-07,8.074e-08,5.634e-08,3.565e-08
pal10,vulcan,296.309,0.01109,0.01089,0.0103,0.009367,0.008168,0.006796,0.00536,0.003969,0.002723,0.0017,0.0009409,0.0004458,0.0001736,5.512e-05,1.75e-05,8.544e-06,5.557e-06,3.449e-06
pal10,vulcan,300.5,0.04309,0.04254,0.04094,0.03834,0.03489,0.03075,0.02615,0.02132,0.01653,0.01206,0.008138,0.004971,0.002663,0.001205,0.0004557,0.0001682,8.443e-05,4.913e-05
pal10,vulcan,303.0,0.1055,0.1044,0.1011,0.09584,0.0887,0.07999,0.07008,0.05936,0.04832,0.03748,0.02736,0.01848,0.01127,0.005995,0.002676,0.001017,0.0004159,0.0002168
pal10,vulcan,304.0,0.1124,0.1112,0.1079,0.1026,0.09531,0.08643,0.07625,0.06517,0.05366,0.04223,0.0314,0.02172,0.01365,0.00755,0.003526,0.001378,0.0005398,0.0002681
pal10,vulcan,305.0,0.1488,0.1475,0.1434,0.1367,0.1277,0.1166,0.1038,0.08973,0.07497,0.06009,0.04575,0.03262,0.02133,0.01241,0.006166,0.002534,0.0009559,0.0004385
pal10,vulcan,306.0,0.1371,0.1359,0.1323,0.1264,0.1185,0.1087,0.09728,0.08473,0.07145,0.05795,0.04468,0.03255,0.02182,0.01312,0.006788,0.0029,0.001081,0.0004659
pal10,vulcan,307.0,0.173,0.1715,0.1672,0.1602,0.1507,0.1388,0.1251,0.1098,0.0935,0.0768,0.06032,0.04476,0.03083,0.0192,0.0104,0.004662,0.001744,0.000697
pal10,vulcan,308.0,0.1988,0.1973,0.1926,0.1849,0.1744,0.1614,0.1462,0.1293,0.1111,0.0923,0.07355,0.0556,0.03924,0.02524,0.01426,0.006714,0.00256,0.0009541
pal10,vulcan,309.0,0.2041,0.2025,0.1979,0.1902,0.1797,0.1667,0.1515,0.1345,0.1162,0.09713,0.07803,0.0596,0.04264,0.02792,0.01614,0.00782,0.003031,0.001087
pal10,vulcan,310.0,0.1968,0.1954,0.1912,0.1842,0.1746,0.1627,0.1487,0.133,0.1159,0.09807,0.07998,0.06229,0.04571,0.03096,0.01874,0.009621,0.003914,0.001325
pal10,vulcan,311.0,0.3283,0.326,0.3191,0.3077,0.2921,0.2727,0.2498,0.224,0.1961,0.1667,0.1368,0.1073,0.07957,0.05462,0.03366,0.0177,0.007367,0.00245
pal10,vulcan,312.0,0.2897,0.2874,0.2818,0.2721,0.2588,0.2422,0.2226,0.2005,0.1765,0.151,0.125,0.09923,0.07464,0.05225,0.03307,0.01803,0.007807,0.002564
pal10,vulcan,313.0,0.32,0.3179,0.3116,0.3013,0.2871,0.2693,0.2484,0.2246,0.1987,0.1712,0.1429,0.1147,0.08747,0.0624,0.04054,0.02291,0.01037,0.003417
pal10,vulcan,314.0,0.348,0.3457,0.339,0.328,0.3128,0.2937,0.2712,0.2457,0.2178,0.1881,0.1575,0.1269,0.09736,0.06996,0.04589,0.02629,0.0121,0.004004
pal10,vulcan,316.0,0.3505,0.3483,0.3419,0.3314,0.3169,0.2986,0.277,0.2525,0.2255,0.1966,0.1666,0.1364,0.1067,0.07879,0.05366,0.03243,0.01607,0.00559
pal10,vulcan,320.0,0.4415,0.439,0.4314,0.4189,0.4017,0.3801,0.3544,0.325,0.2926,0.2577,0.2213,0.184,0.1471,0.1117,0.07915,0.05063,0.02732,0.0105
pal10,vulcan,325.0,0.5573,0.5543,0.5452,0.5303,0.5097,0.4828,0.4528,0.4174,0.3782,0.3358,0.2911,0.2452,0.1993,0.1547,0.1129,0.07549,0.04372,0.0188
pal10,vulcan,330.0,0.6892,0.6855,0.6747,0.6567,0.632,0.6007,0.5634,0.5207,0.4732,0.4217,0.3674,0.3113,0.2548,0.1997,0.1477,0.1006,0.06012,0.02737
pal10,vulcan,335.0,0.655,0.6516,0.6415,0.6247,0.6017,0.5725,0.5377,0.4978,0.4533,0.405,0.3539,0.301,0.2476,0.1952,0.1454,0.1002,0.061,0.02883
pal10,vulcan,340.0,0.7119,0.7083,0.6974,0.6795,0.6547,0.6234,0.586,0.543,0.4951,0.443,0.3878,0.3305,0.2725,0.2153,0.161,0.1113,0.06827,0.03277
pal10,vulcan,345.0,0.7022,0.6987,0.6881,0.6706,0.6464,0.6157,0.5791,0.5371,0.4901,0.4391,0.3848,0.3284,0.2711,0.2146,0.1606,0.1113,0.06844,0.0331
pal10,vulcan,350.0,0.735,0.7313,0.7203,0.7021,0.677,0.6451,0.607,0.5632,0.5143,0.4611,0.4044,0.3454,0.2854,0.226,0.1692,0.1171,0.07193,0.03476
pal10,vulcan,355.0,0.7778,0.7739,0.7624,0.7432,0.7168,0.6834,0.6433,0.5972,0.5458,0.4896,0.4298,0.3675,0.3039,0.2409,0.1805,0.125,0.07673,0.03716
pal10,vulcan,360.0,0.7117,0.7082,0.6977,0.6803,0.6563,0.6259,0.5895,0.5476,0.5007,0.4495,0.3949,0.3379,0.2797,0.2219,0.1663,0.1151,0.07062,0.03422
pal10,vulcan,365.0,0.9056,0.9011,0.8879,0.8659,0.8356,0.7971,0.7511,0.698,0.6386,0.5737,0.5045,0.432,0.3579,0.2841,0.213,0.1474,0.09034,0.04377
pal10,vulcan,370.0,0.9421,0.9375,0.9238,0.9012,0.8698,0.83,0.7824,0.7274,0.6659,0.5987,0.5268,0.4515,0.3744,0.2974,0.2231,0.1543,0.09444,0.04573
pal10,vulcan,375.0,0.8516,0.8475,0.8352,0.8148,0.7866,0.7509,0.708,0.6586,0.6032,0.5427,0.4779,0.4099,0.3402,0.2705,0.2029,0.1403,0.08575,0.04149
pal10,vulcan,380.0,0.9795,0.9748,0.9607,0.9374,0.9052,0.8643,0.8153,0.7587,0.6953,0.6259,0.5515,0.4735,0.3933,0.3129,0.2348,0.1623,0.09909,0.04789
pal10,vulcan,385.0,0.7388,0.7353,0.7248,0.7073,0.6831,0.6524,0.6157,0.5732,0.5255,0.4734,0.4174,0.3586,0.2981,0.2374,0.1782,0.1232,0.07508,0.03624
pal10,vulcan,390.0,0.9653,0.9607,0.947,0.9243,0.8928,0.853,0.8052,0.7499,0.6879,0.62,0.5471,0.4704,0.3914,0.3119,0.2343,0.1619,0.09854,0.0475
pal10,vulcan,395.0,0.7491,0.7456,0.735,0.7175,0.6932,0.6624,0.6255,0.5828,0.5349,0.4824,0.4259,0.3665,0.3052,0.2434,0.1829,0.1264,0.07682,0.03697
pal10,vulcan,400.0,1.391,1.385,1.365,1.333,1.288,1.231,1.163,1.084,0.9953,0.898,0.7935,0.6832,0.5694,0.4544,0.3418,0.2362,0.1433,0.06887
pal10,vulcan,405.0,1.419,1.412,1.392,1.36,1.314,1.256,1.187,1.107,1.017,0.918,0.8116,0.6994,0.5833,0.4659,0.3507,0.2423,0.1469,0.07044
pal10,vulcan,410.0,1.464,1.457,1.436,1.403,1.356,1.297,1.226,1.143,1.051,0.949,0.8395,0.7239,0.6042,0.483,0.3638,0.2514,0.1522,0.07283
pal10,vulcan,415.0,1.525,1.518,1.497,1.462,1.414,1.352,1.278,1.193,1.097,0.9911,0.8773,0.7571,0.6324,0.506,0.3813,0.2635,0.1593,0.07611
pal10,vulcan,420.0,1.54,1.533,1.512,1.476,1.428,1.366,1.292,1.206,1.109,1.003,0.888,0.7668,0.641,0.5133,0.3871,0.2676,0.1616,0.07701
pal10,vulcan,425.0,1.47,1.463,1.443,1.41,1.364,1.305,1.234,1.152,1.06,0.9591,0.85,0.7344,0.6144,0.4923,0.3716,0.2569,0.1549,0.07364
pal10,vulcan,430.0,1.356,1.35,1.332,1.301,1.259,1.205,1.14,1.064,0.9798,0.8866,0.7862,0.6797,0.569,0.4564,0.3447,0.2384,0.1436,0.06811
pal10,vulcan,435.0,1.575,1.568,1.546,1.511,1.462,1.399,1.324,1.237,1.139,1.031,0.9148,0.7914,0.6631,0.5322,0.4023,0.2783,0.1675,0.07921
pal10,vulcan,440.0,1.62,1.613,1.591,1.554,1.504,1.44,1.363,1.274,1.173,1.063,0.9432,0.8164,0.6845,0.5498,0.4158,0.2877,0.173,0.08153
pal10,vulcan,445.0,1.74,1.732,1.709,1.67,1.616,1.547,1.465,1.369,1.262,1.143,1.015,0.8793,0.7377,0.5929,0.4488,0.3106,0.1866,0.08768
pal10,vulcan,450.0,1.851,1.842,1.818,1.776,1.719,1.646,1.559,1.458,1.344,1.218,1.082,0.9377,0.7872,0.6332,0.4796,0.3321,0.1993,0.0934
pal10,vulcan,455.0,1.811,1.803,1.779,1.739,1.683,1.612,1.527,1.428,1.317,1.194,1.061,0.92,0.7728,0.6221,0.4716,0.3266,0.1959,0.0915
pal10,vulcan,460.0,1.864,1.855,1.83,1.789,1.732,1.659,1.572,1.47,1.356,1.23,1.093,0.9485,0.7971,0.6419,0.4868,0.3372,0.2019,0.09381
pal10,vulcan,465.0,1.843,1.834,1.81,1.769,1.713,1.641,1.555,1.455,1.342,1.218,1.083,0.9401,0.7906,0.6372,0.4835,0.3351,0.2006,0.09294
pal10,vulcan,470.0,1.833,1.824,1.8,1.76,1.704,1.633,1.547,1.448,1.336,1.213,1.079,0.9371,0.7885,0.6359,0.4829,0.3348,0.2003,0.09249
pal10,vulcan,475.0,1.854,1.846,1.821,1.78,1.724,1.652,1.566,1.466,1.353,1.228,1.094,0.9499,0.7997,0.6453,0.4904,0.3401,0.2033,0.09352
pal10,vulcan,480.0,1.906,1.898,1.872,1.831,1.773,1.699,1.611,1.508,1.392,1.264,1.125,0.9778,0.8233,0.6645,0.505,0.3501,0.2087,0.09531
pal10,vulcan,485.0,1.731,1.724,1.701,1.663,1.61,1.544,1.464,1.37,1.265,1.149,1.024,0.8898,0.7496,0.6054,0.4603,0.3192,0.1902,0.08652
pal10,vulcan,490.0,1.803,1.795,1.771,1.732,1.678,1.608,1.525,1.428,1.319,1.198,1.068,0.9287,0.7828,0.6326,0.4814,0.3341,0.199,0.09032
pal10,vulcan,495.0,1.836,1.828,1.804,1.764,1.709,1.639,1.554,1.455,1.344,1.222,1.089,0.9474,0.799,0.646,0.4918,0.3414,0.2032,0.09185
pal10,vulcan,500.0,1.75,1.743,1.72,1.682,1.629,1.562,1.481,1.388,1.282,1.165,1.039,0.9038,0.7623,0.6164,0.4693,0.3256,0.1933,0.0867
pal10,vulcan,505.0,1.777,1.77,1.746,1.708,1.654,1.586,1.504,1.409,1.302,1.183,1.055,0.9178,0.7741,0.6259,0.4763,0.3301,0.1954,0.08679
pal10,vulcan,510.0,1.762,1.754,1.731,1.693,1.64,1.573,1.492,1.398,1.292,1.175,1.048,0.9119,0.7695,0.6226,0.4741,0.3289,0.1947,0.08632
pal10,vulcan,515.0,1.633,1.626,1.605,1.57,1.521,1.459,1.384,1.297,1.198,1.09,0.9721,0.8465,0.7146,0.5784,0.4408,0.3058,0.181,0.07995
pal10,vulcan,520.0,1.679,1.671,1.649,1.613,1.563,1.499,1.422,1.333,1.232,1.121,0.9998,0.8708,0.7353,0.5954,0.4538,0.3148,0.1861,0.08175
pal10,vulcan,525.0,1.683,1.676,1.654,1.617,1.567,1.503,1.426,1.337,1.235,1.124,1.003,0.8733,0.7374,0.597,0.4548,0.3153,0.1859,0.08096
pal10,vulcan,530.0,1.771,1.763,1.74,1.702,1.649,1.582,1.5,1.406,1.3,1.182,1.055,0.9186,0.7755,0.6276,0.4779,0.3308,0.1943,0.08373
pal10,vulcan,535.0,1.715,1.708,1.686,1.649,1.597,1.532,1.454,1.363,1.26,1.146,1.022,0.8904,0.7518,0.6086,0.4634,0.3207,0.1881,0.08058
pal10,vulcan,540.0,1.716,1.709,1.687,1.65,1.599,1.534,1.455,1.364,1.261,1.147,1.024,0.8922,0.7536,0.6102,0.4649,0.3219,0.1888,0.08059
pal10,vulcan,545.0,1.741,1.733,1.711,1.673,1.621,1.555,1.476,1.383,1.279,1.164,1.039,0.9052,0.7646,0.6192,0.4717,0.3265,0.1912,0.08109
pal10,vulcan,550.0,1.745,1.738,1.715,1.678,1.626,1.559,1.48,1.387,1.283,1.167,1.042,0.9082,0.7673,0.6215,0.4735,0.3277,0.1916,0.08088
pal10,vulcan,555.0,1.731,1.724,1.701,1.664,1.613,1.547,1.468,1.377,1.273,1.159,1.035,0.9018,0.7621,0.6174,0.4705,0.3256,0.1902,0.07981
pal10,vulcan,560.0,1.686,1.679,1.657,1.621,1.571,1.507,1.43,1.341,1.24,1.128,1.007,0.878,0.7419,0.6009,0.4577,0.3164,0.1843,0.07666
pal10,vulcan,565.0,1.687,1.68,1.658,1.622,1.571,1.508,1.431,1.341,1.24,1.129,1.008,0.8781,0.7418,0.6007,0.4573,0.3157,0.1834,0.07555
pal10,vulcan,570.0,1.676,1.669,1.647,1.611,1.561,1.498,1.422,1.333,1.233,1.122,1.001,0.8726,0.7372,0.5968,0.4543,0.3135,0.1817,0.07438
pal10,vulcan,575.0,1.704,1.697,1.675,1.638,1.587,1.523,1.445,1.355,1.253,1.141,1.018,0.8877,0.75,0.6074,0.4624,0.3191,0.1849,0.07535
pal10,vulcan,580.0,1.677,1.669,1.648,1.612,1.562,1.499,1.423,1.334,1.234,1.124,1.004,0.8751,0.7398,0.5996,0.4569,0.3157,0.1833,0.07482
pal10,vulcan,585.0,1.678,1.671,1.649,1.614,1.564,1.501,1.425,1.336,1.236,1.126,1.006,0.8775,0.7423,0.6021,0.4593,0.3179,0.1849,0.07563
pal10,vulcan,590.0,1.619,1.612,1.591,1.557,1.509,1.448,1.375,1.29,1.194,1.087,0.9714,0.8476,0.7173,0.582,0.4443,0.3077,0.1791,0.07315
pal10,vulcan,595.0,1.65,1.643,1.622,1.587,1.538,1.476,1.401,1.315,1.217,1.108,0.9901,0.8639,0.731,0.5931,0.4526,0.3133,0.182,0.07388
pal10,vulcan,600.0,1.609,1.602,1.581,1.547,1.5,1.439,1.366,1.282,1.186,1.08,0.965,0.842,0.7123,0.5777,0.4406,0.3047,0.1766,0.0711
pal10,vulcan,605.0,1.627,1.62,1.6,1.565,1.517,1.456,1.382,1.297,1.2,1.093,0.9767,0.8524,0.7213,0.5852,0.4466,0.3089,0.1791,0.07201
pal10,vulcan,610.0,1.608,1.601,1.58,1.546,1.499,1.439,1.366,1.282,1.187,1.081,0.9666,0.8441,0.7148,0.5806,0.4437,0.3077,0.179,0.07235
pal10,vulcan,615.0,1.57,1.564,1.544,1.51,1.464,1.406,1.335,1.253,1.16,1.058,0.9461,0.8267,0.7007,0.5698,0.4362,0.3032,0.1771,0.07205
pal10,vulcan,620.0,1.594,1.587,1.567,1.533,1.486,1.427,1.356,1.273,1.179,1.075,0.9618,0.8409,0.7133,0.5806,0.4451,0.31,0.1817,0.07427
pal10,vulcan,625.0,1.56,1.553,1.534,1.501,1.455,1.397,1.328,1.247,1.155,1.053,0.9429,0.8247,0.6999,0.5702,0.4376,0.3054,0.1794,0.0736
pal10,vulcan,630.0,1.563,1.556,1.536,1.503,1.458,1.4,1.33,1.249,1.158,1.056,0.9459,0.8277,0.7029,0.5732,0.4404,0.3079,0.1814,0.07472
pal10,vulcan,635.0,1.552,1.546,1.526,1.494,1.449,1.391,1.322,1.242,1.151,1.05,0.9411,0.8239,0.7002,0.5715,0.4397,0.308,0.182,0.0753
pal10,vulcan,640.0,1.535,1.528,1.509,1.477,1.433,1.376,1.308,1.229,1.139,1.04,0.932,0.8164,0.6943,0.5671,0.4369,0.3066,0.1818,0.07557
pal10,vulcan,644.8,1.527,1.52,1.501,1.469,1.425,1.369,1.301,1.223,1.134,1.035,0.9283,0.8135,0.6922,0.5659,0.4365,0.3069,0.1824,0.07613
pal10,vulcan,651.05,1.508,1.502,1.483,1.451,1.408,1.353,1.286,1.209,1.121,1.024,0.9183,0.8051,0.6856,0.561,0.4332,0.3051,0.1819,0.07621
pal10,vulcan,660.0,1.431,1.426,1.408,1.378,1.337,1.285,1.222,1.148,1.065,0.9736,0.8736,0.7665,0.6533,0.5353,0.4141,0.2925,0.1751,0.07376
pal10,vulcan,670.0,1.47,1.464,1.446,1.415,1.373,1.32,1.255,1.18,1.096,1.002,0.8993,0.7897,0.6737,0.5527,0.4285,0.3035,0.1825,0.07738
pal10,vulcan,680.0,1.444,1.438,1.42,1.391,1.349,1.297,1.234,1.16,1.077,0.9854,0.8852,0.7778,0.6642,0.5456,0.4237,0.3008,0.1816,0.0774
pal10,vulcan,690.0,1.424,1.418,1.4,1.371,1.331,1.279,1.217,1.145,1.063,0.9729,0.8744,0.7687,0.6569,0.5402,0.4201,0.2989,0.1811,0.07747
pal10,vulcan,700.0,1.4,1.394,1.377,1.348,1.308,1.258,1.197,1.126,1.046,0.9576,0.861,0.7574,0.6477,0.5331,0.4152,0.2961,0.18,0.07732
pal10,vulcan,710.0,1.367,1.361,1.345,1.317,1.278,1.229,1.17,1.101,1.023,0.9363,0.8421,0.7411,0.6341,0.5224,0.4073,0.2909,0.1772,0.07631
pal10,vulcan,720.0,1.322,1.317,1.301,1.274,1.236,1.189,1.132,1.065,0.9899,0.9064,0.8155,0.7179,0.6147,0.5067,0.3955,0.2829,0.1727,0.07448
pal10,vulcan,730.0,1.292,1.286,1.271,1.244,1.208,1.162,1.106,1.041,0.9678,0.8864,0.7978,0.7026,0.6018,0.4965,0.3879,0.2779,0.1701,0.07351
pal10,waccm,120.7,0.0,0.0,0.0,0.0,0.0,0.0,0.0,0.0,0.0,0.0,0.0,0.0,0.0,0.0,0.0,0.0,0.0,0.0
pal10,waccm,121.65,0.0,0.0,0.0,0.0,0.0,0.0,0.0,0.0,0.0,0.0,0.0,0.0,0.0,0.0,0.0,0.0,0.0,0.0
pal10,waccm,122.1,0.0,0.0,0.0,0.0,0.0,0.0,0.0,0.0,0.0,0.0,0.0,0.0,0.0,0.0,0.0,0.0,0.0,0.0
pal10,waccm,122.7,0.0,0.0,0.0,0.0,0.0,0.0,0.0,0.0,0.0,0.0,0.0,0.0,0.0,0.0,0.0,0.0,0.0,0.0
pal10,waccm,123.45,0.0,0.0,0.0,0.0,0.0,0.0,0.0,0.0,0.0,0.0,0.0,0.0,0.0,0.0,0.0,0.0,0.0,0.0
pal10,waccm,124.2,0.0,0.0,0.0,0.0,0.0,0.0,0.0,0.0,0.0,0.0,0.0,0.0,0.0,0.0,0.0,0.0,0.0,0.0
pal10,waccm,125.0,0.0,0.0,0.0,0.0,0.0,0.0,0.0,0.0,0.0,0.0,0.0,0.0,0.0,0.0,0.0,0.0,0.0,0.0
pal10,waccm,125.8,0.0,0.0,0.0,0.0,0.0,0.0,0.0,0.0,0.0,0.0,0.0,0.0,0.0,0.0,0.0,0.0,0.0,0.0
pal10,waccm,126.6,0.0,0.0,0.0,0.0,0.0,0.0,0.0,0.0,0.0,0.0,0.0,0.0,0.0,0.0,0.0,0.0,0.0,0.0
pal10,waccm,127.8,0.0,0.0,0.0,0.0,0.0,0.0,0.0,0.0,0.0,0.0,0.0,0.0,0.0,0.0,0.0,0.0,0.0,0.0
pal10,waccm,129.0,0.0,0.0,0.0,0.0,0.0,0.0,0.0,0.0,0.0,0.0,0.0,0.0,0.0,0.0,0.0,0.0,0.0,0.0
pal10,waccm,129.85,0.0,0.0,0.0,0.0,0.0,0.0,0.0,0.0,0.0,0.0,0.0,0.0,0.0,0.0,0.0,0.0,0.0,0.0
pal10,waccm,131.15,0.0,0.0,0.0,0.0,0.0,0.0,0.0,0.0,0.0,0.0,0.0,0.0,0.0,0.0,0.0,0.0,0.0,0.0
pal10,waccm,133.5,0.0,0.0,0.0,0.0,0.0,0.0,0.0,0.0,0.0,0.0,0.0,0.0,0.0,0.0,0.0,0.0,0.0,0.0
pal10,waccm,136.0,0.0,0.0,0.0,0.0,0.0,0.0,0.0,0.0,0.0,0.0,0.0,0.0,0.0,0.0,0.0,0.0,0.0,0.0
pal10,waccm,141.0,0.0,0.0,0.0,0.0,0.0,0.0,0.0,0.0,0.0,0.0,0.0,0.0,0.0,0.0,0.0,0.0,0.0,0.0
pal10,waccm,150.0,0.0,0.0,0.0,0.0,0.0,0.0,0.0,0.0,0.0,0.0,0.0,0.0,0.0,0.0,0.0,0.0,0.0,0.0
pal10,waccm,160.0,0.0,0.0,0.0,0.0,0.0,0.0,0.0,0.0,0.0,0.0,0.0,0.0,0.0,0.0,0.0,0.0,0.0,0.0
pal10,waccm,167.5,0.0,0.0,0.0,0.0,0.0,0.0,0.0,0.0,0.0,0.0,0.0,0.0,0.0,0.0,0.0,0.0,0.0,0.0
pal10,waccm,172.7,0.0,0.0,0.0,0.0,0.0,0.0,0.0,0.0,0.0,0.0,0.0,0.0,0.0,0.0,0.0,0.0,0.0,0.0
pal10,waccm,176.2,0.0,0.0,0.0,0.0,0.0,0.0,0.0,0.0,0.0,0.0,0.0,0.0,0.0,0.0,0.0,0.0,0.0,0.0
pal10,waccm,177.8,0.0,0.0,0.0,0.0,0.0,0.0,0.0,0.0,0.0,0.0,0.0,0.0,0.0,0.0,0.0,0.0,0.0,0.0
pal10,waccm,179.4,0.0,0.0,0.0,0.0,0.0,0.0,0.0,0.0,0.0,0.0,0.0,0.0,0.0,0.0,0.0,0.0,0.0,0.0
pal10,waccm,181.0,0.0,0.0,0.0,0.0,0.0,0.0,0.0,0.0,0.0,0.0,0.0,0.0,0.0,0.0,0.0,0.0,0.0,0.0
pal10,waccm,182.65,0.0,0.0,0.0,0.0,0.0,0.0,0.0,0.0,0.0,0.0,0.0,0.0,0.0,0.0,0.0,0.0,0.0,0.0
pal10,waccm,184.35,0.0,0.0,0.0,0.0,0.0,0.0,0.0,0.0,0.0,0.0,0.0,0.0,0.0,0.0,0.0,0.0,0.0,0.0
pal10,waccm,186.05,0.0,0.0,0.0,0.0,0.0,0.0,0.0,0.0,0.0,0.0,0.0,0.0,0.0,0.0,0.0,0.0,0.0,0.0
pal10,waccm,187.8,0.0,0.0,0.0,0.0,0.0,0.0,0.0,0.0,0.0,0.0,0.0,0.0,0.0,0.0,0.0,0.0,0.0,0.0
pal10,waccm,189.6,0.0,0.0,0.0,0.0,0.0,0.0,0.0,0.0,0.0,0.0,0.0,0.0,0.0,0.0,0.0,0.0,0.0,0.0
pal10,waccm,191.4,0.0,0.0,0.0,0.0,0.0,0.0,0.0,0.0,0.0,0.0,0.0,0.0,0.0,0.0,0.0,0.0,0.0,0.0
pal10,waccm,193.25,0.0,0.0,0.0,0.0,0.0,0.0,0.0,0.0,0.0,0.0,0.0,0.0,0.0,0.0,0.0,0.0,0.0,0.0
pal10,waccm,195.15,0.0,0.0,0.0,0.0,0.0,0.0,0.0,0.0,0.0,0.0,0.0,0.0,0.0,0.0,0.0,0.0,0.0,0.0
pal10,waccm,197.05,0.0,0.0,0.0,0.0,0.0,0.0,0.0,0.0,0.0,0.0,0.0,0.0,0.0,0.0,0.0,0.0,0.0,0.0
pal10,waccm,199.0,0.0,0.0,0.0,0.0,0.0,0.0,0.0,0.0,0.0,0.0,0.0,0.0,0.0,0.0,0.0,0.0,0.0,0.0
pal10,waccm,201.0,0.0,0.0,0.0,0.0,0.0,0.0,0.0,0.0,0.0,0.0,0.0,0.0,0.0,0.0,0.0,0.0,0.0,0.0
pal10,waccm,203.05,0.0,0.0,0.0,0.0,0.0,0.0,0.0,0.0,0.0,0.0,0.0,0.0,0.0,0.0,0.0,0.0,0.0,0.0
pal10,waccm,205.15,0.0,0.0,0.0,0.0,0.0,0.0,0.0,0.0,0.0,0.0,0.0,0.0,0.0,0.0,0.0,0.0,0.0,0.0
pal10,waccm,207.2665,4.76e-20,4.072e-20,2.535e-20,1.128e-20,3.48e-21,7.09e-22,8.913e-23,6.291e-24,2.204e-25,3.402e-27,3.238e-29,2.187e-30,7.384e-31,3.694e-31,2.152e-31,1.317e-31,7.788e-32,3.873e-32
pal10,waccm,209.4295,3.772e-19,3.247e-19,2.059e-19,9.453e-20,3.051e-20,6.611e-21,9.01e-22,7.056e-23,2.825e-24,5.171e-26,5.964e-28,4.026e-29,1.298e-29,6.383e-30,3.72e-30,2.297e-30,1.377e-30,6.964e-31
pal10,waccm,211.646,3.549e-18,3.076e-18,1.991e-18,9.476e-19,3.221e-19,7.491e-20,1.12e-20,9.886e-22,4.616e-23,1.032e-24,1.502e-26,1.04e-27,3.161e-28,1.522e-28,8.899e-29,5.568e-29,3.397e-29,1.759e-29
pal10,waccm,213.91,1.198e-17,1.043e-17,6.837e-18,3.325e-18,1.167e-18,2.834e-19,4.483e-20,4.257e-21,2.183e-22,5.507e-24,9.099e-26,5.857e-27,1.631e-27,7.677e-28,4.522e-28,2.877e-28,1.792e-28,9.511e-29
pal10,waccm,216.2225,3.152e-17,2.754e-17,1.828e-17,9.083e-18,3.287e-18,8.324e-19,1.391e-19,1.419e-20,7.978e-22,2.268e-23,4.241e-25,2.511e-26,6.263e-27,2.888e-27,1.726e-27,1.121e-27,7.144e-28,3.901e-28
pal10,waccm,218.5855,1.279e-16,1.122e-16,7.557e-17,3.846e-17,1.442e-17,3.829e-18,6.816e-19,7.544e-20,4.722e-21,1.548e-22,3.375e-24,1.835e-25,4.006e-26,1.824e-26,1.114e-26,7.409e-27,4.842e-27,2.727e-27
pal10,waccm,221.001,2.057e-16,1.809e-16,1.224e-16,6.288e-17,2.389e-17,6.465e-18,1.18e-18,1.349e-19,8.815e-21,3.059e-22,6.893e-24,3.106e-25,5.77e-26,2.634e-26,1.652e-26,1.124e-26,7.517e-27,4.357e-27
pal10,waccm,223.4705,2.65e-16,2.331e-16,1.578e-16,8.114e-17,3.087e-17,8.371e-18,1.533e-18,1.761e-19,1.16e-20,4.071e-22,8.881e-24,3.092e-25,4.792e-26,2.233e-26,1.44e-26,1.002e-26,6.838e-27,4.071e-27
pal10,waccm,225.996,1.897e-16,1.669e-16,1.13e-16,5.802e-17,2.206e-17,5.977e-18,1.094e-18,1.258e-19,8.323e-21,2.934e-22,6.112e-24,1.582e-25,2.028e-26,9.791e-27,6.487e-27,4.602e-27,3.203e-27,1.958e-27
pal10,waccm,228.579,8.15e-17,7.145e-17,4.791e-17,2.422e-17,8.994e-18,2.362e-18,4.151e-19,4.539e-20,2.818e-21,9.114e-23,1.602e-24,2.733e-26,2.876e-27,1.454e-27,9.871e-28,7.122e-28,5.04e-28,3.154e-28
pal10,waccm,231.2215,1.777e-17,1.549e-17,1.021e-17,5.006e-18,1.78e-18,4.407e-19,7.175e-20,7.113e-21,3.893e-22,1.062e-23,1.414e-25,1.442e-27,1.26e-28,6.677e-29,4.619e-29,3.377e-29,2.422e-29,1.546e-29
pal10,waccm,233.926,1.708e-18,1.477e-18,9.503e-19,4.475e-19,1.499e-19,3.425e-20,5.021e-21,4.349e-22,1.999e-23,4.308e-25,4.01e-27,2.255e-29,1.663e-30,9.176e-31,6.446e-31,4.764e-31,3.455e-31,2.242e-31
pal10,waccm,236.6945,1.706e-19,1.462e-19,9.141e-20,4.101e-20,1.281e-20,2.661e-21,3.444e-22,2.54e-23,9.475e-25,1.543e-26,9.511e-29,2.79e-31,1.769e-32,1.009e-32,7.174e-33,5.348e-33,3.915e-33,2.578e-33
pal10,waccm,239.5295,3.171e-20,2.703e-20,1.663e-20,7.262e-21,2.18e-21,4.293e-22,5.18e-23,3.486e-24,1.15e-25,1.568e-27,7.194e-30,1.21e-32,6.714e-34,3.932e-34,2.827e-34,2.127e-34,1.573e-34,1.054e-34
pal10,waccm,242.433,2.02e-20,1.716e-20,1.046e-20,4.493e-21,1.317e-21,2.507e-22,2.888e-23,1.823e-24,5.481e-26,6.454e-28,2.291e-30,2.347e-33,1.16e-34,6.936e-35,5.035e-35,3.817e-35,2.851e-35,1.941e-35
pal10,waccm,245.408,3.586e-22,3.001e-22,1.747e-22,6.932e-23,1.81e-23,2.948e-24,2.768e-25,1.342e-26,2.875e-28,2.19e-30,4.41e-33,2.153e-36,9.602e-38,5.817e-38,4.239e-38,3.219e-38,2.406e-38,1.64e-38
pal10,waccm,248.457,1.212e-23,1.001e-23,5.605e-24,2.08e-24,4.927e-25,7.025e-26,5.541e-27,2.146e-28,3.446e-30,1.81e-32,2.245e-35,5.77e-39,2.348e-40,1.435e-40,1.048e-40,7.968e-41,5.964e-41,4.071e-41
pal10,waccm,251.5825,1.765e-24,1.448e-24,7.926e-25,2.833e-25,6.35e-26,8.403e-27,6.009e-28,2.05e-29,2.796e-31,1.188e-33,1.116e-36,1.959e-40,7.396e-42,4.535e-42,3.317e-42,2.522e-42,1.89e-42,1.291e-42
pal10,waccm,254.7875,1.106e-24,9.043e-25,4.904e-25,1.724e-25,3.774e-26,4.834e-27,3.311e-28,1.068e-29,1.354e-31,5.23e-34,4.316e-37,6.266e-41,2.214e-42,1.358e-42,9.935e-43,7.567e-43,5.661e-43,3.882e-43
pal10,waccm,258.075,8.341e-24,6.855e-24,3.778e-24,1.365e-24,3.109e-25,4.202e-26,3.087e-27,1.088e-28,1.545e-30,6.878e-33,6.786e-36,1.208e-39,4.079e-41,2.491e-41,1.819e-41,1.384e-41,1.037e-41,7.095e-42
pal10,waccm,261.449,9.165e-23,7.609e-23,4.324e-23,1.646e-23,4.047e-24,6.064e-25,5.097e-26,2.135e-27,3.774e-29,2.221e-31,3.126e-34,8.58e-38,2.807e-39,1.7e-39,1.239e-39,9.408e-40,7.044e-40,4.817e-40
pal10,waccm,264.9125,1.775e-20,1.498e-20,8.943e-21,3.706e-21,1.03e-21,1.823e-22,1.904e-23,1.054e-24,2.658e-26,2.459e-28,6.187e-31,3.498e-34,1.135e-35,6.771e-36,4.91e-36,3.721e-36,2.782e-36,1.901e-36
pal10,waccm,268.4685,6.055e-18,5.222e-18,3.332e-18,1.546e-18,5.07e-19,1.122e-19,1.569e-20,1.264e-21,5.143e-23,8.764e-25,4.832e-27,7.314e-30,2.438e-31,1.416e-31,1.019e-31,7.693e-32,5.737e-32,3.912e-32
pal10,waccm,272.1215,3.399e-15,3.004e-15,2.063e-15,1.087e-15,4.281e-16,1.215e-16,2.353e-17,2.878e-18,1.994e-19,6.707e-21,8.866e-23,4.031e-25,1.448e-26,8.01e-27,5.695e-27,4.276e-27,3.178e-27,2.16e-27
pal10,waccm,275.8755,2.792e-12,2.532e-12,1.882e-12,1.133e-12,5.425e-13,2.005e-13,5.483e-14,1.044e-14,1.273e-15,8.812e-17,2.948e-18,4.304e-20,1.83e-21,9.149e-22,6.376e-22,4.742e-22,3.504e-22,2.371e-22
pal10,waccm,279.734,1.026e-09,9.531e-10,7.614e-10,5.19e-10,2.975e-10,1.404e-10,5.281e-11,1.515e-11,3.112e-12,4.197e-13,3.309e-14,1.411e-15,8.267e-17,3.384e-17,2.28e-17,1.669e-17,1.222e-17,8.211e-18
pal10,waccm,283.702,5.053e-07,4.792e-07,4.078e-07,3.098e-07,2.079e-07,1.214e-07,6.031e-08,2.473e-08,8.012e-09,1.932e-09,3.21e-10,3.462e-11,3.388e-12,1.028e-12,6.447e-13,4.596e-13,3.314e-13,2.201e-13
pal10,waccm,287.7845,5.788e-05,5.581e-05,4.995e-05,4.136e-05,3.146e-05,2.176e-05,1.35e-05,7.353e-06,3.422e-06,1.309e-06,3.919e-07,8.766e-08,1.572e-08,3.93e-09,2.043e-09,1.382e-09,9.69e-10,6.319e-10
pal10,waccm,291.9865,0.002393,0.002336,0.00217,0.001914,0.001596,0.001251,0.0009131,0.0006128,0.0003717,0.0001991,9.137e-05,3.469e-05,1.076e-05,3.088e-06,1.206e-06,7.081e-07,4.701e-07,2.963e-07
pal10,waccm,296.309,0.01885,0.01854,0.01765,0.01624,0.0144,0.01225,0.009958,0.007668,0.005537,0.003697,0.00224,0.001202,0.0005563,0.0002211,8.274e-05,3.734e-05,2.163e-05,1.277e-05
pal10,waccm,300.5,0.05752,0.05686,0.05491,0.05176,0.04754,0.04243,0.03669,0.03057,0.02439,0.01847,0.01311,0.008578,0.005063,0.00263,0.001188,0.0004954,0.0002281,0.0001182
pal10,waccm,303.0,0.1284,0.1272,0.1235,0.1176,0.1081,0.09964,0.0883,0.07593,0.06303,0.05017,0.03792,0.02685,0.01751,0.01026,0.005263,0.002347,0.0009898,0.0004504
pal10,waccm,304.0,0.134,0.1328,0.1292,0.1232,0.1152,0.1052,0.09381,0.08127,0.06811,0.05485,0.04207,0.03036,0.02026,0.01222,0.006484,0.00297,0.001241,0.0005416
pal10,waccm,305.0,0.1728,0.1713,0.1669,0.1597,0.1499,0.1378,0.1237,0.1082,0.09177,0.07502,0.05864,0.04334,0.02982,0.01869,0.01037,0.004957,0.002074,0.0008555
pal10,waccm,306.0,0.1566,0.1553,0.1515,0.1452,0.1366,0.1261,0.1137,0.1001,0.08554,0.06985,0.05585,0.04192,0.0294,0.01888,0.0108,0.005317,0.002243,0.0008915
pal10,waccm,307.0,0.194,0.1925,0.188,0.1805,0.1704,0.1578,0.1431,0.1268,0.1092,0.09109,0.073,0.05569,0.03988,0.02631,0.01555,0.007937,0.00341,0.001306
pal10,waccm,308.0,0.2195,0.2178,0.2129,0.2049,0.1939,0.1802,0.1642,0.1463,0.127,0.1069,0.08668,0.06711,0.04899,0.03311,0.02017,0.01067,0.004699,0.001751
pal10,waccm,309.0,0.2234,0.2217,0.2169,0.2089,0.198,0.1844,0.1685,0.1506,0.1313,0.1111,0.09065,0.07077,0.0522,0.03575,0.02216,0.01196,0.005352,0.001969
pal10,waccm,310.0,0.2118,0.2104,0.206,0.1988,0.1889,0.1766,0.1621,0.1458,0.128,0.1094,0.09037,0.07165,0.0539,0.03788,0.02427,0.01365,0.006357,0.002318
pal10,waccm,311.0,0.3511,0.3487,0.3416,0.33,0.3139,0.2939,0.2703,0.2437,0.2147,0.1842,0.1529,0.122,0.09251,0.06567,0.04263,0.02438,0.01155,0.00421
pal10,waccm,312.0,0.3069,0.3048,0.2988,0.2889,0.2754,0.2583,0.2383,0.2156,0.1908,0.1646,0.1376,0.1107,0.08495,0.0612,0.04051,0.02376,0.01158,0.004256
pal10,waccm,313.0,0.3359,0.3338,0.3274,0.3169,0.3025,0.2844,0.263,0.2388,0.2122,0.1836,0.1549,0.1258,0.09755,0.0713,0.04811,0.02893,0.01454,0.005431
pal10,waccm,314.0,0.3641,0.3619,0.355,0.3438,0.3284,0.309,0.2861,0.2601,0.2316,0.2012,0.1699,0.1384,0.1078,0.0792,0.05381,0.03267,0.01661,0.006246
pal10,waccm,316.0,0.3621,0.3599,0.3534,0.3428,0.3281,0.3097,0.2878,0.263,0.2356,0.2063,0.1759,0.145,0.1148,0.0861,0.06013,0.03789,0.02024,0.007959
pal10,waccm,320.0,0.4501,0.4475,0.4399,0.4274,0.4101,0.3884,0.3625,0.333,0.3003,0.2652,0.2284,0.1908,0.1536,0.1177,0.08461,0.05548,0.03135,0.01319
pal10,waccm,325.0,0.5623,0.5593,0.5502,0.5353,0.5146,0.4886,0.4576,0.4221,0.3828,0.3402,0.2954,0.2494,0.2033,0.1584,0.1164,0.07874,0.04661,0.02103
pal10,waccm,330.0,0.6923,0.6886,0.6778,0.6598,0.635,0.6037,0.5664,0.5236,0.476,0.4245,0.3701,0.3139,0.2574,0.2021,0.1499,0.1028,0.06208,0.02899
pal10,waccm,335.0,0.6562,0.6528,0.6427,0.6259,0.6028,0.5737,0.5389,0.4989,0.4544,0.4061,0.355,0.3021,0.2486,0.1961,0.1463,0.1011,0.06181,0.02952
pal10,waccm,340.0,0.7124,0.7088,0.6979,0.68,0.6552,0.6239,0.5865,0.5435,0.4956,0.4435,0.3883,0.331,0.2729,0.2158,0.1614,0.1117,0.06865,0.0331
pal10,waccm,345.0,0.7024,0.6989,0.6883,0.6708,0.6465,0.6159,0.5793,0.5372,0.4903,0.4392,0.3849,0.3285,0.2713,0.2148,0.1608,0.1114,0.06857,0.03321
pal10,waccm,350.0,0.7353,0.7316,0.7206,0.7024,0.6772,0.6453,0.6073,0.5634,0.5145,0.4613,0.4046,0.3456,0.2856,0.2262,0.1693,0.1173,0.07208,0.03489
pal10,waccm,355.0,0.7779,0.774,0.7625,0.7433,0.7169,0.6835,0.6434,0.5973,0.5459,0.4897,0.4299,0.3676,0.304,0.241,0.1805,0.125,0.0768,0.03722
pal10,waccm,360.0,0.7117,0.7082,0.6977,0.6804,0.6563,0.6259,0.5895,0.5476,0.5007,0.4495,0.395,0.338,0.2798,0.2219,0.1663,0.1151,0.07066,0.03425
pal10,waccm,365.0,0.9056,0.9012,0.8879,0.866,0.8356,0.7971,0.7511,0.698,0.6386,0.5737,0.5045,0.432,0.358,0.2842,0.213,0.1474,0.09036,0.04378
pal10,waccm,370.0,0.9421,0.9375,0.9238,0.9011,0.8697,0.83,0.7824,0.7274,0.6659,0.5987,0.5268,0.4515,0.3744,0.2974,0.2231,0.1543,0.09444,0.04574
pal10,waccm,375.0,0.8516,0.8475,0.8352,0.8148,0.7866,0.7508,0.708,0.6586,0.6032,0.5427,0.4778,0.4099,0.3402,0.2704,0.2029,0.1403,0.08576,0.04149
pal10,waccm,380.0,0.9795,0.9748,0.9607,0.9374,0.9052,0.8643,0.8153,0.7587,0.6953,0.6259,0.5515,0.4735,0.3933,0.3129,0.2348,0.1623,0.09909,0.04789
pal10,waccm,385.0,0.7388,0.7353,0.7247,0.7073,0.6831,0.6524,0.6156,0.5732,0.5255,0.4734,0.4174,0.3586,0.2981,0.2374,0.1782,0.1232,0.07508,0.03624
pal10,waccm,390.0,0.9652,0.9607,0.9469,0.9243,0.8928,0.853,0.8052,0.7499,0.6879,0.62,0.5471,0.4704,0.3914,0.3119,0.2343,0.1619,0.09854,0.0475
pal10,waccm,395.0,0.7491,0.7456,0.735,0.7175,0.6932,0.6624,0.6255,0.5828,0.5349,0.4824,0.4259,0.3665,0.3052,0.2434,0.1829,0.1264,0.07682,0.03698
pal10,waccm,400.0,1.391,1.385,1.365,1.333,1.288,1.231,1.163,1.084,0.9953,0.898,0.7934,0.6832,0.5694,0.4544,0.3418,0.2362,0.1433,0.06888
pal10,waccm,405.0,1.419,1.412,1.392,1.36,1.314,1.256,1.187,1.107,1.017,0.918,0.8116,0.6994,0.5833,0.4659,0.3507,0.2423,0.1469,0.07045
pal10,waccm,410.0,1.464,1.457,1.436,1.403,1.356,1.297,1.226,1.143,1.051,0.949,0.8395,0.724,0.6043,0.4831,0.3638,0.2514,0.1522,0.07285
pal10,waccm,415.0,1.525,1.518,1.497,1.462,1.414,1.352,1.278,1.193,1.097,0.9911,0.8774,0.7571,0.6324,0.506,0.3814,0.2635,0.1594,0.07613
pal10,waccm,420.0,1.54,1.533,1.512,1.476,1.428,1.366,1.292,1.206,1.109,1.003,0.8881,0.7669,0.6411,0.5133,0.3872,0.2676,0.1616,0.07704
pal10,waccm,425.0,1.47,1.464,1.443,1.41,1.364,1.305,1.234,1.153,1.06,0.9592,0.8501,0.7345,0.6145,0.4924,0.3717,0.2569,0.155,0.0737
pal10,waccm,430.0,1.357,1.35,1.332,1.301,1.259,1.205,1.14,1.064,0.9799,0.8867,0.7862,0.6798,0.5691,0.4565,0.3448,0.2384,0.1437,0.06816
pal10,waccm,435.0,1.575,1.568,1.546,1.511,1.462,1.399,1.324,1.237,1.139,1.031,0.9149,0.7916,0.6632,0.5323,0.4024,0.2784,0.1676,0.07929
pal10,waccm,440.0,1.62,1.613,1.591,1.555,1.504,1.44,1.363,1.274,1.174,1.063,0.9434,0.8166,0.6846,0.5499,0.416,0.2878,0.1731,0.08165
pal10,waccm,445.0,1.74,1.733,1.709,1.67,1.616,1.548,1.465,1.37,1.262,1.144,1.016,0.8796,0.7379,0.5932,0.449,0.3108,0.1868,0.08784
pal10,waccm,450.0,1.851,1.843,1.818,1.777,1.719,1.647,1.559,1.458,1.344,1.218,1.082,0.938,0.7875,0.6335,0.4799,0.3324,0.1996,0.09359
pal10,waccm,455.0,1.812,1.804,1.779,1.739,1.683,1.612,1.527,1.428,1.317,1.194,1.061,0.9204,0.7732,0.6224,0.4719,0.3269,0.1962,0.09172
pal10,waccm,460.0,1.864,1.856,1.831,1.79,1.733,1.66,1.572,1.471,1.357,1.23,1.094,0.9491,0.7977,0.6425,0.4873,0.3377,0.2023,0.09418
pal10,waccm,465.0,1.843,1.835,1.811,1.77,1.713,1.642,1.556,1.456,1.343,1.218,1.084,0.9408,0.7912,0.6377,0.4841,0.3356,0.201,0.09332
pal10,waccm,470.0,1.833,1.825,1.801,1.761,1.705,1.633,1.548,1.449,1.337,1.213,1.08,0.9378,0.7891,0.6365,0.4835,0.3354,0.2007,0.09291
pal10,waccm,475.0,1.855,1.847,1.822,1.781,1.725,1.653,1.567,1.467,1.354,1.229,1.094,0.9508,0.8005,0.6461,0.4911,0.3408,0.2038,0.094
pal10,waccm,480.0,1.908,1.899,1.874,1.832,1.774,1.701,1.612,1.509,1.393,1.265,1.127,0.9791,0.8246,0.6658,0.5061,0.3511,0.2096,0.09608
pal10,waccm,485.0,1.733,1.725,1.702,1.664,1.612,1.545,1.465,1.372,1.267,1.151,1.025,0.8911,0.7509,0.6066,0.4614,0.3203,0.1911,0.08728
pal10,waccm,490.0,1.805,1.797,1.773,1.734,1.679,1.61,1.526,1.43,1.32,1.2,1.069,0.9301,0.7841,0.6339,0.4826,0.3352,0.2,0.09111
pal10,waccm,495.0,1.838,1.83,1.806,1.766,1.711,1.64,1.556,1.457,1.346,1.224,1.091,0.949,0.8005,0.6474,0.4932,0.3427,0.2043,0.09274
pal10,waccm,500.0,1.753,1.745,1.722,1.684,1.631,1.564,1.484,1.39,1.284,1.167,1.041,0.9058,0.7642,0.6182,0.471,0.3271,0.1947,0.0878
pal10,waccm,505.0,1.78,1.772,1.749,1.71,1.657,1.589,1.507,1.412,1.305,1.186,1.058,0.9205,0.7767,0.6283,0.4786,0.3322,0.1972,0.08825
pal10,waccm,510.0,1.765,1.757,1.734,1.696,1.643,1.576,1.495,1.401,1.295,1.177,1.05,0.9145,0.772,0.625,0.4764,0.3309,0.1965,0.08775
pal10,waccm,515.0,1.636,1.629,1.608,1.573,1.524,1.461,1.386,1.299,1.201,1.093,0.9747,0.8491,0.7171,0.5808,0.443,0.3079,0.1828,0.08133
pal10,waccm,520.0,1.682,1.675,1.653,1.616,1.566,1.502,1.425,1.336,1.235,1.124,1.003,0.8737,0.7381,0.5981,0.4563,0.3171,0.1881,0.08331
pal10,waccm,525.0,1.687,1.679,1.658,1.621,1.571,1.507,1.43,1.34,1.239,1.127,1.006,0.8767,0.7407,0.6002,0.4579,0.3181,0.1883,0.0828
pal10,waccm,530.0,1.776,1.768,1.745,1.707,1.654,1.586,1.505,1.411,1.305,1.187,1.059,0.9231,0.7798,0.6317,0.4818,0.3343,0.1973,0.08603
pal10,waccm,535.0,1.72,1.713,1.691,1.654,1.602,1.537,1.459,1.368,1.264,1.151,1.027,0.8951,0.7564,0.6129,0.4675,0.3244,0.1913,0.08297
pal10,waccm,540.0,1.722,1.714,1.692,1.655,1.604,1.539,1.46,1.369,1.266,1.152,1.029,0.897,0.7582,0.6147,0.4691,0.3257,0.192,0.08302
pal10,waccm,545.0,1.746,1.739,1.716,1.679,1.627,1.561,1.481,1.389,1.285,1.169,1.044,0.9105,0.7697,0.6241,0.4763,0.3306,0.1947,0.08373
pal10,waccm,550.0,1.751,1.744,1.721,1.684,1.632,1.565,1.486,1.393,1.289,1.173,1.048,0.9137,0.7727,0.6266,0.4784,0.3321,0.1954,0.08365
pal10,waccm,555.0,1.738,1.73,1.708,1.671,1.619,1.554,1.475,1.383,1.28,1.165,1.041,0.9077,0.7678,0.6229,0.4757,0.3303,0.1942,0.0827
pal10,waccm,560.0,1.693,1.686,1.664,1.628,1.578,1.514,1.437,1.348,1.247,1.135,1.014,0.8844,0.748,0.6068,0.4632,0.3214,0.1885,0.07973
pal10,waccm,565.0,1.695,1.687,1.665,1.629,1.579,1.515,1.438,1.349,1.248,1.136,1.015,0.8851,0.7486,0.6072,0.4634,0.3212,0.188,0.07889
pal10,waccm,570.0,1.683,1.677,1.655,1.619,1.569,1.506,1.43,1.341,1.24,1.129,1.009,0.88,0.7444,0.6037,0.4607,0.3193,0.1866,0.07787
pal10,waccm,575.0,1.712,1.705,1.683,1.647,1.596,1.531,1.453,1.364,1.262,1.149,1.026,0.8955,0.7576,0.6146,0.4691,0.3252,0.19,0.07898
pal10,waccm,580.0,1.685,1.678,1.656,1.62,1.57,1.507,1.431,1.342,1.242,1.131,1.011,0.8825,0.747,0.6064,0.4633,0.3216,0.1882,0.07829
pal10,waccm,585.0,1.686,1.679,1.657,1.621,1.572,1.508,1.432,1.343,1.244,1.133,1.013,0.8847,0.7492,0.6087,0.4655,0.3235,0.1896,0.07898
pal10,waccm,590.0,1.627,1.62,1.599,1.564,1.516,1.456,1.382,1.297,1.201,1.094,0.9784,0.8545,0.7239,0.5884,0.4503,0.3131,0.1836,0.07638
pal10,waccm,595.0,1.658,1.651,1.63,1.595,1.546,1.484,1.409,1.323,1.224,1.116,0.9977,0.8714,0.7382,0.6,0.4591,0.3191,0.1869,0.07733
pal10,waccm,600.0,1.618,1.611,1.59,1.556,1.508,1.448,1.375,1.29,1.194,1.088,0.9731,0.8498,0.7199,0.585,0.4475,0.3108,0.1817,0.07467
pal10,waccm,605.0,1.636,1.629,1.608,1.574,1.526,1.464,1.391,1.305,1.208,1.101,0.9849,0.8604,0.729,0.5927,0.4535,0.3152,0.1843,0.07563
pal10,waccm,610.0,1.616,1.609,1.588,1.554,1.507,1.447,1.374,1.29,1.194,1.089,0.9742,0.8514,0.722,0.5875,0.4502,0.3135,0.1838,0.07573
pal10,waccm,615.0,1.578,1.571,1.551,1.518,1.471,1.413,1.342,1.259,1.167,1.065,0.9529,0.8333,0.7071,0.576,0.442,0.3084,0.1815,0.07511
pal10,waccm,620.0,1.6,1.594,1.573,1.54,1.493,1.434,1.362,1.279,1.185,1.081,0.9682,0.8471,0.7193,0.5864,0.4505,0.315,0.1858,0.07718
pal10,waccm,625.0,1.566,1.56,1.54,1.507,1.462,1.404,1.334,1.253,1.161,1.059,0.9487,0.8304,0.7055,0.5756,0.4427,0.31,0.1833,0.0763
pal10,waccm,630.0,1.568,1.562,1.542,1.509,1.464,1.406,1.336,1.255,1.163,1.062,0.9513,0.8331,0.7082,0.5782,0.4452,0.3122,0.185,0.07726
pal10,waccm,635.0,1.558,1.551,1.531,1.499,1.454,1.397,1.327,1.247,1.156,1.056,0.9461,0.8288,0.705,0.5761,0.444,0.3119,0.1853,0.07764
pal10,waccm,640.0,1.54,1.533,1.514,1.482,1.437,1.381,1.313,1.233,1.144,1.045,0.9365,0.8208,0.6986,0.5713,0.4409,0.3102,0.1848,0.07769
pal10,waccm,644.8,1.531,1.525,1.505,1.474,1.429,1.373,1.306,1.227,1.138,1.04,0.9324,0.8175,0.6961,0.5697,0.4401,0.3101,0.1852,0.07808
pal10,waccm,651.05,1.512,1.505,1.487,1.455,1.412,1.357,1.29,1.212,1.125,1.028,0.922,0.8087,0.6891,0.5644,0.4365,0.3081,0.1844,0.07797
pal10,waccm,660.0,1.435,1.429,1.411,1.381,1.34,1.288,1.225,1.151,1.068,0.9766,0.8766,0.7695,0.6562,0.538,0.4167,0.2949,0.1771,0.0752
pal10,waccm,670.0,1.473,1.467,1.448,1.418,1.376,1.322,1.258,1.183,1.098,1.004,0.9018,0.7921,0.6761,0.555,0.4307,0.3055,0.1842,0.0786
pal10,waccm,680.0,1.446,1.44,1.422,1.393,1.351,1.299,1.236,1.163,1.079,0.9874,0.8872,0.7798,0.6661,0.5474,0.4254,0.3025,0.183,0.07838
pal10,waccm,690.0,1.425,1.42,1.402,1.373,1.332,1.281,1.219,1.147,1.065,0.9745,0.876,0.7703,0.6584,0.5416,0.4215,0.3003,0.1822,0.07827
pal10,waccm,700.0,1.401,1.395,1.378,1.349,1.31,1.259,1.198,1.128,1.048,0.9588,0.8622,0.7586,0.6489,0.5343,0.4163,0.2971,0.1808,0.07793
pal10,waccm,710.0,1.368,1.362,1.346,1.318,1.279,1.23,1.171,1.102,1.024,0.9373,0.8431,0.7421,0.6351,0.5233,0.4082,0.2918,0.178,0.07681
pal10,waccm,720.0,1.323,1.318,1.301,1.275,1.237,1.19,1.133,1.066,0.9907,0.9073,0.8163,0.7188,0.6154,0.5075,0.3962,0.2836,0.1733,0.07489
pal10,waccm,730.0,1.292,1.287,1.271,1.245,1.209,1.163,1.107,1.042,0.9684,0.887,0.7984,0.7032,0.6025,0.4971,0.3885,0.2784,0.1705,0.07383
pal10,waccm_eq,120.7,0.0,0.0,0.0,0.0,0.0,0.0,0.0,0.0,0.0,0.0,0.0,0.0,0.0,0.0,0.0,0.0,0.0,0.0
pal10,waccm_eq,121.65,0.0,0.0,0.0,0.0,0.0,0.0,0.0,0.0,0.0,0.0,0.0,0.0,0.0,0.0,0.0,0.0,0.0,0.0
pal10,waccm_eq,122.1,0.0,0.0,0.0,0.0,0.0,0.0,0.0,0.0,0.0,0.0,0.0,0.0,0.0,0.0,0.0,0.0,0.0,0.0
pal10,waccm_eq,122.7,0.0,0.0,0.0,0.0,0.0,0.0,0.0,0.0,0.0,0.0,0.0,0.0,0.0,0.0,0.0,0.0,0.0,0.0
pal10,waccm_eq,123.45,0.0,0.0,0.0,0.0,0.0,0.0,0.0,0.0,0.0,0.0,0.0,0.0,0.0,0.0,0.0,0.0,0.0,0.0
pal10,waccm_eq,124.2,0.0,0.0,0.0,0.0,0.0,0.0,0.0,0.0,0.0,0.0,0.0,0.0,0.0,0.0,0.0,0.0,0.0,0.0
pal10,waccm_eq,125.0,0.0,0.0,0.0,0.0,0.0,0.0,0.0,0.0,0.0,0.0,0.0,0.0,0.0,0.0,0.0,0.0,0.0,0.0
pal10,waccm_eq,125.8,0.0,0.0,0.0,0.0,0.0,0.0,0.0,0.0,0.0,0.0,0.0,0.0,0.0,0.0,0.0,0.0,0.0,0.0
pal10,waccm_eq,126.6,0.0,0.0,0.0,0.0,0.0,0.0,0.0,0.0,0.0,0.0,0.0,0.0,0.0,0.0,0.0,0.0,0.0,0.0
pal10,waccm_eq,127.8,0.0,0.0,0.0,0.0,0.0,0.0,0.0,0.0,0.0,0.0,0.0,0.0,0.0,0.0,0.0,0.0,0.0,0.0
pal10,waccm_eq,129.0,0.0,0.0,0.0,0.0,0.0,0.0,0.0,0.0,0.0,0.0,0.0,0.0,0.0,0.0,0.0,0.0,0.0,0.0
pal10,waccm_eq,129.85,0.0,0.0,0.0,0.0,0.0,0.0,0.0,0.0,0.0,0.0,0.0,0.0,0.0,0.0,0.0,0.0,0.0,0.0
pal10,waccm_eq,131.15,0.0,0.0,0.0,0.0,0.0,0.0,0.0,0.0,0.0,0.0,0.0,0.0,0.0,0.0,0.0,0.0,0.0,0.0
pal10,waccm_eq,133.5,0.0,0.0,0.0,0.0,0.0,0.0,0.0,0.0,0.0,0.0,0.0,0.0,0.0,0.0,0.0,0.0,0.0,0.0
pal10,waccm_eq,136.0,0.0,0.0,0.0,0.0,0.0,0.0,0.0,0.0,0.0,0.0,0.0,0.0,0.0,0.0,0.0,0.0,0.0,0.0
pal10,waccm_eq,141.0,0.0,0.0,0.0,0.0,0.0,0.0,0.0,0.0,0.0,0.0,0.0,0.0,0.0,0.0,0.0,0.0,0.0,0.0
pal10,waccm_eq,150.0,0.0,0.0,0.0,0.0,0.0,0.0,0.0,0.0,0.0,0.0,0.0,0.0,0.0,0.0,0.0,0.0,0.0,0.0
pal10,waccm_eq,160.0,0.0,0.0,0.0,0.0,0.0,0.0,0.0,0.0,0.0,0.0,0.0,0.0,0.0,0.0,0.0,0.0,0.0,0.0
pal10,waccm_eq,167.5,0.0,0.0,0.0,0.0,0.0,0.0,0.0,0.0,0.0,0.0,0.0,0.0,0.0,0.0,0.0,0.0,0.0,0.0
pal10,waccm_eq,172.7,0.0,0.0,0.0,0.0,0.0,0.0,0.0,0.0,0.0,0.0,0.0,0.0,0.0,0.0,0.0,0.0,0.0,0.0
pal10,waccm_eq,176.2,0.0,0.0,0.0,0.0,0.0,0.0,0.0,0.0,0.0,0.0,0.0,0.0,0.0,0.0,0.0,0.0,0.0,0.0
pal10,waccm_eq,177.8,0.0,0.0,0.0,0.0,0.0,0.0,0.0,0.0,0.0,0.0,0.0,0.0,0.0,0.0,0.0,0.0,0.0,0.0
pal10,waccm_eq,179.4,0.0,0.0,0.0,0.0,0.0,0.0,0.0,0.0,0.0,0.0,0.0,0.0,0.0,0.0,0.0,0.0,0.0,0.0
pal10,waccm_eq,181.0,0.0,0.0,0.0,0.0,0.0,0.0,0.0,0.0,0.0,0.0,0.0,0.0,0.0,0.0,0.0,0.0,0.0,0.0
pal10,waccm_eq,182.65,0.0,0.0,0.0,0.0,0.0,0.0,0.0,0.0,0.0,0.0,0.0,0.0,0.0,0.0,0.0,0.0,0.0,0.0
pal10,waccm_eq,184.35,0.0,0.0,0.0,0.0,0.0,0.0,0.0,0.0,0.0,0.0,0.0,0.0,0.0,0.0,0.0,0.0,0.0,0.0
pal10,waccm_eq,186.05,0.0,0.0,0.0,0.0,0.0,0.0,0.0,0.0,0.0,0.0,0.0,0.0,0.0,0.0,0.0,0.0,0.0,0.0
pal10,waccm_eq,187.8,0.0,0.0,0.0,0.0,0.0,0.0,0.0,0.0,0.0,0.0,0.0,0.0,0.0,0.0,0.0,0.0,0.0,0.0
pal10,waccm_eq,189.6,0.0,0.0,0.0,0.0,0.0,0.0,0.0,0.0,0.0,0.0,0.0,0.0,0.0,0.0,0.0,0.0,0.0,0.0
pal10,waccm_eq,191.4,0.0,0.0,0.0,0.0,0.0,0.0,0.0,0.0,0.0,0.0,0.0,0.0,0.0,0.0,0.0,0.0,0.0,0.0
pal10,waccm_eq,193.25,0.0,0.0,0.0,0.0,0.0,0.0,0.0,0.0,0.0,0.0,0.0,0.0,0.0,0.0,0.0,0.0,0.0,0.0
pal10,waccm_eq,195.15,0.0,0.0,0.0,0.0,0.0,0.0,0.0,0.0,0.0,0.0,0.0,0.0,0.0,0.0,0.0,0.0,0.0,0.0
pal10,waccm_eq,197.05,0.0,0.0,0.0,0.0,0.0,0.0,0.0,0.0,0.0,0.0,0.0,0.0,0.0,0.0,0.0,0.0,0.0,0.0
pal10,waccm_eq,199.0,0.0,0.0,0.0,0.0,0.0,0.0,0.0,0.0,0.0,0.0,0.0,0.0,0.0,0.0,0.0,0.0,0.0,0.0
pal10,waccm_eq,201.0,0.0,0.0,0.0,0.0,0.0,0.0,0.0,0.0,0.0,0.0,0.0,0.0,0.0,0.0,0.0,0.0,0.0,0.0
pal10,waccm_eq,203.05,0.0,0.0,0.0,0.0,0.0,0.0,0.0,0.0,0.0,0.0,0.0,0.0,0.0,0.0,0.0,0.0,0.0,0.0
pal10,waccm_eq,205.15,0.0,0.0,0.0,0.0,0.0,0.0,0.0,0.0,0.0,0.0,0.0,0.0,0.0,0.0,0.0,0.0,0.0,0.0
pal10,waccm_eq,207.2665,6.599e-20,5.653e-20,3.533e-20,1.583e-20,4.927e-21,1.017e-21,1.3e-22,9.375e-24,3.377e-25,5.403e-27,5.429e-29,3.865e-30,1.294e-30,6.368e-31,3.698e-31,2.279e-31,1.359e-31,6.808e-32
pal10,waccm_eq,209.4295,5.677e-19,4.894e-19,3.118e-19,1.443e-19,4.713e-20,1.038e-20,1.444e-21,1.162e-22,4.816e-24,9.225e-26,1.138e-27,8.204e-29,2.62e-29,1.262e-29,7.335e-30,4.567e-30,2.764e-30,1.41e-30
pal10,waccm_eq,211.646,6.002e-18,5.212e-18,3.395e-18,1.632e-18,5.634e-19,1.337e-19,2.054e-20,1.877e-21,9.165e-23,2.173e-24,3.264e-26,2.597e-27,7.803e-28,3.663e-28,2.137e-28,1.351e-28,8.336e-29,4.357e-29
pal10,waccm_eq,213.91,2.375e-17,2.073e-17,1.37e-17,6.754e-18,2.418e-18,6.03e-19,9.881e-20,9.816e-21,5.336e-22,1.452e-23,2.686e-25,1.929e-26,5.298e-27,2.417e-27,1.424e-27,9.177e-28,5.786e-28,3.103e-28
pal10,waccm_eq,216.2225,7.725e-17,6.773e-17,4.543e-17,2.297e-17,8.533e-18,2.238e-18,3.917e-19,4.238e-20,2.572e-21,8.083e-23,1.751e-24,1.196e-25,2.931e-26,1.304e-26,7.826e-27,5.158e-27,3.33e-27,1.838e-27
pal10,waccm_eq,218.5855,4.137e-16,3.648e-16,2.49e-16,1.297e-16,5.028e-17,1.398e-17,2.644e-18,3.163e-19,2.188e-20,8.187e-22,2.044e-23,1.417e-24,3.025e-25,1.324e-25,8.164e-26,5.516e-26,3.651e-26,2.079e-26
pal10,waccm_eq,221.001,9.389e-16,8.305e-16,5.721e-16,3.028e-16,1.202e-16,3.453e-17,6.811e-18,8.612e-19,6.409e-20,2.641e-21,7.207e-23,4.364e-24,7.872e-25,3.456e-25,2.2e-25,1.521e-25,1.03e-25,6.031e-26
pal10,waccm_eq,223.4705,1.841e-15,1.631e-15,1.13e-15,6.037e-16,2.429e-16,7.108e-17,1.438e-17,1.879e-18,1.462e-19,6.396e-21,1.907e-22,9.013e-24,1.344e-24,6.056e-25,3.98e-25,2.811e-25,1.941e-25,1.167e-25
pal10,waccm_eq,225.996,2.186e-15,1.941e-15,1.352e-15,7.289e-16,2.974e-16,8.871e-17,1.842e-17,2.493e-18,2.036e-19,9.503e-21,2.921e-22,1.11e-23,1.353e-24,6.381e-25,4.314e-25,3.104e-25,2.184e-25,1.346e-25
pal10,waccm_eq,228.579,1.727e-15,1.531e-15,1.064e-15,5.715e-16,2.319e-16,6.868e-17,1.414e-17,1.896e-18,1.534e-19,7.053e-21,2e-22,5.507e-24,5.436e-25,2.724e-25,1.886e-25,1.378e-25,9.849e-26,6.21e-26
pal10,waccm_eq,231.2215,7.427e-16,6.567e-16,4.519e-16,2.388e-16,9.462e-17,2.714e-17,5.363e-18,6.831e-19,5.176e-20,2.169e-21,5.132e-23,9.408e-25,7.614e-26,4.052e-26,2.855e-26,2.112e-26,1.529e-26,9.82e-27
pal10,waccm_eq,233.926,1.507e-16,1.325e-16,8.983e-17,4.625e-17,1.766e-17,4.815e-18,8.91e-19,1.043e-19,7.088e-21,2.553e-22,4.678e-24,5.333e-26,3.605e-27,2.02e-27,1.443e-27,1.078e-27,7.883e-28,5.145e-28
pal10,waccm_eq,236.6945,3.34e-17,2.92e-17,1.942e-17,9.683e-18,3.527e-18,9.032e-19,1.539e-19,1.62e-20,9.573e-22,2.841e-23,3.838e-25,2.599e-27,1.499e-28,8.74e-29,6.313e-29,4.754e-29,3.505e-29,2.319e-29
pal10,waccm_eq,239.5295,1.456e-17,1.27e-17,8.4e-18,4.148e-18,1.49e-18,3.745e-19,6.225e-20,6.338e-21,3.565e-22,9.687e-24,1.079e-25,4.744e-28,2.384e-29,1.432e-29,1.045e-29,7.932e-30,5.906e-30,3.972e-30
pal10,waccm_eq,242.433,2.285e-17,1.995e-17,1.305e-17,6.527e-18,2.348e-18,5.901e-19,9.787e-20,9.871e-21,5.404e-22,1.369e-23,1.287e-25,3.868e-28,1.725e-29,1.059e-29,7.796e-30,5.962e-30,4.48e-30,3.061e-30
pal10,waccm_eq,245.408,8.005e-19,6.899e-19,4.394e-19,2.034e-19,6.648e-20,1.468e-20,2.053e-21,1.662e-22,6.867e-24,1.212e-25,7.147e-28,1.169e-30,4.693e-32,2.92e-32,2.155e-32,1.65e-32,1.241e-32,8.481e-33
pal10,waccm_eq,248.457,4.845e-20,4.132e-20,2.547e-20,1.115e-20,3.361e-21,6.643e-22,8.039e-23,5.401e-24,1.756e-25,2.278e-27,8.999e-30,8.7e-33,3.182e-34,1.996e-34,1.476e-34,1.131e-34,8.511e-35,5.824e-35
pal10,waccm_eq,251.5825,9.798e-21,8.305e-21,5.027e-21,2.133e-21,6.142e-22,1.141e-22,1.273e-23,7.227e-25,2.182e-26,2.373e-28,7.445e-31,5.278e-34,1.787e-35,1.125e-35,8.328e-36,6.385e-36,4.806e-36,3.291e-36
pal10,waccm_eq,254.7875,7.108e-21,6.009e-21,3.609e-21,1.511e-21,4.264e-22,7.709e-23,8.294e-24,4.784e-25,1.277e-26,1.281e-28,3.609e-31,2.195e-34,6.951e-36,4.377e-36,3.241e-36,2.485e-36,1.872e-36,1.283e-36
pal10,waccm_eq,258.075,4.259e-20,3.616e-20,2.201e-20,9.426e-21,2.749e-21,5.197e-22,5.924e-23,3.678e-24,1.077e-25,1.214e-27,3.958e-30,2.861e-33,8.651e-35,5.424e-35,4.011e-35,3.075e-35,2.316e-35,1.588e-35
pal10,waccm_eq,261.449,2.981e-19,2.553e-19,1.594e-19,7.129e-20,2.215e-20,4.56e-21,5.809e-22,4.158e-23,1.459e-24,2.068e-26,9.022e-29,9.354e-32,2.742e-33,1.705e-33,1.258e-33,9.637e-34,7.255e-34,4.974e-34
pal10,waccm_eq,264.9125,2.805e-17,2.435e-17,1.584e-17,7.597e-18,2.614e-18,6.177e-19,9.423e-20,8.496e-21,3.999e-22,8.237e-24,5.79e-26,1.094e-28,3.186e-30,1.951e-30,1.434e-30,1.097e-30,8.247e-31,5.652e-31
pal10,waccm_eq,268.4685,3.615e-15,3.195e-15,2.196e-15,1.157e-15,4.566e-16,1.299e-16,2.524e-17,3.105e-18,2.171e-19,7.398e-21,9.914e-23,4.243e-25,1.276e-26,7.574e-27,5.532e-27,4.217e-27,3.166e-27,2.167e-27
pal10,waccm_eq,272.1215,6.873e-13,6.199e-13,4.53e-13,2.651e-13,1.218e-13,4.26e-14,1.084e-14,1.884e-15,2.045e-16,1.222e-17,3.361e-19,3.584e-21,1.185e-22,6.569e-23,4.75e-23,3.604e-23,2.699e-23,1.845e-23
pal10,waccm_eq,275.8755,1.791e-10,1.65e-10,1.287e-10,8.416e-11,4.546e-11,1.978e-11,6.7e-12,1.68e-12,2.908e-13,3.151e-14,1.86e-15,5.23e-17,2.168e-18,1.023e-18,7.272e-19,5.476e-19,4.084e-19,2.783e-19
pal10,waccm_eq,279.734,2.271e-08,2.135e-08,1.768e-08,1.282e-08,8.036e-09,4.281e-09,1.888e-09,6.64e-10,1.769e-10,3.319e-11,3.963e-12,2.722e-13,1.711e-14,5.989e-15,4.116e-15,3.059e-15,2.266e-15,1.536e-15
pal10,waccm_eq,283.702,4.422e-06,4.228e-06,3.691e-06,2.926e-06,2.09e-06,1.328e-06,7.373e-07,3.484e-07,1.351e-07,4.09e-08,9.02e-09,1.345e-09,1.524e-10,3.749e-11,2.328e-11,1.691e-11,1.236e-11,8.308e-12
pal10,waccm_eq,287.7845,0.0002418,0.0002343,0.0002133,0.0001816,0.0001439,0.0001052,7.012e-05,4.188e-05,2.189e-05,9.689e-06,3.472e-06,9.545e-07,1.996e-07,4.451e-08,2.06e-08,1.413e-08,1.009e-08,6.681e-09
pal10,waccm_eq,291.9865,0.005786,0.005665,0.005315,0.00477,0.004079,0.003305,0.00252,0.001787,0.001162,0.000679,0.0003463,0.0001487,5.184e-05,1.516e-05,5.105e-06,2.816e-06,1.907e-06,1.227e-06
pal10,waccm_eq,296.309,0.03158,0.03113,0.0298,0.02769,0.0249,0.0216,0.01799,0.01429,0.01073,0.007521,0.004834,0.002781,0.001388,0.0005827,0.000211,8.35e-05,4.661e-05,2.826e-05
pal10,waccm_eq,300.5,0.07759,0.07679,0.07439,0.07051,0.06527,0.0589,0.05163,0.04379,0.03571,0.02778,0.02038,0.01388,0.008571,0.004656,0.002148,0.0008471,0.0003483,0.00018
pal10,waccm_eq,303.0,0.1586,0.1572,0.153,0.1462,0.1369,0.1255,0.1123,0.09772,0.08236,0.06679,0.05164,0.0376,0.02532,0.01536,0.008088,0.003554,0.001361,0.0005885
pal10,waccm_eq,304.0,0.162,0.1607,0.1566,0.1499,0.1408,0.1295,0.1164,0.102,0.08662,0.07094,0.05551,0.04109,0.02824,0.01759,0.009573,0.004354,0.001671,0.0006829
pal10,waccm_eq,305.0,0.2033,0.2017,0.1968,0.1889,0.178,0.1646,0.1489,0.1314,0.1127,0.09349,0.07437,0.05615,0.03962,0.02553,0.01452,0.006946,0.002716,0.001033
pal10,waccm_eq,306.0,0.1811,0.1797,0.1755,0.1687,0.1593,0.1477,0.1342,0.1191,0.1028,0.08593,0.06905,0.05281,0.03789,0.02496,0.01461,0.007228,0.002884,0.001049
pal10,waccm_eq,307.0,0.2202,0.2186,0.2137,0.2057,0.1948,0.1812,0.1653,0.1474,0.1282,0.1081,0.08779,0.06809,0.04974,0.03355,0.02026,0.01043,0.004292,0.001497
pal10,waccm_eq,308.0,0.2449,0.2431,0.2379,0.2294,0.2177,0.2031,0.186,0.1667,0.1458,0.1239,0.1017,0.07985,0.05929,0.04087,0.0254,0.01357,0.005791,0.001968
pal10,waccm_eq,309.0,0.2469,0.2452,0.24,0.2316,0.2201,0.2057,0.1888,0.1697,0.1489,0.1271,0.1049,0.08293,0.06214,0.04334,0.02737,0.01493,0.006514,0.002191
pal10,waccm_eq,310.0,0.23,0.2285,0.2239,0.2164,0.2061,0.1932,0.178,0.1608,0.1421,0.1222,0.1019,0.08162,0.0622,0.04438,0.02889,0.01643,0.007534,0.002538
pal10,waccm_eq,311.0,0.3785,0.376,0.3687,0.3565,0.3399,0.319,0.2944,0.2665,0.2361,0.2038,0.1705,0.1374,0.1054,0.07589,0.05001,0.02891,0.01354,0.004585
pal10,waccm_eq,312.0,0.3274,0.3253,0.3191,0.3089,0.2949,0.2773,0.2565,0.2329,0.2061,0.1796,0.1512,0.1227,0.09508,0.06934,0.04651,0.02756,0.01334,0.004599
pal10,waccm_eq,313.0,0.3548,0.3526,0.3461,0.3353,0.3205,0.3019,0.2799,0.2548,0.2274,0.1981,0.1677,0.1371,0.1073,0.07923,0.05407,0.03283,0.01644,0.005824
pal10,waccm_eq,314.0,0.3831,0.3808,0.3738,0.3623,0.3465,0.3266,0.303,0.2763,0.2469,0.2155,0.1829,0.1499,0.1177,0.08736,0.06,0.03677,0.01865,0.00668
pal10,waccm_eq,316.0,0.3755,0.3733,0.3667,0.3559,0.341,0.3222,0.3,0.2746,0.2466,0.2167,0.1854,0.1536,0.1223,0.09238,0.06503,0.04129,0.02207,0.008405
pal10,waccm_eq,320.0,0.4597,0.4572,0.4495,0.4369,0.4194,0.3975,0.3713,0.3415,0.3084,0.2729,0.2356,0.1974,0.1594,0.1227,0.08862,0.0584,0.03307,0.0137
pal10,waccm_eq,325.0,0.5678,0.5648,0.5557,0.5407,0.5199,0.4938,0.4627,0.427,0.3875,0.3447,0.2997,0.2533,0.2068,0.1615,0.119,0.08066,0.04783,0.02146
pal10,waccm_eq,330.0,0.6956,0.692,0.6811,0.6631,0.6383,0.6069,0.5695,0.5266,0.4789,0.4273,0.3727,0.3163,0.2596,0.204,0.1516,0.104,0.06291,0.02932
pal10,waccm_eq,335.0,0.6574,0.6541,0.6439,0.6272,0.6041,0.5749,0.5401,0.5001,0.4555,0.4072,0.356,0.303,0.2495,0.1969,0.147,0.1016,0.06215,0.02967
pal10,waccm_eq,340.0,0.713,0.7094,0.6985,0.6806,0.6558,0.6245,0.587,0.544,0.4961,0.444,0.3887,0.3314,0.2733,0.2161,0.1617,0.112,0.06881,0.03317
pal10,waccm_eq,345.0,0.7026,0.6991,0.6885,0.671,0.6467,0.6161,0.5795,0.5374,0.4905,0.4394,0.3851,0.3287,0.2714,0.2149,0.1609,0.1115,0.06863,0.03324
pal10,waccm_eq,350.0,0.7355,0.7318,0.7208,0.7026,0.6774,0.6455,0.6075,0.5636,0.5147,0.4614,0.4048,0.3457,0.2857,0.2263,0.1695,0.1174,0.07214,0.03492
pal10,waccm_eq,355.0,0.778,0.7741,0.7626,0.7434,0.717,0.6836,0.6435,0.5974,0.5459,0.4898,0.43,0.3676,0.3041,0.2411,0.1806,0.1251,0.07683,0.03724
pal10,waccm_eq,360.0,0.7118,0.7083,0.6978,0.6804,0.6564,0.626,0.5896,0.5476,0.5007,0.4496,0.395,0.338,0.2798,0.222,0.1663,0.1152,0.07067,0.03425
pal10,waccm_eq,365.0,0.9056,0.9012,0.8879,0.866,0.8356,0.7972,0.7511,0.698,0.6386,0.5738,0.5045,0.432,0.358,0.2842,0.213,0.1474,0.09036,0.04379
pal10,waccm_eq,370.0,0.9421,0.9376,0.9238,0.9012,0.8698,0.83,0.7824,0.7274,0.6659,0.5987,0.5268,0.4515,0.3744,0.2974,0.2231,0.1543,0.09445,0.04574
pal10,waccm_eq,375.0,0.8516,0.8475,0.8352,0.8148,0.7866,0.7509,0.708,0.6586,0.6032,0.5427,0.4779,0.4099,0.3402,0.2705,0.2029,0.1403,0.08576,0.04149
pal10,waccm_eq,380.0,0.9795,0.9748,0.9607,0.9374,0.9052,0.8643,0.8153,0.7587,0.6953,0.6259,0.5515,0.4735,0.3933,0.3129,0.2348,0.1623,0.09909,0.04789
pal10,waccm_eq,385.0,0.7388,0.7353,0.7247,0.7073,0.6831,0.6524,0.6156,0.5732,0.5255,0.4734,0.4174,0.3586,0.2981,0.2374,0.1782,0.1232,0.07508,0.03625
pal10,waccm_eq,390.0,0.9652,0.9607,0.9469,0.9243,0.8928,0.853,0.8052,0.7499,0.6879,0.62,0.5471,0.4704,0.3914,0.3119,0.2343,0.1619,0.09854,0.0475
pal10,waccm_eq,395.0,0.7491,0.7456,0.735,0.7175,0.6932,0.6624,0.6255,0.5828,0.5349,0.4824,0.4259,0.3665,0.3052,0.2434,0.183,0.1264,0.07683,0.03698
pal10,waccm_eq,400.0,1.391,1.385,1.365,1.333,1.288,1.231,1.163,1.084,0.9953,0.898,0.7935,0.6832,0.5694,0.4544,0.3418,0.2362,0.1433,0.06888
pal10,waccm_eq,405.0,1.419,1.412,1.392,1.36,1.314,1.256,1.187,1.107,1.017,0.918,0.8116,0.6994,0.5833,0.4659,0.3507,0.2423,0.1469,0.07045
pal10,waccm_eq,410.0,1.464,1.457,1.437,1.403,1.356,1.297,1.226,1.143,1.051,0.949,0.8396,0.724,0.6043,0.4831,0.3639,0.2514,0.1522,0.07286
pal10,waccm_eq,415.0,1.525,1.518,1.497,1.462,1.414,1.352,1.278,1.193,1.097,0.9912,0.8774,0.7571,0.6324,0.506,0.3814,0.2636,0.1594,0.07614
pal10,waccm_eq,420.0,1.54,1.533,1.512,1.477,1.428,1.366,1.292,1.206,1.109,1.003,0.8881,0.7669,0.6411,0.5134,0.3872,0.2676,0.1617,0.07705
pal10,waccm_eq,425.0,1.47,1.464,1.444,1.41,1.364,1.305,1.234,1.153,1.061,0.9593,0.8501,0.7346,0.6145,0.4925,0.3717,0.257,0.155,0.07372
pal10,waccm_eq,430.0,1.357,1.35,1.332,1.301,1.259,1.205,1.14,1.065,0.9799,0.8868,0.7863,0.6799,0.5692,0.4565,0.3448,0.2385,0.1437,0.06818
pal10,waccm_eq,435.0,1.575,1.568,1.546,1.511,1.462,1.399,1.324,1.237,1.139,1.031,0.915,0.7917,0.6633,0.5324,0.4025,0.2784,0.1676,0.07932
pal10,waccm_eq,440.0,1.621,1.613,1.591,1.555,1.504,1.44,1.363,1.274,1.174,1.063,0.9435,0.8168,0.6848,0.5501,0.4161,0.288,0.1732,0.08171
pal10,waccm_eq,445.0,1.741,1.733,1.709,1.67,1.616,1.548,1.465,1.37,1.262,1.144,1.016,0.8798,0.7381,0.5933,0.4492,0.311,0.1869,0.08791
pal10,waccm_eq,450.0,1.851,1.843,1.818,1.777,1.72,1.647,1.56,1.458,1.344,1.219,1.083,0.9383,0.7877,0.6337,0.4801,0.3325,0.1997,0.09368
pal10,waccm_eq,455.0,1.812,1.804,1.78,1.739,1.684,1.613,1.527,1.429,1.317,1.194,1.062,0.9207,0.7734,0.6227,0.4721,0.3271,0.1963,0.09182
pal10,waccm_eq,460.0,1.865,1.857,1.832,1.79,1.733,1.66,1.573,1.471,1.357,1.231,1.095,0.9496,0.7982,0.643,0.4877,0.338,0.2026,0.09435
pal10,waccm_eq,465.0,1.844,1.836,1.811,1.77,1.714,1.642,1.556,1.456,1.343,1.219,1.084,0.9412,0.7916,0.6382,0.4845,0.336,0.2013,0.09349
pal10,waccm_eq,470.0,1.834,1.826,1.801,1.761,1.705,1.634,1.549,1.449,1.337,1.214,1.08,0.9383,0.7896,0.637,0.4839,0.3358,0.201,0.0931
pal10,waccm_eq,475.0,1.856,1.847,1.823,1.782,1.726,1.654,1.568,1.467,1.355,1.23,1.095,0.9514,0.8011,0.6467,0.4916,0.3412,0.2042,0.09423
pal10,waccm_eq,480.0,1.909,1.9,1.875,1.833,1.775,1.702,1.613,1.51,1.394,1.266,1.128,0.9802,0.8256,0.6667,0.507,0.3519,0.2102,0.09646
pal10,waccm_eq,485.0,1.734,1.726,1.703,1.666,1.613,1.546,1.466,1.373,1.268,1.152,1.026,0.8921,0.7519,0.6075,0.4623,0.321,0.1917,0.08765
pal10,waccm_eq,490.0,1.806,1.798,1.774,1.735,1.68,1.611,1.528,1.431,1.322,1.201,1.07,0.9311,0.7851,0.6348,0.4835,0.3359,0.2006,0.0915
pal10,waccm_eq,495.0,1.84,1.831,1.807,1.767,1.712,1.642,1.557,1.458,1.347,1.225,1.092,0.9502,0.8016,0.6485,0.4942,0.3435,0.205,0.09319
pal10,waccm_eq,500.0,1.754,1.747,1.724,1.686,1.633,1.566,1.485,1.392,1.286,1.169,1.042,0.9073,0.7656,0.6196,0.4722,0.3282,0.1956,0.08838
pal10,waccm_eq,505.0,1.782,1.775,1.751,1.713,1.659,1.591,1.509,1.414,1.307,1.188,1.06,0.9225,0.7786,0.6302,0.4803,0.3337,0.1984,0.08902
pal10,waccm_eq,510.0,1.767,1.76,1.737,1.699,1.646,1.578,1.497,1.403,1.297,1.18,1.052,0.9165,0.774,0.6268,0.4781,0.3324,0.1977,0.08852
pal10,waccm_eq,515.0,1.638,1.631,1.61,1.575,1.526,1.464,1.389,1.301,1.203,1.095,0.9767,0.851,0.7189,0.5826,0.4446,0.3093,0.1839,0.08208
pal10,waccm_eq,520.0,1.684,1.677,1.655,1.619,1.569,1.505,1.428,1.338,1.238,1.126,1.005,0.8759,0.7402,0.6001,0.4581,0.3188,0.1894,0.08417
pal10,waccm_eq,525.0,1.69,1.682,1.661,1.624,1.574,1.51,1.433,1.343,1.242,1.13,1.009,0.8794,0.7433,0.6026,0.4601,0.32,0.1898,0.08382
pal10,waccm_eq,530.0,1.78,1.772,1.749,1.711,1.658,1.59,1.509,1.415,1.308,1.191,1.063,0.9264,0.7831,0.6348,0.4846,0.3368,0.1993,0.08734
pal10,waccm_eq,535.0,1.724,1.717,1.695,1.658,1.606,1.541,1.463,1.371,1.268,1.154,1.031,0.8986,0.7598,0.6161,0.4704,0.327,0.1934,0.08434
pal10,waccm_eq,540.0,1.726,1.718,1.696,1.659,1.608,1.543,1.464,1.373,1.27,1.156,1.033,0.9006,0.7617,0.618,0.4721,0.3284,0.1942,0.08444
pal10,waccm_eq,545.0,1.751,1.743,1.721,1.683,1.631,1.565,1.486,1.393,1.289,1.174,1.048,0.9144,0.7736,0.6277,0.4797,0.3336,0.1971,0.08529
pal10,waccm_eq,550.0,1.756,1.749,1.726,1.688,1.636,1.57,1.491,1.398,1.293,1.178,1.052,0.918,0.7767,0.6305,0.4819,0.3352,0.1979,0.08531
pal10,waccm_eq,555.0,1.743,1.735,1.713,1.676,1.624,1.559,1.48,1.388,1.284,1.17,1.045,0.9121,0.7721,0.6269,0.4794,0.3336,0.1968,0.08445
pal10,waccm_eq,560.0,1.698,1.691,1.669,1.633,1.583,1.519,1.442,1.353,1.252,1.14,1.019,0.8892,0.7527,0.6112,0.4673,0.325,0.1914,0.08161
pal10,waccm_eq,565.0,1.701,1.693,1.672,1.635,1.585,1.521,1.444,1.355,1.254,1.142,1.02,0.8905,0.7537,0.612,0.4679,0.3252,0.1912,0.08097
pal10,waccm_eq,570.0,1.691,1.683,1.662,1.626,1.576,1.512,1.436,1.347,1.246,1.135,1.015,0.8857,0.7498,0.6089,0.4655,0.3235,0.19,0.08006
pal10,waccm_eq,575.0,1.719,1.712,1.69,1.653,1.602,1.538,1.46,1.37,1.268,1.155,1.032,0.9014,0.7632,0.62,0.4741,0.3296,0.1935,0.08128
pal10,waccm_eq,580.0,1.691,1.684,1.662,1.626,1.577,1.513,1.437,1.348,1.248,1.137,1.017,0.8881,0.7524,0.6116,0.4681,0.3258,0.1916,0.0805
pal10,waccm_eq,585.0,1.692,1.685,1.663,1.627,1.578,1.514,1.438,1.35,1.25,1.139,1.019,0.8901,0.7544,0.6136,0.4701,0.3276,0.1929,0.08114
pal10,waccm_eq,590.0,1.632,1.625,1.605,1.57,1.522,1.461,1.388,1.303,1.206,1.1,0.9838,0.8597,0.729,0.5932,0.4547,0.3171,0.1869,0.07847
pal10,waccm_eq,595.0,1.665,1.658,1.636,1.601,1.552,1.49,1.416,1.329,1.23,1.122,1.004,0.8771,0.7437,0.6052,0.4639,0.3235,0.1904,0.0796
pal10,waccm_eq,600.0,1.624,1.617,1.597,1.562,1.515,1.454,1.381,1.296,1.201,1.095,0.9792,0.8558,0.7257,0.5905,0.4526,0.3154,0.1854,0.07705
pal10,waccm_eq,605.0,1.643,1.636,1.615,1.58,1.532,1.471,1.397,1.312,1.215,1.108,0.9912,0.8664,0.7349,0.5982,0.4587,0.3198,0.1881,0.07806
pal10,waccm_eq,610.0,1.622,1.615,1.594,1.56,1.513,1.453,1.38,1.296,1.2,1.095,0.9799,0.857,0.7274,0.5926,0.4549,0.3178,0.1873,0.078
pal10,waccm_eq,615.0,1.583,1.576,1.556,1.523,1.477,1.418,1.348,1.266,1.173,1.07,0.958,0.8383,0.7119,0.5806,0.4463,0.3123,0.1846,0.07718
pal10,waccm_eq,620.0,1.605,1.599,1.579,1.545,1.498,1.439,1.367,1.284,1.19,1.086,0.973,0.8518,0.7239,0.5908,0.4546,0.3186,0.1888,0.07916
pal10,waccm_eq,625.0,1.571,1.564,1.545,1.512,1.466,1.408,1.338,1.257,1.165,1.064,0.9532,0.8348,0.7097,0.5796,0.4464,0.3133,0.1861,0.07815
pal10,waccm_eq,630.0,1.573,1.566,1.547,1.514,1.468,1.41,1.341,1.259,1.168,1.066,0.9555,0.8371,0.7121,0.5819,0.4487,0.3154,0.1877,0.079
pal10,waccm_eq,635.0,1.562,1.555,1.536,1.503,1.458,1.401,1.331,1.251,1.16,1.059,0.9499,0.8325,0.7086,0.5795,0.4473,0.3148,0.1878,0.07926
pal10,waccm_eq,640.0,1.543,1.537,1.518,1.486,1.441,1.385,1.316,1.237,1.147,1.048,0.9399,0.8241,0.7018,0.5744,0.4438,0.3128,0.187,0.07917
pal10,waccm_eq,644.8,1.534,1.528,1.509,1.477,1.433,1.377,1.309,1.23,1.141,1.043,0.9355,0.8205,0.6991,0.5725,0.4427,0.3125,0.1872,0.07944
pal10,waccm_eq,651.05,1.515,1.508,1.49,1.458,1.415,1.359,1.293,1.215,1.128,1.03,0.9248,0.8115,0.6917,0.5669,0.4389,0.3103,0.1862,0.07921
pal10,waccm_eq,660.0,1.437,1.431,1.413,1.384,1.342,1.29,1.227,1.154,1.071,0.9789,0.8789,0.7717,0.6583,0.5401,0.4187,0.2966,0.1786,0.07622
pal10,waccm_eq,670.0,1.475,1.469,1.45,1.42,1.378,1.325,1.26,1.185,1.1,1.006,0.9037,0.7939,0.6779,0.5568,0.4323,0.307,0.1855,0.07947
pal10,waccm_eq,680.0,1.448,1.442,1.424,1.394,1.353,1.301,1.238,1.164,1.081,0.989,0.8887,0.7812,0.6675,0.5488,0.4267,0.3036,0.184,0.07909
pal10,waccm_eq,690.0,1.427,1.421,1.403,1.374,1.334,1.282,1.22,1.148,1.066,0.9757,0.8772,0.7715,0.6596,0.5428,0.4225,0.3012,0.183,0.07885
pal10,waccm_eq,700.0,1.402,1.396,1.379,1.35,1.311,1.26,1.199,1.129,1.049,0.9598,0.8632,0.7595,0.6498,0.5351,0.4171,0.2979,0.1815,0.07838
pal10,waccm_eq,710.0,1.369,1.363,1.346,1.319,1.28,1.231,1.171,1.103,1.025,0.938,0.8439,0.7428,0.6358,0.524,0.4088,0.2924,0.1785,0.07718
pal10,waccm_eq,720.0,1.324,1.318,1.302,1.275,1.238,1.19,1.133,1.067,0.9914,0.9079,0.817,0.7194,0.616,0.508,0.3967,0.2841,0.1737,0.0752
pal10,waccm_eq,730.0,1.293,1.288,1.272,1.246,1.209,1.163,1.107,1.042,0.9689,0.8875,0.7988,0.7037,0.6029,0.4975,0.3889,0.2788,0.1708,0.07406
pal1,atmos,120.7,0.0,0.0,0.0,0.0,0.0,0.0,0.0,0.0,0.0,0.0,0.0,0.0,0.0,0.0,0.0,0.0,0.0,0.0
pal1,atmos,121.65,0.0,0.0,0.0,0.0,0.0,0.0,0.0,0.0,0.0,0.0,0.0,0.0,0.0,0.0,0.0,0.0,0.0,0.0
pal1,atmos,122.1,0.0,0.0,0.0,0.0,0.0,0.0,0.0,0.0,0.0,0.0,0.0,0.0,0.0,0.0,0.0,0.0,0.0,0.0
pal1,atmos,122.7,0.0,0.0,0.0,0.0,0.0,0.0,0.0,0.0,0.0,0.0,0.0,0.0,0.0,0.0,0.0,0.0,0.0,0.0
pal1,atmos,123.45,0.0,0.0,0.0,0.0,0.0,0.0,0.0,0.0,0.0,0.0,0.0,0.0,0.0,0.0,0.0,0.0,0.0,0.0
pal1,atmos,124.2,0.0,0.0,0.0,0.0,0.0,0.0,0.0,0.0,0.0,0.0,0.0,0.0,0.0,0.0,0.0,0.0,0.0,0.0
pal1,atmos,125.0,0.0,0.0,0.0,0.0,0.0,0.0,0.0,0.0,0.0,0.0,0.0,0.0,0.0,0.0,0.0,0.0,0.0,0.0
pal1,atmos,125.8,0.0,0.0,0.0,0.0,0.0,0.0,0.0,0.0,0.0,0.0,0.0,0.0,0.0,0.0,0.0,0.0,0.0,0.0
pal1,atmos,126.6,0.0,0.0,0.0,0.0,0.0,0.0,0.0,0.0,0.0,0.0,0.0,0.0,0.0,0.0,0.0,0.0,0.0,0.0
pal1,atmos,127.8,0.0,0.0,0.0,0.0,0.0,0.0,0.0,0.0,0.0,0.0,0.0,0.0,0.0,0.0,0.0,0.0,0.0,0.0
pal1,atmos,129.0,0.0,0.0,0.0,0.0,0.0,0.0,0.0,0.0,0.0,0.0,0.0,0.0,0.0,0.0,0.0,0.0,0.0,0.0
pal1,atmos,129.85,0.0,0.0,0.0,0.0,0.0,0.0,0.0,0.0,0.0,0.0,0.0,0.0,0.0,0.0,0.0,0.0,0.0,0.0
pal1,atmos,131.15,0.0,0.0,0.0,0.0,0.0,0.0,0.0,0.0,0.0,0.0,0.0,0.0,0.0,0.0,0.0,0.0,0.0,0.0
pal1,atmos,133.5,0.0,0.0,0.0,0.0,0.0,0.0,0.0,0.0,0.0,0.0,0.0,0.0,0.0,0.0,0.0,0.0,0.0,0.0
pal1,atmos,136.0,0.0,0.0,0.0,0.0,0.0,0.0,0.0,0.0,0.0,0.0,0.0,0.0,0.0,0.0,0.0,0.0,0.0,0.0
pal1,atmos,141.0,0.0,0.0,0.0,0.0,0.0,0.0,0.0,0.0,0.0,0.0,0.0,0.0,0.0,0.0,0.0,0.0,0.0,0.0
pal1,atmos,150.0,0.0,0.0,0.0,0.0,0.0,0.0,0.0,0.0,0.0,0.0,0.0,0.0,0.0,0.0,0.0,0.0,0.0,0.0
pal1,atmos,160.0,0.0,0.0,0.0,0.0,0.0,0.0,0.0,0.0,0.0,0.0,0.0,0.0,0.0,0.0,0.0,0.0,0.0,0.0
pal1,atmos,167.5,0.0,0.0,0.0,0.0,0.0,0.0,0.0,0.0,0.0,0.0,0.0,0.0,0.0,0.0,0.0,0.0,0.0,0.0
pal1,atmos,172.7,0.0,0.0,0.0,0.0,0.0,0.0,0.0,0.0,0.0,0.0,0.0,0.0,0.0,0.0,0.0,0.0,0.0,0.0
pal1,atmos,176.2,0.0,0.0,0.0,0.0,0.0,0.0,0.0,0.0,0.0,0.0,0.0,0.0,0.0,0.0,0.0,0.0,0.0,0.0
pal1,atmos,177.8,0.0,0.0,0.0,0.0,0.0,0.0,0.0,0.0,0.0,0.0,0.0,0.0,0.0,0.0,0.0,0.0,0.0,0.0
pal1,atmos,179.4,0.0,0.0,0.0,0.0,0.0,0.0,0.0,0.0,0.0,0.0,0.0,0.0,0.0,0.0,0.0,0.0,0.0,0.0
pal1,atmos,181.0,0.0,0.0,0.0,0.0,0.0,0.0,0.0,0.0,0.0,0.0,0.0,0.0,0.0,0.0,0.0,0.0,0.0,0.0
pal1,atmos,182.65,0.0,0.0,0.0,0.0,0.0,0.0,0.0,0.0,0.0,0.0,0.0,0.0,0.0,0.0,0.0,0.0,0.0,0.0
pal1,atmos,184.35,0.0,0.0,0.0,0.0,0.0,0.0,0.0,0.0,0.0,0.0,0.0,0.0,0.0,0.0,0.0,0.0,0.0,0.0
pal1,atmos,186.05,0.0,0.0,0.0,0.0,0.0,0.0,0.0,0.0,0.0,0.0,0.0,0.0,0.0,0.0,0.0,0.0,0.0,0.0
pal1,atmos,187.8,0.0,0.0,0.0,0.0,0.0,0.0,0.0,0.0,0.0,0.0,0.0,0.0,0.0,0.0,0.0,0.0,0.0,0.0
pal1,atmos,189.6,0.0,0.0,0.0,0.0,0.0,0.0,0.0,0.0,0.0,0.0,0.0,0.0,0.0,0.0,0.0,0.0,0.0,0.0
pal1,atmos,191.4,0.0,0.0,0.0,0.0,0.0,0.0,0.0,0.0,0.0,0.0,0.0,0.0,0.0,0.0,0.0,0.0,0.0,0.0
pal1,atmos,193.25,0.0,0.0,0.0,0.0,0.0,0.0,0.0,0.0,0.0,0.0,0.0,0.0,0.0,0.0,0.0,0.0,0.0,0.0
pal1,atmos,195.15,0.0,0.0,0.0,0.0,0.0,0.0,0.0,0.0,0.0,0.0,0.0,0.0,0.0,0.0,0.0,0.0,0.0,0.0
pal1,atmos,197.05,0.0,0.0,0.0,0.0,0.0,0.0,0.0,0.0,0.0,0.0,0.0,0.0,0.0,0.0,0.0,0.0,0.0,0.0
pal1,atmos,199.0,0.0,0.0,0.0,0.0,0.0,0.0,0.0,0.0,0.0,0.0,0.0,0.0,0.0,0.0,0.0,0.0,0.0,0.0
pal1,atmos,201.0,0.0,0.0,0.0,0.0,0.0,0.0,0.0,0.0,0.0,0.0,0.0,0.0,0.0,0.0,0.0,0.0,0.0,0.0
pal1,atmos,203.05,0.0,0.0,0.0,0.0,0.0,0.0,0.0,0.0,0.0,0.0,0.0,0.0,0.0,0.0,0.0,0.0,0.0,0.0
pal1,atmos,205.15,0.0,0.0,0.0,0.0,0.0,0.0,0.0,0.0,0.0,0.0,0.0,0.0,0.0,0.0,0.0,0.0,0.0,0.0
pal1,atmos,207.2665,4.337e-20,3.709e-20,2.306e-20,1.025e-20,3.151e-21,6.397e-22,8.004e-23,5.615e-24,1.952e-25,2.98e-27,2.785e-29,1.861e-30,6.337e-31,3.246e-31,1.958e-31,1.234e-31,7.351e-32,3.555e-32
pal1,atmos,209.4295,3.358e-19,2.889e-19,1.829e-19,8.38e-20,2.695e-20,5.814e-21,7.876e-22,6.121e-23,2.426e-24,4.381e-26,4.939e-28,3.288e-29,1.072e-29,5.434e-30,3.306e-30,2.117e-30,1.281e-30,6.275e-31
pal1,atmos,211.646,3.057e-18,2.648e-18,1.711e-18,8.119e-19,2.748e-19,6.353e-20,9.425e-21,8.237e-22,3.797e-23,8.343e-25,1.185e-26,8.021e-28,2.475e-28,1.24e-28,7.657e-29,5.007e-29,3.093e-29,1.544e-29
pal1,atmos,213.91,9.867e-18,8.58e-18,5.613e-18,2.72e-18,9.491e-19,2.287e-19,3.582e-20,3.357e-21,1.693e-22,4.173e-24,6.642e-26,4.179e-27,1.188e-27,5.899e-28,3.719e-28,2.49e-28,1.572e-28,8.012e-29
pal1,atmos,216.2225,2.446e-17,2.135e-17,1.413e-17,6.985e-18,2.509e-18,6.291e-19,1.038e-19,1.04e-20,5.722e-22,1.578e-23,2.81e-25,1.615e-26,4.144e-27,2.055e-27,1.333e-27,9.168e-28,5.934e-28,3.1e-28
pal1,atmos,218.5855,9.18e-17,8.048e-17,5.397e-17,2.728e-17,1.013e-17,2.655e-18,4.647e-19,5.029e-20,3.057e-21,9.619e-23,1.97e-24,1.03e-25,2.341e-26,1.174e-26,7.892e-27,5.584e-27,3.714e-27,2.002e-27
pal1,atmos,221.001,1.34e-16,1.177e-16,7.926e-17,4.036e-17,1.515e-17,4.029e-18,7.19e-19,7.985e-20,5.023e-21,1.652e-22,3.437e-24,1.473e-25,2.895e-26,1.495e-26,1.042e-26,7.557e-27,5.152e-27,2.863e-27
pal1,atmos,223.4705,1.536e-16,1.348e-16,9.07e-17,4.612e-17,1.727e-17,4.583e-18,8.153e-19,9.026e-20,5.661e-21,1.853e-22,3.658e-24,1.195e-25,2.003e-26,1.084e-26,7.807e-27,5.79e-27,4.039e-27,2.316e-27
pal1,atmos,225.996,9.564e-17,8.388e-17,5.633e-17,2.854e-17,1.063e-17,2.803e-18,4.948e-19,5.428e-20,3.37e-21,1.088e-22,2.004e-24,4.793e-26,6.842e-27,3.925e-27,2.909e-27,2.202e-27,1.572e-27,9.332e-28
pal1,atmos,228.579,3.465e-17,3.027e-17,2.01e-17,9.984e-18,3.616e-18,9.172e-19,1.54e-19,1.586e-20,9.084e-22,2.629e-23,3.982e-25,6.155e-27,7.488e-28,4.572e-28,3.468e-28,2.669e-28,1.944e-28,1.193e-28
pal1,atmos,231.2215,6.218e-18,5.397e-18,3.512e-18,1.686e-18,5.811e-19,1.378e-19,2.12e-20,1.951e-21,9.665e-23,2.301e-24,2.566e-26,2.316e-28,2.44e-29,1.573e-29,1.213e-29,9.46e-30,7.006e-30,4.422e-30
pal1,atmos,233.926,4.82e-19,4.148e-19,2.628e-19,1.206e-19,3.889e-20,8.435e-21,1.154e-21,9.128e-23,3.718e-24,6.81e-26,5.155e-28,2.498e-30,2.321e-31,1.561e-31,1.219e-31,9.606e-32,7.214e-32,4.673e-32
pal1,atmos,236.6945,3.842e-20,3.272e-20,2.01e-20,8.745e-21,2.611e-21,5.1e-22,6.082e-23,4.027e-24,1.303e-25,1.756e-27,8.549e-30,2.101e-32,1.751e-33,1.215e-33,9.579e-34,7.612e-34,5.786e-34,3.838e-34
pal1,atmos,239.5295,5.554e-21,4.7e-21,2.832e-21,1.192e-21,3.392e-22,6.206e-23,6.794e-24,4.025e-25,1.124e-26,1.236e-28,4.378e-31,6.022e-34,4.573e-35,3.252e-35,2.591e-35,2.083e-35,1.611e-35,1.105e-35
pal1,atmos,242.433,2.627e-21,2.213e-21,1.316e-21,5.411e-22,1.488e-22,2.6e-23,2.675e-24,1.459e-25,3.637e-27,3.389e-29,9.155e-32,7.517e-35,5.257e-36,3.81e-36,3.067e-36,2.495e-36,1.965e-36,1.397e-36
pal1,atmos,245.408,3.835e-23,3.18e-23,1.801e-23,6.821e-24,1.663e-24,2.467e-25,2.048e-26,8.467e-28,1.479e-29,8.705e-32,1.289e-34,4.851e-38,3.14e-39,2.292e-39,1.845e-39,1.5e-39,1.181e-39,8.42e-40
pal1,atmos,248.457,1.106e-24,9.047e-25,4.918e-25,1.736e-25,3.823e-26,4.936e-27,3.416e-28,1.117e-29,1.443e-31,5.479e-34,5.098e-37,9.76e-41,5.885e-42,4.315e-42,3.472e-42,2.822e-42,2.222e-42,1.588e-42
pal1,atmos,251.5825,1.473e-25,1.196e-25,6.356e-26,2.158e-26,4.487e-27,5.36e-28,3.35e-29,9.596e-31,1.046e-32,3.337e-35,2.206e-38,2.821e-42,1.597e-43,1.177e-43,9.389e-44,7.707e-44,6.026e-44,4.344e-44
pal1,atmos,254.7875,8.945e-26,7.24e-26,3.809e-26,1.272e-26,2.58e-27,2.98e-28,1.782e-29,4.82e-31,4.874e-33,1.409e-35,8.141e-39,8.492e-43,4.484e-44,3.363e-44,2.662e-44,2.242e-44,1.682e-44,1.261e-44
pal1,atmos,258.075,7.204e-25,5.864e-25,3.138e-25,1.078e-25,2.281e-26,2.788e-27,1.795e-28,5.336e-30,6.08e-32,2.044e-34,1.426e-37,1.833e-41,9.291e-43,6.81e-43,5.479e-43,4.442e-43,3.503e-43,2.508e-43
pal1,atmos,261.449,8.922e-24,7.339e-24,4.055e-24,1.473e-24,3.374e-25,4.595e-26,3.407e-27,1.214e-28,1.742e-30,7.858e-33,7.97e-36,1.601e-39,7.767e-41,5.666e-41,4.557e-41,3.703e-41,2.92e-41,2.093e-41
pal1,atmos,264.9125,2.109e-21,1.765e-21,1.027e-21,4.073e-22,1.062e-22,1.722e-23,1.604e-24,7.659e-26,1.597e-27,1.161e-29,2.172e-32,9.237e-36,4.337e-37,3.138e-37,2.522e-37,2.051e-37,1.619e-37,1.161e-37
pal1,atmos,268.4685,9.436e-19,8.078e-19,5.04e-19,2.251e-19,6.98e-20,1.431e-20,1.812e-21,1.283e-22,4.428e-24,6.126e-26,2.62e-28,3.106e-31,1.44e-32,1.025e-32,8.226e-33,6.697e-33,5.295e-33,3.795e-33
pal1,atmos,272.1215,7.177e-16,6.304e-16,4.25e-16,2.168e-16,8.149e-17,2.17e-17,3.867e-18,4.248e-19,2.568e-20,7.276e-22,7.824e-24,2.914e-26,1.378e-27,9.477e-28,7.583e-28,6.178e-28,4.894e-28,3.51e-28
pal1,atmos,275.8755,8.165e-13,7.368e-13,5.394e-13,3.167e-13,1.461e-13,5.137e-14,1.316e-14,2.304e-15,2.526e-16,1.533e-17,4.383e-19,5.495e-21,2.851e-22,1.805e-22,1.433e-22,1.168e-22,9.272e-23,6.659e-23
pal1,atmos,279.734,4.05e-10,3.747e-10,2.96e-10,1.98e-10,1.104e-10,5.018e-11,1.798e-11,4.846e-12,9.211e-13,1.129e-13,7.948e-15,3.038e-16,1.984e-17,1.042e-17,8.122e-18,6.596e-18,5.248e-18,3.779e-18
pal1,atmos,283.702,2.6e-07,2.46e-07,2.077e-07,1.557e-07,1.025e-07,5.827e-08,2.799e-08,1.1e-08,3.378e-09,7.635e-10,1.176e-10,1.178e-11,1.189e-12,4.514e-13,3.335e-13,2.679e-13,2.13e-13,1.54e-13
pal1,atmos,287.7845,3.69e-05,3.551e-05,3.163e-05,2.595e-05,1.949e-05,1.326e-05,8.043e-06,4.262e-06,1.917e-06,7.038e-07,2.009e-07,4.286e-08,7.635e-09,2.186e-09,1.358e-09,1.056e-09,8.325e-10,6.031e-10
pal1,atmos,291.9865,0.001793,0.001749,0.001619,0.001421,0.001176,0.0009119,0.0006566,0.0004334,0.0002576,0.0001346,6.007e-05,2.216e-05,6.769e-06,2.028e-06,9.098e-07,6.242e-07,4.771e-07,3.433e-07
pal1,atmos,296.309,0.01581,0.01555,0.01478,0.01355,0.01196,0.01012,0.008161,0.006225,0.004443,0.002926,0.001745,0.000921,0.0004209,0.0001679,6.633e-05,3.394e-05,2.303e-05,1.604e-05
pal1,atmos,300.5,0.05182,0.0512,0.0494,0.04648,0.04257,0.03788,0.03261,0.02703,0.02143,0.0161,0.01133,0.007341,0.004296,0.002223,0.001017,0.000448,0.000234,0.0001465
pal1,atmos,303.0,0.1192,0.118,0.1146,0.1089,0.1013,0.09191,0.0812,0.06957,0.0575,0.04552,0.03419,0.02406,0.01558,0.009093,0.004683,0.002145,0.0009825,0.0005348
pal1,atmos,304.0,0.1254,0.1242,0.1207,0.115,0.1073,0.0979,0.08704,0.07516,0.06274,0.05029,0.03836,0.02752,0.01826,0.01097,0.005832,0.002728,0.001223,0.000633
pal1,atmos,305.0,0.1632,0.1617,0.1575,0.1505,0.1411,0.1294,0.116,0.1012,0.0855,0.06961,0.05416,0.03982,0.02726,0.01702,0.009455,0.004586,0.002025,0.0009746
pal1,atmos,306.0,0.1488,0.1475,0.1438,0.1377,0.1295,0.1192,0.1074,0.09426,0.08031,0.06605,0.05204,0.03887,0.02714,0.01737,0.009932,0.004947,0.002182,0.0009972
pal1,atmos,307.0,0.1855,0.184,0.1796,0.1724,0.1625,0.1503,0.1361,0.1203,0.1034,0.08592,0.06862,0.05213,0.03718,0.02444,0.01444,0.007434,0.003305,0.001429
pal1,atmos,308.0,0.2111,0.2095,0.2047,0.1968,0.1861,0.1728,0.1572,0.1398,0.121,0.1016,0.08215,0.06338,0.0461,0.03106,0.01891,0.01006,0.00455,0.001876
pal1,atmos,309.0,0.2155,0.214,0.2092,0.2014,0.1907,0.1774,0.1619,0.1445,0.1257,0.1061,0.08632,0.06717,0.04938,0.03373,0.02088,0.01133,0.005182,0.002085
pal1,atmos,310.0,0.2056,0.2042,0.1999,0.1928,0.1831,0.171,0.1568,0.1402,0.1235,0.1053,0.08677,0.0686,0.05147,0.03608,0.02309,0.01303,0.006162,0.002403
pal1,atmos,311.0,0.3418,0.3394,0.3324,0.3209,0.3052,0.2855,0.2623,0.2362,0.2078,0.1779,0.1474,0.1173,0.0887,0.06282,0.04074,0.02336,0.01121,0.00433
pal1,atmos,312.0,0.2997,0.2978,0.2918,0.2821,0.2687,0.2519,0.2321,0.2097,0.1854,0.1597,0.1332,0.107,0.0819,0.05889,0.03894,0.02288,0.01127,0.004332
pal1,atmos,313.0,0.3293,0.3272,0.3209,0.3105,0.2962,0.2783,0.2572,0.2333,0.2071,0.1794,0.1508,0.1222,0.09457,0.069,0.0465,0.028,0.01418,0.005481
pal1,atmos,314.0,0.3575,0.3552,0.3485,0.3374,0.3221,0.3029,0.2802,0.2546,0.2264,0.1965,0.1656,0.1347,0.1047,0.07683,0.05215,0.03169,0.01622,0.006286
pal1,atmos,316.0,0.3573,0.3551,0.3487,0.3381,0.3236,0.3052,0.2836,0.2589,0.2318,0.2028,0.1727,0.1422,0.1124,0.08422,0.05877,0.03705,0.01987,0.007948
pal1,atmos,320.0,0.4466,0.444,0.4353,0.424,0.4068,0.3851,0.3593,0.3299,0.2975,0.2625,0.226,0.1887,0.1517,0.1162,0.08346,0.05473,0.03098,0.01313
pal1,atmos,325.0,0.5602,0.5572,0.5481,0.5332,0.5126,0.4867,0.4557,0.4203,0.381,0.3386,0.294,0.248,0.2021,0.1575,0.1157,0.07822,0.04633,0.02095
pal1,atmos,330.0,0.691,0.6874,0.6765,0.6586,0.6338,0.6025,0.5652,0.5225,0.475,0.4235,0.3692,0.3131,0.2566,0.2015,0.1495,0.1024,0.06189,0.02893
pal1,atmos,335.0,0.6557,0.6523,0.6422,0.6255,0.6024,0.5732,0.5384,0.4985,0.454,0.4057,0.3546,0.3017,0.2483,0.1959,0.1461,0.1009,0.06173,0.02949
pal1,atmos,340.0,0.7122,0.7086,0.6977,0.6798,0.655,0.6237,0.5863,0.5433,0.4954,0.4433,0.3881,0.3308,0.2728,0.2156,0.1613,0.1117,0.0686,0.03309
pal1,atmos,345.0,0.7023,0.6988,0.6882,0.6707,0.6464,0.6158,0.5792,0.5372,0.4902,0.4392,0.3849,0.3285,0.2712,0.2147,0.1608,0.1114,0.06855,0.03321
pal1,atmos,350.0,0.7352,0.7315,0.7205,0.7023,0.6771,0.6453,0.6072,0.5634,0.5145,0.4612,0.4045,0.3455,0.2855,0.2261,0.1693,0.1173,0.07206,0.03489
pal1,atmos,355.0,0.7779,0.774,0.7624,0.7433,0.7169,0.6834,0.6434,0.5973,0.5458,0.4897,0.4299,0.3675,0.304,0.241,0.1805,0.125,0.07679,0.03722
pal1,atmos,360.0,0.7117,0.7082,0.6977,0.6804,0.6563,0.6259,0.5895,0.5476,0.5007,0.4495,0.395,0.338,0.2798,0.2219,0.1663,0.1151,0.07065,0.03425
pal1,atmos,365.0,0.9056,0.9012,0.8879,0.866,0.8356,0.7971,0.7511,0.698,0.6386,0.5738,0.5045,0.432,0.358,0.2842,0.213,0.1474,0.09036,0.04378
pal1,atmos,370.0,0.9421,0.9376,0.9239,0.9012,0.8698,0.83,0.7824,0.7274,0.6659,0.5987,0.5268,0.4515,0.3744,0.2974,0.2231,0.1543,0.09445,0.04574
pal1,atmos,375.0,0.8516,0.8475,0.8352,0.8148,0.7866,0.7509,0.708,0.6586,0.6032,0.5427,0.4779,0.4099,0.3402,0.2705,0.2029,0.1403,0.08576,0.04149
pal1,atmos,380.0,0.9795,0.9748,0.9607,0.9374,0.9052,0.8643,0.8153,0.7587,0.6953,0.6259,0.5515,0.4735,0.3933,0.3129,0.2348,0.1623,0.09909,0.04789
pal1,atmos,385.0,0.7388,0.7353,0.7248,0.7073,0.6831,0.6524,0.6156,0.5732,0.5255,0.4734,0.4174,0.3586,0.2981,0.2374,0.1782,0.1232,0.07508,0.03624
pal1,atmos,390.0,0.9652,0.9607,0.947,0.9243,0.8928,0.853,0.8052,0.7499,0.6879,0.62,0.5471,0.4704,0.3914,0.3119,0.2343,0.1619,0.09854,0.0475
pal1,atmos,395.0,0.7491,0.7456,0.735,0.7175,0.6932,0.6625,0.6255,0.5828,0.5349,0.4824,0.4259,0.3665,0.3052,0.2434,0.183,0.1264,0.07682,0.03698
pal1,atmos,400.0,1.391,1.385,1.365,1.333,1.288,1.231,1.163,1.084,0.9953,0.898,0.7935,0.6832,0.5694,0.4544,0.3418,0.2362,0.1433,0.06888
pal1,atmos,405.0,1.419,1.412,1.393,1.36,1.314,1.256,1.187,1.107,1.017,0.918,0.8116,0.6994,0.5833,0.4659,0.3507,0.2423,0.1469,0.07045
pal1,atmos,410.0,1.464,1.457,1.436,1.403,1.356,1.297,1.226,1.143,1.051,0.949,0.8395,0.724,0.6043,0.4831,0.3638,0.2514,0.1522,0.07285
pal1,atmos,415.0,1.525,1.518,1.497,1.462,1.414,1.352,1.278,1.193,1.097,0.9911,0.8773,0.7571,0.6324,0.506,0.3814,0.2635,0.1594,0.07613
pal1,atmos,420.0,1.54,1.533,1.512,1.476,1.428,1.366,1.292,1.206,1.109,1.003,0.8881,0.7668,0.6411,0.5133,0.3872,0.2676,0.1616,0.07704
pal1,atmos,425.0,1.47,1.464,1.443,1.41,1.364,1.305,1.234,1.152,1.06,0.9592,0.85,0.7345,0.6145,0.4924,0.3717,0.2569,0.155,0.07369
pal1,atmos,430.0,1.357,1.35,1.332,1.301,1.259,1.205,1.14,1.064,0.9798,0.8867,0.7862,0.6798,0.5691,0.4564,0.3448,0.2384,0.1437,0.06816
pal1,atmos,435.0,1.575,1.568,1.546,1.511,1.462,1.399,1.324,1.237,1.139,1.031,0.9149,0.7915,0.6632,0.5323,0.4024,0.2783,0.1676,0.07928
pal1,atmos,440.0,1.62,1.613,1.591,1.555,1.504,1.44,1.363,1.274,1.173,1.063,0.9433,0.8166,0.6846,0.5499,0.416,0.2878,0.1731,0.08164
pal1,atmos,445.0,1.74,1.733,1.709,1.67,1.616,1.548,1.465,1.37,1.262,1.144,1.015,0.8795,0.7379,0.5931,0.449,0.3108,0.1867,0.08782
pal1,atmos,450.0,1.851,1.843,1.818,1.777,1.719,1.647,1.559,1.458,1.344,1.218,1.082,0.938,0.7874,0.6334,0.4799,0.3323,0.1995,0.09358
pal1,atmos,455.0,1.812,1.803,1.779,1.739,1.683,1.612,1.527,1.428,1.317,1.194,1.061,0.9203,0.7731,0.6224,0.4718,0.3269,0.1961,0.0917
pal1,atmos,460.0,1.864,1.856,1.831,1.79,1.732,1.66,1.572,1.471,1.356,1.23,1.094,0.949,0.7976,0.6424,0.4872,0.3376,0.2023,0.09415
pal1,atmos,465.0,1.843,1.835,1.81,1.77,1.713,1.642,1.555,1.455,1.343,1.218,1.084,0.9406,0.791,0.6376,0.484,0.3355,0.2009,0.09328
pal1,atmos,470.0,1.833,1.825,1.801,1.76,1.704,1.633,1.548,1.449,1.337,1.213,1.08,0.9376,0.789,0.6364,0.4834,0.3353,0.2007,0.09286
pal1,atmos,475.0,1.855,1.846,1.822,1.781,1.725,1.653,1.567,1.467,1.354,1.229,1.094,0.9506,0.8003,0.6459,0.4909,0.3407,0.2037,0.09395
pal1,atmos,480.0,1.907,1.899,1.874,1.832,1.774,1.7,1.612,1.509,1.393,1.265,1.126,0.9788,0.8244,0.6655,0.5059,0.3509,0.2095,0.096
pal1,atmos,485.0,1.732,1.725,1.702,1.664,1.612,1.545,1.465,1.371,1.266,1.15,1.025,0.8908,0.7506,0.6063,0.4612,0.3201,0.1909,0.08719
pal1,atmos,490.0,1.804,1.796,1.773,1.733,1.679,1.61,1.526,1.429,1.32,1.2,1.069,0.9298,0.7839,0.6336,0.4824,0.335,0.1998,0.09101
pal1,atmos,495.0,1.838,1.83,1.806,1.766,1.71,1.64,1.555,1.457,1.346,1.223,1.09,0.9487,0.8002,0.6471,0.4929,0.3424,0.2041,0.09263
pal1,atmos,500.0,1.752,1.745,1.722,1.684,1.631,1.564,1.483,1.389,1.284,1.167,1.04,0.9054,0.7638,0.6179,0.4706,0.3268,0.1945,0.08767
pal1,atmos,505.0,1.779,1.772,1.748,1.71,1.656,1.588,1.506,1.411,1.304,1.185,1.057,0.9199,0.7761,0.6278,0.4781,0.3318,0.1969,0.08807
pal1,atmos,510.0,1.764,1.757,1.734,1.696,1.643,1.575,1.494,1.4,1.294,1.177,1.05,0.914,0.7715,0.6245,0.476,0.3305,0.1962,0.08757
pal1,atmos,515.0,1.636,1.628,1.607,1.572,1.523,1.461,1.386,1.299,1.2,1.092,0.9742,0.8485,0.7166,0.5803,0.4425,0.3075,0.1825,0.08115
pal1,atmos,520.0,1.681,1.674,1.652,1.616,1.565,1.502,1.425,1.335,1.235,1.123,1.002,0.8731,0.7375,0.5975,0.4558,0.3167,0.1878,0.0831
pal1,atmos,525.0,1.686,1.678,1.657,1.62,1.57,1.506,1.429,1.339,1.238,1.127,1.005,0.876,0.74,0.5995,0.4573,0.3175,0.1879,0.08255
pal1,atmos,530.0,1.775,1.767,1.744,1.706,1.653,1.585,1.504,1.41,1.304,1.186,1.058,0.9221,0.7789,0.6309,0.481,0.3336,0.1968,0.08571
pal1,atmos,535.0,1.719,1.712,1.689,1.653,1.601,1.536,1.458,1.366,1.263,1.15,1.026,0.8941,0.7554,0.612,0.4666,0.3237,0.1907,0.08263
pal1,atmos,540.0,1.721,1.713,1.691,1.654,1.603,1.538,1.459,1.368,1.265,1.151,1.028,0.8959,0.7572,0.6137,0.4682,0.3249,0.1914,0.08267
pal1,atmos,545.0,1.745,1.738,1.715,1.678,1.626,1.56,1.48,1.388,1.284,1.168,1.043,0.9093,0.7686,0.6231,0.4754,0.3298,0.194,0.08334
pal1,atmos,550.0,1.75,1.742,1.72,1.682,1.63,1.564,1.485,1.392,1.288,1.172,1.047,0.9125,0.7715,0.6255,0.4774,0.3312,0.1947,0.08324
pal1,atmos,555.0,1.736,1.729,1.706,1.669,1.618,1.552,1.473,1.382,1.278,1.164,1.039,0.9064,0.7666,0.6217,0.4746,0.3293,0.1934,0.08225
pal1,atmos,560.0,1.691,1.684,1.662,1.626,1.576,1.512,1.435,1.346,1.245,1.134,1.012,0.883,0.7467,0.6055,0.4621,0.3204,0.1878,0.07925
pal1,atmos,565.0,1.693,1.684,1.664,1.628,1.577,1.513,1.437,1.347,1.246,1.135,1.013,0.8836,0.7472,0.6058,0.4621,0.3201,0.1871,0.07836
pal1,atmos,570.0,1.682,1.675,1.653,1.618,1.568,1.504,1.428,1.339,1.239,1.128,1.007,0.8784,0.7428,0.6023,0.4594,0.3181,0.1857,0.0773
pal1,atmos,575.0,1.711,1.703,1.681,1.645,1.594,1.53,1.452,1.362,1.26,1.147,1.025,0.8938,0.7559,0.6131,0.4677,0.3239,0.189,0.07839
pal1,atmos,580.0,1.683,1.676,1.654,1.618,1.568,1.505,1.429,1.34,1.24,1.13,1.009,0.8809,0.7454,0.605,0.462,0.3204,0.1872,0.07771
pal1,atmos,585.0,1.684,1.677,1.655,1.619,1.57,1.507,1.431,1.342,1.242,1.132,1.012,0.8831,0.7477,0.6073,0.4642,0.3224,0.1887,0.07841
pal1,atmos,590.0,1.625,1.618,1.597,1.563,1.515,1.454,1.381,1.295,1.199,1.093,0.9769,0.853,0.7225,0.5871,0.449,0.312,0.1827,0.07583
pal1,atmos,595.0,1.657,1.65,1.628,1.593,1.544,1.482,1.408,1.321,1.223,1.114,0.996,0.8698,0.7367,0.5986,0.4577,0.3179,0.186,0.07673
pal1,atmos,600.0,1.616,1.609,1.588,1.554,1.506,1.446,1.373,1.288,1.192,1.086,0.9713,0.8481,0.7183,0.5835,0.446,0.3096,0.1807,0.07405
pal1,atmos,605.0,1.634,1.627,1.606,1.572,1.524,1.463,1.389,1.303,1.207,1.1,0.9831,0.8586,0.7274,0.5911,0.4521,0.3139,0.1833,0.07499
pal1,atmos,610.0,1.614,1.607,1.586,1.552,1.505,1.445,1.372,1.288,1.193,1.087,0.9725,0.8498,0.7204,0.586,0.4488,0.3123,0.1829,0.07512
pal1,atmos,615.0,1.576,1.569,1.549,1.516,1.47,1.411,1.341,1.259,1.166,1.063,0.9514,0.8318,0.7057,0.5747,0.4408,0.3074,0.1806,0.07455
pal1,atmos,620.0,1.599,1.592,1.572,1.538,1.492,1.432,1.361,1.278,1.184,1.08,0.9668,0.8458,0.718,0.5852,0.4494,0.314,0.185,0.07664
pal1,atmos,625.0,1.565,1.558,1.538,1.506,1.46,1.402,1.332,1.251,1.16,1.058,0.9475,0.8292,0.7043,0.5745,0.4416,0.309,0.1825,0.0758
pal1,atmos,630.0,1.567,1.561,1.541,1.508,1.462,1.405,1.335,1.254,1.162,1.061,0.9502,0.8319,0.707,0.5771,0.4442,0.3113,0.1843,0.07678
pal1,atmos,635.0,1.556,1.55,1.53,1.498,1.453,1.395,1.326,1.246,1.155,1.054,0.945,0.8278,0.704,0.5751,0.4431,0.3111,0.1847,0.0772
pal1,atmos,640.0,1.539,1.532,1.513,1.481,1.436,1.38,1.312,1.232,1.143,1.044,0.9356,0.8199,0.6977,0.5704,0.44,0.3095,0.1842,0.07729
pal1,atmos,644.8,1.53,1.524,1.504,1.473,1.429,1.372,1.305,1.226,1.137,1.039,0.9315,0.8166,0.6953,0.5689,0.4393,0.3094,0.1846,0.0777
pal1,atmos,651.05,1.511,1.505,1.486,1.454,1.411,1.356,1.289,1.212,1.124,1.027,0.9212,0.808,0.6883,0.5637,0.4358,0.3075,0.1839,0.07763
pal1,atmos,660.0,1.434,1.428,1.41,1.381,1.339,1.287,1.224,1.151,1.068,0.976,0.876,0.7688,0.6555,0.5374,0.4162,0.2944,0.1767,0.07491
pal1,atmos,670.0,1.472,1.466,1.448,1.417,1.375,1.322,1.257,1.182,1.098,1.004,0.9013,0.7916,0.6756,0.5546,0.4302,0.3051,0.1839,0.07836
pal1,atmos,680.0,1.446,1.44,1.422,1.392,1.351,1.299,1.236,1.162,1.079,0.987,0.8868,0.7793,0.6657,0.547,0.425,0.3021,0.1827,0.07818
pal1,atmos,690.0,1.425,1.419,1.402,1.373,1.332,1.281,1.218,1.146,1.065,0.9742,0.8756,0.7699,0.6581,0.5413,0.4212,0.3,0.182,0.0781
pal1,atmos,700.0,1.401,1.395,1.378,1.349,1.309,1.259,1.198,1.127,1.047,0.9586,0.862,0.7583,0.6486,0.534,0.4161,0.2969,0.1807,0.0778
pal1,atmos,710.0,1.368,1.362,1.345,1.318,1.279,1.23,1.17,1.102,1.024,0.9371,0.8429,0.7418,0.6349,0.5231,0.408,0.2916,0.1778,0.0767
pal1,atmos,720.0,1.323,1.317,1.301,1.274,1.237,1.19,1.132,1.066,0.9905,0.9071,0.8162,0.7186,0.6153,0.5073,0.396,0.2834,0.1732,0.0748
pal1,atmos,730.0,1.292,1.287,1.271,1.245,1.209,1.162,1.107,1.042,0.9683,0.8869,0.7982,0.7031,0.6023,0.497,0.3883,0.2783,0.1704,0.07376
pal1,kasting,120.7,0.0,0.0,0.0,0.0,0.0,0.0,0.0,0.0,0.0,0.0,0.0,0.0,0.0,0.0,0.0,0.0,0.0,0.0
pal1,kasting,121.65,0.0,0.0,0.0,0.0,0.0,0.0,0.0,0.0,0.0,0.0,0.0,0.0,0.0,0.0,0.0,0.0,0.0,0.0
pal1,kasting,122.1,0.0,0.0,0.0,0.0,0.0,0.0,0.0,0.0,0.0,0.0,0.0,0.0,0.0,0.0,0.0,0.0,0.0,0.0
pal1,kasting,122.7,0.0,0.0,0.0,0.0,0.0,0.0,0.0,0.0,0.0,0.0,0.0,0.0,0.0,0.0,0.0,0.0,0.0,0.0
pal1,kasting,123.45,0.0,0.0,0.0,0.0,0.0,0.0,0.0,0.0,0.0,0.0,0.0,0.0,0.0,0.0,0.0,0.0,0.0,0.0
pal1,kasting,124.2,0.0,0.0,0.0,0.0,0.0,0.0,0.0,0.0,0.0,0.0,0.0,0.0,0.0,0.0,0.0,0.0,0.0,0.0
pal1,kasting,125.0,0.0,0.0,0.0,0.0,0.0,0.0,0.0,0.0,0.0,0.0,0.0,0.0,0.0,0.0,0.0,0.0,0.0,0.0
pal1,kasting,125.8,0.0,0.0,0.0,0.0,0.0,0.0,0.0,0.0,0.0,0.0,0.0,0.0,0.0,0.0,0.0,0.0,0.0,0.0
pal1,kasting,126.6,0.0,0.0,0.0,0.0,0.0,0.0,0.0,0.0,0.0,0.0,0.0,0.0,0.0,0.0,0.0,0.0,0.0,0.0
pal1,kasting,127.8,0.0,0.0,0.0,0.0,0.0,0.0,0.0,0.0,0.0,0.0,0.0,0.0,0.0,0.0,0.0,0.0,0.0,0.0
pal1,kasting,129.0,0.0,0.0,0.0,0.0,0.0,0.0,0.0,0.0,0.0,0.0,0.0,0.0,0.0,0.0,0.0,0.0,0.0,0.0
pal1,kasting,129.85,0.0,0.0,0.0,0.0,0.0,0.0,0.0,0.0,0.0,0.0,0.0,0.0,0.0,0.0,0.0,0.0,0.0,0.0
pal1,kasting,131.15,0.0,0.0,0.0,0.0,0.0,0.0,0.0,0.0,0.0,0.0,0.0,0.0,0.0,0.0,0.0,0.0,0.0,0.0
pal1,kasting,133.5,0.0,0.0,0.0,0.0,0.0,0.0,0.0,0.0,0.0,0.0,0.0,0.0,0.0,0.0,0.0,0.0,0.0,0.0
pal1,kasting,136.0,0.0,0.0,0.0,0.0,0.0,0.0,0.0,0.0,0.0,0.0,0.0,0.0,0.0,0.0,0.0,0.0,0.0,0.0
pal1,kasting,141.0,0.0,0.0,0.0,0.0,0.0,0.0,0.0,0.0,0.0,0.0,0.0,0.0,0.0,0.0,0.0,0.0,0.0,0.0
pal1,kasting,150.0,0.0,0.0,0.0,0.0,0.0,0.0,0.0,0.0,0.0,0.0,0.0,0.0,0.0,0.0,0.0,0.0,0.0,0.0
pal1,kasting,160.0,0.0,0.0,0.0,0.0,0.0,0.0,0.0,0.0,0.0,0.0,0.0,0.0,0.0,0.0,0.0,0.0,0.0,0.0
pal1,kasting,167.5,0.0,0.0,0.0,0.0,0.0,0.0,0.0,0.0,0.0,0.0,0.0,0.0,0.0,0.0,0.0,0.0,0.0,0.0
pal1,kasting,172.7,0.0,0.0,0.0,0.0,0.0,0.0,0.0,0.0,0.0,0.0,0.0,0.0,0.0,0.0,0.0,0.0,0.0,0.0
pal1,kasting,176.2,0.0,0.0,0.0,0.0,0.0,0.0,0.0,0.0,0.0,0.0,0.0,0.0,0.0,0.0,0.0,0.0,0.0,0.0
pal1,kasting,177.8,0.0,0.0,0.0,0.0,0.0,0.0,0.0,0.0,0.0,0.0,0.0,0.0,0.0,0.0,0.0,0.0,0.0,0.0
pal1,kasting,179.4,0.0,0.0,0.0,0.0,0.0,0.0,0.0,0.0,0.0,0.0,0.0,0.0,0.0,0.0,0.0,0.0,0.0,0.0
pal1,kasting,181.0,0.0,0.0,0.0,0.0,0.0,0.0,0.0,0.0,0.0,0.0,0.0,0.0,0.0,0.0,0.0,0.0,0.0,0.0
pal1,kasting,182.65,0.0,0.0,0.0,0.0,0.0,0.0,0.0,0.0,0.0,0.0,0.0,0.0,0.0,0.0,0.0,0.0,0.0,0.0
pal1,kasting,184.35,0.0,0.0,0.0,0.0,0.0,0.0,0.0,0.0,0.0,0.0,0.0,0.0,0.0,0.0,0.0,0.0,0.0,0.0
pal1,kasting,186.05,0.0,0.0,0.0,0.0,0.0,0.0,0.0,0.0,0.0,0.0,0.0,0.0,0.0,0.0,0.0,0.0,0.0,0.0
pal1,kasting,187.8,0.0,0.0,0.0,0.0,0.0,0.0,0.0,0.0,0.0,0.0,0.0,0.0,0.0,0.0,0.0,0.0,0.0,0.0
pal1,kasting,189.6,0.0,0.0,0.0,0.0,0.0,0.0,0.0,0.0,0.0,0.0,0.0,0.0,0.0,0.0,0.0,0.0,0.0,0.0
pal1,kasting,191.4,0.0,0.0,0.0,0.0,0.0,0.0,0.0,0.0,0.0,0.0,0.0,0.0,0.0,0.0,0.0,0.0,0.0,0.0
pal1,kasting,193.25,0.0,0.0,0.0,0.0,0.0,0.0,0.0,0.0,0.0,0.0,0.0,0.0,0.0,0.0,0.0,0.0,0.0,0.0
pal1,kasting,195.15,0.0,0.0,0.0,0.0,0.0,0.0,0.0,0.0,0.0,0.0,0.0,0.0,0.0,0.0,0.0,0.0,0.0,0.0
pal1,kasting,197.05,0.0,0.0,0.0,0.0,0.0,0.0,0.0,0.0,0.0,0.0,0.0,0.0,0.0,0.0,0.0,0.0,0.0,0.0
pal1,kasting,199.0,0.0,0.0,0.0,0.0,0.0,0.0,0.0,0.0,0.0,0.0,0.0,0.0,0.0,0.0,0.0,0.0,0.0,0.0
pal1,kasting,201.0,0.0,0.0,0.0,0.0,0.0,0.0,0.0,0.0,0.0,0.0,0.0,0.0,0.0,0.0,0.0,0.0,0.0,0.0
pal1,kasting,203.05,0.0,0.0,0.0,0.0,0.0,0.0,0.0,0.0,0.0,0.0,0.0,0.0,0.0,0.0,0.0,0.0,0.0,0.0
pal1,kasting,205.15,0.0,0.0,0.0,0.0,0.0,0.0,0.0,0.0,0.0,0.0,0.0,0.0,0.0,0.0,0.0,0.0,0.0,0.0
pal1,kasting,207.2665,9.647e-20,8.276e-20,5.194e-20,2.344e-20,7.377e-21,1.545e-21,2.013e-22,1.488e-23,5.53e-25,9.202e-27,9.652e-29,7.488e-30,2.886e-30,1.562e-30,9.304e-31,5.574e-31,3.129e-31,1.451e-31
pal1,kasting,209.4295,9.128e-19,7.883e-19,5.049e-19,2.359e-19,7.809e-20,1.751e-20,2.496e-21,2.071e-22,8.924e-24,1.795e-25,2.337e-27,1.875e-28,7.145e-29,3.875e-29,2.32e-29,1.396e-29,7.859e-30,3.651e-30
pal1,kasting,211.646,1.105e-17,9.615e-18,6.307e-18,3.069e-18,1.078e-18,2.619e-19,4.148e-20,3.943e-21,2.024e-22,5.108e-24,8.065e-26,7.501e-27,2.828e-27,1.541e-27,9.307e-28,5.643e-28,3.193e-28,1.487e-28
pal1,kasting,213.91,5.259e-17,4.602e-17,3.07e-17,1.537e-17,5.628e-18,1.447e-18,2.468e-19,2.581e-20,1.497e-21,4.421e-23,8.945e-25,7.675e-26,2.824e-26,1.544e-26,9.422e-27,5.765e-27,3.282e-27,1.535e-27
pal1,kasting,216.2225,2.186e-16,1.925e-16,1.306e-16,6.743e-17,2.58e-17,7.041e-18,1.299e-18,1.502e-19,9.927e-21,3.468e-22,8.449e-24,7.281e-25,2.601e-25,1.432e-25,8.856e-26,5.487e-26,3.154e-26,1.485e-26
pal1,kasting,218.5855,1.616e-15,1.432e-15,9.928e-16,5.311e-16,2.141e-16,6.274e-17,1.27e-17,1.659e-18,1.282e-19,5.502e-21,1.696e-22,1.505e-23,5.206e-24,2.896e-24,1.826e-24,1.151e-24,6.711e-25,3.193e-25
pal1,kasting,221.001,5.472e-15,4.872e-15,3.425e-15,1.876e-15,7.831e-16,2.406e-16,5.186e-17,7.344e-18,6.306e-19,3.097e-20,1.091e-21,9.262e-23,3.05e-23,1.717e-23,1.105e-23,7.094e-24,4.203e-24,2.027e-24
pal1,kasting,223.4705,1.752e-14,1.566e-14,1.113e-14,6.213e-15,2.666e-15,8.504e-16,1.926e-16,2.908e-17,2.714e-18,1.483e-19,5.724e-21,4.469e-22,1.386e-22,7.926e-23,5.213e-23,3.417e-23,2.064e-23,1.013e-23
pal1,kasting,225.996,3.741e-14,3.356e-14,2.414e-14,1.376e-14,6.086e-15,2.024e-15,4.842e-16,7.856e-17,8.055e-18,4.958e-19,2.119e-20,1.517e-21,4.411e-22,2.577e-22,1.737e-22,1.166e-22,7.211e-23,3.625e-23
pal1,kasting,228.579,5.949e-14,5.347e-14,3.868e-14,2.226e-14,9.984e-15,3.385e-15,8.31e-16,1.395e-16,1.494e-17,9.674e-19,4.168e-20,2.53e-21,6.803e-22,4.076e-22,2.814e-22,1.932e-22,1.225e-22,6.336e-23
pal1,kasting,231.2215,5.565e-14,5e-14,3.614e-14,2.076e-14,9.294e-15,3.143e-15,7.691e-16,1.286e-16,1.369e-17,8.704e-19,3.466e-20,1.661e-21,4.107e-22,2.526e-22,1.779e-22,1.246e-22,8.09e-23,4.312e-23
pal1,kasting,233.926,2.64e-14,2.368e-14,1.702e-14,9.683e-15,4.274e-15,1.418e-15,3.386e-16,5.481e-17,5.585e-18,3.318e-19,1.149e-20,4.116e-22,9.345e-23,5.895e-23,4.226e-23,3.013e-23,2e-23,1.099e-23
pal1,kasting,236.6945,1.445e-14,1.293e-14,9.208e-15,5.163e-15,2.23e-15,7.182e-16,1.649e-16,2.536e-17,2.411e-18,1.294e-19,3.753e-21,9.686e-23,2.023e-23,1.306e-23,9.505e-24,6.887e-24,4.667e-24,2.646e-24
pal1,kasting,239.5295,1.581e-14,1.416e-14,1.013e-14,5.719e-15,2.495e-15,8.147e-16,1.903e-16,2.987e-17,2.899e-18,1.57e-19,4.34e-21,9.008e-23,1.756e-23,1.164e-23,8.643e-24,6.41e-24,4.481e-24,2.665e-24
pal1,kasting,242.433,5.639e-14,5.065e-14,3.658e-14,2.098e-14,9.367e-15,3.153e-15,7.647e-16,1.255e-16,1.277e-17,7.18e-19,1.959e-20,3.459e-22,6.349e-23,4.314e-23,3.273e-23,2.491e-23,1.804e-23,1.137e-23
pal1,kasting,245.408,4.491e-15,3.996e-15,2.804e-15,1.531e-15,6.362e-16,1.942e-16,4.144e-17,5.762e-18,4.738e-19,2.022e-20,3.849e-22,4.251e-24,7.205e-25,4.922e-25,3.73e-25,2.836e-25,2.055e-25,1.3e-25
pal1,kasting,248.457,5.487e-16,4.843e-16,3.316e-16,1.737e-16,6.793e-17,1.91e-17,3.656e-18,4.418e-19,3.033e-20,1.024e-21,1.43e-23,1.051e-25,1.658e-26,1.136e-26,8.599e-27,6.531e-27,4.734e-27,3.005e-27
pal1,kasting,251.5825,1.666e-16,1.464e-16,9.891e-17,5.064e-17,1.914e-17,5.14e-18,9.266e-19,1.036e-19,6.424e-21,1.9e-22,2.221e-24,1.271e-26,1.889e-27,1.295e-27,9.793e-28,7.434e-28,5.39e-28,3.43e-28
pal1,kasting,254.7875,1.465e-16,1.285e-16,8.632e-17,4.377e-17,1.632e-17,4.299e-18,7.554e-19,8.166e-20,4.848e-21,1.352e-22,1.456e-24,7.292e-27,1.028e-27,7.038e-28,5.32e-28,4.038e-28,2.929e-28,1.867e-28
pal1,kasting,258.075,6.792e-16,5.979e-16,4.06e-16,2.096e-16,8.019e-17,2.188e-17,4.024e-18,4.611e-19,2.945e-20,9.002e-22,1.085e-23,6.054e-26,8.205e-27,5.599e-27,4.232e-27,3.214e-27,2.333e-27,1.488e-27
pal1,kasting,261.449,2.861e-15,2.535e-15,1.756e-15,9.372e-16,3.766e-16,1.098e-16,2.201e-17,2.817e-18,2.071e-19,7.563e-21,1.142e-22,8.168e-25,1.075e-25,7.294e-26,5.513e-26,4.19e-26,3.044e-26,1.942e-26
pal1,kasting,264.9125,1.165e-13,1.043e-13,7.451e-14,4.198e-14,1.824e-14,5.912e-15,1.362e-15,2.081e-16,1.919e-17,9.348e-19,2.039e-20,2.236e-22,2.905e-23,1.951e-23,1.475e-23,1.122e-23,8.167e-24,5.209e-24
pal1,kasting,268.4685,4.854e-12,4.406e-12,3.285e-12,1.989e-12,9.601e-13,3.588e-13,9.952e-14,1.931e-14,2.414e-15,1.735e-16,6.229e-18,1.231e-19,1.622e-20,1.066e-20,8.057e-21,6.145e-21,4.482e-21,2.856e-21
pal1,kasting,272.1215,2.617e-10,2.412e-10,1.885e-10,1.237e-10,6.71e-11,2.937e-11,1.002e-11,2.537e-12,4.45e-13,4.93e-14,3.085e-15,1.178e-16,1.636e-17,1.032e-17,7.779e-18,5.947e-18,4.35e-18,2.772e-18
pal1,kasting,275.8755,1.789e-08,1.677e-08,1.377e-08,9.84e-09,6.044e-09,3.13e-09,1.33e-09,4.465e-10,1.123e-10,1.97e-11,2.224e-12,1.708e-13,2.677e-14,1.555e-14,1.164e-14,8.911e-15,6.543e-15,4.175e-15
pal1,kasting,279.734,6.616e-07,6.295e-07,5.415e-07,4.188e-07,2.885e-07,1.746e-07,9.094e-08,3.963e-08,1.391e-08,3.735e-09,7.27e-10,1.058e-10,2.039e-11,1.04e-11,7.619e-12,5.823e-12,4.291e-12,2.746e-12
pal1,kasting,283.702,4.412e-05,4.255e-05,3.811e-05,3.158e-05,2.406e-05,1.669e-05,1.039e-05,5.691e-06,2.673e-06,1.041e-06,3.248e-07,8.183e-08,2.113e-08,9.366e-09,6.451e-09,4.881e-09,3.6e-09,2.313e-09
pal1,kasting,287.7845,0.001034,0.001008,0.0009326,0.0008169,0.0006746,0.0005217,0.0003744,0.0002462,0.0001459,7.625e-05,3.44e-05,1.331e-05,4.751e-06,2.01e-06,1.218e-06,8.882e-07,6.504e-07,4.189e-07
pal1,kasting,291.9865,0.01345,0.01321,0.01252,0.01143,0.01002,0.008395,0.006506,0.005032,0.003533,0.002286,0.001343,0.0007081,0.0003383,0.000158,8.46e-05,5.571e-05,3.954e-05,2.529e-05
pal1,kasting,296.309,0.04975,0.04913,0.04731,0.04436,0.04045,0.03577,0.03056,0.0251,0.01969,0.01463,0.01019,0.00658,0.003907,0.002151,0.001157,0.0006719,0.0004356,0.0002701
pal1,kasting,300.5,0.0989,0.09797,0.09522,0.09072,0.08465,0.0772,0.06865,0.05932,0.04959,0.03987,0.0306,0.02221,0.01509,0.009516,0.005585,0.003154,0.001826,0.00105
pal1,kasting,303.0,0.1868,0.1852,0.1807,0.1733,0.1632,0.1507,0.1361,0.1201,0.1029,0.0854,0.06813,0.05185,0.03726,0.02502,0.01556,0.009011,0.005013,0.002696
pal1,kasting,304.0,0.1875,0.186,0.1816,0.1744,0.1646,0.1525,0.1383,0.1226,0.1057,0.08837,0.07115,0.05475,0.03989,0.02719,0.01718,0.01004,0.005551,0.002926
pal1,kasting,305.0,0.23,0.2283,0.2231,0.2147,0.2032,0.1889,0.1722,0.1535,0.1335,0.1126,0.09174,0.07162,0.05309,0.03694,0.02384,0.01416,0.007802,0.004002
pal1,kasting,306.0,0.202,0.2005,0.1961,0.189,0.1792,0.167,0.1527,0.1367,0.1194,0.1014,0.08319,0.06555,0.04913,0.03464,0.02267,0.01362,0.007501,0.003778
pal1,kasting,307.0,0.2419,0.2402,0.2352,0.2269,0.2156,0.2014,0.1848,0.1661,0.1459,0.1246,0.1031,0.08206,0.06226,0.04452,0.02961,0.01804,0.009964,0.004922
pal1,kasting,308.0,0.2655,0.2637,0.2583,0.2495,0.2375,0.2224,0.2047,0.1847,0.1629,0.1401,0.1168,0.09375,0.07191,0.05211,0.03517,0.02174,0.01207,0.005863
pal1,kasting,309.0,0.2652,0.264,0.2587,0.2501,0.2382,0.2234,0.2059,0.1862,0.1648,0.1421,0.119,0.09599,0.07408,0.05407,0.0368,0.02292,0.01277,0.006146
pal1,kasting,310.0,0.2442,0.2426,0.238,0.2303,0.2198,0.2066,0.1911,0.1722,0.1543,0.1339,0.1129,0.09195,0.07178,0.05313,0.03676,0.0233,0.01312,0.006231
pal1,kasting,311.0,0.3997,0.3972,0.3897,0.3774,0.3604,0.3392,0.3141,0.2856,0.2545,0.2214,0.1873,0.1532,0.1201,0.08941,0.06226,0.03972,0.02247,0.01061
pal1,kasting,312.0,0.3431,0.341,0.3347,0.3244,0.3094,0.2923,0.2711,0.2471,0.2208,0.1928,0.1638,0.1347,0.1063,0.07981,0.05612,0.03618,0.02064,0.0097
pal1,kasting,313.0,0.3691,0.3669,0.3603,0.3492,0.3344,0.3156,0.2933,0.268,0.2401,0.2104,0.1795,0.1484,0.1179,0.08919,0.06332,0.04127,0.02376,0.01113
pal1,kasting,314.0,0.3975,0.3951,0.3881,0.3765,0.3605,0.3404,0.3166,0.2895,0.2597,0.2279,0.1948,0.1613,0.1285,0.09751,0.06947,0.04545,0.02625,0.01228
pal1,kasting,316.0,0.3855,0.3833,0.3767,0.3658,0.3508,0.3319,0.3095,0.284,0.2558,0.2256,0.194,0.1619,0.1302,0.09991,0.07218,0.048,0.02817,0.0132
pal1,kasting,320.0,0.467,0.4644,0.4567,0.444,0.4265,0.4045,0.3783,0.3483,0.3151,0.2794,0.2419,0.2035,0.1653,0.1284,0.09416,0.06373,0.03811,0.01798
pal1,kasting,325.0,0.572,0.5689,0.5598,0.5448,0.5241,0.4979,0.4667,0.431,0.3914,0.3486,0.3034,0.2569,0.2103,0.165,0.1223,0.08396,0.05104,0.02438
pal1,kasting,330.0,0.6982,0.6946,0.6837,0.6657,0.6408,0.6095,0.572,0.5291,0.4814,0.4297,0.3751,0.3186,0.2618,0.2062,0.1537,0.1061,0.06498,0.03126
pal1,kasting,335.0,0.6585,0.6551,0.645,0.6282,0.6051,0.5759,0.5411,0.501,0.4565,0.4082,0.357,0.3039,0.2504,0.1978,0.1478,0.1024,0.06298,0.03046
pal1,kasting,340.0,0.7135,0.7098,0.699,0.6811,0.6563,0.6249,0.5875,0.5445,0.4965,0.4444,0.3892,0.3318,0.2737,0.2165,0.1621,0.1124,0.06919,0.03354
pal1,kasting,345.0,0.7028,0.6993,0.6887,0.6711,0.6469,0.6163,0.5797,0.5376,0.4906,0.4396,0.3853,0.3288,0.2716,0.215,0.161,0.1117,0.06876,0.03337
pal1,kasting,350.0,0.7357,0.732,0.721,0.7028,0.6776,0.6457,0.6076,0.5638,0.5149,0.4616,0.4049,0.3459,0.2859,0.2265,0.1696,0.1175,0.07229,0.03506
pal1,kasting,355.0,0.7781,0.7742,0.7627,0.7435,0.7171,0.6837,0.6436,0.5975,0.546,0.4899,0.4301,0.3677,0.3042,0.2411,0.1807,0.1251,0.0769,0.0373
pal1,kasting,360.0,0.7118,0.7083,0.6978,0.6805,0.6564,0.626,0.5896,0.5477,0.5008,0.4496,0.395,0.338,0.2798,0.222,0.1664,0.1152,0.0707,0.03429
pal1,kasting,365.0,0.9057,0.9012,0.888,0.866,0.8356,0.7972,0.7511,0.6981,0.6387,0.5738,0.5045,0.4321,0.358,0.2842,0.2131,0.1475,0.09038,0.04381
pal1,kasting,370.0,0.9421,0.9376,0.9239,0.9012,0.8698,0.83,0.7824,0.7274,0.6659,0.5987,0.5268,0.4515,0.3744,0.2975,0.2231,0.1543,0.09446,0.04575
pal1,kasting,375.0,0.8516,0.8475,0.8351,0.8148,0.7866,0.7508,0.708,0.6586,0.6032,0.5427,0.4778,0.4099,0.3402,0.2704,0.2029,0.1403,0.08576,0.0415
pal1,kasting,380.0,0.9796,0.9749,0.9608,0.9375,0.9052,0.8644,0.8153,0.7588,0.6953,0.6259,0.5516,0.4735,0.3933,0.3129,0.2349,0.1624,0.0991,0.0479
pal1,kasting,385.0,0.7389,0.7353,0.7248,0.7073,0.6831,0.6525,0.6157,0.5732,0.5256,0.4734,0.4174,0.3586,0.2981,0.2374,0.1783,0.1232,0.07509,0.03625
pal1,kasting,390.0,0.9653,0.9607,0.947,0.9243,0.8928,0.853,0.8052,0.7499,0.688,0.62,0.5471,0.4704,0.3914,0.3119,0.2343,0.1619,0.09854,0.04751
pal1,kasting,395.0,0.7491,0.7456,0.735,0.7175,0.6932,0.6624,0.6255,0.5828,0.5349,0.4824,0.4259,0.3665,0.3052,0.2434,0.183,0.1264,0.07683,0.03698
pal1,kasting,400.0,1.391,1.385,1.365,1.333,1.288,1.231,1.163,1.084,0.9953,0.898,0.7935,0.6832,0.5694,0.4544,0.3418,0.2362,0.1434,0.06889
pal1,kasting,405.0,1.419,1.412,1.392,1.36,1.314,1.256,1.187,1.107,1.017,0.918,0.8116,0.6994,0.5833,0.4659,0.3507,0.2423,0.1469,0.07047
pal1,kasting,410.0,1.464,1.457,1.437,1.403,1.356,1.297,1.226,1.143,1.051,0.9491,0.8396,0.724,0.6043,0.4831,0.3639,0.2514,0.1522,0.07288
pal1,kasting,415.0,1.525,1.518,1.497,1.462,1.414,1.352,1.279,1.193,1.097,0.9912,0.8774,0.7572,0.6325,0.5061,0.3814,0.2636,0.1594,0.07617
pal1,kasting,420.0,1.54,1.533,1.512,1.477,1.428,1.366,1.292,1.206,1.109,1.003,0.8882,0.7669,0.6412,0.5134,0.3873,0.2677,0.1617,0.07709
pal1,kasting,425.0,1.471,1.464,1.444,1.41,1.364,1.305,1.234,1.153,1.061,0.9594,0.8502,0.7347,0.6146,0.4926,0.3718,0.2571,0.1551,0.07377
pal1,kasting,430.0,1.357,1.351,1.332,1.301,1.259,1.205,1.14,1.065,0.98,0.8869,0.7864,0.68,0.5693,0.4566,0.3449,0.2385,0.1438,0.06824
pal1,kasting,435.0,1.575,1.568,1.547,1.511,1.462,1.399,1.324,1.237,1.139,1.032,0.9152,0.7918,0.6634,0.5325,0.4026,0.2785,0.1677,0.0794
pal1,kasting,440.0,1.621,1.613,1.591,1.555,1.505,1.441,1.364,1.274,1.174,1.063,0.9437,0.817,0.685,0.5502,0.4163,0.2881,0.1733,0.08183
pal1,kasting,445.0,1.741,1.733,1.71,1.671,1.617,1.548,1.466,1.37,1.263,1.144,1.016,0.88,0.7383,0.5936,0.4494,0.3111,0.1871,0.08806
pal1,kasting,450.0,1.852,1.843,1.818,1.777,1.72,1.647,1.56,1.459,1.345,1.219,1.083,0.9386,0.788,0.634,0.4803,0.3327,0.1999,0.09386
pal1,kasting,455.0,1.812,1.804,1.78,1.74,1.684,1.613,1.528,1.429,1.318,1.195,1.062,0.921,0.7737,0.623,0.4724,0.3274,0.1965,0.09203
pal1,kasting,460.0,1.865,1.857,1.832,1.791,1.734,1.661,1.573,1.472,1.358,1.232,1.095,0.9502,0.7987,0.6435,0.4882,0.3384,0.203,0.09471
pal1,kasting,465.0,1.844,1.836,1.812,1.771,1.715,1.643,1.557,1.457,1.344,1.22,1.085,0.9418,0.7922,0.6387,0.485,0.3364,0.2017,0.09385
pal1,kasting,470.0,1.835,1.826,1.802,1.762,1.706,1.635,1.549,1.45,1.338,1.215,1.081,0.9389,0.7902,0.6376,0.4845,0.3363,0.2015,0.09349
pal1,kasting,475.0,1.856,1.848,1.824,1.783,1.726,1.655,1.568,1.468,1.355,1.231,1.096,0.9521,0.8018,0.6473,0.4922,0.3418,0.2047,0.09469
pal1,kasting,480.0,1.91,1.902,1.876,1.835,1.777,1.703,1.614,1.512,1.396,1.268,1.129,0.9813,0.8267,0.6678,0.508,0.3528,0.211,0.09718
pal1,kasting,485.0,1.735,1.728,1.705,1.667,1.614,1.548,1.467,1.374,1.269,1.153,1.027,0.8933,0.753,0.6086,0.4633,0.3219,0.1925,0.08837
pal1,kasting,490.0,1.807,1.799,1.775,1.736,1.682,1.612,1.529,1.432,1.323,1.202,1.072,0.9323,0.7863,0.6359,0.4845,0.3369,0.2014,0.09224
pal1,kasting,495.0,1.841,1.833,1.809,1.769,1.713,1.643,1.558,1.46,1.349,1.226,1.093,0.9515,0.8029,0.6498,0.4954,0.3446,0.206,0.09402
pal1,kasting,500.0,1.756,1.749,1.726,1.688,1.635,1.568,1.487,1.393,1.288,1.171,1.044,0.909,0.7673,0.6212,0.4737,0.3296,0.1968,0.08941
pal1,kasting,505.0,1.785,1.777,1.754,1.715,1.662,1.594,1.512,1.417,1.309,1.191,1.062,0.9248,0.7809,0.6323,0.4823,0.3355,0.2001,0.09041
pal1,kasting,510.0,1.77,1.762,1.739,1.701,1.648,1.581,1.5,1.406,1.299,1.182,1.055,0.9188,0.7762,0.6289,0.4801,0.3342,0.1993,0.08986
pal1,kasting,515.0,1.641,1.634,1.612,1.577,1.528,1.466,1.391,1.304,1.205,1.097,0.979,0.8532,0.7211,0.5846,0.4466,0.3111,0.1855,0.08338
pal1,kasting,520.0,1.687,1.68,1.658,1.622,1.571,1.507,1.431,1.341,1.24,1.129,1.008,0.8784,0.7427,0.6024,0.4603,0.3208,0.1912,0.08563
pal1,kasting,525.0,1.693,1.686,1.664,1.627,1.577,1.513,1.436,1.346,1.245,1.133,1.012,0.8824,0.7462,0.6054,0.4627,0.3224,0.192,0.08555
pal1,kasting,530.0,1.784,1.776,1.753,1.715,1.662,1.594,1.513,1.419,1.312,1.195,1.067,0.9303,0.7868,0.6384,0.488,0.3399,0.202,0.08952
pal1,kasting,535.0,1.729,1.721,1.699,1.662,1.611,1.546,1.467,1.376,1.273,1.159,1.035,0.9027,0.7637,0.6199,0.474,0.3303,0.1962,0.0866
pal1,kasting,540.0,1.73,1.723,1.701,1.664,1.612,1.547,1.469,1.378,1.274,1.161,1.037,0.9047,0.7657,0.6218,0.4758,0.3317,0.1971,0.08674
pal1,kasting,545.0,1.756,1.748,1.726,1.688,1.636,1.57,1.491,1.398,1.294,1.178,1.053,0.919,0.778,0.632,0.4837,0.3373,0.2003,0.0878
pal1,kasting,550.0,1.761,1.754,1.731,1.694,1.642,1.575,1.496,1.403,1.298,1.183,1.057,0.9228,0.7814,0.635,0.4862,0.3391,0.2013,0.08794
pal1,kasting,555.0,1.748,1.741,1.718,1.681,1.63,1.564,1.485,1.393,1.29,1.175,1.05,0.9172,0.777,0.6317,0.4839,0.3377,0.2004,0.08718
pal1,kasting,560.0,1.704,1.697,1.675,1.639,1.589,1.525,1.448,1.359,1.258,1.146,1.024,0.8947,0.758,0.6163,0.4721,0.3294,0.1952,0.08453
pal1,kasting,565.0,1.707,1.7,1.678,1.642,1.592,1.528,1.451,1.361,1.26,1.148,1.027,0.8966,0.7597,0.6177,0.4732,0.3301,0.1954,0.08416
pal1,kasting,570.0,1.698,1.69,1.669,1.633,1.583,1.519,1.443,1.354,1.253,1.142,1.021,0.8921,0.7561,0.6149,0.4712,0.3287,0.1944,0.0834
pal1,kasting,575.0,1.726,1.719,1.697,1.661,1.61,1.545,1.467,1.377,1.275,1.162,1.039,0.9081,0.7698,0.6263,0.4801,0.335,0.1982,0.08476
pal1,kasting,580.0,1.698,1.691,1.669,1.633,1.583,1.52,1.444,1.355,1.255,1.144,1.024,0.8946,0.7587,0.6176,0.4738,0.331,0.196,0.0838
pal1,kasting,585.0,1.699,1.691,1.67,1.634,1.584,1.521,1.445,1.356,1.256,1.145,1.025,0.8963,0.7605,0.6195,0.4756,0.3326,0.1972,0.08431
pal1,kasting,590.0,1.639,1.632,1.611,1.577,1.529,1.468,1.394,1.309,1.213,1.106,0.9899,0.8657,0.7348,0.5988,0.46,0.3219,0.191,0.08152
pal1,kasting,595.0,1.672,1.665,1.644,1.608,1.559,1.497,1.423,1.336,1.237,1.128,1.01,0.8836,0.75,0.6113,0.4697,0.3287,0.1949,0.08287
pal1,kasting,600.0,1.632,1.625,1.604,1.57,1.522,1.462,1.389,1.304,1.208,1.102,0.9862,0.8626,0.7323,0.5969,0.4586,0.3209,0.19,0.08045
pal1,kasting,605.0,1.65,1.643,1.623,1.588,1.54,1.479,1.405,1.319,1.222,1.115,0.9983,0.8734,0.7417,0.6047,0.4649,0.3254,0.1928,0.08151
pal1,kasting,610.0,1.629,1.622,1.601,1.567,1.52,1.46,1.387,1.302,1.207,1.101,0.9864,0.8634,0.7336,0.5986,0.4606,0.3229,0.1917,0.08118
pal1,kasting,615.0,1.589,1.583,1.563,1.529,1.483,1.424,1.354,1.272,1.179,1.076,0.9638,0.844,0.7175,0.5859,0.4514,0.3169,0.1886,0.08003
pal1,kasting,620.0,1.612,1.605,1.584,1.551,1.504,1.445,1.373,1.29,1.196,1.092,0.9786,0.8572,0.7291,0.5958,0.4594,0.323,0.1926,0.08186
pal1,kasting,625.0,1.576,1.57,1.55,1.517,1.472,1.414,1.344,1.263,1.171,1.069,0.9583,0.8398,0.7146,0.5843,0.4509,0.3174,0.1895,0.08064
pal1,kasting,630.0,1.578,1.571,1.552,1.519,1.473,1.415,1.345,1.264,1.172,1.071,0.9602,0.8418,0.7166,0.5863,0.4528,0.3192,0.1909,0.08133
pal1,kasting,635.0,1.566,1.56,1.54,1.508,1.462,1.405,1.336,1.256,1.165,1.064,0.9542,0.8368,0.7127,0.5835,0.451,0.3183,0.1907,0.08139
pal1,kasting,640.0,1.548,1.541,1.522,1.49,1.445,1.389,1.32,1.241,1.151,1.052,0.9438,0.828,0.7055,0.578,0.4472,0.316,0.1897,0.08109
pal1,kasting,644.8,1.538,1.532,1.512,1.481,1.436,1.38,1.313,1.234,1.145,1.046,0.939,0.824,0.7025,0.5758,0.4458,0.3154,0.1896,0.08119
pal1,kasting,651.05,1.518,1.512,1.493,1.462,1.418,1.363,1.296,1.219,1.131,1.034,0.9279,0.8146,0.6948,0.5699,0.4416,0.3128,0.1884,0.08078
pal1,kasting,660.0,1.44,1.434,1.416,1.386,1.345,1.293,1.23,1.156,1.073,0.9815,0.8815,0.7742,0.6608,0.5425,0.421,0.2987,0.1804,0.0775
pal1,kasting,670.0,1.477,1.471,1.453,1.422,1.38,1.327,1.262,1.187,1.102,1.008,0.9058,0.7961,0.6799,0.5588,0.4342,0.3087,0.187,0.08054
pal1,kasting,680.0,1.45,1.444,1.426,1.396,1.355,1.302,1.239,1.166,1.083,0.9907,0.8904,0.7829,0.6691,0.5504,0.4282,0.305,0.1852,0.07994
pal1,kasting,690.0,1.428,1.422,1.405,1.376,1.335,1.284,1.222,1.149,1.068,0.9771,0.8786,0.7728,0.6609,0.5441,0.4238,0.3024,0.184,0.07953
pal1,kasting,700.0,1.403,1.397,1.38,1.351,1.312,1.261,1.2,1.13,1.05,0.9608,0.8642,0.7605,0.6508,0.5361,0.4181,0.2988,0.1822,0.0789
pal1,kasting,710.0,1.37,1.364,1.347,1.319,1.281,1.232,1.172,1.103,1.025,0.9389,0.8447,0.7436,0.6366,0.5248,0.4096,0.2931,0.1791,0.07761
pal1,kasting,720.0,1.324,1.319,1.303,1.276,1.239,1.191,1.134,1.067,0.9921,0.9086,0.8177,0.7201,0.6167,0.5087,0.3974,0.2847,0.1742,0.07555
pal1,kasting,730.0,1.293,1.288,1.272,1.246,1.21,1.164,1.108,1.043,0.9695,0.8881,0.7994,0.7042,0.6034,0.498,0.3894,0.2793,0.1712,0.07433
pal1,photochem,120.7,0.0,0.0,0.0,0.0,0.0,0.0,0.0,0.0,0.0,0.0,0.0,0.0,0.0,0.0,0.0,0.0,0.0,0.0
pal1,photochem,121.65,0.0,0.0,0.0,0.0,0.0,0.0,0.0,0.0,0.0,0.0,0.0,0.0,0.0,0.0,0.0,0.0,0.0,0.0
pal1,photochem,122.1,0.0,0.0,0.0,0.0,0.0,0.0,0.0,0.0,0.0,0.0,0.0,0.0,0.0,0.0,0.0,0.0,0.0,0.0
pal1,photochem,122.7,0.0,0.0,0.0,0.0,0.0,0.0,0.0,0.0,0.0,0.0,0.0,0.0,0.0,0.0,0.0,0.0,0.0,0.0
pal1,photochem,123.45,0.0,0.0,0.0,0.0,0.0,0.0,0.0,0.0,0.0,0.0,0.0,0.0,0.0,0.0,0.0,0.0,0.0,0.0
pal1,photochem,124.2,0.0,0.0,0.0,0.0,0.0,0.0,0.0,0.0,0.0,0.0,0.0,0.0,0.0,0.0,0.0,0.0,0.0,0.0
pal1,photochem,125.0,0.0,0.0,0.0,0.0,0.0,0.0,0.0,0.0,0.0,0.0,0.0,0.0,0.0,0.0,0.0,0.0,0.0,0.0
pal1,photochem,125.8,0.0,0.0,0.0,0.0,0.0,0.0,0.0,0.0,0.0,0.0,0.0,0.0,0.0,0.0,0.0,0.0,0.0,0.0
pal1,photochem,126.6,0.0,0.0,0.0,0.0,0.0,0.0,0.0,0.0,0.0,0.0,0.0,0.0,0.0,0.0,0.0,0.0,0.0,0.0
pal1,photochem,127.8,0.0,0.0,0.0,0.0,0.0,0.0,0.0,0.0,0.0,0.0,0.0,0.0,0.0,0.0,0.0,0.0,0.0,0.0
pal1,photochem,129.0,0.0,0.0,0.0,0.0,0.0,0.0,0.0,0.0,0.0,0.0,0.0,0.0,0.0,0.0,0.0,0.0,0.0,0.0
pal1,photochem,129.85,0.0,0.0,0.0,0.0,0.0,0.0,0.0,0.0,0.0,0.0,0.0,0.0,0.0,0.0,0.0,0.0,0.0,0.0
pal1,photochem,131.15,0.0,0.0,0.0,0.0,0.0,0.0,0.0,0.0,0.0,0.0,0.0,0.0,0.0,0.0,0.0,0.0,0.0,0.0
pal1,photochem,133.5,0.0,0.0,0.0,0.0,0.0,0.0,0.0,0.0,0.0,0.0,0.0,0.0,0.0,0.0,0.0,0.0,0.0,0.0
pal1,photochem,136.0,0.0,0.0,0.0,0.0,0.0,0.0,0.0,0.0,0.0,0.0,0.0,0.0,0.0,0.0,0.0,0.0,0.0,0.0
pal1,photochem,141.0,0.0,0.0,0.0,0.0,0.0,0.0,0.0,0.0,0.0,0.0,0.0,0.0,0.0,0.0,0.0,0.0,0.0,0.0
pal1,photochem,150.0,0.0,0.0,0.0,0.0,0.0,0.0,0.0,0.0,0.0,0.0,0.0,0.0,0.0,0.0,0.0,0.0,0.0,0.0
pal1,photochem,160.0,0.0,0.0,0.0,0.0,0.0,0.0,0.0,0.0,0.0,0.0,0.0,0.0,0.0,0.0,0.0,0.0,0.0,0.0
pal1,photochem,167.5,0.0,0.0,0.0,0.0,0.0,0.0,0.0,0.0,0.0,0.0,0.0,0.0,0.0,0.0,0.0,0.0,0.0,0.0
pal1,photochem,172.7,0.0,0.0,0.0,0.0,0.0,0.0,0.0,0.0,0.0,0.0,0.0,0.0,0.0,0.0,0.0,0.0,0.0,0.0
pal1,photochem,176.2,0.0,0.0,0.0,0.0,0.0,0.0,0.0,0.0,0.0,0.0,0.0,0.0,0.0,0.0,0.0,0.0,0.0,0.0
pal1,photochem,177.8,0.0,0.0,0.0,0.0,0.0,0.0,0.0,0.0,0.0,0.0,0.0,0.0,0.0,0.0,0.0,0.0,0.0,0.0
pal1,photochem,179.4,0.0,0.0,0.0,0.0,0.0,0.0,0.0,0.0,0.0,0.0,0.0,0.0,0.0,0.0,0.0,0.0,0.0,0.0
pal1,photochem,181.0,0.0,0.0,0.0,0.0,0.0,0.0,0.0,0.0,0.0,0.0,0.0,0.0,0.0,0.0,0.0,0.0,0.0,0.0
pal1,photochem,182.65,0.0,0.0,0.0,0.0,0.0,0.0,0.0,0.0,0.0,0.0,0.0,0.0,0.0,0.0,0.0,0.0,0.0,0.0
pal1,photochem,184.35,0.0,0.0,0.0,0.0,0.0,0.0,0.0,0.0,0.0,0.0,0.0,0.0,0.0,0.0,0.0,0.0,0.0,0.0
pal1,photochem,186.05,0.0,0.0,0.0,0.0,0.0,0.0,0.0,0.0,0.0,0.0,0.0,0.0,0.0,0.0,0.0,0.0,0.0,0.0
pal1,photochem,187.8,0.0,0.0,0.0,0.0,0.0,0.0,0.0,0.0,0.0,0.0,0.0,0.0,0.0,0.0,0.0,0.0,0.0,0.0
pal1,photochem,189.6,0.0,0.0,0.0,0.0,0.0,0.0,0.0,0.0,0.0,0.0,0.0,0.0,0.0,0.0,0.0,0.0,0.0,0.0
pal1,photochem,191.4,0.0,0.0,0.0,0.0,0.0,0.0,0.0,0.0,0.0,0.0,0.0,0.0,0.0,0.0,0.0,0.0,0.0,0.0
pal1,photochem,193.25,0.0,0.0,0.0,0.0,0.0,0.0,0.0,0.0,0.0,0.0,0.0,0.0,0.0,0.0,0.0,0.0,0.0,0.0
pal1,photochem,195.15,0.0,0.0,0.0,0.0,0.0,0.0,0.0,0.0,0.0,0.0,0.0,0.0,0.0,0.0,0.0,0.0,0.0,0.0
pal1,photochem,197.05,0.0,0.0,0.0,0.0,0.0,0.0,0.0,0.0,0.0,0.0,0.0,0.0,0.0,0.0,0.0,0.0,0.0,0.0
pal1,photochem,199.0,0.0,0.0,0.0,0.0,0.0,0.0,0.0,0.0,0.0,0.0,0.0,0.0,0.0,0.0,0.0,0.0,0.0,0.0
pal1,photochem,201.0,0.0,0.0,0.0,0.0,0.0,0.0,0.0,0.0,0.0,0.0,0.0,0.0,0.0,0.0,0.0,0.0,0.0,0.0
pal1,photochem,203.05,0.0,0.0,0.0,0.0,0.0,0.0,0.0,0.0,0.0,0.0,0.0,0.0,0.0,0.0,0.0,0.0,0.0,0.0
pal1,photochem,205.15,0.0,0.0,0.0,0.0,0.0,0.0,0.0,0.0,0.0,0.0,0.0,0.0,0.0,0.0,0.0,0.0,0.0,0.0
pal1,photochem,207.2665,5.751e-20,4.924e-20,3.072e-20,1.372e-20,4.255e-21,8.734e-22,1.109e-22,7.922e-24,2.82e-25,4.441e-27,4.344e-29,3.041e-30,1.054e-30,5.328e-31,3.095e-31,1.877e-31,1.101e-31,5.456e-32
pal1,photochem,209.4295,4.779e-19,4.117e-19,2.617e-19,1.208e-19,3.924e-20,8.581e-21,1.184e-21,9.414e-23,3.844e-24,7.217e-26,8.61e-28,6.078e-29,2.024e-29,1.008e-29,5.848e-30,3.571e-30,2.12e-30,1.069e-30
pal1,photochem,211.646,4.813e-18,4.176e-18,2.713e-18,1.299e-18,4.454e-19,1.048e-19,1.591e-20,1.433e-21,6.862e-23,1.585e-24,2.398e-26,1.767e-27,5.598e-28,2.736e-28,1.588e-28,9.798e-29,5.916e-29,3.053e-29
pal1,photochem,213.91,1.783e-17,1.554e-17,1.023e-17,5.017e-18,1.781e-18,4.391e-19,7.089e-20,6.908e-21,3.662e-22,9.638e-24,1.686e-25,1.169e-26,3.434e-27,1.64e-27,9.552e-28,5.979e-28,3.684e-28,1.952e-28
pal1,photochem,216.2225,5.304e-17,4.643e-17,3.101e-17,1.556e-17,5.718e-18,1.477e-18,2.536e-19,2.675e-20,1.571e-21,4.721e-23,9.511e-25,6.209e-26,1.657e-26,7.731e-27,4.541e-27,2.896e-27,1.828e-27,9.986e-28
pal1,photochem,218.5855,2.527e-16,2.224e-16,1.509e-16,7.783e-17,2.975e-17,8.112e-18,1.495e-18,1.73e-19,1.146e-20,4.04e-22,9.713e-24,5.999e-25,1.425e-25,6.52e-26,3.889e-26,2.539e-26,1.647e-26,9.314e-27
pal1,photochem,221.001,4.961e-16,4.377e-16,2.993e-16,1.564e-16,6.095e-17,1.706e-17,3.256e-18,3.942e-19,2.773e-20,1.057e-21,2.702e-23,1.436e-24,2.95e-25,1.337e-25,8.151e-26,5.455e-26,3.633e-26,2.124e-26
pal1,photochem,223.4705,8.147e-16,7.196e-16,4.937e-16,2.594e-16,1.019e-16,2.887e-17,5.596e-18,6.918e-19,5.006e-20,1.981e-21,4.878e-23,2.18e-24,3.791e-25,1.727e-25,1.081e-25,7.419e-26,5.066e-26,3.059e-26
pal1,photochem,225.996,7.808e-16,6.903e-16,4.75e-16,2.509e-16,9.932e-17,2.843e-17,5.59e-18,7.051e-19,5.247e-20,2.153e-21,5.489e-23,1.852e-24,2.694e-25,1.252e-25,8.064e-26,5.669e-26,3.966e-26,2.473e-26
pal1,photochem,228.579,4.758e-16,4.199e-16,2.873e-16,1.504e-16,5.874e-17,1.651e-17,3.175e-18,3.894e-19,2.8e-20,1.095e-21,2.474e-23,5.876e-25,7.054e-26,3.395e-26,2.249e-26,1.616e-26,1.155e-26,7.414e-27
pal1,photochem,231.2215,1.533e-16,1.347e-16,9.1e-17,4.657e-17,1.761e-17,4.74e-18,8.609e-19,9.821e-20,6.434e-21,2.213e-22,4.004e-24,6.118e-26,6.092e-27,3.055e-27,2.074e-27,1.517e-27,1.104e-27,7.267e-28
pal1,photochem,233.926,2.265e-17,1.978e-17,1.311e-17,6.492e-18,2.342e-18,5.915e-19,9.885e-20,1.013e-20,5.778e-22,1.645e-23,2.21e-25,2.02e-27,1.688e-28,8.818e-29,6.113e-29,4.54e-29,3.353e-29,2.256e-29
pal1,photochem,236.6945,3.572e-18,3.096e-18,2.005e-18,9.55e-19,3.254e-19,7.606e-20,1.149e-20,1.033e-21,4.968e-23,1.123e-24,1.066e-26,5.54e-29,3.947e-30,2.14e-30,1.51e-30,1.135e-30,8.492e-31,5.825e-31
pal1,photochem,239.5295,1.063e-18,9.178e-19,5.882e-19,2.752e-19,9.136e-20,2.062e-20,2.973e-21,2.517e-22,1.115e-23,2.223e-25,1.68e-27,5.473e-30,3.384e-31,1.894e-31,1.358e-31,1.034e-31,7.842e-32,5.504e-32
pal1,photochem,242.433,1.05e-18,9.055e-19,5.777e-19,2.683e-19,8.806e-20,1.956e-20,2.757e-21,2.257e-22,9.473e-24,1.717e-25,1.072e-27,2.314e-30,1.263e-31,7.255e-32,5.268e-32,4.056e-32,3.12e-32,2.24e-32
pal1,photochem,245.408,2.76e-20,2.348e-20,1.437e-20,6.212e-21,1.838e-21,3.544e-22,4.153e-23,2.678e-24,8.274e-26,1.011e-27,3.781e-30,4.189e-33,2.046e-34,1.197e-34,8.747e-35,6.762e-35,5.22e-35,3.764e-35
pal1,photochem,248.457,1.315e-21,1.106e-21,6.534e-22,2.66e-22,7.206e-23,1.233e-23,1.235e-24,6.504e-26,1.55e-27,1.354e-29,3.268e-32,2.034e-35,9.016e-37,5.34e-37,3.923e-37,3.042e-37,2.354e-37,1.704e-37
pal1,photochem,251.5825,2.338e-22,1.953e-22,1.131e-22,4.453e-23,1.149e-23,1.838e-24,1.686e-25,7.924e-27,1.63e-28,1.176e-30,2.209e-33,9.749e-37,4.001e-38,2.383e-38,1.755e-38,1.362e-38,1.056e-38,7.657e-39
pal1,photochem,254.7875,1.62e-22,1.35e-22,7.752e-23,3.007e-23,6.592e-24,1.181e-24,1.043e-25,4.665e-27,8.993e-29,5.959e-31,9.967e-34,3.704e-37,1.424e-38,8.496e-39,6.258e-39,4.862e-39,3.772e-39,2.737e-39
pal1,photochem,258.075,1.079e-21,9.034e-22,5.266e-22,2.094e-22,5.485e-23,8.956e-24,8.428e-25,4.088e-26,8.73e-28,6.579e-30,1.292e-32,5.748e-36,2.119e-37,1.256e-37,9.234e-38,7.165e-38,5.553e-38,4.028e-38
pal1,photochem,261.449,9.185e-21,7.76e-21,4.65e-21,1.939e-21,5.442e-22,9.754e-23,1.037e-23,5.875e-25,1.53e-26,1.482e-28,4.004e-31,2.615e-34,9.395e-36,5.503e-36,4.028e-36,3.117e-36,2.411e-36,1.746e-36
pal1,photochem,264.9125,1.174e-18,1.007e-18,6.308e-19,2.84e-19,8.902e-20,1.854e-20,2.398e-21,1.748e-22,6.271e-24,9.138e-26,4.161e-28,5.172e-31,1.861e-32,1.067e-32,7.746e-33,5.969e-33,4.601e-33,3.322e-33
pal1,photochem,268.4685,2.284e-16,1.998e-16,1.329e-16,6.627e-17,2.411e-17,6.147e-18,1.035e-18,1.058e-19,5.844e-21,1.477e-22,1.361e-24,4.073e-27,1.529e-28,8.438e-29,6.051e-29,4.63e-29,3.55e-29,2.549e-29
pal1,photochem,272.1215,6.869e-14,6.14e-14,4.367e-14,2.441e-14,1.048e-14,3.346e-15,7.555e-16,1.126e-16,1.005e-17,4.688e-19,9.493e-21,7.58e-23,3.138e-24,1.625e-24,1.143e-24,8.656e-25,6.585e-25,4.693e-25
pal1,photochem,275.8755,2.913e-11,2.665e-11,2.035e-11,1.284e-11,6.575e-12,2.663e-12,8.212e-13,1.826e-13,2.714e-14,2.425e-15,1.132e-16,2.561e-18,1.298e-19,5.957e-20,4.065e-20,3.028e-20,2.277e-20,1.605e-20
pal1,photochem,279.734,5.799e-09,5.421e-09,4.419e-09,3.117e-09,1.879e-09,9.487e-10,3.9e-10,1.254e-10,2.985e-11,4.863e-12,4.905e-13,2.888e-14,2.077e-15,7.749e-16,5.037e-16,3.66e-16,2.706e-16,1.878e-16
pal1,photochem,283.702,1.674e-06,1.594e-06,1.376e-06,1.07e-06,7.435e-07,4.55e-07,2.405e-07,1.067e-07,3.829e-08,1.053e-08,2.075e-09,2.792e-10,3.338e-11,9.643e-12,5.708e-12,3.981e-12,2.868e-12,1.948e-12
pal1,photochem,287.7845,0.0001257,0.0001215,0.0001098,9.229e-05,7.18e-05,5.121e-05,3.306e-05,1.896e-05,9.428e-06,3.927e-06,1.313e-06,3.386e-07,7.105e-08,1.847e-08,8.964e-09,5.815e-09,4.011e-09,2.637e-09
pal1,photochem,291.9865,0.003819,0.003734,0.003487,0.003105,0.002625,0.002096,0.001567,0.001085,0.0006849,0.0003862,0.0001893,7.825e-05,2.692e-05,8.426e-06,3.25e-06,1.798e-06,1.149e-06,7.153e-07
pal1,photochem,296.309,0.02457,0.0242,0.02311,0.02138,0.0191,0.01643,0.01353,0.01061,0.007833,0.005384,0.003385,0.001905,0.0009378,0.0004001,0.0001578,6.991e-05,3.83e-05,2.171e-05
pal1,photochem,300.5,0.06681,0.06608,0.06393,0.06044,0.05575,0.05006,0.04361,0.03671,0.02966,0.02282,0.01654,0.01112,0.006798,0.003695,0.00176,0.0007614,0.0003433,0.0001674
pal1,photochem,303.0,0.1425,0.1412,0.1373,0.1309,0.1223,0.1118,0.09956,0.0862,0.07219,0.0581,0.04455,0.03215,0.02148,0.013,0.006954,0.003243,0.001388,0.0006007
pal1,photochem,304.0,0.1471,0.1458,0.142,0.1357,0.1264,0.1166,0.1045,0.09107,0.07692,0.06257,0.04855,0.03567,0.02434,0.01512,0.008333,0.003988,0.001704,0.0007128
pal1,photochem,305.0,0.1871,0.1856,0.181,0.1734,0.1631,0.1504,0.1356,0.1192,0.1018,0.08393,0.06632,0.04972,0.03486,0.02241,0.01286,0.006404,0.002763,0.001107
pal1,photochem,306.0,0.1681,0.1667,0.1628,0.1562,0.1473,0.1363,0.1234,0.1091,0.09381,0.07802,0.06233,0.04737,0.03379,0.0222,0.01308,0.006697,0.002924,0.001141
pal1,photochem,307.0,0.2063,0.2048,0.2001,0.1924,0.1819,0.1689,0.1537,0.1367,0.1184,0.09934,0.0803,0.06193,0.04501,0.03028,0.01838,0.009723,0.004333,0.001651
pal1,photochem,308.0,0.2315,0.2298,0.2247,0.2165,0.2052,0.1911,0.1746,0.1561,0.1361,0.1152,0.0941,0.07355,0.05437,0.03738,0.02332,0.01274,0.00582,0.002183
pal1,photochem,309.0,0.2345,0.2328,0.2278,0.2197,0.2085,0.1946,0.1782,0.1598,0.1398,0.1189,0.09771,0.07694,0.05741,0.03994,0.02529,0.01407,0.006529,0.002434
pal1,photochem,310.0,0.2204,0.219,0.2145,0.2072,0.1971,0.1845,0.1697,0.153,0.1349,0.1153,0.09611,0.07674,0.05828,0.04148,0.02706,0.01561,0.007522,0.002809
pal1,photochem,311.0,0.3641,0.3617,0.3545,0.3426,0.3263,0.306,0.2819,0.2548,0.2252,0.1939,0.1618,0.1299,0.09934,0.07135,0.04709,0.02757,0.01349,0.005054
pal1,photochem,312.0,0.3166,0.3146,0.3085,0.2985,0.2847,0.2674,0.2471,0.224,0.1988,0.172,0.1444,0.1169,0.09033,0.06574,0.04414,0.02643,0.01327,0.005029
pal1,photochem,313.0,0.345,0.3428,0.3364,0.3257,0.3111,0.2928,0.2712,0.2466,0.2197,0.191,0.1614,0.1316,0.1027,0.07574,0.05172,0.03167,0.01634,0.006302
pal1,photochem,314.0,0.3732,0.3709,0.364,0.3527,0.3371,0.3175,0.2943,0.268,0.2391,0.2083,0.1765,0.1444,0.1131,0.08378,0.05757,0.03554,0.01853,0.007196
pal1,photochem,316.0,0.3685,0.3664,0.3599,0.3491,0.3344,0.3158,0.2938,0.2687,0.2411,0.2115,0.1807,0.1495,0.1188,0.08965,0.06312,0.04026,0.02193,0.008878
pal1,photochem,320.0,0.4548,0.4522,0.4446,0.4312,0.4147,0.3928,0.3669,0.3372,0.3044,0.2691,0.2321,0.1943,0.1567,0.1205,0.08706,0.0575,0.03288,0.01414
pal1,photochem,325.0,0.565,0.562,0.5529,0.5379,0.5173,0.4912,0.4602,0.4246,0.3852,0.3426,0.2977,0.2515,0.2052,0.1602,0.118,0.08007,0.04767,0.02175
pal1,photochem,330.0,0.694,0.6903,0.6794,0.6615,0.6367,0.6053,0.568,0.5252,0.4775,0.426,0.3715,0.3152,0.2586,0.2032,0.1509,0.1036,0.06279,0.0295
pal1,photochem,335.0,0.6568,0.6534,0.6433,0.6266,0.6035,0.5743,0.5395,0.4995,0.455,0.4067,0.3555,0.3026,0.2491,0.1966,0.1467,0.1014,0.0621,0.02974
pal1,photochem,340.0,0.7127,0.7091,0.6982,0.6803,0.6555,0.6242,0.5868,0.5438,0.4958,0.4438,0.3885,0.3312,0.2731,0.216,0.1616,0.1119,0.06878,0.0332
pal1,photochem,345.0,0.7025,0.699,0.6884,0.6709,0.6466,0.616,0.5794,0.5373,0.4904,0.4393,0.385,0.3286,0.2714,0.2148,0.1609,0.1115,0.06862,0.03325
pal1,photochem,350.0,0.7354,0.7317,0.7207,0.7025,0.6773,0.6454,0.6074,0.5635,0.5146,0.4614,0.4047,0.3456,0.2856,0.2262,0.1694,0.1174,0.07213,0.03493
pal1,photochem,355.0,0.7779,0.7741,0.7625,0.7434,0.717,0.6835,0.6435,0.5974,0.5459,0.4898,0.43,0.3676,0.3041,0.241,0.1806,0.1251,0.07683,0.03724
pal1,photochem,360.0,0.7118,0.7083,0.6978,0.6804,0.6564,0.626,0.5896,0.5476,0.5007,0.4496,0.395,0.338,0.2798,0.222,0.1663,0.1152,0.07067,0.03426
pal1,photochem,365.0,0.9056,0.9012,0.8879,0.866,0.8356,0.7972,0.7511,0.698,0.6386,0.5738,0.5045,0.4321,0.358,0.2842,0.213,0.1474,0.09037,0.04379
pal1,photochem,370.0,0.9422,0.9376,0.9239,0.9012,0.8698,0.83,0.7824,0.7274,0.6659,0.5987,0.5268,0.4515,0.3744,0.2975,0.2231,0.1543,0.09445,0.04574
pal1,photochem,375.0,0.8516,0.8475,0.8352,0.8148,0.7866,0.7509,0.7081,0.6586,0.6033,0.5427,0.4779,0.4099,0.3402,0.2705,0.2029,0.1403,0.08576,0.0415
pal1,photochem,380.0,0.9796,0.9749,0.9608,0.9375,0.9052,0.8644,0.8153,0.7588,0.6953,0.6259,0.5516,0.4735,0.3933,0.3129,0.2349,0.1624,0.09909,0.0479
pal1,photochem,385.0,0.7389,0.7353,0.7248,0.7073,0.6831,0.6525,0.6157,0.5732,0.5256,0.4734,0.4174,0.3586,0.2981,0.2374,0.1783,0.1232,0.07509,0.03625
pal1,photochem,390.0,0.9653,0.9607,0.947,0.9243,0.8929,0.853,0.8052,0.75,0.688,0.62,0.5471,0.4704,0.3914,0.3119,0.2343,0.1619,0.09854,0.04751
pal1,photochem,395.0,0.7491,0.7456,0.735,0.7175,0.6932,0.6625,0.6255,0.5829,0.5349,0.4824,0.4259,0.3665,0.3052,0.2434,0.183,0.1264,0.07683,0.03698
pal1,photochem,400.0,1.391,1.385,1.365,1.333,1.288,1.231,1.163,1.084,0.9953,0.8981,0.7935,0.6833,0.5694,0.4545,0.3419,0.2362,0.1434,0.06889
pal1,photochem,405.0,1.419,1.412,1.393,1.36,1.314,1.256,1.187,1.107,1.017,0.918,0.8117,0.6994,0.5833,0.466,0.3507,0.2423,0.1469,0.07046
pal1,photochem,410.0,1.464,1.457,1.437,1.403,1.356,1.297,1.226,1.143,1.051,0.9491,0.8396,0.724,0.6043,0.4831,0.3639,0.2514,0.1522,0.07286
pal1,photochem,415.0,1.525,1.518,1.497,1.462,1.414,1.352,1.278,1.193,1.097,0.9912,0.8774,0.7571,0.6325,0.506,0.3814,0.2636,0.1594,0.07614
pal1,photochem,420.0,1.54,1.533,1.512,1.477,1.428,1.366,1.292,1.206,1.109,1.003,0.8881,0.7669,0.6411,0.5134,0.3872,0.2676,0.1616,0.07705
pal1,photochem,425.0,1.47,1.464,1.443,1.41,1.364,1.305,1.234,1.153,1.061,0.9593,0.8501,0.7345,0.6145,0.4925,0.3717,0.257,0.155,0.07371
pal1,photochem,430.0,1.357,1.35,1.332,1.301,1.259,1.205,1.14,1.065,0.9799,0.8868,0.7863,0.6798,0.5692,0.4565,0.3448,0.2385,0.1437,0.06818
pal1,photochem,435.0,1.575,1.568,1.546,1.511,1.462,1.399,1.324,1.237,1.139,1.031,0.915,0.7916,0.6632,0.5324,0.4024,0.2784,0.1676,0.07931
pal1,photochem,440.0,1.62,1.613,1.591,1.555,1.504,1.44,1.363,1.274,1.174,1.063,0.9435,0.8167,0.6847,0.55,0.4161,0.2879,0.1732,0.0817
pal1,photochem,445.0,1.741,1.733,1.709,1.67,1.616,1.548,1.465,1.37,1.262,1.144,1.016,0.8797,0.738,0.5933,0.4491,0.3109,0.1868,0.0879
pal1,photochem,450.0,1.851,1.843,1.818,1.777,1.72,1.647,1.56,1.458,1.344,1.218,1.083,0.9382,0.7876,0.6336,0.48,0.3325,0.1997,0.09366
pal1,photochem,455.0,1.812,1.804,1.779,1.739,1.683,1.613,1.527,1.429,1.317,1.194,1.062,0.9206,0.7733,0.6226,0.472,0.3271,0.1963,0.0918
pal1,photochem,460.0,1.865,1.856,1.831,1.79,1.733,1.66,1.573,1.471,1.357,1.231,1.094,0.9494,0.798,0.6428,0.4876,0.3379,0.2025,0.09432
pal1,photochem,465.0,1.844,1.835,1.811,1.77,1.714,1.642,1.556,1.456,1.343,1.219,1.084,0.941,0.7914,0.638,0.4843,0.3358,0.2012,0.09345
pal1,photochem,470.0,1.834,1.826,1.801,1.761,1.705,1.634,1.548,1.449,1.337,1.214,1.08,0.9381,0.7894,0.6368,0.4838,0.3356,0.2009,0.09305
pal1,photochem,475.0,1.855,1.847,1.822,1.782,1.725,1.654,1.567,1.467,1.354,1.23,1.095,0.9511,0.8008,0.6464,0.4914,0.3411,0.2041,0.09418
pal1,photochem,480.0,1.908,1.9,1.875,1.833,1.775,1.701,1.613,1.51,1.394,1.266,1.127,0.9797,0.8252,0.6663,0.5066,0.3516,0.21,0.09636
pal1,photochem,485.0,1.733,1.726,1.703,1.665,1.613,1.546,1.466,1.372,1.267,1.151,1.026,0.8917,0.7515,0.6071,0.4619,0.3207,0.1915,0.08756
pal1,photochem,490.0,1.805,1.797,1.774,1.734,1.68,1.611,1.527,1.43,1.321,1.201,1.07,0.9307,0.7847,0.6345,0.4831,0.3356,0.2004,0.0914
pal1,photochem,495.0,1.839,1.831,1.807,1.767,1.711,1.641,1.556,1.458,1.347,1.224,1.091,0.9497,0.8011,0.6481,0.4938,0.3432,0.2048,0.09306
pal1,photochem,500.0,1.754,1.746,1.723,1.685,1.632,1.565,1.485,1.391,1.285,1.168,1.042,0.9067,0.765,0.619,0.4717,0.3278,0.1953,0.08822
pal1,photochem,505.0,1.781,1.774,1.75,1.712,1.658,1.59,1.508,1.413,1.306,1.187,1.059,0.9217,0.7778,0.6294,0.4796,0.3331,0.198,0.0888
pal1,photochem,510.0,1.766,1.759,1.736,1.698,1.645,1.577,1.496,1.402,1.296,1.179,1.051,0.9157,0.7731,0.6261,0.4774,0.3318,0.1973,0.08829
pal1,photochem,515.0,1.637,1.63,1.609,1.574,1.525,1.463,1.388,1.301,1.202,1.094,0.9759,0.8502,0.7182,0.5818,0.4439,0.3087,0.1835,0.08185
pal1,photochem,520.0,1.683,1.676,1.654,1.618,1.568,1.504,1.427,1.337,1.237,1.125,1.004,0.875,0.7394,0.5992,0.4574,0.3181,0.1889,0.0839
pal1,photochem,525.0,1.688,1.681,1.659,1.623,1.573,1.509,1.431,1.342,1.241,1.129,1.008,0.8783,0.7422,0.6016,0.4592,0.3192,0.1892,0.0835
pal1,photochem,530.0,1.778,1.77,1.747,1.709,1.656,1.589,1.507,1.413,1.307,1.189,1.061,0.925,0.7817,0.6335,0.4834,0.3358,0.1986,0.08693
pal1,photochem,535.0,1.723,1.715,1.692,1.656,1.605,1.539,1.461,1.37,1.267,1.153,1.029,0.8971,0.7583,0.6148,0.4692,0.326,0.1926,0.0839
pal1,photochem,540.0,1.724,1.717,1.694,1.657,1.606,1.541,1.463,1.371,1.268,1.155,1.031,0.8991,0.7602,0.6166,0.4709,0.3273,0.1933,0.08398
pal1,photochem,545.0,1.749,1.742,1.719,1.681,1.63,1.564,1.484,1.392,1.287,1.172,1.047,0.9127,0.7719,0.6262,0.4783,0.3324,0.1962,0.08478
pal1,photochem,550.0,1.754,1.746,1.724,1.686,1.634,1.568,1.489,1.396,1.291,1.176,1.05,0.9162,0.775,0.6289,0.4804,0.3339,0.1969,0.08476
pal1,photochem,555.0,1.741,1.733,1.711,1.674,1.622,1.557,1.478,1.386,1.282,1.168,1.043,0.9102,0.7703,0.6252,0.4779,0.3322,0.1958,0.08385
pal1,photochem,560.0,1.696,1.689,1.667,1.631,1.581,1.516,1.44,1.351,1.25,1.138,1.017,0.8871,0.7507,0.6093,0.4656,0.3235,0.1903,0.08096
pal1,photochem,565.0,1.698,1.691,1.669,1.633,1.582,1.519,1.442,1.352,1.251,1.139,1.018,0.8882,0.7516,0.61,0.466,0.3236,0.19,0.08024
pal1,photochem,570.0,1.688,1.681,1.659,1.623,1.573,1.51,1.433,1.344,1.244,1.133,1.012,0.8833,0.7475,0.6067,0.4635,0.3218,0.1887,0.07929
pal1,photochem,575.0,1.716,1.709,1.687,1.65,1.6,1.535,1.457,1.367,1.265,1.152,1.03,0.8989,0.7608,0.6177,0.472,0.3278,0.1921,0.08046
pal1,photochem,580.0,1.688,1.681,1.659,1.624,1.574,1.511,1.434,1.346,1.246,1.135,1.014,0.8857,0.7501,0.6094,0.4661,0.3241,0.1902,0.07971
pal1,photochem,585.0,1.689,1.682,1.661,1.625,1.575,1.512,1.436,1.347,1.247,1.137,1.016,0.8878,0.7522,0.6116,0.4682,0.3259,0.1916,0.08035
pal1,photochem,590.0,1.63,1.623,1.602,1.568,1.52,1.459,1.386,1.3,1.204,1.097,0.9815,0.8575,0.7268,0.5912,0.4529,0.3155,0.1856,0.07771
pal1,photochem,595.0,1.662,1.655,1.634,1.599,1.55,1.488,1.413,1.326,1.228,1.119,1.001,0.8747,0.7414,0.603,0.4619,0.3217,0.189,0.07876
pal1,photochem,600.0,1.621,1.614,1.594,1.56,1.512,1.451,1.378,1.294,1.198,1.092,0.9766,0.8532,0.7232,0.5882,0.4504,0.3135,0.1839,0.07617
pal1,photochem,605.0,1.64,1.633,1.612,1.577,1.529,1.468,1.395,1.309,1.212,1.105,0.9885,0.8639,0.7324,0.5959,0.4565,0.3179,0.1866,0.07715
pal1,photochem,610.0,1.619,1.612,1.592,1.558,1.51,1.45,1.377,1.293,1.198,1.092,0.9775,0.8546,0.7251,0.5904,0.4529,0.316,0.1859,0.07714
pal1,photochem,615.0,1.581,1.574,1.554,1.521,1.475,1.416,1.345,1.263,1.17,1.068,0.9558,0.8362,0.7099,0.5786,0.4445,0.3107,0.1834,0.07639
pal1,photochem,620.0,1.603,1.597,1.576,1.543,1.496,1.437,1.365,1.282,1.188,1.084,0.971,0.8498,0.7219,0.5889,0.4529,0.3171,0.1876,0.0784
pal1,photochem,625.0,1.569,1.562,1.543,1.51,1.464,1.406,1.336,1.255,1.163,1.062,0.9513,0.8329,0.708,0.5779,0.4449,0.3119,0.1849,0.07744
pal1,photochem,630.0,1.571,1.564,1.545,1.512,1.466,1.408,1.339,1.257,1.166,1.064,0.9537,0.8354,0.7104,0.5804,0.4472,0.3141,0.1866,0.07833
pal1,photochem,635.0,1.56,1.553,1.534,1.501,1.456,1.399,1.33,1.249,1.158,1.058,0.9483,0.831,0.7071,0.578,0.4459,0.3136,0.1868,0.07863
pal1,photochem,640.0,1.542,1.535,1.516,1.484,1.439,1.383,1.315,1.235,1.146,1.047,0.9385,0.8227,0.7005,0.5731,0.4426,0.3118,0.1861,0.07859
pal1,photochem,644.8,1.533,1.526,1.507,1.476,1.431,1.375,1.308,1.229,1.14,1.041,0.9341,0.8192,0.6978,0.5713,0.4416,0.3115,0.1864,0.0789
pal1,photochem,651.05,1.514,1.507,1.488,1.457,1.414,1.358,1.292,1.214,1.126,1.029,0.9236,0.8103,0.6906,0.5658,0.4379,0.3094,0.1855,0.07872
pal1,photochem,660.0,1.436,1.43,1.412,1.383,1.341,1.289,1.226,1.153,1.07,0.9779,0.8779,0.7707,0.6574,0.5392,0.4179,0.2959,0.178,0.07581
pal1,photochem,670.0,1.474,1.468,1.45,1.419,1.377,1.324,1.259,1.184,1.099,1.005,0.9029,0.7932,0.6771,0.556,0.4316,0.3064,0.185,0.07912
pal1,photochem,680.0,1.447,1.441,1.423,1.394,1.352,1.3,1.237,1.163,1.08,0.9883,0.8881,0.7806,0.6669,0.5482,0.4262,0.3032,0.1836,0.0788
pal1,photochem,690.0,1.426,1.42,1.403,1.374,1.333,1.282,1.22,1.147,1.066,0.9752,0.8767,0.771,0.6591,0.5423,0.4221,0.3008,0.1827,0.07861
pal1,photochem,700.0,1.401,1.396,1.378,1.35,1.31,1.26,1.199,1.128,1.048,0.9594,0.8628,0.7591,0.6494,0.5348,0.4168,0.2976,0.1812,0.07819
pal1,photochem,710.0,1.368,1.363,1.346,1.318,1.28,1.23,1.171,1.102,1.024,0.9377,0.8435,0.7425,0.6355,0.5237,0.4086,0.2921,0.1783,0.07703
pal1,photochem,720.0,1.323,1.318,1.302,1.275,1.238,1.19,1.133,1.066,0.9911,0.9076,0.8167,0.7191,0.6158,0.5078,0.3965,0.2839,0.1735,0.07507
pal1,photochem,730.0,1.293,1.287,1.272,1.245,1.209,1.163,1.107,1.042,0.9687,0.8873,0.7987,0.7035,0.6027,0.4974,0.3887,0.2787,0.1707,0.07396
pal1,vulcan,120.7,0.0,0.0,0.0,0.0,0.0,0.0,0.0,0.0,0.0,0.0,0.0,0.0,0.0,0.0,0.0,0.0,0.0,0.0
pal1,vulcan,121.65,0.0,0.0,0.0,0.0,0.0,0.0,0.0,0.0,0.0,0.0,0.0,0.0,0.0,0.0,0.0,0.0,0.0,0.0
pal1,vulcan,122.1,0.0,0.0,0.0,0.0,0.0,0.0,0.0,0.0,0.0,0.0,0.0,0.0,0.0,0.0,0.0,0.0,0.0,0.0
pal1,vulcan,122.7,0.0,0.0,0.0,0.0,0.0,0.0,0.0,0.0,0.0,0.0,0.0,0.0,0.0,0.0,0.0,0.0,0.0,0.0
pal1,vulcan,123.45,0.0,0.0,0.0,0.0,0.0,0.0,0.0,0.0,0.0,0.0,0.0,0.0,0.0,0.0,0.0,0.0,0.0,0.0
pal1,vulcan,124.2,0.0,0.0,0.0,0.0,0.0,0.0,0.0,0.0,0.0,0.0,0.0,0.0,0.0,0.0,0.0,0.0,0.0,0.0
pal1,vulcan,125.0,0.0,0.0,0.0,0.0,0.0,0.0,0.0,0.0,0.0,0.0,0.0,0.0,0.0,0.0,0.0,0.0,0.0,0.0
pal1,vulcan,125.8,0.0,0.0,0.0,0.0,0.0,0.0,0.0,0.0,0.0,0.0,0.0,0.0,0.0,0.0,0.0,0.0,0.0,0.0
pal1,vulcan,126.6,0.0,0.0,0.0,0.0,0.0,0.0,0.0,0.0,0.0,0.0,0.0,0.0,0.0,0.0,0.0,0.0,0.0,0.0
pal1,vulcan,127.8,0.0,0.0,0.0,0.0,0.0,0.0,0.0,0.0,0.0,0.0,0.0,0.0,0.0,0.0,0.0,0.0,0.0,0.0
pal1,vulcan,129.0,0.0,0.0,0.0,0.0,0.0,0.0,0.0,0.0,0.0,0.0,0.0,0.0,0.0,0.0,0.0,0.0,0.0,0.0
pal1,vulcan,129.85,0.0,0.0,0.0,0.0,0.0,0.0,0.0,0.0,0.0,0.0,0.0,0.0,0.0,0.0,0.0,0.0,0.0,0.0
pal1,vulcan,131.15,0.0,0.0,0.0,0.0,0.0,0.0,0.0,0.0,0.0,0.0,0.0,0.0,0.0,0.0,0.0,0.0,0.0,0.0
pal1,vulcan,133.5,0.0,0.0,0.0,0.0,0.0,0.0,0.0,0.0,0.0,0.0,0.0,0.0,0.0,0.0,0.0,0.0,0.0,0.0
pal1,vulcan,136.0,0.0,0.0,0.0,0.0,0.0,0.0,0.0,0.0,0.0,0.0,0.0,0.0,0.0,0.0,0.0,0.0,0.0,0.0
pal1,vulcan,141.0,0.0,0.0,0.0,0.0,0.0,0.0,0.0,0.0,0.0,0.0,0.0,0.0,0.0,0.0,0.0,0.0,0.0,0.0
pal1,vulcan,150.0,0.0,0.0,0.0,0.0,0.0,0.0,0.0,0.0,0.0,0.0,0.0,0.0,0.0,0.0,0.0,0.0,0.0,0.0
pal1,vulcan,160.0,0.0,0.0,0.0,0.0,0.0,0.0,0.0,0.0,0.0,0.0,0.0,0.0,0.0,0.0,0.0,0.0,0.0,0.0
pal1,vulcan,167.5,0.0,0.0,0.0,0.0,0.0,0.0,0.0,0.0,0.0,0.0,0.0,0.0,0.0,0.0,0.0,0.0,0.0,0.0
pal1,vulcan,172.7,0.0,0.0,0.0,0.0,0.0,0.0,0.0,0.0,0.0,0.0,0.0,0.0,0.0,0.0,0.0,0.0,0.0,0.0
pal1,vulcan,176.2,0.0,0.0,0.0,0.0,0.0,0.0,0.0,0.0,0.0,0.0,0.0,0.0,0.0,0.0,0.0,0.0,0.0,0.0
pal1,vulcan,177.8,0.0,0.0,0.0,0.0,0.0,0.0,0.0,0.0,0.0,0.0,0.0,0.0,0.0,0.0,0.0,0.0,0.0,0.0
pal1,vulcan,179.4,0.0,0.0,0.0,0.0,0.0,0.0,0.0,0.0,0.0,0.0,0.0,0.0,0.0,0.0,0.0,0.0,0.0,0.0
pal1,vulcan,181.0,0.0,0.0,0.0,0.0,0.0,0.0,0.0,0.0,0.0,0.0,0.0,0.0,0.0,0.0,0.0,0.0,0.0,0.0
pal1,vulcan,182.65,0.0,0.0,0.0,0.0,0.0,0.0,0.0,0.0,0.0,0.0,0.0,0.0,0.0,0.0,0.0,0.0,0.0,0.0
pal1,vulcan,184.35,0.0,0.0,0.0,0.0,0.0,0.0,0.0,0.0,0.0,0.0,0.0,0.0,0.0,0.0,0.0,0.0,0.0,0.0
pal1,vulcan,186.05,0.0,0.0,0.0,0.0,0.0,0.0,0.0,0.0,0.0,0.0,0.0,0.0,0.0,0.0,0.0,0.0,0.0,0.0
pal1,vulcan,187.8,0.0,0.0,0.0,0.0,0.0,0.0,0.0,0.0,0.0,0.0,0.0,0.0,0.0,0.0,0.0,0.0,0.0,0.0
pal1,vulcan,189.6,0.0,0.0,0.0,0.0,0.0,0.0,0.0,0.0,0.0,0.0,0.0,0.0,0.0,0.0,0.0,0.0,0.0,0.0
pal1,vulcan,191.4,0.0,0.0,0.0,0.0,0.0,0.0,0.0,0.0,0.0,0.0,0.0,0.0,0.0,0.0,0.0,0.0,0.0,0.0
pal1,vulcan,193.25,0.0,0.0,0.0,0.0,0.0,0.0,0.0,0.0,0.0,0.0,0.0,0.0,0.0,0.0,0.0,0.0,0.0,0.0
pal1,vulcan,195.15,0.0,0.0,0.0,0.0,0.0,0.0,0.0,0.0,0.0,0.0,0.0,0.0,0.0,0.0,0.0,0.0,0.0,0.0
pal1,vulcan,197.05,0.0,0.0,0.0,0.0,0.0,0.0,0.0,0.0,0.0,0.0,0.0,0.0,0.0,0.0,0.0,0.0,0.0,0.0
pal1,vulcan,199.0,0.0,0.0,0.0,0.0,0.0,0.0,0.0,0.0,0.0,0.0,0.0,0.0,0.0,0.0,0.0,0.0,0.0,0.0
pal1,vulcan,201.0,0.0,0.0,0.0,0.0,0.0,0.0,0.0,0.0,0.0,0.0,0.0,0.0,0.0,0.0,0.0,0.0,0.0,0.0
pal1,vulcan,203.05,0.0,0.0,0.0,0.0,0.0,0.0,0.0,0.0,0.0,0.0,0.0,0.0,0.0,0.0,0.0,0.0,0.0,0.0
pal1,vulcan,205.15,0.0,0.0,0.0,0.0,0.0,0.0,0.0,0.0,0.0,0.0,0.0,0.0,0.0,0.0,0.0,0.0,0.0,0.0
pal1,vulcan,207.2665,8.355e-20,7.164e-20,4.489e-20,2.02e-20,6.332e-21,1.319e-21,1.706e-22,1.25e-23,4.591e-25,7.534e-27,7.815e-29,5.823e-30,2.103e-30,1.101e-30,6.57e-31,4.027e-31,2.33e-31,1.109e-31
pal1,vulcan,209.4295,7.625e-19,6.58e-19,4.206e-19,1.959e-19,6.45e-20,1.437e-20,2.029e-21,1.665e-22,7.07e-24,1.398e-25,1.795e-27,1.369e-28,4.804e-29,2.499e-29,1.498e-29,9.266e-30,5.417e-30,2.603e-30
pal1,vulcan,211.646,8.773e-18,7.629e-18,4.991e-18,2.418e-18,8.436e-19,2.032e-19,3.182e-20,2.981e-21,1.502e-22,3.71e-24,6.227e-26,5.016e-27,1.7e-27,8.772e-28,5.3e-28,3.323e-28,1.972e-28,9.609e-29
pal1,vulcan,213.91,3.897e-17,3.407e-17,2.265e-17,1.127e-17,4.093e-18,1.041e-18,1.749e-19,1.794e-20,1.016e-21,2.918e-23,5.767e-25,4.551e-26,1.458e-26,7.451e-27,4.551e-27,2.899e-27,1.75e-27,8.671e-28
pal1,vulcan,216.2225,1.477e-16,1.298e-16,8.771e-17,4.492e-17,1.7e-17,4.571e-18,8.267e-19,9.331e-20,5.978e-21,2.015e-22,4.758e-24,3.675e-25,1.097e-25,5.56e-26,3.449e-26,2.241e-26,1.381e-26,6.992e-27
pal1,vulcan,218.5855,9.656e-16,8.541e-16,5.886e-16,3.118e-16,1.239e-16,3.56e-17,7.027e-18,8.884e-19,6.599e-20,2.705e-21,7.998e-23,6.145e-24,1.686e-24,8.512e-25,5.394e-25,3.588e-25,2.265e-25,1.179e-25
pal1,vulcan,221.001,2.809e-15,2.495e-15,1.741e-15,9.414e-16,3.856e-16,1.156e-16,2.41e-17,3.274e-18,2.671e-19,1.239e-20,4.128e-22,2.906e-23,7.158e-24,3.626e-24,2.354e-24,1.602e-24,1.036e-24,5.548e-25
pal1,vulcan,223.4705,7.457e-15,6.642e-15,4.675e-15,2.567e-15,1.076e-15,3.322e-16,7.216e-17,1.034e-17,9.048e-19,4.6e-20,1.648e-21,1.013e-22,2.2e-23,1.131e-23,7.532e-24,5.24e-24,3.468e-24,1.915e-24
pal1,vulcan,225.996,1.272e-14,1.136e-14,8.076e-15,4.509e-15,1.935e-15,6.181e-16,1.404e-16,2.133e-17,2.021e-18,1.063e-19,4.406e-21,2.327e-22,4.42e-23,2.329e-23,1.593e-23,1.133e-23,7.678e-24,4.383e-24
pal1,vulcan,228.579,1.551e-14,1.388e-14,9.888e-15,5.546e-15,2.397e-15,7.734e-16,1.781e-16,2.761e-17,2.687e-18,1.561e-19,5.89e-21,2.443e-22,4.002e-23,2.187e-23,1.531e-23,1.109e-23,7.686e-24,4.532e-24
pal1,vulcan,231.2215,1.091e-14,9.743e-15,6.916e-15,3.854e-15,1.65e-15,5.258e-16,1.192e-16,1.813e-17,1.723e-18,9.604e-20,3.219e-21,9.718e-23,1.375e-23,7.812e-24,5.576e-24,4.102e-24,2.894e-24,1.756e-24
pal1,vulcan,233.926,3.808e-15,3.392e-15,2.387e-15,1.31e-15,5.49e-16,1.699e-16,3.711e-17,5.378e-18,4.793e-19,2.428e-20,6.76e-22,1.398e-23,1.72e-24,1.015e-24,7.355e-25,5.479e-25,3.925e-25,2.444e-25
pal1,vulcan,236.6945,1.506e-15,1.336e-15,9.29e-16,4.996e-16,2.032e-16,6.042e-17,1.252e-17,1.693e-18,1.376e-19,6.09e-21,1.345e-22,1.83e-24,1.98e-25,1.207e-25,8.854e-26,6.664e-26,4.839e-26,3.086e-26
pal1,vulcan,239.5295,1.229e-15,1.091e-15,7.598e-16,4.097e-16,1.673e-16,5.002e-17,1.042e-17,1.417e-18,1.147e-19,4.91e-21,9.612e-23,9.442e-25,9.137e-26,5.726e-26,4.254e-26,3.243e-26,2.397e-26,1.578e-26
pal1,vulcan,242.433,3.922e-15,3.49e-15,2.448e-15,1.337e-15,5.556e-16,1.696e-16,3.62e-17,5.028e-18,4.113e-19,1.721e-20,3.043e-22,2.265e-24,1.986e-25,1.273e-25,9.571e-26,7.391e-26,5.563e-26,3.785e-26
pal1,vulcan,245.408,2.233e-16,1.966e-16,1.335e-16,6.895e-17,2.641e-17,7.223e-18,1.334e-18,1.539e-19,9.915e-21,3.052e-22,3.62e-24,1.594e-26,1.27e-27,8.232e-28,6.2e-28,4.791e-28,3.61e-28,2.466e-28
pal1,vulcan,248.457,2.049e-17,1.788e-17,1.181e-17,5.817e-18,2.08e-18,5.18e-19,8.463e-20,8.332e-21,4.384e-22,1.039e-23,8.767e-26,2.453e-28,1.795e-29,1.172e-29,8.839e-30,6.832e-30,5.153e-30,3.531e-30
pal1,vulcan,251.5825,5.26e-18,4.566e-18,2.97e-18,1.425e-18,4.901e-19,1.158e-19,1.766e-20,1.591e-21,7.464e-23,1.526e-24,1.059e-26,2.265e-29,1.546e-30,1.012e-30,7.634e-31,5.901e-31,4.453e-31,3.058e-31
pal1,vulcan,254.7875,4.265e-18,3.693e-18,2.386e-18,1.132e-18,3.83e-19,8.849e-20,1.31e-20,1.135e-21,5.061e-23,9.683e-25,6.149e-27,1.151e-29,7.39e-31,4.841e-31,3.65e-31,2.821e-31,2.13e-31,1.464e-31
pal1,vulcan,258.075,2.167e-17,1.884e-17,1.231e-17,5.955e-18,2.073e-18,4.974e-19,7.736e-20,7.139e-21,3.449e-22,7.3e-24,5.264e-26,1.138e-28,7.001e-30,4.567e-30,3.44e-30,2.658e-30,2.006e-30,1.379e-30
pal1,vulcan,261.449,1.103e-16,9.654e-17,6.448e-17,3.236e-17,1.189e-17,3.069e-18,5.249e-19,5.47e-20,3.085e-21,7.95e-23,7.374e-25,2.164e-27,1.29e-28,8.349e-29,6.279e-29,4.849e-29,3.658e-29,2.512e-29
pal1,vulcan,264.9125,6.127e-15,5.426e-15,3.753e-15,2e-15,8.009e-16,2.325e-16,4.634e-17,5.878e-18,4.258e-19,1.51e-20,2.077e-22,1.031e-24,6.091e-26,3.88e-26,2.91e-26,2.245e-26,1.693e-26,1.16e-26
pal1,vulcan,268.4685,3.881e-13,3.491e-13,2.53e-13,1.46e-13,6.571e-14,2.233e-14,5.468e-15,9.033e-16,9.165e-17,4.996e-18,1.215e-19,1.188e-21,7.212e-23,4.451e-23,3.323e-23,2.56e-23,1.928e-23,1.317e-23
pal1,vulcan,272.1215,3.341e-11,3.057e-11,2.334e-11,1.472e-11,7.542e-12,3.054e-12,9.406e-13,2.085e-13,3.078e-14,2.71e-15,1.222e-16,2.595e-18,1.709e-19,9.896e-20,7.33e-20,5.633e-20,4.237e-20,2.884e-20
pal1,vulcan,275.8755,3.731e-09,3.486e-09,2.813e-09,1.951e-09,1.146e-09,5.592e-10,2.196e-10,6.652e-11,1.462e-11,2.142e-12,1.863e-13,9.001e-15,7.133e-16,3.619e-16,2.64e-16,2.019e-16,1.515e-16,1.028e-16
pal1,vulcan,279.734,2.168e-07,2.055e-07,1.745e-07,1.32e-07,8.81e-08,5.104e-08,2.51e-08,1.014e-08,3.222e-09,7.555e-10,1.205e-10,1.239e-11,1.355e-12,5.517e-13,3.892e-13,2.949e-13,2.204e-13,1.489e-13
pal1,vulcan,283.702,2.117e-05,2.036e-05,1.808e-05,1.476e-05,1.101e-05,7.41e-06,4.433e-06,2.305e-06,1.01e-06,3.57e-07,9.64e-08,1.905e-08,3.252e-09,1.046e-09,6.71e-10,4.98e-10,3.693e-10,2.483e-10
pal1,vulcan,287.7845,0.0006675,0.0006494,0.0005976,0.0005186,0.0004224,0.0003205,0.0002243,0.0001425,8.064e-05,3.95e-05,1.617e-05,5.343e-06,1.46e-06,4.435e-07,2.289e-07,1.606e-07,1.169e-07,7.786e-08
pal1,vulcan,291.9865,0.01066,0.01046,0.009878,0.008965,0.007794,0.006459,0.00507,0.003734,0.002548,0.001584,0.0008762,0.0004204,0.0001719,6.313e-05,2.65e-05,1.567e-05,1.084e-05,7.074e-06
pal1,vulcan,296.309,0.0445,0.04392,0.04222,0.03947,0.03583,0.03148,0.02666,0.02164,0.0167,0.01212,0.008162,0.004999,0.002727,0.001307,0.0005731,0.0002728,0.0001622,0.0001003
pal1,vulcan,300.5,0.09385,0.09293,0.09023,0.08583,0.07988,0.07259,0.06423,0.05513,0.04566,0.03623,0.02728,0.01924,0.01248,0.007295,0.003777,0.001776,0.0008662,0.0004715
pal1,vulcan,303.0,0.1807,0.1792,0.1747,0.1673,0.1573,0.1449,0.1305,0.1145,0.09754,0.08019,0.06297,0.0471,0.03281,0.02092,0.01193,0.005988,0.002774,0.001341
pal1,vulcan,304.0,0.182,0.1806,0.1762,0.169,0.1593,0.1472,0.1331,0.1174,0.1007,0.08351,0.06644,0.05023,0.03558,0.02317,0.01354,0.006947,0.00321,0.001498
pal1,vulcan,305.0,0.2245,0.2228,0.2176,0.2092,0.1978,0.1835,0.1668,0.1468,0.1282,0.1074,0.08662,0.06661,0.04822,0.03228,0.0195,0.01034,0.00481,0.002145
pal1,vulcan,306.0,0.1977,0.1962,0.1918,0.1847,0.1749,0.1627,0.1484,0.1324,0.1152,0.09717,0.07905,0.06145,0.04511,0.03073,0.01897,0.01029,0.004831,0.002092
pal1,vulcan,307.0,0.2376,0.2359,0.2309,0.2226,0.2112,0.1971,0.1804,0.1617,0.1415,0.1203,0.09873,0.07766,0.05786,0.04018,0.0254,0.01416,0.006754,0.002844
pal1,vulcan,308.0,0.2615,0.2597,0.2543,0.2455,0.2334,0.2183,0.2006,0.1805,0.1587,0.1359,0.1125,0.08943,0.06754,0.04773,0.03085,0.01766,0.008587,0.003544
pal1,vulcan,309.0,0.262,0.2603,0.255,0.2464,0.2345,0.2197,0.2022,0.1824,0.1609,0.1382,0.115,0.09195,0.06997,0.04992,0.03267,0.01897,0.009338,0.003817
pal1,vulcan,310.0,0.2416,0.24,0.2353,0.2277,0.2171,0.2039,0.1883,0.1707,0.1514,0.1309,0.1099,0.08884,0.06857,0.04983,0.0334,0.01998,0.01013,0.004113
pal1,vulcan,311.0,0.3958,0.3932,0.3857,0.3734,0.3564,0.3351,0.3099,0.2814,0.2501,0.217,0.1827,0.1484,0.1152,0.08432,0.05705,0.03454,0.01773,0.007191
pal1,vulcan,312.0,0.3402,0.3381,0.3318,0.3214,0.3072,0.2893,0.2681,0.244,0.2176,0.1895,0.1604,0.1311,0.1026,0.07593,0.05209,0.03212,0.01683,0.006855
pal1,vulcan,313.0,0.3666,0.3643,0.3577,0.3466,0.3318,0.3129,0.2906,0.2651,0.2372,0.2074,0.1764,0.1451,0.1144,0.08555,0.0595,0.03735,0.02,0.008227
pal1,vulcan,314.0,0.3949,0.3925,0.3855,0.3738,0.3578,0.3376,0.3138,0.2866,0.2568,0.2248,0.1916,0.158,0.125,0.09381,0.06557,0.04143,0.02237,0.009235
pal1,vulcan,316.0,0.3838,0.3815,0.3749,0.364,0.3465,0.33,0.3076,0.282,0.2537,0.2234,0.1917,0.1595,0.1277,0.09722,0.0693,0.04497,0.02513,0.01067
pal1,vulcan,320.0,0.4657,0.4631,0.4554,0.4427,0.4252,0.4031,0.3769,0.3468,0.3136,0.2778,0.2403,0.2018,0.1634,0.1264,0.09198,0.06137,0.03566,0.01579
pal1,vulcan,325.0,0.5713,0.5682,0.5591,0.5441,0.5233,0.4971,0.4659,0.4302,0.3905,0.3477,0.3025,0.2559,0.2092,0.1638,0.121,0.08254,0.04951,0.02292
pal1,vulcan,330.0,0.6978,0.6941,0.6832,0.6652,0.6403,0.609,0.5715,0.5286,0.4808,0.4291,0.3745,0.318,0.2611,0.2055,0.1529,0.1052,0.06401,0.0303
pal1,vulcan,335.0,0.6583,0.6549,0.6448,0.628,0.6049,0.5757,0.5409,0.5008,0.4563,0.4079,0.3567,0.3037,0.2501,0.1975,0.1475,0.1021,0.0626,0.03007
pal1,vulcan,340.0,0.7134,0.7098,0.6989,0.681,0.6562,0.6248,0.5874,0.5444,0.4964,0.4443,0.3891,0.3317,0.2736,0.2164,0.1619,0.1122,0.06902,0.03336
pal1,vulcan,345.0,0.7028,0.6992,0.6886,0.6711,0.6469,0.6163,0.5797,0.5376,0.4906,0.4395,0.3852,0.3288,0.2715,0.215,0.161,0.1116,0.0687,0.03331
pal1,vulcan,350.0,0.7356,0.7319,0.7209,0.7027,0.6775,0.6457,0.6076,0.5638,0.5148,0.4616,0.4049,0.3458,0.2858,0.2264,0.1696,0.1175,0.07222,0.03499
pal1,vulcan,355.0,0.778,0.7742,0.7626,0.7435,0.7171,0.6836,0.6436,0.5975,0.546,0.4899,0.4301,0.3677,0.3041,0.2411,0.1806,0.1251,0.07687,0.03727
pal1,vulcan,360.0,0.7118,0.7083,0.6978,0.6805,0.6564,0.626,0.5896,0.5477,0.5008,0.4496,0.395,0.338,0.2798,0.222,0.1664,0.1152,0.07069,0.03427
pal1,vulcan,365.0,0.9057,0.9012,0.888,0.866,0.8357,0.7972,0.7512,0.6981,0.6387,0.5738,0.5045,0.4321,0.358,0.2842,0.2131,0.1474,0.09038,0.0438
pal1,vulcan,370.0,0.9422,0.9376,0.9239,0.9012,0.8698,0.8301,0.7824,0.7275,0.666,0.5987,0.5268,0.4515,0.3744,0.2975,0.2231,0.1543,0.09446,0.04574
pal1,vulcan,375.0,0.8517,0.8475,0.8352,0.8149,0.7866,0.7509,0.7081,0.6587,0.6033,0.5427,0.4779,0.4099,0.3402,0.2705,0.2029,0.1403,0.08577,0.0415
pal1,vulcan,380.0,0.9796,0.9749,0.9608,0.9375,0.9053,0.8644,0.8154,0.7588,0.6954,0.626,0.5516,0.4735,0.3933,0.3129,0.2349,0.1624,0.0991,0.0479
pal1,vulcan,385.0,0.7389,0.7354,0.7248,0.7073,0.6831,0.6525,0.6157,0.5732,0.5256,0.4734,0.4174,0.3586,0.2981,0.2374,0.1783,0.1232,0.07509,0.03625
pal1,vulcan,390.0,0.9653,0.9607,0.947,0.9243,0.8929,0.8531,0.8052,0.75,0.688,0.6201,0.5471,0.4704,0.3914,0.3119,0.2343,0.1619,0.09855,0.04751
pal1,vulcan,395.0,0.7492,0.7456,0.7351,0.7175,0.6933,0.6625,0.6256,0.5829,0.535,0.4824,0.426,0.3665,0.3052,0.2434,0.183,0.1264,0.07683,0.03698
pal1,vulcan,400.0,1.391,1.385,1.365,1.333,1.288,1.231,1.163,1.084,0.9954,0.8981,0.7935,0.6833,0.5694,0.4545,0.3419,0.2362,0.1434,0.06889
pal1,vulcan,405.0,1.419,1.412,1.393,1.36,1.314,1.257,1.187,1.107,1.017,0.9181,0.8117,0.6994,0.5833,0.466,0.3507,0.2423,0.1469,0.07046
pal1,vulcan,410.0,1.464,1.457,1.437,1.403,1.356,1.297,1.226,1.143,1.051,0.9491,0.8396,0.724,0.6043,0.4831,0.3639,0.2514,0.1522,0.07288
pal1,vulcan,415.0,1.526,1.518,1.497,1.462,1.414,1.352,1.279,1.193,1.097,0.9912,0.8775,0.7572,0.6325,0.5061,0.3814,0.2636,0.1594,0.07616
pal1,vulcan,420.0,1.54,1.533,1.512,1.477,1.428,1.366,1.292,1.206,1.109,1.003,0.8882,0.767,0.6412,0.5134,0.3873,0.2677,0.1617,0.07707
pal1,vulcan,425.0,1.47,1.464,1.444,1.41,1.364,1.305,1.234,1.153,1.061,0.9594,0.8502,0.7346,0.6146,0.4925,0.3718,0.257,0.1551,0.07374
pal1,vulcan,430.0,1.357,1.351,1.332,1.301,1.259,1.205,1.14,1.065,0.98,0.8869,0.7864,0.6799,0.5692,0.4566,0.3449,0.2385,0.1438,0.06821
pal1,vulcan,435.0,1.575,1.568,1.547,1.511,1.462,1.399,1.324,1.237,1.139,1.032,0.9151,0.7917,0.6633,0.5325,0.4025,0.2785,0.1677,0.07936
pal1,vulcan,440.0,1.621,1.613,1.591,1.555,1.505,1.441,1.364,1.274,1.174,1.063,0.9437,0.8169,0.6849,0.5502,0.4162,0.288,0.1733,0.08177
pal1,vulcan,445.0,1.741,1.733,1.709,1.671,1.617,1.548,1.466,1.37,1.262,1.144,1.016,0.8799,0.7383,0.5935,0.4493,0.3111,0.187,0.08799
pal1,vulcan,450.0,1.852,1.843,1.818,1.777,1.72,1.647,1.56,1.459,1.345,1.219,1.083,0.9385,0.7879,0.6339,0.4802,0.3327,0.1998,0.09377
pal1,vulcan,455.0,1.812,1.804,1.78,1.74,1.684,1.613,1.528,1.429,1.317,1.195,1.062,0.9209,0.7736,0.6229,0.4723,0.3273,0.1964,0.09192
pal1,vulcan,460.0,1.865,1.857,1.832,1.791,1.733,1.661,1.573,1.472,1.357,1.231,1.095,0.9499,0.7985,0.6433,0.488,0.3383,0.2028,0.09453
pal1,vulcan,465.0,1.844,1.836,1.812,1.771,1.714,1.643,1.556,1.456,1.344,1.219,1.085,0.9416,0.792,0.6385,0.4848,0.3362,0.2015,0.09367
pal1,vulcan,470.0,1.834,1.826,1.802,1.762,1.706,1.635,1.549,1.45,1.338,1.214,1.081,0.9387,0.79,0.6373,0.4843,0.336,0.2013,0.09329
pal1,vulcan,475.0,1.856,1.848,1.823,1.783,1.726,1.654,1.568,1.468,1.355,1.23,1.095,0.9518,0.8015,0.6471,0.492,0.3416,0.2045,0.09446
pal1,vulcan,480.0,1.91,1.901,1.876,1.834,1.776,1.703,1.614,1.511,1.395,1.267,1.129,0.9809,0.8263,0.6673,0.5076,0.3524,0.2107,0.09682
pal1,vulcan,485.0,1.735,1.727,1.704,1.666,1.614,1.547,1.467,1.374,1.269,1.153,1.027,0.8929,0.7525,0.6082,0.4629,0.3215,0.1921,0.08802
pal1,vulcan,490.0,1.807,1.799,1.775,1.736,1.681,1.612,1.528,1.432,1.322,1.202,1.071,0.9318,0.7859,0.6355,0.4841,0.3365,0.2011,0.09188
pal1,vulcan,495.0,1.84,1.832,1.808,1.768,1.713,1.643,1.558,1.459,1.348,1.226,1.093,0.951,0.8024,0.6493,0.4949,0.3442,0.2056,0.09361
pal1,vulcan,500.0,1.756,1.748,1.725,1.687,1.634,1.567,1.486,1.393,1.287,1.17,1.043,0.9084,0.7667,0.6206,0.4731,0.329,0.1963,0.0889
pal1,vulcan,505.0,1.784,1.776,1.753,1.714,1.661,1.593,1.511,1.416,1.308,1.19,1.061,0.924,0.78,0.6315,0.4815,0.3348,0.1993,0.08973
pal1,vulcan,510.0,1.769,1.761,1.738,1.7,1.647,1.58,1.499,1.405,1.298,1.181,1.054,0.9179,0.7753,0.6281,0.4793,0.3335,0.1986,0.08921
pal1,vulcan,515.0,1.64,1.633,1.612,1.576,1.527,1.465,1.39,1.303,1.205,1.096,0.9782,0.8524,0.7203,0.5838,0.4458,0.3103,0.1848,0.08275
pal1,vulcan,520.0,1.686,1.679,1.657,1.621,1.57,1.507,1.43,1.34,1.239,1.128,1.007,0.8775,0.7418,0.6015,0.4595,0.32,0.1904,0.08492
pal1,vulcan,525.0,1.692,1.684,1.663,1.626,1.576,1.512,1.435,1.345,1.244,1.132,1.011,0.8813,0.7451,0.6043,0.4617,0.3215,0.191,0.08471
pal1,vulcan,530.0,1.782,1.775,1.751,1.713,1.66,1.593,1.512,1.417,1.311,1.193,1.065,0.9288,0.7854,0.637,0.4867,0.3387,0.2009,0.08847
pal1,vulcan,535.0,1.727,1.72,1.697,1.661,1.609,1.544,1.465,1.374,1.271,1.157,1.033,0.9012,0.7622,0.6184,0.4726,0.329,0.195,0.08551
pal1,vulcan,540.0,1.729,1.721,1.699,1.662,1.611,1.546,1.467,1.376,1.273,1.159,1.035,0.9032,0.7642,0.6204,0.4743,0.3303,0.1958,0.08564
pal1,vulcan,545.0,1.754,1.747,1.724,1.687,1.635,1.569,1.489,1.397,1.292,1.177,1.051,0.9173,0.7763,0.6304,0.4821,0.3358,0.1989,0.0866
pal1,vulcan,550.0,1.759,1.752,1.729,1.692,1.64,1.574,1.494,1.401,1.297,1.181,1.055,0.921,0.7797,0.6333,0.4845,0.3376,0.1999,0.08669
pal1,vulcan,555.0,1.746,1.739,1.716,1.679,1.628,1.562,1.483,1.391,1.288,1.173,1.048,0.9153,0.7751,0.6299,0.4822,0.336,0.1989,0.08589
pal1,vulcan,560.0,1.702,1.695,1.673,1.637,1.587,1.523,1.446,1.356,1.255,1.144,1.022,0.8926,0.756,0.6143,0.4703,0.3277,0.1937,0.08315
pal1,vulcan,565.0,1.705,1.698,1.676,1.639,1.588,1.525,1.448,1.359,1.258,1.146,1.024,0.8943,0.7574,0.6155,0.4711,0.3281,0.1936,0.08266
pal1,vulcan,570.0,1.695,1.688,1.666,1.63,1.58,1.517,1.44,1.351,1.251,1.14,1.019,0.8897,0.7537,0.6126,0.4689,0.3266,0.1926,0.08183
pal1,vulcan,575.0,1.724,1.716,1.694,1.658,1.607,1.543,1.465,1.375,1.272,1.16,1.037,0.9056,0.7673,0.6239,0.4778,0.3329,0.1962,0.08313
pal1,vulcan,580.0,1.696,1.688,1.667,1.631,1.581,1.518,1.441,1.353,1.252,1.142,1.021,0.8921,0.7563,0.6153,0.4716,0.3289,0.1942,0.08226
pal1,vulcan,585.0,1.696,1.689,1.667,1.632,1.582,1.519,1.442,1.354,1.254,1.143,1.023,0.894,0.7582,0.6172,0.4735,0.3306,0.1954,0.08284
pal1,vulcan,590.0,1.637,1.63,1.609,1.574,1.526,1.465,1.392,1.307,1.21,1.104,0.9876,0.8635,0.7326,0.5967,0.458,0.32,0.1893,0.08011
pal1,vulcan,595.0,1.668,1.662,1.641,1.606,1.557,1.495,1.42,1.333,1.235,1.126,1.008,0.8811,0.7476,0.609,0.4675,0.3266,0.193,0.08136
pal1,vulcan,600.0,1.629,1.622,1.601,1.567,1.519,1.459,1.386,1.301,1.205,1.099,0.9836,0.8601,0.7298,0.5944,0.4563,0.3187,0.1881,0.07889
pal1,vulcan,605.0,1.648,1.641,1.62,1.585,1.537,1.476,1.402,1.316,1.219,1.112,0.9956,0.8708,0.7391,0.6023,0.4625,0.3232,0.1909,0.07993
pal1,vulcan,610.0,1.626,1.619,1.599,1.565,1.517,1.457,1.384,1.3,1.205,1.099,0.984,0.861,0.7312,0.5963,0.4584,0.3209,0.1899,0.07973
pal1,vulcan,615.0,1.587,1.58,1.56,1.527,1.481,1.421,1.352,1.269,1.176,1.074,0.9617,0.8419,0.7154,0.5839,0.4494,0.3151,0.187,0.07874
pal1,vulcan,620.0,1.609,1.603,1.582,1.549,1.502,1.443,1.371,1.288,1.194,1.09,0.9765,0.8552,0.7271,0.5939,0.4575,0.3213,0.191,0.08064
pal1,vulcan,625.0,1.574,1.568,1.548,1.515,1.47,1.412,1.342,1.261,1.169,1.067,0.9564,0.8379,0.7128,0.5825,0.4492,0.3158,0.1881,0.07952
pal1,vulcan,630.0,1.576,1.57,1.55,1.517,1.471,1.413,1.344,1.262,1.171,1.069,0.9585,0.84,0.7149,0.5847,0.4512,0.3177,0.1896,0.08029
pal1,vulcan,635.0,1.565,1.558,1.538,1.506,1.461,1.403,1.334,1.254,1.163,1.062,0.9526,0.8352,0.7111,0.582,0.4496,0.3169,0.1895,0.08044
pal1,vulcan,640.0,1.546,1.54,1.52,1.488,1.444,1.387,1.319,1.24,1.15,1.05,0.9424,0.8265,0.7041,0.5766,0.4459,0.3148,0.1886,0.08024
pal1,vulcan,644.8,1.537,1.53,1.511,1.479,1.435,1.379,1.311,1.233,1.144,1.045,0.9377,0.8227,0.7012,0.5745,0.4446,0.3143,0.1886,0.08042
pal1,vulcan,651.05,1.517,1.511,1.492,1.46,1.417,1.362,1.295,1.217,1.13,1.032,0.9268,0.8134,0.6936,0.5687,0.4406,0.3118,0.1875,0.08009
pal1,vulcan,660.0,1.439,1.433,1.415,1.385,1.344,1.292,1.229,1.155,1.072,0.9805,0.8805,0.7732,0.6598,0.5416,0.4201,0.2979,0.1797,0.07695
pal1,vulcan,670.0,1.476,1.47,1.452,1.421,1.379,1.326,1.261,1.186,1.101,1.007,0.905,0.7953,0.6791,0.558,0.4335,0.3081,0.1864,0.08008
pal1,vulcan,680.0,1.449,1.443,1.425,1.395,1.354,1.302,1.239,1.165,1.082,0.99,0.8898,0.7823,0.6685,0.5498,0.4277,0.3045,0.1847,0.07957
pal1,vulcan,690.0,1.428,1.422,1.404,1.375,1.335,1.283,1.221,1.149,1.067,0.9766,0.878,0.7723,0.6604,0.5436,0.4233,0.3019,0.1836,0.07924
pal1,vulcan,700.0,1.403,1.397,1.38,1.351,1.311,1.261,1.2,1.129,1.049,0.9604,0.8638,0.7601,0.6504,0.5357,0.4177,0.2984,0.1819,0.07868
pal1,vulcan,710.0,1.369,1.364,1.347,1.319,1.281,1.231,1.172,1.103,1.025,0.9386,0.8444,0.7433,0.6363,0.5245,0.4093,0.2928,0.1788,0.07743
pal1,vulcan,720.0,1.324,1.319,1.303,1.276,1.238,1.191,1.134,1.067,0.9918,0.9083,0.8174,0.7198,0.6165,0.5085,0.3971,0.2844,0.174,0.07541
pal1,vulcan,730.0,1.293,1.288,1.272,1.246,1.21,1.163,1.108,1.043,0.9693,0.8879,0.7992,0.704,0.6032,0.4978,0.3892,0.2791,0.1711,0.07422
pal1,waccm,120.7,0.0,0.0,0.0,0.0,0.0,0.0,0.0,0.0,0.0,0.0,0.0,0.0,0.0,0.0,0.0,0.0,0.0,0.0
pal1,waccm,121.65,0.0,0.0,0.0,0.0,0.0,0.0,0.0,0.0,0.0,0.0,0.0,0.0,0.0,0.0,0.0,0.0,0.0,0.0
pal1,waccm,122.1,0.0,0.0,0.0,0.0,0.0,0.0,0.0,0.0,0.0,0.0,0.0,0.0,0.0,0.0,0.0,0.0,0.0,0.0
pal1,waccm,122.7,0.0,0.0,0.0,0.0,0.0,0.0,0.0,0.0,0.0,0.0,0.0,0.0,0.0,0.0,0.0,0.0,0.0,0.0
pal1,waccm,123.45,0.0,0.0,0.0,0.0,0.0,0.0,0.0,0.0,0.0,0.0,0.0,0.0,0.0,0.0,0.0,0.0,0.0,0.0
pal1,waccm,124.2,0.0,0.0,0.0,0.0,0.0,0.0,0.0,0.0,0.0,0.0,0.0,0.0,0.0,0.0,0.0,0.0,0.0,0.0
pal1,waccm,125.0,0.0,0.0,0.0,0.0,0.0,0.0,0.0,0.0,0.0,0.0,0.0,0.0,0.0,0.0,0.0,0.0,0.0,0.0
pal1,waccm,125.8,0.0,0.0,0.0,0.0,0.0,0.0,0.0,0.0,0.0,0.0,0.0,0.0,0.0,0.0,0.0,0.0,0.0,0.0
pal1,waccm,126.6,0.0,0.0,0.0,0.0,0.0,0.0,0.0,0.0,0.0,0.0,0.0,0.0,0.0,0.0,0.0,0.0,0.0,0.0
pal1,waccm,127.8,0.0,0.0,0.0,0.0,0.0,0.0,0.0,0.0,0.0,0.0,0.0,0.0,0.0,0.0,0.0,0.0,0.0,0.0
pal1,waccm,129.0,0.0,0.0,0.0,0.0,0.0,0.0,0.0,0.0,0.0,0.0,0.0,0.0,0.0,0.0,0.0,0.0,0.0,0.0
pal1,waccm,129.85,0.0,0.0,0.0,0.0,0.0,0.0,0.0,0.0,0.0,0.0,0.0,0.0,0.0,0.0,0.0,0.0,0.0,0.0
pal1,waccm,131.15,0.0,0.0,0.0,0.0,0.0,0.0,0.0,0.0,0.0,0.0,0.0,0.0,0.0,0.0,0.0,0.0,0.0,0.0
pal1,waccm,133.5,0.0,0.0,0.0,0.0,0.0,0.0,0.0,0.0,0.0,0.0,0.0,0.0,0.0,0.0,0.0,0.0,0.0,0.0
pal1,waccm,136.0,0.0,0.0,0.0,0.0,0.0,0.0,0.0,0.0,0.0,0.0,0.0,0.0,0.0,0.0,0.0,0.0,0.0,0.0
pal1,waccm,141.0,0.0,0.0,0.0,0.0,0.0,0.0,0.0,0.0,0.0,0.0,0.0,0.0,0.0,0.0,0.0,0.0,0.0,0.0
pal1,waccm,150.0,0.0,0.0,0.0,0.0,0.0,0.0,0.0,0.0,0.0,0.0,0.0,0.0,0.0,0.0,0.0,0.0,0.0,0.0
pal1,waccm,160.0,0.0,0.0,0.0,0.0,0.0,0.0,0.0,0.0,0.0,0.0,0.0,0.0,0.0,0.0,0.0,0.0,0.0,0.0
pal1,waccm,167.5,0.0,0.0,0.0,0.0,0.0,0.0,0.0,0.0,0.0,0.0,0.0,0.0,0.0,0.0,0.0,0.0,0.0,0.0
pal1,waccm,172.7,0.0,0.0,0.0,0.0,0.0,0.0,0.0,0.0,0.0,0.0,0.0,0.0,0.0,0.0,0.0,0.0,0.0,0.0
pal1,waccm,176.2,0.0,0.0,0.0,0.0,0.0,0.0,0.0,0.0,0.0,0.0,0.0,0.0,0.0,0.0,0.0,0.0,0.0,0.0
pal1,waccm,177.8,0.0,0.0,0.0,0.0,0.0,0.0,0.0,0.0,0.0,0.0,0.0,0.0,0.0,0.0,0.0,0.0,0.0,0.0
pal1,waccm,179.4,0.0,0.0,0.0,0.0,0.0,0.0,0.0,0.0,0.0,0.0,0.0,0.0,0.0,0.0,0.0,0.0,0.0,0.0
pal1,waccm,181.0,0.0,0.0,0.0,0.0,0.0,0.0,0.0,0.0,0.0,0.0,0.0,0.0,0.0,0.0,0.0,0.0,0.0,0.0
pal1,waccm,182.65,0.0,0.0,0.0,0.0,0.0,0.0,0.0,0.0,0.0,0.0,0.0,0.0,0.0,0.0,0.0,0.0,0.0,0.0
pal1,waccm,184.35,0.0,0.0,0.0,0.0,0.0,0.0,0.0,0.0,0.0,0.0,0.0,0.0,0.0,0.0,0.0,0.0,0.0,0.0
pal1,waccm,186.05,0.0,0.0,0.0,0.0,0.0,0.0,0.0,0.0,0.0,0.0,0.0,0.0,0.0,0.0,0.0,0.0,0.0,0.0
pal1,waccm,187.8,0.0,0.0,0.0,0.0,0.0,0.0,0.0,0.0,0.0,0.0,0.0,0.0,0.0,0.0,0.0,0.0,0.0,0.0
pal1,waccm,189.6,0.0,0.0,0.0,0.0,0.0,0.0,0.0,0.0,0.0,0.0,0.0,0.0,0.0,0.0,0.0,0.0,0.0,0.0
pal1,waccm,191.4,0.0,0.0,0.0,0.0,0.0,0.0,0.0,0.0,0.0,0.0,0.0,0.0,0.0,0.0,0.0,0.0,0.0,0.0
pal1,waccm,193.25,0.0,0.0,0.0,0.0,0.0,0.0,0.0,0.0,0.0,0.0,0.0,0.0,0.0,0.0,0.0,0.0,0.0,0.0
pal1,waccm,195.15,0.0,0.0,0.0,0.0,0.0,0.0,0.0,0.0,0.0,0.0,0.0,0.0,0.0,0.0,0.0,0.0,0.0,0.0
pal1,waccm,197.05,0.0,0.0,0.0,0.0,0.0,0.0,0.0,0.0,0.0,0.0,0.0,0.0,0.0,0.0,0.0,0.0,0.0,0.0
pal1,waccm,199.0,0.0,0.0,0.0,0.0,0.0,0.0,0.0,0.0,0.0,0.0,0.0,0.0,0.0,0.0,0.0,0.0,0.0,0.0
pal1,waccm,201.0,0.0,0.0,0.0,0.0,0.0,0.0,0.0,0.0,0.0,0.0,0.0,0.0,0.0,0.0,0.0,0.0,0.0,0.0
pal1,waccm,203.05,0.0,0.0,0.0,0.0,0.0,0.0,0.0,0.0,0.0,0.0,0.0,0.0,0.0,0.0,0.0,0.0,0.0,0.0
pal1,waccm,205.15,0.0,0.0,0.0,0.0,0.0,0.0,0.0,0.0,0.0,0.0,0.0,0.0,0.0,0.0,0.0,0.0,0.0,0.0
pal1,waccm,207.2665,1.632e-19,1.403e-19,8.859e-20,4.04e-20,1.291e-20,2.759e-21,3.693e-22,2.826e-23,1.098e-24,1.935e-26,2.211e-28,1.871e-29,7.302e-30,3.908e-30,2.302e-30,1.374e-30,7.727e-31,3.589e-31
pal1,waccm,209.4295,1.762e-18,1.525e-18,9.845e-19,4.66e-19,1.572e-19,3.617e-20,5.332e-21,4.619e-22,2.104e-23,4.55e-25,6.589e-27,5.893e-28,2.283e-28,1.221e-28,7.203e-29,4.311e-29,2.432e-29,1.132e-29
pal1,waccm,211.646,2.572e-17,2.246e-17,1.488e-17,7.361e-18,2.649e-18,6.653e-19,1.1e-19,1.106e-20,6.095e-22,1.689e-23,3.31e-25,3.268e-26,1.261e-26,6.74e-27,3.991e-27,2.401e-27,1.361e-27,6.363e-28
pal1,waccm,213.91,1.582e-16,1.39e-16,9.39e-17,4.805e-17,1.816e-17,4.875e-18,8.796e-19,9.89e-20,6.297e-21,2.1e-22,5.077e-24,5.218e-25,1.981e-25,1.056e-25,6.274e-26,3.796e-26,2.167e-26,1.019e-26
pal1,waccm,216.2225,9.242e-16,8.18e-16,5.646e-16,2.998e-16,1.196e-16,3.453e-17,6.855e-18,8.721e-19,6.511e-20,2.67e-21,8.205e-23,8.947e-24,3.335e-24,1.772e-24,1.058e-24,6.456e-25,3.722e-25,1.764e-25
pal1,waccm,218.5855,1.067e-14,9.521e-15,6.746e-15,3.746e-15,1.594e-15,5.03e-16,1.122e-16,1.659e-17,1.505e-18,7.978e-20,3.331e-21,4.015e-22,1.47e-22,7.788e-23,4.686e-23,2.893e-23,1.692e-23,8.126e-24
pal1,waccm,221.001,6.278e-14,5.642e-14,4.079e-14,2.346e-14,1.05e-14,3.551e-15,8.672e-16,1.443e-16,1.525e-17,9.857e-19,5.13e-20,6.456e-21,2.286e-21,1.204e-21,7.304e-22,4.571e-22,2.716e-22,1.326e-22
pal1,waccm,223.4705,3.947e-13,3.569e-13,2.63e-13,1.561e-13,7.329e-14,2.641e-14,7.017e-15,1.302e-15,1.586e-16,1.232e-17,7.793e-19,1.005e-19,3.407e-20,1.782e-20,1.092e-20,6.939e-21,4.202e-21,2.092e-21
pal1,waccm,225.996,1.893e-12,1.724e-12,1.298e-12,7.997e-13,3.961e-13,1.536e-13,4.497e-14,9.469e-15,1.36e-15,1.308e-16,1.035e-17,1.392e-18,4.494e-19,2.335e-19,1.449e-19,9.382e-20,5.812e-20,2.97e-20
pal1,waccm,228.579,7.978e-12,7.306e-12,5.594e-12,3.548e-12,1.834e-12,7.536e-13,2.381e-13,5.54e-14,9.06e-15,1.026e-15,9.433e-17,1.257e-17,3.8e-18,1.962e-18,1.235e-18,8.159e-19,5.175e-19,2.72e-19
pal1,waccm,231.2215,2.22e-11,2.041e-11,1.581e-11,1.023e-11,5.449e-12,2.332e-12,7.778e-13,1.941e-13,3.471e-14,4.366e-15,4.335e-16,5.455e-17,1.522e-17,7.827e-18,5.003e-18,3.367e-18,2.183e-18,1.179e-18
pal1,waccm,233.926,3.49e-11,3.218e-11,2.514e-11,1.651e-11,8.979e-12,3.956e-12,1.371e-12,3.592e-13,6.826e-14,9.166e-15,9.349e-16,1.074e-16,2.737e-17,1.407e-17,9.136e-18,6.257e-18,4.142e-18,2.296e-18
pal1,waccm,236.6945,6.844e-11,6.323e-11,4.971e-11,3.3e-11,1.823e-11,8.205e-12,2.923e-12,7.933e-13,1.571e-13,2.19e-14,2.223e-15,2.28e-16,5.281e-17,2.726e-17,1.797e-17,1.251e-17,8.435e-18,4.791e-18
pal1,waccm,239.5295,2.909e-10,2.705e-10,2.171e-10,1.492e-10,8.672e-11,4.18e-11,1.628e-11,4.947e-12,1.123e-12,1.821e-13,2.089e-14,2.126e-15,4.553e-16,2.362e-16,1.584e-16,1.125e-16,7.783e-17,4.591e-17
pal1,waccm,242.433,4.289e-09,4.023e-09,3.313e-09,2.379e-09,1.473e-09,7.725e-10,3.349e-10,1.16e-10,3.069e-11,5.869e-12,7.758e-13,8.157e-14,1.631e-14,8.486e-15,5.793e-15,4.201e-15,2.987e-15,1.843e-15
pal1,waccm,245.408,1.026e-09,9.576e-10,7.759e-10,5.42e-10,3.223e-10,1.6e-10,6.454e-11,2.036e-11,4.777e-12,7.813e-13,8.409e-14,6.875e-15,1.23e-15,6.474e-16,4.446e-16,3.235e-16,2.303e-16,1.417e-16
pal1,waccm,248.457,3.207e-10,2.979e-10,2.381e-10,1.625e-10,9.342e-11,4.429e-11,1.681e-11,4.902e-12,1.039e-12,1.488e-13,1.343e-14,8.796e-16,1.427e-16,7.583e-17,5.229e-17,3.814e-17,2.717e-17,1.668e-17
pal1,waccm,251.5825,1.66e-10,1.538e-10,1.22e-10,8.225e-11,4.641e-11,2.145e-11,7.873e-12,2.198e-12,4.399e-13,5.845e-14,4.765e-15,2.717e-16,4.101e-17,2.183e-17,1.508e-17,1.101e-17,7.843e-18,4.809e-18
pal1,waccm,254.7875,1.853e-10,1.715e-10,1.357e-10,9.099e-11,5.096e-11,2.332e-11,8.442e-12,2.314e-12,4.52e-13,5.808e-14,4.511e-15,2.384e-16,3.401e-17,1.806e-17,1.247e-17,9.103e-18,6.487e-18,3.979e-18
pal1,waccm,258.075,5.964e-10,5.532e-10,4.404e-10,2.984e-10,1.697e-10,7.925e-11,2.946e-11,8.351e-12,1.7e-12,2.299e-13,1.898e-14,1.058e-15,1.477e-16,7.729e-17,5.319e-17,3.879e-17,2.765e-17,1.701e-17
pal1,waccm,261.449,1.23e-09,1.145e-09,9.221e-10,6.371e-10,3.726e-10,1.808e-10,7.06e-11,2.131e-11,4.696e-12,7.017e-13,6.553e-14,4.162e-15,5.82e-16,2.975e-16,2.036e-16,1.481e-16,1.056e-16,6.525e-17
pal1,waccm,264.9125,1.573e-08,1.474e-08,1.208e-08,8.607e-09,5.265e-09,2.713e-09,1.147e-09,3.827e-10,9.586e-11,1.684e-11,1.928e-12,1.536e-13,2.238e-14,1.101e-14,7.459e-15,5.402e-15,3.85e-15,2.394e-15
pal1,waccm,268.4685,1.375e-07,1.298e-07,1.09e-07,8.092e-08,5.255e-08,2.936e-08,1.379e-08,5.27e-09,1.568e-09,3.425e-10,5.168e-11,5.64e-12,9.03e-13,4.184e-13,2.79e-13,2.005e-13,1.426e-13,8.929e-14
pal1,waccm,272.1215,1.3e-06,1.239e-06,1.068e-06,8.303e-07,5.762e-07,3.523e-07,1.861e-07,8.265e-08,2.977e-08,8.295e-09,1.702e-09,2.643e-10,4.915e-11,2.11e-11,1.37e-11,9.729e-12,6.887e-12,4.335e-12
pal1,waccm,275.8755,1.4e-05,1.346e-05,1.195e-05,9.747e-06,7.259e-06,4.883e-06,2.922e-06,1.523e-06,6.721e-07,2.424e-07,6.889e-08,1.556e-08,3.587e-09,1.424e-09,8.811e-10,6.137e-10,4.299e-10,2.71e-10
pal1,waccm,279.734,9.378e-05,9.094e-05,8.286e-05,7.071e-05,5.623e-05,3.936e-05,2.775e-05,1.677e-05,8.937e-06,4.09e-06,1.566e-06,4.991e-07,1.48e-07,5.672e-08,3.24e-08,2.188e-08,1.504e-08,9.425e-09
pal1,waccm,283.702,0.001391,0.001376,0.001283,0.001139,0.0009591,0.0007618,0.0005662,0.0003895,0.0002445,0.0001376,6.803e-05,2.923e-05,1.128e-05,4.552e-06,2.353e-06,1.5e-06,1e-06,6.151e-07
pal1,waccm,287.7845,0.01008,0.009909,0.009412,0.008624,0.007604,0.006426,0.005177,0.003948,0.002821,0.001867,0.001127,0.0006132,0.0003004,0.0001386,6.819e-05,3.952e-05,2.503e-05,1.484e-05
pal1,waccm,291.9865,0.05468,0.054,0.052,0.04877,0.04448,0.03934,0.03363,0.02764,0.02171,0.01615,0.01127,0.007283,0.004317,0.00235,0.001217,0.0006519,0.0003782,0.0002113
pal1,waccm,296.309,0.1128,0.1117,0.1085,0.1034,0.09643,0.08791,0.07813,0.06748,0.05638,0.0453,0.03474,0.02519,0.01707,0.0107,0.00618,0.00335,0.001785,0.0009137
pal1,waccm,300.5,0.1591,0.1579,0.1543,0.1483,0.1401,0.13,0.1182,0.1051,0.09103,0.07647,0.06196,0.04806,0.03533,0.02432,0.01546,0.008958,0.004711,0.002214
pal1,waccm,303.0,0.2614,0.2596,0.2541,0.2446,0.233,0.2177,0.1998,0.1797,0.1579,0.1351,0.1119,0.08921,0.06782,0.04861,0.03234,0.01957,0.0105,0.004783
pal1,waccm,304.0,0.2537,0.252,0.2469,0.2384,0.2268,0.2123,0.1953,0.1762,0.1553,0.1335,0.1112,0.08919,0.06835,0.04946,0.03327,0.02037,0.01101,0.004984
pal1,waccm,305.0,0.2983,0.2963,0.2904,0.2808,0.2676,0.2511,0.2316,0.2096,0.1857,0.1604,0.1345,0.1088,0.08425,0.06173,0.04215,0.02622,0.01435,0.006468
pal1,waccm,306.0,0.2548,0.2531,0.2482,0.2402,0.2291,0.2153,0.1987,0.1805,0.1603,0.139,0.1171,0.09522,0.07421,0.05481,0.03778,0.02376,0.01311,0.005899
pal1,waccm,307.0,0.2963,0.2944,0.2888,0.2797,0.2671,0.2513,0.2327,0.2117,0.1886,0.1641,0.1389,0.1136,0.08918,0.06645,0.04629,0.02945,0.01643,0.007395
pal1,waccm,308.0,0.3164,0.3144,0.3086,0.2991,0.2858,0.2694,0.2499,0.2278,0.2035,0.1777,0.151,0.1242,0.09813,0.0737,0.05184,0.03336,0.01881,0.008484
pal1,waccm,309.0,0.3119,0.3095,0.3043,0.295,0.2822,0.2662,0.2472,0.2256,0.2019,0.1766,0.1505,0.1241,0.0984,0.07422,0.05248,0.03398,0.01928,0.008704
pal1,waccm,310.0,0.2787,0.277,0.2721,0.2639,0.2527,0.2387,0.2221,0.2031,0.1823,0.1601,0.137,0.1136,0.09066,0.06897,0.04927,0.0323,0.01857,0.008438
pal1,waccm,311.0,0.4509,0.4482,0.4403,0.4273,0.4094,0.3869,0.3602,0.3298,0.2964,0.2606,0.2234,0.1857,0.1486,0.1134,0.08137,0.05359,0.03097,0.01411
pal1,waccm,312.0,0.3806,0.3784,0.3719,0.361,0.3461,0.3273,0.3051,0.2798,0.2518,0.2219,0.1907,0.159,0.1278,0.09799,0.07072,0.04692,0.02734,0.01252
pal1,waccm,313.0,0.403,0.4007,0.3938,0.3825,0.3669,0.3473,0.324,0.2975,0.2683,0.2369,0.2041,0.1707,0.1377,0.1061,0.077,0.05146,0.03024,0.01393
pal1,waccm,314.0,0.4312,0.4287,0.4215,0.4094,0.3929,0.372,0.3473,0.319,0.2879,0.2544,0.2194,0.1837,0.1484,0.1146,0.08334,0.05584,0.0329,0.01518
pal1,waccm,316.0,0.4087,0.4064,0.3996,0.3885,0.3731,0.3537,0.3307,0.3044,0.2753,0.244,0.2112,0.1777,0.1443,0.1121,0.08227,0.0557,0.03325,0.01551
pal1,waccm,320.0,0.4831,0.4805,0.4727,0.4599,0.4421,0.4198,0.3932,0.3627,0.329,0.2926,0.2543,0.2149,0.1756,0.1374,0.1017,0.0696,0.04211,0.01992
pal1,waccm,325.0,0.581,0.5779,0.5688,0.5537,0.5328,0.5065,0.4751,0.4391,0.3992,0.356,0.3104,0.2635,0.2163,0.1702,0.1268,0.08749,0.05352,0.02565
pal1,waccm,330.0,0.7037,0.7,0.6891,0.671,0.6461,0.6147,0.5771,0.534,0.4861,0.4343,0.3794,0.3226,0.2655,0.2095,0.1565,0.1083,0.06657,0.03211
pal1,waccm,335.0,0.6606,0.6572,0.647,0.6303,0.6071,0.5779,0.543,0.5029,0.4583,0.4099,0.3586,0.3055,0.2518,0.199,0.1489,0.1033,0.06362,0.03081
pal1,waccm,340.0,0.7144,0.7108,0.6999,0.682,0.6572,0.6258,0.5884,0.5453,0.4974,0.4452,0.3899,0.3325,0.2744,0.2171,0.1626,0.1128,0.06949,0.03371
pal1,waccm,345.0,0.7031,0.6996,0.689,0.6715,0.6472,0.6166,0.58,0.5379,0.4909,0.4398,0.3855,0.3291,0.2718,0.2152,0.1612,0.1118,0.06887,0.03343
pal1,waccm,350.0,0.736,0.7323,0.7213,0.7031,0.6779,0.6461,0.608,0.5641,0.5152,0.4619,0.4052,0.3461,0.2861,0.2267,0.1698,0.1177,0.0724,0.03513
pal1,waccm,355.0,0.7782,0.7744,0.7628,0.7437,0.7172,0.6838,0.6438,0.5977,0.5462,0.49,0.4302,0.3678,0.3043,0.2412,0.1808,0.1252,0.07695,0.03734
pal1,waccm,360.0,0.7119,0.7084,0.6979,0.6805,0.6565,0.6261,0.5897,0.5477,0.5008,0.4497,0.3951,0.3381,0.2799,0.2221,0.1664,0.1152,0.07073,0.0343
pal1,waccm,365.0,0.9057,0.9012,0.888,0.866,0.8357,0.7972,0.7512,0.6981,0.6387,0.5738,0.5045,0.4321,0.358,0.2842,0.2131,0.1475,0.0904,0.04381
pal1,waccm,370.0,0.9422,0.9376,0.9239,0.9012,0.8698,0.83,0.7824,0.7275,0.6659,0.5987,0.5268,0.4515,0.3744,0.2975,0.2231,0.1543,0.09446,0.04575
pal1,waccm,375.0,0.8516,0.8475,0.8352,0.8148,0.7866,0.7509,0.708,0.6586,0.6032,0.5427,0.4779,0.4099,0.3402,0.2705,0.2029,0.1403,0.08577,0.0415
pal1,waccm,380.0,0.9795,0.9748,0.9607,0.9375,0.9052,0.8643,0.8153,0.7587,0.6953,0.6259,0.5516,0.4735,0.3933,0.3129,0.2349,0.1624,0.0991,0.0479
pal1,waccm,385.0,0.7388,0.7353,0.7248,0.7073,0.6831,0.6524,0.6157,0.5732,0.5255,0.4734,0.4174,0.3586,0.2981,0.2374,0.1783,0.1232,0.07509,0.03625
pal1,waccm,390.0,0.9653,0.9607,0.947,0.9243,0.8928,0.853,0.8052,0.75,0.688,0.62,0.5471,0.4704,0.3914,0.3119,0.2343,0.1619,0.09855,0.04751
pal1,waccm,395.0,0.7491,0.7456,0.735,0.7175,0.6932,0.6625,0.6255,0.5829,0.5349,0.4824,0.4259,0.3665,0.3052,0.2434,0.183,0.1264,0.07683,0.03699
pal1,waccm,400.0,1.391,1.385,1.365,1.333,1.288,1.231,1.163,1.084,0.9953,0.8981,0.7935,0.6833,0.5694,0.4545,0.3419,0.2362,0.1434,0.0689
pal1,waccm,405.0,1.419,1.412,1.393,1.36,1.314,1.256,1.187,1.107,1.017,0.918,0.8117,0.6994,0.5833,0.466,0.3507,0.2423,0.1469,0.07047
pal1,waccm,410.0,1.464,1.457,1.437,1.403,1.356,1.297,1.226,1.143,1.051,0.9491,0.8396,0.7241,0.6044,0.4832,0.3639,0.2515,0.1522,0.0729
pal1,waccm,415.0,1.526,1.518,1.497,1.462,1.414,1.352,1.279,1.193,1.097,0.9913,0.8775,0.7572,0.6325,0.5061,0.3815,0.2636,0.1594,0.07618
pal1,waccm,420.0,1.54,1.533,1.512,1.477,1.428,1.366,1.292,1.206,1.109,1.003,0.8882,0.767,0.6412,0.5135,0.3873,0.2677,0.1617,0.07711
pal1,waccm,425.0,1.471,1.464,1.444,1.41,1.364,1.305,1.235,1.153,1.061,0.9595,0.8503,0.7348,0.6147,0.4926,0.3719,0.2571,0.1552,0.07381
pal1,waccm,430.0,1.357,1.351,1.332,1.301,1.259,1.205,1.14,1.065,0.9801,0.887,0.7865,0.68,0.5694,0.4567,0.345,0.2386,0.1438,0.06827
pal1,waccm,435.0,1.575,1.568,1.547,1.511,1.462,1.4,1.325,1.238,1.14,1.032,0.9153,0.7919,0.6635,0.5326,0.4027,0.2786,0.1678,0.07945
pal1,waccm,440.0,1.621,1.614,1.592,1.555,1.505,1.441,1.364,1.275,1.174,1.063,0.944,0.8172,0.6852,0.5505,0.4165,0.2883,0.1735,0.08192
pal1,waccm,445.0,1.741,1.733,1.71,1.671,1.617,1.549,1.466,1.371,1.263,1.144,1.016,0.8803,0.7386,0.5939,0.4496,0.3114,0.1872,0.08819
pal1,waccm,450.0,1.852,1.844,1.819,1.778,1.72,1.648,1.56,1.459,1.345,1.219,1.083,0.9389,0.7883,0.6343,0.4806,0.333,0.2001,0.09401
pal1,waccm,455.0,1.813,1.805,1.78,1.74,1.684,1.614,1.528,1.429,1.318,1.195,1.063,0.9214,0.7742,0.6234,0.4727,0.3277,0.1968,0.0922
pal1,waccm,460.0,1.866,1.858,1.833,1.792,1.735,1.662,1.574,1.473,1.358,1.232,1.096,0.9509,0.7994,0.6441,0.4888,0.339,0.2034,0.09501
pal1,waccm,465.0,1.845,1.837,1.813,1.772,1.716,1.644,1.558,1.458,1.345,1.22,1.086,0.9426,0.7929,0.6394,0.4856,0.337,0.2021,0.09415
pal1,waccm,470.0,1.836,1.827,1.803,1.763,1.707,1.636,1.55,1.451,1.339,1.216,1.082,0.9398,0.791,0.6383,0.4852,0.3369,0.202,0.09383
pal1,waccm,475.0,1.857,1.849,1.825,1.784,1.728,1.656,1.569,1.469,1.356,1.232,1.097,0.9531,0.8027,0.6482,0.4931,0.3425,0.2053,0.09509
pal1,waccm,480.0,1.912,1.903,1.878,1.836,1.779,1.705,1.616,1.513,1.397,1.269,1.131,0.9829,0.8283,0.6692,0.5093,0.354,0.212,0.09783
pal1,waccm,485.0,1.737,1.729,1.707,1.669,1.616,1.549,1.469,1.376,1.271,1.155,1.029,0.8949,0.7545,0.61,0.4646,0.3231,0.1934,0.08902
pal1,waccm,490.0,1.809,1.801,1.777,1.738,1.684,1.614,1.531,1.434,1.325,1.204,1.073,0.934,0.7879,0.6375,0.4859,0.3381,0.2024,0.09292
pal1,waccm,495.0,1.843,1.835,1.811,1.771,1.716,1.645,1.56,1.462,1.351,1.228,1.095,0.9535,0.8048,0.6515,0.497,0.346,0.2071,0.0948
pal1,waccm,500.0,1.759,1.751,1.728,1.69,1.638,1.571,1.49,1.396,1.29,1.173,1.047,0.9114,0.7696,0.6234,0.4757,0.3314,0.1982,0.0904
pal1,waccm,505.0,1.789,1.781,1.758,1.719,1.665,1.597,1.515,1.42,1.313,1.194,1.065,0.9281,0.784,0.6353,0.4851,0.338,0.202,0.09175
pal1,waccm,510.0,1.774,1.766,1.743,1.705,1.652,1.584,1.503,1.409,1.303,1.185,1.058,0.922,0.7792,0.6318,0.4828,0.3366,0.2013,0.09119
pal1,waccm,515.0,1.644,1.637,1.616,1.581,1.532,1.469,1.394,1.307,1.209,1.1,0.9822,0.8563,0.7241,0.5875,0.4492,0.3134,0.1874,0.08467
pal1,waccm,520.0,1.691,1.684,1.662,1.626,1.575,1.511,1.434,1.345,1.244,1.132,1.011,0.882,0.7461,0.6056,0.4633,0.3234,0.1934,0.08711
pal1,waccm,525.0,1.698,1.69,1.669,1.632,1.582,1.518,1.441,1.351,1.25,1.138,1.016,0.8866,0.7503,0.6093,0.4663,0.3256,0.1946,0.08733
pal1,waccm,530.0,1.79,1.782,1.759,1.721,1.668,1.6,1.519,1.425,1.318,1.2,1.072,0.9358,0.7921,0.6434,0.4926,0.344,0.2054,0.0918
pal1,waccm,535.0,1.735,1.728,1.706,1.669,1.617,1.552,1.473,1.382,1.279,1.165,1.041,0.9084,0.7692,0.6251,0.4789,0.3346,0.1997,0.08899
pal1,waccm,540.0,1.737,1.73,1.707,1.67,1.619,1.554,1.475,1.384,1.281,1.167,1.043,0.9106,0.7714,0.6272,0.4808,0.3361,0.2007,0.08921
pal1,waccm,545.0,1.763,1.756,1.733,1.696,1.644,1.577,1.498,1.405,1.301,1.185,1.06,0.9255,0.7842,0.6379,0.4892,0.3422,0.2043,0.09052
pal1,waccm,550.0,1.769,1.761,1.739,1.701,1.649,1.583,1.503,1.411,1.306,1.19,1.064,0.9297,0.7881,0.6413,0.492,0.3443,0.2056,0.09084
pal1,waccm,555.0,1.756,1.749,1.726,1.689,1.638,1.572,1.493,1.401,1.297,1.183,1.058,0.9245,0.784,0.6383,0.4901,0.3432,0.2049,0.09025
pal1,waccm,560.0,1.713,1.706,1.684,1.648,1.598,1.534,1.457,1.367,1.266,1.154,1.033,0.9025,0.7656,0.6235,0.4788,0.3354,0.2002,0.08785
pal1,waccm,565.0,1.717,1.71,1.688,1.652,1.601,1.537,1.46,1.37,1.269,1.157,1.035,0.9053,0.7681,0.6257,0.4807,0.3367,0.2009,0.08784
pal1,waccm,570.0,1.708,1.701,1.679,1.643,1.593,1.529,1.453,1.364,1.263,1.152,1.031,0.9013,0.7649,0.6234,0.479,0.3357,0.2002,0.0873
pal1,waccm,575.0,1.737,1.73,1.708,1.671,1.62,1.556,1.478,1.388,1.285,1.172,1.049,0.9178,0.7791,0.6352,0.4884,0.3424,0.2043,0.08886
pal1,waccm,580.0,1.708,1.701,1.679,1.643,1.594,1.53,1.454,1.365,1.265,1.154,1.033,0.9037,0.7675,0.6261,0.4817,0.3381,0.2018,0.08773
pal1,waccm,585.0,1.709,1.701,1.68,1.644,1.594,1.531,1.454,1.366,1.266,1.155,1.034,0.9051,0.769,0.6276,0.4832,0.3394,0.2029,0.08812
pal1,waccm,590.0,1.648,1.641,1.621,1.586,1.538,1.477,1.404,1.318,1.222,1.115,0.9986,0.8743,0.7431,0.6067,0.4674,0.3285,0.1964,0.08522
pal1,waccm,595.0,1.682,1.675,1.654,1.619,1.57,1.508,1.433,1.346,1.247,1.138,1.02,0.8928,0.759,0.6199,0.4777,0.3359,0.2008,0.08689
pal1,waccm,600.0,1.643,1.636,1.615,1.581,1.533,1.472,1.399,1.314,1.218,1.112,0.9962,0.8724,0.7417,0.6059,0.467,0.3284,0.1963,0.08468
pal1,waccm,605.0,1.661,1.654,1.634,1.599,1.551,1.489,1.416,1.33,1.233,1.125,1.008,0.8833,0.7513,0.6139,0.4734,0.3332,0.1992,0.08583
pal1,waccm,610.0,1.639,1.632,1.611,1.577,1.53,1.469,1.397,1.312,1.217,1.111,0.9958,0.8725,0.7424,0.6071,0.4685,0.3301,0.1977,0.08519
pal1,waccm,615.0,1.598,1.592,1.572,1.538,1.492,1.433,1.363,1.28,1.187,1.084,0.9722,0.8522,0.7254,0.5935,0.4584,0.3233,0.1939,0.08366
pal1,waccm,620.0,1.62,1.613,1.593,1.559,1.513,1.453,1.382,1.298,1.204,1.1,0.9864,0.8649,0.7366,0.603,0.4661,0.3291,0.1976,0.0853
pal1,waccm,625.0,1.584,1.578,1.558,1.525,1.479,1.421,1.351,1.27,1.178,1.076,0.9655,0.8468,0.7215,0.5909,0.4571,0.323,0.1942,0.08384
pal1,waccm,630.0,1.585,1.579,1.559,1.526,1.48,1.422,1.353,1.271,1.179,1.078,0.967,0.8484,0.723,0.5925,0.4586,0.3244,0.1953,0.08434
pal1,waccm,635.0,1.573,1.566,1.547,1.514,1.469,1.412,1.342,1.262,1.171,1.07,0.9604,0.8428,0.7186,0.5891,0.4563,0.3231,0.1947,0.08416
pal1,waccm,640.0,1.553,1.547,1.528,1.496,1.451,1.394,1.326,1.247,1.157,1.058,0.9494,0.8334,0.7108,0.583,0.4519,0.3203,0.1933,0.0836
pal1,waccm,644.8,1.543,1.537,1.518,1.486,1.442,1.386,1.318,1.239,1.15,1.051,0.944,0.8289,0.7072,0.5804,0.4502,0.3193,0.193,0.08349
pal1,waccm,651.05,1.523,1.517,1.498,1.466,1.423,1.368,1.301,1.223,1.135,1.038,0.9325,0.819,0.6991,0.574,0.4455,0.3164,0.1914,0.08287
pal1,waccm,660.0,1.444,1.438,1.42,1.39,1.349,1.297,1.234,1.16,1.077,0.9852,0.8851,0.7778,0.6643,0.5458,0.4241,0.3016,0.1829,0.07921
pal1,waccm,670.0,1.48,1.474,1.456,1.426,1.383,1.33,1.265,1.19,1.105,1.011,0.9089,0.799,0.6828,0.5615,0.4368,0.3112,0.189,0.08198
pal1,waccm,680.0,1.452,1.446,1.428,1.399,1.357,1.305,1.242,1.168,1.085,0.9931,0.8928,0.7853,0.6714,0.5526,0.4303,0.307,0.1869,0.0811
pal1,waccm,690.0,1.43,1.424,1.407,1.378,1.337,1.286,1.224,1.151,1.07,0.9791,0.8805,0.7747,0.6628,0.5459,0.4255,0.3039,0.1854,0.08048
pal1,waccm,700.0,1.405,1.399,1.382,1.353,1.313,1.263,1.202,1.131,1.051,0.9623,0.8657,0.762,0.6522,0.5375,0.4194,0.3,0.1833,0.07963
pal1,waccm,710.0,1.371,1.365,1.349,1.321,1.282,1.233,1.174,1.105,1.027,0.9401,0.8459,0.7448,0.6378,0.5259,0.4107,0.2941,0.1799,0.07822
pal1,waccm,720.0,1.326,1.32,1.304,1.277,1.24,1.192,1.135,1.068,0.9931,0.9096,0.8187,0.7211,0.6177,0.5096,0.3983,0.2855,0.1749,0.07606
pal1,waccm,730.0,1.294,1.289,1.273,1.247,1.211,1.164,1.109,1.044,0.9702,0.8888,0.8001,0.705,0.6041,0.4987,0.39,0.2799,0.1718,0.07471
pal1,waccm_eq,120.7,0.0,0.0,0.0,0.0,0.0,0.0,0.0,0.0,0.0,0.0,0.0,0.0,0.0,0.0,0.0,0.0,0.0,0.0
pal1,waccm_eq,121.65,0.0,0.0,0.0,0.0,0.0,0.0,0.0,0.0,0.0,0.0,0.0,0.0,0.0,0.0,0.0,0.0,0.0,0.0
pal1,waccm_eq,122.1,0.0,0.0,0.0,0.0,0.0,0.0,0.0,0.0,0.0,0.0,0.0,0.0,0.0,0.0,0.0,0.0,0.0,0.0
pal1,waccm_eq,122.7,0.0,0.0,0.0,0.0,0.0,0.0,0.0,0.0,0.0,0.0,0.0,0.0,0.0,0.0,0.0,0.0,0.0,0.0
pal1,waccm_eq,123.45,0.0,0.0,0.0,0.0,0.0,0.0,0.0,0.0,0.0,0.0,0.0,0.0,0.0,0.0,0.0,0.0,0.0,0.0
pal1,waccm_eq,124.2,0.0,0.0,0.0,0.0,0.0,0.0,0.0,0.0,0.0,0.0,0.0,0.0,0.0,0.0,0.0,0.0,0.0,0.0
pal1,waccm_eq,125.0,0.0,0.0,0.0,0.0,0.0,0.0,0.0,0.0,0.0,0.0,0.0,0.0,0.0,0.0,0.0,0.0,0.0,0.0
pal1,waccm_eq,125.8,0.0,0.0,0.0,0.0,0.0,0.0,0.0,0.0,0.0,0.0,0.0,0.0,0.0,0.0,0.0,0.0,0.0,0.0
pal1,waccm_eq,126.6,0.0,0.0,0.0,0.0,0.0,0.0,0.0,0.0,0.0,0.0,0.0,0.0,0.0,0.0,0.0,0.0,0.0,0.0
pal1,waccm_eq,127.8,0.0,0.0,0.0,0.0,0.0,0.0,0.0,0.0,0.0,0.0,0.0,0.0,0.0,0.0,0.0,0.0,0.0,0.0
pal1,waccm_eq,129.0,0.0,0.0,0.0,0.0,0.0,0.0,0.0,0.0,0.0,0.0,0.0,0.0,0.0,0.0,0.0,0.0,0.0,0.0
pal1,waccm_eq,129.85,0.0,0.0,0.0,0.0,0.0,0.0,0.0,0.0,0.0,0.0,0.0,0.0,0.0,0.0,0.0,0.0,0.0,0.0
pal1,waccm_eq,131.15,0.0,0.0,0.0,0.0,0.0,0.0,0.0,0.0,0.0,0.0,0.0,0.0,0.0,0.0,0.0,0.0,0.0,0.0
pal1,waccm_eq,133.5,0.0,0.0,0.0,0.0,0.0,0.0,0.0,0.0,0.0,0.0,0.0,0.0,0.0,0.0,0.0,0.0,0.0,0.0
pal1,waccm_eq,136.0,0.0,0.0,0.0,0.0,0.0,0.0,0.0,0.0,0.0,0.0,0.0,0.0,0.0,0.0,0.0,0.0,0.0,0.0
pal1,waccm_eq,141.0,0.0,0.0,0.0,0.0,0.0,0.0,0.0,0.0,0.0,0.0,0.0,0.0,0.0,0.0,0.0,0.0,0.0,0.0
pal1,waccm_eq,150.0,0.0,0.0,0.0,0.0,0.0,0.0,0.0,0.0,0.0,0.0,0.0,0.0,0.0,0.0,0.0,0.0,0.0,0.0
pal1,waccm_eq,160.0,0.0,0.0,0.0,0.0,0.0,0.0,0.0,0.0,0.0,0.0,0.0,0.0,0.0,0.0,0.0,0.0,0.0,0.0
pal1,waccm_eq,167.5,0.0,0.0,0.0,0.0,0.0,0.0,0.0,0.0,0.0,0.0,0.0,0.0,0.0,0.0,0.0,0.0,0.0,0.0
pal1,waccm_eq,172.7,0.0,0.0,0.0,0.0,0.0,0.0,0.0,0.0,0.0,0.0,0.0,0.0,0.0,0.0,0.0,0.0,0.0,0.0
pal1,waccm_eq,176.2,0.0,0.0,0.0,0.0,0.0,0.0,0.0,0.0,0.0,0.0,0.0,0.0,0.0,0.0,0.0,0.0,0.0,0.0
pal1,waccm_eq,177.8,0.0,0.0,0.0,0.0,0.0,0.0,0.0,0.0,0.0,0.0,0.0,0.0,0.0,0.0,0.0,0.0,0.0,0.0
pal1,waccm_eq,179.4,0.0,0.0,0.0,0.0,0.0,0.0,0.0,0.0,0.0,0.0,0.0,0.0,0.0,0.0,0.0,0.0,0.0,0.0
pal1,waccm_eq,181.0,0.0,0.0,0.0,0.0,0.0,0.0,0.0,0.0,0.0,0.0,0.0,0.0,0.0,0.0,0.0,0.0,0.0,0.0
pal1,waccm_eq,182.65,0.0,0.0,0.0,0.0,0.0,0.0,0.0,0.0,0.0,0.0,0.0,0.0,0.0,0.0,0.0,0.0,0.0,0.0
pal1,waccm_eq,184.35,0.0,0.0,0.0,0.0,0.0,0.0,0.0,0.0,0.0,0.0,0.0,0.0,0.0,0.0,0.0,0.0,0.0,0.0
pal1,waccm_eq,186.05,0.0,0.0,0.0,0.0,0.0,0.0,0.0,0.0,0.0,0.0,0.0,0.0,0.0,0.0,0.0,0.0,0.0,0.0
pal1,waccm_eq,187.8,0.0,0.0,0.0,0.0,0.0,0.0,0.0,0.0,0.0,0.0,0.0,0.0,0.0,0.0,0.0,0.0,0.0,0.0
pal1,waccm_eq,189.6,0.0,0.0,0.0,0.0,0.0,0.0,0.0,0.0,0.0,0.0,0.0,0.0,0.0,0.0,0.0,0.0,0.0,0.0
pal1,waccm_eq,191.4,0.0,0.0,0.0,0.0,0.0,0.0,0.0,0.0,0.0,0.0,0.0,0.0,0.0,0.0,0.0,0.0,0.0,0.0
pal1,waccm_eq,193.25,0.0,0.0,0.0,0.0,0.0,0.0,0.0,0.0,0.0,0.0,0.0,0.0,0.0,0.0,0.0,0.0,0.0,0.0
pal1,waccm_eq,195.15,0.0,0.0,0.0,0.0,0.0,0.0,0.0,0.0,0.0,0.0,0.0,0.0,0.0,0.0,0.0,0.0,0.0,0.0
pal1,waccm_eq,197.05,0.0,0.0,0.0,0.0,0.0,0.0,0.0,0.0,0.0,0.0,0.0,0.0,0.0,0.0,0.0,0.0,0.0,0.0
pal1,waccm_eq,199.0,0.0,0.0,0.0,0.0,0.0,0.0,0.0,0.0,0.0,0.0,0.0,0.0,0.0,0.0,0.0,0.0,0.0,0.0
pal1,waccm_eq,201.0,0.0,0.0,0.0,0.0,0.0,0.0,0.0,0.0,0.0,0.0,0.0,0.0,0.0,0.0,0.0,0.0,0.0,0.0
pal1,waccm_eq,203.05,0.0,0.0,0.0,0.0,0.0,0.0,0.0,0.0,0.0,0.0,0.0,0.0,0.0,0.0,0.0,0.0,0.0,0.0
pal1,waccm_eq,205.15,0.0,0.0,0.0,0.0,0.0,0.0,0.0,0.0,0.0,0.0,0.0,0.0,0.0,0.0,0.0,0.0,0.0,0.0
pal1,waccm_eq,207.2665,1.799e-19,1.547e-19,9.781e-20,4.469e-20,1.432e-20,3.072e-21,4.133e-22,3.183e-23,1.247e-24,2.223e-26,2.583e-28,2.216e-29,8.635e-30,4.61e-30,2.715e-30,1.622e-30,9.129e-31,4.239e-31
pal1,waccm_eq,209.4295,1.99e-18,1.724e-18,1.114e-18,5.287e-19,1.79e-19,4.138e-20,6.138e-21,5.361e-22,2.468e-23,5.411e-25,8.005e-27,7.285e-28,2.817e-28,1.501e-28,8.852e-29,5.304e-29,2.996e-29,1.394e-29
pal1,waccm_eq,211.646,3.009e-17,2.629e-17,1.744e-17,8.658e-18,3.13e-18,7.91e-19,1.319e-19,1.339e-20,7.482e-22,2.111e-23,4.252e-25,4.291e-26,1.652e-26,8.79e-27,5.2e-27,3.132e-27,1.779e-27,8.315e-28
pal1,waccm_eq,213.91,1.94e-16,1.706e-16,1.155e-16,5.938e-17,2.257e-17,6.109e-18,1.114e-18,1.27e-19,8.227e-21,2.809e-22,7.038e-24,7.443e-25,2.817e-25,1.492e-25,8.855e-26,5.366e-26,3.071e-26,1.443e-26
pal1,waccm_eq,216.2225,1.208e-15,1.07e-15,7.41e-16,3.956e-16,1.59e-16,4.639e-17,9.339e-18,1.21e-18,9.243e-20,3.909e-21,1.259e-22,1.425e-23,5.291e-24,2.788e-24,1.661e-24,1.016e-24,5.874e-25,2.784e-25
pal1,waccm_eq,218.5855,1.515e-14,1.354e-14,9.632e-15,5.386e-15,2.316e-15,7.408e-16,1.682e-16,2.547e-17,2.383e-18,1.316e-19,5.841e-21,7.384e-22,2.692e-22,1.41e-22,8.458e-23,5.235e-23,3.073e-23,1.477e-23
pal1,waccm_eq,221.001,9.882e-14,8.896e-14,6.467e-14,3.752e-14,1.702e-14,5.86e-15,1.465e-15,2.513e-16,2.764e-17,1.886e-18,1.061e-19,1.42e-20,5.003e-21,2.595e-21,1.568e-21,9.843e-22,5.876e-22,2.87e-22
pal1,waccm_eq,223.4705,7.045e-13,6.385e-13,4.737e-13,2.845e-13,1.358e-13,5.008e-14,1.371e-14,2.646e-15,3.393e-16,2.827e-17,1.971e-18,2.749e-19,9.266e-20,4.751e-20,2.897e-20,1.848e-20,1.125e-20,5.605e-21
pal1,waccm_eq,225.996,3.934e-12,3.593e-12,2.728e-12,1.705e-12,8.631e-13,3.446e-13,1.048e-13,2.32e-14,3.558e-15,3.741e-16,3.342e-17,4.948e-18,1.588e-18,8.046e-19,4.967e-19,3.23e-19,2.013e-19,1.028e-19
pal1,waccm_eq,228.579,1.991e-11,1.83e-11,1.417e-11,9.151e-12,4.858e-12,2.071e-12,6.868e-13,1.702e-13,3.024e-14,3.829e-15,4.085e-16,6.129e-17,1.841e-17,9.212e-18,5.771e-18,3.83e-18,2.444e-18,1.283e-18
pal1,waccm_eq,231.2215,6.806e-11,6.285e-11,4.934e-11,3.267e-11,1.798e-11,8.053e-12,2.85e-12,7.689e-13,1.523e-13,2.197e-14,2.601e-15,3.78e-16,1.047e-16,5.19e-17,3.304e-17,2.236e-17,1.458e-17,7.848e-18
pal1,waccm_eq,233.926,1.344e-10,1.246e-10,9.892e-11,6.677e-11,3.78e-11,1.759e-11,6.551e-12,1.887e-12,4.056e-13,6.408e-14,8.025e-15,1.095e-15,2.766e-16,1.365e-16,8.839e-17,6.089e-17,4.052e-17,2.232e-17
pal1,waccm_eq,236.6945,3.372e-10,3.135e-10,2.513e-10,1.723e-10,9.984e-11,4.796e-11,1.861e-11,5.649e-12,1.293e-12,2.177e-13,2.794e-14,3.512e-15,8.043e-16,3.97e-16,2.614e-16,1.831e-16,1.24e-16,6.975e-17
pal1,waccm_eq,239.5295,1.903e-09,1.783e-09,1.464e-09,1.046e-09,6.431e-10,3.347e-10,1.442e-10,4.989e-11,1.338e-11,2.68e-12,3.977e-13,5.096e-14,1.079e-14,5.319e-15,3.568e-15,2.549e-15,1.769e-15,1.03e-15
pal1,waccm_eq,242.433,4.162e-08,3.938e-08,3.328e-08,2.498e-08,1.649e-08,9.435e-09,4.579e-09,1.831e-09,5.806e-10,1.352e-10,2.411e-11,3.265e-12,6.479e-13,3.176e-13,2.169e-13,1.582e-13,1.127e-13,6.841e-14
pal1,waccm_eq,245.408,1.212e-08,1.141e-08,9.511e-09,6.973e-09,4.447e-09,2.427e-09,1.107e-09,4.088e-10,1.169e-10,2.451e-11,3.569e-12,3.897e-13,6.872e-14,3.422e-14,2.355e-14,1.723e-14,1.227e-14,7.405e-15
pal1,waccm_eq,248.457,4.473e-09,4.197e-09,3.458e-09,2.485e-09,1.54e-09,8.077e-10,3.498e-10,1.207e-10,3.165e-11,5.924e-12,7.429e-13,6.716e-14,1.068e-14,5.389e-15,3.728e-15,2.734e-15,1.945e-15,1.167e-15
pal1,waccm_eq,251.5825,2.533e-09,2.372e-09,1.942e-09,1.38e-09,8.418e-10,4.322e-10,1.819e-10,6.047e-11,1.51e-11,2.65e-12,3.047e-13,2.451e-14,3.619e-15,1.83e-15,1.269e-15,9.312e-16,6.624e-16,3.963e-16
pal1,waccm_eq,254.7875,2.931e-09,2.742e-09,2.239e-09,1.585e-09,9.605e-10,4.888e-10,2.033e-10,6.655e-11,1.627e-11,2.755e-12,3.063e-13,2.313e-14,3.229e-15,1.627e-15,1.128e-15,8.278e-16,5.888e-16,3.521e-16
pal1,waccm_eq,258.075,8.733e-09,8.183e-09,6.718e-09,4.799e-09,2.946e-09,1.526e-09,6.49e-10,2.186e-10,5.537e-11,9.865e-12,1.147e-12,9.088e-14,1.248e-14,6.163e-15,4.257e-15,3.121e-15,2.222e-15,1.334e-15
pal1,waccm_eq,261.449,1.56e-08,1.467e-08,1.216e-08,8.828e-09,5.551e-09,2.969e-09,1.317e-09,4.681e-10,1.269e-10,2.461e-11,3.177e-12,2.821e-13,3.921e-14,1.873e-14,1.286e-14,9.405e-15,6.704e-15,4.054e-15
pal1,waccm_eq,264.9125,1.593e-07,1.505e-07,1.267e-07,9.448e-08,6.172e-08,3.477e-08,1.65e-08,6.39e-09,1.932e-09,4.097e-10,6.604e-11,7.14e-12,1.05e-12,4.762e-13,3.229e-13,2.353e-13,1.68e-13,1.026e-13
pal1,waccm_eq,268.4685,1.03e-06,9.802e-07,8.423e-07,6.505e-07,4.472e-07,2.7e-07,1.402e-07,6.095e-08,2.134e-08,5.724e-09,1.112e-09,1.578e-10,2.605e-11,1.096e-11,7.272e-12,5.258e-12,3.755e-12,2.323e-12
pal1,waccm_eq,272.1215,6.979e-06,6.689e-06,5.881e-06,4.723e-06,3.437e-06,2.241e-06,1.287e-06,6.36e-07,2.622e-07,8.653e-08,2.184e-08,4.207e-09,8.24e-10,3.183e-10,2.032e-10,1.451e-10,1.033e-10,6.469e-11
pal1,waccm_eq,275.8755,5.27e-05,5.092e-05,4.587e-05,3.84e-05,2.968e-05,2.1e-05,1.341e-05,7.6e-06,3.561e-06,1.533e-06,5.104e-07,1.361e-07,3.356e-08,1.212e-08,7.197e-09,5.025e-09,3.545e-09,2.239e-09
pal1,waccm_eq,279.734,0.0002536,0.0002469,0.0002275,0.0001979,0.0001618,0.0001234,8.703e-05,5.595e-05,3.221e-05,1.622e-05,6.962e-06,2.505e-06,7.974e-07,2.885e-07,1.535e-07,1.027e-07,7.114e-08,4.492e-08
pal1,waccm_eq,283.702,0.002848,0.00279,0.002622,0.002359,0.002025,0.001651,0.001269,0.0009091,0.0006033,0.0003623,0.0001935,9.031e-05,3.712e-05,1.479e-05,7.075e-06,4.349e-06,2.908e-06,1.808e-06
pal1,waccm_eq,287.7845,0.01613,0.01588,0.01516,0.01401,0.01251,0.01076,0.008856,0.00694,0.005131,0.003538,0.002243,0.001287,0.0006616,0.0003102,0.0001458,7.93e-05,4.942e-05,2.961e-05
pal1,waccm_eq,291.9865,0.07335,0.07251,0.07004,0.06604,0.06068,0.05423,0.04696,0.03923,0.03144,0.02397,0.01721,0.01149,0.00704,0.003919,0.002012,0.001023,0.0005665,0.0003162
pal1,waccm_eq,296.309,0.1341,0.1329,0.1294,0.1237,0.1158,0.1062,0.0951,0.08289,0.07005,0.05706,0.04448,0.03287,0.02273,0.01451,0.00844,0.004484,0.002274,0.001133
pal1,waccm_eq,300.5,0.1761,0.1748,0.171,0.1646,0.156,0.1452,0.1326,0.1185,0.1033,0.08744,0.07151,0.05607,0.04173,0.02908,0.01865,0.01077,0.005508,0.002483
pal1,waccm_eq,303.0,0.2808,0.2789,0.2733,0.264,0.2512,0.2353,0.2166,0.1955,0.1726,0.1484,0.1238,0.09943,0.07625,0.05514,0.03697,0.0224,0.01182,0.005181
pal1,waccm_eq,304.0,0.2706,0.2688,0.2635,0.2548,0.2427,0.2277,0.2079,0.19,0.1683,0.1453,0.1217,0.09832,0.07594,0.05541,0.03754,0.02302,0.01228,0.005358
pal1,waccm_eq,305.0,0.3152,0.3132,0.3071,0.2972,0.2836,0.2665,0.2464,0.2236,0.1988,0.1724,0.1453,0.1183,0.09219,0.06804,0.04676,0.02916,0.01579,0.006887
pal1,waccm_eq,306.0,0.2676,0.2659,0.2609,0.2526,0.2413,0.2271,0.2102,0.1912,0.1704,0.1482,0.1254,0.1026,0.08041,0.05979,0.04146,0.02614,0.0143,0.006244
pal1,waccm_eq,307.0,0.3092,0.3073,0.3016,0.2923,0.2794,0.2633,0.243,0.2226,0.1988,0.1736,0.1475,0.1212,0.09563,0.07167,0.0502,0.03203,0.01775,0.007777
pal1,waccm_eq,308.0,0.3283,0.3263,0.3204,0.3106,0.2972,0.2804,0.2605,0.2379,0.213,0.1865,0.159,0.1313,0.1042,0.07868,0.05561,0.03588,0.02014,0.008871
pal1,waccm_eq,309.0,0.3225,0.3206,0.3149,0.3054,0.2924,0.276,0.2567,0.2346,0.2104,0.1846,0.1577,0.1306,0.104,0.07878,0.05596,0.03633,0.02053,0.009073
pal1,waccm_eq,310.0,0.2864,0.2848,0.2798,0.2715,0.2602,0.2459,0.229,0.2098,0.1886,0.1659,0.1423,0.1184,0.09483,0.07242,0.05194,0.03413,0.01957,0.008739
pal1,waccm_eq,311.0,0.4623,0.4587,0.4516,0.4384,0.4203,0.3975,0.3704,0.3396,0.3057,0.2693,0.2314,0.1928,0.1548,0.1186,0.08537,0.05637,0.0325,0.01457
pal1,waccm_eq,312.0,0.3889,0.3867,0.38,0.3691,0.354,0.3351,0.3126,0.2869,0.2586,0.2282,0.1965,0.1643,0.1324,0.1018,0.07371,0.04901,0.02851,0.01288
pal1,waccm_eq,313.0,0.4103,0.408,0.4011,0.3897,0.374,0.3542,0.3307,0.3039,0.2743,0.2426,0.2093,0.1754,0.1418,0.1096,0.07974,0.0534,0.03134,0.01428
pal1,waccm_eq,314.0,0.4385,0.436,0.4287,0.4165,0.3998,0.3788,0.3539,0.3254,0.2939,0.26,0.2246,0.1884,0.1526,0.118,0.08609,0.05779,0.03403,0.01554
pal1,waccm_eq,316.0,0.4136,0.4113,0.4045,0.3933,0.3778,0.3583,0.3352,0.3087,0.2794,0.2479,0.2148,0.1809,0.1472,0.1146,0.0842,0.05709,0.03407,0.01579
pal1,waccm_eq,320.0,0.4865,0.4838,0.476,0.4631,0.4453,0.4229,0.3962,0.3657,0.3318,0.2952,0.2567,0.2172,0.1776,0.1391,0.1031,0.07062,0.04273,0.02014
pal1,waccm_eq,325.0,0.5828,0.5797,0.5706,0.5554,0.5345,0.5082,0.4768,0.4407,0.4007,0.3575,0.3118,0.2647,0.2174,0.1712,0.1276,0.08808,0.05389,0.02579
pal1,waccm_eq,330.0,0.7048,0.7011,0.6902,0.6721,0.6472,0.6157,0.5781,0.535,0.4871,0.4351,0.3802,0.3234,0.2662,0.2101,0.157,0.1087,0.06681,0.0322
pal1,waccm_eq,335.0,0.661,0.6576,0.6474,0.6307,0.6075,0.5783,0.5434,0.5033,0.4587,0.4103,0.3589,0.3058,0.252,0.1993,0.1491,0.1034,0.06371,0.03085
pal1,waccm_eq,340.0,0.7146,0.711,0.7001,0.6822,0.6574,0.626,0.5885,0.5455,0.4975,0.4454,0.3901,0.3326,0.2745,0.2172,0.1626,0.1128,0.06953,0.03373
pal1,waccm_eq,345.0,0.7032,0.6996,0.689,0.6715,0.6473,0.6167,0.58,0.5379,0.491,0.4399,0.3856,0.3291,0.2718,0.2153,0.1612,0.1118,0.06889,0.03344
pal1,waccm_eq,350.0,0.7361,0.7324,0.7214,0.7031,0.678,0.6461,0.608,0.5642,0.5152,0.462,0.4052,0.3462,0.2861,0.2267,0.1698,0.1177,0.07242,0.03514
pal1,waccm_eq,355.0,0.7783,0.7744,0.7628,0.7437,0.7173,0.6838,0.6438,0.5977,0.5462,0.4901,0.4302,0.3679,0.3043,0.2413,0.1808,0.1252,0.07696,0.03734
pal1,waccm_eq,360.0,0.7119,0.7084,0.6979,0.6805,0.6565,0.6261,0.5897,0.5478,0.5009,0.4497,0.3951,0.3381,0.2799,0.2221,0.1664,0.1152,0.07073,0.0343
pal1,waccm_eq,365.0,0.9057,0.9013,0.888,0.866,0.8357,0.7972,0.7512,0.6981,0.6387,0.5738,0.5046,0.4321,0.358,0.2842,0.2131,0.1475,0.0904,0.04381
pal1,waccm_eq,370.0,0.9422,0.9376,0.9239,0.9012,0.8698,0.83,0.7824,0.7275,0.6659,0.5987,0.5268,0.4515,0.3744,0.2975,0.2231,0.1543,0.09446,0.04575
pal1,waccm_eq,375.0,0.8516,0.8475,0.8352,0.8148,0.7866,0.7509,0.708,0.6586,0.6032,0.5427,0.4779,0.4099,0.3402,0.2705,0.2029,0.1403,0.08577,0.0415
pal1,waccm_eq,380.0,0.9795,0.9748,0.9607,0.9374,0.9052,0.8643,0.8153,0.7587,0.6953,0.6259,0.5515,0.4735,0.3933,0.3129,0.2349,0.1623,0.0991,0.0479
pal1,waccm_eq,385.0,0.7388,0.7353,0.7248,0.7073,0.6831,0.6524,0.6157,0.5732,0.5255,0.4734,0.4174,0.3586,0.2981,0.2374,0.1783,0.1232,0.07509,0.03625
pal1,waccm_eq,390.0,0.9653,0.9607,0.947,0.9243,0.8928,0.853,0.8052,0.7499,0.688,0.62,0.5471,0.4704,0.3914,0.3119,0.2343,0.1619,0.09855,0.04751
pal1,waccm_eq,395.0,0.7491,0.7456,0.735,0.7175,0.6932,0.6625,0.6255,0.5829,0.5349,0.4824,0.4259,0.3665,0.3052,0.2434,0.183,0.1264,0.07684,0.03699
pal1,waccm_eq,400.0,1.391,1.385,1.365,1.333,1.288,1.231,1.163,1.084,0.9953,0.8981,0.7935,0.6833,0.5694,0.4545,0.3419,0.2362,0.1434,0.0689
pal1,waccm_eq,405.0,1.419,1.412,1.393,1.36,1.314,1.256,1.187,1.107,1.017,0.9181,0.8117,0.6994,0.5833,0.466,0.3508,0.2423,0.1469,0.07048
pal1,waccm_eq,410.0,1.464,1.457,1.437,1.403,1.356,1.297,1.226,1.143,1.051,0.9491,0.8397,0.7241,0.6044,0.4832,0.3639,0.2515,0.1523,0.0729
pal1,waccm_eq,415.0,1.526,1.518,1.497,1.462,1.414,1.352,1.279,1.193,1.097,0.9913,0.8775,0.7572,0.6325,0.5061,0.3815,0.2636,0.1594,0.07618
pal1,waccm_eq,420.0,1.54,1.533,1.512,1.477,1.428,1.366,1.292,1.206,1.109,1.003,0.8882,0.767,0.6412,0.5135,0.3873,0.2677,0.1617,0.07712
pal1,waccm_eq,425.0,1.471,1.464,1.444,1.41,1.364,1.305,1.235,1.153,1.061,0.9595,0.8503,0.7348,0.6147,0.4927,0.3719,0.2571,0.1552,0.07381
pal1,waccm_eq,430.0,1.357,1.351,1.332,1.301,1.259,1.205,1.14,1.065,0.9802,0.887,0.7865,0.6801,0.5694,0.4567,0.345,0.2386,0.1439,0.06828
pal1,waccm_eq,435.0,1.575,1.568,1.547,1.511,1.462,1.4,1.325,1.238,1.14,1.032,0.9153,0.792,0.6636,0.5327,0.4027,0.2786,0.1678,0.07946
pal1,waccm_eq,440.0,1.621,1.614,1.592,1.555,1.505,1.441,1.364,1.275,1.174,1.064,0.944,0.8173,0.6852,0.5505,0.4165,0.2883,0.1735,0.08193
pal1,waccm_eq,445.0,1.741,1.734,1.71,1.671,1.617,1.549,1.466,1.371,1.263,1.144,1.016,0.8804,0.7387,0.5939,0.4497,0.3114,0.1873,0.0882
pal1,waccm_eq,450.0,1.852,1.844,1.819,1.778,1.721,1.648,1.561,1.459,1.345,1.219,1.083,0.939,0.7884,0.6344,0.4807,0.3331,0.2001,0.09403
pal1,waccm_eq,455.0,1.813,1.805,1.781,1.74,1.685,1.614,1.528,1.43,1.318,1.195,1.063,0.9215,0.7742,0.6234,0.4728,0.3278,0.1968,0.09222
pal1,waccm_eq,460.0,1.867,1.858,1.833,1.792,1.735,1.662,1.575,1.473,1.359,1.233,1.096,0.9511,0.7996,0.6443,0.4889,0.3391,0.2035,0.09505
pal1,waccm_eq,465.0,1.846,1.837,1.813,1.772,1.716,1.644,1.558,1.458,1.345,1.22,1.086,0.9427,0.793,0.6395,0.4857,0.3371,0.2022,0.09419
pal1,waccm_eq,470.0,1.836,1.828,1.803,1.763,1.707,1.636,1.55,1.451,1.339,1.216,1.082,0.9399,0.7912,0.6385,0.4853,0.337,0.2021,0.09388
pal1,waccm_eq,475.0,1.858,1.849,1.825,1.784,1.728,1.656,1.57,1.47,1.357,1.232,1.097,0.9533,0.8029,0.6484,0.4932,0.3427,0.2054,0.09515
pal1,waccm_eq,480.0,1.912,1.904,1.879,1.837,1.779,1.705,1.617,1.514,1.398,1.27,1.131,0.9832,0.8286,0.6695,0.5096,0.3542,0.2122,0.09793
pal1,waccm_eq,485.0,1.737,1.73,1.707,1.669,1.617,1.55,1.469,1.376,1.271,1.155,1.029,0.8952,0.7548,0.6103,0.4649,0.3233,0.1936,0.08912
pal1,waccm_eq,490.0,1.809,1.801,1.778,1.738,1.684,1.615,1.531,1.434,1.325,1.204,1.074,0.9343,0.7882,0.6378,0.4862,0.3383,0.2026,0.09303
pal1,waccm_eq,495.0,1.844,1.836,1.811,1.771,1.716,1.646,1.561,1.462,1.351,1.229,1.096,0.9538,0.8051,0.6518,0.4972,0.3463,0.2073,0.09492
pal1,waccm_eq,500.0,1.76,1.752,1.729,1.691,1.638,1.571,1.49,1.397,1.291,1.174,1.047,0.9119,0.77,0.6238,0.4761,0.3317,0.1985,0.09055
pal1,waccm_eq,505.0,1.789,1.782,1.758,1.72,1.666,1.598,1.516,1.421,1.313,1.195,1.066,0.9287,0.7846,0.6359,0.4856,0.3384,0.2024,0.09196
pal1,waccm_eq,510.0,1.774,1.767,1.743,1.705,1.652,1.585,1.504,1.41,1.303,1.186,1.059,0.9226,0.7798,0.6324,0.4833,0.3371,0.2016,0.0914
pal1,waccm_eq,515.0,1.645,1.638,1.617,1.581,1.532,1.47,1.395,1.308,1.209,1.101,0.9828,0.8569,0.7246,0.588,0.4497,0.3138,0.1877,0.08488
pal1,waccm_eq,520.0,1.692,1.685,1.663,1.626,1.576,1.512,1.435,1.346,1.245,1.133,1.012,0.8827,0.7467,0.6062,0.4639,0.3239,0.1937,0.08735
pal1,waccm_eq,525.0,1.699,1.691,1.669,1.633,1.583,1.519,1.441,1.352,1.251,1.139,1.017,0.8874,0.751,0.61,0.467,0.3262,0.195,0.08761
pal1,waccm_eq,530.0,1.791,1.783,1.76,1.722,1.669,1.602,1.52,1.426,1.319,1.201,1.073,0.9368,0.7931,0.6443,0.4935,0.3448,0.206,0.09217
pal1,waccm_eq,535.0,1.737,1.729,1.707,1.67,1.618,1.553,1.474,1.383,1.28,1.166,1.042,0.9095,0.7702,0.6261,0.4797,0.3354,0.2004,0.08939
pal1,waccm_eq,540.0,1.738,1.731,1.709,1.672,1.62,1.555,1.476,1.385,1.282,1.168,1.044,0.9117,0.7725,0.6282,0.4817,0.3369,0.2013,0.08962
pal1,waccm_eq,545.0,1.765,1.757,1.734,1.697,1.645,1.579,1.499,1.407,1.302,1.186,1.061,0.9267,0.7854,0.639,0.4902,0.3431,0.205,0.09097
pal1,waccm_eq,550.0,1.771,1.763,1.74,1.703,1.651,1.584,1.505,1.412,1.307,1.191,1.065,0.931,0.7893,0.6425,0.4931,0.3453,0.2063,0.09133
pal1,waccm_eq,555.0,1.758,1.75,1.728,1.691,1.639,1.574,1.494,1.403,1.299,1.184,1.059,0.9258,0.7853,0.6396,0.4912,0.3442,0.2057,0.09076
pal1,waccm_eq,560.0,1.715,1.708,1.686,1.649,1.599,1.535,1.458,1.369,1.268,1.156,1.034,0.904,0.767,0.6248,0.4801,0.3365,0.201,0.08841
pal1,waccm_eq,565.0,1.719,1.711,1.69,1.653,1.603,1.539,1.462,1.372,1.271,1.159,1.037,0.9069,0.7696,0.6272,0.482,0.338,0.2018,0.08846
pal1,waccm_eq,570.0,1.71,1.703,1.681,1.645,1.595,1.531,1.455,1.366,1.265,1.154,1.033,0.9031,0.7666,0.6249,0.4805,0.337,0.2013,0.08796
pal1,waccm_eq,575.0,1.739,1.732,1.71,1.673,1.622,1.558,1.48,1.39,1.287,1.174,1.051,0.9196,0.7809,0.6368,0.4899,0.3438,0.2054,0.08956
pal1,waccm_eq,580.0,1.71,1.703,1.681,1.645,1.596,1.532,1.456,1.367,1.267,1.155,1.035,0.9055,0.7692,0.6276,0.4831,0.3394,0.2029,0.08841
pal1,waccm_eq,585.0,1.71,1.703,1.682,1.646,1.596,1.533,1.456,1.368,1.267,1.156,1.036,0.9068,0.7706,0.6291,0.4846,0.3407,0.2039,0.08878
pal1,waccm_eq,590.0,1.65,1.643,1.622,1.588,1.54,1.479,1.405,1.32,1.223,1.116,1.0,0.8759,0.7446,0.6081,0.4687,0.3297,0.1974,0.08586
pal1,waccm_eq,595.0,1.684,1.677,1.656,1.62,1.572,1.509,1.434,1.347,1.249,1.14,1.021,0.8945,0.7607,0.6214,0.4792,0.3372,0.2019,0.08758
pal1,waccm_eq,600.0,1.645,1.638,1.617,1.583,1.535,1.474,1.401,1.316,1.22,1.114,0.998,0.8742,0.7435,0.6076,0.4686,0.3298,0.1975,0.08542
pal1,waccm_eq,605.0,1.664,1.657,1.636,1.601,1.553,1.491,1.418,1.332,1.235,1.127,1.01,0.8852,0.7531,0.6156,0.475,0.3346,0.2004,0.08658
pal1,waccm_eq,610.0,1.641,1.634,1.613,1.579,1.532,1.471,1.399,1.314,1.218,1.113,0.9975,0.8743,0.7441,0.6086,0.47,0.3314,0.1987,0.0859
pal1,waccm_eq,615.0,1.6,1.593,1.573,1.54,1.494,1.435,1.364,1.282,1.189,1.086,0.9738,0.8537,0.7269,0.5949,0.4598,0.3245,0.1949,0.0843
pal1,waccm_eq,620.0,1.622,1.615,1.595,1.561,1.514,1.455,1.383,1.3,1.206,1.101,0.9879,0.8663,0.738,0.6043,0.4673,0.3302,0.1985,0.08591
pal1,waccm_eq,625.0,1.586,1.579,1.559,1.526,1.481,1.423,1.353,1.271,1.18,1.078,0.9669,0.8482,0.7227,0.5921,0.4582,0.324,0.1951,0.0844
pal1,waccm_eq,630.0,1.587,1.58,1.56,1.527,1.482,1.424,1.354,1.273,1.181,1.079,0.9683,0.8496,0.7242,0.5936,0.4597,0.3254,0.1961,0.08487
pal1,waccm_eq,635.0,1.574,1.568,1.548,1.515,1.47,1.413,1.344,1.263,1.172,1.071,0.9615,0.8439,0.7197,0.5901,0.4573,0.324,0.1955,0.08465
pal1,waccm_eq,640.0,1.555,1.548,1.529,1.497,1.452,1.396,1.327,1.248,1.158,1.059,0.9504,0.8344,0.7118,0.584,0.4528,0.3211,0.194,0.08404
pal1,waccm_eq,644.8,1.544,1.538,1.519,1.487,1.443,1.387,1.319,1.24,1.151,1.052,0.945,0.8298,0.7081,0.5812,0.451,0.3201,0.1936,0.0839
pal1,waccm_eq,651.05,1.524,1.518,1.499,1.467,1.424,1.368,1.302,1.224,1.136,1.039,0.9333,0.8198,0.6999,0.5748,0.4463,0.317,0.192,0.08323
pal1,waccm_eq,660.0,1.444,1.438,1.421,1.391,1.35,1.297,1.234,1.161,1.078,0.9859,0.8858,0.7784,0.6649,0.5464,0.4247,0.3022,0.1833,0.07951
pal1,waccm_eq,670.0,1.481,1.475,1.456,1.426,1.384,1.33,1.266,1.191,1.106,1.012,0.9094,0.7996,0.6834,0.5621,0.4373,0.3116,0.1894,0.08223
pal1,waccm_eq,680.0,1.453,1.447,1.429,1.399,1.358,1.305,1.242,1.169,1.086,0.9936,0.8933,0.7857,0.6719,0.553,0.4307,0.3073,0.1872,0.08131
pal1,waccm_eq,690.0,1.431,1.425,1.407,1.378,1.338,1.286,1.224,1.152,1.07,0.9795,0.8809,0.7751,0.6631,0.5462,0.4258,0.3042,0.1856,0.08065
pal1,waccm_eq,700.0,1.405,1.399,1.382,1.353,1.314,1.263,1.202,1.131,1.051,0.9626,0.866,0.7622,0.6525,0.5378,0.4196,0.3002,0.1834,0.07976
pal1,waccm_eq,710.0,1.371,1.366,1.349,1.321,1.282,1.233,1.174,1.105,1.027,0.9404,0.8462,0.7451,0.638,0.5262,0.4109,0.2943,0.1801,0.07832
pal1,waccm_eq,720.0,1.326,1.32,1.304,1.277,1.24,1.192,1.135,1.069,0.9933,0.9098,0.8189,0.7212,0.6179,0.5098,0.3984,0.2856,0.1751,0.07615
pal1,waccm_eq,730.0,1.294,1.289,1.273,1.247,1.211,1.165,1.109,1.044,0.9704,0.889,0.8003,0.7051,0.6043,0.4989,0.3902,0.28,0.1719,0.07478
