case,label,model,source_file,o3col_du,z_km,t_k,p_bar,o3_vmr,n_o3_cm3
pal0p1,0.1% PAL,atmos,PTZ_mixingratios_out.dist,90.3701,0.25,285.6,0.9837,5.761e-09,143720612978.55957
pal0p1,0.1% PAL,atmos,PTZ_mixingratios_out.dist,90.3701,0.75,283.2,0.9266,6.33e-09,150009745478.21045
pal0p1,0.1% PAL,atmos,PTZ_mixingratios_out.dist,90.3701,1.25,279.8,0.8722,7.343e-09,165790109241.86206
pal0p1,0.1% PAL,atmos,PTZ_mixingratios_out.dist,90.3701,1.75,276.6,0.8204,8.82e-09,189477994071.53906
pal0p1,0.1% PAL,atmos,PTZ_mixingratios_out.dist,90.3701,2.25,274.0,0.7712,1.079e-08,219965525257.86917
pal0p1,0.1% PAL,atmos,PTZ_mixingratios_out.dist,90.3701,2.75,271.7,0.7245,1.331e-08,257065339596.51074
pal0p1,0.1% PAL,atmos,PTZ_mixingratios_out.dist,90.3701,3.25,269.3,0.6802,1.641e-08,300210288984.8492
pal0p1,0.1% PAL,atmos,PTZ_mixingratios_out.dist,90.3701,3.75,266.5,0.6383,2.011e-08,348864211244.30896
pal0p1,0.1% PAL,atmos,PTZ_mixingratios_out.dist,90.3701,4.25,263.7,0.5986,2.442e-08,401503152540.8212
pal0p1,0.1% PAL,atmos,PTZ_mixingratios_out.dist,90.3701,4.75,260.6,0.5609,2.934e-08,457391253438.9441
pal0p1,0.1% PAL,atmos,PTZ_mixingratios_out.dist,90.3701,5.25,257.4,0.5252,3.488e-08,515477090334.2771
pal0p1,0.1% PAL,atmos,PTZ_mixingratios_out.dist,90.3701,5.75,254.1,0.4913,4.105e-08,574873087628.7819
pal0p1,0.1% PAL,atmos,PTZ_mixingratios_out.dist,90.3701,6.25,250.6,0.4592,4.787e-08,635332332635.355
pal0p1,0.1% PAL,atmos,PTZ_mixingratios_out.dist,90.3701,6.75,247.0,0.4288,5.537e-08,696224118949.3048
pal0p1,0.1% PAL,atmos,PTZ_mixingratios_out.dist,90.3701,7.25,243.3,0.4,6.361e-08,757460508878.4205
pal0p1,0.1% PAL,atmos,PTZ_mixingratios_out.dist,90.3701,7.75,239.6,0.3728,7.266e-08,818844055980.2491
pal0p1,0.1% PAL,atmos,PTZ_mixingratios_out.dist,90.3701,8.25,235.9,0.347,8.266e-08,880670912127.9496
pal0p1,0.1% PAL,atmos,PTZ_mixingratios_out.dist,90.3701,8.75,232.0,0.3226,9.38e-08,944704390771.1467
pal0p1,0.1% PAL,atmos,PTZ_mixingratios_out.dist,90.3701,9.25,228.3,0.2996,1.063e-07,1010382648489.5795
pal0p1,0.1% PAL,atmos,PTZ_mixingratios_out.dist,90.3701,9.75,224.7,0.2779,1.205e-07,1079416962715.189
pal0p1,0.1% PAL,atmos,PTZ_mixingratios_out.dist,90.3701,10.25,221.2,0.2575,1.367e-07,1152596622546.2668
pal0p1,0.1% PAL,atmos,PTZ_mixingratios_out.dist,90.3701,10.75,217.9,0.2382,1.552e-07,1228833270023.378
pal0p1,0.1% PAL,atmos,PTZ_mixingratios_out.dist,90.3701,11.25,214.8,0.2202,1.762e-07,1308294931865.72
pal0p1,0.1% PAL,atmos,PTZ_mixingratios_out.dist,90.3701,11.75,212.1,0.2033,1.997e-07,1386409393731.3054
pal0p1,0.1% PAL,atmos,PTZ_mixingratios_out.dist,90.3701,12.25,209.5,0.1876,2.258e-07,1464500288768.937
pal0p1,0.1% PAL,atmos,PTZ_mixingratios_out.dist,90.3701,12.75,207.4,0.1729,2.542e-07,1534894411211.0098
pal0p1,0.1% PAL,atmos,PTZ_mixingratios_out.dist,90.3701,13.25,205.3,0.1592,2.846e-07,1598474553781.3044
pal0p1,0.1% PAL,atmos,PTZ_mixingratios_out.dist,90.3701,13.75,203.3,0.1465,3.169e-07,1654014081318.7007
pal0p1,0.1% PAL,atmos,PTZ_mixingratios_out.dist,90.3701,14.25,201.4,0.1347,3.509e-07,1699840666804.1782
pal0p1,0.1% PAL,atmos,PTZ_mixingratios_out.dist,90.3701,14.75,199.4,0.1237,3.871e-07,1739339798355.5408
pal0p1,0.1% PAL,atmos,PTZ_mixingratios_out.dist,90.3701,15.25,197.5,0.1135,4.264e-07,1774854168518.8577
pal0p1,0.1% PAL,atmos,PTZ_mixingratios_out.dist,90.3701,15.75,195.7,0.1041,4.706e-07,1813128331000.087
pal0p1,0.1% PAL,atmos,PTZ_mixingratios_out.dist,90.3701,16.25,193.9,0.09544,5.217e-07,1859902489049.6565
pal0p1,0.1% PAL,atmos,PTZ_mixingratios_out.dist,90.3701,16.75,192.3,0.0874,5.821e-07,1916224837273.0608
pal0p1,0.1% PAL,atmos,PTZ_mixingratios_out.dist,90.3701,17.25,190.9,0.07998,6.527e-07,1980641166728.2563
pal0p1,0.1% PAL,atmos,PTZ_mixingratios_out.dist,90.3701,17.75,189.6,0.07315,7.306e-07,2041608112063.4114
pal0p1,0.1% PAL,atmos,PTZ_mixingratios_out.dist,90.3701,18.25,188.7,0.06687,8.048e-07,2065685057924.8965
pal0p1,0.1% PAL,atmos,PTZ_mixingratios_out.dist,90.3701,18.75,187.8,0.0611,8.554e-07,2015726408107.5369
pal0p1,0.1% PAL,atmos,PTZ_mixingratios_out.dist,90.3701,19.25,187.1,0.05581,8.583e-07,1854360060697.5486
pal0p1,0.1% PAL,atmos,PTZ_mixingratios_out.dist,90.3701,19.75,186.4,0.05096,7.997e-07,1583533752492.8447
pal0p1,0.1% PAL,atmos,PTZ_mixingratios_out.dist,90.3701,20.25,185.9,0.04652,6.866e-07,1244459687141.9106
pal0p1,0.1% PAL,atmos,PTZ_mixingratios_out.dist,90.3701,20.75,185.3,0.04245,5.47e-07,907624726540.8762
pal0p1,0.1% PAL,atmos,PTZ_mixingratios_out.dist,90.3701,21.25,184.8,0.03873,4.138e-07,628134624773.1621
pal0p1,0.1% PAL,atmos,PTZ_mixingratios_out.dist,90.3701,21.75,184.2,0.03533,3.072e-07,426768091028.74744
pal0p1,0.1% PAL,atmos,PTZ_mixingratios_out.dist,90.3701,22.25,183.7,0.03222,2.308e-07,293203332140.37494
pal0p1,0.1% PAL,atmos,PTZ_mixingratios_out.dist,90.3701,22.75,183.1,0.02937,1.787e-07,207614112904.55334
pal0p1,0.1% PAL,atmos,PTZ_mixingratios_out.dist,90.3701,23.25,182.6,0.02677,1.433e-07,152163505796.1221
pal0p1,0.1% PAL,atmos,PTZ_mixingratios_out.dist,90.3701,23.75,182.1,0.02439,1.186e-07,115054407661.2023
pal0p1,0.1% PAL,atmos,PTZ_mixingratios_out.dist,90.3701,24.25,181.6,0.02222,1.004e-07,88977180664.02678
pal0p1,0.1% PAL,atmos,PTZ_mixingratios_out.dist,90.3701,24.75,181.1,0.02024,8.637e-08,69915214559.02953
pal0p1,0.1% PAL,atmos,PTZ_mixingratios_out.dist,90.3701,25.25,180.6,0.01843,7.489e-08,55353888824.30238
pal0p1,0.1% PAL,atmos,PTZ_mixingratios_out.dist,90.3701,25.75,180.3,0.01677,6.53e-08,43991344401.97177
pal0p1,0.1% PAL,atmos,PTZ_mixingratios_out.dist,90.3701,26.25,180.0,0.01527,5.709e-08,35078684010.201
pal0p1,0.1% PAL,atmos,PTZ_mixingratios_out.dist,90.3701,26.75,179.8,0.0139,5.013e-08,28069813995.385025
pal0p1,0.1% PAL,atmos,PTZ_mixingratios_out.dist,90.3701,27.25,179.7,0.01265,4.418e-08,22526041363.900074
pal0p1,0.1% PAL,atmos,PTZ_mixingratios_out.dist,90.3701,27.75,179.7,0.01151,3.903e-08,18106833793.346405
pal0p1,0.1% PAL,atmos,PTZ_mixingratios_out.dist,90.3701,28.25,179.7,0.01047,3.459e-08,14597076494.53881
pal0p1,0.1% PAL,atmos,PTZ_mixingratios_out.dist,90.3701,28.75,179.9,0.009533,3.069e-08,11779098010.303215
pal0p1,0.1% PAL,atmos,PTZ_mixingratios_out.dist,90.3701,29.25,180.1,0.008677,2.729e-08,9523051602.031889
pal0p1,0.1% PAL,atmos,PTZ_mixingratios_out.dist,90.3701,29.75,180.2,0.007899,2.436e-08,7734127520.682662
pal0p1,0.1% PAL,atmos,PTZ_mixingratios_out.dist,90.3701,30.25,180.3,0.007191,2.177e-08,6288813396.300352
pal0p1,0.1% PAL,atmos,PTZ_mixingratios_out.dist,90.3701,30.75,180.2,0.006547,1.952e-08,5136698612.3495035
pal0p1,0.1% PAL,atmos,PTZ_mixingratios_out.dist,90.3701,31.25,180.0,0.00596,1.756e-08,4211288394.8861084
pal0p1,0.1% PAL,atmos,PTZ_mixingratios_out.dist,90.3701,31.75,179.7,0.005425,1.576e-08,3446073974.2926054
pal0p1,0.1% PAL,atmos,PTZ_mixingratios_out.dist,90.3701,32.25,179.1,0.004937,1.42e-08,2835127555.6403413
pal0p1,0.1% PAL,atmos,PTZ_mixingratios_out.dist,90.3701,32.75,178.5,0.004491,1.274e-08,2321619163.5025177
pal0p1,0.1% PAL,atmos,PTZ_mixingratios_out.dist,90.3701,33.25,177.7,0.004085,1.14e-08,1898131085.8833034
pal0p1,0.1% PAL,atmos,PTZ_mixingratios_out.dist,90.3701,33.75,176.9,0.003713,1.017e-08,1546090054.720134
pal0p1,0.1% PAL,atmos,PTZ_mixingratios_out.dist,90.3701,34.25,176.2,0.003374,9.046e-09,1254620775.7436984
pal0p1,0.1% PAL,atmos,PTZ_mixingratios_out.dist,90.3701,34.75,175.4,0.003065,8.013e-09,1014174647.7395123
pal0p1,0.1% PAL,atmos,PTZ_mixingratios_out.dist,90.3701,35.25,174.7,0.002783,7.098e-09,818979467.3365504
pal0p1,0.1% PAL,atmos,PTZ_mixingratios_out.dist,90.3701,35.75,174.2,0.002526,6.277e-09,659255924.7825211
pal0p1,0.1% PAL,atmos,PTZ_mixingratios_out.dist,90.3701,36.25,173.8,0.002293,5.56e-09,531307310.39490336
pal0p1,0.1% PAL,atmos,PTZ_mixingratios_out.dist,90.3701,36.75,173.4,0.00208,4.948e-09,429893273.79354256
pal0p1,0.1% PAL,atmos,PTZ_mixingratios_out.dist,90.3701,37.25,173.2,0.001887,4.407e-09,347763325.62426454
pal0p1,0.1% PAL,atmos,PTZ_mixingratios_out.dist,90.3701,37.75,173.1,0.001712,3.953e-09,283171945.2006859
pal0p1,0.1% PAL,atmos,PTZ_mixingratios_out.dist,90.3701,38.25,173.0,0.001552,3.568e-09,231839364.04340827
pal0p1,0.1% PAL,atmos,PTZ_mixingratios_out.dist,90.3701,38.75,172.9,0.001408,3.241e-09,191162811.79305613
pal0p1,0.1% PAL,atmos,PTZ_mixingratios_out.dist,90.3701,39.25,172.9,0.001277,2.967e-09,158719456.48601788
pal0p1,0.1% PAL,atmos,PTZ_mixingratios_out.dist,90.3701,39.75,172.8,0.001158,2.739e-09,132945478.29800814
pal0p1,0.1% PAL,atmos,PTZ_mixingratios_out.dist,90.3701,40.25,172.8,0.001051,2.547e-09,112203044.24465114
pal0p1,0.1% PAL,atmos,PTZ_mixingratios_out.dist,90.3701,40.75,172.7,0.000953,2.389e-09,95484621.33391349
pal0p1,0.1% PAL,atmos,PTZ_mixingratios_out.dist,90.3701,41.25,172.6,0.0008643,2.262e-09,82041395.6041952
pal0p1,0.1% PAL,atmos,PTZ_mixingratios_out.dist,90.3701,41.75,172.5,0.0007838,2.16e-09,71086417.55025919
pal0p1,0.1% PAL,atmos,PTZ_mixingratios_out.dist,90.3701,42.25,172.3,0.0007108,2.084e-09,62269671.35692191
pal0p1,0.1% PAL,atmos,PTZ_mixingratios_out.dist,90.3701,42.75,172.0,0.0006445,2.034e-09,55202931.44240372
pal0p1,0.1% PAL,atmos,PTZ_mixingratios_out.dist,90.3701,43.25,171.8,0.0005843,2.006e-09,49415178.99347721
pal0p1,0.1% PAL,atmos,PTZ_mixingratios_out.dist,90.3701,43.75,171.4,0.0005296,2.007e-09,44916018.14986316
pal0p1,0.1% PAL,atmos,PTZ_mixingratios_out.dist,90.3701,44.25,171.1,0.00048,2.037e-09,41390338.11667558
pal0p1,0.1% PAL,atmos,PTZ_mixingratios_out.dist,90.3701,44.75,170.7,0.0004349,2.099e-09,38733348.416617885
pal0p1,0.1% PAL,atmos,PTZ_mixingratios_out.dist,90.3701,45.25,170.3,0.000394,2.203e-09,36915842.832961604
pal0p1,0.1% PAL,atmos,PTZ_mixingratios_out.dist,90.3701,45.75,169.9,0.0003569,2.359e-09,35892013.902030565
pal0p1,0.1% PAL,atmos,PTZ_mixingratios_out.dist,90.3701,46.25,169.4,0.0003232,2.582e-09,35680497.51336807
pal0p1,0.1% PAL,atmos,PTZ_mixingratios_out.dist,90.3701,46.75,169.0,0.0002926,2.892e-09,36266247.670393884
pal0p1,0.1% PAL,atmos,PTZ_mixingratios_out.dist,90.3701,47.25,168.6,0.0002648,3.318e-09,37744485.470960714
pal0p1,0.1% PAL,atmos,PTZ_mixingratios_out.dist,90.3701,47.75,168.3,0.0002396,3.898e-09,40194002.00556778
pal0p1,0.1% PAL,atmos,PTZ_mixingratios_out.dist,90.3701,48.25,167.9,0.0002168,4.669e-09,43666579.39714018
pal0p1,0.1% PAL,atmos,PTZ_mixingratios_out.dist,90.3701,48.75,167.6,0.0001961,5.664e-09,48000254.64832283
pal0p1,0.1% PAL,atmos,PTZ_mixingratios_out.dist,90.3701,49.25,167.4,0.0001774,6.9e-09,52961950.35760946
pal0p1,0.1% PAL,atmos,PTZ_mixingratios_out.dist,90.3701,49.75,167.2,0.0001604,8.395e-09,58331817.53670863
pal0p1,0.1% PAL,atmos,PTZ_mixingratios_out.dist,90.3701,50.25,167.0,0.000145,1.015e-08,63831388.3651602
pal0p1,0.1% PAL,atmos,PTZ_mixingratios_out.dist,90.3701,50.75,166.8,0.0001311,1.215e-08,69167111.69683407
pal0p1,0.1% PAL,atmos,PTZ_mixingratios_out.dist,90.3701,51.25,166.9,0.0001186,1.426e-08,73394682.34670635
pal0p1,0.1% PAL,atmos,PTZ_mixingratios_out.dist,90.3701,51.75,167.0,0.0001072,1.649e-08,76668274.15795338
pal0p1,0.1% PAL,atmos,PTZ_mixingratios_out.dist,90.3701,52.25,167.1,9.696e-05,1.874e-08,78759411.21453156
pal0p1,0.1% PAL,atmos,PTZ_mixingratios_out.dist,90.3701,52.75,167.2,8.769e-05,2.092e-08,79467983.78479804
pal0p1,0.1% PAL,atmos,PTZ_mixingratios_out.dist,90.3701,53.25,167.6,7.931e-05,2.276e-08,78008676.66726367
pal0p1,0.1% PAL,atmos,PTZ_mixingratios_out.dist,90.3701,53.75,168.1,7.176e-05,2.414e-08,74639496.25542496
pal0p1,0.1% PAL,atmos,PTZ_mixingratios_out.dist,90.3701,54.25,168.7,6.495e-05,2.509e-08,69965098.75264572
pal0p1,0.1% PAL,atmos,PTZ_mixingratios_out.dist,90.3701,54.75,169.2,5.88e-05,2.557e-08,64361241.47987161
pal0p1,0.1% PAL,atmos,PTZ_mixingratios_out.dist,90.3701,55.25,169.8,5.326e-05,2.554e-08,58023121.15039263
pal0p1,0.1% PAL,atmos,PTZ_mixingratios_out.dist,90.3701,55.75,170.8,4.826e-05,2.47e-08,50549064.40556755
pal0p1,0.1% PAL,atmos,PTZ_mixingratios_out.dist,90.3701,56.25,171.9,4.375e-05,2.328e-08,42914284.29660651
pal0p1,0.1% PAL,atmos,PTZ_mixingratios_out.dist,90.3701,56.75,173.1,3.97e-05,2.153e-08,35764667.02397735
pal0p1,0.1% PAL,atmos,PTZ_mixingratios_out.dist,90.3701,57.25,174.3,3.604e-05,1.954e-08,29263661.99402443
pal0p1,0.1% PAL,atmos,PTZ_mixingratios_out.dist,90.3701,57.75,175.5,3.275e-05,1.743e-08,23558535.425056174
pal0p1,0.1% PAL,atmos,PTZ_mixingratios_out.dist,90.3701,58.25,177.1,2.978e-05,1.51e-08,18390765.080247313
pal0p1,0.1% PAL,atmos,PTZ_mixingratios_out.dist,90.3701,58.75,179.0,2.71e-05,1.277e-08,14003089.818851324
pal0p1,0.1% PAL,atmos,PTZ_mixingratios_out.dist,90.3701,59.25,180.9,2.469e-05,1.065e-08,10528072.043874642
pal0p1,0.1% PAL,atmos,PTZ_mixingratios_out.dist,90.3701,59.75,182.8,2.251e-05,8.766e-09,7818392.825637689
pal0p1,0.1% PAL,atmos,PTZ_mixingratios_out.dist,90.3701,60.25,184.7,2.055e-05,7.132e-09,5747420.631045764
pal0p1,0.1% PAL,atmos,PTZ_mixingratios_out.dist,90.3701,60.75,186.8,1.878e-05,5.703e-09,4152778.858773463
pal0p1,0.1% PAL,atmos,PTZ_mixingratios_out.dist,90.3701,61.25,189.5,1.718e-05,4.446e-09,2919443.8099625628
pal0p1,0.1% PAL,atmos,PTZ_mixingratios_out.dist,90.3701,61.75,192.2,1.573e-05,3.441e-09,2039749.0016324492
pal0p1,0.1% PAL,atmos,PTZ_mixingratios_out.dist,90.3701,62.25,194.9,1.443e-05,2.648e-09,1420002.7651052622
pal0p1,0.1% PAL,atmos,PTZ_mixingratios_out.dist,90.3701,62.75,197.6,1.325e-05,2.027e-09,984463.0130423643
pal0p1,0.1% PAL,atmos,PTZ_mixingratios_out.dist,90.3701,63.25,200.3,1.218e-05,1.546e-09,680914.442580011
pal0p1,0.1% PAL,atmos,PTZ_mixingratios_out.dist,90.3701,63.75,203.3,1.121e-05,1.167e-09,466074.9990101837
pal0p1,0.1% PAL,atmos,PTZ_mixingratios_out.dist,90.3701,64.25,206.5,1.033e-05,8.753e-10,317142.110012034
pal0p1,0.1% PAL,atmos,PTZ_mixingratios_out.dist,90.3701,64.75,209.6,9.531e-06,6.559e-10,216023.7692231686
pal0p1,0.1% PAL,atmos,PTZ_mixingratios_out.dist,90.3701,65.25,212.8,8.805e-06,4.914e-10,147268.4127842089
pal0p1,0.1% PAL,atmos,PTZ_mixingratios_out.dist,90.3701,65.75,216.0,8.144e-06,3.684e-10,100605.1823775952
pal0p1,0.1% PAL,atmos,PTZ_mixingratios_out.dist,90.3701,66.25,219.2,7.541e-06,2.766e-10,68921.90678357215
pal0p1,0.1% PAL,atmos,PTZ_mixingratios_out.dist,90.3701,66.75,222.3,6.991e-06,2.08e-10,47378.34561650065
pal0p1,0.1% PAL,atmos,PTZ_mixingratios_out.dist,90.3701,67.25,225.5,6.487e-06,1.568e-10,32670.826957197296
pal0p1,0.1% PAL,atmos,PTZ_mixingratios_out.dist,90.3701,67.75,228.6,6.027e-06,1.185e-10,22628.722314393934
pal0p1,0.1% PAL,atmos,PTZ_mixingratios_out.dist,90.3701,68.25,231.8,5.605e-06,8.976e-11,15720.33318756756
pal0p1,0.1% PAL,atmos,PTZ_mixingratios_out.dist,90.3701,68.75,235.0,5.217e-06,6.823e-11,10970.970898468764
pal0p1,0.1% PAL,atmos,PTZ_mixingratios_out.dist,90.3701,69.25,238.1,4.861e-06,5.204e-11,7695.205655050742
pal0p1,0.1% PAL,atmos,PTZ_mixingratios_out.dist,90.3701,69.75,241.3,4.534e-06,3.983e-11,5420.648139140682
pal0p1,0.1% PAL,atmos,PTZ_mixingratios_out.dist,90.3701,70.25,245.9,4.233e-06,2.968e-11,3700.5847405030595
pal0p1,0.1% PAL,atmos,PTZ_mixingratios_out.dist,90.3701,70.75,251.2,3.958e-06,2.191e-11,2500.4331596236793
pal0p1,0.1% PAL,atmos,PTZ_mixingratios_out.dist,90.3701,71.25,256.5,3.706e-06,1.627e-11,1702.637976128121
pal0p1,0.1% PAL,atmos,PTZ_mixingratios_out.dist,90.3701,71.75,261.8,3.475e-06,1.215e-11,1168.0949919799484
pal0p1,0.1% PAL,atmos,PTZ_mixingratios_out.dist,90.3701,72.25,267.1,3.262e-06,9.136e-12,808.1330659149074
pal0p1,0.1% PAL,atmos,PTZ_mixingratios_out.dist,90.3701,72.75,272.4,3.066e-06,6.909e-12,563.2444970023881
pal0p1,0.1% PAL,atmos,PTZ_mixingratios_out.dist,90.3701,73.25,277.7,2.886e-06,5.257e-12,395.7082832702336
pal0p1,0.1% PAL,atmos,PTZ_mixingratios_out.dist,90.3701,73.75,283.0,2.719e-06,4.021e-12,279.81665620475457
pal0p1,0.1% PAL,atmos,PTZ_mixingratios_out.dist,90.3701,74.25,292.0,2.565e-06,2.902e-12,184.63696103530899
pal0p1,0.1% PAL,atmos,PTZ_mixingratios_out.dist,90.3701,74.75,301.1,2.425e-06,2.111e-12,123.14192491347944
pal0p1,0.1% PAL,atmos,PTZ_mixingratios_out.dist,90.3701,75.25,310.1,2.296e-06,1.55e-12,83.12248781839043
pal0p1,0.1% PAL,atmos,PTZ_mixingratios_out.dist,90.3701,75.75,319.2,2.178e-06,1.149e-12,56.78475269969066
pal0p1,0.1% PAL,atmos,PTZ_mixingratios_out.dist,90.3701,76.25,328.2,2.068e-06,8.594e-13,39.22148423385244
pal0p1,0.1% PAL,atmos,PTZ_mixingratios_out.dist,90.3701,76.75,337.3,1.967e-06,6.485e-13,27.391430681219276
pal0p1,0.1% PAL,atmos,PTZ_mixingratios_out.dist,90.3701,77.25,346.3,1.874e-06,4.936e-13,19.346792036812676
pal0p1,0.1% PAL,atmos,PTZ_mixingratios_out.dist,90.3701,77.75,355.4,1.787e-06,3.787e-13,13.791742863861158
pal0p1,0.1% PAL,atmos,PTZ_mixingratios_out.dist,90.3701,78.25,364.4,1.706e-06,2.929e-13,9.932000838190575
pal0p1,0.1% PAL,atmos,PTZ_mixingratios_out.dist,90.3701,78.75,373.7,1.63e-06,2.277e-13,7.193566363389703
pal0p1,0.1% PAL,atmos,PTZ_mixingratios_out.dist,90.3701,79.25,383.0,1.56e-06,1.779e-13,5.248298040452905
pal0p1,0.1% PAL,atmos,PTZ_mixingratios_out.dist,90.3701,79.75,392.4,1.495e-06,1.4e-13,3.8632867711701215
pal0p1,0.1% PAL,atmos,PTZ_mixingratios_out.dist,90.3701,80.25,401.8,1.433e-06,1.11e-13,2.8673186142181626
pal0p1,0.1% PAL,atmos,PTZ_mixingratios_out.dist,90.3701,80.75,411.2,1.376e-06,8.849e-14,2.1447478460286398
pal0p1,0.1% PAL,atmos,PTZ_mixingratios_out.dist,90.3701,81.25,420.6,1.322e-06,7.1e-14,1.6163568677521136
pal0p1,0.1% PAL,atmos,PTZ_mixingratios_out.dist,90.3701,81.75,430.0,1.271e-06,5.73e-14,1.226728441007698
pal0p1,0.1% PAL,atmos,PTZ_mixingratios_out.dist,90.3701,82.25,439.3,1.223e-06,4.649e-14,0.9374357619679514
pal0p1,0.1% PAL,atmos,PTZ_mixingratios_out.dist,90.3701,82.75,448.7,1.178e-06,3.791e-14,0.720874598720527
pal0p1,0.1% PAL,atmos,PTZ_mixingratios_out.dist,90.3701,83.25,458.1,1.136e-06,3.106e-14,0.5578741116857348
pal0p1,0.1% PAL,atmos,PTZ_mixingratios_out.dist,90.3701,83.75,467.5,1.096e-06,2.557e-14,0.43418656830005187
pal0p1,0.1% PAL,atmos,PTZ_mixingratios_out.dist,90.3701,84.25,476.9,1.058e-06,2.114e-14,0.33968787527408423
pal0p1,0.1% PAL,atmos,PTZ_mixingratios_out.dist,90.3701,84.75,485.8,1.022e-06,1.763e-14,0.26863488831234045
pal0p1,0.1% PAL,atmos,PTZ_mixingratios_out.dist,90.3701,85.25,493.3,9.878e-07,1.498e-14,0.21726333267919848
pal0p1,0.1% PAL,atmos,PTZ_mixingratios_out.dist,90.3701,85.75,500.7,9.553e-07,1.277e-14,0.17646955922275692
pal0p1,0.1% PAL,atmos,PTZ_mixingratios_out.dist,90.3701,86.25,508.1,9.244e-07,1.091e-14,0.14376468258265668
pal0p1,0.1% PAL,atmos,PTZ_mixingratios_out.dist,90.3701,86.75,515.6,8.949e-07,9.355e-15,0.1176040041020027
pal0p1,0.1% PAL,atmos,PTZ_mixingratios_out.dist,90.3701,87.25,523.0,8.668e-07,8.04e-15,0.09651392546875594
pal0p1,0.1% PAL,atmos,PTZ_mixingratios_out.dist,90.3701,87.75,530.4,8.4e-07,6.928e-15,0.07946947921852308
pal0p1,0.1% PAL,atmos,PTZ_mixingratios_out.dist,90.3701,88.25,537.9,8.144e-07,5.985e-15,0.06563221974670667
pal0p1,0.1% PAL,atmos,PTZ_mixingratios_out.dist,90.3701,88.75,545.3,7.899e-07,5.184e-15,0.05438990826454014
pal0p1,0.1% PAL,atmos,PTZ_mixingratios_out.dist,90.3701,89.25,552.8,7.665e-07,4.502e-15,0.045213313180629135
pal0p1,0.1% PAL,atmos,PTZ_mixingratios_out.dist,90.3701,89.75,560.2,7.441e-07,3.92e-15,0.03771299160132523
pal0p1,0.1% PAL,atmos,PTZ_mixingratios_out.dist,90.3701,90.25,567.6,7.227e-07,3.422e-15,0.0315582120824977
pal0p1,0.1% PAL,atmos,PTZ_mixingratios_out.dist,90.3701,90.75,575.1,7.022e-07,2.995e-15,0.02648689205287407
pal0p1,0.1% PAL,atmos,PTZ_mixingratios_out.dist,90.3701,91.25,582.5,6.826e-07,2.628e-15,0.022305524120044596
pal0p1,0.1% PAL,atmos,PTZ_mixingratios_out.dist,90.3701,91.75,589.9,6.637e-07,2.313e-15,0.01884888963612399
pal0p1,0.1% PAL,atmos,PTZ_mixingratios_out.dist,90.3701,92.25,597.4,6.457e-07,2.042e-15,0.01598593428025887
pal0p1,0.1% PAL,atmos,PTZ_mixingratios_out.dist,90.3701,92.75,603.7,6.284e-07,1.824e-15,0.013751705142020508
pal0p1,0.1% PAL,atmos,PTZ_mixingratios_out.dist,90.3701,93.25,608.7,6.117e-07,1.649e-15,0.012002523133936275
pal0p1,0.1% PAL,atmos,PTZ_mixingratios_out.dist,90.3701,93.75,613.7,5.957e-07,1.496e-15,0.010517675989020451
pal0p1,0.1% PAL,atmos,PTZ_mixingratios_out.dist,90.3701,94.25,618.7,5.802e-07,1.36e-15,0.00923747410866761
pal0p1,0.1% PAL,atmos,PTZ_mixingratios_out.dist,90.3701,94.75,623.7,5.653e-07,1.239e-15,0.008133758341088372
pal0p1,0.1% PAL,atmos,PTZ_mixingratios_out.dist,90.3701,95.25,628.7,5.509e-07,1.131e-15,0.007178085619836024
pal0p1,0.1% PAL,atmos,PTZ_mixingratios_out.dist,90.3701,95.75,633.7,5.371e-07,1.035e-15,0.006353726440604099
pal0p1,0.1% PAL,atmos,PTZ_mixingratios_out.dist,90.3701,96.25,638.7,5.237e-07,9.489e-16,0.005635375009022115
pal0p1,0.1% PAL,atmos,PTZ_mixingratios_out.dist,90.3701,96.75,643.7,5.108e-07,8.72e-16,0.005011879049441142
pal0p1,0.1% PAL,atmos,PTZ_mixingratios_out.dist,90.3701,97.25,648.7,4.983e-07,8.03e-16,0.004467651122458119
pal0p1,0.1% PAL,atmos,PTZ_mixingratios_out.dist,90.3701,97.75,653.8,4.863e-07,7.411e-16,0.003992573169258645
pal0p1,0.1% PAL,atmos,PTZ_mixingratios_out.dist,90.3701,98.25,658.8,4.747e-07,6.854e-16,0.0035770619254053256
pal0p1,0.1% PAL,atmos,PTZ_mixingratios_out.dist,90.3701,98.75,663.8,4.635e-07,6.352e-16,0.00321247456021994
pal0p1,0.1% PAL,atmos,PTZ_mixingratios_out.dist,90.3701,99.25,668.8,4.526e-07,5.902e-16,0.0028929052369487387
pal0p1,0.1% PAL,atmos,PTZ_mixingratios_out.dist,90.3701,99.75,673.8,4.421e-07,5.52e-16,0.002623283957194968
pal0p1,0.1% PAL,kasting,OUTPUT_PLOT.dat,43.8711,0.5,279.7022581002072,0.955,4.253e-09,105176690000.0
pal0p1,0.1% PAL,kasting,OUTPUT_PLOT.dat,43.8711,1.5,273.94783645344535,0.8442,4.806e-09,107269920000.0
pal0p1,0.1% PAL,kasting,OUTPUT_PLOT.dat,43.8711,2.5,269.2157538288427,0.7445,6.752e-09,135242560000.0
pal0p1,0.1% PAL,kasting,OUTPUT_PLOT.dat,43.8711,3.5,263.71015497532784,0.655,1.05e-08,188895000000.0
pal0p1,0.1% PAL,kasting,OUTPUT_PLOT.dat,43.8711,4.5,257.37853175736166,0.5746,1.627e-08,263085900000.0
pal0p1,0.1% PAL,kasting,OUTPUT_PLOT.dat,43.8711,5.5,250.6107704723454,0.5024,2.409e-08,349786800000.0
pal0p1,0.1% PAL,kasting,OUTPUT_PLOT.dat,43.8711,6.5,243.24818862771056,0.4376,3.375e-08,439762500000.0
pal0p1,0.1% PAL,kasting,OUTPUT_PLOT.dat,43.8711,7.5,235.80030942442139,0.3796,4.477e-08,522018200000.00006
pal0p1,0.1% PAL,kasting,OUTPUT_PLOT.dat,43.8711,8.5,228.22321520252711,0.3277,5.641e-08,586664000000.0
pal0p1,0.1% PAL,kasting,OUTPUT_PLOT.dat,43.8711,9.5,221.12104264059425,0.2816,6.838e-08,630737120000.0
pal0p1,0.1% PAL,kasting,OUTPUT_PLOT.dat,43.8711,10.5,214.74850428480207,0.2409,8.333e-08,677056250000.0
pal0p1,0.1% PAL,kasting,OUTPUT_PLOT.dat,43.8711,11.5,209.53863666874267,0.2052,1.057e-07,749730100000.0
pal0p1,0.1% PAL,kasting,OUTPUT_PLOT.dat,43.8711,12.5,205.20767564565503,0.1741,1.348e-07,828345999999.9999
pal0p1,0.1% PAL,kasting,OUTPUT_PLOT.dat,43.8711,13.5,201.3759073259117,0.1473,1.628e-07,862514400000.0
pal0p1,0.1% PAL,kasting,OUTPUT_PLOT.dat,43.8711,14.5,197.53555952836146,0.1242,1.841e-07,838391400000.0
pal0p1,0.1% PAL,kasting,OUTPUT_PLOT.dat,43.8711,15.5,193.93847701322588,0.1044,2.021e-07,787987900000.0
pal0p1,0.1% PAL,kasting,OUTPUT_PLOT.dat,43.8711,16.5,190.86972603865442,0.08749,2.185e-07,725420000000.0
pal0p1,0.1% PAL,kasting,OUTPUT_PLOT.dat,43.8711,17.5,188.683508991567,0.07315,2.268e-07,636854400000.0
pal0p1,0.1% PAL,kasting,OUTPUT_PLOT.dat,43.8711,18.5,187.048794418036,0.06105,2.246e-07,530954400000.0
pal0p1,0.1% PAL,kasting,OUTPUT_PLOT.dat,43.8711,19.5,185.87734218924433,0.05089,2.145e-07,425353500000.0
pal0p1,0.1% PAL,kasting,OUTPUT_PLOT.dat,43.8711,20.5,184.75897698050056,0.04237,2.011e-07,334027100000.0
pal0p1,0.1% PAL,kasting,OUTPUT_PLOT.dat,43.8711,21.5,183.62754027715593,0.03524,1.876e-07,260764000000.00003
pal0p1,0.1% PAL,kasting,OUTPUT_PLOT.dat,43.8711,22.5,182.50789734048954,0.02928,1.754e-07,203814800000.0
pal0p1,0.1% PAL,kasting,OUTPUT_PLOT.dat,43.8711,23.5,181.50374707617826,0.0243,1.642e-07,159224740000.0
pal0p1,0.1% PAL,kasting,OUTPUT_PLOT.dat,43.8711,24.5,180.6037073359787,0.02015,1.534e-07,123962540000.00002
pal0p1,0.1% PAL,kasting,OUTPUT_PLOT.dat,43.8711,25.5,179.96965870832713,0.0167,1.421e-07,95505410000.0
pal0p1,0.1% PAL,kasting,OUTPUT_PLOT.dat,43.8711,26.5,179.61320107016692,0.01383,1.297e-07,72333690000.0
pal0p1,0.1% PAL,kasting,OUTPUT_PLOT.dat,43.8711,27.5,179.78003490105584,0.01146,1.177e-07,54342090000.0
pal0p1,0.1% PAL,kasting,OUTPUT_PLOT.dat,43.8711,28.5,180.07804610222385,0.00949,1.06e-07,40460200000.0
pal0p1,0.1% PAL,kasting,OUTPUT_PLOT.dat,43.8711,29.5,180.27203515396826,0.007865,9.469e-08,29922040000.0
pal0p1,0.1% PAL,kasting,OUTPUT_PLOT.dat,43.8711,30.5,179.98353726095388,0.006518,8.388e-08,22001724000.0
pal0p1,0.1% PAL,kasting,OUTPUT_PLOT.dat,43.8711,31.5,179.10011381394176,0.005398,7.378e-08,16106174000.0
pal0p1,0.1% PAL,kasting,OUTPUT_PLOT.dat,43.8711,32.5,177.7313534320565,0.004466,6.427e-08,11697140000.000002
pal0p1,0.1% PAL,kasting,OUTPUT_PLOT.dat,43.8711,33.5,176.13261854760225,0.003689,5.492e-08,8331364000.0
pal0p1,0.1% PAL,kasting,OUTPUT_PLOT.dat,43.8711,34.5,174.78476828159774,0.003043,4.534e-08,5717374000.0
pal0p1,0.1% PAL,kasting,OUTPUT_PLOT.dat,43.8711,35.5,173.69267093967503,0.002506,3.597e-08,3758864999.9999995
pal0p1,0.1% PAL,kasting,OUTPUT_PLOT.dat,43.8711,36.5,173.20329401402986,0.002063,2.786e-08,2403482200.0
pal0p1,0.1% PAL,kasting,OUTPUT_PLOT.dat,43.8711,37.5,172.922354610576,0.001697,2.152e-08,1529641600.0
pal0p1,0.1% PAL,kasting,OUTPUT_PLOT.dat,43.8711,38.5,172.84080069045694,0.001396,1.681e-08,983385000.0
pal0p1,0.1% PAL,kasting,OUTPUT_PLOT.dat,43.8711,39.5,172.83848645752582,0.001149,1.337e-08,643765500.0
pal0p1,0.1% PAL,kasting,OUTPUT_PLOT.dat,43.8711,40.5,172.589118374641,0.0009448,1.081e-08,428616500.0
pal0p1,0.1% PAL,kasting,OUTPUT_PLOT.dat,43.8711,41.5,172.26164955503575,0.000777,8.88e-09,290109600.0
pal0p1,0.1% PAL,kasting,OUTPUT_PLOT.dat,43.8711,42.5,171.78185178591522,0.0006387000000000001,7.389e-09,198985770.0
pal0p1,0.1% PAL,kasting,OUTPUT_PLOT.dat,43.8711,43.5,171.0345017896555,0.0005247,6.224e-09,138297280.0
pal0p1,0.1% PAL,kasting,OUTPUT_PLOT.dat,43.8711,44.5,170.2809716844101,0.0004307,5.298e-09,97059360.0
pal0p1,0.1% PAL,kasting,OUTPUT_PLOT.dat,43.8711,45.5,169.4183567063112,0.00035319999999999997,4.567e-09,68961700.0
pal0p1,0.1% PAL,kasting,OUTPUT_PLOT.dat,43.8711,46.5,168.63360155607018,0.0002894,3.989e-09,49583270.0
pal0p1,0.1% PAL,kasting,OUTPUT_PLOT.dat,43.8711,47.5,167.89234004401732,0.0002369,3.553e-09,36311660.0
pal0p1,0.1% PAL,kasting,OUTPUT_PLOT.dat,43.8711,48.5,167.34474082123708,0.00019380000000000002,3.254e-09,27294552.0
pal0p1,0.1% PAL,kasting,OUTPUT_PLOT.dat,43.8711,49.5,166.95910802680734,0.0001585,3.13e-09,21521880.0
pal0p1,0.1% PAL,kasting,OUTPUT_PLOT.dat,43.8711,50.5,166.90771317190143,0.0001296,3.22e-09,18109280.0
pal0p1,0.1% PAL,kasting,OUTPUT_PLOT.dat,43.8711,51.5,167.15760389728533,0.000106,3.59e-09,16488870.0
pal0p1,0.1% PAL,kasting,OUTPUT_PLOT.dat,43.8711,52.5,167.55289146793177,8.668e-05,4.191e-09,15703677.0
pal0p1,0.1% PAL,kasting,OUTPUT_PLOT.dat,43.8711,53.5,168.6699630014808,7.098e-05,5.689e-09,17340072.0
pal0p1,0.1% PAL,kasting,OUTPUT_PLOT.dat,43.8711,54.5,169.77079501954222,5.8200000000000005e-05,1.314e-08,32626620.0
pal0p1,0.1% PAL,kasting,OUTPUT_PLOT.dat,43.8711,55.5,171.9755958674424,4.782e-05,2.894e-08,58285160.0
pal0p1,0.1% PAL,kasting,OUTPUT_PLOT.dat,43.8711,56.5,174.28259537374007,3.939e-05,4.788e-08,78379560.0
pal0p1,0.1% PAL,kasting,OUTPUT_PLOT.dat,43.8711,57.5,177.07457595187,3.254e-05,6.431e-08,85596610.0
pal0p1,0.1% PAL,kasting,OUTPUT_PLOT.dat,43.8711,58.5,180.94013381736764,2.698e-05,7.356e-08,79444800.0
pal0p1,0.1% PAL,kasting,OUTPUT_PLOT.dat,43.8711,59.5,184.69245888993711,2.2460000000000002e-05,7.622e-08,67134576.0
pal0p1,0.1% PAL,kasting,OUTPUT_PLOT.dat,43.8711,60.5,189.4781276460896,1.8769999999999998e-05,7.101e-08,50949675.0
pal0p1,0.1% PAL,kasting,OUTPUT_PLOT.dat,43.8711,61.5,194.91748299991386,1.577e-05,6.131e-08,35927660.0
pal0p1,0.1% PAL,kasting,OUTPUT_PLOT.dat,43.8711,62.5,200.2990599802438,1.3310000000000001e-05,5.047e-08,24291211.0
pal0p1,0.1% PAL,kasting,OUTPUT_PLOT.dat,43.8711,63.5,206.4978210254815,1.1289999999999999e-05,3.923e-08,15535080.0
pal0p1,0.1% PAL,kasting,OUTPUT_PLOT.dat,43.8711,64.5,212.79957955827823,9.622e-06,2.949e-08,9657975.0
pal0p1,0.1% PAL,kasting,OUTPUT_PLOT.dat,43.8711,65.5,219.1237886295337,8.241e-06,2.169e-08,5908356.0
pal0p1,0.1% PAL,kasting,OUTPUT_PLOT.dat,43.8711,66.5,225.49590684324545,7.089e-06,1.568e-08,3570335.9999999995
pal0p1,0.1% PAL,kasting,OUTPUT_PLOT.dat,43.8711,67.5,231.74478286430752,6.123999999999999e-06,1.119e-08,2141766.0
pal0p1,0.1% PAL,kasting,OUTPUT_PLOT.dat,43.8711,68.5,238.08576349754986,5.312e-06,7.899e-09,1276478.4
pal0p1,0.1% PAL,kasting,OUTPUT_PLOT.dat,43.8711,69.5,245.8252502362485,4.626e-06,5.368e-09,731658.3999999999
pal0p1,0.1% PAL,kasting,OUTPUT_PLOT.dat,43.8711,70.5,256.4163513108538,4.05e-06,3.432e-09,392620.8
pal0p1,0.1% PAL,kasting,OUTPUT_PLOT.dat,43.8711,71.5,267.0789190078849,3.5649999999999997e-06,2.207e-09,213372.75999999998
pal0p1,0.1% PAL,kasting,OUTPUT_PLOT.dat,43.8711,72.5,277.65454148418075,3.153e-06,1.429e-09,117535.25
pal0p1,0.1% PAL,kasting,OUTPUT_PLOT.dat,43.8711,73.5,292.03007470881096,2.8050000000000002e-06,8.686e-10,60428.502
pal0p1,0.1% PAL,kasting,OUTPUT_PLOT.dat,43.8711,74.5,310.0248293871111,2.5099999999999997e-06,4.982e-10,29214.448
pal0p1,0.1% PAL,kasting,OUTPUT_PLOT.dat,43.8711,75.5,328.18349372277066,2.261e-06,2.91e-10,14520.9
pal0p1,0.1% PAL,kasting,OUTPUT_PLOT.dat,43.8711,76.5,346.25592009453214,2.048e-06,1.733e-10,7424.1720000000005
pal0p1,0.1% PAL,kasting,OUTPUT_PLOT.dat,43.8711,77.5,364.4937941827968,1.865e-06,1.052e-10,3898.712
pal0p1,0.1% PAL,kasting,OUTPUT_PLOT.dat,43.8711,78.5,383.1475255926854,1.706e-06,6.455e-11,2081.7375
pal0p1,0.1% PAL,kasting,OUTPUT_PLOT.dat,43.8711,79.5,401.9027903199205,1.567e-06,4.025e-11,1136.66
pal0p1,0.1% PAL,kasting,OUTPUT_PLOT.dat,43.8711,80.5,420.6628776397784,1.4450000000000001e-06,2.554e-11,635.4352
pal0p1,0.1% PAL,kasting,OUTPUT_PLOT.dat,43.8711,81.5,439.3762059866321,1.3369999999999999e-06,1.646e-11,362.77840000000003
pal0p1,0.1% PAL,kasting,OUTPUT_PLOT.dat,43.8711,82.5,457.8974228428701,1.241e-06,1.076e-11,211.21880000000002
pal0p1,0.1% PAL,kasting,OUTPUT_PLOT.dat,43.8711,83.5,476.81514331105615,1.1559999999999998e-06,7.132e-12,125.23792
pal0p1,0.1% PAL,kasting,OUTPUT_PLOT.dat,43.8711,84.5,493.0703587890898,1.079e-06,4.926e-12,78.0771
pal0p1,0.1% PAL,kasting,OUTPUT_PLOT.dat,43.8711,85.5,508.01390425002216,1.01e-06,3.499e-12,50.3856
pal0p1,0.1% PAL,kasting,OUTPUT_PLOT.dat,43.8711,86.5,522.7967285586741,9.47e-07,2.504e-12,32.85248
pal0p1,0.1% PAL,kasting,OUTPUT_PLOT.dat,43.8711,87.5,537.7814919881058,8.894999999999999e-07,1.804e-12,21.61192
pal0p1,0.1% PAL,kasting,OUTPUT_PLOT.dat,43.8711,88.5,552.5653623403654,8.369e-07,1.308e-12,14.34876
pal0p1,0.1% PAL,kasting,OUTPUT_PLOT.dat,43.8711,89.5,567.2821098312497,7.887e-07,9.539e-13,9.605773
pal0p1,0.1% PAL,kasting,OUTPUT_PLOT.dat,43.8711,90.5,582.4575015329143,7.445e-07,6.995e-13,6.475971
pal0p1,0.1% PAL,kasting,OUTPUT_PLOT.dat,43.8711,91.5,597.3286441514994,7.037999999999999e-07,5.155e-13,4.399277
pal0p1,0.1% PAL,kasting,OUTPUT_PLOT.dat,43.8711,92.5,608.6215038140773,6.661000000000001e-07,3.952e-13,3.1327504000000004
pal0p1,0.1% PAL,kasting,OUTPUT_PLOT.dat,43.8711,93.5,618.7112469779092,6.311e-07,3.073e-13,2.2703324
pal0p1,0.1% PAL,kasting,OUTPUT_PLOT.dat,43.8711,94.5,628.6906812878283,5.984000000000001e-07,2.39e-13,1.6476659999999999
pal0p1,0.1% PAL,kasting,OUTPUT_PLOT.dat,43.8711,95.5,638.7085335495451,5.679e-07,1.856e-13,1.195264
pal0p1,0.1% PAL,kasting,OUTPUT_PLOT.dat,43.8711,96.5,648.6565326833692,5.394e-07,1.439e-13,0.8667097
pal0p1,0.1% PAL,kasting,OUTPUT_PLOT.dat,43.8711,97.5,658.662046573022,5.128e-07,1.112e-13,0.6270568
pal0p1,0.1% PAL,kasting,OUTPUT_PLOT.dat,43.8711,98.5,668.7822321680312,4.879e-07,8.541e-14,0.45130644
pal0p1,0.1% PAL,kasting,OUTPUT_PLOT.dat,43.8711,99.5,678.7088571112655,4.645e-07,6.535e-14,0.32393995
pal0p1,0.1% PAL,photochem,Earth_0.1pc_48.2.txt,64.1089,0.5,283.217,1.00812,5.22247e-09,134643632551.99998
pal0p1,0.1% PAL,photochem,Earth_0.1pc_48.2.txt,64.1089,1.5,276.577,0.894693,5.03757e-09,118030768856.99998
pal0p1,0.1% PAL,photochem,Earth_0.1pc_48.2.txt,64.1089,2.5,271.742,0.792395,5.64452e-09,119214520208.0
pal0p1,0.1% PAL,photochem,Earth_0.1pc_48.2.txt,64.1089,3.5,266.549,0.700271,7.42272e-09,141243969792.0
pal0p1,0.1% PAL,photochem,Earth_0.1pc_48.2.txt,64.1089,4.5,260.603,0.617319,1.05677e-08,181312142440.0
pal0p1,0.1% PAL,photochem,Earth_0.1pc_48.2.txt,64.1089,5.5,254.12,0.542635,1.51725e-08,234662436750.0
pal0p1,0.1% PAL,photochem,Earth_0.1pc_48.2.txt,64.1089,6.5,247.033,0.475411,2.12012e-08,295523526800.0
pal0p1,0.1% PAL,photochem,Earth_0.1pc_48.2.txt,64.1089,7.5,239.628,0.414948,2.84663e-08,357030027860.0
pal0p1,0.1% PAL,photochem,Earth_0.1pc_48.2.txt,64.1089,8.5,232.044,0.360662,3.66478e-08,412566273280.0
pal0p1,0.1% PAL,photochem,Earth_0.1pc_48.2.txt,64.1089,9.5,224.669,0.312072,4.54784e-08,457544538880.0
pal0p1,0.1% PAL,photochem,Earth_0.1pc_48.2.txt,64.1089,10.5,217.868,0.268799,5.60887e-08,501216475618.0
pal0p1,0.1% PAL,photochem,Earth_0.1pc_48.2.txt,64.1089,11.5,212.064,0.230524,7.58744e-08,597394812168.0
pal0p1,0.1% PAL,photochem,Earth_0.1pc_48.2.txt,64.1089,12.5,207.354,0.196945,1.13052e-07,777728798280.0
pal0p1,0.1% PAL,photochem,Earth_0.1pc_48.2.txt,64.1089,13.5,203.308,0.167699,1.67281e-07,999401933590.0
pal0p1,0.1% PAL,photochem,Earth_0.1pc_48.2.txt,64.1089,14.5,199.434,0.142351,2.32667e-07,1202855816620.0
pal0p1,0.1% PAL,photochem,Earth_0.1pc_48.2.txt,64.1089,15.5,195.673,0.120457,2.95861e-07,1319187985410.0
pal0p1,0.1% PAL,photochem,Earth_0.1pc_48.2.txt,64.1089,16.5,192.257,0.10162,3.59409e-07,1375947039240.0
pal0p1,0.1% PAL,photochem,Earth_0.1pc_48.2.txt,64.1089,17.5,189.643,0.0855001,4.23579e-07,1383188752920.0
pal0p1,0.1% PAL,photochem,Earth_0.1pc_48.2.txt,64.1089,18.5,187.793,0.0717923,4.83836e-07,1339717692200.0
pal0p1,0.1% PAL,photochem,Earth_0.1pc_48.2.txt,64.1089,19.5,186.443,0.060194,5.29568e-07,1238357698240.0
pal0p1,0.1% PAL,photochem,Earth_0.1pc_48.2.txt,64.1089,20.5,185.307,0.0504122,5.48399e-07,1080581841570.0
pal0p1,0.1% PAL,photochem,Earth_0.1pc_48.2.txt,64.1089,21.5,184.216,0.042177,5.33499e-07,884706726690.0
pal0p1,0.1% PAL,photochem,Earth_0.1pc_48.2.txt,64.1089,22.5,183.118,0.0352513,4.85489e-07,676927022480.0
pal0p1,0.1% PAL,photochem,Earth_0.1pc_48.2.txt,64.1089,23.5,182.052,0.0294331,4.14826e-07,485761246000.0
pal0p1,0.1% PAL,photochem,Earth_0.1pc_48.2.txt,64.1089,24.5,181.06,0.0245513,3.38022e-07,331980532794.0
pal0p1,0.1% PAL,photochem,Earth_0.1pc_48.2.txt,64.1089,25.5,180.255,0.0204616,2.67779e-07,220163341557.0
pal0p1,0.1% PAL,photochem,Earth_0.1pc_48.2.txt,64.1089,26.5,179.775,0.0170427,2.10433e-07,144491083821.0
pal0p1,0.1% PAL,photochem,Earth_0.1pc_48.2.txt,64.1089,27.5,179.685,0.0141916,1.65318e-07,94570492536.0
pal0p1,0.1% PAL,photochem,Earth_0.1pc_48.2.txt,64.1089,28.5,179.914,0.0118187,1.30083e-07,61893231233.99999
pal0p1,0.1% PAL,photochem,Earth_0.1pc_48.2.txt,64.1089,29.5,180.207,0.0098458,1.02723e-07,40650264621.0
pal0p1,0.1% PAL,photochem,Earth_0.1pc_48.2.txt,64.1089,30.5,180.234,0.00820412,8.1828e-08,26978282460.0
pal0p1,0.1% PAL,photochem,Earth_0.1pc_48.2.txt,64.1089,31.5,179.705,0.00683499,6.61603e-08,18226037924.899998
pal0p1,0.1% PAL,photochem,Earth_0.1pc_48.2.txt,64.1089,32.5,178.468,0.00568969,5.44377e-08,12570263744.699999
pal0p1,0.1% PAL,photochem,Earth_0.1pc_48.2.txt,64.1089,33.5,176.943,0.00472986,4.51014e-08,8732172256.800001
pal0p1,0.1% PAL,photochem,Earth_0.1pc_48.2.txt,64.1089,34.5,175.449,0.00392592,3.72922e-08,6044021438.4
pal0p1,0.1% PAL,photochem,Earth_0.1pc_48.2.txt,64.1089,35.5,174.205,0.00325401,3.05633e-08,4135000546.8999996
pal0p1,0.1% PAL,photochem,Earth_0.1pc_48.2.txt,64.1089,36.5,173.361,0.00269415,2.46987e-08,2780110370.7
pal0p1,0.1% PAL,photochem,Earth_0.1pc_48.2.txt,64.1089,37.5,173.053,0.00222928,1.95999e-08,1828756909.5600002
pal0p1,0.1% PAL,photochem,Earth_0.1pc_48.2.txt,64.1089,38.5,172.928,0.00184428,1.54377e-08,1192503661.74
pal0p1,0.1% PAL,photochem,Earth_0.1pc_48.2.txt,64.1089,39.5,172.845,0.00152568,1.2149e-08,776717157.4
pal0p1,0.1% PAL,photochem,Earth_0.1pc_48.2.txt,64.1089,40.5,172.721,0.00126205,9.60804e-09,508489183.332
pal0p1,0.1% PAL,photochem,Earth_0.1pc_48.2.txt,64.1089,41.5,172.453,0.00104382,7.68506e-09,336912261.894
pal0p1,0.1% PAL,photochem,Earth_0.1pc_48.2.txt,64.1089,42.5,172.009,0.00086304,6.24012e-09,226772200.92000002
pal0p1,0.1% PAL,photochem,Earth_0.1pc_48.2.txt,64.1089,43.5,171.426,0.000713211,5.14818e-09,155135770.93800002
pal0p1,0.1% PAL,photochem,Earth_0.1pc_48.2.txt,64.1089,44.5,170.696,0.000589,4.32139e-09,108001907.43599999
pal0p1,0.1% PAL,photochem,Earth_0.1pc_48.2.txt,64.1089,45.5,169.863,0.000486023,3.68768e-09,76423849.088
pal0p1,0.1% PAL,photochem,Earth_0.1pc_48.2.txt,64.1089,46.5,169.024,0.000400693,3.18542e-09,54694935.567999996
pal0p1,0.1% PAL,photochem,Earth_0.1pc_48.2.txt,64.1089,47.5,168.269,0.000330059,2.76945e-09,39345853.095000006
pal0p1,0.1% PAL,photochem,Earth_0.1pc_48.2.txt,64.1089,48.5,167.591,0.000271666,2.41572e-09,28362726.948
pal0p1,0.1% PAL,photochem,Earth_0.1pc_48.2.txt,64.1089,49.5,167.183,0.000223472,2.09217e-09,20255573.993699998
pal0p1,0.1% PAL,photochem,Earth_0.1pc_48.2.txt,64.1089,50.5,166.826,0.000183756,1.80199e-09,14376258.200100001
pal0p1,0.1% PAL,photochem,Earth_0.1pc_48.2.txt,64.1089,51.5,167.024,0.000151088,1.51098e-09,9899820.081600001
pal0p1,0.1% PAL,photochem,Earth_0.1pc_48.2.txt,64.1089,52.5,167.222,0.000124265,1.2364e-09,6654737.54
pal0p1,0.1% PAL,photochem,Earth_0.1pc_48.2.txt,64.1089,53.5,168.119,0.000102271,9.75102e-10,4296396.922200001
pal0p1,0.1% PAL,photochem,Earth_0.1pc_48.2.txt,64.1089,54.5,169.23,8.42729e-05,9.72744e-10,3508531.9689599997
pal0p1,0.1% PAL,photochem,Earth_0.1pc_48.2.txt,64.1089,55.5,170.751,6.95493e-05,1.51318e-09,4464138.2406
pal0p1,0.1% PAL,photochem,Earth_0.1pc_48.2.txt,64.1089,56.5,173.131,5.75247e-05,2.23241e-09,5372428.6096
pal0p1,0.1% PAL,photochem,Earth_0.1pc_48.2.txt,64.1089,57.5,175.511,4.77064e-05,2.74175e-09,5397792.895
pal0p1,0.1% PAL,photochem,Earth_0.1pc_48.2.txt,64.1089,58.5,179.008,3.96874e-05,2.85397e-09,4582962.1054
pal0p1,0.1% PAL,photochem,Earth_0.1pc_48.2.txt,64.1089,59.5,182.793,3.31412e-05,2.68536e-09,3526361.0448
pal0p1,0.1% PAL,photochem,Earth_0.1pc_48.2.txt,64.1089,60.5,186.807,2.77823e-05,2.34257e-09,2523392.9783
pal0p1,0.1% PAL,photochem,Earth_0.1pc_48.2.txt,64.1089,61.5,192.212,2.33925e-05,1.86267e-09,1641908.21427
pal0p1,0.1% PAL,photochem,Earth_0.1pc_48.2.txt,64.1089,62.5,197.616,1.97923e-05,1.41916e-09,1029491.3046800001
pal0p1,0.1% PAL,photochem,Earth_0.1pc_48.2.txt,64.1089,63.5,203.296,1.6825e-05,1.03594e-09,620980.76578
pal0p1,0.1% PAL,photochem,Earth_0.1pc_48.2.txt,64.1089,64.5,209.64,1.43712e-05,7.22934e-10,358949.020878
pal0p1,0.1% PAL,photochem,Earth_0.1pc_48.2.txt,64.1089,65.5,215.984,1.2334e-05,4.93732e-10,204216.93610800002
pal0p1,0.1% PAL,photochem,Earth_0.1pc_48.2.txt,64.1089,66.5,222.323,1.06335e-05,3.31651e-10,114891.534373
pal0p1,0.1% PAL,photochem,Earth_0.1pc_48.2.txt,64.1089,67.5,228.646,9.20628e-06,2.20098e-10,64187.840034
pal0p1,0.1% PAL,photochem,Earth_0.1pc_48.2.txt,64.1089,68.5,234.97,8.0026e-06,1.44773e-10,35712.748413
pal0p1,0.1% PAL,photochem,Earth_0.1pc_48.2.txt,64.1089,69.5,241.294,6.98269e-06,9.46537e-11,19839.5101737
pal0p1,0.1% PAL,photochem,Earth_0.1pc_48.2.txt,64.1089,70.5,251.195,6.11988e-06,5.74587e-11,10139.2196607
pal0p1,0.1% PAL,photochem,Earth_0.1pc_48.2.txt,64.1089,71.5,261.796,5.39231e-06,3.45789e-11,5158.6877754
pal0p1,0.1% PAL,photochem,Earth_0.1pc_48.2.txt,64.1089,72.5,272.397,4.77551e-06,2.09455e-11,2659.6595899999998
pal0p1,0.1% PAL,photochem,Earth_0.1pc_48.2.txt,64.1089,73.5,282.998,4.2492e-06,1.27645e-11,1388.1776685
pal0p1,0.1% PAL,photochem,Earth_0.1pc_48.2.txt,64.1089,74.5,301.053,3.80208e-06,6.93294e-12,634.179593796
pal0p1,0.1% PAL,photochem,Earth_0.1pc_48.2.txt,64.1089,75.5,319.157,3.42442e-06,3.8265e-12,297.37262100000004
pal0p1,0.1% PAL,photochem,Earth_0.1pc_48.2.txt,64.1089,76.5,337.262,3.10236e-06,2.14067e-12,142.623423152
pal0p1,0.1% PAL,photochem,Earth_0.1pc_48.2.txt,64.1089,77.5,355.367,2.82532e-06,1.20832e-12,69.580744704
pal0p1,0.1% PAL,photochem,Earth_0.1pc_48.2.txt,64.1089,78.5,373.655,2.5852e-06,6.83089e-13,34.2307510413
pal0p1,0.1% PAL,photochem,Earth_0.1pc_48.2.txt,64.1089,79.5,392.423,2.37577e-06,3.83368e-13,16.8105717896
pal0p1,0.1% PAL,photochem,Earth_0.1pc_48.2.txt,64.1089,80.5,411.192,2.19204e-06,2.13349e-13,8.2378102531
pal0p1,0.1% PAL,photochem,Earth_0.1pc_48.2.txt,64.1089,81.5,429.96,2.02989e-06,1.16692e-13,3.9902596016
pal0p1,0.1% PAL,photochem,Earth_0.1pc_48.2.txt,64.1089,82.5,448.728,1.88598e-06,6.2226e-14,1.8942714468000001
pal0p1,0.1% PAL,photochem,Earth_0.1pc_48.2.txt,64.1089,83.5,467.496,1.75762e-06,3.21085e-14,0.8743465635
pal0p1,0.1% PAL,photochem,Earth_0.1pc_48.2.txt,64.1089,84.5,485.842,1.64256e-06,1.59832e-14,0.39138701168
pal0p1,0.1% PAL,photochem,Earth_0.1pc_48.2.txt,64.1089,85.5,500.711,1.53861e-06,7.83502e-15,0.17438012263
pal0p1,0.1% PAL,photochem,Earth_0.1pc_48.2.txt,64.1089,86.5,515.58,1.44403e-06,3.59062e-15,0.07283931732
pal0p1,0.1% PAL,photochem,Earth_0.1pc_48.2.txt,64.1089,87.5,530.449,1.35775e-06,1.49818e-15,0.027775058656
pal0p1,0.1% PAL,photochem,Earth_0.1pc_48.2.txt,64.1089,88.5,545.318,1.27882e-06,5.57148e-16,0.009463437354
pal0p1,0.1% PAL,photochem,Earth_0.1pc_48.2.txt,64.1089,89.5,560.187,1.20646e-06,1.85046e-16,0.002886532554
pal0p1,0.1% PAL,photochem,Earth_0.1pc_48.2.txt,64.1089,90.5,575.056,1.13995e-06,5.6258e-17,0.0008077467382000001
pal0p1,0.1% PAL,photochem,Earth_0.1pc_48.2.txt,64.1089,91.5,589.925,1.07869e-06,1.62141e-17,0.00021473791899
pal0p1,0.1% PAL,photochem,Earth_0.1pc_48.2.txt,64.1089,92.5,603.653,1.0221e-06,4.65467e-18,5.7083476479e-05
pal0p1,0.1% PAL,photochem,Earth_0.1pc_48.2.txt,64.1089,93.5,613.674,9.69518e-07,1.4264900000000001e-18,1.6323182421e-05
pal0p1,0.1% PAL,photochem,Earth_0.1pc_48.2.txt,64.1089,94.5,623.695,9.20448e-07,4.83563e-19,5.168901619600001e-06
pal0p1,0.1% PAL,photochem,Earth_0.1pc_48.2.txt,64.1089,95.5,633.715,8.74601e-07,1.93652e-19,1.93577250328e-06
pal0p1,0.1% PAL,photochem,Earth_0.1pc_48.2.txt,64.1089,96.5,643.736,8.31717e-07,9.472259999999999e-20,8.864169324779999e-07
pal0p1,0.1% PAL,photochem,Earth_0.1pc_48.2.txt,64.1089,97.5,653.756,7.91564e-07,5.547069999999999e-20,4.86463616618e-07
pal0p1,0.1% PAL,photochem,Earth_0.1pc_48.2.txt,64.1089,98.5,663.777,7.53929e-07,3.72971e-20,3.06831306628e-07
pal0p1,0.1% PAL,photochem,Earth_0.1pc_48.2.txt,64.1089,99.5,673.797,7.18618e-07,2.82761e-20,2.1842636899699998e-07
pal0p1,0.1% PAL,vulcan,Earth_0.1pc_o2_1e12s_48.2SZA_WPT_1rtol.vul,34.6896,0.6075713440233863,284.29,1.0,2.331239183331888e-09,59393917023.84835
pal0p1,0.1% PAL,vulcan,Earth_0.1pc_o2_1e12s_48.2SZA_WPT_1rtol.vul,34.6896,1.8067148822605434,277.2112211833136,0.8682540279894776,2.401279402980234e-09,54474771066.19288
pal0p1,0.1% PAL,vulcan,Earth_0.1pc_o2_1e12s_48.2SZA_WPT_1rtol.vul,34.6896,2.9779099306868133,271.5873886142361,0.753865057119951,3.1926916422358625e-09,64188570949.66187
pal0p1,0.1% PAL,vulcan,Earth_0.1pc_o2_1e12s_48.2SZA_WPT_1rtol.vul,34.6896,4.124637285485157,265.70189419761704,0.6545463724049151,4.844853649673083e-09,86445651110.61345
pal0p1,0.1% PAL,vulcan,Earth_0.1pc_o2_1e12s_48.2SZA_WPT_1rtol.vul,34.6896,5.244860645154734,259.12134319671145,0.5683125243464682,7.595710295778916e-09,120661619566.38728
pal0p1,0.1% PAL,vulcan,Earth_0.1pc_o2_1e12s_48.2SZA_WPT_1rtol.vul,34.6896,6.336174255898732,252.09060549874178,0.493439638420688,1.1734688976348612e-08,166366420672.88687
pal0p1,0.1% PAL,vulcan,Earth_0.1pc_o2_1e12s_48.2SZA_WPT_1rtol.vul,34.6896,7.397096619337411,244.79625825558864,0.42843095362843375,1.7419043503344477e-08,220809160399.5312
pal0p1,0.1% PAL,vulcan,Earth_0.1pc_o2_1e12s_48.2SZA_WPT_1rtol.vul,34.6896,8.427088571560402,237.49775548496146,0.3719869012032607,2.4518472239752156e-08,278149485262.23773
pal0p1,0.1% PAL,vulcan,Earth_0.1pc_o2_1e12s_48.2SZA_WPT_1rtol.vul,34.6896,9.42626414341555,230.24902801697797,0.32297912532905493,3.304423637384988e-08,335729177117.516
pal0p1,0.1% PAL,vulcan,Earth_0.1pc_o2_1e12s_48.2SZA_WPT_1rtol.vul,34.6896,10.395641124154292,223.42635430307928,0.2804279265234697,4.363101090910165e-08,396642141801.79596
pal0p1,0.1% PAL,vulcan,Earth_0.1pc_o2_1e12s_48.2SZA_WPT_1rtol.vul,34.6896,11.337781341893132,217.38045806343393,0.24348267676473978,5.8337937807228486e-08,473276955392.5912
pal0p1,0.1% PAL,vulcan,Earth_0.1pc_o2_1e12s_48.2SZA_WPT_1rtol.vul,34.6896,12.256446001984003,212.32321159254943,0.2114048148466453,8.293400532966312e-08,598090297702.673
pal0p1,0.1% PAL,vulcan,Earth_0.1pc_o2_1e12s_48.2SZA_WPT_1rtol.vul,34.6896,13.155680648124743,208.1749964712178,0.18355308202696916,1.1735989352858635e-07,749496379500.7004
pal0p1,0.1% PAL,vulcan,Earth_0.1pc_o2_1e12s_48.2SZA_WPT_1rtol.vul,34.6896,14.038729930372243,204.63997795121233,0.15937070281979893,1.526292146449347e-07,860939025526.2959
pal0p1,0.1% PAL,vulcan,Earth_0.1pc_o2_1e12s_48.2SZA_WPT_1rtol.vul,34.6896,14.907498508341568,201.3873174417793,0.13837425466680442,1.794024244347409e-07,892828824449.2103
pal0p1,0.1% PAL,vulcan,Earth_0.1pc_o2_1e12s_48.2SZA_WPT_1rtol.vul,34.6896,15.762786567928435,198.2314066871029,0.12014400398449446,1.990212192711256e-07,873666610766.8438
pal0p1,0.1% PAL,vulcan,Earth_0.1pc_o2_1e12s_48.2SZA_WPT_1rtol.vul,34.6896,16.60505953105512,195.20115846078664,0.10431551539832117,2.1397415900382645e-07,828217805233.3206
pal0p1,0.1% PAL,vulcan,Earth_0.1pc_o2_1e12s_48.2SZA_WPT_1rtol.vul,34.6896,17.43523137070909,192.47683156682996,0.09057236642639072,2.243903424316747e-07,764782836108.1498
pal0p1,0.1% PAL,vulcan,Earth_0.1pc_o2_1e12s_48.2SZA_WPT_1rtol.vul,34.6896,18.2551457641621,190.31169908715913,0.07863982197425251,2.2378905620761406e-07,669780650769.1477
pal0p1,0.1% PAL,vulcan,Earth_0.1pc_o2_1e12s_48.2SZA_WPT_1rtol.vul,34.6896,19.06706973499355,188.649193207084,0.06827934218952017,2.111895024983362e-07,553634850695.7507
pal0p1,0.1% PAL,vulcan,Earth_0.1pc_o2_1e12s_48.2SZA_WPT_1rtol.vul,34.6896,19.87290362539457,187.37368236254179,0.059283813884522765,1.8848133205021473e-07,431929237904.6166
pal0p1,0.1% PAL,vulcan,Earth_0.1pc_o2_1e12s_48.2SZA_WPT_1rtol.vul,34.6896,20.67406257788398,186.37353763332,0.05147341019981531,1.6084173920427987e-07,321746751668.22284
pal0p1,0.1% PAL,vulcan,Earth_0.1pc_o2_1e12s_48.2SZA_WPT_1rtol.vul,34.6896,21.471392542248687,185.4942566703654,0.0446919957403443,1.3386054105953232e-07,233597706611.41306
pal0p1,0.1% PAL,vulcan,Earth_0.1pc_o2_1e12s_48.2SZA_WPT_1rtol.vul,34.6896,22.26520746970175,184.6418779725304,0.038804005320442515,1.1060884606576781e-07,168365430702.18768
pal0p1,0.1% PAL,vulcan,Earth_0.1pc_o2_1e12s_48.2SZA_WPT_1rtol.vul,34.6896,23.055599005613747,183.80657256181158,0.033691733921599264,9.162251079826067e-08,121641350056.18872
pal0p1,0.1% PAL,vulcan,Earth_0.1pc_o2_1e12s_48.2SZA_WPT_1rtol.vul,34.6896,23.842642344543552,182.99045381141477,0.029252983687378272,7.636637259538603e-08,88422057070.35513
pal0p1,0.1% PAL,vulcan,Earth_0.1pc_o2_1e12s_48.2SZA_WPT_1rtol.vul,34.6896,24.626394294266206,182.1828030118126,0.025399020917276666,6.403583977046692e-08,64662043083.32658
pal0p1,0.1% PAL,vulcan,Earth_0.1pc_o2_1e12s_48.2SZA_WPT_1rtol.vul,34.6896,25.406953793818577,181.41392753139505,0.02205280221841442,5.392011429593533e-08,47474530472.883316
pal0p1,0.1% PAL,vulcan,Earth_0.1pc_o2_1e12s_48.2SZA_WPT_1rtol.vul,34.6896,26.184592341158638,180.7338280318107,0.019147434354593606,4.5491624424943685e-08,34907544819.528305
pal0p1,0.1% PAL,vulcan,Earth_0.1pc_o2_1e12s_48.2SZA_WPT_1rtol.vul,34.6896,26.959730757689503,180.16190312642203,0.01662483700404,3.8427882664568287e-08,25683701182.370968
pal0p1,0.1% PAL,vulcan,Earth_0.1pc_o2_1e12s_48.2SZA_WPT_1rtol.vul,34.6896,27.733094873315633,179.82052211274436,0.01443458169342622,3.2422441605619997e-08,18850695686.93935
pal0p1,0.1% PAL,vulcan,Earth_0.1pc_o2_1e12s_48.2SZA_WPT_1rtol.vul,34.6896,28.505582777925135,179.66716971425123,0.01253288369766049,2.7327799203851423e-08,13807137771.063982
pal0p1,0.1% PAL,vulcan,Earth_0.1pc_o2_1e12s_48.2SZA_WPT_1rtol.vul,34.6896,29.27801078370573,179.70590350503616,0.010881726752817377,2.300239198232625e-08,10088467267.734758
pal0p1,0.1% PAL,vulcan,Earth_0.1pc_o2_1e12s_48.2SZA_WPT_1rtol.vul,34.6896,30.051256738015553,179.96091877765267,0.009448103084614537,1.9318706043550723e-08,7346173359.187963
pal0p1,0.1% PAL,vulcan,Earth_0.1pc_o2_1e12s_48.2SZA_WPT_1rtol.vul,34.6896,30.825709996878576,180.1804973227921,0.008203353560076381,1.626886958870983e-08,5364851976.529775
pal0p1,0.1% PAL,vulcan,Earth_0.1pc_o2_1e12s_48.2SZA_WPT_1rtol.vul,34.6896,31.601118993152035,180.31818316863777,0.00712259477155813,1.375462164332247e-08,3935175262.5057535
pal0p1,0.1% PAL,vulcan,Earth_0.1pc_o2_1e12s_48.2SZA_WPT_1rtol.vul,34.6896,32.37643819550255,180.05154298631334,0.00618422160014214,1.1750902071630755e-08,2923318400.27184
pal0p1,0.1% PAL,vulcan,Earth_0.1pc_o2_1e12s_48.2SZA_WPT_1rtol.vul,34.6896,33.15042576874873,179.61219347119246,0.00536947531430294,1.0095915624848197e-08,2186041805.9384637
pal0p1,0.1% PAL,vulcan,Earth_0.1pc_o2_1e12s_48.2SZA_WPT_1rtol.vul,34.6896,33.92162576150532,178.66967070128507,0.004662068569833589,8.782002841503782e-09,1659732546.9330015
pal0p1,0.1% PAL,vulcan,Earth_0.1pc_o2_1e12s_48.2SZA_WPT_1rtol.vul,34.6896,34.688731363285854,177.62427082250747,0.004047859814521157,7.66698620649129e-09,1265507008.7966492
pal0p1,0.1% PAL,vulcan,Earth_0.1pc_o2_1e12s_48.2SZA_WPT_1rtol.vul,34.6896,35.45129680863711,176.47615279672016,0.0035145705886947304,6.715107497230789e-09,968625570.1319976
pal0p1,0.1% PAL,vulcan,Earth_0.1pc_o2_1e12s_48.2SZA_WPT_1rtol.vul,34.6896,36.209235221023505,175.3919381721164,0.003051540070287546,5.8758103173264484e-09,740446926.2496518
pal0p1,0.1% PAL,vulcan,Earth_0.1pc_o2_1e12s_48.2SZA_WPT_1rtol.vul,34.6896,36.96295841390623,174.43650425668815,0.0026495119575984556,5.124738557235327e-09,563789444.8874978
pal0p1,0.1% PAL,vulcan,Earth_0.1pc_o2_1e12s_48.2SZA_WPT_1rtol.vul,34.6896,37.71339290575315,173.78360716260883,0.0023004494293911424,4.43272837440828e-09,425002730.4624294
pal0p1,0.1% PAL,vulcan,Earth_0.1pc_o2_1e12s_48.2SZA_WPT_1rtol.vul,34.6896,38.46155655030162,173.3014880881288,0.0019973744832549527,3.808548588509123e-09,317931400.7098219
pal0p1,0.1% PAL,vulcan,Earth_0.1pc_o2_1e12s_48.2SZA_WPT_1rtol.vul,34.6896,39.208381059291575,173.08148046346156,0.001734228440489514,3.2401867308830346e-09,235148633.52122352
pal0p1,0.1% PAL,vulcan,Earth_0.1pc_o2_1e12s_48.2SZA_WPT_1rtol.vul,34.6896,39.95462979391435,172.95381153779763,0.0015057508289089293,2.7387095082959815e-09,172697344.81788176
pal0p1,0.1% PAL,vulcan,Earth_0.1pc_o2_1e12s_48.2SZA_WPT_1rtol.vul,34.6896,40.70067222950394,172.90530342881968,0.0013073742223486725,2.3013198547029023e-09,126033299.19823152
pal0p1,0.1% PAL,vulcan,Earth_0.1pc_o2_1e12s_48.2SZA_WPT_1rtol.vul,34.6896,41.446635902673165,172.83684987242208,0.0011351329346438444,1.92952834839681e-09,91786384.47711521
pal0p1,0.1% PAL,vulcan,Earth_0.1pc_o2_1e12s_48.2SZA_WPT_1rtol.vul,34.6896,42.192468962372736,172.76436426833052,0.0009855837428080333,1.6171047810397722e-09,66818118.63359387
pal0p1,0.1% PAL,vulcan,Earth_0.1pc_o2_1e12s_48.2SZA_WPT_1rtol.vul,34.6896,42.93793301859829,172.58555072208557,0.0008557370546140203,1.3613272598360736e-09,48889451.36634389
pal0p1,0.1% PAL,vulcan,Earth_0.1pc_o2_1e12s_48.2SZA_WPT_1rtol.vul,34.6896,43.68278484431338,172.400541023517,0.000742997144568474,1.1513142068805772e-09,35938430.06131778
pal0p1,0.1% PAL,vulcan,Earth_0.1pc_o2_1e12s_48.2SZA_WPT_1rtol.vul,34.6896,44.42663665617454,172.0423986469091,0.0006451102635562577,9.839052434957476e-10,26721968.942784604
pal0p1,0.1% PAL,vulcan,Earth_0.1pc_o2_1e12s_48.2SZA_WPT_1rtol.vul,34.6896,45.169161402984315,171.7062963074462,0.0005601195848300737,8.468106045826199e-10,20007717.327237967
pal0p1,0.1% PAL,vulcan,Earth_0.1pc_o2_1e12s_48.2SZA_WPT_1rtol.vul,34.6896,45.90996149148955,171.16459682525684,0.0004863260856845048,7.381445158418982e-10,15190488.431900017
pal0p1,0.1% PAL,vulcan,Earth_0.1pc_o2_1e12s_48.2SZA_WPT_1rtol.vul,34.6896,46.648699256389925,170.67277777765224,0.00042225458281192714,6.473355861697625e-10,11599955.26707523
pal0p1,0.1% PAL,vulcan,Earth_0.1pc_o2_1e12s_48.2SZA_WPT_1rtol.vul,34.6896,47.38518839673142,170.0455760512856,0.0003666242423634718,5.730966554683321e-10,8949534.201971807
pal0p1,0.1% PAL,vulcan,Earth_0.1pc_o2_1e12s_48.2SZA_WPT_1rtol.vul,34.6896,48.11920904706642,169.45276194126168,0.00031832297519067453,5.104780376731355e-10,6945653.48615471
pal0p1,0.1% PAL,vulcan,Earth_0.1pc_o2_1e12s_48.2SZA_WPT_1rtol.vul,34.6896,48.85089564314125,168.88850378409884,0.0002763852054108977,4.54689935729323e-10,5389478.734105547
pal0p1,0.1% PAL,vulcan,Earth_0.1pc_o2_1e12s_48.2SZA_WPT_1rtol.vul,34.6896,49.58031271506891,168.3262512477326,0.00023997256787471085,4.0582461984529345e-10,4190490.448998824
pal0p1,0.1% PAL,vulcan,Earth_0.1pc_o2_1e12s_48.2SZA_WPT_1rtol.vul,34.6896,50.307623382936846,167.83807321828533,0.00020835714866419578,3.6199968130527484e-10,3254938.7894706693
pal0p1,0.1% PAL,vulcan,Earth_0.1pc_o2_1e12s_48.2SZA_WPT_1rtol.vul,34.6896,51.0332369819843,167.46559755210157,0.0001809069335880904,3.2238838021082066e-10,2522468.237597751
pal0p1,0.1% PAL,vulcan,Earth_0.1pc_o2_1e12s_48.2SZA_WPT_1rtol.vul,34.6896,51.757566549399485,167.16872909627907,0.00015707317377908425,2.8728213463641474e-10,1955115.0318164872
pal0p1,0.1% PAL,vulcan,Earth_0.1pc_o2_1e12s_48.2SZA_WPT_1rtol.vul,34.6896,52.48085971213691,166.91097186372815,0.00013637941582278108,2.5635957443979953e-10,1517155.861209275
pal0p1,0.1% PAL,vulcan,Earth_0.1pc_o2_1e12s_48.2SZA_WPT_1rtol.vul,34.6896,53.20374333190933,166.9037937174783,0.00011841197712298146,2.2568579370133865e-10,1159712.568543093
pal0p1,0.1% PAL,vulcan,Earth_0.1pc_o2_1e12s_48.2SZA_WPT_1rtol.vul,34.6896,53.927097048816755,167.05217692731836,0.0001028116760992264,1.9609338000727625e-10,874117.7709063252
pal0p1,0.1% PAL,vulcan,Earth_0.1pc_o2_1e12s_48.2SZA_WPT_1rtol.vul,34.6896,54.65121612655133,167.181011246948,8.926665189750274e-05,2.473636513726724e-10,956654.0149598103
pal0p1,0.1% PAL,vulcan,Earth_0.1pc_o2_1e12s_48.2SZA_WPT_1rtol.vul,34.6896,55.376425829029365,167.47900046813086,7.75061300751413e-05,6.701624238216845e-10,2246324.444097509
pal0p1,0.1% PAL,vulcan,Earth_0.1pc_o2_1e12s_48.2SZA_WPT_1rtol.vul,34.6896,56.10437219565011,168.36649397847717,6.729500963161782e-05,1.443454975866285e-09,4178757.321713196
pal0p1,0.1% PAL,vulcan,Earth_0.1pc_o2_1e12s_48.2SZA_WPT_1rtol.vul,34.6896,56.83608253616691,169.13706379364987,5.842916317624275e-05,2.3319302317574137e-09,5834762.048401275
pal0p1,0.1% PAL,vulcan,Earth_0.1pc_o2_1e12s_48.2SZA_WPT_1rtol.vul,34.6896,57.57108697924197,169.80611413952064,5.073135627982722e-05,3.19773094106261e-09,6919612.682025502
pal0p1,0.1% PAL,vulcan,Earth_0.1pc_o2_1e12s_48.2SZA_WPT_1rtol.vul,34.6896,58.31128462304149,171.4503896280332,4.404770443532926e-05,3.832149497746681e-09,7130893.725154937
pal0p1,0.1% PAL,vulcan,Earth_0.1pc_o2_1e12s_48.2SZA_WPT_1rtol.vul,34.6896,59.059182187643366,173.2724774690328,3.8244596799664614e-05,4.254089539563671e-09,6800860.170336344
pal0p1,0.1% PAL,vulcan,Earth_0.1pc_o2_1e12s_48.2SZA_WPT_1rtol.vul,34.6896,59.81465191408001,174.8545125763314,3.320602522014222e-05,4.509395519292067e-09,6202618.852282886
pal0p1,0.1% PAL,vulcan,Earth_0.1pc_o2_1e12s_48.2SZA_WPT_1rtol.vul,34.6896,60.57759090385901,176.6256033452441,2.8831265150908658e-05,4.546309191152471e-09,5375089.840531126
pal0p1,0.1% PAL,vulcan,Earth_0.1pc_o2_1e12s_48.2SZA_WPT_1rtol.vul,34.6896,61.351674166120866,179.8963255392834,2.5032862099309092e-05,4.207594078945455e-09,4240711.878857271
pal0p1,0.1% PAL,vulcan,Earth_0.1pc_o2_1e12s_48.2SZA_WPT_1rtol.vul,34.6896,62.13923368705379,182.73614325869266,2.1734883349830205e-05,3.815133687658516e-09,3286694.4935436244
pal0p1,0.1% PAL,vulcan,Earth_0.1pc_o2_1e12s_48.2SZA_WPT_1rtol.vul,34.6896,62.9385343746826,185.2018264323256,1.8871400016371507e-05,3.380592586415593e-09,2494987.6899408908
pal0p1,0.1% PAL,vulcan,Earth_0.1pc_o2_1e12s_48.2SZA_WPT_1rtol.vul,34.6896,63.752382018129246,189.32653452603614,1.6385169078015253e-05,2.753791235623725e-09,1726184.340069246
pal0p1,0.1% PAL,vulcan,Earth_0.1pc_o2_1e12s_48.2SZA_WPT_1rtol.vul,34.6896,64.58562660099317,194.01613753153106,1.422648905127535e-05,2.137297406568072e-09,1135119.4248793025
pal0p1,0.1% PAL,vulcan,Earth_0.1pc_o2_1e12s_48.2SZA_WPT_1rtol.vul,34.6896,65.4381738185736,198.08790423072352,1.2352206422918023e-05,1.6351146142078947e-09,738501.7028100373
pal0p1,0.1% PAL,vulcan,Earth_0.1pc_o2_1e12s_48.2SZA_WPT_1rtol.vul,34.6896,66.30800240250618,201.8380684797095,1.072485298125607e-05,1.2203223261677502e-09,469655.6380145006
pal0p1,0.1% PAL,vulcan,Earth_0.1pc_o2_1e12s_48.2SZA_WPT_1rtol.vul,34.6896,67.20037976094201,208.32038670341998,9.31189680057052e-06,8.161998644652174e-10,264252.8116053571
pal0p1,0.1% PAL,vulcan,Earth_0.1pc_o2_1e12s_48.2SZA_WPT_1rtol.vul,34.6896,68.11942088085806,213.9486856118661,8.085091905317684e-06,5.397073382011353e-10,147723.76865518166
pal0p1,0.1% PAL,vulcan,Earth_0.1pc_o2_1e12s_48.2SZA_WPT_1rtol.vul,34.6896,69.06168657252309,218.83547880985324,7.019913613457199e-06,3.5029344883306446e-10,81388.44795824138
pal0p1,0.1% PAL,vulcan,Earth_0.1pc_o2_1e12s_48.2SZA_WPT_1rtol.vul,34.6896,70.02791558375924,224.7868535970387,6.095068271022369e-06,2.1245843634000828e-10,41725.193966056926
pal0p1,0.1% PAL,vulcan,Earth_0.1pc_o2_1e12s_48.2SZA_WPT_1rtol.vul,34.6896,71.0220000780052,231.44172753047587,5.292067577186033e-06,1.2132355724652289e-10,20093.036435612274
pal0p1,0.1% PAL,vulcan,Earth_0.1pc_o2_1e12s_48.2SZA_WPT_1rtol.vul,34.6896,72.0436111831656,237.2198486289449,4.594858990284288e-06,6.763371216917737e-11,9488.577428125825
pal0p1,0.1% PAL,vulcan,Earth_0.1pc_o2_1e12s_48.2SZA_WPT_1rtol.vul,34.6896,73.0892319911658,242.2367255469017,3.989504826357989e-06,3.65173047074814e-11,4356.065889478551
pal0p1,0.1% PAL,vulcan,Earth_0.1pc_o2_1e12s_48.2SZA_WPT_1rtol.vul,34.6896,74.17558060053425,255.64558569926777,3.463903635168786e-06,1.5241916777643455e-11,1495.8353998214313
pal0p1,0.1% PAL,vulcan,Earth_0.1pc_o2_1e12s_48.2SZA_WPT_1rtol.vul,34.6896,75.31759227596591,267.45987895752523,3.007548283802692e-06,6.0081570303606534e-12,489.34139629975095
pal0p1,0.1% PAL,vulcan,Earth_0.1pc_o2_1e12s_48.2SZA_WPT_1rtol.vul,34.6896,76.50852039942515,277.71768666685625,2.6113159117845275e-06,2.1627975593843283e-12,147.29515582872583
pal0p1,0.1% PAL,vulcan,Earth_0.1pc_o2_1e12s_48.2SZA_WPT_1rtol.vul,34.6896,77.76147783928074,295.45898816530575,2.267285558759927e-06,5.4000429777636e-13,30.01393580055514
pal0p1,0.1% PAL,vulcan,Earth_0.1pc_o2_1e12s_48.2SZA_WPT_1rtol.vul,34.6896,79.1132087459541,322.4151518894725,1.96857981899568e-06,7.555357815184376e-14,3.3412528301361775
pal0p1,0.1% PAL,vulcan,Earth_0.1pc_o2_1e12s_48.2SZA_WPT_1rtol.vul,34.6896,80.57642631295847,345.8199496221241,1.709227357261796e-06,7.12108987271215e-15,0.2549253218989591
pal0p1,0.1% PAL,vulcan,Earth_0.1pc_o2_1e12s_48.2SZA_WPT_1rtol.vul,34.6896,82.13697854937571,366.1412595277782,1.484043537692361e-06,5.071713789424834e-16,0.014889133550428103
pal0p1,0.1% PAL,vulcan,Earth_0.1pc_o2_1e12s_48.2SZA_WPT_1rtol.vul,34.6896,83.82425965941773,402.73821698631156,1.2885267793131465e-06,2.890845768007115e-17,0.0006699034972680665
pal0p1,0.1% PAL,vulcan,Earth_0.1pc_o2_1e12s_48.2SZA_WPT_1rtol.vul,34.6896,85.66942721270776,436.99112185742,1.1187685663109482e-06,4.00278171232202e-18,7.422432660691703e-05
pal0p1,0.1% PAL,vulcan,Earth_0.1pc_o2_1e12s_48.2SZA_WPT_1rtol.vul,34.6896,87.65810579054448,466.73134448210067,9.713753140874917e-07,8.663830987120038e-19,1.3060108449659414e-05
pal0p1,0.1% PAL,vulcan,Earth_0.1pc_o2_1e12s_48.2SZA_WPT_1rtol.vul,34.6896,89.78466837150015,498.09657492671926,8.434005291460086e-07,1.916919320068643e-19,2.350936320545254e-06
pal0p1,0.1% PAL,vulcan,Earth_0.1pc_o2_1e12s_48.2SZA_WPT_1rtol.vul,34.6896,92.06674485596967,535.4658255943006,7.322859066394788e-07,3.870577563077185e-20,3.833905548118737e-07
pal0p1,0.1% PAL,vulcan,Earth_0.1pc_o2_1e12s_48.2SZA_WPT_1rtol.vul,34.6896,94.50762240594119,567.911828009377,6.358101880796528e-07,9.003866441860164e-21,7.301167810114112e-08
pal0p1,0.1% PAL,vulcan,Earth_0.1pc_o2_1e12s_48.2SZA_WPT_1rtol.vul,34.6896,97.08791089285974,596.083200298423,5.520447568369058e-07,2.5576650254127706e-21,1.7156464243733152e-08
pal0p1,0.1% PAL,vulcan,Earth_0.1pc_o2_1e12s_48.2SZA_WPT_1rtol.vul,34.6896,99.80503865621738,626.9235223432615,4.793150837541151e-07,7.89940932390747e-22,4.374393693541736e-09
pal0p1,0.1% PAL,vulcan,Earth_0.1pc_o2_1e12s_48.2SZA_WPT_1rtol.vul,34.6896,102.66027352042724,655.2025996028264,4.1616725214562427e-07,2.880965598194062e-22,1.3254003494693877e-09
pal0p1,0.1% PAL,vulcan,Earth_0.1pc_o2_1e12s_48.2SZA_WPT_1rtol.vul,34.6896,105.64069704946924,679.7560223412695,3.613388929927501e-07,1.223080404317733e-22,4.709050753535564e-10
pal0p1,0.1% PAL,vulcan,Earth_0.1pc_o2_1e12s_48.2SZA_WPT_1rtol.vul,34.6896,108.73192371842504,701.1083482525992,3.137339493102141e-07,5.78317287609641e-23,1.8743870290908764e-10
pal0p1,0.1% PAL,vulcan,Earth_0.1pc_o2_1e12s_48.2SZA_WPT_1rtol.vul,34.6896,111.92175754917727,719.7375435594489,2.7240076520564e-07,3.0327539180832035e-23,8.313579529735922e-11
pal0p1,0.1% PAL,vulcan,Earth_0.1pc_o2_1e12s_48.2SZA_WPT_1rtol.vul,34.6896,115.19963416558676,735.9124174228241,2.3651306161721237e-07,1.6371477463254819e-23,3.810952983675942e-11
pal0p1,0.1% PAL,vulcan,Earth_0.1pc_o2_1e12s_48.2SZA_WPT_1rtol.vul,34.6896,118.5562867214206,749.9563168069212,2.0535341842126814e-07,8.660893583635336e-24,1.7176923799332773e-11
pal0p1,0.1% PAL,vulcan,Earth_0.1pc_o2_1e12s_48.2SZA_WPT_1rtol.vul,34.6896,121.9791012784172,760.0879946266723,1.7829893270567465e-07,6.709118854164065e-24,1.1399008392445148e-11
pal0p1,0.1% PAL,vulcan,Earth_0.1pc_o2_1e12s_48.2SZA_WPT_1rtol.vul,34.6896,125.45550707570426,768.1367362411515,1.548087665079265e-07,3.732128126286747e-24,5.44791441984913e-12
pal0p1,0.1% PAL,vulcan,Earth_0.1pc_o2_1e12s_48.2SZA_WPT_1rtol.vul,34.6896,128.97935465567028,775.1250885681696,1.3441333508858972e-07,2.368406710061989e-24,2.9747026695619646e-12
pal0p1,0.1% PAL,vulcan,Earth_0.1pc_o2_1e12s_48.2SZA_WPT_1rtol.vul,34.6896,132.54617690496812,780.7736128495945,1.167049196061674e-07,1.4689044468065588e-24,1.5902825710421763e-12
pal0p1,0.1% PAL,vulcan,Earth_0.1pc_o2_1e12s_48.2SZA_WPT_1rtol.vul,34.6896,136.14814757670848,783.9037698659545,1.013295165342428e-07,0.0,0.0
pal0p1,0.1% PAL,vulcan,Earth_0.1pc_o2_1e12s_48.2SZA_WPT_1rtol.vul,34.6896,139.77955236100965,786.6215413036485,8.797976088508267e-08,7.648513290728699e-25,6.195989671059661e-13
pal0p1,0.1% PAL,vulcan,Earth_0.1pc_o2_1e12s_48.2SZA_WPT_1rtol.vul,34.6896,143.43966153733925,788.9812573015811,7.638878177002412e-08,5.4686002656508545e-25,3.8349154576541067e-13
pal0p1,0.1% PAL,vulcan,Earth_0.1pc_o2_1e12s_48.2SZA_WPT_1rtol.vul,34.6896,147.1245283242356,789.5343293929213,6.632486746503248e-08,3.966740958021685e-25,2.413547945009993e-13
pal0p1,0.1% PAL,vulcan,Earth_0.1pc_o2_1e12s_48.2SZA_WPT_1rtol.vul,34.6896,150.82904641077758,789.2346176694329,5.7586833332382704e-08,2.913121244633581e-25,1.539544863708168e-13
pal0p1,0.1% PAL,vulcan,Earth_0.1pc_o2_1e12s_48.2SZA_WPT_1rtol.vul,34.6896,154.5524024737899,788.9743917582783,5e-08,2.1488302849661414e-25,9.863383755268832e-14
pal0p1,0.1% PAL,waccm,Earth_0.1pc_o2.cam.h0.0033-0036.nc,16.5312,0.29456808507664234,284.87283719798893,0.992556095123291,3.1281780060974796e-09,78942739835.71286
pal0p1,0.1% PAL,waccm,Earth_0.1pc_o2.cam.h0.0033-0036.nc,16.5312,0.4322995466730905,284.2244901044391,0.976325407391414,3.294442226411239e-09,81965616257.38101
pal0p1,0.1% PAL,waccm,Earth_0.1pc_o2.cam.h0.0033-0036.nc,16.5312,0.5942291929426279,283.18481829664825,0.957485479535535,3.2998964061321387e-09,80812632304.61565
pal0p1,0.1% PAL,waccm,Earth_0.1pc_o2.cam.h0.0033-0036.nc,16.5312,0.7802383615114589,281.8661210551221,0.9361983984708786,3.293140994430232e-09,79223141074.22955
pal0p1,0.1% PAL,waccm,Earth_0.1pc_o2.cam.h0.0033-0036.nc,16.5312,0.9899388550994099,280.41345005575624,0.912644546944648,3.2963139217827676e-09,77704846070.3205
pal0p1,0.1% PAL,waccm,Earth_0.1pc_o2.cam.h0.0033-0036.nc,16.5312,1.2229590684979954,278.8738450114845,0.8870202489197254,3.3265240435316662e-09,76636053782.21646
pal0p1,0.1% PAL,waccm,Earth_0.1pc_o2.cam.h0.0033-0036.nc,16.5312,1.4789539087380241,277.319002204362,0.8595347665250301,3.405014041582275e-09,76439782619.85968
pal0p1,0.1% PAL,waccm,Earth_0.1pc_o2.cam.h0.0033-0036.nc,16.5312,1.8511440171872169,275.33613916972007,0.8208583686500788,3.59794642387878e-09,77692021422.94617
pal0p1,0.1% PAL,waccm,Earth_0.1pc_o2.cam.h0.0033-0036.nc,16.5312,2.432527355533308,272.82223817949273,0.763404481112957,4.300110602311652e-09,87150780495.08092
pal0p1,0.1% PAL,waccm,Earth_0.1pc_o2.cam.h0.0033-0036.nc,16.5312,3.216143061912035,268.87807687914926,0.6913894303143024,5.515337758400475e-09,102720275079.51833
pal0p1,0.1% PAL,waccm,Earth_0.1pc_o2.cam.h0.0033-0036.nc,16.5312,4.1909719896392685,263.31969938611667,0.6097786948084831,7.330468786759757e-09,122952499503.7502
pal0p1,0.1% PAL,waccm,Earth_0.1pc_o2.cam.h0.0033-0036.nc,16.5312,5.328069045010871,256.21224298058814,0.5246871747076511,1.0029624110733567e-08,148765403419.37344
pal0p1,0.1% PAL,waccm,Earth_0.1pc_o2.cam.h0.0033-0036.nc,16.5312,6.51846002187227,247.88387066183822,0.445992574095726,1.3287571023814285e-08,173157646702.0366
pal0p1,0.1% PAL,waccm,Earth_0.1pc_o2.cam.h0.0033-0036.nc,16.5312,7.667578670388857,239.4354229874578,0.37910090386867523,1.671254932487216e-08,191657508110.45346
pal0p1,0.1% PAL,waccm,Earth_0.1pc_o2.cam.h0.0033-0036.nc,16.5312,8.77525212144834,231.02575515096567,0.3222419023513794,2.067621374320795e-08,208886005328.87314
pal0p1,0.1% PAL,waccm,Earth_0.1pc_o2.cam.h0.0033-0036.nc,16.5312,9.842867328406658,223.19208318668993,0.2739108167588711,2.577252589686117e-08,229088927570.24408
pal0p1,0.1% PAL,waccm,Earth_0.1pc_o2.cam.h0.0033-0036.nc,16.5312,10.873905198103405,216.29447581520955,0.23282861895859241,3.277180035876094e-08,255510029622.7163
pal0p1,0.1% PAL,waccm,Earth_0.1pc_o2.cam.h0.0033-0036.nc,16.5312,11.873568624151446,210.71226243478944,0.1979080867022276,4.2570470157763276e-08,289600224384.3561
pal0p1,0.1% PAL,waccm,Earth_0.1pc_o2.cam.h0.0033-0036.nc,16.5312,12.856611448594881,206.26516741540843,0.16822507977485657,5.488415996696145e-08,324211628843.2956
pal0p1,0.1% PAL,waccm,Earth_0.1pc_o2.cam.h0.0033-0036.nc,16.5312,13.828772882295173,202.38904729370103,0.14299403876066208,6.707582835757993e-08,343252483918.923
pal0p1,0.1% PAL,waccm,Earth_0.1pc_o2.cam.h0.0033-0036.nc,16.5312,14.782770483089097,198.6315008950166,0.12154724076390266,7.457760095152189e-08,330538541285.1796
pal0p1,0.1% PAL,waccm,Earth_0.1pc_o2.cam.h0.0033-0036.nc,16.5312,15.71912940784179,194.97545344946906,0.10331712663173676,7.370308522970628e-08,282875129404.0158
pal0p1,0.1% PAL,waccm,Earth_0.1pc_o2.cam.h0.0033-0036.nc,16.5312,16.63880066463699,191.623348076743,0.08782123029232025,6.871092268052056e-08,228083353992.37888
pal0p1,0.1% PAL,waccm,Earth_0.1pc_o2.cam.h0.0033-0036.nc,16.5312,17.612819693877302,188.80400336019153,0.07375095784664154,6.650230007947893e-08,188152437944.7342
pal0p1,0.1% PAL,waccm,Earth_0.1pc_o2.cam.h0.0033-0036.nc,16.5312,18.608249512414968,186.64930509362355,0.061520498245954514,6.729348037730012e-08,160650904247.26636
pal0p1,0.1% PAL,waccm,Earth_0.1pc_o2.cam.h0.0033-0036.nc,16.5312,19.55725700040818,185.08205107645455,0.05167749896645546,6.62734311679433e-08,134027327063.84941
pal0p1,0.1% PAL,waccm,Earth_0.1pc_o2.cam.h0.0033-0036.nc,16.5312,20.525492971406702,183.65118897667304,0.0431937500834465,6.306046862561597e-08,107423940233.33264
pal0p1,0.1% PAL,waccm,Earth_0.1pc_o2.cam.h0.0033-0036.nc,16.5312,21.512907874838106,182.21496836189567,0.035923250019550323,5.869041552929207e-08,83806069472.99236
pal0p1,0.1% PAL,waccm,Earth_0.1pc_o2.cam.h0.0033-0036.nc,16.5312,22.51887446124639,180.70729736017105,0.0297279991209507,5.367975616579348e-08,63961293877.84728
pal0p1,0.1% PAL,waccm,Earth_0.1pc_o2.cam.h0.0033-0036.nc,16.5312,23.54265351220101,179.17424259723276,0.02447899989783764,4.8235617707270694e-08,47731233192.47281
pal0p1,0.1% PAL,waccm,Earth_0.1pc_o2.cam.h0.0033-0036.nc,16.5312,24.58366813387433,177.62462538613786,0.020056750625371933,4.2956590958198055e-08,35132085050.79481
pal0p1,0.1% PAL,waccm,Earth_0.1pc_o2.cam.h0.0033-0036.nc,16.5312,25.641470387099915,176.08402846890596,0.01635175058618188,3.799486100767986e-08,25555587305.63315
pal0p1,0.1% PAL,waccm,Earth_0.1pc_o2.cam.h0.0033-0036.nc,16.5312,26.716064720652305,174.6627453738335,0.013264750130474567,3.34579342017465e-08,18404101994.35373
pal0p1,0.1% PAL,waccm,Earth_0.1pc_o2.cam.h0.0033-0036.nc,16.5312,27.808282342589024,173.55031526242095,0.01070705009624362,2.985467285709627e-08,13340541606.806255
pal0p1,0.1% PAL,waccm,Earth_0.1pc_o2.cam.h0.0033-0036.nc,16.5312,28.92027055057394,172.947165116017,0.00859972508624196,2.7293222122994884e-08,9829753957.971903
pal0p1,0.1% PAL,waccm,Earth_0.1pc_o2.cam.h0.0033-0036.nc,16.5312,30.055189750966207,172.85184791448177,0.006872850004583597,2.709444773248251e-08,7802968604.163746
pal0p1,0.1% PAL,waccm,Earth_0.1pc_o2.cam.h0.0033-0036.nc,16.5312,31.21580486066648,173.08444074250832,0.005465399939566851,3.018416833798025e-08,6903349323.080782
pal0p1,0.1% PAL,waccm,Earth_0.1pc_o2.cam.h0.0033-0036.nc,16.5312,32.40355265201366,173.4093957903407,0.004324574954807758,3.802095318940837e-08,6867687442.081862
pal0p1,0.1% PAL,waccm,Earth_0.1pc_o2.cam.h0.0033-0036.nc,16.5312,33.618527752682596,173.63896007468753,0.0034048750530928373,4.7618970642205076e-08,6763176537.119184
pal0p1,0.1% PAL,waccm,Earth_0.1pc_o2.cam.h0.0033-0036.nc,16.5312,34.86036335853204,173.83088695097314,0.0026674249675124884,5.521938090896349e-08,6137245786.11938
pal0p1,0.1% PAL,waccm,Earth_0.1pc_o2.cam.h0.0033-0036.nc,16.5312,36.12934562456161,174.14662958851966,0.0020793249714188278,5.9464024273346945e-08,5142547478.572735
pal0p1,0.1% PAL,waccm,Earth_0.1pc_o2.cam.h0.0033-0036.nc,16.5312,37.426602732596216,174.63007917204538,0.0016128499992191792,6.287397022699406e-08,4205934740.293222
pal0p1,0.1% PAL,waccm,Earth_0.1pc_o2.cam.h0.0033-0036.nc,16.5312,38.75260385751491,175.00080824859293,0.0012447949848137796,6.540619723610977e-08,3369716716.703398
pal0p1,0.1% PAL,waccm,Earth_0.1pc_o2.cam.h0.0033-0036.nc,16.5312,40.10598800972596,175.0960625109219,0.0009559475001879036,6.778560168802527e-08,2680475453.7959666
pal0p1,0.1% PAL,waccm,Earth_0.1pc_o2.cam.h0.0033-0036.nc,16.5312,41.48467282688162,174.9361802235444,0.0007304799801204354,7.137252443174023e-08,2158621278.8430653
pal0p1,0.1% PAL,waccm,Earth_0.1pc_o2.cam.h0.0033-0036.nc,16.5312,42.90578745675093,174.58870086752938,0.0005534699885174632,7.804524806095741e-08,1792012876.097877
pal0p1,0.1% PAL,waccm,Earth_0.1pc_o2.cam.h0.0033-0036.nc,16.5312,44.43967717471765,174.18328836736077,0.00041016750037670135,9.087101904658673e-08,1549875726.2018502
pal0p1,0.1% PAL,waccm,Earth_0.1pc_o2.cam.h0.0033-0036.nc,16.5312,46.17720362914463,173.86857367241578,0.00029202500445535406,1.4277765686048487e-07,1736904400.9091654
pal0p1,0.1% PAL,waccm,Earth_0.1pc_o2.cam.h0.0033-0036.nc,16.5312,48.158251481996764,173.62574431138563,0.00019811999663943425,2.9110824449433123e-07,2405943442.828102
pal0p1,0.1% PAL,waccm,Earth_0.1pc_o2.cam.h0.0033-0036.nc,16.5312,50.37318633745842,173.23015082444442,0.00012827324826503173,4.44479539581548e-07,2383861943.5467596
pal0p1,0.1% PAL,waccm,Earth_0.1pc_o2.cam.h0.0033-0036.nc,16.5312,52.77628319949089,172.881699345281,7.991075108293444e-05,4.463111198586578e-07,1494206476.8375223
pal0p1,0.1% PAL,waccm,Earth_0.1pc_o2.cam.h0.0033-0036.nc,16.5312,55.28317584029995,173.21380116429287,4.873074976785574e-05,2.676766563267058e-07,545441046.4477577
pal0p1,0.1% PAL,waccm,Earth_0.1pc_o2.cam.h0.0033-0036.nc,16.5312,57.82849527445915,174.76026462242234,2.9557750167441554e-05,1.9372426282019994e-07,237317308.72847962
pal0p1,0.1% PAL,waccm,Earth_0.1pc_o2.cam.h0.0033-0036.nc,16.5312,60.413639857712084,177.41960650362714,1.789799989637686e-05,2.474221939675333e-07,180783279.50363162
pal0p1,0.1% PAL,waccm,Earth_0.1pc_o2.cam.h0.0033-0036.nc,16.5312,63.053428441345936,180.88405202344433,1.0813825610966887e-05,3.60995497360047e-07,156313895.34737754
pal0p1,0.1% PAL,waccm,Earth_0.1pc_o2.cam.h0.0033-0036.nc,16.5312,65.72639840083497,184.68552396631884,6.556825610459782e-06,4.663459923152456e-07,119918377.36416884
pal0p1,0.1% PAL,waccm,Earth_0.1pc_o2.cam.h0.0033-0036.nc,16.5312,68.45228189522811,188.02363188472117,3.978249878855422e-06,5.099367185938023e-07,78147056.27754852
pal0p1,0.1% PAL,waccm,Earth_0.1pc_o2.cam.h0.0033-0036.nc,16.5312,71.23832154654141,190.45192185201765,2.4045749569268082e-06,4.6085179773938846e-07,42143535.20402601
pal0p1,0.1% PAL,waccm,Earth_0.1pc_o2.cam.h0.0033-0036.nc,16.5312,74.03915161089684,192.45640344884887,1.458457461467333e-06,3.497484488930043e-07,19197024.337890923
pal0p1,0.1% PAL,waccm,Earth_0.1pc_o2.cam.h0.0033-0036.nc,16.5312,76.87316026840408,195.0288283783501,8.846024854847201e-07,2.338715300314061e-07,7683222.633284286
pal0p1,0.1% PAL,waccm,Earth_0.1pc_o2.cam.h0.0033-0036.nc,16.5312,79.76057813805403,199.93928610686157,5.365325108641628e-07,1.403478671801192e-07,2727849.7162248786
pal0p1,0.1% PAL,waccm,Earth_0.1pc_o2.cam.h0.0033-0036.nc,16.5312,82.75748868182036,210.46259153624936,3.254225049431625e-07,7.070489075512455e-08,791842.5642473572
pal0p1,0.1% PAL,waccm,Earth_0.1pc_o2.cam.h0.0033-0036.nc,16.5312,85.9763530011027,231.12045331870263,1.9738000389679655e-07,2.6285055486391674e-08,162588.7110024165
pal0p1,0.1% PAL,waccm,Earth_0.1pc_o2.cam.h0.0033-0036.nc,16.5312,89.59854671064075,266.834820924887,1.1971900093499244e-07,5.866051121279932e-09,19062.644202928088
pal0p1,0.1% PAL,waccm,Earth_0.1pc_o2.cam.h0.0033-0036.nc,16.5312,93.86350816596727,320.41153352404854,7.261274781455995e-08,7.98626786883288e-10,1310.8871952227514
pal0p1,0.1% PAL,waccm,Earth_0.1pc_o2.cam.h0.0033-0036.nc,16.5312,98.9985213546051,386.7771963288548,4.404100018007284e-08,1.1111177440906456e-10,91.63747474822422
pal0p1,0.1% PAL,waccm,Earth_0.1pc_o2.cam.h0.0033-0036.nc,16.5312,105.11941135943897,455.3424095906362,2.671225107775399e-08,2.3005337097229533e-11,9.775021142572816
pal0p1,0.1% PAL,waccm,Earth_0.1pc_o2.cam.h0.0033-0036.nc,16.5312,112.20852723390091,518.6516873746646,1.6201850527863826e-08,6.964997314821573e-12,1.5758921664446983
pal0p1,0.1% PAL,waccm,Earth_0.1pc_o2.cam.h0.0033-0036.nc,16.5312,120.16001930609791,572.3843711758733,9.826900182474674e-09,2.706962800872103e-12,0.3366105960064212
pal0p1,0.1% PAL,waccm,Earth_0.1pc_o2.cam.h0.0033-0036.nc,16.5312,128.7893566989422,609.9329590827856,5.960300031304655e-09,1.2571139695576394e-12,0.08897692438632494
pal0p1,0.1% PAL,waccm_eq,Earth_0.1pc_o2.cam.h0.0033-0036.nc,16.1674,0.06564456939697266,297.07806396484375,0.992556095123291,1.6476787711994234e-09,39872525019.506836
pal0p1,0.1% PAL,waccm_eq,Earth_0.1pc_o2.cam.h0.0033-0036.nc,16.1674,0.2101636047363281,295.7545166015625,0.976325407391414,1.6574427386117918e-09,39629487531.43537
pal0p1,0.1% PAL,waccm_eq,Earth_0.1pc_o2.cam.h0.0033-0036.nc,16.1674,0.3802738037109375,294.19384765625,0.957485479535535,1.6807856217937456e-09,39621202465.79746
pal0p1,0.1% PAL,waccm_eq,Earth_0.1pc_o2.cam.h0.0033-0036.nc,16.1674,0.5754303588867188,292.5116271972656,0.9361983984708786,1.7352000947212787e-09,40224535724.63065
pal0p1,0.1% PAL,waccm_eq,Earth_0.1pc_o2.cam.h0.0033-0036.nc,16.1674,0.7952359619140625,290.8109436035156,0.912644546944648,1.8527427370074179e-09,42113637488.18448
pal0p1,0.1% PAL,waccm_eq,Earth_0.1pc_o2.cam.h0.0033-0036.nc,16.1674,1.03935009765625,289.2143859863281,0.8870202489197254,2.1074331169046445e-09,46814906475.06926
pal0p1,0.1% PAL,waccm_eq,Earth_0.1pc_o2.cam.h0.0033-0036.nc,16.1674,1.3075772705078126,287.8584899902344,0.8595347665250301,2.451782998846852e-09,53025302089.92768
pal0p1,0.1% PAL,waccm_eq,Earth_0.1pc_o2.cam.h0.0033-0036.nc,16.1674,1.6979708251953125,286.17578125,0.8208583686500788,2.6563142796476313e-09,55186331746.48913
pal0p1,0.1% PAL,waccm_eq,Earth_0.1pc_o2.cam.h0.0033-0036.nc,16.1674,2.308170654296875,283.5025939941406,0.763404481112957,2.676138421975338e-09,52194285716.45652
pal0p1,0.1% PAL,waccm_eq,Earth_0.1pc_o2.cam.h0.0033-0036.nc,16.1674,3.12976806640625,278.59765625,0.6913894303143024,2.4964339484512266e-09,44872686841.01761
pal0p1,0.1% PAL,waccm_eq,Earth_0.1pc_o2.cam.h0.0033-0036.nc,16.1674,4.15259130859375,273.44964599609375,0.6097786948084831,3.2606810584923096e-09,52664736895.644424
pal0p1,0.1% PAL,waccm_eq,Earth_0.1pc_o2.cam.h0.0033-0036.nc,16.1674,5.349759765625,266.9158935546875,0.5246871747076511,8.380488303316724e-09,119319673265.59708
pal0p1,0.1% PAL,waccm_eq,Earth_0.1pc_o2.cam.h0.0033-0036.nc,16.1674,6.60760546875,258.8131103515625,0.445992574095726,1.4743839926723012e-08,184021548153.12183
pal0p1,0.1% PAL,waccm_eq,Earth_0.1pc_o2.cam.h0.0033-0036.nc,16.1674,7.8238896484375,249.3491973876953,0.37910090386867523,1.7109806904613833e-08,188412048243.2211
pal0p1,0.1% PAL,waccm_eq,Earth_0.1pc_o2.cam.h0.0033-0036.nc,16.1674,8.9954453125,239.74554443359375,0.3222419023513794,1.7914256744688828e-08,174400200338.6372
pal0p1,0.1% PAL,waccm_eq,Earth_0.1pc_o2.cam.h0.0033-0036.nc,16.1674,10.122771484375,230.40643310546875,0.2739108167588711,2.0494262287229503e-08,176467035335.00262
pal0p1,0.1% PAL,waccm_eq,Earth_0.1pc_o2.cam.h0.0033-0036.nc,16.1674,11.2076650390625,221.48260498046875,0.23282861895859241,2.7481723563482774e-08,209246124638.13806
pal0p1,0.1% PAL,waccm_eq,Earth_0.1pc_o2.cam.h0.0033-0036.nc,16.1674,12.252833984375,213.20025634765625,0.1979080867022276,3.9976267629526774e-08,268778656599.72678
pal0p1,0.1% PAL,waccm_eq,Earth_0.1pc_o2.cam.h0.0033-0036.nc,16.1674,13.2557548828125,205.73423767089844,0.16822507977485657,5.644607625754361e-08,334298668416.9763
pal0p1,0.1% PAL,waccm_eq,Earth_0.1pc_o2.cam.h0.0033-0036.nc,16.1674,14.2194736328125,199.3004608154297,0.14299403876066208,7.374090671419253e-08,383208223663.30334
pal0p1,0.1% PAL,waccm_eq,Earth_0.1pc_o2.cam.h0.0033-0036.nc,16.1674,15.153779296875,193.381591796875,0.12154724076390266,8.511956650636421e-08,387503914618.5584
pal0p1,0.1% PAL,waccm_eq,Earth_0.1pc_o2.cam.h0.0033-0036.nc,16.1674,16.061083984375,187.96127319335938,0.10331712663173676,8.032895237874982e-08,319810531909.39307
pal0p1,0.1% PAL,waccm_eq,Earth_0.1pc_o2.cam.h0.0033-0036.nc,16.1674,16.943939453125,183.11753845214844,0.08782123029232025,6.685436915176979e-08,232228805084.54538
pal0p1,0.1% PAL,waccm_eq,Earth_0.1pc_o2.cam.h0.0033-0036.nc,16.1674,17.875302734375,180.6387939453125,0.07375095784664154,6.574326505415229e-08,194412697600.604
pal0p1,0.1% PAL,waccm_eq,Earth_0.1pc_o2.cam.h0.0033-0036.nc,16.1674,18.83033203125,179.66078186035156,0.061520498245954514,7.219725262075372e-08,179062212936.83533
pal0p1,0.1% PAL,waccm_eq,Earth_0.1pc_o2.cam.h0.0033-0036.nc,16.1674,19.745677734375,178.8959197998047,0.05167749896645546,7.319655281889936e-08,153146965983.94556
pal0p1,0.1% PAL,waccm_eq,Earth_0.1pc_o2.cam.h0.0033-0036.nc,16.1674,20.682814453125,178.00210571289062,0.0431937500834465,7.19948474170451e-08,126535942474.60342
pal0p1,0.1% PAL,waccm_eq,Earth_0.1pc_o2.cam.h0.0033-0036.nc,16.1674,21.640689453125,176.9237060546875,0.035923250019550323,6.998534729518724e-08,102923235979.98766
pal0p1,0.1% PAL,waccm_eq,Earth_0.1pc_o2.cam.h0.0033-0036.nc,16.1674,22.61819921875,175.73707580566406,0.0297279991209507,6.57015846172726e-08,80499808147.38077
pal0p1,0.1% PAL,waccm_eq,Earth_0.1pc_o2.cam.h0.0033-0036.nc,16.1674,23.614732421875,174.5736846923828,0.02447899989783764,5.8018258641823195e-08,58924553319.26966
pal0p1,0.1% PAL,waccm_eq,Earth_0.1pc_o2.cam.h0.0033-0036.nc,16.1674,24.629458984375,173.21826171875,0.020056750625371933,4.9252395939447524e-08,41305794316.96143
pal0p1,0.1% PAL,waccm_eq,Earth_0.1pc_o2.cam.h0.0033-0036.nc,16.1674,25.661279296875,171.80421447753906,0.01635175058618188,4.0245016208473317e-08,27743373263.641758
pal0p1,0.1% PAL,waccm_eq,Earth_0.1pc_o2.cam.h0.0033-0036.nc,16.1674,26.709876953125,170.45870971679688,0.013264750130474567,3.2181731057789875e-08,18138693204.025627
pal0p1,0.1% PAL,waccm_eq,Earth_0.1pc_o2.cam.h0.0033-0036.nc,16.1674,27.7763828125,169.5613250732422,0.01070705009624362,2.5865805497460315e-08,11830027595.18006
pal0p1,0.1% PAL,waccm_eq,Earth_0.1pc_o2.cam.h0.0033-0036.nc,16.1674,28.864998046875,169.67071533203125,0.00859972508624196,2.1380058612407993e-08,7848800421.278395
pal0p1,0.1% PAL,waccm_eq,Earth_0.1pc_o2.cam.h0.0033-0036.nc,16.1674,29.98208984375,170.72706604003906,0.006872850004583597,2.154791367559028e-08,6282846266.059711
pal0p1,0.1% PAL,waccm_eq,Earth_0.1pc_o2.cam.h0.0033-0036.nc,16.1674,31.133517578125,172.51345825195312,0.005465399939566851,2.717589886458427e-08,6235906593.770089
pal0p1,0.1% PAL,waccm_eq,Earth_0.1pc_o2.cam.h0.0033-0036.nc,16.1674,32.3238984375,174.80426025390625,0.004324574954807758,4.4166341695017763e-08,7914064060.63632
pal0p1,0.1% PAL,waccm_eq,Earth_0.1pc_o2.cam.h0.0033-0036.nc,16.1674,33.55553125,177.06185913085938,0.0034048750530928373,6.446467182286142e-08,8978724642.725864
pal0p1,0.1% PAL,waccm_eq,Earth_0.1pc_o2.cam.h0.0033-0036.nc,16.1674,34.826265625,178.53240966796875,0.0026674249675124884,7.810128010987683e-08,8451815630.337348
pal0p1,0.1% PAL,waccm_eq,Earth_0.1pc_o2.cam.h0.0033-0036.nc,16.1674,36.130546875,179.13368225097656,0.0020793249714188278,8.23859238607838e-08,6926516121.755711
pal0p1,0.1% PAL,waccm_eq,Earth_0.1pc_o2.cam.h0.0033-0036.nc,16.1674,37.46467578125,179.55406188964844,0.0016128499992191792,8.501387327441989e-08,5531020456.78612
pal0p1,0.1% PAL,waccm_eq,Earth_0.1pc_o2.cam.h0.0033-0036.nc,16.1674,38.8284375,180.03611755371094,0.0012447949848137796,8.760708425370467e-08,4387267699.276507
pal0p1,0.1% PAL,waccm_eq,Earth_0.1pc_o2.cam.h0.0033-0036.nc,16.1674,40.22178125,180.40728759765625,0.0009559475001879036,9.138158674204533e-08,3507158366.748304
pal0p1,0.1% PAL,waccm_eq,Earth_0.1pc_o2.cam.h0.0033-0036.nc,16.1674,41.6442421875,180.75767517089844,0.0007304799801204354,9.60120090098826e-08,2810307520.0088334
pal0p1,0.1% PAL,waccm_eq,Earth_0.1pc_o2.cam.h0.0033-0036.nc,16.1674,43.11448046875,180.8590087890625,0.0005534699885174632,1.0478042611339333e-07,2322473716.8470683
pal0p1,0.1% PAL,waccm_eq,Earth_0.1pc_o2.cam.h0.0033-0036.nc,16.1674,44.7055078125,180.90240478515625,0.00041016750037670135,1.232673128015449e-07,2024331121.4236882
pal0p1,0.1% PAL,waccm_eq,Earth_0.1pc_o2.cam.h0.0033-0036.nc,16.1674,46.5120625,180.9716339111328,0.00029202500445535406,2.115026518367813e-07,2471963569.4758887
pal0p1,0.1% PAL,waccm_eq,Earth_0.1pc_o2.cam.h0.0033-0036.nc,16.1674,48.57034765625,180.06837463378906,0.00019811999663943425,4.23330419607737e-07,3373549305.134247
pal0p1,0.1% PAL,waccm_eq,Earth_0.1pc_o2.cam.h0.0033-0036.nc,16.1674,50.85669140625,177.9315643310547,0.00012827324826503173,6.085016366341733e-07,3177324441.0888386
pal0p1,0.1% PAL,waccm_eq,Earth_0.1pc_o2.cam.h0.0033-0036.nc,16.1674,53.3084296875,175.06385803222656,7.991075108293444e-05,5.900511723666568e-07,1950810625.4475987
pal0p1,0.1% PAL,waccm_eq,Earth_0.1pc_o2.cam.h0.0033-0036.nc,16.1674,55.8265859375,172.3628387451172,4.873074976785574e-05,3.6847913520432485e-07,754551825.2812821
pal0p1,0.1% PAL,waccm_eq,Earth_0.1pc_o2.cam.h0.0033-0036.nc,16.1674,58.33797265625,170.70848083496094,2.9557750167441554e-05,2.5049027385648515e-07,314140449.9043969
pal0p1,0.1% PAL,waccm_eq,Earth_0.1pc_o2.cam.h0.0033-0036.nc,16.1674,60.8508671875,171.48602294921875,1.789799989637686e-05,2.805851124776382e-07,212108031.8923169
pal0p1,0.1% PAL,waccm_eq,Earth_0.1pc_o2.cam.h0.0033-0036.nc,16.1674,63.40423046875,175.1101837158203,1.0813825610966887e-05,4.014420653675188e-07,179559155.29478362
pal0p1,0.1% PAL,waccm_eq,Earth_0.1pc_o2.cam.h0.0033-0036.nc,16.1674,65.9987578125,179.8229522705078,6.556825610459782e-06,5.682659320882522e-07,150077935.71859232
pal0p1,0.1% PAL,waccm_eq,Earth_0.1pc_o2.cam.h0.0033-0036.nc,16.1674,68.659671875,184.07659912109375,3.978249878855422e-06,7.162342399169574e-07,112115400.42856513
pal0p1,0.1% PAL,waccm_eq,Earth_0.1pc_o2.cam.h0.0033-0036.nc,16.1674,71.3931328125,187.33380126953125,2.4045749569268082e-06,6.888772645652352e-07,64044338.32405479
pal0p1,0.1% PAL,waccm_eq,Earth_0.1pc_o2.cam.h0.0033-0036.nc,16.1674,74.1517265625,189.84413146972656,1.458457461467333e-06,4.664924802000314e-07,25957206.65669103
pal0p1,0.1% PAL,waccm_eq,Earth_0.1pc_o2.cam.h0.0033-0036.nc,16.1674,76.948484375,192.56358337402344,8.846024854847201e-07,2.51272382456591e-07,8360561.986270233
pal0p1,0.1% PAL,waccm_eq,Earth_0.1pc_o2.cam.h0.0033-0036.nc,16.1674,79.799671875,197.4511260986328,5.365325108641628e-07,1.4004837112224777e-07,2756329.9700496946
pal0p1,0.1% PAL,waccm_eq,Earth_0.1pc_o2.cam.h0.0033-0036.nc,16.1674,82.7624453125,208.31484985351562,3.254225049431625e-07,8.347713986722738e-08,944521.0292722245
pal0p1,0.1% PAL,waccm_eq,Earth_0.1pc_o2.cam.h0.0033-0036.nc,16.1674,85.9630703125,230.93894958496094,1.9738000389679655e-07,3.4665635695319e-08,214596.11388747318
pal0p1,0.1% PAL,waccm_eq,Earth_0.1pc_o2.cam.h0.0033-0036.nc,16.1674,89.5978671875,268.9273681640625,1.1971900093499244e-07,6.615758607608768e-09,21331.65003654839
pal0p1,0.1% PAL,waccm_eq,Earth_0.1pc_o2.cam.h0.0033-0036.nc,16.1674,93.8966953125,322.986328125,7.261274781455995e-08,6.673203101215108e-10,1086.6252504072404
pal0p1,0.1% PAL,waccm_eq,Earth_0.1pc_o2.cam.h0.0033-0036.nc,16.1674,99.0678671875,389.12530517578125,4.404100018007284e-08,8.769227705096583e-11,71.88623919650101
pal0p1,0.1% PAL,waccm_eq,Earth_0.1pc_o2.cam.h0.0033-0036.nc,16.1674,105.220109375,457.2403869628906,2.671225107775399e-08,2.0011818591125774e-11,8.467772454384253
pal0p1,0.1% PAL,waccm_eq,Earth_0.1pc_o2.cam.h0.0033-0036.nc,16.1674,112.30346875,515.5527954101562,1.6201850527863826e-08,6.640427790971515e-12,1.5114864248841449
pal0p1,0.1% PAL,waccm_eq,Earth_0.1pc_o2.cam.h0.0033-0036.nc,16.1674,120.1280703125,557.1338500976562,9.826900182474674e-09,2.8593444886121366e-12,0.365292030661708
pal0p1,0.1% PAL,waccm_eq,Earth_0.1pc_o2.cam.h0.0033-0036.nc,16.1674,128.40975,576.1373291015625,5.960300031304655e-09,1.5135756146686385e-12,0.11341302818056233
pal100,100% PAL,atmos,PTZ_mixingratios_out.dist,259.2118,0.25,288.2,0.9831,1.442e-08,356275285955.8562
pal100,100% PAL,atmos,PTZ_mixingratios_out.dist,259.2118,0.75,285.7,0.9265,1.524e-08,357961951944.73724
pal100,100% PAL,atmos,PTZ_mixingratios_out.dist,259.2118,1.25,282.3,0.8726,1.632e-08,365376997165.7024
pal100,100% PAL,atmos,PTZ_mixingratios_out.dist,259.2118,1.75,279.3,0.8212,1.764e-08,375658571859.283
pal100,100% PAL,atmos,PTZ_mixingratios_out.dist,259.2118,2.25,276.9,0.7724,1.919e-08,387713569831.1571
pal100,100% PAL,atmos,PTZ_mixingratios_out.dist,259.2118,2.75,274.8,0.7262,2.098e-08,401570422343.29333
pal100,100% PAL,atmos,PTZ_mixingratios_out.dist,259.2118,3.25,272.3,0.6823,2.298e-08,417056094144.3297
pal100,100% PAL,atmos,PTZ_mixingratios_out.dist,259.2118,3.75,269.6,0.6407,2.516e-08,433074078761.9055
pal100,100% PAL,atmos,PTZ_mixingratios_out.dist,259.2118,4.25,266.8,0.6013,2.749e-08,448742120423.1414
pal100,100% PAL,atmos,PTZ_mixingratios_out.dist,259.2118,4.75,263.9,0.5639,2.995e-08,463528293543.56793
pal100,100% PAL,atmos,PTZ_mixingratios_out.dist,259.2118,5.25,260.9,0.5284,3.251e-08,476894612986.4327
pal100,100% PAL,atmos,PTZ_mixingratios_out.dist,259.2118,5.75,257.8,0.4948,3.517e-08,488917816542.69415
pal100,100% PAL,atmos,PTZ_mixingratios_out.dist,259.2118,6.25,254.5,0.4629,3.792e-08,499556299752.8307
pal100,100% PAL,atmos,PTZ_mixingratios_out.dist,259.2118,6.75,251.1,0.4327,4.077e-08,508859177081.57153
pal100,100% PAL,atmos,PTZ_mixingratios_out.dist,259.2118,7.25,247.6,0.4042,4.376e-08,517415815629.4297
pal100,100% PAL,atmos,PTZ_mixingratios_out.dist,259.2118,7.75,244.0,0.3771,4.691e-08,525108267863.90515
pal100,100% PAL,atmos,PTZ_mixingratios_out.dist,259.2118,8.25,240.4,0.3515,5.027e-08,532373547987.63043
pal100,100% PAL,atmos,PTZ_mixingratios_out.dist,259.2118,8.75,236.8,0.3272,5.392e-08,539632624398.5569
pal100,100% PAL,atmos,PTZ_mixingratios_out.dist,259.2118,9.25,233.2,0.3044,5.795e-08,547881025058.03546
pal100,100% PAL,atmos,PTZ_mixingratios_out.dist,259.2118,9.75,229.7,0.2828,6.245e-08,556887628506.3507
pal100,100% PAL,atmos,PTZ_mixingratios_out.dist,259.2118,10.25,226.3,0.2624,6.754e-08,567227202822.0743
pal100,100% PAL,atmos,PTZ_mixingratios_out.dist,259.2118,10.75,223.4,0.2433,7.333e-08,578438701423.8842
pal100,100% PAL,atmos,PTZ_mixingratios_out.dist,259.2118,11.25,220.4,0.2253,7.996e-08,592023715657.046
pal100,100% PAL,atmos,PTZ_mixingratios_out.dist,259.2118,11.75,218.1,0.2085,8.751e-08,605933264307.791
pal100,100% PAL,atmos,PTZ_mixingratios_out.dist,259.2118,12.25,215.8,0.1928,9.607e-08,621670267921.0571
pal100,100% PAL,atmos,PTZ_mixingratios_out.dist,259.2118,12.75,214.1,0.1781,1.057e-07,636852644882.9484
pal100,100% PAL,atmos,PTZ_mixingratios_out.dist,259.2118,13.25,212.3,0.1644,1.165e-07,653423066912.4172
pal100,100% PAL,atmos,PTZ_mixingratios_out.dist,259.2118,13.75,210.8,0.1517,1.285e-07,669784077826.8424
pal100,100% PAL,atmos,PTZ_mixingratios_out.dist,259.2118,14.25,209.4,0.1399,1.42e-07,687141373818.2704
pal100,100% PAL,atmos,PTZ_mixingratios_out.dist,259.2118,14.75,208.1,0.129,1.576e-07,707604458333.9645
pal100,100% PAL,atmos,PTZ_mixingratios_out.dist,259.2118,15.25,206.9,0.1188,1.761e-07,732372491133.4269
pal100,100% PAL,atmos,PTZ_mixingratios_out.dist,259.2118,15.75,206.2,0.1094,1.992e-07,765481523333.6064
pal100,100% PAL,atmos,PTZ_mixingratios_out.dist,259.2118,16.25,205.4,0.1008,2.3e-07,817531784049.9977
pal100,100% PAL,atmos,PTZ_mixingratios_out.dist,259.2118,16.75,205.4,0.09277,2.732e-07,893726282317.3806
pal100,100% PAL,atmos,PTZ_mixingratios_out.dist,259.2118,17.25,205.5,0.08541,3.362e-07,1012071795517.0061
pal100,100% PAL,atmos,PTZ_mixingratios_out.dist,259.2118,17.75,206.4,0.07865,4.297e-07,1185962904447.1226
pal100,100% PAL,atmos,PTZ_mixingratios_out.dist,259.2118,18.25,207.3,0.07245,5.663e-07,1433515412562.7607
pal100,100% PAL,atmos,PTZ_mixingratios_out.dist,259.2118,18.75,208.4,0.06676,7.56e-07,1754111218848.4827
pal100,100% PAL,atmos,PTZ_mixingratios_out.dist,259.2118,19.25,209.6,0.06155,1.001e-06,2129058397411.829
pal100,100% PAL,atmos,PTZ_mixingratios_out.dist,259.2118,19.75,210.7,0.05678,1.293e-06,2523748621782.94
pal100,100% PAL,atmos,PTZ_mixingratios_out.dist,259.2118,20.25,211.8,0.05239,1.621e-06,2904170936112.239
pal100,100% PAL,atmos,PTZ_mixingratios_out.dist,259.2118,20.75,212.8,0.04837,1.973e-06,3248241168503.0957
pal100,100% PAL,atmos,PTZ_mixingratios_out.dist,259.2118,21.25,213.7,0.04467,2.341e-06,3544292545622.2236
pal100,100% PAL,atmos,PTZ_mixingratios_out.dist,259.2118,21.75,214.6,0.04126,2.719e-06,3786390753654.3506
pal100,100% PAL,atmos,PTZ_mixingratios_out.dist,259.2118,22.25,215.4,0.03813,3.105e-06,3981066463492.8027
pal100,100% PAL,atmos,PTZ_mixingratios_out.dist,259.2118,22.75,216.3,0.03525,3.496e-06,4126584505657.251
pal100,100% PAL,atmos,PTZ_mixingratios_out.dist,259.2118,23.25,217.1,0.0326,3.888e-06,4228640356257.211
pal100,100% PAL,atmos,PTZ_mixingratios_out.dist,259.2118,23.75,218.0,0.03015,4.281e-06,4288375123357.257
pal100,100% PAL,atmos,PTZ_mixingratios_out.dist,259.2118,24.25,218.9,0.0279,4.671e-06,4312062294763.759
pal100,100% PAL,atmos,PTZ_mixingratios_out.dist,259.2118,24.75,219.8,0.02583,5.055e-06,4302635888126.331
pal100,100% PAL,atmos,PTZ_mixingratios_out.dist,259.2118,25.25,220.7,0.02391,5.431e-06,4261610590775.588
pal100,100% PAL,atmos,PTZ_mixingratios_out.dist,259.2118,25.75,221.7,0.02215,5.794e-06,4192791300920.464
pal100,100% PAL,atmos,PTZ_mixingratios_out.dist,259.2118,26.25,222.6,0.02052,6.142e-06,4100895719421.8003
pal100,100% PAL,atmos,PTZ_mixingratios_out.dist,259.2118,26.75,223.5,0.01902,6.472e-06,3989222051543.593
pal100,100% PAL,atmos,PTZ_mixingratios_out.dist,259.2118,27.25,224.4,0.01764,6.781e-06,3860878989937.008
pal100,100% PAL,atmos,PTZ_mixingratios_out.dist,259.2118,27.75,225.3,0.01636,7.067e-06,3716840427602.8994
pal100,100% PAL,atmos,PTZ_mixingratios_out.dist,259.2118,28.25,226.2,0.01518,7.326e-06,3560924802686.6416
pal100,100% PAL,atmos,PTZ_mixingratios_out.dist,259.2118,28.75,227.1,0.01408,7.558e-06,3393978802008.0776
pal100,100% PAL,atmos,PTZ_mixingratios_out.dist,259.2118,29.25,228.0,0.01307,7.759e-06,3221537638674.4526
pal100,100% PAL,atmos,PTZ_mixingratios_out.dist,259.2118,29.75,228.9,0.01214,7.93e-06,3046230756545.506
pal100,100% PAL,atmos,PTZ_mixingratios_out.dist,259.2118,30.25,229.8,0.01128,8.067e-06,2868057470690.36
pal100,100% PAL,atmos,PTZ_mixingratios_out.dist,259.2118,30.75,230.8,0.01048,8.17e-06,2686978874940.051
pal100,100% PAL,atmos,PTZ_mixingratios_out.dist,259.2118,31.25,231.9,0.009739,8.238e-06,2505832987629.8486
pal100,100% PAL,atmos,PTZ_mixingratios_out.dist,259.2118,31.75,232.9,0.009055,8.272e-06,2329411467772.08
pal100,100% PAL,atmos,PTZ_mixingratios_out.dist,259.2118,32.25,234.1,0.008423,8.273e-06,2155981989970.4697
pal100,100% PAL,atmos,PTZ_mixingratios_out.dist,259.2118,32.75,235.3,0.007837,8.242e-06,1988278640789.275
pal100,100% PAL,atmos,PTZ_mixingratios_out.dist,259.2118,33.25,236.6,0.007295,8.184e-06,1827649424261.8757
pal100,100% PAL,atmos,PTZ_mixingratios_out.dist,259.2118,33.75,237.9,0.006794,8.101e-06,1675662111803.6365
pal100,100% PAL,atmos,PTZ_mixingratios_out.dist,259.2118,34.25,239.3,0.006329,7.997e-06,1531920438307.335
pal100,100% PAL,atmos,PTZ_mixingratios_out.dist,259.2118,34.75,240.7,0.005899,7.876e-06,1398056524685.3557
pal100,100% PAL,atmos,PTZ_mixingratios_out.dist,259.2118,35.25,242.1,0.0055,7.744e-06,1274236266911.0796
pal100,100% PAL,atmos,PTZ_mixingratios_out.dist,259.2118,35.75,243.5,0.00513,7.603e-06,1160165929345.4058
pal100,100% PAL,atmos,PTZ_mixingratios_out.dist,259.2118,36.25,244.9,0.004787,7.455e-06,1055453264427.9724
pal100,100% PAL,atmos,PTZ_mixingratios_out.dist,259.2118,36.75,246.3,0.004469,7.302e-06,959631485564.774
pal100,100% PAL,atmos,PTZ_mixingratios_out.dist,259.2118,37.25,247.7,0.004174,7.146e-06,872180087775.58
pal100,100% PAL,atmos,PTZ_mixingratios_out.dist,259.2118,37.75,249.1,0.0039,6.987e-06,792315842965.5824
pal100,100% PAL,atmos,PTZ_mixingratios_out.dist,259.2118,38.25,250.4,0.003645,6.823e-06,719374926692.4027
pal100,100% PAL,atmos,PTZ_mixingratios_out.dist,259.2118,38.75,251.8,0.003408,6.656e-06,652490046307.4978
pal100,100% PAL,atmos,PTZ_mixingratios_out.dist,259.2118,39.25,253.1,0.003188,6.486e-06,591724878598.6067
pal100,100% PAL,atmos,PTZ_mixingratios_out.dist,259.2118,39.75,254.5,0.002983,6.313e-06,535942223043.33264
pal100,100% PAL,atmos,PTZ_mixingratios_out.dist,259.2118,40.25,255.8,0.002792,6.137e-06,485163046438.49915
pal100,100% PAL,atmos,PTZ_mixingratios_out.dist,259.2118,40.75,257.1,0.002614,5.963e-06,439121835671.72205
pal100,100% PAL,atmos,PTZ_mixingratios_out.dist,259.2118,41.25,258.3,0.002448,5.791e-06,397518449278.0945
pal100,100% PAL,atmos,PTZ_mixingratios_out.dist,259.2118,41.75,259.5,0.002294,5.619e-06,359775678420.68335
pal100,100% PAL,atmos,PTZ_mixingratios_out.dist,259.2118,42.25,260.8,0.00215,5.447e-06,325240758672.8117
pal100,100% PAL,atmos,PTZ_mixingratios_out.dist,259.2118,42.75,261.8,0.002016,5.282e-06,294602209532.8391
pal100,100% PAL,atmos,PTZ_mixingratios_out.dist,259.2118,43.25,262.7,0.00189,5.12e-06,266801587703.14084
pal100,100% PAL,atmos,PTZ_mixingratios_out.dist,259.2118,43.75,263.7,0.001773,4.955e-06,241300922343.844
pal100,100% PAL,atmos,PTZ_mixingratios_out.dist,259.2118,44.25,264.6,0.001664,4.788e-06,218089291271.541
pal100,100% PAL,atmos,PTZ_mixingratios_out.dist,259.2118,44.75,265.2,0.001561,4.629e-06,197348250828.68353
pal100,100% PAL,atmos,PTZ_mixingratios_out.dist,259.2118,45.25,265.7,0.001465,4.472e-06,178593061635.0215
pal100,100% PAL,atmos,PTZ_mixingratios_out.dist,259.2118,45.75,266.2,0.001375,4.31e-06,161245882872.58292
pal100,100% PAL,atmos,PTZ_mixingratios_out.dist,259.2118,46.25,266.7,0.001291,4.146e-06,145361448389.63794
pal100,100% PAL,atmos,PTZ_mixingratios_out.dist,259.2118,46.75,267.0,0.001212,3.99e-06,131184030932.9855
pal100,100% PAL,atmos,PTZ_mixingratios_out.dist,259.2118,47.25,267.1,0.001138,3.837e-06,118406867151.29689
pal100,100% PAL,atmos,PTZ_mixingratios_out.dist,259.2118,47.75,267.2,0.001069,3.684e-06,106752385907.13455
pal100,100% PAL,atmos,PTZ_mixingratios_out.dist,259.2118,48.25,267.3,0.001003,3.533e-06,96020138711.81647
pal100,100% PAL,atmos,PTZ_mixingratios_out.dist,259.2118,48.75,267.1,0.0009421,3.391e-06,86629862059.30234
pal100,100% PAL,atmos,PTZ_mixingratios_out.dist,259.2118,49.25,266.8,0.0008845,3.258e-06,78231167087.8664
pal100,100% PAL,atmos,PTZ_mixingratios_out.dist,259.2118,49.75,266.5,0.0008305,3.127e-06,70580872388.13132
pal100,100% PAL,atmos,PTZ_mixingratios_out.dist,259.2118,50.25,266.2,0.0007796,3e-06,63635835623.26883
pal100,100% PAL,atmos,PTZ_mixingratios_out.dist,259.2118,50.75,265.7,0.0007319,2.879e-06,57440548052.18445
pal100,100% PAL,atmos,PTZ_mixingratios_out.dist,259.2118,51.25,265.0,0.000687,2.769e-06,51993677515.37468
pal100,100% PAL,atmos,PTZ_mixingratios_out.dist,259.2118,51.75,264.4,0.0006447,2.662e-06,47013327193.953384
pal100,100% PAL,atmos,PTZ_mixingratios_out.dist,259.2118,52.25,263.7,0.0006049,2.558e-06,42500174399.16654
pal100,100% PAL,atmos,PTZ_mixingratios_out.dist,259.2118,52.75,263.0,0.0005675,2.458e-06,38415696644.03736
pal100,100% PAL,atmos,PTZ_mixingratios_out.dist,259.2118,53.25,262.0,0.0005323,2.367e-06,34831337396.426
pal100,100% PAL,atmos,PTZ_mixingratios_out.dist,259.2118,53.75,261.1,0.0004992,2.279e-06,31559400686.260612
pal100,100% PAL,atmos,PTZ_mixingratios_out.dist,259.2118,54.25,260.1,0.0004681,2.194e-06,28599051479.57278
pal100,100% PAL,atmos,PTZ_mixingratios_out.dist,259.2118,54.75,259.1,0.0004387,2.111e-06,25888397723.393867
pal100,100% PAL,atmos,PTZ_mixingratios_out.dist,259.2118,55.25,258.1,0.0004112,2.033e-06,23459524080.2235
pal100,100% PAL,atmos,PTZ_mixingratios_out.dist,259.2118,55.75,256.9,0.0003852,1.959e-06,21275184132.3598
pal100,100% PAL,atmos,PTZ_mixingratios_out.dist,259.2118,56.25,255.7,0.0003608,1.888e-06,19295432080.600075
pal100,100% PAL,atmos,PTZ_mixingratios_out.dist,259.2118,56.75,254.5,0.0003378,1.819e-06,17487240180.50672
pal100,100% PAL,atmos,PTZ_mixingratios_out.dist,259.2118,57.25,253.3,0.0003162,1.751e-06,15831772452.932732
pal100,100% PAL,atmos,PTZ_mixingratios_out.dist,259.2118,57.75,252.1,0.0002959,1.686e-06,14333307136.151585
pal100,100% PAL,atmos,PTZ_mixingratios_out.dist,259.2118,58.25,250.6,0.0002768,1.626e-06,13008351924.794876
pal100,100% PAL,atmos,PTZ_mixingratios_out.dist,259.2118,58.75,249.2,0.0002588,1.567e-06,11786963747.538616
pal100,100% PAL,atmos,PTZ_mixingratios_out.dist,259.2118,59.25,247.8,0.0002419,1.509e-06,10669412925.163666
pal100,100% PAL,atmos,PTZ_mixingratios_out.dist,259.2118,59.75,246.4,0.0002261,1.452e-06,9650352841.308687
pal100,100% PAL,atmos,PTZ_mixingratios_out.dist,259.2118,60.25,245.0,0.0002112,1.397e-06,8722499494.137636
pal100,100% PAL,atmos,PTZ_mixingratios_out.dist,259.2118,60.75,243.5,0.0001972,1.343e-06,7877722440.574152
pal100,100% PAL,atmos,PTZ_mixingratios_out.dist,259.2118,61.25,242.0,0.000184,1.291e-06,7109604083.728044
pal100,100% PAL,atmos,PTZ_mixingratios_out.dist,259.2118,61.75,240.5,0.0001717,1.24e-06,6412001524.44502
pal100,100% PAL,atmos,PTZ_mixingratios_out.dist,259.2118,62.25,239.0,0.0001601,1.19e-06,5773738492.658617
pal100,100% PAL,atmos,PTZ_mixingratios_out.dist,259.2118,62.75,237.5,0.0001492,1.142e-06,5196225985.407092
pal100,100% PAL,atmos,PTZ_mixingratios_out.dist,259.2118,63.25,236.0,0.000139,1.095e-06,4671255624.550237
pal100,100% PAL,atmos,PTZ_mixingratios_out.dist,259.2118,63.75,234.6,0.0001295,1.048e-06,4190055356.1588826
pal100,100% PAL,atmos,PTZ_mixingratios_out.dist,259.2118,64.25,233.1,0.0001205,1.003e-06,3755453801.0483007
pal100,100% PAL,atmos,PTZ_mixingratios_out.dist,259.2118,64.75,231.7,0.0001122,9.594e-07,3364985944.965698
pal100,100% PAL,atmos,PTZ_mixingratios_out.dist,259.2118,65.25,230.2,0.0001043,9.17e-07,3009296930.3330045
pal100,100% PAL,atmos,PTZ_mixingratios_out.dist,259.2118,65.75,228.7,9.697e-05,8.759e-07,2689939266.8941345
pal100,100% PAL,atmos,PTZ_mixingratios_out.dist,259.2118,66.25,227.3,9.011e-05,8.36e-07,2400471470.28376
pal100,100% PAL,atmos,PTZ_mixingratios_out.dist,259.2118,66.75,225.8,8.37e-05,7.97e-07,2139816633.5582612
pal100,100% PAL,atmos,PTZ_mixingratios_out.dist,259.2118,67.25,224.4,7.771e-05,7.584e-07,1902256593.168578
pal100,100% PAL,atmos,PTZ_mixingratios_out.dist,259.2118,67.75,223.0,7.211e-05,7.201e-07,1686553649.671619
pal100,100% PAL,atmos,PTZ_mixingratios_out.dist,259.2118,68.25,221.6,6.688e-05,6.818e-07,1490391011.1880543
pal100,100% PAL,atmos,PTZ_mixingratios_out.dist,259.2118,68.75,220.2,6.201e-05,6.43e-07,1311511511.775048
pal100,100% PAL,atmos,PTZ_mixingratios_out.dist,259.2118,69.25,218.8,5.746e-05,6.034e-07,1147731568.5689576
pal100,100% PAL,atmos,PTZ_mixingratios_out.dist,259.2118,69.75,217.4,5.322e-05,5.628e-07,997897964.0205113
pal100,100% PAL,atmos,PTZ_mixingratios_out.dist,259.2118,70.25,216.0,4.927e-05,5.207e-07,860266688.052208
pal100,100% PAL,atmos,PTZ_mixingratios_out.dist,259.2118,70.75,214.8,4.559e-05,4.781e-07,734971969.4950414
pal100,100% PAL,atmos,PTZ_mixingratios_out.dist,259.2118,71.25,213.5,4.217e-05,4.362e-07,624033781.1602069
pal100,100% PAL,atmos,PTZ_mixingratios_out.dist,259.2118,71.75,212.3,3.899e-05,3.96e-07,526762856.74270844
pal100,100% PAL,atmos,PTZ_mixingratios_out.dist,259.2118,72.25,211.0,3.603e-05,3.581e-07,442897108.7053747
pal100,100% PAL,atmos,PTZ_mixingratios_out.dist,259.2118,72.75,209.7,3.328e-05,3.233e-07,371627042.44908106
pal100,100% PAL,atmos,PTZ_mixingratios_out.dist,259.2118,73.25,208.7,3.073e-05,2.914e-07,310775215.26274085
pal100,100% PAL,atmos,PTZ_mixingratios_out.dist,259.2118,73.75,207.7,2.836e-05,2.624e-07,259507717.58437985
pal100,100% PAL,atmos,PTZ_mixingratios_out.dist,259.2118,74.25,206.8,2.617e-05,2.374e-07,217595855.98303258
pal100,100% PAL,atmos,PTZ_mixingratios_out.dist,259.2118,74.75,205.9,2.414e-05,2.158e-07,183252149.20788997
pal100,100% PAL,atmos,PTZ_mixingratios_out.dist,259.2118,75.25,205.0,2.225e-05,1.973e-07,155102913.86647096
pal100,100% PAL,atmos,PTZ_mixingratios_out.dist,259.2118,75.75,204.1,2.051e-05,1.814e-07,132031225.9015862
pal100,100% PAL,atmos,PTZ_mixingratios_out.dist,259.2118,76.25,203.4,1.89e-05,1.673e-07,112596142.98231438
pal100,100% PAL,atmos,PTZ_mixingratios_out.dist,259.2118,76.75,203.0,1.741e-05,1.544e-07,95910630.62093091
pal100,100% PAL,atmos,PTZ_mixingratios_out.dist,259.2118,77.25,202.7,1.604e-05,1.43e-07,81960268.04169255
pal100,100% PAL,atmos,PTZ_mixingratios_out.dist,259.2118,77.75,202.3,1.477e-05,1.328e-07,70226238.1438932
pal100,100% PAL,atmos,PTZ_mixingratios_out.dist,259.2118,78.25,201.9,1.36e-05,1.24e-07,60497996.42520913
pal100,100% PAL,atmos,PTZ_mixingratios_out.dist,259.2118,78.75,201.5,1.252e-05,1.174e-07,52834073.08714762
pal100,100% PAL,atmos,PTZ_mixingratios_out.dist,259.2118,79.25,201.4,1.153e-05,1.141e-07,47312097.570497446
pal100,100% PAL,atmos,PTZ_mixingratios_out.dist,259.2118,79.75,201.5,1.061e-05,1.161e-07,44278129.94560204
pal100,100% PAL,atmos,PTZ_mixingratios_out.dist,259.2118,80.25,201.5,9.771e-06,1.26e-07,44253866.89300487
pal100,100% PAL,atmos,PTZ_mixingratios_out.dist,259.2118,80.75,201.6,8.996e-06,1.455e-07,47026063.89838264
pal100,100% PAL,atmos,PTZ_mixingratios_out.dist,259.2118,81.25,201.7,8.283e-06,1.761e-07,52379076.42303202
pal100,100% PAL,atmos,PTZ_mixingratios_out.dist,259.2118,81.75,201.8,7.627e-06,2.185e-07,59813710.32455535
pal100,100% PAL,atmos,PTZ_mixingratios_out.dist,259.2118,82.25,202.0,7.024e-06,2.725e-07,68630372.70554973
pal100,100% PAL,atmos,PTZ_mixingratios_out.dist,259.2118,82.75,202.4,6.469e-06,3.38e-07,78245624.4005565
pal100,100% PAL,atmos,PTZ_mixingratios_out.dist,259.2118,83.25,202.7,5.959e-06,4.157e-07,88514899.08496565
pal100,100% PAL,atmos,PTZ_mixingratios_out.dist,259.2118,83.75,203.0,5.49e-06,5.055e-07,99018007.69094288
pal100,100% PAL,atmos,PTZ_mixingratios_out.dist,259.2118,84.25,203.4,5.059e-06,6.073e-07,109404133.11516365
pal100,100% PAL,atmos,PTZ_mixingratios_out.dist,259.2118,84.75,203.7,4.662e-06,7.202e-07,119385360.32729204
pal100,100% PAL,atmos,PTZ_mixingratios_out.dist,259.2118,85.25,203.9,4.297e-06,8.458e-07,129101867.95104867
pal100,100% PAL,atmos,PTZ_mixingratios_out.dist,259.2118,85.75,204.0,3.961e-06,9.826e-07,138187306.5975977
pal100,100% PAL,atmos,PTZ_mixingratios_out.dist,259.2118,86.25,204.1,3.652e-06,1.127e-06,146059025.0945574
pal100,100% PAL,atmos,PTZ_mixingratios_out.dist,259.2118,86.75,204.3,3.367e-06,1.276e-06,152314812.94321182
pal100,100% PAL,atmos,PTZ_mixingratios_out.dist,259.2118,87.25,204.4,3.104e-06,1.425e-06,156737315.0026799
pal100,100% PAL,atmos,PTZ_mixingratios_out.dist,259.2118,87.75,204.5,2.863e-06,1.573e-06,159504696.7042311
pal100,100% PAL,atmos,PTZ_mixingratios_out.dist,259.2118,88.25,204.4,2.64e-06,1.724e-06,161278700.03856874
pal100,100% PAL,atmos,PTZ_mixingratios_out.dist,259.2118,88.75,204.1,2.435e-06,1.874e-06,161935573.8808829
pal100,100% PAL,atmos,PTZ_mixingratios_out.dist,259.2118,89.25,203.9,2.246e-06,2.012e-06,160522982.34134197
pal100,100% PAL,atmos,PTZ_mixingratios_out.dist,259.2118,89.75,203.6,2.071e-06,2.135e-06,157295725.87998214
pal100,100% PAL,atmos,PTZ_mixingratios_out.dist,259.2118,90.25,203.3,1.91e-06,2.239e-06,152358539.01691863
pal100,100% PAL,atmos,PTZ_mixingratios_out.dist,259.2118,90.75,203.1,1.762e-06,2.323e-06,145969428.53981495
pal100,100% PAL,atmos,PTZ_mixingratios_out.dist,259.2118,91.25,202.7,1.625e-06,2.393e-06,138950154.0352034
pal100,100% PAL,atmos,PTZ_mixingratios_out.dist,259.2118,91.75,202.2,1.498e-06,2.445e-06,131197706.43794744
pal100,100% PAL,atmos,PTZ_mixingratios_out.dist,259.2118,92.25,201.7,1.382e-06,2.473e-06,122727808.28498963
pal100,100% PAL,atmos,PTZ_mixingratios_out.dist,259.2118,92.75,201.2,1.274e-06,2.477e-06,113601528.68551764
pal100,100% PAL,atmos,PTZ_mixingratios_out.dist,259.2118,93.25,200.8,1.175e-06,2.459e-06,104219600.52916853
pal100,100% PAL,atmos,PTZ_mixingratios_out.dist,259.2118,93.75,200.3,1.084e-06,2.419e-06,94820211.25949982
pal100,100% PAL,atmos,PTZ_mixingratios_out.dist,259.2118,94.25,199.9,9.993e-07,2.354e-06,85232704.49195416
pal100,100% PAL,atmos,PTZ_mixingratios_out.dist,259.2118,94.75,199.5,9.216e-07,2.27e-06,75952511.75244123
pal100,100% PAL,atmos,PTZ_mixingratios_out.dist,259.2118,95.25,199.1,8.5e-07,2.172e-06,67162090.2396429
pal100,100% PAL,atmos,PTZ_mixingratios_out.dist,259.2118,95.75,198.8,7.839e-07,2.063e-06,58919659.67837716
pal100,100% PAL,atmos,PTZ_mixingratios_out.dist,259.2118,96.25,198.4,7.231e-07,1.946e-06,51370790.28915783
pal100,100% PAL,atmos,PTZ_mixingratios_out.dist,259.2118,96.75,198.0,6.67e-07,1.822e-06,44455523.994494446
pal100,100% PAL,atmos,PTZ_mixingratios_out.dist,259.2118,97.25,198.2,6.154e-07,1.669e-06,37534176.83525703
pal100,100% PAL,atmos,PTZ_mixingratios_out.dist,259.2118,97.75,198.5,5.68e-07,1.516e-06,31419823.655998904
pal100,100% PAL,atmos,PTZ_mixingratios_out.dist,259.2118,98.25,198.8,5.244e-07,1.37e-06,26174812.98741211
pal100,100% PAL,atmos,PTZ_mixingratios_out.dist,259.2118,98.75,199.0,4.842e-07,1.23e-06,21676718.484200153
pal100,100% PAL,atmos,PTZ_mixingratios_out.dist,259.2118,99.25,199.3,4.473e-07,1.098e-06,17848867.14291757
pal100,100% PAL,atmos,PTZ_mixingratios_out.dist,259.2118,99.75,199.7,4.134e-07,9.73e-07,14588880.435778512
pal100,100% PAL,kasting,OUTPUT_PLOT.dat,334.9828,0.5,282.3189733632561,0.9538,2.018e-08,493804600000.0
pal100,100% PAL,kasting,OUTPUT_PLOT.dat,334.9828,1.5,276.89272701944276,0.8441,2.216e-08,489292800000.0
pal100,100% PAL,kasting,OUTPUT_PLOT.dat,334.9828,2.5,272.2597187421158,0.7454,2.49e-08,493767000000.0
pal100,100% PAL,kasting,OUTPUT_PLOT.dat,334.9828,3.5,266.80779780903083,0.6568,2.846e-08,507441800000.0
pal100,100% PAL,kasting,OUTPUT_PLOT.dat,334.9828,4.5,260.9187443699524,0.5771,3.262e-08,522572399999.99994
pal100,100% PAL,kasting,OUTPUT_PLOT.dat,334.9828,5.5,254.48546858302876,0.5056,3.711e-08,534012900000.0
pal100,100% PAL,kasting,OUTPUT_PLOT.dat,334.9828,6.5,247.64114529667083,0.4414,4.177e-08,539250700000.00006
pal100,100% PAL,kasting,OUTPUT_PLOT.dat,334.9828,7.5,240.4716335688686,0.3838,4.656e-08,538233600000.0
pal100,100% PAL,kasting,OUTPUT_PLOT.dat,334.9828,8.5,233.29102708640207,0.3324,5.154e-08,531892799999.99994
pal100,100% PAL,kasting,OUTPUT_PLOT.dat,334.9828,9.5,226.34776468182764,0.2866,5.71e-08,523664100000.0
pal100,100% PAL,kasting,OUTPUT_PLOT.dat,334.9828,10.5,220.32530566907633,0.246,6.563e-08,530749810000.0
pal100,100% PAL,kasting,OUTPUT_PLOT.dat,334.9828,11.5,215.83313896183512,0.2105,8.426e-08,595212640000.0
pal100,100% PAL,kasting,OUTPUT_PLOT.dat,334.9828,12.5,212.22873124863955,0.1795,1.273e-07,779839800000.0
pal100,100% PAL,kasting,OUTPUT_PLOT.dat,334.9828,13.5,209.36925744436246,0.1528,2.171e-07,1147590600000.0
pal100,100% PAL,kasting,OUTPUT_PLOT.dat,334.9828,14.5,206.9875766142628,0.1298,3.734e-07,1695982800000.0
pal100,100% PAL,kasting,OUTPUT_PLOT.dat,334.9828,15.5,205.34194761968845,0.11,6.038e-07,2342744000000.0
pal100,100% PAL,kasting,OUTPUT_PLOT.dat,334.9828,16.5,205.47824783106861,0.09325,9.152e-07,3008262400000.0
pal100,100% PAL,kasting,OUTPUT_PLOT.dat,334.9828,17.5,207.2527272480453,0.07909,1.306e-06,3609784000000.0
pal100,100% PAL,kasting,OUTPUT_PLOT.dat,334.9828,18.5,209.61568418513463,0.0672,1.777e-06,4126194000000.0
pal100,100% PAL,kasting,OUTPUT_PLOT.dat,334.9828,19.5,211.80874924206717,0.0572,2.32e-06,4537920000000.0
pal100,100% PAL,kasting,OUTPUT_PLOT.dat,334.9828,20.5,213.6522942299495,0.04876,2.923e-06,4831719000000.0
pal100,100% PAL,kasting,OUTPUT_PLOT.dat,334.9828,21.5,215.37490184481558,0.04163,3.581e-06,5013400000000.0
pal100,100% PAL,kasting,OUTPUT_PLOT.dat,334.9828,22.5,217.10605809663042,0.03558,4.284e-06,5085108000000.0
pal100,100% PAL,kasting,OUTPUT_PLOT.dat,334.9828,23.5,218.8699225382698,0.03046,5.019e-06,5059152000000.0
pal100,100% PAL,kasting,OUTPUT_PLOT.dat,334.9828,24.5,220.68822142031507,0.0261,5.767e-06,4940012200000.0
pal100,100% PAL,kasting,OUTPUT_PLOT.dat,334.9828,25.5,222.5549239496491,0.0224,6.509e-06,4745061000000.0
pal100,100% PAL,kasting,OUTPUT_PLOT.dat,334.9828,26.5,224.37589706110148,0.01925,7.22e-06,4486508000000.0
pal100,100% PAL,kasting,OUTPUT_PLOT.dat,334.9828,27.5,226.18063689538198,0.01656,7.867e-06,4171870099999.9995
pal100,100% PAL,kasting,OUTPUT_PLOT.dat,334.9828,28.5,228.01056532956022,0.01427,8.416e-06,3814972800000.0
pal100,100% PAL,kasting,OUTPUT_PLOT.dat,334.9828,29.5,229.8555479568224,0.01231,8.837e-06,3427872300000.0
pal100,100% PAL,kasting,OUTPUT_PLOT.dat,334.9828,30.5,231.90595357079624,0.01063,9.097e-06,3020204000000.0
pal100,100% PAL,kasting,OUTPUT_PLOT.dat,334.9828,31.5,234.01541294706132,0.009192,9.177e-06,2610856500000.0
pal100,100% PAL,kasting,OUTPUT_PLOT.dat,334.9828,32.5,236.540325056234,0.007962,9.071e-06,2211509800000.0
pal100,100% PAL,kasting,OUTPUT_PLOT.dat,334.9828,33.5,239.25010690716275,0.006907,8.805e-06,1841125500000.0
pal100,100% PAL,kasting,OUTPUT_PLOT.dat,334.9828,34.5,242.0507184703319,0.006002,8.412e-06,1510795200000.0
pal100,100% PAL,kasting,OUTPUT_PLOT.dat,334.9828,35.5,244.9014755714728,0.005224,7.933e-06,1225648500000.0
pal100,100% PAL,kasting,OUTPUT_PLOT.dat,334.9828,36.5,247.6856659201339,0.004555,7.399e-06,985546800000.0
pal100,100% PAL,kasting,OUTPUT_PLOT.dat,334.9828,37.5,250.48081515035443,0.003977,6.822e-06,784530000000.0
pal100,100% PAL,kasting,OUTPUT_PLOT.dat,334.9828,38.5,253.10008494711988,0.003478,6.22e-06,619076600000.0
pal100,100% PAL,kasting,OUTPUT_PLOT.dat,334.9828,39.5,255.79232686211708,0.003046,5.618e-06,484552500000.0
pal100,100% PAL,kasting,OUTPUT_PLOT.dat,334.9828,40.5,258.352919755155,0.002672,5.052e-06,378445320000.0
pal100,100% PAL,kasting,OUTPUT_PLOT.dat,334.9828,41.5,260.73360182031075,0.002346,4.535e-06,295545950000.0
pal100,100% PAL,kasting,OUTPUT_PLOT.dat,334.9828,42.5,262.6627717916693,0.002062,4.088e-06,232443679999.99997
pal100,100% PAL,kasting,OUTPUT_PLOT.dat,334.9828,43.5,264.56010236692407,0.001815,3.691e-06,183405790000.0
pal100,100% PAL,kasting,OUTPUT_PLOT.dat,334.9828,44.5,265.64762186439737,0.001598,3.351e-06,146003070000.0
pal100,100% PAL,kasting,OUTPUT_PLOT.dat,334.9828,45.5,266.6170584727897,0.001408,3.044e-06,116433000000.0
pal100,100% PAL,kasting,OUTPUT_PLOT.dat,334.9828,46.5,266.95950134854587,0.001241,2.777e-06,93501590000.0
pal100,100% PAL,kasting,OUTPUT_PLOT.dat,334.9828,47.5,267.1547452645877,0.001094,2.535e-06,75188100000.0
pal100,100% PAL,kasting,OUTPUT_PLOT.dat,334.9828,48.5,266.7458874399587,0.0009649,2.322e-06,60836400000.0
pal100,100% PAL,kasting,OUTPUT_PLOT.dat,334.9828,49.5,266.18073149698995,0.0008504,2.128e-06,49241920000.00001
pal100,100% PAL,kasting,OUTPUT_PLOT.dat,334.9828,50.5,264.9979398275738,0.0007492999999999999,1.954e-06,40017920000.0
pal100,100% PAL,kasting,OUTPUT_PLOT.dat,334.9828,51.5,263.59139252526967,0.0006598,1.796e-06,32561480000.0
pal100,100% PAL,kasting,OUTPUT_PLOT.dat,334.9828,52.5,262.0105097578055,0.0005806,1.651e-06,26498550000.0
pal100,100% PAL,kasting,OUTPUT_PLOT.dat,334.9828,53.5,260.02366022773407,0.0005105,1.517e-06,21571740000.0
pal100,100% PAL,kasting,OUTPUT_PLOT.dat,334.9828,54.5,257.9625082916839,0.0004484,1.393e-06,17537870000.0
pal100,100% PAL,kasting,OUTPUT_PLOT.dat,334.9828,55.5,255.61514780822498,0.0003935,1.278e-06,14249700000.000002
pal100,100% PAL,kasting,OUTPUT_PLOT.dat,334.9828,56.5,253.25790831868616,0.00034480000000000003,1.169e-06,11527509000.0
pal100,100% PAL,kasting,OUTPUT_PLOT.dat,334.9828,57.5,250.5936606374926,0.0003018,1.068e-06,9316164000.0
pal100,100% PAL,kasting,OUTPUT_PLOT.dat,334.9828,58.5,247.75617506889665,0.0002638,9.723e-07,7498377600.0
pal100,100% PAL,kasting,OUTPUT_PLOT.dat,334.9828,59.5,245.01411719212598,0.00023030000000000001,8.81e-07,5997848000.0
pal100,100% PAL,kasting,OUTPUT_PLOT.dat,334.9828,60.5,241.95501840426442,0.0002006,7.947e-07,4772173500.0
pal100,100% PAL,kasting,OUTPUT_PLOT.dat,334.9828,61.5,238.96735773283538,0.0001745,7.126e-07,3768941400.0
pal100,100% PAL,kasting,OUTPUT_PLOT.dat,334.9828,62.5,236.03489471875577,0.0001516,6.35e-07,2954020000.0
pal100,100% PAL,kasting,OUTPUT_PLOT.dat,334.9828,63.5,233.09486304375343,0.0001314,5.618e-07,2293829400.0
pal100,100% PAL,kasting,OUTPUT_PLOT.dat,334.9828,64.5,230.0993986235649,0.0001137,4.93e-07,1764447000.0
pal100,100% PAL,kasting,OUTPUT_PLOT.dat,334.9828,65.5,227.25947732218515,9.824e-05,4.278e-07,1339441800.0
pal100,100% PAL,kasting,OUTPUT_PLOT.dat,334.9828,66.5,224.41552026837658,8.471e-05,3.656e-07,999550400.0
pal100,100% PAL,kasting,OUTPUT_PLOT.dat,334.9828,67.5,221.60511134052473,7.290999999999999e-05,3.066e-07,730627800.0
pal100,100% PAL,kasting,OUTPUT_PLOT.dat,334.9828,68.5,218.75586939476398,6.264e-05,2.526e-07,523892400.00000006
pal100,100% PAL,kasting,OUTPUT_PLOT.dat,334.9828,69.5,216.0021912362599,5.371e-05,2.052e-07,369565200.0
pal100,100% PAL,kasting,OUTPUT_PLOT.dat,334.9828,70.5,213.5723891099135,4.597e-05,1.658e-07,258482199.99999997
pal100,100% PAL,kasting,OUTPUT_PLOT.dat,334.9828,71.5,211.05629218846295,3.9280000000000003e-05,1.349e-07,181845200.0
pal100,100% PAL,kasting,OUTPUT_PLOT.dat,334.9828,72.5,208.63242673029865,3.35e-05,1.109e-07,128976700.0
pal100,100% PAL,kasting,OUTPUT_PLOT.dat,334.9828,73.5,206.79699581285266,2.8519999999999998e-05,9.169e-08,91589141.0
pal100,100% PAL,kasting,OUTPUT_PLOT.dat,334.9828,74.5,204.97378342159882,2.425e-05,7.66e-08,65638540.0
pal100,100% PAL,kasting,OUTPUT_PLOT.dat,334.9828,75.5,203.4431314840774,2.0600000000000003e-05,6.379e-08,46783586.0
pal100,100% PAL,kasting,OUTPUT_PLOT.dat,334.9828,76.5,202.6686803591769,1.7480000000000002e-05,5.178e-08,32346966.0
pal100,100% PAL,kasting,OUTPUT_PLOT.dat,334.9828,77.5,201.88230778204178,1.482e-05,4.328e-08,23011976.0
pal100,100% PAL,kasting,OUTPUT_PLOT.dat,334.9828,78.5,201.30938190188405,1.256e-05,4.831e-08,21831289.0
pal100,100% PAL,kasting,OUTPUT_PLOT.dat,334.9828,79.5,201.56163050908057,1.065e-05,8.151e-08,31193877.000000004
pal100,100% PAL,kasting,OUTPUT_PLOT.dat,334.9828,80.5,201.7125945010068,9.026e-06,1.444e-07,46800040.0
pal100,100% PAL,kasting,OUTPUT_PLOT.dat,334.9828,81.5,202.00602536171104,7.653e-06,2.256e-07,61904640.0
pal100,100% PAL,kasting,OUTPUT_PLOT.dat,334.9828,82.5,202.67829564711707,6.492e-06,3.123e-07,72453600.0
pal100,100% PAL,kasting,OUTPUT_PLOT.dat,334.9828,83.5,203.304979844014,5.51e-06,3.968e-07,77891840.0
pal100,100% PAL,kasting,OUTPUT_PLOT.dat,334.9828,84.5,203.95368240112413,4.68e-06,4.737e-07,78728940.0
pal100,100% PAL,kasting,OUTPUT_PLOT.dat,334.9828,85.5,204.09674537047994,3.976e-06,5.408e-07,76306880.0
pal100,100% PAL,kasting,OUTPUT_PLOT.dat,334.9828,86.5,204.40062158047493,3.378e-06,5.915e-07,70802550.0
pal100,100% PAL,kasting,OUTPUT_PLOT.dat,334.9828,87.5,204.26884431778595,2.871e-06,6.275e-07,63879500.0
pal100,100% PAL,kasting,OUTPUT_PLOT.dat,334.9828,88.5,203.83907796006233,2.44e-06,6.534e-07,56649780.0
pal100,100% PAL,kasting,OUTPUT_PLOT.dat,334.9828,89.5,203.34070801395924,2.073e-06,6.616e-07,48852544.0
pal100,100% PAL,kasting,OUTPUT_PLOT.dat,334.9828,90.5,202.66499377154628,1.76e-06,6.554e-07,41224660.0
pal100,100% PAL,kasting,OUTPUT_PLOT.dat,334.9828,91.5,201.7713583994712,1.494e-06,6.391e-07,34274933.0
pal100,100% PAL,kasting,OUTPUT_PLOT.dat,334.9828,92.5,200.80620664819645,1.267e-06,6.098e-07,27867860.0
pal100,100% PAL,kasting,OUTPUT_PLOT.dat,334.9828,93.5,199.78682168922452,1.073e-06,5.69e-07,22134100.0
pal100,100% PAL,kasting,OUTPUT_PLOT.dat,334.9828,94.5,199.08860595948855,9.09e-07,5.19e-07,17163330.0
pal100,100% PAL,kasting,OUTPUT_PLOT.dat,334.9828,95.5,198.4145892521438,7.695e-07,4.648e-07,13056232.0
pal100,100% PAL,kasting,OUTPUT_PLOT.dat,334.9828,96.5,198.26071458786024,6.512e-07,4.035e-07,9599265.0
pal100,100% PAL,kasting,OUTPUT_PLOT.dat,334.9828,97.5,198.7220183395323,5.512e-07,3.39e-07,6810510.0
pal100,100% PAL,kasting,OUTPUT_PLOT.dat,334.9828,98.5,199.35251396741947,4.6679999999999997e-07,2.806e-07,4758976.0
pal100,100% PAL,kasting,OUTPUT_PLOT.dat,334.9828,99.5,201.3179585848736,3.958e-07,2.23e-07,3175520.0
pal100,100% PAL,photochem,Earth_100pc_48.2.txt,342.0133,0.5,285.699,1.009,2.54428e-08,650824279720.0
pal100,100% PAL,photochem,Earth_100pc_48.2.txt,342.0133,1.5,279.262,0.893211,2.66305e-08,616932815200.0
pal100,100% PAL,photochem,Earth_100pc_48.2.txt,342.0133,2.5,274.794,0.789245,2.79446e-08,581325924880.0
pal100,100% PAL,photochem,Earth_100pc_48.2.txt,342.0133,3.5,269.643,0.695854,2.98492e-08,557929306720.0
pal100,100% PAL,photochem,Earth_100pc_48.2.txt,342.0133,4.5,263.928,0.611991,3.24283e-08,544630055670.0
pal100,100% PAL,photochem,Earth_100pc_48.2.txt,342.0133,5.5,257.819,0.536771,3.56718e-08,537916475280.0
pal100,100% PAL,photochem,Earth_100pc_48.2.txt,342.0133,6.5,251.101,0.469331,3.95405e-08,535291380900.00006
pal100,100% PAL,photochem,Earth_100pc_48.2.txt,342.0133,7.5,244.02,0.408909,4.39694e-08,533665401680.00006
pal100,100% PAL,photochem,Earth_100pc_48.2.txt,342.0133,8.5,236.776,0.354863,4.88901e-08,530716702530.0
pal100,100% PAL,photochem,Earth_100pc_48.2.txt,342.0133,9.5,229.733,0.306664,5.44222e-08,526178319590.0
pal100,100% PAL,photochem,Earth_100pc_48.2.txt,342.0133,10.5,223.358,0.263891,6.18726e-08,529466112336.00006
pal100,100% PAL,photochem,Earth_100pc_48.2.txt,342.0133,11.5,218.11,0.226199,7.86696e-08,590932993968.0
pal100,100% PAL,photochem,Earth_100pc_48.2.txt,342.0133,12.5,214.058,0.193254,1.20029e-07,784874432160.0
pal100,100% PAL,photochem,Earth_100pc_48.2.txt,342.0133,13.5,210.824,0.164668,2.06275e-07,1166951306500.0
pal100,100% PAL,photochem,Earth_100pc_48.2.txt,342.0133,14.5,208.135,0.139998,3.6532e-07,1779780588800.0
pal100,100% PAL,photochem,Earth_100pc_48.2.txt,342.0133,15.5,206.152,0.118809,5.94819e-07,2482929158940.0
pal100,100% PAL,photochem,Earth_100pc_48.2.txt,342.0133,16.5,205.431,0.10072,9.07736e-07,3223497619040.0
pal100,100% PAL,photochem,Earth_100pc_48.2.txt,342.0133,17.5,206.393,0.0853935,1.30014e-06,3896155540800.0005
pal100,100% PAL,photochem,Earth_100pc_48.2.txt,342.0133,18.5,208.433,0.0724867,1.76849e-06,4454631776100.0
pal100,100% PAL,photochem,Earth_100pc_48.2.txt,342.0133,19.5,210.721,0.061638,2.30996e-06,4893973654400.0
pal100,100% PAL,photochem,Earth_100pc_48.2.txt,342.0133,20.5,212.795,0.0525041,2.90601e-06,5193330471000.0
pal100,100% PAL,photochem,Earth_100pc_48.2.txt,342.0133,21.5,214.572,0.0447914,3.54788e-06,5364217166000.0
pal100,100% PAL,photochem,Earth_100pc_48.2.txt,342.0133,22.5,216.275,0.038263,4.22883e-06,5418865050300.0
pal100,100% PAL,photochem,Earth_100pc_48.2.txt,342.0133,23.5,217.997,0.0327285,4.9306e-06,5361583746000.0
pal100,100% PAL,photochem,Earth_100pc_48.2.txt,342.0133,24.5,219.805,0.0280313,5.63136e-06,5201591498880.0
pal100,100% PAL,photochem,Earth_100pc_48.2.txt,342.0133,25.5,221.65,0.0240403,6.29885e-06,4948237985300.0
pal100,100% PAL,photochem,Earth_100pc_48.2.txt,342.0133,26.5,223.5,0.020645,6.89529e-06,4613238612180.0
pal100,100% PAL,photochem,Earth_100pc_48.2.txt,342.0133,27.5,225.324,0.0177522,7.37918e-06,4210855275200.0
pal100,100% PAL,photochem,Earth_100pc_48.2.txt,342.0133,28.5,227.103,0.015284,7.71428e-06,3760333500280.0
pal100,100% PAL,photochem,Earth_100pc_48.2.txt,342.0133,29.5,228.915,0.0131751,7.88237e-06,3285899934790.0
pal100,100% PAL,photochem,Earth_100pc_48.2.txt,342.0133,30.5,230.789,0.0113713,7.87662e-06,2810953009260.0
pal100,100% PAL,photochem,Earth_100pc_48.2.txt,342.0133,31.5,232.945,0.00982749,7.70507e-06,2354415124690.0
pal100,100% PAL,photochem,Earth_100pc_48.2.txt,342.0133,32.5,235.326,0.00850566,7.39828e-06,1936803119480.0
pal100,100% PAL,photochem,Earth_100pc_48.2.txt,342.0133,33.5,237.871,0.00737303,6.99655e-06,1570746464650.0
pal100,100% PAL,photochem,Earth_100pc_48.2.txt,342.0133,34.5,240.674,0.00640173,6.54157e-06,1260279251490.0
pal100,100% PAL,photochem,Earth_100pc_48.2.txt,342.0133,35.5,243.481,0.00556778,6.07895e-06,1006844330599.9999
pal100,100% PAL,photochem,Earth_100pc_48.2.txt,342.0133,36.5,246.294,0.00485046,5.63365e-06,803595103300.0
pal100,100% PAL,photochem,Earth_100pc_48.2.txt,342.0133,37.5,249.054,0.00423234,5.2187e-06,642343689500.0
pal100,100% PAL,photochem,Earth_100pc_48.2.txt,342.0133,38.5,251.797,0.0036987,4.83692e-06,514614429560.0
pal100,100% PAL,photochem,Earth_100pc_48.2.txt,342.0133,39.5,254.479,0.00323717,4.49781e-06,414411571503.0
pal100,100% PAL,photochem,Earth_100pc_48.2.txt,342.0133,40.5,257.111,0.0028373,4.20656e-06,336223189648.0
pal100,100% PAL,photochem,Earth_100pc_48.2.txt,342.0133,41.5,259.55,0.00249016,3.96818e-06,275749225018.0
pal100,100% PAL,photochem,Earth_100pc_48.2.txt,342.0133,42.5,261.803,0.00218817,3.77834e-06,228730124248.0
pal100,100% PAL,photochem,Earth_100pc_48.2.txt,342.0133,43.5,263.656,0.00192484,3.63416e-06,192166749064.0
pal100,100% PAL,photochem,Earth_100pc_48.2.txt,342.0133,44.5,265.207,0.00169468,3.51952e-06,162893592208.0
pal100,100% PAL,photochem,Earth_100pc_48.2.txt,342.0133,45.5,266.22,0.00149304,3.42715e-06,139213232005.0
pal100,100% PAL,photochem,Earth_100pc_48.2.txt,342.0133,46.5,266.953,0.00131599,3.33735e-06,119161750425.0
pal100,100% PAL,photochem,Earth_100pc_48.2.txt,342.0133,47.5,267.154,0.00116025,3.24892e-06,102199002196.0
pal100,100% PAL,photochem,Earth_100pc_48.2.txt,342.0133,48.5,267.122,0.00102303,3.14959e-06,87367421887.0
pal100,100% PAL,photochem,Earth_100pc_48.2.txt,342.0133,49.5,266.488,0.000901936,3.04997e-06,74766964580.0
pal100,100% PAL,photochem,Earth_100pc_48.2.txt,342.0133,50.5,265.723,0.000794945,2.93944e-06,63692667752.0
pal100,100% PAL,photochem,Earth_100pc_48.2.txt,342.0133,51.5,264.356,0.000700323,2.8338e-06,54374387640.0
pal100,100% PAL,photochem,Earth_100pc_48.2.txt,342.0133,52.5,262.973,0.00061658,2.72048e-06,46199735456.0
pal100,100% PAL,photochem,Earth_100pc_48.2.txt,342.0133,53.5,261.051,0.00054244,2.61561e-06,39365453622.0
pal100,100% PAL,photochem,Earth_100pc_48.2.txt,342.0133,54.5,259.129,0.000476781,2.50718e-06,33412184988.000004
pal100,100% PAL,photochem,Earth_100pc_48.2.txt,342.0133,55.5,256.878,0.00041865,2.40472e-06,28386036296.0
pal100,100% PAL,photochem,Earth_100pc_48.2.txt,342.0133,56.5,254.507,0.00036719,2.30409e-06,24077279682.0
pal100,100% PAL,photochem,Earth_100pc_48.2.txt,342.0133,57.5,252.053,0.000321666,2.20534e-06,20384795649.2
pal100,100% PAL,photochem,Earth_100pc_48.2.txt,342.0133,58.5,249.228,0.000281406,2.11576e-06,17302960328.8
pal100,100% PAL,photochem,Earth_100pc_48.2.txt,342.0133,59.5,246.403,0.00024582,2.02646e-06,14642855461.800001
pal100,100% PAL,photochem,Earth_100pc_48.2.txt,342.0133,60.5,243.519,0.000214404,1.93889e-06,12364320918.9
pal100,100% PAL,photochem,Earth_100pc_48.2.txt,342.0133,61.5,240.527,0.000186701,1.85469e-06,10427271195.9
pal100,100% PAL,photochem,Earth_100pc_48.2.txt,342.0133,62.5,237.534,0.000162302,1.77178e-06,8768503784.4
pal100,100% PAL,photochem,Earth_100pc_48.2.txt,342.0133,63.5,234.566,0.000140848,1.68992e-06,7349698668.8
pal100,100% PAL,photochem,Earth_100pc_48.2.txt,342.0133,64.5,231.658,0.000122017,1.60885e-06,6137698396.0
pal100,100% PAL,photochem,Earth_100pc_48.2.txt,342.0133,65.5,228.75,0.000105516,1.53027e-06,5112616767.3
pal100,100% PAL,photochem,Earth_100pc_48.2.txt,342.0133,66.5,225.847,9.10814e-05,1.45422e-06,4247776619.9999995
pal100,100% PAL,photochem,Earth_100pc_48.2.txt,342.0133,67.5,223.015,7.84768e-05,1.3793e-06,3515463289.0
pal100,100% PAL,photochem,Earth_100pc_48.2.txt,342.0133,68.5,220.184,6.74908e-05,1.30685e-06,2901350753.5
pal100,100% PAL,photochem,Earth_100pc_48.2.txt,342.0133,69.5,217.352,5.7932e-05,1.23652e-06,2387114225.2000003
pal100,100% PAL,photochem,Earth_100pc_48.2.txt,342.0133,70.5,214.788,4.96341e-05,1.16266e-06,1945990548.4
pal100,100% PAL,photochem,Earth_100pc_48.2.txt,342.0133,71.5,212.267,4.24485e-05,1.08939e-06,1577905157.7
pal100,100% PAL,photochem,Earth_100pc_48.2.txt,342.0133,72.5,209.747,3.62369e-05,1.01647e-06,1271939405.1
pal100,100% PAL,photochem,Earth_100pc_48.2.txt,342.0133,73.5,207.747,3.08824e-05,9.33676e-07,1005288949.2
pal100,100% PAL,photochem,Earth_100pc_48.2.txt,342.0133,74.5,205.932,2.62814e-05,8.45314e-07,781376139.6680001
pal100,100% PAL,photochem,Earth_100pc_48.2.txt,342.0133,75.5,204.117,2.23351e-05,7.50436e-07,594755050.056
pal100,100% PAL,photochem,Earth_100pc_48.2.txt,342.0133,76.5,203.049,1.89599e-05,6.36215e-07,430284928.8
pal100,100% PAL,photochem,Earth_100pc_48.2.txt,342.0133,77.5,202.294,1.60836e-05,5.11352e-07,294467674.072
pal100,100% PAL,photochem,Earth_100pc_48.2.txt,342.0133,78.5,201.539,1.3636e-05,3.88098e-07,190188977.292
pal100,100% PAL,photochem,Earth_100pc_48.2.txt,342.0133,79.5,201.456,1.15572e-05,2.78442e-07,115697662.956
pal100,100% PAL,photochem,Earth_100pc_48.2.txt,342.0133,80.5,201.638,9.79621e-06,2.04446e-07,71941685.156
pal100,100% PAL,photochem,Earth_100pc_48.2.txt,342.0133,81.5,201.82,8.30528e-06,1.80673e-07,53851755.725999996
pal100,100% PAL,photochem,Earth_100pc_48.2.txt,342.0133,82.5,202.37,7.04378e-06,2.08591e-07,52586208.282
pal100,100% PAL,photochem,Earth_100pc_48.2.txt,342.0133,83.5,203.033,5.97735e-06,2.75338e-07,58711698.42999999
pal100,100% PAL,photochem,Earth_100pc_48.2.txt,342.0133,84.5,203.695,5.07567e-06,3.60717e-07,65102204.16
pal100,100% PAL,photochem,Earth_100pc_48.2.txt,342.0133,85.5,204.016,4.31239e-06,4.52019e-07,69203204.862
pal100,100% PAL,photochem,Earth_100pc_48.2.txt,342.0133,86.5,204.251,3.66538e-06,5.37432e-07,69854336.49599999
pal100,100% PAL,photochem,Earth_100pc_48.2.txt,342.0133,87.5,204.486,3.11672e-06,6.09157e-07,67247887.015
pal100,100% PAL,photochem,Earth_100pc_48.2.txt,342.0133,88.5,204.12,2.65079e-06,6.72863e-07,63289628.3526
pal100,100% PAL,photochem,Earth_100pc_48.2.txt,342.0133,89.5,203.595,2.25439e-06,7.20956e-07,57821320.0604
pal100,100% PAL,photochem,Earth_100pc_48.2.txt,342.0133,90.5,203.07,1.91711e-06,7.50127e-07,51292259.0187
pal100,100% PAL,photochem,Earth_100pc_48.2.txt,342.0133,91.5,202.193,1.62997e-06,7.67342e-07,44804255.3038
pal100,100% PAL,photochem,Earth_100pc_48.2.txt,342.0133,92.5,201.233,1.38534e-06,7.68272e-07,38308039.4272
pal100,100% PAL,photochem,Earth_100pc_48.2.txt,342.0133,93.5,200.272,1.17698e-06,7.52512e-07,32031576.2944
pal100,100% PAL,photochem,Earth_100pc_48.2.txt,342.0133,94.5,199.506,9.99645e-07,7.18233e-07,26065824.7428
pal100,100% PAL,photochem,Earth_100pc_48.2.txt,342.0133,95.5,198.772,8.48844e-07,6.7116e-07,20759448.612
pal100,100% PAL,photochem,Earth_100pc_48.2.txt,342.0133,96.5,198.037,7.20626e-07,6.14331e-07,16191307.836
pal100,100% PAL,photochem,Earth_100pc_48.2.txt,342.0133,97.5,198.502,6.11884e-07,5.34119e-07,11925007.8535
pal100,100% PAL,photochem,Earth_100pc_48.2.txt,342.0133,98.5,199.041,5.1989e-07,4.53531e-07,8580126.2235
pal100,100% PAL,photochem,Earth_100pc_48.2.txt,342.0133,99.5,199.671,4.41955e-07,3.74659e-07,6006420.6903
pal100,100% PAL,vulcan,Earth_1e12s_48.2SZA_WPT_1rtol.vul,244.7425,0.5951985416991974,286.8,1.0,8.38393296295141e-09,211731447904.85452
pal100,100% PAL,vulcan,Earth_1e12s_48.2SZA_WPT_1rtol.vul,244.7425,1.7703116613315266,279.7958428955509,0.8682540279894776,8.225017714146292e-09,184866878609.72443
pal100,100% PAL,vulcan,Earth_1e12s_48.2SZA_WPT_1rtol.vul,244.7425,2.919229696864958,274.5181165736667,0.753865057119951,8.147840496163698e-09,162062240538.83228
pal100,100% PAL,vulcan,Earth_1e12s_48.2SZA_WPT_1rtol.vul,244.7425,4.045005542381485,268.61252446944104,0.6545463724049151,8.374301442705346e-09,147801713484.7737
pal100,100% PAL,vulcan,Earth_1e12s_48.2SZA_WPT_1rtol.vul,244.7425,5.145329918415601,262.2226640957328,0.5683125243464682,8.834574861407655e-09,138681769434.0788
pal100,100% PAL,vulcan,Earth_1e12s_48.2SZA_WPT_1rtol.vul,244.7425,6.218490948784399,255.4716400035474,0.493439638420688,9.404436974940272e-09,131565147047.53181
pal100,100% PAL,vulcan,Earth_1e12s_48.2SZA_WPT_1rtol.vul,244.7425,7.263186690529769,248.42876691543304,0.42843095362843375,9.967483447752819e-09,124503395917.36395
pal100,100% PAL,vulcan,Earth_1e12s_48.2SZA_WPT_1rtol.vul,244.7425,8.278695489993954,241.30778386589003,0.3719869012032607,1.0439018725672074e-08,116555483452.48659
pal100,100% PAL,vulcan,Earth_1e12s_48.2SZA_WPT_1rtol.vul,244.7425,9.265049258830816,234.26591663480502,0.32297912532905493,1.0797517079604967e-08,107821647481.33023
pal100,100% PAL,vulcan,Earth_1e12s_48.2SZA_WPT_1rtol.vul,244.7425,10.223370060844239,227.67994764562678,0.2804279265234697,1.1063738460340657e-08,98699532605.17189
pal100,100% PAL,vulcan,Earth_1e12s_48.2SZA_WPT_1rtol.vul,244.7425,11.156583547935929,222.0482012319745,0.24348267676473978,1.129189134705814e-08,89681779300.83464
pal100,100% PAL,vulcan,Earth_1e12s_48.2SZA_WPT_1rtol.vul,244.7425,12.069060646198578,217.57106976276074,0.2114048148466453,1.1669963285796698e-08,82129642860.35347
pal100,100% PAL,vulcan,Earth_1e12s_48.2SZA_WPT_1rtol.vul,244.7425,12.965184512894407,214.05319378754643,0.18355308202696916,1.282839023690147e-08,79676243264.65074
pal100,100% PAL,vulcan,Earth_1e12s_48.2SZA_WPT_1rtol.vul,244.7425,13.84829824284806,211.18826785661324,0.15937070281979893,1.7223035474562765e-08,94138031609.88373
pal100,100% PAL,vulcan,Earth_1e12s_48.2SZA_WPT_1rtol.vul,244.7425,14.720669071009523,208.7651871428947,0.13837425466680442,3.2350574221369784e-08,155308750819.3653
pal100,100% PAL,vulcan,Earth_1e12s_48.2SZA_WPT_1rtol.vul,244.7425,15.584107688117344,206.77532835638488,0.12014400398449446,7.406200370956453e-08,311684752334.2476
pal100,100% PAL,vulcan,Earth_1e12s_48.2SZA_WPT_1rtol.vul,244.7425,16.44095464138045,205.4816120649204,0.10431551539832117,1.683608812574307e-07,619061579645.7737
pal100,100% PAL,vulcan,Earth_1e12s_48.2SZA_WPT_1rtol.vul,244.7425,17.295274819826172,205.4493474370098,0.09057236642639072,3.404791520425649e-07,1087171829979.4985
pal100,100% PAL,vulcan,Earth_1e12s_48.2SZA_WPT_1rtol.vul,244.7425,18.152316282042626,206.6802510915373,0.07863982197425251,5.957010775686185e-07,1641680517235.023
pal100,100% PAL,vulcan,Earth_1e12s_48.2SZA_WPT_1rtol.vul,244.7425,19.015909815732815,208.48870927019686,0.06827934218952017,9.278945902023165e-07,2201010669285.4233
pal100,100% PAL,vulcan,Earth_1e12s_48.2SZA_WPT_1rtol.vul,244.7425,19.887593247969473,210.45627747968365,0.059283813884522765,1.3256743870326716e-06,2704754385285.4336
pal100,100% PAL,vulcan,Earth_1e12s_48.2SZA_WPT_1rtol.vul,244.7425,20.767505399765376,212.32835396093347,0.05147341019981531,1.7828634082382964e-06,3130471381338.848
pal100,100% PAL,vulcan,Earth_1e12s_48.2SZA_WPT_1rtol.vul,244.7425,21.654901594431703,213.93504008415053,0.0446919957403443,2.3026608750281533e-06,3484131395957.276
pal100,100% PAL,vulcan,Earth_1e12s_48.2SZA_WPT_1rtol.vul,244.7425,22.54911822888581,215.48548771962368,0.038804005320442515,2.893351159898944e-06,3773778378800.8926
pal100,100% PAL,vulcan,Earth_1e12s_48.2SZA_WPT_1rtol.vul,244.7425,23.450001433373192,217.015620354509,0.033691733921599264,3.5631491527662673e-06,4006665505908.6123
pal100,100% PAL,vulcan,Earth_1e12s_48.2SZA_WPT_1rtol.vul,244.7425,24.357515579456074,218.54633209997667,0.029252983687378272,4.3080459871530946e-06,4176607796738.8745
pal100,100% PAL,vulcan,Earth_1e12s_48.2SZA_WPT_1rtol.vul,244.7425,25.271966128069224,220.22037193915207,0.025399020917276666,5.1229514163924505e-06,4279533580319.5527
pal100,100% PAL,vulcan,Earth_1e12s_48.2SZA_WPT_1rtol.vul,244.7425,26.1937573301025,221.94222347555996,0.02205280221841442,5.993339263112732e-06,4313297658140.887
pal100,100% PAL,vulcan,Earth_1e12s_48.2SZA_WPT_1rtol.vul,244.7425,27.1229267987578,223.63133490721881,0.019147434354593606,6.887247668771603e-06,4271106012057.1953
pal100,100% PAL,vulcan,Earth_1e12s_48.2SZA_WPT_1rtol.vul,244.7425,28.059368754506004,225.29944921460242,0.01662483700404,7.746255406493464e-06,4140051996217.153
pal100,100% PAL,vulcan,Earth_1e12s_48.2SZA_WPT_1rtol.vul,244.7425,29.003129680104777,227.0078124503309,0.01443458169342622,8.505832506875752e-06,3917391196195.4683
pal100,100% PAL,vulcan,Earth_1e12s_48.2SZA_WPT_1rtol.vul,244.7425,29.954262731858453,228.69832904609598,0.01253288369766049,9.096105420690536e-06,3610440734086.1733
pal100,100% PAL,vulcan,Earth_1e12s_48.2SZA_WPT_1rtol.vul,244.7425,30.912779435272803,230.4090714724299,0.010881726752817377,9.448700229894788e-06,3232116680780.9785
pal100,100% PAL,vulcan,Earth_1e12s_48.2SZA_WPT_1rtol.vul,244.7425,31.879551402917844,232.51371062867042,0.009448103084614537,9.512555252282444e-06,2799690126401.114
pal100,100% PAL,vulcan,Earth_1e12s_48.2SZA_WPT_1rtol.vul,244.7425,32.855595092417936,234.70747514598662,0.008203353560076381,9.284915159616309e-06,2350494099564.439
pal100,100% PAL,vulcan,Earth_1e12s_48.2SZA_WPT_1rtol.vul,244.7425,33.841634581270604,237.15452813351692,0.00712259477155813,8.794909258778407e-06,1913175873945.427
pal100,100% PAL,vulcan,Earth_1e12s_48.2SZA_WPT_1rtol.vul,244.7425,34.8388982439671,239.93151754403888,0.00618422160014214,8.103980953933717e-06,1512909226465.4514
pal100,100% PAL,vulcan,Earth_1e12s_48.2SZA_WPT_1rtol.vul,244.7425,35.847934718404886,242.63603207281818,0.00536947531430294,7.319522582191709e-06,1173210732537.4067
pal100,100% PAL,vulcan,Earth_1e12s_48.2SZA_WPT_1rtol.vul,244.7425,36.86905544952821,245.55661249799164,0.004662068569833589,6.5015433272243744e-06,894046694212.4303
pal100,100% PAL,vulcan,Earth_1e12s_48.2SZA_WPT_1rtol.vul,244.7425,37.90254385913778,248.3911832122168,0.004047859814521157,5.7161624411604755e-06,674699777134.6753
pal100,100% PAL,vulcan,Earth_1e12s_48.2SZA_WPT_1rtol.vul,244.7425,38.948112307448106,251.16870106248,0.0035145705886947304,5.014265930175687e-06,508195518584.46893
pal100,100% PAL,vulcan,Earth_1e12s_48.2SZA_WPT_1rtol.vul,244.7425,40.00591922883738,254.07336785412045,0.003051540070287546,4.411373157772111e-06,383751818352.73676
pal100,100% PAL,vulcan,Earth_1e12s_48.2SZA_WPT_1rtol.vul,244.7425,41.075765896982084,256.7503776151524,0.0026495119575984556,3.930331141758715e-06,293765406681.3682
pal100,100% PAL,vulcan,Earth_1e12s_48.2SZA_WPT_1rtol.vul,244.7425,42.15731135572908,259.4866099821575,0.0023004494293911424,3.5425367846856643e-06,227472459928.99072
pal100,100% PAL,vulcan,Earth_1e12s_48.2SZA_WPT_1rtol.vul,244.7425,43.24992222667251,261.8559310794201,0.0019973744832549527,3.232527543284467e-06,178589546141.9699
pal100,100% PAL,vulcan,Earth_1e12s_48.2SZA_WPT_1rtol.vul,244.7425,44.352154430284926,263.89805313402354,0.001734228440489514,2.9689093229106407e-06,141313537646.92023
pal100,100% PAL,vulcan,Earth_1e12s_48.2SZA_WPT_1rtol.vul,244.7425,45.46226904746588,265.4336051432532,0.0015057508289089293,2.7325953645821946e-06,112276599248.64528
pal100,100% PAL,vulcan,Earth_1e12s_48.2SZA_WPT_1rtol.vul,244.7425,46.578296581876565,266.5331222800867,0.0013073742223486725,2.5109298877132785e-06,89207225921.41653
pal100,100% PAL,vulcan,Earth_1e12s_48.2SZA_WPT_1rtol.vul,244.7425,47.69808296954263,267.0394503827338,0.0011351329346438444,2.302540332313676e-06,70891679032.54218
pal100,100% PAL,vulcan,Earth_1e12s_48.2SZA_WPT_1rtol.vul,244.7425,48.81978028662335,267.25690719500847,0.0009855837428080333,2.102795165363658e-06,56166618763.66614
pal100,100% PAL,vulcan,Earth_1e12s_48.2SZA_WPT_1rtol.vul,244.7425,49.94117589234388,266.7088715145238,0.0008557370546140203,1.9236334652861623e-06,44703540178.84712
pal100,100% PAL,vulcan,Earth_1e12s_48.2SZA_WPT_1rtol.vul,244.7425,51.06041557997966,266.04383665210173,0.000742997144568474,1.7539985916786368e-06,35479696826.87711
pal100,100% PAL,vulcan,Earth_1e12s_48.2SZA_WPT_1rtol.vul,244.7425,52.17551339881608,264.55207431701825,0.0006451102635562577,1.6076750230830704e-06,28394731232.39972
pal100,100% PAL,vulcan,Earth_1e12s_48.2SZA_WPT_1rtol.vul,244.7425,53.28489571447112,263.140444491274,0.0005601195848300737,1.469178209898168e-06,22650841968.90416
pal100,100% PAL,vulcan,Earth_1e12s_48.2SZA_WPT_1rtol.vul,244.7425,54.387115706405304,260.9637018176206,0.0004863260856845048,1.351565147314334e-06,18243206000.208176
pal100,100% PAL,vulcan,Earth_1e12s_48.2SZA_WPT_1rtol.vul,244.7425,55.48098797174701,258.9919545449512,0.00042225458281192714,1.2399067478437926e-06,14641778731.672047
pal100,100% PAL,vulcan,Earth_1e12s_48.2SZA_WPT_1rtol.vul,244.7425,56.56560916235745,256.3901621450192,0.0003666242423634718,1.144985262577956e-06,11858682337.093918
pal100,100% PAL,vulcan,Earth_1e12s_48.2SZA_WPT_1rtol.vul,244.7425,57.63991397639918,253.91669637560906,0.00031832297519067453,1.0560790454729716e-06,9589365433.348549
pal100,100% PAL,vulcan,Earth_1e12s_48.2SZA_WPT_1rtol.vul,244.7425,58.703725698772224,251.2359415935391,0.0002763852054108977,9.767620412125949e-07,7782847374.967091
pal100,100% PAL,vulcan,Earth_1e12s_48.2SZA_WPT_1rtol.vul,244.7425,59.75570147074581,248.12998103057808,0.00023997256787471085,9.084449832501332e-07,6363524268.330518
pal100,100% PAL,vulcan,Earth_1e12s_48.2SZA_WPT_1rtol.vul,244.7425,60.79579631838487,245.4332182610107,0.00020835714866419578,8.414894953572064e-07,5174167450.750638
pal100,100% PAL,vulcan,Earth_1e12s_48.2SZA_WPT_1rtol.vul,244.7425,61.82393619914075,242.2976845152787,0.0001809069335880904,7.841564295559625e-07,4240581100.831511
pal100,100% PAL,vulcan,Earth_1e12s_48.2SZA_WPT_1rtol.vul,244.7425,62.83919117666826,239.16521046418592,0.00015707317377908425,7.313687485138629e-07,3479021630.2665277
pal100,100% PAL,vulcan,Earth_1e12s_48.2SZA_WPT_1rtol.vul,244.7425,63.842426350052186,236.4454272517521,0.00013637941582278108,6.791039898348904e-07,2837075581.2397265
pal100,100% PAL,vulcan,Earth_1e12s_48.2SZA_WPT_1rtol.vul,244.7425,64.83398225875563,233.47965772413554,0.00011841197712298146,6.329821887795772e-07,2325170432.389617
pal100,100% PAL,vulcan,Earth_1e12s_48.2SZA_WPT_1rtol.vul,244.7425,65.81324357962795,230.47328486389765,0.0001028116760992264,5.906888182571858e-07,1908522633.4429553
pal100,100% PAL,vulcan,Earth_1e12s_48.2SZA_WPT_1rtol.vul,244.7425,66.7809501236061,227.86298951835784,8.926665189750274e-05,5.484057168495587e-07,1556087972.4893277
pal100,100% PAL,vulcan,Earth_1e12s_48.2SZA_WPT_1rtol.vul,244.7425,67.73815114449908,225.3581903099665,7.75061300751413e-05,5.081529004064518e-07,1265825477.242731
pal100,100% PAL,vulcan,Earth_1e12s_48.2SZA_WPT_1rtol.vul,244.7425,68.68405625562467,222.37804605013204,6.729500963161782e-05,4.7316911851178337e-07,1037108179.6884542
pal100,100% PAL,vulcan,Earth_1e12s_48.2SZA_WPT_1rtol.vul,244.7425,69.61848155217548,219.79052379254105,5.842916317624275e-05,4.3625252562020293e-07,839992433.3492621
pal100,100% PAL,vulcan,Earth_1e12s_48.2SZA_WPT_1rtol.vul,244.7425,70.5429683057459,217.54389716987527,5.073135627982722e-05,3.968245584297108e-07,670262354.3996656
pal100,100% PAL,vulcan,Earth_1e12s_48.2SZA_WPT_1rtol.vul,244.7425,71.45768065388798,215.0377464497307,4.404770443532926e-05,3.57422379077261e-07,530282186.564722
pal100,100% PAL,vulcan,Earth_1e12s_48.2SZA_WPT_1rtol.vul,244.7425,72.3623249098087,212.65571467088236,3.8244596799664614e-05,3.1562417635259274e-07,411130795.12712705
pal100,100% PAL,vulcan,Earth_1e12s_48.2SZA_WPT_1rtol.vul,244.7425,73.25782029575548,210.58750598409836,3.320602522014222e-05,2.720785857529015e-07,310738718.9758525
pal100,100% PAL,vulcan,Earth_1e12s_48.2SZA_WPT_1rtol.vul,244.7425,74.14530578563881,208.74666589319773,2.8831265150908658e-05,2.2992863189298822e-07,230013817.03130847
pal100,100% PAL,vulcan,Earth_1e12s_48.2SZA_WPT_1rtol.vul,244.7425,75.02535458393643,206.95167791619008,2.5032862099309092e-05,1.921366828367324e-07,168332727.68970183
pal100,100% PAL,vulcan,Earth_1e12s_48.2SZA_WPT_1rtol.vul,244.7425,75.89856024038214,205.3931723749605,2.1734883349830205e-05,1.5935865919597018e-07,122141625.45391244
pal100,100% PAL,vulcan,Earth_1e12s_48.2SZA_WPT_1rtol.vul,244.7425,76.76585503696995,204.03999366114402,1.8871400016371507e-05,1.318642675255232e-07,88334969.43869486
pal100,100% PAL,vulcan,Earth_1e12s_48.2SZA_WPT_1rtol.vul,244.7425,77.6285461462707,203.09951249619357,1.6385169078015253e-05,1.0894476582619326e-07,63659779.98026766
pal100,100% PAL,vulcan,Earth_1e12s_48.2SZA_WPT_1rtol.vul,244.7425,78.48804754689702,202.413898021706,1.422648905127535e-05,9.02383359972521e-08,45937272.02272673
pal100,100% PAL,vulcan,Earth_1e12s_48.2SZA_WPT_1rtol.vul,244.7425,79.34509180095304,201.8186104925843,1.2352206422918023e-05,7.502826949918554e-08,33260209.160973772
pal100,100% PAL,vulcan,Earth_1e12s_48.2SZA_WPT_1rtol.vul,244.7425,80.20012205882571,201.34107405500492,1.072485298125607e-05,6.227191291712968e-08,24025248.62780277
pal100,100% PAL,vulcan,Earth_1e12s_48.2SZA_WPT_1rtol.vul,244.7425,81.0547774611138,201.51698950091208,9.31189680057052e-06,5.0955047338989124e-08,17054163.191501807
pal100,100% PAL,vulcan,Earth_1e12s_48.2SZA_WPT_1rtol.vul,244.7425,81.91040038114068,201.6697287954065,8.085091905317684e-06,4.1652129566789773e-08,12094785.615775345
pal100,100% PAL,vulcan,Earth_1e12s_48.2SZA_WPT_1rtol.vul,244.7425,82.76690630319787,201.8023453030836,7.019913613457199e-06,3.925448327419489e-08,9890347.269267362
pal100,100% PAL,vulcan,Earth_1e12s_48.2SZA_WPT_1rtol.vul,244.7425,83.62485298652122,202.21277967179066,6.095068271022369e-06,5.3364849703592904e-08,11650430.764328405
pal100,100% PAL,vulcan,Earth_1e12s_48.2SZA_WPT_1rtol.vul,244.7425,84.48527989235919,202.82626126509302,5.292067577186033e-06,9.024883960585462e-08,17055306.947325505
pal100,100% PAL,vulcan,Earth_1e12s_48.2SZA_WPT_1rtol.vul,244.7425,85.34847775615404,203.35891912957518,4.594858990284288e-06,1.5080025834943691e-07,24679011.822118293
pal100,100% PAL,vulcan,Earth_1e12s_48.2SZA_WPT_1rtol.vul,244.7425,86.2141753372731,203.8214014659521,3.989504826357989e-06,2.3558900084303175e-07,33399574.87602471
pal100,100% PAL,vulcan,Earth_1e12s_48.2SZA_WPT_1rtol.vul,244.7425,87.08182016391046,204.05879013228983,3.463903635168786e-06,3.461847174958745e-07,42563281.49409547
pal100,100% PAL,vulcan,Earth_1e12s_48.2SZA_WPT_1rtol.vul,244.7425,87.95096990111062,204.26178486181314,3.007548283802692e-06,4.797544005602564e-07,51163608.8602062
pal100,100% PAL,vulcan,Earth_1e12s_48.2SZA_WPT_1rtol.vul,244.7425,88.82164595459767,204.43803585338242,2.6113159117845275e-06,6.301975962883636e-07,58303036.629266754
pal100,100% PAL,vulcan,Earth_1e12s_48.2SZA_WPT_1rtol.vul,244.7425,89.69332624252844,204.3036376020394,2.267285558759927e-06,7.938171882760769e-07,63806854.87775293
pal100,100% PAL,vulcan,Earth_1e12s_48.2SZA_WPT_1rtol.vul,244.7425,90.56482420490578,203.8111145824833,1.96857981899568e-06,9.637531890399623e-07,67422943.70726277
pal100,100% PAL,vulcan,Earth_1e12s_48.2SZA_WPT_1rtol.vul,244.7425,91.43579322563113,203.38347948687615,1.709227357261796e-06,1.118964260845605e-06,68110974.70331256
pal100,100% PAL,vulcan,Earth_1e12s_48.2SZA_WPT_1rtol.vul,244.7425,92.30680799092431,203.0121835926056,1.484043537692361e-06,1.2473729938463262e-06,66044642.564936094
pal100,100% PAL,vulcan,Earth_1e12s_48.2SZA_WPT_1rtol.vul,244.7425,93.17723196224124,202.1290073733386,1.2885267793131465e-06,1.3611426437212146e-06,62847088.53953087
pal100,100% PAL,vulcan,Earth_1e12s_48.2SZA_WPT_1rtol.vul,244.7425,94.04641404832903,201.28888085262048,1.1187685663109482e-06,1.4354566594319003e-06,57786617.24364858
pal100,100% PAL,vulcan,Earth_1e12s_48.2SZA_WPT_1rtol.vul,244.7425,94.91505226814752,200.5594376169862,9.713753140874917e-07,1.4645540728629101e-06,51376686.04238642
pal100,100% PAL,vulcan,Earth_1e12s_48.2SZA_WPT_1rtol.vul,244.7425,95.78386399007762,199.87668485953205,8.434005291460086e-07,1.451919306690484e-06,44374240.11584393
pal100,100% PAL,vulcan,Earth_1e12s_48.2SZA_WPT_1rtol.vul,244.7425,96.65333091758423,199.19352924336405,7.322859066394788e-07,1.4035054517322242e-06,37371133.51878007
pal100,100% PAL,vulcan,Earth_1e12s_48.2SZA_WPT_1rtol.vul,244.7425,97.52402864354053,198.60037662788258,6.358101880796528e-07,1.3218586851243556e-06,30651318.513195224
pal100,100% PAL,vulcan,Earth_1e12s_48.2SZA_WPT_1rtol.vul,244.7425,98.39670079879302,198.08536948027827,5.520447568369058e-07,1.2152978422265327e-06,24531343.498043478
pal100,100% PAL,vulcan,Earth_1e12s_48.2SZA_WPT_1rtol.vul,244.7425,99.27376494223341,198.41552284830675,4.793150837541151e-07,1.0684166329538173e-06,18694024.528208997
pal100,100% PAL,vulcan,Earth_1e12s_48.2SZA_WPT_1rtol.vul,244.7425,100.15779319783718,198.88514577296846,4.1616725214562427e-07,9.1820157567836e-07,13916188.602286607
pal100,100% PAL,vulcan,Earth_1e12s_48.2SZA_WPT_1rtol.vul,244.7425,101.04935386148313,199.29289776894217,3.613388929927501e-07,7.768241943177994e-07,10201460.406896774
pal100,100% PAL,vulcan,Earth_1e12s_48.2SZA_WPT_1rtol.vul,244.7425,101.95037853566174,200.44825209665206,3.137339493102141e-07,6.328650137469814e-07,7174424.138087455
pal100,100% PAL,vulcan,Earth_1e12s_48.2SZA_WPT_1rtol.vul,244.7425,102.86747454799988,203.58916476925035,2.7240076520564e-07,4.804688926108443e-07,4656243.189990021
pal100,100% PAL,vulcan,Earth_1e12s_48.2SZA_WPT_1rtol.vul,244.7425,103.80469153820856,206.31627484879706,2.3651306161721237e-07,3.642648350455315e-07,3024514.057610384
pal100,100% PAL,vulcan,Earth_1e12s_48.2SZA_WPT_1rtol.vul,244.7425,104.76075614677161,208.68409916013417,2.0535341842126814e-07,2.755156337028831e-07,1963701.8188308585
pal100,100% PAL,vulcan,Earth_1e12s_48.2SZA_WPT_1rtol.vul,244.7425,105.74431471811063,214.91645911126628,1.7829893270567465e-07,1.8565462999245962e-07,1115582.1806651314
pal100,100% PAL,vulcan,Earth_1e12s_48.2SZA_WPT_1rtol.vul,244.7425,106.76661500983421,221.84303494634995,1.548087665079265e-07,1.2169460298015846e-07,615088.7555437959
pal100,100% PAL,vulcan,Earth_1e12s_48.2SZA_WPT_1rtol.vul,244.7425,107.82789949251385,227.8570623153358,1.3441333508858972e-07,8.118389936606149e-08,346869.7982134437
pal100,100% PAL,vulcan,Earth_1e12s_48.2SZA_WPT_1rtol.vul,244.7425,108.92926126271922,234.92214480476395,1.167049196061674e-07,5.234918878643401e-08,188361.3871341507
pal100,100% PAL,vulcan,Earth_1e12s_48.2SZA_WPT_1rtol.vul,244.7425,110.09052539173473,248.8593402790674,1.013295165342428e-07,2.8110920372854904e-08,82903.67971999243
pal100,100% PAL,vulcan,Earth_1e12s_48.2SZA_WPT_1rtol.vul,244.7425,111.32487829050098,260.9603663885079,8.797976088508267e-08,1.578126944054922e-08,38536.021532179424
pal100,100% PAL,vulcan,Earth_1e12s_48.2SZA_WPT_1rtol.vul,244.7425,112.62522310727361,271.46713105083546,7.638878177002412e-08,9.265123509692795e-09,18883.402980677707
pal100,100% PAL,vulcan,Earth_1e12s_48.2SZA_WPT_1rtol.vul,244.7425,114.00612262883197,288.9900161178848,6.632486746503248e-08,4.594304140139493e-09,7637.126966260772
pal100,100% PAL,vulcan,Earth_1e12s_48.2SZA_WPT_1rtol.vul,244.7425,115.49146016145282,308.58443461166956,5.7586833332382704e-08,2.196255246460238e-09,2968.5796838878678
pal100,100% PAL,vulcan,Earth_1e12s_48.2SZA_WPT_1rtol.vul,244.7425,117.08164137397713,325.5973673950097,5e-08,1.1541494168400634e-09,1283.712805198401
pal100,100% PAL,waccm,Earth_100pc_o2.cam.h0.0009-0012.nc,279.6424,0.2948738871088996,286.13477810339566,0.992556095123291,1.3454293502366003e-08,338035279478.4478
pal100,100% PAL,waccm,Earth_100pc_o2.cam.h0.0009-0012.nc,279.6424,0.43326816920503924,285.4357436895158,0.976325407391414,1.4083114798534515e-08,348900563912.8307
pal100,100% PAL,waccm,Earth_100pc_o2.cam.h0.0009-0012.nc,279.6424,0.5959730548233602,284.4085214616136,0.957485479535535,1.4291306682072517e-08,348480313070.98126
pal100,100% PAL,waccm,Earth_100pc_o2.cam.h0.0009-0012.nc,279.6424,0.782892142238291,283.1311799632586,0.9361983984708786,1.4469198915040553e-08,346530447507.1292
pal100,100% PAL,waccm,Earth_100pc_o2.cam.h0.0009-0012.nc,279.6424,0.9936548415703682,281.73333935651874,0.912644546944648,1.4676627639040786e-08,344355016022.7204
pal100,100% PAL,waccm,Earth_100pc_o2.cam.h0.0009-0012.nc,279.6424,1.2279074405514994,280.2652705411372,0.8870202489197254,1.4944430512749922e-08,342578683829.0318
pal100,100% PAL,waccm,Earth_100pc_o2.cam.h0.0009-0012.nc,279.6424,1.4853292062467336,278.8033164717592,0.8595347665250301,1.5284694466490302e-08,341302124264.56903
pal100,100% PAL,waccm,Earth_100pc_o2.cam.h0.0009-0012.nc,279.6424,1.859750332488778,276.94074199660133,0.8208583686500788,1.578981299642635e-08,338980786185.0113
pal100,100% PAL,waccm,Earth_100pc_o2.cam.h0.0009-0012.nc,279.6424,2.4447677815782507,274.4655681486555,0.763404481112957,1.6790473286707142e-08,338256764633.9425
pal100,100% PAL,waccm,Earth_100pc_o2.cam.h0.0009-0012.nc,279.6424,3.233214139641861,270.41948646547837,0.6913894303143024,1.785673625255601e-08,330676668537.5369
pal100,100% PAL,waccm,Earth_100pc_o2.cam.h0.0009-0012.nc,279.6424,4.214045120372501,264.9018116440742,0.6097786948084831,1.9152699412923975e-08,319325814124.17426
pal100,100% PAL,waccm,Earth_100pc_o2.cam.h0.0009-0012.nc,279.6424,5.358761346234252,257.96845724256104,0.5246871747076511,2.0717916953857765e-08,305208516094.3316
pal100,100% PAL,waccm,Earth_100pc_o2.cam.h0.0009-0012.nc,279.6424,6.558287265858871,249.88478270430778,0.445992574095726,2.2901126399124408e-08,296047487154.2896
pal100,100% PAL,waccm,Earth_100pc_o2.cam.h0.0009-0012.nc,279.6424,7.717507355739886,241.6217028756481,0.37910090386867523,2.6683187282807153e-08,303230792432.4056
pal100,100% PAL,waccm,Earth_100pc_o2.cam.h0.0009-0012.nc,279.6424,8.836334760626526,233.49132042573302,0.3222419023513794,3.510645227417594e-08,350925504067.8173
pal100,100% PAL,waccm,Earth_100pc_o2.cam.h0.0009-0012.nc,279.6424,9.916745421118558,226.10238235382022,0.2739108167588711,5.40954453546331e-08,474658718590.5126
pal100,100% PAL,waccm,Earth_100pc_o2.cam.h0.0009-0012.nc,279.6424,10.963351760074007,219.98363122104146,0.23282861895859241,8.984188186341505e-08,688718189456.553
pal100,100% PAL,waccm,Earth_100pc_o2.cam.h0.0009-0012.nc,279.6424,11.98256619165037,215.3681939144597,0.1979080867022276,1.3869006365363063e-07,923089984644.12
pal100,100% PAL,waccm,Earth_100pc_o2.cam.h0.0009-0012.nc,279.6424,12.989630327950678,211.80426786238036,0.16822507977485657,1.9349764906054067e-07,1113136557864.7227
pal100,100% PAL,waccm,Earth_100pc_o2.cam.h0.0009-0012.nc,279.6424,13.990325694013546,208.87198949892763,0.14299403876066208,2.5662421876392094e-07,1272483286690.8262
pal100,100% PAL,waccm,Earth_100pc_o2.cam.h0.0009-0012.nc,279.6424,14.978486668374714,206.55152262174093,0.12154724076390266,3.4390408353209656e-07,1465786621945.699
pal100,100% PAL,waccm,Earth_100pc_o2.cam.h0.0009-0012.nc,279.6424,15.957757472650178,205.15962419261393,0.10331712663173676,4.812935543497033e-07,1755525682600.3142
pal100,100% PAL,waccm,Earth_100pc_o2.cam.h0.0009-0012.nc,279.6424,16.934093797632592,205.36062688615385,0.08782123029232025,6.963271806201932e-07,2156812543739.5518
pal100,100% PAL,waccm,Earth_100pc_o2.cam.h0.0009-0012.nc,279.6424,17.991273659523003,207.31460557561877,0.07375095784664154,1.0595675834910091e-06,2730128858540.2354
pal100,100% PAL,waccm,Earth_100pc_o2.cam.h0.0009-0012.nc,279.6424,19.096411449376987,209.9004854272457,0.061520498245954514,1.554781983407305e-06,3300597891599.998
pal100,100% PAL,waccm,Earth_100pc_o2.cam.h0.0009-0012.nc,279.6424,20.173813665935135,212.18335373667833,0.05167749896645546,2.1320169011440493e-06,3760949811159.2974
pal100,100% PAL,waccm,Earth_100pc_o2.cam.h0.0009-0012.nc,279.6424,21.293214216749867,214.17626843230673,0.0431937500834465,2.7689765928927154e-06,4044693018151.5977
pal100,100% PAL,waccm,Earth_100pc_o2.cam.h0.0009-0012.nc,279.6424,22.454598956206915,216.21405294851513,0.035923250019550323,3.5213656953440466e-06,4237595996072.7812
pal100,100% PAL,waccm,Earth_100pc_o2.cam.h0.0009-0012.nc,279.6424,23.658978677725173,218.36209472481153,0.0297279991209507,4.364048715552895e-06,4303231743575.8765
pal100,100% PAL,waccm,Earth_100pc_o2.cam.h0.0009-0012.nc,279.6424,24.907655047076087,220.65690833302773,0.02447899989783764,5.264300396979575e-06,4229933330993.586
pal100,100% PAL,waccm,Earth_100pc_o2.cam.h0.0009-0012.nc,279.6424,26.201993354494455,223.05641419711532,0.020056750625371933,6.155456934429548e-06,4008878306120.2
pal100,100% PAL,waccm,Earth_100pc_o2.cam.h0.0009-0012.nc,279.6424,27.542929779062582,225.41980633840305,0.01635175058618188,6.857540239023815e-06,3602941941211.356
pal100,100% PAL,waccm,Earth_100pc_o2.cam.h0.0009-0012.nc,279.6424,28.931244765010618,227.82212711158326,0.013264750130474567,7.358473030804958e-06,3103184454176.3027
pal100,100% PAL,waccm,Earth_100pc_o2.cam.h0.0009-0012.nc,279.6424,30.368443328647132,230.47404492291838,0.01070705009624362,7.649665907453742e-06,2573990834710.351
pal100,100% PAL,waccm,Earth_100pc_o2.cam.h0.0009-0012.nc,279.6424,31.85780071867448,233.7138672616345,0.00859972508624196,7.782976134199092e-06,2074256703784.6692
pal100,100% PAL,waccm,Earth_100pc_o2.cam.h0.0009-0012.nc,279.6424,33.40448542175701,237.65245556488605,0.006872850004583597,7.723123479065728e-06,1617723355628.0984
pal100,100% PAL,waccm,Earth_100pc_o2.cam.h0.0009-0012.nc,279.6424,35.01393648235927,242.17945614304267,0.005465399939566851,7.552520075321575e-06,1234506138423.8018
pal100,100% PAL,waccm,Earth_100pc_o2.cam.h0.0009-0012.nc,279.6424,36.69010567432636,246.9193361608821,0.004324574954807758,7.252459674053427e-06,920005382330.4995
pal100,100% PAL,waccm,Earth_100pc_o2.cam.h0.0009-0012.nc,279.6424,38.435378656882285,251.73535420214986,0.0034048750530928373,6.793792154290681e-06,665558048941.9406
pal100,100% PAL,waccm,Earth_100pc_o2.cam.h0.0009-0012.nc,279.6424,40.25180660042143,256.6477950695698,0.0026674249675124884,6.123782759960559e-06,460989642254.0443
pal100,100% PAL,waccm,Earth_100pc_o2.cam.h0.0009-0012.nc,279.6424,42.140058217002114,261.27489054214226,0.0020793249714188278,5.279992070310642e-06,304350964478.08923
pal100,100% PAL,waccm,Earth_100pc_o2.cam.h0.0009-0012.nc,279.6424,44.096792199575006,264.899534061405,0.0016128499992191792,4.3960061740015845e-06,193859815445.16943
pal100,100% PAL,waccm,Earth_100pc_o2.cam.h0.0009-0012.nc,279.6424,46.1136051078814,266.92854330946074,0.0012447949848137796,3.5936872466308444e-06,121383542854.42809
pal100,100% PAL,waccm,Earth_100pc_o2.cam.h0.0009-0012.nc,279.6424,48.1789172054865,267.33925177039146,0.0009559475001879036,2.913461237455415e-06,75456607448.56882
pal100,100% PAL,waccm,Earth_100pc_o2.cam.h0.0009-0012.nc,279.6424,50.27992522198677,266.0452617504276,0.0007304799801204354,2.3706482050272085e-06,47145106143.167206
pal100,100% PAL,waccm,Earth_100pc_o2.cam.h0.0009-0012.nc,279.6424,52.431624313960675,263.1115241046034,0.0005534699885174632,1.9451910345421594e-06,29636927845.329338
pal100,100% PAL,waccm,Earth_100pc_o2.cam.h0.0009-0012.nc,279.6424,54.72633970160011,258.67906126214916,0.00041016750037670135,1.5983659640419974e-06,18356628135.8655
pal100,100% PAL,waccm,Earth_100pc_o2.cam.h0.0009-0012.nc,279.6424,57.27831325552921,252.59454300389666,0.00029202500445535406,1.305199142735069e-06,10929230174.616146
pal100,100% PAL,waccm,Earth_100pc_o2.cam.h0.0009-0012.nc,279.6424,60.11292969875432,244.59643355199427,0.00019811999663943425,1.066429514746073e-06,6256436847.448379
pal100,100% PAL,waccm,Earth_100pc_o2.cam.h0.0009-0012.nc,279.6424,63.179956671558145,235.50477835349014,0.00012827324826503173,8.781131494921681e-07,3464204864.1618567
pal100,100% PAL,waccm,Earth_100pc_o2.cam.h0.0009-0012.nc,279.6424,66.38871954311622,226.21468243037427,7.991075108293444e-05,7.191699793954186e-07,1840062992.2892544
pal100,100% PAL,waccm,Earth_100pc_o2.cam.h0.0009-0012.nc,279.6424,69.6041464910052,216.98715776502422,4.873074976785574e-05,5.574228284287043e-07,906714435.8660325
pal100,100% PAL,waccm,Earth_100pc_o2.cam.h0.0009-0012.nc,279.6424,72.7254673350704,208.90446725738187,2.9557750167441554e-05,3.7543025958690935e-07,384742035.1532149
pal100,100% PAL,waccm,Earth_100pc_o2.cam.h0.0009-0012.nc,279.6424,75.7559207961751,203.24725326689378,1.789799989637686e-05,2.2347622112878357e-07,142537078.29888287
pal100,100% PAL,waccm,Earth_100pc_o2.cam.h0.0009-0012.nc,279.6424,78.7378082201371,200.96178591650968,1.0813825610966887e-05,1.9063237516404005e-07,74298364.91512588
pal100,100% PAL,waccm,Earth_100pc_o2.cam.h0.0009-0012.nc,279.6424,81.68320423284568,201.5422826932134,6.556825610459782e-06,3.152177693266301e-07,74277087.92086713
pal100,100% PAL,waccm,Earth_100pc_o2.cam.h0.0009-0012.nc,279.6424,84.64703516498686,203.5846965433892,3.978249878855422e-06,6.830841353558734e-07,96680267.9781746
pal100,100% PAL,waccm,Earth_100pc_o2.cam.h0.0009-0012.nc,279.6424,87.65128540716282,204.37109695964543,2.4045749569268082e-06,1.2261750036798524e-06,104493197.6763741
pal100,100% PAL,waccm,Earth_100pc_o2.cam.h0.0009-0012.nc,279.6424,90.63220687813684,202.8546429690404,1.458457461467333e-06,1.587203025698225e-06,82652884.45079131
pal100,100% PAL,waccm,Earth_100pc_o2.cam.h0.0009-0012.nc,279.6424,93.58228032285231,200.04493048784002,8.846024854847201e-07,1.611278766522621e-06,51606927.87290625
pal100,100% PAL,waccm,Earth_100pc_o2.cam.h0.0009-0012.nc,279.6424,96.49590047059054,197.9192890471661,5.365325108641628e-07,1.381755017388053e-06,27130368.225712728
pal100,100% PAL,waccm,Earth_100pc_o2.cam.h0.0009-0012.nc,279.6424,99.40333444726653,199.51454521827938,3.254225049431625e-07,9.795143126142178e-07,11571789.496630793
pal100,100% PAL,waccm,Earth_100pc_o2.cam.h0.0009-0012.nc,279.6424,102.38881473941123,209.27055661640705,1.9738000389679655e-07,5.140385030142961e-07,3511619.008849118
pal100,100% PAL,waccm,Earth_100pc_o2.cam.h0.0009-0012.nc,279.6424,105.6057920894587,232.25374064645564,1.1971900093499244e-07,1.7274772449303986e-07,644955.0078424021
pal100,100% PAL,waccm,Earth_100pc_o2.cam.h0.0009-0012.nc,279.6424,109.29279511754223,275.1274608030162,7.261274781455995e-08,3.084242885924864e-08,58958.20063031992
pal100,100% PAL,waccm,Earth_100pc_o2.cam.h0.0009-0012.nc,279.6424,113.75044647691882,339.32235913670485,4.404100018007284e-08,2.9187913753831708e-09,2743.8759124593435
pal100,100% PAL,waccm,Earth_100pc_o2.cam.h0.0009-0012.nc,279.6424,119.22153612225362,414.5544352196102,2.671225107775399e-08,2.5916728222553536e-10,120.95555374586301
pal100,100% PAL,waccm,Earth_100pc_o2.cam.h0.0009-0012.nc,279.6424,125.78877220987467,489.0517495104259,1.6201850527863826e-08,3.5316142755668286e-11,8.474220990568547
pal100,100% PAL,waccm,Earth_100pc_o2.cam.h0.0009-0012.nc,279.6424,133.3938885664325,555.7246374982974,9.826900182474674e-09,6.9174707598431884e-12,0.8859739299792447
pal100,100% PAL,waccm,Earth_100pc_o2.cam.h0.0009-0012.nc,279.6424,141.85864385398995,605.0831849906258,5.960300031304655e-09,1.8221197153719825e-12,0.1300009907860467
pal100,100% PAL,waccm_eq,Earth_100pc_o2.cam.h0.0009-0012.nc,247.508,0.06613364410400391,298.98150634765625,0.992556095123291,1.2420072970087404e-08,298642491203.73535
pal100,100% PAL,waccm_eq,Earth_100pc_o2.cam.h0.0009-0012.nc,247.508,0.21173037719726562,297.6351318359375,0.976325407391414,1.2555998907259891e-08,298317262670.8674
pal100,100% PAL,waccm_eq,Earth_100pc_o2.cam.h0.0009-0012.nc,247.508,0.38310821533203127,296.0560607910156,0.957485479535535,1.2789681314018253e-08,299595082513.39496
pal100,100% PAL,waccm_eq,Earth_100pc_o2.cam.h0.0009-0012.nc,247.508,0.5797132568359376,294.3567199707031,0.9361983984708786,1.3291954203964451e-08,306195985596.4597
pal100,100% PAL,waccm_eq,Earth_100pc_o2.cam.h0.0009-0012.nc,247.508,0.80114501953125,292.6672668457031,0.912644546944648,1.4314513130386786e-08,323311245036.15216
pal100,100% PAL,waccm_eq,Earth_100pc_o2.cam.h0.0009-0012.nc,247.508,1.0470794677734374,291.1530456542969,0.8870202489197254,1.5899475513947436e-08,350842108262.9599
pal100,100% PAL,waccm_eq,Earth_100pc_o2.cam.h0.0009-0012.nc,247.508,1.3173583984375,289.92474365234375,0.8595347665250301,1.7750979353081675e-08,381168674659.9889
pal100,100% PAL,waccm_eq,Earth_100pc_o2.cam.h0.0009-0012.nc,247.508,1.7108270263671874,288.3269348144531,0.8208583686500788,1.9425236530423717e-08,400558588607.8829
pal100,100% PAL,waccm_eq,Earth_100pc_o2.cam.h0.0009-0012.nc,247.508,2.32576416015625,285.5368957519531,0.763404481112957,2.0338912776196594e-08,393855507045.696
pal100,100% PAL,waccm_eq,Earth_100pc_o2.cam.h0.0009-0012.nc,247.508,3.153658203125,280.61907958984375,0.6913894303143024,1.9338822099257413e-08,345105813827.38
pal100,100% PAL,waccm_eq,Earth_100pc_o2.cam.h0.0009-0012.nc,247.508,4.1838603515625,275.2264709472656,0.6097786948084831,1.8311213878519084e-08,293843370924.76715
pal100,100% PAL,waccm_eq,Earth_100pc_o2.cam.h0.0009-0012.nc,247.508,5.38976904296875,268.8742370605469,0.5246871747076511,1.94804332664944e-08,275338274642.145
pal100,100% PAL,waccm_eq,Earth_100pc_o2.cam.h0.0009-0012.nc,247.508,6.65845751953125,261.2356872558594,0.445992574095726,2.101010387889346e-08,259800533917.1824
pal100,100% PAL,waccm_eq,Earth_100pc_o2.cam.h0.0009-0012.nc,247.508,7.887345703125,252.11859130859375,0.37910090386867523,2.0886973928213592e-08,227479460702.06583
pal100,100% PAL,waccm_eq,Earth_100pc_o2.cam.h0.0009-0012.nc,247.508,9.0725810546875,242.62611389160156,0.3222419023513794,2.054260583861378e-08,197613550440.40588
pal100,100% PAL,waccm_eq,Earth_100pc_o2.cam.h0.0009-0012.nc,247.508,10.2140634765625,233.3689727783203,0.2739108167588711,2.0062337569015654e-08,170554946396.95288
pal100,100% PAL,waccm_eq,Earth_100pc_o2.cam.h0.0009-0012.nc,247.508,11.3134970703125,224.512939453125,0.23282861895859241,1.9629485592531637e-08,147441799313.40967
pal100,100% PAL,waccm_eq,Earth_100pc_o2.cam.h0.0009-0012.nc,247.508,12.37330859375,216.18943786621094,0.1979080867022276,1.9658005001588208e-08,130342253865.88826
pal100,100% PAL,waccm_eq,Earth_100pc_o2.cam.h0.0009-0012.nc,247.508,13.3903720703125,208.61163330078125,0.16822507977485657,2.0556759849910122e-08,120066983353.03879
pal100,100% PAL,waccm_eq,Earth_100pc_o2.cam.h0.0009-0012.nc,247.508,14.36758984375,202.09609985351562,0.14299403876066208,2.361956319418823e-08,121045480678.79567
pal100,100% PAL,waccm_eq,Earth_100pc_o2.cam.h0.0009-0012.nc,247.508,15.3169697265625,196.944580078125,0.12154724076390266,3.2382391879082206e-08,144752713066.06482
pal100,100% PAL,waccm_eq,Earth_100pc_o2.cam.h0.0009-0012.nc,247.508,16.24612890625,193.64451599121094,0.10331712663173676,5.5423779343755086e-08,214180521383.66168
pal100,100% PAL,waccm_eq,Earth_100pc_o2.cam.h0.0009-0012.nc,247.508,17.168541015625,194.21212768554688,0.08782123029232025,1.1991845383363398e-07,392758785404.20435
pal100,100% PAL,waccm_eq,Earth_100pc_o2.cam.h0.0009-0012.nc,247.508,18.177267578125,199.39572143554688,0.07375095784664154,3.719213168551505e-07,996367649397.158
pal100,100% PAL,waccm_eq,Earth_100pc_o2.cam.h0.0009-0012.nc,247.508,19.245478515625,204.0438232421875,0.061520498245954514,7.834244684090663e-07,1710843328310.6074
pal100,100% PAL,waccm_eq,Earth_100pc_o2.cam.h0.0009-0012.nc,247.508,20.296166015625,207.59410095214844,0.05167749896645546,1.328921712229203e-06,2396087056031.641
pal100,100% PAL,waccm_eq,Earth_100pc_o2.cam.h0.0009-0012.nc,247.508,21.394845703125,210.89501953125,0.0431937500834465,2.040899516941863e-06,3027561178271.9287
pal100,100% PAL,waccm_eq,Earth_100pc_o2.cam.h0.0009-0012.nc,247.508,22.54237109375,214.38519287109375,0.035923250019550323,3.0085518574196612e-06,3651363363274.332
pal100,100% PAL,waccm_eq,Earth_100pc_o2.cam.h0.0009-0012.nc,247.508,23.740509765625,217.96556091308594,0.0297279991209507,4.31990520155523e-06,4267452874176.967
pal100,100% PAL,waccm_eq,Earth_100pc_o2.cam.h0.0009-0012.nc,247.508,24.98983984375,221.30352783203125,0.02447899989783764,5.740244887419976e-06,4598884167967.438
pal100,100% PAL,waccm_eq,Earth_100pc_o2.cam.h0.0009-0012.nc,247.508,26.290037109375,224.4325408935547,0.020056750625371933,7.320837084989762e-06,4738623546159.672
pal100,100% PAL,waccm_eq,Earth_100pc_o2.cam.h0.0009-0012.nc,247.508,27.6403203125,227.17837524414062,0.01635175058618188,8.616103514214046e-06,4491846330323.696
pal100,100% PAL,waccm_eq,Earth_100pc_o2.cam.h0.0009-0012.nc,247.508,29.03929296875,229.54139709472656,0.013264750130474567,9.53127437242074e-06,3989383083805.51
pal100,100% PAL,waccm_eq,Earth_100pc_o2.cam.h0.0009-0012.nc,247.508,30.48667578125,231.99729919433594,0.01070705009624362,9.934045010595582e-06,3320700796583.261
pal100,100% PAL,waccm_eq,Earth_100pc_o2.cam.h0.0009-0012.nc,247.508,31.9850703125,235.0006103515625,0.00859972508624196,9.918614523485303e-06,2628955938319.244
pal100,100% PAL,waccm_eq,Earth_100pc_o2.cam.h0.0009-0012.nc,247.508,33.53896875,238.5541229248047,0.006872850004583597,9.441901056561619e-06,1970271618123.8367
pal100,100% PAL,waccm_eq,Earth_100pc_o2.cam.h0.0009-0012.nc,247.508,35.15371484375,242.8490753173828,0.005465399939566851,8.86402813193854e-06,1444885179761.1023
pal100,100% PAL,waccm_eq,Earth_100pc_o2.cam.h0.0009-0012.nc,247.508,36.83401953125,247.45205688476562,0.004324574954807758,8.108712790999562e-06,1026410287157.1112
pal100,100% PAL,waccm_eq,Earth_100pc_o2.cam.h0.0009-0012.nc,247.508,38.58241796875,252.09097290039062,0.0034048750530928373,7.278421435330529e-06,712029194623.9425
pal100,100% PAL,waccm_eq,Earth_100pc_o2.cam.h0.0009-0012.nc,247.508,40.4004140625,256.7229309082031,0.0026674249675124884,6.360038696584525e-06,478634528239.1245
pal100,100% PAL,waccm_eq,Earth_100pc_o2.cam.h0.0009-0012.nc,247.508,42.28849609375,261.14691162109375,0.0020793249714188278,5.332733053364791e-06,307541718381.1109
pal100,100% PAL,waccm_eq,Earth_100pc_o2.cam.h0.0009-0012.nc,247.508,44.2438203125,264.6435546875,0.0016128499992191792,4.353133135737153e-06,192154838287.52307
pal100,100% PAL,waccm_eq,Earth_100pc_o2.cam.h0.0009-0012.nc,247.508,46.25901953125,266.76251220703125,0.0012447949848137796,3.5258210573374527e-06,119165356266.1156
pal100,100% PAL,waccm_eq,Earth_100pc_o2.cam.h0.0009-0012.nc,247.508,48.32540234375,267.8040771484375,0.0009559475001879036,2.8426454719010508e-06,73494742642.20871
pal100,100% PAL,waccm_eq,Earth_100pc_o2.cam.h0.0009-0012.nc,247.508,50.43466015625,267.7177429199219,0.0007304799801204354,2.2933379568712553e-06,45322717258.37114
pal100,100% PAL,waccm_eq,Earth_100pc_o2.cam.h0.0009-0012.nc,247.508,52.6042109375,265.8542175292969,0.0005534699885174632,1.8728316035776515e-06,28240083004.19071
pal100,100% PAL,waccm_eq,Earth_100pc_o2.cam.h0.0009-0012.nc,247.508,54.92416796875,261.67431640625,0.00041016750037670135,1.5485045423702104e-06,17580424149.069214
pal100,100% PAL,waccm_eq,Earth_100pc_o2.cam.h0.0009-0012.nc,247.508,57.50428515625,255.2416534423828,0.00029202500445535406,1.274446844945487e-06,10561045987.50543
pal100,100% PAL,waccm_eq,Earth_100pc_o2.cam.h0.0009-0012.nc,247.508,60.36815625,247.08047485351562,0.00019811999663943425,1.0413340305603924e-06,6047789452.077153
pal100,100% PAL,waccm_eq,Earth_100pc_o2.cam.h0.0009-0012.nc,247.508,63.46637890625,237.9040069580078,0.00012827324826503173,8.503828894390608e-07,3320974693.443699
pal100,100% PAL,waccm_eq,Earth_100pc_o2.cam.h0.0009-0012.nc,247.508,66.7041015625,227.95433044433594,7.991075108293444e-05,6.857816856609134e-07,1741245334.6011896
pal100,100% PAL,waccm_eq,Earth_100pc_o2.cam.h0.0009-0012.nc,247.508,69.93715625,217.59764099121094,4.873074976785574e-05,5.186429916648194e-07,841267558.5120472
pal100,100% PAL,waccm_eq,Earth_100pc_o2.cam.h0.0009-0012.nc,247.508,73.0609609375,208.55325317382812,2.9557750167441554e-05,3.4058083997479116e-07,349616028.33322054
pal100,100% PAL,waccm_eq,Earth_100pc_o2.cam.h0.0009-0012.nc,247.508,76.0835390625,202.49464416503906,1.789799989637686e-05,1.7791833784031041e-07,113901223.7771395
pal100,100% PAL,waccm_eq,Earth_100pc_o2.cam.h0.0009-0012.nc,247.508,79.05628125,200.4986572265625,1.0813825610966887e-05,1.831651701422743e-07,71552943.51127534
pal100,100% PAL,waccm_eq,Earth_100pc_o2.cam.h0.0009-0012.nc,247.508,81.9939375,200.9351348876953,6.556825610459782e-06,2.772432310393924e-07,65526265.79909584
pal100,100% PAL,waccm_eq,Earth_100pc_o2.cam.h0.0009-0012.nc,247.508,84.944859375,202.38441467285156,3.978249878855422e-06,5.857328346792201e-07,83393323.18566673
pal100,100% PAL,waccm_eq,Earth_100pc_o2.cam.h0.0009-0012.nc,247.508,87.92865625,202.75807189941406,2.4045749569268082e-06,1.248465650860453e-06,107239179.48165946
pal100,100% PAL,waccm_eq,Earth_100pc_o2.cam.h0.0009-0012.nc,247.508,90.88553125,201.1757049560547,1.458457461467333e-06,1.8069715679303044e-06,94882533.24161647
pal100,100% PAL,waccm_eq,Earth_100pc_o2.cam.h0.0009-0012.nc,247.508,93.8106796875,198.31381225585938,8.846024854847201e-07,1.9768892798310844e-06,63869608.74386274
pal100,100% PAL,waccm_eq,Earth_100pc_o2.cam.h0.0009-0012.nc,247.508,96.6974140625,195.95733642578125,5.365325108641628e-07,1.8316633259019e-06,36324268.945732445
pal100,100% PAL,waccm_eq,Earth_100pc_o2.cam.h0.0009-0012.nc,247.508,99.5727734375,197.05223083496094,3.254225049431625e-07,1.3901967577112373e-06,16628735.158069436
pal100,100% PAL,waccm_eq,Earth_100pc_o2.cam.h0.0009-0012.nc,247.508,102.5223828125,206.83299255371094,1.9738000389679655e-07,6.999177912803134e-07,4837790.841265706
pal100,100% PAL,waccm_eq,Earth_100pc_o2.cam.h0.0009-0012.nc,247.508,105.710984375,230.9034881591797,1.1971900093499244e-07,1.8350800701227854e-07,689135.0295931026
pal100,100% PAL,waccm_eq,Earth_100pc_o2.cam.h0.0009-0012.nc,247.508,109.3891015625,275.3976745605469,7.261274781455995e-08,2.198757087512604e-08,41990.06748064951
pal100,100% PAL,waccm_eq,Earth_100pc_o2.cam.h0.0009-0012.nc,247.508,113.86065625,341.07525634765625,4.404100018007284e-08,1.817143879812022e-09,1699.4680026137682
pal100,100% PAL,waccm_eq,Earth_100pc_o2.cam.h0.0009-0012.nc,247.508,119.3511796875,415.38055419921875,2.671225107775399e-08,2.016169731167139e-10,93.90919860591465
pal100,100% PAL,waccm_eq,Earth_100pc_o2.cam.h0.0009-0012.nc,247.508,125.8886875,483.6463928222656,1.6201850527863826e-08,3.457166497522479e-11,8.388294727245297
pal100,100% PAL,waccm_eq,Earth_100pc_o2.cam.h0.0009-0012.nc,247.508,133.328359375,537.4539184570312,9.826900182474674e-09,7.814034141961912e-12,1.034826002549064
pal100,100% PAL,waccm_eq,Earth_100pc_o2.cam.h0.0009-0012.nc,247.508,141.407453125,569.1917724609375,5.960300031304655e-09,2.2302953754660404e-12,0.16915646832350822
pal10,10% PAL,atmos,PTZ_mixingratios_out.dist,229.7349,0.25,288.6,0.9839,1.391e-08,343477648607.3376
pal10,10% PAL,atmos,PTZ_mixingratios_out.dist,229.7349,0.75,286.0,0.9273,1.483e-08,348266815656.42725
pal10,10% PAL,atmos,PTZ_mixingratios_out.dist,229.7349,1.25,282.6,0.8734,1.618e-08,362189840977.0556
pal10,10% PAL,atmos,PTZ_mixingratios_out.dist,229.7349,1.75,279.6,0.8221,1.799e-08,383120474397.8654
pal10,10% PAL,atmos,PTZ_mixingratios_out.dist,229.7349,2.25,277.3,0.7733,2.025e-08,409015612246.9773
pal10,10% PAL,atmos,PTZ_mixingratios_out.dist,229.7349,2.75,275.2,0.727,2.298e-08,439696210782.7045
pal10,10% PAL,atmos,PTZ_mixingratios_out.dist,229.7349,3.25,272.7,0.6832,2.619e-08,475242131966.50684
pal10,10% PAL,atmos,PTZ_mixingratios_out.dist,229.7349,3.75,270.1,0.6416,2.986e-08,513743442832.6677
pal10,10% PAL,atmos,PTZ_mixingratios_out.dist,229.7349,4.25,267.3,0.6022,3.396e-08,554148537403.7552
pal10,10% PAL,atmos,PTZ_mixingratios_out.dist,229.7349,4.75,264.4,0.5647,3.847e-08,595107249157.2839
pal10,10% PAL,atmos,PTZ_mixingratios_out.dist,229.7349,5.25,261.4,0.5293,4.338e-08,636213053863.0074
pal10,10% PAL,atmos,PTZ_mixingratios_out.dist,229.7349,5.75,258.3,0.4957,4.869e-08,676785436333.566
pal10,10% PAL,atmos,PTZ_mixingratios_out.dist,229.7349,6.25,255.0,0.4638,5.44e-08,716648474739.0537
pal10,10% PAL,atmos,PTZ_mixingratios_out.dist,229.7349,6.75,251.7,0.4337,6.054e-08,755553706703.6404
pal10,10% PAL,atmos,PTZ_mixingratios_out.dist,229.7349,7.25,248.2,0.4051,6.715e-08,793822127149.9109
pal10,10% PAL,atmos,PTZ_mixingratios_out.dist,229.7349,7.75,244.6,0.378,7.429e-08,831538616936.3734
pal10,10% PAL,atmos,PTZ_mixingratios_out.dist,229.7349,8.25,241.1,0.3524,8.208e-08,868945932114.0215
pal10,10% PAL,atmos,PTZ_mixingratios_out.dist,229.7349,8.75,237.4,0.3282,9.068e-08,908000506700.3995
pal10,10% PAL,atmos,PTZ_mixingratios_out.dist,229.7349,9.25,233.8,0.3053,1.003e-07,948636755877.942
pal10,10% PAL,atmos,PTZ_mixingratios_out.dist,229.7349,9.75,230.4,0.2837,1.111e-07,990849369370.6525
pal10,10% PAL,atmos,PTZ_mixingratios_out.dist,229.7349,10.25,226.9,0.2633,1.235e-07,1038006416500.017
pal10,10% PAL,atmos,PTZ_mixingratios_out.dist,229.7349,10.75,223.9,0.2442,1.377e-07,1087782890497.2478
pal10,10% PAL,atmos,PTZ_mixingratios_out.dist,229.7349,11.25,220.9,0.2262,1.538e-07,1140696049551.8413
pal10,10% PAL,atmos,PTZ_mixingratios_out.dist,229.7349,11.75,218.5,0.2093,1.722e-07,1194724174531.0396
pal10,10% PAL,atmos,PTZ_mixingratios_out.dist,229.7349,12.25,216.1,0.1936,1.928e-07,1251049037109.428
pal10,10% PAL,atmos,PTZ_mixingratios_out.dist,229.7349,12.75,214.3,0.1788,2.157e-07,1303503512680.3274
pal10,10% PAL,atmos,PTZ_mixingratios_out.dist,229.7349,13.25,212.4,0.1651,2.409e-07,1356269758552.4678
pal10,10% PAL,atmos,PTZ_mixingratios_out.dist,229.7349,13.75,210.8,0.1524,2.683e-07,1404920502811.741
pal10,10% PAL,atmos,PTZ_mixingratios_out.dist,229.7349,14.25,209.3,0.1405,2.983e-07,1450364184153.495
pal10,10% PAL,atmos,PTZ_mixingratios_out.dist,229.7349,14.75,208.0,0.1295,3.317e-07,1495783100779.1929
pal10,10% PAL,atmos,PTZ_mixingratios_out.dist,229.7349,15.25,206.7,0.1193,3.699e-07,1546325848622.4565
pal10,10% PAL,atmos,PTZ_mixingratios_out.dist,229.7349,15.75,205.7,0.1099,4.158e-07,1609031710007.6663
pal10,10% PAL,atmos,PTZ_mixingratios_out.dist,229.7349,16.25,204.8,0.1012,4.738e-07,1695751984211.7727
pal10,10% PAL,atmos,PTZ_mixingratios_out.dist,229.7349,16.75,204.5,0.09309,5.507e-07,1815689205983.9736
pal10,10% PAL,atmos,PTZ_mixingratios_out.dist,229.7349,17.25,204.2,0.08567,6.561e-07,1993699886895.2334
pal10,10% PAL,atmos,PTZ_mixingratios_out.dist,229.7349,17.75,204.5,0.07883,8.02e-07,2239181512738.877
pal10,10% PAL,atmos,PTZ_mixingratios_out.dist,229.7349,18.25,204.8,0.07255,9.99e-07,2563242350721.472
pal10,10% PAL,atmos,PTZ_mixingratios_out.dist,229.7349,18.75,205.1,0.06678,1.25e-06,2947864279992.3574
pal10,10% PAL,atmos,PTZ_mixingratios_out.dist,229.7349,19.25,205.5,0.06148,1.543e-06,3343525778901.3394
pal10,10% PAL,atmos,PTZ_mixingratios_out.dist,229.7349,19.75,205.7,0.05661,1.857e-06,3701582934445.6875
pal10,10% PAL,atmos,PTZ_mixingratios_out.dist,229.7349,20.25,206.0,0.05213,2.171e-06,3979211704201.556
pal10,10% PAL,atmos,PTZ_mixingratios_out.dist,229.7349,20.75,206.2,0.04801,2.467e-06,4160340837584.9355
pal10,10% PAL,atmos,PTZ_mixingratios_out.dist,229.7349,21.25,206.3,0.04421,2.738e-06,4249828924845.728
pal10,10% PAL,atmos,PTZ_mixingratios_out.dist,229.7349,21.75,206.5,0.04073,2.981e-06,4258660773664.262
pal10,10% PAL,atmos,PTZ_mixingratios_out.dist,229.7349,22.25,206.7,0.03752,3.196e-06,4201901243458.006
pal10,10% PAL,atmos,PTZ_mixingratios_out.dist,229.7349,22.75,207.0,0.03456,3.384e-06,4092139780387.466
pal10,10% PAL,atmos,PTZ_mixingratios_out.dist,229.7349,23.25,207.4,0.03185,3.548e-06,3946399188044.706
pal10,10% PAL,atmos,PTZ_mixingratios_out.dist,229.7349,23.75,207.7,0.02935,3.689e-06,3775695667589.079
pal10,10% PAL,atmos,PTZ_mixingratios_out.dist,229.7349,24.25,208.3,0.02705,3.81e-06,3583601357985.2715
pal10,10% PAL,atmos,PTZ_mixingratios_out.dist,229.7349,24.75,208.8,0.02494,3.913e-06,3385263822384.3354
pal10,10% PAL,atmos,PTZ_mixingratios_out.dist,229.7349,25.25,209.5,0.023,3.999e-06,3179888778777.106
pal10,10% PAL,atmos,PTZ_mixingratios_out.dist,229.7349,25.75,210.3,0.02121,4.07e-06,2973120574921.499
pal10,10% PAL,atmos,PTZ_mixingratios_out.dist,229.7349,26.25,211.1,0.01958,4.128e-06,2773197883668.2446
pal10,10% PAL,atmos,PTZ_mixingratios_out.dist,229.7349,26.75,212.1,0.01807,4.175e-06,2576265876538.0137
pal10,10% PAL,atmos,PTZ_mixingratios_out.dist,229.7349,27.25,213.0,0.01669,4.21e-06,2389326755927.199
pal10,10% PAL,atmos,PTZ_mixingratios_out.dist,229.7349,27.75,214.1,0.01541,4.235e-06,2207781568832.143
pal10,10% PAL,atmos,PTZ_mixingratios_out.dist,229.7349,28.25,215.2,0.01424,4.25e-06,2036917173005.2786
pal10,10% PAL,atmos,PTZ_mixingratios_out.dist,229.7349,28.75,216.3,0.01317,4.254e-06,1876045894109.244
pal10,10% PAL,atmos,PTZ_mixingratios_out.dist,229.7349,29.25,217.6,0.01218,4.243e-06,1720196843274.8572
pal10,10% PAL,atmos,PTZ_mixingratios_out.dist,229.7349,29.75,218.9,0.01127,4.218e-06,1572901212449.1433
pal10,10% PAL,atmos,PTZ_mixingratios_out.dist,229.7349,30.25,220.2,0.01044,4.176e-06,1434037113963.7578
pal10,10% PAL,atmos,PTZ_mixingratios_out.dist,229.7349,30.75,221.6,0.009666,4.113e-06,1299428720767.4922
pal10,10% PAL,atmos,PTZ_mixingratios_out.dist,229.7349,31.25,223.0,0.008958,4.028e-06,1171958880571.559
pal10,10% PAL,atmos,PTZ_mixingratios_out.dist,229.7349,31.75,224.3,0.008305,3.918e-06,1050730919267.5781
pal10,10% PAL,atmos,PTZ_mixingratios_out.dist,229.7349,32.25,225.4,0.007703,3.782e-06,936147383892.1024
pal10,10% PAL,atmos,PTZ_mixingratios_out.dist,229.7349,32.75,226.5,0.007148,3.62e-06,827449742870.3094
pal10,10% PAL,atmos,PTZ_mixingratios_out.dist,229.7349,33.25,227.4,0.006635,3.437e-06,726351296913.7192
pal10,10% PAL,atmos,PTZ_mixingratios_out.dist,229.7349,33.75,227.9,0.00616,3.237e-06,633717650953.0265
pal10,10% PAL,atmos,PTZ_mixingratios_out.dist,229.7349,34.25,228.4,0.00572,3.021e-06,547983361092.95856
pal10,10% PAL,atmos,PTZ_mixingratios_out.dist,229.7349,34.75,228.7,0.005313,2.8e-06,471138288521.27795
pal10,10% PAL,atmos,PTZ_mixingratios_out.dist,229.7349,35.25,228.7,0.004934,2.582e-06,403465064584.59106
pal10,10% PAL,atmos,PTZ_mixingratios_out.dist,229.7349,35.75,228.6,0.004583,2.37e-06,344142805265.86163
pal10,10% PAL,atmos,PTZ_mixingratios_out.dist,229.7349,36.25,228.4,0.004256,2.171e-06,293009742306.53796
pal10,10% PAL,atmos,PTZ_mixingratios_out.dist,229.7349,36.75,227.7,0.003953,1.992e-06,250478143171.77148
pal10,10% PAL,atmos,PTZ_mixingratios_out.dist,229.7349,37.25,227.0,0.00367,1.83e-06,214293014461.567
pal10,10% PAL,atmos,PTZ_mixingratios_out.dist,229.7349,37.75,226.3,0.003406,1.683e-06,183468251891.9779
pal10,10% PAL,atmos,PTZ_mixingratios_out.dist,229.7349,38.25,225.2,0.003161,1.554e-06,157987905466.5551
pal10,10% PAL,atmos,PTZ_mixingratios_out.dist,229.7349,38.75,224.1,0.002932,1.438e-06,136269202040.4095
pal10,10% PAL,atmos,PTZ_mixingratios_out.dist,229.7349,39.25,223.0,0.002719,1.333e-06,117720259634.70415
pal10,10% PAL,atmos,PTZ_mixingratios_out.dist,229.7349,39.75,221.8,0.00252,1.239e-06,101959341671.87157
pal10,10% PAL,atmos,PTZ_mixingratios_out.dist,229.7349,40.25,220.5,0.002335,1.153e-06,88435027603.905
pal10,10% PAL,atmos,PTZ_mixingratios_out.dist,229.7349,40.75,219.3,0.002163,1.075e-06,76796790324.4821
pal10,10% PAL,atmos,PTZ_mixingratios_out.dist,229.7349,41.25,218.0,0.002002,1.003e-06,66715267220.32685
pal10,10% PAL,atmos,PTZ_mixingratios_out.dist,229.7349,41.75,216.8,0.001853,9.361e-07,57950221998.24902
pal10,10% PAL,atmos,PTZ_mixingratios_out.dist,229.7349,42.25,215.6,0.001714,8.743e-07,50343019088.152725
pal10,10% PAL,atmos,PTZ_mixingratios_out.dist,229.7349,42.75,214.3,0.001585,8.171e-07,43772265355.67012
pal10,10% PAL,atmos,PTZ_mixingratios_out.dist,229.7349,43.25,213.1,0.001464,7.64e-07,38016112389.99806
pal10,10% PAL,atmos,PTZ_mixingratios_out.dist,229.7349,43.75,211.9,0.001353,7.145e-07,33043480853.28144
pal10,10% PAL,atmos,PTZ_mixingratios_out.dist,229.7349,44.25,210.7,0.001249,6.684e-07,28697962338.19854
pal10,10% PAL,atmos,PTZ_mixingratios_out.dist,229.7349,44.75,209.4,0.001153,6.255e-07,24945755494.860382
pal10,10% PAL,atmos,PTZ_mixingratios_out.dist,229.7349,45.25,208.2,0.001064,5.853e-07,21664872834.738754
pal10,10% PAL,atmos,PTZ_mixingratios_out.dist,229.7349,45.75,207.0,0.0009807,5.477e-07,18794262488.253654
pal10,10% PAL,atmos,PTZ_mixingratios_out.dist,229.7349,46.25,205.8,0.0009038,5.124e-07,16298693954.947329
pal10,10% PAL,atmos,PTZ_mixingratios_out.dist,229.7349,46.75,204.5,0.0008326,4.793e-07,14134070086.641384
pal10,10% PAL,atmos,PTZ_mixingratios_out.dist,229.7349,47.25,203.3,0.0007667,4.48e-07,12237221355.642975
pal10,10% PAL,atmos,PTZ_mixingratios_out.dist,229.7349,47.75,202.1,0.0007056,4.183e-07,10577836271.034449
pal10,10% PAL,atmos,PTZ_mixingratios_out.dist,229.7349,48.25,200.9,0.0006491,3.899e-07,9124343464.15527
pal10,10% PAL,atmos,PTZ_mixingratios_out.dist,229.7349,48.75,199.7,0.0005968,3.624e-07,7844326394.38998
pal10,10% PAL,atmos,PTZ_mixingratios_out.dist,229.7349,49.25,198.6,0.0005484,3.352e-07,6704076003.977628
pal10,10% PAL,atmos,PTZ_mixingratios_out.dist,229.7349,49.75,197.5,0.0005038,3.08e-07,5690605732.466435
pal10,10% PAL,atmos,PTZ_mixingratios_out.dist,229.7349,50.25,196.5,0.0004626,2.81e-07,4791440626.780351
pal10,10% PAL,atmos,PTZ_mixingratios_out.dist,229.7349,50.75,195.4,0.0004245,2.541e-07,3998292088.277268
pal10,10% PAL,atmos,PTZ_mixingratios_out.dist,229.7349,51.25,194.6,0.0003895,2.269e-07,3289393571.068056
pal10,10% PAL,atmos,PTZ_mixingratios_out.dist,229.7349,51.75,193.8,0.0003572,2.009e-07,2681972568.7687736
pal10,10% PAL,atmos,PTZ_mixingratios_out.dist,229.7349,52.25,192.9,0.0003274,1.767e-07,2172199524.3459034
pal10,10% PAL,atmos,PTZ_mixingratios_out.dist,229.7349,52.75,192.1,0.0003001,1.549e-07,1752696686.5885916
pal10,10% PAL,atmos,PTZ_mixingratios_out.dist,229.7349,53.25,191.5,0.0002749,1.355e-07,1408840974.430523
pal10,10% PAL,atmos,PTZ_mixingratios_out.dist,229.7349,53.75,190.8,0.0002518,1.189e-07,1136516976.6201751
pal10,10% PAL,atmos,PTZ_mixingratios_out.dist,229.7349,54.25,190.1,0.0002305,1.048e-07,920379237.1050327
pal10,10% PAL,atmos,PTZ_mixingratios_out.dist,229.7349,54.75,189.5,0.000211,9.31e-08,750826581.077255
pal10,10% PAL,atmos,PTZ_mixingratios_out.dist,229.7349,55.25,188.8,0.0001931,8.334e-08,617377072.76476
pal10,10% PAL,atmos,PTZ_mixingratios_out.dist,229.7349,55.75,188.1,0.0001766,7.52e-08,511371431.172649
pal10,10% PAL,atmos,PTZ_mixingratios_out.dist,229.7349,56.25,187.4,0.0001615,6.836e-08,426699084.91437006
pal10,10% PAL,atmos,PTZ_mixingratios_out.dist,229.7349,56.75,186.7,0.0001477,6.258e-08,358581973.8393736
pal10,10% PAL,atmos,PTZ_mixingratios_out.dist,229.7349,57.25,186.1,0.000135,5.767e-08,303007978.5282267
pal10,10% PAL,atmos,PTZ_mixingratios_out.dist,229.7349,57.75,185.4,0.0001233,5.343e-08,257368409.27216393
pal10,10% PAL,atmos,PTZ_mixingratios_out.dist,229.7349,58.25,184.7,0.0001126,4.977e-08,219763646.7508411
pal10,10% PAL,atmos,PTZ_mixingratios_out.dist,229.7349,58.75,184.0,0.0001028,4.657e-08,188450913.45982313
pal10,10% PAL,atmos,PTZ_mixingratios_out.dist,229.7349,59.25,183.4,9.385e-05,4.377e-08,162228894.81385642
pal10,10% PAL,atmos,PTZ_mixingratios_out.dist,229.7349,59.75,182.7,8.564e-05,4.129e-08,140184407.84503654
pal10,10% PAL,atmos,PTZ_mixingratios_out.dist,229.7349,60.25,182.2,7.812e-05,3.897e-08,121021069.0785242
pal10,10% PAL,atmos,PTZ_mixingratios_out.dist,229.7349,60.75,181.7,7.124e-05,3.688e-08,104731328.65972364
pal10,10% PAL,atmos,PTZ_mixingratios_out.dist,229.7349,61.25,181.3,6.496e-05,3.503e-08,90908620.3321016
pal10,10% PAL,atmos,PTZ_mixingratios_out.dist,229.7349,61.75,180.8,5.922e-05,3.34e-08,79237937.20276618
pal10,10% PAL,atmos,PTZ_mixingratios_out.dist,229.7349,62.25,180.3,5.397e-05,3.198e-08,69334895.9381396
pal10,10% PAL,atmos,PTZ_mixingratios_out.dist,229.7349,62.75,180.1,4.918e-05,3.063e-08,60581291.23848956
pal10,10% PAL,atmos,PTZ_mixingratios_out.dist,229.7349,63.25,180.0,4.481e-05,2.941e-08,53029090.747258075
pal10,10% PAL,atmos,PTZ_mixingratios_out.dist,229.7349,63.75,179.9,4.083e-05,2.843e-08,46734951.20517254
pal10,10% PAL,atmos,PTZ_mixingratios_out.dist,229.7349,64.25,179.8,3.72e-05,2.764e-08,41419801.04758829
pal10,10% PAL,atmos,PTZ_mixingratios_out.dist,229.7349,64.75,179.8,3.389e-05,2.695e-08,36792336.47248375
pal10,10% PAL,atmos,PTZ_mixingratios_out.dist,229.7349,65.25,179.8,3.088e-05,2.611e-08,32479638.98869308
pal10,10% PAL,atmos,PTZ_mixingratios_out.dist,229.7349,65.75,180.1,2.814e-05,2.508e-08,28382760.317933336
pal10,10% PAL,atmos,PTZ_mixingratios_out.dist,229.7349,66.25,180.5,2.565e-05,2.489e-08,25618386.715233196
pal10,10% PAL,atmos,PTZ_mixingratios_out.dist,229.7349,66.75,180.8,2.338e-05,2.764e-08,25888139.294142526
pal10,10% PAL,atmos,PTZ_mixingratios_out.dist,229.7349,67.25,181.2,2.131e-05,3.592e-08,30596961.61671877
pal10,10% PAL,atmos,PTZ_mixingratios_out.dist,229.7349,67.75,181.5,1.944e-05,5.136e-08,39843856.161333725
pal10,10% PAL,atmos,PTZ_mixingratios_out.dist,229.7349,68.25,182.3,1.773e-05,7.351e-08,51782761.500287965
pal10,10% PAL,atmos,PTZ_mixingratios_out.dist,229.7349,68.75,183.0,1.618e-05,1.019e-07,65255681.39102017
pal10,10% PAL,atmos,PTZ_mixingratios_out.dist,229.7349,69.25,183.7,1.477e-05,1.356e-07,78967383.04393545
pal10,10% PAL,atmos,PTZ_mixingratios_out.dist,229.7349,69.75,184.5,1.349e-05,1.732e-07,91723408.32341874
pal10,10% PAL,atmos,PTZ_mixingratios_out.dist,229.7349,70.25,185.2,1.232e-05,2.135e-07,102868953.60556221
pal10,10% PAL,atmos,PTZ_mixingratios_out.dist,229.7349,70.75,186.0,1.126e-05,2.545e-07,111591200.63817269
pal10,10% PAL,atmos,PTZ_mixingratios_out.dist,229.7349,71.25,186.7,1.029e-05,2.945e-07,117563653.27616471
pal10,10% PAL,atmos,PTZ_mixingratios_out.dist,229.7349,71.75,187.5,9.416e-06,3.321e-07,120795504.14334126
pal10,10% PAL,atmos,PTZ_mixingratios_out.dist,229.7349,72.25,188.3,8.615e-06,3.659e-07,121250653.66606875
pal10,10% PAL,atmos,PTZ_mixingratios_out.dist,229.7349,72.75,189.1,7.885e-06,3.947e-07,119204873.8669452
pal10,10% PAL,atmos,PTZ_mixingratios_out.dist,229.7349,73.25,189.9,7.22e-06,4.181e-07,115135464.57767469
pal10,10% PAL,atmos,PTZ_mixingratios_out.dist,229.7349,73.75,190.3,6.613e-06,4.388e-07,110444239.90070724
pal10,10% PAL,atmos,PTZ_mixingratios_out.dist,229.7349,74.25,190.8,6.059e-06,4.531e-07,104215750.79357634
pal10,10% PAL,atmos,PTZ_mixingratios_out.dist,229.7349,74.75,191.3,5.552e-06,4.613e-07,96969389.04506661
pal10,10% PAL,atmos,PTZ_mixingratios_out.dist,229.7349,75.25,191.8,5.089e-06,4.634e-07,89054648.7042196
pal10,10% PAL,atmos,PTZ_mixingratios_out.dist,229.7349,75.75,192.2,4.665e-06,4.601e-07,80884855.75502497
pal10,10% PAL,atmos,PTZ_mixingratios_out.dist,229.7349,76.25,192.5,4.278e-06,4.542e-07,73109513.44141532
pal10,10% PAL,atmos,PTZ_mixingratios_out.dist,229.7349,76.75,192.6,3.923e-06,4.46e-07,65798137.62800299
pal10,10% PAL,atmos,PTZ_mixingratios_out.dist,229.7349,77.25,192.7,3.598e-06,4.338e-07,58665896.18199017
pal10,10% PAL,atmos,PTZ_mixingratios_out.dist,229.7349,77.75,192.8,3.3e-06,4.182e-07,51845092.79235504
pal10,10% PAL,atmos,PTZ_mixingratios_out.dist,229.7349,78.25,192.9,3.027e-06,3.998e-07,45440144.1496668
pal10,10% PAL,atmos,PTZ_mixingratios_out.dist,229.7349,78.75,193.0,2.776e-06,3.793e-07,39514975.11737525
pal10,10% PAL,atmos,PTZ_mixingratios_out.dist,229.7349,79.25,193.1,2.547e-06,3.574e-07,34144278.23001555
pal10,10% PAL,atmos,PTZ_mixingratios_out.dist,229.7349,79.75,193.2,2.336e-06,3.344e-07,29285234.262716975
pal10,10% PAL,atmos,PTZ_mixingratios_out.dist,229.7349,80.25,193.3,2.143e-06,3.109e-07,24964780.756104954
pal10,10% PAL,atmos,PTZ_mixingratios_out.dist,229.7349,80.75,193.3,1.966e-06,2.871e-07,21149571.32909907
pal10,10% PAL,atmos,PTZ_mixingratios_out.dist,229.7349,81.25,193.4,1.804e-06,2.635e-07,17802352.67157001
pal10,10% PAL,atmos,PTZ_mixingratios_out.dist,229.7349,81.75,193.5,1.655e-06,2.399e-07,14861546.136179082
pal10,10% PAL,atmos,PTZ_mixingratios_out.dist,229.7349,82.25,194.0,1.519e-06,2.153e-07,12210031.688892046
pal10,10% PAL,atmos,PTZ_mixingratios_out.dist,229.7349,82.75,194.5,1.394e-06,1.921e-07,9972114.35869917
pal10,10% PAL,atmos,PTZ_mixingratios_out.dist,229.7349,83.25,195.0,1.28e-06,1.705e-07,8106184.027797704
pal10,10% PAL,atmos,PTZ_mixingratios_out.dist,229.7349,83.75,195.5,1.176e-06,1.507e-07,6565843.541474404
pal10,10% PAL,atmos,PTZ_mixingratios_out.dist,229.7349,84.25,196.0,1.08e-06,1.325e-07,5288107.555333227
pal10,10% PAL,atmos,PTZ_mixingratios_out.dist,229.7349,84.75,196.9,9.925e-07,1.146e-07,4183946.612390241
pal10,10% PAL,atmos,PTZ_mixingratios_out.dist,229.7349,85.25,198.4,9.125e-07,9.757e-08,3250305.8358903164
pal10,10% PAL,atmos,PTZ_mixingratios_out.dist,229.7349,85.75,199.8,8.395e-07,8.275e-08,2518314.3276518197
pal10,10% PAL,atmos,PTZ_mixingratios_out.dist,229.7349,86.25,201.2,7.728e-07,6.997e-08,1946559.7018253065
pal10,10% PAL,atmos,PTZ_mixingratios_out.dist,229.7349,86.75,202.6,7.118e-07,5.9e-08,1501368.4026935622
pal10,10% PAL,atmos,PTZ_mixingratios_out.dist,229.7349,87.25,204.0,6.561e-07,4.96e-08,1155415.6990022552
pal10,10% PAL,atmos,PTZ_mixingratios_out.dist,229.7349,87.75,206.3,6.052e-07,4.073e-08,865427.7540203527
pal10,10% PAL,atmos,PTZ_mixingratios_out.dist,229.7349,88.25,209.2,5.589e-07,3.296e-08,637788.0088806351
pal10,10% PAL,atmos,PTZ_mixingratios_out.dist,229.7349,88.75,212.1,5.167e-07,2.665e-08,470231.5057484586
pal10,10% PAL,atmos,PTZ_mixingratios_out.dist,229.7349,89.25,214.9,4.783e-07,2.157e-08,347720.92624019657
pal10,10% PAL,atmos,PTZ_mixingratios_out.dist,229.7349,89.75,217.8,4.432e-07,1.747e-08,257484.74190277478
pal10,10% PAL,atmos,PTZ_mixingratios_out.dist,229.7349,90.25,220.7,4.111e-07,1.416e-08,191040.35404023202
pal10,10% PAL,atmos,PTZ_mixingratios_out.dist,229.7349,90.75,224.2,3.818e-07,1.131e-08,139501.7443247186
pal10,10% PAL,atmos,PTZ_mixingratios_out.dist,229.7349,91.25,228.9,3.551e-07,8.835e-09,99272.31526964362
pal10,10% PAL,atmos,PTZ_mixingratios_out.dist,229.7349,91.75,233.6,3.308e-07,6.918e-09,70956.1327307883
pal10,10% PAL,atmos,PTZ_mixingratios_out.dist,229.7349,92.25,238.3,3.087e-07,5.439e-09,51032.67849669318
pal10,10% PAL,atmos,PTZ_mixingratios_out.dist,229.7349,92.75,242.9,2.884e-07,4.294e-09,36927.21021066476
pal10,10% PAL,atmos,PTZ_mixingratios_out.dist,229.7349,93.25,247.6,2.699e-07,3.405e-09,26883.516609291557
pal10,10% PAL,atmos,PTZ_mixingratios_out.dist,229.7349,93.75,252.3,2.529e-07,2.709e-09,19667.868738244535
pal10,10% PAL,atmos,PTZ_mixingratios_out.dist,229.7349,94.25,257.7,2.373e-07,2.132e-09,14219.595336316548
pal10,10% PAL,atmos,PTZ_mixingratios_out.dist,229.7349,94.75,264.0,2.231e-07,1.655e-09,10130.021307282868
pal10,10% PAL,atmos,PTZ_mixingratios_out.dist,229.7349,95.25,270.4,2.1e-07,1.289e-09,7250.738494773839
pal10,10% PAL,atmos,PTZ_mixingratios_out.dist,229.7349,95.75,276.7,1.98e-07,1.009e-09,5229.545123366416
pal10,10% PAL,atmos,PTZ_mixingratios_out.dist,229.7349,96.25,283.0,1.87e-07,7.949e-10,3804.384339994433
pal10,10% PAL,atmos,PTZ_mixingratios_out.dist,229.7349,96.75,289.4,1.768e-07,6.294e-10,2785.0127631176533
pal10,10% PAL,atmos,PTZ_mixingratios_out.dist,229.7349,97.25,295.7,1.674e-07,5.009e-10,2053.8649243506525
pal10,10% PAL,atmos,PTZ_mixingratios_out.dist,229.7349,97.75,302.1,1.588e-07,4.007e-10,1525.5829718021141
pal10,10% PAL,atmos,PTZ_mixingratios_out.dist,229.7349,98.25,308.6,1.507e-07,3.209e-10,1135.0206554005172
pal10,10% PAL,atmos,PTZ_mixingratios_out.dist,229.7349,98.75,315.6,1.433e-07,2.563e-10,842.8970218292324
pal10,10% PAL,atmos,PTZ_mixingratios_out.dist,229.7349,99.25,322.6,1.363e-07,2.059e-10,630.0928576166523
pal10,10% PAL,atmos,PTZ_mixingratios_out.dist,229.7349,99.75,329.6,1.299e-07,1.694e-10,483.56189558158195
pal10,10% PAL,kasting,OUTPUT_PLOT.dat,238.8993,0.5,282.67704375100243,0.9554,1.391e-08,340516800000.0
pal10,10% PAL,kasting,OUTPUT_PLOT.dat,238.8993,1.5,277.25920635415827,0.8456,1.521e-08,335988899999.99994
pal10,10% PAL,kasting,OUTPUT_PLOT.dat,238.8993,2.5,272.67009467894235,0.7469,1.756e-08,348390400000.0
pal10,10% PAL,kasting,OUTPUT_PLOT.dat,238.8993,3.5,267.22663641577776,0.6582,2.126e-08,379278400000.0
pal10,10% PAL,kasting,OUTPUT_PLOT.dat,238.8993,4.5,261.38854919083553,0.5785,2.625e-08,420787500000.0
pal10,10% PAL,kasting,OUTPUT_PLOT.dat,238.8993,5.5,254.96262184587746,0.5069,3.243e-08,466992000000.0
pal10,10% PAL,kasting,OUTPUT_PLOT.dat,238.8993,6.5,248.17825444666195,0.4427,3.972e-08,513182400000.0
pal10,10% PAL,kasting,OUTPUT_PLOT.dat,238.8993,7.5,241.07760982947048,0.3851,4.806e-08,556054200000.0
pal10,10% PAL,kasting,OUTPUT_PLOT.dat,238.8993,8.5,233.90657929824945,0.3336,5.746e-08,593561800000.0
pal10,10% PAL,kasting,OUTPUT_PLOT.dat,238.8993,9.5,226.94903805294382,0.2878,6.847e-08,628896950000.0
pal10,10% PAL,kasting,OUTPUT_PLOT.dat,238.8993,10.5,220.90836663356797,0.2472,8.567e-08,694355350000.0
pal10,10% PAL,kasting,OUTPUT_PLOT.dat,238.8993,11.5,216.12419076501737,0.2115,1.226e-07,868988800000.0
pal10,10% PAL,kasting,OUTPUT_PLOT.dat,238.8993,12.5,212.3568797486757,0.1804,2.038e-07,1253981400000.0
pal10,10% PAL,kasting,OUTPUT_PLOT.dat,238.8993,13.5,209.22016827476997,0.1535,3.605e-07,1915697000000.0
pal10,10% PAL,kasting,OUTPUT_PLOT.dat,238.8993,14.5,206.6703184445526,0.1304,6.071e-07,2774447000000.0
pal10,10% PAL,kasting,OUTPUT_PLOT.dat,238.8993,15.5,204.7450094710696,0.1105,9.293e-07,3632633700000.0
pal10,10% PAL,kasting,OUTPUT_PLOT.dat,238.8993,16.5,204.19940972931823,0.0936,1.306e-06,4335920000000.0005
pal10,10% PAL,kasting,OUTPUT_PLOT.dat,238.8993,17.5,204.76115292670625,0.07927,1.705e-06,4780820000000.0
pal10,10% PAL,kasting,OUTPUT_PLOT.dat,238.8993,18.5,205.45199728141947,0.06717,2.099e-06,4970432000000.0
pal10,10% PAL,kasting,OUTPUT_PLOT.dat,238.8993,19.5,205.93468341910807,0.05695,2.465e-06,4937395000000.0
pal10,10% PAL,kasting,OUTPUT_PLOT.dat,238.8993,20.5,206.27091740844818,0.0483,2.785e-06,4723360000000.0
pal10,10% PAL,kasting,OUTPUT_PLOT.dat,238.8993,21.5,206.69702767918935,0.04098,3.051e-06,4381236000000.0
pal10,10% PAL,kasting,OUTPUT_PLOT.dat,238.8993,22.5,207.39336975557927,0.03479,3.254e-06,3953610000000.0
pal10,10% PAL,kasting,OUTPUT_PLOT.dat,238.8993,23.5,208.2001738803304,0.02955,3.382e-06,3476696000000.0
pal10,10% PAL,kasting,OUTPUT_PLOT.dat,238.8993,24.5,209.49155942766006,0.02512,3.426e-06,2975481000000.0
pal10,10% PAL,kasting,OUTPUT_PLOT.dat,238.8993,25.5,211.05998314424625,0.02138,3.377e-06,2477704900000.0
pal10,10% PAL,kasting,OUTPUT_PLOT.dat,238.8993,26.5,213.0354186953981,0.01823,3.231e-06,2002573800000.0
pal10,10% PAL,kasting,OUTPUT_PLOT.dat,238.8993,27.5,215.20072795413623,0.01556,2.988e-06,1564815600000.0
pal10,10% PAL,kasting,OUTPUT_PLOT.dat,238.8993,28.5,217.55083076633002,0.0133,2.652e-06,1174305600000.0
pal10,10% PAL,kasting,OUTPUT_PLOT.dat,238.8993,29.5,220.2450356971328,0.0114,2.243e-06,840900700000.0
pal10,10% PAL,kasting,OUTPUT_PLOT.dat,238.8993,30.5,222.98685817789354,0.009784,1.818e-06,577760400000.0
pal10,10% PAL,kasting,OUTPUT_PLOT.dat,238.8993,31.5,225.378527817899,0.008414,1.454e-06,393161600000.0
pal10,10% PAL,kasting,OUTPUT_PLOT.dat,238.8993,32.5,227.3941263397975,0.007246,1.179e-06,272113200000.0
pal10,10% PAL,kasting,OUTPUT_PLOT.dat,238.8993,33.5,228.40402228016853,0.006247,9.844e-07,195009640000.0
pal10,10% PAL,kasting,OUTPUT_PLOT.dat,238.8993,34.5,228.61819062930928,0.005388,8.439e-07,144053730000.0
pal10,10% PAL,kasting,OUTPUT_PLOT.dat,238.8993,35.5,228.394348429807,0.004648,7.365e-07,108560100000.0
pal10,10% PAL,kasting,OUTPUT_PLOT.dat,238.8993,36.5,227.09376258037526,0.004007,6.53e-07,83453400000.0
pal10,10% PAL,kasting,OUTPUT_PLOT.dat,238.8993,37.5,225.18460586354746,0.003451,5.827e-07,64679700000.00001
pal10,10% PAL,kasting,OUTPUT_PLOT.dat,238.8993,38.5,223.02820433647088,0.002969,5.209e-07,50225177999.99999
pal10,10% PAL,kasting,OUTPUT_PLOT.dat,238.8993,39.5,220.55857195965845,0.00255,4.647e-07,38913978000.0
pal10,10% PAL,kasting,OUTPUT_PLOT.dat,238.8993,40.5,218.02717637101716,0.002186,4.119e-07,29912178000.0
pal10,10% PAL,kasting,OUTPUT_PLOT.dat,238.8993,41.5,215.5495122556178,0.001871,3.619e-07,22752653000.0
pal10,10% PAL,kasting,OUTPUT_PLOT.dat,238.8993,42.5,213.1304721227058,0.001599,3.152e-07,17127968000.0
pal10,10% PAL,kasting,OUTPUT_PLOT.dat,238.8993,43.5,210.69336284662936,0.001364,2.722e-07,12763458000.0
pal10,10% PAL,kasting,OUTPUT_PLOT.dat,238.8993,44.5,208.19729559599767,0.001161,2.332e-07,9418948000.0
pal10,10% PAL,kasting,OUTPUT_PLOT.dat,238.8993,45.5,205.75625427944095,0.0009866,1.985e-07,6893905000.0
pal10,10% PAL,kasting,OUTPUT_PLOT.dat,238.8993,46.5,203.34257044192583,0.0008369,1.675e-07,4993175000.0
pal10,10% PAL,kasting,OUTPUT_PLOT.dat,238.8993,47.5,200.9257874163776,0.0007085,1.395e-07,3562830000.0
pal10,10% PAL,kasting,OUTPUT_PLOT.dat,238.8993,48.5,198.51841350281575,0.0005986,1.139e-07,2487576000.0
pal10,10% PAL,kasting,OUTPUT_PLOT.dat,238.8993,49.5,196.40041963203842,0.0005049,9.071e-08,1689020200.0
pal10,10% PAL,kasting,OUTPUT_PLOT.dat,238.8993,50.5,194.50327014330827,0.00042510000000000003,7.079e-08,1120605700.0
pal10,10% PAL,kasting,OUTPUT_PLOT.dat,238.8993,51.5,192.89401359408845,0.00035739999999999996,5.483e-08,735818600.0
pal10,10% PAL,kasting,OUTPUT_PLOT.dat,238.8993,52.5,191.44415460898466,0.0003,4.274e-08,485099000.0
pal10,10% PAL,kasting,OUTPUT_PLOT.dat,238.8993,53.5,190.1430907591448,0.0002516,3.381e-08,324035040.0
pal10,10% PAL,kasting,OUTPUT_PLOT.dat,238.8993,54.5,188.77955068401917,0.0002107,2.726e-08,220369840.0
pal10,10% PAL,kasting,OUTPUT_PLOT.dat,238.8993,55.5,187.4263469804547,0.0001763,2.236e-08,152338680.0
pal10,10% PAL,kasting,OUTPUT_PLOT.dat,238.8993,56.5,186.0637525309871,0.0001473,1.859e-08,106595060.0
pal10,10% PAL,kasting,OUTPUT_PLOT.dat,238.8993,57.5,184.71904470249143,0.0001229,1.561e-08,75224590.0
pal10,10% PAL,kasting,OUTPUT_PLOT.dat,238.8993,58.5,183.31195769710524,0.00010240000000000001,1.321e-08,53447660.0
pal10,10% PAL,kasting,OUTPUT_PLOT.dat,238.8993,59.5,182.1749208578468,8.523999999999999e-05,1.121e-08,37990690.0
pal10,10% PAL,kasting,OUTPUT_PLOT.dat,238.8993,60.5,181.21487828341319,7.088e-05,9.532e-09,27004156.0
pal10,10% PAL,kasting,OUTPUT_PLOT.dat,238.8993,61.5,180.27833207505955,5.889e-05,8.152e-09,19287632.000000004
pal10,10% PAL,kasting,OUTPUT_PLOT.dat,238.8993,62.5,179.97015154184555,4.8899999999999996e-05,6.953e-09,13683504.0
pal10,10% PAL,kasting,OUTPUT_PLOT.dat,238.8993,63.5,179.8117267560002,4.059e-05,5.928e-09,9692280.0
pal10,10% PAL,kasting,OUTPUT_PLOT.dat,238.8993,64.5,179.81995334221438,3.369e-05,4.82e-09,6540740.0
pal10,10% PAL,kasting,OUTPUT_PLOT.dat,238.8993,65.5,180.4615450033811,2.798e-05,4.284e-09,4810932.0
pal10,10% PAL,kasting,OUTPUT_PLOT.dat,238.8993,66.5,181.15217781618773,2.325e-05,1.285e-08,11945360.0
pal10,10% PAL,kasting,OUTPUT_PLOT.dat,238.8993,67.5,182.2285023809185,1.934e-05,4.312e-08,33146344.0
pal10,10% PAL,kasting,OUTPUT_PLOT.dat,238.8993,68.5,183.6968750211006,1.611e-05,8.124e-08,51603648.0
pal10,10% PAL,kasting,OUTPUT_PLOT.dat,238.8993,69.5,185.13793026925927,1.344e-05,1.179e-07,61991820.0
pal10,10% PAL,kasting,OUTPUT_PLOT.dat,238.8993,70.5,186.72763750029455,1.1230000000000001e-05,1.472e-07,64120320.0
pal10,10% PAL,kasting,OUTPUT_PLOT.dat,238.8993,71.5,188.2971975373255,9.398e-06,1.666e-07,60225900.0
pal10,10% PAL,kasting,OUTPUT_PLOT.dat,238.8993,72.5,189.83572640376178,7.876e-06,1.776e-07,53368800.0
pal10,10% PAL,kasting,OUTPUT_PLOT.dat,238.8993,73.5,190.7883305719722,6.609e-06,1.854e-07,46516860.0
pal10,10% PAL,kasting,OUTPUT_PLOT.dat,238.8993,74.5,191.72975362202,5.551e-06,1.87e-07,39213900.0
pal10,10% PAL,kasting,OUTPUT_PLOT.dat,238.8993,75.5,192.56809360593888,4.666000000000001e-06,1.84e-07,32292000.0
pal10,10% PAL,kasting,OUTPUT_PLOT.dat,238.8993,76.5,192.68756816908916,3.924e-06,1.787e-07,26358250.0
pal10,10% PAL,kasting,OUTPUT_PLOT.dat,238.8993,77.5,192.9705058389651,3.3010000000000002e-06,1.693e-07,20976270.0
pal10,10% PAL,kasting,OUTPUT_PLOT.dat,238.8993,78.5,193.0300299716205,2.7770000000000003e-06,1.567e-07,16328140.0
pal10,10% PAL,kasting,OUTPUT_PLOT.dat,238.8993,79.5,193.22856273955816,2.3370000000000002e-06,1.421e-07,12447960.0
pal10,10% PAL,kasting,OUTPUT_PLOT.dat,238.8993,80.5,193.38839425886414,1.967e-06,1.263e-07,9304521.0
pal10,10% PAL,kasting,OUTPUT_PLOT.dat,238.8993,81.5,193.98931221999203,1.656e-06,1.088e-07,6727104.0
pal10,10% PAL,kasting,OUTPUT_PLOT.dat,238.8993,82.5,195.04604244582805,1.3959999999999998e-06,9.146e-08,4741286.4
pal10,10% PAL,kasting,OUTPUT_PLOT.dat,238.8993,83.5,195.93142489954002,1.1770000000000001e-06,7.565e-08,3291531.5000000005
pal10,10% PAL,kasting,OUTPUT_PLOT.dat,238.8993,84.5,198.37879862852384,9.945e-07,5.974e-08,2169159.4000000004
pal10,10% PAL,kasting,OUTPUT_PLOT.dat,238.8993,85.5,201.18300486486334,8.418999999999999e-07,4.613e-08,1398200.2999999998
pal10,10% PAL,kasting,OUTPUT_PLOT.dat,238.8993,86.5,203.98511760782512,7.145e-07,3.527e-08,894799.8999999999
pal10,10% PAL,kasting,OUTPUT_PLOT.dat,238.8993,87.5,209.2069783906497,6.083e-07,2.539e-08,534713.4
pal10,10% PAL,kasting,OUTPUT_PLOT.dat,238.8993,88.5,214.892696257408,5.201e-07,1.798e-08,315189.39999999997
pal10,10% PAL,kasting,OUTPUT_PLOT.dat,238.8993,89.5,220.6487470984603,4.466e-07,1.27e-08,186182.0
pal10,10% PAL,kasting,OUTPUT_PLOT.dat,238.8993,90.5,228.87549161432133,3.852e-07,8.508e-09,103712.52
pal10,10% PAL,kasting,OUTPUT_PLOT.dat,238.8993,91.5,238.24810496658867,3.342e-07,5.587e-09,56763.92
pal10,10% PAL,kasting,OUTPUT_PLOT.dat,238.8993,92.5,247.63163354170956,2.9160000000000004e-07,3.687e-09,31446.423000000003
pal10,10% PAL,kasting,OUTPUT_PLOT.dat,238.8993,93.5,257.6554759253488,2.557e-07,2.413e-09,17344.644
pal10,10% PAL,kasting,OUTPUT_PLOT.dat,238.8993,94.5,270.3227162143333,2.255e-07,1.516e-09,9159.672
pal10,10% PAL,kasting,OUTPUT_PLOT.dat,238.8993,95.5,283.07000005070074,2.001e-07,9.623e-10,4926.976000000001
pal10,10% PAL,kasting,OUTPUT_PLOT.dat,238.8993,96.5,295.7836277998457,1.785e-07,6.177e-10,2699.9667000000004
pal10,10% PAL,kasting,OUTPUT_PLOT.dat,238.8993,97.5,308.5111842074543,1.599e-07,3.995e-10,1499.723
pal10,10% PAL,kasting,OUTPUT_PLOT.dat,238.8993,98.5,322.50703596467173,1.44e-07,2.565e-10,829.521
pal10,10% PAL,kasting,OUTPUT_PLOT.dat,238.8993,99.5,336.57598368045706,1.303e-07,1.692e-10,474.4368
pal10,10% PAL,photochem,Earth_10pc_48.2.txt,261.5609,0.5,286.037,1.00915,2.13003e-08,544299346079.99994
pal10,10% PAL,photochem,Earth_10pc_48.2.txt,261.5609,1.5,279.617,0.896293,2.20752e-08,512517710879.99994
pal10,10% PAL,photochem,Earth_10pc_48.2.txt,261.5609,2.5,275.186,0.79465,2.32412e-08,486098994480.0
pal10,10% PAL,photochem,Earth_10pc_48.2.txt,261.5609,3.5,270.063,0.703055,2.52899e-08,476856238440.0
pal10,10% PAL,photochem,Earth_10pc_48.2.txt,261.5609,4.5,264.368,0.620523,2.83526e-08,482014046820.0
pal10,10% PAL,photochem,Earth_10pc_48.2.txt,261.5609,5.5,258.333,0.546252,3.24744e-08,497361673200.0
pal10,10% PAL,photochem,Earth_10pc_48.2.txt,261.5609,6.5,251.667,0.479437,3.76678e-08,519747837960.0
pal10,10% PAL,photochem,Earth_10pc_48.2.txt,261.5609,7.5,244.649,0.419365,4.39055e-08,545108735250.0
pal10,10% PAL,photochem,Earth_10pc_48.2.txt,261.5609,8.5,237.437,0.365432,5.11365e-08,570039020100.0
pal10,10% PAL,photochem,Earth_10pc_48.2.txt,261.5609,9.5,230.377,0.317141,5.94612e-08,592875732960.0
pal10,10% PAL,photochem,Earth_10pc_48.2.txt,261.5609,10.5,223.911,0.274096,7.06193e-08,626135430555.0
pal10,10% PAL,photochem,Earth_10pc_48.2.txt,261.5609,11.5,218.495,0.23598,9.53653e-08,746004595780.0
pal10,10% PAL,photochem,Earth_10pc_48.2.txt,261.5609,12.5,214.251,0.202494,1.5509e-07,1061670145900.0
pal10,10% PAL,photochem,Earth_10pc_48.2.txt,261.5609,13.5,210.845,0.173287,2.75925e-07,1642518062249.9998
pal10,10% PAL,photochem,Earth_10pc_48.2.txt,261.5609,14.5,207.971,0.147952,4.88161e-07,2515342303090.0
pal10,10% PAL,photochem,Earth_10pc_48.2.txt,261.5609,15.5,205.715,0.126077,7.73445e-07,3433337823900.0
pal10,10% PAL,photochem,Earth_10pc_48.2.txt,261.5609,16.5,204.487,0.107293,1.12624e-06,4280094921600.0
pal10,10% PAL,photochem,Earth_10pc_48.2.txt,261.5609,17.5,204.498,0.0912647,1.51506e-06,4897340546400.0
pal10,10% PAL,photochem,Earth_10pc_48.2.txt,261.5609,18.5,205.124,0.0776529,1.90811e-06,5231923133400.0
pal10,10% PAL,photochem,Earth_10pc_48.2.txt,261.5609,19.5,205.726,0.0661067,2.27667e-06,5298744524700.0
pal10,10% PAL,photochem,Earth_10pc_48.2.txt,261.5609,20.5,206.154,0.0563032,2.58889e-06,5121186864600.0
pal10,10% PAL,photochem,Earth_10pc_48.2.txt,261.5609,21.5,206.524,0.047971,2.82888e-06,4759251134400.0
pal10,10% PAL,photochem,Earth_10pc_48.2.txt,261.5609,22.5,207.005,0.0408873,2.98853e-06,4275450788599.9995
pal10,10% PAL,photochem,Earth_10pc_48.2.txt,261.5609,23.5,207.722,0.0348673,3.0644e-06,3725605588000.0
pal10,10% PAL,photochem,Earth_10pc_48.2.txt,261.5609,24.5,208.847,0.0297557,3.06041e-06,3158190099500.0
pal10,10% PAL,photochem,Earth_10pc_48.2.txt,261.5609,25.5,210.311,0.0254195,2.9894e-06,2617013431400.0
pal10,10% PAL,photochem,Earth_10pc_48.2.txt,261.5609,26.5,212.056,0.0217422,2.87008e-06,2131390289920.0
pal10,10% PAL,photochem,Earth_10pc_48.2.txt,261.5609,27.5,214.059,0.0186233,2.72342e-06,1716144049060.0
pal10,10% PAL,photochem,Earth_10pc_48.2.txt,261.5609,28.5,216.316,0.015977,2.56965e-06,1374665103300.0
pal10,10% PAL,photochem,Earth_10pc_48.2.txt,261.5609,29.5,218.92,0.0137308,2.42214e-06,1100341869900.0
pal10,10% PAL,photochem,Earth_10pc_48.2.txt,261.5609,30.5,221.61,0.0118226,2.29609e-06,887213768180.0
pal10,10% PAL,photochem,Earth_10pc_48.2.txt,261.5609,31.5,224.261,0.0101984,2.2012e-06,725024652400.0001
pal10,10% PAL,photochem,Earth_10pc_48.2.txt,261.5609,32.5,226.536,0.00881207,2.14425e-06,604133860500.0
pal10,10% PAL,photochem,Earth_10pc_48.2.txt,261.5609,33.5,227.925,0.00762376,2.12983e-06,515987524610.0
pal10,10% PAL,photochem,Earth_10pc_48.2.txt,261.5609,34.5,228.743,0.00660072,2.1443e-06,448173710100.0
pal10,10% PAL,photochem,Earth_10pc_48.2.txt,261.5609,35.5,228.606,0.00571659,2.17969e-06,394785452799.99994
pal10,10% PAL,photochem,Earth_10pc_48.2.txt,261.5609,36.5,227.713,0.00494957,2.21408e-06,348569256640.0
pal10,10% PAL,photochem,Earth_10pc_48.2.txt,261.5609,37.5,226.326,0.00428259,2.22426e-06,304841505780.0
pal10,10% PAL,photochem,Earth_10pc_48.2.txt,261.5609,38.5,224.117,0.00370143,2.2028e-06,263503341600.0
pal10,10% PAL,photochem,Earth_10pc_48.2.txt,261.5609,39.5,221.782,0.00319453,2.13332e-06,222562875640.0
pal10,10% PAL,photochem,Earth_10pc_48.2.txt,261.5609,40.5,219.273,0.00275271,2.02452e-06,184083125136.0
pal10,10% PAL,photochem,Earth_10pc_48.2.txt,261.5609,41.5,216.8,0.00236806,1.88853e-06,149408407008.0
pal10,10% PAL,photochem,Earth_10pc_48.2.txt,261.5609,42.5,214.34,0.00203375,1.74239e-06,119744707316.0
pal10,10% PAL,photochem,Earth_10pc_48.2.txt,261.5609,43.5,211.893,0.00174365,1.59896e-06,95300734232.0
pal10,10% PAL,photochem,Earth_10pc_48.2.txt,261.5609,44.5,209.443,0.00149232,1.46537e-06,75623935738.0
pal10,10% PAL,photochem,Earth_10pc_48.2.txt,261.5609,45.5,206.991,0.00127493,1.34352e-06,59937248592.0
pal10,10% PAL,photochem,Earth_10pc_48.2.txt,261.5609,46.5,204.543,0.00108722,1.23387e-06,47502884517.0
pal10,10% PAL,photochem,Earth_10pc_48.2.txt,261.5609,47.5,202.114,0.00092542,1.13533e-06,37651402922.0
pal10,10% PAL,photochem,Earth_10pc_48.2.txt,261.5609,48.5,199.719,0.000786208,1.04563e-06,29813525375.0
pal10,10% PAL,photochem,Earth_10pc_48.2.txt,261.5609,49.5,197.516,0.000666706,9.61491e-07,23506820415.3
pal10,10% PAL,photochem,Earth_10pc_48.2.txt,261.5609,50.5,195.392,0.000564366,8.82847e-07,18469512378.8
pal10,10% PAL,photochem,Earth_10pc_48.2.txt,261.5609,51.5,193.755,0.000476982,8.04145e-07,14338387837.0
pal10,10% PAL,photochem,Earth_10pc_48.2.txt,261.5609,52.5,192.141,0.000402576,7.30365e-07,11083654057.5
pal10,10% PAL,photochem,Earth_10pc_48.2.txt,261.5609,53.5,190.814,0.000339347,6.58403e-07,8480889043.0
pal10,10% PAL,photochem,Earth_10pc_48.2.txt,261.5609,54.5,189.486,0.000285722,5.91078e-07,6455458377.0
pal10,10% PAL,photochem,Earth_10pc_48.2.txt,261.5609,55.5,188.119,0.000240288,5.28382e-07,4888378911.2
pal10,10% PAL,photochem,Earth_10pc_48.2.txt,261.5609,56.5,186.746,0.000201833,4.69529e-07,3675538746.06
pal10,10% PAL,photochem,Earth_10pc_48.2.txt,261.5609,57.5,185.388,0.000169324,4.1406e-07,2739155961.6
pal10,10% PAL,photochem,Earth_10pc_48.2.txt,261.5609,58.5,184.046,0.000141876,3.61835e-07,2020265920.6499999
pal10,10% PAL,photochem,Earth_10pc_48.2.txt,261.5609,59.5,182.703,0.000118729,3.12806e-07,1472321536.92
pal10,10% PAL,photochem,Earth_10pc_48.2.txt,261.5609,60.5,181.734,9.92499e-05,2.64675e-07,1046943136.4999999
pal10,10% PAL,photochem,Earth_10pc_48.2.txt,261.5609,61.5,180.801,8.28928e-05,2.20333e-07,731664199.76
pal10,10% PAL,photochem,Earth_10pc_48.2.txt,261.5609,62.5,180.084,6.91776e-05,1.79505e-07,499440351.59999996
pal10,10% PAL,photochem,Earth_10pc_48.2.txt,261.5609,63.5,179.918,5.77078e-05,1.42131e-07,330191632.65
pal10,10% PAL,photochem,Earth_10pc_48.2.txt,261.5609,64.5,179.752,4.81343e-05,1.11108e-07,215498410.32000002
pal10,10% PAL,photochem,Earth_10pc_48.2.txt,261.5609,65.5,180.146,4.0155e-05,8.4842e-08,136974863.74
pal10,10% PAL,photochem,Earth_10pc_48.2.txt,261.5609,66.5,180.843,3.35182e-05,6.37611e-08,85595451.084
pal10,10% PAL,photochem,Earth_10pc_48.2.txt,261.5609,67.5,181.54,2.79995e-05,4.73017e-08,52841202.087
pal10,10% PAL,photochem,Earth_10pc_48.2.txt,261.5609,68.5,182.998,2.3415e-05,3.34607e-08,31009837.5678
pal10,10% PAL,photochem,Earth_10pc_48.2.txt,261.5609,69.5,184.458,1.96102e-05,2.21596e-08,17063290.8728
pal10,10% PAL,photochem,Earth_10pc_48.2.txt,261.5609,70.5,185.951,1.64479e-05,1.41813e-08,9085405.8393
pal10,10% PAL,photochem,Earth_10pc_48.2.txt,261.5609,71.5,187.526,1.38164e-05,1.2848e-08,6856206.72
pal10,10% PAL,photochem,Earth_10pc_48.2.txt,261.5609,72.5,189.101,1.16236e-05,2.00165e-08,8911545.965
pal10,10% PAL,photochem,Earth_10pc_48.2.txt,261.5609,73.5,190.334,9.79244e-06,3.15129e-08,11742998.5689
pal10,10% PAL,photochem,Earth_10pc_48.2.txt,261.5609,74.5,191.286,8.25873e-06,4.31984e-08,13508744.457600001
pal10,10% PAL,photochem,Earth_10pc_48.2.txt,261.5609,75.5,192.238,6.97191e-06,5.29963e-08,13921121.080300001
pal10,10% PAL,photochem,Earth_10pc_48.2.txt,261.5609,76.5,192.626,5.88992e-06,6.11084e-08,13533555.1312
pal10,10% PAL,photochem,Earth_10pc_48.2.txt,261.5609,77.5,192.828,4.97782e-06,6.69767e-08,12523035.4592
pal10,10% PAL,photochem,Earth_10pc_48.2.txt,261.5609,78.5,193.03,4.2083e-06,7.0362e-08,11110581.972000001
pal10,10% PAL,photochem,Earth_10pc_48.2.txt,261.5609,79.5,193.18,3.55884e-06,7.15537e-08,9547624.8521
pal10,10% PAL,photochem,Earth_10pc_48.2.txt,261.5609,80.5,193.325,3.01048e-06,7.082e-08,7987646.159999999
pal10,10% PAL,photochem,Earth_10pc_48.2.txt,261.5609,81.5,193.541,2.54745e-06,6.83757e-08,6518563.17165
pal10,10% PAL,photochem,Earth_10pc_48.2.txt,261.5609,82.5,194.529,2.1571e-06,6.32863e-08,5082908.799430001
pal10,10% PAL,photochem,Earth_10pc_48.2.txt,261.5609,83.5,195.518,1.82846e-06,5.743e-08,3890038.279
pal10,10% PAL,photochem,Earth_10pc_48.2.txt,261.5609,84.5,196.941,1.55174e-06,5.05244e-08,2883376.9836
pal10,10% PAL,photochem,Earth_10pc_48.2.txt,261.5609,85.5,199.783,1.31943e-06,4.20668e-08,2012256.96464
pal10,10% PAL,photochem,Earth_10pc_48.2.txt,261.5609,86.5,202.624,1.1247e-06,3.44984e-08,1386949.5247199999
pal10,10% PAL,photochem,Earth_10pc_48.2.txt,261.5609,87.5,206.349,9.61328e-07,2.72767e-08,920403.14344
pal10,10% PAL,photochem,Earth_10pc_48.2.txt,261.5609,88.5,212.079,8.24703e-07,2.03148e-08,572174.46792
pal10,10% PAL,photochem,Earth_10pc_48.2.txt,261.5609,89.5,217.808,7.10529e-07,1.50339e-08,355219.48581
pal10,10% PAL,photochem,Earth_10pc_48.2.txt,261.5609,90.5,224.232,6.14764e-07,1.08959e-08,216366.42384
pal10,10% PAL,photochem,Earth_10pc_48.2.txt,261.5609,91.5,233.582,5.34593e-07,7.39877e-09,122647.930536
pal10,10% PAL,photochem,Earth_10pc_48.2.txt,261.5609,92.5,242.932,4.67505e-07,5.05043e-09,70395.92359800001
pal10,10% PAL,photochem,Earth_10pc_48.2.txt,261.5609,93.5,252.282,4.10965e-07,3.4696e-09,40936.76952
pal10,10% PAL,photochem,Earth_10pc_48.2.txt,261.5609,94.5,264.025,3.63185e-07,2.29338e-09,22849.4494836
pal10,10% PAL,photochem,Earth_10pc_48.2.txt,261.5609,95.5,276.706,3.22782e-07,1.50797e-09,12740.9139285
pal10,10% PAL,photochem,Earth_10pc_48.2.txt,261.5609,96.5,289.386,2.88421e-07,1.00614e-09,7263.1334934
pal10,10% PAL,photochem,Earth_10pc_48.2.txt,261.5609,97.5,302.066,2.58984e-07,6.81442e-10,4231.7207479
pal10,10% PAL,photochem,Earth_10pc_48.2.txt,261.5609,98.5,315.589,2.33628e-07,4.61969e-10,2477.03620079
pal10,10% PAL,photochem,Earth_10pc_48.2.txt,261.5609,99.5,329.585,2.11693e-07,3.17597e-10,1477.51523549
pal10,10% PAL,vulcan,Earth_10pc_o2_1e12s_48.2SZA_WPT_1rtol.vul,202.8367,0.6118596226748363,287.14,1.0,6.957863721568865e-09,175508817266.65417
pal10,10% PAL,vulcan,Earth_10pc_o2_1e12s_48.2SZA_WPT_1rtol.vul,202.8367,1.819964636832447,280.1394983236102,0.8682540279894776,6.634313418013374e-09,148931019376.6139
pal10,10% PAL,vulcan,Earth_10pc_o2_1e12s_48.2SZA_WPT_1rtol.vul,202.8367,3.0013447859470186,274.8994411508909,0.753865057119951,6.530766791029899e-09,129718121118.60828
pal10,10% PAL,vulcan,Earth_10pc_o2_1e12s_48.2SZA_WPT_1rtol.vul,202.8367,4.159085315323632,269.002524469441,0.6545463724049151,6.904194284938821e-09,121678482801.86679
pal10,10% PAL,vulcan,Earth_10pc_o2_1e12s_48.2SZA_WPT_1rtol.vul,202.8367,5.290803407583813,262.6467760368759,0.5683125243464682,7.740702249717615e-09,121314365893.69597
pal10,10% PAL,vulcan,Earth_10pc_o2_1e12s_48.2SZA_WPT_1rtol.vul,202.8367,6.394827743982408,255.94752297382686,0.493439638420688,8.995537971854455e-09,125610794158.2249
pal10,10% PAL,vulcan,Earth_10pc_o2_1e12s_48.2SZA_WPT_1rtol.vul,202.8367,7.469829111949303,248.94451951338635,0.42843095362843375,1.0639782679203415e-08,132625717233.22495
pal10,10% PAL,vulcan,Earth_10pc_o2_1e12s_48.2SZA_WPT_1rtol.vul,202.8367,8.515047030291818,241.86778386589,0.3719869012032607,1.2666434085720724e-08,141097950895.76938
pal10,10% PAL,vulcan,Earth_10pc_o2_1e12s_48.2SZA_WPT_1rtol.vul,202.8367,9.53042712479518,234.82591663480503,0.32297912532905493,1.5233678453379122e-08,151757418245.8669
pal10,10% PAL,vulcan,Earth_10pc_o2_1e12s_48.2SZA_WPT_1rtol.vul,202.8367,10.516933869676423,228.1966896192291,0.2804279265234697,1.8897422320885276e-08,168202019973.1441
pal10,10% PAL,vulcan,Earth_10pc_o2_1e12s_48.2SZA_WPT_1rtol.vul,202.8367,11.477351294491118,222.46191375764064,0.24348267676473978,2.54167838217285e-08,201488243590.44122
pal10,10% PAL,vulcan,Earth_10pc_o2_1e12s_48.2SZA_WPT_1rtol.vul,202.8367,12.41593935736314,217.83450393763724,0.2114048148466453,4.1656735489207126e-08,292812864551.1077
pal10,10% PAL,vulcan,Earth_10pc_o2_1e12s_48.2SZA_WPT_1rtol.vul,202.8367,13.337097137304513,214.16581660614006,0.18355308202696916,8.311453168241368e-08,515947137224.4944
pal10,10% PAL,vulcan,Earth_10pc_o2_1e12s_48.2SZA_WPT_1rtol.vul,202.8367,14.244289695784104,211.1656284615425,0.15937070281979893,1.7471418238088455e-07,955058856094.2488
pal10,10% PAL,vulcan,Earth_10pc_o2_1e12s_48.2SZA_WPT_1rtol.vul,202.8367,15.139867153442824,208.60210656907836,0.13837425466680442,3.220437489994412e-07,1547277448830.0007
pal10,10% PAL,vulcan,Earth_10pc_o2_1e12s_48.2SZA_WPT_1rtol.vul,202.8367,16.025591367279926,206.4314704976462,0.12014400398449446,5.171338362113653e-07,2179946659881.815
pal10,10% PAL,vulcan,Earth_10pc_o2_1e12s_48.2SZA_WPT_1rtol.vul,202.8367,16.90359066390558,204.86859175627967,0.10431551539832117,7.524195782359991e-07,2774919129513.027
pal10,10% PAL,vulcan,Earth_10pc_o2_1e12s_48.2SZA_WPT_1rtol.vul,202.8367,17.777282413964752,204.30119934840684,0.09057236642639072,1.018936106262689e-06,3271812956641.977
pal10,10% PAL,vulcan,Earth_10pc_o2_1e12s_48.2SZA_WPT_1rtol.vul,202.8367,18.650635255885486,204.5980498213036,0.07863982197425251,1.3088430943211467e-06,3643722841563.921
pal10,10% PAL,vulcan,Earth_10pc_o2_1e12s_48.2SZA_WPT_1rtol.vul,202.8367,19.526020957914767,205.14105979148482,0.06827934218952017,1.6223060725471464e-06,3910985850654.3066
pal10,10% PAL,vulcan,Earth_10pc_o2_1e12s_48.2SZA_WPT_1rtol.vul,202.8367,20.403918501047578,205.66134574790044,0.059283813884522765,1.9538339205965603e-06,4079320466915.4746
pal10,10% PAL,vulcan,Earth_10pc_o2_1e12s_48.2SZA_WPT_1rtol.vul,202.8367,21.2839975182712,206.04890097788328,0.05147341019981531,2.2927220950096505e-06,4148401409347.4556
pal10,10% PAL,vulcan,Earth_10pc_o2_1e12s_48.2SZA_WPT_1rtol.vul,202.8367,22.165779637889464,206.34465911996801,0.0446919957403443,2.6257120206189787e-06,4119080940865.029
pal10,10% PAL,vulcan,Earth_10pc_o2_1e12s_48.2SZA_WPT_1rtol.vul,202.8367,23.049222756302605,206.7118908382888,0.038804005320442515,2.9369247642139006e-06,3993196064814.34
pal10,10% PAL,vulcan,Earth_10pc_o2_1e12s_48.2SZA_WPT_1rtol.vul,202.8367,23.934758881678068,207.20896854794321,0.033691733921599264,3.2081817429029927e-06,3778248283076.137
pal10,10% PAL,vulcan,Earth_10pc_o2_1e12s_48.2SZA_WPT_1rtol.vul,202.8367,24.82299971457117,207.86126535700384,0.029252983687378272,3.41787101671548e-06,3483926537948.961
pal10,10% PAL,vulcan,Earth_10pc_o2_1e12s_48.2SZA_WPT_1rtol.vul,202.8367,25.71498949377248,208.84513087651922,0.025399020917276666,3.547771854601712e-06,3125107943105.084
pal10,10% PAL,vulcan,Earth_10pc_o2_1e12s_48.2SZA_WPT_1rtol.vul,202.8367,26.612069485410796,210.12241684795183,0.02205280221841442,3.585591473232247e-06,2725642665422.6606
pal10,10% PAL,vulcan,Earth_10pc_o2_1e12s_48.2SZA_WPT_1rtol.vul,202.8367,27.515235037243656,211.56906276625514,0.019147434354593606,3.527608581549058e-06,2312360461339.1885
pal10,10% PAL,vulcan,Earth_10pc_o2_1e12s_48.2SZA_WPT_1rtol.vul,202.8367,28.425255604964242,213.2031339245085,0.01662483700404,3.3782673977861293e-06,1907983221011.5059
pal10,10% PAL,vulcan,Earth_10pc_o2_1e12s_48.2SZA_WPT_1rtol.vul,202.8367,29.343368752004068,215.2245540558873,0.01443458169342622,3.1474153196927577e-06,1528914353429.3345
pal10,10% PAL,vulcan,Earth_10pc_o2_1e12s_48.2SZA_WPT_1rtol.vul,202.8367,30.270680880240146,217.37159799794816,0.01253288369766049,2.858901809104666e-06,1193889597764.1436
pal10,10% PAL,vulcan,Earth_10pc_o2_1e12s_48.2SZA_WPT_1rtol.vul,202.8367,31.20780721464499,219.67625854965084,0.010881726752817377,2.5372133598352028e-06,910308084922.3577
pal10,10% PAL,vulcan,Earth_10pc_o2_1e12s_48.2SZA_WPT_1rtol.vul,202.8367,32.155684214815395,222.2559343348141,0.009448103084614537,2.2060662860218736e-06,679245128436.9205
pal10,10% PAL,vulcan,Earth_10pc_o2_1e12s_48.2SZA_WPT_1rtol.vul,202.8367,33.114408307288464,224.6012318390064,0.008203353560076381,1.9022791681750718e-06,503234335570.6815
pal10,10% PAL,vulcan,Earth_10pc_o2_1e12s_48.2SZA_WPT_1rtol.vul,202.8367,34.08296571230011,226.70407021192247,0.00712259477155813,1.6443508528713312e-06,374188231368.876
pal10,10% PAL,vulcan,Earth_10pc_o2_1e12s_48.2SZA_WPT_1rtol.vul,202.8367,35.05903291111864,227.96305259282775,0.00618422160014214,1.4383197434392997e-06,282613392731.2837
pal10,10% PAL,vulcan,Earth_10pc_o2_1e12s_48.2SZA_WPT_1rtol.vul,202.8367,36.03979417042512,228.75150168661997,0.00536947531430294,1.2666699967252509e-06,215351597275.6056
pal10,10% PAL,vulcan,Earth_10pc_o2_1e12s_48.2SZA_WPT_1rtol.vul,202.8367,37.02225606222595,228.61508391729126,0.004662068569833589,1.1236509401773596e-06,165967064322.57086
pal10,10% PAL,vulcan,Earth_10pc_o2_1e12s_48.2SZA_WPT_1rtol.vul,202.8367,38.00317672733871,227.89409615811428,0.004047859814521157,9.987415958127964e-07,128487903913.50485
pal10,10% PAL,vulcan,Earth_10pc_o2_1e12s_48.2SZA_WPT_1rtol.vul,202.8367,38.98013080509177,226.63000661457068,0.0035145705886947304,8.904130341577659e-07,100014526900.39467
pal10,10% PAL,vulcan,Earth_10pc_o2_1e12s_48.2SZA_WPT_1rtol.vul,202.8367,39.950458850587864,224.6738763442328,0.003051540070287546,7.985557927185945e-07,78557649486.3845
pal10,10% PAL,vulcan,Earth_10pc_o2_1e12s_48.2SZA_WPT_1rtol.vul,202.8367,40.91264273486259,222.70667476326093,0.0026495119575984556,7.169975532614015e-07,61782722423.01673
pal10,10% PAL,vulcan,Earth_10pc_o2_1e12s_48.2SZA_WPT_1rtol.vul,202.8367,41.8657116344965,220.30282637142344,0.0023004494293911424,6.478964939869957e-07,49002131206.21731
pal10,10% PAL,vulcan,Earth_10pc_o2_1e12s_48.2SZA_WPT_1rtol.vul,202.8367,42.809112924633986,218.08258387146475,0.0019973744832549527,5.858285735778603e-07,38862056696.970985
pal10,10% PAL,vulcan,Earth_10pc_o2_1e12s_48.2SZA_WPT_1rtol.vul,202.8367,43.74319149446443,215.8430190767753,0.001734228440489514,5.311182202219183e-07,30908377992.81364
pal10,10% PAL,vulcan,Earth_10pc_o2_1e12s_48.2SZA_WPT_1rtol.vul,202.8367,44.66802055792869,213.66061749223027,0.0015057508289089293,4.821438241382475e-07,24610586139.465767
pal10,10% PAL,vulcan,Earth_10pc_o2_1e12s_48.2SZA_WPT_1rtol.vul,202.8367,45.583830183874426,211.53165048708706,0.0013073742223486725,4.385056527108578e-07,19629827046.111595
pal10,10% PAL,vulcan,Earth_10pc_o2_1e12s_48.2SZA_WPT_1rtol.vul,202.8367,46.49062833881814,209.35661067708168,0.0011351329346438444,3.9954405975639444e-07,15690668284.921753
pal10,10% PAL,vulcan,Earth_10pc_o2_1e12s_48.2SZA_WPT_1rtol.vul,202.8367,47.388576820537985,207.3063035899205,0.0009855837428080333,3.6405654909771634e-07,12536219527.496136
pal10,10% PAL,vulcan,Earth_10pc_o2_1e12s_48.2SZA_WPT_1rtol.vul,202.8367,48.27768672139628,205.13994826880764,0.0008557370546140203,3.3229611828632427e-07,10039962292.58182
pal10,10% PAL,vulcan,Earth_10pc_o2_1e12s_48.2SZA_WPT_1rtol.vul,202.8367,49.15810205231281,203.15984446791188,0.000742997144568474,3.025859192866327e-07,8015206297.135693
pal10,10% PAL,vulcan,Earth_10pc_o2_1e12s_48.2SZA_WPT_1rtol.vul,202.8367,50.02994653076218,201.0542552991637,0.0006451102635562577,2.7575534062250353e-07,6408572941.069583
pal10,10% PAL,vulcan,Earth_10pc_o2_1e12s_48.2SZA_WPT_1rtol.vul,202.8367,50.89343483299483,199.17688366016375,0.0005601195848300737,2.501782098357886e-07,5095748942.892228
pal10,10% PAL,vulcan,Earth_10pc_o2_1e12s_48.2SZA_WPT_1rtol.vul,202.8367,51.74905591447484,197.30105662290703,0.0004863260856845048,2.2642819239964756e-07,4042456644.6646266
pal10,10% PAL,vulcan,Earth_10pc_o2_1e12s_48.2SZA_WPT_1rtol.vul,202.8367,52.59729466661353,195.65122727230613,0.00042225458281192714,2.0346651677770425e-07,3180544401.8086076
pal10,10% PAL,vulcan,Earth_10pc_o2_1e12s_48.2SZA_WPT_1rtol.vul,202.8367,53.439024606618695,194.18269572485295,0.0003666242423634718,1.8115966121719627e-07,2477358566.6687326
pal10,10% PAL,vulcan,Earth_10pc_o2_1e12s_48.2SZA_WPT_1rtol.vul,202.8367,54.27503122692015,192.89894654866322,0.00031832297519067453,1.5915871952328853e-07,1902327487.1057913
pal10,10% PAL,vulcan,Earth_10pc_o2_1e12s_48.2SZA_WPT_1rtol.vul,202.8367,55.10593274277825,191.71867305934182,0.0002763852054108977,1.3756672238117833e-07,1436416829.946951
pal10,10% PAL,vulcan,Earth_10pc_o2_1e12s_48.2SZA_WPT_1rtol.vul,202.8367,55.93207765630984,190.59804559030843,0.00023997256787471085,1.166781148513143e-07,1064018739.3579768
pal10,10% PAL,vulcan,Earth_10pc_o2_1e12s_48.2SZA_WPT_1rtol.vul,202.8367,56.75391035798687,189.62505627644455,0.00020835714866419578,9.693307987486552e-08,771438682.5460091
pal10,10% PAL,vulcan,Earth_10pc_o2_1e12s_48.2SZA_WPT_1rtol.vul,202.8367,57.57141619554584,188.49921373151057,0.0001809069335880904,7.96575716092921e-08,553719029.7800941
pal10,10% PAL,vulcan,Earth_10pc_o2_1e12s_48.2SZA_WPT_1rtol.vul,202.8367,58.384268310073715,187.37657324914724,0.00015707317377908425,6.499178116432716e-08,394604363.65146273
pal10,10% PAL,vulcan,Earth_10pc_o2_1e12s_48.2SZA_WPT_1rtol.vul,202.8367,59.192790112495125,186.40183612835125,0.00013637941582278108,5.2845200431999434e-08,280040540.09932494
pal10,10% PAL,vulcan,Earth_10pc_o2_1e12s_48.2SZA_WPT_1rtol.vul,202.8367,59.997063556981736,185.31858611277107,0.00011841197712298146,4.3282171783508244e-08,200309900.94435164
pal10,10% PAL,vulcan,Earth_10pc_o2_1e12s_48.2SZA_WPT_1rtol.vul,202.8367,60.7967935880534,184.2089377609236,0.0001028116760992264,3.576845064270473e-08,144593438.96847716
pal10,10% PAL,vulcan,Earth_10pc_o2_1e12s_48.2SZA_WPT_1rtol.vul,202.8367,61.592236292053684,183.24548110978017,8.926665189750274e-05,2.975746767830502e-08,104995010.26981036
pal10,10% PAL,vulcan,Earth_10pc_o2_1e12s_48.2SZA_WPT_1rtol.vul,202.8367,62.38394123553989,182.39105123729868,7.75061300751413e-05,2.494601705749887e-08,76780415.62403703
pal10,10% PAL,vulcan,Earth_10pc_o2_1e12s_48.2SZA_WPT_1rtol.vul,202.8367,63.1722547526776,181.5887047058048,6.729500963161782e-05,2.108432765437377e-08,56594014.63708576
pal10,10% PAL,vulcan,Earth_10pc_o2_1e12s_48.2SZA_WPT_1rtol.vul,202.8367,63.957516407057874,180.8920640979918,5.842916317624275e-05,1.7922395277346817e-08,41929812.53940619
pal10,10% PAL,vulcan,Earth_10pc_o2_1e12s_48.2SZA_WPT_1rtol.vul,202.8367,64.74015215245275,180.2872030841972,5.073135627982722e-05,1.5299548942374853e-08,31182211.7519697
pal10,10% PAL,vulcan,Earth_10pc_o2_1e12s_48.2SZA_WPT_1rtol.vul,202.8367,65.52109672194243,180.02252966173845,4.404770443532926e-05,1.301674590392171e-08,23068298.59897451
pal10,10% PAL,vulcan,Earth_10pc_o2_1e12s_48.2SZA_WPT_1rtol.vul,202.8367,66.30137182812695,179.88935380625009,3.8244596799664614e-05,1.1070777549762002e-08,17047451.620527823
pal10,10% PAL,vulcan,Earth_10pc_o2_1e12s_48.2SZA_WPT_1rtol.vul,202.8367,67.08130064237365,179.7737233332914,3.320602522014222e-05,9.423513757232613e-09,12607247.139065817
pal10,10% PAL,vulcan,Earth_10pc_o2_1e12s_48.2SZA_WPT_1rtol.vul,202.8367,67.8612408368156,179.80527551680294,2.8831265150908658e-05,7.990413057621888e-09,9279983.798814189
pal10,10% PAL,vulcan,Earth_10pc_o2_1e12s_48.2SZA_WPT_1rtol.vul,202.8367,68.6427516814853,180.40794843104325,2.5032862099309092e-05,6.689285605992793e-09,6722817.0904073985
pal10,10% PAL,vulcan,Earth_10pc_o2_1e12s_48.2SZA_WPT_1rtol.vul,202.8367,69.42690214038485,180.93122161639258,2.1734883349830205e-05,5.618592816231749e-09,4888640.204472722
pal10,10% PAL,vulcan,Earth_10pc_o2_1e12s_48.2SZA_WPT_1rtol.vul,202.8367,70.213373217074,181.385555667311,1.8871400016371507e-05,4.713276147049081e-09,3551738.831181357
pal10,10% PAL,vulcan,Earth_10pc_o2_1e12s_48.2SZA_WPT_1rtol.vul,202.8367,71.00319874334802,182.38352250668243,1.6385169078015253e-05,3.791012640191122e-09,2466818.9597090897
pal10,10% PAL,vulcan,Earth_10pc_o2_1e12s_48.2SZA_WPT_1rtol.vul,202.8367,71.798010049101,183.58715680633838,1.422648905127535e-05,3.0243149426923963e-09,1697458.5203681474
pal10,10% PAL,vulcan,Earth_10pc_o2_1e12s_48.2SZA_WPT_1rtol.vul,202.8367,72.5979156417584,184.63221713524095,1.2352206422918023e-05,4.765434611380335e-09,2309172.0273126233
pal10,10% PAL,vulcan,Earth_10pc_o2_1e12s_48.2SZA_WPT_1rtol.vul,202.8367,73.40237010163628,185.58026399551179,1.072485298125607e-05,1.3013563110891584e-08,5447189.690391279
pal10,10% PAL,vulcan,Earth_10pc_o2_1e12s_48.2SZA_WPT_1rtol.vul,202.8367,74.21223475985508,187.01414083762285,9.31189680057052e-06,2.6241900096267566e-08,9464021.166936934
pal10,10% PAL,vulcan,Earth_10pc_o2_1e12s_48.2SZA_WPT_1rtol.vul,202.8367,75.02817949171501,188.25911018142662,8.085091905317684e-06,4.283686488873534e-08,13324881.491786202
pal10,10% PAL,vulcan,Earth_10pc_o2_1e12s_48.2SZA_WPT_1rtol.vul,202.8367,75.84947051704219,189.34005982890764,7.019913613457199e-06,6.1729534212305e-08,16576734.246147217
pal10,10% PAL,vulcan,Earth_10pc_o2_1e12s_48.2SZA_WPT_1rtol.vul,202.8367,76.67550107856019,190.28634209490514,6.095068271022369e-06,8.185508196118189e-08,18990365.42781639
pal10,10% PAL,vulcan,Earth_10pc_o2_1e12s_48.2SZA_WPT_1rtol.vul,202.8367,77.50577463365293,191.11469795185147,5.292067577186033e-06,1.0197770182847287e-07,20452821.621925656
pal10,10% PAL,vulcan,Earth_10pc_o2_1e12s_48.2SZA_WPT_1rtol.vul,202.8367,78.33986039044457,191.83392126125378,4.594858990284288e-06,1.2074274254644375e-07,20947130.448052235
pal10,10% PAL,vulcan,Earth_10pc_o2_1e12s_48.2SZA_WPT_1rtol.vul,202.8367,79.17738775164986,192.4583897966663,3.989504826357989e-06,1.3678578239967037e-07,20537133.351124886
pal10,10% PAL,vulcan,Earth_10pc_o2_1e12s_48.2SZA_WPT_1rtol.vul,202.8367,80.01730895587362,192.65956896675442,3.463903635168786e-06,1.5045139028530377e-07,19592422.60526959
pal10,10% PAL,vulcan,Earth_10pc_o2_1e12s_48.2SZA_WPT_1rtol.vul,202.8367,80.85871652797498,192.82776459978805,3.007548283802692e-06,1.5932184705184964e-07,17998449.409112163
pal10,10% PAL,vulcan,Earth_10pc_o2_1e12s_48.2SZA_WPT_1rtol.vul,202.8367,81.70158261172699,192.97380113565973,2.6113159117845275e-06,1.6284731311136413e-07,15960936.810582452
pal10,10% PAL,vulcan,Earth_10pc_o2_1e12s_48.2SZA_WPT_1rtol.vul,202.8367,82.54593281700194,193.1094926815153,2.267285558759927e-06,1.6092570022073903e-07,13684997.542493964
pal10,10% PAL,vulcan,Earth_10pc_o2_1e12s_48.2SZA_WPT_1rtol.vul,202.8367,83.3918292692869,193.23893783409093,1.96857981899568e-06,1.539548617131394e-07,11359743.159823198
pal10,10% PAL,vulcan,Earth_10pc_o2_1e12s_48.2SZA_WPT_1rtol.vul,202.8367,84.23931849018686,193.35132910921845,1.709227357261796e-06,1.427959163025934e-07,9142925.447564509
pal10,10% PAL,vulcan,Earth_10pc_o2_1e12s_48.2SZA_WPT_1rtol.vul,202.8367,85.08842446680495,193.4489132865588,1.484043537692361e-06,1.2851197346400956e-07,7140697.866758299
pal10,10% PAL,vulcan,Earth_10pc_o2_1e12s_48.2SZA_WPT_1rtol.vul,202.8367,85.9408440542382,194.2921089017319,1.2885267793131465e-06,1.0980269010194785e-07,5274338.322149789
pal10,10% PAL,vulcan,Earth_10pc_o2_1e12s_48.2SZA_WPT_1rtol.vul,202.8367,86.79827837510477,195.1233608465269,1.1187685663109482e-06,9.121029936892981e-08,3787839.654940428
pal10,10% PAL,vulcan,Earth_10pc_o2_1e12s_48.2SZA_WPT_1rtol.vul,202.8367,87.66053974850107,195.84509869586927,9.713753140874917e-07,7.394582719145938e-08,2656468.9500635825
pal10,10% PAL,vulcan,Earth_10pc_o2_1e12s_48.2SZA_WPT_1rtol.vul,202.8367,88.528977290195,197.25603510284958,8.434005291460086e-07,5.725017271949063e-08,1772952.4506389643
pal10,10% PAL,vulcan,Earth_10pc_o2_1e12s_48.2SZA_WPT_1rtol.vul,202.8367,89.40794293272462,199.91523430036327,7.322859066394788e-07,4.177215964719756e-08,1108251.766233507
pal10,10% PAL,vulcan,Earth_10pc_o2_1e12s_48.2SZA_WPT_1rtol.vul,202.8367,90.2994953364302,202.22409471483095,6.358101880796528e-07,3.01541661202538e-08,686686.6798029277
pal10,10% PAL,vulcan,Earth_10pc_o2_1e12s_48.2SZA_WPT_1rtol.vul,202.8367,91.20225116515823,204.22877206975792,5.520447568369058e-07,2.155488652253734e-08,422007.16186886857
pal10,10% PAL,vulcan,Earth_10pc_o2_1e12s_48.2SZA_WPT_1rtol.vul,202.8367,92.12273308794911,209.43524051833919,4.793150837541151e-07,1.3911756439206592e-08,230605.6901914069
pal10,10% PAL,vulcan,Earth_10pc_o2_1e12s_48.2SZA_WPT_1rtol.vul,202.8367,93.06846715447848,214.77159273232942,4.1616725214562427e-07,8.843481915695719e-09,124116.94417278045
pal10,10% PAL,vulcan,Earth_10pc_o2_1e12s_48.2SZA_WPT_1rtol.vul,202.8367,94.03831516585332,219.40490203689706,3.613388929927501e-07,5.668155076963009e-09,67612.47350097919
pal10,10% PAL,vulcan,Earth_10pc_o2_1e12s_48.2SZA_WPT_1rtol.vul,202.8367,95.03391782583617,225.4041876236682,3.137339493102141e-07,3.475869542651989e-09,35041.26061347179
pal10,10% PAL,vulcan,Earth_10pc_o2_1e12s_48.2SZA_WPT_1rtol.vul,202.8367,96.06858477913268,235.88573279111603,2.7240076520564e-07,1.8928497575941935e-09,15832.135944519918
pal10,10% PAL,vulcan,Earth_10pc_o2_1e12s_48.2SZA_WPT_1rtol.vul,202.8367,97.14954522786537,244.98637660230636,2.3651306161721237e-07,1.0560006507303768e-09,7384.040986964765
pal10,10% PAL,vulcan,Earth_10pc_o2_1e12s_48.2SZA_WPT_1rtol.vul,202.8367,98.271314876788,252.88804724866978,2.0535341842126814e-07,5.986847887719925e-10,3521.1828261443534
pal10,10% PAL,vulcan,Earth_10pc_o2_1e12s_48.2SZA_WPT_1rtol.vul,202.8367,99.44695888606641,267.6149869276672,1.7829893270567465e-07,2.8605300444690936e-10,1380.3891700272877
pal10,10% PAL,vulcan,Earth_10pc_o2_1e12s_48.2SZA_WPT_1rtol.vul,202.8367,100.69443271343361,283.255739610295,1.548087665079265e-07,1.3124428278546582e-10,519.5339620744477
pal10,10% PAL,vulcan,Earth_10pc_o2_1e12s_48.2SZA_WPT_1rtol.vul,202.8367,102.01170991255626,296.8358861277736,1.3441333508858972e-07,6.152213350047292e-11,201.7781138464569
pal10,10% PAL,vulcan,Earth_10pc_o2_1e12s_48.2SZA_WPT_1rtol.vul,202.8367,103.39618269744713,311.0554163434716,1.167049196061674e-07,2.758525529910445e-11,74.96268277475129
pal10,10% PAL,vulcan,Earth_10pc_o2_1e12s_48.2SZA_WPT_1rtol.vul,202.8367,104.8692072608053,333.6813271228326,1.013295165342428e-07,1.0007510474540371e-11,22.011357985630138
pal10,10% PAL,vulcan,Earth_10pc_o2_1e12s_48.2SZA_WPT_1rtol.vul,202.8367,106.44404870763402,353.326365293943,8.797976088508267e-08,3.693511253688663e-12,6.661359548298683
pal10,10% PAL,vulcan,Earth_10pc_o2_1e12s_48.2SZA_WPT_1rtol.vul,202.8367,108.10892934646105,370.3832488160167,7.638878177002412e-08,1.3814743544826683e-12,2.0636583151910775
pal10,10% PAL,vulcan,Earth_10pc_o2_1e12s_48.2SZA_WPT_1rtol.vul,202.8367,109.87147236191194,392.87234337615195,6.632486746503248e-08,4.5189713694080635e-13,0.55256228716312
pal10,10% PAL,vulcan,Earth_10pc_o2_1e12s_48.2SZA_WPT_1rtol.vul,202.8367,111.74783387874251,416.4027719528931,5.7586833332382704e-08,1.457744282102819e-13,0.14601842160642628
pal10,10% PAL,vulcan,Earth_10pc_o2_1e12s_48.2SZA_WPT_1rtol.vul,202.8367,113.73458236268063,436.8331613449672,5e-08,5.803987494835486e-14,0.04811689452687901
pal10,10% PAL,waccm,Earth_10pc_o2.cam.h0.0037-0040.nc,164.6198,0.2951202582131931,287.13909493548977,0.992556095123291,1.0730058344970966e-08,268646714917.61142
pal10,10% PAL,waccm,Earth_10pc_o2.cam.h0.0037-0040.nc,164.6198,0.4340643892878278,286.4609276541622,0.976325407391414,1.1345855967914144e-08,280080698393.3824
pal10,10% PAL,waccm,Earth_10pc_o2.cam.h0.0037-0040.nc,164.6198,0.597417491636833,285.41033597989605,0.957485479535535,1.153315945053459e-08,280238315252.86395
pal10,10% PAL,waccm,Earth_10pc_o2.cam.h0.0037-0040.nc,164.6198,0.7850625970717158,284.0975906502979,0.9361983984708786,1.1693035679546643e-08,279090038401.6597
pal10,10% PAL,waccm,Earth_10pc_o2.cam.h0.0037-0040.nc,164.6198,0.9966182521589503,282.66394545003004,0.912644546944648,1.1889591887950713e-08,278044885989.5762
pal10,10% PAL,waccm,Earth_10pc_o2.cam.h0.0037-0040.nc,164.6198,1.2317247329185272,281.1635598013557,0.8870202489197254,1.2165368145558987e-08,277981871248.36957
pal10,10% PAL,waccm,Earth_10pc_o2.cam.h0.0037-0040.nc,164.6198,1.4900619492032747,279.68275669161227,0.8595347665250301,1.255778771153691e-08,279529476097.92365
pal10,10% PAL,waccm,Earth_10pc_o2.cam.h0.0037-0040.nc,164.6198,1.8658141119983402,277.8395410644473,0.8208583686500788,1.3262247710168933e-08,283797150070.1859
pal10,10% PAL,waccm,Earth_10pc_o2.cam.h0.0037-0040.nc,164.6198,2.453069406773291,275.50074650706085,0.763404481112957,1.50838365002143e-08,302733483664.2295
pal10,10% PAL,waccm,Earth_10pc_o2.cam.h0.0037-0040.nc,164.6198,3.2449060023791474,271.59434575279226,0.6913894303143024,1.751115591678315e-08,322874349315.05945
pal10,10% PAL,waccm,Earth_10pc_o2.cam.h0.0037-0040.nc,164.6198,4.230270457264023,266.10216760992785,0.6097786948084831,2.1122243201551106e-08,350574715490.6219
pal10,10% PAL,waccm,Earth_10pc_o2.cam.h0.0037-0040.nc,164.6198,5.38068055793126,259.27278306236707,0.5246871747076511,2.5647771445401207e-08,375932498695.87964
pal10,10% PAL,waccm,Earth_10pc_o2.cam.h0.0037-0040.nc,164.6198,6.5867314582404415,251.25980856373246,0.445992574095726,3.1340972663066054e-08,402933884833.8795
pal10,10% PAL,waccm,Earth_10pc_o2.cam.h0.0037-0040.nc,164.6198,7.752767711497225,243.05796348357802,0.37910090386867523,3.842928339243529e-08,434134168725.9246
pal10,10% PAL,waccm,Earth_10pc_o2.cam.h0.0037-0040.nc,164.6198,8.878500708045218,234.90203571279375,0.3222419023513794,5.121257371014346e-08,508848562077.81055
pal10,10% PAL,waccm,Earth_10pc_o2.cam.h0.0037-0040.nc,164.6198,9.965450636291038,227.37118958052426,0.2739108167588711,7.799297930269765e-08,680527965626.6686
pal10,10% PAL,waccm,Earth_10pc_o2.cam.h0.0037-0040.nc,164.6198,11.017686852468653,220.9850410549611,0.23282861895859241,1.304883208249717e-07,995776437417.0302
pal10,10% PAL,waccm,Earth_10pc_o2.cam.h0.0037-0040.nc,164.6198,12.041301429802628,216.08720238093287,0.1979080867022276,2.0857871603522485e-07,1383633920465.586
pal10,10% PAL,waccm,Earth_10pc_o2.cam.h0.0037-0040.nc,164.6198,13.051506594968851,212.3266586379755,0.16822507977485657,2.9393588066309983e-07,1686768718727.236
pal10,10% PAL,waccm,Earth_10pc_o2.cam.h0.0037-0040.nc,164.6198,14.05429439849008,209.22467110716008,0.14299403876066208,3.7698658585647767e-07,1866154744632.4062
pal10,10% PAL,waccm,Earth_10pc_o2.cam.h0.0037-0040.nc,164.6198,15.043529613111737,206.64316210648832,0.12154724076390266,4.718696550844839e-07,2010309072029.7532
pal10,10% PAL,waccm,Earth_10pc_o2.cam.h0.0037-0040.nc,164.6198,16.02234804816164,204.86744198187108,0.10331712663173676,6.025663498057286e-07,2201004684636.224
pal10,10% PAL,waccm,Earth_10pc_o2.cam.h0.0037-0040.nc,164.6198,16.995484960818793,204.28631370364246,0.08782123029232025,7.835238322938085e-07,2439659256268.812
pal10,10% PAL,waccm,Earth_10pc_o2.cam.h0.0037-0040.nc,164.6198,18.043326541628865,204.80845934874836,0.07375095784664154,1.0450639063997454e-06,2725708073037.9307
pal10,10% PAL,waccm,Earth_10pc_o2.cam.h0.0037-0040.nc,164.6198,19.130520537189458,205.48970584623046,0.061520498245954514,1.323550639458832e-06,2870034075978.78
pal10,10% PAL,waccm,Earth_10pc_o2.cam.h0.0037-0040.nc,164.6198,20.180904069611373,205.98340749332556,0.05167749896645546,1.5686981002861987e-06,2850528166483.963
pal10,10% PAL,waccm,Earth_10pc_o2.cam.h0.0037-0040.nc,164.6198,21.26364840366886,206.3898850206621,0.0431937500834465,1.7644893377801243e-06,2674657998302.928
pal10,10% PAL,waccm,Earth_10pc_o2.cam.h0.0037-0040.nc,164.6198,22.37902592311365,206.92656434740036,0.035923250019550323,1.927346825332347e-06,2423460602635.3403
pal10,10% PAL,waccm,Earth_10pc_o2.cam.h0.0037-0040.nc,164.6198,23.528322743858002,207.75152570812068,0.0297279991209507,2.055551176256458e-06,2130426073423.9714
pal10,10% PAL,waccm,Earth_10pc_o2.cam.h0.0037-0040.nc,164.6198,24.713936124725837,209.07864875454976,0.02447899989783764,2.1768577209145425e-06,1845995966379.4692
pal10,10% PAL,waccm,Earth_10pc_o2.cam.h0.0037-0040.nc,164.6198,25.939255098668472,210.96560588318124,0.020056750625371933,2.279239208017178e-06,1569479118794.853
pal10,10% PAL,waccm,Earth_10pc_o2.cam.h0.0037-0040.nc,164.6198,27.208062586286907,213.39145265793007,0.01635175058618188,2.3291062551528774e-06,1292686619218.4316
pal10,10% PAL,waccm,Earth_10pc_o2.cam.h0.0037-0040.nc,164.6198,28.52439184215047,216.365182221282,0.013264750130474567,2.30053825680715e-06,1021545878227.5586
pal10,10% PAL,waccm,Earth_10pc_o2.cam.h0.0037-0040.nc,164.6198,29.892465557565906,219.91270509743413,0.01070705009624362,2.1315960365342708e-06,751694089235.5845
pal10,10% PAL,waccm,Earth_10pc_o2.cam.h0.0037-0040.nc,164.6198,31.316021897918336,223.78655036295777,0.00859972508624196,1.8318592579535138e-06,509869938774.5336
pal10,10% PAL,waccm,Earth_10pc_o2.cam.h0.0037-0040.nc,164.6198,32.79565089412908,227.13277893781205,0.006872850004583597,1.4931586900619556e-06,327250059995.779
pal10,10% PAL,waccm,Earth_10pc_o2.cam.h0.0037-0040.nc,164.6198,34.32476638186176,228.6729800165059,0.005465399939566851,1.1952134313738157e-06,206904186603.63962
pal10,10% PAL,waccm,Earth_10pc_o2.cam.h0.0037-0040.nc,164.6198,35.891757730895755,228.4347050522159,0.004324574954807758,9.394340063023686e-07,128814377228.8943
pal10,10% PAL,waccm,Earth_10pc_o2.cam.h0.0037-0040.nc,164.6198,37.483775631347406,226.2386125514333,0.0034048750530928373,7.295986410555484e-07,79530769494.2303
pal10,10% PAL,waccm,Earth_10pc_o2.cam.h0.0037-0040.nc,164.6198,39.08860360017678,222.68102621841942,0.0026674249675124884,5.596258769485339e-07,48553831085.235275
pal10,10% PAL,waccm,Earth_10pc_o2.cam.h0.0037-0040.nc,164.6198,40.6984812107109,218.63515527982958,0.0020793249714188278,4.2492966220478686e-07,29270904266.140324
pal10,10% PAL,waccm,Earth_10pc_o2.cam.h0.0037-0040.nc,164.6198,42.31080792935698,214.7012167145591,0.0016128499992191792,3.1892981287105074e-07,17352869794.723663
pal10,10% PAL,waccm,Earth_10pc_o2.cam.h0.0037-0040.nc,164.6198,43.925120428466876,210.8023552743153,0.0012447949848137796,2.3917324355232753e-07,10229435812.75449
pal10,10% PAL,waccm,Earth_10pc_o2.cam.h0.0037-0040.nc,164.6198,45.540393495957474,206.90138595096835,0.0009559475001879036,1.8137703164673168e-07,6069733866.753986
pal10,10% PAL,waccm,Earth_10pc_o2.cam.h0.0037-0040.nc,164.6198,47.15549199472896,203.02193017533511,0.0007304799801204354,1.4055915381341313e-07,3663036252.745044
pal10,10% PAL,waccm,Earth_10pc_o2.cam.h0.0037-0040.nc,164.6198,48.79099975308171,199.15263999972444,0.0005534699885174632,1.1234638869213088e-07,2261433612.0628715
pal10,10% PAL,waccm,Earth_10pc_o2.cam.h0.0037-0040.nc,164.6198,50.526598757179585,195.50434010032103,0.00041016750037670135,9.291155323000285e-08,1411858851.0406961
pal10,10% PAL,waccm,Earth_10pc_o2.cam.h0.0037-0040.nc,164.6198,52.462729045433385,192.368650026466,0.00029202500445535406,7.93520452897338e-08,872490253.9038632
pal10,10% PAL,waccm,Earth_10pc_o2.cam.h0.0037-0040.nc,164.6198,54.639409635899014,189.43173781081975,0.00019811999663943425,7.065428359994158e-08,535218089.0195628
pal10,10% PAL,waccm,Earth_10pc_o2.cam.h0.0037-0040.nc,164.6198,57.03784135754146,186.09487239308874,0.00012827324826503173,6.431312788816935e-08,321083534.54120874
pal10,10% PAL,waccm,Earth_10pc_o2.cam.h0.0037-0040.nc,164.6198,59.59876673303692,182.59580510390893,7.991075108293444e-05,5.5598169012051264e-08,176234781.08279315
pal10,10% PAL,waccm,Earth_10pc_o2.cam.h0.0037-0040.nc,164.6198,62.22739195718691,180.09621746490362,4.873074976785574e-05,5.1921940580195216e-08,101757431.23720278
pal10,10% PAL,waccm,Earth_10pc_o2.cam.h0.0037-0040.nc,164.6198,64.86065840524557,179.73798199695113,2.9557750167441554e-05,7.644727692591098e-08,91056352.66365044
pal10,10% PAL,waccm,Earth_10pc_o2.cam.h0.0037-0040.nc,164.6198,67.51518907082637,181.84560874556615,1.789799989637686e-05,1.2694801656129042e-07,90499112.52231185
pal10,10% PAL,waccm,Earth_10pc_o2.cam.h0.0037-0040.nc,164.6198,70.22750849934526,186.38600543801698,1.0813825610966887e-05,2.579182683472384e-07,108383927.00971854
pal10,10% PAL,waccm,Earth_10pc_o2.cam.h0.0037-0040.nc,164.6198,72.9897109429744,191.4930239134136,6.556825610459782e-06,4.999400127906458e-07,123986753.9623171
pal10,10% PAL,waccm,Earth_10pc_o2.cam.h0.0037-0040.nc,164.6198,75.81546284348876,194.8649180005852,3.978249878855422e-06,7.206118894327434e-07,106555664.01271033
pal10,10% PAL,waccm,Earth_10pc_o2.cam.h0.0037-0040.nc,164.6198,78.69007243023908,195.47377689074943,2.4045749569268082e-06,7.807009349022442e-07,69558664.01935422
pal10,10% PAL,waccm,Earth_10pc_o2.cam.h0.0037-0040.nc,164.6198,81.5448410410194,194.5632897817839,1.458457461467333e-06,7.02410084253584e-07,38136455.04832916
pal10,10% PAL,waccm,Earth_10pc_o2.cam.h0.0037-0040.nc,164.6198,84.38749557692013,193.82907274255655,8.846024854847201e-07,5.539679770917649e-07,18311782.229178898
pal10,10% PAL,waccm,Earth_10pc_o2.cam.h0.0037-0040.nc,164.6198,87.23168251111632,194.91454618557404,5.365325108641628e-07,3.8547756890653966e-07,7685420.252839212
pal10,10% PAL,waccm,Earth_10pc_o2.cam.h0.0037-0040.nc,164.6198,90.121283214258,200.40623686889126,3.254225049431625e-07,2.2457485214885405e-07,2641278.464300168
pal10,10% PAL,waccm,Earth_10pc_o2.cam.h0.0037-0040.nc,164.6198,93.14540235838423,213.97541769164837,1.9738000389679655e-07,9.848410086565844e-08,657994.270474769
pal10,10% PAL,waccm,Earth_10pc_o2.cam.h0.0037-0040.nc,164.6198,96.45359378697836,240.2896694891937,1.1971900093499244e-07,2.8082960914762818e-08,101341.56266776778
pal10,10% PAL,waccm,Earth_10pc_o2.cam.h0.0037-0040.nc,164.6198,100.27206115254754,285.22728785845715,7.261274781455995e-08,4.4368801602279155e-09,8181.185034145978
pal10,10% PAL,waccm,Earth_10pc_o2.cam.h0.0037-0040.nc,164.6198,104.87906129195851,349.649013256765,4.404100018007284e-08,4.5305375496009896e-10,413.32466072499057
pal10,10% PAL,waccm,Earth_10pc_o2.cam.h0.0037-0040.nc,164.6198,110.49784813525504,424.36806423213466,2.671225107775399e-08,5.636069684183665e-11,25.695724416364584
pal10,10% PAL,waccm,Earth_10pc_o2.cam.h0.0037-0040.nc,164.6198,117.19965975815457,497.5173007345612,1.6201850527863826e-08,1.1574893435199793e-11,2.730172905335348
pal10,10% PAL,waccm,Earth_10pc_o2.cam.h0.0037-0040.nc,164.6198,124.90639825323463,560.8705838642957,9.826900182474674e-09,3.4476892262618993e-12,0.4375208062847233
pal10,10% PAL,waccm,Earth_10pc_o2.cam.h0.0037-0040.nc,164.6198,133.42161422617716,606.5246331881801,5.960300031304655e-09,1.3530218269140217e-12,0.09630330639712781
pal10,10% PAL,waccm_eq,Earth_10pc_o2.cam.h0.0037-0040.nc,136.3349,0.0662760009765625,299.4734802246094,0.992556095123291,6.811387454064288e-09,163511760081.34476
pal10,10% PAL,waccm_eq,Earth_10pc_o2.cam.h0.0037-0040.nc,136.3349,0.21219554138183594,298.1483459472656,0.976325407391414,6.773311689300954e-09,160649717214.94357
pal10,10% PAL,waccm_eq,Earth_10pc_o2.cam.h0.0037-0040.nc,136.3349,0.38396502685546874,296.58734130859375,0.957485479535535,6.856808010269333e-09,160331292049.08527
pal10,10% PAL,waccm_eq,Earth_10pc_o2.cam.h0.0037-0040.nc,136.3349,0.5810282592773437,294.91943359375,0.9361983984708786,7.088662101750742e-09,162984196272.89313
pal10,10% PAL,waccm_eq,Earth_10pc_o2.cam.h0.0037-0040.nc,136.3349,0.802990234375,293.2469482421875,0.912644546944648,7.561982151571556e-09,170459231965.79117
pal10,10% PAL,waccm_eq,Earth_10pc_o2.cam.h0.0037-0040.nc,136.3349,1.049513916015625,291.68023681640625,0.8870202489197254,8.334425594114236e-09,183577275949.05466
pal10,10% PAL,waccm_eq,Earth_10pc_o2.cam.h0.0037-0040.nc,136.3349,1.32042431640625,290.3919372558594,0.8595347665250301,9.237720810517658e-09,198043431893.76263
pal10,10% PAL,waccm_eq,Earth_10pc_o2.cam.h0.0037-0040.nc,136.3349,1.714860595703125,288.8327941894531,0.8208583686500788,9.934287170665357e-09,204491450666.86017
pal10,10% PAL,waccm_eq,Earth_10pc_o2.cam.h0.0037-0040.nc,136.3349,2.331762939453125,286.3913269042969,0.763404481112957,1.0856002319314939e-08,209595275043.19772
pal10,10% PAL,waccm_eq,Earth_10pc_o2.cam.h0.0037-0040.nc,136.3349,3.163046875,281.720703125,0.6913894303143024,1.1561975377105682e-08,205519355703.68442
pal10,10% PAL,waccm_eq,Earth_10pc_o2.cam.h0.0037-0040.nc,136.3349,4.197767578125,276.2938232421875,0.6097786948084831,1.4170559836657048e-08,226519083571.5701
pal10,10% PAL,waccm_eq,Earth_10pc_o2.cam.h0.0037-0040.nc,136.3349,5.409517578125,270.18267822265625,0.5246871747076511,2.1326240329244683e-08,299967333511.4305
pal10,10% PAL,waccm_eq,Earth_10pc_o2.cam.h0.0037-0040.nc,136.3349,6.68556103515625,262.7917785644531,0.445992574095726,3.0779720106011155e-08,378353048049.2379
pal10,10% PAL,waccm_eq,Earth_10pc_o2.cam.h0.0037-0040.nc,136.3349,7.92280322265625,253.88421630859375,0.37910090386867523,3.4112161984012346e-08,368930941687.85364
pal10,10% PAL,waccm_eq,Earth_10pc_o2.cam.h0.0037-0040.nc,136.3349,9.117130859375,244.50489807128906,0.3222419023513794,3.4879874988291704e-08,332955417892.52203
pal10,10% PAL,waccm_eq,Earth_10pc_o2.cam.h0.0037-0040.nc,136.3349,10.2678037109375,235.16465759277344,0.2739108167588711,3.5831270395192405e-08,302284621585.8963
pal10,10% PAL,waccm_eq,Earth_10pc_o2.cam.h0.0037-0040.nc,136.3349,11.3761708984375,226.26852416992188,0.23282861895859241,4.020902011347971e-08,299676318505.715
pal10,10% PAL,waccm_eq,Earth_10pc_o2.cam.h0.0037-0040.nc,136.3349,12.4446904296875,217.8680419921875,0.1979080867022276,5.2757101798306394e-08,347110424605.9199
pal10,10% PAL,waccm_eq,Earth_10pc_o2.cam.h0.0037-0040.nc,136.3349,13.469869140625,210.21726989746094,0.16822507977485657,7.390534051410214e-08,428365899397.71466
pal10,10% PAL,waccm_eq,Earth_10pc_o2.cam.h0.0037-0040.nc,136.3349,14.45440625,203.56394958496094,0.14299403876066208,1.0529381455626208e-07,535718496006.7812
pal10,10% PAL,waccm_eq,Earth_10pc_o2.cam.h0.0037-0040.nc,136.3349,15.4107607421875,198.40890502929688,0.12154724076390266,1.544145220577775e-07,685154955088.3269
pal10,10% PAL,waccm_eq,Earth_10pc_o2.cam.h0.0037-0040.nc,136.3349,16.34711328125,195.20704650878906,0.10331712663173676,2.4438207901766873e-07,936834555088.6344
pal10,10% PAL,waccm_eq,Earth_10pc_o2.cam.h0.0037-0040.nc,136.3349,17.2758828125,195.31004333496094,0.08782123029232025,4.1054707367038645e-07,1337071459585.9727
pal10,10% PAL,waccm_eq,Earth_10pc_o2.cam.h0.0037-0040.nc,136.3349,18.285333984375,198.66537475585938,0.07375095784664154,7.883136277087033e-07,2119635750962.3628
pal10,10% PAL,waccm_eq,Earth_10pc_o2.cam.h0.0037-0040.nc,136.3349,19.3452890625,201.52102661132812,0.061520498245954514,1.2504333426477388e-06,2764882884330.1562
pal10,10% PAL,waccm_eq,Earth_10pc_o2.cam.h0.0037-0040.nc,136.3349,20.378048828125,203.06381225585938,0.05167749896645546,1.6670016975695034e-06,3072710971629.754
pal10,10% PAL,waccm_eq,Earth_10pc_o2.cam.h0.0037-0040.nc,136.3349,21.44722265625,204.15232849121094,0.0431937500834465,2.011194283113582e-06,3082033227995.416
pal10,10% PAL,waccm_eq,Earth_10pc_o2.cam.h0.0037-0040.nc,136.3349,22.55129296875,204.9790802001953,0.035923250019550323,2.2455703856394393e-06,2850424029153.0894
pal10,10% PAL,waccm_eq,Earth_10pc_o2.cam.h0.0037-0040.nc,136.3349,23.6896640625,205.75624084472656,0.0297279991209507,2.3775203317200067e-06,2488018581843.337
pal10,10% PAL,waccm_eq,Earth_10pc_o2.cam.h0.0037-0040.nc,136.3349,24.86379296875,207.03550720214844,0.02447899989783764,2.4878254407667555e-06,2130519226881.744
pal10,10% PAL,waccm_eq,Earth_10pc_o2.cam.h0.0037-0040.nc,136.3349,26.07751953125,209.03807067871094,0.020056750625371933,2.572880021034507e-06,1788016154453.3547
pal10,10% PAL,waccm_eq,Earth_10pc_o2.cam.h0.0037-0040.nc,136.3349,27.335927734375,211.84957885742188,0.01635175058618188,2.5838735382421874e-06,1444523531055.99
pal10,10% PAL,waccm_eq,Earth_10pc_o2.cam.h0.0037-0040.nc,136.3349,28.644185546875,215.28282165527344,0.013264750130474567,2.5378562895639334e-06,1132591869585.1926
pal10,10% PAL,waccm_eq,Earth_10pc_o2.cam.h0.0037-0040.nc,136.3349,30.007392578125,219.45875549316406,0.01070705009624362,2.3494585548178293e-06,830235746281.6041
pal10,10% PAL,waccm_eq,Earth_10pc_o2.cam.h0.0037-0040.nc,136.3349,31.430224609375,224.0323944091797,0.00859972508624196,1.983268703042995e-06,551406680420.6569
pal10,10% PAL,waccm_eq,Earth_10pc_o2.cam.h0.0037-0040.nc,136.3349,32.9120625,227.56524658203125,0.006872850004583597,1.574609655108361e-06,344445531686.16364
pal10,10% PAL,waccm_eq,Earth_10pc_o2.cam.h0.0037-0040.nc,136.3349,34.44344140625,228.9099578857422,0.005465399939566851,1.2342510444796062e-06,213440821082.1991
pal10,10% PAL,waccm_eq,Earth_10pc_o2.cam.h0.0037-0040.nc,136.3349,36.01176171875,228.58311462402344,0.004324574954807758,9.489152716923854e-07,130029962196.77693
pal10,10% PAL,waccm_eq,Earth_10pc_o2.cam.h0.0037-0040.nc,136.3349,37.6047578125,226.3693389892578,0.0034048750530928373,7.222960789476929e-07,78689276337.67545
pal10,10% PAL,waccm_eq,Earth_10pc_o2.cam.h0.0037-0040.nc,136.3349,39.2103203125,222.7532196044922,0.0026674249675124884,5.474224735735334e-07,47479655815.50719
pal10,10% PAL,waccm_eq,Earth_10pc_o2.cam.h0.0037-0040.nc,136.3349,40.81928515625,218.29994201660156,0.0020793249714188278,4.1545806084286596e-07,28662406820.247272
pal10,10% PAL,waccm_eq,Earth_10pc_o2.cam.h0.0037-0040.nc,136.3349,42.42848046875,214.1887969970703,0.0016128499992191792,3.118806830570975e-07,17009925862.928768
pal10,10% PAL,waccm_eq,Earth_10pc_o2.cam.h0.0037-0040.nc,136.3349,44.03860546875,210.2077178955078,0.0012447949848137796,2.340448190807365e-07,10038409816.54183
pal10,10% PAL,waccm_eq,Earth_10pc_o2.cam.h0.0037-0040.nc,136.3349,45.64853125,206.10519409179688,0.0009559475001879036,1.7798606677388307e-07,5979265368.00049
pal10,10% PAL,waccm_eq,Earth_10pc_o2.cam.h0.0037-0040.nc,136.3349,47.2558515625,201.82936096191406,0.0007304799801204354,1.3812255872380774e-07,3620806407.9760566
pal10,10% PAL,waccm_eq,Earth_10pc_o2.cam.h0.0037-0040.nc,136.3349,48.8804296875,197.65065002441406,0.0005534699885174632,1.1026828161675439e-07,2236470395.133414
pal10,10% PAL,waccm_eq,Earth_10pc_o2.cam.h0.0037-0040.nc,136.3349,50.60558984375,194.62867736816406,0.00041016750037670135,9.143618484586113e-08,1395690842.4989886
pal10,10% PAL,waccm_eq,Earth_10pc_o2.cam.h0.0037-0040.nc,136.3349,52.54184375,193.2449493408203,0.00029202500445535406,7.954054126457777e-08,870596960.4205317
pal10,10% PAL,waccm_eq,Earth_10pc_o2.cam.h0.0037-0040.nc,136.3349,54.73979296875,192.29287719726562,0.00019811999663943425,7.283212255515537e-08,543506570.2143232
pal10,10% PAL,waccm_eq,Earth_10pc_o2.cam.h0.0037-0040.nc,136.3349,57.1833671875,190.33375549316406,0.00012827324826503173,6.623019288554133e-08,323290552.1153088
pal10,10% PAL,waccm_eq,Earth_10pc_o2.cam.h0.0037-0040.nc,136.3349,59.806328125,187.31625366210938,7.991075108293444e-05,5.5906767215674336e-08,172747132.37864113
pal10,10% PAL,waccm_eq,Earth_10pc_o2.cam.h0.0037-0040.nc,136.3349,62.5021171875,184.63365173339844,4.873074976785574e-05,5.0328576861602414e-08,96210750.28942862
pal10,10% PAL,waccm_eq,Earth_10pc_o2.cam.h0.0037-0040.nc,136.3349,65.19580078125,183.38369750976562,2.9557750167441554e-05,1.1347698603003664e-07,132475375.32901232
pal10,10% PAL,waccm_eq,Earth_10pc_o2.cam.h0.0037-0040.nc,136.3349,67.8937734375,183.99615478515625,1.789799989637686e-05,1.5250617479978246e-07,107448386.82638803
pal10,10% PAL,waccm_eq,Earth_10pc_o2.cam.h0.0037-0040.nc,136.3349,70.6257734375,186.7530517578125,1.0813825610966887e-05,2.5592717634026485e-07,107335844.27041611
pal10,10% PAL,waccm_eq,Earth_10pc_o2.cam.h0.0037-0040.nc,136.3349,73.3803828125,189.91372680664062,6.556825610459782e-06,5.11872599417984e-07,128001740.91540684
pal10,10% PAL,waccm_eq,Earth_10pc_o2.cam.h0.0037-0040.nc,136.3349,76.1759375,192.2413787841797,3.978249878855422e-06,8.345753599314776e-07,125091402.37447499
pal10,10% PAL,waccm_eq,Earth_10pc_o2.cam.h0.0037-0040.nc,136.3349,79.0105,192.6410675048828,2.4045749569268082e-06,9.498168651589367e-07,85870904.52746165
pal10,10% PAL,waccm_eq,Earth_10pc_o2.cam.h0.0037-0040.nc,136.3349,81.8245625,191.84255981445312,1.458457461467333e-06,8.546323897462571e-07,47059235.91494459
pal10,10% PAL,waccm_eq,Earth_10pc_o2.cam.h0.0037-0040.nc,136.3349,84.62859375,191.28720092773438,8.846024854847201e-07,6.683036986032675e-07,22384779.719374914
pal10,10% PAL,waccm_eq,Earth_10pc_o2.cam.h0.0037-0040.nc,136.3349,87.4349140625,192.27308654785156,5.365325108641628e-07,4.6848055035297875e-07,9468601.246900484
pal10,10% PAL,waccm_eq,Earth_10pc_o2.cam.h0.0037-0040.nc,136.3349,90.2840078125,197.49032592773438,3.254225049431625e-07,2.735400244091579e-07,3264670.5071225218
pal10,10% PAL,waccm_eq,Earth_10pc_o2.cam.h0.0037-0040.nc,136.3349,93.266375,211.1968536376953,1.9738000389679655e-07,1.1126272170258744e-07,753151.084972252
pal10,10% PAL,waccm_eq,Earth_10pc_o2.cam.h0.0037-0040.nc,136.3349,96.5394296875,238.33567810058594,1.1971900093499244e-07,2.5725936936282778e-08,93597.00289219053
pal10,10% PAL,waccm_eq,Earth_10pc_o2.cam.h0.0037-0040.nc,136.3349,100.3350546875,284.1300354003906,7.261274781455995e-08,3.2914315717391673e-09,6092.524357738645
pal10,10% PAL,waccm_eq,Earth_10pc_o2.cam.h0.0037-0040.nc,136.3349,104.9319453125,349.4397277832031,4.404100018007284e-08,3.587033448049226e-10,327.44400128821536
pal10,10% PAL,waccm_eq,Earth_10pc_o2.cam.h0.0037-0040.nc,136.3349,110.5488359375,424.332275390625,2.671225107775399e-08,5.2018337554082805e-11,23.717975048723563
pal10,10% PAL,waccm_eq,Earth_10pc_o2.cam.h0.0037-0040.nc,136.3349,117.2176796875,492.6467590332031,1.6201850527863826e-08,1.2084368228304498e-11,2.878522701539874
pal10,10% PAL,waccm_eq,Earth_10pc_o2.cam.h0.0037-0040.nc,136.3349,124.7712109375,543.7911376953125,9.826900182474674e-09,3.921513721388825e-12,0.513280630166774
pal10,10% PAL,waccm_eq,Earth_10pc_o2.cam.h0.0037-0040.nc,136.3349,132.91553125,571.4273071289062,5.960300031304655e-09,1.6693061863359837e-12,0.1261129984859806
pal1,1% PAL,atmos,PTZ_mixingratios_out.dist,172.6678,0.25,288.2,0.984,1.138e-08,281423332411.4287
pal1,1% PAL,atmos,PTZ_mixingratios_out.dist,172.6678,0.75,285.6,0.9273,1.222e-08,287375658814.3594
pal1,1% PAL,atmos,PTZ_mixingratios_out.dist,172.6678,1.25,282.2,0.8733,1.356e-08,303936499704.0322
pal1,1% PAL,atmos,PTZ_mixingratios_out.dist,172.6678,1.75,279.2,0.8219,1.54e-08,328353012155.62836
pal1,1% PAL,atmos,PTZ_mixingratios_out.dist,172.6678,2.25,276.8,0.773,1.777e-08,359432673526.491
pal1,1% PAL,atmos,PTZ_mixingratios_out.dist,172.6678,2.75,274.6,0.7267,2.069e-08,396580937673.66516
pal1,1% PAL,atmos,PTZ_mixingratios_out.dist,172.6678,3.25,272.1,0.6828,2.418e-08,439478855158.95886
pal1,1% PAL,atmos,PTZ_mixingratios_out.dist,172.6678,3.75,269.5,0.6411,2.824e-08,486573460314.69147
pal1,1% PAL,atmos,PTZ_mixingratios_out.dist,172.6678,4.25,266.7,0.6016,3.284e-08,536543178443.36475
pal1,1% PAL,atmos,PTZ_mixingratios_out.dist,172.6678,4.75,263.8,0.5642,3.795e-08,587877431680.9401
pal1,1% PAL,atmos,PTZ_mixingratios_out.dist,172.6678,5.25,260.8,0.5287,4.357e-08,639743674694.9631
pal1,1% PAL,atmos,PTZ_mixingratios_out.dist,172.6678,5.75,257.7,0.495,4.97e-08,691454944316.477
pal1,1% PAL,atmos,PTZ_mixingratios_out.dist,172.6678,6.25,254.3,0.4631,5.633e-08,742993286110.6788
pal1,1% PAL,atmos,PTZ_mixingratios_out.dist,172.6678,6.75,250.9,0.4329,6.348e-08,793305672866.7632
pal1,1% PAL,atmos,PTZ_mixingratios_out.dist,172.6678,7.25,247.4,0.4043,7.121e-08,842872237185.9501
pal1,1% PAL,atmos,PTZ_mixingratios_out.dist,172.6678,7.75,243.8,0.3772,7.956e-08,891557739792.5123
pal1,1% PAL,atmos,PTZ_mixingratios_out.dist,172.6678,8.25,240.2,0.3516,8.867e-08,940089688564.082
pal1,1% PAL,atmos,PTZ_mixingratios_out.dist,172.6678,8.75,236.5,0.3273,9.869e-08,989246965000.498
pal1,1% PAL,atmos,PTZ_mixingratios_out.dist,172.6678,9.25,232.9,0.3044,1.098e-07,1039427534195.209
pal1,1% PAL,atmos,PTZ_mixingratios_out.dist,172.6678,9.75,229.3,0.2828,1.224e-07,1093385941478.3137
pal1,1% PAL,atmos,PTZ_mixingratios_out.dist,172.6678,10.25,225.8,0.2624,1.366e-07,1149760302487.3887
pal1,1% PAL,atmos,PTZ_mixingratios_out.dist,172.6678,10.75,222.6,0.2432,1.527e-07,1208353946921.7822
pal1,1% PAL,atmos,PTZ_mixingratios_out.dist,172.6678,11.25,219.5,0.2252,1.709e-07,1269967601367.9421
pal1,1% PAL,atmos,PTZ_mixingratios_out.dist,172.6678,11.75,216.9,0.2083,1.914e-07,1331338124366.987
pal1,1% PAL,atmos,PTZ_mixingratios_out.dist,172.6678,12.25,214.4,0.1925,2.142e-07,1392971197635.877
pal1,1% PAL,atmos,PTZ_mixingratios_out.dist,172.6678,12.75,212.4,0.1777,2.393e-07,1450081231005.557
pal1,1% PAL,atmos,PTZ_mixingratios_out.dist,172.6678,13.25,210.4,0.164,2.665e-07,1504568770789.1672
pal1,1% PAL,atmos,PTZ_mixingratios_out.dist,172.6678,13.75,208.7,0.1512,2.957e-07,1551662927153.1492
pal1,1% PAL,atmos,PTZ_mixingratios_out.dist,172.6678,14.25,207.1,0.1393,3.273e-07,1594533838778.616
pal1,1% PAL,atmos,PTZ_mixingratios_out.dist,172.6678,14.75,205.5,0.1283,3.618e-07,1636063327522.268
pal1,1% PAL,atmos,PTZ_mixingratios_out.dist,172.6678,15.25,204.0,0.1181,4.008e-07,1680599230549.418
pal1,1% PAL,atmos,PTZ_mixingratios_out.dist,172.6678,15.75,202.6,0.1086,4.466e-07,1733907081369.8335
pal1,1% PAL,atmos,PTZ_mixingratios_out.dist,172.6678,16.25,201.3,0.09984,5.031e-07,1807306589703.4731
pal1,1% PAL,atmos,PTZ_mixingratios_out.dist,172.6678,16.75,200.2,0.09173,5.761e-07,1911885647252.1306
pal1,1% PAL,atmos,PTZ_mixingratios_out.dist,172.6678,17.25,199.2,0.08425,6.728e-07,2061025075044.665
pal1,1% PAL,atmos,PTZ_mixingratios_out.dist,172.6678,17.75,198.4,0.07735,8.012e-07,2262436028507.3037
pal1,1% PAL,atmos,PTZ_mixingratios_out.dist,172.6678,18.25,197.6,0.07099,9.662e-07,2514166216666.5776
pal1,1% PAL,atmos,PTZ_mixingratios_out.dist,172.6678,18.75,196.9,0.06514,1.165e-06,2791545306339.711
pal1,1% PAL,atmos,PTZ_mixingratios_out.dist,172.6678,19.25,196.3,0.05975,1.383e-06,3048993562735.9736
pal1,1% PAL,atmos,PTZ_mixingratios_out.dist,172.6678,19.75,195.8,0.05479,1.604e-06,3250945540022.5684
pal1,1% PAL,atmos,PTZ_mixingratios_out.dist,172.6678,20.25,195.4,0.05024,1.817e-06,3383737901560.1914
pal1,1% PAL,atmos,PTZ_mixingratios_out.dist,172.6678,20.75,195.1,0.04605,2.014e-06,3443091376827.1016
pal1,1% PAL,atmos,PTZ_mixingratios_out.dist,172.6678,21.25,195.0,0.04222,2.197e-06,3445326557775.8477
pal1,1% PAL,atmos,PTZ_mixingratios_out.dist,172.6678,21.75,195.0,0.0387,2.368e-06,3403884137654.994
pal1,1% PAL,atmos,PTZ_mixingratios_out.dist,172.6678,22.25,195.1,0.03548,2.526e-06,3327180831442.2207
pal1,1% PAL,atmos,PTZ_mixingratios_out.dist,172.6678,22.75,195.4,0.03252,2.669e-06,3217297849302.6562
pal1,1% PAL,atmos,PTZ_mixingratios_out.dist,172.6678,23.25,195.6,0.02982,2.791e-06,3081877289264.6953
pal1,1% PAL,atmos,PTZ_mixingratios_out.dist,172.6678,23.75,195.9,0.02735,2.883e-06,2915306724544.5303
pal1,1% PAL,atmos,PTZ_mixingratios_out.dist,172.6678,24.25,196.2,0.02508,2.934e-06,2716472769577.233
pal1,1% PAL,atmos,PTZ_mixingratios_out.dist,172.6678,24.75,196.4,0.02301,2.929e-06,2485485444808.941
pal1,1% PAL,atmos,PTZ_mixingratios_out.dist,172.6678,25.25,196.5,0.0211,2.856e-06,2221236600760.2607
pal1,1% PAL,atmos,PTZ_mixingratios_out.dist,172.6678,25.75,196.6,0.01936,2.709e-06,1932179908429.0613
pal1,1% PAL,atmos,PTZ_mixingratios_out.dist,172.6678,26.25,196.5,0.01776,2.489e-06,1629378647288.3406
pal1,1% PAL,atmos,PTZ_mixingratios_out.dist,172.6678,26.75,196.4,0.01629,2.207e-06,1325863000416.4087
pal1,1% PAL,atmos,PTZ_mixingratios_out.dist,172.6678,27.25,196.0,0.01495,1.89e-06,1044151803142.6833
pal1,1% PAL,atmos,PTZ_mixingratios_out.dist,172.6678,27.75,195.6,0.01371,1.571e-06,797556587895.6002
pal1,1% PAL,atmos,PTZ_mixingratios_out.dist,172.6678,28.25,195.1,0.01257,1.282e-06,598250059936.6946
pal1,1% PAL,atmos,PTZ_mixingratios_out.dist,172.6678,28.75,194.4,0.01152,1.04e-06,446381590321.8676
pal1,1% PAL,atmos,PTZ_mixingratios_out.dist,172.6678,29.25,193.7,0.01056,8.496e-07,335479138071.8357
pal1,1% PAL,atmos,PTZ_mixingratios_out.dist,172.6678,29.75,192.7,0.009675,7.056e-07,256592848793.14685
pal1,1% PAL,atmos,PTZ_mixingratios_out.dist,172.6678,30.25,191.8,0.00886,5.97e-07,199745115260.43726
pal1,1% PAL,atmos,PTZ_mixingratios_out.dist,172.6678,30.75,190.6,0.008109,5.148e-07,158635236235.14932
pal1,1% PAL,atmos,PTZ_mixingratios_out.dist,172.6678,31.25,189.4,0.007419,4.511e-07,127983782335.84702
pal1,1% PAL,atmos,PTZ_mixingratios_out.dist,172.6678,31.75,188.2,0.006783,4.004e-07,104523269031.47519
pal1,1% PAL,atmos,PTZ_mixingratios_out.dist,172.6678,32.25,186.7,0.006198,3.593e-07,86393523841.18192
pal1,1% PAL,atmos,PTZ_mixingratios_out.dist,172.6678,32.75,185.3,0.005659,3.25e-07,71889316237.65634
pal1,1% PAL,atmos,PTZ_mixingratios_out.dist,172.6678,33.25,183.9,0.005164,2.956e-07,60120924657.81289
pal1,1% PAL,atmos,PTZ_mixingratios_out.dist,172.6678,33.75,182.5,0.004709,2.7e-07,50459890428.54047
pal1,1% PAL,atmos,PTZ_mixingratios_out.dist,172.6678,34.25,181.2,0.004291,2.474e-07,42434269846.70294
pal1,1% PAL,atmos,PTZ_mixingratios_out.dist,172.6678,34.75,180.1,0.003908,2.267e-07,35629446827.730515
pal1,1% PAL,atmos,PTZ_mixingratios_out.dist,172.6678,35.25,179.0,0.003557,2.08e-07,29937179855.39235
pal1,1% PAL,atmos,PTZ_mixingratios_out.dist,172.6678,35.75,178.1,0.003236,1.907e-07,25096433289.696342
pal1,1% PAL,atmos,PTZ_mixingratios_out.dist,172.6678,36.25,177.3,0.002942,1.743e-07,20948263940.791992
pal1,1% PAL,atmos,PTZ_mixingratios_out.dist,172.6678,36.75,176.5,0.002674,1.58e-07,17337660619.052345
pal1,1% PAL,atmos,PTZ_mixingratios_out.dist,172.6678,37.25,176.0,0.00243,1.405e-07,14050333970.078236
pal1,1% PAL,atmos,PTZ_mixingratios_out.dist,172.6678,37.75,175.5,0.002207,1.234e-07,11239761331.203835
pal1,1% PAL,atmos,PTZ_mixingratios_out.dist,172.6678,38.25,175.2,0.002005,1.071e-07,8877413785.656908
pal1,1% PAL,atmos,PTZ_mixingratios_out.dist,172.6678,38.75,175.2,0.001821,9.219e-08,6940270159.029934
pal1,1% PAL,atmos,PTZ_mixingratios_out.dist,172.6678,39.25,175.1,0.001653,7.916e-08,5412640843.062178
pal1,1% PAL,atmos,PTZ_mixingratios_out.dist,172.6678,39.75,175.2,0.001502,6.787e-08,4214348026.274494
pal1,1% PAL,atmos,PTZ_mixingratios_out.dist,172.6678,40.25,175.3,0.001364,5.841e-08,3291822260.675072
pal1,1% PAL,atmos,PTZ_mixingratios_out.dist,172.6678,40.75,175.4,0.001239,5.06e-08,2588862301.883108
pal1,1% PAL,atmos,PTZ_mixingratios_out.dist,172.6678,41.25,175.5,0.001125,4.419e-08,2051710686.5628464
pal1,1% PAL,atmos,PTZ_mixingratios_out.dist,172.6678,41.75,175.6,0.001022,3.889e-08,1639385330.7682567
pal1,1% PAL,atmos,PTZ_mixingratios_out.dist,172.6678,42.25,175.7,0.0009286,3.452e-08,1321430791.00535
pal1,1% PAL,atmos,PTZ_mixingratios_out.dist,172.6678,42.75,175.7,0.0008437,3.088e-08,1074014875.634282
pal1,1% PAL,atmos,PTZ_mixingratios_out.dist,172.6678,43.25,175.7,0.0007665,2.781e-08,878735362.573394
pal1,1% PAL,atmos,PTZ_mixingratios_out.dist,172.6678,43.75,175.6,0.0006964,2.521e-08,724142127.9294004
pal1,1% PAL,atmos,PTZ_mixingratios_out.dist,172.6678,44.25,175.6,0.0006327,2.298e-08,599708306.933682
pal1,1% PAL,atmos,PTZ_mixingratios_out.dist,172.6678,44.75,175.5,0.0005748,2.104e-08,499116688.7927034
pal1,1% PAL,atmos,PTZ_mixingratios_out.dist,172.6678,45.25,175.4,0.0005222,1.937e-08,417689556.2789681
pal1,1% PAL,atmos,PTZ_mixingratios_out.dist,172.6678,45.75,175.3,0.0004744,1.792e-08,351250933.33453125
pal1,1% PAL,atmos,PTZ_mixingratios_out.dist,172.6678,46.25,175.2,0.0004309,1.664e-08,296423363.9430197
pal1,1% PAL,atmos,PTZ_mixingratios_out.dist,172.6678,46.75,175.1,0.0003914,1.553e-08,251433330.60798815
pal1,1% PAL,atmos,PTZ_mixingratios_out.dist,172.6678,47.25,175.0,0.0003556,1.457e-08,214437123.4108017
pal1,1% PAL,atmos,PTZ_mixingratios_out.dist,172.6678,47.75,174.8,0.0003229,1.373e-08,183701994.3724837
pal1,1% PAL,atmos,PTZ_mixingratios_out.dist,172.6678,48.25,174.7,0.0002933,1.3e-08,158080837.32460567
pal1,1% PAL,atmos,PTZ_mixingratios_out.dist,172.6678,48.75,174.5,0.0002663,1.239e-08,136950543.0942208
pal1,1% PAL,atmos,PTZ_mixingratios_out.dist,172.6678,49.25,174.3,0.0002418,1.187e-08,119268661.58428131
pal1,1% PAL,atmos,PTZ_mixingratios_out.dist,172.6678,49.75,174.1,0.0002196,1.144e-08,104514442.05449669
pal1,1% PAL,atmos,PTZ_mixingratios_out.dist,172.6678,50.25,173.9,0.0001994,1.11e-08,92186063.03606552
pal1,1% PAL,atmos,PTZ_mixingratios_out.dist,172.6678,50.75,173.6,0.000181,1.085e-08,81936103.9627016
pal1,1% PAL,atmos,PTZ_mixingratios_out.dist,172.6678,51.25,173.4,0.0001643,1.069e-08,73363981.52448379
pal1,1% PAL,atmos,PTZ_mixingratios_out.dist,172.6678,51.75,173.2,0.0001491,1.063e-08,66279578.45784467
pal1,1% PAL,atmos,PTZ_mixingratios_out.dist,172.6678,52.25,173.0,0.0001353,1.069e-08,60554457.2639766
pal1,1% PAL,atmos,PTZ_mixingratios_out.dist,172.6678,52.75,172.9,0.0001228,1.087e-08,55917743.156441085
pal1,1% PAL,atmos,PTZ_mixingratios_out.dist,172.6678,53.25,172.7,0.0001114,1.122e-08,52420653.10806269
pal1,1% PAL,atmos,PTZ_mixingratios_out.dist,172.6678,53.75,172.6,0.0001011,1.176e-08,49892400.88909872
pal1,1% PAL,atmos,PTZ_mixingratios_out.dist,172.6678,54.25,172.5,9.169e-05,1.251e-08,48162264.70934731
pal1,1% PAL,atmos,PTZ_mixingratios_out.dist,172.6678,54.75,172.4,8.318e-05,1.357e-08,47421820.19549537
pal1,1% PAL,atmos,PTZ_mixingratios_out.dist,172.6678,55.25,172.5,7.547e-05,1.526e-08,48356682.83329176
pal1,1% PAL,atmos,PTZ_mixingratios_out.dist,172.6678,55.75,172.7,6.847e-05,1.824e-08,52378076.01676052
pal1,1% PAL,atmos,PTZ_mixingratios_out.dist,172.6678,56.25,172.8,6.213e-05,2.317e-08,60339313.75349161
pal1,1% PAL,atmos,PTZ_mixingratios_out.dist,172.6678,56.75,172.9,5.638e-05,3.058e-08,72224455.5459377
pal1,1% PAL,atmos,PTZ_mixingratios_out.dist,172.6678,57.25,173.0,5.117e-05,4.068e-08,87149916.5151354
pal1,1% PAL,atmos,PTZ_mixingratios_out.dist,172.6678,57.75,173.4,4.645e-05,5.31e-08,103026243.15432458
pal1,1% PAL,atmos,PTZ_mixingratios_out.dist,172.6678,58.25,173.8,4.217e-05,6.77e-08,118975959.22311284
pal1,1% PAL,atmos,PTZ_mixingratios_out.dist,172.6678,58.75,174.2,3.829e-05,8.393e-08,133619904.21983938
pal1,1% PAL,atmos,PTZ_mixingratios_out.dist,172.6678,59.25,174.6,3.478e-05,1.01e-07,145721431.66858366
pal1,1% PAL,atmos,PTZ_mixingratios_out.dist,172.6678,59.75,175.0,3.16e-05,1.181e-07,154459864.26880196
pal1,1% PAL,atmos,PTZ_mixingratios_out.dist,172.6678,60.25,175.7,2.872e-05,1.333e-07,157819092.15887788
pal1,1% PAL,atmos,PTZ_mixingratios_out.dist,172.6678,60.75,176.3,2.611e-05,1.463e-07,156933479.14592895
pal1,1% PAL,atmos,PTZ_mixingratios_out.dist,172.6678,61.25,177.0,2.375e-05,1.566e-07,152194452.49594054
pal1,1% PAL,atmos,PTZ_mixingratios_out.dist,172.6678,61.75,177.6,2.161e-05,1.637e-07,144270388.79397875
pal1,1% PAL,atmos,PTZ_mixingratios_out.dist,172.6678,62.25,178.2,1.967e-05,1.673e-07,133754782.19668645
pal1,1% PAL,atmos,PTZ_mixingratios_out.dist,172.6678,62.75,179.0,1.791e-05,1.672e-07,121170122.0377004
pal1,1% PAL,atmos,PTZ_mixingratios_out.dist,172.6678,63.25,179.7,1.631e-05,1.638e-07,107680359.96272066
pal1,1% PAL,atmos,PTZ_mixingratios_out.dist,172.6678,63.75,180.5,1.486e-05,1.578e-07,94094734.10984008
pal1,1% PAL,atmos,PTZ_mixingratios_out.dist,172.6678,64.25,181.3,1.355e-05,1.496e-07,80982243.09792718
pal1,1% PAL,atmos,PTZ_mixingratios_out.dist,172.6678,64.75,182.0,1.235e-05,1.398e-07,68709922.44537584
pal1,1% PAL,atmos,PTZ_mixingratios_out.dist,172.6678,65.25,182.8,1.127e-05,1.288e-07,57514891.5196453
pal1,1% PAL,atmos,PTZ_mixingratios_out.dist,172.6678,65.75,183.6,1.029e-05,1.17e-07,47494714.01620883
pal1,1% PAL,atmos,PTZ_mixingratios_out.dist,172.6678,66.25,184.4,9.393e-06,1.051e-07,38775985.02281902
pal1,1% PAL,atmos,PTZ_mixingratios_out.dist,172.6678,66.75,185.2,8.58e-06,9.339e-08,31337431.54162886
pal1,1% PAL,atmos,PTZ_mixingratios_out.dist,172.6678,67.25,185.9,7.84e-06,8.211e-08,25081265.320735753
pal1,1% PAL,atmos,PTZ_mixingratios_out.dist,172.6678,67.75,186.7,7.167e-06,7.147e-08,19871634.288345482
pal1,1% PAL,atmos,PTZ_mixingratios_out.dist,172.6678,68.25,187.6,6.555e-06,6.149e-08,15561844.535395186
pal1,1% PAL,atmos,PTZ_mixingratios_out.dist,172.6678,68.75,188.5,5.997e-06,5.246e-08,12088368.70519316
pal1,1% PAL,atmos,PTZ_mixingratios_out.dist,172.6678,69.25,189.4,5.49e-06,4.443e-08,9327932.620653741
pal1,1% PAL,atmos,PTZ_mixingratios_out.dist,172.6678,69.75,190.3,5.027e-06,3.736e-08,7148150.40260219
pal1,1% PAL,atmos,PTZ_mixingratios_out.dist,172.6678,70.25,191.2,4.606e-06,3.122e-08,5447354.785494715
pal1,1% PAL,atmos,PTZ_mixingratios_out.dist,172.6678,70.75,192.5,4.222e-06,2.568e-08,4079427.618705161
pal1,1% PAL,atmos,PTZ_mixingratios_out.dist,172.6678,71.25,194.1,3.872e-06,2.086e-08,3013983.251637832
pal1,1% PAL,atmos,PTZ_mixingratios_out.dist,172.6678,71.75,195.7,3.554e-06,1.688e-08,2220320.953359321
pal1,1% PAL,atmos,PTZ_mixingratios_out.dist,172.6678,72.25,197.3,3.265e-06,1.362e-08,1632487.728175033
pal1,1% PAL,atmos,PTZ_mixingratios_out.dist,172.6678,72.75,198.9,3.001e-06,1.096e-08,1197728.7758886295
pal1,1% PAL,atmos,PTZ_mixingratios_out.dist,172.6678,73.25,200.5,2.76e-06,8.8e-09,877392.8573245762
pal1,1% PAL,atmos,PTZ_mixingratios_out.dist,172.6678,73.75,203.2,2.541e-06,6.87e-09,622234.9710543238
pal1,1% PAL,atmos,PTZ_mixingratios_out.dist,172.6678,74.25,206.2,2.342e-06,5.32e-09,437649.6438718159
pal1,1% PAL,atmos,PTZ_mixingratios_out.dist,172.6678,74.75,209.2,2.161e-06,4.123e-09,308477.2487223902
pal1,1% PAL,atmos,PTZ_mixingratios_out.dist,172.6678,75.25,212.2,1.997e-06,3.199e-09,218053.7915814372
pal1,1% PAL,atmos,PTZ_mixingratios_out.dist,172.6678,75.75,215.2,1.847e-06,2.486e-09,154540.5558838781
pal1,1% PAL,atmos,PTZ_mixingratios_out.dist,172.6678,76.25,218.2,1.71e-06,1.934e-09,109777.80711464831
pal1,1% PAL,atmos,PTZ_mixingratios_out.dist,172.6678,76.75,222.3,1.585e-06,1.473e-09,76069.27340823654
pal1,1% PAL,atmos,PTZ_mixingratios_out.dist,172.6678,77.25,226.9,1.472e-06,1.112e-09,52251.02552123035
pal1,1% PAL,atmos,PTZ_mixingratios_out.dist,172.6678,77.75,231.4,1.369e-06,8.423e-10,36093.05235907139
pal1,1% PAL,atmos,PTZ_mixingratios_out.dist,172.6678,78.25,236.0,1.274e-06,6.405e-10,25043.399204139947
pal1,1% PAL,atmos,PTZ_mixingratios_out.dist,172.6678,78.75,240.6,1.188e-06,4.891e-10,17491.827983048246
pal1,1% PAL,atmos,PTZ_mixingratios_out.dist,172.6678,79.25,245.2,1.11e-06,3.75e-10,12295.621848701536
pal1,1% PAL,atmos,PTZ_mixingratios_out.dist,172.6678,79.75,249.8,1.037e-06,2.885e-10,8674.588001004744
pal1,1% PAL,atmos,PTZ_mixingratios_out.dist,172.6678,80.25,255.4,9.712e-07,2.184e-10,6015.2977901130325
pal1,1% PAL,atmos,PTZ_mixingratios_out.dist,172.6678,80.75,261.3,9.105e-07,1.653e-10,4171.863702439432
pal1,1% PAL,atmos,PTZ_mixingratios_out.dist,172.6678,81.25,267.2,8.549e-07,1.257e-10,2912.93543269547
pal1,1% PAL,atmos,PTZ_mixingratios_out.dist,172.6678,81.75,273.0,8.038e-07,9.618e-11,2051.1000484331867
pal1,1% PAL,atmos,PTZ_mixingratios_out.dist,172.6678,82.25,278.9,7.568e-07,7.397e-11,1453.8009394094324
pal1,1% PAL,atmos,PTZ_mixingratios_out.dist,172.6678,82.75,284.8,7.134e-07,5.719e-11,1037.5999303079748
pal1,1% PAL,atmos,PTZ_mixingratios_out.dist,172.6678,83.25,290.7,6.733e-07,4.445e-11,745.679262310245
pal1,1% PAL,atmos,PTZ_mixingratios_out.dist,172.6678,83.75,296.5,6.362e-07,3.472e-11,539.591874147776
pal1,1% PAL,atmos,PTZ_mixingratios_out.dist,172.6678,84.25,302.9,6.019e-07,2.703e-11,389.03424584327394
pal1,1% PAL,atmos,PTZ_mixingratios_out.dist,172.6678,84.75,309.4,5.701e-07,2.112e-11,281.86513708476036
pal1,1% PAL,atmos,PTZ_mixingratios_out.dist,172.6678,85.25,315.9,5.406e-07,1.659e-11,205.63144094179137
pal1,1% PAL,atmos,PTZ_mixingratios_out.dist,172.6678,85.75,322.4,5.132e-07,1.31e-11,151.03570515414114
pal1,1% PAL,atmos,PTZ_mixingratios_out.dist,172.6678,86.25,328.9,4.877e-07,1.041e-11,111.8037393195576
pal1,1% PAL,atmos,PTZ_mixingratios_out.dist,172.6678,86.75,335.4,4.64e-07,8.309e-12,83.25693111582565
pal1,1% PAL,atmos,PTZ_mixingratios_out.dist,172.6678,87.25,341.9,4.418e-07,6.67e-12,62.42652522518143
pal1,1% PAL,atmos,PTZ_mixingratios_out.dist,172.6678,87.75,348.4,4.211e-07,5.383e-12,47.12465591908909
pal1,1% PAL,atmos,PTZ_mixingratios_out.dist,172.6678,88.25,354.9,4.017e-07,4.366e-12,35.79285005628703
pal1,1% PAL,atmos,PTZ_mixingratios_out.dist,172.6678,88.75,361.2,3.836e-07,3.566e-12,27.43019613835019
pal1,1% PAL,atmos,PTZ_mixingratios_out.dist,172.6678,89.25,367.3,3.666e-07,2.938e-12,21.23929226269406
pal1,1% PAL,atmos,PTZ_mixingratios_out.dist,172.6678,89.75,373.4,3.507e-07,2.433e-12,16.550849078788595
pal1,1% PAL,atmos,PTZ_mixingratios_out.dist,172.6678,90.25,379.5,3.356e-07,2.023e-12,12.95754637993466
pal1,1% PAL,atmos,PTZ_mixingratios_out.dist,172.6678,90.75,385.6,3.215e-07,1.689e-12,10.199768595206542
pal1,1% PAL,atmos,PTZ_mixingratios_out.dist,172.6678,91.25,391.7,3.082e-07,1.417e-12,8.07542950723167
pal1,1% PAL,atmos,PTZ_mixingratios_out.dist,172.6678,91.75,397.8,2.957e-07,1.193e-12,6.42308555364619
pal1,1% PAL,atmos,PTZ_mixingratios_out.dist,172.6678,92.25,403.9,2.839e-07,1.009e-12,5.136880028396303
pal1,1% PAL,atmos,PTZ_mixingratios_out.dist,172.6678,92.75,410.0,2.727e-07,8.567e-13,4.127116853086889
pal1,1% PAL,atmos,PTZ_mixingratios_out.dist,172.6678,93.25,416.1,2.622e-07,7.301e-13,3.332222843739648
pal1,1% PAL,atmos,PTZ_mixingratios_out.dist,172.6678,93.75,422.2,2.522e-07,6.245e-13,2.7019419445966837
pal1,1% PAL,atmos,PTZ_mixingratios_out.dist,172.6678,94.25,428.3,2.428e-07,5.366e-13,2.203271382859268
pal1,1% PAL,atmos,PTZ_mixingratios_out.dist,172.6678,94.75,433.5,2.338e-07,4.675e-13,1.8262227032501435
pal1,1% PAL,atmos,PTZ_mixingratios_out.dist,172.6678,95.25,438.6,2.253e-07,4.096e-13,1.523944776505358
pal1,1% PAL,atmos,PTZ_mixingratios_out.dist,172.6678,95.75,443.6,2.173e-07,3.6e-13,1.2772838086762193
pal1,1% PAL,atmos,PTZ_mixingratios_out.dist,172.6678,96.25,448.6,2.096e-07,3.173e-13,1.073788623667838
pal1,1% PAL,atmos,PTZ_mixingratios_out.dist,172.6678,96.75,453.7,2.023e-07,2.804e-13,0.9055695902242081
pal1,1% PAL,atmos,PTZ_mixingratios_out.dist,172.6678,97.25,458.7,1.953e-07,2.484e-13,0.7660230041831196
pal1,1% PAL,atmos,PTZ_mixingratios_out.dist,172.6678,97.75,463.7,1.887e-07,2.206e-13,0.6502150682007919
pal1,1% PAL,atmos,PTZ_mixingratios_out.dist,172.6678,98.25,468.7,1.824e-07,1.964e-13,0.5535898021452609
pal1,1% PAL,atmos,PTZ_mixingratios_out.dist,172.6678,98.75,473.8,1.764e-07,1.753e-13,0.4727180199026195
pal1,1% PAL,atmos,PTZ_mixingratios_out.dist,172.6678,99.25,478.8,1.706e-07,1.571e-13,0.40543177939164593
pal1,1% PAL,atmos,PTZ_mixingratios_out.dist,172.6678,99.75,483.8,1.651e-07,1.425e-13,0.35221900907036413
pal1,1% PAL,kasting,OUTPUT_PLOT.dat,103.4509,0.5,282.21590664863544,0.9554,8.308e-09,203712160000.00003
pal1,1% PAL,kasting,OUTPUT_PLOT.dat,103.4509,1.5,276.7253308319816,0.8455,9.583e-09,212071790000.0
pal1,1% PAL,kasting,OUTPUT_PLOT.dat,103.4509,2.5,272.1490582423454,0.7466,1.279e-08,254137300000.0
pal1,1% PAL,kasting,OUTPUT_PLOT.dat,103.4509,3.5,266.61589286239837,0.6578,1.854e-08,331309800000.0
pal1,1% PAL,kasting,OUTPUT_PLOT.dat,103.4509,4.5,260.6747794689336,0.578,2.708e-08,434904800000.0
pal1,1% PAL,kasting,OUTPUT_PLOT.dat,103.4509,5.5,254.30762637108262,0.5063,3.849e-08,555025800000.0
pal1,1% PAL,kasting,OUTPUT_PLOT.dat,103.4509,6.5,247.34688338779293,0.4419,5.258e-08,680385200000.0
pal1,1% PAL,kasting,OUTPUT_PLOT.dat,103.4509,7.5,240.1616539529026,0.3843,6.894e-08,799014599999.9999
pal1,1% PAL,kasting,OUTPUT_PLOT.dat,103.4509,8.5,232.82476238516728,0.3327,8.693e-08,899725500000.0
pal1,1% PAL,kasting,OUTPUT_PLOT.dat,103.4509,9.5,225.79173304350533,0.2868,1.068e-07,982560000000.0
pal1,1% PAL,kasting,OUTPUT_PLOT.dat,103.4509,10.5,219.46503866011133,0.2461,1.349e-07,1095657800000.0
pal1,1% PAL,kasting,OUTPUT_PLOT.dat,103.4509,11.5,214.3951880380978,0.2104,1.87e-07,1329196000000.0
pal1,1% PAL,kasting,OUTPUT_PLOT.dat,103.4509,12.5,210.3630982940606,0.1792,2.808e-07,1732536000000.0002
pal1,1% PAL,kasting,OUTPUT_PLOT.dat,103.4509,13.5,207.11686248458125,0.1523,4.204e-07,2239050400000.0
pal1,1% PAL,kasting,OUTPUT_PLOT.dat,103.4509,14.5,203.96053188586546,0.129,5.778e-07,2646901800000.0
pal1,1% PAL,kasting,OUTPUT_PLOT.dat,103.4509,15.5,201.27561979112463,0.1091,7.12e-07,2795312000000.0
pal1,1% PAL,kasting,OUTPUT_PLOT.dat,103.4509,16.5,199.1816891910978,0.09207,7.968e-07,2667686400000.0
pal1,1% PAL,kasting,OUTPUT_PLOT.dat,103.4509,17.5,197.57723369703834,0.07758,8.153e-07,2318713200000.0
pal1,1% PAL,kasting,OUTPUT_PLOT.dat,103.4509,18.5,196.3028414247598,0.06529,7.665e-07,1846498500000.0
pal1,1% PAL,kasting,OUTPUT_PLOT.dat,103.4509,19.5,195.36444797318487,0.05489,6.575e-07,1338012500000.0
pal1,1% PAL,kasting,OUTPUT_PLOT.dat,103.4509,20.5,194.93478990952246,0.04613,5.143e-07,881510200000.0
pal1,1% PAL,kasting,OUTPUT_PLOT.dat,103.4509,21.5,195.09210368429976,0.03876,3.786e-07,544805400000.0
pal1,1% PAL,kasting,OUTPUT_PLOT.dat,103.4509,22.5,195.66830797063065,0.03258,2.8e-07,337680000000.0
pal1,1% PAL,kasting,OUTPUT_PLOT.dat,103.4509,23.5,196.10414243032986,0.0274,2.166e-07,219199200000.0
pal1,1% PAL,kasting,OUTPUT_PLOT.dat,103.4509,24.5,196.49752952927125,0.02306,1.754e-07,149090000000.0
pal1,1% PAL,kasting,OUTPUT_PLOT.dat,103.4509,25.5,196.41267544195475,0.0194,1.471e-07,105235339999.99998
pal1,1% PAL,kasting,OUTPUT_PLOT.dat,103.4509,26.5,196.01874134393748,0.01633,1.264e-07,76269760000.0
pal1,1% PAL,kasting,OUTPUT_PLOT.dat,103.4509,27.5,195.06862531429599,0.01373,1.104e-07,56281920000.0
pal1,1% PAL,kasting,OUTPUT_PLOT.dat,103.4509,28.5,193.62728970540292,0.01153,9.757e-08,42081941000.0
pal1,1% PAL,kasting,OUTPUT_PLOT.dat,103.4509,29.5,191.7653233480665,0.009677,8.699e-08,31794845000.0
pal1,1% PAL,kasting,OUTPUT_PLOT.dat,103.4509,30.5,189.42074603278058,0.008102,7.804e-08,24176792000.0
pal1,1% PAL,kasting,OUTPUT_PLOT.dat,103.4509,31.5,186.7444741049835,0.006768,7.029e-08,18451125000.0
pal1,1% PAL,kasting,OUTPUT_PLOT.dat,103.4509,32.5,183.8951406571324,0.005639,6.339e-08,14078919000.0
pal1,1% PAL,kasting,OUTPUT_PLOT.dat,103.4509,33.5,181.11291269030448,0.004686,5.695e-08,10672430000.0
pal1,1% PAL,kasting,OUTPUT_PLOT.dat,103.4509,34.5,178.95481860241125,0.003884,5.045e-08,7930740000.0
pal1,1% PAL,kasting,OUTPUT_PLOT.dat,103.4509,35.5,177.24039808100733,0.003213,4.372e-08,5740436000.0
pal1,1% PAL,kasting,OUTPUT_PLOT.dat,103.4509,36.5,176.0333676700545,0.002654,3.586e-08,3915912000.0
pal1,1% PAL,kasting,OUTPUT_PLOT.dat,103.4509,37.5,175.19185038244623,0.002189,2.783e-08,2518615000.0
pal1,1% PAL,kasting,OUTPUT_PLOT.dat,103.4509,38.5,175.11117472514186,0.001806,2.113e-08,1578411000.0
pal1,1% PAL,kasting,OUTPUT_PLOT.dat,103.4509,39.5,175.27682591229387,0.001489,1.606e-08,988171800.0
pal1,1% PAL,kasting,OUTPUT_PLOT.dat,103.4509,40.5,175.57417680893616,0.001229,1.241e-08,629187000.0
pal1,1% PAL,kasting,OUTPUT_PLOT.dat,103.4509,41.5,175.6606578154623,0.001014,9.778e-09,408818180.0
pal1,1% PAL,kasting,OUTPUT_PLOT.dat,103.4509,42.5,175.64885612500169,0.0008369,7.839e-09,270523890.0
pal1,1% PAL,kasting,OUTPUT_PLOT.dat,103.4509,43.5,175.53402580451836,0.0006907,6.372e-09,181602000.0
pal1,1% PAL,kasting,OUTPUT_PLOT.dat,103.4509,44.5,175.41280761233472,0.0005701,5.24e-09,123349600.0
pal1,1% PAL,kasting,OUTPUT_PLOT.dat,103.4509,45.5,175.17189361157727,0.0004704,4.358e-09,84763100.0
pal1,1% PAL,kasting,OUTPUT_PLOT.dat,103.4509,46.5,174.9220197433163,0.0003881,3.668e-09,58944760.0
pal1,1% PAL,kasting,OUTPUT_PLOT.dat,103.4509,47.5,174.63849090632394,0.0003202,3.128e-09,41539840.0
pal1,1% PAL,kasting,OUTPUT_PLOT.dat,103.4509,48.5,174.30667422375012,0.000264,2.717e-09,29805490.0
pal1,1% PAL,kasting,OUTPUT_PLOT.dat,103.4509,49.5,173.8632525416753,0.0002176,2.416e-09,21901040.0
pal1,1% PAL,kasting,OUTPUT_PLOT.dat,103.4509,50.5,173.43277424224866,0.00017930000000000002,2.231e-09,16705727.999999998
pal1,1% PAL,kasting,OUTPUT_PLOT.dat,103.4509,51.5,173.02066071795178,0.00014769999999999999,2.173e-09,13435658.999999998
pal1,1% PAL,kasting,OUTPUT_PLOT.dat,103.4509,52.5,172.79678531498024,0.00012159999999999999,2.261e-09,11524317.0
pal1,1% PAL,kasting,OUTPUT_PLOT.dat,103.4509,53.5,172.58303943241992,0.0001001,2.522e-09,10594922.0
pal1,1% PAL,kasting,OUTPUT_PLOT.dat,103.4509,54.5,172.50753374813414,8.236e-05,3.039e-09,10508862.0
pal1,1% PAL,kasting,OUTPUT_PLOT.dat,103.4509,55.5,172.75618385250334,6.781e-05,6.317e-09,17959231.0
pal1,1% PAL,kasting,OUTPUT_PLOT.dat,103.4509,56.5,172.9886542410903,5.584e-05,1.909e-08,44632420.0
pal1,1% PAL,kasting,OUTPUT_PLOT.dat,103.4509,57.5,173.78597661530614,4.602e-05,3.919e-08,75166420.0
pal1,1% PAL,kasting,OUTPUT_PLOT.dat,103.4509,58.5,174.6779928773033,3.796e-05,6.174e-08,97178760.0
pal1,1% PAL,kasting,OUTPUT_PLOT.dat,103.4509,59.5,175.6924891429498,3.134e-05,8.189e-08,105801880.0
pal1,1% PAL,kasting,OUTPUT_PLOT.dat,103.4509,60.5,176.94419960014585,2.5920000000000003e-05,9.569e-08,101527090.0
pal1,1% PAL,kasting,OUTPUT_PLOT.dat,103.4509,61.5,178.25016889245032,2.146e-05,1.021e-07,89031200.0
pal1,1% PAL,kasting,OUTPUT_PLOT.dat,103.4509,62.5,179.76139875280342,1.7800000000000002e-05,1.009e-07,72365480.0
pal1,1% PAL,kasting,OUTPUT_PLOT.dat,103.4509,63.5,181.2275338193161,1.4779999999999999e-05,9.405e-08,55555335.0
pal1,1% PAL,kasting,OUTPUT_PLOT.dat,103.4509,64.5,182.78321162759747,1.23e-05,8.358e-08,40736892.0
pal1,1% PAL,kasting,OUTPUT_PLOT.dat,103.4509,65.5,184.40250320270533,1.025e-05,7.135e-08,28725510.0
pal1,1% PAL,kasting,OUTPUT_PLOT.dat,103.4509,66.5,185.9217491707366,8.553000000000001e-06,5.892e-08,19632144.0
pal1,1% PAL,kasting,OUTPUT_PLOT.dat,103.4509,67.5,187.66116724710676,7.151e-06,4.71e-08,12999600.0
pal1,1% PAL,kasting,OUTPUT_PLOT.dat,103.4509,68.5,189.42423764438024,5.989e-06,3.662e-08,8385980.0
pal1,1% PAL,kasting,OUTPUT_PLOT.dat,103.4509,69.5,191.2174664875699,5.024e-06,2.784e-08,5297952.0
pal1,1% PAL,kasting,OUTPUT_PLOT.dat,103.4509,70.5,194.12631636898874,4.2240000000000006e-06,2.024e-08,3189824.0
pal1,1% PAL,kasting,OUTPUT_PLOT.dat,103.4509,71.5,197.339081925158,3.561e-06,1.441e-08,1883387.0
pal1,1% PAL,kasting,OUTPUT_PLOT.dat,103.4509,72.5,200.4465461745974,3.011e-06,1.016e-08,1105408.0
pal1,1% PAL,kasting,OUTPUT_PLOT.dat,103.4509,73.5,206.21561921642515,2.555e-06,6.729e-09,603860.4600000001
pal1,1% PAL,kasting,OUTPUT_PLOT.dat,103.4509,74.5,212.20325240698068,2.1779999999999997e-06,4.418e-09,328434.12
pal1,1% PAL,kasting,OUTPUT_PLOT.dat,103.4509,75.5,218.18995335833387,1.865e-06,2.902e-09,179662.82
pal1,1% PAL,kasting,OUTPUT_PLOT.dat,103.4509,76.5,226.88142478564683,1.6060000000000002e-06,1.81e-09,92798.7
pal1,1% PAL,kasting,OUTPUT_PLOT.dat,103.4509,77.5,235.99927372938322,1.3899999999999998e-06,1.123e-09,47907.18
pal1,1% PAL,kasting,OUTPUT_PLOT.dat,103.4509,78.5,245.07814106287202,1.21e-06,7.033e-10,25150.008
pal1,1% PAL,kasting,OUTPUT_PLOT.dat,103.4509,79.5,255.25144014929364,1.059e-06,4.356e-10,13089.779999999999
pal1,1% PAL,kasting,OUTPUT_PLOT.dat,103.4509,80.5,267.0934876733424,9.326e-07,2.653e-10,6709.437
pal1,1% PAL,kasting,OUTPUT_PLOT.dat,103.4509,81.5,278.874634374578,8.255e-07,1.638e-10,3511.872
pal1,1% PAL,kasting,OUTPUT_PLOT.dat,103.4509,82.5,290.6687184141922,7.344e-07,1.027e-10,1879.41
pal1,1% PAL,kasting,OUTPUT_PLOT.dat,103.4509,83.5,302.8668881388667,6.565e-07,6.466e-11,1015.162
pal1,1% PAL,kasting,OUTPUT_PLOT.dat,103.4509,84.5,315.808514734137,5.895e-07,4.083e-11,552.0216
pal1,1% PAL,kasting,OUTPUT_PLOT.dat,103.4509,85.5,328.9335371844603,5.318e-07,2.615e-11,306.2165
pal1,1% PAL,kasting,OUTPUT_PLOT.dat,103.4509,86.5,341.9818235808652,4.816e-07,1.698e-11,173.196
pal1,1% PAL,kasting,OUTPUT_PLOT.dat,103.4509,87.5,354.81233294579437,4.3769999999999996e-07,1.118e-11,99.89330000000001
pal1,1% PAL,kasting,OUTPUT_PLOT.dat,103.4509,88.5,367.34638982023876,3.993e-07,7.515e-12,59.165594999999996
pal1,1% PAL,kasting,OUTPUT_PLOT.dat,103.4509,89.5,379.5520197259192,3.653e-07,5.13e-12,35.76123
pal1,1% PAL,kasting,OUTPUT_PLOT.dat,103.4509,90.5,391.66038727206353,3.3510000000000003e-07,3.543e-12,21.955971
pal1,1% PAL,kasting,OUTPUT_PLOT.dat,103.4509,91.5,403.87191356395505,3.0830000000000003e-07,2.473e-12,13.673217000000001
pal1,1% PAL,kasting,OUTPUT_PLOT.dat,103.4509,92.5,416.14157873974807,2.844e-07,1.743e-12,8.62785
pal1,1% PAL,kasting,OUTPUT_PLOT.dat,103.4509,93.5,428.28991198085805,2.629e-07,1.241e-12,5.517486
pal1,1% PAL,kasting,OUTPUT_PLOT.dat,103.4509,94.5,438.5040578457783,2.435e-07,9.119e-13,3.6676618
pal1,1% PAL,kasting,OUTPUT_PLOT.dat,103.4509,95.5,448.59176120170514,2.26e-07,6.767e-13,2.4692783
pal1,1% PAL,kasting,OUTPUT_PLOT.dat,103.4509,96.5,458.63414871006245,2.101e-07,5.051e-13,1.6759218000000002
pal1,1% PAL,kasting,OUTPUT_PLOT.dat,103.4509,97.5,468.64870424657903,1.956e-07,3.789e-13,1.1454147
pal1,1% PAL,kasting,OUTPUT_PLOT.dat,103.4509,98.5,478.66587758176865,1.8240000000000002e-07,2.858e-13,0.7888080000000001
pal1,1% PAL,kasting,OUTPUT_PLOT.dat,103.4509,99.5,488.79294096364447,1.704e-07,2.191e-13,0.5532275
pal1,1% PAL,photochem,Earth_1pc_48.2.txt,148.1953,0.5,285.61,1.00896,1.23738e-08,316608420600.0
pal1,1% PAL,photochem,Earth_1pc_48.2.txt,148.1953,1.5,279.152,0.896257,1.28825e-08,299577384500.0
pal1,1% PAL,photochem,Earth_1pc_48.2.txt,148.1953,2.5,274.644,0.794701,1.41194e-08,295914385200.0
pal1,1% PAL,photochem,Earth_1pc_48.2.txt,148.1953,3.5,269.485,0.703158,1.66129e-08,313963874520.0
pal1,1% PAL,photochem,Earth_1pc_48.2.txt,148.1953,4.5,263.754,0.620664,2.05822e-08,350805075020.0
pal1,1% PAL,photochem,Earth_1pc_48.2.txt,148.1953,5.5,257.652,0.546404,2.61176e-08,401171559520.0
pal1,1% PAL,photochem,Earth_1pc_48.2.txt,148.1953,6.5,250.923,0.479575,3.31824e-08,459347281440.0
pal1,1% PAL,photochem,Earth_1pc_48.2.txt,148.1953,7.5,243.829,0.419467,4.1587e-08,518186496100.0
pal1,1% PAL,photochem,Earth_1pc_48.2.txt,148.1953,8.5,236.514,0.365481,5.10394e-08,571253380560.0
pal1,1% PAL,photochem,Earth_1pc_48.2.txt,148.1953,9.5,229.31,0.317116,6.14174e-08,615181245360.0
pal1,1% PAL,photochem,Earth_1pc_48.2.txt,148.1953,10.5,222.634,0.273978,7.44655e-08,663737064425.0
pal1,1% PAL,photochem,Earth_1pc_48.2.txt,148.1953,11.5,216.933,0.235748,1.00983e-07,794854360110.0
pal1,1% PAL,photochem,Earth_1pc_48.2.txt,148.1953,12.5,212.39,0.202133,1.57958e-07,1088834506019.9999
pal1,1% PAL,photochem,Earth_1pc_48.2.txt,148.1953,13.5,208.731,0.172798,2.57432e-07,1543588015200.0
pal1,1% PAL,photochem,Earth_1pc_48.2.txt,148.1953,14.5,205.532,0.147343,4.02985e-07,2092447224450.0
pal1,1% PAL,photochem,Earth_1pc_48.2.txt,148.1953,15.5,202.644,0.125344,5.60214e-07,2509797934980.0
pal1,1% PAL,photochem,Earth_1pc_48.2.txt,148.1953,16.5,200.222,0.106406,7.10638e-07,2735380683220.0
pal1,1% PAL,photochem,Earth_1pc_48.2.txt,148.1953,17.5,198.392,0.0901738,8.36151e-07,2752692707100.0
pal1,1% PAL,photochem,Earth_1pc_48.2.txt,148.1953,18.5,196.946,0.0763162,9.35892e-07,2626711922880.0
pal1,1% PAL,photochem,Earth_1pc_48.2.txt,148.1953,19.5,195.813,0.0645199,1.01989e-06,2434008280600.0
pal1,1% PAL,photochem,Earth_1pc_48.2.txt,148.1953,20.5,195.148,0.0545068,1.09755e-06,2220376576500.0
pal1,1% PAL,photochem,Earth_1pc_48.2.txt,148.1953,21.5,195.043,0.0460338,1.17602e-06,2010382669600.0
pal1,1% PAL,photochem,Earth_1pc_48.2.txt,148.1953,22.5,195.386,0.0388833,1.25957e-06,1815556793700.0
pal1,1% PAL,photochem,Earth_1pc_48.2.txt,148.1953,23.5,195.915,0.0328575,1.34939e-06,1639158008600.0
pal1,1% PAL,photochem,Earth_1pc_48.2.txt,148.1953,24.5,196.367,0.0277788,1.44373e-06,1479274632600.0
pal1,1% PAL,photochem,Earth_1pc_48.2.txt,148.1953,25.5,196.554,0.023493,1.53566e-06,1329437754260.0
pal1,1% PAL,photochem,Earth_1pc_48.2.txt,148.1953,26.5,196.36,0.0198697,1.61362e-06,1182647915920.0
pal1,1% PAL,photochem,Earth_1pc_48.2.txt,148.1953,27.5,195.621,0.0167996,1.66319e-06,1034530791040.0
pal1,1% PAL,photochem,Earth_1pc_48.2.txt,148.1953,28.5,194.41,0.014193,1.66809e-06,882045957840.0
pal1,1% PAL,photochem,Earth_1pc_48.2.txt,148.1953,29.5,192.738,0.0119765,1.61797e-06,728196521960.0
pal1,1% PAL,photochem,Earth_1pc_48.2.txt,148.1953,30.5,190.638,0.0100899,1.51233e-06,579747168510.0
pal1,1% PAL,photochem,Earth_1pc_48.2.txt,148.1953,31.5,188.162,0.00848335,1.36731e-06,446497815120.0
pal1,1% PAL,photochem,Earth_1pc_48.2.txt,148.1953,32.5,185.31,0.0071154,1.20935e-06,336333537850.0
pal1,1% PAL,photochem,Earth_1pc_48.2.txt,148.1953,33.5,182.522,0.00595223,1.06114e-06,250642329139.99997
pal1,1% PAL,photochem,Earth_1pc_48.2.txt,148.1953,34.5,180.07,0.00496654,9.37141e-07,187211720429.0
pal1,1% PAL,photochem,Earth_1pc_48.2.txt,148.1953,35.5,178.058,0.00413486,8.30611e-07,139705447756.0
pal1,1% PAL,photochem,Earth_1pc_48.2.txt,148.1953,36.5,176.488,0.0034362,7.24502e-07,102169272040.0
pal1,1% PAL,photochem,Earth_1pc_48.2.txt,148.1953,37.5,175.524,0.00285186,6.14127e-07,72271693614.0
pal1,1% PAL,photochem,Earth_1pc_48.2.txt,148.1953,38.5,175.155,0.00236528,5.13673e-07,50241534253.200005
pal1,1% PAL,photochem,Earth_1pc_48.2.txt,148.1953,39.5,175.181,0.00196143,4.26802e-07,34612191073.2
pal1,1% PAL,photochem,Earth_1pc_48.2.txt,148.1953,40.5,175.437,0.00162686,3.5273e-07,23691216269.0
pal1,1% PAL,photochem,Earth_1pc_48.2.txt,148.1953,41.5,175.623,0.00134976,2.90851e-07,16190569936.2
pal1,1% PAL,photochem,Earth_1pc_48.2.txt,148.1953,42.5,175.673,0.00112007,2.39193e-07,11046052336.5
pal1,1% PAL,photochem,Earth_1pc_48.2.txt,148.1953,43.5,175.634,0.000929537,1.95579e-07,7497168922.8
pal1,1% PAL,photochem,Earth_1pc_48.2.txt,148.1953,44.5,175.52,0.000771397,1.5854e-07,5046692842.0
pal1,1% PAL,photochem,Earth_1pc_48.2.txt,148.1953,45.5,175.338,0.0006401,1.27102e-07,3360780243.2
pal1,1% PAL,photochem,Earth_1pc_48.2.txt,148.1953,46.5,175.113,0.000531067,1.0071e-07,2212175718.0
pal1,1% PAL,photochem,Earth_1pc_48.2.txt,148.1953,47.5,174.83,0.000440513,7.91212e-08,1443953987.8799999
pal1,1% PAL,photochem,Earth_1pc_48.2.txt,148.1953,48.5,174.474,0.000365297,6.19655e-08,939682021.3
pal1,1% PAL,photochem,Earth_1pc_48.2.txt,148.1953,49.5,174.076,0.000302819,4.85893e-08,612210603.21
pal1,1% PAL,photochem,Earth_1pc_48.2.txt,148.1953,50.5,173.65,0.000250929,3.82733e-08,400579839.78999996
pal1,1% PAL,photochem,Earth_1pc_48.2.txt,148.1953,51.5,173.209,0.000207846,3.0332e-08,263626331.52000004
pal1,1% PAL,photochem,Earth_1pc_48.2.txt,148.1953,52.5,172.862,0.000172095,2.41273e-08,173977617.386
pal1,1% PAL,photochem,Earth_1pc_48.2.txt,148.1953,53.5,172.636,0.000142456,1.92463e-08,115030323.52499999
pal1,1% PAL,photochem,Earth_1pc_48.2.txt,148.1953,54.5,172.428,0.0001179,1.54308e-08,76420728.384
pal1,1% PAL,photochem,Earth_1pc_48.2.txt,148.1953,55.5,172.661,9.75819e-05,1.22799e-08,50267402.253
pal1,1% PAL,photochem,Earth_1pc_48.2.txt,148.1953,56.5,172.894,8.07908e-05,9.80824e-09,33196282.5272
pal1,1% PAL,photochem,Earth_1pc_48.2.txt,148.1953,57.5,173.432,6.69202e-05,7.76589e-09,21703798.736399997
pal1,1% PAL,photochem,Earth_1pc_48.2.txt,148.1953,58.5,174.235,5.54739e-05,6.01665e-09,13874755.899
pal1,1% PAL,photochem,Earth_1pc_48.2.txt,148.1953,59.5,175.037,4.60281e-05,4.44349e-09,8463204.3587
pal1,1% PAL,photochem,Earth_1pc_48.2.txt,148.1953,60.5,176.318,3.82345e-05,3.40754e-09,5351984.5502
pal1,1% PAL,photochem,Earth_1pc_48.2.txt,148.1953,61.5,177.603,3.18054e-05,4.37907e-09,5680004.1156
pal1,1% PAL,photochem,Earth_1pc_48.2.txt,148.1953,62.5,178.98,2.64956e-05,7.79769e-09,8360839.171800001
pal1,1% PAL,photochem,Earth_1pc_48.2.txt,148.1953,63.5,180.494,2.21062e-05,1.16532e-08,10337437.188
pal1,1% PAL,photochem,Earth_1pc_48.2.txt,148.1953,64.5,182.009,1.84734e-05,1.47939e-08,10875617.2338
pal1,1% PAL,photochem,Earth_1pc_48.2.txt,148.1953,65.5,183.574,1.54622e-05,1.6815e-08,10258293.42
pal1,1% PAL,photochem,Earth_1pc_48.2.txt,148.1953,66.5,185.158,1.29627e-05,1.7701e-08,8975663.771
pal1,1% PAL,photochem,Earth_1pc_48.2.txt,148.1953,67.5,186.75,1.08845e-05,1.75869e-08,7424257.0742999995
pal1,1% PAL,photochem,Earth_1pc_48.2.txt,148.1953,68.5,188.548,9.15464e-06,1.65772e-08,5829720.501200001
pal1,1% PAL,photochem,Earth_1pc_48.2.txt,148.1953,69.5,190.347,7.71307e-06,1.50064e-08,4404273.3552
pal1,1% PAL,photochem,Earth_1pc_48.2.txt,148.1953,70.5,192.528,6.51055e-06,1.29632e-08,3175063.6128
pal1,1% PAL,photochem,Earth_1pc_48.2.txt,148.1953,71.5,195.722,5.50868e-06,1.05504e-08,2150772.8928
pal1,1% PAL,photochem,Earth_1pc_48.2.txt,148.1953,72.5,198.916,4.67403e-06,8.34693e-09,1420580.7105599998
pal1,1% PAL,photochem,Earth_1pc_48.2.txt,148.1953,73.5,203.208,3.97816e-06,6.26109e-09,887784.99546
pal1,1% PAL,photochem,Earth_1pc_48.2.txt,148.1953,74.5,209.223,3.39961e-06,4.41464e-09,519554.56696
pal1,1% PAL,photochem,Earth_1pc_48.2.txt,148.1953,75.5,215.237,2.91845e-06,3.07234e-09,301732.053528
pal1,1% PAL,photochem,Earth_1pc_48.2.txt,148.1953,76.5,222.278,2.51694e-06,2.0685e-09,169647.82065
pal1,1% PAL,photochem,Earth_1pc_48.2.txt,148.1953,77.5,231.44,2.18218e-06,1.32433e-09,90440.879494
pal1,1% PAL,photochem,Earth_1pc_48.2.txt,148.1953,78.5,240.602,1.90263e-06,8.49997e-10,48684.3431723
pal1,1% PAL,photochem,Earth_1pc_48.2.txt,148.1953,79.5,249.764,1.66755e-06,5.47912e-10,26495.818913600004
pal1,1% PAL,photochem,Earth_1pc_48.2.txt,148.1953,80.5,261.275,1.46934e-06,3.39721e-10,13837.7196046
pal1,1% PAL,photochem,Earth_1pc_48.2.txt,148.1953,81.5,273.031,1.30194e-06,2.11859e-10,7317.1649560999995
pal1,1% PAL,photochem,Earth_1pc_48.2.txt,148.1953,82.5,284.786,1.1596e-06,1.33621e-10,3940.7638941000005
pal1,1% PAL,photochem,Earth_1pc_48.2.txt,148.1953,83.5,296.541,1.03774e-06,8.52456e-11,2160.6776004
pal1,1% PAL,photochem,Earth_1pc_48.2.txt,148.1953,84.5,309.429,9.32917e-07,5.40279e-11,1179.82346067
pal1,1% PAL,photochem,Earth_1pc_48.2.txt,148.1953,85.5,322.41,8.42399e-07,3.4649e-11,655.7184654
pal1,1% PAL,photochem,Earth_1pc_48.2.txt,148.1953,86.5,335.391,7.63777e-07,2.2521e-11,371.46587819999996
pal1,1% PAL,photochem,Earth_1pc_48.2.txt,148.1953,87.5,348.372,6.95109e-07,1.48321e-11,214.35202599
pal1,1% PAL,photochem,Earth_1pc_48.2.txt,148.1953,88.5,361.232,6.3482e-07,9.9118e-12,126.16333748
pal1,1% PAL,photochem,Earth_1pc_48.2.txt,148.1953,89.5,373.435,5.81588e-07,6.7667e-12,76.32972934
pal1,1% PAL,photochem,Earth_1pc_48.2.txt,148.1953,90.5,385.638,5.34343e-07,4.67293e-12,46.897058187
pal1,1% PAL,photochem,Earth_1pc_48.2.txt,148.1953,91.5,397.841,4.92253e-07,3.2634e-12,29.24593812
pal1,1% PAL,photochem,Earth_1pc_48.2.txt,148.1953,92.5,410.044,4.5462e-07,2.30489e-12,18.5090964604
pal1,1% PAL,photochem,Earth_1pc_48.2.txt,148.1953,93.5,422.247,4.20859e-07,1.6472e-12,11.891416824
pal1,1% PAL,photochem,Earth_1pc_48.2.txt,148.1953,94.5,433.535,3.90448e-07,1.20509e-12,7.860946680800001
pal1,1% PAL,photochem,Earth_1pc_48.2.txt,148.1953,95.5,443.596,3.6291e-07,9.05944e-13,5.36820740976
pal1,1% PAL,photochem,Earth_1pc_48.2.txt,148.1953,96.5,453.656,3.37878e-07,6.90391e-13,3.72430044168
pal1,1% PAL,photochem,Earth_1pc_48.2.txt,148.1953,97.5,463.717,3.15075e-07,5.34181e-13,2.6288542716800003
pal1,1% PAL,photochem,Earth_1pc_48.2.txt,148.1953,98.5,473.777,2.94261e-07,4.20638e-13,1.89227369404
pal1,1% PAL,photochem,Earth_1pc_48.2.txt,148.1953,99.5,483.838,2.75223e-07,3.39172e-13,1.3974055986
pal1,1% PAL,vulcan,Earth_1pc_o2_1e12s_48.2SZA_WPT_1rtol.vul,115.8874,0.6125788667453451,286.71,1.0,4.85875222111083e-09,122743535566.42326
pal1,1% PAL,vulcan,Earth_1pc_o2_1e12s_48.2SZA_WPT_1rtol.vul,115.8874,1.822013696889725,279.68901518152126,0.8682540279894776,4.77073937975409e-09,107268894909.37384
pal1,1% PAL,vulcan,Earth_1pc_o2_1e12s_48.2SZA_WPT_1rtol.vul,115.8874,3.0044355868469586,274.37811657366666,0.753865057119951,5.39290572208233e-09,107320747347.9581
pal1,1% PAL,vulcan,Earth_1pc_o2_1e12s_48.2SZA_WPT_1rtol.vul,115.8874,4.162970105804032,268.4634955201468,0.6545463724049151,7.059116957001291e-09,124658608401.97662
pal1,1% PAL,vulcan,Earth_1pc_o2_1e12s_48.2SZA_WPT_1rtol.vul,115.8874,5.295306965130474,262.07241036463085,0.5683125243464682,9.971233320356055e-09,156614338286.0417
pal1,1% PAL,vulcan,Earth_1pc_o2_1e12s_48.2SZA_WPT_1rtol.vul,115.8874,6.399704519562105,255.32369851840767,0.493439638420688,1.4354019153834354e-08,200924615406.47577
pal1,1% PAL,vulcan,Earth_1pc_o2_1e12s_48.2SZA_WPT_1rtol.vul,115.8874,7.47479424433094,248.26876691543305,0.42843095362843375,2.0375410033202544e-08,254672368810.6032
pal1,1% PAL,vulcan,Earth_1pc_o2_1e12s_48.2SZA_WPT_1rtol.vul,115.8874,8.519796415959945,241.13527204050308,0.3719869012032607,2.803277852365671e-08,313220204709.4118
pal1,1% PAL,vulcan,Earth_1pc_o2_1e12s_48.2SZA_WPT_1rtol.vul,115.8874,9.534581227281103,234.00721304404377,0.32297912532905493,3.762290444316777e-08,376109450952.60284
pal1,1% PAL,vulcan,Earth_1pc_o2_1e12s_48.2SZA_WPT_1rtol.vul,115.8874,10.519955037598475,227.24691554003604,0.2804279265234697,5.0403177987894584e-08,450503221716.9951
pal1,1% PAL,vulcan,Earth_1pc_o2_1e12s_48.2SZA_WPT_1rtol.vul,115.8874,11.478437151974118,221.29933880897292,0.24348267676473978,7.0172407836271e-08,559205001871.655
pal1,1% PAL,vulcan,Earth_1pc_o2_1e12s_48.2SZA_WPT_1rtol.vul,115.8874,12.413987620878853,216.39591246110047,0.2114048148466453,1.0917060922018935e-07,772481829232.8341
pal1,1% PAL,vulcan,Earth_1pc_o2_1e12s_48.2SZA_WPT_1rtol.vul,115.8874,13.330899900474432,212.46040653867894,0.18355308202696916,1.7975071344746146e-07,1124788877299.7925
pal1,1% PAL,vulcan,Earth_1pc_o2_1e12s_48.2SZA_WPT_1rtol.vul,115.8874,14.232754743661665,209.234914722434,0.15937070281979893,2.855047740172497e-07,1575086551818.3997
pal1,1% PAL,vulcan,Earth_1pc_o2_1e12s_48.2SZA_WPT_1rtol.vul,115.8874,15.121974239983999,206.43594542144567,0.13837425466680442,4.104985724379358e-07,1992958900070.8535
pal1,1% PAL,vulcan,Earth_1pc_o2_1e12s_48.2SZA_WPT_1rtol.vul,115.8874,15.999996147890407,203.88682339654775,0.12014400398449446,5.454638475729239e-07,2328067835931.056
pal1,1% PAL,vulcan,Earth_1pc_o2_1e12s_48.2SZA_WPT_1rtol.vul,115.8874,16.867896116655306,201.5946012425435,0.10431551539832117,6.837169457750007e-07,2562495267459.244
pal1,1% PAL,vulcan,Earth_1pc_o2_1e12s_48.2SZA_WPT_1rtol.vul,115.8874,17.727151486274014,199.73928885032672,0.09057236642639072,8.148282812967197e-07,2676178190820.162
pal1,1% PAL,vulcan,Earth_1pc_o2_1e12s_48.2SZA_WPT_1rtol.vul,115.8874,18.579595590419345,198.3063586742215,0.07863982197425251,9.297897162460599e-07,2670590731365.1753
pal1,1% PAL,vulcan,Earth_1pc_o2_1e12s_48.2SZA_WPT_1rtol.vul,115.8874,19.426642396683473,197.11367066475844,0.06827934218952017,1.0268379593667022e-06,2576269044537.573
pal1,1% PAL,vulcan,Earth_1pc_o2_1e12s_48.2SZA_WPT_1rtol.vul,115.8874,20.269232773292334,196.12185322860327,0.059283813884522765,1.104440141978074e-06,2418070992460.732
pal1,1% PAL,vulcan,Earth_1pc_o2_1e12s_48.2SZA_WPT_1rtol.vul,115.8874,21.10830726978843,195.3696556202978,0.05147341019981531,1.160582795469955e-06,2214719230011.903
pal1,1% PAL,vulcan,Earth_1pc_o2_1e12s_48.2SZA_WPT_1rtol.vul,115.8874,21.94525252967749,195.02593669841553,0.0446919957403443,1.1924890102131624e-06,1979285663201.5386
pal1,1% PAL,vulcan,Earth_1pc_o2_1e12s_48.2SZA_WPT_1rtol.vul,115.8874,22.78176297877674,195.06471851854974,0.038804005320442515,1.1975545114272886e-06,1725479637715.1611
pal1,1% PAL,vulcan,Earth_1pc_o2_1e12s_48.2SZA_WPT_1rtol.vul,115.8874,23.619177297837975,195.34531574979232,0.033691733921599264,1.1733805630581047e-06,1465804220541.503
pal1,1% PAL,vulcan,Earth_1pc_o2_1e12s_48.2SZA_WPT_1rtol.vul,115.8874,24.458309882668612,195.76339295569574,0.029252983687378272,1.1177240856922122e-06,1209734349588.1433
pal1,1% PAL,vulcan,Earth_1pc_o2_1e12s_48.2SZA_WPT_1rtol.vul,115.8874,25.299489465914235,196.19658747548235,0.025399020917276666,1.0300470399543145e-06,965826911378.2234
pal1,1% PAL,vulcan,Earth_1pc_o2_1e12s_48.2SZA_WPT_1rtol.vul,115.8874,26.14237182701272,196.45361932496132,0.02205280221841442,9.152969317759157e-07,744187673111.626
pal1,1% PAL,vulcan,Earth_1pc_o2_1e12s_48.2SZA_WPT_1rtol.vul,115.8874,26.986178222554262,196.5235481515672,0.019147434354593606,7.853698636267948e-07,554226059710.0475
pal1,1% PAL,vulcan,Earth_1pc_o2_1e12s_48.2SZA_WPT_1rtol.vul,115.8874,27.830020902951034,196.36694966556794,0.01662483700404,6.576907877149374e-07,403299309237.73663
pal1,1% PAL,vulcan,Earth_1pc_o2_1e12s_48.2SZA_WPT_1rtol.vul,115.8874,28.672485589132087,195.7786229860551,0.01443458169342622,5.461647279079595e-07,291661630871.91864
pal1,1% PAL,vulcan,Earth_1pc_o2_1e12s_48.2SZA_WPT_1rtol.vul,115.8874,29.512137717958574,194.9549712390493,0.01253288369766049,4.5529763918656834e-07,211996558783.84924
pal1,1% PAL,vulcan,Earth_1pc_o2_1e12s_48.2SZA_WPT_1rtol.vul,115.8874,30.34793611995851,193.88333636066656,0.010881726752817377,3.835629148164414e-07,155923171363.7972
pal1,1% PAL,vulcan,Earth_1pc_o2_1e12s_48.2SZA_WPT_1rtol.vul,115.8874,31.178309208061524,192.33020415680258,0.009448103084614537,3.284253158056333e-07,116855854083.72612
pal1,1% PAL,vulcan,Earth_1pc_o2_1e12s_48.2SZA_WPT_1rtol.vul,115.8874,32.00196038887451,190.6576281466192,0.008203353560076381,2.848251213521765e-07,88763057279.2596
pal1,1% PAL,vulcan,Earth_1pc_o2_1e12s_48.2SZA_WPT_1rtol.vul,115.8874,32.818105732345636,188.74254319985633,0.00712259477155813,2.5023518211684935e-07,68396443711.9884
pal1,1% PAL,vulcan,Earth_1pc_o2_1e12s_48.2SZA_WPT_1rtol.vul,115.8874,33.62562766961595,186.55329255924363,0.00618422160014214,2.2232019855458693e-07,53379900975.19226
pal1,1% PAL,vulcan,Earth_1pc_o2_1e12s_48.2SZA_WPT_1rtol.vul,115.8874,34.42408746828648,184.43739031562478,0.00536947531430294,1.985501240991078e-07,41866799412.12299
pal1,1% PAL,vulcan,Earth_1pc_o2_1e12s_48.2SZA_WPT_1rtol.vul,115.8874,35.213545752503286,182.27950923715267,0.004662068569833589,1.7808177769427898e-07,32989596667.807312
pal1,1% PAL,vulcan,Earth_1pc_o2_1e12s_48.2SZA_WPT_1rtol.vul,115.8874,35.99455355014862,180.4225983645937,0.004047859814521157,1.5932631111332747e-07,25890399325.404015
pal1,1% PAL,vulcan,Earth_1pc_o2_1e12s_48.2SZA_WPT_1rtol.vul,115.8874,36.76831777250891,178.82798999544468,0.0035145705886947304,1.4206558085749312e-07,20222850154.778053
pal1,1% PAL,vulcan,Earth_1pc_o2_1e12s_48.2SZA_WPT_1rtol.vul,115.8874,37.53606249939837,177.54173804758915,0.003051540070287546,1.2596820217568803e-07,15681812557.058779
pal1,1% PAL,vulcan,Earth_1pc_o2_1e12s_48.2SZA_WPT_1rtol.vul,115.8874,38.29889330104974,176.46224116208484,0.0026495119575984556,1.1101305192654236e-07,12072712342.401878
pal1,1% PAL,vulcan,Earth_1pc_o2_1e12s_48.2SZA_WPT_1rtol.vul,115.8874,39.05799265685734,175.7262480742136,0.0023004494293911424,9.68568129550767e-08,9183811180.914946
pal1,1% PAL,vulcan,Earth_1pc_o2_1e12s_48.2SZA_WPT_1rtol.vul,115.8874,39.814607968314924,175.22662240190888,0.0019973744832549527,8.378214513685122e-08,6917156484.748767
pal1,1% PAL,vulcan,Earth_1pc_o2_1e12s_48.2SZA_WPT_1rtol.vul,115.8874,40.57009342255385,175.11943920014792,0.001734228440489514,7.176177528183143e-08,5147327932.084462
pal1,1% PAL,vulcan,Earth_1pc_o2_1e12s_48.2SZA_WPT_1rtol.vul,115.8874,41.32563878160486,175.1718440196758,0.0015057508289089293,6.108318368456055e-08,3803007580.372999
pal1,1% PAL,vulcan,Earth_1pc_o2_1e12s_48.2SZA_WPT_1rtol.vul,115.8874,42.081882241813915,175.36048666570113,0.0013073742223486725,5.169958071090834e-08,2791720359.8639235
pal1,1% PAL,vulcan,Earth_1pc_o2_1e12s_48.2SZA_WPT_1rtol.vul,115.8874,42.839044344054685,175.51491094210343,0.0011351329346438444,4.35380386591158e-08,2039474522.405622
pal1,1% PAL,vulcan,Earth_1pc_o2_1e12s_48.2SZA_WPT_1rtol.vul,115.8874,43.59699789396812,175.64434952083835,0.0009855837428080333,3.6411110435869446e-08,1479823737.0024688
pal1,1% PAL,vulcan,Earth_1pc_o2_1e12s_48.2SZA_WPT_1rtol.vul,115.8874,44.355465359772964,175.67,0.0008557370546140203,3.0221738999088596e-08,1066298761.0311128
pal1,1% PAL,vulcan,Earth_1pc_o2_1e12s_48.2SZA_WPT_1rtol.vul,115.8874,45.11416755776812,175.67,0.000742997144568474,2.4852502177341734e-08,761336026.7088774
pal1,1% PAL,vulcan,Earth_1pc_o2_1e12s_48.2SZA_WPT_1rtol.vul,115.8874,45.872882515949605,175.59283397643637,0.0006451102635562577,2.0311700147316017e-08,540493103.9402394
pal1,1% PAL,vulcan,Earth_1pc_o2_1e12s_48.2SZA_WPT_1rtol.vul,115.8874,46.63144424988465,175.51601058455913,0.0005601195848300737,1.653053977608532e-08,382091847.53389204
pal1,1% PAL,vulcan,Earth_1pc_o2_1e12s_48.2SZA_WPT_1rtol.vul,115.8874,47.38971273562777,175.37412098120407,0.0004863260856845048,1.347171245244704e-08,270583667.85899025
pal1,1% PAL,vulcan,Earth_1pc_o2_1e12s_48.2SZA_WPT_1rtol.vul,115.8874,48.147573549079766,175.2444595959265,0.00042225458281192714,1.1013744351710733e-08,192212569.36092925
pal1,1% PAL,vulcan,Earth_1pc_o2_1e12s_48.2SZA_WPT_1rtol.vul,115.8874,48.904889787096494,175.0394015621586,0.0003666242423634718,9.071988272207988e-09,137627289.29144937
pal1,1% PAL,vulcan,Earth_1pc_o2_1e12s_48.2SZA_WPT_1rtol.vul,115.8874,49.66150824672591,174.8390712767022,0.00031832297519067453,7.524899687356181e-09,99230899.13092545
pal1,1% PAL,vulcan,Earth_1pc_o2_1e12s_48.2SZA_WPT_1rtol.vul,115.8874,50.41735143920308,174.59842619961248,0.0002763852054108977,6.2939670085996685e-09,72163177.31136796
pal1,1% PAL,vulcan,Earth_1pc_o2_1e12s_48.2SZA_WPT_1rtol.vul,115.8874,51.17218947446285,174.29209550738534,0.00023997256787471085,5.310273295727498e-09,52956283.37974579
pal1,1% PAL,vulcan,Earth_1pc_o2_1e12s_48.2SZA_WPT_1rtol.vul,115.8874,51.92596686974112,174.02612264996236,0.00020835714866419578,4.505403833826322e-09,39070089.226252556
pal1,1% PAL,vulcan,Earth_1pc_o2_1e12s_48.2SZA_WPT_1rtol.vul,115.8874,52.678636762204384,173.69848919662016,0.0001809069335880904,3.850084537425859e-09,29043312.92464972
pal1,1% PAL,vulcan,Earth_1pc_o2_1e12s_48.2SZA_WPT_1rtol.vul,115.8874,53.430050264902206,173.36408564868216,0.00015707317377908425,3.3069682012616403e-09,21701493.4402722
pal1,1% PAL,vulcan,Earth_1pc_o2_1e12s_48.2SZA_WPT_1rtol.vul,115.8874,54.18028730677687,173.073738421211,0.00013637941582278108,2.849439417698978e-09,16262742.904507125
pal1,1% PAL,vulcan,Earth_1pc_o2_1e12s_48.2SZA_WPT_1rtol.vul,115.8874,54.92958662339075,172.84989433165592,0.00011841197712298146,2.4600957126652044e-09,12206614.680383692
pal1,1% PAL,vulcan,Earth_1pc_o2_1e12s_48.2SZA_WPT_1rtol.vul,115.8874,55.67819932157064,172.67570534619148,0.0001028116760992264,2.1281443759212615e-09,9177597.471580608
pal1,1% PAL,vulcan,Earth_1pc_o2_1e12s_48.2SZA_WPT_1rtol.vul,115.8874,56.42628238631375,172.5244650579306,8.926665189750274e-05,1.8453034040655667e-09,6915491.5794206
pal1,1% PAL,vulcan,Earth_1pc_o2_1e12s_48.2SZA_WPT_1rtol.vul,115.8874,57.17408373014035,172.46473072749663,7.75061300751413e-05,1.6004726568330983e-09,5209556.282448668
pal1,1% PAL,vulcan,Earth_1pc_o2_1e12s_48.2SZA_WPT_1rtol.vul,115.8874,57.92234314797981,172.65467398801354,6.729500963161782e-05,1.3834135094355495e-09,3905469.49143095
pal1,1% PAL,vulcan,Earth_1pc_o2_1e12s_48.2SZA_WPT_1rtol.vul,115.8874,58.6715483686371,172.81959298904684,5.842916317624275e-05,1.200980492628557e-09,2940961.6339039705
pal1,1% PAL,vulcan,Earth_1pc_o2_1e12s_48.2SZA_WPT_1rtol.vul,115.8874,59.421599004913595,172.96278457598598,5.073135627982722e-05,1.0445607869181037e-09,2219086.545398213
pal1,1% PAL,vulcan,Earth_1pc_o2_1e12s_48.2SZA_WPT_1rtol.vul,115.8874,60.17330551757874,173.50071407599137,4.404770443532926e-05,8.83177646327519e-10,1624002.8945656444
pal1,1% PAL,vulcan,Earth_1pc_o2_1e12s_48.2SZA_WPT_1rtol.vul,115.8874,60.92770536883417,174.1211924936075,3.8244596799664614e-05,7.27990015955542e-10,1158138.7540247424
pal1,1% PAL,vulcan,Earth_1pc_o2_1e12s_48.2SZA_WPT_1rtol.vul,115.8874,61.68480301792797,174.65992537898327,3.320602522014222e-05,1.099615199830872e-09,1514192.4446812924
pal1,1% PAL,vulcan,Earth_1pc_o2_1e12s_48.2SZA_WPT_1rtol.vul,115.8874,62.44455244111557,175.2574959302453,2.8831265150908658e-05,3.3813188175357154e-09,4028931.992876466
pal1,1% PAL,vulcan,Earth_1pc_o2_1e12s_48.2SZA_WPT_1rtol.vul,115.8874,63.2081449037507,176.34230717587786,2.5032862099309092e-05,7.073770806072683e-09,7273135.690264143
pal1,1% PAL,vulcan,Earth_1pc_o2_1e12s_48.2SZA_WPT_1rtol.vul,115.8874,63.976335810339805,177.28419890950664,2.1734883349830205e-05,1.1429756068726722e-08,10149413.89837032
pal1,1% PAL,vulcan,Earth_1pc_o2_1e12s_48.2SZA_WPT_1rtol.vul,115.8874,64.74855452044216,178.1020002011598,1.8871400016371507e-05,1.5981880877037023e-08,12265349.563510522
pal1,1% PAL,vulcan,Earth_1pc_o2_1e12s_48.2SZA_WPT_1rtol.vul,115.8874,65.52523463912325,179.23847100680086,1.6385169078015253e-05,2.0111853666169725e-08,13316451.58513747
pal1,1% PAL,vulcan,Earth_1pc_o2_1e12s_48.2SZA_WPT_1rtol.vul,115.8874,66.30727374451449,180.46343553455196,1.422648905127535e-05,2.355180547071284e-08,13447744.091464126
pal1,1% PAL,vulcan,Earth_1pc_o2_1e12s_48.2SZA_WPT_1rtol.vul,115.8874,67.09452785932372,181.5270159199161,1.2352206422918023e-05,2.6230175076691465e-08,12927697.429440225
pal1,1% PAL,vulcan,Earth_1pc_o2_1e12s_48.2SZA_WPT_1rtol.vul,115.8874,67.88644174690253,182.48942821777555,1.072485298125607e-05,2.7953679092029084e-08,11898968.903127814
pal1,1% PAL,vulcan,Earth_1pc_o2_1e12s_48.2SZA_WPT_1rtol.vul,115.8874,68.68380953110761,183.91002842245967,9.31189680057052e-06,2.8148987370648176e-08,10323149.961364668
pal1,1% PAL,vulcan,Earth_1pc_o2_1e12s_48.2SZA_WPT_1rtol.vul,115.8874,69.48724002078653,185.14347027233933,8.085091905317684e-06,2.740960535974947e-08,8669540.130331213
pal1,1% PAL,vulcan,Earth_1pc_o2_1e12s_48.2SZA_WPT_1rtol.vul,115.8874,70.29599212601126,186.21441112678812,7.019913613457199e-06,2.5807598614757325e-08,7046651.485684064
pal1,1% PAL,vulcan,Earth_1pc_o2_1e12s_48.2SZA_WPT_1rtol.vul,115.8874,71.11035242428221,187.5700075983754,6.095068271022369e-06,2.3189617117024505e-08,5457898.739288194
pal1,1% PAL,vulcan,Earth_1pc_o2_1e12s_48.2SZA_WPT_1rtol.vul,115.8874,71.93138094411773,189.1177251205646,5.292067577186033e-06,1.9957511065102286e-08,4044978.729249639
pal1,1% PAL,vulcan,Earth_1pc_o2_1e12s_48.2SZA_WPT_1rtol.vul,115.8874,72.75907352650242,190.46153709339524,4.594858990284288e-06,1.6658477805838875e-08,2910830.6215822627
pal1,1% PAL,vulcan,Earth_1pc_o2_1e12s_48.2SZA_WPT_1rtol.vul,115.8874,73.59262015832832,191.62830725166597,3.989504826357989e-06,1.3484550110270359e-08,2033351.7337019937
pal1,1% PAL,vulcan,Earth_1pc_o2_1e12s_48.2SZA_WPT_1rtol.vul,115.8874,74.43573436753901,194.6634928853031,3.463903635168786e-06,9.980500349168143e-09,1286323.847815993
pal1,1% PAL,vulcan,Earth_1pc_o2_1e12s_48.2SZA_WPT_1rtol.vul,115.8874,75.2917323749536,197.33722346559605,3.007548283802692e-06,7.231673236578844e-09,798287.0912729759
pal1,1% PAL,vulcan,Earth_1pc_o2_1e12s_48.2SZA_WPT_1rtol.vul,115.8874,76.15908635871178,199.65870081169402,2.6113159117845275e-06,5.137033917812454e-09,486631.6200141934
pal1,1% PAL,vulcan,Earth_1pc_o2_1e12s_48.2SZA_WPT_1rtol.vul,115.8874,77.0404760123474,203.54281754515029,2.267285558759927e-06,3.39767680068099e-09,274125.3644262366
pal1,1% PAL,vulcan,Earth_1pc_o2_1e12s_48.2SZA_WPT_1rtol.vul,115.8874,77.94358692230512,209.3583778145243,1.96857981899568e-06,2.0797584367996787e-09,141642.08012615997
pal1,1% PAL,vulcan,Earth_1pc_o2_1e12s_48.2SZA_WPT_1rtol.vul,115.8874,78.87102820337496,214.40776144342382,1.709227357261796e-06,1.2703349045745365e-09,73349.01420121579
pal1,1% PAL,vulcan,Earth_1pc_o2_1e12s_48.2SZA_WPT_1rtol.vul,115.8874,79.81973573424311,218.79190911808004,1.484043537692361e-06,7.720312321778467e-10,37928.61387996222
pal1,1% PAL,vulcan,Earth_1pc_o2_1e12s_48.2SZA_WPT_1rtol.vul,115.8874,80.80015103269903,228.56757006806407,1.2885267793131465e-06,4.0070855791752323e-10,16361.53978272897
pal1,1% PAL,vulcan,Earth_1pc_o2_1e12s_48.2SZA_WPT_1rtol.vul,115.8874,81.82309382914012,237.83558552373233,1.1187685663109482e-06,2.0541508423027502e-10,6998.620903574797
pal1,1% PAL,vulcan,Earth_1pc_o2_1e12s_48.2SZA_WPT_1rtol.vul,115.8874,82.88491383285032,245.88257727458515,9.713753140874917e-07,1.0505557535990916e-10,3006.042584901642
pal1,1% PAL,vulcan,Earth_1pc_o2_1e12s_48.2SZA_WPT_1rtol.vul,115.8874,83.9879909228652,256.1621564844438,8.434005291460086e-07,4.900120807973476e-11,1168.5368247213728
pal1,1% PAL,vulcan,Earth_1pc_o2_1e12s_48.2SZA_WPT_1rtol.vul,115.8874,85.14768579368636,271.108579825091,7.322859066394788e-07,1.9484536214799012e-11,381.1923743344958
pal1,1% PAL,vulcan,Earth_1pc_o2_1e12s_48.2SZA_WPT_1rtol.vul,115.8874,86.37017273792561,284.08587209464406,6.358101880796528e-07,7.505443028730057e-12,121.66646682761348
pal1,1% PAL,vulcan,Earth_1pc_o2_1e12s_48.2SZA_WPT_1rtol.vul,115.8874,87.64761723987583,295.35345838008004,5.520447568369058e-07,2.7375958292725898e-12,37.061097563835055
pal1,1% PAL,vulcan,Earth_1pc_o2_1e12s_48.2SZA_WPT_1rtol.vul,115.8874,88.99331056066305,314.2169836370625,4.793150837541151e-07,7.496008148002394e-13,8.282056867921384
pal1,1% PAL,vulcan,Earth_1pc_o2_1e12s_48.2SZA_WPT_1rtol.vul,115.8874,90.42362282309392,332.73269002977526,4.1616725214562427e-07,1.7408507962253202e-13,1.5770690165984322
pal1,1% PAL,vulcan,Earth_1pc_o2_1e12s_48.2SZA_WPT_1rtol.vul,115.8874,91.93281854565728,348.8090266863188,3.613388929927501e-07,3.578593454912468e-14,0.268507286075063
pal1,1% PAL,vulcan,Earth_1pc_o2_1e12s_48.2SZA_WPT_1rtol.vul,115.8874,93.51779907700255,365.7211738495352,3.137339493102141e-07,6.22436814845677e-15,0.03867438358652347
pal1,1% PAL,vulcan,Earth_1pc_o2_1e12s_48.2SZA_WPT_1rtol.vul,115.8874,95.19347479198784,388.285387191223,2.7240076520564e-07,8.820343413671581e-16,0.004481872405315765
pal1,1% PAL,vulcan,Earth_1pc_o2_1e12s_48.2SZA_WPT_1rtol.vul,115.8874,96.96638039047335,407.8768563135576,2.3651306161721237e-07,1.5257226182870022e-16,0.0006407938994772158
pal1,1% PAL,vulcan,Earth_1pc_o2_1e12s_48.2SZA_WPT_1rtol.vul,115.8874,98.82478004468348,424.8872282932558,2.0535341842126814e-07,4.1891581274897874e-17,0.00014664650979468515
pal1,1% PAL,vulcan,Earth_1pc_o2_1e12s_48.2SZA_WPT_1rtol.vul,115.8874,100.77250662680812,445.8933361817305,1.7829893270567465e-07,1.495555535382063e-17,4.3314870817309727e-05
pal1,1% PAL,vulcan,Earth_1pc_o2_1e12s_48.2SZA_WPT_1rtol.vul,115.8874,102.81810327165314,466.3947907713362,1.548087665079265e-07,6.038159431248305e-18,1.451654124689503e-05
pal1,1% PAL,vulcan,Earth_1pc_o2_1e12s_48.2SZA_WPT_1rtol.vul,115.8874,104.95518644182876,484.19526129840443,1.3441333508858972e-07,2.5946122201289643e-18,5.2168818218811286e-06
pal1,1% PAL,vulcan,Earth_1pc_o2_1e12s_48.2SZA_WPT_1rtol.vul,115.8874,107.17579795053284,500.7867766898467,1.167049196061674e-07,1.1383599560994514e-18,1.9214657100317045e-06
pal1,1% PAL,vulcan,Earth_1pc_o2_1e12s_48.2SZA_WPT_1rtol.vul,115.8874,109.48401632399421,520.0018281552389,1.013295165342428e-07,4.86218817348723e-19,6.862456112558987e-07
pal1,1% PAL,vulcan,Earth_1pc_o2_1e12s_48.2SZA_WPT_1rtol.vul,115.8874,111.88099369192753,536.6853739880904,8.797976088508267e-08,2.131807863543934e-19,2.53120776801741e-07
pal1,1% PAL,vulcan,Earth_1pc_o2_1e12s_48.2SZA_WPT_1rtol.vul,115.8874,114.35700439356707,551.1709298586109,7.638878177002412e-08,9.467560577732129e-20,9.503817548835325e-08
pal1,1% PAL,vulcan,Earth_1pc_o2_1e12s_48.2SZA_WPT_1rtol.vul,115.8874,116.909750465676,566.38963741196,6.632486746503248e-08,3.9912557713249824e-20,3.385223668797215e-08
pal1,1% PAL,vulcan,Earth_1pc_o2_1e12s_48.2SZA_WPT_1rtol.vul,115.8874,119.54055571259359,580.9807050932224,5.7586833332382704e-08,1.4312317094158318e-20,1.0275149636310894e-08
pal1,1% PAL,vulcan,Earth_1pc_o2_1e12s_48.2SZA_WPT_1rtol.vul,115.8874,122.24469582349845,593.6494583801455,5e-08,2.399424394720558e-21,1.4637392404811442e-09
pal1,1% PAL,waccm,Earth_1pc_o2.cam.h0.0045-0048.nc,57.9193,0.2949719902610671,286.5375902748745,0.992556095123291,5.449831277088015e-09,136732964796.31583
pal1,1% PAL,waccm,Earth_1pc_o2.cam.h0.0045-0048.nc,57.9193,0.43358903069811583,285.862169730177,0.976325407391414,5.751520672769378e-09,142277854652.25873
pal1,1% PAL,waccm,Earth_1pc_o2.cam.h0.0045-0048.nc,57.9193,0.5965544462902842,284.8074979670846,0.957485479535535,5.8128523448722335e-09,141542475423.72403
pal1,1% PAL,waccm,Earth_1pc_o2.cam.h0.0045-0048.nc,57.9193,0.7837498398908015,283.48838106785274,0.9361983984708786,5.857722070958189e-09,140112895937.732
pal1,1% PAL,waccm,Earth_1pc_o2.cam.h0.0045-0048.nc,57.9193,0.994791621483263,282.0448410089301,0.912644546944648,5.92344347378463e-09,138827169381.13828
pal1,1% PAL,waccm,Earth_1pc_o2.cam.h0.0045-0048.nc,57.9193,1.2293152661096545,280.52668581942146,0.8870202489197254,6.0406884163157e-09,138344693479.6302
pal1,1% PAL,waccm,Earth_1pc_o2.cam.h0.0045-0048.nc,57.9193,1.4869894047740486,279.0128038901422,0.8595347665250301,6.243017279815945e-09,139299824279.89496
pal1,1% PAL,waccm,Earth_1pc_o2.cam.h0.0045-0048.nc,57.9193,1.8617065833302413,277.10673162339566,0.8208583686500788,6.665155602657092e-09,143003993038.00427
pal1,1% PAL,waccm,Earth_1pc_o2.cam.h0.0045-0048.nc,57.9193,2.4471991818262793,274.68374204987316,0.763404481112957,8.017357389264473e-09,161387431778.9744
pal1,1% PAL,waccm,Earth_1pc_o2.cam.h0.0045-0048.nc,57.9193,3.2364999683226774,270.7468726774373,0.6913894303143024,1.019262543089831e-08,188522013230.40253
pal1,1% PAL,waccm,Earth_1pc_o2.cam.h0.0045-0048.nc,57.9193,4.218565246487846,265.2228647637698,0.6097786948084831,1.3630950271799617e-08,226988646593.9431
pal1,1% PAL,waccm,Earth_1pc_o2.cam.h0.0045-0048.nc,57.9193,5.3648221918639925,258.32105394187374,0.5246871747076511,1.8650477487581395e-08,274376755971.6773
pal1,1% PAL,waccm,Earth_1pc_o2.cam.h0.0045-0048.nc,57.9193,6.566043131456251,250.21984549281115,0.445992574095726,2.5002447843616167e-08,322778889703.7758
pal1,1% PAL,waccm,Earth_1pc_o2.cam.h0.0045-0048.nc,57.9193,7.726881415951044,241.94065253602338,0.37910090386867523,3.203402211585248e-08,363558380905.5554
pal1,1% PAL,waccm,Earth_1pc_o2.cam.h0.0045-0048.nc,57.9193,8.846983540384052,233.67038346314052,0.3222419023513794,4.1786118994613184e-08,417375637566.01074
pal1,1% PAL,waccm,Earth_1pc_o2.cam.h0.0045-0048.nc,57.9193,9.927667301592024,225.97500450083237,0.2739108167588711,5.8268990913945884e-08,511567556341.36096
pal1,1% PAL,waccm,Earth_1pc_o2.cam.h0.0045-0048.nc,57.9193,10.97268584596157,219.3354348080236,0.23282861895859241,8.800071998986422e-08,676597680952.1886
pal1,1% PAL,waccm,Earth_1pc_o2.cam.h0.0045-0048.nc,57.9193,11.987844255791382,214.14799927522643,0.1979080867022276,1.336760860871461e-07,894787601287.592
pal1,1% PAL,waccm,Earth_1pc_o2.cam.h0.0045-0048.nc,57.9193,12.98837521593044,210.1725172097154,0.16822507977485657,1.8513508712307605e-07,1073297874455.3651
pal1,1% PAL,waccm,Earth_1pc_o2.cam.h0.0045-0048.nc,57.9193,13.980383879763206,206.84073926003583,0.14299403876066208,2.3325089752567143e-07,1167943656548.5642
pal1,1% PAL,waccm,Earth_1pc_o2.cam.h0.0045-0048.nc,57.9193,14.957140743643171,203.76726143125506,0.12154724076390266,2.808951273949694e-07,1213588964679.6858
pal1,1% PAL,waccm,Earth_1pc_o2.cam.h0.0045-0048.nc,57.9193,15.919965031043816,200.9915211865566,0.10331712663173676,3.2821373311569786e-07,1221991115794.3247
pal1,1% PAL,waccm,Earth_1pc_o2.cam.h0.0045-0048.nc,57.9193,16.87064834720472,198.6745541942273,0.08782123029232025,3.688921688609374e-07,1181063974974.0251
pal1,1% PAL,waccm,Earth_1pc_o2.cam.h0.0045-0048.nc,57.9193,17.883369051340278,196.8181417032992,0.07375095784664154,3.7854543762344206e-07,1027394583343.1455
pal1,1% PAL,waccm,Earth_1pc_o2.cam.h0.0045-0048.nc,57.9193,18.922682437362617,195.23857964723595,0.061520498245954514,3.5813216692304813e-07,817361641148.3696
pal1,1% PAL,waccm,Earth_1pc_o2.cam.h0.0045-0048.nc,57.9193,19.916791196254565,194.16711112718315,0.05167749896645546,3.3903897490717926e-07,653570078766.0702
pal1,1% PAL,waccm,Earth_1pc_o2.cam.h0.0045-0048.nc,57.9193,20.935369741769883,193.75592173136022,0.0431937500834465,3.4299810559042796e-07,553827306958.2837
pal1,1% PAL,waccm,Earth_1pc_o2.cam.h0.0045-0048.nc,57.9193,21.982449854448237,194.25239239738693,0.035923250019550323,3.656261891173614e-07,489737384910.461
pal1,1% PAL,waccm,Earth_1pc_o2.cam.h0.0045-0048.nc,57.9193,23.062125448920384,195.3109799663282,0.0297279991209507,3.7235243213288306e-07,410496948085.06885
pal1,1% PAL,waccm,Earth_1pc_o2.cam.h0.0045-0048.nc,57.9193,24.176030578359924,196.30360570752492,0.02447899989783764,3.511040929919136e-07,317115889392.8509
pal1,1% PAL,waccm,Earth_1pc_o2.cam.h0.0045-0048.nc,57.9193,25.32309830676454,196.89137685069164,0.020056750625371933,3.1821324733194847e-07,234784191496.04593
pal1,1% PAL,waccm,Earth_1pc_o2.cam.h0.0045-0048.nc,57.9193,26.500792827598254,196.94516648876538,0.01635175058618188,2.8039485469971313e-07,168618679873.5863
pal1,1% PAL,waccm,Earth_1pc_o2.cam.h0.0045-0048.nc,57.9193,27.70563065604493,196.3352069696462,0.013264750130474567,2.3718958607754452e-07,116068193074.78488
pal1,1% PAL,waccm,Earth_1pc_o2.cam.h0.0045-0048.nc,57.9193,28.932809242289768,194.9010467449262,0.01070705009624362,1.9195369713343317e-07,76378101959.56342
pal1,1% PAL,waccm,Earth_1pc_o2.cam.h0.0045-0048.nc,57.9193,30.17634352823048,192.54314929565044,0.00859972508624196,1.4718680379609308e-07,47614813647.873405
pal1,1% PAL,waccm,Earth_1pc_o2.cam.h0.0045-0048.nc,57.9193,31.430202379977565,189.41618757841826,0.006872850004583597,1.093831704985295e-07,28746633978.161457
pal1,1% PAL,waccm,Earth_1pc_o2.cam.h0.0045-0048.nc,57.9193,32.688999817576246,185.67506475486172,0.005465399939566851,8.051628138175374e-08,17165987417.656355
pal1,1% PAL,waccm,Earth_1pc_o2.cam.h0.0045-0048.nc,57.9193,33.94938189584641,181.89004556931124,0.004324574954807758,6.110392631324811e-08,10522533854.548182
pal1,1% PAL,waccm,Earth_1pc_o2.cam.h0.0045-0048.nc,57.9193,35.21237593424364,178.77543829077393,0.0034048750530928373,4.9218315589303045e-08,6789484356.331535
pal1,1% PAL,waccm,Earth_1pc_o2.cam.h0.0045-0048.nc,57.9193,36.48262902250564,176.572202679576,0.0026674249675124884,4.290664622007777e-08,4694735874.644832
pal1,1% PAL,waccm,Earth_1pc_o2.cam.h0.0045-0048.nc,57.9193,37.765776806946725,175.23736441796518,0.0020793249714188278,4.064194598978546e-08,3492905758.4090843
pal1,1% PAL,waccm,Earth_1pc_o2.cam.h0.0045-0048.nc,57.9193,39.06864063851823,175.02360794728924,0.0016128499992191792,4.3614157905368434e-08,2910995640.884509
pal1,1% PAL,waccm,Earth_1pc_o2.cam.h0.0045-0048.nc,57.9193,40.39831175340206,175.58123289012894,0.0012447949848137796,5.20645037914357e-08,2673487677.1427803
pal1,1% PAL,waccm,Earth_1pc_o2.cam.h0.0045-0048.nc,57.9193,41.75792538306238,176.14295608001237,0.0009559475001879036,6.06416455305159e-08,2383726673.3474374
pal1,1% PAL,waccm,Earth_1pc_o2.cam.h0.0045-0048.nc,57.9193,43.14668135586054,176.46432209098833,0.0007304799801204354,6.725329722602747e-08,2016423288.0573375
pal1,1% PAL,waccm,Earth_1pc_o2.cam.h0.0045-0048.nc,57.9193,44.58162290318406,176.46879739143918,0.0005534699885174632,7.360779083338256e-08,1672116958.2967622
pal1,1% PAL,waccm,Earth_1pc_o2.cam.h0.0045-0048.nc,57.9193,46.13260209971704,176.18798168173373,0.00041016750037670135,8.201240143640831e-08,1382869543.2033842
pal1,1% PAL,waccm,Earth_1pc_o2.cam.h0.0045-0048.nc,57.9193,47.88885103873199,175.61801808589314,0.00029202500445535406,9.476015448380284e-08,1141283254.0412006
pal1,1% PAL,waccm,Earth_1pc_o2.cam.h0.0045-0048.nc,57.9193,49.88685214411133,174.84851109616045,0.00019811999663943425,1.6913808185402803e-07,1388111946.3925858
pal1,1% PAL,waccm,Earth_1pc_o2.cam.h0.0045-0048.nc,57.9193,52.11459761046112,174.0031786199001,0.00012827324826503173,3.3976076175204834e-07,1814131856.37091
pal1,1% PAL,waccm,Earth_1pc_o2.cam.h0.0045-0048.nc,57.9193,54.52672192564686,173.39631131203592,7.991075108293444e-05,4.103488546416022e-07,1369731051.0690322
pal1,1% PAL,waccm,Earth_1pc_o2.cam.h0.0045-0048.nc,57.9193,57.04122932685976,173.7525250497316,4.873074976785574e-05,2.829686200941104e-07,574813504.8865263
pal1,1% PAL,waccm,Earth_1pc_o2.cam.h0.0045-0048.nc,57.9193,59.596913702721345,175.66822418040383,2.9557750167441554e-05,1.9229661496976952e-07,234350842.74042884
pal1,1% PAL,waccm,Earth_1pc_o2.cam.h0.0045-0048.nc,57.9193,62.19962542267867,178.9529389686676,1.789799989637686e-05,2.479822476102416e-07,179639970.57047066
pal1,1% PAL,waccm,Earth_1pc_o2.cam.h0.0045-0048.nc,57.9193,64.86425553831039,182.74810268499124,1.0813825610966887e-05,3.7855680669475504e-07,162246098.3142846
pal1,1% PAL,waccm,Earth_1pc_o2.cam.h0.0045-0048.nc,57.9193,67.56272725033286,186.2812070538665,6.556825610459782e-06,5.010656524363059e-07,127742655.5879755
pal1,1% PAL,waccm,Earth_1pc_o2.cam.h0.0045-0048.nc,57.9193,70.30788738394656,189.01837897590684,3.978249878855422e-06,5.478348271086768e-07,83513056.56797692
pal1,1% PAL,waccm,Earth_1pc_o2.cam.h0.0045-0048.nc,57.9193,73.10333664071139,190.66488740526637,2.4045749569268082e-06,4.956470950210105e-07,45274835.481812194
pal1,1% PAL,waccm,Earth_1pc_o2.cam.h0.0045-0048.nc,57.9193,75.90157175799476,191.81810513558793,1.458457461467333e-06,3.833921525498072e-07,21113688.346061256
pal1,1% PAL,waccm,Earth_1pc_o2.cam.h0.0045-0048.nc,57.9193,78.72087846210438,193.59195939723182,8.846024854847201e-07,2.6360763342946747e-07,8724399.402652176
pal1,1% PAL,waccm,Earth_1pc_o2.cam.h0.0045-0048.nc,57.9193,81.58140252629735,197.6286533796693,5.365325108641628e-07,1.6285898526495242e-07,3202392.5981841814
pal1,1% PAL,waccm,Earth_1pc_o2.cam.h0.0045-0048.nc,57.9193,84.53620282606582,206.9169652725086,3.254225049431625e-07,8.519627074464198e-08,970484.9074815932
pal1,1% PAL,waccm,Earth_1pc_o2.cam.h0.0045-0048.nc,57.9193,87.69091534718834,225.74745960032863,1.9738000389679655e-07,3.3475445074157887e-08,211993.89713013347
pal1,1% PAL,waccm,Earth_1pc_o2.cam.h0.0045-0048.nc,57.9193,91.21917980292505,259.1827588109477,1.1971900093499244e-07,8.136032877398108e-09,27219.891382016933
pal1,1% PAL,waccm,Earth_1pc_o2.cam.h0.0045-0048.nc,57.9193,95.36095062222694,311.09060244102506,7.261274781455995e-08,1.137761436080103e-09,1923.5075995384843
pal1,1% PAL,waccm,Earth_1pc_o2.cam.h0.0045-0048.nc,57.9193,100.36145161951572,377.7420345775805,4.404100018007284e-08,1.4350032025629444e-10,121.18013885181058
pal1,1% PAL,waccm,Earth_1pc_o2.cam.h0.0045-0048.nc,57.9193,106.3641468339179,448.39970556755907,2.671225107775399e-08,2.6643759567376704e-11,11.496281584476828
pal1,1% PAL,waccm,Earth_1pc_o2.cam.h0.0045-0048.nc,57.9193,113.36876951543941,514.260354674264,1.6201850527863826e-08,7.516786556435567e-12,1.7152621799589038
pal1,1% PAL,waccm,Earth_1pc_o2.cam.h0.0045-0048.nc,57.9193,121.27048571228326,570.1512797186067,9.826900182474674e-09,2.7972357405919303e-12,0.34919838558221394
pal1,1% PAL,waccm,Earth_1pc_o2.cam.h0.0045-0048.nc,57.9193,129.87827474306917,609.3599668027728,5.960300031304655e-09,1.2672073889227716e-12,0.08977566212941626
pal1,1% PAL,waccm_eq,Earth_1pc_o2.cam.h0.0045-0048.nc,49.4895,0.06608332061767579,298.7392883300781,0.992556095123291,2.7519988510249505e-09,66225871809.39755
pal1,1% PAL,waccm_eq,Earth_1pc_o2.cam.h0.0045-0048.nc,49.4895,0.21157843017578126,297.41351318359375,0.976325407391414,2.7492474963253244e-09,65367887455.76961
pal1,1% PAL,waccm_eq,Earth_1pc_o2.cam.h0.0045-0048.nc,49.4895,0.3828486022949219,295.85406494140625,0.957485479535535,2.7723647821886743e-09,64986290324.19722
pal1,1% PAL,waccm_eq,Earth_1pc_o2.cam.h0.0045-0048.nc,49.4895,0.5793399047851563,294.18695068359375,0.9361983984708786,2.8239350857717227e-09,65090246427.729225
pal1,1% PAL,waccm_eq,Earth_1pc_o2.cam.h0.0045-0048.nc,49.4895,0.8006613159179687,292.5263977050781,0.912644546944648,2.9327003048251754e-09,66270615129.79563
pal1,1% PAL,waccm_eq,Earth_1pc_o2.cam.h0.0045-0048.nc,49.4895,1.046488037109375,290.98382568359375,0.8870202489197254,3.1797959820778487e-09,70207039198.4608
pal1,1% PAL,waccm_eq,Earth_1pc_o2.cam.h0.0045-0048.nc,49.4895,1.316656005859375,289.7134704589844,0.8595347665250301,3.540791659872866e-09,76087243405.7844
pal1,1% PAL,waccm_eq,Earth_1pc_o2.cam.h0.0045-0048.nc,49.4895,1.7100068359375,288.12274169921875,0.8208583686500788,3.615063581818845e-09,74597341235.55597
pal1,1% PAL,waccm_eq,Earth_1pc_o2.cam.h0.0045-0048.nc,49.4895,2.32499462890625,285.49468994140625,0.763404481112957,3.528829672916345e-09,68344580768.9661
pal1,1% PAL,waccm_eq,Earth_1pc_o2.cam.h0.0045-0048.nc,49.4895,3.1534453125,280.79266357421875,0.6913894303143024,3.5560061562023293e-09,63418534339.03643
pal1,1% PAL,waccm_eq,Earth_1pc_o2.cam.h0.0045-0048.nc,49.4895,4.18487353515625,275.51885986328125,0.6097786948084831,5.946060532835418e-09,95316252099.49347
pal1,1% PAL,waccm_eq,Earth_1pc_o2.cam.h0.0045-0048.nc,49.4895,5.392541015625,269.2022705078125,0.5246871747076511,1.3430708989403684e-08,189599586785.05862
pal1,1% PAL,waccm_eq,Earth_1pc_o2.cam.h0.0045-0048.nc,49.4895,6.66329541015625,261.62310791015625,0.445992574095726,2.5909054457429193e-08,319904101569.47595
pal1,1% PAL,waccm_eq,Earth_1pc_o2.cam.h0.0045-0048.nc,49.4895,7.89457763671875,252.60513305664062,0.37910090386867523,3.285212812897953e-08,357102486191.8498
pal1,1% PAL,waccm_eq,Earth_1pc_o2.cam.h0.0045-0048.nc,49.4895,9.08248828125,243.12745666503906,0.3222419023513794,3.5186360491934465e-08,337783997379.28845
pal1,1% PAL,waccm_eq,Earth_1pc_o2.cam.h0.0045-0048.nc,49.4895,10.2265673828125,233.8023223876953,0.2739108167588711,3.9527719764009817e-08,335412189330.39526
pal1,1% PAL,waccm_eq,Earth_1pc_o2.cam.h0.0045-0048.nc,49.4895,11.328294921875,224.86648559570312,0.23282861895859241,5.0577284582686843e-08,379300885015.7768
pal1,1% PAL,waccm_eq,Earth_1pc_o2.cam.h0.0045-0048.nc,49.4895,12.3900537109375,216.45565795898438,0.1979080867022276,7.436150184503276e-08,492446967749.22235
pal1,1% PAL,waccm_eq,Earth_1pc_o2.cam.h0.0045-0048.nc,49.4895,13.40869921875,208.90061950683594,0.16822507977485657,1.1040244629612062e-07,643941520795.614
pal1,1% PAL,waccm_eq,Earth_1pc_o2.cam.h0.0045-0048.nc,49.4895,14.3875966796875,202.51712036132812,0.14299403876066208,1.587932274560444e-07,812091345748.5858
pal1,1% PAL,waccm_eq,Earth_1pc_o2.cam.h0.0045-0048.nc,49.4895,15.338669921875,197.23179626464844,0.12154724076390266,2.236004803535252e-07,998062237229.314
pal1,1% PAL,waccm_eq,Earth_1pc_o2.cam.h0.0045-0048.nc,49.4895,16.26734765625,193.13319396972656,0.10331712663173676,2.9846876259398414e-07,1156461020441.6006
pal1,1% PAL,waccm_eq,Earth_1pc_o2.cam.h0.0045-0048.nc,49.4895,17.179681640625,190.39686584472656,0.08782123029232025,3.6884773635392776e-07,1232263434276.616
pal1,1% PAL,waccm_eq,Earth_1pc_o2.cam.h0.0045-0048.nc,49.4895,18.15355078125,189.8654022216797,0.07375095784664154,4.0439422832605487e-07,1137741232082.4846
pal1,1% PAL,waccm_eq,Earth_1pc_o2.cam.h0.0045-0048.nc,49.4895,19.158828125,189.4369354248047,0.061520498245954514,3.760476374736754e-07,884534479582.4071
pal1,1% PAL,waccm_eq,Earth_1pc_o2.cam.h0.0045-0048.nc,49.4895,20.123828125,188.56857299804688,0.05167749896645546,3.35003846885229e-07,664964841938.7511
pal1,1% PAL,waccm_eq,Earth_1pc_o2.cam.h0.0045-0048.nc,49.4895,21.112673828125,188.0286407470703,0.0431937500834465,3.2489120371792524e-07,540569545798.64465
pal1,1% PAL,waccm_eq,Earth_1pc_o2.cam.h0.0045-0048.nc,49.4895,22.130365234375,189.0992889404297,0.035923250019550323,3.55484786496163e-07,489129055328.9356
pal1,1% PAL,waccm_eq,Earth_1pc_o2.cam.h0.0045-0048.nc,49.4895,23.18555859375,191.6588134765625,0.0297279991209507,4.1324810240439547e-07,464263423534.3421
pal1,1% PAL,waccm_eq,Earth_1pc_o2.cam.h0.0045-0048.nc,49.4895,24.2819765625,193.8316192626953,0.02447899989783764,4.0810573409544304e-07,373300404788.07605
pal1,1% PAL,waccm_eq,Earth_1pc_o2.cam.h0.0045-0048.nc,49.4895,25.416330078125,195.0177764892578,0.020056750625371933,3.6440715689423087e-07,271450089664.17838
pal1,1% PAL,waccm_eq,Earth_1pc_o2.cam.h0.0045-0048.nc,49.4895,26.584005859375,195.4769744873047,0.01635175058618188,3.1341130579676246e-07,189889093748.80566
pal1,1% PAL,waccm_eq,Earth_1pc_o2.cam.h0.0045-0048.nc,49.4895,27.779826171875,194.85971069335938,0.013264750130474567,2.588342908893537e-07,127619062360.97186
pal1,1% PAL,waccm_eq,Earth_1pc_o2.cam.h0.0045-0048.nc,49.4895,28.99731640625,193.28335571289062,0.01070705009624362,2.030955243981225e-07,81487772791.693
pal1,1% PAL,waccm_eq,Earth_1pc_o2.cam.h0.0045-0048.nc,49.4895,30.229830078125,190.7224578857422,0.00859972508624196,1.4911414325524674e-07,48698803166.06727
pal1,1% PAL,waccm_eq,Earth_1pc_o2.cam.h0.0045-0048.nc,49.4895,31.470845703125,187.3162384033203,0.006872850004583597,1.053460465527678e-07,27996026582.262344
pal1,1% PAL,waccm_eq,Earth_1pc_o2.cam.h0.0045-0048.nc,49.4895,32.71491015625,183.37806701660156,0.005465399939566851,7.3882269191472e-08,15948928099.40631
pal1,1% PAL,waccm_eq,Earth_1pc_o2.cam.h0.0045-0048.nc,49.4895,33.9604296875,179.85887145996094,0.004324574954807758,5.491373755717177e-08,9563333165.283325
pal1,1% PAL,waccm_eq,Earth_1pc_o2.cam.h0.0045-0048.nc,49.4895,35.21263671875,177.75515747070312,0.0034048750530928373,4.551979770894832e-08,6315329429.026112
pal1,1% PAL,waccm_eq,Earth_1pc_o2.cam.h0.0045-0048.nc,49.4895,36.47923828125,176.60289001464844,0.0026674249675124884,4.3154248174914756e-08,4721007362.839488
pal1,1% PAL,waccm_eq,Earth_1pc_o2.cam.h0.0045-0048.nc,49.4895,37.76375,175.5907745361328,0.0020793249714188278,4.2606579597759264e-08,3654383009.057288
pal1,1% PAL,waccm_eq,Earth_1pc_o2.cam.h0.0045-0048.nc,49.4895,39.0695625,175.4658966064453,0.0016128499992191792,4.6292338851117165e-08,3081960719.1373467
pal1,1% PAL,waccm_eq,Earth_1pc_o2.cam.h0.0045-0048.nc,49.4895,40.40361328125,176.30331420898438,0.0012447949848137796,5.8841763461714436e-08,3009121687.091439
pal1,1% PAL,waccm_eq,Earth_1pc_o2.cam.h0.0045-0048.nc,49.4895,41.77169921875,177.63943481445312,0.0009559475001879036,7.54133751001973e-08,2939407204.965373
pal1,1% PAL,waccm_eq,Earth_1pc_o2.cam.h0.0045-0048.nc,49.4895,43.177796875,179.42205810546875,0.0007304799801204354,8.820191510494624e-08,2600921329.276499
pal1,1% PAL,waccm_eq,Earth_1pc_o2.cam.h0.0045-0048.nc,49.4895,44.643875,181.21078491210938,0.0005534699885174632,9.732995209787987e-08,2153144922.45605
pal1,1% PAL,waccm_eq,Earth_1pc_o2.cam.h0.0045-0048.nc,49.4895,46.24366015625,182.53211975097656,0.00041016750037670135,1.1089699825106436e-07,1804922076.5436022
pal1,1% PAL,waccm_eq,Earth_1pc_o2.cam.h0.0045-0048.nc,49.4895,48.06750390625,182.8030548095703,0.00029202500445535406,1.3913403051901696e-07,1609854677.70183
pal1,1% PAL,waccm_eq,Earth_1pc_o2.cam.h0.0045-0048.nc,49.4895,50.14878515625,182.2721710205078,0.00019811999663943425,2.8992909051339666e-07,2282529798.782041
pal1,1% PAL,waccm_eq,Earth_1pc_o2.cam.h0.0045-0048.nc,49.4895,52.46691015625,180.71795654296875,0.00012827324826503173,5.171662564862345e-07,2658775593.132566
pal1,1% PAL,waccm_eq,Earth_1pc_o2.cam.h0.0045-0048.nc,49.4895,54.959828125,178.22686767578125,7.991075108293444e-05,5.145959676156053e-07,1671148849.239888
pal1,1% PAL,waccm_eq,Earth_1pc_o2.cam.h0.0045-0048.nc,49.4895,57.52716015625,176.0253448486328,4.873074976785574e-05,3.676342998915061e-07,737158080.9871162
pal1,1% PAL,waccm_eq,Earth_1pc_o2.cam.h0.0045-0048.nc,49.4895,60.09583984375,174.9206085205078,2.9557750167441554e-05,2.4022597244766075e-07,294013364.5128367
pal1,1% PAL,waccm_eq,Earth_1pc_o2.cam.h0.0045-0048.nc,49.4895,62.6690078125,175.46170043945312,1.789799989637686e-05,2.7311031658427964e-07,201779476.2103308
pal1,1% PAL,waccm_eq,Earth_1pc_o2.cam.h0.0045-0048.nc,49.4895,65.2724140625,177.81260681152344,1.0813825610966887e-05,4.0480637153450516e-07,178312122.50167727
pal1,1% PAL,waccm_eq,Earth_1pc_o2.cam.h0.0045-0048.nc,49.4895,67.89828125,181.29220581054688,6.556825610459782e-06,5.910729328206799e-07,154836123.33714548
pal1,1% PAL,waccm_eq,Earth_1pc_o2.cam.h0.0045-0048.nc,49.4895,70.575,184.70497131347656,3.978249878855422e-06,7.224314231280005e-07,112700753.29759872
pal1,1% PAL,waccm_eq,Earth_1pc_o2.cam.h0.0045-0048.nc,49.4895,73.313140625,187.2805938720703,2.4045749569268082e-06,6.772863230253279e-07,62984627.44435741
pal1,1% PAL,waccm_eq,Earth_1pc_o2.cam.h0.0045-0048.nc,49.4895,76.06521875,188.93666076660156,1.458457461467333e-06,4.848436674365075e-07,27107906.323667068
pal1,1% PAL,waccm_eq,Earth_1pc_o2.cam.h0.0045-0048.nc,49.4895,78.843171875,190.83255004882812,8.846024854847201e-07,2.962127609862364e-07,9945260.954482142
pal1,1% PAL,waccm_eq,Earth_1pc_o2.cam.h0.0045-0048.nc,49.4895,81.664203125,195.00169372558594,5.365325108641628e-07,1.7780214989215892e-07,3543328.232701596
pal1,1% PAL,waccm_eq,Earth_1pc_o2.cam.h0.0045-0048.nc,49.4895,84.5817109375,204.46200561523438,3.254225049431625e-07,1.0186486321117627e-07,1174291.969203059
pal1,1% PAL,waccm_eq,Earth_1pc_o2.cam.h0.0045-0048.nc,49.4895,87.708578125,224.4976806640625,1.9738000389679655e-07,4.255330665614565e-08,270982.5498867181
pal1,1% PAL,waccm_eq,Earth_1pc_o2.cam.h0.0045-0048.nc,49.4895,91.2329609375,260.08050537109375,1.1971900093499244e-07,8.757952585369821e-09,29199.44457900475
pal1,1% PAL,waccm_eq,Earth_1pc_o2.cam.h0.0045-0048.nc,49.4895,95.3960625,313.20953369140625,7.261274781455995e-08,8.989567978900936e-10,1509.50111072022
pal1,1% PAL,waccm_eq,Earth_1pc_o2.cam.h0.0045-0048.nc,49.4895,100.4283125,379.9698791503906,4.404100018007284e-08,1.1165880026142716e-10,93.73843037556946
pal1,1% PAL,waccm_eq,Earth_1pc_o2.cam.h0.0045-0048.nc,49.4895,106.4606953125,450.19281005859375,2.671225107775399e-08,2.3298800388982244e-11,10.012953778386395
pal1,1% PAL,waccm_eq,Earth_1pc_o2.cam.h0.0045-0048.nc,49.4895,113.45734375,510.9541015625,1.6201850527863826e-08,7.228008122583951e-12,1.6600381955884302
pal1,1% PAL,waccm_eq,Earth_1pc_o2.cam.h0.0045-0048.nc,49.4895,121.22759375,554.4656982421875,9.826900182474674e-09,2.9723402558690104e-12,0.3815549582418395
pal1,1% PAL,waccm_eq,Earth_1pc_o2.cam.h0.0045-0048.nc,49.4895,129.4814921875,575.1483154296875,5.960300031304655e-09,1.5309137421301577e-12,0.11490944012222618
