pal,alt_km,press_bin,reaction,rate_cm3_s,total_loss_cm3_s,fraction,fraction_pct
100pc,1.5,897.1514764158253,CH3 + O3 -> H2CO + HO2,3.359109492675218,416178673.41735154,6.499979433694207e-09,6.499979433694207e-07
100pc,4.5,614.8726062742519,CH3 + O3 -> H2CO + HO2,1.9025703936586507,386023162.6934245,4.928643090698813e-09,4.928643090698814e-07
100pc,7.5,411.0351930764492,CH3 + O3 -> H2CO + HO2,0.8231236574385679,388358008.34119993,2.119497061369713e-09,2.1194970613697132e-07
100pc,10.5,266.4230553837228,CH3 + O3 -> H2CO + HO2,0.35786317757525526,408611805.24175864,8.758023458561665e-10,8.758023458561665e-08
100pc,13.5,165.97350262355167,CH3 + O3 -> H2CO + HO2,0.5489293995363798,942121975.5772575,8.690735366269912e-10,8.690735366269912e-08
100pc,16.5,101.64105203100861,CH3 + O3 -> H2CO + HO2,2.139782894471815,2462142504.9675813,8.690735366269912e-10,8.690735366269912e-08
100pc,19.5,62.20964033400728,CH3 + O3 -> H2CO + HO2,8.998670656548729,3816730791.8629203,2.357690690612355e-09,2.3576906906123552e-07
100pc,22.5,38.594259238906986,CH3 + O3 -> H2CO + HO2,28.294317588345606,4410896474.108459,6.414641049598544e-09,6.414641049598544e-07
100pc,25.5,24.238877969854105,CH3 + O3 -> H2CO + HO2,77.08933002487186,4327011953.303838,1.7815834773927822e-08,1.7815834773927822e-06
100pc,28.5,15.403794105594699,CH3 + O3 -> H2CO + HO2,176.45406789438033,3736384235.7824907,4.72258891910849e-08,4.72258891910849e-06
100pc,31.5,9.901503399511792,CH3 + O3 -> H2CO + HO2,308.9437769119418,2899310764.694459,1.0655766214302301e-07,1.0655766214302301e-05
100pc,34.5,6.44751992063258,CH3 + O3 -> H2CO + HO2,419.44235885407545,2090483292.1843023,2.0064372694211247e-07,2.0064372694211247e-05
100pc,37.5,4.260503964488342,CH3 + O3 -> H2CO + HO2,474.9414404751994,1511578241.8335862,3.1420235309756926e-07,3.1420235309756923e-05
100pc,40.5,2.8548760191202653,CH3 + O3 -> H2CO + HO2,491.4289742763777,1176278265.5070047,4.177829249140804e-07,4.177829249140804e-05
100pc,43.5,1.9358967914801957,CH3 + O3 -> H2CO + HO2,457.4385462589039,980527899.5078162,4.177829249140804e-07,4.177829249140804e-05
100pc,46.5,1.3230947315968489,CH3 + O3 -> H2CO + HO2,334.0229363164963,827841179.4440255,4.034867370826185e-07,4.0348673708261854e-05
100pc,49.5,0.9066366446874969,CH3 + O3 -> H2CO + HO2,169.19008236220873,654162873.768904,2.586360203957073e-07,2.586360203957073e-05
100pc,52.5,0.6197798924840763,CH3 + O3 -> H2CO + HO2,60.82561235795784,475957340.2108574,1.9321618679810424e-07,1.9321618679810423e-05
100pc,1.5,897.1514764158253,CS + O3 -> OCS + O2,1.2910001793885779e-24,416178673.41735154,2.626878245170146e-33,2.626878245170146e-31
100pc,4.5,614.8726062742519,CS + O3 -> OCS + O2,8.30614920962758e-25,386023162.6934245,2.1517230084517583e-33,2.1517230084517584e-31
100pc,7.5,411.0351930764492,CS + O3 -> OCS + O2,5.845488117177702e-25,388358008.34119993,1.5051802696552166e-33,1.5051802696552167e-31
100pc,10.5,266.4230553837228,CS + O3 -> OCS + O2,4.217100409178907e-25,408611805.24175864,1.032055450939266e-33,1.032055450939266e-31
100pc,13.5,165.97350262355167,CS + O3 -> OCS + O2,6.121463555646314e-25,942121975.5772575,6.497527617796588e-34,6.497527617796588e-32
100pc,16.5,101.64105203100861,CS + O3 -> OCS + O2,1.004615113143027e-24,2462142504.9675813,4.080247634392123e-34,4.080247634392123e-32
100pc,19.5,62.20964033400728,CS + O3 -> OCS + O2,9.26108899871479e-25,3816730791.8629203,2.4264454329498347e-34,2.4264454329498348e-32
100pc,22.5,38.594259238906986,CS + O3 -> OCS + O2,6.265336736842964e-25,4410896474.108459,1.4204225317052648e-34,1.4204225317052648e-32
100pc,25.5,24.238877969854105,CS + O3 -> OCS + O2,3.5334896784138355e-25,4327011953.303838,8.166119522077775e-35,8.166119522077775e-33
100pc,28.5,15.403794105594699,CS + O3 -> OCS + O2,2.6744618150734538e-25,3736384235.7824907,8.166119522077775e-35,8.166119522077775e-33
100pc,31.5,9.901503399511792,CS + O3 -> OCS + O2,1.463609260264835e-24,2899310764.694459,5.0481282589211365e-34,5.048128258921137e-32
100pc,34.5,6.44751992063258,CS + O3 -> OCS + O2,2.6832557371230856e-24,2090483292.1843023,1.207555001198564e-33,1.207555001198564e-31
100pc,37.5,4.260503964488342,CS + O3 -> OCS + O2,1.8253138656290795e-24,1511578241.8335862,1.207555001198564e-33,1.207555001198564e-31
100pc,40.5,2.8548760191202653,CS + O3 -> OCS + O2,1.3916949328852762e-24,1176278265.5070047,1.207555001198564e-33,1.207555001198564e-31
100pc,43.5,1.9358967914801957,CS + O3 -> OCS + O2,1.922250284824829e-24,980527899.5078162,1.960423855139377e-33,1.9604238551393772e-31
100pc,46.5,1.3230947315968489,CS + O3 -> OCS + O2,2.242526479676484e-24,827841179.4440255,2.5219420622644944e-33,2.5219420622644945e-31
100pc,49.5,0.9066366446874969,CS + O3 -> OCS + O2,1.6497608669296178e-24,654162873.768904,2.5219420622644944e-33,2.5219420622644945e-31
100pc,52.5,0.6197798924840763,CS + O3 -> OCS + O2,8.234957009906374e-25,475957340.2108574,2.1260650547119807e-33,2.126065054711981e-31
100pc,1.5,897.1514764158253,Cl + O3 -> ClO + O2,3.912766270510683e-12,416178673.41735154,8.006695599421423e-21,8.006695599421423e-19
100pc,4.5,614.8726062742519,Cl + O3 -> ClO + O2,2.552285206213671e-12,386023162.6934245,6.611741089331131e-21,6.611741089331131e-19
100pc,7.5,411.0351930764492,Cl + O3 -> ClO + O2,1.662906368837242e-12,388358008.34119993,4.2818902484850045e-21,4.2818902484850047e-19
100pc,10.5,266.4230553837228,Cl + O3 -> ClO + O2,1.243841854163806e-12,408611805.24175864,3.0440673475595654e-21,3.0440673475595656e-19
100pc,13.5,165.97350262355167,Cl + O3 -> ClO + O2,1.9559439551954896e-12,942121975.5772575,2.0761047994842095e-21,2.0761047994842097e-19
100pc,16.5,101.64105203100861,Cl + O3 -> ClO + O2,4.118778471810202e-12,2462142504.9675813,1.6728432507461356e-21,1.6728432507461356e-19
100pc,19.5,62.20964033400728,Cl + O3 -> ClO + O2,4.8194130977332825e-12,3816730791.8629203,1.2627071073516714e-21,1.2627071073516714e-19
100pc,22.5,38.594259238906986,Cl + O3 -> ClO + O2,4.3199287263508645e-12,4410896474.108459,9.793765851700291e-22,9.793765851700291e-20
100pc,25.5,24.238877969854105,Cl + O3 -> ClO + O2,3.790419049569365e-12,4327011953.303838,8.925545335343765e-22,8.925545335343764e-20
100pc,28.5,15.403794105594699,Cl + O3 -> ClO + O2,3.3349266886740386e-12,3736384235.7824907,8.925545335343765e-22,8.925545335343764e-20
100pc,31.5,9.901503399511792,Cl + O3 -> ClO + O2,2.679430718213685e-12,2899310764.694459,8.925545335343765e-22,8.925545335343764e-20
100pc,34.5,6.44751992063258,Cl + O3 -> ClO + O2,1.8099662095896422e-12,2090483292.1843023,8.658123297883172e-22,8.658123297883172e-20
100pc,37.5,4.260503964488342,Cl + O3 -> ClO + O2,1.1224969766663824e-12,1511578241.8335862,7.42599321424978e-22,7.425993214249779e-20
100pc,40.5,2.8548760191202653,Cl + O3 -> ClO + O2,7.346035645242213e-13,1176278265.5070047,6.2451512202989585e-22,6.245151220298958e-20
100pc,43.5,1.9358967914801957,Cl + O3 -> ClO + O2,5.077690315384097e-13,980527899.5078162,5.178527115784144e-22,5.178527115784144e-20
100pc,46.5,1.3230947315968489,Cl + O3 -> ClO + O2,3.4046576382131535e-13,827841179.4440255,4.112694225358186e-22,4.112694225358186e-20
100pc,49.5,0.9066366446874969,Cl + O3 -> ClO + O2,1.9621241013490096e-13,654162873.768904,2.999442768808321e-22,2.999442768808321e-20
100pc,52.5,0.6197798924840763,Cl + O3 -> ClO + O2,9.68693651487464e-14,475957340.2108574,2.5173479337271688e-22,2.5173479337271686e-20
100pc,1.5,897.1514764158253,H + O3 -> OH + O2,1.3021802888957754,416178673.41735154,2.6977666302321697e-09,2.6977666302321695e-07
100pc,4.5,614.8726062742519,H + O3 -> OH + O2,0.8749740180079626,386023162.6934245,2.2666360533988412e-09,2.2666360533988411e-07
100pc,7.5,411.0351930764492,H + O3 -> OH + O2,0.6423310013123411,388358008.34119993,1.6539661536939595e-09,1.6539661536939595e-07
100pc,10.5,266.4230553837228,H + O3 -> OH + O2,0.4774456566080675,408611805.24175864,1.1684578137080076e-09,1.1684578137080076e-07
100pc,13.5,165.97350262355167,H + O3 -> OH + O2,0.8512979611246978,942121975.5772575,9.035963316778489e-10,9.035963316778488e-08
100pc,16.5,101.64105203100861,H + O3 -> OH + O2,1.978718018479443,2462142504.9675813,9.035963316778489e-10,9.035963316778488e-08
100pc,19.5,62.20964033400728,H + O3 -> OH + O2,4.984982396929738,3816730791.8629203,1.3060869809202872e-09,1.3060869809202872e-07
100pc,22.5,38.594259238906986,H + O3 -> OH + O2,14.358812900231046,4410896474.108459,3.2553048987923213e-09,3.255304898792321e-07
100pc,25.5,24.238877969854105,H + O3 -> OH + O2,41.56219143013044,4327011953.303838,9.605286945971141e-09,9.60528694597114e-07
100pc,28.5,15.403794105594699,H + O3 -> OH + O2,110.75284336391198,3736384235.7824907,2.9641716797554577e-08,2.964171679755458e-06
100pc,31.5,9.901503399511792,H + O3 -> OH + O2,266.4983642746924,2899310764.694459,9.191783354854582e-08,9.191783354854583e-06
100pc,34.5,6.44751992063258,H + O3 -> OH + O2,665.9977125862702,2090483292.1843023,3.1858552281964573e-07,3.185855228196457e-05
100pc,37.5,4.260503964488342,H + O3 -> OH + O2,1971.2936514959606,1511578241.8335862,1.304129417147952e-06,0.0001304129417147952
100pc,40.5,2.8548760191202653,H + O3 -> OH + O2,6999.148535915893,1176278265.5070047,5.950248968426777e-06,0.0005950248968426777
100pc,43.5,1.9358967914801957,H + O3 -> OH + O2,26059.502999671044,980527899.5078162,2.6577013272903115e-05,0.0026577013272903113
100pc,46.5,1.3230947315968489,H + O3 -> OH + O2,80855.45494024904,827841179.4440255,9.767024998025732e-05,0.009767024998025732
100pc,49.5,0.9066366446874969,H + O3 -> OH + O2,177187.94191788053,654162873.768904,0.00027086211862961164,0.027086211862961163
100pc,52.5,0.6197798924840763,H + O3 -> OH + O2,281591.9770489577,475957340.2108574,0.00043124746265486944,0.04312474626548694
100pc,1.5,897.1514764158253,HS + O3 -> HSO + O2,1791.2181460994093,416178673.41735154,2.4127219222084983e-06,0.00024127219222084984
100pc,4.5,614.8726062742519,HS + O3 -> HSO + O2,201.3031892397952,386023162.6934245,5.214795605404333e-07,5.214795605404333e-05
100pc,7.5,411.0351930764492,HS + O3 -> HSO + O2,27.46139331737567,388358008.34119993,7.071154122628237e-08,7.071154122628237e-06
100pc,10.5,266.4230553837228,HS + O3 -> HSO + O2,5.835544439776843,408611805.24175864,1.4281389732056795e-08,1.4281389732056795e-06
100pc,13.5,165.97350262355167,HS + O3 -> HSO + O2,1.42685969679962,942121975.5772575,1.514516945563608e-09,1.514516945563608e-07
100pc,16.5,101.64105203100861,HS + O3 -> HSO + O2,0.7258308210129598,2462142504.9675813,2.9479643016134714e-10,2.9479643016134712e-08
100pc,19.5,62.20964033400728,HS + O3 -> HSO + O2,0.5052689203591201,3816730791.8629203,1.3238264575440537e-10,1.3238264575440537e-08
100pc,22.5,38.594259238906986,HS + O3 -> HSO + O2,0.328507634816412,4410896474.108459,7.447638745201126e-11,7.4476387452011255e-09
100pc,25.5,24.238877969854105,HS + O3 -> HSO + O2,0.20885086337506817,4327011953.303838,4.8266763676398587e-11,4.826676367639858e-09
100pc,28.5,15.403794105594699,HS + O3 -> HSO + O2,0.13054825948092344,3736384235.7824907,3.4939730831399205e-11,3.4939730831399203e-09
100pc,31.5,9.901503399511792,HS + O3 -> HSO + O2,0.0788102406135237,2899310764.694459,2.7182405409317698e-11,2.7182405409317696e-09
100pc,34.5,6.44751992063258,HS + O3 -> HSO + O2,0.03586353594163562,2090483292.1843023,1.7155619504694803e-11,1.7155619504694802e-09
100pc,37.5,4.260503964488342,HS + O3 -> HSO + O2,0.012400962918160032,1511578241.8335862,8.203983475653448e-12,8.203983475653448e-10
100pc,40.5,2.8548760191202653,HS + O3 -> HSO + O2,0.007121016819688247,1176278265.5070047,8.203983475653448e-12,8.203983475653448e-10
100pc,43.5,1.9358967914801957,HS + O3 -> HSO + O2,0.008259752980826594,980527899.5078162,8.423781704704826e-12,8.423781704704826e-10
100pc,46.5,1.3230947315968489,HS + O3 -> HSO + O2,0.008080397794188588,827841179.4440255,8.423781704704826e-12,8.423781704704826e-10
100pc,49.5,0.9066366446874969,HS + O3 -> HSO + O2,0.005395067569996196,654162873.768904,8.247284867930476e-12,8.247284867930476e-10
100pc,52.5,0.6197798924840763,HS + O3 -> HSO + O2,0.0031350659962869885,475957340.2108574,7.417074146666738e-12,7.417074146666738e-10
100pc,1.5,897.1514764158253,NO + O3 -> NO2 + O2,623085.6229742204,416178673.41735154,0.0007523580720701279,0.0752358072070128
100pc,4.5,614.8726062742519,NO + O3 -> NO2 + O2,2917.254516870957,386023162.6934245,5.194588776750996e-05,0.005194588776750996
100pc,7.5,411.0351930764492,NO + O3 -> NO2 + O2,20173.60151490567,388358008.34119993,5.194588776750996e-05,0.005194588776750996
100pc,10.5,266.4230553837228,NO + O3 -> NO2 + O2,138715.85281134734,408611805.24175864,0.000339480776208301,0.0339480776208301
100pc,13.5,165.97350262355167,NO + O3 -> NO2 + O2,1255726.3838290018,942121975.5772575,0.0013328702825975293,0.13328702825975292
100pc,16.5,101.64105203100861,NO + O3 -> NO2 + O2,5166634.870944006,2462142504.9675813,0.002098430476919952,0.2098430476919952
100pc,19.5,62.20964033400728,NO + O3 -> NO2 + O2,11116710.09248619,3816730791.8629203,0.002912626197316945,0.2912626197316945
100pc,22.5,38.594259238906986,NO + O3 -> NO2 + O2,17701404.043705553,4410896474.108459,0.004013108026364051,0.4013108026364051
100pc,25.5,24.238877969854105,NO + O3 -> NO2 + O2,26044289.459778648,4327011953.303838,0.006019001042946702,0.6019001042946702
100pc,28.5,15.403794105594699,NO + O3 -> NO2 + O2,35530057.86692127,3736384235.7824907,0.009509208803168072,0.9509208803168072
100pc,31.5,9.901503399511792,NO + O3 -> NO2 + O2,38627528.80687523,2899310764.694459,0.013323003962614526,1.3323003962614526
100pc,34.5,6.44751992063258,NO + O3 -> NO2 + O2,32510306.322081305,2090483292.1843023,0.014547517151455847,1.4547517151455847
100pc,37.5,4.260503964488342,NO + O3 -> NO2 + O2,21989710.39884157,1511578241.8335862,0.014547517151455847,1.4547517151455847
100pc,40.5,2.8548760191202653,NO + O3 -> NO2 + O2,12667165.5952655,1176278265.5070047,0.01076885118659031,1.0768851186590311
100pc,43.5,1.9358967914801957,NO + O3 -> NO2 + O2,6603239.641836512,980527899.5078162,0.00673437201037427,0.673437201037427
100pc,46.5,1.3230947315968489,NO + O3 -> NO2 + O2,3145414.6473710528,827841179.4440255,0.003799538758730871,0.3799538758730871
100pc,49.5,0.9066366446874969,NO + O3 -> NO2 + O2,1324997.3969605067,654162873.768904,0.0020254854717245666,0.20254854717245666
100pc,52.5,0.6197798924840763,NO + O3 -> NO2 + O2,495012.25827554753,475957340.2108574,0.0015327602000915863,0.15327602000915863
100pc,1.5,897.1514764158253,NO2 + O3 -> NO3 + O2,6501.011811989301,416178673.41735154,7.975240645444275e-06,0.0007975240645444275
100pc,4.5,614.8726062742519,NO2 + O3 -> NO3 + O2,127.2943049544073,386023162.6934245,3.2975820431662304e-07,3.2975820431662306e-05
100pc,7.5,411.0351930764492,NO2 + O3 -> NO3 + O2,84.99390525592277,388358008.34119993,2.1885451936206663e-07,2.1885451936206663e-05
100pc,10.5,266.4230553837228,NO2 + O3 -> NO3 + O2,61.70455652128469,408611805.24175864,2.1885451936206663e-07,2.1885451936206663e-05
100pc,13.5,165.97350262355167,NO2 + O3 -> NO3 + O2,530.5992007038058,942121975.5772575,5.631958647166644e-07,5.631958647166644e-05
100pc,16.5,101.64105203100861,NO2 + O3 -> NO3 + O2,3953.441418616615,2462142504.9675813,1.6056915514192261e-06,0.0001605691551419226
100pc,19.5,62.20964033400728,NO2 + O3 -> NO3 + O2,16291.920579391997,3816730791.8629203,4.268553761802001e-06,0.0004268553761802001
100pc,22.5,38.594259238906986,NO2 + O3 -> NO3 + O2,37555.950063137636,4410896474.108459,8.514357633099637e-06,0.0008514357633099636
100pc,25.5,24.238877969854105,NO2 + O3 -> NO3 + O2,64696.98943078016,4327011953.303838,1.4951885996381765e-05,0.0014951885996381765
100pc,28.5,15.403794105594699,NO2 + O3 -> NO3 + O2,84359.61872201115,3736384235.7824907,2.257787566763571e-05,0.0022577875667635712
100pc,31.5,9.901503399511792,NO2 + O3 -> NO3 + O2,72159.11882816491,2899310764.694459,2.257787566763571e-05,0.0022577875667635712
100pc,34.5,6.44751992063258,NO2 + O3 -> NO3 + O2,42445.02362114494,2090483292.1843023,2.030392865603581e-05,0.0020303928656035812
100pc,37.5,4.260503964488342,NO2 + O3 -> NO3 + O2,18318.770910999032,1511578241.8335862,1.211896969936393e-05,0.001211896969936393
100pc,40.5,2.8548760191202653,NO2 + O3 -> NO3 + O2,6107.390904443739,1176278265.5070047,5.192131048864788e-06,0.0005192131048864789
100pc,43.5,1.9358967914801957,NO2 + O3 -> NO3 + O2,1668.5510860690542,980527899.5078162,1.7016864965357914e-06,0.00017016864965357914
100pc,46.5,1.3230947315968489,NO2 + O3 -> NO3 + O2,372.3711538358684,827841179.4440255,4.4980989479884446e-07,4.498098947988445e-05
100pc,49.5,0.9066366446874969,NO2 + O3 -> NO3 + O2,67.12282718140236,654162873.768904,1.026087383936662e-07,1.026087383936662e-05
100pc,52.5,0.6197798924840763,NO2 + O3 -> NO3 + O2,10.121896134891035,475957340.2108574,6.193756599804942e-08,6.193756599804943e-06
100pc,1.5,897.1514764158253,O + O3 -> O2 + O2,12.362377763901822,416178673.41735154,2.865543383343516e-08,2.865543383343516e-06
100pc,4.5,614.8726062742519,O + O3 -> O2 + O2,10.656698878990204,386023162.6934245,2.7606371608984616e-08,2.7606371608984614e-06
100pc,7.5,411.0351930764492,O + O3 -> O2 + O2,8.86810616620218,388358008.34119993,2.2834873945514012e-08,2.283487394551401e-06
100pc,10.5,266.4230553837228,O + O3 -> O2 + O2,7.394864955018532,408611805.24175864,2.2834873945514012e-08,2.283487394551401e-06
100pc,13.5,165.97350262355167,O + O3 -> O2 + O2,52.658946352893615,942121975.5772575,5.5893979461235255e-08,5.5893979461235255e-06
100pc,16.5,101.64105203100861,O + O3 -> O2 + O2,668.7955580410236,2462142504.9675813,2.716315390728489e-07,2.716315390728489e-05
100pc,19.5,62.20964033400728,O + O3 -> O2 + O2,5508.582822934495,3816730791.8629203,1.443272560558507e-06,0.0001443272560558507
100pc,22.5,38.594259238906986,O + O3 -> O2 + O2,24992.170615309617,4410896474.108459,5.666007071807572e-06,0.0005666007071807572
100pc,25.5,24.238877969854105,O + O3 -> O2 + O2,77296.16394377689,4327011953.303838,1.7863635408901132e-05,0.0017863635408901133
100pc,28.5,15.403794105594699,O + O3 -> O2 + O2,170532.0006488507,3736384235.7824907,4.5640916428162025e-05,0.004564091642816202
100pc,31.5,9.901503399511792,O + O3 -> O2 + O2,279227.84450657066,2899310764.694459,9.63083529736754e-05,0.00963083529736754
100pc,34.5,6.44751992063258,O + O3 -> O2 + O2,386977.2575741109,2090483292.1843023,0.00018511377680984305,0.018511377680984306
100pc,37.5,4.260503964488342,O + O3 -> O2 + O2,505636.35914384114,1511578241.8335862,0.0003345088895500972,0.033450888955009715
100pc,40.5,2.8548760191202653,O + O3 -> O2 + O2,682447.08434387,1176278265.5070047,0.0005801748653833357,0.058017486538333565
100pc,43.5,1.9358967914801957,O + O3 -> O2 + O2,958517.8366484611,980527899.5078162,0.0009775528438605333,0.09775528438605334
100pc,46.5,1.3230947315968489,O + O3 -> O2 + O2,1235855.037010667,827841179.4440255,0.0014928648969125475,0.14928648969125474
100pc,49.5,0.9066366446874969,O + O3 -> O2 + O2,1279532.3081312058,654162873.768904,0.001955984296019872,0.19559842960198717
100pc,52.5,0.6197798924840763,O + O3 -> O2 + O2,1045836.6638910953,475957340.2108574,0.002076658536291469,0.2076658536291469
100pc,1.5,897.1514764158253,O1D + O3 -> O2 + O2,1.070347204375895,416178673.41735154,3.227149749683464e-09,3.227149749683464e-07
100pc,4.5,614.8726062742519,O1D + O3 -> O2 + O2,1.498717212704177,386023162.6934245,3.882454105207263e-09,3.882454105207263e-07
100pc,7.5,411.0351930764492,O1D + O3 -> O2 + O2,2.251435311724383,388358008.34119993,5.797319131749018e-09,5.797319131749018e-07
100pc,10.5,266.4230553837228,O1D + O3 -> O2 + O2,3.6741796550800965,408611805.24175864,8.991858795920585e-09,8.991858795920585e-07
100pc,13.5,165.97350262355167,O1D + O3 -> O2 + O2,35.42337912857664,942121975.5772575,3.759956783395484e-08,3.759956783395484e-06
100pc,16.5,101.64105203100861,O1D + O3 -> O2 + O2,373.33731828145653,2462142504.9675813,1.5163107640123056e-07,1.5163107640123056e-05
100pc,19.5,62.20964033400728,O1D + O3 -> O2 + O2,1656.452612351676,3816730791.8629203,4.3399775951794934e-07,4.339977595179493e-05
100pc,22.5,38.594259238906986,O1D + O3 -> O2 + O2,4633.646162826487,4410896474.108459,1.0504998677764365e-06,0.00010504998677764365
100pc,25.5,24.238877969854105,O1D + O3 -> O2 + O2,10046.145301677134,4327011953.303838,2.3217281140179243e-06,0.00023217281140179243
100pc,28.5,15.403794105594699,O1D + O3 -> O2 + O2,16881.76433985457,3736384235.7824907,4.518208855015982e-06,0.0004518208855015982
100pc,31.5,9.901503399511792,O1D + O3 -> O2 + O2,20652.4099077007,2899310764.694459,7.123213613107505e-06,0.0007123213613107506
100pc,34.5,6.44751992063258,O1D + O3 -> O2 + O2,18207.097256193196,2090483292.1843023,8.709515796784474e-06,0.0008709515796784474
100pc,37.5,4.260503964488342,O1D + O3 -> O2 + O2,13512.365912742373,1511578241.8335862,8.709515796784474e-06,0.0008709515796784474
100pc,40.5,2.8548760191202653,O1D + O3 -> O2 + O2,10056.906370120198,1176278265.5070047,8.549768082117393e-06,0.0008549768082117393
100pc,43.5,1.9358967914801957,O1D + O3 -> O2 + O2,8003.673470228963,980527899.5078162,8.162616764139471e-06,0.0008162616764139472
100pc,46.5,1.3230947315968489,O1D + O3 -> O2 + O2,6537.6459337626475,827841179.4440255,7.897222433599283e-06,0.0007897222433599282
100pc,49.5,0.9066366446874969,O1D + O3 -> O2 + O2,4847.707848911311,654162873.768904,7.410551780448274e-06,0.0007410551780448274
100pc,52.5,0.6197798924840763,O1D + O3 -> O2 + O2,3187.742288188677,475957340.2108574,7.054044801715713e-06,0.0007054044801715713
100pc,1.5,897.1514764158253,O3 + M -> O + O2 + M,62511.30521270134,416178673.41735154,7.929820326818168e-05,0.007929820326818167
100pc,4.5,614.8726062742519,O3 + M -> O + O2 + M,3240.0308515895863,386023162.6934245,8.393358649731555e-06,0.0008393358649731556
100pc,7.5,411.0351930764492,O3 + M -> O + O2 + M,76.4673060027993,388358008.34119993,1.968990064848035e-07,1.968990064848035e-05
100pc,10.5,266.4230553837228,O3 + M -> O + O2 + M,0.6402948217568758,408611805.24175864,1.5670003008798044e-09,1.5670003008798044e-07
100pc,13.5,165.97350262355167,O3 + M -> O + O2 + M,0.021496935423643757,942121975.5772575,2.28175713770737e-11,2.28175713770737e-09
100pc,16.5,101.64105203100861,O3 + M -> O + O2 + M,0.008353906878038901,2462142504.9675813,7.7941494565583e-12,7.7941494565583e-10
100pc,19.5,62.20964033400728,O3 + M -> O + O2 + M,0.029748170227227713,3816730791.8629203,7.7941494565583e-12,7.7941494565583e-10
100pc,22.5,38.594259238906986,O3 + M -> O + O2 + M,0.08336068477070704,4410896474.108459,1.8898807818325887e-11,1.8898807818325887e-09
100pc,25.5,24.238877969854105,O3 + M -> O + O2 + M,0.17689818133680102,4327011953.303838,4.0882295506887276e-11,4.0882295506887274e-09
100pc,28.5,15.403794105594699,O3 + M -> O + O2 + M,0.30163561382627446,3736384235.7824907,8.072928124939071e-11,8.072928124939071e-09
100pc,31.5,9.901503399511792,O3 + M -> O + O2 + M,0.4498912814361768,2899310764.694459,1.5517180390408688e-10,1.551718039040869e-08
100pc,34.5,6.44751992063258,O3 + M -> O + O2 + M,0.7810241524739436,2090483292.1843023,3.7360937319803586e-10,3.7360937319803585e-08
100pc,37.5,4.260503964488342,O3 + M -> O + O2 + M,1.340766494401962,1511578241.8335862,8.869977466568817e-10,8.869977466568816e-08
100pc,40.5,2.8548760191202653,O3 + M -> O + O2 + M,2.016199084509801,1176278265.5070047,1.7140494248958767e-09,1.7140494248958766e-07
100pc,43.5,1.9358967914801957,O3 + M -> O + O2 + M,2.382679192232085,980527899.5078162,2.103483099623357e-09,2.1034830996233569e-07
100pc,46.5,1.3230947315968489,O3 + M -> O + O2 + M,1.7413499301327746,827841179.4440255,2.103483099623357e-09,2.1034830996233569e-07
100pc,49.5,0.9066366446874969,O3 + M -> O + O2 + M,0.7351633523594627,654162873.768904,1.1238231055881869e-09,1.1238231055881869e-07
100pc,52.5,0.6197798924840763,O3 + M -> O + O2 + M,0.17857451791865292,475957340.2108574,7.495066404541989e-10,7.49506640454199e-08
100pc,1.5,897.1514764158253,O3 + hv -> O + O2,401742909.26491314,416178673.41735154,0.9622774180520244,96.22774180520244
100pc,4.5,614.8726062742519,O3 + hv -> O + O2,370289358.2070905,386023162.6934245,0.9592412942877481,95.9241294287748
100pc,7.5,411.0351930764492,O3 + hv -> O + O2,370510853.85618055,388358008.34119993,0.9540445823140091,95.40445823140091
100pc,10.5,266.4230553837228,O3 + hv -> O + O2,388214605.59139144,408611805.24175864,0.9500817171978205,95.00817171978206
100pc,13.5,165.97350262355167,O3 + hv -> O + O2,891233077.3373461,942121975.5772575,0.9459848092294729,94.59848092294729
100pc,16.5,101.64105203100861,O3 + hv -> O + O2,2316301256.880079,2462142504.9675813,0.9407665284226013,94.07665284226013
100pc,19.5,62.20964033400728,O3 + hv -> O + O2,3548326600.9476657,3816730791.8629203,0.9296769393619589,92.9676939361959
100pc,22.5,38.594259238906986,O3 + hv -> O + O2,3997619667.1239915,4410896474.108459,0.9063054847443455,90.63054847443455
100pc,25.5,24.238877969854105,O3 + hv -> O + O2,3724548085.003091,4327011953.303838,0.8607667658877756,86.07667658877756
100pc,28.5,15.403794105594699,O3 + hv -> O + O2,2910670524.695603,3736384235.7824907,0.7790072811090417,77.90072811090417
100pc,31.5,9.901503399511792,O3 + hv -> O + O2,1901857936.737019,2899310764.694459,0.6559689840414346,65.59689840414346
100pc,34.5,6.44751992063258,O3 + hv -> O + O2,1082355289.937286,2090483292.1843023,0.5177536189760003,51.77536189760003
100pc,37.5,4.260503964488342,O3 + hv -> O + O2,597179210.4834889,1511578241.8335862,0.39506999634970535,39.50699963497053
100pc,40.5,2.8548760191202653,O3 + hv -> O + O2,350929907.7107596,1176278265.5070047,0.29833919235045986,29.833919235045986
100pc,43.5,1.9358967914801957,O3 + hv -> O + O2,230685877.94625106,980527899.5078162,0.2352670210220899,23.52670210220899
100pc,46.5,1.3230947315968489,O3 + hv -> O + O2,164686598.74903086,827841179.4440255,0.19893501656879845,19.893501656879845
100pc,49.5,0.9066366446874969,O3 + hv -> O + O2,116696088.90175208,654162873.768904,0.17838996002542526,17.838996002542526
100pc,52.5,0.6197798924840763,O3 + hv -> O + O2,79357636.73961803,475957340.2108574,0.17256131354216425,17.256131354216425
100pc,1.5,897.1514764158253,O3 + hv -> O1D + O2,13630362.463426346,416178673.41735154,0.03665288586869822,3.665288586869822
100pc,4.5,614.8726062742519,O3 + hv -> O1D + O2,15654993.38202389,386023162.6934245,0.0405545441180091,4.05545441180091
100pc,7.5,411.0351930764492,O3 + hv -> O1D + O2,17785720.23161863,388358008.34119993,0.04579722794332754,4.579722794332754
100pc,10.5,266.4230553837228,O3 + hv -> O1D + O2,20233028.73352199,408611805.24175864,0.049516505578077824,4.951650557807782
100pc,13.5,165.97350262355167,O3 + hv -> O1D + O2,49591256.78613903,942121975.5772575,0.05263783042079392,5.263783042079392
100pc,16.5,101.64105203100861,O3 + hv -> O1D + O2,140552770.79495355,2462142504.9675813,0.057085554760285574,5.7085554760285575
100pc,19.5,62.20964033400728,O3 + hv -> O1D + O2,257014472.0075993,3816730791.8629203,0.06733890494858619,6.733890494858619
100pc,22.5,38.594259238906986,O3 + hv -> O1D + O2,395094482.53974205,4410896474.108459,0.08957237714802622,8.957237714802622
100pc,25.5,24.238877969854105,O3 + hv -> O1D + O2,575626037.2672793,4327011953.303838,0.13303084056141026,13.303084056141026
100pc,28.5,15.403794105594699,O3 + hv -> O1D + O2,788981355.7049019,3736384235.7824907,0.21116172907192182,21.116172907192183
100pc,31.5,9.901503399511792,O3 + hv -> O1D + O2,957323886.7432256,2899310764.694459,0.3301901605032368,33.01901605032368
100pc,34.5,6.44751992063258,O3 + hv -> O1D + O2,974066204.7921691,2090483292.1843023,0.46595263804973425,46.59526380497343
100pc,37.5,4.260503964488342,O3 + hv -> O1D + O2,890929453.0386703,1511578241.8335862,0.5894034647905148,58.94034647905148
100pc,40.5,2.8548760191202653,O3 + hv -> O1D + O2,811192168.8409603,1176278265.5070047,0.6896260796685864,68.96260796685864
100pc,43.5,1.9358967914801957,O3 + hv -> O1D + O2,741584399.8509077,980527899.5078162,0.7563113708678273,75.63113708678273
100pc,46.5,1.3230947315968489,O3 + hv -> O1D + O2,658163244.6218549,827841179.4440255,0.7950356432665918,79.50356432665919
100pc,49.5,0.9066366446874969,O3 + hv -> O1D + O2,534332390.6394579,654162873.768904,0.8168185815268713,81.68185815268713
100pc,52.5,0.6197798924840763,O3 + hv -> O1D + O2,394579068.9911126,475957340.2108574,0.8229202517839204,82.29202517839204
100pc,1.5,897.1514764158253,OH + O3 -> HO2 + O2,111489.97357534396,416178673.41735154,0.00022760438231076842,0.022760438231076843
100pc,4.5,614.8726062742519,OH + O3 -> HO2 + O2,72309.50368759583,386023162.6934245,0.00018731907998231512,0.018731907998231514
100pc,7.5,411.0351930764492,OH + O3 -> HO2 + O2,41058.7987030988,388358008.34119993,0.0001057240943182141,0.01057240943182141
100pc,10.5,266.4230553837228,OH + O3 -> HO2 + O2,25374.806727784544,408611805.24175864,6.210003333792895e-05,0.006210003333792896
100pc,13.5,165.97350262355167,OH + O3 -> HO2 + O2,41293.30778902753,942121975.5772575,4.745522451467766e-05,0.004745522451467766
100pc,16.5,101.64105203100861,OH + O3 -> HO2 + O2,116841.52536036742,2462142504.9675813,4.745522451467766e-05,0.004745522451467766
100pc,19.5,62.20964033400728,OH + O3 -> HO2 + O2,249536.3631219598,3816730791.8629203,6.537960802840978e-05,0.0065379608028409775
100pc,22.5,38.594259238906986,OH + O3 -> HO2 + O2,413692.6726400693,4410896474.108459,9.378879669210232e-05,0.009378879669210232
100pc,25.5,24.238877969854105,OH + O3 -> HO2 + O2,641374.0193155609,4327011953.303838,0.00014822561764033204,0.014822561764033204
100pc,28.5,15.403794105594699,OH + O3 -> HO2 + O2,930217.053373181,3736384235.7824907,0.0002489618290497821,0.024896182904978206
100pc,31.5,9.901503399511792,OH + O3 -> HO2 + O2,1128778.3630539887,2899310764.694459,0.0003893264484785038,0.03893264484785038
100pc,34.5,6.44751992063258,OH + O3 -> HO2 + O2,1102767.8774280304,2090483292.1843023,0.0005275181492963625,0.05275181492963625
100pc,37.5,4.260503964488342,OH + O3 -> HO2 + O2,939951.0467632787,1511578241.8335862,0.0006218342000101113,0.062183420001011125
100pc,40.5,2.8548760191202653,OH + O3 -> HO2 + O2,782918.7917423618,1176278265.5070047,0.0006655897798170271,0.06655897798170271
100pc,43.5,1.9358967914801957,OH + O3 -> HO2 + O2,659672.2222977477,980527899.5078162,0.0006655897798170271,0.06655897798170271
100pc,46.5,1.3230947315968489,OH + O3 -> HO2 + O2,521964.70139205956,827841179.4440255,0.0006305130915843166,0.06305130915843166
100pc,49.5,0.9066366446874969,OH + O3 -> HO2 + O2,347591.39797968895,654162873.768904,0.0005313529885563064,0.05313529885563064
100pc,52.5,0.6197798924840763,OH + O3 -> HO2 + O2,194934.32328449466,475957340.2108574,0.0004704577916924712,0.04704577916924712
100pc,1.5,897.1514764158253,S + O3 -> SO + O2,5.93814462309295e-08,416178673.41735154,8.807844898397156e-17,8.807844898397157e-15
100pc,4.5,614.8726062742519,S + O3 -> SO + O2,1.2921862678343322e-08,386023162.6934245,3.347431948949065e-17,3.3474319489490654e-15
100pc,7.5,411.0351930764492,S + O3 -> SO + O2,3.125526572058216e-09,388358008.34119993,8.048054900189466e-18,8.048054900189466e-16
100pc,10.5,266.4230553837228,S + O3 -> SO + O2,1.417634517296172e-09,408611805.24175864,8.048054900189466e-18,8.048054900189466e-16
100pc,13.5,165.97350262355167,S + O3 -> SO + O2,6.174692654090989e-08,942121975.5772575,6.55402677589346e-17,6.5540267758934594e-15
100pc,16.5,101.64105203100861,S + O3 -> SO + O2,3.568571813777538e-06,2462142504.9675813,1.4493766329843384e-15,1.4493766329843384e-13
100pc,19.5,62.20964033400728,S + O3 -> SO + O2,5.708005789164542e-05,3816730791.8629203,1.4955222415302976e-14,1.4955222415302975e-12
100pc,22.5,38.594259238906986,S + O3 -> SO + O2,0.0004017682263450403,4410896474.108459,9.108539017031603e-14,9.108539017031603e-12
100pc,25.5,24.238877969854105,S + O3 -> SO + O2,0.0015634049558640502,4327011953.303838,3.6131283498542943e-13,3.6131283498542944e-11
100pc,28.5,15.403794105594699,S + O3 -> SO + O2,0.0030906692551103984,3736384235.7824907,8.2718185820178e-13,8.2718185820178e-11
100pc,31.5,9.901503399511792,S + O3 -> SO + O2,0.0025500172717984916,2899310764.694459,8.2718185820178e-13,8.2718185820178e-11
100pc,34.5,6.44751992063258,S + O3 -> SO + O2,0.0008556203253762477,2090483292.1843023,4.092930704469912e-13,4.0929307044699117e-11
100pc,37.5,4.260503964488342,S + O3 -> SO + O2,0.00016898256102922343,1511578241.8335862,1.1179213642572872e-13,1.1179213642572872e-11
100pc,40.5,2.8548760191202653,S + O3 -> SO + O2,5.301793813333722e-05,1176278265.5070047,4.516882593879975e-14,4.516882593879975e-12
100pc,43.5,1.9358967914801957,S + O3 -> SO + O2,4.428929402100548e-05,980527899.5078162,4.516882593879975e-14,4.516882593879975e-12
100pc,46.5,1.3230947315968489,S + O3 -> SO + O2,4.708007386255968e-05,827841179.4440255,5.687090112402774e-14,5.687090112402774e-12
100pc,49.5,0.9066366446874969,S + O3 -> SO + O2,4.6533188645222866e-05,654162873.768904,7.113394922143142e-14,7.113394922143142e-12
100pc,52.5,0.6197798924840763,S + O3 -> SO + O2,4.251229086663865e-05,475957340.2108574,8.022674479915841e-14,8.022674479915841e-12
100pc,1.5,897.1514764158253,SO + O3 -> SO2 + O2,2.1338414770134033,416178673.41735154,3.214090115848095e-09,3.2140901158480947e-07
100pc,4.5,614.8726062742519,SO + O3 -> SO2 + O2,0.5021990587896746,386023162.6934245,1.300955764637667e-09,1.300955764637667e-07
100pc,7.5,411.0351930764492,SO + O3 -> SO2 + O2,0.20298707606961952,388358008.34119993,5.226802890885182e-10,5.226802890885182e-08
100pc,10.5,266.4230553837228,SO + O3 -> SO2 + O2,0.16183945399187782,408611805.24175864,3.9607141036007057e-10,3.9607141036007053e-08
100pc,13.5,165.97350262355167,SO + O3 -> SO2 + O2,0.23204351767453588,942121975.5772575,2.462988059824823e-10,2.4629880598248228e-08
100pc,16.5,101.64105203100861,SO + O3 -> SO2 + O2,0.469260333511775,2462142504.9675813,2.462988059824823e-10,2.4629880598248228e-08
100pc,19.5,62.20964033400728,SO + O3 -> SO2 + O2,0.9773051231166272,3816730791.8629203,2.560581755465156e-10,2.5605817554651563e-08
100pc,22.5,38.594259238906986,SO + O3 -> SO2 + O2,2.8961377874585112,4410896474.108459,6.565871143107899e-10,6.565871143107899e-08
100pc,25.5,24.238877969854105,SO + O3 -> SO2 + O2,9.216861261124894,4327011953.303838,2.1300752945892535e-09,2.1300752945892535e-07
100pc,28.5,15.403794105594699,SO + O3 -> SO2 + O2,19.435792723355576,3736384235.7824907,5.201764994409159e-09,5.201764994409159e-07
100pc,31.5,9.901503399511792,SO + O3 -> SO2 + O2,18.697648426087678,2899310764.694459,5.201764994409159e-09,5.201764994409159e-07
100pc,34.5,6.44751992063258,SO + O3 -> SO2 + O2,7.619071292492152,2090483292.1843023,3.6446458677654123e-09,3.6446458677654126e-07
100pc,37.5,4.260503964488342,SO + O3 -> SO2 + O2,1.781425880058877,1511578241.8335862,1.1785204568027906e-09,1.1785204568027906e-07
100pc,40.5,2.8548760191202653,SO + O3 -> SO2 + O2,0.5857751082758224,1176278265.5070047,4.979902506515658e-10,4.979902506515657e-08
100pc,43.5,1.9358967914801957,SO + O3 -> SO2 + O2,0.452789183847663,980527899.5078162,4.979902506515658e-10,4.979902506515657e-08
100pc,46.5,1.3230947315968489,SO + O3 -> SO2 + O2,0.44292434117484797,827841179.4440255,5.350354055500283e-10,5.3503540555002833e-08
100pc,49.5,0.9066366446874969,SO + O3 -> SO2 + O2,0.4213412414557254,654162873.768904,6.440922564562607e-10,6.440922564562606e-08
100pc,52.5,0.6197798924840763,SO + O3 -> SO2 + O2,0.3860778757898521,475957340.2108574,7.276264640821932e-10,7.276264640821932e-08
100pc,1.5,897.1514764158253,SO2 + O3 -> SO3 + O2,0.09633890361305202,416178673.41735154,1.2925359803685626e-10,1.2925359803685626e-08
100pc,4.5,614.8726062742519,SO2 + O3 -> SO3 + O2,0.010431394499623473,386023162.6934245,2.7022716530375602e-11,2.7022716530375604e-09
100pc,7.5,411.0351930764492,SO2 + O3 -> SO3 + O2,0.0004567807068768878,388358008.34119993,1.176184595311792e-12,1.176184595311792e-10
100pc,10.5,266.4230553837228,SO2 + O3 -> SO3 + O2,1.2754294052166477e-05,408611805.24175864,3.121371895905036e-14,3.1213718959050363e-12
100pc,13.5,165.97350262355167,SO2 + O3 -> SO3 + O2,5.510535837293331e-07,942121975.5772575,5.849068358602836e-16,5.849068358602837e-14
100pc,16.5,101.64105203100861,SO2 + O3 -> SO3 + O2,3.438811414729994e-08,2462142504.9675813,2.7731965579420206e-17,2.7731965579420205e-15
100pc,19.5,62.20964033400728,SO2 + O3 -> SO3 + O2,1.0584544694585573e-07,3816730791.8629203,2.7731965579420206e-17,2.7731965579420205e-15
100pc,22.5,38.594259238906986,SO2 + O3 -> SO3 + O2,5.624313326486259e-07,4410896474.108459,1.2750952917395457e-16,1.2750952917395457e-14
100pc,25.5,24.238877969854105,SO2 + O3 -> SO3 + O2,1.683881360642295e-06,4327011953.303838,3.8915569885509277e-16,3.8915569885509274e-14
100pc,28.5,15.403794105594699,SO2 + O3 -> SO3 + O2,2.3998187125860324e-06,3736384235.7824907,5.513016225814749e-16,5.5130162258147496e-14
100pc,31.5,9.901503399511792,SO2 + O3 -> SO3 + O2,1.5983947289439921e-06,2899310764.694459,5.513016225814749e-16,5.5130162258147496e-14
100pc,34.5,6.44751992063258,SO2 + O3 -> SO3 + O2,6.089038640062372e-07,2090483292.1843023,2.912742073963223e-16,2.912742073963223e-14
100pc,37.5,4.260503964488342,SO2 + O3 -> SO3 + O2,1.6795171103934185e-07,1511578241.8335862,1.11110167102969e-16,1.1111016710296901e-14
100pc,40.5,2.8548760191202653,SO2 + O3 -> SO3 + O2,7.226940263275307e-08,1176278265.5070047,7.027118307193796e-17,7.027118307193796e-15
100pc,43.5,1.9358967914801957,SO2 + O3 -> SO3 + O2,6.890285553345654e-08,980527899.5078162,7.027118307193796e-17,7.027118307193796e-15
100pc,46.5,1.3230947315968489,SO2 + O3 -> SO3 + O2,6.141362712417674e-08,827841179.4440255,7.027118307193796e-17,7.027118307193796e-15
100pc,49.5,0.9066366446874969,SO2 + O3 -> SO3 + O2,3.730881627807732e-08,654162873.768904,5.703291607352421e-17,5.703291607352421e-15
100pc,52.5,0.6197798924840763,SO2 + O3 -> SO3 + O2,1.530631428859621e-08,475957340.2108574,4.4595960331878775e-17,4.459596033187878e-15
100pc,1.5,897.1514764158253,rainout,2.2330965206010167,416178673.41735154,3.0353872407586416e-09,3.0353872407586414e-07
100pc,4.5,614.8726062742519,rainout,0.2721689477838433,386023162.6934245,7.050585925591128e-10,7.050585925591129e-08
100pc,7.5,411.0351930764492,rainout,0.1421381918317826,388358008.34119993,3.6599783905293943e-10,3.659978390529394e-08
100pc,10.5,266.4230553837228,rainout,0.010704665251584793,408611805.24175864,1.9609773986678183e-10,1.9609773986678182e-08
10pc,1.5,900.0331973570136,CH3 + O3 -> H2CO + HO2,34.632877903723866,358732789.7843685,7.969586356684973e-08,7.969586356684973e-06
10pc,4.5,623.2775179434025,CH3 + O3 -> H2CO + HO2,22.428306361739526,356857599.7124534,6.284945698175315e-08,6.284945698175315e-06
10pc,7.5,421.4106946257495,CH3 + O3 -> H2CO + HO2,11.172989700793384,415533992.8039577,2.688826881622804e-08,2.6888268816228043e-06
10pc,10.5,276.58425760934597,CH3 + O3 -> H2CO + HO2,4.821942319073301,512620080.0347179,9.40646398156453e-09,9.40646398156453e-07
10pc,13.5,174.5775060127096,CH3 + O3 -> H2CO + HO2,7.780608398749888,1391453054.038451,9.172693796476145e-09,9.172693796476145e-07
10pc,16.5,108.21163031928154,CH3 + O3 -> H2CO + HO2,31.671577834559585,3452810977.5916414,9.172693796476145e-09,9.172693796476145e-07
10pc,19.5,66.68755051720059,CH3 + O3 -> H2CO + HO2,104.32796667878206,4522333534.661951,2.306949849655012e-08,2.306949849655012e-06
10pc,22.5,41.24180585944958,CH3 + O3 -> H2CO + HO2,233.3884272210708,4100013198.183735,5.6923823397558706e-08,5.6923823397558705e-06
10pc,25.5,25.63912428565281,CH3 + O3 -> H2CO + HO2,403.07072742196993,3050197145.5676413,1.3214579523414987e-07,1.3214579523414987e-05
10pc,28.5,16.110363824054726,CH3 + O3 -> H2CO + HO2,579.0722862178538,2078654504.1702332,2.78580343706041e-07,2.78580343706041e-05
10pc,31.5,10.277669278912304,CH3 + O3 -> H2CO + HO2,779.5281975197453,1460621847.2676702,5.336961096248007e-07,5.336961096248007e-05
10pc,34.5,6.647029101842654,CH3 + O3 -> H2CO + HO2,994.8493090242115,1248517854.5973928,7.96824254744053e-07,7.96824254744053e-05
10pc,37.5,4.311192814228522,CH3 + O3 -> H2CO + HO2,1025.5399959330557,1280154237.868648,7.96824254744053e-07,7.96824254744053e-05
10pc,40.5,2.771766822356076,CH3 + O3 -> H2CO + HO2,652.4040956016855,1202144696.2450159,5.42700140540083e-07,5.4270014054008303e-05
10pc,43.5,1.7565711712459267,CH3 + O3 -> H2CO + HO2,242.159310878342,873969810.7890607,2.7707972047651086e-07,2.7707972047651085e-05
10pc,46.5,1.0958580694716187,CH3 + O3 -> H2CO + HO2,61.66926078423545,530240746.92863756,1.1630426582915024e-07,1.1630426582915024e-05
10pc,49.5,0.6724264106653198,CH3 + O3 -> H2CO + HO2,12.574372815719576,291137161.28936183,4.319054551480592e-08,4.319054551480592e-06
10pc,52.5,0.4063009684257132,CH3 + O3 -> H2CO + HO2,2.2306397727353158,144981040.29478028,2.9288139935759197e-08,2.9288139935759198e-06
10pc,1.5,900.0331973570136,CS + O3 -> OCS + O2,1.0792450536260024e-24,358732789.7843685,2.5468190128158373e-33,2.5468190128158374e-31
10pc,4.5,623.2775179434025,CS + O3 -> OCS + O2,7.440998820358994e-25,356857599.7124534,2.085145118488371e-33,2.085145118488371e-31
10pc,7.5,421.4106946257495,CS + O3 -> OCS + O2,6.0881505278696175e-25,415533992.8039577,1.465138985811423e-33,1.465138985811423e-31
10pc,10.5,276.58425760934597,CS + O3 -> OCS + O2,5.18960303515425e-25,512620080.0347179,1.0123682698506029e-33,1.0123682698506029e-31
10pc,13.5,174.5775060127096,CS + O3 -> OCS + O2,9.001795493276636e-25,1391453054.038451,6.469349050009619e-34,6.469349050009619e-32
10pc,16.5,108.21163031928154,CS + O3 -> OCS + O2,1.4201049203162125e-24,3452810977.5916414,4.112895057194081e-34,4.112895057194081e-32
10pc,19.5,66.68755051720059,CS + O3 -> OCS + O2,1.1042518468489997e-24,4522333534.661951,4.112895057194081e-34,4.112895057194081e-32
10pc,22.5,41.24180585944958,CS + O3 -> OCS + O2,4.45147004888349e-24,4100013198.183735,1.0857209071559689e-33,1.0857209071559688e-31
10pc,25.5,25.63912428565281,CS + O3 -> OCS + O2,1.650039651273832e-23,3050197145.5676413,5.409616403554662e-33,5.409616403554662e-31
10pc,28.5,16.110363824054726,CS + O3 -> OCS + O2,1.664791886872648e-23,2078654504.1702332,5.409616403554662e-33,5.409616403554662e-31
10pc,31.5,10.277669278912304,CS + O3 -> OCS + O2,4.805130794203128e-24,1460621847.2676702,3.289784281394876e-33,3.2897842813948757e-31
10pc,34.5,6.647029101842654,CS + O3 -> OCS + O2,5.9681266407524575e-25,1248517854.5973928,4.780169237288952e-34,4.7801692372889515e-32
10pc,37.5,4.311192814228522,CS + O3 -> OCS + O2,4.472945096142148e-26,1280154237.868648,3.4940673270661784e-35,3.494067327066178e-33
10pc,40.5,2.771766822356076,CS + O3 -> OCS + O2,2.3967465753419574e-27,1202144696.2450159,1.993725533064668e-36,1.993725533064668e-34
10pc,43.5,1.7565711712459267,CS + O3 -> OCS + O2,5.57718841839112e-28,873969810.7890607,1.1215266250473757e-36,1.1215266250473757e-34
10pc,46.5,1.0958580694716187,CS + O3 -> OCS + O2,5.946791153654745e-28,530240746.92863756,1.1215266250473757e-36,1.1215266250473757e-34
10pc,49.5,0.6724264106653198,CS + O3 -> OCS + O2,6.162493415730503e-28,291137161.28936183,2.1166976377864687e-36,2.1166976377864685e-34
10pc,52.5,0.4063009684257132,CS + O3 -> OCS + O2,9.931544064180649e-28,144981040.29478028,4.483467042623559e-36,4.483467042623559e-34
10pc,1.5,900.0331973570136,Cl + O3 -> ClO + O2,4.13531769871188e-20,358732789.7843685,9.545672831916656e-29,9.545672831916655e-27
10pc,4.5,623.2775179434025,Cl + O3 -> ClO + O2,2.6991904768278873e-20,356857599.7124534,7.563774679319776e-29,7.563774679319776e-27
10pc,7.5,421.4106946257495,Cl + O3 -> ClO + O2,2.0464865627360232e-20,415533992.8039577,4.924955835566316e-29,4.924955835566316e-27
10pc,10.5,276.58425760934597,Cl + O3 -> ClO + O2,1.5885439741366665e-20,512620080.0347179,3.098871924855304e-29,3.098871924855304e-27
10pc,13.5,174.5775060127096,Cl + O3 -> ClO + O2,2.5607802933656303e-20,1391453054.038451,1.8403641329712202e-29,1.8403641329712202e-27
10pc,16.5,108.21163031928154,Cl + O3 -> ClO + O2,3.912313256513679e-20,3452810977.5916414,1.1330806354312924e-29,1.1330806354312923e-27
10pc,19.5,66.68755051720059,Cl + O3 -> ClO + O2,3.055243194416584e-20,4522333534.661951,6.755899738485269e-30,6.755899738485269e-28
10pc,22.5,41.24180585944958,Cl + O3 -> ClO + O2,1.5607149130763386e-20,4100013198.183735,3.806609485471217e-30,3.8066094854712175e-28
10pc,25.5,25.63912428565281,Cl + O3 -> ClO + O2,6.073981419876334e-21,3050197145.5676413,1.991340601935409e-30,1.991340601935409e-28
10pc,28.5,16.110363824054726,Cl + O3 -> ClO + O2,2.0367729672583e-21,2078654504.1702332,9.798516122674981e-31,9.798516122674981e-29
10pc,31.5,10.277669278912304,Cl + O3 -> ClO + O2,6.880577038112919e-22,1460621847.2676702,4.710717596744259e-31,4.7107175967442584e-29
10pc,34.5,6.647029101842654,Cl + O3 -> ClO + O2,2.718764469059158e-22,1248517854.5973928,2.177593583502154e-31,2.177593583502154e-29
10pc,37.5,4.311192814228522,Cl + O3 -> ClO + O2,1.189441390692805e-22,1280154237.868648,9.291391267611062e-32,9.291391267611062e-30
10pc,40.5,2.771766822356076,Cl + O3 -> ClO + O2,4.6493585328229124e-23,1202144696.2450159,3.8675531717151133e-32,3.867553171715113e-30
10pc,43.5,1.7565711712459267,Cl + O3 -> ClO + O2,1.5377728159109372e-23,873969810.7890607,1.7595262409837293e-32,1.7595262409837294e-30
10pc,46.5,1.0958580694716187,Cl + O3 -> ClO + O2,4.760828310184083e-24,530240746.92863756,8.978616482721609e-33,8.978616482721609e-31
10pc,49.5,0.6724264106653198,Cl + O3 -> ClO + O2,1.4355351120528442e-24,291137161.28936183,4.930786251041525e-33,4.930786251041525e-31
10pc,52.5,0.4063009684257132,Cl + O3 -> ClO + O2,4.077211259482122e-25,144981040.29478028,3.871511901876691e-33,3.871511901876691e-31
10pc,1.5,900.0331973570136,H + O3 -> OH + O2,13.113714338603161,358732789.7843685,3.22778419016313e-08,3.22778419016313e-06
10pc,4.5,623.2775179434025,H + O3 -> OH + O2,9.992020844252504,356857599.7124534,2.8000022564473377e-08,2.8000022564473376e-06
10pc,7.5,421.4106946257495,H + O3 -> OH + O2,8.033023828997669,415533992.8039577,1.9331809113358197e-08,1.9331809113358196e-06
10pc,10.5,276.58425760934597,H + O3 -> OH + O2,6.279102602099492,512620080.0347179,1.2249037536091506e-08,1.2249037536091506e-06
10pc,13.5,174.5775060127096,H + O3 -> OH + O2,11.357588240242029,1391453054.038451,8.162394129847643e-09,8.162394129847644e-07
10pc,16.5,108.21163031928154,H + O3 -> OH + O2,27.989067628332457,3452810977.5916414,8.162394129847643e-09,8.162394129847644e-07
10pc,19.5,66.68755051720059,H + O3 -> OH + O2,65.98394121093398,4522333534.661951,1.4590684367968968e-08,1.4590684367968968e-06
10pc,22.5,41.24180585944958,H + O3 -> OH + O2,162.78755695045152,4100013198.183735,3.970415437261636e-08,3.970415437261636e-06
10pc,25.5,25.63912428565281,H + O3 -> OH + O2,354.17448184206575,3050197145.5676413,1.161152754853011e-07,1.161152754853011e-05
10pc,28.5,16.110363824054726,H + O3 -> OH + O2,744.0380431656097,2078654504.1702332,3.5794214078044596e-07,3.5794214078044594e-05
10pc,31.5,10.277669278912304,H + O3 -> OH + O2,2038.2932674283704,1460621847.2676702,1.3954969051307348e-06,0.00013954969051307347
10pc,34.5,6.647029101842654,H + O3 -> OH + O2,8863.312174425051,1248517854.5973928,7.099067219413683e-06,0.0007099067219413683
10pc,37.5,4.311192814228522,H + O3 -> OH + O2,44284.65784073609,1280154237.868648,3.4593220512605116e-05,0.003459322051260512
10pc,40.5,2.771766822356076,H + O3 -> OH + O2,131924.22624627262,1202144696.2450159,0.00010974072144422156,0.010974072144422156
10pc,43.5,1.7565711712459267,H + O3 -> OH + O2,207275.27240028116,873969810.7890607,0.00023716525427021714,0.023716525427021715
10pc,46.5,1.0958580694716187,H + O3 -> OH + O2,232036.80190361664,530240746.92863756,0.0004376065084542537,0.04376065084542537
10pc,49.5,0.6724264106653198,H + O3 -> OH + O2,232537.5489410991,291137161.28936183,0.0007987216331685654,0.07987216331685654
10pc,52.5,0.4063009684257132,H + O3 -> OH + O2,226949.7492999336,144981040.29478028,0.0011820485005686568,0.11820485005686568
10pc,1.5,900.0331973570136,HS + O3 -> HSO + O2,1836.1958378629736,358732789.7843685,2.815172576544769e-06,0.0002815172576544769
10pc,4.5,623.2775179434025,HS + O3 -> HSO + O2,182.63389468293695,356857599.7124534,5.117836773830755e-07,5.117836773830755e-05
10pc,7.5,421.4106946257495,HS + O3 -> HSO + O2,23.581011487219595,415533992.8039577,5.674869419971795e-08,5.674869419971795e-06
10pc,10.5,276.58425760934597,HS + O3 -> HSO + O2,4.914272406927735,512620080.0347179,9.586578049371201e-09,9.5865780493712e-07
10pc,13.5,174.5775060127096,HS + O3 -> HSO + O2,1.3757473802402225,1391453054.038451,9.887127533676788e-10,9.887127533676788e-08
10pc,16.5,108.21163031928154,HS + O3 -> HSO + O2,0.9941644426654899,3452810977.5916414,2.8792900889087363e-10,2.8792900889087362e-08
10pc,19.5,66.68755051720059,HS + O3 -> HSO + O2,1.1062869212151822,4522333534.661951,2.658949023252821e-10,2.658949023252821e-08
10pc,22.5,41.24180585944958,HS + O3 -> HSO + O2,1.0901726088634316,4100013198.183735,2.446274501285492e-10,2.4462745012854923e-08
10pc,25.5,25.63912428565281,HS + O3 -> HSO + O2,0.5608052004991322,3050197145.5676413,1.8385867330380917e-10,1.8385867330380917e-08
10pc,28.5,16.110363824054726,HS + O3 -> HSO + O2,0.12707347179479445,2078654504.1702332,6.11325602883295e-11,6.11325602883295e-09
10pc,31.5,10.277669278912304,HS + O3 -> HSO + O2,0.014635907239572893,1460621847.2676702,1.0020326114491392e-11,1.0020326114491393e-09
10pc,34.5,6.647029101842654,HS + O3 -> HSO + O2,0.0009603084533633922,1248517854.5973928,7.691587667947777e-13,7.691587667947777e-11
10pc,37.5,4.311192814228522,HS + O3 -> HSO + O2,3.259237666223157e-05,1280154237.868648,2.545972641272915e-14,2.5459726412729148e-12
10pc,40.5,2.771766822356076,HS + O3 -> HSO + O2,6.646763699676561e-07,1202144696.2450159,5.529087904674203e-16,5.5290879046742025e-14
10pc,43.5,1.7565711712459267,HS + O3 -> HSO + O2,5.53357122975123e-08,873969810.7890607,1.3172703790661501e-16,1.31727037906615e-14
10pc,46.5,1.0958580694716187,HS + O3 -> HSO + O2,6.98470429703005e-08,530240746.92863756,1.3172703790661501e-16,1.31727037906615e-14
10pc,49.5,0.6724264106653198,HS + O3 -> HSO + O2,6.958046657095156e-08,291137161.28936183,2.389954833069056e-16,2.389954833069056e-14
10pc,52.5,0.4063009684257132,HS + O3 -> HSO + O2,4.5773028332960054e-08,144981040.29478028,2.773564114488026e-16,2.773564114488026e-14
10pc,1.5,900.0331973570136,NO + O3 -> NO2 + O2,413850.8294719327,358732789.7843685,0.0005783756822792952,0.05783756822792952
10pc,4.5,623.2775179434025,NO + O3 -> NO2 + O2,1107.992422838114,356857599.7124534,7.338775366389344e-06,0.0007338775366389344
10pc,7.5,421.4106946257495,NO + O3 -> NO2 + O2,3049.5106302870918,415533992.8039577,7.338775366389344e-06,0.0007338775366389344
10pc,10.5,276.58425760934597,NO + O3 -> NO2 + O2,31938.791304456085,512620080.0347179,6.230499457277012e-05,0.006230499457277012
10pc,13.5,174.5775060127096,NO + O3 -> NO2 + O2,546615.7100308135,1391453054.038451,0.0003928380540359276,0.03928380540359276
10pc,16.5,108.21163031928154,NO + O3 -> NO2 + O2,2976656.1541117188,3452810977.5916414,0.0008620964696387626,0.08620964696387626
10pc,19.5,66.68755051720059,NO + O3 -> NO2 + O2,7233851.561922369,4522333534.661951,0.00159958382248405,0.159958382248405
10pc,22.5,41.24180585944958,NO + O3 -> NO2 + O2,11521305.953978045,4100013198.183735,0.002810065577125915,0.2810065577125915
10pc,25.5,25.63912428565281,NO + O3 -> NO2 + O2,12732511.628711967,3050197145.5676413,0.004174324157116883,0.4174324157116883
10pc,28.5,16.110363824054726,NO + O3 -> NO2 + O2,10057061.929325445,2078654504.1702332,0.004174324157116883,0.4174324157116883
10pc,31.5,10.277669278912304,NO + O3 -> NO2 + O2,5949758.637595033,1460621847.2676702,0.004073442177196665,0.40734421771966656
10pc,34.5,6.647029101842654,NO + O3 -> NO2 + O2,2761139.117924385,1248517854.5973928,0.0022115335457615574,0.22115335457615573
10pc,37.5,4.311192814228522,NO + O3 -> NO2 + O2,966723.7361272203,1280154237.868648,0.0007551619230950922,0.07551619230950922
10pc,40.5,2.771766822356076,NO + O3 -> NO2 + O2,229550.02811196682,1202144696.2450159,0.0001909504145623922,0.01909504145623922
10pc,43.5,1.7565711712459267,NO + O3 -> NO2 + O2,41449.090719930435,873969810.7890607,4.74262270941696e-05,0.00474262270941696
10pc,46.5,1.0958580694716187,NO + O3 -> NO2 + O2,7288.58397467131,530240746.92863756,1.374580134946182e-05,0.001374580134946182
10pc,49.5,0.6724264106653198,NO + O3 -> NO2 + O2,1392.578878763399,291137161.28936183,4.783239874278062e-06,0.0004783239874278062
10pc,52.5,0.4063009684257132,NO + O3 -> NO2 + O2,295.40477058093416,144981040.29478028,3.410390288008039e-06,0.00034103902880080393
10pc,1.5,900.0331973570136,NO2 + O3 -> NO3 + O2,4759.520673547589,358732789.7843685,6.737192624860633e-06,0.0006737192624860633
10pc,4.5,623.2775179434025,NO2 + O3 -> NO3 + O2,73.7953630605221,356857599.7124534,2.0679218579059122e-07,2.0679218579059122e-05
10pc,7.5,421.4106946257495,NO2 + O3 -> NO3 + O2,41.195011616981844,415533992.8039577,9.913752504098261e-08,9.91375250409826e-06
10pc,10.5,276.58425760934597,NO2 + O3 -> NO3 + O2,28.064406272719054,512620080.0347179,9.913752504098261e-08,9.91375250409826e-06
10pc,13.5,174.5775060127096,NO2 + O3 -> NO3 + O2,335.38715553948543,1391453054.038451,2.4103375573188215e-07,2.4103375573188214e-05
10pc,16.5,108.21163031928154,NO2 + O3 -> NO3 + O2,2755.551179298353,3452810977.5916414,7.98060246327289e-07,7.98060246327289e-05
10pc,19.5,66.68755051720059,NO2 + O3 -> NO3 + O2,8138.007138773237,4522333534.661951,1.7995150239137682e-06,0.00017995150239137682
10pc,22.5,41.24180585944958,NO2 + O3 -> NO3 + O2,10879.866245749214,4100013198.183735,2.653617371419411e-06,0.00026536173714194106
10pc,25.5,25.63912428565281,NO2 + O3 -> NO3 + O2,8488.814752915583,3050197145.5676413,2.653617371419411e-06,0.00026536173714194106
10pc,28.5,16.110363824054726,NO2 + O3 -> NO3 + O2,4523.653196436937,2078654504.1702332,2.1762410190637763e-06,0.00021762410190637763
10pc,31.5,10.277669278912304,NO2 + O3 -> NO3 + O2,1815.9253358853744,1460621847.2676702,1.2432549460234057e-06,0.00012432549460234058
10pc,34.5,6.647029101842654,NO2 + O3 -> NO3 + O2,494.966994766375,1248517854.5973928,3.964436655381161e-07,3.964436655381161e-05
10pc,37.5,4.311192814228522,NO2 + O3 -> NO3 + O2,70.31611421485047,1280154237.868648,5.4927845516428584e-08,5.492784551642859e-06
10pc,40.5,2.771766822356076,NO2 + O3 -> NO3 + O2,4.664013166945576,1202144696.2450159,3.879743579549078e-09,3.8797435795490776e-07
10pc,43.5,1.7565711712459267,NO2 + O3 -> NO3 + O2,0.2145643383243091,873969810.7890607,2.4550543471357485e-10,2.4550543471357486e-08
10pc,46.5,1.0958580694716187,NO2 + O3 -> NO3 + O2,0.010530882383085858,530240746.92863756,1.9860567947832867e-11,1.986056794783287e-09
10pc,49.5,0.6724264106653198,NO2 + O3 -> NO3 + O2,0.0006282036396700036,291137161.28936183,2.157758346230596e-12,2.157758346230596e-10
10pc,52.5,0.4063009684257132,NO2 + O3 -> NO3 + O2,4.8674816192149615e-05,144981040.29478028,1.2467453164854322e-12,1.246745316485432e-10
10pc,1.5,900.0331973570136,O + O3 -> O2 + O2,89.52952200148651,358732789.7843685,2.46225416354035e-07,2.46225416354035e-05
10pc,4.5,623.2775179434025,O + O3 -> O2 + O2,86.67329435137037,356857599.7124534,2.428792168674829e-07,2.428792168674829e-05
10pc,7.5,421.4106946257495,O + O3 -> O2 + O2,94.62636910956746,415533992.8039577,2.2772233017819716e-07,2.2772233017819715e-05
10pc,10.5,276.58425760934597,O + O3 -> O2 + O2,105.9868680823052,512620080.0347179,2.2772233017819716e-07,2.2772233017819715e-05
10pc,13.5,174.5775060127096,O + O3 -> O2 + O2,981.0733373112514,1391453054.038451,7.050711013669173e-07,7.050711013669174e-05
10pc,16.5,108.21163031928154,O + O3 -> O2 + O2,9517.827900106731,3452810977.5916414,2.75654472888217e-06,0.000275654472888217
10pc,19.5,66.68755051720059,O + O3 -> O2 + O2,40133.15061893586,4522333534.661951,8.874434030867175e-06,0.0008874434030867176
10pc,22.5,41.24180585944958,O + O3 -> O2 + O2,82173.86501875237,4100013198.183735,2.0042341584450164e-05,0.0020042341584450164
10pc,25.5,25.63912428565281,O + O3 -> O2 + O2,120769.4621511118,3050197145.5676413,3.959398569584479e-05,0.003959398569584479
10pc,28.5,16.110363824054726,O + O3 -> O2 + O2,162962.7839931302,2078654504.1702332,7.839820598670505e-05,0.007839820598670505
10pc,31.5,10.277669278912304,O + O3 -> O2 + O2,242284.13782611297,1460621847.2676702,0.00016587738864740707,0.016587738864740707
10pc,34.5,6.647029101842654,O + O3 -> O2 + O2,395262.13968682144,1248517854.5973928,0.0003165850918602048,0.03165850918602048
10pc,37.5,4.311192814228522,O + O3 -> O2 + O2,560482.3815049917,1280154237.868648,0.00042371787861530074,0.04237178786153007
10pc,40.5,2.771766822356076,O + O3 -> O2 + O2,509370.2004815732,1202144696.2450159,0.00042371787861530074,0.04237178786153007
10pc,43.5,1.7565711712459267,O + O3 -> O2 + O2,300656.6947365249,873969810.7890607,0.0003440126775833115,0.03440126775833115
10pc,46.5,1.0958580694716187,O + O3 -> O2 + O2,142246.51769424786,530240746.92863756,0.0002682677981995829,0.02682677981995829
10pc,49.5,0.6724264106653198,O + O3 -> O2 + O2,61770.07499868164,291137161.28936183,0.0002121682945767553,0.02121682945767553
10pc,52.5,0.4063009684257132,O + O3 -> O2 + O2,26361.63540105731,144981040.29478028,0.00019699822594120684,0.019699822594120685
10pc,1.5,900.0331973570136,O1D + O3 -> O2 + O2,1.2075796416023383,358732789.7843685,4.39720114405297e-09,4.39720114405297e-07
10pc,4.5,623.2775179434025,O1D + O3 -> O2 + O2,1.9370819843082618,356857599.7124534,5.428165144497727e-09,5.428165144497727e-07
10pc,7.5,421.4106946257495,O1D + O3 -> O2 + O2,3.8558391828568954,415533992.8039577,9.279238882090734e-09,9.279238882090734e-07
10pc,10.5,276.58425760934597,O1D + O3 -> O2 + O2,8.595125885378181,512620080.0347179,1.6767048775764038e-08,1.6767048775764038e-06
10pc,13.5,174.5775060127096,O1D + O3 -> O2 + O2,113.53713961355916,1391453054.038451,8.159609789495759e-08,8.15960978949576e-06
10pc,16.5,108.21163031928154,O1D + O3 -> O2 + O2,1078.2464273623596,3452810977.5916414,3.1228075743504606e-07,3.122807574350461e-05
10pc,19.5,66.68755051720059,O1D + O3 -> O2 + O2,3649.737123089272,4522333534.661951,8.070473119940042e-07,8.070473119940042e-05
10pc,22.5,41.24180585944958,O1D + O3 -> O2 + O2,6708.880603740034,4100013198.183735,1.6363070749899051e-06,0.00016363070749899052
10pc,25.5,25.63912428565281,O1D + O3 -> O2 + O2,7995.752902381829,3050197145.5676413,2.6213888876005163e-06,0.00026213888876005164
10pc,28.5,16.110363824054726,O1D + O3 -> O2 + O2,6843.996092705807,2078654504.1702332,3.2925125743480995e-06,0.00032925125743480993
10pc,31.5,10.277669278912304,O1D + O3 -> O2 + O2,5335.405288081902,1460621847.2676702,3.6528313595080355e-06,0.00036528313595080356
10pc,34.5,6.647029101842654,O1D + O3 -> O2 + O2,5296.5564547438025,1248517854.5973928,4.242275298859681e-06,0.00042422752988596806
10pc,37.5,4.311192814228522,O1D + O3 -> O2 + O2,6308.848179866234,1280154237.868648,4.7899485713277016e-06,0.00047899485713277014
10pc,40.5,2.771766822356076,O1D + O3 -> O2 + O2,5758.211270307987,1202144696.2450159,4.7899485713277016e-06,0.00047899485713277014
10pc,43.5,1.7565711712459267,O1D + O3 -> O2 + O2,3417.9605980940987,873969810.7890607,3.91084515265831e-06,0.000391084515265831
10pc,46.5,1.0958580694716187,O1D + O3 -> O2 + O2,1602.6836037246703,530240746.92863756,3.022558362419415e-06,0.0003022558362419415
10pc,49.5,0.6724264106653198,O1D + O3 -> O2 + O2,678.2647027041127,291137161.28936183,2.329708442921802e-06,0.0002329708442921802
10pc,52.5,0.4063009684257132,O1D + O3 -> O2 + O2,254.20060520857547,144981040.29478028,2.0415226626988946e-06,0.00020415226626988947
10pc,1.5,900.0331973570136,O3 + M -> O + O2 + M,54965.32610057251,358732789.7843685,8.088135132559358e-05,0.008088135132559357
10pc,4.5,623.2775179434025,O3 + M -> O + O2 + M,3048.241819059954,356857599.7124534,8.541899686362707e-06,0.0008541899686362708
10pc,7.5,421.4106946257495,O3 + M -> O + O2 + M,85.782222820789,415533992.8039577,2.0643852081016072e-07,2.064385208101607e-05
10pc,10.5,276.58425760934597,O3 + M -> O + O2 + M,0.8689066400574459,512620080.0347179,1.695030440474743e-09,1.695030440474743e-07
10pc,13.5,174.5775060127096,O3 + M -> O + O2 + M,0.031776617018035073,1391453054.038451,2.2837002603723467e-11,2.2837002603723465e-09
10pc,16.5,108.21163031928154,O3 + M -> O + O2 + M,0.008691771229450269,3452810977.5916414,2.5173029412437854e-12,2.5173029412437854e-10
10pc,19.5,66.68755051720059,O3 + M -> O + O2 + M,0.008249642261507567,4522333534.661951,1.8242003156726997e-12,1.8242003156726997e-10
10pc,22.5,41.24180585944958,O3 + M -> O + O2 + M,0.006147444164636863,4100013198.183735,1.8242003156726997e-12,1.8242003156726997e-10
10pc,25.5,25.63912428565281,O3 + M -> O + O2 + M,0.005735850401216351,3050197145.5676413,1.880485138329939e-12,1.880485138329939e-10
10pc,28.5,16.110363824054726,O3 + M -> O + O2 + M,0.009156378803488123,2078654504.1702332,4.404954640185964e-12,4.4049546401859636e-10
10pc,31.5,10.277669278912304,O3 + M -> O + O2 + M,0.020021153333006553,1460621847.2676702,1.3707280478146595e-11,1.3707280478146594e-09
10pc,34.5,6.647029101842654,O3 + M -> O + O2 + M,0.021334994358242577,1248517854.5973928,1.3707280478146595e-11,1.3707280478146594e-09
10pc,37.5,4.311192814228522,O3 + M -> O + O2 + M,0.006239549228137409,1280154237.868648,4.874060518305784e-12,4.874060518305784e-10
10pc,40.5,2.771766822356076,O3 + M -> O + O2 + M,0.000553893825463042,1202144696.2450159,4.607547054802709e-13,4.607547054802709e-11
10pc,43.5,1.7565711712459267,O3 + M -> O + O2 + M,2.9277850040763894e-05,873969810.7890607,3.34998413896362e-14,3.3499841389636196e-12
10pc,46.5,1.0958580694716187,O3 + M -> O + O2 + M,1.2801812083463343e-06,530240746.92863756,2.4143395538001297e-15,2.4143395538001297e-13
10pc,49.5,0.6724264106653198,O3 + M -> O + O2 + M,4.972966899834938e-08,291137161.28936183,1.7081182209138514e-16,1.7081182209138515e-14
10pc,52.5,0.4063009684257132,O3 + M -> O + O2 + M,2.498523099560793e-09,144981040.29478028,9.402263463410355e-17,9.402263463410355e-15
10pc,1.5,900.0331973570136,O3 + hv -> O + O2,341321625.11857444,358732789.7843685,0.946377760899328,94.6377760899328
10pc,4.5,623.2775179434025,O3 + hv -> O + O2,335906744.5955769,356857599.7124534,0.9412907133440392,94.12907133440392
10pc,7.5,421.4106946257495,O3 + hv -> O + O2,387923287.167855,415533992.8039577,0.9335536776430973,93.35536776430973
10pc,10.5,276.58425760934597,O3 + hv -> O + O2,475550952.76608336,512620080.0347179,0.9276869387049294,92.76869387049294
10pc,13.5,174.5775060127096,O3 + hv -> O + O2,1282160053.416785,1391453054.038451,0.9214540509976517,92.14540509976517
10pc,16.5,108.21163031928154,O3 + hv -> O + O2,3139026049.2460027,3452810977.5916414,0.9091218921678401,90.91218921678401
10pc,19.5,66.68755051720059,O3 + hv -> O + O2,3964953293.347755,4522333534.661951,0.8767494177415066,87.67494177415067
10pc,22.5,41.24180585944958,O3 + hv -> O + O2,3310453051.8813505,4100013198.183735,0.8074249744727281,80.74249744727281
10pc,25.5,25.63912428565281,O3 + hv -> O + O2,2119022157.1626713,3050197145.5676413,0.6947164579974459,69.47164579974458
10pc,28.5,16.110363824054726,O3 + hv -> O + O2,1173992530.138141,2078654504.1702332,0.5647848296976994,56.47848296976994
10pc,31.5,10.277669278912304,O3 + hv -> O + O2,657855137.8684654,1460621847.2676702,0.45039387785352525,45.039387785352524
10pc,34.5,6.647029101842654,O3 + hv -> O + O2,438847049.9734684,1248517854.5973928,0.3514944126409651,35.14944126409651
10pc,37.5,4.311192814228522,O3 + hv -> O + O2,339892240.9342487,1280154237.868648,0.26550881985919245,26.550881985919244
10pc,40.5,2.771766822356076,O3 + hv -> O + O2,248669655.3588692,1202144696.2450159,0.2068550118264519,20.68550118264519
10pc,43.5,1.7565711712459267,O3 + hv -> O + O2,154521820.52853662,873969810.7890607,0.17680452873884409,17.68045287388441
10pc,46.5,1.0958580694716187,O3 + hv -> O + O2,86517256.38142794,530240746.92863756,0.16316598994432216,16.316598994432216
10pc,49.5,0.6724264106653198,O3 + hv -> O + O2,45674756.59274399,291137161.28936183,0.15688398001293885,15.688398001293885
10pc,52.5,0.4063009684257132,O3 + hv -> O + O2,22307567.293532744,144981040.29478028,0.15537469530426648,15.537469530426648
10pc,1.5,900.0331973570136,O3 + hv -> O1D + O2,16821098.88429749,358732789.7843685,0.05267347028250689,5.267347028250689
10pc,4.5,623.2775179434025,O3 + hv -> O1D + O2,20860685.744013693,356857599.7124534,0.05845661059431743,5.845661059431743
10pc,7.5,421.4106946257495,O3 + hv -> O1D + O2,27551174.623705406,415533992.8039577,0.06630305847614158,6.630305847614158
10pc,10.5,276.58425760934597,O3 + hv -> O1D + O2,37002228.6326277,512620080.0347179,0.07218255794841606,7.218255794841606
10pc,13.5,174.5775060127096,O3 + hv -> O1D + O2,108684512.7688087,1391453054.038451,0.07810864509828108,7.810864509828108
10pc,16.5,108.21163031928154,O3 + hv -> O1D + O2,310608943.2646218,3452810977.5916414,0.08995828189855722,8.995828189855722
10pc,19.5,66.68755051720059,O3 + hv -> O1D + O2,549711166.6690353,4522333534.661951,0.12155475982824136,12.155475982824136
10pc,22.5,41.24180585944958,O3 + hv -> O1D + O2,777355503.1573405,4100013198.183735,0.18959829287908178,18.95982928790818
10pc,25.5,25.63912428565281,O3 + hv -> O1D + O2,917619303.9460423,3050197145.5676413,0.30083934255838846,30.083934255838845
10pc,28.5,16.110363824054726,O3 + hv -> O1D + O2,893780470.0677998,2078654504.1702332,0.4299802917101816,42.99802917101816
10pc,31.5,10.277669278912304,O3 + hv -> O1D + O2,795982727.7479334,1460621847.2676702,0.5449615376060191,54.496153760601906
10pc,34.5,6.647029101842654,O3 + hv -> O1D + O2,805892080.6556195,1248517854.5973928,0.6454790195335204,64.54790195335204
10pc,37.5,4.311192814228522,O3 + hv -> O1D + O2,938013491.5140455,1280154237.868648,0.7327347469284334,73.27347469284334
10pc,40.5,2.771766822356076,O3 + hv -> O1D + O2,952080704.9238648,1202144696.2450159,0.7919851145188731,79.19851145188731
10pc,43.5,1.7565711712459267,O3 + hv -> O1D + O2,718647414.7143865,873969810.7890607,0.8222794492930574,82.22794492930574
10pc,46.5,1.0958580694716187,O3 + hv -> O1D + O2,443248103.39926124,530240746.92863756,0.8359374604210034,83.59374604210034
10pc,49.5,0.6724264106653198,O3 + hv -> O1D + O2,245134543.56694502,291137161.28936183,0.8419898802382884,84.19898802382883
10pc,52.5,0.4063009684257132,O3 + hv -> O1D + O2,122409314.61744514,144981040.29478028,0.8431512247221462,84.31512247221463
10pc,1.5,900.0331973570136,OH + O3 -> HO2 + O2,114495.61534733389,358732789.7843685,0.0002795634446195853,0.02795634446195853
10pc,4.5,623.2775179434025,OH + O3 -> HO2 + O2,85631.56279404342,356857599.7124534,0.00023996003689719122,0.02399600368971912
10pc,7.5,421.4106946257495,OH + O3 -> HO2 + O2,56210.93039280095,415533992.8039577,0.00013527396402277097,0.013527396402277098
10pc,10.5,276.58425760934597,OH + O3 -> HO2 + O2,34795.03050468923,512620080.0347179,6.787683873470717e-05,0.006787683873470718
10pc,13.5,174.5775060127096,OH + O3 -> HO2 + O2,60406.211434416895,1391453054.038451,5.3836504344524894e-05,0.00538365043445249
10pc,16.5,108.21163031928154,OH + O3 -> HO2 + O2,185887.27319593565,3452810977.5916414,5.3836504344524894e-05,0.00538365043445249
10pc,19.5,66.68755051720059,OH + O3 -> HO2 + O2,383081.3508042448,4522333534.661951,8.470877874620995e-05,0.008470877874620995
10pc,22.5,41.24180585944958,OH + O3 -> HO2 + O2,583125.7267059848,4100013198.183735,0.0001422253291682826,0.01422253291682826
10pc,25.5,25.63912428565281,OH + O3 -> HO2 + O2,685137.4260512635,3050197145.5676413,0.00022462070264765116,0.022462070264765117
10pc,28.5,16.110363824054726,OH + O3 -> HO2 + O2,648783.9500891789,2078654504.1702332,0.00031211726084713794,0.031211726084713794
10pc,31.5,10.277669278912304,OH + O3 -> HO2 + O2,581969.2894154448,1460621847.2676702,0.0003984393979209011,0.03984393979209011
10pc,34.5,6.647029101842654,OH + O3 -> HO2 + O2,606672.9813372818,1248517854.5973928,0.0004859145418732634,0.04859145418732634
10pc,37.5,4.311192814228522,OH + O3 -> HO2 + O2,669609.9335135481,1280154237.868648,0.0004859145418732634,0.04859145418732634
10pc,40.5,2.771766822356076,OH + O3 -> HO2 + O2,517076.2274856044,1202144696.2450159,0.00043012811111734606,0.043012811111734606
10pc,43.5,1.7565711712459267,OH + O3 -> HO2 + O2,247534.15377506803,873969810.7890607,0.00028322963873498403,0.028322963873498405
10pc,46.5,1.0958580694716187,OH + O3 -> HO2 + O2,92150.88097304213,530240746.92863756,0.0001737906441683635,0.01737906441683635
10pc,49.5,0.6724264106653198,OH + O3 -> HO2 + O2,31470.08714159439,291137161.28936183,0.00010809367997620959,0.010809367997620958
10pc,52.5,0.4063009684257132,OH + O3 -> HO2 + O2,10295.163028543227,144981040.29478028,8.955204469490907e-05,0.008955204469490908
10pc,1.5,900.0331973570136,S + O3 -> SO + O2,1.4329067104830534e-06,358732789.7843685,1.3952516864523292e-14,1.3952516864523292e-12
10pc,4.5,623.2775179434025,S + O3 -> SO + O2,8.532706823924877e-06,356857599.7124534,2.391067706222401e-14,2.3910677062224012e-12
10pc,7.5,421.4106946257495,S + O3 -> SO + O2,5.526511705832345e-05,415533992.8039577,1.32997824523099e-13,1.32997824523099e-11
10pc,10.5,276.58425760934597,S + O3 -> SO + O2,0.00024939061882479734,512620080.0347179,4.865018530056548e-13,4.865018530056548e-11
10pc,13.5,174.5775060127096,S + O3 -> SO + O2,0.0016907838725374747,1391453054.038451,1.2151210331029625e-12,1.2151210331029624e-10
10pc,16.5,108.21163031928154,S + O3 -> SO + O2,0.009300572971825554,3452810977.5916414,2.6936235525736093e-12,2.6936235525736095e-10
10pc,19.5,66.68755051720059,S + O3 -> SO + O2,0.02503226191365447,4522333534.661951,5.535253364616252e-12,5.535253364616252e-10
10pc,22.5,41.24180585944958,S + O3 -> SO + O2,0.02817025266955167,4100013198.183735,5.535253364616252e-12,5.535253364616252e-10
10pc,25.5,25.63912428565281,S + O3 -> SO + O2,0.011260210107040765,3050197145.5676413,3.691633546835951e-12,3.691633546835951e-10
10pc,28.5,16.110363824054726,S + O3 -> SO + O2,0.001611230330714687,2078654504.1702332,7.751313782459799e-13,7.7513137824598e-11
10pc,31.5,10.277669278912304,S + O3 -> SO + O2,0.00010737129196094736,1460621847.2676702,7.35106709254026e-14,7.35106709254026e-12
10pc,34.5,6.647029101842654,S + O3 -> SO + O2,5.0050261032364635e-06,1248517854.5973928,4.008774151532198e-15,4.008774151532198e-13
10pc,37.5,4.311192814228522,S + O3 -> SO + O2,1.974646169410865e-07,1280154237.868648,1.5425064503934222e-16,1.5425064503934222e-14
10pc,40.5,2.771766822356076,S + O3 -> SO + O2,7.60925373515353e-09,1202144696.2450159,6.329731985610029e-18,6.32973198561003e-16
10pc,43.5,1.7565711712459267,S + O3 -> SO + O2,1.7589705312026402e-09,873969810.7890607,6.329731985610029e-18,6.32973198561003e-16
10pc,46.5,1.0958580694716187,S + O3 -> SO + O2,5.352022930555017e-09,530240746.92863756,1.0093571573961513e-17,1.0093571573961512e-15
10pc,49.5,0.6724264106653198,S + O3 -> SO + O2,1.2367952285313974e-08,291137161.28936183,4.248153080335025e-17,4.248153080335025e-15
10pc,52.5,0.4063009684257132,S + O3 -> SO + O2,1.8679765193672062e-08,144981040.29478028,8.566217235147953e-17,8.566217235147953e-15
10pc,1.5,900.0331973570136,SO + O3 -> SO2 + O2,17.851351540973564,358732789.7843685,3.0301586248812576e-08,3.0301586248812574e-06
10pc,4.5,623.2775179434025,SO + O3 -> SO2 + O2,3.868664812683072,356857599.7124534,1.0840920344138225e-08,1.0840920344138226e-06
10pc,7.5,421.4106946257495,SO + O3 -> SO2 + O2,2.1778592767146145,415533992.8039577,1.0280578868719769e-08,1.0280578868719769e-06
10pc,10.5,276.58425760934597,SO + O3 -> SO2 + O2,5.270031162486358,512620080.0347179,1.0280578868719769e-08,1.0280578868719769e-06
10pc,13.5,174.5775060127096,SO + O3 -> SO2 + O2,15.38634741388835,1391453054.038451,1.0280578868719769e-08,1.0280578868719769e-06
10pc,16.5,108.21163031928154,SO + O3 -> SO2 + O2,29.355400043186332,3452810977.5916414,1.0920485011689697e-08,1.0920485011689697e-06
10pc,19.5,66.68755051720059,SO + O3 -> SO2 + O2,49.386075583137526,4522333534.661951,1.0920485011689697e-08,1.0920485011689697e-06
10pc,22.5,41.24180585944958,SO + O3 -> SO2 + O2,51.552016903495726,4100013198.183735,1.0920485011689697e-08,1.0920485011689697e-06
10pc,25.5,25.63912428565281,SO + O3 -> SO2 + O2,23.551347485640893,3050197145.5676413,7.721254188393778e-09,7.721254188393777e-07
10pc,28.5,16.110363824054726,SO + O3 -> SO2 + O2,4.403425213941614,2078654504.1702332,2.118401689702346e-09,2.118401689702346e-07
10pc,31.5,10.277669278912304,SO + O3 -> SO2 + O2,0.39958128800190756,1460621847.2676702,2.7356929430392207e-10,2.7356929430392206e-08
10pc,34.5,6.647029101842654,SO + O3 -> SO2 + O2,0.022123228135332993,1248517854.5973928,1.7719592918810942e-11,1.7719592918810942e-09
10pc,37.5,4.311192814228522,SO + O3 -> SO2 + O2,0.0008050097578015128,1280154237.868648,6.288380993385517e-13,6.288380993385517e-11
10pc,40.5,2.771766822356076,SO + O3 -> SO2 + O2,2.2608624380259224e-05,1202144696.2450159,1.8806907729892138e-14,1.8806907729892138e-12
10pc,43.5,1.7565711712459267,SO + O3 -> SO2 + O2,3.137632023544076e-06,873969810.7890607,1.1400812266866213e-14,1.1400812266866213e-12
10pc,46.5,1.0958580694716187,SO + O3 -> SO2 + O2,6.045175211976315e-06,530240746.92863756,1.1400812266866213e-14,1.1400812266866213e-12
10pc,49.5,0.6724264106653198,SO + O3 -> SO2 + O2,8.83996773897726e-06,291137161.28936183,3.03635842976129e-14,3.0363584297612897e-12
10pc,52.5,0.4063009684257132,SO + O3 -> SO2 + O2,8.554970956048456e-06,144981040.29478028,4.468554980792589e-14,4.468554980792589e-12
10pc,1.5,900.0331973570136,SO2 + O3 -> SO3 + O2,0.07623757557381845,358732789.7843685,1.1716489576881043e-10,1.1716489576881044e-08
10pc,4.5,623.2775179434025,SO2 + O3 -> SO3 + O2,0.007783305112922451,356857599.7124534,2.1810674956044193e-11,2.181067495604419e-09
10pc,7.5,421.4106946257495,SO2 + O3 -> SO3 + O2,0.0003472211475637912,415533992.8039577,8.356022697945788e-13,8.356022697945788e-11
10pc,10.5,276.58425760934597,SO2 + O3 -> SO3 + O2,1.0879340387018514e-05,512620080.0347179,2.1223008638837744e-14,2.1223008638837743e-12
10pc,13.5,174.5775060127096,SO2 + O3 -> SO3 + O2,7.798579332214248e-07,1391453054.038451,5.604629857673046e-16,5.604629857673046e-14
10pc,16.5,108.21163031928154,SO2 + O3 -> SO3 + O2,3.528203348242531e-07,3452810977.5916414,1.021835070364459e-16,1.021835070364459e-14
10pc,19.5,66.68755051720059,SO2 + O3 -> SO3 + O2,3.8956963578280753e-07,4522333534.661951,8.614349932328206e-17,8.614349932328206e-15
10pc,22.5,41.24180585944958,SO2 + O3 -> SO3 + O2,1.8692661189595078e-07,4100013198.183735,4.5591709797119044e-17,4.559170979711904e-15
10pc,25.5,25.63912428565281,SO2 + O3 -> SO3 + O2,4.493506547223977e-08,3050197145.5676413,1.4731856115443764e-17,1.4731856115443764e-15
10pc,28.5,16.110363824054726,SO2 + O3 -> SO3 + O2,6.907250598120603e-09,2078654504.1702332,3.3229430789307005e-18,3.3229430789307005e-16
10pc,31.5,10.277669278912304,SO2 + O3 -> SO3 + O2,7.466631606160616e-10,1460621847.2676702,5.11195393943214e-19,5.1119539394321393e-17
10pc,34.5,6.647029101842654,SO2 + O3 -> SO3 + O2,4.3122985007605615e-11,1248517854.5973928,3.4539341867490874e-20,3.4539341867490876e-18
10pc,37.5,4.311192814228522,SO2 + O3 -> SO3 + O2,9.010179547278322e-13,1280154237.868648,7.038354661294199e-22,7.038354661294199e-20
10pc,40.5,2.771766822356076,SO2 + O3 -> SO3 + O2,8.646883821800847e-15,1202144696.2450159,7.192881063993378e-24,7.192881063993378e-22
10pc,43.5,1.7565711712459267,SO2 + O3 -> SO3 + O2,2.802487576338114e-16,873969810.7890607,3.2066182855994733e-25,3.206618285599473e-23
10pc,46.5,1.0958580694716187,SO2 + O3 -> SO3 + O2,1.479724424796753e-16,530240746.92863756,2.7906652466222134e-25,2.790665246622213e-23
10pc,49.5,0.6724264106653198,SO2 + O3 -> SO3 + O2,6.353331022005446e-17,291137161.28936183,2.1822466750271214e-25,2.1822466750271214e-23
10pc,52.5,0.4063009684257132,SO2 + O3 -> SO3 + O2,2.1374712255832458e-17,144981040.29478028,1.8282787687469372e-25,1.8282787687469372e-23
10pc,1.5,900.0331973570136,rainout,1.8827809031302885,358732789.7843685,2.9596512456457996e-09,2.9596512456458e-07
10pc,4.5,623.2775179434025,rainout,0.2394089638601014,356857599.7124534,6.708809453771222e-10,6.708809453771222e-08
10pc,7.5,421.4106946257495,rainout,0.14664468655457014,415533992.8039577,3.529065951140001e-10,3.5290659511400015e-08
10pc,10.5,276.58425760934597,rainout,0.013282050575495218,512620080.0347179,1.8940836027576408e-10,1.894083602757641e-08
1pc,1.5,899.9741694567975,CH3 + O3 -> H2CO + HO2,264.9174875741644,231769434.62984002,9.903756352761206e-07,9.903756352761206e-05
1pc,4.5,623.4081530949798,CH3 + O3 -> H2CO + HO2,243.7066675702776,290913284.07445025,8.377295947334891e-07,8.377295947334891e-05
1pc,7.5,421.5072635863928,CH3 + O3 -> H2CO + HO2,176.83051964263063,443705673.40550494,3.9853112150996614e-07,3.985311215099661e-05
1pc,10.5,276.4609227726888,CH3 + O3 -> H2CO + HO2,80.44520713385718,616445169.7922372,1.3049856025470998e-07,1.3049856025470999e-05
1pc,13.5,174.0913810089138,CH3 + O3 -> H2CO + HO2,117.43794352880565,1455609321.2452326,9.820580526678595e-08,9.820580526678596e-06
1pc,16.5,107.30763351177977,CH3 + O3 -> H2CO + HO2,255.2314663713306,2598944794.332358,9.820580526678595e-08,9.820580526678596e-06
1pc,19.5,65.11428273129799,CH3 + O3 -> H2CO + HO2,396.93190071864035,2612044942.802282,1.5196212523541025e-07,1.5196212523541025e-05
1pc,22.5,39.2582647167398,CH3 + O3 -> H2CO + HO2,704.1120942243244,2295665499.6255083,3.06713715190295e-07,3.06713715190295e-05
1pc,25.5,23.713835117655492,CH3 + O3 -> H2CO + HO2,1345.4904786677757,2125052077.6237178,6.331564731215125e-07,6.331564731215125e-05
1pc,28.5,14.32302824101061,CH3 + O3 -> H2CO + HO2,1923.7586837655372,2054626699.98909,8.321534872877705e-07,8.321534872877705e-05
1pc,31.5,8.562877460948824,CH3 + O3 -> H2CO + HO2,1610.7640311219589,1935657370.5794418,8.321534872877705e-07,8.321534872877705e-05
1pc,34.5,5.0178733546576755,CH3 + O3 -> H2CO + HO2,634.1794432496445,1484632138.6434274,4.271626800623632e-07,4.271626800623632e-05
1pc,37.5,2.884450286459081,CH3 + O3 -> H2CO + HO2,141.98295919668146,810679771.8643693,1.751406216417053e-07,1.751406216417053e-05
1pc,40.5,1.6460156990319057,CH3 + O3 -> H2CO + HO2,21.764110173476176,310325116.4754455,7.013325386183578e-08,7.013325386183577e-06
1pc,43.5,0.9403364397737514,CH3 + O3 -> H2CO + HO2,2.994819970331307,103394584.3561094,2.8964959712170345e-08,2.8964959712170344e-06
1pc,46.5,0.5372262904699577,CH3 + O3 -> H2CO + HO2,0.7395739855813332,31341803.32667335,2.8964959712170345e-08,2.8964959712170344e-06
1pc,49.5,0.30634787513171097,CH3 + O3 -> H2CO + HO2,0.4082281143062361,8829414.736882703,3.4916030190589e-08,3.4916030190589e-06
1pc,1.5,899.9741694567975,CS + O3 -> OCS + O2,9.438792164041506e-23,231769434.62984002,6.9201655988510285e-31,6.920165598851029e-29
1pc,4.5,623.4081530949798,CS + O3 -> OCS + O2,2.8415941190286586e-22,290913284.07445025,6.652213405770449e-31,6.652213405770449e-29
1pc,7.5,421.5072635863928,CS + O3 -> OCS + O2,2.9516248288445046e-22,443705673.40550494,6.652213405770449e-31,6.652213405770449e-29
1pc,10.5,276.4609227726888,CS + O3 -> OCS + O2,1.5966898554838705e-22,616445169.7922372,2.590157135989903e-31,2.590157135989903e-29
1pc,13.5,174.0913810089138,CS + O3 -> OCS + O2,1.8275189236134168e-22,1455609321.2452326,1.2696190377934446e-31,1.2696190377934447e-29
1pc,16.5,107.30763351177977,CS + O3 -> OCS + O2,3.29966978905853e-22,2598944794.332358,1.2696190377934446e-31,1.2696190377934447e-29
1pc,19.5,65.11428273129799,CS + O3 -> OCS + O2,4.008478118188944e-22,2612044942.802282,1.2696190377934446e-31,1.2696190377934447e-29
1pc,22.5,39.2582647167398,CS + O3 -> OCS + O2,2.788693291446858e-22,2295665499.6255083,1.2147646475071292e-31,1.2147646475071292e-29
1pc,25.5,23.713835117655492,CS + O3 -> OCS + O2,8.338318232679122e-23,2125052077.6237178,3.923818300962874e-32,3.9238183009628736e-30
1pc,28.5,14.32302824101061,CS + O3 -> OCS + O2,7.430058311847201e-24,2054626699.98909,3.616257061142374e-33,3.616257061142374e-31
1pc,31.5,8.562877460948824,CS + O3 -> OCS + O2,1.5266049358366821e-25,1935657370.5794418,7.886751855157563e-35,7.886751855157563e-33
1pc,34.5,5.0178733546576755,CS + O3 -> OCS + O2,3.602968933630367e-27,1484632138.6434274,2.42684287901955e-36,2.42684287901955e-34
1pc,37.5,2.884450286459081,CS + O3 -> OCS + O2,8.348109680944258e-28,810679771.8643693,2.42684287901955e-36,2.42684287901955e-34
1pc,40.5,1.6460156990319057,CS + O3 -> OCS + O2,1.1612386889780822e-26,310325116.4754455,3.7420067771728853e-35,3.742006777172885e-33
1pc,43.5,0.9403364397737514,CS + O3 -> OCS + O2,1.2262147722217538e-24,103394584.3561094,1.1859564791115668e-32,1.1859564791115667e-30
1pc,46.5,0.5372262904699577,CS + O3 -> OCS + O2,2.906321136749996e-23,31341803.32667335,9.272986325826951e-31,9.272986325826951e-29
1pc,49.5,0.30634787513171097,CS + O3 -> OCS + O2,1.6619105276372563e-22,8829414.736882703,9.874864992314781e-30,9.874864992314781e-28
1pc,1.5,899.9741694567975,Cl + O3 -> ClO + O2,2.4406488386324003e-20,231769434.62984002,8.633516450317166e-29,8.633516450317166e-27
1pc,4.5,623.4081530949798,Cl + O3 -> ClO + O2,1.9597458961356846e-20,290913284.07445025,6.736529417591492e-29,6.736529417591492e-27
1pc,7.5,421.5072635863928,Cl + O3 -> ClO + O2,1.9279625782796878e-20,443705673.40550494,4.345138441621216e-29,4.345138441621216e-27
1pc,10.5,276.4609227726888,Cl + O3 -> ClO + O2,1.6722036648181795e-20,616445169.7922372,2.7126559615703835e-29,2.7126559615703835e-27
1pc,13.5,174.0913810089138,Cl + O3 -> ClO + O2,2.3314032982521622e-20,1455609321.2452326,1.6016682939744522e-29,1.6016682939744522e-27
1pc,16.5,107.30763351177977,Cl + O3 -> ClO + O2,2.482317206735722e-20,2598944794.332358,9.551250231051575e-30,9.551250231051575e-28
1pc,19.5,65.11428273129799,Cl + O3 -> ClO + O2,1.3830799019761336e-20,2612044942.802282,5.295008057910072e-30,5.295008057910072e-28
1pc,22.5,39.2582647167398,Cl + O3 -> ClO + O2,6.265296603082293e-21,2295665499.6255083,2.7291853295283438e-30,2.729185329528344e-28
1pc,25.5,23.713835117655492,Cl + O3 -> ClO + O2,2.7707912538046274e-21,2125052077.6237178,1.3038698124061929e-30,1.3038698124061929e-28
1pc,28.5,14.32302824101061,Cl + O3 -> ClO + O2,1.1137428997535067e-21,2054626699.98909,5.42065816510328e-31,5.42065816510328e-29
1pc,31.5,8.562877460948824,Cl + O3 -> ClO + O2,3.437510916330717e-22,1935657370.5794418,1.7758881135568394e-31,1.7758881135568395e-29
1pc,34.5,5.0178733546576755,Cl + O3 -> ClO + O2,8.441979643800028e-23,1484632138.6434274,5.686243362287596e-32,5.686243362287597e-30
1pc,37.5,2.884450286459081,Cl + O3 -> ClO + O2,1.8818289706435455e-23,810679771.8643693,2.3212975529360868e-32,2.3212975529360867e-30
1pc,40.5,1.6460156990319057,Cl + O3 -> ClO + O2,3.565697369487927e-24,310325116.4754455,1.1490199085352032e-32,1.1490199085352031e-30
1pc,43.5,0.9403364397737514,Cl + O3 -> ClO + O2,6.46273666745206e-25,103394584.3561094,6.250556262398853e-33,6.250556262398853e-31
1pc,46.5,0.5372262904699577,Cl + O3 -> ClO + O2,1.1008930919720265e-25,31341803.32667335,3.512539085570468e-33,3.5125390855704675e-31
1pc,49.5,0.30634787513171097,Cl + O3 -> ClO + O2,1.7440116389091405e-26,8829414.736882703,2.7438840624792525e-33,2.7438840624792523e-31
1pc,1.5,899.9741694567975,H + O3 -> OH + O2,99.34944520277038,231769434.62984002,4.227492646774327e-07,4.227492646774327e-05
1pc,4.5,623.4081530949798,H + O3 -> OH + O2,121.26492066835905,290913284.07445025,4.1684215643217257e-07,4.1684215643217255e-05
1pc,7.5,421.5072635863928,H + O3 -> OH + O2,133.5916550879098,443705673.40550494,3.0108169242591516e-07,3.0108169242591516e-05
1pc,10.5,276.4609227726888,H + O3 -> OH + O2,98.80336570255542,616445169.7922372,1.6027924387152793e-07,1.6027924387152792e-05
1pc,13.5,174.0913810089138,H + O3 -> OH + O2,153.54439541926635,1455609321.2452326,1.0548461951858997e-07,1.0548461951858996e-05
1pc,16.5,107.30763351177977,H + O3 -> OH + O2,249.3184041697529,2598944794.332358,1.0548461951858997e-07,1.0548461951858996e-05
1pc,19.5,65.11428273129799,H + O3 -> OH + O2,447.2700880448908,2612044942.802282,1.7123368771941794e-07,1.7123368771941794e-05
1pc,22.5,39.2582647167398,H + O3 -> OH + O2,1204.291048826941,2295665499.6255083,5.24593434463077e-07,5.2459343446307696e-05
1pc,25.5,23.713835117655492,H + O3 -> OH + O2,4649.430997077028,2125052077.6237178,2.1879139085740096e-06,0.00021879139085740094
1pc,28.5,14.32302824101061,H + O3 -> OH + O2,22617.184710608188,2054626699.98909,1.1007928939465396e-05,0.0011007928939465396
1pc,31.5,8.562877460948824,H + O3 -> OH + O2,84334.93029488606,1935657370.5794418,4.3569141717286604e-05,0.004356914171728661
1pc,34.5,5.0178733546576755,H + O3 -> OH + O2,144700.13157070146,1484632138.6434274,9.746530996083665e-05,0.009746530996083665
1pc,37.5,2.884450286459081,H + O3 -> OH + O2,157313.01884154062,810679771.8643693,0.00019405075135865097,0.019405075135865098
1pc,40.5,1.6460156990319057,H + O3 -> OH + O2,149177.10140916085,310325116.4754455,0.0004807123029661845,0.048071230296618445
1pc,43.5,0.9403364397737514,H + O3 -> OH + O2,136736.9727070133,103394584.3561094,0.0013224771254562694,0.13224771254562695
1pc,46.5,0.5372262904699577,H + O3 -> OH + O2,118697.45015025913,31341803.32667335,0.003787192744242703,0.3787192744242703
1pc,49.5,0.30634787513171097,H + O3 -> OH + O2,95709.49905158387,8829414.736882703,0.007313519543913308,0.7313519543913307
1pc,1.5,899.9741694567975,HS + O3 -> HSO + O2,1892.6231049832575,231769434.62984002,4.355436559112308e-06,0.0004355436559112308
1pc,4.5,623.4081530949798,HS + O3 -> HSO + O2,158.5184825946675,290913284.07445025,5.448994297355619e-07,5.448994297355619e-05
1pc,7.5,421.5072635863928,HS + O3 -> HSO + O2,23.30221303254658,443705673.40550494,5.2517275367922927e-08,5.251727536792293e-06
1pc,10.5,276.4609227726888,HS + O3 -> HSO + O2,9.488507700121989,616445169.7922372,1.5392297912432237e-08,1.5392297912432238e-06
1pc,13.5,174.0913810089138,HS + O3 -> HSO + O2,17.77654610226781,1455609321.2452326,1.2212443162331827e-08,1.2212443162331828e-06
1pc,16.5,107.30763351177977,HS + O3 -> HSO + O2,13.02422255027593,2598944794.332358,5.011350213624571e-09,5.011350213624571e-07
1pc,19.5,65.11428273129799,HS + O3 -> HSO + O2,3.2971969282065214,2612044942.802282,1.2623048226226872e-09,1.2623048226226873e-07
1pc,22.5,39.2582647167398,HS + O3 -> HSO + O2,0.4334820926393106,2295665499.6255083,1.8882633062614064e-10,1.8882633062614065e-08
1pc,25.5,23.713835117655492,HS + O3 -> HSO + O2,0.02407547614062034,2125052077.6237178,1.1329358180973189e-11,1.132935818097319e-09
1pc,28.5,14.32302824101061,HS + O3 -> HSO + O2,0.00043007029257357,2054626699.98909,2.0931797127714423e-13,2.0931797127714424e-11
1pc,31.5,8.562877460948824,HS + O3 -> HSO + O2,1.845335125269098e-06,1935657370.5794418,9.533376894675809e-16,9.533376894675809e-14
1pc,34.5,5.0178733546576755,HS + O3 -> HSO + O2,2.0712005724489243e-09,1484632138.6434274,1.3950934501131506e-18,1.3950934501131507e-16
1pc,37.5,2.884450286459081,HS + O3 -> HSO + O2,4.810848685065472e-12,810679771.8643693,4.835089553559702e-20,4.835089553559702e-18
1pc,40.5,1.6460156990319057,HS + O3 -> HSO + O2,1.5004497288776243e-11,310325116.4754455,4.835089553559702e-20,4.835089553559702e-18
1pc,43.5,0.9403364397737514,HS + O3 -> HSO + O2,4.01619387553433e-11,103394584.3561094,3.884336786636563e-19,3.8843367866365626e-17
1pc,46.5,0.5372262904699577,HS + O3 -> HSO + O2,4.959361456305211e-11,31341803.32667335,1.5823471944527712e-18,1.5823471944527713e-16
1pc,49.5,0.30634787513171097,HS + O3 -> HSO + O2,3.720546736693744e-11,8829414.736882703,2.8980781019791623e-18,2.8980781019791625e-16
1pc,1.5,899.9741694567975,NO + O3 -> NO2 + O2,231945.52360412647,231769434.62984002,0.0005044609916220035,0.050446099162200345
1pc,4.5,623.4081530949798,NO + O3 -> NO2 + O2,2374.499384361117,290913284.07445025,3.799138936128181e-05,0.003799138936128181
1pc,7.5,421.5072635863928,NO + O3 -> NO2 + O2,16856.995000158284,443705673.40550494,3.799138936128181e-05,0.003799138936128181
1pc,10.5,276.4609227726888,NO + O3 -> NO2 + O2,78614.00882274778,616445169.7922372,0.0001275279824955776,0.012752798249557759
1pc,13.5,174.0913810089138,NO + O3 -> NO2 + O2,711753.7517762606,1455609321.2452326,0.0004889730653602681,0.04889730653602681
1pc,16.5,107.30763351177977,NO + O3 -> NO2 + O2,2562764.8025803925,2598944794.332358,0.0009860789687295918,0.09860789687295918
1pc,19.5,65.11428273129799,NO + O3 -> NO2 + O2,3348564.6689399155,2612044942.802282,0.0009860789687295918,0.09860789687295918
1pc,22.5,39.2582647167398,NO + O3 -> NO2 + O2,2174792.374496418,2295665499.6255083,0.0009473472397660686,0.09473472397660686
1pc,25.5,23.713835117655492,NO + O3 -> NO2 + O2,876031.8099280999,2125052077.6237178,0.0004122401606777086,0.04122401606777086
1pc,28.5,14.32302824101061,NO + O3 -> NO2 + O2,222014.1682409471,2054626699.98909,0.00010805572041000245,0.010805572041000246
1pc,31.5,8.562877460948824,NO + O3 -> NO2 + O2,38064.17170829014,1935657370.5794418,1.9664725941087174e-05,0.0019664725941087174
1pc,34.5,5.0178733546576755,NO + O3 -> NO2 + O2,5375.224128506914,1484632138.6434274,3.620576430076806e-06,0.00036205764300768057
1pc,37.5,2.884450286459081,NO + O3 -> NO2 + O2,816.5275564796514,810679771.8643693,1.007213433489075e-06,0.00010072134334890749
1pc,40.5,1.6460156990319057,NO + O3 -> NO2 + O2,146.61605190437857,310325116.4754455,4.724595081751289e-07,4.7245950817512885e-05
1pc,43.5,0.9403364397737514,NO + O3 -> NO2 + O2,33.386081158640785,103394584.3561094,3.228997085926006e-07,3.228997085926006e-05
1pc,46.5,0.5372262904699577,NO + O3 -> NO2 + O2,8.495490066223686,31341803.32667335,2.710593892022041e-07,2.7105938920220407e-05
1pc,49.5,0.30634787513171097,NO + O3 -> NO2 + O2,2.1780253316027602,8829414.736882703,2.5886886240033317e-07,2.5886886240033318e-05
1pc,1.5,899.9741694567975,NO2 + O3 -> NO3 + O2,2215.0451790709667,231769434.62984002,4.885304842058963e-06,0.0004885304842058963
1pc,4.5,623.4081530949798,NO2 + O3 -> NO3 + O2,62.11090132012517,290913284.07445025,2.1350314585232145e-07,2.1350314585232146e-05
1pc,7.5,421.5072635863928,NO2 + O3 -> NO3 + O2,55.280484063987025,443705673.40550494,1.2458818396371034e-07,1.2458818396371034e-05
1pc,10.5,276.4609227726888,NO2 + O3 -> NO3 + O2,47.04372634761864,616445169.7922372,1.2458818396371034e-07,1.2458818396371034e-05
1pc,13.5,174.0913810089138,NO2 + O3 -> NO3 + O2,327.07840869393476,1455609321.2452326,2.2470205701494713e-07,2.2470205701494714e-05
1pc,16.5,107.30763351177977,NO2 + O3 -> NO3 + O2,1050.4538547526804,2598944794.332358,3.407299973671198e-07,3.407299973671198e-05
1pc,19.5,65.11428273129799,NO2 + O3 -> NO3 + O2,890.00206648382,2612044942.802282,3.407299973671198e-07,3.407299973671198e-05
1pc,22.5,39.2582647167398,NO2 + O3 -> NO3 + O2,368.72147218304735,2295665499.6255083,1.6061637561883335e-07,1.6061637561883334e-05
1pc,25.5,23.713835117655492,NO2 + O3 -> NO3 + O2,90.20380494661191,2125052077.6237178,4.2447809113214714e-08,4.244780911321471e-06
1pc,28.5,14.32302824101061,NO2 + O3 -> NO3 + O2,9.2173342495568,2054626699.98909,4.486135729476183e-09,4.486135729476183e-07
1pc,31.5,8.562877460948824,NO2 + O3 -> NO3 + O2,0.35760251616974037,1935657370.5794418,1.847447392317637e-10,1.847447392317637e-08
1pc,34.5,5.0178733546576755,NO2 + O3 -> NO3 + O2,0.008997330611105275,1484632138.6434274,6.060309740651664e-12,6.060309740651664e-10
1pc,37.5,2.884450286459081,NO2 + O3 -> NO3 + O2,0.00036921880596275984,810679771.8643693,4.55443467046976e-13,4.55443467046976e-11
1pc,40.5,1.6460156990319057,NO2 + O3 -> NO3 + O2,2.9122220703526645e-05,310325116.4754455,9.384422709410613e-14,9.384422709410614e-12
1pc,43.5,0.9403364397737514,NO2 + O3 -> NO3 + O2,3.64427655841341e-06,103394584.3561094,3.524630019171866e-14,3.5246300191718665e-12
1pc,46.5,0.5372262904699577,NO2 + O3 -> NO3 + O2,6.032469998212136e-07,31341803.32667335,1.924736089795516e-14,1.924736089795516e-12
1pc,49.5,0.30634787513171097,NO2 + O3 -> NO3 + O2,1.2496083115178825e-07,8829414.736882703,1.6700074234728475e-14,1.6700074234728475e-12
1pc,1.5,899.9741694567975,O + O3 -> O2 + O2,335.1476217927594,231769434.62984002,1.5935109679153556e-06,0.00015935109679153557
1pc,4.5,623.4081530949798,O + O3 -> O2 + O2,506.47508809458725,290913284.07445025,1.7409830207855707e-06,0.00017409830207855707
1pc,7.5,421.5072635863928,O + O3 -> O2 + O2,915.7370664287578,443705673.40550494,2.018671069052273e-06,0.00020186710690522732
1pc,10.5,276.4609227726888,O + O3 -> O2 + O2,1244.4000299166055,616445169.7922372,2.0638389845240063e-06,0.00020638389845240065
1pc,13.5,174.0913810089138,O + O3 -> O2 + O2,7586.223259576549,1455609321.2452326,5.21171659788957e-06,0.0005211716597889569
1pc,16.5,107.30763351177977,O + O3 -> O2 + O2,30846.121929194287,2598944794.332358,1.18687099458449e-05,0.00118687099458449
1pc,19.5,65.11428273129799,O + O3 -> O2 + O2,54032.83078308189,2612044942.802282,2.0686026452942198e-05,0.0020686026452942196
1pc,22.5,39.2582647167398,O + O3 -> O2 + O2,95219.62961155415,2295665499.6255083,4.147800697753541e-05,0.004147800697753541
1pc,25.5,23.713835117655492,O + O3 -> O2 + O2,189295.16707574722,2125052077.6237178,8.907789558146802e-05,0.008907789558146802
1pc,28.5,14.32302824101061,O + O3 -> O2 + O2,276413.56212980143,2054626699.98909,0.00011815543944388109,0.011815543944388109
1pc,31.5,8.562877460948824,O + O3 -> O2 + O2,228708.44723360133,1935657370.5794418,0.00011815543944388109,0.011815543944388109
1pc,34.5,5.0178733546576755,O + O3 -> O2 + O2,112565.82564573707,1484632138.6434274,7.582068494663826e-05,0.0075820684946638255
1pc,37.5,2.884450286459081,O + O3 -> O2 + O2,47571.86079416357,810679771.8643693,5.8681445430369736e-05,0.0058681445430369735
1pc,40.5,1.6460156990319057,O + O3 -> O2 + O2,17708.378275707208,310325116.4754455,5.706395433547959e-05,0.005706395433547959
1pc,43.5,0.9403364397737514,O + O3 -> O2 + O2,5869.128568970161,103394584.3561094,5.676437122427839e-05,0.005676437122427839
1pc,46.5,0.5372262904699577,O + O3 -> O2 + O2,1557.9243017267563,31341803.32667335,4.970755146054054e-05,0.004970755146054054
1pc,49.5,0.30634787513171097,O + O3 -> O2 + O2,344.1023448846712,8829414.736882703,4.433991128619044e-05,0.004433991128619044
1pc,1.5,899.9741694567975,O1D + O3 -> O2 + O2,0.9476194459186089,231769434.62984002,6.187526049828354e-09,6.187526049828354e-07
1pc,4.5,623.4081530949798,O1D + O3 -> O2 + O2,2.4106302883194237,290913284.07445025,8.286422175559703e-09,8.286422175559702e-07
1pc,7.5,421.5072635863928,O1D + O3 -> O2 + O2,7.992835237907238,443705673.40550494,1.8013822488590413e-08,1.8013822488590413e-06
1pc,10.5,276.4609227726888,O1D + O3 -> O2 + O2,22.158124121005844,616445169.7922372,3.594500404386959e-08,3.594500404386959e-06
1pc,13.5,174.0913810089138,O1D + O3 -> O2 + O2,208.3692119152654,1455609321.2452326,1.4314913271990551e-07,1.4314913271990551e-05
1pc,16.5,107.30763351177977,O1D + O3 -> O2 + O2,1023.0398910965619,2598944794.332358,3.936366379645899e-07,3.936366379645899e-05
1pc,19.5,65.11428273129799,O1D + O3 -> O2 + O2,1906.2598599184525,2612044942.802282,7.297959651005692e-07,7.297959651005692e-05
1pc,22.5,39.2582647167398,O1D + O3 -> O2 + O2,2824.384168855876,2295665499.6255083,1.2303117197678048e-06,0.00012303117197678048
1pc,25.5,23.713835117655492,O1D + O3 -> O2 + O2,4261.115598795551,2125052077.6237178,2.0051817287981143e-06,0.00020051817287981144
1pc,28.5,14.32302824101061,O1D + O3 -> O2 + O2,5724.177919211838,2054626699.98909,2.78107043304432e-06,0.00027810704330443197
1pc,31.5,8.562877460948824,O1D + O3 -> O2 + O2,5383.199481822798,1935657370.5794418,2.78107043304432e-06,0.00027810704330443197
1pc,34.5,5.0178733546576755,O1D + O3 -> O2 + O2,3100.314676004424,1484632138.6434274,2.088271293141556e-06,0.0002088271293141556
1pc,37.5,2.884450286459081,O1D + O3 -> O2 + O2,1150.3311035237032,810679771.8643693,1.418971020922623e-06,0.0001418971020922623
1pc,40.5,1.6460156990319057,O1D + O3 -> O2 + O2,259.7336715308651,310325116.4754455,8.369727674022045e-07,8.369727674022044e-05
1pc,43.5,0.9403364397737514,O1D + O3 -> O2 + O2,48.45267799831547,103394584.3561094,4.686191090186678e-07,4.686191090186678e-05
1pc,46.5,0.5372262904699577,O1D + O3 -> O2 + O2,7.671180530850811,31341803.32667335,2.4475874763473725e-07,2.4475874763473726e-05
1pc,49.5,0.30634787513171097,O1D + O3 -> O2 + O2,1.0420185694904804,8829414.736882703,1.8138773397162124e-07,1.8138773397162124e-05
1pc,1.5,899.9741694567975,O3 + M -> O + O2 + M,30135.906620125068,231769434.62984002,6.82776634367914e-05,0.00682776634367914
1pc,4.5,623.4081530949798,O3 + M -> O + O2 + M,1899.6510386849236,290913284.07445025,6.5299563226503145e-06,0.0006529956322650314
1pc,7.5,421.5072635863928,O3 + M -> O + O2 + M,66.9289518316135,443705673.40550494,1.5084087457778972e-07,1.5084087457778973e-05
1pc,10.5,276.4609227726888,O3 + M -> O + O2 + M,0.7027759587852874,616445169.7922372,1.1400461764055133e-09,1.1400461764055132e-07
1pc,13.5,174.0913810089138,O3 + M -> O + O2 + M,0.0180131392394964,1455609321.2452326,1.237498206186717e-11,1.237498206186717e-09
1pc,16.5,107.30763351177977,O3 + M -> O + O2 + M,0.0017969078386027575,2598944794.332358,6.913990025957302e-13,6.913990025957302e-11
1pc,19.5,65.11428273129799,O3 + M -> O + O2 + M,0.00024012623523464468,2612044942.802282,9.193036126592443e-14,9.193036126592442e-12
1pc,22.5,39.2582647167398,O3 + M -> O + O2 + M,8.481680769275653e-05,2295665499.6255083,3.6946501006611237e-14,3.694650100661124e-12
1pc,25.5,23.713835117655492,O3 + M -> O + O2 + M,5.153839887868039e-05,2125052077.6237178,2.4252769812734103e-14,2.4252769812734103e-12
1pc,28.5,14.32302824101061,O3 + M -> O + O2 + M,1.2392328196179724e-05,2054626699.98909,6.031425658123457e-15,6.031425658123457e-13
1pc,31.5,8.562877460948824,O3 + M -> O + O2 + M,6.873683787018169e-07,1935657370.5794418,3.5510849654970304e-16,3.5510849654970305e-14
1pc,34.5,5.0178733546576755,O3 + M -> O + O2 + M,1.094844298062165e-08,1484632138.6434274,7.374515676742466e-18,7.374515676742466e-16
1pc,37.5,2.884450286459081,O3 + M -> O + O2 + M,3.383532255765853e-10,810679771.8643693,4.1736976463401067e-19,4.1736976463401065e-17
1pc,40.5,1.6460156990319057,O3 + M -> O + O2 + M,4.9485973765459527e-11,310325116.4754455,1.5946493254397958e-19,1.594649325439796e-17
1pc,43.5,0.9403364397737514,O3 + M -> O + O2 + M,1.0049106052529122e-11,103394584.3561094,9.719180279228366e-20,9.719180279228366e-18
1pc,46.5,0.5372262904699577,O3 + M -> O + O2 + M,1.4464928911697424e-12,31341803.32667335,4.615219092829636e-20,4.615219092829636e-18
1pc,49.5,0.30634787513171097,O3 + M -> O + O2 + M,1.5861357454530702e-13,8829414.736882703,3.20582069218158e-20,3.2058206921815803e-18
1pc,1.5,899.9741694567975,O3 + hv -> O + O2,209360774.5254088,231769434.62984002,0.8926148552199515,89.26148552199516
1pc,4.5,623.4081530949798,O3 + hv -> O + O2,256560745.25172883,290913284.07445025,0.8819148498769483,88.19148498769484
1pc,7.5,421.5072635863928,O3 + hv -> O + O2,384580802.23408616,443705673.40550494,0.8667475429880649,86.67475429880649
1pc,10.5,276.4609227726888,O3 + hv -> O + O2,526479570.0789863,616445169.7922372,0.8540574180448647,85.40574180448647
1pc,13.5,174.0913810089138,O3 + hv -> O + O2,1220521857.5694537,1455609321.2452326,0.8384954944677957,83.84954944677958
1pc,16.5,107.30763351177977,O3 + hv -> O + O2,2099854592.8118672,2598944794.332358,0.8079642928126521,80.79642928126522
1pc,19.5,65.11428273129799,O3 + hv -> O + O2,1952468441.8431876,2612044942.802282,0.7474865419997405,74.74865419997406
1pc,22.5,39.2582647167398,O3 + hv -> O + O2,1507908719.2583578,2295665499.6255083,0.6568503640902138,65.68503640902138
1pc,25.5,23.713835117655492,O3 + hv -> O + O2,1149899021.689584,2125052077.6237178,0.5411156901977798,54.11156901977798
1pc,28.5,14.32302824101061,O3 + hv -> O + O2,827535860.8996596,2054626699.98909,0.40276701402938736,40.276701402938734
1pc,31.5,8.562877460948824,O3 + hv -> O + O2,514042710.8357786,1935657370.5794418,0.2655649283023158,26.556492830231583
1pc,34.5,5.0178733546576755,O3 + hv -> O + O2,284253811.6175697,1484632138.6434274,0.19146413728945993,19.146413728945994
1pc,37.5,2.884450286459081,O3 + hv -> O + O2,133875451.14017269,810679771.8643693,0.16513974541672752,16.513974541672752
1pc,40.5,1.6460156990319057,O3 + hv -> O + O2,48529988.25480518,310325116.4754455,0.15638433912791302,15.638433912791303
1pc,43.5,0.9403364397737514,O3 + hv -> O + O2,15871215.668653203,103394584.3561094,0.15350142144766407,15.350142144766407
1pc,46.5,0.5372262904699577,O3 + hv -> O + O2,4771766.679935428,31341803.32667335,0.15224927009462885,15.224927009462885
1pc,49.5,0.30634787513171097,O3 + hv -> O + O2,1332302.5593924057,8829414.736882703,0.15157145678437928,15.157145678437928
1pc,1.5,899.9741694567975,O3 + hv -> O1D + O2,22052588.04894486,231769434.62984002,0.1064424520029697,10.64424520029697
1pc,4.5,623.4081530949798,O3 + hv -> O1D + O2,34250991.06329433,290913284.07445025,0.11773608473145161,11.773608473145162
1pc,7.5,421.5072635863928,O3 + hv -> O1D + O2,59013741.50836225,443705673.40550494,0.13300199894994194,13.300199894994194
1pc,10.5,276.4609227726888,O3 + hv -> O1D + O2,89823587.21269594,616445169.7922372,0.14571220866726806,14.571220866726806
1pc,13.5,174.0913810089138,O3 + hv -> O1D + O2,234265252.30396438,1455609321.2452326,0.16093964835534103,16.093964835534102
1pc,16.5,107.30763351177977,O3 + hv -> O1D + O2,496298867.7435561,2598944794.332358,0.1909616813815586,19.09616813815586
1pc,19.5,65.11428273129799,O3 + hv -> O1D + O2,655929668.101209,2612044942.802282,0.2511172979273119,25.11172979273119
1pc,22.5,39.2582647167398,O3 + hv -> O1D + O2,785164194.1399205,2295665499.6255083,0.3420202961921082,34.20202961921082
1pc,25.5,23.713835117655492,O3 + hv -> O1D + O2,973596832.897246,2125052077.6237178,0.4581519874966756,45.81519874966756
1pc,28.5,14.32302824101061,O3 + hv -> O1D + O2,1225917737.2454057,2054626699.98909,0.5966620297750026,59.66620297750026
1pc,31.5,8.562877460948824,O3 + hv -> O1D + O2,1420712083.6693552,1935657370.5794418,0.7339687825248035,73.39687825248035
1pc,34.5,5.0178733546576755,O3 + hv -> O1D + O2,1199890329.0518017,1484632138.6434274,0.8082071631213598,80.82071631213597
1pc,37.5,2.884450286459081,O3 + hv -> O1D + O2,676537168.700795,810679771.8643693,0.8345307138291136,83.45307138291136
1pc,40.5,1.6460156990319057,O3 + hv -> O1D + O2,261611594.42021322,310325116.4754455,0.8430242366183507,84.30242366183506
1pc,43.5,0.9403364397737514,O3 + hv -> O1D + O2,87375987.1358893,103394584.3561094,0.8438672903571084,84.38672903571084
1pc,46.5,0.5372262904699577,O3 + hv -> O1D + O2,26448322.648185246,31341803.32667335,0.8438672903571084,84.38672903571084
1pc,49.5,0.30634787513171097,O3 + hv -> O1D + O2,7400612.677601819,8829414.736882703,0.841022163395259,84.10221633952591
1pc,1.5,899.9741694567975,OH + O3 -> HO2 + O2,89056.5019487894,231769434.62984002,0.0003572695028295533,0.035726950282955326
1pc,4.5,623.4081530949798,OH + O3 -> HO2 + O2,96086.59314737328,290913284.07445025,0.0003302929031002341,0.03302929031002341
1pc,7.5,421.5072635863928,OH + O3 -> HO2 + O2,92669.37111016933,443705673.40550494,0.00020885324814289293,0.020885324814289292
1pc,10.5,276.4609227726888,OH + O3 -> HO2 + O2,61416.781583362455,616445169.7922372,9.963056666347468e-05,0.009963056666347468
1pc,13.5,174.0913810089138,OH + O3 -> HO2 + O2,101422.74754727288,1455609321.2452326,7.494408026343057e-05,0.007494408026343056
1pc,16.5,107.30763351177977,OH + O3 -> HO2 + O2,194775.52726666926,2598944794.332358,7.494408026343057e-05,0.007494408026343056
1pc,19.5,65.11428273129799,OH + O3 -> HO2 + O2,240497.18025919865,2612044942.802282,9.207237452858905e-05,0.009207237452858905
1pc,22.5,39.2582647167398,OH + O3 -> HO2 + O2,317461.6905029527,2295665499.6255083,0.0001382874336678145,0.01382874336678145
1pc,25.5,23.713835117655492,OH + O3 -> HO2 + O2,480549.26928306965,2125052077.6237178,0.00022613529067976108,0.022613529067976108
1pc,28.5,14.32302824101061,OH + O3 -> HO2 + O2,644399.7646508373,2054626699.98909,0.0002812864570869863,0.028128645708698632
1pc,31.5,8.562877460948824,OH + O3 -> HO2 + O2,544474.2039046029,1935657370.5794418,0.0002812864570869863,0.028128645708698632
1pc,34.5,5.0178733546576755,OH + O3 -> HO2 + O2,221622.2895942827,1484632138.6434274,0.0001492775778091323,0.014927757780913228
1pc,37.5,2.884450286459081,OH + O3 -> HO2 + O2,60158.3017773743,810679771.8643693,7.420723183831838e-05,0.0074207231838318375
1pc,40.5,1.6460156990319057,OH + O3 -> HO2 + O2,16220.206879491383,310325116.4754455,5.2268430811254714e-05,0.005226843081125471
1pc,43.5,0.9403364397737514,OH + O3 -> HO2 + O2,4690.616708130412,103394584.3561094,4.599983735693029e-05,0.004599983735693029
1pc,46.5,0.5372262904699577,OH + O3 -> HO2 + O2,1441.717855499871,31341803.32667335,4.599983735693029e-05,0.004599983735693029
1pc,49.5,0.30634787513171097,OH + O3 -> HO2 + O2,442.2702198665322,8829414.736882703,4.804519251859055e-05,0.0048045192518590555
1pc,1.5,899.9741694567975,S + O3 -> SO + O2,0.0037161738341449264,231769434.62984002,3.11975112482641e-11,3.11975112482641e-09
1pc,4.5,623.4081530949798,S + O3 -> SO + O2,0.013487058997984951,290913284.07445025,4.6361097056445715e-11,4.636109705644572e-09
1pc,7.5,421.5072635863928,S + O3 -> SO + O2,0.03892036799305442,443705673.40550494,8.771663362862817e-11,8.771663362862817e-09
1pc,10.5,276.4609227726888,S + O3 -> SO + O2,0.09625709308328456,616445169.7922372,1.561486695008519e-10,1.5614866950085187e-08
1pc,13.5,174.0913810089138,S + O3 -> SO + O2,0.3140143161048721,1455609321.2452326,1.5696212563882768e-10,1.569621256388277e-08
1pc,16.5,107.30763351177977,S + O3 -> SO + O2,0.40793589933637275,2598944794.332358,1.5696212563882768e-10,1.569621256388277e-08
1pc,19.5,65.11428273129799,S + O3 -> SO + O2,0.14437606808108833,2612044942.802282,5.527319446739582e-11,5.527319446739582e-09
1pc,22.5,39.2582647167398,S + O3 -> SO + O2,0.017894000331081288,2295665499.6255083,7.794689746393947e-12,7.794689746393947e-10
1pc,25.5,23.713835117655492,S + O3 -> SO + O2,0.0009969692386577853,2125052077.6237178,4.691504971363428e-13,4.6915049713634276e-11
1pc,28.5,14.32302824101061,S + O3 -> SO + O2,2.314354467160457e-05,2054626699.98909,1.1264111710281707e-14,1.1264111710281708e-12
1pc,31.5,8.562877460948824,S + O3 -> SO + O2,1.6893405487470404e-07,1935657370.5794418,8.727477158012391e-17,8.72747715801239e-15
1pc,34.5,5.0178733546576755,S + O3 -> SO + O2,4.887333866033599e-10,1484632138.6434274,3.2919493919209963e-19,3.291949391920996e-17
1pc,37.5,2.884450286459081,S + O3 -> SO + O2,3.2868786086377893e-12,810679771.8643693,7.156304980693832e-20,7.156304980693833e-18
1pc,40.5,1.6460156990319057,S + O3 -> SO + O2,2.2207811766676244e-11,310325116.4754455,7.156304980693832e-20,7.156304980693833e-18
1pc,43.5,0.9403364397737514,S + O3 -> SO + O2,9.854293572324425e-11,103394584.3561094,9.530763756817747e-19,9.530763756817747e-17
1pc,46.5,0.5372262904699577,S + O3 -> SO + O2,1.8399571115660005e-10,31341803.32667335,5.870616608713482e-18,5.870616608713482e-16
1pc,49.5,0.30634787513171097,S + O3 -> SO + O2,1.9965808453861743e-10,8829414.736882703,1.4241725008546376e-17,1.4241725008546377e-15
1pc,1.5,899.9741694567975,SO + O3 -> SO2 + O2,124.97887928851628,231769434.62984002,4.28307930993078e-07,4.28307930993078e-05
1pc,4.5,623.4081530949798,SO + O3 -> SO2 + O2,92.32944503775086,290913284.07445025,5.036236260840535e-07,5.036236260840535e-05
1pc,7.5,421.5072635863928,SO + O3 -> SO2 + O2,223.46066015454716,443705673.40550494,5.036236260840535e-07,5.036236260840535e-05
1pc,10.5,276.4609227726888,SO + O3 -> SO2 + O2,478.55933669260907,616445169.7922372,5.036236260840535e-07,5.036236260840535e-05
1pc,13.5,174.0913810089138,SO + O3 -> SO2 + O2,624.1106964783786,1455609321.2452326,4.2876250335115303e-07,4.28762503351153e-05
1pc,16.5,107.30763351177977,SO + O3 -> SO2 + O2,355.84758609874746,2598944794.332358,1.3692002495580558e-07,1.3692002495580557e-05
1pc,19.5,65.11428273129799,SO + O3 -> SO2 + O2,94.27217468160995,2612044942.802282,3.609132949315638e-08,3.609132949315638e-06
1pc,22.5,39.2582647167398,SO + O3 -> SO2 + O2,10.572374002997611,2295665499.6255083,4.6053634576650135e-09,4.6053634576650134e-07
1pc,25.5,23.713835117655492,SO + O3 -> SO2 + O2,0.5245973951379517,2125052077.6237178,2.4686331250976614e-10,2.4686331250976613e-08
1pc,28.5,14.32302824101061,SO + O3 -> SO2 + O2,0.009889744637224354,2054626699.98909,4.813402180199872e-12,4.813402180199872e-10
1pc,31.5,8.562877460948824,SO + O3 -> SO2 + O2,4.849358821765456e-05,1935657370.5794418,2.5052774811658913e-14,2.5052774811658913e-12
1pc,34.5,5.0178733546576755,SO + O3 -> SO2 + O2,7.769024220868754e-08,1484632138.6434274,5.232962441435255e-17,5.232962441435255e-15
1pc,37.5,2.884450286459081,SO + O3 -> SO2 + O2,3.8255957865166785e-10,810679771.8643693,5.717702095775214e-18,5.717702095775214e-16
1pc,40.5,1.6460156990319057,SO + O3 -> SO2 + O2,1.7743465688433422e-09,310325116.4754455,5.717702095775214e-18,5.717702095775214e-16
1pc,43.5,0.9403364397737514,SO + O3 -> SO2 + O2,5.116218782236465e-09,103394584.3561094,4.948246384564296e-17,4.948246384564296e-15
1pc,46.5,0.5372262904699577,SO + O3 -> SO2 + O2,5.344760331699757e-09,31341803.32667335,1.7053135953894249e-16,1.705313595389425e-14
1pc,49.5,0.30634787513171097,SO + O3 -> SO2 + O2,2.9239865200566426e-09,8829414.736882703,2.5084780537981377e-16,2.5084780537981377e-14
1pc,1.5,899.9741694567975,SO2 + O3 -> SO3 + O2,0.03826967348028966,231769434.62984002,8.913515956381836e-11,8.913515956381836e-09
1pc,4.5,623.4081530949798,SO2 + O3 -> SO3 + O2,0.0038257224766970045,290913284.07445025,1.3150731458924815e-11,1.3150731458924815e-09
1pc,7.5,421.5072635863928,SO2 + O3 -> SO3 + O2,0.00019974899858438573,443705673.40550494,4.5018355760764425e-13,4.5018355760764424e-11
1pc,10.5,276.4609227726888,SO2 + O3 -> SO3 + O2,1.0111503202691208e-05,616445169.7922372,1.6402923890374753e-14,1.6402923890374753e-12
1pc,13.5,174.0913810089138,SO2 + O3 -> SO3 + O2,1.6826872281079849e-06,1455609321.2452326,1.156001959831154e-15,1.1560019598311542e-13
1pc,16.5,107.30763351177977,SO2 + O3 -> SO3 + O2,2.7723969502153154e-07,2598944794.332358,1.0667394537433857e-16,1.0667394537433857e-14
1pc,19.5,65.11428273129799,SO2 + O3 -> SO3 + O2,1.7772985390024792e-08,2612044942.802282,6.804241802576869e-18,6.804241802576869e-16
1pc,22.5,39.2582647167398,SO2 + O3 -> SO3 + O2,7.028074930869207e-10,2295665499.6255083,3.0614542632694947e-19,3.061454263269495e-17
1pc,25.5,23.713835117655492,SO2 + O3 -> SO3 + O2,2.066999607981242e-11,2125052077.6237178,9.726818602453304e-21,9.726818602453303e-19
1pc,28.5,14.32302824101061,SO2 + O3 -> SO3 + O2,1.7912581494350185e-13,2054626699.98909,8.718168363355397e-23,8.718168363355397e-21
1pc,31.5,8.562877460948824,SO2 + O3 -> SO3 + O2,2.430259208255619e-16,1935657370.5794418,1.2555213774884742e-25,1.2555213774884743e-23
1pc,34.5,5.0178733546576755,SO2 + O3 -> SO3 + O2,8.074891608622314e-20,1484632138.6434274,5.438984781779472e-29,5.438984781779472e-27
1pc,37.5,2.884450286459081,SO2 + O3 -> SO3 + O2,9.43085719158175e-23,810679771.8643693,9.553020524671238e-31,9.553020524671238e-29
1pc,40.5,1.6460156990319057,SO2 + O3 -> SO3 + O2,2.9645422070109237e-22,310325116.4754455,9.553020524671238e-31,9.553020524671238e-29
1pc,43.5,0.9403364397737514,SO2 + O3 -> SO3 + O2,7.729696802667584e-22,103394584.3561094,7.47592037900663e-30,7.47592037900663e-28
1pc,46.5,0.5372262904699577,SO2 + O3 -> SO3 + O2,7.517389069495758e-22,31341803.32667335,2.398518359375354e-29,2.398518359375354e-27
1pc,49.5,0.30634787513171097,SO2 + O3 -> SO3 + O2,3.7997008631692207e-22,8829414.736882703,3.3509877916062605e-29,3.3509877916062604e-27
1pc,1.5,899.9741694567975,rainout,1.0719901003191035,231769434.62984002,2.626131582005137e-09,2.626131582005137e-07
1pc,4.5,623.4081530949798,rainout,0.18240831286115142,290913284.07445025,6.270195375968794e-10,6.270195375968794e-08
1pc,7.5,421.5072635863928,rainout,0.13344061574829738,443705673.40550494,3.007412880798243e-10,3.007412880798243e-08
1pc,10.5,276.4609227726888,rainout,0.012808022582724987,616445169.7922372,1.6075925864049512e-10,1.6075925864049512e-08
0.1pc,1.5,898.4033681738869,CH3 + O3 -> H2CO + HO2,1243.7586328695672,114205406.86312295,1.007745712521609e-05,0.001007745712521609
0.1pc,4.5,620.0757215276589,CH3 + O3 -> H2CO + HO2,1781.2358464709478,192267274.08031982,9.264373539341048e-06,0.0009264373539341048
0.1pc,7.5,417.007318092503,CH3 + O3 -> H2CO + HO2,2052.9187021043153,396457190.79697114,5.178159836065708e-06,0.0005178159836065708
0.1pc,10.5,271.3139583070344,CH3 + O3 -> H2CO + HO2,1234.1996197834394,618227059.983634,1.996353281294597e-06,0.0001996353281294597
0.1pc,13.5,168.99866697643557,CH3 + O3 -> H2CO + HO2,1539.9661822988164,1279530253.7082012,1.2035402663093326e-06,0.00012035402663093325
0.1pc,16.5,102.5257586329344,CH3 + O3 -> H2CO + HO2,1785.0821793442701,2012728435.741888,1.1088802395009286e-06,0.00011088802395009286
0.1pc,19.5,60.799542352537856,CH3 + O3 -> H2CO + HO2,2683.0104942652574,2419567414.667606,1.1088802395009286e-06,0.00011088802395009286
0.1pc,22.5,35.62051392815702,CH3 + O3 -> H2CO + HO2,3365.093318843703,2494242981.6837654,1.1088802395009286e-06,0.00011088802395009286
0.1pc,25.5,20.68518298541812,CH3 + O3 -> H2CO + HO2,1898.1761073613047,1782945173.2716863,1.0646295443163689e-06,0.00010646295443163688
0.1pc,28.5,11.952028373203648,CH3 + O3 -> H2CO + HO2,577.5153135667418,740602020.6702573,7.797917065417682e-07,7.797917065417682e-05
0.1pc,31.5,6.909599995273375,CH3 + O3 -> H2CO + HO2,135.14939374096267,247773297.73034662,5.454558460453905e-07,5.4545584604539054e-05
0.1pc,34.5,3.9699336245417904,CH3 + O3 -> H2CO + HO2,24.52990253225682,84898588.69498962,2.8893180569095227e-07,2.889318056909523e-05
0.1pc,37.5,2.255904410833008,CH3 + O3 -> H2CO + HO2,5.970669576925994,26523645.365215756,2.8893180569095227e-07,2.889318056909523e-05
0.1pc,40.5,1.277179827702713,CH3 + O3 -> H2CO + HO2,2.6732832618216404,7491185.172004438,2.909823068683023e-07,2.909823068683023e-05
0.1pc,1.5,898.4033681738869,CS + O3 -> OCS + O2,1.9468725824222627e-18,114205406.86312295,2.3018178283679266e-26,2.3018178283679264e-24
0.1pc,4.5,620.0757215276589,CS + O3 -> OCS + O2,5.573682659193454e-18,192267274.08031982,1.7047113931791525e-26,1.7047113931791527e-24
0.1pc,7.5,417.007318092503,CS + O3 -> OCS + O2,6.248832703516756e-18,396457190.79697114,1.57616833508686e-26,1.5761683350868601e-24
0.1pc,10.5,271.3139583070344,CS + O3 -> OCS + O2,3.553493136385967e-18,618227059.983634,5.7478770607032905e-27,5.747877060703291e-25
0.1pc,13.5,168.99866697643557,CS + O3 -> OCS + O2,1.6924717564160615e-18,1279530253.7082012,1.322728987072495e-27,1.322728987072495e-25
0.1pc,16.5,102.5257586329344,CS + O3 -> OCS + O2,1.7388046252754623e-19,2012728435.741888,8.639042378484319e-29,8.639042378484319e-27
0.1pc,19.5,60.799542352537856,CS + O3 -> OCS + O2,5.376046513322239e-21,2419567414.667606,2.2219039985132163e-30,2.2219039985132162e-28
0.1pc,22.5,35.62051392815702,CS + O3 -> OCS + O2,4.428411778166134e-23,2494242981.6837654,1.775453237990746e-32,1.775453237990746e-30
0.1pc,25.5,20.68518298541812,CS + O3 -> OCS + O2,4.61144585947127e-26,1782945173.2716863,2.5864204511736685e-35,2.5864204511736684e-33
0.1pc,28.5,11.952028373203648,CS + O3 -> OCS + O2,2.9890296689566045e-27,740602020.6702573,4.0359458731309996e-36,4.0359458731309994e-34
0.1pc,31.5,6.909599995273375,CS + O3 -> OCS + O2,5.0454541838602e-28,247773297.73034662,4.0359458731309996e-36,4.0359458731309994e-34
0.1pc,34.5,3.9699336245417904,CS + O3 -> OCS + O2,1.5258323774964573e-26,84898588.69498962,1.7972411567149006e-34,1.7972411567149007e-32
0.1pc,37.5,2.255904410833008,CS + O3 -> OCS + O2,5.435520070354802e-24,26523645.365215756,2.0493110941240288e-31,2.049311094124029e-29
0.1pc,40.5,1.277179827702713,CS + O3 -> OCS + O2,2.118897113818411e-22,7491185.172004438,1.4245068261531643e-29,1.4245068261531643e-27
0.1pc,1.5,898.4033681738869,Cl + O3 -> ClO + O2,9.966152059963065e-21,114205406.86312295,6.985327594196882e-29,6.985327594196881e-27
0.1pc,4.5,620.0757215276589,Cl + O3 -> ClO + O2,1.0082765222099838e-20,192267274.08031982,5.244140101496292e-29,5.244140101496292e-27
0.1pc,7.5,417.007318092503,Cl + O3 -> ClO + O2,1.3037538527594134e-20,396457190.79697114,3.2885110499284044e-29,3.288511049928404e-27
0.1pc,10.5,271.3139583070344,Cl + O3 -> ClO + O2,1.2268345727972039e-20,618227059.983634,1.984440106568097e-29,1.984440106568097e-27
0.1pc,13.5,168.99866697643557,Cl + O3 -> ClO + O2,1.434590289038424e-20,1279530253.7082012,1.1211851262452326e-29,1.1211851262452325e-27
0.1pc,16.5,102.5257586329344,Cl + O3 -> ClO + O2,1.1992581280900603e-20,2012728435.741888,5.9583702738716264e-30,5.958370273871626e-28
0.1pc,19.5,60.799542352537856,Cl + O3 -> ClO + O2,6.411793304573179e-21,2419567414.667606,2.649975059882353e-30,2.649975059882353e-28
0.1pc,22.5,35.62051392815702,Cl + O3 -> ClO + O2,2.1355720375260086e-21,2494242981.6837654,8.56200479748115e-31,8.562004797481149e-29
0.1pc,25.5,20.68518298541812,Cl + O3 -> ClO + O2,4.252792819676546e-22,1782945173.2716863,2.385262813142321e-31,2.385262813142321e-29
0.1pc,28.5,11.952028373203648,Cl + O3 -> ClO + O2,6.947573987324019e-23,740602020.6702573,9.380981678981036e-32,9.380981678981037e-30
0.1pc,31.5,6.909599995273375,Cl + O3 -> ClO + O2,1.1721427908456694e-23,247773297.73034662,4.730706664449857e-32,4.730706664449857e-30
0.1pc,34.5,3.9699336245417904,Cl + O3 -> ClO + O2,2.185078402132178e-24,84898588.69498962,2.5737511491296826e-32,2.5737511491296827e-30
0.1pc,37.5,2.255904410833008,Cl + O3 -> ClO + O2,3.8060248565745442e-25,26523645.365215756,1.4349554158818335e-32,1.4349554158818335e-30
0.1pc,40.5,1.277179827702713,Cl + O3 -> ClO + O2,6.015798503247586e-26,7491185.172004438,1.1190028581754503e-32,1.1190028581754504e-30
0.1pc,1.5,898.4033681738869,H + O3 -> OH + O2,564.9667238081144,114205406.86312295,5.622123596949742e-06,0.0005622123596949742
0.1pc,4.5,620.0757215276589,H + O3 -> OH + O2,1210.7670505509768,192267274.08031982,4.947588206991099e-06,0.0004947588206991099
0.1pc,7.5,417.007318092503,H + O3 -> OH + O2,1961.5069217639148,396457190.79697114,4.947588206991099e-06,0.0004947588206991099
0.1pc,10.5,271.3139583070344,H + O3 -> OH + O2,1664.6365259473987,618227059.983634,2.6925973217533792e-06,0.00026925973217533793
0.1pc,13.5,168.99866697643557,H + O3 -> OH + O2,2265.4829275426255,1279530253.7082012,1.8137084061170325e-06,0.00018137084061170324
0.1pc,16.5,102.5257586329344,H + O3 -> OH + O2,3650.502483135848,2012728435.741888,1.8137084061170325e-06,0.00018137084061170324
0.1pc,19.5,60.799542352537856,H + O3 -> OH + O2,10323.66481619864,2419567414.667606,4.26673989474969e-06,0.00042667398947496895
0.1pc,22.5,35.62051392815702,H + O3 -> OH + O2,35991.29932817051,2494242981.6837654,1.4429748662207e-05,0.0014429748662207
0.1pc,25.5,20.68518298541812,H + O3 -> OH + O2,72519.33069905793,1782945173.2716863,4.0673898326321325e-05,0.004067389832632133
0.1pc,28.5,11.952028373203648,H + O3 -> OH + O2,78091.39919982605,740602020.6702573,0.00010544313547666534,0.010544313547666533
0.1pc,31.5,6.909599995273375,H + O3 -> OH + O2,71342.19930901396,247773297.73034662,0.00028793336474318616,0.028793336474318615
0.1pc,34.5,3.9699336245417904,H + O3 -> OH + O2,61537.96441355012,84898588.69498962,0.0007248408408134333,0.07248408408134334
0.1pc,37.5,2.255904410833008,H + O3 -> OH + O2,50050.02476508006,26523645.365215756,0.001886996454518948,0.1886996454518948
0.1pc,40.5,1.277179827702713,H + O3 -> OH + O2,39242.59524830688,7491185.172004438,0.003562749677281142,0.3562749677281142
0.1pc,1.5,898.4033681738869,HS + O3 -> HSO + O2,1947.1626799950793,114205406.86312295,9.0398594303097e-06,0.0009039859430309701
0.1pc,4.5,620.0757215276589,HS + O3 -> HSO + O2,198.04774932552806,192267274.08031982,1.0300647901358057e-06,0.00010300647901358057
0.1pc,7.5,417.007318092503,HS + O3 -> HSO + O2,406.80677869164975,396457190.79697114,1.0300647901358057e-06,0.00010300647901358057
0.1pc,10.5,271.3139583070344,HS + O3 -> HSO + O2,740.3615440909206,618227059.983634,1.0261051839515726e-06,0.00010261051839515725
0.1pc,13.5,168.99866697643557,HS + O3 -> HSO + O2,246.11959212135412,1279530253.7082012,1.923515222934948e-07,1.9235152229349482e-05
0.1pc,16.5,102.5257586329344,HS + O3 -> HSO + O2,9.230204904166742,2012728435.741888,4.5859166791989524e-09,4.5859166791989524e-07
0.1pc,19.5,60.799542352537856,HS + O3 -> HSO + O2,0.07003459921094278,2419567414.667606,2.8945091087930673e-11,2.8945091087930675e-09
0.1pc,22.5,35.62051392815702,HS + O3 -> HSO + O2,7.231935960937122e-05,2494242981.6837654,2.899451261983757e-14,2.8994512619837566e-12
0.1pc,25.5,20.68518298541812,HS + O3 -> HSO + O2,9.927509250579158e-09,1782945173.2716863,5.5680395557886276e-18,5.568039555788628e-16
0.1pc,28.5,11.952028373203648,HS + O3 -> HSO + O2,8.463049828212086e-13,740602020.6702573,1.142725727449796e-21,1.142725727449796e-19
0.1pc,31.5,6.909599995273375,HS + O3 -> HSO + O2,2.425974606566426e-15,247773297.73034662,1.9675207230355811e-22,1.967520723035581e-20
0.1pc,34.5,3.9699336245417904,HS + O3 -> HSO + O2,1.670397326138664e-14,84898588.69498962,1.9675207230355811e-22,1.967520723035581e-20
0.1pc,37.5,2.255904410833008,HS + O3 -> HSO + O2,2.6338023530672144e-13,26523645.365215756,9.930016469460474e-21,9.930016469460474e-19
0.1pc,40.5,1.277179827702713,HS + O3 -> HSO + O2,1.8480385599386743e-12,7491185.172004438,1.2831255054652904e-19,1.2831255054652904e-17
0.1pc,1.5,898.4033681738869,NO + O3 -> NO2 + O2,87421.38986324747,114205406.86312295,0.00041718840727472233,0.041718840727472235
0.1pc,4.5,620.0757215276589,NO + O3 -> NO2 + O2,13247.553886228838,192267274.08031982,0.0002110239128863724,0.02110239128863724
0.1pc,7.5,417.007318092503,NO + O3 -> NO2 + O2,83661.94769391596,396457190.79697114,0.0002110239128863724,0.02110239128863724
0.1pc,10.5,271.3139583070344,NO + O3 -> NO2 + O2,217173.64960879553,618227059.983634,0.0003512846066856806,0.035128460668568055
0.1pc,13.5,168.99866697643557,NO + O3 -> NO2 + O2,584434.9505665425,1279530253.7082012,0.00038524926538171785,0.038524926538171786
0.1pc,16.5,102.5257586329344,NO + O3 -> NO2 + O2,775402.1512824565,2012728435.741888,0.00038524926538171785,0.038524926538171786
0.1pc,19.5,60.799542352537856,NO + O3 -> NO2 + O2,275651.46897268057,2419567414.667606,0.00011392593043767242,0.011392593043767241
0.1pc,22.5,35.62051392815702,NO + O3 -> NO2 + O2,44464.1634627868,2494242981.6837654,1.7826716879351822e-05,0.0017826716879351821
0.1pc,25.5,20.68518298541812,NO + O3 -> NO2 + O2,5300.471080814129,1782945173.2716863,2.9728738495574814e-06,0.00029728738495574813
0.1pc,28.5,11.952028373203648,NO + O3 -> NO2 + O2,602.3242764153442,740602020.6702573,8.132900796979066e-07,8.132900796979066e-05
0.1pc,31.5,6.909599995273375,NO + O3 -> NO2 + O2,89.47398536670356,247773297.73034662,3.611122997768658e-07,3.611122997768658e-05
0.1pc,34.5,3.9699336245417904,NO + O3 -> NO2 + O2,18.362987559530968,84898588.69498962,2.1629320159258052e-07,2.162932015925805e-05
0.1pc,37.5,2.255904410833008,NO + O3 -> NO2 + O2,4.8327207385203845,26523645.365215756,1.8502722154597583e-07,1.8502722154597582e-05
0.1pc,40.5,1.277179827702713,NO + O3 -> NO2 + O2,1.386073178462394,7491185.172004438,1.836157325208948e-07,1.836157325208948e-05
0.1pc,1.5,898.4033681738869,NO2 + O3 -> NO3 + O2,663.9695813455877,114205406.86312295,3.122331138626121e-06,0.00031223311386261213
0.1pc,4.5,620.0757215276589,NO2 + O3 -> NO3 + O2,82.83703381615904,192267274.08031982,4.308431282047188e-07,4.308431282047188e-05
0.1pc,7.5,417.007318092503,NO2 + O3 -> NO3 + O2,107.92687585364709,396457190.79697114,2.7222832214668366e-07,2.7222832214668365e-05
0.1pc,10.5,271.3139583070344,NO2 + O3 -> NO3 + O2,81.08982051164188,618227059.983634,1.3116511029748281e-07,1.311651102974828e-05
0.1pc,13.5,168.99866697643557,NO2 + O3 -> NO3 + O2,114.95780908280781,1279530253.7082012,8.9843760043695e-08,8.9843760043695e-06
0.1pc,16.5,102.5257586329344,NO2 + O3 -> NO3 + O2,84.524328821966,2012728435.741888,4.199489971969839e-08,4.199489971969839e-06
0.1pc,19.5,60.799542352537856,NO2 + O3 -> NO3 + O2,13.193562545098088,2419567414.667606,5.452860071233265e-09,5.452860071233265e-07
0.1pc,22.5,35.62051392815702,NO2 + O3 -> NO3 + O2,0.6511042892029001,2494242981.6837654,2.61042847061903e-10,2.61042847061903e-08
0.1pc,25.5,20.68518298541812,NO2 + O3 -> NO3 + O2,0.020322735315062252,1782945173.2716863,1.1398407320495581e-11,1.1398407320495581e-09
0.1pc,28.5,11.952028373203648,NO2 + O3 -> NO3 + O2,0.0009589912071381888,740602020.6702573,1.2948806246441045e-12,1.2948806246441046e-10
0.1pc,31.5,6.909599995273375,NO2 + O3 -> NO3 + O2,7.768697970946979e-05,247773297.73034662,3.1354056478683614e-13,3.135405647868361e-11
0.1pc,34.5,3.9699336245417904,NO2 + O3 -> NO3 + O2,8.744050120907697e-06,84898588.69498962,1.0299405744330985e-13,1.0299405744330984e-11
0.1pc,37.5,2.255904410833008,NO2 + O3 -> NO3 + O2,1.4302676576527924e-06,26523645.365215756,5.392424902228962e-14,5.392424902228962e-12
0.1pc,40.5,1.277179827702713,NO2 + O3 -> NO3 + O2,3.0890658156337513e-07,7491185.172004438,4.7580129170661196e-14,4.75801291706612e-12
0.1pc,1.5,898.4033681738869,O + O3 -> O2 + O2,605.5310350392759,114205406.86312295,6.710782723000096e-06,0.0006710782723000096
0.1pc,4.5,620.0757215276589,O + O3 -> O2 + O2,1561.1031998397666,192267274.08031982,8.11944314136172e-06,0.0008119443141361719
0.1pc,7.5,417.007318092503,O + O3 -> O2 + O2,4602.503052436995,396457190.79697114,1.160907951545763e-05,0.001160907951545763
0.1pc,10.5,271.3139583070344,O + O3 -> O2 + O2,7241.64432420224,618227059.983634,1.1713567381527984e-05,0.0011713567381527984
0.1pc,13.5,168.99866697643557,O + O3 -> O2 + O2,28786.324137676922,1279530253.7082012,2.2497572100582536e-05,0.0022497572100582536
0.1pc,16.5,102.5257586329344,O + O3 -> O2 + O2,72979.08636600942,2012728435.741888,3.625878437947813e-05,0.003625878437947813
0.1pc,19.5,60.799542352537856,O + O3 -> O2 + O2,137995.84128005788,2419567414.667606,5.70332698496088e-05,0.00570332698496088
0.1pc,22.5,35.62051392815702,O + O3 -> O2 + O2,169019.33123811538,2494242981.6837654,5.70332698496088e-05,0.00570332698496088
0.1pc,25.5,20.68518298541812,O + O3 -> O2 + O2,95275.86822052964,1782945173.2716863,5.3437351663315245e-05,0.005343735166331525
0.1pc,28.5,11.952028373203648,O + O3 -> O2 + O2,31875.58284532132,740602020.6702573,4.304009705033397e-05,0.004304009705033397
0.1pc,31.5,6.909599995273375,O + O3 -> O2 + O2,9216.124923813564,247773297.73034662,3.719579554469803e-05,0.0037195795544698027
0.1pc,34.5,3.9699336245417904,O + O3 -> O2 + O2,2230.0835737857087,84898588.69498962,2.6267616553646192e-05,0.0026267616553646194
0.1pc,37.5,2.255904410833008,O + O3 -> O2 + O2,515.2711447537914,26523645.365215756,1.9426859983188438e-05,0.0019426859983188438
0.1pc,40.5,1.277179827702713,O + O3 -> O2 + O2,121.80829207902372,7491185.172004438,1.7843538197585282e-05,0.0017843538197585282
0.1pc,1.5,898.4033681738869,O1D + O3 -> O2 + O2,0.429825197312438,114205406.86312295,6.921125692996028e-09,6.921125692996027e-07
0.1pc,4.5,620.0757215276589,O1D + O3 -> O2 + O2,1.9377919191937705,192267274.08031982,1.0078636254988752e-08,1.0078636254988753e-06
0.1pc,7.5,417.007318092503,O1D + O3 -> O2 + O2,10.80833052576417,396457190.79697114,2.7262289035638153e-08,2.7262289035638154e-06
0.1pc,10.5,271.3139583070344,O1D + O3 -> O2 + O2,35.99084255404655,618227059.983634,5.8216220032489875e-08,5.821622003248988e-06
0.1pc,13.5,168.99866697643557,O1D + O3 -> O2 + O2,238.50716814815792,1279530253.7082012,1.8640213270217044e-07,1.8640213270217043e-05
0.1pc,16.5,102.5257586329344,O1D + O3 -> O2 + O2,871.1943270737547,2012728435.741888,4.3284245981879523e-07,4.328424598187952e-05
0.1pc,19.5,60.799542352537856,O1D + O3 -> O2 + O2,1890.9383374722215,2419567414.667606,7.815191781841688e-07,7.815191781841688e-05
0.1pc,22.5,35.62051392815702,O1D + O3 -> O2 + O2,2288.2590446036197,2494242981.6837654,7.815191781841688e-07,7.815191781841688e-05
0.1pc,25.5,20.68518298541812,O1D + O3 -> O2 + O2,1096.0254146511772,1782945173.2716863,6.147274919508499e-07,6.147274919508498e-05
0.1pc,28.5,11.952028373203648,O1D + O3 -> O2 + O2,234.77165742309444,740602020.6702573,3.170011029818986e-07,3.1700110298189864e-05
0.1pc,31.5,6.909599995273375,O1D + O3 -> O2 + O2,40.05599466420136,247773297.73034662,1.616638880425064e-07,1.616638880425064e-05
0.1pc,34.5,3.9699336245417904,O1D + O3 -> O2 + O2,7.56377669107823,84898588.69498962,8.909190137720881e-08,8.909190137720881e-06
0.1pc,37.5,2.255904410833008,O1D + O3 -> O2 + O2,1.2580122491651309,26523645.365215756,4.742983974649812e-08,4.742983974649811e-06
0.1pc,40.5,1.277179827702713,O1D + O3 -> O2 + O2,0.1747760296122913,7491185.172004438,3.538036570052968e-08,3.538036570052968e-06
0.1pc,1.5,898.4033681738869,O3 + M -> O + O2 + M,8725.81606385703,114205406.86312295,3.962190199342727e-05,0.003962190199342727
0.1pc,4.5,620.0757215276589,O3 + M -> O + O2 + M,545.8899932404242,192267274.08031982,2.8392246982831736e-06,0.00028392246982831735
0.1pc,7.5,417.007318092503,O3 + M -> O + O2 + M,20.277285234387,396457190.79697114,5.1146216300491214e-08,5.114621630049121e-06
0.1pc,10.5,271.3139583070344,O3 + M -> O + O2 + M,0.1753522056393914,618227059.983634,2.8363722164480056e-10,2.8363722164480056e-08
0.1pc,13.5,168.99866697643557,O3 + M -> O + O2 + M,0.0028586788428652593,1279530253.7082012,2.2341627597944904e-12,2.2341627597944904e-10
0.1pc,16.5,102.5257586329344,O3 + M -> O + O2 + M,9.561271578445541e-05,2012728435.741888,4.750403188357238e-14,4.750403188357238e-12
0.1pc,19.5,60.799542352537856,O3 + M -> O + O2 + M,5.656013989745943e-06,2419567414.667606,2.3376137219648216e-15,2.3376137219648214e-13
0.1pc,22.5,35.62051392815702,O3 + M -> O + O2 + M,6.01162384769723e-07,2494242981.6837654,2.4101997647554847e-16,2.4101997647554848e-14
0.1pc,25.5,20.68518298541812,O3 + M -> O + O2 + M,4.2558686073665354e-08,1782945173.2716863,2.386987929391603e-17,2.386987929391603e-15
0.1pc,28.5,11.952028373203648,O3 + M -> O + O2 + M,5.181841347272004e-09,740602020.6702573,6.996796123486607e-18,6.996796123486607e-16
0.1pc,31.5,6.909599995273375,O3 + M -> O + O2 + M,8.7284116469437e-10,247773297.73034662,3.522741040660035e-18,3.522741040660035e-16
0.1pc,34.5,3.9699336245417904,O3 + M -> O + O2 + M,4.2290104478615425e-11,84898588.69498962,4.98124940928626e-19,4.98124940928626e-17
0.1pc,37.5,2.255904410833008,O3 + M -> O + O2 + M,2.310884685800197e-12,26523645.365215756,8.712545556919526e-20,8.712545556919526e-18
0.1pc,40.5,1.277179827702713,O3 + M -> O + O2 + M,3.050140254339264e-13,7491185.172004438,6.392092334581567e-20,6.392092334581567e-18
0.1pc,1.5,898.4033681738869,O3 + hv -> O + O2,89349876.0088462,114205406.86312295,0.7600611489158313,76.00611489158314
0.1pc,4.5,620.0757215276589,O3 + hv -> O + O2,141847320.5075007,192267274.08031982,0.7377611254229561,73.7761125422956
0.1pc,7.5,417.007318092503,O3 + hv -> O + O2,281102153.43103385,396457190.79697114,0.7090353257711208,70.90353257711209
0.1pc,10.5,271.3139583070344,O3 + hv -> O + O2,421917494.4477844,618227059.983634,0.6824636476749394,68.24636476749394
0.1pc,13.5,168.99866697643557,O3 + hv -> O + O2,827414006.4113665,1279530253.7082012,0.6466545077878709,64.66545077878709
0.1pc,16.5,102.5257586329344,O3 + hv -> O + O2,1167338134.3259423,2012728435.741888,0.5799779610584492,57.99779610584493
0.1pc,19.5,60.799542352537856,O3 + hv -> O + O2,1113409230.7426972,2419567414.667606,0.46016871610731896,46.0168716107319
0.1pc,22.5,35.62051392815702,O3 + hv -> O + O2,738070854.9568446,2494242981.6837654,0.29590976515792455,29.590976515792455
0.1pc,25.5,20.68518298541812,O3 + hv -> O + O2,344620214.5344347,1782945173.2716863,0.19328705094282853,19.328705094282853
0.1pc,28.5,11.952028373203648,O3 + hv -> O + O2,121127329.0062975,740602020.6702573,0.16355252298214798,16.355252298214797
0.1pc,31.5,6.909599995273375,O3 + hv -> O + O2,38570609.39536868,247773297.73034662,0.15566895120936453,15.566895120936453
0.1pc,34.5,3.9699336245417904,O3 + hv -> O + O2,13001585.214973921,84898588.69498962,0.15314253646410994,15.314253646410995
0.1pc,37.5,2.255904410833008,O3 + hv -> O + O2,4033391.9867866402,26523645.365215756,0.15206778447114225,15.206778447114225
0.1pc,40.5,1.277179827702713,O3 + hv -> O + O2,1132731.3260224734,7491185.172004438,0.15163817246719868,15.16381724671987
0.1pc,1.5,898.4033681738869,O3 + hv -> O1D + O2,24707421.3533694,114205406.86312295,0.23902854847539465,23.902854847539466
0.1pc,4.5,620.0757215276589,O3 + hv -> O1D + O2,50319256.32061878,192267274.08031982,0.261715138789547,26.1715138789547
0.1pc,7.5,417.007318092503,O3 + hv -> O1D + O2,115130692.95177439,396457190.79697114,0.2903988012434203,29.039880124342034
0.1pc,10.5,271.3139583070344,O3 + hv -> O1D + O2,195960504.96389303,618227059.983634,0.3169717368390193,31.69717368390193
0.1pc,13.5,168.99866697643557,O3 + hv -> O1D + O2,451313276.9477343,1279530253.7082012,0.3527179413224386,35.27179413224386
0.1pc,16.5,102.5257586329344,O3 + hv -> O1D + O2,844300883.1256437,2012728435.741888,0.4194807745210973,41.94807745210973
0.1pc,19.5,60.799542352537856,O3 + hv -> O1D + O2,1305372785.0402267,2419567414.667606,0.5395066808748354,53.95066808748354
0.1pc,22.5,35.62051392815702,O3 + hv -> O1D + O2,1755489344.5136933,2494242981.6837654,0.7038164915787921,70.38164915787921
0.1pc,25.5,20.68518298541812,O3 + hv -> O1D + O2,1437926751.3260915,1782945173.2716863,0.8064896065690627,80.64896065690627
0.1pc,28.5,11.952028373203648,O3 + hv -> O1D + O2,619293408.5247984,740602020.6702573,0.8362026989398805,83.62026989398805
0.1pc,31.5,6.909599995273375,O3 + hv -> O1D + O2,209100256.6069545,247773297.73034662,0.843917639722904,84.3917639722904
0.1pc,34.5,3.9699336245417904,O3 + hv -> O1D + O2,71826269.53285319,84898588.69498962,0.8459469950843365,84.59469950843365
0.1pc,37.5,2.255904410833008,O3 + hv -> O1D + O2,22437598.095386855,26523645.365215756,0.8459469950843365,84.59469950843365
0.1pc,40.5,1.277179827702713,O3 + hv -> O1D + O2,6318499.244292371,7491185.172004438,0.8447024429102155,84.47024429102154
0.1pc,1.5,898.4033681738869,OH + O3 -> HO2 + O2,45371.85587107293,114205406.86312295,0.0004054360096707034,0.04054360096707034
0.1pc,4.5,620.0757215276589,OH + O3 -> HO2 + O2,79519.65149296634,192267274.08031982,0.00039728290557601917,0.039728290557601915
0.1pc,7.5,417.007318092503,OH + O3 -> HO2 + O2,127935.3985784123,396457190.79697114,0.00032269662790384104,0.0322696627903841
0.1pc,10.5,271.3139583070344,OH + O3 -> HO2 + O2,116908.3894834792,618227059.983634,0.00018910267287001973,0.018910267287001972
0.1pc,13.5,168.99866697643557,OH + O3 -> HO2 + O2,183477.93819874636,1279530253.7082012,0.0001433947635603064,0.014339476356030641
0.1pc,16.5,102.5257586329344,OH + O3 -> HO2 + O2,234497.0516703931,2012728435.741888,0.0001433947635603064,0.014339476356030641
0.1pc,19.5,60.799542352537856,OH + O3 -> HO2 + O2,356839.1963914154,2419567414.667606,0.00014748057616755308,0.014748057616755308
0.1pc,22.5,35.62051392815702,OH + O3 -> HO2 + O2,427653.413873438,2494242981.6837654,0.00014748057616755308,0.014748057616755308
0.1pc,25.5,20.68518298541812,OH + O3 -> HO2 + O2,222117.51931447262,1782945173.2716863,0.00012457899583467798,0.012457899583467798
0.1pc,28.5,11.952028373203648,OH + O3 -> HO2 + O2,69901.54490997555,740602020.6702573,9.438476126045872e-05,0.009438476126045871
0.1pc,31.5,6.909599995273375,OH + O3 -> HO2 + O2,21608.724339164997,247773297.73034662,8.721167509616762e-05,0.008721167509616762
0.1pc,34.5,3.9699336245417904,OH + O3 -> HO2 + O2,6915.442499657502,84898588.69498962,8.145532930473346e-05,0.008145532930473346
0.1pc,37.5,2.255904410833008,OH + O3 -> HO2 + O2,2077.9257284334753,26523645.365215756,7.834238845458838e-05,0.007834238845458837
0.1pc,40.5,1.277179827702713,OH + O3 -> HO2 + O2,585.9640164295021,7491185.172004438,7.828142865450659e-05,0.007828142865450659
0.1pc,1.5,898.4033681738869,S + O3 -> SO + O2,0.24456972201659527,114205406.86312295,3.011593415346115e-09,3.011593415346115e-07
0.1pc,4.5,620.0757215276589,S + O3 -> SO + O2,0.7463232932361534,192267274.08031982,3.881696959641588e-09,3.8816969596415883e-07
0.1pc,7.5,417.007318092503,S + O3 -> SO + O2,1.9865403248946492,396457190.79697114,5.010730971738061e-09,5.010730971738062e-07
0.1pc,10.5,271.3139583070344,S + O3 -> SO + O2,3.8707032437470463,618227059.983634,5.010730971738061e-09,5.010730971738062e-07
0.1pc,13.5,168.99866697643557,S + O3 -> SO + O2,4.138875205741355,1279530253.7082012,3.2346833486324364e-09,3.2346833486324364e-07
0.1pc,16.5,102.5257586329344,S + O3 -> SO + O2,0.6231880937771307,2012728435.741888,3.096235352522481e-10,3.096235352522481e-08
0.1pc,19.5,60.799542352537856,S + O3 -> SO + O2,0.01044400125692296,2419567414.667606,4.316474586990472e-12,4.3164745869904726e-10
0.1pc,22.5,35.62051392815702,S + O3 -> SO + O2,2.007985660521232e-05,2494242981.6837654,8.0504813495184e-15,8.0504813495184e-13
0.1pc,25.5,20.68518298541812,S + O3 -> SO + O2,6.13224866815049e-09,1782945173.2716863,3.43939273067936e-18,3.4393927306793603e-16
0.1pc,28.5,11.952028373203648,S + O3 -> SO + O2,9.066966338709196e-13,740602020.6702573,1.2242697272826016e-21,1.2242697272826016e-19
0.1pc,31.5,6.909599995273375,S + O3 -> SO + O2,3.312071375235293e-15,247773297.73034662,5.075982625941931e-22,5.075982625941931e-20
0.1pc,34.5,3.9699336245417904,S + O3 -> SO + O2,4.3094376118275736e-14,84898588.69498962,5.075982625941931e-22,5.075982625941931e-20
0.1pc,37.5,2.255904410833008,S + O3 -> SO + O2,1.0810087771037602e-12,26523645.365215756,4.075641798926483e-20,4.075641798926483e-18
0.1pc,40.5,1.277179827702713,S + O3 -> SO + O2,1.1351907500171901e-11,7491185.172004438,7.780625566326737e-19,7.780625566326737e-17
0.1pc,1.5,898.4033681738869,SO + O3 -> SO2 + O2,1563.9725321158494,114205406.86312295,1.347176377101227e-05,0.001347176377101227
0.1pc,4.5,620.0757215276589,SO + O3 -> SO2 + O2,2547.3769894005986,192267274.08031982,1.3249144981045654e-05,0.0013249144981045654
0.1pc,7.5,417.007318092503,SO + O3 -> SO2 + O2,3582.2497420275804,396457190.79697114,9.035653344630793e-06,0.0009035653344630792
0.1pc,10.5,271.3139583070344,SO + O3 -> SO2 + O2,3976.5583915898924,618227059.983634,6.4321972443185544e-06,0.0006432197244318554
0.1pc,13.5,168.99866697643557,SO + O3 -> SO2 + O2,1861.9607841067523,1279530253.7082012,1.4551909020600424e-06,0.00014551909020600425
0.1pc,16.5,102.5257586329344,SO + O3 -> SO2 + O2,138.844176201311,2012728435.741888,6.89830648465665e-08,6.8983064846566495e-06
0.1pc,19.5,60.799542352537856,SO + O3 -> SO2 + O2,1.4903430732351908,2419567414.667606,6.159543496083702e-10,6.159543496083701e-08
0.1pc,22.5,35.62051392815702,SO + O3 -> SO2 + O2,0.0017642760454912815,2494242981.6837654,7.073392842826756e-13,7.073392842826757e-11
0.1pc,25.5,20.68518298541812,SO + O3 -> SO2 + O2,3.0030289924481093e-07,1782945173.2716863,1.6843080973362638e-16,1.684308097336264e-14
0.1pc,28.5,11.952028373203648,SO + O3 -> SO2 + O2,3.001307129618929e-11,740602020.6702573,4.0525235495613355e-20,4.052523549561336e-18
0.1pc,31.5,6.909599995273375,SO + O3 -> SO2 + O2,8.463625006925381e-14,247773297.73034662,5.514845622502714e-21,5.514845622502713e-19
0.1pc,34.5,3.9699336245417904,SO + O3 -> SO2 + O2,4.682026102212219e-13,84898588.69498962,5.514845622502714e-21,5.514845622502713e-19
0.1pc,37.5,2.255904410833008,SO + O3 -> SO2 + O2,6.096500555400508e-12,26523645.365215756,2.298515332811575e-19,2.298515332811575e-17
0.1pc,40.5,1.277179827702713,SO + O3 -> SO2 + O2,3.662312391956378e-11,7491185.172004438,2.55934030710804e-18,2.55934030710804e-16
0.1pc,1.5,898.4033681738869,SO2 + O3 -> SO3 + O2,0.011901222209329716,114205406.86312295,5.5457857744070195e-11,5.5457857744070195e-09
0.1pc,4.5,620.0757215276589,SO2 + O3 -> SO3 + O2,0.0012894971146618795,192267274.08031982,6.706794595336027e-12,6.706794595336027e-10
0.1pc,7.5,417.007318092503,SO2 + O3 -> SO3 + O2,9.877664131840286e-05,396457190.79697114,2.4914831566010655e-13,2.4914831566010656e-11
0.1pc,10.5,271.3139583070344,SO2 + O3 -> SO3 + O2,5.47677346773481e-06,618227059.983634,8.85883815548254e-15,8.85883815548254e-13
0.1pc,13.5,168.99866697643557,SO2 + O3 -> SO3 + O2,3.3825313613560266e-07,1279530253.7082012,2.643572788961517e-16,2.6435727889615168e-14
0.1pc,16.5,102.5257586329344,SO2 + O3 -> SO3 + O2,4.473548042563025e-09,2012728435.741888,2.2226287278115008e-18,2.222628727811501e-16
0.1pc,19.5,60.799542352537856,SO2 + O3 -> SO3 + O2,8.421932151278845e-12,2419567414.667606,3.480759453208221e-21,3.480759453208221e-19
0.1pc,22.5,35.62051392815702,SO2 + O3 -> SO3 + O2,2.910516977274802e-15,2494242981.6837654,1.16689392278455e-24,1.1668939227845501e-22
0.1pc,25.5,20.68518298541812,SO2 + O3 -> SO3 + O2,1.9927126054549896e-19,1782945173.2716863,1.1176522056471215e-28,1.1176522056471215e-26
0.1pc,28.5,11.952028373203648,SO2 + O3 -> SO3 + O2,1.3948819271383907e-23,740602020.6702573,1.8834433180130928e-32,1.8834433180130927e-30
0.1pc,31.5,6.909599995273375,SO2 + O3 -> SO3 + O2,4.015165454226258e-26,247773297.73034662,1.1741751150036675e-33,1.1741751150036674e-31
0.1pc,34.5,3.9699336245417904,SO2 + O3 -> SO3 + O2,9.96858101445885e-26,84898588.69498962,1.1741751150036675e-33,1.1741751150036674e-31
0.1pc,37.5,2.255904410833008,SO2 + O3 -> SO3 + O2,9.261841299098674e-25,26523645.365215756,3.4919186904998546e-32,3.4919186904998544e-30
0.1pc,40.5,1.277179827702713,SO2 + O3 -> SO3 + O2,5.1194058893602694e-24,7491185.172004438,3.5915491747760646e-31,3.591549174776065e-29
0.1pc,1.5,898.4033681738869,rainout,0.3916278700863785,114205406.86312295,1.983873183009387e-09,1.983873183009387e-07
0.1pc,4.5,620.0757215276589,rainout,0.10355378316030511,192267274.08031982,5.385928710730326e-10,5.385928710730326e-08
0.1pc,7.5,417.007318092503,rainout,0.08356284232808313,396457190.79697114,2.1077393541558013e-10,2.1077393541558013e-08
0.1pc,10.5,271.3139583070344,rainout,0.00573469800835428,618227059.983634,1.1002498695633775e-10,1.1002498695633775e-08
