alt           press         den           temp          eddy          H2Oaer        CO2aer        S8aer         H2SO4aer      NH3aer        N2Oaer        C2H2aer       C2H4aer       C2H6aer       CH3CNaer      HCCCNaer      HCNaer        CH4aer        HCaer1        HCaer2        HCaer3        He            H             H2            H2O           OH            O             O2            CO            CO2           HCO           H2CO          C             CH            CH2           CH3           CH4           S             S2            S3            S4            S8            H2S           HS            SO            SO2           CS            CS2           OCS           CN            HCN           N             N2            NH            NH2           NH3           C2            C2H           C2H2          C2H4          NO            HNO           HO2           HNCO          N2O           H2O2          O3            NO2           NO3           SO3           HNO2          HNO3          H2SO4         HCl           Cl            Cl2           HOCl          N2H4          ClO           C2H6          CH3OH         CH2CO         CH3CHO        C3H4          C3H6          C4H2          C4H4          OClO          HCS           C2H3          C2H5          NCO           1CH2          HCCO          NNH           HSO           CH3O          H2COH         H2CN          N2H2          C4H           HCNOH         C2H2OH        CH3CO         CH2CHO        C2H3OH        C2H4OH        CH3O2         HSO3          O1D           N2H3          NH2CO         HS4           C4H3          CH2N2         N2D           CH2CN         CH3CN         HCCCN         H2Oaer_r      CO2aer_r      S8aer_r       H2SO4aer_r    NH3aer_r      N2Oaer_r      C2H2aer_r     C2H4aer_r     C2H6aer_r     CH3CNaer_r    HCCCNaer_r    HCNaer_r      CH4aer_r      HCaer1_r      HCaer2_r      HCaer3_r      
5.00000E-001  1.00898E+000  2.55827E+019  2.85664E+002  1.00000E+005  6.30183E-004  1.00000E-040  1.00000E-040  6.17362E-032  1.00000E-040  1.00000E-040  1.00000E-040  1.00000E-040  1.00000E-040  1.00000E-040  1.00000E-040  1.00000E-040  1.00000E-040  1.00000E-040  1.35516E-023  1.00000E-040  1.00000E-040  1.17331E-021  4.95548E-007  5.77744E-003  4.63900E-014  3.90132E-017  2.10836E-001  3.71852E-008  2.81471E-004  1.15186E-022  1.50023E-010  1.00000E-040  1.00000E-040  2.34914E-033  3.56155E-020  8.00805E-007  1.93975E-028  2.76531E-026  3.46056E-036  3.45068E-035  1.00000E-040  7.96129E-012  2.21518E-017  9.39222E-019  3.51463E-011  1.00000E-040  1.00000E-040  3.33999E-010  9.83553E-035  4.97608E-011  1.42887E-031  7.83104E-001  9.70216E-024  2.80191E-014  5.52406E-010  1.00000E-040  1.00000E-040  9.04124E-030  2.57179E-025  3.17394E-012  2.82533E-016  1.05130E-011  9.08875E-015  2.70569E-007  9.51719E-010  2.15630E-008  1.43621E-011  7.37388E-014  3.27005E-019  4.29925E-012  1.76173E-011  2.76251E-011  3.01883E-027  2.09599E-032  1.00000E-040  1.81966E-027  1.90112E-013  3.11983E-019  1.04304E-023  1.22285E-017  2.04962E-025  1.21258E-025  1.00000E-040  1.72470E-038  2.20494E-026  1.71015E-034  3.32088E-026  1.00000E-040  1.25745E-040  3.29994E-026  1.07674E-016  7.08638E-035  1.35558E-039  5.04787E-023  1.89533E-017  7.58046E-019  2.68352E-015  5.88522E-025  5.73160E-011  1.00000E-040  4.50627E-019  1.00000E-040  1.19547E-025  4.55688E-031  3.84215E-023  1.08963E-025  1.08885E-011  2.28506E-023  1.40124E-022  1.12033E-013  1.81099E-014  1.00000E-040  5.44981E-034  2.20179E-023  1.00000E-040  8.63462E-022  3.63288E-011  7.74140E-034  1.00000E-003  1.00000E-005  1.00000E-005  1.00000E-005  1.00000E-005  1.00000E-005  1.00000E-005  1.00000E-005  1.00000E-005  1.00000E-005  1.00000E-005  1.00000E-005  1.00000E-005  1.00000E-005  1.00000E-005  1.00000E-005  
1.50000E+000  8.93203E-001  2.31661E+019  2.79263E+002  1.00000E+005  8.27217E-004  1.00000E-040  1.00000E-040  7.25000E-029  1.00000E-040  1.00000E-040  1.00000E-040  1.00000E-040  1.00000E-040  1.00000E-040  1.00000E-040  1.00000E-040  1.00000E-040  1.00000E-040  7.63456E-024  1.00000E-040  1.00000E-040  1.00465E-021  4.96357E-007  4.40097E-003  3.85411E-014  4.87444E-017  2.11128E-001  3.62443E-008  2.81863E-004  9.32718E-023  1.21067E-010  1.00000E-040  1.00000E-040  1.35997E-033  2.59558E-020  8.00308E-007  1.09137E-028  2.73493E-026  1.00000E-040  1.00000E-040  1.00000E-040  4.44249E-012  9.95658E-018  5.87536E-019  7.28693E-011  1.00000E-040  1.00000E-040  3.34158E-010  4.84534E-035  4.97004E-011  1.72052E-031  7.84188E-001  1.10185E-023  7.39957E-014  5.27090E-010  1.00000E-040  1.00000E-040  8.70709E-030  2.55140E-025  2.83853E-013  5.11806E-016  1.16486E-011  6.69963E-015  2.70909E-007  1.11227E-009  2.30541E-008  2.88273E-012  4.87507E-014  2.12354E-019  2.36849E-012  2.47181E-011  3.01982E-011  1.73851E-027  2.04656E-032  2.80374E-034  1.34233E-027  5.38181E-013  3.12415E-019  1.05233E-023  1.16242E-017  2.18136E-025  9.33908E-026  1.00000E-040  1.68163E-038  2.20799E-026  1.51574E-034  3.41703E-026  1.00000E-040  1.00000E-040  1.87072E-026  4.39719E-016  3.82892E-035  1.69706E-039  5.32083E-023  1.28417E-017  7.66484E-019  3.69831E-015  3.75859E-025  5.83922E-011  1.00000E-040  6.01900E-019  1.00000E-040  1.16187E-025  4.34437E-031  3.84747E-023  9.17795E-026  1.10352E-010  4.08373E-023  1.87578E-022  2.54939E-013  1.82502E-014  1.00000E-040  5.49997E-034  1.10748E-023  1.00000E-040  8.39482E-022  3.61132E-011  7.75212E-034  1.00000E-003  1.00000E-005  1.00000E-005  1.00000E-005  1.00000E-005  1.00000E-005  1.00000E-005  1.00000E-005  1.00000E-005  1.00000E-005  1.00000E-005  1.00000E-005  1.00000E-005  1.00000E-005  1.00000E-005  1.00000E-005  
2.50000E+000  7.89245E-001  2.08015E+019  2.74811E+002  1.00000E+005  5.17445E-004  1.00000E-040  1.00000E-040  7.63225E-026  1.00000E-040  1.00000E-040  1.00000E-040  1.00000E-040  1.00000E-040  1.00000E-040  1.00000E-040  1.00000E-040  1.00000E-040  1.00000E-040  1.77964E-023  1.00000E-040  1.00000E-040  1.10458E-021  4.96778E-007  3.56101E-003  4.59200E-014  6.30787E-017  2.11306E-001  3.50379E-008  2.82103E-004  5.05575E-023  5.47776E-011  1.00000E-040  1.00000E-040  1.74341E-033  2.91964E-020  7.99597E-007  8.53853E-029  2.68658E-026  1.00000E-040  1.00000E-040  1.00000E-040  2.44921E-012  6.32005E-018  4.84031E-019  5.59048E-011  1.00000E-040  1.00000E-040  3.34151E-010  3.94843E-035  4.96323E-011  3.20908E-031  7.84850E-001  1.44698E-023  1.05131E-013  5.04830E-010  1.00000E-040  1.00000E-040  8.19930E-030  2.43599E-025  2.98023E-014  7.57161E-016  1.02306E-011  6.10956E-015  2.71096E-007  1.11165E-009  2.45916E-008  7.65730E-013  2.45282E-014  1.64754E-019  1.22471E-012  2.61132E-011  3.25548E-011  1.07954E-027  2.15055E-032  3.22914E-036  1.27353E-027  8.32024E-013  3.12679E-019  1.07197E-023  1.05865E-017  2.63938E-025  7.37187E-026  1.00000E-040  1.61869E-038  2.20985E-026  1.10051E-034  3.55987E-026  1.00000E-040  1.06415E-040  1.52810E-026  1.81693E-015  4.66958E-035  2.18543E-039  7.59118E-023  1.12081E-017  3.39465E-019  4.29587E-015  2.83333E-025  5.96046E-011  1.00000E-040  9.76441E-019  1.00000E-040  1.52834E-025  4.05261E-031  3.85071E-023  7.35763E-026  4.24167E-010  3.81766E-023  2.46253E-022  3.88879E-013  1.83663E-014  1.00000E-040  5.64407E-034  1.02438E-023  1.00000E-040  8.01486E-022  3.59134E-011  7.75866E-034  1.00000E-003  1.00000E-005  1.00000E-005  1.00000E-005  1.00000E-005  1.00000E-005  1.00000E-005  1.00000E-005  1.00000E-005  1.00000E-005  1.00000E-005  1.00000E-005  1.00000E-005  1.00000E-005  1.00000E-005  1.00000E-005  
3.50000E+000  6.95869E-001  1.86886E+019  2.69691E+002  1.00000E+005  5.35449E-004  1.00000E-040  1.00000E-040  2.05019E-023  1.00000E-040  1.00000E-040  1.00000E-040  1.00000E-040  1.00000E-040  1.00000E-040  1.00000E-040  1.00000E-040  1.00000E-040  1.00000E-040  7.33765E-024  1.00000E-040  1.00000E-040  1.21606E-021  4.97225E-007  2.70083E-003  5.19639E-014  8.22109E-017  2.11488E-001  3.38587E-008  2.82349E-004  3.23907E-023  3.02359E-011  1.00000E-040  1.00000E-040  1.95432E-033  3.02780E-020  7.99120E-007  6.18842E-029  2.62627E-026  1.00000E-040  1.00000E-040  1.00000E-040  1.35351E-012  3.80195E-018  3.99146E-019  4.27632E-011  1.00000E-040  1.00000E-040  3.34164E-010  2.84225E-035  4.95801E-011  5.17851E-031  7.85527E-001  1.66003E-023  1.11710E-013  4.85814E-010  1.00000E-040  1.00000E-040  7.58077E-030  2.30844E-025  1.30711E-014  1.01510E-015  9.63354E-012  5.28401E-015  2.71283E-007  1.02827E-009  2.66358E-008  4.16405E-013  1.88372E-014  1.07064E-019  6.55391E-013  2.62073E-011  3.05865E-011  8.27847E-028  2.23893E-032  3.54462E-038  1.23190E-027  8.68256E-013  3.12948E-019  1.10304E-023  9.54373E-018  3.30895E-025  6.13130E-026  1.00000E-040  1.54209E-038  2.21176E-026  7.64337E-035  3.79099E-026  1.00000E-040  1.08575E-040  1.51085E-026  3.41822E-015  4.93255E-035  9.53627E-037  1.05265E-022  9.90039E-018  2.46349E-019  5.02646E-015  2.25195E-025  6.03306E-011  1.00000E-040  1.62457E-018  1.00000E-040  1.96152E-025  3.70434E-031  3.85403E-023  6.41456E-026  6.20427E-010  3.40011E-023  3.21836E-022  4.27204E-013  1.84458E-014  1.00000E-040  5.69996E-034  8.87866E-024  1.00000E-040  7.53002E-022  3.57429E-011  7.76535E-034  1.00000E-003  1.00000E-005  1.00000E-005  1.00000E-005  1.00000E-005  1.00000E-005  1.00000E-005  1.00000E-005  1.00000E-005  1.00000E-005  1.00000E-005  1.00000E-005  1.00000E-005  1.00000E-005  1.00000E-005  1.00000E-005  
4.50000E+000  6.12022E-001  1.67914E+019  2.63996E+002  1.00000E+005  5.12724E-004  1.00000E-040  1.00000E-040  8.22016E-021  1.00000E-040  1.00000E-040  1.00000E-040  1.00000E-040  1.00000E-040  1.00000E-040  1.00000E-040  1.00000E-040  1.00000E-040  1.00000E-040  3.64093E-024  1.00000E-040  1.00000E-040  1.30942E-021  4.97705E-007  1.89601E-003  5.54764E-014  1.07993E-016  2.11659E-001  3.28162E-008  2.82578E-004  3.13495E-023  2.59863E-011  1.00000E-040  1.00000E-040  1.88402E-033  2.88052E-020  7.98801E-007  4.24847E-029  2.55748E-026  4.56342E-035  4.90603E-034  1.00000E-040  7.61768E-013  2.19738E-018  3.33427E-019  3.28760E-011  1.00000E-040  1.00000E-040  3.34173E-010  1.80060E-035  4.95405E-011  7.41026E-031  7.86161E-001  1.72298E-023  1.10163E-013  4.69931E-010  1.00000E-040  1.00000E-040  6.91991E-030  2.19057E-025  1.34257E-014  1.32042E-015  9.40929E-012  4.18284E-015  2.71449E-007  9.43467E-010  2.92958E-008  3.88892E-013  1.87525E-014  6.44828E-020  4.09004E-013  2.69249E-011  2.65463E-011  6.95779E-028  2.28054E-032  3.73764E-040  1.16945E-027  7.90477E-013  3.13201E-019  1.14667E-023  8.60090E-018  4.16431E-025  5.30551E-026  1.00000E-040  1.45730E-038  2.21354E-026  5.28197E-035  4.11670E-026  1.00000E-040  1.04147E-040  1.53058E-026  3.71460E-015  4.43901E-035  3.26370E-039  1.40334E-022  8.95571E-018  2.93438E-019  6.13364E-015  1.76483E-025  6.02956E-011  1.00000E-040  2.74668E-018  1.00000E-040  2.44846E-025  3.35406E-031  3.85714E-023  5.95982E-026  6.38459E-010  2.88829E-023  4.20652E-022  4.06768E-013  1.84953E-014  1.00000E-040  5.69887E-034  6.65227E-024  1.00000E-040  6.97163E-022  3.55993E-011  7.77162E-034  1.00000E-003  1.00000E-005  1.00000E-005  1.00000E-005  1.00000E-005  1.00000E-005  1.00000E-005  1.00000E-005  1.00000E-005  1.00000E-005  1.00000E-005  1.00000E-005  1.00000E-005  1.00000E-005  1.00000E-005  1.00000E-005  
5.50000E+000  5.36819E-001  1.50756E+019  2.57912E+002  1.00000E+005  4.23233E-004  1.00000E-040  1.00000E-040  3.97963E-018  1.00000E-040  1.00000E-040  1.00000E-040  1.00000E-040  1.00000E-040  1.00000E-040  1.00000E-040  1.00000E-040  1.00000E-040  1.00000E-040  2.65062E-024  1.00000E-040  1.00000E-040  1.40263E-021  4.98153E-007  1.25278E-003  5.76673E-014  1.42782E-016  2.11795E-001  3.19124E-008  2.82762E-004  3.88185E-023  2.89371E-011  1.00000E-040  1.00000E-040  1.67368E-033  2.60973E-020  7.98520E-007  2.90704E-029  2.48168E-026  1.00000E-040  1.00000E-040  1.00000E-040  4.39836E-013  1.27768E-018  2.92552E-019  2.55169E-011  1.00000E-040  1.00000E-040  3.34136E-010  1.04697E-035  4.95069E-011  1.03174E-030  7.86668E-001  1.73045E-023  1.05328E-013  4.56773E-010  1.00000E-040  1.00000E-040  6.26881E-030  2.08187E-025  2.16555E-014  1.69326E-015  9.35317E-012  3.23177E-015  2.71565E-007  8.80181E-010  3.25751E-008  4.57877E-013  2.03302E-014  3.99032E-020  3.61097E-013  2.91196E-011  2.21098E-011  6.00321E-028  2.29133E-032  1.00000E-040  1.10513E-027  6.75587E-013  3.13403E-019  1.20468E-023  7.76811E-018  5.28761E-025  4.66542E-026  1.00000E-040  1.36869E-038  2.21497E-026  3.60757E-035  4.53277E-026  1.00000E-040  1.00000E-040  1.55893E-026  3.05467E-015  3.65171E-035  9.65755E-037  1.84982E-022  8.58916E-018  4.25654E-019  7.67409E-015  1.35543E-025  5.95193E-011  1.00000E-040  4.81068E-018  1.00000E-040  3.05929E-025  3.07915E-031  3.85963E-023  5.66305E-026  5.14290E-010  2.42369E-023  5.49270E-022  3.60668E-013  1.85238E-014  1.00000E-040  5.67972E-034  4.54099E-024  1.00000E-040  6.37153E-022  3.54764E-011  7.77664E-034  1.00000E-003  1.00000E-005  1.00000E-005  1.00000E-005  1.00000E-005  1.00000E-005  1.00000E-005  1.00000E-005  1.00000E-005  1.00000E-005  1.00000E-005  1.00000E-005  1.00000E-005  1.00000E-005  1.00000E-005  1.00000E-005  
6.50000E+000  4.69398E-001  1.35336E+019  2.51214E+002  1.00000E+005  3.28014E-004  1.00000E-040  1.00000E-040  1.53185E-015  1.00000E-040  1.00000E-040  1.00000E-040  1.00000E-040  1.00000E-040  1.00000E-040  1.00000E-040  1.00000E-040  1.00000E-040  1.00000E-040  1.85103E-024  1.00000E-040  1.00000E-040  1.49489E-021  4.98537E-007  7.66547E-004  5.87566E-014  1.88439E-016  2.11898E-001  3.11098E-008  2.82902E-004  5.18228E-023  3.50238E-011  1.00000E-040  1.00000E-040  1.36769E-033  2.23872E-020  7.98240E-007  2.01901E-029  2.40155E-026  1.00000E-040  1.00000E-040  1.00000E-040  2.61614E-013  7.59870E-019  2.77108E-019  2.00548E-011  1.00000E-040  1.00000E-040  3.34050E-010  5.45976E-036  4.94774E-011  1.44573E-030  7.87051E-001  1.70244E-023  9.72455E-014  4.45902E-010  1.00000E-040  1.00000E-040  5.65915E-030  1.97982E-025  4.95735E-014  2.13310E-015  9.37480E-012  2.47498E-015  2.71631E-007  8.26359E-010  3.64433E-008  6.04021E-013  2.23101E-014  2.79084E-020  4.84946E-013  3.29022E-011  1.71935E-011  5.26800E-028  2.28705E-032  1.00000E-040  1.04399E-027  5.43120E-013  3.13555E-019  1.27920E-023  7.03509E-018  6.82999E-025  4.10848E-026  1.00000E-040  1.27954E-038  2.21605E-026  2.39357E-035  5.03089E-026  1.00000E-040  1.00000E-040  1.60115E-026  2.10076E-015  2.73023E-035  1.00000E-040  2.46522E-022  9.02011E-018  6.72068E-019  9.69935E-015  1.01307E-025  5.81437E-011  1.00000E-040  9.07332E-018  1.00000E-040  3.89309E-025  3.07738E-031  3.86151E-023  5.41065E-026  3.14373E-010  2.03415E-023  7.13887E-022  3.00514E-013  1.85396E-014  1.00000E-040  5.65414E-034  2.82669E-024  1.00000E-040  5.75953E-022  3.53700E-011  7.78043E-034  1.00000E-003  1.00000E-005  1.00000E-005  1.00000E-005  1.00000E-005  1.00000E-005  1.00000E-005  1.00000E-005  1.00000E-005  1.00000E-005  1.00000E-005  1.00000E-005  1.00000E-005  1.00000E-005  1.00000E-005  1.00000E-005  
7.50000E+000  4.08995E-001  1.21329E+019  2.44158E+002  1.00000E+005  2.26200E-004  1.00000E-040  1.00000E-040  4.67630E-013  1.00000E-040  1.00000E-040  1.00000E-040  1.00000E-040  1.00000E-040  1.00000E-040  1.00000E-040  1.00000E-040  1.00000E-040  1.00000E-040  1.45657E-024  1.00000E-040  1.00000E-040  1.59658E-021  4.98813E-007  4.37980E-004  5.98007E-014  2.48301E-016  2.11968E-001  3.03468E-008  2.82996E-004  6.38797E-023  3.91087E-011  1.00000E-040  1.00000E-040  1.07855E-033  1.86943E-020  7.97923E-007  1.45861E-029  2.31799E-026  1.00000E-040  1.00000E-040  1.00000E-040  1.60389E-013  4.72495E-019  2.85961E-019  1.59923E-011  1.00000E-040  1.00000E-040  3.33910E-010  2.64358E-036  4.94494E-011  2.06790E-030  7.87310E-001  1.64514E-023  8.49987E-014  4.36863E-010  1.12593E-039  1.00000E-040  5.11600E-030  1.88522E-025  1.60743E-013  2.61955E-015  9.27316E-012  1.89533E-015  2.71646E-007  7.59402E-010  4.08423E-008  8.27713E-013  2.28118E-014  2.62344E-020  8.23262E-013  3.84013E-011  1.15874E-011  4.86076E-028  2.29837E-032  1.00000E-040  9.94695E-028  3.95320E-013  3.13658E-019  1.37242E-023  6.38983E-018  8.98761E-025  3.63541E-026  1.00000E-040  1.19224E-038  2.21677E-026  1.52418E-035  5.60005E-026  1.00000E-040  1.00000E-040  1.69911E-026  1.29161E-015  1.95022E-035  1.00000E-040  3.37343E-022  1.04467E-017  1.00395E-018  1.21406E-014  7.42901E-026  5.63542E-011  1.00000E-040  1.84423E-017  1.00000E-040  5.10388E-025  3.96051E-031  3.86278E-023  5.17933E-026  1.25773E-010  1.74056E-023  9.22406E-022  2.28666E-013  1.85477E-014  1.00000E-040  5.61548E-034  1.67196E-024  1.00000E-040  5.16216E-022  3.52754E-011  7.78301E-034  1.00000E-003  1.00000E-005  1.00000E-005  1.00000E-005  1.00000E-005  1.00000E-005  1.00000E-005  1.00000E-005  1.00000E-005  1.00000E-005  1.00000E-005  1.00000E-005  1.00000E-005  1.00000E-005  1.00000E-005  1.00000E-005  
8.50000E+000  3.54970E-001  1.08507E+019  2.36946E+002  1.00000E+005  1.39964E-004  1.00000E-040  1.00000E-040  9.67930E-011  1.00000E-040  1.00000E-040  1.00000E-040  1.00000E-040  1.00000E-040  1.00000E-040  1.00000E-040  1.00000E-040  1.00000E-040  1.00000E-040  1.27536E-024  1.00000E-040  1.00000E-040  1.67540E-021  4.98956E-007  2.37005E-004  6.28891E-014  3.26944E-016  2.12010E-001  2.95695E-008  2.83054E-004  5.50178E-023  3.01572E-011  1.00000E-040  1.00000E-040  8.85719E-034  1.58353E-020  7.97558E-007  1.13625E-029  2.23198E-026  1.00000E-040  1.00000E-040  1.00000E-040  1.01448E-013  3.17689E-019  3.28948E-019  1.29714E-011  1.00000E-040  1.00000E-040  3.33718E-010  1.24614E-036  4.94224E-011  3.10287E-030  7.87468E-001  1.56255E-023  6.64172E-014  4.29261E-010  1.28698E-038  1.00000E-040  4.65171E-030  1.79932E-025  5.59666E-013  3.10256E-015  8.26165E-012  1.48108E-015  2.71618E-007  6.52575E-010  4.57196E-008  1.04983E-012  1.91325E-014  3.42235E-020  1.45216E-012  4.56789E-011  4.76195E-012  4.97700E-028  2.38096E-032  1.00000E-040  9.76950E-028  2.42233E-013  3.13721E-019  1.48659E-023  5.82530E-018  1.19464E-024  3.28714E-026  1.00000E-040  1.10867E-038  2.21722E-026  9.17044E-036  6.22999E-026  1.00000E-040  1.00000E-040  1.92565E-026  7.74004E-016  1.43873E-035  1.00000E-040  4.89253E-022  1.36335E-017  9.62416E-019  1.47516E-014  5.34948E-026  5.43580E-011  1.00000E-040  4.11546E-017  1.00000E-040  7.06476E-025  7.64344E-031  3.86355E-023  4.98166E-026  2.94069E-011  1.57222E-023  1.18457E-021  1.51668E-013  1.85514E-014  1.00000E-040  5.55567E-034  1.00640E-024  1.00000E-040  4.60174E-022  3.51893E-011  7.78461E-034  1.00000E-003  1.00000E-005  1.00000E-005  1.00000E-005  1.00000E-005  1.00000E-005  1.00000E-005  1.00000E-005  1.00000E-005  1.00000E-005  1.00000E-005  1.00000E-005  1.00000E-005  1.00000E-005  1.00000E-005  1.00000E-005  
9.50000E+000  3.06793E-001  9.66318E+018  2.29955E+002  9.61769E+004  7.59394E-005  1.00000E-040  1.00000E-040  2.22569E-010  1.00000E-040  1.00000E-040  1.00000E-040  1.00000E-040  1.00000E-040  1.00000E-040  1.00000E-040  1.00000E-040  1.00000E-040  1.00000E-040  4.68915E-024  1.00000E-040  1.00000E-040  1.75749E-021  4.98989E-007  1.26368E-004  6.76130E-014  4.34163E-016  2.12034E-001  2.87879E-008  2.83087E-004  3.48667E-023  1.69678E-011  1.00000E-040  1.00000E-040  7.58193E-034  1.37069E-020  7.97138E-007  9.49574E-030  2.14268E-026  1.00000E-040  1.00000E-040  1.00000E-040  6.66923E-014  2.28061E-019  4.08477E-019  1.07316E-011  1.00000E-040  1.00000E-040  3.33476E-010  5.88148E-037  4.93955E-011  4.71599E-030  7.87555E-001  1.45083E-023  4.60827E-014  4.22697E-010  9.28806E-038  1.00000E-040  4.26868E-030  1.73514E-025  1.29357E-012  3.52187E-015  6.80349E-012  1.17552E-015  2.71552E-007  5.29667E-010  5.12223E-008  1.32938E-012  1.48568E-014  5.32002E-020  2.39425E-012  5.52767E-011  1.86335E-012  5.62820E-028  2.51049E-032  1.00000E-040  9.77199E-028  1.25382E-013  3.13755E-019  1.62714E-023  5.35183E-018  1.56020E-024  3.06070E-026  1.00000E-040  1.02899E-038  2.21746E-026  5.34947E-036  6.93961E-026  1.00000E-040  1.00000E-040  2.26903E-026  4.69969E-016  1.10291E-035  1.00000E-040  7.33668E-022  1.93167E-017  6.31663E-019  1.75294E-014  3.87129E-026  5.23273E-011  1.00000E-040  9.53798E-017  1.00000E-040  9.95086E-025  2.04528E-030  3.86398E-023  4.86069E-026  7.02140E-012  1.48166E-023  1.52032E-021  8.79645E-014  1.85526E-014  1.00000E-040  5.48339E-034  6.22377E-025  1.00000E-040  4.08742E-022  3.51078E-011  7.78557E-034  1.00000E-003  1.00000E-005  1.00000E-005  1.00000E-005  1.00000E-005  1.00000E-005  1.00000E-005  1.00000E-005  1.00000E-005  1.00000E-005  1.00000E-005  1.00000E-005  1.00000E-005  1.00000E-005  1.00000E-005  1.00000E-005  
1.05000E+001  2.64048E-001  8.55073E+018  2.23664E+002  6.85565E+004  3.14136E-005  1.00000E-040  1.00000E-040  4.61149E-009  1.00000E-040  1.00000E-040  1.00000E-040  1.00000E-040  1.00000E-040  1.00000E-040  1.00000E-040  1.00000E-040  1.00000E-040  1.00000E-040  1.51357E-022  1.00000E-040  1.00000E-040  1.93990E-021  4.98946E-007  7.07563E-005  7.37619E-014  5.99249E-016  2.12046E-001  2.79300E-008  2.83104E-004  2.43006E-023  1.04213E-011  1.00000E-040  1.00000E-040  6.88755E-034  1.23603E-020  7.96578E-007  8.57453E-030  2.03391E-026  1.00000E-040  1.00000E-040  1.00000E-040  4.40234E-014  1.66220E-019  5.13653E-019  8.87320E-012  1.00000E-040  1.00000E-040  3.33132E-010  2.93358E-037  4.93640E-011  7.08334E-030  7.87599E-001  1.33342E-023  2.94626E-014  4.15946E-010  5.03640E-037  1.00000E-040  3.92362E-030  1.71838E-025  2.42772E-012  3.86769E-015  5.74984E-012  9.36964E-016  2.71437E-007  4.14529E-010  5.86347E-008  1.85152E-012  1.21772E-014  8.06827E-020  3.81065E-012  6.99702E-011  1.00378E-012  6.85050E-028  2.65592E-032  1.00000E-040  1.00012E-027  5.51714E-014  3.13773E-019  1.83041E-023  4.92496E-018  1.97241E-024  2.95655E-026  1.00000E-040  9.41601E-039  2.21758E-026  3.08274E-036  7.90434E-026  1.00000E-040  1.00000E-040  2.72182E-026  2.85360E-016  9.01859E-036  1.00000E-040  1.09381E-021  2.76413E-017  5.14535E-019  2.09679E-014  2.87001E-026  5.00869E-011  1.00000E-040  2.11006E-016  1.00000E-040  1.33611E-024  7.09824E-030  3.86419E-023  4.86226E-026  2.58060E-012  1.40829E-023  1.99891E-021  4.39241E-014  1.85521E-014  1.00000E-040  5.40214E-034  4.02247E-025  1.00000E-040  3.55663E-022  3.50148E-011  7.78619E-034  1.00000E-003  1.00000E-005  1.00000E-005  1.00000E-005  1.00000E-005  1.00000E-005  1.00000E-005  1.00000E-005  1.00000E-005  1.00000E-005  1.00000E-005  1.00000E-005  1.00000E-005  1.00000E-005  1.00000E-005  1.00000E-005  
1.15000E+001  2.26390E-001  7.50374E+018  2.18522E+002  2.37960E+004  7.47603E-006  1.00000E-040  1.00000E-040  2.04601E-009  1.00000E-040  1.00000E-040  1.00000E-040  1.00000E-040  1.00000E-040  1.00000E-040  1.00000E-040  1.00000E-040  1.00000E-040  1.00000E-040  1.10742E-022  1.00000E-040  1.00000E-040  2.22814E-021  4.98754E-007  4.36513E-005  8.25212E-014  9.52938E-016  2.12051E-001  2.64538E-008  2.83114E-004  2.01457E-023  7.52616E-012  1.00000E-040  1.00000E-040  7.02838E-034  1.20791E-020  7.95352E-007  1.03619E-029  1.81615E-026  1.00000E-040  1.00000E-040  1.00000E-040  2.36884E-014  1.04098E-019  5.83356E-019  6.58153E-012  1.00000E-040  1.00000E-040  3.32344E-010  1.67576E-037  4.93029E-011  1.02485E-029  7.87620E-001  1.20542E-023  1.56684E-014  4.04335E-010  3.02830E-036  1.00000E-040  3.47065E-030  1.85613E-025  4.95996E-012  4.15242E-015  4.68385E-012  7.58399E-016  2.71145E-007  2.76453E-010  7.53209E-008  3.29882E-012  1.10896E-014  1.03639E-019  6.99346E-012  1.06666E-010  9.84700E-013  9.69921E-028  2.81037E-032  1.00000E-040  1.14730E-027  1.52248E-014  3.13780E-019  2.31879E-023  4.36006E-018  2.43296E-024  3.13393E-026  1.00000E-040  7.89621E-039  2.21764E-026  1.68318E-036  1.01190E-025  1.00000E-040  1.00000E-040  3.63004E-026  1.50182E-016  8.40687E-036  1.00000E-040  1.53876E-021  3.53692E-017  5.08050E-019  2.77022E-014  2.07791E-026  4.62786E-011  1.00000E-040  4.22237E-016  1.00000E-040  1.60315E-024  4.27710E-029  3.86429E-023  5.22325E-026  1.08077E-012  1.21643E-023  2.96876E-021  1.36381E-014  1.85490E-014  1.00000E-040  5.26256E-034  2.86371E-025  1.00000E-040  2.71794E-022  3.48347E-011  7.78713E-034  1.00000E-003  1.00000E-005  1.00000E-005  1.00000E-005  1.00000E-005  1.00000E-005  1.00000E-005  1.00000E-005  1.00000E-005  1.00000E-005  1.00000E-005  1.00000E-005  1.00000E-005  1.00000E-005  1.00000E-005  1.00000E-005  
1.25000E+001  1.93482E-001  6.53121E+018  2.14567E+002  1.42829E+004  1.83510E-006  1.00000E-040  1.00000E-040  1.20818E-009  1.00000E-040  1.00000E-040  1.00000E-040  1.00000E-040  1.00000E-040  1.00000E-040  1.00000E-040  1.00000E-040  1.00000E-040  1.00000E-040  9.04406E-023  1.00000E-040  1.00000E-040  2.56248E-021  4.98183E-007  2.88555E-005  9.42162E-014  1.87302E-015  2.12054E-001  2.38327E-008  2.83123E-004  1.92006E-023  6.18612E-012  1.00000E-040  1.00000E-040  8.06826E-034  1.28323E-020  7.92476E-007  3.00316E-029  1.35580E-026  1.00000E-040  1.00000E-040  1.00000E-040  8.90289E-015  5.42070E-020  6.05663E-019  3.98270E-012  1.00000E-040  1.00000E-040  3.30405E-010  1.11558E-037  4.91759E-011  1.51495E-029  7.87632E-001  1.13856E-023  7.38815E-015  3.82583E-010  1.84299E-035  1.00000E-040  2.94868E-030  2.44021E-025  1.05812E-011  4.01431E-015  3.51296E-012  6.36542E-016  2.70398E-007  1.44234E-010  1.16349E-007  7.53760E-012  1.27627E-014  1.10165E-019  1.39076E-011  2.06599E-010  9.40639E-013  1.52461E-027  2.97660E-032  1.00000E-040  1.57986E-027  2.57844E-015  3.13784E-019  3.60616E-023  3.68581E-018  2.59619E-024  4.12608E-026  1.00000E-040  5.30496E-039  2.21766E-026  9.57677E-037  1.56075E-025  1.00000E-040  1.20149E-040  5.54328E-026  7.06154E-017  8.97539E-036  1.00000E-040  1.93728E-021  4.12687E-017  5.40955E-019  4.28024E-014  1.47090E-026  3.98111E-011  1.00000E-040  7.43419E-016  1.00000E-040  1.60577E-024  5.57334E-029  3.86433E-023  6.63978E-026  4.80821E-013  8.62089E-024  5.34533E-021  2.38400E-015  1.85403E-014  1.00000E-040  5.01327E-034  2.30708E-025  1.00000E-040  1.50106E-022  3.44501E-011  7.78784E-034  1.00000E-003  1.00000E-005  1.00000E-005  1.00000E-005  1.00000E-005  1.00000E-005  1.00000E-005  1.00000E-005  1.00000E-005  1.00000E-005  1.00000E-005  1.00000E-005  1.00000E-005  1.00000E-005  1.00000E-005  1.00000E-005  
1.35000E+001  1.64929E-001  5.65074E+018  2.11402E+002  6.95701E+003  4.86340E-007  1.00000E-040  1.00000E-040  7.69015E-010  1.00000E-040  1.00000E-040  1.00000E-040  1.00000E-040  1.00000E-040  1.00000E-040  1.00000E-040  1.00000E-040  1.00000E-040  1.00000E-040  8.06003E-023  1.00000E-040  1.00000E-040  2.86701E-021  4.96859E-007  2.15089E-005  1.09355E-013  4.21547E-015  2.12055E-001  2.01037E-008  2.83132E-004  1.96457E-023  5.41717E-012  1.00000E-040  1.00000E-040  1.01106E-033  1.44981E-020  7.86705E-007  1.27891E-028  5.88669E-027  1.00000E-040  1.00000E-040  1.00000E-040  2.30900E-015  2.83628E-020  6.49372E-019  1.93152E-012  1.00000E-040  1.00000E-040  3.26355E-010  8.27281E-038  4.89501E-011  2.42853E-029  7.87638E-001  1.14750E-023  3.70091E-015  3.48229E-010  9.26253E-035  1.00000E-040  2.57393E-030  3.69970E-025  1.99467E-011  3.18043E-015  2.75875E-012  5.46588E-016  2.68798E-007  7.15614E-011  2.01809E-007  1.80937E-011  1.88668E-014  8.22390E-020  2.46874E-011  4.35280E-010  8.51671E-013  2.24439E-027  3.16176E-032  1.00000E-040  2.44551E-027  4.08987E-016  3.13782E-019  6.52100E-023  3.19933E-018  2.22997E-024  6.56837E-026  1.00000E-040  2.37760E-039  2.21766E-026  5.69359E-037  2.70697E-025  1.00000E-040  2.04740E-040  8.95925E-026  3.47962E-017  1.05923E-035  1.00000E-040  2.16632E-021  5.09248E-017  5.97574E-019  7.15334E-014  9.79637E-027  3.12087E-011  1.00000E-040  1.19280E-015  1.00000E-040  1.30875E-024  2.84487E-030  3.86433E-023  9.39428E-026  2.56118E-013  4.92265E-024  1.08842E-020  3.39200E-016  1.85211E-014  1.00000E-040  4.61795E-034  2.03661E-025  1.00000E-040  4.68581E-023  3.37442E-011  7.78917E-034  1.00000E-003  1.00000E-005  1.00000E-005  1.00000E-005  1.00000E-005  1.00000E-005  1.00000E-005  1.00000E-005  1.00000E-005  1.00000E-005  1.00000E-005  1.00000E-005  1.00000E-005  1.00000E-005  1.00000E-005  1.00000E-005  
1.45000E+001  1.40285E-001  4.86713E+018  2.08764E+002  5.42540E+003  1.74294E-007  1.00000E-040  1.00000E-040  5.96602E-010  1.00000E-040  1.00000E-040  1.00000E-040  1.00000E-040  1.00000E-040  1.00000E-040  1.00000E-040  1.00000E-040  1.00000E-040  1.00000E-040  7.62387E-023  1.00000E-040  1.00000E-040  3.13697E-021  4.94229E-007  1.71922E-005  1.31650E-013  9.87567E-015  2.12055E-001  1.56702E-008  2.83144E-004  2.15278E-023  5.01980E-012  1.00000E-040  1.00000E-040  1.41734E-033  1.75511E-020  7.76401E-007  5.15927E-028  1.00000E-040  1.00000E-040  1.00000E-040  1.00000E-040  4.10719E-016  1.66891E-020  7.29879E-019  7.57758E-013  1.00000E-040  1.00000E-040  3.18878E-010  6.76528E-038  4.85902E-011  4.44392E-029  7.87642E-001  1.23183E-023  2.06919E-015  3.00538E-010  3.52377E-034  1.00000E-040  2.29080E-030  5.67536E-025  3.23414E-011  2.18066E-015  2.64285E-012  4.85184E-016  2.65786E-007  5.05868E-011  3.59243E-007  4.01757E-011  3.28622E-014  4.76665E-020  3.73314E-011  8.88726E-010  5.28071E-013  2.91227E-027  3.44334E-032  1.00000E-040  3.98111E-027  8.55861E-017  3.13777E-019  1.24819E-022  3.18461E-018  1.57912E-024  1.13446E-025  1.00000E-040  5.54887E-040  2.21762E-026  3.27145E-037  4.82355E-025  1.00000E-040  1.00000E-040  1.40882E-025  1.93350E-017  1.41046E-035  1.00000E-040  2.16919E-021  6.93440E-017  6.92491E-019  1.14648E-013  5.78038E-027  2.17428E-011  1.00000E-040  1.83606E-015  1.00000E-040  8.81897E-025  1.20662E-031  3.86429E-023  1.27353E-025  1.68627E-013  2.33783E-024  2.29202E-020  6.14764E-017  1.84848E-014  2.13131E-029  4.04440E-034  2.01046E-025  1.00000E-040  6.56523E-024  3.25878E-011  7.80464E-034  1.00000E-003  1.00000E-005  1.00000E-005  1.00000E-005  1.00000E-005  1.00000E-005  1.00000E-005  1.00000E-005  1.00000E-005  1.00000E-005  1.00000E-005  1.00000E-005  1.00000E-005  1.00000E-005  1.00000E-005  1.00000E-005  
1.55000E+001  1.19115E-001  4.17141E+018  2.06823E+002  4.40851E+003  6.21934E-008  1.00000E-040  1.00000E-040  5.24716E-010  1.00000E-040  1.00000E-040  1.00000E-040  1.00000E-040  1.00000E-040  1.00000E-040  1.00000E-040  1.00000E-040  1.00000E-040  1.00000E-040  7.47838E-023  1.00000E-040  1.00000E-040  3.50663E-021  4.90225E-007  1.52551E-005  1.64645E-013  2.15834E-014  2.12054E-001  1.17546E-008  2.83157E-004  2.54209E-023  4.94403E-012  1.00000E-040  1.00000E-040  2.26099E-033  2.30510E-020  7.61982E-007  1.88766E-027  1.00000E-040  1.00000E-040  1.00000E-040  1.00000E-040  5.86440E-017  1.17085E-020  8.24759E-019  2.98944E-013  1.00000E-040  1.00000E-040  3.08114E-010  6.30339E-038  4.81373E-011  8.92402E-029  7.87645E-001  1.39440E-023  1.33016E-015  2.48986E-010  9.54783E-034  1.00000E-040  4.01934E-030  7.92621E-025  4.62803E-011  1.59370E-015  3.04067E-012  4.45891E-016  2.61380E-007  5.59920E-011  5.86245E-007  7.45956E-011  5.61198E-014  2.56554E-020  4.84815E-011  1.57058E-009  2.94285E-013  3.27575E-027  3.83882E-032  1.00000E-040  6.08172E-027  2.55876E-017  3.13768E-019  2.23527E-022  3.81248E-018  1.08366E-024  1.88572E-025  1.00000E-040  1.00000E-040  2.21757E-026  1.87005E-037  7.89097E-025  1.00000E-040  5.75765E-040  1.98585E-025  1.28807E-017  2.16467E-035  1.00000E-040  1.99700E-021  9.65500E-017  8.43864E-019  1.58251E-013  3.22258E-027  1.40040E-011  1.00000E-040  2.62067E-015  1.00000E-040  5.73615E-025  7.76994E-032  3.86422E-023  1.50368E-025  1.34937E-013  1.14556E-024  4.47564E-020  1.68201E-017  1.84317E-014  4.15853E-030  3.43921E-034  2.26555E-025  1.00000E-040  5.60381E-025  3.10989E-011  7.82738E-034  1.00000E-003  1.00000E-005  1.00000E-005  1.00000E-005  1.00000E-005  1.00000E-005  1.00000E-005  1.00000E-005  1.00000E-005  1.00000E-005  1.00000E-005  1.00000E-005  1.00000E-005  1.00000E-005  1.00000E-005  1.00000E-005  
1.65000E+001  1.01035E-001  3.55008E+018  2.06134E+002  3.94335E+003  1.00000E-040  1.00000E-040  1.00000E-040  5.00031E-010  1.00000E-040  1.00000E-040  1.00000E-040  1.00000E-040  1.00000E-040  1.00000E-040  1.00000E-040  1.00000E-040  1.00000E-040  1.00000E-040  7.48118E-023  1.00000E-040  1.00000E-040  4.16575E-021  4.84551E-007  1.52973E-005  2.15165E-013  4.54320E-014  2.12053E-001  8.68132E-009  2.83171E-004  3.31387E-023  5.27683E-012  1.00000E-040  1.00000E-040  4.32113E-033  3.40662E-020  7.42941E-007  6.25685E-027  1.00000E-040  3.29387E-033  1.87637E-032  1.00000E-040  7.08536E-018  9.39232E-021  9.34656E-019  1.56409E-013  1.00000E-040  1.00000E-040  2.93535E-010  7.35222E-038  4.75957E-011  1.93328E-028  7.87647E-001  1.68156E-023  9.55635E-016  1.96672E-010  1.99615E-033  1.95079E-040  7.68810E-030  1.05799E-024  6.11280E-011  1.28545E-015  4.07597E-012  4.33122E-016  2.55331E-007  8.28622E-011  8.95645E-007  1.24330E-010  9.69763E-014  1.78748E-020  5.67497E-011  2.51754E-009  1.81601E-013  3.33673E-027  4.36362E-032  1.00000E-040  8.87576E-027  9.49381E-018  3.13755E-019  3.84314E-022  5.35762E-018  8.76952E-025  3.14521E-025  1.00000E-040  1.00000E-040  2.21749E-026  1.13665E-037  1.21176E-024  1.00000E-040  1.68074E-039  2.66189E-025  9.93204E-018  4.07990E-035  1.00000E-040  1.62908E-021  1.26591E-016  1.09204E-018  1.92454E-013  1.86538E-027  8.33121E-012  1.00000E-040  3.18885E-015  1.00000E-040  4.37407E-025  2.02123E-031  3.86411E-023  1.63341E-025  1.29131E-013  7.60650E-025  8.32852E-020  5.76061E-018  1.83587E-014  6.70776E-031  2.90558E-034  3.09553E-025  1.00000E-040  8.86618E-026  2.92860E-011  7.82423E-034  1.00000E-003  1.00000E-005  1.00000E-005  1.00000E-005  1.00000E-005  1.00000E-005  1.00000E-005  1.00000E-005  1.00000E-005  1.00000E-005  1.00000E-005  1.00000E-005  1.00000E-005  1.00000E-005  1.00000E-005  1.00000E-005  
1.75000E+001  8.57087E-002  2.99743E+018  2.07106E+002  3.89374E+003  1.00000E-040  1.00000E-040  1.00000E-040  4.93645E-010  1.00000E-040  1.00000E-040  1.00000E-040  1.00000E-040  1.00000E-040  1.00000E-040  1.00000E-040  1.00000E-040  1.00000E-040  1.00000E-040  7.57088E-023  1.00000E-040  1.00000E-040  5.26524E-021  4.77242E-007  1.53486E-005  2.77969E-013  9.29394E-014  2.12050E-001  6.63496E-009  2.83187E-004  4.54053E-023  5.89149E-012  1.00000E-040  1.00000E-040  9.12280E-033  5.48528E-020  7.19926E-007  1.89251E-026  1.31126E-027  1.00000E-040  1.00000E-040  1.00000E-040  1.07480E-018  8.12808E-021  1.06969E-018  1.38840E-013  1.00000E-040  1.00000E-040  2.75489E-010  1.08353E-037  4.70009E-011  4.27813E-028  7.87648E-001  2.07211E-023  7.05075E-016  1.48531E-010  3.51093E-033  1.00000E-040  8.91681E-030  1.35349E-024  7.87365E-011  1.04608E-015  5.68665E-012  4.29826E-016  2.47749E-007  1.29314E-010  1.28366E-006  1.98319E-010  1.65476E-013  2.64184E-020  6.27030E-011  3.68970E-009  1.56877E-013  3.17097E-027  4.75510E-032  1.00000E-040  1.16733E-026  3.80356E-018  3.13738E-019  6.36984E-022  8.37309E-018  8.93394E-025  5.18662E-025  1.00000E-040  1.00000E-040  2.21739E-026  8.38176E-038  1.75182E-024  1.00000E-040  1.82259E-039  3.39634E-025  8.02093E-018  8.78372E-035  4.20989E-035  1.11267E-021  1.41574E-016  1.42638E-018  2.16192E-013  1.22116E-027  4.71338E-012  1.00000E-040  2.96371E-015  1.00000E-040  4.07742E-025  1.24412E-031  3.86397E-023  1.61269E-025  1.34756E-013  8.21019E-025  1.48694E-019  2.07300E-018  1.82671E-014  9.57751E-032  2.54623E-034  4.76740E-025  1.00000E-040  4.64234E-026  2.72654E-011  7.26786E-034  1.00000E-003  1.00000E-005  1.00000E-005  1.00000E-005  1.00000E-005  1.00000E-005  1.00000E-005  1.00000E-005  1.00000E-005  1.00000E-005  1.00000E-005  1.00000E-005  1.00000E-005  1.00000E-005  1.00000E-005  1.00000E-005  
1.85000E+001  7.27956E-002  2.52089E+018  2.09155E+002  3.93732E+003  1.00000E-040  1.00000E-040  1.00000E-040  4.92546E-010  1.00000E-040  1.00000E-040  1.00000E-040  1.00000E-040  1.00000E-040  1.00000E-040  1.00000E-040  1.00000E-040  1.00000E-040  1.00000E-040  7.69963E-023  1.00000E-040  1.00000E-040  7.23897E-021  4.68373E-007  1.54076E-005  3.56109E-013  1.84351E-013  2.12048E-001  5.43716E-009  2.83202E-004  6.39034E-023  6.74032E-012  1.00000E-040  1.00000E-040  2.03765E-032  9.27373E-020  6.93609E-007  5.24417E-026  1.19549E-027  1.00000E-040  1.00000E-040  1.00000E-040  4.60800E-019  7.40048E-021  1.31223E-018  1.77768E-013  1.00000E-040  1.00000E-040  2.54382E-010  1.84889E-037  4.63796E-011  1.05328E-027  7.87651E-001  2.58835E-023  5.33894E-016  1.06876E-010  5.57960E-033  1.00000E-040  9.81380E-030  1.68052E-024  1.00093E-010  8.56394E-016  7.97550E-012  4.28052E-016  2.38770E-007  1.99071E-010  1.74691E-006  3.05244E-010  2.78293E-013  6.43796E-020  6.70054E-011  5.03919E-009  1.91859E-013  2.86998E-027  5.04187E-032  1.00000E-040  1.42148E-026  1.61067E-018  3.13719E-019  1.03073E-021  1.38424E-017  1.05403E-024  8.54709E-025  1.00000E-040  1.00000E-040  2.21728E-026  7.25109E-038  2.41053E-024  1.00000E-040  2.96020E-039  4.19128E-025  6.68311E-018  2.04334E-034  4.61527E-036  6.79615E-022  1.42052E-016  1.86565E-018  2.26634E-013  9.12551E-028  2.58625E-012  1.00000E-040  2.31124E-015  1.00000E-040  4.24792E-025  1.02798E-031  3.86381E-023  1.48374E-025  1.47349E-013  1.23717E-024  2.57002E-019  7.60195E-019  1.81582E-014  1.26524E-032  2.37166E-034  7.87727E-025  1.00000E-040  3.47795E-026  2.51323E-011  6.60952E-034  1.00000E-003  1.00000E-005  1.00000E-005  1.00000E-005  1.00000E-005  1.00000E-005  1.00000E-005  1.00000E-005  1.00000E-005  1.00000E-005  1.00000E-005  1.00000E-005  1.00000E-005  1.00000E-005  1.00000E-005  1.00000E-005  
1.95000E+001  6.19361E-002  2.12125E+018  2.11480E+002  4.20491E+003  1.00000E-040  1.00000E-040  1.00000E-040  4.90809E-010  1.00000E-040  1.00000E-040  1.00000E-040  1.00000E-040  1.00000E-040  1.00000E-040  1.00000E-040  1.00000E-040  1.00000E-040  1.00000E-040  7.83230E-023  1.00000E-040  1.00000E-040  1.07080E-020  4.58048E-007  1.54731E-005  4.55563E-013  3.52269E-013  2.12045E-001  4.82013E-009  2.83218E-004  9.02708E-023  7.72961E-012  1.00000E-040  1.00000E-040  4.58695E-032  1.57703E-019  6.64649E-007  1.33942E-025  4.63261E-027  1.33614E-032  1.58586E-031  1.00000E-040  4.02335E-019  6.92373E-021  1.76072E-018  2.64543E-013  1.00000E-040  1.00000E-040  2.30678E-010  3.25718E-037  4.57509E-011  2.97725E-027  7.87653E-001  3.25669E-023  4.15889E-016  7.24947E-011  8.35012E-033  1.00000E-040  1.25868E-029  2.05310E-024  1.26376E-010  7.13129E-016  1.09860E-011  4.22793E-016  2.28548E-007  2.94047E-010  2.28277E-006  4.51677E-010  4.50690E-013  1.86000E-019  7.06281E-011  6.51531E-009  2.71820E-013  2.50908E-027  5.32147E-032  1.00000E-040  1.65703E-026  7.16101E-019  3.13696E-019  1.64373E-021  2.33193E-017  1.34745E-024  1.41120E-024  1.00000E-040  1.00000E-040  2.21720E-026  6.76157E-038  3.18895E-024  1.00000E-040  6.36560E-039  5.09174E-025  5.70788E-018  4.81237E-034  1.09338E-035  3.99448E-022  1.37351E-016  2.43210E-018  2.25185E-013  7.44945E-028  1.38854E-012  1.00000E-040  1.73170E-015  1.00000E-040  4.66343E-025  1.96611E-031  3.86362E-023  1.32483E-025  1.62581E-013  2.13707E-024  4.32902E-019  2.84638E-019  1.80337E-014  1.58554E-033  2.33673E-034  1.31810E-024  1.00000E-040  2.96703E-026  2.29602E-011  5.86700E-034  1.00000E-003  1.00000E-005  1.00000E-005  1.00000E-005  1.00000E-005  1.00000E-005  1.00000E-005  1.00000E-005  1.00000E-005  1.00000E-005  1.00000E-005  1.00000E-005  1.00000E-005  1.00000E-005  1.00000E-005  1.00000E-005  
2.05000E+001  5.27898E-002  1.78979E+018  2.13631E+002  4.72335E+003  1.00000E-040  1.00000E-040  1.00000E-040  4.85315E-010  1.00000E-040  1.00000E-040  1.00000E-040  1.00000E-040  1.00000E-040  1.00000E-040  1.00000E-040  1.00000E-040  1.00000E-040  1.00000E-040  7.95238E-023  1.00000E-040  1.00000E-040  1.66440E-020  4.46702E-007  1.55417E-005  5.85501E-013  6.44621E-013  2.12041E-001  4.56684E-009  2.83234E-004  1.26923E-022  8.80484E-012  1.00000E-040  1.00000E-040  1.02022E-031  2.64597E-019  6.34490E-007  3.18868E-025  2.36735E-027  6.64503E-034  2.37414E-033  1.00000E-040  3.91146E-019  6.62437E-021  2.56998E-018  4.11071E-013  1.00000E-040  1.00000E-040  2.05591E-010  5.58979E-037  4.51444E-011  9.18816E-027  7.87656E-001  4.10314E-023  3.35828E-016  4.61215E-011  1.20539E-032  1.00000E-040  9.63347E-030  2.48995E-024  1.59106E-010  6.11331E-016  1.46771E-011  4.15439E-016  2.17547E-007  4.09997E-010  2.87293E-006  6.39659E-010  6.84312E-013  5.40979E-019  7.43107E-011  8.02278E-009  3.97359E-013  2.14775E-027  5.67607E-032  1.00000E-040  1.88178E-026  3.37127E-019  3.13672E-019  2.57207E-021  3.90612E-017  1.80624E-024  2.31037E-024  1.00000E-040  1.00000E-040  2.21720E-026  6.38983E-038  4.06734E-024  1.00000E-040  7.54715E-039  6.15547E-025  5.02065E-018  1.11508E-033  1.28786E-035  2.38574E-022  1.33520E-016  3.16319E-018  2.15981E-013  6.41685E-028  7.42811E-013  1.00000E-040  1.35034E-015  1.00000E-040  5.29700E-025  5.59723E-032  3.86342E-023  1.18666E-025  1.77941E-013  3.85300E-024  7.11344E-019  1.11478E-019  1.78989E-014  1.95965E-034  2.39016E-034  2.17904E-024  1.00000E-040  2.71661E-026  2.08606E-011  5.08216E-034  1.00000E-003  1.00000E-005  1.00000E-005  1.00000E-005  1.00000E-005  1.00000E-005  1.00000E-005  1.00000E-005  1.00000E-005  1.00000E-005  1.00000E-005  1.00000E-005  1.00000E-005  1.00000E-005  1.00000E-005  1.00000E-005  
2.15000E+001  4.50645E-002  1.51469E+018  2.15490E+002  5.25999E+003  1.00000E-040  1.00000E-040  1.00000E-040  4.74084E-010  1.00000E-040  1.00000E-040  1.00000E-040  1.00000E-040  1.00000E-040  1.00000E-040  1.00000E-040  1.00000E-040  1.00000E-040  1.00000E-040  8.05631E-023  1.00000E-040  1.00000E-040  2.66474E-020  4.34568E-007  1.56120E-005  7.59548E-013  1.13651E-012  2.12038E-001  4.51779E-009  2.83250E-004  1.78109E-022  9.97179E-012  1.00000E-040  1.00000E-040  2.24806E-031  4.37787E-019  6.03846E-007  7.14376E-025  9.92173E-028  1.00000E-040  1.00000E-040  1.00000E-040  3.76146E-019  6.44909E-021  4.00789E-018  6.37118E-013  1.00000E-040  1.00000E-040  1.79871E-010  9.25500E-037  4.45691E-011  2.90242E-026  7.87659E-001  5.08142E-023  2.73865E-016  2.71208E-011  1.68804E-032  1.00000E-040  1.00000E-040  3.03276E-024  2.00777E-010  5.28561E-016  1.90465E-011  4.08150E-016  2.06018E-007  5.41397E-010  3.50852E-006  8.75431E-010  9.73618E-013  1.50062E-018  7.86294E-011  9.50050E-009  5.90716E-013  1.81612E-027  6.16326E-032  1.00000E-040  2.11209E-026  1.59059E-019  3.13647E-019  3.96692E-021  6.50024E-017  2.50526E-024  3.75691E-024  1.00000E-040  1.00000E-040  2.21734E-026  5.93403E-038  5.04135E-024  1.00000E-040  1.00000E-040  7.49447E-025  4.53109E-018  2.54385E-033  1.00000E-040  1.47129E-022  1.32105E-016  4.12085E-018  2.03339E-013  5.70217E-028  3.97800E-013  1.00000E-040  1.11941E-015  1.00000E-040  6.21283E-025  1.00000E-040  3.86321E-023  1.09242E-025  1.92329E-013  6.97441E-024  1.14876E-018  4.37589E-020  1.77562E-014  2.41341E-035  2.48894E-034  3.56511E-024  1.00000E-040  2.58104E-026  1.88739E-011  4.28481E-034  1.00000E-003  1.00000E-005  1.00000E-005  1.00000E-005  1.00000E-005  1.00000E-005  1.00000E-005  1.00000E-005  1.00000E-005  1.00000E-005  1.00000E-005  1.00000E-005  1.00000E-005  1.00000E-005  1.00000E-005  1.00000E-005  
2.25000E+001  3.85237E-002  1.28394E+018  2.17320E+002  5.99062E+003  1.00000E-040  1.00000E-040  1.00000E-040  4.56140E-010  1.00000E-040  1.00000E-040  1.00000E-040  1.00000E-040  1.00000E-040  1.00000E-040  1.00000E-040  1.00000E-040  1.00000E-040  1.00000E-040  8.15339E-023  1.00000E-040  1.00000E-040  4.37162E-020  4.21753E-007  1.56832E-005  9.97133E-013  1.95399E-012  2.12034E-001  4.58146E-009  2.83265E-004  2.52325E-022  1.13290E-011  1.00000E-040  1.00000E-040  5.02303E-031  7.26411E-019  5.73022E-007  1.51922E-024  2.93436E-027  1.00000E-040  1.00000E-040  1.00000E-040  3.54713E-019  6.38943E-021  6.54932E-018  9.64153E-013  1.00000E-040  1.00000E-040  1.54045E-010  1.53902E-036  4.40248E-011  8.88471E-026  7.87662E-001  6.03185E-023  2.13786E-016  1.44271E-011  2.29069E-032  1.00000E-040  2.05238E-029  3.74570E-024  2.55380E-010  4.41450E-016  2.42148E-011  4.04402E-016  1.94092E-007  6.82437E-010  4.18227E-006  1.17826E-009  1.32775E-012  4.04103E-018  8.38873E-011  1.08958E-008  8.84086E-013  1.52516E-027  6.80040E-032  1.00000E-040  2.35237E-026  6.74780E-020  3.13620E-019  6.06296E-021  1.08365E-016  3.58974E-024  6.11465E-024  1.00000E-040  1.00000E-040  2.21780E-026  5.37497E-038  6.11361E-024  1.00000E-040  9.64302E-039  9.26824E-025  4.16911E-018  5.87806E-033  5.39932E-035  9.20968E-023  1.30573E-016  5.40379E-018  1.89518E-013  5.26450E-028  2.12805E-013  1.00000E-040  9.51050E-016  2.01570E-040  7.55459E-025  1.07781E-031  3.86299E-023  1.04112E-025  2.06764E-013  1.23842E-023  1.83768E-018  1.55052E-020  1.76068E-014  2.94939E-036  2.57717E-034  5.92303E-024  1.00000E-040  2.55422E-026  1.70069E-011  3.49987E-034  1.00000E-003  1.00000E-005  1.00000E-005  1.00000E-005  1.00000E-005  1.00000E-005  1.00000E-005  1.00000E-005  1.00000E-005  1.00000E-005  1.00000E-005  1.00000E-005  1.00000E-005  1.00000E-005  1.00000E-005  1.00000E-005  
2.35000E+001  3.29773E-002  1.08998E+018  2.19136E+002  6.81524E+003  1.00000E-040  1.00000E-040  1.00000E-040  4.29371E-010  1.00000E-040  1.00000E-040  1.00000E-040  1.00000E-040  1.00000E-040  1.00000E-040  1.00000E-040  1.00000E-040  1.00000E-040  1.00000E-040  8.24476E-023  1.00000E-040  1.00000E-040  7.31062E-020  4.08429E-007  1.57544E-005  1.32893E-012  3.28555E-012  2.12030E-001  4.70238E-009  2.83279E-004  3.62061E-022  1.29269E-011  1.00000E-040  1.00000E-040  1.14526E-030  1.21227E-018  5.42434E-007  3.08427E-024  3.38377E-027  4.40549E-034  4.97548E-033  1.00000E-040  3.26404E-019  6.44763E-021  1.10884E-017  1.39827E-012  1.00000E-040  1.00000E-040  1.28845E-010  2.58461E-036  4.35132E-011  2.59741E-025  7.87665E-001  6.75439E-023  1.51203E-016  6.81914E-012  4.32087E-032  1.00000E-040  2.97194E-029  4.72268E-024  3.29646E-010  3.45110E-016  3.01264E-011  4.05197E-016  1.81969E-007  8.17941E-010  4.87526E-006  1.57311E-009  1.73913E-012  1.04291E-017  9.07971E-011  1.21408E-008  1.35798E-012  1.27723E-027  7.65198E-032  1.00000E-040  2.61374E-026  2.30338E-020  3.13592E-019  9.19550E-021  1.80999E-016  5.27739E-024  9.96665E-024  1.00000E-040  1.00000E-040  3.23841E-026  2.04515E-038  7.27227E-024  1.00000E-040  9.98302E-039  1.17095E-024  3.89590E-018  1.38486E-032  1.61903E-034  5.86463E-023  1.29337E-016  7.14818E-018  1.75916E-013  5.03178E-028  1.13735E-013  7.37715E-031  8.27542E-016  2.12642E-040  9.53431E-025  9.11519E-032  3.86276E-023  1.03874E-025  2.20251E-013  2.12393E-023  2.91717E-018  4.47540E-021  1.74520E-014  3.48073E-037  1.13757E-034  1.00578E-023  1.00000E-040  2.61666E-026  1.52712E-011  2.75900E-034  1.00000E-003  1.00000E-005  1.00000E-005  1.00000E-005  1.00000E-005  1.00000E-005  1.00000E-005  1.00000E-005  1.00000E-005  1.00000E-005  1.00000E-005  1.00000E-005  1.00000E-005  1.00000E-005  1.00000E-005  1.00000E-005  
2.45000E+001  2.82684E-002  9.26123E+017  2.21080E+002  7.73991E+003  1.00000E-040  1.00000E-040  1.00000E-040  3.91664E-010  1.00000E-040  1.00000E-040  1.00000E-040  1.00000E-040  1.00000E-040  1.00000E-040  1.00000E-040  1.00000E-040  1.00000E-040  1.00000E-040  8.33568E-023  1.00000E-040  1.00000E-040  1.24601E-019  3.94622E-007  1.58255E-005  1.80055E-012  5.42881E-012  2.12026E-001  4.84738E-009  2.83292E-004  5.28316E-022  1.48436E-011  1.00000E-040  1.00000E-040  2.69115E-030  2.04830E-018  5.12135E-007  5.98731E-024  1.61677E-027  1.00000E-040  1.00000E-040  1.00000E-040  2.92734E-019  6.62716E-021  1.91000E-017  1.92371E-012  1.00000E-040  1.00000E-040  1.04794E-010  4.47225E-036  4.30298E-011  7.16614E-025  7.87668E-001  7.15835E-023  9.20536E-017  2.80405E-012  1.00000E-040  1.00000E-040  5.33152E-029  6.12693E-024  4.33542E-010  2.52061E-016  3.67563E-011  4.12339E-016  1.69730E-007  9.31324E-010  5.56437E-006  2.10036E-009  2.20921E-012  2.60268E-017  9.99347E-011  1.31705E-008  2.18684E-012  1.06854E-027  8.77757E-032  1.00000E-040  2.89991E-026  5.71539E-021  3.13564E-019  1.39052E-020  3.03414E-016  7.95373E-024  1.63570E-023  1.00000E-040  1.00000E-040  1.00000E-040  1.00000E-040  8.50355E-024  1.00000E-040  6.71126E-038  1.52126E-024  3.68440E-018  3.36834E-032  2.47702E-034  3.75174E-023  1.27481E-016  9.54525E-018  1.62939E-013  5.00921E-028  6.04070E-014  1.58136E-031  7.24235E-016  5.59238E-040  1.25312E-024  1.04900E-031  3.86253E-023  1.09216E-025  2.32741E-013  3.47894E-023  4.60291E-018  9.53927E-022  1.72918E-014  1.00000E-040  1.00000E-040  1.76497E-023  1.00000E-040  2.78885E-026  1.36573E-011  2.08624E-034  1.00000E-003  1.00000E-005  1.00000E-005  1.00000E-005  1.00000E-005  1.00000E-005  1.00000E-005  1.00000E-005  1.00000E-005  1.00000E-005  1.00000E-005  1.00000E-005  1.00000E-005  1.00000E-005  1.00000E-005  1.00000E-005  
2.55000E+001  2.42664E-002  7.87874E+017  2.23082E+002  8.74643E+003  1.00000E-040  1.00000E-040  1.00000E-040  3.40902E-010  1.00000E-040  1.00000E-040  1.00000E-040  1.00000E-040  1.00000E-040  1.00000E-040  1.00000E-040  1.00000E-040  1.00000E-040  1.00000E-040  8.42444E-023  1.00000E-040  1.00000E-040  2.15490E-019  3.80335E-007  1.58966E-005  2.48052E-012  8.80741E-012  2.12022E-001  4.99129E-009  2.83305E-004  7.81193E-022  1.70731E-011  1.00000E-040  1.00000E-040  6.47774E-030  3.48558E-018  4.82137E-007  1.10698E-023  3.29199E-027  1.00000E-040  1.00000E-040  1.00000E-040  2.54882E-019  6.92024E-021  3.28187E-017  2.48835E-012  1.00000E-040  1.00000E-040  8.24501E-011  7.89714E-036  4.25705E-011  1.87028E-024  7.87671E-001  7.41305E-023  4.66109E-017  9.85614E-013  1.00000E-040  1.00000E-040  6.68730E-029  8.23123E-024  5.81071E-010  1.83713E-016  4.38857E-011  4.25728E-016  1.57455E-007  1.00378E-009  6.21630E-006  2.79883E-009  2.70591E-012  6.17167E-017  1.11990E-010  1.39202E-008  3.67489E-012  8.94368E-028  1.02911E-031  1.00000E-040  3.21996E-026  9.65971E-022  3.13535E-019  2.10460E-020  5.08640E-016  1.22449E-023  2.70452E-023  1.00000E-040  1.00000E-040  1.00000E-040  1.00000E-040  9.78040E-024  1.00000E-040  1.44022E-037  2.04260E-024  3.52529E-018  8.39565E-032  4.22550E-034  2.40815E-023  1.26123E-016  1.28390E-017  1.50912E-013  5.15852E-028  3.16948E-014  3.03790E-031  6.43755E-016  1.15870E-039  1.71754E-024  1.41814E-031  3.86228E-023  1.22114E-025  2.43100E-013  5.40451E-023  7.20871E-018  1.41547E-022  1.71255E-014  1.00000E-040  1.00000E-040  3.17950E-023  1.00000E-040  3.06240E-026  1.21559E-011  1.50269E-034  1.00000E-003  1.00000E-005  1.00000E-005  1.00000E-005  1.00000E-005  1.00000E-005  1.00000E-005  1.00000E-005  1.00000E-005  1.00000E-005  1.00000E-005  1.00000E-005  1.00000E-005  1.00000E-005  1.00000E-005  1.00000E-005  
2.65000E+001  2.08605E-002  6.71248E+017  2.25091E+002  9.76505E+003  1.00000E-040  1.00000E-040  1.00000E-040  2.75618E-010  1.00000E-040  1.00000E-040  1.00000E-040  1.00000E-040  1.00000E-040  1.00000E-040  1.00000E-040  1.00000E-040  1.00000E-040  1.00000E-040  8.50996E-023  1.00000E-040  1.00000E-040  3.76505E-019  3.65511E-007  1.59679E-005  3.46640E-012  1.40219E-011  2.12019E-001  5.11539E-009  2.83316E-004  1.16407E-021  1.95600E-011  1.00000E-040  1.00000E-040  1.58266E-029  5.93746E-018  4.52338E-007  1.93274E-023  2.99020E-027  7.10702E-034  8.21967E-033  1.00000E-040  2.15387E-019  7.31424E-021  5.49722E-017  3.01017E-012  1.00000E-040  1.00000E-040  6.23069E-011  1.41004E-035  4.21304E-011  4.61904E-024  7.87674E-001  7.87506E-023  1.92161E-017  2.91550E-013  1.00000E-040  1.00000E-040  7.05957E-029  1.14982E-023  7.90127E-010  1.50844E-016  5.12598E-011  4.44772E-016  1.45193E-007  1.02370E-009  6.79278E-006  3.69799E-009  3.17980E-012  1.37205E-016  1.27357E-010  1.43380E-008  6.31554E-012  7.49659E-028  1.23296E-031  1.00000E-040  3.57496E-026  1.07342E-022  3.13504E-019  3.20243E-020  8.50311E-016  1.92195E-023  4.50782E-023  1.00000E-040  1.00000E-040  1.00000E-040  1.00000E-040  1.10698E-023  2.25762E-040  1.35802E-037  2.84221E-024  3.41757E-018  2.12301E-031  9.39768E-034  1.53911E-023  1.25762E-016  1.73266E-017  1.39833E-013  5.46297E-028  1.62919E-014  1.00000E-040  5.83853E-016  1.37778E-039  2.45391E-024  1.08939E-031  3.86203E-023  1.45679E-025  2.50945E-013  7.91405E-023  1.11854E-017  1.41471E-023  1.69518E-014  1.00000E-040  1.00000E-040  5.82395E-023  1.00000E-040  3.43401E-026  1.07547E-011  1.02230E-034  1.00000E-003  1.00000E-005  1.00000E-005  1.00000E-005  1.00000E-005  1.00000E-005  1.00000E-005  1.00000E-005  1.00000E-005  1.00000E-005  1.00000E-005  1.00000E-005  1.00000E-005  1.00000E-005  1.00000E-005  1.00000E-005  
2.75000E+001  1.79575E-002  5.72806E+017  2.27068E+002  1.09262E+004  1.00000E-040  1.00000E-040  1.00000E-040  1.94909E-010  1.00000E-040  1.00000E-040  1.00000E-040  1.00000E-040  1.00000E-040  1.00000E-040  1.00000E-040  1.00000E-040  1.00000E-040  1.00000E-040  8.59148E-023  1.00000E-040  1.00000E-040  6.61916E-019  3.50154E-007  1.60393E-005  4.89248E-012  2.18979E-011  2.12015E-001  5.20569E-009  2.83327E-004  1.73628E-021  2.21938E-011  1.00000E-040  1.00000E-040  3.88163E-029  1.00612E-017  4.22772E-007  3.15347E-023  2.47854E-027  5.92576E-033  6.82032E-032  1.00000E-040  1.77628E-019  7.81389E-021  8.79111E-017  3.39317E-012  1.00000E-040  1.00000E-040  4.48992E-011  2.52255E-035  4.17067E-011  1.07905E-023  7.87678E-001  8.85908E-023  6.41512E-018  7.20861E-014  1.00000E-040  1.00000E-040  1.48729E-028  1.66842E-023  1.08185E-009  1.49304E-016  5.85995E-011  4.68141E-016  1.33060E-007  9.89618E-010  7.25301E-006  4.79855E-009  3.56894E-012  2.82680E-016  1.46015E-010  1.43914E-008  1.08595E-011  6.30281E-028  1.50611E-031  1.00000E-040  3.95574E-026  7.82830E-024  3.13472E-019  4.90776E-020  1.41231E-015  3.06529E-023  7.55897E-023  1.00000E-040  1.00000E-040  1.00000E-040  1.00000E-040  1.23331E-023  6.36461E-040  4.84208E-037  4.09003E-024  3.36682E-018  5.38288E-031  4.69318E-030  9.71254E-024  1.26369E-016  2.33495E-017  1.29539E-013  5.62924E-028  8.15323E-015  3.29578E-035  5.40624E-016  3.92552E-039  3.63776E-024  2.33705E-031  3.86177E-023  1.84646E-025  2.56529E-013  1.08531E-022  1.71543E-017  9.49907E-025  1.67696E-014  1.00000E-040  1.00000E-040  1.07247E-022  1.00000E-040  3.90438E-026  9.45026E-012  6.51712E-035  1.00000E-003  1.00000E-005  1.00000E-005  1.00000E-005  1.00000E-005  1.00000E-005  1.00000E-005  1.00000E-005  1.00000E-005  1.00000E-005  1.00000E-005  1.00000E-005  1.00000E-005  1.00000E-005  1.00000E-005  1.00000E-005  
2.85000E+001  1.54791E-002  4.89645E+017  2.28972E+002  1.22719E+004  1.00000E-040  1.00000E-040  1.00000E-040  9.88543E-011  1.00000E-040  1.00000E-040  1.00000E-040  1.00000E-040  1.00000E-040  1.00000E-040  1.00000E-040  1.00000E-040  1.00000E-040  1.00000E-040  8.66815E-023  1.00000E-040  1.00000E-040  1.16768E-018  3.34411E-007  1.61102E-005  6.93856E-012  3.35506E-011  2.12011E-001  5.25334E-009  2.83336E-004  2.57435E-021  2.48212E-011  1.00000E-040  1.00000E-040  9.44818E-029  1.68616E-017  3.93732E-007  4.76485E-023  1.77472E-027  4.55669E-033  5.25832E-032  1.00000E-040  1.44812E-019  8.47639E-021  1.32195E-016  3.55707E-012  1.22482E-040  1.00000E-040  3.07193E-011  4.47759E-035  4.13011E-011  2.38604E-023  7.87681E-001  1.04804E-022  1.75935E-018  1.50534E-014  1.00000E-040  1.00000E-040  2.48571E-028  2.49728E-023  1.47915E-009  1.68321E-016  6.56257E-011  4.93810E-016  1.21282E-007  9.10460E-010  7.56331E-006  6.05507E-009  3.81324E-012  5.34130E-016  1.67484E-010  1.40816E-008  1.83192E-011  5.32977E-028  1.87006E-031  1.00000E-040  4.34687E-026  3.88407E-025  3.13439E-019  7.55972E-020  2.31781E-015  4.93643E-023  1.26839E-022  1.00000E-040  1.00000E-040  1.00000E-040  1.00000E-040  1.35368E-023  1.64157E-039  1.04778E-036  6.04192E-024  3.38210E-018  1.35213E-030  2.09753E-030  6.03971E-024  1.27554E-016  3.12858E-017  1.19827E-013  6.51704E-028  3.97661E-015  3.05008E-039  5.10884E-016  8.62715E-039  5.54310E-024  3.53049E-031  3.86149E-023  2.45755E-025  2.60434E-013  1.38615E-022  2.59353E-017  4.42767E-026  1.65796E-014  1.79858E-039  1.00000E-040  1.96229E-022  1.00000E-040  4.47795E-026  8.25085E-012  3.88467E-035  1.00000E-003  1.00000E-005  1.00000E-005  1.00000E-005  1.00000E-005  1.00000E-005  1.00000E-005  1.00000E-005  1.00000E-005  1.00000E-005  1.00000E-005  1.00000E-005  1.00000E-005  1.00000E-005  1.00000E-005  1.00000E-005  
2.95000E+001  1.33599E-002  4.19129E+017  2.30872E+002  1.33027E+004  1.00000E-040  1.00000E-040  1.00000E-040  1.00000E-040  1.00000E-040  1.00000E-040  1.00000E-040  1.00000E-040  1.00000E-040  1.00000E-040  1.00000E-040  1.00000E-040  1.00000E-040  1.00000E-040  8.74251E-023  1.00000E-040  1.00000E-040  2.06998E-018  3.18149E-007  1.61810E-005  9.83736E-012  5.06034E-011  2.12007E-001  5.25679E-009  2.83344E-004  3.77453E-021  2.72906E-011  1.00000E-040  1.00000E-040  2.26864E-028  2.78967E-017  3.64973E-007  6.59297E-023  1.15304E-027  8.52886E-033  9.83244E-032  1.00000E-040  1.17688E-019  9.32558E-021  1.83965E-016  3.46189E-012  3.73325E-040  1.00000E-040  1.97328E-011  7.91400E-035  4.09074E-011  4.98623E-023  7.87685E-001  1.27021E-022  3.97618E-019  2.65938E-015  1.00000E-040  1.00000E-040  4.20664E-028  3.84414E-023  2.00801E-009  1.98416E-016  7.21538E-011  5.20057E-016  1.09864E-007  8.01138E-010  7.70869E-006  7.40271E-009  3.90130E-012  9.27350E-016  1.90981E-010  1.34536E-008  2.93898E-011  4.53293E-028  2.34795E-031  1.00000E-040  4.72361E-026  1.33299E-026  3.13404E-019  1.17532E-019  3.76504E-015  8.03739E-023  2.13744E-022  1.00000E-040  1.14562E-040  1.00000E-040  1.00000E-040  1.46673E-023  3.82971E-039  2.33087E-036  9.13796E-024  3.45402E-018  3.34849E-030  1.00000E-040  3.63620E-024  1.26365E-016  4.14850E-017  1.10148E-013  7.43245E-028  1.87423E-015  1.00000E-040  4.85626E-016  1.91962E-038  8.64037E-024  5.50901E-031  3.86120E-023  3.39427E-025  2.63138E-013  1.63632E-022  3.86008E-017  1.44672E-027  1.63785E-014  1.34288E-038  1.00000E-040  3.54748E-022  1.00000E-040  5.18537E-026  7.14247E-012  2.14723E-035  1.00000E-003  1.00000E-005  1.00000E-005  1.00000E-005  1.00000E-005  1.00000E-005  1.00000E-005  1.00000E-005  1.00000E-005  1.00000E-005  1.00000E-005  1.00000E-005  1.00000E-005  1.00000E-005  1.00000E-005  1.00000E-005  
3.05000E+001  1.15453E-002  3.59223E+017  2.32787E+002  1.46946E+004  1.00000E-040  1.00000E-040  1.00000E-040  1.00000E-040  1.00000E-040  1.00000E-040  1.00000E-040  1.00000E-040  1.00000E-040  1.00000E-040  1.00000E-040  1.00000E-040  1.00000E-040  1.00000E-040  8.81546E-023  1.00000E-040  1.00000E-040  3.69647E-018  3.01357E-007  1.62517E-005  1.38843E-011  7.52851E-011  2.12003E-001  5.21799E-009  2.83350E-004  5.44354E-021  2.94299E-011  1.00000E-040  1.00000E-040  5.33517E-028  4.54176E-017  3.36481E-007  8.27900E-023  5.73293E-028  1.00000E-040  1.00000E-040  1.00000E-040  9.56092E-020  1.03642E-020  2.34411E-016  3.12025E-012  1.00654E-039  1.00000E-040  1.17697E-011  1.39014E-034  4.05230E-011  9.87309E-023  7.87689E-001  1.54571E-022  7.48587E-020  4.01542E-016  1.00000E-040  1.00000E-040  7.23312E-028  6.04484E-023  2.69744E-009  2.34112E-016  7.78927E-011  5.44683E-016  9.88925E-008  6.76491E-010  7.68629E-006  8.74747E-009  3.83376E-012  1.47343E-015  2.15665E-010  1.25675E-008  3.76809E-011  3.87852E-028  2.96942E-031  1.00000E-040  5.06186E-026  3.25938E-028  3.13368E-019  1.84377E-019  6.05236E-015  1.31978E-022  3.61452E-022  1.00000E-040  2.40176E-040  1.00000E-040  1.00000E-040  1.57140E-023  7.99177E-039  5.27360E-036  1.40663E-023  3.57097E-018  8.11953E-030  1.16747E-032  2.09570E-024  1.20043E-016  5.42238E-017  1.00156E-013  8.76772E-028  8.48525E-016  1.00000E-040  4.60992E-016  4.30360E-038  1.36799E-023  8.77324E-031  3.86089E-023  4.80085E-025  2.64425E-013  1.77385E-022  5.64141E-017  3.39424E-029  1.61644E-014  1.86029E-039  1.00000E-040  6.29352E-022  1.00000E-040  6.06468E-026  6.12174E-012  1.09678E-035  1.00000E-003  1.00000E-005  1.00000E-005  1.00000E-005  1.00000E-005  1.00000E-005  1.00000E-005  1.00000E-005  1.00000E-005  1.00000E-005  1.00000E-005  1.00000E-005  1.00000E-005  1.00000E-005  1.00000E-005  1.00000E-005  
3.15000E+001  9.99026E-003  3.08035E+017  2.34906E+002  1.63646E+004  1.00000E-040  1.00000E-040  1.00000E-040  1.00000E-040  1.00000E-040  1.00000E-040  1.00000E-040  1.00000E-040  1.00000E-040  1.00000E-040  1.00000E-040  1.00000E-040  1.00000E-040  1.00000E-040  8.89316E-023  1.00000E-040  1.00000E-040  6.70493E-018  2.84403E-007  1.63208E-005  1.94261E-011  1.11001E-010  2.12000E-001  5.14642E-009  2.83354E-004  7.72654E-021  3.12435E-011  1.00000E-040  1.00000E-040  1.23355E-027  7.31856E-017  3.08844E-007  9.45892E-023  2.67765E-028  1.00000E-040  1.00000E-040  1.00000E-040  7.77788E-020  1.15471E-020  2.72339E-016  2.61601E-012  2.38318E-039  1.00000E-040  6.52074E-012  2.47070E-034  4.01535E-011  1.84230E-022  7.87693E-001  1.86973E-022  1.21830E-020  5.36847E-017  1.00000E-040  1.00000E-040  1.24561E-027  9.56451E-023  3.56941E-009  2.70653E-016  8.29435E-011  5.66804E-016  8.86566E-008  5.53345E-010  7.50805E-006  9.99182E-009  3.66635E-012  2.18645E-015  2.39492E-010  1.14736E-008  4.34184E-011  3.34570E-028  3.75399E-031  1.00000E-040  5.31773E-026  6.08596E-030  3.13329E-019  2.89516E-019  9.60817E-015  2.16689E-022  6.10158E-022  1.00000E-040  5.14649E-040  1.00000E-040  1.00000E-040  1.66690E-023  1.50538E-038  1.19255E-035  2.17427E-023  3.73734E-018  1.94090E-029  1.19926E-031  1.15191E-024  1.06476E-016  6.97699E-017  8.96680E-014  1.07912E-027  3.72831E-016  1.00000E-040  4.25533E-016  9.48788E-038  2.16729E-023  1.39275E-030  3.86055E-023  6.77671E-025  2.65921E-013  1.76010E-022  8.08214E-017  6.07051E-031  1.59396E-014  1.00000E-040  1.00000E-040  1.10045E-021  1.00000E-040  7.29355E-026  5.20525E-012  5.29781E-036  1.00000E-003  1.00000E-005  1.00000E-005  1.00000E-005  1.00000E-005  1.00000E-005  1.00000E-005  1.00000E-005  1.00000E-005  1.00000E-005  1.00000E-005  1.00000E-005  1.00000E-005  1.00000E-005  1.00000E-005  1.00000E-005  
3.25000E+001  8.65666E-003  2.64376E+017  2.37162E+002  1.77833E+004  1.00000E-040  1.00000E-040  1.00000E-040  1.00000E-040  1.00000E-040  1.00000E-040  1.00000E-040  1.00000E-040  1.00000E-040  1.00000E-040  1.00000E-040  1.00000E-040  1.00000E-040  1.00000E-040  8.97367E-023  1.00000E-040  1.00000E-040  1.23857E-017  2.67299E-007  1.63882E-005  2.68774E-011  1.62253E-010  2.11996E-001  5.04620E-009  2.83357E-004  1.07426E-020  3.25962E-011  1.00000E-040  1.00000E-040  2.77915E-027  1.16075E-016  2.82026E-007  9.81958E-023  1.05357E-028  2.48577E-034  2.89123E-033  1.00000E-040  6.23690E-020  1.26534E-020  2.88189E-016  2.04216E-012  4.84778E-039  1.00000E-040  3.33177E-012  4.39306E-034  3.97958E-011  3.26008E-022  7.87697E-001  2.23713E-022  1.74903E-021  6.47185E-018  1.00000E-040  5.67609E-040  2.13994E-027  1.51427E-022  4.64917E-009  3.04778E-016  8.70544E-011  5.84196E-016  7.91694E-008  4.40245E-010  7.20495E-006  1.10355E-008  3.41563E-012  3.00242E-015  2.61588E-010  1.02492E-008  4.71635E-011  2.90476E-028  4.73408E-031  1.00000E-040  5.48225E-026  9.05030E-032  3.13289E-019  4.55056E-019  1.50427E-014  3.55135E-022  1.02723E-021  1.00000E-040  1.10586E-039  1.00000E-040  1.00000E-040  1.75390E-023  2.54077E-038  2.67194E-035  3.36157E-023  3.93013E-018  4.52764E-029  4.78449E-032  6.04186E-025  8.72700E-017  8.81365E-017  7.88308E-014  1.38830E-027  1.58835E-016  1.00000E-040  3.84346E-016  2.04662E-037  3.42220E-023  2.18784E-030  3.86020E-023  9.46666E-025  2.66447E-013  1.59952E-022  1.13297E-016  8.60636E-033  1.57021E-014  1.00000E-040  1.00000E-040  1.87937E-021  1.00000E-040  8.98487E-026  4.38579E-012  2.57307E-036  1.00000E-003  1.00000E-005  1.00000E-005  1.00000E-005  1.00000E-005  1.00000E-005  1.00000E-005  1.00000E-005  1.00000E-005  1.00000E-005  1.00000E-005  1.00000E-005  1.00000E-005  1.00000E-005  1.00000E-005  1.00000E-005  
3.35000E+001  7.51193E-003  2.27117E+017  2.39562E+002  1.94692E+004  1.00000E-040  1.00000E-040  1.00000E-040  1.00000E-040  1.00000E-040  1.00000E-040  1.00000E-040  1.00000E-040  1.00000E-040  1.00000E-040  1.00000E-040  1.00000E-040  1.00000E-040  1.00000E-040  9.05731E-023  1.00000E-040  1.00000E-040  2.33855E-017  2.50062E-007  1.64539E-005  3.67145E-011  2.35449E-010  2.11992E-001  4.92112E-009  2.83357E-004  1.46046E-020  3.34351E-011  1.00000E-040  1.00000E-040  6.08165E-027  1.80911E-016  2.55984E-007  9.28185E-023  3.37317E-029  1.00000E-040  1.00000E-040  1.00000E-040  4.84457E-020  1.33512E-020  2.77793E-016  1.48726E-012  8.38319E-039  1.00000E-040  1.55752E-012  7.80194E-034  3.94469E-011  5.48351E-022  7.87701E-001  2.64299E-022  2.32704E-022  7.15119E-019  1.00000E-040  2.82575E-040  3.65478E-027  2.38504E-022  5.95389E-009  3.32775E-016  9.02227E-011  5.95834E-016  7.04158E-008  3.42938E-010  6.81223E-006  1.18012E-008  3.11588E-012  3.81601E-015  2.80736E-010  8.95892E-009  4.94733E-011  2.53253E-028  5.93692E-031  1.00000E-040  5.54700E-026  1.13904E-033  3.13247E-019  7.15366E-019  2.32262E-014  5.80248E-022  1.72415E-021  1.00000E-040  2.36210E-039  1.00000E-040  1.00000E-040  1.83307E-023  3.84469E-038  5.88811E-035  5.17934E-023  4.12412E-018  1.02742E-028  9.50803E-032  3.01137E-025  6.54829E-017  1.09132E-016  6.79048E-014  1.87421E-027  6.54377E-017  1.00000E-040  3.39124E-016  4.29495E-037  5.36689E-023  3.37718E-030  3.85980E-023  1.29668E-024  2.65571E-013  1.33236E-022  1.55384E-016  1.02329E-034  1.54492E-014  1.00000E-040  1.00000E-040  3.12542E-021  1.00000E-040  1.13458E-025  3.65602E-012  1.23578E-036  1.00000E-003  1.00000E-005  1.00000E-005  1.00000E-005  1.00000E-005  1.00000E-005  1.00000E-005  1.00000E-005  1.00000E-005  1.00000E-005  1.00000E-005  1.00000E-005  1.00000E-005  1.00000E-005  1.00000E-005  1.00000E-005  
3.45000E+001  6.52846E-003  1.95269E+017  2.42155E+002  2.14942E+004  1.00000E-040  1.00000E-040  1.00000E-040  1.00000E-040  1.00000E-040  1.00000E-040  1.00000E-040  1.00000E-040  1.00000E-040  1.00000E-040  1.00000E-040  1.00000E-040  1.00000E-040  1.00000E-040  9.14571E-023  1.00000E-040  1.00000E-040  4.53164E-017  2.32987E-007  1.65169E-005  4.94959E-011  3.40158E-010  2.11988E-001  4.77760E-009  2.83354E-004  1.94657E-020  3.38422E-011  1.00000E-040  1.00000E-040  1.29647E-026  2.77873E-016  2.31081E-007  8.10682E-023  1.64572E-029  2.88323E-033  3.31510E-032  1.00000E-040  3.63650E-020  1.34661E-020  2.46395E-016  1.02237E-012  1.24639E-038  1.00000E-040  6.68434E-013  1.38989E-033  3.91094E-011  8.76028E-022  7.87705E-001  3.08371E-022  4.03599E-023  7.48217E-020  1.00000E-040  4.51007E-040  6.14232E-027  3.69461E-022  7.47742E-009  3.50808E-016  9.27933E-011  6.01947E-016  6.24869E-008  2.64539E-010  6.36856E-006  1.22322E-008  2.80603E-012  4.55382E-015  2.95150E-010  7.66013E-009  5.08066E-011  2.21645E-028  7.38595E-031  1.00000E-040  5.51584E-026  1.68711E-035  3.13202E-019  1.11805E-018  3.53456E-014  9.39558E-022  2.87124E-021  1.00000E-040  4.97725E-039  1.00000E-040  1.00000E-040  1.90708E-023  5.30781E-038  1.26181E-034  7.88552E-023  4.30922E-018  2.27600E-028  1.89249E-031  1.43396E-025  4.51847E-017  1.32630E-016  5.73483E-014  2.60790E-027  2.62736E-017  1.00000E-040  2.90899E-016  8.66162E-037  8.29096E-023  5.05127E-030  3.85936E-023  1.71455E-024  2.64019E-013  1.02835E-022  2.09057E-016  1.39639E-036  1.51827E-014  9.05748E-039  1.00000E-040  5.07553E-021  1.00000E-040  1.47585E-025  3.01870E-012  7.77321E-037  1.00000E-003  1.00000E-005  1.00000E-005  1.00000E-005  1.00000E-005  1.00000E-005  1.00000E-005  1.00000E-005  1.00000E-005  1.00000E-005  1.00000E-005  1.00000E-005  1.00000E-005  1.00000E-005  1.00000E-005  1.00000E-005  
3.55000E+001  5.68256E-003  1.68145E+017  2.44780E+002  2.36775E+004  1.00000E-040  1.00000E-040  1.00000E-040  1.00000E-040  1.00000E-040  1.00000E-040  1.00000E-040  1.00000E-040  1.00000E-040  1.00000E-040  1.00000E-040  1.00000E-040  1.00000E-040  1.00000E-040  9.23394E-023  1.00000E-040  1.00000E-040  8.99412E-017  2.16286E-007  1.65766E-005  6.59794E-011  4.89688E-010  2.11984E-001  4.61701E-009  2.83349E-004  2.54399E-020  3.37931E-011  1.00000E-040  1.00000E-040  2.68186E-026  4.18959E-016  2.07514E-007  6.66855E-023  4.45204E-030  1.14034E-033  1.31142E-032  1.00000E-040  2.67320E-020  1.31508E-020  2.05094E-016  6.73892E-013  1.62272E-038  1.00000E-040  2.64195E-013  2.44309E-033  3.87837E-011  1.33993E-021  7.87710E-001  3.56050E-022  2.25578E-023  7.73603E-021  1.00000E-040  1.01841E-039  1.00678E-026  5.58561E-022  9.20183E-009  3.57414E-016  9.49162E-011  6.02750E-016  5.53872E-008  2.03708E-010  5.91166E-006  1.22838E-008  2.49332E-012  5.10188E-015  3.04428E-010  6.41786E-009  5.15376E-011  1.94674E-028  9.15630E-031  1.00000E-040  5.43787E-026  1.84518E-036  3.13155E-019  1.73120E-018  5.29505E-014  1.50131E-021  4.71777E-021  1.00000E-040  1.00578E-038  1.00000E-040  1.00000E-040  1.98270E-023  6.77647E-038  2.61009E-034  1.18029E-022  4.46525E-018  4.89076E-028  1.00000E-040  6.61215E-026  2.94681E-017  1.58534E-016  4.76754E-014  3.70251E-027  1.03149E-017  1.00000E-040  2.47729E-016  1.67376E-036  1.25704E-022  7.26135E-030  3.85883E-023  2.17736E-024  2.61075E-013  7.51591E-023  2.77216E-016  1.36113E-037  1.49032E-014  3.85772E-039  1.00000E-040  8.01552E-021  1.00000E-040  1.95250E-025  2.46988E-012  7.75453E-037  1.00000E-003  1.00000E-005  1.00000E-005  1.00000E-005  1.00000E-005  1.00000E-005  1.00000E-005  1.00000E-005  1.00000E-005  1.00000E-005  1.00000E-005  1.00000E-005  1.00000E-005  1.00000E-005  1.00000E-005  1.00000E-005  
3.65000E+001  4.95389E-003  1.45009E+017  2.47439E+002  2.67395E+004  1.00000E-040  1.00000E-040  1.00000E-040  1.00000E-040  1.00000E-040  1.00000E-040  1.00000E-040  1.00000E-040  1.00000E-040  1.00000E-040  1.00000E-040  1.00000E-040  1.00000E-040  1.00000E-040  9.32218E-023  1.00000E-040  1.00000E-040  1.83128E-016  2.00291E-007  1.66319E-005  8.72207E-011  7.05102E-010  2.11979E-001  4.44467E-009  2.83341E-004  3.27896E-020  3.34144E-011  1.00000E-040  1.90400E-040  5.42415E-026  6.22949E-016  1.85622E-007  5.34684E-023  1.00000E-040  1.00000E-040  1.00000E-040  1.00000E-040  1.97645E-020  1.27507E-020  1.65162E-016  4.38692E-013  1.93755E-038  1.00000E-040  9.73605E-014  4.25068E-033  3.84727E-011  1.97037E-021  7.87715E-001  4.08363E-022  2.75329E-023  9.20820E-022  1.00000E-040  2.56471E-039  1.59436E-026  8.17218E-022  1.10857E-008  3.51923E-016  9.69685E-011  6.00421E-016  4.91419E-008  1.57869E-010  5.46411E-006  1.19567E-008  2.19729E-012  5.52295E-015  3.07806E-010  5.27455E-009  5.19172E-011  1.71942E-028  1.13540E-030  1.00000E-040  5.34997E-026  1.66113E-036  3.13106E-019  2.64379E-018  7.82229E-014  2.35767E-021  7.61825E-021  1.00000E-040  1.93470E-038  1.00000E-040  1.00000E-040  2.06751E-023  8.31667E-038  5.18241E-034  1.72755E-022  4.58931E-018  1.02720E-027  6.98967E-031  2.98686E-026  1.87213E-017  1.87222E-016  3.91567E-014  5.30577E-027  3.99449E-018  1.00000E-040  2.10086E-016  3.07851E-036  1.86194E-022  9.92841E-030  3.85817E-023  2.63140E-024  2.57320E-013  5.37531E-023  3.64474E-016  1.11816E-037  1.46141E-014  1.00000E-040  1.00000E-040  1.24005E-020  1.00000E-040  2.62786E-025  2.00724E-012  1.00417E-036  1.00000E-003  1.00000E-005  1.00000E-005  1.00000E-005  1.00000E-005  1.00000E-005  1.00000E-005  1.00000E-005  1.00000E-005  1.00000E-005  1.00000E-005  1.00000E-005  1.00000E-005  1.00000E-005  1.00000E-005  1.00000E-005  
3.75000E+001  4.32518E-003  1.25265E+017  2.50087E+002  2.97405E+004  1.00000E-040  1.00000E-040  1.00000E-040  1.00000E-040  1.00000E-040  1.00000E-040  1.00000E-040  1.00000E-040  1.00000E-040  1.00000E-040  1.00000E-040  1.00000E-040  1.00000E-040  1.00000E-040  9.40914E-023  1.00000E-040  1.00000E-040  3.81932E-016  1.85205E-007  1.66824E-005  1.14672E-010  1.01791E-009  2.11975E-001  4.26433E-009  2.83331E-004  4.18337E-020  3.27642E-011  1.00000E-040  5.85418E-040  1.07722E-025  9.15160E-016  1.65532E-007  4.37586E-023  8.15790E-031  6.27277E-034  7.19219E-033  1.00000E-040  1.52757E-020  1.27705E-020  1.34426E-016  2.94053E-013  2.24754E-038  1.00000E-040  3.38723E-014  7.30743E-033  3.81769E-011  2.87510E-021  7.87720E-001  4.66890E-022  3.74564E-023  1.98095E-022  1.00000E-040  4.35251E-039  2.42225E-026  1.15142E-021  1.30799E-008  3.35475E-016  9.90960E-011  5.96679E-016  4.37004E-008  1.23580E-010  5.03963E-006  1.12813E-008  1.92377E-012  5.97634E-015  3.05392E-010  4.25645E-009  5.21022E-011  1.52967E-028  1.41472E-030  1.00000E-040  5.28704E-026  1.97577E-036  3.13056E-019  3.97339E-018  1.14075E-013  3.63129E-021  1.20589E-020  1.05711E-040  3.50949E-038  1.00000E-040  1.00000E-040  2.16916E-023  1.02892E-037  9.85484E-034  2.46682E-022  4.66662E-018  2.11640E-027  1.27120E-030  1.33591E-026  1.21087E-017  2.19177E-016  3.18690E-014  7.67420E-027  1.53451E-018  1.00000E-040  1.78796E-016  5.37282E-036  2.69006E-022  1.28271E-029  3.85727E-023  3.01569E-024  2.52361E-013  3.93863E-023  4.77227E-016  1.20815E-037  1.43175E-014  1.19616E-038  1.00000E-040  1.88690E-020  1.00000E-040  3.58032E-025  1.62277E-012  1.37154E-036  1.00000E-003  1.00000E-005  1.00000E-005  1.00000E-005  1.00000E-005  1.00000E-005  1.00000E-005  1.00000E-005  1.00000E-005  1.00000E-005  1.00000E-005  1.00000E-005  1.00000E-005  1.00000E-005  1.00000E-005  1.00000E-005  
3.85000E+001  3.78184E-003  1.08384E+017  2.52728E+002  3.29242E+004  1.00000E-040  1.00000E-040  1.00000E-040  1.00000E-040  1.00000E-040  1.00000E-040  1.00000E-040  1.00000E-040  1.00000E-040  1.00000E-040  1.00000E-040  1.00000E-040  1.00000E-040  1.00000E-040  9.49502E-023  1.00000E-040  1.00000E-040  8.12647E-016  1.70998E-007  1.67285E-005  1.50099E-010  1.47479E-009  2.11970E-001  4.07776E-009  2.83318E-004  5.28684E-020  3.18437E-011  1.00000E-040  1.84121E-039  2.10298E-025  1.32831E-015  1.47056E-007  3.87373E-023  3.16204E-031  3.34210E-034  3.82574E-033  1.00000E-040  1.29164E-020  1.38455E-020  1.16781E-016  2.14246E-013  2.70752E-038  1.00000E-040  1.11429E-014  1.24325E-032  3.78924E-011  5.13842E-021  7.87725E-001  5.33091E-022  5.08514E-023  9.59656E-023  1.00000E-040  8.28882E-039  3.51664E-026  1.56097E-021  1.51253E-008  3.09548E-016  1.01314E-010  5.92326E-016  3.89283E-008  9.77895E-011  4.64510E-006  1.03233E-008  1.67633E-012  6.75804E-015  2.97497E-010  3.36776E-009  5.21803E-011  1.36962E-028  1.77171E-030  1.00000E-040  5.25627E-026  2.35852E-036  3.13004E-019  5.88520E-018  1.64520E-013  5.49359E-021  1.87364E-020  1.42797E-040  5.99572E-038  1.00000E-040  1.00000E-040  2.29162E-023  1.36039E-037  1.79478E-033  3.44177E-022  4.65895E-018  4.28274E-027  2.20567E-030  5.88870E-027  8.38676E-018  2.54275E-016  2.56985E-014  1.19213E-026  5.81506E-019  1.00000E-040  1.52740E-016  8.87289E-036  3.79757E-022  1.56022E-029  3.85592E-023  3.27618E-024  2.45056E-013  3.12518E-023  6.23068E-016  1.29846E-037  1.40113E-014  5.45320E-039  1.00000E-040  2.82767E-020  1.00000E-040  4.90781E-025  1.30319E-012  1.84842E-036  1.00000E-003  1.00000E-005  1.00000E-005  1.00000E-005  1.00000E-005  1.00000E-005  1.00000E-005  1.00000E-005  1.00000E-005  1.00000E-005  1.00000E-005  1.00000E-005  1.00000E-005  1.00000E-005  1.00000E-005  1.00000E-005  
3.95000E+001  3.31159E-003  9.38994E+016  2.55441E+002  3.69865E+004  1.00000E-040  1.00000E-040  1.00000E-040  1.00000E-040  1.00000E-040  1.00000E-040  1.00000E-040  1.00000E-040  1.00000E-040  1.00000E-040  1.00000E-040  1.00000E-040  1.00000E-040  1.00000E-040  9.58224E-023  1.00000E-040  1.00000E-040  1.75532E-015  1.57852E-007  1.67698E-005  1.95388E-010  2.14579E-009  2.11965E-001  3.89151E-009  2.83302E-004  6.63007E-020  3.07343E-011  1.00000E-040  6.01082E-039  4.04233E-025  1.90856E-015  1.30287E-007  3.97284E-023  6.87940E-032  9.19967E-035  1.05077E-033  1.00000E-040  1.25838E-020  1.71075E-020  1.15267E-016  1.81092E-013  3.65089E-038  1.00000E-040  3.50817E-015  2.10792E-032  3.76201E-011  1.82570E-020  7.87730E-001  6.08005E-022  6.83554E-023  6.63839E-023  1.00000E-040  1.38418E-038  4.82185E-026  2.02017E-021  1.71354E-008  2.76084E-016  1.03747E-010  5.87367E-016  3.47725E-008  7.84901E-011  4.28889E-006  9.17623E-009  1.46043E-012  8.34594E-015  2.84153E-010  2.60740E-009  5.21952E-011  1.23368E-028  2.21760E-030  1.00000E-040  5.23948E-026  2.77674E-036  3.12951E-019  8.55473E-018  2.34471E-013  8.12694E-021  2.84678E-020  1.88659E-040  9.64941E-038  1.00000E-040  1.00000E-040  2.43584E-023  2.06328E-037  3.10512E-033  4.67004E-022  4.54144E-018  8.53497E-027  3.60120E-030  2.56243E-027  6.57518E-018  2.92104E-016  2.05404E-014  2.60607E-026  2.18474E-019  1.00000E-040  1.29744E-016  1.36603E-035  5.21182E-022  1.76258E-029  3.85380E-023  3.33953E-024  2.34677E-013  2.85862E-023  8.10671E-016  1.36137E-037  1.36979E-014  1.86125E-039  1.00000E-040  4.17889E-020  1.00000E-040  6.77311E-025  1.04142E-012  2.36620E-036  1.00000E-003  1.00000E-005  1.00000E-005  1.00000E-005  1.00000E-005  1.00000E-005  1.00000E-005  1.00000E-005  1.00000E-005  1.00000E-005  1.00000E-005  1.00000E-005  1.00000E-005  1.00000E-005  1.00000E-005  1.00000E-005  
4.05000E+001  2.90403E-003  8.14732E+016  2.58168E+002  4.09878E+004  1.00000E-040  1.00000E-040  1.00000E-040  1.00000E-040  1.00000E-040  1.00000E-040  1.00000E-040  1.00000E-040  1.00000E-040  1.00000E-040  1.00000E-040  1.00000E-040  1.00000E-040  1.00000E-040  9.66885E-023  1.00000E-040  1.00000E-040  3.81014E-015  1.45875E-007  1.68063E-005  2.52417E-010  3.12872E-009  2.11960E-001  3.70873E-009  2.83284E-004  8.22961E-020  2.94171E-011  1.00000E-040  2.03742E-038  7.59097E-025  2.70062E-015  1.15210E-007  4.83291E-023  1.00000E-040  1.00000E-040  1.00000E-040  1.00000E-040  1.43239E-020  2.44407E-020  1.32432E-016  1.81755E-013  5.63758E-038  1.00000E-040  1.06736E-015  3.53340E-032  3.73592E-011  1.02841E-019  7.87736E-001  6.92311E-022  9.01385E-023  5.13043E-023  1.00000E-040  2.19440E-038  6.17108E-026  2.47737E-021  1.90210E-008  2.38065E-016  1.06398E-010  5.80512E-016  3.11592E-008  6.41167E-011  3.98088E-006  7.93670E-009  1.27231E-012  1.10780E-014  2.66355E-010  1.97399E-009  5.21692E-011  1.11662E-028  2.75815E-030  1.00000E-040  5.22449E-026  3.17403E-036  3.12895E-019  1.21415E-017  3.28744E-013  1.16806E-020  4.20040E-020  2.39456E-040  1.44044E-037  1.00000E-040  1.00000E-040  2.60203E-023  3.65173E-037  5.05211E-033  6.12616E-022  4.28991E-018  1.66072E-026  5.43463E-030  1.11343E-027  5.96918E-018  3.31199E-016  1.63075E-014  9.81518E-026  8.17304E-020  1.00000E-040  1.10026E-016  1.93735E-035  6.91287E-022  1.82906E-029  3.85035E-023  3.17511E-024  2.19752E-013  3.08346E-023  1.04956E-015  1.37141E-037  1.33788E-014  1.00000E-040  1.00000E-040  6.04268E-020  1.00000E-040  9.31741E-025  8.29261E-013  2.86981E-036  1.00000E-003  1.00000E-005  1.00000E-005  1.00000E-005  1.00000E-005  1.00000E-005  1.00000E-005  1.00000E-005  1.00000E-005  1.00000E-005  1.00000E-005  1.00000E-005  1.00000E-005  1.00000E-005  1.00000E-005  1.00000E-005  
4.15000E+001  2.55028E-003  7.07918E+016  2.60928E+002  4.51719E+004  1.00000E-040  1.00000E-040  1.00000E-040  1.00000E-040  1.00000E-040  1.00000E-040  1.00000E-040  1.00000E-040  1.00000E-040  1.00000E-040  1.00000E-040  1.00000E-040  1.00000E-040  1.00000E-040  9.75429E-023  1.00000E-040  1.00000E-040  8.23853E-015  1.35050E-007  1.68383E-005  3.22809E-010  4.56075E-009  2.11954E-001  3.53035E-009  2.83263E-004  1.00872E-019  2.78888E-011  1.00000E-040  7.10980E-038  1.38360E-024  3.74775E-015  1.01660E-007  6.67929E-023  1.00000E-040  1.00000E-040  1.00000E-040  1.00000E-040  1.80416E-020  3.81922E-020  1.69905E-016  2.07935E-013  9.53899E-038  1.00000E-040  3.13625E-016  5.85148E-032  3.71069E-011  5.45635E-019  7.87741E-001  7.86744E-022  1.16319E-022  4.29416E-023  1.00000E-040  3.15897E-038  7.31683E-026  2.86563E-021  2.07026E-008  1.98454E-016  1.09300E-010  5.70613E-016  2.79890E-008  5.34242E-011  3.72121E-006  6.69726E-009  1.10775E-012  1.49246E-014  2.45130E-010  1.45890E-009  5.21140E-011  1.01533E-028  3.38383E-030  1.00000E-040  5.18270E-026  3.51241E-036  3.12838E-019  1.67611E-017  4.51960E-013  1.62343E-020  5.99083E-020  2.87012E-040  1.98501E-037  1.00000E-040  1.00000E-040  2.78562E-023  7.19306E-037  7.67712E-033  7.74139E-022  3.90336E-018  3.13543E-026  7.49846E-030  4.96998E-028  5.97601E-018  3.68866E-016  1.28729E-014  4.43073E-025  3.03619E-020  1.00000E-040  9.27269E-017  2.50558E-035  8.82753E-022  1.73155E-029  3.84473E-023  2.80345E-024  1.99621E-013  3.75478E-023  1.34940E-015  1.32350E-037  1.30528E-014  1.00000E-040  1.00000E-040  8.49472E-020  1.00000E-040  1.26990E-024  6.57487E-013  3.25244E-036  1.00000E-003  1.00000E-005  1.00000E-005  1.00000E-005  1.00000E-005  1.00000E-005  1.00000E-005  1.00000E-005  1.00000E-005  1.00000E-005  1.00000E-005  1.00000E-005  1.00000E-005  1.00000E-005  1.00000E-005  1.00000E-005  
4.25000E+001  2.24276E-003  6.16127E+016  2.63651E+002  5.04170E+004  1.00000E-040  1.00000E-040  1.00000E-040  1.00000E-040  1.00000E-040  1.00000E-040  1.00000E-040  1.00000E-040  1.00000E-040  1.00000E-040  1.00000E-040  1.00000E-040  1.00000E-040  1.00000E-040  9.83219E-023  1.00000E-040  1.00000E-040  1.75766E-014  1.25506E-007  1.68655E-005  4.07786E-010  6.62564E-009  2.11949E-001  3.35812E-009  2.83239E-004  1.21844E-019  2.61593E-011  1.00000E-040  2.48570E-037  2.42676E-024  5.07126E-015  8.96527E-008  9.78378E-023  2.60048E-032  7.85818E-035  8.87699E-034  1.00000E-040  2.33548E-020  6.05465E-020  2.28364E-016  2.53531E-013  1.64633E-037  1.00000E-040  8.95489E-017  9.49053E-032  3.68638E-011  2.39512E-018  7.87747E-001  8.92856E-022  1.46083E-022  3.95302E-023  1.00000E-040  4.16996E-038  7.97017E-026  3.10328E-021  2.21234E-008  1.60553E-016  1.12486E-010  5.56500E-016  2.52172E-008  4.55169E-011  3.50784E-006  5.52718E-009  9.60291E-013  1.93276E-014  2.21999E-010  1.05346E-009  5.20375E-011  9.32231E-029  4.07710E-030  1.00000E-040  5.09966E-026  3.73246E-036  3.12779E-019  2.23114E-017  6.05536E-013  2.15976E-020  8.17095E-020  3.18526E-040  2.48605E-037  1.00000E-040  1.00000E-040  2.98251E-023  1.46194E-036  1.07834E-032  9.34267E-022  3.42375E-018  5.68962E-026  9.34484E-030  2.65331E-028  6.16311E-018  4.02091E-016  1.01459E-014  1.77687E-024  1.12647E-020  1.00000E-040  7.80350E-017  2.93116E-035  1.07595E-021  1.48759E-029  3.83588E-023  2.28792E-024  1.74821E-013  4.82326E-023  1.72058E-015  1.21543E-037  1.27232E-014  1.12999E-038  1.00000E-040  1.15081E-019  1.00000E-040  1.70178E-024  5.20310E-013  3.42947E-036  1.00000E-003  1.00000E-005  1.00000E-005  1.00000E-005  1.00000E-005  1.00000E-005  1.00000E-005  1.00000E-005  1.00000E-005  1.00000E-005  1.00000E-005  1.00000E-005  1.00000E-005  1.00000E-005  1.00000E-005  1.00000E-005  
4.35000E+001  1.97491E-003  5.37500E+016  2.66125E+002  5.66624E+004  1.00000E-040  1.00000E-040  1.00000E-040  1.00000E-040  1.00000E-040  1.00000E-040  1.00000E-040  1.00000E-040  1.00000E-040  1.00000E-040  1.00000E-040  1.00000E-040  1.00000E-040  1.00000E-040  9.88472E-023  1.00000E-040  1.00000E-040  3.65816E-014  1.17393E-007  1.68880E-005  5.07942E-010  9.55074E-009  2.11943E-001  3.19362E-009  2.83213E-004  1.44524E-019  2.42190E-011  1.00000E-040  8.35355E-037  4.04293E-024  6.62884E-015  7.92365E-008  1.44178E-022  7.52284E-032  2.91112E-034  3.26980E-033  1.00000E-040  2.95856E-020  9.27008E-020  3.08546E-016  3.13015E-013  2.73878E-037  1.00000E-040  2.51319E-017  1.47659E-031  3.66323E-011  8.77640E-018  7.87754E-001  1.01278E-021  1.76577E-022  4.03605E-023  1.00000E-040  4.97798E-038  7.94998E-026  3.12734E-021  2.32593E-008  1.27100E-016  1.15929E-010  5.36913E-016  2.28171E-008  3.97144E-011  3.33696E-006  4.46898E-009  8.23028E-013  2.35136E-014  1.98759E-010  7.45464E-010  5.19467E-011  8.73315E-029  4.82259E-030  1.00000E-040  4.97935E-026  3.74315E-036  3.12718E-019  2.83497E-017  7.84403E-013  2.71698E-020  1.05145E-019  3.22140E-040  2.75441E-037  1.00000E-040  1.00000E-040  3.19042E-023  2.87926E-036  1.38636E-032  1.06572E-021  2.91376E-018  9.77025E-026  1.04322E-029  2.32417E-028  6.28227E-018  4.27754E-016  8.03552E-015  5.92697E-024  4.22462E-021  1.00000E-040  6.67772E-017  3.10613E-035  1.23926E-021  1.16490E-029  3.82275E-023  1.72736E-024  1.46951E-013  6.22598E-023  2.17378E-015  1.04761E-037  1.23962E-014  1.61831E-038  1.00000E-040  1.48362E-019  1.00000E-040  2.21366E-024  4.12894E-013  3.35924E-036  1.00000E-003  1.00000E-005  1.00000E-005  1.00000E-005  1.00000E-005  1.00000E-005  1.00000E-005  1.00000E-005  1.00000E-005  1.00000E-005  1.00000E-005  1.00000E-005  1.00000E-005  1.00000E-005  1.00000E-005  1.00000E-005  
4.45000E+001  1.74114E-003  4.69694E+016  2.68494E+002  6.33601E+004  1.00000E-040  1.00000E-040  1.00000E-040  1.00000E-040  1.00000E-040  1.00000E-040  1.00000E-040  1.00000E-040  1.00000E-040  1.00000E-040  1.00000E-040  1.00000E-040  1.00000E-040  1.00000E-040  9.89219E-023  1.00000E-040  1.00009E-040  7.40195E-014  1.10732E-007  1.69057E-005  6.22339E-010  1.36344E-008  2.11937E-001  3.03992E-009  2.83185E-004  1.68808E-019  2.21898E-011  1.00000E-040  2.65191E-036  6.40291E-024  8.38559E-015  7.03134E-008  2.08977E-022  1.51927E-033  2.12745E-037  2.36178E-036  1.00000E-040  3.54089E-020  1.31968E-019  4.08730E-016  3.82274E-013  4.30087E-037  1.00000E-040  6.97518E-018  2.23017E-031  3.64126E-011  2.72863E-017  7.87760E-001  1.15044E-021  2.07882E-022  4.54299E-023  1.00000E-040  5.42998E-038  7.28753E-026  2.92490E-021  2.41052E-008  9.91538E-017  1.19732E-010  5.11879E-016  2.07404E-008  3.54087E-011  3.19148E-006  3.55211E-009  6.95028E-013  2.69516E-014  1.75968E-010  5.16725E-010  5.18463E-011  8.45373E-029  5.57078E-030  1.00000E-040  4.78132E-026  3.62575E-036  3.12657E-019  3.42079E-017  9.80272E-013  3.21527E-020  1.27118E-019  2.94545E-040  2.73547E-037  1.00000E-040  1.00000E-040  3.39379E-023  5.38745E-036  1.62530E-032  1.14515E-021  2.43938E-018  1.59204E-025  1.05226E-029  3.44216E-028  6.09457E-018  4.42746E-016  6.40104E-015  1.64982E-023  1.61686E-021  1.00000E-040  5.71170E-017  2.97421E-035  1.34337E-021  8.40472E-030  3.80437E-023  1.20050E-024  1.18818E-013  7.84564E-023  2.71438E-015  8.66562E-038  1.20758E-014  6.99165E-040  1.00000E-040  1.81955E-019  1.00000E-040  2.82219E-024  3.29620E-013  3.06890E-036  1.00000E-003  1.00000E-005  1.00000E-005  1.00000E-005  1.00000E-005  1.00000E-005  1.00000E-005  1.00000E-005  1.00000E-005  1.00000E-005  1.00000E-005  1.00000E-005  1.00000E-005  1.00000E-005  1.00000E-005  1.00000E-005  
4.55000E+001  1.53660E-003  4.11785E+016  2.70276E+002  6.89710E+004  1.00000E-040  1.00000E-040  1.00000E-040  1.00000E-040  1.00000E-040  1.00000E-040  1.00000E-040  1.00000E-040  1.00000E-040  1.00000E-040  1.00000E-040  1.00000E-040  1.00000E-040  1.00000E-040  9.80227E-023  1.00000E-040  1.00058E-040  1.43465E-013  1.05427E-007  1.69193E-005  7.49359E-010  1.91509E-008  2.11931E-001  2.89236E-009  2.83155E-004  1.91941E-019  1.99460E-011  1.00000E-040  7.54184E-036  9.40101E-024  1.00629E-014  6.26438E-008  2.96225E-022  1.88785E-033  1.00000E-040  1.00000E-040  1.00000E-040  4.06253E-020  1.77597E-019  5.38699E-016  4.59308E-013  6.26221E-037  1.00000E-040  1.89993E-018  3.13159E-031  3.62016E-011  7.49798E-017  7.87766E-001  1.30599E-021  2.32831E-022  5.46199E-023  1.00000E-040  5.45317E-038  6.19803E-026  2.53923E-021  2.46757E-008  7.71955E-017  1.23736E-010  4.80234E-016  1.89155E-008  3.22323E-011  3.07128E-006  2.77651E-009  5.72739E-013  2.94560E-014  1.55200E-010  3.51941E-010  5.17383E-011  8.53753E-029  6.32228E-030  1.00000E-040  4.54644E-026  3.26358E-036  3.12593E-019  3.88646E-017  1.16953E-012  3.54031E-020  1.42480E-019  2.42161E-040  2.31961E-037  1.00000E-040  1.00000E-040  3.59438E-023  9.30590E-036  1.72833E-032  1.14814E-021  2.01818E-018  2.38730E-025  9.60553E-030  6.03754E-028  5.78144E-018  4.43383E-016  5.14795E-015  3.90839E-023  6.29132E-022  1.00000E-040  5.09628E-017  2.63246E-035  1.35871E-021  5.78666E-030  3.77987E-023  7.79466E-025  9.19656E-014  9.68336E-023  3.34817E-015  6.66928E-038  1.17610E-014  1.00000E-040  1.00000E-040  2.07596E-019  1.00000E-040  3.41526E-024  2.64620E-013  2.63071E-036  1.00000E-003  1.00000E-005  1.00000E-005  1.00000E-005  1.00000E-005  1.00000E-005  1.00000E-005  1.00000E-005  1.00000E-005  1.00000E-005  1.00000E-005  1.00000E-005  1.00000E-005  1.00000E-005  1.00000E-005  1.00000E-005  
4.65000E+001  1.35724E-003  3.61459E+016  2.71966E+002  7.80352E+004  1.00000E-040  1.00000E-040  1.00000E-040  1.00000E-040  1.00000E-040  1.00000E-040  1.00000E-040  1.00000E-040  1.00000E-040  1.00000E-040  1.00000E-040  1.00000E-040  1.00000E-040  1.00000E-040  9.58285E-023  1.00000E-040  1.00109E-040  2.68121E-013  1.01492E-007  1.69289E-005  8.85000E-010  2.65052E-008  2.11924E-001  2.75868E-009  2.83122E-004  2.14934E-019  1.77499E-011  1.00000E-040  1.96122E-035  1.30241E-023  1.16290E-014  5.61612E-008  4.10521E-022  2.49431E-033  1.00000E-040  1.00000E-040  1.00000E-040  4.38375E-020  2.20917E-019  6.94592E-016  5.41767E-013  8.53912E-037  1.00000E-040  5.11469E-019  4.27090E-031  3.60009E-011  1.82392E-016  7.87773E-001  1.48824E-021  2.56340E-022  6.92060E-023  1.00000E-040  5.10265E-038  4.93725E-026  2.04752E-021  2.49921E-008  6.06198E-017  1.28118E-010  4.44022E-016  1.73213E-008  2.97562E-011  2.95271E-006  2.14516E-009  4.61268E-013  3.09347E-014  1.35794E-010  2.35147E-010  5.16252E-011  9.03511E-029  6.98797E-030  1.00000E-040  4.21265E-026  2.89439E-036  3.12529E-019  4.16124E-017  1.33894E-012  3.63831E-020  1.48923E-019  1.79858E-040  1.77016E-037  1.00000E-040  1.00000E-040  3.76241E-023  1.51095E-035  1.67278E-032  1.07918E-021  1.68715E-018  3.37329E-025  8.12045E-030  1.08072E-027  5.20617E-018  4.29323E-016  4.16197E-015  8.01275E-023  2.51659E-022  1.00000E-040  4.51581E-017  2.14028E-035  1.28671E-021  3.94669E-030  3.74936E-023  4.67682E-025  6.87944E-014  1.15380E-022  4.06572E-015  5.03728E-038  1.14579E-014  1.00000E-040  1.00000E-040  2.23535E-019  1.00000E-040  4.06065E-024  2.14497E-013  2.13550E-036  1.00000E-003  1.00000E-005  1.00000E-005  1.00000E-005  1.00000E-005  1.00000E-005  1.00000E-005  1.00000E-005  1.00000E-005  1.00000E-005  1.00000E-005  1.00000E-005  1.00000E-005  1.00000E-005  1.00000E-005  1.00000E-005  
4.75000E+001  1.19958E-003  3.18434E+016  2.72852E+002  8.59767E+004  1.00000E-040  1.00000E-040  1.00000E-040  1.00000E-040  1.00000E-040  1.00000E-040  1.00000E-040  1.00000E-040  1.00000E-040  1.00000E-040  1.00000E-040  1.00000E-040  1.00000E-040  1.00000E-040  9.17394E-023  1.00000E-040  1.00160E-040  4.76345E-013  9.88989E-008  1.69348E-005  1.02695E-009  3.59223E-008  2.11918E-001  2.63789E-009  2.83088E-004  2.34207E-019  1.55305E-011  1.00000E-040  4.45496E-035  1.66084E-023  1.26803E-014  5.07747E-008  5.55989E-022  3.17481E-033  6.29672E-037  6.83145E-036  1.00000E-040  4.61958E-020  2.65018E-019  9.00407E-016  6.27528E-013  1.07888E-036  1.00000E-040  1.38011E-019  5.32817E-031  3.58124E-011  4.10571E-016  7.87779E-001  1.68846E-021  2.67885E-022  8.84036E-023  1.00000E-040  4.52762E-038  3.75672E-026  1.54267E-021  2.50931E-008  4.89500E-017  1.32595E-010  4.03432E-016  1.59373E-008  2.78569E-011  2.84760E-006  1.63833E-009  3.61050E-013  3.15371E-014  1.19052E-010  1.55571E-010  5.15092E-011  9.94476E-029  7.61358E-030  1.00000E-040  3.86608E-026  2.38196E-036  3.12464E-019  4.17583E-017  1.45737E-012  3.46256E-020  1.43673E-019  1.22141E-040  1.14513E-037  1.00000E-040  1.00000E-040  3.91358E-023  2.24748E-035  1.47496E-032  9.43755E-022  1.42008E-018  4.34585E-025  6.40469E-030  1.77963E-027  4.70347E-018  4.02246E-016  3.40205E-015  1.45840E-022  1.04720E-022  1.00000E-040  4.24241E-017  1.66696E-035  1.13351E-021  2.84126E-030  3.71370E-023  2.66401E-025  4.96881E-014  1.34876E-022  4.86919E-015  3.55471E-038  1.11728E-014  1.00000E-040  1.00000E-040  2.22514E-019  1.00000E-040  4.56645E-024  1.76272E-013  1.66357E-036  1.00000E-003  1.00000E-005  1.00000E-005  1.00000E-005  1.00000E-005  1.00000E-005  1.00000E-005  1.00000E-005  1.00000E-005  1.00000E-005  1.00000E-005  1.00000E-005  1.00000E-005  1.00000E-005  1.00000E-005  1.00000E-005  
4.85000E+001  1.06070E-003  2.80658E+016  2.73737E+002  9.43451E+004  1.00000E-040  1.00000E-040  1.00000E-040  1.00000E-040  1.00000E-040  1.00000E-040  1.00000E-040  1.00000E-040  1.00000E-040  1.00000E-040  1.00000E-040  1.00000E-040  1.00000E-040  1.00000E-040  8.57790E-023  1.00000E-040  1.00212E-040  8.17573E-013  9.75336E-008  1.69375E-005  1.16988E-009  4.79305E-008  2.11911E-001  2.53566E-009  2.83052E-004  2.52580E-019  1.35133E-011  1.00000E-040  9.28343E-035  2.00896E-023  1.33606E-014  4.62682E-008  7.41013E-022  3.54896E-033  1.00000E-040  1.00000E-040  1.00000E-040  4.68243E-020  3.01144E-019  1.14776E-015  7.17105E-013  1.29169E-036  1.00000E-040  3.70661E-020  6.52355E-031  3.56336E-011  8.42099E-016  7.87786E-001  1.92606E-021  2.78464E-022  1.14597E-022  1.00000E-040  3.84459E-038  2.74696E-026  1.09105E-021  2.50024E-008  4.08911E-017  1.37383E-010  3.61696E-016  1.47176E-008  2.62160E-011  2.73173E-006  1.24373E-009  2.76120E-013  3.13644E-014  1.03700E-010  1.01289E-010  5.13893E-011  1.12371E-028  8.08446E-030  1.00000E-040  3.44406E-026  1.97126E-036  3.12398E-019  3.96347E-017  1.52637E-012  3.09176E-020  1.30030E-019  1.00000E-040  6.84470E-038  1.00000E-040  1.00000E-040  4.01046E-023  3.17608E-035  1.19846E-032  7.79139E-022  1.22763E-018  5.31043E-025  4.83096E-030  2.84048E-027  4.13416E-018  3.64347E-016  2.78531E-015  2.37418E-022  4.52134E-023  1.00000E-040  3.92215E-017  1.22219E-035  9.41387E-022  2.24147E-030  3.67338E-023  1.41828E-025  3.49721E-014  1.52752E-022  5.73344E-015  2.51654E-038  1.09045E-014  1.00000E-040  1.00000E-040  2.09954E-019  1.00000E-040  5.10315E-024  1.46747E-013  1.25165E-036  1.00000E-003  1.00000E-005  1.00000E-005  1.00000E-005  1.00000E-005  1.00000E-005  1.00000E-005  1.00000E-005  1.00000E-005  1.00000E-005  1.00000E-005  1.00000E-005  1.00000E-005  1.00000E-005  1.00000E-005  1.00000E-005  
4.95000E+001  9.38146E-004  2.48192E+016  2.73779E+002  1.04470E+005  1.00000E-040  1.00000E-040  1.00000E-040  1.00000E-040  1.00000E-040  1.00000E-040  1.00000E-040  1.00000E-040  1.00000E-040  1.00000E-040  1.00000E-040  1.00000E-040  1.00000E-040  1.00000E-040  7.78938E-023  1.00000E-040  1.00267E-040  1.33978E-012  9.73337E-008  1.69372E-005  1.31394E-009  6.26700E-008  2.11904E-001  2.45012E-009  2.83014E-004  2.65853E-019  1.16223E-011  1.00000E-040  1.70699E-034  2.25460E-023  1.33450E-014  4.25385E-008  9.72163E-022  4.08020E-033  4.28503E-038  4.52954E-037  1.00000E-040  4.76080E-020  3.40302E-019  1.48470E-015  8.09464E-013  1.45448E-036  1.00000E-040  1.00245E-020  7.31911E-031  3.54652E-011  1.64494E-015  7.87793E-001  2.17314E-021  2.75814E-022  1.44900E-022  1.00000E-040  3.18254E-038  1.97217E-026  7.32787E-022  2.47573E-008  3.56865E-017  1.42128E-010  3.19426E-016  1.36453E-008  2.48641E-011  2.62641E-006  9.37554E-010  2.06142E-013  3.06840E-014  9.07106E-011  6.55877E-011  5.12662E-011  1.28437E-028  8.50044E-030  1.00000E-040  3.04919E-026  1.52121E-036  3.12330E-019  3.55760E-017  1.52898E-012  2.58451E-020  1.09949E-019  1.00000E-040  1.39360E-036  1.00000E-040  1.00000E-040  4.08672E-023  4.16077E-035  9.04434E-033  6.05082E-022  1.06543E-018  5.96240E-025  3.50538E-030  4.12462E-027  3.75981E-018  3.20923E-016  2.29979E-015  3.54413E-022  2.03685E-023  1.00000E-040  3.86108E-017  8.86965E-036  7.35183E-022  1.91998E-030  3.62967E-023  7.31591E-026  2.39881E-014  1.71358E-022  6.66801E-015  1.67761E-038  1.06571E-014  1.00000E-040  1.00000E-040  1.84626E-019  1.00000E-040  5.41653E-024  1.24027E-013  9.19906E-037  1.00000E-003  1.00000E-005  1.00000E-005  1.00000E-005  1.00000E-005  1.00000E-005  1.00000E-005  1.00000E-005  1.00000E-005  1.00000E-005  1.00000E-005  1.00000E-005  1.00000E-005  1.00000E-005  1.00000E-005  1.00000E-005  
5.05000E+001  8.29797E-004  2.19498E+016  2.73816E+002  1.14473E+005  1.00000E-040  1.00000E-040  1.00000E-040  1.00000E-040  1.00000E-040  1.00000E-040  1.00000E-040  1.00000E-040  1.00000E-040  1.00000E-040  1.00000E-040  1.00000E-040  1.00000E-040  1.00000E-040  6.87105E-023  1.00000E-040  1.00322E-040  2.13654E-012  9.82157E-008  1.69343E-005  1.45501E-009  8.08781E-008  2.11897E-001  2.38734E-009  2.82974E-004  2.78492E-019  1.00035E-011  1.00000E-040  2.93181E-034  2.42824E-023  1.29748E-014  3.94663E-008  1.26076E-021  4.55203E-033  1.14204E-037  1.20479E-036  1.00000E-040  4.75865E-020  3.73907E-019  1.89777E-015  9.04407E-013  1.57325E-036  1.00000E-040  2.74609E-021  8.09507E-031  3.53074E-011  2.99781E-015  7.87800E-001  2.46259E-021  2.72772E-022  1.81974E-022  1.00000E-040  2.56751E-038  1.38646E-026  4.70113E-022  2.43859E-008  3.24025E-017  1.47073E-010  2.79485E-016  1.27019E-008  2.36076E-011  2.51257E-006  7.05132E-010  1.51090E-013  2.95718E-014  7.90123E-011  4.21015E-011  5.11402E-011  1.46893E-028  8.76142E-030  1.00000E-040  2.63566E-026  1.18397E-036  3.12261E-019  3.05833E-017  1.48467E-012  2.05631E-020  8.85026E-020  1.00000E-040  8.25691E-033  1.00000E-040  1.00000E-040  4.11071E-023  5.23897E-035  6.42775E-033  4.49954E-022  9.47386E-019  6.42411E-025  2.48460E-030  5.82805E-027  3.41241E-018  2.75160E-016  1.90163E-015  4.86785E-022  9.61939E-024  1.00000E-040  3.75604E-017  6.20400E-036  5.49172E-022  1.76065E-030  3.58364E-023  3.59676E-026  1.61648E-014  1.87602E-022  7.64631E-015  1.12728E-038  1.04324E-014  1.00000E-040  1.00000E-040  1.55579E-019  1.00000E-040  5.75817E-024  1.06513E-013  6.64100E-037  1.00000E-003  1.00000E-005  1.00000E-005  1.00000E-005  1.00000E-005  1.00000E-005  1.00000E-005  1.00000E-005  1.00000E-005  1.00000E-005  1.00000E-005  1.00000E-005  1.00000E-005  1.00000E-005  1.00000E-005  1.00000E-005  
5.15000E+001  7.33897E-004  1.94581E+016  2.73181E+002  1.24475E+005  1.00000E-040  1.00000E-040  1.00000E-040  1.00000E-040  1.00000E-040  1.00000E-040  1.00000E-040  1.00000E-040  1.00000E-040  1.00000E-040  1.00000E-040  1.00000E-040  1.00000E-040  1.00000E-040  5.87587E-023  1.00000E-040  1.00380E-040  3.29209E-012  1.00117E-007  1.69290E-005  1.59564E-009  1.02764E-007  2.11890E-001  2.34591E-009  2.82932E-004  2.86919E-019  8.58260E-012  1.00000E-040  4.59166E-034  2.47651E-023  1.21330E-014  3.69262E-008  1.61880E-021  5.12466E-033  1.00106E-038  1.10557E-037  1.00000E-040  4.81523E-020  4.13805E-019  2.45877E-015  1.00239E-012  1.63235E-036  1.00000E-040  7.64551E-022  8.36538E-031  3.51585E-011  5.27318E-015  7.87808E-001  2.75192E-021  2.60109E-022  2.21388E-022  1.00000E-040  2.04176E-038  9.68481E-027  2.91813E-022  2.39105E-008  3.04128E-017  1.51912E-010  2.41971E-016  1.18643E-008  2.25055E-011  2.40828E-006  5.28248E-010  1.08895E-013  2.82491E-014  6.90588E-011  2.69538E-011  5.10101E-011  1.67027E-028  8.96951E-030  1.00000E-040  2.26949E-026  8.73689E-037  3.12189E-019  2.52898E-017  1.39590E-012  1.56202E-020  6.79761E-020  1.00000E-040  1.00000E-040  1.00000E-040  1.00000E-040  4.11685E-023  6.24750E-035  4.34927E-033  3.20738E-022  8.39075E-019  6.50393E-025  1.72345E-030  7.64939E-027  3.22737E-018  2.31461E-016  1.58424E-015  6.28023E-022  4.74980E-024  1.00000E-040  3.84475E-017  4.34743E-036  3.93026E-022  1.65358E-030  3.53579E-023  1.74058E-026  1.07198E-014  2.04459E-022  8.68638E-015  7.24591E-039  1.02298E-014  1.55458E-040  1.00000E-040  1.24515E-019  1.00000E-040  5.90522E-024  9.28691E-014  4.72831E-037  1.00000E-003  1.00000E-005  1.00000E-005  1.00000E-005  1.00000E-005  1.00000E-005  1.00000E-005  1.00000E-005  1.00000E-005  1.00000E-005  1.00000E-005  1.00000E-005  1.00000E-005  1.00000E-005  1.00000E-005  1.00000E-005  
5.25000E+001  6.48902E-004  1.72531E+016  2.72414E+002  1.34477E+005  1.00000E-040  1.00000E-040  1.00000E-040  1.00000E-040  1.00000E-040  1.00000E-040  1.00000E-040  1.00000E-040  1.00000E-040  1.00000E-040  1.00000E-040  1.00000E-040  1.00000E-040  1.00000E-040  4.87979E-023  1.00000E-040  1.00440E-040  4.96815E-012  1.02995E-007  1.69216E-005  1.73398E-009  1.29257E-007  2.11882E-001  2.33006E-009  2.82887E-004  2.94388E-019  7.39189E-012  1.00000E-040  6.81750E-034  2.44643E-023  1.11033E-014  3.48186E-008  2.06462E-021  5.74975E-033  1.70370E-038  1.92251E-037  1.00000E-040  4.86440E-020  4.54357E-019  3.17547E-015  1.10405E-012  1.64783E-036  1.00000E-040  2.16602E-022  8.46743E-031  3.50174E-011  8.84134E-015  7.87815E-001  3.07074E-021  2.46299E-022  2.64810E-022  1.00000E-040  1.58891E-038  6.67612E-027  1.76081E-022  2.33480E-008  2.92197E-017  1.56809E-010  2.08238E-016  1.11152E-008  2.14645E-011  2.30296E-006  3.95108E-010  7.74198E-014  2.67775E-014  6.02355E-011  1.71712E-011  5.08751E-011  1.88252E-028  9.07227E-030  1.00000E-040  1.92736E-026  6.41310E-037  3.12116E-019  2.03100E-017  1.28235E-012  1.14660E-020  5.04697E-020  1.00000E-040  1.00000E-040  1.00000E-040  1.00000E-040  4.08838E-023  7.22698E-035  2.83118E-033  2.21978E-022  7.50381E-019  6.36804E-025  1.17516E-030  9.75161E-027  3.10344E-018  1.91200E-016  1.32435E-015  7.62912E-022  2.44852E-024  1.00000E-040  3.95346E-017  2.98627E-036  2.72893E-022  1.59025E-030  3.48647E-023  8.20786E-027  7.02611E-015  2.19940E-022  9.77253E-015  4.64200E-039  1.00483E-014  1.57468E-039  1.00000E-040  9.63877E-020  1.00000E-040  6.03841E-024  8.21400E-014  3.32021E-037  1.00000E-003  1.00000E-005  1.00000E-005  1.00000E-005  1.00000E-005  1.00000E-005  1.00000E-005  1.00000E-005  1.00000E-005  1.00000E-005  1.00000E-005  1.00000E-005  1.00000E-005  1.00000E-005  1.00000E-005  1.00000E-005  
5.35000E+001  5.73522E-004  1.53148E+016  2.71241E+002  1.44478E+005  1.00000E-040  1.00000E-040  1.00000E-040  1.00000E-040  1.00000E-040  1.00000E-040  1.00000E-040  1.00000E-040  1.00000E-040  1.00000E-040  1.00000E-040  1.00000E-040  1.00000E-040  1.00000E-040  3.93930E-023  1.00000E-040  1.00502E-040  7.33524E-012  1.06826E-007  1.69120E-005  1.87238E-009  1.60919E-007  2.11874E-001  2.34228E-009  2.82840E-004  2.99452E-019  6.38586E-012  1.00000E-040  9.55743E-034  2.33736E-023  9.92575E-015  3.30643E-008  2.61902E-021  4.14432E-033  1.00000E-040  1.00000E-040  1.00000E-040  4.95876E-020  5.01942E-019  4.13072E-015  1.20994E-012  1.62385E-036  1.00000E-040  6.26422E-023  8.21531E-031  3.48828E-011  1.43693E-014  7.87824E-001  3.38720E-021  2.28225E-022  3.08711E-022  1.00000E-040  1.21328E-038  4.57412E-027  1.04319E-022  2.27129E-008  2.84706E-017  1.61603E-010  1.78102E-016  1.04410E-008  2.05073E-011  2.20420E-006  2.94785E-010  5.44066E-014  2.52636E-014  5.25897E-011  1.09142E-011  5.07340E-011  2.10075E-028  9.12391E-030  1.00000E-040  1.62972E-026  4.56104E-037  3.12038E-019  1.59450E-017  1.15413E-012  8.18582E-021  3.64563E-020  1.00000E-040  1.00000E-040  1.00000E-040  1.00000E-040  4.04367E-023  8.09062E-035  1.79109E-033  1.49901E-022  6.67201E-019  6.00142E-025  7.89125E-031  1.18627E-026  3.08062E-018  1.56085E-016  1.11470E-015  8.84519E-022  1.31462E-024  1.00000E-040  4.19337E-017  2.04781E-036  1.84783E-022  1.54221E-030  3.43592E-023  3.84066E-027  4.56534E-015  2.35750E-022  1.09192E-014  2.89850E-039  9.88704E-015  1.93982E-038  1.00000E-040  7.21972E-020  1.00000E-040  6.06276E-024  7.36287E-014  2.29928E-037  1.00000E-003  1.00000E-005  1.00000E-005  1.00000E-005  1.00000E-005  1.00000E-005  1.00000E-005  1.00000E-005  1.00000E-005  1.00000E-005  1.00000E-005  1.00000E-005  1.00000E-005  1.00000E-005  1.00000E-005  1.00000E-005  
5.45000E+001  5.06619E-004  1.35998E+016  2.69815E+002  1.54480E+005  1.00000E-040  1.00000E-040  1.00000E-040  1.00000E-040  1.00000E-040  1.00000E-040  1.00000E-040  1.00000E-040  1.00000E-040  1.00000E-040  1.00000E-040  1.00000E-040  1.00000E-040  1.00000E-040  3.09707E-023  1.00000E-040  1.00568E-040  1.06563E-011  1.11603E-007  1.69005E-005  2.01127E-009  1.98777E-007  2.11866E-001  2.38783E-009  2.82791E-004  3.03179E-019  5.54509E-012  1.00000E-040  1.28540E-033  2.18036E-023  8.72937E-015  3.15994E-008  3.31023E-021  7.43760E-033  1.97210E-038  1.76714E-037  1.00000E-040  5.07939E-020  5.55826E-019  5.38807E-015  1.32067E-012  1.57324E-036  1.00000E-040  1.85430E-023  7.74663E-031  3.47535E-011  2.26360E-014  7.87832E-001  3.70507E-021  2.08634E-022  3.52586E-022  1.00000E-040  9.02999E-039  3.11273E-027  6.10229E-023  2.20171E-008  2.79414E-017  1.66322E-010  1.51686E-016  9.83101E-009  1.96078E-011  2.10959E-006  2.19467E-010  3.78525E-014  2.37498E-014  4.58892E-011  6.91948E-012  5.05860E-011  2.32132E-028  9.12196E-030  1.00000E-040  1.37016E-026  3.18127E-037  3.11957E-019  1.23234E-017  1.02266E-012  5.72945E-021  2.58323E-020  1.00000E-040  4.01831E-040  1.00000E-040  1.00000E-040  3.98162E-023  8.85073E-035  1.11022E-033  9.95452E-023  5.91154E-019  5.50511E-025  5.23157E-031  1.39651E-026  3.13084E-018  1.26216E-016  9.44052E-016  9.84066E-022  7.33594E-025  1.00000E-040  4.53374E-017  1.39646E-036  1.22980E-022  1.51830E-030  3.38428E-023  1.78586E-027  2.94835E-015  2.51539E-022  1.21265E-014  1.78202E-039  9.74488E-015  1.94970E-039  1.00000E-040  5.27426E-020  1.00000E-040  6.03294E-024  6.68228E-014  1.56651E-037  1.00000E-003  1.00000E-005  1.00000E-005  1.00000E-005  1.00000E-005  1.00000E-005  1.00000E-005  1.00000E-005  1.00000E-005  1.00000E-005  1.00000E-005  1.00000E-005  1.00000E-005  1.00000E-005  1.00000E-005  1.00000E-005  
5.55000E+001  4.47231E-004  1.20751E+016  2.68261E+002  1.64481E+005  1.00000E-040  1.00000E-040  1.00000E-040  1.00000E-040  1.00000E-040  1.00000E-040  1.00000E-040  1.00000E-040  1.00000E-040  1.00000E-040  1.00000E-040  1.00000E-040  1.00000E-040  1.00000E-040  2.37653E-023  1.00000E-040  1.00638E-040  1.53002E-011  1.17336E-007  1.68870E-005  2.15090E-009  2.44090E-007  2.11857E-001  2.47373E-009  2.82738E-004  3.06472E-019  4.84513E-012  1.00000E-040  1.67925E-033  2.00056E-023  7.59462E-015  3.03717E-008  4.17450E-021  8.50160E-033  1.00000E-040  1.00000E-040  1.00000E-040  5.20918E-020  6.14940E-019  7.02175E-015  1.43697E-012  1.50667E-036  1.00000E-040  5.63223E-024  7.18047E-031  3.46283E-011  3.45622E-014  7.87841E-001  4.03315E-021  1.89413E-022  3.96063E-022  1.00000E-040  6.47148E-039  2.10309E-027  3.54197E-023  2.12705E-008  2.74968E-017  1.70991E-010  1.28937E-016  9.27641E-009  1.87486E-011  2.01721E-006  1.63095E-010  2.60999E-014  2.22644E-014  3.99708E-011  4.37284E-012  5.04299E-011  2.54155E-028  9.06428E-030  1.00000E-040  1.14384E-026  2.19823E-037  3.11872E-019  9.43266E-018  8.95629E-013  3.95858E-021  1.80792E-020  1.00000E-040  1.64562E-040  1.00000E-040  1.00000E-040  3.90143E-023  9.53142E-035  6.78970E-034  6.54489E-023  5.23459E-019  4.95855E-025  3.43181E-031  1.60914E-026  3.23481E-018  1.01261E-016  8.03924E-016  1.05509E-021  4.24474E-025  1.00000E-040  4.95375E-017  9.44010E-037  8.10008E-023  1.52265E-030  3.33161E-023  8.26456E-028  1.89607E-015  2.66914E-022  1.33930E-014  1.08807E-039  9.62040E-015  1.00000E-040  1.00000E-040  3.78211E-020  1.00000E-040  5.99358E-024  6.13385E-014  1.04468E-037  1.00000E-003  1.00000E-005  1.00000E-005  1.00000E-005  1.00000E-005  1.00000E-005  1.00000E-005  1.00000E-005  1.00000E-005  1.00000E-005  1.00000E-005  1.00000E-005  1.00000E-005  1.00000E-005  1.00000E-005  1.00000E-005  
5.65000E+001  3.94498E-004  1.07298E+016  2.66298E+002  1.74482E+005  1.00000E-040  1.00000E-040  1.00000E-040  1.00000E-040  1.00000E-040  1.00000E-040  1.00000E-040  1.00000E-040  1.00000E-040  1.00000E-040  1.00000E-040  1.00000E-040  1.00000E-040  1.00000E-040  1.78230E-023  1.00000E-040  1.00713E-040  2.16627E-011  1.24045E-007  1.68716E-005  2.29498E-009  2.97807E-007  2.11847E-001  2.60861E-009  2.82681E-004  3.07594E-019  4.25114E-012  1.00000E-040  2.11538E-033  1.79912E-023  6.51636E-015  2.93396E-008  5.25674E-021  9.85358E-033  1.44379E-038  1.46626E-037  1.00000E-040  5.38863E-020  6.86386E-019  9.22178E-015  1.55938E-012  1.42841E-036  1.00000E-040  1.76856E-024  6.38751E-031  3.45060E-011  5.19243E-014  7.87851E-001  4.31548E-021  1.68064E-022  4.34294E-022  1.00000E-040  4.41106E-039  1.42378E-027  2.05469E-023  2.04822E-008  2.70168E-017  1.75461E-010  1.09111E-016  8.77007E-009  1.79576E-011  1.93331E-006  1.20808E-010  1.78651E-014  2.08507E-014  3.48510E-011  2.76081E-012  5.02647E-011  2.76008E-028  9.00269E-030  1.00000E-040  9.56492E-027  1.46336E-037  3.11780E-019  7.18418E-018  7.76213E-013  2.71128E-021  1.25543E-020  1.00000E-040  1.00000E-040  1.00000E-040  1.00000E-040  3.82020E-023  1.00623E-034  4.12407E-034  4.27044E-023  4.55987E-019  4.35498E-025  2.23488E-031  1.77855E-026  3.43278E-018  8.10407E-017  6.90432E-016  1.10203E-021  2.54036E-025  1.00000E-040  5.60544E-017  6.45535E-037  5.29251E-023  1.53283E-030  3.27798E-023  3.86545E-028  1.21675E-015  2.84066E-022  1.47473E-014  6.43980E-040  9.51229E-015  1.00000E-040  1.00000E-040  2.65702E-020  1.00000E-040  5.84352E-024  5.68902E-014  6.76464E-038  1.00000E-003  1.00000E-005  1.00000E-005  1.00000E-005  1.00000E-005  1.00000E-005  1.00000E-005  1.00000E-005  1.00000E-005  1.00000E-005  1.00000E-005  1.00000E-005  1.00000E-005  1.00000E-005  1.00000E-005  1.00000E-005  
5.75000E+001  3.47672E-004  9.52647E+015  2.64335E+002  1.84483E+005  1.00000E-040  1.00000E-040  1.00000E-040  1.00000E-040  1.00000E-040  1.00000E-040  1.00000E-040  1.00000E-040  1.00000E-040  1.00000E-040  1.00000E-040  1.00000E-040  1.00000E-040  1.00000E-040  1.30903E-023  1.00000E-040  1.00792E-040  3.04940E-011  1.31763E-007  1.68541E-005  2.44138E-009  3.62164E-007  2.11837E-001  2.80614E-009  2.82620E-004  3.09234E-019  3.75394E-012  1.00000E-040  2.62951E-033  1.60606E-023  5.56816E-015  2.84683E-008  6.61911E-021  1.13937E-032  3.65681E-038  3.50828E-037  1.00000E-040  5.55333E-020  7.62198E-019  1.20489E-014  1.68874E-012  1.34832E-036  1.00000E-040  5.82180E-025  5.65107E-031  3.43853E-011  7.58390E-014  7.87861E-001  4.61073E-021  1.49042E-022  4.70599E-022  1.00000E-040  2.69835E-039  9.59825E-028  1.19218E-023  1.96602E-008  2.64968E-017  1.79912E-010  9.24790E-017  8.30607E-009  1.71913E-011  1.84970E-006  8.93110E-011  1.21354E-014  1.94959E-014  3.02966E-011  1.73693E-012  5.00891E-011  2.97563E-028  8.89495E-030  1.00000E-040  7.93904E-027  9.73097E-038  3.11684E-019  5.47015E-018  6.68245E-013  1.85222E-021  8.70045E-021  1.00000E-040  1.00000E-040  1.00000E-040  1.00000E-040  3.72265E-023  1.05504E-034  2.49790E-034  2.78623E-023  3.97850E-019  3.79540E-025  1.44812E-031  1.94800E-026  3.66645E-018  6.45011E-017  5.95527E-016  1.11788E-021  1.56907E-025  1.00000E-040  6.37257E-017  4.37942E-037  3.45692E-023  1.56904E-030  3.22341E-023  1.80712E-028  7.79236E-016  3.00629E-022  1.61688E-014  3.81022E-040  9.41889E-015  1.05828E-040  1.00000E-040  1.84612E-020  1.00000E-040  5.72760E-024  5.32589E-014  4.17639E-038  1.00000E-003  1.00000E-005  1.00000E-005  1.00000E-005  1.00000E-005  1.00000E-005  1.00000E-005  1.00000E-005  1.00000E-005  1.00000E-005  1.00000E-005  1.00000E-005  1.00000E-005  1.00000E-005  1.00000E-005  1.00000E-005  
5.85000E+001  3.06105E-004  8.46073E+015  2.62047E+002  1.94484E+005  1.00000E-040  1.00000E-040  1.00000E-040  1.00000E-040  1.00000E-040  1.00000E-040  1.00000E-040  1.00000E-040  1.00000E-040  1.00000E-040  1.00000E-040  1.00000E-040  1.00000E-040  1.00000E-040  9.42699E-024  1.00000E-040  1.00877E-040  4.25213E-011  1.40538E-007  1.68346E-005  2.59449E-009  4.38513E-007  2.11826E-001  3.08297E-009  2.82555E-004  3.09263E-019  3.32757E-012  1.00000E-040  3.18851E-033  1.41471E-023  4.71543E-015  2.77298E-008  8.33839E-021  1.32910E-032  1.00000E-040  1.00000E-040  1.00000E-040  5.74520E-020  8.50231E-019  1.58000E-014  1.82569E-012  1.26721E-036  1.00000E-040  2.09908E-025  4.83133E-031  3.42648E-011  1.09387E-013  7.87872E-001  4.84667E-021  1.29619E-022  4.99234E-022  1.00000E-040  1.28742E-039  6.50889E-028  6.96182E-024  1.88120E-008  2.58744E-017  1.84175E-010  7.81920E-017  7.87940E-009  1.64814E-011  1.77304E-006  6.57961E-011  8.19418E-015  1.82259E-014  2.63409E-011  1.09119E-012  4.99018E-011  3.18788E-028  8.79257E-030  1.00000E-040  6.60123E-027  6.26112E-038  3.11580E-019  4.17843E-018  5.71578E-013  1.26561E-021  6.03698E-021  1.00000E-040  1.00000E-040  1.00000E-040  1.00000E-040  3.62639E-023  1.09143E-034  1.51627E-034  1.81891E-023  3.41578E-019  3.24949E-025  9.36585E-032  2.06235E-026  3.98463E-018  5.13137E-017  5.17497E-016  1.11224E-021  9.97612E-026  1.00000E-040  7.47762E-017  3.01499E-037  2.25855E-023  1.60445E-030  3.16791E-023  8.57877E-029  4.98826E-016  3.19271E-022  1.76946E-014  2.19231E-040  9.33878E-015  1.00000E-040  1.00000E-040  1.26376E-020  1.00000E-040  5.52892E-024  5.02773E-014  2.36968E-038  1.00000E-003  1.00000E-005  1.00000E-005  1.00000E-005  1.00000E-005  1.00000E-005  1.00000E-005  1.00000E-005  1.00000E-005  1.00000E-005  1.00000E-005  1.00000E-005  1.00000E-005  1.00000E-005  1.00000E-005  1.00000E-005  
5.95000E+001  2.69202E-004  7.51302E+015  2.59526E+002  2.04485E+005  1.00000E-040  1.00000E-040  1.00000E-040  1.00000E-040  1.00000E-040  1.00000E-040  1.00000E-040  1.00000E-040  1.00000E-040  1.00000E-040  1.00000E-040  1.00000E-040  1.00000E-040  1.00000E-040  6.66191E-024  1.00000E-040  1.00969E-040  5.88997E-011  1.50425E-007  1.68129E-005  2.75509E-009  5.29302E-007  2.11814E-001  3.46244E-009  2.82485E-004  3.08283E-019  2.96106E-012  1.00000E-040  3.79784E-033  1.23418E-023  3.96832E-015  2.71009E-008  1.05181E-020  1.55685E-032  1.00000E-040  1.00000E-040  1.00000E-040  5.94019E-020  9.48318E-019  2.07075E-014  1.97099E-012  1.18854E-036  1.00000E-040  9.18628E-026  4.02140E-031  3.41432E-011  1.55716E-013  7.87884E-001  5.02568E-021  1.11030E-022  5.20227E-022  1.00000E-040  1.00000E-040  4.44474E-028  4.10031E-024  1.79453E-008  2.51532E-017  1.88288E-010  6.60287E-017  7.48607E-009  1.58167E-011  1.70130E-006  4.83061E-011  5.50094E-015  1.70355E-014  2.28853E-011  6.84363E-013  4.97016E-011  3.39631E-028  8.69247E-030  1.00000E-040  5.49057E-027  3.92122E-038  3.11468E-019  3.21274E-018  4.86488E-013  8.68175E-022  4.20964E-021  1.00000E-040  1.00000E-040  1.00000E-040  1.00000E-040  3.52931E-023  1.11792E-034  9.25440E-035  1.19245E-023  2.89449E-019  2.74580E-025  6.06317E-032  2.12563E-026  4.37436E-018  4.07864E-017  4.52439E-016  1.08689E-021  6.51500E-026  1.00000E-040  8.99946E-017  2.10363E-037  1.48146E-023  1.63889E-030  3.11149E-023  4.13277E-029  3.19190E-016  3.39809E-022  1.93317E-014  1.23236E-040  9.27039E-015  1.00000E-040  1.00000E-040  8.54368E-021  1.00000E-040  5.28069E-024  4.78165E-014  1.11723E-038  1.00000E-003  1.00000E-005  1.00000E-005  1.00000E-005  1.00000E-005  1.00000E-005  1.00000E-005  1.00000E-005  1.00000E-005  1.00000E-005  1.00000E-005  1.00000E-005  1.00000E-005  1.00000E-005  1.00000E-005  1.00000E-005  
6.05000E+001  2.36461E-004  6.66398E+015  2.57005E+002  2.14485E+005  1.00000E-040  1.00000E-040  1.00000E-040  1.00000E-040  1.00000E-040  1.00000E-040  1.00000E-040  1.00000E-040  1.00000E-040  1.00000E-040  1.00000E-040  1.00000E-040  1.00000E-040  1.00000E-040  4.62528E-024  1.00000E-040  1.01067E-040  8.14049E-011  1.61495E-007  1.67890E-005  2.92172E-009  6.37919E-007  2.11802E-001  3.97585E-009  2.82409E-004  3.07809E-019  2.64702E-012  1.00000E-040  4.49864E-033  1.07343E-023  3.33555E-015  2.65619E-008  1.32937E-020  1.81559E-032  2.71497E-040  1.00000E-040  1.00000E-040  6.09426E-020  1.04956E-018  2.69333E-014  2.12565E-012  1.11544E-036  1.00000E-040  5.61058E-026  3.32754E-031  3.40191E-011  2.17329E-013  7.87897E-001  5.19253E-021  9.49161E-023  5.36707E-022  1.00000E-040  1.00000E-040  3.04685E-028  2.43772E-024  1.70675E-008  2.43632E-017  1.92371E-010  5.60013E-017  7.12244E-009  1.51734E-011  1.62979E-006  3.53756E-011  3.66997E-015  1.59090E-014  1.98231E-011  4.27689E-013  4.94868E-011  3.59972E-028  8.56821E-030  1.00000E-040  4.54108E-027  2.44217E-038  3.11348E-019  2.49345E-018  4.12809E-013  6.00077E-022  2.95964E-021  1.00000E-040  1.00000E-040  1.00000E-040  1.00000E-040  3.42244E-023  1.14091E-034  5.69345E-035  7.88795E-024  2.44889E-019  2.31173E-025  3.93610E-032  2.17286E-026  4.79752E-018  3.23016E-017  3.96800E-016  1.04133E-021  4.36055E-026  1.00000E-040  1.09797E-016  1.47106E-037  9.80325E-024  1.68279E-030  3.05411E-023  2.00819E-029  2.04093E-016  3.60596E-022  2.10630E-014  1.00000E-040  9.21213E-015  1.00000E-040  1.00000E-040  5.73350E-021  1.00000E-040  5.05971E-024  4.57737E-014  2.60514E-039  1.00000E-003  1.00000E-005  1.00000E-005  1.00000E-005  1.00000E-005  1.00000E-005  1.00000E-005  1.00000E-005  1.00000E-005  1.00000E-005  1.00000E-005  1.00000E-005  1.00000E-005  1.00000E-005  1.00000E-005  1.00000E-005  
6.15000E+001  2.07432E-004  5.90928E+015  2.54248E+002  2.24486E+005  1.00000E-040  1.00000E-040  1.00000E-040  1.00000E-040  1.00000E-040  1.00000E-040  1.00000E-040  1.00000E-040  1.00000E-040  1.00000E-040  1.00000E-040  1.00000E-040  1.00000E-040  1.00000E-040  3.15652E-024  1.00000E-040  1.01174E-040  1.11956E-010  1.73836E-007  1.67626E-005  3.09873E-009  7.67095E-007  2.11788E-001  4.66284E-009  2.82327E-004  3.06270E-019  2.37319E-012  1.00000E-040  5.25161E-033  9.26229E-024  2.78918E-015  2.60965E-008  1.68389E-020  2.11913E-032  1.00000E-040  1.00000E-040  1.00000E-040  6.22455E-020  1.15780E-018  3.49074E-014  2.29051E-012  1.04695E-036  1.00000E-040  4.89364E-026  2.67682E-031  3.38909E-011  3.00717E-013  7.87910E-001  5.27792E-021  7.97895E-023  5.44665E-022  1.00000E-040  1.00000E-040  2.11221E-028  1.46854E-024  1.61856E-008  2.34857E-017  1.96301E-010  4.73221E-017  6.78545E-009  1.45717E-011  1.56312E-006  2.58153E-011  2.43681E-015  1.48542E-014  1.71556E-011  2.66724E-013  4.92556E-011  3.79805E-028  8.45372E-030  1.00000E-040  3.75934E-027  1.47649E-038  3.11218E-019  1.95772E-018  3.49230E-013  4.18597E-022  2.10234E-021  1.00000E-040  1.00000E-040  1.00000E-040  1.00000E-040  3.31807E-023  1.15354E-034  3.54114E-035  5.26347E-024  2.04037E-019  1.92361E-025  2.56761E-032  2.15984E-026  5.28510E-018  2.55690E-017  3.49805E-016  9.84396E-022  2.98405E-026  1.00000E-040  1.37105E-016  1.04862E-037  6.54233E-024  1.71603E-030  2.99572E-023  9.95079E-030  1.30494E-016  3.84105E-022  2.29304E-014  1.00000E-040  9.16262E-015  1.00000E-040  1.00000E-040  3.80616E-021  1.00000E-040  4.78626E-024  4.40683E-014  1.00000E-040  1.00000E-003  1.00000E-005  1.00000E-005  1.00000E-005  1.00000E-005  1.00000E-005  1.00000E-005  1.00000E-005  1.00000E-005  1.00000E-005  1.00000E-005  1.00000E-005  1.00000E-005  1.00000E-005  1.00000E-005  1.00000E-005  
6.25000E+001  1.81707E-004  5.23621E+015  2.51346E+002  2.34487E+005  1.00000E-040  1.00000E-040  1.00000E-040  1.00000E-040  1.00000E-040  1.00000E-040  1.00000E-040  1.00000E-040  1.00000E-040  1.00000E-040  1.00000E-040  1.00000E-040  1.00000E-040  1.00000E-040  2.11778E-024  1.00000E-040  1.01289E-040  1.53589E-010  1.87544E-007  1.67335E-005  3.28702E-009  9.21322E-007  2.11773E-001  5.57520E-009  2.82237E-004  3.04311E-019  2.13415E-012  1.00000E-040  6.07637E-033  7.95115E-024  2.32484E-015  2.56915E-008  2.13805E-020  2.46252E-032  1.00000E-040  1.00000E-040  1.00000E-040  6.30309E-020  1.26731E-018  4.49010E-014  2.46668E-012  9.83602E-037  1.00000E-040  5.33450E-026  2.10966E-031  3.37574E-011  4.11831E-013  7.87925E-001  5.29178E-021  6.62609E-023  5.45561E-022  1.00000E-040  1.00000E-040  1.48048E-028  8.97168E-025  1.53072E-008  2.25466E-017  2.00146E-010  3.97418E-017  6.47253E-009  1.40037E-011  1.49960E-006  1.87807E-011  1.61043E-015  1.38637E-014  1.48233E-011  1.65967E-013  4.90062E-011  3.99101E-028  8.34341E-030  1.00000E-040  3.10970E-027  8.71957E-039  3.11077E-019  1.55789E-018  2.94823E-013  2.95332E-022  1.51193E-021  1.00000E-040  1.00000E-040  1.00000E-040  1.00000E-040  3.21364E-023  1.15735E-034  2.23056E-035  3.55137E-024  1.68081E-019  1.58805E-025  1.68568E-032  2.10142E-026  5.81175E-018  2.01975E-017  3.09495E-016  9.17930E-022  2.08344E-026  1.00000E-040  1.72789E-016  7.59732E-038  4.41395E-024  1.74146E-030  2.93626E-023  5.01767E-030  8.33859E-017  4.10033E-022  2.49416E-014  1.00000E-040  9.12048E-015  1.00000E-040  1.00000E-040  2.50346E-021  1.00000E-040  4.49173E-024  4.26362E-014  1.00000E-040  1.00000E-003  1.00000E-005  1.00000E-005  1.00000E-005  1.00000E-005  1.00000E-005  1.00000E-005  1.00000E-005  1.00000E-005  1.00000E-005  1.00000E-005  1.00000E-005  1.00000E-005  1.00000E-005  1.00000E-005  1.00000E-005  
6.35000E+001  1.58935E-004  4.63348E+015  2.48444E+002  2.44487E+005  1.00000E-040  1.00000E-040  1.00000E-040  1.00000E-040  1.00000E-040  1.00000E-040  1.00000E-040  1.00000E-040  1.00000E-040  1.00000E-040  1.00000E-040  1.00000E-040  1.00000E-040  1.00000E-040  1.39749E-024  1.00000E-040  1.01415E-040  2.10779E-010  2.02740E-007  1.67016E-005  3.48612E-009  1.10636E-006  2.11757E-001  6.77986E-009  2.82140E-004  3.02886E-019  1.92548E-012  1.00000E-040  7.02214E-033  6.81762E-024  1.93726E-015  2.53351E-008  2.72120E-020  2.83472E-032  3.12021E-039  4.24580E-038  1.00000E-040  6.30194E-020  1.37089E-018  5.71097E-014  2.65560E-012  9.25955E-037  1.00000E-040  6.42018E-026  1.65120E-031  3.36168E-011  5.55939E-013  7.87941E-001  5.26461E-021  5.48249E-023  5.42836E-022  1.00000E-040  1.00000E-040  1.04643E-028  5.55944E-025  1.44396E-008  2.15776E-017  2.04009E-010  3.31690E-017  6.18135E-009  1.34551E-011  1.43653E-006  1.36339E-011  1.05922E-015  1.29263E-014  1.27696E-011  1.02932E-013  4.87364E-011  4.17763E-028  8.21942E-030  1.00000E-040  2.55975E-027  5.10090E-039  3.10924E-019  1.25811E-018  2.48655E-013  2.11127E-022  1.10247E-021  1.00000E-040  1.00000E-040  1.00000E-040  1.00000E-040  3.10394E-023  1.15524E-034  1.42472E-035  2.42930E-024  1.37960E-019  1.30831E-025  1.11443E-032  2.02403E-026  6.34111E-018  1.58793E-017  2.74230E-016  8.43247E-022  1.48085E-026  1.00000E-040  2.15883E-016  5.55078E-038  3.01880E-024  1.76735E-030  2.87561E-023  2.56402E-030  5.32216E-017  4.37241E-022  2.70864E-014  1.00000E-040  9.08444E-015  1.00000E-040  1.00000E-040  1.63671E-021  1.00000E-040  4.21926E-024  4.14250E-014  1.00000E-040  1.00000E-003  1.00000E-005  1.00000E-005  1.00000E-005  1.00000E-005  1.00000E-005  1.00000E-005  1.00000E-005  1.00000E-005  1.00000E-005  1.00000E-005  1.00000E-005  1.00000E-005  1.00000E-005  1.00000E-005  1.00000E-005  
6.45000E+001  1.38802E-004  4.09471E+015  2.45522E+002  2.54488E+005  1.00000E-040  1.00000E-040  1.00000E-040  1.00000E-040  1.00000E-040  1.00000E-040  1.00000E-040  1.00000E-040  1.00000E-040  1.00000E-040  1.00000E-040  1.00000E-040  1.00000E-040  1.00000E-040  9.07340E-025  1.00000E-040  1.01553E-040  2.89474E-010  2.19568E-007  1.66665E-005  3.69815E-009  1.32864E-006  2.11739E-001  8.36142E-009  2.82033E-004  3.01881E-019  1.74218E-012  1.00000E-040  8.10672E-033  5.83860E-024  1.61347E-015  2.50176E-008  3.47088E-020  3.23062E-032  1.69999E-039  3.92537E-038  1.00000E-040  6.21834E-020  1.46536E-018  7.18196E-014  2.85886E-012  8.73397E-037  1.00000E-040  8.05193E-026  1.28089E-031  3.34675E-011  7.41204E-013  7.87959E-001  5.18579E-021  4.51255E-023  5.37068E-022  1.00000E-040  1.00000E-040  7.46255E-029  3.49740E-025  1.35895E-008  2.05921E-017  2.07909E-010  2.74218E-017  5.90980E-009  1.29278E-011  1.37450E-006  9.88042E-012  6.93897E-016  1.20400E-014  1.09691E-011  6.36375E-014  4.84436E-011  4.35763E-028  8.08531E-030  1.00000E-040  2.09794E-027  2.94960E-039  3.10757E-019  1.03185E-018  2.09629E-013  1.53050E-022  8.15758E-022  1.00000E-040  1.00000E-040  1.00000E-040  1.00000E-040  2.99129E-023  1.14511E-034  9.23804E-036  1.68552E-024  1.12661E-019  1.07524E-025  7.41937E-033  1.92432E-026  6.86105E-018  1.24188E-017  2.43266E-016  7.64173E-022  1.06897E-026  1.00000E-040  2.64460E-016  4.09682E-038  2.09393E-024  1.79093E-030  2.81362E-023  1.32982E-030  3.39254E-017  4.66274E-022  2.93817E-014  1.00000E-040  9.05339E-015  1.00000E-040  1.00000E-040  1.06393E-021  1.00000E-040  3.95969E-024  4.03923E-014  1.00000E-040  1.00000E-003  1.00000E-005  1.00000E-005  1.00000E-005  1.00000E-005  1.00000E-005  1.00000E-005  1.00000E-005  1.00000E-005  1.00000E-005  1.00000E-005  1.00000E-005  1.00000E-005  1.00000E-005  1.00000E-005  1.00000E-005  
6.55000E+001  1.21027E-004  3.61379E+015  2.42570E+002  2.64488E+005  1.00000E-040  1.00000E-040  1.00000E-040  1.00000E-040  1.00000E-040  1.00000E-040  1.00000E-040  1.00000E-040  1.00000E-040  1.00000E-040  1.00000E-040  1.00000E-040  1.00000E-040  1.00000E-040  5.79712E-025  1.00000E-040  1.01704E-040  3.98092E-010  2.38192E-007  1.66279E-005  3.92577E-009  1.59627E-006  2.11720E-001  1.04262E-008  2.81916E-004  3.01278E-019  1.58037E-012  1.00000E-040  9.35659E-033  4.99510E-024  1.34301E-015  2.47308E-008  4.43517E-020  3.64169E-032  1.00000E-040  1.00000E-040  1.00000E-040  6.05415E-020  1.54739E-018  8.92870E-014  3.07828E-012  8.25220E-037  1.00000E-040  1.02895E-025  9.83744E-032  3.33077E-011  9.77326E-013  7.87978E-001  5.05119E-021  3.69103E-023  5.28549E-022  1.00000E-040  1.00000E-040  5.36932E-029  2.23451E-025  1.27633E-008  1.96058E-017  2.11888E-010  2.24621E-017  5.65606E-009  1.24251E-011  1.31399E-006  7.15174E-012  4.53141E-016  1.12053E-014  9.39842E-012  3.92453E-014  4.81250E-011  4.53139E-028  7.94647E-030  1.00000E-040  1.71331E-027  1.68235E-039  3.10574E-019  8.59748E-019  1.76714E-013  1.12547E-022  6.12742E-022  1.00000E-040  1.00000E-040  1.00000E-040  1.00000E-040  2.87759E-023  1.12483E-034  6.08527E-036  1.18632E-024  9.14479E-020  8.81550E-026  4.97228E-033  1.80118E-026  7.35690E-018  9.65266E-018  2.15968E-016  6.83707E-022  7.81796E-027  1.00000E-040  3.15434E-016  3.05715E-038  1.47320E-024  1.81054E-030  2.75014E-023  7.00389E-031  2.15914E-017  4.97714E-022  3.18481E-014  1.00000E-040  9.02635E-015  1.00000E-040  1.00000E-040  6.87700E-022  1.00000E-040  3.70843E-024  3.95034E-014  2.13906E-039  1.00000E-003  1.00000E-005  1.00000E-005  1.00000E-005  1.00000E-005  1.00000E-005  1.00000E-005  1.00000E-005  1.00000E-005  1.00000E-005  1.00000E-005  1.00000E-005  1.00000E-005  1.00000E-005  1.00000E-005  1.00000E-005  
6.65000E+001  1.05356E-004  3.18461E+015  2.39618E+002  2.74489E+005  1.00000E-040  1.00000E-040  1.00000E-040  1.00000E-040  1.00000E-040  1.00000E-040  1.00000E-040  1.00000E-040  1.00000E-040  1.00000E-040  1.00000E-040  1.00000E-040  1.00000E-040  1.00000E-040  3.64554E-025  1.00000E-040  1.01869E-040  5.48860E-010  2.58803E-007  1.65854E-005  4.17123E-009  1.91955E-006  2.11699E-001  1.31075E-008  2.81787E-004  3.01312E-019  1.43701E-012  1.00000E-040  1.08639E-032  4.27405E-024  1.11794E-015  2.44677E-008  5.67610E-020  4.05675E-032  5.19828E-039  4.17052E-038  1.00000E-040  5.81509E-020  1.61398E-018  1.09726E-013  3.31601E-012  7.81012E-037  1.00000E-040  1.32682E-025  7.50314E-032  3.31355E-011  1.27408E-012  7.88000E-001  4.87141E-021  3.00530E-023  5.18180E-022  1.00000E-040  1.00000E-040  3.89154E-029  1.44970E-025  1.19669E-008  1.86375E-017  2.16022E-010  1.83197E-017  5.41851E-009  1.19484E-011  1.25465E-006  5.17497E-012  2.95195E-016  1.04221E-014  8.03259E-012  2.41560E-014  4.77773E-011  4.69930E-028  7.80341E-030  1.00000E-040  1.39363E-027  9.48541E-040  3.10373E-019  7.27659E-019  1.49005E-013  8.39625E-023  4.67207E-022  1.00000E-040  1.00000E-040  1.00000E-040  1.00000E-040  2.76275E-023  1.09338E-034  4.07381E-036  8.47166E-025  7.38998E-020  7.22113E-026  3.35127E-033  1.66046E-026  7.81119E-018  7.44391E-018  1.91730E-016  6.03947E-022  5.77838E-027  1.00000E-040  3.65354E-016  2.30108E-038  1.05155E-024  1.82806E-030  2.68496E-023  3.74227E-031  1.37148E-017  5.31673E-022  3.44981E-014  1.00000E-040  9.00248E-015  1.00000E-040  1.00000E-040  4.42366E-022  1.00000E-040  3.47210E-024  3.87300E-014  1.67685E-038  1.00000E-003  1.00000E-005  1.00000E-005  1.00000E-005  1.00000E-005  1.00000E-005  1.00000E-005  1.00000E-005  1.00000E-005  1.00000E-005  1.00000E-005  1.00000E-005  1.00000E-005  1.00000E-005  1.00000E-005  1.00000E-005  
6.75000E+001  9.15600E-005  2.80213E+015  2.36665E+002  2.84489E+005  1.00000E-040  1.00000E-040  1.00000E-040  1.00000E-040  1.00000E-040  1.00000E-040  1.00000E-040  1.00000E-040  1.00000E-040  1.00000E-040  1.00000E-040  1.00000E-040  1.00000E-040  1.00000E-040  2.25689E-025  1.00000E-040  1.02051E-040  7.59131E-010  2.81622E-007  1.65387E-005  4.43778E-009  2.31104E-006  2.11675E-001  1.65713E-008  2.81644E-004  3.02009E-019  1.30949E-012  1.00000E-040  1.48817E-032  3.65894E-024  9.30663E-016  2.42223E-008  7.27337E-020  4.46609E-032  1.00000E-040  1.00000E-040  1.00000E-040  5.51405E-020  1.66382E-018  1.33368E-013  3.57451E-012  7.40344E-037  1.00000E-040  1.71791E-025  5.69307E-032  3.29489E-011  1.64316E-012  7.88023E-001  4.64956E-021  2.43503E-023  5.06270E-022  1.00000E-040  1.00000E-040  2.83684E-029  9.54902E-026  1.12054E-008  1.77017E-017  2.20376E-010  1.49582E-017  5.19571E-009  1.15011E-011  1.19664E-006  3.74664E-012  1.92023E-016  9.69083E-015  6.85061E-012  1.48534E-014  4.73969E-011  4.86149E-028  7.65980E-030  1.00000E-040  1.12948E-027  5.28250E-040  3.10152E-019  6.25281E-019  1.25698E-013  6.35235E-023  3.61493E-022  1.00000E-040  1.00000E-040  1.00000E-040  1.00000E-040  2.64778E-023  1.04941E-034  2.77222E-036  6.13533E-025  5.94400E-020  5.91182E-026  2.26787E-033  1.50275E-026  8.21456E-018  5.68807E-018  1.70138E-016  5.26920E-022  4.30500E-027  1.00000E-040  4.11423E-016  1.74517E-038  7.61166E-025  1.84313E-030  2.61788E-023  2.02877E-031  8.69263E-018  5.68728E-022  3.73509E-014  1.00000E-040  8.98105E-015  1.00000E-040  1.00000E-040  2.83252E-022  1.00000E-040  3.24883E-024  3.80484E-014  4.51997E-038  1.00000E-003  1.00000E-005  1.00000E-005  1.00000E-005  1.00000E-005  1.00000E-005  1.00000E-005  1.00000E-005  1.00000E-005  1.00000E-005  1.00000E-005  1.00000E-005  1.00000E-005  1.00000E-005  1.00000E-005  1.00000E-005  
6.85000E+001  7.94329E-005  2.46199E+015  2.33685E+002  2.94489E+005  1.00000E-040  1.00000E-040  1.00000E-040  1.00000E-040  1.00000E-040  1.00000E-040  1.00000E-040  1.00000E-040  1.00000E-040  1.00000E-040  1.00000E-040  1.00000E-040  1.00000E-040  1.00000E-040  1.37578E-025  1.00000E-040  1.02253E-040  1.05353E-009  3.06901E-007  1.64871E-005  4.72984E-009  2.78597E-006  2.11649E-001  2.10232E-008  2.81486E-004  3.03240E-019  1.19568E-012  1.00000E-040  9.53391E-032  3.13320E-024  7.74526E-016  2.39893E-008  9.32884E-020  4.86120E-032  1.00000E-040  1.00000E-040  1.00000E-040  5.16717E-020  1.69663E-018  1.60447E-013  3.85661E-012  7.02817E-037  1.00000E-040  2.22647E-025  4.63096E-032  3.27457E-011  2.09901E-012  7.88049E-001  4.38282E-021  1.95911E-023  4.92718E-022  1.00000E-040  1.00000E-040  2.07776E-029  6.38464E-026  1.04836E-008  1.68092E-017  2.25006E-010  1.22852E-017  4.98638E-009  1.10887E-011  1.14041E-006  2.71647E-012  1.24883E-016  9.01264E-015  5.83369E-012  9.13596E-015  4.69797E-011  5.01743E-028  7.52190E-030  1.00000E-040  9.12989E-028  2.89496E-040  3.09908E-019  5.45093E-019  1.06100E-013  4.87065E-023  2.83651E-022  1.00000E-040  1.00000E-040  1.00000E-040  1.00000E-040  2.53432E-023  9.91878E-035  1.91770E-036  4.50150E-025  4.74954E-020  4.83390E-026  1.53810E-033  1.32610E-026  8.56350E-018  4.30237E-018  1.50896E-016  4.54268E-022  3.22426E-027  1.00000E-040  4.51875E-016  1.33431E-038  5.58145E-025  1.85332E-030  2.54866E-023  1.11604E-031  5.49722E-018  6.10013E-022  4.04335E-014  1.00000E-040  8.96141E-015  1.00000E-040  1.00000E-040  1.80489E-022  1.00000E-040  3.03139E-024  3.74389E-014  9.84251E-038  1.00000E-003  1.00000E-005  1.00000E-005  1.00000E-005  1.00000E-005  1.00000E-005  1.00000E-005  1.00000E-005  1.00000E-005  1.00000E-005  1.00000E-005  1.00000E-005  1.00000E-005  1.00000E-005  1.00000E-005  1.00000E-005  
6.95000E+001  6.87894E-005  2.15964E+015  2.30705E+002  3.04490E+005  1.00000E-040  1.00000E-040  1.00000E-040  1.00000E-040  1.00000E-040  1.00000E-040  1.00000E-040  1.00000E-040  1.00000E-040  1.00000E-040  1.00000E-040  1.00000E-040  1.00000E-040  1.00000E-040  8.26328E-026  1.00000E-040  1.02477E-040  1.46851E-009  3.34929E-007  1.64301E-005  5.05137E-009  3.36361E-006  2.11620E-001  2.67173E-008  2.81310E-004  3.05179E-019  1.09374E-012  1.00000E-040  1.86467E-030  2.68708E-024  6.44733E-016  2.37638E-008  1.19760E-019  5.23607E-032  1.05739E-038  7.84700E-038  1.00000E-040  4.79142E-020  1.71332E-018  1.91220E-013  4.16549E-012  6.68800E-037  1.00000E-040  2.88121E-025  1.15669E-031  3.25233E-011  2.65384E-012  7.88077E-001  4.08379E-021  1.56768E-023  4.78343E-022  1.00000E-040  1.00000E-040  1.53467E-029  4.33149E-026  9.80535E-009  1.59753E-017  2.30028E-010  1.01964E-017  4.78939E-009  1.07132E-011  1.08539E-006  1.97496E-012  8.12877E-017  8.38753E-015  4.96158E-012  5.62728E-015  4.65209E-011  5.16547E-028  7.39014E-030  1.00000E-040  7.35601E-028  1.56412E-040  3.09638E-019  4.81571E-019  8.96357E-014  3.78218E-023  2.25535E-022  1.00000E-040  1.00000E-040  1.00000E-040  1.00000E-040  2.42162E-023  9.22666E-035  1.34867E-036  3.34423E-025  3.77604E-020  3.95345E-026  1.05112E-033  1.13865E-026  8.85551E-018  3.21578E-018  1.33661E-016  3.86889E-022  2.42092E-027  1.00000E-040  4.85931E-016  1.03153E-038  4.14394E-025  1.86090E-030  2.47702E-023  6.22930E-032  3.46796E-018  6.55917E-022  4.37543E-014  1.00000E-040  8.94298E-015  1.00000E-040  1.00000E-040  1.14563E-022  1.00000E-040  2.82586E-024  3.68847E-014  1.96253E-037  1.00000E-003  1.00000E-005  1.00000E-005  1.00000E-005  1.00000E-005  1.00000E-005  1.00000E-005  1.00000E-005  1.00000E-005  1.00000E-005  1.00000E-005  1.00000E-005  1.00000E-005  1.00000E-005  1.00000E-005  1.00000E-005  
7.05000E+001  5.94632E-005  1.89127E+015  2.27725E+002  3.14490E+005  1.00000E-040  1.00000E-040  1.00000E-040  1.00000E-040  1.00000E-040  1.00000E-040  1.00000E-040  1.00000E-040  1.00000E-040  1.00000E-040  1.00000E-040  1.00000E-040  1.00000E-040  1.00000E-040  4.89614E-026  1.00000E-040  1.02725E-040  2.05688E-009  3.66041E-007  1.63670E-005  5.40776E-009  4.06715E-006  2.11588E-001  3.39670E-008  2.81114E-004  3.07796E-019  1.00208E-012  1.00000E-040  2.92152E-029  2.31859E-024  5.36839E-016  2.35415E-008  1.53880E-019  5.58921E-032  1.24917E-038  9.72356E-038  1.00000E-040  4.40454E-020  1.71596E-018  2.26003E-013  4.50481E-012  6.42938E-037  1.00000E-040  3.71595E-025  1.33666E-030  3.22789E-011  3.32074E-012  7.88109E-001  3.75898E-021  1.24733E-023  4.63976E-022  1.00000E-040  1.00000E-040  1.22262E-029  2.98369E-026  9.17396E-009  1.52118E-017  2.35560E-010  8.56945E-018  4.60370E-009  1.03782E-011  1.03137E-006  1.44177E-012  5.30296E-017  7.81736E-015  4.21611E-012  3.47541E-015  4.60152E-011  5.30253E-028  7.26530E-030  1.00000E-040  5.90564E-028  1.00000E-040  3.09338E-019  4.30627E-019  7.58151E-014  2.97185E-023  1.81551E-022  1.00000E-040  1.00000E-040  1.00000E-040  1.00000E-040  2.30973E-023  8.50712E-035  9.65299E-037  2.51333E-025  2.98653E-020  3.23980E-026  7.91198E-034  9.46567E-027  9.09594E-018  2.37282E-018  1.18196E-016  3.25503E-022  1.81709E-027  1.00000E-040  5.13653E-016  8.62774E-039  3.11221E-025  1.86594E-030  2.40265E-023  3.53105E-032  2.18251E-018  7.07408E-022  4.73223E-014  1.00000E-040  8.92525E-015  1.00000E-040  1.00000E-040  7.27370E-023  1.00000E-040  2.63171E-024  3.63713E-014  3.74050E-037  1.00000E-003  1.00000E-005  1.00000E-005  1.00000E-005  1.00000E-005  1.00000E-005  1.00000E-005  1.00000E-005  1.00000E-005  1.00000E-005  1.00000E-005  1.00000E-005  1.00000E-005  1.00000E-005  1.00000E-005  1.00000E-005  
7.15000E+001  5.13065E-005  1.65277E+015  2.24842E+002  3.24490E+005  1.00000E-040  1.00000E-040  1.00000E-040  1.00000E-040  1.00000E-040  1.00000E-040  1.00000E-040  1.00000E-040  1.00000E-040  1.00000E-040  1.00000E-040  1.00000E-040  1.00000E-040  1.00000E-040  2.86980E-026  1.00000E-040  1.03002E-040  2.90030E-009  4.00625E-007  1.62970E-005  5.80240E-009  4.92593E-006  2.11553E-001  4.31598E-008  2.80895E-004  3.11552E-019  9.18896E-013  9.40310E-037  3.32186E-028  2.12599E-024  4.47829E-016  2.33184E-008  1.98034E-019  5.93156E-032  1.00000E-040  1.00000E-040  1.00000E-040  4.02433E-020  1.70899E-018  2.65388E-013  4.87859E-012  6.70939E-037  1.00000E-040  4.76907E-025  1.47996E-029  3.20094E-011  4.10200E-012  7.88144E-001  3.43801E-021  9.94144E-024  4.51620E-022  1.00000E-040  1.00000E-040  1.55846E-029  2.10848E-026  8.59183E-009  1.45388E-017  2.41853E-010  7.30127E-018  4.42833E-009  1.00852E-011  9.76557E-007  1.05889E-012  3.47035E-017  7.30774E-015  3.57891E-012  2.15380E-015  4.54563E-011  5.42417E-028  7.14040E-030  1.00000E-040  4.70966E-028  1.00000E-040  3.09004E-019  3.89209E-019  6.42297E-014  2.36164E-023  1.47815E-022  1.00000E-040  1.00000E-040  1.00000E-040  1.00000E-040  2.19501E-023  8.40767E-035  7.11054E-037  1.91176E-025  2.36571E-020  2.71976E-026  1.12158E-033  7.67998E-027  9.29451E-018  1.72511E-018  1.04173E-016  2.70450E-022  1.35918E-027  1.00000E-040  5.35623E-016  1.15333E-038  2.36570E-025  1.87790E-030  2.32518E-023  2.00954E-032  1.36964E-018  7.63351E-022  5.10893E-014  1.00000E-040  8.90776E-015  1.00000E-040  1.00000E-040  4.78541E-023  1.00000E-040  2.46840E-024  3.58861E-014  6.94563E-037  1.00000E-003  1.00000E-005  1.00000E-005  1.00000E-005  1.00000E-005  1.00000E-005  1.00000E-005  1.00000E-005  1.00000E-005  1.00000E-005  1.00000E-005  1.00000E-005  1.00000E-005  1.00000E-005  1.00000E-005  1.00000E-005  
7.25000E+001  4.41869E-005  1.44162E+015  2.22003E+002  3.34491E+005  1.00000E-040  1.00000E-040  1.00000E-040  1.00000E-040  1.00000E-040  1.00000E-040  1.00000E-040  1.00000E-040  1.00000E-040  1.00000E-040  1.00000E-040  1.00000E-040  1.00000E-040  1.00000E-040  1.67042E-026  1.00000E-040  1.03312E-040  4.11518E-009  4.39129E-007  1.62191E-005  6.24490E-009  5.97225E-006  2.11513E-001  5.47701E-008  2.80649E-004  3.15992E-019  8.43042E-013  1.17394E-035  2.82378E-027  2.92906E-024  3.73940E-016  2.30903E-008  2.55213E-019  6.27223E-032  1.00000E-040  1.00000E-040  1.00000E-040  3.66491E-020  1.69562E-018  3.09830E-013  5.29168E-012  1.10853E-036  1.00000E-040  6.08640E-025  1.24256E-028  3.17110E-011  5.01099E-012  7.88183E-001  3.11605E-021  7.90564E-024  4.41048E-022  1.00000E-040  1.00000E-040  4.82256E-029  1.67020E-026  8.06035E-009  1.39634E-017  2.49094E-010  6.29159E-018  4.26238E-009  9.84868E-012  9.21496E-007  7.83607E-013  2.28303E-017  6.87763E-015  3.03725E-012  1.34209E-015  4.48372E-011  5.52495E-028  7.02353E-030  1.00000E-040  3.73492E-028  1.00000E-040  3.08632E-019  3.55032E-019  5.45234E-014  1.89645E-023  1.21632E-022  1.00000E-040  1.00000E-040  1.00000E-040  1.00000E-040  2.07920E-023  1.30815E-034  5.89162E-037  1.46981E-025  1.87040E-020  2.70651E-026  4.29614E-033  6.03401E-027  9.46896E-018  1.23742E-018  9.15281E-017  2.22149E-022  1.00983E-027  1.00000E-040  5.52708E-016  3.74953E-038  1.81751E-025  1.89272E-030  2.24419E-023  1.33085E-032  8.57688E-019  8.26024E-022  5.50496E-014  1.00000E-040  8.89008E-015  1.00000E-040  1.00000E-040  3.98934E-023  1.00000E-040  2.32321E-024  3.54176E-014  1.26832E-036  1.00000E-003  1.00000E-005  1.00000E-005  1.00000E-005  1.00000E-005  1.00000E-005  1.00000E-005  1.00000E-005  1.00000E-005  1.00000E-005  1.00000E-005  1.00000E-005  1.00000E-005  1.00000E-005  1.00000E-005  1.00000E-005  
7.35000E+001  3.79838E-005  1.25530E+015  2.19164E+002  3.44491E+005  1.00000E-040  1.00000E-040  1.00000E-040  1.00000E-040  1.00000E-040  1.00000E-040  1.00000E-040  1.00000E-040  1.00000E-040  1.00000E-040  1.00000E-040  1.00000E-040  1.00000E-040  1.00000E-040  9.71951E-027  1.00000E-040  1.03659E-040  5.87495E-009  4.82058E-007  1.61323E-005  6.74922E-009  7.24198E-006  2.11468E-001  6.93767E-008  2.80373E-004  3.20626E-019  7.73516E-013  1.05986E-034  1.85662E-026  9.77688E-024  3.12382E-016  2.28534E-008  3.29248E-019  6.62546E-032  1.00000E-040  1.00000E-040  1.00000E-040  3.33910E-020  1.67937E-018  3.59642E-013  5.74972E-012  4.21103E-036  1.00000E-040  7.71746E-025  8.07358E-028  3.13796E-011  6.06065E-012  7.88227E-001  2.79579E-021  6.24982E-024  4.32857E-022  1.00000E-040  1.00000E-040  2.05390E-028  2.13072E-026  7.58028E-009  1.34996E-017  2.57632E-010  5.47262E-018  4.10504E-009  9.69013E-012  8.66228E-007  5.85490E-013  1.51361E-017  6.56648E-015  2.57846E-012  8.43142E-016  4.41497E-011  5.59805E-028  6.92272E-030  1.00000E-040  2.94700E-028  1.00000E-040  3.08216E-019  3.26368E-019  4.64077E-014  1.53849E-023  1.01135E-022  1.00000E-040  1.00000E-040  1.00000E-040  1.00000E-040  1.96292E-023  4.47689E-034  7.89490E-037  1.14137E-025  1.47222E-020  5.17457E-026  2.06174E-032  4.56475E-027  9.64052E-018  8.77760E-019  8.01717E-017  1.80598E-022  7.42606E-028  1.00000E-040  5.65803E-016  1.68585E-037  1.41018E-025  1.90759E-030  2.15926E-023  1.40723E-032  5.36563E-019  8.98486E-022  5.91672E-014  1.00000E-040  8.87180E-015  1.00000E-040  1.00000E-040  6.59269E-023  1.00000E-040  2.18807E-024  3.49557E-014  2.28848E-036  1.00000E-003  1.00000E-005  1.00000E-005  1.00000E-005  1.00000E-005  1.00000E-005  1.00000E-005  1.00000E-005  1.00000E-005  1.00000E-005  1.00000E-005  1.00000E-005  1.00000E-005  1.00000E-005  1.00000E-005  1.00000E-005  
7.45000E+001  3.25911E-005  1.09003E+015  2.16559E+002  3.54491E+005  1.00000E-040  1.00000E-040  1.00000E-040  1.00000E-040  1.00000E-040  1.00000E-040  1.00000E-040  1.00000E-040  1.00000E-040  1.00000E-040  1.00000E-040  1.00000E-040  1.00000E-040  1.00000E-040  5.72170E-027  1.00000E-040  1.04050E-040  8.46972E-009  5.30009E-007  1.60352E-005  7.32048E-009  8.77665E-006  2.11418E-001  8.76991E-008  2.80061E-004  3.26209E-019  7.08013E-013  7.70237E-034  9.77264E-026  4.66737E-023  2.61978E-016  2.26035E-008  4.26057E-019  7.05474E-032  2.33990E-038  1.33146E-037  1.00000E-040  3.06485E-020  1.67099E-018  4.16367E-013  6.25820E-012  2.15864E-035  1.00000E-040  9.70947E-025  4.21216E-027  3.10102E-011  7.23422E-012  7.88276E-001  2.52889E-021  5.00960E-024  4.32139E-022  1.00000E-040  2.54686E-038  8.20776E-028  5.45321E-026  7.15181E-009  1.31887E-017  2.68264E-010  4.80834E-018  3.95551E-009  9.63400E-012  8.06510E-007  4.43169E-013  1.01196E-017  6.45245E-015  2.18724E-012  5.34580E-016  4.33845E-011  5.63529E-028  6.82114E-030  1.00000E-040  2.29372E-028  1.00000E-040  3.07750E-019  3.01874E-019  3.96561E-014  1.26241E-023  8.49629E-023  1.00000E-040  1.00000E-040  1.00000E-040  1.00000E-040  1.83704E-023  1.98231E-033  2.13504E-036  8.98912E-026  1.17640E-020  1.92854E-025  8.85903E-032  3.45485E-027  9.84669E-018  6.15767E-019  6.97489E-017  1.45754E-022  5.38302E-028  1.00000E-040  5.75731E-016  7.06774E-037  1.10973E-025  1.94895E-030  2.06984E-023  2.95257E-032  3.35193E-019  9.75706E-022  6.31672E-014  1.00000E-040  8.85254E-015  1.00000E-040  1.00000E-040  1.88785E-022  1.00000E-040  2.10781E-024  3.44906E-014  4.09091E-036  1.00000E-003  1.00000E-005  1.00000E-005  1.00000E-005  1.00000E-005  1.00000E-005  1.00000E-005  1.00000E-005  1.00000E-005  1.00000E-005  1.00000E-005  1.00000E-005  1.00000E-005  1.00000E-005  1.00000E-005  1.00000E-005  
7.55000E+001  2.79165E-005  9.43671E+014  2.14268E+002  3.64489E+005  1.00000E-040  1.00000E-040  1.00000E-040  1.00000E-040  1.00000E-040  1.00000E-040  1.00000E-040  1.00000E-040  1.00000E-040  1.00000E-040  1.00000E-040  1.00000E-040  1.00000E-040  1.00000E-040  3.45712E-027  1.00000E-040  1.04490E-040  1.23434E-008  5.83690E-007  1.59262E-005  7.97631E-009  1.06018E-005  2.11361E-001  1.10628E-007  2.79708E-004  3.32339E-019  6.45180E-013  4.72765E-033  4.28198E-025  2.07123E-022  2.20917E-016  2.23361E-008  5.53326E-019  7.64697E-032  1.00000E-040  1.00000E-040  1.00000E-040  2.86220E-020  1.68156E-018  4.81161E-013  6.82440E-012  1.03848E-034  1.00000E-040  1.21134E-024  1.84935E-026  3.05971E-011  8.53742E-012  7.88331E-001  2.32898E-021  4.10485E-024  4.41805E-022  1.00000E-040  1.84836E-037  2.96561E-027  1.76531E-025  6.77410E-009  1.30743E-017  2.82127E-010  4.26778E-018  3.81293E-009  9.75897E-012  7.40249E-007  3.41214E-013  6.84410E-018  6.70288E-015  1.85351E-012  3.43448E-016  4.25303E-011  5.62919E-028  6.72486E-030  1.00000E-040  1.75319E-028  1.00000E-040  3.07225E-019  2.80505E-019  3.40752E-014  1.05037E-023  7.22303E-023  1.00000E-040  1.00000E-040  1.00000E-040  1.00000E-040  1.69740E-023  8.05762E-033  7.35956E-036  7.20822E-026  9.68539E-021  8.19036E-025  3.32915E-031  2.67807E-027  1.01463E-017  4.29686E-019  6.01602E-017  1.17593E-022  3.82719E-028  1.00000E-040  5.83214E-016  2.65388E-036  8.89233E-026  2.03295E-030  1.97531E-023  7.76458E-032  2.09651E-019  1.05658E-021  6.67042E-014  1.00000E-040  8.83189E-015  1.00000E-040  1.00000E-040  6.03289E-022  1.00000E-040  2.09941E-024  3.40129E-014  7.25430E-036  1.00000E-003  1.00000E-005  1.00000E-005  1.00000E-005  1.00000E-005  1.00000E-005  1.00000E-005  1.00000E-005  1.00000E-005  1.00000E-005  1.00000E-005  1.00000E-005  1.00000E-005  1.00000E-005  1.00000E-005  1.00000E-005  
7.65000E+001  2.38737E-005  8.15736E+014  2.11976E+002  3.74490E+005  1.00000E-040  1.00000E-040  1.00000E-040  1.00000E-040  1.00000E-040  1.00000E-040  1.00000E-040  1.00000E-040  1.00000E-040  1.00000E-040  1.00000E-040  1.00000E-040  1.00000E-040  1.00000E-040  2.17368E-027  1.00000E-040  1.04989E-040  1.81474E-008  6.43871E-007  1.58033E-005  8.79944E-009  1.26827E-005  2.11297E-001  1.39238E-007  2.79307E-004  3.36290E-019  5.86060E-013  2.57464E-032  1.65168E-024  8.24970E-022  1.87071E-016  2.20465E-008  7.17746E-019  8.49264E-032  7.72936E-039  3.83341E-039  1.00000E-040  2.76289E-020  1.71996E-018  5.50377E-013  7.46112E-012  4.58307E-034  1.00000E-040  1.49781E-024  7.33763E-026  3.01335E-011  1.00132E-011  7.88393E-001  2.15899E-021  3.34915E-024  4.61198E-022  1.00000E-040  8.31428E-037  1.01817E-026  5.59692E-025  6.44606E-009  1.32430E-017  3.01746E-010  3.83326E-018  3.67656E-009  1.02625E-011  6.69318E-007  2.69370E-013  4.73625E-018  7.65633E-015  1.57169E-012  2.26700E-016  4.15746E-011  5.57506E-028  6.70154E-030  1.00000E-040  1.32739E-028  1.00000E-040  3.06635E-019  2.61459E-019  2.95118E-014  8.92462E-024  6.26124E-023  1.00000E-040  1.00000E-040  1.00000E-040  1.00000E-040  1.54862E-023  2.91702E-032  2.51564E-035  5.90915E-026  8.26708E-021  3.47574E-024  1.14397E-030  2.05212E-027  1.06341E-017  3.03250E-019  5.16114E-017  9.55571E-023  2.65316E-028  1.00000E-040  5.88832E-016  9.58929E-036  7.28094E-026  2.14435E-030  1.87513E-023  2.06141E-031  1.32787E-019  1.16055E-021  6.94750E-014  1.00000E-040  8.80946E-015  1.00000E-040  1.00000E-040  1.94812E-021  1.00000E-040  2.11997E-024  3.35135E-014  1.27578E-035  1.00000E-003  1.00000E-005  1.00000E-005  1.00000E-005  1.00000E-005  1.00000E-005  1.00000E-005  1.00000E-005  1.00000E-005  1.00000E-005  1.00000E-005  1.00000E-005  1.00000E-005  1.00000E-005  1.00000E-005  1.00000E-005  
7.75000E+001  2.03846E-005  7.03191E+014  2.09964E+002  3.84490E+005  1.00000E-040  1.00000E-040  1.00000E-040  1.00000E-040  1.00000E-040  1.00000E-040  1.00000E-040  1.00000E-040  1.00000E-040  1.00000E-040  1.00000E-040  1.00000E-040  1.00000E-040  1.00000E-040  1.44622E-027  1.00000E-040  1.05554E-040  2.71522E-008  7.11407E-007  1.56640E-005  9.90260E-009  1.49120E-005  2.11225E-001  1.74878E-007  2.78851E-004  3.38470E-019  5.29610E-013  1.36625E-031  6.07401E-024  3.13228E-021  1.60548E-016  2.17294E-008  9.29361E-019  9.90098E-032  1.00000E-040  1.00000E-040  1.00000E-040  2.83577E-020  1.81986E-018  6.20658E-013  8.18196E-012  1.96186E-033  1.00000E-040  1.83177E-024  2.89582E-025  2.96119E-011  1.16159E-011  7.88464E-001  2.07495E-021  2.79122E-024  5.02347E-022  1.00000E-040  3.45625E-036  3.47684E-026  1.75163E-024  6.16713E-009  1.39209E-017  3.32864E-010  3.51769E-018  3.54568E-009  1.14699E-011  5.87519E-007  2.21336E-013  3.39157E-018  9.96079E-015  1.33158E-012  1.56616E-016  4.05034E-011  5.47110E-028  6.80305E-030  1.00000E-040  9.86303E-029  1.00000E-040  3.05968E-019  2.44107E-019  2.58701E-014  7.85600E-024  5.59771E-023  1.00000E-040  1.00000E-040  1.00000E-040  1.00000E-040  1.37710E-023  9.83738E-032  8.68373E-035  5.04859E-026  8.23063E-021  1.56318E-023  3.84700E-030  1.65854E-027  1.15003E-017  2.19656E-019  4.37929E-017  7.93610E-023  1.77941E-028  1.00000E-040  5.93020E-016  3.46951E-035  6.20939E-026  2.35240E-030  1.76869E-023  5.55646E-031  8.61052E-020  1.29324E-021  7.04702E-014  1.00000E-040  8.78484E-015  1.00000E-040  1.00000E-040  6.40088E-021  1.00000E-040  2.25632E-024  3.29836E-014  2.22270E-035  1.00000E-003  1.00000E-005  1.00000E-005  1.00000E-005  1.00000E-005  1.00000E-005  1.00000E-005  1.00000E-005  1.00000E-005  1.00000E-005  1.00000E-005  1.00000E-005  1.00000E-005  1.00000E-005  1.00000E-005  1.00000E-005  
7.85000E+001  1.73842E-005  6.03413E+014  2.08668E+002  3.94490E+005  1.00000E-040  1.00000E-040  1.00000E-040  1.00000E-040  1.00000E-040  1.00000E-040  1.00000E-040  1.00000E-040  1.00000E-040  1.00000E-040  1.00000E-040  1.00000E-040  1.00000E-040  1.00000E-040  1.02731E-027  1.00000E-040  1.06198E-040  4.18697E-008  7.87317E-007  1.55047E-005  1.14752E-008  1.70755E-005  2.11144E-001  2.19340E-007  2.78330E-004  3.42208E-019  4.77972E-013  7.67790E-031  2.26638E-023  1.19416E-020  1.42038E-016  2.13785E-008  1.20094E-018  1.25014E-031  1.00000E-040  1.00000E-040  1.00000E-040  3.20049E-020  2.03763E-018  6.86633E-013  9.00492E-012  8.54039E-033  1.00000E-040  2.21268E-024  1.19033E-024  2.90225E-011  1.32322E-011  7.88544E-001  2.14531E-021  2.47727E-024  5.85650E-022  1.00000E-040  1.41843E-035  1.18936E-025  5.68978E-024  5.93628E-009  1.54993E-017  3.85807E-010  3.34452E-018  3.41940E-009  1.39706E-011  4.90507E-007  1.93496E-013  2.55344E-018  1.48515E-014  1.12465E-012  1.16504E-016  3.92990E-011  5.32132E-028  7.11821E-030  1.00000E-040  7.09148E-029  1.00000E-040  3.05213E-019  2.27949E-019  2.30878E-014  7.30566E-024  5.23839E-023  1.00000E-040  1.00000E-040  1.00000E-040  1.00000E-040  1.17297E-023  3.19715E-031  3.22725E-034  4.61719E-026  1.21683E-020  7.36142E-023  1.33001E-029  1.56489E-027  1.30594E-017  1.66888E-019  3.64138E-017  6.89433E-023  1.14146E-028  1.00000E-040  5.96093E-016  1.25072E-034  5.66640E-026  2.79770E-030  1.65524E-023  1.61143E-030  5.81458E-020  1.45877E-021  6.83948E-014  1.00000E-040  8.75752E-015  1.00000E-040  1.00000E-040  2.06645E-020  1.00000E-040  2.68436E-024  3.24134E-014  3.82671E-035  1.00000E-003  1.00000E-005  1.00000E-005  1.00000E-005  1.00000E-005  1.00000E-005  1.00000E-005  1.00000E-005  1.00000E-005  1.00000E-005  1.00000E-005  1.00000E-005  1.00000E-005  1.00000E-005  1.00000E-005  1.00000E-005  
7.95000E+001  1.48114E-005  5.17322E+014  2.07373E+002  4.04490E+005  1.00000E-040  1.00000E-040  1.00000E-040  1.00000E-040  1.00000E-040  1.00000E-040  1.00000E-040  1.00000E-040  1.00000E-040  1.00000E-040  1.00000E-040  1.00000E-040  1.00000E-040  1.00000E-040  7.72069E-028  1.00000E-040  1.06932E-040  6.68836E-008  8.72539E-007  1.53206E-005  1.40710E-008  1.88275E-005  2.11052E-001  2.74917E-007  2.77734E-004  3.52485E-019  4.45977E-013  4.48151E-030  8.48094E-023  4.56834E-020  1.31703E-016  2.09869E-008  1.52522E-018  1.70789E-031  1.00000E-040  1.00000E-040  1.00000E-040  4.04546E-020  2.42242E-018  7.23175E-013  9.96781E-012  3.80640E-032  1.00000E-040  2.64247E-024  4.82033E-024  2.83548E-011  1.46790E-011  7.88635E-001  2.34666E-021  2.19891E-024  7.23858E-022  1.00000E-040  5.62454E-035  3.94370E-025  1.91997E-023  5.75218E-009  1.86702E-017  4.80338E-010  3.34108E-018  3.29691E-009  1.88445E-011  3.89434E-007  1.86133E-013  2.10431E-018  2.45552E-014  9.49797E-013  9.79353E-017  3.79426E-011  5.14026E-028  7.94707E-030  1.00000E-040  5.07110E-029  1.00000E-040  3.04356E-019  2.12655E-019  2.11253E-014  7.35055E-024  5.25306E-023  1.00000E-040  1.00000E-040  1.00000E-040  1.00000E-040  9.60162E-024  9.79659E-031  1.31862E-033  4.60326E-026  2.89848E-020  3.28358E-022  4.68505E-029  1.56955E-027  1.57472E-017  1.38682E-019  2.98131E-017  6.34453E-023  6.90189E-029  1.00000E-040  5.98256E-016  4.62231E-034  5.62413E-026  3.54990E-030  1.53447E-023  5.32943E-030  4.26487E-020  1.75022E-021  6.31814E-014  1.00000E-040  8.72702E-015  1.00000E-040  1.00000E-040  6.14166E-020  1.00000E-040  3.42510E-024  3.17939E-014  6.46390E-035  1.00000E-003  1.00000E-005  1.00000E-005  1.00000E-005  1.00000E-005  1.00000E-005  1.00000E-005  1.00000E-005  1.00000E-005  1.00000E-005  1.00000E-005  1.00000E-005  1.00000E-005  1.00000E-005  1.00000E-005  1.00000E-005  
8.05000E+001  1.26083E-005  4.42721E+014  2.06273E+002  4.06996E+005  1.00000E-040  1.00000E-040  1.00000E-040  1.00000E-040  1.00000E-040  1.00000E-040  1.00000E-040  1.00000E-040  1.00000E-040  1.00000E-040  1.00000E-040  1.00000E-040  1.00000E-040  1.00000E-040  6.08590E-028  1.00000E-040  1.07778E-040  1.12450E-007  9.68448E-007  1.51020E-005  1.84419E-008  2.00714E-005  2.10946E-001  3.45441E-007  2.77044E-004  3.98363E-019  4.61396E-013  2.62171E-029  3.01172E-022  1.65315E-019  1.34147E-016  2.05434E-008  1.90459E-018  2.50963E-031  1.00000E-040  1.00000E-040  1.00000E-040  5.60342E-020  3.05146E-018  7.19652E-013  1.11027E-011  1.63156E-031  1.00000E-040  3.13129E-024  1.79256E-023  2.75907E-011  1.56430E-011  7.88740E-001  2.81359E-021  1.99148E-024  9.63525E-022  1.00000E-040  2.02380E-034  1.18297E-024  6.31202E-023  5.61193E-009  2.45977E-017  6.48713E-010  3.52961E-018  3.17650E-009  2.73687E-011  2.91695E-007  2.00991E-013  1.92400E-018  4.28626E-014  8.01340E-013  9.39097E-017  3.64016E-011  4.95008E-028  9.66241E-030  1.00000E-040  3.60327E-029  1.00000E-040  3.03375E-019  1.97940E-019  1.99628E-014  8.04177E-024  5.64652E-023  1.00000E-040  1.00000E-040  1.00000E-040  1.00000E-040  7.54300E-024  2.64840E-030  5.62328E-033  5.06294E-026  8.82690E-020  1.29369E-021  1.59307E-028  1.75383E-027  2.00725E-017  1.29204E-019  2.37322E-017  6.37757E-023  3.83971E-029  1.00000E-040  5.99616E-016  1.63531E-033  6.13884E-026  4.90250E-030  1.40528E-023  1.88552E-029  3.52805E-020  2.24496E-021  5.52089E-014  1.00000E-040  8.69248E-015  1.00000E-040  1.00000E-040  1.60635E-019  1.00000E-040  4.81836E-024  3.11112E-014  1.06019E-034  1.00000E-003  1.00000E-005  1.00000E-005  1.00000E-005  1.00000E-005  1.00000E-005  1.00000E-005  1.00000E-005  1.00000E-005  1.00000E-005  1.00000E-005  1.00000E-005  1.00000E-005  1.00000E-005  1.00000E-005  1.00000E-005  
8.15000E+001  1.07271E-005  3.77292E+014  2.05931E+002  4.06996E+005  1.00000E-040  1.00000E-040  1.00000E-040  1.00000E-040  1.00000E-040  1.00000E-040  1.00000E-040  1.00000E-040  1.00000E-040  1.00000E-040  1.00000E-040  1.00000E-040  1.00000E-040  1.00000E-040  4.95882E-028  1.00000E-040  1.08767E-040  2.01992E-007  1.07608E-006  1.48317E-005  2.51621E-008  2.15750E-005  2.10823E-001  4.37259E-007  2.76233E-004  5.50593E-019  5.73109E-013  1.50593E-028  9.68908E-022  5.34528E-019  1.57066E-016  2.00328E-008  2.37824E-018  3.70386E-031  2.77292E-036  2.56665E-035  1.00000E-040  7.71386E-020  3.89340E-018  6.96523E-013  1.24183E-011  6.14083E-031  1.00000E-040  3.70933E-024  5.90187E-023  2.67046E-011  1.61369E-011  7.88862E-001  3.84632E-021  1.94487E-024  1.39744E-021  1.00000E-040  6.17695E-034  2.98294E-024  1.83622E-022  5.51148E-009  3.43943E-017  9.20633E-010  3.84444E-018  3.05594E-009  3.95612E-011  2.09285E-007  2.30738E-013  1.82532E-018  7.56806E-014  6.73736E-013  9.45083E-017  3.46306E-011  4.78520E-028  1.25422E-029  1.00000E-040  2.49357E-029  1.00000E-040  3.02236E-019  1.83643E-019  1.95186E-014  9.04201E-024  6.16564E-023  1.00000E-040  1.00000E-040  1.00000E-040  1.00000E-040  5.84634E-024  6.01112E-030  2.22745E-032  5.83973E-026  2.60256E-019  4.40544E-021  4.84541E-028  2.35361E-027  2.56798E-017  1.31529E-019  1.79186E-017  7.11543E-023  1.89401E-029  1.00000E-040  6.00178E-016  4.87388E-033  7.01373E-026  7.33620E-030  1.26639E-023  5.96273E-029  3.25884E-020  2.94446E-021  4.65771E-014  1.00000E-040  8.65268E-015  1.00000E-040  1.00000E-040  3.62469E-019  1.00000E-040  7.62969E-024  3.03469E-014  1.65670E-034  1.00000E-003  1.00000E-005  1.00000E-005  1.00000E-005  1.00000E-005  1.00000E-005  1.00000E-005  1.00000E-005  1.00000E-005  1.00000E-005  1.00000E-005  1.00000E-005  1.00000E-005  1.00000E-005  1.00000E-005  1.00000E-005  
8.25000E+001  9.12466E-006  3.21465E+014  2.05589E+002  4.06996E+005  1.00000E-040  1.00000E-040  1.00000E-040  1.00000E-040  1.00000E-040  1.00000E-040  1.00000E-040  1.00000E-040  1.00000E-040  1.00000E-040  1.00000E-040  1.00000E-040  1.00000E-040  1.00000E-040  4.08198E-028  1.00000E-040  1.09926E-040  3.84567E-007  1.19281E-006  1.44834E-005  3.28132E-008  2.63498E-005  2.10678E-001  5.59070E-007  2.75273E-004  9.28037E-019  8.27210E-013  8.11956E-028  2.76018E-021  1.52538E-018  1.89454E-016  1.94423E-008  3.02992E-018  4.23619E-031  1.00000E-040  1.00000E-040  1.00000E-040  8.50872E-020  4.26244E-018  7.05583E-013  1.38791E-011  1.83715E-030  1.00000E-040  4.43061E-024  1.69222E-022  2.56755E-011  1.72300E-011  7.89003E-001  5.79939E-021  1.90519E-024  2.11198E-021  1.00000E-040  1.48795E-033  5.88058E-024  4.13675E-022  5.44698E-009  4.51273E-017  1.21727E-009  3.96557E-018  2.93421E-009  4.97141E-011  1.61672E-007  2.27356E-013  1.47004E-018  1.30552E-013  5.68330E-013  8.27081E-017  3.25981E-011  4.69690E-028  1.55272E-029  1.00000E-040  1.72353E-029  1.00000E-040  3.00909E-019  1.69925E-019  1.93485E-014  8.83028E-024  5.95031E-023  1.00000E-040  1.00000E-040  1.00000E-040  1.00000E-040  5.08097E-024  1.16434E-029  6.53871E-032  5.70253E-026  6.03589E-019  1.29294E-020  1.16979E-027  2.96083E-027  2.81892E-017  1.22875E-019  1.27587E-017  7.43965E-023  7.96368E-030  1.00000E-040  5.99869E-016  1.08513E-032  6.82552E-026  1.00103E-029  1.11876E-023  1.22665E-028  2.71846E-020  3.68577E-021  4.25503E-014  1.00000E-040  8.60659E-015  1.00000E-040  1.00000E-040  7.01814E-019  1.00000E-040  1.12263E-023  2.94896E-014  2.39038E-034  1.00000E-003  1.00000E-005  1.00000E-005  1.00000E-005  1.00000E-005  1.00000E-005  1.00000E-005  1.00000E-005  1.00000E-005  1.00000E-005  1.00000E-005  1.00000E-005  1.00000E-005  1.00000E-005  1.00000E-005  1.00000E-005  
8.35000E+001  7.76032E-006  2.73688E+014  2.05372E+002  4.06996E+005  1.00000E-040  1.00000E-040  1.00000E-040  1.00000E-040  1.00000E-040  1.00000E-040  1.00000E-040  1.00000E-040  1.00000E-040  1.00000E-040  1.00000E-040  1.00000E-040  1.00000E-040  1.00000E-040  3.44864E-028  1.00000E-040  1.11285E-040  7.39245E-007  1.30949E-006  1.40240E-005  3.39427E-008  4.33945E-005  2.10502E-001  7.22012E-007  2.74134E-004  1.74654E-018  1.19724E-012  3.93942E-027  6.98984E-021  3.81858E-018  1.88043E-016  1.87614E-008  4.14658E-018  2.71631E-031  1.00000E-040  1.00000E-040  1.00000E-040  5.65396E-020  3.24287E-018  8.90900E-013  1.53442E-011  3.83558E-030  1.00000E-040  5.35519E-024  4.27112E-022  2.44876E-011  2.20345E-011  7.89164E-001  7.91403E-021  1.86422E-024  3.18707E-021  1.00000E-040  2.61893E-033  8.33804E-024  6.14503E-022  5.41581E-009  4.45825E-017  1.20799E-009  3.40178E-018  2.81075E-009  4.47290E-011  1.58452E-007  1.38534E-013  7.49470E-019  2.15246E-013  4.83565E-013  4.95707E-017  3.02875E-011  4.70165E-028  1.47579E-029  1.00000E-040  1.16570E-029  1.00000E-040  2.99364E-019  1.56957E-019  1.86016E-014  5.74226E-024  4.00788E-023  1.00000E-040  1.00000E-040  1.00000E-040  1.00000E-040  5.80097E-024  2.10681E-029  1.00961E-031  3.37057E-026  9.20982E-019  3.32624E-020  1.92230E-027  2.88507E-027  2.14999E-017  7.84766E-020  8.61471E-018  5.70870E-023  2.78751E-030  1.00000E-040  5.98639E-016  1.36941E-032  4.13192E-026  9.90814E-030  9.64890E-024  9.77703E-029  1.38996E-020  3.59903E-021  4.97188E-014  1.00000E-040  8.55319E-015  1.00000E-040  1.00000E-040  1.17475E-018  1.00000E-040  1.24448E-023  2.85297E-014  3.09410E-034  1.00000E-003  1.00000E-005  1.00000E-005  1.00000E-005  1.00000E-005  1.00000E-005  1.00000E-005  1.00000E-005  1.00000E-005  1.00000E-005  1.00000E-005  1.00000E-005  1.00000E-005  1.00000E-005  1.00000E-005  1.00000E-005  
8.45000E+001  6.60061E-006  2.32436E+014  2.05682E+002  4.06996E+005  1.00000E-040  1.00000E-040  1.00000E-040  1.00000E-040  1.00000E-040  1.00000E-040  1.00000E-040  1.00000E-040  1.00000E-040  1.00000E-040  1.00000E-040  1.00000E-040  1.00000E-040  1.00000E-040  3.12046E-028  1.00000E-040  1.12877E-040  1.30343E-006  1.41392E-006  1.34427E-005  2.65992E-008  9.26603E-005  2.10278E-001  9.35438E-007  2.72782E-004  3.53205E-018  1.48022E-012  1.59596E-026  1.59326E-020  8.30044E-018  1.59168E-016  1.79800E-008  6.30198E-018  1.05275E-031  1.00000E-040  1.00000E-040  1.00000E-040  2.19506E-020  1.74011E-018  1.45061E-012  1.66065E-011  5.90064E-030  1.00000E-040  6.49953E-024  9.65830E-022  2.31278E-011  3.53355E-011  7.89339E-001  8.35853E-021  1.88178E-024  4.59062E-021  1.00000E-040  3.42222E-033  8.57053E-024  6.28312E-022  5.42271E-009  3.13106E-017  8.48591E-010  2.39055E-018  2.68494E-009  2.77899E-011  1.96761E-007  5.57140E-014  2.61900E-019  3.35683E-013  4.15196E-013  2.16208E-017  2.76960E-011  4.69257E-028  1.03344E-029  1.00000E-040  7.39203E-030  1.00000E-040  2.97564E-019  1.44397E-019  1.71995E-014  2.48760E-024  1.76412E-023  1.00000E-040  1.00000E-040  1.00000E-040  1.00000E-040  8.26351E-024  3.98567E-029  8.33423E-032  1.27461E-026  9.72562E-019  7.65308E-020  2.22227E-027  2.18788E-027  1.15111E-017  3.63771E-020  5.78958E-018  3.65113E-023  8.35584E-031  1.00000E-040  5.96590E-016  9.24376E-033  1.62361E-026  6.89590E-030  8.10980E-024  3.10431E-029  4.68690E-021  2.55311E-021  7.40051E-014  1.00000E-040  8.49132E-015  1.00000E-040  1.00000E-040  1.74416E-018  1.00000E-040  1.01528E-023  2.74522E-014  3.59344E-034  1.00000E-003  1.00000E-005  1.00000E-005  1.00000E-005  1.00000E-005  1.00000E-005  1.00000E-005  1.00000E-005  1.00000E-005  1.00000E-005  1.00000E-005  1.00000E-005  1.00000E-005  1.00000E-005  1.00000E-005  1.00000E-005  
8.55000E+001  5.61610E-006  1.97469E+014  2.05993E+002  4.06996E+005  1.00000E-040  1.00000E-040  1.00000E-040  1.00000E-040  1.00000E-040  1.00000E-040  1.00000E-040  1.00000E-040  1.00000E-040  1.00000E-040  1.00000E-040  1.00000E-040  1.00000E-040  1.00000E-040  2.97886E-028  1.00000E-040  1.14741E-040  2.04094E-006  1.50241E-006  1.27563E-005  1.90375E-008  2.05356E-004  2.09984E-001  1.20319E-006  2.71186E-004  7.04176E-018  1.49705E-012  5.44674E-026  3.29880E-020  1.56419E-017  1.35918E-016  1.70915E-008  1.01932E-017  3.63152E-032  1.00000E-040  1.00000E-040  1.00000E-040  6.19897E-021  8.13912E-019  2.49624E-012  1.75264E-011  8.06958E-030  1.00000E-040  7.78131E-024  1.97262E-021  2.15920E-011  6.60831E-011  7.89521E-001  8.30876E-021  1.89590E-024  6.06718E-021  1.00000E-040  3.92965E-033  7.54178E-024  5.56675E-022  5.48428E-009  1.90134E-017  5.10296E-010  1.61202E-018  2.55628E-009  1.39685E-011  2.63087E-007  2.42265E-014  9.99663E-020  4.92731E-013  3.59238E-013  8.42020E-018  2.48475E-011  4.54183E-028  6.52883E-030  1.00000E-040  4.52344E-030  1.00000E-040  2.95469E-019  1.31642E-019  1.56170E-014  1.11458E-024  7.38642E-024  1.00000E-040  1.00000E-040  1.00000E-040  1.00000E-040  1.19094E-023  7.78794E-029  5.85310E-032  5.05911E-027  8.94584E-019  1.59270E-019  2.23533E-027  1.40980E-027  5.37225E-018  1.66774E-020  4.03826E-018  2.64971E-023  2.33909E-031  1.00000E-040  5.93878E-016  4.87981E-033  6.51597E-027  4.04361E-030  6.67182E-024  7.52399E-030  1.54079E-021  1.59630E-021  1.18541E-013  1.00000E-040  8.41992E-015  1.00000E-040  1.00000E-040  2.37532E-018  1.00000E-040  7.04028E-024  2.62405E-014  3.88065E-034  1.00000E-003  1.00000E-005  1.00000E-005  1.00000E-005  1.00000E-005  1.00000E-005  1.00000E-005  1.00000E-005  1.00000E-005  1.00000E-005  1.00000E-005  1.00000E-005  1.00000E-005  1.00000E-005  1.00000E-005  1.00000E-005  
8.65000E+001  4.78014E-006  1.67847E+014  2.06274E+002  4.06996E+005  1.00000E-040  1.00000E-040  1.00000E-040  1.00000E-040  1.00000E-040  1.00000E-040  1.00000E-040  1.00000E-040  1.00000E-040  1.00000E-040  1.00000E-040  1.00000E-040  1.00000E-040  1.00000E-040  2.91098E-028  1.00000E-040  1.16920E-040  2.91046E-006  1.57839E-006  1.19811E-005  1.38820E-008  4.21592E-004  2.09591E-001  1.52760E-006  2.69313E-004  1.28508E-017  1.34522E-012  3.14200E-025  6.27146E-020  2.54836E-017  1.21588E-016  1.60962E-008  1.66270E-017  1.35458E-032  1.00000E-040  1.00000E-040  1.00000E-040  1.52510E-021  3.80226E-019  4.04877E-012  1.80308E-011  1.04078E-029  1.03152E-040  9.03388E-024  3.68051E-021  1.98906E-011  1.49011E-010  7.89699E-001  9.76498E-021  1.91044E-024  7.38131E-021  1.49370E-033  4.55022E-033  6.50837E-024  4.84134E-022  5.61784E-009  1.15014E-017  3.01341E-010  1.23236E-018  2.42458E-009  6.27960E-012  3.41167E-007  1.44505E-014  5.19328E-020  6.79111E-013  3.11049E-013  3.20141E-018  2.18008E-011  4.22893E-028  4.34525E-030  1.00000E-040  2.70063E-030  1.00000E-040  2.93036E-019  1.18409E-019  1.40487E-014  6.84434E-025  4.04076E-024  1.00000E-040  1.00000E-040  1.00000E-040  1.00000E-040  1.55824E-023  1.45346E-028  4.87457E-032  2.74572E-027  8.11115E-019  3.03659E-019  2.20337E-027  8.83075E-028  2.50385E-018  8.58573E-021  2.92080E-018  2.61825E-023  7.00715E-032  1.00000E-040  5.90565E-016  2.57853E-033  3.53626E-027  2.30061E-030  5.40560E-024  1.96900E-030  5.71542E-022  9.75915E-022  1.84501E-013  1.00000E-040  8.33813E-015  1.00000E-040  1.00000E-040  3.02949E-018  1.00000E-040  4.74977E-024  2.48869E-014  4.03757E-034  1.00000E-003  1.00000E-005  1.00000E-005  1.00000E-005  1.00000E-005  1.00000E-005  1.00000E-005  1.00000E-005  1.00000E-005  1.00000E-005  1.00000E-005  1.00000E-005  1.00000E-005  1.00000E-005  1.00000E-005  1.00000E-005  
8.75000E+001  4.06994E-006  1.42805E+014  2.06425E+002  4.06996E+005  1.00000E-040  1.00000E-040  1.00000E-040  1.00000E-040  1.00000E-040  1.00000E-040  1.00000E-040  1.00000E-040  1.00000E-040  1.00000E-040  1.00000E-040  1.00000E-040  1.00000E-040  1.00000E-040  2.86585E-028  1.00000E-040  1.19464E-040  3.87711E-006  1.64611E-006  1.11315E-005  1.05269E-008  7.87108E-004  2.09066E-001  1.91143E-006  2.67128E-004  2.12727E-017  1.15703E-012  7.09423E-024  1.10426E-019  3.62682E-017  1.12533E-016  1.50029E-008  2.64322E-017  4.22158E-033  1.00000E-040  1.00000E-040  1.00000E-040  3.76305E-022  1.84509E-019  6.04218E-012  1.81112E-011  1.29530E-029  1.49358E-040  1.01039E-023  6.32553E-021  1.80503E-011  4.08240E-010  7.89861E-001  1.47490E-020  1.90548E-024  8.36016E-021  1.00000E-040  5.52020E-033  5.73968E-024  4.24923E-022  5.82043E-009  7.23494E-018  1.82732E-010  1.15344E-018  2.28993E-009  2.63180E-012  4.20052E-007  1.08447E-014  3.37116E-020  8.78499E-013  2.67434E-013  1.22901E-018  1.86488E-011  3.80777E-028  3.16784E-030  1.00000E-040  1.58357E-030  1.00000E-040  2.90220E-019  1.04781E-019  1.25386E-014  5.31111E-025  2.81722E-024  6.32702E-036  1.52590E-033  1.00000E-040  1.00000E-040  1.83442E-023  2.47014E-028  5.19124E-032  1.91013E-027  7.44661E-019  5.35450E-019  2.18813E-027  5.53896E-028  1.21360E-018  5.01138E-021  2.18098E-018  3.56791E-023  2.64696E-032  1.00000E-040  5.86642E-016  1.45778E-033  2.46372E-027  1.32660E-030  4.34041E-024  5.96392E-031  2.41124E-022  5.94887E-022  2.73484E-013  1.00000E-040  8.24543E-015  1.00000E-040  1.00000E-040  3.66051E-018  1.00000E-040  3.22678E-024  2.33948E-014  4.12215E-034  1.00000E-003  1.00000E-005  1.00000E-005  1.00000E-005  1.00000E-005  1.00000E-005  1.00000E-005  1.00000E-005  1.00000E-005  1.00000E-005  1.00000E-005  1.00000E-005  1.00000E-005  1.00000E-005  1.00000E-005  1.00000E-005  
8.85000E+001  3.46633E-006  1.21536E+014  2.06577E+002  4.06996E+005  1.00000E-040  1.00000E-040  1.00000E-040  1.00000E-040  1.00000E-040  1.00000E-040  1.00000E-040  1.00000E-040  1.00000E-040  1.00000E-040  1.00000E-040  1.00000E-040  1.00000E-040  1.00000E-040  2.82552E-028  1.00000E-040  1.22430E-040  4.90742E-006  1.70847E-006  1.02245E-005  8.21246E-009  1.34924E-003  2.08375E-001  2.35776E-006  2.64594E-004  3.23245E-017  9.85401E-013  1.59972E-022  1.81571E-019  4.60897E-017  1.06449E-016  1.38287E-008  4.05017E-017  2.27443E-033  1.00000E-040  1.00000E-040  1.00000E-040  1.02700E-022  9.35130E-020  8.36507E-012  1.77885E-011  2.15003E-029  2.05253E-040  1.09148E-023  1.01009E-020  1.61140E-011  1.21922E-009  7.89992E-001  2.62776E-020  1.90156E-024  8.94790E-021  1.00000E-040  6.93180E-033  5.13926E-024  3.75125E-022  6.04319E-009  4.72090E-018  1.14538E-010  1.26575E-018  2.15271E-009  1.04609E-012  4.90824E-007  8.98727E-015  2.40288E-020  1.06743E-012  2.26820E-013  4.83859E-019  1.55096E-011  3.34568E-028  2.50164E-030  1.00000E-040  9.07495E-031  1.00000E-040  2.86970E-019  9.10760E-020  1.10972E-014  4.56979E-025  2.21274E-024  1.51485E-036  1.42162E-038  1.00000E-040  1.00000E-040  1.97377E-023  3.80137E-028  6.27217E-032  1.50121E-027  6.91084E-019  8.81232E-019  2.18268E-027  3.59690E-028  6.14221E-019  3.25492E-021  1.66907E-018  5.89620E-023  1.53924E-032  1.00000E-040  5.82059E-016  8.61040E-034  1.93976E-027  7.89331E-031  3.47453E-024  2.03583E-031  1.12977E-022  3.55788E-022  3.86867E-013  1.00000E-040  8.14165E-015  1.00000E-040  1.00000E-040  4.21516E-018  5.52191E-039  2.24673E-024  2.17790E-014  4.14986E-034  1.00000E-003  1.00000E-005  1.00000E-005  1.00000E-005  1.00000E-005  1.00000E-005  1.00000E-005  1.00000E-005  1.00000E-005  1.00000E-005  1.00000E-005  1.00000E-005  1.00000E-005  1.00000E-005  1.00000E-005  1.00000E-005  
8.95000E+001  2.95317E-006  1.03515E+014  2.06635E+002  4.06996E+005  1.00000E-040  1.00000E-040  1.00000E-040  1.00000E-040  1.00000E-040  1.00000E-040  1.00000E-040  1.00000E-040  1.00000E-040  1.00000E-040  1.00000E-040  1.00000E-040  1.00000E-040  1.00000E-040  2.78094E-028  1.00000E-040  1.25884E-040  5.96731E-006  1.76690E-006  9.28062E-006  6.53959E-009  2.15123E-003  2.07486E-001  2.86925E-006  2.61672E-004  4.55172E-017  8.48613E-013  2.42755E-021  2.80509E-019  5.38235E-017  1.01811E-016  1.25992E-008  5.95450E-017  1.75813E-033  1.00000E-040  5.28715E-033  1.00000E-040  3.21012E-023  4.92553E-020  1.08402E-011  1.71435E-011  1.04951E-028  2.67324E-040  1.15139E-023  1.50640E-020  1.41379E-011  3.56965E-009  7.90081E-001  4.88408E-020  1.88037E-024  9.07810E-021  1.00000E-040  8.87941E-033  4.64490E-024  3.30974E-022  6.17815E-009  3.13525E-018  7.41292E-011  1.47537E-018  2.01362E-009  3.98808E-013  5.49592E-007  7.62083E-015  1.74841E-020  1.22028E-012  1.89157E-013  1.96763E-019  1.25115E-011  2.89625E-028  2.09154E-030  1.00000E-040  5.13584E-031  1.00000E-040  2.83237E-019  7.77337E-020  9.73192E-015  4.06924E-025  1.80443E-024  1.61314E-036  2.86943E-034  1.00000E-040  1.00000E-040  1.98683E-023  5.36832E-028  7.65166E-032  1.22377E-027  6.43534E-019  1.36181E-018  2.17568E-027  2.38295E-028  3.23385E-019  2.30174E-021  1.30557E-018  1.03701E-022  1.60430E-032  1.00000E-040  5.76750E-016  5.26582E-034  1.58340E-027  4.84595E-031  2.78972E-024  7.63574E-032  5.75534E-023  2.08493E-022  5.27375E-013  1.00000E-040  8.02704E-015  7.56040E-032  1.00000E-040  4.64982E-018  1.86842E-034  1.58639E-024  2.00653E-014  4.11594E-034  1.00000E-003  1.00000E-005  1.00000E-005  1.00000E-005  1.00000E-005  1.00000E-005  1.00000E-005  1.00000E-005  1.00000E-005  1.00000E-005  1.00000E-005  1.00000E-005  1.00000E-005  1.00000E-005  1.00000E-005  1.00000E-005  
9.05000E+001  2.51624E-006  8.84185E+013  2.06123E+002  4.06996E+005  1.00000E-040  1.00000E-040  1.00000E-040  1.00000E-040  1.00000E-040  1.00000E-040  1.00000E-040  1.00000E-040  1.00000E-040  1.00000E-040  1.00000E-040  1.00000E-040  1.00000E-040  1.00000E-040  2.72433E-028  1.00000E-040  1.29902E-040  7.02243E-006  1.82167E-006  8.32473E-006  5.33021E-009  3.22689E-003  2.06373E-001  3.44694E-006  2.58329E-004  5.96899E-017  7.53285E-013  2.54826E-020  4.08949E-019  5.92595E-017  9.74047E-017  1.13479E-008  8.37808E-017  5.39334E-033  5.45353E-033  1.47519E-032  1.00000E-040  1.15320E-023  2.68509E-020  1.32492E-011  1.63027E-011  7.89692E-028  3.33991E-040  1.20747E-023  2.10157E-020  1.21884E-011  9.73800E-009  7.90120E-001  8.84175E-020  1.76147E-024  8.66678E-021  1.00000E-040  1.15764E-032  4.27006E-024  2.91233E-022  6.09115E-009  2.07237E-018  4.95154E-011  1.67666E-018  1.87386E-009  1.48070E-013  6.00816E-007  6.35042E-015  1.25599E-020  1.31553E-012  1.55297E-013  8.28137E-020  9.77562E-012  2.49146E-028  1.79543E-030  1.00000E-040  2.97298E-031  1.00000E-040  2.78972E-019  6.52189E-020  8.45428E-015  3.61800E-025  1.44403E-024  1.00000E-040  1.00000E-040  1.00000E-040  1.00000E-040  1.92804E-023  7.06765E-028  9.01383E-032  9.65382E-028  5.96730E-019  1.98233E-018  2.16628E-027  1.48823E-028  1.77377E-019  1.73603E-021  1.04779E-018  1.79631E-022  2.43468E-032  1.00000E-040  5.70646E-016  3.44938E-034  1.25032E-027  3.00686E-031  2.26063E-024  3.15507E-032  3.14928E-023  1.22655E-022  7.02875E-013  1.00000E-040  7.90223E-015  6.23544E-033  1.00000E-040  4.94510E-018  2.74790E-030  1.08651E-024  1.82916E-014  4.01310E-034  1.00000E-003  1.00000E-005  1.00000E-005  1.00000E-005  1.00000E-005  1.00000E-005  1.00000E-005  1.00000E-005  1.00000E-005  1.00000E-005  1.00000E-005  1.00000E-005  1.00000E-005  1.00000E-005  1.00000E-005  1.00000E-005  
9.15000E+001  2.14374E-006  7.55166E+013  2.05611E+002  4.06996E+005  1.00000E-040  1.00000E-040  1.00000E-040  1.00000E-040  1.00000E-040  1.00000E-040  1.00000E-040  1.00000E-040  1.00000E-040  1.00000E-040  1.00000E-040  1.00000E-040  1.00000E-040  1.00000E-040  2.66389E-028  1.00000E-040  1.34574E-040  8.04109E-006  1.87240E-006  7.38316E-006  4.36571E-009  4.60122E-003  2.05018E-001  4.09055E-006  2.54530E-004  7.39306E-017  6.81743E-013  1.95586E-019  5.67684E-019  6.26100E-017  9.34435E-017  1.01110E-008  1.14299E-016  1.00000E-040  1.00000E-040  1.00000E-040  1.00000E-040  4.52610E-024  1.50995E-020  1.55309E-011  1.52541E-011  4.94320E-027  4.08331E-040  1.25840E-023  2.77457E-020  1.03319E-011  2.43107E-008  7.90105E-001  1.50802E-019  1.64782E-024  7.94882E-021  1.00000E-040  1.50252E-032  3.91868E-024  2.53942E-022  5.73133E-009  1.33799E-018  3.38047E-011  1.85102E-018  1.73489E-009  5.41956E-014  6.35998E-007  5.08043E-015  8.64815E-021  1.34053E-012  1.25895E-013  3.57415E-020  7.39299E-012  2.14188E-028  1.59333E-030  1.00000E-040  1.70806E-031  1.00000E-040  2.74129E-019  5.38727E-020  7.27702E-015  3.23222E-025  1.14937E-024  1.00000E-040  1.00000E-040  1.00000E-040  1.00000E-040  1.80342E-023  8.89750E-028  1.02114E-031  7.57751E-028  5.50179E-019  2.74659E-018  2.13619E-027  9.79558E-029  1.00361E-019  1.37684E-021  8.54930E-019  3.00312E-022  4.09654E-032  1.00000E-040  5.63671E-016  2.26658E-034  9.82024E-028  1.93564E-031  1.85657E-024  1.36534E-032  1.81463E-023  7.02347E-023  9.15883E-013  1.00000E-040  7.76765E-015  5.36377E-034  1.00000E-040  5.07193E-018  1.23463E-026  7.53653E-025  1.65020E-014  3.83196E-034  1.00000E-003  1.00000E-005  1.00000E-005  1.00000E-005  1.00000E-005  1.00000E-005  1.00000E-005  1.00000E-005  1.00000E-005  1.00000E-005  1.00000E-005  1.00000E-005  1.00000E-005  1.00000E-005  1.00000E-005  1.00000E-005  
9.25000E+001  1.82620E-006  6.45118E+013  2.05034E+002  4.06996E+005  1.00000E-040  1.00000E-040  1.00000E-040  1.00000E-040  1.00000E-040  1.00000E-040  1.00000E-040  1.00000E-040  1.00000E-040  1.00000E-040  1.00000E-040  1.00000E-040  1.00000E-040  1.00000E-040  2.60169E-028  1.00000E-040  1.40006E-040  8.99625E-006  1.91834E-006  6.48094E-006  3.58548E-009  6.28623E-003  2.03407E-001  4.79810E-006  2.50245E-004  8.71237E-017  6.28382E-013  1.14710E-018  7.54305E-019  6.43099E-017  8.96295E-017  8.92424E-009  1.51828E-016  1.02656E-033  2.76898E-033  5.36950E-033  1.00000E-040  1.89492E-024  8.72781E-021  1.75930E-011  1.40468E-011  2.42254E-026  4.97017E-040  1.31026E-023  3.48423E-020  8.62559E-012  5.52820E-008  7.90034E-001  2.39505E-019  1.52970E-024  7.03358E-021  1.00000E-040  1.93186E-032  3.58997E-024  2.19277E-022  5.17669E-009  8.45817E-019  2.35114E-011  1.96312E-018  1.59834E-009  1.98297E-014  6.55913E-007  3.91358E-015  5.73189E-021  1.29530E-012  1.01375E-013  1.56545E-020  5.41186E-012  1.84828E-028  1.45449E-030  1.00000E-040  9.78186E-032  1.00000E-040  2.68662E-019  4.39135E-020  6.21111E-015  2.88877E-025  9.04320E-025  4.45316E-037  5.27881E-035  1.00000E-040  1.00000E-040  1.64378E-023  1.08515E-027  1.11962E-031  5.87052E-028  5.03074E-019  3.64060E-018  2.08356E-027  6.89316E-029  5.84123E-020  1.13338E-021  7.11909E-019  4.76852E-022  6.53658E-032  1.00000E-040  5.55748E-016  1.49568E-034  7.61121E-028  1.28812E-031  1.55054E-024  6.13285E-033  1.09077E-023  3.93944E-023  1.17870E-012  1.00000E-040  7.62364E-015  5.02648E-035  1.00000E-040  5.03380E-018  1.69020E-023  5.24864E-025  1.47428E-014  3.58079E-034  1.00000E-003  1.00000E-005  1.00000E-005  1.00000E-005  1.00000E-005  1.00000E-005  1.00000E-005  1.00000E-005  1.00000E-005  1.00000E-005  1.00000E-005  1.00000E-005  1.00000E-005  1.00000E-005  1.00000E-005  1.00000E-005  
9.35000E+001  1.55527E-006  5.52180E+013  2.04005E+002  4.06996E+005  1.00000E-040  1.00000E-040  1.00000E-040  1.00000E-040  1.00000E-040  1.00000E-040  1.00000E-040  1.00000E-040  1.00000E-040  1.00000E-040  1.00000E-040  1.00000E-040  1.00000E-040  1.00000E-040  2.53743E-028  1.00000E-040  1.46319E-040  9.86700E-006  1.95880E-006  5.64157E-006  2.97098E-009  8.27818E-003  2.01540E-001  5.56423E-006  2.45455E-004  9.83155E-017  5.94541E-013  5.33879E-018  9.63941E-019  6.48091E-017  8.57253E-017  7.82143E-009  1.96545E-016  4.57788E-034  8.26890E-033  1.00000E-040  1.00000E-040  8.53594E-025  5.17929E-021  1.93453E-011  1.27557E-011  9.58729E-026  6.16217E-040  1.37760E-023  4.17677E-020  7.11581E-012  1.14725E-007  7.89913E-001  3.54079E-019  1.35761E-024  5.96622E-021  8.26168E-035  2.48026E-032  3.32362E-024  1.88466E-022  4.53957E-009  5.29170E-019  1.66634E-011  1.96090E-018  1.46618E-009  7.39740E-015  6.67439E-007  2.93976E-015  3.72152E-021  1.19169E-012  8.17214E-014  6.92890E-021  3.83920E-012  1.60647E-028  1.34934E-030  1.00000E-040  5.72800E-032  1.00000E-040  2.62536E-019  3.54467E-020  5.26618E-015  2.57174E-025  6.90431E-025  1.29476E-037  6.60289E-040  1.00000E-040  1.00000E-040  1.48523E-023  1.29080E-027  1.19810E-031  4.36110E-028  4.55983E-019  4.63345E-018  2.01831E-027  5.05468E-029  3.50928E-020  9.58628E-022  6.13924E-019  7.11520E-022  9.26008E-032  1.00000E-040  5.46814E-016  1.02945E-034  5.65607E-028  8.69720E-032  1.32054E-024  2.81191E-033  6.83553E-024  2.21587E-023  1.52553E-012  1.00000E-040  7.47046E-015  4.40561E-036  1.00000E-040  4.86134E-018  8.03555E-021  3.54467E-025  1.30615E-014  3.28506E-034  1.00000E-003  1.00000E-005  1.00000E-005  1.00000E-005  1.00000E-005  1.00000E-005  1.00000E-005  1.00000E-005  1.00000E-005  1.00000E-005  1.00000E-005  1.00000E-005  1.00000E-005  1.00000E-005  1.00000E-005  1.00000E-005  
9.45000E+001  1.32392E-006  4.72427E+013  2.02975E+002  4.06996E+005  1.00000E-040  1.00000E-040  1.00000E-040  1.00000E-040  1.00000E-040  1.00000E-040  1.00000E-040  1.00000E-040  1.00000E-040  1.00000E-040  1.00000E-040  1.00000E-040  1.00000E-040  1.00000E-040  2.47990E-028  1.00000E-040  1.53658E-040  1.06393E-005  1.99321E-006  4.88491E-006  2.45355E-009  1.05606E-002  1.99425E-001  6.37998E-006  2.40143E-004  1.07763E-016  5.71468E-013  2.04403E-017  1.19636E-018  6.46903E-017  8.23320E-017  6.83153E-009  2.50006E-016  1.31492E-034  1.00000E-040  1.00000E-040  1.00000E-040  4.01498E-025  3.14493E-021  2.08076E-011  1.13719E-011  3.15346E-025  7.99388E-040  1.44810E-023  4.84618E-020  5.83381E-012  2.18629E-007  7.89750E-001  4.87816E-019  1.20164E-024  4.92698E-021  5.68188E-034  3.15445E-032  3.08121E-024  1.61853E-022  3.93519E-009  3.32898E-019  1.19633E-011  1.88817E-018  1.34056E-009  2.85060E-015  6.63748E-007  2.18342E-015  2.38694E-021  1.04894E-012  6.63742E-014  3.08424E-021  2.64581E-012  1.40934E-028  1.29613E-030  1.00000E-040  3.33238E-032  1.00000E-040  2.55721E-019  2.84469E-020  4.44852E-015  2.30200E-025  5.24434E-025  2.04278E-038  1.00000E-040  1.00000E-040  1.00000E-040  1.31894E-023  1.52000E-027  1.27145E-031  3.22268E-028  4.12424E-019  5.72360E-018  1.93874E-027  4.25717E-029  2.15754E-020  8.30683E-022  5.58861E-019  1.01042E-021  1.20010E-031  1.00000E-040  5.36805E-016  7.07160E-035  4.18040E-028  6.07923E-032  1.14780E-024  1.36070E-033  4.43219E-024  1.22129E-023  2.02649E-012  1.00000E-040  7.30781E-015  1.10886E-036  1.00000E-040  4.57986E-018  1.53822E-018  2.41225E-025  1.15015E-014  2.97381E-034  1.00000E-003  1.00000E-005  1.00000E-005  1.00000E-005  1.00000E-005  1.00000E-005  1.00000E-005  1.00000E-005  1.00000E-005  1.00000E-005  1.00000E-005  1.00000E-005  1.00000E-005  1.00000E-005  1.00000E-005  1.00000E-005  
9.55000E+001  1.12646E-006  4.03991E+013  2.01958E+002  4.06996E+005  1.00000E-040  1.00000E-040  1.00000E-040  1.00000E-040  1.00000E-040  1.00000E-040  1.00000E-040  1.00000E-040  1.00000E-040  1.00000E-040  1.00000E-040  1.00000E-040  1.00000E-040  1.00000E-040  2.43072E-028  1.00000E-040  1.62194E-040  1.13050E-005  2.02118E-006  4.22638E-006  2.01594E-009  1.31005E-002  1.97081E-001  7.23120E-006  2.34306E-004  1.16038E-016  5.59087E-013  6.61874E-017  1.45473E-018  6.45157E-017  7.97888E-017  5.97753E-009  3.13356E-016  5.03214E-033  1.44051E-032  2.45543E-032  1.00000E-040  1.95428E-025  1.95109E-021  2.19740E-011  9.93299E-012  8.85797E-025  1.10580E-039  1.51571E-023  5.50983E-020  4.79639E-012  3.86151E-007  7.89558E-001  6.31372E-019  1.06195E-024  3.99512E-021  2.54802E-033  3.99252E-032  2.87416E-024  1.40283E-022  3.40015E-009  2.67413E-019  8.68779E-012  1.76617E-018  1.22368E-009  1.14559E-015  6.45617E-007  1.61605E-015  1.52424E-021  8.89169E-013  5.46508E-014  1.37672E-021  1.77838E-012  1.25011E-028  1.30156E-030  1.00000E-040  1.91655E-032  1.00000E-040  2.48198E-019  2.28236E-020  3.76061E-015  2.07714E-025  3.98608E-025  1.59923E-038  1.00000E-040  1.00000E-040  1.00000E-040  1.15341E-023  1.78824E-027  1.36356E-031  2.38331E-028  3.75429E-019  6.92053E-018  1.85498E-027  4.05176E-029  1.35522E-020  7.36580E-022  5.61697E-019  1.38211E-021  1.44699E-031  1.00000E-040  5.25672E-016  4.85957E-035  3.09196E-028  4.39491E-032  1.01805E-024  7.82447E-034  2.97618E-024  6.59414E-024  2.88558E-012  1.00000E-040  7.13520E-015  1.04344E-035  1.00000E-040  4.23417E-018  1.34690E-016  1.65938E-025  1.00997E-014  2.68190E-034  1.00000E-003  1.00000E-005  1.00000E-005  1.00000E-005  1.00000E-005  1.00000E-005  1.00000E-005  1.00000E-005  1.00000E-005  1.00000E-005  1.00000E-005  1.00000E-005  1.00000E-005  1.00000E-005  1.00000E-005  1.00000E-005  
9.65000E+001  9.58026E-007  3.45186E+013  2.01021E+002  4.06996E+005  1.00000E-040  1.00000E-040  1.00000E-040  1.00000E-040  1.00000E-040  1.00000E-040  1.00000E-040  1.00000E-040  1.00000E-040  1.00000E-040  1.00000E-040  1.00000E-040  1.00000E-040  1.00000E-040  2.39031E-028  1.00000E-040  1.72123E-040  1.18598E-005  2.04256E-006  3.67845E-006  1.64386E-009  1.58415E-002  1.94543E-001  8.09439E-006  2.27958E-004  1.24493E-016  5.59532E-013  1.85658E-016  1.75299E-018  6.49968E-017  7.87335E-017  5.27825E-009  3.87787E-016  1.00000E-040  1.00000E-040  1.00000E-040  1.00000E-040  9.77573E-026  1.23552E-021  2.28403E-011  8.48620E-012  2.17355E-024  1.62995E-039  1.57269E-023  6.24961E-020  4.01149E-012  6.38287E-007  7.89361E-001  7.86541E-019  9.43119E-025  3.20591E-021  6.65181E-033  5.07505E-032  2.71946E-024  1.24647E-022  2.94084E-009  1.98114E-018  6.37582E-012  1.61508E-018  1.11790E-009  4.82684E-016  6.13343E-007  1.19632E-015  9.71891E-022  7.32763E-013  4.58942E-014  6.15241E-022  1.17426E-012  1.12327E-028  1.38418E-030  1.09024E-040  1.08267E-032  1.00000E-040  2.39961E-019  1.84606E-020  3.20271E-015  1.89934E-025  3.06692E-025  1.35055E-038  1.00000E-040  1.00000E-040  1.00000E-040  9.92480E-024  2.12538E-027  1.52306E-031  1.78772E-028  3.49255E-019  8.28118E-018  1.78058E-027  4.20159E-029  8.68138E-021  6.70868E-022  6.61724E-019  1.91627E-021  1.65606E-031  1.00000E-040  5.13384E-016  3.34771E-035  2.31941E-028  3.29272E-032  9.20733E-025  4.09013E-034  2.08074E-024  3.47885E-024  4.65266E-012  1.00000E-040  6.95212E-015  9.36476E-037  1.00000E-040  3.87445E-018  6.04310E-015  1.16575E-025  8.88698E-015  2.44307E-034  1.00000E-003  1.00000E-005  1.00000E-005  1.00000E-005  1.00000E-005  1.00000E-005  1.00000E-005  1.00000E-005  1.00000E-005  1.00000E-005  1.00000E-005  1.00000E-005  1.00000E-005  1.00000E-005  1.00000E-005  1.00000E-005  
9.75000E+001  8.14405E-007  2.94810E+013  2.00085E+002  4.06996E+005  1.00000E-040  1.00000E-040  1.00000E-040  1.00000E-040  1.00000E-040  1.00000E-040  1.00000E-040  1.00000E-040  1.00000E-040  1.00000E-040  1.00000E-040  1.00000E-040  1.00000E-040  1.00000E-040  2.35548E-028  1.00000E-040  1.83679E-040  1.23003E-005  2.05737E-006  3.25265E-006  1.33178E-009  1.86885E-002  1.91873E-001  8.92952E-006  2.21143E-004  1.35393E-016  5.81783E-013  4.60476E-016  2.12327E-018  6.71007E-017  8.01885E-017  4.75064E-009  4.73881E-016  2.20745E-034  1.00000E-040  1.00000E-040  1.00000E-040  5.04774E-026  7.99922E-022  2.33945E-011  7.09014E-012  4.76403E-024  2.52117E-039  1.61198E-023  7.23740E-020  3.48469E-012  9.96398E-007  7.89190E-001  1.19718E-018  8.35118E-025  2.56637E-021  1.74633E-032  6.62753E-032  2.66221E-024  1.16311E-022  2.54612E-009  3.52747E-017  4.73529E-012  1.44467E-018  1.02571E-009  2.14523E-016  5.69759E-007  8.86164E-016  6.19703E-022  5.95498E-013  3.95506E-014  2.76035E-022  7.72659E-013  1.02490E-028  1.57524E-030  1.62069E-038  6.01823E-033  1.00000E-040  2.31026E-019  1.52462E-020  2.77423E-015  1.77473E-025  2.40923E-025  1.22126E-038  1.00000E-040  1.00000E-040  1.00000E-040  8.42436E-024  2.58566E-027  1.85310E-031  1.36887E-028  3.39747E-019  9.93424E-018  1.73624E-027  4.51521E-029  5.68630E-021  6.33183E-022  9.63497E-019  3.87150E-021  1.83346E-031  1.00000E-040  4.99933E-016  2.37036E-035  1.77601E-028  2.54518E-032  8.48112E-025  2.33030E-034  1.53700E-024  1.80387E-024  8.87555E-012  1.00000E-040  6.75827E-015  1.00000E-040  1.00000E-040  3.55266E-018  1.53658E-013  8.36698E-026  7.88926E-015  2.28358E-034  1.00000E-003  1.00000E-005  1.00000E-005  1.00000E-005  1.00000E-005  1.00000E-005  1.00000E-005  1.00000E-005  1.00000E-005  1.00000E-005  1.00000E-005  1.00000E-005  1.00000E-005  1.00000E-005  1.00000E-005  1.00000E-005  
9.85000E+001  6.91999E-007  2.51387E+013  1.99379E+002  4.06996E+005  1.00000E-040  1.00000E-040  1.00000E-040  1.00000E-040  1.00000E-040  1.00000E-040  1.00000E-040  1.00000E-040  1.00000E-040  1.00000E-040  1.00000E-040  1.00000E-040  1.00000E-040  1.00000E-040  2.31653E-028  1.00000E-040  1.97138E-040  1.26204E-005  2.06589E-006  2.96287E-006  1.06614E-009  2.14741E-002  1.89177E-001  9.66813E-006  2.13948E-004  1.53449E-016  6.40703E-013  1.03646E-015  2.64025E-018  7.25733E-017  8.65298E-017  4.41332E-009  5.72408E-016  1.00000E-040  1.00000E-040  1.00000E-040  1.00000E-040  2.66653E-026  5.31042E-022  2.36241E-011  5.80206E-012  9.55135E-024  4.00611E-039  1.61010E-023  8.83268E-020  3.22593E-012  1.47930E-006  7.89106E-001  5.08084E-018  7.54450E-025  2.10493E-021  4.24579E-032  9.23332E-032  2.76333E-024  1.17794E-022  2.24924E-009  4.45076E-016  3.56261E-012  1.28811E-018  9.49807E-010  1.02567E-016  5.13092E-007  6.68335E-016  4.00915E-022  4.87299E-013  3.51639E-014  1.27410E-022  5.21853E-013  9.52730E-029  1.91870E-030  2.16763E-036  3.23895E-033  1.00000E-040  2.21432E-019  1.30930E-020  2.47550E-015  1.71781E-025  1.99176E-025  1.20783E-038  1.00000E-040  1.00000E-040  1.00000E-040  6.99697E-024  3.29347E-027  2.62527E-031  1.10988E-028  3.57066E-019  1.21854E-017  1.74738E-027  5.03400E-029  3.80844E-021  6.30923E-022  1.82661E-018  2.16044E-020  2.03924E-031  1.00000E-040  4.85352E-016  1.73707E-035  1.43999E-028  2.05477E-032  7.94431E-025  1.28710E-034  1.22797E-024  9.14720E-025  2.08047E-011  1.00000E-040  6.55364E-015  1.00000E-040  1.00000E-040  3.31629E-018  2.45126E-012  6.33529E-026  7.12992E-015  2.21082E-034  1.00000E-003  1.00000E-005  1.00000E-005  1.00000E-005  1.00000E-005  1.00000E-005  1.00000E-005  1.00000E-005  1.00000E-005  1.00000E-005  1.00000E-005  1.00000E-005  1.00000E-005  1.00000E-005  1.00000E-005  1.00000E-005  
9.95000E+001  5.87875E-007  2.13351E+013  1.99575E+002  4.06996E+005  1.00000E-040  1.00000E-040  1.00000E-040  1.00000E-040  1.00000E-040  1.00000E-040  1.00000E-040  1.00000E-040  1.00000E-040  1.00000E-040  1.00000E-040  1.00000E-040  1.00000E-040  1.00000E-040  2.19874E-028  1.00000E-040  2.12828E-040  1.28035E-005  2.06868E-006  2.83113E-006  8.33562E-010  2.38531E-002  1.86674E-001  1.01865E-005  2.06545E-004  1.93216E-016  7.88008E-013  2.42464E-015  3.51265E-018  8.58923E-017  1.06342E-016  4.29180E-009  6.83262E-016  2.17862E-035  4.18788E-035  6.84036E-035  1.00000E-040  1.44578E-026  3.63904E-022  2.34363E-011  4.75540E-012  1.98804E-023  6.81727E-039  1.53863E-023  1.17788E-019  3.24769E-012  2.08357E-006  7.89236E-001  1.24151E-016  7.46595E-025  1.87159E-021  1.19103E-031  1.50412E-031  3.17080E-024  1.36895E-022  2.31352E-009  1.28794E-014  2.72351E-012  1.18983E-018  8.93462E-010  5.91399E-017  4.37928E-007  5.82743E-016  2.96384E-022  4.12312E-013  3.23958E-014  6.92545E-023  3.82741E-013  9.06485E-029  2.36496E-030  2.57948E-034  1.68931E-033  1.00000E-040  2.11255E-019  1.19642E-020  2.30988E-015  1.76494E-025  1.83789E-025  1.30476E-038  1.00000E-040  1.00000E-040  1.00000E-040  5.55202E-024  4.57655E-027  4.91250E-031  1.02998E-028  4.22535E-019  1.58393E-017  1.87439E-027  6.17639E-029  2.60341E-021  6.98260E-022  5.55734E-018  5.41395E-019  2.31302E-031  1.00000E-040  4.69733E-016  1.31039E-035  1.33599E-028  1.80253E-032  7.55573E-025  8.75826E-035  1.13427E-024  4.55434E-025  7.22801E-011  1.00000E-040  6.33906E-015  1.00000E-040  1.00000E-040  3.20445E-018  8.24754E-011  5.48037E-026  6.63445E-015  2.19175E-034  1.00000E-003  1.00000E-005  1.00000E-005  1.00000E-005  1.00000E-005  1.00000E-005  1.00000E-005  1.00000E-005  1.00000E-005  1.00000E-005  1.00000E-005  1.00000E-005  1.00000E-005  1.00000E-005  1.00000E-005  1.00000E-005  
