scenario,alt_km,press_bin,reaction,rate_cm3_s,total_loss_cm3_s,fraction,fraction_pct
100pc_0.1x,1.5,897.1516031511095,CH3 + O3 -> H2CO + HO2,0.21550007633552482,212937899.1485614,7.82977145736652e-10,7.82977145736652e-08
100pc_0.1x,4.5,614.8711575232327,CH3 + O3 -> H2CO + HO2,0.12502126165533475,225702013.55155852,5.539217824779192e-10,5.539217824779191e-08
100pc_0.1x,7.5,411.0342014730762,CH3 + O3 -> H2CO + HO2,0.0571692183917603,255591888.87561092,2.236738366121739e-10,2.2367383661217388e-08
100pc_0.1x,10.5,266.42275548205754,CH3 + O3 -> H2CO + HO2,0.024588398830745425,302477068.4416679,8.129012542148215e-11,8.129012542148216e-09
100pc_0.1x,13.5,165.97308283207033,CH3 + O3 -> H2CO + HO2,0.04639653654409469,842890633.1526096,8.129012542148215e-11,8.129012542148216e-09
100pc_0.1x,16.5,101.64100773383757,CH3 + O3 -> H2CO + HO2,0.2009592367558965,2371064627.057629,8.475485419614087e-11,8.475485419614087e-09
100pc_0.1x,19.5,62.20952266398191,CH3 + O3 -> H2CO + HO2,0.8747454962109457,3762906737.124153,2.3246536715376594e-10,2.3246536715376595e-08
100pc_0.1x,22.5,38.59423995549182,CH3 + O3 -> H2CO + HO2,2.7796834601977194,4388577280.891505,6.333905688070847e-10,6.333905688070846e-08
100pc_0.1x,25.5,24.238833161873277,CH3 + O3 -> H2CO + HO2,7.592242673623561,4316000914.122437,1.7590919985167047e-09,1.7590919985167048e-07
100pc_0.1x,28.5,15.403760426154774,CH3 + O3 -> H2CO + HO2,17.349976440525367,3724587484.028467,4.658227660089716e-09,4.658227660089716e-07
100pc_0.1x,31.5,9.901472033837548,CH3 + O3 -> H2CO + HO2,30.312659254165588,2887008247.374569,1.0499678787454719e-08,1.0499678787454718e-06
100pc_0.1x,34.5,6.447495669308544,CH3 + O3 -> H2CO + HO2,41.16959615178617,2081502490.8523922,1.9778787838455524e-08,1.9778787838455523e-06
100pc_0.1x,37.5,4.26047937482521,CH3 + O3 -> H2CO + HO2,46.789821017910896,1505923963.2124186,3.107050698502694e-08,3.1070506985026937e-06
100pc_0.1x,40.5,2.8548672759501748,CH3 + O3 -> H2CO + HO2,48.73127841443247,1172256376.4966042,4.1570495491839736e-08,4.157049549183973e-06
100pc_0.1x,43.5,1.935893441605895,CH3 + O3 -> H2CO + HO2,45.79217669899471,978422854.9109713,4.1570495491839736e-08,4.157049549183973e-06
100pc_0.1x,46.5,1.323091039880338,CH3 + O3 -> H2CO + HO2,33.83757615943637,828899485.1177334,4.0822291202931826e-08,4.082229120293183e-06
100pc_0.1x,49.5,0.9066344728386427,CH3 + O3 -> H2CO + HO2,17.33934198059832,658341206.7114569,2.633792599313618e-08,2.6337925993136182e-06
100pc_0.1x,52.5,0.6197796406117789,CH3 + O3 -> H2CO + HO2,6.288960889442831,481550666.5295576,1.969886870178303e-08,1.969886870178303e-06
100pc_0.1x,1.5,897.1516031511095,CS + O3 -> OCS + O2,6.5302365944074935e-25,212937899.1485614,2.5984236046768958e-33,2.5984236046768956e-31
100pc_0.1x,4.5,614.8711575232327,CS + O3 -> OCS + O2,4.80771090343178e-25,225702013.55155852,2.1301143165625876e-33,2.1301143165625875e-31
100pc_0.1x,7.5,411.0342014730762,CS + O3 -> OCS + O2,3.812082693202063e-25,255591888.87561092,1.491472483720832e-33,1.4914724837208322e-31
100pc_0.1x,10.5,266.42275548205754,CS + O3 -> OCS + O2,3.0906539378042994e-25,302477068.4416679,1.0217812390628633e-33,1.0217812390628633e-31
100pc_0.1x,13.5,165.97308283207033,CS + O3 -> OCS + O2,5.422840303577276e-25,842890633.1526096,6.433622691113052e-34,6.433622691113051e-32
100pc_0.1x,16.5,101.64100773383757,CS + O3 -> OCS + O2,9.618014057699473e-25,2371064627.057629,4.056411600064626e-34,4.056411600064626e-32
100pc_0.1x,19.5,62.20952266398191,CS + O3 -> OCS + O2,9.092630022508545e-25,3762906737.124153,2.4163846349956834e-34,2.4163846349956835e-32
100pc_0.1x,22.5,38.59423995549182,CS + O3 -> OCS + O2,6.214148392169639e-25,4388577280.891505,1.4159824458889973e-34,1.4159824458889974e-32
100pc_0.1x,25.5,24.238833161873277,CS + O3 -> OCS + O2,3.515352261830409e-25,4316000914.122437,8.144929372762143e-35,8.144929372762143e-33
100pc_0.1x,28.5,15.403760426154774,CS + O3 -> OCS + O2,1.6725360585724837e-25,3724587484.028467,5.033830224362554e-35,5.033830224362554e-33
100pc_0.1x,31.5,9.901472033837548,CS + O3 -> OCS + O2,1.4532709373618072e-25,2887008247.374569,5.033830224362554e-35,5.033830224362554e-33
100pc_0.1x,34.5,6.447495669308544,CS + O3 -> OCS + O2,2.6210845444129633e-25,2081502490.8523922,1.2276268320144313e-34,1.2276268320144313e-32
100pc_0.1x,37.5,4.26047937482521,CS + O3 -> OCS + O2,1.8487126642130785e-25,1505923963.2124186,1.2592271957068895e-34,1.2592271957068895e-32
100pc_0.1x,40.5,2.8548672759501748,CS + O3 -> OCS + O2,1.5044782089509172e-25,1172256376.4966042,1.2834037324217323e-34,1.2834037324217322e-32
100pc_0.1x,43.5,1.935893441605895,CS + O3 -> OCS + O2,2.084735328940591e-25,978422854.9109713,2.1307099670420977e-34,2.1307099670420977e-32
100pc_0.1x,46.5,1.323091039880338,CS + O3 -> OCS + O2,2.392186103206808e-25,828899485.1177334,2.6474528537634967e-34,2.6474528537634965e-32
100pc_0.1x,49.5,0.9066344728386427,CS + O3 -> OCS + O2,1.7429273064583507e-25,658341206.7114569,2.6474528537634967e-34,2.6474528537634965e-32
100pc_0.1x,52.5,0.6197796406117789,CS + O3 -> OCS + O2,8.648163049417563e-26,481550666.5295576,2.2216758692263308e-34,2.2216758692263307e-32
100pc_0.1x,1.5,897.1516031511095,Cl + O3 -> ClO + O2,2.790505217849252e-10,212937899.1485614,1.0586618830135075e-18,1.0586618830135075e-16
100pc_0.1x,4.5,614.8711575232327,Cl + O3 -> ClO + O2,1.821066190633748e-10,225702013.55155852,8.068453453197707e-19,8.068453453197707e-17
100pc_0.1x,7.5,411.0342014730762,Cl + O3 -> ClO + O2,1.236215509495424e-10,255591888.87561092,4.836677388056919e-19,4.836677388056919e-17
100pc_0.1x,10.5,266.42275548205754,Cl + O3 -> ClO + O2,9.214144053749481e-11,302477068.4416679,3.0462289591802265e-19,3.046228959180227e-17
100pc_0.1x,13.5,165.97308283207033,Cl + O3 -> ClO + O2,1.7662002936126828e-10,842890633.1526096,2.095408614290418e-19,2.095408614290418e-17
100pc_0.1x,16.5,101.64100773383757,Cl + O3 -> ClO + O2,4.1080694035696733e-10,2371064627.057629,1.732584323805454e-19,1.732584323805454e-17
100pc_0.1x,19.5,62.20952266398191,Cl + O3 -> ClO + O2,4.971023344388328e-10,3762906737.124153,1.3210594074376378e-19,1.3210594074376377e-17
100pc_0.1x,22.5,38.59423995549182,Cl + O3 -> ClO + O2,4.490896288681424e-10,4388577280.891505,1.023314846985931e-19,1.023314846985931e-17
100pc_0.1x,25.5,24.238833161873277,Cl + O3 -> ClO + O2,3.9375036492210025e-10,4316000914.122437,9.254162341938862e-20,9.254162341938862e-18
100pc_0.1x,28.5,15.403760426154774,Cl + O3 -> ClO + O2,3.446793723395305e-10,3724587484.028467,9.254162341938862e-20,9.254162341938862e-18
100pc_0.1x,31.5,9.901472033837548,Cl + O3 -> ClO + O2,2.74947284528778e-10,2887008247.374569,9.254162341938862e-20,9.254162341938862e-18
100pc_0.1x,34.5,6.447495669308544,Cl + O3 -> ClO + O2,1.8444196600178407e-10,2081502490.8523922,8.861001455071696e-20,8.861001455071696e-18
100pc_0.1x,37.5,4.26047937482521,Cl + O3 -> ClO + O2,1.137431249412415e-10,1505923963.2124186,7.553045686224824e-20,7.553045686224824e-18
100pc_0.1x,40.5,2.8548672759501748,Cl + O3 -> ClO + O2,7.414843182907216e-11,1172256376.4966042,6.325274344053606e-20,6.325274344053606e-18
100pc_0.1x,43.5,1.935893441605895,Cl + O3 -> ClO + O2,5.1272419074001246e-11,978422854.9109713,5.240312899136706e-20,5.240312899136706e-18
100pc_0.1x,46.5,1.323091039880338,Cl + O3 -> ClO + O2,3.457621013637694e-11,828899485.1177334,4.171339318839833e-20,4.171339318839833e-18
100pc_0.1x,49.5,0.9066344728386427,Cl + O3 -> ClO + O2,2.0107018171280606e-11,658341206.7114569,3.0541940814732065e-20,3.0541940814732066e-18
100pc_0.1x,52.5,0.6197796406117789,Cl + O3 -> ClO + O2,1.0019401795681163e-11,481550666.5295576,2.5674238943872327e-20,2.567423894387233e-18
100pc_0.1x,1.5,897.1516031511095,H + O3 -> OH + O2,0.47743010099182503,212937899.1485614,1.8470861522316747e-09,1.8470861522316748e-07
100pc_0.1x,4.5,614.8711575232327,H + O3 -> OH + O2,0.3277334835066821,225702013.55155852,1.4520627368342723e-09,1.4520627368342723e-07
100pc_0.1x,7.5,411.0342014730762,H + O3 -> OH + O2,0.20757989685399297,255591888.87561092,8.121536945760279e-10,8.121536945760279e-08
100pc_0.1x,10.5,266.42275548205754,H + O3 -> OH + O2,0.15037960374428902,302477068.4416679,4.971603451429556e-10,4.971603451429556e-08
100pc_0.1x,13.5,165.97308283207033,H + O3 -> OH + O2,0.3181884299189429,842890633.1526096,3.774966969662994e-10,3.774966969662994e-08
100pc_0.1x,16.5,101.64100773383757,H + O3 -> OH + O2,0.735198448768604,2371064627.057629,3.774966969662994e-10,3.774966969662994e-08
100pc_0.1x,19.5,62.20952266398191,H + O3 -> OH + O2,1.6866150370470876,3762906737.124153,4.482213232677947e-10,4.482213232677947e-08
100pc_0.1x,22.5,38.59423995549182,H + O3 -> OH + O2,4.874154180837115,4388577280.891505,1.1106456304324139e-09,1.1106456304324139e-07
100pc_0.1x,25.5,24.238833161873277,H + O3 -> OH + O2,15.481012842140995,4316000914.122437,3.586888221335958e-09,3.586888221335958e-07
100pc_0.1x,28.5,15.403760426154774,H + O3 -> OH + O2,49.07602763207314,3724587484.028467,1.3176231688077609e-08,1.3176231688077608e-06
100pc_0.1x,31.5,9.901472033837548,H + O3 -> OH + O2,152.84074109129915,2887008247.374569,5.2940874426074735e-08,5.294087442607473e-06
100pc_0.1x,34.5,6.447495669308544,H + O3 -> OH + O2,495.4751046557425,2081502490.8523922,2.3803723840505297e-07,2.3803723840505298e-05
100pc_0.1x,37.5,4.26047937482521,H + O3 -> OH + O2,1715.9712482326806,1505923963.2124186,1.1394806711038663e-06,0.00011394806711038663
100pc_0.1x,40.5,2.8548672759501748,H + O3 -> OH + O2,6489.148741793439,1172256376.4966042,5.535605411835639e-06,0.0005535605411835639
100pc_0.1x,43.5,1.935893441605895,H + O3 -> OH + O2,24712.801066441196,978422854.9109713,2.5257792111458665e-05,0.0025257792111458665
100pc_0.1x,46.5,1.323091039880338,H + O3 -> OH + O2,77736.82643522408,828899485.1177334,9.378317616421571e-05,0.00937831761642157
100pc_0.1x,49.5,0.9066344728386427,H + O3 -> OH + O2,172601.13261587874,658341206.7114569,0.0002621758001113969,0.02621758001113969
100pc_0.1x,52.5,0.6197796406117789,H + O3 -> OH + O2,277624.2229486371,481550666.5295576,0.000419348556976206,0.0419348556976206
100pc_0.1x,1.5,897.1516031511095,HS + O3 -> HSO + O2,1848.9402008075037,212937899.1485614,4.700729251836396e-06,0.0004700729251836396
100pc_0.1x,4.5,614.8711575232327,HS + O3 -> HSO + O2,162.15708310573748,225702013.55155852,7.184565195236724e-07,7.184565195236724e-05
100pc_0.1x,7.5,411.0342014730762,HS + O3 -> HSO + O2,21.492006913703733,255591888.87561092,8.408720248616051e-08,8.408720248616052e-06
100pc_0.1x,10.5,266.42275548205754,HS + O3 -> HSO + O2,4.4842541058002245,302477068.4416679,1.4825104358828457e-08,1.4825104358828458e-06
100pc_0.1x,13.5,165.97308283207033,HS + O3 -> HSO + O2,1.3027362719919582,842890633.1526096,1.545557894171178e-09,1.545557894171178e-07
100pc_0.1x,16.5,101.64100773383757,HS + O3 -> HSO + O2,0.7046682597854259,2371064627.057629,2.971948768262312e-10,2.971948768262312e-08
100pc_0.1x,19.5,62.20952266398191,HS + O3 -> HSO + O2,0.49628510077953414,3762906737.124153,1.3188875926242753e-10,1.3188875926242753e-08
100pc_0.1x,22.5,38.59423995549182,HS + O3 -> HSO + O2,0.32184914951035115,4388577280.891505,7.333792455056642e-11,7.333792455056642e-09
100pc_0.1x,25.5,24.238833161873277,HS + O3 -> HSO + O2,0.20355682617162923,4316000914.122437,4.716329542599692e-11,4.716329542599692e-09
100pc_0.1x,28.5,15.403760426154774,HS + O3 -> HSO + O2,0.12635991489012688,3724587484.028467,3.392588184113683e-11,3.392588184113683e-09
100pc_0.1x,31.5,9.901472033837548,HS + O3 -> HSO + O2,0.07597409606148098,2887008247.374569,2.6315856953498987e-11,2.6315856953498986e-09
100pc_0.1x,34.5,6.447495669308544,HS + O3 -> HSO + O2,0.03497598995047917,2081502490.8523922,1.680324193902656e-11,1.680324193902656e-09
100pc_0.1x,37.5,4.26047937482521,HS + O3 -> HSO + O2,0.012630606201584264,1505923963.2124186,8.387280174917205e-12,8.387280174917205e-10
100pc_0.1x,40.5,2.8548672759501748,HS + O3 -> HSO + O2,0.0077688594318076395,1172256376.4966042,8.387280174917205e-12,8.387280174917205e-10
100pc_0.1x,43.5,1.935893441605895,HS + O3 -> HSO + O2,0.009026939455913447,978422854.9109713,9.226010421368199e-12,9.226010421368199e-10
100pc_0.1x,46.5,1.323091039880338,HS + O3 -> HSO + O2,0.008633457786040964,828899485.1177334,9.226010421368199e-12,9.226010421368199e-10
100pc_0.1x,49.5,0.9066344728386427,HS + O3 -> HSO + O2,0.005661251023322459,658341206.7114569,8.599265799571495e-12,8.599265799571496e-10
100pc_0.1x,52.5,0.6197796406117789,HS + O3 -> HSO + O2,0.003250139621576844,481550666.5295576,7.674292979689667e-12,7.674292979689667e-10
100pc_0.1x,1.5,897.1516031511095,NO + O3 -> NO2 + O2,647985.0283762224,212937899.1485614,0.001576914515327616,0.1576914515327616
100pc_0.1x,4.5,614.8711575232327,NO + O3 -> NO2 + O2,24998.434892302357,225702013.55155852,0.00019910326942968427,0.019910326942968428
100pc_0.1x,7.5,411.0342014730762,NO + O3 -> NO2 + O2,50889.18071484268,255591888.87561092,0.00019910326942968427,0.019910326942968428
100pc_0.1x,10.5,266.42275548205754,NO + O3 -> NO2 + O2,149126.97287737648,302477068.4416679,0.0004930191027229402,0.04930191027229402
100pc_0.1x,13.5,165.97308283207033,NO + O3 -> NO2 + O2,1315131.3290303492,842890633.1526096,0.0015602633097385934,0.15602633097385935
100pc_0.1x,16.5,101.64100773383757,NO + O3 -> NO2 + O2,5315127.461856579,2371064627.057629,0.002241662838373319,0.2241662838373319
100pc_0.1x,19.5,62.20952266398191,NO + O3 -> NO2 + O2,11330247.015728239,3762906737.124153,0.0030110358314082257,0.3011035831408226
100pc_0.1x,22.5,38.59423995549182,NO + O3 -> NO2 + O2,18030460.606108982,4388577280.891505,0.004108497914487274,0.4108497914487274
100pc_0.1x,25.5,24.238833161873277,NO + O3 -> NO2 + O2,26524761.456738446,4316000914.122437,0.006145680222158079,0.6145680222158079
100pc_0.1x,28.5,15.403760426154774,NO + O3 -> NO2 + O2,36088271.236068964,3724587484.028467,0.009689199512917962,0.9689199512917962
100pc_0.1x,31.5,9.901472033837548,NO + O3 -> NO2 + O2,39049691.36721457,2887008247.374569,0.013526006170133447,1.3526006170133447
100pc_0.1x,34.5,6.447495669308544,NO + O3 -> NO2 + O2,32708907.59802019,2081502490.8523922,0.014648523464208776,1.4648523464208776
100pc_0.1x,37.5,4.26047937482521,NO + O3 -> NO2 + O2,22059562.510431387,1505923963.2124186,0.014648523464208776,1.4648523464208776
100pc_0.1x,40.5,2.8548672759501748,NO + O3 -> NO2 + O2,12703977.26935996,1172256376.4966042,0.01083720039751625,1.0837200397516251
100pc_0.1x,43.5,1.935893441605895,NO + O3 -> NO2 + O2,6632939.376160334,978422854.9109713,0.0067792154924302935,0.6779215492430294
100pc_0.1x,46.5,1.323091039880338,NO + O3 -> NO2 + O2,3169094.1496441057,828899485.1177334,0.003823255058716777,0.3823255058716777
100pc_0.1x,49.5,0.9066344728386427,NO + O3 -> NO2 + O2,1340077.8236135028,658341206.7114569,0.0020355369069292406,0.20355369069292406
100pc_0.1x,52.5,0.6197796406117789,NO + O3 -> NO2 + O2,502487.2958732654,481550666.5295576,0.001539507214096595,0.15395072140965949
100pc_0.1x,1.5,897.1516031511095,NO2 + O3 -> NO3 + O2,2394.9331886956593,212937899.1485614,5.753700777125869e-06,0.000575370077712587
100pc_0.1x,4.5,614.8711575232327,NO2 + O3 -> NO3 + O2,58.7512811149239,225702013.55155852,2.6030463880422127e-07,2.6030463880422125e-05
100pc_0.1x,7.5,411.0342014730762,NO2 + O3 -> NO3 + O2,38.341197500042156,255591888.87561092,1.5000944540419941e-07,1.5000944540419942e-05
100pc_0.1x,10.5,266.42275548205754,NO2 + O3 -> NO3 + O2,41.56124273311961,302477068.4416679,1.5000944540419941e-07,1.5000944540419942e-05
100pc_0.1x,13.5,165.97308283207033,NO2 + O3 -> NO3 + O2,491.1430703363307,842890633.1526096,5.826889646398607e-07,5.826889646398607e-05
100pc_0.1x,16.5,101.64100773383757,NO2 + O3 -> NO3 + O2,3888.461913562075,2371064627.057629,1.6399645413239787e-06,0.00016399645413239786
100pc_0.1x,19.5,62.20952266398191,NO2 + O3 -> NO3 + O2,16292.68323366509,3762906737.124153,4.329813192797058e-06,0.0004329813192797058
100pc_0.1x,22.5,38.59423995549182,NO2 + O3 -> NO3 + O2,37899.092431697674,4388577280.891505,8.635849389440117e-06,0.0008635849389440117
100pc_0.1x,25.5,24.238833161873277,NO2 + O3 -> NO3 + O2,65461.91787593021,4316000914.122437,1.5167262282482729e-05,0.0015167262282482729
100pc_0.1x,28.5,15.403760426154774,NO2 + O3 -> NO3 + O2,85107.68325305049,3724587484.028467,2.285023069480948e-05,0.002285023069480948
100pc_0.1x,31.5,9.901472033837548,NO2 + O3 -> NO3 + O2,72460.73269968021,2887008247.374569,2.285023069480948e-05,0.002285023069480948
100pc_0.1x,34.5,6.447495669308544,NO2 + O3 -> NO3 + O2,42513.77290626306,2081502490.8523922,2.042456018818086e-05,0.0020424560188180858
100pc_0.1x,37.5,4.26047937482521,NO2 + O3 -> NO3 + O2,18366.860835536543,1505923963.2124186,1.2196406514679918e-05,0.0012196406514679919
100pc_0.1x,40.5,2.8548672759501748,NO2 + O3 -> NO3 + O2,6147.625328464765,1172256376.4966042,5.244266912701731e-06,0.0005244266912701732
100pc_0.1x,43.5,1.935893441605895,NO2 + O3 -> NO3 + O2,1686.9045483702891,978422854.9109713,1.724105830013327e-06,0.0001724105830013327
100pc_0.1x,46.5,1.323091039880338,NO2 + O3 -> NO3 + O2,377.88598295750927,828899485.1177334,4.558887895844645e-07,4.558887895844645e-05
100pc_0.1x,49.5,0.9066344728386427,NO2 + O3 -> NO3 + O2,68.30449692216838,658341206.7114569,1.0375242537735517e-07,1.0375242537735517e-05
100pc_0.1x,52.5,0.6197796406117789,NO2 + O3 -> NO3 + O2,10.314731125582298,481550666.5295576,6.25861253131565e-08,6.2586125313156506e-06
100pc_0.1x,1.5,897.1516031511095,O + O3 -> O2 + O2,3.207159449666454,212937899.1485614,1.5543124094871365e-08,1.5543124094871364e-06
100pc_0.1x,4.5,614.8711575232327,O + O3 -> O2 + O2,3.61682293427337,225702013.55155852,1.506147784161663e-08,1.506147784161663e-06
100pc_0.1x,7.5,411.0342014730762,O + O3 -> O2 + O2,3.801745585706172,255591888.87561092,1.487428103618879e-08,1.487428103618879e-06
100pc_0.1x,10.5,266.42275548205754,O + O3 -> O2 + O2,4.040982029079903,302477068.4416679,1.487428103618879e-08,1.487428103618879e-06
100pc_0.1x,13.5,165.97308283207033,O + O3 -> O2 + O2,43.154476864467114,842890633.1526096,5.119819246663022e-08,5.119819246663022e-06
100pc_0.1x,16.5,101.64100773383757,O + O3 -> O2 + O2,622.8691489030638,2371064627.057629,2.626959812883771e-07,2.626959812883771e-05
100pc_0.1x,19.5,62.20952266398191,O + O3 -> O2 + O2,5353.184594607925,3762906737.124153,1.4226195248992964e-06,0.00014226195248992965
100pc_0.1x,22.5,38.59423995549182,O + O3 -> O2 + O2,24692.652190502544,4388577280.891505,5.62657339954292e-06,0.0005626573399542921
100pc_0.1x,25.5,24.238833161873277,O + O3 -> O2 + O2,76714.93007573401,4316000914.122437,1.777453981177673e-05,0.001777453981177673
100pc_0.1x,28.5,15.403760426154774,O + O3 -> O2 + O2,169048.00887343497,3724587484.028467,4.538704208139441e-05,0.004538704208139441
100pc_0.1x,31.5,9.901472033837548,O + O3 -> O2 + O2,276469.45900290826,2887008247.374569,9.576330765744374e-05,0.009576330765744373
100pc_0.1x,34.5,6.447495669308544,O + O3 -> O2 + O2,383978.7236007492,2081502490.8523922,0.0001844719020458663,0.01844719020458663
100pc_0.1x,37.5,4.26047937482521,O + O3 -> O2 + O2,503957.1132264184,1505923963.2124186,0.00033464977351936365,0.03346497735193636
100pc_0.1x,40.5,2.8548672759501748,O + O3 -> O2 + O2,683122.4001682727,1172256376.4966042,0.0005827414666831215,0.058274146668312155
100pc_0.1x,43.5,1.935893441605895,O + O3 -> O2 + O2,963634.6494666714,978422854.9109713,0.0009848856704746073,0.09848856704746073
100pc_0.1x,46.5,1.323091039880338,O + O3 -> O2 + O2,1250519.2661347776,828899485.1177334,0.0015086500698660214,0.15086500698660216
100pc_0.1x,49.5,0.9066344728386427,O + O3 -> O2 + O2,1305724.1795294927,658341206.7114569,0.0019833547804972446,0.19833547804972446
100pc_0.1x,52.5,0.6197796406117789,O + O3 -> O2 + O2,1076458.7725085937,481550666.5295576,0.002109377818602739,0.2109377818602739
100pc_0.1x,1.5,897.1516031511095,O1D + O3 -> O2 + O2,0.3015852001284307,212937899.1485614,1.920271374260202e-09,1.920271374260202e-07
100pc_0.1x,4.5,614.8711575232327,O1D + O3 -> O2 + O2,0.5471551409722203,225702013.55155852,2.4242368615255187e-09,2.4242368615255185e-07
100pc_0.1x,7.5,411.0342014730762,O1D + O3 -> O2 + O2,1.0296567047233625,255591888.87561092,4.028518703206838e-09,4.028518703206838e-07
100pc_0.1x,10.5,266.42275548205754,O1D + O3 -> O2 + O2,2.125026068899172,302477068.4416679,7.025412140652833e-09,7.025412140652833e-07
100pc_0.1x,13.5,165.97308283207033,O1D + O3 -> O2 + O2,30.147868797129355,842890633.1526096,3.5767236710614785e-08,3.5767236710614785e-06
100pc_0.1x,16.5,101.64100773383757,O1D + O3 -> O2 + O2,356.7981664196322,2371064627.057629,1.5048015239567747e-07,1.5048015239567746e-05
100pc_0.1x,19.5,62.20952266398191,O1D + O3 -> O2 + O2,1636.3955199158006,3762906737.124153,4.3487538603373296e-07,4.34875386033733e-05
100pc_0.1x,22.5,38.59423995549182,O1D + O3 -> O2 + O2,4621.663773256722,4388577280.891505,1.053112085636525e-06,0.0001053112085636525
100pc_0.1x,25.5,24.238833161873277,O1D + O3 -> O2 + O2,10022.84392029214,4316000914.122437,2.322252501730543e-06,0.00023222525017305433
100pc_0.1x,28.5,15.403760426154774,O1D + O3 -> O2 + O2,16776.219294520906,3724587484.028467,4.504181836635491e-06,0.0004504181836635491
100pc_0.1x,31.5,9.901472033837548,O1D + O3 -> O2 + O2,20446.947957127282,2887008247.374569,7.082400258371841e-06,0.0007082400258371841
100pc_0.1x,34.5,6.447495669308544,O1D + O3 -> O2 + O2,18030.048272431115,2081502490.8523922,8.662035405515014e-06,0.0008662035405515014
100pc_0.1x,37.5,4.26047937482521,O1D + O3 -> O2 + O2,13429.130100658764,1505923963.2124186,8.662035405515014e-06,0.0008662035405515014
100pc_0.1x,40.5,2.8548672759501748,O1D + O3 -> O2 + O2,10038.870482423841,1172256376.4966042,8.563715825053498e-06,0.0008563715825053498
100pc_0.1x,43.5,1.935893441605895,O1D + O3 -> O2 + O2,8029.208391828689,978422854.9109713,8.206276408536351e-06,0.0008206276408536351
100pc_0.1x,46.5,1.323091039880338,O1D + O3 -> O2 + O2,6605.14287046417,828899485.1177334,7.968569155916418e-06,0.0007968569155916418
100pc_0.1x,49.5,0.9066344728386427,O1D + O3 -> O2 + O2,4941.906186023846,658341206.7114569,7.506603165111955e-06,0.0007506603165111955
100pc_0.1x,52.5,0.6197796406117789,O1D + O3 -> O2 + O2,3278.9413512442206,481550666.5295576,7.15786685382319e-06,0.000715786685382319
100pc_0.1x,1.5,897.1516031511095,O3 + M -> O + O2 + M,31005.454164087576,212937899.1485614,7.686102669040066e-05,0.007686102669040066
100pc_0.1x,4.5,614.8711575232327,O3 + M -> O + O2 + M,1831.3660881302876,225702013.55155852,8.114088391648031e-06,0.0008114088391648031
100pc_0.1x,7.5,411.0342014730762,O3 + M -> O + O2 + M,48.63781290635855,255591888.87561092,1.9029482164056132e-07,1.9029482164056132e-05
100pc_0.1x,10.5,266.42275548205754,O3 + M -> O + O2 + M,0.45418035792109457,302477068.4416679,1.5015364974971064e-09,1.5015364974971064e-07
100pc_0.1x,13.5,165.97308283207033,O3 + M -> O + O2 + M,0.01853803222517549,842890633.1526096,2.1993401630101024e-11,2.1993401630101023e-09
100pc_0.1x,16.5,101.64100773383757,O3 + M -> O + O2 + M,0.007999815797210675,2371064627.057629,7.776673733297683e-12,7.776673733297682e-10
100pc_0.1x,19.5,62.20952266398191,O3 + M -> O + O2 + M,0.02926289798344229,3762906737.124153,7.776673733297683e-12,7.776673733297682e-10
100pc_0.1x,22.5,38.59423995549182,O3 + M -> O + O2 + M,0.0827241063774862,4388577280.891505,1.88498688943405e-11,1.88498688943405e-09
100pc_0.1x,25.5,24.238833161873277,O3 + M -> O + O2 + M,0.17600048090211823,4316000914.122437,4.0778601396080573e-11,4.0778601396080574e-09
100pc_0.1x,28.5,15.403760426154774,O3 + M -> O + O2 + M,0.29996812089168234,3724587484.028467,8.053727350424337e-11,8.053727350424336e-09
100pc_0.1x,31.5,9.901472033837548,O3 + M -> O + O2 + M,0.44733660722681373,2887008247.374569,1.5494815701812403e-10,1.5494815701812402e-08
100pc_0.1x,34.5,6.447495669308544,O3 + M -> O + O2 + M,0.7783203989969054,2081502490.8523922,3.7392239616209964e-10,3.7392239616209966e-08
100pc_0.1x,37.5,4.26047937482521,O3 + M -> O + O2 + M,1.3413581179431506,1505923963.2124186,8.907210129532582e-10,8.907210129532582e-08
100pc_0.1x,40.5,2.8548672759501748,O3 + M -> O + O2 + M,2.0250481602321933,1172256376.4966042,1.7274789037908548e-09,1.7274789037908547e-07
100pc_0.1x,43.5,1.935893441605895,O3 + M -> O + O2 + M,2.400156403410824,978422854.9109713,2.122338866107158e-09,2.122338866107158e-07
100pc_0.1x,46.5,1.323091039880338,O3 + M -> O + O2 + M,1.7592055933615771,828899485.1177334,2.122338866107158e-09,2.122338866107158e-07
100pc_0.1x,49.5,0.9066344728386427,O3 + M -> O + O2 + M,0.7451829669839715,658341206.7114569,1.1319099570058908e-09,1.1319099570058908e-07
100pc_0.1x,52.5,0.6197796406117789,O3 + M -> O + O2 + M,0.18160690052440995,481550666.5295576,7.545196645755613e-10,7.545196645755612e-08
100pc_0.1x,1.5,897.1516031511095,O3 + hv -> O + O2,204662665.94551247,212937899.1485614,0.9587634869822004,95.87634869822004
100pc_0.1x,4.5,614.8711575232327,O3 + hv -> O + O2,215858960.1602756,225702013.55155852,0.9563891644722328,95.63891644722328
100pc_0.1x,7.5,411.0342014730762,O3 + hv -> O + O2,243149776.678915,255591888.87561092,0.9513203949803308,95.13203949803308
100pc_0.1x,10.5,266.42275548205754,O3 + hv -> O + O2,286626176.66983926,302477068.4416679,0.9475963852285039,94.75963852285038
100pc_0.1x,13.5,165.97308283207033,O3 + hv -> O + O2,795455690.8500433,842890633.1526096,0.9437234910000738,94.37234910000738
100pc_0.1x,16.5,101.64100773383757,O3 + hv -> O + O2,2226316435.1520224,2371064627.057629,0.9389522367911026,93.89522367911026
100pc_0.1x,19.5,62.20952266398191,O3 + hv -> O + O2,3493201692.112727,3762906737.124153,0.9283253442476889,92.83253442476888
100pc_0.1x,22.5,38.59423995549182,O3 + hv -> O + O2,3972968391.734747,4388577280.891505,0.9052975799317973,90.52975799317973
100pc_0.1x,25.5,24.238833161873277,O3 + hv -> O + O2,3711443889.5679708,4316000914.122437,0.8599265763414721,85.9926576341472
100pc_0.1x,28.5,15.403760426154774,O3 + hv -> O + O2,2898904500.3495183,3724587484.028467,0.7783155887142968,77.83155887142968
100pc_0.1x,31.5,9.901472033837548,O3 + hv -> O + O2,1893292591.8347301,2887008247.374569,0.6557974309759874,65.57974309759874
100pc_0.1x,34.5,6.447495669308544,O3 + hv -> O + O2,1079167625.5642316,2081502490.8523922,0.5184560817519386,51.84560817519386
100pc_0.1x,37.5,4.26047937482521,O3 + hv -> O + O2,597168724.7777579,1505923963.2124186,0.39654639899871497,39.6546398998715
100pc_0.1x,40.5,2.8548672759501748,O3 + hv -> O + O2,351774133.8083056,1172256376.4966042,0.30008293480954645,30.008293480954645
100pc_0.1x,43.5,1.935893441605895,O3 + hv -> O + O2,231596662.87719285,978422854.9109713,0.23670406073891878,23.67040607389188
100pc_0.1x,46.5,1.323091039880338,O3 + hv -> O + O2,165735110.60156888,828899485.1177334,0.19994596881433527,19.994596881433527
100pc_0.1x,49.5,0.9066344728386427,O3 + hv -> O + O2,117884314.01626942,658341206.7114569,0.17906263927352295,17.906263927352295
100pc_0.1x,52.5,0.6197796406117789,O3 + hv -> O + O2,80502840.77575046,481550666.5295576,0.17311841272077572,17.311841272077572
100pc_0.1x,1.5,897.1516031511095,O3 + hv -> O1D + O2,7520604.180186538,212937899.1485614,0.03929907068469784,3.9299070684697837
100pc_0.1x,4.5,614.8711575232327,O3 + hv -> O1D + O2,9768347.791951297,225702013.55155852,0.04327984335735601,4.327984335735601
100pc_0.1x,7.5,411.0342014730762,O3 + hv -> O1D + O2,12362600.66614032,255591888.87561092,0.04836851717214248,4.836851717214248
100pc_0.1x,10.5,266.42275548205754,O3 + hv -> O1D + O2,15684204.430174476,302477068.4416679,0.05185254046191982,5.185254046191981
100pc_0.1x,13.5,165.97308283207033,O3 + hv -> O1D + O2,46084362.651521295,842890633.1526096,0.05467419003003381,5.467419003003381
100pc_0.1x,16.5,101.64100773383757,O3 + hv -> O1D + O2,139318931.74516568,2371064627.057629,0.05875796473673238,5.875796473673238
100pc_0.1x,19.5,62.20952266398191,O3 + hv -> O1D + O2,258110329.52948588,3762906737.124153,0.06859333689645197,6.859333689645197
100pc_0.1x,22.5,38.59423995549182,O3 + hv -> O1D + O2,397108245.4810717,4388577280.891505,0.09048678422734811,9.048678422734811
100pc_0.1x,25.5,24.238833161873277,O3 + hv -> O1D + O2,577255728.6124516,4316000914.122437,0.13374782352886128,13.374782352886127
100pc_0.1x,28.5,15.403760426154774,O3 + hv -> O1D + O2,788422725.8943098,3724587484.028467,0.21168054966494212,21.168054966494214
100pc_0.1x,31.5,9.901472033837548,O3 + hv -> O1D + O2,953210004.2600741,2887008247.374569,0.33017224842600246,33.01722484260024
100pc_0.1x,34.5,6.447495669308544,O3 + hv -> O1D + O2,968124624.5683537,2081502490.8523922,0.4651085592368899,46.510855923688986
100pc_0.1x,37.5,4.26047937482521,O3 + hv -> O1D + O2,885259860.5400257,1505923963.2124186,0.5878516327289196,58.785163272891964
100pc_0.1x,40.5,2.8548672759501748,O3 + hv -> O1D + O2,806324293.7963669,1172256376.4966042,0.6878395459926105,68.78395459926105
100pc_0.1x,43.5,1.935893441605895,O3 + hv -> O1D + O2,738563382.6351373,978422854.9109713,0.7548509102461028,75.48509102461028
100pc_0.1x,46.5,1.323091039880338,O3 + hv -> O1D + O2,658157410.1107073,828899485.1177334,0.7940135347257761,79.40135347257761
100pc_0.1x,49.5,0.9066344728386427,O3 + hv -> O1D + O2,537296225.9718785,658341206.7114569,0.8161364053995318,81.61364053995318
100pc_0.1x,52.5,0.6197796406117789,O3 + hv -> O1D + O2,398997400.7444064,481550666.5295576,0.8223521280236611,82.2352128023661
100pc_0.1x,1.5,897.1516031511095,OH + O3 -> HO2 + O2,71388.23442763658,212937899.1485614,0.00027318615245279867,0.027318615245279867
100pc_0.1x,4.5,614.8711575232327,OH + O3 -> HO2 + O2,47649.87740636958,225702013.55155852,0.00021111853038690157,0.02111185303869016
100pc_0.1x,7.5,411.0342014730762,OH + O3 -> HO2 + O2,28508.5872484477,255591888.87561092,0.00011153948340794959,0.011153948340794959
100pc_0.1x,10.5,266.42275548205754,OH + O3 -> HO2 + O2,17507.426967431245,302477068.4416679,5.7880179339305906e-05,0.00578801793393059
100pc_0.1x,13.5,165.97308283207033,OH + O3 -> HO2 + O2,34881.996260405125,842890633.1526096,4.6081608310733343e-05,0.004608160831073334
100pc_0.1x,16.5,101.64100773383757,OH + O3 -> HO2 + O2,109262.4714235047,2371064627.057629,4.6081608310733343e-05,0.004608160831073334
100pc_0.1x,19.5,62.20952266398191,OH + O3 -> HO2 + O2,241182.14236444447,3762906737.124153,6.409463726139831e-05,0.006409463726139831
100pc_0.1x,22.5,38.59423995549182,OH + O3 -> HO2 + O2,402958.67656669,4388577280.891505,9.181988849124974e-05,0.009181988849124974
100pc_0.1x,25.5,24.238833161873277,OH + O3 -> HO2 + O2,624301.9660694327,4316000914.122437,0.0001446482469516276,0.014464824695162758
100pc_0.1x,28.5,15.403760426154774,OH + O3 -> HO2 + O2,900968.0000314023,3724587484.028467,0.00024189739236757748,0.024189739236757747
100pc_0.1x,31.5,9.901472033837548,OH + O3 -> HO2 + O2,1086380.0395211347,2887008247.374569,0.0003762995968262589,0.03762995968262589
100pc_0.1x,34.5,6.447495669308544,OH + O3 -> HO2 + O2,1056265.264649499,2081502490.8523922,0.0005074532792016741,0.05074532792016741
100pc_0.1x,37.5,4.26047937482521,OH + O3 -> HO2 + O2,898296.2566807708,1505923963.2124186,0.000596508375339573,0.05965083753395731
100pc_0.1x,40.5,2.8548672759501748,OH + O3 -> HO2 + O2,748122.1432758963,1172256376.4966042,0.0006381898689361179,0.06381898689361179
100pc_0.1x,43.5,1.935893441605895,OH + O3 -> HO2 + O2,631757.7385703129,978422854.9109713,0.0006381898689361179,0.06381898689361179
100pc_0.1x,46.5,1.323091039880338,OH + O3 -> HO2 + O2,502595.0333146249,828899485.1177334,0.0006063401441771175,0.060634014417711754
100pc_0.1x,49.5,0.9066344728386427,OH + O3 -> HO2 + O2,337234.8225900072,658341206.7114569,0.0005122493004418805,0.051224930044188044
100pc_0.1x,52.5,0.6197796406117789,OH + O3 -> HO2 + O2,190558.56648766692,481550666.5295576,0.00045398396153805006,0.045398396153805004
100pc_0.1x,1.5,897.1516031511095,S + O3 -> SO + O2,6.381174794351014e-08,212937899.1485614,1.739816930728226e-16,1.739816930728226e-14
100pc_0.1x,4.5,614.8711575232327,S + O3 -> SO + O2,1.0899227963281063e-08,225702013.55155852,4.829034438716376e-17,4.829034438716376e-15
100pc_0.1x,7.5,411.0342014730762,S + O3 -> SO + O2,2.5381092590365224e-09,255591888.87561092,9.930320051242885e-18,9.930320051242885e-16
100pc_0.1x,10.5,266.42275548205754,S + O3 -> SO + O2,1.13779606142318e-09,302477068.4416679,9.930320051242885e-18,9.930320051242885e-16
100pc_0.1x,13.5,165.97308283207033,S + O3 -> SO + O2,6.022126839170946e-08,842890633.1526096,7.14461236405816e-17,7.14461236405816e-15
100pc_0.1x,16.5,101.64100773383757,S + O3 -> SO + O2,3.6000183801128494e-06,2371064627.057629,1.518313056097627e-15,1.518313056097627e-13
100pc_0.1x,19.5,62.20952266398191,S + O3 -> SO + O2,5.766592465405234e-05,3762906737.124153,1.5324834943457626e-14,1.5324834943457626e-12
100pc_0.1x,22.5,38.59423995549182,S + O3 -> SO + O2,0.00040556184311516105,4388577280.891505,9.241305716115231e-14,9.24130571611523e-12
100pc_0.1x,25.5,24.238833161873277,S + O3 -> SO + O2,0.0015783992124237952,4316000914.122437,3.6570872987053753e-13,3.6570872987053754e-11
100pc_0.1x,28.5,15.403760426154774,S + O3 -> SO + O2,0.003119162359328604,3724587484.028467,8.374517641762994e-13,8.374517641762995e-11
100pc_0.1x,31.5,9.901472033837548,S + O3 -> SO + O2,0.0025787089690107,2887008247.374569,8.374517641762994e-13,8.374517641762995e-11
100pc_0.1x,34.5,6.447495669308544,S + O3 -> SO + O2,0.000876530910325876,2081502490.8523922,4.211049057966438e-13,4.211049057966438e-11
100pc_0.1x,37.5,4.26047937482521,S + O3 -> SO + O2,0.00018038300872414976,1505923963.2124186,1.1978228192833783e-13,1.1978228192833784e-11
100pc_0.1x,40.5,2.8548672759501748,S + O3 -> SO + O2,6.0684520209871996e-05,1172256376.4966042,5.186632848813966e-14,5.186632848813966e-12
100pc_0.1x,43.5,1.935893441605895,S + O3 -> SO + O2,5.0747201193115845e-05,978422854.9109713,5.186632848813966e-14,5.186632848813966e-12
100pc_0.1x,46.5,1.323091039880338,S + O3 -> SO + O2,5.259733232175484e-05,828899485.1177334,6.345441548233576e-14,6.3454415482335766e-12
100pc_0.1x,49.5,0.9066344728386427,S + O3 -> SO + O2,5.110229554826678e-05,658341206.7114569,7.76228117385098e-14,7.76228117385098e-12
100pc_0.1x,52.5,0.6197796406117789,S + O3 -> SO + O2,4.620989990690082e-05,481550666.5295576,8.679171523101596e-14,8.679171523101596e-12
100pc_0.1x,1.5,897.1516031511095,SO + O3 -> SO2 + O2,1.0831133758720801,212937899.1485614,3.0579060087029358e-09,3.057906008702936e-07
100pc_0.1x,4.5,614.8711575232327,SO + O3 -> SO2 + O2,0.23231275820857258,225702013.55155852,1.0292897017310123e-09,1.0292897017310123e-07
100pc_0.1x,7.5,411.0342014730762,SO + O3 -> SO2 + O2,0.10319046542245071,255591888.87561092,4.037313776912165e-10,4.037313776912165e-08
100pc_0.1x,10.5,266.42275548205754,SO + O3 -> SO2 + O2,0.09363368250921791,302477068.4416679,3.0955630121519436e-10,3.0955630121519433e-08
100pc_0.1x,13.5,165.97308283207033,SO + O3 -> SO2 + O2,0.1944785235341554,842890633.1526096,2.3072806350541577e-10,2.3072806350541576e-08
100pc_0.1x,16.5,101.64100773383757,SO + O3 -> SO2 + O2,0.4491029910161264,2371064627.057629,2.3072806350541577e-10,2.3072806350541576e-08
100pc_0.1x,19.5,62.20952266398191,SO + O3 -> SO2 + O2,0.9735329571624268,3762906737.124153,2.587183327074593e-10,2.587183327074593e-08
100pc_0.1x,22.5,38.59423995549182,SO + O3 -> SO2 + O2,2.9257982516743954,4388577280.891505,6.666849104865353e-10,6.666849104865353e-08
100pc_0.1x,25.5,24.238833161873277,SO + O3 -> SO2 + O2,9.37294144375258,4316000914.122437,2.171672719781701e-09,2.1716727197817012e-07
100pc_0.1x,28.5,15.403760426154774,SO + O3 -> SO2 + O2,19.78166373264844,3724587484.028467,5.311101918662101e-09,5.311101918662101e-07
100pc_0.1x,31.5,9.901472033837548,SO + O3 -> SO2 + O2,19.054077576579967,2887008247.374569,5.311101918662101e-09,5.311101918662101e-07
100pc_0.1x,34.5,6.447495669308544,SO + O3 -> SO2 + O2,7.853483418761931,2081502490.8523922,3.772987759215155e-09,3.772987759215155e-07
100pc_0.1x,37.5,4.26047937482521,SO + O3 -> SO2 + O2,1.9081217259886136,1505923963.2124186,1.2670770720177875e-09,1.2670770720177875e-07
100pc_0.1x,40.5,2.8548672759501748,SO + O3 -> SO2 + O2,0.6704186835390025,1172256376.4966042,5.719044886261231e-10,5.7190448862612314e-08
100pc_0.1x,43.5,1.935893441605895,SO + O3 -> SO2 + O2,0.5190262950369782,978422854.9109713,5.719044886261231e-10,5.7190448862612314e-08
100pc_0.1x,46.5,1.323091039880338,SO + O3 -> SO2 + O2,0.49560712972931964,828899485.1177334,5.979098052629695e-10,5.979098052629695e-08
100pc_0.1x,49.5,0.9066344728386427,SO + O3 -> SO2 + O2,0.46403975995786073,658341206.7114569,7.048620916132989e-10,7.04862091613299e-08
100pc_0.1x,52.5,0.6197796406117789,SO + O3 -> SO2 + O2,0.42163602358712593,481550666.5295576,7.902209326172888e-10,7.902209326172888e-08
100pc_0.1x,1.5,897.1516031511095,SO2 + O3 -> SO3 + O2,0.04511012096305723,212937899.1485614,1.1753941524521453e-10,1.1753941524521453e-08
100pc_0.1x,4.5,614.8711575232327,SO2 + O3 -> SO3 + O2,0.005243613119857554,225702013.55155852,2.3232460523263e-11,2.3232460523263e-09
100pc_0.1x,7.5,411.0342014730762,SO2 + O3 -> SO3 + O2,0.00024818329603536204,255591888.87561092,9.710139751584432e-13,9.710139751584432e-11
100pc_0.1x,10.5,266.42275548205754,SO2 + O3 -> SO3 + O2,7.841888232003924e-06,302477068.4416679,2.5925562795237868e-14,2.592556279523787e-12
100pc_0.1x,13.5,165.97308283207033,SO2 + O3 -> SO3 + O2,4.224308818764715e-07,842890633.1526096,5.011692683029119e-16,5.0116926830291195e-14
100pc_0.1x,16.5,101.64100773383757,SO2 + O3 -> SO3 + O2,3.220322869830752e-08,2371064627.057629,2.8304685005889974e-17,2.8304685005889974e-15
100pc_0.1x,19.5,62.20952266398191,SO2 + O3 -> SO3 + O2,1.0650788990084038e-07,3762906737.124153,2.8304685005889974e-17,2.8304685005889974e-15
100pc_0.1x,22.5,38.59423995549182,SO2 + O3 -> SO3 + O2,5.733584145635611e-07,4388577280.891505,1.3064790201144362e-16,1.3064790201144362e-14
100pc_0.1x,25.5,24.238833161873277,SO2 + O3 -> SO3 + O2,1.719117713893281e-06,4316000914.122437,3.9831263896820226e-16,3.9831263896820224e-14
100pc_0.1x,28.5,15.403760426154774,SO2 + O3 -> SO3 + O2,2.4461697470504154e-06,3724587484.028467,5.652197916098229e-16,5.652197916098229e-14
100pc_0.1x,31.5,9.901472033837548,SO2 + O3 -> SO3 + O2,1.631794199956894e-06,2887008247.374569,5.652197916098229e-16,5.652197916098229e-14
100pc_0.1x,34.5,6.447495669308544,SO2 + O3 -> SO3 + O2,6.294236436882573e-07,2081502490.8523922,3.02389089830252e-16,3.02389089830252e-14
100pc_0.1x,37.5,4.26047937482521,SO2 + O3 -> SO3 + O2,1.8055091814346886e-07,1505923963.2124186,1.1989378119617663e-16,1.1989378119617664e-14
100pc_0.1x,40.5,2.8548672759501748,SO2 + O3 -> SO3 + O2,8.293224490368716e-08,1172256376.4966042,8.076239262194212e-17,8.076239262194212e-15
100pc_0.1x,43.5,1.935893441605895,SO2 + O3 -> SO3 + O2,7.901977075860137e-08,978422854.9109713,8.076239262194212e-17,8.076239262194212e-15
100pc_0.1x,46.5,1.323091039880338,SO2 + O3 -> SO3 + O2,6.869294617432233e-08,828899485.1177334,8.076239262194212e-17,8.076239262194212e-15
100pc_0.1x,49.5,0.9066344728386427,SO2 + O3 -> SO3 + O2,4.101621595449496e-08,658341206.7114569,6.230236773325944e-17,6.230236773325944e-15
100pc_0.1x,52.5,0.6197796406117789,SO2 + O3 -> SO3 + O2,1.6649632629066176e-08,481550666.5295576,4.8438702902847503e-17,4.843870290284751e-15
100pc_0.1x,1.5,897.1516031511095,rainout,1.1026065268938394,212937899.1485614,2.9396976512336826e-09,2.9396976512336826e-07
100pc_0.1x,4.5,614.8711575232327,rainout,0.15829140265805663,225702013.55155852,7.013291559399276e-10,7.013291559399275e-08
100pc_0.1x,7.5,411.0342014730762,rainout,0.09198495563643809,255591888.87561092,3.598899638055591e-10,3.5988996380555906e-08
100pc_0.1x,10.5,266.42275548205754,rainout,0.007514506493726313,302477068.4416679,1.9236659543606375e-10,1.9236659543606376e-08
100pc_10x,1.5,897.1552781918552,CH3 + O3 -> H2CO + HO2,23.914881780492124,764121571.5859559,2.6862972211206876e-08,2.6862972211206878e-06
100pc_10x,4.5,614.877455771124,CH3 + O3 -> H2CO + HO2,15.002890565023495,668914157.7848823,2.242872331287733e-08,2.242872331287733e-06
100pc_10x,7.5,411.0384341823217,CH3 + O3 -> H2CO + HO2,8.57465373989119,640496019.028313,1.3387520741970683e-08,1.3387520741970684e-06
100pc_10x,10.5,266.42621883934794,CH3 + O3 -> H2CO + HO2,5.690774471460179,655682732.6319034,8.679158666596985e-09,8.679158666596985e-07
100pc_10x,13.5,165.97541754257236,CH3 + O3 -> H2CO + HO2,8.83497208005265,1330851593.95672,8.679158666596985e-09,8.679158666596985e-07
100pc_10x,16.5,101.64238872041985,CH3 + O3 -> H2CO + HO2,28.85175853869149,3010431657.4103246,9.583927430364174e-09,9.583927430364174e-07
100pc_10x,19.5,62.21050115595656,CH3 + O3 -> H2CO + HO2,110.01515585237587,4221008582.5834026,2.606371290177354e-08,2.606371290177354e-06
100pc_10x,22.5,38.59503818028781,CH3 + O3 -> H2CO + HO2,325.63148669191094,4604894465.689048,7.07142126965521e-08,7.07142126965521e-06
100pc_10x,25.5,24.239334708687448,CH3 + O3 -> H2CO + HO2,866.7039343103536,4423171848.571017,1.9594624942966152e-07,1.959462494296615e-05
100pc_10x,28.5,15.404085504001912,CH3 + O3 -> H2CO + HO2,1994.9325392375174,3825764646.311505,5.214467495173471e-07,5.2144674951734715e-05
100pc_10x,31.5,9.901712749433361,CH3 + O3 -> H2CO + HO2,3535.4023431310643,2990447180.495379,1.1822319973380742e-06,0.00011822319973380741
100pc_10x,34.5,6.447660621689103,CH3 + O3 -> H2CO + HO2,4777.752429137764,2158838334.345179,2.213112650969743e-06,0.0002213112650969743
100pc_10x,37.5,4.260595029614154,CH3 + O3 -> H2CO + HO2,5244.09928601962,1554966887.081885,3.3724829316853898e-06,0.000337248293168539
100pc_10x,40.5,2.8549466830012142,CH3 + O3 -> H2CO + HO2,5133.240146483076,1205187521.799564,4.259287499772829e-06,0.0004259287499772829
100pc_10x,43.5,1.9359484777383302,CH3 + O3 -> H2CO + HO2,4415.483071370401,991786406.1802348,4.259287499772829e-06,0.0004259287499772829
100pc_10x,46.5,1.3231316142417004,CH3 + O3 -> H2CO + HO2,2935.5055223488707,813872256.7228847,3.606838171593286e-06,0.0003606838171593286
100pc_10x,49.5,0.9066613715234585,CH3 + O3 -> H2CO + HO2,1365.082335942278,618933380.4944763,2.2055400128066945e-06,0.00022055400128066945
100pc_10x,52.5,0.619799163521666,CH3 + O3 -> H2CO + HO2,461.9182809336397,433707288.1817831,1.6352930853561181e-06,0.0001635293085356118
100pc_10x,1.5,897.1552781918552,CS + O3 -> OCS + O2,2.4211663589450997e-24,764121571.5859559,2.6833048647899007e-33,2.683304864789901e-31
100pc_10x,4.5,614.877455771124,CS + O3 -> OCS + O2,1.470305435032049e-24,668914157.7848823,2.198048012469917e-33,2.198048012469917e-31
100pc_10x,7.5,411.0384341823217,CS + O3 -> OCS + O2,9.843803351004245e-25,640496019.028313,1.5369031279754294e-33,1.5369031279754293e-31
100pc_10x,10.5,266.42621883934794,CS + O3 -> OCS + O2,6.910077032260168e-25,655682732.6319034,1.0538750966527964e-33,1.0538750966527964e-31
100pc_10x,13.5,165.97541754257236,CS + O3 -> OCS + O2,8.864582558980657e-25,1330851593.95672,6.660834761166418e-34,6.660834761166418e-32
100pc_10x,16.5,101.64238872041985,CS + O3 -> OCS + O2,1.2557127155122214e-24,3010431657.4103246,4.17120485835054e-34,4.17120485835054e-32
100pc_10x,19.5,62.21050115595656,CS + O3 -> OCS + O2,1.0425675618376016e-24,4221008582.5834026,2.4699489267551175e-34,2.4699489267551173e-32
100pc_10x,22.5,38.59503818028781,CS + O3 -> OCS + O2,6.631284337198604e-25,4604894465.689048,1.4400513164000035e-34,1.4400513164000035e-32
100pc_10x,25.5,24.239334708687448,CS + O3 -> OCS + O2,3.6536611426089456e-25,4423171848.571017,1.4400513164000035e-34,1.4400513164000035e-32
100pc_10x,28.5,15.404085504001912,CS + O3 -> OCS + O2,2.629507676452456e-24,3825764646.311505,6.873155877446921e-34,6.873155877446921e-32
100pc_10x,31.5,9.901712749433361,CS + O3 -> OCS + O2,1.810304303824268e-23,2990447180.495379,6.053624072117482e-33,6.053624072117482e-31
100pc_10x,34.5,6.447660621689103,CS + O3 -> OCS + O2,3.175553475789791e-23,2158838334.345179,1.1005884809611207e-32,1.1005884809611207e-30
100pc_10x,37.5,4.260595029614154,CS + O3 -> OCS + O2,1.7113786441982944e-23,1554966887.081885,1.1005884809611207e-32,1.1005884809611207e-30
100pc_10x,40.5,2.8549466830012142,CS + O3 -> OCS + O2,7.634307698484323e-24,1205187521.799564,9.390139239813927e-33,9.390139239813926e-31
100pc_10x,43.5,1.9359484777383302,CS + O3 -> OCS + O2,9.313012450187056e-24,991786406.1802348,9.390139239813927e-33,9.390139239813926e-31
100pc_10x,46.5,1.3231316142417004,CS + O3 -> OCS + O2,1.2489299231561694e-23,813872256.7228847,1.5345527665300642e-32,1.5345527665300643e-30
100pc_10x,49.5,0.9066613715234585,CS + O3 -> OCS + O2,1.0058262646119425e-23,618933380.4944763,1.5345527665300642e-32,1.5345527665300643e-30
100pc_10x,52.5,0.619799163521666,CS + O3 -> OCS + O2,5.319279790897915e-24,433707288.1817831,1.4257819324853815e-32,1.4257819324853816e-30
100pc_10x,1.5,897.1552781918552,Cl + O3 -> ClO + O2,2.2510354751853982e-13,764121571.5859559,2.786505780885895e-22,2.786505780885895e-20
100pc_10x,4.5,614.877455771124,Cl + O3 -> ClO + O2,1.7573035935582892e-13,668914157.7848823,2.6270988184457365e-22,2.6270988184457364e-20
100pc_10x,7.5,411.0384341823217,Cl + O3 -> ClO + O2,1.4768484924524278e-13,640496019.028313,2.5629361975313804e-22,2.5629361975313804e-20
100pc_10x,10.5,266.42621883934794,Cl + O3 -> ClO + O2,1.6804730095585954e-13,655682732.6319034,2.3057887146479575e-22,2.3057887146479576e-20
100pc_10x,13.5,165.97541754257236,Cl + O3 -> ClO + O2,2.628628312533887e-13,1330851593.95672,1.9751475855536838e-22,1.9751475855536838e-20
100pc_10x,16.5,101.64238872041985,Cl + O3 -> ClO + O2,4.705563470244896e-13,3010431657.4103246,1.5630859643207385e-22,1.5630859643207387e-20
100pc_10x,19.5,62.21050115595656,Cl + O3 -> ClO + O2,5.118137110631866e-13,4221008582.5834026,1.2125389016620738e-22,1.2125389016620738e-20
100pc_10x,22.5,38.59503818028781,Cl + O3 -> ClO + O2,4.429060363927242e-13,4604894465.689048,9.618158237779517e-23,9.618158237779517e-21
100pc_10x,25.5,24.239334708687448,Cl + O3 -> ClO + O2,3.89290802788942e-13,4423171848.571017,9.2341230974129e-23,9.2341230974129e-21
100pc_10x,28.5,15.404085504001912,Cl + O3 -> ClO + O2,3.532758168577076e-13,3825764646.311505,9.2341230974129e-23,9.2341230974129e-21
100pc_10x,31.5,9.901712749433361,Cl + O3 -> ClO + O2,2.9780854570177334e-13,2990447180.495379,9.779386521805333e-23,9.779386521805333e-21
100pc_10x,34.5,6.447660621689103,Cl + O3 -> ClO + O2,2.111211450965192e-13,2158838334.345179,9.779386521805333e-23,9.779386521805333e-21
100pc_10x,37.5,4.260595029614154,Cl + O3 -> ClO + O2,1.3617914447848918e-13,1554966887.081885,8.757687743052109e-23,8.757687743052109e-21
100pc_10x,40.5,2.8549466830012142,Cl + O3 -> ClO + O2,9.124615769238605e-14,1205187521.799564,7.571117028837053e-23,7.571117028837054e-21
100pc_10x,43.5,1.9359484777383302,Cl + O3 -> ClO + O2,6.230748041897414e-14,991786406.1802348,6.282348702372833e-23,6.282348702372833e-21
100pc_10x,46.5,1.3231316142417004,Cl + O3 -> ClO + O2,3.972896995351619e-14,813872256.7228847,4.881474902890504e-23,4.8814749028905044e-21
100pc_10x,49.5,0.9066613715234585,Cl + O3 -> ClO + O2,2.1369477800095175e-14,618933380.4944763,3.4526297132371076e-23,3.452629713237107e-21
100pc_10x,52.5,0.619799163521666,Cl + O3 -> ClO + O2,9.878863459631958e-15,433707288.1817831,2.865200889759338e-23,2.865200889759338e-21
100pc_10x,1.5,897.1552781918552,H + O3 -> OH + O2,4.1312960860307415,764121571.5859559,4.665861509420701e-09,4.665861509420701e-07
100pc_10x,4.5,614.877455771124,H + O3 -> OH + O2,2.6255735123442268,668914157.7848823,4.4307986035835015e-09,4.4307986035835014e-07
100pc_10x,7.5,411.0384341823217,H + O3 -> OH + O2,2.8379088667114414,640496019.028313,4.4307986035835015e-09,4.4307986035835014e-07
100pc_10x,10.5,266.42621883934794,H + O3 -> OH + O2,3.9868639610302856,655682732.6319034,5.325042981734717e-09,5.325042981734717e-07
100pc_10x,13.5,165.97541754257236,H + O3 -> OH + O2,7.086841940129695,1330851593.95672,5.325042981734717e-09,5.325042981734717e-07
100pc_10x,16.5,101.64238872041985,H + O3 -> OH + O2,15.848695089150075,3010431657.4103246,5.325042981734717e-09,5.325042981734717e-07
100pc_10x,19.5,62.21050115595656,H + O3 -> OH + O2,42.98388638031386,4221008582.5834026,1.018332124641316e-08,1.0183321246413159e-06
100pc_10x,22.5,38.59503818028781,H + O3 -> OH + O2,121.25375632558215,4604894465.689048,2.6331495157824097e-08,2.63314951578241e-06
100pc_10x,25.5,24.239334708687448,H + O3 -> OH + O2,329.7790450379908,4423171848.571017,7.455714051547232e-08,7.4557140515472314e-06
100pc_10x,28.5,15.404085504001912,H + O3 -> OH + O2,792.6723865610466,3825764646.311505,2.0719319138600898e-07,2.0719319138600898e-05
100pc_10x,31.5,9.901712749433361,H + O3 -> OH + O2,1524.7194029453772,2990447180.495379,5.098633451512097e-07,5.098633451512097e-05
100pc_10x,34.5,6.447660621689103,H + O3 -> OH + O2,2503.5462475004965,2158838334.345179,1.1596728702058529e-06,0.00011596728702058529
100pc_10x,37.5,4.260595029614154,H + O3 -> OH + O2,4529.78115739758,1554966887.081885,2.913104578000599e-06,0.0002913104578000599
100pc_10x,40.5,2.8549466830012142,H + O3 -> OH + O2,11614.349305396132,1205187521.799564,9.636964451850447e-06,0.0009636964451850446
100pc_10x,43.5,1.9359484777383302,H + O3 -> OH + O2,37082.89489220198,991786406.1802348,3.73900011747721e-05,0.00373900011747721
100pc_10x,46.5,1.3231316142417004,H + O3 -> OH + O2,103704.40046915755,813872256.7228847,0.0001274209799050416,0.01274209799050416
100pc_10x,49.5,0.9066613715234585,H + O3 -> OH + O2,206375.78310186433,618933380.4944763,0.00033343779735548796,0.0333437797355488
100pc_10x,52.5,0.619799163521666,H + O3 -> OH + O2,301588.6554884443,433707288.1817831,0.0005144057645738471,0.05144057645738471
100pc_10x,1.5,897.1552781918552,HS + O3 -> HSO + O2,1491.5053512267732,764121571.5859559,1.2461763425965246e-06,0.00012461763425965247
100pc_10x,4.5,614.877455771124,HS + O3 -> HSO + O2,361.502047418143,668914157.7848823,5.404311498133954e-07,5.4043114981339544e-05
100pc_10x,7.5,411.0384341823217,HS + O3 -> HSO + O2,86.57400007505868,640496019.028313,1.3516711658317377e-07,1.3516711658317377e-05
100pc_10x,10.5,266.42621883934794,HS + O3 -> HSO + O2,23.80882065323095,655682732.6319034,3.631149558821322e-08,3.631149558821322e-06
100pc_10x,13.5,165.97541754257236,HS + O3 -> HSO + O2,2.7371438610699506,1330851593.95672,2.0566860148036637e-09,2.0566860148036638e-07
100pc_10x,16.5,101.64238872041985,HS + O3 -> HSO + O2,0.8000031559118853,3010431657.4103246,2.6574366966366383e-10,2.6574366966366384e-08
100pc_10x,19.5,62.21050115595656,HS + O3 -> HSO + O2,0.5718261130759867,4221008582.5834026,1.354714405072376e-10,1.3547144050723759e-08
100pc_10x,22.5,38.59503818028781,HS + O3 -> HSO + O2,0.38314922943307683,4604894465.689048,8.320477967256623e-11,8.320477967256622e-09
100pc_10x,25.5,24.239334708687448,HS + O3 -> HSO + O2,0.252069939861564,4423171848.571017,5.6988502479956684e-11,5.698850247995668e-09
100pc_10x,28.5,15.404085504001912,HS + O3 -> HSO + O2,0.1645246542246021,3825764646.311505,4.300438459622015e-11,4.300438459622015e-09
100pc_10x,31.5,9.901712749433361,HS + O3 -> HSO + O2,0.10159818415220781,2990447180.495379,3.397424465974941e-11,3.3974244659749407e-09
100pc_10x,34.5,6.447660621689103,HS + O3 -> HSO + O2,0.042663195090235626,2158838334.345179,1.976210743134514e-11,1.976210743134514e-09
100pc_10x,37.5,4.260595029614154,HS + O3 -> HSO + O2,0.011128361339289725,1554966887.081885,7.156654866248416e-12,7.156654866248415e-10
100pc_10x,40.5,2.8549466830012142,HS + O3 -> HSO + O2,0.0036623647340872614,1205187521.799564,3.840521497007893e-12,3.8405214970078933e-10
100pc_10x,43.5,1.9359484777383302,HS + O3 -> HSO + O2,0.003808977013375394,991786406.1802348,3.840521497007893e-12,3.8405214970078933e-10
100pc_10x,46.5,1.3231316142417004,HS + O3 -> HSO + O2,0.004517907081860593,813872256.7228847,5.551125553845848e-12,5.551125553845848e-10
100pc_10x,49.5,0.9066613715234585,HS + O3 -> HSO + O2,0.0035271621031545963,618933380.4944763,5.551125553845848e-12,5.551125553845848e-10
100pc_10x,52.5,0.619799163521666,HS + O3 -> HSO + O2,0.0022681646600442424,433707288.1817831,5.4642440418192084e-12,5.464244041819208e-10
100pc_10x,1.5,897.1552781918552,NO + O3 -> NO2 + O2,28701.50288698353,764121571.5859559,1.9181028396761533e-05,0.0019181028396761533
100pc_10x,4.5,614.877455771124,NO + O3 -> NO2 + O2,535.5471268709746,668914157.7848823,1.2080679463457727e-06,0.00012080679463457728
100pc_10x,7.5,411.0384341823217,NO + O3 -> NO2 + O2,773.7627103501771,640496019.028313,1.2080679463457727e-06,0.00012080679463457728
100pc_10x,10.5,266.42621883934794,NO + O3 -> NO2 + O2,3169.9363002516398,655682732.6319034,4.834558152122673e-06,0.0004834558152122673
100pc_10x,13.5,165.97541754257236,NO + O3 -> NO2 + O2,1026177.2578656697,1330851593.95672,0.0007710681360156536,0.07710681360156536
100pc_10x,16.5,101.64238872041985,NO + O3 -> NO2 + O2,4637172.811698089,3010431657.4103246,0.0015403680732241378,0.1540368073224138
100pc_10x,19.5,62.21050115595656,NO + O3 -> NO2 + O2,9928985.08926716,4221008582.5834026,0.0023522778726951274,0.23522778726951274
100pc_10x,22.5,38.59503818028781,NO + O3 -> NO2 + O2,15673784.951157782,4604894465.689048,0.0034037229447803326,0.34037229447803324
100pc_10x,25.5,24.239334708687448,NO + O3 -> NO2 + O2,22971296.344851725,4423171848.571017,0.005193399020269358,0.5193399020269358
100pc_10x,28.5,15.404085504001912,NO + O3 -> NO2 + O2,31801552.626857623,3825764646.311505,0.008312469680412288,0.8312469680412289
100pc_10x,31.5,9.901712749433361,NO + O3 -> NO2 + O2,35630400.57454786,2990447180.495379,0.011914739978335129,1.191473997833513
100pc_10x,34.5,6.447660621689103,NO + O3 -> NO2 + O2,30991872.34909965,2158838334.345179,0.013766006218226372,1.3766006218226372
100pc_10x,37.5,4.260595029614154,NO + O3 -> NO2 + O2,21405683.836705334,1554966887.081885,0.013766006218226372,1.3766006218226372
100pc_10x,40.5,2.8549466830012142,NO + O3 -> NO2 + O2,12348056.597329274,1205187521.799564,0.010245755431396587,1.0245755431396588
100pc_10x,43.5,1.9359484777383302,NO + O3 -> NO2 + O2,6356513.226878275,991786406.1802348,0.006409155426277463,0.6409155426277463
100pc_10x,46.5,1.3231316142417004,NO + O3 -> NO2 + O2,2959472.1674759397,813872256.7228847,0.0036362858458801237,0.3636285845880124
100pc_10x,49.5,0.9066613715234585,NO + O3 -> NO2 + O2,1212945.737032114,618933380.4944763,0.001959735530927531,0.19597355309275308
100pc_10x,52.5,0.619799163521666,NO + O3 -> NO2 + O2,441956.49484662386,433707288.1817831,0.0014893778738820764,0.14893778738820765
100pc_10x,1.5,897.1552781918552,NO2 + O3 -> NO3 + O2,15562.406590877079,764121571.5859559,1.0428796629716709e-05,0.0010428796629716709
100pc_10x,4.5,614.877455771124,NO2 + O3 -> NO3 + O2,328.56523662178927,668914157.7848823,4.91191930680369e-07,4.9119193068036895e-05
100pc_10x,7.5,411.0384341823217,NO2 + O3 -> NO3 + O2,190.78110057166307,640496019.028313,2.9786461571001526e-07,2.9786461571001525e-05
100pc_10x,10.5,266.42621883934794,NO2 + O3 -> NO3 + O2,115.59888088300988,655682732.6319034,2.9786461571001526e-07,2.9786461571001525e-05
100pc_10x,13.5,165.97541754257236,NO2 + O3 -> NO3 + O2,712.0708923979446,1330851593.95672,5.350490585362003e-07,5.350490585362003e-05
100pc_10x,16.5,101.64238872041985,NO2 + O3 -> NO3 + O2,4514.663137188722,3010431657.4103246,1.4996730206698626e-06,0.00014996730206698626
100pc_10x,19.5,62.21050115595656,NO2 + O3 -> NO3 + O2,16504.10233642258,4221008582.5834026,3.909990234211157e-06,0.0003909990234211157
100pc_10x,22.5,38.59503818028781,NO2 + O3 -> NO3 + O2,35513.82955736093,4604894465.689048,7.712191847603366e-06,0.0007712191847603366
100pc_10x,25.5,24.239334708687448,NO2 + O3 -> NO3 + O2,59623.684907991206,4423171848.571017,1.347984816082913e-05,0.001347984816082913
100pc_10x,28.5,15.404085504001912,NO2 + O3 -> NO3 + O2,78909.62919016679,3825764646.311505,2.062584515392109e-05,0.002062584515392109
100pc_10x,31.5,9.901712749433361,NO2 + O3 -> NO3 + O2,69572.09337499569,2990447180.495379,2.062584515392109e-05,0.002062584515392109
100pc_10x,34.5,6.447660621689103,NO2 + O3 -> NO3 + O2,41670.05136788067,2158838334.345179,1.9302071259782437e-05,0.0019302071259782437
100pc_10x,37.5,4.260595029614154,NO2 + O3 -> NO3 + O2,17840.254344763413,1554966887.081885,1.1473076689268392e-05,0.0011473076689268392
100pc_10x,40.5,2.8549466830012142,NO2 + O3 -> NO3 + O2,5770.883432561775,1205187521.799564,4.78836971689252e-06,0.000478836971689252
100pc_10x,43.5,1.9359484777383302,NO2 + O3 -> NO3 + O2,1527.6805055561995,991786406.1802348,1.5403321683344166e-06,0.00015403321683344164
100pc_10x,46.5,1.3231316142417004,NO2 + O3 -> NO3 + O2,332.3726145316203,813872256.7228847,4.083842541456599e-07,4.083842541456599e-05
100pc_10x,49.5,0.9066613715234585,NO2 + O3 -> NO3 + O2,58.916404814250576,618933380.4944763,9.519022025792383e-08,9.519022025792384e-06
100pc_10x,52.5,0.619799163521666,NO2 + O3 -> NO3 + O2,8.826731566900394,433707288.1817831,5.777101886674727e-08,5.7771018866747265e-06
100pc_10x,1.5,897.1552781918552,O + O3 -> O2 + O2,42.5788746045932,764121571.5859559,5.228109006215582e-08,5.2281090062155816e-06
100pc_10x,4.5,614.877455771124,O + O3 -> O2 + O2,32.669456911988156,668914157.7848823,4.883953573381295e-08,4.8839535733812955e-06
100pc_10x,7.5,411.0384341823217,O + O3 -> O2 + O2,24.641184108412617,640496019.028313,3.847203319982439e-08,3.847203319982439e-06
100pc_10x,10.5,266.42621883934794,O + O3 -> O2 + O2,19.41856400354832,655682732.6319034,3.847203319982439e-08,3.847203319982439e-06
100pc_10x,13.5,165.97541754257236,O + O3 -> O2 + O2,103.6236205501211,1330851593.95672,7.786264150012431e-08,7.786264150012432e-06
100pc_10x,16.5,101.64238872041985,O + O3 -> O2 + O2,989.250357252019,3010431657.4103246,3.2860747886999224e-07,3.2860747886999225e-05
100pc_10x,19.5,62.21050115595656,O + O3 -> O2 + O2,6712.8295577710605,4221008582.5834026,1.5903378129742105e-06,0.00015903378129742104
100pc_10x,22.5,38.59503818028781,O + O3 -> O2 + O2,27376.903907362692,4604894465.689048,5.945175098223708e-06,0.0005945175098223708
100pc_10x,25.5,24.239334708687448,O + O3 -> O2 + O2,81571.13756983011,4423171848.571017,1.844177444658477e-05,0.0018441774446584772
100pc_10x,28.5,15.404085504001912,O + O3 -> O2 + O2,180758.3297145922,3825764646.311505,4.724763450591893e-05,0.0047247634505918935
100pc_10x,31.5,9.901712749433361,O + O3 -> O2 + O2,298545.0139370257,2990447180.495379,9.983289987003568e-05,0.009983289987003569
100pc_10x,34.5,6.447660621689103,O + O3 -> O2 + O2,408251.78889409936,2158838334.345179,0.00018910716119830746,0.018910716119830747
100pc_10x,37.5,4.260595029614154,O + O3 -> O2 + O2,516138.2538437378,1554966887.081885,0.00033192877490294606,0.033192877490294606
100pc_10x,40.5,2.8549466830012142,O + O3 -> O2 + O2,672744.9515945544,1205187521.799564,0.0005582076974959249,0.055820769749592485
100pc_10x,43.5,1.9359484777383302,O + O3 -> O2 + O2,911404.6824266536,991786406.1802348,0.0009189525857052596,0.09189525857052595
100pc_10x,46.5,1.3231316142417004,O + O3 -> O2 + O2,1116735.909774228,813872256.7228847,0.0013721267687276204,0.13721267687276203
100pc_10x,49.5,0.9066613715234585,O + O3 -> O2 + O2,1086384.58054083,618933380.4944763,0.0017552528507557615,0.17552528507557616
100pc_10x,52.5,0.619799163521666,O + O3 -> O2 + O2,836438.7336890972,433707288.1817831,0.0018419158856676444,0.18419158856676443
100pc_10x,1.5,897.1552781918552,O1D + O3 -> O2 + O2,2.9655624535608687,764121571.5859559,4.745789302736958e-09,4.7457893027369576e-07
100pc_10x,4.5,614.877455771124,O1D + O3 -> O2 + O2,3.75298965493794,668914157.7848823,5.61056992330079e-09,5.610569923300791e-07
100pc_10x,7.5,411.0384341823217,O1D + O3 -> O2 + O2,5.197642094222541,640496019.028313,8.11502638550011e-09,8.11502638550011e-07
100pc_10x,10.5,266.42621883934794,O1D + O3 -> O2 + O2,8.142297535174787,655682732.6319034,1.2418044779815526e-08,1.2418044779815525e-06
100pc_10x,13.5,165.97541754257236,O1D + O3 -> O2 + O2,60.04585460266831,1330851593.95672,4.511836997853949e-08,4.511836997853949e-06
100pc_10x,16.5,101.64238872041985,O1D + O3 -> O2 + O2,493.73144784337086,3010431657.4103246,1.6400686148380973e-07,1.6400686148380974e-05
100pc_10x,19.5,62.21050115595656,O1D + O3 -> O2 + O2,1876.7722219040618,4221008582.5834026,4.4462648800287737e-07,4.4462648800287735e-05
100pc_10x,22.5,38.59503818028781,O1D + O3 -> O2 + O2,4853.670526578384,4604894465.689048,1.05402426977273e-06,0.000105402426977273
100pc_10x,25.5,24.239334708687448,O1D + O3 -> O2 + O2,10317.656001756965,4423171848.571017,2.332637382174121e-06,0.0002332637382174121
100pc_10x,28.5,15.404085504001912,O1D + O3 -> O2 + O2,17650.0138977175,3825764646.311505,4.613460452862469e-06,0.00046134604528624693
100pc_10x,31.5,9.901712749433361,O1D + O3 -> O2 + O2,22115.647110168524,2990447180.495379,7.395431443970525e-06,0.0007395431443970524
100pc_10x,34.5,6.447660621689103,O1D + O3 -> O2 + O2,19488.78487081312,2158838334.345179,9.027440619690717e-06,0.0009027440619690717
100pc_10x,37.5,4.260595029614154,O1D + O3 -> O2 + O2,14083.105390106548,1554966887.081885,9.027440619690717e-06,0.0009027440619690717
100pc_10x,40.5,2.8549466830012142,O1D + O3 -> O2 + O2,10113.41821562115,1205187521.799564,8.391572292849481e-06,0.0008391572292849481
100pc_10x,43.5,1.9359484777383302,O1D + O3 -> O2 + O2,7723.761221726365,991786406.1802348,7.787726443512824e-06,0.0007787726443512823
100pc_10x,46.5,1.3231316142417004,O1D + O3 -> O2 + O2,5968.069109011876,813872256.7228847,7.332931009397883e-06,0.0007332931009397883
100pc_10x,49.5,0.9066613715234585,O1D + O3 -> O2 + O2,4142.959973747475,618933380.4944763,6.693709055468287e-06,0.0006693709055468287
100pc_10x,52.5,0.619799163521666,O1D + O3 -> O2 + O2,2559.6817717829113,433707288.1817831,6.297786921000788e-06,0.0006297786921000789
100pc_10x,1.5,897.1552781918552,O3 + M -> O + O2 + M,118208.88653778342,764121571.5859559,8.168336300150154e-05,0.008168336300150153
100pc_10x,4.5,614.877455771124,O3 + M -> O + O2 + M,5797.926528541666,668914157.7848823,8.66766902907478e-06,0.0008667669029074781
100pc_10x,7.5,411.0384341823217,O3 + M -> O + O2 + M,129.78925586073603,640496019.028313,2.0263866129509654e-07,2.0263866129509655e-05
100pc_10x,10.5,266.42621883934794,O3 + M -> O + O2 + M,1.0570255298635158,655682732.6319034,1.6120990797189775e-09,1.6120990797189776e-07
100pc_10x,13.5,165.97541754257236,O3 + M -> O + O2 + M,0.032096249283670414,1330851593.95672,2.4117076185967432e-11,2.4117076185967434e-09
100pc_10x,16.5,101.64238872041985,O3 + M -> O + O2 + M,0.0104314960305394,3010431657.4103246,7.851206541657503e-12,7.851206541657503e-10
100pc_10x,19.5,62.21050115595656,O3 + M -> O + O2 + M,0.03314001019597128,4221008582.5834026,7.851206541657503e-12,7.851206541657503e-10
100pc_10x,22.5,38.59503818028781,O3 + M -> O + O2 + M,0.08789522905181577,4604894465.689048,1.90873492773224e-11,1.9087349277322402e-09
100pc_10x,25.5,24.239334708687448,O3 + M -> O + O2 + M,0.18279259041732504,4423171848.571017,4.132613352483227e-11,4.1326133524832265e-09
100pc_10x,28.5,15.404085504001912,O3 + M -> O + O2 + M,0.31220211423403144,3825764646.311505,8.160515428857644e-11,8.160515428857644e-09
100pc_10x,31.5,9.901712749433361,O3 + M -> O + O2 + M,0.4664144017926391,2990447180.495379,1.5596811233943137e-10,1.5596811233943138e-08
100pc_10x,34.5,6.447660621689103,O3 + M -> O + O2 + M,0.7978131419372572,2158838334.345179,3.695566866887467e-10,3.695566866887467e-08
100pc_10x,37.5,4.260595029614154,O3 + M -> O + O2 + M,1.3301912342070745,1554966887.081885,8.554466627282116e-10,8.554466627282117e-08
100pc_10x,40.5,2.8549466830012142,O3 + M -> O + O2 + M,1.9405510611281274,1205187521.799564,1.6101652448496414e-09,1.6101652448496415e-07
100pc_10x,43.5,1.9359484777383302,O3 + M -> O + O2 + M,2.242873689219639,991786406.1802348,1.9710619395889247e-09,1.9710619395889247e-07
100pc_10x,46.5,1.3231316142417004,O3 + M -> O + O2 + M,1.6041926289138244,813872256.7228847,1.9710619395889247e-09,1.9710619395889247e-07
100pc_10x,49.5,0.9066613715234585,O3 + M -> O + O2 + M,0.6613346205197103,618933380.4944763,1.0685069530283838e-09,1.0685069530283838e-07
100pc_10x,52.5,0.619799163521666,O3 + M -> O + O2 + M,0.15707380509509783,433707288.1817831,7.153362129302586e-10,7.153362129302586e-08
100pc_10x,1.5,897.1552781918552,O3 + hv -> O + O2,743673768.6464809,764121571.5859559,0.9699495778567716,96.99495778567716
100pc_10x,4.5,614.877455771124,O3 + hv -> O + O2,646611915.9461468,668914157.7848823,0.9666590375174752,96.66590375174752
100pc_10x,7.5,411.0384341823217,O3 + hv -> O + O2,616015037.8292755,640496019.028313,0.9617780899931629,96.1778089993163
100pc_10x,10.5,266.42621883934794,O3 + hv -> O + O2,628178667.5101897,655682732.6319034,0.9580527841394988,95.80527841394988
100pc_10x,13.5,165.97541754257236,O3 + hv -> O + O2,1269473651.3779974,1330851593.95672,0.953880701005706,95.3880701005706
100pc_10x,16.5,101.64238872041985,O3 + hv -> O + O2,2853555095.5329113,3010431657.4103246,0.9478890140251967,94.78890140251967
100pc_10x,19.5,62.21050115595656,O3 + hv -> O + O2,3949159542.6574535,4221008582.5834026,0.9355961887763876,93.55961887763875
100pc_10x,22.5,38.59503818028781,O3 + hv -> O + O2,4195880879.9455447,4604894465.689048,0.9111785104325294,91.11785104325294
100pc_10x,25.5,24.239334708687448,O3 + hv -> O + O2,3827209230.677856,4423171848.571017,0.8652635171555233,86.52635171555232
100pc_10x,28.5,15.404085504001912,O3 + hv -> O + O2,2995602412.034252,3825764646.311505,0.783007500192771,78.3007500192771
100pc_10x,31.5,9.901712749433361,O3 + hv -> O + O2,1964016263.6150165,2990447180.495379,0.6567634019503631,65.6763401950363
100pc_10x,34.5,6.447660621689103,O3 + hv -> O + O2,1106479873.9463634,2158838334.345179,0.5125348463306688,51.25348463306688
100pc_10x,37.5,4.260595029614154,O3 + hv -> O + O2,597461756.3291609,1554966887.081885,0.3842279609248672,38.42279609248672
100pc_10x,40.5,2.8549466830012142,O3 + hv -> O + O2,344526256.3654733,1205187521.799564,0.28586941876981353,28.586941876981353
100pc_10x,43.5,1.9359484777383302,O3 + hv -> O + O2,223570562.09736347,991786406.1802348,0.22542208756260626,22.542208756260624
100pc_10x,46.5,1.3231316142417004,O3 + hv -> O + O2,156487677.77004635,813872256.7228847,0.19227547870983497,19.227547870983496
100pc_10x,49.5,0.9066613715234585,O3 + hv -> O + O2,107768105.3077555,618933380.4944763,0.17411907113760408,17.411907113760407
100pc_10x,52.5,0.619799163521666,O3 + hv -> O + O2,71143836.28502345,433707288.1817831,0.16907779791260244,16.907779791260243
100pc_10x,1.5,897.1552781918552,O3 + hv -> O1D + O2,20204009.37892761,764121571.5859559,0.02984305235475259,2.984305235475259
100pc_10x,4.5,614.877455771124,O3 + hv -> O1D + O2,22238234.227682136,668914157.7848823,0.0332452736556277,3.3245273655627696
100pc_10x,7.5,411.0384341823217,O3 + hv -> O1D + O2,24436670.550897386,640496019.028313,0.03815272823704649,3.815272823704649
100pc_10x,10.5,266.42621883934794,O3 + hv -> O1D + O2,27460251.57202217,655682732.6319034,0.04188039459541205,4.188039459541205
100pc_10x,13.5,165.97541754257236,O3 + hv -> O1D + O2,60284525.59381525,1330851593.95672,0.04529770702275293,4.529770702275293
100pc_10x,16.5,101.64238872041985,O3 + hv -> O1D + O2,152074502.75693345,3010431657.4103246,0.050515846251681096,5.051584625168109
100pc_10x,19.5,62.21050115595656,O3 + hv -> O1D + O2,261580319.8838774,4221008582.5834026,0.06197104667429537,6.197104667429537
100pc_10x,22.5,38.59503818028781,O3 + hv -> O1D + O2,392768249.68526125,4604894465.689048,0.0852936484455328,8.52936484455328
100pc_10x,25.5,24.239334708687448,O3 + hv -> O1D + O2,572056328.0664467,4423171848.571017,0.12933169853015306,12.933169853015306
100pc_10x,28.5,15.404085504001912,O3 + hv -> O1D + O2,796910057.8258069,3825764646.311505,0.20830085786749156,20.830085786749155
100pc_10x,31.5,9.901712749433361,O3 + hv -> O1D + O2,988922597.5186992,2990447180.495379,0.3306938855060735,33.06938855060735
100pc_10x,34.5,6.447660621689103,O3 + hv -> O1D + O2,1019392538.8210467,2158838334.345179,0.4721949404934251,47.21949404934251
100pc_10x,37.5,4.260595029614154,O3 + hv -> O1D + O2,934247615.6108762,1554966887.081885,0.6008151191978909,60.08151191978909
100pc_10x,40.5,2.8549466830012142,O3 + hv -> O1D + O2,846534182.1821198,1205187521.799564,0.7024086848477245,70.24086848477245
100pc_10x,43.5,1.9359484777383302,O3 + hv -> O1D + O2,760013084.2382318,991786406.1802348,0.7663072204884774,76.63072204884774
100pc_10x,46.5,1.3231316142417004,O3 + hv -> O1D + O2,652526827.2206833,813872256.7228847,0.801755830636284,80.1755830636284
100pc_10x,49.5,0.9066613715234585,O3 + hv -> O1D + O2,508233232.72522557,618933380.4944763,0.8211436783700201,82.114367837002
100pc_10x,52.5,0.619799163521666,O3 + hv -> O1D + O2,360756495.1190914,433707288.1817831,0.8264704244168597,82.64704244168597
100pc_10x,1.5,897.1552781918552,OH + O3 -> HO2 + O2,79747.70300701263,764121571.5859559,9.473503871106163e-05,0.009473503871106162
100pc_10x,4.5,614.877455771124,OH + O3 -> HO2 + O2,56927.85533463917,668914157.7848823,8.510487432820451e-05,0.008510487432820452
100pc_10x,7.5,411.0384341823217,OH + O3 -> HO2 + O2,43087.136972779335,640496019.028313,6.727151409644386e-05,0.006727151409644386
100pc_10x,10.5,266.42621883934794,OH + O3 -> HO2 + O2,40464.84642555084,655682732.6319034,6.171406445785965e-05,0.0061714064457859645
100pc_10x,13.5,165.97541754257236,OH + O3 -> HO2 + O2,66344.78118391271,1330851593.95672,5.276405768273187e-05,0.005276405768273187
100pc_10x,16.5,101.64238872041985,OH + O3 -> HO2 + O2,158842.58962152046,3010431657.4103246,5.276405768273187e-05,0.005276405768273187
100pc_10x,19.5,62.21050115595656,OH + O3 -> HO2 + O2,314486.63205975224,4221008582.5834026,7.450509182980044e-05,0.0074505091829800444
100pc_10x,22.5,38.59503818028781,OH + O3 -> HO2 + O2,503356.6184293124,4604894465.689048,0.00010930904544714539,0.010930904544714539
100pc_10x,25.5,24.239334708687448,OH + O3 -> HO2 + O2,782275.8517750667,4423171848.571017,0.0001768585708529038,0.017685857085290378
100pc_10x,28.5,15.404085504001912,OH + O3 -> HO2 + O2,1170500.663076221,3825764646.311505,0.0003059520831227095,0.03059520831227095
100pc_10x,31.5,9.901712749433361,OH + O3 -> HO2 + O2,1482609.1190790148,2990447180.495379,0.0004957817441983425,0.04957817441983425
100pc_10x,34.5,6.447660621689103,OH + O3 -> HO2 + O2,1497350.3578744247,2158838334.345179,0.0006935907770641855,0.06935907770641854
100pc_10x,37.5,4.260595029614154,OH + O3 -> HO2 + O2,1293993.3540391177,1554966887.081885,0.00083216778748741,0.083216778748741
100pc_10x,40.5,2.8549466830012142,OH + O3 -> HO2 + O2,1073647.6503990998,1205187521.799564,0.000890855266071747,0.0890855266071747
100pc_10x,43.5,1.9359484777383302,OH + O3 -> HO2 + O2,884089.7179310449,991786406.1802348,0.000890855266071747,0.0890855266071747
100pc_10x,46.5,1.3231316142417004,OH + O3 -> HO2 + O2,668601.5175872856,813872256.7228847,0.0008215067070592353,0.08215067070592354
100pc_10x,49.5,0.9066613715234585,OH + O3 -> HO2 + O2,420768.5399233891,618933380.4944763,0.000679828481034954,0.0679828481034954
100pc_10x,52.5,0.619799163521666,OH + O3 -> HO2 + O2,223942.11307567052,433707288.1817831,0.0005980861910218088,0.059808619102180875
100pc_10x,1.5,897.1552781918552,S + O3 -> SO + O2,4.381442309144016e-08,764121571.5859559,4.380787626538746e-17,4.380787626538746e-15
100pc_10x,4.5,614.877455771124,S + O3 -> SO + O2,2.0252148974802056e-08,668914157.7848823,3.0276155376748645e-17,3.0276155376748645e-15
100pc_10x,7.5,411.0384341823217,S + O3 -> SO + O2,8.712111528232614e-09,640496019.028313,1.3602132205988772e-17,1.3602132205988772e-15
100pc_10x,10.5,266.42621883934794,S + O3 -> SO + O2,4.484599918370333e-09,655682732.6319034,1.3602132205988772e-17,1.3602132205988772e-15
100pc_10x,13.5,165.97541754257236,S + O3 -> SO + O2,5.875705278687271e-08,1330851593.95672,4.414996612220575e-17,4.414996612220575e-15
100pc_10x,16.5,101.64238872041985,S + O3 -> SO + O2,3.2358668298034934e-06,3010431657.4103246,1.0748846670670132e-15,1.0748846670670131e-13
100pc_10x,19.5,62.21050115595656,S + O3 -> SO + O2,5.317979345918644e-05,4221008582.5834026,1.2598835661840464e-14,1.2598835661840465e-12
100pc_10x,22.5,38.59503818028781,S + O3 -> SO + O2,0.00037871560657434133,4604894465.689048,8.224197305630817e-14,8.224197305630817e-12
100pc_10x,25.5,24.239334708687448,S + O3 -> SO + O2,0.0014670723088600853,4423171848.571017,3.3167879501088086e-13,3.3167879501088086e-11
100pc_10x,28.5,15.404085504001912,S + O3 -> SO + O2,0.0028894628906665967,3825764646.311505,7.552641518218809e-13,7.552641518218808e-11
100pc_10x,31.5,9.901712749433361,S + O3 -> SO + O2,0.0023410745013694714,2990447180.495379,7.552641518218809e-13,7.552641518218808e-11
100pc_10x,34.5,6.447660621689103,S + O3 -> SO + O2,0.000718556484705766,2158838334.345179,3.3284404546379306e-13,3.3284404546379306e-11
100pc_10x,37.5,4.260595029614154,S + O3 -> SO + O2,0.00010886042736361646,1554966887.081885,7.000819648829206e-14,7.000819648829206e-12
100pc_10x,40.5,2.8549466830012142,S + O3 -> SO + O2,1.9715695198507536e-05,1205187521.799564,1.6359026991142775e-14,1.6359026991142774e-12
100pc_10x,43.5,1.9359484777383302,S + O3 -> SO + O2,1.4853667216383485e-05,991786406.1802348,1.6359026991142775e-14,1.6359026991142774e-12
100pc_10x,46.5,1.3231316142417004,S + O3 -> SO + O2,1.951540526399057e-05,813872256.7228847,2.397846234809718e-14,2.397846234809718e-12
100pc_10x,49.5,0.9066613715234585,S + O3 -> SO + O2,2.233632760960045e-05,618933380.4944763,3.608841971288668e-14,3.6088419712886677e-12
100pc_10x,52.5,0.619799163521666,S + O3 -> SO + O2,2.2249835082472248e-05,433707288.1817831,4.36949605917486e-14,4.3694960591748604e-12
100pc_10x,1.5,897.1552781918552,SO + O3 -> SO2 + O2,3.504595614348278,764121571.5859559,3.5285496542436376e-09,3.5285496542436377e-07
100pc_10x,4.5,614.877455771124,SO + O3 -> SO2 + O2,1.65266085199852,668914157.7848823,2.470662091338188e-09,2.470662091338188e-07
100pc_10x,7.5,411.0384341823217,SO + O3 -> SO2 + O2,1.1112139446326275,640496019.028313,1.7349271683506068e-09,1.7349271683506067e-07
100pc_10x,10.5,266.42621883934794,SO + O3 -> SO2 + O2,1.0459820443978454,655682732.6319034,1.5952563524119123e-09,1.5952563524119122e-07
100pc_10x,13.5,165.97541754257236,SO + O3 -> SO2 + O2,0.514434339839586,1330851593.95672,3.865452332743839e-10,3.865452332743839e-08
100pc_10x,16.5,101.64238872041985,SO + O3 -> SO2 + O2,0.56332636324283,3010431657.4103246,2.3988739698691473e-10,2.3988739698691472e-08
100pc_10x,19.5,62.21050115595656,SO + O3 -> SO2 + O2,1.0125667615353589,4221008582.5834026,2.3988739698691473e-10,2.3988739698691472e-08
100pc_10x,22.5,38.59503818028781,SO + O3 -> SO2 + O2,2.7279964858463885,4604894465.689048,5.924123790833039e-10,5.924123790833039e-08
100pc_10x,25.5,24.239334708687448,SO + O3 -> SO2 + O2,8.232297966837535,4423171848.571017,1.8611752490460262e-09,1.8611752490460262e-07
100pc_10x,28.5,15.404085504001912,SO + O3 -> SO2 + O2,17.104165294387297,3825764646.311505,4.470783457857963e-09,4.470783457857963e-07
100pc_10x,31.5,9.901712749433361,SO + O3 -> SO2 + O2,16.221513317115225,2990447180.495379,4.470783457857963e-09,4.470783457857963e-07
100pc_10x,34.5,6.447660621689103,SO + O3 -> SO2 + O2,6.105789920561061,2158838334.345179,2.828275662620691e-09,2.828275662620691e-07
100pc_10x,37.5,4.260595029614154,SO + O3 -> SO2 + O2,1.1156530340381234,1554966887.081885,7.174770365250696e-10,7.174770365250696e-08
100pc_10x,40.5,2.8549466830012142,SO + O3 -> SO2 + O2,0.2173146100871474,1205187521.799564,1.8031601402797234e-10,1.8031601402797235e-08
100pc_10x,43.5,1.9359484777383302,SO + O3 -> SO2 + O2,0.15101512400219047,991786406.1802348,1.8031601402797234e-10,1.8031601402797235e-08
100pc_10x,46.5,1.3231316142417004,SO + O3 -> SO2 + O2,0.1808722946088569,813872256.7228847,2.2223671235231955e-10,2.2223671235231954e-08
100pc_10x,49.5,0.9066613715234585,SO + O3 -> SO2 + O2,0.1972984114307864,618933380.4944763,3.187716443297361e-10,3.187716443297361e-08
100pc_10x,52.5,0.619799163521666,SO + O3 -> SO2 + O2,0.19441990768722542,433707288.1817831,3.835230605570169e-10,3.835230605570169e-08
100pc_10x,1.5,897.1552781918552,SO2 + O3 -> SO3 + O2,0.23087217061487816,764121571.5859559,1.7390354694558072e-10,1.7390354694558073e-08
100pc_10x,4.5,614.877455771124,SO2 + O3 -> SO3 + O2,0.030546946351851106,668914157.7848823,4.566646705910322e-11,4.5666467059103224e-09
100pc_10x,7.5,411.0384341823217,SO2 + O3 -> SO3 + O2,0.001587499770502189,640496019.028313,2.478547443449471e-12,2.478547443449471e-10
100pc_10x,10.5,266.42621883934794,SO2 + O3 -> SO3 + O2,4.611972041533626e-05,655682732.6319034,7.033847029982352e-14,7.033847029982352e-12
100pc_10x,13.5,165.97541754257236,SO2 + O3 -> SO3 + O2,1.6552237313466714e-06,1330851593.95672,1.2437327639406952e-15,1.2437327639406952e-13
100pc_10x,16.5,101.64238872041985,SO2 + O3 -> SO3 + O2,5.90974230912855e-08,3010431657.4103246,2.4165475416535082e-17,2.4165475416535083e-15
100pc_10x,19.5,62.21050115595656,SO2 + O3 -> SO3 + O2,1.0200267913540281e-07,4221008582.5834026,2.4165475416535082e-17,2.4165475416535083e-15
100pc_10x,22.5,38.59503818028781,SO2 + O3 -> SO3 + O2,4.895353049642788e-07,4604894465.689048,1.0630760565997635e-16,1.0630760565997635e-14
100pc_10x,25.5,24.239334708687448,SO2 + O3 -> SO3 + O2,1.4409842593757498e-06,4423171848.571017,3.257807538816935e-16,3.257807538816935e-14
100pc_10x,28.5,15.404085504001912,SO2 + O3 -> SO3 + O2,2.06684926355308e-06,3825764646.311505,4.542961269170464e-16,4.542961269170464e-14
100pc_10x,31.5,9.901712749433361,SO2 + O3 -> SO3 + O2,1.3585485718490522e-06,2990447180.495379,4.542961269170464e-16,4.542961269170464e-14
100pc_10x,34.5,6.447660621689103,SO2 + O3 -> SO3 + O2,4.755451849526965e-07,2158838334.345179,2.2027827530538052e-16,2.2027827530538054e-14
100pc_10x,37.5,4.260595029614154,SO2 + O3 -> SO3 + O2,1.0217834684367687e-07,1554966887.081885,6.571094708995956e-17,6.571094708995956e-15
100pc_10x,40.5,2.8549466830012142,SO2 + O3 -> SO3 + O2,2.6187302953907874e-08,1205187521.799564,2.3146713574495533e-17,2.3146713574495535e-15
100pc_10x,43.5,1.9359484777383302,SO2 + O3 -> SO3 + O2,2.2956595870932182e-08,991786406.1802348,2.3146713574495533e-17,2.3146713574495535e-15
100pc_10x,46.5,1.3231316142417004,SO2 + O3 -> SO3 + O2,2.5221082425513067e-08,813872256.7228847,2.8694681578125053e-17,2.8694681578125053e-15
100pc_10x,49.5,0.9066613715234585,SO2 + O3 -> SO3 + O2,1.7760096271361512e-08,618933380.4944763,2.8694681578125053e-17,2.8694681578125053e-15
100pc_10x,52.5,0.619799163521666,SO2 + O3 -> SO3 + O2,7.966981473759573e-09,433707288.1817831,2.3532085536100662e-17,2.3532085536100662e-15
100pc_10x,1.5,897.1552781918552,rainout,4.230090672771245,764121571.5859559,3.12722789920791e-09,3.12722789920791e-07
100pc_10x,4.5,614.877455771124,rainout,0.4806608441706752,668914157.7848823,7.185688007597114e-10,7.185688007597113e-08
100pc_10x,7.5,411.0384341823217,rainout,0.23991033795681554,640496019.028313,3.7456960048054624e-10,3.7456960048054624e-08
100pc_10x,10.5,266.42621883934794,rainout,0.017710504264563984,655682732.6319034,2.0079019193594445e-10,2.0079019193594446e-08
100pc_1x,1.5,897.1514734625044,CH3 + O3 -> H2CO + HO2,2.749079687168635,364370159.1072732,6.093434941091962e-09,6.093434941091963e-07
100pc_1x,4.5,614.8726044376043,CH3 + O3 -> H2CO + HO2,1.640388812024304,353370194.095596,4.6421255652946644e-09,4.6421255652946643e-07
100pc_1x,7.5,411.03519194723395,CH3 + O3 -> H2CO + HO2,0.7457148254451458,365180185.43700355,2.0420462423303835e-09,2.0420462423303836e-07
100pc_1x,10.5,266.42305462867273,CH3 + O3 -> H2CO + HO2,0.3317302203880243,392308051.8455846,8.455860613296712e-10,8.455860613296712e-08
100pc_1x,13.5,165.97350226501058,CH3 + O3 -> H2CO + HO2,0.5403101440089255,932435231.7255937,8.455860613296712e-10,8.455860613296712e-08
100pc_1x,16.5,101.64105187669615,CH3 + O3 -> H2CO + HO2,2.139333904898274,2458061297.8461857,8.703338304755911e-10,8.703338304755911e-08
100pc_1x,19.5,62.20964027531718,CH3 + O3 -> H2CO + HO2,9.00670145262827,3815900416.6047535,2.360308307165442e-09,2.360308307165442e-07
100pc_1x,22.5,38.59425922417196,CH3 + O3 -> H2CO + HO2,28.31551402879863,4411312851.517359,6.418840599586798e-09,6.418840599586799e-07
100pc_1x,25.5,24.238877968243113,CH3 + O3 -> H2CO + HO2,77.1322248101159,4327647342.131107,1.782313084044711e-08,1.782313084044711e-06
100pc_1x,28.5,15.403794107062483,CH3 + O3 -> H2CO + HO2,176.52998732533177,3736861513.9408016,4.7240173784007215e-08,4.724017378400721e-06
100pc_1x,31.5,9.901503401340532,CH3 + O3 -> H2CO + HO2,309.05703305022706,2899584900.8443365,1.0658664726810795e-07,1.0658664726810795e-05
100pc_1x,34.5,6.4475199229172615,CH3 + O3 -> H2CO + HO2,419.5878406697136,2090628545.9091246,2.006993741144259e-07,2.006993741144259e-05
100pc_1x,37.5,4.2605039664338955,CH3 + O3 -> H2CO + HO2,475.1054416091011,1511661182.9917095,3.142936042512026e-07,3.142936042512026e-05
100pc_1x,40.5,2.8548760206539225,CH3 + O3 -> H2CO + HO2,491.6014561387274,1176333203.2697687,4.179100400909013e-07,4.179100400909013e-05
100pc_1x,43.5,1.9358967925716792,CH3 + O3 -> H2CO + HO2,457.59714669819,980566267.4717212,4.179100400909013e-07,4.179100400909013e-05
100pc_1x,46.5,1.3230947323379596,CH3 + O3 -> H2CO + HO2,334.1335946378911,827862784.9622816,4.0360987437442866e-07,4.036098743744287e-05
100pc_1x,49.5,0.9066366451439213,CH3 + O3 -> H2CO + HO2,169.2434879578527,654173161.5330992,2.587135913084834e-07,2.5871359130848337e-05
100pc_1x,52.5,0.6197798930084258,CH3 + O3 -> H2CO + HO2,60.84392673542792,475959421.56234986,1.9327393226192356e-07,1.9327393226192357e-05
100pc_1x,1.5,897.1514734625044,CS + O3 -> OCS + O2,1.1269590225913537e-24,364370159.1072732,2.6203901765452612e-33,2.620390176545261e-31
100pc_1x,4.5,614.8726044376043,CS + O3 -> OCS + O2,7.589982962292888e-25,353370194.095596,2.1478843120083853e-33,2.147884312008385e-31
100pc_1x,7.5,411.03519194723395,CS + O3 -> OCS + O2,5.48935819509292e-25,365180185.43700355,1.5031916883781409e-33,1.5031916883781409e-31
100pc_1x,10.5,266.42305462867273,CS + O3 -> OCS + O2,4.043150584504199e-25,392308051.8455846,1.0306060672177114e-33,1.0306060672177113e-31
100pc_1x,13.5,165.97350226501058,CS + O3 -> OCS + O2,6.051061846184411e-25,932435231.7255937,6.489525106195449e-34,6.489525106195448e-32
100pc_1x,16.5,101.64105187669615,CS + O3 -> OCS + O2,1.002392996308723e-24,2458061297.8461857,4.077982095837255e-34,4.077982095837255e-32
100pc_1x,19.5,62.20964027531718,CS + O3 -> OCS + O2,9.255643758295153e-25,3815900416.6047535,2.4255464629054656e-34,2.4255464629054655e-32
100pc_1x,22.5,38.59425922417196,CS + O3 -> OCS + O2,6.26419992751953e-25,4411312851.517359,1.4200307569128392e-34,1.4200307569128393e-32
100pc_1x,25.5,24.238877968243113,CS + O3 -> OCS + O2,3.533246979991077e-25,4327647342.131107,8.16435975638247e-35,8.164359756382469e-33
100pc_1x,28.5,15.403794107062483,CS + O3 -> OCS + O2,2.6756037660484936e-25,3736861513.9408016,8.16435975638247e-35,8.164359756382469e-33
100pc_1x,31.5,9.901503401340532,CS + O3 -> OCS + O2,1.4642558909301856e-24,2899584900.8443365,5.04988107264528e-34,5.04988107264528e-32
100pc_1x,34.5,6.4475199229172615,CS + O3 -> OCS + O2,2.684170405147493e-24,2090628545.9091246,1.2078422083735252e-33,1.2078422083735252e-31
100pc_1x,37.5,4.2605039664338955,CS + O3 -> OCS + O2,1.825848181577242e-24,1511661182.9917095,1.2078422083735252e-33,1.2078422083735252e-31
100pc_1x,40.5,2.8548760206539225,CS + O3 -> OCS + O2,1.3920693304731536e-24,1176333203.2697687,1.2078422083735252e-33,1.2078422083735252e-31
100pc_1x,43.5,1.9358967925716792,CS + O3 -> OCS + O2,1.9227835857997947e-24,980566267.4717212,1.960891017348041e-33,1.9608910173480411e-31
100pc_1x,46.5,1.3230947323379596,CS + O3 -> OCS + O2,2.2431677600817185e-24,827862784.9622816,2.5226326965346865e-33,2.5226326965346864e-31
100pc_1x,49.5,0.9066366451439213,CS + O3 -> OCS + O2,1.650238606478863e-24,654173161.5330992,2.5226326965346865e-33,2.5226326965346864e-31
100pc_1x,52.5,0.6197798930084258,CS + O3 -> OCS + O2,8.23728673008762e-25,475959421.56234986,2.1266513281957267e-33,2.126651328195727e-31
100pc_1x,1.5,897.1514734625044,Cl + O3 -> ClO + O2,1.1397425130442852e-11,364370159.1072732,2.6741132968122108e-20,2.674113296812211e-18
100pc_1x,4.5,614.8726044376043,Cl + O3 -> ClO + O2,7.84569025241211e-12,353370194.095596,2.220246750717646e-20,2.220246750717646e-18
100pc_1x,7.5,411.03519194723395,Cl + O3 -> ClO + O2,5.363765594171539e-12,365180185.43700355,1.4687997345071807e-20,1.4687997345071807e-18
100pc_1x,10.5,266.42305462867273,Cl + O3 -> ClO + O2,4.104884893193869e-12,392308051.8455846,1.0463422491286472e-20,1.0463422491286472e-18
100pc_1x,13.5,165.97350226501058,Cl + O3 -> ClO + O2,6.8394567055484066e-12,932435231.7255937,7.335047489455213e-21,7.335047489455214e-19
100pc_1x,16.5,101.64105187669615,Cl + O3 -> ClO + O2,1.4634888948072387e-11,2458061297.8461857,5.953834007677449e-21,5.953834007677449e-19
100pc_1x,19.5,62.20964027531718,Cl + O3 -> ClO + O2,1.714539172485525e-11,3815900416.6047535,4.493144435910249e-21,4.493144435910249e-19
100pc_1x,22.5,38.59425922417196,Cl + O3 -> ClO + O2,1.5365817268891392e-11,4411312851.517359,3.483275339133114e-21,3.4832753391331137e-19
100pc_1x,25.5,24.238877968243113,Cl + O3 -> ClO + O2,1.3479335354791367e-11,4327647342.131107,3.173200187446342e-21,3.173200187446342e-19
100pc_1x,28.5,15.403794107062483,Cl + O3 -> ClO + O2,1.1857809656497973e-11,3736861513.9408016,3.173200187446342e-21,3.173200187446342e-19
100pc_1x,31.5,9.901503401340532,Cl + O3 -> ClO + O2,9.526219841223861e-12,2899584900.8443365,3.173200187446342e-21,3.173200187446342e-19
100pc_1x,34.5,6.4475199229172615,Cl + O3 -> ClO + O2,6.434645819219716e-12,2090628545.9091246,3.077852271658122e-21,3.077852271658122e-19
100pc_1x,37.5,4.2605039664338955,Cl + O3 -> ClO + O2,3.990502243565869e-12,1511661182.9917095,2.6398126038192742e-21,2.639812603819274e-19
100pc_1x,40.5,2.8548760206539225,Cl + O3 -> ClO + O2,2.611508907152011e-12,1176333203.2697687,2.2200418213929416e-21,2.2200418213929416e-19
100pc_1x,43.5,1.9358967925716792,Cl + O3 -> ClO + O2,1.805103157147236e-12,980566267.4717212,1.8408782935206303e-21,1.8408782935206302e-19
100pc_1x,46.5,1.3230947323379596,Cl + O3 -> ClO + O2,1.210326488133536e-12,827862784.9622816,1.4619892452209697e-21,1.4619892452209698e-19
100pc_1x,49.5,0.9066366451439213,Cl + O3 -> ClO + O2,6.975058271004423e-13,654173161.5330992,1.06624035976314e-21,1.06624035976314e-19
100pc_1x,52.5,0.6197798930084258,Cl + O3 -> ClO + O2,3.4435076122103577e-13,475959421.56234986,8.948640025909671e-22,8.948640025909672e-20
100pc_1x,1.5,897.1514734625044,H + O3 -> OH + O2,1.072755936780488,364370159.1072732,2.5602167992790363e-09,2.560216799279036e-07
100pc_1x,4.5,614.8726044376043,H + O3 -> OH + O2,0.7690380899258409,353370194.095596,2.1762958584950592e-09,2.1762958584950591e-07
100pc_1x,7.5,411.03519194723395,H + O3 -> OH + O2,0.5829767132791107,365180185.43700355,1.5964083937946265e-09,1.5964083937946265e-07
100pc_1x,10.5,266.42305462867273,H + O3 -> OH + O2,0.44444062414879404,392308051.8455846,1.132886827221505e-09,1.132886827221505e-07
100pc_1x,13.5,165.97350226501058,H + O3 -> OH + O2,0.8452638736469589,932435231.7255937,9.065121575068407e-10,9.065121575068407e-08
100pc_1x,16.5,101.64105187669615,H + O3 -> OH + O2,1.989966661295918,2458061297.8461857,9.065121575068407e-10,9.065121575068407e-08
100pc_1x,19.5,62.20964027531718,H + O3 -> OH + O2,4.9984631530389665,3815900416.6047535,1.3099039826323385e-09,1.3099039826323386e-07
100pc_1x,22.5,38.59425922417196,H + O3 -> OH + O2,14.374012350927948,4411312851.517359,3.258443197014177e-09,3.258443197014177e-07
100pc_1x,25.5,24.238877968243113,H + O3 -> OH + O2,41.584001521399145,4327647342.131107,9.608916400503538e-09,9.608916400503537e-07
100pc_1x,28.5,15.403794107062483,H + O3 -> OH + O2,110.78740516001409,3736861513.9408016,2.9647179791573394e-08,2.964717979157339e-06
100pc_1x,31.5,9.901503401340532,H + O3 -> OH + O2,266.5518155963018,2899584900.8443365,9.192757746761752e-08,9.192757746761753e-06
100pc_1x,34.5,6.4475199229172615,H + O3 -> OH + O2,666.0868643971696,2090628545.9091246,3.1860603152126055e-07,3.186060315212605e-05
100pc_1x,37.5,4.2605039664338955,H + O3 -> OH + O2,1971.4886778699188,1511661182.9917095,1.3041868773584373e-06,0.00013041868773584374
100pc_1x,40.5,2.8548760206539225,H + O3 -> OH + O2,6999.7569233311515,1176333203.2697687,5.950488266313006e-06,0.0005950488266313007
100pc_1x,43.5,1.9358967925716792,H + O3 -> OH + O2,26061.50176199898,980566267.4717212,2.6578011733154564e-05,0.002657801173315456
100pc_1x,46.5,1.3230947323379596,H + O3 -> OH + O2,80859.73121735707,827862784.9622816,9.767286642923699e-05,0.009767286642923699
100pc_1x,49.5,0.9066366451439213,H + O3 -> OH + O2,177193.41321223375,654173161.5330992,0.00027086622263281017,0.027086622263281016
100pc_1x,52.5,0.6197798930084258,H + O3 -> OH + O2,281594.73770480347,475959421.56234986,0.000431251121158989,0.0431251121158989
100pc_1x,1.5,897.1514734625044,HS + O3 -> HSO + O2,1772.4974664810497,364370159.1072732,2.7292819172275815e-06,0.00027292819172275814
100pc_1x,4.5,614.8726044376043,HS + O3 -> HSO + O2,209.90619336608972,353370194.095596,5.940121630895235e-07,5.940121630895235e-05
100pc_1x,7.5,411.03519194723395,HS + O3 -> HSO + O2,29.59891352706922,365180185.43700355,8.105290130035071e-08,8.105290130035071e-06
100pc_1x,10.5,266.42305462867273,HS + O3 -> HSO + O2,6.186160628312512,392308051.8455846,1.5768630287372823e-08,1.5768630287372823e-06
100pc_1x,13.5,165.97350226501058,HS + O3 -> HSO + O2,1.4504436077758047,932435231.7255937,1.5555435470746517e-09,1.5555435470746516e-07
100pc_1x,16.5,101.64105187669615,HS + O3 -> HSO + O2,0.7269945751558997,2458061297.8461857,2.9575933512842434e-10,2.9575933512842436e-08
100pc_1x,19.5,62.20964027531718,HS + O3 -> HSO + O2,0.5058683697369528,3815900416.6047535,1.3256854595462838e-10,1.3256854595462839e-08
100pc_1x,22.5,38.59425922417196,HS + O3 -> HSO + O2,0.328727000460034,4411312851.517359,7.451908570641545e-11,7.451908570641545e-09
100pc_1x,25.5,24.238877968243113,HS + O3 -> HSO + O2,0.20892928209823924,4327647342.131107,4.827779751465471e-11,4.827779751465471e-09
100pc_1x,28.5,15.403794107062483,HS + O3 -> HSO + O2,0.13057876139253927,3736861513.9408016,3.494343071194901e-11,3.494343071194901e-09
100pc_1x,31.5,9.901503401340532,HS + O3 -> HSO + O2,0.07882186850173663,2899584900.8443365,2.7183845687285898e-11,2.7183845687285897e-09
100pc_1x,34.5,6.4475199229172615,HS + O3 -> HSO + O2,0.035866689568640586,2090628545.9091246,1.7155936016861235e-11,1.7155936016861235e-09
100pc_1x,37.5,4.2605039664338955,HS + O3 -> HSO + O2,0.012401522015980083,1511661182.9917095,8.203903199681551e-12,8.203903199681551e-10
100pc_1x,40.5,2.8548760206539225,HS + O3 -> HSO + O2,0.007121004805287538,1176333203.2697687,8.203903199681551e-12,8.203903199681551e-10
100pc_1x,43.5,1.9358967925716792,HS + O3 -> HSO + O2,0.00825957709425667,980566267.4717212,8.423272723375496e-12,8.423272723375496e-10
100pc_1x,46.5,1.3230947323379596,HS + O3 -> HSO + O2,0.008080141815164237,827862784.9622816,8.423272723375496e-12,8.423272723375496e-10
100pc_1x,49.5,0.9066366451439213,HS + O3 -> HSO + O2,0.005394889110374935,654173161.5330992,8.246882366331945e-12,8.246882366331945e-10
100pc_1x,52.5,0.6197798930084258,HS + O3 -> HSO + O2,0.003134969008412181,475959421.56234986,7.416756607116988e-12,7.416756607116988e-10
100pc_1x,1.5,897.1514734625044,NO + O3 -> NO2 + O2,700083.2956589154,364370159.1072732,0.0009662546591337787,0.09662546591337788
100pc_1x,4.5,614.8726044376043,NO + O3 -> NO2 + O2,3942.700848255756,353370194.095596,7.074921997809718e-05,0.007074921997809717
100pc_1x,7.5,411.03519194723395,NO + O3 -> NO2 + O2,25836.21327112488,365180185.43700355,7.074921997809718e-05,0.007074921997809717
100pc_1x,10.5,266.42305462867273,NO + O3 -> NO2 + O2,142638.15871465215,392308051.8455846,0.00036358713017390634,0.03635871301739063
100pc_1x,13.5,165.97350226501058,NO + O3 -> NO2 + O2,1257276.7286171108,932435231.7255937,0.0013483796899119258,0.13483796899119257
100pc_1x,16.5,101.64105187669615,NO + O3 -> NO2 + O2,5160117.988896878,2458061297.8461857,0.002099263347670907,0.2099263347670907
100pc_1x,19.5,62.20964027531718,NO + O3 -> NO2 + O2,11109173.34442275,3815900416.6047535,0.0029112849213993063,0.29112849213993064
100pc_1x,22.5,38.59425922417196,NO + O3 -> NO2 + O2,17696839.47635582,4411312851.517359,0.004011694493685398,0.40116944936853977
100pc_1x,25.5,24.238877968243113,NO + O3 -> NO2 + O2,26041617.456093766,4327647342.131107,0.006017499901752583,0.6017499901752583
100pc_1x,28.5,15.403794107062483,NO + O3 -> NO2 + O2,35528200.51432392,3736861513.9408016,0.009507497235790459,0.9507497235790459
100pc_1x,31.5,9.901503401340532,NO + O3 -> NO2 + O2,38626103.34431444,2899584900.8443365,0.013321252753477513,1.3321252753477513
100pc_1x,34.5,6.4475199229172615,NO + O3 -> NO2 + O2,32509367.428732157,2090628545.9091246,0.014546339400313408,1.4546339400313408
100pc_1x,37.5,4.2605039664338955,NO + O3 -> NO2 + O2,21989136.62607668,1511661182.9917095,0.014546339400313408,1.4546339400313408
100pc_1x,40.5,2.8548760206539225,NO + O3 -> NO2 + O2,12666895.399977583,1176333203.2697687,0.010768118560938624,1.0768118560938624
100pc_1x,43.5,1.9358967925716792,NO + O3 -> NO2 + O2,6603110.64806236,980566267.4717212,0.006733976955058561,0.673397695505856
100pc_1x,46.5,1.3230947323379596,NO + O3 -> NO2 + O2,3145314.8078541616,827862784.9622816,0.0037993189994613248,0.37993189994613247
100pc_1x,49.5,0.9066366451439213,NO + O3 -> NO2 + O2,1324947.5349709806,654173161.5330992,0.0020253773968132173,0.20253773968132174
100pc_1x,52.5,0.6197798930084258,NO + O3 -> NO2 + O2,494990.0634141732,475959421.56234986,0.0015326805727026932,0.15326805727026932
100pc_1x,1.5,897.1514734625044,NO2 + O3 -> NO3 + O2,5961.141768950268,364370159.1072732,8.36427291677073e-06,0.0008364272916770731
100pc_1x,4.5,614.8726044376043,NO2 + O3 -> NO3 + O2,130.1885344418941,353370194.095596,3.6841968173092333e-07,3.684196817309233e-05
100pc_1x,7.5,411.03519194723395,NO2 + O3 -> NO3 + O2,81.5876099849726,365180185.43700355,2.2341740663540768e-07,2.234174066354077e-05
100pc_1x,10.5,266.42305462867273,NO2 + O3 -> NO3 + O2,60.09506088565546,392308051.8455846,2.2341740663540768e-07,2.234174066354077e-05
100pc_1x,13.5,165.97350226501058,NO2 + O3 -> NO3 + O2,526.207929315829,932435231.7255937,5.643372444668486e-07,5.643372444668486e-05
100pc_1x,16.5,101.64105187669615,NO2 + O3 -> NO3 + O2,3940.9435070848476,2458061297.8461857,1.6032730796982159e-06,0.00016032730796982159
100pc_1x,19.5,62.20964027531718,NO2 + O3 -> NO3 + O2,16272.416805918741,3815900416.6047535,4.2643714534870735e-06,0.00042643714534870735
100pc_1x,22.5,38.59425922417196,NO2 + O3 -> NO3 + O2,37538.759671942236,4411312851.517359,8.509657087465478e-06,0.0008509657087465477
100pc_1x,25.5,24.238877968243113,NO2 + O3 -> NO3 + O2,64683.45064847543,4327647342.131107,1.4946562308522742e-05,0.0014946562308522742
100pc_1x,28.5,15.403794107062483,NO2 + O3 -> NO3 + O2,84347.84684130788,3736861513.9408016,2.257184177862581e-05,0.0022571841778625808
100pc_1x,31.5,9.901503401340532,NO2 + O3 -> NO3 + O2,72150.81851325186,2899584900.8443365,2.257184177862581e-05,0.0022571841778625808
100pc_1x,34.5,6.4475199229172615,NO2 + O3 -> NO3 + O2,42440.989812329535,2090628545.9091246,2.03005884978356e-05,0.00203005884978356
100pc_1x,37.5,4.2605039664338955,NO2 + O3 -> NO3 + O2,18317.506812305022,1511661182.9917095,1.2117468529590128e-05,0.0012117468529590128
100pc_1x,40.5,2.8548760206539225,NO2 + O3 -> NO3 + O2,6107.061191279677,1176333203.2697687,5.191608274172928e-06,0.0005191608274172928
100pc_1x,43.5,1.9358967925716792,NO2 + O3 -> NO3 + O2,1668.467887881325,980566267.4717212,1.7015350652264227e-06,0.00017015350652264228
100pc_1x,46.5,1.3230947323379596,NO2 + O3 -> NO3 + O2,372.3491179626942,827862784.9622816,4.4977153790003847e-07,4.4977153790003844e-05
100pc_1x,49.5,0.9066366451439213,NO2 + O3 -> NO3 + O2,67.11886341184696,654173161.5330992,1.0260106552605941e-07,1.0260106552605941e-05
100pc_1x,52.5,0.6197798930084258,NO2 + O3 -> NO3 + O2,10.121242606797425,475959421.56234986,6.193299652808574e-08,6.193299652808574e-06
100pc_1x,1.5,897.1514734625044,O + O3 -> O2 + O2,9.458985379982419,364370159.1072732,2.5600360956784634e-08,2.5600360956784635e-06
100pc_1x,4.5,614.8726044376043,O + O3 -> O2 + O2,8.919380821554428,353370194.095596,2.524089742311854e-08,2.524089742311854e-06
100pc_1x,7.5,411.03519194723395,O + O3 -> O2 + O2,7.82838336316852,365180185.43700355,2.143704306902757e-08,2.1437043069027568e-06
100pc_1x,10.5,266.42305462867273,O + O3 -> O2 + O2,6.8138718254630275,392308051.8455846,2.143704306902757e-08,2.1437043069027568e-06
100pc_1x,13.5,165.97350226501058,O + O3 -> O2 + O2,51.76100341121885,932435231.7255937,5.5511634106133384e-08,5.551163410613339e-06
100pc_1x,16.5,101.64105187669615,O + O3 -> O2 + O2,666.7331296164527,2458061297.8461857,2.712434918529741e-07,2.712434918529741e-05
100pc_1x,19.5,62.20964027531718,O + O3 -> O2 + O2,5505.087592300859,3815900416.6047535,1.4426706651844655e-06,0.00014426706651844655
100pc_1x,22.5,38.59425922417196,O + O3 -> O2 + O2,24990.90466761985,4411312851.517359,5.665185288099376e-06,0.0005665185288099376
100pc_1x,25.5,24.238877968243113,O + O3 -> O2 + O2,77302.74144094656,4327647342.131107,1.786253253317993e-05,0.001786253253317993
100pc_1x,28.5,15.403794107062483,O + O3 -> O2 + O2,170546.00796878673,3736861513.9408016,4.5638835512781186e-05,0.004563883551278119
100pc_1x,31.5,9.901503401340532,O + O3 -> O2 + O2,279243.02364971605,2899584900.8443365,9.630448260659747e-05,0.009630448260659747
100pc_1x,34.5,6.4475199229172615,O + O3 -> O2 + O2,386995.2977949166,2090628545.9091246,0.00018510954447272649,0.01851095444727265
100pc_1x,37.5,4.2605039664338955,O + O3 -> O2 + O2,505660.63001212705,1511661182.9917095,0.0003345065916235148,0.03345065916235148
100pc_1x,40.5,2.8548760206539225,O + O3 -> O2 + O2,682483.3342018072,1176333203.2697687,0.0005801785857142835,0.05801785857142835
100pc_1x,43.5,1.9358967925716792,O + O3 -> O2 + O2,958562.8782134759,980566267.4717212,0.0009775605280457195,0.09775605280457195
100pc_1x,46.5,1.3230947323379596,O + O3 -> O2 + O2,1235888.9804769077,827862784.9622816,0.0014928669375242132,0.14928669375242132
100pc_1x,49.5,0.9066366451439213,O + O3 -> O2 + O2,1279543.174825319,654173161.5330992,0.0019559701468440296,0.19559701468440296
100pc_1x,52.5,0.6197798930084258,O + O3 -> O2 + O2,1045827.8967133459,475959421.56234986,0.0020766374472739567,0.20766374472739568
100pc_1x,1.5,897.1514734625044,O1D + O3 -> O2 + O2,0.8315586161624151,364370159.1072732,2.9359917220530914e-09,2.9359917220530914e-07
100pc_1x,4.5,614.8726044376043,O1D + O3 -> O2 + O2,1.268529223213086,353370194.095596,3.589802548173928e-09,3.589802548173928e-07
100pc_1x,7.5,411.03519194723395,O1D + O3 -> O2 + O2,2.004920574577128,365180185.43700355,5.490222784617629e-09,5.49022278461763e-07
100pc_1x,10.5,266.42305462867273,O1D + O3 -> O2 + O2,3.4096279982636757,392308051.8455846,8.691200657807889e-09,8.691200657807888e-07
100pc_1x,13.5,165.97350226501058,O1D + O3 -> O2 + O2,34.9544431484379,932435231.7255937,3.7487261269343207e-08,3.748726126934321e-06
100pc_1x,16.5,101.64105187669615,O1D + O3 -> O2 + O2,373.07026541416224,2458061297.8461857,1.5177419120550642e-07,1.5177419120550642e-05
100pc_1x,19.5,62.20964027531718,O1D + O3 -> O2 + O2,1657.6105926882155,3815900416.6047535,4.343956633341852e-07,4.3439566333418525e-05
100pc_1x,22.5,38.59425922417196,O1D + O3 -> O2 + O2,4636.126033267939,4411312851.517359,1.050962874164151e-06,0.00010509628741641509
100pc_1x,25.5,24.238877968243113,O1D + O3 -> O2 + O2,10048.810753295696,4327647342.131107,2.3220031483312267e-06,0.00023220031483312266
100pc_1x,28.5,15.403794107062483,O1D + O3 -> O2 + O2,16883.385499929955,3736861513.9408016,4.518065611193912e-06,0.0004518065611193912
100pc_1x,31.5,9.901503401340532,O1D + O3 -> O2 + O2,20652.715350429175,2899584900.8443365,7.122645501573437e-06,0.0007122645501573437
100pc_1x,34.5,6.4475199229172615,O1D + O3 -> O2 + O2,18206.96219372929,2090628545.9091246,8.708846068975808e-06,0.0008708846068975808
100pc_1x,37.5,4.2605039664338955,O1D + O3 -> O2 + O2,13512.41223540188,1511661182.9917095,8.708846068975808e-06,0.0008708846068975808
100pc_1x,40.5,2.8548760206539225,O1D + O3 -> O2 + O2,10057.10136384307,1176333203.2697687,8.549534550149625e-06,0.0008549534550149625
100pc_1x,43.5,1.9358967925716792,O1D + O3 -> O2 + O2,8003.852842676373,980566267.4717212,8.162480301625507e-06,0.0008162480301625507
100pc_1x,46.5,1.3230947323379596,O1D + O3 -> O2 + O2,6537.731531561702,827862784.9622816,7.897119728433703e-06,0.0007897119728433702
100pc_1x,49.5,0.9066366451439213,O1D + O3 -> O2 + O2,4847.691108490856,654173161.5330992,7.410409649227986e-06,0.0007410409649227986
100pc_1x,52.5,0.6197798930084258,O1D + O3 -> O2 + O2,3187.679683937028,475959421.56234986,7.053893325698163e-06,0.0007053893325698164
100pc_1x,1.5,897.1514734625044,O3 + M -> O + O2 + M,54042.88860110318,364370159.1072732,7.832246205806221e-05,0.00783224620580622
100pc_1x,4.5,614.8726044376043,O3 + M -> O + O2 + M,2942.2585532585344,353370194.095596,8.326278227253585e-06,0.0008326278227253585
100pc_1x,7.5,411.03519194723395,O3 + M -> O + O2 + M,71.47131248473198,365180185.43700355,1.9571519851002798e-07,1.9571519851002797e-05
100pc_1x,10.5,266.42305462867273,O3 + M -> O + O2 + M,0.6104673992935106,392308051.8455846,1.5560919446379224e-09,1.5560919446379224e-07
100pc_1x,13.5,165.97350226501058,O3 + M -> O + O2 + M,0.0211667048748327,932435231.7255937,2.2700455918703263e-11,2.270045591870326e-09
100pc_1x,16.5,101.64105187669615,O3 + M -> O + O2 + M,0.00833553803358131,2458061297.8461857,7.791936937749289e-12,7.791936937749289e-10
100pc_1x,19.5,62.20964027531718,O3 + M -> O + O2 + M,0.02973325540691548,3815900416.6047535,7.791936937749289e-12,7.791936937749289e-10
100pc_1x,22.5,38.59425922417196,O3 + M -> O + O2 + M,0.08334707761604049,4411312851.517359,1.889393938300513e-11,1.889393938300513e-09
100pc_1x,25.5,24.238877968243113,O3 + M -> O + O2 + M,0.17688685002607069,4327647342.131107,4.0873674780294017e-11,4.0873674780294015e-09
100pc_1x,28.5,15.403794107062483,O3 + M -> O + O2 + M,0.30162279006874704,3736861513.9408016,8.071553867958652e-11,8.071553867958652e-09
100pc_1x,31.5,9.901503401340532,O3 + M -> O + O2 + M,0.4498753911552562,2899584900.8443365,1.5515165326742322e-10,1.551516532674232e-08
100pc_1x,34.5,6.4475199229172615,O3 + M -> O + O2 + M,0.781007393895431,2090628545.9091246,3.735753993332203e-10,3.735753993332203e-08
100pc_1x,37.5,4.2605039664338955,O3 + M -> O + O2 + M,1.3407599193667896,1511661182.9917095,8.869447297133798e-10,8.869447297133798e-08
100pc_1x,40.5,2.8548760206539225,O3 + M -> O + O2 + M,2.016214062012388,1176333203.2697687,1.7139821067772828e-09,1.7139821067772827e-07
100pc_1x,43.5,1.9358967925716792,O3 + M -> O + O2 + M,2.382700933154302,980566267.4717212,2.1034306446227204e-09,2.1034306446227203e-07
100pc_1x,46.5,1.3230947323379596,O3 + M -> O + O2 + M,1.7413519514323725,827862784.9622816,2.1034306446227204e-09,2.1034306446227203e-07
100pc_1x,49.5,0.9066366451439213,O3 + M -> O + O2 + M,0.7351596605445975,654173161.5330992,1.1237997884561649e-09,1.1237997884561649e-07
100pc_1x,52.5,0.6197798930084258,O3 + M -> O + O2 + M,0.1785722586636504,475959421.56234986,7.494917881730348e-10,7.494917881730348e-08
100pc_1x,1.5,897.1514734625044,O3 + hv -> O + O2,351437498.9699804,364370159.1072732,0.9616907345969485,96.16907345969486
100pc_1x,4.5,614.8726044376043,O3 + hv -> O + O2,338837725.25681037,353370194.095596,0.9588746615260533,95.88746615260533
100pc_1x,7.5,411.03519194723395,O3 + hv -> O + O2,348277047.0920861,365180185.43700355,0.9537128819717043,95.37128819717043
100pc_1x,10.5,266.42305462867273,O3 + hv -> O + O2,372613747.7608547,392308051.8455846,0.9497988787329767,94.97988787329767
100pc_1x,13.5,165.97350226501058,O3 + hv -> O + O2,881864035.420248,932435231.7255937,0.9457643870751676,94.57643870751676
100pc_1x,16.5,101.64105187669615,O3 + hv -> O + O2,2312088352.186024,2458061297.8461857,0.9406146031475836,94.06146031475836
100pc_1x,19.5,62.20964027531718,O3 + hv -> O + O2,3547185868.3907676,3815900416.6047535,0.9295803037614179,92.95803037614179
100pc_1x,22.5,38.59425922417196,O3 + hv -> O + O2,3997758883.0360966,4411312851.517359,0.9062514987258244,90.62514987258244
100pc_1x,25.5,24.238877968243113,O3 + hv -> O + O2,3724992721.1404295,4327647342.131107,0.8607431305403211,86.07431305403212
100pc_1x,28.5,15.403794107062483,O3 + hv -> O + O2,2911039548.6527424,3736861513.9408016,0.7790065373824443,77.90065373824443
100pc_1x,31.5,9.901503401340532,O3 + hv -> O + O2,1902087391.2114854,2899584900.8443365,0.6559861001682042,65.59861001682043
100pc_1x,34.5,6.4475199229172615,O3 + hv -> O + O2,1082486901.1996925,2090628545.9091246,0.5177805991972454,51.77805991972454
100pc_1x,37.5,4.2605039664338955,O3 + hv -> O + O2,597253922.9728422,1511661182.9917095,0.39509774392091257,39.50977439209126
100pc_1x,40.5,2.8548760206539225,O3 + hv -> O + O2,350973000.07889724,1176333203.2697687,0.29836189193956514,29.836189193956514
100pc_1x,43.5,1.9358967925716792,O3 + hv -> O + O2,230711339.66506523,980566267.4717212,0.2352837817477938,23.52837817477938
100pc_1x,46.5,1.3230947323379596,O3 + hv -> O + O2,164701420.16917273,827862784.9622816,0.19894772800625013,19.894772800625013
100pc_1x,49.5,0.9066366451439213,O3 + hv -> O + O2,116704703.55206008,654173161.5330992,0.17840032336171466,17.840032336171465
100pc_1x,52.5,0.6197798930084258,O3 + hv -> O + O2,79362288.24553354,475959421.56234986,0.17257101710486034,17.257101710486033
100pc_1x,1.5,897.1514734625044,O3 + hv -> O1D + O2,12079576.753648855,364370159.1072732,0.03704012305761248,3.704012305761248
100pc_1x,4.5,614.8726044376043,O3 + hv -> O1D + O2,14462844.347671084,353370194.095596,0.04092830858212818,4.092830858212818
100pc_1x,7.5,411.03519194723395,O3 + hv -> O1D + O2,16839890.011141974,365180185.43700355,0.046113920422571744,4.611392042257174
100pc_1x,10.5,266.42305462867273,O3 + hv -> O1D + O2,19528056.00773053,392308051.8455846,0.04977735204735721,4.977735204735721
100pc_1x,13.5,165.97350226501058,O3 + hv -> O1D + O2,49272686.280229285,932435231.7255937,0.05284301215114289,5.284301215114289
100pc_1x,16.5,101.64105187669615,O3 + hv -> O1D + O2,140691083.0499261,2458061297.8461857,0.05723660478817315,5.723660478817314
100pc_1x,19.5,62.20964027531718,O3 + hv -> O1D + O2,257332268.6203518,3815900416.6047535,0.06743684072586896,6.743684072586896
100pc_1x,22.5,38.59425922417196,O3 + hv -> O1D + O2,395376073.65495324,4411312851.517359,0.08962775639885885,8.962775639885885
100pc_1x,25.5,24.238877968243113,O3 + hv -> O1D + O2,575819341.4041241,4327647342.131107,0.13305597611855488,13.305597611855488
100pc_1x,28.5,15.403794107062483,O3 + hv -> O1D + O2,789091380.2305436,3736861513.9408016,0.21116420217520648,21.11642021752065
100pc_1x,31.5,9.901503401340532,O3 + hv -> O1D + O2,957369945.0237976,2899584900.8443365,0.33017482769517076,33.01748276951707
100pc_1x,34.5,6.4475199229172615,O3 + hv -> O1D + O2,974080747.2341521,2090628545.9091246,0.4659272203759976,46.592722037599756
100pc_1x,37.5,4.2605039664338955,O3 + hv -> O1D + O2,890938209.4260552,1511661182.9917095,0.5893769182210598,58.937691822105975
100pc_1x,40.5,2.8548760206539225,O3 + hv -> O1D + O2,811204220.3256431,1176333203.2697687,0.6896041173289992,68.96041173289991
100pc_1x,43.5,1.9358967925716792,O3 + hv -> O1D + O2,741597361.7055448,980566267.4717212,0.7562949963776232,75.62949963776232
100pc_1x,46.5,1.3230947323379596,O3 + hv -> O1D + O2,658170076.1636106,827862784.9622816,0.7950231464911152,79.50231464911151
100pc_1x,49.5,0.9066366451439213,O3 + hv -> O1D + O2,534334091.9926185,654173161.5330992,0.8168083367106812,81.68083367106811
100pc_1x,52.5,0.6197798930084258,O3 + hv -> O1D + O2,394576526.3907511,475959421.56234986,0.8229106457095895,82.29106457095895
100pc_1x,1.5,897.1514734625044,OH + O3 -> HO2 + O2,91205.59972828283,364370159.1072732,0.00021342815431467155,0.021342815431467155
100pc_1x,4.5,614.8726044376043,OH + O3 -> HO2 + O2,62386.10132101648,353370194.095596,0.0001765460199060801,0.017654601990608008
100pc_1x,7.5,411.03519194723395,OH + O3 -> HO2 + O2,37217.96143483314,365180185.43700355,0.00010191670555809367,0.010191670555809367
100pc_1x,10.5,266.42305462867273,OH + O3 -> HO2 + O2,23531.852374825805,392308051.8455846,5.9983098139642874e-05,0.005998309813964288
100pc_1x,13.5,165.97350226501058,OH + O3 -> HO2 + O2,40617.28370468989,932435231.7255937,4.750025580022166e-05,0.0047500255800221654
100pc_1x,16.5,101.64105187669615,OH + O3 -> HO2 + O2,116758.54042031866,2458061297.8461857,4.750025580022166e-05,0.0047500255800221654
100pc_1x,19.5,62.20964027531718,OH + O3 -> HO2 + O2,249655.61560031504,3815900416.6047535,6.542508670141065e-05,0.006542508670141065
100pc_1x,22.5,38.59425922417196,OH + O3 -> HO2 + O2,413843.560793762,4411312851.517359,9.381414892199547e-05,0.009381414892199546
100pc_1x,25.5,24.238877968243113,OH + O3 -> HO2 + O2,641498.8062150611,4327647342.131107,0.0001482326898427822,0.01482326898427822
100pc_1x,28.5,15.403794107062483,OH + O3 -> HO2 + O2,930300.113333907,3736861513.9408016,0.0002489522584295171,0.02489522584295171
100pc_1x,31.5,9.901503401340532,OH + O3 -> HO2 + O2,1128819.8691228353,2899584900.8443365,0.00038930395478129707,0.03893039547812971
100pc_1x,34.5,6.4475199229172615,OH + O3 -> HO2 + O2,1102792.685302436,2090628545.9091246,0.0005274933643570234,0.052749336435702336
100pc_1x,37.5,4.2605039664338955,OH + O3 -> HO2 + O2,939973.6888516627,1511661182.9917095,0.0006218150597684679,0.06218150597684679
100pc_1x,40.5,2.8548760206539225,OH + O3 -> HO2 + O2,782946.0009811532,1176333203.2697687,0.0006655818256297235,0.06655818256297234
100pc_1x,43.5,1.9358967925716792,OH + O3 -> HO2 + O2,659698.3114248363,980566267.4717212,0.0006655818256297235,0.06655818256297234
100pc_1x,46.5,1.3230947323379596,OH + O3 -> HO2 + O2,521978.7033214079,827862784.9622816,0.0006305135498332491,0.06305135498332491
100pc_1x,49.5,0.9066366451439213,OH + O3 -> HO2 + O2,347596.6500273475,654173161.5330992,0.0005313526608348334,0.05313526608348334
100pc_1x,52.5,0.6197798930084258,OH + O3 -> HO2 + O2,194935.0155681383,475959421.56234986,0.0004704574595820194,0.04704574595820194
100pc_1x,1.5,897.1514734625044,S + O3 -> SO + O2,5.9056995697979685e-08,364370159.1072732,1.0024378834679375e-16,1.0024378834679375e-14
100pc_1x,4.5,614.8726044376043,S + O3 -> SO + O2,1.35722089077583e-08,353370194.095596,3.8407905178575016e-17,3.840790517857502e-15
100pc_1x,7.5,411.03519194723395,S + O3 -> SO + O2,3.3844240277482284e-09,365180185.43700355,9.267819456573632e-18,9.267819456573632e-16
100pc_1x,10.5,266.42305462867273,S + O3 -> SO + O2,1.4889810518711846e-09,392308051.8455846,9.267819456573632e-18,9.267819456573632e-16
100pc_1x,13.5,165.97350226501058,S + O3 -> SO + O2,6.176958120251061e-08,932435231.7255937,6.624543893327358e-17,6.624543893327358e-15
100pc_1x,16.5,101.64105187669615,S + O3 -> SO + O2,3.568424650855267e-06,2458061297.8461857,1.4517232153575702e-15,1.4517232153575702e-13
100pc_1x,19.5,62.20964027531718,S + O3 -> SO + O2,5.708719952492104e-05,3815900416.6047535,1.4960348356185643e-14,1.4960348356185644e-12
100pc_1x,22.5,38.59425922417196,S + O3 -> SO + O2,0.00040181423929885516,4411312851.517359,9.108722342389367e-14,9.108722342389367e-12
100pc_1x,25.5,24.238877968243113,S + O3 -> SO + O2,0.0015635129198908915,4327647342.131107,3.612847342410657e-13,3.612847342410657e-11
100pc_1x,28.5,15.403794107062483,S + O3 -> SO + O2,0.003090750740767957,3736861513.9408016,8.270980150689416e-13,8.270980150689416e-11
100pc_1x,31.5,9.901503401340532,S + O3 -> SO + O2,0.0025499847691846135,2899584900.8443365,8.270980150689416e-13,8.270980150689416e-11
100pc_1x,34.5,6.4475199229172615,S + O3 -> SO + O2,0.000855592978790726,2090628545.9091246,4.092515528236343e-13,4.092515528236343e-11
100pc_1x,37.5,4.2605039664338955,S + O3 -> SO + O2,0.00016897522094235214,1511661182.9917095,1.1178114702127591e-13,1.1178114702127592e-11
100pc_1x,40.5,2.8548760206539225,S + O3 -> SO + O2,5.301488002932173e-05,1176333203.2697687,4.5164803362754096e-14,4.5164803362754095e-12
100pc_1x,43.5,1.9358967925716792,S + O3 -> SO + O2,4.4287082654510025e-05,980566267.4717212,4.5164803362754096e-14,4.5164803362754095e-12
100pc_1x,46.5,1.3230947323379596,S + O3 -> SO + O2,4.707805297561128e-05,827862784.9622816,5.686697582106703e-14,5.686697582106702e-12
100pc_1x,49.5,0.9066366451439213,S + O3 -> SO + O2,4.653134338340338e-05,654173161.5330992,7.113000978877523e-14,7.113000978877523e-12
100pc_1x,52.5,0.6197798930084258,S + O3 -> SO + O2,4.2510391413002925e-05,475959421.56234986,8.022258439293121e-14,8.022258439293121e-12
100pc_1x,1.5,897.1514734625044,SO + O3 -> SO2 + O2,1.8351307944287396,364370159.1072732,3.1964982082034456e-09,3.1964982082034454e-07
100pc_1x,4.5,614.8726044376043,SO + O3 -> SO2 + O2,0.4793643248258289,353370194.095596,1.356549966113294e-09,1.356549966113294e-07
100pc_1x,7.5,411.03519194723395,SO + O3 -> SO2 + O2,0.20549483881283834,365180185.43700355,5.627217658781977e-10,5.627217658781977e-08
100pc_1x,10.5,266.42305462867273,SO + O3 -> SO2 + O2,0.1643492575638134,392308051.8455846,4.189290961290352e-10,4.1892909612903516e-08
100pc_1x,13.5,165.97350226501058,SO + O3 -> SO2 + O2,0.23223367971418996,932435231.7255937,2.490614595122184e-10,2.4906145951221843e-08
100pc_1x,16.5,101.64105187669615,SO + O3 -> SO2 + O2,0.4693818434027218,2458061297.8461857,2.490614595122184e-10,2.4906145951221843e-08
100pc_1x,19.5,62.20964027531718,SO + O3 -> SO2 + O2,0.9777967911473309,3815900416.6047535,2.562427433620865e-10,2.562427433620865e-08
100pc_1x,22.5,38.59425922417196,SO + O3 -> SO2 + O2,2.8967836529315774,4411312851.517359,6.566715511766914e-10,6.566715511766914e-08
100pc_1x,25.5,24.238877968243113,SO + O3 -> SO2 + O2,9.217794785200233,4327647342.131107,2.129978266819916e-09,2.129978266819916e-07
100pc_1x,28.5,15.403794107062483,SO + O3 -> SO2 + O2,19.43686060998322,3736861513.9408016,5.201386387339142e-09,5.201386387339142e-07
100pc_1x,31.5,9.901503401340532,SO + O3 -> SO2 + O2,18.69800535229826,2899584900.8443365,5.201386387339142e-09,5.201386387339142e-07
100pc_1x,34.5,6.4475199229172615,SO + O3 -> SO2 + O2,7.619008926652441,2090628545.9091246,3.64436281211269e-09,3.64436281211269e-07
100pc_1x,37.5,4.2605039664338955,SO + O3 -> SO2 + O2,1.7813738701576196,1511661182.9917095,1.178421388470216e-09,1.178421388470216e-07
100pc_1x,40.5,2.8548760206539225,SO + O3 -> SO2 + O2,0.5857450618475195,1176333203.2697687,4.979414507890844e-10,4.979414507890844e-08
100pc_1x,43.5,1.9358967925716792,SO + O3 -> SO2 + O2,0.45276630961412573,980566267.4717212,4.979414507890844e-10,4.979414507890844e-08
100pc_1x,46.5,1.3230947323379596,SO + O3 -> SO2 + O2,0.4429051131971773,827862784.9622816,5.34998216180664e-10,5.34998216180664e-08
100pc_1x,49.5,0.9066366451439213,SO + O3 -> SO2 + O2,0.4213237938928658,654173161.5330992,6.440554560591646e-10,6.440554560591646e-08
100pc_1x,52.5,0.6197798930084258,SO + O3 -> SO2 + O2,0.3860617119513698,475959421.56234986,7.275893100275935e-10,7.275893100275935e-08
100pc_1x,1.5,897.1514734625044,SO2 + O3 -> SO3 + O2,0.08589268921383726,364370159.1072732,1.3192322859884224e-10,1.3192322859884224e-08
100pc_1x,4.5,614.8726044376043,SO2 + O3 -> SO3 + O2,0.009935797623469278,353370194.095596,2.811724867995341e-11,2.811724867995341e-09
100pc_1x,7.5,411.03519194723395,SO2 + O3 -> SO3 + O2,0.0004567519111717476,365180185.43700355,1.2507576516649228e-12,1.2507576516649228e-10
100pc_1x,10.5,266.42305462867273,SO2 + O3 -> SO3 + O2,1.3197079688104723e-05,392308051.8455846,3.3639584061606757e-14,3.3639584061606756e-12
100pc_1x,13.5,165.97350226501058,SO2 + O3 -> SO3 + O2,5.925951602857954e-07,932435231.7255937,6.355349306022257e-16,6.355349306022256e-14
100pc_1x,16.5,101.64105187669615,SO2 + O3 -> SO3 + O2,3.5852756170799587e-08,2458061297.8461857,2.772631887110061e-17,2.7726318871100612e-15
100pc_1x,19.5,62.20964027531718,SO2 + O3 -> SO3 + O2,1.0580087173114906e-07,3815900416.6047535,2.772631887110061e-17,2.7726318871100612e-15
100pc_1x,22.5,38.59425922417196,SO2 + O3 -> SO3 + O2,5.622354974933891e-07,4411312851.517359,1.2745309988612506e-16,1.2745309988612505e-14
100pc_1x,25.5,24.238877968243113,SO2 + O3 -> SO3 + O2,1.6836813576748431e-06,4327647342.131107,3.8905234751538945e-16,3.8905234751538944e-14
100pc_1x,28.5,15.403794107062483,SO2 + O3 -> SO3 + O2,2.3996955716292784e-06,3736861513.9408016,5.512256629137469e-16,5.512256629137469e-14
100pc_1x,31.5,9.901503401340532,SO2 + O3 -> SO3 + O2,1.5983256091426103e-06,2899584900.8443365,5.512256629137469e-16,5.512256629137469e-14
100pc_1x,34.5,6.4475199229172615,SO2 + O3 -> SO3 + O2,6.088772472570983e-07,2090628545.9091246,2.9124123864496633e-16,2.912412386449663e-14
100pc_1x,37.5,4.2605039664338955,SO2 + O3 -> SO3 + O2,1.6794373140146068e-07,1511661182.9917095,1.1109879203823e-16,1.1109879203823e-14
100pc_1x,40.5,2.8548760206539225,SO2 + O3 -> SO3 + O2,7.226520602117192e-08,1176333203.2697687,7.026488697625015e-17,7.026488697625015e-15
100pc_1x,43.5,1.9358967925716792,SO2 + O3 -> SO3 + O2,6.889937795662397e-08,980566267.4717212,7.026488697625015e-17,7.026488697625015e-15
100pc_1x,46.5,1.3230947323379596,SO2 + O3 -> SO3 + O2,6.14109293561459e-08,827862784.9622816,7.026488697625015e-17,7.026488697625015e-15
100pc_1x,49.5,0.9066366451439213,SO2 + O3 -> SO3 + O2,3.730731672353116e-08,654173161.5330992,5.702972686329555e-17,5.702972686329555e-15
100pc_1x,52.5,0.6197798930084258,SO2 + O3 -> SO3 + O2,1.5305676940949083e-08,475959421.56234986,4.459362587184465e-17,4.459362587184465e-15
100pc_1x,1.5,897.1514734625044,rainout,1.9270170533798487,364370159.1072732,2.996672559437442e-09,2.996672559437442e-07
100pc_1x,4.5,614.8726044376043,rainout,0.2490271621238859,353370194.095596,7.047203365898977e-10,7.047203365898976e-08
100pc_1x,7.5,411.03519194723395,rainout,0.13328652314718967,365180185.43700355,3.649883768684997e-10,3.649883768684997e-08
100pc_1x,10.5,266.42305462867273,rainout,0.010187805563821263,392308051.8455846,1.9547863460594258e-10,1.954786346059426e-08
10pc_0.1x,1.5,900.0320670193607,CH3 + O3 -> H2CO + HO2,3.4344581903067963,243221021.1187278,1.1438066789460152e-08,1.1438066789460151e-06
10pc_0.1x,4.5,623.2748769191453,CH3 + O3 -> H2CO + HO2,2.451342964557793,279980555.56636035,8.75540431584286e-09,8.75540431584286e-07
10pc_0.1x,7.5,421.4107975456175,CH3 + O3 -> H2CO + HO2,1.2108872681635212,356542266.5483416,3.3961955755934026e-09,3.3961955755934027e-07
10pc_0.1x,10.5,276.5839045196957,CH3 + O3 -> H2CO + HO2,0.43922058267487074,465093255.3467173,9.443710000641506e-10,9.443710000641506e-08
10pc_0.1x,13.5,174.57719916497737,CH3 + O3 -> H2CO + HO2,0.7856966758324502,1351719134.3176723,9.14440297798142e-10,9.14440297798142e-08
10pc_0.1x,16.5,108.21140576308886,CH3 + O3 -> H2CO + HO2,3.1329527551951415,3426087807.743054,9.14440297798142e-10,9.14440297798142e-08
10pc_0.1x,19.5,66.68755059562694,CH3 + O3 -> H2CO + HO2,10.258904367071565,4508439560.980347,2.275488942085496e-09,2.2754889420854958e-07
10pc_0.1x,22.5,41.24180302657478,CH3 + O3 -> H2CO + HO2,22.835008628192874,4083070563.9272885,5.59260690469897e-09,5.59260690469897e-07
10pc_0.1x,25.5,25.639095096365434,CH3 + O3 -> H2CO + HO2,39.189181173923544,3029241631.331482,1.2936961108876023e-08,1.2936961108876023e-06
10pc_0.1x,28.5,16.110332720764955,CH3 + O3 -> H2CO + HO2,56.206192011038056,2061952982.1364143,2.7258716613800835e-08,2.7258716613800836e-06
10pc_0.1x,31.5,10.277639097654266,CH3 + O3 -> H2CO + HO2,76.05217545591407,1450806189.5441577,5.242063068383352e-08,5.242063068383352e-06
10pc_0.1x,34.5,6.64699806391285,CH3 + O3 -> H2CO + HO2,97.92646173866129,1242526925.7620356,7.881234579975277e-08,7.881234579975276e-06
10pc_0.1x,37.5,4.311193123607025,CH3 + O3 -> H2CO + HO2,102.4316807563728,1280816236.291387,7.881234579975277e-08,7.881234579975276e-06
10pc_0.1x,40.5,2.771762993616363,CH3 + O3 -> H2CO + HO2,66.39512688504782,1215784698.3868237,5.4610924922105756e-08,5.461092492210575e-06
10pc_0.1x,43.5,1.7565663867661405,CH3 + O3 -> H2CO + HO2,24.930303363034508,892302204.4028374,2.793930491264315e-08,2.793930491264315e-06
10pc_0.1x,46.5,1.0958555908151009,CH3 + O3 -> H2CO + HO2,6.370513945415771,544195775.4690362,1.1706290700116327e-08,1.1706290700116328e-06
10pc_0.1x,49.5,0.672424832812197,CH3 + O3 -> H2CO + HO2,1.3007171462452982,299642253.6743769,4.340900291247961e-09,4.340900291247961e-07
10pc_0.1x,52.5,0.40630006610877034,CH3 + O3 -> H2CO + HO2,0.23093300716286047,149525145.81185865,2.942671452979982e-09,2.9426714529799823e-07
10pc_0.1x,1.5,900.0320670193607,CS + O3 -> OCS + O2,7.256535659680695e-25,243221021.1187278,2.527058582366249e-33,2.5270585823662493e-31
10pc_0.1x,4.5,623.2748769191453,CS + O3 -> OCS + O2,5.797283431206295e-25,279980555.56636035,2.0706021600247292e-33,2.070602160024729e-31
10pc_0.1x,7.5,421.4107975456175,CS + O3 -> OCS + O2,5.197853035513058e-25,356542266.5483416,1.457850449494551e-33,1.457850449494551e-31
10pc_0.1x,10.5,276.5839045196957,CS + O3 -> OCS + O2,4.686098802610326e-25,465093255.3467173,1.007561117848707e-33,1.007561117848707e-31
10pc_0.1x,13.5,174.57719916497737,CS + O3 -> OCS + O2,8.710647392051702e-25,1351719134.3176723,6.444125240890895e-34,6.444125240890896e-32
10pc_0.1x,16.5,108.21140576308886,CS + O3 -> OCS + O2,1.4057257992491798e-24,3426087807.743054,4.103005755054498e-34,4.103005755054498e-32
10pc_0.1x,19.5,66.68755059562694,CS + O3 -> OCS + O2,1.0990735009977708e-24,4508439560.980347,2.437813540875727e-34,2.437813540875727e-32
10pc_0.1x,22.5,41.24180302657478,CS + O3 -> OCS + O2,6.595460152064522e-25,4083070563.9272885,2.437813540875727e-34,2.437813540875727e-32
10pc_0.1x,25.5,25.639095096365434,CS + O3 -> OCS + O2,1.5788576262792274e-24,3029241631.331482,5.2120557500236505e-34,5.21205575002365e-32
10pc_0.1x,28.5,16.110332720764955,CS + O3 -> OCS + O2,1.6011488407875518e-24,2061952982.1364143,5.2120557500236505e-34,5.21205575002365e-32
10pc_0.1x,31.5,10.277639097654266,CS + O3 -> OCS + O2,4.763506612113771e-25,1450806189.5441577,3.2833514541390683e-34,3.2833514541390685e-32
10pc_0.1x,34.5,6.64699806391285,CS + O3 -> OCS + O2,6.254794550878826e-26,1242526925.7620356,5.033930791514069e-35,5.0339307915140684e-33
10pc_0.1x,37.5,4.311193123607025,CS + O3 -> OCS + O2,5.53623416060196e-27,1280816236.291387,4.322426593085802e-36,4.322426593085802e-34
10pc_0.1x,40.5,2.771762993616363,CS + O3 -> OCS + O2,1.6007014739900701e-27,1215784698.3868237,1.3165994572180233e-36,1.3165994572180233e-34
10pc_0.1x,43.5,1.7565663867661405,CS + O3 -> OCS + O2,5.52000528005657e-28,892302204.4028374,6.186250860772856e-37,6.186250860772857e-35
10pc_0.1x,46.5,1.0958555908151009,CS + O3 -> OCS + O2,1.78187463178037e-28,544195775.4690362,3.274326468713566e-37,3.2743264687135663e-35
10pc_0.1x,49.5,0.672424832812197,CS + O3 -> OCS + O2,7.011360183995893e-29,299642253.6743769,3.274326468713566e-37,3.2743264687135663e-35
10pc_0.1x,52.5,0.40630006610877034,CS + O3 -> OCS + O2,1.1739303213993675e-28,149525145.81185865,5.095483282271118e-37,5.095483282271117e-35
10pc_0.1x,1.5,900.0320670193607,Cl + O3 -> ClO + O2,2.778968885510308e-20,243221021.1187278,9.466190835767712e-29,9.466190835767713e-27
10pc_0.1x,4.5,623.2748769191453,Cl + O3 -> ClO + O2,2.1017266724099657e-20,279980555.56636035,7.506687984665489e-29,7.506687984665489e-27
10pc_0.1x,7.5,421.4107975456175,Cl + O3 -> ClO + O2,1.7465062928938474e-20,356542266.5483416,4.898455125115015e-29,4.8984551251150146e-27
10pc_0.1x,10.5,276.5839045196957,Cl + O3 -> ClO + O2,1.4338291678678236e-20,465093255.3467173,3.0828853168359407e-29,3.0828853168359407e-27
10pc_0.1x,13.5,174.57719916497737,Cl + O3 -> ClO + O2,2.4775243117966505e-20,1351719134.3176723,1.832869158168178e-29,1.832869158168178e-27
10pc_0.1x,16.5,108.21140576308886,Cl + O3 -> ClO + O2,3.872663283194332e-20,3426087807.743054,1.1303456013129627e-29,1.1303456013129627e-27
10pc_0.1x,19.5,66.68755059562694,Cl + O3 -> ClO + O2,3.0409186419654475e-20,4508439560.980347,6.744947117144471e-30,6.744947117144471e-28
10pc_0.1x,22.5,41.24180302657478,Cl + O3 -> ClO + O2,1.5527107955592358e-20,4083070563.9272885,3.802801767074449e-30,3.8028017670744487e-28
10pc_0.1x,25.5,25.639095096365434,Cl + O3 -> ClO + O2,6.03512731472177e-21,3029241631.331482,1.992289836604772e-30,1.9922898366047718e-28
10pc_0.1x,28.5,16.110332720764955,Cl + O3 -> ClO + O2,2.028397504171081e-21,2061952982.1364143,9.837263612429386e-31,9.837263612429386e-29
10pc_0.1x,31.5,10.277639097654266,Cl + O3 -> ClO + O2,6.899130610622655e-22,1450806189.5441577,4.755377155366533e-31,4.755377155366533e-29
10pc_0.1x,34.5,6.64699806391285,Cl + O3 -> ClO + O2,5.858571357144321e-22,1242526925.7620356,4.755377155366533e-31,4.755377155366533e-29
10pc_0.1x,37.5,4.311193123607025,Cl + O3 -> ClO + O2,8.708788123567066e-22,1280816236.291387,6.799404845759472e-31,6.799404845759472e-29
10pc_0.1x,40.5,2.771762993616363,Cl + O3 -> ClO + O2,9.13522313673545e-22,1215784698.3868237,6.799404845759472e-31,6.799404845759472e-29
10pc_0.1x,43.5,1.7565663867661405,Cl + O3 -> ClO + O2,5.228872126750266e-22,892302204.4028374,5.859978940934732e-31,5.859978940934731e-29
10pc_0.1x,46.5,1.0958555908151009,Cl + O3 -> ClO + O2,1.9813500741791333e-22,544195775.4690362,3.640877352403976e-31,3.640877352403976e-29
10pc_0.1x,49.5,0.672424832812197,Cl + O3 -> ClO + O2,6.101673602627074e-23,299642253.6743769,2.036319486923163e-31,2.0363194869231627e-29
10pc_0.1x,52.5,0.40630006610877034,Cl + O3 -> ClO + O2,1.589945002066973e-23,149525145.81185865,1.549824499056448e-31,1.549824499056448e-29
10pc_0.1x,1.5,900.0320670193607,H + O3 -> OH + O2,6.798203055507523,243221021.1187278,2.364498869559308e-08,2.3644988695593077e-06
10pc_0.1x,4.5,623.2748769191453,H + O3 -> OH + O2,5.414615572655576,279980555.56636035,1.933925576261033e-08,1.933925576261033e-06
10pc_0.1x,7.5,421.4107975456175,H + O3 -> OH + O2,3.5103623343342094,356542266.5483416,9.845571377322971e-09,9.845571377322972e-07
10pc_0.1x,10.5,276.5839045196957,H + O3 -> OH + O2,2.0349362746695747,465093255.3467173,4.375329573748758e-09,4.3753295737487577e-07
10pc_0.1x,13.5,174.57719916497737,H + O3 -> OH + O2,4.10118942242765,1351719134.3176723,3.0340544261791998e-09,3.0340544261792e-07
10pc_0.1x,16.5,108.21140576308886,H + O3 -> OH + O2,9.850931377221295,3426087807.743054,3.0340544261791998e-09,3.0340544261792e-07
10pc_0.1x,19.5,66.68755059562694,H + O3 -> OH + O2,26.55853811282477,4508439560.980347,5.890849317951086e-09,5.890849317951086e-07
10pc_0.1x,22.5,41.24180302657478,H + O3 -> OH + O2,78.90530250297907,4083070563.9272885,1.9324991147614225e-08,1.9324991147614226e-06
10pc_0.1x,25.5,25.639095096365434,H + O3 -> OH + O2,204.41645900381482,3029241631.331482,6.748106750202195e-08,6.748106750202194e-06
10pc_0.1x,28.5,16.110332720764955,H + O3 -> OH + O2,514.02008588783,2061952982.1364143,2.49287976176473e-07,2.49287976176473e-05
10pc_0.1x,31.5,10.277639097654266,H + O3 -> OH + O2,1670.7094086730558,1450806189.5441577,1.1515731189415394e-06,0.00011515731189415395
10pc_0.1x,34.5,6.64699806391285,H + O3 -> OH + O2,8083.438408943829,1242526925.7620356,6.50564445835755e-06,0.000650564445835755
10pc_0.1x,37.5,4.311193123607025,H + O3 -> OH + O2,42469.01862579469,1280816236.291387,3.31577765978077e-05,0.00331577765978077
10pc_0.1x,40.5,2.771762993616363,H + O3 -> OH + O2,130798.25382447784,1215784698.3868237,0.00010758340189511254,0.010758340189511254
10pc_0.1x,43.5,1.7565663867661405,H + O3 -> OH + O2,209601.2726499539,892302204.4028374,0.0002348994226571782,0.02348994226571782
10pc_0.1x,46.5,1.0958555908151009,H + O3 -> OH + O2,236600.111134452,544195775.4690362,0.0004347702091779912,0.04347702091779912
10pc_0.1x,49.5,0.672424832812197,H + O3 -> OH + O2,237899.44463964054,299642253.6743769,0.0007939449183898054,0.07939449183898054
10pc_0.1x,52.5,0.40630006610877034,H + O3 -> OH + O2,232587.94648856862,149525145.81185865,0.0011747277498709756,0.11747277498709756
10pc_0.1x,1.5,900.0320670193607,HS + O3 -> HSO + O2,1928.2978498811635,243221021.1187278,4.210078972146208e-06,0.00042100789721462084
10pc_0.1x,4.5,623.2748769191453,HS + O3 -> HSO + O2,137.74677378436076,279980555.56636035,4.919869292555651e-07,4.919869292555651e-05
10pc_0.1x,7.5,421.4107975456175,HS + O3 -> HSO + O2,18.98370769156368,356542266.5483416,5.324391936850434e-08,5.3243919368504335e-06
10pc_0.1x,10.5,276.5839045196957,HS + O3 -> HSO + O2,3.9890004139024526,465093255.3467173,8.57677544889086e-09,8.57677544889086e-07
10pc_0.1x,13.5,174.57719916497737,HS + O3 -> HSO + O2,1.3881461110635112,1351719134.3176723,1.0269486284694983e-09,1.0269486284694983e-07
10pc_0.1x,16.5,108.21140576308886,HS + O3 -> HSO + O2,0.9882799589766096,3426087807.743054,2.884572767642059e-10,2.884572767642059e-08
10pc_0.1x,19.5,66.68755059562694,HS + O3 -> HSO + O2,1.0766747410663422,4508439560.980347,2.5753931484448216e-10,2.5753931484448217e-08
10pc_0.1x,22.5,41.24180302657478,HS + O3 -> HSO + O2,1.0515511954955072,4083070563.9272885,2.388131695020932e-10,2.3881316950209318e-08
10pc_0.1x,25.5,25.639095096365434,HS + O3 -> HSO + O2,0.5400421235602068,3029241631.331482,1.7827634414321548e-10,1.782763441432155e-08
10pc_0.1x,28.5,16.110332720764955,HS + O3 -> HSO + O2,0.12426581011404729,2061952982.1364143,6.026607356744575e-11,6.026607356744575e-09
10pc_0.1x,31.5,10.277639097654266,HS + O3 -> HSO + O2,0.01487100537907786,1450806189.5441577,1.025016675986909e-11,1.025016675986909e-09
10pc_0.1x,34.5,6.64699806391285,HS + O3 -> HSO + O2,0.001033728661127495,1242526925.7620356,8.31956748537674e-13,8.31956748537674e-11
10pc_0.1x,37.5,4.311193123607025,HS + O3 -> HSO + O2,3.793133191081988e-05,1280816236.291387,2.9614968046197116e-14,2.9614968046197117e-12
10pc_0.1x,40.5,2.771762993616363,HS + O3 -> HSO + O2,8.384178138925833e-07,1215784698.3868237,6.896104343187133e-16,6.896104343187133e-14
10pc_0.1x,43.5,1.7565663867661405,HS + O3 -> HSO + O2,6.788639195382262e-08,892302204.4028374,1.4823503975445107e-16,1.4823503975445108e-14
10pc_0.1x,46.5,1.0958555908151009,HS + O3 -> HSO + O2,8.06688824108569e-08,544195775.4690362,1.4823503975445107e-16,1.4823503975445108e-14
10pc_0.1x,49.5,0.672424832812197,HS + O3 -> HSO + O2,7.853282325455792e-08,299642253.6743769,2.620886149785138e-16,2.620886149785138e-14
10pc_0.1x,52.5,0.40630006610877034,HS + O3 -> HSO + O2,5.089995042270933e-08,149525145.81185865,3.01249626956909e-16,3.0124962695690896e-14
10pc_0.1x,1.5,900.0320670193607,NO + O3 -> NO2 + O2,440160.4847838251,243221021.1187278,0.0009176551039976565,0.09176551039976565
10pc_0.1x,4.5,623.2748769191453,NO + O3 -> NO2 + O2,7166.443100839824,279980555.56636035,4.2868743752913366e-05,0.004286874375291337
10pc_0.1x,7.5,421.4107975456175,NO + O3 -> NO2 + O2,15284.519061743791,356542266.5483416,4.2868743752913366e-05,0.004286874375291337
10pc_0.1x,10.5,276.5839045196957,NO + O3 -> NO2 + O2,44231.875207354475,465093255.3467173,9.51032394016992e-05,0.00951032394016992
10pc_0.1x,13.5,174.57719916497737,NO + O3 -> NO2 + O2,555983.4178260503,1351719134.3176723,0.00041131578573584557,0.04113157857358456
10pc_0.1x,16.5,108.21140576308886,NO + O3 -> NO2 + O2,3037211.842290326,3426087807.743054,0.0008864956220404342,0.08864956220404342
10pc_0.1x,19.5,66.68755059562694,NO + O3 -> NO2 + O2,7385906.316073788,4508439560.980347,0.00163824006425579,0.16382400642557898
10pc_0.1x,22.5,41.24180302657478,NO + O3 -> NO2 + O2,11745418.246005408,4083070563.9272885,0.002876614073186165,0.2876614073186165
10pc_0.1x,25.5,25.639095096365434,NO + O3 -> NO2 + O2,12935809.346715081,3029241631.331482,0.004270312811272581,0.42703128112725813
10pc_0.1x,28.5,16.110332720764955,NO + O3 -> NO2 + O2,10163700.691059355,2061952982.1364143,0.004270312811272581,0.42703128112725813
10pc_0.1x,31.5,10.277639097654266,NO + O3 -> NO2 + O2,5992666.641571851,1450806189.5441577,0.004130576974898862,0.4130576974898862
10pc_0.1x,34.5,6.64699806391285,NO + O3 -> NO2 + O2,2788109.491978357,1242526925.7620356,0.00224390267459872,0.224390267459872
10pc_0.1x,37.5,4.311193123607025,NO + O3 -> NO2 + O2,983858.9560047582,1280816236.291387,0.0007681499719690697,0.07681499719690697
10pc_0.1x,40.5,2.771762993616363,NO + O3 -> NO2 + O2,235401.05793380397,1215784698.3868237,0.00019362067827152971,0.01936206782715297
10pc_0.1x,43.5,1.7565663867661405,NO + O3 -> NO2 + O2,42570.97086673407,892302204.4028374,4.770914008357088e-05,0.004770914008357089
10pc_0.1x,46.5,1.0958555908151009,NO + O3 -> NO2 + O2,7467.61703897169,544195775.4690362,1.372229880420412e-05,0.0013722298804204121
10pc_0.1x,49.5,0.672424832812197,NO + O3 -> NO2 + O2,1422.493447830348,299642253.6743769,4.7473059302783795e-06,0.00047473059302783797
10pc_0.1x,52.5,0.40630006610877034,NO + O3 -> NO2 + O2,301.09433307787214,149525145.81185865,3.3804880745218174e-06,0.00033804880745218175
10pc_0.1x,1.5,900.0320670193607,NO2 + O3 -> NO3 + O2,2012.217715427045,243221021.1187278,4.206325461421243e-06,0.0004206325461421243
10pc_0.1x,4.5,623.2748769191453,NO2 + O3 -> NO3 + O2,39.04174704128384,279980555.56636035,1.3944449450179855e-07,1.3944449450179855e-05
10pc_0.1x,7.5,421.4107975456175,NO2 + O3 -> NO3 + O2,21.628453956026696,356542266.5483416,6.066168301842614e-08,6.066168301842614e-06
10pc_0.1x,10.5,276.5839045196957,NO2 + O3 -> NO3 + O2,19.359590663884045,465093255.3467173,6.066168301842614e-08,6.066168301842614e-06
10pc_0.1x,13.5,174.57719916497737,NO2 + O3 -> NO3 + O2,325.51788932218267,1351719134.3176723,2.4081769729959414e-07,2.4081769729959413e-05
10pc_0.1x,16.5,108.21140576308886,NO2 + O3 -> NO3 + O2,2774.438429821438,3426087807.743054,8.097978176598773e-07,8.097978176598773e-05
10pc_0.1x,19.5,66.68755059562694,NO2 + O3 -> NO3 + O2,8250.191370272507,4508439560.980347,1.8299438771845323e-06,0.00018299438771845323
10pc_0.1x,22.5,41.24180302657478,NO2 + O3 -> NO3 + O2,11009.990453807468,4083070563.9272885,2.6964977169577847e-06,0.00026964977169577847
10pc_0.1x,25.5,25.639095096365434,NO2 + O3 -> NO3 + O2,8554.351931891286,3029241631.331482,2.6964977169577847e-06,0.00026964977169577847
10pc_0.1x,28.5,16.110332720764955,NO2 + O3 -> NO3 + O2,4547.941594439849,2061952982.1364143,2.205647574818933e-06,0.00022056475748189332
10pc_0.1x,31.5,10.277639097654266,NO2 + O3 -> NO3 + O2,1832.3119297384703,1450806189.5441577,1.2629612024981652e-06,0.0001262961202498165
10pc_0.1x,34.5,6.64699806391285,NO2 + O3 -> NO3 + O2,505.0676933451814,1242526925.7620356,4.064843045839235e-07,4.0648430458392355e-05
10pc_0.1x,37.5,4.311193123607025,NO2 + O3 -> NO3 + O2,72.84276307895907,1280816236.291387,5.687214216605797e-08,5.687214216605797e-06
10pc_0.1x,40.5,2.771762993616363,NO2 + O3 -> NO3 + O2,4.865066247209204,1215784698.3868237,4.001585357723672e-09,4.001585357723672e-07
10pc_0.1x,43.5,1.7565663867661405,NO2 + O3 -> NO3 + O2,0.2221981271949372,892302204.4028374,2.490166740579114e-10,2.490166740579114e-08
10pc_0.1x,46.5,1.0958555908151009,NO2 + O3 -> NO3 + O2,0.010775260127057922,544195775.4690362,1.9800337696063234e-11,1.9800337696063235e-09
10pc_0.1x,49.5,0.672424832812197,NO2 + O3 -> NO3 + O2,0.0006355766373808526,299642253.6743769,2.1211181987422165e-12,2.1211181987422165e-10
10pc_0.1x,52.5,0.40630006610877034,NO2 + O3 -> NO3 + O2,4.877595698253512e-05,149525145.81185865,1.2236619564781928e-12,1.2236619564781929e-10
10pc_0.1x,1.5,900.0320670193607,O + O3 -> O2 + O2,40.880203653843694,243221021.1187278,1.7909847122359486e-07,1.7909847122359484e-05
10pc_0.1x,4.5,623.2748769191453,O + O3 -> O2 + O2,53.229491019247234,279980555.56636035,1.9011852773694102e-07,1.9011852773694103e-05
10pc_0.1x,7.5,421.4107975456175,O + O3 -> O2 + O2,69.35222907087419,356542266.5483416,1.9011852773694102e-07,1.9011852773694103e-05
10pc_0.1x,10.5,276.5839045196957,O + O3 -> O2 + O2,87.16784293017555,465093255.3467173,1.9451334547869405e-07,1.9451334547869405e-05
10pc_0.1x,13.5,174.57719916497737,O + O3 -> O2 + O2,931.4193566238988,1351719134.3176723,6.890627889898632e-07,6.890627889898632e-05
10pc_0.1x,16.5,108.21140576308886,O + O3 -> O2 + O2,9370.35119684702,3426087807.743054,2.7350003043324705e-06,0.00027350003043324705
10pc_0.1x,19.5,66.68755059562694,O + O3 -> O2 + O2,39830.82185878609,4508439560.980347,8.834724591522526e-06,0.0008834724591522525
10pc_0.1x,22.5,41.24180302657478,O + O3 -> O2 + O2,81389.30654871503,4083070563.9272885,1.9933357818443133e-05,0.0019933357818443134
10pc_0.1x,25.5,25.639095096365434,O + O3 -> O2 + O2,119159.71645576945,3029241631.331482,3.933648449278496e-05,0.003933648449278496
10pc_0.1x,28.5,16.110332720764955,O + O3 -> O2 + O2,161079.85189129968,2061952982.1364143,7.812004118755555e-05,0.007812004118755556
10pc_0.1x,31.5,10.277639097654266,O + O3 -> O2 + O2,241542.78650155026,1450806189.5441577,0.00016648866557251375,0.016648866557251375
10pc_0.1x,34.5,6.64699806391285,O + O3 -> O2 + O2,398517.74469084345,1242526925.7620356,0.0003207316770591788,0.03207316770591788
10pc_0.1x,37.5,4.311193123607025,O + O3 -> O2 + O2,573857.5916457312,1280816236.291387,0.0004366585579641169,0.04366585579641169
10pc_0.1x,40.5,2.771762993616363,O + O3 -> O2 + O2,530882.7931924292,1215784698.3868237,0.0004366585579641169,0.04366585579641169
10pc_0.1x,43.5,1.7565663867661405,O + O3 -> O2 + O2,317041.35720665223,892302204.4028374,0.00035530715450695136,0.03553071545069514
10pc_0.1x,46.5,1.0958555908151009,O + O3 -> O2 + O2,150747.83541254932,544195775.4690362,0.0002770103007187468,0.027701030071874678
10pc_0.1x,49.5,0.672424832812197,O + O3 -> O2 + O2,65627.09182655567,299642253.6743769,0.00021901814921560775,0.021901814921560774
10pc_0.1x,52.5,0.40630006610877034,O + O3 -> O2 + O2,28078.30355409936,149525145.81185865,0.00020340065184602015,0.020340065184602015
10pc_0.1x,1.5,900.0320670193607,O1D + O3 -> O2 + O2,0.578949609003071,243221021.1187278,3.3984483552048453e-09,3.398448355204845e-07
10pc_0.1x,4.5,623.2748769191453,O1D + O3 -> O2 + O2,1.236548984334465,279980555.56636035,4.416553077527489e-09,4.4165530775274894e-07
10pc_0.1x,7.5,421.4107975456175,O1D + O3 -> O2 + O2,2.9124518212293484,356542266.5483416,8.16860185869286e-09,8.16860185869286e-07
10pc_0.1x,10.5,276.5839045196957,O1D + O3 -> O2 + O2,7.244374926603773,465093255.3467173,1.557617712861315e-08,1.5576177128613148e-06
10pc_0.1x,13.5,174.57719916497737,O1D + O3 -> O2 + O2,109.41649312221767,1351719134.3176723,8.09461746485149e-08,8.09461746485149e-06
10pc_0.1x,16.5,108.21140576308886,O1D + O3 -> O2 + O2,1071.1653123095457,3426087807.743054,3.126496962187257e-07,3.126496962187257e-05
10pc_0.1x,19.5,66.68755059562694,O1D + O3 -> O2 + O2,3639.3367940807184,4508439560.980347,8.072275883608286e-07,8.072275883608287e-05
10pc_0.1x,22.5,41.24180302657478,O1D + O3 -> O2 + O2,6653.841024930879,4083070563.9272885,1.6296169563454477e-06,0.00016296169563454477
10pc_0.1x,25.5,25.639095096365434,O1D + O3 -> O2 + O2,7872.1334386025355,3029241631.331482,2.5987142647126485e-06,0.00025987142647126483
10pc_0.1x,28.5,16.110332720764955,O1D + O3 -> O2 + O2,6728.304066835665,2061952982.1364143,3.263073467303017e-06,0.00032630734673030166
10pc_0.1x,31.5,10.277639097654266,O1D + O3 -> O2 + O2,5281.002347274667,1450806189.5441577,3.640046744585474e-06,0.0003640046744585474
10pc_0.1x,34.5,6.64699806391285,O1D + O3 -> O2 + O2,5301.446165510022,1242526925.7620356,4.266665015938123e-06,0.0004266665015938123
10pc_0.1x,37.5,4.311193123607025,O1D + O3 -> O2 + O2,6425.4366647056595,1280816236.291387,4.923149455050289e-06,0.0004923149455050289
10pc_0.1x,40.5,2.771762993616363,O1D + O3 -> O2 + O2,5985.489775321571,1215784698.3868237,4.923149455050289e-06,0.0004923149455050289
10pc_0.1x,43.5,1.7565663867661405,O1D + O3 -> O2 + O2,3600.140867688693,892302204.4028374,4.034665441735678e-06,0.00040346654417356775
10pc_0.1x,46.5,1.0958555908151009,O1D + O3 -> O2 + O2,1697.6774502855758,544195775.4690362,3.1196079183495437e-06,0.0003119607918349544
10pc_0.1x,49.5,0.672424832812197,O1D + O3 -> O2 + O2,720.4751296620911,299642253.6743769,2.404451043960696e-06,0.00024044510439606958
10pc_0.1x,52.5,0.40630006610877034,O1D + O3 -> O2 + O2,270.72715876781257,149525145.81185865,2.107515255348866e-06,0.0002107515255348866
10pc_0.1x,1.5,900.0320670193607,O3 + M -> O + O2 + M,36139.401839304526,243221021.1187278,7.843746848686854e-05,0.007843746848686854
10pc_0.1x,4.5,623.2748769191453,O3 + M -> O + O2 + M,2320.5533188555555,279980555.56636035,8.288265998191947e-06,0.0008288265998191947
10pc_0.1x,7.5,421.4107975456175,O3 + M -> O + O2 + M,72.16930299465507,356542266.5483416,2.0241443936877547e-07,2.0241443936877546e-05
10pc_0.1x,10.5,276.5839045196957,O3 + M -> O + O2 + M,0.77313807278333,465093255.3467173,1.6623291434466659e-09,1.6623291434466658e-07
10pc_0.1x,13.5,174.57719916497737,O3 + M -> O + O2 + M,0.030479188892014585,1351719134.3176723,2.2548463004039686e-11,2.2548463004039685e-09
10pc_0.1x,16.5,108.21140576308886,O3 + M -> O + O2 + M,0.008599691857066438,3426087807.743054,2.5100617204354466e-12,2.510061720435447e-10
10pc_0.1x,19.5,66.68755059562694,O3 + M -> O + O2 + M,0.008211324111708154,4508439560.980347,1.8213228769385178e-12,1.8213228769385177e-10
10pc_0.1x,22.5,41.24180302657478,O3 + M -> O + O2 + M,0.0061155241713208705,4083070563.9272885,1.8213228769385178e-12,1.8213228769385177e-10
10pc_0.1x,25.5,25.639095096365434,O3 + M -> O + O2 + M,0.005699244317877342,3029241631.331482,1.8814096105540046e-12,1.8814096105540046e-10
10pc_0.1x,28.5,16.110332720764955,O3 + M -> O + O2 + M,0.009125117392234003,2061952982.1364143,4.42547306911885e-12,4.42547306911885e-10
10pc_0.1x,31.5,10.277639097654266,O3 + M -> O + O2 + M,0.02009617371538101,1450806189.5441577,1.385172868727229e-11,1.385172868727229e-09
10pc_0.1x,34.5,6.64699806391285,O3 + M -> O + O2 + M,0.021595626207690052,1242526925.7620356,1.385172868727229e-11,1.385172868727229e-09
10pc_0.1x,37.5,4.311193123607025,O3 + M -> O + O2 + M,0.006375211436950219,1280816236.291387,4.97745988558803e-12,4.97745988558803e-10
10pc_0.1x,40.5,2.771762993616363,O3 + M -> O + O2 + M,0.0005704788699794203,1215784698.3868237,4.692268875701151e-13,4.6922688757011507e-11
10pc_0.1x,43.5,1.7565663867661405,O3 + M -> O + O2 + M,3.0243122650585382e-05,892302204.4028374,3.3893363146878285e-14,3.3893363146878286e-12
10pc_0.1x,46.5,1.0958555908151009,O3 + M -> O + O2 + M,1.3221562627496769e-06,544195775.4690362,2.429559953143931e-15,2.429559953143931e-13
10pc_0.1x,49.5,0.672424832812197,O3 + M -> O + O2 + M,5.133933704483934e-08,299642253.6743769,1.7133543889517705e-16,1.7133543889517706e-14
10pc_0.1x,52.5,0.40630006610877034,O3 + M -> O + O2 + M,2.5802320399308687e-09,149525145.81185865,9.429580680346868e-17,9.429580680346869e-15
10pc_0.1x,1.5,900.0320670193607,O3 + hv -> O + O2,230766302.53090206,243221021.1187278,0.9440548295939013,94.40548295939013
10pc_0.1x,4.5,623.2748769191453,O3 + hv -> O + O2,262990514.92880782,279980555.56636035,0.9393170693472476,93.93170693472476
10pc_0.1x,7.5,421.4107975456175,O3 + hv -> O + O2,332235843.3125881,356542266.5483416,0.931827372190506,93.18273721905061
10pc_0.1x,10.5,276.5839045196957,O3 + hv -> O + O2,430775793.187874,465093255.3467173,0.926213803867656,92.6213803867656
10pc_0.1x,13.5,174.57719916497737,O3 + hv -> O + O2,1243922415.6446638,1351719134.3176723,0.9202521323134021,92.0252132313402
10pc_0.1x,16.5,108.21140576308886,O3 + hv -> O + O2,3111622821.4422407,3426087807.743054,0.9082145572597078,90.82145572597078
10pc_0.1x,19.5,66.68755059562694,O3 + hv -> O + O2,3949919288.089366,4508439560.980347,0.8761167216868418,87.61167216868418
10pc_0.1x,22.5,41.24180302657478,O3 + hv -> O + O2,3295544072.608816,4083070563.9272885,0.8071239575734903,80.71239575734903
10pc_0.1x,25.5,25.639095096365434,O3 + hv -> O + O2,2106314634.8324044,3029241631.331482,0.6953273760160851,69.5327376016085
10pc_0.1x,28.5,16.110332720764955,O3 + hv -> O + O2,1169005982.7017984,2061952982.1364143,0.5669411440655535,56.69411440655535
10pc_0.1x,31.5,10.277639097654266,O3 + hv -> O + O2,658664189.2960147,1450806189.5441577,0.45399874500326365,45.39987450032636
10pc_0.1x,34.5,6.64699806391285,O3 + hv -> O + O2,442307002.1955028,1242526925.7620356,0.35597377652338447,35.597377652338444
10pc_0.1x,37.5,4.311193123607025,O3 + hv -> O + O2,344923083.21215206,1280816236.291387,0.26929943065906115,26.929943065906116
10pc_0.1x,40.5,2.771762993616363,O3 + hv -> O + O2,254044869.88986635,1215784698.3868237,0.2089554756092492,20.89554756092492
10pc_0.1x,43.5,1.7565663867661405,O3 + hv -> O + O2,158609122.68700883,892302204.4028374,0.17775269623272544,17.775269623272543
10pc_0.1x,46.5,1.0958555908151009,O3 + hv -> O + O2,89026960.3868643,544195775.4690362,0.16359362641162176,16.359362641162175
10pc_0.1x,49.5,0.672424832812197,O3 + hv -> O + O2,47070612.81937337,299642253.6743769,0.15708936988080893,15.708936988080893
10pc_0.1x,52.5,0.40630006610877034,O3 + hv -> O + O2,23022758.14675916,149525145.81185865,0.15553092702615956,15.553092702615956
10pc_0.1x,1.5,900.0320670193607,O3 + hv -> O1D + O2,11860869.94628618,243221021.1187278,0.054539112870053995,5.4539112870054
10pc_0.1x,4.5,623.2748769191453,O3 + hv -> O1D + O2,16886303.847878855,279980555.56636035,0.06031241638806057,6.0312416388060575
10pc_0.1x,7.5,421.4107975456175,O3 + hv -> O1D + O2,24230055.43968399,356542266.5483416,0.06795843778706323,6.795843778706323
10pc_0.1x,10.5,276.5839045196957,O3 + hv -> O1D + O2,34241351.410970904,465093255.3467173,0.07362254992376678,7.362254992376678
10pc_0.1x,13.5,174.57719916497737,O3 + hv -> O1D + O2,107177987.09062566,1351719134.3176723,0.07929013089300353,7.929013089300353
10pc_0.1x,16.5,108.21140576308886,O3 + hv -> O1D + O2,311230234.5765712,3426087807.743054,0.09084128955281946,9.084128955281946
10pc_0.1x,19.5,66.68755059562694,O3 + hv -> O1D + O2,550707316.788614,4508439560.980347,0.12215031594409671,12.215031594409671
10pc_0.1x,22.5,41.24180302657478,O3 + hv -> O1D + O2,775116156.1911666,4083070563.9272885,0.18983658108656923,18.983658108656922
10pc_0.1x,25.5,25.639095096365434,O3 + hv -> O1D + O2,909197937.7491007,3029241631.331482,0.300140447148638,30.014044714863804
10pc_0.1x,28.5,16.110332720764955,O3 + hv -> O1D + O2,881992052.2642231,2061952982.1364143,0.4277459573061557,42.77459573061557
10pc_0.1x,31.5,10.277639097654266,O3 + hv -> O1D + O2,785344055.2413123,1450806189.5441577,0.5413156222390165,54.13156222390165
10pc_0.1x,34.5,6.64699806391285,O3 + hv -> O1D + O2,796438108.7486535,1242526925.7620356,0.6409825752952613,64.09825752952612
10pc_0.1x,37.5,4.311193123607025,O3 + hv -> O1D + O2,933637183.9258995,1280816236.291387,0.7289392166274008,72.89392166274008
10pc_0.1x,40.5,2.771762993616363,O3 + hv -> O1D + O2,960326853.7914498,1215784698.3868237,0.7898823328387578,78.98823328387577
10pc_0.1x,43.5,1.7565663867661405,O3 + hv -> O1D + O2,732873628.5038214,892302204.4028374,0.8213289453815574,82.13289453815574
10pc_0.1x,46.5,1.0958555908151009,O3 + hv -> O1D + O2,454680199.5621063,544195775.4690362,0.8355085064198129,83.55085064198128
10pc_0.1x,49.5,0.672424832812197,O3 + hv -> O1D + O2,252234500.2110728,299642253.6743769,0.841785486252475,84.1785486252475
10pc_0.1x,52.5,0.40630006610877034,O3 + hv -> O1D + O2,126230853.67762084,149525145.81185865,0.8429985133371287,84.29985133371287
10pc_0.1x,1.5,900.0320670193607,OH + O3 -> HO2 + O2,113543.09786031656,243221021.1187278,0.0004012989376895484,0.040129893768954844
10pc_0.1x,4.5,623.2748769191453,OH + O3 -> HO2 + O2,94008.21317306158,279980555.56636035,0.00033576693561056947,0.03357669356105695
10pc_0.1x,7.5,421.4107975456175,OH + O3 -> HO2 + O2,60891.8613043666,356542266.5483416,0.00017078441188433577,0.017078441188433578
10pc_0.1x,10.5,276.5839045196957,OH + O3 -> HO2 + O2,31753.716548915858,465093255.3467173,6.82738702053293e-05,0.00682738702053293
10pc_0.1x,13.5,174.57719916497737,OH + O3 -> HO2 + O2,61360.91063164738,1351719134.3176723,5.378739813421554e-05,0.0053787398134215545
10pc_0.1x,16.5,108.21140576308886,OH + O3 -> HO2 + O2,184280.34895785735,3426087807.743054,5.378739813421554e-05,0.0053787398134215545
10pc_0.1x,19.5,66.68755059562694,OH + O3 -> HO2 + O2,375241.56680760597,4508439560.980347,8.323091875407349e-05,0.008323091875407349
10pc_0.1x,22.5,41.24180302657478,OH + O3 -> HO2 + O2,565708.765193382,4083070563.9272885,0.00013854983800457685,0.013854983800457686
10pc_0.1x,25.5,25.639095096365434,OH + O3 -> HO2 + O2,657395.132289917,3029241631.331482,0.0002170164061824819,0.02170164061824819
10pc_0.1x,28.5,16.110332720764955,OH + O3 -> HO2 + O2,618315.4789145243,2061952982.1364143,0.00029986885456228016,0.029986885456228015
10pc_0.1x,31.5,10.277639097654266,OH + O3 -> HO2 + O2,554875.0406328933,1450806189.5441577,0.0003824597969265865,0.03824597969265865
10pc_0.1x,34.5,6.64699806391285,OH + O3 -> HO2 + O2,581199.6548012136,1242526925.7620356,0.0004677561851987769,0.04677561851987769
10pc_0.1x,37.5,4.311193123607025,OH + O3 -> HO2 + O2,649182.8685513107,1280816236.291387,0.0004677561851987769,0.04677561851987769
10pc_0.1x,40.5,2.771762993616363,OH + O3 -> HO2 + O2,509835.8499869493,1215784698.3868237,0.00041934715140224267,0.04193471514022427
10pc_0.1x,43.5,1.7565663867661405,OH + O3 -> HO2 + O2,246614.3178803081,892302204.4028374,0.0002763798146675563,0.027637981466755626
10pc_0.1x,46.5,1.0958555908151009,OH + O3 -> HO2 + O2,92095.89773135228,544195775.4690362,0.00016923302583886444,0.016923302583886444
10pc_0.1x,49.5,0.672424832812197,OH + O3 -> HO2 + O2,31469.837523538496,299642253.6743769,0.00010502469907911239,0.01050246990791124
10pc_0.1x,52.5,0.40630006610877034,OH + O3 -> HO2 + O2,10295.68495208853,149525145.81185865,8.694028771740344e-05,0.008694028771740345
10pc_0.1x,1.5,900.0320670193607,S + O3 -> SO + O2,1.2841206944754942e-06,243221021.1187278,1.3808940077997005e-14,1.3808940077997005e-12
10pc_0.1x,4.5,623.2748769191453,S + O3 -> SO + O2,6.254271435898668e-06,279980555.56636035,2.233823496509312e-14,2.2338234965093122e-12
10pc_0.1x,7.5,421.4107975456175,S + O3 -> SO + O2,4.361856578577502e-05,356542266.5483416,1.2233771386501528e-13,1.2233771386501527e-11
10pc_0.1x,10.5,276.5839045196957,S + O3 -> SO + O2,0.00021387463244553514,465093255.3467173,4.598532229543859e-13,4.5985322295438595e-11
10pc_0.1x,13.5,174.57719916497737,S + O3 -> SO + O2,0.0016381035734283666,1351719134.3176723,1.2118668233954214e-12,1.2118668233954214e-10
10pc_0.1x,16.5,108.21140576308886,S + O3 -> SO + O2,0.009313524782674876,3426087807.743054,2.7184139185300652e-12,2.7184139185300653e-10
10pc_0.1x,19.5,66.68755059562694,S + O3 -> SO + O2,0.025120524730398552,4508439560.980347,5.5718889852293305e-12,5.57188898522933e-10
10pc_0.1x,22.5,41.24180302657478,S + O3 -> SO + O2,0.02823942288441539,4083070563.9272885,5.5718889852293305e-12,5.57188898522933e-10
10pc_0.1x,25.5,25.639095096365434,S + O3 -> SO + O2,0.011313324329927484,3029241631.331482,3.734705152904818e-12,3.734705152904818e-10
10pc_0.1x,28.5,16.110332720764955,S + O3 -> SO + O2,0.0016455228100334654,2061952982.1364143,7.980408982597263e-13,7.980408982597263e-11
10pc_0.1x,31.5,10.277639097654266,S + O3 -> SO + O2,0.00011409325555073535,1450806189.5441577,7.864127984357675e-14,7.864127984357675e-12
10pc_0.1x,34.5,6.64699806391285,S + O3 -> SO + O2,5.662991441428082e-06,1242526925.7620356,4.557640823722993e-15,4.557640823722993e-13
10pc_0.1x,37.5,4.311193123607025,S + O3 -> SO + O2,2.418924709393475e-07,1280816236.291387,1.8885806104375203e-16,1.8885806104375202e-14
10pc_0.1x,40.5,2.771762993616363,S + O3 -> SO + O2,1.0044717945286503e-08,1215784698.3868237,8.261921669695663e-18,8.261921669695663e-16
10pc_0.1x,43.5,1.7565663867661405,S + O3 -> SO + O2,2.2347796026200473e-09,892302204.4028374,8.261921669695663e-18,8.261921669695663e-16
10pc_0.1x,46.5,1.0958555908151009,S + O3 -> SO + O2,6.428552157581328e-09,544195775.4690362,1.1812940208954455e-17,1.1812940208954455e-15
10pc_0.1x,49.5,0.672424832812197,S + O3 -> SO + O2,1.4542890404456594e-08,299642253.6743769,4.853417776072544e-17,4.853417776072544e-15
10pc_0.1x,52.5,0.40630006610877034,S + O3 -> SO + O2,2.169860727790758e-08,149525145.81185865,9.682547750487557e-17,9.682547750487557e-15
10pc_0.1x,1.5,900.0320670193607,SO + O3 -> SO2 + O2,12.174320084603456,243221021.1187278,2.9076952211674765e-08,2.9076952211674767e-06
10pc_0.1x,4.5,623.2748769191453,SO + O3 -> SO2 + O2,2.2676602294162644,279980555.56636035,8.099348988107814e-09,8.099348988107813e-07
10pc_0.1x,7.5,421.4107975456175,SO + O3 -> SO2 + O2,1.5234254081556178,356542266.5483416,8.099348988107814e-09,8.099348988107813e-07
10pc_0.1x,10.5,276.5839045196957,SO + O3 -> SO2 + O2,4.136030483286007,465093255.3467173,8.892905746832821e-09,8.892905746832821e-07
10pc_0.1x,13.5,174.57719916497737,SO + O3 -> SO2 + O2,14.593036127375829,1351719134.3176723,8.892905746832821e-09,8.892905746832821e-07
10pc_0.1x,16.5,108.21140576308886,SO + O3 -> SO2 + O2,29.587977277973977,3426087807.743054,1.0795908526324277e-08,1.0795908526324277e-06
10pc_0.1x,19.5,66.68755059562694,SO + O3 -> SO2 + O2,49.94201295706368,4508439560.980347,1.1077449809752787e-08,1.1077449809752787e-06
10pc_0.1x,22.5,41.24180302657478,SO + O3 -> SO2 + O2,52.1518623111925,4083070563.9272885,1.1077449809752787e-08,1.1077449809752787e-06
10pc_0.1x,25.5,25.639095096365434,SO + O3 -> SO2 + O2,23.90645079153815,3029241631.331482,7.891892988751193e-09,7.891892988751193e-07
10pc_0.1x,28.5,16.110332720764955,SO + O3 -> SO2 + O2,4.541551749267774,2061952982.1364143,2.2025486461685552e-09,2.2025486461685552e-07
10pc_0.1x,31.5,10.277639097654266,SO + O3 -> SO2 + O2,0.4271821225219581,1450806189.5441577,2.944446512570907e-10,2.9444465125709068e-08
10pc_0.1x,34.5,6.64699806391285,SO + O3 -> SO2 + O2,0.025044386418872452,1242526925.7620356,2.015601102850375e-11,2.015601102850375e-09
10pc_0.1x,37.5,4.311193123607025,SO + O3 -> SO2 + O2,0.0009860839418392156,1280816236.291387,7.69887134390511e-13,7.698871343905109e-11
10pc_0.1x,40.5,2.771762993616363,SO + O3 -> SO2 + O2,3.0088868776587912e-05,1215784698.3868237,2.4748517411439405e-14,2.4748517411439405e-12
10pc_0.1x,43.5,1.7565663867661405,SO + O3 -> SO2 + O2,4.069462781502724e-06,892302204.4028374,1.364444407809081e-14,1.364444407809081e-12
10pc_0.1x,46.5,1.0958555908151009,SO + O3 -> SO2 + O2,7.4252488259205275e-06,544195775.4690362,1.364444407809081e-14,1.364444407809081e-12
10pc_0.1x,49.5,0.672424832812197,SO + O3 -> SO2 + O2,1.0644681417927679e-05,299642253.6743769,3.552463408413461e-14,3.552463408413461e-12
10pc_0.1x,52.5,0.40630006610877034,SO + O3 -> SO2 + O2,1.018486901309677e-05,149525145.81185865,5.181969567827333e-14,5.1819695678273325e-12
10pc_0.1x,1.5,900.0320670193607,SO2 + O3 -> SO3 + O2,0.0437903553388536,243221021.1187278,9.780629415665562e-11,9.780629415665561e-09
10pc_0.1x,4.5,623.2748769191453,SO2 + O3 -> SO3 + O2,0.0043590518688453855,279980555.56636035,1.556912357727004e-11,1.556912357727004e-09
10pc_0.1x,7.5,421.4107975456175,SO2 + O3 -> SO3 + O2,0.00018303746898042087,356542266.5483416,5.133682206948214e-13,5.133682206948214e-11
10pc_0.1x,10.5,276.5839045196957,SO2 + O3 -> SO3 + O2,5.953845284185054e-06,465093255.3467173,1.2801401043209252e-14,1.2801401043209252e-12
10pc_0.1x,13.5,174.57719916497737,SO2 + O3 -> SO3 + O2,5.529336744582335e-07,1351719134.3176723,4.090595896886125e-16,4.090595896886125e-14
10pc_0.1x,16.5,108.21140576308886,SO2 + O3 -> SO3 + O2,3.469086457140578e-07,3426087807.743054,1.0125503640917627e-16,1.0125503640917627e-14
10pc_0.1x,19.5,66.68755059562694,SO2 + O3 -> SO3 + O2,3.941865977367921e-07,4508439560.980347,8.743304471649109e-17,8.743304471649108e-15
10pc_0.1x,22.5,41.24180302657478,SO2 + O3 -> SO3 + O2,1.8967742756593998e-07,4083070563.9272885,4.6454604346465014e-17,4.6454604346465014e-15
10pc_0.1x,25.5,25.639095096365434,SO2 + O3 -> SO3 + O2,4.583936931997251e-08,3029241631.331482,1.5132292137363812e-17,1.5132292137363812e-15
10pc_0.1x,28.5,16.110332720764955,SO2 + O3 -> SO3 + O2,7.178053916746682e-09,2061952982.1364143,3.481191850121342e-18,3.481191850121342e-16
10pc_0.1x,31.5,10.277639097654266,SO2 + O3 -> SO3 + O2,8.060269403867044e-10,1450806189.5441577,5.555717546531543e-19,5.555717546531542e-17
10pc_0.1x,34.5,6.64699806391285,SO2 + O3 -> SO3 + O2,4.925676941316961e-11,1242526925.7620356,3.964241610535778e-20,3.964241610535778e-18
10pc_0.1x,37.5,4.311193123607025,SO2 + O3 -> SO3 + O2,1.1074261117456307e-12,1280816236.291387,8.646252915657841e-22,8.646252915657841e-20
10pc_0.1x,40.5,2.771762993616363,SO2 + O3 -> SO3 + O2,1.1416362967811476e-14,1215784698.3868237,9.390118976624227e-24,9.390118976624228e-22
10pc_0.1x,43.5,1.7565663867661405,SO2 + O3 -> SO3 + O2,3.6041321713133127e-16,892302204.4028374,4.039138481928704e-25,4.039138481928704e-23
10pc_0.1x,46.5,1.0958555908151009,SO2 + O3 -> SO3 + O2,1.7813059469872055e-16,544195775.4690362,3.2732814683317194e-25,3.2732814683317195e-23
10pc_0.1x,49.5,0.672424832812197,SO2 + O3 -> SO3 + O2,7.464313687953116e-17,299642253.6743769,2.491075139244091e-25,2.491075139244091e-23
10pc_0.1x,52.5,0.40630006610877034,SO2 + O3 -> SO3 + O2,2.4749351564088098e-17,149525145.81185865,2.073135878579028e-25,2.073135878579028e-23
10pc_0.1x,1.5,900.0320670193607,rainout,1.2315646024261346,243221021.1187278,2.8666897586162405e-09,2.8666897586162404e-07
10pc_0.1x,4.5,623.2748769191453,rainout,0.1875360161052217,279980555.56636035,6.698180012032026e-10,6.698180012032026e-08
10pc_0.1x,7.5,421.4107975456175,rainout,0.12465618446189292,356542266.5483416,3.4962526510161026e-10,3.4962526510161024e-08
10pc_0.1x,10.5,276.5839045196957,rainout,0.011761935509096846,465093255.3467173,1.8745733914876317e-10,1.8745733914876318e-08
10pc_10x,1.5,900.0371627878558,CH3 + O3 -> H2CO + HO2,194.23693874728343,507577664.30313414,3.2801647384315164e-07,3.280164738431516e-05
10pc_10x,4.5,623.2825082476672,CH3 + O3 -> H2CO + HO2,105.0849798788147,384421672.31688666,2.7335862529673147e-07,2.7335862529673147e-05
10pc_10x,7.5,421.4152307779882,CH3 + O3 -> H2CO + HO2,63.874011321454354,392532055.53859246,1.627230449595077e-07,1.6272304495950768e-05
10pc_10x,10.5,276.5873842325904,CH3 + O3 -> H2CO + HO2,43.36141231674881,497181640.558618,8.721442784578542e-08,8.721442784578542e-06
10pc_10x,13.5,174.5795317239823,CH3 + O3 -> H2CO + HO2,81.78545606971075,1467585614.5069273,8.721442784578542e-08,8.721442784578542e-06
10pc_10x,16.5,108.21302733561954,CH3 + O3 -> H2CO + HO2,347.87078462332494,3597752620.033872,9.669113509534455e-08,9.669113509534454e-06
10pc_10x,19.5,66.68850816175113,CH3 + O3 -> H2CO + HO2,1170.7980500721972,4629407662.324733,2.529045043063375e-07,2.5290450430633747e-05
10pc_10x,22.5,41.24246476453788,CH3 + O3 -> H2CO + HO2,2675.4930324933025,4212949007.939172,6.350641860253753e-07,6.350641860253753e-05
10pc_10x,25.5,25.63959414627171,CH3 + O3 -> H2CO + HO2,4768.552612717435,3183724476.0050077,1.497790606146012e-06,0.0001497790606146012
10pc_10x,28.5,16.110666397616537,CH3 + O3 -> H2CO + HO2,6891.309806195744,2188820985.8191843,3.1484117937660465e-06,0.00031484117937660466
10pc_10x,31.5,10.27787831855342,CH3 + O3 -> H2CO + HO2,8902.798813105172,1525996687.1929693,5.8340879032192626e-06,0.0005834087903219263
10pc_10x,34.5,6.64716625107648,CH3 + O3 -> H2CO + HO2,10546.600696645202,1282639878.0494723,7.725337454292159e-06,0.0007725337454292159
10pc_10x,37.5,4.311295928572222,CH3 + O3 -> H2CO + HO2,9679.200727006664,1252916236.2517834,7.725337454292159e-06,0.0007725337454292159
10pc_10x,40.5,2.771827880240764,CH3 + O3 -> H2CO + HO2,5415.495477934637,1087120966.0142083,4.98150219454406e-06,0.000498150219454406
10pc_10x,43.5,1.7566162608536835,CH3 + O3 -> H2CO + HO2,1882.3117361990135,744622183.2814125,2.5278749122192587e-06,0.00025278749122192585
10pc_10x,46.5,1.095887656361896,CH3 + O3 -> H2CO + HO2,472.97430893055736,438034462.2596708,1.0797650634396294e-06,0.00010797650634396294
10pc_10x,49.5,0.6724457419530167,CH3 + O3 -> H2CO + HO2,96.0454837517066,236330407.33151203,4.0640341137727136e-07,4.0640341137727134e-05
10pc_10x,52.5,0.40631334683030573,CH3 + O3 -> H2CO + HO2,16.990351592089837,115963970.66104856,2.7645873326037595e-07,2.7645873326037596e-05
10pc_10x,1.5,900.0371627878558,CS + O3 -> OCS + O2,1.5456421341413952e-24,507577664.30313414,2.5756208776650307e-33,2.5756208776650307e-31
10pc_10x,4.5,623.2825082476672,CS + O3 -> OCS + O2,8.096333662207064e-25,384421672.31688666,2.1061074973767582e-33,2.1061074973767584e-31
10pc_10x,7.5,421.4152307779882,CS + O3 -> OCS + O2,5.780148769786209e-25,392532055.53859246,1.4725291064076992e-33,1.4725291064076992e-31
10pc_10x,10.5,276.5873842325904,CS + O3 -> OCS + O2,5.042560590006532e-25,497181640.558618,1.0142290419937601e-33,1.0142290419937602e-31
10pc_10x,13.5,174.5795317239823,CS + O3 -> OCS + O2,9.527754313306525e-25,1467585614.5069273,6.492128444927294e-34,6.492128444927293e-32
10pc_10x,16.5,108.21302733561954,CS + O3 -> OCS + O2,1.487041214966024e-24,3597752620.033872,6.492128444927294e-34,6.492128444927293e-32
10pc_10x,19.5,66.68850816175113,CS + O3 -> OCS + O2,5.392000458604908e-24,4629407662.324733,1.1647279418674542e-33,1.1647279418674542e-31
10pc_10x,22.5,41.24246476453788,CS + O3 -> OCS + O2,5.664917223362533e-23,4212949007.939172,1.3446441465793134e-32,1.3446441465793134e-30
10pc_10x,25.5,25.63959414627171,CS + O3 -> OCS + O2,2.1612947567502513e-22,3183724476.0050077,6.788573486931511e-32,6.788573486931511e-30
10pc_10x,28.5,16.110666397616537,CS + O3 -> OCS + O2,2.0340618338514512e-22,2188820985.8191843,6.788573486931511e-32,6.788573486931511e-30
10pc_10x,31.5,10.27787831855342,CS + O3 -> OCS + O2,4.6017617042808026e-23,1525996687.1929693,3.0155777813290157e-32,3.015577781329016e-30
10pc_10x,34.5,6.64716625107648,CS + O3 -> OCS + O2,3.7317346599467595e-24,1282639878.0494723,2.909417307078943e-33,2.909417307078943e-31
10pc_10x,37.5,4.311295928572222,CS + O3 -> OCS + O2,1.578667045713373e-25,1252916236.2517834,1.2599940842303265e-34,1.2599940842303264e-32
10pc_10x,40.5,2.771827880240764,CS + O3 -> OCS + O2,4.491954950111569e-27,1087120966.0142083,4.1319734330768674e-36,4.131973433076867e-34
10pc_10x,43.5,1.7566162608536835,CS + O3 -> OCS + O2,9.850482578028124e-28,744622183.2814125,4.1319734330768674e-36,4.131973433076867e-34
10pc_10x,46.5,1.095887656361896,CS + O3 -> OCS + O2,2.1929407323420687e-27,438034462.2596708,5.0063200987187934e-36,5.006320098718793e-34
10pc_10x,49.5,0.6724457419530167,CS + O3 -> OCS + O2,2.6634004668651487e-27,236330407.33151203,1.1269817104529714e-35,1.1269817104529714e-33
10pc_10x,52.5,0.40631334683030573,CS + O3 -> OCS + O2,2.8747833008601605e-27,115963970.66104856,1.8030065791502865e-35,1.8030065791502865e-33
10pc_10x,1.5,900.0371627878558,Cl + O3 -> ClO + O2,5.928309590715726e-20,507577664.30313414,9.663766287087602e-29,9.663766287087602e-27
10pc_10x,4.5,623.2825082476672,Cl + O3 -> ClO + O2,2.940026862361811e-20,384421672.31688666,7.647921733034569e-29,7.647921733034569e-27
10pc_10x,7.5,421.4152307779882,Cl + O3 -> ClO + O2,1.9434457988427415e-20,392532055.53859246,4.9510499115190564e-29,4.9510499115190564e-27
10pc_10x,10.5,276.5873842325904,Cl + O3 -> ClO + O2,1.542672357274471e-20,497181640.558618,3.102834520480627e-29,3.1028345204806272e-27
10pc_10x,13.5,174.5795317239823,Cl + O3 -> ClO + O2,2.7101070075907346e-20,1467585614.5069273,1.8466432082746083e-29,1.8466432082746085e-27
10pc_10x,16.5,108.21302733561954,Cl + O3 -> ClO + O2,4.096812433276939e-20,3597752620.033872,1.1387143213972195e-29,1.1387143213972195e-27
10pc_10x,19.5,66.68850816175113,Cl + O3 -> ClO + O2,3.137480026199051e-20,4629407662.324733,6.777281792944357e-30,6.777281792944357e-28
10pc_10x,22.5,41.24246476453788,Cl + O3 -> ClO + O2,1.6028478070821734e-20,4212949007.939172,3.8045744300765484e-30,3.8045744300765485e-28
10pc_10x,25.5,25.63959414627171,Cl + O3 -> ClO + O2,6.265328079099187e-21,3183724476.0050077,1.967924085868457e-30,1.967924085868457e-28
10pc_10x,28.5,16.110666397616537,Cl + O3 -> ClO + O2,2.0643734764873828e-21,2188820985.8191843,9.431440441506797e-31,9.431440441506796e-29
10pc_10x,31.5,10.27787831855342,Cl + O3 -> ClO + O2,6.626074299941175e-22,1525996687.1929693,4.342128888975286e-31,4.3421288889752863e-29
10pc_10x,34.5,6.64716625107648,Cl + O3 -> ClO + O2,2.435828720652434e-22,1282639878.0494723,1.8990745277284154e-31,1.8990745277284153e-29
10pc_10x,37.5,4.311295928572222,Cl + O3 -> ClO + O2,9.9077776198736e-23,1252916236.2517834,7.90777334765303e-32,7.90777334765303e-30
10pc_10x,40.5,2.771827880240764,Cl + O3 -> ClO + O2,3.700203805861082e-23,1087120966.0142083,3.403672564082185e-32,3.403672564082185e-30
10pc_10x,43.5,1.7566162608536835,Cl + O3 -> ClO + O2,1.2137619379881674e-23,744622183.2814125,1.6300373064892354e-32,1.6300373064892355e-30
10pc_10x,46.5,1.095887656361896,Cl + O3 -> ClO + O2,3.778300322306047e-24,438034462.2596708,8.625577774897163e-33,8.625577774897162e-31
10pc_10x,49.5,0.6724457419530167,Cl + O3 -> ClO + O2,1.1424775990038889e-24,236330407.33151203,4.834238691093527e-33,4.834238691093527e-31
10pc_10x,52.5,0.40631334683030573,Cl + O3 -> ClO + O2,3.2315173761700106e-25,115963970.66104856,3.8104475309085006e-33,3.8104475309085007e-31
10pc_10x,1.5,900.0371627878558,H + O3 -> OH + O2,35.0189047959096,507577664.30313414,6.246407927084891e-08,6.246407927084892e-06
10pc_10x,4.5,623.2825082476672,H + O3 -> OH + O2,21.50299088936313,384421672.31688666,5.966346114421009e-08,5.9663461144210086e-06
10pc_10x,7.5,421.4152307779882,H + O3 -> OH + O2,23.41982104348373,392532055.53859246,5.966346114421009e-08,5.9663461144210086e-06
10pc_10x,10.5,276.5873842325904,H + O3 -> OH + O2,30.550366300783352,497181640.558618,5.966346114421009e-08,5.9663461144210086e-06
10pc_10x,13.5,174.5795317239823,H + O3 -> OH + O2,66.8668007427597,1467585614.5069273,5.3370598475502796e-08,5.33705984755028e-06
10pc_10x,16.5,108.21302733561954,H + O3 -> OH + O2,192.01421049801596,3597752620.033872,5.3370598475502796e-08,5.33705984755028e-06
10pc_10x,19.5,66.68850816175113,H + O3 -> OH + O2,483.61485147390795,4629407662.324733,1.0446581652544569e-07,1.044658165254457e-05
10pc_10x,22.5,41.24246476453788,H + O3 -> OH + O2,1100.1781496545427,4212949007.939172,2.6114205217800906e-07,2.6114205217800904e-05
10pc_10x,25.5,25.63959414627171,H + O3 -> OH + O2,2068.025513728613,3183724476.0050077,6.495617096626424e-07,6.495617096626424e-05
10pc_10x,28.5,16.110666397616537,H + O3 -> OH + O2,3336.2020643411333,2188820985.8191843,1.5242005106655774e-06,0.00015242005106655773
10pc_10x,31.5,10.27787831855342,H + O3 -> OH + O2,5853.499455979684,1525996687.1929693,3.835853318100606e-06,0.0003835853318100606
10pc_10x,34.5,6.64716625107648,H + O3 -> OH + O2,15734.13572444013,1282639878.0494723,1.2266994028259313e-05,0.0012266994028259312
10pc_10x,37.5,4.311295928572222,H + O3 -> OH + O2,56239.10106075554,1252916236.2517834,4.488656099549009e-05,0.004488656099549009
10pc_10x,40.5,2.771827880240764,H + O3 -> OH + O2,133457.83798270187,1087120966.0142083,0.00012276263834006272,0.012276263834006273
10pc_10x,43.5,1.7566162608536835,H + O3 -> OH + O2,186063.25876465795,744622183.2814125,0.00024987606190391955,0.024987606190391955
10pc_10x,46.5,1.095887656361896,H + O3 -> OH + O2,198943.22650412566,438034462.2596708,0.0004541725449587807,0.04541725449587807
10pc_10x,49.5,0.6724457419530167,H + O3 -> OH + O2,195745.4409512542,236330407.33151203,0.0008282702304857142,0.08282702304857141
10pc_10x,52.5,0.40631334683030573,H + O3 -> OH + O2,188850.05029359736,115963970.66104856,0.0012283968605809317,0.12283968605809317
10pc_10x,1.5,900.0371627878558,HS + O3 -> HSO + O2,1561.6791133066192,507577664.30313414,1.9664751861596904e-06,0.00019664751861596903
10pc_10x,4.5,623.2825082476672,HS + O3 -> HSO + O2,329.14990504847145,384421672.31688666,8.562209905198748e-07,8.562209905198748e-05
10pc_10x,7.5,421.4152307779882,HS + O3 -> HSO + O2,69.69414522319147,392532055.53859246,1.775502006519296e-07,1.775502006519296e-05
10pc_10x,10.5,276.5873842325904,HS + O3 -> HSO + O2,15.915735971135934,497181640.558618,3.2011914102969495e-08,3.2011914102969493e-06
10pc_10x,13.5,174.5795317239823,HS + O3 -> HSO + O2,2.0061136056598885,1467585614.5069273,1.3669482623907385e-09,1.3669482623907386e-07
10pc_10x,16.5,108.21302733561954,HS + O3 -> HSO + O2,1.0938083244284582,3597752620.033872,3.040254403089449e-10,3.040254403089449e-08
10pc_10x,19.5,66.68850816175113,HS + O3 -> HSO + O2,1.3388347095960522,4629407662.324733,3.040254403089449e-10,3.040254403089449e-08
10pc_10x,22.5,41.24246476453788,HS + O3 -> HSO + O2,1.3709159970298697,4212949007.939172,2.8920216305248314e-10,2.8920216305248313e-08
10pc_10x,25.5,25.63959414627171,HS + O3 -> HSO + O2,0.6936179022542005,3183724476.0050077,2.17863671144233e-10,2.17863671144233e-08
10pc_10x,28.5,16.110666397616537,HS + O3 -> HSO + O2,0.13799019969894188,2188820985.8191843,6.304316369083875e-11,6.304316369083875e-09
10pc_10x,31.5,10.27787831855342,HS + O3 -> HSO + O2,0.011861043206135128,1525996687.1929693,7.772653312867411e-12,7.772653312867411e-10
10pc_10x,34.5,6.64716625107648,HS + O3 -> HSO + O2,0.0005017881864381584,1282639878.0494723,3.912151766255969e-13,3.912151766255969e-11
10pc_10x,37.5,4.311295928572222,HS + O3 -> HSO + O2,9.565384959520437e-06,1252916236.2517834,7.634496770619068e-15,7.634496770619068e-13
10pc_10x,40.5,2.771827880240764,HS + O3 -> HSO + O2,1.1301718084338941e-07,1087120966.0142083,1.03960078387369e-16,1.03960078387369e-14
10pc_10x,43.5,1.7566162608536835,HS + O3 -> HSO + O2,1.2648437018883018e-08,744622183.2814125,5.2792659113588714e-17,5.2792659113588715e-15
10pc_10x,46.5,1.095887656361896,HS + O3 -> HSO + O2,2.312500404607894e-08,438034462.2596708,5.2792659113588714e-17,5.2792659113588715e-15
10pc_10x,49.5,0.6724457419530167,HS + O3 -> HSO + O2,2.7090458574445936e-08,236330407.33151203,1.1462959371302927e-16,1.1462959371302927e-14
10pc_10x,52.5,0.40631334683030573,HS + O3 -> HSO + O2,1.987078482055826e-08,115963970.66104856,1.4299134237011488e-16,1.4299134237011487e-14
10pc_10x,1.5,900.0371627878558,NO + O3 -> NO2 + O2,99008.98192358432,507577664.30313414,9.81073399469816e-05,0.009810733994698161
10pc_10x,4.5,623.2825082476672,NO + O3 -> NO2 + O2,443.21543090071714,384421672.31688666,1.3029487852680837e-06,0.00013029487852680836
10pc_10x,7.5,421.4152307779882,NO + O3 -> NO2 + O2,511.449164942793,392532055.53859246,1.3029487852680837e-06,0.00013029487852680836
10pc_10x,10.5,276.5873842325904,NO + O3 -> NO2 + O2,2907.0296272222295,497181640.558618,5.847017246968292e-06,0.0005847017246968292
10pc_10x,13.5,174.5795317239823,NO + O3 -> NO2 + O2,480748.7179741647,1467585614.5069273,0.00032757797107168054,0.03275779710716806
10pc_10x,16.5,108.21302733561954,NO + O3 -> NO2 + O2,2734646.5876392177,3597752620.033872,0.0007600985605323447,0.07600985605323447
10pc_10x,19.5,66.68850816175113,NO + O3 -> NO2 + O2,6486493.521576605,4629407662.324733,0.0014011497786996158,0.14011497786996158
10pc_10x,22.5,41.24246476453788,NO + O3 -> NO2 + O2,10302842.2062955,4212949007.939172,0.0024455178989539425,0.24455178989539425
10pc_10x,25.5,25.63959414627171,NO + O3 -> NO2 + O2,11526204.340019742,3183724476.0050077,0.003620352334785899,0.3620352334785899
10pc_10x,28.5,16.110666397616537,NO + O3 -> NO2 + O2,9351077.089724082,2188820985.8191843,0.0036864252382277887,0.3686425238227789
10pc_10x,31.5,10.27787831855342,NO + O3 -> NO2 + O2,5625472.701120159,1525996687.1929693,0.0036864252382277887,0.3686425238227789
10pc_10x,34.5,6.64716625107648,NO + O3 -> NO2 + O2,2546242.696889111,1282639878.0494723,0.001985157907893224,0.1985157907893224
10pc_10x,37.5,4.311295928572222,NO + O3 -> NO2 + O2,840728.715001989,1252916236.2517834,0.0006710174955646739,0.06710174955646739
10pc_10x,40.5,2.771827880240764,NO + O3 -> NO2 + O2,190512.07022464334,1087120966.0142083,0.00017524459207435929,0.01752445920743593
10pc_10x,43.5,1.7566162608536835,NO + O3 -> NO2 + O2,34336.52535786725,744622183.2814125,4.6112681207740175e-05,0.0046112681207740175
10pc_10x,46.5,1.095887656361896,NO + O3 -> NO2 + O2,6165.976455232869,438034462.2596708,1.4076464265904316e-05,0.0014076464265904316
10pc_10x,49.5,0.6724457419530167,NO + O3 -> NO2 + O2,1203.9209111888067,236330407.33151203,5.094227716114452e-06,0.0005094227716114452
10pc_10x,52.5,0.40631334683030573,NO + O3 -> NO2 + O2,259.02538683092314,115963970.66104856,3.6639494810285594e-06,0.00036639494810285597
10pc_10x,1.5,900.0371627878558,NO2 + O3 -> NO3 + O2,12207.557154044396,507577664.30313414,1.2241358115760294e-05,0.0012241358115760294
10pc_10x,4.5,623.2825082476672,NO2 + O3 -> NO3 + O2,166.10743660089264,384421672.31688666,4.3209696165092084e-07,4.3209696165092085e-05
10pc_10x,7.5,421.4152307779882,NO2 + O3 -> NO3 + O2,63.97345220074862,392532055.53859246,1.629763768285644e-07,1.629763768285644e-05
10pc_10x,10.5,276.5873842325904,NO2 + O3 -> NO3 + O2,38.99248388429098,497181640.558618,1.629763768285644e-07,1.629763768285644e-05
10pc_10x,13.5,174.5795317239823,NO2 + O3 -> NO3 + O2,367.3433410544178,1467585614.5069273,2.50304539253634e-07,2.50304539253634e-05
10pc_10x,16.5,108.21302733561954,NO2 + O3 -> NO3 + O2,2737.9686012281054,3597752620.033872,7.610219185115424e-07,7.610219185115424e-05
10pc_10x,19.5,66.68850816175113,NO2 + O3 -> NO3 + O2,7653.4383293147785,4629407662.324733,1.6532219427553025e-06,0.00016532219427553026
10pc_10x,22.5,41.24246476453788,NO2 + O3 -> NO3 + O2,10188.712876624151,4212949007.939172,2.418427770529346e-06,0.00024184277705293462
10pc_10x,25.5,25.63959414627171,NO2 + O3 -> NO3 + O2,8063.529438737038,3183724476.0050077,2.418427770529346e-06,0.00024184277705293462
10pc_10x,28.5,16.110666397616537,NO2 + O3 -> NO3 + O2,4320.434576694817,2188820985.8191843,1.973863831115389e-06,0.00019738638311153888
10pc_10x,31.5,10.27787831855342,NO2 + O3 -> NO3 + O2,1675.4273637505685,1525996687.1929693,1.0979233295928531e-06,0.00010979233295928531
10pc_10x,34.5,6.64716625107648,NO2 + O3 -> NO3 + O2,417.4785748245446,1282639878.0494723,3.2548385713643164e-07,3.254838571364316e-05
10pc_10x,37.5,4.311295928572222,NO2 + O3 -> NO3 + O2,53.51774277351073,1252916236.2517834,4.271454166290804e-08,4.271454166290804e-06
10pc_10x,40.5,2.771827880240764,NO2 + O3 -> NO3 + O2,3.4606677022682812,1087120966.0142083,3.1833326837181536e-09,3.1833326837181534e-07
10pc_10x,43.5,1.7566162608536835,NO2 + O3 -> NO3 + O2,0.1704226386013117,744622183.2814125,2.2887128859133715e-10,2.2887128859133716e-08
10pc_10x,46.5,1.095887656361896,NO2 + O3 -> NO3 + O2,0.009164869520920495,438034462.2596708,2.092271341766593e-11,2.092271341766593e-09
10pc_10x,49.5,0.6724457419530167,NO2 + O3 -> NO3 + O2,0.0005946180430170781,236330407.33151203,2.516045437111183e-12,2.5160454371111826e-10
10pc_10x,52.5,0.40631334683030573,NO2 + O3 -> NO3 + O2,4.9549988788404775e-05,115963970.66104856,1.4716666137497055e-12,1.4716666137497056e-10
10pc_10x,1.5,900.0371627878558,O + O3 -> O2 + O2,182.3490752657073,507577664.30313414,3.1130950918817363e-07,3.1130950918817364e-05
10pc_10x,4.5,623.2825082476672,O + O3 -> O2 + O2,101.24339570435944,384421672.31688666,2.633654733724337e-07,2.6336547337243372e-05
10pc_10x,7.5,421.4152307779882,O + O3 -> O2 + O2,84.79548774175005,392532055.53859246,2.160218166778821e-07,2.1602181667788212e-05
10pc_10x,10.5,276.5873842325904,O + O3 -> O2 + O2,100.41908440533803,497181640.558618,2.160218166778821e-07,2.1602181667788212e-05
10pc_10x,13.5,174.5795317239823,O + O3 -> O2 + O2,1101.4191613321875,1467585614.5069273,7.504973818527359e-07,7.504973818527359e-05
10pc_10x,16.5,108.21302733561954,O + O3 -> O2 + O2,10320.802099614906,3597752620.033872,2.8686803095199298e-06,0.000286868030951993
10pc_10x,19.5,66.68850816175113,O + O3 -> O2 + O2,42128.77837467886,4629407662.324733,9.100252439968358e-06,0.0009100252439968357
10pc_10x,22.5,41.24246476453788,O + O3 -> O2 + O2,86845.52379595338,4212949007.939172,2.061395085302378e-05,0.002061395085302378
10pc_10x,25.5,25.63959414627171,O + O3 -> O2 + O2,130096.90043209134,3183724476.0050077,4.0863115326907676e-05,0.004086311532690768
10pc_10x,28.5,16.110666397616537,O + O3 -> O2 + O2,173264.63333222375,2188820985.8191843,7.91588871153746e-05,0.00791588871153746
10pc_10x,31.5,10.27787831855342,O + O3 -> O2 + O2,241963.09420974052,1525996687.1929693,0.00015856069429274138,0.015856069429274137
10pc_10x,34.5,6.64716625107648,O + O3 -> O2 + O2,360967.76332608314,1282639878.0494723,0.0002814256515047791,0.02814256515047791
10pc_10x,37.5,4.311295928572222,O + O3 -> O2 + O2,454795.71852530877,1252916236.2517834,0.00033736706276735326,0.03373670627673533
10pc_10x,40.5,2.771827880240764,O + O3 -> O2 + O2,366758.8071770211,1087120966.0142083,0.00033736706276735326,0.03373670627673533
10pc_10x,43.5,1.7566162608536835,O + O3 -> O2 + O2,202464.16649025993,744622183.2814125,0.00027190187323998023,0.027190187323998024
10pc_10x,46.5,1.095887656361896,O + O3 -> O2 + O2,93354.14134795686,438034462.2596708,0.00021312054048527277,0.021312054048527276
10pc_10x,49.5,0.6724457419530167,O + O3 -> O2 + O2,39934.06541157039,236330407.33151203,0.0001689755705263646,0.016897557052636458
10pc_10x,52.5,0.40631334683030573,O + O3 -> O2 + O2,16718.40686730739,115963970.66104856,0.00015657227310886701,0.0156572273108867
10pc_10x,1.5,900.0371627878558,O1D + O3 -> O2 + O2,2.3125236294369333,507577664.30313414,5.084090847400288e-09,5.084090847400289e-07
10pc_10x,4.5,623.2825082476672,O1D + O3 -> O2 + O2,2.1574444308478418,384421672.31688666,5.612182106812688e-09,5.612182106812688e-07
10pc_10x,7.5,421.4152307779882,O1D + O3 -> O2 + O2,3.3471532006078206,392532055.53859246,8.527082446846789e-09,8.527082446846789e-07
10pc_10x,10.5,276.5873842325904,O1D + O3 -> O2 + O2,7.973042258512547,497181640.558618,1.6036477633313815e-08,1.6036477633313814e-06
10pc_10x,13.5,174.5795317239823,O1D + O3 -> O2 + O2,124.09967900881632,1467585614.5069273,8.456043571298617e-08,8.456043571298618e-06
10pc_10x,16.5,108.21302733561954,O1D + O3 -> O2 + O2,1146.5952860192451,3597752620.033872,3.186976446447422e-07,3.186976446447422e-05
10pc_10x,19.5,66.68850816175113,O1D + O3 -> O2 + O2,3797.2521712775156,4629407662.324733,8.202457956296429e-07,8.202457956296428e-05
10pc_10x,22.5,41.24246476453788,O1D + O3 -> O2 + O2,7125.559992154878,4212949007.939172,1.691347314844538e-06,0.0001691347314844538
10pc_10x,25.5,25.63959414627171,O1D + O3 -> O2 + O2,8827.065230025055,3183724476.0050077,2.77255940221982e-06,0.000277255940221982
10pc_10x,28.5,16.110666397616537,O1D + O3 -> O2 + O2,7601.085601522298,2188820985.8191843,3.4726849069740298e-06,0.000347268490697403
10pc_10x,31.5,10.27787831855342,O1D + O3 -> O2 + O2,5626.871665323214,1525996687.1929693,3.687341992644621e-06,0.0003687341992644621
10pc_10x,34.5,6.64716625107648,O1D + O3 -> O2 + O2,5096.0570135857115,1282639878.0494723,3.973100400819717e-06,0.0003973100400819717
10pc_10x,37.5,4.311295928572222,O1D + O3 -> O2 + O2,5297.62221684082,1252916236.2517834,3.973100400819717e-06,0.0003973100400819717
10pc_10x,40.5,2.771827880240764,O1D + O3 -> O2 + O2,4213.071904293551,1087120966.0142083,3.875439841566341e-06,0.0003875439841566341
10pc_10x,43.5,1.7566162608536835,O1D + O3 -> O2 + O2,2316.6876254250383,744622183.2814125,3.1112256355509364e-06,0.00031112256355509364
10pc_10x,46.5,1.095887656361896,O1D + O3 -> O2 + O2,1054.3917648430267,438034462.2596708,2.407097741588135e-06,0.00024070977415881353
10pc_10x,49.5,0.6724457419530167,O1D + O3 -> O2 + O2,438.84644950799765,236330407.33151203,1.856919109407731e-06,0.0001856919109407731
10pc_10x,52.5,0.40631334683030573,O1D + O3 -> O2 + O2,161.2606502120047,115963970.66104856,1.623764524397228e-06,0.0001623764524397228
10pc_10x,1.5,900.0371627878558,O3 + M -> O + O2 + M,81982.79106445546,507577664.30313414,8.525674276095983e-05,0.008525674276095983
10pc_10x,4.5,623.2825082476672,O3 + M -> O + O2 + M,3458.164193755946,384421672.31688666,8.995757634874733e-06,0.0008995757634874733
10pc_10x,7.5,421.4152307779882,O3 + M -> O + O2 + M,82.26262736409738,392532055.53859246,2.0956919620545384e-07,2.0956919620545385e-05
10pc_10x,10.5,276.5873842325904,O3 + M -> O + O2 + M,0.8280356583433263,497181640.558618,1.6654590411121595e-09,1.6654590411121594e-07
10pc_10x,13.5,174.5795317239823,O3 + M -> O + O2 + M,0.03343470694064179,1467585614.5069273,2.278211683880196e-11,2.2782116838801957e-09
10pc_10x,16.5,108.21302733561954,O3 + M -> O + O2 + M,0.009111919652860581,3597752620.033872,2.532669867884022e-12,2.532669867884022e-10
10pc_10x,19.5,66.68850816175113,O3 + M -> O + O2 + M,0.008469331786063067,4629407662.324733,1.8294633792976557e-12,1.8294633792976559e-10
10pc_10x,22.5,41.24246476453788,O3 + M -> O + O2 + M,0.006315024109661402,4212949007.939172,1.8294633792976557e-12,1.8294633792976559e-10
10pc_10x,25.5,25.63959414627171,O3 + M -> O + O2 + M,0.005914408394393117,3183724476.0050077,1.8577010790250975e-12,1.8577010790250974e-10
10pc_10x,28.5,16.110666397616537,O3 + M -> O + O2 + M,0.009233675734416446,2188820985.8191843,4.218561405541654e-12,4.218561405541654e-10
10pc_10x,31.5,10.27787831855342,O3 + M -> O + O2 + M,0.01912287247415488,1525996687.1929693,1.2531398419567281e-11,1.2531398419567282e-09
10pc_10x,34.5,6.64716625107648,O3 + M -> O + O2 + M,0.01908823258218669,1282639878.0494723,1.2531398419567281e-11,1.2531398419567282e-09
10pc_10x,37.5,4.311295928572222,O3 + M -> O + O2 + M,0.005222864521799117,1252916236.2517834,4.16856639788132e-12,4.16856639788132e-10
10pc_10x,40.5,2.771827880240764,O3 + M -> O + O2 + M,0.00044190824766117734,1087120966.0142083,4.0649408987242524e-13,4.064940898724252e-11
10pc_10x,43.5,1.7566162608536835,O3 + M -> O + O2 + M,2.309887838960853e-05,744622183.2814125,3.102093774297193e-14,3.1020937742971933e-12
10pc_10x,46.5,1.095887656361896,O3 + M -> O + O2 + M,1.0153564219606157e-06,438034462.2596708,2.3179829658213128e-15,2.3179829658213127e-13
10pc_10x,49.5,0.6724457419530167,O3 + M -> O + O2 + M,3.95801285651884e-08,236330407.33151203,1.6747793486289493e-16,1.6747793486289494e-14
10pc_10x,52.5,0.40631334683030573,O3 + M -> O + O2 + M,1.981733063702243e-09,115963970.66104856,9.228357422787502e-17,9.228357422787501e-15
10pc_10x,1.5,900.0371627878558,O3 + hv -> O + O2,484531857.0847269,507577664.30313414,0.9489891881646828,94.89891881646828
10pc_10x,4.5,623.2825082476672,O3 + hv -> O + O2,362656442.1197826,384421672.31688666,0.9433818856623606,94.33818856623606
10pc_10x,7.5,421.4152307779882,O3 + hv -> O + O2,367220081.4795949,392532055.53859246,0.9355161605228214,93.55161605228214
10pc_10x,10.5,276.5873842325904,O3 + hv -> O + O2,462255999.6191471,497181640.558618,0.9297527541438788,92.97527541438788
10pc_10x,13.5,174.5795317239823,O3 + hv -> O + O2,1355484776.4218414,1467585614.5069273,0.9236154695324205,92.36154695324204
10pc_10x,16.5,108.21302733561954,O3 + hv -> O + O2,3277919691.4124904,3597752620.033872,0.9111020232907591,91.1102023290759
10pc_10x,19.5,66.68850816175113,O3 + hv -> O + O2,4065055038.51116,4629407662.324733,0.8780939884801214,87.80939884801214
10pc_10x,22.5,41.24246476453788,O3 + hv -> O + O2,3398575862.845552,4212949007.939172,0.8066976021881682,80.66976021881682
10pc_10x,25.5,25.63959414627171,O3 + hv -> O + O2,2188449753.424115,3183724476.0050077,0.6873866661257759,68.73866661257759
10pc_10x,28.5,16.110666397616537,O3 + hv -> O + O2,1196480280.7090611,2188820985.8191843,0.5466323141365846,54.663231413658465
10pc_10x,31.5,10.27787831855342,O3 + hv -> O + O2,644095513.1862366,1525996687.1929693,0.42208185547966903,42.208185547966906
10pc_10x,34.5,6.64716625107648,O3 + hv -> O + O2,408639307.83634424,1282639878.0494723,0.3185923927905372,31.859239279053718
10pc_10x,37.5,4.311295928572222,O3 + hv -> O + O2,301236994.1808865,1252916236.2517834,0.24042867788357924,24.042867788357924
10pc_10x,40.5,2.771827880240764,O3 + hv -> O + O2,210768428.71356845,1087120966.0142083,0.19387762291654098,19.3877622916541
10pc_10x,43.5,1.7566162608536835,O3 + hv -> O + O2,127402790.12577723,744622183.2814125,0.17109722619911302,17.109722619911302
10pc_10x,46.5,1.095887656361896,O3 + hv -> O + O2,70366580.69799833,438034462.2596708,0.16064165439175968,16.064165439175966
10pc_10x,49.5,0.6724457419530167,O3 + hv -> O + O2,36801873.07316546,236330407.33151203,0.1557221243288499,15.57221243288499
10pc_10x,52.5,0.40631334683030573,O3 + hv -> O + O2,17778604.457417488,115963970.66104856,0.15451678702478966,15.451678702478965
10pc_10x,1.5,900.0371627878558,O3 + hv -> O1D + O2,22786417.751889694,507577664.30313414,0.05069731114699958,5.069731114699958
10pc_10x,4.5,623.2825082476672,O3 + hv -> O1D + O2,21720649.84122231,384421672.31688666,0.05650214700517075,5.650214700517075
10pc_10x,7.5,421.4152307779882,O3 + hv -> O1D + O2,25278712.095516246,392532055.53859246,0.06439910254165453,6.4399102541654525
10pc_10x,10.5,276.5873842325904,O3 + hv -> O1D + O2,34891056.652835846,497181640.558618,0.07017768518892477,7.017768518892477
10pc_10x,13.5,174.5795317239823,O3 + hv -> O1D + O2,111555162.6402351,1467585614.5069273,0.07601271199276159,7.601271199276159
10pc_10x,16.5,108.21302733561954,O3 + hv -> O1D + O2,316877318.06366706,3597752620.033872,0.08807646092706722,8.807646092706722
10pc_10x,19.5,66.68850816175113,O3 + hv -> O1D + O2,557360931.9377683,4629407662.324733,0.12039573366452684,12.039573366452684
10pc_10x,22.5,41.24246476453788,O3 + hv -> O1D + O2,803239221.8238069,4212949007.939172,0.1906596116663476,19.06596116663476
10pc_10x,25.5,25.63959414627171,O3 + hv -> O1D + O2,982688045.674885,3183724476.0050077,0.308659889723868,30.8659889723868
10pc_10x,28.5,16.110666397616537,O3 + hv -> O1D + O2,981898601.40541,2188820985.8191843,0.44859703363906045,44.85970336390604
10pc_10x,31.5,10.27787831855342,O3 + hv -> O1D + O2,875212758.3906136,1525996687.1929693,0.5735351627797727,57.35351627797727
10pc_10x,34.5,6.64716625107648,O3 + hv -> O1D + O2,870263537.0374469,1282639878.0494723,0.6784940589566483,67.84940589566483
10pc_10x,37.5,4.311295928572222,O3 + hv -> O1D + O2,949510358.7662073,1252916236.2517834,0.7578402540354627,75.78402540354628
10pc_10x,40.5,2.771827880240764,O3 + hv -> O1D + O2,875098482.5156909,1087120966.0142083,0.804968821201314,80.4968821201314
10pc_10x,43.5,1.7566162608536835,O3 + hv -> O1D + O2,616542167.6027043,744622183.2814125,0.8279932849780499,82.79932849780499
10pc_10x,46.5,1.095887656361896,O3 + hv -> O1D + O2,367276019.0631589,438034462.2596708,0.8384637527570477,83.84637527570476
10pc_10x,49.5,0.6724457419530167,O3 + hv -> O1D + O2,199259769.7328887,236330407.33151203,0.8431406351082763,84.31406351082764
10pc_10x,52.5,0.40631334683030573,O3 + hv -> O1D + O2,97969097.57783258,115963970.66104856,0.8439821107143894,84.39821107143895
10pc_10x,1.5,900.0371627878558,OH + O3 -> HO2 + O2,64188.80048553691,507577664.30313414,0.00011518593569934978,0.011518593569934978
10pc_10x,4.5,623.2825082476672,OH + O3 -> HO2 + O2,39945.57468671356,384421672.31688666,0.00010391082907985896,0.010391082907985896
10pc_10x,7.5,421.4152307779882,OH + O3 -> HO2 + O2,32353.522349409563,392532055.53859246,8.242262483510387e-05,0.008242262483510386
10pc_10x,10.5,276.5873842325904,OH + O3 -> HO2 + O2,31429.36598338677,497181640.558618,6.321505747491741e-05,0.006321505747491741
10pc_10x,13.5,174.5795317239823,OH + O3 -> HO2 + O2,63165.23079862603,1467585614.5069273,5.731073722671642e-05,0.005731073722671642
10pc_10x,16.5,108.21302733561954,OH + O3 -> HO2 + O2,206189.85501349176,3597752620.033872,5.731073722671642e-05,0.005731073722671642
10pc_10x,19.5,66.68850816175113,OH + O3 -> HO2 + O2,449917.29115288553,4629407662.324733,9.718679450384635e-05,0.009718679450384635
10pc_10x,22.5,41.24246476453788,OH + O3 -> HO2 + O2,723097.1954165627,4212949007.939172,0.00017163682590363863,0.01716368259036386
10pc_10x,25.5,25.63959414627171,OH + O3 -> HO2 + O2,906627.2666928032,3183724476.0050077,0.0002847693867750939,0.028476938677509393
10pc_10x,28.5,16.110666397616537,OH + O3 -> HO2 + O2,895609.4518965837,2188820985.8191843,0.000409174371818897,0.0409174371818897
10pc_10x,31.5,10.27787831855342,OH + O3 -> HO2 + O2,798920.9635818002,1525996687.1929693,0.0005235404311731464,0.05235404311731464
10pc_10x,34.5,6.64716625107648,OH + O3 -> HO2 + O2,798028.415709552,1282639878.0494723,0.0006221765199777855,0.06221765199777855
10pc_10x,37.5,4.311295928572222,OH + O3 -> HO2 + O2,802089.424017037,1252916236.2517834,0.0006221765199777855,0.06221765199777855
10pc_10x,40.5,2.771827880240764,OH + O3 -> HO2 + O2,553694.0410699788,1087120966.0142083,0.000509321463185489,0.05093214631854889
10pc_10x,43.5,1.7566162608536835,OH + O3 -> HO2 + O2,250162.43251039897,744622183.2814125,0.0003359588770347659,0.03359588770347659
10pc_10x,46.5,1.095887656361896,OH + O3 -> HO2 + O2,91871.77896522972,438034462.2596708,0.00020973641774963198,0.0209736417749632
10pc_10x,49.5,0.6724457419530167,OH + O3 -> HO2 + O2,31346.20565374704,236330407.33151203,0.00013263720909927689,0.013263720909927688
10pc_10x,52.5,0.40631334683030573,OH + O3 -> HO2 + O2,10262.892197092267,115963970.66104856,0.00011056895290606764,0.011056895290606763
10pc_10x,1.5,900.0371627878558,S + O3 -> SO + O2,1.6087024763665421e-06,507577664.30313414,1.7030363658150745e-14,1.7030363658150744e-12
10pc_10x,4.5,623.2825082476672,S + O3 -> SO + O2,1.187530644106423e-05,384421672.31688666,3.0891355238877297e-14,3.0891355238877298e-12
10pc_10x,7.5,421.4152307779882,S + O3 -> SO + O2,7.10860957138028e-05,392532055.53859246,1.8109628171963104e-13,1.8109628171963105e-11
10pc_10x,10.5,276.5873842325904,S + O3 -> SO + O2,0.00030295552556367465,497181640.558618,6.093457618895241e-13,6.093457618895241e-11
10pc_10x,13.5,174.5795317239823,S + O3 -> SO + O2,0.0017891371971463764,1467585614.5069273,1.2191024356337007e-12,1.2191024356337008e-10
10pc_10x,16.5,108.21302733561954,S + O3 -> SO + O2,0.009170868762458914,3597752620.033872,2.549054849238793e-12,2.549054849238793e-10
10pc_10x,19.5,66.68850816175113,S + O3 -> SO + O2,0.024439293074025238,4629407662.324733,5.279140412048449e-12,5.279140412048449e-10
10pc_10x,22.5,41.24246476453788,S + O3 -> SO + O2,0.02724714741773956,4212949007.939172,5.279140412048449e-12,5.279140412048449e-10
10pc_10x,25.5,25.63959414627171,S + O3 -> SO + O2,0.010481554860650376,3183724476.0050077,3.292230511668777e-12,3.292230511668777e-10
10pc_10x,28.5,16.110666397616537,S + O3 -> SO + O2,0.0013082288922052262,2188820985.8191843,5.976865630770671e-13,5.976865630770671e-11
10pc_10x,31.5,10.27787831855342,S + O3 -> SO + O2,6.417444692527507e-05,1525996687.1929693,4.2054119424939425e-14,4.205411942493943e-12
10pc_10x,34.5,6.64716625107648,S + O3 -> SO + O2,1.8607587833924263e-06,1282639878.0494723,1.450725815746589e-15,1.450725815746589e-13
10pc_10x,37.5,4.311295928572222,S + O3 -> SO + O2,4.136707066808142e-08,1252916236.2517834,3.3016629101906204e-17,3.3016629101906203e-15
10pc_10x,40.5,2.771827880240764,S + O3 -> SO + O2,9.644852500249298e-10,1087120966.0142083,8.871922078378206e-19,8.871922078378207e-17
10pc_10x,43.5,1.7566162608536835,S + O3 -> SO + O2,3.169327423810031e-10,744622183.2814125,8.871922078378206e-19,8.871922078378207e-17
10pc_10x,46.5,1.095887656361896,S + O3 -> SO + O2,1.3575774308934453e-09,438034462.2596708,3.099247999552741e-18,3.099247999552741e-16
10pc_10x,49.5,0.6724457419530167,S + O3 -> SO + O2,3.6382664412517277e-09,236330407.33151203,1.5394829985411723e-17,1.5394829985411723e-15
10pc_10x,52.5,0.40631334683030573,S + O3 -> SO + O2,5.996903579779446e-09,115963970.66104856,3.355416836875148e-17,3.355416836875148e-15
10pc_10x,1.5,900.0371627878558,SO + O3 -> SO2 + O2,22.763021887545097,507577664.30313414,3.2675093010882375e-08,3.2675093010882373e-06
10pc_10x,4.5,623.2825082476672,SO + O3 -> SO2 + O2,7.8821065858117585,384421672.31688666,2.0503803904464514e-08,2.0503803904464513e-06
10pc_10x,7.5,421.4152307779882,SO + O3 -> SO2 + O2,5.484822215771005,392532055.53859246,1.9787437324322868e-08,1.9787437324322867e-06
10pc_10x,10.5,276.5873842325904,SO + O3 -> SO2 + O2,9.837950551357673,497181640.558618,1.3972928168236581e-08,1.3972928168236582e-06
10pc_10x,13.5,174.5795317239823,SO + O3 -> SO2 + O2,17.940300615017716,1467585614.5069273,1.2224363906050698e-08,1.2224363906050697e-06
10pc_10x,16.5,108.21302733561954,SO + O3 -> SO2 + O2,27.751988108049076,3597752620.033872,9.895338232269984e-09,9.895338232269985e-07
10pc_10x,19.5,66.68850816175113,SO + O3 -> SO2 + O2,45.809554633765536,4629407662.324733,9.895338232269984e-09,9.895338232269985e-07
10pc_10x,22.5,41.24246476453788,SO + O3 -> SO2 + O2,46.99577582253656,4212949007.939172,9.895338232269984e-09,9.895338232269985e-07
10pc_10x,25.5,25.63959414627171,SO + O3 -> SO2 + O2,20.516054103351404,3183724476.0050077,6.444041957140494e-09,6.444041957140494e-07
10pc_10x,28.5,16.110666397616537,SO + O3 -> SO2 + O2,3.3491793015809073,2188820985.8191843,1.530129381653132e-09,1.530129381653132e-07
10pc_10x,31.5,10.27787831855342,SO + O3 -> SO2 + O2,0.22886108950565276,1525996687.1929693,1.4997482722366633e-10,1.499748272236663e-08
10pc_10x,34.5,6.64716625107648,SO + O3 -> SO2 + O2,0.008155072604858307,1282639878.0494723,6.358037625697273e-12,6.358037625697273e-10
10pc_10x,37.5,4.311295928572222,SO + O3 -> SO2 + O2,0.00016537722514530626,1252916236.2517834,1.319938399394103e-13,1.319938399394103e-11
10pc_10x,40.5,2.771827880240764,SO + O3 -> SO2 + O2,2.636959030821822e-06,1087120966.0142083,2.4256353370590387e-15,2.425635337059039e-13
10pc_10x,43.5,1.7566162608536835,SO + O3 -> SO2 + O2,4.827924589302698e-07,744622183.2814125,2.4256353370590387e-15,2.425635337059039e-13
10pc_10x,46.5,1.095887656361896,SO + O3 -> SO2 + O2,1.297387651623851e-06,438034462.2596708,2.961839223633386e-15,2.9618392236333857e-13
10pc_10x,49.5,0.6724457419530167,SO + O3 -> SO2 + O2,2.180109530025753e-06,236330407.33151203,9.224837187233417e-15,9.224837187233417e-13
10pc_10x,52.5,0.40631334683030573,SO + O3 -> SO2 + O2,2.287943229349526e-06,115963970.66104856,1.4477306870152887e-14,1.4477306870152886e-12
10pc_10x,1.5,900.0371627878558,SO2 + O3 -> SO3 + O2,0.1447070942311685,507577664.30313414,1.627764201000301e-10,1.627764201000301e-08
10pc_10x,4.5,623.2825082476672,SO2 + O3 -> SO3 + O2,0.015553446165411823,384421672.31688666,4.04593374553316e-11,4.04593374553316e-09
10pc_10x,7.5,421.4152307779882,SO2 + O3 -> SO3 + O2,0.0007772516958829686,392532055.53859246,1.9800973829169268e-12,1.9800973829169267e-10
10pc_10x,10.5,276.5873842325904,SO2 + O3 -> SO3 + O2,2.6226881651419774e-05,497181640.558618,5.2751106460713347e-14,5.275110646071335e-12
10pc_10x,13.5,174.5795317239823,SO2 + O3 -> SO3 + O2,1.5965334156299785e-06,1467585614.5069273,1.0878639037126121e-15,1.0878639037126121e-13
10pc_10x,16.5,108.21302733561954,SO2 + O3 -> SO3 + O2,3.5505676261129485e-07,3597752620.033872,9.868848698328571e-17,9.868848698328571e-15
10pc_10x,19.5,66.68850816175113,SO2 + O3 -> SO3 + O2,3.4991010255343766e-07,4629407662.324733,7.558420603160374e-17,7.558420603160374e-15
10pc_10x,22.5,41.24246476453788,SO2 + O3 -> SO3 + O2,1.631266554402587e-07,4212949007.939172,3.8720301416620894e-17,3.8720301416620896e-15
10pc_10x,25.5,25.63959414627171,SO2 + O3 -> SO3 + O2,3.7050578741200545e-08,3183724476.0050077,1.1637495336183189e-17,1.163749533618319e-15
10pc_10x,28.5,16.110666397616537,SO2 + O3 -> SO3 + O2,4.894022180740602e-09,2188820985.8191843,2.235917058748856e-18,2.235917058748856e-16
10pc_10x,31.5,10.27787831855342,SO2 + O3 -> SO3 + O2,3.935260696402474e-10,1525996687.1929693,2.5788133941766826e-19,2.5788133941766825e-17
10pc_10x,34.5,6.64716625107648,SO2 + O3 -> SO3 + O2,1.478853394897547e-11,1282639878.0494723,1.152976310970823e-20,1.152976310970823e-18
10pc_10x,37.5,4.311295928572222,SO2 + O3 -> SO3 + O2,1.8193403468859505e-13,1252916236.2517834,1.4520845801541195e-22,1.4520845801541194e-20
10pc_10x,40.5,2.771827880240764,SO2 + O3 -> SO3 + O2,1.0845152892377669e-15,1087120966.0142083,9.97603139983589e-25,9.976031399835891e-23
10pc_10x,43.5,1.7566162608536835,SO2 + O3 -> SO3 + O2,4.6832170472467006e-17,744622183.2814125,8.442998338177117e-26,8.442998338177117e-24
10pc_10x,46.5,1.095887656361896,SO2 + O3 -> SO3 + O2,3.698324236922708e-17,438034462.2596708,7.940698692318284e-26,7.940698692318284e-24
10pc_10x,49.5,0.6724457419530167,SO2 + O3 -> SO3 + O2,1.876628556452385e-17,236330407.33151203,7.940698692318284e-26,7.940698692318284e-24
10pc_10x,52.5,0.40631334683030573,SO2 + O3 -> SO3 + O2,7.00170331701417e-18,115963970.66104856,6.989262581494741e-26,6.989262581494741e-24
10pc_10x,1.5,900.0371627878558,rainout,2.8316035396974666,507577664.30313414,3.1245688376868923e-09,3.1245688376868923e-07
10pc_10x,4.5,623.2825082476672,rainout,0.25774590159311506,384421672.31688666,6.704770312238012e-10,6.704770312238011e-08
10pc_10x,7.5,421.4152307779882,rainout,0.13959835878061794,392532055.53859246,3.556355635441679e-10,3.556355635441679e-08
10pc_10x,10.5,276.5873842325904,rainout,0.012583889050539455,497181640.558618,1.90473004756988e-10,1.90473004756988e-08
10pc_1x,1.5,900.0331973570136,CH3 + O3 -> H2CO + HO2,34.632877903723866,358732789.7843685,7.969586356684973e-08,7.969586356684973e-06
10pc_1x,4.5,623.2775179434025,CH3 + O3 -> H2CO + HO2,22.428306361739526,356857599.7124534,6.284945698175315e-08,6.284945698175315e-06
10pc_1x,7.5,421.4106946257495,CH3 + O3 -> H2CO + HO2,11.172989700793384,415533992.8039577,2.688826881622804e-08,2.6888268816228043e-06
10pc_1x,10.5,276.58425760934597,CH3 + O3 -> H2CO + HO2,4.821942319073301,512620080.0347179,9.40646398156453e-09,9.40646398156453e-07
10pc_1x,13.5,174.5775060127096,CH3 + O3 -> H2CO + HO2,7.780608398749888,1391453054.038451,9.172693796476145e-09,9.172693796476145e-07
10pc_1x,16.5,108.21163031928154,CH3 + O3 -> H2CO + HO2,31.671577834559585,3452810977.5916414,9.172693796476145e-09,9.172693796476145e-07
10pc_1x,19.5,66.68755051720059,CH3 + O3 -> H2CO + HO2,104.32796667878206,4522333534.661951,2.306949849655012e-08,2.306949849655012e-06
10pc_1x,22.5,41.24180585944958,CH3 + O3 -> H2CO + HO2,233.3884272210708,4100013198.183735,5.6923823397558706e-08,5.6923823397558705e-06
10pc_1x,25.5,25.63912428565281,CH3 + O3 -> H2CO + HO2,403.07072742196993,3050197145.5676413,1.3214579523414987e-07,1.3214579523414987e-05
10pc_1x,28.5,16.110363824054726,CH3 + O3 -> H2CO + HO2,579.0722862178538,2078654504.1702332,2.78580343706041e-07,2.78580343706041e-05
10pc_1x,31.5,10.277669278912304,CH3 + O3 -> H2CO + HO2,779.5281975197453,1460621847.2676702,5.336961096248007e-07,5.336961096248007e-05
10pc_1x,34.5,6.647029101842654,CH3 + O3 -> H2CO + HO2,994.8493090242115,1248517854.5973928,7.96824254744053e-07,7.96824254744053e-05
10pc_1x,37.5,4.311192814228522,CH3 + O3 -> H2CO + HO2,1025.5399959330557,1280154237.868648,7.96824254744053e-07,7.96824254744053e-05
10pc_1x,40.5,2.771766822356076,CH3 + O3 -> H2CO + HO2,652.4040956016855,1202144696.2450159,5.42700140540083e-07,5.4270014054008303e-05
10pc_1x,43.5,1.7565711712459267,CH3 + O3 -> H2CO + HO2,242.159310878342,873969810.7890607,2.7707972047651086e-07,2.7707972047651085e-05
10pc_1x,46.5,1.0958580694716187,CH3 + O3 -> H2CO + HO2,61.66926078423545,530240746.92863756,1.1630426582915024e-07,1.1630426582915024e-05
10pc_1x,49.5,0.6724264106653198,CH3 + O3 -> H2CO + HO2,12.574372815719576,291137161.28936183,4.319054551480592e-08,4.319054551480592e-06
10pc_1x,52.5,0.4063009684257132,CH3 + O3 -> H2CO + HO2,2.2306397727353158,144981040.29478028,2.9288139935759197e-08,2.9288139935759198e-06
10pc_1x,1.5,900.0331973570136,CS + O3 -> OCS + O2,1.0792450536260024e-24,358732789.7843685,2.5468190128158373e-33,2.5468190128158374e-31
10pc_1x,4.5,623.2775179434025,CS + O3 -> OCS + O2,7.440998820358994e-25,356857599.7124534,2.085145118488371e-33,2.085145118488371e-31
10pc_1x,7.5,421.4106946257495,CS + O3 -> OCS + O2,6.0881505278696175e-25,415533992.8039577,1.465138985811423e-33,1.465138985811423e-31
10pc_1x,10.5,276.58425760934597,CS + O3 -> OCS + O2,5.18960303515425e-25,512620080.0347179,1.0123682698506029e-33,1.0123682698506029e-31
10pc_1x,13.5,174.5775060127096,CS + O3 -> OCS + O2,9.001795493276636e-25,1391453054.038451,6.469349050009619e-34,6.469349050009619e-32
10pc_1x,16.5,108.21163031928154,CS + O3 -> OCS + O2,1.4201049203162125e-24,3452810977.5916414,4.112895057194081e-34,4.112895057194081e-32
10pc_1x,19.5,66.68755051720059,CS + O3 -> OCS + O2,1.1042518468489997e-24,4522333534.661951,4.112895057194081e-34,4.112895057194081e-32
10pc_1x,22.5,41.24180585944958,CS + O3 -> OCS + O2,4.45147004888349e-24,4100013198.183735,1.0857209071559689e-33,1.0857209071559688e-31
10pc_1x,25.5,25.63912428565281,CS + O3 -> OCS + O2,1.650039651273832e-23,3050197145.5676413,5.409616403554662e-33,5.409616403554662e-31
10pc_1x,28.5,16.110363824054726,CS + O3 -> OCS + O2,1.664791886872648e-23,2078654504.1702332,5.409616403554662e-33,5.409616403554662e-31
10pc_1x,31.5,10.277669278912304,CS + O3 -> OCS + O2,4.805130794203128e-24,1460621847.2676702,3.289784281394876e-33,3.2897842813948757e-31
10pc_1x,34.5,6.647029101842654,CS + O3 -> OCS + O2,5.9681266407524575e-25,1248517854.5973928,4.780169237288952e-34,4.7801692372889515e-32
10pc_1x,37.5,4.311192814228522,CS + O3 -> OCS + O2,4.472945096142148e-26,1280154237.868648,3.4940673270661784e-35,3.494067327066178e-33
10pc_1x,40.5,2.771766822356076,CS + O3 -> OCS + O2,2.3967465753419574e-27,1202144696.2450159,1.993725533064668e-36,1.993725533064668e-34
10pc_1x,43.5,1.7565711712459267,CS + O3 -> OCS + O2,5.57718841839112e-28,873969810.7890607,1.1215266250473757e-36,1.1215266250473757e-34
10pc_1x,46.5,1.0958580694716187,CS + O3 -> OCS + O2,5.946791153654745e-28,530240746.92863756,1.1215266250473757e-36,1.1215266250473757e-34
10pc_1x,49.5,0.6724264106653198,CS + O3 -> OCS + O2,6.162493415730503e-28,291137161.28936183,2.1166976377864687e-36,2.1166976377864685e-34
10pc_1x,52.5,0.4063009684257132,CS + O3 -> OCS + O2,9.931544064180649e-28,144981040.29478028,4.483467042623559e-36,4.483467042623559e-34
10pc_1x,1.5,900.0331973570136,Cl + O3 -> ClO + O2,4.13531769871188e-20,358732789.7843685,9.545672831916656e-29,9.545672831916655e-27
10pc_1x,4.5,623.2775179434025,Cl + O3 -> ClO + O2,2.6991904768278873e-20,356857599.7124534,7.563774679319776e-29,7.563774679319776e-27
10pc_1x,7.5,421.4106946257495,Cl + O3 -> ClO + O2,2.0464865627360232e-20,415533992.8039577,4.924955835566316e-29,4.924955835566316e-27
10pc_1x,10.5,276.58425760934597,Cl + O3 -> ClO + O2,1.5885439741366665e-20,512620080.0347179,3.098871924855304e-29,3.098871924855304e-27
10pc_1x,13.5,174.5775060127096,Cl + O3 -> ClO + O2,2.5607802933656303e-20,1391453054.038451,1.8403641329712202e-29,1.8403641329712202e-27
10pc_1x,16.5,108.21163031928154,Cl + O3 -> ClO + O2,3.912313256513679e-20,3452810977.5916414,1.1330806354312924e-29,1.1330806354312923e-27
10pc_1x,19.5,66.68755051720059,Cl + O3 -> ClO + O2,3.055243194416584e-20,4522333534.661951,6.755899738485269e-30,6.755899738485269e-28
10pc_1x,22.5,41.24180585944958,Cl + O3 -> ClO + O2,1.5607149130763386e-20,4100013198.183735,3.806609485471217e-30,3.8066094854712175e-28
10pc_1x,25.5,25.63912428565281,Cl + O3 -> ClO + O2,6.073981419876334e-21,3050197145.5676413,1.991340601935409e-30,1.991340601935409e-28
10pc_1x,28.5,16.110363824054726,Cl + O3 -> ClO + O2,2.0367729672583e-21,2078654504.1702332,9.798516122674981e-31,9.798516122674981e-29
10pc_1x,31.5,10.277669278912304,Cl + O3 -> ClO + O2,6.880577038112919e-22,1460621847.2676702,4.710717596744259e-31,4.7107175967442584e-29
10pc_1x,34.5,6.647029101842654,Cl + O3 -> ClO + O2,2.718764469059158e-22,1248517854.5973928,2.177593583502154e-31,2.177593583502154e-29
10pc_1x,37.5,4.311192814228522,Cl + O3 -> ClO + O2,1.189441390692805e-22,1280154237.868648,9.291391267611062e-32,9.291391267611062e-30
10pc_1x,40.5,2.771766822356076,Cl + O3 -> ClO + O2,4.6493585328229124e-23,1202144696.2450159,3.8675531717151133e-32,3.867553171715113e-30
10pc_1x,43.5,1.7565711712459267,Cl + O3 -> ClO + O2,1.5377728159109372e-23,873969810.7890607,1.7595262409837293e-32,1.7595262409837294e-30
10pc_1x,46.5,1.0958580694716187,Cl + O3 -> ClO + O2,4.760828310184083e-24,530240746.92863756,8.978616482721609e-33,8.978616482721609e-31
10pc_1x,49.5,0.6724264106653198,Cl + O3 -> ClO + O2,1.4355351120528442e-24,291137161.28936183,4.930786251041525e-33,4.930786251041525e-31
10pc_1x,52.5,0.4063009684257132,Cl + O3 -> ClO + O2,4.077211259482122e-25,144981040.29478028,3.871511901876691e-33,3.871511901876691e-31
10pc_1x,1.5,900.0331973570136,H + O3 -> OH + O2,13.113714338603161,358732789.7843685,3.22778419016313e-08,3.22778419016313e-06
10pc_1x,4.5,623.2775179434025,H + O3 -> OH + O2,9.992020844252504,356857599.7124534,2.8000022564473377e-08,2.8000022564473376e-06
10pc_1x,7.5,421.4106946257495,H + O3 -> OH + O2,8.033023828997669,415533992.8039577,1.9331809113358197e-08,1.9331809113358196e-06
10pc_1x,10.5,276.58425760934597,H + O3 -> OH + O2,6.279102602099492,512620080.0347179,1.2249037536091506e-08,1.2249037536091506e-06
10pc_1x,13.5,174.5775060127096,H + O3 -> OH + O2,11.357588240242029,1391453054.038451,8.162394129847643e-09,8.162394129847644e-07
10pc_1x,16.5,108.21163031928154,H + O3 -> OH + O2,27.989067628332457,3452810977.5916414,8.162394129847643e-09,8.162394129847644e-07
10pc_1x,19.5,66.68755051720059,H + O3 -> OH + O2,65.98394121093398,4522333534.661951,1.4590684367968968e-08,1.4590684367968968e-06
10pc_1x,22.5,41.24180585944958,H + O3 -> OH + O2,162.78755695045152,4100013198.183735,3.970415437261636e-08,3.970415437261636e-06
10pc_1x,25.5,25.63912428565281,H + O3 -> OH + O2,354.17448184206575,3050197145.5676413,1.161152754853011e-07,1.161152754853011e-05
10pc_1x,28.5,16.110363824054726,H + O3 -> OH + O2,744.0380431656097,2078654504.1702332,3.5794214078044596e-07,3.5794214078044594e-05
10pc_1x,31.5,10.277669278912304,H + O3 -> OH + O2,2038.2932674283704,1460621847.2676702,1.3954969051307348e-06,0.00013954969051307347
10pc_1x,34.5,6.647029101842654,H + O3 -> OH + O2,8863.312174425051,1248517854.5973928,7.099067219413683e-06,0.0007099067219413683
10pc_1x,37.5,4.311192814228522,H + O3 -> OH + O2,44284.65784073609,1280154237.868648,3.4593220512605116e-05,0.003459322051260512
10pc_1x,40.5,2.771766822356076,H + O3 -> OH + O2,131924.22624627262,1202144696.2450159,0.00010974072144422156,0.010974072144422156
10pc_1x,43.5,1.7565711712459267,H + O3 -> OH + O2,207275.27240028116,873969810.7890607,0.00023716525427021714,0.023716525427021715
10pc_1x,46.5,1.0958580694716187,H + O3 -> OH + O2,232036.80190361664,530240746.92863756,0.0004376065084542537,0.04376065084542537
10pc_1x,49.5,0.6724264106653198,H + O3 -> OH + O2,232537.5489410991,291137161.28936183,0.0007987216331685654,0.07987216331685654
10pc_1x,52.5,0.4063009684257132,H + O3 -> OH + O2,226949.7492999336,144981040.29478028,0.0011820485005686568,0.11820485005686568
10pc_1x,1.5,900.0331973570136,HS + O3 -> HSO + O2,1836.1958378629736,358732789.7843685,2.815172576544769e-06,0.0002815172576544769
10pc_1x,4.5,623.2775179434025,HS + O3 -> HSO + O2,182.63389468293695,356857599.7124534,5.117836773830755e-07,5.117836773830755e-05
10pc_1x,7.5,421.4106946257495,HS + O3 -> HSO + O2,23.581011487219595,415533992.8039577,5.674869419971795e-08,5.674869419971795e-06
10pc_1x,10.5,276.58425760934597,HS + O3 -> HSO + O2,4.914272406927735,512620080.0347179,9.586578049371201e-09,9.5865780493712e-07
10pc_1x,13.5,174.5775060127096,HS + O3 -> HSO + O2,1.3757473802402225,1391453054.038451,9.887127533676788e-10,9.887127533676788e-08
10pc_1x,16.5,108.21163031928154,HS + O3 -> HSO + O2,0.9941644426654899,3452810977.5916414,2.8792900889087363e-10,2.8792900889087362e-08
10pc_1x,19.5,66.68755051720059,HS + O3 -> HSO + O2,1.1062869212151822,4522333534.661951,2.658949023252821e-10,2.658949023252821e-08
10pc_1x,22.5,41.24180585944958,HS + O3 -> HSO + O2,1.0901726088634316,4100013198.183735,2.446274501285492e-10,2.4462745012854923e-08
10pc_1x,25.5,25.63912428565281,HS + O3 -> HSO + O2,0.5608052004991322,3050197145.5676413,1.8385867330380917e-10,1.8385867330380917e-08
10pc_1x,28.5,16.110363824054726,HS + O3 -> HSO + O2,0.12707347179479445,2078654504.1702332,6.11325602883295e-11,6.11325602883295e-09
10pc_1x,31.5,10.277669278912304,HS + O3 -> HSO + O2,0.014635907239572893,1460621847.2676702,1.0020326114491392e-11,1.0020326114491393e-09
10pc_1x,34.5,6.647029101842654,HS + O3 -> HSO + O2,0.0009603084533633922,1248517854.5973928,7.691587667947777e-13,7.691587667947777e-11
10pc_1x,37.5,4.311192814228522,HS + O3 -> HSO + O2,3.259237666223157e-05,1280154237.868648,2.545972641272915e-14,2.5459726412729148e-12
10pc_1x,40.5,2.771766822356076,HS + O3 -> HSO + O2,6.646763699676561e-07,1202144696.2450159,5.529087904674203e-16,5.5290879046742025e-14
10pc_1x,43.5,1.7565711712459267,HS + O3 -> HSO + O2,5.53357122975123e-08,873969810.7890607,1.3172703790661501e-16,1.31727037906615e-14
10pc_1x,46.5,1.0958580694716187,HS + O3 -> HSO + O2,6.98470429703005e-08,530240746.92863756,1.3172703790661501e-16,1.31727037906615e-14
10pc_1x,49.5,0.6724264106653198,HS + O3 -> HSO + O2,6.958046657095156e-08,291137161.28936183,2.389954833069056e-16,2.389954833069056e-14
10pc_1x,52.5,0.4063009684257132,HS + O3 -> HSO + O2,4.5773028332960054e-08,144981040.29478028,2.773564114488026e-16,2.773564114488026e-14
10pc_1x,1.5,900.0331973570136,NO + O3 -> NO2 + O2,413850.8294719327,358732789.7843685,0.0005783756822792952,0.05783756822792952
10pc_1x,4.5,623.2775179434025,NO + O3 -> NO2 + O2,1107.992422838114,356857599.7124534,7.338775366389344e-06,0.0007338775366389344
10pc_1x,7.5,421.4106946257495,NO + O3 -> NO2 + O2,3049.5106302870918,415533992.8039577,7.338775366389344e-06,0.0007338775366389344
10pc_1x,10.5,276.58425760934597,NO + O3 -> NO2 + O2,31938.791304456085,512620080.0347179,6.230499457277012e-05,0.006230499457277012
10pc_1x,13.5,174.5775060127096,NO + O3 -> NO2 + O2,546615.7100308135,1391453054.038451,0.0003928380540359276,0.03928380540359276
10pc_1x,16.5,108.21163031928154,NO + O3 -> NO2 + O2,2976656.1541117188,3452810977.5916414,0.0008620964696387626,0.08620964696387626
10pc_1x,19.5,66.68755051720059,NO + O3 -> NO2 + O2,7233851.561922369,4522333534.661951,0.00159958382248405,0.159958382248405
10pc_1x,22.5,41.24180585944958,NO + O3 -> NO2 + O2,11521305.953978045,4100013198.183735,0.002810065577125915,0.2810065577125915
10pc_1x,25.5,25.63912428565281,NO + O3 -> NO2 + O2,12732511.628711967,3050197145.5676413,0.004174324157116883,0.4174324157116883
10pc_1x,28.5,16.110363824054726,NO + O3 -> NO2 + O2,10057061.929325445,2078654504.1702332,0.004174324157116883,0.4174324157116883
10pc_1x,31.5,10.277669278912304,NO + O3 -> NO2 + O2,5949758.637595033,1460621847.2676702,0.004073442177196665,0.40734421771966656
10pc_1x,34.5,6.647029101842654,NO + O3 -> NO2 + O2,2761139.117924385,1248517854.5973928,0.0022115335457615574,0.22115335457615573
10pc_1x,37.5,4.311192814228522,NO + O3 -> NO2 + O2,966723.7361272203,1280154237.868648,0.0007551619230950922,0.07551619230950922
10pc_1x,40.5,2.771766822356076,NO + O3 -> NO2 + O2,229550.02811196682,1202144696.2450159,0.0001909504145623922,0.01909504145623922
10pc_1x,43.5,1.7565711712459267,NO + O3 -> NO2 + O2,41449.090719930435,873969810.7890607,4.74262270941696e-05,0.00474262270941696
10pc_1x,46.5,1.0958580694716187,NO + O3 -> NO2 + O2,7288.58397467131,530240746.92863756,1.374580134946182e-05,0.001374580134946182
10pc_1x,49.5,0.6724264106653198,NO + O3 -> NO2 + O2,1392.578878763399,291137161.28936183,4.783239874278062e-06,0.0004783239874278062
10pc_1x,52.5,0.4063009684257132,NO + O3 -> NO2 + O2,295.40477058093416,144981040.29478028,3.410390288008039e-06,0.00034103902880080393
10pc_1x,1.5,900.0331973570136,NO2 + O3 -> NO3 + O2,4759.520673547589,358732789.7843685,6.737192624860633e-06,0.0006737192624860633
10pc_1x,4.5,623.2775179434025,NO2 + O3 -> NO3 + O2,73.7953630605221,356857599.7124534,2.0679218579059122e-07,2.0679218579059122e-05
10pc_1x,7.5,421.4106946257495,NO2 + O3 -> NO3 + O2,41.195011616981844,415533992.8039577,9.913752504098261e-08,9.91375250409826e-06
10pc_1x,10.5,276.58425760934597,NO2 + O3 -> NO3 + O2,28.064406272719054,512620080.0347179,9.913752504098261e-08,9.91375250409826e-06
10pc_1x,13.5,174.5775060127096,NO2 + O3 -> NO3 + O2,335.38715553948543,1391453054.038451,2.4103375573188215e-07,2.4103375573188214e-05
10pc_1x,16.5,108.21163031928154,NO2 + O3 -> NO3 + O2,2755.551179298353,3452810977.5916414,7.98060246327289e-07,7.98060246327289e-05
10pc_1x,19.5,66.68755051720059,NO2 + O3 -> NO3 + O2,8138.007138773237,4522333534.661951,1.7995150239137682e-06,0.00017995150239137682
10pc_1x,22.5,41.24180585944958,NO2 + O3 -> NO3 + O2,10879.866245749214,4100013198.183735,2.653617371419411e-06,0.00026536173714194106
10pc_1x,25.5,25.63912428565281,NO2 + O3 -> NO3 + O2,8488.814752915583,3050197145.5676413,2.653617371419411e-06,0.00026536173714194106
10pc_1x,28.5,16.110363824054726,NO2 + O3 -> NO3 + O2,4523.653196436937,2078654504.1702332,2.1762410190637763e-06,0.00021762410190637763
10pc_1x,31.5,10.277669278912304,NO2 + O3 -> NO3 + O2,1815.9253358853744,1460621847.2676702,1.2432549460234057e-06,0.00012432549460234058
10pc_1x,34.5,6.647029101842654,NO2 + O3 -> NO3 + O2,494.966994766375,1248517854.5973928,3.964436655381161e-07,3.964436655381161e-05
10pc_1x,37.5,4.311192814228522,NO2 + O3 -> NO3 + O2,70.31611421485047,1280154237.868648,5.4927845516428584e-08,5.492784551642859e-06
10pc_1x,40.5,2.771766822356076,NO2 + O3 -> NO3 + O2,4.664013166945576,1202144696.2450159,3.879743579549078e-09,3.8797435795490776e-07
10pc_1x,43.5,1.7565711712459267,NO2 + O3 -> NO3 + O2,0.2145643383243091,873969810.7890607,2.4550543471357485e-10,2.4550543471357486e-08
10pc_1x,46.5,1.0958580694716187,NO2 + O3 -> NO3 + O2,0.010530882383085858,530240746.92863756,1.9860567947832867e-11,1.986056794783287e-09
10pc_1x,49.5,0.6724264106653198,NO2 + O3 -> NO3 + O2,0.0006282036396700036,291137161.28936183,2.157758346230596e-12,2.157758346230596e-10
10pc_1x,52.5,0.4063009684257132,NO2 + O3 -> NO3 + O2,4.8674816192149615e-05,144981040.29478028,1.2467453164854322e-12,1.246745316485432e-10
10pc_1x,1.5,900.0331973570136,O + O3 -> O2 + O2,89.52952200148651,358732789.7843685,2.46225416354035e-07,2.46225416354035e-05
10pc_1x,4.5,623.2775179434025,O + O3 -> O2 + O2,86.67329435137037,356857599.7124534,2.428792168674829e-07,2.428792168674829e-05
10pc_1x,7.5,421.4106946257495,O + O3 -> O2 + O2,94.62636910956746,415533992.8039577,2.2772233017819716e-07,2.2772233017819715e-05
10pc_1x,10.5,276.58425760934597,O + O3 -> O2 + O2,105.9868680823052,512620080.0347179,2.2772233017819716e-07,2.2772233017819715e-05
10pc_1x,13.5,174.5775060127096,O + O3 -> O2 + O2,981.0733373112514,1391453054.038451,7.050711013669173e-07,7.050711013669174e-05
10pc_1x,16.5,108.21163031928154,O + O3 -> O2 + O2,9517.827900106731,3452810977.5916414,2.75654472888217e-06,0.000275654472888217
10pc_1x,19.5,66.68755051720059,O + O3 -> O2 + O2,40133.15061893586,4522333534.661951,8.874434030867175e-06,0.0008874434030867176
10pc_1x,22.5,41.24180585944958,O + O3 -> O2 + O2,82173.86501875237,4100013198.183735,2.0042341584450164e-05,0.0020042341584450164
10pc_1x,25.5,25.63912428565281,O + O3 -> O2 + O2,120769.4621511118,3050197145.5676413,3.959398569584479e-05,0.003959398569584479
10pc_1x,28.5,16.110363824054726,O + O3 -> O2 + O2,162962.7839931302,2078654504.1702332,7.839820598670505e-05,0.007839820598670505
10pc_1x,31.5,10.277669278912304,O + O3 -> O2 + O2,242284.13782611297,1460621847.2676702,0.00016587738864740707,0.016587738864740707
10pc_1x,34.5,6.647029101842654,O + O3 -> O2 + O2,395262.13968682144,1248517854.5973928,0.0003165850918602048,0.03165850918602048
10pc_1x,37.5,4.311192814228522,O + O3 -> O2 + O2,560482.3815049917,1280154237.868648,0.00042371787861530074,0.04237178786153007
10pc_1x,40.5,2.771766822356076,O + O3 -> O2 + O2,509370.2004815732,1202144696.2450159,0.00042371787861530074,0.04237178786153007
10pc_1x,43.5,1.7565711712459267,O + O3 -> O2 + O2,300656.6947365249,873969810.7890607,0.0003440126775833115,0.03440126775833115
10pc_1x,46.5,1.0958580694716187,O + O3 -> O2 + O2,142246.51769424786,530240746.92863756,0.0002682677981995829,0.02682677981995829
10pc_1x,49.5,0.6724264106653198,O + O3 -> O2 + O2,61770.07499868164,291137161.28936183,0.0002121682945767553,0.02121682945767553
10pc_1x,52.5,0.4063009684257132,O + O3 -> O2 + O2,26361.63540105731,144981040.29478028,0.00019699822594120684,0.019699822594120685
10pc_1x,1.5,900.0331973570136,O1D + O3 -> O2 + O2,1.2075796416023383,358732789.7843685,4.39720114405297e-09,4.39720114405297e-07
10pc_1x,4.5,623.2775179434025,O1D + O3 -> O2 + O2,1.9370819843082618,356857599.7124534,5.428165144497727e-09,5.428165144497727e-07
10pc_1x,7.5,421.4106946257495,O1D + O3 -> O2 + O2,3.8558391828568954,415533992.8039577,9.279238882090734e-09,9.279238882090734e-07
10pc_1x,10.5,276.58425760934597,O1D + O3 -> O2 + O2,8.595125885378181,512620080.0347179,1.6767048775764038e-08,1.6767048775764038e-06
10pc_1x,13.5,174.5775060127096,O1D + O3 -> O2 + O2,113.53713961355916,1391453054.038451,8.159609789495759e-08,8.15960978949576e-06
10pc_1x,16.5,108.21163031928154,O1D + O3 -> O2 + O2,1078.2464273623596,3452810977.5916414,3.1228075743504606e-07,3.122807574350461e-05
10pc_1x,19.5,66.68755051720059,O1D + O3 -> O2 + O2,3649.737123089272,4522333534.661951,8.070473119940042e-07,8.070473119940042e-05
10pc_1x,22.5,41.24180585944958,O1D + O3 -> O2 + O2,6708.880603740034,4100013198.183735,1.6363070749899051e-06,0.00016363070749899052
10pc_1x,25.5,25.63912428565281,O1D + O3 -> O2 + O2,7995.752902381829,3050197145.5676413,2.6213888876005163e-06,0.00026213888876005164
10pc_1x,28.5,16.110363824054726,O1D + O3 -> O2 + O2,6843.996092705807,2078654504.1702332,3.2925125743480995e-06,0.00032925125743480993
10pc_1x,31.5,10.277669278912304,O1D + O3 -> O2 + O2,5335.405288081902,1460621847.2676702,3.6528313595080355e-06,0.00036528313595080356
10pc_1x,34.5,6.647029101842654,O1D + O3 -> O2 + O2,5296.5564547438025,1248517854.5973928,4.242275298859681e-06,0.00042422752988596806
10pc_1x,37.5,4.311192814228522,O1D + O3 -> O2 + O2,6308.848179866234,1280154237.868648,4.7899485713277016e-06,0.00047899485713277014
10pc_1x,40.5,2.771766822356076,O1D + O3 -> O2 + O2,5758.211270307987,1202144696.2450159,4.7899485713277016e-06,0.00047899485713277014
10pc_1x,43.5,1.7565711712459267,O1D + O3 -> O2 + O2,3417.9605980940987,873969810.7890607,3.91084515265831e-06,0.000391084515265831
10pc_1x,46.5,1.0958580694716187,O1D + O3 -> O2 + O2,1602.6836037246703,530240746.92863756,3.022558362419415e-06,0.0003022558362419415
10pc_1x,49.5,0.6724264106653198,O1D + O3 -> O2 + O2,678.2647027041127,291137161.28936183,2.329708442921802e-06,0.0002329708442921802
10pc_1x,52.5,0.4063009684257132,O1D + O3 -> O2 + O2,254.20060520857547,144981040.29478028,2.0415226626988946e-06,0.00020415226626988947
10pc_1x,1.5,900.0331973570136,O3 + M -> O + O2 + M,54965.32610057251,358732789.7843685,8.088135132559358e-05,0.008088135132559357
10pc_1x,4.5,623.2775179434025,O3 + M -> O + O2 + M,3048.241819059954,356857599.7124534,8.541899686362707e-06,0.0008541899686362708
10pc_1x,7.5,421.4106946257495,O3 + M -> O + O2 + M,85.782222820789,415533992.8039577,2.0643852081016072e-07,2.064385208101607e-05
10pc_1x,10.5,276.58425760934597,O3 + M -> O + O2 + M,0.8689066400574459,512620080.0347179,1.695030440474743e-09,1.695030440474743e-07
10pc_1x,13.5,174.5775060127096,O3 + M -> O + O2 + M,0.031776617018035073,1391453054.038451,2.2837002603723467e-11,2.2837002603723465e-09
10pc_1x,16.5,108.21163031928154,O3 + M -> O + O2 + M,0.008691771229450269,3452810977.5916414,2.5173029412437854e-12,2.5173029412437854e-10
10pc_1x,19.5,66.68755051720059,O3 + M -> O + O2 + M,0.008249642261507567,4522333534.661951,1.8242003156726997e-12,1.8242003156726997e-10
10pc_1x,22.5,41.24180585944958,O3 + M -> O + O2 + M,0.006147444164636863,4100013198.183735,1.8242003156726997e-12,1.8242003156726997e-10
10pc_1x,25.5,25.63912428565281,O3 + M -> O + O2 + M,0.005735850401216351,3050197145.5676413,1.880485138329939e-12,1.880485138329939e-10
10pc_1x,28.5,16.110363824054726,O3 + M -> O + O2 + M,0.009156378803488123,2078654504.1702332,4.404954640185964e-12,4.4049546401859636e-10
10pc_1x,31.5,10.277669278912304,O3 + M -> O + O2 + M,0.020021153333006553,1460621847.2676702,1.3707280478146595e-11,1.3707280478146594e-09
10pc_1x,34.5,6.647029101842654,O3 + M -> O + O2 + M,0.021334994358242577,1248517854.5973928,1.3707280478146595e-11,1.3707280478146594e-09
10pc_1x,37.5,4.311192814228522,O3 + M -> O + O2 + M,0.006239549228137409,1280154237.868648,4.874060518305784e-12,4.874060518305784e-10
10pc_1x,40.5,2.771766822356076,O3 + M -> O + O2 + M,0.000553893825463042,1202144696.2450159,4.607547054802709e-13,4.607547054802709e-11
10pc_1x,43.5,1.7565711712459267,O3 + M -> O + O2 + M,2.9277850040763894e-05,873969810.7890607,3.34998413896362e-14,3.3499841389636196e-12
10pc_1x,46.5,1.0958580694716187,O3 + M -> O + O2 + M,1.2801812083463343e-06,530240746.92863756,2.4143395538001297e-15,2.4143395538001297e-13
10pc_1x,49.5,0.6724264106653198,O3 + M -> O + O2 + M,4.972966899834938e-08,291137161.28936183,1.7081182209138514e-16,1.7081182209138515e-14
10pc_1x,52.5,0.4063009684257132,O3 + M -> O + O2 + M,2.498523099560793e-09,144981040.29478028,9.402263463410355e-17,9.402263463410355e-15
10pc_1x,1.5,900.0331973570136,O3 + hv -> O + O2,341321625.11857444,358732789.7843685,0.946377760899328,94.6377760899328
10pc_1x,4.5,623.2775179434025,O3 + hv -> O + O2,335906744.5955769,356857599.7124534,0.9412907133440392,94.12907133440392
10pc_1x,7.5,421.4106946257495,O3 + hv -> O + O2,387923287.167855,415533992.8039577,0.9335536776430973,93.35536776430973
10pc_1x,10.5,276.58425760934597,O3 + hv -> O + O2,475550952.76608336,512620080.0347179,0.9276869387049294,92.76869387049294
10pc_1x,13.5,174.5775060127096,O3 + hv -> O + O2,1282160053.416785,1391453054.038451,0.9214540509976517,92.14540509976517
10pc_1x,16.5,108.21163031928154,O3 + hv -> O + O2,3139026049.2460027,3452810977.5916414,0.9091218921678401,90.91218921678401
10pc_1x,19.5,66.68755051720059,O3 + hv -> O + O2,3964953293.347755,4522333534.661951,0.8767494177415066,87.67494177415067
10pc_1x,22.5,41.24180585944958,O3 + hv -> O + O2,3310453051.8813505,4100013198.183735,0.8074249744727281,80.74249744727281
10pc_1x,25.5,25.63912428565281,O3 + hv -> O + O2,2119022157.1626713,3050197145.5676413,0.6947164579974459,69.47164579974458
10pc_1x,28.5,16.110363824054726,O3 + hv -> O + O2,1173992530.138141,2078654504.1702332,0.5647848296976994,56.47848296976994
10pc_1x,31.5,10.277669278912304,O3 + hv -> O + O2,657855137.8684654,1460621847.2676702,0.45039387785352525,45.039387785352524
10pc_1x,34.5,6.647029101842654,O3 + hv -> O + O2,438847049.9734684,1248517854.5973928,0.3514944126409651,35.14944126409651
10pc_1x,37.5,4.311192814228522,O3 + hv -> O + O2,339892240.9342487,1280154237.868648,0.26550881985919245,26.550881985919244
10pc_1x,40.5,2.771766822356076,O3 + hv -> O + O2,248669655.3588692,1202144696.2450159,0.2068550118264519,20.68550118264519
10pc_1x,43.5,1.7565711712459267,O3 + hv -> O + O2,154521820.52853662,873969810.7890607,0.17680452873884409,17.68045287388441
10pc_1x,46.5,1.0958580694716187,O3 + hv -> O + O2,86517256.38142794,530240746.92863756,0.16316598994432216,16.316598994432216
10pc_1x,49.5,0.6724264106653198,O3 + hv -> O + O2,45674756.59274399,291137161.28936183,0.15688398001293885,15.688398001293885
10pc_1x,52.5,0.4063009684257132,O3 + hv -> O + O2,22307567.293532744,144981040.29478028,0.15537469530426648,15.537469530426648
10pc_1x,1.5,900.0331973570136,O3 + hv -> O1D + O2,16821098.88429749,358732789.7843685,0.05267347028250689,5.267347028250689
10pc_1x,4.5,623.2775179434025,O3 + hv -> O1D + O2,20860685.744013693,356857599.7124534,0.05845661059431743,5.845661059431743
10pc_1x,7.5,421.4106946257495,O3 + hv -> O1D + O2,27551174.623705406,415533992.8039577,0.06630305847614158,6.630305847614158
10pc_1x,10.5,276.58425760934597,O3 + hv -> O1D + O2,37002228.6326277,512620080.0347179,0.07218255794841606,7.218255794841606
10pc_1x,13.5,174.5775060127096,O3 + hv -> O1D + O2,108684512.7688087,1391453054.038451,0.07810864509828108,7.810864509828108
10pc_1x,16.5,108.21163031928154,O3 + hv -> O1D + O2,310608943.2646218,3452810977.5916414,0.08995828189855722,8.995828189855722
10pc_1x,19.5,66.68755051720059,O3 + hv -> O1D + O2,549711166.6690353,4522333534.661951,0.12155475982824136,12.155475982824136
10pc_1x,22.5,41.24180585944958,O3 + hv -> O1D + O2,777355503.1573405,4100013198.183735,0.18959829287908178,18.95982928790818
10pc_1x,25.5,25.63912428565281,O3 + hv -> O1D + O2,917619303.9460423,3050197145.5676413,0.30083934255838846,30.083934255838845
10pc_1x,28.5,16.110363824054726,O3 + hv -> O1D + O2,893780470.0677998,2078654504.1702332,0.4299802917101816,42.99802917101816
10pc_1x,31.5,10.277669278912304,O3 + hv -> O1D + O2,795982727.7479334,1460621847.2676702,0.5449615376060191,54.496153760601906
10pc_1x,34.5,6.647029101842654,O3 + hv -> O1D + O2,805892080.6556195,1248517854.5973928,0.6454790195335204,64.54790195335204
10pc_1x,37.5,4.311192814228522,O3 + hv -> O1D + O2,938013491.5140455,1280154237.868648,0.7327347469284334,73.27347469284334
10pc_1x,40.5,2.771766822356076,O3 + hv -> O1D + O2,952080704.9238648,1202144696.2450159,0.7919851145188731,79.19851145188731
10pc_1x,43.5,1.7565711712459267,O3 + hv -> O1D + O2,718647414.7143865,873969810.7890607,0.8222794492930574,82.22794492930574
10pc_1x,46.5,1.0958580694716187,O3 + hv -> O1D + O2,443248103.39926124,530240746.92863756,0.8359374604210034,83.59374604210034
10pc_1x,49.5,0.6724264106653198,O3 + hv -> O1D + O2,245134543.56694502,291137161.28936183,0.8419898802382884,84.19898802382883
10pc_1x,52.5,0.4063009684257132,O3 + hv -> O1D + O2,122409314.61744514,144981040.29478028,0.8431512247221462,84.31512247221463
10pc_1x,1.5,900.0331973570136,OH + O3 -> HO2 + O2,114495.61534733389,358732789.7843685,0.0002795634446195853,0.02795634446195853
10pc_1x,4.5,623.2775179434025,OH + O3 -> HO2 + O2,85631.56279404342,356857599.7124534,0.00023996003689719122,0.02399600368971912
10pc_1x,7.5,421.4106946257495,OH + O3 -> HO2 + O2,56210.93039280095,415533992.8039577,0.00013527396402277097,0.013527396402277098
10pc_1x,10.5,276.58425760934597,OH + O3 -> HO2 + O2,34795.03050468923,512620080.0347179,6.787683873470717e-05,0.006787683873470718
10pc_1x,13.5,174.5775060127096,OH + O3 -> HO2 + O2,60406.211434416895,1391453054.038451,5.3836504344524894e-05,0.00538365043445249
10pc_1x,16.5,108.21163031928154,OH + O3 -> HO2 + O2,185887.27319593565,3452810977.5916414,5.3836504344524894e-05,0.00538365043445249
10pc_1x,19.5,66.68755051720059,OH + O3 -> HO2 + O2,383081.3508042448,4522333534.661951,8.470877874620995e-05,0.008470877874620995
10pc_1x,22.5,41.24180585944958,OH + O3 -> HO2 + O2,583125.7267059848,4100013198.183735,0.0001422253291682826,0.01422253291682826
10pc_1x,25.5,25.63912428565281,OH + O3 -> HO2 + O2,685137.4260512635,3050197145.5676413,0.00022462070264765116,0.022462070264765117
10pc_1x,28.5,16.110363824054726,OH + O3 -> HO2 + O2,648783.9500891789,2078654504.1702332,0.00031211726084713794,0.031211726084713794
10pc_1x,31.5,10.277669278912304,OH + O3 -> HO2 + O2,581969.2894154448,1460621847.2676702,0.0003984393979209011,0.03984393979209011
10pc_1x,34.5,6.647029101842654,OH + O3 -> HO2 + O2,606672.9813372818,1248517854.5973928,0.0004859145418732634,0.04859145418732634
10pc_1x,37.5,4.311192814228522,OH + O3 -> HO2 + O2,669609.9335135481,1280154237.868648,0.0004859145418732634,0.04859145418732634
10pc_1x,40.5,2.771766822356076,OH + O3 -> HO2 + O2,517076.2274856044,1202144696.2450159,0.00043012811111734606,0.043012811111734606
10pc_1x,43.5,1.7565711712459267,OH + O3 -> HO2 + O2,247534.15377506803,873969810.7890607,0.00028322963873498403,0.028322963873498405
10pc_1x,46.5,1.0958580694716187,OH + O3 -> HO2 + O2,92150.88097304213,530240746.92863756,0.0001737906441683635,0.01737906441683635
10pc_1x,49.5,0.6724264106653198,OH + O3 -> HO2 + O2,31470.08714159439,291137161.28936183,0.00010809367997620959,0.010809367997620958
10pc_1x,52.5,0.4063009684257132,OH + O3 -> HO2 + O2,10295.163028543227,144981040.29478028,8.955204469490907e-05,0.008955204469490908
10pc_1x,1.5,900.0331973570136,S + O3 -> SO + O2,1.4329067104830534e-06,358732789.7843685,1.3952516864523292e-14,1.3952516864523292e-12
10pc_1x,4.5,623.2775179434025,S + O3 -> SO + O2,8.532706823924877e-06,356857599.7124534,2.391067706222401e-14,2.3910677062224012e-12
10pc_1x,7.5,421.4106946257495,S + O3 -> SO + O2,5.526511705832345e-05,415533992.8039577,1.32997824523099e-13,1.32997824523099e-11
10pc_1x,10.5,276.58425760934597,S + O3 -> SO + O2,0.00024939061882479734,512620080.0347179,4.865018530056548e-13,4.865018530056548e-11
10pc_1x,13.5,174.5775060127096,S + O3 -> SO + O2,0.0016907838725374747,1391453054.038451,1.2151210331029625e-12,1.2151210331029624e-10
10pc_1x,16.5,108.21163031928154,S + O3 -> SO + O2,0.009300572971825554,3452810977.5916414,2.6936235525736093e-12,2.6936235525736095e-10
10pc_1x,19.5,66.68755051720059,S + O3 -> SO + O2,0.02503226191365447,4522333534.661951,5.535253364616252e-12,5.535253364616252e-10
10pc_1x,22.5,41.24180585944958,S + O3 -> SO + O2,0.02817025266955167,4100013198.183735,5.535253364616252e-12,5.535253364616252e-10
10pc_1x,25.5,25.63912428565281,S + O3 -> SO + O2,0.011260210107040765,3050197145.5676413,3.691633546835951e-12,3.691633546835951e-10
10pc_1x,28.5,16.110363824054726,S + O3 -> SO + O2,0.001611230330714687,2078654504.1702332,7.751313782459799e-13,7.7513137824598e-11
10pc_1x,31.5,10.277669278912304,S + O3 -> SO + O2,0.00010737129196094736,1460621847.2676702,7.35106709254026e-14,7.35106709254026e-12
10pc_1x,34.5,6.647029101842654,S + O3 -> SO + O2,5.0050261032364635e-06,1248517854.5973928,4.008774151532198e-15,4.008774151532198e-13
10pc_1x,37.5,4.311192814228522,S + O3 -> SO + O2,1.974646169410865e-07,1280154237.868648,1.5425064503934222e-16,1.5425064503934222e-14
10pc_1x,40.5,2.771766822356076,S + O3 -> SO + O2,7.60925373515353e-09,1202144696.2450159,6.329731985610029e-18,6.32973198561003e-16
10pc_1x,43.5,1.7565711712459267,S + O3 -> SO + O2,1.7589705312026402e-09,873969810.7890607,6.329731985610029e-18,6.32973198561003e-16
10pc_1x,46.5,1.0958580694716187,S + O3 -> SO + O2,5.352022930555017e-09,530240746.92863756,1.0093571573961513e-17,1.0093571573961512e-15
10pc_1x,49.5,0.6724264106653198,S + O3 -> SO + O2,1.2367952285313974e-08,291137161.28936183,4.248153080335025e-17,4.248153080335025e-15
10pc_1x,52.5,0.4063009684257132,S + O3 -> SO + O2,1.8679765193672062e-08,144981040.29478028,8.566217235147953e-17,8.566217235147953e-15
10pc_1x,1.5,900.0331973570136,SO + O3 -> SO2 + O2,17.851351540973564,358732789.7843685,3.0301586248812576e-08,3.0301586248812574e-06
10pc_1x,4.5,623.2775179434025,SO + O3 -> SO2 + O2,3.868664812683072,356857599.7124534,1.0840920344138225e-08,1.0840920344138226e-06
10pc_1x,7.5,421.4106946257495,SO + O3 -> SO2 + O2,2.1778592767146145,415533992.8039577,1.0280578868719769e-08,1.0280578868719769e-06
10pc_1x,10.5,276.58425760934597,SO + O3 -> SO2 + O2,5.270031162486358,512620080.0347179,1.0280578868719769e-08,1.0280578868719769e-06
10pc_1x,13.5,174.5775060127096,SO + O3 -> SO2 + O2,15.38634741388835,1391453054.038451,1.0280578868719769e-08,1.0280578868719769e-06
10pc_1x,16.5,108.21163031928154,SO + O3 -> SO2 + O2,29.355400043186332,3452810977.5916414,1.0920485011689697e-08,1.0920485011689697e-06
10pc_1x,19.5,66.68755051720059,SO + O3 -> SO2 + O2,49.386075583137526,4522333534.661951,1.0920485011689697e-08,1.0920485011689697e-06
10pc_1x,22.5,41.24180585944958,SO + O3 -> SO2 + O2,51.552016903495726,4100013198.183735,1.0920485011689697e-08,1.0920485011689697e-06
10pc_1x,25.5,25.63912428565281,SO + O3 -> SO2 + O2,23.551347485640893,3050197145.5676413,7.721254188393778e-09,7.721254188393777e-07
10pc_1x,28.5,16.110363824054726,SO + O3 -> SO2 + O2,4.403425213941614,2078654504.1702332,2.118401689702346e-09,2.118401689702346e-07
10pc_1x,31.5,10.277669278912304,SO + O3 -> SO2 + O2,0.39958128800190756,1460621847.2676702,2.7356929430392207e-10,2.7356929430392206e-08
10pc_1x,34.5,6.647029101842654,SO + O3 -> SO2 + O2,0.022123228135332993,1248517854.5973928,1.7719592918810942e-11,1.7719592918810942e-09
10pc_1x,37.5,4.311192814228522,SO + O3 -> SO2 + O2,0.0008050097578015128,1280154237.868648,6.288380993385517e-13,6.288380993385517e-11
10pc_1x,40.5,2.771766822356076,SO + O3 -> SO2 + O2,2.2608624380259224e-05,1202144696.2450159,1.8806907729892138e-14,1.8806907729892138e-12
10pc_1x,43.5,1.7565711712459267,SO + O3 -> SO2 + O2,3.137632023544076e-06,873969810.7890607,1.1400812266866213e-14,1.1400812266866213e-12
10pc_1x,46.5,1.0958580694716187,SO + O3 -> SO2 + O2,6.045175211976315e-06,530240746.92863756,1.1400812266866213e-14,1.1400812266866213e-12
10pc_1x,49.5,0.6724264106653198,SO + O3 -> SO2 + O2,8.83996773897726e-06,291137161.28936183,3.03635842976129e-14,3.0363584297612897e-12
10pc_1x,52.5,0.4063009684257132,SO + O3 -> SO2 + O2,8.554970956048456e-06,144981040.29478028,4.468554980792589e-14,4.468554980792589e-12
10pc_1x,1.5,900.0331973570136,SO2 + O3 -> SO3 + O2,0.07623757557381845,358732789.7843685,1.1716489576881043e-10,1.1716489576881044e-08
10pc_1x,4.5,623.2775179434025,SO2 + O3 -> SO3 + O2,0.007783305112922451,356857599.7124534,2.1810674956044193e-11,2.181067495604419e-09
10pc_1x,7.5,421.4106946257495,SO2 + O3 -> SO3 + O2,0.0003472211475637912,415533992.8039577,8.356022697945788e-13,8.356022697945788e-11
10pc_1x,10.5,276.58425760934597,SO2 + O3 -> SO3 + O2,1.0879340387018514e-05,512620080.0347179,2.1223008638837744e-14,2.1223008638837743e-12
10pc_1x,13.5,174.5775060127096,SO2 + O3 -> SO3 + O2,7.798579332214248e-07,1391453054.038451,5.604629857673046e-16,5.604629857673046e-14
10pc_1x,16.5,108.21163031928154,SO2 + O3 -> SO3 + O2,3.528203348242531e-07,3452810977.5916414,1.021835070364459e-16,1.021835070364459e-14
10pc_1x,19.5,66.68755051720059,SO2 + O3 -> SO3 + O2,3.8956963578280753e-07,4522333534.661951,8.614349932328206e-17,8.614349932328206e-15
10pc_1x,22.5,41.24180585944958,SO2 + O3 -> SO3 + O2,1.8692661189595078e-07,4100013198.183735,4.5591709797119044e-17,4.559170979711904e-15
10pc_1x,25.5,25.63912428565281,SO2 + O3 -> SO3 + O2,4.493506547223977e-08,3050197145.5676413,1.4731856115443764e-17,1.4731856115443764e-15
10pc_1x,28.5,16.110363824054726,SO2 + O3 -> SO3 + O2,6.907250598120603e-09,2078654504.1702332,3.3229430789307005e-18,3.3229430789307005e-16
10pc_1x,31.5,10.277669278912304,SO2 + O3 -> SO3 + O2,7.466631606160616e-10,1460621847.2676702,5.11195393943214e-19,5.1119539394321393e-17
10pc_1x,34.5,6.647029101842654,SO2 + O3 -> SO3 + O2,4.3122985007605615e-11,1248517854.5973928,3.4539341867490874e-20,3.4539341867490876e-18
10pc_1x,37.5,4.311192814228522,SO2 + O3 -> SO3 + O2,9.010179547278322e-13,1280154237.868648,7.038354661294199e-22,7.038354661294199e-20
10pc_1x,40.5,2.771766822356076,SO2 + O3 -> SO3 + O2,8.646883821800847e-15,1202144696.2450159,7.192881063993378e-24,7.192881063993378e-22
10pc_1x,43.5,1.7565711712459267,SO2 + O3 -> SO3 + O2,2.802487576338114e-16,873969810.7890607,3.2066182855994733e-25,3.206618285599473e-23
10pc_1x,46.5,1.0958580694716187,SO2 + O3 -> SO3 + O2,1.479724424796753e-16,530240746.92863756,2.7906652466222134e-25,2.790665246622213e-23
10pc_1x,49.5,0.6724264106653198,SO2 + O3 -> SO3 + O2,6.353331022005446e-17,291137161.28936183,2.1822466750271214e-25,2.1822466750271214e-23
10pc_1x,52.5,0.4063009684257132,SO2 + O3 -> SO3 + O2,2.1374712255832458e-17,144981040.29478028,1.8282787687469372e-25,1.8282787687469372e-23
10pc_1x,1.5,900.0331973570136,rainout,1.8827809031302885,358732789.7843685,2.9596512456457996e-09,2.9596512456458e-07
10pc_1x,4.5,623.2775179434025,rainout,0.2394089638601014,356857599.7124534,6.708809453771222e-10,6.708809453771222e-08
10pc_1x,7.5,421.4106946257495,rainout,0.14664468655457014,415533992.8039577,3.529065951140001e-10,3.5290659511400015e-08
10pc_1x,10.5,276.58425760934597,rainout,0.013282050575495218,512620080.0347179,1.8940836027576408e-10,1.894083602757641e-08
1pc_0.1x,1.5,899.9743111154575,CH3 + O3 -> H2CO + HO2,36.020166773252214,190225339.12024546,1.644002233615012e-07,1.644002233615012e-05
1pc_0.1x,4.5,623.4080835279684,CH3 + O3 -> H2CO + HO2,38.90464889485658,278995978.3238854,1.3944519605114995e-07,1.3944519605114995e-05
1pc_0.1x,7.5,421.507213480952,CH3 + O3 -> H2CO + HO2,25.474482383707556,431364587.4650706,5.905557183868352e-08,5.905557183868352e-06
1pc_0.1x,10.5,276.4607091913151,CH3 + O3 -> H2CO + HO2,9.597657692635993,598953215.2165563,1.6024052378057415e-08,1.6024052378057415e-06
1pc_0.1x,13.5,174.0909696985674,CH3 + O3 -> H2CO + HO2,12.1342201569023,1427128799.334644,9.436565982773224e-09,9.436565982773224e-07
1pc_0.1x,16.5,107.30755060197397,CH3 + O3 -> H2CO + HO2,24.25079323439342,2569874812.3696775,9.436565982773224e-09,9.436565982773224e-07
1pc_0.1x,19.5,65.1141831895596,CH3 + O3 -> H2CO + HO2,37.28297941983466,2587094972.1284046,1.4411136746619677e-08,1.4411136746619678e-06
1pc_0.1x,22.5,39.25806471432727,CH3 + O3 -> H2CO + HO2,66.96077279270105,2284155095.724645,2.931533542447906e-08,2.931533542447906e-06
1pc_0.1x,25.5,23.71372859894359,CH3 + O3 -> H2CO + HO2,129.85715570981736,2130810406.7718294,6.094261380417721e-08,6.094261380417721e-06
1pc_0.1x,28.5,14.323016747863171,CH3 + O3 -> H2CO + HO2,188.1429261785537,2075971865.2484763,8.137833007773998e-08,8.137833007773998e-06
1pc_0.1x,31.5,8.562855865024602,CH3 + O3 -> H2CO + HO2,160.86172479542995,1976714496.866183,8.137833007773998e-08,8.137833007773998e-06
1pc_0.1x,34.5,5.01786425622922,CH3 + O3 -> H2CO + HO2,64.33738355060437,1515743916.5088956,4.244607736825892e-08,4.244607736825892e-06
1pc_0.1x,37.5,2.884440741892746,CH3 + O3 -> H2CO + HO2,14.315117314492106,822576692.9023662,1.740277525246051e-08,1.740277525246051e-06
1pc_0.1x,40.5,1.6460128195176413,CH3 + O3 -> H2CO + HO2,2.1740212720052976,314487617.71628165,6.912899426032773e-09,6.912899426032773e-07
1pc_0.1x,43.5,0.940334859601739,CH3 + O3 -> H2CO + HO2,0.2984443625864589,104709710.72172254,2.8502071157431356e-09,2.8502071157431357e-07
1pc_0.1x,46.5,0.5372255026597154,CH3 + O3 -> H2CO + HO2,0.07993920245282303,31655997.347875506,2.8502071157431356e-09,2.8502071157431357e-07
1pc_0.1x,49.5,0.3063478825550092,CH3 + O3 -> H2CO + HO2,0.04581762463003135,8901762.834347393,5.1470282327950085e-09,5.147028232795009e-07
1pc_0.1x,52.5,0.17413167991599407,CH3 + O3 -> H2CO + HO2,0.017602301112065243,2587402.924013748,5.975052575811357e-09,5.975052575811357e-07
1pc_0.1x,1.5,899.9743111154575,CS + O3 -> OCS + O2,2.3861890943927764e-23,190225339.12024546,1.8517904994492997e-31,1.8517904994492997e-29
1pc_0.1x,4.5,623.4080835279684,CS + O3 -> OCS + O2,6.833112909461389e-23,278995978.3238854,1.3334094330736284e-31,1.3334094330736283e-29
1pc_0.1x,7.5,421.507213480952,CS + O3 -> OCS + O2,5.751856100198394e-23,431364587.4650706,1.3334094330736284e-31,1.3334094330736283e-29
1pc_0.1x,10.5,276.4607091913151,CS + O3 -> OCS + O2,2.243706005228573e-23,598953215.2165563,3.746045514451982e-32,3.746045514451982e-30
1pc_0.1x,13.5,174.0909696985674,CS + O3 -> OCS + O2,1.9937126909850074e-23,1427128799.334644,1.3970096405555798e-32,1.3970096405555797e-30
1pc_0.1x,16.5,107.30755060197397,CS + O3 -> OCS + O2,3.063969409186659e-23,2569874812.3696775,1.3970096405555798e-32,1.3970096405555797e-30
1pc_0.1x,19.5,65.1141831895596,CS + O3 -> OCS + O2,3.6744862972303673e-23,2587094972.1284046,1.1922640723348613e-32,1.1922640723348613e-30
1pc_0.1x,22.5,39.25806471432727,CS + O3 -> OCS + O2,2.65424743630407e-23,2284155095.724645,1.162025924278147e-32,1.162025924278147e-30
1pc_0.1x,25.5,23.71372859894359,CS + O3 -> OCS + O2,8.421910500338804e-24,2130810406.7718294,3.952444794512699e-33,3.952444794512699e-31
1pc_0.1x,28.5,14.323016747863171,CS + O3 -> OCS + O2,8.100488818484136e-25,2075971865.2484763,3.902022447454786e-34,3.9020224474547857e-32
1pc_0.1x,31.5,8.562855865024602,CS + O3 -> OCS + O2,2.2304918124936362e-26,1976714496.866183,1.1283833937727391e-35,1.1283833937727392e-33
1pc_0.1x,34.5,5.01786425622922,CS + O3 -> OCS + O2,3.7236878711640935e-27,1515743916.5088956,2.4566734727463705e-36,2.4566734727463704e-34
1pc_0.1x,37.5,2.884440741892746,CS + O3 -> OCS + O2,8.500674208351634e-28,822576692.9023662,2.4566734727463705e-36,2.4566734727463704e-34
1pc_0.1x,40.5,1.6460128195176413,CS + O3 -> OCS + O2,1.6877757180959393e-27,314487617.71628165,5.3667477605384896e-36,5.366747760538489e-34
1pc_0.1x,43.5,0.940334859601739,CS + O3 -> OCS + O2,1.7000550575717638e-25,104709710.72172254,1.623588725299648e-33,1.623588725299648e-31
1pc_0.1x,46.5,0.5372255026597154,CS + O3 -> OCS + O2,3.8958937435952826e-24,31655997.347875506,1.2306968884228643e-31,1.2306968884228643e-29
1pc_0.1x,49.5,0.3063478825550092,CS + O3 -> OCS + O2,2.1291841201497037e-23,8901762.834347393,2.391867947699371e-30,2.3918679476993713e-28
1pc_0.1x,52.5,0.17413167991599407,CS + O3 -> OCS + O2,4.101732340313521e-23,2587402.924013748,9.122284180547774e-30,9.122284180547774e-28
1pc_0.1x,1.5,899.9743111154575,Cl + O3 -> ClO + O2,5.147288834984151e-15,190225339.12024546,2.688353959427463e-23,2.688353959427463e-21
1pc_0.1x,4.5,623.4080835279684,Cl + O3 -> ClO + O2,7.451473986108565e-15,278995978.3238854,2.6708177052854066e-23,2.6708177052854065e-21
1pc_0.1x,7.5,421.507213480952,Cl + O3 -> ClO + O2,6.137119661899586e-15,431364587.4650706,1.4227221798536102e-23,1.4227221798536103e-21
1pc_0.1x,10.5,276.4607091913151,Cl + O3 -> ClO + O2,2.7949583890334086e-15,598953215.2165563,4.666405184957341e-24,4.666405184957341e-22
1pc_0.1x,13.5,174.0909696985674,Cl + O3 -> ClO + O2,6.406686648892805e-15,1427128799.334644,4.666405184957341e-24,4.666405184957341e-22
1pc_0.1x,16.5,107.30755060197397,Cl + O3 -> ClO + O2,1.3858347257731417e-14,2569874812.3696775,5.359718818561673e-24,5.359718818561673e-22
1pc_0.1x,19.5,65.1141831895596,Cl + O3 -> ClO + O2,1.3866101607522896e-14,2587094972.1284046,5.359718818561673e-24,5.359718818561673e-22
1pc_0.1x,22.5,39.25806471432727,Cl + O3 -> ClO + O2,8.528681044361704e-15,2284155095.724645,3.733844982910843e-24,3.7338449829108433e-22
1pc_0.1x,25.5,23.71372859894359,Cl + O3 -> ClO + O2,6.13544386362854e-15,2130810406.7718294,2.9636011964611683e-24,2.9636011964611683e-22
1pc_0.1x,28.5,14.323016747863171,Cl + O3 -> ClO + O2,6.152352703670108e-15,2075971865.2484763,2.9636011964611683e-24,2.9636011964611683e-22
1pc_0.1x,31.5,8.562855865024602,Cl + O3 -> ClO + O2,6.492108524272149e-15,1976714496.866183,2.9636011964611683e-24,2.9636011964611683e-22
1pc_0.1x,34.5,5.01786425622922,Cl + O3 -> ClO + O2,3.742026380013555e-15,1515743916.5088956,2.468772158183749e-24,2.468772158183749e-22
1pc_0.1x,37.5,2.884440741892746,Cl + O3 -> ClO + O2,1.0106480921666892e-15,822576692.9023662,1.228636917246871e-24,1.2286369172468708e-22
1pc_0.1x,40.5,1.6460128195176413,Cl + O3 -> ClO + O2,1.8382602387331715e-16,314487617.71628165,5.845254741926207e-25,5.845254741926207e-23
1pc_0.1x,43.5,0.940334859601739,Cl + O3 -> ClO + O2,3.136483415413617e-17,104709710.72172254,2.9954083473204917e-25,2.9954083473204916e-23
1pc_0.1x,46.5,0.5372255026597154,Cl + O3 -> ClO + O2,5.730681598255441e-18,31655997.347875506,1.810298862259678e-25,1.810298862259678e-23
1pc_0.1x,49.5,0.3063478825550092,Cl + O3 -> ClO + O2,1.0668140889320368e-18,8901762.834347393,1.1984301410679485e-25,1.1984301410679485e-23
1pc_0.1x,52.5,0.17413167991599407,Cl + O3 -> ClO + O2,1.9090053963388987e-19,2587402.924013748,9.68118842463227e-26,9.681188424632269e-24
1pc_0.1x,1.5,899.9743111154575,H + O3 -> OH + O2,66.38088260768754,190225339.12024546,3.2468769975389537e-07,3.246876997538954e-05
1pc_0.1x,4.5,623.4080835279684,H + O3 -> OH + O2,83.81491082813736,278995978.3238854,3.0041619714975586e-07,3.0041619714975587e-05
1pc_0.1x,7.5,421.507213480952,H + O3 -> OH + O2,73.85933949935097,431364587.4650706,1.712225380701462e-07,1.712225380701462e-05
1pc_0.1x,10.5,276.4607091913151,H + O3 -> OH + O2,41.32985446133127,598953215.2165563,6.900347708524803e-08,6.900347708524803e-06
1pc_0.1x,13.5,174.0909696985674,H + O3 -> OH + O2,56.719751831115545,1427128799.334644,4.608640864637338e-08,4.608640864637338e-06
1pc_0.1x,16.5,107.30755060197397,H + O3 -> OH + O2,118.43630077289107,2569874812.3696775,4.608640864637338e-08,4.608640864637338e-06
1pc_0.1x,19.5,65.1141831895596,H + O3 -> OH + O2,285.79664970301144,2587094972.1284046,1.1047010364211189e-07,1.104701036421119e-05
1pc_0.1x,22.5,39.25806471432727,H + O3 -> OH + O2,900.8143973948462,2284155095.724645,3.9437532025777963e-07,3.943753202577796e-05
1pc_0.1x,25.5,23.71372859894359,H + O3 -> OH + O2,3952.419072423974,2130810406.7718294,1.85489007368416e-06,0.00018548900736841602
1pc_0.1x,28.5,14.323016747863171,H + O3 -> OH + O2,21228.985143404985,2075971865.2484763,1.0226046652546543e-05,0.0010226046652546544
1pc_0.1x,31.5,8.562855865024602,H + O3 -> OH + O2,83976.41069469371,1976714496.866183,4.2482822293167325e-05,0.004248282229316732
1pc_0.1x,34.5,5.01786425622922,H + O3 -> OH + O2,147237.6678114746,1515743916.5088956,9.713888092033156e-05,0.009713888092033156
1pc_0.1x,37.5,2.884440741892746,H + O3 -> OH + O2,159263.5639752354,822576692.9023662,0.00019361545901974494,0.019361545901974492
1pc_0.1x,40.5,1.6460128195176413,H + O3 -> OH + O2,150798.4863026943,314487617.71628165,0.00047950532169676317,0.04795053216967632
1pc_0.1x,43.5,0.940334859601739,H + O3 -> OH + O2,138195.03868430696,104709710.72172254,0.001319792001446507,0.1319792001446507
1pc_0.1x,46.5,0.5372255026597154,H + O3 -> OH + O2,119955.92829495615,31655997.347875506,0.0037893586790752817,0.3789358679075282
1pc_0.1x,49.5,0.3063478825550092,H + O3 -> OH + O2,97083.97965330079,8901762.834347393,0.010906152125138955,1.0906152125138955
1pc_0.1x,52.5,0.17413167991599407,H + O3 -> OH + O2,77104.07933174407,2587402.924013748,0.02035297406765776,2.035297406765776
1pc_0.1x,1.5,899.9743111154575,HS + O3 -> HSO + O2,2007.59474610576,190225339.12024546,5.501728292169959e-06,0.0005501728292169959
1pc_0.1x,4.5,623.4080835279684,HS + O3 -> HSO + O2,125.4603542126435,278995978.3238854,4.496851709704469e-07,4.4968517097044695e-05
1pc_0.1x,7.5,421.507213480952,HS + O3 -> HSO + O2,26.682544245575855,431364587.4650706,6.185613057014434e-08,6.185613057014434e-06
1pc_0.1x,10.5,276.4607091913151,HS + O3 -> HSO + O2,9.001751346913064,598953215.2165563,1.5029139368854393e-08,1.5029139368854393e-06
1pc_0.1x,13.5,174.0909696985674,HS + O3 -> HSO + O2,14.28533605660874,1427128799.334644,1.0009843584733801e-08,1.00098435847338e-06
1pc_0.1x,16.5,107.30755060197397,HS + O3 -> HSO + O2,11.683208617941865,2569874812.3696775,4.546217022598388e-09,4.5462170225983875e-07
1pc_0.1x,19.5,65.1141831895596,HS + O3 -> HSO + O2,3.1008566377384357,2587094972.1284046,1.198586318301009e-09,1.198586318301009e-07
1pc_0.1x,22.5,39.25806471432727,HS + O3 -> HSO + O2,0.42921859783783767,2284155095.724645,1.8791131943764469e-10,1.879113194376447e-08
1pc_0.1x,25.5,23.71372859894359,HS + O3 -> HSO + O2,0.025411296076619933,2130810406.7718294,1.1925648568198031e-11,1.1925648568198032e-09
1pc_0.1x,28.5,14.323016747863171,HS + O3 -> HSO + O2,0.0004945487890268789,2075971865.2484763,2.3822518855171747e-13,2.3822518855171746e-11
1pc_0.1x,31.5,8.562855865024602,HS + O3 -> HSO + O2,2.369895252031265e-06,1976714496.866183,1.1989061929724386e-15,1.1989061929724385e-13
1pc_0.1x,34.5,5.01786425622922,HS + O3 -> HSO + O2,2.8303010543334164e-09,1515743916.5088956,1.8672686220323062e-18,1.8672686220323063e-16
1pc_0.1x,37.5,2.884440741892746,HS + O3 -> HSO + O2,6.289695025625044e-12,822576692.9023662,5.502844831294042e-20,5.502844831294042e-18
1pc_0.1x,40.5,1.6460128195176413,HS + O3 -> HSO + O2,1.7305765616560173e-11,314487617.71628165,5.502844831294042e-20,5.502844831294042e-18
1pc_0.1x,43.5,0.940334859601739,HS + O3 -> HSO + O2,4.576812703391612e-11,104709710.72172254,4.370953440560055e-19,4.370953440560055e-17
1pc_0.1x,46.5,0.5372255026597154,HS + O3 -> HSO + O2,5.6134996111292084e-11,31655997.347875506,1.773281552130892e-18,1.773281552130892e-16
1pc_0.1x,49.5,0.3063478825550092,HS + O3 -> HSO + O2,4.194118676432626e-11,8901762.834347393,4.711559670237053e-18,4.711559670237053e-16
1pc_0.1x,52.5,0.17413167991599407,HS + O3 -> HSO + O2,2.1650131118668612e-11,2587402.924013748,6.5395370145151394e-18,6.53953701451514e-16
1pc_0.1x,1.5,899.9743111154575,NO + O3 -> NO2 + O2,245864.40143561675,190225339.12024546,0.0006599600518565337,0.06599600518565338
1pc_0.1x,4.5,623.4080835279684,NO + O3 -> NO2 + O2,7652.8110696828035,278995978.3238854,6.262969485833623e-05,0.0062629694858336235
1pc_0.1x,7.5,421.507213480952,NO + O3 -> NO2 + O2,27016.232485629465,431364587.4650706,6.262969485833623e-05,0.0062629694858336235
1pc_0.1x,10.5,276.4607091913151,NO + O3 -> NO2 + O2,81143.76305550389,598953215.2165563,0.0001354759620518369,0.01354759620518369
1pc_0.1x,13.5,174.0909696985674,NO + O3 -> NO2 + O2,695582.0774247538,1427128799.334644,0.0004873996500869775,0.04873996500869775
1pc_0.1x,16.5,107.30755060197397,NO + O3 -> NO2 + O2,2607334.4608611595,2569874812.3696775,0.0010145764487480774,0.10145764487480774
1pc_0.1x,19.5,65.1141831895596,NO + O3 -> NO2 + O2,3421026.922153799,2587094972.1284046,0.0010145764487480774,0.10145764487480774
1pc_0.1x,22.5,39.25806471432727,NO + O3 -> NO2 + O2,2212434.0339599303,2284155095.724645,0.000968600616526015,0.0968600616526015
1pc_0.1x,25.5,23.71372859894359,NO + O3 -> NO2 + O2,895442.4851402213,2130810406.7718294,0.0004202356447549051,0.04202356447549051
1pc_0.1x,28.5,14.323016747863171,NO + O3 -> NO2 + O2,229363.71393541203,2075971865.2484763,0.00011048498188965539,0.01104849818896554
1pc_0.1x,31.5,8.562855865024602,NO + O3 -> NO2 + O2,39697.2079134949,1976714496.866183,2.0082418566985534e-05,0.0020082418566985533
1pc_0.1x,34.5,5.01786425622922,NO + O3 -> NO2 + O2,5558.925429757546,1515743916.5088956,3.6674568634001324e-06,0.0003667456863400132
1pc_0.1x,37.5,2.884440741892746,NO + O3 -> NO2 + O2,832.6569984426876,822576692.9023662,1.0122545479677455e-06,0.00010122545479677455
1pc_0.1x,40.5,1.6460128195176413,NO + O3 -> NO2 + O2,148.6077641600866,314487617.71628165,4.725393172527214e-07,4.725393172527214e-05
1pc_0.1x,43.5,0.940334859601739,NO + O3 -> NO2 + O2,33.70737001040254,104709710.72172254,3.21912550212115e-07,3.2191255021211495e-05
1pc_0.1x,46.5,0.5372255026597154,NO + O3 -> NO2 + O2,8.54430842471264,31655997.347875506,2.6991120610787086e-07,2.6991120610787084e-05
1pc_0.1x,49.5,0.3063478825550092,NO + O3 -> NO2 + O2,2.1844430615073724,8901762.834347393,2.453944350301845e-07,2.453944350301845e-05
1pc_0.1x,52.5,0.17413167991599407,NO + O3 -> NO2 + O2,0.5804890073220493,2587402.924013748,2.3487321490894944e-07,2.3487321490894945e-05
1pc_0.1x,1.5,899.9743111154575,NO2 + O3 -> NO3 + O2,971.690886298397,190225339.12024546,2.620277270725724e-06,0.0002620277270725724
1pc_0.1x,4.5,623.4080835279684,NO2 + O3 -> NO3 + O2,36.95306479140686,278995978.3238854,1.3245017011861077e-07,1.3245017011861078e-05
1pc_0.1x,7.5,421.507213480952,NO2 + O3 -> NO3 + O2,35.19733912855706,431364587.4650706,8.159533756675642e-08,8.159533756675642e-06
1pc_0.1x,10.5,276.4607091913151,NO2 + O3 -> NO3 + O2,37.63353818828048,598953215.2165563,8.159533756675642e-08,8.159533756675642e-06
1pc_0.1x,13.5,174.0909696985674,NO2 + O3 -> NO3 + O2,306.5532612681535,1427128799.334644,2.1480420086195077e-07,2.1480420086195076e-05
1pc_0.1x,16.5,107.30755060197397,NO2 + O3 -> NO3 + O2,1050.0045911002217,2569874812.3696775,3.4799274809713165e-07,3.479927480971316e-05
1pc_0.1x,19.5,65.1141831895596,NO2 + O3 -> NO3 + O2,900.2902889392357,2587094972.1284046,3.4799274809713165e-07,3.479927480971316e-05
1pc_0.1x,22.5,39.25806471432727,NO2 + O3 -> NO3 + O2,374.7581335590377,2284155095.724645,1.640686021104649e-07,1.640686021104649e-05
1pc_0.1x,25.5,23.71372859894359,NO2 + O3 -> NO3 + O2,93.14282075563213,2130810406.7718294,4.3712392458577854e-08,4.371239245857786e-06
1pc_0.1x,28.5,14.323016747863171,NO2 + O3 -> NO3 + O2,9.708284097965437,2075971865.2484763,4.676500804505574e-09,4.676500804505574e-07
1pc_0.1x,31.5,8.562855865024602,NO2 + O3 -> NO3 + O2,0.3808235957734884,1976714496.866183,1.9265483021308003e-10,1.9265483021308003e-08
1pc_0.1x,34.5,5.01786425622922,NO2 + O3 -> NO3 + O2,0.009351868325038284,1515743916.5088956,6.169820787787011e-12,6.169820787787011e-10
1pc_0.1x,37.5,2.884440741892746,NO2 + O3 -> NO3 + O2,0.00037575323965346097,822576692.9023662,4.568002508406352e-13,4.568002508406352e-11
1pc_0.1x,40.5,1.6460128195176413,NO2 + O3 -> NO3 + O2,2.9397866409749294e-05,314487617.71628165,9.3478613317841e-14,9.3478613317841e-12
1pc_0.1x,43.5,0.940334859601739,NO2 + O3 -> NO3 + O2,3.6573800101160812e-06,104709710.72172254,3.4928756701811227e-14,3.4928756701811227e-12
1pc_0.1x,46.5,0.5372255026597154,NO2 + O3 -> NO3 + O2,6.026374876349095e-07,31655997.347875506,1.9037071585910834e-14,1.9037071585910834e-12
1pc_0.1x,49.5,0.3063478825550092,NO2 + O3 -> NO3 + O2,1.2465510398809628e-07,8901762.834347393,1.4003417784521891e-14,1.400341778452189e-12
1pc_0.1x,52.5,0.17413167991599407,NO2 + O3 -> NO3 + O2,2.857995604326607e-08,2587402.924013748,1.2524612916604202e-14,1.2524612916604202e-12
1pc_0.1x,1.5,899.9743111154575,O + O3 -> O2 + O2,225.3780749555138,190225339.12024546,1.4288816683082073e-06,0.00014288816683082073
1pc_0.1x,4.5,623.4080835279684,O + O3 -> O2 + O2,466.75137281706003,278995978.3238854,1.6729681037739193e-06,0.00016729681037739192
1pc_0.1x,7.5,421.507213480952,O + O3 -> O2 + O2,864.6712675316015,431364587.4650706,1.9603247360024844e-06,0.00019603247360024844
1pc_0.1x,10.5,276.4607091913151,O + O3 -> O2 + O2,1174.142803497235,598953215.2165563,2.0045022068521505e-06,0.00020045022068521505
1pc_0.1x,13.5,174.0909696985674,O + O3 -> O2 + O2,7306.972040266679,1427128799.334644,5.120050862734558e-06,0.0005120050862734558
1pc_0.1x,16.5,107.30755060197397,O + O3 -> O2 + O2,30206.951459608266,2569874812.3696775,1.1754250173670711e-05,0.001175425017367071
1pc_0.1x,19.5,65.1141831895596,O + O3 -> O2 + O2,53221.28664478406,2587094972.1284046,2.0571833356778113e-05,0.0020571833356778113
1pc_0.1x,22.5,39.25806471432727,O + O3 -> O2 + O2,95187.57799196968,2284155095.724645,4.167299242075834e-05,0.004167299242075834
1pc_0.1x,25.5,23.71372859894359,O + O3 -> O2 + O2,193445.82853398327,2130810406.7718294,9.078509656194754e-05,0.009078509656194755
1pc_0.1x,28.5,14.323016747863171,O + O3 -> O2 + O2,289113.504703873,2075971865.2484763,0.00012365979308437246,0.012365979308437245
1pc_0.1x,31.5,8.562855865024602,O + O3 -> O2 + O2,244440.10566935161,1976714496.866183,0.00012365979308437246,0.012365979308437245
1pc_0.1x,34.5,5.01786425622922,O + O3 -> O2 + O2,118648.02701812667,1515743916.5088956,7.827709267103652e-05,0.007827709267103652
1pc_0.1x,37.5,2.884440741892746,O + O3 -> O2 + O2,49121.636341231555,822576692.9023662,5.9716786003152574e-05,0.005971678600315258
1pc_0.1x,40.5,1.6460128195176413,O + O3 -> O2 + O2,18197.72151935507,314487617.71628165,5.7864667777706714e-05,0.005786466777770671
1pc_0.1x,43.5,0.940334859601739,O + O3 -> O2 + O2,6019.078572716568,104709710.72172254,5.7483480101601315e-05,0.005748348010160132
1pc_0.1x,46.5,0.5372255026597154,O + O3 -> O2 + O2,1589.0750485778915,31655997.347875506,5.019823040528961e-05,0.005019823040528961
1pc_0.1x,49.5,0.3063478825550092,O + O3 -> O2 + O2,349.59270146082434,8901762.834347393,3.927230010127019e-05,0.0039272300101270185
1pc_0.1x,52.5,0.17413167991599407,O + O3 -> O2 + O2,80.40135093117168,2587402.924013748,3.517322589316523e-05,0.0035173225893165225
1pc_0.1x,1.5,899.9743111154575,O1D + O3 -> O2 + O2,0.6558095288447199,190225339.12024546,5.739272012503751e-09,5.73927201250375e-07
1pc_0.1x,4.5,623.4080835279684,O1D + O3 -> O2 + O2,2.2406177321663967,278995978.3238854,8.031003692695786e-09,8.031003692695786e-07
1pc_0.1x,7.5,421.507213480952,O1D + O3 -> O2 + O2,7.571712011903112,431364587.4650706,1.7552929081171332e-08,1.7552929081171333e-06
1pc_0.1x,10.5,276.4607091913151,O1D + O3 -> O2 + O2,20.958829702162692,598953215.2165563,3.499243207933171e-08,3.4992432079331707e-06
1pc_0.1x,13.5,174.0909696985674,O1D + O3 -> O2 + O2,200.67155775942325,1427128799.334644,1.4061208620622072e-07,1.406120862062207e-05
1pc_0.1x,16.5,107.30755060197397,O1D + O3 -> O2 + O2,997.342906325141,2569874812.3696775,3.880900740863298e-07,3.880900740863298e-05
1pc_0.1x,19.5,65.1141831895596,O1D + O3 -> O2 + O2,1859.1324615677204,2587094972.1284046,7.186177862029592e-07,7.186177862029592e-05
1pc_0.1x,22.5,39.25806471432727,O1D + O3 -> O2 + O2,2782.8681906881175,2284155095.724645,1.2183359159353653e-06,0.00012183359159353654
1pc_0.1x,25.5,23.71372859894359,O1D + O3 -> O2 + O2,4289.8628515566625,2130810406.7718294,2.0132541299419457e-06,0.00020132541299419456
1pc_0.1x,28.5,14.323016747863171,O1D + O3 -> O2 + O2,5915.672684825966,2075971865.2484763,2.849591935157517e-06,0.0002849591935157517
1pc_0.1x,31.5,8.562855865024602,O1D + O3 -> O2 + O2,5721.349759562943,1976714496.866183,2.849591935157517e-06,0.0002849591935157517
1pc_0.1x,34.5,5.01786425622922,O1D + O3 -> O2 + O2,3264.4828167460973,1515743916.5088956,2.153716588396374e-06,0.0002153716588396374
1pc_0.1x,37.5,2.884440741892746,O1D + O3 -> O2 + O2,1188.1824330139184,822576692.9023662,1.4444640156549476e-06,0.00014444640156549476
1pc_0.1x,40.5,1.6460128195176413,O1D + O3 -> O2 + O2,267.041425071024,314487617.71628165,8.491317623574555e-07,8.491317623574555e-05
1pc_0.1x,43.5,0.940334859601739,O1D + O3 -> O2 + O2,49.71573655160134,104709710.72172254,4.7479585426156244e-07,4.7479585426156246e-05
1pc_0.1x,46.5,0.5372255026597154,O1D + O3 -> O2 + O2,7.830768799302136,31655997.347875506,2.4737078137984097e-07,2.4737078137984097e-05
1pc_0.1x,49.5,0.3063478825550092,O1D + O3 -> O2 + O2,1.0594342688940521,8901762.834347393,1.1901398505094204e-07,1.1901398505094204e-05
1pc_0.1x,52.5,0.17413167991599407,O1D + O3 -> O2 + O2,0.15138864948403022,2587402.924013748,8.876193540255224e-08,8.876193540255224e-06
1pc_0.1x,1.5,899.9743111154575,O3 + M -> O + O2 + M,23577.233086997978,190225339.12024546,6.518903111242836e-05,0.0065189031112428365
1pc_0.1x,4.5,623.4080835279684,O3 + M -> O + O2 + M,1795.1601238879778,278995978.3238854,6.434358425783411e-06,0.000643435842578341
1pc_0.1x,7.5,421.507213480952,O3 + M -> O + O2 + M,65.07483814951786,431364587.4650706,1.5085809090619253e-07,1.5085809090619252e-05
1pc_0.1x,10.5,276.4607091913151,O3 + M -> O + O2 + M,0.6817713108694302,598953215.2165563,1.1382713934057944e-09,1.1382713934057943e-07
1pc_0.1x,13.5,174.0909696985674,O3 + M -> O + O2 + M,0.017606184734274357,1427128799.334644,1.2336787501228138e-11,1.2336787501228138e-09
1pc_0.1x,16.5,107.30755060197397,O3 + M -> O + O2 + M,0.0017770720573664464,2569874812.3696775,6.91501410423884e-13,6.91501410423884e-11
1pc_0.1x,19.5,65.1141831895596,O3 + M -> O + O2 + M,0.00023860800183366122,2587094972.1284046,9.223008989011265e-14,9.223008989011264e-12
1pc_0.1x,22.5,39.25806471432727,O3 + M -> O + O2 + M,8.510856246655131e-05,2284155095.724645,3.7260413106733775e-14,3.726041310673378e-12
1pc_0.1x,25.5,23.71372859894359,O3 + M -> O + O2 + M,5.2430420490571966e-05,2130810406.7718294,2.4605859030885753e-14,2.4605859030885755e-12
1pc_0.1x,28.5,14.323016747863171,O3 + M -> O + O2 + M,1.2794343563683995e-05,2075971865.2484763,6.163062119414909e-15,6.163062119414909e-13
1pc_0.1x,31.5,8.562855865024602,O3 + M -> O + O2 + M,7.195357378889288e-07,1976714496.866183,3.640058991977125e-16,3.640058991977125e-14
1pc_0.1x,34.5,5.01786425622922,O3 + M -> O + O2 + M,1.135555413582402e-08,1515743916.5088956,7.491736573799652e-18,7.491736573799653e-16
1pc_0.1x,37.5,2.884440741892746,O3 + M -> O + O2 + M,3.4463661570625645e-10,822576692.9023662,4.189720164453557e-19,4.189720164453557e-17
1pc_0.1x,40.5,1.6460128195176413,O3 + M -> O + O2 + M,5.0205192634153904e-11,314487617.71628165,1.5964123801989257e-19,1.5964123801989257e-17
1pc_0.1x,43.5,0.940334859601739,O3 + M -> O + O2 + M,1.0181428771598626e-11,104709710.72172254,9.723480946917026e-20,9.723480946917027e-18
1pc_0.1x,46.5,0.5372255026597154,O3 + M -> O + O2 + M,1.461639072517057e-12,31655997.347875506,4.6172580078736654e-20,4.617258007873665e-18
1pc_0.1x,49.5,0.3063478825550092,O3 + M -> O + O2 + M,1.5989981291402785e-13,8901762.834347393,1.7962713216426692e-20,1.796271321642669e-18
1pc_0.1x,52.5,0.17413167991599407,O3 + M -> O + O2 + M,1.5995451109786564e-14,2587402.924013748,1.2072381002081886e-20,1.2072381002081886e-18
1pc_0.1x,1.5,899.9743111154575,O3 + hv -> O + O2,171498708.95661265,190225339.12024546,0.8912636257063977,89.12636257063977
1pc_0.1x,4.5,623.4080835279684,O3 + hv -> O + O2,245787563.58553195,278995978.3238854,0.8809717081304953,88.09717081304953
1pc_0.1x,7.5,421.507213480952,O3 + hv -> O + O2,373614663.7864242,431364587.4650706,0.8661227060431272,86.61227060431273
1pc_0.1x,10.5,276.4607091913151,O3 + hv -> O + O2,511328295.4744469,598953215.2165563,0.8537032317116322,85.37032317116322
1pc_0.1x,13.5,174.0909696985674,O3 + hv -> O + O2,1196678807.3998852,1427128799.334644,0.8385219385649009,83.85219385649009
1pc_0.1x,16.5,107.30755060197397,O3 + hv -> O + O2,2078452596.005048,2569874812.3696775,0.808775815071128,80.8775815071128
1pc_0.1x,19.5,65.1141831895596,O3 + hv -> O + O2,1940112467.9885354,2587094972.1284046,0.7499193067475229,74.9919306747523
1pc_0.1x,22.5,39.25806471432727,O3 + hv -> O + O2,1511222412.6194708,2284155095.724645,0.6616111206494223,66.16111206494223
1pc_0.1x,25.5,23.71372859894359,O3 + hv -> O + O2,1167245526.1013384,2130810406.7718294,0.547794173705821,54.779417370582095
1pc_0.1x,28.5,14.323016747863171,O3 + hv -> O + O2,851208045.5747124,2075971865.2484763,0.41002870020727855,41.002870020727855
1pc_0.1x,31.5,8.562855865024602,O3 + hv -> O + O2,533340709.6987387,1976714496.866183,0.2698117055064245,26.981170550642453
1pc_0.1x,34.5,5.01786425622922,O3 + hv -> O + O2,291797208.36029685,1515743916.5088956,0.19251088866803598,19.2510888668036
1pc_0.1x,37.5,2.884440741892746,O3 + hv -> O + O2,136023543.24168882,822576692.9023662,0.16536274904865778,16.536274904865778
1pc_0.1x,40.5,1.6460128195176413,O3 + hv -> O + O2,49201048.09870449,314487617.71628165,0.15644828389743387,15.644828389743386
1pc_0.1x,43.5,0.940334859601739,O3 + hv -> O + O2,16075689.260439781,104709710.72172254,0.15352625033185963,15.352625033185962
1pc_0.1x,46.5,0.5372255026597154,O3 + hv -> O + O2,4820029.167567566,31655997.347875506,0.15226274865388334,15.226274865388334
1pc_0.1x,49.5,0.3063478825550092,O3 + hv -> O + O2,1343223.58591064,8901762.834347393,0.15089411062804556,15.089411062804556
1pc_0.1x,52.5,0.17413167991599407,O3 + hv -> O + O2,382709.7059778426,2587402.924013748,0.14940339632799954,14.940339632799954
1pc_0.1x,1.5,899.9743111154575,O3 + hv -> O1D + O2,18332209.229721203,190225339.12024546,0.10740443870806349,10.740443870806349
1pc_0.1x,4.5,623.4080835279684,O3 + hv -> O1D + O2,33043686.972735334,278995978.3238854,0.11843786125968828,11.843786125968828
1pc_0.1x,7.5,421.507213480952,O3 + hv -> O1D + O2,57587631.19121574,431364587.4650706,0.13350106351945001,13.350106351945001
1pc_0.1x,10.5,276.4607091913151,O3 + hv -> O1D + O2,87468238.21562445,598953215.2165563,0.14603517602622704,14.603517602622704
1pc_0.1x,13.5,174.0909696985674,O3 + hv -> O1D + O2,229639731.99563885,1427128799.334644,0.16091030613543883,16.091030613543882
1pc_0.1x,16.5,107.30755060197397,O3 + hv -> O1D + O2,488596418.83696723,2569874812.3696775,0.19012459925486924,19.012459925486922
1pc_0.1x,19.5,65.1141831895596,O3 + hv -> O1D + O2,643280802.2667025,2587094972.1284046,0.24864985986095248,24.86498598609525
1pc_0.1x,22.5,39.25806471432727,O3 + hv -> O1D + O2,770322407.5346303,2284155095.724645,0.3372461042494343,33.72461042494343
1pc_0.1x,25.5,23.71372859894359,O3 + hv -> O1D + O2,962009120.8428578,2130810406.7718294,0.4514757004121725,45.14757004121725
1pc_0.1x,28.5,14.323016747863171,O3 + hv -> O1D + O2,1223593637.2411783,2075971865.2484763,0.5894076204615252,58.940762046152514
1pc_0.1x,31.5,8.562855865024602,O3 + hv -> O1D + O2,1442460862.3322396,1976714496.866183,0.7297264549934089,72.9726454993409
1pc_0.1x,34.5,5.01786425622922,O3 + hv -> O1D + O2,1223449045.8261013,1515743916.5088956,0.8071607825707022,80.71607825707022
1pc_0.1x,37.5,2.884440741892746,O3 + hv -> O1D + O2,686282395.698052,822576692.9023662,0.8343080974937236,83.43080974937236
1pc_0.1x,40.5,1.6460128195176413,O3 + hv -> O1D + O2,265100915.53986913,314487617.71628165,0.8429613778277043,84.29613778277043
1pc_0.1x,43.5,0.940334859601739,O3 + hv -> O1D + O2,88485027.7686455,104709710.72172254,0.8438514920363337,84.38514920363338
1pc_0.1x,46.5,0.5372255026597154,O3 + hv -> O1D + O2,26712960.593902968,31655997.347875506,0.8438514920363337,84.38514920363338
1pc_0.1x,49.5,0.3063478825550092,O3 + hv -> O1D + O2,7460656.814254405,8901762.834347393,0.8381100410210335,83.81100410210335
1pc_0.1x,52.5,0.17413167991599407,O3 + hv -> O1D + O2,2127378.1820055083,2587402.924013748,0.8301580153825681,83.01580153825681
1pc_0.1x,1.5,899.9743111154575,OH + O3 -> HO2 + O2,121570.04791103081,190225339.12024546,0.000596357825117027,0.059635782511702706
1pc_0.1x,4.5,623.4080835279684,OH + O3 -> HO2 + O2,154460.89053769395,278995978.3238854,0.0005536312439542798,0.05536312439542798
1pc_0.1x,7.5,421.507213480952,OH + O3 -> HO2 + O2,134010.8512123748,431364587.4650706,0.00031066725249723063,0.03106672524972306
1pc_0.1x,10.5,276.4607091913151,OH + O3 -> HO2 + O2,73846.41648499196,598953215.2165563,0.00012329246193008947,0.012329246193008948
1pc_0.1x,13.5,174.0909696985674,OH + O3 -> HO2 + O2,106199.18648410981,1427128799.334644,7.441457739036728e-05,0.007441457739036729
1pc_0.1x,16.5,107.30755060197397,OH + O3 -> HO2 + O2,185697.00004820444,2569874812.3696775,7.441457739036728e-05,0.007441457739036729
1pc_0.1x,19.5,65.1141831895596,OH + O3 -> HO2 + O2,224270.00327490977,2587094972.1284046,8.66879668860408e-05,0.00866879668860408
1pc_0.1x,22.5,39.25806471432727,OH + O3 -> HO2 + O2,298516.75284406915,2284155095.724645,0.0001306902291367238,0.013069022913672379
1pc_0.1x,25.5,23.71372859894359,OH + O3 -> HO2 + O2,458405.6091531277,2130810406.7718294,0.00021513204914725879,0.02151320491472588
1pc_0.1x,28.5,14.323016747863171,OH + O3 -> HO2 + O2,624362.6920987862,2075971865.2484763,0.00027263852185164286,0.027263852185164285
1pc_0.1x,31.5,8.562855865024602,OH + O3 -> HO2 + O2,538928.51854831,1976714496.866183,0.00027263852185164286,0.027263852185164285
1pc_0.1x,34.5,5.01786425622922,OH + O3 -> HO2 + O2,222888.8726858109,1515743916.5088956,0.0001470491619713539,0.01470491619713539
1pc_0.1x,37.5,2.884440741892746,OH + O3 -> HO2 + O2,60333.60738430913,822576692.9023662,7.334709080004324e-05,0.007334709080004324
1pc_0.1x,40.5,1.6460128195176413,OH + O3 -> HO2 + O2,16240.046646088244,314487617.71628165,5.163970131485232e-05,0.005163970131485232
1pc_0.1x,43.5,0.940334859601739,OH + O3 -> HO2 + O2,4695.853825649407,104709710.72172254,4.568259304895285e-05,0.004568259304895285
1pc_0.1x,46.5,0.5372255026597154,OH + O3 -> HO2 + O2,1446.1280444017275,31655997.347875506,4.568259304895285e-05,0.004568259304895285
1pc_0.1x,49.5,0.3063478825550092,OH + O3 -> HO2 + O2,445.57213250303056,8901762.834347393,5.0054370217974514e-05,0.005005437021797452
1pc_0.1x,52.5,0.17413167991599407,OH + O3 -> HO2 + O2,129.80586773350484,2587402.924013748,5.011138566560979e-05,0.005011138566560979
1pc_0.1x,1.5,899.9743111154575,S + O3 -> SO + O2,0.00295849878402555,190225339.12024546,2.77908921226586e-11,2.77908921226586e-09
1pc_0.1x,4.5,623.4080835279684,S + O3 -> SO + O2,0.011167981163621856,278995978.3238854,4.002918332628074e-11,4.002918332628075e-09
1pc_0.1x,7.5,421.507213480952,S + O3 -> SO + O2,0.033337834618119774,431364587.4650706,7.728458845922135e-11,7.728458845922135e-09
1pc_0.1x,10.5,276.4607091913151,S + O3 -> SO + O2,0.08579313445007315,598953215.2165563,1.4323845714569535e-10,1.4323845714569534e-08
1pc_0.1x,13.5,174.0909696985674,S + O3 -> SO + O2,0.2963213035634822,1427128799.334644,1.5749562731790688e-10,1.574956273179069e-08
1pc_0.1x,16.5,107.30755060197397,S + O3 -> SO + O2,0.4047440457026506,2569874812.3696775,1.5749562731790688e-10,1.574956273179069e-08
1pc_0.1x,19.5,65.1141831895596,S + O3 -> SO + O2,0.14790792340101522,2587094972.1284046,5.717143166156412e-11,5.717143166156412e-09
1pc_0.1x,22.5,39.25806471432727,S + O3 -> SO + O2,0.0190786332687169,2284155095.724645,8.352599744398805e-12,8.352599744398805e-10
1pc_0.1x,25.5,23.71372859894359,S + O3 -> SO + O2,0.0011342308115160433,2130810406.7718294,5.323002027357278e-13,5.323002027357278e-11
1pc_0.1x,28.5,14.323016747863171,S + O3 -> SO + O2,2.8739568898975302e-05,2075971865.2484763,1.384391059439306e-14,1.384391059439306e-12
1pc_0.1x,31.5,8.562855865024602,S + O3 -> SO + O2,2.3035626931778198e-07,1976714496.866183,1.1653492180230432e-16,1.1653492180230431e-14
1pc_0.1x,34.5,5.01786425622922,S + O3 -> SO + O2,6.924940833430524e-10,1515743916.5088956,4.568674667275092e-19,4.568674667275092e-17
1pc_0.1x,37.5,2.884440741892746,S + O3 -> SO + O2,4.342206163179026e-12,822576692.9023662,8.287365007045552e-20,8.287365007045552e-18
1pc_0.1x,40.5,1.6460128195176413,S + O3 -> SO + O2,2.6062736782110314e-11,314487617.71628165,8.287365007045552e-20,8.287365007045552e-18
1pc_0.1x,43.5,0.940334859601739,S + O3 -> SO + O2,1.1406330869484018e-10,104709710.72172254,1.0893288493363892e-18,1.0893288493363891e-16
1pc_0.1x,46.5,0.5372255026597154,S + O3 -> SO + O2,2.1051280665159673e-10,31655997.347875506,6.650013403091362e-18,6.650013403091362e-16
1pc_0.1x,49.5,0.3063478825550092,S + O3 -> SO + O2,2.270433452943247e-10,8901762.834347393,2.550543634102219e-17,2.550543634102219e-15
1pc_0.1x,52.5,0.17413167991599407,S + O3 -> SO + O2,1.835945999163669e-10,2587402.924013748,4.8231266604622587e-17,4.823126660462259e-15
1pc_0.1x,1.5,899.9743111154575,SO + O3 -> SO2 + O2,100.67166236776367,190225339.12024546,3.803674183017492e-07,3.803674183017492e-05
1pc_0.1x,4.5,623.4080835279684,SO + O3 -> SO2 + O2,64.59081602061032,278995978.3238854,3.8646918817606354e-07,3.864691881760635e-05
1pc_0.1x,7.5,421.507213480952,SO + O3 -> SO2 + O2,166.7091219255284,431364587.4650706,3.8646918817606354e-07,3.864691881760635e-05
1pc_0.1x,10.5,276.4607091913151,SO + O3 -> SO2 + O2,397.9025146944972,598953215.2165563,4.071287153550977e-07,4.071287153550977e-05
1pc_0.1x,13.5,174.0909696985674,SO + O3 -> SO2 + O2,581.0251147193767,1427128799.334644,4.071287153550977e-07,4.071287153550977e-05
1pc_0.1x,16.5,107.30755060197397,SO + O3 -> SO2 + O2,356.99097166723095,2569874812.3696775,1.389137595142427e-07,1.389137595142427e-05
1pc_0.1x,19.5,65.1141831895596,SO + O3 -> SO2 + O2,97.90971042704254,2587094972.1284046,3.784542565381439e-08,3.784542565381439e-06
1pc_0.1x,22.5,39.25806471432727,SO + O3 -> SO2 + O2,11.35587154469108,2284155095.724645,4.971585145836362e-09,4.971585145836362e-07
1pc_0.1x,25.5,23.71372859894359,SO + O3 -> SO2 + O2,0.5963074536296514,2130810406.7718294,2.798500756963428e-10,2.798500756963428e-08
1pc_0.1x,28.5,14.323016747863171,SO + O3 -> SO2 + O2,0.01227295689245067,2075971865.2484763,5.911909066735691e-12,5.911909066735691e-10
1pc_0.1x,31.5,8.562855865024602,SO + O3 -> SO2 + O2,6.75661304086399e-05,1976714496.866183,3.418102640303239e-14,3.4181026403032392e-12
1pc_0.1x,34.5,5.01786425622922,SO + O3 -> SO2 + O2,1.1335647545021731e-07,1515743916.5088956,7.478603358758857e-17,7.478603358758857e-15
1pc_0.1x,37.5,2.884440741892746,SO + O3 -> SO2 + O2,5.133857374557029e-10,822576692.9023662,6.690194629789447e-18,6.690194629789447e-16
1pc_0.1x,40.5,1.6460128195176413,SO + O3 -> SO2 + O2,2.103983371180744e-09,314487617.71628165,6.690194629789447e-18,6.690194629789447e-16
1pc_0.1x,43.5,0.940334859601739,SO + O3 -> SO2 + O2,5.982031793907198e-09,104709710.72172254,5.712967548735856e-17,5.7129675487358566e-15
1pc_0.1x,46.5,0.5372255026597154,SO + O3 -> SO2 + O2,6.155026821830348e-09,31655997.347875506,1.9443477816197834e-16,1.9443477816197835e-14
1pc_0.1x,49.5,0.3063478825550092,SO + O3 -> SO2 + O2,3.3281184140454513e-09,8901762.834347393,3.738718359473618e-16,3.738718359473618e-14
1pc_0.1x,52.5,0.17413167991599407,SO + O3 -> SO2 + O2,1.3992029264086793e-09,2587402.924013748,4.573234392643627e-16,4.573234392643627e-14
1pc_0.1x,1.5,899.9743111154575,SO2 + O3 -> SO3 + O2,0.02430545772845009,190225339.12024546,6.772185487655985e-11,6.772185487655985e-09
1pc_0.1x,4.5,623.4080835279684,SO2 + O3 -> SO3 + O2,0.0021403971436115177,278995978.3238854,7.671784935647848e-12,7.671784935647848e-10
1pc_0.1x,7.5,421.507213480952,SO2 + O3 -> SO3 + O2,9.657802320551387e-05,431364587.4650706,2.238895496105929e-13,2.238895496105929e-11
1pc_0.1x,10.5,276.4607091913151,SO2 + O3 -> SO3 + O2,6.456043762702672e-06,598953215.2165563,1.0778878213999466e-14,1.0778878213999465e-12
1pc_0.1x,13.5,174.0909696985674,SO2 + O3 -> SO3 + O2,1.4578565258073721e-06,1427128799.334644,1.021531151559028e-15,1.0215311515590281e-13
1pc_0.1x,16.5,107.30755060197397,SO2 + O3 -> SO3 + O2,2.7685135009154824e-07,2569874812.3696775,1.077295083631969e-16,1.077295083631969e-14
1pc_0.1x,19.5,65.1141831895596,SO2 + O3 -> SO3 + O2,1.8771169171793324e-08,2587094972.1284046,7.255693886007698e-18,7.255693886007698e-16
1pc_0.1x,22.5,39.25806471432727,SO2 + O3 -> SO3 + O2,7.742272486237035e-10,2284155095.724645,3.3895563837712207e-19,3.389556383771221e-17
1pc_0.1x,25.5,23.71372859894359,SO2 + O3 -> SO3 + O2,2.4273621968547854e-11,2130810406.7718294,1.1391732409136442e-20,1.1391732409136442e-18
1pc_0.1x,28.5,14.323016747863171,SO2 + O3 -> SO3 + O2,2.2949838693142057e-13,2075971865.2484763,1.1054985415418987e-22,1.1054985415418987e-20
1pc_0.1x,31.5,8.562855865024602,SO2 + O3 -> SO3 + O2,3.424538132705228e-16,1976714496.866183,1.7324394282200974e-25,1.7324394282200973e-23
1pc_0.1x,34.5,5.01786425622922,SO2 + O3 -> SO3 + O2,1.1704864507539717e-19,1515743916.5088956,7.722191314809096e-29,7.722191314809097e-27
1pc_0.1x,37.5,2.884440741892746,SO2 + O3 -> SO3 + O2,1.2699426680861994e-22,822576692.9023662,1.1081125493456272e-30,1.1081125493456272e-28
1pc_0.1x,40.5,1.6460128195176413,SO2 + O3 -> SO3 + O2,3.484876758052219e-22,314487617.71628165,1.1081125493456272e-30,1.1081125493456272e-28
1pc_0.1x,43.5,0.940334859601739,SO2 + O3 -> SO3 + O2,8.959867956231867e-22,104709710.72172254,8.556864396315345e-30,8.556864396315345e-28
1pc_0.1x,46.5,0.5372255026597154,SO2 + O3 -> SO3 + O2,8.61706872214648e-22,31655997.347875506,2.7220967412435005e-29,2.7220967412435004e-27
1pc_0.1x,49.5,0.3063478825550092,SO2 + O3 -> SO3 + O2,4.327292347548937e-22,8901762.834347393,4.8611633763731696e-29,4.86116337637317e-27
1pc_0.1x,52.5,0.17413167991599407,SO2 + O3 -> SO3 + O2,1.5237160660414681e-22,2587402.924013748,5.375071029022956e-29,5.3750710290229565e-27
1pc_0.1x,1.5,899.9743111154575,rainout,0.8319853679296917,190225339.12024546,2.5000955226773785e-09,2.5000955226773787e-07
1pc_0.1x,4.5,623.4080835279684,rainout,0.17479317216807622,278995978.3238854,6.265078558414181e-10,6.265078558414182e-08
1pc_0.1x,7.5,421.507213480952,rainout,0.1296533792477244,431364587.4650706,3.005656537770917e-10,3.005656537770917e-08
1pc_0.1x,10.5,276.4607091913151,rainout,0.01242399188486344,598953215.2165563,1.606542478687066e-10,1.606542478687066e-08
1pc_10x,1.5,899.9794817279375,CH3 + O3 -> H2CO + HO2,1111.9748871169552,252125573.93960658,3.869810287202141e-06,0.00038698102872021414
1pc_10x,4.5,623.4141985658622,CH3 + O3 -> H2CO + HO2,638.76045610713,191864923.48677945,3.329219559776095e-06,0.0003329219559776095
1pc_10x,7.5,421.51171172741425,CH3 + O3 -> H2CO + HO2,696.9408522293334,331902674.99871963,2.099834996003036e-06,0.00020998349960030358
1pc_10x,10.5,276.4638852861147,CH3 + O3 -> H2CO + HO2,544.1391513773971,568508589.6262059,9.571344414253588e-07,9.571344414253588e-05
1pc_10x,13.5,174.09344106316553,CH3 + O3 -> H2CO + HO2,1155.2847185370517,1559640146.4845343,9.571344414253588e-07,9.571344414253588e-05
1pc_10x,16.5,107.30903360096512,CH3 + O3 -> H2CO + HO2,3236.0985021859606,2771364535.3210692,1.1676913884629223e-06,0.00011676913884629223
1pc_10x,19.5,65.11508100346333,CH3 + O3 -> H2CO + HO2,5275.246697005404,2745233471.3204145,1.9216022069219828e-06,0.00019216022069219827
1pc_10x,22.5,39.25878331466844,CH3 + O3 -> H2CO + HO2,8722.193236004037,2336984973.935912,3.732241898549421e-06,0.0003732241898549421
1pc_10x,25.5,23.71414662423464,CH3 + O3 -> H2CO + HO2,15170.557029906857,2047681064.6764503,7.408652300207662e-06,0.0007408652300207662
1pc_10x,28.5,14.323259840323681,CH3 + O3 -> H2CO + HO2,19887.79782804234,1877749011.2026327,8.780575918023265e-06,0.0008780575918023264
1pc_10x,31.5,8.56301050207888,CH3 + O3 -> H2CO + HO2,14798.882666925212,1685411390.447476,8.780575918023265e-06,0.0008780575918023264
1pc_10x,34.5,5.0179398093098815,CH3 + O3 -> H2CO + HO2,5490.644837392041,1330742760.0274003,4.126000157445146e-06,0.0004126000157445146
1pc_10x,37.5,2.8844773210271577,CH3 + O3 -> H2CO + HO2,1279.7225072924382,728106266.8359394,1.7576040278483027e-06,0.00017576040278483027
1pc_10x,40.5,1.6460361809925044,CH3 + O3 -> H2CO + HO2,208.71154293750544,281949629.3204972,7.402440763639355e-07,7.402440763639355e-05
1pc_10x,43.5,0.9403467714527588,CH3 + O3 -> H2CO + HO2,29.905744938506594,95084332.26057114,3.145181148935479e-07,3.145181148935479e-05
1pc_10x,46.5,0.5372336475389682,CH3 + O3 -> H2CO + HO2,5.057405896128686,29416929.08911596,1.9254204424394433e-07,1.9254204424394434e-05
1pc_10x,49.5,0.3063518599900032,CH3 + O3 -> H2CO + HO2,1.6416021263786993,8525941.088995837,1.9254204424394433e-07,1.9254204424394434e-05
1pc_10x,52.5,0.17413430345181927,CH3 + O3 -> H2CO + HO2,0.6804404964785155,2441274.267577097,2.3563276969690473e-07,2.3563276969690473e-05
1pc_10x,1.5,899.9794817279375,CS + O3 -> OCS + O2,2.21055069838887e-22,252125573.93960658,2.4531305171312957e-30,2.453130517131296e-28
1pc_10x,4.5,623.4141985658622,CS + O3 -> OCS + O2,7.731188029522351e-22,191864923.48677945,4.0294952766887964e-30,4.0294952766887964e-28
1pc_10x,7.5,421.51171172741425,CS + O3 -> OCS + O2,1.4046713432895037e-21,331902674.99871963,4.0294952766887964e-30,4.0294952766887964e-28
1pc_10x,10.5,276.4638852861147,CS + O3 -> OCS + O2,1.2773926330143812e-21,568508589.6262059,2.2469187912433587e-30,2.2469187912433586e-28
1pc_10x,13.5,174.09344106316553,CS + O3 -> OCS + O2,1.796394549455684e-21,1559640146.4845343,1.71201776565985e-30,1.71201776565985e-28
1pc_10x,16.5,107.30903360096512,CS + O3 -> OCS + O2,4.744625319589325e-21,2771364535.3210692,1.71201776565985e-30,1.71201776565985e-28
1pc_10x,19.5,65.11508100346333,CS + O3 -> OCS + O2,5.787149570217584e-21,2745233471.3204145,1.71201776565985e-30,1.71201776565985e-28
1pc_10x,22.5,39.25878331466844,CS + O3 -> OCS + O2,3.049329504667829e-21,2336984973.935912,1.3048134834740498e-30,1.30481348347405e-28
1pc_10x,25.5,23.71414662423464,CS + O3 -> OCS + O2,5.902671356764043e-22,2047681064.6764503,2.8826126580882902e-31,2.8826126580882903e-29
1pc_10x,28.5,14.323259840323681,CS + O3 -> OCS + O2,3.0722695174724377e-23,1877749011.2026327,1.6361449262618738e-32,1.636144926261874e-30
1pc_10x,31.5,8.56301050207888,CS + O3 -> OCS + O2,3.495566425097174e-25,1685411390.447476,2.0740137659619726e-34,2.0740137659619727e-32
1pc_10x,34.5,5.0179398093098815,CS + O3 -> OCS + O2,3.0151898728346327e-27,1330742760.0274003,2.26579468504683e-36,2.26579468504683e-34
1pc_10x,37.5,2.8844773210271577,CS + O3 -> OCS + O2,7.319692097804433e-28,728106266.8359394,2.26579468504683e-36,2.26579468504683e-34
1pc_10x,40.5,1.6460361809925044,CS + O3 -> OCS + O2,6.572351507014411e-27,281949629.3204972,2.331037470364432e-35,2.331037470364432e-33
1pc_10x,43.5,0.9403467714527588,CS + O3 -> OCS + O2,1.0231024207039337e-24,95084332.26057114,1.0759947473787815e-32,1.0759947473787815e-30
1pc_10x,46.5,0.5372336475389682,CS + O3 -> OCS + O2,3.03683355593767e-23,29416929.08911596,1.0323421410636896e-30,1.0323421410636896e-28
1pc_10x,49.5,0.3063518599900032,CS + O3 -> OCS + O2,2.35094035964844e-22,8525941.088995837,2.757396907987934e-29,2.757396907987934e-27
1pc_10x,52.5,0.17413430345181927,CS + O3 -> OCS + O2,6.481114224773713e-22,2441274.267577097,1.4652737980912947e-28,1.4652737980912948e-26
1pc_10x,1.5,899.9794817279375,Cl + O3 -> ClO + O2,2.684413859700605e-20,252125573.93960658,8.666855532611582e-29,8.666855532611582e-27
1pc_10x,4.5,623.4141985658622,Cl + O3 -> ClO + O2,1.2829202901634097e-20,191864923.48677945,6.686580677951851e-29,6.68658067795185e-27
1pc_10x,7.5,421.51171172741425,Cl + O3 -> ClO + O2,1.4138839893375806e-20,331902674.99871963,4.2599355047169624e-29,4.2599355047169625e-27
1pc_10x,10.5,276.4638852861147,Cl + O3 -> ClO + O2,1.5142731561436274e-20,568508589.6262059,2.6635888775915615e-29,2.6635888775915614e-27
1pc_10x,13.5,174.09344106316553,Cl + O3 -> ClO + O2,2.4639939179148444e-20,1559640146.4845343,1.5798477126077735e-29,1.5798477126077735e-27
1pc_10x,16.5,107.30903360096512,Cl + O3 -> ClO + O2,2.603271750405097e-20,2771364535.3210692,9.393465627586598e-30,9.393465627586598e-28
1pc_10x,19.5,65.11508100346333,Cl + O3 -> ClO + O2,1.4044868650108808e-20,2745233471.3204145,5.116092600806534e-30,5.116092600806534e-28
1pc_10x,22.5,39.25878331466844,Cl + O3 -> ClO + O2,5.97194281342787e-21,2336984973.935912,2.555404882800774e-30,2.555404882800774e-28
1pc_10x,25.5,23.71414662423464,Cl + O3 -> ClO + O2,2.39673175126676e-21,2047681064.6764503,1.170461451547125e-30,1.170461451547125e-28
1pc_10x,28.5,14.323259840323681,Cl + O3 -> ClO + O2,8.683149099466957e-22,1877749011.2026327,4.624233083156147e-31,4.624233083156147e-29
1pc_10x,31.5,8.56301050207888,Cl + O3 -> ClO + O2,2.5726127497887555e-22,1685411390.447476,1.5264004766846437e-31,1.5264004766846438e-29
1pc_10x,34.5,5.0179398093098815,Cl + O3 -> ClO + O2,7.06274201072221e-23,1330742760.0274003,5.307368353126931e-32,5.307368353126931e-30
1pc_10x,37.5,2.8844773210271577,Cl + O3 -> ClO + O2,1.6499385546360417e-23,728106266.8359394,2.2660683334124004e-32,2.2660683334124005e-30
1pc_10x,40.5,1.6460361809925044,Cl + O3 -> ClO + O2,3.2138688433604882e-24,281949629.3204972,1.139873406149162e-32,1.139873406149162e-30
1pc_10x,43.5,0.9403467714527588,Cl + O3 -> ClO + O2,5.924230349491772e-25,95084332.26057114,6.230501081142248e-33,6.2305010811422475e-31
1pc_10x,46.5,0.5372336475389682,Cl + O3 -> ClO + O2,1.0304187408438106e-25,29416929.08911596,3.5028086640935534e-33,3.5028086640935536e-31
1pc_10x,49.5,0.3063518599900032,Cl + O3 -> ClO + O2,1.6817250871913352e-26,8525941.088995837,1.9724803040943888e-33,1.9724803040943886e-31
1pc_10x,52.5,0.17413430345181927,Cl + O3 -> ClO + O2,2.6770074237324294e-27,2441274.267577097,1.5345209124857361e-33,1.534520912485736e-31
1pc_10x,1.5,899.9794817279375,H + O3 -> OH + O2,211.1562433861705,252125573.93960658,8.430739088288698e-07,8.430739088288699e-05
1pc_10x,4.5,623.4141985658622,H + O3 -> OH + O2,162.82493037723404,191864923.48677945,8.4864355306953e-07,8.4864355306953e-05
1pc_10x,7.5,421.51171172741425,H + O3 -> OH + O2,293.79867814941065,331902674.99871963,8.4864355306953e-07,8.4864355306953e-05
1pc_10x,10.5,276.4638852861147,H + O3 -> OH + O2,389.5375484136238,568508589.6262059,6.851920191210208e-07,6.851920191210208e-05
1pc_10x,13.5,174.09344106316553,H + O3 -> OH + O2,904.4679039214323,1559640146.4845343,6.12022197226812e-07,6.12022197226812e-05
1pc_10x,16.5,107.30903360096512,H + O3 -> OH + O2,1696.1366122236636,2771364535.3210692,6.12022197226812e-07,6.12022197226812e-05
1pc_10x,19.5,65.11508100346333,H + O3 -> OH + O2,2441.039469560167,2745233471.3204145,8.891919376118e-07,8.891919376118e-05
1pc_10x,22.5,39.25878331466844,H + O3 -> OH + O2,4631.144237241222,2336984973.935912,1.9816748027444626e-06,0.00019816748027444626
1pc_10x,25.5,23.71414662423464,H + O3 -> OH + O2,11224.96427267151,2047681064.6764503,5.4817932666897725e-06,0.0005481793266689772
1pc_10x,28.5,14.323259840323681,H + O3 -> OH + O2,32035.40771801544,1877749011.2026327,1.706053765806426e-05,0.001706053765806426
1pc_10x,31.5,8.56301050207888,H + O3 -> OH + O2,82629.48316511403,1685411390.447476,4.9026299236755445e-05,0.004902629923675544
1pc_10x,34.5,5.0179398093098815,H + O3 -> OH + O2,130051.85259196034,1330742760.0274003,9.772876960028138e-05,0.009772876960028138
1pc_10x,37.5,2.8844773210271577,H + O3 -> OH + O2,143609.86933024737,728106266.8359394,0.00019723751308214777,0.019723751308214778
1pc_10x,40.5,1.6460361809925044,H + O3 -> OH + O2,138021.10323761404,281949629.3204972,0.0004895239747973669,0.04895239747973669
1pc_10x,43.5,0.9403467714527588,H + O3 -> OH + O2,127625.87099764825,95084332.26057114,0.0013422387049834834,0.13422387049834833
1pc_10x,46.5,0.5372336475389682,H + O3 -> OH + O2,111793.54081888363,29416929.08911596,0.0038003130945522927,0.3800313094552293
1pc_10x,49.5,0.3063518599900032,H + O3 -> OH + O2,90282.41269193086,8525941.088995837,0.01058914338599589,1.058914338599589
1pc_10x,52.5,0.17413430345181927,H + O3 -> OH + O2,68920.17055529615,2441274.267577097,0.019410185712822454,1.9410185712822454
1pc_10x,1.5,899.9794817279375,HS + O3 -> HSO + O2,1624.4744030342845,252125573.93960658,3.9985304096262144e-06,0.00039985304096262146
1pc_10x,4.5,623.4141985658622,HS + O3 -> HSO + O2,298.14744024897925,191864923.48677945,1.5539444877714882e-06,0.00015539444877714882
1pc_10x,7.5,421.51171172741425,HS + O3 -> HSO + O2,52.76440742787483,331902674.99871963,1.589755413332489e-07,1.589755413332489e-05
1pc_10x,10.5,276.4638852861147,HS + O3 -> HSO + O2,23.66071472441031,568508589.6262059,4.161892213443462e-08,4.161892213443462e-06
1pc_10x,13.5,174.09344106316553,HS + O3 -> HSO + O2,45.58933632095453,1559640146.4845343,2.923067633499559e-08,2.923067633499559e-06
1pc_10x,16.5,107.30903360096512,HS + O3 -> HSO + O2,23.657274013108257,2771364535.3210692,8.536327037311786e-09,8.536327037311785e-07
1pc_10x,19.5,65.11508100346333,HS + O3 -> HSO + O2,4.596413937396243,2745233471.3204145,1.6743253298545277e-09,1.6743253298545278e-07
1pc_10x,22.5,39.25878331466844,HS + O3 -> HSO + O2,0.42768182941538335,2336984973.935912,1.8300581055730476e-10,1.8300581055730475e-08
1pc_10x,25.5,23.71414662423464,HS + O3 -> HSO + O2,0.014892422404823519,2047681064.6764503,7.27282322512302e-12,7.27282322512302e-10
1pc_10x,28.5,14.323259840323681,HS + O3 -> HSO + O2,0.00014255084441065657,1877749011.2026327,7.59158138602122e-14,7.59158138602122e-12
1pc_10x,31.5,8.56301050207888,HS + O3 -> HSO + O2,3.018911951816403e-07,1685411390.447476,1.791201821066893e-16,1.791201821066893e-14
1pc_10x,34.5,5.0179398093098815,HS + O3 -> HSO + O2,2.5411013803811455e-10,1330742760.0274003,1.909536130280223e-19,1.909536130280223e-17
1pc_10x,37.5,2.8844773210271577,HS + O3 -> HSO + O2,9.43704177131853e-13,728106266.8359394,2.1378126209671383e-20,2.1378126209671382e-18
1pc_10x,40.5,1.6460361809925044,HS + O3 -> HSO + O2,6.027554760383653e-12,281949629.3204972,2.1378126209671383e-20,2.1378126209671382e-18
1pc_10x,43.5,0.9403467714527588,HS + O3 -> HSO + O2,1.7467635409640077e-11,95084332.26057114,1.8370676844815395e-19,1.8370676844815395e-17
1pc_10x,46.5,0.5372336475389682,HS + O3 -> HSO + O2,2.252006055324312e-11,29416929.08911596,7.655476370433029e-19,7.655476370433029e-17
1pc_10x,49.5,0.3063518599900032,HS + O3 -> HSO + O2,1.7256441675241468e-11,8525941.088995837,2.02399260036101e-18,2.0239926003610102e-16
1pc_10x,52.5,0.17413430345181927,HS + O3 -> HSO + O2,9.180240234271198e-12,2441274.267577097,2.8922111445745265e-18,2.8922111445745267e-16
1pc_10x,1.5,899.9794817279375,NO + O3 -> NO2 + O2,157670.84891016883,252125573.93960658,0.0003140522952673933,0.03140522952673933
1pc_10x,4.5,623.4141985658622,NO + O3 -> NO2 + O2,525.3730763253102,191864923.48677945,9.117649055403181e-06,0.0009117649055403181
1pc_10x,7.5,421.51171172741425,NO + O3 -> NO2 + O2,3026.172111187865,331902674.99871963,9.117649055403181e-06,0.0009117649055403181
1pc_10x,10.5,276.4638852861147,NO + O3 -> NO2 + O2,44537.14245252633,568508589.6262059,7.834031581090001e-05,0.00783403158109
1pc_10x,13.5,174.09344106316553,NO + O3 -> NO2 + O2,746415.0889354912,1559640146.4845343,0.0004785816078266057,0.047858160782660565
1pc_10x,16.5,107.30903360096512,NO + O3 -> NO2 + O2,2383267.168565713,2771364535.3210692,0.0008599616319653905,0.08599616319653905
1pc_10x,19.5,65.11508100346333,NO + O3 -> NO2 + O2,2986556.4591194573,2745233471.3204145,0.0008599616319653905,0.08599616319653905
1pc_10x,22.5,39.25878331466844,NO + O3 -> NO2 + O2,1924111.3391664303,2336984973.935912,0.0008233306420990261,0.0823330642099026
1pc_10x,25.5,23.71414662423464,NO + O3 -> NO2 + O2,732369.4236565599,2047681064.6764503,0.0003576579557677748,0.03576579557677748
1pc_10x,28.5,14.323259840323681,NO + O3 -> NO2 + O2,171040.63090639788,1877749011.2026327,9.108812194066998e-05,0.009108812194066998
1pc_10x,31.5,8.56301050207888,NO + O3 -> NO2 + O2,28339.99315224658,1685411390.447476,1.6814881703583556e-05,0.0016814881703583555
1pc_10x,34.5,5.0179398093098815,NO + O3 -> NO2 + O2,4383.6028862534995,1330742760.0274003,3.2941023749497915e-06,0.0003294102374949791
1pc_10x,37.5,2.8844773210271577,NO + O3 -> NO2 + O2,699.2090354514844,728106266.8359394,9.603117941697839e-07,9.603117941697839e-05
1pc_10x,40.5,1.6460361809925044,NO + O3 -> NO2 + O2,131.53628427345495,281949629.3204972,4.6652405463507556e-07,4.6652405463507556e-05
1pc_10x,43.5,0.9403467714527588,NO + O3 -> NO2 + O2,30.914672659378894,95084332.26057114,3.251289873357859e-07,3.251289873357859e-05
1pc_10x,46.5,0.5372336475389682,NO + O3 -> NO2 + O2,8.062812517198093,29416929.08911596,2.740874988266968e-07,2.740874988266968e-05
1pc_10x,49.5,0.3063518599900032,NO + O3 -> NO2 + O2,2.129758122389923,8525941.088995837,2.4979742413875395e-07,2.4979742413875394e-05
1pc_10x,52.5,0.17413430345181927,NO + O3 -> NO2 + O2,0.5630397858268859,2441274.267577097,2.402154942320155e-07,2.4021549423201548e-05
1pc_10x,1.5,899.9794817279375,NO2 + O3 -> NO3 + O2,6335.935379933547,252125573.93960658,1.2781249769365494e-05,0.0012781249769365493
1pc_10x,4.5,623.4141985658622,NO2 + O3 -> NO3 + O2,82.96649421433483,191864923.48677945,4.3242137596897267e-07,4.3242137596897266e-05
1pc_10x,7.5,421.51171172741425,NO2 + O3 -> NO3 + O2,64.38509616110565,331902674.99871963,1.9398787961366694e-07,1.9398787961366694e-05
1pc_10x,10.5,276.4638852861147,NO2 + O3 -> NO3 + O2,65.64714036934576,568508589.6262059,1.9398787961366694e-07,1.9398787961366694e-05
1pc_10x,13.5,174.09344106316553,NO2 + O3 -> NO3 + O2,424.3348867717723,1559640146.4845343,2.72072303170852e-07,2.7207230317085203e-05
1pc_10x,16.5,107.30903360096512,NO2 + O3 -> NO3 + O2,1094.3294608289948,2771364535.3210692,3.0657565498869057e-07,3.065756549886906e-05
1pc_10x,19.5,65.11508100346333,NO2 + O3 -> NO3 + O2,841.6217495669327,2745233471.3204145,3.0657565498869057e-07,3.065756549886906e-05
1pc_10x,22.5,39.25878331466844,NO2 + O3 -> NO3 + O2,325.30000148950353,2336984973.935912,1.3919644547035258e-07,1.3919644547035258e-05
1pc_10x,25.5,23.71414662423464,NO2 + O3 -> NO3 + O2,69.94406210289033,2047681064.6764503,3.415769345600802e-08,3.4157693456008022e-06
1pc_10x,28.5,14.323259840323681,NO2 + O3 -> NO3 + O2,6.234084651828032,1877749011.2026327,3.3199775979832993e-09,3.319977597983299e-07
1pc_10x,31.5,8.56301050207888,NO2 + O3 -> NO3 + O2,0.2369765175972671,1685411390.447476,1.406045544372107e-10,1.4060455443721069e-08
1pc_10x,34.5,5.0179398093098815,NO2 + O3 -> NO3 + O2,0.007154892172223173,1330742760.0274003,5.376615516642639e-12,5.376615516642639e-10
1pc_10x,37.5,2.8844773210271577,NO2 + O3 -> NO3 + O2,0.0003222946007025205,728106266.8359394,4.4264774989931727e-13,4.4264774989931727e-11
1pc_10x,40.5,1.6460361809925044,NO2 + O3 -> NO3 + O2,2.6971970569746493e-05,281949629.3204972,9.56623728669172e-14,9.56623728669172e-12
1pc_10x,43.5,0.9403467714527588,NO2 + O3 -> NO3 + O2,3.5182259426513064e-06,95084332.26057114,3.7001111108504027e-14,3.700111110850403e-12
1pc_10x,46.5,0.5372336475389682,NO2 + O3 -> NO3 + O2,5.98849840561462e-07,29416929.08911596,2.0357320057008666e-14,2.0357320057008664e-12
1pc_10x,49.5,0.3063518599900032,NO2 + O3 -> NO3 + O2,1.2453346709727998e-07,8525941.088995837,1.4606418904068126e-14,1.4606418904068126e-12
1pc_10x,52.5,0.17413430345181927,NO2 + O3 -> NO3 + O2,2.871360342561672e-08,2441274.267577097,1.3184073353105336e-14,1.3184073353105336e-12
1pc_10x,1.5,899.9794817279375,O + O3 -> O2 + O2,409.71553547462815,252125573.93960658,1.375247314654781e-06,0.0001375247314654781
1pc_10x,4.5,623.4141985658622,O + O3 -> O2 + O2,215.93420643423997,191864923.48677945,1.5306139442523616e-06,0.00015306139442523617
1pc_10x,7.5,421.51171172741425,O + O3 -> O2 + O2,508.01486248769993,331902674.99871963,1.5306139442523616e-06,0.00015306139442523617
1pc_10x,10.5,276.4638852861147,O + O3 -> O2 + O2,1055.0455774891686,568508589.6262059,1.855812905452951e-06,0.0001855812905452951
1pc_10x,13.5,174.09344106316553,O + O3 -> O2 + O2,8676.567929831217,1559640146.4845343,5.563185808847256e-06,0.0005563185808847256
1pc_10x,16.5,107.30903360096512,O + O3 -> O2 + O2,34382.3234929284,2771364535.3210692,1.2406279670077804e-05,0.0012406279670077805
1pc_10x,19.5,65.11508100346333,O + O3 -> O2 + O2,57495.18099677602,2745233471.3204145,2.0943639802381447e-05,0.0020943639802381447
1pc_10x,22.5,39.25878331466844,O + O3 -> O2 + O2,91474.27776639893,2336984973.935912,3.9142005099133964e-05,0.003914200509913397
1pc_10x,25.5,23.71414662423464,O + O3 -> O2 + O2,156063.45857636316,2047681064.6764503,7.621472956337682e-05,0.007621472956337682
1pc_10x,28.5,14.323259840323681,O + O3 -> O2 + O2,195955.8909245124,1877749011.2026327,8.912900517819795e-05,0.008912900517819795
1pc_10x,31.5,8.56301050207888,O + O3 -> O2 + O2,150219.04054658688,1685411390.447476,8.912900517819795e-05,0.008912900517819795
1pc_10x,34.5,5.0179398093098815,O + O3 -> O2 + O2,85039.26377343206,1330742760.0274003,6.390360806598045e-05,0.006390360806598045
1pc_10x,37.5,2.8844773210271577,O + O3 -> O2 + O2,37677.559734997965,728106266.8359394,5.17473361391733e-05,0.00517473361391733
1pc_10x,40.5,1.6460361809925044,O + O3 -> O2 + O2,14581.570768163405,281949629.3204972,5.17473361391733e-05,0.00517473361391733
1pc_10x,43.5,0.9403467714527588,O + O3 -> O2 + O2,4972.482475885045,95084332.26057114,5.171693540901333e-05,0.005171693540901333
1pc_10x,46.5,0.5372336475389682,O + O3 -> O2 + O2,1375.653063722631,29416929.08911596,4.6763992922415965e-05,0.004676399292241597
1pc_10x,49.5,0.3063518599900032,O + O3 -> O2 + O2,321.9612281238714,8525941.088995837,3.776254430603756e-05,0.003776254430603756
1pc_10x,52.5,0.17413430345181927,O + O3 -> O2 + O2,72.0308329078518,2441274.267577097,3.363398426416977e-05,0.003363398426416977
1pc_10x,1.5,899.9794817279375,O1D + O3 -> O2 + O2,1.1661560109925768,252125573.93960658,5.14629198585638e-09,5.14629198585638e-07
1pc_10x,4.5,623.4141985658622,O1D + O3 -> O2 + O2,1.0873533146866374,191864923.48677945,5.667285582617513e-09,5.667285582617512e-07
1pc_10x,7.5,421.51171172741425,O1D + O3 -> O2 + O2,4.793239902901812,331902674.99871963,1.4441703137584843e-08,1.4441703137584842e-06
1pc_10x,10.5,276.4638852861147,O1D + O3 -> O2 + O2,20.000655152662013,568508589.6262059,3.518091989746792e-08,3.5180919897467924e-06
1pc_10x,13.5,174.09344106316553,O1D + O3 -> O2 + O2,249.16813062044673,1559640146.4845343,1.5976001334800056e-07,1.5976001334800056e-05
1pc_10x,16.5,107.30903360096512,O1D + O3 -> O2 + O2,1206.1788983788538,2771364535.3210692,4.352292464618391e-07,4.352292464618391e-05
1pc_10x,19.5,65.11508100346333,O1D + O3 -> O2 + O2,2200.84528673262,2745233471.3204145,8.01696944804497e-07,8.01696944804497e-05
1pc_10x,22.5,39.25878331466844,O1D + O3 -> O2 + O2,3005.0184659010265,2336984973.935912,1.2858527116843303e-06,0.00012858527116843302
1pc_10x,25.5,23.71414662423464,O1D + O3 -> O2 + O2,3869.666137783578,2047681064.6764503,1.88977971449622e-06,0.000188977971449622
1pc_10x,28.5,14.323259840323681,O1D + O3 -> O2 + O2,4353.851521319996,1877749011.2026327,2.1588801581086472e-06,0.00021588801581086473
1pc_10x,31.5,8.56301050207888,O1D + O3 -> O2 + O2,3638.601209087362,1685411390.447476,2.1588801581086472e-06,0.00021588801581086473
1pc_10x,34.5,5.0179398093098815,O1D + O3 -> O2 + O2,2350.064383906527,1330742760.0274003,1.7659794623704274e-06,0.00017659794623704273
1pc_10x,37.5,2.8844773210271577,O1D + O3 -> O2 + O2,907.6658541335795,728106266.8359394,1.2466117865980398e-06,0.00012466117865980397
1pc_10x,40.5,1.6460361809925044,O1D + O3 -> O2 + O2,212.68749787392093,281949629.3204972,7.543457261727953e-07,7.543457261727953e-05
1pc_10x,43.5,0.9403467714527588,O1D + O3 -> O2 + O2,40.82734978778615,95084332.26057114,4.293804122839292e-07,4.293804122839292e-05
1pc_10x,46.5,0.5372336475389682,O1D + O3 -> O2 + O2,6.725740935363472,29416929.08911596,2.2863504599642067e-07,2.2863504599642067e-05
1pc_10x,49.5,0.3063518599900032,O1D + O3 -> O2 + O2,0.9679008225724699,8525941.088995837,1.1352422125244438e-07,1.1352422125244438e-05
1pc_10x,52.5,0.17413430345181927,O1D + O3 -> O2 + O2,0.133647691192755,2441274.267577097,8.413463754131497e-08,8.413463754131497e-06
1pc_10x,1.5,899.9794817279375,O3 + M -> O + O2 + M,36422.85413683651,252125573.93960658,7.557039997124225e-05,0.007557039997124225
1pc_10x,4.5,623.4141985658622,O3 + M -> O + O2 + M,1281.207152979498,191864923.48677945,6.677651806781557e-06,0.0006677651806781557
1pc_10x,7.5,421.51171172741425,O3 + M -> O + O2 + M,46.307496468053216,331902674.99871963,1.3952131138512774e-07,1.3952131138512773e-05
1pc_10x,10.5,276.4638852861147,O3 + M -> O + O2 + M,0.6063889300419194,568508589.6262059,1.0666310784162818e-09,1.0666310784162817e-07
1pc_10x,13.5,174.09344106316553,O3 + M -> O + O2 + M,0.01882172557674324,1559640146.4845343,1.2067992491196034e-11,1.2067992491196033e-09
1pc_10x,16.5,107.30903360096512,O3 + M -> O + O2 + M,0.0018924980945698628,2771364535.3210692,6.828759156184454e-13,6.828759156184455e-11
1pc_10x,19.5,65.11508100346333,O3 + M -> O + O2 + M,0.0002444363555816364,2745233471.3204145,8.904027950091485e-14,8.904027950091484e-12
1pc_10x,22.5,39.25878331466844,O3 + M -> O + O2 + M,8.064168179543183e-05,2336984973.935912,3.450671814103127e-14,3.450671814103127e-12
1pc_10x,25.5,23.71414662423464,O3 + M -> O + O2 + M,4.4576180156456425e-05,2047681064.6764503,2.1769103072455188e-14,2.176910307245519e-12
1pc_10x,28.5,14.323259840323681,O3 + M -> O + O2 + M,9.736897229535297e-06,1877749011.2026327,5.18540932331481e-15,5.185409323314811e-13
1pc_10x,31.5,8.56301050207888,O3 + M -> O + O2 + M,5.103121799608793e-07,1685411390.447476,3.0278196934778736e-16,3.0278196934778736e-14
1pc_10x,34.5,5.0179398093098815,O3 + M -> O + O2 + M,9.057386893952195e-09,1330742760.0274003,6.806264265353359e-18,6.8062642653533595e-16
1pc_10x,37.5,2.8844773210271577,O3 + M -> O + O2 + M,2.961354963301383e-10,728106266.8359394,4.067201586068274e-19,4.067201586068274e-17
1pc_10x,40.5,1.6460361809925044,O3 + M -> O + O2 + M,4.4619119076690014e-11,281949629.3204972,1.5825209341194296e-19,1.5825209341194296e-17
1pc_10x,43.5,0.9403467714527588,O3 + M -> O + O2 + M,9.211150142989301e-12,95084332.26057114,9.687347982574951e-20,9.68734798257495e-18
1pc_10x,46.5,0.5372336475389682,O3 + M -> O + O2 + M,1.3530920341937827e-12,29416929.08911596,4.599705258474504e-20,4.5997052584745035e-18
1pc_10x,49.5,0.3063518599900032,O3 + M -> O + O2 + M,1.5289697373412483e-13,8525941.088995837,1.793314921345916e-20,1.793314921345916e-18
1pc_10x,52.5,0.17413430345181927,O3 + M -> O + O2 + M,1.5131186512718103e-14,2441274.267577097,1.2065609138342332e-20,1.2065609138342332e-18
1pc_10x,1.5,899.9794817279375,O3 + hv -> O + O2,226643956.0154611,252125573.93960658,0.8868850111995692,88.68850111995692
1pc_10x,4.5,623.4141985658622,O3 + hv -> O + O2,167850570.74063164,191864923.48677945,0.8748371911356557,87.48371911356557
1pc_10x,7.5,421.51171172741425,O3 + hv -> O + O2,285216856.37468266,331902674.99871963,0.8593388299018166,85.93388299018166
1pc_10x,10.5,276.4638852861147,O3 + hv -> O + O2,481636075.4022361,568508589.6262059,0.8471922574097105,84.71922574097105
1pc_10x,13.5,174.09344106316553,O3 + hv -> O + O2,1296569540.595774,1559640146.4845343,0.8313260873146106,83.13260873146106
1pc_10x,16.5,107.30903360096512,O3 + hv -> O + O2,2208849859.491851,2771364535.3210692,0.7970260971950953,79.70260971950952
1pc_10x,19.5,65.11508100346333,O3 + hv -> O + O2,1993399473.4502254,2745233471.3204145,0.7261311266511082,72.61311266511082
1pc_10x,22.5,39.25878331466844,O3 + hv -> O + O2,1450890359.871698,2336984973.935912,0.6208385488367655,62.08385488367655
1pc_10x,25.5,23.71414662423464,O3 + hv -> O + O2,1013748529.5530219,2047681064.6764503,0.4950714967485438,49.507149674854375
1pc_10x,28.5,14.323259840323681,O3 + hv -> O + O2,671588097.1559091,1877749011.2026327,0.35765594504335824,35.76559450433582
1pc_10x,31.5,8.56301050207888,O3 + hv -> O + O2,409220028.4813399,1685411390.447476,0.2428012714288659,24.28012714288659
1pc_10x,34.5,5.0179398093098815,O3 + hv -> O + O2,247162172.29090816,1330742760.0274003,0.18573249444980564,18.573249444980565
1pc_10x,37.5,2.8844773210271577,O3 + hv -> O + O2,119225133.89311129,728106266.8359394,0.1637468860297225,16.374688602972252
1pc_10x,40.5,1.6460361809925044,O3 + hv -> O + O2,43996854.75515949,281949629.3204972,0.15604508812865817,15.604508812865816
1pc_10x,43.5,0.9403467714527588,O3 + hv -> O + O2,14587666.58895604,95084332.26057114,0.15341819458730263,15.341819458730264
1pc_10x,46.5,0.5372336475389682,O3 + hv -> O + O2,4478202.82319819,29416929.08911596,0.15223216569043882,15.223216569043881
1pc_10x,49.5,0.3063518599900032,O3 + hv -> O + O2,1286849.8773866203,8525941.088995837,0.15093347044674246,15.093347044674246
1pc_10x,52.5,0.17413430345181927,O3 + hv -> O + O2,361683.75282176374,2441274.267577097,0.14954357239511715,14.954357239511715
1pc_10x,1.5,899.9794817279375,O3 + hv -> O1D + O2,25240596.34490013,252125573.93960658,0.11256294488596669,11.25629448859667
1pc_10x,4.5,623.4141985658622,O3 + hv -> O1D + O2,23985931.91904621,191864923.48677945,0.1250146795107078,12.50146795107078
1pc_10x,7.5,421.51171172741425,O3 + hv -> O1D + O2,46643859.10373092,331902674.99871963,0.14053474894081783,14.053474894081782
1pc_10x,10.5,276.4638852861147,O3 + hv -> O1D + O2,86783561.64949264,568508589.6262059,0.15265127604589543,15.265127604589543
1pc_10x,13.5,174.09344106316553,O3 + hv -> O1D + O2,262214022.6283921,1559640146.4845343,0.1681246941606554,16.81246941606554
1pc_10x,16.5,107.30903360096512,O3 + hv -> O1D + O2,559837522.8341612,2771364535.3210692,0.20200789744511277,20.200789744511276
1pc_10x,19.5,65.11508100346333,O3 + hv -> O1D + O2,748436077.8382944,2745233471.3204145,0.272631120688729,27.263112068872903
1pc_10x,22.5,39.25878331466844,O3 + hv -> O1D + O2,883629017.2965178,2336984973.935912,0.37810641794941635,37.81064179494164
1pc_10x,25.5,23.71414662423464,O3 + hv -> O1D + O2,1032415864.3052833,2047681064.6764503,0.5041878259827602,50.418782598276024
1pc_10x,28.5,14.323259840323681,O3 + hv -> O1D + O2,1205015709.7285655,1877749011.2026327,0.6417341734914801,64.17341734914801
1pc_10x,31.5,8.56301050207888,O3 + hv -> O1D + O2,1275372126.1704533,1685411390.447476,0.7567126538950485,75.67126538950485
1pc_10x,34.5,5.0179398093098815,O3 + hv -> O1D + O2,1083145594.4299936,1330742760.0274003,0.8139406254652037,81.39406254652037
1pc_10x,37.5,2.8844773210271577,O3 + hv -> O1D + O2,608638274.2576714,728106266.8359394,0.8359195655636525,83.59195655636526
1pc_10x,40.5,1.6460361809925044,O3 + hv -> O1D + O2,237783598.28441876,281949629.3204972,0.8433548888057798,84.33548888057798
1pc_10x,43.5,0.9403467714527588,O3 + hv -> O1D + O2,80359321.55333292,95084332.26057114,0.8438718801449823,84.38718801449822
1pc_10x,46.5,0.5372336475389682,O3 + hv -> O1D + O2,24824119.258523904,29416929.08911596,0.8438718801449823,84.38718801449822
1pc_10x,49.5,0.3063518599900032,O3 + hv -> O1D + O2,7148055.0523299,8525941.088995837,0.8383889799045959,83.8388979904596
1pc_10x,52.5,0.17413430345181927,O3 + hv -> O1D + O2,2010475.2226626659,2441274.267577097,0.8309620757094713,83.09620757094713
1pc_10x,1.5,899.9794817279375,OH + O3 -> HO2 + O2,37095.044459258315,252125573.93960658,0.00013892126581036902,0.013892126581036902
1pc_10x,4.5,623.4141985658622,OH + O3 -> HO2 + O2,25079.295405611272,191864923.48677945,0.0001307132901097442,0.013071329010974419
1pc_10x,7.5,421.51171172741425,OH + O3 -> HO2 + O2,36851.68774524383,331902674.99871963,0.00011103160812242923,0.011103160812242923
1pc_10x,10.5,276.4638852861147,OH + O3 -> HO2 + O2,41487.878409380144,568508589.6262059,7.29766958079884e-05,0.00729766958079884
1pc_10x,13.5,174.09344106316553,OH + O3 -> HO2 + O2,97902.46070382876,1559640146.4845343,7.29766958079884e-05,0.00729766958079884
1pc_10x,16.5,107.30903360096512,OH + O3 -> HO2 + O2,251898.97969926143,2771364535.3210692,9.08934845953343e-05,0.009089348459533431
1pc_10x,19.5,65.11508100346333,OH + O3 -> HO2 + O2,343031.4604917036,2745233471.3204145,0.0001249552958155908,0.01249552958155908
1pc_10x,22.5,39.25878331466844,OH + O3 -> HO2 + O2,433320.8203335127,2336984973.935912,0.00018541874473575274,0.018541874473575273
1pc_10x,25.5,23.71414662423464,OH + O3 -> HO2 + O2,597902.5905128461,2047681064.6764503,0.00029199009593191676,0.029199009593191678
1pc_10x,28.5,14.323259840323681,OH + O3 -> HO2 + O2,721924.5030320503,1877749011.2026327,0.000320164893283146,0.0320164893283146
1pc_10x,31.5,8.56301050207888,OH + O3 -> HO2 + O2,539609.5579608149,1685411390.447476,0.000320164893283146,0.0320164893283146
1pc_10x,34.5,5.0179398093098815,OH + O3 -> HO2 + O2,207677.87087052033,1330742760.0274003,0.0001560616199529383,0.01560616199529383
1pc_10x,37.5,2.8844773210271577,OH + O3 -> HO2 + O2,58684.65837243082,728106266.8359394,8.059902935247492e-05,0.008059902935247493
1pc_10x,40.5,1.6460361809925044,OH + O3 -> HO2 + O2,16020.671561107738,281949629.3204972,5.6821041402742024e-05,0.005682104140274202
1pc_10x,43.5,0.9403467714527588,OH + O3 -> HO2 + O2,4644.117037732408,95084332.26057114,4.884208499256818e-05,0.0048842084992568174
1pc_10x,46.5,0.5372336475389682,OH + O3 -> HO2 + O2,1417.9675513091433,29416929.08911596,4.884208499256818e-05,0.0048842084992568174
1pc_10x,49.5,0.3063518599900032,OH + O3 -> HO2 + O2,427.04609806536024,8525941.088995837,4.98565761647293e-05,0.00498565761647293
1pc_10x,52.5,0.17413430345181927,OH + O3 -> HO2 + O2,121.71357646045126,2441274.267577097,4.9972215410019725e-05,0.004997221541001973
1pc_10x,1.5,899.9794817279375,S + O3 -> SO + O2,0.004922993654267312,252125573.93960658,4.700703039465699e-11,4.700703039465698e-09
1pc_10x,4.5,623.4141985658622,S + O3 -> SO + O2,0.014291653924097834,191864923.48677945,7.448810165179883e-11,7.4488101651798835e-09
1pc_10x,7.5,421.51171172741425,S + O3 -> SO + O2,0.047241464091979296,331902674.99871963,1.42335291790467e-10,1.42335291790467e-08
1pc_10x,10.5,276.4638852861147,S + O3 -> SO + O2,0.12597492185386777,568508589.6262059,2.2158842302927421e-10,2.215884230292742e-08
1pc_10x,13.5,174.09344106316553,S + O3 -> SO + O2,0.3899387316739342,1559640146.4845343,2.2158842302927421e-10,2.215884230292742e-08
1pc_10x,16.5,107.30903360096512,S + O3 -> SO + O2,0.41778809415859747,2771364535.3210692,1.5075176463936228e-10,1.5075176463936228e-08
1pc_10x,19.5,65.11508100346333,S + O3 -> SO + O2,0.11863341459989243,2745233471.3204145,4.321432615450066e-11,4.321432615450066e-09
1pc_10x,22.5,39.25878331466844,S + O3 -> SO + O2,0.010693748452076834,2336984973.935912,4.575873859414079e-12,4.5758738594140795e-10
1pc_10x,25.5,23.71414662423464,S + O3 -> SO + O2,0.000364321554071981,2047681064.6764503,1.7791909118891356e-13,1.7791909118891355e-11
1pc_10x,28.5,14.323259840323681,S + O3 -> SO + O2,4.5785720965437995e-06,1877749011.2026327,2.438330186424321e-15,2.438330186424321e-13
1pc_10x,31.5,8.56301050207888,S + O3 -> SO + O2,1.922102402020287e-08,1685411390.447476,1.1404351560184778e-17,1.1404351560184777e-15
1pc_10x,34.5,5.0179398093098815,S + O3 -> SO + O2,4.963746640294445e-11,1330742760.0274003,3.73005722021906e-20,3.7300572202190606e-18
1pc_10x,37.5,2.8844773210271577,S + O3 -> SO + O2,6.001746441409445e-13,728106266.8359394,2.809411052009514e-20,2.809411052009514e-18
1pc_10x,40.5,1.6460361809925044,S + O3 -> SO + O2,7.921124047229906e-12,281949629.3204972,2.809411052009514e-20,2.809411052009514e-18
1pc_10x,43.5,0.9403467714527588,S + O3 -> SO + O2,3.8858670879452866e-11,95084332.26057114,4.0867585600710464e-19,4.0867585600710463e-17
1pc_10x,46.5,0.5372336475389682,S + O3 -> SO + O2,7.844151631310079e-11,29416929.08911596,2.6665433388872515e-18,2.6665433388872515e-16
1pc_10x,49.5,0.3063518599900032,S + O3 -> SO + O2,9.011124997104212e-11,8525941.088995837,1.0569067863645676e-17,1.0569067863645677e-15
1pc_10x,52.5,0.17413430345181927,S + O3 -> SO + O2,7.357375855054592e-11,2441274.267577097,2.0353254298003983e-17,2.0353254298003984e-15
1pc_10x,1.5,899.9794817279375,SO + O3 -> SO2 + O2,137.0256309560014,252125573.93960658,6.237918988718947e-07,6.237918988718948e-05
1pc_10x,4.5,623.4141985658622,SO + O3 -> SO2 + O2,135.09249859747777,191864923.48677945,7.041021159179541e-07,7.041021159179541e-05
1pc_10x,7.5,421.51171172741425,SO + O3 -> SO2 + O2,414.5119026298431,331902674.99871963,1.248895938037987e-06,0.0001248895938037987
1pc_10x,10.5,276.4638852861147,SO + O3 -> SO2 + O2,828.7795619526826,568508589.6262059,1.248895938037987e-06,0.0001248895938037987
1pc_10x,13.5,174.09344106316553,SO + O3 -> SO2 + O2,809.8890600558673,1559640146.4845343,5.19279438838104e-07,5.192794388381039e-05
1pc_10x,16.5,107.30903360096512,SO + O3 -> SO2 + O2,347.7028707466384,2771364535.3210692,1.254626976405167e-07,1.2546269764051671e-05
1pc_10x,19.5,65.11508100346333,SO + O3 -> SO2 + O2,73.46279215419878,2745233471.3204145,2.6760125476272997e-08,2.6760125476272997e-06
1pc_10x,22.5,39.25878331466844,SO + O3 -> SO2 + O2,6.2360331821002335,2336984973.935912,2.668409618226003e-09,2.668409618226003e-07
1pc_10x,25.5,23.71414662423464,SO + O3 -> SO2 + O2,0.19859551048273913,2047681064.6764503,9.698556767878243e-11,9.698556767878243e-09
1pc_10x,28.5,14.323259840323681,SO + O3 -> SO2 + O2,0.001986463172629681,1877749011.2026327,1.0578960024893959e-12,1.0578960024893958e-10
1pc_10x,31.5,8.56301050207888,SO + O3 -> SO2 + O2,4.798720512408335e-06,1685411390.447476,2.847210206129126e-15,2.8472102061291263e-13
1pc_10x,34.5,5.0179398093098815,SO + O3 -> SO2 + O2,7.082907548053238e-09,1330742760.0274003,5.3225219484999485e-18,5.322521948499949e-16
1pc_10x,37.5,2.8844773210271577,SO + O3 -> SO2 + O2,6.289051983356465e-11,728106266.8359394,2.0860051752448432e-18,2.0860051752448433e-16
1pc_10x,40.5,1.6460361809925044,SO + O3 -> SO2 + O2,5.881483859209223e-10,281949629.3204972,2.0860051752448432e-18,2.0860051752448433e-16
1pc_10x,43.5,0.9403467714527588,SO + O3 -> SO2 + O2,1.886097773154556e-09,95084332.26057114,1.983605214774873e-17,1.983605214774873e-15
1pc_10x,46.5,0.5372336475389682,SO + O3 -> SO2 + O2,2.175042127786965e-09,29416929.08911596,7.393844956412238e-17,7.393844956412238e-15
1pc_10x,49.5,0.3063518599900032,SO + O3 -> SO2 + O2,1.3120207054132304e-09,8525941.088995837,1.5388573433924076e-16,1.5388573433924076e-14
1pc_10x,52.5,0.17413430345181927,SO + O3 -> SO2 + O2,5.630470006107024e-10,2441274.267577097,1.922611269998672e-16,1.9226112699986722e-14
1pc_10x,1.5,899.9794817279375,SO2 + O3 -> SO3 + O2,0.059791628418264964,252125573.93960658,1.3232130480593822e-10,1.3232130480593823e-08
1pc_10x,4.5,623.4141985658622,SO2 + O3 -> SO3 + O2,0.005274830487133884,191864923.48677945,2.7492417015439242e-11,2.749241701543924e-09
1pc_10x,7.5,421.51171172741425,SO2 + O3 -> SO3 + O2,0.0003900416122679018,331902674.99871963,1.1751686311940885e-12,1.1751686311940885e-10
1pc_10x,10.5,276.4638852861147,SO2 + O3 -> SO3 + O2,2.0607787807752327e-05,568508589.6262059,3.624885917959821e-14,3.624885917959821e-12
1pc_10x,13.5,174.09344106316553,SO2 + O3 -> SO3 + O2,2.4346774423376683e-06,1559640146.4845343,1.5610507640659858e-15,1.5610507640659858e-13
1pc_10x,16.5,107.30903360096512,SO2 + O3 -> SO3 + O2,2.650908811934817e-07,2771364535.3210692,9.565355903739683e-17,9.565355903739682e-15
1pc_10x,19.5,65.11508100346333,SO2 + O3 -> SO3 + O2,1.2168048833321961e-08,2745233471.3204145,4.432427682542177e-18,4.432427682542177e-16
1pc_10x,22.5,39.25878331466844,SO2 + O3 -> SO3 + O2,3.439022688841655e-10,2336984973.935912,1.471563885603299e-19,1.471563885603299e-17
1pc_10x,25.5,23.71414662423464,SO2 + O3 -> SO3 + O2,6.208202643349261e-12,2047681064.6764503,3.0318210928664352e-21,3.0318210928664353e-19
1pc_10x,28.5,14.323259840323681,SO2 + O3 -> SO3 + O2,2.919256993795267e-14,1877749011.2026327,1.5546577185656909e-23,1.5546577185656908e-21
1pc_10x,31.5,8.56301050207888,SO2 + O3 -> SO3 + O2,2.278651489009572e-17,1685411390.447476,1.3519853383716548e-26,1.351985338371655e-24
1pc_10x,34.5,5.0179398093098815,SO2 + O3 -> SO3 + O2,7.448731954313663e-21,1330742760.0274003,5.5974243693501604e-30,5.597424369350161e-28
1pc_10x,37.5,2.8844773210271577,SO2 + O3 -> SO3 + O2,1.511021660495825e-23,728106266.8359394,3.699830161107801e-31,3.699830161107801e-29
1pc_10x,40.5,1.6460361809925044,SO2 + O3 -> SO3 + O2,1.0431657424731399e-22,281949629.3204972,3.699830161107801e-31,3.699830161107801e-29
1pc_10x,43.5,0.9403467714527588,SO2 + O3 -> SO3 + O2,3.0098065276945924e-22,95084332.26057114,3.165407440046436e-30,3.165407440046436e-28
1pc_10x,46.5,0.5372336475389682,SO2 + O3 -> SO3 + O2,3.155422055006712e-22,29416929.08911596,1.0726551522246401e-29,1.0726551522246402e-27
1pc_10x,49.5,0.3063518599900032,SO2 + O3 -> SO3 + O2,1.6869787351652e-22,8525941.088995837,1.9786422607851823e-29,1.978642260785182e-27
1pc_10x,52.5,0.17413430345181927,SO2 + O3 -> SO3 + O2,6.044103624737647e-23,2441274.267577097,2.2272204735778752e-29,2.227220473577875e-27
1pc_10x,1.5,899.9794817279375,rainout,1.318788568492526,252125573.93960658,2.924206228160521e-09,2.924206228160521e-07
1pc_10x,4.5,623.4141985658622,rainout,0.11852090783726554,191864923.48677945,6.177309832530816e-10,6.177309832530817e-08
1pc_10x,7.5,421.51171172741425,rainout,0.09628261036865152,331902674.99871963,2.9009290259267404e-10,2.9009290259267403e-08
1pc_10x,10.5,276.4638852861147,rainout,0.010881384239673561,568508589.6262059,1.5461656548478585e-10,1.5461656548478585e-08
1pc_1x,1.5,899.9741694567975,CH3 + O3 -> H2CO + HO2,264.9174875741644,231769434.62984002,9.903756352761206e-07,9.903756352761206e-05
1pc_1x,4.5,623.4081530949798,CH3 + O3 -> H2CO + HO2,243.7066675702776,290913284.07445025,8.377295947334891e-07,8.377295947334891e-05
1pc_1x,7.5,421.5072635863928,CH3 + O3 -> H2CO + HO2,176.83051964263063,443705673.40550494,3.9853112150996614e-07,3.985311215099661e-05
1pc_1x,10.5,276.4609227726888,CH3 + O3 -> H2CO + HO2,80.44520713385718,616445169.7922372,1.3049856025470998e-07,1.3049856025470999e-05
1pc_1x,13.5,174.0913810089138,CH3 + O3 -> H2CO + HO2,117.43794352880565,1455609321.2452326,9.820580526678595e-08,9.820580526678596e-06
1pc_1x,16.5,107.30763351177977,CH3 + O3 -> H2CO + HO2,255.2314663713306,2598944794.332358,9.820580526678595e-08,9.820580526678596e-06
1pc_1x,19.5,65.11428273129799,CH3 + O3 -> H2CO + HO2,396.93190071864035,2612044942.802282,1.5196212523541025e-07,1.5196212523541025e-05
1pc_1x,22.5,39.2582647167398,CH3 + O3 -> H2CO + HO2,704.1120942243244,2295665499.6255083,3.06713715190295e-07,3.06713715190295e-05
1pc_1x,25.5,23.713835117655492,CH3 + O3 -> H2CO + HO2,1345.4904786677757,2125052077.6237178,6.331564731215125e-07,6.331564731215125e-05
1pc_1x,28.5,14.32302824101061,CH3 + O3 -> H2CO + HO2,1923.7586837655372,2054626699.98909,8.321534872877705e-07,8.321534872877705e-05
1pc_1x,31.5,8.562877460948824,CH3 + O3 -> H2CO + HO2,1610.7640311219589,1935657370.5794418,8.321534872877705e-07,8.321534872877705e-05
1pc_1x,34.5,5.0178733546576755,CH3 + O3 -> H2CO + HO2,634.1794432496445,1484632138.6434274,4.271626800623632e-07,4.271626800623632e-05
1pc_1x,37.5,2.884450286459081,CH3 + O3 -> H2CO + HO2,141.98295919668146,810679771.8643693,1.751406216417053e-07,1.751406216417053e-05
1pc_1x,40.5,1.6460156990319057,CH3 + O3 -> H2CO + HO2,21.764110173476176,310325116.4754455,7.013325386183578e-08,7.013325386183577e-06
1pc_1x,43.5,0.9403364397737514,CH3 + O3 -> H2CO + HO2,2.994819970331307,103394584.3561094,2.8964959712170345e-08,2.8964959712170344e-06
1pc_1x,46.5,0.5372262904699577,CH3 + O3 -> H2CO + HO2,0.7395739855813332,31341803.32667335,2.8964959712170345e-08,2.8964959712170344e-06
1pc_1x,49.5,0.30634787513171097,CH3 + O3 -> H2CO + HO2,0.4082281143062361,8829414.736882703,4.623501403790263e-08,4.623501403790263e-06
1pc_1x,52.5,0.1741320758703313,CH3 + O3 -> H2CO + HO2,0.16136547479242982,2551704.7720103343,5.473665758888573e-08,5.473665758888573e-06
1pc_1x,1.5,899.9741694567975,CS + O3 -> OCS + O2,9.438792164041506e-23,231769434.62984002,6.9201655988510285e-31,6.920165598851029e-29
1pc_1x,4.5,623.4081530949798,CS + O3 -> OCS + O2,2.8415941190286586e-22,290913284.07445025,6.652213405770449e-31,6.652213405770449e-29
1pc_1x,7.5,421.5072635863928,CS + O3 -> OCS + O2,2.9516248288445046e-22,443705673.40550494,6.652213405770449e-31,6.652213405770449e-29
1pc_1x,10.5,276.4609227726888,CS + O3 -> OCS + O2,1.5966898554838705e-22,616445169.7922372,2.590157135989903e-31,2.590157135989903e-29
1pc_1x,13.5,174.0913810089138,CS + O3 -> OCS + O2,1.8275189236134168e-22,1455609321.2452326,1.2696190377934446e-31,1.2696190377934447e-29
1pc_1x,16.5,107.30763351177977,CS + O3 -> OCS + O2,3.29966978905853e-22,2598944794.332358,1.2696190377934446e-31,1.2696190377934447e-29
1pc_1x,19.5,65.11428273129799,CS + O3 -> OCS + O2,4.008478118188944e-22,2612044942.802282,1.2696190377934446e-31,1.2696190377934447e-29
1pc_1x,22.5,39.2582647167398,CS + O3 -> OCS + O2,2.788693291446858e-22,2295665499.6255083,1.2147646475071292e-31,1.2147646475071292e-29
1pc_1x,25.5,23.713835117655492,CS + O3 -> OCS + O2,8.338318232679122e-23,2125052077.6237178,3.923818300962874e-32,3.9238183009628736e-30
1pc_1x,28.5,14.32302824101061,CS + O3 -> OCS + O2,7.430058311847201e-24,2054626699.98909,3.616257061142374e-33,3.616257061142374e-31
1pc_1x,31.5,8.562877460948824,CS + O3 -> OCS + O2,1.5266049358366821e-25,1935657370.5794418,7.886751855157563e-35,7.886751855157563e-33
1pc_1x,34.5,5.0178733546576755,CS + O3 -> OCS + O2,3.602968933630367e-27,1484632138.6434274,2.42684287901955e-36,2.42684287901955e-34
1pc_1x,37.5,2.884450286459081,CS + O3 -> OCS + O2,8.348109680944258e-28,810679771.8643693,2.42684287901955e-36,2.42684287901955e-34
1pc_1x,40.5,1.6460156990319057,CS + O3 -> OCS + O2,1.1612386889780822e-26,310325116.4754455,3.7420067771728853e-35,3.742006777172885e-33
1pc_1x,43.5,0.9403364397737514,CS + O3 -> OCS + O2,1.2262147722217538e-24,103394584.3561094,1.1859564791115668e-32,1.1859564791115667e-30
1pc_1x,46.5,0.5372262904699577,CS + O3 -> OCS + O2,2.906321136749996e-23,31341803.32667335,9.272986325826951e-31,9.272986325826951e-29
1pc_1x,49.5,0.30634787513171097,CS + O3 -> OCS + O2,1.6619105276372563e-22,8829414.736882703,1.8822431352046867e-29,1.8822431352046867e-27
1pc_1x,52.5,0.1741320758703313,CS + O3 -> OCS + O2,3.3577724299902106e-22,2551704.7720103343,7.520590452133261e-29,7.520590452133262e-27
1pc_1x,1.5,899.9741694567975,Cl + O3 -> ClO + O2,2.4406488386324003e-20,231769434.62984002,8.633516450317166e-29,8.633516450317166e-27
1pc_1x,4.5,623.4081530949798,Cl + O3 -> ClO + O2,1.9597458961356846e-20,290913284.07445025,6.736529417591492e-29,6.736529417591492e-27
1pc_1x,7.5,421.5072635863928,Cl + O3 -> ClO + O2,1.9279625782796878e-20,443705673.40550494,4.345138441621216e-29,4.345138441621216e-27
1pc_1x,10.5,276.4609227726888,Cl + O3 -> ClO + O2,1.6722036648181795e-20,616445169.7922372,2.7126559615703835e-29,2.7126559615703835e-27
1pc_1x,13.5,174.0913810089138,Cl + O3 -> ClO + O2,2.3314032982521622e-20,1455609321.2452326,1.6016682939744522e-29,1.6016682939744522e-27
1pc_1x,16.5,107.30763351177977,Cl + O3 -> ClO + O2,2.482317206735722e-20,2598944794.332358,9.551250231051575e-30,9.551250231051575e-28
1pc_1x,19.5,65.11428273129799,Cl + O3 -> ClO + O2,1.3830799019761336e-20,2612044942.802282,5.295008057910072e-30,5.295008057910072e-28
1pc_1x,22.5,39.2582647167398,Cl + O3 -> ClO + O2,6.265296603082293e-21,2295665499.6255083,2.7291853295283438e-30,2.729185329528344e-28
1pc_1x,25.5,23.713835117655492,Cl + O3 -> ClO + O2,2.7707912538046274e-21,2125052077.6237178,1.3038698124061929e-30,1.3038698124061929e-28
1pc_1x,28.5,14.32302824101061,Cl + O3 -> ClO + O2,1.1137428997535067e-21,2054626699.98909,5.42065816510328e-31,5.42065816510328e-29
1pc_1x,31.5,8.562877460948824,Cl + O3 -> ClO + O2,3.437510916330717e-22,1935657370.5794418,1.7758881135568394e-31,1.7758881135568395e-29
1pc_1x,34.5,5.0178733546576755,Cl + O3 -> ClO + O2,8.441979643800028e-23,1484632138.6434274,5.686243362287596e-32,5.686243362287597e-30
1pc_1x,37.5,2.884450286459081,Cl + O3 -> ClO + O2,1.8818289706435455e-23,810679771.8643693,2.3212975529360868e-32,2.3212975529360867e-30
1pc_1x,40.5,1.6460156990319057,Cl + O3 -> ClO + O2,3.565697369487927e-24,310325116.4754455,1.1490199085352032e-32,1.1490199085352031e-30
1pc_1x,43.5,0.9403364397737514,Cl + O3 -> ClO + O2,6.46273666745206e-25,103394584.3561094,6.250556262398853e-33,6.250556262398853e-31
1pc_1x,46.5,0.5372262904699577,Cl + O3 -> ClO + O2,1.1008930919720265e-25,31341803.32667335,3.512539085570468e-33,3.5125390855704675e-31
1pc_1x,49.5,0.30634787513171097,Cl + O3 -> ClO + O2,1.7440116389091405e-26,8829414.736882703,1.9752290393880376e-33,1.9752290393880376e-31
1pc_1x,52.5,0.1741320758703313,Cl + O3 -> ClO + O2,2.7944167125418422e-27,2551704.7720103343,1.535173301413953e-33,1.535173301413953e-31
1pc_1x,1.5,899.9741694567975,H + O3 -> OH + O2,99.34944520277038,231769434.62984002,4.227492646774327e-07,4.227492646774327e-05
1pc_1x,4.5,623.4081530949798,H + O3 -> OH + O2,121.26492066835905,290913284.07445025,4.1684215643217257e-07,4.1684215643217255e-05
1pc_1x,7.5,421.5072635863928,H + O3 -> OH + O2,133.5916550879098,443705673.40550494,3.0108169242591516e-07,3.0108169242591516e-05
1pc_1x,10.5,276.4609227726888,H + O3 -> OH + O2,98.80336570255542,616445169.7922372,1.6027924387152793e-07,1.6027924387152792e-05
1pc_1x,13.5,174.0913810089138,H + O3 -> OH + O2,153.54439541926635,1455609321.2452326,1.0548461951858997e-07,1.0548461951858996e-05
1pc_1x,16.5,107.30763351177977,H + O3 -> OH + O2,249.3184041697529,2598944794.332358,1.0548461951858997e-07,1.0548461951858996e-05
1pc_1x,19.5,65.11428273129799,H + O3 -> OH + O2,447.2700880448908,2612044942.802282,1.7123368771941794e-07,1.7123368771941794e-05
1pc_1x,22.5,39.2582647167398,H + O3 -> OH + O2,1204.291048826941,2295665499.6255083,5.24593434463077e-07,5.2459343446307696e-05
1pc_1x,25.5,23.713835117655492,H + O3 -> OH + O2,4649.430997077028,2125052077.6237178,2.1879139085740096e-06,0.00021879139085740094
1pc_1x,28.5,14.32302824101061,H + O3 -> OH + O2,22617.184710608188,2054626699.98909,1.1007928939465396e-05,0.0011007928939465396
1pc_1x,31.5,8.562877460948824,H + O3 -> OH + O2,84334.93029488606,1935657370.5794418,4.3569141717286604e-05,0.004356914171728661
1pc_1x,34.5,5.0178733546576755,H + O3 -> OH + O2,144700.13157070146,1484632138.6434274,9.746530996083665e-05,0.009746530996083665
1pc_1x,37.5,2.884450286459081,H + O3 -> OH + O2,157313.01884154062,810679771.8643693,0.00019405075135865097,0.019405075135865098
1pc_1x,40.5,1.6460156990319057,H + O3 -> OH + O2,149177.10140916085,310325116.4754455,0.0004807123029661845,0.048071230296618445
1pc_1x,43.5,0.9403364397737514,H + O3 -> OH + O2,136736.9727070133,103394584.3561094,0.0013224771254562694,0.13224771254562695
1pc_1x,46.5,0.5372262904699577,H + O3 -> OH + O2,118697.45015025913,31341803.32667335,0.003787192744242703,0.3787192744242703
1pc_1x,49.5,0.30634787513171097,H + O3 -> OH + O2,95709.49905158387,8829414.736882703,0.010839846343583912,1.0839846343583912
1pc_1x,52.5,0.1741320758703313,H + O3 -> OH + O2,75312.40694430894,2551704.7720103343,0.02017719599002924,2.017719599002924
1pc_1x,1.5,899.9741694567975,HS + O3 -> HSO + O2,1892.6231049832575,231769434.62984002,4.355436559112308e-06,0.0004355436559112308
1pc_1x,4.5,623.4081530949798,HS + O3 -> HSO + O2,158.5184825946675,290913284.07445025,5.448994297355619e-07,5.448994297355619e-05
1pc_1x,7.5,421.5072635863928,HS + O3 -> HSO + O2,23.30221303254658,443705673.40550494,5.2517275367922927e-08,5.251727536792293e-06
1pc_1x,10.5,276.4609227726888,HS + O3 -> HSO + O2,9.488507700121989,616445169.7922372,1.5392297912432237e-08,1.5392297912432238e-06
1pc_1x,13.5,174.0913810089138,HS + O3 -> HSO + O2,17.77654610226781,1455609321.2452326,1.2212443162331827e-08,1.2212443162331828e-06
1pc_1x,16.5,107.30763351177977,HS + O3 -> HSO + O2,13.02422255027593,2598944794.332358,5.011350213624571e-09,5.011350213624571e-07
1pc_1x,19.5,65.11428273129799,HS + O3 -> HSO + O2,3.2971969282065214,2612044942.802282,1.2623048226226872e-09,1.2623048226226873e-07
1pc_1x,22.5,39.2582647167398,HS + O3 -> HSO + O2,0.4334820926393106,2295665499.6255083,1.8882633062614064e-10,1.8882633062614065e-08
1pc_1x,25.5,23.713835117655492,HS + O3 -> HSO + O2,0.02407547614062034,2125052077.6237178,1.1329358180973189e-11,1.132935818097319e-09
1pc_1x,28.5,14.32302824101061,HS + O3 -> HSO + O2,0.00043007029257357,2054626699.98909,2.0931797127714423e-13,2.0931797127714424e-11
1pc_1x,31.5,8.562877460948824,HS + O3 -> HSO + O2,1.845335125269098e-06,1935657370.5794418,9.533376894675809e-16,9.533376894675809e-14
1pc_1x,34.5,5.0178733546576755,HS + O3 -> HSO + O2,2.0712005724489243e-09,1484632138.6434274,1.3950934501131506e-18,1.3950934501131507e-16
1pc_1x,37.5,2.884450286459081,HS + O3 -> HSO + O2,4.810848685065472e-12,810679771.8643693,4.835089553559702e-20,4.835089553559702e-18
1pc_1x,40.5,1.6460156990319057,HS + O3 -> HSO + O2,1.5004497288776243e-11,310325116.4754455,4.835089553559702e-20,4.835089553559702e-18
1pc_1x,43.5,0.9403364397737514,HS + O3 -> HSO + O2,4.01619387553433e-11,103394584.3561094,3.884336786636563e-19,3.8843367866365626e-17
1pc_1x,46.5,0.5372262904699577,HS + O3 -> HSO + O2,4.959361456305211e-11,31341803.32667335,1.5823471944527712e-18,1.5823471944527713e-16
1pc_1x,49.5,0.30634787513171097,HS + O3 -> HSO + O2,3.720546736693744e-11,8829414.736882703,4.213809009505554e-18,4.213809009505554e-16
1pc_1x,52.5,0.1741320758703313,HS + O3 -> HSO + O2,1.9324901424155347e-11,2551704.7720103343,5.893569332935549e-18,5.89356933293555e-16
1pc_1x,1.5,899.9741694567975,NO + O3 -> NO2 + O2,231945.52360412647,231769434.62984002,0.0005044609916220035,0.050446099162200345
1pc_1x,4.5,623.4081530949798,NO + O3 -> NO2 + O2,2374.499384361117,290913284.07445025,3.799138936128181e-05,0.003799138936128181
1pc_1x,7.5,421.5072635863928,NO + O3 -> NO2 + O2,16856.995000158284,443705673.40550494,3.799138936128181e-05,0.003799138936128181
1pc_1x,10.5,276.4609227726888,NO + O3 -> NO2 + O2,78614.00882274778,616445169.7922372,0.0001275279824955776,0.012752798249557759
1pc_1x,13.5,174.0913810089138,NO + O3 -> NO2 + O2,711753.7517762606,1455609321.2452326,0.0004889730653602681,0.04889730653602681
1pc_1x,16.5,107.30763351177977,NO + O3 -> NO2 + O2,2562764.8025803925,2598944794.332358,0.0009860789687295918,0.09860789687295918
1pc_1x,19.5,65.11428273129799,NO + O3 -> NO2 + O2,3348564.6689399155,2612044942.802282,0.0009860789687295918,0.09860789687295918
1pc_1x,22.5,39.2582647167398,NO + O3 -> NO2 + O2,2174792.374496418,2295665499.6255083,0.0009473472397660686,0.09473472397660686
1pc_1x,25.5,23.713835117655492,NO + O3 -> NO2 + O2,876031.8099280999,2125052077.6237178,0.0004122401606777086,0.04122401606777086
1pc_1x,28.5,14.32302824101061,NO + O3 -> NO2 + O2,222014.1682409471,2054626699.98909,0.00010805572041000245,0.010805572041000246
1pc_1x,31.5,8.562877460948824,NO + O3 -> NO2 + O2,38064.17170829014,1935657370.5794418,1.9664725941087174e-05,0.0019664725941087174
1pc_1x,34.5,5.0178733546576755,NO + O3 -> NO2 + O2,5375.224128506914,1484632138.6434274,3.620576430076806e-06,0.00036205764300768057
1pc_1x,37.5,2.884450286459081,NO + O3 -> NO2 + O2,816.5275564796514,810679771.8643693,1.007213433489075e-06,0.00010072134334890749
1pc_1x,40.5,1.6460156990319057,NO + O3 -> NO2 + O2,146.61605190437857,310325116.4754455,4.724595081751289e-07,4.7245950817512885e-05
1pc_1x,43.5,0.9403364397737514,NO + O3 -> NO2 + O2,33.386081158640785,103394584.3561094,3.228997085926006e-07,3.228997085926006e-05
1pc_1x,46.5,0.5372262904699577,NO + O3 -> NO2 + O2,8.495490066223686,31341803.32667335,2.710593892022041e-07,2.7105938920220407e-05
1pc_1x,49.5,0.30634787513171097,NO + O3 -> NO2 + O2,2.1780253316027602,8829414.736882703,2.466783355984623e-07,2.466783355984623e-05
1pc_1x,52.5,0.1741320758703313,NO + O3 -> NO2 + O2,0.5765161829581065,2551704.7720103343,2.3630603396688428e-07,2.3630603396688428e-05
1pc_1x,1.5,899.9741694567975,NO2 + O3 -> NO3 + O2,2215.0451790709667,231769434.62984002,4.885304842058963e-06,0.0004885304842058963
1pc_1x,4.5,623.4081530949798,NO2 + O3 -> NO3 + O2,62.11090132012517,290913284.07445025,2.1350314585232145e-07,2.1350314585232146e-05
1pc_1x,7.5,421.5072635863928,NO2 + O3 -> NO3 + O2,55.280484063987025,443705673.40550494,1.2458818396371034e-07,1.2458818396371034e-05
1pc_1x,10.5,276.4609227726888,NO2 + O3 -> NO3 + O2,47.04372634761864,616445169.7922372,1.2458818396371034e-07,1.2458818396371034e-05
1pc_1x,13.5,174.0913810089138,NO2 + O3 -> NO3 + O2,327.07840869393476,1455609321.2452326,2.2470205701494713e-07,2.2470205701494714e-05
1pc_1x,16.5,107.30763351177977,NO2 + O3 -> NO3 + O2,1050.4538547526804,2598944794.332358,3.407299973671198e-07,3.407299973671198e-05
1pc_1x,19.5,65.11428273129799,NO2 + O3 -> NO3 + O2,890.00206648382,2612044942.802282,3.407299973671198e-07,3.407299973671198e-05
1pc_1x,22.5,39.2582647167398,NO2 + O3 -> NO3 + O2,368.72147218304735,2295665499.6255083,1.6061637561883335e-07,1.6061637561883334e-05
1pc_1x,25.5,23.713835117655492,NO2 + O3 -> NO3 + O2,90.20380494661191,2125052077.6237178,4.2447809113214714e-08,4.244780911321471e-06
1pc_1x,28.5,14.32302824101061,NO2 + O3 -> NO3 + O2,9.2173342495568,2054626699.98909,4.486135729476183e-09,4.486135729476183e-07
1pc_1x,31.5,8.562877460948824,NO2 + O3 -> NO3 + O2,0.35760251616974037,1935657370.5794418,1.847447392317637e-10,1.847447392317637e-08
1pc_1x,34.5,5.0178733546576755,NO2 + O3 -> NO3 + O2,0.008997330611105275,1484632138.6434274,6.060309740651664e-12,6.060309740651664e-10
1pc_1x,37.5,2.884450286459081,NO2 + O3 -> NO3 + O2,0.00036921880596275984,810679771.8643693,4.55443467046976e-13,4.55443467046976e-11
1pc_1x,40.5,1.6460156990319057,NO2 + O3 -> NO3 + O2,2.9122220703526645e-05,310325116.4754455,9.384422709410613e-14,9.384422709410614e-12
1pc_1x,43.5,0.9403364397737514,NO2 + O3 -> NO3 + O2,3.64427655841341e-06,103394584.3561094,3.524630019171866e-14,3.5246300191718665e-12
1pc_1x,46.5,0.5372262904699577,NO2 + O3 -> NO3 + O2,6.032469998212136e-07,31341803.32667335,1.924736089795516e-14,1.924736089795516e-12
1pc_1x,49.5,0.30634787513171097,NO2 + O3 -> NO3 + O2,1.2496083115178825e-07,8829414.736882703,1.4152787571501787e-14,1.4152787571501788e-12
1pc_1x,52.5,0.1741320758703313,NO2 + O3 -> NO3 + O2,2.8733771769278685e-08,2551704.7720103343,1.2706702606046175e-14,1.2706702606046174e-12
1pc_1x,1.5,899.9741694567975,O + O3 -> O2 + O2,335.1476217927594,231769434.62984002,1.5935109679153556e-06,0.00015935109679153557
1pc_1x,4.5,623.4081530949798,O + O3 -> O2 + O2,506.47508809458725,290913284.07445025,1.7409830207855707e-06,0.00017409830207855707
1pc_1x,7.5,421.5072635863928,O + O3 -> O2 + O2,915.7370664287578,443705673.40550494,2.018671069052273e-06,0.00020186710690522732
1pc_1x,10.5,276.4609227726888,O + O3 -> O2 + O2,1244.4000299166055,616445169.7922372,2.0638389845240063e-06,0.00020638389845240065
1pc_1x,13.5,174.0913810089138,O + O3 -> O2 + O2,7586.223259576549,1455609321.2452326,5.21171659788957e-06,0.0005211716597889569
1pc_1x,16.5,107.30763351177977,O + O3 -> O2 + O2,30846.121929194287,2598944794.332358,1.18687099458449e-05,0.00118687099458449
1pc_1x,19.5,65.11428273129799,O + O3 -> O2 + O2,54032.83078308189,2612044942.802282,2.0686026452942198e-05,0.0020686026452942196
1pc_1x,22.5,39.2582647167398,O + O3 -> O2 + O2,95219.62961155415,2295665499.6255083,4.147800697753541e-05,0.004147800697753541
1pc_1x,25.5,23.713835117655492,O + O3 -> O2 + O2,189295.16707574722,2125052077.6237178,8.907789558146802e-05,0.008907789558146802
1pc_1x,28.5,14.32302824101061,O + O3 -> O2 + O2,276413.56212980143,2054626699.98909,0.00011815543944388109,0.011815543944388109
1pc_1x,31.5,8.562877460948824,O + O3 -> O2 + O2,228708.44723360133,1935657370.5794418,0.00011815543944388109,0.011815543944388109
1pc_1x,34.5,5.0178733546576755,O + O3 -> O2 + O2,112565.82564573707,1484632138.6434274,7.582068494663826e-05,0.0075820684946638255
1pc_1x,37.5,2.884450286459081,O + O3 -> O2 + O2,47571.86079416357,810679771.8643693,5.8681445430369736e-05,0.0058681445430369735
1pc_1x,40.5,1.6460156990319057,O + O3 -> O2 + O2,17708.378275707208,310325116.4754455,5.706395433547959e-05,0.005706395433547959
1pc_1x,43.5,0.9403364397737514,O + O3 -> O2 + O2,5869.128568970161,103394584.3561094,5.676437122427839e-05,0.005676437122427839
1pc_1x,46.5,0.5372262904699577,O + O3 -> O2 + O2,1557.9243017267563,31341803.32667335,4.970755146054054e-05,0.004970755146054054
1pc_1x,49.5,0.30634787513171097,O + O3 -> O2 + O2,344.1023448846712,8829414.736882703,3.897227111184035e-05,0.0038972271111840347
1pc_1x,52.5,0.1741320758703313,O + O3 -> O2 + O2,78.25920902924065,2551704.7720103343,3.482082667843294e-05,0.0034820826678432937
1pc_1x,1.5,899.9741694567975,O1D + O3 -> O2 + O2,0.9476194459186089,231769434.62984002,6.187526049828354e-09,6.187526049828354e-07
1pc_1x,4.5,623.4081530949798,O1D + O3 -> O2 + O2,2.4106302883194237,290913284.07445025,8.286422175559703e-09,8.286422175559702e-07
1pc_1x,7.5,421.5072635863928,O1D + O3 -> O2 + O2,7.992835237907238,443705673.40550494,1.8013822488590413e-08,1.8013822488590413e-06
1pc_1x,10.5,276.4609227726888,O1D + O3 -> O2 + O2,22.158124121005844,616445169.7922372,3.594500404386959e-08,3.594500404386959e-06
1pc_1x,13.5,174.0913810089138,O1D + O3 -> O2 + O2,208.3692119152654,1455609321.2452326,1.4314913271990551e-07,1.4314913271990551e-05
1pc_1x,16.5,107.30763351177977,O1D + O3 -> O2 + O2,1023.0398910965619,2598944794.332358,3.936366379645899e-07,3.936366379645899e-05
1pc_1x,19.5,65.11428273129799,O1D + O3 -> O2 + O2,1906.2598599184525,2612044942.802282,7.297959651005692e-07,7.297959651005692e-05
1pc_1x,22.5,39.2582647167398,O1D + O3 -> O2 + O2,2824.384168855876,2295665499.6255083,1.2303117197678048e-06,0.00012303117197678048
1pc_1x,25.5,23.713835117655492,O1D + O3 -> O2 + O2,4261.115598795551,2125052077.6237178,2.0051817287981143e-06,0.00020051817287981144
1pc_1x,28.5,14.32302824101061,O1D + O3 -> O2 + O2,5724.177919211838,2054626699.98909,2.78107043304432e-06,0.00027810704330443197
1pc_1x,31.5,8.562877460948824,O1D + O3 -> O2 + O2,5383.199481822798,1935657370.5794418,2.78107043304432e-06,0.00027810704330443197
1pc_1x,34.5,5.0178733546576755,O1D + O3 -> O2 + O2,3100.314676004424,1484632138.6434274,2.088271293141556e-06,0.0002088271293141556
1pc_1x,37.5,2.884450286459081,O1D + O3 -> O2 + O2,1150.3311035237032,810679771.8643693,1.418971020922623e-06,0.0001418971020922623
1pc_1x,40.5,1.6460156990319057,O1D + O3 -> O2 + O2,259.7336715308651,310325116.4754455,8.369727674022045e-07,8.369727674022044e-05
1pc_1x,43.5,0.9403364397737514,O1D + O3 -> O2 + O2,48.45267799831547,103394584.3561094,4.686191090186678e-07,4.686191090186678e-05
1pc_1x,46.5,0.5372262904699577,O1D + O3 -> O2 + O2,7.671180530850811,31341803.32667335,2.4475874763473725e-07,2.4475874763473726e-05
1pc_1x,49.5,0.30634787513171097,O1D + O3 -> O2 + O2,1.0420185694904804,8829414.736882703,1.1801672030850525e-07,1.1801672030850525e-05
1pc_1x,52.5,0.1741320758703313,O1D + O3 -> O2 + O2,0.1470472747037288,2551704.7720103343,8.782189617077994e-08,8.782189617077995e-06
1pc_1x,1.5,899.9741694567975,O3 + M -> O + O2 + M,30135.906620125068,231769434.62984002,6.82776634367914e-05,0.00682776634367914
1pc_1x,4.5,623.4081530949798,O3 + M -> O + O2 + M,1899.6510386849236,290913284.07445025,6.5299563226503145e-06,0.0006529956322650314
1pc_1x,7.5,421.5072635863928,O3 + M -> O + O2 + M,66.9289518316135,443705673.40550494,1.5084087457778972e-07,1.5084087457778973e-05
1pc_1x,10.5,276.4609227726888,O3 + M -> O + O2 + M,0.7027759587852874,616445169.7922372,1.1400461764055133e-09,1.1400461764055132e-07
1pc_1x,13.5,174.0913810089138,O3 + M -> O + O2 + M,0.0180131392394964,1455609321.2452326,1.237498206186717e-11,1.237498206186717e-09
1pc_1x,16.5,107.30763351177977,O3 + M -> O + O2 + M,0.0017969078386027575,2598944794.332358,6.913990025957302e-13,6.913990025957302e-11
1pc_1x,19.5,65.11428273129799,O3 + M -> O + O2 + M,0.00024012623523464468,2612044942.802282,9.193036126592443e-14,9.193036126592442e-12
1pc_1x,22.5,39.2582647167398,O3 + M -> O + O2 + M,8.481680769275653e-05,2295665499.6255083,3.6946501006611237e-14,3.694650100661124e-12
1pc_1x,25.5,23.713835117655492,O3 + M -> O + O2 + M,5.153839887868039e-05,2125052077.6237178,2.4252769812734103e-14,2.4252769812734103e-12
1pc_1x,28.5,14.32302824101061,O3 + M -> O + O2 + M,1.2392328196179724e-05,2054626699.98909,6.031425658123457e-15,6.031425658123457e-13
1pc_1x,31.5,8.562877460948824,O3 + M -> O + O2 + M,6.873683787018169e-07,1935657370.5794418,3.5510849654970304e-16,3.5510849654970305e-14
1pc_1x,34.5,5.0178733546576755,O3 + M -> O + O2 + M,1.094844298062165e-08,1484632138.6434274,7.374515676742466e-18,7.374515676742466e-16
1pc_1x,37.5,2.884450286459081,O3 + M -> O + O2 + M,3.383532255765853e-10,810679771.8643693,4.1736976463401067e-19,4.1736976463401065e-17
1pc_1x,40.5,1.6460156990319057,O3 + M -> O + O2 + M,4.9485973765459527e-11,310325116.4754455,1.5946493254397958e-19,1.594649325439796e-17
1pc_1x,43.5,0.9403364397737514,O3 + M -> O + O2 + M,1.0049106052529122e-11,103394584.3561094,9.719180279228366e-20,9.719180279228366e-18
1pc_1x,46.5,0.5372262904699577,O3 + M -> O + O2 + M,1.4464928911697424e-12,31341803.32667335,4.615219092829636e-20,4.615219092829636e-18
1pc_1x,49.5,0.30634787513171097,O3 + M -> O + O2 + M,1.5861357454530702e-13,8829414.736882703,1.796422291533525e-20,1.796422291533525e-18
1pc_1x,52.5,0.1741320758703313,O3 + M -> O + O2 + M,1.578481706247344e-14,2551704.7720103343,1.2075105842366278e-20,1.2075105842366278e-18
1pc_1x,1.5,899.9741694567975,O3 + hv -> O + O2,209360774.5254088,231769434.62984002,0.8926148552199515,89.26148552199516
1pc_1x,4.5,623.4081530949798,O3 + hv -> O + O2,256560745.25172883,290913284.07445025,0.8819148498769483,88.19148498769484
1pc_1x,7.5,421.5072635863928,O3 + hv -> O + O2,384580802.23408616,443705673.40550494,0.8667475429880649,86.67475429880649
1pc_1x,10.5,276.4609227726888,O3 + hv -> O + O2,526479570.0789863,616445169.7922372,0.8540574180448647,85.40574180448647
1pc_1x,13.5,174.0913810089138,O3 + hv -> O + O2,1220521857.5694537,1455609321.2452326,0.8384954944677957,83.84954944677958
1pc_1x,16.5,107.30763351177977,O3 + hv -> O + O2,2099854592.8118672,2598944794.332358,0.8079642928126521,80.79642928126522
1pc_1x,19.5,65.11428273129799,O3 + hv -> O + O2,1952468441.8431876,2612044942.802282,0.7474865419997405,74.74865419997406
1pc_1x,22.5,39.2582647167398,O3 + hv -> O + O2,1507908719.2583578,2295665499.6255083,0.6568503640902138,65.68503640902138
1pc_1x,25.5,23.713835117655492,O3 + hv -> O + O2,1149899021.689584,2125052077.6237178,0.5411156901977798,54.11156901977798
1pc_1x,28.5,14.32302824101061,O3 + hv -> O + O2,827535860.8996596,2054626699.98909,0.40276701402938736,40.276701402938734
1pc_1x,31.5,8.562877460948824,O3 + hv -> O + O2,514042710.8357786,1935657370.5794418,0.2655649283023158,26.556492830231583
1pc_1x,34.5,5.0178733546576755,O3 + hv -> O + O2,284253811.6175697,1484632138.6434274,0.19146413728945993,19.146413728945994
1pc_1x,37.5,2.884450286459081,O3 + hv -> O + O2,133875451.14017269,810679771.8643693,0.16513974541672752,16.513974541672752
1pc_1x,40.5,1.6460156990319057,O3 + hv -> O + O2,48529988.25480518,310325116.4754455,0.15638433912791302,15.638433912791303
1pc_1x,43.5,0.9403364397737514,O3 + hv -> O + O2,15871215.668653203,103394584.3561094,0.15350142144766407,15.350142144766407
1pc_1x,46.5,0.5372262904699577,O3 + hv -> O + O2,4771766.679935428,31341803.32667335,0.15224927009462885,15.224927009462885
1pc_1x,49.5,0.30634787513171097,O3 + hv -> O + O2,1332302.5593924057,8829414.736882703,0.15089364347412973,15.089364347412973
1pc_1x,52.5,0.1741320758703313,O3 + hv -> O + O2,377519.2177231119,2551704.7720103343,0.14942074338037614,14.942074338037614
1pc_1x,1.5,899.9741694567975,O3 + hv -> O1D + O2,22052588.04894486,231769434.62984002,0.1064424520029697,10.64424520029697
1pc_1x,4.5,623.4081530949798,O3 + hv -> O1D + O2,34250991.06329433,290913284.07445025,0.11773608473145161,11.773608473145162
1pc_1x,7.5,421.5072635863928,O3 + hv -> O1D + O2,59013741.50836225,443705673.40550494,0.13300199894994194,13.300199894994194
1pc_1x,10.5,276.4609227726888,O3 + hv -> O1D + O2,89823587.21269594,616445169.7922372,0.14571220866726806,14.571220866726806
1pc_1x,13.5,174.0913810089138,O3 + hv -> O1D + O2,234265252.30396438,1455609321.2452326,0.16093964835534103,16.093964835534102
1pc_1x,16.5,107.30763351177977,O3 + hv -> O1D + O2,496298867.7435561,2598944794.332358,0.1909616813815586,19.09616813815586
1pc_1x,19.5,65.11428273129799,O3 + hv -> O1D + O2,655929668.101209,2612044942.802282,0.2511172979273119,25.11172979273119
1pc_1x,22.5,39.2582647167398,O3 + hv -> O1D + O2,785164194.1399205,2295665499.6255083,0.3420202961921082,34.20202961921082
1pc_1x,25.5,23.713835117655492,O3 + hv -> O1D + O2,973596832.897246,2125052077.6237178,0.4581519874966756,45.81519874966756
1pc_1x,28.5,14.32302824101061,O3 + hv -> O1D + O2,1225917737.2454057,2054626699.98909,0.5966620297750026,59.66620297750026
1pc_1x,31.5,8.562877460948824,O3 + hv -> O1D + O2,1420712083.6693552,1935657370.5794418,0.7339687825248035,73.39687825248035
1pc_1x,34.5,5.0178733546576755,O3 + hv -> O1D + O2,1199890329.0518017,1484632138.6434274,0.8082071631213598,80.82071631213597
1pc_1x,37.5,2.884450286459081,O3 + hv -> O1D + O2,676537168.700795,810679771.8643693,0.8345307138291136,83.45307138291136
1pc_1x,40.5,1.6460156990319057,O3 + hv -> O1D + O2,261611594.42021322,310325116.4754455,0.8430242366183507,84.30242366183506
1pc_1x,43.5,0.9403364397737514,O3 + hv -> O1D + O2,87375987.1358893,103394584.3561094,0.8438672903571084,84.38672903571084
1pc_1x,46.5,0.5372262904699577,O3 + hv -> O1D + O2,26448322.648185246,31341803.32667335,0.8438672903571084,84.38672903571084
1pc_1x,49.5,0.30634787513171097,O3 + hv -> O1D + O2,7400612.677601819,8829414.736882703,0.8381770364334098,83.81770364334098
1pc_1x,52.5,0.1741320758703313,O3 + hv -> O1D + O2,2098665.630889151,2551704.7720103343,0.8303166614387241,83.0316661438724
1pc_1x,1.5,899.9741694567975,OH + O3 -> HO2 + O2,89056.5019487894,231769434.62984002,0.0003572695028295533,0.035726950282955326
1pc_1x,4.5,623.4081530949798,OH + O3 -> HO2 + O2,96086.59314737328,290913284.07445025,0.0003302929031002341,0.03302929031002341
1pc_1x,7.5,421.5072635863928,OH + O3 -> HO2 + O2,92669.37111016933,443705673.40550494,0.00020885324814289293,0.020885324814289292
1pc_1x,10.5,276.4609227726888,OH + O3 -> HO2 + O2,61416.781583362455,616445169.7922372,9.963056666347468e-05,0.009963056666347468
1pc_1x,13.5,174.0913810089138,OH + O3 -> HO2 + O2,101422.74754727288,1455609321.2452326,7.494408026343057e-05,0.007494408026343056
1pc_1x,16.5,107.30763351177977,OH + O3 -> HO2 + O2,194775.52726666926,2598944794.332358,7.494408026343057e-05,0.007494408026343056
1pc_1x,19.5,65.11428273129799,OH + O3 -> HO2 + O2,240497.18025919865,2612044942.802282,9.207237452858905e-05,0.009207237452858905
1pc_1x,22.5,39.2582647167398,OH + O3 -> HO2 + O2,317461.6905029527,2295665499.6255083,0.0001382874336678145,0.01382874336678145
1pc_1x,25.5,23.713835117655492,OH + O3 -> HO2 + O2,480549.26928306965,2125052077.6237178,0.00022613529067976108,0.022613529067976108
1pc_1x,28.5,14.32302824101061,OH + O3 -> HO2 + O2,644399.7646508373,2054626699.98909,0.0002812864570869863,0.028128645708698632
1pc_1x,31.5,8.562877460948824,OH + O3 -> HO2 + O2,544474.2039046029,1935657370.5794418,0.0002812864570869863,0.028128645708698632
1pc_1x,34.5,5.0178733546576755,OH + O3 -> HO2 + O2,221622.2895942827,1484632138.6434274,0.0001492775778091323,0.014927757780913228
1pc_1x,37.5,2.884450286459081,OH + O3 -> HO2 + O2,60158.3017773743,810679771.8643693,7.420723183831838e-05,0.0074207231838318375
1pc_1x,40.5,1.6460156990319057,OH + O3 -> HO2 + O2,16220.206879491383,310325116.4754455,5.2268430811254714e-05,0.005226843081125471
1pc_1x,43.5,0.9403364397737514,OH + O3 -> HO2 + O2,4690.616708130412,103394584.3561094,4.599983735693029e-05,0.004599983735693029
1pc_1x,46.5,0.5372262904699577,OH + O3 -> HO2 + O2,1441.717855499871,31341803.32667335,4.599983735693029e-05,0.004599983735693029
1pc_1x,49.5,0.30634787513171097,OH + O3 -> HO2 + O2,442.2702198665322,8829414.736882703,5.009054768025081e-05,0.005009054768025081
1pc_1x,52.5,0.1741320758703313,OH + O3 -> HO2 + O2,128.37231577085626,2551704.7720103343,5.0199499591272836e-05,0.005019949959127284
1pc_1x,1.5,899.9741694567975,S + O3 -> SO + O2,0.0037161738341449264,231769434.62984002,3.11975112482641e-11,3.11975112482641e-09
1pc_1x,4.5,623.4081530949798,S + O3 -> SO + O2,0.013487058997984951,290913284.07445025,4.6361097056445715e-11,4.636109705644572e-09
1pc_1x,7.5,421.5072635863928,S + O3 -> SO + O2,0.03892036799305442,443705673.40550494,8.771663362862817e-11,8.771663362862817e-09
1pc_1x,10.5,276.4609227726888,S + O3 -> SO + O2,0.09625709308328456,616445169.7922372,1.561486695008519e-10,1.5614866950085187e-08
1pc_1x,13.5,174.0913810089138,S + O3 -> SO + O2,0.3140143161048721,1455609321.2452326,1.5696212563882768e-10,1.569621256388277e-08
1pc_1x,16.5,107.30763351177977,S + O3 -> SO + O2,0.40793589933637275,2598944794.332358,1.5696212563882768e-10,1.569621256388277e-08
1pc_1x,19.5,65.11428273129799,S + O3 -> SO + O2,0.14437606808108833,2612044942.802282,5.527319446739582e-11,5.527319446739582e-09
1pc_1x,22.5,39.2582647167398,S + O3 -> SO + O2,0.017894000331081288,2295665499.6255083,7.794689746393947e-12,7.794689746393947e-10
1pc_1x,25.5,23.713835117655492,S + O3 -> SO + O2,0.0009969692386577853,2125052077.6237178,4.691504971363428e-13,4.6915049713634276e-11
1pc_1x,28.5,14.32302824101061,S + O3 -> SO + O2,2.314354467160457e-05,2054626699.98909,1.1264111710281707e-14,1.1264111710281708e-12
1pc_1x,31.5,8.562877460948824,S + O3 -> SO + O2,1.6893405487470404e-07,1935657370.5794418,8.727477158012391e-17,8.72747715801239e-15
1pc_1x,34.5,5.0178733546576755,S + O3 -> SO + O2,4.887333866033599e-10,1484632138.6434274,3.2919493919209963e-19,3.291949391920996e-17
1pc_1x,37.5,2.884450286459081,S + O3 -> SO + O2,3.2868786086377893e-12,810679771.8643693,7.156304980693832e-20,7.156304980693833e-18
1pc_1x,40.5,1.6460156990319057,S + O3 -> SO + O2,2.2207811766676244e-11,310325116.4754455,7.156304980693832e-20,7.156304980693833e-18
1pc_1x,43.5,0.9403364397737514,S + O3 -> SO + O2,9.854293572324425e-11,103394584.3561094,9.530763756817747e-19,9.530763756817747e-17
1pc_1x,46.5,0.5372262904699577,S + O3 -> SO + O2,1.8399571115660005e-10,31341803.32667335,5.870616608713482e-18,5.870616608713482e-16
1pc_1x,49.5,0.30634787513171097,S + O3 -> SO + O2,1.9965808453861743e-10,8829414.736882703,2.2612833408379268e-17,2.261283340837927e-15
1pc_1x,52.5,0.1741320758703313,S + O3 -> SO + O2,1.6133833355648857e-10,2551704.7720103343,4.2920249018611305e-17,4.292024901861131e-15
1pc_1x,1.5,899.9741694567975,SO + O3 -> SO2 + O2,124.97887928851628,231769434.62984002,4.28307930993078e-07,4.28307930993078e-05
1pc_1x,4.5,623.4081530949798,SO + O3 -> SO2 + O2,92.32944503775086,290913284.07445025,5.036236260840535e-07,5.036236260840535e-05
1pc_1x,7.5,421.5072635863928,SO + O3 -> SO2 + O2,223.46066015454716,443705673.40550494,5.036236260840535e-07,5.036236260840535e-05
1pc_1x,10.5,276.4609227726888,SO + O3 -> SO2 + O2,478.55933669260907,616445169.7922372,5.036236260840535e-07,5.036236260840535e-05
1pc_1x,13.5,174.0913810089138,SO + O3 -> SO2 + O2,624.1106964783786,1455609321.2452326,4.2876250335115303e-07,4.28762503351153e-05
1pc_1x,16.5,107.30763351177977,SO + O3 -> SO2 + O2,355.84758609874746,2598944794.332358,1.3692002495580558e-07,1.3692002495580557e-05
1pc_1x,19.5,65.11428273129799,SO + O3 -> SO2 + O2,94.27217468160995,2612044942.802282,3.609132949315638e-08,3.609132949315638e-06
1pc_1x,22.5,39.2582647167398,SO + O3 -> SO2 + O2,10.572374002997611,2295665499.6255083,4.6053634576650135e-09,4.6053634576650134e-07
1pc_1x,25.5,23.713835117655492,SO + O3 -> SO2 + O2,0.5245973951379517,2125052077.6237178,2.4686331250976614e-10,2.4686331250976613e-08
1pc_1x,28.5,14.32302824101061,SO + O3 -> SO2 + O2,0.009889744637224354,2054626699.98909,4.813402180199872e-12,4.813402180199872e-10
1pc_1x,31.5,8.562877460948824,SO + O3 -> SO2 + O2,4.849358821765456e-05,1935657370.5794418,2.5052774811658913e-14,2.5052774811658913e-12
1pc_1x,34.5,5.0178733546576755,SO + O3 -> SO2 + O2,7.769024220868754e-08,1484632138.6434274,5.232962441435255e-17,5.232962441435255e-15
1pc_1x,37.5,2.884450286459081,SO + O3 -> SO2 + O2,3.8255957865166785e-10,810679771.8643693,5.717702095775214e-18,5.717702095775214e-16
1pc_1x,40.5,1.6460156990319057,SO + O3 -> SO2 + O2,1.7743465688433422e-09,310325116.4754455,5.717702095775214e-18,5.717702095775214e-16
1pc_1x,43.5,0.9403364397737514,SO + O3 -> SO2 + O2,5.116218782236465e-09,103394584.3561094,4.948246384564296e-17,4.948246384564296e-15
1pc_1x,46.5,0.5372262904699577,SO + O3 -> SO2 + O2,5.344760331699757e-09,31341803.32667335,1.7053135953894249e-16,1.705313595389425e-14
1pc_1x,49.5,0.30634787513171097,SO + O3 -> SO2 + O2,2.9239865200566426e-09,8829414.736882703,3.3116425122068506e-16,3.311642512206851e-14
1pc_1x,52.5,0.1741320758703313,SO + O3 -> SO2 + O2,1.2271430998417991e-09,2551704.7720103343,4.06037666020491e-16,4.0603766602049097e-14
1pc_1x,1.5,899.9741694567975,SO2 + O3 -> SO3 + O2,0.03826967348028966,231769434.62984002,8.913515956381836e-11,8.913515956381836e-09
1pc_1x,4.5,623.4081530949798,SO2 + O3 -> SO3 + O2,0.0038257224766970045,290913284.07445025,1.3150731458924815e-11,1.3150731458924815e-09
1pc_1x,7.5,421.5072635863928,SO2 + O3 -> SO3 + O2,0.00019974899858438573,443705673.40550494,4.5018355760764425e-13,4.5018355760764424e-11
1pc_1x,10.5,276.4609227726888,SO2 + O3 -> SO3 + O2,1.0111503202691208e-05,616445169.7922372,1.6402923890374753e-14,1.6402923890374753e-12
1pc_1x,13.5,174.0913810089138,SO2 + O3 -> SO3 + O2,1.6826872281079849e-06,1455609321.2452326,1.156001959831154e-15,1.1560019598311542e-13
1pc_1x,16.5,107.30763351177977,SO2 + O3 -> SO3 + O2,2.7723969502153154e-07,2598944794.332358,1.0667394537433857e-16,1.0667394537433857e-14
1pc_1x,19.5,65.11428273129799,SO2 + O3 -> SO3 + O2,1.7772985390024792e-08,2612044942.802282,6.804241802576869e-18,6.804241802576869e-16
1pc_1x,22.5,39.2582647167398,SO2 + O3 -> SO3 + O2,7.028074930869207e-10,2295665499.6255083,3.0614542632694947e-19,3.061454263269495e-17
1pc_1x,25.5,23.713835117655492,SO2 + O3 -> SO3 + O2,2.066999607981242e-11,2125052077.6237178,9.726818602453304e-21,9.726818602453303e-19
1pc_1x,28.5,14.32302824101061,SO2 + O3 -> SO3 + O2,1.7912581494350185e-13,2054626699.98909,8.718168363355397e-23,8.718168363355397e-21
1pc_1x,31.5,8.562877460948824,SO2 + O3 -> SO3 + O2,2.430259208255619e-16,1935657370.5794418,1.2555213774884742e-25,1.2555213774884743e-23
1pc_1x,34.5,5.0178733546576755,SO2 + O3 -> SO3 + O2,8.074891608622314e-20,1484632138.6434274,5.438984781779472e-29,5.438984781779472e-27
1pc_1x,37.5,2.884450286459081,SO2 + O3 -> SO3 + O2,9.43085719158175e-23,810679771.8643693,9.553020524671238e-31,9.553020524671238e-29
1pc_1x,40.5,1.6460156990319057,SO2 + O3 -> SO3 + O2,2.9645422070109237e-22,310325116.4754455,9.553020524671238e-31,9.553020524671238e-29
1pc_1x,43.5,0.9403364397737514,SO2 + O3 -> SO3 + O2,7.729696802667584e-22,103394584.3561094,7.47592037900663e-30,7.47592037900663e-28
1pc_1x,46.5,0.5372262904699577,SO2 + O3 -> SO3 + O2,7.517389069495758e-22,31341803.32667335,2.398518359375354e-29,2.398518359375354e-27
1pc_1x,49.5,0.30634787513171097,SO2 + O3 -> SO3 + O2,3.7997008631692207e-22,8829414.736882703,4.303457223837167e-29,4.303457223837167e-27
1pc_1x,52.5,0.1741320758703313,SO2 + O3 -> SO3 + O2,1.339002853615719e-22,2551704.7720103343,4.7754703321662583e-29,4.7754703321662584e-27
1pc_1x,1.5,899.9741694567975,rainout,1.0719901003191035,231769434.62984002,2.626131582005137e-09,2.626131582005137e-07
1pc_1x,4.5,623.4081530949798,rainout,0.18240831286115142,290913284.07445025,6.270195375968794e-10,6.270195375968794e-08
1pc_1x,7.5,421.5072635863928,rainout,0.13344061574829738,443705673.40550494,3.007412880798243e-10,3.007412880798243e-08
1pc_1x,10.5,276.4609227726888,rainout,0.012808022582724987,616445169.7922372,1.6075925864049512e-10,1.6075925864049512e-08
0.1pc_0.1x,1.5,898.4035077737811,CH3 + O3 -> H2CO + HO2,213.79664164368546,109373121.51145978,1.8157790477365205e-06,0.00018157790477365206
0.1pc_0.1x,4.5,620.0744798936281,CH3 + O3 -> H2CO + HO2,343.5326753313633,204872459.9524893,1.676812371028443e-06,0.0001676812371028443
0.1pc_0.1x,7.5,417.0071371218373,CH3 + O3 -> H2CO + HO2,324.4906996612576,392499509.795872,8.26728929750807e-07,8.26728929750807e-05
0.1pc_0.1x,10.5,271.31373349857114,CH3 + O3 -> H2CO + HO2,160.30662291951768,601119984.3080692,2.666799093429604e-07,2.666799093429604e-05
0.1pc_0.1x,13.5,168.99831821549347,CH3 + O3 -> H2CO + HO2,160.3215449566468,1266455299.0513124,1.2659076485110992e-07,1.2659076485110992e-05
0.1pc_0.1x,16.5,102.52554990786098,CH3 + O3 -> H2CO + HO2,166.47745299823285,2016486706.157867,1.0381720722672444e-07,1.0381720722672445e-05
0.1pc_0.1x,19.5,60.79951610500358,CH3 + O3 -> H2CO + HO2,253.29872854578286,2439853038.9341774,1.0381720722672444e-07,1.0381720722672445e-05
0.1pc_0.1x,22.5,35.62037053900005,CH3 + O3 -> H2CO + HO2,327.86088756540323,2522910200.286666,1.0381720722672444e-07,1.0381720722672445e-05
0.1pc_0.1x,25.5,20.68517487635081,CH3 + O3 -> H2CO + HO2,188.99222306610767,1841070220.7949297,1.0265345717476511e-07,1.0265345717476511e-05
0.1pc_0.1x,28.5,11.952029770821104,CH3 + O3 -> H2CO + HO2,56.06422071409801,783749290.8512571,7.153336069140775e-08,7.153336069140774e-06
0.1pc_0.1x,31.5,6.9095889492190565,CH3 + O3 -> H2CO + HO2,12.465477982512969,268639432.2934291,4.64022644631604e-08,4.64022644631604e-06
0.1pc_0.1x,34.5,3.9699285958873283,CH3 + O3 -> H2CO + HO2,2.264709905778572,94428993.57017678,2.84677077847197e-08,2.8467707784719702e-06
0.1pc_0.1x,37.5,2.255902293784796,CH3 + O3 -> H2CO + HO2,0.8499571813564125,29856888.646743618,2.84677077847197e-08,2.8467707784719702e-06
0.1pc_0.1x,40.5,1.2771771192507295,CH3 + O3 -> H2CO + HO2,0.39169398751585804,8526781.098530592,3.447537469211952e-08,3.4475374692119517e-06
0.1pc_0.1x,43.5,0.721748734202382,CH3 + O3 -> H2CO + HO2,0.09290962458781994,2694956.194603956,3.447537469211952e-08,3.4475374692119517e-06
0.1pc_0.1x,46.5,0.40558997335037045,CH3 + O3 -> H2CO + HO2,0.013647151085900297,999387.4414827374,1.3655515888465391e-08,1.3655515888465392e-06
0.1pc_0.1x,49.5,0.2262975111762465,CH3 + O3 -> H2CO + HO2,0.0014848011931749348,410757.864178885,8.635150233779104e-09,8.635150233779104e-07
0.1pc_0.1x,1.5,898.4035077737811,CS + O3 -> OCS + O2,5.524849029298071e-19,109373121.51145978,6.2256788366991645e-27,6.225678836699165e-25
0.1pc_0.1x,4.5,620.0744798936281,CS + O3 -> OCS + O2,1.5160521832664253e-18,204872459.9524893,5.051377297226717e-27,5.0513772972267175e-25
0.1pc_0.1x,7.5,417.0071371218373,CS + O3 -> OCS + O2,1.341536275444461e-18,392499509.795872,3.4179310851678684e-27,3.417931085167868e-25
0.1pc_0.1x,10.5,271.31373349857114,CS + O3 -> OCS + O2,5.500551468848712e-19,601119984.3080692,9.15050507791756e-28,9.15050507791756e-26
0.1pc_0.1x,13.5,168.99831821549347,CS + O3 -> OCS + O2,1.8597083175547766e-19,1266455299.0513124,1.4684358136823805e-28,1.4684358136823806e-26
0.1pc_0.1x,16.5,102.52554990786098,CS + O3 -> OCS + O2,1.6539605171305013e-20,2016486706.157867,8.202189045331677e-30,8.202189045331677e-28
0.1pc_0.1x,19.5,60.79951610500358,CS + O3 -> OCS + O2,5.718763465846522e-22,2439853038.9341774,2.343896691558398e-31,2.343896691558398e-29
0.1pc_0.1x,22.5,35.62037053900005,CS + O3 -> OCS + O2,5.697475404846622e-24,2522910200.286666,2.258294965948152e-33,2.258294965948152e-31
0.1pc_0.1x,25.5,20.68517487635081,CS + O3 -> OCS + O2,1.9468750363449585e-26,1841070220.7949297,1.0574691906669073e-35,1.0574691906669073e-33
0.1pc_0.1x,28.5,11.952029770821104,CS + O3 -> OCS + O2,3.2124005308304884e-27,783749290.8512571,4.0987603667767147e-36,4.098760366776715e-34
0.1pc_0.1x,31.5,6.9095889492190565,CS + O3 -> OCS + O2,5.504552620278189e-28,268639432.2934291,4.0987603667767147e-36,4.098760366776715e-34
0.1pc_0.1x,34.5,3.9699285958873283,CS + O3 -> OCS + O2,2.887608399620268e-26,94428993.57017678,3.0579679931400357e-34,3.057967993140036e-32
0.1pc_0.1x,37.5,2.255902293784796,CS + O3 -> OCS + O2,5.985777416705823e-24,29856888.646743618,2.0048229028575186e-31,2.0048229028575185e-29
0.1pc_0.1x,40.5,1.2771771192507295,CS + O3 -> OCS + O2,1.4099504957121111e-22,8526781.098530592,1.653555403169768e-29,1.653555403169768e-27
0.1pc_0.1x,43.5,0.721748734202382,CS + O3 -> OCS + O2,6.4282871208519765e-22,2694956.194603956,2.385303009274576e-28,2.3853030092745763e-26
0.1pc_0.1x,46.5,0.40558997335037045,CS + O3 -> OCS + O2,8.624443691321785e-22,999387.4414827374,8.629729905877305e-28,8.629729905877305e-26
0.1pc_0.1x,49.5,0.2262975111762465,CS + O3 -> OCS + O2,4.183127440956626e-22,410757.864178885,9.406827646481721e-28,9.406827646481721e-26
0.1pc_0.1x,1.5,898.4035077737811,Cl + O3 -> ClO + O2,6.8575227800469546e-18,109373121.51145978,6.714821984665212e-26,6.714821984665212e-24
0.1pc_0.1x,4.5,620.0744798936281,Cl + O3 -> ClO + O2,1.4668460791133915e-17,204872459.9524893,6.269842796183195e-26,6.269842796183196e-24
0.1pc_0.1x,7.5,417.0071371218373,Cl + O3 -> ClO + O2,2.398467181201057e-17,392499509.795872,6.110752042590913e-26,6.110752042590913e-24
0.1pc_0.1x,10.5,271.31373349857114,Cl + O3 -> ClO + O2,2.4087395488464405e-17,601119984.3080692,4.00708612544144e-26,4.00708612544144e-24
0.1pc_0.1x,13.5,168.99831821549347,Cl + O3 -> ClO + O2,3.445900738408294e-17,1266455299.0513124,2.720901986031074e-26,2.720901986031074e-24
0.1pc_0.1x,16.5,102.52554990786098,Cl + O3 -> ClO + O2,4.1732421461909496e-17,2016486706.157867,2.720901986031074e-26,2.720901986031074e-24
0.1pc_0.1x,19.5,60.79951610500358,Cl + O3 -> ClO + O2,6.733517199179787e-17,2439853038.9341774,2.759804419253566e-26,2.7598044192535662e-24
0.1pc_0.1x,22.5,35.62037053900005,Cl + O3 -> ClO + O2,1.0773954678369846e-16,2522910200.286666,4.129072376714964e-26,4.129072376714964e-24
0.1pc_0.1x,25.5,20.68517487635081,Cl + O3 -> ClO + O2,7.601912192276864e-17,1841070220.7949297,4.129072376714964e-26,4.129072376714964e-24
0.1pc_0.1x,28.5,11.952029770821104,Cl + O3 -> ClO + O2,2.1158771057089065e-17,783749290.8512571,2.6996861501600586e-26,2.6996861501600587e-24
0.1pc_0.1x,31.5,6.9095889492190565,Cl + O3 -> ClO + O2,4.390780401283046e-18,268639432.2934291,1.6344511912484577e-26,1.6344511912484576e-24
0.1pc_0.1x,34.5,3.9699285958873283,Cl + O3 -> ClO + O2,1.0005327761854527e-18,94428993.57017678,1.0595609868931696e-26,1.0595609868931695e-24
0.1pc_0.1x,37.5,2.255902293784796,Cl + O3 -> ClO + O2,2.1645857382440702e-19,29856888.646743618,7.249870419703473e-27,7.249870419703473e-25
0.1pc_0.1x,40.5,1.2771771192507295,Cl + O3 -> ClO + O2,3.267693355761209e-20,8526781.098530592,3.83227072209503e-27,3.83227072209503e-25
0.1pc_0.1x,43.5,0.721748734202382,Cl + O3 -> ClO + O2,5.5706148707599865e-21,2694956.194603956,2.0670521034493587e-27,2.0670521034493587e-25
0.1pc_0.1x,46.5,0.40558997335037045,Cl + O3 -> ClO + O2,1.0189327945547013e-21,999387.4414827374,1.0195573330829188e-27,1.0195573330829188e-25
0.1pc_0.1x,49.5,0.2262975111762465,Cl + O3 -> ClO + O2,1.8247038330797497e-22,410757.864178885,7.318929572474178e-28,7.318929572474178e-26
0.1pc_0.1x,1.5,898.4035077737811,H + O3 -> OH + O2,473.28829857357937,109373121.51145978,4.668100057288625e-06,0.0004668100057288625
0.1pc_0.1x,4.5,620.0744798936281,H + O3 -> OH + O2,1026.1894534326611,204872459.9524893,4.327281621234424e-06,0.00043272816212344245
0.1pc_0.1x,7.5,417.0071371218373,H + O3 -> OH + O2,1336.1858381334698,392499509.795872,3.404299380726317e-06,0.0003404299380726317
0.1pc_0.1x,10.5,271.31373349857114,H + O3 -> OH + O2,904.4146793560637,601119984.3080692,1.5045493461627428e-06,0.00015045493461627427
0.1pc_0.1x,13.5,168.99831821549347,H + O3 -> OH + O2,1348.0426793389288,1266455299.0513124,1.4214327110201935e-06,0.00014214327110201934
0.1pc_0.1x,16.5,102.52554990786098,H + O3 -> OH + O2,2866.300165470157,2016486706.157867,1.4214327110201935e-06,0.00014214327110201934
0.1pc_0.1x,19.5,60.79951610500358,H + O3 -> OH + O2,9159.607617213609,2439853038.9341774,3.754163661109229e-06,0.0003754163661109229
0.1pc_0.1x,22.5,35.62037053900005,H + O3 -> OH + O2,34934.87741803123,2522910200.286666,1.3847055441791687e-05,0.0013847055441791687
0.1pc_0.1x,25.5,20.68517487635081,H + O3 -> OH + O2,74857.97943262436,1841070220.7949297,4.0660034900951514e-05,0.004066003490095151
0.1pc_0.1x,28.5,11.952029770821104,H + O3 -> OH + O2,82443.41226048807,783749290.8512571,0.00010519105181064143,0.010519105181064144
0.1pc_0.1x,31.5,6.9095889492190565,H + O3 -> OH + O2,76974.51484230389,268639432.2934291,0.0002865346840006209,0.028653468400062092
0.1pc_0.1x,34.5,3.9699285958873283,H + O3 -> OH + O2,68113.3075048299,94428993.57017678,0.0007213177322938441,0.07213177322938441
0.1pc_0.1x,37.5,2.255902293784796,H + O3 -> OH + O2,56774.00614183307,29856888.646743618,0.0019015379269274667,0.19015379269274665
0.1pc_0.1x,40.5,1.2771771192507295,H + O3 -> OH + O2,46132.74601836623,8526781.098530592,0.005410335446082487,0.5410335446082487
0.1pc_0.1x,43.5,0.721748734202382,H + O3 -> OH + O2,39603.29738694568,2694956.194603956,0.014695339934000552,1.4695339934000553
0.1pc_0.1x,46.5,0.40558997335037045,H + O3 -> OH + O2,38283.23922024233,999387.4414827374,0.03830670431824073,3.830670431824073
0.1pc_0.1x,49.5,0.2262975111762465,H + O3 -> OH + O2,41635.11409894542,410757.864178885,0.0698342005735202,6.983420057352021
0.1pc_0.1x,1.5,898.4035077737811,HS + O3 -> HSO + O2,2066.8274193549432,109373121.51145978,9.814777074415068e-06,0.0009814777074415068
0.1pc_0.1x,4.5,620.0744798936281,HS + O3 -> HSO + O2,150.07353552915754,204872459.9524893,7.325217628760848e-07,7.325217628760849e-05
0.1pc_0.1x,7.5,417.0071371218373,HS + O3 -> HSO + O2,188.3203314683963,392499509.795872,5.374102623068078e-07,5.374102623068078e-05
0.1pc_0.1x,10.5,271.31373349857114,HS + O3 -> HSO + O2,323.0480484448637,601119984.3080692,4.797976220819649e-07,4.79797622081965e-05
0.1pc_0.1x,13.5,168.99831821549347,HS + O3 -> HSO + O2,153.5896688952499,1266455299.0513124,1.2127523885785959e-07,1.2127523885785958e-05
0.1pc_0.1x,16.5,102.52554990786098,HS + O3 -> HSO + O2,8.522772408526668,2016486706.157867,4.226545299059084e-09,4.226545299059084e-07
0.1pc_0.1x,19.5,60.79951610500358,HS + O3 -> HSO + O2,0.07913840431273937,2439853038.9341774,3.243572586130438e-11,3.243572586130438e-09
0.1pc_0.1x,22.5,35.62037053900005,HS + O3 -> HSO + O2,9.98689555744498e-05,2522910200.286666,3.9584823733758803e-14,3.958482373375881e-12
0.1pc_0.1x,25.5,20.68517487635081,HS + O3 -> HSO + O2,1.626619532363479e-08,1841070220.7949297,8.835184633322372e-18,8.835184633322372e-16
0.1pc_0.1x,28.5,11.952029770821104,HS + O3 -> HSO + O2,1.504919740852425e-12,783749290.8512571,1.92015451678161e-21,1.92015451678161e-19
0.1pc_0.1x,31.5,6.9095889492190565,HS + O3 -> HSO + O2,6.5236534159376736e-15,268639432.2934291,1.1283570395692448e-21,1.1283570395692447e-19
0.1pc_0.1x,34.5,3.9699285958873283,HS + O3 -> HSO + O2,1.0654961963434793e-13,94428993.57017678,1.1283570395692448e-21,1.1283570395692447e-19
0.1pc_0.1x,37.5,2.255902293784796,HS + O3 -> HSO + O2,1.442475491920669e-12,29856888.646743618,4.83129876320182e-20,4.83129876320182e-18
0.1pc_0.1x,40.5,1.2771771192507295,HS + O3 -> HSO + O2,8.742371917594913e-12,8526781.098530592,1.0252839631477667e-18,1.0252839631477666e-16
0.1pc_0.1x,43.5,0.721748734202382,HS + O3 -> HSO + O2,1.9252911794151628e-11,2694956.194603956,7.1440537077008e-18,7.144053707700801e-16
0.1pc_0.1x,46.5,0.40558997335037045,HS + O3 -> HSO + O2,1.713774377775597e-11,999387.4414827374,1.714824808317545e-17,1.7148248083175451e-15
0.1pc_0.1x,49.5,0.2262975111762465,HS + O3 -> HSO + O2,7.340167089833488e-12,410757.864178885,1.7509031598995863e-17,1.7509031598995862e-15
0.1pc_0.1x,1.5,898.4035077737811,NO + O3 -> NO2 + O2,108173.34678626369,109373121.51145978,0.0005578031562108742,0.055780315621087415
0.1pc_0.1x,4.5,620.0744798936281,NO + O3 -> NO2 + O2,25931.909803697738,204872459.9524893,0.00022776364950356738,0.022776364950356738
0.1pc_0.1x,7.5,417.0071371218373,NO + O3 -> NO2 + O2,89397.120779469,392499509.795872,0.00022776364950356738,0.022776364950356738
0.1pc_0.1x,10.5,271.31373349857114,NO + O3 -> NO2 + O2,202979.73700627784,601119984.3080692,0.00033766925456641,0.033766925456641
0.1pc_0.1x,13.5,168.99831821549347,NO + O3 -> NO2 + O2,573648.8190932871,1266455299.0513124,0.00040131885817707347,0.040131885817707345
0.1pc_0.1x,16.5,102.52554990786098,NO + O3 -> NO2 + O2,809254.142444523,2016486706.157867,0.00040131885817707347,0.040131885817707345
0.1pc_0.1x,19.5,60.79951610500358,NO + O3 -> NO2 + O2,293510.54728245933,2439853038.9341774,0.00012029845347188457,0.012029845347188458
0.1pc_0.1x,22.5,35.62037053900005,NO + O3 -> NO2 + O2,47751.2805053122,2522910200.286666,1.8927063079726918e-05,0.0018927063079726917
0.1pc_0.1x,25.5,20.68517487635081,NO + O3 -> NO2 + O2,5716.593118757348,1841070220.7949297,3.1050380665486297e-06,0.000310503806654863
0.1pc_0.1x,28.5,11.952029770821104,NO + O3 -> NO2 + O2,644.4969201949307,783749290.8512571,8.223253631208016e-07,8.223253631208015e-05
0.1pc_0.1x,31.5,6.9095889492190565,NO + O3 -> NO2 + O2,95.10029055901491,268639432.2934291,3.540071900358206e-07,3.540071900358206e-05
0.1pc_0.1x,34.5,3.9699285958873283,NO + O3 -> NO2 + O2,19.708832844850974,94428993.57017678,2.0871590493235494e-07,2.0871590493235496e-05
0.1pc_0.1x,37.5,2.255902293784796,NO + O3 -> NO2 + O2,5.21298090927449,29856888.646743618,1.7459893329652255e-07,1.7459893329652256e-05
0.1pc_0.1x,40.5,1.2771771192507295,NO + O3 -> NO2 + O2,1.4720567914961,8526781.098530592,1.7263921455070278e-07,1.7263921455070277e-05
0.1pc_0.1x,43.5,0.721748734202382,NO + O3 -> NO2 + O2,0.4424193984590913,2694956.194603956,1.6416571050206186e-07,1.6416571050206186e-05
0.1pc_0.1x,46.5,0.40558997335037045,NO + O3 -> NO2 + O2,0.14791815044007117,999387.4414827374,1.480088145000231e-07,1.480088145000231e-05
0.1pc_0.1x,49.5,0.2262975111762465,NO + O3 -> NO2 + O2,0.05448079996804294,410757.864178885,1.4032182283613965e-07,1.4032182283613965e-05
0.1pc_0.1x,1.5,898.4035077737811,NO2 + O3 -> NO3 + O2,312.7132297627899,109373121.51145978,1.5618717434362774e-06,0.00015618717434362774
0.1pc_0.1x,4.5,620.0744798936281,NO2 + O3 -> NO3 + O2,54.20966171060719,204872459.9524893,2.6460199542280413e-07,2.6460199542280412e-05
0.1pc_0.1x,7.5,417.0071371218373,NO2 + O3 -> NO3 + O2,72.78971829874669,392499509.795872,1.8545174320498537e-07,1.8545174320498536e-05
0.1pc_0.1x,10.5,271.31373349857114,NO2 + O3 -> NO3 + O2,61.9808267605735,601119984.3080692,1.0310891066434553e-07,1.0310891066434553e-05
0.1pc_0.1x,13.5,168.99831821549347,NO2 + O3 -> NO3 + O2,108.557825910427,1266455299.0513124,8.571785043794792e-08,8.571785043794792e-06
0.1pc_0.1x,16.5,102.52554990786098,NO2 + O3 -> NO3 + O2,88.56395925025532,2016486706.157867,4.391993211748048e-08,4.391993211748048e-06
0.1pc_0.1x,19.5,60.79951610500358,NO2 + O3 -> NO3 + O2,14.34500985397078,2439853038.9341774,5.8794565185111465e-09,5.879456518511146e-07
0.1pc_0.1x,22.5,35.62037053900005,NO2 + O3 -> NO3 + O2,0.7215516826130078,2522910200.286666,2.859997484377452e-10,2.859997484377452e-08
0.1pc_0.1x,25.5,20.68517487635081,NO2 + O3 -> NO3 + O2,0.022180231079069135,1841070220.7949297,1.2047466103434254e-11,1.2047466103434255e-09
0.1pc_0.1x,28.5,11.952029770821104,NO2 + O3 -> NO3 + O2,0.0010137381826591941,783749290.8512571,1.2934470174233118e-12,1.2934470174233117e-10
0.1pc_0.1x,31.5,6.9095889492190565,NO2 + O3 -> NO3 + O2,7.994050275302596e-05,268639432.2934291,2.975754604249933e-13,2.9757546042499326e-11
0.1pc_0.1x,34.5,3.9699285958873283,NO2 + O3 -> NO3 + O2,8.816052644337018e-06,94428993.57017678,9.336171350576974e-14,9.336171350576975e-12
0.1pc_0.1x,37.5,2.255902293784796,NO2 + O3 -> NO3 + O2,1.4109566002298848e-06,29856888.646743618,4.7257321984344564e-14,4.725732198434457e-12
0.1pc_0.1x,40.5,1.2771771192507295,NO2 + O3 -> NO3 + O2,2.927713695864714e-07,8526781.098530592,3.433550905123204e-14,3.433550905123204e-12
0.1pc_0.1x,43.5,0.721748734202382,NO2 + O3 -> NO3 + O2,6.195412578089389e-08,2694956.194603956,2.2988917558267962e-14,2.2988917558267963e-12
0.1pc_0.1x,46.5,0.40558997335037045,NO2 + O3 -> NO3 + O2,1.1954936429979321e-08,999387.4414827374,1.1962264016688488e-14,1.1962264016688488e-12
0.1pc_0.1x,49.5,0.2262975111762465,NO2 + O3 -> NO3 + O2,2.0990951970949128e-09,410757.864178885,8.536281136518643e-15,8.536281136518643e-13
0.1pc_0.1x,1.5,898.4035077737811,O + O3 -> O2 + O2,557.9255025976186,109373121.51145978,6.884492476814585e-06,0.0006884492476814585
0.1pc_0.1x,4.5,620.0744798936281,O + O3 -> O2 + O2,1775.8066563810348,204872459.9524893,8.667864176536227e-06,0.0008667864176536227
0.1pc_0.1x,7.5,417.0071371218373,O + O3 -> O2 + O2,4551.0894173139895,392499509.795872,1.1516703265119557e-05,0.0011516703265119557
0.1pc_0.1x,10.5,271.31373349857114,O + O3 -> O2 + O2,6922.920486009358,601119984.3080692,1.1595146754911576e-05,0.0011595146754911575
0.1pc_0.1x,13.5,168.99831821549347,O + O3 -> O2 + O2,28685.536717847386,1266455299.0513124,2.2650255985612283e-05,0.0022650255985612283
0.1pc_0.1x,16.5,102.52554990786098,O + O3 -> O2 + O2,74721.30053823924,2016486706.157867,3.705519124428557e-05,0.003705519124428557
0.1pc_0.1x,19.5,60.79951610500358,O + O3 -> O2 + O2,144755.58580677578,2439853038.9341774,5.932963317741902e-05,0.005932963317741902
0.1pc_0.1x,22.5,35.62037053900005,O + O3 -> O2 + O2,181364.44957602673,2522910200.286666,5.932963317741902e-05,0.005932963317741902
0.1pc_0.1x,25.5,20.68517487635081,O + O3 -> O2 + O2,104929.5103321598,1841070220.7949297,5.699375784094415e-05,0.005699375784094415
0.1pc_0.1x,28.5,11.952029770821104,O + O3 -> O2 + O2,36134.01410897832,783749290.8512571,4.610404695834803e-05,0.004610404695834803
0.1pc_0.1x,31.5,6.9095889492190565,O + O3 -> O2 + O2,10858.53833345534,268639432.2934291,4.042049315230384e-05,0.004042049315230384
0.1pc_0.1x,34.5,3.9699285958873283,O + O3 -> O2 + O2,2753.8383385833667,94428993.57017678,2.9163059294249464e-05,0.0029163059294249464
0.1pc_0.1x,37.5,2.255902293784796,O + O3 -> O2 + O2,651.1413205310172,29856888.646743618,2.1808746659275056e-05,0.0021808746659275056
0.1pc_0.1x,40.5,1.2771771192507295,O + O3 -> O2 + O2,157.15666733790124,8526781.098530592,1.843094897381426e-05,0.0018430948973814259
0.1pc_0.1x,43.5,0.721748734202382,O + O3 -> O2 + O2,43.46035838017438,2694956.194603956,1.612655466058928e-05,0.001612655466058928
0.1pc_0.1x,46.5,0.40558997335037045,O + O3 -> O2 + O2,14.885360480631704,999387.4414827374,1.5496307903599564e-05,0.0015496307903599565
0.1pc_0.1x,49.5,0.2262975111762465,O + O3 -> O2 + O2,6.365230337140932,410757.864178885,1.5195396063701397e-05,0.0015195396063701397
0.1pc_0.1x,1.5,898.4035077737811,O1D + O3 -> O2 + O2,0.4008947081793577,109373121.51145978,7.062550439445087e-09,7.062550439445086e-07
0.1pc_0.1x,4.5,620.0744798936281,O1D + O3 -> O2 + O2,2.1429075179865023,204872459.9524893,1.045971488058205e-08,1.045971488058205e-06
0.1pc_0.1x,7.5,417.0071371218373,O1D + O3 -> O2 + O2,10.434236859435606,392499509.795872,2.6584076155565548e-08,2.658407615556555e-06
0.1pc_0.1x,10.5,271.31373349857114,O1D + O3 -> O2 + O2,33.73561443811665,601119984.3080692,5.6121265835054014e-08,5.612126583505401e-06
0.1pc_0.1x,13.5,168.99831821549347,O1D + O3 -> O2 + O2,232.92991195435528,1266455299.0513124,1.8392272678620437e-07,1.8392272678620436e-05
0.1pc_0.1x,16.5,102.52554990786098,O1D + O3 -> O2 + O2,872.9767264921252,2016486706.157867,4.329196536859199e-07,4.3291965368591993e-05
0.1pc_0.1x,19.5,60.79951610500358,O1D + O3 -> O2 + O2,1945.328738232346,2439853038.9341774,7.973138984969936e-07,7.973138984969936e-05
0.1pc_0.1x,22.5,35.62037053900005,O1D + O3 -> O2 + O2,2425.4871044542374,2522910200.286666,7.973138984969936e-07,7.973138984969936e-05
0.1pc_0.1x,25.5,20.68517487635081,O1D + O3 -> O2 + O2,1204.3140211990533,1841070220.7949297,6.541380158107492e-07,6.541380158107492e-05
0.1pc_0.1x,28.5,11.952029770821104,O1D + O3 -> O2 + O2,266.41471054374375,783749290.8512571,3.399233832216697e-07,3.399233832216697e-05
0.1pc_0.1x,31.5,6.9095889492190565,O1D + O3 -> O2 + O2,47.30858210600947,268639432.2934291,1.7610438535447513e-07,1.7610438535447514e-05
0.1pc_0.1x,34.5,3.9699285958873283,O1D + O3 -> O2 + O2,9.37351787359136,94428993.57017678,9.926525232555025e-08,9.926525232555026e-06
0.1pc_0.1x,37.5,2.255902293784796,O1D + O3 -> O2 + O2,1.5973714582652865,29856888.646743618,5.3500934982369836e-08,5.3500934982369835e-06
0.1pc_0.1x,40.5,1.2771771192507295,O1D + O3 -> O2 + O2,0.22697655819825863,8526781.098530592,2.6619254742844655e-08,2.6619254742844656e-06
0.1pc_0.1x,43.5,0.721748734202382,O1D + O3 -> O2 + O2,0.04003360584097341,2694956.194603956,1.4855011714524974e-08,1.4855011714524974e-06
0.1pc_0.1x,46.5,0.40558997335037045,O1D + O3 -> O2 + O2,0.010895740197162128,999387.4414827374,1.150657481448705e-08,1.150657481448705e-06
0.1pc_0.1x,49.5,0.2262975111762465,O1D + O3 -> O2 + O2,0.004726416094813251,410757.864178885,1.120449669050043e-08,1.1204496690500429e-06
0.1pc_0.1x,1.5,898.4035077737811,O3 + M -> O + O2 + M,7747.177441202366,109373121.51145978,3.687880562632796e-05,0.003687880562632796
0.1pc_0.1x,4.5,620.0744798936281,O3 + M -> O + O2 + M,599.2638516915122,204872459.9524893,2.9250581158174397e-06,0.00029250581158174395
0.1pc_0.1x,7.5,417.0071371218373,O3 + M -> O + O2 + M,20.53454886133606,392499509.795872,5.2317387280344644e-08,5.231738728034464e-06
0.1pc_0.1x,10.5,271.31373349857114,O3 + M -> O + O2 + M,0.1724164352188243,601119984.3080692,2.8682532559167463e-10,2.8682532559167463e-08
0.1pc_0.1x,13.5,168.99831821549347,O3 + M -> O + O2 + M,0.002848538530144049,1266455299.0513124,2.2492215337389782e-12,2.2492215337389782e-10
0.1pc_0.1x,16.5,102.52554990786098,O3 + M -> O + O2 + M,9.746502347523844e-05,2016486706.157867,4.833407687618452e-14,4.8334076876184516e-12
0.1pc_0.1x,19.5,60.79951610500358,O3 + M -> O + O2 + M,5.868691446317373e-06,2439853038.9341774,2.405346286299705e-15,2.4053462862997047e-13
0.1pc_0.1x,22.5,35.62037053900005,O3 + M -> O + O2 + M,6.374477531251824e-07,2522910200.286666,2.526636711258103e-16,2.5266367112581028e-14
0.1pc_0.1x,25.5,20.68517487635081,O3 + M -> O + O2 + M,4.5550153343372373e-08,1841070220.7949297,2.474112764895242e-17,2.474112764895242e-15
0.1pc_0.1x,28.5,11.952029770821104,O3 + M -> O + O2 + M,5.5700681132530255e-09,783749290.8512571,7.106951391564492e-18,7.106951391564491e-16
0.1pc_0.1x,31.5,6.9095889492190565,O3 + M -> O + O2 + M,9.512276687517572e-10,268639432.2934291,3.540908572620685e-18,3.540908572620685e-16
0.1pc_0.1x,34.5,3.9699285958873283,O3 + M -> O + O2 + M,4.708534002167331e-11,94428993.57017678,4.986322340360527e-19,4.986322340360527e-17
0.1pc_0.1x,37.5,2.255902293784796,O3 + M -> O + O2 + M,2.6062458769861775e-12,29856888.646743618,8.729127498254683e-20,8.729127498254683e-18
0.1pc_0.1x,40.5,1.2771771192507295,O3 + M -> O + O2 + M,3.472202203662028e-13,8526781.098530592,4.072113689256533e-20,4.072113689256533e-18
0.1pc_0.1x,43.5,0.721748734202382,O3 + M -> O + O2 + M,3.924533746670235e-14,2694956.194603956,1.4562514056919485e-20,1.4562514056919485e-18
0.1pc_0.1x,46.5,0.40558997335037045,O3 + M -> O + O2 + M,3.155691122290766e-15,999387.4414827374,3.1576253525948223e-21,3.157625352594822e-19
0.1pc_0.1x,49.5,0.2262975111762465,O3 + M -> O + O2 + M,2.877719652022576e-16,410757.864178885,1.929106596752861e-21,1.9291065967528612e-19
0.1pc_0.1x,1.5,898.4035077737811,O3 + hv -> O + O2,85863597.38737841,109373121.51145978,0.7640349131550921,76.40349131550921
0.1pc_0.1x,4.5,620.0744798936281,O3 + hv -> O + O2,152223871.88515157,204872459.9524893,0.7430177385503784,74.30177385503785
0.1pc_0.1x,7.5,417.0071371218373,O3 + hv -> O + O2,280476452.50188214,392499509.795872,0.7145905803748649,71.45905803748649
0.1pc_0.1x,10.5,271.31373349857114,O3 + hv -> O + O2,413989276.9553076,601119984.3080692,0.6886965793224092,68.86965793224093
0.1pc_0.1x,13.5,168.99831821549347,O3 + hv -> O + O2,828475406.0786998,1266455299.0513124,0.654168691701398,65.4168691701398
0.1pc_0.1x,16.5,102.52554990786098,O3 + hv -> O + O2,1188578345.413155,2016486706.157867,0.5894302907048788,58.94302907048788
0.1pc_0.1x,19.5,60.79951610500358,O3 + hv -> O + O2,1150264405.87605,2439853038.9341774,0.47144823377498596,47.1448233774986
0.1pc_0.1x,22.5,35.62037053900005,O3 + hv -> O + O2,771278083.4280822,2522910200.286666,0.30570968532310255,30.570968532310257
0.1pc_0.1x,25.5,20.68517487635081,O3 + hv -> O + O2,362099037.8859483,1841070220.7949297,0.19667855891428337,19.66785589142834
0.1pc_0.1x,28.5,11.952029770821104,O3 + hv -> O + O2,128959544.08716945,783749290.8512571,0.1645418319257451,16.454183192574508
0.1pc_0.1x,31.5,6.9095889492190565,O3 + hv -> O + O2,41918495.50675872,268639432.2934291,0.1560399943853814,15.60399943853814
0.1pc_0.1x,34.5,3.9699285958873283,O3 + hv -> O + O2,14476749.6519112,94428993.57017678,0.15330831246393106,15.330831246393107
0.1pc_0.1x,37.5,2.255902293784796,O3 + hv -> O + O2,4542815.745411302,29856888.646743618,0.15215301899539255,15.215301899539254
0.1pc_0.1x,40.5,1.2771771192507295,O3 + hv -> O + O2,1289588.8146165055,8526781.098530592,0.1512398171965196,15.12398171965196
0.1pc_0.1x,43.5,0.721748734202382,O3 + hv -> O + O2,403329.3382123167,2694956.194603956,0.1496608141608732,14.96608141608732
0.1pc_0.1x,46.5,0.40558997335037045,O3 + hv -> O + O2,145898.0380334894,999387.4414827374,0.14598746389791362,14.598746389791362
0.1pc_0.1x,49.5,0.2262975111762465,O3 + hv -> O + O2,56014.12277582464,410757.864178885,0.14117760334944507,14.117760334944506
0.1pc_0.1x,1.5,898.4035077737811,O3 + hv -> O1D + O2,23310023.27413374,109373121.51145978,0.23459792723510633,23.459792723510635
0.1pc_0.1x,4.5,620.0744798936281,O3 + hv -> O1D + O2,52462096.739654735,204872459.9524893,0.2560719813283879,25.60719813283879
0.1pc_0.1x,7.5,417.0071371218373,O3 + hv -> O1D + O2,111720285.51473299,392499509.795872,0.2846380255935494,28.46380255935494
0.1pc_0.1x,10.5,271.31373349857114,O3 + hv -> O1D + O2,186762027.95614386,601119984.3080692,0.31069009986603574,31.069009986603575
0.1pc_0.1x,13.5,168.99831821549347,O3 + hv -> O1D + O2,437179128.98697174,1266455299.0513124,0.3451990206953674,34.51990206953674
0.1pc_0.1x,16.5,102.52554990786098,O3 + hv -> O1D + O2,826799240.5604215,2016486706.157867,0.41001968326177146,41.00196832617715
0.1pc_0.1x,19.5,60.79951610500358,O3 + hv -> O1D + O2,1288798768.013363,2439853038.9341774,0.5282280315442115,52.82280315442115
0.1pc_0.1x,22.5,35.62037053900005,O3 + hv -> O1D + O2,1750939221.1619844,2522910200.286666,0.6940156732344392,69.40156732344393
0.1pc_0.1x,25.5,20.68517487635081,O3 + hv -> O1D + O2,1478556478.8541436,1841070220.7949297,0.8030961894629628,80.30961894629628
0.1pc_0.1x,28.5,11.952029770821104,O3 + hv -> O1D + O2,654598895.091696,783749290.8512571,0.8352146569481596,83.52146569481596
0.1pc_0.1x,31.5,6.9095889492190565,O3 + hv -> O1D + O2,226610951.94849634,268639432.2934291,0.8435505912660435,84.35505912660435
0.1pc_0.1x,34.5,3.9699285958873283,O3 + hv -> O1D + O2,79874291.28023675,94428993.57017678,0.8458517656814836,84.58517656814836
0.1pc_0.1x,37.5,2.255902293784796,O3 + hv -> O1D + O2,25254501.97960353,29856888.646743618,0.8458517656814836,84.58517656814836
0.1pc_0.1x,40.5,1.2771771192507295,O3 + hv -> O1D + O2,7190288.185435884,8526781.098530592,0.8432593850304162,84.32593850304161
0.1pc_0.1x,43.5,0.721748734202382,O3 + hv -> O1D + O2,2251806.276436486,2694956.194603956,0.835563220265035,83.55632202650351
0.1pc_0.1x,46.5,0.40558997335037045,O3 + hv -> O1D + O2,815141.6486053611,999387.4414827374,0.8156412766163834,81.56412766163834
0.1pc_0.1x,49.5,0.2262975111762465,O3 + hv -> O1D + O2,313088.56759523856,410757.864178885,0.7889315005689913,78.89315005689913
0.1pc_0.1x,1.5,898.4035077737811,OH + O3 -> HO2 + O2,78706.92152709473,109373121.51145978,0.000737903907137858,0.0737903907137858
0.1pc_0.1x,4.5,620.0744798936281,OH + O3 -> HO2 + O2,154922.3652214258,204872459.9524893,0.0007196184989458133,0.07196184989458132
0.1pc_0.1x,7.5,417.0071371218373,OH + O3 -> HO2 + O2,204403.4014251476,392499509.795872,0.0005207736476701642,0.052077364767016424
0.1pc_0.1x,10.5,271.31373349857114,OH + O3 -> HO2 + O2,154259.8601321407,601119984.3080692,0.0002566207482017163,0.02566207482017163
0.1pc_0.1x,13.5,168.99831821549347,OH + O3 -> HO2 + O2,194774.28560964338,1266455299.0513124,0.00015379483646643243,0.015379483646643242
0.1pc_0.1x,16.5,102.52554990786098,OH + O3 -> HO2 + O2,220989.24225979942,2016486706.157867,0.00013944458736115127,0.013944458736115127
0.1pc_0.1x,19.5,60.79951610500358,OH + O3 -> HO2 + O2,340224.30023602734,2439853038.9341774,0.00013944458736115127,0.013944458736115127
0.1pc_0.1x,22.5,35.62037053900005,OH + O3 -> HO2 + O2,426091.0167126504,2522910200.286666,0.00013944458736115127,0.013944458736115127
0.1pc_0.1x,25.5,20.68517487635081,OH + O3 -> HO2 + O2,227806.64352919097,1841070220.7949297,0.00012373598842461834,0.012373598842461834
0.1pc_0.1x,28.5,11.952029770821104,OH + O3 -> HO2 + O2,71307.26915695575,783749290.8512571,9.098224392586878e-05,0.009098224392586878
0.1pc_0.1x,31.5,6.9095889492190565,OH + O3 -> HO2 + O2,21996.910567660878,268639432.2934291,8.188265728478061e-05,0.008188265728478061
0.1pc_0.1x,34.5,3.9699285958873283,OH + O3 -> HO2 + O2,7054.145115964923,94428993.57017678,7.470316953788664e-05,0.007470316953788664
0.1pc_0.1x,37.5,2.255902293784796,OH + O3 -> HO2 + O2,2138.1139554623696,29856888.646743618,7.178618259287221e-05,0.007178618259287221
0.1pc_0.1x,40.5,1.2771771192507295,OH + O3 -> HO2 + O2,612.1050648685687,8526781.098530592,7.161208191381876e-05,0.007161208191381876
0.1pc_0.1x,43.5,0.721748734202382,OH + O3 -> HO2 + O2,173.24684713613647,2694956.194603956,6.428558931051434e-05,0.006428558931051434
0.1pc_0.1x,46.5,0.40558997335037045,OH + O3 -> HO2 + O2,49.45780210928355,999387.4414827374,4.948811647653453e-05,0.0049488116476534534
0.1pc_0.1x,49.5,0.2262975111762465,OH + O3 -> HO2 + O2,13.633786519028101,410757.864178885,4.133995049985838e-05,0.004133995049985838
0.1pc_0.1x,1.5,898.4035077737811,S + O3 -> SO + O2,0.21837131618099992,109373121.51145978,2.6395468382258114e-09,2.6395468382258114e-07
0.1pc_0.1x,4.5,620.0744798936281,S + O3 -> SO + O2,0.6724982827998942,204872459.9524893,3.2825216378807048e-09,3.2825216378807046e-07
0.1pc_0.1x,7.5,417.0071371218373,S + O3 -> SO + O2,1.6749635670398568,392499509.795872,4.267428430448126e-09,4.2674284304481255e-07
0.1pc_0.1x,10.5,271.31373349857114,S + O3 -> SO + O2,3.278252603590738,601119984.3080692,4.267428430448126e-09,4.2674284304481255e-07
0.1pc_0.1x,13.5,168.99831821549347,S + O3 -> SO + O2,3.8918235760989455,1266455299.0513124,3.0730050867284988e-09,3.073005086728499e-07
0.1pc_0.1x,16.5,102.52554990786098,S + O3 -> SO + O2,0.693871514940809,2016486706.157867,3.440992260558385e-10,3.440992260558385e-08
0.1pc_0.1x,19.5,60.79951610500358,S + O3 -> SO + O2,0.013678732560934838,2439853038.9341774,5.6063756065038405e-12,5.60637560650384e-10
0.1pc_0.1x,22.5,35.62037053900005,S + O3 -> SO + O2,3.0820894069376964e-05,2522910200.286666,1.2216405508953484e-14,1.2216405508953484e-12
0.1pc_0.1x,25.5,20.68517487635081,S + O3 -> SO + O2,1.0753718432095631e-08,1841070220.7949297,5.8410148133580886e-18,5.841014813358088e-16
0.1pc_0.1x,28.5,11.952029770821104,S + O3 -> SO + O2,1.732202652304684e-12,783749290.8512571,2.210148924566527e-21,2.210148924566527e-19
0.1pc_0.1x,31.5,6.9095889492190565,S + O3 -> SO + O2,1.0450463530899545e-14,268639432.2934291,2.210148924566527e-21,2.210148924566527e-19
0.1pc_0.1x,34.5,3.9699285958873283,S + O3 -> SO + O2,3.1152774620465665e-13,94428993.57017678,3.2990687968429803e-21,3.2990687968429803e-19
0.1pc_0.1x,37.5,2.255902293784796,S + O3 -> SO + O2,6.644803920105548e-12,29856888.646743618,2.225551362275075e-19,2.225551362275075e-17
0.1pc_0.1x,40.5,1.2771771192507295,S + O3 -> SO + O2,6.047707473216213e-11,8526781.098530592,7.09260317971386e-18,7.092603179713861e-16
0.1pc_0.1x,43.5,0.721748734202382,S + O3 -> SO + O2,2.3179306565519998e-10,2694956.194603956,8.60099567181513e-17,8.600995671815131e-15
0.1pc_0.1x,46.5,0.40558997335037045,S + O3 -> SO + O2,4.3754110104927495e-10,999387.4414827374,4.3780928485564993e-16,4.378092848556499e-14
0.1pc_0.1x,49.5,0.2262975111762465,S + O3 -> SO + O2,4.563908693409622e-10,410757.864178885,7.744519723046354e-16,7.744519723046354e-14
0.1pc_0.1x,1.5,898.4035077737811,SO + O3 -> SO2 + O2,1247.877775075248,109373121.51145978,9.817116610051143e-06,0.0009817116610051143
0.1pc_0.1x,4.5,620.0744798936281,SO + O3 -> SO2 + O2,1685.0491525690109,204872459.9524893,8.224869037838371e-06,0.0008224869037838371
0.1pc_0.1x,7.5,417.0071371218373,SO + O3 -> SO2 + O2,2465.653290815823,392499509.795872,6.281927057942417e-06,0.0006281927057942417
0.1pc_0.1x,10.5,271.31373349857114,SO + O3 -> SO2 + O2,3029.936890057874,601119984.3080692,5.040486041310939e-06,0.0005040486041310939
0.1pc_0.1x,13.5,168.99831821549347,SO + O3 -> SO2 + O2,1648.0079166571168,1266455299.0513124,1.3012760244215655e-06,0.00013012760244215655
0.1pc_0.1x,16.5,102.52554990786098,SO + O3 -> SO2 + O2,151.96400230641507,2016486706.157867,7.536077567104878e-08,7.536077567104877e-06
0.1pc_0.1x,19.5,60.79951610500358,SO + O3 -> SO2 + O2,1.938522514662542,2439853038.9341774,7.945242945900397e-10,7.945242945900397e-08
0.1pc_0.1x,22.5,35.62037053900005,SO + O3 -> SO2 + O2,0.0027120492138611907,2522910200.286666,1.0749685872898028e-12,1.0749685872898029e-10
0.1pc_0.1x,25.5,20.68517487635081,SO + O3 -> SO2 + O2,5.362586072003628e-07,1841070220.7949297,2.912754772432413e-16,2.912754772432413e-14
0.1pc_0.1x,28.5,11.952029770821104,SO + O3 -> SO2 + O2,5.976776682214304e-11,783749290.8512571,7.625878264875648e-20,7.625878264875648e-18
0.1pc_0.1x,31.5,6.9095889492190565,SO + O3 -> SO2 + O2,2.6371708455420077e-13,268639432.2934291,3.885435229154865e-20,3.885435229154865e-18
0.1pc_0.1x,34.5,3.9699285958873283,SO + O3 -> SO2 + O2,3.668977382712031e-12,94428993.57017678,3.885435229154865e-20,3.885435229154865e-18
0.1pc_0.1x,37.5,2.255902293784796,SO + O3 -> SO2 + O2,4.083504571597826e-11,29856888.646743618,1.3676926018355226e-18,1.3676926018355227e-16
0.1pc_0.1x,40.5,1.2771771192507295,SO + O3 -> SO2 + O2,2.1284437280020602e-10,8526781.098530592,2.4961866657616573e-17,2.4961866657616573e-15
0.1pc_0.1x,43.5,0.721748734202382,SO + O3 -> SO2 + O2,4.810582865263148e-10,2694956.194603956,1.7850319329476522e-16,1.7850319329476523e-14
0.1pc_0.1x,46.5,0.40558997335037045,SO + O3 -> SO2 + O2,5.510459463774818e-10,999387.4414827374,5.51383701159907e-16,5.5138370115990696e-14
0.1pc_0.1x,49.5,0.2262975111762465,SO + O3 -> SO2 + O2,3.8177523092482416e-10,410757.864178885,7.404123881745315e-16,7.404123881745315e-14
0.1pc_0.1x,1.5,898.4035077737811,SO2 + O3 -> SO3 + O2,0.008127167110643235,109373121.51145978,3.89541525403147e-11,3.895415254031469e-09
0.1pc_0.1x,4.5,620.0744798936281,SO2 + O3 -> SO3 + O2,0.0007378483716310373,204872459.9524893,3.6015010109321047e-12,3.6015010109321045e-10
0.1pc_0.1x,7.5,417.0071371218373,SO2 + O3 -> SO3 + O2,5.308408977938842e-05,392499509.795872,1.3524625752270614e-13,1.3524625752270614e-11
0.1pc_0.1x,10.5,271.31373349857114,SO2 + O3 -> SO3 + O2,3.693011394175897e-06,601119984.3080692,6.143551188747799e-15,6.143551188747799e-13
0.1pc_0.1x,13.5,168.99831821549347,SO2 + O3 -> SO3 + O2,2.9077819993573026e-07,1266455299.0513124,2.2960004996113875e-16,2.2960004996113875e-14
0.1pc_0.1x,16.5,102.52554990786098,SO2 + O3 -> SO3 + O2,5.098660173502175e-09,2016486706.157867,2.5284868766712366e-18,2.528486876671237e-16
0.1pc_0.1x,19.5,60.79951610500358,SO2 + O3 -> SO3 + O2,1.163507010819683e-11,2439853038.9341774,4.768758577885282e-21,4.768758577885282e-19
0.1pc_0.1x,22.5,35.62037053900005,SO2 + O3 -> SO3 + O2,4.694385399732132e-15,2522910200.286666,1.8607025328125958e-24,1.8607025328125958e-22
0.1pc_0.1x,25.5,20.68517487635081,SO2 + O3 -> SO3 + O2,3.6141421984751246e-19,1841070220.7949297,1.963065915494861e-28,1.963065915494861e-26
0.1pc_0.1x,28.5,11.952029770821104,SO2 + O3 -> SO3 + O2,2.758005447312554e-23,783749290.8512571,3.5189894007010704e-32,3.51898940070107e-30
0.1pc_0.1x,31.5,6.9095889492190565,SO2 + O3 -> SO3 + O2,1.1231878296225697e-25,268639432.2934291,7.654701508610862e-33,7.6547015086108625e-31
0.1pc_0.1x,34.5,3.9699285958873283,SO2 + O3 -> SO3 + O2,7.228257595382377e-25,94428993.57017678,7.654701508610862e-33,7.6547015086108625e-31
0.1pc_0.1x,37.5,2.255902293784796,SO2 + O3 -> SO3 + O2,5.7383975241460125e-24,29856888.646743618,1.9219676879398746e-31,1.9219676879398746e-29
0.1pc_0.1x,40.5,1.2771771192507295,SO2 + O3 -> SO3 + O2,2.740495890599671e-23,8526781.098530592,3.213986449202896e-30,3.213986449202896e-28
0.1pc_0.1x,43.5,0.721748734202382,SO2 + O3 -> SO3 + O2,4.468553988672598e-23,2694956.194603956,1.6581174854047248e-29,1.658117485404725e-27
0.1pc_0.1x,46.5,0.40558997335037045,SO2 + O3 -> SO3 + O2,2.8152940812894495e-23,999387.4414827374,2.502668291159519e-29,2.502668291159519e-27
0.1pc_0.1x,49.5,0.2262975111762465,SO2 + O3 -> SO3 + O2,1.027990682024904e-23,410757.864178885,2.6598439809207704e-29,2.6598439809207704e-27
0.1pc_0.1x,1.5,898.4035077737811,rainout,0.3479328638816063,109373121.51145978,1.8627653492044912e-09,1.8627653492044913e-07
0.1pc_0.1x,4.5,620.0744798936281,rainout,0.11152756689303389,204872459.9524893,5.443755930831189e-10,5.443755930831189e-08
0.1pc_0.1x,7.5,417.0071371218373,rainout,0.0839541519332409,392499509.795872,2.1389619563322032e-10,2.138961956332203e-08
0.1pc_0.1x,10.5,271.31373349857114,rainout,0.005638616985489266,601119984.3080692,1.116381905873402e-10,1.116381905873402e-08
0.1pc_10x,1.5,898.408624906595,CH3 + O3 -> H2CO + HO2,1650.1828078363988,43495334.09050772,3.473463994914044e-05,0.0034734639949140444
0.1pc_10x,4.5,620.0805044710909,CH3 + O3 -> H2CO + HO2,480.91909498366056,15252759.260727508,3.1529973479744165e-05,0.0031529973479744165
0.1pc_10x,7.5,417.0105828126983,CH3 + O3 -> H2CO + HO2,4075.0343192938844,181050415.64776802,2.250773247172118e-05,0.002250773247172118
0.1pc_10x,10.5,271.3169213266104,CH3 + O3 -> H2CO + HO2,5673.10703827799,519380044.9818914,1.0922843673125307e-05,0.0010922843673125307
0.1pc_10x,13.5,169.00065156050172,CH3 + O3 -> H2CO + HO2,11987.353976664737,1267696433.2392032,1.044713319591007e-05,0.001044713319591007
0.1pc_10x,16.5,102.52707940936762,CH3 + O3 -> H2CO + HO2,19901.96730703688,1905017092.6152513,1.044713319591007e-05,0.001044713319591007
0.1pc_10x,19.5,60.80021211659363,CH3 + O3 -> H2CO + HO2,28199.028590466616,2187608299.129359,1.2890346320997906e-05,0.0012890346320997906
0.1pc_10x,22.5,35.62078204699824,CH3 + O3 -> H2CO + HO2,29816.06272940735,2136249835.831404,1.2890346320997906e-05,0.0012890346320997906
0.1pc_10x,25.5,20.685413002477873,CH3 + O3 -> H2CO + HO2,15856.684284825444,1420812810.9515312,1.1160290900112365e-05,0.0011160290900112365
0.1pc_10x,28.5,11.95216938596272,CH3 + O3 -> H2CO + HO2,5432.913287154186,561885559.206303,9.669074419404018e-06,0.0009669074419404017
0.1pc_10x,31.5,6.909679412708865,CH3 + O3 -> H2CO + HO2,1505.7055384901034,173038287.96588248,8.701574409861126e-06,0.0008701574409861125
0.1pc_10x,34.5,3.969984393683557,CH3 + O3 -> H2CO + HO2,313.3406345477461,57650371.57021672,5.435188464763059e-06,0.0005435188464763058
0.1pc_10x,37.5,2.2559286714003246,CH3 + O3 -> H2CO + HO2,55.25003230246184,18014980.045768492,3.066893893975721e-06,0.0003066893893975721
0.1pc_10x,40.5,1.2771959177965764,CH3 + O3 -> H2CO + HO2,9.643880251597363,5059945.784816532,1.9059256090323976e-06,0.00019059256090323977
0.1pc_10x,43.5,0.7217597147562685,CH3 + O3 -> H2CO + HO2,1.8715240883598845,1526616.379353966,1.2259295220924307e-06,0.00012259295220924308
0.1pc_10x,46.5,0.40559778364260574,CH3 + O3 -> H2CO + HO2,0.5176019139236749,517340.198402336,1.1132177043919548e-06,0.00011132177043919549
0.1pc_10x,1.5,898.408624906595,CS + O3 -> OCS + O2,1.0806103614080544e-17,43495334.09050772,5.953915905405815e-25,5.953915905405815e-23
0.1pc_10x,4.5,620.0805044710909,CS + O3 -> OCS + O2,1.4373290614605302e-17,15252759.260727508,2.4844282358182488e-25,2.484428235818249e-23
0.1pc_10x,7.5,417.0105828126983,CS + O3 -> OCS + O2,3.9892622318181147e-17,181050415.64776802,2.2033985492633107e-25,2.2033985492633107e-23
0.1pc_10x,10.5,271.3169213266104,CS + O3 -> OCS + O2,2.7470480948548995e-17,519380044.9818914,5.289090563636647e-26,5.289090563636648e-24
0.1pc_10x,13.5,169.00065156050172,CS + O3 -> OCS + O2,1.1696525805023874e-17,1267696433.2392032,9.226598338797126e-27,9.226598338797126e-25
0.1pc_10x,16.5,102.52707940936762,CS + O3 -> OCS + O2,9.781624423845022e-19,1905017092.6152513,5.134664912857334e-28,5.134664912857334e-26
0.1pc_10x,19.5,60.80021211659363,CS + O3 -> OCS + O2,1.1135756669513172e-20,2187608299.129359,5.0903796049526176e-30,5.090379604952618e-28
0.1pc_10x,22.5,35.62078204699824,CS + O3 -> OCS + O2,2.450786382265809e-23,2136249835.831404,1.1472377159069464e-32,1.1472377159069464e-30
0.1pc_10x,25.5,20.685413002477873,CS + O3 -> OCS + O2,1.4323057337450763e-26,1420812810.9515312,1.0080889774535805e-35,1.0080889774535804e-33
0.1pc_10x,28.5,11.95216938596272,CS + O3 -> OCS + O2,2.1372204266272038e-27,561885559.206303,3.803657865217529e-36,3.803657865217529e-34
0.1pc_10x,31.5,6.909679412708865,CS + O3 -> OCS + O2,3.436614580023216e-28,173038287.96588248,1.986042869714941e-36,1.986042869714941e-34
0.1pc_10x,34.5,3.969984393683557,CS + O3 -> OCS + O2,6.475675518933757e-29,57650371.57021672,1.986042869714941e-36,1.986042869714941e-34
0.1pc_10x,37.5,2.2559286714003246,CS + O3 -> OCS + O2,3.009043836109461e-27,18014980.045768492,1.6703009542418285e-34,1.6703009542418286e-32
0.1pc_10x,40.5,1.2771959177965764,CS + O3 -> OCS + O2,1.408027164429856e-24,5059945.784816532,2.782692195349104e-31,2.7826921953491037e-29
0.1pc_10x,43.5,0.7217597147562685,CS + O3 -> OCS + O2,8.032730383913669e-23,1526616.379353966,5.26178710810961e-29,5.2617871081096104e-27
0.1pc_10x,46.5,0.40559778364260574,CS + O3 -> OCS + O2,9.500718055487725e-22,517340.198402336,9.445362533507723e-28,9.445362533507724e-26
0.1pc_10x,1.5,898.408624906595,Cl + O3 -> ClO + O2,1.3868454934393514e-15,43495334.09050772,4.73037450303428e-23,4.73037450303428e-21
0.1pc_10x,4.5,620.0805044710909,Cl + O3 -> ClO + O2,9.566921752272087e-16,15252759.260727508,4.8192278349919047e-23,4.819227834991905e-21
0.1pc_10x,7.5,417.0105828126983,Cl + O3 -> ClO + O2,8.725232026265775e-15,181050415.64776802,4.8192278349919047e-23,4.819227834991905e-21
0.1pc_10x,10.5,271.3169213266104,Cl + O3 -> ClO + O2,1.659758889217677e-14,519380044.9818914,4.3285971795694813e-23,4.328597179569481e-21
0.1pc_10x,13.5,169.00065156050172,Cl + O3 -> ClO + O2,5.487347205469506e-14,1267696433.2392032,4.3285971795694813e-23,4.328597179569481e-21
0.1pc_10x,16.5,102.52707940936762,Cl + O3 -> ClO + O2,1.1402592716456575e-13,1905017092.6152513,5.985559269078701e-23,5.985559269078701e-21
0.1pc_10x,19.5,60.80021211659363,Cl + O3 -> ClO + O2,1.8148181222928857e-13,2187608299.129359,8.295900701305445e-23,8.295900701305444e-21
0.1pc_10x,22.5,35.62078204699824,Cl + O3 -> ClO + O2,2.351152125658798e-13,2136249835.831404,9.747302509195744e-23,9.747302509195744e-21
0.1pc_10x,25.5,20.685413002477873,Cl + O3 -> ClO + O2,1.3849092277285318e-13,1420812810.9515312,9.747302509195744e-23,9.747302509195744e-21
0.1pc_10x,28.5,11.95216938596272,Cl + O3 -> ClO + O2,3.771921942202554e-14,561885559.206303,6.712971850585766e-23,6.712971850585766e-21
0.1pc_10x,31.5,6.909679412708865,Cl + O3 -> ClO + O2,7.771433097568034e-15,173038287.96588248,4.4911638857062127e-23,4.491163885706213e-21
0.1pc_10x,34.5,3.969984393683557,Cl + O3 -> ClO + O2,1.7633426652252899e-15,57650371.57021672,3.05868395501594e-23,3.0586839550159402e-21
0.1pc_10x,37.5,2.2559286714003246,Cl + O3 -> ClO + O2,3.465098291799795e-16,18014980.045768492,1.9234538606184614e-23,1.9234538606184615e-21
0.1pc_10x,40.5,1.2771959177965764,Cl + O3 -> ClO + O2,5.662054750831834e-17,5059945.784816532,1.1189951417705028e-23,1.1189951417705028e-21
0.1pc_10x,43.5,0.7217597147562685,Cl + O3 -> ClO + O2,9.504618266121404e-18,1526616.379353966,6.2259375666751135e-24,6.225937566675114e-22
0.1pc_10x,46.5,0.40559778364260574,Cl + O3 -> ClO + O2,1.7687371125706905e-18,517340.198402336,4.8224214008153324e-24,4.822421400815333e-22
0.1pc_10x,1.5,898.408624906595,H + O3 -> OH + O2,399.06733996363823,43495334.09050772,1.0247857823487237e-05,0.0010247857823487236
0.1pc_10x,4.5,620.0805044710909,H + O3 -> OH + O2,172.67297462156807,15252759.260727508,1.1320769683041082e-05,0.0011320769683041082
0.1pc_10x,7.5,417.0105828126983,H + O3 -> OH + O2,2154.918294456238,181050415.64776802,1.1320769683041082e-05,0.0011320769683041082
0.1pc_10x,10.5,271.3169213266104,H + O3 -> OH + O2,4390.3346528161965,519380044.9818914,8.453029135859983e-06,0.0008453029135859983
0.1pc_10x,13.5,169.00065156050172,H + O3 -> OH + O2,8624.397897929257,1267696433.2392032,6.803204356970774e-06,0.0006803204356970774
0.1pc_10x,16.5,102.52707940936762,H + O3 -> OH + O2,11108.550712431104,1905017092.6152513,6.803204356970774e-06,0.0006803204356970774
0.1pc_10x,19.5,60.80021211659363,H + O3 -> OH + O2,19445.99636630103,2187608299.129359,8.88915825289212e-06,0.000888915825289212
0.1pc_10x,22.5,35.62078204699824,H + O3 -> OH + O2,38690.83321072909,2136249835.831404,1.8111567552524146e-05,0.0018111567552524146
0.1pc_10x,25.5,20.685413002477873,H + O3 -> OH + O2,58532.75572449496,1420812810.9515312,4.119666945098492e-05,0.004119666945098492
0.1pc_10x,28.5,11.95216938596272,H + O3 -> OH + O2,60119.73960898332,561885559.206303,0.00010699641345811779,0.01069964134581178
0.1pc_10x,31.5,6.909679412708865,H + O3 -> OH + O2,51687.026995958775,173038287.96588248,0.00029870283394244963,0.029870283394244964
0.1pc_10x,34.5,3.969984393683557,H + O3 -> OH + O2,43591.2302498024,57650371.57021672,0.0007561309504607332,0.07561309504607332
0.1pc_10x,37.5,2.2559286714003246,H + O3 -> OH + O2,34896.41367638417,18014980.045768492,0.0019370775647670464,0.19370775647670466
0.1pc_10x,40.5,1.2771959177965764,H + O3 -> OH + O2,26602.69655397952,5059945.784816532,0.005257506243210489,0.5257506243210489
0.1pc_10x,43.5,0.7217597147562685,H + O3 -> OH + O2,21161.745483771574,1526616.379353966,0.013861861938574777,1.3861861938574775
0.1pc_10x,46.5,0.40559778364260574,H + O3 -> OH + O2,18987.815972515753,517340.198402336,0.025282313706560117,2.5282313706560116
0.1pc_10x,1.5,898.408624906595,HS + O3 -> HSO + O2,1710.0360534223275,43495334.09050772,4.273673527744424e-05,0.004273673527744424
0.1pc_10x,4.5,620.0805044710909,HS + O3 -> HSO + O2,704.0380799545862,15252759.260727508,3.931539070062046e-05,0.003931539070062046
0.1pc_10x,7.5,417.0105828126983,HS + O3 -> HSO + O2,4886.6920543613705,181050415.64776802,2.699078064459342e-05,0.002699078064459342
0.1pc_10x,10.5,271.3169213266104,HS + O3 -> HSO + O2,8286.432883674897,519380044.9818914,1.5954469109347108e-05,0.0015954469109347108
0.1pc_10x,13.5,169.00065156050172,HS + O3 -> HSO + O2,1524.7897717102528,1267696433.2392032,1.2028035511736257e-06,0.00012028035511736257
0.1pc_10x,16.5,102.52707940936762,HS + O3 -> HSO + O2,10.798328745172201,1905017092.6152513,5.668363180063653e-09,5.668363180063653e-07
0.1pc_10x,19.5,60.80021211659363,HS + O3 -> HSO + O2,0.017259412283305818,2187608299.129359,7.889626442802788e-12,7.889626442802788e-10
0.1pc_10x,22.5,35.62078204699824,HS + O3 -> HSO + O2,3.963802177141577e-06,2136249835.831404,1.855495602928349e-15,1.855495602928349e-13
0.1pc_10x,25.5,20.685413002477873,HS + O3 -> HSO + O2,2.0067190008625473e-10,1420812810.9515312,1.4123739491894287e-19,1.4123739491894288e-17
0.1pc_10x,28.5,11.95216938596272,HS + O3 -> HSO + O2,1.225938361639639e-14,561885559.206303,2.181829273867352e-23,2.181829273867352e-21
0.1pc_10x,31.5,6.909679412708865,HS + O3 -> HSO + O2,5.321476096415923e-16,173038287.96588248,3.62847374161081e-24,3.6284737416108097e-22
0.1pc_10x,34.5,3.969984393683557,HS + O3 -> HSO + O2,2.091828594366377e-16,57650371.57021672,3.62847374161081e-24,3.6284737416108097e-22
0.1pc_10x,37.5,2.2559286714003246,HS + O3 -> HSO + O2,1.6427532205193323e-15,18014980.045768492,9.118817874600954e-23,9.118817874600954e-21
0.1pc_10x,40.5,1.2771959177965764,HS + O3 -> HSO + O2,3.3169043373811516e-14,5059945.784816532,6.555217147452932e-21,6.555217147452931e-19
0.1pc_10x,43.5,0.7217597147562685,HS + O3 -> HSO + O2,1.862486284091618e-13,1526616.379353966,1.2200093679590843e-19,1.2200093679590842e-17
0.1pc_10x,46.5,0.40559778364260574,HS + O3 -> HSO + O2,3.6749326684307424e-13,517340.198402336,4.1617610328770074e-19,4.1617610328770075e-17
0.1pc_10x,1.5,898.408624906595,NO + O3 -> NO2 + O2,6581.507232977491,43495334.09050772,7.649194925790363e-05,0.0076491949257903626
0.1pc_10x,4.5,620.0805044710909,NO + O3 -> NO2 + O2,25.451535749054877,15252759.260727508,4.293330490645961e-05,0.004293330490645961
0.1pc_10x,7.5,417.0105828126983,NO + O3 -> NO2 + O2,7773.09269844687,181050415.64776802,4.293330490645961e-05,0.004293330490645961
0.1pc_10x,10.5,271.3169213266104,NO + O3 -> NO2 + O2,91133.45878936737,519380044.9818914,0.0001754658456170468,0.01754658456170468
0.1pc_10x,13.5,169.00065156050172,NO + O3 -> NO2 + O2,434482.3306020271,1267696433.2392032,0.0002599351071488889,0.025993510714888892
0.1pc_10x,16.5,102.52707940936762,NO + O3 -> NO2 + O2,495180.8220894102,1905017092.6152513,0.0002599351071488889,0.025993510714888892
0.1pc_10x,19.5,60.80021211659363,NO + O3 -> NO2 + O2,148156.8008860501,2187608299.129359,6.772547029786579e-05,0.006772547029786579
0.1pc_10x,22.5,35.62078204699824,NO + O3 -> NO2 + O2,22430.190703870536,2136249835.831404,1.049979750853484e-05,0.001049979750853484
0.1pc_10x,25.5,20.685413002477873,NO + O3 -> NO2 + O2,2933.700784884937,1420812810.9515312,2.0648045698012894e-06,0.00020648045698012894
0.1pc_10x,28.5,11.95216938596272,NO + O3 -> NO2 + O2,382.93644762423355,561885559.206303,6.815203582828401e-07,6.8152035828284e-05
0.1pc_10x,31.5,6.909679412708865,NO + O3 -> NO2 + O2,61.07969838559502,173038287.96588248,3.5298371882665616e-07,3.529837188266561e-05
0.1pc_10x,34.5,3.969984393683557,NO + O3 -> NO2 + O2,13.362747966730748,57650371.57021672,2.3178945083563342e-07,2.3178945083563343e-05
0.1pc_10x,37.5,2.2559286714003246,NO + O3 -> NO2 + O2,3.60964017950925,18014980.045768492,2.0647440643594172e-07,2.064744064359417e-05
0.1pc_10x,40.5,1.2771959177965764,NO + O3 -> NO2 + O2,1.0447493025180388,5059945.784816532,2.0647440643594172e-07,2.064744064359417e-05
0.1pc_10x,43.5,0.7217597147562685,NO + O3 -> NO2 + O2,0.31952671171642716,1526616.379353966,2.0647440643594172e-07,2.064744064359417e-05
0.1pc_10x,46.5,0.40559778364260574,NO + O3 -> NO2 + O2,0.10126289338959457,517340.198402336,2.0252069928847855e-07,2.0252069928847854e-05
0.1pc_10x,1.5,898.408624906595,NO2 + O3 -> NO3 + O2,851.3398332574809,43495334.09050772,9.937911641143865e-06,0.0009937911641143865
0.1pc_10x,4.5,620.0805044710909,NO2 + O3 -> NO3 + O2,4.616906112701435,15252759.260727508,3.02693173987801e-07,3.02693173987801e-05
0.1pc_10x,7.5,417.0105828126983,NO2 + O3 -> NO3 + O2,41.920253526064926,181050415.64776802,2.3153911785334095e-07,2.3153911785334097e-05
0.1pc_10x,10.5,271.3169213266104,NO2 + O3 -> NO3 + O2,63.31999575456973,519380044.9818914,1.2191457174057858e-07,1.2191457174057858e-05
0.1pc_10x,13.5,169.00065156050172,NO2 + O3 -> NO3 + O2,102.945029650192,1267696433.2392032,8.12063731907394e-08,8.12063731907394e-06
0.1pc_10x,16.5,102.52707940936762,NO2 + O3 -> NO3 + O2,52.716805135657516,1905017092.6152513,2.7672615295690955e-08,2.7672615295690954e-06
0.1pc_10x,19.5,60.80021211659363,NO2 + O3 -> NO3 + O2,6.079815344682512,2187608299.129359,2.779206564128598e-09,2.7792065641285983e-07
0.1pc_10x,22.5,35.62078204699824,NO2 + O3 -> NO3 + O2,0.2715898347558238,2136249835.831404,1.2713392890683322e-10,1.2713392890683321e-08
0.1pc_10x,25.5,20.685413002477873,NO2 + O3 -> NO3 + O2,0.010836017934740325,1420812810.9515312,7.626633044984544e-12,7.626633044984544e-10
0.1pc_10x,28.5,11.95216938596272,NO2 + O3 -> NO3 + O2,0.0006512414326331115,561885559.206303,1.1590285992632183e-12,1.1590285992632183e-10
0.1pc_10x,31.5,6.909679412708865,NO2 + O3 -> NO3 + O2,6.272898972100571e-05,173038287.96588248,3.6251508529357286e-13,3.6251508529357285e-11
0.1pc_10x,34.5,3.969984393683557,NO2 + O3 -> NO3 + O2,8.240344747035009e-06,57650371.57021672,1.4293654182260515e-13,1.4293654182260515e-11
0.1pc_10x,37.5,2.2559286714003246,NO2 + O3 -> NO3 + O2,1.4763329432613445e-06,18014980.045768492,8.195029578221031e-14,8.19502957822103e-12
0.1pc_10x,40.5,1.2771959177965764,NO2 + O3 -> NO3 + O2,3.398424494750046e-07,5059945.784816532,6.716325904020073e-14,6.7163259040200735e-12
0.1pc_10x,43.5,0.7217597147562685,NO2 + O3 -> NO3 + O2,7.990360707616972e-08,1526616.379353966,5.234033130836926e-14,5.234033130836926e-12
0.1pc_10x,46.5,0.40559778364260574,NO2 + O3 -> NO3 + O2,1.6884360317587602e-08,517340.198402336,4.248859632101696e-14,4.248859632101696e-12
0.1pc_10x,1.5,898.408624906595,O + O3 -> O2 + O2,124.50706172251392,43495334.09050772,1.7638217191208962e-06,0.00017638217191208962
0.1pc_10x,4.5,620.0805044710909,O + O3 -> O2 + O2,10.144687849312888,15252759.260727508,2.8625383463760065e-06,0.00028625383463760066
0.1pc_10x,7.5,417.0105828126983,O + O3 -> O2 + O2,923.4373774816179,181050415.64776802,5.100443289112118e-06,0.0005100443289112117
0.1pc_10x,10.5,271.3169213266104,O + O3 -> O2 + O2,4483.087114363452,519380044.9818914,8.631612164691e-06,0.0008631612164690999
0.1pc_10x,13.5,169.00065156050172,O + O3 -> O2 + O2,24165.856704219164,1267696433.2392032,1.9062810362628256e-05,0.0019062810362628255
0.1pc_10x,16.5,102.52707940936762,O + O3 -> O2 + O2,54452.62191373782,1905017092.6152513,2.858379702986497e-05,0.002858379702986497
0.1pc_10x,19.5,60.80021211659363,O + O3 -> O2 + O2,87839.14183631628,2187608299.129359,4.015304836394851e-05,0.004015304836394851
0.1pc_10x,22.5,35.62078204699824,O + O3 -> O2 + O2,93871.00769931749,2136249835.831404,4.015304836394851e-05,0.004015304836394851
0.1pc_10x,25.5,20.685413002477873,O + O3 -> O2 + O2,53373.39719448539,1420812810.9515312,3.756539692145705e-05,0.003756539692145705
0.1pc_10x,28.5,11.95216938596272,O + O3 -> O2 + O2,17936.662932469706,561885559.206303,3.1922270716133576e-05,0.0031922270716133573
0.1pc_10x,31.5,6.909679412708865,O + O3 -> O2 + O2,4565.629401657082,173038287.96588248,2.6385081910642086e-05,0.0026385081910642086
0.1pc_10x,34.5,3.969984393683557,O + O3 -> O2 + O2,1055.63900295103,57650371.57021672,1.831105289001109e-05,0.001831105289001109
0.1pc_10x,37.5,2.2559286714003246,O + O3 -> O2 + O2,245.8258820497058,18014980.045768492,1.3645637209986664e-05,0.0013645637209986664
0.1pc_10x,40.5,1.2771959177965764,O + O3 -> O2 + O2,57.59786578340045,5059945.784816532,1.1383099391348297e-05,0.0011383099391348297
0.1pc_10x,43.5,0.7217597147562685,O + O3 -> O2 + O2,14.570089671258712,1526616.379353966,9.544041232823983e-06,0.0009544041232823982
0.1pc_10x,46.5,0.40559778364260574,O + O3 -> O2 + O2,4.176489770737754,517340.198402336,8.808522886712755e-06,0.0008808522886712755
0.1pc_10x,1.5,898.408624906595,O1D + O3 -> O2 + O2,0.10036651609699751,43495334.09050772,1.7697840127045482e-09,1.7697840127045482e-07
0.1pc_10x,4.5,620.0805044710909,O1D + O3 -> O2 + O2,0.01879207484745791,15252759.260727508,2.307523742389213e-09,2.3075237423892132e-07
0.1pc_10x,7.5,417.0105828126983,O1D + O3 -> O2 + O2,3.0566606552399693,181050415.64776802,1.6882925368073584e-08,1.6882925368073584e-06
0.1pc_10x,10.5,271.3169213266104,O1D + O3 -> O2 + O2,28.502141551599664,519380044.9818914,5.4877236480260645e-08,5.487723648026064e-06
0.1pc_10x,13.5,169.00065156050172,O1D + O3 -> O2 + O2,242.1387111257769,1267696433.2392032,1.910068568285444e-07,1.9100685682854442e-05
0.1pc_10x,16.5,102.52707940936762,O1D + O3 -> O2 + O2,763.7989529421712,1905017092.6152513,4.009407348117861e-07,4.009407348117861e-05
0.1pc_10x,19.5,60.80021211659363,O1D + O3 -> O2 + O2,1359.345204866448,2187608299.129359,6.213841871999895e-07,6.213841871999895e-05
0.1pc_10x,22.5,35.62078204699824,O1D + O3 -> O2 + O2,1333.343181361374,2136249835.831404,6.213841871999895e-07,6.213841871999895e-05
0.1pc_10x,25.5,20.685413002477873,O1D + O3 -> O2 + O2,603.0084892433403,1420812810.9515312,4.244109319647111e-07,4.244109319647111e-05
0.1pc_10x,28.5,11.95216938596272,O1D + O3 -> O2 + O2,128.4659479655508,561885559.206303,2.2863365299335446e-07,2.2863365299335446e-05
0.1pc_10x,31.5,6.909679412708865,O1D + O3 -> O2 + O2,19.137654395849296,173038287.96588248,1.1059780249110312e-07,1.1059780249110312e-05
0.1pc_10x,34.5,3.969984393683557,O1D + O3 -> O2 + O2,3.4313485754258375,57650371.57021672,5.9519973279730554e-08,5.9519973279730554e-06
0.1pc_10x,37.5,2.2559286714003246,O1D + O3 -> O2 + O2,0.575083465545773,18014980.045768492,3.192251471190796e-08,3.1922514711907965e-06
0.1pc_10x,40.5,1.2771959177965764,O1D + O3 -> O2 + O2,0.07874488019478125,5059945.784816532,1.5562396030224747e-08,1.5562396030224748e-06
0.1pc_10x,43.5,0.7217597147562685,O1D + O3 -> O2 + O2,0.012543195563851684,1526616.379353966,8.216337603530571e-09,8.216337603530572e-07
0.1pc_10x,46.5,0.40559778364260574,O1D + O3 -> O2 + O2,0.003048548596277209,517340.198402336,7.054536207286661e-09,7.054536207286661e-07
0.1pc_10x,1.5,898.408624906595,O3 + M -> O + O2 + M,4494.248172341698,43495334.09050772,5.2573250450844986e-05,0.005257325045084499
0.1pc_10x,4.5,620.0805044710909,O3 + M -> O + O2 + M,27.750379947563022,15252759.260727508,1.819367858182495e-06,0.0001819367858182495
0.1pc_10x,7.5,417.0105828126983,O3 + M -> O + O2 + M,5.243058666466417,181050415.64776802,2.89591086974732e-08,2.89591086974732e-06
0.1pc_10x,10.5,271.3169213266104,O3 + M -> O + O2 + M,0.11424926653097316,519380044.9818914,2.1997238368092588e-10,2.1997238368092588e-08
0.1pc_10x,13.5,169.00065156050172,O3 + M -> O + O2 + M,0.0024372344257776717,1267696433.2392032,1.9225694431829223e-12,1.9225694431829223e-10
0.1pc_10x,16.5,102.52707940936762,O3 + M -> O + O2 + M,7.656401837264507e-05,1905017092.6152513,4.019072514857923e-14,4.019072514857923e-12
0.1pc_10x,19.5,60.80021211659363,O3 + M -> O + O2 + M,4.014445455569406e-06,2187608299.129359,1.8350842137356613e-15,1.8350842137356612e-13
0.1pc_10x,22.5,35.62078204699824,O3 + M -> O + O2 + M,3.805081356057677e-07,2136249835.831404,1.7811967927322428e-16,1.781196792732243e-14
0.1pc_10x,25.5,20.685413002477873,O3 + M -> O + O2 + M,2.8556278761948362e-08,1420812810.9515312,2.0098551013784823e-17,2.0098551013784823e-15
0.1pc_10x,28.5,11.95216938596272,O3 + M -> O + O2 + M,3.7025158807282903e-09,561885559.206303,6.589448367312226e-18,6.589448367312226e-16
0.1pc_10x,31.5,6.909679412708865,O3 + M -> O + O2 + M,5.959114168957456e-10,173038287.96588248,3.443812487403019e-18,3.443812487403019e-16
0.1pc_10x,34.5,3.969984393683557,O3 + M -> O + O2 + M,2.81917635107306e-11,57650371.57021672,4.8901269398400545e-19,4.8901269398400545e-17
0.1pc_10x,37.5,2.2559286714003246,O3 + M -> O + O2 + M,1.554227545655404e-12,18014980.045768492,8.627417525341494e-20,8.627417525341495e-18
0.1pc_10x,40.5,1.2771959177965764,O3 + M -> O + O2 + M,2.0406901876173938e-13,5059945.784816532,4.033027772236075e-20,4.033027772236075e-18
0.1pc_10x,43.5,0.7217597147562685,O3 + M -> O + O2 + M,2.215275064575044e-14,1526616.379353966,1.4511013339923055e-20,1.4511013339923054e-18
0.1pc_10x,46.5,0.40559778364260574,O3 + M -> O + O2 + M,1.6372259568855532e-15,517340.198402336,8.837856120034883e-21,8.837856120034882e-19
0.1pc_10x,1.5,898.408624906595,O3 + hv -> O + O2,31272586.164579317,43495334.09050772,0.6857323666527417,68.57323666527418
0.1pc_10x,4.5,620.0805044710909,O3 + hv -> O + O2,9952083.54727708,15252759.260727508,0.652477586327708,65.2477586327708
0.1pc_10x,7.5,417.0105828126983,O3 + hv -> O + O2,113479019.13769962,181050415.64776802,0.6267813234876635,62.67813234876635
0.1pc_10x,10.5,271.3169213266104,O3 + hv -> O + O2,314308639.9447036,519380044.9818914,0.6051611781805406,60.51611781805406
0.1pc_10x,13.5,169.00065156050172,O3 + hv -> O + O2,722988308.40519,1267696433.2392032,0.5703165911398983,57.03165911398983
0.1pc_10x,16.5,102.52707940936762,O3 + hv -> O + O2,952860775.4135373,1905017092.6152513,0.5001848955094823,50.01848955094823
0.1pc_10x,19.5,60.80021211659363,O3 + hv -> O + O2,829452433.7553644,2187608299.129359,0.3791594839375387,37.915948393753865
0.1pc_10x,22.5,35.62078204699824,O3 + hv -> O + O2,523365281.5254224,2136249835.831404,0.24499254382469485,24.499254382469484
0.1pc_10x,25.5,20.685413002477873,O3 + hv -> O + O2,255348933.0968846,1420812810.9515312,0.1797203200370041,17.972032003700413
0.1pc_10x,28.5,11.95216938596272,O3 + hv -> O + O2,89930878.6216287,561885559.206303,0.16005194856522287,16.005194856522287
0.1pc_10x,31.5,6.909679412708865,O3 + hv -> O + O2,26720936.90819876,173038287.96588248,0.1544221063575667,15.44221063575667
0.1pc_10x,34.5,3.969984393683557,O3 + hv -> O + O2,8795774.78501492,57650371.57021672,0.15257099903166946,15.257099903166946
0.1pc_10x,37.5,2.2559286714003246,O3 + hv -> O + O2,2733131.95217941,18014980.045768492,0.15171440352615825,15.171440352615825
0.1pc_10x,40.5,1.2771959177965764,O3 + hv -> O + O2,763700.7790304851,5059945.784816532,0.15093062485415068,15.093062485415068
0.1pc_10x,43.5,0.7217597147562685,O3 + hv -> O + O2,228231.70508532005,1526616.379353966,0.14950167453456983,14.950167453456983
0.1pc_10x,46.5,0.40559778364260574,O3 + hv -> O + O2,75520.56761460977,517340.198402336,0.14774010801005188,14.774010801005188
0.1pc_10x,1.5,898.408624906595,O3 + hv -> O1D + O2,12199984.473181719,43495334.09050772,0.313836644092622,31.383664409262202
0.1pc_10x,4.5,620.0805044710909,O3 + hv -> O1D + O2,5295510.753811962,15252759.260727508,0.3471837890634473,34.71837890634473
0.1pc_10x,7.5,417.0105828126983,O3 + hv -> O1D + O2,67516049.24798779,181050415.64776802,0.3729129756837436,37.29129756837436
0.1pc_10x,10.5,271.3169213266104,O3 + hv -> O1D + O2,204894818.46040598,519380044.9818914,0.39449882689957755,39.449882689957754
0.1pc_10x,13.5,169.00065156050172,O3 + hv -> O1D + O2,544086238.2587625,1267696433.2392032,0.42919284459018286,42.919284459018286
0.1pc_10x,16.5,102.52707940936762,O3 + hv -> O1D + O2,951315314.6892916,1905017092.6152513,0.4993736373164527,49.93736373164527
0.1pc_10x,19.5,60.80021211659363,O3 + hv -> O1D + O2,1357501704.2884924,2187608299.129359,0.6205414857992454,62.05414857992454
0.1pc_10x,22.5,35.62078204699824,O3 + hv -> O1D + O2,1612339477.258667,2136249835.831404,0.7547523001358888,75.47523001358888
0.1pc_10x,25.5,20.685413002477873,O3 + hv -> O1D + O2,1165157314.1025016,1420812810.9515312,0.8200639135018675,82.00639135018675
0.1pc_10x,28.5,11.95216938596272,O3 + hv -> O1D + O2,471811797.5425661,561885559.206303,0.8396937593645022,83.96937593645022
0.1pc_10x,31.5,6.909679412708865,O3 + hv -> O1D + O2,146240794.01021096,173038287.96588248,0.8451354652737022,84.51354652737022
0.1pc_10x,34.5,3.969984393683557,O3 + hv -> O1D + O2,48803569.69185313,57650371.57021672,0.8462310203805777,84.62310203805778
0.1pc_10x,37.5,2.2559286714003246,O3 + hv -> O1D + O2,15244834.946266418,18014980.045768492,0.8462310203805777,84.62310203805778
0.1pc_10x,40.5,1.2771959177965764,O3 + hv -> O1D + O2,4269068.903456082,5059945.784816532,0.8436985463888469,84.36985463888469
0.1pc_10x,43.5,0.7217597147562685,O3 + hv -> O1D + O2,1277065.4446562754,1526616.379353966,0.8365333045861229,83.65333045861229
0.1pc_10x,46.5,0.40559778364260574,O3 + hv -> O1D + O2,422786.19264075597,517340.198402336,0.8268819058016963,82.68819058016963
0.1pc_10x,1.5,898.408624906595,OH + O3 -> HO2 + O2,5867.70204460485,43495334.09050772,0.0001408115259452507,0.01408115259452507
0.1pc_10x,4.5,620.0805044710909,OH + O3 -> HO2 + O2,2237.867749322914,15252759.260727508,0.00014438679412169552,0.014438679412169551
0.1pc_10x,7.5,417.0105828126983,OH + O3 -> HO2 + O2,26141.289089781683,181050415.64776802,0.00014438679412169552,0.014438679412169551
0.1pc_10x,10.5,271.3169213266104,OH + O3 -> HO2 + O2,52986.938248400606,519380044.9818914,0.00010894002612813325,0.010894002612813324
0.1pc_10x,13.5,169.00065156050172,OH + O3 -> HO2 + O2,138102.88255962013,1267696433.2392032,0.00010894002612813325,0.010894002612813324
0.1pc_10x,16.5,102.52707940936762,OH + O3 -> HO2 + O2,259478.77420754242,1905017092.6152513,0.00013620810816522596,0.013620810816522595
0.1pc_10x,19.5,60.80021211659363,OH + O3 -> HO2 + O2,369154.5358101176,2187608299.129359,0.00016802123615468575,0.016802123615468574
0.1pc_10x,22.5,35.62078204699824,OH + O3 -> HO2 + O2,358935.338151637,2136249835.831404,0.00016802123615468575,0.016802123615468574
0.1pc_10x,25.5,20.685413002477873,OH + O3 -> HO2 + O2,175264.19483083102,1420812810.9515312,0.00012335488072735986,0.012335488072735986
0.1pc_10x,28.5,11.95216938596272,OH + O3 -> HO2 + O2,58882.32323271685,561885559.206303,0.00010817529658426625,0.010817529658426625
0.1pc_10x,31.5,6.909679412708865,OH + O3 -> HO2 + O2,18718.468121143007,173038287.96588248,0.00010494449891308705,0.010494449891308705
0.1pc_10x,34.5,3.969984393683557,OH + O3 -> HO2 + O2,6050.089356589673,57650371.57021672,0.00010494449891308705,0.010494449891308705
0.1pc_10x,37.5,2.2559286714003246,OH + O3 -> HO2 + O2,1811.4730068056433,18014980.045768492,0.00010055370598265731,0.010055370598265731
0.1pc_10x,40.5,1.2771959177965764,OH + O3 -> HO2 + O2,505.04053542900306,5059945.784816532,9.981145192197257e-05,0.009981145192197257
0.1pc_10x,43.5,0.7217597147562685,OH + O3 -> HO2 + O2,140.71044485224988,1526616.379353966,9.21714497205878e-05,0.00921714497205878
0.1pc_10x,46.5,0.40559778364260574,OH + O3 -> HO2 + O2,40.82377131095431,517340.198402336,8.554116582257305e-05,0.008554116582257305
0.1pc_10x,1.5,898.408624906595,S + O3 -> SO + O2,0.15581536194331233,43495334.09050772,6.10652466047706e-09,6.10652466047706e-07
0.1pc_10x,4.5,620.0805044710909,S + O3 -> SO + O2,0.13164203094187787,15252759.260727508,8.630702726740537e-09,8.630702726740537e-07
0.1pc_10x,7.5,417.0105828126983,S + O3 -> SO + O2,1.7325736943069308,181050415.64776802,9.345377139558367e-09,9.345377139558368e-07
0.1pc_10x,10.5,271.3169213266104,S + O3 -> SO + O2,4.853802399116565,519380044.9818914,9.345377139558367e-09,9.345377139558368e-07
0.1pc_10x,13.5,169.00065156050172,S + O3 -> SO + O2,3.732550041643731,1267696433.2392032,2.9443563488668672e-09,2.944356348866867e-07
0.1pc_10x,16.5,102.52707940936762,S + O3 -> SO + O2,0.17894314430311223,1905017092.6152513,9.3932566272912e-11,9.393256627291199e-09
0.1pc_10x,19.5,60.80021211659363,S + O3 -> SO + O2,0.000813931241929046,2187608299.129359,3.720644332227943e-13,3.720644332227943e-11
0.1pc_10x,22.5,35.62078204699824,S + O3 -> SO + O2,4.6945628154978037e-07,2136249835.831404,2.1975719959134526e-16,2.1975719959134527e-14
0.1pc_10x,25.5,20.685413002477873,S + O3 -> SO + O2,7.234410926409426e-11,1420812810.9515312,5.0917410588130013e-20,5.091741058813001e-18
0.1pc_10x,28.5,11.95216938596272,S + O3 -> SO + O2,8.910736238743976e-15,561885559.206303,1.5858631873954767e-23,1.5858631873954767e-21
0.1pc_10x,31.5,6.909679412708865,S + O3 -> SO + O2,4.542331630171008e-16,173038287.96588248,5.62571122455921e-24,5.62571122455921e-22
0.1pc_10x,34.5,3.969984393683557,S + O3 -> SO + O2,3.243243424425774e-16,57650371.57021672,5.62571122455921e-24,5.62571122455921e-22
0.1pc_10x,37.5,2.2559286714003246,S + O3 -> SO + O2,4.882299460536186e-15,18014980.045768492,2.7101331492637323e-22,2.7101331492637323e-20
0.1pc_10x,40.5,1.2771959177965764,S + O3 -> SO + O2,1.5337060822536726e-13,5059945.784816532,3.031072164559334e-20,3.031072164559334e-18
0.1pc_10x,43.5,0.7217597147562685,S + O3 -> SO + O2,1.4610869624123936e-12,1526616.379353966,9.570753872238007e-19,9.570753872238006e-17
0.1pc_10x,46.5,0.40559778364260574,S + O3 -> SO + O2,5.610950393157214e-12,517340.198402336,5.9014203639370585e-18,5.901420363937059e-16
0.1pc_10x,1.5,898.408624906595,SO + O3 -> SO2 + O2,1084.3984626664558,43495334.09050772,6.168107002297773e-05,0.006168107002297773
0.1pc_10x,4.5,620.0805044710909,SO + O3 -> SO2 + O2,1501.3407709132525,15252759.260727508,5.1592354838585696e-05,0.005159235483858569
0.1pc_10x,7.5,417.0105828126983,SO + O3 -> SO2 + O2,9340.817287773076,181050415.64776802,5.1592354838585696e-05,0.005159235483858569
0.1pc_10x,10.5,271.3169213266104,SO + O3 -> SO2 + O2,9536.424226974008,519380044.9818914,1.8361167933023887e-05,0.0018361167933023887
0.1pc_10x,13.5,169.00065156050172,SO + O3 -> SO2 + O2,2650.1450102410276,1267696433.2392032,2.090520207167743e-06,0.0002090520207167743
0.1pc_10x,16.5,102.52707940936762,SO + O3 -> SO2 + O2,52.28308581459107,1905017092.6152513,2.7444943154192723e-08,2.7444943154192724e-06
0.1pc_10x,19.5,60.80021211659363,SO + O3 -> SO2 + O2,0.1389150399774713,2187608299.129359,6.350087446311013e-11,6.350087446311013e-09
0.1pc_10x,22.5,35.62078204699824,SO + O3 -> SO2 + O2,4.372957882108436e-05,2136249835.831404,2.0470254970933822e-14,2.047025497093382e-12
0.1pc_10x,25.5,20.685413002477873,SO + O3 -> SO2 + O2,3.3296639846745327e-09,1420812810.9515312,2.343492372119468e-18,2.343492372119468e-16
0.1pc_10x,28.5,11.95216938596272,SO + O3 -> SO2 + O2,2.6356425510813126e-13,561885559.206303,4.690710604494473e-22,4.6907106044944733e-20
0.1pc_10x,31.5,6.909679412708865,SO + O3 -> SO2 + O2,9.887490391822128e-15,173038287.96588248,5.714047745185516e-23,5.714047745185516e-21
0.1pc_10x,34.5,3.969984393683557,SO + O3 -> SO2 + O2,3.1919300385395477e-15,57650371.57021672,5.714047745185516e-23,5.714047745185516e-21
0.1pc_10x,37.5,2.2559286714003246,SO + O3 -> SO2 + O2,2.027042935451591e-14,18014980.045768492,1.125198546044307e-21,1.1251985460443068e-19
0.1pc_10x,40.5,1.2771959177965764,SO + O3 -> SO2 + O2,3.653566534857977e-13,5059945.784816532,7.220564587512574e-20,7.220564587512574e-18
0.1pc_10x,43.5,0.7217597147562685,SO + O3 -> SO2 + O2,1.995918294722053e-12,1526616.379353966,1.3074131273022802e-18,1.30741312730228e-16
0.1pc_10x,46.5,0.40559778364260574,SO + O3 -> SO2 + O2,4.273674281020173e-12,517340.198402336,4.784135915766295e-18,4.784135915766295e-16
0.1pc_10x,1.5,898.408624906595,SO2 + O3 -> SO3 + O2,0.007758707992970731,43495334.09050772,9.541671060722479e-11,9.541671060722478e-09
0.1pc_10x,4.5,620.0805044710909,SO2 + O3 -> SO3 + O2,0.00018994542453045448,15252759.260727508,1.2453184455583853e-11,1.2453184455583854e-09
0.1pc_10x,7.5,417.0105828126983,SO2 + O3 -> SO3 + O2,8.717308431744876e-05,181050415.64776802,4.814851377477267e-13,4.814851377477267e-11
0.1pc_10x,10.5,271.3169213266104,SO2 + O3 -> SO3 + O2,7.943095467142641e-06,519380044.9818914,1.529341672612698e-14,1.529341672612698e-12
0.1pc_10x,13.5,169.00065156050172,SO2 + O3 -> SO3 + O2,3.6395384566830804e-07,1267696433.2392032,2.870985798534886e-16,2.870985798534886e-14
0.1pc_10x,16.5,102.52707940936762,SO2 + O3 -> SO3 + O2,1.1501540035131354e-09,1905017092.6152513,6.037499652741579e-19,6.037499652741579e-17
0.1pc_10x,19.5,60.80021211659363,SO2 + O3 -> SO3 + O2,4.992754795747371e-13,2187608299.129359,2.282289200372126e-22,2.282289200372126e-20
0.1pc_10x,22.5,35.62078204699824,SO2 + O3 -> SO3 + O2,5.2797885603353356e-17,2136249835.831404,2.471522043806502e-26,2.471522043806502e-24
0.1pc_10x,25.5,20.685413002477873,SO2 + O3 -> SO3 + O2,1.990911140135572e-21,1420812810.9515312,1.4012480214070147e-30,1.4012480214070147e-28
0.1pc_10x,28.5,11.95216938596272,SO2 + O3 -> SO3 + O2,1.2367560017333946e-25,561885559.206303,2.2010816641744386e-34,2.2010816641744387e-32
0.1pc_10x,31.5,6.909679412708865,SO2 + O3 -> SO3 + O2,5.642204103818704e-27,173038287.96588248,3.260668011770414e-35,3.260668011770414e-33
0.1pc_10x,34.5,3.969984393683557,SO2 + O3 -> SO3 + O2,9.816880492041386e-28,57650371.57021672,3.260668011770414e-35,3.260668011770414e-33
0.1pc_10x,37.5,2.2559286714003246,SO2 + O3 -> SO3 + O2,3.7785470723608715e-27,18014980.045768492,2.0974472704167153e-34,2.0974472704167152e-32
0.1pc_10x,40.5,1.2771959177965764,SO2 + O3 -> SO3 + O2,6.21672018721082e-26,5059945.784816532,1.2286139914513393e-32,1.2286139914513393e-30
0.1pc_10x,43.5,0.7217597147562685,SO2 + O3 -> SO3 + O2,2.525903452897351e-25,1526616.379353966,1.6545764129468227e-31,1.6545764129468229e-29
0.1pc_10x,46.5,0.40559778364260574,SO2 + O3 -> SO3 + O2,3.3238072888178656e-25,517340.198402336,4.039688189195166e-31,4.039688189195166e-29
0.1pc_10x,1.5,898.408624906595,rainout,0.19979730893467298,43495334.09050772,2.5208236750828842e-09,2.520823675082884e-07
0.1pc_10x,4.5,620.0805044710909,rainout,0.006834960510848115,15252759.260727508,4.481130524656369e-10,4.481130524656369e-08
0.1pc_10x,7.5,417.0105828126983,rainout,0.028325310999411928,181050415.64776802,1.5644985347351298e-10,1.5644985347351298e-08
0.1pc_10x,10.5,271.3169213266104,rainout,0.003631051074353315,519380044.9818914,8.172048948453197e-11,8.172048948453197e-09
0.1pc_1x,1.5,898.4033681738869,CH3 + O3 -> H2CO + HO2,1243.7586328695672,114205406.86312295,1.007745712521609e-05,0.001007745712521609
0.1pc_1x,4.5,620.0757215276589,CH3 + O3 -> H2CO + HO2,1781.2358464709478,192267274.08031982,9.264373539341048e-06,0.0009264373539341048
0.1pc_1x,7.5,417.007318092503,CH3 + O3 -> H2CO + HO2,2052.9187021043153,396457190.79697114,5.178159836065708e-06,0.0005178159836065708
0.1pc_1x,10.5,271.3139583070344,CH3 + O3 -> H2CO + HO2,1234.1996197834394,618227059.983634,1.996353281294597e-06,0.0001996353281294597
0.1pc_1x,13.5,168.99866697643557,CH3 + O3 -> H2CO + HO2,1539.9661822988164,1279530253.7082012,1.2035402663093326e-06,0.00012035402663093325
0.1pc_1x,16.5,102.5257586329344,CH3 + O3 -> H2CO + HO2,1785.0821793442701,2012728435.741888,1.1088802395009286e-06,0.00011088802395009286
0.1pc_1x,19.5,60.799542352537856,CH3 + O3 -> H2CO + HO2,2683.0104942652574,2419567414.667606,1.1088802395009286e-06,0.00011088802395009286
0.1pc_1x,22.5,35.62051392815702,CH3 + O3 -> H2CO + HO2,3365.093318843703,2494242981.6837654,1.1088802395009286e-06,0.00011088802395009286
0.1pc_1x,25.5,20.68518298541812,CH3 + O3 -> H2CO + HO2,1898.1761073613047,1782945173.2716863,1.0646295443163689e-06,0.00010646295443163688
0.1pc_1x,28.5,11.952028373203648,CH3 + O3 -> H2CO + HO2,577.5153135667418,740602020.6702573,7.797917065417682e-07,7.797917065417682e-05
0.1pc_1x,31.5,6.909599995273375,CH3 + O3 -> H2CO + HO2,135.14939374096267,247773297.73034662,5.454558460453905e-07,5.4545584604539054e-05
0.1pc_1x,34.5,3.9699336245417904,CH3 + O3 -> H2CO + HO2,24.52990253225682,84898588.69498962,2.8893180569095227e-07,2.889318056909523e-05
0.1pc_1x,37.5,2.255904410833008,CH3 + O3 -> H2CO + HO2,5.970669576925994,26523645.365215756,2.8893180569095227e-07,2.889318056909523e-05
0.1pc_1x,40.5,1.277179827702713,CH3 + O3 -> H2CO + HO2,2.6732832618216404,7491185.172004438,3.5685718620493564e-07,3.5685718620493564e-05
0.1pc_1x,43.5,0.7217505110205767,CH3 + O3 -> H2CO + HO2,0.8276588650573002,2289373.3444635333,3.5685718620493564e-07,3.5685718620493564e-05
0.1pc_1x,46.5,0.40559242145963353,CH3 + O3 -> H2CO + HO2,0.16232484377283077,816742.814560171,1.9874658323164469e-07,1.987465832316447e-05
0.1pc_1x,49.5,0.22629779400823322,CH3 + O3 -> H2CO + HO2,0.023015254726984326,322842.2579477482,1.3501802857387779e-07,1.3501802857387778e-05
0.1pc_1x,1.5,898.4033681738869,CS + O3 -> OCS + O2,1.9468725824222627e-18,114205406.86312295,2.3018178283679266e-26,2.3018178283679264e-24
0.1pc_1x,4.5,620.0757215276589,CS + O3 -> OCS + O2,5.573682659193454e-18,192267274.08031982,1.7047113931791525e-26,1.7047113931791527e-24
0.1pc_1x,7.5,417.007318092503,CS + O3 -> OCS + O2,6.248832703516756e-18,396457190.79697114,1.57616833508686e-26,1.5761683350868601e-24
0.1pc_1x,10.5,271.3139583070344,CS + O3 -> OCS + O2,3.553493136385967e-18,618227059.983634,5.7478770607032905e-27,5.747877060703291e-25
0.1pc_1x,13.5,168.99866697643557,CS + O3 -> OCS + O2,1.6924717564160615e-18,1279530253.7082012,1.322728987072495e-27,1.322728987072495e-25
0.1pc_1x,16.5,102.5257586329344,CS + O3 -> OCS + O2,1.7388046252754623e-19,2012728435.741888,8.639042378484319e-29,8.639042378484319e-27
0.1pc_1x,19.5,60.799542352537856,CS + O3 -> OCS + O2,5.376046513322239e-21,2419567414.667606,2.2219039985132163e-30,2.2219039985132162e-28
0.1pc_1x,22.5,35.62051392815702,CS + O3 -> OCS + O2,4.428411778166134e-23,2494242981.6837654,1.775453237990746e-32,1.775453237990746e-30
0.1pc_1x,25.5,20.68518298541812,CS + O3 -> OCS + O2,4.61144585947127e-26,1782945173.2716863,2.5864204511736685e-35,2.5864204511736684e-33
0.1pc_1x,28.5,11.952028373203648,CS + O3 -> OCS + O2,2.9890296689566045e-27,740602020.6702573,4.0359458731309996e-36,4.0359458731309994e-34
0.1pc_1x,31.5,6.909599995273375,CS + O3 -> OCS + O2,5.0454541838602e-28,247773297.73034662,4.0359458731309996e-36,4.0359458731309994e-34
0.1pc_1x,34.5,3.9699336245417904,CS + O3 -> OCS + O2,1.5258323774964573e-26,84898588.69498962,1.7972411567149006e-34,1.7972411567149007e-32
0.1pc_1x,37.5,2.255904410833008,CS + O3 -> OCS + O2,5.435520070354802e-24,26523645.365215756,2.0493110941240288e-31,2.049311094124029e-29
0.1pc_1x,40.5,1.277179827702713,CS + O3 -> OCS + O2,2.118897113818411e-22,7491185.172004438,2.828520541365088e-29,2.828520541365088e-27
0.1pc_1x,43.5,0.7217505110205767,CS + O3 -> OCS + O2,1.626985417769966e-21,2289373.3444635333,7.1066845506197505e-28,7.106684550619751e-26
0.1pc_1x,46.5,0.40559242145963353,CS + O3 -> OCS + O2,3.8196479015606865e-21,816742.814560171,4.67668381461994e-27,4.67668381461994e-25
0.1pc_1x,49.5,0.22629779400823322,CS + O3 -> OCS + O2,3.3186656482375137e-21,322842.2579477482,7.478105315814314e-27,7.478105315814313e-25
0.1pc_1x,1.5,898.4033681738869,Cl + O3 -> ClO + O2,9.966152059963065e-21,114205406.86312295,6.985327594196882e-29,6.985327594196881e-27
0.1pc_1x,4.5,620.0757215276589,Cl + O3 -> ClO + O2,1.0082765222099838e-20,192267274.08031982,5.244140101496292e-29,5.244140101496292e-27
0.1pc_1x,7.5,417.007318092503,Cl + O3 -> ClO + O2,1.3037538527594134e-20,396457190.79697114,3.2885110499284044e-29,3.288511049928404e-27
0.1pc_1x,10.5,271.3139583070344,Cl + O3 -> ClO + O2,1.2268345727972039e-20,618227059.983634,1.984440106568097e-29,1.984440106568097e-27
0.1pc_1x,13.5,168.99866697643557,Cl + O3 -> ClO + O2,1.434590289038424e-20,1279530253.7082012,1.1211851262452326e-29,1.1211851262452325e-27
0.1pc_1x,16.5,102.5257586329344,Cl + O3 -> ClO + O2,1.1992581280900603e-20,2012728435.741888,5.9583702738716264e-30,5.958370273871626e-28
0.1pc_1x,19.5,60.799542352537856,Cl + O3 -> ClO + O2,6.411793304573179e-21,2419567414.667606,2.649975059882353e-30,2.649975059882353e-28
0.1pc_1x,22.5,35.62051392815702,Cl + O3 -> ClO + O2,2.1355720375260086e-21,2494242981.6837654,8.56200479748115e-31,8.562004797481149e-29
0.1pc_1x,25.5,20.68518298541812,Cl + O3 -> ClO + O2,4.252792819676546e-22,1782945173.2716863,2.385262813142321e-31,2.385262813142321e-29
0.1pc_1x,28.5,11.952028373203648,Cl + O3 -> ClO + O2,6.947573987324019e-23,740602020.6702573,9.380981678981036e-32,9.380981678981037e-30
0.1pc_1x,31.5,6.909599995273375,Cl + O3 -> ClO + O2,1.1721427908456694e-23,247773297.73034662,4.730706664449857e-32,4.730706664449857e-30
0.1pc_1x,34.5,3.9699336245417904,Cl + O3 -> ClO + O2,2.185078402132178e-24,84898588.69498962,2.5737511491296826e-32,2.5737511491296827e-30
0.1pc_1x,37.5,2.255904410833008,Cl + O3 -> ClO + O2,3.8060248565745442e-25,26523645.365215756,1.4349554158818335e-32,1.4349554158818335e-30
0.1pc_1x,40.5,1.277179827702713,Cl + O3 -> ClO + O2,6.015798503247586e-26,7491185.172004438,8.030503004690673e-33,8.030503004690672e-31
0.1pc_1x,43.5,0.7217505110205767,Cl + O3 -> ClO + O2,1.018636725547433e-26,2289373.3444635333,4.449412884145068e-33,4.449412884145068e-31
0.1pc_1x,46.5,0.40559242145963353,Cl + O3 -> ClO + O2,1.9712421116417642e-27,816742.814560171,2.4135408068491054e-33,2.4135408068491053e-31
0.1pc_1x,49.5,0.22629779400823322,Cl + O3 -> ClO + O2,4.046259414871698e-28,322842.2579477482,1.8334323900853235e-33,1.8334323900853234e-31
0.1pc_1x,1.5,898.4033681738869,H + O3 -> OH + O2,564.9667238081144,114205406.86312295,5.622123596949742e-06,0.0005622123596949742
0.1pc_1x,4.5,620.0757215276589,H + O3 -> OH + O2,1210.7670505509768,192267274.08031982,4.947588206991099e-06,0.0004947588206991099
0.1pc_1x,7.5,417.007318092503,H + O3 -> OH + O2,1961.5069217639148,396457190.79697114,4.947588206991099e-06,0.0004947588206991099
0.1pc_1x,10.5,271.3139583070344,H + O3 -> OH + O2,1664.6365259473987,618227059.983634,2.6925973217533792e-06,0.00026925973217533793
0.1pc_1x,13.5,168.99866697643557,H + O3 -> OH + O2,2265.4829275426255,1279530253.7082012,1.8137084061170325e-06,0.00018137084061170324
0.1pc_1x,16.5,102.5257586329344,H + O3 -> OH + O2,3650.502483135848,2012728435.741888,1.8137084061170325e-06,0.00018137084061170324
0.1pc_1x,19.5,60.799542352537856,H + O3 -> OH + O2,10323.66481619864,2419567414.667606,4.26673989474969e-06,0.00042667398947496895
0.1pc_1x,22.5,35.62051392815702,H + O3 -> OH + O2,35991.29932817051,2494242981.6837654,1.4429748662207e-05,0.0014429748662207
0.1pc_1x,25.5,20.68518298541812,H + O3 -> OH + O2,72519.33069905793,1782945173.2716863,4.0673898326321325e-05,0.004067389832632133
0.1pc_1x,28.5,11.952028373203648,H + O3 -> OH + O2,78091.39919982605,740602020.6702573,0.00010544313547666534,0.010544313547666533
0.1pc_1x,31.5,6.909599995273375,H + O3 -> OH + O2,71342.19930901396,247773297.73034662,0.00028793336474318616,0.028793336474318615
0.1pc_1x,34.5,3.9699336245417904,H + O3 -> OH + O2,61537.96441355012,84898588.69498962,0.0007248408408134333,0.07248408408134334
0.1pc_1x,37.5,2.255904410833008,H + O3 -> OH + O2,50050.02476508006,26523645.365215756,0.001886996454518948,0.1886996454518948
0.1pc_1x,40.5,1.277179827702713,H + O3 -> OH + O2,39242.59524830688,7491185.172004438,0.005238502900043336,0.5238502900043336
0.1pc_1x,43.5,0.7217505110205767,H + O3 -> OH + O2,32294.170643107682,2289373.3444635333,0.014106118043702105,1.4106118043702105
0.1pc_1x,46.5,0.40559242145963353,H + O3 -> OH + O2,30283.092608631654,816742.814560171,0.03707788066055969,3.707788066055969
0.1pc_1x,49.5,0.22629779400823322,H + O3 -> OH + O2,31989.54980544036,322842.2579477482,0.06808256266892959,6.808256266892959
0.1pc_1x,1.5,898.4033681738869,HS + O3 -> HSO + O2,1947.1626799950793,114205406.86312295,9.0398594303097e-06,0.0009039859430309701
0.1pc_1x,4.5,620.0757215276589,HS + O3 -> HSO + O2,198.04774932552806,192267274.08031982,1.0300647901358057e-06,0.00010300647901358057
0.1pc_1x,7.5,417.007318092503,HS + O3 -> HSO + O2,406.80677869164975,396457190.79697114,1.0300647901358057e-06,0.00010300647901358057
0.1pc_1x,10.5,271.3139583070344,HS + O3 -> HSO + O2,740.3615440909206,618227059.983634,1.0261051839515726e-06,0.00010261051839515725
0.1pc_1x,13.5,168.99866697643557,HS + O3 -> HSO + O2,246.11959212135412,1279530253.7082012,1.923515222934948e-07,1.9235152229349482e-05
0.1pc_1x,16.5,102.5257586329344,HS + O3 -> HSO + O2,9.230204904166742,2012728435.741888,4.5859166791989524e-09,4.5859166791989524e-07
0.1pc_1x,19.5,60.799542352537856,HS + O3 -> HSO + O2,0.07003459921094278,2419567414.667606,2.8945091087930673e-11,2.8945091087930675e-09
0.1pc_1x,22.5,35.62051392815702,HS + O3 -> HSO + O2,7.231935960937122e-05,2494242981.6837654,2.899451261983757e-14,2.8994512619837566e-12
0.1pc_1x,25.5,20.68518298541812,HS + O3 -> HSO + O2,9.927509250579158e-09,1782945173.2716863,5.5680395557886276e-18,5.568039555788628e-16
0.1pc_1x,28.5,11.952028373203648,HS + O3 -> HSO + O2,8.463049828212086e-13,740602020.6702573,1.142725727449796e-21,1.142725727449796e-19
0.1pc_1x,31.5,6.909599995273375,HS + O3 -> HSO + O2,2.425974606566426e-15,247773297.73034662,1.9675207230355811e-22,1.967520723035581e-20
0.1pc_1x,34.5,3.9699336245417904,HS + O3 -> HSO + O2,1.670397326138664e-14,84898588.69498962,1.9675207230355811e-22,1.967520723035581e-20
0.1pc_1x,37.5,2.255904410833008,HS + O3 -> HSO + O2,2.6338023530672144e-13,26523645.365215756,9.930016469460474e-21,9.930016469460474e-19
0.1pc_1x,40.5,1.277179827702713,HS + O3 -> HSO + O2,1.8480385599386743e-12,7491185.172004438,2.466950846235976e-19,2.466950846235976e-17
0.1pc_1x,43.5,0.7217505110205767,HS + O3 -> HSO + O2,4.967638531419573e-12,2289373.3444635333,2.1698682495072185e-18,2.1698682495072184e-16
0.1pc_1x,46.5,0.40559242145963353,HS + O3 -> HSO + O2,5.788768696773045e-12,816742.814560171,7.087627333324492e-18,7.087627333324492e-16
0.1pc_1x,49.5,0.22629779400823322,HS + O3 -> HSO + O2,3.376321748278699e-12,322842.2579477482,8.77287161239306e-18,8.77287161239306e-16
0.1pc_1x,1.5,898.4033681738869,NO + O3 -> NO2 + O2,87421.38986324747,114205406.86312295,0.00041718840727472233,0.041718840727472235
0.1pc_1x,4.5,620.0757215276589,NO + O3 -> NO2 + O2,13247.553886228838,192267274.08031982,0.0002110239128863724,0.02110239128863724
0.1pc_1x,7.5,417.007318092503,NO + O3 -> NO2 + O2,83661.94769391596,396457190.79697114,0.0002110239128863724,0.02110239128863724
0.1pc_1x,10.5,271.3139583070344,NO + O3 -> NO2 + O2,217173.64960879553,618227059.983634,0.0003512846066856806,0.035128460668568055
0.1pc_1x,13.5,168.99866697643557,NO + O3 -> NO2 + O2,584434.9505665425,1279530253.7082012,0.00038524926538171785,0.038524926538171786
0.1pc_1x,16.5,102.5257586329344,NO + O3 -> NO2 + O2,775402.1512824565,2012728435.741888,0.00038524926538171785,0.038524926538171786
0.1pc_1x,19.5,60.799542352537856,NO + O3 -> NO2 + O2,275651.46897268057,2419567414.667606,0.00011392593043767242,0.011392593043767241
0.1pc_1x,22.5,35.62051392815702,NO + O3 -> NO2 + O2,44464.1634627868,2494242981.6837654,1.7826716879351822e-05,0.0017826716879351821
0.1pc_1x,25.5,20.68518298541812,NO + O3 -> NO2 + O2,5300.471080814129,1782945173.2716863,2.9728738495574814e-06,0.00029728738495574813
0.1pc_1x,28.5,11.952028373203648,NO + O3 -> NO2 + O2,602.3242764153442,740602020.6702573,8.132900796979066e-07,8.132900796979066e-05
0.1pc_1x,31.5,6.909599995273375,NO + O3 -> NO2 + O2,89.47398536670356,247773297.73034662,3.611122997768658e-07,3.611122997768658e-05
0.1pc_1x,34.5,3.9699336245417904,NO + O3 -> NO2 + O2,18.362987559530968,84898588.69498962,2.1629320159258052e-07,2.162932015925805e-05
0.1pc_1x,37.5,2.255904410833008,NO + O3 -> NO2 + O2,4.8327207385203845,26523645.365215756,1.8502722154597583e-07,1.8502722154597582e-05
0.1pc_1x,40.5,1.277179827702713,NO + O3 -> NO2 + O2,1.386073178462394,7491185.172004438,1.822042434958138e-07,1.8220424349581378e-05
0.1pc_1x,43.5,0.7217505110205767,NO + O3 -> NO2 + O2,0.4156878097276855,2289373.3444635333,1.8157274816401482e-07,1.8157274816401483e-05
0.1pc_1x,46.5,0.40559242145963353,NO + O3 -> NO2 + O2,0.1352821155495941,816742.814560171,1.6563612576432115e-07,1.6563612576432116e-05
0.1pc_1x,49.5,0.22629779400823322,NO + O3 -> NO2 + O2,0.0476209651180354,322842.2579477482,1.5657074541627734e-07,1.5657074541627736e-05
0.1pc_1x,1.5,898.4033681738869,NO2 + O3 -> NO3 + O2,663.9695813455877,114205406.86312295,3.122331138626121e-06,0.00031223311386261213
0.1pc_1x,4.5,620.0757215276589,NO2 + O3 -> NO3 + O2,82.83703381615904,192267274.08031982,4.308431282047188e-07,4.308431282047188e-05
0.1pc_1x,7.5,417.007318092503,NO2 + O3 -> NO3 + O2,107.92687585364709,396457190.79697114,2.7222832214668366e-07,2.7222832214668365e-05
0.1pc_1x,10.5,271.3139583070344,NO2 + O3 -> NO3 + O2,81.08982051164188,618227059.983634,1.3116511029748281e-07,1.311651102974828e-05
0.1pc_1x,13.5,168.99866697643557,NO2 + O3 -> NO3 + O2,114.95780908280781,1279530253.7082012,8.9843760043695e-08,8.9843760043695e-06
0.1pc_1x,16.5,102.5257586329344,NO2 + O3 -> NO3 + O2,84.524328821966,2012728435.741888,4.199489971969839e-08,4.199489971969839e-06
0.1pc_1x,19.5,60.799542352537856,NO2 + O3 -> NO3 + O2,13.193562545098088,2419567414.667606,5.452860071233265e-09,5.452860071233265e-07
0.1pc_1x,22.5,35.62051392815702,NO2 + O3 -> NO3 + O2,0.6511042892029001,2494242981.6837654,2.61042847061903e-10,2.61042847061903e-08
0.1pc_1x,25.5,20.68518298541812,NO2 + O3 -> NO3 + O2,0.020322735315062252,1782945173.2716863,1.1398407320495581e-11,1.1398407320495581e-09
0.1pc_1x,28.5,11.952028373203648,NO2 + O3 -> NO3 + O2,0.0009589912071381888,740602020.6702573,1.2948806246441045e-12,1.2948806246441046e-10
0.1pc_1x,31.5,6.909599995273375,NO2 + O3 -> NO3 + O2,7.768697970946979e-05,247773297.73034662,3.1354056478683614e-13,3.135405647868361e-11
0.1pc_1x,34.5,3.9699336245417904,NO2 + O3 -> NO3 + O2,8.744050120907697e-06,84898588.69498962,1.0299405744330985e-13,1.0299405744330984e-11
0.1pc_1x,37.5,2.255904410833008,NO2 + O3 -> NO3 + O2,1.4302676576527924e-06,26523645.365215756,5.392424902228962e-14,5.392424902228962e-12
0.1pc_1x,40.5,1.277179827702713,NO2 + O3 -> NO3 + O2,3.0890658156337513e-07,7491185.172004438,4.123600931903277e-14,4.123600931903277e-12
0.1pc_1x,43.5,0.7217505110205767,NO2 + O3 -> NO3 + O2,6.863931076949478e-08,2289373.3444635333,2.998170260673624e-14,2.998170260673624e-12
0.1pc_1x,46.5,0.40559242145963353,NO2 + O3 -> NO3 + O2,1.3717645401976871e-08,816742.814560171,1.6795550762652306e-14,1.6795550762652307e-12
0.1pc_1x,49.5,0.22629779400823322,NO2 + O3 -> NO3 + O2,2.417139897211157e-09,322842.2579477482,1.214130621984849e-14,1.214130621984849e-12
0.1pc_1x,1.5,898.4033681738869,O + O3 -> O2 + O2,605.5310350392759,114205406.86312295,6.710782723000096e-06,0.0006710782723000096
0.1pc_1x,4.5,620.0757215276589,O + O3 -> O2 + O2,1561.1031998397666,192267274.08031982,8.11944314136172e-06,0.0008119443141361719
0.1pc_1x,7.5,417.007318092503,O + O3 -> O2 + O2,4602.503052436995,396457190.79697114,1.160907951545763e-05,0.001160907951545763
0.1pc_1x,10.5,271.3139583070344,O + O3 -> O2 + O2,7241.64432420224,618227059.983634,1.1713567381527984e-05,0.0011713567381527984
0.1pc_1x,13.5,168.99866697643557,O + O3 -> O2 + O2,28786.324137676922,1279530253.7082012,2.2497572100582536e-05,0.0022497572100582536
0.1pc_1x,16.5,102.5257586329344,O + O3 -> O2 + O2,72979.08636600942,2012728435.741888,3.625878437947813e-05,0.003625878437947813
0.1pc_1x,19.5,60.799542352537856,O + O3 -> O2 + O2,137995.84128005788,2419567414.667606,5.70332698496088e-05,0.00570332698496088
0.1pc_1x,22.5,35.62051392815702,O + O3 -> O2 + O2,169019.33123811538,2494242981.6837654,5.70332698496088e-05,0.00570332698496088
0.1pc_1x,25.5,20.68518298541812,O + O3 -> O2 + O2,95275.86822052964,1782945173.2716863,5.3437351663315245e-05,0.005343735166331525
0.1pc_1x,28.5,11.952028373203648,O + O3 -> O2 + O2,31875.58284532132,740602020.6702573,4.304009705033397e-05,0.004304009705033397
0.1pc_1x,31.5,6.909599995273375,O + O3 -> O2 + O2,9216.124923813564,247773297.73034662,3.719579554469803e-05,0.0037195795544698027
0.1pc_1x,34.5,3.9699336245417904,O + O3 -> O2 + O2,2230.0835737857087,84898588.69498962,2.6267616553646192e-05,0.0026267616553646194
0.1pc_1x,37.5,2.255904410833008,O + O3 -> O2 + O2,515.2711447537914,26523645.365215756,1.9426859983188438e-05,0.0019426859983188438
0.1pc_1x,40.5,1.277179827702713,O + O3 -> O2 + O2,121.80829207902372,7491185.172004438,1.6260216411982125e-05,0.0016260216411982126
0.1pc_1x,43.5,0.7217505110205767,O + O3 -> O2 + O2,31.525362398831085,2289373.3444635333,1.3770302023944634e-05,0.0013770302023944634
0.1pc_1x,46.5,0.40559242145963353,O + O3 -> O2 + O2,9.99564079446938,816742.814560171,1.2249710537721117e-05,0.0012249710537721118
0.1pc_1x,49.5,0.22629779400823322,O + O3 -> O2 + O2,3.95472420920421,322842.2579477482,1.2244064777824645e-05,0.0012244064777824646
0.1pc_1x,1.5,898.4033681738869,O1D + O3 -> O2 + O2,0.429825197312438,114205406.86312295,6.921125692996028e-09,6.921125692996027e-07
0.1pc_1x,4.5,620.0757215276589,O1D + O3 -> O2 + O2,1.9377919191937705,192267274.08031982,1.0078636254988752e-08,1.0078636254988753e-06
0.1pc_1x,7.5,417.007318092503,O1D + O3 -> O2 + O2,10.80833052576417,396457190.79697114,2.7262289035638153e-08,2.7262289035638154e-06
0.1pc_1x,10.5,271.3139583070344,O1D + O3 -> O2 + O2,35.99084255404655,618227059.983634,5.8216220032489875e-08,5.821622003248988e-06
0.1pc_1x,13.5,168.99866697643557,O1D + O3 -> O2 + O2,238.50716814815792,1279530253.7082012,1.8640213270217044e-07,1.8640213270217043e-05
0.1pc_1x,16.5,102.5257586329344,O1D + O3 -> O2 + O2,871.1943270737547,2012728435.741888,4.3284245981879523e-07,4.328424598187952e-05
0.1pc_1x,19.5,60.799542352537856,O1D + O3 -> O2 + O2,1890.9383374722215,2419567414.667606,7.815191781841688e-07,7.815191781841688e-05
0.1pc_1x,22.5,35.62051392815702,O1D + O3 -> O2 + O2,2288.2590446036197,2494242981.6837654,7.815191781841688e-07,7.815191781841688e-05
0.1pc_1x,25.5,20.68518298541812,O1D + O3 -> O2 + O2,1096.0254146511772,1782945173.2716863,6.147274919508499e-07,6.147274919508498e-05
0.1pc_1x,28.5,11.952028373203648,O1D + O3 -> O2 + O2,234.77165742309444,740602020.6702573,3.170011029818986e-07,3.1700110298189864e-05
0.1pc_1x,31.5,6.909599995273375,O1D + O3 -> O2 + O2,40.05599466420136,247773297.73034662,1.616638880425064e-07,1.616638880425064e-05
0.1pc_1x,34.5,3.9699336245417904,O1D + O3 -> O2 + O2,7.56377669107823,84898588.69498962,8.909190137720881e-08,8.909190137720881e-06
0.1pc_1x,37.5,2.255904410833008,O1D + O3 -> O2 + O2,1.2580122491651309,26523645.365215756,4.742983974649812e-08,4.742983974649811e-06
0.1pc_1x,40.5,1.277179827702713,O1D + O3 -> O2 + O2,0.1747760296122913,7491185.172004438,2.3330891654561248e-08,2.333089165456125e-06
0.1pc_1x,43.5,0.7217505110205767,O1D + O3 -> O2 + O2,0.02867003888466935,2289373.3444635333,1.252309456384781e-08,1.2523094563847809e-06
0.1pc_1x,46.5,0.40559242145963353,O1D + O3 -> O2 + O2,0.00733843603008961,816742.814560171,9.913976737926988e-09,9.913976737926988e-07
0.1pc_1x,49.5,0.22629779400823322,O1D + O3 -> O2 + O2,0.0032006506353137996,322842.2579477482,9.449489496164396e-09,9.449489496164396e-07
0.1pc_1x,1.5,898.4033681738869,O3 + M -> O + O2 + M,8725.81606385703,114205406.86312295,3.962190199342727e-05,0.003962190199342727
0.1pc_1x,4.5,620.0757215276589,O3 + M -> O + O2 + M,545.8899932404242,192267274.08031982,2.8392246982831736e-06,0.00028392246982831735
0.1pc_1x,7.5,417.007318092503,O3 + M -> O + O2 + M,20.277285234387,396457190.79697114,5.1146216300491214e-08,5.114621630049121e-06
0.1pc_1x,10.5,271.3139583070344,O3 + M -> O + O2 + M,0.1753522056393914,618227059.983634,2.8363722164480056e-10,2.8363722164480056e-08
0.1pc_1x,13.5,168.99866697643557,O3 + M -> O + O2 + M,0.0028586788428652593,1279530253.7082012,2.2341627597944904e-12,2.2341627597944904e-10
0.1pc_1x,16.5,102.5257586329344,O3 + M -> O + O2 + M,9.561271578445541e-05,2012728435.741888,4.750403188357238e-14,4.750403188357238e-12
0.1pc_1x,19.5,60.799542352537856,O3 + M -> O + O2 + M,5.656013989745943e-06,2419567414.667606,2.3376137219648216e-15,2.3376137219648214e-13
0.1pc_1x,22.5,35.62051392815702,O3 + M -> O + O2 + M,6.01162384769723e-07,2494242981.6837654,2.4101997647554847e-16,2.4101997647554848e-14
0.1pc_1x,25.5,20.68518298541812,O3 + M -> O + O2 + M,4.2558686073665354e-08,1782945173.2716863,2.386987929391603e-17,2.386987929391603e-15
0.1pc_1x,28.5,11.952028373203648,O3 + M -> O + O2 + M,5.181841347272004e-09,740602020.6702573,6.996796123486607e-18,6.996796123486607e-16
0.1pc_1x,31.5,6.909599995273375,O3 + M -> O + O2 + M,8.7284116469437e-10,247773297.73034662,3.522741040660035e-18,3.522741040660035e-16
0.1pc_1x,34.5,3.9699336245417904,O3 + M -> O + O2 + M,4.2290104478615425e-11,84898588.69498962,4.98124940928626e-19,4.98124940928626e-17
0.1pc_1x,37.5,2.255904410833008,O3 + M -> O + O2 + M,2.310884685800197e-12,26523645.365215756,8.712545556919526e-20,8.712545556919526e-18
0.1pc_1x,40.5,1.277179827702713,O3 + M -> O + O2 + M,3.050140254339264e-13,7491185.172004438,4.071639112243609e-20,4.071639112243609e-18
0.1pc_1x,43.5,0.7217505110205767,O3 + M -> O + O2 + M,3.3421818586864284e-14,2289373.3444635333,1.4598675514279646e-20,1.4598675514279647e-18
0.1pc_1x,46.5,0.40559242145963353,O3 + M -> O + O2 + M,2.588436476907797e-15,816742.814560171,3.1692185480709877e-21,3.169218548070988e-19
0.1pc_1x,49.5,0.22629779400823322,O3 + M -> O + O2 + M,2.2713343403998673e-16,322842.2579477482,1.936380810208971e-21,1.9363808102089709e-19
0.1pc_1x,1.5,898.4033681738869,O3 + hv -> O + O2,89349876.0088462,114205406.86312295,0.7600611489158313,76.00611489158314
0.1pc_1x,4.5,620.0757215276589,O3 + hv -> O + O2,141847320.5075007,192267274.08031982,0.7377611254229561,73.7761125422956
0.1pc_1x,7.5,417.007318092503,O3 + hv -> O + O2,281102153.43103385,396457190.79697114,0.7090353257711208,70.90353257711209
0.1pc_1x,10.5,271.3139583070344,O3 + hv -> O + O2,421917494.4477844,618227059.983634,0.6824636476749394,68.24636476749394
0.1pc_1x,13.5,168.99866697643557,O3 + hv -> O + O2,827414006.4113665,1279530253.7082012,0.6466545077878709,64.66545077878709
0.1pc_1x,16.5,102.5257586329344,O3 + hv -> O + O2,1167338134.3259423,2012728435.741888,0.5799779610584492,57.99779610584493
0.1pc_1x,19.5,60.799542352537856,O3 + hv -> O + O2,1113409230.7426972,2419567414.667606,0.46016871610731896,46.0168716107319
0.1pc_1x,22.5,35.62051392815702,O3 + hv -> O + O2,738070854.9568446,2494242981.6837654,0.29590976515792455,29.590976515792455
0.1pc_1x,25.5,20.68518298541812,O3 + hv -> O + O2,344620214.5344347,1782945173.2716863,0.19328705094282853,19.328705094282853
0.1pc_1x,28.5,11.952028373203648,O3 + hv -> O + O2,121127329.0062975,740602020.6702573,0.16355252298214798,16.355252298214797
0.1pc_1x,31.5,6.909599995273375,O3 + hv -> O + O2,38570609.39536868,247773297.73034662,0.15566895120936453,15.566895120936453
0.1pc_1x,34.5,3.9699336245417904,O3 + hv -> O + O2,13001585.214973921,84898588.69498962,0.15314253646410994,15.314253646410995
0.1pc_1x,37.5,2.255904410833008,O3 + hv -> O + O2,4033391.9867866402,26523645.365215756,0.15206778447114225,15.206778447114225
0.1pc_1x,40.5,1.277179827702713,O3 + hv -> O + O2,1132731.3260224734,7491185.172004438,0.15120856046325515,15.120856046325514
0.1pc_1x,43.5,0.7217505110205767,O3 + hv -> O + O2,342739.36840448785,2289373.3444635333,0.149708814088076,14.970881408807598
0.1pc_1x,46.5,0.40559242145963353,O3 + hv -> O + O2,119361.8086394411,816742.814560171,0.14614368992486249,14.614368992486249
0.1pc_1x,49.5,0.22629779400823322,O3 + hv -> O + O2,44129.6980992787,322842.2579477482,0.14141744875637613,14.141744875637613
0.1pc_1x,1.5,898.4033681738869,O3 + hv -> O1D + O2,24707421.3533694,114205406.86312295,0.23902854847539465,23.902854847539466
0.1pc_1x,4.5,620.0757215276589,O3 + hv -> O1D + O2,50319256.32061878,192267274.08031982,0.261715138789547,26.1715138789547
0.1pc_1x,7.5,417.007318092503,O3 + hv -> O1D + O2,115130692.95177439,396457190.79697114,0.2903988012434203,29.039880124342034
0.1pc_1x,10.5,271.3139583070344,O3 + hv -> O1D + O2,195960504.96389303,618227059.983634,0.3169717368390193,31.69717368390193
0.1pc_1x,13.5,168.99866697643557,O3 + hv -> O1D + O2,451313276.9477343,1279530253.7082012,0.3527179413224386,35.27179413224386
0.1pc_1x,16.5,102.5257586329344,O3 + hv -> O1D + O2,844300883.1256437,2012728435.741888,0.4194807745210973,41.94807745210973
0.1pc_1x,19.5,60.799542352537856,O3 + hv -> O1D + O2,1305372785.0402267,2419567414.667606,0.5395066808748354,53.95066808748354
0.1pc_1x,22.5,35.62051392815702,O3 + hv -> O1D + O2,1755489344.5136933,2494242981.6837654,0.7038164915787921,70.38164915787921
0.1pc_1x,25.5,20.68518298541812,O3 + hv -> O1D + O2,1437926751.3260915,1782945173.2716863,0.8064896065690627,80.64896065690627
0.1pc_1x,28.5,11.952028373203648,O3 + hv -> O1D + O2,619293408.5247984,740602020.6702573,0.8362026989398805,83.62026989398805
0.1pc_1x,31.5,6.909599995273375,O3 + hv -> O1D + O2,209100256.6069545,247773297.73034662,0.843917639722904,84.3917639722904
0.1pc_1x,34.5,3.9699336245417904,O3 + hv -> O1D + O2,71826269.53285319,84898588.69498962,0.8459469950843365,84.59469950843365
0.1pc_1x,37.5,2.255904410833008,O3 + hv -> O1D + O2,22437598.095386855,26523645.365215756,0.8459469950843365,84.59469950843365
0.1pc_1x,40.5,1.277179827702713,O3 + hv -> O1D + O2,6318499.244292371,7491185.172004438,0.8434578907360946,84.34578907360945
0.1pc_1x,43.5,0.7217505110205767,O3 + hv -> O1D + O2,1914142.3567720326,2289373.3444635333,0.8360988221519509,83.60988221519509
0.1pc_1x,46.5,0.40559242145963353,O3 + hv -> O1D + O2,667040.2296971416,816742.814560171,0.8167078030020422,81.67078030020421
0.1pc_1x,49.5,0.22629779400823322,O3 + hv -> O1D + O2,246705.65656855414,322842.2579477482,0.7904377992794887,79.04377992794886
0.1pc_1x,1.5,898.4033681738869,OH + O3 -> HO2 + O2,45371.85587107293,114205406.86312295,0.0004054360096707034,0.04054360096707034
0.1pc_1x,4.5,620.0757215276589,OH + O3 -> HO2 + O2,79519.65149296634,192267274.08031982,0.00039728290557601917,0.039728290557601915
0.1pc_1x,7.5,417.007318092503,OH + O3 -> HO2 + O2,127935.3985784123,396457190.79697114,0.00032269662790384104,0.0322696627903841
0.1pc_1x,10.5,271.3139583070344,OH + O3 -> HO2 + O2,116908.3894834792,618227059.983634,0.00018910267287001973,0.018910267287001972
0.1pc_1x,13.5,168.99866697643557,OH + O3 -> HO2 + O2,183477.93819874636,1279530253.7082012,0.0001433947635603064,0.014339476356030641
0.1pc_1x,16.5,102.5257586329344,OH + O3 -> HO2 + O2,234497.0516703931,2012728435.741888,0.0001433947635603064,0.014339476356030641
0.1pc_1x,19.5,60.799542352537856,OH + O3 -> HO2 + O2,356839.1963914154,2419567414.667606,0.00014748057616755308,0.014748057616755308
0.1pc_1x,22.5,35.62051392815702,OH + O3 -> HO2 + O2,427653.413873438,2494242981.6837654,0.00014748057616755308,0.014748057616755308
0.1pc_1x,25.5,20.68518298541812,OH + O3 -> HO2 + O2,222117.51931447262,1782945173.2716863,0.00012457899583467798,0.012457899583467798
0.1pc_1x,28.5,11.952028373203648,OH + O3 -> HO2 + O2,69901.54490997555,740602020.6702573,9.438476126045872e-05,0.009438476126045871
0.1pc_1x,31.5,6.909599995273375,OH + O3 -> HO2 + O2,21608.724339164997,247773297.73034662,8.721167509616762e-05,0.008721167509616762
0.1pc_1x,34.5,3.9699336245417904,OH + O3 -> HO2 + O2,6915.442499657502,84898588.69498962,8.145532930473346e-05,0.008145532930473346
0.1pc_1x,37.5,2.255904410833008,OH + O3 -> HO2 + O2,2077.9257284334753,26523645.365215756,7.834238845458838e-05,0.007834238845458837
0.1pc_1x,40.5,1.277179827702713,OH + O3 -> HO2 + O2,585.9640164295021,7491185.172004438,7.82204688544248e-05,0.00782204688544248
0.1pc_1x,43.5,0.7217505110205767,OH + O3 -> HO2 + O2,164.65126472409426,2289373.3444635333,7.191979635924207e-05,0.007191979635924208
0.1pc_1x,46.5,0.40559242145963353,OH + O3 -> HO2 + O2,47.38302875283825,816742.814560171,5.801462578933708e-05,0.0058014625789337085
0.1pc_1x,49.5,0.22629779400823322,OH + O3 -> HO2 + O2,13.32491339257248,322842.2579477482,4.96441921515487e-05,0.00496441921515487
0.1pc_1x,1.5,898.4033681738869,S + O3 -> SO + O2,0.24456972201659527,114205406.86312295,3.011593415346115e-09,3.011593415346115e-07
0.1pc_1x,4.5,620.0757215276589,S + O3 -> SO + O2,0.7463232932361534,192267274.08031982,3.881696959641588e-09,3.8816969596415883e-07
0.1pc_1x,7.5,417.007318092503,S + O3 -> SO + O2,1.9865403248946492,396457190.79697114,5.010730971738061e-09,5.010730971738062e-07
0.1pc_1x,10.5,271.3139583070344,S + O3 -> SO + O2,3.8707032437470463,618227059.983634,5.010730971738061e-09,5.010730971738062e-07
0.1pc_1x,13.5,168.99866697643557,S + O3 -> SO + O2,4.138875205741355,1279530253.7082012,3.2346833486324364e-09,3.2346833486324364e-07
0.1pc_1x,16.5,102.5257586329344,S + O3 -> SO + O2,0.6231880937771307,2012728435.741888,3.096235352522481e-10,3.096235352522481e-08
0.1pc_1x,19.5,60.799542352537856,S + O3 -> SO + O2,0.01044400125692296,2419567414.667606,4.316474586990472e-12,4.3164745869904726e-10
0.1pc_1x,22.5,35.62051392815702,S + O3 -> SO + O2,2.007985660521232e-05,2494242981.6837654,8.0504813495184e-15,8.0504813495184e-13
0.1pc_1x,25.5,20.68518298541812,S + O3 -> SO + O2,6.13224866815049e-09,1782945173.2716863,3.43939273067936e-18,3.4393927306793603e-16
0.1pc_1x,28.5,11.952028373203648,S + O3 -> SO + O2,9.066966338709196e-13,740602020.6702573,1.2242697272826016e-21,1.2242697272826016e-19
0.1pc_1x,31.5,6.909599995273375,S + O3 -> SO + O2,3.312071375235293e-15,247773297.73034662,5.075982625941931e-22,5.075982625941931e-20
0.1pc_1x,34.5,3.9699336245417904,S + O3 -> SO + O2,4.3094376118275736e-14,84898588.69498962,5.075982625941931e-22,5.075982625941931e-20
0.1pc_1x,37.5,2.255904410833008,S + O3 -> SO + O2,1.0810087771037602e-12,26523645.365215756,4.075641798926483e-20,4.075641798926483e-18
0.1pc_1x,40.5,1.277179827702713,S + O3 -> SO + O2,1.1351907500171901e-11,7491185.172004438,1.5153686952760826e-18,1.5153686952760826e-16
0.1pc_1x,43.5,0.7217505110205767,S + O3 -> SO + O2,5.178118376569772e-11,2289373.3444635333,2.2618060042902942e-17,2.261806004290294e-15
0.1pc_1x,46.5,0.40559242145963353,S + O3 -> SO + O2,1.2381883332698683e-10,816742.814560171,1.5160076234483343e-16,1.5160076234483342e-14
0.1pc_1x,49.5,0.22629779400823322,S + O3 -> SO + O2,1.695378459144937e-10,322842.2579477482,3.3837109758391775e-16,3.383710975839178e-14
0.1pc_1x,1.5,898.4033681738869,SO + O3 -> SO2 + O2,1563.9725321158494,114205406.86312295,1.347176377101227e-05,0.001347176377101227
0.1pc_1x,4.5,620.0757215276589,SO + O3 -> SO2 + O2,2547.3769894005986,192267274.08031982,1.3249144981045654e-05,0.0013249144981045654
0.1pc_1x,7.5,417.007318092503,SO + O3 -> SO2 + O2,3582.2497420275804,396457190.79697114,9.035653344630793e-06,0.0009035653344630792
0.1pc_1x,10.5,271.3139583070344,SO + O3 -> SO2 + O2,3976.5583915898924,618227059.983634,6.4321972443185544e-06,0.0006432197244318554
0.1pc_1x,13.5,168.99866697643557,SO + O3 -> SO2 + O2,1861.9607841067523,1279530253.7082012,1.4551909020600424e-06,0.00014551909020600425
0.1pc_1x,16.5,102.5257586329344,SO + O3 -> SO2 + O2,138.844176201311,2012728435.741888,6.89830648465665e-08,6.8983064846566495e-06
0.1pc_1x,19.5,60.799542352537856,SO + O3 -> SO2 + O2,1.4903430732351908,2419567414.667606,6.159543496083702e-10,6.159543496083701e-08
0.1pc_1x,22.5,35.62051392815702,SO + O3 -> SO2 + O2,0.0017642760454912815,2494242981.6837654,7.073392842826756e-13,7.073392842826757e-11
0.1pc_1x,25.5,20.68518298541812,SO + O3 -> SO2 + O2,3.0030289924481093e-07,1782945173.2716863,1.6843080973362638e-16,1.684308097336264e-14
0.1pc_1x,28.5,11.952028373203648,SO + O3 -> SO2 + O2,3.001307129618929e-11,740602020.6702573,4.0525235495613355e-20,4.052523549561336e-18
0.1pc_1x,31.5,6.909599995273375,SO + O3 -> SO2 + O2,8.463625006925381e-14,247773297.73034662,5.514845622502714e-21,5.514845622502713e-19
0.1pc_1x,34.5,3.9699336245417904,SO + O3 -> SO2 + O2,4.682026102212219e-13,84898588.69498962,5.514845622502714e-21,5.514845622502713e-19
0.1pc_1x,37.5,2.255904410833008,SO + O3 -> SO2 + O2,6.096500555400508e-12,26523645.365215756,2.298515332811575e-19,2.298515332811575e-17
0.1pc_1x,40.5,1.277179827702713,SO + O3 -> SO2 + O2,3.662312391956378e-11,7491185.172004438,4.888829080934923e-18,4.888829080934922e-16
0.1pc_1x,43.5,0.7217505110205767,SO + O3 -> SO2 + O2,9.595201570137095e-11,2289373.3444635333,4.191191267838199e-17,4.191191267838199e-15
0.1pc_1x,46.5,0.40559242145963353,SO + O3 -> SO2 + O2,1.3398699185726917e-10,816742.814560171,1.640504078746298e-16,1.640504078746298e-14
0.1pc_1x,49.5,0.22629779400823322,SO + O3 -> SO2 + O2,1.169016907708362e-10,322842.2579477482,2.63075992508117e-16,2.63075992508117e-14
0.1pc_1x,1.5,898.4033681738869,SO2 + O3 -> SO3 + O2,0.011901222209329716,114205406.86312295,5.5457857744070195e-11,5.5457857744070195e-09
0.1pc_1x,4.5,620.0757215276589,SO2 + O3 -> SO3 + O2,0.0012894971146618795,192267274.08031982,6.706794595336027e-12,6.706794595336027e-10
0.1pc_1x,7.5,417.007318092503,SO2 + O3 -> SO3 + O2,9.877664131840286e-05,396457190.79697114,2.4914831566010655e-13,2.4914831566010656e-11
0.1pc_1x,10.5,271.3139583070344,SO2 + O3 -> SO3 + O2,5.47677346773481e-06,618227059.983634,8.85883815548254e-15,8.85883815548254e-13
0.1pc_1x,13.5,168.99866697643557,SO2 + O3 -> SO3 + O2,3.3825313613560266e-07,1279530253.7082012,2.643572788961517e-16,2.6435727889615168e-14
0.1pc_1x,16.5,102.5257586329344,SO2 + O3 -> SO3 + O2,4.473548042563025e-09,2012728435.741888,2.2226287278115008e-18,2.222628727811501e-16
0.1pc_1x,19.5,60.799542352537856,SO2 + O3 -> SO3 + O2,8.421932151278845e-12,2419567414.667606,3.480759453208221e-21,3.480759453208221e-19
0.1pc_1x,22.5,35.62051392815702,SO2 + O3 -> SO3 + O2,2.910516977274802e-15,2494242981.6837654,1.16689392278455e-24,1.1668939227845501e-22
0.1pc_1x,25.5,20.68518298541812,SO2 + O3 -> SO3 + O2,1.9927126054549896e-19,1782945173.2716863,1.1176522056471215e-28,1.1176522056471215e-26
0.1pc_1x,28.5,11.952028373203648,SO2 + O3 -> SO3 + O2,1.3948819271383907e-23,740602020.6702573,1.8834433180130928e-32,1.8834433180130927e-30
0.1pc_1x,31.5,6.909599995273375,SO2 + O3 -> SO3 + O2,4.015165454226258e-26,247773297.73034662,1.1741751150036675e-33,1.1741751150036674e-31
0.1pc_1x,34.5,3.9699336245417904,SO2 + O3 -> SO3 + O2,9.96858101445885e-26,84898588.69498962,1.1741751150036675e-33,1.1741751150036674e-31
0.1pc_1x,37.5,2.255904410833008,SO2 + O3 -> SO3 + O2,9.261841299098674e-25,26523645.365215756,3.4919186904998546e-32,3.4919186904998544e-30
0.1pc_1x,40.5,1.277179827702713,SO2 + O3 -> SO3 + O2,5.1194058893602694e-24,7491185.172004438,6.833906480502144e-31,6.833906480502144e-29
0.1pc_1x,43.5,0.7217505110205767,SO2 + O3 -> SO3 + O2,9.921251087658078e-24,2289373.3444635333,4.333609942498442e-30,4.333609942498442e-28
0.1pc_1x,46.5,0.40559242145963353,SO2 + O3 -> SO3 + O2,7.943555600833746e-24,816742.814560171,9.725895911446098e-30,9.725895911446099e-28
0.1pc_1x,49.5,0.22629779400823322,SO2 + O3 -> SO3 + O2,3.878134706396273e-24,322842.2579477482,1.0869185694005667e-29,1.0869185694005668e-27
0.1pc_1x,1.5,898.4033681738869,rainout,0.3916278700863785,114205406.86312295,1.983873183009387e-09,1.983873183009387e-07
0.1pc_1x,4.5,620.0757215276589,rainout,0.10355378316030511,192267274.08031982,5.385928710730326e-10,5.385928710730326e-08
0.1pc_1x,7.5,417.007318092503,rainout,0.08356284232808313,396457190.79697114,2.1077393541558013e-10,2.1077393541558013e-08
0.1pc_1x,10.5,271.3139583070344,rainout,0.00573469800835428,618227059.983634,1.1002498695633775e-10,1.1002498695633775e-08
