alt           press         den           temp          eddy          H2Oaer        CO2aer        S8aer         H2SO4aer      NH3aer        N2Oaer        C2H2aer       C2H4aer       C2H6aer       CH3CNaer      HCCCNaer      HCNaer        CH4aer        HCaer1        HCaer2        HCaer3        He            H             H2            H2O           OH            O             O2            CO            CO2           HCO           H2CO          C             CH            CH2           CH3           CH4           S             S2            S3            S4            S8            H2S           HS            SO            SO2           CS            CS2           OCS           CN            HCN           N             N2            NH            NH2           NH3           C2            C2H           C2H2          C2H4          NO            HNO           HO2           HNCO          N2O           H2O2          O3            NO2           NO3           SO3           HNO2          HNO3          H2SO4         HCl           Cl            Cl2           HOCl          N2H4          ClO           C2H6          CH3OH         CH2CO         CH3CHO        C3H4          C3H6          C4H2          C4H4          OClO          HCS           C2H3          C2H5          NCO           1CH2          HCCO          NNH           HSO           CH3O          H2COH         H2CN          N2H2          C4H           HCNOH         C2H2OH        CH3CO         CH2CHO        C2H3OH        C2H4OH        CH3O2         HSO3          O1D           N2H3          NH2CO         HS4           C4H3          CH2N2         N2D           CH2CN         CH3CN         HCCCN         H2Oaer_r      CO2aer_r      S8aer_r       H2SO4aer_r    NH3aer_r      N2Oaer_r      C2H2aer_r     C2H4aer_r     C2H6aer_r     CH3CNaer_r    HCCCNaer_r    HCNaer_r      CH4aer_r      HCaer1_r      HCaer2_r      HCaer3_r      
5.00000E-001  1.00812E+000  2.57816E+019  2.83217E+002  1.00000E+005  5.65152E-004  1.00000E-040  1.00000E-040  4.64465E-028  1.00000E-040  1.00000E-040  1.00000E-040  1.00000E-040  1.00000E-040  1.00000E-040  1.00000E-040  1.00000E-040  1.00000E-040  1.00000E-040  1.20907E-020  1.00000E-040  1.00000E-040  1.98606E-018  4.95971E-007  4.92684E-003  7.89883E-014  1.09552E-014  2.11016E-004  2.97971E-008  2.81712E-004  2.27005E-019  1.86043E-010  1.00000E-040  1.00000E-040  6.07084E-027  5.50900E-017  8.01490E-007  1.08221E-021  6.91220E-021  3.21231E-032  2.23282E-031  4.40393E-031  4.89875E-012  9.76836E-017  1.42892E-015  2.77986E-011  3.45618E-034  3.08961E-038  3.34285E-010  1.31176E-031  4.73859E-011  2.10185E-024  9.94579E-001  5.13336E-020  1.22390E-013  4.37863E-010  2.57312E-040  8.05911E-038  6.58220E-024  2.02052E-019  1.69006E-012  8.73576E-014  1.53365E-011  1.21942E-014  2.70800E-007  1.49880E-009  5.42179E-009  7.96690E-012  1.91626E-014  3.22066E-019  2.57280E-012  1.61553E-011  3.28231E-011  1.28415E-030  2.98757E-035  5.63089E-035  6.04910E-031  1.03512E-012  1.88675E-025  1.09444E-017  1.35158E-014  1.79338E-021  7.03832E-020  3.95352E-031  3.62033E-031  1.20848E-032  3.82772E-038  6.62824E-030  2.53964E-034  1.64614E-031  1.66093E-020  2.89576E-016  1.41118E-031  2.83097E-031  2.32650E-022  2.67654E-014  1.27101E-015  2.63005E-015  5.60622E-022  1.42845E-010  1.00000E-040  9.10977E-019  1.05292E-036  1.77692E-022  7.93188E-022  1.26762E-014  2.91946E-020  3.13283E-011  3.13361E-020  3.01508E-022  4.75006E-013  5.69862E-014  1.99728E-035  2.44913E-037  6.73956E-020  1.00000E-040  1.71709E-020  3.26581E-011  3.09022E-031  1.00000E-003  1.00000E-005  1.00000E-005  1.00000E-005  1.00000E-005  1.00000E-005  1.00000E-005  1.00000E-005  1.00000E-005  1.00000E-005  1.00000E-005  1.00000E-005  1.00000E-005  1.00000E-005  1.00000E-005  1.00000E-005  
1.50000E+000  8.94693E-001  2.34301E+019  2.76577E+002  1.00000E+005  7.37369E-004  1.00000E-040  1.00000E-040  5.41131E-025  1.00000E-040  1.00000E-040  1.00000E-040  1.00000E-040  1.00000E-040  1.00000E-040  1.00000E-040  1.00000E-040  1.00000E-040  1.00000E-040  7.35622E-021  1.00000E-040  1.00000E-040  2.26000E-018  4.96345E-007  3.65695E-003  8.62841E-014  1.28240E-014  2.11277E-004  2.84305E-008  2.82077E-004  1.65022E-019  1.17113E-010  1.00000E-040  1.00000E-040  5.91193E-027  5.17407E-017  7.97957E-007  2.52136E-021  7.19827E-021  3.99243E-032  2.10483E-031  4.40954E-031  1.91443E-012  4.80794E-017  3.16551E-015  5.80721E-011  6.29354E-034  2.24854E-038  3.11377E-010  8.19875E-032  4.70658E-011  5.79043E-024  9.95848E-001  9.37344E-020  2.36760E-013  3.17115E-010  1.23106E-039  1.65389E-037  6.13757E-024  1.97027E-019  7.26542E-014  1.19658E-013  1.54731E-011  1.06702E-014  2.68355E-007  1.66564E-009  5.31077E-009  1.18714E-012  1.35461E-014  2.35668E-019  1.02473E-012  2.19876E-011  4.04917E-011  8.34527E-031  3.87746E-035  7.76797E-037  5.23776E-031  2.29979E-012  1.88917E-025  1.09594E-017  1.30520E-014  1.76335E-021  6.51710E-020  3.95999E-031  2.46794E-031  1.21003E-032  2.62617E-038  6.34778E-030  4.52095E-034  1.64487E-031  1.13659E-020  1.93659E-015  1.27646E-031  3.24721E-031  3.24108E-022  2.53564E-014  9.00752E-016  2.90333E-015  3.89286E-022  1.44380E-010  1.00000E-040  1.64656E-018  1.19416E-036  2.26146E-022  6.95011E-022  1.26923E-014  2.90066E-020  2.05359E-010  7.44256E-020  3.85527E-022  9.55250E-013  5.72457E-014  1.53405E-035  2.51732E-037  5.35348E-020  1.00000E-040  1.34782E-020  3.20018E-011  3.08708E-031  1.00000E-003  1.00000E-005  1.00000E-005  1.00000E-005  1.00000E-005  1.00000E-005  1.00000E-005  1.00000E-005  1.00000E-005  1.00000E-005  1.00000E-005  1.00000E-005  1.00000E-005  1.00000E-005  1.00000E-005  1.00000E-005  
2.50000E+000  7.92395E-001  2.11204E+019  2.71742E+002  1.00000E+005  4.95003E-004  1.00000E-040  1.00000E-040  5.65558E-022  1.00000E-040  1.00000E-040  1.00000E-040  1.00000E-040  1.00000E-040  1.00000E-040  1.00000E-040  1.00000E-040  1.00000E-040  1.00000E-040  9.67396E-021  1.00000E-040  1.00000E-040  3.13995E-018  4.96540E-007  2.82366E-003  1.13350E-013  1.79254E-014  2.11444E-004  2.69041E-008  2.82319E-004  1.92647E-019  1.07492E-010  1.00000E-040  1.53857E-040  8.97963E-027  6.25917E-017  7.94421E-007  3.78707E-021  6.68492E-021  3.70413E-032  1.55108E-031  4.41322E-031  6.85637E-013  2.26929E-017  4.04799E-015  3.85815E-011  1.12669E-033  1.30647E-038  2.87703E-010  7.01835E-032  4.67460E-011  1.39037E-023  9.96681E-001  1.35116E-019  2.59748E-013  2.16862E-010  4.16921E-039  2.61340E-037  5.40917E-024  1.78116E-019  3.40630E-014  1.56439E-013  1.70127E-011  1.02422E-014  2.65523E-007  1.81357E-009  5.98837E-009  5.78712E-013  1.43129E-014  1.82539E-019  4.12380E-013  2.50258E-011  4.41740E-011  7.46840E-031  4.59788E-035  3.26379E-036  5.99775E-031  2.20252E-012  1.89074E-025  1.10261E-017  1.29681E-014  1.82648E-021  6.20693E-020  3.96617E-031  1.46548E-031  1.21106E-032  1.59777E-038  7.13590E-030  7.58495E-034  1.86403E-031  1.16031E-020  4.28545E-015  1.83347E-031  4.15113E-031  4.97320E-022  2.82110E-014  1.19205E-015  3.09175E-015  3.43213E-022  1.41196E-010  1.00000E-040  3.07039E-018  1.49974E-036  3.28708E-022  6.22001E-022  1.27030E-014  2.62422E-020  2.52001E-010  6.67201E-020  5.49226E-022  9.58182E-013  5.74306E-014  1.27929E-035  2.58411E-037  6.08285E-020  1.00000E-040  1.02094E-020  3.13691E-011  3.06906E-031  1.00000E-003  1.00000E-005  1.00000E-005  1.00000E-005  1.00000E-005  1.00000E-005  1.00000E-005  1.00000E-005  1.00000E-005  1.00000E-005  1.00000E-005  1.00000E-005  1.00000E-005  1.00000E-005  1.00000E-005  1.00000E-005  
3.50000E+000  7.00271E-001  1.90286E+019  2.66549E+002  1.00000E+005  4.68933E-004  1.00000E-040  1.00000E-040  3.10760E-019  1.00000E-040  1.00000E-040  1.00000E-040  1.00000E-040  1.00000E-040  1.00000E-040  1.00000E-040  1.00000E-040  1.00000E-040  1.00000E-040  6.76914E-021  1.00000E-040  1.00000E-040  4.28618E-018  4.96754E-007  2.06023E-003  1.48493E-013  2.89348E-014  2.11596E-004  2.52752E-008  2.82540E-004  2.44607E-019  1.08355E-010  1.00000E-040  3.02949E-040  1.32944E-026  7.41958E-017  7.91231E-007  5.13568E-021  5.35578E-021  2.80541E-032  8.52408E-032  4.41659E-031  2.24143E-013  9.66748E-018  4.82756E-015  2.57394E-011  1.63786E-033  6.01118E-039  2.63816E-010  5.71895E-032  4.64460E-011  3.46344E-023  9.97444E-001  1.85368E-019  2.54788E-013  1.39378E-010  1.23625E-038  3.60941E-037  4.49811E-024  1.49931E-019  5.24602E-014  2.03869E-013  1.85581E-011  9.69009E-015  2.62389E-007  1.85005E-009  7.85384E-009  6.42077E-013  1.86250E-014  1.27495E-019  2.44483E-013  2.81841E-011  4.26293E-011  7.93245E-031  5.72845E-035  1.00000E-040  8.20512E-031  1.61381E-012  1.89216E-025  1.10819E-017  1.31418E-014  1.99051E-021  5.78389E-020  3.97381E-031  7.00964E-032  1.21206E-032  9.18570E-039  9.38328E-030  1.14379E-033  1.95421E-031  1.18937E-020  4.49040E-015  2.55092E-031  5.78907E-031  7.40436E-022  3.80969E-014  1.63746E-015  3.49983E-015  2.87297E-022  1.31500E-010  1.00000E-040  6.00027E-018  1.78893E-036  4.85531E-022  5.11201E-022  1.27127E-014  2.06153E-020  1.99876E-010  6.01216E-020  8.84965E-022  7.12824E-013  5.75531E-014  9.07964E-036  2.58652E-037  6.90160E-020  1.00000E-040  6.71163E-021  3.07759E-011  3.03315E-031  1.00000E-003  1.00000E-005  1.00000E-005  1.00000E-005  1.00000E-005  1.00000E-005  1.00000E-005  1.00000E-005  1.00000E-005  1.00000E-005  1.00000E-005  1.00000E-005  1.00000E-005  1.00000E-005  1.00000E-005  1.00000E-005  
4.50000E+000  6.17319E-001  1.71572E+019  2.60603E+002  1.00000E+005  4.22625E-004  1.00000E-040  1.00000E-040  1.57854E-016  1.00000E-040  1.00000E-040  1.00000E-040  1.00000E-040  1.00000E-040  1.00000E-040  1.00000E-040  1.00000E-040  1.00000E-040  1.00000E-040  3.77561E-021  1.00000E-040  1.00000E-040  5.52926E-018  4.96963E-007  1.39308E-003  1.90209E-013  4.97086E-014  2.11727E-004  2.35354E-008  2.82734E-004  2.84132E-019  1.01843E-010  1.00000E-040  5.15140E-040  1.79866E-026  8.29048E-017  7.88435E-007  6.58791E-021  3.68244E-021  1.80730E-032  3.46991E-032  4.41953E-031  6.74490E-014  5.17628E-018  5.51890E-015  1.77890E-011  1.96931E-033  2.52510E-039  2.40222E-010  4.17252E-032  4.61720E-011  9.05942E-023  9.98111E-001  2.46308E-019  2.29513E-013  8.38369E-011  3.31069E-038  4.53526E-037  3.54468E-024  1.15347E-019  1.07709E-013  2.46538E-013  1.93518E-011  9.14778E-015  2.58952E-007  1.77496E-009  1.11205E-008  8.16333E-013  2.51525E-014  8.47255E-020  2.99933E-013  3.18878E-011  3.75885E-011  9.05419E-031  7.15685E-035  5.60069E-036  1.21082E-030  9.99403E-013  1.89338E-025  1.10399E-017  1.32890E-014  2.34963E-021  5.13914E-020  3.98335E-031  2.55259E-032  1.21304E-032  4.93245E-039  1.33504E-029  1.54135E-033  1.81705E-031  1.12821E-020  3.80681E-015  3.20489E-031  8.18999E-031  1.06806E-021  5.77902E-014  2.04079E-015  4.10450E-015  2.06959E-022  1.16579E-010  1.00000E-040  1.26206E-017  2.01259E-036  7.28581E-022  3.74075E-022  1.27212E-014  1.39611E-020  1.26797E-010  5.53030E-020  1.50653E-021  4.36560E-013  5.76289E-014  5.09052E-036  2.48447E-037  7.15771E-020  1.00000E-040  3.72879E-021  3.02341E-011  2.97970E-031  1.00000E-003  1.00000E-005  1.00000E-005  1.00000E-005  1.00000E-005  1.00000E-005  1.00000E-005  1.00000E-005  1.00000E-005  1.00000E-005  1.00000E-005  1.00000E-005  1.00000E-005  1.00000E-005  1.00000E-005  1.00000E-005  
5.50000E+000  5.42635E-001  1.54663E+019  2.54120E+002  1.00000E+005  3.38776E-004  1.00000E-040  1.00000E-040  7.87756E-014  1.00000E-040  1.00000E-040  1.00000E-040  1.00000E-040  1.00000E-040  1.00000E-040  1.00000E-040  1.00000E-040  1.00000E-040  1.00000E-040  2.14083E-021  1.00000E-040  1.00000E-040  6.69540E-018  4.97132E-007  8.75209E-004  2.34500E-013  8.53127E-014  2.11824E-004  2.17239E-008  2.82885E-004  2.97430E-019  8.86056E-011  1.00000E-040  7.35829E-040  2.17011E-026  8.64956E-017  7.86026E-007  8.22172E-021  2.21801E-021  1.04560E-032  1.08771E-032  4.42180E-031  1.92213E-014  4.75119E-018  6.14284E-015  1.31921E-011  2.04563E-033  1.27674E-039  2.17405E-010  2.71290E-032  4.59277E-011  2.33039E-022  9.98629E-001  3.06886E-019  1.86074E-013  4.69968E-011  7.73077E-038  5.39131E-037  2.71931E-024  8.01427E-020  2.32126E-013  2.55584E-013  1.92297E-011  8.43732E-015  2.55219E-007  1.60819E-009  1.58928E-008  1.06108E-012  3.33175E-014  6.48716E-020  5.37549E-013  3.59769E-011  3.01821E-011  1.09814E-030  8.71083E-035  1.00000E-040  1.76377E-030  5.19631E-013  1.89430E-025  1.08390E-017  1.31615E-014  3.10288E-021  4.31824E-020  3.99538E-031  7.03815E-033  1.21400E-032  2.49859E-039  1.91897E-029  1.87701E-033  1.46041E-031  9.63263E-021  2.89799E-015  3.55317E-031  1.13388E-030  1.47546E-021  8.93323E-014  2.33006E-015  4.81110E-015  1.26738E-022  9.91716E-011  1.00000E-040  2.77620E-017  2.15498E-036  1.09438E-021  2.48120E-022  1.27279E-014  8.15703E-021  7.11799E-011  5.28872E-020  2.54991E-021  2.19910E-013  5.76736E-014  2.33680E-036  2.27348E-037  6.57857E-020  1.00000E-040  1.82335E-021  2.97528E-011  2.91547E-031  1.00000E-003  1.00000E-005  1.00000E-005  1.00000E-005  1.00000E-005  1.00000E-005  1.00000E-005  1.00000E-005  1.00000E-005  1.00000E-005  1.00000E-005  1.00000E-005  1.00000E-005  1.00000E-005  1.00000E-005  1.00000E-005  
6.50000E+000  4.75411E-001  1.39390E+019  2.47033E+002  1.00000E+005  2.47987E-004  1.00000E-040  1.00000E-040  3.17781E-011  1.00000E-040  1.00000E-040  1.00000E-040  1.00000E-040  1.00000E-040  1.00000E-040  1.00000E-040  1.00000E-040  1.00000E-040  1.00000E-040  1.07756E-021  1.00000E-040  1.00000E-040  7.47728E-018  4.97259E-007  5.05782E-004  2.74326E-013  1.41233E-013  2.11890E-004  1.99262E-008  2.82994E-004  2.81678E-019  7.22408E-011  1.00000E-040  8.47557E-040  2.25224E-026  8.25689E-017  7.83996E-007  1.01626E-020  1.22373E-021  5.76482E-033  2.87224E-033  4.42342E-031  5.62034E-015  6.40025E-018  6.88854E-015  1.07508E-011  1.87146E-033  8.53429E-040  1.95828E-010  1.52362E-032  4.57159E-011  5.52856E-022  9.98998E-001  3.39254E-019  1.29850E-013  2.44620E-011  1.47682E-037  6.45831E-037  2.16051E-024  5.03274E-020  4.76751E-013  2.13394E-013  1.80765E-011  7.39757E-015  2.51231E-007  1.37079E-009  2.21376E-008  1.38256E-012  4.13404E-014  6.97916E-020  1.00942E-012  3.98033E-011  1.97087E-011  1.44917E-030  1.01883E-034  1.00000E-040  2.41333E-030  2.13667E-013  1.89491E-025  1.04725E-017  1.26133E-014  4.53305E-021  3.43877E-020  4.01086E-031  1.49767E-033  1.21509E-032  1.19405E-039  2.68926E-029  2.06322E-033  1.00028E-031  7.33390E-021  2.02775E-015  3.34536E-031  1.58039E-030  1.96978E-021  1.35708E-013  2.46906E-015  5.54676E-015  6.55150E-023  8.21703E-011  1.00000E-040  6.41118E-017  2.31130E-036  1.64166E-021  1.49463E-022  1.27326E-014  4.15187E-021  3.74147E-011  5.31661E-020  4.15915E-021  8.62051E-014  5.76998E-014  9.53412E-037  1.97510E-037  5.17023E-020  1.00000E-040  8.03790E-022  2.93367E-011  2.85365E-031  1.00000E-003  1.00000E-005  1.00000E-005  1.00000E-005  1.00000E-005  1.00000E-005  1.00000E-005  1.00000E-005  1.00000E-005  1.00000E-005  1.00000E-005  1.00000E-005  1.00000E-005  1.00000E-005  1.00000E-005  1.00000E-005  
7.50000E+000  4.14948E-001  1.25422E+019  2.39628E+002  1.00000E+005  1.60143E-004  1.00000E-040  1.00000E-040  1.55357E-010  1.00000E-040  1.00000E-040  1.00000E-040  1.00000E-040  1.00000E-040  1.00000E-040  1.00000E-040  1.00000E-040  1.00000E-040  1.00000E-040  5.73670E-022  1.00000E-040  1.00000E-040  7.72758E-018  4.97344E-007  2.71794E-004  3.05348E-013  2.23909E-013  2.11926E-004  1.82382E-008  2.83064E-004  2.45951E-019  5.60618E-011  1.00000E-040  8.41171E-040  2.04608E-026  7.30704E-017  7.82288E-007  1.25830E-020  6.56432E-022  3.19285E-033  7.17400E-034  4.42444E-031  2.05527E-015  9.55286E-018  7.95680E-015  9.61582E-012  1.56146E-033  6.44047E-040  1.75914E-010  7.55046E-033  4.55357E-011  3.51583E-021  9.99232E-001  3.15007E-019  7.38513E-014  1.18113E-011  1.56373E-037  8.38628E-037  1.91404E-024  2.93124E-020  9.07960E-013  1.37184E-013  1.60793E-011  6.13590E-015  2.47052E-007  1.09790E-009  2.96627E-008  1.80135E-012  4.70568E-014  1.09624E-019  1.81060E-012  4.28580E-011  8.38701E-012  2.10597E-030  1.13932E-034  1.68235E-035  3.05007E-030  6.38016E-014  1.89524E-025  1.00039E-017  1.16948E-014  6.79771E-021  2.64146E-020  4.03084E-031  2.62874E-034  1.21647E-032  5.43139E-040  3.62600E-029  2.09275E-033  6.02435E-032  5.06561E-021  1.33530E-015  2.72840E-031  2.36205E-030  2.57910E-021  1.94459E-013  2.46880E-015  6.23334E-015  3.02938E-023  6.75967E-011  1.00000E-040  1.52634E-016  2.67130E-036  2.37057E-021  8.28725E-023  1.27356E-014  1.90144E-021  1.90700E-011  5.61542E-020  6.48245E-021  2.42272E-014  5.77146E-014  3.76097E-037  1.63327E-037  3.51333E-020  1.00000E-040  3.27642E-022  2.89838E-011  2.80954E-031  1.00000E-003  1.00000E-005  1.00000E-005  1.00000E-005  1.00000E-005  1.00000E-005  1.00000E-005  1.00000E-005  1.00000E-005  1.00000E-005  1.00000E-005  1.00000E-005  1.00000E-005  1.00000E-005  1.00000E-005  1.00000E-005  
8.50000E+000  3.60662E-001  1.12576E+019  2.32044E+002  1.00000E+005  9.28919E-005  1.00000E-040  1.00000E-040  1.67361E-010  1.00000E-040  1.00000E-040  1.00000E-040  1.00000E-040  1.00000E-040  1.00000E-040  1.00000E-040  1.00000E-040  1.00000E-040  1.00000E-040  1.54242E-021  1.00000E-040  1.00000E-040  7.53024E-018  4.97393E-007  1.37147E-004  3.27754E-013  3.40291E-013  2.11940E-004  1.67375E-008  2.83105E-004  2.02689E-019  4.19585E-011  1.00000E-040  8.50700E-040  1.67980E-026  6.10348E-017  7.80836E-007  1.56741E-020  3.60326E-022  1.84787E-033  1.87383E-034  4.42502E-031  1.15887E-015  1.38234E-017  9.58195E-015  9.21525E-012  1.23733E-033  4.89287E-040  1.58062E-010  3.36676E-033  4.53836E-011  1.23709E-019  9.99366E-001  2.45390E-019  3.40189E-014  5.32878E-012  1.00000E-040  1.20210E-036  1.92506E-024  1.66512E-020  1.61658E-012  6.85972E-014  1.35782E-011  4.86823E-015  2.42772E-007  8.29402E-010  3.81385E-008  2.32692E-012  4.91768E-014  2.09712E-019  3.04096E-012  4.48644E-011  4.12805E-012  3.12046E-030  1.22771E-034  1.00000E-040  3.58389E-030  1.36871E-014  1.89538E-025  9.51913E-018  1.06019E-014  8.99122E-021  2.00128E-020  4.05645E-031  4.26170E-035  1.21841E-032  2.36266E-040  4.69175E-029  2.00768E-033  3.40474E-032  3.28243E-021  8.50956E-016  1.99154E-031  3.83790E-030  3.40885E-021  2.55511E-013  2.37196E-015  6.79928E-015  2.84537E-023  5.61778E-011  1.00000E-040  3.77473E-016  3.42890E-036  2.85890E-021  4.31968E-023  1.27374E-014  8.34340E-022  9.60483E-012  6.16024E-020  9.66158E-021  4.82624E-015  5.77226E-014  1.51267E-037  1.30066E-037  2.12422E-020  1.00000E-040  1.26469E-022  2.86864E-011  2.79330E-031  1.00000E-003  1.00000E-005  1.00000E-005  1.00000E-005  1.00000E-005  1.00000E-005  1.00000E-005  1.00000E-005  1.00000E-005  1.00000E-005  1.00000E-005  1.00000E-005  1.00000E-005  1.00000E-005  1.00000E-005  1.00000E-005  
9.50000E+000  3.12072E-001  1.00607E+019  2.24669E+002  9.61769E+004  4.70687E-005  1.00000E-040  1.00000E-040  1.10202E-009  1.00000E-040  1.00000E-040  1.00000E-040  1.00000E-040  1.00000E-040  1.00000E-040  1.00000E-040  1.00000E-040  1.00000E-040  1.00000E-040  9.56052E-020  1.00000E-040  1.00000E-040  7.30799E-018  4.97412E-007  6.76231E-005  3.49995E-013  5.02283E-013  2.11940E-004  1.54494E-008  2.83127E-004  1.65407E-019  3.11263E-011  1.00000E-040  1.12022E-039  1.35678E-026  5.05898E-017  7.79536E-007  1.96110E-020  2.06924E-022  1.12492E-033  5.32266E-035  4.42530E-031  8.83995E-016  1.83928E-017  1.18965E-014  9.14680E-012  9.97693E-034  3.71505E-040  1.42357E-010  1.45049E-033  4.52513E-011  1.56593E-018  9.99436E-001  1.74427E-019  1.37280E-014  2.28465E-012  1.00000E-040  1.81010E-036  2.08199E-024  9.71646E-021  2.68327E-012  2.95267E-014  1.11221E-011  3.80361E-015  2.38414E-007  6.02402E-010  4.72915E-008  2.92109E-012  4.87814E-014  4.26264E-019  4.71941E-012  4.59833E-011  2.91893E-012  4.27439E-030  1.31480E-034  2.32001E-034  4.02281E-030  2.30759E-015  1.89538E-025  9.07770E-018  9.56841E-015  8.98343E-021  1.53400E-020  4.08937E-031  7.62938E-036  1.22129E-032  1.00574E-040  5.85662E-029  1.90944E-033  1.96975E-032  2.09779E-021  5.51596E-016  1.42397E-031  6.42305E-030  4.64685E-021  3.00195E-013  2.26807E-015  7.16961E-015  1.11168E-022  4.75387E-011  1.00000E-040  9.54943E-016  4.73886E-036  2.36926E-021  2.23871E-023  1.27384E-014  3.77069E-022  4.97534E-012  6.97196E-020  1.38976E-020  7.39309E-016  5.77265E-014  6.30913E-038  1.01954E-037  1.23672E-020  1.00000E-040  4.91542E-023  2.84284E-011  2.80363E-031  1.00000E-003  1.00000E-005  1.00000E-005  1.00000E-005  1.00000E-005  1.00000E-005  1.00000E-005  1.00000E-005  1.00000E-005  1.00000E-005  1.00000E-005  1.00000E-005  1.00000E-005  1.00000E-005  1.00000E-005  1.00000E-005  
1.05000E+001  2.68799E-001  8.93614E+018  2.17868E+002  6.85565E+004  1.82718E-005  1.00000E-040  1.00000E-040  2.27470E-008  1.00000E-040  1.00000E-040  1.00000E-040  1.00000E-040  1.00000E-040  1.00000E-040  1.00000E-040  1.00000E-040  1.00000E-040  5.13789E-040  2.79031E-018  1.00000E-040  1.00000E-040  7.37662E-018  4.97406E-007  3.45363E-005  3.82206E-013  7.48158E-013  2.11929E-004  1.42228E-008  2.83139E-004  1.39291E-019  2.34598E-011  1.00000E-040  1.96425E-039  1.16822E-026  4.36587E-017  7.78100E-007  2.42889E-020  1.18059E-022  6.67511E-034  1.31260E-035  4.42542E-031  6.97399E-016  2.17898E-017  1.45328E-014  9.10785E-012  8.41999E-034  2.78523E-040  1.26904E-010  6.51086E-034  4.51123E-011  8.89708E-018  9.99469E-001  1.17731E-019  4.81590E-015  8.81285E-013  6.22682E-035  2.69672E-036  2.26731E-024  5.77407E-021  4.16576E-012  1.15126E-014  9.01569E-012  2.95079E-015  2.33302E-007  4.19635E-010  5.82998E-008  3.56494E-012  4.89904E-014  8.45192E-019  6.87961E-012  4.68750E-011  3.27778E-012  5.38959E-030  1.42675E-034  1.00000E-040  4.53041E-030  2.87546E-016  1.89528E-025  8.64889E-018  8.65695E-015  7.18585E-021  1.19807E-020  4.13867E-031  1.68544E-036  1.22633E-032  1.00000E-040  7.27407E-029  1.86123E-033  1.19330E-032  1.33795E-021  3.72129E-016  1.08775E-031  1.05417E-029  6.44494E-021  3.08014E-013  2.22674E-015  7.33822E-015  3.34802E-022  4.01924E-011  1.00000E-040  2.34831E-015  6.72179E-036  1.48553E-021  1.18494E-023  1.27389E-014  1.73379E-022  2.71518E-012  8.06792E-020  1.99649E-020  8.10418E-017  5.77280E-014  2.34787E-038  7.83222E-038  7.47996E-021  1.00000E-040  1.98145E-023  2.81589E-011  2.82940E-031  1.00000E-003  1.00000E-005  1.00000E-005  1.00000E-005  1.00000E-005  1.00000E-005  1.00000E-005  1.00000E-005  1.00000E-005  1.00000E-005  1.00000E-005  1.00000E-005  1.00000E-005  1.00000E-005  1.00000E-005  1.00000E-005  
1.15000E+001  2.30524E-001  7.87347E+018  2.12064E+002  2.37960E+004  4.14945E-006  1.00000E-040  1.00000E-040  1.37937E-008  1.00000E-040  1.00000E-040  1.00000E-040  1.00000E-040  1.00000E-040  1.00000E-040  1.00000E-040  1.00000E-040  1.00000E-040  5.14560E-040  2.37680E-018  1.00000E-040  1.00000E-040  7.77367E-018  4.97348E-007  1.91026E-005  4.35404E-013  1.25319E-012  2.11900E-004  1.24606E-008  2.83148E-004  1.24898E-019  1.83258E-011  1.00000E-040  4.42370E-039  1.15208E-026  4.10338E-017  7.75363E-007  2.80276E-020  5.24784E-023  2.81672E-034  1.00000E-040  4.42541E-031  4.26383E-016  1.96252E-017  1.49852E-014  8.61246E-012  6.82797E-034  1.70647E-040  1.03872E-010  3.31834E-034  4.48634E-011  3.02881E-017  9.99484E-001  6.91291E-020  9.40484E-016  2.05642E-013  1.00000E-040  3.75250E-036  2.33125E-024  3.04190E-021  6.25972E-012  3.45973E-015  7.20973E-012  2.35432E-015  2.23663E-007  2.51812E-010  7.88575E-008  4.59192E-012  5.77785E-014  1.54376E-018  1.00789E-011  5.03807E-011  6.05778E-012  6.62021E-030  1.59154E-034  1.00000E-040  5.71034E-030  1.38115E-017  1.89501E-025  8.01874E-018  7.71785E-015  5.00947E-021  9.29560E-021  4.26050E-031  3.93836E-037  1.24075E-032  1.00000E-040  9.93394E-029  1.85159E-033  6.75269E-033  7.76219E-022  2.47210E-016  9.62645E-032  1.69005E-029  8.12719E-021  2.37337E-013  2.29746E-015  7.35914E-015  6.18417E-022  3.07180E-011  1.00000E-040  5.44091E-015  9.23174E-036  7.92845E-022  5.94976E-024  1.27393E-014  6.51676E-023  1.51259E-012  9.16030E-020  3.17761E-020  3.19004E-018  5.77279E-014  1.00000E-040  5.27534E-038  5.04199E-021  1.00000E-040  7.70009E-024  2.76818E-011  2.84268E-031  1.00000E-003  1.00000E-005  1.00000E-005  1.00000E-005  1.00000E-005  1.00000E-005  1.00000E-005  1.00000E-005  1.00000E-005  1.00000E-005  1.00000E-005  1.00000E-005  1.00000E-005  1.00000E-005  1.00000E-005  1.00000E-005  
1.25000E+001  1.96945E-001  6.87939E+018  2.07354E+002  1.42829E+004  9.94834E-007  1.00000E-040  1.00000E-040  8.45073E-009  1.00000E-040  1.00000E-040  1.00000E-040  1.00000E-040  1.00000E-040  1.00000E-040  1.00000E-040  1.00000E-040  1.00000E-040  5.16431E-040  1.85155E-018  1.00000E-040  1.00000E-040  8.25374E-018  4.97166E-007  1.08530E-005  5.17328E-013  2.38157E-012  2.11840E-004  1.00672E-008  2.83157E-004  1.23092E-019  1.53130E-011  1.00000E-040  1.00317E-038  1.31729E-026  4.23344E-017  7.69520E-007  2.73625E-020  1.51568E-023  6.46237E-035  2.04032E-036  4.42527E-031  1.60415E-016  1.14229E-017  1.15762E-014  6.85827E-012  4.87178E-034  1.00000E-040  7.13222E-011  1.97667E-034  4.43683E-011  7.37079E-017  9.99493E-001  5.01249E-020  8.17788E-017  2.34924E-014  2.20418E-037  4.32408E-036  1.99368E-024  1.41392E-021  9.28840E-012  1.49074E-015  5.65458E-012  2.00211E-015  2.04673E-007  1.33300E-010  1.17553E-007  6.50159E-012  8.51338E-014  2.64407E-018  1.44038E-011  6.09412E-011  8.74422E-012  7.25944E-030  1.82137E-034  1.00000E-040  8.11874E-030  2.20034E-019  1.89448E-025  7.11222E-018  7.15968E-015  3.42300E-021  7.18976E-021  4.59043E-031  9.34817E-038  1.28500E-032  1.00000E-040  1.50162E-028  1.74036E-033  3.55594E-033  4.00862E-022  1.56370E-016  1.00348E-031  2.22211E-029  8.29328E-021  1.15376E-013  2.49828E-015  7.18401E-015  7.93683E-022  1.92023E-011  1.00000E-040  1.16133E-014  1.07410E-035  3.88220E-022  2.74488E-024  1.27399E-014  1.97100E-023  8.49373E-013  9.02075E-020  5.65838E-020  3.69910E-020  5.77258E-014  1.00000E-040  3.07066E-038  3.96367E-021  1.00000E-040  2.81296E-024  2.67501E-011  2.66826E-031  1.00000E-003  1.00000E-005  1.00000E-005  1.00000E-005  1.00000E-005  1.00000E-005  1.00000E-005  1.00000E-005  1.00000E-005  1.00000E-005  1.00000E-005  1.00000E-005  1.00000E-005  1.00000E-005  1.00000E-005  1.00000E-005  
1.35000E+001  1.67699E-001  5.97439E+018  2.03308E+002  6.95701E+003  2.57372E-007  1.00000E-040  1.00000E-040  4.19743E-009  1.00000E-040  1.00000E-040  1.00000E-040  1.00000E-040  1.00000E-040  1.00000E-040  1.00000E-040  1.00000E-040  1.00000E-040  5.18401E-040  1.38704E-018  1.00000E-040  1.00000E-040  9.26131E-018  4.96742E-007  6.85001E-006  6.50384E-013  4.60202E-012  2.11748E-004  7.75654E-009  2.83169E-004  1.33375E-019  1.35900E-011  1.00000E-040  1.74652E-038  1.74492E-026  4.74589E-017  7.58728E-007  2.09485E-020  2.74816E-024  7.62594E-036  5.76758E-036  4.42490E-031  4.15662E-017  4.74844E-018  6.82430E-015  4.15359E-012  3.12616E-034  1.00000E-040  3.88172E-011  1.32803E-034  4.35224E-011  1.47964E-016  9.99497E-001  5.17664E-020  4.06929E-018  1.57036E-015  1.72819E-037  4.14454E-036  1.41835E-024  6.69524E-022  1.35400E-011  1.17506E-015  4.58047E-012  1.79217E-015  1.74658E-007  7.34790E-011  1.74075E-007  9.41179E-012  1.35260E-013  3.17146E-018  1.97794E-011  7.91461E-011  1.06818E-011  6.86704E-030  2.18085E-034  1.00000E-040  1.20005E-029  1.53764E-021  1.89367E-025  6.15102E-018  7.38173E-015  2.48206E-021  5.63921E-021  5.35947E-031  2.69735E-038  1.39803E-032  1.00000E-040  2.26935E-028  1.40544E-033  2.03242E-033  2.10507E-022  1.00178E-016  1.22334E-031  2.12526E-029  6.74709E-021  3.86839E-014  2.87458E-015  6.80179E-015  8.95484E-022  9.33577E-012  1.00000E-040  2.39075E-014  1.08437E-035  2.01765E-022  1.33396E-024  1.27411E-014  6.24629E-024  5.03652E-013  7.08900E-020  1.01929E-019  1.78647E-022  5.77205E-014  1.00000E-040  1.90661E-038  3.61278E-021  1.00000E-040  1.08778E-024  2.52054E-011  2.14401E-031  1.00000E-003  1.00000E-005  1.00000E-005  1.00000E-005  1.00000E-005  1.00000E-005  1.00000E-005  1.00000E-005  1.00000E-005  1.00000E-005  1.00000E-005  1.00000E-005  1.00000E-005  1.00000E-005  1.00000E-005  1.00000E-005  
1.45000E+001  1.42351E-001  5.16986E+018  1.99434E+002  5.42540E+003  9.71590E-008  1.00000E-040  1.00000E-040  1.89854E-009  1.00000E-040  1.00000E-040  1.00000E-040  1.00000E-040  1.00000E-040  1.00000E-040  1.00000E-040  1.00000E-040  1.00000E-040  5.19327E-040  1.02781E-018  1.00000E-040  1.00000E-040  1.06796E-017  4.95939E-007  4.37191E-006  8.02514E-013  8.49226E-012  2.11628E-004  6.25701E-009  2.83185E-004  1.42096E-019  1.19436E-011  1.00000E-040  2.35846E-038  2.22684E-026  5.21989E-017  7.40975E-007  1.22147E-020  2.97925E-025  1.47364E-037  1.00000E-040  4.42417E-031  8.53867E-018  1.58576E-018  3.25082E-015  1.90723E-012  1.54466E-034  1.00000E-040  1.57313E-011  8.69906E-035  4.22426E-011  2.72978E-016  9.99499E-001  5.72137E-020  4.25026E-019  2.15125E-016  1.52595E-037  3.77183E-036  9.55816E-025  3.31306E-022  1.97519E-011  1.05046E-015  3.68722E-012  1.57740E-015  1.35377E-007  4.18776E-011  2.42184E-007  1.30506E-011  1.98347E-013  2.77853E-018  2.68682E-011  9.63315E-011  7.85786E-012  5.93767E-030  2.56811E-034  1.00000E-040  1.63591E-029  6.30388E-024  1.89262E-025  5.42985E-018  7.87755E-015  1.89223E-021  4.50583E-021  6.97789E-031  8.37864E-039  1.64965E-032  1.00000E-040  3.24962E-028  8.49334E-034  1.19371E-033  1.15578E-022  6.19560E-017  1.43717E-031  1.63621E-029  4.08272E-021  1.01372E-014  3.22493E-015  6.33735E-015  9.50731E-022  3.43985E-012  1.00000E-040  4.83794E-014  1.01710E-035  1.10822E-022  6.94787E-025  1.27433E-014  2.11442E-024  2.96549E-013  4.13594E-020  1.76115E-019  5.01627E-025  5.77103E-014  1.00000E-040  1.40739E-038  3.15122E-021  1.00000E-040  4.39016E-025  2.29708E-011  1.49771E-031  1.00000E-003  1.00000E-005  1.00000E-005  1.00000E-005  1.00000E-005  1.00000E-005  1.00000E-005  1.00000E-005  1.00000E-005  1.00000E-005  1.00000E-005  1.00000E-005  1.00000E-005  1.00000E-005  1.00000E-005  1.00000E-005  
1.55000E+001  1.20457E-001  4.45881E+018  1.95673E+002  4.40851E+003  4.74469E-008  1.00000E-040  1.00000E-040  7.09178E-010  1.00000E-040  1.00000E-040  1.00000E-040  1.00000E-040  1.00000E-040  1.00000E-040  1.00000E-040  1.00000E-040  1.00000E-040  5.19171E-040  7.71476E-019  1.00000E-040  1.00000E-040  1.33066E-017  4.94813E-007  2.84431E-006  9.65921E-013  1.45676E-011  2.11501E-004  5.77733E-009  2.83203E-004  1.47719E-019  1.03618E-011  1.00000E-040  2.98824E-038  2.71579E-026  5.62713E-017  7.17964E-007  5.96053E-021  2.33167E-026  5.35137E-037  6.08831E-036  4.42309E-031  1.71433E-018  5.11446E-019  1.43229E-015  7.37922E-013  6.55618E-035  1.00000E-040  5.10021E-012  5.49673E-035  4.07145E-011  4.85193E-016  9.99501E-001  6.19859E-020  2.09706E-019  1.29749E-016  1.55378E-037  3.87178E-036  7.23977E-025  1.87426E-022  2.69392E-011  9.26653E-016  2.98194E-012  1.34601E-015  9.76411E-008  2.48107E-011  3.07663E-007  1.55951E-011  2.49624E-013  1.91627E-018  3.38977E-011  9.78840E-011  4.35078E-012  5.01237E-030  2.96792E-034  1.54758E-040  1.99155E-029  1.08659E-025  1.89149E-025  5.24674E-018  8.33671E-015  1.59760E-021  3.91505E-021  9.71563E-031  3.07806E-039  2.08591E-032  1.00000E-040  4.29565E-028  4.20456E-034  7.82820E-034  7.26751E-023  3.90319E-017  1.61221E-031  1.26735E-029  2.08166E-021  2.50017E-015  3.53034E-015  5.85266E-015  1.02282E-021  1.09083E-012  1.00000E-040  9.60463E-014  1.04695E-035  6.98051E-023  4.18531E-025  1.27465E-014  8.55414E-025  1.81393E-013  1.97960E-020  2.84667E-019  5.89035E-027  5.76955E-014  1.00000E-040  1.29359E-038  2.60143E-021  1.00000E-040  2.00634E-025  2.04494E-011  1.14892E-031  1.00000E-003  1.00000E-005  1.00000E-005  1.00000E-005  1.00000E-005  1.00000E-005  1.00000E-005  1.00000E-005  1.00000E-005  1.00000E-005  1.00000E-005  1.00000E-005  1.00000E-005  1.00000E-005  1.00000E-005  1.00000E-005  
1.65000E+001  1.01620E-001  3.82836E+018  1.92257E+002  3.94335E+003  2.46509E-008  1.00000E-040  1.00000E-040  2.30050E-010  1.00000E-040  1.00000E-040  1.00000E-040  1.00000E-040  1.00000E-040  1.00000E-040  1.00000E-040  1.00000E-040  1.00000E-040  5.18637E-040  5.89804E-019  1.00000E-040  1.00000E-040  1.82844E-017  4.93391E-007  1.92336E-006  1.18859E-012  2.44618E-011  2.11360E-004  5.83894E-009  2.83224E-004  1.60100E-019  9.22512E-012  1.00000E-040  4.15246E-038  3.53872E-026  6.31580E-017  6.89530E-007  2.37250E-021  1.21725E-027  1.00000E-040  1.00000E-040  4.42160E-031  3.15636E-019  1.47199E-019  5.38263E-016  2.31450E-013  2.46899E-035  1.00000E-040  1.30697E-012  3.65522E-035  3.89583E-011  8.32173E-016  9.99502E-001  6.88200E-020  1.33618E-019  9.77474E-017  1.71895E-037  4.59949E-036  6.32497E-025  1.26370E-022  3.22529E-011  7.49392E-016  2.50069E-012  1.17598E-015  6.54760E-008  1.57032E-011  3.72949E-007  1.55860E-011  2.85715E-013  1.04993E-018  3.72562E-011  8.38435E-011  1.87297E-012  4.22022E-030  3.52118E-034  1.00000E-040  2.36660E-029  2.87330E-026  1.89019E-025  5.77244E-018  9.18814E-015  1.56350E-021  3.91731E-021  1.42101E-030  1.46722E-039  2.80401E-032  1.00000E-040  5.49370E-028  1.77343E-034  6.27796E-034  5.45352E-023  2.54428E-017  1.94137E-031  1.09154E-029  9.30077E-022  5.34041E-016  3.95434E-015  5.34827E-015  1.13073E-021  3.01189E-013  1.00000E-040  1.88366E-013  1.26156E-035  5.28885E-023  2.86680E-025  1.27508E-014  4.29345E-025  1.18882E-013  7.80571E-021  4.51520E-019  1.18331E-027  5.76755E-014  1.00000E-040  1.41902E-038  2.28117E-021  1.00000E-040  1.02639E-025  1.77281E-011  1.53102E-031  1.00000E-003  1.00000E-005  1.00000E-005  1.00000E-005  1.00000E-005  1.00000E-005  1.00000E-005  1.00000E-005  1.00000E-005  1.00000E-005  1.00000E-005  1.00000E-005  1.00000E-005  1.00000E-005  1.00000E-005  1.00000E-005  
1.75000E+001  8.55001E-002  3.26548E+018  1.89643E+002  3.89374E+003  1.24031E-008  1.39929E-040  1.00000E-040  6.63619E-011  1.00000E-040  1.00000E-040  1.00000E-040  1.00000E-040  1.00000E-040  1.00000E-040  1.00000E-040  1.00000E-040  1.00000E-040  5.19017E-040  4.60156E-019  1.00000E-040  1.00000E-040  2.87318E-017  4.91829E-007  1.45635E-006  1.61522E-012  4.14205E-011  2.11206E-004  5.92563E-009  2.83246E-004  1.99363E-019  8.85760E-012  1.00000E-040  7.06217E-038  5.88686E-026  8.09336E-017  6.57050E-007  7.58606E-022  4.24585E-029  1.00000E-040  1.00000E-040  4.41973E-031  5.21599E-020  3.63552E-020  1.61033E-016  5.64335E-014  9.35784E-036  1.00000E-040  2.71688E-013  3.01353E-035  3.70674E-011  1.37497E-015  9.99502E-001  8.21665E-020  8.96313E-020  7.78096E-017  1.95341E-037  6.46957E-036  6.52138E-025  1.11563E-022  3.27482E-011  5.55483E-016  2.29113E-012  1.11280E-015  4.15924E-008  1.13965E-011  4.38509E-007  1.28439E-011  2.99665E-013  4.43357E-019  3.42224E-011  6.37619E-011  6.53437E-013  3.59837E-030  4.60751E-034  1.00000E-040  3.00054E-029  9.09482E-027  1.88859E-025  7.31270E-018  1.14539E-014  1.85351E-021  4.71381E-021  2.12224E-030  1.14720E-039  3.90530E-032  1.00000E-040  6.94071E-028  6.93954E-035  7.34062E-034  5.23761E-023  1.79472E-017  3.03386E-031  1.11192E-029  3.77805E-022  9.36625E-017  4.84074E-015  4.80957E-015  1.37328E-021  7.24749E-014  1.00000E-040  3.48309E-013  1.93302E-035  5.24069E-023  2.31040E-025  1.27561E-014  3.07437E-025  8.74674E-014  2.60367E-021  7.18541E-019  3.08880E-028  5.76510E-014  1.00000E-040  1.82422E-038  2.56518E-021  1.00000E-040  6.21801E-026  1.49812E-011  4.65407E-032  1.00000E-003  1.00000E-005  1.00000E-005  1.00000E-005  1.00000E-005  1.00000E-005  1.00000E-005  1.00000E-005  1.00000E-005  1.00000E-005  1.00000E-005  1.00000E-005  1.00000E-005  1.00000E-005  1.00000E-005  1.00000E-005  
1.85000E+001  7.17923E-002  2.76895E+018  1.87793E+002  3.93732E+003  6.38402E-009  3.83740E-040  1.00000E-040  1.69526E-011  1.00000E-040  1.00000E-040  1.00000E-040  1.00000E-040  1.00000E-040  1.00000E-040  1.00000E-040  1.00000E-040  1.00000E-040  5.20340E-040  3.58538E-019  1.00000E-040  1.00000E-040  5.08029E-017  4.90356E-007  1.24889E-006  2.43852E-012  7.09480E-011  2.11048E-004  5.74641E-009  2.83269E-004  2.83140E-019  9.00158E-012  1.00000E-040  1.46896E-037  1.24898E-025  1.17549E-016  6.21799E-007  1.93808E-022  9.90810E-031  1.00000E-040  1.00000E-040  4.41751E-031  7.32049E-021  7.43670E-021  3.74192E-017  1.05835E-014  3.50234E-036  1.00000E-040  4.63058E-014  3.24273E-035  3.51149E-011  2.18176E-015  9.99503E-001  1.03288E-019  6.04010E-020  6.38938E-017  2.22998E-037  1.05065E-035  7.76207E-025  1.26611E-022  2.90709E-011  3.83962E-016  2.24978E-012  1.11941E-015  2.54099E-008  9.36508E-012  5.00091E-007  8.93826E-012  2.72691E-013  1.40735E-019  2.70519E-011  4.44595E-011  1.95911E-013  3.13313E-030  6.72532E-034  1.00000E-040  4.10699E-029  2.64302E-027  1.88660E-025  1.03183E-017  1.61259E-014  2.56895E-021  6.57151E-021  3.21323E-030  1.43622E-039  5.54229E-032  1.00000E-040  8.70214E-028  2.49066E-035  1.23538E-033  6.24942E-023  1.33642E-017  6.15056E-031  1.30749E-029  1.36095E-022  1.29840E-017  6.41138E-015  4.26346E-015  1.80870E-021  1.47732E-014  1.00000E-040  5.93843E-013  3.70262E-035  6.55244E-023  2.15286E-025  1.27624E-014  3.09346E-025  6.96062E-014  7.30296E-022  1.15014E-018  7.97690E-029  5.76225E-014  1.39256E-032  2.65694E-038  3.70785E-021  1.00000E-040  4.38184E-026  1.23302E-011  3.69844E-032  1.00000E-003  1.00000E-005  1.00000E-005  1.00000E-005  1.00000E-005  1.00000E-005  1.00000E-005  1.00000E-005  1.00000E-005  1.00000E-005  1.00000E-005  1.00000E-005  1.00000E-005  1.00000E-005  1.00000E-005  1.00000E-005  
1.95000E+001  6.01940E-002  2.33843E+018  1.86443E+002  4.20491E+003  3.62843E-009  1.05951E-039  1.00000E-040  3.97639E-012  1.00000E-040  1.00000E-040  1.00000E-040  1.00000E-040  1.00000E-040  1.00000E-040  1.00000E-040  1.00000E-040  1.00000E-040  5.22050E-040  2.71425E-019  1.00000E-040  1.00000E-040  9.81459E-017  4.89298E-007  1.16799E-006  3.91054E-012  1.21559E-010  2.10906E-004  5.32099E-009  2.83293E-004  4.30168E-019  9.25608E-012  1.00000E-040  3.60839E-037  3.04311E-025  1.83005E-016  5.84998E-007  4.01250E-023  1.33043E-032  1.00000E-040  1.00000E-040  4.41498E-031  8.40995E-022  1.25467E-021  6.90927E-018  1.56579E-015  1.18761E-036  1.00000E-040  6.45891E-015  1.36679E-034  3.31660E-011  3.27542E-015  9.99503E-001  1.29773E-019  3.93978E-020  5.19646E-017  2.55578E-037  1.85875E-035  1.01094E-024  1.68691E-022  2.37388E-011  2.51340E-016  2.25702E-012  1.13646E-015  1.50903E-008  8.48447E-012  5.46926E-007  5.44065E-012  2.01542E-013  3.40972E-020  1.94249E-011  2.84021E-011  5.09926E-014  2.80187E-030  1.05979E-033  1.00000E-040  5.80628E-029  6.78552E-028  1.88423E-025  1.55329E-017  2.43995E-014  3.88670E-021  9.93481E-021  4.96007E-030  2.39901E-039  7.94626E-032  1.00000E-040  1.07713E-027  7.83377E-036  2.60564E-033  8.53785E-023  1.00623E-017  1.44872E-030  1.67081E-029  4.13730E-023  1.41908E-018  8.76058E-015  3.74356E-015  2.42821E-021  2.49131E-015  1.00000E-040  9.31688E-013  8.10012E-035  9.38135E-023  2.24983E-025  1.27696E-014  3.86797E-025  5.70384E-014  1.69413E-022  1.83579E-018  1.91418E-029  5.75906E-014  1.00000E-040  4.27237E-038  6.18932E-021  1.00000E-040  3.44433E-026  9.87567E-012  8.55650E-032  1.00000E-003  1.00000E-005  1.00000E-005  1.00000E-005  1.00000E-005  1.00000E-005  1.00000E-005  1.00000E-005  1.00000E-005  1.00000E-005  1.00000E-005  1.00000E-005  1.00000E-005  1.00000E-005  1.00000E-005  1.00000E-005  
2.05000E+001  5.04122E-002  1.97043E+018  1.85307E+002  4.72335E+003  2.60697E-009  2.93689E-039  1.00000E-040  8.77374E-013  1.00000E-040  1.00000E-040  1.00000E-040  1.00000E-040  1.00000E-040  1.00000E-040  1.00000E-040  1.00000E-040  1.00000E-040  5.23531E-040  1.94852E-019  1.00000E-040  1.00000E-040  2.04603E-016  4.89100E-007  1.13644E-006  6.37655E-012  2.06372E-010  2.10805E-004  4.80236E-009  2.83315E-004  6.61617E-019  9.35739E-012  1.00000E-040  1.04881E-036  7.75491E-025  2.92066E-016  5.48801E-007  7.01524E-024  1.00000E-040  1.00000E-040  1.00000E-040  4.41224E-031  8.02431E-023  1.80511E-022  1.07082E-018  1.93574E-016  3.49375E-037  1.00000E-040  7.54356E-016  3.76425E-033  3.13283E-011  4.51729E-015  9.99503E-001  1.53178E-019  2.39528E-020  3.98719E-017  2.92212E-037  3.36705E-035  1.36073E-024  2.40791E-022  1.88815E-011  1.60739E-016  2.23096E-012  1.09527E-015  8.91079E-009  8.55623E-012  5.66073E-007  3.03632E-012  1.20863E-013  6.69032E-021  1.34823E-011  1.68434E-011  1.19168E-014  2.60049E-030  1.75458E-033  1.00000E-040  8.13803E-029  1.48252E-028  1.88151E-025  2.40255E-017  3.80073E-014  6.05150E-021  1.54080E-020  7.80494E-030  4.49999E-039  1.13673E-031  1.00000E-040  1.31201E-027  2.14064E-036  5.99874E-033  1.23543E-022  7.49199E-018  3.58746E-030  2.18721E-029  1.06167E-023  1.26290E-019  1.19059E-014  3.27772E-015  3.10537E-021  3.54832E-016  1.00000E-040  1.34264E-012  1.84777E-034  1.41071E-022  2.58933E-025  1.27774E-014  5.30780E-025  4.70834E-014  3.30892E-023  2.90234E-018  4.00350E-030  5.75565E-014  1.00000E-040  7.46670E-038  1.08201E-020  1.00000E-040  2.94970E-026  7.75299E-012  3.68583E-032  1.00000E-003  1.00000E-005  1.00000E-005  1.00000E-005  1.00000E-005  1.00000E-005  1.00000E-005  1.00000E-005  1.00000E-005  1.00000E-005  1.00000E-005  1.00000E-005  1.00000E-005  1.00000E-005  1.00000E-005  1.00000E-005  
2.15000E+001  4.21770E-002  1.65831E+018  1.84216E+002  5.25999E+003  2.41426E-009  8.16238E-039  1.00000E-040  1.81946E-013  1.00000E-040  1.00000E-040  1.00000E-040  1.00000E-040  1.00000E-040  1.00000E-040  1.00000E-040  1.00000E-040  1.00000E-040  5.24455E-040  1.30678E-019  1.00000E-040  1.00000E-040  4.61735E-016  4.90224E-007  1.11598E-006  1.03437E-011  3.47873E-010  2.10759E-004  4.29515E-009  2.83334E-004  1.00398E-018  9.22317E-012  1.00000E-040  3.82899E-036  1.97796E-024  4.68848E-016  5.14357E-007  1.04763E-024  1.23520E-034  4.92958E-037  5.69277E-036  4.40932E-031  6.30804E-024  2.19738E-023  1.40435E-019  2.04944E-017  8.63932E-038  1.00000E-040  7.45680E-017  7.60099E-032  2.96469E-011  5.54530E-015  9.99503E-001  1.64594E-019  1.32786E-020  2.82151E-017  3.31282E-037  5.98249E-035  1.81990E-024  3.48398E-022  1.52647E-011  1.02547E-016  2.14466E-012  9.75544E-016  5.30138E-009  9.74606E-012  5.50434E-007  1.62246E-012  6.27905E-014  1.09932E-021  9.47009E-012  9.53346E-012  2.62483E-015  2.53658E-030  3.03622E-033  6.00730E-040  1.11580E-028  2.69051E-029  1.87836E-025  3.75311E-017  5.97940E-014  9.44010E-021  2.39336E-020  1.26208E-029  8.58296E-039  1.61944E-031  1.00000E-040  1.58151E-027  5.02735E-037  1.39290E-032  1.81036E-022  5.44916E-018  8.90162E-030  2.82424E-029  2.31544E-024  9.02528E-021  1.57693E-014  2.86635E-015  3.58229E-021  4.33011E-017  1.00000E-040  1.79333E-012  4.15937E-034  2.12848E-022  3.25480E-025  1.27856E-014  7.39057E-025  3.88626E-014  5.46987E-024  4.54907E-018  6.97723E-031  5.75208E-014  1.00000E-040  1.41694E-037  1.88987E-020  1.00000E-040  2.72278E-026  5.99740E-012  1.28239E-031  1.00000E-003  1.00000E-005  1.00000E-005  1.00000E-005  1.00000E-005  1.00000E-005  1.00000E-005  1.00000E-005  1.00000E-005  1.00000E-005  1.00000E-005  1.00000E-005  1.00000E-005  1.00000E-005  1.00000E-005  1.00000E-005  
2.25000E+001  3.52513E-002  1.39432E+018  1.83118E+002  5.99062E+003  2.47235E-009  2.27410E-038  1.00000E-040  3.66921E-014  1.00000E-040  1.00000E-040  1.00000E-040  1.00000E-040  1.00000E-040  1.00000E-040  1.00000E-040  1.00000E-040  1.00000E-040  5.24789E-040  8.22596E-020  1.00000E-040  1.00000E-040  1.11460E-015  4.93169E-007  1.09478E-006  1.63805E-011  5.79788E-010  2.10768E-004  3.86718E-009  2.83349E-004  1.47349E-018  8.84294E-012  2.18812E-040  1.75440E-035  4.86731E-024  7.44364E-016  4.82311E-007  1.34333E-025  2.39268E-034  1.38747E-036  1.59400E-035  4.40623E-031  4.10110E-025  2.22223E-024  1.54885E-020  1.89368E-018  1.75282E-038  1.00000E-040  6.33773E-018  9.32201E-031  2.81350E-011  6.02888E-015  9.99503E-001  1.59507E-019  6.71749E-021  1.83206E-017  7.76613E-036  1.01812E-034  2.36596E-024  4.91959E-022  1.28184E-011  6.52732E-017  2.02392E-012  8.02499E-016  3.20386E-009  1.20909E-011  5.01029E-007  8.63596E-013  3.05759E-014  1.52921E-022  6.88873E-012  5.27694E-012  5.53339E-016  2.60393E-030  5.39795E-033  1.10643E-040  1.46444E-028  4.13510E-030  1.87486E-025  5.83126E-017  9.33403E-014  1.44800E-020  3.66236E-020  2.11293E-029  1.55284E-038  2.29912E-031  1.00000E-040  1.88067E-027  1.00199E-037  3.08053E-032  2.60437E-022  3.85324E-018  2.13073E-029  3.52780E-029  4.31379E-025  5.11140E-022  1.98312E-014  2.48868E-015  3.66016E-021  4.61619E-018  1.00000E-040  2.24052E-012  8.88610E-034  3.12673E-022  4.42087E-025  1.27944E-014  9.90982E-025  3.18990E-014  7.65801E-025  6.98066E-018  1.01936E-031  5.74836E-014  6.15348E-033  2.89911E-037  3.17505E-020  1.00000E-040  2.68822E-026  4.59650E-012  1.03943E-031  1.00000E-003  1.00000E-005  1.00000E-005  1.00000E-005  1.00000E-005  1.00000E-005  1.00000E-005  1.00000E-005  1.00000E-005  1.00000E-005  1.00000E-005  1.00000E-005  1.00000E-005  1.00000E-005  1.00000E-005  1.00000E-005  
2.35000E+001  2.94331E-002  1.17100E+018  1.82052E+002  6.81524E+003  2.27154E-009  6.35402E-038  1.00000E-040  7.20019E-015  1.00000E-040  1.00000E-040  1.00000E-040  1.00000E-040  1.00000E-040  1.00000E-040  1.00000E-040  1.00000E-040  1.00000E-040  5.24719E-040  4.99652E-020  1.00000E-040  1.00000E-040  2.71630E-015  4.98395E-007  1.07907E-006  2.46216E-011  9.31183E-010  2.10817E-004  3.58680E-009  2.83361E-004  2.03336E-018  8.23490E-012  1.34600E-039  8.79867E-035  1.08984E-023  1.13292E-015  4.53310E-007  1.52333E-026  9.91885E-034  7.95474E-036  9.08874E-035  4.40300E-031  2.38542E-026  1.92442E-025  1.48559E-021  1.60475E-019  2.91698E-039  1.00000E-040  4.81758E-019  7.51055E-030  2.68009E-011  6.02445E-015  9.99503E-001  1.41301E-019  3.22963E-021  1.10625E-017  4.28390E-037  1.65754E-034  2.98489E-024  6.57995E-022  1.11252E-011  4.08462E-017  1.93472E-012  6.21885E-016  1.98582E-009  1.50337E-011  4.28915E-007  4.75895E-013  1.48866E-014  1.83169E-023  5.16205E-012  2.89471E-012  1.18052E-016  2.73764E-030  9.28947E-033  1.00000E-040  1.74216E-028  5.99634E-031  1.87172E-025  8.77342E-017  1.40149E-013  2.12779E-020  5.38558E-020  3.66286E-029  2.50251E-038  3.24516E-031  1.75506E-040  2.14954E-027  1.69353E-038  6.12585E-032  3.57560E-022  2.67959E-018  4.64477E-029  4.27219E-029  6.99357E-026  2.45309E-023  2.28537E-014  2.12808E-015  3.42036E-021  4.51983E-019  1.00000E-040  2.63888E-012  1.74602E-033  4.35093E-022  6.29827E-025  1.28036E-014  1.23845E-024  2.59460E-014  9.26703E-026  1.01126E-017  1.38810E-032  5.74453E-014  8.67217E-032  6.18047E-037  4.84314E-020  1.00000E-040  2.78742E-026  3.52423E-012  1.74303E-031  1.00000E-003  1.00000E-005  1.00000E-005  1.00000E-005  1.00000E-005  1.00000E-005  1.00000E-005  1.00000E-005  1.00000E-005  1.00000E-005  1.00000E-005  1.00000E-005  1.00000E-005  1.00000E-005  1.00000E-005  1.00000E-005  
2.45000E+001  2.45513E-002  9.82127E+017  1.81060E+002  7.73991E+003  1.65175E-009  1.78093E-037  1.00000E-040  1.31892E-015  1.00000E-040  1.00000E-040  1.00000E-040  1.00000E-040  1.00000E-040  1.00000E-040  1.00000E-040  1.00000E-040  1.00000E-040  5.24429E-040  3.02538E-020  1.00000E-040  1.00000E-040  6.20169E-015  5.06272E-007  1.07764E-006  3.44763E-011  1.39783E-009  2.10883E-004  3.48660E-009  2.83368E-004  2.58875E-018  7.45351E-012  7.43252E-039  2.59932E-033  2.11755E-023  1.60463E-015  4.27382E-007  1.58313E-027  2.36138E-034  2.43971E-036  2.77096E-035  4.39960E-031  1.39201E-027  1.53162E-026  1.31614E-022  1.31352E-020  4.07624E-040  1.00000E-040  3.41395E-020  4.30780E-029  2.56215E-011  5.81515E-015  9.99503E-001  1.17962E-019  1.56846E-021  6.39107E-018  5.16726E-037  2.63012E-034  3.71565E-024  8.27469E-022  9.77979E-012  2.50114E-017  1.93224E-012  4.65736E-016  1.26522E-009  1.76030E-011  3.50684E-007  2.78139E-013  7.52605E-015  1.93697E-024  3.90307E-012  1.58634E-012  3.35529E-017  2.82231E-030  1.44972E-032  1.00000E-040  1.79186E-028  9.43729E-032  1.87008E-025  1.24589E-016  1.96686E-013  2.93380E-020  7.44403E-020  6.56016E-029  3.50535E-038  4.55677E-031  6.07289E-040  2.29027E-027  2.44426E-039  1.06771E-031  4.62528E-022  1.87407E-018  8.80254E-029  5.11456E-029  1.02300E-026  1.13027E-024  2.37715E-014  1.79010E-015  3.07645E-021  4.30570E-020  1.00000E-040  2.96401E-012  3.14301E-033  5.67082E-022  9.02835E-025  1.28134E-014  1.44823E-024  2.09357E-014  1.00069E-026  1.33818E-017  2.04954E-033  5.74056E-014  1.00000E-040  1.31433E-036  6.40650E-020  1.00000E-040  2.94006E-026  2.72370E-012  1.61319E-031  1.00000E-003  1.00000E-005  1.00000E-005  1.00000E-005  1.00000E-005  1.00000E-005  1.00000E-005  1.00000E-005  1.00000E-005  1.00000E-005  1.00000E-005  1.00000E-005  1.00000E-005  1.00000E-005  1.00000E-005  1.00000E-005  
2.55000E+001  2.04616E-002  8.22183E+017  1.80255E+002  8.74643E+003  1.81408E-010  5.00956E-037  1.00000E-040  1.56961E-016  1.00000E-040  1.00000E-040  1.00000E-040  1.00000E-040  1.00000E-040  1.00000E-040  1.00000E-040  1.00000E-040  1.00000E-040  5.24277E-040  1.86606E-020  1.00000E-040  1.00000E-040  1.29905E-014  5.16994E-007  1.10834E-006  4.56435E-011  1.94580E-009  2.10946E-004  3.53901E-009  2.83371E-004  3.09663E-018  6.60855E-012  3.12491E-038  5.70728E-031  3.65621E-023  2.12886E-015  4.04215E-007  1.56762E-028  1.95935E-034  2.40513E-036  2.71934E-035  4.39601E-031  8.89145E-029  1.20993E-027  1.13235E-023  1.07458E-021  1.00000E-040  1.00000E-040  2.35290E-021  1.89304E-028  2.45608E-011  5.56828E-015  9.99503E-001  9.78099E-020  8.14811E-022  3.69949E-018  6.62813E-037  4.17199E-034  4.66591E-024  1.00696E-021  8.62303E-012  1.53362E-017  2.04872E-012  3.51343E-016  8.27789E-010  1.94364E-011  2.78840E-007  1.73675E-013  4.01012E-015  1.91143E-025  2.94315E-012  8.85061E-013  2.29195E-017  2.77644E-030  2.02032E-032  1.00000E-040  1.60386E-028  1.78174E-032  1.87045E-025  1.65624E-016  2.59379E-013  3.80383E-020  9.66189E-020  1.19951E-028  4.52836E-038  6.36686E-031  2.00541E-039  2.25294E-027  3.15922E-040  1.70587E-031  5.73525E-022  1.36093E-018  1.48959E-028  6.22557E-029  1.42803E-027  5.58086E-026  2.28812E-014  1.48870E-015  2.77900E-021  4.17840E-021  1.00000E-040  3.21209E-012  5.35260E-033  7.05995E-022  1.29439E-024  1.28238E-014  1.66669E-024  1.69665E-014  1.00967E-027  1.61055E-017  3.70111E-034  5.73643E-014  1.42823E-032  2.75291E-036  7.54770E-020  1.00000E-040  3.16863E-026  2.13189E-012  2.31072E-031  1.00000E-003  1.00000E-005  1.00000E-005  1.00000E-005  1.00000E-005  1.00000E-005  1.00000E-005  1.00000E-005  1.00000E-005  1.00000E-005  1.00000E-005  1.00000E-005  1.00000E-005  1.00000E-005  1.00000E-005  1.00000E-005  
2.65000E+001  1.70427E-002  6.86637E+017  1.79775E+002  9.76505E+003  1.00000E-040  1.41440E-036  1.00000E-040  8.23090E-018  1.00000E-040  1.00000E-040  1.00000E-040  1.00000E-040  1.00000E-040  1.00000E-040  1.00000E-040  1.00000E-040  1.00000E-040  5.24679E-040  1.17941E-020  1.00000E-040  1.00000E-040  2.52659E-014  5.30680E-007  1.13625E-006  5.77848E-011  2.55965E-009  2.10995E-004  3.73625E-009  2.83371E-004  3.56065E-018  5.81688E-012  1.09060E-037  5.38619E-029  5.76474E-023  2.67769E-015  3.83211E-007  1.53889E-029  1.00000E-040  1.00000E-040  1.00000E-040  4.39219E-031  6.35049E-030  9.91019E-029  9.90456E-025  9.06079E-023  1.00000E-040  1.00000E-040  1.62680E-022  6.77507E-028  2.35754E-011  5.40355E-015  9.99503E-001  8.45706E-020  4.64676E-022  2.23668E-018  8.89951E-037  6.57055E-034  5.85112E-024  1.18329E-021  7.64146E-012  9.41880E-018  2.26511E-012  2.78843E-016  5.53692E-010  2.03737E-011  2.19775E-007  1.14859E-013  2.23816E-015  2.51270E-026  2.21247E-012  5.01919E-013  2.23208E-017  2.59719E-030  2.52798E-032  1.00000E-040  1.28411E-028  4.19835E-033  1.87231E-025  2.07110E-016  3.25075E-013  4.67112E-020  1.18955E-019  2.20828E-028  5.41593E-038  8.86370E-031  6.28390E-039  2.07958E-027  1.00000E-040  2.52506E-031  6.82232E-022  1.02486E-018  2.32024E-028  8.00835E-029  2.01568E-028  3.10129E-027  2.07285E-014  1.22980E-015  2.56278E-021  4.26538E-022  1.00000E-040  3.39297E-012  8.58216E-033  8.41205E-022  1.85974E-024  1.28352E-014  1.86723E-024  1.36758E-014  9.88853E-029  1.80394E-017  8.42967E-035  5.73208E-014  1.60129E-034  5.65340E-036  8.16739E-020  1.00000E-040  3.52385E-026  1.69138E-012  2.85953E-031  1.00000E-003  1.00000E-005  1.00000E-005  1.00000E-005  1.00000E-005  1.00000E-005  1.00000E-005  1.00000E-005  1.00000E-005  1.00000E-005  1.00000E-005  1.00000E-005  1.00000E-005  1.00000E-005  1.00000E-005  1.00000E-005  
2.75000E+001  1.41916E-002  5.72052E+017  1.79685E+002  1.09262E+004  1.00000E-040  4.00536E-036  1.00000E-040  3.39054E-020  1.00000E-040  1.00000E-040  1.00000E-040  1.00000E-040  1.00000E-040  1.00000E-040  1.00000E-040  1.00000E-040  1.00000E-040  5.25851E-040  7.61918E-021  1.00000E-040  1.00000E-040  4.70396E-014  5.47383E-007  1.15791E-006  7.14309E-011  3.24095E-009  2.11031E-004  4.04930E-009  2.83368E-004  4.04538E-018  5.13087E-012  3.74416E-037  2.27016E-027  8.85301E-023  3.25739E-015  3.63810E-007  1.54920E-030  2.10930E-036  3.09499E-038  3.47367E-037  4.38810E-031  5.10143E-031  8.66544E-030  9.03102E-026  8.03109E-024  1.00000E-040  1.00000E-040  1.15621E-023  2.07318E-027  2.26286E-011  5.34250E-015  9.99503E-001  7.81842E-020  2.92392E-022  1.44229E-018  1.23010E-036  1.06732E-033  7.59408E-024  1.39654E-021  6.85090E-012  5.85167E-018  2.58774E-012  2.38162E-016  3.77258E-010  2.07690E-011  1.72993E-007  7.97573E-014  1.30033E-015  1.18989E-026  1.66749E-012  2.91444E-013  2.23115E-017  2.33212E-030  2.92459E-032  1.00000E-040  9.55063E-029  1.22063E-033  1.87489E-025  2.45739E-016  3.94598E-013  5.49952E-020  1.40631E-019  4.04607E-028  6.38532E-038  1.22934E-030  1.91401E-038  1.83252E-027  1.00000E-040  3.67991E-031  7.88620E-022  8.03938E-019  3.50281E-028  2.06902E-028  3.34426E-029  1.98148E-028  1.80388E-014  1.01484E-015  2.43168E-021  4.65783E-023  1.00000E-040  3.52119E-012  1.36651E-032  9.72925E-022  2.72215E-024  1.28477E-014  2.12119E-024  1.09689E-014  9.76649E-030  1.92183E-017  2.39700E-035  5.72744E-014  4.82221E-037  1.15232E-035  8.55646E-020  1.00000E-040  4.12241E-026  1.35923E-012  4.36488E-031  1.00000E-003  1.00000E-005  1.00000E-005  1.00000E-005  1.00000E-005  1.00000E-005  1.00000E-005  1.00000E-005  1.00000E-005  1.00000E-005  1.00000E-005  1.00000E-005  1.00000E-005  1.00000E-005  1.00000E-005  1.00000E-005  
2.85000E+001  1.18187E-002  4.75798E+017  1.79914E+002  1.22719E+004  1.00000E-040  1.13573E-035  1.00000E-040  6.07941E-020  1.00000E-040  1.00000E-040  1.00000E-040  1.00000E-040  1.00000E-040  1.00000E-040  1.00000E-040  1.00000E-040  1.00000E-040  5.27649E-040  4.98706E-021  1.00000E-040  1.00000E-040  8.55131E-014  5.67040E-007  1.17410E-006  8.74685E-011  3.99661E-009  2.11055E-004  4.44826E-009  2.83361E-004  4.61141E-018  4.55412E-012  2.75359E-036  4.94492E-026  1.73207E-022  3.86917E-015  3.45651E-007  1.66105E-031  9.37811E-037  1.43103E-038  1.59547E-037  4.38371E-031  4.66953E-032  8.33967E-031  8.84248E-027  7.71454E-025  1.00000E-040  1.00000E-040  8.65230E-025  5.68084E-027  2.16967E-011  5.39908E-015  9.99503E-001  7.65649E-020  1.99222E-022  9.83900E-019  1.72760E-036  2.46238E-033  1.40325E-023  2.18205E-021  6.26735E-012  3.72424E-018  3.03272E-012  2.16397E-016  2.61810E-010  2.09810E-011  1.36272E-007  5.80037E-014  7.86834E-016  1.66979E-026  1.27305E-012  1.75236E-013  2.22991E-017  2.03309E-030  3.21692E-032  1.00000E-040  6.79742E-029  4.15650E-034  1.87763E-025  2.77167E-016  4.67974E-013  6.22747E-020  1.59886E-019  7.31199E-028  9.90349E-038  1.69466E-030  5.74132E-038  1.56275E-027  1.00000E-040  7.05575E-031  8.88261E-022  6.57319E-019  5.74876E-028  1.93125E-027  9.27254E-030  1.48768E-029  1.52756E-014  8.42785E-016  2.37413E-021  5.50646E-024  1.00000E-040  3.61059E-012  3.02241E-032  1.09715E-021  4.07504E-024  1.28616E-014  3.22843E-024  8.75297E-015  1.01872E-030  1.97800E-017  8.09818E-036  5.72251E-014  7.90803E-039  2.34326E-035  9.77868E-020  1.00000E-040  5.07604E-026  1.10674E-012  9.93695E-031  1.00000E-003  1.00000E-005  1.00000E-005  1.00000E-005  1.00000E-005  1.00000E-005  1.00000E-005  1.00000E-005  1.00000E-005  1.00000E-005  1.00000E-005  1.00000E-005  1.00000E-005  1.00000E-005  1.00000E-005  1.00000E-005  
2.95000E+001  9.84580E-003  3.95727E+017  1.80207E+002  1.33027E+004  1.00000E-040  3.21704E-035  1.00000E-040  1.45849E-019  1.00000E-040  1.00000E-040  1.00000E-040  1.00000E-040  1.00000E-040  1.00000E-040  1.00000E-040  1.00000E-040  1.00000E-040  5.29440E-040  3.26566E-021  1.00000E-040  1.00000E-040  1.52669E-013  5.90010E-007  1.18570E-006  1.06947E-010  4.82890E-009  2.11069E-004  4.90351E-009  2.83352E-004  5.26796E-018  4.04949E-012  4.48297E-035  6.31592E-025  7.76673E-022  4.46608E-015  3.28114E-007  2.14802E-032  1.48525E-036  2.28319E-038  2.56571E-037  4.37894E-031  5.54979E-033  1.02543E-031  1.08741E-027  9.61515E-026  1.00000E-040  1.00000E-040  6.81219E-026  1.48235E-026  2.07437E-011  5.57856E-015  9.99503E-001  7.54920E-020  1.39999E-022  6.80542E-019  2.45938E-036  1.34260E-032  6.14478E-023  8.18770E-021  5.88210E-012  2.45111E-018  3.61642E-012  1.98208E-016  1.83960E-010  2.12826E-011  1.07666E-007  4.41715E-014  4.98183E-016  2.81951E-026  9.95056E-013  1.10446E-013  2.22779E-017  1.73259E-030  3.44374E-032  1.00000E-040  4.74287E-029  1.49486E-034  1.88017E-025  2.95574E-016  5.39474E-013  6.77431E-020  1.73956E-019  1.30803E-027  3.65241E-037  2.32937E-030  1.69919E-037  1.30470E-027  1.00000E-040  3.24629E-030  9.65451E-022  5.54259E-019  1.56712E-027  1.77655E-026  5.20379E-030  1.51887E-030  1.26435E-014  7.09587E-016  2.35230E-021  6.95004E-025  1.00000E-040  3.67447E-012  1.57364E-031  1.20469E-021  6.14355E-024  1.28775E-014  1.19788E-023  6.91844E-015  1.36357E-031  1.98930E-017  2.94141E-036  5.71717E-014  1.30401E-039  4.76028E-035  1.87150E-019  1.00000E-040  6.37066E-026  9.09942E-013  4.76784E-030  1.00000E-003  1.00000E-005  1.00000E-005  1.00000E-005  1.00000E-005  1.00000E-005  1.00000E-005  1.00000E-005  1.00000E-005  1.00000E-005  1.00000E-005  1.00000E-005  1.00000E-005  1.00000E-005  1.00000E-005  1.00000E-005  
3.05000E+001  8.20412E-003  3.29695E+017  1.80234E+002  1.46946E+004  1.00000E-040  9.08658E-035  1.00000E-040  3.79015E-019  1.00000E-040  1.00000E-040  1.00000E-040  1.00000E-040  1.00000E-040  1.00000E-040  1.00000E-040  1.00000E-040  1.00000E-040  5.30391E-040  2.12107E-021  1.00000E-040  1.00000E-040  2.67647E-013  6.16618E-007  1.19314E-006  1.31040E-010  5.74809E-009  2.11075E-004  5.38574E-009  2.83340E-004  5.96765E-018  3.57437E-012  6.36312E-034  5.34522E-024  5.29476E-021  4.95189E-015  3.10807E-007  8.80147E-033  1.00000E-040  1.00000E-040  1.00000E-040  4.37372E-031  2.31478E-033  4.45120E-032  4.70243E-028  4.44539E-026  1.00000E-040  1.00000E-040  5.64397E-027  4.07272E-026  1.97452E-011  5.90665E-015  9.99503E-001  6.99021E-020  9.50785E-023  4.49914E-019  3.53082E-036  1.00196E-031  3.69572E-022  4.53723E-020  5.70042E-012  1.68053E-018  4.34851E-012  1.70517E-016  1.30432E-010  2.18553E-011  8.57799E-008  3.53762E-014  3.33168E-016  4.65638E-026  8.06689E-013  7.40574E-014  2.22318E-017  1.44941E-030  3.65221E-032  1.10116E-040  3.31431E-029  4.98753E-035  1.88229E-025  2.95064E-016  5.97359E-013  7.26065E-020  1.85083E-019  2.31068E-027  1.94485E-036  3.19298E-030  4.91499E-037  1.07937E-027  1.00000E-040  2.20466E-029  9.92592E-022  4.74482E-019  8.58696E-027  1.15537E-025  4.36214E-030  5.82204E-031  1.01986E-014  6.08299E-016  2.32060E-021  9.23976E-026  7.16467E-040  3.72165E-012  1.13683E-030  1.31675E-021  9.11103E-024  1.28958E-014  6.66483E-023  5.36663E-015  6.78544E-032  1.97678E-017  1.00922E-036  5.71132E-014  5.14645E-040  9.58823E-035  7.17476E-019  1.00000E-040  7.80085E-026  7.54287E-013  2.58032E-029  1.00000E-003  1.00000E-005  1.00000E-005  1.00000E-005  1.00000E-005  1.00000E-005  1.00000E-005  1.00000E-005  1.00000E-005  1.00000E-005  1.00000E-005  1.00000E-005  1.00000E-005  1.00000E-005  1.00000E-005  1.00000E-005  
3.15000E+001  6.83499E-003  2.75483E+017  1.79705E+002  1.63646E+004  1.00000E-040  2.55815E-034  1.00000E-040  1.00680E-018  1.00000E-040  1.00000E-040  1.00000E-040  1.00000E-040  1.00000E-040  1.00000E-040  1.00000E-040  1.00000E-040  1.00000E-040  5.29770E-040  1.36904E-021  1.00000E-040  1.00000E-040  4.60188E-013  6.46624E-007  1.19665E-006  1.61021E-010  6.78011E-009  2.11074E-004  5.86929E-009  2.83325E-004  6.61998E-018  3.10171E-012  6.86049E-033  3.42216E-023  3.30231E-020  5.21524E-015  2.93751E-007  1.54080E-032  1.00000E-040  1.00000E-040  1.00000E-040  4.36809E-031  3.61299E-033  7.06868E-032  7.28757E-028  6.97219E-026  1.00000E-040  1.00000E-040  5.01187E-028  1.31494E-025  1.87016E-011  6.43547E-015  9.99503E-001  5.71009E-020  5.87938E-023  2.69373E-019  5.05593E-036  6.68395E-031  1.99473E-021  2.24304E-019  5.74138E-012  1.21105E-018  5.22765E-012  1.29591E-016  9.37405E-011  2.27990E-011  6.93594E-008  2.99589E-014  2.37575E-016  7.47002E-026  6.86499E-013  5.34963E-014  2.21152E-017  1.19525E-030  3.88273E-032  1.00000E-040  2.35768E-029  1.37581E-035  1.88394E-025  2.74397E-016  6.28048E-013  8.85909E-020  2.22163E-019  3.97757E-027  9.00348E-036  4.33994E-030  1.36701E-036  8.94655E-028  1.00000E-040  1.33219E-028  9.49023E-022  4.07618E-019  5.86574E-026  5.77392E-025  4.16563E-030  8.46321E-031  7.96423E-015  5.29861E-016  2.24183E-021  1.30158E-026  6.73349E-039  3.75661E-012  7.54195E-030  1.64856E-021  1.30675E-023  1.29168E-014  3.35032E-022  4.04277E-015  1.15965E-031  1.96080E-017  2.90661E-037  5.70503E-014  1.08513E-038  1.88710E-034  3.41334E-018  1.00000E-040  8.98567E-026  6.32150E-013  1.25095E-028  1.00000E-003  1.00000E-005  1.00000E-005  1.00000E-005  1.00000E-005  1.00000E-005  1.00000E-005  1.00000E-005  1.00000E-005  1.00000E-005  1.00000E-005  1.00000E-005  1.00000E-005  1.00000E-005  1.00000E-005  1.00000E-005  
3.25000E+001  5.68969E-003  2.30911E+017  1.78468E+002  1.77833E+004  1.00000E-040  7.18754E-034  1.00000E-040  2.66923E-018  1.00000E-040  1.00000E-040  1.00000E-040  1.00000E-040  1.00000E-040  1.00000E-040  1.00000E-040  1.00000E-040  1.00000E-040  5.27193E-040  8.92824E-022  1.00000E-040  1.00000E-040  7.75594E-013  6.80354E-007  1.19657E-006  1.98291E-010  7.95605E-009  2.11068E-004  6.35158E-009  2.83308E-004  7.12659E-018  2.62957E-012  6.12467E-032  1.87335E-022  1.84539E-019  5.18634E-015  2.76604E-007  4.52834E-032  1.46877E-036  2.21559E-038  2.49614E-037  4.36196E-031  8.91904E-033  1.76070E-031  1.77108E-027  1.71217E-025  1.00000E-040  1.00000E-040  4.75496E-029  5.21392E-025  1.75943E-011  7.23256E-015  9.99503E-001  3.99188E-020  3.21822E-023  1.42345E-019  7.21134E-036  3.95641E-030  9.58817E-021  9.74700E-019  6.02618E-012  9.31788E-019  6.24575E-012  8.45348E-017  6.81737E-011  2.41442E-011  5.70709E-008  2.68686E-014  1.81217E-016  1.44783E-025  6.16564E-013  4.17598E-014  2.17950E-017  9.73419E-031  4.16024E-032  1.00000E-040  1.71835E-029  2.97814E-036  1.88515E-025  2.40005E-016  6.23819E-013  1.65993E-019  4.06570E-019  6.65637E-027  3.82129E-035  5.85904E-030  3.63878E-036  7.47371E-028  1.07738E-040  7.04169E-028  8.44683E-022  3.50950E-019  3.99102E-025  2.48896E-024  4.01716E-030  1.99937E-030  5.98819E-015  4.64837E-016  2.10061E-021  1.91996E-027  5.72280E-038  3.78203E-012  4.58964E-029  3.18569E-021  1.83388E-023  1.29411E-014  1.49518E-021  2.93779E-015  3.15757E-031  1.95294E-017  6.64712E-038  5.69820E-014  5.95319E-037  3.61476E-034  1.61022E-017  1.00000E-040  9.50448E-026  5.34887E-013  5.39682E-028  1.00000E-003  1.00000E-005  1.00000E-005  1.00000E-005  1.00000E-005  1.00000E-005  1.00000E-005  1.00000E-005  1.00000E-005  1.00000E-005  1.00000E-005  1.00000E-005  1.00000E-005  1.00000E-005  1.00000E-005  1.00000E-005  
3.35000E+001  4.72986E-003  1.93612E+017  1.76943E+002  1.94692E+004  1.00000E-040  2.02475E-033  1.00000E-040  6.85614E-018  1.00000E-040  1.00000E-040  1.00000E-040  1.00000E-040  1.00000E-040  1.00000E-040  1.00000E-040  1.00000E-040  1.00000E-040  5.23764E-040  6.07952E-022  1.00000E-040  1.00000E-040  1.29614E-012  7.18277E-007  1.19318E-006  2.44216E-010  9.31205E-009  2.11059E-004  6.88509E-009  2.83288E-004  7.63070E-018  2.23910E-012  4.86888E-031  9.27069E-022  9.44228E-019  4.99860E-015  2.58986E-007  2.09684E-031  1.00000E-040  1.00000E-040  1.00000E-040  4.35525E-031  3.41455E-032  6.82784E-031  6.71584E-027  6.61307E-025  4.15716E-040  1.00000E-040  4.79809E-030  2.32947E-024  1.64027E-011  8.41578E-015  9.99503E-001  2.62548E-020  1.68322E-023  7.15125E-020  1.02612E-035  2.12558E-029  4.18471E-020  3.83730E-018  6.59806E-012  7.93107E-019  7.44359E-012  5.20966E-017  5.00476E-011  2.57004E-011  4.72798E-008  2.54433E-014  1.46428E-016  4.58693E-025  5.80080E-013  3.46487E-014  2.09079E-017  7.86359E-031  4.45532E-032  1.00000E-040  1.25879E-029  5.87673E-037  1.88607E-025  2.05419E-016  6.00524E-013  4.83326E-019  1.15420E-018  1.07956E-026  2.00983E-034  7.87076E-030  9.47348E-036  6.24746E-028  2.06856E-039  3.36313E-027  7.32180E-022  3.19129E-019  2.42166E-024  9.76553E-024  3.93750E-030  7.53222E-030  4.38263E-015  4.08930E-016  1.97201E-021  2.94260E-028  4.45320E-037  3.79906E-012  2.56271E-028  9.60070E-021  2.78495E-023  1.29696E-014  6.05690E-021  2.08635E-015  1.35766E-030  1.94542E-017  1.39210E-038  5.69076E-014  3.04481E-035  6.82426E-034  6.73836E-017  1.00000E-040  9.71837E-026  4.55783E-013  2.07718E-027  1.00000E-003  1.00000E-005  1.00000E-005  1.00000E-005  1.00000E-005  1.00000E-005  1.00000E-005  1.00000E-005  1.00000E-005  1.00000E-005  1.00000E-005  1.00000E-005  1.00000E-005  1.00000E-005  1.00000E-005  1.00000E-005  
3.45000E+001  3.92592E-003  1.62072E+017  1.75449E+002  2.14942E+004  1.00000E-040  5.73421E-033  1.00000E-040  1.55750E-017  1.00000E-040  1.00000E-040  1.00000E-040  1.00000E-040  1.00000E-040  1.00000E-040  1.00000E-040  1.00000E-040  1.00000E-040  5.20319E-040  4.40643E-022  1.00000E-040  1.00000E-040  2.16390E-012  7.60375E-007  1.18674E-006  3.00366E-010  1.08752E-008  2.11048E-004  7.54934E-009  2.83264E-004  8.55270E-018  2.03743E-012  3.41220E-030  4.04665E-021  4.26223E-018  4.84110E-015  2.40783E-007  1.09571E-030  2.19867E-035  3.21059E-037  3.63424E-036  4.34794E-031  1.47481E-031  2.98606E-030  2.86743E-026  2.88129E-024  8.67356E-039  1.00000E-040  5.27837E-031  9.94725E-024  1.51247E-011  1.01177E-014  9.99503E-001  1.75426E-020  9.00119E-024  3.64270E-020  1.45608E-035  1.00770E-028  1.60831E-019  1.32817E-017  7.50563E-012  7.74095E-019  8.88082E-012  3.27169E-017  3.71468E-011  2.73046E-011  3.90787E-008  2.52697E-014  1.23868E-016  1.71188E-024  5.65775E-013  3.00439E-014  1.87217E-017  6.32641E-031  4.73802E-032  1.00000E-040  9.12718E-030  1.20719E-037  1.88677E-025  1.84734E-016  5.81582E-013  1.54109E-018  3.58848E-018  1.68760E-026  1.48447E-033  1.04988E-029  2.44208E-035  5.19123E-028  3.92844E-038  1.41079E-026  6.68018E-022  3.51526E-019  1.20515E-023  3.41683E-023  4.00278E-030  3.24469E-029  3.20835E-015  3.64558E-016  1.92637E-021  4.73275E-029  2.97596E-036  3.80880E-012  1.25380E-027  3.17288E-020  5.10282E-023  1.30025E-014  2.15014E-020  1.48913E-015  6.54051E-030  1.92952E-017  3.03694E-039  5.68268E-014  1.43527E-033  1.27743E-033  2.30361E-016  1.00000E-040  1.00155E-025  3.90729E-013  6.95075E-027  1.00000E-003  1.00000E-005  1.00000E-005  1.00000E-005  1.00000E-005  1.00000E-005  1.00000E-005  1.00000E-005  1.00000E-005  1.00000E-005  1.00000E-005  1.00000E-005  1.00000E-005  1.00000E-005  1.00000E-005  1.00000E-005  
3.55000E+001  3.25401E-003  1.35293E+017  1.74205E+002  2.36775E+004  1.00000E-040  1.63440E-032  1.00000E-040  2.20026E-017  1.00000E-040  1.00000E-040  1.00000E-040  1.00000E-040  1.00000E-040  1.00000E-040  1.00000E-040  1.00000E-040  1.00000E-040  5.17401E-040  3.40058E-022  1.00000E-040  1.00000E-040  3.62713E-012  8.06823E-007  1.17741E-006  3.68791E-010  1.26600E-008  2.11035E-004  8.47283E-009  2.83238E-004  1.10230E-017  2.21136E-012  2.04464E-029  1.49510E-020  1.61839E-017  5.00934E-015  2.21825E-007  5.56350E-030  5.25980E-036  7.52765E-038  8.51084E-037  4.34000E-031  6.28548E-031  1.27809E-029  1.18995E-025  1.21694E-023  1.47776E-037  1.00000E-040  9.84611E-032  3.64219E-023  1.37557E-011  1.24894E-014  9.99503E-001  1.25204E-020  5.15260E-024  1.96268E-020  2.06820E-035  4.08714E-028  5.26567E-019  3.87198E-017  8.80918E-012  8.79353E-019  1.06470E-011  2.19459E-017  2.78694E-011  2.88576E-011  3.19950E-008  2.61232E-014  1.08500E-016  5.56432E-024  5.65627E-013  2.68470E-014  1.53596E-017  5.07858E-031  4.98516E-032  1.00000E-040  6.48230E-030  2.82190E-038  1.88731E-025  1.91091E-016  6.03008E-013  4.33911E-018  9.87560E-018  2.54628E-026  1.07342E-032  1.39070E-029  6.29729E-035  4.26465E-028  6.10884E-037  4.98916E-026  7.07560E-022  5.40601E-019  4.78547E-023  1.03302E-022  4.30728E-030  1.37692E-028  2.48780E-015  3.41856E-016  2.07739E-021  8.05497E-030  1.62258E-035  3.81277E-012  5.14194E-027  9.28218E-020  1.11924E-022  1.30404E-014  6.39248E-020  1.13086E-015  3.01211E-029  1.89746E-017  7.53701E-040  5.67393E-014  1.30518E-033  2.38554E-033  6.26775E-016  1.00000E-040  1.07163E-025  3.36143E-013  1.98422E-026  1.00000E-003  1.00000E-005  1.00000E-005  1.00000E-005  1.00000E-005  1.00000E-005  1.00000E-005  1.00000E-005  1.00000E-005  1.00000E-005  1.00000E-005  1.00000E-005  1.00000E-005  1.00000E-005  1.00000E-005  1.00000E-005  
3.65000E+001  2.69415E-003  1.12561E+017  1.73361E+002  2.67395E+004  1.00000E-040  4.68814E-032  1.00000E-040  1.12652E-017  1.00000E-040  1.00000E-040  1.00000E-040  1.00000E-040  1.00000E-040  1.00000E-040  1.00000E-040  1.00000E-040  1.00000E-040  5.15263E-040  2.74392E-022  1.00000E-040  1.00000E-040  6.12684E-012  8.57337E-007  1.16531E-006  4.52268E-010  1.46694E-008  2.11021E-004  9.84785E-009  2.83209E-004  1.75613E-017  3.04476E-012  1.03915E-028  4.60134E-020  5.06717E-017  5.96910E-015  2.02202E-007  2.89142E-029  1.00000E-040  1.00000E-040  1.00000E-040  4.33145E-031  2.80031E-030  5.67478E-029  5.05983E-025  5.24214E-023  2.11305E-036  1.00000E-040  1.70597E-031  1.10596E-022  1.23123E-011  1.56774E-014  9.99503E-001  9.80345E-021  3.23814E-024  1.14349E-020  2.95137E-035  1.40672E-027  1.45302E-018  9.35299E-017  1.05650E-011  1.13629E-018  1.28747E-011  1.60574E-017  2.11743E-011  3.03219E-011  2.58088E-008  2.78780E-014  9.73906E-017  1.76161E-023  5.72422E-013  2.44391E-014  1.34972E-017  4.07565E-031  5.18195E-032  1.00000E-040  4.48157E-030  7.87372E-039  1.88769E-025  2.37966E-016  7.20007E-013  1.01316E-017  2.26341E-017  3.70924E-026  5.78618E-032  1.82624E-029  1.63289E-034  3.44981E-028  8.00223E-036  1.46645E-025  9.16922E-022  1.04614E-018  1.53061E-022  2.68493E-022  5.00486E-030  6.06885E-028  2.19968E-015  3.61820E-016  2.64959E-021  1.48415E-030  7.09943E-035  3.81236E-012  1.73487E-026  2.26247E-019  2.58376E-022  1.30830E-014  1.56428E-019  9.82768E-016  1.38903E-028  1.84366E-017  2.23367E-040  5.66453E-014  3.22258E-035  4.45533E-033  1.37087E-015  1.00000E-040  1.21809E-025  2.89744E-013  4.79971E-026  1.00000E-003  1.00000E-005  1.00000E-005  1.00000E-005  1.00000E-005  1.00000E-005  1.00000E-005  1.00000E-005  1.00000E-005  1.00000E-005  1.00000E-005  1.00000E-005  1.00000E-005  1.00000E-005  1.00000E-005  1.00000E-005  
3.75000E+001  2.22928E-003  9.33044E+016  1.73053E+002  2.97405E+004  1.00000E-040  1.35235E-031  1.00000E-040  1.00000E-040  1.00000E-040  1.00000E-040  1.00000E-040  1.00000E-040  1.00000E-040  1.00000E-040  1.00000E-040  1.00000E-040  1.00000E-040  5.13851E-040  2.24522E-022  1.00000E-040  1.00000E-040  1.04622E-011  9.11738E-007  1.15033E-006  5.54015E-010  1.69064E-008  2.11006E-004  1.19230E-008  2.83175E-004  3.24938E-017  4.82222E-012  4.53870E-028  1.18678E-019  1.31171E-016  8.29939E-015  1.82053E-007  1.48556E-028  2.26031E-036  3.06151E-038  3.44345E-037  4.32227E-031  1.26407E-029  2.53621E-028  2.13119E-024  2.22219E-022  2.44682E-035  1.00000E-040  6.76577E-031  2.79707E-022  1.08185E-011  1.98500E-014  9.99504E-001  8.57230E-021  2.26740E-024  7.29229E-021  4.25670E-035  4.15859E-027  3.41011E-018  1.88257E-016  1.28355E-011  1.59557E-018  1.57489E-011  1.29154E-017  1.62940E-011  3.16667E-011  2.04328E-008  3.05141E-014  8.88354E-017  5.98804E-023  5.79979E-013  2.24576E-014  1.34874E-017  3.27432E-031  5.31512E-032  1.00000E-040  3.00234E-030  2.69452E-039  1.88792E-025  3.38468E-016  9.98557E-013  1.94735E-017  4.29584E-017  5.23136E-026  2.19389E-031  2.37811E-029  4.27771E-034  2.74052E-028  8.53474E-035  3.60860E-025  1.38419E-021  2.05267E-018  4.03479E-022  6.06528E-022  6.43555E-030  2.68405E-027  2.24456E-015  4.54833E-016  4.02833E-021  3.08838E-031  2.51043E-034  3.80878E-012  4.81843E-026  4.56548E-019  5.64318E-022  1.31286E-014  3.16003E-019  9.87972E-016  6.16139E-028  1.76592E-017  1.00000E-040  5.65443E-014  1.06642E-036  8.34036E-033  2.46792E-015  1.00000E-040  1.50023E-025  2.49651E-013  9.92917E-026  1.00000E-003  1.00000E-005  1.00000E-005  1.00000E-005  1.00000E-005  1.00000E-005  1.00000E-005  1.00000E-005  1.00000E-005  1.00000E-005  1.00000E-005  1.00000E-005  1.00000E-005  1.00000E-005  1.00000E-005  1.00000E-005  
3.85000E+001  1.84428E-003  7.72462E+016  1.72928E+002  3.29242E+004  1.00000E-040  3.90819E-031  1.00000E-040  1.00000E-040  1.00000E-040  1.00000E-040  1.00000E-040  1.00000E-040  1.00000E-040  1.00000E-040  1.00000E-040  1.00000E-040  1.00000E-040  5.11315E-040  1.79384E-022  1.00000E-040  1.00000E-040  1.79113E-011  9.70370E-007  1.13195E-006  6.77603E-010  1.94254E-008  2.10990E-004  1.49277E-008  2.83137E-004  6.10148E-017  7.60411E-012  1.69700E-027  2.60072E-019  2.87044E-016  1.23163E-014  1.61457E-007  6.91880E-028  1.00000E-040  1.00000E-040  1.00000E-040  4.31230E-031  5.23425E-029  1.03508E-027  8.14396E-024  8.52730E-022  2.16971E-034  1.00000E-040  2.58750E-030  5.95763E-022  9.29704E-012  2.52130E-014  9.99504E-001  7.93701E-021  1.69681E-024  4.90839E-021  6.22504E-035  1.07387E-026  6.92194E-018  3.19153E-016  1.57109E-011  2.32041E-018  1.93429E-011  1.06544E-017  1.26537E-011  3.30518E-011  1.60582E-008  3.41269E-014  8.24754E-017  1.82200E-022  5.89531E-013  2.09404E-014  1.34763E-017  2.62946E-031  5.41571E-032  1.00000E-040  1.98362E-030  1.04753E-039  1.88798E-025  5.00386E-016  1.47429E-012  3.12168E-017  6.81362E-017  7.17032E-026  5.94129E-031  3.07884E-029  1.11010E-033  2.16072E-028  6.95899E-034  7.48801E-025  2.18523E-021  3.64378E-018  8.95270E-022  1.20276E-021  8.59870E-030  1.08530E-026  2.44003E-015  6.46054E-016  6.59365E-021  7.92908E-032  7.46245E-034  3.80283E-012  1.13746E-025  7.69854E-019  1.10852E-021  1.31735E-014  5.32937E-019  1.05799E-015  2.44649E-027  1.68131E-017  1.00000E-040  5.64346E-014  3.06432E-038  1.54443E-032  3.74115E-015  1.00000E-040  1.89406E-025  2.14203E-013  1.78748E-025  1.00000E-003  1.00000E-005  1.00000E-005  1.00000E-005  1.00000E-005  1.00000E-005  1.00000E-005  1.00000E-005  1.00000E-005  1.00000E-005  1.00000E-005  1.00000E-005  1.00000E-005  1.00000E-005  1.00000E-005  1.00000E-005  
3.95000E+001  1.52568E-003  6.39326E+016  1.72845E+002  3.69865E+004  1.00000E-040  2.34902E-035  1.00000E-040  1.00000E-040  1.00000E-040  1.00000E-040  1.00000E-040  1.00000E-040  1.00000E-040  1.00000E-040  1.00000E-040  1.00000E-040  1.00000E-040  5.05587E-040  1.36052E-022  1.00000E-040  1.00000E-040  3.06444E-011  1.03241E-006  1.10982E-006  8.25728E-010  2.23419E-008  2.10974E-004  1.90455E-008  2.83093E-004  1.07804E-016  1.11664E-011  5.50999E-027  4.94665E-019  5.44221E-016  1.79383E-014  1.41011E-007  2.88241E-027  1.00000E-040  1.00000E-040  1.00000E-040  4.30153E-031  1.93955E-028  3.77559E-027  2.79003E-023  2.92579E-021  1.48913E-033  1.00000E-040  8.97203E-030  1.09133E-021  7.81016E-012  3.20177E-014  9.99504E-001  7.78447E-021  1.34782E-024  3.49767E-021  9.17040E-035  2.46595E-026  1.23687E-017  4.65011E-016  1.92561E-011  3.39379E-018  2.37150E-011  8.76981E-018  9.92065E-012  3.44711E-011  1.26207E-008  3.86520E-014  7.73533E-017  4.94056E-022  5.99373E-013  1.96866E-014  1.34627E-017  2.11830E-031  5.49004E-032  1.00000E-040  1.30334E-030  4.58492E-040  1.88787E-025  7.11169E-016  2.13387E-012  4.25905E-017  9.20927E-017  9.49277E-026  1.19449E-030  3.94885E-029  2.80540E-033  1.70309E-028  4.38738E-033  1.33279E-024  3.30242E-021  5.69660E-018  1.71478E-021  2.10518E-021  1.15968E-029  3.93140E-026  2.60193E-015  9.39529E-016  1.05842E-020  3.11250E-032  1.91481E-033  3.79510E-012  2.33233E-025  1.10089E-018  1.93384E-021  1.32083E-014  7.61969E-019  1.10921E-015  8.61541E-027  1.60188E-017  1.00000E-040  5.63158E-014  1.00000E-040  2.78563E-032  4.89766E-015  1.00000E-040  2.39167E-025  1.82887E-013  2.83588E-025  1.00000E-003  1.00000E-005  1.00000E-005  1.00000E-005  1.00000E-005  1.00000E-005  1.00000E-005  1.00000E-005  1.00000E-005  1.00000E-005  1.00000E-005  1.00000E-005  1.00000E-005  1.00000E-005  1.00000E-005  1.00000E-005  
4.05000E+001  1.26205E-003  5.29233E+016  1.72721E+002  4.09878E+004  1.00000E-040  6.79039E-035  1.00000E-040  1.00000E-040  1.00000E-040  1.00000E-040  1.00000E-040  1.00000E-040  1.00000E-040  1.00000E-040  1.00000E-040  1.00000E-040  1.00000E-040  4.93820E-040  9.60895E-023  1.00000E-040  1.00000E-040  5.22845E-011  1.09700E-006  1.08355E-006  9.99776E-010  2.58376E-008  2.10960E-004  2.44038E-008  2.83041E-004  1.74935E-016  1.50384E-011  1.58021E-026  8.34262E-019  9.14823E-016  2.44870E-014  1.21335E-007  1.07383E-026  9.10939E-036  1.08377E-037  1.23841E-036  4.28989E-031  6.36356E-028  1.22134E-026  8.58672E-023  8.97651E-021  8.07141E-033  1.00000E-040  2.79457E-029  1.75668E-021  6.41811E-012  4.06719E-014  9.99504E-001  8.22545E-021  1.13872E-024  2.68552E-021  1.34460E-034  5.10718E-026  1.97604E-017  5.94433E-016  2.35625E-011  4.92623E-018  2.88608E-011  7.09343E-018  7.84894E-012  3.58402E-011  9.98112E-009  4.39391E-014  7.26429E-017  1.20121E-021  6.08781E-013  1.84944E-014  1.34438E-017  1.72030E-031  5.53322E-032  1.00000E-040  8.55943E-031  2.27885E-040  1.88760E-025  9.30528E-016  2.89460E-012  5.04787E-017  1.08260E-016  1.20587E-025  1.85451E-030  4.99160E-029  6.79066E-033  1.35036E-028  2.18794E-032  2.07058E-024  4.53453E-021  7.86176E-018  2.90214E-021  3.26575E-021  1.54825E-029  1.26657E-025  2.59734E-015  1.29772E-015  1.58297E-020  2.18195E-032  4.32556E-033  3.78595E-012  4.22316E-025  1.35397E-018  2.99242E-021  1.32178E-014  9.36965E-019  1.08442E-015  2.69211E-026  1.53730E-017  1.00000E-040  5.61873E-014  9.24817E-039  4.81523E-032  5.66728E-015  1.00000E-040  2.96717E-025  1.55324E-013  4.00954E-025  1.00000E-003  1.00000E-005  1.00000E-005  1.00000E-005  1.00000E-005  1.00000E-005  1.00000E-005  1.00000E-005  1.00000E-005  1.00000E-005  1.00000E-005  1.00000E-005  1.00000E-005  1.00000E-005  1.00000E-005  1.00000E-005  
4.15000E+001  1.04382E-003  4.38399E+016  1.72453E+002  4.51719E+004  1.00000E-040  1.96190E-034  1.00000E-040  1.00000E-040  1.00000E-040  1.00000E-040  1.00000E-040  1.00000E-040  1.00000E-040  1.00000E-040  1.00000E-040  1.00000E-040  1.00000E-040  4.72387E-040  6.25156E-023  1.00000E-040  1.00000E-040  8.87719E-011  1.16384E-006  1.05263E-006  1.20004E-009  3.01786E-008  2.10947E-004  3.11230E-008  2.82982E-004  2.60318E-016  1.86441E-011  4.05604E-026  1.27037E-018  1.39110E-015  3.07731E-014  1.02840E-007  3.60305E-026  1.79019E-034  2.08276E-036  2.38355E-035  4.27722E-031  1.84345E-027  3.50157E-026  2.39531E-022  2.48162E-020  3.54378E-032  1.00000E-040  7.84960E-029  2.52943E-021  5.15902E-012  5.18612E-014  9.99504E-001  9.35699E-021  1.01033E-024  2.22692E-021  1.93160E-034  9.62426E-026  2.85648E-017  6.77361E-016  2.88031E-011  7.06760E-018  3.46766E-011  5.54082E-018  6.24969E-012  3.70785E-011  7.99453E-009  4.97839E-014  6.78433E-017  2.61488E-021  6.19375E-013  1.72473E-014  1.34132E-017  1.41525E-031  5.54309E-032  1.00000E-040  5.64966E-031  1.25971E-040  1.88719E-025  1.10236E-015  3.61896E-012  5.28666E-017  1.12543E-016  1.46407E-025  2.29503E-030  6.17925E-029  1.54722E-032  1.08391E-028  8.85885E-032  2.84473E-024  5.51551E-021  9.65971E-018  4.42300E-021  4.51891E-021  1.99772E-029  3.63090E-025  2.38429E-015  1.63926E-015  2.16137E-020  2.26775E-032  8.73240E-033  3.77552E-012  6.85470E-025  1.44801E-018  4.11490E-021  1.31819E-014  1.00199E-018  9.69059E-016  7.53374E-026  1.49703E-017  1.00000E-040  5.60469E-014  2.66793E-037  7.84392E-032  5.90690E-015  1.00000E-040  3.53869E-025  1.31042E-013  5.09675E-025  1.00000E-003  1.00000E-005  1.00000E-005  1.00000E-005  1.00000E-005  1.00000E-005  1.00000E-005  1.00000E-005  1.00000E-005  1.00000E-005  1.00000E-005  1.00000E-005  1.00000E-005  1.00000E-005  1.00000E-005  1.00000E-005  
4.25000E+001  8.63040E-004  3.63410E+016  1.72009E+002  5.04170E+004  1.00000E-040  5.66762E-034  1.00000E-040  1.00000E-040  1.00000E-040  1.00000E-040  1.00000E-040  1.00000E-040  1.00000E-040  1.00000E-040  1.00000E-040  1.00000E-040  1.00000E-040  4.37974E-040  3.74294E-023  1.00000E-040  1.00000E-040  1.50043E-010  1.23178E-006  1.01713E-006  1.42641E-009  3.57225E-008  2.10936E-004  3.93338E-008  2.82912E-004  3.58740E-016  2.15356E-011  9.48527E-026  1.77897E-018  1.94918E-015  3.56222E-014  8.60678E-008  1.09087E-025  4.33261E-036  4.90757E-038  5.61743E-037  4.26346E-031  4.69874E-027  8.87145E-026  6.07416E-022  6.19360E-020  1.28276E-031  1.00000E-040  1.98673E-028  3.32144E-021  4.07060E-012  6.64578E-014  9.99504E-001  1.12322E-020  9.20248E-025  1.95613E-021  2.66489E-034  1.66398E-025  3.78034E-017  7.00612E-016  3.51524E-011  1.00033E-017  4.10260E-011  4.16157E-018  5.00961E-012  3.81051E-011  6.50802E-009  5.57758E-014  6.24707E-017  5.14558E-021  6.31160E-013  1.58360E-014  1.33588E-017  1.18778E-031  5.51798E-032  1.00000E-040  3.75756E-031  1.00000E-040  1.88665E-025  1.17949E-015  4.17092E-012  4.98386E-017  1.05403E-016  1.69265E-025  2.34185E-030  7.40709E-029  3.26487E-032  8.83979E-029  2.96208E-031  3.51667E-024  5.90229E-021  1.07146E-017  6.18635E-021  5.63871E-021  2.46399E-029  9.23652E-025  2.01296E-015  1.87212E-015  2.68819E-020  2.71752E-032  1.58081E-032  3.76392E-012  1.01004E-024  1.36623E-018  5.06418E-021  1.30791E-014  9.45605E-019  7.89606E-016  1.89202E-025  1.48882E-017  1.00000E-040  5.58943E-014  2.08892E-038  1.18382E-031  5.64814E-015  1.00000E-040  4.02801E-025  1.09963E-013  5.87433E-025  1.00000E-003  1.00000E-005  1.00000E-005  1.00000E-005  1.00000E-005  1.00000E-005  1.00000E-005  1.00000E-005  1.00000E-005  1.00000E-005  1.00000E-005  1.00000E-005  1.00000E-005  1.00000E-005  1.00000E-005  1.00000E-005  
4.35000E+001  7.13211E-004  3.01341E+016  1.71426E+002  5.66624E+004  1.00000E-040  1.63848E-033  1.00000E-040  1.00000E-040  1.00000E-040  1.00000E-040  1.00000E-040  1.00000E-040  1.00000E-040  1.00000E-040  1.00000E-040  1.00000E-040  1.00000E-040  3.89188E-040  2.07617E-023  1.00000E-040  1.00000E-040  2.53130E-010  1.29939E-006  9.77645E-007  1.67887E-009  4.29495E-008  2.10927E-004  4.92764E-008  2.82833E-004  4.64265E-016  2.35092E-011  2.06508E-025  2.33261E-018  2.55777E-015  3.83282E-014  7.14363E-008  2.98477E-025  4.01376E-035  4.59345E-037  5.26175E-036  4.24868E-031  1.05483E-026  1.98601E-025  1.40300E-021  1.39698E-019  3.88418E-031  1.00000E-040  4.54044E-028  4.05816E-021  3.17231E-012  8.55757E-014  9.99504E-001  1.37751E-020  8.38770E-025  1.75958E-021  3.47071E-034  2.66680E-025  4.64060E-017  6.70540E-016  4.27928E-011  1.39606E-017  4.77973E-011  3.02889E-018  4.04997E-012  3.88531E-011  5.38733E-009  6.13891E-014  5.62640E-017  9.33562E-021  6.43072E-013  1.42074E-014  1.32606E-017  1.02387E-031  5.45600E-032  1.00000E-040  2.51670E-031  1.00000E-040  1.88600E-025  1.15029E-015  4.46876E-012  4.30848E-017  9.06585E-017  1.86425E-025  2.03951E-030  8.50262E-029  6.31979E-032  7.33161E-029  8.27800E-031  3.99224E-024  5.60647E-021  1.09087E-017  8.08962E-021  6.44200E-021  2.91197E-029  2.08304E-024  1.57667E-015  1.93773E-015  3.06721E-020  3.34109E-032  2.55888E-032  3.75131E-012  1.36660E-024  1.15627E-018  5.64867E-021  1.28934E-014  8.00789E-019  5.89885E-016  4.26324E-025  1.52154E-017  1.00000E-040  5.57301E-014  1.00000E-040  1.63637E-031  5.04371E-015  1.00000E-040  4.40665E-025  9.20494E-014  6.21238E-025  1.00000E-003  1.00000E-005  1.00000E-005  1.00000E-005  1.00000E-005  1.00000E-005  1.00000E-005  1.00000E-005  1.00000E-005  1.00000E-005  1.00000E-005  1.00000E-005  1.00000E-005  1.00000E-005  1.00000E-005  1.00000E-005  
4.45000E+001  5.89000E-004  2.49924E+016  1.70696E+002  6.33601E+004  1.00000E-040  4.74250E-033  1.00000E-040  1.00000E-040  1.00000E-040  1.00000E-040  1.00000E-040  1.00000E-040  1.00000E-040  1.00000E-040  1.00000E-040  1.00000E-040  1.00000E-040  3.27797E-040  1.07724E-023  1.00000E-040  1.00000E-040  4.27113E-010  1.36607E-006  9.34681E-007  1.95764E-009  5.25347E-008  2.10920E-004  6.14877E-008  2.82743E-004  5.71156E-016  2.45328E-011  4.25385E-025  2.90549E-018  3.18542E-015  3.86880E-014  5.89985E-008  7.43021E-025  1.00000E-040  1.00000E-040  1.00000E-040  4.23281E-031  2.10033E-026  3.94798E-025  2.97042E-021  2.86668E-019  1.00234E-030  1.00000E-040  9.49027E-028  4.68755E-021  2.45411E-012  1.10812E-013  9.99504E-001  1.67038E-020  7.47067E-025  1.57025E-021  4.22309E-034  3.99786E-025  5.34359E-017  6.02183E-016  5.20108E-011  1.92173E-017  5.48499E-011  2.13969E-018  3.30303E-012  3.93068E-011  4.53901E-009  6.61523E-014  4.93718E-017  1.57142E-020  6.55747E-013  1.24171E-014  1.30891E-017  9.09999E-032  5.36240E-032  1.00000E-040  1.69862E-031  1.00000E-040  1.88526E-025  1.03790E-015  4.49209E-012  3.46585E-017  7.26606E-017  1.96604E-025  1.55741E-030  9.28146E-029  1.11676E-031  6.19122E-029  1.95890E-030  4.22782E-024  4.79652E-021  1.03366E-017  1.00355E-020  6.85468E-021  3.27322E-029  4.18533E-024  1.15885E-015  1.82873E-015  3.23675E-020  4.06767E-032  3.70036E-032  3.73769E-012  1.71955E-024  8.89691E-019  5.78896E-021  1.26163E-014  6.16819E-019  4.07053E-016  8.68348E-025  1.61193E-017  1.00000E-040  5.55535E-014  1.00000E-040  2.05945E-031  4.26579E-015  1.00000E-040  4.63940E-025  7.70066E-014  6.10201E-025  1.00000E-003  1.00000E-005  1.00000E-005  1.00000E-005  1.00000E-005  1.00000E-005  1.00000E-005  1.00000E-005  1.00000E-005  1.00000E-005  1.00000E-005  1.00000E-005  1.00000E-005  1.00000E-005  1.00000E-005  1.00000E-005  
4.55000E+001  4.86023E-004  2.07241E+016  1.69863E+002  6.89710E+004  1.00000E-040  1.37546E-032  1.00000E-040  1.00000E-040  1.00000E-040  1.00000E-040  1.00000E-040  1.00000E-040  1.00000E-040  1.00000E-040  1.00000E-040  1.00000E-040  1.00000E-040  2.59145E-040  5.30501E-024  1.00000E-040  1.00000E-040  7.23056E-010  1.43253E-006  8.88050E-007  2.26188E-009  6.54375E-008  2.10916E-004  7.72592E-008  2.82638E-004  6.73295E-016  2.46485E-011  8.40421E-025  3.47025E-018  3.78952E-015  3.68725E-014  4.84774E-008  1.70946E-024  3.73158E-035  4.42769E-037  5.06749E-036  4.21551E-031  3.78328E-026  7.08303E-025  5.85658E-021  5.43387E-019  2.24949E-030  1.00000E-040  1.85868E-027  5.17034E-021  1.88528E-012  1.44832E-013  9.99504E-001  1.96466E-020  6.42825E-025  1.36362E-021  4.78123E-034  5.64673E-025  5.81803E-017  5.10279E-016  6.33430E-011  2.61967E-017  6.20861E-011  1.47700E-018  2.70925E-012  3.94309E-011  3.88727E-009  6.98214E-014  4.21690E-017  2.49505E-020  6.70878E-013  1.05558E-014  1.28023E-017  8.33635E-032  5.23466E-032  1.00000E-040  1.15155E-031  6.98519E-040  1.88440E-025  8.78448E-016  4.26762E-012  2.60744E-017  5.45629E-017  1.99855E-025  1.05663E-030  9.59519E-029  1.80643E-031  5.31940E-029  3.98270E-030  4.20987E-024  3.75166E-021  9.19326E-018  1.19240E-020  6.91428E-021  3.50870E-029  7.60819E-024  8.06507E-016  1.58120E-015  3.18970E-020  5.01337E-032  4.76946E-032  3.72278E-012  2.02462E-024  6.25037E-019  5.52622E-021  1.22409E-014  4.33984E-019  2.60480E-016  1.62077E-024  1.78652E-017  7.33932E-040  5.53606E-014  1.00000E-040  2.36163E-031  3.44753E-015  1.00000E-040  4.73167E-025  6.42986E-014  5.61554E-025  1.00000E-003  1.00000E-005  1.00000E-005  1.00000E-005  1.00000E-005  1.00000E-005  1.00000E-005  1.00000E-005  1.00000E-005  1.00000E-005  1.00000E-005  1.00000E-005  1.00000E-005  1.00000E-005  1.00000E-005  1.00000E-005  
4.65000E+001  4.00693E-004  1.71704E+016  1.69024E+002  7.80352E+004  1.00000E-040  4.00098E-032  1.00000E-040  1.00000E-040  1.00000E-040  1.00000E-040  1.00000E-040  1.00000E-040  1.00000E-040  1.00000E-040  1.00000E-040  1.00000E-040  1.00000E-040  1.90750E-040  2.54301E-024  1.00000E-040  1.00000E-040  1.23219E-009  1.49821E-006  8.38489E-007  2.59037E-009  8.29274E-008  2.10913E-004  9.88458E-008  2.82518E-004  7.68594E-016  2.40680E-011  1.62093E-024  4.02117E-018  4.33721E-015  3.35617E-014  3.97690E-008  3.64525E-024  1.00000E-040  1.00000E-040  1.00000E-040  4.19674E-031  6.23323E-026  1.15449E-024  1.07860E-020  9.53254E-019  4.42738E-030  1.00000E-040  3.45046E-027  5.52164E-021  1.44577E-012  1.90921E-013  9.99504E-001  2.24379E-020  5.37570E-025  1.15013E-021  5.04388E-034  7.58108E-025  6.04007E-017  4.12954E-016  7.72380E-011  3.54223E-017  6.95192E-011  1.01287E-018  2.23793E-012  3.91969E-011  3.36768E-009  7.20530E-014  3.49196E-017  3.82383E-020  6.86684E-013  8.69442E-015  1.23548E-017  7.84732E-032  5.07191E-032  1.00000E-040  7.78663E-032  2.30972E-037  1.88345E-025  7.09289E-016  3.87365E-012  1.85321E-017  3.88121E-017  1.96954E-025  6.51702E-031  9.35384E-029  2.67670E-031  4.63254E-029  6.97123E-030  4.00236E-024  2.74205E-021  7.78193E-018  1.37339E-020  6.75211E-021  3.64434E-029  1.25733E-023  5.39720E-016  1.26539E-015  2.97292E-020  6.82955E-032  5.46005E-032  3.70656E-012  2.23804E-024  4.05439E-019  5.01531E-021  1.17733E-014  2.82069E-019  1.56021E-016  2.76803E-024  2.08507E-017  7.74608E-036  5.51509E-014  1.00000E-040  2.46519E-031  2.69259E-015  1.00000E-040  4.76574E-025  5.37079E-014  4.89562E-025  1.00000E-003  1.00000E-005  1.00000E-005  1.00000E-005  1.00000E-005  1.00000E-005  1.00000E-005  1.00000E-005  1.00000E-005  1.00000E-005  1.00000E-005  1.00000E-005  1.00000E-005  1.00000E-005  1.00000E-005  1.00000E-005  
4.75000E+001  3.30059E-004  1.42071E+016  1.68269E+002  8.59767E+004  1.00000E-040  1.16785E-031  1.00000E-040  1.00000E-040  1.00000E-040  1.00000E-040  1.00000E-040  1.00000E-040  1.00000E-040  1.00000E-040  1.00000E-040  1.00000E-040  1.00000E-040  1.29770E-040  1.22880E-024  1.00000E-040  1.00000E-040  2.11810E-009  1.56268E-006  7.86747E-007  2.93996E-009  1.06716E-007  2.10913E-004  1.30512E-007  2.82376E-004  8.57448E-016  2.30302E-011  3.09766E-024  4.56728E-018  4.80171E-015  2.95018E-014  3.26859E-008  7.23829E-024  4.22902E-036  5.49020E-038  6.27045E-037  4.17650E-031  9.52209E-026  1.72577E-024  1.86518E-020  1.55351E-018  7.71550E-030  1.00000E-040  6.16352E-027  5.78131E-021  1.11270E-012  2.53725E-013  9.99504E-001  2.51255E-020  4.43641E-025  9.49809E-022  5.01466E-034  9.74172E-025  6.01480E-017  3.22744E-016  9.42202E-011  4.75963E-017  7.72023E-011  7.00263E-019  1.86514E-012  3.85893E-011  2.93351E-009  7.26311E-014  2.79444E-017  5.76135E-020  7.01421E-013  6.91803E-015  1.17066E-017  7.53385E-032  4.87481E-032  1.00000E-040  5.20568E-032  1.00000E-040  1.88239E-025  5.55780E-016  3.39595E-012  1.25614E-017  2.64116E-017  1.89248E-025  3.73437E-031  8.59115E-029  3.71396E-031  4.07011E-029  1.05492E-029  3.68371E-024  1.91522E-021  6.35529E-018  1.54946E-020  6.53002E-021  3.73731E-029  1.90351E-023  3.53231E-016  9.47211E-016  2.65670E-020  3.91653E-032  5.56342E-032  3.68902E-012  2.32368E-024  2.45432E-019  4.43783E-021  1.12256E-014  1.71177E-019  8.83654E-017  4.32549E-024  2.57008E-017  1.00000E-040  5.49243E-014  1.00000E-040  2.39388E-031  2.05261E-015  1.00000E-040  4.82876E-025  4.49851E-014  4.08572E-025  1.00000E-003  1.00000E-005  1.00000E-005  1.00000E-005  1.00000E-005  1.00000E-005  1.00000E-005  1.00000E-005  1.00000E-005  1.00000E-005  1.00000E-005  1.00000E-005  1.00000E-005  1.00000E-005  1.00000E-005  1.00000E-005  
4.85000E+001  2.71666E-004  1.17409E+016  1.67591E+002  9.43451E+004  1.00000E-040  1.00000E-040  1.00000E-040  1.00000E-040  1.00000E-040  1.00000E-040  1.00000E-040  1.00000E-040  1.00000E-040  1.00000E-040  1.00000E-040  1.00000E-040  1.00000E-040  1.00000E-040  6.26812E-025  1.00000E-040  1.00000E-040  3.67136E-009  1.62684E-006  7.32445E-007  3.30334E-009  1.39296E-007  2.10919E-004  1.81079E-007  2.82203E-004  9.37687E-016  2.16517E-011  5.88735E-024  5.10623E-018  5.14610E-015  2.51530E-014  2.68858E-008  1.35367E-023  1.40804E-037  1.94996E-039  2.20119E-038  4.15430E-031  1.37232E-025  2.39769E-024  3.06546E-020  2.37850E-018  1.20652E-029  1.00000E-040  1.08427E-026  5.96066E-021  8.58981E-013  3.41212E-013  9.99504E-001  2.77600E-020  3.65868E-025  7.76148E-022  4.75715E-034  1.19861E-024  5.74331E-017  2.43800E-016  1.15333E-010  6.37668E-017  8.50587E-011  4.87559E-019  1.56622E-012  3.76071E-011  2.56072E-009  7.16366E-014  2.16260E-017  8.52709E-020  7.17062E-013  5.31509E-015  1.08198E-017  7.30133E-032  4.64437E-032  1.00000E-040  3.41708E-032  1.00000E-040  1.88122E-025  4.26812E-016  2.88983E-012  8.13801E-018  1.72091E-017  1.77952E-025  1.99961E-031  7.37803E-029  4.73752E-031  3.59978E-029  1.39480E-029  3.28815E-024  1.29155E-021  5.03456E-018  1.71882E-020  6.39088E-021  3.78062E-029  2.67505E-023  2.28501E-016  6.65437E-016  2.29640E-020  5.09156E-032  5.04429E-032  3.66974E-012  2.26397E-024  1.38791E-019  3.92320E-021  1.05999E-014  9.70894E-020  4.75574E-017  6.24587E-024  3.34148E-017  1.00000E-040  5.46751E-014  1.00000E-040  2.12539E-031  1.53220E-015  1.00000E-040  4.91740E-025  3.77247E-014  3.27310E-025  1.00000E-003  1.00000E-005  1.00000E-005  1.00000E-005  1.00000E-005  1.00000E-005  1.00000E-005  1.00000E-005  1.00000E-005  1.00000E-005  1.00000E-005  1.00000E-005  1.00000E-005  1.00000E-005  1.00000E-005  1.00000E-005  
4.95000E+001  2.23472E-004  9.68161E+015  1.67183E+002  1.04470E+005  1.00000E-040  1.00000E-040  1.00000E-040  1.00000E-040  1.00000E-040  1.00000E-040  1.00000E-040  1.00000E-040  1.00000E-040  1.00000E-040  1.00000E-040  1.00000E-040  1.00000E-040  1.00000E-040  3.59466E-025  1.00000E-040  1.00000E-040  6.43860E-009  1.69039E-006  6.76044E-007  3.66750E-009  1.84115E-007  2.10935E-004  2.66673E-007  2.81980E-004  1.01137E-015  2.01340E-011  1.13132E-023  5.66166E-018  5.33672E-015  2.09734E-014  2.21719E-008  2.39496E-023  7.81138E-037  1.15026E-038  1.30448E-037  4.13002E-031  1.89032E-025  3.13080E-024  4.82098E-020  3.42919E-018  1.69375E-029  1.00000E-040  1.88910E-026  6.11384E-021  6.67484E-013  4.65085E-013  9.99504E-001  3.08485E-020  3.10861E-025  6.40050E-022  4.45938E-034  1.41407E-024  5.25489E-017  1.79239E-016  1.41591E-010  8.54662E-017  9.32514E-011  3.50457E-019  1.32863E-012  3.61843E-011  2.21668E-009  6.90261E-014  1.60806E-017  1.27695E-019  7.30773E-013  3.91748E-015  9.68559E-018  7.06354E-032  4.37948E-032  1.00000E-040  2.16577E-032  3.44033E-039  1.87992E-025  3.24925E-016  2.40521E-012  5.06468E-018  1.07714E-017  1.64195E-025  1.01304E-031  5.90077E-029  5.54158E-031  3.18185E-029  1.61622E-029  2.87019E-024  8.55622E-022  3.90875E-018  1.88923E-020  6.42986E-021  3.97893E-029  3.51574E-023  1.47707E-016  4.40850E-016  1.94695E-020  5.14408E-032  4.08563E-032  3.64856E-012  2.03902E-024  7.34153E-020  3.60004E-021  9.90746E-015  5.15340E-020  2.44180E-017  8.27207E-024  4.54507E-017  1.00000E-040  5.44015E-014  1.17364E-038  1.71868E-031  1.12735E-015  1.00000E-040  5.19398E-025  3.17137E-014  2.52873E-025  1.00000E-003  1.00000E-005  1.00000E-005  1.00000E-005  1.00000E-005  1.00000E-005  1.00000E-005  1.00000E-005  1.00000E-005  1.00000E-005  1.00000E-005  1.00000E-005  1.00000E-005  1.00000E-005  1.00000E-005  1.00000E-005  
5.05000E+001  1.83756E-004  7.97800E+015  1.66826E+002  1.14473E+005  1.00000E-040  1.00000E-040  1.00000E-040  1.00000E-040  1.00000E-040  1.00000E-040  1.00000E-040  1.00000E-040  1.00000E-040  1.00000E-040  1.00000E-040  1.00000E-040  1.00000E-040  1.00000E-040  2.41388E-025  1.00000E-040  1.00000E-040  1.13604E-008  1.75289E-006  6.17901E-007  4.02006E-009  2.46341E-007  2.10973E-004  4.16047E-007  2.81679E-004  1.07864E-015  1.85408E-011  2.18060E-023  6.25038E-018  5.37499E-015  1.71544E-014  1.83491E-008  4.01036E-023  8.80765E-036  1.41611E-037  1.59899E-036  4.10343E-031  2.48553E-025  3.82748E-024  7.25424E-020  4.66618E-018  2.15630E-029  1.00000E-040  3.25553E-026  6.26171E-021  5.23672E-013  6.42541E-013  9.99504E-001  3.47506E-020  2.73109E-025  5.45833E-022  4.37784E-034  1.59617E-024  4.59802E-017  1.28810E-016  1.74367E-010  1.14146E-016  1.01341E-010  2.54664E-019  1.14244E-012  3.44025E-011  1.90613E-009  6.48358E-014  1.15028E-017  1.84003E-019  7.45512E-013  2.77429E-015  8.34317E-018  6.75722E-032  4.10007E-032  1.00000E-040  1.32557E-032  6.29604E-037  1.87848E-025  2.47327E-016  1.96551E-012  3.09167E-018  6.52895E-018  1.48831E-025  4.91332E-032  4.44527E-029  6.45321E-031  2.81647E-029  1.66175E-029  2.45692E-024  5.57924E-022  2.99070E-018  2.06214E-020  6.69334E-021  4.13217E-029  4.32011E-023  9.60276E-017  2.76246E-016  1.61860E-020  3.41191E-032  3.03015E-032  3.62525E-012  1.71724E-024  3.66868E-020  3.48127E-021  9.15841E-015  2.58485E-020  1.20619E-017  1.01314E-023  6.40832E-017  4.88503E-039  5.41005E-014  1.00000E-040  1.38393E-031  8.18978E-016  1.00000E-040  5.50885E-025  2.67437E-014  1.88950E-025  1.00000E-003  1.00000E-005  1.00000E-005  1.00000E-005  1.00000E-005  1.00000E-005  1.00000E-005  1.00000E-005  1.00000E-005  1.00000E-005  1.00000E-005  1.00000E-005  1.00000E-005  1.00000E-005  1.00000E-005  1.00000E-005  
5.15000E+001  1.51088E-004  6.55192E+015  1.67024E+002  1.24475E+005  1.00000E-040  1.00000E-040  1.00000E-040  1.00000E-040  1.00000E-040  1.00000E-040  1.00000E-040  1.00000E-040  1.00000E-040  1.00000E-040  1.00000E-040  1.00000E-040  1.00000E-040  1.00000E-040  1.90207E-025  1.00000E-040  1.00000E-040  2.03589E-008  1.81404E-006  5.57788E-007  4.33166E-009  3.33682E-007  2.11054E-004  6.80439E-007  2.81244E-004  1.14254E-015  1.70341E-011  4.34554E-023  6.91378E-018  5.21756E-015  1.38303E-014  1.52230E-008  6.42720E-023  1.00000E-040  1.00000E-040  1.00000E-040  4.07403E-031  3.16469E-025  4.47171E-024  1.06173E-019  6.02522E-018  2.46416E-029  1.00000E-040  5.52635E-026  6.47823E-021  4.15444E-013  9.05779E-013  9.99504E-001  4.07554E-020  2.61737E-025  4.99164E-022  4.73030E-034  1.71690E-024  3.81670E-017  9.05406E-017  2.15855E-010  1.53258E-016  1.09673E-010  1.99682E-019  9.99360E-013  3.20974E-011  1.59376E-009  5.92138E-014  7.80558E-018  2.65695E-019  7.56222E-013  1.86119E-015  6.84272E-018  6.33713E-032  3.81745E-032  1.00000E-040  7.56912E-033  9.66087E-035  1.87686E-025  1.88935E-016  1.58196E-012  1.88534E-018  3.79532E-018  1.32244E-025  2.24066E-032  3.03864E-029  6.64964E-031  2.46485E-029  1.51779E-029  2.06624E-024  3.63092E-022  2.27195E-018  2.25094E-020  7.13251E-021  4.86925E-029  5.01943E-023  6.27465E-017  1.63057E-016  1.34343E-020  1.00000E-040  2.01255E-032  3.59933E-012  1.29199E-024  1.70139E-020  3.69092E-021  8.35474E-015  1.20253E-020  5.67458E-018  1.12582E-023  9.27055E-017  1.00000E-040  5.37656E-014  1.11853E-038  9.82387E-032  5.89267E-016  1.00000E-040  6.31340E-025  2.25994E-014  1.36242E-025  1.00000E-003  1.00000E-005  1.00000E-005  1.00000E-005  1.00000E-005  1.00000E-005  1.00000E-005  1.00000E-005  1.00000E-005  1.00000E-005  1.00000E-005  1.00000E-005  1.00000E-005  1.00000E-005  1.00000E-005  1.00000E-005  
5.25000E+001  1.24265E-004  5.38235E+015  1.67222E+002  1.34477E+005  1.00000E-040  1.00000E-040  1.00000E-040  1.00000E-040  1.00000E-040  1.00000E-040  1.00000E-040  1.00000E-040  1.00000E-040  1.00000E-040  1.00000E-040  1.00000E-040  1.00000E-040  1.00000E-040  1.67414E-025  1.00000E-040  1.00000E-040  3.68394E-008  1.87248E-006  4.95610E-007  4.65470E-009  4.54601E-007  2.11214E-004  1.14058E-006  2.80593E-004  1.20299E-015  1.54164E-011  8.76720E-023  7.66558E-018  4.92057E-015  1.10437E-014  1.26469E-008  9.79693E-023  6.01258E-035  1.17189E-036  1.30492E-035  4.04130E-031  3.86793E-025  4.93736E-024  1.47942E-019  7.38956E-018  2.58658E-029  1.00000E-040  9.16532E-026  6.76391E-021  3.34409E-013  1.28516E-012  9.99504E-001  5.02958E-020  2.67793E-025  5.10038E-022  6.03281E-034  1.73500E-024  2.97087E-017  6.27516E-017  2.69050E-010  2.08010E-016  1.18709E-010  1.60710E-019  8.94692E-013  2.98593E-011  1.29902E-009  5.31850E-014  5.11595E-018  3.42051E-019  7.71341E-013  1.21400E-015  5.33284E-018  5.84742E-032  3.59966E-032  1.00000E-040  4.10057E-033  1.00000E-040  1.87505E-025  1.45173E-016  1.24936E-012  1.25724E-018  2.15814E-018  1.14644E-025  1.02769E-032  1.88561E-029  6.24545E-031  2.13298E-029  1.24551E-029  1.72562E-024  2.37384E-022  1.73011E-018  2.44837E-020  7.73048E-021  5.68096E-029  5.50362E-023  4.12944E-017  9.20018E-017  1.10006E-020  6.45429E-032  1.20192E-032  3.57025E-012  9.04133E-025  7.66107E-021  4.13135E-021  7.50168E-015  5.42418E-021  2.60411E-018  1.17400E-023  1.36058E-016  1.00000E-040  5.33899E-014  9.80428E-037  6.39831E-032  4.17521E-016  1.00000E-040  7.27463E-025  1.91192E-014  9.41461E-026  1.00000E-003  1.00000E-005  1.00000E-005  1.00000E-005  1.00000E-005  1.00000E-005  1.00000E-005  1.00000E-005  1.00000E-005  1.00000E-005  1.00000E-005  1.00000E-005  1.00000E-005  1.00000E-005  1.00000E-005  1.00000E-005  
5.35000E+001  1.02271E-004  4.40610E+015  1.68119E+002  1.44478E+005  1.00000E-040  1.00000E-040  1.00000E-040  1.00000E-040  1.00000E-040  1.00000E-040  1.00000E-040  1.00000E-040  1.00000E-040  1.00000E-040  1.00000E-040  1.00000E-040  1.00000E-040  1.00000E-040  1.57900E-025  1.00000E-040  1.00000E-040  7.12291E-008  1.92540E-006  4.29146E-007  5.03014E-009  6.49252E-007  2.11497E-004  1.92582E-006  2.79591E-004  1.26964E-015  1.36622E-011  2.01021E-022  8.61814E-018  4.38668E-015  8.44120E-015  1.05070E-008  1.43473E-022  1.00000E-040  1.00000E-040  1.00000E-040  4.00466E-031  4.38992E-025  5.01020E-024  1.97466E-019  8.64477E-018  2.30805E-029  1.00000E-040  1.48505E-025  7.27085E-021  2.74872E-013  1.85191E-012  9.99504E-001  6.60352E-020  3.09284E-025  6.22641E-022  1.00745E-033  1.56762E-024  2.05385E-017  4.13842E-017  3.38174E-010  2.89056E-016  1.29554E-010  1.47531E-019  8.26528E-013  2.67303E-011  1.02052E-009  4.52102E-014  3.05485E-018  3.94813E-019  7.82937E-013  7.33554E-016  3.94645E-018  5.44072E-032  3.35720E-032  1.00000E-040  2.04698E-033  3.10063E-036  1.87300E-025  1.12337E-016  9.38898E-013  1.00659E-018  1.14207E-018  9.59995E-026  4.17673E-033  1.05330E-029  6.00794E-031  1.84788E-029  8.59313E-030  1.39110E-024  1.53681E-022  1.28502E-018  2.67957E-020  8.02633E-021  7.98976E-029  5.46956E-023  2.52740E-017  4.63278E-017  8.37794E-021  1.35391E-031  6.21191E-033  3.53738E-012  5.36544E-025  3.07779E-021  5.04128E-021  6.60565E-015  2.16592E-021  1.05607E-018  1.12380E-023  2.02368E-016  1.54882E-035  5.29654E-014  9.22804E-037  4.18435E-032  2.89102E-016  1.00000E-040  9.34489E-025  1.61768E-014  6.11004E-026  1.00000E-003  1.00000E-005  1.00000E-005  1.00000E-005  1.00000E-005  1.00000E-005  1.00000E-005  1.00000E-005  1.00000E-005  1.00000E-005  1.00000E-005  1.00000E-005  1.00000E-005  1.00000E-005  1.00000E-005  1.00000E-005  
5.45000E+001  8.42729E-005  3.60684E+015  1.69230E+002  1.54480E+005  1.00000E-040  1.00000E-040  1.00000E-040  1.00000E-040  1.00000E-040  1.00000E-040  1.00000E-040  1.00000E-040  1.00000E-040  1.00000E-040  1.00000E-040  1.00000E-040  1.00000E-040  1.00000E-040  1.54380E-025  1.00000E-040  1.00000E-040  1.48738E-007  1.96657E-006  3.52577E-007  4.42773E-009  1.30341E-006  2.11810E-004  3.23102E-006  2.78039E-004  1.29599E-015  1.22409E-011  7.57961E-022  9.68070E-018  3.03476E-015  4.61603E-015  8.71472E-009  2.09634E-022  1.58168E-035  5.68570E-037  5.97387E-036  3.96346E-031  3.50246E-025  3.34751E-024  3.08882E-019  9.64582E-018  1.13058E-029  1.00000E-040  2.38981E-025  8.14063E-021  2.33239E-013  3.76894E-012  9.99503E-001  8.64753E-020  3.31093E-025  9.31267E-022  1.90002E-033  1.06855E-024  1.06609E-017  1.95423E-017  4.28186E-010  3.11538E-016  1.10678E-010  1.42556E-019  7.95552E-013  1.72511E-011  1.01492E-009  2.85614E-014  1.52688E-018  3.85411E-019  7.93216E-013  3.08243E-016  2.81276E-018  5.33098E-032  2.59335E-032  1.00000E-040  9.80626E-034  2.96717E-035  1.87062E-025  8.77938E-017  6.19404E-013  9.41280E-019  4.16365E-019  7.62392E-026  8.67863E-034  4.66773E-030  4.42724E-031  2.11412E-029  4.22826E-030  7.39466E-025  5.78833E-023  7.11028E-019  2.95177E-020  6.03321E-021  9.47230E-029  3.60012E-023  9.82086E-018  1.34818E-017  4.70443E-021  2.54929E-031  2.41435E-033  3.50000E-012  1.91297E-025  5.48855E-022  4.79890E-021  5.68629E-015  3.62323E-022  2.28709E-019  7.55353E-024  3.07183E-016  7.36737E-035  5.24825E-014  5.59688E-036  2.09951E-032  1.91705E-016  1.00000E-040  9.45538E-025  1.36735E-014  3.58609E-026  1.00000E-003  1.00000E-005  1.00000E-005  1.00000E-005  1.00000E-005  1.00000E-005  1.00000E-005  1.00000E-005  1.00000E-005  1.00000E-005  1.00000E-005  1.00000E-005  1.00000E-005  1.00000E-005  1.00000E-005  1.00000E-005  
5.55000E+001  6.95493E-005  2.95017E+015  1.70751E+002  1.64481E+005  1.00000E-040  1.00000E-040  1.00000E-040  1.00000E-040  1.00000E-040  1.00000E-040  1.00000E-040  1.00000E-040  1.00000E-040  1.00000E-040  1.00000E-040  1.00000E-040  1.00000E-040  1.00000E-040  1.54168E-025  1.00000E-040  1.00000E-040  2.69748E-007  1.98875E-006  2.73468E-007  2.32780E-009  4.01449E-006  2.11412E-004  5.18705E-006  2.75803E-004  1.19864E-015  1.10012E-011  8.80805E-021  1.03581E-017  1.35481E-015  1.66217E-015  7.20579E-009  3.47060E-022  9.70749E-035  9.03276E-036  8.32151E-035  3.91704E-031  1.57792E-025  1.31270E-024  7.37501E-019  1.00947E-017  2.63809E-030  1.00000E-040  3.85940E-025  9.76038E-021  2.07907E-013  2.46288E-011  9.99501E-001  2.31623E-019  3.64823E-025  1.68752E-021  7.59587E-033  4.41287E-025  3.33000E-018  5.61569E-018  5.37352E-010  1.89104E-016  5.49786E-011  1.57445E-019  8.05340E-013  6.31924E-012  1.56344E-009  1.72122E-014  9.41745E-019  3.28672E-019  7.72800E-013  8.91602E-017  1.95915E-018  5.20392E-032  1.43271E-032  1.00000E-040  4.44827E-034  7.85574E-037  1.86777E-025  6.92625E-017  3.99561E-013  6.69867E-019  6.94127E-020  5.57860E-026  7.23088E-035  2.18200E-030  2.94418E-031  3.71281E-029  1.73793E-030  2.02145E-025  8.30203E-024  2.76822E-019  3.29468E-020  2.81995E-021  7.54918E-029  1.40015E-023  2.53877E-018  2.02990E-018  3.83683E-021  7.18823E-032  1.14036E-033  3.45729E-012  2.37989E-026  3.20488E-023  2.63539E-021  4.78960E-015  1.47152E-023  2.34450E-020  2.14716E-024  4.75843E-016  1.57546E-039  5.19309E-014  1.00000E-040  1.59656E-032  1.27104E-016  2.94069E-040  5.67589E-025  1.15324E-014  1.88015E-026  1.00000E-003  1.00000E-005  1.00000E-005  1.00000E-005  1.00000E-005  1.00000E-005  1.00000E-005  1.00000E-005  1.00000E-005  1.00000E-005  1.00000E-005  1.00000E-005  1.00000E-005  1.00000E-005  1.00000E-005  1.00000E-005  
5.65000E+001  5.75247E-005  2.40656E+015  1.73131E+002  1.74482E+005  1.00000E-040  1.00000E-040  1.00000E-040  1.00000E-040  1.00000E-040  1.00000E-040  1.00000E-040  1.00000E-040  1.00000E-040  1.00000E-040  1.00000E-040  1.00000E-040  1.00000E-040  1.00000E-040  1.55358E-025  1.00000E-040  1.00119E-040  3.93289E-007  1.99639E-006  2.07293E-007  1.12638E-009  1.06958E-005  2.09259E-004  7.63822E-006  2.73033E-004  1.02389E-015  7.99886E-012  1.29706E-019  1.10655E-017  6.16752E-016  6.98889E-016  5.93186E-009  6.29055E-022  1.00000E-040  1.00000E-040  1.00000E-040  3.86458E-031  5.30737E-026  4.91581E-025  1.61268E-018  9.86364E-018  1.05474E-030  1.00000E-040  5.94963E-025  1.28661E-020  1.98971E-013  2.73833E-010  9.99497E-001  1.13540E-018  5.44726E-025  3.32291E-021  4.48174E-032  1.25776E-025  7.12924E-019  1.79552E-018  5.94479E-010  9.36827E-017  2.46885E-011  2.30013E-019  8.61766E-013  1.92074E-012  2.28776E-009  1.44671E-014  7.66975E-019  2.63738E-019  6.75667E-013  2.50973E-017  1.34434E-018  4.64926E-032  7.24506E-033  1.00000E-040  1.94437E-034  1.00000E-040  1.86447E-025  5.46438E-017  2.76164E-013  3.66437E-019  8.25129E-021  3.65393E-026  7.72842E-036  1.03012E-030  1.00956E-031  6.03288E-029  9.85558E-031  5.53115E-026  1.29394E-024  1.34398E-019  3.72594E-020  1.35639E-021  7.60434E-029  5.09003E-024  8.43581E-019  4.01181E-019  7.16842E-021  1.00000E-040  6.83405E-034  3.40822E-012  1.76437E-027  2.81994E-024  1.40102E-021  3.96184E-015  6.80364E-025  3.06470E-021  4.32357E-025  7.24206E-016  1.00000E-040  5.12973E-014  1.16871E-036  1.00913E-032  8.91193E-017  3.04602E-035  3.48766E-025  9.69091E-015  9.28509E-027  1.00000E-003  1.00000E-005  1.00000E-005  1.00000E-005  1.00000E-005  1.00000E-005  1.00000E-005  1.00000E-005  1.00000E-005  1.00000E-005  1.00000E-005  1.00000E-005  1.00000E-005  1.00000E-005  1.00000E-005  1.00000E-005  
5.75000E+001  4.77064E-005  1.96874E+015  1.75511E+002  1.84483E+005  1.00000E-040  1.00000E-040  1.00000E-040  1.00000E-040  1.00000E-040  1.00000E-040  1.00000E-040  1.00000E-040  1.00000E-040  1.00000E-040  1.00000E-040  1.00000E-040  1.00000E-040  1.00000E-040  1.56300E-025  1.00000E-040  1.00551E-040  5.05587E-007  1.99522E-006  1.55561E-007  6.24502E-010  2.19726E-005  2.04969E-004  1.04449E-005  2.69864E-004  8.28686E-016  5.13740E-012  1.35124E-018  1.18731E-017  3.44460E-016  3.79819E-016  4.85922E-009  1.05319E-021  1.00000E-040  1.00000E-040  1.00000E-040  3.80535E-031  1.62901E-026  1.95520E-025  2.57366E-018  9.35510E-018  2.55557E-030  1.00000E-040  8.23777E-025  1.86118E-020  2.07727E-013  2.24261E-009  9.99490E-001  4.75905E-018  8.79377E-025  6.17140E-021  2.43886E-031  4.08074E-026  1.74171E-019  7.45634E-019  4.59363E-010  3.71173E-017  1.24300E-011  3.60114E-019  9.65423E-013  5.63570E-013  2.79917E-009  9.50967E-015  4.47130E-019  2.05976E-019  5.43340E-013  6.68210E-018  9.11310E-019  3.87364E-032  4.21899E-033  1.00000E-040  8.71977E-035  1.97188E-036  1.86076E-025  4.29029E-017  1.98556E-013  2.10146E-019  1.45218E-021  2.11231E-026  2.71331E-036  6.87007E-031  3.55025E-032  7.97089E-029  7.17260E-031  2.01315E-026  3.21272E-025  9.14408E-020  4.19678E-020  7.80685E-022  1.40047E-028  1.95581E-024  3.81200E-019  1.41801E-019  1.62661E-020  9.53145E-032  6.51369E-034  3.35171E-012  1.71483E-028  5.04271E-025  8.35604E-022  3.22853E-015  5.99757E-026  6.42485E-022  1.01428E-025  1.05413E-015  1.72523E-036  5.05679E-014  5.94072E-036  6.63716E-033  6.53571E-017  3.83388E-031  2.42100E-025  8.10857E-015  4.54165E-027  1.00000E-003  1.00000E-005  1.00000E-005  1.00000E-005  1.00000E-005  1.00000E-005  1.00000E-005  1.00000E-005  1.00000E-005  1.00000E-005  1.00000E-005  1.00000E-005  1.00000E-005  1.00000E-005  1.00000E-005  1.00000E-005  
5.85000E+001  3.96874E-005  1.60582E+015  1.79008E+002  1.94484E+005  1.00000E-040  1.00000E-040  1.00000E-040  1.00000E-040  1.00000E-040  1.00000E-040  1.00000E-040  1.00000E-040  1.00000E-040  1.00000E-040  1.00000E-040  1.00000E-040  1.00000E-040  1.00000E-040  1.57363E-025  1.00000E-040  1.01048E-040  6.06225E-007  1.98801E-006  1.16056E-007  3.70344E-010  3.79350E-005  1.98472E-004  1.35482E-005  2.66348E-004  6.70294E-016  3.20531E-012  1.00194E-017  1.27107E-017  2.24221E-016  2.44570E-016  3.96088E-009  1.64105E-021  7.06299E-036  4.24933E-036  2.16338E-035  3.73848E-031  4.79957E-027  8.43252E-026  3.43257E-018  8.80286E-018  1.18988E-029  1.00000E-040  1.02298E-024  2.96564E-020  2.35193E-013  1.17937E-008  9.99481E-001  1.41796E-017  1.37799E-024  9.99842E-021  1.12129E-030  2.10107E-026  6.75385E-020  3.61832E-019  2.84547E-010  1.30355E-017  6.79203E-012  6.80421E-019  1.09327E-012  1.64467E-013  2.90859E-009  4.95172E-015  1.94973E-019  1.58273E-019  4.41942E-013  1.64012E-018  6.10766E-019  3.08672E-032  3.10083E-033  1.00000E-040  3.70361E-035  1.32560E-036  1.85662E-025  3.34625E-017  1.45491E-013  1.36094E-019  4.46288E-022  1.06207E-026  1.67409E-035  8.33450E-031  2.00179E-032  9.01417E-029  6.06852E-031  9.33851E-027  1.27018E-025  7.99147E-020  4.72304E-020  4.96178E-022  4.62582E-028  7.99745E-025  2.10094E-019  7.43860E-020  3.36623E-020  2.27574E-031  1.20433E-033  3.28645E-012  2.64736E-029  1.72525E-025  5.81713E-022  2.59032E-015  7.57890E-027  1.80513E-022  2.69497E-026  1.47978E-015  1.00000E-040  4.97262E-014  1.25679E-034  6.86739E-033  4.89738E-017  8.57050E-028  2.09091E-025  6.75433E-015  2.25022E-027  1.00000E-003  1.00000E-005  1.00000E-005  1.00000E-005  1.00000E-005  1.00000E-005  1.00000E-005  1.00000E-005  1.00000E-005  1.00000E-005  1.00000E-005  1.00000E-005  1.00000E-005  1.00000E-005  1.00000E-005  1.00000E-005  
5.95000E+001  3.31412E-005  1.31318E+015  1.82793E+002  2.04485E+005  1.00000E-040  1.00000E-040  1.00000E-040  1.00000E-040  1.00000E-040  1.00000E-040  1.00000E-040  1.00000E-040  1.00000E-040  1.00000E-040  1.00000E-040  1.00000E-040  1.00000E-040  1.00000E-040  1.57282E-025  1.00000E-040  1.01619E-040  6.98079E-007  1.97600E-006  8.62379E-008  2.32056E-010  5.82414E-005  1.89930E-004  1.69208E-005  2.62507E-004  5.50613E-016  2.05612E-012  5.57246E-017  1.34161E-017  1.60934E-016  1.74646E-016  3.21277E-009  2.43464E-021  4.87469E-035  3.72597E-035  1.64505E-034  3.66315E-031  1.45751E-027  3.98879E-026  4.15906E-018  8.27520E-018  4.72248E-029  1.00000E-040  1.17008E-024  4.96418E-020  2.79647E-013  4.10035E-008  9.99470E-001  3.02394E-017  1.91155E-024  1.36032E-020  4.28737E-030  1.45616E-026  3.55518E-020  1.93347E-019  1.79835E-010  5.05371E-018  3.95846E-012  1.32288E-018  1.20496E-012  4.82382E-014  2.73473E-009  2.60136E-015  8.39156E-020  1.19982E-019  3.72587E-013  3.93460E-019  4.04772E-019  2.39764E-032  2.78538E-033  1.00000E-040  1.53654E-035  1.79949E-037  1.85199E-025  2.58999E-017  1.07487E-013  9.40302E-020  2.33580E-022  4.62385E-027  1.01883E-037  1.20297E-030  1.38295E-032  9.14703E-029  5.61236E-031  4.95690E-027  7.90455E-026  8.14278E-020  5.24383E-020  3.35861E-022  1.32425E-027  3.57512E-025  1.30894E-019  4.84409E-020  5.73705E-020  5.84554E-031  2.60526E-033  3.21093E-012  5.80960E-030  1.02199E-025  4.34179E-022  2.04532E-015  1.24403E-027  6.19534E-023  8.20048E-027  2.00282E-015  1.00000E-040  4.87537E-014  2.77030E-033  8.35586E-033  3.69174E-017  4.63778E-025  1.97203E-025  5.60054E-015  1.13942E-027  1.00000E-003  1.00000E-005  1.00000E-005  1.00000E-005  1.00000E-005  1.00000E-005  1.00000E-005  1.00000E-005  1.00000E-005  1.00000E-005  1.00000E-005  1.00000E-005  1.00000E-005  1.00000E-005  1.00000E-005  1.00000E-005  
6.05000E+001  2.77823E-005  1.07719E+015  1.86807E+002  2.14485E+005  1.00000E-040  1.00000E-040  1.00000E-040  1.00000E-040  1.00000E-040  1.00000E-040  1.00000E-040  1.00000E-040  1.00000E-040  1.00000E-040  1.00000E-040  1.00000E-040  1.00000E-040  1.00000E-040  1.55664E-025  1.00000E-040  1.02276E-040  7.84734E-007  1.95962E-006  6.39453E-008  1.50573E-010  8.23450E-005  1.79614E-004  2.05444E-005  2.58354E-004  4.62275E-016  1.36541E-012  2.45695E-016  1.39761E-017  1.23205E-016  1.33353E-016  2.59505E-009  3.55353E-021  3.63410E-035  3.35520E-035  1.33096E-034  3.57863E-031  4.72776E-028  2.08366E-026  4.84899E-018  7.70449E-018  1.56722E-028  1.00000E-040  1.26489E-024  8.34322E-020  3.36087E-013  1.05841E-007  9.99456E-001  5.09085E-017  2.49535E-024  1.66510E-020  1.39282E-029  1.12765E-026  2.11330E-020  1.10118E-019  1.18154E-010  2.16439E-018  2.41924E-012  2.66285E-018  1.26610E-012  1.42749E-014  2.38545E-009  1.41061E-015  3.68956E-020  8.97785E-020  3.20463E-013  9.47537E-020  2.65656E-019  1.83523E-032  2.87855E-033  1.00000E-040  6.20774E-036  2.62475E-038  1.84677E-025  1.98910E-017  7.97286E-014  6.78085E-020  1.74380E-022  1.74224E-027  3.51522E-036  9.81350E-031  5.73849E-033  8.56004E-029  5.57918E-031  2.86230E-027  6.78268E-026  8.93371E-020  5.73382E-020  2.36876E-022  3.06971E-027  1.76231E-025  8.84308E-020  3.50255E-020  8.42286E-020  1.41401E-030  3.33329E-033  3.12365E-012  1.48573E-030  8.67671E-026  3.38882E-022  1.58718E-015  2.43920E-028  2.43138E-023  2.73619E-027  2.62477E-015  1.00000E-040  4.76322E-014  6.12175E-032  5.78918E-033  2.77527E-017  8.00959E-023  1.97691E-025  4.62494E-015  5.94531E-028  1.00000E-003  1.00000E-005  1.00000E-005  1.00000E-005  1.00000E-005  1.00000E-005  1.00000E-005  1.00000E-005  1.00000E-005  1.00000E-005  1.00000E-005  1.00000E-005  1.00000E-005  1.00000E-005  1.00000E-005  1.00000E-005  
6.15000E+001  2.33925E-005  8.81480E+014  1.92212E+002  2.24486E+005  1.00000E-040  1.00000E-040  1.00000E-040  1.00000E-040  1.00000E-040  1.00000E-040  1.00000E-040  1.00000E-040  1.00000E-040  1.00000E-040  1.00000E-040  1.00000E-040  1.00000E-040  1.00000E-040  1.53279E-025  1.00000E-040  1.03031E-040  8.69995E-007  1.93883E-006  4.73571E-008  9.73191E-011  1.09618E-004  1.67850E-004  2.44180E-005  2.53882E-004  4.00676E-016  9.00232E-013  9.02460E-016  1.45874E-017  9.90219E-017  1.07089E-016  2.08790E-009  5.25862E-021  6.29419E-036  4.31108E-036  1.95171E-035  3.48411E-031  1.57822E-028  1.19426E-026  5.62885E-018  6.98533E-018  4.47531E-028  1.00000E-040  1.30675E-024  1.37998E-019  3.98003E-013  2.22217E-007  9.99441E-001  7.28392E-017  3.55440E-024  2.04869E-020  4.01118E-029  8.87284E-027  1.28425E-020  6.55566E-020  7.79351E-011  9.71373E-019  1.51909E-012  6.27632E-018  1.26378E-012  4.23929E-015  1.89755E-009  7.57929E-016  1.57598E-020  6.62235E-020  2.76053E-013  2.27923E-020  1.72836E-019  1.39057E-032  3.26284E-033  1.00000E-040  2.27508E-036  4.03510E-039  1.84086E-025  1.51442E-017  5.92445E-014  5.23169E-020  1.62874E-022  5.55683E-028  1.00000E-040  8.96507E-031  2.70984E-033  7.38377E-029  5.98574E-031  1.76660E-027  7.47750E-026  1.00522E-019  6.22819E-020  1.71176E-022  6.88987E-027  9.37279E-026  6.34842E-020  2.68213E-020  1.13821E-019  3.92837E-030  4.66115E-033  3.02264E-012  3.61963E-031  9.56316E-026  2.89541E-022  1.20501E-015  5.11056E-029  1.02512E-023  9.09635E-028  3.36573E-015  1.00000E-040  4.63385E-014  4.09866E-033  4.65653E-033  2.05934E-017  5.48976E-021  2.32822E-025  3.80408E-015  3.21596E-028  1.00000E-003  1.00000E-005  1.00000E-005  1.00000E-005  1.00000E-005  1.00000E-005  1.00000E-005  1.00000E-005  1.00000E-005  1.00000E-005  1.00000E-005  1.00000E-005  1.00000E-005  1.00000E-005  1.00000E-005  1.00000E-005  
6.25000E+001  1.97923E-005  7.25421E+014  1.97616E+002  2.34487E+005  1.00000E-040  1.00000E-040  1.00000E-040  1.00000E-040  1.00000E-040  1.00000E-040  1.00000E-040  1.00000E-040  1.00000E-040  1.00000E-040  1.00000E-040  1.00000E-040  1.00000E-040  1.00000E-040  1.49064E-025  1.00000E-040  1.03896E-040  9.57267E-007  1.91334E-006  3.50436E-008  6.46213E-011  1.39045E-004  1.55154E-004  2.85375E-005  2.49090E-004  3.53605E-016  6.12032E-013  2.83640E-015  1.55210E-017  8.20081E-017  8.86859E-017  1.67354E-009  7.74049E-021  1.00000E-040  3.23509E-036  1.00000E-040  3.37904E-031  5.67749E-029  7.40072E-027  6.43699E-018  6.19495E-018  1.13800E-027  1.00000E-040  1.30709E-024  2.17980E-019  4.58596E-013  4.01529E-007  9.99425E-001  9.39500E-017  5.26598E-024  2.62875E-020  1.05750E-028  7.17536E-027  8.13778E-021  4.16613E-020  5.31127E-011  4.71474E-019  9.87418E-013  1.42790E-017  1.21051E-012  1.26305E-015  1.44711E-009  4.21258E-016  6.97912E-021  4.81145E-020  2.34906E-013  5.55487E-021  1.11524E-019  1.04774E-032  3.82380E-033  1.00000E-040  8.23932E-037  6.53366E-040  1.83412E-025  1.14175E-017  4.40415E-014  4.06391E-020  1.59790E-022  1.50999E-028  1.27033E-035  8.69467E-031  1.44960E-033  6.06751E-029  6.63237E-031  1.17882E-027  8.56272E-026  1.12321E-019  6.63972E-020  1.30982E-022  1.45556E-026  5.41031E-026  4.73790E-020  2.10821E-020  1.42693E-019  1.21225E-029  6.67232E-033  2.90590E-012  9.61915E-032  1.09731E-025  2.47661E-022  8.93962E-016  1.24173E-029  4.65898E-024  3.20127E-028  4.19791E-015  1.00000E-040  4.48508E-014  1.94424E-034  4.08023E-033  1.51087E-017  1.76446E-019  2.76137E-025  3.11658E-015  1.81294E-028  1.00000E-003  1.00000E-005  1.00000E-005  1.00000E-005  1.00000E-005  1.00000E-005  1.00000E-005  1.00000E-005  1.00000E-005  1.00000E-005  1.00000E-005  1.00000E-005  1.00000E-005  1.00000E-005  1.00000E-005  1.00000E-005  
6.35000E+001  1.68250E-005  5.99435E+014  2.03296E+002  2.44487E+005  1.00000E-040  1.00000E-040  1.00000E-040  1.00000E-040  1.00000E-040  1.00000E-040  1.00000E-040  1.00000E-040  1.00000E-040  1.00000E-040  1.00000E-040  1.00000E-040  1.00000E-040  1.00000E-040  1.43685E-025  1.00000E-040  1.04886E-040  1.04944E-006  1.88278E-006  2.59386E-008  4.37015E-011  1.69617E-004  1.42038E-004  3.28850E-005  2.43989E-004  3.18342E-016  4.24859E-013  7.87016E-015  1.77362E-017  6.95848E-017  7.53108E-017  1.33732E-009  1.13555E-020  7.01273E-035  7.72181E-035  2.55108E-034  3.26311E-031  2.18657E-029  4.89886E-027  7.27172E-018  5.34572E-018  2.62608E-027  1.00000E-040  1.26967E-024  3.30183E-019  5.12732E-013  6.51681E-007  9.99408E-001  1.13223E-016  8.18996E-024  3.58732E-020  2.74867E-028  5.87531E-027  5.28581E-021  2.94162E-020  3.73189E-011  2.45775E-019  6.60195E-013  3.24206E-017  1.12520E-012  3.77673E-016  1.05790E-009  2.41411E-016  3.18702E-021  3.44243E-020  1.95679E-013  1.38265E-021  7.14886E-020  7.88108E-033  4.48804E-033  1.00000E-040  2.92962E-037  1.24427E-040  1.82645E-025  8.51709E-018  3.27574E-014  3.18591E-020  1.58801E-022  3.51506E-029  2.55157E-039  8.64226E-031  8.38449E-034  4.78294E-029  7.53174E-031  8.84694E-028  9.92535E-026  1.23976E-019  6.97546E-020  1.10620E-022  3.02250E-026  3.33653E-026  3.64808E-020  1.68562E-020  1.71199E-019  4.07216E-029  9.73101E-033  2.77152E-012  2.67710E-032  1.27423E-025  2.13680E-022  6.46862E-016  3.55089E-030  2.23848E-024  1.15999E-028  5.12145E-015  1.00000E-040  4.31508E-014  1.39473E-035  3.76849E-033  1.09459E-017  3.10005E-018  3.37082E-025  2.54471E-015  1.06949E-028  1.00000E-003  1.00000E-005  1.00000E-005  1.00000E-005  1.00000E-005  1.00000E-005  1.00000E-005  1.00000E-005  1.00000E-005  1.00000E-005  1.00000E-005  1.00000E-005  1.00000E-005  1.00000E-005  1.00000E-005  1.00000E-005  
6.45000E+001  1.43711E-005  4.96516E+014  2.09640E+002  2.54488E+005  1.00000E-040  1.00000E-040  1.00000E-040  1.00000E-040  1.00000E-040  1.00000E-040  1.00000E-040  1.00000E-040  1.00000E-040  1.00000E-040  1.00000E-040  1.00000E-040  1.00000E-040  1.00000E-040  1.37825E-025  1.00000E-040  1.06015E-040  1.14919E-006  1.84660E-006  1.92135E-008  2.98612E-011  2.00480E-004  1.28938E-004  3.74435E-005  2.38592E-004  2.92708E-016  2.97066E-013  1.97485E-014  2.32766E-017  6.02297E-017  6.53293E-017  1.06570E-009  1.65944E-020  1.00000E-040  1.00000E-040  1.00000E-040  3.13613E-031  8.79097E-030  3.41784E-027  8.11147E-018  4.46665E-018  5.55357E-027  1.00000E-040  1.19498E-024  4.87211E-019  5.57535E-013  9.78943E-007  9.99391E-001  1.30511E-016  1.35317E-023  5.17990E-020  7.65832E-028  4.80162E-027  3.46066E-021  2.43907E-020  2.71887E-011  1.40662E-019  4.51091E-013  7.51758E-017  1.02568E-012  1.13081E-016  7.39666E-010  1.43173E-016  1.50114E-021  2.42350E-020  1.58470E-013  3.52884E-022  4.55682E-020  5.94004E-033  5.18281E-033  1.00000E-040  1.00701E-037  1.00000E-040  1.81775E-025  6.27573E-018  2.43763E-014  2.52845E-020  1.59883E-022  6.98735E-030  2.52005E-036  1.01208E-030  5.89843E-034  3.62331E-029  8.70105E-031  7.89269E-028  1.17571E-025  1.36268E-019  7.24906E-020  1.09114E-022  6.39903E-026  2.15998E-026  2.88167E-020  1.36615E-020  2.01017E-019  1.42071E-028  1.58763E-032  2.61735E-012  7.48004E-033  1.51134E-025  1.87598E-022  4.55145E-016  1.23233E-030  1.11750E-024  4.21304E-029  6.14736E-015  1.00000E-040  4.12195E-014  7.60560E-037  4.19978E-033  7.80962E-018  3.34851E-017  4.34389E-025  2.07123E-015  6.60766E-029  1.00000E-003  1.00000E-005  1.00000E-005  1.00000E-005  1.00000E-005  1.00000E-005  1.00000E-005  1.00000E-005  1.00000E-005  1.00000E-005  1.00000E-005  1.00000E-005  1.00000E-005  1.00000E-005  1.00000E-005  1.00000E-005  
6.55000E+001  1.23340E-005  4.13617E+014  2.15984E+002  2.64488E+005  1.00000E-040  1.00000E-040  1.00000E-040  1.00000E-040  1.00000E-040  1.00000E-040  1.00000E-040  1.00000E-040  1.00000E-040  1.00000E-040  1.00000E-040  1.00000E-040  1.00000E-040  1.00000E-040  1.31403E-025  1.00000E-040  1.07299E-040  1.25882E-006  1.80424E-006  1.42473E-008  2.09316E-011  2.30887E-004  1.16231E-004  4.21861E-005  2.32920E-004  2.72900E-016  2.12552E-013  4.54466E-014  3.61424E-017  5.27838E-017  5.74379E-017  8.47077E-010  2.39077E-020  2.36140E-035  2.48393E-035  8.00299E-035  2.99828E-031  3.76592E-030  2.49015E-027  8.88316E-018  3.63595E-018  1.09249E-026  1.00000E-040  1.10147E-024  7.13304E-019  5.91735E-013  1.38885E-006  9.99373E-001  1.46715E-016  2.19908E-023  7.50456E-020  2.37612E-027  3.97063E-027  2.32065E-021  2.45068E-020  2.10932E-011  1.03186E-019  3.15826E-013  1.63814E-016  9.25577E-013  3.40044E-017  5.06336E-010  9.07868E-017  7.60176E-022  1.67879E-020  1.24231E-013  9.35878E-023  2.89015E-020  4.50992E-033  5.83418E-033  1.00000E-040  3.50482E-038  1.00000E-040  1.80792E-025  4.55981E-018  1.81485E-014  1.97885E-020  1.56510E-022  1.20354E-030  9.55459E-040  1.28111E-030  4.72327E-034  2.69578E-029  1.00309E-030  8.61064E-028  1.34147E-025  1.51847E-019  7.42228E-020  1.30239E-022  1.29344E-025  1.46601E-026  2.31534E-020  1.11380E-020  2.31002E-019  4.66862E-028  2.71672E-032  2.44136E-012  2.24034E-033  1.72614E-025  1.61443E-022  3.11176E-016  5.50630E-031  5.81047E-025  1.58132E-029  7.25031E-015  1.00000E-040  3.90441E-014  1.00000E-040  5.16530E-033  5.51059E-018  2.43366E-016  5.55233E-025  1.68089E-015  4.29659E-029  1.00000E-003  1.00000E-005  1.00000E-005  1.00000E-005  1.00000E-005  1.00000E-005  1.00000E-005  1.00000E-005  1.00000E-005  1.00000E-005  1.00000E-005  1.00000E-005  1.00000E-005  1.00000E-005  1.00000E-005  1.00000E-005  
6.65000E+001  1.06334E-005  3.46421E+014  2.22323E+002  2.74489E+005  1.00000E-040  1.00000E-040  1.00000E-040  1.00000E-040  1.00000E-040  1.00000E-040  1.00000E-040  1.00000E-040  1.00000E-040  1.00000E-040  1.00000E-040  1.00000E-040  1.00000E-040  1.00000E-040  1.24849E-025  1.00000E-040  1.08752E-040  1.38026E-006  1.75515E-006  1.05831E-008  1.50581E-011  2.60292E-004  1.04191E-004  4.70731E-005  2.27011E-004  2.57695E-016  1.55280E-013  9.73076E-014  6.41128E-017  4.67227E-017  5.10461E-017  6.71892E-010  3.39061E-020  6.16913E-036  5.38893E-036  2.08765E-035  2.85011E-031  1.71597E-030  1.88031E-027  9.55169E-018  2.89185E-018  2.01802E-026  1.00000E-040  1.00107E-024  1.07389E-018  6.15605E-013  1.88752E-006  9.99356E-001  1.62514E-016  3.47687E-023  1.06826E-019  8.00537E-027  3.34108E-027  1.60069E-021  2.87254E-020  1.76963E-011  1.25455E-019  2.25963E-013  3.33945E-016  8.33063E-013  1.03345E-017  3.41032E-010  6.25087E-017  4.20313E-022  1.14503E-020  9.39993E-014  2.62459E-023  1.82589E-020  3.46998E-033  6.39907E-033  1.00000E-040  1.24640E-038  1.00000E-040  1.79688E-025  3.26194E-018  1.35248E-014  1.52195E-020  1.48592E-022  1.82623E-031  7.68212E-040  1.72555E-030  4.19884E-034  1.98283E-029  1.14867E-030  1.10699E-027  1.47172E-025  1.77236E-019  7.50003E-020  1.80940E-022  2.49443E-025  1.03483E-026  1.88587E-020  9.12390E-021  2.61720E-019  1.42010E-027  4.67329E-032  2.24199E-012  7.21822E-034  1.89504E-025  1.35780E-022  2.06642E-016  3.03606E-031  3.12709E-025  6.12566E-030  8.42973E-015  1.00000E-040  3.66202E-014  1.00000E-040  6.85764E-033  3.85228E-018  1.28594E-015  7.03115E-025  1.36072E-015  2.98393E-029  1.00000E-003  1.00000E-005  1.00000E-005  1.00000E-005  1.00000E-005  1.00000E-005  1.00000E-005  1.00000E-005  1.00000E-005  1.00000E-005  1.00000E-005  1.00000E-005  1.00000E-005  1.00000E-005  1.00000E-005  1.00000E-005  
6.75000E+001  9.20623E-006  2.91632E+014  2.28646E+002  2.84489E+005  1.00000E-040  1.00000E-040  1.00000E-040  1.00000E-040  1.00000E-040  1.00000E-040  1.00000E-040  1.00000E-040  1.00000E-040  1.00000E-040  1.00000E-040  1.00000E-040  1.00000E-040  1.00000E-040  1.18474E-025  1.00000E-040  1.10390E-040  1.51527E-006  1.69878E-006  7.88051E-009  1.11242E-011  2.88357E-004  9.29842E-005  5.20609E-005  2.20904E-004  2.46200E-016  1.15552E-013  1.96068E-013  1.21469E-016  4.17186E-017  4.57531E-017  5.32024E-010  4.73337E-020  2.63885E-035  2.41832E-035  7.27409E-035  2.69246E-031  8.27665E-031  1.46341E-027  1.00985E-017  2.25453E-018  3.53038E-026  1.00000E-040  9.01625E-025  1.72706E-018  6.30549E-013  2.48238E-006  9.99340E-001  1.78641E-016  5.32336E-023  1.48333E-019  2.75863E-026  2.89517E-027  1.14799E-021  3.66251E-020  1.61998E-011  2.31690E-019  1.64777E-013  6.37159E-016  7.52391E-013  3.20320E-018  2.26997E-010  4.71420E-017  2.55970E-022  7.69650E-021  6.84795E-014  7.95695E-024  1.15021E-020  2.72083E-033  6.86156E-033  1.00000E-040  4.55393E-039  1.13392E-040  1.78454E-025  2.29327E-018  1.00945E-014  1.14625E-020  1.36599E-022  2.48168E-032  6.91841E-040  2.40346E-030  4.07595E-034  1.44902E-029  1.30454E-030  1.56131E-027  1.55062E-025  2.24408E-019  7.48965E-020  2.72646E-022  4.59973E-025  7.55209E-027  1.55312E-020  7.50391E-021  2.93648E-019  4.02917E-027  7.53863E-032  2.01814E-012  2.52825E-034  1.99756E-025  1.11240E-022  1.33213E-016  1.91953E-031  1.73301E-025  2.44879E-030  9.68846E-015  1.00000E-040  3.39500E-014  7.65386E-039  9.69343E-033  2.67190E-018  5.24973E-015  8.80802E-025  1.09926E-015  2.28119E-029  1.00000E-003  1.00000E-005  1.00000E-005  1.00000E-005  1.00000E-005  1.00000E-005  1.00000E-005  1.00000E-005  1.00000E-005  1.00000E-005  1.00000E-005  1.00000E-005  1.00000E-005  1.00000E-005  1.00000E-005  1.00000E-005  
6.85000E+001  8.00256E-006  2.46679E+014  2.34970E+002  2.94489E+005  1.00000E-040  1.00000E-040  1.00000E-040  1.00000E-040  1.00000E-040  1.00000E-040  1.00000E-040  1.00000E-040  1.00000E-040  1.00000E-040  1.00000E-040  1.00000E-040  1.00000E-040  1.00000E-040  1.12486E-025  1.00000E-040  1.12232E-040  1.66541E-006  1.63455E-006  5.88743E-009  8.43929E-012  3.14913E-004  8.26905E-005  5.71038E-005  2.14644E-004  2.37920E-016  8.73573E-014  3.75221E-013  2.33539E-016  3.75987E-017  4.12906E-017  4.20688E-010  6.51138E-020  1.00000E-040  1.00000E-040  1.00000E-040  2.52650E-031  4.20031E-031  1.16901E-027  1.05203E-017  1.72789E-018  5.89306E-026  1.00000E-040  8.06459E-025  3.02945E-018  6.38727E-013  3.18191E-006  9.99324E-001  1.95863E-016  7.90124E-023  2.01746E-019  9.29410E-026  2.63208E-027  8.71106E-022  4.81140E-020  1.61304E-011  4.63311E-019  1.22143E-013  1.15016E-015  6.85440E-013  1.02399E-018  1.49789E-010  3.87939E-017  1.70976E-022  5.10294E-021  4.78795E-014  2.67217E-024  7.23379E-021  2.18374E-033  7.22450E-033  1.00000E-040  1.71379E-039  1.61343E-040  1.77085E-025  1.58035E-018  7.55112E-015  8.42513E-021  1.21478E-022  3.06671E-033  6.48953E-040  2.78944E-030  3.37597E-034  1.05522E-029  1.47187E-030  2.28251E-027  1.56912E-025  3.13673E-019  7.40152E-020  4.22038E-022  8.15622E-025  5.67032E-027  1.29108E-020  6.19413E-021  3.27241E-019  1.10174E-026  9.60041E-032  1.76951E-012  9.77756E-035  2.02201E-025  8.85323E-023  8.32479E-017  1.31296E-031  9.84411E-026  1.00935E-030  1.10345E-014  1.00000E-040  3.10424E-014  1.00000E-040  1.14392E-032  1.84056E-018  1.73739E-014  1.09215E-024  8.86574E-016  2.00139E-029  1.00000E-003  1.00000E-005  1.00000E-005  1.00000E-005  1.00000E-005  1.00000E-005  1.00000E-005  1.00000E-005  1.00000E-005  1.00000E-005  1.00000E-005  1.00000E-005  1.00000E-005  1.00000E-005  1.00000E-005  1.00000E-005  
6.95000E+001  6.98264E-006  2.09599E+014  2.41294E+002  3.04490E+005  1.00000E-040  1.00000E-040  1.00000E-040  1.00000E-040  1.00000E-040  1.00000E-040  1.00000E-040  1.00000E-040  1.00000E-040  1.00000E-040  1.00000E-040  1.00000E-040  1.00000E-040  1.00000E-040  1.06989E-025  1.00000E-040  1.14295E-040  1.83215E-006  1.56188E-006  4.41848E-009  6.57641E-012  3.39916E-004  7.33278E-005  6.21558E-005  2.08275E-004  2.32668E-016  6.69403E-014  6.87062E-013  4.43842E-016  3.43199E-017  3.74654E-017  3.32273E-010  8.84143E-020  3.48595E-036  2.72071E-036  7.70218E-036  2.35371E-031  2.22575E-031  9.55783E-028  1.08271E-017  1.30159E-018  9.45167E-026  1.00000E-040  7.11062E-025  5.73637E-018  6.42818E-013  3.99474E-006  9.99309E-001  2.15047E-016  1.14228E-022  2.75235E-019  2.99643E-025  2.56397E-027  7.13624E-022  6.32684E-020  1.72065E-011  8.60792E-019  9.18222E-014  2.06424E-015  6.32855E-013  3.41039E-019  9.82632E-011  3.42939E-017  1.23297E-022  3.33823E-021  3.19201E-014  1.01449E-024  4.55101E-021  1.79881E-033  7.50035E-033  1.00000E-040  6.64693E-040  2.37678E-040  1.75572E-025  1.06252E-018  5.66730E-015  6.00630E-021  1.04146E-022  3.49829E-034  6.14776E-040  1.40877E-030  1.00494E-034  7.67588E-030  1.65874E-030  3.35272E-027  1.52017E-025  4.77960E-019  7.24589E-020  6.52177E-022  1.40049E-024  4.36531E-027  1.08230E-020  5.12998E-021  3.62662E-019  3.10378E-026  8.94821E-032  1.49692E-012  4.25678E-035  1.95974E-025  6.80399E-023  5.02222E-017  9.41287E-032  5.71039E-026  4.27755E-031  1.24782E-014  1.00000E-040  2.79128E-014  2.53524E-039  4.75200E-033  1.25858E-018  4.84246E-014  1.33960E-024  7.14129E-016  2.06863E-029  1.00000E-003  1.00000E-005  1.00000E-005  1.00000E-005  1.00000E-005  1.00000E-005  1.00000E-005  1.00000E-005  1.00000E-005  1.00000E-005  1.00000E-005  1.00000E-005  1.00000E-005  1.00000E-005  1.00000E-005  1.00000E-005  
7.05000E+001  6.11984E-006  1.76460E+014  2.51195E+002  3.14490E+005  1.00000E-040  1.00000E-040  1.00000E-040  1.00000E-040  1.00000E-040  1.00000E-040  1.00000E-040  1.00000E-040  1.00000E-040  1.00000E-040  1.00000E-040  1.00000E-040  1.00000E-040  1.00000E-040  1.03207E-025  1.00000E-040  1.16603E-040  2.01743E-006  1.47966E-006  3.33129E-009  5.03545E-012  3.63547E-004  6.48174E-005  6.72027E-005  2.01806E-004  2.36276E-016  4.90602E-014  1.22780E-012  8.36528E-016  3.23354E-017  3.51276E-017  2.61754E-010  1.20288E-019  1.00000E-040  1.00000E-040  1.00000E-040  2.17523E-031  1.05761E-031  7.86976E-028  1.10529E-017  9.38366E-019  1.42387E-025  1.00000E-040  5.68474E-025  1.15789E-017  6.45989E-013  4.93371E-006  9.99294E-001  2.34361E-016  2.06061E-022  4.07298E-019  9.43626E-025  2.53899E-027  5.90453E-022  8.07500E-020  2.22357E-011  1.46126E-018  6.80272E-014  4.48871E-015  5.94588E-013  1.14159E-019  5.98504E-011  3.59212E-017  1.02217E-022  2.14195E-021  1.98521E-014  4.39745E-025  2.86593E-021  1.52110E-033  7.70510E-033  1.00000E-040  2.24928E-040  4.40244E-040  1.73905E-025  6.87279E-019  4.26633E-015  4.38913E-021  9.62675E-023  3.46426E-035  5.51563E-040  1.84877E-030  9.48195E-035  5.18642E-030  1.93108E-030  4.86146E-027  1.68168E-025  7.76028E-019  7.16036E-020  9.66320E-022  3.07823E-024  3.29248E-027  9.25015E-021  4.33775E-021  4.21565E-019  9.94152E-026  1.21453E-031  1.20079E-012  1.64053E-035  2.16798E-025  5.55135E-023  2.87079E-017  6.05571E-032  3.26107E-026  1.62901E-031  1.42980E-014  1.00000E-040  2.45598E-014  1.00000E-040  6.94811E-033  8.26225E-019  1.18252E-013  1.99523E-024  5.73848E-016  2.46732E-029  1.00000E-003  1.00000E-005  1.00000E-005  1.00000E-005  1.00000E-005  1.00000E-005  1.00000E-005  1.00000E-005  1.00000E-005  1.00000E-005  1.00000E-005  1.00000E-005  1.00000E-005  1.00000E-005  1.00000E-005  1.00000E-005  
7.15000E+001  5.39227E-006  1.49185E+014  2.61796E+002  3.24490E+005  1.00000E-040  1.00000E-040  1.00000E-040  1.00000E-040  1.00000E-040  1.00000E-040  1.00000E-040  1.00000E-040  1.00000E-040  1.00000E-040  1.00000E-040  1.00000E-040  1.00000E-040  1.00000E-040  9.94167E-026  1.00000E-040  1.19175E-040  2.22214E-006  1.38702E-006  2.52079E-009  4.00764E-012  3.85988E-004  5.70779E-005  7.22320E-005  1.95248E-004  2.44609E-016  3.64154E-014  2.12191E-012  1.53705E-015  3.13232E-017  3.33174E-017  2.05137E-010  1.61831E-019  2.84896E-036  1.00000E-040  2.09630E-035  1.99314E-031  5.07343E-032  6.59276E-028  1.11710E-017  6.64207E-019  2.07217E-025  1.00000E-040  4.40459E-025  2.37006E-017  6.49132E-013  6.01313E-006  9.99280E-001  2.57435E-016  3.74013E-022  5.88938E-019  2.82224E-024  2.68189E-027  5.24623E-022  1.00471E-019  3.10305E-011  2.23352E-018  5.06726E-014  8.91487E-015  5.69479E-013  3.85424E-020  3.61428E-011  4.06378E-017  9.17168E-023  1.34562E-021  1.13936E-014  2.19434E-025  1.80398E-021  1.31596E-033  7.85475E-033  1.00000E-040  1.00000E-040  8.23551E-040  1.72075E-025  4.22937E-019  3.21699E-015  3.03506E-021  8.44975E-023  3.09140E-036  4.81292E-040  1.72163E-030  8.18317E-035  3.48185E-030  2.28488E-030  6.87365E-027  1.76193E-025  1.28315E-018  6.98877E-020  1.40034E-021  6.85670E-024  2.52364E-027  7.92882E-021  3.65741E-021  4.92345E-019  3.02386E-025  1.14876E-031  8.90167E-013  7.09288E-036  2.27198E-025  4.27704E-023  1.54444E-017  3.97333E-032  1.89124E-026  6.37950E-032  1.62882E-014  1.00000E-040  2.10278E-014  1.00000E-040  5.82600E-033  5.30665E-019  2.55003E-013  2.95761E-024  4.58994E-016  3.26061E-029  1.00000E-003  1.00000E-005  1.00000E-005  1.00000E-005  1.00000E-005  1.00000E-005  1.00000E-005  1.00000E-005  1.00000E-005  1.00000E-005  1.00000E-005  1.00000E-005  1.00000E-005  1.00000E-005  1.00000E-005  1.00000E-005  
7.25000E+001  4.77547E-006  1.26979E+014  2.72397E+002  3.34491E+005  1.00000E-040  1.00000E-040  1.00000E-040  1.00000E-040  1.00000E-040  1.00000E-040  1.00000E-040  1.00000E-040  1.00000E-040  1.00000E-040  1.00000E-040  1.00000E-040  1.00000E-040  1.00000E-040  9.53198E-026  1.00000E-040  1.22024E-040  2.44601E-006  1.28398E-006  1.91593E-009  3.37205E-012  4.07329E-004  5.00591E-005  7.72002E-005  1.88651E-004  2.57815E-016  2.76599E-014  3.55341E-012  2.74641E-015  3.13814E-017  3.17706E-017  1.59639E-010  2.15157E-019  5.52635E-036  3.01149E-036  1.70958E-035  1.81015E-031  2.55504E-032  5.62335E-028  1.11900E-017  4.68473E-019  2.94173E-025  1.00000E-040  3.43715E-025  4.79689E-017  6.52689E-013  7.24172E-006  9.99266E-001  2.85278E-016  6.40459E-022  8.02347E-019  8.00238E-024  3.01373E-027  5.00292E-022  1.21875E-019  4.35980E-011  3.11812E-018  3.80481E-014  1.47105E-014  5.56170E-013  1.33958E-020  2.19711E-011  4.65445E-017  8.40569E-023  8.28835E-022  6.00206E-015  1.24531E-025  1.13624E-021  1.15799E-033  7.96472E-033  1.00000E-040  1.00000E-040  1.42058E-039  1.70083E-025  2.45457E-019  2.43011E-015  1.95218E-021  6.82189E-023  3.19252E-037  4.10295E-040  1.34520E-030  1.34106E-035  2.36047E-030  2.76470E-030  9.44312E-027  1.67469E-025  2.09925E-018  6.70269E-020  1.99373E-021  1.44750E-023  1.97610E-027  6.79329E-021  3.05704E-021  5.71503E-019  8.51007E-025  1.01068E-031  5.87452E-013  3.58104E-036  2.16000E-025  3.03751E-023  7.81113E-018  2.74115E-032  1.11835E-026  2.67987E-032  1.83906E-014  1.00000E-040  1.74101E-014  3.17865E-039  3.93610E-033  3.36419E-019  4.95524E-013  4.18656E-024  3.64805E-016  4.51105E-029  1.00000E-003  1.00000E-005  1.00000E-005  1.00000E-005  1.00000E-005  1.00000E-005  1.00000E-005  1.00000E-005  1.00000E-005  1.00000E-005  1.00000E-005  1.00000E-005  1.00000E-005  1.00000E-005  1.00000E-005  1.00000E-005  
7.35000E+001  4.24916E-006  1.08752E+014  2.82998E+002  3.44491E+005  1.00000E-040  1.00000E-040  1.00000E-040  1.00000E-040  1.00000E-040  1.00000E-040  1.00000E-040  1.00000E-040  1.00000E-040  1.00000E-040  1.00000E-040  1.00000E-040  1.00000E-040  1.00000E-040  9.09691E-026  1.00000E-040  1.25164E-040  2.68816E-006  1.17093E-006  1.46492E-009  3.01455E-012  4.27676E-004  4.37003E-005  8.20615E-005  1.82065E-004  2.76904E-016  2.14182E-014  5.79229E-012  4.77934E-015  3.20655E-017  3.03971E-017  1.23038E-010  2.83509E-019  1.00000E-040  1.00000E-040  1.00000E-040  1.62909E-031  1.34473E-032  4.87604E-028  1.11287E-017  3.29408E-019  4.09079E-025  1.00000E-040  2.70011E-025  9.48989E-017  6.57187E-013  8.62578E-006  9.99252E-001  3.17570E-016  1.00412E-021  1.04693E-018  2.16201E-023  3.50543E-027  4.97755E-022  1.43778E-019  6.02971E-011  4.04856E-018  2.87142E-014  1.99500E-014  5.53388E-013  4.88353E-021  1.34391E-011  5.27734E-017  7.68912E-023  5.00336E-022  2.87178E-015  7.98553E-026  7.18058E-022  1.03029E-033  8.04697E-033  1.00000E-040  1.00000E-040  2.24973E-039  1.67930E-025  1.32490E-019  1.84012E-015  1.16363E-021  5.01191E-023  7.11612E-038  3.40763E-040  1.04798E-030  1.00000E-040  1.61632E-030  3.38562E-030  1.25732E-026  1.43057E-025  3.34720E-018  6.30648E-020  2.78867E-021  2.85140E-023  1.57585E-027  5.81987E-021  2.52821E-021  6.58137E-019  2.35285E-024  8.54469E-032  3.23434E-013  2.05672E-036  1.84594E-025  1.98262E-023  3.69969E-018  1.98934E-032  6.71252E-027  1.21188E-032  2.06010E-014  1.00000E-040  1.38151E-014  3.43760E-039  2.53037E-033  2.09878E-019  8.84519E-013  5.66270E-024  2.87395E-016  6.16875E-029  1.00000E-003  1.00000E-005  1.00000E-005  1.00000E-005  1.00000E-005  1.00000E-005  1.00000E-005  1.00000E-005  1.00000E-005  1.00000E-005  1.00000E-005  1.00000E-005  1.00000E-005  1.00000E-005  1.00000E-005  1.00000E-005  
7.45000E+001  3.80204E-006  9.14725E+013  3.01053E+002  3.54491E+005  1.00000E-040  1.00000E-040  1.00000E-040  1.00000E-040  1.00000E-040  1.00000E-040  1.00000E-040  1.00000E-040  1.00000E-040  1.00000E-040  1.00000E-040  1.00000E-040  1.00000E-040  1.00000E-040  8.81103E-026  1.00000E-040  1.28614E-040  2.94790E-006  1.04752E-006  1.12632E-009  3.04202E-012  4.47315E-004  3.78752E-005  8.68212E-005  1.75485E-004  3.12504E-016  1.67163E-014  9.46213E-012  8.27026E-015  2.90565E-017  3.29241E-017  9.32178E-011  3.77810E-019  2.23698E-037  1.07533E-036  1.00000E-040  1.45171E-031  5.72163E-033  4.19749E-028  1.10002E-017  2.22189E-019  5.37505E-025  1.00000E-040  1.78402E-025  1.87594E-016  6.63756E-013  1.01843E-005  9.99238E-001  3.47817E-016  1.99406E-021  1.42485E-018  5.84317E-023  3.65713E-027  4.36896E-022  1.58455E-019  1.08500E-010  5.07358E-018  2.06429E-014  2.67119E-014  5.60279E-013  1.76519E-021  7.32624E-012  7.46768E-017  8.31824E-023  2.90773E-022  1.16560E-015  6.19040E-026  4.55406E-022  9.23560E-034  8.10784E-033  1.26715E-040  1.00000E-040  3.83772E-039  1.65607E-025  6.29666E-020  1.39370E-015  6.90784E-022  3.84063E-023  2.43281E-038  2.58630E-040  8.38952E-031  1.00000E-040  9.74363E-031  3.72717E-030  1.59864E-026  1.38413E-025  5.25046E-018  5.97575E-020  3.63097E-021  8.22518E-023  1.19591E-027  5.08945E-021  2.13775E-021  8.78363E-019  7.14819E-024  7.21207E-032  1.20291E-013  9.85471E-037  1.78579E-025  1.35368E-023  1.57698E-018  1.35119E-032  4.12867E-027  5.40967E-033  2.36468E-014  1.00000E-040  1.03099E-014  7.11128E-039  1.37350E-033  1.18720E-019  1.50206E-012  9.86884E-024  2.22861E-016  7.86910E-029  1.00000E-003  1.00000E-005  1.00000E-005  1.00000E-005  1.00000E-005  1.00000E-005  1.00000E-005  1.00000E-005  1.00000E-005  1.00000E-005  1.00000E-005  1.00000E-005  1.00000E-005  1.00000E-005  1.00000E-005  1.00000E-005  
7.55000E+001  3.42439E-006  7.77133E+013  3.19157E+002  3.64489E+005  1.00000E-040  1.00000E-040  1.00000E-040  1.00000E-040  1.00000E-040  1.00000E-040  1.00000E-040  1.00000E-040  1.00000E-040  1.00000E-040  1.00000E-040  1.00000E-040  1.00000E-040  1.00000E-040  8.32760E-026  1.00000E-040  1.32372E-040  3.21934E-006  9.15874E-007  8.69353E-010  3.56329E-012  4.66437E-004  3.24923E-005  9.14778E-005  1.68920E-004  3.55624E-016  1.37841E-014  1.51400E-011  1.35224E-014  2.27993E-017  3.64502E-017  6.88921E-011  5.00198E-019  3.39245E-036  1.48436E-036  3.26750E-036  1.28111E-031  2.56995E-033  3.67717E-028  1.07986E-017  1.51420E-019  7.01497E-025  1.00000E-040  1.21332E-025  3.49741E-016  6.67600E-013  1.19659E-005  9.99225E-001  3.80383E-016  2.70191E-021  1.71091E-018  1.46601E-022  3.66196E-027  3.72040E-022  1.62603E-019  1.80989E-010  5.98162E-018  1.48289E-014  1.97588E-014  5.72718E-013  7.41411E-022  4.05969E-012  9.89912E-017  8.55869E-023  1.63169E-022  3.96643E-016  5.51107E-026  2.89121E-022  8.22248E-034  8.16130E-033  1.00000E-040  1.00000E-040  3.87816E-039  1.63122E-025  2.57530E-020  1.05216E-015  3.57606E-022  2.41837E-023  9.50610E-039  2.07899E-040  6.57309E-031  8.44037E-037  6.01536E-031  3.54697E-030  1.87487E-026  1.07161E-025  7.66372E-018  5.44282E-020  4.53703E-021  2.04039E-022  9.28244E-028  4.39942E-021  1.76433E-021  1.18303E-018  1.81440E-023  6.06356E-032  2.40308E-014  5.60194E-037  1.38337E-025  7.91631E-024  6.04104E-019  1.02034E-032  2.63269E-027  2.90139E-033  2.67203E-014  1.00000E-040  7.12947E-015  1.40674E-038  6.95545E-034  6.46458E-020  2.38183E-012  1.54004E-023  1.68616E-016  9.14264E-029  1.00000E-003  1.00000E-005  1.00000E-005  1.00000E-005  1.00000E-005  1.00000E-005  1.00000E-005  1.00000E-005  1.00000E-005  1.00000E-005  1.00000E-005  1.00000E-005  1.00000E-005  1.00000E-005  1.00000E-005  1.00000E-005  
7.65000E+001  3.10233E-006  6.66249E+013  3.37262E+002  3.74490E+005  1.00000E-040  1.00000E-040  1.00000E-040  1.00000E-040  1.00000E-040  1.00000E-040  1.00000E-040  1.00000E-040  1.00000E-040  1.00000E-040  1.00000E-040  1.00000E-040  1.00000E-040  1.00000E-040  7.61064E-026  1.00000E-040  1.36431E-040  3.49443E-006  7.80442E-007  6.74066E-010  4.52779E-012  4.85059E-004  2.75264E-005  9.59882E-005  1.62432E-004  4.02339E-016  1.17065E-014  2.39804E-011  1.96973E-014  1.68679E-017  4.03444E-017  4.93775E-011  6.60441E-019  1.00000E-040  1.00000E-040  1.00000E-040  1.12018E-031  1.23697E-033  3.27018E-028  1.05256E-017  1.06643E-019  9.16239E-025  1.00000E-040  8.71464E-026  5.81736E-016  6.63339E-013  1.40297E-005  9.99211E-001  4.12892E-016  2.62580E-021  1.75513E-018  3.25251E-022  3.27430E-027  2.84802E-022  1.45532E-019  2.79647E-010  6.72123E-018  1.05895E-014  7.76998E-015  5.86442E-013  4.34447E-022  2.28111E-012  1.22751E-016  8.35363E-023  8.93050E-023  1.13267E-016  5.22358E-026  1.83941E-022  7.19508E-034  8.21380E-033  1.00000E-040  1.00000E-040  2.38941E-039  1.60492E-025  8.95396E-021  7.90740E-016  1.62969E-022  1.24332E-023  3.53612E-039  2.00613E-040  5.48583E-031  2.53050E-037  3.80025E-031  3.19604E-030  1.90163E-026  6.62431E-026  9.96771E-018  4.74527E-020  5.12119E-021  4.69202E-022  7.32124E-028  3.75759E-021  1.42656E-021  1.58006E-018  3.73999E-023  5.25822E-032  2.20470E-015  3.25094E-037  8.55673E-026  4.01215E-024  2.09545E-019  7.47960E-033  1.69500E-027  1.78232E-033  2.97656E-014  1.00000E-040  4.51576E-015  2.13214E-038  3.59059E-034  3.41708E-020  3.57339E-012  2.15488E-023  1.23464E-016  9.19687E-029  1.00000E-003  1.00000E-005  1.00000E-005  1.00000E-005  1.00000E-005  1.00000E-005  1.00000E-005  1.00000E-005  1.00000E-005  1.00000E-005  1.00000E-005  1.00000E-005  1.00000E-005  1.00000E-005  1.00000E-005  1.00000E-005  
7.75000E+001  2.82529E-006  5.75840E+013  3.55367E+002  3.84490E+005  1.00000E-040  1.00000E-040  1.00000E-040  1.00000E-040  1.00000E-040  1.00000E-040  1.00000E-040  1.00000E-040  1.00000E-040  1.00000E-040  1.00000E-040  1.00000E-040  1.00000E-040  1.00000E-040  6.64843E-026  1.00000E-040  1.40785E-040  3.76411E-006  6.46428E-007  5.25355E-010  5.83545E-012  5.03183E-004  2.29621E-005  1.00318E-004  1.56072E-004  4.26358E-016  9.95455E-015  3.81333E-011  2.31282E-014  1.21031E-017  4.35860E-017  3.41191E-011  8.72817E-019  1.33623E-034  4.10617E-035  1.50521E-034  9.71105E-032  6.36934E-034  2.94579E-028  1.01775E-017  7.82965E-020  1.21039E-024  1.00000E-040  6.59396E-026  7.89396E-016  6.44985E-013  1.64600E-005  9.99197E-001  4.43302E-016  2.28320E-021  1.53112E-018  5.85417E-022  2.35638E-027  1.74738E-022  1.02110E-019  4.01965E-010  7.27223E-018  7.47636E-015  2.06870E-015  5.97572E-013  3.50067E-022  1.29392E-012  1.42863E-016  7.75027E-023  4.82559E-023  2.73239E-017  4.92590E-026  1.17404E-022  6.14613E-034  8.26591E-033  1.00000E-040  1.00000E-040  1.17849E-039  1.57733E-025  2.62975E-021  5.90818E-016  6.62125E-023  5.21483E-024  1.08757E-039  2.17122E-040  4.38451E-031  7.15217E-038  2.45224E-031  2.82212E-030  1.50068E-026  3.27783E-026  1.06385E-017  3.94255E-020  4.71674E-021  1.00660E-021  5.82545E-028  3.16963E-021  1.13849E-021  2.05195E-018  6.28523E-023  4.81351E-032  8.99483E-017  1.59554E-037  4.23673E-026  1.78768E-024  6.64729E-020  4.47232E-033  1.07023E-027  1.17654E-033  3.27391E-014  1.00000E-040  2.59465E-015  4.38131E-038  1.70694E-034  1.75155E-020  5.12398E-012  2.70354E-023  8.66813E-017  7.61658E-029  1.00000E-003  1.00000E-005  1.00000E-005  1.00000E-005  1.00000E-005  1.00000E-005  1.00000E-005  1.00000E-005  1.00000E-005  1.00000E-005  1.00000E-005  1.00000E-005  1.00000E-005  1.00000E-005  1.00000E-005  1.00000E-005  
7.85000E+001  2.58517E-006  5.01112E+013  3.73655E+002  3.94490E+005  1.00000E-040  1.00000E-040  1.00000E-040  1.00000E-040  1.00000E-040  1.00000E-040  1.00000E-040  1.00000E-040  1.00000E-040  1.00000E-040  1.00000E-040  1.00000E-040  1.00000E-040  1.00000E-040  5.47992E-026  1.00000E-040  1.45426E-040  4.01936E-006  5.19149E-007  4.11813E-010  7.34479E-012  5.20788E-004  1.87967E-005  1.04440E-004  1.49882E-004  4.07155E-016  8.28946E-015  6.12398E-011  2.07217E-014  8.47767E-018  4.52104E-017  2.25934E-011  1.15810E-018  1.00000E-040  2.89348E-035  1.00000E-040  8.35336E-032  3.54242E-034  2.68392E-028  9.74124E-018  5.97793E-020  1.61834E-024  1.00000E-040  5.21031E-026  8.48421E-016  6.07710E-013  1.93639E-005  9.99182E-001  4.69625E-016  1.89178E-021  1.13810E-018  8.13848E-022  1.31646E-027  8.01769E-023  5.27659E-020  5.42133E-010  7.63983E-018  5.18511E-015  5.42068E-016  6.02979E-013  3.22665E-022  7.35540E-013  1.57096E-016  6.86434E-023  2.60641E-023  5.62367E-018  4.43951E-026  7.52693E-023  5.10646E-034  8.31475E-033  1.69795E-040  1.00000E-040  5.18770E-040  1.54865E-025  6.50537E-022  4.38325E-016  2.43119E-023  1.79138E-024  2.54222E-040  2.01667E-040  3.76846E-031  2.39960E-038  1.60888E-031  2.45178E-030  8.66814E-027  1.30877E-026  9.09013E-018  3.10880E-020  3.34618E-021  1.98077E-021  4.63734E-028  2.64046E-021  9.08672E-022  2.55817E-018  8.72547E-023  4.83789E-032  1.68628E-018  5.89973E-038  1.69286E-026  7.12369E-025  1.94938E-020  1.94674E-033  6.47062E-028  7.90615E-034  3.56338E-014  1.00000E-040  1.34069E-015  5.53144E-038  9.49884E-035  8.66222E-021  7.08096E-012  3.04827E-023  5.77635E-017  5.26521E-029  1.00000E-003  1.00000E-005  1.00000E-005  1.00000E-005  1.00000E-005  1.00000E-005  1.00000E-005  1.00000E-005  1.00000E-005  1.00000E-005  1.00000E-005  1.00000E-005  1.00000E-005  1.00000E-005  1.00000E-005  1.00000E-005  
7.95000E+001  2.37574E-006  4.38492E+013  3.92423E+002  4.04490E+005  1.00000E-040  1.00000E-040  1.00000E-040  1.00000E-040  1.00000E-040  1.00000E-040  1.00000E-040  1.00000E-040  1.00000E-040  1.00000E-040  1.00000E-040  1.00000E-040  1.00000E-040  1.00000E-040  4.19786E-026  1.00000E-040  1.50346E-040  4.25222E-006  4.03390E-007  3.24838E-010  8.89527E-012  5.37833E-004  1.50410E-005  1.08337E-004  1.43895E-004  3.64517E-016  6.66187E-015  9.88493E-011  1.52316E-014  5.80288E-018  4.46206E-017  1.42579E-011  1.54544E-018  1.00000E-040  1.00000E-040  1.00000E-040  7.13633E-032  2.22230E-034  2.47542E-028  9.19322E-018  4.68874E-020  2.16483E-024  1.00000E-040  4.26228E-026  8.15132E-016  5.49676E-013  2.28664E-005  9.99167E-001  4.90668E-016  1.42027E-021  7.22856E-019  9.35014E-022  6.61306E-028  2.91542E-023  2.14229E-020  6.91777E-010  7.84482E-018  3.50900E-015  1.83215E-016  6.00428E-013  2.97868E-022  4.15398E-013  1.64197E-016  5.82353E-023  1.42272E-023  1.00453E-018  3.74829E-026  4.85372E-023  4.11887E-034  8.35611E-033  1.10944E-040  1.00000E-040  2.00043E-040  1.51906E-025  1.35426E-022  3.22582E-016  8.18766E-024  5.07706E-025  1.00000E-040  1.45979E-040  3.15902E-031  7.19456E-039  1.06729E-031  2.12126E-030  3.91514E-027  4.26438E-027  7.11238E-018  2.31789E-020  1.96001E-021  3.60841E-021  3.66400E-028  2.17299E-021  7.38775E-022  3.04178E-018  1.01288E-022  4.82793E-032  1.52132E-020  1.70161E-038  5.52612E-027  2.58482E-025  5.34564E-021  6.59043E-034  3.68154E-028  5.09252E-034  3.84799E-014  1.00000E-040  6.18188E-016  7.86335E-038  4.69763E-035  4.10621E-021  9.49359E-012  3.09473E-023  3.61605E-017  3.29657E-029  1.00000E-003  1.00000E-005  1.00000E-005  1.00000E-005  1.00000E-005  1.00000E-005  1.00000E-005  1.00000E-005  1.00000E-005  1.00000E-005  1.00000E-005  1.00000E-005  1.00000E-005  1.00000E-005  1.00000E-005  1.00000E-005  
8.05000E+001  2.19202E-006  3.86114E+013  4.11192E+002  4.06996E+005  1.00000E-040  1.00000E-040  1.00000E-040  1.00000E-040  1.00000E-040  1.00000E-040  1.00000E-040  1.00000E-040  1.00000E-040  1.00000E-040  1.00000E-040  1.00000E-040  1.00000E-040  1.00000E-040  2.92567E-026  1.00000E-040  1.55559E-040  4.45717E-006  3.02568E-007  2.57596E-010  1.01353E-011  5.54345E-004  1.16992E-005  1.12020E-004  1.38099E-004  3.23180E-016  5.05915E-015  1.60449E-010  1.06479E-014  3.82092E-018  4.08898E-017  8.51913E-012  2.07263E-018  1.00000E-040  7.61868E-036  6.57613E-036  6.05517E-032  1.70188E-034  2.31972E-028  8.49868E-018  3.69371E-020  2.88333E-024  1.00000E-040  3.63154E-026  8.44172E-016  4.72627E-013  2.71268E-005  9.99152E-001  5.07040E-016  9.18465E-022  3.90733E-019  1.02936E-021  3.98495E-028  9.69654E-024  7.88179E-021  8.24210E-010  7.88467E-018  2.30926E-015  7.91890E-017  5.88529E-013  2.56572E-022  2.32824E-013  1.61294E-016  4.69083E-023  7.89827E-024  1.63823E-019  2.91025E-026  3.14400E-023  3.21754E-034  8.38647E-033  1.03991E-040  1.00000E-040  1.00000E-040  1.48854E-025  2.37874E-023  2.34961E-016  2.55876E-024  1.18812E-025  1.00000E-040  1.00000E-040  2.51167E-031  2.17937E-039  7.20206E-032  1.78907E-030  1.59375E-027  1.13223E-027  6.07348E-018  1.62216E-020  1.10237E-021  6.04937E-021  2.85851E-028  1.76103E-021  6.15724E-022  3.36531E-018  9.78851E-023  4.84856E-032  7.05809E-023  4.35064E-039  1.48274E-027  8.58646E-026  1.38378E-021  2.01386E-034  1.92090E-028  2.84957E-034  4.12201E-014  1.00000E-040  2.52280E-016  1.05278E-037  2.31195E-035  1.86402E-021  1.23918E-011  2.77643E-023  2.10194E-017  1.99379E-029  1.00000E-003  1.00000E-005  1.00000E-005  1.00000E-005  1.00000E-005  1.00000E-005  1.00000E-005  1.00000E-005  1.00000E-005  1.00000E-005  1.00000E-005  1.00000E-005  1.00000E-005  1.00000E-005  1.00000E-005  1.00000E-005  
8.15000E+001  2.02986E-006  3.41944E+013  4.29960E+002  4.06996E+005  1.00000E-040  1.00000E-040  1.00000E-040  1.00000E-040  1.00000E-040  1.00000E-040  1.00000E-040  1.00000E-040  1.00000E-040  1.00000E-040  1.00000E-040  1.00000E-040  1.00000E-040  1.00000E-040  1.82293E-026  1.00000E-040  1.61085E-040  4.63145E-006  2.18573E-007  2.05085E-010  1.08125E-011  5.70347E-004  8.78520E-006  1.15503E-004  1.32479E-004  2.87814E-016  3.58562E-015  2.64753E-010  7.68664E-015  2.37629E-018  3.44385E-017  4.78557E-012  2.78496E-018  3.44125E-034  7.26362E-035  2.71086E-034  5.10245E-032  1.61044E-034  2.21299E-028  7.61425E-018  2.84083E-020  3.81915E-024  1.00000E-040  3.20068E-026  1.00983E-015  3.82806E-013  3.23102E-005  9.99136E-001  5.19898E-016  5.03286E-022  1.79051E-019  1.19176E-021  3.34810E-028  3.17601E-024  2.83168E-021  9.15278E-010  7.77356E-018  1.46746E-015  3.71286E-017  5.66892E-013  2.00905E-022  1.28378E-013  1.48520E-016  3.57504E-023  4.45839E-024  2.89571E-020  2.06038E-026  2.04110E-023  2.42885E-034  8.40301E-033  1.00000E-040  1.00000E-040  1.00000E-040  1.45705E-025  3.53628E-024  1.68953E-016  7.57212E-025  2.32136E-026  1.00000E-040  1.00000E-040  1.98320E-031  6.72369E-040  4.93573E-032  1.43287E-030  6.30684E-028  2.48120E-028  5.78908E-018  1.05905E-020  6.45947E-022  9.46435E-021  2.17558E-028  1.40250E-021  5.26972E-022  3.42836E-018  7.88831E-023  4.88205E-032  1.79522E-025  1.05932E-039  3.43966E-028  2.63939E-026  3.40628E-022  3.72231E-035  9.02314E-029  1.24674E-034  4.38855E-014  1.00000E-040  9.00054E-017  1.42965E-037  1.14305E-035  8.05747E-022  1.58105E-011  2.18671E-023  1.12058E-017  1.19446E-029  1.00000E-003  1.00000E-005  1.00000E-005  1.00000E-005  1.00000E-005  1.00000E-005  1.00000E-005  1.00000E-005  1.00000E-005  1.00000E-005  1.00000E-005  1.00000E-005  1.00000E-005  1.00000E-005  1.00000E-005  1.00000E-005  
8.25000E+001  1.88595E-006  3.04414E+013  4.48728E+002  4.06996E+005  1.00000E-040  1.00000E-040  1.00000E-040  1.00000E-040  1.00000E-040  1.00000E-040  1.00000E-040  1.00000E-040  1.00000E-040  1.00000E-040  1.00000E-040  1.00000E-040  1.00000E-040  1.00000E-040  9.99961E-027  1.00000E-040  1.66923E-040  4.77443E-006  1.51979E-007  1.63913E-010  1.07991E-011  5.85769E-004  6.33159E-006  1.18777E-004  1.27053E-004  2.57296E-016  2.35596E-015  4.48844E-010  5.93441E-015  1.38398E-018  2.65307E-017  2.51767E-012  3.71350E-018  1.00000E-040  6.19939E-036  8.35517E-035  4.27622E-032  1.73395E-034  2.14786E-028  6.51194E-018  2.07451E-020  5.00298E-024  1.00000E-040  2.87978E-026  1.35095E-015  2.90129E-013  3.85305E-005  9.99119E-001  5.30525E-016  2.31437E-022  6.92766E-020  1.51880E-021  3.67454E-028  1.05633E-024  1.02467E-021  9.45935E-010  7.54154E-018  8.95411E-016  1.68259E-017  5.36316E-013  1.41980E-022  6.90888E-014  1.27915E-016  2.57032E-023  2.55203E-024  7.75517E-021  1.32826E-026  1.32827E-023  1.77164E-034  8.40416E-033  1.00000E-040  1.00000E-040  1.00000E-040  1.42476E-025  4.49438E-025  1.19899E-016  2.19271E-025  3.88032E-027  1.00000E-040  1.00000E-040  1.55192E-031  2.10695E-040  3.43058E-032  1.08699E-030  2.50631E-028  4.60568E-029  5.75180E-018  6.43041E-021  4.08114E-022  1.39820E-020  1.58967E-028  1.09794E-021  4.60632E-022  3.19309E-018  5.30647E-023  4.88087E-032  4.79021E-028  2.58703E-040  8.17633E-029  7.61981E-027  8.06564E-023  1.41019E-035  3.77127E-029  4.07598E-035  4.65683E-014  1.00000E-040  2.76353E-017  1.66631E-037  5.66665E-036  3.30622E-022  1.97821E-011  1.50733E-023  5.43294E-018  7.16299E-030  1.00000E-003  1.00000E-005  1.00000E-005  1.00000E-005  1.00000E-005  1.00000E-005  1.00000E-005  1.00000E-005  1.00000E-005  1.00000E-005  1.00000E-005  1.00000E-005  1.00000E-005  1.00000E-005  1.00000E-005  1.00000E-005  
8.35000E+001  1.75760E-006  2.72307E+013  4.67496E+002  4.06996E+005  1.00000E-040  1.00000E-040  1.00000E-040  1.00000E-040  1.00000E-040  1.00000E-040  1.00000E-040  1.00000E-040  1.00000E-040  1.00000E-040  1.00000E-040  1.00000E-040  1.00000E-040  1.00000E-040  4.76728E-027  1.00000E-040  1.73059E-040  4.88794E-006  1.01812E-007  1.31543E-010  1.01263E-011  6.00547E-004  4.35652E-006  1.21833E-004  1.21847E-004  2.31191E-016  1.43134E-015  7.90899E-010  4.98387E-015  7.53102E-019  1.86753E-017  1.23879E-012  4.83854E-018  1.00000E-040  1.65212E-035  2.83934E-035  3.57371E-032  1.90679E-034  2.10882E-028  5.21612E-018  1.40368E-020  6.42812E-024  1.00000E-040  2.59678E-026  1.91635E-015  2.04945E-013  4.58369E-005  9.99101E-001  5.40000E-016  8.79642E-023  2.24071E-020  2.19230E-021  4.74221E-028  3.62082E-025  3.79257E-022  9.08370E-010  7.22281E-018  5.22144E-016  7.04048E-018  4.98668E-013  9.06559E-023  3.60253E-014  1.02833E-016  1.73841E-023  1.47489E-024  3.19762E-021  7.81844E-027  8.67083E-024  1.24998E-034  8.38978E-033  1.00000E-040  1.00000E-040  1.00000E-040  1.39189E-025  4.94634E-026  8.40526E-017  6.52293E-026  5.82021E-028  1.00000E-040  1.00000E-040  1.20290E-031  1.00000E-040  2.41537E-032  7.57399E-031  1.01768E-028  7.60718E-030  5.59860E-018  3.62909E-021  2.82609E-022  1.96932E-020  1.09378E-028  8.46070E-022  4.06701E-022  2.70719E-018  2.97483E-023  4.79608E-032  6.88748E-029  1.00000E-040  2.70154E-029  2.09783E-027  1.85952E-023  8.96919E-037  1.39222E-029  1.03868E-035  4.93930E-014  1.00000E-040  7.09109E-018  1.98033E-037  2.81565E-036  1.28652E-022  2.43367E-011  9.09310E-024  2.38369E-018  4.32525E-030  1.00000E-003  1.00000E-005  1.00000E-005  1.00000E-005  1.00000E-005  1.00000E-005  1.00000E-005  1.00000E-005  1.00000E-005  1.00000E-005  1.00000E-005  1.00000E-005  1.00000E-005  1.00000E-005  1.00000E-005  1.00000E-005  
8.45000E+001  1.64253E-006  2.44870E+013  4.85842E+002  4.06996E+005  1.00000E-040  1.00000E-040  1.00000E-040  1.00000E-040  1.00000E-040  1.00000E-040  1.00000E-040  1.00000E-040  1.00000E-040  1.00000E-040  1.00000E-040  1.00000E-040  1.00000E-040  1.00000E-040  1.94946E-027  1.00000E-040  1.79483E-040  4.97564E-006  6.59353E-008  1.06011E-010  8.90251E-012  6.14675E-004  2.84815E-006  1.24665E-004  1.16879E-004  2.10328E-016  8.02466E-016  1.48524E-009  4.72788E-015  3.84401E-019  1.19684E-017  5.71749E-013  6.05383E-018  1.00000E-040  1.00000E-040  1.00000E-040  2.99314E-032  1.97422E-034  2.07278E-028  3.83999E-018  8.63366E-021  8.15558E-024  1.00000E-040  2.31465E-026  2.81164E-015  1.34859E-013  5.42079E-005  9.99082E-001  5.49315E-016  2.69029E-023  5.96648E-021  3.81599E-021  7.14330E-028  1.33633E-025  1.49743E-022  8.03780E-010  6.84269E-018  2.90370E-016  2.66532E-018  4.56494E-013  5.22369E-023  1.81560E-014  7.66473E-017  1.10027E-023  8.59643E-025  1.47329E-021  4.21373E-027  5.68054E-024  8.54887E-035  8.36111E-033  1.00000E-040  1.00000E-040  1.00000E-040  1.35862E-025  4.79610E-027  5.83163E-017  2.16003E-026  8.77142E-029  1.00000E-040  1.00000E-040  9.24106E-032  1.00000E-040  1.72939E-032  4.81063E-031  4.40761E-029  1.25232E-030  5.18450E-018  1.90853E-021  2.23160E-022  2.64498E-020  6.96384E-029  6.42676E-022  3.56446E-022  2.07350E-018  1.38337E-023  4.59804E-032  2.03108E-029  1.00000E-040  1.26726E-029  5.57197E-028  4.22555E-024  8.64185E-037  4.51416E-030  2.23370E-036  5.24308E-014  1.00000E-040  1.45197E-018  2.25604E-037  1.41444E-036  4.77895E-023  2.94788E-011  4.79787E-024  9.47786E-019  2.64458E-030  1.00000E-003  1.00000E-005  1.00000E-005  1.00000E-005  1.00000E-005  1.00000E-005  1.00000E-005  1.00000E-005  1.00000E-005  1.00000E-005  1.00000E-005  1.00000E-005  1.00000E-005  1.00000E-005  1.00000E-005  1.00000E-005  
8.55000E+001  1.53858E-006  2.22562E+013  5.00711E+002  4.06996E+005  1.00000E-040  1.00000E-040  1.00000E-040  1.00000E-040  1.00000E-040  1.00000E-040  1.00000E-040  1.00000E-040  1.00000E-040  1.00000E-040  1.00000E-040  1.00000E-040  1.00000E-040  1.00000E-040  6.71539E-028  1.00000E-040  1.86195E-040  5.04253E-006  4.15862E-008  8.58174E-011  7.06445E-012  6.28213E-004  1.76213E-006  1.27267E-004  1.12164E-004  1.99240E-016  4.08417E-016  3.22680E-009  5.99553E-015  1.87697E-019  6.74165E-018  2.51132E-013  7.18400E-018  1.00000E-040  1.93044E-036  1.00000E-040  2.54268E-032  1.77479E-034  2.02458E-028  2.56723E-018  4.76805E-021  1.10499E-023  1.00000E-040  2.08879E-026  4.37610E-015  8.31120E-014  6.35431E-005  9.99062E-001  5.61372E-016  6.47282E-024  1.32082E-021  1.02886E-020  1.51733E-027  6.54211E-026  7.65708E-023  6.26316E-010  6.39207E-018  1.55613E-016  8.95598E-019  4.12593E-013  2.64402E-023  9.04176E-015  5.12779E-017  6.39869E-024  5.09843E-025  6.30140E-022  2.07750E-027  3.73693E-024  5.68635E-035  8.32021E-033  1.00000E-040  1.00000E-040  1.00000E-040  1.32515E-025  4.28207E-028  4.01795E-017  9.75899E-027  1.87988E-029  1.00000E-040  1.00000E-040  7.04973E-032  1.00000E-040  1.30128E-032  2.83321E-031  2.44973E-029  2.88342E-031  4.54934E-018  9.42278E-022  2.41900E-022  3.24625E-020  4.09548E-029  4.80150E-022  2.95419E-022  1.37441E-018  5.34623E-024  4.28605E-032  5.87915E-030  1.00000E-040  6.24481E-030  1.42439E-028  9.64038E-025  1.00000E-040  1.26688E-030  4.63714E-037  5.53838E-014  1.00000E-040  2.35897E-019  2.46304E-037  7.60293E-037  1.75441E-023  3.50287E-011  2.17560E-024  3.48526E-019  1.65260E-030  1.00000E-003  1.00000E-005  1.00000E-005  1.00000E-005  1.00000E-005  1.00000E-005  1.00000E-005  1.00000E-005  1.00000E-005  1.00000E-005  1.00000E-005  1.00000E-005  1.00000E-005  1.00000E-005  1.00000E-005  1.00000E-005  
8.65000E+001  1.44401E-006  2.02857E+013  5.15580E+002  4.06996E+005  1.00000E-040  1.00000E-040  1.00000E-040  1.00000E-040  1.00000E-040  1.00000E-040  1.00000E-040  1.00000E-040  1.00000E-040  1.00000E-040  1.00000E-040  1.00000E-040  1.00000E-040  1.00000E-040  2.05312E-028  1.00000E-040  1.93202E-040  5.09419E-006  2.55730E-008  6.98108E-011  5.40395E-012  6.41300E-004  1.01850E-006  1.29637E-004  1.07709E-004  2.04611E-016  1.96681E-016  9.07335E-009  1.00833E-014  9.16835E-020  3.57464E-018  1.05156E-013  8.10660E-018  1.54502E-034  2.18169E-035  7.58264E-035  2.24247E-032  1.46210E-034  1.94160E-028  1.52473E-018  2.37477E-021  1.72771E-023  1.00000E-040  1.81682E-026  8.22864E-015  4.82178E-014  7.36738E-005  9.99042E-001  5.72077E-016  1.36273E-024  2.45816E-022  4.76686E-020  5.33983E-027  4.07793E-026  4.96566E-023  4.50533E-010  5.95329E-018  7.80380E-017  2.74203E-019  3.69649E-013  1.24223E-023  4.23877E-015  3.17646E-017  3.46039E-024  3.07097E-025  2.45528E-022  9.57333E-028  2.47068E-024  3.69329E-035  8.26943E-033  1.00000E-040  1.00000E-040  1.00000E-040  1.29159E-025  3.55390E-029  2.75301E-017  6.99596E-027  7.64881E-030  1.00000E-040  1.00000E-040  5.35562E-032  1.00000E-040  9.85722E-033  1.67271E-031  1.73179E-029  1.25710E-031  4.25539E-018  4.42455E-022  3.48991E-022  3.91003E-020  2.14897E-029  3.56025E-022  2.42838E-022  8.47973E-019  1.80249E-024  3.87670E-032  1.58522E-030  1.00000E-040  2.97599E-030  3.64660E-029  2.22266E-025  1.05835E-037  3.14841E-031  8.58300E-038  5.87508E-014  1.00000E-040  2.87441E-020  2.78080E-037  4.10003E-037  6.24719E-024  4.12109E-011  9.00718E-025  1.18760E-019  1.07122E-030  1.00000E-003  1.00000E-005  1.00000E-005  1.00000E-005  1.00000E-005  1.00000E-005  1.00000E-005  1.00000E-005  1.00000E-005  1.00000E-005  1.00000E-005  1.00000E-005  1.00000E-005  1.00000E-005  1.00000E-005  1.00000E-005  
8.75000E+001  1.35773E-006  1.85390E+013  5.30449E+002  4.06996E+005  1.00000E-040  1.00000E-040  1.00000E-040  1.00000E-040  1.00000E-040  1.00000E-040  1.00000E-040  1.00000E-040  1.00000E-040  1.00000E-040  1.00000E-040  1.00000E-040  1.00000E-040  1.00000E-040  5.60902E-029  1.00000E-040  2.00497E-040  5.13458E-006  1.53512E-008  5.70818E-011  3.99706E-012  6.54070E-004  5.38301E-007  1.31769E-004  1.03515E-004  2.34542E-016  8.98349E-017  2.82814E-008  1.92395E-014  4.92088E-020  1.78871E-018  4.20381E-014  8.75346E-018  1.00000E-040  1.00000E-040  1.09011E-035  2.15027E-032  1.11008E-034  1.82746E-028  7.81632E-019  1.07456E-021  2.59298E-023  1.00000E-040  1.53149E-026  1.57283E-014  2.64875E-014  8.44228E-005  9.99021E-001  5.80488E-016  3.03321E-025  3.94585E-023  2.77931E-019  2.27934E-026  2.77077E-026  3.49807E-023  2.93315E-010  5.53541E-018  3.58611E-017  7.89510E-020  3.29562E-013  5.50331E-024  1.82932E-015  1.78681E-017  1.70622E-024  1.88330E-025  8.56708E-023  4.18358E-028  1.64252E-024  2.34888E-035  8.21126E-033  1.00000E-040  1.00000E-040  1.00000E-040  1.25810E-025  2.76395E-030  1.87792E-017  6.62000E-027  4.34223E-030  1.00000E-040  1.00000E-040  4.06235E-032  1.00000E-040  7.51472E-033  1.11540E-031  1.33547E-029  7.59411E-032  3.79616E-018  1.98666E-022  5.72989E-022  4.63379E-020  9.78325E-030  2.62274E-022  1.97532E-022  4.87765E-019  5.55976E-025  3.40399E-032  4.00859E-031  1.00000E-040  1.32100E-030  9.40443E-030  5.20293E-026  4.25873E-038  6.79512E-032  1.43798E-038  6.25304E-014  1.00000E-040  2.48630E-021  4.00004E-037  2.22414E-037  2.15507E-024  4.80532E-011  3.41707E-025  3.75721E-020  7.28923E-031  1.00000E-003  1.00000E-005  1.00000E-005  1.00000E-005  1.00000E-005  1.00000E-005  1.00000E-005  1.00000E-005  1.00000E-005  1.00000E-005  1.00000E-005  1.00000E-005  1.00000E-005  1.00000E-005  1.00000E-005  1.00000E-005  
8.85000E+001  1.27881E-006  1.69852E+013  5.45318E+002  4.06996E+005  1.00000E-040  1.00000E-040  1.00000E-040  1.00000E-040  1.00000E-040  1.00000E-040  1.00000E-040  1.00000E-040  1.00000E-040  1.00000E-040  1.00000E-040  1.00000E-040  1.00000E-040  1.00000E-040  1.38733E-029  1.00000E-040  2.08077E-040  5.16664E-006  9.00697E-009  4.69272E-011  2.86737E-012  6.66643E-004  2.54673E-007  1.33653E-004  9.95795E-005  2.78300E-016  3.90078E-017  7.49035E-008  3.18853E-014  3.09017E-020  8.46944E-019  1.60714E-014  9.12252E-018  6.12125E-035  6.93829E-036  3.23513E-035  2.41389E-032  7.85121E-035  1.69142E-028  3.37223E-019  4.50140E-022  2.79089E-023  1.00000E-040  1.25997E-026  2.31118E-014  1.39104E-014  9.56222E-005  9.98999E-001  5.85945E-016  1.02132E-025  5.71333E-024  1.19672E-018  6.94154E-026  1.57598E-026  2.05382E-023  1.69535E-010  5.14428E-018  1.47860E-017  2.22363E-020  2.93466E-013  2.31683E-024  7.11258E-016  8.95547E-018  7.52448E-025  1.17899E-025  2.63653E-023  1.75978E-028  1.09847E-024  1.46600E-035  8.14779E-033  1.00000E-040  1.00000E-040  1.00000E-040  1.22480E-025  2.02964E-031  1.27674E-017  5.69593E-027  2.18628E-030  1.00000E-040  1.00000E-040  3.08404E-032  1.00000E-040  5.76420E-033  8.07283E-032  8.62918E-030  4.04732E-032  2.53846E-018  8.62834E-023  8.19300E-022  5.41448E-020  3.76589E-030  1.92163E-022  1.58906E-022  2.62277E-019  1.67620E-025  2.90696E-032  9.61000E-032  1.00000E-040  5.39326E-031  2.45489E-030  1.24132E-026  1.00000E-040  1.25091E-032  2.23156E-039  6.67117E-014  1.00000E-040  1.46307E-022  1.93000E-036  1.21656E-037  7.25394E-025  5.55830E-011  1.19243E-025  1.10634E-020  5.13045E-031  1.00000E-003  1.00000E-005  1.00000E-005  1.00000E-005  1.00000E-005  1.00000E-005  1.00000E-005  1.00000E-005  1.00000E-005  1.00000E-005  1.00000E-005  1.00000E-005  1.00000E-005  1.00000E-005  1.00000E-005  1.00000E-005  
8.95000E+001  1.20644E-006  1.55987E+013  5.60187E+002  4.06996E+005  1.00000E-040  1.00000E-040  1.00000E-040  1.00000E-040  1.00000E-040  1.00000E-040  1.00000E-040  1.00000E-040  1.00000E-040  1.00000E-040  1.00000E-040  1.00000E-040  1.00000E-040  1.00000E-040  3.18488E-030  1.00000E-040  2.15936E-040  5.19246E-006  5.17222E-009  3.88037E-011  2.00179E-012  6.79117E-004  1.07465E-007  1.35292E-004  9.58997E-005  3.07318E-016  1.61406E-017  1.54392E-007  4.19848E-014  2.07799E-020  3.80494E-019  5.88626E-015  9.27591E-018  6.06653E-035  6.21057E-036  2.95689E-035  3.45666E-032  5.31248E-035  1.54451E-028  1.23467E-019  1.79899E-022  1.98899E-023  1.00000E-040  1.01913E-026  2.41519E-014  7.11590E-015  1.07134E-004  9.98977E-001  5.88142E-016  5.67748E-026  7.82654E-025  3.18806E-018  1.26668E-025  6.86934E-027  9.20671E-024  8.69908E-011  4.78307E-018  5.45044E-018  6.32282E-021  2.61813E-013  9.32853E-025  2.48121E-016  3.99941E-018  2.96745E-025  7.53685E-026  7.15500E-024  7.24887E-029  7.39310E-025  9.00458E-036  8.08069E-033  1.00000E-040  1.00000E-040  1.00000E-040  1.19181E-025  1.41751E-032  8.66151E-018  3.87860E-027  8.52940E-031  1.00000E-040  1.00000E-040  2.34822E-032  1.00000E-040  4.44767E-033  5.38558E-032  4.28371E-030  1.66179E-032  1.20527E-018  3.68991E-023  9.32983E-022  6.24846E-020  1.23317E-030  1.40195E-022  1.26487E-022  1.32277E-019  5.51252E-026  2.42084E-032  2.22917E-032  1.00000E-040  2.02241E-031  6.51144E-031  3.02800E-027  1.05173E-036  1.95496E-033  3.31544E-040  7.12647E-014  1.00000E-040  5.71582E-024  2.87724E-035  6.72246E-038  2.41382E-025  6.38274E-011  3.84287E-026  3.04075E-021  3.59499E-031  1.00000E-003  1.00000E-005  1.00000E-005  1.00000E-005  1.00000E-005  1.00000E-005  1.00000E-005  1.00000E-005  1.00000E-005  1.00000E-005  1.00000E-005  1.00000E-005  1.00000E-005  1.00000E-005  1.00000E-005  1.00000E-005  
9.05000E+001  1.13993E-006  1.43577E+013  5.75056E+002  4.06996E+005  1.00000E-040  1.00000E-040  1.00000E-040  1.00000E-040  1.00000E-040  1.00000E-040  1.00000E-040  1.00000E-040  1.00000E-040  1.00000E-040  1.00000E-040  1.00000E-040  1.00000E-040  1.00000E-040  7.09303E-031  1.00000E-040  2.24069E-040  5.21344E-006  2.91163E-009  3.22917E-011  1.36580E-012  6.91567E-004  4.12003E-008  1.36706E-004  9.24693E-005  3.06215E-016  6.38021E-018  2.57158E-007  4.55490E-014  1.34405E-020  1.62633E-019  2.06941E-015  9.30713E-018  2.31447E-034  2.11222E-035  1.02416E-034  6.76710E-032  4.25705E-035  1.39809E-028  4.00490E-020  7.05894E-023  1.01710E-023  1.00000E-040  8.17369E-027  1.93897E-014  3.67654E-015  1.18858E-004  9.98955E-001  5.87104E-016  4.12335E-026  1.04776E-025  5.65697E-018  1.49467E-025  2.37967E-027  3.27175E-024  4.06239E-011  4.45289E-018  1.82958E-018  1.84256E-021  2.34536E-013  3.61835E-025  7.90370E-017  1.63157E-018  1.07265E-025  4.91164E-026  1.74722E-024  2.97258E-029  5.00936E-025  5.45242E-036  8.01120E-033  1.00000E-040  1.00000E-040  1.00000E-040  1.15924E-025  9.48312E-034  5.87132E-018  2.14249E-027  2.64526E-031  1.00000E-040  1.00000E-040  1.79636E-032  1.00000E-040  3.45141E-033  3.18224E-032  1.69747E-030  5.42045E-033  4.85106E-019  1.58689E-023  8.77341E-022  7.13153E-020  3.57983E-031  1.01982E-022  9.97459E-023  6.28090E-020  2.33948E-026  1.97250E-032  5.20131E-033  1.00000E-040  7.03609E-032  1.76055E-031  7.57168E-028  1.00000E-040  2.65717E-034  1.00000E-040  7.61341E-014  1.00000E-040  1.48124E-025  4.95066E-034  3.75845E-038  8.07354E-026  7.28128E-011  1.14843E-026  7.82576E-022  2.45985E-031  1.00000E-003  1.00000E-005  1.00000E-005  1.00000E-005  1.00000E-005  1.00000E-005  1.00000E-005  1.00000E-005  1.00000E-005  1.00000E-005  1.00000E-005  1.00000E-005  1.00000E-005  1.00000E-005  1.00000E-005  1.00000E-005  
9.15000E+001  1.07867E-006  1.32437E+013  5.89925E+002  4.06996E+005  1.00000E-040  1.00000E-040  1.00000E-040  1.00000E-040  1.00000E-040  1.00000E-040  1.00000E-040  1.00000E-040  1.00000E-040  1.00000E-040  1.00000E-040  1.00000E-040  1.00000E-040  1.00000E-040  1.63405E-031  1.00000E-040  2.32471E-040  5.23050E-006  1.61085E-009  2.70672E-011  9.16055E-013  7.04039E-004  1.47924E-008  1.37921E-004  8.92810E-005  2.81440E-016  2.41694E-018  3.68915E-007  4.33420E-014  8.12292E-021  6.63549E-020  7.00187E-016  9.28625E-018  1.38893E-033  1.11174E-034  5.52865E-034  1.90477E-031  2.03893E-035  1.26013E-028  1.21211E-020  2.77177E-023  4.18832E-024  1.00000E-040  6.54800E-027  1.35099E-014  2.03778E-015  1.30733E-004  9.98932E-001  5.83080E-016  3.33046E-026  1.39497E-026  7.58537E-018  1.29811E-025  6.98373E-028  9.83215E-025  1.80132E-011  4.15456E-018  5.76432E-019  5.52651E-022  2.11279E-013  1.36430E-025  2.36751E-017  6.34266E-019  3.70635E-026  3.25703E-026  3.98297E-025  1.22825E-029  3.41842E-025  3.26614E-036  7.94025E-033  1.00000E-040  1.00000E-040  1.00000E-040  1.12718E-025  6.12126E-035  3.98374E-018  1.02118E-027  7.06696E-032  1.00000E-040  1.00000E-040  1.38283E-032  1.00000E-040  2.69298E-033  1.74389E-032  5.72963E-031  1.49690E-033  2.20181E-019  7.02129E-024  7.25231E-022  8.05894E-020  9.70160E-032  7.41015E-023  7.80840E-023  2.82047E-020  1.41994E-026  1.57914E-032  1.30215E-033  1.00000E-040  2.30473E-032  4.86554E-032  1.94521E-028  1.43721E-035  3.24368E-035  1.00000E-040  8.12663E-014  1.00000E-040  2.78373E-027  1.00000E-040  2.12889E-038  2.76701E-026  8.25654E-011  3.19726E-027  1.89313E-022  1.65345E-031  1.00000E-003  1.00000E-005  1.00000E-005  1.00000E-005  1.00000E-005  1.00000E-005  1.00000E-005  1.00000E-005  1.00000E-005  1.00000E-005  1.00000E-005  1.00000E-005  1.00000E-005  1.00000E-005  1.00000E-005  1.00000E-005  
9.25000E+001  1.02208E-006  1.22635E+013  6.03653E+002  4.06996E+005  1.00000E-040  1.00000E-040  1.00000E-040  1.00000E-040  1.00000E-040  1.00000E-040  1.00000E-040  1.00000E-040  1.00000E-040  1.00000E-040  1.00000E-040  1.00000E-040  1.00000E-040  1.00000E-040  4.10723E-032  1.00000E-040  2.41142E-040  5.24432E-006  8.80918E-010  2.28810E-011  6.02598E-013  7.16559E-004  5.15342E-009  1.38959E-004  8.63257E-005  2.49609E-016  8.77514E-019  4.79610E-007  3.89408E-014  4.70427E-021  2.57024E-020  2.29972E-016  9.24710E-018  3.52089E-034  2.41963E-035  1.22688E-034  2.33642E-032  1.26343E-035  1.13653E-028  3.58645E-021  1.10014E-023  1.53456E-024  1.00000E-040  5.32292E-027  9.16776E-015  1.29955E-015  1.42720E-004  9.98910E-001  5.77518E-016  2.81601E-026  1.89151E-027  8.70534E-018  9.34080E-026  1.89926E-028  2.72171E-025  7.94629E-012  3.88311E-018  1.77410E-019  1.70718E-022  1.91584E-013  5.03081E-026  6.96450E-018  2.47174E-019  1.29356E-026  2.20058E-026  8.91650E-026  5.14621E-030  2.35056E-025  1.94042E-036  7.86849E-033  1.00000E-040  1.00000E-040  1.00000E-040  1.09569E-025  3.86950E-036  2.71296E-018  4.54736E-028  1.71184E-032  1.00000E-040  1.00000E-040  1.07294E-032  1.00000E-040  2.13486E-033  9.36712E-033  1.77826E-031  3.81428E-034  1.35187E-019  3.27012E-024  5.70489E-022  8.91457E-020  2.58183E-032  5.38244E-023  6.01896E-023  1.19112E-020  1.11621E-026  1.24928E-032  3.82987E-034  1.00000E-040  7.21409E-033  1.37123E-032  5.15215E-029  1.00000E-040  3.69332E-036  1.00000E-040  8.64430E-014  1.00000E-040  8.26266E-029  1.00000E-040  1.24501E-038  1.00023E-026  9.29434E-011  8.30593E-028  4.35642E-023  1.10490E-031  1.00000E-003  1.00000E-005  1.00000E-005  1.00000E-005  1.00000E-005  1.00000E-005  1.00000E-005  1.00000E-005  1.00000E-005  1.00000E-005  1.00000E-005  1.00000E-005  1.00000E-005  1.00000E-005  1.00000E-005  1.00000E-005  
9.35000E+001  9.69502E-007  1.14427E+013  6.13674E+002  4.06996E+005  1.00000E-040  1.00000E-040  1.00000E-040  1.00000E-040  1.00000E-040  1.00000E-040  1.00000E-040  1.00000E-040  1.00000E-040  1.00000E-040  1.00000E-040  1.00000E-040  1.00000E-040  1.00000E-040  1.13428E-032  1.00000E-040  2.50104E-040  5.25570E-006  4.80243E-010  1.95415E-011  3.85538E-013  7.29156E-004  1.81738E-009  1.39835E-004  8.35917E-005  2.24792E-016  3.05260E-019  5.84248E-007  3.58384E-014  2.73863E-021  9.33855E-021  7.46438E-017  9.20220E-018  9.50218E-035  5.85688E-036  2.88042E-035  3.83672E-033  7.38871E-036  1.03209E-028  1.08405E-021  4.43282E-024  5.43119E-025  1.00000E-040  4.50098E-027  6.73745E-015  9.81276E-016  1.54803E-004  9.98887E-001  5.73078E-016  2.45831E-026  2.81891E-028  9.59101E-018  6.14399E-026  5.37918E-029  7.72126E-026  3.69624E-012  3.62998E-018  5.61831E-020  5.43556E-023  1.75009E-013  1.82571E-026  2.13741E-018  1.03242E-019  4.92295E-027  1.52025E-026  2.11021E-026  2.19081E-030  1.63016E-025  1.15085E-036  7.79627E-033  1.00000E-040  1.00000E-040  1.00000E-040  1.06478E-025  2.46801E-037  1.86093E-018  2.07348E-028  3.20526E-033  1.00000E-040  1.00000E-040  8.40835E-033  1.00000E-040  1.75822E-033  5.17350E-033  5.51348E-032  9.99193E-035  1.06892E-019  1.62879E-024  4.68826E-022  9.42267E-020  7.10052E-033  3.90612E-023  4.48306E-023  4.66642E-021  9.78611E-027  9.83150E-033  1.41862E-034  1.00000E-040  2.20154E-033  3.91370E-033  1.41450E-029  1.00000E-040  4.11183E-037  1.00000E-040  9.12095E-014  1.00000E-040  1.12717E-029  1.00000E-040  7.81933E-039  3.95408E-027  1.03534E-010  2.02311E-028  9.79267E-024  7.40030E-032  1.00000E-003  1.00000E-005  1.00000E-005  1.00000E-005  1.00000E-005  1.00000E-005  1.00000E-005  1.00000E-005  1.00000E-005  1.00000E-005  1.00000E-005  1.00000E-005  1.00000E-005  1.00000E-005  1.00000E-005  1.00000E-005  
9.45000E+001  9.20433E-007  1.06890E+013  6.23695E+002  4.06996E+005  1.00000E-040  1.00000E-040  1.00000E-040  1.00000E-040  1.00000E-040  1.00000E-040  1.00000E-040  1.00000E-040  1.00000E-040  1.00000E-040  1.00000E-040  1.00000E-040  1.00000E-040  1.00000E-040  3.41352E-033  1.00000E-040  2.59377E-040  5.26526E-006  2.61184E-010  1.69023E-011  2.52554E-013  7.41854E-004  6.84440E-010  1.40561E-004  8.10667E-005  1.98308E-016  1.05157E-019  6.80753E-007  3.17774E-014  1.56261E-021  3.34735E-021  2.39696E-017  9.15550E-018  6.01635E-034  3.16583E-035  1.66695E-034  1.58326E-032  4.27809E-036  9.38124E-029  3.50670E-022  1.81973E-024  1.96955E-025  1.00000E-040  3.81453E-027  5.37131E-015  8.38365E-016  1.66975E-004  9.98864E-001  5.66377E-016  2.16078E-026  5.76553E-029  9.73935E-018  3.70374E-026  1.46885E-029  2.09184E-026  2.04554E-012  3.42696E-018  1.90228E-020  1.79890E-023  1.61171E-013  6.78246E-027  7.01167E-019  5.14041E-020  2.23623E-027  1.06886E-026  5.85959E-027  9.49343E-031  1.14280E-025  6.86106E-037  7.72379E-033  3.71192E-040  1.00000E-040  1.00000E-040  1.03444E-025  1.59824E-038  1.28923E-018  9.10330E-029  1.06302E-033  1.00000E-040  1.00000E-040  6.67606E-033  1.00000E-040  1.45146E-033  2.86438E-033  1.63556E-032  2.50170E-035  1.00370E-019  8.69060E-025  3.71469E-022  9.92673E-020  2.09162E-033  2.85924E-023  3.36141E-023  1.79314E-021  8.90737E-027  7.72913E-033  6.12962E-035  1.00000E-040  6.67764E-034  1.15583E-033  4.02610E-030  1.00000E-040  4.83273E-038  1.00000E-040  9.61975E-014  1.00000E-040  2.39104E-030  1.00000E-040  4.99103E-039  1.69104E-027  1.14979E-010  4.80755E-029  2.15482E-024  4.99362E-032  1.00000E-003  1.00000E-005  1.00000E-005  1.00000E-005  1.00000E-005  1.00000E-005  1.00000E-005  1.00000E-005  1.00000E-005  1.00000E-005  1.00000E-005  1.00000E-005  1.00000E-005  1.00000E-005  1.00000E-005  1.00000E-005  
9.55000E+001  8.74586E-007  9.99598E+012  6.33715E+002  4.06996E+005  1.00000E-040  1.00000E-040  1.00000E-040  1.00000E-040  1.00000E-040  1.00000E-040  1.00000E-040  1.00000E-040  1.00000E-040  1.00000E-040  1.00000E-040  1.00000E-040  1.00000E-040  1.00000E-040  1.06271E-033  1.00000E-040  2.68965E-040  5.27308E-006  1.41971E-010  1.48513E-011  1.71494E-013  7.54651E-004  2.94024E-010  1.41145E-004  7.87415E-005  1.72898E-016  3.60569E-020  7.68231E-007  2.74794E-014  8.82934E-022  1.18534E-021  7.62429E-018  9.10824E-018  1.00000E-040  1.00000E-040  1.00000E-040  1.00000E-040  2.49313E-036  8.53721E-029  1.29017E-022  7.63473E-025  7.87557E-026  1.00000E-040  3.23978E-027  4.51621E-015  7.62724E-016  1.79226E-004  9.98840E-001  5.57752E-016  1.90419E-026  2.30639E-029  9.34321E-018  2.10147E-026  3.98163E-030  5.47839E-027  1.39604E-012  3.29709E-018  7.35511E-021  6.32177E-024  1.49749E-013  2.65904E-027  2.62201E-019  3.16283E-020  1.25711E-027  7.65445E-027  2.06766E-027  4.19245E-031  8.13140E-026  4.08188E-037  7.65124E-033  1.00000E-040  1.00000E-040  1.00000E-040  1.00472E-025  1.05818E-039  9.06701E-019  3.89674E-029  1.00000E-040  1.00000E-040  1.00000E-040  5.39365E-033  1.00000E-040  1.20097E-033  1.59089E-033  4.69783E-033  6.05967E-036  1.01678E-019  4.90054E-025  2.87266E-022  1.04250E-019  7.01505E-034  2.12185E-023  2.55056E-023  6.77266E-022  8.20206E-027  6.10626E-033  2.94331E-035  1.00000E-040  1.89177E-034  3.53125E-034  1.18770E-030  1.00000E-040  6.41336E-039  1.00000E-040  1.01426E-013  1.00000E-040  5.57366E-031  1.00000E-040  3.25115E-039  7.72144E-028  1.28072E-010  1.11705E-029  4.65102E-025  3.41493E-032  1.00000E-003  1.00000E-005  1.00000E-005  1.00000E-005  1.00000E-005  1.00000E-005  1.00000E-005  1.00000E-005  1.00000E-005  1.00000E-005  1.00000E-005  1.00000E-005  1.00000E-005  1.00000E-005  1.00000E-005  1.00000E-005  
9.65000E+001  8.31703E-007  9.35788E+012  6.43736E+002  4.06996E+005  1.00000E-040  1.00000E-040  1.00000E-040  1.00000E-040  1.00000E-040  1.00000E-040  1.00000E-040  1.00000E-040  1.00000E-040  1.00000E-040  1.00000E-040  1.00000E-040  1.00000E-040  1.00000E-040  3.32172E-034  1.00000E-040  2.78868E-040  5.27919E-006  7.74948E-011  1.33037E-011  1.22529E-013  7.67546E-004  1.52096E-010  1.41596E-004  7.66066E-005  1.49835E-016  1.24227E-020  8.46277E-007  2.33495E-014  4.99059E-022  4.15330E-022  2.40539E-018  9.06083E-018  3.42215E-034  1.28350E-035  7.01698E-035  5.93177E-033  1.49380E-036  7.77896E-029  5.73727E-023  3.28951E-025  3.71905E-026  1.00000E-040  2.75806E-027  3.93000E-015  7.09853E-016  1.91546E-004  9.98817E-001  5.47525E-016  1.68061E-026  1.62003E-029  8.59865E-018  1.14525E-026  1.14948E-030  1.39924E-027  1.16518E-012  3.40179E-018  3.42825E-021  2.47149E-024  1.40477E-013  1.13625E-027  1.18065E-019  2.38542E-020  8.67794E-028  5.61390E-027  9.70849E-028  1.89265E-031  5.91341E-026  2.49033E-037  7.57884E-033  1.71081E-040  1.00000E-040  1.00000E-040  9.75659E-026  1.00000E-040  6.53512E-019  1.64742E-029  4.22572E-035  1.00000E-040  1.00000E-040  4.45977E-033  1.00000E-040  9.95920E-034  8.90504E-034  1.31781E-033  1.43256E-036  1.05532E-019  2.88506E-025  2.18455E-022  1.09162E-019  2.84708E-034  1.61159E-023  1.97747E-023  2.51979E-022  7.58012E-027  4.88928E-033  1.53101E-035  1.00000E-040  5.88311E-035  1.11706E-034  3.63389E-031  1.00000E-040  1.01605E-039  1.00000E-040  1.06932E-013  1.00000E-040  1.46239E-031  1.11761E-037  2.17357E-039  3.71787E-028  1.50008E-010  2.54328E-030  9.86667E-026  2.38963E-032  1.00000E-003  1.00000E-005  1.00000E-005  1.00000E-005  1.00000E-005  1.00000E-005  1.00000E-005  1.00000E-005  1.00000E-005  1.00000E-005  1.00000E-005  1.00000E-005  1.00000E-005  1.00000E-005  1.00000E-005  1.00000E-005  
9.75000E+001  7.91551E-007  8.76960E+012  6.53756E+002  4.06996E+005  1.00000E-040  1.00000E-040  1.00000E-040  1.00000E-040  1.00000E-040  1.00000E-040  1.00000E-040  1.00000E-040  1.00000E-040  1.00000E-040  1.00000E-040  1.00000E-040  1.00000E-040  1.00000E-040  1.03106E-034  1.00000E-040  2.89089E-040  5.28359E-006  4.31038E-011  1.21972E-011  9.36666E-014  7.80535E-004  9.55119E-011  1.41922E-004  7.46529E-005  1.29551E-016  4.39810E-021  9.14650E-007  1.95896E-014  2.86261E-022  1.44503E-022  7.55044E-019  9.01342E-018  2.65294E-033  8.32341E-035  4.73922E-034  1.86802E-032  9.21142E-037  7.09728E-029  3.15987E-023  1.47442E-025  2.13557E-026  1.00000E-040  2.35368E-027  3.72265E-015  6.63891E-016  2.03911E-004  9.98793E-001  5.35991E-016  1.49063E-026  1.40559E-029  7.66713E-018  6.14426E-027  4.12672E-031  3.51313E-028  1.36654E-012  4.91134E-018  1.94200E-021  1.15838E-024  1.33134E-013  5.50084E-028  6.46390E-020  2.53692E-020  8.47331E-028  4.26160E-027  7.50033E-028  8.84963E-032  4.44437E-026  1.56131E-037  7.50670E-033  1.00000E-040  1.00000E-040  1.00000E-040  9.47279E-026  1.00000E-040  4.90815E-019  7.02449E-030  1.31339E-035  1.00000E-040  1.00000E-040  3.80113E-033  1.00000E-040  8.27698E-034  5.08081E-034  3.63816E-034  3.33176E-037  1.09895E-019  1.76843E-025  1.64158E-022  1.13984E-019  1.43292E-034  1.27377E-023  1.59297E-023  9.27133E-023  7.02269E-027  4.01517E-033  8.61498E-036  1.00000E-040  1.73132E-035  3.66729E-035  1.15583E-031  1.00000E-040  1.94423E-040  1.00000E-040  1.12850E-013  1.00000E-040  4.64909E-032  7.46271E-037  1.50202E-039  1.88006E-028  2.40007E-010  5.68729E-031  2.06178E-026  1.73991E-032  1.00000E-003  1.00000E-005  1.00000E-005  1.00000E-005  1.00000E-005  1.00000E-005  1.00000E-005  1.00000E-005  1.00000E-005  1.00000E-005  1.00000E-005  1.00000E-005  1.00000E-005  1.00000E-005  1.00000E-005  1.00000E-005  
9.85000E+001  7.53916E-007  8.22654E+012  6.63777E+002  4.06996E+005  1.00000E-040  1.00000E-040  1.00000E-040  1.00000E-040  1.00000E-040  1.00000E-040  1.00000E-040  1.00000E-040  1.00000E-040  1.00000E-040  1.00000E-040  1.00000E-040  1.00000E-040  1.00000E-040  3.16373E-035  1.00000E-040  2.99631E-040  5.28629E-006  2.55665E-011  1.14899E-011  7.80007E-014  7.93616E-004  7.05701E-011  1.42131E-004  7.28715E-005  1.12016E-016  1.70731E-021  9.72971E-007  1.62747E-014  1.71609E-022  5.10948E-023  2.41093E-019  8.96609E-018  6.55608E-035  1.63132E-036  9.13079E-036  1.82511E-034  5.88901E-037  6.48399E-029  2.11002E-023  7.18906E-026  1.46401E-026  1.00000E-040  2.01350E-027  5.40573E-015  6.22387E-016  2.16190E-004  9.98769E-001  5.23306E-016  1.37921E-026  1.30457E-029  6.66422E-018  3.41732E-027  2.17167E-031  8.88941E-029  3.59456E-012  1.59869E-017  1.29582E-021  6.94408E-025  1.27544E-013  3.16695E-028  4.17449E-020  6.07856E-020  1.87140E-027  3.40274E-027  1.46117E-027  4.51459E-032  3.50704E-026  1.04960E-037  7.43496E-033  1.00000E-040  1.00000E-040  1.00000E-040  9.19596E-026  1.00000E-040  3.94006E-019  3.18105E-030  2.99336E-036  1.00000E-040  1.00000E-040  3.36551E-033  1.00000E-040  6.89364E-034  3.03914E-034  1.01336E-034  7.81548E-038  1.14484E-019  1.14935E-025  1.22252E-022  1.18704E-019  8.75490E-035  1.07473E-023  1.36784E-023  3.45282E-023  6.54605E-027  3.43430E-033  5.32396E-036  1.00000E-040  5.17732E-036  1.28001E-035  3.91484E-032  1.00000E-040  1.00000E-040  1.00000E-040  1.20006E-013  1.00000E-040  1.91057E-032  1.04709E-037  1.08108E-039  1.01883E-028  8.41744E-010  1.26089E-031  4.28320E-027  1.35333E-032  1.00000E-003  1.00000E-005  1.00000E-005  1.00000E-005  1.00000E-005  1.00000E-005  1.00000E-005  1.00000E-005  1.00000E-005  1.00000E-005  1.00000E-005  1.00000E-005  1.00000E-005  1.00000E-005  1.00000E-005  1.00000E-005  
9.95000E+001  7.18606E-007  7.72464E+012  6.73797E+002  4.06996E+005  1.00000E-040  1.00000E-040  1.00000E-040  1.00000E-040  1.00000E-040  1.00000E-040  1.00000E-040  1.00000E-040  1.00000E-040  1.00000E-040  1.00000E-040  1.00000E-040  1.00000E-040  1.00000E-040  8.97873E-036  1.00000E-040  3.10494E-040  5.28725E-006  1.81575E-011  1.11677E-011  7.22899E-014  8.06783E-004  5.99044E-011  1.42230E-004  7.12554E-005  9.69619E-017  8.92587E-022  1.01935E-006  1.33997E-014  1.14809E-022  2.22997E-023  9.49272E-020  8.91890E-018  1.00000E-040  1.00000E-040  1.00000E-040  1.00000E-040  4.33972E-037  5.93274E-029  1.67306E-023  4.38028E-026  1.17421E-026  1.00000E-040  1.72925E-027  2.03664E-014  5.91935E-016  2.27537E-004  9.98746E-001  5.09140E-016  1.83099E-026  1.26043E-029  5.65510E-018  2.21636E-027  1.59744E-031  2.74938E-029  2.01761E-011  1.00418E-016  9.94549E-022  5.35596E-025  1.23560E-013  2.31172E-028  3.11096E-020  3.08111E-019  8.64207E-027  2.91562E-027  4.73066E-027  2.91471E-032  2.95981E-026  8.19729E-038  7.36370E-033  1.00000E-040  1.00000E-040  1.00000E-040  8.92630E-026  1.00000E-040  3.48406E-019  1.73358E-030  8.38951E-037  1.00000E-040  1.00000E-040  3.11660E-033  1.00000E-040  5.75483E-034  2.05201E-034  3.45691E-035  2.24355E-038  1.21017E-019  8.41191E-026  9.03061E-023  1.23306E-019  6.36001E-035  9.98271E-024  1.29033E-023  1.57708E-023  6.21420E-027  3.11196E-033  3.73530E-036  1.00000E-040  1.91406E-036  5.70833E-036  1.69678E-032  1.00000E-040  1.00000E-040  1.00000E-040  1.34002E-013  1.00000E-040  1.02180E-032  1.09537E-038  8.16217E-040  6.50115E-029  5.55046E-009  3.25521E-032  1.03889E-027  1.16182E-032  1.00000E-003  1.00000E-005  1.00000E-005  1.00000E-005  1.00000E-005  1.00000E-005  1.00000E-005  1.00000E-005  1.00000E-005  1.00000E-005  1.00000E-005  1.00000E-005  1.00000E-005  1.00000E-005  1.00000E-005  1.00000E-005  
