alt           press         den           temp          eddy          H2Oaer        CO2aer        S8aer         H2SO4aer      NH3aer        N2Oaer        C2H2aer       C2H4aer       C2H6aer       CH3CNaer      HCCCNaer      HCNaer        CH4aer        HCaer1        HCaer2        HCaer3        He            H             H2            H2O           OH            O             O2            CO            CO2           HCO           H2CO          C             CH            CH2           CH3           CH4           S             S2            S3            S4            S8            H2S           HS            SO            SO2           CS            CS2           OCS           CN            HCN           N             N2            NH            NH2           NH3           C2            C2H           C2H2          C2H4          NO            HNO           HO2           HNCO          N2O           H2O2          O3            NO2           NO3           SO3           HNO2          HNO3          H2SO4         HCl           Cl            Cl2           HOCl          N2H4          ClO           C2H6          CH3OH         CH2CO         CH3CHO        C3H4          C3H6          C4H2          C4H4          OClO          HCS           C2H3          C2H5          NCO           1CH2          HCCO          NNH           HSO           CH3O          H2COH         H2CN          N2H2          C4H           HCNOH         C2H2OH        CH3CO         CH2CHO        C2H3OH        C2H4OH        CH3O2         HSO3          O1D           N2H3          NH2CO         HS4           C4H3          CH2N2         N2D           CH2CN         CH3CN         HCCCN         H2Oaer_r      CO2aer_r      S8aer_r       H2SO4aer_r    NH3aer_r      N2Oaer_r      C2H2aer_r     C2H4aer_r     C2H6aer_r     CH3CNaer_r    HCCCNaer_r    HCNaer_r      CH4aer_r      HCaer1_r      HCaer2_r      HCaer3_r      
5.00000E-001  1.00952E+000  2.54748E+019  2.87026E+002  1.00000E+005  6.69246E-004  1.00000E-040  1.00000E-040  2.12062E-032  1.00000E-040  1.00000E-040  1.00000E-040  1.00000E-040  1.00000E-040  1.00000E-040  1.00000E-040  1.00000E-040  1.00000E-040  1.00000E-040  1.91841E-023  1.00000E-040  1.00000E-040  1.81676E-021  4.95285E-007  6.30456E-003  6.52340E-014  8.63946E-017  2.10724E-001  3.62120E-008  2.81322E-004  2.69363E-022  2.56261E-010  1.00000E-040  1.00000E-040  4.95597E-033  5.27462E-020  8.00380E-007  1.64475E-028  1.76895E-026  1.00000E-040  1.00000E-040  1.00000E-040  6.06219E-012  1.45474E-017  9.51522E-019  2.96917E-011  1.00000E-040  1.00000E-040  3.33822E-010  1.53113E-034  4.93241E-011  3.23413E-031  7.82689E-001  1.65028E-023  6.22250E-014  5.39789E-010  1.00000E-040  1.00000E-040  1.01513E-029  2.77036E-025  1.13044E-012  7.81639E-016  1.81141E-011  1.03461E-014  2.70425E-007  2.00928E-009  3.54695E-008  9.80235E-012  1.38031E-013  3.93424E-019  1.56666E-012  1.79182E-011  2.98932E-011  1.74004E-029  2.08967E-034  1.00000E-040  2.12182E-029  3.75547E-013  2.12258E-021  1.08994E-023  1.61547E-017  2.78689E-025  1.90576E-025  1.00000E-040  2.11835E-038  1.00000E-040  1.00000E-040  3.67305E-028  1.00000E-040  1.93439E-040  2.94394E-026  2.35532E-016  1.51652E-034  3.34700E-039  8.46372E-023  1.88954E-017  1.84831E-018  3.61548E-015  8.29081E-025  7.15025E-011  1.00000E-040  5.56441E-019  1.00000E-040  1.57615E-025  5.11472E-031  2.37962E-023  1.67660E-025  7.61718E-011  2.68767E-023  2.88064E-022  1.98388E-013  2.40023E-014  1.00000E-040  1.00000E-040  3.54081E-023  1.00000E-040  8.92655E-022  3.52578E-011  1.00000E-040  1.00000E-003  1.00000E-005  1.00000E-005  1.00000E-005  1.00000E-005  1.00000E-005  1.00000E-005  1.00000E-005  1.00000E-005  1.00000E-005  1.00000E-005  1.00000E-005  1.00000E-005  1.00000E-005  1.00000E-005  1.00000E-005  
1.50000E+000  8.94104E-001  2.30773E+019  2.80621E+002  1.00000E+005  8.78347E-004  1.00000E-040  1.00000E-040  2.48626E-029  1.00000E-040  1.00000E-040  1.00000E-040  1.00000E-040  1.00000E-040  1.00000E-040  1.00000E-040  1.00000E-040  1.00000E-040  1.00000E-040  1.05121E-023  1.00000E-040  1.00000E-040  1.62870E-021  4.95898E-007  4.80718E-003  6.84993E-014  9.95150E-017  2.11041E-001  3.45438E-008  2.81749E-004  1.08728E-022  9.24155E-011  1.00000E-040  1.00000E-040  4.55503E-033  4.85758E-020  7.98973E-007  1.05881E-028  1.74359E-026  1.00000E-040  1.00000E-040  1.00000E-040  2.78583E-012  7.44212E-018  6.24009E-019  6.22655E-011  1.00000E-040  1.00000E-040  3.33882E-010  9.54898E-035  4.91950E-011  6.21407E-031  7.83868E-001  2.38696E-023  1.29202E-013  5.02038E-010  1.00000E-040  1.00000E-040  9.64014E-030  2.66959E-025  2.65448E-014  1.14733E-015  1.42414E-011  9.41332E-015  2.70793E-007  1.66730E-009  3.48244E-008  1.25519E-012  4.04991E-014  2.72189E-019  6.67165E-013  2.17560E-011  3.43950E-011  1.05408E-029  2.26025E-034  1.00000E-040  1.75007E-029  8.80574E-013  2.12578E-021  1.08900E-023  1.44114E-017  3.20830E-025  1.21449E-025  1.00000E-040  2.04946E-038  1.00000E-040  1.00000E-040  3.48827E-028  1.00000E-040  1.84037E-040  1.92625E-026  1.77897E-015  1.30170E-034  1.00000E-040  1.12494E-022  1.34116E-017  6.16312E-019  4.10380E-015  5.16789E-025  7.28428E-011  1.00000E-040  9.34047E-019  1.00000E-040  1.88844E-025  4.81061E-031  2.38321E-023  1.00224E-025  9.44929E-010  6.13748E-023  3.55267E-022  4.03393E-013  2.41974E-014  1.00000E-040  1.00000E-040  2.62028E-023  1.00000E-040  8.59029E-022  3.49051E-011  1.00000E-040  1.00000E-003  1.00000E-005  1.00000E-005  1.00000E-005  1.00000E-005  1.00000E-005  1.00000E-005  1.00000E-005  1.00000E-005  1.00000E-005  1.00000E-005  1.00000E-005  1.00000E-005  1.00000E-005  1.00000E-005  1.00000E-005  
2.50000E+000  7.90346E-001  2.07593E+019  2.75754E+002  1.00000E+005  5.87896E-004  1.00000E-040  1.00000E-040  2.61365E-026  1.00000E-040  1.00000E-040  1.00000E-040  1.00000E-040  1.00000E-040  1.00000E-040  1.00000E-040  1.00000E-040  1.00000E-040  1.00000E-040  1.08900E-023  1.00000E-040  1.00000E-040  1.71923E-021  4.96246E-007  3.82590E-003  7.80272E-014  1.20134E-016  2.11249E-001  3.27785E-008  2.82030E-004  4.31302E-023  3.14042E-011  1.00000E-040  1.00000E-040  5.25519E-033  5.13621E-020  7.97584E-007  7.14097E-029  1.70257E-026  1.00000E-040  1.00000E-040  1.00000E-040  1.27854E-012  4.09408E-018  4.25756E-019  4.33537E-011  1.00000E-040  1.00000E-040  3.33807E-010  7.18745E-035  4.90730E-011  1.06965E-030  7.84641E-001  2.96574E-023  1.41896E-013  4.70276E-010  1.00000E-040  1.00000E-040  8.85365E-030  2.48618E-025  4.62962E-015  1.46858E-015  1.24229E-011  8.96436E-015  2.71014E-007  1.39696E-009  3.48638E-008  3.26316E-013  1.86946E-014  1.94919E-019  2.81726E-013  2.19589E-011  3.57282E-011  8.07416E-030  2.36689E-034  1.00000E-040  1.54419E-029  9.74955E-013  2.12788E-021  1.08984E-023  1.26733E-017  3.89028E-025  8.35168E-026  1.00000E-040  1.94430E-038  1.00000E-040  1.00000E-040  3.41475E-028  1.00000E-040  1.86257E-040  1.81088E-026  6.20829E-015  1.42271E-034  3.17788E-038  1.54095E-022  9.74057E-018  2.41645E-019  4.51051E-015  3.87178E-025  7.36917E-011  1.00000E-040  1.50057E-018  1.00000E-040  2.35467E-025  4.37191E-031  2.38556E-023  7.19369E-026  1.67643E-009  4.99323E-023  4.38268E-022  4.68082E-013  2.43424E-014  1.00000E-040  1.00000E-040  2.31612E-023  1.00000E-040  8.06599E-022  3.45957E-011  1.00000E-040  1.00000E-003  1.00000E-005  1.00000E-005  1.00000E-005  1.00000E-005  1.00000E-005  1.00000E-005  1.00000E-005  1.00000E-005  1.00000E-005  1.00000E-005  1.00000E-005  1.00000E-005  1.00000E-005  1.00000E-005  1.00000E-005  
3.50000E+000  6.97163E-001  1.86469E+019  2.70798E+002  1.00000E+005  5.44513E-004  1.00000E-040  1.00000E-040  1.56445E-023  1.00000E-040  1.00000E-040  1.00000E-040  1.00000E-040  1.00000E-040  1.00000E-040  1.00000E-040  1.00000E-040  1.00000E-040  1.00000E-040  1.33992E-023  1.00000E-040  1.00000E-040  1.85117E-021  4.96699E-007  2.94983E-003  8.45235E-014  1.49232E-016  2.11435E-001  3.12847E-008  2.82281E-004  3.35650E-023  2.15824E-011  1.00000E-040  1.00000E-040  5.44497E-033  5.13298E-020  7.96516E-007  4.59610E-029  1.65264E-026  1.00000E-040  1.00000E-040  1.00000E-040  5.96991E-013  2.18835E-018  2.94126E-019  3.02997E-011  1.00000E-040  1.00000E-040  3.33733E-010  5.03594E-035  4.89738E-011  1.50071E-030  7.85331E-001  3.10955E-023  1.40931E-013  4.44139E-010  1.00000E-040  1.00000E-040  7.93978E-030  2.30218E-025  3.42437E-015  1.82470E-015  1.19418E-011  7.14659E-015  2.71201E-007  1.20845E-009  3.59179E-008  2.50531E-013  1.74957E-014  1.27995E-019  1.32306E-013  2.27846E-011  3.38682E-011  6.91589E-030  2.41192E-034  1.00000E-040  1.36332E-029  8.90241E-013  2.12975E-021  1.09162E-023  1.12240E-017  4.69805E-025  6.64561E-026  1.00000E-040  1.81784E-038  1.00000E-040  1.00000E-040  3.46023E-028  1.00000E-040  1.78049E-040  1.78923E-026  8.45636E-015  1.39230E-034  1.00000E-040  1.99863E-022  7.18683E-018  2.58103E-019  5.20133E-015  3.06817E-025  7.34459E-011  1.00000E-040  2.34296E-018  1.00000E-040  2.83615E-025  3.87142E-031  2.38765E-023  6.25176E-026  1.99914E-009  3.88304E-023  5.46461E-022  4.45358E-013  2.44386E-014  1.00000E-040  1.00000E-040  1.86403E-023  1.00000E-040  7.41612E-022  3.43353E-011  1.00000E-040  1.00000E-003  1.00000E-005  1.00000E-005  1.00000E-005  1.00000E-005  1.00000E-005  1.00000E-005  1.00000E-005  1.00000E-005  1.00000E-005  1.00000E-005  1.00000E-005  1.00000E-005  1.00000E-005  1.00000E-005  1.00000E-005  
4.50000E+000  6.13445E-001  1.67620E+019  2.65073E+002  1.00000E+005  5.48662E-004  1.00000E-040  1.00000E-040  4.68805E-021  1.00000E-040  1.00000E-040  1.00000E-040  1.00000E-040  1.00000E-040  1.00000E-040  1.00000E-040  1.00000E-040  1.00000E-040  1.00000E-040  4.68158E-024  1.00000E-040  1.00000E-040  1.93045E-021  4.97313E-007  2.07914E-003  8.70796E-014  1.88412E-016  2.11620E-001  3.01121E-008  2.82530E-004  3.98356E-023  2.32469E-011  1.00000E-040  1.00000E-040  4.88412E-033  4.70842E-020  7.95801E-007  2.93152E-029  1.59770E-026  1.00000E-040  1.99787E-040  1.00000E-040  2.88339E-013  1.17539E-018  2.19623E-019  2.14505E-011  1.00000E-040  1.00000E-040  3.33687E-010  3.08106E-035  4.88997E-011  1.92178E-030  7.86017E-001  2.99182E-023  1.34573E-013  4.23037E-010  1.00000E-040  1.00000E-040  7.00005E-030  2.11759E-025  4.58127E-015  2.26652E-015  1.15909E-011  5.17597E-015  2.71380E-007  1.06712E-009  3.80116E-008  2.89024E-013  1.90982E-014  7.29771E-020  9.14341E-014  2.43020E-011  2.85344E-011  5.99978E-030  2.38666E-034  1.00000E-040  1.20240E-029  7.67636E-013  2.13161E-021  1.09504E-023  1.00028E-017  5.67895E-025  5.58724E-026  1.00000E-040  1.68120E-038  1.00000E-040  1.00000E-040  3.61630E-028  1.00000E-040  1.59552E-040  1.74100E-026  7.63058E-015  1.16610E-034  1.00000E-040  2.52537E-022  5.80733E-018  3.66804E-019  6.33426E-015  2.35609E-025  7.21608E-011  1.00000E-040  3.81687E-018  1.00000E-040  3.38766E-025  3.35939E-031  2.38974E-023  5.73333E-026  1.94333E-009  2.93080E-023  6.88745E-022  3.97365E-013  2.45004E-014  1.00000E-040  1.00000E-040  1.30070E-023  1.00000E-040  6.68887E-022  3.41229E-011  1.00000E-040  1.00000E-003  1.00000E-005  1.00000E-005  1.00000E-005  1.00000E-005  1.00000E-005  1.00000E-005  1.00000E-005  1.00000E-005  1.00000E-005  1.00000E-005  1.00000E-005  1.00000E-005  1.00000E-005  1.00000E-005  1.00000E-005  
5.50000E+000  5.38325E-001  1.50567E+019  2.58959E+002  1.00000E+005  4.58186E-004  1.00000E-040  1.00000E-040  2.35828E-018  1.00000E-040  1.00000E-040  1.00000E-040  1.00000E-040  1.00000E-040  1.00000E-040  1.00000E-040  1.00000E-040  1.00000E-040  1.00000E-040  3.26548E-024  1.00000E-040  1.00000E-040  2.01313E-021  4.97962E-007  1.37615E-003  8.81474E-014  2.41795E-016  2.11769E-001  2.92097E-008  2.82731E-004  5.36605E-023  2.86288E-011  1.00000E-040  1.00000E-040  4.11204E-033  4.15149E-020  7.95237E-007  1.96294E-029  1.53973E-026  2.52272E-037  2.74765E-036  1.00000E-040  1.44826E-013  6.68685E-019  1.83137E-019  1.54405E-011  1.00000E-040  1.00000E-040  3.33610E-010  1.74671E-035  4.88399E-011  2.48556E-030  7.86571E-001  2.86694E-023  1.26342E-013  4.06064E-010  1.00000E-040  1.00000E-040  6.10684E-030  1.93679E-025  8.14597E-015  2.82117E-015  1.14183E-011  3.78406E-015  2.71507E-007  9.83814E-010  4.10717E-008  3.81151E-013  2.20068E-014  4.16148E-020  1.22583E-013  2.74392E-011  2.30585E-011  5.18475E-030  2.33890E-034  1.00000E-040  1.07586E-029  6.43749E-013  2.13311E-021  1.10310E-023  8.95892E-018  6.98347E-025  4.73031E-026  1.00000E-040  1.54253E-038  1.00000E-040  1.00000E-040  3.87001E-028  1.00000E-040  1.39121E-040  1.68357E-026  5.58481E-015  9.09366E-035  1.00000E-040  3.18509E-022  5.28855E-018  5.65943E-019  7.92625E-015  1.77176E-025  7.00662E-011  1.00000E-040  6.49894E-018  1.00000E-040  4.10522E-025  2.87523E-031  2.39142E-023  5.28164E-026  1.60426E-009  2.22081E-023  8.75640E-022  3.43986E-013  2.45371E-014  1.00000E-040  1.00000E-040  8.41711E-024  1.00000E-040  5.93191E-022  3.39468E-011  1.00000E-040  1.00000E-003  1.00000E-005  1.00000E-005  1.00000E-005  1.00000E-005  1.00000E-005  1.00000E-005  1.00000E-005  1.00000E-005  1.00000E-005  1.00000E-005  1.00000E-005  1.00000E-005  1.00000E-005  1.00000E-005  1.00000E-005  
6.50000E+000  4.70946E-001  1.35247E+019  2.52208E+002  1.00000E+005  3.57571E-004  1.00000E-040  1.00000E-040  9.64185E-016  1.00000E-040  1.00000E-040  1.00000E-040  1.00000E-040  1.00000E-040  1.00000E-040  1.00000E-040  1.00000E-040  1.00000E-040  1.00000E-040  2.20517E-024  1.00000E-040  1.00000E-040  2.11632E-021  4.98585E-007  8.42269E-004  8.82749E-014  3.12054E-016  2.11882E-001  2.85012E-008  2.82885E-004  7.62553E-023  3.73138E-011  1.00000E-040  1.00000E-040  3.24105E-033  3.49542E-020  7.94752E-007  1.39845E-029  1.48016E-026  1.00000E-040  1.00000E-040  1.00000E-040  7.57686E-014  4.07787E-019  1.74298E-019  1.13210E-011  1.00000E-040  1.00000E-040  3.33490E-010  8.94854E-036  4.87901E-011  3.34734E-030  7.86991E-001  2.75651E-023  1.16148E-013  3.92408E-010  1.00000E-040  1.00000E-040  5.30193E-030  1.76312E-025  1.84989E-014  3.48423E-015  1.14423E-011  2.81658E-015  2.71579E-007  9.39308E-010  4.49981E-008  5.40537E-013  2.57376E-014  2.55369E-020  2.47984E-013  3.23450E-011  1.75396E-011  4.48503E-030  2.29480E-034  1.00000E-040  9.78986E-030  5.20683E-013  2.13425E-021  1.11899E-023  8.05652E-018  8.83784E-025  3.98263E-026  1.00000E-040  1.40726E-038  1.00000E-040  1.00000E-040  4.20731E-028  1.00000E-040  1.18666E-040  1.62724E-026  3.56797E-015  6.55782E-035  1.00000E-040  4.10697E-022  5.57674E-018  9.31621E-019  1.00218E-014  1.30500E-025  6.74039E-011  1.00000E-040  1.20528E-017  1.00000E-040  5.13431E-025  2.43974E-031  2.39270E-023  4.84624E-026  1.09624E-009  1.70918E-023  1.11637E-021  2.87706E-013  2.45583E-014  1.00000E-040  1.00000E-040  5.05117E-024  1.00000E-040  5.18609E-022  3.37992E-011  1.00000E-040  1.00000E-003  1.00000E-005  1.00000E-005  1.00000E-005  1.00000E-005  1.00000E-005  1.00000E-005  1.00000E-005  1.00000E-005  1.00000E-005  1.00000E-005  1.00000E-005  1.00000E-005  1.00000E-005  1.00000E-005  1.00000E-005  
7.50000E+000  4.10557E-001  1.21303E+019  2.45143E+002  1.00000E+005  2.46531E-004  1.00000E-040  1.00000E-040  3.18811E-013  1.00000E-040  1.00000E-040  1.00000E-040  1.00000E-040  1.00000E-040  1.00000E-040  1.00000E-040  1.00000E-040  1.00000E-040  1.00000E-040  1.74624E-024  1.00000E-040  1.00000E-040  2.29731E-021  4.99105E-007  4.82799E-004  8.88783E-014  4.04577E-016  2.11958E-001  2.78822E-008  2.82988E-004  1.10139E-022  4.92046E-011  1.00000E-040  1.00000E-040  2.50402E-033  2.88976E-020  7.94278E-007  1.07167E-029  1.42007E-026  1.00000E-040  1.00000E-040  1.00000E-040  4.12105E-014  2.68788E-019  1.87331E-019  8.46399E-012  1.00000E-040  1.00000E-040  3.33318E-010  4.30542E-036  4.87464E-011  4.72010E-030  7.87274E-001  2.65975E-023  1.03950E-013  3.81342E-010  1.00000E-040  1.00000E-040  4.60783E-030  1.60339E-025  5.73096E-014  4.22106E-015  1.17395E-011  2.12512E-015  2.71596E-007  9.08813E-010  4.96548E-008  8.02292E-013  2.93551E-014  2.04151E-020  5.50845E-013  3.91953E-011  1.18095E-011  4.00192E-030  2.27884E-034  1.00000E-040  9.08086E-030  3.94685E-013  2.13501E-021  1.14554E-023  7.27565E-018  1.15062E-024  3.35669E-026  1.00000E-040  1.27902E-038  1.00000E-040  1.00000E-040  4.61252E-028  1.00000E-040  1.01304E-040  1.60021E-026  2.09222E-015  4.59230E-035  1.00000E-040  5.46589E-022  6.71856E-018  1.60598E-018  1.25579E-014  9.58995E-026  6.43916E-011  1.00000E-040  2.41160E-017  1.00000E-040  6.65643E-025  2.06477E-031  2.39356E-023  4.43767E-026  5.56718E-010  1.35596E-023  1.42265E-021  2.25841E-013  2.45695E-014  1.00000E-040  1.00000E-040  2.92432E-024  1.00000E-040  4.48445E-022  3.36726E-011  1.00000E-040  1.00000E-003  1.00000E-005  1.00000E-005  1.00000E-005  1.00000E-005  1.00000E-005  1.00000E-005  1.00000E-005  1.00000E-005  1.00000E-005  1.00000E-005  1.00000E-005  1.00000E-005  1.00000E-005  1.00000E-005  1.00000E-005  
8.50000E+000  3.56522E-001  1.08543E+019  2.37903E+002  1.00000E+005  1.53688E-004  1.00000E-040  1.00000E-040  7.13716E-011  1.00000E-040  1.00000E-040  1.00000E-040  1.00000E-040  1.00000E-040  1.00000E-040  1.00000E-040  1.00000E-040  1.00000E-040  1.00000E-040  1.52763E-024  1.00000E-040  1.00000E-040  2.52256E-021  4.99450E-007  2.61868E-004  9.13309E-014  5.25412E-016  2.12005E-001  2.72213E-008  2.83052E-004  1.36702E-022  5.52349E-011  1.00000E-040  1.00000E-040  1.96444E-033  2.39197E-020  7.93790E-007  8.86232E-030  1.36050E-026  9.72673E-037  1.08111E-035  1.00000E-040  2.32893E-014  1.91735E-019  2.25358E-019  6.46880E-012  1.00000E-040  1.00000E-040  3.33098E-010  1.98881E-036  4.87068E-011  6.91988E-030  7.87448E-001  2.52798E-023  8.57759E-014  3.72288E-010  1.00000E-040  1.00000E-040  4.03238E-030  1.46140E-025  2.77256E-013  4.93433E-015  1.17152E-011  1.63035E-015  2.71564E-007  8.37402E-010  5.48781E-008  1.16558E-012  2.90076E-014  2.29659E-020  1.19866E-012  4.79205E-011  5.29555E-012  3.94181E-030  2.31987E-034  1.00000E-040  8.64018E-030  2.56961E-013  2.13548E-021  1.18482E-023  6.59457E-018  1.52432E-024  2.86854E-026  1.00000E-040  1.16048E-038  1.00000E-040  1.00000E-040  5.06771E-028  1.00000E-040  1.00000E-040  1.65541E-026  1.16322E-015  3.23791E-035  1.00000E-040  7.62384E-022  9.16483E-018  2.44182E-018  1.53101E-014  6.99372E-026  6.12461E-011  1.00000E-040  5.24396E-017  1.00000E-040  8.99041E-025  1.75411E-031  2.39409E-023  4.06650E-026  1.52841E-010  1.12753E-023  1.80623E-021  1.55015E-013  2.45749E-014  1.00000E-040  1.00000E-040  1.69135E-024  1.00000E-040  3.85167E-022  3.35615E-011  1.00000E-040  1.00000E-003  1.00000E-005  1.00000E-005  1.00000E-005  1.00000E-005  1.00000E-005  1.00000E-005  1.00000E-005  1.00000E-005  1.00000E-005  1.00000E-005  1.00000E-005  1.00000E-005  1.00000E-005  1.00000E-005  1.00000E-005  
9.50000E+000  3.08306E-001  9.67493E+018  2.30808E+002  9.61769E+004  8.44421E-005  1.00000E-040  1.00000E-040  1.87117E-010  1.00000E-040  1.00000E-040  1.00000E-040  1.00000E-040  1.00000E-040  1.00000E-040  1.00000E-040  1.00000E-040  1.00000E-040  1.00000E-040  4.56285E-024  1.00000E-040  1.00000E-040  2.58830E-021  4.99574E-007  1.38971E-004  9.99602E-014  6.86458E-016  2.12031E-001  2.64106E-008  2.83089E-004  8.84963E-023  3.16396E-011  1.00000E-040  1.00000E-040  1.73420E-033  2.09931E-020  7.93270E-007  8.20084E-030  1.30131E-026  1.00000E-040  3.23464E-040  1.00000E-040  1.36861E-014  1.52274E-019  3.06082E-019  5.06442E-012  1.00000E-040  1.00000E-040  3.32829E-010  9.49563E-037  4.86699E-011  1.06160E-029  7.87545E-001  2.32167E-023  5.79644E-014  3.64674E-010  1.00000E-040  1.00000E-040  3.56854E-030  1.33949E-025  1.19551E-012  5.47499E-015  9.39456E-012  1.30792E-015  2.71493E-007  6.69583E-010  6.06425E-008  1.40938E-012  2.12013E-014  3.38790E-020  2.40973E-012  5.87358E-011  1.98653E-012  4.57808E-030  2.48498E-034  1.00000E-040  8.66852E-030  1.24878E-013  2.13575E-021  1.23963E-023  5.99563E-018  2.00605E-024  2.54587E-026  1.00000E-040  1.05185E-038  1.00000E-040  1.00000E-040  5.56859E-028  1.00000E-040  1.00000E-040  1.86272E-026  6.69692E-016  2.55779E-035  3.69627E-037  1.15056E-021  1.42253E-017  1.63421E-018  1.78621E-014  4.93963E-026  5.81541E-011  1.00000E-040  1.24586E-016  1.00000E-040  1.27750E-024  1.50512E-031  2.39438E-023  3.75417E-026  2.00612E-011  1.02437E-023  2.28821E-021  8.47907E-014  2.45768E-014  1.00000E-040  1.00000E-040  1.07318E-024  1.00000E-040  3.29626E-022  3.34599E-011  1.00000E-040  1.00000E-003  1.00000E-005  1.00000E-005  1.00000E-005  1.00000E-005  1.00000E-005  1.00000E-005  1.00000E-005  1.00000E-005  1.00000E-005  1.00000E-005  1.00000E-005  1.00000E-005  1.00000E-005  1.00000E-005  1.00000E-005  
1.05000E+001  2.65480E-001  8.57243E+018  2.24308E+002  6.85565E+004  3.53223E-005  1.00000E-040  1.00000E-040  3.80432E-009  1.00000E-040  1.00000E-040  1.00000E-040  1.00000E-040  1.00000E-040  1.00000E-040  1.00000E-040  1.00000E-040  1.00000E-040  1.00000E-040  1.45021E-022  1.00000E-040  1.00000E-040  2.64966E-021  4.99558E-007  7.65555E-005  1.07621E-013  9.28185E-016  2.12044E-001  2.54465E-008  2.83108E-004  4.28180E-023  1.35726E-011  1.00000E-040  1.00000E-040  1.51582E-033  1.84927E-020  7.92609E-007  8.03165E-030  1.23306E-026  1.00000E-040  1.00000E-040  1.00000E-040  8.10198E-015  1.20206E-019  4.14400E-019  3.97854E-012  1.00000E-040  1.00000E-040  3.32454E-010  4.57644E-037  4.86288E-011  1.49331E-029  7.87594E-001  2.00328E-023  3.34456E-014  3.57157E-010  1.00000E-040  1.00000E-040  3.16510E-030  1.25389E-025  2.75721E-012  5.77771E-015  7.09211E-012  1.02931E-015  2.71366E-007  4.84134E-010  6.83118E-008  1.92011E-012  1.57361E-014  4.86544E-020  4.39887E-012  7.50241E-011  9.23549E-013  5.88106E-030  2.60461E-034  1.00000E-040  8.65892E-030  4.70577E-014  2.13588E-021  1.32620E-023  5.45277E-018  2.50234E-024  2.30805E-026  1.00000E-040  9.38329E-039  1.00000E-040  1.00000E-040  6.24147E-028  1.00000E-040  1.00000E-040  2.12146E-026  3.71049E-016  2.00687E-035  1.84330E-038  1.68484E-021  2.20043E-017  8.31706E-019  2.12884E-014  3.46420E-026  5.48980E-011  1.00000E-040  2.78619E-016  1.00000E-040  1.66465E-024  1.29418E-031  2.39453E-023  3.54174E-026  3.73572E-012  9.14884E-024  2.96043E-021  3.68552E-014  2.45764E-014  1.00000E-040  1.00000E-040  6.70415E-025  1.00000E-040  2.75497E-022  3.33486E-011  1.00000E-040  1.00000E-003  1.00000E-005  1.00000E-005  1.00000E-005  1.00000E-005  1.00000E-005  1.00000E-005  1.00000E-005  1.00000E-005  1.00000E-005  1.00000E-005  1.00000E-005  1.00000E-005  1.00000E-005  1.00000E-005  1.00000E-005  
1.15000E+001  2.27696E-001  7.53502E+018  2.18871E+002  2.37960E+004  8.45326E-006  1.00000E-040  1.00000E-040  1.50508E-009  1.00000E-040  1.00000E-040  1.00000E-040  1.00000E-040  1.00000E-040  1.00000E-040  1.00000E-040  1.00000E-040  1.00000E-040  1.00000E-040  9.55330E-023  1.00000E-040  1.00000E-040  2.83239E-021  4.99378E-007  4.59288E-005  1.15150E-013  1.42978E-015  2.12051E-001  2.38264E-008  2.83119E-004  2.88329E-023  8.07502E-012  1.00000E-040  1.00000E-040  1.38761E-033  1.70092E-020  7.91213E-007  1.06506E-029  1.10572E-026  1.00000E-040  1.00000E-040  1.00000E-040  3.81298E-015  8.53493E-020  5.29285E-019  2.76627E-012  1.00000E-040  1.00000E-040  3.31605E-010  2.41231E-037  4.85527E-011  1.93377E-029  7.87619E-001  1.66168E-023  1.54640E-014  3.44857E-010  1.00000E-040  1.00000E-040  2.65927E-030  1.24432E-025  6.21368E-012  5.70262E-015  5.30350E-012  7.97710E-016  2.71048E-007  2.83315E-010  8.55238E-008  3.55734E-012  1.29037E-014  5.71991E-020  8.97756E-012  1.15878E-010  7.06427E-013  8.76821E-030  2.65397E-034  1.00000E-040  9.32327E-030  1.04740E-014  2.13594E-021  1.54728E-023  4.76495E-018  2.88893E-024  2.19535E-026  1.00000E-040  7.53094E-039  1.00000E-040  1.00000E-040  7.78578E-028  1.00000E-040  1.00000E-040  2.54751E-026  1.72364E-016  1.67022E-035  2.39812E-038  2.25758E-021  3.18744E-017  7.11281E-019  2.84609E-014  2.32692E-026  4.97120E-011  1.00000E-040  5.54569E-016  1.00000E-040  1.84801E-024  1.07200E-031  2.39460E-023  3.49137E-026  1.21962E-012  7.10925E-024  4.28223E-021  9.30752E-015  2.45725E-014  1.00000E-040  1.00000E-040  4.29867E-025  1.00000E-040  1.96731E-022  3.31417E-011  1.00000E-040  1.00000E-003  1.00000E-005  1.00000E-005  1.00000E-005  1.00000E-005  1.00000E-005  1.00000E-005  1.00000E-005  1.00000E-005  1.00000E-005  1.00000E-005  1.00000E-005  1.00000E-005  1.00000E-005  1.00000E-005  1.00000E-005  
1.25000E+001  1.94633E-001  6.56595E+018  2.14702E+002  1.42829E+004  2.04633E-006  1.00000E-040  1.00000E-040  9.08996E-010  1.00000E-040  1.00000E-040  1.00000E-040  1.00000E-040  1.00000E-040  1.00000E-040  1.00000E-040  1.00000E-040  1.00000E-040  1.00000E-040  7.25360E-023  1.00000E-040  1.00000E-040  3.05196E-021  4.98806E-007  2.94326E-005  1.25692E-013  2.70220E-015  2.12054E-001  2.10885E-008  2.83129E-004  2.55411E-023  6.24776E-012  1.00000E-040  1.00000E-040  1.43401E-033  1.70634E-020  7.88008E-007  3.18702E-029  8.62645E-027  1.00000E-040  1.00000E-040  1.00000E-040  1.22037E-015  5.36109E-020  6.48290E-019  1.54907E-012  1.00000E-040  1.00000E-040  3.29539E-010  1.49233E-037  4.83996E-011  2.61217E-029  7.87632E-001  1.47452E-023  6.41430E-015  3.22907E-010  1.00000E-040  1.00000E-040  2.09948E-030  1.45902E-025  1.42898E-011  4.74801E-015  3.57468E-012  6.38145E-016  2.70231E-007  1.21214E-010  1.27587E-007  8.36928E-012  1.32750E-014  5.56882E-020  1.92286E-011  2.27276E-010  5.51357E-013  1.39706E-029  2.69853E-034  1.00000E-040  1.19007E-029  1.43366E-015  2.13596E-021  2.15591E-023  3.99870E-018  2.76110E-024  2.51379E-026  1.00000E-040  4.64483E-039  1.00000E-040  1.00000E-040  1.15962E-027  1.00000E-040  1.00000E-040  3.38155E-026  7.32379E-017  1.59928E-035  3.31266E-038  2.67105E-021  4.41558E-017  7.19257E-019  4.43208E-014  1.51257E-026  4.15015E-011  1.00000E-040  9.61791E-016  1.00000E-040  1.67012E-024  5.69147E-032  2.39463E-023  3.95202E-026  4.75249E-013  4.46984E-024  7.44519E-021  1.31200E-015  2.45613E-014  1.00000E-040  1.00000E-040  3.11401E-025  1.00000E-040  9.57630E-023  3.27140E-011  1.00000E-040  1.00000E-003  1.00000E-005  1.00000E-005  1.00000E-005  1.00000E-005  1.00000E-005  1.00000E-005  1.00000E-005  1.00000E-005  1.00000E-005  1.00000E-005  1.00000E-005  1.00000E-005  1.00000E-005  1.00000E-005  1.00000E-005  
1.35000E+001  1.65922E-001  5.68368E+018  2.11442E+002  6.95701E+003  5.20686E-007  1.00000E-040  1.00000E-040  6.53566E-010  1.00000E-040  1.00000E-040  1.00000E-040  1.00000E-040  1.00000E-040  1.00000E-040  1.00000E-040  1.00000E-040  1.00000E-040  1.00000E-040  6.22746E-023  1.00000E-040  1.00000E-040  3.21132E-021  4.97449E-007  2.15684E-005  1.39997E-013  5.88592E-015  2.12055E-001  1.74012E-008  2.83139E-004  2.48288E-023  5.25332E-012  1.00000E-040  1.00000E-040  1.64316E-033  1.83941E-020  7.81671E-007  1.39882E-028  5.24939E-027  1.00000E-040  1.00000E-040  1.00000E-040  2.68091E-016  3.18641E-020  7.68169E-019  7.09115E-013  1.00000E-040  1.00000E-040  3.25251E-010  1.04735E-037  4.81332E-011  3.89107E-029  7.87638E-001  1.42043E-023  2.89572E-015  2.89784E-010  1.00000E-040  1.00000E-040  1.73052E-030  2.00745E-025  2.86065E-011  3.12116E-015  2.52235E-012  5.24683E-016  2.68484E-007  4.76610E-011  2.14572E-007  2.06500E-011  1.77462E-014  3.84675E-020  3.59820E-011  4.82172E-010  4.39885E-013  2.00106E-029  2.75617E-034  1.00000E-040  1.71706E-029  1.92970E-016  2.13596E-021  3.58264E-023  3.49483E-018  2.10914E-024  3.55307E-026  1.00000E-040  1.79423E-039  1.00000E-040  1.00000E-040  1.95027E-027  1.00000E-040  1.42163E-040  4.90311E-026  3.34364E-017  1.72277E-035  8.59905E-037  2.77537E-021  6.05438E-017  7.61302E-019  7.45564E-014  9.26683E-027  3.13144E-011  1.00000E-040  1.50105E-015  1.00000E-040  1.22018E-024  5.64358E-032  2.39463E-023  5.03914E-026  2.27802E-013  2.31497E-024  1.47095E-020  1.57693E-016  2.45368E-014  1.00000E-040  1.00000E-040  2.51120E-025  1.00000E-040  2.45458E-023  3.19487E-011  1.00000E-040  1.00000E-003  1.00000E-005  1.00000E-005  1.00000E-005  1.00000E-005  1.00000E-005  1.00000E-005  1.00000E-005  1.00000E-005  1.00000E-005  1.00000E-005  1.00000E-005  1.00000E-005  1.00000E-005  1.00000E-005  1.00000E-005  
1.45000E+001  1.41130E-001  4.89727E+018  2.08729E+002  5.42540E+003  1.84149E-007  1.00000E-040  1.00000E-040  5.66179E-010  1.00000E-040  1.00000E-040  1.00000E-040  1.00000E-040  1.00000E-040  1.00000E-040  1.00000E-040  1.00000E-040  1.00000E-040  1.00000E-040  5.80586E-023  1.00000E-040  1.00000E-040  3.31887E-021  4.94719E-007  1.70080E-005  1.62164E-013  1.34825E-014  2.12055E-001  1.32503E-008  2.83152E-004  2.59749E-023  4.69284E-012  1.00000E-040  1.00000E-040  2.12142E-033  2.13378E-020  7.70460E-007  5.85688E-028  2.19621E-027  1.00000E-040  1.00000E-040  1.00000E-040  4.10536E-017  1.93676E-020  8.74727E-019  2.90172E-013  1.00000E-040  1.00000E-040  3.17370E-010  8.14166E-038  4.77148E-011  6.69517E-029  7.87643E-001  1.46374E-023  1.47956E-015  2.45650E-010  1.00000E-040  1.00000E-040  1.68985E-030  2.89911E-025  4.88069E-011  1.82844E-015  2.21641E-012  4.47313E-016  2.65198E-007  2.76500E-011  3.73957E-007  4.72239E-011  2.85050E-014  2.27505E-020  5.69249E-011  9.87681E-010  2.65676E-013  2.46699E-029  2.89310E-034  1.00000E-040  2.63711E-029  3.54327E-017  2.13592E-021  6.59300E-023  3.51313E-018  1.32528E-024  5.69732E-026  1.00000E-040  3.37934E-040  1.00000E-040  1.00000E-040  3.40288E-027  1.00000E-040  2.31127E-040  7.23295E-026  1.74176E-017  2.10967E-035  1.00000E-040  2.56812E-021  8.39888E-017  8.48290E-019  1.20465E-013  5.02559E-027  2.08479E-011  1.00000E-040  2.24825E-015  1.00000E-040  7.30956E-025  4.54018E-032  2.39461E-023  6.33906E-026  1.36750E-013  1.10467E-024  3.03553E-020  2.51529E-017  2.44905E-014  1.00000E-040  1.00000E-040  2.28104E-025  1.00000E-040  2.76238E-024  3.07187E-011  1.00000E-040  1.00000E-003  1.00000E-005  1.00000E-005  1.00000E-005  1.00000E-005  1.00000E-005  1.00000E-005  1.00000E-005  1.00000E-005  1.00000E-005  1.00000E-005  1.00000E-005  1.00000E-005  1.00000E-005  1.00000E-005  1.00000E-005  
1.55000E+001  1.19820E-001  4.20075E+018  2.06595E+002  4.40851E+003  7.39251E-008  1.00000E-040  1.00000E-040  5.31624E-010  1.00000E-040  1.00000E-040  1.00000E-040  1.00000E-040  1.00000E-040  1.00000E-040  1.00000E-040  1.00000E-040  1.00000E-040  1.00000E-040  5.66988E-023  1.00000E-040  1.00000E-040  3.54479E-021  4.90533E-007  1.46997E-005  1.96284E-013  2.90037E-014  2.12054E-001  9.75417E-009  2.83166E-004  2.93799E-023  4.46872E-012  1.00000E-040  1.00000E-040  3.12907E-033  2.68521E-020  7.54877E-007  2.19125E-027  8.64584E-028  1.00000E-040  1.00000E-040  1.00000E-040  5.37061E-018  1.33843E-020  9.70644E-019  1.46445E-013  1.00000E-040  1.00000E-040  3.06062E-010  7.12229E-038  4.71928E-011  1.29573E-028  7.87646E-001  1.59697E-023  8.82049E-016  1.99554E-010  1.00000E-040  1.00000E-040  1.92639E-030  3.91528E-025  7.25765E-011  1.22439E-015  2.38345E-012  3.96670E-016  2.60396E-007  2.68449E-011  6.02849E-007  8.96072E-011  4.58290E-014  1.55387E-020  7.67508E-011  1.74613E-009  1.67791E-013  2.62504E-029  3.13364E-034  1.00000E-040  3.86490E-029  9.44722E-018  2.13586E-021  1.17305E-022  4.17895E-018  7.94905E-025  9.13346E-026  1.00000E-040  1.00000E-040  1.00000E-040  1.00000E-040  5.49890E-027  1.00000E-040  3.69921E-040  9.84834E-026  1.09844E-017  2.98206E-035  4.80805E-037  2.21172E-021  1.16024E-016  9.99267E-019  1.67156E-013  2.58297E-027  1.28049E-011  1.00000E-040  3.20601E-015  1.00000E-040  4.13349E-025  4.13945E-032  2.39456E-023  7.10278E-026  1.01189E-013  6.72226E-025  5.85732E-020  6.12601E-018  2.44227E-014  1.00000E-040  1.00000E-040  2.37063E-025  1.00000E-040  2.30961E-025  2.91571E-011  1.00000E-040  1.00000E-003  1.00000E-005  1.00000E-005  1.00000E-005  1.00000E-005  1.00000E-005  1.00000E-005  1.00000E-005  1.00000E-005  1.00000E-005  1.00000E-005  1.00000E-005  1.00000E-005  1.00000E-005  1.00000E-005  1.00000E-005  
1.65000E+001  1.01596E-001  3.58240E+018  2.05409E+002  3.94335E+003  9.96158E-009  1.00000E-040  1.00000E-040  5.18978E-010  1.00000E-040  1.00000E-040  1.00000E-040  1.00000E-040  1.00000E-040  1.00000E-040  1.00000E-040  1.00000E-040  1.00000E-040  1.00000E-040  5.65728E-023  1.00000E-040  1.00000E-040  4.14313E-021  4.84583E-007  1.43709E-005  2.54850E-013  5.99807E-014  2.12053E-001  7.10943E-009  2.83181E-004  3.73276E-023  4.67077E-012  1.00000E-040  1.00000E-040  5.69182E-033  3.83090E-020  7.34411E-007  7.34462E-027  6.54108E-028  1.00000E-040  1.00000E-040  1.00000E-040  8.10576E-019  1.06362E-020  1.10350E-018  1.10498E-013  1.00000E-040  1.00000E-040  2.90801E-010  7.64504E-038  4.65714E-011  2.88741E-028  7.87647E-001  1.88956E-023  6.12942E-016  1.54035E-010  1.00000E-040  1.00000E-040  2.40160E-030  5.16611E-025  9.74000E-011  9.62865E-016  3.10342E-012  3.77695E-016  2.53819E-007  3.80747E-011  9.13535E-007  1.48601E-010  7.58512E-014  1.51760E-020  9.18256E-011  2.80083E-009  1.37679E-013  2.53276E-029  3.57153E-034  1.00000E-040  5.60408E-029  3.29525E-018  2.13577E-021  2.03302E-022  5.77952E-018  5.52544E-025  1.51808E-025  1.00000E-040  1.00000E-040  1.00000E-040  1.00000E-040  8.37017E-027  1.00000E-040  6.28384E-040  1.30583E-025  8.35969E-018  5.29552E-035  1.00000E-040  1.75718E-021  1.57153E-016  1.27711E-018  2.00615E-013  1.39178E-027  7.20981E-012  1.00000E-040  4.18472E-015  1.00000E-040  2.69398E-025  4.07369E-032  2.39449E-023  7.57863E-026  9.26516E-014  6.44657E-025  1.07949E-019  1.96762E-018  2.43296E-014  1.00000E-040  1.00000E-040  3.06167E-025  1.00000E-040  5.25822E-026  2.72748E-011  1.00000E-040  1.00000E-003  1.00000E-005  1.00000E-005  1.00000E-005  1.00000E-005  1.00000E-005  1.00000E-005  1.00000E-005  1.00000E-005  1.00000E-005  1.00000E-005  1.00000E-005  1.00000E-005  1.00000E-005  1.00000E-005  1.00000E-005  
1.75000E+001  8.61123E-002  3.03241E+018  2.05681E+002  3.89374E+003  1.00000E-040  1.00000E-040  1.00000E-040  5.14804E-010  1.00000E-040  1.00000E-040  1.00000E-040  1.00000E-040  1.00000E-040  1.00000E-040  1.00000E-040  1.00000E-040  1.00000E-040  1.00000E-040  5.70930E-023  1.00000E-040  1.00000E-040  5.30801E-021  4.76913E-007  1.44256E-005  3.35458E-013  1.20398E-013  2.12050E-001  5.41386E-009  2.83198E-004  5.08428E-023  5.17311E-012  1.00000E-040  1.00000E-040  1.18364E-032  6.02686E-020  7.09809E-007  2.23610E-026  8.56824E-028  1.83111E-036  2.24664E-035  1.00000E-040  3.35341E-019  9.27899E-021  1.29291E-018  1.19314E-013  1.00000E-040  1.00000E-040  2.71986E-010  1.03290E-037  4.58912E-011  6.99573E-028  7.87649E-001  2.32485E-023  4.55624E-016  1.13204E-010  1.00000E-040  1.00000E-040  3.14942E-030  6.69501E-025  1.24812E-010  7.98831E-016  4.35560E-012  3.73864E-016  2.45599E-007  6.09278E-011  1.30129E-006  2.30232E-010  1.24821E-013  2.51392E-020  1.01976E-010  4.10622E-009  1.52328E-013  2.29661E-029  4.01502E-034  1.00000E-040  7.54465E-029  1.31357E-018  2.13566E-021  3.42186E-022  8.92759E-018  5.10624E-025  2.55132E-025  1.00000E-040  1.00000E-040  1.00000E-040  1.00000E-040  1.20153E-026  1.00000E-040  1.07234E-039  1.69151E-025  6.94749E-018  1.10732E-034  7.73121E-037  1.20249E-021  1.88584E-016  1.68169E-018  2.19960E-013  8.67723E-028  3.82089E-012  1.00000E-040  4.39333E-015  1.00000E-040  2.28427E-025  4.15418E-032  2.39441E-023  7.68382E-026  9.58682E-014  8.72535E-025  1.91102E-019  7.08143E-019  2.42130E-014  1.00000E-040  1.00000E-040  4.59855E-025  1.00000E-040  2.94510E-026  2.51962E-011  1.00000E-040  1.00000E-003  1.00000E-005  1.00000E-005  1.00000E-005  1.00000E-005  1.00000E-005  1.00000E-005  1.00000E-005  1.00000E-005  1.00000E-005  1.00000E-005  1.00000E-005  1.00000E-005  1.00000E-005  1.00000E-005  1.00000E-005  
1.85000E+001  7.30461E-002  2.55136E+018  2.07368E+002  3.93732E+003  1.00000E-040  1.00000E-040  1.00000E-040  5.13494E-010  1.00000E-040  1.00000E-040  1.00000E-040  1.00000E-040  1.00000E-040  1.00000E-040  1.00000E-040  1.00000E-040  1.00000E-040  1.00000E-040  5.79995E-023  1.00000E-040  1.00000E-040  7.53178E-021  4.67600E-007  1.44884E-005  4.39304E-013  2.36597E-013  2.12048E-001  4.48422E-009  2.83215E-004  7.22713E-023  5.94525E-012  1.00000E-040  1.00000E-040  2.68968E-032  1.01924E-019  6.81805E-007  6.23441E-026  1.18388E-027  1.74415E-036  2.22950E-035  1.00000E-040  2.97716E-019  8.59437E-021  1.61284E-018  1.58876E-013  1.00000E-040  1.00000E-040  2.50053E-010  1.71110E-037  4.51830E-011  1.88939E-027  7.87651E-001  2.91513E-023  3.50538E-016  7.88648E-011  1.00000E-040  1.00000E-040  4.28587E-030  8.57514E-025  1.56790E-010  6.70004E-016  6.25404E-012  3.77990E-016  2.35889E-007  9.85620E-011  1.76263E-006  3.45465E-010  2.04913E-013  6.21720E-020  1.08224E-010  5.60311E-009  2.05088E-013  2.00613E-029  4.37683E-034  1.00000E-040  9.38618E-029  5.62565E-019  2.13553E-021  5.65718E-022  1.47944E-017  5.94347E-025  4.34209E-025  1.00000E-040  1.00000E-040  1.00000E-040  1.00000E-040  1.64528E-026  1.00000E-040  1.83150E-039  2.15577E-025  6.00608E-018  2.60330E-034  1.67203E-036  7.13514E-022  1.97602E-016  2.23196E-018  2.26181E-013  6.46931E-028  1.94751E-012  1.00000E-040  3.68852E-015  1.00000E-040  2.36191E-025  4.29846E-032  2.39430E-023  7.41923E-026  1.06585E-013  1.40694E-024  3.28956E-019  2.64439E-019  2.40747E-014  1.00000E-040  1.00000E-040  7.68606E-025  1.00000E-040  2.22566E-026  2.30214E-011  1.00000E-040  1.00000E-003  1.00000E-005  1.00000E-005  1.00000E-005  1.00000E-005  1.00000E-005  1.00000E-005  1.00000E-005  1.00000E-005  1.00000E-005  1.00000E-005  1.00000E-005  1.00000E-005  1.00000E-005  1.00000E-005  1.00000E-005  
1.95000E+001  6.20609E-002  2.14451E+018  2.09608E+002  4.20491E+003  1.00000E-040  1.00000E-040  1.00000E-040  5.10939E-010  1.00000E-040  1.00000E-040  1.00000E-040  1.00000E-040  1.00000E-040  1.00000E-040  1.00000E-040  1.00000E-040  1.00000E-040  1.00000E-040  5.90009E-023  1.00000E-040  1.00000E-040  1.15658E-020  4.56737E-007  1.45578E-005  5.72752E-013  4.51342E-013  2.12045E-001  4.06058E-009  2.83233E-004  1.03735E-022  6.88500E-012  1.00000E-040  1.00000E-040  6.24864E-032  1.75633E-019  6.51087E-007  1.59838E-025  1.56397E-027  1.00000E-040  1.00000E-040  1.00000E-040  3.02205E-019  8.18677E-021  2.17929E-018  2.35276E-013  1.00000E-040  1.00000E-040  2.25469E-010  3.04437E-037  4.44688E-011  5.69529E-027  7.87654E-001  3.64414E-023  2.74826E-016  5.14429E-011  1.00000E-040  1.00000E-040  5.90764E-030  1.09109E-024  1.95475E-010  5.65459E-016  8.86579E-012  3.79781E-016  2.24840E-007  1.53490E-010  2.29597E-006  5.02258E-010  3.27543E-013  1.81310E-019  1.12691E-010  7.23189E-009  2.94102E-013  1.71024E-029  4.70960E-034  1.00000E-040  1.11032E-028  2.49217E-019  2.13538E-021  9.27216E-022  2.51636E-017  7.77610E-025  7.45590E-025  1.00000E-040  1.00000E-040  1.00000E-040  1.00000E-040  2.17017E-026  1.00000E-040  3.10972E-039  2.72764E-025  5.29428E-018  6.32192E-034  3.90002E-036  3.95526E-022  1.94158E-016  2.95140E-018  2.21719E-013  5.41259E-028  9.64972E-013  1.00000E-040  2.83269E-015  1.00000E-040  2.66944E-025  4.45341E-032  2.39419E-023  6.99138E-026  1.20744E-013  2.46974E-024  5.53732E-019  9.92769E-020  2.39165E-014  1.00000E-040  1.00000E-040  1.32405E-024  1.00000E-040  1.94838E-026  2.08263E-011  1.00000E-040  1.00000E-003  1.00000E-005  1.00000E-005  1.00000E-005  1.00000E-005  1.00000E-005  1.00000E-005  1.00000E-005  1.00000E-005  1.00000E-005  1.00000E-005  1.00000E-005  1.00000E-005  1.00000E-005  1.00000E-005  1.00000E-005  
2.05000E+001  5.28204E-002  1.80681E+018  2.11741E+002  4.72335E+003  1.00000E-040  1.00000E-040  1.00000E-040  5.04051E-010  1.00000E-040  1.00000E-040  1.00000E-040  1.00000E-040  1.00000E-040  1.00000E-040  1.00000E-040  1.00000E-040  1.00000E-040  1.00000E-040  5.99185E-023  1.00000E-040  1.00000E-040  1.85449E-020  4.44770E-007  1.46304E-005  7.46815E-013  8.26869E-013  2.12041E-001  3.93185E-009  2.83250E-004  1.47739E-022  7.90221E-012  1.00000E-040  1.00000E-040  1.42779E-031  2.98308E-019  6.19195E-007  3.80347E-025  1.95378E-027  6.08158E-036  7.14043E-035  1.00000E-040  3.04387E-019  7.93281E-021  3.17859E-018  3.61456E-013  1.00000E-040  1.00000E-040  1.99503E-010  5.30264E-037  4.37829E-011  1.82607E-026  7.87656E-001  4.50344E-023  2.19306E-016  3.12258E-011  1.00000E-040  1.00000E-040  8.08035E-030  1.38147E-024  2.43425E-010  4.84041E-016  1.21400E-011  3.77384E-016  2.12949E-007  2.23728E-010  2.88477E-006  7.02119E-010  4.93279E-013  5.31194E-019  1.17165E-010  8.88488E-009  4.21254E-013  1.43805E-029  5.09110E-034  1.00000E-040  1.27405E-028  1.13243E-019  2.13521E-021  1.49786E-021  4.24815E-017  1.07264E-024  1.27170E-024  1.00000E-040  1.00000E-040  1.00000E-040  1.00000E-040  2.76396E-026  1.00000E-040  5.22871E-039  3.44134E-025  4.75856E-018  1.50546E-033  8.61052E-036  2.20017E-022  1.89614E-016  3.87833E-018  2.10704E-013  4.77632E-028  4.74661E-013  1.00000E-040  2.22607E-015  1.00000E-040  3.13706E-025  4.62656E-032  2.39406E-023  6.60867E-026  1.35213E-013  4.47015E-024  9.10695E-019  3.77483E-020  2.37449E-014  1.00000E-040  1.00000E-040  2.24463E-024  1.00000E-040  1.82217E-026  1.87251E-011  1.00000E-040  1.00000E-003  1.00000E-005  1.00000E-005  1.00000E-005  1.00000E-005  1.00000E-005  1.00000E-005  1.00000E-005  1.00000E-005  1.00000E-005  1.00000E-005  1.00000E-005  1.00000E-005  1.00000E-005  1.00000E-005  1.00000E-005  
2.15000E+001  4.50266E-002  1.52694E+018  2.13581E+002  5.25999E+003  1.00000E-040  1.00000E-040  1.00000E-040  4.90791E-010  1.00000E-040  1.00000E-040  1.00000E-040  1.00000E-040  1.00000E-040  1.00000E-040  1.00000E-040  1.00000E-040  1.00000E-040  1.00000E-040  6.07100E-023  1.00000E-040  1.00000E-040  3.03503E-020  4.31948E-007  1.47045E-005  9.79103E-013  1.46125E-012  2.12038E-001  3.95241E-009  2.83267E-004  2.09052E-022  8.98640E-012  1.00000E-040  1.00000E-040  3.20636E-031  4.97628E-019  5.86905E-007  8.47781E-025  2.29120E-027  3.28286E-036  3.78079E-035  1.00000E-040  2.97928E-019  7.77692E-021  4.92071E-018  5.53711E-013  1.00000E-040  1.00000E-040  1.72964E-010  8.86983E-037  4.31361E-011  5.88959E-026  7.87659E-001  5.43710E-023  1.73383E-016  1.73451E-011  1.00000E-040  1.00000E-040  1.10302E-029  1.75581E-024  3.04189E-010  4.13997E-016  1.60725E-011  3.73274E-016  2.00490E-007  3.06294E-010  3.52205E-006  9.50680E-010  6.98330E-013  1.47653E-018  1.22656E-010  1.04930E-008  6.01644E-013  1.19963E-029  5.58045E-034  1.00000E-040  1.44120E-028  4.98134E-020  2.13504E-021  2.39202E-021  7.09023E-017  1.52754E-024  2.15353E-024  1.00000E-040  1.00000E-040  1.00000E-040  1.00000E-040  3.42519E-026  1.00000E-040  8.89374E-039  4.37016E-025  4.35223E-018  3.50110E-033  1.79493E-035  1.25667E-022  1.87362E-016  5.08546E-018  1.97012E-013  4.31042E-028  2.33222E-013  1.78949E-040  1.85382E-015  1.00000E-040  3.79465E-025  4.88495E-032  2.39393E-023  6.39503E-026  1.48789E-013  8.08885E-024  1.47319E-018  1.38824E-020  2.35631E-014  1.00000E-040  1.00000E-040  3.73513E-024  1.00000E-040  1.74839E-026  1.67586E-011  1.00000E-040  1.00000E-003  1.00000E-005  1.00000E-005  1.00000E-005  1.00000E-005  1.00000E-005  1.00000E-005  1.00000E-005  1.00000E-005  1.00000E-005  1.00000E-005  1.00000E-005  1.00000E-005  1.00000E-005  1.00000E-005  1.00000E-005  
2.25000E+001  3.84357E-002  1.29316E+018  2.15277E+002  5.99062E+003  1.00000E-040  1.00000E-040  1.00000E-040  4.70218E-010  1.00000E-040  1.00000E-040  1.00000E-040  1.00000E-040  1.00000E-040  1.00000E-040  1.00000E-040  1.00000E-040  1.00000E-040  1.00000E-040  6.14193E-023  1.00000E-040  1.00000E-040  5.04164E-020  4.18392E-007  1.47794E-005  1.29579E-012  2.51518E-012  2.12034E-001  4.04411E-009  2.83284E-004  2.96798E-022  1.01991E-011  1.00000E-040  1.00000E-040  7.21122E-031  8.25605E-019  5.54569E-007  1.78485E-024  2.52916E-027  1.00000E-040  1.00000E-040  1.00000E-040  2.83375E-019  7.71420E-021  7.94770E-018  8.27391E-013  1.00000E-040  1.00000E-040  1.46455E-010  1.46328E-036  4.25286E-011  1.83273E-025  7.87662E-001  6.31031E-023  1.28786E-016  8.60585E-012  1.00000E-040  1.00000E-040  1.51661E-029  2.25935E-024  3.83471E-010  3.43430E-016  2.07278E-011  3.70656E-016  1.87616E-007  3.97148E-010  4.20215E-006  1.26487E-009  9.43525E-013  3.91131E-018  1.29764E-010  1.19985E-008  8.40552E-013  9.96159E-030  6.21250E-034  1.00000E-040  1.61868E-028  1.90307E-020  2.13486E-021  3.79137E-021  1.17935E-016  2.24168E-024  3.64121E-024  1.00000E-040  1.00000E-040  1.00000E-040  1.00000E-040  4.15669E-026  1.00000E-040  1.54245E-038  5.62937E-025  4.03428E-018  8.12772E-033  3.60898E-035  7.30830E-023  1.85481E-016  6.68977E-018  1.82710E-013  3.98194E-028  1.14268E-013  1.15615E-035  1.60493E-015  1.56127E-040  4.74646E-025  5.30617E-032  2.39379E-023  6.39627E-026  1.61654E-013  1.43380E-023  2.36043E-018  4.45465E-021  2.33724E-014  1.00000E-040  1.00000E-040  6.22643E-024  1.00000E-040  1.71703E-026  1.49331E-011  1.00000E-040  1.00000E-003  1.00000E-005  1.00000E-005  1.00000E-005  1.00000E-005  1.00000E-005  1.00000E-005  1.00000E-005  1.00000E-005  1.00000E-005  1.00000E-005  1.00000E-005  1.00000E-005  1.00000E-005  1.00000E-005  1.00000E-005  
2.35000E+001  3.28519E-002  1.09678E+018  2.16949E+002  6.81524E+003  1.00000E-040  1.00000E-040  1.00000E-040  4.40807E-010  1.00000E-040  1.00000E-040  1.00000E-040  1.00000E-040  1.00000E-040  1.00000E-040  1.00000E-040  1.00000E-040  1.00000E-040  1.00000E-040  6.20822E-023  1.00000E-040  1.00000E-040  8.49459E-020  4.04297E-007  1.48540E-005  1.73662E-012  4.23655E-012  2.12030E-001  4.16507E-009  2.83299E-004  4.25588E-022  1.16019E-011  1.00000E-040  1.00000E-040  1.64657E-030  1.37424E-018  5.22642E-007  3.57269E-024  2.63850E-027  3.53179E-036  3.80592E-035  1.00000E-040  2.61918E-019  7.76937E-021  1.32363E-017  1.18498E-012  1.00000E-040  1.00000E-040  1.20790E-010  2.43000E-036  4.19620E-011  5.40933E-025  7.87665E-001  6.99855E-023  8.50302E-017  3.73684E-012  1.00000E-040  1.00000E-040  2.11907E-029  2.96016E-024  4.90786E-010  2.73517E-016  2.60790E-011  3.71470E-016  1.74555E-007  4.86857E-010  4.90648E-006  1.67091E-009  1.22597E-012  9.89879E-018  1.39378E-010  1.33243E-008  1.16370E-012  8.26060E-030  7.03519E-034  1.00000E-040  1.81034E-028  5.64405E-021  2.13467E-021  5.96481E-021  1.96181E-016  3.37821E-024  6.15522E-024  1.00000E-040  1.00000E-040  1.00000E-040  1.00000E-040  4.95108E-026  1.00000E-040  2.75395E-038  7.38879E-025  3.78028E-018  1.91382E-032  7.05911E-035  4.31028E-023  1.82909E-016  8.85740E-018  1.68830E-013  3.78800E-028  5.58778E-014  1.00000E-040  1.42194E-015  2.76410E-040  6.15822E-025  5.99675E-032  2.39364E-023  6.66353E-026  1.73539E-013  2.44920E-023  3.75418E-018  1.12158E-021  2.31748E-014  1.00000E-040  1.00000E-040  1.05527E-023  1.00000E-040  1.73461E-026  1.32581E-011  1.00000E-040  1.00000E-003  1.00000E-005  1.00000E-005  1.00000E-005  1.00000E-005  1.00000E-005  1.00000E-005  1.00000E-005  1.00000E-005  1.00000E-005  1.00000E-005  1.00000E-005  1.00000E-005  1.00000E-005  1.00000E-005  1.00000E-005  
2.45000E+001  2.81150E-002  9.31311E+017  2.18655E+002  7.73991E+003  1.00000E-040  1.00000E-040  1.00000E-040  4.01336E-010  1.00000E-040  1.00000E-040  1.00000E-040  1.00000E-040  1.00000E-040  1.00000E-040  1.00000E-040  1.00000E-040  1.00000E-040  1.00000E-040  6.27183E-023  1.00000E-040  1.00000E-040  1.45191E-019  3.89700E-007  1.49281E-005  2.36188E-012  7.00226E-012  2.12027E-001  4.29140E-009  2.83314E-004  6.17905E-022  1.32346E-011  1.00000E-040  1.00000E-040  3.84073E-030  2.30241E-018  4.91192E-007  6.80880E-024  2.58944E-027  2.64059E-036  3.04899E-035  1.00000E-040  2.34643E-019  7.94836E-021  2.23905E-017  1.60712E-012  1.00000E-040  1.00000E-040  9.65635E-011  4.10291E-036  4.14313E-011  1.50738E-024  7.87669E-001  7.51927E-023  4.73393E-017  1.38718E-012  1.00000E-040  1.00000E-040  3.03880E-029  3.98005E-024  6.40834E-010  2.15986E-016  3.20069E-011  3.76826E-016  1.61409E-007  5.62526E-010  5.61081E-006  2.20624E-009  1.53749E-012  2.38833E-017  1.52603E-010  1.44003E-008  1.63105E-012  6.84939E-030  8.11909E-034  1.00000E-040  2.02141E-028  1.17032E-021  2.13448E-021  9.35060E-021  3.27072E-016  5.21961E-024  1.04413E-023  1.00000E-040  1.00000E-040  1.00000E-040  1.00000E-040  5.79755E-026  1.00000E-040  5.12456E-038  9.94769E-025  3.56915E-018  4.60424E-032  1.35858E-034  2.55998E-023  1.79370E-016  1.18122E-017  1.55801E-013  3.72256E-028  2.71228E-014  1.00000E-040  1.28022E-015  5.08329E-040  8.31879E-025  7.13743E-032  2.39349E-023  7.29902E-026  1.83725E-013  3.98857E-023  5.93146E-018  2.00662E-022  2.29701E-014  1.00000E-040  1.00000E-040  1.83060E-023  1.00000E-040  1.80513E-026  1.17218E-011  1.00000E-040  1.00000E-003  1.00000E-005  1.00000E-005  1.00000E-005  1.00000E-005  1.00000E-005  1.00000E-005  1.00000E-005  1.00000E-005  1.00000E-005  1.00000E-005  1.00000E-005  1.00000E-005  1.00000E-005  1.00000E-005  1.00000E-005  
2.55000E+001  2.40922E-002  7.91545E+017  2.20454E+002  8.74643E+003  1.00000E-040  1.00000E-040  1.00000E-040  3.50654E-010  1.00000E-040  1.00000E-040  1.00000E-040  1.00000E-040  1.00000E-040  1.00000E-040  1.00000E-040  1.00000E-040  1.00000E-040  1.00000E-040  6.33467E-023  1.00000E-040  1.00000E-040  2.51749E-019  3.74618E-007  1.50018E-005  3.25988E-012  1.13691E-011  2.12023E-001  4.40726E-009  2.83327E-004  9.08015E-022  1.51137E-011  1.00000E-040  1.00000E-040  9.16692E-030  3.88600E-018  4.60241E-007  1.23161E-023  2.37222E-027  1.71397E-036  2.04241E-035  1.00000E-040  2.03759E-019  8.25993E-021  3.76840E-017  2.04562E-012  1.00000E-040  1.00000E-040  7.43926E-011  7.09673E-036  4.09316E-011  3.95322E-024  7.87672E-001  8.10862E-023  2.14426E-017  4.32017E-013  1.00000E-040  1.00000E-040  4.50038E-029  5.52490E-024  8.53967E-010  1.83786E-016  3.83334E-011  3.87482E-016  1.48280E-007  6.11476E-010  6.27831E-006  2.91305E-009  1.86349E-012  5.48494E-017  1.70268E-010  1.51498E-008  2.39145E-012  5.68587E-030  9.54858E-034  1.00000E-040  2.25135E-028  1.58534E-022  2.13428E-021  1.46511E-020  5.45923E-016  8.25157E-024  1.78128E-023  1.00000E-040  1.00000E-040  1.00000E-040  1.00000E-040  6.67443E-026  1.00000E-040  9.98999E-038  1.38005E-024  3.39587E-018  1.13474E-031  2.59478E-034  1.51678E-023  1.74582E-016  1.58422E-017  1.43669E-013  3.79474E-028  1.29908E-014  1.00000E-040  1.16197E-015  9.75511E-040  1.17174E-024  9.00733E-032  2.39334E-023  8.45726E-026  1.91903E-013  6.13247E-023  9.29837E-018  2.39231E-023  2.27574E-014  1.00000E-040  1.00000E-040  3.25716E-023  1.00000E-040  1.93983E-026  1.03127E-011  1.00000E-040  1.00000E-003  1.00000E-005  1.00000E-005  1.00000E-005  1.00000E-005  1.00000E-005  1.00000E-005  1.00000E-005  1.00000E-005  1.00000E-005  1.00000E-005  1.00000E-005  1.00000E-005  1.00000E-005  1.00000E-005  1.00000E-005  
2.65000E+001  2.06724E-002  6.73579E+017  2.22289E+002  9.76505E+003  1.00000E-040  1.00000E-040  1.00000E-040  2.88416E-010  1.00000E-040  1.00000E-040  1.00000E-040  1.00000E-040  1.00000E-040  1.00000E-040  1.00000E-040  1.00000E-040  1.00000E-040  1.00000E-040  6.39575E-023  1.00000E-040  1.00000E-040  4.41342E-019  3.58998E-007  1.50754E-005  4.55583E-012  1.81124E-011  2.12019E-001  4.49945E-009  2.83339E-004  1.34259E-021  1.71780E-011  1.00000E-040  1.00000E-040  2.21724E-029  6.56369E-018  4.29682E-007  2.09536E-023  1.99264E-027  1.00000E-040  1.00000E-040  1.00000E-040  1.71564E-019  8.69313E-021  6.16608E-017  2.42619E-012  1.00000E-040  1.00000E-040  5.47947E-011  1.24472E-035  4.04568E-011  9.77531E-024  7.87675E-001  9.07886E-023  7.73231E-018  1.11113E-013  1.00000E-040  1.00000E-040  6.90451E-029  7.94840E-024  1.15632E-009  1.79978E-016  4.47806E-011  4.02626E-016  1.35235E-007  6.25275E-010  6.86717E-006  3.81974E-009  2.17109E-012  1.17956E-016  1.92975E-010  1.55127E-008  3.72633E-012  4.72849E-030  1.14437E-033  1.00000E-040  2.49855E-028  1.35433E-023  2.13407E-021  2.30305E-020  9.09119E-016  1.33035E-023  3.05644E-023  1.00000E-040  1.00000E-040  1.00000E-040  1.00000E-040  7.55460E-026  2.59025E-040  2.04661E-037  1.97788E-024  3.26089E-018  2.83440E-031  4.94887E-034  8.89947E-024  1.69273E-016  2.12801E-017  1.32420E-013  3.99633E-028  6.08606E-015  9.00341E-034  1.06904E-015  1.95835E-039  1.71863E-024  1.20853E-031  2.39318E-023  1.04048E-025  1.97619E-013  8.83270E-023  1.44280E-017  1.84014E-024  2.25350E-014  1.00000E-040  1.00000E-040  5.88440E-023  1.00000E-040  2.13562E-026  9.01645E-012  1.00000E-040  1.00000E-003  1.00000E-005  1.00000E-005  1.00000E-005  1.00000E-005  1.00000E-005  1.00000E-005  1.00000E-005  1.00000E-005  1.00000E-005  1.00000E-005  1.00000E-005  1.00000E-005  1.00000E-005  1.00000E-005  1.00000E-005  
2.75000E+001  1.77611E-002  5.74019E+017  2.24110E+002  1.09262E+004  1.00000E-040  1.00000E-040  1.00000E-040  2.16271E-010  1.00000E-040  1.00000E-040  1.00000E-040  1.00000E-040  1.00000E-040  1.00000E-040  1.00000E-040  1.00000E-040  1.00000E-040  1.00000E-040  6.45422E-023  1.00000E-040  1.00000E-040  7.79851E-019  3.42857E-007  1.51487E-005  6.41927E-012  2.82904E-011  2.12015E-001  4.55794E-009  2.83350E-004  1.98311E-021  1.93180E-011  1.00000E-040  1.00000E-040  5.37039E-029  1.10178E-017  3.99557E-007  3.31551E-023  1.50427E-027  2.25653E-037  2.78039E-036  1.00000E-040  1.40982E-019  9.25689E-021  9.59871E-017  2.66768E-012  1.00000E-040  1.00000E-040  3.82827E-011  2.18989E-035  4.00038E-011  2.28082E-023  7.87679E-001  1.06306E-022  2.21154E-018  2.34764E-014  1.00000E-040  1.00000E-040  1.09343E-028  1.18292E-023  1.57803E-009  1.98465E-016  5.10809E-011  4.20832E-016  1.22416E-007  6.03662E-010  7.33510E-006  4.92264E-009  2.42019E-012  2.34069E-016  2.20593E-010  1.54509E-008  6.03769E-012  3.94406E-030  1.39464E-033  1.00000E-040  2.75458E-028  7.31969E-025  2.13385E-021  3.63517E-020  1.50361E-015  2.17637E-023  5.25952E-023  1.00000E-040  1.00000E-040  1.00000E-040  1.00000E-040  8.40837E-026  7.01662E-040  4.37244E-037  2.92028E-024  3.17074E-018  7.08432E-031  9.44162E-034  5.13091E-024  1.63571E-016  2.84894E-017  1.21913E-013  4.33693E-028  2.77106E-015  2.41615E-033  9.99363E-016  4.08307E-039  2.60914E-024  1.71215E-031  2.39301E-023  1.35288E-025  2.01073E-013  1.18258E-022  2.20991E-017  9.15800E-026  2.23016E-014  1.00000E-040  1.00000E-040  1.06624E-022  1.00000E-040  2.39238E-026  7.82751E-012  4.76322E-039  1.00000E-003  1.00000E-005  1.00000E-005  1.00000E-005  1.00000E-005  1.00000E-005  1.00000E-005  1.00000E-005  1.00000E-005  1.00000E-005  1.00000E-005  1.00000E-005  1.00000E-005  1.00000E-005  1.00000E-005  1.00000E-005  
2.85000E+001  1.52794E-002  4.89876E+017  2.25910E+002  1.22719E+004  1.00000E-040  1.00000E-040  1.00000E-040  1.36069E-010  1.00000E-040  1.00000E-040  1.00000E-040  1.00000E-040  1.00000E-040  1.00000E-040  1.00000E-040  1.00000E-040  1.00000E-040  1.00000E-040  6.51024E-023  1.00000E-040  1.00000E-040  1.38789E-018  3.26359E-007  1.52209E-005  9.07127E-012  4.33655E-011  2.12011E-001  4.57778E-009  2.83360E-004  2.90825E-021  2.14135E-011  1.00000E-040  1.00000E-040  1.28992E-028  1.82990E-017  3.70164E-007  4.83498E-023  1.00539E-027  6.81881E-037  7.87227E-036  1.00000E-040  1.14757E-019  1.00153E-020  1.39804E-016  2.71312E-012  1.62630E-040  1.00000E-040  2.52531E-011  3.84179E-035  3.95738E-011  5.01723E-023  7.87682E-001  1.27980E-022  5.10724E-019  4.12843E-015  1.00000E-040  1.00000E-040  1.77247E-028  1.80601E-023  2.14904E-009  2.30887E-016  5.70900E-011  4.40407E-016  1.10078E-007  5.54804E-010  7.65064E-006  6.17148E-009  2.58072E-012  4.25460E-016  2.51911E-010  1.49638E-008  9.91361E-012  3.30722E-030  1.72142E-033  1.00000E-040  3.00481E-028  2.61629E-026  2.13363E-021  5.74492E-020  2.45622E-015  3.58526E-023  9.02672E-023  1.00000E-040  1.00000E-040  1.00000E-040  1.00000E-040  9.21253E-026  1.73216E-039  9.60557E-037  4.40362E-024  3.13543E-018  1.75438E-030  3.73959E-034  2.89740E-024  1.56875E-016  3.78547E-017  1.11936E-013  4.86206E-028  1.22833E-015  7.96160E-038  9.45088E-016  8.72196E-039  4.05342E-024  2.52498E-031  2.39284E-023  1.83270E-025  2.03188E-013  1.46193E-022  3.33395E-017  3.06973E-027  2.20576E-014  1.00000E-040  1.00000E-040  1.91859E-022  1.00000E-040  2.72262E-026  6.75090E-012  1.76688E-038  1.00000E-003  1.00000E-005  1.00000E-005  1.00000E-005  1.00000E-005  1.00000E-005  1.00000E-005  1.00000E-005  1.00000E-005  1.00000E-005  1.00000E-005  1.00000E-005  1.00000E-005  1.00000E-005  1.00000E-005  1.00000E-005  
2.95000E+001  1.31606E-002  4.18669E+017  2.27679E+002  1.33027E+004  1.00000E-040  1.00000E-040  1.00000E-040  5.27976E-011  1.00000E-040  1.00000E-040  1.00000E-040  1.00000E-040  1.00000E-040  1.00000E-040  1.00000E-040  1.00000E-040  1.00000E-040  1.00000E-040  6.56385E-023  1.00000E-040  1.00000E-040  2.49039E-018  3.09379E-007  1.52927E-005  1.27930E-011  6.54096E-011  2.12007E-001  4.55870E-009  2.83368E-004  4.20623E-021  2.33083E-011  1.00000E-040  1.00000E-040  3.04130E-028  2.99160E-017  3.41260E-007  6.41753E-023  5.79026E-028  5.03830E-036  5.81237E-035  1.00000E-040  9.32124E-020  1.09763E-020  1.87528E-016  2.54400E-012  4.61676E-040  1.00000E-040  1.55444E-011  6.67957E-035  3.91602E-011  1.04225E-022  7.87686E-001  1.55264E-022  9.58861E-020  6.06721E-016  1.00000E-040  1.00000E-040  2.93439E-028  2.81688E-023  2.89994E-009  2.70662E-016  6.26938E-011  4.59166E-016  9.82390E-008  4.89475E-010  7.80639E-006  7.48412E-009  2.64058E-012  7.02425E-016  2.85446E-010  1.41099E-008  1.60679E-011  2.78659E-030  2.14379E-033  1.00000E-040  3.23723E-028  6.34760E-028  2.13339E-021  9.12364E-020  3.96187E-015  5.94401E-023  1.54804E-022  1.00000E-040  1.00000E-040  1.00000E-040  1.00000E-040  9.96376E-026  3.83184E-039  2.15093E-036  6.75729E-024  3.14444E-018  4.26046E-030  2.98071E-033  1.58181E-024  1.47056E-016  4.96803E-017  1.02109E-013  5.65210E-028  5.25587E-016  1.00000E-040  9.00161E-016  1.89437E-038  6.40516E-024  3.83811E-031  2.39265E-023  2.55679E-025  2.04188E-013  1.65658E-022  4.94904E-017  7.07230E-029  2.17992E-014  1.00000E-040  1.00000E-040  3.39383E-022  1.00000E-040  3.13411E-026  5.77174E-012  3.23251E-038  1.00000E-003  1.00000E-005  1.00000E-005  1.00000E-005  1.00000E-005  1.00000E-005  1.00000E-005  1.00000E-005  1.00000E-005  1.00000E-005  1.00000E-005  1.00000E-005  1.00000E-005  1.00000E-005  1.00000E-005  1.00000E-005  
3.05000E+001  1.13496E-002  3.58165E+017  2.29517E+002  1.46946E+004  1.00000E-040  1.00000E-040  1.00000E-040  1.00000E-040  1.00000E-040  1.00000E-040  1.00000E-040  1.00000E-040  1.00000E-040  1.00000E-040  1.00000E-040  1.00000E-040  1.00000E-040  1.00000E-040  6.61768E-023  1.00000E-040  1.00000E-040  4.53064E-018  2.91917E-007  1.53639E-005  1.79276E-011  9.74854E-011  2.12003E-001  4.50585E-009  2.83374E-004  5.98069E-021  2.49076E-011  1.00000E-040  1.00000E-040  7.02015E-028  4.81619E-017  3.12829E-007  7.68685E-023  2.81314E-028  1.00000E-040  1.00000E-040  1.00000E-040  7.57034E-020  1.20838E-020  2.28786E-016  2.19410E-012  1.14581E-039  1.00000E-040  8.82688E-012  1.16024E-034  3.87598E-011  2.04197E-022  7.87689E-001  1.87690E-022  1.48649E-020  7.55030E-017  1.00000E-040  1.00000E-040  4.93528E-028  4.45346E-023  3.85634E-009  3.12146E-016  6.79231E-011  4.75799E-016  8.69971E-008  4.18393E-010  7.80571E-006  8.76155E-009  2.61573E-012  1.05873E-015  3.18756E-010  1.29601E-008  2.31268E-011  2.35928E-030  2.67862E-033  1.00000E-040  3.43191E-028  1.08803E-029  2.13314E-021  1.45555E-019  6.31615E-015  9.89502E-023  2.65446E-022  1.00000E-040  1.03477E-040  1.00000E-040  1.00000E-040  1.06622E-025  7.54560E-039  4.85457E-036  1.04806E-023  3.18868E-018  1.01361E-029  6.98530E-033  8.22119E-025  1.31337E-016  6.41687E-017  9.20668E-014  6.89815E-028  2.15904E-016  1.00000E-040  8.48772E-016  4.13059E-038  1.02080E-023  5.93237E-031  2.39245E-023  3.61105E-025  2.04726E-013  1.70657E-022  7.22106E-017  1.15638E-030  2.15234E-014  1.00000E-040  1.00000E-040  5.89016E-022  1.00000E-040  3.67474E-026  4.88467E-012  5.16874E-038  1.00000E-003  1.00000E-005  1.00000E-005  1.00000E-005  1.00000E-005  1.00000E-005  1.00000E-005  1.00000E-005  1.00000E-005  1.00000E-005  1.00000E-005  1.00000E-005  1.00000E-005  1.00000E-005  1.00000E-005  1.00000E-005  
3.15000E+001  9.80031E-003  3.06625E+017  2.31499E+002  1.63646E+004  1.00000E-040  1.00000E-040  1.00000E-040  1.00000E-040  1.00000E-040  1.00000E-040  1.00000E-040  1.00000E-040  1.00000E-040  1.00000E-040  1.00000E-040  1.00000E-040  1.00000E-040  1.00000E-040  6.67372E-023  1.00000E-040  1.00000E-040  8.41339E-018  2.74364E-007  1.54330E-005  2.48811E-011  1.44090E-010  2.12000E-001  4.42903E-009  2.83378E-004  8.35383E-021  2.61872E-011  1.00000E-040  1.00000E-040  1.58529E-027  7.64858E-017  2.85454E-007  8.33720E-023  1.15688E-028  1.00000E-040  1.00000E-040  1.00000E-040  6.15942E-020  1.32747E-020  2.53776E-016  1.74986E-012  2.46038E-039  1.00000E-040  4.62887E-012  2.02445E-034  3.83781E-011  3.77175E-022  7.87693E-001  2.24849E-022  1.98492E-021  8.26277E-018  1.00000E-040  1.00000E-040  8.31663E-028  7.02893E-023  5.02884E-009  3.49802E-016  7.29150E-011  4.89134E-016  7.66500E-008  3.50350E-010  7.66810E-006  9.88829E-009  2.52997E-012  1.47181E-015  3.48694E-010  1.15977E-008  2.77590E-011  2.01108E-030  3.34186E-033  1.00000E-040  3.57311E-028  1.42516E-031  2.13287E-021  2.31408E-019  9.92769E-015  1.63849E-022  4.51966E-022  1.00000E-040  2.15766E-040  1.00000E-040  1.00000E-040  1.13160E-025  1.32963E-038  1.08480E-035  1.62092E-023  3.26999E-018  2.36350E-029  1.35278E-032  4.08625E-025  1.10277E-016  8.14866E-017  8.18177E-014  8.90576E-028  8.61543E-017  1.00000E-040  7.82599E-016  8.86538E-038  1.61711E-023  9.12933E-031  2.39223E-023  5.04460E-025  2.05636E-013  1.59984E-022  1.03474E-016  1.44003E-032  2.12335E-014  1.00000E-040  1.00000E-040  1.00252E-021  1.00000E-040  4.43359E-026  4.10138E-012  7.93467E-038  1.00000E-003  1.00000E-005  1.00000E-005  1.00000E-005  1.00000E-005  1.00000E-005  1.00000E-005  1.00000E-005  1.00000E-005  1.00000E-005  1.00000E-005  1.00000E-005  1.00000E-005  1.00000E-005  1.00000E-005  1.00000E-005  
3.25000E+001  8.47397E-003  2.62666E+017  2.33668E+002  1.77833E+004  1.00000E-040  1.00000E-040  1.00000E-040  1.00000E-040  1.00000E-040  1.00000E-040  1.00000E-040  1.00000E-040  1.00000E-040  1.00000E-040  1.00000E-040  1.00000E-040  1.00000E-040  1.00000E-040  6.73310E-023  1.00000E-040  1.00000E-040  1.60234E-017  2.56738E-007  1.54999E-005  3.41211E-011  2.11714E-010  2.11996E-001  4.33559E-009  2.83379E-004  1.14406E-020  2.71032E-011  1.00000E-040  1.00000E-040  3.49271E-027  1.19716E-016  2.59082E-007  8.19505E-023  3.99307E-029  4.20092E-037  4.83841E-036  1.00000E-040  4.94198E-020  1.42557E-020  2.55597E-016  1.29398E-012  4.51041E-039  1.00000E-040  2.22634E-012  3.55519E-034  3.80116E-011  6.58131E-022  7.87697E-001  2.66146E-022  2.39115E-022  8.11379E-019  1.00000E-040  1.00000E-040  1.39927E-027  1.10202E-022  6.42146E-009  3.78354E-016  7.76771E-011  4.98040E-016  6.72020E-008  2.89189E-010  7.42004E-006  1.07733E-008  2.40398E-012  1.89529E-015  3.72916E-010  1.01154E-008  3.06060E-011  1.72319E-030  4.14740E-033  1.00000E-040  3.65030E-028  1.52536E-033  2.13260E-021  3.66974E-019  1.54051E-014  2.69919E-022  7.65601E-022  1.00000E-040  4.49879E-040  1.00000E-040  1.00000E-040  1.19328E-025  2.09788E-038  2.38377E-035  2.49245E-023  3.37057E-018  5.38983E-029  2.64883E-032  1.93432E-025  8.57337E-017  1.01507E-016  7.14025E-014  1.21230E-027  3.33968E-017  1.00000E-040  7.00544E-016  1.85905E-037  2.53788E-023  1.38673E-030  2.39200E-023  6.89755E-025  2.06636E-013  1.36493E-022  1.45495E-016  1.45147E-034  2.09266E-014  1.00000E-040  1.00000E-040  1.66939E-021  1.00000E-040  5.52411E-026  3.41259E-012  1.20642E-037  1.00000E-003  1.00000E-005  1.00000E-005  1.00000E-005  1.00000E-005  1.00000E-005  1.00000E-005  1.00000E-005  1.00000E-005  1.00000E-005  1.00000E-005  1.00000E-005  1.00000E-005  1.00000E-005  1.00000E-005  1.00000E-005  
3.35000E+001  7.33811E-003  2.25017E+017  2.36203E+002  1.94692E+004  1.00000E-040  1.00000E-040  1.00000E-040  1.00000E-040  1.00000E-040  1.00000E-040  1.00000E-040  1.00000E-040  1.00000E-040  1.00000E-040  1.00000E-040  1.00000E-040  1.00000E-040  1.00000E-040  6.80015E-023  1.00000E-040  1.00000E-040  3.14796E-017  2.39049E-007  1.55648E-005  4.61597E-011  3.10278E-010  2.11992E-001  4.23175E-009  2.83378E-004  1.53882E-020  2.77088E-011  1.00000E-040  1.00000E-040  7.54600E-027  1.85564E-016  2.33641E-007  7.33175E-023  1.15279E-029  1.06624E-037  1.22978E-036  1.00000E-040  3.82596E-020  1.45635E-020  2.33334E-016  8.90601E-013  7.05249E-039  1.00000E-040  9.74144E-013  6.39652E-034  3.76565E-011  1.08103E-021  7.87702E-001  3.11088E-022  3.55504E-023  7.30626E-020  1.00000E-040  1.79238E-040  2.34297E-027  1.70803E-022  8.01769E-009  3.92240E-016  8.24126E-011  5.03074E-016  5.86197E-008  2.36942E-010  7.08525E-006  1.13647E-008  2.26772E-012  2.30355E-015  3.88495E-010  8.58932E-009  3.22490E-011  1.48101E-030  5.08941E-033  1.00000E-040  3.64529E-028  1.78213E-035  2.13230E-021  5.80582E-019  2.36654E-014  4.42836E-022  1.29467E-021  1.00000E-040  9.50369E-040  1.00000E-040  1.00000E-040  1.25077E-025  2.99579E-038  5.12672E-035  3.80308E-023  3.47399E-018  1.21136E-028  5.48190E-032  8.61556E-026  6.04870E-017  1.23849E-016  6.09273E-014  1.72999E-027  1.25539E-017  1.00000E-040  5.96004E-016  3.76979E-037  3.93658E-023  2.06051E-030  2.39174E-023  9.11745E-025  2.08063E-013  1.05855E-022  2.00707E-016  1.55358E-036  2.05992E-014  1.00000E-040  1.00000E-040  2.73540E-021  1.00000E-040  7.19077E-026  2.80882E-012  1.82513E-037  1.00000E-003  1.00000E-005  1.00000E-005  1.00000E-005  1.00000E-005  1.00000E-005  1.00000E-005  1.00000E-005  1.00000E-005  1.00000E-005  1.00000E-005  1.00000E-005  1.00000E-005  1.00000E-005  1.00000E-005  1.00000E-005  
3.45000E+001  6.36482E-003  1.92999E+017  2.38863E+002  2.14942E+004  1.00000E-040  1.00000E-040  1.00000E-040  1.00000E-040  1.00000E-040  1.00000E-040  1.00000E-040  1.00000E-040  1.00000E-040  1.00000E-040  1.00000E-040  1.00000E-040  1.00000E-040  1.00000E-040  6.86918E-023  1.00000E-040  1.00000E-040  6.34311E-017  2.21597E-007  1.56265E-005  6.16351E-011  4.53097E-010  2.11987E-001  4.11600E-009  2.83375E-004  2.02652E-020  2.79240E-011  1.00000E-040  1.00000E-040  1.58080E-026  2.82337E-016  2.09466E-007  6.05502E-023  2.81187E-030  1.46180E-036  1.68193E-035  1.00000E-040  2.86981E-020  1.42253E-020  1.96123E-016  5.77260E-013  9.42801E-039  1.00000E-040  3.89233E-013  1.14550E-033  3.73149E-011  1.68801E-021  7.87706E-001  3.58906E-022  1.86482E-023  6.43800E-021  1.00000E-040  4.09748E-040  3.84011E-027  2.58272E-022  9.78028E-009  3.90458E-016  8.70463E-011  5.02771E-016  5.09713E-008  1.93860E-010  6.71094E-006  1.15937E-008  2.11564E-012  2.60396E-015  3.95329E-010  7.12210E-009  3.31337E-011  1.27596E-030  6.19812E-033  1.00000E-040  3.59076E-028  1.62989E-036  2.13199E-021  9.09410E-019  3.57588E-014  7.16536E-022  2.16083E-021  1.00000E-040  1.94198E-039  1.00000E-040  1.00000E-040  1.30803E-025  3.88120E-038  1.06299E-034  5.69959E-023  3.56093E-018  2.64259E-028  1.09687E-031  3.69233E-026  3.96864E-017  1.48119E-016  5.10203E-014  2.51284E-027  4.61471E-018  1.00000E-040  4.96801E-016  7.32065E-037  5.98217E-023  2.94821E-030  2.39143E-023  1.15364E-024  2.08568E-013  7.60086E-023  2.72244E-016  1.24842E-037  2.02533E-014  1.00000E-040  1.00000E-040  4.35697E-021  1.00000E-040  9.58401E-026  2.28961E-012  2.72074E-037  1.00000E-003  1.00000E-005  1.00000E-005  1.00000E-005  1.00000E-005  1.00000E-005  1.00000E-005  1.00000E-005  1.00000E-005  1.00000E-005  1.00000E-005  1.00000E-005  1.00000E-005  1.00000E-005  1.00000E-005  1.00000E-005  
3.55000E+001  5.52984E-003  1.65725E+017  2.41681E+002  2.36775E+004  1.00000E-040  1.00000E-040  1.00000E-040  1.00000E-040  1.00000E-040  1.00000E-040  1.00000E-040  1.00000E-040  1.00000E-040  1.00000E-040  1.00000E-040  1.00000E-040  1.00000E-040  1.00000E-040  6.94102E-023  1.00000E-040  1.00000E-040  1.31088E-016  2.04593E-007  1.56846E-005  8.13773E-011  6.61197E-010  2.11983E-001  3.98879E-009  2.83368E-004  2.62377E-020  2.78252E-011  1.00000E-040  1.00000E-040  3.22868E-026  4.23109E-016  1.86726E-007  4.71874E-023  5.89918E-031  5.13496E-038  5.91004E-037  1.00000E-040  2.09882E-020  1.33491E-020  1.54371E-016  3.58805E-013  1.11015E-038  1.00000E-040  1.42469E-013  2.05152E-033  3.69869E-011  2.50929E-021  7.87711E-001  4.09972E-022  2.36587E-023  7.12781E-022  1.00000E-040  8.83419E-040  6.11395E-027  3.78324E-022  1.16532E-008  3.72971E-016  9.17991E-011  4.98817E-016  4.42372E-008  1.59267E-010  6.32345E-006  1.14607E-008  1.96301E-012  2.79250E-015  3.92797E-010  5.77445E-009  3.35847E-011  1.10175E-030  7.49821E-033  1.00000E-040  3.50275E-028  1.57699E-036  2.13166E-021  1.40640E-018  5.32486E-014  1.14089E-021  3.55286E-021  1.00000E-040  3.82266E-039  1.00000E-040  1.00000E-040  1.36809E-025  4.67970E-038  2.11440E-034  8.36102E-023  3.61891E-018  5.62857E-028  2.15364E-031  1.52964E-026  2.45042E-017  1.74061E-016  4.19870E-014  3.67120E-027  1.66559E-018  1.00000E-040  4.05585E-016  1.35185E-036  8.88173E-023  4.02446E-030  2.39105E-023  1.38499E-024  2.08086E-013  5.15415E-023  3.64589E-016  1.08858E-037  1.98896E-014  1.00000E-040  1.00000E-040  6.78296E-021  1.00000E-040  1.30667E-025  1.84905E-012  3.96590E-037  1.00000E-003  1.00000E-005  1.00000E-005  1.00000E-005  1.00000E-005  1.00000E-005  1.00000E-005  1.00000E-005  1.00000E-005  1.00000E-005  1.00000E-005  1.00000E-005  1.00000E-005  1.00000E-005  1.00000E-005  1.00000E-005  
3.65000E+001  4.81251E-003  1.42553E+017  2.44518E+002  2.67395E+004  1.00000E-040  1.00000E-040  1.00000E-040  1.00000E-040  1.00000E-040  1.00000E-040  1.00000E-040  1.00000E-040  1.00000E-040  1.00000E-040  1.00000E-040  1.00000E-040  1.00000E-040  1.00000E-040  7.01246E-023  1.00000E-040  1.00000E-040  2.76751E-016  1.88372E-007  1.57380E-005  1.06619E-010  9.65443E-010  2.11978E-001  3.84922E-009  2.83359E-004  3.35006E-020  2.74391E-011  1.00000E-040  1.94559E-040  6.43608E-026  6.23960E-016  1.65725E-007  3.59756E-023  1.11563E-031  4.48313E-038  5.16502E-037  1.00000E-040  1.53903E-020  1.24097E-020  1.17846E-016  2.20818E-013  1.20505E-038  1.00000E-040  4.83502E-014  3.62963E-033  3.66751E-011  3.59290E-021  7.87716E-001  4.65476E-022  3.34875E-023  1.85403E-022  1.00000E-040  1.78449E-039  9.34869E-027  5.32400E-022  1.35770E-008  3.43491E-016  9.66779E-011  4.92469E-016  3.84134E-008  1.31676E-010  5.94622E-006  1.09798E-008  1.80945E-012  2.89033E-015  3.82274E-010  4.59514E-009  3.38021E-011  9.55407E-031  9.07190E-033  1.00000E-040  3.41734E-028  2.02515E-036  2.13132E-021  2.13558E-018  7.80632E-014  1.77676E-021  5.71267E-021  1.00000E-040  7.07616E-039  1.00000E-040  1.00000E-040  1.43660E-025  5.43080E-038  4.00988E-034  1.19388E-022  3.63703E-018  1.16926E-027  4.04801E-031  6.24641E-027  1.47984E-017  2.01844E-016  3.41291E-014  5.33412E-027  5.95482E-019  1.00000E-040  3.30858E-016  2.36401E-036  1.28286E-022  5.19295E-030  2.39056E-023  1.57061E-024  2.05843E-013  3.43243E-023  4.84532E-016  1.25419E-037  1.95128E-014  1.00000E-040  1.00000E-040  1.03271E-020  1.00000E-040  1.80084E-025  1.48281E-012  5.59253E-037  1.00000E-003  1.00000E-005  1.00000E-005  1.00000E-005  1.00000E-005  1.00000E-005  1.00000E-005  1.00000E-005  1.00000E-005  1.00000E-005  1.00000E-005  1.00000E-005  1.00000E-005  1.00000E-005  1.00000E-005  1.00000E-005  
3.75000E+001  4.19513E-003  1.22852E+017  2.47331E+002  2.97405E+004  1.00000E-040  1.00000E-040  1.00000E-040  1.00000E-040  1.00000E-040  1.00000E-040  1.00000E-040  1.00000E-040  1.00000E-040  1.00000E-040  1.00000E-040  1.00000E-040  1.00000E-040  1.00000E-040  7.08256E-023  1.00000E-040  1.00000E-040  5.95995E-016  1.73135E-007  1.57865E-005  1.39159E-010  1.41357E-009  2.11974E-001  3.69721E-009  2.83347E-004  4.23800E-020  2.68179E-011  1.00000E-040  6.59060E-040  1.25996E-025  9.07979E-016  1.46563E-007  2.82542E-023  2.03469E-032  9.27955E-038  1.06442E-036  1.00000E-040  1.17715E-020  1.19267E-020  9.16439E-017  1.41115E-013  1.28748E-038  1.00000E-040  1.53953E-014  6.34056E-033  3.63797E-011  5.23041E-021  7.87721E-001  5.27851E-022  4.71330E-023  1.03148E-022  1.00000E-040  3.36720E-039  1.36426E-026  7.17417E-022  1.54971E-008  3.06333E-016  1.01654E-010  4.85762E-016  3.34257E-008  1.09469E-010  5.58763E-006  1.02002E-008  1.65727E-012  3.00347E-015  3.65327E-010  3.59821E-009  3.38995E-011  8.34170E-031  1.10442E-032  1.00000E-040  3.35878E-028  2.58860E-036  2.13098E-021  3.17659E-018  1.12839E-013  2.70093E-021  8.95897E-021  1.00000E-040  1.22388E-038  1.00000E-040  1.00000E-040  1.51885E-025  6.40222E-038  7.25167E-034  1.65729E-022  3.60294E-018  2.38236E-027  7.23938E-031  2.54253E-027  9.14947E-018  2.31928E-016  2.74899E-014  7.82101E-027  2.11939E-019  1.00000E-040  2.72062E-016  3.91000E-036  1.80182E-022  6.30572E-030  2.38985E-023  1.68128E-024  2.01248E-013  2.36663E-023  6.41881E-016  1.42702E-037  1.91256E-014  1.00000E-040  1.00000E-040  1.54678E-020  1.00000E-040  2.49711E-025  1.18243E-012  7.57707E-037  1.00000E-003  1.00000E-005  1.00000E-005  1.00000E-005  1.00000E-005  1.00000E-005  1.00000E-005  1.00000E-005  1.00000E-005  1.00000E-005  1.00000E-005  1.00000E-005  1.00000E-005  1.00000E-005  1.00000E-005  1.00000E-005  
3.85000E+001  3.66277E-003  1.06076E+017  2.50097E+002  3.29242E+004  1.00000E-040  1.00000E-040  1.00000E-040  1.00000E-040  1.00000E-040  1.00000E-040  1.00000E-040  1.00000E-040  1.00000E-040  1.00000E-040  1.00000E-040  1.00000E-040  1.00000E-040  1.00000E-040  7.15087E-023  1.00000E-040  1.00000E-040  1.30596E-015  1.58849E-007  1.58305E-005  1.81437E-010  2.07770E-009  2.11969E-001  3.53163E-009  2.83332E-004  5.32105E-020  2.59540E-011  1.00000E-040  2.31431E-039  2.42963E-025  1.30439E-015  1.29042E-007  2.45126E-023  3.89954E-033  7.20692E-038  8.25353E-037  1.00000E-040  9.92577E-021  1.25723E-020  7.76761E-017  1.00078E-013  1.46689E-038  1.00000E-040  4.60052E-015  1.09436E-032  3.60966E-011  1.06126E-020  7.87727E-001  5.99973E-022  6.50044E-023  7.13031E-023  1.00000E-040  5.94008E-039  1.89479E-026  9.26915E-022  1.73659E-008  2.65275E-016  1.06565E-010  4.79997E-016  2.91269E-008  9.12544E-011  5.24927E-006  9.18953E-009  1.50646E-012  3.30751E-015  3.43627E-010  2.77280E-009  3.39353E-011  7.34035E-031  1.35829E-032  1.00000E-040  3.33966E-028  3.18835E-036  2.13061E-021  4.63347E-018  1.61142E-013  4.01276E-021  1.37142E-020  1.00000E-040  1.97594E-038  1.00000E-040  1.00000E-040  1.61896E-025  8.22640E-038  1.25539E-033  2.24186E-022  3.48980E-018  4.77395E-027  1.21945E-030  1.02932E-027  6.15743E-018  2.64340E-016  2.19508E-014  1.31014E-026  7.45204E-020  1.00000E-040  2.26557E-016  6.12109E-036  2.46779E-022  7.19978E-030  2.38876E-023  1.70543E-024  1.93254E-013  1.81194E-023  8.49457E-016  1.55431E-037  1.87255E-014  1.00000E-040  1.00000E-040  2.28617E-020  1.00000E-040  3.46076E-025  9.35817E-013  9.82947E-037  1.00000E-003  1.00000E-005  1.00000E-005  1.00000E-005  1.00000E-005  1.00000E-005  1.00000E-005  1.00000E-005  1.00000E-005  1.00000E-005  1.00000E-005  1.00000E-005  1.00000E-005  1.00000E-005  1.00000E-005  1.00000E-005  
3.95000E+001  3.20287E-003  9.17551E+016  2.52828E+002  3.69865E+004  1.00000E-040  1.00000E-040  1.00000E-040  1.00000E-040  1.00000E-040  1.00000E-040  1.00000E-040  1.00000E-040  1.00000E-040  1.00000E-040  1.00000E-040  1.00000E-040  1.00000E-040  1.00000E-040  7.21768E-023  1.00000E-040  1.00000E-040  2.90138E-015  1.45701E-007  1.58695E-005  2.36460E-010  3.06728E-009  2.11963E-001  3.35655E-009  2.83314E-004  6.64415E-020  2.48878E-011  1.00000E-040  8.50441E-039  4.62443E-025  1.85221E-015  1.13236E-007  2.55507E-023  7.92277E-034  1.00000E-040  1.00000E-040  1.00000E-040  9.87352E-021  1.55940E-020  7.77979E-017  8.54142E-014  1.95175E-038  1.00000E-040  1.30480E-015  1.87065E-032  3.58265E-011  4.58678E-020  7.87732E-001  6.84872E-022  8.74906E-023  5.32031E-023  1.00000E-040  9.72681E-039  2.47966E-026  1.14266E-021  1.91248E-008  2.23543E-016  1.11320E-010  4.75673E-016  2.54483E-008  7.62989E-011  4.93539E-006  8.03111E-009  1.35911E-012  4.08097E-015  3.18397E-010  2.10096E-009  3.39363E-011  6.52747E-031  1.68662E-032  1.00000E-040  3.36014E-028  3.75064E-036  2.13023E-021  6.59905E-018  2.27210E-013  5.79947E-021  2.03962E-020  1.00000E-040  2.96985E-038  1.00000E-040  1.00000E-040  1.74004E-025  1.25426E-037  2.07184E-033  2.94367E-022  3.28589E-018  9.43003E-027  1.90824E-030  4.20091E-028  4.85175E-018  2.99025E-016  1.73993E-014  3.53924E-026  2.59545E-020  1.00000E-040  1.90847E-016  8.98396E-036  3.28251E-022  7.65668E-030  2.38703E-023  1.63228E-024  1.81339E-013  1.67143E-023  1.12329E-015  1.60638E-037  1.83163E-014  1.00000E-040  1.00000E-040  3.34059E-020  1.00000E-040  4.78626E-025  7.36202E-013  1.20953E-036  1.00000E-003  1.00000E-005  1.00000E-005  1.00000E-005  1.00000E-005  1.00000E-005  1.00000E-005  1.00000E-005  1.00000E-005  1.00000E-005  1.00000E-005  1.00000E-005  1.00000E-005  1.00000E-005  1.00000E-005  1.00000E-005  
4.05000E+001  2.80486E-003  7.95058E+016  2.55522E+002  4.09878E+004  1.00000E-040  1.00000E-040  1.00000E-040  1.00000E-040  1.00000E-040  1.00000E-040  1.00000E-040  1.00000E-040  1.00000E-040  1.00000E-040  1.00000E-040  1.00000E-040  1.00000E-040  1.00000E-040  7.28261E-023  1.00000E-040  1.00000E-040  6.48962E-015  1.33804E-007  1.59035E-005  3.07501E-010  4.54221E-009  2.11958E-001  3.17603E-009  2.83294E-004  8.24180E-020  2.36304E-011  1.00000E-040  3.24853E-038  8.65155E-025  2.59331E-015  9.91208E-008  3.26726E-023  2.53498E-034  1.00000E-040  1.00000E-040  1.00000E-040  1.16662E-020  2.29294E-020  9.40038E-017  8.95944E-014  3.09805E-038  1.00000E-040  3.54396E-016  3.16193E-032  3.55689E-011  2.66229E-019  7.87738E-001  7.85081E-022  1.14498E-022  4.27907E-023  1.00000E-040  1.46700E-038  3.02651E-026  1.33620E-021  2.07118E-008  1.83527E-016  1.15859E-010  4.72077E-016  2.23058E-008  6.41649E-011  4.65141E-006  6.81392E-009  1.21558E-012  5.55977E-015  2.90807E-010  1.56192E-009  3.39148E-011  5.88214E-031  2.10446E-032  1.00000E-040  3.40955E-028  4.19003E-036  2.12984E-021  9.13166E-018  3.15259E-013  8.10465E-021  2.92953E-020  1.00000E-040  4.12729E-038  1.00000E-040  1.00000E-040  1.88307E-025  2.30893E-037  3.23495E-033  3.73202E-022  2.98876E-018  1.82856E-026  2.73627E-030  1.83619E-028  4.53241E-018  3.34861E-016  1.37068E-014  1.53308E-025  8.97118E-021  1.00000E-040  1.62309E-016  1.22195E-035  4.21630E-022  7.50932E-030  2.38425E-023  1.46600E-024  1.65121E-013  1.89420E-023  1.48174E-015  1.56615E-037  1.79005E-014  1.00000E-040  1.00000E-040  4.80443E-020  1.00000E-040  6.57621E-025  5.76362E-013  1.39983E-036  1.00000E-003  1.00000E-005  1.00000E-005  1.00000E-005  1.00000E-005  1.00000E-005  1.00000E-005  1.00000E-005  1.00000E-005  1.00000E-005  1.00000E-005  1.00000E-005  1.00000E-005  1.00000E-005  1.00000E-005  1.00000E-005  
4.15000E+001  2.45976E-003  6.90356E+016  2.58069E+002  4.51719E+004  1.00000E-040  1.00000E-040  1.00000E-040  1.00000E-040  1.00000E-040  1.00000E-040  1.00000E-040  1.00000E-040  1.00000E-040  1.00000E-040  1.00000E-040  1.00000E-040  1.00000E-040  1.00000E-040  7.34152E-023  1.00000E-040  1.00000E-040  1.44419E-014  1.23154E-007  1.59329E-005  3.97654E-010  6.72244E-009  2.11952E-001  2.99136E-009  2.83271E-004  1.00945E-019  2.21257E-011  1.00000E-040  1.24838E-037  1.56858E-024  3.54563E-015  8.65384E-008  4.79146E-023  3.06356E-034  1.33575E-037  1.51420E-036  1.00000E-040  1.52253E-020  3.71042E-020  1.28925E-016  1.08298E-013  5.44949E-038  1.00000E-040  9.20804E-017  5.21264E-032  3.53213E-011  1.36906E-018  7.87744E-001  9.02201E-022  1.44451E-022  3.78016E-023  1.00000E-040  2.02351E-038  3.41542E-026  1.47308E-021  2.20697E-008  1.46995E-016  1.20162E-010  4.67246E-016  1.95974E-008  5.45654E-011  4.40346E-006  5.61719E-009  1.07307E-012  7.75114E-015  2.62296E-010  1.13654E-009  3.38768E-011  5.39526E-031  2.62323E-032  1.00000E-040  3.47591E-028  4.39089E-036  2.12944E-021  1.22035E-017  4.27502E-013  1.08628E-020  4.02845E-020  1.06146E-040  5.19422E-038  1.00000E-040  1.00000E-040  2.04780E-025  4.74637E-037  4.72817E-033  4.53543E-022  2.61018E-018  3.42716E-026  3.54809E-030  1.09128E-028  4.69932E-018  3.68899E-016  1.07504E-014  6.86554E-025  3.06218E-021  1.00000E-040  1.40352E-016  1.52713E-035  5.19030E-022  6.74901E-030  2.37980E-023  1.23142E-024  1.44566E-013  2.47036E-023  1.94482E-015  1.42447E-037  1.74771E-014  1.00000E-040  1.00000E-040  6.70691E-020  1.00000E-040  8.84543E-025  4.48661E-013  1.51341E-036  1.00000E-003  1.00000E-005  1.00000E-005  1.00000E-005  1.00000E-005  1.00000E-005  1.00000E-005  1.00000E-005  1.00000E-005  1.00000E-005  1.00000E-005  1.00000E-005  1.00000E-005  1.00000E-005  1.00000E-005  1.00000E-005  
4.25000E+001  2.15994E-003  6.00535E+016  2.60508E+002  5.04170E+004  1.00000E-040  1.00000E-040  1.00000E-040  1.00000E-040  1.00000E-040  1.00000E-040  1.00000E-040  1.00000E-040  1.00000E-040  1.00000E-040  1.00000E-040  1.00000E-040  1.00000E-040  1.00000E-040  7.38982E-023  1.00000E-040  1.00000E-040  3.16706E-014  1.13894E-007  1.59575E-005  5.08952E-010  9.91038E-009  2.11947E-001  2.80868E-009  2.83245E-004  1.21832E-019  2.04375E-011  1.00000E-040  4.67868E-037  2.73364E-024  4.71523E-015  7.54989E-008  7.39052E-023  3.76959E-034  8.50398E-038  9.59657E-037  1.00000E-040  1.99407E-020  5.97462E-020  1.84415E-016  1.38571E-013  9.71002E-038  1.00000E-040  2.30398E-017  8.38097E-032  3.50844E-011  5.79405E-018  7.87750E-001  1.03752E-021  1.76397E-022  3.72626E-023  1.00000E-040  2.53679E-038  3.53492E-026  1.51706E-021  2.31516E-008  1.15267E-016  1.24407E-010  4.59443E-016  1.72719E-008  4.71988E-011  4.18691E-006  4.51069E-009  9.31748E-013  1.03925E-014  2.33647E-010  8.07163E-010  3.38260E-011  5.09452E-031  3.23584E-032  1.00000E-040  3.52602E-028  4.36611E-036  2.12901E-021  1.56167E-017  5.63228E-013  1.38269E-020  5.25439E-020  1.12047E-040  5.88566E-038  1.00000E-040  1.00000E-040  2.22824E-025  9.95923E-037  6.38201E-033  5.23527E-022  2.19911E-018  6.16174E-026  4.13239E-030  1.24818E-028  4.91643E-018  3.97591E-016  8.41595E-015  2.60553E-024  1.03775E-021  1.00000E-040  1.22256E-016  1.73008E-035  6.06361E-022  5.52118E-030  2.37292E-023  9.57430E-025  1.21315E-013  3.38673E-023  2.53132E-015  1.22134E-037  1.70515E-014  1.00000E-040  1.00000E-040  9.01015E-020  1.00000E-040  1.16368E-024  3.48226E-013  1.51882E-036  1.00000E-003  1.00000E-005  1.00000E-005  1.00000E-005  1.00000E-005  1.00000E-005  1.00000E-005  1.00000E-005  1.00000E-005  1.00000E-005  1.00000E-005  1.00000E-005  1.00000E-005  1.00000E-005  1.00000E-005  1.00000E-005  
4.35000E+001  1.89888E-003  5.23880E+016  2.62532E+002  5.66624E+004  1.00000E-040  1.00000E-040  1.00000E-040  1.00000E-040  1.00000E-040  1.00000E-040  1.00000E-040  1.00000E-040  1.00000E-040  1.00000E-040  1.00000E-040  1.00000E-040  1.00000E-040  1.00000E-040  7.40705E-023  1.00000E-040  1.00000E-040  6.73018E-014  1.06179E-007  1.59772E-005  6.41928E-010  1.44576E-008  2.11940E-001  2.63251E-009  2.83217E-004  1.43788E-019  1.85543E-011  1.00000E-040  1.62227E-036  4.48043E-024  6.01041E-015  6.60380E-008  1.13368E-022  5.38442E-034  1.00000E-040  1.00000E-040  1.00000E-040  2.49999E-020  9.10315E-020  2.63653E-016  1.77588E-013  1.64046E-037  1.00000E-040  5.62488E-018  1.27231E-031  3.48610E-011  2.06567E-017  7.87756E-001  1.19035E-021  2.05444E-022  4.07273E-023  1.00000E-040  2.88214E-038  3.34484E-026  1.44700E-021  2.39404E-008  8.94862E-017  1.28661E-010  4.45924E-016  1.52946E-008  4.17675E-011  4.00370E-006  3.53347E-009  7.88914E-013  1.30441E-014  2.06584E-010  5.60445E-010  3.37661E-011  5.03334E-031  3.93902E-032  1.00000E-040  3.55412E-028  4.03423E-036  2.12859E-021  1.89133E-017  7.12720E-013  1.64666E-020  6.39606E-020  1.06601E-040  5.76724E-038  1.00000E-040  1.00000E-040  2.42190E-025  1.98349E-036  7.83015E-033  5.66171E-022  1.80327E-018  1.03590E-025  4.28720E-030  2.21353E-028  4.99054E-018  4.17054E-016  6.62362E-015  8.16269E-024  3.53791E-022  1.00000E-040  1.09960E-016  1.77998E-035  6.63137E-022  4.14140E-030  2.36288E-023  6.88787E-025  9.72315E-014  4.62747E-023  3.25927E-015  9.70566E-038  1.66328E-014  1.00000E-040  1.00000E-040  1.14035E-019  1.00000E-040  1.46727E-024  2.70966E-013  1.41302E-036  1.00000E-003  1.00000E-005  1.00000E-005  1.00000E-005  1.00000E-005  1.00000E-005  1.00000E-005  1.00000E-005  1.00000E-005  1.00000E-005  1.00000E-005  1.00000E-005  1.00000E-005  1.00000E-005  1.00000E-005  1.00000E-005  
4.45000E+001  1.67102E-003  4.57805E+016  2.64374E+002  6.33601E+004  1.00000E-040  1.00000E-040  1.00000E-040  1.00000E-040  1.00000E-040  1.00000E-040  1.00000E-040  1.00000E-040  1.00000E-040  1.00000E-040  1.00000E-040  1.00000E-040  1.00000E-040  1.00000E-040  7.37334E-023  1.00000E-040  1.00048E-040  1.37931E-013  1.00029E-007  1.59921E-005  7.93940E-010  2.08117E-008  2.11934E-001  2.47025E-009  2.83187E-004  1.66396E-019  1.66268E-011  1.00000E-040  5.14299E-036  6.90865E-024  7.36500E-015  5.80478E-008  1.69599E-022  7.77599E-034  1.00000E-040  1.00000E-040  1.00000E-040  2.91603E-020  1.26905E-019  3.67556E-016  2.23247E-013  2.57941E-037  1.00000E-040  1.35080E-018  1.85779E-031  3.46511E-011  6.29472E-017  7.87762E-001  1.36148E-021  2.32600E-022  4.86296E-023  1.00000E-040  2.98870E-038  2.90803E-026  1.27393E-021  2.44335E-008  6.94699E-017  1.33172E-010  4.26129E-016  1.36152E-008  3.77579E-011  3.83169E-006  2.71294E-009  6.49507E-013  1.53629E-014  1.80979E-010  3.79354E-010  3.36995E-011  5.27224E-031  4.68082E-032  1.00000E-040  3.50415E-028  3.59978E-036  2.12815E-021  2.15945E-017  8.65037E-013  1.82866E-020  7.25324E-020  1.00000E-040  4.99679E-038  1.00000E-040  1.00000E-040  2.61036E-025  3.69479E-036  8.67958E-033  5.72316E-022  1.46621E-018  1.63414E-025  4.01586E-030  4.32082E-028  4.75343E-018  4.23623E-016  5.23991E-015  2.13627E-023  1.22809E-022  1.00000E-040  9.92140E-017  1.65275E-035  6.76855E-022  2.89294E-030  2.34911E-023  4.54519E-025  7.48049E-014  6.10983E-023  4.13212E-015  7.40963E-038  1.62269E-014  1.00000E-040  1.00000E-040  1.35886E-019  1.00000E-040  1.80042E-024  2.12265E-013  1.22492E-036  1.00000E-003  1.00000E-005  1.00000E-005  1.00000E-005  1.00000E-005  1.00000E-005  1.00000E-005  1.00000E-005  1.00000E-005  1.00000E-005  1.00000E-005  1.00000E-005  1.00000E-005  1.00000E-005  1.00000E-005  1.00000E-005  
4.55000E+001  1.47167E-003  4.01343E+016  2.65590E+002  6.89710E+004  1.00000E-040  1.00000E-040  1.00000E-040  1.00000E-040  1.00000E-040  1.00000E-040  1.00000E-040  1.00000E-040  1.00000E-040  1.00000E-040  1.00000E-040  1.00000E-040  1.00000E-040  1.00000E-040  7.24332E-023  1.00000E-040  1.00099E-040  2.68414E-013  9.53480E-008  1.60028E-005  9.60945E-010  2.93540E-008  2.11928E-001  2.32015E-009  2.83154E-004  1.86662E-019  1.46036E-011  1.00000E-040  1.42108E-035  9.77299E-024  8.51129E-015  5.12880E-008  2.46806E-022  1.06215E-033  1.00000E-040  1.00000E-040  1.00000E-040  3.23964E-020  1.65667E-019  5.07360E-016  2.74593E-013  3.71877E-037  1.00000E-040  3.17354E-019  2.50148E-031  3.44520E-011  1.70425E-016  7.87769E-001  1.54534E-021  2.50637E-022  6.09247E-023  1.00000E-040  2.85986E-038  2.35012E-026  1.03418E-021  2.46447E-008  5.48310E-017  1.37870E-010  3.98664E-016  1.21664E-008  3.48415E-011  3.67421E-006  2.04495E-009  5.16379E-013  1.71848E-014  1.58109E-010  2.51168E-010  3.36271E-011  5.85799E-031  5.44755E-032  1.00000E-040  3.39455E-028  2.99945E-036  2.12770E-021  2.30440E-017  9.95864E-013  1.87276E-020  7.56555E-020  1.00000E-040  3.65341E-038  1.00000E-040  1.00000E-040  2.79030E-025  6.27936E-036  8.62924E-033  5.35418E-022  1.18851E-018  2.34626E-025  3.41398E-030  7.93089E-028  4.39855E-018  4.14348E-016  4.18064E-015  4.76964E-023  4.33401E-023  1.00000E-040  9.33483E-017  1.41703E-035  6.38672E-022  1.96600E-030  2.33112E-023  2.78544E-025  5.51271E-014  7.82979E-023  5.15097E-015  5.29177E-038  1.58336E-014  1.00000E-040  1.00000E-040  1.48932E-019  1.00000E-040  2.08548E-024  1.67438E-013  9.97070E-037  1.00000E-003  1.00000E-005  1.00000E-005  1.00000E-005  1.00000E-005  1.00000E-005  1.00000E-005  1.00000E-005  1.00000E-005  1.00000E-005  1.00000E-005  1.00000E-005  1.00000E-005  1.00000E-005  1.00000E-005  1.00000E-005  
4.65000E+001  1.29685E-003  3.52345E+016  2.66586E+002  7.80352E+004  1.00000E-040  1.00000E-040  1.00000E-040  1.00000E-040  1.00000E-040  1.00000E-040  1.00000E-040  1.00000E-040  1.00000E-040  1.00000E-040  1.00000E-040  1.00000E-040  1.00000E-040  1.00000E-040  6.98944E-023  1.00000E-040  1.00151E-040  4.98241E-013  9.21346E-008  1.60094E-005  1.13587E-009  4.05785E-008  2.11921E-001  2.19071E-009  2.83119E-004  2.04984E-019  1.26824E-011  1.00000E-040  3.48780E-035  1.28675E-023  9.39399E-015  4.56706E-008  3.49765E-022  1.33435E-033  1.00000E-040  1.00000E-040  1.00000E-040  3.42369E-020  2.01868E-019  6.85739E-016  3.30252E-013  4.96793E-037  1.00000E-040  7.37343E-020  3.22194E-031  3.42651E-011  4.11891E-016  7.87776E-001  1.74529E-021  2.64409E-022  7.89102E-023  1.00000E-040  2.56750E-038  1.79057E-026  7.77396E-022  2.46048E-008  4.46084E-017  1.42898E-010  3.65683E-016  1.09239E-008  3.25511E-011  3.50853E-006  1.52270E-009  3.97375E-013  1.83824E-014  1.37250E-010  1.62574E-010  3.35505E-011  6.80686E-031  6.15307E-032  1.00000E-040  3.18204E-028  2.45706E-036  2.12724E-021  2.30617E-017  1.09383E-012  1.77936E-020  7.31635E-020  1.00000E-040  2.36761E-038  1.00000E-040  1.00000E-040  2.93702E-025  9.90213E-036  7.74158E-033  4.66896E-022  9.80543E-019  3.12667E-025  2.70345E-030  1.37742E-027  3.92332E-018  3.89987E-016  3.35351E-015  9.25634E-023  1.57731E-023  1.00000E-040  8.78532E-017  1.12253E-035  5.60848E-022  1.36659E-030  2.30923E-023  1.57770E-025  3.92985E-014  9.62867E-023  6.29055E-015  3.70807E-038  1.54610E-014  1.00000E-040  1.00000E-040  1.52041E-019  1.00000E-040  2.35136E-024  1.33652E-013  7.71583E-037  1.00000E-003  1.00000E-005  1.00000E-005  1.00000E-005  1.00000E-005  1.00000E-005  1.00000E-005  1.00000E-005  1.00000E-005  1.00000E-005  1.00000E-005  1.00000E-005  1.00000E-005  1.00000E-005  1.00000E-005  1.00000E-005  
4.75000E+001  1.14323E-003  3.10103E+016  2.67021E+002  8.59767E+004  1.00000E-040  1.00000E-040  1.00000E-040  1.00000E-040  1.00000E-040  1.00000E-040  1.00000E-040  1.00000E-040  1.00000E-040  1.00000E-040  1.00000E-040  1.00000E-040  1.00000E-040  1.00000E-040  6.58108E-023  1.00000E-040  1.00204E-040  8.77128E-013  9.03336E-008  1.60125E-005  1.31360E-009  5.48149E-008  2.11915E-001  2.08354E-009  2.83083E-004  2.19613E-019  1.08865E-011  1.00000E-040  7.47355E-035  1.56330E-023  9.82941E-015  4.10797E-008  4.83454E-022  1.61925E-033  2.90061E-038  3.14026E-037  1.00000E-040  3.54044E-020  2.36831E-019  9.20581E-016  3.88926E-013  6.14921E-037  1.00000E-040  1.72162E-020  3.85729E-031  3.40915E-011  9.15411E-016  7.87783E-001  1.95348E-021  2.68816E-022  1.01993E-022  1.00000E-040  2.20703E-038  1.31329E-026  5.45853E-022  2.43581E-008  3.79135E-017  1.48084E-010  3.28509E-016  9.86454E-009  3.07045E-011  3.34422E-006  1.12315E-009  2.96323E-013  1.89829E-014  1.19062E-010  1.03711E-010  3.34712E-011  8.08119E-031  6.78905E-032  1.00000E-040  2.91230E-028  1.92467E-036  2.12678E-021  2.16634E-017  1.14328E-012  1.56890E-020  6.55535E-020  1.00000E-040  1.33264E-038  1.00000E-040  1.00000E-040  3.05196E-025  1.43660E-035  6.31289E-033  3.79766E-022  8.22667E-019  3.81853E-025  2.02612E-030  2.19432E-027  3.50539E-018  3.54241E-016  2.71425E-015  1.59761E-022  6.00761E-024  1.00000E-040  8.54406E-017  8.49198E-036  4.58869E-022  1.02665E-030  2.28423E-023  8.42670E-026  2.72022E-014  1.14773E-022  7.53549E-015  2.49503E-038  1.51164E-014  1.00000E-040  1.00000E-040  1.43525E-019  1.00000E-040  2.54183E-024  1.08451E-013  5.76676E-037  1.00000E-003  1.00000E-005  1.00000E-005  1.00000E-005  1.00000E-005  1.00000E-005  1.00000E-005  1.00000E-005  1.00000E-005  1.00000E-005  1.00000E-005  1.00000E-005  1.00000E-005  1.00000E-005  1.00000E-005  1.00000E-005  
4.85000E+001  1.00801E-003  2.73224E+016  2.67216E+002  9.43451E+004  1.00000E-040  1.00000E-040  1.00000E-040  1.00000E-040  1.00000E-040  1.00000E-040  1.00000E-040  1.00000E-040  1.00000E-040  1.00000E-040  1.00000E-040  1.00000E-040  1.00000E-040  1.00000E-040  6.02489E-023  1.00000E-040  1.00259E-040  1.47809E-012  8.98309E-008  1.60123E-005  1.48838E-009  7.25678E-008  2.11908E-001  2.00053E-009  2.83044E-004  2.31415E-019  9.29344E-012  1.00000E-040  1.43557E-034  1.78046E-023  9.86244E-015  3.73017E-008  6.56150E-022  1.90148E-033  2.87676E-038  3.07237E-037  1.00000E-040  3.60470E-020  2.69538E-019  1.22268E-015  4.50886E-013  7.16576E-037  1.00000E-040  4.02483E-021  4.42764E-031  3.39286E-011  1.87480E-015  7.87790E-001  2.17651E-021  2.68825E-022  1.31084E-022  1.00000E-040  1.83830E-038  9.36588E-027  3.60917E-022  2.39336E-008  3.36618E-017  1.53458E-010  2.90149E-016  8.94705E-009  2.90578E-011  3.17227E-006  8.24129E-010  2.15209E-013  1.90615E-014  1.02879E-010  6.51429E-011  3.33884E-011  9.61224E-031  7.29410E-032  1.00000E-040  2.58607E-028  1.49143E-036  2.12631E-021  1.92450E-017  1.14604E-012  1.29681E-020  5.50363E-020  1.00000E-040  1.08149E-037  1.00000E-040  1.00000E-040  3.12174E-025  1.95755E-035  4.73852E-033  2.91229E-022  7.06619E-019  4.35908E-025  1.46401E-030  3.29817E-027  3.14547E-018  3.10865E-016  2.20690E-015  2.48295E-022  2.39009E-024  1.00000E-040  8.34265E-017  6.14907E-036  3.53540E-022  8.49126E-031  2.25657E-023  4.24868E-026  1.83904E-014  1.32602E-022  8.85218E-015  1.66309E-038  1.47985E-014  1.00000E-040  1.00000E-040  1.27074E-019  1.00000E-040  2.69332E-024  8.93945E-014  4.19625E-037  1.00000E-003  1.00000E-005  1.00000E-005  1.00000E-005  1.00000E-005  1.00000E-005  1.00000E-005  1.00000E-005  1.00000E-005  1.00000E-005  1.00000E-005  1.00000E-005  1.00000E-005  1.00000E-005  1.00000E-005  1.00000E-005  
4.95000E+001  8.88805E-004  2.41159E+016  2.66944E+002  1.04470E+005  1.00000E-040  1.00000E-040  1.00000E-040  1.00000E-040  1.00000E-040  1.00000E-040  1.00000E-040  1.00000E-040  1.00000E-040  1.00000E-040  1.00000E-040  1.00000E-040  1.00000E-040  1.00000E-040  5.34546E-023  1.00000E-040  1.00315E-040  2.38830E-012  9.05482E-008  1.60093E-005  1.65896E-009  9.42306E-008  2.11901E-001  1.94189E-009  2.83003E-004  2.39785E-019  7.90512E-012  1.00000E-040  2.47725E-034  1.90448E-023  9.48794E-015  3.42208E-008  8.76213E-022  2.21430E-033  1.12147E-038  1.18058E-037  1.00000E-040  3.67184E-020  3.03517E-019  1.62187E-015  5.15465E-013  7.90657E-037  1.00000E-040  9.53112E-022  4.79302E-031  3.37765E-011  3.61267E-015  7.87797E-001  2.40463E-021  2.61540E-022  1.64340E-022  1.00000E-040  1.50359E-038  6.58356E-027  2.27401E-022  2.33706E-008  3.10726E-017  1.58864E-010  2.52376E-016  8.15382E-009  2.75793E-011  3.00516E-006  6.02496E-010  1.52940E-013  1.87489E-014  8.88908E-011  4.05832E-011  3.33028E-011  1.13135E-030  7.69049E-032  1.00000E-040  2.25322E-028  1.11833E-036  2.12584E-021  1.62770E-017  1.10470E-012  1.01193E-020  4.35856E-020  1.00000E-040  8.54837E-034  1.00000E-040  1.00000E-040  3.15725E-025  2.50548E-035  3.31914E-033  2.11912E-022  6.14627E-019  4.64729E-025  1.03011E-030  4.61866E-027  2.89907E-018  2.65326E-016  1.80768E-015  3.53952E-022  1.00005E-024  1.00000E-040  8.38076E-017  4.36842E-036  2.58238E-022  7.57728E-031  2.22715E-023  2.06197E-026  1.21948E-014  1.50027E-022  1.02346E-014  1.07855E-038  1.45112E-014  1.00000E-040  1.00000E-040  1.05788E-019  1.00000E-040  2.77377E-024  7.50087E-014  3.00503E-037  1.00000E-003  1.00000E-005  1.00000E-005  1.00000E-005  1.00000E-005  1.00000E-005  1.00000E-005  1.00000E-005  1.00000E-005  1.00000E-005  1.00000E-005  1.00000E-005  1.00000E-005  1.00000E-005  1.00000E-005  1.00000E-005  
5.05000E+001  7.83568E-004  2.13096E+016  2.66329E+002  1.14473E+005  1.00000E-040  1.00000E-040  1.00000E-040  1.00000E-040  1.00000E-040  1.00000E-040  1.00000E-040  1.00000E-040  1.00000E-040  1.00000E-040  1.00000E-040  1.00000E-040  1.00000E-040  1.00000E-040  4.59300E-023  1.00000E-040  1.00373E-040  3.73137E-012  9.23991E-008  1.60037E-005  1.82452E-009  1.20439E-007  2.11893E-001  1.90907E-009  2.82961E-004  2.45758E-019  6.73345E-012  1.00000E-040  3.92762E-034  1.93926E-023  8.83387E-015  3.17187E-008  1.15480E-021  2.53850E-033  1.00000E-040  1.00000E-040  1.00000E-040  3.74591E-020  3.39324E-019  2.14491E-015  5.82348E-013  8.35737E-037  1.00000E-040  2.30756E-022  4.96283E-031  3.36347E-011  6.58899E-015  7.87805E-001  2.63909E-021  2.49534E-022  2.00930E-022  1.00000E-040  1.21446E-038  4.58236E-027  1.38021E-022  2.27012E-008  2.95084E-017  1.64278E-010  2.17017E-016  7.46708E-009  2.62047E-011  2.84350E-006  4.39675E-010  1.06857E-013  1.81514E-014  7.67505E-011  2.51475E-011  3.32144E-011  1.31050E-030  7.97413E-032  1.00000E-040  1.93030E-028  8.20249E-037  2.12535E-021  1.32430E-017  1.03183E-012  7.54372E-021  3.29672E-020  1.00000E-040  2.67525E-038  1.00000E-040  1.00000E-040  3.16064E-025  3.05231E-035  2.20259E-033  1.48014E-022  5.39971E-019  4.69694E-025  7.11402E-031  6.12072E-027  2.74305E-018  2.21415E-016  1.49122E-015  4.68619E-022  4.41904E-025  1.00000E-040  8.59017E-017  3.05776E-036  1.80927E-022  7.10591E-031  2.19666E-023  9.71293E-027  7.97108E-015  1.66639E-022  1.16734E-014  6.87225E-039  1.42558E-014  1.00000E-040  1.00000E-040  8.38467E-020  1.00000E-040  2.80925E-024  6.41130E-014  2.13203E-037  1.00000E-003  1.00000E-005  1.00000E-005  1.00000E-005  1.00000E-005  1.00000E-005  1.00000E-005  1.00000E-005  1.00000E-005  1.00000E-005  1.00000E-005  1.00000E-005  1.00000E-005  1.00000E-005  1.00000E-005  1.00000E-005  
5.15000E+001  6.90572E-004  1.88444E+016  2.65426E+002  1.24475E+005  1.00000E-040  1.00000E-040  1.00000E-040  1.00000E-040  1.00000E-040  1.00000E-040  1.00000E-040  1.00000E-040  1.00000E-040  1.00000E-040  1.00000E-040  1.00000E-040  1.00000E-040  1.00000E-040  3.82344E-023  1.00000E-040  1.00433E-040  5.67330E-012  9.53261E-008  1.59959E-005  1.98558E-009  1.51949E-007  2.11886E-001  1.90320E-009  2.82916E-004  2.49929E-019  5.75859E-012  1.00000E-040  5.81647E-034  1.89831E-023  8.01199E-015  2.96747E-008  1.50721E-021  2.94413E-033  1.00000E-040  1.00000E-040  1.00000E-040  3.83294E-020  3.78081E-019  2.83027E-015  6.51898E-013  8.54600E-037  1.00000E-040  5.72097E-023  4.95182E-031  3.35012E-011  1.14488E-014  7.87812E-001  2.87895E-021  2.34282E-022  2.39601E-022  1.00000E-040  9.70178E-039  3.16110E-027  8.14437E-023  2.19451E-008  2.85181E-017  1.69656E-010  1.85042E-016  6.86658E-009  2.49078E-011  2.68904E-006  3.20483E-010  7.36479E-014  1.73710E-014  6.61964E-011  1.55146E-011  3.31227E-011  1.49281E-030  8.15455E-032  1.00000E-040  1.63130E-028  5.90352E-037  2.12484E-021  1.04531E-017  9.39527E-013  5.42475E-021  2.40531E-020  1.00000E-040  1.00000E-040  1.00000E-040  1.00000E-040  3.13697E-025  3.57556E-035  1.40223E-033  1.00153E-022  4.76959E-019  4.54738E-025  4.83414E-031  7.74798E-027  2.66570E-018  1.81491E-016  1.23880E-015  5.82300E-022  2.05678E-025  1.00000E-040  8.96817E-017  2.11394E-036  1.22725E-022  6.88321E-031  2.16534E-023  4.47789E-027  5.15399E-015  1.82493E-022  1.31660E-014  4.31484E-039  1.40302E-014  1.00000E-040  1.00000E-040  6.38547E-020  1.00000E-040  2.81189E-024  5.57551E-014  1.50183E-037  1.00000E-003  1.00000E-005  1.00000E-005  1.00000E-005  1.00000E-005  1.00000E-005  1.00000E-005  1.00000E-005  1.00000E-005  1.00000E-005  1.00000E-005  1.00000E-005  1.00000E-005  1.00000E-005  1.00000E-005  1.00000E-005  
5.25000E+001  6.08318E-004  1.66829E+016  2.64105E+002  1.34477E+005  1.00000E-040  1.00000E-040  1.00000E-040  1.00000E-040  1.00000E-040  1.00000E-040  1.00000E-040  1.00000E-040  1.00000E-040  1.00000E-040  1.00000E-040  1.00000E-040  1.00000E-040  1.00000E-040  3.08622E-023  1.00000E-040  1.00496E-040  8.41882E-012  9.92959E-008  1.59859E-005  2.14496E-009  1.89537E-007  2.11878E-001  1.92611E-009  2.82869E-004  2.51997E-019  4.94760E-012  1.48883E-040  8.09685E-034  1.79391E-023  7.09499E-015  2.79975E-008  1.95267E-021  3.47044E-033  1.00000E-040  1.00000E-040  1.00000E-040  3.95140E-020  4.22843E-019  3.74580E-015  7.24419E-013  8.51047E-037  1.00000E-040  1.45764E-023  4.71620E-031  3.33744E-011  1.91892E-014  7.87820E-001  3.10484E-021  2.14851E-022  2.77331E-022  5.66557E-035  7.69631E-039  2.17027E-027  4.71684E-023  2.11195E-008  2.77909E-017  1.74887E-010  1.56523E-016  6.33741E-009  2.37075E-011  2.54758E-006  2.33174E-010  5.02085E-014  1.64999E-014  5.71254E-011  9.55478E-012  3.30269E-011  1.67449E-030  8.27151E-032  1.00000E-040  1.37069E-028  4.10547E-037  2.12432E-021  8.06514E-018  8.37390E-013  3.79269E-021  1.70641E-020  1.00000E-040  1.00000E-040  1.00000E-040  1.00000E-040  3.09805E-025  4.04201E-035  8.66206E-034  6.60915E-023  4.18661E-019  4.22807E-025  3.23743E-031  9.31317E-027  2.67543E-018  1.47039E-016  1.03821E-015  6.87498E-022  1.00557E-025  1.00000E-040  9.67164E-017  1.46032E-036  8.11467E-023  6.77811E-031  2.13339E-023  2.04821E-027  3.30722E-015  1.98562E-022  1.47304E-014  2.63387E-039  1.38327E-014  1.00000E-040  1.00000E-040  4.69292E-020  1.00000E-040  2.76248E-024  4.92740E-014  1.05249E-037  1.00000E-003  1.00000E-005  1.00000E-005  1.00000E-005  1.00000E-005  1.00000E-005  1.00000E-005  1.00000E-005  1.00000E-005  1.00000E-005  1.00000E-005  1.00000E-005  1.00000E-005  1.00000E-005  1.00000E-005  1.00000E-005  
5.35000E+001  5.35526E-004  1.47667E+016  2.62672E+002  1.44478E+005  1.00000E-040  1.00000E-040  1.00000E-040  1.00000E-040  1.00000E-040  1.00000E-040  1.00000E-040  1.00000E-040  1.00000E-040  1.00000E-040  1.00000E-040  1.00000E-040  1.00000E-040  1.00000E-040  2.42088E-023  1.00000E-040  1.00562E-040  1.23011E-011  1.04296E-007  1.59738E-005  2.30202E-009  2.34597E-007  2.11869E-001  1.98253E-009  2.82820E-004  2.53705E-019  4.28312E-012  1.00000E-040  1.08572E-033  1.65960E-023  6.19855E-015  2.66140E-008  2.51737E-021  4.09685E-033  7.82081E-037  7.97622E-036  1.00000E-040  4.06840E-020  4.70752E-019  4.93211E-015  8.00354E-013  8.32987E-037  1.00000E-040  3.82636E-024  4.41128E-031  3.32529E-011  3.08585E-014  7.87829E-001  3.33948E-021  1.95801E-022  3.15213E-022  1.00000E-040  6.04011E-039  1.47536E-027  2.69478E-023  2.02382E-008  2.71646E-017  1.80068E-010  1.32054E-016  5.86789E-009  2.25508E-011  2.41178E-006  1.69503E-010  3.39001E-014  1.55720E-014  4.91593E-011  5.86319E-012  3.29263E-011  1.85241E-030  8.30231E-032  1.00000E-040  1.13911E-028  2.83667E-037  2.12376E-021  6.13073E-018  7.35334E-013  2.60246E-021  1.18862E-020  1.00000E-040  1.93553E-038  1.00000E-040  1.00000E-040  3.03857E-025  4.47531E-035  5.23815E-034  4.29551E-023  3.68646E-019  3.84254E-025  2.13989E-031  1.09241E-026  2.73133E-018  1.17816E-016  8.75501E-016  7.73705E-022  5.15070E-026  1.00000E-040  1.05220E-016  9.94541E-037  5.28217E-023  6.83213E-031  2.10088E-023  9.26252E-028  2.11060E-015  2.13786E-022  1.63536E-014  1.60094E-039  1.36608E-014  2.89138E-039  1.00000E-040  3.36922E-020  1.00000E-040  2.71541E-024  4.41956E-014  7.33917E-038  1.00000E-003  1.00000E-005  1.00000E-005  1.00000E-005  1.00000E-005  1.00000E-005  1.00000E-005  1.00000E-005  1.00000E-005  1.00000E-005  1.00000E-005  1.00000E-005  1.00000E-005  1.00000E-005  1.00000E-005  1.00000E-005  
5.45000E+001  4.71088E-004  1.30830E+016  2.60803E+002  1.54480E+005  1.00000E-040  1.00000E-040  1.00000E-040  1.00000E-040  1.00000E-040  1.00000E-040  1.00000E-040  1.00000E-040  1.00000E-040  1.00000E-040  1.00000E-040  1.00000E-040  1.00000E-040  1.00000E-040  1.84781E-023  1.00000E-040  1.00632E-040  1.76634E-011  1.10334E-007  1.59596E-005  2.46179E-009  2.88059E-007  2.11861E-001  2.07761E-009  2.82767E-004  2.53632E-019  3.72861E-012  1.02229E-039  1.39288E-033  1.49859E-023  5.32749E-015  2.54677E-008  3.23359E-021  4.74583E-033  1.00000E-040  1.00000E-040  1.00000E-040  4.21573E-020  5.27061E-019  6.52050E-015  8.80033E-013  8.03527E-037  1.00000E-040  1.04385E-024  3.93937E-031  3.31350E-011  4.84693E-014  7.87838E-001  3.53533E-021  1.73957E-022  3.48082E-022  2.57892E-034  4.73022E-039  1.00280E-027  1.53249E-023  1.93135E-008  2.64966E-017  1.85007E-010  1.10671E-016  5.44883E-009  2.14892E-011  2.29053E-006  1.22882E-010  2.27149E-014  1.46488E-014  4.23359E-011  3.59625E-012  3.28202E-011  2.02564E-030  8.31028E-032  1.00000E-040  9.47152E-029  1.88123E-037  2.12318E-021  4.61732E-018  6.37222E-013  1.76177E-021  8.17252E-021  1.00000E-040  1.00000E-040  1.00000E-040  1.00000E-040  2.97526E-025  4.83330E-035  3.12854E-034  2.75853E-023  3.19462E-019  3.38920E-025  1.39992E-031  1.22139E-026  2.86699E-018  9.40422E-017  7.45447E-016  8.41009E-022  2.75515E-026  1.00000E-040  1.18774E-016  6.83442E-037  3.39611E-023  6.91770E-031  2.06788E-023  4.21942E-028  1.34343E-015  2.30244E-022  1.80767E-014  9.40198E-040  1.35126E-014  1.00000E-040  1.00000E-040  2.35877E-020  1.00000E-040  2.61694E-024  4.01800E-014  5.10350E-038  1.00000E-003  1.00000E-005  1.00000E-005  1.00000E-005  1.00000E-005  1.00000E-005  1.00000E-005  1.00000E-005  1.00000E-005  1.00000E-005  1.00000E-005  1.00000E-005  1.00000E-005  1.00000E-005  1.00000E-005  1.00000E-005  
5.55000E+001  4.14034E-004  1.15824E+016  2.58914E+002  1.64481E+005  1.00000E-040  1.00000E-040  1.00000E-040  1.00000E-040  1.00000E-040  1.00000E-040  1.00000E-040  1.00000E-040  1.00000E-040  1.00000E-040  1.00000E-040  1.00000E-040  1.00000E-040  1.00000E-040  1.37557E-023  1.00000E-040  1.00706E-040  2.51537E-011  1.17431E-007  1.59435E-005  2.62205E-009  3.52145E-007  2.11851E-001  2.22114E-009  2.82710E-004  2.53952E-019  3.27143E-012  1.00000E-040  1.75325E-033  1.33911E-023  4.55152E-015  2.45128E-008  4.14605E-021  5.59317E-033  1.00000E-040  1.00000E-040  1.00000E-040  4.34461E-020  5.86077E-019  8.55772E-015  9.63994E-013  7.69183E-037  1.00000E-040  3.02038E-025  3.48873E-031  3.30193E-011  7.35281E-014  7.87848E-001  3.73946E-021  1.54287E-022  3.79366E-022  1.00000E-040  3.67631E-039  6.76746E-028  8.68912E-024  1.83566E-008  2.57738E-017  1.89890E-010  9.29378E-017  5.07286E-009  2.04595E-011  2.17315E-006  8.89587E-011  1.51007E-014  1.37284E-014  3.63230E-011  2.19773E-012  3.27078E-011  2.19261E-030  8.25336E-032  1.00000E-040  7.80411E-029  1.24547E-037  2.12257E-021  3.46572E-018  5.47711E-013  1.18534E-021  5.58773E-021  1.00000E-040  1.00000E-040  1.00000E-040  1.00000E-040  2.89694E-025  5.16738E-035  1.85504E-034  1.76548E-023  2.77422E-019  2.95645E-025  9.08171E-032  1.34800E-026  3.03330E-018  7.45508E-017  6.38041E-016  8.81276E-022  1.53493E-026  1.00000E-040  1.35058E-016  4.64300E-037  2.17548E-023  7.12270E-031  2.03440E-023  1.91585E-028  8.53020E-016  2.45999E-022  1.98736E-014  5.51787E-040  1.33853E-014  1.00000E-040  1.00000E-040  1.62881E-020  1.00000E-040  2.53676E-024  3.69771E-014  3.53926E-038  1.00000E-003  1.00000E-005  1.00000E-005  1.00000E-005  1.00000E-005  1.00000E-005  1.00000E-005  1.00000E-005  1.00000E-005  1.00000E-005  1.00000E-005  1.00000E-005  1.00000E-005  1.00000E-005  1.00000E-005  1.00000E-005  
5.65000E+001  3.63530E-004  1.02586E+016  2.56667E+002  1.74482E+005  1.00000E-040  1.00000E-040  1.00000E-040  1.00000E-040  1.00000E-040  1.00000E-040  1.00000E-040  1.00000E-040  1.00000E-040  1.00000E-040  1.00000E-040  1.00000E-040  1.00000E-040  1.00000E-040  1.00007E-023  1.00000E-040  1.00785E-040  3.54053E-011  1.25624E-007  1.59253E-005  2.78827E-009  4.28213E-007  2.11841E-001  2.42503E-009  2.82649E-004  2.53044E-019  2.88582E-012  1.00000E-040  2.14278E-033  1.17815E-023  3.84934E-015  2.37134E-008  5.31046E-021  6.60434E-033  7.25775E-038  7.23506E-037  1.00000E-040  4.48261E-020  6.52825E-019  1.12377E-014  1.05263E-012  7.31489E-037  1.00000E-040  9.93087E-026  2.97084E-031  3.29044E-011  1.09576E-013  7.87858E-001  3.89177E-021  1.33821E-022  4.03524E-022  1.00000E-040  2.86313E-039  4.58524E-028  4.94850E-024  1.73781E-008  2.49324E-017  1.94522E-010  7.76766E-017  4.73396E-009  1.95095E-011  2.06769E-006  6.41885E-011  9.97790E-015  1.28463E-014  3.11574E-011  1.34174E-012  3.25884E-011  2.35354E-030  8.19034E-032  1.00000E-040  6.44107E-029  7.94103E-038  2.12191E-021  2.60334E-018  4.67206E-013  7.95467E-022  3.81365E-021  1.00000E-040  1.00000E-040  1.00000E-040  1.00000E-040  2.81881E-025  5.43574E-035  1.09914E-034  1.12770E-023  2.36753E-019  2.52648E-025  5.86372E-032  1.43009E-026  3.26584E-018  5.90743E-017  5.50776E-016  9.00587E-022  8.87763E-027  1.00000E-040  1.58703E-016  3.19658E-037  1.39040E-023  7.31547E-031  2.00045E-023  8.82407E-029  5.41593E-016  2.63443E-022  2.17950E-014  3.13619E-040  1.32768E-014  1.00000E-040  1.00000E-040  1.10533E-020  1.00000E-040  2.41888E-024  3.44027E-014  2.45367E-038  1.00000E-003  1.00000E-005  1.00000E-005  1.00000E-005  1.00000E-005  1.00000E-005  1.00000E-005  1.00000E-005  1.00000E-005  1.00000E-005  1.00000E-005  1.00000E-005  1.00000E-005  1.00000E-005  1.00000E-005  1.00000E-005  
5.75000E+001  3.18827E-004  9.07961E+015  2.54334E+002  1.84483E+005  1.00000E-040  1.00000E-040  1.00000E-040  1.00000E-040  1.00000E-040  1.00000E-040  1.00000E-040  1.00000E-040  1.00000E-040  1.00000E-040  1.00000E-040  1.00000E-040  1.00000E-040  1.00000E-040  7.11145E-024  1.00000E-040  1.00870E-040  4.95526E-011  1.34966E-007  1.59049E-005  2.95916E-009  5.19178E-007  2.11830E-001  2.70761E-009  2.82584E-004  2.52298E-019  2.56149E-012  1.00000E-040  2.58360E-033  1.02918E-023  3.24287E-015  2.30402E-008  6.80240E-021  7.74998E-033  1.00000E-040  1.00000E-040  1.00000E-040  4.59376E-020  7.22367E-019  1.46557E-014  1.14653E-012  6.93694E-037  1.00000E-040  4.34754E-026  2.49396E-031  3.27888E-011  1.59324E-013  7.87869E-001  4.02839E-021  1.15288E-022  4.23323E-022  1.00000E-040  2.22846E-039  3.10860E-028  2.83397E-024  1.63883E-008  2.40006E-017  1.99042E-010  6.51030E-017  4.42727E-009  1.86007E-011  1.96718E-006  4.62028E-011  6.55018E-015  1.19969E-014  2.66453E-011  8.16704E-013  3.24609E-011  2.50789E-030  8.09522E-032  1.00000E-040  5.29068E-029  5.00098E-038  2.12121E-021  1.96498E-018  3.96641E-013  5.35094E-022  2.61080E-021  1.00000E-040  1.00000E-040  1.00000E-040  1.00000E-040  2.73356E-025  5.67532E-035  6.53013E-035  7.23104E-024  2.01103E-019  2.14017E-025  3.77750E-032  1.49194E-026  3.53106E-018  4.66564E-017  4.77886E-016  8.96356E-022  5.31626E-027  1.00000E-040  1.89781E-016  2.20283E-037  8.91882E-024  7.54828E-031  1.96601E-023  4.09391E-029  3.43654E-016  2.81206E-022  2.38252E-014  1.76393E-040  1.31846E-014  1.00000E-040  1.00000E-040  7.42078E-021  1.00000E-040  2.30651E-024  3.23187E-014  1.70219E-038  1.00000E-003  1.00000E-005  1.00000E-005  1.00000E-005  1.00000E-005  1.00000E-005  1.00000E-005  1.00000E-005  1.00000E-005  1.00000E-005  1.00000E-005  1.00000E-005  1.00000E-005  1.00000E-005  1.00000E-005  1.00000E-005  
5.85000E+001  2.79285E-004  8.03100E+015  2.51881E+002  1.94484E+005  1.00000E-040  1.00000E-040  1.00000E-040  1.00000E-040  1.00000E-040  1.00000E-040  1.00000E-040  1.00000E-040  1.00000E-040  1.00000E-040  1.00000E-040  1.00000E-040  1.00000E-040  1.00000E-040  4.95307E-024  1.00000E-040  1.00961E-040  6.90104E-011  1.45525E-007  1.58822E-005  3.13672E-009  6.27893E-007  2.11818E-001  3.09347E-009  2.82514E-004  2.51555E-019  2.28575E-012  1.00000E-040  3.07702E-033  8.93344E-024  2.72245E-015  2.24694E-008  8.71903E-021  9.07863E-033  8.51983E-038  8.39191E-037  1.00000E-040  4.67293E-020  7.93973E-019  1.89820E-014  1.24627E-012  6.56937E-037  1.00000E-040  2.95404E-026  2.05719E-031  3.26712E-011  2.26993E-013  7.87880E-001  4.13634E-021  9.83977E-023  4.37541E-022  1.00000E-040  1.73833E-039  2.11635E-028  1.63759E-024  1.53968E-008  2.29827E-017  2.03434E-010  5.46687E-017  4.14865E-009  1.77390E-011  1.87218E-006  3.31667E-011  4.27505E-015  1.11883E-014  2.27263E-011  4.95691E-013  3.23244E-011  2.65595E-030  7.98093E-032  1.00000E-040  4.33255E-029  3.09587E-038  2.12045E-021  1.49501E-018  3.35486E-013  3.61976E-022  1.79875E-021  1.00000E-040  1.00000E-040  1.00000E-040  1.00000E-040  2.64447E-025  5.88157E-035  3.90493E-035  4.66727E-024  1.69522E-019  1.79750E-025  2.43470E-032  1.52649E-026  3.82821E-018  3.67666E-017  4.16693E-016  8.72382E-022  3.28647E-027  1.00000E-040  2.31875E-016  1.52810E-037  5.75761E-024  7.78722E-031  1.93106E-023  1.92174E-029  2.18049E-016  2.99799E-022  2.59823E-014  1.00000E-040  1.31066E-014  1.00000E-040  1.00000E-040  4.93298E-021  1.00000E-040  2.19244E-024  3.06198E-014  1.18394E-038  1.00000E-003  1.00000E-005  1.00000E-005  1.00000E-005  1.00000E-005  1.00000E-005  1.00000E-005  1.00000E-005  1.00000E-005  1.00000E-005  1.00000E-005  1.00000E-005  1.00000E-005  1.00000E-005  1.00000E-005  1.00000E-005  
5.95000E+001  2.44321E-004  7.10348E+015  2.49119E+002  2.04485E+005  1.00000E-040  1.00000E-040  1.00000E-040  1.00000E-040  1.00000E-040  1.00000E-040  1.00000E-040  1.00000E-040  1.00000E-040  1.00000E-040  1.00000E-040  1.00000E-040  1.00000E-040  1.00000E-040  3.38068E-024  1.00000E-040  1.01060E-040  9.54823E-011  1.57381E-007  1.58571E-005  3.32587E-009  7.57301E-007  2.11806E-001  3.61583E-009  2.82438E-004  2.49933E-019  2.04817E-012  1.00000E-040  3.59885E-033  7.68213E-024  2.27208E-015  2.19823E-008  1.11850E-020  1.06043E-032  4.94214E-039  5.02169E-038  1.00000E-040  4.72390E-020  8.68308E-019  2.44561E-014  1.35243E-012  6.21408E-037  1.00000E-040  2.87428E-026  1.63603E-031  3.25499E-011  3.20049E-013  7.87893E-001  4.16279E-021  8.21425E-023  4.42590E-022  1.00000E-040  1.36766E-039  1.45809E-028  9.58636E-025  1.44134E-008  2.18742E-017  2.07589E-010  4.54475E-017  3.89476E-009  1.69472E-011  1.78662E-006  2.37207E-011  2.77756E-015  1.04316E-014  1.93724E-011  3.00590E-013  3.21778E-011  2.79867E-030  7.88138E-032  1.00000E-040  3.55970E-029  1.84201E-038  2.11964E-021  1.14966E-018  2.82763E-013  2.46829E-022  1.25055E-021  1.00000E-040  1.00000E-040  1.00000E-040  1.00000E-040  2.55973E-025  6.02476E-035  2.35891E-035  3.03445E-024  1.40086E-019  1.48830E-025  1.57500E-032  1.50620E-026  4.16966E-018  2.90035E-017  3.65686E-016  8.35557E-022  2.09139E-027  1.00000E-040  2.89523E-016  1.08435E-037  3.74295E-024  7.94865E-031  1.89557E-023  9.21648E-030  1.38491E-016  3.21176E-022  2.83208E-014  1.00000E-040  1.30406E-014  1.28797E-040  1.00000E-040  3.23765E-021  1.00000E-040  2.04889E-024  2.92263E-014  8.28984E-039  1.00000E-003  1.00000E-005  1.00000E-005  1.00000E-005  1.00000E-005  1.00000E-005  1.00000E-005  1.00000E-005  1.00000E-005  1.00000E-005  1.00000E-005  1.00000E-005  1.00000E-005  1.00000E-005  1.00000E-005  1.00000E-005  
6.05000E+001  2.13423E-004  6.27548E+015  2.46326E+002  2.14485E+005  1.00000E-040  1.00000E-040  1.00000E-040  1.00000E-040  1.00000E-040  1.00000E-040  1.00000E-040  1.00000E-040  1.00000E-040  1.00000E-040  1.00000E-040  1.00000E-040  1.00000E-040  1.00000E-040  2.26273E-024  1.00000E-040  1.01167E-040  1.31944E-010  1.70630E-007  1.58294E-005  3.52433E-009  9.12636E-007  2.11792E-001  4.32098E-009  2.82356E-004  2.48796E-019  1.84386E-012  1.00000E-040  4.19174E-033  6.59070E-024  1.89479E-015  2.15628E-008  1.43660E-020  1.22729E-032  4.69278E-038  4.53728E-037  1.00000E-040  4.71616E-020  9.38731E-019  3.11642E-014  1.46584E-012  5.88172E-037  1.00000E-040  3.31433E-026  1.28800E-031  3.24236E-011  4.42883E-013  7.87907E-001  4.15442E-021  6.82072E-023  4.43231E-022  1.00000E-040  1.08032E-039  1.01211E-028  5.68316E-025  1.34479E-008  2.07274E-017  2.11687E-010  3.75614E-017  3.66279E-009  1.61889E-011  1.70382E-006  1.69262E-011  1.79528E-015  9.71324E-015  1.64592E-011  1.81743E-013  3.20197E-011  2.93523E-030  7.76424E-032  1.00000E-040  2.91185E-029  1.08268E-038  2.11875E-021  8.95689E-019  2.37928E-013  1.70186E-022  8.79772E-022  1.00000E-040  1.00000E-040  1.00000E-040  1.00000E-040  2.47086E-025  6.13949E-035  1.44168E-035  1.99630E-024  1.15199E-019  1.22784E-025  1.02443E-032  1.46654E-026  4.51611E-018  2.27933E-017  3.21791E-016  7.84990E-022  1.36662E-027  1.00000E-040  3.61069E-016  7.75620E-038  2.46179E-024  8.10910E-031  1.85947E-023  4.47583E-030  8.79176E-017  3.43478E-022  3.08131E-014  1.00000E-040  1.29847E-014  1.61539E-040  1.00000E-040  2.10977E-021  1.00000E-040  1.91585E-024  2.80754E-014  5.88215E-039  1.00000E-003  1.00000E-005  1.00000E-005  1.00000E-005  1.00000E-005  1.00000E-005  1.00000E-005  1.00000E-005  1.00000E-005  1.00000E-005  1.00000E-005  1.00000E-005  1.00000E-005  1.00000E-005  1.00000E-005  1.00000E-005  
6.15000E+001  1.86149E-004  5.53751E+015  2.43480E+002  2.24486E+005  1.00000E-040  1.00000E-040  1.00000E-040  1.00000E-040  1.00000E-040  1.00000E-040  1.00000E-040  1.00000E-040  1.00000E-040  1.00000E-040  1.00000E-040  1.00000E-040  1.00000E-040  1.00000E-040  1.48613E-024  1.00000E-040  1.01283E-040  1.82170E-010  1.85395E-007  1.57989E-005  3.73407E-009  1.09920E-006  2.11777E-001  5.27024E-009  2.82266E-004  2.48026E-019  1.66675E-012  1.00000E-040  4.86367E-033  5.64189E-024  1.57892E-015  2.11980E-008  1.84733E-020  1.40622E-032  5.84947E-038  5.67716E-037  1.00000E-040  4.64775E-020  1.00323E-018  3.92794E-014  1.58741E-012  5.57270E-037  1.00000E-040  4.08748E-026  1.00139E-031  3.22908E-011  6.03123E-013  7.87922E-001  4.09891E-021  5.62291E-023  4.39957E-022  1.00000E-040  8.57074E-040  7.09287E-029  3.41824E-025  1.25089E-008  1.95596E-017  2.15728E-010  3.06809E-017  3.45021E-009  1.54637E-011  1.62413E-006  1.20540E-011  1.15535E-015  9.03168E-015  1.39407E-011  1.09559E-013  3.18489E-011  3.06531E-030  7.63379E-032  1.00000E-040  2.37269E-029  6.27034E-039  2.11779E-021  7.08163E-019  2.00020E-013  1.18856E-022  6.27400E-022  1.00000E-040  1.00000E-040  1.00000E-040  1.00000E-040  2.37976E-025  6.21675E-035  8.93247E-036  1.33076E-024  9.40963E-020  1.00907E-025  6.70968E-033  1.40461E-026  4.86032E-018  1.78419E-017  2.83836E-016  7.25027E-022  9.14515E-028  1.00000E-040  4.43747E-016  5.61161E-038  1.64041E-024  8.25105E-031  1.82269E-023  2.20650E-030  5.57919E-017  3.67178E-022  3.34783E-014  1.00000E-040  1.29370E-014  3.25528E-040  1.00000E-040  1.36561E-021  1.00000E-040  1.78821E-024  2.71178E-014  4.31084E-039  1.00000E-003  1.00000E-005  1.00000E-005  1.00000E-005  1.00000E-005  1.00000E-005  1.00000E-005  1.00000E-005  1.00000E-005  1.00000E-005  1.00000E-005  1.00000E-005  1.00000E-005  1.00000E-005  1.00000E-005  1.00000E-005  
6.25000E+001  1.62103E-004  4.88072E+015  2.40561E+002  2.34487E+005  1.00000E-040  1.00000E-040  1.00000E-040  1.00000E-040  1.00000E-040  1.00000E-040  1.00000E-040  1.00000E-040  1.00000E-040  1.00000E-040  1.00000E-040  1.00000E-040  1.00000E-040  1.00000E-040  9.58111E-025  1.00000E-040  1.01409E-040  2.51456E-010  2.01815E-007  1.57653E-005  3.95787E-009  1.32371E-006  2.11761E-001  6.54421E-009  2.82168E-004  2.47574E-019  1.51223E-012  1.00000E-040  5.62542E-033  4.81990E-024  1.31459E-015  2.08770E-008  2.37779E-020  1.59348E-032  1.00000E-040  1.00000E-040  1.00000E-040  4.51974E-020  1.05957E-018  4.89629E-014  1.71819E-012  5.28487E-037  1.00000E-040  5.19724E-026  7.67072E-032  3.21497E-011  8.10164E-013  7.87938E-001  3.98951E-021  4.59351E-023  4.32846E-022  1.00000E-040  6.82818E-040  5.02869E-029  2.08838E-025  1.16046E-008  1.83904E-017  2.19735E-010  2.47097E-017  3.25492E-009  1.47757E-011  1.54812E-006  8.57122E-012  7.40996E-016  8.38809E-015  1.17770E-011  6.58970E-014  3.16636E-011  3.18935E-030  7.49784E-032  1.00000E-040  1.92819E-029  3.56491E-039  2.11674E-021  5.68879E-019  1.68079E-013  8.41805E-023  4.54120E-022  1.00000E-040  1.00000E-040  1.00000E-040  1.00000E-040  2.28846E-025  6.24410E-035  5.61938E-036  8.99609E-025  7.62042E-020  8.25921E-026  4.43164E-033  1.31861E-026  5.19302E-018  1.39035E-017  2.50868E-016  6.59398E-022  6.25019E-028  1.00000E-040  5.32263E-016  4.12094E-038  1.10833E-024  8.36013E-031  1.78512E-023  1.10616E-030  3.53866E-017  3.92886E-022  3.63465E-014  1.00000E-040  1.28960E-014  1.70575E-040  1.00000E-040  8.77976E-022  1.00000E-040  1.66235E-024  2.63145E-014  3.42658E-039  1.00000E-003  1.00000E-005  1.00000E-005  1.00000E-005  1.00000E-005  1.00000E-005  1.00000E-005  1.00000E-005  1.00000E-005  1.00000E-005  1.00000E-005  1.00000E-005  1.00000E-005  1.00000E-005  1.00000E-005  1.00000E-005  
6.35000E+001  1.40930E-004  4.29591E+015  2.37610E+002  2.44487E+005  1.00000E-040  1.00000E-040  1.00000E-040  1.00000E-040  1.00000E-040  1.00000E-040  1.00000E-040  1.00000E-040  1.00000E-040  1.00000E-040  1.00000E-040  1.00000E-040  1.00000E-040  1.00000E-040  6.06471E-025  1.00000E-040  1.01548E-040  3.47531E-010  2.20055E-007  1.57283E-005  4.19759E-009  1.59490E-006  2.11743E-001  8.24850E-009  2.82060E-004  2.47671E-019  1.37677E-012  1.00000E-040  6.50605E-033  4.11506E-024  1.09447E-015  2.05909E-008  3.06320E-020  1.78476E-032  1.27079E-038  1.18249E-037  1.00000E-040  4.33529E-020  1.10549E-018  6.03530E-014  1.85940E-012  5.01732E-037  1.00000E-040  6.71895E-026  5.81237E-032  3.19987E-011  1.07324E-012  7.87956E-001  3.83881E-021  3.72712E-023  4.23266E-022  1.00000E-040  5.44672E-040  3.60671E-029  1.29638E-025  1.07420E-008  1.72443E-017  2.23779E-010  1.97253E-017  3.07508E-009  1.41217E-011  1.47499E-006  6.09116E-012  4.73986E-016  7.78083E-015  9.92273E-012  3.95626E-014  3.14620E-011  3.30763E-030  7.35501E-032  1.00000E-040  1.56151E-029  1.99627E-039  2.11560E-021  4.64642E-019  1.41255E-013  6.05152E-023  3.33876E-022  1.00000E-040  1.00000E-040  1.00000E-040  1.00000E-040  2.19671E-025  6.21702E-035  3.59257E-036  6.17312E-025  6.13181E-020  6.74563E-026  2.95421E-033  1.21494E-026  5.50094E-018  1.07653E-017  2.21957E-016  5.90644E-022  4.35089E-028  1.00000E-040  6.19921E-016  3.06799E-038  7.60043E-025  8.44669E-031  1.74666E-023  5.63317E-031  2.24197E-017  4.20620E-022  3.94350E-014  1.00000E-040  1.28603E-014  1.36952E-040  1.00000E-040  5.61269E-022  1.00000E-040  1.54253E-024  2.56343E-014  3.24778E-039  1.00000E-003  1.00000E-005  1.00000E-005  1.00000E-005  1.00000E-005  1.00000E-005  1.00000E-005  1.00000E-005  1.00000E-005  1.00000E-005  1.00000E-005  1.00000E-005  1.00000E-005  1.00000E-005  1.00000E-005  1.00000E-005  
6.45000E+001  1.22313E-004  3.77506E+015  2.34675E+002  2.54488E+005  1.00000E-040  1.00000E-040  1.00000E-040  1.00000E-040  1.00000E-040  1.00000E-040  1.00000E-040  1.00000E-040  1.00000E-040  1.00000E-040  1.00000E-040  1.00000E-040  1.00000E-040  1.00000E-040  3.77025E-025  1.00000E-040  1.01700E-040  4.81606E-010  2.40308E-007  1.56874E-005  4.45489E-009  1.92372E-006  2.11723E-001  1.05202E-008  2.81941E-004  2.48547E-019  1.25729E-012  1.00000E-040  7.54812E-033  3.51600E-024  9.11910E-016  2.03321E-008  3.94971E-020  1.97493E-032  1.58368E-038  1.55477E-037  1.00000E-040  4.10325E-020  1.13999E-018  7.36095E-014  2.01245E-012  4.76999E-037  1.00000E-040  8.76976E-026  4.37886E-032  3.18359E-011  1.40118E-012  7.87975E-001  3.66293E-021  3.01282E-023  4.13023E-022  1.00000E-040  4.32720E-040  2.61462E-029  8.17557E-026  9.92747E-009  1.61431E-017  2.27942E-010  1.57447E-017  2.90909E-009  1.34966E-011  1.40382E-006  4.33123E-012  3.02643E-016  7.20750E-015  8.33686E-012  2.37149E-014  3.12420E-011  3.42013E-030  7.20093E-032  1.00000E-040  1.25837E-029  1.10674E-039  2.11434E-021  3.85926E-019  1.18793E-013  4.41716E-023  2.49401E-022  1.00000E-040  1.00000E-040  1.00000E-040  1.00000E-040  2.10392E-025  6.13243E-035  2.33517E-036  4.30257E-025  4.91644E-020  5.50910E-026  1.98815E-033  1.10044E-026  5.77468E-018  8.26332E-018  1.96371E-016  5.21027E-022  3.07629E-028  1.00000E-040  7.00958E-016  2.30969E-038  5.29357E-025  8.52675E-031  1.70716E-023  2.90927E-031  1.41800E-017  4.50215E-022  4.27546E-014  1.00000E-040  1.28286E-014  1.00000E-040  1.00000E-040  3.57270E-022  1.00000E-040  1.43305E-024  2.50520E-014  4.03380E-039  1.00000E-003  1.00000E-005  1.00000E-005  1.00000E-005  1.00000E-005  1.00000E-005  1.00000E-005  1.00000E-005  1.00000E-005  1.00000E-005  1.00000E-005  1.00000E-005  1.00000E-005  1.00000E-005  1.00000E-005  1.00000E-005  
6.55000E+001  1.05975E-004  3.31054E+015  2.31857E+002  2.64488E+005  1.00000E-040  1.00000E-040  1.00000E-040  1.00000E-040  1.00000E-040  1.00000E-040  1.00000E-040  1.00000E-040  1.00000E-040  1.00000E-040  1.00000E-040  1.00000E-040  1.00000E-040  1.00000E-040  2.30341E-025  1.00000E-040  1.01868E-040  6.70675E-010  2.62803E-007  1.56424E-005  4.73041E-009  2.32446E-006  2.11702E-001  1.35362E-008  2.81810E-004  2.50646E-019  1.15097E-012  1.00000E-040  8.87229E-033  3.01394E-024  7.61504E-016  2.00943E-008  5.09967E-020  2.16188E-032  2.30860E-038  2.20488E-037  1.00000E-040  3.83679E-020  1.16357E-018  8.89630E-014  2.17895E-012  4.54378E-037  1.00000E-040  1.15046E-025  3.31850E-032  3.16593E-011  1.79856E-012  7.87997E-001  3.48723E-021  2.44417E-023  4.04122E-022  1.00000E-040  3.39158E-040  1.91139E-029  5.23461E-026  9.16555E-009  1.51106E-017  2.32379E-010  1.26912E-017  2.75551E-009  1.28953E-011  1.33282E-006  3.08652E-012  1.93023E-016  6.66644E-015  6.98221E-012  1.41935E-014  3.10013E-011  3.52700E-030  7.02754E-032  1.00000E-040  1.00636E-029  6.14659E-040  2.11295E-021  3.25866E-019  1.00010E-013  3.27402E-023  1.89236E-022  1.00000E-040  1.00000E-040  1.00000E-040  1.00000E-040  2.00799E-025  5.99315E-035  1.54353E-036  3.04882E-025  3.95460E-020  4.51738E-026  1.35124E-033  9.87093E-027  6.00798E-018  6.26593E-018  1.73438E-016  4.52250E-022  2.20262E-028  1.00000E-040  7.71812E-016  1.74697E-038  3.74842E-025  8.64168E-031  1.66647E-023  1.51839E-031  8.94326E-018  4.80644E-022  4.62927E-014  1.00000E-040  1.28000E-014  2.41186E-040  1.00000E-040  2.26981E-022  1.00000E-040  1.34305E-024  2.45471E-014  6.46028E-039  1.00000E-003  1.00000E-005  1.00000E-005  1.00000E-005  1.00000E-005  1.00000E-005  1.00000E-005  1.00000E-005  1.00000E-005  1.00000E-005  1.00000E-005  1.00000E-005  1.00000E-005  1.00000E-005  1.00000E-005  1.00000E-005  
6.65000E+001  9.16609E-005  2.89904E+015  2.29006E+002  2.74489E+005  1.00000E-040  1.00000E-040  1.00000E-040  1.00000E-040  1.00000E-040  1.00000E-040  1.00000E-040  1.00000E-040  1.00000E-040  1.00000E-040  1.00000E-040  1.00000E-040  1.00000E-040  1.00000E-040  1.38314E-025  1.00000E-040  1.02054E-040  9.36971E-010  2.87803E-007  1.55925E-005  5.03155E-009  2.81265E-006  2.11678E-001  1.75200E-008  2.81664E-004  2.53359E-019  1.05614E-012  1.00000E-040  1.29885E-032  2.58490E-024  6.35973E-016  1.98718E-008  6.58936E-020  2.34269E-032  1.00000E-040  1.00000E-040  1.00000E-040  3.54943E-020  1.17665E-018  1.06627E-013  2.36075E-012  4.33477E-037  1.00000E-040  1.51345E-025  2.50171E-032  3.14668E-011  2.28266E-012  7.88020E-001  3.28225E-021  1.96813E-023  3.94263E-022  1.00000E-040  2.60350E-040  1.41436E-029  3.40544E-026  8.45931E-009  1.41444E-017  2.37044E-010  1.03277E-017  2.61311E-009  1.23357E-011  1.26505E-006  2.20544E-012  1.23240E-016  6.16268E-015  5.84055E-012  8.50356E-015  3.07369E-011  3.62892E-030  6.85694E-032  1.00000E-040  8.02728E-030  3.35939E-040  2.11142E-021  2.79543E-019  8.42738E-014  2.46223E-023  1.45783E-022  1.00000E-040  1.00000E-040  1.00000E-040  1.00000E-040  1.91437E-025  5.77080E-035  1.03801E-036  2.19148E-025  3.15898E-020  3.70025E-026  9.27318E-034  8.59593E-027  6.20754E-018  4.70057E-018  1.53142E-016  3.87315E-022  1.59193E-028  1.00000E-040  8.31355E-016  1.34206E-038  2.69227E-025  8.73037E-031  1.62442E-023  8.04640E-032  5.63009E-018  5.14406E-022  5.01283E-014  1.00000E-040  1.27735E-014  1.00000E-040  1.00000E-040  1.43576E-022  1.00000E-040  1.25499E-024  2.41028E-014  1.19841E-038  1.00000E-003  1.00000E-005  1.00000E-005  1.00000E-005  1.00000E-005  1.00000E-005  1.00000E-005  1.00000E-005  1.00000E-005  1.00000E-005  1.00000E-005  1.00000E-005  1.00000E-005  1.00000E-005  1.00000E-005  1.00000E-005  
6.75000E+001  7.91387E-005  2.53492E+015  2.26121E+002  2.84489E+005  1.00000E-040  1.00000E-040  1.00000E-040  1.00000E-040  1.00000E-040  1.00000E-040  1.00000E-040  1.00000E-040  1.00000E-040  1.00000E-040  1.00000E-040  1.00000E-040  1.00000E-040  1.00000E-040  8.16525E-026  1.00000E-040  1.02260E-040  1.31406E-009  3.15599E-007  1.55373E-005  5.36315E-009  3.40900E-006  2.11651E-001  2.27545E-008  2.81502E-004  2.56714E-019  9.71219E-013  1.00000E-040  1.12930E-031  2.21885E-024  5.31211E-016  1.96599E-008  8.52043E-020  2.51485E-032  1.00000E-040  1.00000E-040  1.00000E-040  3.25251E-020  1.17987E-018  1.26834E-013  2.55990E-012  4.14265E-037  1.00000E-040  1.99114E-025  2.36682E-032  3.12558E-011  2.86511E-012  7.88047E-001  3.05197E-021  1.57224E-023  3.83715E-022  1.00000E-040  1.92372E-040  1.06044E-029  2.25015E-026  7.81109E-009  1.32553E-017  2.42021E-010  8.51229E-018  2.48082E-009  1.18210E-011  1.20036E-006  1.58221E-012  7.88805E-017  5.69627E-015  4.88333E-012  5.10896E-015  3.04460E-011  3.72563E-030  6.69316E-032  1.00000E-040  6.38892E-030  1.80351E-040  2.10973E-021  2.43411E-019  7.10839E-014  1.87750E-023  1.13945E-022  1.00000E-040  1.00000E-040  1.00000E-040  1.00000E-040  1.82338E-025  5.46371E-035  7.10201E-037  1.59650E-025  2.50492E-020  3.02852E-026  6.43243E-034  7.22704E-027  6.37332E-018  3.48354E-018  1.35130E-016  3.27269E-022  1.15770E-028  1.00000E-040  8.79675E-016  1.04884E-038  1.95969E-025  8.79098E-031  1.58084E-023  4.33349E-032  3.53709E-018  5.52267E-022  5.42949E-014  1.00000E-040  1.27484E-014  1.00000E-040  1.00000E-040  9.04202E-023  1.00000E-040  1.16869E-024  2.37053E-014  2.35679E-038  1.00000E-003  1.00000E-005  1.00000E-005  1.00000E-005  1.00000E-005  1.00000E-005  1.00000E-005  1.00000E-005  1.00000E-005  1.00000E-005  1.00000E-005  1.00000E-005  1.00000E-005  1.00000E-005  1.00000E-005  1.00000E-005  
6.85000E+001  6.82046E-005  2.21139E+015  2.23391E+002  2.94489E+005  1.00000E-040  1.00000E-040  1.00000E-040  1.00000E-040  1.00000E-040  1.00000E-040  1.00000E-040  1.00000E-040  1.00000E-040  1.00000E-040  1.00000E-040  1.00000E-040  1.00000E-040  1.00000E-040  4.74589E-026  1.00000E-040  1.02489E-040  1.85619E-009  3.46542E-007  1.54761E-005  5.72442E-009  4.14151E-006  2.11622E-001  2.95994E-008  2.81321E-004  2.61425E-019  8.93845E-013  3.64513E-039  2.49307E-030  1.91477E-024  4.44795E-016  1.94542E-008  1.10408E-019  2.68396E-032  1.00000E-040  1.00000E-040  1.00000E-040  2.95948E-020  1.17666E-018  1.50117E-013  2.77859E-012  3.97539E-037  1.00000E-040  2.61315E-025  1.41182E-031  3.10236E-011  3.53947E-012  7.88076E-001  2.83490E-021  1.26446E-023  3.75578E-022  1.00000E-040  1.33566E-040  8.10170E-030  1.50840E-026  7.22216E-009  1.24665E-017  2.47600E-010  7.13773E-018  2.35767E-009  1.13409E-011  1.13507E-006  1.14224E-012  5.06256E-017  5.26333E-015  4.07820E-012  3.07756E-015  3.01248E-011  3.81558E-030  6.51873E-032  1.00000E-040  5.04398E-030  1.00000E-040  2.10785E-021  2.14868E-019  6.00363E-014  1.45093E-023  9.02607E-023  1.00000E-040  1.00000E-040  1.00000E-040  1.00000E-040  1.72981E-025  5.10213E-035  4.94396E-037  1.18052E-025  1.99822E-020  2.49490E-026  4.57488E-034  5.97960E-027  6.50824E-018  2.53793E-018  1.18827E-016  2.72387E-022  8.44257E-029  1.00000E-040  9.17746E-016  8.31327E-039  1.44799E-025  8.90868E-031  1.53550E-023  2.35403E-032  2.21319E-018  5.91550E-022  5.87164E-014  1.00000E-040  1.27241E-014  1.00000E-040  1.00000E-040  5.69378E-023  1.00000E-040  1.10151E-024  2.33428E-014  4.71096E-038  1.00000E-003  1.00000E-005  1.00000E-005  1.00000E-005  1.00000E-005  1.00000E-005  1.00000E-005  1.00000E-005  1.00000E-005  1.00000E-005  1.00000E-005  1.00000E-005  1.00000E-005  1.00000E-005  1.00000E-005  1.00000E-005  
6.95000E+001  5.86759E-005  1.92622E+015  2.20633E+002  3.04490E+005  1.00000E-040  1.00000E-040  1.00000E-040  1.00000E-040  1.00000E-040  1.00000E-040  1.00000E-040  1.00000E-040  1.00000E-040  1.00000E-040  1.00000E-040  1.00000E-040  1.00000E-040  1.00000E-040  2.71833E-026  1.00000E-040  1.02744E-040  2.63446E-009  3.81027E-007  1.54080E-005  6.12718E-009  5.03939E-006  2.11589E-001  3.85028E-008  2.81118E-004  2.66729E-019  8.23682E-013  1.07230E-037  4.11568E-029  1.67103E-024  3.72466E-016  1.92509E-008  1.43219E-019  2.84681E-032  1.00000E-040  1.00000E-040  1.00000E-040  2.67693E-020  1.16701E-018  1.76685E-013  3.01970E-012  3.88402E-037  1.00000E-040  3.41834E-025  2.10383E-030  3.07671E-011  4.32645E-012  7.88108E-001  2.60131E-021  1.00922E-023  3.67330E-022  1.00000E-040  1.08312E-040  6.95155E-030  1.02936E-026  6.69232E-009  1.17691E-017  2.53749E-010  6.05878E-018  2.24281E-009  1.09143E-011  1.07233E-006  8.30492E-013  3.26742E-017  4.86745E-015  3.40895E-012  1.86455E-015  2.97693E-011  3.89699E-030  6.35527E-032  1.00000E-040  3.97226E-030  1.00000E-040  2.10575E-021  1.92020E-019  5.07639E-014  1.13486E-023  7.24017E-023  1.00000E-040  1.00000E-040  1.00000E-040  1.00000E-040  1.63905E-025  4.75092E-035  3.51231E-037  8.83129E-026  1.58279E-020  2.06201E-026  3.89563E-034  4.74831E-027  6.62050E-018  1.82358E-018  1.04333E-016  2.23797E-022  6.15154E-029  1.00000E-040  9.47135E-016  7.43344E-039  1.08233E-025  9.00300E-031  1.48819E-023  1.30251E-032  1.38180E-018  6.36191E-022  6.34905E-014  1.00000E-040  1.26999E-014  1.00000E-040  1.00000E-040  3.59732E-023  1.00000E-040  1.03522E-024  2.30054E-014  9.41817E-038  1.00000E-003  1.00000E-005  1.00000E-005  1.00000E-005  1.00000E-005  1.00000E-005  1.00000E-005  1.00000E-005  1.00000E-005  1.00000E-005  1.00000E-005  1.00000E-005  1.00000E-005  1.00000E-005  1.00000E-005  1.00000E-005  
7.05000E+001  5.03845E-005  1.67523E+015  2.17841E+002  3.14490E+005  1.00000E-040  1.00000E-040  1.00000E-040  1.00000E-040  1.00000E-040  1.00000E-040  1.00000E-040  1.00000E-040  1.00000E-040  1.00000E-040  1.00000E-040  1.00000E-040  1.00000E-040  1.00000E-040  1.53830E-026  1.00000E-040  1.03030E-040  3.75861E-009  4.19498E-007  1.53321E-005  6.58052E-009  6.14040E-006  2.11552E-001  5.00223E-008  2.80890E-004  2.72527E-019  7.59716E-013  1.72560E-036  4.82793E-028  1.65050E-024  3.11902E-016  1.90461E-008  1.85971E-019  3.00519E-032  1.00000E-040  1.00000E-040  1.00000E-040  2.41205E-020  1.15251E-018  2.06883E-013  3.28633E-012  4.44337E-037  1.00000E-040  4.45079E-025  2.43122E-029  3.04827E-011  5.23238E-012  7.88144E-001  2.35918E-021  7.98668E-024  3.59436E-022  1.00000E-040  3.06588E-040  1.04691E-029  7.37694E-027  6.22109E-009  1.11707E-017  2.60662E-010  5.19725E-018  2.13550E-009  1.05475E-011  1.01171E-006  6.09193E-013  2.12451E-017  4.51003E-015  2.85451E-012  1.13877E-015  2.93750E-011  3.96665E-030  6.20674E-032  1.00000E-040  3.12078E-030  1.00000E-040  2.10340E-021  1.73470E-019  4.29809E-014  8.97652E-024  5.87600E-023  1.60268E-040  1.00000E-040  1.00000E-040  1.00000E-040  1.55080E-025  5.11576E-035  2.62833E-037  6.67733E-026  1.24403E-020  1.77951E-026  8.12696E-034  3.60812E-027  6.71689E-018  1.29262E-018  9.14350E-017  1.81513E-022  4.46208E-029  1.00000E-040  9.69412E-016  1.17298E-038  8.17608E-026  9.07177E-031  1.43868E-023  7.58732E-033  8.61037E-019  6.87587E-022  6.86233E-014  1.00000E-040  1.26752E-014  1.00000E-040  1.00000E-040  2.42386E-023  1.00000E-040  9.69683E-025  2.26843E-014  1.87257E-037  1.00000E-003  1.00000E-005  1.00000E-005  1.00000E-005  1.00000E-005  1.00000E-005  1.00000E-005  1.00000E-005  1.00000E-005  1.00000E-005  1.00000E-005  1.00000E-005  1.00000E-005  1.00000E-005  1.00000E-005  1.00000E-005  
7.15000E+001  4.31852E-005  1.45283E+015  2.15296E+002  3.24490E+005  1.00000E-040  1.00000E-040  1.00000E-040  1.00000E-040  1.00000E-040  1.00000E-040  1.00000E-040  1.00000E-040  1.00000E-040  1.00000E-040  1.00000E-040  1.00000E-040  1.00000E-040  1.00000E-040  8.65435E-027  1.00000E-040  1.03352E-040  5.41431E-009  4.62485E-007  1.52474E-005  7.08169E-009  7.49487E-006  2.11510E-001  6.48638E-008  2.80632E-004  2.79602E-019  6.99116E-013  2.06003E-035  4.17738E-027  3.22690E-024  2.61884E-016  1.88360E-008  2.42369E-019  3.18205E-032  1.00000E-040  1.00000E-040  1.00000E-040  2.17541E-020  1.13967E-018  2.41971E-013  3.58138E-012  1.03743E-036  1.00000E-040  5.75887E-025  2.08091E-028  3.01663E-011  6.23204E-012  7.88185E-001  2.15674E-021  6.41762E-024  3.56718E-022  1.00000E-040  1.89292E-039  3.63001E-029  6.97314E-027  5.80735E-009  1.06978E-017  2.68896E-010  4.50956E-018  2.03503E-009  1.02310E-011  9.48017E-007  4.52067E-013  1.39099E-017  4.19278E-015  2.39137E-012  7.00473E-016  2.89363E-011  4.01961E-030  6.04730E-032  1.00000E-040  2.42192E-030  1.00000E-040  2.10078E-021  1.58160E-019  3.64579E-014  7.17973E-024  4.81865E-023  3.29291E-040  1.00000E-040  1.00000E-040  1.00000E-040  1.45752E-025  1.11034E-034  2.60604E-037  5.11928E-026  9.91270E-021  2.15732E-026  4.14639E-033  2.74047E-027  6.81354E-018  9.00109E-019  7.96483E-017  1.45353E-022  3.20905E-029  1.00000E-040  9.86035E-016  4.22493E-038  6.26362E-026  9.25699E-031  1.38664E-023  5.78380E-033  5.33746E-019  7.40180E-022  7.38746E-014  1.00000E-040  1.26494E-014  1.00000E-040  1.00000E-040  2.44927E-023  1.00000E-040  9.28359E-025  2.23716E-014  3.69708E-037  1.00000E-003  1.00000E-005  1.00000E-005  1.00000E-005  1.00000E-005  1.00000E-005  1.00000E-005  1.00000E-005  1.00000E-005  1.00000E-005  1.00000E-005  1.00000E-005  1.00000E-005  1.00000E-005  1.00000E-005  1.00000E-005  
7.25000E+001  3.69497E-005  1.25735E+015  2.12850E+002  3.34491E+005  1.00000E-040  1.00000E-040  1.00000E-040  1.00000E-040  1.00000E-040  1.00000E-040  1.00000E-040  1.00000E-040  1.00000E-040  1.00000E-040  1.00000E-040  1.00000E-040  1.00000E-040  1.00000E-040  4.87243E-027  1.00000E-040  1.03713E-040  7.85811E-009  5.10602E-007  1.51524E-005  7.64881E-009  9.15026E-006  2.11464E-001  8.39005E-008  2.80340E-004  2.87081E-019  6.41908E-013  1.89446E-034  2.76333E-026  1.47062E-023  2.20079E-016  1.86170E-008  3.16641E-019  3.38269E-032  1.00000E-040  1.00000E-040  1.00000E-040  1.96963E-020  1.12921E-018  2.82298E-013  3.90934E-012  5.20825E-036  1.00000E-040  7.40338E-025  1.36224E-027  2.98130E-011  7.34425E-012  7.88230E-001  1.97635E-021  5.17490E-024  3.57652E-022  1.00000E-040  1.07131E-038  1.57997E-028  1.43926E-026  5.44901E-009  1.03492E-017  2.78722E-010  3.94355E-018  1.94071E-009  9.99638E-012  8.83332E-007  3.39951E-013  9.20183E-018  3.93457E-015  2.00742E-012  4.35434E-016  2.84469E-011  4.05106E-030  5.89464E-032  1.00000E-040  1.86371E-030  1.00000E-040  2.09783E-021  1.45295E-019  3.09904E-014  5.80403E-024  3.99212E-023  6.59442E-040  1.00000E-040  1.00000E-040  1.00000E-040  1.36281E-025  4.91494E-034  5.66852E-037  3.97162E-026  7.93200E-021  6.11289E-026  2.22283E-032  2.04945E-027  6.92456E-018  6.19412E-019  6.90608E-017  1.15280E-022  2.27799E-029  1.00000E-040  9.98296E-016  1.90913E-037  4.85573E-026  9.49852E-031  1.33178E-023  9.62630E-033  3.29996E-019  7.98221E-022  7.92272E-014  1.00000E-040  1.26222E-014  1.00000E-040  1.00000E-040  5.54108E-023  1.00000E-040  8.98021E-025  2.20602E-014  7.24301E-037  1.00000E-003  1.00000E-005  1.00000E-005  1.00000E-005  1.00000E-005  1.00000E-005  1.00000E-005  1.00000E-005  1.00000E-005  1.00000E-005  1.00000E-005  1.00000E-005  1.00000E-005  1.00000E-005  1.00000E-005  1.00000E-005  
7.35000E+001  3.15588E-005  1.08651E+015  2.10380E+002  3.44491E+005  1.00000E-040  1.00000E-040  1.00000E-040  1.00000E-040  1.00000E-040  1.00000E-040  1.00000E-040  1.00000E-040  1.00000E-040  1.00000E-040  1.00000E-040  1.00000E-040  1.00000E-040  1.00000E-040  2.77455E-027  1.00000E-040  1.04122E-040  1.14774E-008  5.64515E-007  1.50456E-005  8.31192E-009  1.11499E-005  2.11411E-001  1.08203E-007  2.80008E-004  2.94002E-019  5.88059E-013  1.38947E-033  1.45073E-025  7.53168E-023  1.84947E-016  1.83850E-008  4.14021E-019  3.61812E-032  1.00000E-040  1.00000E-040  1.00000E-040  1.79976E-020  1.12293E-018  3.27734E-013  4.27567E-012  2.88168E-035  1.00000E-040  9.44857E-025  7.09541E-027  2.94173E-011  8.59030E-012  7.88281E-001  1.81245E-021  4.14302E-024  3.61597E-022  1.00000E-040  5.16862E-038  6.33257E-028  4.95854E-026  5.14420E-009  1.01407E-017  2.90847E-010  3.47041E-018  1.85199E-009  9.89695E-012  8.18369E-007  2.59828E-013  6.17725E-018  3.77643E-015  1.69091E-012  2.75088E-016  2.78999E-011  4.05590E-030  5.77013E-032  1.00000E-040  1.42682E-030  1.00000E-040  2.09451E-021  1.34274E-019  2.64205E-014  4.74714E-024  3.34556E-023  1.28890E-039  1.00000E-040  1.00000E-040  1.00000E-040  1.26805E-025  2.31518E-033  2.07009E-036  3.11735E-026  6.34728E-021  2.70703E-025  1.01362E-031  1.48917E-027  7.07127E-018  4.24257E-019  5.96641E-017  9.08485E-023  1.58858E-029  1.00000E-040  1.00723E-015  8.00426E-037  3.80747E-026  9.75182E-031  1.27376E-023  2.69583E-032  2.04245E-019  8.67626E-022  8.45750E-014  1.00000E-040  1.25928E-014  1.00000E-040  1.00000E-040  1.80035E-022  1.00000E-040  8.69879E-025  2.17435E-014  1.40674E-036  1.00000E-003  1.00000E-005  1.00000E-005  1.00000E-005  1.00000E-005  1.00000E-005  1.00000E-005  1.00000E-005  1.00000E-005  1.00000E-005  1.00000E-005  1.00000E-005  1.00000E-005  1.00000E-005  1.00000E-005  1.00000E-005  
7.45000E+001  2.69088E-005  9.35887E+014  2.08251E+002  3.54491E+005  1.00000E-040  1.00000E-040  1.00000E-040  1.00000E-040  1.00000E-040  1.00000E-040  1.00000E-040  1.00000E-040  1.00000E-040  1.00000E-040  1.00000E-040  1.00000E-040  1.00000E-040  1.00000E-040  1.62740E-027  1.00000E-040  1.04585E-040  1.69621E-008  6.25012E-007  1.49252E-005  9.08205E-009  1.35286E-005  2.11351E-001  1.39126E-007  2.79631E-004  3.00598E-019  5.34379E-013  8.61975E-033  6.33270E-025  3.36774E-022  1.55968E-016  1.81359E-008  5.43574E-019  3.95977E-032  1.00000E-040  1.05830E-040  1.00000E-040  1.68205E-020  1.13357E-018  3.80172E-013  4.68483E-012  1.41398E-034  1.00000E-040  1.19496E-024  3.11459E-026  2.89727E-011  9.95763E-012  7.88339E-001  1.71228E-021  3.40492E-024  3.76334E-022  1.00000E-040  2.21512E-037  2.28234E-027  1.71839E-025  4.89137E-009  1.01332E-017  3.07049E-010  3.08370E-018  1.76831E-009  9.99954E-012  7.46037E-007  2.02897E-013  4.21133E-018  3.80388E-015  1.42667E-012  1.77069E-016  2.72870E-011  4.02836E-030  5.65423E-032  1.00000E-040  1.07110E-030  1.00000E-040  2.09076E-021  1.24623E-019  2.26309E-014  3.94326E-024  2.84039E-023  2.45922E-039  1.00000E-040  1.00000E-040  1.00000E-040  1.16291E-025  9.46902E-033  7.67256E-036  2.49721E-026  5.32896E-021  1.19895E-024  3.95110E-031  1.12852E-027  7.30774E-018  2.89614E-019  5.10576E-017  7.16998E-023  1.08213E-029  1.00000E-040  1.01364E-015  2.98571E-036  3.04721E-026  1.02575E-030  1.21219E-023  7.58779E-032  1.26343E-019  9.40166E-022  8.91600E-014  1.00000E-040  1.25608E-014  1.00000E-040  1.00000E-040  5.90320E-022  1.00000E-040  8.76041E-025  2.14148E-014  2.70654E-036  1.00000E-003  1.00000E-005  1.00000E-005  1.00000E-005  1.00000E-005  1.00000E-005  1.00000E-005  1.00000E-005  1.00000E-005  1.00000E-005  1.00000E-005  1.00000E-005  1.00000E-005  1.00000E-005  1.00000E-005  1.00000E-005  
7.55000E+001  2.29105E-005  8.03596E+014  2.06497E+002  3.64489E+005  1.00000E-040  1.00000E-040  1.00000E-040  1.00000E-040  1.00000E-040  1.00000E-040  1.00000E-040  1.00000E-040  1.00000E-040  1.00000E-040  1.00000E-040  1.00000E-040  1.00000E-040  1.00000E-040  9.99894E-028  1.00000E-040  1.05111E-040  2.54063E-008  6.93015E-007  1.47885E-005  1.00297E-008  1.62326E-005  2.11283E-001  1.78375E-007  2.79199E-004  3.05470E-019  4.80433E-013  4.83329E-032  2.44961E-024  1.33781E-021  1.32347E-016  1.78648E-008  7.15439E-019  4.50763E-032  1.00000E-040  1.00000E-040  1.00000E-040  1.64117E-020  1.17490E-018  4.38896E-013  5.14521E-012  6.27851E-034  1.00000E-040  1.49566E-024  1.25108E-025  2.84713E-011  1.14619E-011  7.88405E-001  1.68348E-021  2.88703E-024  4.06295E-022  1.00000E-040  9.02925E-037  7.82167E-027  5.50577E-025  4.68904E-009  1.04257E-017  3.30726E-010  2.77947E-018  1.68906E-009  1.05188E-011  6.63713E-007  1.63398E-013  2.94139E-018  4.21620E-015  1.20583E-012  1.17646E-016  2.65981E-011  3.96561E-030  5.58081E-032  1.00000E-040  7.85665E-031  1.00000E-040  2.08652E-021  1.15967E-019  1.95270E-014  3.35706E-024  2.46164E-023  4.59061E-039  1.00000E-040  1.00000E-040  1.00000E-040  1.04372E-025  3.40821E-032  2.66759E-035  2.06333E-026  5.00750E-021  5.24398E-024  1.39523E-030  9.13180E-028  7.72485E-018  1.99925E-019  4.32060E-017  5.73582E-023  7.14793E-030  1.00000E-040  1.01814E-015  1.05082E-035  2.51519E-026  1.11660E-030  1.14664E-023  1.99692E-031  7.88020E-020  1.02036E-021  9.20740E-014  1.00000E-040  1.25254E-014  1.00000E-040  1.00000E-040  1.92722E-021  1.00000E-040  9.28935E-025  2.10675E-014  5.15157E-036  1.00000E-003  1.00000E-005  1.00000E-005  1.00000E-005  1.00000E-005  1.00000E-005  1.00000E-005  1.00000E-005  1.00000E-005  1.00000E-005  1.00000E-005  1.00000E-005  1.00000E-005  1.00000E-005  1.00000E-005  1.00000E-005  
7.65000E+001  1.94804E-005  6.89191E+014  2.04727E+002  3.74490E+005  1.00000E-040  1.00000E-040  1.00000E-040  1.00000E-040  1.00000E-040  1.00000E-040  1.00000E-040  1.00000E-040  1.00000E-040  1.00000E-040  1.00000E-040  1.00000E-040  1.00000E-040  1.00000E-040  6.50944E-028  1.00000E-040  1.05710E-040  3.86668E-008  7.69467E-007  1.46326E-005  1.14034E-008  1.90197E-005  2.11207E-001  2.28045E-007  2.78704E-004  3.05984E-019  4.29190E-013  2.64198E-031  9.09807E-024  5.11661E-021  1.13510E-016  1.75664E-008  9.34140E-019  5.40802E-032  1.00000E-040  1.00000E-040  1.00000E-040  1.72575E-020  1.26468E-018  4.94606E-013  5.67423E-012  2.73901E-033  1.00000E-040  1.84952E-024  5.02794E-025  2.79042E-011  1.30681E-011  7.88479E-001  1.71444E-021  2.43809E-024  4.53230E-022  4.60719E-036  3.71529E-036  2.70280E-026  1.74603E-024  4.53663E-009  1.12504E-017  3.70142E-010  2.56858E-018  1.61374E-009  1.19466E-011  5.73043E-007  1.38530E-013  2.15743E-018  5.44189E-015  1.02329E-012  8.35707E-017  2.58225E-011  3.87050E-030  5.67857E-032  1.00000E-040  5.71797E-031  1.00000E-040  2.08172E-021  1.08028E-019  1.70429E-014  2.99043E-024  2.22194E-023  8.39348E-039  1.00000E-040  1.00000E-040  1.00000E-040  9.12859E-026  1.14455E-031  9.45003E-035  1.78990E-026  6.09866E-021  2.42103E-023  4.85753E-030  7.54274E-028  8.48556E-018  1.43852E-019  3.62809E-017  4.70141E-023  4.53678E-030  1.00000E-040  1.02117E-015  3.84135E-035  2.17676E-026  1.25339E-030  1.07677E-023  5.47923E-031  5.08147E-020  1.14444E-021  9.23613E-014  1.00000E-040  1.24862E-014  1.00000E-040  1.00000E-040  6.42331E-021  1.00000E-040  1.01945E-024  2.06952E-014  9.66823E-036  1.00000E-003  1.00000E-005  1.00000E-005  1.00000E-005  1.00000E-005  1.00000E-005  1.00000E-005  1.00000E-005  1.00000E-005  1.00000E-005  1.00000E-005  1.00000E-005  1.00000E-005  1.00000E-005  1.00000E-005  1.00000E-005  
7.75000E+001  1.65436E-005  5.89343E+014  2.03319E+002  3.84490E+005  1.00000E-040  1.00000E-040  1.00000E-040  1.00000E-040  1.00000E-040  1.00000E-040  1.00000E-040  1.00000E-040  1.00000E-040  1.00000E-040  1.00000E-040  1.00000E-040  1.00000E-040  1.00000E-040  4.53822E-028  1.00000E-040  1.06395E-040  6.08359E-008  8.55313E-007  1.44529E-005  1.35646E-008  2.15347E-005  2.11120E-001  2.90929E-007  2.78135E-004  3.05426E-019  3.83130E-013  1.52365E-030  3.42618E-023  1.97401E-020  1.00122E-016  1.72348E-008  1.20627E-018  7.05368E-032  1.00000E-040  2.35512E-040  1.00000E-040  2.03038E-020  1.44833E-018  5.38162E-013  6.28996E-012  1.22557E-032  1.00000E-040  2.25492E-024  2.08305E-024  2.72613E-011  1.45845E-011  7.88564E-001  1.87746E-021  2.12791E-024  5.40142E-022  1.00000E-040  1.53479E-035  9.34014E-026  5.78393E-024  4.43443E-009  1.30788E-017  4.41185E-010  2.48019E-018  1.54187E-009  1.50512E-011  4.69887E-007  1.27286E-013  1.70037E-018  8.33973E-015  8.70312E-013  6.59886E-017  2.49480E-011  3.75070E-030  6.06647E-032  1.00000E-040  4.09008E-031  1.00000E-040  2.07626E-021  1.00596E-019  1.51470E-014  2.86020E-024  2.13162E-023  1.49850E-038  1.00000E-040  1.00000E-040  1.00000E-040  7.64030E-026  3.67364E-031  3.67248E-034  1.68537E-026  1.23425E-020  1.14409E-022  1.75240E-029  7.00420E-028  9.87671E-018  1.10484E-019  2.99447E-017  4.02687E-023  2.73319E-030  1.00000E-040  1.02303E-015  1.44231E-034  2.04163E-026  1.51764E-030  1.00223E-023  1.68197E-030  3.45447E-020  1.33496E-021  8.83119E-014  1.00000E-040  1.24423E-014  1.00000E-040  1.00000E-040  2.08954E-020  1.00000E-040  1.22975E-024  2.02916E-014  1.77807E-035  1.00000E-003  1.00000E-005  1.00000E-005  1.00000E-005  1.00000E-005  1.00000E-005  1.00000E-005  1.00000E-005  1.00000E-005  1.00000E-005  1.00000E-005  1.00000E-005  1.00000E-005  1.00000E-005  1.00000E-005  1.00000E-005  
7.85000E+001  1.40378E-005  5.01890E+014  2.02585E+002  3.94490E+005  1.00000E-040  1.00000E-040  1.00000E-040  1.00000E-040  1.00000E-040  1.00000E-040  1.00000E-040  1.00000E-040  1.00000E-040  1.00000E-040  1.00000E-040  1.00000E-040  1.00000E-040  1.00000E-040  3.38028E-028  1.00000E-040  1.07178E-040  1.00631E-007  9.51412E-007  1.42421E-005  1.70981E-008  2.34923E-005  2.11022E-001  3.71003E-007  2.77479E-004  3.18149E-019  3.56336E-013  9.28026E-030  1.27944E-022  7.46540E-020  9.39966E-017  1.68629E-008  1.53775E-018  1.01185E-031  1.00000E-040  1.00000E-040  1.00000E-040  2.68992E-020  1.78389E-018  5.60164E-013  7.01230E-012  5.44703E-032  1.00000E-040  2.71486E-024  8.38102E-024  2.65297E-011  1.57533E-011  7.88661E-001  2.26555E-021  1.98326E-024  7.04784E-022  1.00000E-040  6.00996E-035  3.04146E-025  1.95073E-023  4.38257E-009  1.66962E-017  5.69824E-010  2.53780E-018  1.47288E-009  2.09574E-011  3.60398E-007  1.30262E-013  1.47023E-018  1.45373E-014  7.40684E-013  5.95409E-017  2.39597E-011  3.62164E-030  6.93821E-032  1.00000E-040  2.85336E-031  1.00000E-040  2.07005E-021  9.35333E-020  1.38234E-014  2.98449E-024  2.19610E-023  2.60480E-038  1.00000E-040  1.00000E-040  1.00000E-040  6.06181E-026  1.08009E-030  1.55069E-033  1.76203E-026  3.69331E-020  5.02250E-022  6.38966E-029  7.93077E-028  1.22638E-017  9.31984E-020  2.39988E-017  3.71002E-023  1.53911E-030  1.00000E-040  1.02387E-015  5.22270E-034  2.12250E-026  2.05237E-030  9.22726E-024  5.67086E-030  2.55108E-020  1.62652E-021  7.94392E-014  1.00000E-040  1.23928E-014  1.57534E-040  1.00000E-040  6.16777E-020  1.00000E-040  1.71072E-024  1.98497E-014  3.16554E-035  1.00000E-003  1.00000E-005  1.00000E-005  1.00000E-005  1.00000E-005  1.00000E-005  1.00000E-005  1.00000E-005  1.00000E-005  1.00000E-005  1.00000E-005  1.00000E-005  1.00000E-005  1.00000E-005  1.00000E-005  1.00000E-005  
7.95000E+001  1.19050E-005  4.27202E+014  2.01843E+002  4.04490E+005  1.00000E-040  1.00000E-040  1.00000E-040  1.00000E-040  1.00000E-040  1.00000E-040  1.00000E-040  1.00000E-040  1.00000E-040  1.00000E-040  1.00000E-040  1.00000E-040  1.00000E-040  1.00000E-040  2.63989E-028  1.00000E-040  1.08078E-040  1.76003E-007  1.05774E-006  1.39884E-005  2.29997E-008  2.51894E-005  2.10910E-001  4.73910E-007  2.76719E-004  3.79674E-019  3.82823E-013  5.56364E-029  4.44858E-022  2.62837E-019  9.81616E-017  1.64431E-008  1.92242E-018  1.49115E-031  1.00000E-040  1.00000E-040  1.00000E-040  3.73952E-020  2.26506E-018  5.50466E-013  7.86076E-012  2.25567E-031  1.00000E-040  3.25192E-024  3.03533E-023  2.56961E-011  1.64223E-011  7.88773E-001  2.98532E-021  1.85342E-024  9.84732E-022  1.00000E-040  2.06857E-034  8.67201E-025  6.18990E-023  4.38057E-009  2.31740E-017  7.90287E-010  2.72601E-018  1.40626E-009  3.05710E-011  2.65256E-007  1.47627E-013  1.39179E-018  2.67614E-014  6.33618E-013  5.99860E-017  2.28426E-011  3.51085E-030  8.63366E-032  1.00000E-040  2.00449E-031  1.00000E-040  2.06296E-021  8.67972E-020  1.30350E-014  3.32928E-024  2.38518E-023  4.39093E-038  1.00000E-040  1.00000E-040  1.00000E-040  4.70683E-026  2.74033E-030  6.57641E-033  1.99121E-026  1.17799E-019  1.91548E-021  2.19314E-028  9.60003E-028  1.56955E-017  8.77772E-020  1.86375E-017  3.72834E-023  8.00593E-031  1.00000E-040  1.02374E-015  1.76701E-033  2.37686E-026  2.95587E-030  8.38489E-024  1.95029E-029  2.12436E-020  2.12629E-021  6.86504E-014  1.00000E-040  1.23368E-014  5.18777E-040  1.00000E-040  1.57682E-019  1.00000E-040  2.54997E-024  1.93635E-014  5.33213E-035  1.00000E-003  1.00000E-005  1.00000E-005  1.00000E-005  1.00000E-005  1.00000E-005  1.00000E-005  1.00000E-005  1.00000E-005  1.00000E-005  1.00000E-005  1.00000E-005  1.00000E-005  1.00000E-005  1.00000E-005  1.00000E-005  
8.05000E+001  1.00918E-005  3.62967E+014  2.01381E+002  4.06996E+005  1.00000E-040  1.00000E-040  1.00000E-040  1.00000E-040  1.00000E-040  1.00000E-040  1.00000E-040  1.00000E-040  1.00000E-040  1.00000E-040  1.00000E-040  1.00000E-040  1.00000E-040  1.00000E-040  2.12932E-028  1.00000E-040  1.09120E-040  3.27926E-007  1.17287E-006  1.36686E-005  3.07795E-008  2.91494E-005  2.10779E-001  6.09426E-007  2.75827E-004  5.73217E-019  5.05686E-013  3.20212E-028  1.38613E-021  8.22932E-019  1.13163E-016  1.59635E-008  2.42759E-018  1.89710E-031  1.47341E-037  1.38399E-036  1.00000E-040  4.55428E-020  2.64335E-018  5.46044E-013  8.81349E-012  7.75554E-031  1.00000E-040  3.92824E-024  9.62634E-023  2.47384E-011  1.73663E-011  7.88900E-001  4.33714E-021  1.78718E-024  1.47264E-021  6.05800E-036  5.70123E-034  1.96412E-024  1.61342E-022  4.42729E-009  3.20309E-017  1.07753E-009  2.88147E-018  1.34103E-009  4.08674E-011  2.01054E-007  1.59351E-013  1.23429E-018  4.90646E-014  5.45235E-013  5.68563E-017  2.15721E-011  3.45400E-030  1.07755E-031  1.00000E-040  1.40752E-031  1.00000E-040  2.05481E-021  8.03778E-020  1.26121E-014  3.48330E-024  2.43398E-023  7.10511E-038  1.00000E-040  1.00000E-040  1.00000E-040  3.88393E-026  5.88270E-030  2.28786E-032  2.09505E-026  3.17811E-019  6.27089E-021  6.27080E-028  1.20590E-027  1.83975E-017  8.28767E-020  1.37273E-017  3.89267E-023  3.85908E-031  1.00000E-040  1.02260E-015  4.65480E-033  2.48563E-026  4.19258E-030  7.49439E-024  5.03192E-029  1.79061E-020  2.74120E-021  6.14017E-014  1.00000E-040  1.22727E-014  2.23187E-039  1.00000E-040  3.44051E-019  1.00000E-040  3.83102E-024  1.88233E-014  8.23958E-035  1.00000E-003  1.00000E-005  1.00000E-005  1.00000E-005  1.00000E-005  1.00000E-005  1.00000E-005  1.00000E-005  1.00000E-005  1.00000E-005  1.00000E-005  1.00000E-005  1.00000E-005  1.00000E-005  1.00000E-005  1.00000E-005  
8.15000E+001  8.55407E-006  3.07387E+014  2.01560E+002  4.06996E+005  1.00000E-040  1.00000E-040  1.00000E-040  1.00000E-040  1.00000E-040  1.00000E-040  1.00000E-040  1.00000E-040  1.00000E-040  1.00000E-040  1.00000E-040  1.00000E-040  1.00000E-040  1.00000E-040  1.76763E-028  1.00000E-040  1.10343E-040  6.33764E-007  1.29068E-006  1.32457E-005  3.43644E-008  4.35050E-005  2.10620E-001  7.92650E-007  2.74761E-004  1.05380E-018  7.42159E-013  1.71670E-027  3.82879E-021  2.23519E-018  1.20205E-016  1.54086E-008  3.28200E-018  1.50507E-031  1.00000E-040  1.00000E-040  1.00000E-040  3.60443E-020  2.28988E-018  6.46545E-013  9.78874E-012  1.90085E-030  1.00000E-040  4.84917E-024  2.67422E-022  2.36273E-011  2.14885E-011  7.89045E-001  6.26674E-021  1.82292E-024  2.29303E-021  1.01616E-034  1.14340E-033  3.19215E-024  2.86730E-022  4.52322E-009  3.58681E-017  1.17732E-009  2.62488E-018  1.27598E-009  4.05078E-011  1.83251E-007  1.17722E-013  7.50514E-019  8.66351E-014  4.72262E-013  3.79059E-017  2.01177E-011  3.47506E-030  1.09737E-031  1.00000E-040  9.58829E-032  1.00000E-040  2.04529E-021  7.42702E-020  1.20945E-014  2.62695E-024  1.85410E-023  1.07951E-037  1.00000E-040  1.00000E-040  1.00000E-040  4.00807E-026  1.13475E-029  4.57011E-032  1.47214E-026  5.87190E-019  1.78023E-020  1.24950E-027  1.37945E-027  1.58964E-017  5.92128E-020  9.48535E-018  3.42359E-023  1.80937E-031  1.00000E-040  1.02036E-015  7.09984E-033  1.77574E-026  4.78035E-030  6.55539E-024  5.63183E-029  1.06618E-020  2.86050E-021  6.66718E-014  1.00000E-040  1.21982E-014  1.06430E-038  1.00000E-040  6.42005E-019  1.00000E-040  4.87751E-024  1.82157E-014  1.12870E-034  1.00000E-003  1.00000E-005  1.00000E-005  1.00000E-005  1.00000E-005  1.00000E-005  1.00000E-005  1.00000E-005  1.00000E-005  1.00000E-005  1.00000E-005  1.00000E-005  1.00000E-005  1.00000E-005  1.00000E-005  1.00000E-005  
8.25000E+001  7.25226E-006  2.60376E+014  2.01739E+002  4.06996E+005  1.00000E-040  1.00000E-040  1.00000E-040  1.00000E-040  1.00000E-040  1.00000E-040  1.00000E-040  1.00000E-040  1.00000E-040  1.00000E-040  1.00000E-040  1.00000E-040  1.00000E-040  1.00000E-040  1.54914E-028  1.00000E-040  1.11782E-040  1.15331E-006  1.39868E-006  1.26981E-005  2.89666E-008  8.77699E-005  2.10418E-001  1.03765E-006  2.73482E-004  2.15301E-018  9.98573E-013  7.70346E-027  9.39802E-021  5.25185E-018  1.07230E-016  1.47670E-008  4.92285E-018  6.60374E-032  2.61409E-037  2.03024E-036  1.00000E-040  1.58688E-020  1.32777E-018  9.87915E-013  1.06529E-011  3.30891E-030  1.00000E-040  6.10272E-024  6.53699E-022  2.23439E-011  3.43734E-011  7.89204E-001  7.45749E-021  1.83011E-024  3.41128E-021  1.00000E-040  1.63838E-033  3.64651E-024  3.34315E-022  4.67465E-009  2.83256E-017  9.00226E-010  1.92586E-018  1.21058E-009  2.65418E-011  2.19450E-007  5.45356E-014  2.97864E-019  1.44458E-013  4.14215E-013  1.68678E-017  1.84676E-011  3.52204E-030  8.11617E-032  1.00000E-040  6.33270E-032  1.00000E-040  2.03415E-021  6.83670E-020  1.11869E-014  1.28820E-024  9.01745E-024  1.51824E-037  1.00000E-040  1.00000E-040  1.00000E-040  5.45600E-026  2.22208E-029  4.58260E-032  6.09778E-027  7.09385E-019  4.43465E-020  1.66725E-027  1.10682E-027  9.20790E-018  2.93400E-020  6.46195E-018  2.42955E-023  8.64033E-032  1.00000E-040  1.01705E-015  5.74721E-033  7.65277E-027  3.67700E-030  5.59482E-024  2.31906E-029  3.99254E-021  2.19693E-021  9.53416E-014  1.00000E-040  1.21115E-014  1.00000E-040  1.00000E-040  1.04512E-018  1.00000E-040  4.30142E-024  1.75291E-014  1.35351E-034  1.00000E-003  1.00000E-005  1.00000E-005  1.00000E-005  1.00000E-005  1.00000E-005  1.00000E-005  1.00000E-005  1.00000E-005  1.00000E-005  1.00000E-005  1.00000E-005  1.00000E-005  1.00000E-005  1.00000E-005  1.00000E-005  
8.35000E+001  6.15040E-006  2.20459E+014  2.02065E+002  4.06996E+005  1.00000E-040  1.00000E-040  1.00000E-040  1.00000E-040  1.00000E-040  1.00000E-040  1.00000E-040  1.00000E-040  1.00000E-040  1.00000E-040  1.00000E-040  1.00000E-040  1.00000E-040  1.00000E-040  1.44504E-028  1.00000E-040  1.13471E-040  1.86519E-006  1.48978E-006  1.20385E-005  2.10484E-008  1.96857E-004  2.10147E-001  1.35164E-006  2.71955E-004  4.48539E-018  1.08912E-012  2.79372E-026  2.07644E-020  1.05240E-017  9.28015E-017  1.40315E-008  8.01790E-018  2.26255E-032  1.00000E-040  1.00000E-040  1.00000E-040  4.71834E-021  6.19287E-019  1.68745E-012  1.12742E-011  4.78518E-030  1.00000E-040  7.64713E-024  1.42943E-021  2.08802E-011  6.84974E-011  7.89368E-001  8.25209E-021  1.85219E-024  4.68592E-021  5.30151E-036  1.93027E-033  3.34649E-024  3.12220E-022  4.89806E-009  1.81245E-017  5.50426E-010  1.30790E-018  1.14460E-009  1.31147E-011  2.97261E-007  2.44910E-014  1.16586E-019  2.25268E-013  3.66329E-013  6.27756E-018  1.66306E-011  3.47863E-030  5.06014E-032  1.00000E-040  4.01078E-032  1.00000E-040  2.02111E-021  6.23938E-020  1.01107E-014  5.96748E-025  3.62246E-024  2.13498E-037  3.32707E-039  1.00000E-040  1.00000E-040  8.03405E-026  4.50662E-029  3.36096E-032  2.26431E-027  6.90093E-019  9.88132E-020  1.79622E-027  7.27484E-028  4.28400E-018  1.31459E-020  4.50046E-018  1.88109E-023  4.22007E-032  1.00000E-040  1.01277E-015  3.19819E-033  2.90388E-027  2.23489E-030  4.67023E-024  5.91925E-030  1.30815E-021  1.39285E-021  1.54364E-013  1.00000E-040  1.20107E-014  1.00000E-040  1.00000E-040  1.53144E-018  1.00000E-040  3.05065E-024  1.67519E-014  1.46847E-034  1.00000E-003  1.00000E-005  1.00000E-005  1.00000E-005  1.00000E-005  1.00000E-005  1.00000E-005  1.00000E-005  1.00000E-005  1.00000E-005  1.00000E-005  1.00000E-005  1.00000E-005  1.00000E-005  1.00000E-005  1.00000E-005  
8.45000E+001  5.21864E-006  1.86456E+014  2.02721E+002  4.06996E+005  1.00000E-040  1.00000E-040  1.00000E-040  1.00000E-040  1.00000E-040  1.00000E-040  1.00000E-040  1.00000E-040  1.00000E-040  1.00000E-040  1.00000E-040  1.00000E-040  1.00000E-040  1.00000E-040  1.39357E-028  1.00000E-040  1.15453E-040  2.72430E-006  1.56651E-006  1.12841E-005  1.51615E-008  4.19386E-004  2.09772E-001  1.73879E-006  2.70145E-004  8.63231E-018  1.00297E-012  1.05087E-025  4.17741E-020  1.78089E-017  8.33564E-017  1.31990E-008  1.33618E-017  8.00008E-033  1.00000E-040  1.00000E-040  1.00000E-040  1.16954E-021  2.78235E-019  2.78446E-012  1.15838E-011  6.25958E-030  1.00000E-040  9.25947E-024  2.83495E-021  1.92394E-011  1.70791E-010  7.89521E-001  1.08638E-020  1.93797E-024  5.99536E-021  1.00000E-040  2.20008E-033  2.88863E-024  2.75532E-022  5.21093E-009  1.11801E-017  3.18862E-010  1.01493E-018  1.07783E-009  5.58716E-012  3.94413E-007  1.48668E-014  6.11382E-020  3.27141E-013  3.23459E-013  2.25785E-018  1.46371E-011  3.29295E-030  3.20721E-032  1.00000E-040  2.42246E-032  1.00000E-040  2.00587E-021  5.61569E-020  9.02503E-015  3.75469E-025  1.79928E-024  3.70570E-037  1.33929E-034  1.00000E-040  1.00000E-040  1.09228E-025  8.71770E-029  2.70197E-032  1.11769E-027  6.39733E-019  1.99969E-019  1.82594E-027  4.80877E-028  1.91143E-018  6.40646E-021  3.20748E-018  1.99647E-023  2.20119E-032  1.00000E-040  1.00757E-015  1.63226E-033  1.43740E-027  1.29439E-030  3.83054E-024  1.47658E-030  4.64276E-022  8.26448E-022  2.45702E-013  1.00000E-040  1.18941E-014  1.00000E-040  1.00000E-040  2.06572E-018  1.00000E-040  2.09974E-024  1.58757E-014  1.50927E-034  1.00000E-003  1.00000E-005  1.00000E-005  1.00000E-005  1.00000E-005  1.00000E-005  1.00000E-005  1.00000E-005  1.00000E-005  1.00000E-005  1.00000E-005  1.00000E-005  1.00000E-005  1.00000E-005  1.00000E-005  1.00000E-005  
8.55000E+001  4.43114E-006  1.57809E+014  2.03377E+002  4.06996E+005  1.00000E-040  1.00000E-040  1.00000E-040  1.00000E-040  1.00000E-040  1.00000E-040  1.00000E-040  1.00000E-040  1.00000E-040  1.00000E-040  1.00000E-040  1.00000E-040  1.00000E-040  1.00000E-040  1.35804E-028  1.00000E-040  1.17774E-040  3.69187E-006  1.63378E-006  1.04496E-005  1.13171E-008  8.13667E-004  2.09254E-001  2.20353E-006  2.68013E-004  1.49167E-017  8.56568E-013  1.47358E-024  7.71053E-020  2.57942E-017  7.73577E-017  1.22738E-008  2.16896E-017  3.09420E-033  1.00000E-040  1.00000E-040  1.00000E-040  2.80970E-022  1.28255E-019  4.21873E-012  1.15945E-011  7.54749E-030  1.00000E-040  1.06474E-023  5.13174E-021  1.74419E-011  5.16629E-010  7.89646E-001  1.82440E-020  2.03047E-024  7.15059E-021  1.00000E-040  2.59925E-033  2.51627E-024  2.42124E-022  5.60138E-009  7.10323E-018  1.88002E-010  1.00592E-018  1.01020E-009  2.18444E-012  4.94942E-007  1.14998E-014  4.05363E-020  4.41930E-013  2.82323E-013  8.34937E-019  1.25435E-011  2.99511E-030  2.22482E-032  1.00000E-040  1.41768E-032  1.00000E-040  1.98810E-021  4.96485E-020  7.97568E-015  3.05212E-025  1.19450E-024  1.00000E-040  1.00000E-040  1.00000E-040  1.00000E-040  1.32931E-025  1.51366E-028  2.75742E-032  7.49069E-028  5.93805E-019  3.70646E-019  1.84452E-027  3.23305E-028  8.74693E-019  3.52701E-021  2.34277E-018  2.91347E-023  1.31659E-032  1.00000E-040  1.00138E-015  8.71862E-034  9.65106E-028  7.55558E-031  3.10388E-024  4.17293E-031  1.86463E-022  4.82789E-022  3.70841E-013  1.00000E-040  1.17603E-014  1.00000E-040  1.00000E-040  2.60241E-018  1.00000E-040  1.45758E-024  1.48992E-014  1.51220E-034  1.00000E-003  1.00000E-005  1.00000E-005  1.00000E-005  1.00000E-005  1.00000E-005  1.00000E-005  1.00000E-005  1.00000E-005  1.00000E-005  1.00000E-005  1.00000E-005  1.00000E-005  1.00000E-005  1.00000E-005  1.00000E-005  
8.65000E+001  3.76510E-006  1.33744E+014  2.03901E+002  4.06996E+005  1.00000E-040  1.00000E-040  1.00000E-040  1.00000E-040  1.00000E-040  1.00000E-040  1.00000E-040  1.00000E-040  1.00000E-040  1.00000E-040  1.00000E-040  1.00000E-040  1.00000E-040  1.00000E-040  1.32308E-028  1.00000E-040  1.20486E-040  4.73140E-006  1.69515E-006  9.55197E-006  8.73279E-009  1.44295E-003  2.08548E-001  2.75058E-006  2.65519E-004  2.33513E-017  7.18826E-013  4.04269E-023  1.31611E-019  3.29049E-017  7.31925E-017  1.12689E-008  3.36388E-017  1.20398E-033  1.00000E-040  1.00000E-040  1.00000E-040  7.28406E-023  6.14820E-020  5.87110E-012  1.13614E-011  9.54270E-030  1.03196E-040  1.16254E-023  8.53886E-021  1.55280E-011  1.66745E-009  7.89724E-001  3.49856E-020  2.10067E-024  7.98481E-021  1.00000E-040  3.19039E-033  2.22716E-024  2.12825E-022  5.98783E-009  4.64971E-018  1.14706E-010  1.19239E-018  9.41833E-010  8.04814E-013  5.88471E-007  9.79976E-015  2.94983E-020  5.55725E-013  2.41429E-013  3.26145E-019  1.04304E-011  2.64244E-030  1.68567E-032  1.00000E-040  8.11043E-033  1.00000E-040  1.96746E-021  4.30092E-020  6.97612E-015  2.75525E-025  9.26130E-025  3.91809E-039  1.00000E-040  1.00000E-040  1.00000E-040  1.46858E-025  2.33768E-028  3.24715E-032  5.86494E-028  5.54010E-019  6.34536E-019  1.86251E-027  2.20167E-028  4.16838E-019  2.16674E-021  1.75006E-018  5.04976E-023  1.10275E-032  1.00000E-040  9.94099E-016  4.92849E-034  7.57288E-028  4.50757E-031  2.49941E-024  1.33900E-031  8.35951E-023  2.78236E-022  5.31705E-013  1.00000E-040  1.16089E-014  1.00000E-040  1.00000E-040  3.09121E-018  1.00000E-040  1.02328E-024  1.38303E-014  1.49185E-034  1.00000E-003  1.00000E-005  1.00000E-005  1.00000E-005  1.00000E-005  1.00000E-005  1.00000E-005  1.00000E-005  1.00000E-005  1.00000E-005  1.00000E-005  1.00000E-005  1.00000E-005  1.00000E-005  1.00000E-005  1.00000E-005  
8.75000E+001  3.20103E-006  1.13577E+014  2.04134E+002  4.06996E+005  1.00000E-040  1.00000E-040  1.00000E-040  1.00000E-040  1.00000E-040  1.00000E-040  1.00000E-040  1.00000E-040  1.00000E-040  1.00000E-040  1.00000E-040  1.00000E-040  1.00000E-040  1.00000E-040  1.28171E-028  1.00000E-040  1.23650E-040  5.80564E-006  1.75243E-006  8.61253E-006  6.91335E-009  2.36903E-003  2.07613E-001  3.38428E-006  2.62620E-004  3.34616E-017  6.11250E-013  7.75173E-022  2.09185E-019  3.82403E-017  6.97660E-017  1.02063E-008  4.96562E-017  4.21494E-034  1.00000E-040  1.00000E-040  1.00000E-040  2.14281E-023  3.06460E-020  7.59290E-012  1.09598E-011  2.76613E-029  1.29349E-040  1.22027E-023  1.31349E-020  1.35559E-011  5.18302E-009  7.89735E-001  6.81624E-020  2.11213E-024  8.38179E-021  2.33665E-037  4.01969E-033  1.99433E-024  1.86168E-022  6.20780E-009  3.05936E-018  7.24798E-011  1.48965E-018  8.73043E-010  2.83897E-013  6.70570E-007  8.42380E-015  2.16600E-020  6.51649E-013  2.01211E-013  1.35118E-019  8.39218E-012  2.28473E-030  1.36119E-032  1.00000E-040  4.60118E-033  1.00000E-040  1.94358E-021  3.64653E-020  6.03467E-015  2.56020E-025  7.49911E-025  9.16742E-038  1.38844E-035  1.00000E-040  1.00000E-040  1.51054E-025  3.26907E-028  3.89106E-032  4.76729E-028  5.16202E-019  1.01023E-018  1.87397E-027  1.48826E-028  2.07248E-019  1.45441E-021  1.33490E-018  9.14186E-023  1.55117E-032  1.00000E-040  9.85611E-016  2.93642E-034  6.16599E-028  2.74220E-031  2.01219E-024  4.77620E-032  4.09656E-023  1.58547E-022  7.32123E-013  1.00000E-040  1.14398E-014  1.00000E-040  1.00000E-040  3.48626E-018  2.52383E-037  7.15778E-025  1.26859E-014  1.44824E-034  1.00000E-003  1.00000E-005  1.00000E-005  1.00000E-005  1.00000E-005  1.00000E-005  1.00000E-005  1.00000E-005  1.00000E-005  1.00000E-005  1.00000E-005  1.00000E-005  1.00000E-005  1.00000E-005  1.00000E-005  1.00000E-005  
8.85000E+001  2.72283E-006  9.64998E+013  2.04367E+002  4.06996E+005  1.00000E-040  1.00000E-040  1.00000E-040  1.00000E-040  1.00000E-040  1.00000E-040  1.00000E-040  1.00000E-040  1.00000E-040  1.00000E-040  1.00000E-040  1.00000E-040  1.00000E-040  1.00000E-040  1.23396E-028  1.00000E-040  1.27336E-040  6.87757E-006  1.80606E-006  7.65609E-006  5.52921E-009  3.64761E-003  2.06410E-001  4.10830E-006  2.59277E-004  4.44158E-017  5.28341E-013  9.92256E-021  3.12052E-019  4.16145E-017  6.66767E-017  9.11425E-009  7.03946E-017  2.39138E-034  1.00000E-040  1.00000E-040  1.00000E-040  7.01178E-024  1.58434E-020  9.28443E-012  1.04186E-011  2.01384E-028  1.54620E-040  1.24505E-023  1.88467E-020  1.15940E-011  1.48469E-008  7.89662E-001  1.27022E-019  2.12130E-024  8.40819E-021  1.67067E-037  5.08241E-033  1.77841E-024  1.60692E-022  6.10425E-009  1.96639E-018  4.70968E-011  1.84999E-018  8.04281E-010  9.69930E-014  7.33020E-007  6.96389E-015  1.52671E-020  7.14126E-013  1.63241E-013  5.81984E-020  6.51908E-012  1.95239E-030  1.15789E-032  1.00000E-040  2.55902E-033  1.00000E-040  1.91610E-021  3.02558E-020  5.15944E-015  2.39172E-025  6.13148E-025  5.81932E-038  5.79742E-036  1.00000E-040  1.00000E-040  1.46589E-025  4.25787E-028  4.50223E-032  3.91672E-028  4.77710E-019  1.50896E-018  1.86339E-027  1.06615E-028  1.06863E-019  1.04657E-021  1.03133E-018  1.63020E-022  2.99519E-032  1.00000E-040  9.75773E-016  1.76098E-034  5.07153E-028  1.72595E-031  1.62798E-024  1.81145E-032  2.14308E-023  8.77564E-023  9.72462E-013  1.00000E-040  1.12538E-014  1.00000E-040  1.00000E-040  3.74538E-018  6.20186E-033  5.08937E-025  1.14903E-014  1.37536E-034  1.00000E-003  1.00000E-005  1.00000E-005  1.00000E-005  1.00000E-005  1.00000E-005  1.00000E-005  1.00000E-005  1.00000E-005  1.00000E-005  1.00000E-005  1.00000E-005  1.00000E-005  1.00000E-005  1.00000E-005  1.00000E-005  
8.95000E+001  2.31717E-006  8.21133E+013  2.04391E+002  4.06996E+005  1.00000E-040  1.00000E-040  1.00000E-040  1.00000E-040  1.00000E-040  1.00000E-040  1.00000E-040  1.00000E-040  1.00000E-040  1.00000E-040  1.00000E-040  1.00000E-040  1.00000E-040  1.00000E-040  1.17978E-028  1.00000E-040  1.31626E-040  7.91231E-006  1.85566E-006  6.70917E-006  4.46255E-009  5.32140E-003  2.04907E-001  4.92479E-006  2.55452E-004  5.49426E-017  4.66329E-013  8.93934E-020  4.38948E-019  4.32597E-017  6.34315E-017  8.02475E-009  9.61712E-017  4.10532E-035  1.00000E-040  1.00000E-040  1.00000E-040  2.50771E-024  8.46402E-021  1.08345E-011  9.79112E-012  1.39699E-027  1.79221E-040  1.25647E-023  2.53101E-020  9.71252E-012  3.85634E-008  7.89494E-001  2.20961E-019  2.08568E-024  8.03419E-021  3.37833E-036  6.40114E-033  1.58123E-024  1.36390E-022  5.67088E-009  1.22587E-018  3.13823E-011  2.19252E-018  7.36133E-010  3.26089E-014  7.77696E-007  5.47844E-015  1.02560E-020  7.33524E-013  1.29492E-013  2.55103E-020  4.88249E-012  1.66067E-030  1.01915E-032  1.00000E-040  1.42080E-033  1.00000E-040  1.88469E-021  2.45949E-020  4.35841E-015  2.21883E-025  4.92784E-025  4.78027E-038  5.44530E-036  1.00000E-040  1.00000E-040  1.37017E-025  5.25664E-028  4.98209E-032  3.14734E-028  4.36459E-019  2.12353E-018  1.82774E-027  8.03211E-029  5.70799E-020  7.93094E-022  8.07725E-019  2.76294E-022  5.83425E-032  1.00000E-040  9.64449E-016  1.07436E-034  4.07835E-028  1.11349E-031  1.33040E-024  7.23749E-033  1.18129E-023  4.78977E-023  1.25940E-012  1.00000E-040  1.10520E-014  1.70586E-038  1.00000E-040  3.85107E-018  5.13491E-029  3.59567E-025  1.02730E-014  1.27194E-034  1.00000E-003  1.00000E-005  1.00000E-005  1.00000E-005  1.00000E-005  1.00000E-005  1.00000E-005  1.00000E-005  1.00000E-005  1.00000E-005  1.00000E-005  1.00000E-005  1.00000E-005  1.00000E-005  1.00000E-005  1.00000E-005  
9.05000E+001  1.97240E-006  7.00733E+013  2.03873E+002  4.06996E+005  1.00000E-040  1.00000E-040  1.00000E-040  1.00000E-040  1.00000E-040  1.00000E-040  1.00000E-040  1.00000E-040  1.00000E-040  1.00000E-040  1.00000E-040  1.00000E-040  1.00000E-040  1.00000E-040  1.12146E-028  1.00000E-040  1.36612E-040  8.87987E-006  1.90050E-006  5.79863E-006  3.64687E-009  7.41691E-003  2.03086E-001  5.83281E-006  2.51116E-004  6.37524E-017  4.22263E-013  5.97207E-019  5.84887E-019  4.34933E-017  5.97436E-017  6.97116E-009  1.27070E-016  3.87856E-034  8.33417E-034  1.69270E-033  1.00000E-040  9.82436E-025  4.66523E-021  1.21643E-011  9.11744E-012  7.55166E-027  2.05155E-040  1.27656E-023  3.19085E-020  7.97595E-012  9.04441E-008  7.89222E-001  3.55808E-019  1.94421E-024  7.25949E-021  1.53746E-035  8.04088E-033  1.41352E-024  1.13875E-022  5.04981E-009  7.50392E-019  2.14121E-011  2.41707E-018  6.69359E-010  1.10501E-014  8.11319E-007  4.15783E-015  6.68569E-021  7.08687E-013  1.01235E-013  1.12776E-020  3.52507E-012  1.41365E-030  9.11290E-033  1.00000E-040  8.08192E-034  1.00000E-040  1.84903E-021  1.96350E-020  3.63903E-015  2.03569E-025  3.80819E-025  4.14282E-038  4.42781E-036  1.00000E-040  1.00000E-040  1.25936E-025  6.22265E-028  5.28140E-032  2.39794E-028  3.92216E-019  2.82614E-018  1.77076E-027  6.31145E-029  3.16594E-020  6.23550E-022  6.43762E-019  4.35735E-022  1.00708E-031  1.00000E-040  9.51513E-016  6.85986E-035  3.10894E-028  7.25152E-032  1.10316E-024  3.05897E-033  6.81365E-024  2.63416E-023  1.60812E-012  1.00000E-040  1.08360E-014  3.33993E-037  1.00000E-040  3.80887E-018  1.22140E-025  2.44376E-025  9.06783E-015  1.14290E-034  1.00000E-003  1.00000E-005  1.00000E-005  1.00000E-005  1.00000E-005  1.00000E-005  1.00000E-005  1.00000E-005  1.00000E-005  1.00000E-005  1.00000E-005  1.00000E-005  1.00000E-005  1.00000E-005  1.00000E-005  1.00000E-005  
9.15000E+001  1.67899E-006  5.98007E+013  2.03356E+002  4.06996E+005  1.00000E-040  1.00000E-040  1.00000E-040  1.00000E-040  1.00000E-040  1.00000E-040  1.00000E-040  1.00000E-040  1.00000E-040  1.00000E-040  1.00000E-040  1.00000E-040  1.00000E-040  1.00000E-040  1.06711E-028  1.00000E-040  1.42406E-040  9.75803E-006  1.93981E-006  4.94781E-006  2.97224E-009  9.94875E-003  2.00936E-001  6.82914E-006  2.46242E-004  7.03907E-017  3.85782E-013  3.10305E-018  7.44659E-019  4.26915E-017  5.59605E-017  5.98299E-009  1.64330E-016  5.06847E-035  1.00000E-040  6.97282E-035  1.00000E-040  4.05567E-025  2.64312E-021  1.32945E-011  8.36241E-012  3.22475E-026  2.37175E-040  1.29682E-023  3.82151E-020  6.43316E-012  1.92254E-007  7.88845E-001  5.28616E-019  1.80928E-024  6.34231E-021  7.93017E-035  9.91228E-033  1.25120E-024  9.32606E-023  4.42403E-009  4.59793E-019  1.48379E-011  2.55535E-018  6.04760E-010  3.84077E-015  8.23960E-007  3.10777E-015  4.28954E-021  6.46320E-013  7.85298E-014  4.98947E-021  2.45535E-012  1.20796E-030  8.40597E-033  1.00000E-040  4.55795E-034  1.00000E-040  1.80886E-021  1.54312E-020  3.00583E-015  1.85244E-025  2.90443E-025  1.00000E-040  1.00000E-040  1.00000E-040  1.00000E-040  1.13040E-025  7.18839E-028  5.40691E-032  1.80339E-028  3.47324E-019  3.59307E-018  1.68443E-027  5.81582E-029  1.80497E-020  5.04223E-022  5.19459E-019  6.43550E-022  1.56840E-031  1.00000E-040  9.36839E-016  4.32570E-035  2.33889E-028  4.88605E-032  9.30252E-025  1.31562E-033  4.05363E-024  1.41920E-023  2.02583E-012  1.00000E-040  1.06065E-014  5.97000E-038  1.00000E-040  3.62672E-018  9.24783E-023  1.66916E-025  7.90733E-015  9.95609E-035  1.00000E-003  1.00000E-005  1.00000E-005  1.00000E-005  1.00000E-005  1.00000E-005  1.00000E-005  1.00000E-005  1.00000E-005  1.00000E-005  1.00000E-005  1.00000E-005  1.00000E-005  1.00000E-005  1.00000E-005  1.00000E-005  
9.25000E+001  1.42925E-006  5.10615E+013  2.02736E+002  4.06996E+005  1.00000E-040  1.00000E-040  1.00000E-040  1.00000E-040  1.00000E-040  1.00000E-040  1.00000E-040  1.00000E-040  1.00000E-040  1.00000E-040  1.00000E-040  1.00000E-040  1.00000E-040  1.00000E-040  1.01993E-028  1.00000E-040  1.49136E-040  1.05332E-005  1.97300E-006  4.17436E-006  2.41714E-009  1.29162E-002  1.98455E-001  7.90767E-006  2.40811E-004  7.45683E-017  3.55320E-013  1.30007E-017  9.10659E-019  4.11498E-017  5.20793E-017  5.08319E-009  2.08650E-016  1.00000E-040  1.00000E-040  3.64104E-035  1.00000E-040  1.75430E-025  1.53536E-021  1.42122E-011  7.54747E-012  1.12507E-025  2.83396E-040  1.32178E-023  4.37374E-020  5.11299E-012  3.73821E-007  7.88362E-001  7.29617E-019  1.66386E-024  5.37445E-021  3.05754E-034  1.20024E-032  1.10075E-024  7.51163E-023  3.85348E-009  2.84463E-019  1.04252E-011  2.58789E-018  5.43132E-010  1.39263E-015  8.18952E-007  2.31250E-015  2.74214E-021  5.58784E-013  6.08720E-014  2.20676E-021  1.65243E-012  1.03828E-030  7.98264E-033  1.00000E-040  2.56131E-034  1.00000E-040  1.76394E-021  1.19740E-020  2.45969E-015  1.67014E-025  2.17840E-025  1.00000E-040  1.00000E-040  1.00000E-040  1.00000E-040  9.98908E-026  8.15037E-028  5.37404E-032  1.33013E-028  3.03303E-019  4.38554E-018  1.57553E-027  6.04263E-029  1.05642E-020  4.15807E-022  4.28734E-019  8.91492E-022  2.19264E-031  1.00000E-040  9.20316E-016  2.71974E-035  1.72550E-028  3.38513E-032  7.98862E-025  5.74017E-034  2.47640E-024  7.54681E-024  2.55285E-012  1.00000E-040  1.03638E-014  5.49333E-039  1.00000E-040  3.33730E-018  2.57715E-020  1.13386E-025  6.81980E-015  8.42476E-035  1.00000E-003  1.00000E-005  1.00000E-005  1.00000E-005  1.00000E-005  1.00000E-005  1.00000E-005  1.00000E-005  1.00000E-005  1.00000E-005  1.00000E-005  1.00000E-005  1.00000E-005  1.00000E-005  1.00000E-005  1.00000E-005  
9.35000E+001  1.21651E-006  4.36615E+013  2.01806E+002  4.06996E+005  1.00000E-040  1.00000E-040  1.00000E-040  1.00000E-040  1.00000E-040  1.00000E-040  1.00000E-040  1.00000E-040  1.00000E-040  1.00000E-040  1.00000E-040  1.00000E-040  1.00000E-040  1.00000E-040  9.80953E-029  1.00000E-040  1.56952E-040  1.12003E-005  1.99980E-006  3.49055E-006  1.96793E-009  1.63012E-002  1.95657E-001  9.05722E-006  2.34818E-004  7.64333E-017  3.31707E-013  4.53087E-017  1.07603E-018  3.91541E-017  4.81923E-017  4.28827E-009  2.60463E-016  3.32713E-035  2.40513E-034  2.22739E-034  1.00000E-040  8.01525E-026  9.13277E-022  1.49077E-011  6.70669E-012  3.31545E-025  3.59195E-040  1.35942E-023  4.81833E-020  4.02672E-012  6.71796E-007  7.87780E-001  9.44585E-019  1.48124E-024  4.40441E-021  1.00143E-033  1.43801E-032  9.71243E-025  5.99030E-023  3.32458E-009  1.77772E-019  7.42645E-012  2.49040E-018  4.85307E-010  5.35262E-016  8.02003E-007  1.70858E-015  1.74648E-021  4.60282E-013  4.74863E-014  9.76424E-022  1.07720E-012  8.99038E-031  7.78362E-033  1.00000E-040  1.45241E-034  1.00000E-040  1.71414E-021  9.20873E-021  1.99879E-015  1.49472E-025  1.59448E-025  1.00000E-040  1.00000E-040  1.00000E-040  1.00000E-040  8.77339E-026  9.10465E-028  5.23337E-032  9.49423E-029  2.62209E-019  5.16556E-018  1.45557E-027  6.55353E-029  6.35566E-021  3.47825E-022  3.69728E-019  1.16369E-021  2.74243E-031  1.00000E-040  9.01857E-016  1.74474E-035  1.23183E-028  2.38457E-032  6.98973E-025  2.59350E-034  1.55462E-024  4.00971E-024  3.29140E-012  1.00000E-040  1.01084E-014  5.83128E-038  1.00000E-040  2.98293E-018  3.05397E-018  7.52324E-026  5.82868E-015  6.96765E-035  1.00000E-003  1.00000E-005  1.00000E-005  1.00000E-005  1.00000E-005  1.00000E-005  1.00000E-005  1.00000E-005  1.00000E-005  1.00000E-005  1.00000E-005  1.00000E-005  1.00000E-005  1.00000E-005  1.00000E-005  1.00000E-005  
9.45000E+001  1.03518E-006  3.73251E+013  2.00877E+002  4.06996E+005  1.00000E-040  1.00000E-040  1.00000E-040  1.00000E-040  1.00000E-040  1.00000E-040  1.00000E-040  1.00000E-040  1.00000E-040  1.00000E-040  1.00000E-040  1.00000E-040  1.00000E-040  1.00000E-040  9.51492E-029  1.00000E-040  1.66030E-040  1.17611E-005  2.02030E-006  2.90298E-006  1.59105E-009  2.00707E-002  1.92565E-001  1.02605E-005  2.28268E-004  7.67830E-017  3.12144E-013  1.35184E-016  1.24035E-018  3.70599E-017  4.46584E-017  3.60775E-009  3.21296E-016  1.00000E-040  1.00000E-040  1.00000E-040  1.00000E-040  3.78671E-026  5.54626E-022  1.54079E-011  5.84681E-012  8.44948E-025  4.88352E-040  1.39640E-023  5.18982E-020  3.17118E-012  1.12671E-006  7.87108E-001  1.15532E-018  1.31514E-024  3.53898E-021  2.78864E-033  1.70033E-032  8.55882E-025  4.76408E-023  2.86232E-009  1.44441E-019  5.34441E-012  2.32560E-018  4.32076E-010  2.18387E-016  7.68368E-007  1.25963E-015  1.10940E-021  3.63291E-013  3.74833E-014  4.31196E-022  6.82582E-013  7.84989E-031  7.92268E-033  1.00000E-040  8.13356E-035  1.00000E-040  1.65937E-021  7.04893E-021  1.61872E-015  1.33150E-025  1.16164E-025  1.13326E-039  1.00000E-040  1.00000E-040  1.00000E-040  7.60292E-026  1.01239E-027  5.08059E-032  6.74431E-029  2.26805E-019  5.93118E-018  1.33009E-027  7.32269E-029  3.90416E-021  2.95190E-022  3.43080E-019  1.45609E-021  3.18443E-031  1.00000E-040  8.81393E-016  1.11013E-035  8.75120E-029  1.73016E-032  6.22546E-025  1.14288E-034  9.99814E-025  2.09338E-024  4.46749E-012  1.00000E-040  9.83953E-015  1.00000E-040  1.00000E-040  2.60132E-018  1.75106E-016  5.01827E-026  4.95077E-015  5.68408E-035  1.00000E-003  1.00000E-005  1.00000E-005  1.00000E-005  1.00000E-005  1.00000E-005  1.00000E-005  1.00000E-005  1.00000E-005  1.00000E-005  1.00000E-005  1.00000E-005  1.00000E-005  1.00000E-005  1.00000E-005  1.00000E-005  
9.55000E+001  8.80659E-007  3.18934E+013  1.99997E+002  4.06996E+005  1.00000E-040  1.00000E-040  1.00000E-040  1.00000E-040  1.00000E-040  1.00000E-040  1.00000E-040  1.00000E-040  1.00000E-040  1.00000E-040  1.00000E-040  1.00000E-040  1.00000E-040  1.00000E-040  9.30007E-029  1.00000E-040  1.76573E-040  1.22216E-005  2.03478E-006  2.41352E-006  1.27524E-009  2.41709E-002  1.89217E-001  1.14913E-005  2.21188E-004  7.64867E-017  2.97256E-013  3.53174E-016  1.40871E-018  3.51857E-017  4.17367E-017  3.04541E-009  3.92372E-016  1.22078E-035  1.00000E-040  1.00000E-040  1.00000E-040  1.83682E-026  3.43471E-022  1.57254E-011  4.99218E-012  1.90217E-024  7.03382E-040  1.42411E-023  5.56578E-020  2.53453E-012  1.78030E-006  7.86360E-001  1.35345E-018  1.16989E-024  2.81396E-021  6.87175E-033  1.99664E-032  7.57302E-025  3.82767E-023  2.46673E-009  7.81568E-019  3.88255E-012  2.12732E-018  3.84161E-010  9.40034E-017  7.19602E-007  9.29050E-016  7.04323E-022  2.76709E-013  3.00927E-014  1.89762E-022  4.22417E-013  6.91963E-031  8.51707E-033  1.00000E-040  4.46701E-035  1.00000E-040  1.59969E-021  5.40180E-021  1.31328E-015  1.18555E-025  8.49312E-026  1.80818E-039  1.00000E-040  1.00000E-040  1.00000E-040  6.49803E-026  1.12965E-027  5.03211E-032  4.81347E-029  1.99348E-019  6.70208E-018  1.20960E-027  8.21167E-029  2.44436E-021  2.54748E-022  3.57095E-019  1.79251E-021  3.51614E-031  1.00000E-040  8.58890E-016  7.01384E-036  6.24608E-029  1.29357E-032  5.63580E-025  5.69606E-035  6.61109E-025  1.07090E-024  6.63129E-012  1.00000E-040  9.55676E-015  1.00000E-040  1.00000E-040  2.22968E-018  5.41125E-015  3.39195E-026  4.19626E-015  4.64330E-035  1.00000E-003  1.00000E-005  1.00000E-005  1.00000E-005  1.00000E-005  1.00000E-005  1.00000E-005  1.00000E-005  1.00000E-005  1.00000E-005  1.00000E-005  1.00000E-005  1.00000E-005  1.00000E-005  1.00000E-005  1.00000E-005  
9.65000E+001  7.49065E-007  2.72227E+013  1.99299E+002  4.06996E+005  1.00000E-040  1.00000E-040  1.00000E-040  1.00000E-040  1.00000E-040  1.00000E-040  1.00000E-040  1.00000E-040  1.00000E-040  1.00000E-040  1.00000E-040  1.00000E-040  1.00000E-040  1.00000E-040  9.14721E-029  1.00000E-040  1.88818E-040  1.25894E-005  2.04370E-006  2.02150E-006  1.01011E-009  2.85157E-002  1.85677E-001  1.27087E-005  2.13628E-004  7.66912E-017  2.88204E-013  8.23887E-016  1.59720E-018  3.39063E-017  3.97979E-017  2.60170E-009  4.75121E-016  1.00000E-040  1.10904E-036  1.00000E-040  1.00000E-040  9.06410E-027  2.16733E-022  1.58713E-011  4.16747E-012  3.84704E-024  1.04069E-039  1.43212E-023  6.10638E-020  2.10374E-012  2.67304E-006  7.85561E-001  1.62779E-018  1.05660E-024  2.23524E-021  1.54140E-032  2.35243E-032  6.78029E-025  3.16576E-023  2.14279E-009  9.28269E-018  2.84553E-012  1.92500E-018  3.42219E-010  4.22489E-017  6.56572E-007  6.89652E-016  4.48881E-022  2.05450E-013  2.47038E-014  8.31909E-023  2.57209E-013  6.16943E-031  9.78705E-033  1.00000E-040  2.38161E-035  1.00000E-040  1.53527E-021  4.18161E-021  1.07574E-015  1.06221E-025  6.33226E-026  1.48984E-039  1.00000E-040  1.00000E-040  1.00000E-040  5.45666E-026  1.27974E-027  5.25555E-032  3.52043E-029  1.82567E-019  7.54757E-018  1.10414E-027  9.24837E-029  1.55595E-021  2.25150E-022  4.32124E-019  2.45629E-021  3.77852E-031  1.00000E-040  8.34362E-016  4.38956E-036  4.56817E-029  1.00174E-032  5.17666E-025  2.40507E-035  4.52831E-025  5.33384E-025  1.10779E-011  1.00000E-040  9.25971E-015  1.00000E-040  1.00000E-040  1.89797E-018  9.90308E-014  2.36589E-026  3.57027E-015  3.88179E-035  1.00000E-003  1.00000E-005  1.00000E-005  1.00000E-005  1.00000E-005  1.00000E-005  1.00000E-005  1.00000E-005  1.00000E-005  1.00000E-005  1.00000E-005  1.00000E-005  1.00000E-005  1.00000E-005  1.00000E-005  1.00000E-005  
9.75000E+001  6.37027E-007  2.32321E+013  1.98603E+002  4.06996E+005  1.00000E-040  1.00000E-040  1.00000E-040  1.00000E-040  1.00000E-040  1.00000E-040  1.00000E-040  1.00000E-040  1.00000E-040  1.00000E-040  1.00000E-040  1.00000E-040  1.00000E-040  1.00000E-040  9.01856E-029  1.00000E-040  2.03041E-040  1.28711E-005  2.04772E-006  1.72605E-006  7.94100E-010  3.29643E-002  1.82042E-001  1.38501E-005  2.05680E-004  7.87979E-017  2.90846E-013  1.74632E-015  1.83645E-018  3.36731E-017  3.93285E-017  2.27649E-009  5.69738E-016  1.84651E-035  9.38442E-035  8.95947E-035  1.00000E-040  4.60775E-027  1.39740E-022  1.58456E-011  3.40490E-012  7.13716E-024  1.55403E-039  1.41948E-023  7.07827E-020  1.87112E-012  3.84219E-006  7.84753E-001  2.87878E-018  9.51616E-025  1.77969E-021  3.24913E-032  2.86536E-032  6.30134E-025  2.77538E-023  1.86779E-009  8.03489E-017  2.11012E-012  1.71160E-018  3.06871E-010  1.97936E-017  5.85903E-007  5.13622E-016  2.86939E-022  1.51135E-013  2.08697E-014  3.64752E-023  1.56344E-013  5.58044E-031  1.19983E-032  1.72832E-040  1.24350E-035  1.00000E-040  1.46648E-021  3.31796E-021  8.99920E-016  9.70239E-026  4.83909E-026  1.23314E-039  1.00000E-040  1.00000E-040  1.00000E-040  4.52625E-026  1.49098E-027  6.04227E-032  2.63889E-029  1.80126E-019  8.59076E-018  1.02801E-027  1.02424E-028  1.01205E-021  2.06180E-022  6.22868E-019  5.50687E-021  3.99251E-031  1.00000E-040  8.07887E-016  2.83004E-036  3.42416E-029  7.95815E-033  4.81648E-025  1.39720E-035  3.27694E-025  2.61569E-025  2.10903E-011  1.00000E-040  8.94869E-015  1.56704E-038  1.00000E-040  1.62919E-018  1.16584E-012  1.69152E-026  3.07486E-015  3.40787E-035  1.00000E-003  1.00000E-005  1.00000E-005  1.00000E-005  1.00000E-005  1.00000E-005  1.00000E-005  1.00000E-005  1.00000E-005  1.00000E-005  1.00000E-005  1.00000E-005  1.00000E-005  1.00000E-005  1.00000E-005  1.00000E-005  
9.85000E+001  5.41616E-007  1.98069E+013  1.98058E+002  4.06996E+005  1.00000E-040  1.00000E-040  1.00000E-040  1.00000E-040  1.00000E-040  1.00000E-040  1.00000E-040  1.00000E-040  1.00000E-040  1.00000E-040  1.00000E-040  1.00000E-040  1.00000E-040  1.00000E-040  8.85166E-029  1.00000E-040  2.19575E-040  1.30700E-005  2.04780E-006  1.52881E-006  6.17974E-010  3.72763E-002  1.78475E-001  1.48199E-005  1.97488E-004  8.54654E-017  3.13485E-013  3.45016E-015  2.19292E-018  3.53122E-017  4.14729E-017  2.07185E-009  6.76767E-016  2.37304E-036  7.39209E-037  3.10292E-035  1.00000E-040  2.40459E-027  9.24017E-023  1.56533E-011  2.72685E-012  1.24486E-023  2.32456E-039  1.36976E-023  8.98251E-020  1.83870E-012  5.31312E-006  7.84014E-001  1.11259E-017  8.67710E-025  1.45469E-021  6.77904E-032  3.77397E-032  6.26846E-025  2.68256E-023  1.65842E-009  5.36870E-016  1.58647E-012  1.51805E-018  2.78747E-010  9.79787E-018  5.08358E-007  3.89110E-016  1.86165E-022  1.13196E-013  1.82512E-014  1.63799E-023  9.79590E-014  5.14345E-031  1.53511E-032  2.40724E-038  6.29884E-036  1.00000E-040  1.39388E-021  2.75836E-021  7.81045E-016  9.19276E-026  3.90565E-026  1.12654E-039  1.00000E-040  1.00000E-040  1.00000E-040  3.68660E-026  1.82988E-027  8.12339E-032  2.09773E-029  1.98740E-019  1.01046E-017  9.95803E-028  1.13512E-028  6.73843E-022  2.00160E-022  1.11683E-018  2.33095E-020  4.26867E-031  1.00000E-040  7.79621E-016  1.91770E-036  2.72188E-029  6.54008E-033  4.53173E-025  7.92983E-036  2.57782E-025  1.26103E-025  4.69763E-011  1.00000E-040  8.62466E-015  1.00000E-040  1.00000E-040  1.43890E-018  9.94805E-012  1.27414E-026  2.71115E-015  3.19193E-035  1.00000E-003  1.00000E-005  1.00000E-005  1.00000E-005  1.00000E-005  1.00000E-005  1.00000E-005  1.00000E-005  1.00000E-005  1.00000E-005  1.00000E-005  1.00000E-005  1.00000E-005  1.00000E-005  1.00000E-005  1.00000E-005  
9.95000E+001  4.60484E-007  1.67968E+013  1.98566E+002  4.06996E+005  1.00000E-040  1.00000E-040  1.00000E-040  1.00000E-040  1.00000E-040  1.00000E-040  1.00000E-040  1.00000E-040  1.00000E-040  1.00000E-040  1.00000E-040  1.00000E-040  1.00000E-040  1.00000E-040  8.42959E-029  1.00000E-040  2.38815E-040  1.31811E-005  2.04539E-006  1.43770E-006  4.69098E-010  4.09776E-002  1.75283E-001  1.54633E-005  1.89288E-004  1.04751E-016  3.79558E-013  7.86963E-015  2.84768E-018  4.09073E-017  5.04067E-017  1.99534E-009  7.97980E-016  9.02548E-037  1.00000E-040  1.00000E-040  1.00000E-040  1.26898E-027  6.29424E-023  1.52680E-011  2.18351E-012  2.49476E-023  3.89543E-039  1.25918E-023  1.28188E-019  2.01355E-012  7.05702E-006  7.83511E-001  2.70128E-016  8.80663E-025  1.29929E-021  1.82660E-031  5.84880E-032  6.92788E-025  3.03516E-023  1.75876E-009  1.44341E-014  1.21039E-012  1.41222E-018  2.58628E-010  5.66893E-018  4.18027E-007  3.49234E-016  1.41189E-022  8.98999E-014  1.66038E-014  8.64906E-024  6.76314E-014  4.86007E-031  1.91175E-032  2.97522E-036  3.08676E-036  1.00000E-040  1.31830E-021  2.47206E-021  7.16647E-016  9.25121E-026  3.59564E-026  1.14222E-039  1.00000E-040  1.00000E-040  1.00000E-040  2.85814E-026  2.47163E-027  1.43216E-031  1.95944E-029  2.52688E-019  1.27784E-017  1.03708E-027  1.38789E-028  4.56063E-022  2.18655E-022  3.04988E-018  5.55059E-019  4.69826E-031  1.00000E-040  7.49850E-016  1.33142E-036  2.54172E-029  5.84958E-033  4.30549E-025  5.12343E-036  2.35396E-025  5.92752E-026  1.46405E-010  1.00000E-040  8.28995E-015  1.41818E-040  1.00000E-040  1.33799E-018  3.12679E-010  1.12108E-026  2.48207E-015  3.13428E-035  1.00000E-003  1.00000E-005  1.00000E-005  1.00000E-005  1.00000E-005  1.00000E-005  1.00000E-005  1.00000E-005  1.00000E-005  1.00000E-005  1.00000E-005  1.00000E-005  1.00000E-005  1.00000E-005  1.00000E-005  1.00000E-005  
