alt           press         den           temp          eddy          H2Oaer        CO2aer        S8aer         H2SO4aer      NH3aer        N2Oaer        C2H2aer       C2H4aer       C2H6aer       CH3CNaer      HCCCNaer      HCNaer        CH4aer        HCaer1        HCaer2        HCaer3        He            H             H2            H2O           OH            O             O2            CO            CO2           HCO           H2CO          C             CH            CH2           CH3           CH4           S             S2            S3            S4            S8            H2S           HS            SO            SO2           CS            CS2           OCS           CN            HCN           N             N2            NH            NH2           NH3           C2            C2H           C2H2          C2H4          NO            HNO           HO2           HNCO          N2O           H2O2          O3            NO2           NO3           SO3           HNO2          HNO3          H2SO4         HCl           Cl            Cl2           HOCl          N2H4          ClO           C2H6          CH3OH         CH2CO         CH3CHO        C3H4          C3H6          C4H2          C4H4          OClO          HCS           C2H3          C2H5          NCO           1CH2          HCCO          NNH           HSO           CH3O          H2COH         H2CN          N2H2          C4H           HCNOH         C2H2OH        CH3CO         CH2CHO        C2H3OH        C2H4OH        CH3O2         HSO3          O1D           N2H3          NH2CO         HS4           C4H3          CH2N2         N2D           CH2CN         CH3CN         HCCCN         H2Oaer_r      CO2aer_r      S8aer_r       H2SO4aer_r    NH3aer_r      N2Oaer_r      C2H2aer_r     C2H4aer_r     C2H6aer_r     CH3CNaer_r    HCCCNaer_r    HCNaer_r      CH4aer_r      HCaer1_r      HCaer2_r      HCaer3_r      
5.00000E-001  1.00950E+000  2.54785E+019  2.86978E+002  1.00000E+005  6.63852E-004  1.00000E-040  1.00000E-040  9.77161E-030  1.00000E-040  1.00000E-040  1.00000E-040  1.00000E-040  1.00000E-040  1.00000E-040  1.00000E-040  1.00000E-040  1.00000E-040  1.00000E-040  1.73966E-020  1.00000E-040  1.00000E-040  2.78324E-018  4.95294E-007  6.28529E-003  9.03866E-014  8.30146E-015  2.10728E-004  3.14351E-008  2.81327E-004  3.20517E-019  2.33468E-010  1.00000E-040  1.54448E-040  9.48034E-027  7.28399E-017  8.00396E-007  4.22906E-021  1.96682E-020  2.56556E-031  1.44821E-030  1.63898E-039  4.27513E-012  1.97385E-016  2.50590E-015  3.12105E-011  4.05764E-033  6.07523E-037  3.33828E-010  2.00466E-031  4.65652E-011  2.69491E-024  9.93221E-001  7.52908E-020  2.00242E-013  4.10820E-010  1.00000E-040  4.27888E-037  1.50197E-023  4.06085E-019  8.71074E-013  7.82709E-014  1.94426E-011  1.40062E-014  2.70431E-007  2.14936E-009  2.79502E-009  7.25392E-012  1.47068E-014  5.00501E-019  1.32584E-012  1.53410E-011  3.81068E-011  2.30409E-029  7.47598E-034  1.00000E-040  7.39639E-030  2.04442E-012  3.21096E-024  1.82248E-017  1.82976E-014  3.77921E-022  1.28398E-019  5.13461E-034  1.68549E-030  1.00000E-040  1.00000E-040  7.88155E-029  1.22615E-033  3.92696E-031  2.60252E-020  3.84143E-016  2.29456E-031  4.85856E-031  3.04890E-022  2.57828E-014  1.66622E-015  2.60378E-015  7.96119E-022  1.85588E-010  1.00000E-040  7.30968E-019  2.59158E-036  1.93963E-022  8.69203E-025  3.49735E-018  6.47414E-020  8.27578E-011  3.91565E-020  3.01109E-022  9.32963E-013  5.21160E-014  1.25233E-034  1.00000E-040  9.56281E-020  1.00000E-040  3.72904E-020  3.11010E-011  5.02404E-031  1.00000E-003  1.00000E-005  1.00000E-005  1.00000E-005  1.00000E-005  1.00000E-005  1.00000E-005  1.00000E-005  1.00000E-005  1.00000E-005  1.00000E-005  1.00000E-005  1.00000E-005  1.00000E-005  1.00000E-005  1.00000E-005  
1.50000E+000  8.97217E-001  2.31579E+019  2.80618E+002  1.00000E+005  8.68385E-004  1.00000E-040  1.00000E-040  1.14322E-026  1.00000E-040  1.00000E-040  1.00000E-040  1.00000E-040  1.00000E-040  1.00000E-040  1.00000E-040  1.00000E-040  1.00000E-040  1.00000E-040  1.15033E-020  1.00000E-040  1.00000E-040  3.20544E-018  4.95005E-007  4.79429E-003  1.00282E-013  7.61950E-015  2.11031E-004  2.98784E-008  2.81758E-004  2.02564E-019  1.27064E-010  1.00000E-040  1.74933E-040  9.64649E-027  7.01985E-017  7.94399E-007  7.25474E-021  1.91974E-020  2.59907E-031  1.19186E-030  1.64143E-039  1.49419E-012  1.19519E-016  6.94077E-015  6.34088E-011  7.00638E-033  4.50842E-037  2.90912E-010  1.31348E-031  4.60719E-011  5.50359E-024  9.94711E-001  1.11524E-019  3.00385E-013  2.72292E-010  1.00000E-040  7.83250E-037  1.40542E-023  3.96542E-019  3.18139E-014  8.53975E-014  1.80043E-011  1.29014E-014  2.67431E-007  2.03357E-009  2.12449E-009  9.87446E-013  9.33012E-015  4.00312E-019  4.91448E-013  1.84485E-011  5.06094E-011  1.85414E-029  1.01348E-033  1.00000E-040  5.19879E-030  3.23513E-012  3.21580E-024  1.83750E-017  1.75581E-014  4.63256E-022  1.21658E-019  5.12299E-034  1.34211E-030  1.00000E-040  1.00000E-040  5.88359E-029  1.80055E-033  4.00219E-031  2.07463E-020  2.62920E-015  2.17923E-031  4.45012E-031  4.16323E-022  3.10953E-014  9.68457E-016  2.44482E-015  6.00837E-022  1.84107E-010  1.00000E-040  1.28501E-018  2.97369E-036  2.45677E-022  8.33215E-025  3.50256E-018  7.02812E-020  4.42089E-010  9.15401E-020  2.99072E-022  1.44511E-012  5.24588E-014  9.48663E-035  1.00000E-040  7.84136E-020  1.00000E-040  3.43822E-020  3.01953E-011  4.99436E-031  1.00000E-003  1.00000E-005  1.00000E-005  1.00000E-005  1.00000E-005  1.00000E-005  1.00000E-005  1.00000E-005  1.00000E-005  1.00000E-005  1.00000E-005  1.00000E-005  1.00000E-005  1.00000E-005  1.00000E-005  1.00000E-005  
2.50000E+000  7.95935E-001  2.09052E+019  2.75766E+002  1.00000E+005  5.87953E-004  1.00000E-040  1.00000E-040  1.20076E-023  1.00000E-040  1.00000E-040  1.00000E-040  1.00000E-040  1.00000E-040  1.00000E-040  1.00000E-040  1.00000E-040  1.00000E-040  1.00000E-040  1.45470E-020  1.00000E-040  1.00000E-040  4.41104E-018  4.94500E-007  3.80602E-003  1.29278E-013  9.33071E-015  2.11227E-004  2.81677E-008  2.82046E-004  2.29646E-019  1.14281E-010  1.00000E-040  3.42972E-040  1.41156E-026  8.31792E-017  7.88290E-007  9.82086E-021  1.65856E-020  2.05297E-031  7.57766E-031  1.64306E-039  4.75231E-013  5.94522E-017  9.71664E-015  4.46525E-011  1.16119E-032  2.58127E-037  2.49363E-010  1.10869E-031  4.55684E-011  1.07219E-023  9.95699E-001  1.39390E-019  3.04946E-013  1.68144E-010  1.00000E-040  1.16029E-036  1.24838E-023  3.70506E-019  1.61169E-014  1.02560E-013  1.95828E-011  1.21787E-014  2.63974E-007  2.07445E-009  2.07757E-009  5.36304E-013  1.05570E-014  3.20998E-019  1.86952E-013  2.01552E-011  5.86899E-011  1.87010E-029  1.21791E-033  3.54864E-035  5.12733E-030  2.66800E-012  3.21900E-024  1.87261E-017  1.76786E-014  6.48303E-022  1.18674E-019  5.09800E-034  9.36154E-031  1.00000E-040  1.00000E-040  5.77338E-029  2.71503E-033  4.59991E-031  2.31837E-020  5.33927E-015  3.01949E-031  5.10163E-031  6.01000E-022  4.46606E-014  1.28012E-015  2.39854E-015  5.68314E-022  1.73532E-010  1.00000E-040  2.32077E-018  3.68603E-036  3.47644E-022  7.58804E-025  3.50596E-018  6.90388E-020  5.58583E-010  8.52744E-020  3.71545E-022  1.26550E-012  5.27035E-014  7.38787E-035  1.00000E-040  8.71544E-020  1.00000E-040  2.91640E-020  2.93034E-011  4.89877E-031  1.00000E-003  1.00000E-005  1.00000E-005  1.00000E-005  1.00000E-005  1.00000E-005  1.00000E-005  1.00000E-005  1.00000E-005  1.00000E-005  1.00000E-005  1.00000E-005  1.00000E-005  1.00000E-005  1.00000E-005  1.00000E-005  
3.50000E+000  7.04664E-001  1.88444E+019  2.70842E+002  1.00000E+005  5.40896E-004  1.00000E-040  1.00000E-040  7.40956E-021  1.00000E-040  1.00000E-040  1.00000E-040  1.00000E-040  1.00000E-040  1.00000E-040  1.00000E-040  1.00000E-040  1.00000E-040  1.00000E-040  2.11516E-020  1.00000E-040  1.00000E-040  6.26058E-018  4.93987E-007  2.93054E-003  1.76061E-013  1.57564E-014  2.11399E-004  2.63738E-008  2.82302E-004  3.20003E-019  1.23032E-010  1.00000E-040  7.70507E-040  2.29150E-026  1.03648E-016  7.82409E-007  1.21430E-020  1.22807E-020  1.30985E-031  3.53748E-031  1.64450E-039  1.34892E-013  2.61769E-017  1.24707E-014  3.14625E-011  1.58355E-032  1.14361E-037  2.10395E-010  9.69257E-032  4.50720E-011  2.35920E-023  9.96574E-001  1.72351E-019  2.81127E-013  9.63483E-011  1.00000E-040  1.52112E-036  1.04835E-023  3.29129E-019  2.50411E-014  1.43144E-013  2.19673E-011  1.14738E-014  2.60146E-007  2.11319E-009  2.80886E-009  6.16094E-013  1.43408E-014  2.37511E-019  1.09930E-013  2.30535E-011  6.17176E-011  2.21344E-029  1.56404E-033  1.00000E-040  7.46846E-030  1.66776E-012  3.22180E-024  1.92211E-017  1.86097E-014  9.90598E-022  1.15608E-019  5.06377E-034  5.26227E-031  1.00000E-040  1.00000E-040  7.86682E-029  3.93558E-033  5.30530E-031  2.70211E-020  5.89735E-015  4.62900E-031  7.49199E-031  8.68683E-022  7.56804E-014  1.92454E-015  2.74379E-015  5.29472E-022  1.53496E-010  1.00000E-040  4.51581E-018  4.58195E-036  5.26224E-022  6.18777E-025  3.50889E-018  5.95296E-020  4.70126E-010  8.40745E-020  6.23425E-022  8.15431E-013  5.28594E-014  4.77932E-035  1.00000E-040  1.07894E-019  1.00000E-040  2.02154E-020  2.84355E-011  4.72261E-031  1.00000E-003  1.00000E-005  1.00000E-005  1.00000E-005  1.00000E-005  1.00000E-005  1.00000E-005  1.00000E-005  1.00000E-005  1.00000E-005  1.00000E-005  1.00000E-005  1.00000E-005  1.00000E-005  1.00000E-005  1.00000E-005  
4.50000E+000  6.22372E-001  1.70020E+019  2.65135E+002  1.00000E+005  5.43581E-004  1.00000E-040  1.00000E-040  2.27090E-018  1.00000E-040  1.00000E-040  1.00000E-040  1.00000E-040  1.00000E-040  1.00000E-040  1.00000E-040  1.00000E-040  1.00000E-040  1.00000E-040  7.59250E-021  1.00000E-040  1.00000E-040  8.43700E-018  4.93500E-007  2.06329E-003  2.38869E-013  3.14436E-014  2.11568E-004  2.44470E-008  2.82556E-004  4.22558E-019  1.26185E-010  1.00000E-040  1.55696E-039  3.53315E-026  1.24145E-016  7.76954E-007  1.41630E-020  7.60502E-021  6.85900E-032  1.16228E-031  1.64593E-039  3.50525E-014  1.76510E-017  1.49858E-014  2.23687E-011  1.76213E-032  4.88851E-038  1.74875E-010  7.74701E-032  4.45965E-011  5.84869E-023  9.97441E-001  2.14740E-019  2.37233E-013  5.10672E-011  1.00000E-040  1.80431E-036  8.24245E-024  2.68844E-019  5.44676E-014  1.95295E-013  2.37454E-011  1.10638E-014  2.55983E-007  2.04083E-009  4.54946E-009  7.81050E-013  2.05452E-014  1.55138E-019  1.48510E-013  2.67156E-011  5.69500E-011  2.88215E-029  2.06610E-033  1.00000E-040  1.32303E-029  8.60064E-013  3.22454E-024  1.96976E-017  1.99706E-014  1.60632E-021  1.08331E-019  5.02233E-034  2.17353E-031  1.00000E-040  1.00000E-040  1.28728E-028  5.19960E-033  5.56123E-031  2.90040E-020  5.41551E-015  6.66219E-031  1.21287E-030  1.22226E-021  1.31339E-013  2.70317E-015  3.48655E-015  4.17620E-022  1.27623E-010  1.00000E-040  9.61446E-018  5.40496E-036  8.27862E-022  4.38980E-025  3.51172E-018  4.38386E-020  2.98891E-010  8.39589E-020  1.23021E-021  4.21682E-013  5.29573E-014  2.31996E-035  1.00000E-040  1.27396E-019  1.00000E-040  1.08330E-020  2.76102E-011  4.46507E-031  1.00000E-003  1.00000E-005  1.00000E-005  1.00000E-005  1.00000E-005  1.00000E-005  1.00000E-005  1.00000E-005  1.00000E-005  1.00000E-005  1.00000E-005  1.00000E-005  1.00000E-005  1.00000E-005  1.00000E-005  1.00000E-005  
5.50000E+000  5.48261E-001  1.53296E+019  2.59044E+002  1.00000E+005  4.53405E-004  1.00000E-040  1.00000E-040  1.16534E-015  1.00000E-040  1.00000E-040  1.00000E-040  1.00000E-040  1.00000E-040  1.00000E-040  1.00000E-040  1.00000E-040  1.00000E-040  1.00000E-040  4.56420E-021  1.00000E-040  1.00000E-040  1.08349E-017  4.92947E-007  1.36430E-003  3.18105E-013  6.40398E-014  2.11701E-004  2.23586E-008  2.82762E-004  4.96278E-019  1.16522E-010  1.00000E-040  2.80671E-039  5.10310E-026  1.42753E-016  7.71905E-007  1.58983E-020  3.89836E-021  3.00038E-032  2.62246E-032  1.64707E-039  9.54280E-015  2.00054E-017  1.64134E-014  1.62384E-011  1.69807E-032  2.61656E-038  1.43303E-010  5.73991E-032  4.41461E-011  1.50928E-022  9.98140E-001  2.60169E-019  1.77713E-013  2.49363E-011  5.24066E-040  1.96953E-036  6.08127E-024  1.97297E-019  1.33704E-013  2.17659E-013  2.44962E-011  1.07714E-014  2.51466E-007  1.86709E-009  7.57215E-009  1.00635E-012  3.01271E-014  1.07250E-019  3.02701E-013  3.14710E-011  4.89366E-011  4.11578E-029  2.70266E-033  5.98201E-037  2.38916E-029  3.56305E-013  3.22668E-024  1.99686E-017  2.12427E-014  2.70902E-021  9.61230E-020  4.97469E-034  6.43068E-032  1.00000E-040  1.00000E-040  2.16793E-028  6.30602E-033  5.12025E-031  2.73390E-020  4.45512E-015  8.91190E-031  1.88983E-030  1.64549E-021  2.04838E-013  3.38476E-015  4.46101E-015  2.72775E-022  1.00654E-010  1.00000E-040  2.13648E-017  5.94193E-036  1.32334E-021  2.77581E-025  3.51388E-018  2.74007E-020  1.60202E-010  8.44420E-020  2.46584E-021  1.71723E-013  5.30150E-014  8.54316E-036  1.00000E-040  1.39696E-019  1.00000E-040  4.84470E-021  2.68414E-011  4.14511E-031  1.00000E-003  1.00000E-005  1.00000E-005  1.00000E-005  1.00000E-005  1.00000E-005  1.00000E-005  1.00000E-005  1.00000E-005  1.00000E-005  1.00000E-005  1.00000E-005  1.00000E-005  1.00000E-005  1.00000E-005  1.00000E-005  
6.50000E+000  4.81538E-001  1.38232E+019  2.52312E+002  1.00000E+005  3.53487E-004  1.00000E-040  1.00000E-040  4.88811E-013  1.00000E-040  1.00000E-040  1.00000E-040  1.00000E-040  1.00000E-040  1.00000E-040  1.00000E-040  1.00000E-040  1.00000E-040  1.00000E-040  2.21156E-021  1.00000E-040  1.00000E-040  1.29036E-017  4.92336E-007  8.34334E-004  4.03524E-013  1.23401E-013  2.11798E-004  2.01870E-008  2.82919E-004  5.18888E-019  9.89824E-011  1.00000E-040  4.07260E-039  6.39478E-026  1.50827E-016  7.67331E-007  1.74324E-020  1.68351E-021  1.13704E-032  4.21973E-033  1.64794E-039  3.82869E-015  2.62598E-017  1.68134E-014  1.22397E-011  1.44950E-032  1.63855E-038  1.15937E-010  3.70297E-032  4.37303E-011  3.58154E-022  9.98669E-001  2.78443E-019  1.09597E-013  1.11626E-011  1.91535E-038  2.05521E-036  4.35972E-024  1.29682E-019  3.17195E-013  1.75829E-013  2.38508E-011  1.00945E-014  2.46648E-007  1.59916E-009  1.20433E-008  1.29241E-012  4.20904E-014  8.99633E-020  6.44719E-013  3.65507E-011  3.66049E-011  6.48003E-029  3.39642E-033  7.33959E-035  3.99454E-029  1.07198E-013  3.22822E-024  1.98591E-017  2.18870E-014  4.71870E-021  8.01748E-020  4.92265E-034  1.39484E-032  1.00000E-040  1.00000E-040  3.49365E-028  6.84635E-033  3.99550E-031  2.20998E-020  3.31196E-015  1.02170E-030  2.73580E-030  2.12406E-021  2.83745E-013  3.86189E-015  5.53424E-015  1.45256E-022  7.66085E-011  1.00000E-040  4.98316E-017  6.15747E-036  2.14217E-021  1.61219E-025  3.51537E-018  1.47090E-020  8.01561E-011  8.46648E-020  4.68334E-021  5.02955E-014  5.30497E-014  2.63166E-036  1.00000E-040  1.32424E-019  1.00000E-040  1.96349E-021  2.61447E-011  3.80431E-031  1.00000E-003  1.00000E-005  1.00000E-005  1.00000E-005  1.00000E-005  1.00000E-005  1.00000E-005  1.00000E-005  1.00000E-005  1.00000E-005  1.00000E-005  1.00000E-005  1.00000E-005  1.00000E-005  1.00000E-005  1.00000E-005  
7.50000E+000  4.21505E-001  1.24474E+019  2.45267E+002  1.00000E+005  2.43595E-004  1.00000E-040  1.00000E-040  1.66695E-010  1.00000E-040  1.00000E-040  1.00000E-040  1.00000E-040  1.00000E-040  1.00000E-040  1.00000E-040  1.00000E-040  1.00000E-040  1.00000E-040  1.07810E-021  1.00000E-040  1.00000E-040  1.42660E-017  4.91668E-007  4.77952E-004  4.84356E-013  2.21611E-013  2.11857E-004  1.80725E-008  2.83026E-004  4.97853E-019  8.01248E-011  1.00000E-040  4.81920E-039  6.95938E-026  1.47247E-016  7.63221E-007  1.89591E-020  6.51407E-022  3.96094E-033  5.45630E-034  1.64852E-039  2.56604E-015  3.35265E-017  1.67297E-014  9.71442E-012  1.13249E-032  1.01729E-038  9.28491E-011  2.11410E-032  4.33535E-011  7.12924E-022  9.99026E-001  2.39835E-019  5.04367E-014  4.56991E-012  5.36250E-037  2.23661E-036  3.31269E-024  7.90916E-020  6.80216E-013  9.60409E-014  2.19877E-011  8.93543E-015  2.41603E-007  1.28344E-009  1.79023E-008  1.66285E-012  5.36745E-014  1.07474E-019  1.29156E-012  4.13101E-011  1.84432E-011  1.06309E-028  4.01595E-033  3.82868E-034  5.97787E-029  2.02537E-014  3.22914E-024  1.93645E-017  2.16785E-014  8.28732E-021  6.39282E-020  4.86773E-034  2.46014E-033  1.00000E-040  1.00000E-040  5.27287E-028  6.77415E-033  2.72789E-031  1.56975E-020  2.26921E-015  1.00788E-030  3.93543E-030  2.64813E-021  3.46212E-013  4.14306E-015  6.58892E-015  6.60368E-023  5.75795E-011  1.00000E-040  1.18076E-016  6.48827E-036  3.44927E-021  9.12121E-026  3.51620E-018  7.08638E-021  3.98649E-011  8.50467E-020  8.28866E-021  9.25122E-015  5.30701E-014  9.87839E-037  1.00000E-040  1.08013E-019  1.00000E-040  7.64929E-022  2.55276E-011  3.49613E-031  1.00000E-003  1.00000E-005  1.00000E-005  1.00000E-005  1.00000E-005  1.00000E-005  1.00000E-005  1.00000E-005  1.00000E-005  1.00000E-005  1.00000E-005  1.00000E-005  1.00000E-005  1.00000E-005  1.00000E-005  1.00000E-005  
8.50000E+000  3.67573E-001  1.11837E+019  2.38053E+002  1.00000E+005  1.51738E-004  1.00000E-040  1.00000E-040  2.17874E-010  1.00000E-040  1.00000E-040  1.00000E-040  1.00000E-040  1.00000E-040  1.00000E-040  1.00000E-040  1.00000E-040  1.00000E-040  1.00000E-040  1.59506E-021  1.00000E-040  1.00000E-040  1.46926E-017  4.90948E-007  2.59302E-004  5.53094E-013  3.72052E-013  2.11886E-004  1.61483E-008  2.83094E-004  4.46825E-019  6.27585E-011  1.00000E-040  4.91162E-039  6.68759E-026  1.34227E-016  7.59514E-007  2.07288E-020  2.48205E-022  1.38782E-033  6.83434E-035  1.64888E-039  2.08037E-015  4.03087E-017  1.69580E-014  8.14721E-012  8.39131E-033  6.01501E-039  7.39940E-011  1.08209E-032  4.30154E-011  8.28770E-021  9.99244E-001  1.73413E-019  1.75253E-014  1.72265E-012  1.35760E-035  2.76837E-036  2.91537E-024  4.72183E-020  1.33483E-012  3.75718E-014  1.91714E-011  7.47418E-015  2.36447E-007  9.65063E-010  2.48403E-008  2.15522E-012  6.16021E-014  1.71237E-019  2.39223E-012  4.53357E-011  8.34120E-012  1.57074E-028  4.56732E-033  1.00000E-040  8.01557E-029  2.47037E-015  3.22955E-024  1.86400E-017  2.07627E-014  1.35874E-020  4.99148E-020  4.81126E-034  4.14748E-034  1.00000E-040  1.00000E-040  7.45099E-028  6.26500E-033  1.73074E-031  1.02617E-020  1.46738E-015  8.70648E-031  6.12920E-030  3.26744E-021  3.78576E-013  4.23942E-015  7.53137E-015  2.92600E-023  4.36732E-011  1.00000E-040  2.83292E-016  7.62701E-036  5.14397E-021  5.34251E-026  3.51648E-018  3.26662E-021  1.99530E-011  8.62726E-020  1.37079E-020  1.08824E-015  5.30812E-014  1.47630E-036  1.00000E-040  7.69310E-020  1.00000E-040  2.90324E-022  2.49886E-011  3.26537E-031  1.00000E-003  1.00000E-005  1.00000E-005  1.00000E-005  1.00000E-005  1.00000E-005  1.00000E-005  1.00000E-005  1.00000E-005  1.00000E-005  1.00000E-005  1.00000E-005  1.00000E-005  1.00000E-005  1.00000E-005  1.00000E-005  
9.50000E+000  3.19251E-001  1.00100E+019  2.31001E+002  9.61769E+004  8.32666E-005  1.00000E-040  1.00000E-040  6.97185E-010  1.00000E-040  1.00000E-040  1.00000E-040  1.00000E-040  1.00000E-040  1.00000E-040  1.00000E-040  1.00000E-040  1.00000E-040  1.00000E-040  1.48337E-019  1.00000E-040  1.00000E-040  1.46728E-017  4.90151E-007  1.37958E-004  6.17327E-013  5.93160E-013  2.11895E-004  1.44799E-008  2.83133E-004  3.90271E-019  4.85210E-011  1.00000E-040  5.22177E-039  6.10218E-026  1.19218E-016  7.56033E-007  2.29649E-020  1.00813E-022  5.26094E-034  9.68032E-036  1.64907E-039  1.64666E-015  4.53199E-017  1.78330E-014  7.12145E-012  6.29529E-033  3.52706E-039  5.90196E-011  5.26888E-033  4.27044E-011  2.53399E-019  9.99365E-001  1.24716E-019  5.29224E-015  6.06961E-013  3.76329E-034  3.88020E-036  2.95605E-024  2.87213E-020  2.41130E-012  1.32084E-014  1.60276E-011  6.05988E-015  2.31219E-007  6.88401E-010  3.24346E-008  2.76216E-012  6.49197E-014  2.96348E-019  4.05224E-012  4.86488E-011  4.85058E-012  1.97168E-028  5.18206E-033  1.00000E-040  9.90774E-029  2.30038E-016  3.22963E-024  1.78956E-017  1.96257E-014  1.76293E-020  3.91773E-020  4.75298E-034  8.07171E-035  1.00000E-040  1.00000E-040  9.94866E-028  5.69859E-033  1.09485E-031  6.56577E-021  9.42252E-016  7.11300E-031  1.03164E-029  4.08822E-021  3.73766E-013  4.25305E-015  8.25658E-015  4.67643E-023  3.38107E-011  1.00000E-040  6.81006E-016  1.01564E-035  5.82215E-021  3.41234E-026  3.51635E-018  1.52814E-021  1.02917E-011  8.92636E-020  2.14561E-020  9.42062E-017  5.30862E-014  5.72180E-036  1.00000E-040  5.12671E-020  1.00000E-040  1.11363E-022  2.45086E-011  3.12674E-031  1.00000E-003  1.00000E-005  1.00000E-005  1.00000E-005  1.00000E-005  1.00000E-005  1.00000E-005  1.00000E-005  1.00000E-005  1.00000E-005  1.00000E-005  1.00000E-005  1.00000E-005  1.00000E-005  1.00000E-005  1.00000E-005  
1.05000E+001  2.76153E-001  8.90646E+018  2.24575E+002  6.85565E+004  3.47804E-005  1.00000E-040  1.00000E-040  2.20543E-008  1.00000E-040  1.00000E-040  1.00000E-040  1.00000E-040  1.00000E-040  1.00000E-040  1.00000E-040  1.00000E-040  1.00000E-040  1.00000E-040  8.48485E-018  1.00000E-040  1.00000E-040  1.51329E-017  4.89090E-007  7.65025E-005  7.04662E-013  9.40034E-013  2.11888E-004  1.28984E-008  2.83156E-004  3.52874E-019  3.81839E-011  1.00000E-040  7.34786E-039  5.96261E-026  1.10600E-016  7.52038E-007  2.51697E-020  4.15524E-023  1.95013E-034  1.00000E-040  1.64916E-039  1.15451E-015  4.55119E-017  1.84572E-014  6.20730E-012  5.01310E-033  2.03990E-039  4.60583E-011  2.70206E-033  4.23595E-011  2.60958E-018  9.99427E-001  9.79024E-020  1.37689E-015  1.86475E-013  1.00000E-040  5.71499E-036  3.19068E-024  1.78251E-020  4.00859E-012  5.24683E-015  1.31934E-011  4.93997E-015  2.25140E-007  4.65863E-010  4.12881E-008  3.46210E-012  6.76751E-014  4.99337E-019  6.34208E-012  5.22190E-011  4.43315E-012  2.21517E-028  6.01774E-033  2.34789E-033  1.21099E-028  1.52246E-017  3.22948E-024  1.72052E-017  1.87383E-014  1.69584E-020  3.14495E-020  4.68223E-034  2.03121E-035  1.00000E-040  1.00000E-040  1.30229E-027  5.33409E-033  7.27020E-032  4.25030E-021  6.29555E-016  6.24662E-031  1.77540E-029  5.14672E-021  3.20452E-013  4.38474E-015  8.70484E-015  2.09873E-022  2.60103E-011  1.00000E-040  1.59500E-015  1.46410E-035  4.60328E-021  2.37591E-026  3.51581E-018  7.32280E-022  5.66434E-012  9.37777E-020  3.31040E-020  5.56936E-018  5.30869E-014  2.75255E-035  1.00000E-040  3.58026E-020  1.00000E-040  4.49787E-023  2.39973E-011  3.05632E-031  1.00000E-003  1.00000E-005  1.00000E-005  1.00000E-005  1.00000E-005  1.00000E-005  1.00000E-005  1.00000E-005  1.00000E-005  1.00000E-005  1.00000E-005  1.00000E-005  1.00000E-005  1.00000E-005  1.00000E-005  1.00000E-005  
1.15000E+001  2.37970E-001  7.86175E+018  2.19240E+002  2.37960E+004  8.33638E-006  1.00000E-040  1.00000E-040  1.05089E-008  1.00000E-040  1.00000E-040  1.00000E-040  1.00000E-040  1.00000E-040  1.00000E-040  1.00000E-040  1.00000E-040  1.00000E-040  1.00000E-040  8.23256E-018  1.00000E-040  1.00000E-040  1.66104E-017  4.86727E-007  4.63313E-005  8.69938E-013  1.64954E-012  2.11860E-004  1.06941E-008  2.83175E-004  3.55928E-019  3.17552E-011  1.00000E-040  1.52531E-038  7.19219E-026  1.15988E-016  7.44187E-007  2.35372E-020  1.17015E-023  3.89006E-035  1.00000E-040  1.64918E-039  5.30059E-016  3.12469E-017  1.48167E-014  4.62013E-012  3.83324E-033  8.26618E-040  3.02055E-011  1.64586E-033  4.17107E-011  1.31590E-017  9.99457E-001  8.79899E-020  1.88653E-016  3.23431E-014  1.00000E-040  8.20119E-036  3.37842E-024  1.05591E-020  6.41156E-012  2.87352E-015  1.07886E-011  4.28457E-015  2.13838E-007  2.72913E-010  5.63867E-008  4.54698E-012  8.11564E-014  7.20254E-019  9.80853E-012  6.10676E-011  6.55757E-012  2.32508E-028  7.44132E-033  1.00000E-040  1.68959E-028  3.57856E-019  3.22897E-024  1.64446E-017  1.87057E-014  1.35526E-020  2.59685E-020  4.53995E-034  6.28629E-036  1.00000E-040  1.00000E-040  1.84527E-027  4.86332E-033  5.03809E-032  2.68515E-021  4.26626E-016  6.86277E-031  3.06531E-029  5.69691E-021  1.84443E-013  4.91606E-015  8.89469E-015  6.08046E-022  1.69833E-011  1.00000E-040  3.57130E-015  2.19513E-035  2.94661E-021  1.63688E-026  3.51419E-018  3.22616E-022  3.30217E-012  8.99877E-020  5.58391E-020  1.12853E-019  5.30823E-014  2.24990E-034  1.00000E-040  3.02292E-020  1.00000E-040  1.81299E-023  2.30823E-011  3.00345E-031  1.00000E-003  1.00000E-005  1.00000E-005  1.00000E-005  1.00000E-005  1.00000E-005  1.00000E-005  1.00000E-005  1.00000E-005  1.00000E-005  1.00000E-005  1.00000E-005  1.00000E-005  1.00000E-005  1.00000E-005  1.00000E-005  
1.25000E+001  2.04414E-001  6.88083E+018  2.15172E+002  1.42829E+004  2.04196E-006  1.00000E-040  1.00000E-040  4.96378E-009  1.00000E-040  1.00000E-040  1.00000E-040  1.00000E-040  1.00000E-040  1.00000E-040  1.00000E-040  1.00000E-040  1.00000E-040  1.00000E-040  7.71055E-018  1.00000E-040  1.00000E-040  1.89175E-017  4.81020E-007  2.99229E-005  1.15864E-012  3.14909E-012  2.11800E-004  7.93923E-009  2.83198E-004  4.07676E-019  2.83791E-011  1.00000E-040  3.69815E-038  1.07823E-025  1.38069E-016  7.27117E-007  1.56251E-020  1.59562E-024  1.76894E-035  1.57183E-034  1.64914E-039  1.29197E-016  1.22681E-017  7.66319E-015  2.36035E-012  2.40433E-033  1.73156E-040  1.40112E-011  1.22568E-033  4.03696E-011  4.25138E-017  9.99474E-001  9.78147E-020  1.21916E-017  2.83265E-015  1.00000E-040  1.07464E-035  3.27089E-024  6.47189E-021  1.02831E-011  2.59979E-015  8.77048E-012  4.00485E-015  1.92087E-007  1.45108E-010  8.03419E-008  6.48257E-012  1.13807E-013  7.78334E-019  1.49114E-011  8.19121E-011  7.06323E-012  2.21914E-028  9.81111E-033  1.00000E-040  2.62788E-028  2.66625E-021  3.22799E-024  1.61411E-017  2.10611E-014  1.10214E-020  2.31687E-020  4.23453E-034  2.56336E-036  1.00000E-040  1.00000E-040  2.77148E-027  3.63972E-033  3.94764E-032  1.74802E-021  2.83549E-016  9.54995E-031  4.64136E-029  4.58475E-021  5.81627E-014  5.96831E-015  8.73151E-015  1.20004E-021  7.96294E-012  1.00000E-040  7.24759E-015  3.15577E-035  1.89414E-021  1.05694E-026  3.50997E-018  1.43910E-022  2.02645E-012  6.29878E-020  1.01279E-019  6.79620E-022  5.30667E-014  3.46012E-033  1.00000E-040  3.19707E-020  1.00000E-040  7.29304E-024  2.13096E-011  2.84451E-031  1.00000E-003  1.00000E-005  1.00000E-005  1.00000E-005  1.00000E-005  1.00000E-005  1.00000E-005  1.00000E-005  1.00000E-005  1.00000E-005  1.00000E-005  1.00000E-005  1.00000E-005  1.00000E-005  1.00000E-005  1.00000E-005  
1.35000E+001  1.75142E-001  5.98428E+018  2.11980E+002  6.95701E+003  5.26930E-007  1.00000E-040  1.00000E-040  1.67519E-009  1.00000E-040  1.00000E-040  1.00000E-040  1.00000E-040  1.00000E-040  1.00000E-040  1.00000E-040  1.00000E-040  1.00000E-040  1.00000E-040  6.98380E-018  1.00000E-040  1.00000E-040  2.33586E-017  4.69378E-007  2.20389E-005  1.62863E-012  5.83250E-012  2.11709E-004  5.64165E-009  2.83232E-004  5.03759E-019  2.61971E-011  1.00000E-040  8.61030E-038  1.86594E-025  1.77825E-016  6.95547E-007  6.70592E-021  9.47693E-026  1.00000E-040  1.00000E-040  1.64901E-039  2.01486E-017  3.17744E-018  2.59732E-015  7.47803E-013  1.15855E-033  1.00000E-040  4.17154E-012  1.04073E-033  3.80307E-011  1.05347E-016  9.99482E-001  1.18105E-019  1.18801E-018  3.67256E-016  1.00000E-040  1.44609E-035  3.25175E-024  4.83823E-021  1.62685E-011  2.82338E-015  7.39355E-012  3.85788E-015  1.58904E-007  8.12933E-011  1.06306E-007  9.20739E-012  1.60090E-013  4.68780E-019  2.18979E-011  1.13934E-010  5.72939E-012  1.98954E-028  1.37102E-032  1.00000E-040  4.02422E-028  9.72970E-024  3.22668E-024  1.74154E-017  2.62852E-014  1.05406E-020  2.35656E-020  3.70690E-034  1.58434E-036  1.00000E-040  1.00000E-040  3.96357E-027  1.92606E-033  4.01764E-032  1.36645E-021  1.91285E-016  1.55543E-030  6.22759E-029  2.44281E-021  1.13376E-014  7.56397E-015  8.18191E-015  2.02619E-021  2.45484E-012  1.00000E-040  1.33958E-014  4.81485E-035  1.48871E-021  7.66852E-027  3.50092E-018  8.38626E-023  1.34987E-012  2.85183E-020  1.77645E-019  1.92146E-024  5.30311E-014  9.76850E-032  1.00000E-040  3.91739E-020  1.00000E-040  3.27429E-024  1.84808E-011  2.44629E-031  1.00000E-003  1.00000E-005  1.00000E-005  1.00000E-005  1.00000E-005  1.00000E-005  1.00000E-005  1.00000E-005  1.00000E-005  1.00000E-005  1.00000E-005  1.00000E-005  1.00000E-005  1.00000E-005  1.00000E-005  1.00000E-005  
1.45000E+001  1.49745E-001  5.18160E+018  2.09317E+002  5.42540E+003  1.90318E-007  1.00000E-040  1.00000E-040  5.01160E-010  1.00000E-040  1.00000E-040  1.00000E-040  1.00000E-040  1.00000E-040  1.00000E-040  1.00000E-040  1.00000E-040  1.00000E-040  1.00000E-040  6.14059E-018  1.00000E-040  1.00000E-040  3.09995E-017  4.48632E-007  1.74339E-005  2.27964E-012  1.00498E-011  2.11589E-004  4.27931E-009  2.83282E-004  6.10314E-019  2.36225E-011  1.00000E-040  1.91943E-037  3.22069E-025  2.27869E-016  6.44355E-007  1.77013E-021  2.20554E-027  9.27573E-036  1.01086E-034  1.64875E-039  2.28960E-018  5.95568E-019  5.91225E-016  1.45225E-013  3.65360E-034  1.00000E-040  7.35640E-013  9.02922E-034  3.44839E-011  2.26731E-016  9.99486E-001  1.37162E-019  5.31113E-019  2.05650E-016  1.00000E-040  2.22892E-035  3.70741E-024  4.37228E-021  2.51001E-011  3.14344E-015  6.31142E-012  3.55769E-015  1.17581E-007  4.80107E-011  1.24761E-007  1.19932E-011  1.98669E-013  1.58927E-019  3.09641E-011  1.43322E-010  2.65158E-012  1.76011E-028  1.95287E-032  4.93362E-040  5.56024E-028  2.91761E-025  3.22525E-024  2.09015E-017  3.30564E-014  1.16656E-020  2.69476E-020  2.95837E-034  1.29049E-036  1.04588E-040  1.00000E-040  5.21022E-027  6.27824E-034  4.94906E-032  1.27613E-021  1.25506E-016  2.54816E-030  8.31340E-029  7.94319E-022  1.49688E-015  9.31854E-015  7.35324E-015  3.17916E-021  4.77386E-013  1.00000E-040  2.20777E-014  8.28195E-035  1.40919E-021  6.81661E-027  3.48397E-018  6.26830E-023  9.33451E-013  7.81617E-021  2.90572E-019  4.15590E-026  5.29630E-014  3.31362E-031  1.00000E-040  4.79020E-020  1.00000E-040  1.61371E-024  1.46813E-011  5.91118E-032  1.00000E-003  1.00000E-005  1.00000E-005  1.00000E-005  1.00000E-005  1.00000E-005  1.00000E-005  1.00000E-005  1.00000E-005  1.00000E-005  1.00000E-005  1.00000E-005  1.00000E-005  1.00000E-005  1.00000E-005  1.00000E-005  
1.55000E+001  1.27806E-001  4.46702E+018  2.07229E+002  4.40851E+003  7.84622E-008  1.00000E-040  1.00000E-040  1.22065E-010  1.00000E-040  1.00000E-040  1.00000E-040  1.00000E-040  1.00000E-040  1.00000E-040  1.00000E-040  1.00000E-040  1.00000E-040  1.00000E-040  5.27541E-018  1.00000E-040  1.00000E-040  4.57112E-017  4.20107E-007  1.51113E-005  3.24571E-012  1.62708E-011  2.11457E-004  3.57557E-009  2.83342E-004  7.45505E-019  2.10817E-011  1.00000E-040  4.37447E-037  5.84353E-025  2.99412E-016  5.79955E-007  3.20298E-022  2.47498E-029  1.00000E-040  1.00000E-040  1.64835E-039  2.21016E-019  9.19180E-020  9.99148E-017  1.92962E-014  8.68054E-035  1.00000E-040  8.64486E-014  8.33756E-034  3.03290E-011  4.41228E-016  9.99489E-001  1.55789E-019  3.22143E-019  1.45608E-016  1.00000E-040  3.84232E-035  4.74623E-024  4.67050E-021  3.43760E-011  3.29534E-015  5.58817E-012  3.21813E-015  8.02589E-008  3.11388E-011  1.29724E-007  1.29467E-011  2.16002E-013  3.35945E-020  3.84154E-011  1.50049E-010  9.23089E-013  1.58458E-028  2.92299E-032  3.82704E-040  7.13553E-028  6.95198E-026  3.22388E-024  2.68893E-017  4.24161E-014  1.43297E-020  3.35398E-020  2.18524E-034  1.39271E-036  1.35795E-040  1.00000E-040  6.35403E-027  1.44862E-034  7.37345E-032  1.39188E-021  8.54558E-017  4.43293E-030  1.15909E-028  1.83292E-022  1.51575E-016  1.14629E-014  6.36320E-015  4.93420E-021  6.70636E-014  1.00000E-040  3.28227E-014  1.60221E-034  1.56735E-021  7.40507E-027  3.45932E-018  5.95176E-023  7.06119E-013  1.47595E-021  4.45975E-019  8.92027E-027  5.28629E-014  1.00000E-040  1.00000E-040  6.16693E-020  1.00000E-040  9.13560E-025  1.08529E-011  1.00000E-040  1.00000E-003  1.00000E-005  1.00000E-005  1.00000E-005  1.00000E-005  1.00000E-005  1.00000E-005  1.00000E-005  1.00000E-005  1.00000E-005  1.00000E-005  1.00000E-005  1.00000E-005  1.00000E-005  1.00000E-005  1.00000E-005  
1.65000E+001  1.08949E-001  3.82895E+018  2.06092E+002  3.94335E+003  1.29555E-008  1.00000E-040  1.00000E-040  2.71912E-011  1.00000E-040  1.00000E-040  1.00000E-040  1.00000E-040  1.00000E-040  1.00000E-040  1.00000E-040  1.00000E-040  1.00000E-040  1.00000E-040  4.43179E-018  1.00000E-040  1.00000E-040  7.66848E-017  3.83612E-007  1.48132E-005  4.94713E-012  2.56737E-011  2.11311E-004  3.07093E-009  2.83411E-004  9.80150E-019  1.90588E-011  1.00000E-040  1.16590E-036  1.26179E-024  4.31273E-016  5.04118E-007  3.89844E-023  2.02885E-031  5.60159E-035  6.14943E-034  1.64781E-039  1.64796E-020  1.05654E-020  1.13804E-017  1.67428E-015  1.63816E-035  1.00000E-040  6.90813E-015  9.13161E-034  2.57805E-011  7.82782E-016  9.99489E-001  1.81757E-019  2.01589E-019  1.02369E-016  1.00000E-040  7.37829E-035  6.81044E-024  6.18542E-021  3.99011E-011  3.13857E-015  5.30163E-012  3.01917E-015  5.06426E-008  2.35294E-011  1.22854E-007  1.14205E-011  2.18731E-013  4.42819E-021  3.97259E-011  1.34407E-010  2.66136E-013  1.44988E-028  4.81359E-032  1.97250E-039  9.16122E-028  1.72682E-026  3.22251E-024  3.78445E-017  5.94565E-014  2.01343E-020  4.71332E-020  1.47637E-034  2.25894E-036  1.88570E-040  1.00000E-040  7.40741E-027  2.49764E-035  1.47230E-031  1.85204E-021  6.11213E-017  9.34887E-030  1.79882E-028  2.99961E-023  1.06014E-017  1.47820E-014  5.22782E-015  7.90806E-021  6.65220E-015  1.00000E-040  4.32367E-014  3.61714E-034  2.14264E-021  9.96663E-027  3.42567E-018  7.63255E-023  6.06311E-013  1.91559E-022  6.57321E-019  2.15338E-027  5.27252E-014  1.35401E-030  1.00000E-040  9.52397E-020  1.00000E-040  5.97682E-025  7.35029E-012  2.59345E-030  1.00000E-003  1.00000E-005  1.00000E-005  1.00000E-005  1.00000E-005  1.00000E-005  1.00000E-005  1.00000E-005  1.00000E-005  1.00000E-005  1.00000E-005  1.00000E-005  1.00000E-005  1.00000E-005  1.00000E-005  1.00000E-005  
1.75000E+001  9.28462E-002  3.25783E+018  2.06420E+002  3.89374E+003  1.00000E-040  1.00000E-040  1.00000E-040  5.89782E-012  1.00000E-040  1.00000E-040  1.00000E-040  1.00000E-040  1.00000E-040  1.00000E-040  1.00000E-040  1.00000E-040  1.00000E-040  1.00000E-040  3.60787E-018  1.00000E-040  1.00000E-040  1.39130E-016  3.41634E-007  1.50139E-005  7.74288E-012  4.02735E-011  2.11159E-004  2.68442E-009  2.83482E-004  1.35095E-018  1.74935E-011  1.00000E-040  3.77395E-036  3.10488E-024  6.74184E-016  4.23557E-007  3.45611E-024  1.00000E-040  1.00000E-040  1.00000E-040  1.64713E-039  9.26098E-022  8.98802E-022  9.01924E-019  1.04603E-016  2.45179E-036  1.00000E-040  4.10280E-016  1.24084E-033  2.13004E-011  1.26822E-015  9.99489E-001  2.12882E-019  1.20360E-019  6.86339E-017  1.00000E-040  1.54164E-034  1.07099E-023  9.57766E-021  4.04314E-011  2.64594E-015  5.18990E-012  2.89948E-015  3.02632E-008  2.03614E-011  1.08970E-007  8.68318E-012  2.06209E-013  4.98052E-022  3.49734E-011  1.03747E-010  7.31712E-014  1.33029E-028  8.14828E-032  1.00000E-040  1.13246E-027  3.80126E-027  3.22120E-024  5.81394E-017  9.04675E-014  3.18854E-020  7.49117E-020  9.12713E-035  4.84456E-036  2.71600E-040  1.00000E-040  8.34853E-027  3.48013E-036  3.58258E-031  2.85763E-021  4.26489E-017  2.31414E-029  3.12134E-028  3.38034E-024  5.14142E-019  1.93121E-014  4.06536E-015  1.28107E-020  4.90088E-016  1.00000E-040  4.51098E-014  8.79004E-034  3.38773E-021  1.53761E-026  3.38375E-018  1.17292E-022  5.55341E-013  1.78951E-023  9.33137E-019  4.68636E-028  5.25529E-014  4.03546E-032  1.00000E-040  1.70503E-019  1.00000E-040  4.41735E-025  4.56841E-012  1.00000E-040  1.00000E-003  1.00000E-005  1.00000E-005  1.00000E-005  1.00000E-005  1.00000E-005  1.00000E-005  1.00000E-005  1.00000E-005  1.00000E-005  1.00000E-005  1.00000E-005  1.00000E-005  1.00000E-005  1.00000E-005  1.00000E-005  
1.85000E+001  7.91862E-002  2.75555E+018  2.08141E+002  3.93732E+003  1.00000E-040  1.00000E-040  1.00000E-040  1.05232E-012  1.00000E-040  1.00000E-040  1.00000E-040  1.00000E-040  1.00000E-040  1.00000E-040  1.00000E-040  1.00000E-040  1.00000E-040  1.00000E-040  2.79291E-018  1.00000E-040  1.00000E-040  2.64503E-016  2.96955E-007  1.52143E-005  1.19824E-011  6.22580E-011  2.11008E-004  2.39678E-009  2.83550E-004  1.86953E-018  1.61228E-011  1.61493E-038  1.41667E-035  8.01703E-024  1.09521E-015  3.44327E-007  2.40946E-025  1.00000E-040  1.00000E-040  1.00000E-040  1.64634E-039  4.06066E-023  5.84297E-023  5.32230E-020  5.22099E-018  2.91343E-037  1.00000E-040  1.96553E-017  2.00233E-033  1.72185E-011  1.85567E-015  9.99489E-001  2.42767E-019  6.64075E-020  4.27976E-017  1.00000E-040  3.35992E-034  1.77341E-023  1.60611E-020  3.69074E-011  1.97803E-015  5.15029E-012  2.77181E-015  1.74545E-008  2.00903E-011  9.29679E-008  5.96942E-012  1.75600E-013  5.41162E-023  2.70775E-011  7.01886E-011  3.20976E-014  1.18702E-028  1.32547E-031  4.61391E-040  1.29681E-027  7.18045E-028  3.22016E-024  9.34650E-017  1.43539E-013  5.39578E-020  1.28339E-019  5.16465E-035  1.18138E-035  3.97218E-040  1.00000E-040  9.04713E-027  4.04731E-037  9.46824E-031  4.75805E-021  2.78037E-017  6.18043E-029  5.80126E-028  2.69579E-025  1.85375E-020  2.45902E-014  3.04555E-015  2.00325E-020  2.84447E-017  1.00000E-040  3.67724E-014  2.13200E-033  5.74400E-021  2.53715E-026  3.33431E-018  1.94553E-022  5.13530E-013  1.28395E-024  1.26062E-018  8.70867E-029  5.23489E-014  1.00000E-040  1.00000E-040  3.26019E-019  1.00000E-040  3.58801E-025  2.61217E-012  2.34752E-030  1.00000E-003  1.00000E-005  1.00000E-005  1.00000E-005  1.00000E-005  1.00000E-005  1.00000E-005  1.00000E-005  1.00000E-005  1.00000E-005  1.00000E-005  1.00000E-005  1.00000E-005  1.00000E-005  1.00000E-005  1.00000E-005  
1.95000E+001  6.76410E-002  2.32846E+018  2.10406E+002  4.20491E+003  1.00000E-040  1.00000E-040  1.00000E-040  1.00000E-040  1.00000E-040  1.00000E-040  1.00000E-040  1.00000E-040  1.00000E-040  1.00000E-040  1.00000E-040  1.00000E-040  1.00000E-040  1.00000E-040  2.00361E-018  1.00000E-040  1.00000E-040  5.10713E-016  2.52409E-007  1.54014E-005  1.79421E-011  9.30971E-011  2.10865E-004  2.15714E-009  2.83610E-004  2.46110E-018  1.44577E-011  1.00000E-040  5.43350E-035  1.94831E-023  1.71765E-015  2.71441E-007  1.40688E-026  1.00000E-040  1.00000E-040  1.00000E-040  1.64543E-039  1.47661E-024  3.04996E-024  2.53665E-021  2.25579E-019  2.73450E-038  1.00000E-040  8.14137E-019  3.32039E-033  1.37258E-011  2.41276E-015  9.99490E-001  2.61802E-019  3.41571E-020  2.47379E-017  1.00000E-040  7.03478E-034  2.85917E-023  2.62243E-020  3.10858E-011  1.32806E-015  5.15757E-012  2.54049E-015  9.83526E-009  2.18381E-011  7.82946E-008  3.82837E-012  1.31708E-013  6.24802E-024  1.91399E-011  4.29140E-011  3.21157E-014  1.00262E-028  2.01023E-031  1.16509E-037  1.37180E-027  1.20570E-028  3.21952E-024  1.44514E-016  2.21352E-013  8.82206E-020  2.13108E-019  2.72272E-035  2.70984E-035  5.81245E-040  1.00000E-040  9.41958E-027  3.83629E-038  2.37039E-030  7.69923E-021  1.66973E-017  1.56928E-028  1.04310E-027  1.68030E-026  5.48550E-022  2.95311E-014  2.30243E-015  2.79176E-020  1.37788E-018  1.00000E-040  2.63711E-014  4.79479E-033  9.41473E-021  4.10349E-026  3.27804E-018  3.13214E-022  4.58914E-013  7.59336E-026  1.61328E-018  1.43608E-029  5.21161E-014  1.00000E-040  1.00000E-040  5.91469E-019  1.00000E-040  2.95254E-025  1.38191E-012  6.07285E-031  1.00000E-003  1.00000E-005  1.00000E-005  1.00000E-005  1.00000E-005  1.00000E-005  1.00000E-005  1.00000E-005  1.00000E-005  1.00000E-005  1.00000E-005  1.00000E-005  1.00000E-005  1.00000E-005  1.00000E-005  1.00000E-005  
2.05000E+001  5.78786E-002  1.97182E+018  2.12602E+002  4.72335E+003  1.00000E-040  2.48938E-040  1.00000E-040  1.00000E-040  1.00000E-040  1.00000E-040  1.00000E-040  1.00000E-040  1.00000E-040  1.00000E-040  1.00000E-040  1.00000E-040  1.00000E-040  1.00000E-040  1.32590E-018  1.00000E-040  1.00000E-040  9.78736E-016  2.11613E-007  1.55618E-005  2.56753E-011  1.33803E-010  2.10741E-004  1.95154E-009  2.83657E-004  3.00843E-018  1.24897E-011  1.00000E-040  1.95072E-034  4.19395E-023  2.50129E-015  2.09926E-007  7.49520E-028  1.00000E-040  1.00000E-040  1.00000E-040  1.64447E-039  4.96294E-026  1.40920E-025  1.09224E-022  9.26731E-021  2.13444E-039  1.00000E-040  3.16953E-020  5.18453E-033  1.09591E-011  2.79032E-015  9.99490E-001  2.67358E-019  1.69393E-020  1.35957E-017  1.00000E-040  1.33657E-033  4.24480E-023  3.87283E-020  2.51525E-011  8.31752E-016  5.21712E-012  2.22085E-015  5.54197E-009  2.46338E-011  6.61070E-008  2.39317E-012  8.80971E-014  2.69194E-024  1.29910E-011  2.48341E-011  3.21104E-014  8.01540E-029  2.81579E-031  5.99927E-034  1.34988E-027  1.94762E-029  3.21927E-024  2.03644E-016  3.18788E-013  1.30502E-019  3.20172E-019  1.44954E-035  1.00000E-040  8.33937E-040  1.00000E-040  9.47685E-027  3.07571E-039  5.12552E-030  1.12693E-020  9.43600E-018  3.52180E-028  1.69405E-027  9.32451E-028  1.50806E-023  3.30843E-014  1.85469E-015  3.33969E-020  6.06566E-020  1.00000E-040  1.84217E-014  9.51198E-033  1.38999E-020  6.09238E-026  3.21732E-018  4.53081E-022  3.90171E-013  4.05460E-027  1.96858E-018  2.27178E-030  5.18651E-014  1.47888E-033  1.00000E-040  9.51729E-019  1.00000E-040  2.36699E-025  6.96266E-013  1.00000E-040  1.00000E-003  1.00000E-005  1.00000E-005  1.00000E-005  1.00000E-005  1.00000E-005  1.00000E-005  1.00000E-005  1.00000E-005  1.00000E-005  1.00000E-005  1.00000E-005  1.00000E-005  1.00000E-005  1.00000E-005  1.00000E-005  
2.15000E+001  4.96027E-002  1.67481E+018  2.14515E+002  5.25999E+003  1.00000E-040  6.42972E-040  1.00000E-040  1.00000E-040  1.00000E-040  1.00000E-040  1.00000E-040  1.00000E-040  1.00000E-040  1.00000E-040  1.00000E-040  1.00000E-040  1.00000E-040  1.00000E-040  8.28227E-019  1.00000E-040  1.00000E-040  1.83737E-015  1.76170E-007  1.56921E-005  3.50557E-011  1.84673E-010  2.10640E-004  1.78496E-009  2.83692E-004  3.41585E-018  1.04341E-011  4.18261E-039  6.33936E-034  7.91279E-023  3.36203E-015  1.60663E-007  3.85739E-029  1.00000E-040  1.00000E-040  1.00000E-040  1.64345E-039  1.68284E-027  6.24365E-027  4.60275E-024  3.84417E-022  1.46703E-040  1.00000E-040  1.21849E-021  7.47026E-033  8.85462E-012  2.93690E-015  9.99490E-001  2.61409E-019  8.32974E-021  7.25840E-018  1.00000E-040  2.29335E-033  5.76843E-023  5.10868E-020  2.01684E-011  5.03585E-016  5.35869E-012  1.86719E-015  3.15857E-009  2.76502E-011  5.60421E-008  1.50502E-012  5.45762E-014  4.35062E-024  8.76760E-012  1.40811E-011  3.21040E-014  6.12394E-029  3.65715E-031  6.71419E-035  1.24276E-027  3.20959E-030  3.21939E-024  2.59608E-016  4.25532E-013  1.72863E-019  4.30260E-019  8.96906E-036  8.06373E-035  1.16496E-039  1.00000E-040  9.23954E-027  2.18846E-040  9.41689E-030  1.47407E-020  5.18658E-018  6.88580E-028  2.47009E-027  5.87581E-029  4.19647E-025  3.46803E-014  1.62903E-015  3.48481E-020  2.57490E-021  1.00000E-040  1.30646E-014  1.66136E-032  1.82829E-020  8.23275E-026  3.15328E-018  5.81540E-022  3.17589E-013  2.08005E-028  2.30321E-018  3.65783E-031  5.16019E-014  1.00000E-040  1.00000E-040  1.34138E-018  1.00000E-040  1.83871E-025  3.41916E-013  8.28193E-032  1.00000E-003  1.00000E-005  1.00000E-005  1.00000E-005  1.00000E-005  1.00000E-005  1.00000E-005  1.00000E-005  1.00000E-005  1.00000E-005  1.00000E-005  1.00000E-005  1.00000E-005  1.00000E-005  1.00000E-005  1.00000E-005  
2.25000E+001  4.25693E-002  1.42533E+018  2.16321E+002  5.99062E+003  1.00000E-040  1.64886E-039  1.00000E-040  1.00000E-040  1.00000E-040  1.00000E-040  1.00000E-040  1.00000E-040  1.00000E-040  1.00000E-040  1.00000E-040  1.00000E-040  1.00000E-040  1.00000E-040  5.08318E-019  1.00000E-040  1.00000E-040  3.36719E-015  1.46354E-007  1.57946E-005  4.58730E-011  2.45359E-010  2.10562E-004  1.67018E-009  2.83715E-004  3.66992E-018  8.55754E-012  1.00000E-040  1.88443E-033  1.34460E-022  4.25544E-015  1.22393E-007  2.08263E-030  1.00000E-040  1.00000E-040  1.00000E-040  1.64240E-039  6.60989E-029  3.04420E-028  2.18120E-025  1.89236E-023  1.00000E-040  1.00000E-040  4.77015E-023  1.03018E-032  7.28238E-012  2.91121E-015  9.99490E-001  2.48130E-019  4.13140E-021  3.81171E-018  1.00000E-040  3.67784E-033  7.40543E-023  6.22146E-020  1.63366E-011  3.03247E-016  5.62374E-012  1.53308E-015  1.82948E-009  3.02727E-011  4.73921E-008  9.70021E-013  3.25505E-014  8.01707E-024  5.98342E-012  7.96991E-012  3.20972E-014  4.52471E-029  4.43125E-031  1.00000E-040  1.07018E-027  5.55982E-031  3.21985E-024  3.07527E-016  5.36140E-013  2.11532E-019  5.34127E-019  7.37126E-036  1.08449E-034  1.58404E-039  1.00000E-040  8.71794E-027  1.00000E-040  1.52902E-029  1.77968E-020  2.87741E-018  1.20954E-027  3.36992E-027  1.37920E-029  1.35024E-026  3.44304E-014  1.55015E-015  3.34594E-020  1.10132E-022  1.00000E-040  9.25427E-015  2.63408E-032  2.21444E-020  1.04734E-025  3.08628E-018  6.85212E-022  2.52267E-013  1.20692E-029  2.59004E-018  6.17912E-032  5.13297E-014  1.00000E-040  1.00000E-040  1.70456E-018  1.00000E-040  1.41926E-025  1.66322E-013  1.13868E-030  1.00000E-003  1.00000E-005  1.00000E-005  1.00000E-005  1.00000E-005  1.00000E-005  1.00000E-005  1.00000E-005  1.00000E-005  1.00000E-005  1.00000E-005  1.00000E-005  1.00000E-005  1.00000E-005  1.00000E-005  1.00000E-005  
2.35000E+001  3.65815E-002  1.21477E+018  2.18114E+002  6.81524E+003  1.00000E-040  4.20217E-039  1.00000E-040  1.00000E-040  1.00000E-040  1.00000E-040  1.00000E-040  1.00000E-040  1.00000E-040  1.00000E-040  1.00000E-040  1.00000E-040  1.00000E-040  1.00000E-040  3.16264E-019  1.00000E-040  1.00000E-040  6.00761E-015  1.21995E-007  1.58729E-005  5.79731E-011  3.14894E-010  2.10502E-004  1.60910E-009  2.83728E-004  3.80160E-018  6.97224E-012  1.00000E-040  5.17672E-033  2.11487E-022  5.16590E-015  9.34107E-008  3.35952E-031  6.02494E-035  2.51912E-037  2.78400E-036  1.64132E-039  1.15386E-029  6.41819E-029  4.85306E-026  5.49502E-024  1.00000E-040  1.00000E-040  1.95864E-024  1.39478E-032  6.12372E-012  2.80551E-015  9.99490E-001  2.31629E-019  2.10321E-021  1.99798E-018  1.00000E-040  5.67511E-033  9.22831E-023  7.22137E-020  1.35126E-011  1.85617E-016  6.03819E-012  1.24546E-015  1.08392E-009  3.22277E-011  3.98211E-008  6.47304E-013  1.92937E-014  1.47391E-023  4.16905E-012  4.56832E-012  3.20902E-014  3.27375E-029  5.06527E-031  3.97581E-040  8.68132E-028  1.04064E-031  3.22055E-024  3.47045E-016  6.48658E-013  2.45963E-019  6.30000E-019  7.84246E-036  1.33102E-034  2.09592E-039  1.00000E-040  7.97246E-027  1.00000E-040  2.28470E-029  2.04515E-020  1.66725E-018  1.96522E-027  4.44392E-027  1.63244E-029  2.00264E-027  3.28505E-014  1.56907E-015  3.09985E-020  4.94931E-024  1.00000E-040  6.52797E-015  3.91370E-032  2.54877E-020  1.29382E-025  3.01696E-018  7.67666E-022  1.98674E-013  3.96126E-030  2.80986E-018  1.12874E-032  5.10534E-014  1.00000E-040  1.00000E-040  2.00874E-018  1.00000E-040  1.10897E-025  8.15322E-014  9.02016E-031  1.00000E-003  1.00000E-005  1.00000E-005  1.00000E-005  1.00000E-005  1.00000E-005  1.00000E-005  1.00000E-005  1.00000E-005  1.00000E-005  1.00000E-005  1.00000E-005  1.00000E-005  1.00000E-005  1.00000E-005  1.00000E-005  
2.45000E+001  3.14768E-002  1.03662E+018  2.19933E+002  7.73991E+003  1.00000E-040  1.06471E-038  1.00000E-040  1.00000E-040  1.00000E-040  1.00000E-040  1.00000E-040  1.00000E-040  1.00000E-040  1.00000E-040  1.00000E-040  1.00000E-040  1.00000E-040  1.00000E-040  2.02527E-019  1.00000E-040  1.00000E-040  1.04327E-014  1.02341E-007  1.59320E-005  7.13436E-011  3.92054E-010  2.10458E-004  1.59605E-009  2.83734E-004  3.84732E-018  5.67325E-012  1.00000E-040  1.32694E-032  3.14223E-022  6.08426E-015  7.16142E-008  5.78447E-031  1.00000E-040  1.00000E-040  1.00000E-040  1.64021E-039  1.75245E-029  1.10372E-028  8.33747E-026  9.69819E-024  1.00000E-040  1.00000E-040  8.55105E-026  1.87997E-032  5.26655E-012  2.68123E-015  9.99490E-001  2.14589E-019  1.11359E-021  1.05567E-018  1.00000E-040  8.56612E-033  1.13332E-022  8.15482E-020  1.14440E-011  1.16519E-016  6.61854E-012  1.00971E-015  6.57464E-010  3.35037E-011  3.31933E-008  4.48416E-013  1.15845E-014  2.70776E-023  2.97292E-012  2.67390E-012  3.20830E-014  2.33878E-029  5.53119E-031  2.06051E-040  6.70474E-028  2.14398E-032  3.22137E-024  3.78669E-016  7.61947E-013  2.76393E-019  7.17745E-019  9.46900E-036  1.54649E-034  2.70532E-039  1.00000E-040  7.09051E-027  1.00000E-040  3.23480E-029  2.28085E-020  1.02899E-018  3.01628E-027  5.76557E-027  2.67668E-029  2.49979E-027  3.04348E-014  1.65394E-015  2.84801E-020  2.40791E-025  1.00000E-040  4.59606E-015  5.57087E-032  2.84398E-020  1.58139E-025  2.94511E-018  8.37471E-022  1.56386E-013  7.63675E-030  2.95472E-018  2.27794E-033  5.07742E-014  1.00000E-040  1.00000E-040  2.24109E-018  1.00000E-040  8.83026E-026  4.06056E-014  1.01762E-030  1.00000E-003  1.00000E-005  1.00000E-005  1.00000E-005  1.00000E-005  1.00000E-005  1.00000E-005  1.00000E-005  1.00000E-005  1.00000E-005  1.00000E-005  1.00000E-005  1.00000E-005  1.00000E-005  1.00000E-005  1.00000E-005  
2.55000E+001  2.71207E-002  8.85243E+017  2.21899E+002  8.74643E+003  1.00000E-040  2.68353E-038  1.00000E-040  1.00000E-040  1.00000E-040  1.00000E-040  1.00000E-040  1.00000E-040  1.00000E-040  1.00000E-040  1.00000E-040  1.00000E-040  1.00000E-040  1.00000E-040  1.34187E-019  1.00000E-040  1.00000E-040  1.77084E-014  8.66104E-008  1.59762E-005  8.60842E-011  4.75934E-010  2.10426E-004  1.62660E-009  2.83733E-004  3.85413E-018  4.63845E-012  1.24105E-039  3.23701E-032  4.50388E-022  7.04014E-015  5.52266E-008  1.48582E-030  1.15273E-034  5.39681E-037  5.96657E-036  1.63907E-039  3.65008E-029  2.49594E-028  1.83773E-025  2.06248E-023  1.00000E-040  1.00000E-040  4.00383E-027  2.57666E-032  4.62643E-012  2.57147E-015  9.99490E-001  1.98741E-019  6.21385E-022  5.65528E-019  1.00000E-040  1.28317E-032  1.38953E-022  9.12352E-020  9.93937E-012  7.53662E-017  7.38701E-012  8.23156E-016  4.08187E-010  3.41667E-011  2.74047E-008  3.22957E-013  7.11822E-015  5.09650E-023  2.16957E-012  1.60511E-012  3.20757E-014  1.66073E-029  5.82233E-031  1.00000E-040  4.96497E-028  4.95615E-033  3.22222E-024  4.04826E-016  8.79339E-013  3.04990E-019  8.02916E-019  1.18577E-035  1.75948E-034  3.40981E-039  1.00000E-040  6.15015E-027  1.00000E-040  4.45526E-029  2.51142E-020  6.83318E-019  4.47545E-027  7.48616E-027  4.60159E-029  4.23513E-027  2.76046E-014  1.79258E-015  2.64819E-020  1.37017E-026  1.00000E-040  3.19593E-015  7.72128E-032  3.13063E-020  1.94086E-025  2.87030E-018  9.06525E-022  1.23771E-013  1.72272E-029  3.02431E-018  5.18065E-034  5.04929E-014  5.37531E-036  1.00000E-040  2.41939E-018  1.00000E-040  7.25500E-026  2.06391E-014  1.11968E-030  1.00000E-003  1.00000E-005  1.00000E-005  1.00000E-005  1.00000E-005  1.00000E-005  1.00000E-005  1.00000E-005  1.00000E-005  1.00000E-005  1.00000E-005  1.00000E-005  1.00000E-005  1.00000E-005  1.00000E-005  1.00000E-005  
2.65000E+001  2.33997E-002  7.56948E+017  2.23903E+002  9.76505E+003  1.00000E-040  6.72357E-038  1.00000E-040  1.00000E-040  1.00000E-040  1.00000E-040  1.00000E-040  1.00000E-040  1.00000E-040  1.00000E-040  1.00000E-040  1.00000E-040  1.00000E-040  1.00000E-040  9.15577E-020  1.00000E-040  1.00000E-040  2.94051E-014  7.40738E-008  1.60090E-005  1.02406E-010  5.65828E-010  2.10401E-004  1.69203E-009  2.83728E-004  3.82720E-018  3.79584E-012  1.00000E-040  7.49323E-032  6.23258E-022  7.97729E-015  4.28225E-008  3.88364E-030  8.62223E-035  4.15783E-037  4.59596E-036  1.63789E-039  7.99153E-029  5.78386E-028  4.13668E-025  4.46000E-023  1.00000E-040  1.00000E-040  2.01229E-028  3.54930E-032  4.14064E-012  2.48917E-015  9.99490E-001  1.84444E-019  3.72141E-022  3.08992E-019  1.00000E-040  1.88771E-032  1.68273E-022  1.00353E-019  8.84417E-012  5.00844E-017  8.35224E-012  6.75136E-016  2.58649E-010  3.44065E-011  2.24770E-008  2.41768E-013  4.51161E-015  9.58568E-023  1.62196E-012  9.94228E-013  3.20681E-014  1.17639E-029  5.97477E-031  1.00000E-040  3.57388E-028  1.32780E-033  3.22300E-024  4.21010E-016  9.93874E-013  3.27699E-019  8.73680E-019  1.47461E-035  1.94048E-034  4.19363E-039  1.00000E-040  5.23664E-027  1.00000E-040  5.94967E-029  2.70807E-020  4.85773E-019  6.41164E-027  9.59761E-027  7.85667E-029  7.63868E-027  2.45492E-014  1.96224E-015  2.48488E-020  1.29105E-027  1.00000E-040  2.23424E-015  1.03947E-031  3.37332E-020  2.36862E-025  2.79163E-018  9.67295E-022  9.79965E-014  3.86837E-029  3.03206E-018  1.37342E-034  5.02087E-014  1.00000E-040  1.00000E-040  2.52722E-018  1.00000E-040  6.07722E-026  1.07052E-014  1.20003E-030  1.00000E-003  1.00000E-005  1.00000E-005  1.00000E-005  1.00000E-005  1.00000E-005  1.00000E-005  1.00000E-005  1.00000E-005  1.00000E-005  1.00000E-005  1.00000E-005  1.00000E-005  1.00000E-005  1.00000E-005  1.00000E-005  
2.75000E+001  2.02167E-002  6.48221E+017  2.25893E+002  1.09262E+004  1.00000E-040  1.67436E-037  1.00000E-040  1.00000E-040  1.00000E-040  1.00000E-040  1.00000E-040  1.00000E-040  1.00000E-040  1.00000E-040  1.00000E-040  1.00000E-040  1.00000E-040  1.00000E-040  6.41490E-020  1.00000E-040  1.00000E-040  4.78960E-014  6.42003E-008  1.60331E-005  1.20570E-010  6.61702E-010  2.10383E-004  1.78745E-009  2.83719E-004  3.77604E-018  3.10485E-012  1.00000E-040  1.65009E-031  8.34454E-022  8.84229E-015  3.33905E-008  1.00832E-029  1.00000E-040  1.00000E-040  1.00000E-040  1.63666E-039  1.78486E-028  1.34248E-027  9.30342E-025  9.62897E-023  1.00000E-040  1.00000E-040  1.10341E-029  4.89043E-032  3.76707E-012  2.44328E-015  9.99490E-001  1.71888E-019  2.44601E-022  1.73108E-019  1.00000E-040  2.70694E-032  1.99674E-022  1.07881E-019  8.06760E-012  3.41429E-017  9.52867E-012  5.57655E-016  1.66997E-010  3.43696E-011  1.83578E-008  1.88324E-013  2.96541E-015  1.78187E-022  1.24419E-012  6.38576E-013  3.20601E-014  8.34456E-030  6.02396E-031  5.43119E-040  2.52494E-028  4.29977E-034  3.22365E-024  4.23928E-016  1.09892E-012  3.40983E-019  9.19473E-019  1.78574E-035  2.05897E-034  5.01851E-039  1.00000E-040  4.40028E-027  1.74414E-040  7.68391E-029  2.84220E-020  3.66441E-019  8.87975E-027  1.20380E-026  1.31616E-028  1.43252E-026  2.14276E-014  2.14381E-015  2.35004E-020  3.42501E-028  1.00000E-040  1.58414E-015  1.35506E-031  3.53683E-020  2.85187E-025  2.70838E-018  1.01072E-021  7.72894E-014  8.53653E-029  2.99333E-018  4.42540E-035  4.99217E-014  1.00000E-040  1.00000E-040  2.55864E-018  1.00000E-040  5.16349E-026  5.66797E-015  1.30886E-030  1.00000E-003  1.00000E-005  1.00000E-005  1.00000E-005  1.00000E-005  1.00000E-005  1.00000E-005  1.00000E-005  1.00000E-005  1.00000E-005  1.00000E-005  1.00000E-005  1.00000E-005  1.00000E-005  1.00000E-005  1.00000E-005  
2.85000E+001  1.74898E-002  5.55966E+017  2.27852E+002  1.22719E+004  1.00000E-040  4.14481E-037  1.00000E-040  1.00000E-040  1.00000E-040  1.00000E-040  1.00000E-040  1.00000E-040  1.00000E-040  1.00000E-040  1.00000E-040  1.00000E-040  1.00000E-040  1.00000E-040  4.60647E-020  1.00000E-040  1.00000E-040  7.67672E-014  5.66370E-008  1.60500E-005  1.40867E-010  7.64068E-010  2.10369E-004  1.91020E-009  2.83708E-004  3.71684E-018  2.54287E-012  1.20620E-039  3.47764E-031  1.08529E-021  9.60289E-015  2.62319E-008  2.58483E-029  1.49585E-035  7.36937E-038  8.17113E-037  1.63539E-039  4.01395E-028  3.09670E-027  2.07497E-024  2.06250E-022  2.66449E-040  1.00000E-040  9.80976E-031  6.74186E-032  3.47807E-012  2.44273E-015  9.99490E-001  1.61098E-019  1.80011E-022  1.00017E-019  1.00000E-040  3.77339E-032  2.31400E-022  1.13135E-019  7.55750E-012  2.39178E-017  1.09366E-011  4.64337E-016  1.10088E-010  3.41576E-011  1.49564E-008  1.52917E-013  2.02941E-015  3.26380E-022  9.81383E-013  4.27020E-013  3.20519E-014  5.95866E-030  5.99880E-031  1.00000E-040  1.76236E-028  1.74901E-034  3.22416E-024  4.13097E-016  1.19031E-012  3.43303E-019  9.35166E-019  2.08539E-035  2.09928E-034  5.82000E-039  1.00000E-040  3.66363E-027  4.97545E-040  9.60299E-029  2.89787E-020  2.90539E-019  1.19336E-026  1.47187E-026  2.16176E-028  2.76446E-026  1.83949E-014  2.32402E-015  2.24487E-020  1.76440E-028  1.00000E-040  1.14274E-015  1.70952E-031  3.60166E-020  3.37652E-025  2.62042E-018  1.03072E-021  6.06112E-014  1.84634E-028  2.92202E-018  1.79937E-035  4.96344E-014  1.00000E-040  1.00000E-040  2.52044E-018  1.00000E-040  4.46389E-026  3.07815E-015  1.41030E-030  1.00000E-003  1.00000E-005  1.00000E-005  1.00000E-005  1.00000E-005  1.00000E-005  1.00000E-005  1.00000E-005  1.00000E-005  1.00000E-005  1.00000E-005  1.00000E-005  1.00000E-005  1.00000E-005  1.00000E-005  1.00000E-005  
2.95000E+001  1.51500E-002  4.77608E+017  2.29751E+002  1.33027E+004  1.00000E-040  1.02002E-036  1.00000E-040  1.00000E-040  1.00000E-040  1.00000E-040  1.00000E-040  1.00000E-040  1.00000E-040  1.00000E-040  1.00000E-040  1.00000E-040  1.00000E-040  1.00000E-040  3.38134E-020  1.00000E-040  1.00000E-040  1.21350E-013  5.09887E-008  1.60615E-005  1.63627E-010  8.73544E-010  2.10358E-004  2.05808E-009  2.83693E-004  3.64317E-018  2.07876E-012  3.52902E-040  7.00830E-031  1.36796E-021  1.01779E-014  2.07031E-008  6.51720E-029  1.00000E-040  1.00000E-040  1.00000E-040  1.63406E-039  9.00564E-028  7.05949E-027  4.56623E-024  4.36467E-022  7.20723E-040  1.00000E-040  7.20242E-031  9.28645E-032  3.24880E-012  2.49197E-015  9.99490E-001  1.51648E-019  1.48651E-022  5.96703E-020  1.00000E-040  5.07348E-032  2.59755E-022  1.14817E-019  7.26641E-012  1.71578E-017  1.25987E-011  3.89037E-016  7.37056E-011  3.38530E-011  1.21727E-008  1.29362E-013  1.44741E-015  5.86115E-022  7.95935E-013  2.97623E-013  3.20433E-014  4.28503E-030  5.92424E-031  1.00000E-040  1.22149E-028  8.96940E-035  3.22453E-024  3.86924E-016  1.25839E-012  3.32017E-019  9.12489E-019  2.33855E-035  2.03060E-034  6.53193E-039  1.00000E-040  3.03192E-027  1.36067E-039  1.15395E-028  2.84724E-020  2.38916E-019  1.55192E-026  1.73883E-026  3.47898E-028  5.44201E-026  1.54842E-014  2.47991E-015  2.15499E-020  1.14478E-028  1.00000E-040  8.40181E-016  2.07473E-031  3.53386E-020  3.90472E-025  2.52595E-018  1.01664E-021  4.69720E-014  3.90990E-028  2.82941E-018  9.26032E-036  4.93433E-014  1.00000E-040  1.00000E-040  2.40969E-018  1.00000E-040  3.89544E-026  1.70496E-015  1.45643E-030  1.00000E-003  1.00000E-005  1.00000E-005  1.00000E-005  1.00000E-005  1.00000E-005  1.00000E-005  1.00000E-005  1.00000E-005  1.00000E-005  1.00000E-005  1.00000E-005  1.00000E-005  1.00000E-005  1.00000E-005  1.00000E-005  
3.05000E+001  1.31395E-002  4.10773E+017  2.31683E+002  1.46946E+004  1.00000E-040  2.49705E-036  1.00000E-040  1.00000E-040  1.00000E-040  1.00000E-040  1.00000E-040  1.00000E-040  1.00000E-040  1.00000E-040  1.00000E-040  1.00000E-040  1.00000E-040  1.00000E-040  2.53763E-020  1.00000E-040  1.00000E-040  1.89939E-013  4.70453E-008  1.60686E-005  1.89203E-010  9.91002E-010  2.10350E-004  2.23217E-009  2.83677E-004  3.56506E-018  1.69942E-012  5.73162E-040  1.36315E-030  1.67944E-021  1.05548E-014  1.63830E-008  1.65259E-028  4.90217E-035  2.41096E-037  2.67260E-036  1.63264E-039  2.05854E-027  1.62723E-026  1.01362E-023  9.32323E-022  1.92454E-039  1.00000E-040  1.37189E-030  1.29977E-031  3.06346E-012  2.60037E-015  9.99490E-001  1.43348E-019  1.36334E-022  3.68207E-020  1.00000E-040  6.60026E-032  2.83078E-022  1.13058E-019  7.17594E-012  1.26292E-017  1.45588E-011  3.28106E-016  4.99479E-011  3.34747E-011  9.88803E-009  1.14023E-013  1.07511E-015  1.05142E-021  6.63314E-013  2.15989E-013  3.20341E-014  3.10915E-030  5.80663E-031  1.00000E-040  8.40388E-029  5.67283E-035  3.22477E-024  3.48882E-016  1.30166E-012  3.09315E-019  8.57205E-019  2.52042E-035  1.87323E-034  7.07866E-039  1.00000E-040  2.49497E-027  3.66146E-039  1.33967E-028  2.70185E-020  2.02176E-019  1.96584E-026  1.99437E-026  5.55098E-028  1.11211E-025  1.27684E-014  2.60373E-015  2.08640E-020  8.44097E-029  1.00000E-040  6.21487E-016  2.42379E-031  3.34807E-020  4.43131E-025  2.42362E-018  9.70381E-022  3.59235E-014  8.28165E-028  2.72062E-018  5.89283E-036  4.90470E-014  4.32976E-039  1.00000E-040  2.24826E-018  1.00000E-040  3.44505E-026  9.59020E-016  1.55571E-030  1.00000E-003  1.00000E-005  1.00000E-005  1.00000E-005  1.00000E-005  1.00000E-005  1.00000E-005  1.00000E-005  1.00000E-005  1.00000E-005  1.00000E-005  1.00000E-005  1.00000E-005  1.00000E-005  1.00000E-005  1.00000E-005  
3.15000E+001  1.14102E-002  3.53615E+017  2.33711E+002  1.63646E+004  1.00000E-040  6.08216E-036  1.00000E-040  1.00000E-040  1.00000E-040  1.00000E-040  1.00000E-040  1.00000E-040  1.00000E-040  1.00000E-040  1.00000E-040  1.00000E-040  1.00000E-040  1.00000E-040  1.94537E-020  1.00000E-040  1.00000E-040  2.95233E-013  4.47535E-008  1.60718E-005  2.17994E-010  1.11749E-009  2.10344E-004  2.43303E-009  2.83658E-004  3.50325E-018  1.39748E-012  1.18718E-039  2.58637E-030  2.02344E-021  1.07723E-014  1.30359E-008  4.28982E-028  1.00000E-040  1.00000E-040  1.00000E-040  1.63117E-039  4.87406E-027  3.86062E-026  2.30987E-023  2.04495E-021  5.18982E-039  1.00000E-040  2.88181E-030  1.89335E-031  2.91386E-012  2.78177E-015  9.99490E-001  1.36156E-019  1.36165E-022  2.36345E-020  1.00000E-040  8.38009E-032  3.01907E-022  1.08928E-019  7.28196E-012  9.62725E-018  1.68695E-011  2.78833E-016  3.44215E-011  3.30469E-011  8.01418E-009  1.04707E-013  8.31265E-016  1.90603E-021  5.67803E-013  1.63130E-013  3.20246E-014  2.29130E-030  5.65320E-031  1.00000E-040  5.74122E-029  4.24974E-035  3.22490E-024  3.05230E-016  1.32463E-012  2.79992E-019  7.82377E-019  2.62012E-035  1.67204E-034  7.38081E-039  1.00000E-040  2.04273E-027  9.93251E-039  1.51777E-028  2.49652E-020  1.75277E-019  2.44623E-026  2.24231E-026  8.85125E-028  2.39023E-025  1.03522E-014  2.69991E-015  2.05122E-020  6.85768E-029  1.00000E-040  4.59055E-016  2.74451E-031  3.08784E-020  4.98717E-025  2.31439E-018  9.02348E-022  2.71936E-014  1.78523E-027  2.60045E-018  4.44874E-036  4.87504E-014  2.52362E-036  1.00000E-040  2.06305E-018  1.00000E-040  3.12465E-026  5.51447E-016  1.59943E-030  1.00000E-003  1.00000E-005  1.00000E-005  1.00000E-005  1.00000E-005  1.00000E-005  1.00000E-005  1.00000E-005  1.00000E-005  1.00000E-005  1.00000E-005  1.00000E-005  1.00000E-005  1.00000E-005  1.00000E-005  1.00000E-005  
3.25000E+001  9.92137E-003  3.04665E+017  2.35866E+002  1.77833E+004  1.00000E-040  1.47394E-035  1.00000E-040  1.00000E-040  1.00000E-040  1.00000E-040  1.00000E-040  1.00000E-040  1.00000E-040  1.00000E-040  1.00000E-040  1.00000E-040  1.00000E-040  1.00000E-040  1.51843E-020  1.00000E-040  1.00000E-040  4.56538E-013  4.40492E-008  1.60716E-005  2.50465E-010  1.25393E-009  2.10340E-004  2.66156E-009  2.83638E-004  3.45552E-018  1.15610E-012  3.67327E-039  4.80049E-030  2.39486E-021  1.08191E-014  1.04084E-008  1.18665E-027  2.54503E-035  1.22831E-037  1.36344E-036  1.62963E-039  1.24431E-026  9.81357E-026  5.62384E-023  4.79289E-021  1.47119E-038  1.00000E-040  6.77310E-030  3.08882E-031  2.79053E-012  3.05212E-015  9.99490E-001  1.29811E-019  1.44629E-022  1.58217E-020  1.00000E-040  1.03999E-031  3.15473E-022  1.02767E-019  7.58249E-012  7.65814E-018  1.95916E-011  2.38537E-016  2.40577E-011  3.26005E-011  6.48076E-009  9.99888E-014  6.67718E-016  3.51144E-021  4.98368E-013  1.27969E-013  3.20146E-014  1.71957E-030  5.47178E-031  1.00000E-040  3.89750E-029  3.59445E-035  3.22492E-024  2.59177E-016  1.32631E-012  2.46421E-019  6.94368E-019  2.63552E-035  1.44580E-034  7.37591E-039  1.00000E-040  1.66506E-027  2.82904E-038  1.68111E-028  2.24716E-020  1.54815E-019  2.99455E-026  2.47589E-026  1.41604E-027  5.60084E-025  8.24508E-015  2.76276E-015  2.04669E-020  5.97867E-029  1.00000E-040  3.37016E-016  3.01420E-031  2.77336E-020  5.59699E-025  2.19710E-018  8.17101E-022  2.03412E-014  4.07846E-027  2.47281E-018  3.79612E-036  4.84517E-014  4.40220E-034  1.00000E-040  1.86412E-018  1.00000E-040  2.90281E-026  3.22942E-016  1.62064E-030  1.00000E-003  1.00000E-005  1.00000E-005  1.00000E-005  1.00000E-005  1.00000E-005  1.00000E-005  1.00000E-005  1.00000E-005  1.00000E-005  1.00000E-005  1.00000E-005  1.00000E-005  1.00000E-005  1.00000E-005  1.00000E-005  
3.35000E+001  8.63886E-003  2.62577E+017  2.38296E+002  1.94692E+004  1.00000E-040  3.55478E-035  1.00000E-040  1.00000E-040  1.00000E-040  1.00000E-040  1.00000E-040  1.00000E-040  1.00000E-040  1.00000E-040  1.00000E-040  1.00000E-040  1.00000E-040  1.00000E-040  1.20350E-020  1.00000E-040  1.00000E-040  7.04722E-013  4.49769E-008  1.60683E-005  2.87110E-010  1.40122E-009  2.10337E-004  2.92072E-009  2.83615E-004  3.42942E-018  9.64862E-013  7.73741E-039  8.80864E-030  2.80212E-021  1.07380E-014  8.31718E-009  3.95294E-027  1.00000E-040  1.00000E-040  1.00000E-040  1.62800E-039  3.88328E-026  3.02623E-025  1.65410E-022  1.35542E-020  4.97441E-038  1.00000E-040  2.03966E-029  7.02591E-031  2.68652E-012  3.43403E-015  9.99490E-001  1.24217E-019  1.61582E-022  1.10656E-020  1.00000E-040  1.26942E-031  3.24735E-022  9.54793E-020  8.08906E-012  6.43900E-018  2.28243E-011  2.05603E-016  1.69918E-011  3.21256E-011  5.21777E-009  9.90620E-014  5.54922E-016  6.77954E-021  4.46921E-013  1.03784E-013  3.20040E-014  1.31926E-030  5.25713E-031  1.00000E-040  2.61943E-029  3.35136E-035  3.22486E-024  2.14242E-016  1.31140E-012  2.11901E-019  6.02727E-019  2.57211E-035  1.22565E-034  7.00299E-039  1.00000E-040  1.34895E-027  9.61942E-038  1.83444E-028  1.98036E-020  1.39124E-019  3.63691E-026  2.70898E-026  2.30623E-027  1.61203E-024  6.44893E-015  2.79856E-015  2.08150E-020  5.51434E-029  1.00000E-040  2.41635E-016  3.21578E-031  2.43747E-020  6.33553E-025  2.07055E-018  7.22929E-022  1.50479E-014  1.11264E-026  2.33745E-018  3.57095E-036  4.81491E-014  1.00000E-040  1.00000E-040  1.66980E-018  1.00000E-040  2.77890E-026  1.91553E-016  1.62481E-030  1.00000E-003  1.00000E-005  1.00000E-005  1.00000E-005  1.00000E-005  1.00000E-005  1.00000E-005  1.00000E-005  1.00000E-005  1.00000E-005  1.00000E-005  1.00000E-005  1.00000E-005  1.00000E-005  1.00000E-005  1.00000E-005  
3.45000E+001  7.53325E-003  2.26572E+017  2.40820E+002  2.14942E+004  1.00000E-040  8.52161E-035  1.00000E-040  1.00000E-040  1.00000E-040  1.00000E-040  1.00000E-040  1.00000E-040  1.00000E-040  1.00000E-040  1.00000E-040  1.00000E-040  1.00000E-040  1.00000E-040  9.63595E-021  1.00000E-040  1.00000E-040  1.08341E-012  4.76583E-008  1.60620E-005  3.28560E-010  1.56064E-009  2.10336E-004  3.20786E-009  2.83591E-004  3.40910E-018  8.09863E-013  2.35098E-038  1.58288E-029  3.22141E-021  1.04841E-014  6.65832E-009  1.78824E-026  7.42509E-036  3.48647E-038  3.86593E-037  1.62629E-039  1.65887E-025  1.27198E-024  6.61874E-022  5.21969E-020  2.25150E-037  1.00000E-040  8.28023E-029  2.47381E-030  2.59816E-012  3.95602E-015  9.99490E-001  1.19189E-019  1.85169E-022  8.14664E-021  1.00000E-040  1.51367E-031  3.27276E-022  8.67592E-020  8.81218E-012  5.81377E-018  2.66173E-011  1.78124E-016  1.21463E-011  3.17161E-011  4.19913E-009  1.01467E-013  4.76850E-016  1.37238E-020  4.09337E-013  8.70772E-014  3.19929E-014  1.04198E-030  5.03572E-031  1.00000E-040  1.75736E-029  3.28348E-035  3.22472E-024  1.71907E-016  1.27551E-012  1.77045E-019  5.08310E-019  2.43514E-035  1.00609E-034  6.20664E-039  1.00000E-040  1.09091E-027  4.37145E-037  1.95615E-028  1.69822E-020  1.26522E-019  4.34285E-026  2.90536E-026  3.75804E-027  6.39643E-024  4.96450E-015  2.79378E-015  2.13977E-020  5.26508E-029  1.00000E-040  1.73001E-016  3.32940E-031  2.08375E-020  7.22607E-025  1.93581E-018  6.21254E-022  1.09884E-014  4.11207E-026  2.20320E-018  3.53255E-036  4.78460E-014  2.77660E-034  1.00000E-040  1.47293E-018  1.00000E-040  2.70465E-026  1.15292E-016  1.60426E-030  1.00000E-003  1.00000E-005  1.00000E-005  1.00000E-005  1.00000E-005  1.00000E-005  1.00000E-005  1.00000E-005  1.00000E-005  1.00000E-005  1.00000E-005  1.00000E-005  1.00000E-005  1.00000E-005  1.00000E-005  1.00000E-005  
3.55000E+001  6.57905E-003  1.95724E+017  2.43465E+002  2.36775E+004  1.00000E-040  2.03044E-034  1.00000E-040  1.00000E-040  1.00000E-040  1.00000E-040  1.00000E-040  1.00000E-040  1.00000E-040  1.00000E-040  1.00000E-040  1.00000E-040  1.00000E-040  1.00000E-040  7.77461E-021  1.00000E-040  1.00000E-040  1.66069E-012  5.22671E-008  1.60528E-005  3.75509E-010  1.73337E-009  2.10336E-004  3.52402E-009  2.83566E-004  3.39839E-018  6.84750E-013  6.77275E-038  2.81119E-029  3.65402E-021  1.01054E-014  5.34069E-009  1.04436E-025  6.96106E-035  3.14519E-037  3.49140E-036  1.62450E-039  9.15878E-025  6.92224E-024  3.42391E-021  2.60160E-019  1.29855E-036  1.00000E-040  3.91999E-028  1.04614E-029  2.52215E-012  4.65293E-015  9.99490E-001  1.14708E-019  2.15984E-022  6.34054E-021  1.00000E-040  1.77054E-031  3.24184E-022  7.74137E-020  9.76934E-012  5.71306E-018  3.10727E-011  1.55163E-016  8.78735E-012  3.13913E-011  3.37746E-009  1.06975E-013  4.21704E-016  3.33563E-020  3.81484E-013  7.52435E-014  3.19811E-014  8.52847E-031  4.81076E-031  1.00000E-040  1.17703E-029  3.32778E-035  3.22451E-024  1.34426E-016  1.22428E-012  1.44321E-019  4.18319E-019  2.24322E-035  8.06656E-035  4.94825E-039  1.00000E-040  8.80793E-028  2.52836E-036  2.04798E-028  1.42299E-020  1.16377E-019  5.12167E-026  3.06774E-026  6.14449E-027  3.31443E-023  3.77333E-015  2.75667E-015  2.22406E-020  5.16805E-029  1.00000E-040  1.23374E-016  3.35586E-031  1.73972E-020  8.37393E-025  1.79389E-018  5.20260E-022  7.94052E-015  1.95743E-025  2.07130E-018  3.61656E-036  4.75445E-014  1.32194E-033  1.00000E-040  1.28465E-018  1.00000E-040  2.68009E-026  7.03738E-017  1.56326E-030  1.00000E-003  1.00000E-005  1.00000E-005  1.00000E-005  1.00000E-005  1.00000E-005  1.00000E-005  1.00000E-005  1.00000E-005  1.00000E-005  1.00000E-005  1.00000E-005  1.00000E-005  1.00000E-005  1.00000E-005  1.00000E-005  
3.65000E+001  5.75446E-003  1.69320E+017  2.46157E+002  2.67395E+004  1.00000E-040  4.80650E-034  1.00000E-040  1.00000E-040  1.00000E-040  1.00000E-040  1.00000E-040  1.00000E-040  1.00000E-040  1.00000E-040  1.00000E-040  1.00000E-040  1.00000E-040  1.00000E-040  6.30170E-021  1.00000E-040  1.00000E-040  2.53649E-012  5.89798E-008  1.60406E-005  4.28781E-010  1.92075E-009  2.10337E-004  3.86778E-009  2.83539E-004  3.39767E-018  5.83511E-013  1.94688E-037  5.08482E-029  4.09655E-021  9.63707E-015  4.30142E-009  6.17266E-025  7.49668E-033  3.42877E-035  3.81000E-034  1.62267E-039  5.11195E-024  3.81800E-023  1.79394E-020  1.31595E-018  7.49938E-036  1.00000E-040  1.76264E-027  4.19073E-029  2.45645E-012  5.56274E-015  9.99490E-001  1.10716E-019  2.53798E-022  5.25169E-021  1.00000E-040  2.03814E-031  3.16692E-022  6.80596E-020  1.09714E-011  6.12732E-018  3.62811E-011  1.35809E-016  6.45129E-012  3.11963E-011  2.71936E-009  1.15439E-013  3.82081E-016  1.16037E-019  3.60538E-013  6.67096E-014  3.19680E-014  7.27574E-031  4.59295E-031  1.00000E-040  7.89818E-030  3.42160E-035  3.22424E-024  1.02999E-016  1.16239E-012  1.15277E-019  3.37267E-019  2.02006E-035  6.35265E-035  3.21382E-039  1.00000E-040  7.11289E-028  1.46084E-035  2.11150E-028  1.16998E-020  1.08086E-019  5.96906E-026  3.19388E-026  1.00149E-026  1.75302E-022  2.84638E-015  2.69407E-015  2.32973E-020  5.19115E-029  1.00000E-040  8.84119E-017  3.31138E-031  1.42443E-020  9.89147E-025  1.64748E-018  4.26298E-022  5.69582E-015  9.43416E-025  1.94487E-018  3.75886E-036  4.72493E-014  1.62301E-031  1.00000E-040  1.10950E-018  1.00000E-040  2.69766E-026  4.37192E-017  1.50763E-030  1.00000E-003  1.00000E-005  1.00000E-005  1.00000E-005  1.00000E-005  1.00000E-005  1.00000E-005  1.00000E-005  1.00000E-005  1.00000E-005  1.00000E-005  1.00000E-005  1.00000E-005  1.00000E-005  1.00000E-005  1.00000E-005  
3.75000E+001  5.04079E-003  1.46722E+017  2.48840E+002  2.97405E+004  1.00000E-040  1.13021E-033  1.00000E-040  1.00000E-040  1.00000E-040  1.00000E-040  1.00000E-040  1.00000E-040  1.00000E-040  1.00000E-040  1.00000E-040  1.00000E-040  1.00000E-040  1.00000E-040  5.11860E-021  1.00000E-040  1.00000E-040  3.85888E-012  6.80262E-008  1.60254E-005  4.89329E-010  2.12413E-009  2.10340E-004  4.23804E-009  2.83512E-004  3.40609E-018  5.00985E-013  6.56743E-037  1.07291E-028  4.54760E-021  9.11219E-015  3.48258E-009  3.15348E-024  7.93486E-035  3.46300E-037  3.84590E-036  1.62079E-039  2.46636E-023  1.82144E-022  8.12749E-020  5.77011E-018  3.71551E-035  1.00000E-040  6.77597E-027  1.48473E-028  2.39898E-012  6.73058E-015  9.99490E-001  1.07159E-019  2.98456E-022  4.67102E-021  5.15618E-039  2.31556E-031  3.05998E-022  5.91357E-020  1.24345E-011  7.09963E-018  4.23465E-011  1.19374E-016  4.81192E-012  3.11647E-011  2.19410E-009  1.26864E-013  3.53113E-016  5.11537E-019  3.44525E-013  6.04538E-014  3.19508E-014  6.48247E-031  4.38910E-031  1.00000E-040  5.32310E-030  3.52507E-035  3.22392E-024  7.76988E-017  1.09407E-012  9.05838E-020  2.67390E-019  1.78664E-035  4.93861E-035  9.91405E-040  1.00000E-040  5.75266E-028  7.21646E-035  2.14992E-028  9.47553E-021  1.01244E-019  6.88191E-026  3.28383E-026  1.61996E-026  8.06613E-022  2.14049E-015  2.61283E-015  2.45211E-020  5.34852E-029  1.00000E-040  6.40531E-017  3.21359E-031  1.14819E-020  1.18988E-024  1.49883E-018  3.43107E-022  4.06634E-015  3.93992E-024  1.82557E-018  3.91784E-036  4.69632E-014  1.65650E-033  1.00000E-040  9.50446E-019  1.00000E-040  2.75197E-026  2.76917E-017  1.44241E-030  1.00000E-003  1.00000E-005  1.00000E-005  1.00000E-005  1.00000E-005  1.00000E-005  1.00000E-005  1.00000E-005  1.00000E-005  1.00000E-005  1.00000E-005  1.00000E-005  1.00000E-005  1.00000E-005  1.00000E-005  1.00000E-005  
3.85000E+001  4.42210E-003  1.27343E+017  2.51518E+002  3.29242E+004  1.00000E-040  2.64024E-033  1.00000E-040  1.55069E-035  1.00000E-040  1.00000E-040  1.00000E-040  1.00000E-040  1.00000E-040  1.00000E-040  1.00000E-040  1.00000E-040  1.00000E-040  1.00000E-040  4.15887E-021  1.00000E-040  1.00000E-040  5.85032E-012  7.98361E-008  1.60068E-005  5.58219E-010  2.34484E-009  2.10344E-004  4.63737E-009  2.83483E-004  3.41837E-018  4.32491E-013  3.19055E-036  3.35395E-028  5.00429E-021  8.54958E-015  2.82879E-009  1.32529E-023  4.70379E-036  1.47951E-038  1.64508E-037  1.61885E-039  9.80097E-023  7.15352E-022  3.03013E-019  2.08692E-017  1.50495E-034  1.00000E-040  2.16359E-026  4.66212E-028  2.34738E-012  8.21932E-015  9.99490E-001  1.03957E-019  3.50770E-022  4.51281E-021  2.51364E-035  2.59941E-031  2.92729E-022  5.08176E-020  1.41999E-011  8.74081E-018  4.94066E-011  1.05320E-016  3.63536E-012  3.13102E-011  1.77376E-009  1.41566E-013  3.31759E-016  2.11598E-018  3.32327E-013  5.58227E-014  3.19213E-014  6.02319E-031  4.19896E-031  1.00000E-040  3.60290E-030  3.62959E-035  3.22357E-024  5.77802E-017  1.02182E-012  7.01142E-020  2.08747E-019  1.55632E-035  3.79795E-035  1.00000E-040  1.00000E-040  4.65975E-028  2.90374E-034  2.16389E-028  7.56948E-021  9.56110E-020  7.85845E-026  3.33799E-026  2.60286E-026  3.06875E-021  1.60703E-015  2.51665E-015  2.58784E-020  5.72037E-029  1.00000E-040  4.68522E-017  3.07050E-031  9.12268E-021  1.45176E-024  1.34827E-018  2.71525E-022  2.89040E-015  1.35723E-023  1.71312E-018  4.08395E-036  4.66846E-014  1.85567E-035  1.00000E-040  8.08429E-019  1.00000E-040  2.83390E-026  1.78002E-017  1.37085E-030  1.00000E-003  1.00000E-005  1.00000E-005  1.00000E-005  1.00000E-005  1.00000E-005  1.00000E-005  1.00000E-005  1.00000E-005  1.00000E-005  1.00000E-005  1.00000E-005  1.00000E-005  1.00000E-005  1.00000E-005  1.00000E-005  
3.95000E+001  3.88494E-003  1.10685E+017  2.54221E+002  3.69865E+004  1.00000E-040  6.12885E-033  1.00000E-040  3.59964E-035  1.00000E-040  1.00000E-040  1.00000E-040  1.00000E-040  1.00000E-040  1.00000E-040  1.00000E-040  1.00000E-040  1.00000E-040  1.00000E-040  3.37524E-021  1.00000E-040  1.00000E-040  8.84486E-012  9.47808E-008  1.59845E-005  6.36642E-010  2.58418E-009  2.10350E-004  5.06643E-009  2.83454E-004  3.44163E-018  3.75940E-013  2.13256E-035  1.45885E-027  5.48430E-021  7.99339E-015  2.30758E-009  4.49512E-023  1.70312E-035  1.88834E-038  2.10071E-037  1.61686E-039  3.14953E-022  2.26977E-021  9.12169E-019  6.10661E-017  4.91040E-034  1.00000E-040  5.66390E-026  1.32924E-027  2.30052E-012  1.00879E-014  9.99490E-001  1.01099E-019  4.12494E-022  4.77770E-021  9.08605E-039  2.90098E-031  2.78887E-022  4.34669E-020  1.62937E-011  1.12259E-017  5.76274E-011  9.32889E-017  2.78471E-012  3.16389E-011  1.43589E-009  1.59719E-013  3.15292E-016  6.94880E-018  3.22542E-013  5.22760E-014  3.18627E-014  5.81526E-031  4.02086E-031  1.00000E-040  2.44671E-030  3.74282E-035  3.22318E-024  4.26377E-017  9.50763E-013  5.38243E-020  1.61617E-019  1.34227E-035  2.92302E-035  1.00000E-040  1.00000E-040  3.77862E-028  9.37692E-034  2.16760E-028  6.00633E-021  9.11111E-020  8.93286E-026  3.37690E-026  4.16616E-026  9.46142E-021  1.20982E-015  2.41643E-015  2.73830E-020  6.47239E-029  1.00000E-040  3.44763E-017  2.90363E-031  7.19317E-021  1.79115E-024  1.19857E-018  2.12625E-022  2.05241E-015  3.78169E-023  1.60668E-018  4.26481E-036  4.64161E-014  2.27377E-037  1.00000E-040  6.85900E-019  1.00000E-040  2.95651E-026  1.16265E-017  1.30264E-030  1.00000E-003  1.00000E-005  1.00000E-005  1.00000E-005  1.00000E-005  1.00000E-005  1.00000E-005  1.00000E-005  1.00000E-005  1.00000E-005  1.00000E-005  1.00000E-005  1.00000E-005  1.00000E-005  1.00000E-005  1.00000E-005  
4.05000E+001  3.41789E-003  9.63357E+016  2.56973E+002  4.09878E+004  1.00000E-040  1.41389E-032  1.00000E-040  8.30417E-035  1.00000E-040  1.00000E-040  1.00000E-040  1.00000E-040  1.00000E-040  1.00000E-040  1.00000E-040  1.00000E-040  1.00000E-040  1.00000E-040  2.73115E-021  1.00000E-040  1.00000E-040  1.33403E-011  1.13351E-007  1.59581E-005  7.25909E-010  2.84353E-009  2.10358E-004  5.52649E-009  2.83424E-004  3.47948E-018  3.29162E-013  1.47460E-034  6.53001E-027  6.00432E-021  7.46723E-015  1.89096E-009  1.24214E-022  7.42189E-035  1.00000E-040  1.00000E-040  1.61482E-039  8.26290E-022  5.87392E-021  2.23846E-018  1.45905E-016  1.30644E-033  1.00000E-040  1.22839E-025  3.54783E-027  2.25734E-012  1.24043E-014  9.99490E-001  9.85598E-020  4.85923E-022  5.55196E-021  1.00000E-040  3.23060E-031  2.65551E-022  3.71573E-020  1.87521E-011  1.48158E-017  6.71936E-011  8.29569E-017  2.16275E-012  3.21576E-011  1.16336E-009  1.81590E-013  3.01855E-016  1.74884E-017  3.14319E-013  4.94610E-014  3.17527E-014  5.80094E-031  3.85323E-031  1.00000E-040  1.66561E-030  3.87382E-035  3.22276E-024  3.13638E-017  8.83577E-013  4.11693E-020  1.24705E-019  1.15054E-035  2.26907E-035  1.00000E-040  1.00000E-040  3.06644E-028  2.45943E-033  2.17034E-028  4.75673E-021  8.76912E-020  1.01419E-025  3.41515E-026  6.65625E-026  2.38438E-020  9.16520E-016  2.31811E-015  2.90373E-020  7.89255E-029  1.00000E-040  2.54486E-017  2.72602E-031  5.65405E-021  2.22317E-024  1.05197E-018  1.65427E-022  1.45875E-015  8.59958E-023  1.50556E-018  4.47100E-036  4.61590E-014  3.35477E-039  1.00000E-040  5.82177E-019  1.00000E-040  3.12965E-026  7.71597E-018  1.25476E-030  1.00000E-003  1.00000E-005  1.00000E-005  1.00000E-005  1.00000E-005  1.00000E-005  1.00000E-005  1.00000E-005  1.00000E-005  1.00000E-005  1.00000E-005  1.00000E-005  1.00000E-005  1.00000E-005  1.00000E-005  1.00000E-005  
4.15000E+001  3.01124E-003  8.39674E+016  2.59748E+002  4.51719E+004  1.00000E-040  3.24127E-032  1.00000E-040  1.90369E-034  1.00000E-040  1.00000E-040  1.00000E-040  1.00000E-040  1.00000E-040  1.00000E-040  1.00000E-040  1.00000E-040  1.00000E-040  1.00000E-040  2.19824E-021  1.00000E-040  1.00000E-040  2.00631E-011  1.36351E-007  1.59267E-005  8.27464E-010  3.12447E-009  2.10368E-004  6.02083E-009  2.83392E-004  3.52386E-018  2.89478E-013  9.04826E-034  2.58778E-026  6.55975E-021  6.96178E-015  1.55394E-009  2.87955E-022  3.51807E-034  1.00000E-040  1.00000E-040  1.61273E-039  1.82026E-021  1.27578E-020  4.61076E-018  2.93122E-016  2.91590E-033  1.00000E-040  2.26914E-025  9.11539E-027  2.21656E-012  1.52622E-014  9.99490E-001  9.62789E-020  5.72486E-022  7.00764E-021  1.00000E-040  3.58168E-031  2.52140E-022  3.16619E-020  2.16432E-011  1.98926E-017  7.82780E-011  7.40092E-017  1.69859E-012  3.28823E-011  9.43712E-010  2.07674E-013  2.90494E-016  3.46827E-017  3.07616E-013  4.72068E-014  3.15722E-014  5.94365E-031  3.69707E-031  1.00000E-040  1.13735E-030  4.01501E-035  3.22231E-024  2.29725E-017  8.19418E-013  3.13252E-020  9.57441E-020  9.80368E-036  1.76942E-035  1.00000E-040  1.00000E-040  2.49182E-028  5.38596E-033  2.16580E-028  3.75343E-021  8.52419E-020  1.14810E-025  3.44682E-026  1.05913E-025  5.05215E-020  6.99720E-016  2.21860E-015  3.07709E-020  1.04617E-028  1.00000E-040  1.88838E-017  2.53751E-031  4.42203E-021  2.75118E-024  9.09351E-019  1.27632E-022  1.03654E-015  1.64465E-022  1.41001E-018  1.05653E-035  4.59118E-014  1.00000E-040  1.00000E-040  4.93638E-019  1.00000E-040  3.34031E-026  5.18080E-018  1.29127E-030  1.00000E-003  1.00000E-005  1.00000E-005  1.00000E-005  1.00000E-005  1.00000E-005  1.00000E-005  1.00000E-005  1.00000E-005  1.00000E-005  1.00000E-005  1.00000E-005  1.00000E-005  1.00000E-005  1.00000E-005  1.00000E-005  
4.25000E+001  2.65667E-003  7.32961E+016  2.62527E+002  5.04170E+004  1.00000E-040  7.38371E-032  1.00000E-040  4.33666E-034  1.00000E-040  1.00000E-040  1.00000E-040  1.00000E-040  1.00000E-040  1.00000E-040  1.00000E-040  1.00000E-040  1.00000E-040  1.00000E-040  1.75605E-021  1.00000E-040  1.00000E-040  3.00753E-011  1.64468E-007  1.58898E-005  9.42929E-010  3.42894E-009  2.10381E-004  6.54914E-009  2.83360E-004  3.57612E-018  2.55663E-013  4.76626E-033  8.81700E-026  7.16589E-021  6.48657E-015  1.28173E-009  5.76022E-022  1.18960E-033  3.09952E-038  3.45118E-037  1.61057E-039  3.45781E-021  2.39011E-020  8.19914E-018  5.09288E-016  5.62678E-033  1.00000E-040  3.65977E-025  2.29365E-026  2.17772E-012  1.87442E-014  9.99490E-001  9.42529E-020  6.73984E-022  9.41054E-021  1.00000E-040  3.95323E-031  2.38730E-022  2.69082E-020  2.50104E-011  2.69522E-017  9.10558E-011  6.62340E-017  1.34967E-012  3.38244E-011  7.66644E-010  2.38078E-013  2.79913E-016  5.65289E-017  3.01934E-013  4.53101E-014  3.13166E-014  6.21398E-031  3.55377E-031  1.00000E-040  7.79474E-031  4.15388E-035  3.22184E-024  1.67886E-017  7.59182E-013  2.37476E-020  7.32653E-020  8.31688E-036  1.38798E-035  1.00000E-040  1.00000E-040  2.02852E-028  1.01417E-032  2.15476E-028  2.95549E-021  8.37737E-020  1.29752E-025  3.47930E-026  1.67568E-025  9.24751E-020  5.40539E-016  2.11939E-015  3.25364E-020  1.49359E-028  1.00000E-040  1.41105E-017  2.34395E-031  3.44555E-021  3.37389E-024  7.73523E-019  9.77660E-023  7.37165E-016  2.72228E-022  1.32004E-018  1.00000E-040  4.56769E-014  1.86687E-039  1.00000E-040  4.18639E-019  1.00000E-040  3.59017E-026  3.52058E-018  1.70752E-030  1.00000E-003  1.00000E-005  1.00000E-005  1.00000E-005  1.00000E-005  1.00000E-005  1.00000E-005  1.00000E-005  1.00000E-005  1.00000E-005  1.00000E-005  1.00000E-005  1.00000E-005  1.00000E-005  1.00000E-005  1.00000E-005  
4.35000E+001  2.34695E-003  6.41206E+016  2.65108E+002  5.66624E+004  1.00000E-040  1.00000E-040  1.00000E-040  9.81185E-034  1.00000E-040  1.00000E-040  1.00000E-040  1.00000E-040  1.00000E-040  1.00000E-040  1.00000E-040  1.00000E-040  1.00000E-040  1.00000E-040  1.38804E-021  1.00000E-040  1.00000E-040  4.48024E-011  1.98232E-007  1.58469E-005  1.07428E-009  3.75966E-009  2.10397E-004  7.10597E-009  2.83327E-004  3.62715E-018  2.26158E-013  2.15767E-032  2.60306E-025  7.80987E-021  6.02674E-015  1.06376E-009  1.02246E-021  3.07742E-033  1.00000E-040  1.00000E-040  1.60839E-039  5.79486E-021  3.95843E-020  1.29306E-017  7.87459E-016  9.64972E-033  1.00000E-040  5.28766E-025  5.65618E-026  2.14066E-012  2.29234E-014  9.99490E-001  9.24403E-020  7.84297E-022  1.30336E-020  1.00000E-040  4.33300E-031  2.24977E-022  2.27453E-020  2.88708E-011  3.65479E-017  1.05548E-010  5.93932E-017  1.08724E-012  3.50225E-011  6.25729E-010  2.72409E-013  2.69364E-016  7.92666E-017  2.97324E-013  4.36920E-014  3.09967E-014  6.57495E-031  3.43474E-031  1.00000E-040  5.39708E-031  4.22461E-035  3.22134E-024  1.22592E-017  7.01877E-013  1.79301E-020  5.57781E-020  7.03890E-036  1.08211E-035  1.00000E-040  1.00000E-040  1.66034E-028  1.68353E-032  2.12752E-028  2.31849E-021  8.30543E-020  1.45541E-025  3.50870E-026  2.59535E-025  1.50011E-019  4.24593E-016  2.01650E-015  3.41125E-020  2.22936E-028  1.00000E-040  1.08252E-017  2.15781E-031  2.67222E-021  4.05477E-024  6.47964E-019  7.44189E-023  5.24825E-016  4.03039E-022  1.23818E-018  5.04190E-036  4.54575E-014  6.81401E-038  1.00000E-040  3.53990E-019  1.00000E-040  3.84634E-026  2.42940E-018  3.75041E-030  1.00000E-003  1.00000E-005  1.00000E-005  1.00000E-005  1.00000E-005  1.00000E-005  1.00000E-005  1.00000E-005  1.00000E-005  1.00000E-005  1.00000E-005  1.00000E-005  1.00000E-005  1.00000E-005  1.00000E-005  1.00000E-005  
4.45000E+001  2.07587E-003  5.61877E+016  2.67593E+002  6.33601E+004  1.00000E-040  1.00000E-040  1.00000E-040  2.20671E-033  1.00000E-040  1.00000E-040  1.00000E-040  1.00000E-040  1.00000E-040  1.00000E-040  1.00000E-040  1.00000E-040  1.00000E-040  1.00000E-040  1.08453E-021  1.00000E-040  1.00000E-040  6.64296E-011  2.38423E-007  1.57973E-005  1.22370E-009  4.11956E-009  2.10416E-004  7.68994E-009  2.83293E-004  3.69073E-018  2.00959E-013  8.55030E-032  6.76723E-025  8.56531E-021  5.61013E-015  8.89234E-010  1.66012E-021  6.69218E-033  5.08918E-039  5.66855E-038  1.60617E-039  8.83267E-021  5.97729E-020  1.86516E-017  1.11632E-015  1.52666E-032  1.00000E-040  7.02893E-025  1.35489E-025  2.10502E-012  2.78786E-014  9.99490E-001  9.08818E-020  9.08338E-022  1.83533E-020  2.00621E-039  4.72687E-031  2.11386E-022  1.91921E-020  3.32688E-011  4.94912E-017  1.21961E-010  5.34112E-017  8.88200E-013  3.64516E-011  5.12106E-010  3.10268E-013  2.57614E-016  9.99277E-017  2.93133E-013  4.21552E-014  3.06271E-014  7.01386E-031  3.33443E-031  5.37822E-040  3.76210E-031  4.26252E-035  3.22084E-024  8.96911E-018  6.49526E-013  1.35320E-020  4.24336E-020  5.95220E-036  8.46660E-036  1.00000E-040  1.00000E-040  1.36399E-028  2.55844E-032  2.09433E-028  1.81923E-021  8.35599E-020  1.63354E-025  3.57438E-026  3.96927E-025  2.22202E-019  3.40422E-016  1.91543E-015  3.55891E-020  3.39330E-028  1.00000E-040  8.43463E-018  1.97831E-031  2.06997E-021  4.78413E-024  5.34475E-019  5.64177E-023  3.74805E-016  5.48682E-022  1.16216E-018  5.13419E-036  4.52546E-014  4.03407E-036  1.00000E-040  3.00194E-019  1.00000E-040  4.14062E-026  1.70387E-018  1.68771E-030  1.00000E-003  1.00000E-005  1.00000E-005  1.00000E-005  1.00000E-005  1.00000E-005  1.00000E-005  1.00000E-005  1.00000E-005  1.00000E-005  1.00000E-005  1.00000E-005  1.00000E-005  1.00000E-005  1.00000E-005  1.00000E-005  
4.55000E+001  1.83806E-003  4.93877E+016  2.69561E+002  6.89710E+004  1.00000E-040  1.00000E-040  1.00000E-040  4.92867E-033  1.00000E-040  1.00000E-040  1.00000E-040  1.00000E-040  1.00000E-040  1.00000E-040  1.00000E-040  1.00000E-040  1.00000E-040  1.00000E-040  8.34046E-022  1.00000E-040  1.00000E-040  9.74729E-011  2.86643E-007  1.57392E-005  1.39398E-009  4.51366E-009  2.10439E-004  8.30037E-009  2.83259E-004  3.72364E-018  1.77382E-013  2.97228E-031  1.56897E-024  9.34729E-021  5.16783E-015  7.47341E-010  2.52677E-021  1.26802E-032  3.00432E-038  3.41623E-037  1.60390E-039  1.24393E-020  8.38138E-020  2.51638E-017  1.48898E-015  2.26683E-032  1.00000E-040  8.81945E-025  3.10476E-025  2.06994E-012  3.37874E-014  9.99490E-001  8.93982E-020  1.02410E-021  2.54552E-020  1.00000E-040  5.07355E-031  1.96027E-022  1.59106E-020  3.83266E-011  6.66504E-017  1.39987E-010  4.80211E-017  7.33636E-013  3.81671E-011  4.23112E-010  3.51538E-013  2.45714E-016  1.17648E-016  2.91257E-013  4.09090E-014  3.02155E-014  7.50958E-031  3.27333E-031  2.31570E-037  2.67458E-031  4.10913E-035  3.22031E-024  6.51144E-018  5.96346E-013  1.00867E-020  3.17476E-020  5.01675E-036  6.35224E-036  1.00000E-040  1.00000E-040  1.13295E-028  3.60631E-032  2.01554E-028  1.40565E-021  8.49056E-020  1.79989E-025  3.64934E-026  5.81218E-025  3.06830E-019  2.78009E-016  1.79774E-015  3.64543E-020  5.10526E-028  1.00000E-040  6.93507E-018  1.81043E-031  1.58102E-021  5.42033E-024  4.32756E-019  4.22364E-023  2.66653E-016  7.10983E-022  1.09675E-018  4.99147E-036  4.50658E-014  2.21298E-034  1.00000E-040  2.52047E-019  1.00000E-040  4.33962E-026  1.20881E-018  1.09711E-030  1.00000E-003  1.00000E-005  1.00000E-005  1.00000E-005  1.00000E-005  1.00000E-005  1.00000E-005  1.00000E-005  1.00000E-005  1.00000E-005  1.00000E-005  1.00000E-005  1.00000E-005  1.00000E-005  1.00000E-005  1.00000E-005  
4.65000E+001  1.62894E-003  4.34816E+016  2.71341E+002  7.80352E+004  1.00000E-040  1.00000E-040  1.00000E-040  1.09553E-032  1.00000E-040  1.00000E-040  1.00000E-040  1.00000E-040  1.00000E-040  1.00000E-040  1.00000E-040  1.00000E-040  1.00000E-040  1.00000E-040  6.32402E-022  1.00000E-040  1.00000E-040  1.42272E-010  3.43669E-007  1.56721E-005  1.58829E-009  4.94682E-009  2.10466E-004  8.93623E-009  2.83223E-004  3.76362E-018  1.56891E-013  9.31567E-031  3.30464E-024  1.03520E-020  4.76440E-015  6.32582E-010  3.66015E-021  6.00899E-033  1.00000E-040  1.00000E-040  1.60159E-039  1.64901E-020  1.11124E-019  3.22825E-017  1.89428E-015  3.25710E-032  1.00000E-040  1.05646E-024  6.76197E-025  2.03542E-012  4.07118E-014  9.99490E-001  8.81235E-020  1.14643E-021  3.50370E-020  1.00000E-040  5.40359E-031  1.80671E-022  1.31008E-020  4.40816E-011  8.93340E-017  1.59932E-010  4.32740E-017  6.13437E-013  4.00879E-011  3.50860E-010  3.94913E-013  2.31775E-016  1.31771E-016  2.89996E-013  3.96149E-014  2.97740E-014  8.08583E-031  3.25494E-031  9.05259E-035  1.91860E-031  3.91658E-035  3.21977E-024  4.72048E-018  5.47359E-013  7.49241E-021  2.36261E-020  4.23375E-036  4.71470E-036  1.00000E-040  1.00000E-040  9.46078E-029  4.87356E-032  1.92341E-028  1.08094E-021  8.86334E-020  1.98764E-025  3.81828E-026  8.36406E-025  4.01225E-019  2.32125E-016  1.67884E-015  3.70405E-020  7.54299E-028  1.00000E-040  5.82681E-018  1.65088E-031  1.20142E-021  5.97908E-024  3.44282E-019  3.13918E-023  1.89834E-016  8.82918E-022  1.03668E-018  4.78367E-036  4.48924E-014  1.38035E-037  1.00000E-040  2.12568E-019  1.00000E-040  4.53593E-026  8.69227E-019  8.84508E-031  1.00000E-003  1.00000E-005  1.00000E-005  1.00000E-005  1.00000E-005  1.00000E-005  1.00000E-005  1.00000E-005  1.00000E-005  1.00000E-005  1.00000E-005  1.00000E-005  1.00000E-005  1.00000E-005  1.00000E-005  1.00000E-005  
4.75000E+001  1.44462E-003  3.83987E+016  2.72491E+002  8.59767E+004  1.00000E-040  1.00000E-040  1.00000E-040  2.42139E-032  1.00000E-040  1.00000E-040  1.00000E-040  1.00000E-040  1.00000E-040  1.00000E-040  1.00000E-040  1.00000E-040  1.00000E-040  1.00000E-040  4.70812E-022  1.00000E-040  1.00000E-040  2.05353E-010  4.10138E-007  1.55952E-005  1.81077E-009  5.42667E-009  2.10499E-004  9.58844E-009  2.83188E-004  3.78080E-018  1.38038E-013  2.64280E-030  6.41610E-024  1.15771E-020  4.35665E-015  5.40330E-010  5.08934E-021  3.36551E-032  1.00000E-040  1.00000E-040  1.59925E-039  2.05674E-020  1.39595E-019  3.96256E-017  2.32164E-015  4.56305E-032  1.00000E-040  1.22117E-024  1.39063E-024  2.00152E-012  4.87378E-014  9.99490E-001  8.69001E-020  1.24585E-021  4.66604E-020  1.00000E-040  5.69641E-031  1.65314E-022  1.06473E-020  5.05543E-011  1.18440E-016  1.81223E-010  3.89834E-017  5.19902E-013  4.22385E-011  2.94086E-010  4.38517E-013  2.16622E-016  1.42925E-016  2.90512E-013  3.84032E-014  2.93131E-014  8.58977E-031  3.23716E-031  1.00000E-040  1.40788E-031  3.54930E-035  3.21921E-024  3.41363E-018  4.99721E-013  5.52994E-021  1.73584E-020  3.59426E-036  3.34455E-036  1.00000E-040  1.00000E-040  8.00344E-029  6.33923E-032  1.80182E-028  8.21391E-022  9.50590E-020  2.16875E-025  4.09229E-026  1.14609E-024  4.99114E-019  1.97857E-016  1.54996E-015  3.68517E-020  1.07060E-027  1.00000E-040  5.20512E-018  1.51814E-031  9.04965E-022  6.31776E-024  2.69756E-019  2.31991E-023  1.34792E-016  1.07094E-021  9.86485E-019  4.35245E-036  4.47356E-014  1.69429E-034  1.00000E-040  1.78770E-019  1.00000E-040  4.61277E-026  6.35293E-019  7.74491E-031  1.00000E-003  1.00000E-005  1.00000E-005  1.00000E-005  1.00000E-005  1.00000E-005  1.00000E-005  1.00000E-005  1.00000E-005  1.00000E-005  1.00000E-005  1.00000E-005  1.00000E-005  1.00000E-005  1.00000E-005  1.00000E-005  
4.85000E+001  1.28178E-003  3.39608E+016  2.73371E+002  9.43451E+004  1.00000E-040  1.00000E-040  1.00000E-040  5.33431E-032  1.00000E-040  1.00000E-040  1.00000E-040  1.00000E-040  1.00000E-040  1.00000E-040  1.00000E-040  1.00000E-040  1.00000E-040  1.00000E-040  3.44958E-022  1.00000E-040  1.00000E-040  2.94788E-010  4.88047E-007  1.55065E-005  2.06603E-009  5.96181E-009  2.10536E-004  1.02669E-008  2.83151E-004  3.80327E-018  1.21521E-013  6.94109E-030  1.16309E-023  1.32872E-020  3.98329E-015  4.64962E-010  6.88103E-021  4.91430E-032  1.63268E-037  1.81952E-036  1.59685E-039  2.45355E-020  1.68798E-019  4.72097E-017  2.77226E-015  6.38786E-032  1.00000E-040  1.37556E-024  2.70797E-024  1.96760E-012  5.80152E-014  9.99490E-001  8.58436E-020  1.34195E-021  6.11024E-020  1.00000E-040  5.97201E-031  1.50638E-022  8.58635E-021  5.79095E-011  1.56017E-016  2.04107E-010  3.51752E-017  4.45584E-013  4.45149E-011  2.47608E-010  4.81185E-013  1.99401E-016  1.51639E-016  2.91907E-013  3.70508E-014  2.88309E-014  9.15374E-031  3.26784E-031  1.00000E-040  1.04416E-031  3.16958E-035  3.21864E-024  2.46344E-018  4.55911E-013  4.06557E-021  1.26630E-020  3.07874E-036  2.32520E-036  1.00000E-040  1.00000E-040  6.81782E-029  8.15663E-032  1.67185E-028  6.19769E-022  1.06677E-019  2.38271E-025  4.52941E-026  1.53722E-024  5.98606E-019  1.71972E-016  1.42004E-015  3.62587E-020  1.47347E-027  1.00000E-040  4.77722E-018  1.39868E-031  6.77294E-022  6.46969E-024  2.07592E-019  1.70235E-023  9.54964E-017  1.27382E-021  9.41293E-019  3.88552E-036  4.45924E-014  1.00000E-040  1.00000E-040  1.51729E-019  1.00000E-040  4.65313E-026  4.70076E-019  6.95611E-031  1.00000E-003  1.00000E-005  1.00000E-005  1.00000E-005  1.00000E-005  1.00000E-005  1.00000E-005  1.00000E-005  1.00000E-005  1.00000E-005  1.00000E-005  1.00000E-005  1.00000E-005  1.00000E-005  1.00000E-005  1.00000E-005  
4.95000E+001  1.13766E-003  3.00993E+016  2.73763E+002  1.04470E+005  1.00000E-040  1.00000E-040  1.00000E-040  9.38841E-032  1.00000E-040  1.00000E-040  1.00000E-040  1.00000E-040  1.00000E-040  1.00000E-040  1.00000E-040  1.00000E-040  1.00000E-040  1.00000E-040  2.48038E-022  1.00000E-040  1.00000E-040  4.19709E-010  5.78311E-007  1.54052E-005  2.35972E-009  6.56360E-009  2.10580E-004  1.09683E-008  2.83113E-004  3.81774E-018  1.06685E-013  1.69930E-029  1.99210E-023  1.56444E-020  3.62532E-015  4.03484E-010  9.08522E-021  6.73873E-032  2.10735E-037  2.34931E-036  1.59440E-039  2.79662E-020  1.96562E-019  5.47576E-017  3.24105E-015  8.98497E-032  1.00000E-040  1.51816E-024  5.00223E-024  1.93368E-012  6.86226E-014  9.99490E-001  8.48878E-020  1.41761E-021  7.78049E-020  1.00000E-040  6.23222E-031  1.36902E-022  6.86152E-021  6.62060E-011  2.03500E-016  2.28039E-010  3.17457E-017  3.86352E-013  4.68799E-011  2.10144E-010  5.20595E-013  1.80815E-016  1.58651E-016  2.94699E-013  3.55953E-014  2.83320E-014  9.71946E-031  3.33997E-031  1.00000E-040  7.87748E-032  2.73877E-035  3.21805E-024  1.77480E-018  4.14802E-013  2.97496E-021  9.14727E-021  2.67579E-036  1.55956E-036  1.00000E-040  1.00000E-040  5.87127E-029  1.04265E-031  1.53166E-028  4.63031E-022  1.25133E-019  2.62571E-025  5.14387E-026  1.98758E-024  6.93298E-019  1.51910E-016  1.28693E-015  3.50291E-020  1.94975E-027  1.00000E-040  4.59155E-018  1.30169E-031  5.02952E-022  6.37289E-024  1.57178E-019  1.24319E-023  6.73532E-017  1.49967E-021  9.03363E-019  3.34315E-036  4.44627E-014  1.00000E-040  1.00000E-040  1.29919E-019  1.00000E-040  4.59888E-026  3.52574E-019  6.29748E-031  1.00000E-003  1.00000E-005  1.00000E-005  1.00000E-005  1.00000E-005  1.00000E-005  1.00000E-005  1.00000E-005  1.00000E-005  1.00000E-005  1.00000E-005  1.00000E-005  1.00000E-005  1.00000E-005  1.00000E-005  1.00000E-005  
5.05000E+001  1.00989E-003  2.67151E+016  2.73800E+002  1.14473E+005  1.00000E-040  1.00000E-040  1.00000E-040  1.00000E-040  1.00000E-040  1.00000E-040  1.00000E-040  1.00000E-040  1.00000E-040  1.00000E-040  1.00000E-040  1.00000E-040  1.00000E-040  1.00000E-040  1.75105E-022  1.00000E-040  1.00000E-040  5.94035E-010  6.81966E-007  1.52901E-005  2.69853E-009  7.24571E-009  2.10631E-004  1.16956E-008  2.83075E-004  3.83934E-018  9.36869E-014  3.93805E-029  3.26156E-023  1.90138E-020  3.29706E-015  3.53230E-010  1.17720E-020  8.77748E-032  1.79401E-037  1.99872E-036  1.59190E-039  3.06041E-020  2.21547E-019  6.21612E-017  3.72548E-015  1.28137E-031  1.00000E-040  1.64822E-024  8.81651E-024  1.89968E-012  8.06155E-014  9.99490E-001  8.41540E-020  1.48025E-021  9.69059E-020  1.00000E-040  6.50043E-031  1.24510E-022  5.45881E-021  7.55274E-011  2.62934E-016  2.52850E-010  2.86796E-017  3.38875E-013  4.92359E-011  1.79345E-010  5.54274E-013  1.60883E-016  1.64337E-016  2.98317E-013  3.39247E-014  2.78187E-014  1.02852E-030  3.45173E-031  1.00000E-040  6.01844E-032  2.32045E-035  3.21745E-024  1.27952E-018  3.77285E-013  2.17197E-021  6.57022E-021  2.37234E-036  1.02212E-036  1.00000E-040  1.00000E-040  5.10089E-029  1.33798E-031  1.39405E-028  3.43763E-022  1.53189E-019  2.93508E-025  5.95834E-026  2.50253E-024  7.78620E-019  1.36118E-016  1.15541E-015  3.33291E-020  2.48896E-027  1.00000E-040  4.56493E-018  1.22378E-031  3.71362E-022  6.07832E-024  1.17265E-019  9.05104E-024  4.72965E-017  1.75031E-021  8.71711E-019  2.80513E-036  4.43454E-014  2.26786E-038  1.00000E-040  1.13164E-019  1.00000E-040  4.49272E-026  2.68197E-019  5.72383E-031  1.00000E-003  1.00000E-005  1.00000E-005  1.00000E-005  1.00000E-005  1.00000E-005  1.00000E-005  1.00000E-005  1.00000E-005  1.00000E-005  1.00000E-005  1.00000E-005  1.00000E-005  1.00000E-005  1.00000E-005  1.00000E-005  
5.15000E+001  8.96453E-004  2.37396E+016  2.73509E+002  1.24475E+005  1.00000E-040  1.00000E-040  1.00000E-040  1.00000E-040  1.00000E-040  1.00000E-040  1.00000E-040  1.00000E-040  1.00000E-040  1.00000E-040  1.00000E-040  1.00000E-040  1.00000E-040  1.00000E-040  1.21230E-022  1.00000E-040  1.00000E-040  8.36354E-010  8.00966E-007  1.51593E-005  3.09007E-009  8.02536E-009  2.10689E-004  1.24579E-008  2.83035E-004  3.86878E-018  8.22717E-014  8.72477E-029  5.15030E-023  2.38286E-020  2.99508E-015  3.11712E-010  1.50354E-020  1.09325E-031  1.00000E-040  1.00000E-040  1.58933E-039  3.22490E-020  2.42538E-019  6.93704E-017  4.22778E-015  1.85734E-031  1.00000E-040  1.76809E-024  1.49102E-023  1.86528E-012  9.41404E-014  9.99490E-001  8.37544E-020  1.53050E-021  1.18173E-019  1.00000E-040  6.78457E-031  1.13420E-022  4.32480E-021  8.60472E-011  3.36678E-016  2.78157E-010  2.59314E-017  3.00298E-013  5.14978E-011  1.53828E-010  5.80430E-013  1.40313E-016  1.69204E-016  3.02890E-013  3.20351E-014  2.72882E-014  1.08568E-030  3.60729E-031  1.00000E-040  4.64976E-032  1.93338E-035  3.21682E-024  9.21881E-019  3.42879E-013  1.57918E-021  4.68786E-021  2.15367E-036  6.54819E-037  1.00000E-040  1.00000E-040  4.47012E-029  1.72936E-031  1.26131E-028  2.53222E-022  1.93522E-019  3.34639E-025  6.97449E-026  3.07482E-024  8.50660E-019  1.23177E-016  1.02609E-015  3.12196E-020  3.06997E-027  1.00000E-040  4.68219E-018  1.16277E-031  2.71997E-022  5.61405E-024  8.61605E-020  6.56375E-024  3.29969E-017  2.03235E-021  8.48046E-019  2.29979E-036  4.42387E-014  1.00000E-040  1.00000E-040  1.00734E-019  1.00000E-040  4.33689E-026  2.06561E-019  5.21851E-031  1.00000E-003  1.00000E-005  1.00000E-005  1.00000E-005  1.00000E-005  1.00000E-005  1.00000E-005  1.00000E-005  1.00000E-005  1.00000E-005  1.00000E-005  1.00000E-005  1.00000E-005  1.00000E-005  1.00000E-005  1.00000E-005  
5.25000E+001  7.95610E-004  2.11281E+016  2.72745E+002  1.34477E+005  1.00000E-040  1.00000E-040  1.00000E-040  1.00000E-040  1.00000E-040  1.00000E-040  1.00000E-040  1.00000E-040  1.00000E-040  1.00000E-040  1.00000E-040  1.00000E-040  1.00000E-040  1.00000E-040  8.21469E-023  1.00000E-040  1.00000E-040  1.16932E-009  9.37259E-007  1.50106E-005  3.54276E-009  8.92410E-009  2.10756E-004  1.32671E-008  2.82994E-004  3.89225E-018  7.20086E-014  1.85650E-028  7.90648E-023  3.06637E-020  2.70474E-015  2.77126E-010  1.89755E-020  1.31026E-031  1.00000E-040  1.00000E-040  1.58666E-039  3.27107E-020  2.57938E-019  7.62414E-017  4.74977E-015  2.73403E-031  1.00000E-040  1.88119E-024  2.43180E-023  1.83022E-012  1.09359E-013  9.99490E-001  8.37558E-020  1.55538E-021  1.40288E-019  1.00000E-040  7.09060E-031  1.03588E-022  3.40740E-021  9.79458E-011  4.26661E-016  3.03245E-010  2.34237E-017  2.68614E-013  5.36154E-011  1.32926E-010  5.97895E-013  1.20239E-016  1.73787E-016  3.09074E-013  3.00085E-014  2.67382E-014  1.14321E-030  3.82341E-031  1.00000E-040  3.64692E-032  1.56434E-035  3.21618E-024  6.62266E-019  3.10483E-013  1.13868E-021  3.30782E-021  2.00909E-036  4.05280E-037  1.00000E-040  1.00000E-040  3.96204E-029  2.25045E-031  1.13125E-028  1.84147E-022  2.48503E-019  3.89449E-025  8.20015E-026  3.64804E-024  9.04981E-019  1.11826E-016  8.98182E-016  2.86296E-020  3.65007E-027  1.00000E-040  5.01619E-018  1.12260E-031  1.96677E-022  4.99120E-024  6.23601E-020  4.74438E-024  2.28032E-017  2.36053E-021  8.38715E-019  1.82000E-036  4.41409E-014  8.58390E-038  1.00000E-040  9.19062E-020  1.00000E-040  4.09365E-026  1.60910E-019  4.77816E-031  1.00000E-003  1.00000E-005  1.00000E-005  1.00000E-005  1.00000E-005  1.00000E-005  1.00000E-005  1.00000E-005  1.00000E-005  1.00000E-005  1.00000E-005  1.00000E-005  1.00000E-005  1.00000E-005  1.00000E-005  1.00000E-005  
5.35000E+001  7.05880E-004  1.88070E+016  2.71850E+002  1.44478E+005  1.00000E-040  1.00000E-040  1.00000E-040  1.00000E-040  1.00000E-040  1.00000E-040  1.00000E-040  1.00000E-040  1.00000E-040  1.00000E-040  1.00000E-040  1.00000E-040  1.00000E-040  1.00000E-040  5.45821E-023  1.00000E-040  1.00000E-040  1.63184E-009  1.09287E-006  1.48421E-005  4.06710E-009  9.96827E-009  2.10833E-004  1.41472E-008  2.82951E-004  3.93926E-018  6.31977E-014  3.86145E-028  1.19044E-022  4.05597E-020  2.44677E-015  2.48073E-010  2.37464E-020  1.59859E-031  3.10733E-035  3.45757E-034  1.58388E-039  3.21274E-020  2.68025E-019  8.29327E-017  5.29371E-015  4.08901E-031  1.00000E-040  1.99005E-024  3.85662E-023  1.79431E-012  1.26445E-013  9.99490E-001  8.47226E-020  1.58075E-021  1.64470E-019  1.00000E-040  7.46143E-031  9.52448E-023  2.69052E-021  1.11432E-010  5.36594E-016  3.28158E-010  2.11948E-017  2.42353E-013  5.54550E-011  1.15012E-010  6.04780E-013  1.00587E-016  1.78023E-016  3.15753E-013  2.77267E-014  2.61662E-014  1.20456E-030  4.09386E-031  5.26017E-039  2.87164E-032  1.26545E-035  3.21550E-024  4.74893E-019  2.81142E-013  8.16396E-022  2.32174E-021  1.93149E-036  2.49477E-037  1.00000E-040  1.00000E-040  3.53244E-029  2.95665E-031  1.01698E-028  1.32853E-022  3.21869E-019  4.70946E-025  9.64948E-026  4.28422E-024  9.40900E-019  1.01760E-016  7.77081E-016  2.59291E-020  4.22550E-027  1.00000E-040  5.44999E-018  1.09517E-031  1.40707E-022  4.32950E-024  4.44607E-020  3.41948E-024  1.56165E-017  2.72941E-021  8.50687E-019  1.42704E-036  4.40506E-014  3.72428E-036  1.00000E-040  8.69153E-020  1.00000E-040  3.85422E-026  1.26661E-019  4.40867E-031  1.00000E-003  1.00000E-005  1.00000E-005  1.00000E-005  1.00000E-005  1.00000E-005  1.00000E-005  1.00000E-005  1.00000E-005  1.00000E-005  1.00000E-005  1.00000E-005  1.00000E-005  1.00000E-005  1.00000E-005  1.00000E-005  
5.45000E+001  6.25975E-004  1.67667E+016  2.70412E+002  1.54480E+005  1.00000E-040  1.00000E-040  1.00000E-040  1.00000E-040  1.00000E-040  1.00000E-040  1.00000E-040  1.00000E-040  1.00000E-040  1.00000E-040  1.00000E-040  1.00000E-040  1.00000E-040  1.00000E-040  3.53906E-023  1.00000E-040  1.00000E-040  2.26065E-009  1.26988E-006  1.46514E-005  4.67243E-009  1.11914E-008  2.10920E-004  1.51286E-008  2.82906E-004  3.97227E-018  5.51725E-014  7.81509E-028  1.76763E-022  5.48441E-020  2.19080E-015  2.23500E-010  2.94710E-020  1.74608E-031  1.82975E-035  2.02664E-034  1.58097E-039  3.04411E-020  2.71139E-019  8.91645E-017  5.86131E-015  6.20354E-031  1.00000E-040  2.10148E-024  5.96676E-023  1.75737E-012  1.45633E-013  9.99490E-001  8.67509E-020  1.57201E-021  1.87301E-019  1.00000E-040  7.92741E-031  8.85214E-023  2.12776E-021  1.26727E-010  6.67283E-016  3.51721E-010  1.91145E-017  2.20436E-013  5.70623E-011  1.00382E-010  6.02028E-013  8.28740E-017  1.82539E-016  3.24537E-013  2.54080E-014  2.55701E-014  1.26818E-030  4.46159E-031  1.17267E-036  2.29756E-032  9.86764E-036  3.21479E-024  3.38644E-019  2.52939E-013  5.77718E-022  1.60577E-021  1.91625E-036  2.55083E-037  1.00000E-040  1.00000E-040  3.19086E-029  3.91527E-031  9.11707E-029  9.41170E-023  4.15720E-019  5.88549E-025  1.13852E-025  4.83087E-024  9.54996E-019  9.18632E-017  6.60165E-016  2.28807E-020  4.71819E-027  1.00000E-040  6.21847E-018  1.09697E-031  9.87875E-023  3.60738E-024  3.12703E-020  2.47356E-024  1.05545E-017  3.17050E-021  9.08764E-019  1.07184E-036  4.39667E-014  3.30265E-036  1.00000E-040  8.53160E-020  1.00000E-040  3.52344E-026  1.00690E-019  4.12033E-031  1.00000E-003  1.00000E-005  1.00000E-005  1.00000E-005  1.00000E-005  1.00000E-005  1.00000E-005  1.00000E-005  1.00000E-005  1.00000E-005  1.00000E-005  1.00000E-005  1.00000E-005  1.00000E-005  1.00000E-005  1.00000E-005  
5.55000E+001  5.54779E-004  1.49399E+016  2.68960E+002  1.64481E+005  1.00000E-040  1.00000E-040  1.00000E-040  1.00000E-040  1.00000E-040  1.00000E-040  1.00000E-040  1.00000E-040  1.00000E-040  1.00000E-040  1.00000E-040  1.00000E-040  1.00000E-040  1.00000E-040  2.24906E-023  1.00000E-040  1.00000E-040  3.13392E-009  1.47036E-006  1.44365E-005  5.37328E-009  1.26360E-008  2.11018E-004  1.62681E-008  2.82858E-004  4.04034E-018  4.83871E-014  1.57210E-027  2.60798E-022  7.58641E-020  1.96587E-015  2.02553E-010  3.63899E-020  1.83727E-031  1.00000E-040  1.00000E-040  1.57790E-039  2.80228E-020  2.68873E-019  9.52716E-017  6.45464E-015  9.52794E-031  1.00000E-040  2.22029E-024  9.08528E-023  1.71925E-012  1.67196E-013  9.99490E-001  9.10888E-020  1.57033E-021  2.11821E-019  1.00000E-040  8.59330E-031  8.38568E-023  1.71199E-021  1.44095E-010  8.23989E-016  3.74338E-010  1.72772E-017  2.02060E-013  5.82852E-011  8.75071E-011  5.87962E-013  6.65201E-017  1.86972E-016  3.33520E-013  2.28991E-014  2.49478E-014  1.33625E-030  4.94855E-031  2.53955E-034  1.83638E-032  7.74770E-036  3.21403E-024  2.40599E-019  2.27409E-013  4.05908E-022  1.10472E-021  1.96028E-036  5.87359E-035  1.00000E-040  1.00000E-040  2.89524E-029  5.22711E-031  8.32427E-029  6.60093E-023  5.35036E-019  7.74193E-025  1.34553E-025  5.43774E-024  9.49618E-019  8.24570E-017  5.53354E-016  1.99545E-020  5.16364E-027  1.00000E-040  7.13003E-018  1.12030E-031  6.84254E-023  2.95260E-024  2.17166E-020  1.80380E-024  7.05005E-018  3.66549E-021  1.04603E-018  8.01883E-037  4.38881E-014  1.19170E-036  1.00000E-040  8.76677E-020  1.00000E-040  3.22995E-026  8.07885E-020  3.92738E-031  1.00000E-003  1.00000E-005  1.00000E-005  1.00000E-005  1.00000E-005  1.00000E-005  1.00000E-005  1.00000E-005  1.00000E-005  1.00000E-005  1.00000E-005  1.00000E-005  1.00000E-005  1.00000E-005  1.00000E-005  1.00000E-005  
5.65000E+001  4.91328E-004  1.33258E+016  2.67051E+002  1.74482E+005  1.00000E-040  1.00000E-040  1.00000E-040  1.00000E-040  1.00000E-040  1.00000E-040  1.00000E-040  1.00000E-040  1.00000E-040  1.00000E-040  1.00000E-040  1.00000E-040  1.00000E-040  1.00000E-040  1.39256E-023  1.00000E-040  1.00000E-040  4.32227E-009  1.69646E-006  1.41950E-005  6.17975E-009  1.43560E-008  2.11130E-004  1.76412E-008  2.82807E-004  4.10451E-018  4.22871E-014  3.11627E-027  3.83175E-022  1.06980E-019  1.74473E-015  1.84574E-010  4.46767E-020  1.95433E-031  1.00000E-040  1.00000E-040  1.57467E-039  2.49917E-020  2.60421E-019  1.00966E-016  7.07510E-015  1.48143E-030  1.00000E-040  2.35783E-024  1.36296E-022  1.67986E-012  1.91492E-013  9.99490E-001  9.82702E-020  1.53877E-021  2.33762E-019  1.00000E-040  9.57213E-031  8.16621E-023  1.41239E-021  1.63823E-010  1.00668E-015  3.94908E-010  1.55491E-017  1.86634E-013  5.92455E-011  7.68357E-011  5.65411E-013  5.25804E-017  1.91914E-016  3.44500E-013  2.04306E-014  2.42973E-014  1.34410E-030  5.21551E-031  1.84570E-036  1.48480E-032  5.88901E-036  3.21324E-024  1.69716E-019  2.02916E-013  2.81222E-022  7.49115E-022  2.02271E-036  1.00000E-040  1.00000E-040  1.00000E-040  2.65938E-029  7.03685E-031  7.76143E-029  4.53455E-023  6.82279E-019  1.06071E-024  1.60156E-025  5.91063E-024  9.24389E-019  7.27941E-017  4.54667E-016  1.69533E-020  5.47810E-027  1.00000E-040  8.51861E-018  1.19168E-031  4.63957E-023  2.33895E-024  1.49421E-020  1.34710E-024  4.63722E-018  4.25538E-021  1.33390E-018  5.76476E-037  4.38138E-014  2.32337E-038  1.00000E-040  9.39646E-020  1.00000E-040  2.88433E-026  6.53994E-020  3.85211E-031  1.00000E-003  1.00000E-005  1.00000E-005  1.00000E-005  1.00000E-005  1.00000E-005  1.00000E-005  1.00000E-005  1.00000E-005  1.00000E-005  1.00000E-005  1.00000E-005  1.00000E-005  1.00000E-005  1.00000E-005  1.00000E-005  
5.75000E+001  4.34761E-004  1.18811E+016  2.65039E+002  1.84483E+005  1.00000E-040  1.00000E-040  1.00000E-040  1.00000E-040  1.00000E-040  1.00000E-040  1.00000E-040  1.00000E-040  1.00000E-040  1.00000E-040  1.00000E-040  1.00000E-040  1.00000E-040  1.00000E-040  8.43140E-024  1.00000E-040  1.00000E-040  5.96537E-009  1.95014E-006  1.39248E-005  7.10908E-009  1.64217E-008  2.11255E-004  1.93653E-008  2.82753E-004  4.20394E-018  3.70918E-014  6.16450E-027  5.62305E-022  1.53327E-019  1.54380E-015  1.69024E-010  5.46485E-020  2.01641E-031  5.91000E-037  6.54583E-036  1.57124E-039  2.16865E-020  2.47401E-019  1.06507E-016  7.72384E-015  2.31978E-030  1.00000E-040  2.52481E-024  2.02411E-022  1.63912E-012  2.18952E-013  9.99490E-001  1.10217E-019  1.50441E-021  2.55585E-019  1.00000E-040  1.10796E-030  8.25310E-023  1.21844E-021  1.86243E-010  1.22035E-015  4.13663E-010  1.39975E-017  1.73729E-013  5.98601E-011  6.74749E-011  5.34114E-013  4.06073E-017  1.97130E-016  3.56143E-013  1.79420E-014  2.36175E-014  1.36124E-030  5.64615E-031  8.22240E-039  1.20060E-032  4.45595E-036  3.21239E-024  1.18941E-019  1.80305E-013  1.93087E-022  5.03986E-022  2.13463E-036  3.36844E-038  1.00000E-040  1.00000E-040  2.45874E-029  9.51441E-031  7.56361E-029  3.06526E-023  8.61541E-019  1.51341E-024  1.91852E-025  6.37084E-024  8.82593E-019  6.32652E-017  3.67155E-016  1.41606E-020  5.70191E-027  1.00000E-040  1.03110E-017  1.31908E-031  3.09161E-023  1.82776E-024  1.02286E-020  1.04227E-024  3.00480E-018  4.92843E-021  1.88159E-018  4.08128E-037  4.37430E-014  8.76511E-038  1.00000E-040  1.04333E-019  1.00000E-040  2.56472E-026  5.33952E-020  3.91970E-031  1.00000E-003  1.00000E-005  1.00000E-005  1.00000E-005  1.00000E-005  1.00000E-005  1.00000E-005  1.00000E-005  1.00000E-005  1.00000E-005  1.00000E-005  1.00000E-005  1.00000E-005  1.00000E-005  1.00000E-005  1.00000E-005  
5.85000E+001  3.84350E-004  1.05899E+016  2.62877E+002  1.94484E+005  1.00000E-040  1.00000E-040  1.00000E-040  1.00000E-040  1.00000E-040  1.00000E-040  1.00000E-040  1.00000E-040  1.00000E-040  1.00000E-040  1.00000E-040  1.00000E-040  1.00000E-040  1.00000E-040  4.98056E-024  1.00000E-040  1.00000E-040  8.23806E-009  2.23339E-006  1.36239E-005  8.17603E-009  1.89224E-008  2.11394E-004  2.16021E-008  2.82695E-004  4.34448E-018  3.26560E-014  1.21493E-026  8.23415E-022  2.22170E-019  1.35832E-015  1.55467E-010  6.66242E-020  2.02523E-031  1.00000E-040  1.00000E-040  1.56759E-039  1.83247E-020  2.30564E-019  1.11900E-016  8.40147E-015  3.64095E-030  1.00000E-040  2.73755E-024  2.97525E-022  1.59696E-012  2.50137E-013  9.99490E-001  1.28862E-019  1.46157E-021  2.76293E-019  1.00000E-040  1.34175E-030  8.71358E-023  1.11326E-021  2.11741E-010  1.46751E-015  4.30239E-010  1.26029E-017  1.63042E-013  6.01735E-011  5.93024E-011  4.96046E-013  3.06867E-017  2.02784E-016  3.68721E-013  1.55190E-014  2.29074E-014  1.38040E-030  6.16870E-031  1.00000E-040  9.71128E-033  3.33395E-036  3.21149E-024  8.27228E-020  1.59254E-013  1.31494E-022  3.36393E-022  2.23690E-036  2.17686E-038  1.00000E-040  1.00000E-040  2.29052E-029  1.28647E-030  7.79551E-029  2.03322E-023  1.07343E-018  2.21704E-024  2.31508E-025  6.78543E-024  8.26944E-019  5.38919E-017  2.90816E-016  1.16001E-020  5.81942E-027  1.00000E-040  1.27245E-017  1.53121E-031  2.02339E-023  1.41718E-024  7.01837E-021  8.46237E-025  1.91554E-018  5.69920E-021  2.86925E-018  2.82668E-037  4.36750E-014  6.66011E-038  1.00000E-040  1.18376E-019  1.00000E-040  2.26259E-026  4.39530E-020  4.16011E-031  1.00000E-003  1.00000E-005  1.00000E-005  1.00000E-005  1.00000E-005  1.00000E-005  1.00000E-005  1.00000E-005  1.00000E-005  1.00000E-005  1.00000E-005  1.00000E-005  1.00000E-005  1.00000E-005  1.00000E-005  1.00000E-005  
5.95000E+001  3.39418E-004  9.44444E+015  2.60301E+002  2.04485E+005  1.00000E-040  1.00000E-040  1.00000E-040  1.00000E-040  1.00000E-040  1.00000E-040  1.00000E-040  1.00000E-040  1.00000E-040  1.00000E-040  1.00000E-040  1.00000E-040  1.00000E-040  1.00000E-040  2.86320E-024  1.00000E-040  1.00000E-040  1.13491E-008  2.54783E-006  1.32903E-005  9.39142E-009  2.19736E-008  2.11550E-004  2.45715E-008  2.82632E-004  4.51528E-018  2.87510E-014  2.36348E-026  1.19953E-021  3.24052E-019  1.17837E-015  1.43560E-010  8.09100E-020  1.98219E-031  1.00000E-040  1.00000E-040  1.56370E-039  1.50867E-020  2.10557E-019  1.16973E-016  9.10731E-015  5.71379E-030  1.00000E-040  3.01782E-024  4.31543E-022  1.55342E-012  2.85729E-013  9.99490E-001  1.55874E-019  1.38998E-021  2.92151E-019  1.00000E-040  1.70237E-030  9.62835E-023  1.08073E-021  2.40741E-010  1.74766E-015  4.44176E-010  1.12716E-017  1.54378E-013  6.03352E-011  5.24534E-011  4.54597E-013  2.28723E-017  2.09203E-016  3.83516E-013  1.32850E-014  2.21675E-014  1.39212E-030  6.81056E-031  1.00000E-040  7.92261E-033  2.40590E-036  3.21053E-024  5.69797E-020  1.39145E-013  8.87668E-023  2.22192E-022  2.30847E-036  1.46615E-038  1.00000E-040  1.00000E-040  2.15988E-029  1.73599E-030  8.49457E-029  1.31449E-023  1.31383E-018  3.27941E-024  2.82118E-025  6.99369E-024  7.60950E-019  4.46569E-017  2.24971E-016  9.24061E-021  5.77272E-027  1.00000E-040  1.63069E-017  1.88201E-031  1.29800E-023  1.09204E-024  4.88634E-021  7.26883E-025  1.19938E-018  6.61184E-021  4.57095E-018  1.87267E-037  4.36090E-014  1.00000E-040  1.00000E-040  1.35451E-019  1.00000E-040  1.94511E-026  3.64735E-020  4.60802E-031  1.00000E-003  1.00000E-005  1.00000E-005  1.00000E-005  1.00000E-005  1.00000E-005  1.00000E-005  1.00000E-005  1.00000E-005  1.00000E-005  1.00000E-005  1.00000E-005  1.00000E-005  1.00000E-005  1.00000E-005  1.00000E-005  
6.05000E+001  2.99378E-004  8.41452E+015  2.57696E+002  2.14485E+005  1.73436E-040  1.00000E-040  1.00000E-040  1.00000E-040  1.00000E-040  1.00000E-040  1.00000E-040  1.00000E-040  1.00000E-040  1.00000E-040  1.00000E-040  1.00000E-040  1.00000E-040  1.00000E-040  1.61147E-024  1.00000E-040  1.00000E-040  1.56946E-008  2.89471E-006  1.29226E-005  1.07775E-008  2.57222E-008  2.11722E-004  2.85844E-008  2.82564E-004  4.78542E-018  2.55479E-014  4.57994E-026  1.73584E-021  4.72062E-019  1.01780E-015  1.33011E-010  9.80444E-020  1.90032E-031  3.06913E-037  3.37231E-036  1.55953E-039  1.21344E-020  1.89033E-019  1.22066E-016  9.84017E-015  8.87295E-030  1.00000E-040  3.38964E-024  6.17862E-022  1.50855E-012  3.26603E-013  9.99490E-001  1.94511E-019  1.31853E-021  3.07252E-019  1.00000E-040  2.25819E-030  1.10875E-022  1.10892E-021  2.73746E-010  2.06770E-015  4.55728E-010  1.01022E-017  1.47634E-013  6.02240E-011  4.62751E-011  4.09500E-013  1.66347E-017  2.15831E-016  3.98865E-013  1.11768E-014  2.13990E-014  1.38971E-030  7.48908E-031  2.90424E-039  6.42406E-033  1.72704E-036  3.20949E-024  3.89371E-020  1.20822E-013  6.01059E-023  1.46902E-022  2.31278E-036  1.03837E-038  1.00000E-040  1.00000E-040  2.04763E-029  2.31376E-030  9.77587E-029  8.33849E-024  1.57534E-018  4.85349E-024  3.45302E-025  7.18705E-024  6.88121E-019  3.61605E-017  1.70570E-016  7.23742E-021  5.64936E-027  1.00000E-040  2.11865E-017  2.41023E-031  8.23592E-024  8.62425E-025  3.50093E-021  6.51211E-025  7.38233E-019  7.63621E-021  7.39359E-018  1.21882E-037  4.35443E-014  2.31753E-038  1.00000E-040  1.53830E-019  1.00000E-040  1.67096E-026  3.05034E-020  5.30229E-031  1.00000E-003  1.00000E-005  1.00000E-005  1.00000E-005  1.00000E-005  1.00000E-005  1.00000E-005  1.00000E-005  1.00000E-005  1.00000E-005  1.00000E-005  1.00000E-005  1.00000E-005  1.00000E-005  1.00000E-005  1.00000E-005  
6.15000E+001  2.63726E-004  7.49224E+015  2.54952E+002  2.24486E+005  3.89497E-040  1.00000E-040  1.00000E-040  1.00000E-040  1.00000E-040  1.00000E-040  1.00000E-040  1.00000E-040  1.00000E-040  1.00000E-040  1.00000E-040  1.00000E-040  1.00000E-040  1.00000E-040  8.87160E-025  1.00000E-040  1.00000E-040  2.17583E-008  3.27503E-006  1.25194E-005  1.23454E-008  3.03532E-008  2.11910E-004  3.40720E-008  2.82490E-004  5.18968E-018  2.29158E-014  8.78615E-026  2.48667E-021  6.83089E-019  8.72154E-016  1.23580E-010  1.18521E-019  1.77701E-031  1.00000E-040  1.00000E-040  1.55505E-039  9.54585E-021  1.66824E-019  1.27168E-016  1.05980E-014  1.35753E-029  1.00000E-040  3.88954E-024  8.70196E-022  1.46244E-012  3.73916E-013  9.99490E-001  2.46598E-019  1.23960E-021  3.20150E-019  1.00000E-040  3.10564E-030  1.31914E-022  1.18221E-021  3.11346E-010  2.42926E-015  4.64588E-010  9.02789E-018  1.42782E-013  5.99016E-011  4.07966E-011  3.63290E-013  1.18416E-017  2.22500E-016  4.15357E-013  9.25419E-015  2.06040E-014  1.37119E-030  8.22019E-031  6.41801E-037  5.18762E-033  1.22105E-036  3.20837E-024  2.64081E-020  1.04108E-013  4.11740E-023  9.77698E-023  2.21388E-036  7.57180E-039  1.00000E-040  1.00000E-040  1.95460E-029  3.03285E-030  1.16592E-028  5.18244E-024  1.84297E-018  7.10547E-024  4.24258E-025  7.29693E-024  6.11971E-019  2.85465E-017  1.26585E-016  5.55806E-021  5.43963E-027  1.00000E-040  2.80463E-017  3.19776E-031  5.19760E-024  7.05767E-025  2.62238E-021  5.99214E-025  4.46596E-019  8.79245E-021  1.19200E-017  7.72330E-038  4.34804E-014  1.00000E-040  1.00000E-040  1.71644E-019  1.00000E-040  1.42324E-026  2.57030E-020  6.28467E-031  1.00000E-003  1.00000E-005  1.00000E-005  1.00000E-005  1.00000E-005  1.00000E-005  1.00000E-005  1.00000E-005  1.00000E-005  1.00000E-005  1.00000E-005  1.00000E-005  1.00000E-005  1.00000E-005  1.00000E-005  1.00000E-005  
6.25000E+001  2.31998E-004  6.66841E+015  2.51987E+002  2.34487E+005  8.78906E-040  1.00000E-040  1.00000E-040  1.00000E-040  1.00000E-040  1.00000E-040  1.00000E-040  1.00000E-040  1.00000E-040  1.00000E-040  1.00000E-040  1.00000E-040  1.00000E-040  1.00000E-040  4.78588E-025  1.00000E-040  1.00000E-040  3.02127E-008  3.68909E-006  1.20800E-005  1.41028E-008  3.61046E-008  2.12117E-004  4.16665E-008  2.82408E-004  5.79201E-018  2.07611E-014  1.66132E-025  3.51824E-021  9.77905E-019  7.39540E-016  1.15079E-010  1.42904E-019  1.62717E-031  1.00000E-040  1.00000E-040  1.55024E-039  7.35896E-021  1.44781E-019  1.32290E-016  1.13773E-014  2.03998E-029  1.00000E-040  4.57107E-024  1.20232E-021  1.41526E-012  4.29158E-013  9.99490E-001  3.12958E-019  1.14886E-021  3.29319E-019  1.00000E-040  4.38251E-030  1.60408E-022  1.28585E-021  3.54214E-010  2.83363E-015  4.70592E-010  7.96671E-018  1.39882E-013  5.94203E-011  3.60000E-011  3.18032E-013  8.27495E-018  2.28908E-016  4.33540E-013  7.55286E-015  1.97860E-014  1.34304E-030  9.07304E-031  1.47313E-034  4.17913E-033  8.43080E-037  3.20717E-024  1.77923E-020  8.88982E-014  2.88788E-023  6.60882E-023  1.89044E-036  5.57999E-039  1.00000E-040  1.00000E-040  1.88012E-029  3.89777E-030  1.41301E-028  3.15562E-024  2.09767E-018  1.02169E-023  5.23335E-025  7.26375E-024  5.35849E-019  2.19396E-017  9.18425E-017  4.17922E-021  5.13342E-027  1.00000E-040  3.75605E-017  4.35750E-031  3.29132E-024  6.02839E-025  2.07751E-021  5.56863E-025  2.65625E-019  1.01008E-020  1.89599E-017  4.72805E-038  4.34166E-014  3.25543E-038  1.00000E-040  1.86975E-019  1.00000E-040  1.19448E-026  2.18180E-020  7.59592E-031  1.00000E-003  1.00000E-005  1.00000E-005  1.00000E-005  1.00000E-005  1.00000E-005  1.00000E-005  1.00000E-005  1.00000E-005  1.00000E-005  1.00000E-005  1.00000E-005  1.00000E-005  1.00000E-005  1.00000E-005  1.00000E-005  
6.35000E+001  2.03783E-004  5.92794E+015  2.48989E+002  2.44487E+005  1.99514E-039  1.00000E-040  1.00000E-040  1.00000E-040  1.00000E-040  1.00000E-040  1.00000E-040  1.00000E-040  1.00000E-040  1.00000E-040  1.00000E-040  1.00000E-040  1.00000E-040  1.00000E-040  2.54702E-025  1.00000E-040  1.00000E-040  4.21387E-008  4.13644E-006  1.16043E-005  1.60599E-008  4.32814E-008  2.12340E-004  5.23719E-008  2.82316E-004  6.74339E-018  1.90982E-014  3.11159E-025  4.91579E-021  1.37839E-018  6.23852E-016  1.07349E-010  1.71994E-019  1.45799E-031  1.00000E-040  1.00000E-040  1.54504E-039  5.56695E-021  1.23741E-019  1.37715E-016  1.21743E-014  2.99345E-029  1.00000E-040  5.51619E-024  1.62958E-021  1.36721E-012  4.94337E-013  9.99489E-001  3.94481E-019  1.05964E-021  3.37317E-019  1.00000E-040  6.28515E-030  1.97175E-022  1.40675E-021  4.03146E-010  3.28668E-015  4.73632E-010  6.93459E-018  1.39076E-013  5.86767E-011  3.16310E-011  2.74122E-013  5.64207E-018  2.34253E-016  4.52506E-013  6.05066E-015  1.89494E-014  1.25947E-030  9.57172E-031  2.73992E-036  3.32727E-033  5.77731E-037  3.20587E-024  1.19381E-020  7.54507E-014  2.10753E-023  4.60018E-023  1.22268E-036  4.13801E-039  1.00000E-040  1.00000E-040  1.81480E-029  4.88186E-030  1.71865E-028  1.89464E-024  2.31971E-018  1.43921E-023  6.47170E-025  7.19408E-024  4.61991E-019  1.64840E-017  6.52852E-017  3.09790E-021  4.78889E-027  1.00000E-040  4.97074E-017  5.99214E-031  2.11683E-024  5.41006E-025  1.74025E-021  5.12696E-025  1.55496E-019  1.15229E-020  2.96489E-017  2.83466E-038  4.33523E-014  5.29406E-038  1.00000E-040  1.97536E-019  1.00000E-040  1.00039E-026  1.86523E-020  9.27037E-031  1.00000E-003  1.00000E-005  1.00000E-005  1.00000E-005  1.00000E-005  1.00000E-005  1.00000E-005  1.00000E-005  1.00000E-005  1.00000E-005  1.00000E-005  1.00000E-005  1.00000E-005  1.00000E-005  1.00000E-005  1.00000E-005  
6.45000E+001  1.78724E-004  5.26273E+015  2.45974E+002  2.54488E+005  4.55726E-039  1.00000E-040  1.00000E-040  1.00000E-040  1.00000E-040  1.00000E-040  1.00000E-040  1.00000E-040  1.00000E-040  1.00000E-040  1.00000E-040  1.00000E-040  1.00000E-040  1.00000E-040  1.34461E-025  1.00000E-040  1.00000E-040  5.90482E-008  4.61593E-006  1.10925E-005  1.82139E-008  5.22793E-008  2.12582E-004  6.78812E-008  2.82213E-004  8.27884E-018  1.78623E-014  5.77783E-025  6.78628E-021  1.90773E-018  5.23899E-016  1.00262E-010  2.06668E-019  1.27902E-031  1.00000E-040  1.00000E-040  1.53941E-039  4.13969E-021  1.04218E-019  1.43628E-016  1.29845E-014  4.27853E-029  1.00000E-040  6.86398E-024  2.16551E-021  1.31852E-012  5.72164E-013  9.99489E-001  4.90335E-019  9.73944E-022  3.44783E-019  1.00000E-040  9.08283E-030  2.42762E-022  1.53361E-021  4.59094E-010  3.79212E-015  4.73520E-010  5.92601E-018  1.40599E-013  5.76298E-011  2.76473E-011  2.32684E-013  3.74978E-018  2.37837E-016  4.72201E-013  4.75044E-015  1.80986E-014  1.24642E-030  1.07324E-030  1.26455E-038  2.61050E-033  3.94272E-037  3.20445E-024  7.99680E-021  6.37207E-014  1.61802E-023  3.33016E-023  4.93435E-039  1.01994E-039  1.00000E-040  1.00000E-040  1.75564E-029  5.94360E-030  2.07748E-028  1.12762E-024  2.49033E-018  1.98258E-023  8.05191E-025  7.09366E-024  3.92423E-019  1.21317E-017  4.54973E-017  2.26881E-021  4.42575E-027  1.00000E-040  6.39569E-017  8.22760E-031  1.39523E-024  5.04234E-025  1.52403E-021  4.62731E-025  8.96672E-020  1.30325E-020  4.55271E-017  1.66900E-038  4.32869E-014  1.00000E-040  1.00000E-040  2.01812E-019  1.00000E-040  8.36825E-027  1.60558E-020  1.13287E-030  1.00000E-003  1.00000E-005  1.00000E-005  1.00000E-005  1.00000E-005  1.00000E-005  1.00000E-005  1.00000E-005  1.00000E-005  1.00000E-005  1.00000E-005  1.00000E-005  1.00000E-005  1.00000E-005  1.00000E-005  1.00000E-005  
6.55000E+001  1.56500E-004  4.66518E+015  2.42976E+002  2.64488E+005  1.04774E-038  1.00000E-040  1.00000E-040  1.00000E-040  1.00000E-040  1.00000E-040  1.00000E-040  1.00000E-040  1.00000E-040  1.00000E-040  1.00000E-040  1.00000E-040  1.00000E-040  1.00000E-040  7.10268E-026  1.00000E-040  1.00000E-040  8.31738E-008  5.12539E-006  1.05456E-005  2.05474E-008  6.36306E-008  2.12843E-004  9.12040E-008  2.82094E-004  1.08488E-017  1.69929E-014  1.06675E-024  9.27483E-021  2.58750E-018  4.38346E-016  9.37191E-011  2.47983E-019  1.10234E-031  7.03518E-037  7.59405E-036  1.53329E-039  3.03196E-021  8.65561E-020  1.50305E-016  1.38035E-014  5.94388E-029  1.13152E-040  8.85267E-024  2.82273E-021  1.26944E-012  6.66440E-013  9.99489E-001  5.98629E-019  8.93164E-022  3.52214E-019  1.00000E-040  1.31417E-029  2.97281E-022  1.65833E-021  5.23188E-010  4.35342E-015  4.70075E-010  4.97447E-018  1.44799E-013  5.62245E-011  2.40142E-011  1.94465E-013  2.42598E-018  2.39043E-016  4.92502E-013  3.64931E-015  1.72385E-014  1.19527E-030  1.17932E-030  1.00000E-040  2.01100E-033  2.68782E-037  3.20291E-024  5.36144E-021  5.35805E-014  1.31205E-023  2.52119E-023  1.00000E-040  1.00000E-040  1.00000E-040  1.00000E-040  1.69958E-029  7.02071E-030  2.48285E-028  6.70408E-025  2.59522E-018  2.67050E-023  1.01469E-024  6.97895E-024  3.28561E-019  8.75873E-018  3.10763E-017  1.64584E-021  4.05794E-027  1.00000E-040  7.92358E-017  1.11746E-030  9.46235E-025  4.80199E-025  1.37158E-021  4.06659E-025  5.09533E-020  1.45782E-020  6.86816E-017  9.66744E-039  4.32198E-014  3.25393E-038  1.00000E-040  1.99082E-019  1.00000E-040  7.00612E-027  1.39127E-020  1.37660E-030  1.00000E-003  1.00000E-005  1.00000E-005  1.00000E-005  1.00000E-005  1.00000E-005  1.00000E-005  1.00000E-005  1.00000E-005  1.00000E-005  1.00000E-005  1.00000E-005  1.00000E-005  1.00000E-005  1.00000E-005  1.00000E-005  
6.65000E+001  1.36818E-004  4.13002E+015  2.39943E+002  2.74489E+005  2.42432E-038  1.00000E-040  1.00000E-040  1.00000E-040  1.00000E-040  1.00000E-040  1.00000E-040  1.00000E-040  1.00000E-040  1.00000E-040  1.00000E-040  1.00000E-040  1.00000E-040  1.00000E-040  3.80475E-026  1.00000E-040  1.00000E-040  1.17723E-007  5.66134E-006  9.96552E-006  2.30237E-008  7.80618E-008  2.13124E-004  1.27847E-007  2.81954E-004  1.53379E-017  1.64128E-014  1.96188E-024  1.25864E-020  3.43706E-018  3.64864E-016  8.76397E-011  2.97117E-019  9.27004E-032  1.00000E-040  1.00000E-040  1.52664E-039  2.19427E-021  7.09286E-020  1.57988E-016  1.46263E-014  8.02352E-029  1.37924E-040  1.18904E-023  3.61112E-021  1.22023E-012  7.82354E-013  9.99489E-001  7.15935E-019  8.14562E-022  3.58845E-019  2.30873E-037  1.89451E-029  3.60285E-022  1.77678E-021  5.96768E-010  4.97255E-015  4.63303E-010  4.10739E-018  1.52154E-013  5.44520E-011  2.07614E-011  1.60201E-013  1.53053E-018  2.37511E-016  5.13841E-013  2.74345E-015  1.63738E-014  1.12055E-030  1.27097E-030  1.00000E-040  1.52076E-033  1.82248E-037  3.20123E-024  3.60708E-021  4.48300E-014  1.11951E-023  1.99689E-023  1.00000E-040  1.00000E-040  6.14999E-033  1.56059E-033  1.64637E-029  8.04512E-030  2.92592E-028  4.02206E-025  2.62656E-018  3.51883E-023  1.30869E-024  6.81313E-024  2.71457E-019  6.20318E-018  2.07711E-017  1.18257E-021  3.67851E-027  1.61504E-037  9.42881E-017  1.49459E-030  6.59784E-025  4.58679E-025  1.24807E-021  3.47583E-025  2.85351E-020  1.61147E-020  1.01880E-016  5.48273E-039  4.31503E-014  1.00000E-040  2.98305E-034  1.89754E-019  1.00000E-040  5.84636E-027  1.21339E-020  1.65323E-030  1.00000E-003  1.00000E-005  1.00000E-005  1.00000E-005  1.00000E-005  1.00000E-005  1.00000E-005  1.00000E-005  1.00000E-005  1.00000E-005  1.00000E-005  1.00000E-005  1.00000E-005  1.00000E-005  1.00000E-005  1.00000E-005  
6.75000E+001  1.19410E-004  3.65123E+015  2.36875E+002  2.84489E+005  5.64675E-038  1.00000E-040  1.00000E-040  1.00000E-040  1.00000E-040  1.00000E-040  1.00000E-040  1.00000E-040  1.00000E-040  1.00000E-040  1.00000E-040  1.00000E-040  1.00000E-040  1.00000E-040  2.11574E-026  1.00000E-040  1.00000E-040  1.67593E-007  6.21866E-006  9.35483E-006  2.55939E-008  9.65680E-008  2.13427E-004  1.88014E-007  2.81779E-004  2.36191E-017  1.60677E-014  3.61305E-024  1.70340E-020  4.46801E-018  3.02203E-016  8.19624E-011  3.55512E-019  7.67084E-032  4.56229E-038  4.63983E-037  1.51937E-039  1.57426E-021  5.73739E-020  1.67009E-016  1.54482E-014  1.05139E-028  1.62594E-040  1.66635E-023  4.54106E-021  1.17116E-012  9.26961E-013  9.99489E-001  8.39009E-019  7.38965E-022  3.65035E-019  8.71758E-037  2.71068E-029  4.30393E-022  1.88919E-021  6.81429E-010  5.65444E-015  4.53355E-010  3.35849E-018  1.63310E-013  5.22836E-011  1.78655E-011  1.30067E-013  9.41291E-019  2.32999E-016  5.36340E-013  2.01604E-015  1.55088E-014  1.04776E-030  1.35173E-030  1.00000E-040  1.12571E-033  1.23280E-037  3.19938E-024  2.44280E-021  3.73427E-014  9.96984E-024  1.64923E-023  1.00000E-040  1.00000E-040  3.08516E-032  1.22331E-032  1.59379E-029  8.93206E-030  3.40186E-028  2.47501E-025  2.58405E-018  4.54238E-023  1.74419E-024  6.59252E-024  2.21438E-019  4.31434E-018  1.35714E-017  8.42668E-022  3.29378E-027  1.09149E-036  1.07941E-016  1.95853E-030  4.70660E-025  4.34031E-025  1.13368E-021  2.88905E-025  1.57469E-020  1.75669E-020  1.48824E-016  3.05096E-039  4.30779E-014  4.32897E-039  1.94064E-033  1.74820E-019  1.00000E-040  4.86272E-027  1.06495E-020  1.94992E-030  1.00000E-003  1.00000E-005  1.00000E-005  1.00000E-005  1.00000E-005  1.00000E-005  1.00000E-005  1.00000E-005  1.00000E-005  1.00000E-005  1.00000E-005  1.00000E-005  1.00000E-005  1.00000E-005  1.00000E-005  1.00000E-005  
6.85000E+001  1.04038E-004  3.22206E+015  2.33871E+002  2.94489E+005  1.32473E-037  1.00000E-040  1.00000E-040  1.00000E-040  1.00000E-040  1.00000E-040  1.00000E-040  1.00000E-040  1.00000E-040  1.00000E-040  1.00000E-040  1.00000E-040  1.00000E-040  1.00000E-040  1.26250E-026  1.00000E-040  1.00000E-040  2.40674E-007  6.79032E-006  8.71655E-006  2.82065E-008  1.20470E-007  2.13761E-004  2.90595E-007  2.81551E-004  3.97960E-017  1.59191E-014  6.72963E-024  2.31210E-020  5.67356E-018  2.49943E-016  7.66366E-011  4.25068E-019  6.21898E-032  4.03923E-037  4.20848E-036  1.51143E-039  1.12150E-021  4.58107E-020  1.77860E-016  1.62652E-014  1.33404E-028  1.84591E-040  2.43096E-023  5.62873E-021  1.12248E-012  1.10975E-012  9.99488E-001  9.66990E-019  6.71280E-022  3.73110E-019  1.67181E-036  3.83346E-029  5.04515E-022  2.00085E-021  7.79125E-010  6.41143E-015  4.40357E-010  2.74911E-018  1.79121E-013  4.96894E-011  1.52414E-011  1.03802E-013  5.61910E-019  2.25408E-016  5.59459E-013  1.44363E-015  1.46469E-014  9.58503E-031  1.42631E-030  1.00000E-040  8.08761E-034  1.04398E-037  3.19735E-024  1.67135E-021  3.10644E-014  9.18961E-024  1.41214E-023  1.00000E-040  1.00000E-040  9.02890E-032  4.93267E-032  1.53585E-029  9.57145E-030  3.91738E-028  1.59925E-025  2.47442E-018  5.75820E-023  2.41366E-024  6.37262E-024  1.78182E-019  2.95700E-018  8.67583E-018  5.97749E-022  2.92802E-027  4.21140E-036  1.19386E-016  2.49214E-030  3.40726E-025  4.05369E-025  1.01848E-021  2.33346E-025  8.56034E-021  1.88037E-020  2.14550E-016  9.90269E-039  4.30017E-014  1.00000E-040  6.54851E-033  1.55470E-019  1.00000E-040  4.06677E-027  9.40406E-021  2.24050E-030  1.00000E-003  1.00000E-005  1.00000E-005  1.00000E-005  1.00000E-005  1.00000E-005  1.00000E-005  1.00000E-005  1.00000E-005  1.00000E-005  1.00000E-005  1.00000E-005  1.00000E-005  1.00000E-005  1.00000E-005  1.00000E-005  
6.95000E+001  9.04868E-005  2.83924E+015  2.30834E+002  3.04490E+005  3.12910E-037  1.00000E-040  1.00000E-040  1.00000E-040  1.00000E-040  1.00000E-040  1.00000E-040  1.00000E-040  1.00000E-040  1.00000E-040  1.00000E-040  1.00000E-040  1.00000E-040  1.00000E-040  8.34295E-027  1.00000E-040  1.00000E-040  3.49773E-007  7.36688E-006  8.05362E-006  3.09886E-008  1.50804E-007  2.14140E-004  4.70069E-007  2.81233E-004  7.28002E-017  1.58312E-014  1.27979E-023  3.16495E-020  7.03312E-018  2.07902E-016  7.16228E-011  5.07445E-019  4.89717E-032  1.00000E-040  1.00000E-040  1.50272E-039  7.93120E-022  3.59856E-020  1.89633E-016  1.70749E-014  1.64703E-028  2.01852E-040  3.67049E-023  6.88743E-021  1.07443E-012  1.33516E-012  9.99488E-001  1.10547E-018  6.13555E-022  3.83815E-019  1.00000E-040  5.31491E-029  5.76082E-022  2.12940E-021  8.92232E-010  7.29796E-015  4.25589E-010  2.26694E-018  2.00714E-013  4.70196E-011  1.28218E-011  8.14816E-014  3.26092E-019  2.15184E-016  5.84079E-013  1.01184E-015  1.37905E-014  8.63873E-031  1.50642E-030  3.84732E-038  5.62792E-034  2.21386E-036  3.19512E-024  1.16023E-021  2.59585E-014  8.71559E-024  1.25128E-023  7.67827E-038  7.31041E-040  1.00000E-040  1.00000E-040  1.46332E-029  9.85404E-030  4.51799E-028  1.11917E-025  2.31400E-018  7.17811E-023  3.47490E-024  6.09587E-024  1.40938E-019  2.01392E-018  5.47311E-018  4.22222E-022  2.56832E-027  1.00000E-040  1.28307E-016  3.08545E-030  2.51363E-025  3.73577E-025  9.00849E-022  1.86095E-025  4.61691E-021  1.98818E-020  3.05531E-016  4.10553E-035  4.29212E-014  2.72179E-039  1.00000E-040  1.33438E-019  1.00000E-040  3.42541E-027  8.35386E-021  2.47719E-030  1.00000E-003  1.00000E-005  1.00000E-005  1.00000E-005  1.00000E-005  1.00000E-005  1.00000E-005  1.00000E-005  1.00000E-005  1.00000E-005  1.00000E-005  1.00000E-005  1.00000E-005  1.00000E-005  1.00000E-005  1.00000E-005  
7.05000E+001  7.85573E-005  2.49820E+015  2.27759E+002  3.14490E+005  7.44325E-037  1.00000E-040  1.00000E-040  1.00000E-040  1.00000E-040  1.00000E-040  1.00000E-040  1.00000E-040  1.00000E-040  1.00000E-040  1.00000E-040  1.00000E-040  1.00000E-040  1.00000E-040  6.20419E-027  1.00000E-040  1.00000E-040  5.22114E-007  7.93522E-006  7.36500E-006  3.46919E-008  1.86726E-007  2.14595E-004  7.89446E-007  2.80761E-004  1.43839E-016  1.55193E-014  2.64310E-023  4.41249E-020  8.49007E-018  1.78139E-016  6.68923E-011  6.03752E-019  3.75444E-032  1.00000E-040  1.00000E-040  1.49315E-039  5.47103E-022  2.73348E-020  1.98121E-016  1.78793E-014  1.99779E-028  2.11294E-040  5.69406E-023  8.34029E-021  1.02723E-012  1.58180E-012  9.99488E-001  1.27992E-018  5.80493E-022  4.03427E-019  4.86089E-035  7.07245E-029  6.27765E-022  2.30884E-021  1.02363E-009  8.50379E-015  4.11688E-010  1.91497E-018  2.29564E-013  4.49130E-011  1.03573E-011  6.24667E-014  1.81049E-019  2.02226E-016  6.10433E-013  6.97108E-016  1.29414E-014  7.53650E-031  1.56826E-030  1.81019E-035  3.74639E-034  2.23887E-038  3.19265E-024  8.21878E-022  2.19139E-014  8.44388E-024  1.14505E-023  8.33944E-037  3.63659E-040  1.00000E-040  1.00000E-040  1.34888E-029  9.56306E-030  5.36494E-028  8.84179E-026  2.11942E-018  8.81841E-023  5.17403E-024  5.79964E-024  1.07349E-019  1.37349E-018  3.45832E-018  2.95760E-022  2.23354E-027  1.00000E-040  1.34672E-016  3.72351E-030  1.91809E-025  3.44993E-025  7.75362E-022  1.50872E-025  2.50192E-021  2.11584E-020  4.30437E-016  1.00000E-040  4.28354E-014  1.30189E-037  1.00000E-040  1.09531E-019  1.00000E-040  2.98932E-027  7.46559E-021  2.58011E-030  1.00000E-003  1.00000E-005  1.00000E-005  1.00000E-005  1.00000E-005  1.00000E-005  1.00000E-005  1.00000E-005  1.00000E-005  1.00000E-005  1.00000E-005  1.00000E-005  1.00000E-005  1.00000E-005  1.00000E-005  1.00000E-005  
7.15000E+001  6.80754E-005  2.19303E+015  2.24834E+002  3.24490E+005  1.78469E-036  1.00000E-040  1.00000E-040  1.00000E-040  1.00000E-040  1.00000E-040  1.00000E-040  1.00000E-040  1.00000E-040  1.00000E-040  1.00000E-040  1.00000E-040  1.00000E-040  1.00000E-040  5.14230E-027  1.00000E-040  1.00000E-040  8.28844E-007  8.47618E-006  6.63358E-006  3.96933E-008  2.35556E-007  2.15191E-004  1.36895E-006  2.80012E-004  3.10684E-016  1.48582E-014  8.60035E-023  6.37758E-020  9.84180E-018  1.52749E-016  6.24261E-011  7.16465E-019  2.60252E-032  1.00000E-040  1.00000E-040  1.48260E-039  3.57080E-022  1.93580E-020  2.02866E-016  1.86809E-014  2.27354E-028  1.99891E-040  9.03197E-023  1.00352E-020  9.81086E-013  1.85186E-012  9.99487E-001  1.48164E-018  5.72539E-022  4.47622E-019  7.15235E-034  8.46433E-029  6.11997E-022  2.47128E-021  1.17668E-009  1.01200E-014  3.98189E-010  1.65696E-018  2.67624E-013  4.23523E-011  7.98520E-012  4.51194E-014  9.08766E-020  1.83333E-016  6.37007E-013  4.53290E-016  1.21006E-014  6.45747E-031  1.61928E-030  2.73086E-035  2.32816E-034  3.19107E-038  3.18991E-024  6.00891E-022  1.78683E-014  8.04564E-024  1.04514E-023  1.00000E-040  1.00000E-040  3.13769E-032  2.94302E-032  1.21351E-029  8.34728E-030  6.32952E-028  7.64108E-026  1.83762E-018  1.07120E-022  7.75270E-024  5.66500E-024  7.57842E-020  8.65628E-019  2.02850E-018  1.93379E-022  1.97615E-027  3.44963E-036  1.38545E-016  4.08617E-030  1.41379E-025  3.03327E-025  6.10616E-022  1.15928E-025  1.27236E-021  2.23992E-020  6.01528E-016  2.99426E-040  4.27434E-014  1.00000E-040  1.90077E-033  8.36321E-020  1.00000E-040  2.75355E-027  6.71656E-021  2.43826E-030  1.00000E-003  1.00000E-005  1.00000E-005  1.00000E-005  1.00000E-005  1.00000E-005  1.00000E-005  1.00000E-005  1.00000E-005  1.00000E-005  1.00000E-005  1.00000E-005  1.00000E-005  1.00000E-005  1.00000E-005  1.00000E-005  
7.25000E+001  5.88849E-005  1.92152E+015  2.21960E+002  3.34491E+005  4.31083E-036  1.00000E-040  1.00000E-040  1.00000E-040  1.00000E-040  1.00000E-040  1.00000E-040  1.00000E-040  1.00000E-040  1.00000E-040  1.00000E-040  1.00000E-040  1.00000E-040  1.00000E-040  4.63781E-027  1.00000E-040  1.00000E-040  1.42240E-006  8.95698E-006  5.82003E-006  3.53349E-008  4.37844E-007  2.15998E-004  2.44012E-006  2.78753E-004  7.18459E-016  1.57185E-014  7.65354E-022  9.33091E-020  1.02071E-017  8.32089E-017  5.82140E-011  8.69585E-019  2.02346E-032  4.52793E-035  4.12814E-034  1.47097E-039  2.44911E-022  1.33957E-020  2.67439E-016  1.94223E-014  1.63969E-028  1.25518E-040  1.46600E-022  1.20139E-020  9.36173E-013  2.96480E-012  9.99486E-001  1.37829E-018  4.11445E-022  5.23690E-019  2.48993E-034  7.53714E-029  4.42465E-022  1.95016E-021  1.35449E-009  9.81342E-015  3.62373E-010  1.26539E-018  3.17468E-013  3.11572E-011  8.36033E-012  2.82968E-014  4.37021E-020  1.51401E-016  6.63205E-013  2.27045E-016  1.12682E-014  5.82188E-031  1.56838E-030  1.61449E-035  1.42484E-034  1.64594E-038  3.18687E-024  4.67819E-022  1.15518E-014  6.59559E-024  8.33791E-024  1.00000E-040  1.00000E-040  1.20489E-031  1.73021E-031  1.50366E-029  6.17879E-030  4.47054E-028  4.44864E-026  1.25134E-018  1.28820E-022  1.03901E-023  5.40862E-024  5.43342E-020  3.44525E-019  6.66727E-019  9.45930E-023  1.70476E-027  1.47380E-035  1.40063E-016  2.58358E-030  6.07400E-026  1.44320E-025  3.55137E-022  4.33692E-026  3.67707E-022  1.73422E-020  8.34518E-016  1.00000E-040  4.26445E-014  1.00000E-040  7.17617E-033  5.84008E-020  1.00000E-040  1.87479E-027  6.09276E-021  1.97095E-030  1.00000E-003  1.00000E-005  1.00000E-005  1.00000E-005  1.00000E-005  1.00000E-005  1.00000E-005  1.00000E-005  1.00000E-005  1.00000E-005  1.00000E-005  1.00000E-005  1.00000E-005  1.00000E-005  1.00000E-005  1.00000E-005  
7.35000E+001  5.08406E-005  1.68100E+015  2.19058E+002  3.44491E+005  1.04866E-035  1.00000E-040  1.00000E-040  1.00000E-040  1.00000E-040  1.00000E-040  1.00000E-040  1.00000E-040  1.00000E-040  1.00000E-040  1.00000E-040  1.00000E-040  1.00000E-040  1.00000E-040  4.43665E-027  1.00000E-040  1.00000E-040  2.34897E-006  9.32523E-006  4.95808E-006  1.33466E-008  1.83457E-006  2.16596E-004  4.23248E-006  2.76751E-004  1.41654E-015  1.89879E-014  1.00942E-020  1.08305E-019  7.35304E-018  1.78995E-017  5.42180E-011  1.22939E-018  4.40422E-033  1.00000E-040  1.00000E-040  1.45810E-039  1.84233E-022  9.90248E-021  8.12356E-016  1.96737E-014  6.81703E-029  1.00000E-040  2.43413E-022  1.43402E-020  8.92702E-013  1.74477E-011  9.99484E-001  1.80406E-018  1.44378E-022  5.92845E-019  1.86834E-034  3.32778E-029  1.58386E-022  5.88442E-022  1.55309E-009  4.90503E-015  2.44859E-010  8.22989E-019  3.82436E-013  1.29725E-011  2.01919E-011  1.43582E-014  3.91117E-020  1.14289E-016  6.75477E-013  7.00207E-017  1.04449E-014  5.70634E-031  1.41057E-030  1.00000E-040  8.26413E-035  4.25765E-039  3.18346E-024  4.00314E-022  7.07987E-015  3.04863E-024  3.62527E-024  1.00000E-040  1.00000E-040  2.59662E-032  4.75568E-032  4.04724E-029  3.83990E-030  7.90586E-029  6.04458E-027  5.14034E-019  1.53560E-022  8.40758E-024  3.91032E-024  4.65829E-020  8.79037E-020  8.54945E-020  5.19685E-023  1.12377E-027  3.71135E-036  1.40058E-016  3.43855E-031  6.56724E-027  1.89091E-026  1.35324E-022  1.96628E-027  3.78703E-023  4.77625E-021  1.14813E-015  1.00000E-040  4.25381E-014  1.00000E-040  1.26701E-033  4.08170E-020  6.69906E-040  5.45063E-028  5.56329E-021  1.30697E-030  1.00000E-003  1.00000E-005  1.00000E-005  1.00000E-005  1.00000E-005  1.00000E-005  1.00000E-005  1.00000E-005  1.00000E-005  1.00000E-005  1.00000E-005  1.00000E-005  1.00000E-005  1.00000E-005  1.00000E-005  1.00000E-005  
7.45000E+001  4.38154E-005  1.46622E+015  2.16444E+002  3.54491E+005  2.57281E-035  1.00000E-040  1.00000E-040  1.00000E-040  1.00000E-040  1.00000E-040  1.00000E-040  1.00000E-040  1.00000E-040  1.00000E-040  1.00000E-040  1.00000E-040  1.00000E-040  1.00000E-040  4.33647E-027  1.00000E-040  1.00072E-040  3.36461E-006  9.56929E-006  4.16942E-006  4.44770E-009  6.65495E-006  2.15669E-004  6.50211E-006  2.74248E-004  1.89585E-015  1.40079E-014  1.09340E-019  9.86328E-020  3.89939E-018  5.33034E-018  5.03738E-011  2.18645E-018  1.88194E-033  2.05544E-035  1.40505E-034  1.44385E-039  9.91547E-023  5.65682E-021  2.56481E-015  1.86833E-014  2.73157E-028  1.00000E-040  4.01934E-022  1.71849E-020  8.50886E-013  2.05699E-010  9.99480E-001  7.06864E-018  6.71110E-023  6.05998E-019  5.71214E-034  7.31268E-030  2.81492E-023  1.39289E-022  1.68706E-009  2.04213E-015  1.29263E-010  8.81796E-019  4.66833E-013  4.50766E-012  4.73421E-011  8.68346E-015  4.69661E-020  9.53837E-017  6.31854E-013  1.90105E-017  9.63109E-015  5.25744E-031  1.31862E-030  1.00000E-040  4.28882E-035  1.48093E-039  3.17961E-024  3.53493E-022  5.15592E-015  6.93771E-025  6.57522E-025  1.00000E-040  1.00000E-040  1.12013E-032  1.59221E-032  9.74715E-029  2.53281E-030  1.16845E-029  5.76613E-028  2.05019E-019  1.81952E-022  4.42106E-024  1.95669E-024  3.01012E-020  2.81373E-020  1.29417E-020  7.40285E-023  5.10303E-028  1.84735E-036  1.39783E-016  1.98039E-032  7.00605E-028  2.34228E-027  4.77188E-023  5.70696E-029  5.27988E-024  8.87267E-022  1.56126E-015  1.00000E-040  4.24245E-014  2.25331E-033  7.23395E-034  3.14584E-020  3.76881E-036  1.61208E-028  5.08054E-021  7.81499E-031  1.00000E-003  1.00000E-005  1.00000E-005  1.00000E-005  1.00000E-005  1.00000E-005  1.00000E-005  1.00000E-005  1.00000E-005  1.00000E-005  1.00000E-005  1.00000E-005  1.00000E-005  1.00000E-005  1.00000E-005  1.00000E-005  
7.55000E+001  3.76984E-005  1.27505E+015  2.14148E+002  3.64489E+005  6.36309E-035  1.00000E-040  1.00000E-040  1.00000E-040  1.00000E-040  1.00000E-040  1.00000E-040  1.00000E-040  1.00000E-040  1.00000E-040  1.00000E-040  1.00000E-040  1.00000E-040  1.00000E-040  4.24342E-027  1.00000E-040  1.00378E-040  4.34259E-006  9.72980E-006  3.48141E-006  2.04429E-009  1.61163E-005  2.12508E-004  9.06885E-006  2.71422E-004  1.96203E-015  8.83158E-015  9.00527E-019  9.48315E-020  2.23833E-018  2.56827E-018  4.66651E-011  3.91274E-018  6.20799E-034  1.00000E-040  4.01625E-036  1.42802E-039  4.64897E-023  2.85696E-021  5.27263E-015  1.67072E-014  1.90376E-027  1.11650E-040  6.22208E-022  2.07475E-020  8.10953E-013  1.70876E-009  9.99473E-001  2.73304E-017  5.06860E-023  5.75364E-019  1.73546E-033  1.20225E-030  3.73596E-024  5.15284E-023  1.47270E-009  8.56143E-016  7.05597E-011  1.16683E-018  5.75492E-013  1.50035E-012  8.01846E-011  6.72856E-015  5.23386E-020  9.06604E-017  5.37679E-013  5.27377E-018  8.82701E-015  4.49973E-031  1.25840E-030  3.79163E-039  2.33627E-035  8.29382E-040  3.17530E-024  3.13316E-022  4.01733E-015  2.22507E-025  1.33546E-025  1.00000E-040  1.00000E-040  1.00000E-040  1.00000E-040  1.63423E-028  2.01678E-030  2.52881E-030  1.08198E-028  1.08359E-019  2.14459E-022  2.58974E-024  8.74486E-025  1.62425E-020  1.22223E-020  3.64348E-021  1.41872E-022  2.04356E-028  1.00000E-040  1.39514E-016  1.15828E-033  1.31972E-028  4.01859E-028  1.69720E-023  4.23544E-030  1.27387E-024  2.00773E-022  2.08949E-015  1.00000E-040  4.23050E-014  1.00000E-040  1.00000E-040  2.61958E-020  8.66325E-033  6.55172E-029  4.63020E-021  4.74837E-031  1.00000E-003  1.00000E-005  1.00000E-005  1.00000E-005  1.00000E-005  1.00000E-005  1.00000E-005  1.00000E-005  1.00000E-005  1.00000E-005  1.00000E-005  1.00000E-005  1.00000E-005  1.00000E-005  1.00000E-005  1.00000E-005  
7.65000E+001  3.23841E-005  1.10729E+015  2.11830E+002  3.74490E+005  1.58312E-034  1.00000E-040  1.00000E-040  1.00000E-040  1.00000E-040  1.00000E-040  1.00000E-040  1.00000E-040  1.00000E-040  1.00000E-040  1.00000E-040  1.00000E-040  1.00000E-040  1.00000E-040  4.13306E-027  1.00000E-040  1.00723E-040  5.22890E-006  9.83764E-006  2.89325E-006  1.16317E-009  3.04055E-005  2.06996E-004  1.18766E-005  2.68324E-004  1.79434E-015  6.20132E-015  5.83707E-018  1.08521E-019  1.48695E-018  1.59902E-018  4.30924E-011  6.28020E-018  2.59396E-034  1.00000E-040  1.00000E-040  1.41043E-039  2.17209E-023  1.43451E-021  8.05849E-015  1.46285E-014  1.03640E-026  4.72544E-040  8.77188E-022  2.52230E-020  7.73227E-013  9.35331E-009  9.99464E-001  8.31178E-017  5.10524E-023  5.22413E-019  6.93945E-033  3.22570E-031  8.09632E-025  2.94338E-023  9.71376E-010  3.18059E-016  4.15530E-011  1.43022E-018  7.10281E-013  5.03669E-013  1.11716E-010  4.58878E-015  4.25447E-020  9.34819E-017  4.42899E-013  1.50752E-018  8.03413E-015  3.77143E-031  1.20583E-030  1.00000E-040  1.36066E-035  7.18735E-040  3.17046E-024  2.77147E-022  3.21605E-015  1.22044E-025  4.76067E-026  1.00000E-040  1.00000E-040  1.00000E-040  1.00000E-040  2.21502E-028  1.78740E-030  1.10130E-030  3.72317E-029  7.06392E-020  2.51046E-022  1.98160E-024  3.92039E-025  8.53073E-021  6.57164E-021  1.66645E-021  2.71588E-022  8.41031E-029  1.00000E-040  1.39270E-016  1.37103E-034  4.51503E-029  8.61912E-029  6.31693E-024  7.12301E-031  4.34299E-025  5.74974E-023  2.74041E-015  1.00000E-040  4.21815E-014  1.00000E-040  1.00000E-040  2.30204E-020  8.94592E-030  3.16240E-029  4.20878E-021  3.30298E-031  1.00000E-003  1.00000E-005  1.00000E-005  1.00000E-005  1.00000E-005  1.00000E-005  1.00000E-005  1.00000E-005  1.00000E-005  1.00000E-005  1.00000E-005  1.00000E-005  1.00000E-005  1.00000E-005  1.00000E-005  1.00000E-005  
7.75000E+001  2.77771E-005  9.58645E+014  2.09868E+002  3.84490E+005  3.96897E-034  1.00000E-040  1.00000E-040  1.00000E-040  1.00000E-040  1.00000E-040  1.00000E-040  1.00000E-040  1.00000E-040  1.00000E-040  1.00000E-040  1.00000E-040  1.00000E-040  1.00000E-040  4.00679E-027  1.00000E-040  1.01112E-040  6.00501E-006  9.91111E-006  2.39673E-006  7.44041E-010  4.91286E-005  1.99329E-004  1.49078E-005  2.64970E-004  1.56321E-015  4.88717E-015  3.09370E-017  1.87344E-019  1.11388E-018  1.15910E-018  3.96557E-011  9.24938E-018  1.10332E-034  1.00000E-040  1.00000E-040  1.39087E-039  1.03740E-023  7.47760E-022  1.04528E-014  1.29186E-014  4.55831E-026  1.76999E-039  1.13853E-021  3.10953E-020  7.38103E-013  3.51274E-008  9.99453E-001  1.92324E-016  5.70073E-023  4.73353E-019  3.94082E-032  2.57489E-031  5.21777E-025  2.94957E-023  6.17674E-010  1.25546E-016  2.58578E-011  1.61891E-018  8.65172E-013  1.74138E-013  1.36507E-010  2.98654E-015  2.95997E-020  1.00078E-016  3.71418E-013  4.46882E-019  7.25423E-015  3.17777E-031  1.15751E-030  1.00000E-040  8.12147E-036  7.41931E-040  3.16505E-024  2.44315E-022  2.60761E-015  9.08521E-026  3.07460E-026  1.00000E-040  1.00000E-040  1.92885E-031  4.69560E-032  2.63941E-028  1.72187E-030  9.98979E-031  2.29750E-029  5.31210E-020  2.93000E-022  2.45045E-024  2.11771E-025  4.59395E-021  4.08568E-021  1.04272E-021  4.69051E-022  4.61404E-029  8.32987E-035  1.39035E-016  5.33549E-035  2.81180E-029  2.21860E-029  2.49861E-024  2.64707E-031  1.84255E-025  1.97918E-023  3.52900E-015  1.00000E-040  4.20549E-014  1.00000E-040  8.96002E-033  2.08540E-020  4.21389E-027  1.73797E-029  3.81449E-021  3.08759E-031  1.00000E-003  1.00000E-005  1.00000E-005  1.00000E-005  1.00000E-005  1.00000E-005  1.00000E-005  1.00000E-005  1.00000E-005  1.00000E-005  1.00000E-005  1.00000E-005  1.00000E-005  1.00000E-005  1.00000E-005  1.00000E-005  
7.85000E+001  2.37979E-005  8.26427E+014  2.08569E+002  3.94490E+005  1.00304E-033  1.00000E-040  1.00000E-040  1.00000E-040  1.00000E-040  1.00000E-040  1.00000E-040  1.00000E-040  1.00000E-040  1.00000E-040  1.00000E-040  1.00000E-040  1.00000E-040  1.00000E-040  3.87455E-027  1.00000E-040  1.01552E-040  6.67098E-006  9.96156E-006  1.98061E-006  5.07157E-010  7.15698E-005  1.89875E-004  1.81628E-005  2.61354E-004  1.34459E-015  4.15060E-015  1.37988E-016  5.33768E-019  9.22776E-019  9.30612E-019  3.63479E-011  1.30181E-017  9.94767E-035  2.68316E-035  1.10252E-034  1.36907E-039  5.06729E-024  4.11277E-022  1.24453E-014  1.15872E-014  1.69937E-025  5.80457E-039  1.39408E-021  3.92638E-020  7.06028E-013  9.90398E-008  9.99440E-001  3.56709E-016  6.26252E-023  4.35212E-019  3.43766E-031  4.54158E-031  7.42326E-025  5.35538E-023  4.18726E-010  5.62377E-017  1.66779E-011  1.75690E-018  1.02610E-012  6.23452E-014  1.50797E-010  1.98981E-015  1.96557E-020  1.08848E-016  3.19935E-013  1.38543E-019  6.48831E-015  2.72307E-031  1.11524E-030  1.00000E-040  4.81017E-036  7.30305E-040  3.15896E-024  2.14490E-022  2.12769E-015  8.03786E-026  3.42909E-026  1.00000E-040  1.00000E-040  7.44016E-031  1.11056E-031  2.88468E-028  1.82093E-030  1.74380E-030  2.47566E-029  4.44896E-020  3.42379E-022  5.23517E-024  1.67775E-025  2.58065E-021  2.81505E-021  7.82793E-022  7.38907E-022  4.20173E-029  4.39248E-034  1.38796E-016  4.72979E-035  3.06046E-029  6.72102E-030  1.05321E-024  2.03918E-031  9.03918E-026  7.73375E-024  4.47057E-015  1.00000E-040  4.19254E-014  2.58811E-035  3.01313E-032  1.91926E-020  9.16184E-025  1.07595E-029  3.44539E-021  4.15291E-031  1.00000E-003  1.00000E-005  1.00000E-005  1.00000E-005  1.00000E-005  1.00000E-005  1.00000E-005  1.00000E-005  1.00000E-005  1.00000E-005  1.00000E-005  1.00000E-005  1.00000E-005  1.00000E-005  1.00000E-005  1.00000E-005  
7.95000E+001  2.03698E-005  7.11858E+014  2.07258E+002  4.04490E+005  1.00000E-040  1.00000E-040  1.00000E-040  1.00000E-040  1.00000E-040  1.00000E-040  1.00000E-040  1.00000E-040  1.00000E-040  1.00000E-040  1.00000E-040  1.00000E-040  1.00000E-040  1.00000E-040  3.73306E-027  1.00000E-040  1.02052E-040  7.23423E-006  9.99630E-006  1.63387E-006  3.63853E-010  9.68087E-005  1.79108E-004  2.16445E-005  2.57468E-004  1.14999E-015  3.76901E-015  5.28434E-016  1.83015E-018  8.49176E-019  8.02468E-019  3.31632E-011  1.78500E-017  3.84824E-035  1.00000E-040  1.00000E-040  1.34479E-039  2.61763E-024  2.39981E-022  1.41150E-014  1.05520E-014  5.58359E-025  1.75986E-038  1.65328E-021  5.14590E-020  6.77653E-013  2.27392E-007  9.99426E-001  5.65773E-016  6.51017E-023  3.96150E-019  3.33694E-030  1.15915E-030  1.53246E-024  1.25453E-022  2.99912E-010  2.79175E-017  1.10905E-011  1.79668E-018  1.17444E-012  2.33148E-014  1.56631E-010  1.35807E-015  1.28558E-020  1.19742E-016  2.82046E-013  4.53329E-020  5.73869E-015  2.37918E-031  1.08086E-030  1.00000E-040  2.89325E-036  6.48648E-040  3.15209E-024  1.87465E-022  1.74156E-015  8.23942E-026  5.21139E-026  1.00000E-040  1.00000E-040  9.65546E-031  9.16371E-032  2.97481E-028  2.15285E-030  4.06936E-030  3.63420E-029  4.11155E-020  4.00271E-022  1.40366E-023  1.80598E-025  1.53478E-021  2.08699E-021  6.46775E-022  1.08617E-021  5.08057E-029  8.36641E-034  1.38545E-016  6.40466E-035  4.52458E-029  2.29771E-030  4.77117E-025  2.27876E-031  4.97698E-026  3.40366E-024  5.54831E-015  1.00000E-040  4.17929E-014  1.67571E-037  3.36965E-032  1.80205E-020  9.66904E-023  6.96481E-030  3.10010E-021  7.10191E-031  1.00000E-003  1.00000E-005  1.00000E-005  1.00000E-005  1.00000E-005  1.00000E-005  1.00000E-005  1.00000E-005  1.00000E-005  1.00000E-005  1.00000E-005  1.00000E-005  1.00000E-005  1.00000E-005  1.00000E-005  1.00000E-005  
8.05000E+001  1.74211E-005  6.11819E+014  2.06238E+002  4.06996E+005  1.00000E-040  1.00000E-040  1.00000E-040  1.00000E-040  1.00000E-040  1.00000E-040  1.00000E-040  1.00000E-040  1.00000E-040  1.00000E-040  1.00000E-040  1.00000E-040  1.00000E-040  1.00000E-040  3.59478E-027  1.00000E-040  1.02626E-040  7.70933E-006  1.00203E-005  1.34393E-006  2.68392E-010  1.24176E-004  1.67393E-004  2.53896E-005  2.53268E-004  9.87130E-016  3.58638E-015  1.78028E-015  6.05369E-018  9.03309E-019  7.33198E-019  3.00711E-011  2.43284E-017  1.00000E-040  1.00000E-040  1.00000E-040  1.31751E-039  1.40439E-024  1.47693E-022  1.56478E-014  9.62685E-015  1.65544E-024  4.97521E-038  1.92459E-021  7.38593E-020  6.53722E-013  4.52268E-007  9.99410E-001  8.03651E-016  6.44856E-023  3.57509E-019  2.89897E-029  3.22092E-030  3.44788E-024  2.96290E-022  2.21286E-010  1.47462E-017  7.50961E-012  1.79149E-018  1.29308E-012  9.05322E-015  1.54048E-010  9.29979E-016  8.19454E-021  1.32761E-016  2.52946E-013  1.55284E-020  5.00307E-015  2.11847E-031  1.05435E-030  1.00000E-040  1.72705E-036  5.19174E-040  3.14427E-024  1.62821E-022  1.42526E-015  9.72213E-026  8.56692E-026  1.00000E-040  1.00000E-040  2.11928E-030  1.34435E-031  2.93551E-028  2.99806E-030  9.82437E-030  5.81772E-029  4.33334E-020  4.71843E-022  3.73015E-023  2.29274E-025  9.58273E-022  1.63255E-021  5.61145E-022  1.54161E-021  6.62793E-029  2.60364E-033  1.38273E-016  9.57558E-035  7.27553E-029  8.83843E-031  2.31600E-025  2.74834E-031  2.97813E-026  1.59732E-024  6.76790E-015  1.00000E-040  4.16553E-014  1.00000E-040  6.57756E-032  1.71837E-020  5.36456E-021  4.77495E-030  2.77484E-021  1.34697E-030  1.00000E-003  1.00000E-005  1.00000E-005  1.00000E-005  1.00000E-005  1.00000E-005  1.00000E-005  1.00000E-005  1.00000E-005  1.00000E-005  1.00000E-005  1.00000E-005  1.00000E-005  1.00000E-005  1.00000E-005  1.00000E-005  
8.15000E+001  1.48919E-005  5.23870E+014  2.05894E+002  4.06996E+005  1.00000E-040  1.00000E-040  1.00000E-040  1.00000E-040  1.00000E-040  1.00000E-040  1.00000E-040  1.00000E-040  1.00000E-040  1.00000E-040  1.00000E-040  1.00000E-040  1.00000E-040  1.00000E-040  3.46837E-027  1.00000E-040  1.03293E-040  8.11140E-006  1.00367E-005  1.09942E-006  1.99829E-010  1.53222E-004  1.55001E-004  2.94580E-005  2.48680E-004  8.56916E-016  3.51385E-015  5.38872E-015  1.82905E-017  1.16856E-018  7.04950E-019  2.70332E-011  3.33359E-017  5.62072E-035  2.49910E-035  8.96374E-035  1.28653E-039  7.60719E-025  9.48605E-023  1.71654E-014  8.68938E-015  4.48214E-024  1.30051E-037  2.21349E-021  1.28486E-019  6.35505E-013  8.11307E-007  9.99394E-001  1.05262E-015  6.14796E-023  3.21256E-019  2.14861E-028  8.68268E-030  7.51640E-024  6.54349E-022  1.65212E-010  8.05210E-018  5.12391E-012  1.80346E-018  1.37003E-012  3.59330E-015  1.43392E-010  6.29480E-016  5.03458E-021  1.47762E-016  2.29536E-013  5.45461E-021  4.27894E-015  1.91835E-031  1.03475E-030  1.00000E-040  9.97818E-037  3.76658E-040  3.13523E-024  1.40111E-022  1.16172E-015  1.29875E-025  1.36417E-025  2.69338E-040  1.00000E-040  4.20740E-030  1.81820E-031  2.79172E-028  5.14513E-030  2.26573E-029  9.18083E-029  5.67479E-020  5.65160E-022  9.18577E-023  2.98089E-025  6.18945E-022  1.32876E-021  4.98841E-022  2.16618E-021  8.69766E-029  7.24324E-033  1.37967E-016  1.35337E-034  1.15185E-028  3.82806E-031  1.19432E-025  3.18489E-031  1.88960E-026  7.61596E-025  8.14311E-015  1.00000E-040  4.15095E-014  1.47356E-036  1.18613E-031  1.65773E-020  1.68913E-019  3.58366E-030  2.46530E-021  2.66641E-030  1.00000E-003  1.00000E-005  1.00000E-005  1.00000E-005  1.00000E-005  1.00000E-005  1.00000E-005  1.00000E-005  1.00000E-005  1.00000E-005  1.00000E-005  1.00000E-005  1.00000E-005  1.00000E-005  1.00000E-005  1.00000E-005  
8.25000E+001  1.27273E-005  4.48471E+014  2.05550E+002  4.06996E+005  1.00000E-040  1.00000E-040  1.00000E-040  1.00000E-040  1.00000E-040  1.00000E-040  1.00000E-040  1.00000E-040  1.00000E-040  1.00000E-040  1.00000E-040  1.00000E-040  1.00000E-040  1.00000E-040  3.34292E-027  1.00000E-040  1.04073E-040  8.45015E-006  1.00475E-005  8.93305E-007  1.51413E-010  1.83294E-004  1.42285E-004  3.38742E-005  2.43670E-004  7.47924E-016  3.58982E-015  1.48300E-014  5.01814E-017  1.83346E-018  7.06792E-019  2.40487E-011  4.57411E-017  2.25607E-034  1.60513E-034  5.65662E-034  1.25135E-039  4.26203E-025  6.33010E-023  1.86409E-014  7.75604E-015  1.12666E-023  3.25779E-037  2.53699E-021  2.90295E-019  6.25407E-013  1.34178E-006  9.99376E-001  1.29775E-015  5.67794E-023  2.83367E-019  1.35612E-027  2.24332E-029  1.57190E-023  1.33947E-021  1.25556E-010  4.58738E-018  3.53181E-012  1.77757E-018  1.40029E-012  1.45568E-015  1.29354E-010  4.28160E-016  3.07070E-021  1.64304E-016  2.10159E-013  1.96050E-021  3.57492E-015  1.76080E-031  1.02107E-030  1.00000E-040  5.76228E-037  2.55339E-040  3.12475E-024  1.19216E-022  9.41145E-016  1.89502E-025  2.07501E-025  5.14857E-039  1.00000E-040  4.89664E-030  1.45999E-031  2.58624E-028  1.06636E-029  4.92028E-029  1.38437E-028  9.85999E-020  6.86384E-022  2.09479E-022  3.70732E-025  4.15014E-022  1.11323E-021  4.45847E-022  3.01194E-021  1.07890E-028  1.19453E-032  1.37620E-016  1.86678E-034  1.74064E-028  1.81089E-031  6.57791E-026  3.58359E-031  1.27175E-026  3.75207E-025  9.63571E-015  1.00000E-040  4.13537E-014  9.57240E-037  1.24618E-031  1.63113E-020  3.23822E-018  2.87220E-030  2.17104E-021  5.38316E-030  1.00000E-003  1.00000E-005  1.00000E-005  1.00000E-005  1.00000E-005  1.00000E-005  1.00000E-005  1.00000E-005  1.00000E-005  1.00000E-005  1.00000E-005  1.00000E-005  1.00000E-005  1.00000E-005  1.00000E-005  1.00000E-005  
8.35000E+001  1.08757E-005  3.83492E+014  2.05409E+002  4.06996E+005  1.00000E-040  1.00000E-040  1.00000E-040  1.00000E-040  1.00000E-040  1.00000E-040  1.00000E-040  1.00000E-040  1.00000E-040  1.00000E-040  1.00000E-040  1.00000E-040  1.00000E-040  1.00000E-040  3.22100E-027  1.00000E-040  1.04984E-040  8.73354E-006  1.00542E-005  7.20341E-007  1.15882E-010  2.13749E-004  1.29585E-004  3.86397E-005  2.38227E-004  6.58584E-016  3.78675E-015  3.76422E-014  1.26396E-016  3.26715E-018  7.35633E-019  2.11374E-011  6.29642E-017  1.00000E-040  1.00000E-040  1.00000E-040  1.21157E-039  2.43609E-025  4.36023E-023  2.00796E-014  6.80555E-015  2.64814E-023  7.77625E-037  2.89490E-021  7.98118E-019  6.27111E-013  2.08019E-006  9.99358E-001  1.52456E-015  5.12565E-023  2.46535E-019  7.43474E-027  5.50523E-029  3.11732E-023  2.54615E-021  9.64693E-011  2.84058E-018  2.45022E-012  1.74012E-018  1.38464E-012  5.99921E-016  1.12951E-010  2.90943E-016  1.84971E-021  1.80422E-016  1.93798E-013  7.17286E-022  2.90635E-015  1.63444E-031  1.01210E-030  1.00000E-040  3.28521E-037  1.63793E-040  3.11259E-024  1.00128E-022  7.56893E-016  2.89859E-025  2.98162E-025  1.04760E-038  1.00000E-040  4.26962E-030  8.91138E-032  2.33770E-028  2.50423E-029  1.00834E-028  1.98284E-028  2.11863E-019  8.45079E-022  4.44237E-022  4.40547E-025  2.86339E-022  9.56370E-022  3.98722E-022  4.18281E-021  1.29011E-028  1.46223E-032  1.37223E-016  2.44081E-034  2.49666E-028  9.46343E-032  3.88588E-026  3.85316E-031  8.97140E-027  1.86890E-025  1.12623E-014  1.00000E-040  4.11859E-014  7.44920E-037  9.87407E-032  1.62702E-020  4.05955E-017  2.72321E-030  1.89340E-021  1.09970E-029  1.00000E-003  1.00000E-005  1.00000E-005  1.00000E-005  1.00000E-005  1.00000E-005  1.00000E-005  1.00000E-005  1.00000E-005  1.00000E-005  1.00000E-005  1.00000E-005  1.00000E-005  1.00000E-005  1.00000E-005  1.00000E-005  
8.45000E+001  9.29453E-006  3.27241E+014  2.05720E+002  4.06996E+005  1.00000E-040  1.00000E-040  1.00000E-040  1.00000E-040  1.00000E-040  1.00000E-040  1.00000E-040  1.00000E-040  1.00000E-040  1.00000E-040  1.00000E-040  1.00000E-040  1.00000E-040  1.00000E-040  3.10310E-027  1.00000E-040  1.06048E-040  8.96908E-006  1.00576E-005  5.75814E-007  8.89480E-011  2.44087E-004  1.17170E-004  4.37504E-005  2.32344E-004  5.87922E-016  4.05820E-015  8.91832E-014  2.95820E-016  6.13243E-018  7.87399E-019  1.83259E-011  8.70083E-017  1.56687E-035  1.00000E-040  1.97257E-035  1.16680E-039  1.39555E-025  3.07899E-023  2.14623E-014  5.84008E-015  5.83952E-023  1.74822E-036  3.28048E-021  2.33674E-018  6.45911E-013  3.06359E-006  9.99340E-001  1.72288E-015  4.56827E-023  2.13526E-019  3.61016E-026  1.27689E-028  5.82126E-023  4.50948E-021  7.44904E-011  2.67010E-018  1.70468E-012  1.72265E-018  1.32917E-012  2.49907E-016  9.51928E-011  1.96367E-016  1.09345E-021  1.93042E-016  1.79771E-013  2.64672E-022  2.29023E-015  1.53066E-031  1.00666E-030  1.00000E-040  1.82266E-037  1.00537E-040  3.09851E-024  8.28548E-023  6.03450E-016  4.52415E-025  4.01912E-025  1.79564E-038  1.00000E-040  2.22465E-030  3.21716E-032  2.06166E-028  6.22902E-029  1.95737E-028  2.69569E-028  4.90264E-019  1.04839E-021  8.80716E-022  5.05070E-025  2.01291E-022  8.39229E-022  3.56004E-022  5.81573E-021  1.53747E-028  1.17535E-032  1.36769E-016  2.94638E-034  3.39781E-028  5.51161E-032  2.46061E-026  3.90314E-031  6.52042E-027  9.21779E-026  1.30592E-014  1.00000E-040  4.10040E-014  7.00009E-037  4.64594E-032  1.62583E-020  3.53604E-016  3.42640E-030  1.63397E-021  2.26836E-029  1.00000E-003  1.00000E-005  1.00000E-005  1.00000E-005  1.00000E-005  1.00000E-005  1.00000E-005  1.00000E-005  1.00000E-005  1.00000E-005  1.00000E-005  1.00000E-005  1.00000E-005  1.00000E-005  1.00000E-005  1.00000E-005  
8.55000E+001  7.94552E-006  2.79321E+014  2.06032E+002  4.06996E+005  1.00000E-040  1.00000E-040  1.00000E-040  1.00000E-040  1.00000E-040  1.00000E-040  1.00000E-040  1.00000E-040  1.00000E-040  1.00000E-040  1.00000E-040  1.00000E-040  1.00000E-040  1.00000E-040  2.97870E-027  1.00000E-040  1.07291E-040  9.16336E-006  1.00581E-005  4.55757E-007  6.89553E-011  2.73893E-004  1.05261E-004  4.91869E-005  2.26032E-004  5.31468E-016  4.41307E-015  1.98594E-013  6.48337E-016  1.15392E-017  8.52851E-019  1.56501E-011  1.20091E-016  5.47824E-037  1.00000E-040  1.00000E-040  1.11674E-039  8.13898E-026  2.22191E-023  2.27157E-014  4.91569E-015  1.21960E-022  3.78369E-036  3.70285E-021  6.66348E-018  6.89151E-013  4.32860E-006  9.99322E-001  1.89238E-015  4.04056E-023  1.83301E-019  1.57016E-025  2.83637E-028  1.03931E-022  7.49694E-021  5.81175E-011  5.86578E-018  1.19244E-012  1.68302E-018  1.24365E-012  1.05242E-016  7.86089E-011  1.33124E-016  6.46147E-022  1.99134E-016  1.67678E-013  9.86728E-023  1.74334E-015  1.44126E-031  1.00385E-030  1.00000E-040  1.00695E-037  1.00000E-040  3.08221E-024  6.74416E-023  4.76356E-016  7.04629E-025  5.15211E-025  2.90366E-038  1.00000E-040  2.00278E-030  2.08550E-032  1.78604E-028  1.56224E-028  3.61286E-028  3.48598E-028  1.11690E-018  1.29166E-021  1.65131E-021  5.62097E-025  1.44462E-022  7.46845E-022  3.15267E-022  7.98476E-021  1.78208E-028  1.47187E-032  1.36248E-016  3.43487E-034  4.39635E-028  3.49492E-032  1.66936E-026  3.81283E-031  4.84079E-027  4.57786E-026  1.50100E-014  1.00000E-040  4.08058E-014  1.00000E-040  3.89200E-032  1.61585E-020  2.25187E-015  5.54713E-030  1.39488E-021  4.71366E-029  1.00000E-003  1.00000E-005  1.00000E-005  1.00000E-005  1.00000E-005  1.00000E-005  1.00000E-005  1.00000E-005  1.00000E-005  1.00000E-005  1.00000E-005  1.00000E-005  1.00000E-005  1.00000E-005  1.00000E-005  1.00000E-005  
8.65000E+001  6.79415E-006  2.38542E+014  2.06294E+002  4.06996E+005  1.00000E-040  1.00000E-040  1.00000E-040  1.00000E-040  1.00000E-040  1.00000E-040  1.00000E-040  1.00000E-040  1.00000E-040  1.00000E-040  1.00000E-040  1.00000E-040  1.00000E-040  1.00000E-040  2.84366E-027  1.00000E-040  1.08743E-040  9.32213E-006  1.00562E-005  3.56901E-007  5.39550E-011  3.02841E-004  9.40287E-005  5.49101E-005  2.19318E-004  4.89772E-016  4.82168E-015  4.18982E-013  1.34244E-015  2.13074E-017  9.22842E-019  1.31524E-011  1.65281E-016  5.67946E-036  1.00000E-040  1.00000E-040  1.06118E-039  4.83212E-026  1.63252E-023  2.37939E-014  4.06261E-015  2.42600E-022  7.91152E-036  4.16300E-021  1.79163E-017  7.66659E-013  5.91258E-006  9.99303E-001  2.03504E-015  3.56387E-023  1.55935E-019  6.20342E-025  6.05783E-028  1.78217E-022  1.17657E-020  4.57769E-011  1.75806E-017  8.38278E-013  1.61388E-018  1.13819E-012  4.48330E-017  6.38441E-011  9.07126E-017  3.82615E-022  1.96396E-016  1.57246E-013  3.72466E-023  1.27885E-015  1.36042E-031  1.00294E-030  1.00000E-040  5.55167E-038  1.00000E-040  3.06337E-024  5.39407E-023  3.72002E-016  1.08390E-024  6.30900E-025  4.49580E-038  1.00000E-040  2.06258E-030  1.55571E-032  1.52344E-028  3.86294E-028  6.36745E-028  4.30149E-028  2.42083E-018  1.56342E-021  2.94879E-021  6.12512E-025  1.05488E-022  6.70568E-022  2.76484E-022  1.07398E-020  2.00524E-028  2.22973E-032  1.35650E-016  3.89227E-034  5.42549E-028  2.38893E-032  1.20639E-026  3.60528E-031  3.62260E-027  2.28709E-026  1.71368E-014  1.00000E-040  4.05886E-014  1.00000E-040  3.70369E-032  1.58005E-020  1.09998E-014  1.03320E-029  1.17875E-021  9.83368E-029  1.00000E-003  1.00000E-005  1.00000E-005  1.00000E-005  1.00000E-005  1.00000E-005  1.00000E-005  1.00000E-005  1.00000E-005  1.00000E-005  1.00000E-005  1.00000E-005  1.00000E-005  1.00000E-005  1.00000E-005  1.00000E-005  
8.75000E+001  5.81085E-006  2.03869E+014  2.06446E+002  4.06996E+005  1.00000E-040  1.00000E-040  1.00000E-040  1.00000E-040  1.00000E-040  1.00000E-040  1.00000E-040  1.00000E-040  1.00000E-040  1.00000E-040  1.00000E-040  1.00000E-040  1.00000E-040  1.00000E-040  2.69345E-027  1.00000E-040  1.10436E-040  9.45062E-006  1.00521E-005  2.76384E-007  4.25952E-011  3.30707E-004  8.35868E-005  6.08661E-005  2.12247E-004  4.65493E-016  5.25469E-015  8.43135E-013  2.64573E-015  3.83159E-017  9.87186E-019  1.08724E-011  2.26544E-016  3.01563E-035  9.14932E-036  1.00000E-040  1.00009E-039  2.91969E-026  1.21822E-023  2.46662E-014  3.30031E-015  4.62157E-022  1.60563E-035  4.65706E-021  4.50976E-017  8.91205E-013  7.85454E-006  9.99285E-001  2.15976E-015  3.14741E-023  1.31556E-019  2.25297E-024  1.24742E-027  2.94710E-022  1.75236E-020  3.63796E-011  4.74152E-017  5.92127E-013  1.51545E-018  1.02202E-012  1.93318E-017  5.11797E-011  6.21728E-017  2.27531E-022  1.84240E-016  1.48262E-013  1.42628E-023  9.02830E-016  1.28403E-031  1.00337E-030  1.00000E-040  3.06127E-038  1.00000E-040  3.04167E-024  4.23663E-023  2.87252E-016  1.63765E-024  7.41463E-025  6.66693E-038  1.00000E-040  2.87331E-030  1.62211E-032  1.28230E-028  9.32437E-028  1.07530E-027  5.08105E-028  4.95064E-018  1.84357E-021  5.04567E-021  6.58287E-025  7.82027E-023  6.04323E-022  2.39916E-022  1.40546E-020  2.18678E-028  4.17066E-032  1.34963E-016  4.31555E-034  6.40660E-028  1.73453E-032  9.19339E-027  3.31387E-031  2.70418E-027  1.14929E-026  1.94680E-014  1.00000E-040  4.03496E-014  1.42870E-038  4.87062E-032  1.50733E-020  4.29401E-014  1.99587E-029  9.88149E-022  2.04977E-028  1.00000E-003  1.00000E-005  1.00000E-005  1.00000E-005  1.00000E-005  1.00000E-005  1.00000E-005  1.00000E-005  1.00000E-005  1.00000E-005  1.00000E-005  1.00000E-005  1.00000E-005  1.00000E-005  1.00000E-005  1.00000E-005  
8.85000E+001  4.97070E-006  1.74264E+014  2.06598E+002  4.06996E+005  1.00000E-040  1.00000E-040  1.00000E-040  1.00000E-040  1.00000E-040  1.00000E-040  1.00000E-040  1.00000E-040  1.00000E-040  1.00000E-040  1.00000E-040  1.00000E-040  1.00000E-040  1.00000E-040  2.52539E-027  1.00000E-040  1.12411E-040  9.55358E-006  1.00461E-005  2.11613E-007  3.38192E-011  3.57365E-004  7.40005E-005  6.69897E-005  2.04872E-004  4.64859E-016  5.66927E-015  1.62876E-012  4.99780E-015  6.70383E-017  1.03715E-018  8.84067E-012  3.09232E-016  1.23654E-034  4.76953E-035  2.17398E-034  9.33578E-040  1.78315E-026  9.21042E-024  2.53185E-014  2.63554E-015  8.45683E-022  3.15010E-035  5.17379E-021  1.06600E-016  1.07895E-012  1.01948E-005  9.99267E-001  2.28405E-015  2.80469E-023  1.10518E-019  7.60818E-024  2.47221E-027  4.69593E-022  2.48658E-020  2.91026E-011  1.07992E-016  4.19677E-013  1.40247E-018  9.02697E-013  8.42970E-018  4.04483E-011  4.27447E-017  1.35417E-022  1.64023E-016  1.40538E-013  5.53458E-024  6.13167E-016  1.20944E-031  1.00466E-030  1.00000E-040  1.67697E-038  1.00000E-040  3.01672E-024  3.26714E-023  2.19275E-016  2.42991E-024  8.36446E-025  9.44765E-038  1.00000E-040  3.50601E-030  1.48889E-032  1.06477E-028  2.19197E-027  1.74495E-027  5.76221E-028  9.56527E-018  2.10921E-021  8.30159E-021  7.04996E-025  5.86074E-023  5.44416E-022  2.06222E-022  1.78525E-020  2.33869E-028  7.02866E-032  1.34176E-016  4.63731E-034  7.26066E-028  1.32485E-032  7.29953E-027  2.94893E-031  1.99388E-027  5.76729E-027  2.20667E-014  1.00000E-040  4.00850E-014  3.09419E-037  5.59896E-032  1.39331E-020  1.38786E-013  3.80013E-029  8.25264E-022  4.24384E-028  1.00000E-003  1.00000E-005  1.00000E-005  1.00000E-005  1.00000E-005  1.00000E-005  1.00000E-005  1.00000E-005  1.00000E-005  1.00000E-005  1.00000E-005  1.00000E-005  1.00000E-005  1.00000E-005  1.00000E-005  1.00000E-005  
8.95000E+001  4.25244E-006  1.49107E+014  2.06565E+002  4.06996E+005  1.00000E-040  1.00000E-040  1.00000E-040  1.00000E-040  1.00000E-040  1.00000E-040  1.00000E-040  1.00000E-040  1.00000E-040  1.00000E-040  1.00000E-040  1.00000E-040  1.00000E-040  1.00000E-040  2.33353E-027  1.00000E-040  1.14711E-040  9.63534E-006  1.00383E-005  1.60211E-007  2.70607E-011  3.82754E-004  6.52993E-005  7.32041E-005  1.97262E-004  4.96147E-016  6.07393E-015  3.03193E-012  9.08730E-015  1.14107E-016  1.06481E-018  7.07434E-012  4.19625E-016  2.49607E-035  1.00000E-040  1.19096E-035  8.62025E-040  1.10809E-026  7.05323E-024  2.57402E-014  2.07596E-015  1.49504E-021  6.03946E-035  5.71073E-021  2.37435E-016  1.34955E-012  1.29707E-005  9.99249E-001  2.44308E-015  2.52889E-023  9.20954E-020  2.40431E-023  4.74037E-027  7.26504E-022  3.37837E-020  2.34761E-011  2.09984E-016  2.98835E-013  1.26463E-018  7.86165E-013  3.72197E-018  3.17151E-011  2.95897E-017  8.11796E-023  1.38655E-016  1.33916E-013  2.18249E-024  4.00834E-016  1.13446E-031  1.00652E-030  1.00000E-040  9.20723E-039  1.00000E-040  2.98812E-024  2.47460E-023  1.65487E-016  3.52450E-024  9.12673E-025  1.28922E-037  1.00000E-040  3.60252E-030  1.20339E-032  8.75341E-029  5.00343E-027  2.72743E-027  6.29246E-028  1.75230E-017  2.33334E-021  1.32023E-020  7.55523E-025  4.44505E-023  4.87976E-022  1.75463E-022  2.18999E-020  2.40985E-028  9.16162E-032  1.33275E-016  4.92110E-034  7.92020E-028  1.04533E-032  5.98755E-027  2.56677E-031  1.44946E-027  2.91261E-027  2.49663E-014  1.00000E-040  3.97911E-014  2.93424E-037  5.59831E-032  1.24639E-020  3.82253E-013  6.99319E-029  6.91844E-022  8.66857E-028  1.00000E-003  1.00000E-005  1.00000E-005  1.00000E-005  1.00000E-005  1.00000E-005  1.00000E-005  1.00000E-005  1.00000E-005  1.00000E-005  1.00000E-005  1.00000E-005  1.00000E-005  1.00000E-005  1.00000E-005  1.00000E-005  
9.05000E+001  3.63746E-006  1.27860E+014  2.06054E+002  4.06996E+005  1.00000E-040  1.00000E-040  1.00000E-040  1.00000E-040  1.00000E-040  1.00000E-040  1.00000E-040  1.00000E-040  1.00000E-040  1.00000E-040  1.00000E-040  1.00000E-040  1.00000E-040  1.00000E-040  2.11385E-027  1.00000E-040  1.17389E-040  9.69997E-006  1.00290E-005  1.20030E-007  2.19035E-011  4.06850E-004  5.74914E-005  7.94166E-005  1.89500E-004  5.71518E-016  6.51195E-015  5.45068E-012  1.59462E-014  1.88965E-016  1.06574E-018  5.57733E-012  5.64885E-016  1.06612E-035  1.00000E-040  1.00000E-040  7.86093E-040  7.08548E-027  5.47502E-024  2.59322E-014  1.61998E-015  2.57050E-021  1.15017E-034  6.26219E-021  4.99727E-016  1.72539E-012  1.62076E-005  9.99231E-001  2.69126E-015  2.30233E-023  7.56531E-020  7.13560E-023  8.85747E-027  1.10186E-021  4.41863E-020  1.91534E-011  3.55984E-016  2.14282E-013  1.09317E-018  6.76697E-013  1.66989E-018  2.48876E-011  2.07395E-017  4.94737E-023  1.11573E-016  1.28250E-013  8.80579E-025  2.52627E-016  1.05801E-031  1.00865E-030  1.00000E-040  5.13854E-039  1.00000E-040  2.95547E-024  1.84285E-023  1.23563E-016  4.96253E-024  9.73154E-025  1.70509E-037  1.00000E-040  1.81609E-030  4.54613E-033  7.16111E-029  1.10563E-026  4.11774E-027  6.63730E-028  3.05578E-017  2.49228E-021  2.04013E-020  8.08996E-025  3.42312E-023  4.33621E-022  1.47705E-022  2.58237E-020  2.33449E-028  7.01878E-032  1.32246E-016  5.30235E-034  8.33840E-028  8.36698E-033  5.04457E-027  2.21927E-031  1.04231E-027  1.49940E-027  2.81884E-014  1.00000E-040  3.94635E-014  1.00000E-040  2.55368E-032  1.08079E-020  9.19658E-013  1.23733E-028  5.89231E-022  1.73423E-027  1.00000E-003  1.00000E-005  1.00000E-005  1.00000E-005  1.00000E-005  1.00000E-005  1.00000E-005  1.00000E-005  1.00000E-005  1.00000E-005  1.00000E-005  1.00000E-005  1.00000E-005  1.00000E-005  1.00000E-005  1.00000E-005  
9.15000E+001  3.11036E-006  1.09603E+014  2.05544E+002  4.06996E+005  1.00000E-040  1.00000E-040  1.00000E-040  1.00000E-040  1.00000E-040  1.00000E-040  1.00000E-040  1.00000E-040  1.00000E-040  1.00000E-040  1.00000E-040  1.00000E-040  1.00000E-040  1.00000E-040  1.87417E-027  1.00000E-040  1.20505E-040  9.75117E-006  1.00186E-005  8.90912E-008  1.77844E-011  4.29686E-004  5.05584E-005  8.55287E-005  1.81675E-004  7.12364E-016  6.93788E-015  9.50880E-012  2.71418E-014  3.05463E-016  1.04316E-018  4.33916E-012  7.55777E-016  1.19261E-034  7.02205E-036  6.05406E-035  7.06696E-040  4.57025E-027  4.29867E-024  2.59109E-014  1.24835E-015  4.28106E-021  2.12173E-034  6.78703E-021  1.00033E-015  2.23043E-012  1.99149E-005  9.99213E-001  3.09659E-015  2.15697E-023  6.21632E-020  2.00617E-022  1.59632E-026  1.61906E-021  5.56736E-020  1.57436E-011  5.38598E-016  1.54167E-013  9.30651E-019  5.76877E-013  7.59710E-019  1.93279E-011  1.46053E-017  3.02438E-023  8.56993E-017  1.23364E-013  3.61940E-025  1.53873E-016  9.80967E-032  1.01068E-030  1.00000E-040  2.84156E-039  1.00000E-040  2.91831E-024  1.35126E-023  9.13752E-017  6.83668E-024  1.00378E-024  2.16720E-037  1.00000E-040  1.18904E-030  2.31429E-033  5.79122E-029  2.37528E-026  6.02258E-027  6.77435E-028  5.09369E-017  2.58496E-021  3.05365E-020  8.82366E-025  2.65259E-023  3.82392E-022  1.23780E-022  2.94938E-020  2.22514E-028  6.44436E-032  1.31073E-016  5.55054E-034  8.49130E-028  6.85717E-033  4.33356E-027  1.86526E-031  7.36311E-028  7.69049E-028  3.19224E-014  1.00000E-040  3.90971E-014  1.75317E-038  1.56444E-032  9.05907E-021  1.97984E-012  2.10481E-028  5.18141E-022  3.37396E-027  1.00000E-003  1.00000E-005  1.00000E-005  1.00000E-005  1.00000E-005  1.00000E-005  1.00000E-005  1.00000E-005  1.00000E-005  1.00000E-005  1.00000E-005  1.00000E-005  1.00000E-005  1.00000E-005  1.00000E-005  1.00000E-005  
9.25000E+001  2.65862E-006  9.39742E+013  2.04911E+002  4.06996E+005  1.00000E-040  1.00000E-040  1.00000E-040  1.00000E-040  1.00000E-040  1.00000E-040  1.00000E-040  1.00000E-040  1.00000E-040  1.00000E-040  1.00000E-040  1.00000E-040  1.00000E-040  1.00000E-040  1.61726E-027  1.00000E-040  1.24130E-040  9.79189E-006  1.00074E-005  6.56034E-008  1.45153E-011  4.51334E-004  4.44663E-005  9.14378E-005  1.73880E-004  9.43294E-016  7.39169E-015  1.61023E-011  4.48345E-014  4.81680E-016  9.99588E-019  3.33784E-012  1.00302E-015  1.46516E-034  1.97651E-035  1.43507E-035  6.25049E-040  2.98350E-027  3.41751E-024  2.56834E-014  9.51481E-016  6.91913E-021  3.80900E-034  7.26106E-021  1.90678E-015  2.88665E-012  2.40761E-005  9.99195E-001  3.75390E-015  2.08242E-023  5.12084E-020  5.34266E-022  2.78337E-026  2.31491E-021  6.77629E-020  1.30866E-011  7.40018E-016  1.11468E-013  7.77085E-019  4.88141E-013  3.50413E-019  1.49239E-011  1.03876E-017  1.86728E-023  6.30707E-017  1.19102E-013  1.51669E-025  9.08032E-017  9.04092E-032  1.01230E-030  1.00000E-040  1.56560E-039  1.00000E-040  2.87617E-024  9.77161E-024  6.70071E-017  9.17465E-024  1.00619E-024  2.66287E-037  1.00000E-040  7.00506E-031  1.05656E-033  4.64074E-029  4.94550E-026  8.55178E-027  6.70078E-028  8.13341E-017  2.60844E-021  4.43305E-020  9.81197E-025  2.07071E-023  3.34254E-022  1.03368E-022  3.25951E-020  2.07819E-028  5.60851E-032  1.29740E-016  5.71679E-034  8.37527E-028  5.69784E-033  3.78339E-027  1.53492E-031  5.13004E-028  3.95108E-028  3.62607E-014  1.00000E-040  3.86865E-014  6.41985E-039  8.53327E-033  7.36069E-021  3.87995E-012  3.44370E-028  4.78497E-022  6.34488E-027  1.00000E-003  1.00000E-005  1.00000E-005  1.00000E-005  1.00000E-005  1.00000E-005  1.00000E-005  1.00000E-005  1.00000E-005  1.00000E-005  1.00000E-005  1.00000E-005  1.00000E-005  1.00000E-005  1.00000E-005  1.00000E-005  
9.35000E+001  2.27120E-006  8.06770E+013  2.03902E+002  4.06996E+005  1.00000E-040  1.00000E-040  1.00000E-040  1.00000E-040  1.00000E-040  1.00000E-040  1.00000E-040  1.00000E-040  1.00000E-040  1.00000E-040  1.00000E-040  1.00000E-040  1.00000E-040  1.00000E-040  1.34999E-027  1.00000E-040  1.28346E-040  9.82480E-006  9.99599E-006  4.80304E-008  1.19618E-011  4.71863E-004  3.91813E-005  9.70298E-005  1.66222E-004  1.29318E-015  7.93671E-015  2.64390E-011  7.18095E-014  7.39660E-016  9.39781E-019  2.54582E-012  1.31633E-015  1.57239E-034  2.69415E-036  1.00000E-040  5.42692E-040  1.99006E-027  2.75626E-024  2.52564E-014  7.19664E-016  1.08827E-020  6.72473E-034  7.66135E-021  3.45942E-015  3.70727E-012  2.86350E-005  9.99177E-001  4.77519E-015  2.05917E-023  4.22126E-020  1.34390E-021  4.72435E-026  3.24500E-021  7.99672E-020  1.10627E-011  9.38111E-016  8.12486E-014  6.27599E-019  4.11118E-013  1.64289E-019  1.15497E-011  7.52047E-018  1.17726E-023  4.46778E-017  1.15327E-013  6.52379E-026  5.20767E-017  8.28598E-032  1.01322E-030  1.00000E-040  8.70496E-040  1.00000E-040  2.82860E-024  6.98594E-024  4.88248E-017  1.19006E-023  9.88221E-025  3.18670E-037  1.00000E-040  5.45608E-031  6.71297E-034  3.70104E-029  9.92702E-026  1.18274E-026  6.43593E-028  1.24639E-016  2.56690E-021  6.25240E-020  1.10467E-024  1.63417E-023  2.89551E-022  8.60917E-023  3.48056E-020  1.87636E-028  6.64921E-032  1.28230E-016  5.93807E-034  8.01266E-028  4.74937E-033  3.35321E-027  1.25407E-031  3.55493E-028  2.05809E-028  4.12711E-014  1.00000E-040  3.82262E-014  2.01978E-038  6.36438E-033  5.82515E-021  7.02291E-012  5.42929E-028  4.69290E-022  1.14663E-026  1.00000E-003  1.00000E-005  1.00000E-005  1.00000E-005  1.00000E-005  1.00000E-005  1.00000E-005  1.00000E-005  1.00000E-005  1.00000E-005  1.00000E-005  1.00000E-005  1.00000E-005  1.00000E-005  1.00000E-005  1.00000E-005  
9.45000E+001  1.93881E-006  6.92114E+013  2.02896E+002  4.06996E+005  1.00000E-040  1.00000E-040  1.00000E-040  1.00000E-040  1.00000E-040  1.00000E-040  1.00000E-040  1.00000E-040  1.00000E-040  1.00000E-040  1.00000E-040  1.00000E-040  1.00000E-040  1.00000E-040  1.08761E-027  1.00000E-040  1.33250E-040  9.85207E-006  9.98500E-006  3.50798E-008  9.90720E-012  4.91357E-004  3.46678E-005  1.02186E-004  1.58811E-004  1.80024E-015  8.55473E-015  4.21443E-011  1.11674E-013  1.10687E-015  8.72726E-019  1.93300E-012  1.70732E-015  2.48110E-034  1.09392E-035  4.14105E-035  4.61364E-040  1.33840E-027  2.25406E-024  2.46381E-014  5.38422E-016  1.65527E-020  1.13904E-033  7.93978E-021  5.98798E-015  4.68875E-012  3.34937E-005  9.99160E-001  6.28814E-015  2.10082E-023  3.52702E-020  3.19924E-021  7.75772E-026  4.42356E-021  9.15812E-020  9.52486E-012  1.11680E-015  5.96217E-014  5.01010E-019  3.45758E-013  7.82386E-020  8.89054E-012  5.53559E-018  7.53493E-024  3.06068E-017  1.11900E-013  2.87839E-026  2.91315E-017  7.56636E-032  1.01307E-030  1.00000E-040  4.79645E-040  1.00000E-040  2.77511E-024  4.95425E-024  3.54580E-017  1.49981E-023  9.43895E-025  3.70774E-037  1.00000E-040  6.15698E-031  6.27890E-034  2.91988E-029  1.92065E-025  1.60139E-026  6.01429E-028  1.83708E-016  2.48413E-021  8.52478E-020  1.26707E-024  1.29538E-023  2.49633E-022  7.20267E-023  3.62401E-020  1.69878E-028  1.10042E-031  1.26525E-016  6.02554E-034  7.45340E-028  4.00859E-033  3.01170E-027  1.00248E-031  2.45082E-028  1.06912E-028  4.72283E-014  1.00000E-040  3.77104E-014  5.86985E-038  6.98629E-033  4.50073E-021  1.19187E-011  8.28115E-028  4.88300E-022  1.97903E-026  1.00000E-003  1.00000E-005  1.00000E-005  1.00000E-005  1.00000E-005  1.00000E-005  1.00000E-005  1.00000E-005  1.00000E-005  1.00000E-005  1.00000E-005  1.00000E-005  1.00000E-005  1.00000E-005  1.00000E-005  1.00000E-005  
9.55000E+001  1.65385E-006  5.93263E+013  2.01914E+002  4.06996E+005  1.00000E-040  1.00000E-040  1.00000E-040  1.00000E-040  1.00000E-040  1.00000E-040  1.00000E-040  1.00000E-040  1.00000E-040  1.00000E-040  1.00000E-040  1.00000E-040  1.00000E-040  1.00000E-040  8.40593E-028  1.00000E-040  1.38957E-040  9.87507E-006  9.97504E-006  2.56929E-008  8.26159E-012  5.09906E-004  3.08924E-005  1.06788E-004  1.51757E-004  2.50081E-015  9.26689E-015  6.51228E-011  1.68392E-013  1.61113E-015  8.05969E-019  1.46979E-012  2.18134E-015  2.62633E-034  1.00000E-040  1.00000E-040  3.82953E-040  9.05749E-028  1.87145E-024  2.38369E-014  3.98073E-016  2.42819E-020  1.83761E-033  8.06314E-021  9.88184E-015  5.80079E-012  3.85106E-005  9.99142E-001  8.44028E-015  2.19618E-023  3.00222E-020  7.18322E-021  1.23544E-025  5.87778E-021  1.02168E-019  8.40155E-012  1.26778E-015  4.41516E-014  3.97829E-019  2.91624E-013  3.78636E-020  6.82289E-012  4.16855E-018  4.92592E-024  2.03911E-017  1.08703E-013  1.30609E-026  1.59577E-017  6.90228E-032  1.01152E-030  1.00000E-040  2.61761E-040  1.00000E-040  2.71527E-024  3.50263E-024  2.57874E-017  1.83174E-023  8.79230E-025  4.21347E-037  1.00000E-040  6.61536E-031  5.43770E-034  2.27849E-029  3.56245E-025  2.13532E-026  5.48767E-028  2.60874E-016  2.38170E-021  1.12093E-019  1.46888E-024  1.03146E-023  2.15131E-022  6.08859E-023  3.70094E-020  1.56378E-028  1.87628E-031  1.24608E-016  5.99120E-034  6.76384E-028  3.42263E-033  2.74006E-027  7.87677E-032  1.69574E-028  5.53762E-029  5.43600E-014  1.00000E-040  3.71333E-014  1.00000E-040  7.08904E-033  3.41742E-021  1.91686E-011  1.22785E-027  5.31921E-022  3.24657E-026  1.00000E-003  1.00000E-005  1.00000E-005  1.00000E-005  1.00000E-005  1.00000E-005  1.00000E-005  1.00000E-005  1.00000E-005  1.00000E-005  1.00000E-005  1.00000E-005  1.00000E-005  1.00000E-005  1.00000E-005  1.00000E-005  
9.65000E+001  1.40980E-006  5.07973E+013  2.01017E+002  4.06996E+005  1.00000E-040  1.00000E-040  1.00000E-040  1.00000E-040  1.00000E-040  1.00000E-040  1.00000E-040  1.00000E-040  1.00000E-040  1.00000E-040  1.00000E-040  1.00000E-040  1.00000E-040  1.00000E-040  6.17795E-028  1.00000E-040  1.45598E-040  9.89465E-006  9.96671E-006  1.90457E-008  6.95114E-012  5.27589E-004  2.78311E-005  1.10714E-004  1.45172E-004  3.42451E-015  1.00930E-014  9.73631E-011  2.45748E-013  2.27583E-015  7.48263E-019  1.13016E-012  2.73458E-015  5.73328E-034  3.66810E-035  2.75893E-034  3.09379E-040  6.15855E-028  1.57865E-024  2.28677E-014  2.90740E-016  3.42271E-020  2.79415E-033  8.01069E-021  1.55294E-014  6.97628E-012  4.34979E-005  9.99125E-001  1.13990E-014  2.33446E-023  2.60840E-020  1.51475E-020  1.92036E-025  7.65800E-021  1.11792E-019  7.64097E-012  1.39703E-015  3.30954E-014  3.15834E-019  2.48134E-013  1.86678E-020  5.23234E-012  3.23254E-018  3.30873E-024  1.33228E-017  1.05638E-013  6.12877E-027  8.60967E-018  6.31353E-032  1.00824E-030  1.00000E-040  1.41433E-040  1.00000E-040  2.64866E-024  2.49072E-024  1.89410E-017  2.16329E-023  8.02979E-025  4.70433E-037  1.00000E-040  7.81375E-031  5.10134E-034  1.75709E-029  6.29454E-025  2.82730E-026  4.92300E-028  3.57635E-016  2.28838E-021  1.41663E-019  1.70590E-024  8.25194E-024  1.86913E-022  5.25373E-023  3.74565E-020  1.48081E-028  3.16476E-031  1.22461E-016  5.86574E-034  6.03027E-028  2.96373E-033  2.52592E-027  6.12524E-032  1.19294E-028  2.86011E-029  6.29834E-014  1.00000E-040  3.64894E-014  1.22303E-037  7.81875E-033  2.57727E-021  2.94801E-011  1.78201E-027  5.95168E-022  5.03856E-026  1.00000E-003  1.00000E-005  1.00000E-005  1.00000E-005  1.00000E-005  1.00000E-005  1.00000E-005  1.00000E-005  1.00000E-005  1.00000E-005  1.00000E-005  1.00000E-005  1.00000E-005  1.00000E-005  1.00000E-005  1.00000E-005  
9.75000E+001  1.20096E-006  4.34660E+013  2.00122E+002  4.06996E+005  1.00000E-040  1.00000E-040  1.00000E-040  1.00000E-040  1.00000E-040  1.00000E-040  1.00000E-040  1.00000E-040  1.00000E-040  1.00000E-040  1.00000E-040  1.00000E-040  1.00000E-040  1.00000E-040  4.23972E-028  1.00000E-040  1.53327E-040  9.91125E-006  9.96068E-006  1.45318E-008  5.93361E-012  5.44470E-004  2.54730E-005  1.13840E-004  1.39172E-004  4.57790E-015  1.10731E-014  1.40384E-010  3.45998E-013  3.10890E-015  7.10235E-019  8.93419E-013  3.34657E-015  3.58553E-034  1.00000E-040  1.00000E-040  2.42439E-040  4.21768E-028  1.35339E-024  2.17605E-014  2.10244E-016  4.62782E-020  3.99211E-033  7.78164E-021  2.31765E-014  8.10617E-012  4.82248E-005  9.99109E-001  1.53486E-014  2.50041E-023  2.31627E-020  2.97968E-020  2.95428E-025  9.92160E-021  1.21647E-019  7.21887E-012  1.52958E-015  2.52440E-014  2.50206E-019  2.14726E-013  9.45807E-021  4.03760E-012  2.60374E-018  2.30593E-024  8.67729E-018  1.02629E-013  3.01164E-027  4.63410E-018  5.81970E-032  1.00293E-030  1.00000E-040  1.00000E-040  1.00000E-040  2.57498E-024  1.81199E-024  1.42720E-017  2.45653E-023  7.30012E-025  5.18059E-037  1.00000E-040  8.49299E-031  4.52985E-034  1.34117E-029  1.05033E-024  3.75565E-026  4.40051E-028  4.74438E-016  2.24125E-021  1.71627E-019  1.96448E-024  6.65559E-024  1.66232E-022  4.70253E-023  3.81377E-020  1.45806E-028  4.90551E-031  1.20069E-016  5.79135E-034  5.35087E-028  2.60522E-033  2.36050E-027  4.81422E-032  8.73275E-029  1.48663E-029  7.34573E-014  1.00000E-040  3.57740E-014  8.94871E-038  8.15529E-033  1.96519E-021  4.36532E-011  2.55328E-027  6.71539E-022  7.34761E-026  1.00000E-003  1.00000E-005  1.00000E-005  1.00000E-005  1.00000E-005  1.00000E-005  1.00000E-005  1.00000E-005  1.00000E-005  1.00000E-005  1.00000E-005  1.00000E-005  1.00000E-005  1.00000E-005  1.00000E-005  1.00000E-005  
9.85000E+001  1.02242E-006  3.71453E+013  1.99362E+002  4.06996E+005  1.00000E-040  1.00000E-040  1.00000E-040  1.00000E-040  1.00000E-040  1.00000E-040  1.00000E-040  1.00000E-040  1.00000E-040  1.00000E-040  1.00000E-040  1.00000E-040  1.00000E-040  1.00000E-040  2.60472E-028  1.00000E-040  1.62323E-040  9.92497E-006  9.95766E-006  1.17452E-008  5.16276E-012  5.60593E-004  2.38211E-005  1.16042E-004  1.33869E-004  5.93869E-015  1.22319E-014  1.94720E-010  4.68807E-013  4.09577E-015  7.08323E-019  7.45342E-013  3.98158E-015  5.65262E-034  8.06931E-036  3.13360E-035  1.83604E-040  2.90136E-028  1.17707E-024  2.05595E-014  1.51406E-016  5.97599E-020  5.28170E-033  7.39595E-021  3.27775E-014  9.04402E-012  5.24233E-005  9.99093E-001  2.05099E-014  2.68857E-023  2.13946E-020  5.43889E-020  4.54010E-025  1.28894E-020  1.34585E-019  7.12895E-012  1.72343E-015  1.96801E-014  2.01113E-019  1.90970E-013  5.06425E-021  3.14221E-012  2.19114E-018  1.67458E-024  5.84308E-018  9.96112E-014  1.59236E-027  2.58332E-018  5.44234E-032  9.95277E-031  1.00000E-040  1.00000E-040  1.00000E-040  2.49404E-024  1.39208E-024  1.13361E-017  2.68069E-023  6.73272E-025  5.59652E-037  1.00000E-040  8.71958E-031  3.72806E-034  1.01096E-029  1.64381E-024  5.07110E-026  4.00915E-028  6.10674E-016  2.30162E-021  1.98314E-019  2.23181E-024  5.41411E-024  1.55620E-022  4.49009E-023  4.01578E-020  1.54546E-028  6.92478E-031  1.17420E-016  5.80104E-034  4.83355E-028  2.34288E-033  2.23606E-027  3.91389E-032  6.85405E-029  7.83406E-030  8.64083E-014  1.00000E-040  3.49830E-014  3.11348E-038  7.92907E-033  1.55626E-021  6.26500E-011  3.65181E-027  7.52150E-022  9.90579E-026  1.00000E-003  1.00000E-005  1.00000E-005  1.00000E-005  1.00000E-005  1.00000E-005  1.00000E-005  1.00000E-005  1.00000E-005  1.00000E-005  1.00000E-005  1.00000E-005  1.00000E-005  1.00000E-005  1.00000E-005  1.00000E-005  
9.95000E+001  8.70239E-007  3.15870E+013  1.99548E+002  4.06996E+005  1.00000E-040  1.00000E-040  1.00000E-040  1.00000E-040  1.00000E-040  1.00000E-040  1.00000E-040  1.00000E-040  1.00000E-040  1.00000E-040  1.00000E-040  1.00000E-040  1.00000E-040  1.00000E-040  1.23770E-028  1.00000E-040  1.72789E-040  9.93454E-006  9.95755E-006  1.04686E-008  4.60559E-012  5.75981E-004  2.28933E-005  1.17202E-004  1.29369E-004  7.57854E-015  1.35058E-014  2.63705E-010  6.20356E-013  5.27894E-015  7.71249E-019  6.79054E-013  4.58304E-015  5.93507E-034  1.00000E-040  1.00000E-040  1.33823E-040  2.04062E-028  1.03486E-024  1.93269E-014  1.12496E-016  7.37736E-020  6.21757E-033  6.92063E-021  4.45802E-014  9.62298E-012  5.57993E-005  9.99079E-001  3.57355E-014  3.68595E-023  2.19387E-020  9.48598E-020  6.79489E-025  1.63054E-020  1.57233E-019  8.53071E-012  2.78938E-015  1.56714E-014  1.74534E-019  1.76662E-013  3.19248E-021  2.43594E-012  2.21796E-018  1.44468E-024  4.37761E-018  9.65377E-014  1.01698E-027  1.65787E-018  5.20436E-032  9.84970E-031  1.00000E-040  1.00000E-040  1.00000E-040  2.40575E-024  1.18688E-024  9.87279E-018  2.88576E-023  6.42208E-025  5.82676E-037  1.00000E-040  8.72404E-031  2.87423E-034  7.42156E-030  2.43242E-024  7.19177E-026  3.88202E-028  7.75128E-016  2.58238E-021  2.19065E-019  3.17152E-024  4.41032E-024  1.60112E-022  4.77145E-023  4.69583E-020  1.84875E-028  8.55747E-031  1.14503E-016  5.51823E-034  4.63511E-028  2.20463E-033  2.14585E-027  3.36349E-032  5.92474E-029  4.28712E-030  1.03304E-013  1.00000E-040  3.41133E-014  3.11150E-039  7.48528E-033  1.32845E-021  1.16889E-010  5.37711E-027  8.22576E-022  1.18669E-025  1.00000E-003  1.00000E-005  1.00000E-005  1.00000E-005  1.00000E-005  1.00000E-005  1.00000E-005  1.00000E-005  1.00000E-005  1.00000E-005  1.00000E-005  1.00000E-005  1.00000E-005  1.00000E-005  1.00000E-005  1.00000E-005  
