alt           press         den           temp          eddy          H2Oaer        CO2aer        S8aer         H2SO4aer      NH3aer        N2Oaer        C2H2aer       C2H4aer       C2H6aer       CH3CNaer      HCCCNaer      HCNaer        CH4aer        HCaer1        HCaer2        HCaer3        He            H             H2            H2O           OH            O             O2            CO            CO2           HCO           H2CO          C             CH            CH2           CH3           CH4           S             S2            S3            S4            S8            H2S           HS            SO            SO2           CS            CS2           OCS           CN            HCN           N             N2            NH            NH2           NH3           C2            C2H           C2H2          C2H4          NO            HNO           HO2           HNCO          N2O           H2O2          O3            NO2           NO3           SO3           HNO2          HNO3          H2SO4         HCl           Cl            Cl2           HOCl          N2H4          ClO           C2H6          CH3OH         CH2CO         CH3CHO        C3H4          C3H6          C4H2          C4H4          OClO          HCS           C2H3          C2H5          NCO           1CH2          HCCO          NNH           HSO           CH3O          H2COH         H2CN          N2H2          C4H           HCNOH         C2H2OH        CH3CO         CH2CHO        C2H3OH        C2H4OH        CH3O2         HSO3          O1D           N2H3          NH2CO         HS4           C4H3          CH2N2         N2D           CH2CN         CH3CN         HCCCN         H2Oaer_r      CO2aer_r      S8aer_r       H2SO4aer_r    NH3aer_r      N2Oaer_r      C2H2aer_r     C2H4aer_r     C2H6aer_r     CH3CNaer_r    HCCCNaer_r    HCNaer_r      CH4aer_r      HCaer1_r      HCaer2_r      HCaer3_r      
5.00000E-001  1.00949E+000  2.54815E+019  2.86941E+002  1.00000E+005  6.67165E-004  1.00000E-040  1.00000E-040  2.12570E-032  1.00000E-040  1.00000E-040  1.00000E-040  1.00000E-040  1.00000E-040  1.00000E-040  1.00000E-040  1.00000E-040  1.00000E-040  1.00000E-040  1.38513E-023  1.00000E-040  1.00000E-040  1.14302E-021  4.95302E-007  6.27048E-003  4.24095E-014  9.31837E-017  2.10731E-001  3.78636E-008  2.81331E-004  1.35533E-022  2.01182E-010  1.00000E-040  1.00000E-040  2.08488E-033  3.41806E-020  8.00408E-007  6.07049E-029  7.53565E-027  2.13252E-038  1.96860E-037  1.00000E-040  8.30645E-012  1.00475E-017  8.46195E-019  3.51322E-011  1.00000E-040  1.00000E-040  3.33833E-010  1.00090E-034  4.99641E-011  1.22403E-031  7.82715E-001  9.35683E-024  3.37846E-014  5.54488E-010  1.00000E-040  1.00000E-040  1.18773E-028  3.21569E-024  1.44997E-012  6.58497E-016  1.32423E-011  1.00596E-014  2.70435E-007  1.59109E-009  4.55072E-008  1.37590E-011  2.49753E-013  3.53470E-019  1.83436E-012  1.79414E-011  2.70798E-011  6.76033E-031  5.16192E-036  5.36932E-036  9.78458E-031  2.77518E-013  7.26391E-023  1.27089E-022  1.44416E-017  1.94845E-025  8.36078E-025  8.15784E-038  1.57522E-037  1.00000E-040  1.00000E-040  1.83017E-029  1.00000E-040  1.45852E-039  3.63516E-025  1.13665E-016  6.37403E-035  4.23323E-038  5.28295E-023  1.68277E-017  9.55668E-019  3.55361E-015  5.91176E-025  6.84586E-011  1.00000E-040  3.69213E-019  1.00000E-040  1.07405E-025  5.92902E-030  1.35987E-022  6.84093E-025  3.06661E-011  2.06873E-023  1.78444E-022  1.58794E-013  1.81555E-014  1.00000E-040  1.00000E-040  1.87260E-023  1.00000E-040  5.81563E-022  3.64804E-011  7.52963E-038  1.00000E-003  1.00000E-005  1.00000E-005  1.00000E-005  1.00000E-005  1.00000E-005  1.00000E-005  1.00000E-005  1.00000E-005  1.00000E-005  1.00000E-005  1.00000E-005  1.00000E-005  1.00000E-005  1.00000E-005  1.00000E-005  
1.50000E+000  8.94039E-001  2.30837E+019  2.80522E+002  1.00000E+005  8.75487E-004  1.00000E-040  1.00000E-040  2.49125E-029  1.00000E-040  1.00000E-040  1.00000E-040  1.00000E-040  1.00000E-040  1.00000E-040  1.00000E-040  1.00000E-040  1.00000E-040  1.00000E-040  8.04856E-024  1.00000E-040  1.00000E-040  1.06727E-021  4.96113E-007  4.77518E-003  4.14999E-014  1.09022E-016  2.11048E-001  3.67584E-008  2.81757E-004  8.81221E-023  1.20312E-010  1.00000E-040  1.00000E-040  1.66854E-033  2.93531E-020  7.99992E-007  4.33819E-029  7.44785E-027  1.00000E-040  1.00000E-040  1.00000E-040  4.54021E-012  5.56851E-018  6.09545E-019  7.25661E-011  1.00000E-040  1.00000E-040  3.34052E-010  5.82617E-035  4.99064E-011  2.04990E-031  7.83893E-001  1.27328E-023  9.09133E-014  5.28289E-010  1.00000E-040  1.00000E-040  1.15124E-028  3.22371E-024  7.38583E-014  1.15353E-015  1.23841E-011  8.45086E-015  2.70816E-007  1.51592E-009  4.52830E-008  2.06833E-012  8.21707E-014  2.28426E-019  9.64131E-013  2.29496E-011  2.92928E-011  3.83116E-031  5.35096E-036  2.45299E-037  7.58642E-031  7.11545E-013  7.27484E-023  1.30286E-022  1.34022E-017  2.19765E-025  8.03412E-025  8.17014E-038  1.52497E-037  1.00000E-040  1.00000E-040  1.73651E-029  1.00000E-040  1.34511E-039  2.13029E-025  6.96394E-016  4.76304E-035  4.98641E-038  6.52598E-023  1.31236E-017  6.49061E-019  4.25470E-015  3.90256E-025  6.95095E-011  1.00000E-040  5.79323E-019  1.00000E-040  1.22275E-025  5.69170E-030  1.36191E-022  7.22634E-025  3.63287E-010  4.33676E-023  2.27463E-022  3.27335E-013  1.83226E-014  1.00000E-040  1.00000E-040  1.22298E-023  1.00000E-040  5.60648E-022  3.62631E-011  7.54096E-038  1.00000E-003  1.00000E-005  1.00000E-005  1.00000E-005  1.00000E-005  1.00000E-005  1.00000E-005  1.00000E-005  1.00000E-005  1.00000E-005  1.00000E-005  1.00000E-005  1.00000E-005  1.00000E-005  1.00000E-005  1.00000E-005  
2.50000E+000  7.90243E-001  2.07671E+019  2.75614E+002  1.00000E+005  5.88929E-004  1.00000E-040  1.00000E-040  2.61738E-026  1.00000E-040  1.00000E-040  1.00000E-040  1.00000E-040  1.00000E-040  1.00000E-040  1.00000E-040  1.00000E-040  1.00000E-040  1.00000E-040  8.28778E-024  1.00000E-040  1.00000E-040  1.15686E-021  4.96582E-007  3.79046E-003  4.87175E-014  1.31831E-016  2.11257E-001  3.54439E-008  2.82038E-004  3.99937E-023  4.56107E-011  1.00000E-040  1.00000E-040  2.03932E-033  3.19639E-020  7.99423E-007  3.57060E-029  7.30028E-027  1.00000E-040  1.00000E-040  1.00000E-040  2.46239E-012  3.65159E-018  4.96516E-019  5.54017E-011  1.00000E-040  1.00000E-040  3.34120E-010  4.50973E-035  4.98449E-011  3.80557E-031  7.84669E-001  1.66230E-023  1.13437E-013  5.05627E-010  1.00000E-040  1.00000E-040  1.09341E-028  3.14223E-024  9.95749E-015  1.57589E-015  1.07165E-011  7.91708E-015  2.71054E-007  1.37733E-009  4.53283E-008  4.68805E-013  2.62759E-014  1.63780E-019  4.89709E-013  2.21219E-011  3.04654E-011  2.56832E-031  5.63223E-036  2.84544E-039  6.61732E-031  9.42844E-013  7.28203E-023  1.36308E-022  1.20045E-017  2.70086E-025  7.90339E-025  8.17828E-038  1.45031E-037  1.00000E-040  1.00000E-040  1.67691E-029  1.00000E-040  1.46779E-039  1.92314E-025  3.03167E-015  5.51218E-035  6.10486E-038  9.26203E-023  1.13876E-017  2.31099E-019  4.71324E-015  2.96142E-025  7.05817E-011  1.00000E-040  9.64352E-019  1.00000E-040  1.60066E-025  5.34671E-030  1.36326E-022  7.42944E-025  8.09107E-010  3.98844E-023  2.86242E-022  4.42621E-013  1.84548E-014  1.00000E-040  1.00000E-040  1.10945E-023  1.00000E-040  5.27833E-022  3.60683E-011  7.54842E-038  1.00000E-003  1.00000E-005  1.00000E-005  1.00000E-005  1.00000E-005  1.00000E-005  1.00000E-005  1.00000E-005  1.00000E-005  1.00000E-005  1.00000E-005  1.00000E-005  1.00000E-005  1.00000E-005  1.00000E-005  1.00000E-005  
3.50000E+000  6.97027E-001  1.86531E+019  2.70655E+002  1.00000E+005  5.42984E-004  1.00000E-040  1.00000E-040  1.59687E-023  1.00000E-040  1.00000E-040  1.00000E-040  1.00000E-040  1.00000E-040  1.00000E-040  1.00000E-040  1.00000E-040  1.00000E-040  1.00000E-040  1.01487E-023  1.00000E-040  1.00000E-040  1.26835E-021  4.97053E-007  2.91592E-003  5.40317E-014  1.61820E-016  2.11442E-001  3.42274E-008  2.82288E-004  2.55862E-023  2.52072E-011  1.00000E-040  1.00000E-040  2.21590E-033  3.27257E-020  7.99018E-007  2.73349E-029  7.11360E-027  1.00000E-040  1.00000E-040  1.00000E-040  1.34773E-012  2.27508E-018  3.94066E-019  4.22882E-011  1.00000E-040  1.00000E-040  3.34173E-010  3.23549E-035  4.97958E-011  5.79046E-031  7.85358E-001  1.84918E-023  1.17007E-013  4.86555E-010  1.00000E-040  1.00000E-040  1.02363E-028  3.08418E-024  5.18622E-015  1.97456E-015  1.02355E-011  6.61372E-015  2.71258E-007  1.23633E-009  4.60227E-008  2.67025E-013  1.76029E-014  1.10688E-019  2.62680E-013  2.12444E-011  2.95061E-011  2.05475E-031  5.77595E-036  1.00000E-040  5.72591E-031  9.34862E-013  7.28842E-023  1.45641E-022  1.07070E-017  3.34997E-025  7.65807E-025  8.18554E-038  1.36078E-037  1.00000E-040  1.00000E-040  1.65404E-029  1.00000E-040  1.52265E-039  2.00305E-025  5.31682E-015  5.65665E-035  7.00435E-038  1.24320E-022  9.65596E-018  1.91789E-019  5.36950E-015  2.37472E-025  7.10816E-011  1.00000E-040  1.54426E-018  1.00000E-040  1.99974E-025  4.93760E-030  1.36446E-022  7.58438E-025  1.05189E-009  3.46845E-023  3.59007E-022  4.61006E-013  1.85426E-014  1.00000E-040  1.00000E-040  9.23660E-024  1.00000E-040  4.87055E-022  3.59037E-011  7.55489E-038  1.00000E-003  1.00000E-005  1.00000E-005  1.00000E-005  1.00000E-005  1.00000E-005  1.00000E-005  1.00000E-005  1.00000E-005  1.00000E-005  1.00000E-005  1.00000E-005  1.00000E-005  1.00000E-005  1.00000E-005  1.00000E-005  
4.50000E+000  6.13284E-001  1.67680E+019  2.64909E+002  1.00000E+005  5.45009E-004  1.00000E-040  1.00000E-040  4.96276E-021  1.00000E-040  1.00000E-040  1.00000E-040  1.00000E-040  1.00000E-040  1.00000E-040  1.00000E-040  1.00000E-040  1.00000E-040  1.00000E-040  3.67503E-024  1.00000E-040  1.00000E-040  1.33780E-021  4.97609E-007  2.05100E-003  5.63266E-014  1.99424E-016  2.11626E-001  3.31974E-008  2.82534E-004  2.57360E-023  2.26296E-011  1.00000E-040  1.00000E-040  2.03429E-033  3.03647E-020  7.98837E-007  1.99009E-029  6.90318E-027  1.00000E-040  1.00000E-040  1.00000E-040  7.56449E-013  1.36805E-018  3.21033E-019  3.25321E-011  1.00000E-040  1.00000E-040  3.34243E-010  1.99931E-035  4.97628E-011  7.74619E-031  7.86039E-001  1.83524E-023  1.13767E-013  4.70898E-010  1.00000E-040  1.00000E-040  9.48764E-029  3.05491E-024  5.78303E-015  2.41299E-015  9.88206E-012  4.89858E-015  2.71455E-007  1.09768E-009  4.74220E-008  2.63719E-013  1.65654E-014  6.56027E-020  1.71189E-013  2.06982E-011  2.55573E-011  1.72786E-031  5.72018E-036  1.00000E-040  4.85220E-031  8.40148E-013  7.29474E-023  1.58677E-022  9.56732E-018  4.15240E-025  7.24687E-025  8.19276E-038  1.26395E-037  1.00000E-040  1.00000E-040  1.66396E-029  1.00000E-040  1.48647E-039  2.11394E-025  5.54727E-015  4.84718E-035  1.78606E-037  1.61415E-022  8.51932E-018  2.46541E-019  6.41235E-015  1.84229E-025  7.08422E-011  1.00000E-040  2.55453E-018  1.00000E-040  2.44015E-025  4.49755E-030  1.36564E-022  7.72554E-025  1.07167E-009  2.87923E-023  4.49647E-022  4.31885E-013  1.85980E-014  1.00000E-040  1.00000E-040  6.53942E-024  1.00000E-040  4.41407E-022  3.57711E-011  7.56127E-038  1.00000E-003  1.00000E-005  1.00000E-005  1.00000E-005  1.00000E-005  1.00000E-005  1.00000E-005  1.00000E-005  1.00000E-005  1.00000E-005  1.00000E-005  1.00000E-005  1.00000E-005  1.00000E-005  1.00000E-005  1.00000E-005  
5.50000E+000  5.38146E-001  1.50603E+019  2.58811E+002  1.00000E+005  4.52116E-004  1.00000E-040  1.00000E-040  2.52572E-018  1.00000E-040  1.00000E-040  1.00000E-040  1.00000E-040  1.00000E-040  1.00000E-040  1.00000E-040  1.00000E-040  1.00000E-040  1.00000E-040  2.63288E-024  1.00000E-040  1.00000E-040  1.40322E-021  4.98149E-007  1.35771E-003  5.74413E-014  2.47925E-016  2.11773E-001  3.23393E-008  2.82732E-004  3.18013E-023  2.51744E-011  1.00000E-040  1.00000E-040  1.74044E-033  2.70013E-020  7.98706E-007  1.45623E-029  6.67874E-027  1.00000E-040  1.00000E-040  1.00000E-040  4.37764E-013  8.34177E-019  2.76781E-019  2.53169E-011  1.00000E-040  1.00000E-040  3.34269E-010  1.14343E-035  4.97366E-011  1.02212E-030  7.86585E-001  1.78112E-023  1.08311E-013  4.58121E-010  1.00000E-040  1.00000E-040  8.74118E-029  3.04433E-024  9.08839E-015  2.92450E-015  9.62939E-012  3.56510E-015  2.71601E-007  9.93877E-010  4.94778E-008  3.14768E-013  1.72702E-014  3.97852E-020  1.65289E-013  2.12858E-011  2.12690E-011  1.46297E-031  5.58857E-036  1.00000E-040  4.11860E-031  7.23956E-013  7.29981E-023  1.75686E-022  8.58082E-018  5.21305E-025  6.75984E-025  8.19860E-038  1.16588E-037  1.00000E-040  1.00000E-040  1.70145E-029  1.00000E-040  1.42293E-039  2.24596E-025  4.53044E-015  3.84161E-035  4.33369E-038  2.08446E-022  8.02478E-018  3.57503E-019  7.83606E-015  1.39481E-025  6.99312E-011  1.00000E-040  4.38038E-018  1.00000E-040  2.99402E-025  4.05786E-030  1.36659E-022  7.84841E-025  9.18699E-010  2.37604E-023  5.63419E-022  3.85554E-013  1.86306E-014  1.00000E-040  1.00000E-040  4.26008E-024  1.00000E-040  3.94003E-022  3.56613E-011  7.56900E-038  1.00000E-003  1.00000E-005  1.00000E-005  1.00000E-005  1.00000E-005  1.00000E-005  1.00000E-005  1.00000E-005  1.00000E-005  1.00000E-005  1.00000E-005  1.00000E-005  1.00000E-005  1.00000E-005  1.00000E-005  1.00000E-005  
6.50000E+000  4.70755E-001  1.35275E+019  2.52055E+002  1.00000E+005  3.53344E-004  1.00000E-040  1.00000E-040  1.02471E-015  1.00000E-040  1.00000E-040  1.00000E-040  1.00000E-040  1.00000E-040  1.00000E-040  1.00000E-040  1.00000E-040  1.00000E-040  1.00000E-040  1.77165E-024  1.00000E-040  1.00000E-040  1.47108E-021  4.98643E-007  8.30218E-004  5.78517E-014  3.08569E-016  2.11885E-001  3.16141E-008  2.82883E-004  4.22413E-023  3.02085E-011  1.00000E-040  1.00000E-040  1.38740E-033  2.28644E-020  7.98588E-007  1.08810E-029  6.44778E-027  1.23695E-036  1.32641E-035  1.00000E-040  2.61642E-013  5.23390E-019  2.60612E-019  1.99702E-011  1.00000E-040  1.00000E-040  3.34250E-010  5.88627E-036  4.97148E-011  1.39931E-030  7.87001E-001  1.72871E-023  1.00991E-013  4.47713E-010  1.00000E-040  1.00000E-040  8.03261E-029  3.04053E-024  1.82698E-014  3.51067E-015  9.46329E-012  2.61849E-015  2.71696E-007  9.15914E-010  5.21246E-008  4.11109E-013  1.86392E-014  2.68382E-020  2.40293E-013  2.30053E-011  1.66051E-011  1.23966E-031  5.46160E-036  1.00000E-040  3.53863E-031  6.01221E-013  7.30366E-023  1.96971E-022  7.73039E-018  6.71010E-025  6.25653E-025  8.20311E-038  1.07067E-037  1.00000E-040  1.00000E-040  1.76147E-029  1.00000E-040  1.33910E-039  2.39796E-025  3.18128E-015  2.80141E-035  4.77246E-037  2.75387E-022  8.37866E-018  5.54768E-019  9.64125E-015  1.02706E-025  6.84967E-011  1.00000E-040  8.18529E-018  1.00000E-040  3.78061E-025  3.63799E-030  1.36731E-022  7.96063E-025  6.58787E-010  1.97875E-023  7.04709E-022  3.31750E-013  1.86493E-014  1.00000E-040  1.00000E-040  2.56367E-024  1.00000E-040  3.47452E-022  3.55698E-011  7.58108E-038  1.00000E-003  1.00000E-005  1.00000E-005  1.00000E-005  1.00000E-005  1.00000E-005  1.00000E-005  1.00000E-005  1.00000E-005  1.00000E-005  1.00000E-005  1.00000E-005  1.00000E-005  1.00000E-005  1.00000E-005  1.00000E-005  
7.50000E+000  4.10357E-001  1.21323E+019  2.44982E+002  1.00000E+005  2.43556E-004  1.00000E-040  1.00000E-040  3.37422E-013  1.00000E-040  1.00000E-040  1.00000E-040  1.00000E-040  1.00000E-040  1.00000E-040  1.00000E-040  1.00000E-040  1.00000E-040  1.00000E-040  1.39739E-024  1.00000E-040  1.00000E-040  1.58014E-021  4.99045E-007  4.75075E-004  5.87117E-014  3.85593E-016  2.11960E-001  3.09655E-008  2.82985E-004  5.70250E-023  3.66403E-011  1.00000E-040  1.00000E-040  1.08861E-033  1.90490E-020  7.98437E-007  8.49284E-030  6.21524E-027  1.00000E-040  5.13780E-040  1.00000E-040  1.61341E-013  3.44768E-019  2.69108E-019  1.59890E-011  1.00000E-040  1.00000E-040  3.34178E-010  2.85075E-036  4.96946E-011  2.02620E-030  7.87280E-001  1.69623E-023  9.24228E-014  4.39187E-010  2.01953E-040  1.00000E-040  7.38957E-029  3.04097E-024  4.75518E-014  4.15717E-015  9.44904E-012  1.95393E-015  2.71738E-007  8.52192E-010  5.52792E-008  5.64203E-013  2.00166E-014  2.44331E-020  4.27140E-013  2.59173E-011  1.14145E-011  1.07034E-031  5.41375E-036  1.00000E-040  3.10722E-031  4.74772E-013  7.30625E-023  2.22860E-022  7.00122E-018  8.86190E-025  5.80965E-025  8.20626E-038  9.80998E-038  1.00000E-040  1.00000E-040  1.83943E-029  1.00000E-040  1.26716E-039  2.60186E-025  2.04390E-015  1.99188E-035  1.00000E-040  3.76849E-022  9.70598E-018  8.93126E-019  1.17337E-014  7.48893E-026  6.66937E-011  1.00000E-040  1.65468E-017  1.00000E-040  4.96393E-025  3.25419E-030  1.36780E-022  8.07352E-025  3.69312E-010  1.69479E-023  8.80156E-022  2.71862E-013  1.86595E-014  1.00000E-040  1.00000E-040  1.49355E-024  1.00000E-040  3.03815E-022  3.54913E-011  7.58221E-038  1.00000E-003  1.00000E-005  1.00000E-005  1.00000E-005  1.00000E-005  1.00000E-005  1.00000E-005  1.00000E-005  1.00000E-005  1.00000E-005  1.00000E-005  1.00000E-005  1.00000E-005  1.00000E-005  1.00000E-005  1.00000E-005  
8.50000E+000  3.56310E-001  1.08576E+019  2.37690E+002  1.00000E+005  1.52202E-004  1.00000E-040  1.00000E-040  7.49371E-011  1.00000E-040  1.00000E-040  1.00000E-040  1.00000E-040  1.00000E-040  1.00000E-040  1.00000E-040  1.00000E-040  1.00000E-040  1.00000E-040  1.21065E-024  1.00000E-040  1.00000E-040  1.72760E-021  4.99327E-007  2.56147E-004  6.08505E-014  4.83432E-016  2.12006E-001  3.03297E-008  2.83048E-004  6.90513E-023  3.95053E-011  1.00000E-040  1.00000E-040  8.65910E-034  1.58625E-020  7.98248E-007  7.02307E-030  5.98557E-027  1.00000E-040  1.00000E-040  1.00000E-040  1.02826E-013  2.41536E-019  3.07311E-019  1.30262E-011  1.00000E-040  1.00000E-040  3.34058E-010  1.31944E-036  4.96756E-011  3.12507E-030  7.87453E-001  1.67415E-023  8.09476E-014  4.32154E-010  2.42341E-039  1.00000E-040  6.83207E-029  3.04770E-024  1.65249E-013  4.81394E-015  9.30704E-012  1.48457E-015  2.71737E-007  7.76143E-010  5.88572E-008  7.68222E-013  1.96931E-014  3.10417E-020  7.91878E-013  2.99595E-011  5.14636E-012  9.79816E-032  5.50813E-036  1.00000E-040  2.81076E-031  3.41827E-013  7.30785E-023  2.53788E-022  6.37781E-018  1.18812E-024  5.47781E-025  8.20832E-038  8.98645E-038  1.00000E-040  1.00000E-040  1.93102E-029  1.00000E-040  1.22388E-039  2.92459E-025  1.25415E-015  1.42262E-035  6.27821E-038  5.42253E-022  1.25858E-017  1.31487E-018  1.39410E-014  5.42223E-026  6.46778E-011  1.00000E-040  3.65821E-017  1.00000E-040  6.84538E-025  2.91783E-030  1.36810E-022  8.20934E-025  1.36483E-010  1.51614E-023  1.09689E-021  2.05494E-013  1.86649E-014  1.00000E-040  1.00000E-040  8.67606E-025  1.00000E-040  2.64568E-022  3.54229E-011  7.58862E-038  1.00000E-003  1.00000E-005  1.00000E-005  1.00000E-005  1.00000E-005  1.00000E-005  1.00000E-005  1.00000E-005  1.00000E-005  1.00000E-005  1.00000E-005  1.00000E-005  1.00000E-005  1.00000E-005  1.00000E-005  1.00000E-005  
9.50000E+000  3.08070E-001  9.68215E+018  2.30459E+002  9.61769E+004  8.38587E-005  1.00000E-040  1.00000E-040  2.07224E-010  1.00000E-040  1.00000E-040  1.00000E-040  1.00000E-040  1.00000E-040  1.00000E-040  1.00000E-040  1.00000E-040  1.00000E-040  1.00000E-040  3.57841E-024  1.00000E-040  1.00000E-040  1.85769E-021  4.99476E-007  1.33913E-004  6.59217E-014  6.10947E-016  2.12032E-001  2.96494E-008  2.83084E-004  5.59464E-023  2.80798E-011  1.00000E-040  1.00000E-040  7.42320E-034  1.36812E-020  7.98024E-007  6.29532E-030  5.75835E-027  1.00000E-040  1.00000E-040  1.00000E-040  6.80032E-014  1.83759E-019  3.90269E-019  1.08171E-011  1.00000E-040  1.00000E-040  3.33896E-010  6.12741E-037  4.96575E-011  5.11015E-030  7.87549E-001  1.63861E-023  6.37126E-014  4.26210E-010  1.83399E-038  1.00000E-040  6.36784E-029  3.07128E-024  5.83828E-013  5.39671E-015  8.17558E-012  1.16394E-015  2.71701E-007  6.61516E-010  6.28758E-008  9.32368E-013  1.57512E-014  4.92691E-020  1.42837E-012  3.52410E-011  1.99613E-012  1.00429E-031  5.83088E-036  1.00000E-040  2.65471E-031  2.09510E-013  7.30874E-023  2.91058E-022  5.84341E-018  1.58253E-024  5.32318E-025  8.20964E-038  8.23559E-038  1.00000E-040  1.00000E-040  2.03585E-029  1.00000E-040  1.24261E-039  3.50230E-025  7.77937E-016  1.08869E-035  6.13889E-037  8.32078E-022  1.83175E-017  1.16373E-018  1.60521E-014  3.89934E-026  6.25712E-011  1.00000E-040  8.78523E-017  1.00000E-040  9.94077E-025  2.63448E-030  1.36826E-022  8.40873E-025  2.89079E-011  1.44854E-023  1.36700E-021  1.37321E-013  1.86676E-014  1.00000E-040  1.00000E-040  5.31755E-025  1.00000E-040  2.30146E-022  3.53612E-011  7.59628E-038  1.00000E-003  1.00000E-005  1.00000E-005  1.00000E-005  1.00000E-005  1.00000E-005  1.00000E-005  1.00000E-005  1.00000E-005  1.00000E-005  1.00000E-005  1.00000E-005  1.00000E-005  1.00000E-005  1.00000E-005  1.00000E-005  
1.05000E+001  2.65193E-001  8.58659E+018  2.23696E+002  6.85565E+004  3.51345E-005  1.00000E-040  1.00000E-040  4.57493E-009  1.00000E-040  1.00000E-040  1.00000E-040  1.00000E-040  1.00000E-040  1.00000E-040  1.00000E-040  1.00000E-040  1.00000E-040  1.00000E-040  1.12774E-022  1.00000E-040  1.00000E-040  1.97790E-021  4.99528E-007  7.16631E-005  7.21224E-014  7.94489E-016  2.12045E-001  2.88462E-008  2.83102E-004  3.07565E-023  1.34741E-011  1.00000E-040  1.00000E-040  6.57703E-034  1.20675E-020  7.97721E-007  5.74298E-030  5.49696E-027  1.00000E-040  1.00000E-040  1.00000E-040  4.51995E-014  1.41722E-019  5.07056E-019  8.98306E-012  1.00000E-040  1.00000E-040  3.33658E-010  2.89623E-037  4.96373E-011  7.95213E-030  7.87598E-001  1.51089E-023  4.28881E-014  4.20295E-010  1.04803E-037  1.00000E-040  5.95517E-029  3.16913E-024  1.41649E-012  5.84666E-015  6.59077E-012  9.11440E-016  2.71623E-007  5.20864E-010  6.82464E-008  1.19203E-012  1.17741E-014  7.78864E-020  2.52790E-012  4.33163E-011  1.04118E-012  1.17351E-031  6.19218E-036  1.00000E-040  2.55423E-031  1.03203E-013  7.30919E-023  3.44037E-022  5.34395E-018  2.05492E-024  5.34351E-025  8.21060E-038  7.45290E-038  1.00000E-040  1.00000E-040  2.18312E-029  1.00000E-040  1.31028E-039  4.47257E-025  4.59253E-016  8.61676E-036  3.17792E-037  1.28263E-021  2.73456E-017  6.49861E-019  1.85435E-014  2.80621E-026  6.01807E-011  1.00000E-040  2.07591E-016  1.00000E-040  1.39385E-024  2.38075E-030  1.36835E-022  8.79798E-025  5.58050E-012  1.39440E-023  1.73120E-021  7.68145E-014  1.86689E-014  1.00000E-040  1.00000E-040  3.32382E-025  1.00000E-040  1.96483E-022  3.52948E-011  7.60955E-038  1.00000E-003  1.00000E-005  1.00000E-005  1.00000E-005  1.00000E-005  1.00000E-005  1.00000E-005  1.00000E-005  1.00000E-005  1.00000E-005  1.00000E-005  1.00000E-005  1.00000E-005  1.00000E-005  1.00000E-005  1.00000E-005  
1.15000E+001  2.27322E-001  7.55812E+018  2.17843E+002  2.37960E+004  8.41683E-006  1.00000E-040  1.00000E-040  1.89012E-009  1.00000E-040  1.00000E-040  1.00000E-040  1.00000E-040  1.00000E-040  1.00000E-040  1.00000E-040  1.00000E-040  1.00000E-040  1.00000E-040  7.21181E-023  1.00000E-040  1.00000E-040  2.13532E-021  4.99509E-007  4.10285E-005  7.74432E-014  1.14545E-015  2.12052E-001  2.74543E-008  2.83113E-004  1.84646E-023  7.06561E-012  1.00000E-040  1.00000E-040  5.88374E-034  1.08744E-020  7.97074E-007  4.67462E-030  5.00891E-027  2.46972E-040  2.73916E-039  1.00000E-040  2.48710E-014  9.29418E-020  5.81522E-019  6.74405E-012  1.00000E-040  1.00000E-040  3.33108E-010  1.44480E-037  4.96014E-011  1.05403E-029  7.87622E-001  1.23945E-023  2.10636E-014  4.10587E-010  6.98635E-037  1.00000E-040  5.44950E-029  3.62395E-024  3.41931E-012  6.04475E-015  5.15638E-012  6.93371E-016  2.71414E-007  3.40157E-010  8.03550E-008  2.15120E-012  9.12856E-015  1.02815E-019  5.29494E-012  6.38293E-011  9.76504E-013  1.71518E-031  6.33529E-036  1.00000E-040  2.56773E-031  2.93082E-014  7.30940E-023  4.69488E-022  4.66293E-018  2.62053E-024  5.86088E-025  8.21190E-038  6.17044E-038  1.00000E-040  1.00000E-040  2.54388E-029  1.00000E-040  1.51627E-039  6.70018E-025  2.10044E-016  6.95193E-036  4.12715E-037  1.82460E-021  3.58622E-017  4.86205E-019  2.35822E-014  1.94395E-026  5.60732E-011  1.00000E-040  4.42246E-016  1.00000E-040  1.72087E-024  2.07515E-030  1.36839E-022  1.00421E-024  1.47019E-012  1.18071E-023  2.38777E-021  2.56241E-014  1.86695E-014  1.00000E-040  1.00000E-040  2.05867E-025  1.00000E-040  1.46837E-022  3.51750E-011  7.63398E-038  1.00000E-003  1.00000E-005  1.00000E-005  1.00000E-005  1.00000E-005  1.00000E-005  1.00000E-005  1.00000E-005  1.00000E-005  1.00000E-005  1.00000E-005  1.00000E-005  1.00000E-005  1.00000E-005  1.00000E-005  1.00000E-005  
1.25000E+001  1.94134E-001  6.59557E+018  2.13190E+002  1.42829E+004  2.03908E-006  1.00000E-040  1.00000E-040  1.04461E-009  1.00000E-040  1.00000E-040  1.00000E-040  1.00000E-040  1.00000E-040  1.00000E-040  1.00000E-040  1.00000E-040  1.00000E-040  1.00000E-040  5.26752E-023  1.00000E-040  1.00000E-040  2.35558E-021  4.99360E-007  2.44800E-005  8.47600E-014  1.97652E-015  2.12055E-001  2.50347E-008  2.83120E-004  1.54059E-023  5.09644E-012  1.00000E-040  1.00000E-040  5.89759E-034  1.06322E-020  7.95630E-007  4.69085E-030  4.06385E-027  3.01162E-040  3.38329E-039  1.00000E-040  9.85337E-015  5.18853E-020  6.07711E-019  4.20548E-012  1.00000E-040  1.00000E-040  3.31763E-010  8.34884E-038  4.95358E-011  1.41472E-029  7.87636E-001  1.05210E-023  8.32894E-015  3.93280E-010  5.44306E-036  1.00000E-040  4.97111E-029  5.08510E-024  8.75064E-012  5.34437E-015  3.55091E-012  5.42308E-016  2.70875E-007  1.60876E-010  1.10102E-007  5.07129E-012  8.33992E-015  1.20097E-019  1.23643E-011  1.20394E-010  9.07679E-013  2.94956E-031  6.46061E-036  1.00000E-040  2.98937E-031  4.44221E-015  7.30948E-023  7.95710E-022  3.78829E-018  3.02984E-024  7.99308E-025  8.21471E-038  4.11520E-038  1.00000E-040  1.00000E-040  3.45812E-029  1.00000E-040  2.22117E-039  1.14956E-024  8.39730E-017  6.39300E-036  6.25253E-037  2.35234E-021  4.26596E-017  4.78873E-019  3.43424E-014  1.31489E-026  4.91643E-011  1.00000E-040  8.31516E-016  1.00000E-040  1.86385E-024  1.77324E-030  1.36840E-022  1.36610E-024  4.93831E-013  8.34622E-024  3.86025E-021  4.34827E-015  1.86698E-014  1.00000E-040  1.00000E-040  1.42512E-025  1.00000E-040  8.00375E-023  3.49380E-011  7.68999E-038  1.00000E-003  1.00000E-005  1.00000E-005  1.00000E-005  1.00000E-005  1.00000E-005  1.00000E-005  1.00000E-005  1.00000E-005  1.00000E-005  1.00000E-005  1.00000E-005  1.00000E-005  1.00000E-005  1.00000E-005  1.00000E-005  
1.35000E+001  1.65283E-001  5.71380E+018  2.09517E+002  6.95701E+003  5.05933E-007  1.00000E-040  1.00000E-040  6.10810E-010  1.00000E-040  1.00000E-040  1.00000E-040  1.00000E-040  1.00000E-040  1.00000E-040  1.00000E-040  1.00000E-040  1.00000E-040  1.00000E-040  4.36409E-023  1.00000E-040  1.00000E-040  2.47541E-021  4.98936E-007  1.67704E-005  9.06682E-014  3.97386E-015  2.12056E-001  2.17032E-008  2.83126E-004  1.40034E-023  4.00587E-012  1.00000E-040  1.00000E-040  6.04862E-034  1.07543E-020  7.92862E-007  1.18912E-029  2.68001E-027  1.00000E-040  1.00000E-040  1.00000E-040  2.87090E-015  2.73897E-020  6.21808E-019  2.18619E-012  1.00000E-040  1.00000E-040  3.28975E-010  5.28739E-038  4.94358E-011  1.95138E-029  7.87642E-001  9.43520E-024  3.29583E-015  3.67388E-010  4.50772E-035  1.00000E-040  4.86296E-029  7.95039E-024  2.03000E-011  3.55998E-015  2.13939E-012  4.19810E-016  2.69720E-007  5.50102E-011  1.71625E-007  1.29593E-011  9.32951E-015  9.71179E-020  2.66297E-011  2.49506E-010  8.07530E-013  4.70261E-031  6.34191E-036  1.00000E-040  3.80427E-031  5.10083E-016  7.30946E-023  1.52439E-021  2.99063E-018  3.19308E-024  1.24337E-024  8.22059E-038  1.88538E-038  1.00000E-040  1.00000E-040  5.36086E-029  1.00000E-040  3.57863E-039  1.96058E-024  3.37342E-017  6.10900E-036  3.71752E-037  2.62625E-021  5.04159E-017  4.83575E-019  5.67869E-014  8.36229E-027  4.02255E-011  1.00000E-040  1.33913E-015  1.00000E-040  1.87740E-024  1.52350E-030  1.36840E-022  1.98263E-024  1.92179E-013  4.74453E-024  7.15243E-021  4.89814E-016  1.86697E-014  1.00000E-040  1.00000E-040  1.01471E-025  1.00000E-040  2.58284E-023  3.45351E-011  7.80893E-038  1.00000E-003  1.00000E-005  1.00000E-005  1.00000E-005  1.00000E-005  1.00000E-005  1.00000E-005  1.00000E-005  1.00000E-005  1.00000E-005  1.00000E-005  1.00000E-005  1.00000E-005  1.00000E-005  1.00000E-005  1.00000E-005  
1.45000E+001  1.40354E-001  4.92551E+018  2.06391E+002  5.42540E+003  1.78013E-007  1.00000E-040  1.00000E-040  4.41911E-010  1.00000E-040  1.00000E-040  1.00000E-040  1.00000E-040  1.00000E-040  1.00000E-040  1.00000E-040  1.00000E-040  1.00000E-040  1.00000E-040  3.97216E-023  1.00000E-040  1.00000E-040  2.35860E-021  4.98014E-007  1.23061E-005  9.10268E-014  8.61042E-015  2.12056E-001  1.78685E-008  2.83132E-004  1.23407E-023  3.07741E-012  1.00000E-040  1.00000E-040  5.72397E-034  1.06246E-020  7.88087E-007  5.02098E-029  1.25453E-027  1.00000E-040  1.00000E-040  1.00000E-040  6.59393E-016  1.42352E-020  6.07971E-019  9.91657E-013  1.00000E-040  1.00000E-040  3.23847E-010  3.34742E-038  4.93004E-011  2.66770E-029  7.87646E-001  8.30334E-024  1.30038E-015  3.33171E-010  4.15385E-034  1.00000E-040  5.15689E-029  1.16303E-023  4.21850E-011  1.71763E-015  1.26580E-012  3.06617E-016  2.67546E-007  1.60111E-011  2.83958E-007  3.31709E-011  1.19456E-014  5.96640E-020  5.11617E-011  5.00429E-010  4.84888E-013  6.41445E-031  5.78433E-036  1.00000E-040  4.77151E-031  6.08087E-017  7.30934E-023  2.98599E-021  2.47466E-018  3.30140E-024  1.87545E-024  8.23185E-038  4.76494E-039  1.00000E-040  1.00000E-040  8.83776E-029  1.00000E-040  5.09125E-039  2.97155E-024  1.33790E-017  5.43253E-036  9.79802E-037  2.49199E-021  5.96022E-017  4.67589E-019  1.00262E-013  4.55541E-027  3.06703E-011  1.00000E-040  1.88507E-015  1.00000E-040  1.84750E-024  1.30539E-030  1.36839E-022  2.45885E-024  8.10177E-014  2.18994E-024  1.41610E-020  5.11811E-017  1.86694E-014  1.00000E-040  1.00000E-040  6.66344E-026  1.00000E-040  4.01787E-024  3.39183E-011  8.05957E-038  1.00000E-003  1.00000E-005  1.00000E-005  1.00000E-005  1.00000E-005  1.00000E-005  1.00000E-005  1.00000E-005  1.00000E-005  1.00000E-005  1.00000E-005  1.00000E-005  1.00000E-005  1.00000E-005  1.00000E-005  1.00000E-005  
1.55000E+001  1.18907E-001  4.23072E+018  2.03569E+002  4.40851E+003  8.66993E-008  1.00000E-040  1.00000E-040  3.71837E-010  1.00000E-040  1.00000E-040  1.00000E-040  1.00000E-040  1.00000E-040  1.00000E-040  1.00000E-040  1.00000E-040  1.00000E-040  1.00000E-040  3.83057E-023  1.00000E-040  1.00000E-040  2.21616E-021  4.96545E-007  9.53739E-006  9.05874E-014  1.78409E-014  2.12056E-001  1.44429E-008  2.83137E-004  1.11572E-023  2.41334E-012  1.00000E-040  1.00000E-040  5.52725E-034  1.07689E-020  7.81531E-007  2.13035E-028  4.50158E-028  1.00000E-040  1.00000E-040  1.00000E-040  1.43827E-016  8.14333E-021  5.78247E-019  4.61702E-013  1.00000E-040  1.00000E-040  3.16473E-010  2.17071E-038  4.91519E-011  3.97475E-029  7.87649E-001  7.38807E-024  5.71142E-016  2.96641E-010  4.21759E-033  1.00000E-040  5.40691E-029  1.39969E-023  7.70145E-011  8.16589E-016  8.41285E-013  2.20608E-016  2.64372E-007  5.60124E-012  4.44717E-007  7.27206E-011  1.56536E-014  3.45052E-020  8.47754E-011  8.63980E-010  2.53518E-013  7.38171E-031  5.19356E-036  1.00000E-040  5.57437E-031  9.85581E-018  7.30914E-023  5.30718E-021  2.32441E-018  3.33621E-024  2.52158E-024  8.24888E-038  6.85408E-040  1.00000E-040  1.00000E-040  1.38109E-028  1.00000E-040  5.92516E-039  3.61698E-024  6.01007E-018  4.95119E-036  1.00000E-040  2.24546E-021  7.17379E-017  4.58004E-019  1.57451E-013  2.19435E-027  2.27318E-011  1.00000E-040  2.52009E-015  1.00000E-040  1.70359E-024  1.00077E-030  1.36837E-022  2.26319E-024  3.96551E-014  1.02231E-024  2.67352E-020  6.98625E-018  1.86689E-014  1.00000E-040  1.00000E-040  4.45002E-026  1.00000E-040  3.85427E-025  3.31565E-011  8.38328E-038  1.00000E-003  1.00000E-005  1.00000E-005  1.00000E-005  1.00000E-005  1.00000E-005  1.00000E-005  1.00000E-005  1.00000E-005  1.00000E-005  1.00000E-005  1.00000E-005  1.00000E-005  1.00000E-005  1.00000E-005  1.00000E-005  
1.65000E+001  1.00524E-001  3.62024E+018  2.01117E+002  3.94335E+003  4.65586E-008  1.00000E-040  1.00000E-040  3.46078E-010  1.00000E-040  1.00000E-040  1.00000E-040  1.00000E-040  1.00000E-040  1.00000E-040  1.00000E-040  1.00000E-040  1.00000E-040  1.00000E-040  3.79082E-023  1.00000E-040  1.00000E-040  2.18976E-021  4.94425E-007  7.77456E-006  9.45376E-014  3.55490E-014  2.12055E-001  1.14996E-008  2.83142E-004  1.11106E-023  2.05565E-012  1.00000E-040  1.00000E-040  6.17208E-034  1.19795E-020  7.72948E-007  8.21294E-028  1.82343E-028  1.00000E-040  1.58400E-036  1.00000E-040  3.01695E-017  5.20838E-021  5.54876E-019  2.40071E-013  1.00000E-040  1.00000E-040  3.06491E-010  1.54606E-038  4.89911E-011  6.93722E-029  7.87652E-001  7.02618E-024  2.88704E-016  2.58061E-010  5.63124E-032  1.00000E-040  5.43559E-029  1.47849E-023  1.27324E-010  4.76716E-016  6.56393E-013  1.66323E-016  2.60031E-007  2.77853E-012  6.62095E-007  1.39423E-010  2.09906E-014  2.20829E-020  1.25744E-010  1.35219E-009  1.28875E-013  7.60287E-031  4.84891E-036  1.00000E-040  6.43457E-031  2.14347E-018  7.30885E-023  8.79913E-021  2.51644E-018  3.39180E-024  3.28939E-024  8.27330E-038  1.00000E-040  1.00000E-040  1.00000E-040  2.05476E-028  1.00000E-040  6.37081E-039  3.83525E-024  3.17455E-018  5.25091E-036  6.33515E-036  2.01525E-021  8.87153E-017  4.84081E-019  2.10351E-013  9.93685E-028  1.63445E-011  1.00000E-040  3.35326E-015  1.00000E-040  1.49819E-024  6.84045E-031  1.36833E-022  1.68975E-024  2.33564E-014  5.54573E-025  4.84600E-020  1.26158E-018  1.86682E-014  1.00000E-040  1.00000E-040  3.43116E-026  1.00000E-040  4.86947E-026  3.22413E-011  8.86920E-038  1.00000E-003  1.00000E-005  1.00000E-005  1.00000E-005  1.00000E-005  1.00000E-005  1.00000E-005  1.00000E-005  1.00000E-005  1.00000E-005  1.00000E-005  1.00000E-005  1.00000E-005  1.00000E-005  1.00000E-005  1.00000E-005  
1.75000E+001  8.48291E-002  3.08473E+018  1.99179E+002  3.89374E+003  2.38372E-008  1.00000E-040  1.00000E-040  3.36560E-010  1.00000E-040  1.00000E-040  1.00000E-040  1.00000E-040  1.00000E-040  1.00000E-040  1.00000E-040  1.00000E-040  1.00000E-040  1.00000E-040  3.78826E-023  1.00000E-040  1.00000E-040  2.42983E-021  4.91689E-007  6.81152E-006  1.09079E-013  6.79218E-014  2.12053E-001  9.11159E-009  2.83145E-004  1.28060E-023  1.98749E-012  1.00000E-040  1.00000E-040  8.88135E-034  1.54163E-020  7.62608E-007  2.86805E-027  1.76831E-028  7.03110E-036  7.27682E-035  1.00000E-040  6.13391E-018  3.92868E-021  5.85551E-019  1.57492E-013  1.00000E-040  1.00000E-040  2.94155E-010  1.30965E-038  4.88254E-011  1.58365E-028  7.87655E-001  7.62784E-024  1.82640E-016  2.19070E-010  1.06548E-030  1.00000E-040  5.35949E-029  1.50351E-023  1.88306E-010  3.66889E-016  6.32880E-013  1.38811E-016  2.54630E-007  2.16228E-012  9.31834E-007  2.29573E-010  2.82538E-014  1.82988E-020  1.65771E-010  1.95848E-009  7.54464E-014  7.26420E-031  4.94945E-036  1.00000E-040  7.67449E-031  6.72940E-019  7.30848E-023  1.36254E-020  3.12812E-018  3.75873E-024  4.44745E-024  8.30554E-038  1.00000E-040  1.00000E-040  1.00000E-040  2.89465E-028  1.00000E-040  7.32921E-039  3.92581E-024  2.13192E-018  7.24740E-036  4.82007E-036  1.88271E-021  1.15753E-016  5.77461E-019  2.39275E-013  4.80152E-028  1.14482E-011  1.00000E-040  4.54519E-015  1.00000E-040  1.40701E-024  4.65509E-031  1.36828E-022  1.22077E-024  1.76279E-014  4.14993E-025  8.40933E-020  3.26449E-019  1.86673E-014  1.00000E-040  1.00000E-040  3.41619E-026  1.00000E-040  1.72086E-026  3.12113E-011  8.65565E-038  1.00000E-003  1.00000E-005  1.00000E-005  1.00000E-005  1.00000E-005  1.00000E-005  1.00000E-005  1.00000E-005  1.00000E-005  1.00000E-005  1.00000E-005  1.00000E-005  1.00000E-005  1.00000E-005  1.00000E-005  1.00000E-005  
1.85000E+001  7.14830E-002  2.61859E+018  1.97721E+002  3.93732E+003  1.02551E-008  1.00000E-040  1.00000E-040  3.32500E-010  1.00000E-040  1.00000E-040  1.00000E-040  1.00000E-040  1.00000E-040  1.00000E-040  1.00000E-040  1.00000E-040  1.00000E-040  1.00000E-040  3.79820E-023  1.00000E-040  1.00000E-040  3.03640E-021  4.88383E-007  6.40643E-006  1.38825E-013  1.25368E-013  2.12050E-001  7.24188E-009  2.83147E-004  1.66606E-023  2.13116E-012  1.00000E-040  1.00000E-040  1.60848E-033  2.24707E-020  7.50788E-007  9.13084E-027  2.47979E-028  1.00000E-040  6.22089E-037  1.00000E-040  1.20622E-018  3.45534E-021  7.08645E-019  1.39483E-013  1.00000E-040  1.00000E-040  2.79747E-010  1.31496E-038  4.86597E-011  5.17205E-028  7.87657E-001  9.59909E-024  1.43902E-016  1.80716E-010  1.00000E-040  1.00000E-040  5.33284E-029  1.56233E-023  2.53545E-010  3.44617E-016  7.33300E-013  1.27867E-016  2.48290E-007  2.44717E-012  1.25044E-006  3.32613E-010  3.76946E-014  2.09638E-020  1.97898E-010  2.67941E-009  6.11118E-014  6.59955E-031  5.51501E-036  1.00000E-040  9.52601E-031  3.02914E-019  7.30803E-023  2.00007E-020  4.36058E-018  4.64554E-024  6.32484E-024  8.34620E-038  1.00000E-040  1.00000E-040  1.00000E-040  3.89415E-028  1.00000E-040  9.55051E-039  4.12399E-024  1.78339E-018  1.27135E-035  1.26932E-035  1.82499E-021  1.58450E-016  7.61940E-019  2.45304E-013  2.61619E-028  7.80236E-012  1.00000E-040  6.26924E-015  1.02698E-040  1.48916E-024  3.40973E-031  1.36822E-022  9.52576E-025  1.64125E-014  4.57001E-025  1.41017E-019  1.23774E-019  1.86661E-014  1.00000E-040  1.00000E-040  4.29535E-026  1.00000E-040  9.54897E-027  3.00996E-011  9.58240E-038  1.00000E-003  1.00000E-005  1.00000E-005  1.00000E-005  1.00000E-005  1.00000E-005  1.00000E-005  1.00000E-005  1.00000E-005  1.00000E-005  1.00000E-005  1.00000E-005  1.00000E-005  1.00000E-005  1.00000E-005  1.00000E-005  
1.95000E+001  6.01695E-002  2.21771E+018  1.96512E+002  4.20491E+003  3.90449E-009  1.00000E-040  1.00000E-040  3.29864E-010  1.00000E-040  1.00000E-040  1.00000E-040  1.00000E-040  1.00000E-040  1.00000E-040  1.00000E-040  1.00000E-040  1.00000E-040  1.00000E-040  3.80994E-023  1.00000E-040  1.00000E-040  4.11816E-021  4.84552E-007  6.27447E-006  1.87251E-013  2.24720E-013  2.12048E-001  5.82736E-009  2.83148E-004  2.31022E-023  2.40649E-012  1.00000E-040  1.00000E-040  3.30849E-033  3.49653E-020  7.37742E-007  2.66779E-026  3.59564E-028  2.79348E-036  3.08618E-035  1.00000E-040  2.48580E-019  3.36169E-021  9.79170E-019  1.59415E-013  1.00000E-040  1.00000E-040  2.63522E-010  1.45269E-038  4.84980E-011  2.14939E-027  7.87660E-001  1.34928E-023  1.32459E-016  1.43899E-010  1.00000E-040  1.00000E-040  5.42551E-029  1.66710E-023  3.22475E-010  3.59039E-016  9.39414E-013  1.23141E-016  2.41117E-007  3.38418E-012  1.61679E-006  4.41623E-010  4.90367E-014  3.12985E-020  2.21423E-010  3.49736E-009  6.69619E-014  5.78931E-031  6.47629E-036  1.00000E-040  1.20030E-030  1.78100E-019  7.30752E-023  2.82669E-020  6.59866E-018  6.14678E-024  9.19808E-024  8.39615E-038  1.00000E-040  1.00000E-040  1.00000E-040  5.05382E-028  1.00000E-040  1.35787E-038  4.44575E-024  1.71147E-018  2.54586E-035  1.10807E-035  1.78976E-021  2.22263E-016  1.05970E-018  2.39075E-013  1.57055E-028  5.16634E-012  1.00000E-040  8.69096E-015  1.46129E-040  1.71105E-024  2.70184E-031  1.36815E-022  8.03481E-025  1.71837E-014  6.82153E-025  2.30646E-019  6.29192E-020  1.86649E-014  1.00000E-040  1.00000E-040  6.14109E-026  1.00000E-040  6.18040E-027  2.89349E-011  1.00814E-037  1.00000E-003  1.00000E-005  1.00000E-005  1.00000E-005  1.00000E-005  1.00000E-005  1.00000E-005  1.00000E-005  1.00000E-005  1.00000E-005  1.00000E-005  1.00000E-005  1.00000E-005  1.00000E-005  1.00000E-005  1.00000E-005  
2.05000E+001  5.06013E-002  1.87375E+018  1.95599E+002  4.72335E+003  1.00000E-040  1.00000E-040  1.00000E-040  3.27188E-010  1.00000E-040  1.00000E-040  1.00000E-040  1.00000E-040  1.00000E-040  1.00000E-040  1.00000E-040  1.00000E-040  1.00000E-040  1.00000E-040  3.82292E-023  1.00000E-040  1.00000E-040  5.96837E-021  4.80342E-007  6.30470E-006  2.60872E-013  3.92910E-013  2.12045E-001  4.82203E-009  2.83148E-004  3.32183E-023  2.78968E-012  1.00000E-040  1.00000E-040  7.35546E-033  5.66638E-020  7.24049E-007  7.21767E-026  4.96316E-028  1.00000E-040  1.00000E-040  1.00000E-040  7.73934E-020  3.53927E-021  1.52642E-018  2.13001E-013  1.00000E-040  1.00000E-040  2.46169E-010  1.73692E-038  4.83470E-011  9.33373E-027  7.87662E-001  2.05069E-023  1.37745E-016  1.10353E-010  4.35437E-032  1.00000E-040  5.66243E-029  1.81160E-023  3.96632E-010  3.97089E-016  1.26543E-012  1.20343E-016  2.33409E-007  5.09968E-012  2.02127E-006  5.52840E-010  6.23788E-014  5.58374E-020  2.37465E-010  4.36191E-009  8.71213E-014  4.97303E-031  7.80661E-036  1.00000E-040  1.50083E-030  1.29666E-019  7.30697E-023  3.86716E-020  1.04708E-017  8.36002E-024  1.33811E-023  8.45505E-038  1.00000E-040  1.00000E-040  1.00000E-040  6.35119E-028  1.00000E-040  2.03678E-038  4.87277E-024  1.79467E-018  5.54533E-035  1.55392E-035  1.74180E-021  3.09584E-016  1.51180E-018  2.27079E-013  1.03860E-028  3.36001E-012  1.00000E-040  1.16272E-014  2.18106E-040  2.05144E-024  2.29101E-031  1.36808E-022  7.16706E-025  1.92676E-014  1.21646E-024  3.69358E-019  4.03207E-020  1.86635E-014  1.00000E-040  1.00000E-040  9.51378E-026  1.00000E-040  4.50640E-027  2.77720E-011  1.00293E-037  1.00000E-003  1.00000E-005  1.00000E-005  1.00000E-005  1.00000E-005  1.00000E-005  1.00000E-005  1.00000E-005  1.00000E-005  1.00000E-005  1.00000E-005  1.00000E-005  1.00000E-005  1.00000E-005  1.00000E-005  1.00000E-005  
2.15000E+001  4.25296E-002  1.57889E+018  1.95100E+002  5.25999E+003  1.00000E-040  1.00000E-040  1.00000E-040  3.23762E-010  1.00000E-040  1.00000E-040  1.00000E-040  1.00000E-040  1.00000E-040  1.00000E-040  1.00000E-040  1.00000E-040  1.00000E-040  1.00000E-040  3.83918E-023  1.00000E-040  1.00000E-040  9.08561E-021  4.75813E-007  6.33600E-006  3.66103E-013  6.77046E-013  2.12041E-001  4.14113E-009  2.83148E-004  4.86709E-023  3.27171E-012  1.00000E-040  1.00000E-040  1.70399E-032  9.43342E-020  7.09949E-007  1.82033E-025  6.57896E-028  1.00000E-040  1.00000E-040  1.00000E-040  5.12550E-020  3.93183E-021  2.58631E-018  3.08783E-013  1.00000E-040  1.00000E-040  2.27997E-010  2.23832E-038  4.82086E-011  3.79563E-026  7.87665E-001  3.24138E-023  1.53328E-016  8.08614E-011  6.39766E-034  1.00000E-040  6.05070E-029  1.97987E-023  4.81991E-010  4.49432E-016  1.72476E-012  1.18943E-016  2.25288E-007  7.75483E-012  2.46298E-006  6.74442E-010  7.87096E-014  1.15574E-019  2.48837E-010  5.23169E-009  1.23438E-013  4.22161E-031  9.40404E-036  1.00000E-040  1.82828E-030  1.07068E-019  7.30638E-023  5.17933E-020  1.71135E-017  1.14025E-023  1.92885E-023  8.52379E-038  1.00000E-040  1.00000E-040  1.00000E-040  7.79431E-028  1.00000E-040  3.10811E-038  5.35718E-024  1.95518E-018  1.27025E-034  1.61902E-035  1.63319E-021  4.12557E-016  2.16924E-018  2.13027E-013  7.50402E-029  2.15826E-012  1.00000E-040  1.45938E-014  3.30913E-040  2.46961E-024  2.02162E-031  1.36800E-022  6.50166E-025  2.23024E-014  2.33808E-024  5.83877E-019  2.93471E-020  1.86620E-014  1.00000E-040  1.00000E-040  1.54409E-025  1.00000E-040  3.63956E-027  2.66327E-011  9.52564E-038  1.00000E-003  1.00000E-005  1.00000E-005  1.00000E-005  1.00000E-005  1.00000E-005  1.00000E-005  1.00000E-005  1.00000E-005  1.00000E-005  1.00000E-005  1.00000E-005  1.00000E-005  1.00000E-005  1.00000E-005  1.00000E-005  
2.25000E+001  3.57380E-002  1.32714E+018  1.95043E+002  5.99062E+003  1.00000E-040  1.00000E-040  1.00000E-040  3.18983E-010  1.00000E-040  1.00000E-040  1.00000E-040  1.00000E-040  1.00000E-040  1.00000E-040  1.00000E-040  1.00000E-040  1.00000E-040  1.00000E-040  3.85960E-023  1.00000E-040  1.00000E-040  1.44448E-020  4.70971E-007  6.36822E-006  5.14665E-013  1.15746E-012  2.12038E-001  3.70263E-009  2.83146E-004  7.23660E-023  3.86944E-012  1.00000E-040  1.00000E-040  4.07861E-032  1.60772E-019  6.95513E-007  4.30331E-025  8.31765E-028  1.00000E-040  1.00000E-040  1.00000E-040  5.18445E-020  4.56993E-021  4.58253E-018  4.62565E-013  1.00000E-040  1.00000E-040  2.09137E-010  3.10892E-038  4.80821E-011  1.39343E-025  7.87668E-001  5.08006E-023  1.73221E-016  5.59189E-011  7.02995E-033  1.00000E-040  6.60388E-029  2.17426E-023  5.84349E-010  5.07069E-016  2.35441E-012  1.20073E-016  2.16786E-007  1.16132E-011  2.94456E-006  8.15934E-010  9.93720E-014  2.63962E-019  2.57586E-010  6.07895E-009  1.76732E-013  3.56102E-031  1.12561E-035  1.00000E-040  2.17246E-030  9.03530E-020  7.30576E-023  6.85575E-020  2.85092E-017  1.55594E-023  2.76776E-023  8.60434E-038  1.00000E-040  1.00000E-040  1.00000E-040  9.40399E-028  1.00000E-040  4.79567E-038  5.91084E-024  2.16981E-018  3.03648E-034  2.52355E-035  1.46561E-021  5.20924E-016  3.11567E-018  1.98198E-013  5.89065E-029  1.37152E-012  1.00000E-040  1.72419E-014  5.05571E-040  2.96735E-024  1.83427E-031  1.36792E-022  5.93481E-025  2.62928E-014  4.57968E-024  9.16270E-019  2.17259E-020  1.86605E-014  1.00000E-040  1.00000E-040  2.60680E-025  1.00000E-040  3.22492E-027  2.55232E-011  9.02043E-038  1.00000E-003  1.00000E-005  1.00000E-005  1.00000E-005  1.00000E-005  1.00000E-005  1.00000E-005  1.00000E-005  1.00000E-005  1.00000E-005  1.00000E-005  1.00000E-005  1.00000E-005  1.00000E-005  1.00000E-005  1.00000E-005  
2.35000E+001  3.00352E-002  1.11375E+018  1.95326E+002  6.81524E+003  1.00000E-040  1.00000E-040  1.00000E-040  3.11920E-010  1.00000E-040  1.00000E-040  1.00000E-040  1.00000E-040  1.00000E-040  1.00000E-040  1.00000E-040  1.00000E-040  1.00000E-040  1.00000E-040  3.88282E-023  1.00000E-040  1.00000E-040  2.37395E-020  4.65852E-007  6.40109E-006  7.21390E-013  1.96297E-012  2.12034E-001  3.44188E-009  2.83145E-004  1.08377E-022  4.58853E-012  1.00000E-040  1.00000E-040  9.92379E-032  2.77737E-019  6.80881E-007  9.59072E-025  1.00502E-027  3.88546E-036  4.46575E-035  1.00000E-040  5.83175E-020  5.51496E-021  8.26110E-018  6.91983E-013  1.00000E-040  1.00000E-040  1.89872E-010  4.55575E-038  4.79675E-011  4.61115E-025  7.87671E-001  7.53869E-023  1.87411E-016  3.61056E-011  1.00000E-040  1.00000E-040  7.32364E-029  2.39524E-023  7.13289E-010  5.53723E-016  3.16897E-012  1.23676E-016  2.07987E-007  1.66690E-011  3.46325E-006  9.87690E-010  1.24570E-013  6.28860E-019  2.66349E-010  6.86547E-009  2.49220E-013  2.99788E-031  1.33571E-035  1.00000E-040  2.51958E-030  6.96473E-020  7.30510E-023  9.01012E-020  4.77979E-017  2.11956E-023  3.95130E-023  8.69879E-038  1.00000E-040  1.00000E-040  1.00000E-040  1.11834E-027  1.00000E-040  7.42699E-038  6.53831E-024  2.41425E-018  7.43546E-034  3.88535E-035  1.26893E-021  6.25733E-016  4.45960E-018  1.83439E-013  4.94433E-029  8.66356E-013  1.00000E-040  1.95401E-014  7.72611E-040  3.54652E-024  1.69535E-031  1.36783E-022  5.42505E-025  3.10261E-014  8.80293E-024  1.42830E-018  1.46076E-020  1.86589E-014  1.00000E-040  1.00000E-040  4.49955E-025  1.00000E-040  3.07476E-027  2.44545E-011  8.18541E-038  1.00000E-003  1.00000E-005  1.00000E-005  1.00000E-005  1.00000E-005  1.00000E-005  1.00000E-005  1.00000E-005  1.00000E-005  1.00000E-005  1.00000E-005  1.00000E-005  1.00000E-005  1.00000E-005  1.00000E-005  1.00000E-005  
2.45000E+001  2.52520E-002  9.34162E+017  1.95790E+002  7.73991E+003  1.00000E-040  1.00000E-040  1.00000E-040  3.01691E-010  1.00000E-040  1.00000E-040  1.00000E-040  1.00000E-040  1.00000E-040  1.00000E-040  1.00000E-040  1.00000E-040  1.00000E-040  1.00000E-040  3.90651E-023  1.00000E-040  1.00000E-040  3.98676E-020  4.60437E-007  6.43464E-006  1.00576E-012  3.29782E-012  2.12031E-001  3.30396E-009  2.83142E-004  1.62382E-022  5.42782E-012  1.00000E-040  1.00000E-040  2.41601E-031  4.81175E-019  6.66044E-007  2.02532E-024  1.15596E-027  1.00000E-040  1.00000E-040  1.00000E-040  6.66375E-020  6.85902E-021  1.49319E-017  1.01315E-012  1.00000E-040  1.00000E-040  1.70346E-010  6.84176E-038  4.78633E-011  1.38887E-024  7.87674E-001  1.02437E-022  1.84202E-016  2.14673E-011  1.00000E-040  1.00000E-040  8.20919E-029  2.64800E-023  8.83539E-010  5.69448E-016  4.14927E-012  1.29357E-016  1.98892E-007  2.24691E-011  4.01723E-006  1.20290E-009  1.53491E-013  1.48800E-018  2.78094E-010  7.55646E-009  3.40210E-013  2.52195E-031  1.57304E-035  1.00000E-040  2.86215E-030  4.42745E-020  7.30442E-023  1.18175E-019  8.00005E-017  2.88502E-023  5.61582E-023  8.81093E-038  1.00000E-040  1.00000E-040  1.00000E-040  1.31379E-027  1.00000E-040  1.15010E-037  7.25977E-024  2.65892E-018  1.82919E-033  6.00385E-035  1.07180E-021  7.22171E-016  6.34630E-018  1.69301E-013  4.34374E-029  5.44395E-013  1.00000E-040  2.18173E-014  1.17807E-039  4.22231E-024  1.58546E-031  1.36774E-022  4.96859E-025  3.60631E-014  1.62797E-023  2.21154E-018  8.06634E-021  1.86572E-014  1.00000E-040  1.00000E-040  7.79906E-025  1.00000E-040  3.07541E-027  2.34260E-011  7.37822E-038  1.00000E-003  1.00000E-005  1.00000E-005  1.00000E-005  1.00000E-005  1.00000E-005  1.00000E-005  1.00000E-005  1.00000E-005  1.00000E-005  1.00000E-005  1.00000E-005  1.00000E-005  1.00000E-005  1.00000E-005  1.00000E-005  
2.55000E+001  2.12405E-002  7.83893E+017  1.96257E+002  8.74643E+003  1.00000E-040  1.00000E-040  1.00000E-040  2.87565E-010  1.00000E-040  1.00000E-040  1.00000E-040  1.00000E-040  1.00000E-040  1.00000E-040  1.00000E-040  1.00000E-040  1.00000E-040  1.00000E-040  3.92793E-023  1.00000E-040  1.00000E-040  6.77425E-020  4.54704E-007  6.46897E-006  1.39466E-012  5.47227E-012  2.12027E-001  3.24627E-009  2.83138E-004  2.42059E-022  6.37608E-012  1.00000E-040  1.00000E-040  5.80933E-031  8.27799E-019  6.50975E-007  4.07095E-024  1.26501E-027  1.00000E-040  1.00000E-040  1.00000E-040  7.54311E-020  8.75679E-021  2.68975E-017  1.43274E-012  1.00000E-040  1.00000E-040  1.50757E-010  1.02227E-037  4.77682E-011  3.85456E-024  7.87678E-001  1.25103E-022  1.58441E-016  1.15998E-011  1.00000E-040  1.00000E-040  9.25706E-029  2.94358E-023  1.11598E-009  5.46420E-016  5.23398E-012  1.36407E-016  1.89511E-007  2.80738E-011  4.60048E-006  1.47455E-009  1.83895E-013  3.35367E-018  2.95625E-010  8.11163E-009  4.46026E-013  2.12000E-031  1.84527E-035  1.00000E-040  3.19883E-030  2.15794E-020  7.30370E-023  1.55200E-019  1.32697E-016  3.92732E-023  7.94458E-023  8.94584E-038  1.00000E-040  1.00000E-040  1.00000E-040  1.52586E-027  1.00000E-040  1.78128E-037  8.11273E-024  2.87960E-018  4.44448E-033  9.02226E-035  8.95776E-022  8.10401E-016  8.97164E-018  1.56119E-013  3.92063E-029  3.40341E-013  1.75097E-038  2.46720E-014  1.79420E-039  5.02897E-024  1.49614E-031  1.36765E-022  4.58567E-025  4.07995E-014  2.86914E-023  3.39657E-018  3.41651E-021  1.86554E-014  1.00000E-040  1.00000E-040  1.33620E-024  1.00000E-040  3.15075E-027  2.24359E-011  6.62669E-038  1.00000E-003  1.00000E-005  1.00000E-005  1.00000E-005  1.00000E-005  1.00000E-005  1.00000E-005  1.00000E-005  1.00000E-005  1.00000E-005  1.00000E-005  1.00000E-005  1.00000E-005  1.00000E-005  1.00000E-005  1.00000E-005  
2.65000E+001  1.78730E-002  6.58820E+017  1.96493E+002  9.76505E+003  1.00000E-040  1.00000E-040  1.00000E-040  2.69104E-010  1.00000E-040  1.00000E-040  1.00000E-040  1.00000E-040  1.00000E-040  1.00000E-040  1.00000E-040  1.00000E-040  1.00000E-040  1.00000E-040  3.94338E-023  1.00000E-040  1.00000E-040  1.15435E-019  4.48604E-007  6.50430E-006  1.92483E-012  8.93279E-012  2.12022E-001  3.23580E-009  2.83134E-004  3.56927E-022  7.40153E-012  1.00000E-040  1.00000E-040  1.35954E-030  1.39809E-018  6.35587E-007  7.80811E-024  1.30816E-027  1.00000E-040  1.00000E-040  1.00000E-040  8.36207E-020  1.14401E-020  4.81141E-017  1.94205E-012  1.00000E-040  1.00000E-040  1.31299E-010  1.46373E-037  4.76805E-011  9.98577E-024  7.87681E-001  1.36123E-022  1.16170E-016  5.61596E-012  1.00000E-040  1.00000E-040  1.04662E-028  3.29929E-023  1.44020E-009  4.99223E-016  6.31260E-012  1.41849E-016  1.79823E-007  3.23180E-011  5.20548E-006  1.81146E-009  2.11635E-013  6.89769E-018  3.21732E-010  8.48988E-009  5.60830E-013  1.77845E-031  2.16763E-035  1.00000E-040  3.53756E-030  7.67080E-021  7.30294E-023  2.04717E-019  2.17199E-016  5.34994E-023  1.11710E-022  9.11066E-038  1.00000E-040  1.00000E-040  1.00000E-040  1.75284E-027  1.00000E-040  2.76215E-037  9.15136E-024  3.05645E-018  1.04560E-032  1.29485E-034  7.53096E-022  8.95319E-016  1.26011E-017  1.44190E-013  3.57475E-029  2.11174E-013  1.95699E-034  2.88914E-014  2.74338E-039  6.02346E-024  1.42508E-031  1.36755E-022  4.30284E-025  4.44908E-014  4.81281E-023  5.16501E-018  1.06281E-021  1.86536E-014  1.00000E-040  1.00000E-040  2.22167E-024  1.00000E-040  3.21888E-027  2.14788E-011  5.96203E-038  1.00000E-003  1.00000E-005  1.00000E-005  1.00000E-005  1.00000E-005  1.00000E-005  1.00000E-005  1.00000E-005  1.00000E-005  1.00000E-005  1.00000E-005  1.00000E-005  1.00000E-005  1.00000E-005  1.00000E-005  1.00000E-005  
2.75000E+001  1.50418E-002  5.54500E+017  1.96478E+002  1.09262E+004  1.00000E-040  1.00000E-040  1.00000E-040  2.46647E-010  1.00000E-040  1.00000E-040  1.00000E-040  1.00000E-040  1.00000E-040  1.00000E-040  1.00000E-040  1.00000E-040  1.00000E-040  1.00000E-040  3.95282E-023  1.00000E-040  1.00000E-040  1.97042E-019  4.42106E-007  6.54076E-006  2.64990E-012  1.43481E-011  2.12018E-001  3.24880E-009  2.83129E-004  5.20888E-022  8.48950E-012  1.00000E-040  1.00000E-040  3.10326E-030  2.31863E-018  6.19845E-007  1.43168E-023  1.27667E-027  1.00000E-040  1.00000E-040  1.00000E-040  9.06921E-020  1.52307E-020  8.47522E-017  2.51234E-012  1.00000E-040  1.00000E-040  1.12302E-010  2.00678E-037  4.75989E-011  2.42541E-023  7.87685E-001  1.33730E-022  7.18490E-017  2.41041E-012  1.00000E-040  1.00000E-040  1.18586E-028  3.74094E-023  1.88988E-009  4.57670E-016  7.32668E-012  1.45493E-016  1.69864E-007  3.46761E-011  5.82054E-006  2.21757E-009  2.34448E-013  1.28945E-017  3.57138E-010  8.64809E-009  6.70099E-013  1.48787E-031  2.55642E-035  1.00000E-040  3.88070E-030  1.94714E-021  7.30214E-023  2.71473E-019  3.50178E-016  7.29938E-023  1.56349E-022  9.31359E-038  1.00000E-040  1.00000E-040  1.00000E-040  1.99210E-027  1.00000E-040  4.31111E-037  1.04500E-023  3.19989E-018  2.38584E-032  1.78171E-034  6.38185E-022  9.70933E-016  1.76009E-017  1.33334E-013  3.33523E-029  1.29836E-013  4.17089E-035  3.51571E-014  4.22063E-039  7.28288E-024  1.37233E-031  1.36744E-022  4.12802E-025  4.70131E-014  7.67673E-023  7.77145E-018  2.38484E-022  1.86516E-014  1.00000E-040  1.00000E-040  3.58997E-024  1.00000E-040  3.26872E-027  2.05531E-011  5.42226E-038  1.00000E-003  1.00000E-005  1.00000E-005  1.00000E-005  1.00000E-005  1.00000E-005  1.00000E-005  1.00000E-005  1.00000E-005  1.00000E-005  1.00000E-005  1.00000E-005  1.00000E-005  1.00000E-005  1.00000E-005  1.00000E-005  
2.85000E+001  1.26582E-002  4.67318E+017  1.96189E+002  1.22719E+004  1.00000E-040  1.00000E-040  1.00000E-040  2.20848E-010  1.00000E-040  1.00000E-040  1.00000E-040  1.00000E-040  1.00000E-040  1.00000E-040  1.00000E-040  1.00000E-040  1.00000E-040  1.00000E-040  3.95611E-023  1.00000E-040  1.00000E-040  3.36988E-019  4.35235E-007  6.57816E-006  3.64462E-012  2.26807E-011  2.12013E-001  3.26793E-009  2.83123E-004  7.52395E-022  9.61654E-012  1.00000E-040  1.00000E-040  6.91521E-030  3.77489E-018  6.03836E-007  2.50877E-023  1.17339E-027  4.53715E-037  5.22526E-036  1.00000E-040  9.63024E-020  2.05124E-020  1.45705E-016  3.09136E-012  1.00000E-040  1.00000E-040  9.42774E-011  2.62848E-037  4.75229E-011  5.54530E-023  7.87689E-001  1.22805E-022  3.77487E-017  9.17445E-013  1.50108E-033  1.00000E-040  1.34470E-028  4.29285E-023  2.49924E-009  4.47336E-016  8.26173E-012  1.45055E-016  1.59765E-007  3.52977E-011  6.43242E-006  2.67857E-009  2.50705E-013  2.18134E-017  4.01054E-010  8.55435E-009  7.61057E-013  1.24242E-031  3.03264E-035  1.00000E-040  4.23043E-030  3.57854E-022  7.30128E-023  3.61403E-019  5.54283E-016  9.95441E-023  2.17471E-022  9.56246E-038  1.00000E-040  1.00000E-040  1.00000E-040  2.24021E-027  1.22871E-040  6.78441E-037  1.20766E-023  3.33662E-018  5.28225E-032  2.36650E-034  5.48260E-022  1.03077E-015  2.44653E-017  1.23422E-013  3.28087E-029  7.92904E-014  1.00000E-040  4.39797E-014  6.53929E-039  8.89069E-024  1.33629E-031  1.36733E-022  4.05816E-025  4.85673E-014  1.16375E-022  1.15616E-017  3.92277E-023  1.86495E-014  1.00000E-040  1.00000E-040  5.63748E-024  1.00000E-040  3.29336E-027  1.96641E-011  5.05218E-038  1.00000E-003  1.00000E-005  1.00000E-005  1.00000E-005  1.00000E-005  1.00000E-005  1.00000E-005  1.00000E-005  1.00000E-005  1.00000E-005  1.00000E-005  1.00000E-005  1.00000E-005  1.00000E-005  1.00000E-005  1.00000E-005  
2.95000E+001  1.06485E-002  3.94452E+017  1.95529E+002  1.33027E+004  1.00000E-040  1.00000E-040  1.00000E-040  1.92613E-010  1.00000E-040  1.00000E-040  1.00000E-040  1.00000E-040  1.00000E-040  1.00000E-040  1.00000E-040  1.00000E-040  1.00000E-040  1.00000E-040  3.95176E-023  1.00000E-040  1.00000E-040  5.77570E-019  4.27885E-007  6.61701E-006  5.00640E-012  3.53401E-011  2.12009E-001  3.28168E-009  2.83115E-004  1.07445E-021  1.07483E-011  1.00000E-040  1.00000E-040  1.49636E-029  6.01325E-018  5.87343E-007  4.18602E-023  1.00231E-027  1.00000E-040  1.00000E-040  1.00000E-040  9.98260E-020  2.75544E-020  2.42493E-016  3.61955E-012  1.00000E-040  1.00000E-040  7.73933E-011  3.23455E-037  4.74504E-011  1.19966E-022  7.87694E-001  1.08645E-022  1.68166E-017  3.06911E-013  1.00000E-040  1.00000E-040  1.52556E-028  4.98417E-023  3.30321E-009  4.75699E-016  9.11911E-012  1.36093E-016  1.49481E-007  3.47013E-011  7.04809E-006  3.16492E-009  2.59611E-013  3.29159E-017  4.52589E-010  8.21105E-009  8.37802E-013  1.03350E-031  3.62373E-035  1.00000E-040  4.60192E-030  4.76057E-023  7.30036E-023  4.84623E-019  8.64328E-016  1.35795E-022  3.00786E-022  9.87127E-038  1.00000E-040  1.00000E-040  1.00000E-040  2.50025E-027  3.20553E-040  1.07482E-036  1.41186E-023  3.47743E-018  1.12619E-031  3.05029E-034  4.78166E-022  1.06701E-015  3.38873E-017  1.14423E-013  3.54219E-029  4.78031E-014  1.00000E-040  5.57547E-014  1.02324E-038  1.09544E-023  1.31264E-031  1.36721E-022  4.08354E-025  4.93443E-014  1.68224E-022  1.70393E-017  4.72826E-024  1.86473E-014  1.00000E-040  1.00000E-040  8.53974E-024  1.00000E-040  3.25536E-027  1.87998E-011  4.89306E-038  1.00000E-003  1.00000E-005  1.00000E-005  1.00000E-005  1.00000E-005  1.00000E-005  1.00000E-005  1.00000E-005  1.00000E-005  1.00000E-005  1.00000E-005  1.00000E-005  1.00000E-005  1.00000E-005  1.00000E-005  1.00000E-005  
3.05000E+001  8.95161E-003  3.33439E+017  1.94447E+002  1.46946E+004  1.00000E-040  1.00000E-040  1.00000E-040  1.63712E-010  1.00000E-040  1.00000E-040  1.00000E-040  1.00000E-040  1.00000E-040  1.00000E-040  1.00000E-040  1.00000E-040  1.00000E-040  1.00000E-040  3.93903E-023  1.00000E-040  1.00000E-040  9.95963E-019  4.19992E-007  6.65759E-006  6.87232E-012  5.44432E-011  2.12003E-001  3.28356E-009  2.83107E-004  1.51913E-021  1.18664E-011  1.00000E-040  1.00000E-040  3.14375E-029  9.37489E-018  5.70250E-007  6.63080E-023  7.86501E-028  9.73609E-038  1.11416E-036  1.00000E-040  1.01168E-019  3.65017E-020  3.88553E-016  4.03217E-012  1.00000E-040  1.00000E-040  6.19324E-011  3.70566E-037  4.73803E-011  2.46679E-022  7.87698E-001  9.42686E-023  6.38038E-018  8.98185E-014  9.00514E-035  1.00000E-040  1.73275E-028  5.83876E-023  4.32398E-009  5.37591E-016  9.95480E-012  1.16827E-016  1.39051E-007  3.36768E-011  7.68359E-006  3.62853E-009  2.62164E-013  4.39660E-017  5.08987E-010  7.64587E-009  8.70543E-013  8.55561E-032  4.36738E-035  1.00000E-040  5.01728E-030  4.63062E-024  7.29936E-023  6.54951E-019  1.33177E-015  1.85135E-022  4.13301E-022  1.02549E-037  1.00000E-040  1.00000E-040  1.00000E-040  2.77886E-027  7.73522E-040  1.70956E-036  1.66494E-023  3.64085E-018  2.30878E-031  3.85235E-034  4.23528E-022  1.07310E-015  4.69037E-017  1.06265E-013  4.37327E-029  2.83111E-014  4.26911E-034  7.03347E-014  1.62247E-038  1.35854E-023  1.29855E-031  1.36708E-022  4.18761E-025  4.97651E-014  2.32501E-022  2.49525E-017  4.21288E-025  1.86449E-014  1.00000E-040  1.00000E-040  1.24566E-023  1.00000E-040  3.14136E-027  1.79552E-011  5.00472E-038  1.00000E-003  1.00000E-005  1.00000E-005  1.00000E-005  1.00000E-005  1.00000E-005  1.00000E-005  1.00000E-005  1.00000E-005  1.00000E-005  1.00000E-005  1.00000E-005  1.00000E-005  1.00000E-005  1.00000E-005  1.00000E-005  
3.15000E+001  7.51736E-003  2.81977E+017  1.93094E+002  1.63646E+004  1.00000E-040  1.00000E-040  1.00000E-040  1.35347E-010  1.00000E-040  1.00000E-040  1.00000E-040  1.00000E-040  1.00000E-040  1.00000E-040  1.00000E-040  1.00000E-040  1.00000E-040  1.00000E-040  3.92066E-023  1.00000E-040  1.00000E-040  1.74923E-018  4.11661E-007  6.69928E-006  9.46106E-012  8.34675E-011  2.11998E-001  3.27193E-009  2.83097E-004  2.14257E-021  1.30065E-011  1.00000E-040  1.00000E-040  6.52125E-029  1.44601E-017  5.52802E-007  9.98040E-023  5.68257E-028  1.00000E-040  1.00000E-040  1.00000E-040  1.02037E-019  4.78197E-020  5.96837E-016  4.27595E-012  1.56477E-040  1.00000E-040  4.84014E-011  4.05993E-037  4.73127E-011  4.83143E-022  7.87703E-001  8.15456E-023  2.12057E-018  2.33914E-014  1.00000E-040  1.00000E-040  1.98046E-028  6.86891E-023  5.54486E-009  6.18642E-016  1.09593E-011  9.26513E-017  1.28741E-007  3.32404E-011  8.35498E-006  4.01501E-009  2.62603E-013  5.33921E-017  5.63182E-010  6.91585E-009  8.59225E-013  7.06569E-032  5.31164E-035  1.00000E-040  5.49803E-030  3.45599E-025  7.29830E-023  8.87399E-019  2.02887E-015  2.51429E-022  5.63537E-022  1.07209E-037  1.00000E-040  1.00000E-040  1.00000E-040  3.08454E-027  1.74634E-039  2.73115E-036  1.97067E-023  3.87769E-018  4.64292E-031  4.89439E-034  3.80137E-022  1.05239E-015  6.50875E-017  9.86679E-014  6.22377E-029  1.65573E-014  1.64269E-033  8.66688E-014  2.61648E-038  1.68746E-023  1.29736E-031  1.36694E-022  4.33956E-025  5.07242E-014  3.07531E-022  3.64491E-017  2.90090E-026  1.86424E-014  1.00000E-040  1.00000E-040  1.78109E-023  1.00000E-040  3.01780E-027  1.71423E-011  5.46973E-038  1.00000E-003  1.00000E-005  1.00000E-005  1.00000E-005  1.00000E-005  1.00000E-005  1.00000E-005  1.00000E-005  1.00000E-005  1.00000E-005  1.00000E-005  1.00000E-005  1.00000E-005  1.00000E-005  1.00000E-005  1.00000E-005  
3.25000E+001  6.30474E-003  2.38501E+017  1.91467E+002  1.77833E+004  1.00000E-040  1.00000E-040  1.00000E-040  1.08673E-010  1.00000E-040  1.00000E-040  1.00000E-040  1.00000E-040  1.00000E-040  1.00000E-040  1.00000E-040  1.00000E-040  1.00000E-040  1.00000E-040  3.89670E-023  1.00000E-040  1.00000E-040  3.15843E-018  4.02824E-007  6.74237E-006  1.30799E-011  1.27996E-010  2.11992E-001  3.24779E-009  2.83085E-004  3.02640E-021  1.41926E-011  1.00000E-040  1.00000E-040  1.34142E-028  2.21387E-017  5.34861E-007  1.42555E-022  3.74452E-028  2.05762E-039  1.52136E-038  1.00000E-040  1.03654E-019  6.21883E-020  8.76819E-016  4.32415E-012  3.99129E-040  1.00000E-040  3.68439E-011  4.24902E-037  4.72462E-011  9.05613E-022  7.87708E-001  6.90132E-023  6.21696E-019  5.43858E-015  1.00000E-040  1.00000E-040  2.31605E-028  8.09252E-023  6.93879E-009  7.07337E-016  1.22558E-011  6.75884E-017  1.18584E-007  3.38628E-011  9.10247E-006  4.28260E-009  2.63326E-013  5.90249E-017  6.10661E-010  6.09491E-009  8.22211E-013  5.81517E-032  6.52827E-035  1.00000E-040  6.08925E-030  2.00728E-026  7.29715E-023  1.20743E-018  3.07442E-015  3.40439E-022  7.63431E-022  1.12869E-037  1.00000E-040  1.00000E-040  1.00000E-040  3.43543E-027  3.69655E-039  4.37588E-036  2.33598E-023  4.20001E-018  9.19544E-031  6.40043E-034  3.45061E-022  1.01542E-015  9.08829E-017  9.15767E-014  9.68050E-029  9.51863E-015  1.00000E-040  1.03825E-013  4.37126E-038  2.09459E-023  1.32611E-031  1.36679E-022  4.51611E-025  5.25444E-014  3.90779E-022  5.33720E-017  1.56067E-027  1.86396E-014  1.00000E-040  1.00000E-040  2.50466E-023  1.00000E-040  2.89325E-027  1.63540E-011  6.42995E-038  1.00000E-003  1.00000E-005  1.00000E-005  1.00000E-005  1.00000E-005  1.00000E-005  1.00000E-005  1.00000E-005  1.00000E-005  1.00000E-005  1.00000E-005  1.00000E-005  1.00000E-005  1.00000E-005  1.00000E-005  1.00000E-005  
3.35000E+001  5.27925E-003  2.01793E+017  1.89489E+002  1.94692E+004  1.00000E-040  1.00000E-040  1.00000E-040  8.48841E-011  1.00000E-040  1.00000E-040  1.00000E-040  1.00000E-040  1.00000E-040  1.00000E-040  1.00000E-040  1.00000E-040  1.00000E-040  1.00000E-040  3.86582E-023  1.00000E-040  1.00000E-040  5.90806E-018  3.93404E-007  6.78718E-006  1.81794E-011  1.96949E-010  2.11985E-001  3.21369E-009  2.83071E-004  4.29391E-021  1.54468E-011  1.00000E-040  1.00000E-040  2.73598E-028  3.36587E-017  5.16274E-007  1.92998E-022  2.22257E-028  1.00000E-040  1.00000E-040  1.00000E-040  1.06681E-019  8.05825E-020  1.23205E-015  4.17366E-012  9.41023E-040  1.00000E-040  2.72126E-011  4.18569E-037  4.71796E-011  1.63354E-021  7.87714E-001  5.54901E-023  1.60978E-019  1.13008E-015  1.00000E-040  1.00000E-040  2.87067E-028  9.51771E-023  8.47198E-009  7.98564E-016  1.39216E-011  4.48944E-017  1.08608E-007  3.57472E-011  9.97498E-006  4.39918E-009  2.65229E-013  5.86655E-017  6.49086E-010  5.25084E-009  7.52623E-013  4.76348E-032  8.13123E-035  1.00000E-040  6.85833E-030  9.10768E-028  7.29589E-023  1.65207E-018  4.65925E-015  4.59451E-022  1.02646E-021  1.19746E-037  1.00000E-040  1.00000E-040  1.00000E-040  3.85520E-027  7.32914E-039  7.01167E-036  2.76590E-023  4.60257E-018  1.78953E-030  8.89827E-034  3.17425E-022  9.72090E-016  1.28301E-016  8.50442E-014  1.55045E-028  5.34249E-015  1.00000E-040  1.20946E-013  7.87380E-038  2.59214E-023  1.43331E-031  1.36662E-022  4.70017E-025  5.53129E-014  4.79317E-022  7.86897E-017  6.57668E-029  1.86367E-014  1.00000E-040  1.00000E-040  3.45585E-023  1.00000E-040  2.75426E-027  1.55832E-011  8.14879E-038  1.00000E-003  1.00000E-005  1.00000E-005  1.00000E-005  1.00000E-005  1.00000E-005  1.00000E-005  1.00000E-005  1.00000E-005  1.00000E-005  1.00000E-005  1.00000E-005  1.00000E-005  1.00000E-005  1.00000E-005  1.00000E-005  
3.45000E+001  4.41233E-003  1.70537E+017  1.87398E+002  2.14942E+004  1.00000E-040  1.00000E-040  1.00000E-040  6.44814E-011  1.00000E-040  1.00000E-040  1.00000E-040  1.00000E-040  1.00000E-040  1.00000E-040  1.00000E-040  1.00000E-040  1.00000E-040  1.00000E-040  3.83228E-023  1.00000E-040  1.00000E-040  1.16385E-017  3.83472E-007  6.83336E-006  2.54766E-011  3.06375E-010  2.11977E-001  3.17535E-009  2.83055E-004  6.16948E-021  1.68536E-011  1.00000E-040  1.00000E-040  5.64486E-028  5.14851E-017  4.97176E-007  2.48764E-022  1.19764E-028  2.62338E-036  3.00874E-035  1.00000E-040  1.12783E-019  1.05147E-019  1.65233E-015  3.85730E-012  2.08730E-039  1.00000E-040  1.95028E-011  4.04637E-037  4.71126E-011  2.84584E-021  7.87721E-001  4.39632E-023  3.73706E-020  2.13069E-016  1.00000E-040  1.00000E-040  3.96768E-028  1.11388E-022  1.00797E-008  8.80254E-016  1.61970E-011  2.87280E-017  9.89845E-008  3.92857E-011  1.10063E-005  4.36906E-009  2.71704E-013  5.47028E-017  6.73072E-010  4.43432E-009  6.58778E-013  3.89082E-032  1.02516E-034  1.00000E-040  7.85368E-030  3.30078E-029  7.29453E-023  2.26585E-018  7.09824E-015  6.17834E-022  1.37335E-021  1.27979E-037  1.00000E-040  1.00000E-040  1.00000E-040  4.36860E-027  1.38816E-038  1.12602E-035  3.26279E-023  5.11188E-018  3.50966E-030  1.40234E-033  2.91378E-022  9.27536E-016  1.83294E-016  7.87941E-014  2.48779E-028  2.92794E-015  1.00000E-040  1.37120E-013  1.59947E-037  3.18721E-023  1.71650E-031  1.36644E-022  4.84378E-025  5.96033E-014  5.67478E-022  1.17323E-016  2.20635E-030  1.86335E-014  1.00000E-040  1.00000E-040  4.78577E-023  1.00000E-040  2.68600E-027  1.48344E-011  1.10619E-037  1.00000E-003  1.00000E-005  1.00000E-005  1.00000E-005  1.00000E-005  1.00000E-005  1.00000E-005  1.00000E-005  1.00000E-005  1.00000E-005  1.00000E-005  1.00000E-005  1.00000E-005  1.00000E-005  1.00000E-005  1.00000E-005  
3.55000E+001  3.68029E-003  1.43957E+017  1.85168E+002  2.36775E+004  1.00000E-040  1.00000E-040  1.00000E-040  4.76092E-011  1.00000E-040  1.00000E-040  1.00000E-040  1.00000E-040  1.00000E-040  1.00000E-040  1.00000E-040  1.00000E-040  1.00000E-040  1.00000E-040  3.79565E-023  1.00000E-040  1.00000E-040  2.42610E-017  3.73059E-007  6.88074E-006  3.59997E-011  4.82552E-010  2.11969E-001  3.13816E-009  2.83037E-004  8.99140E-021  1.84497E-011  1.00000E-040  1.00000E-040  1.17776E-027  7.92594E-017  4.77619E-007  3.06088E-022  5.84407E-029  5.15907E-037  5.99004E-036  1.00000E-040  1.21135E-019  1.37347E-019  2.12043E-015  3.42463E-012  4.35548E-039  1.00000E-040  1.35403E-011  3.81471E-037  4.70447E-011  4.82882E-021  7.87728E-001  3.49160E-023  7.80932E-021  3.68286E-017  1.00000E-040  1.00000E-040  6.27148E-028  1.29228E-022  1.17220E-008  9.50189E-016  1.91481E-011  1.81544E-017  8.98129E-008  4.43925E-011  1.22382E-005  4.19344E-009  2.82042E-013  4.77402E-017  6.82578E-010  3.67282E-009  5.55214E-013  3.17198E-032  1.31002E-034  1.00000E-040  9.16011E-030  9.65060E-031  7.29305E-023  3.11236E-018  1.09151E-014  8.26449E-022  1.82465E-021  1.37761E-037  1.00000E-040  1.00000E-040  1.00000E-040  5.00743E-027  2.52017E-038  1.80506E-035  3.82281E-023  5.69574E-018  6.92856E-030  2.54816E-033  2.66946E-022  8.77835E-016  2.65511E-016  7.28843E-014  3.93596E-028  1.56244E-015  1.00000E-040  1.51901E-013  3.76280E-037  3.88105E-023  2.33189E-031  1.36625E-022  4.91820E-025  6.53425E-014  6.51340E-022  1.77291E-016  5.94417E-032  1.86300E-014  1.00000E-040  1.00000E-040  6.64462E-023  1.00000E-040  2.68255E-027  1.41078E-011  1.58847E-037  1.00000E-003  1.00000E-005  1.00000E-005  1.00000E-005  1.00000E-005  1.00000E-005  1.00000E-005  1.00000E-005  1.00000E-005  1.00000E-005  1.00000E-005  1.00000E-005  1.00000E-005  1.00000E-005  1.00000E-005  1.00000E-005  
3.65000E+001  3.06327E-003  1.21210E+017  1.83047E+002  2.67395E+004  1.00000E-040  1.00000E-040  1.00000E-040  3.42474E-011  1.00000E-040  1.00000E-040  1.00000E-040  1.00000E-040  1.00000E-040  1.00000E-040  1.00000E-040  1.00000E-040  1.00000E-040  1.00000E-040  3.76043E-023  1.00000E-040  1.00000E-040  5.40947E-017  3.62296E-007  6.92877E-006  5.13494E-011  7.73942E-010  2.11960E-001  3.10822E-009  2.83016E-004  1.33542E-020  2.03183E-011  1.00000E-040  1.00000E-040  2.52332E-027  1.23987E-016  4.57819E-007  3.62160E-022  2.62206E-029  1.00000E-040  1.00000E-040  1.00000E-040  1.30795E-019  1.78475E-019  2.60187E-015  2.93739E-012  8.68243E-039  1.00000E-040  9.11798E-012  3.67045E-037  4.69760E-011  8.63058E-021  7.87735E-001  2.99677E-023  1.48417E-021  5.94302E-018  1.00000E-040  1.02194E-040  1.09194E-027  1.48201E-022  1.33407E-008  9.95119E-016  2.29820E-011  1.23178E-017  8.12365E-008  5.09404E-011  1.36938E-005  3.90204E-009  2.97634E-013  4.09265E-017  6.75088E-010  2.98011E-009  4.46419E-013  2.59007E-032  1.69245E-034  1.00000E-040  1.08412E-029  2.31525E-032  7.29146E-023  4.26949E-018  1.69991E-014  1.10027E-021  2.41638E-021  1.49226E-037  1.00000E-040  1.00000E-040  1.00000E-040  5.80845E-027  4.47499E-038  2.89070E-035  4.44120E-023  6.32843E-018  1.40658E-029  5.17324E-033  2.39592E-022  8.13089E-016  3.88480E-016  6.71046E-014  6.61381E-028  8.13549E-016  1.00000E-040  1.65030E-013  9.78134E-037  4.66823E-023  3.44604E-031  1.36604E-022  4.86882E-025  7.27137E-014  7.24431E-022  2.72169E-016  1.30025E-033  1.86264E-014  1.00000E-040  1.00000E-040  9.43222E-023  1.00000E-040  2.82960E-027  1.34089E-011  2.36118E-037  1.00000E-003  1.00000E-005  1.00000E-005  1.00000E-005  1.00000E-005  1.00000E-005  1.00000E-005  1.00000E-005  1.00000E-005  1.00000E-005  1.00000E-005  1.00000E-005  1.00000E-005  1.00000E-005  1.00000E-005  1.00000E-005  
3.75000E+001  2.54450E-003  1.01803E+017  1.81034E+002  2.97405E+004  1.00000E-040  1.00000E-040  1.00000E-040  2.39284E-011  1.00000E-040  1.00000E-040  1.00000E-040  1.00000E-040  1.00000E-040  1.00000E-040  1.00000E-040  1.00000E-040  1.00000E-040  1.00000E-040  3.72669E-023  1.00000E-040  1.00000E-040  1.28853E-016  3.51258E-007  6.97717E-006  7.39854E-011  1.26455E-009  2.11951E-001  3.08835E-009  2.82993E-004  2.02136E-020  2.24888E-011  1.00000E-040  1.00000E-040  5.54778E-027  1.96808E-016  4.37879E-007  4.13740E-022  1.08650E-029  1.44069E-037  1.65698E-036  1.00000E-040  1.37715E-019  2.26220E-019  3.05662E-015  2.44363E-012  1.65309E-038  1.00000E-040  5.95267E-012  3.60992E-037  4.69059E-011  3.38329E-020  7.87743E-001  2.88901E-023  2.56997E-022  9.07682E-019  1.00000E-040  2.67469E-040  1.95263E-027  1.67843E-022  1.49006E-008  1.01194E-015  2.76740E-011  9.34765E-018  7.33068E-008  5.81192E-011  1.54031E-005  3.50824E-009  3.16402E-013  3.46588E-017  6.52542E-010  2.36284E-009  3.51292E-013  2.12574E-032  2.21535E-034  1.00000E-040  1.30331E-029  4.58330E-034  7.28974E-023  5.84673E-018  2.68260E-014  1.45806E-021  3.18972E-021  1.62608E-037  1.00000E-040  1.00000E-040  1.00000E-040  6.82194E-027  7.79711E-038  4.62322E-035  5.11563E-023  6.90496E-018  2.93495E-029  1.08073E-032  2.10567E-022  7.22702E-016  5.73192E-016  6.15083E-014  2.43467E-027  4.13338E-016  1.00000E-040  1.76559E-013  2.61958E-036  5.54774E-023  5.16399E-031  1.36582E-022  4.69319E-025  8.10970E-014  7.84376E-022  4.24741E-016  2.32242E-035  1.86225E-014  1.00000E-040  1.00000E-040  1.36932E-022  1.00000E-040  3.14898E-027  1.27378E-011  3.55295E-037  1.00000E-003  1.00000E-005  1.00000E-005  1.00000E-005  1.00000E-005  1.00000E-005  1.00000E-005  1.00000E-005  1.00000E-005  1.00000E-005  1.00000E-005  1.00000E-005  1.00000E-005  1.00000E-005  1.00000E-005  1.00000E-005  
3.85000E+001  2.10973E-003  8.51551E+016  1.79446E+002  3.29242E+004  1.00000E-040  1.00000E-040  1.00000E-040  1.62924E-011  1.00000E-040  1.00000E-040  1.00000E-040  1.00000E-040  1.00000E-040  1.00000E-040  1.00000E-040  1.00000E-040  1.00000E-040  1.00000E-040  3.70025E-023  1.00000E-040  1.00000E-040  3.31799E-016  3.39867E-007  7.02632E-006  1.08036E-010  2.12219E-009  2.11940E-001  3.07904E-009  2.82967E-004  3.13175E-020  2.50371E-011  1.00000E-040  1.00000E-040  1.27456E-026  3.19626E-016  4.17609E-007  4.57045E-022  4.17202E-030  6.04152E-038  6.89285E-037  1.00000E-040  1.37412E-019  2.73208E-019  3.39335E-015  1.97128E-012  3.02377E-038  1.00000E-040  3.73855E-012  3.87659E-037  4.68332E-011  4.19337E-019  7.87752E-001  3.24968E-023  3.99929E-023  1.31147E-019  1.00000E-040  6.78890E-040  3.42033E-027  1.88458E-022  1.63474E-008  9.80795E-016  3.34060E-011  8.29930E-018  6.59410E-008  6.49648E-011  1.73993E-005  3.05710E-009  3.39687E-013  3.08369E-017  6.13773E-010  1.82355E-009  2.69552E-013  1.76130E-032  2.93620E-034  1.00000E-040  1.59012E-029  7.32694E-036  7.28787E-023  8.02052E-018  4.31080E-014  1.94019E-021  4.25399E-021  1.78449E-037  1.00000E-040  1.00000E-040  1.00000E-040  8.12824E-027  1.35375E-037  7.46150E-035  5.88061E-023  7.31681E-018  6.46487E-029  2.22740E-032  1.74357E-022  5.96266E-016  8.44283E-016  5.58339E-014  2.85028E-026  2.02895E-016  1.00000E-040  1.86780E-013  6.80854E-036  6.55394E-023  7.44317E-031  1.36558E-022  4.37810E-025  8.94924E-014  8.21009E-022  6.76190E-016  3.29275E-037  1.86183E-014  1.00000E-040  1.00000E-040  2.08553E-022  1.00000E-040  3.84436E-027  1.20850E-011  5.33264E-037  1.00000E-003  1.00000E-005  1.00000E-005  1.00000E-005  1.00000E-005  1.00000E-005  1.00000E-005  1.00000E-005  1.00000E-005  1.00000E-005  1.00000E-005  1.00000E-005  1.00000E-005  1.00000E-005  1.00000E-005  1.00000E-005  
3.95000E+001  1.74660E-003  7.10484E+016  1.78056E+002  3.69865E+004  1.00000E-040  1.00000E-040  1.00000E-040  1.08281E-011  1.00000E-040  1.00000E-040  1.00000E-040  1.00000E-040  1.00000E-040  1.00000E-040  1.00000E-040  1.00000E-040  1.00000E-040  1.00000E-040  3.67699E-023  1.00000E-040  1.00000E-040  9.12122E-016  3.28236E-007  7.07581E-006  1.60481E-010  3.63943E-009  2.11928E-001  3.07352E-009  2.82937E-004  4.95050E-020  2.78611E-011  1.00000E-040  1.00000E-040  3.02333E-026  5.25017E-016  3.97157E-007  4.87410E-022  1.47245E-030  1.46123E-038  1.66648E-037  1.00000E-040  1.24131E-019  3.05458E-019  3.55422E-015  1.54103E-012  5.25027E-038  1.00000E-040  2.25069E-012  4.38044E-037  4.67573E-011  4.98983E-018  7.87761E-001  4.09384E-023  5.67336E-024  1.81379E-020  1.00000E-040  1.63368E-039  5.73231E-027  2.10340E-022  1.76536E-008  9.14145E-016  3.97333E-011  8.25019E-018  5.91660E-008  6.95471E-011  1.97023E-005  2.54714E-009  3.60177E-013  2.78470E-017  5.64976E-010  1.36461E-009  2.00547E-013  1.48918E-032  3.98317E-034  1.00000E-040  1.98593E-029  9.54459E-038  7.28582E-023  1.10028E-017  6.99731E-014  2.58238E-021  5.69057E-021  1.97267E-037  1.00000E-040  1.00000E-040  1.00000E-040  9.82638E-027  2.30349E-037  1.22015E-034  6.75848E-023  7.39544E-018  1.47711E-028  4.30353E-032  1.38295E-022  4.46198E-016  1.24240E-015  5.03631E-014  3.18763E-025  9.58052E-017  1.00000E-040  1.95806E-013  1.69870E-035  7.72085E-023  1.01585E-030  1.36532E-022  4.00587E-025  9.54257E-014  8.39271E-022  1.09645E-015  3.77325E-039  1.86139E-014  1.00000E-040  1.00000E-040  3.28237E-022  1.00000E-040  4.99328E-027  1.14523E-011  7.86302E-037  1.00000E-003  1.00000E-005  1.00000E-005  1.00000E-005  1.00000E-005  1.00000E-005  1.00000E-005  1.00000E-005  1.00000E-005  1.00000E-005  1.00000E-005  1.00000E-005  1.00000E-005  1.00000E-005  1.00000E-005  1.00000E-005  
4.05000E+001  1.44411E-003  5.91112E+016  1.76949E+002  4.09878E+004  1.00000E-040  1.00000E-040  1.00000E-040  6.99756E-012  1.00000E-040  1.00000E-040  1.00000E-040  1.00000E-040  1.00000E-040  1.00000E-040  1.00000E-040  1.00000E-040  1.00000E-040  1.00000E-040  3.65772E-023  1.00000E-040  1.00011E-040  2.67321E-015  3.16472E-007  7.12528E-006  2.43441E-010  6.38077E-009  2.11916E-001  3.06433E-009  2.82903E-004  7.97369E-020  3.08146E-011  1.00000E-040  5.73459E-040  7.42988E-026  8.70160E-016  3.76632E-007  5.01472E-022  4.77937E-031  1.00000E-040  1.00000E-040  1.00000E-040  9.84877E-020  3.09332E-019  3.47531E-015  1.16598E-012  8.64737E-038  1.00000E-040  1.29101E-012  5.32655E-037  4.66777E-011  4.27630E-017  7.87771E-001  5.63745E-023  8.23607E-025  2.43243E-021  1.00000E-040  3.74550E-039  9.22203E-027  2.34520E-022  1.87621E-008  8.12154E-016  4.63495E-011  8.97901E-018  5.29708E-008  7.06084E-011  2.22604E-005  2.01278E-009  3.71358E-013  2.60470E-017  5.08333E-010  9.83570E-010  1.47168E-013  1.31601E-032  5.56228E-034  1.00000E-040  2.54202E-029  1.11550E-039  7.28357E-023  1.50822E-017  1.14267E-013  3.44214E-021  7.65299E-021  2.19863E-037  1.00000E-040  1.00000E-040  1.00000E-040  1.20414E-026  3.83517E-037  2.04126E-034  7.80402E-023  7.09578E-018  3.52176E-028  7.77604E-032  1.03325E-022  2.94931E-016  1.81197E-015  4.50750E-014  2.54466E-024  4.32152E-017  1.00000E-040  2.03768E-013  4.07519E-035  9.11476E-023  1.32033E-030  1.36503E-022  3.61706E-025  9.63620E-014  8.37810E-022  1.80898E-015  1.00000E-040  1.86091E-014  1.00000E-040  1.00000E-040  5.36972E-022  1.00000E-040  6.96217E-027  1.08404E-011  1.13185E-036  1.00000E-003  1.00000E-005  1.00000E-005  1.00000E-005  1.00000E-005  1.00000E-005  1.00000E-005  1.00000E-005  1.00000E-005  1.00000E-005  1.00000E-005  1.00000E-005  1.00000E-005  1.00000E-005  1.00000E-005  1.00000E-005  
4.15000E+001  1.19281E-003  4.90575E+016  1.76109E+002  4.51719E+004  1.00000E-040  1.00000E-040  1.00000E-040  4.39541E-012  1.00000E-040  1.00000E-040  1.00000E-040  1.00000E-040  1.00000E-040  1.00000E-040  1.00000E-040  1.00000E-040  1.00000E-040  1.00000E-040  3.63858E-023  1.00000E-040  1.00087E-040  8.26947E-015  3.04621E-007  7.17469E-006  3.77186E-010  1.13983E-008  2.11902E-001  3.04514E-009  2.82865E-004  1.30112E-019  3.36228E-011  1.00000E-040  4.16333E-039  1.87803E-025  1.44460E-015  3.55997E-007  4.94669E-022  1.40599E-031  1.00000E-040  1.00000E-040  1.00000E-040  6.68905E-020  2.77719E-019  3.13295E-015  8.49904E-013  1.33778E-037  1.00000E-040  6.95716E-013  6.96227E-037  4.65930E-011  2.68584E-016  7.87782E-001  8.24512E-023  2.08489E-025  3.25320E-022  1.00000E-040  8.32211E-039  1.44886E-026  2.62439E-022  1.96079E-008  6.84646E-016  5.28555E-011  1.03956E-017  4.72840E-008  6.81388E-011  2.49167E-005  1.49234E-009  3.63080E-013  2.50986E-017  4.46828E-010  6.75424E-010  1.05846E-013  1.28029E-032  8.03749E-034  1.00000E-040  3.32834E-029  1.00000E-040  7.28107E-023  2.06819E-017  1.87106E-013  4.59948E-021  1.03553E-020  2.47693E-037  1.00000E-040  1.00000E-040  1.00000E-040  1.49192E-026  6.16594E-037  3.51019E-034  9.09461E-023  6.47787E-018  8.69732E-028  1.33047E-031  7.10819E-023  1.68139E-016  2.59994E-015  4.00084E-014  1.46892E-023  1.83336E-017  1.00000E-040  2.10824E-013  9.55867E-035  1.08306E-022  1.66691E-030  1.36470E-022  3.24717E-025  9.06444E-014  8.13583E-022  3.02601E-015  1.00000E-040  1.86038E-014  1.00000E-040  1.00000E-040  9.07072E-022  1.00000E-040  1.03413E-026  1.02457E-011  1.59143E-036  1.00000E-003  1.00000E-005  1.00000E-005  1.00000E-005  1.00000E-005  1.00000E-005  1.00000E-005  1.00000E-005  1.00000E-005  1.00000E-005  1.00000E-005  1.00000E-005  1.00000E-005  1.00000E-005  1.00000E-005  1.00000E-005  
4.25000E+001  9.84479E-004  4.06406E+016  1.75454E+002  5.04170E+004  1.00000E-040  1.00000E-040  1.00000E-040  2.67797E-012  1.00000E-040  1.00000E-040  1.00000E-040  1.00000E-040  1.00000E-040  1.00000E-040  1.00000E-040  1.00000E-040  1.00000E-040  1.00000E-040  3.60655E-023  1.00000E-040  1.00171E-040  2.64551E-014  2.92957E-007  7.22307E-006  5.93210E-010  2.05695E-008  2.11888E-001  3.01590E-009  2.82821E-004  2.12913E-019  3.59586E-011  1.00000E-040  3.28835E-038  4.80396E-025  2.38209E-015  3.35566E-007  4.66598E-022  3.64026E-032  1.00000E-040  1.00000E-040  1.00000E-040  3.86531E-020  2.19418E-019  2.59649E-015  5.96938E-013  1.93114E-037  1.00000E-040  3.48425E-013  9.57479E-037  4.65026E-011  1.28618E-015  7.87794E-001  1.24834E-022  1.36157E-025  5.22864E-023  1.00000E-040  1.80260E-038  2.23971E-026  2.93689E-022  2.01163E-008  5.48999E-016  5.88586E-011  1.24672E-017  4.21175E-008  6.36224E-011  2.72763E-005  1.02566E-009  3.24829E-013  2.44285E-017  3.83715E-010  4.35856E-010  7.34691E-014  1.50043E-032  1.20440E-033  1.00000E-040  4.40872E-029  1.00000E-040  7.27830E-023  2.82506E-017  3.05251E-013  6.12397E-021  1.39982E-020  2.82549E-037  1.00000E-040  1.00000E-040  1.00000E-040  1.85699E-026  9.45525E-037  6.13850E-034  1.06553E-022  5.68312E-018  2.18445E-027  2.17075E-031  4.41546E-023  8.19170E-017  3.65152E-015  3.52715E-014  6.37235E-023  7.25810E-018  1.00000E-040  2.16981E-013  2.20157E-034  1.29001E-022  2.06315E-030  1.36432E-022  2.89634E-025  7.92365E-014  7.66183E-022  5.09263E-015  1.00000E-040  1.85981E-014  1.00000E-040  1.00000E-040  1.55576E-021  1.00000E-040  1.60403E-026  9.67553E-012  2.17293E-036  1.00000E-003  1.00000E-005  1.00000E-005  1.00000E-005  1.00000E-005  1.00000E-005  1.00000E-005  1.00000E-005  1.00000E-005  1.00000E-005  1.00000E-005  1.00000E-005  1.00000E-005  1.00000E-005  1.00000E-005  1.00000E-005  
4.35000E+001  8.12160E-004  3.35770E+016  1.75193E+002  5.66624E+004  1.00000E-040  1.00000E-040  1.00000E-040  1.57487E-012  1.00000E-040  1.00000E-040  1.00000E-040  1.00000E-040  1.00000E-040  1.00000E-040  1.00000E-040  1.00000E-040  1.00000E-040  1.00000E-040  3.54002E-023  1.00000E-040  1.00261E-040  8.67572E-014  2.81905E-007  7.26896E-006  9.36725E-010  3.74084E-008  2.11874E-001  2.98997E-009  2.82771E-004  3.47119E-019  3.77186E-011  1.00000E-040  2.74063E-037  1.23755E-024  3.90754E-015  3.15853E-007  4.23079E-022  8.97900E-033  4.41077E-038  4.95743E-037  1.00000E-040  1.93760E-020  1.53384E-019  1.98705E-015  4.07000E-013  2.60555E-037  1.00000E-040  1.61111E-013  1.43105E-036  4.64068E-011  4.86632E-015  7.87807E-001  1.91187E-022  1.29314E-025  1.68927E-023  1.00000E-040  3.74295E-038  3.35435E-026  3.23067E-022  2.02219E-008  4.13534E-016  6.45883E-011  1.52094E-017  3.75050E-008  5.93956E-011  2.86725E-005  6.50972E-010  2.57332E-013  2.49333E-017  3.20217E-010  2.60205E-010  4.90996E-014  2.27423E-032  1.86532E-033  1.00000E-040  5.78367E-029  1.00000E-040  7.27524E-023  3.81552E-017  4.94750E-013  8.07709E-021  1.88798E-020  3.26872E-037  1.00000E-040  1.00000E-040  1.00000E-040  2.30742E-026  1.39782E-036  1.06361E-033  1.24205E-022  4.86233E-018  5.58618E-027  3.38550E-031  2.37105E-023  3.38474E-017  4.95367E-015  3.08355E-014  2.16758E-022  2.68767E-018  1.00000E-040  2.22194E-013  4.79065E-034  1.52339E-022  2.44034E-030  1.36385E-022  2.48996E-025  6.47667E-014  6.92519E-022  8.57327E-015  1.00000E-040  1.85919E-014  1.00000E-040  1.00000E-040  2.70825E-021  1.00000E-040  2.65079E-026  9.14249E-012  2.84177E-036  1.00000E-003  1.00000E-005  1.00000E-005  1.00000E-005  1.00000E-005  1.00000E-005  1.00000E-005  1.00000E-005  1.00000E-005  1.00000E-005  1.00000E-005  1.00000E-005  1.00000E-005  1.00000E-005  1.00000E-005  1.00000E-005  
4.45000E+001  6.69905E-004  2.77114E+016  1.75094E+002  6.33601E+004  1.00000E-040  1.00000E-040  1.00000E-040  8.90176E-013  1.00000E-040  1.00000E-040  1.00000E-040  1.00000E-040  1.00000E-040  1.00000E-040  1.00000E-040  1.00000E-040  1.00000E-040  1.00000E-040  3.39398E-023  1.00000E-040  1.00359E-040  2.85027E-013  2.71863E-007  7.31107E-006  1.46353E-009  6.80311E-008  2.11862E-001  2.98650E-009  2.82714E-004  5.60018E-019  3.89400E-011  1.00000E-040  2.26429E-036  3.12708E-024  6.33292E-015  2.97273E-007  3.70258E-022  1.93331E-033  1.00000E-040  1.00000E-040  1.00000E-040  8.64973E-021  9.55053E-020  1.42635E-015  2.71981E-013  3.26611E-037  1.00000E-040  6.83461E-014  2.18661E-036  4.63051E-011  1.49634E-014  7.87819E-001  2.89112E-022  1.29528E-025  1.13515E-023  1.00000E-040  7.16669E-038  4.70323E-026  3.39460E-022  1.98995E-008  2.96304E-016  7.03650E-011  1.83951E-017  3.34309E-008  5.74526E-011  2.83876E-005  3.75706E-010  1.72723E-013  2.54400E-017  2.60628E-010  1.41185E-010  3.18194E-014  4.25801E-032  3.00646E-033  1.00000E-040  7.41423E-029  1.00000E-040  7.27187E-023  5.04923E-017  7.88516E-013  1.03855E-020  2.49786E-020  3.84966E-037  1.00000E-040  1.00000E-040  1.00000E-040  2.85552E-026  1.97699E-036  1.74449E-033  1.40941E-022  4.05604E-018  1.40761E-026  4.87269E-031  1.09530E-023  1.19307E-017  6.50941E-015  2.68449E-014  5.93344E-022  9.36152E-019  1.00000E-040  2.26458E-013  9.48729E-034  1.74590E-022  2.64893E-030  1.36324E-022  1.99914E-025  5.03468E-014  6.02719E-022  1.43622E-014  1.00000E-040  1.85853E-014  1.00000E-040  1.00000E-040  4.63076E-021  1.00000E-040  4.48175E-026  8.65646E-012  3.49403E-036  1.00000E-003  1.00000E-005  1.00000E-005  1.00000E-005  1.00000E-005  1.00000E-005  1.00000E-005  1.00000E-005  1.00000E-005  1.00000E-005  1.00000E-005  1.00000E-005  1.00000E-005  1.00000E-005  1.00000E-005  1.00000E-005  
4.55000E+001  5.52597E-004  2.28454E+016  1.75197E+002  6.89710E+004  1.00000E-040  1.00000E-040  1.00000E-040  4.81066E-013  1.00000E-040  1.00000E-040  1.00000E-040  1.00000E-040  1.00000E-040  1.00000E-040  1.00000E-040  1.00000E-040  1.00000E-040  1.00000E-040  3.12646E-023  1.00000E-040  1.00466E-040  9.08108E-013  2.63154E-007  7.34848E-006  2.19387E-009  1.22378E-007  2.11851E-001  3.02957E-009  2.82648E-004  8.75910E-019  3.96474E-011  1.00000E-040  1.69006E-035  7.32436E-024  9.87417E-015  2.80044E-007  3.16340E-022  4.13266E-034  2.35357E-037  2.58098E-036  1.00000E-040  3.66055E-021  5.43455E-020  9.90536E-016  1.80592E-013  3.68594E-037  1.00000E-040  2.63037E-014  3.33938E-036  4.61950E-011  3.83973E-014  7.87832E-001  4.16190E-022  1.32521E-025  9.33350E-024  1.00000E-040  1.20731E-037  5.90515E-026  3.23527E-022  1.91416E-008  1.97796E-016  7.72343E-011  2.13731E-017  2.98234E-008  5.78957E-011  2.59182E-005  1.97231E-010  9.59162E-014  2.57148E-017  2.06493E-010  6.80775E-011  1.99611E-014  8.60195E-032  4.93277E-033  1.00000E-040  8.88808E-029  1.00000E-040  7.26814E-023  6.44927E-017  1.20325E-012  1.27423E-020  3.19168E-020  4.65057E-037  1.00000E-040  1.00000E-040  1.00000E-040  3.47940E-026  2.63641E-036  2.49494E-033  1.50511E-022  3.27122E-018  3.30661E-026  6.24940E-031  4.21844E-024  3.71503E-018  8.00190E-015  2.30939E-014  1.32199E-021  3.09470E-019  1.00000E-040  2.29829E-013  1.58185E-033  1.87678E-022  2.47478E-030  1.36234E-022  1.39415E-025  3.70249E-014  4.96008E-022  2.34747E-014  1.00000E-040  1.85780E-014  1.00000E-040  1.00000E-040  7.34689E-021  1.00000E-040  7.63060E-026  8.22148E-012  3.96201E-036  1.00000E-003  1.00000E-005  1.00000E-005  1.00000E-005  1.00000E-005  1.00000E-005  1.00000E-005  1.00000E-005  1.00000E-005  1.00000E-005  1.00000E-005  1.00000E-005  1.00000E-005  1.00000E-005  1.00000E-005  1.00000E-005  
4.65000E+001  4.55926E-004  1.88306E+016  1.75367E+002  7.80352E+004  1.00000E-040  1.00000E-040  1.00000E-040  2.51110E-013  1.00000E-040  1.00000E-040  1.00000E-040  1.00000E-040  1.00000E-040  1.00000E-040  1.00000E-040  1.00000E-040  1.00000E-040  1.00000E-040  2.71971E-023  1.00000E-040  1.00583E-040  2.55308E-012  2.56335E-007  7.37937E-006  2.99754E-009  2.07971E-007  2.11842E-001  3.12541E-009  2.82572E-004  1.25608E-018  3.94204E-011  1.00000E-040  9.09526E-035  1.39943E-023  1.37596E-014  2.64836E-007  2.73538E-022  7.15002E-035  1.00000E-040  1.00000E-040  1.00000E-040  1.67914E-021  3.10890E-020  7.19101E-016  1.23160E-013  3.60099E-037  1.00000E-040  9.32949E-015  4.71104E-036  4.60763E-011  8.45827E-014  7.87846E-001  5.42199E-022  1.36069E-025  7.47769E-024  1.00000E-040  1.74048E-037  6.46762E-026  2.65891E-022  1.79997E-008  1.21476E-016  8.54029E-011  2.27351E-017  2.67005E-008  5.80493E-011  2.16445E-005  9.80487E-011  4.55392E-014  2.46643E-017  1.59751E-010  2.93193E-011  1.15902E-014  1.58183E-031  7.61222E-033  1.00000E-040  9.13270E-029  1.00000E-040  7.26422E-023  7.68557E-017  1.64828E-012  1.42971E-020  3.78245E-020  5.79018E-037  1.00000E-040  1.00000E-040  1.00000E-040  4.00004E-026  3.18352E-036  2.80643E-033  1.44935E-022  2.54577E-018  6.34841E-026  6.95420E-031  1.40778E-024  1.20244E-018  8.59430E-015  1.94417E-014  2.39421E-021  1.02143E-019  1.00000E-040  2.32303E-013  2.07071E-033  1.81243E-022  1.93359E-030  1.36101E-022  8.01141E-026  2.53494E-014  3.80932E-022  3.53418E-014  1.00000E-040  1.85701E-014  1.00000E-040  1.00000E-040  9.53717E-021  1.00000E-040  1.22976E-025  7.85114E-012  4.09314E-036  1.00000E-003  1.00000E-005  1.00000E-005  1.00000E-005  1.00000E-005  1.00000E-005  1.00000E-005  1.00000E-005  1.00000E-005  1.00000E-005  1.00000E-005  1.00000E-005  1.00000E-005  1.00000E-005  1.00000E-005  1.00000E-005  
4.75000E+001  3.76254E-004  1.55280E+016  1.75502E+002  8.59767E+004  1.00000E-040  1.00000E-040  1.00000E-040  1.26848E-013  1.00000E-040  1.00000E-040  1.00000E-040  1.00000E-040  1.00000E-040  1.00000E-040  1.00000E-040  1.00000E-040  1.00000E-040  1.00000E-040  2.21553E-023  1.00000E-040  1.00710E-040  5.89105E-012  2.51730E-007  7.40262E-006  3.65223E-009  3.19909E-007  2.11832E-001  3.25495E-009  2.82485E-004  1.58659E-018  3.79409E-011  1.00000E-040  3.03657E-034  2.02150E-023  1.62689E-014  2.52101E-007  2.49209E-022  2.84780E-035  1.38129E-037  1.46227E-036  1.00000E-040  9.29422E-022  1.98665E-020  5.82455E-016  8.90465E-014  3.08485E-037  1.00000E-040  3.15088E-015  5.88319E-036  4.59487E-011  1.65111E-013  7.87860E-001  6.28702E-022  1.38710E-025  5.60467E-024  1.00000E-040  2.19205E-037  6.29740E-026  1.89840E-022  1.65834E-008  7.00512E-017  9.35310E-011  2.17721E-017  2.40567E-008  5.50932E-011  1.69385E-005  4.95725E-011  2.03838E-014  2.22454E-017  1.21231E-010  1.18094E-011  6.48201E-015  2.35622E-031  1.01967E-032  1.00000E-040  7.63135E-029  1.00000E-040  7.26037E-023  8.31525E-017  1.93865E-012  1.42810E-020  4.03231E-020  7.44545E-037  1.00000E-040  1.00000E-040  1.00000E-040  4.16825E-026  3.43259E-036  2.44471E-033  1.24713E-022  1.95562E-018  9.20610E-026  6.83935E-031  4.50668E-025  4.88545E-019  7.75096E-015  1.60074E-014  3.59996E-021  3.58623E-020  1.00000E-040  2.33980E-013  2.13534E-033  1.55853E-022  1.32130E-030  1.35914E-022  3.91384E-026  1.61562E-014  2.76745E-022  4.68749E-014  1.00000E-040  1.85615E-014  2.24877E-040  1.00000E-040  9.42136E-021  1.00000E-040  1.80231E-025  7.55060E-012  3.89020E-036  1.00000E-003  1.00000E-005  1.00000E-005  1.00000E-005  1.00000E-005  1.00000E-005  1.00000E-005  1.00000E-005  1.00000E-005  1.00000E-005  1.00000E-005  1.00000E-005  1.00000E-005  1.00000E-005  1.00000E-005  1.00000E-005  
4.85000E+001  3.10567E-004  1.28084E+016  1.75621E+002  9.43451E+004  1.00000E-040  1.00000E-040  1.00000E-040  6.39287E-014  1.00000E-040  1.00000E-040  1.00000E-040  1.00000E-040  1.00000E-040  1.00000E-040  1.00000E-040  1.00000E-040  1.00000E-040  1.00000E-040  1.69812E-023  1.00000E-040  1.00851E-040  1.14437E-011  2.49237E-007  7.41865E-006  4.08323E-009  4.49458E-007  2.11819E-001  3.40991E-009  2.82387E-004  1.80026E-018  3.56015E-011  1.00000E-040  6.78946E-034  2.32323E-023  1.66839E-014  2.41628E-007  2.43050E-022  8.95486E-036  1.00000E-040  1.00000E-040  1.00000E-040  6.12158E-022  1.44485E-020  5.27265E-016  6.88488E-014  2.45987E-037  1.00000E-040  1.03354E-015  6.71782E-036  4.58092E-011  2.93171E-013  7.87877E-001  6.69037E-022  1.40949E-025  4.01036E-024  1.00000E-040  2.49238E-037  5.60781E-026  1.23294E-022  1.50041E-008  3.96406E-017  1.00261E-010  1.93450E-017  2.18052E-008  4.93525E-011  1.29787E-005  2.65417E-011  9.29439E-015  1.96504E-017  9.04162E-011  4.66570E-012  3.55805E-015  2.87305E-031  1.17468E-032  1.00000E-040  5.39363E-029  1.00000E-040  7.25651E-023  8.22195E-017  1.99609E-012  1.28639E-020  3.90043E-020  9.89505E-037  1.00000E-040  1.00000E-040  1.00000E-040  3.97197E-026  3.43238E-036  1.77731E-033  9.84818E-023  1.51557E-018  1.06166E-025  6.13519E-031  1.50005E-025  2.59376E-019  6.04051E-015  1.29880E-014  4.67432E-021  1.37670E-020  1.00000E-040  2.35067E-013  1.83549E-033  1.22666E-022  8.35482E-031  1.35674E-022  1.73618E-026  9.74708E-015  1.97299E-022  5.56889E-014  1.00000E-040  1.85522E-014  1.00000E-040  1.00000E-040  7.44190E-021  1.00000E-040  2.44598E-025  7.30902E-012  3.45648E-036  1.00000E-003  1.00000E-005  1.00000E-005  1.00000E-005  1.00000E-005  1.00000E-005  1.00000E-005  1.00000E-005  1.00000E-005  1.00000E-005  1.00000E-005  1.00000E-005  1.00000E-005  1.00000E-005  1.00000E-005  1.00000E-005  
4.95000E+001  2.56388E-004  1.05709E+016  1.75672E+002  1.04470E+005  1.00000E-040  1.00000E-040  1.00000E-040  3.28820E-014  1.00000E-040  1.00000E-040  1.00000E-040  1.00000E-040  1.00000E-040  1.00000E-040  1.00000E-040  1.00000E-040  1.00000E-040  1.00000E-040  1.23968E-023  1.00000E-040  1.01005E-040  2.01436E-011  2.48652E-007  7.42813E-006  4.37417E-009  6.00961E-007  2.11803E-001  3.61129E-009  2.82276E-004  1.93259E-018  3.31361E-011  1.00000E-040  1.20109E-033  2.33325E-023  1.56270E-014  2.33143E-007  2.53589E-022  2.15534E-036  1.00000E-040  1.00000E-040  1.00000E-040  4.47879E-022  1.14987E-020  5.18334E-016  5.68195E-014  1.92787E-037  1.00000E-040  3.38124E-016  7.24741E-036  4.56564E-011  4.81522E-013  7.87896E-001  6.80162E-022  1.41900E-025  2.85509E-024  1.00000E-040  2.59817E-037  4.61978E-026  7.53810E-023  1.33963E-008  2.31382E-017  1.05627E-010  1.66040E-017  1.98935E-008  4.28767E-011  1.01196E-005  1.50354E-011  4.42073E-015  1.75439E-017  6.66670E-011  1.87512E-012  1.98112E-015  3.10058E-031  1.21544E-032  1.00000E-040  3.50635E-029  1.00000E-040  7.25244E-023  7.63525E-017  1.88191E-012  1.07552E-020  3.51558E-020  1.34670E-036  1.00000E-040  1.00000E-040  1.00000E-040  3.60958E-026  3.34329E-036  1.16472E-033  7.34043E-023  1.18578E-018  1.06790E-025  5.07218E-031  5.42745E-026  1.68273E-019  4.29028E-015  1.04867E-014  5.38273E-021  5.85512E-021  1.00000E-040  2.35734E-013  1.39449E-033  9.09885E-023  5.05580E-031  1.35389E-022  7.26848E-027  5.64397E-015  1.44141E-022  6.23291E-014  1.00000E-040  1.85420E-014  1.00000E-040  1.00000E-040  5.13215E-021  1.00000E-040  3.15394E-025  7.11640E-012  2.90758E-036  1.00000E-003  1.00000E-005  1.00000E-005  1.00000E-005  1.00000E-005  1.00000E-005  1.00000E-005  1.00000E-005  1.00000E-005  1.00000E-005  1.00000E-005  1.00000E-005  1.00000E-005  1.00000E-005  1.00000E-005  1.00000E-005  
5.05000E+001  2.11680E-004  8.72748E+015  1.75674E+002  1.14473E+005  1.00000E-040  1.00000E-040  1.00000E-040  1.73345E-014  1.00000E-040  1.00000E-040  1.00000E-040  1.00000E-040  1.00000E-040  1.00000E-040  1.00000E-040  1.00000E-040  1.00000E-040  1.00000E-040  8.80257E-024  1.00000E-040  1.01175E-040  3.39687E-011  2.49737E-007  7.43195E-006  4.61137E-009  7.88841E-007  2.11784E-001  3.90223E-009  2.82151E-004  2.03475E-018  3.09154E-011  1.00000E-040  1.89665E-033  2.18465E-023  1.38812E-014  2.26256E-007  2.79723E-022  4.15183E-036  4.02855E-038  4.15168E-037  1.00000E-040  3.45886E-022  9.64788E-021  5.38525E-016  4.95155E-014  1.51786E-037  1.00000E-040  1.12322E-016  7.61615E-036  4.54889E-011  7.40832E-013  7.87917E-001  6.75814E-022  1.41918E-025  2.09850E-024  1.00000E-040  2.51230E-037  3.55088E-026  4.43945E-023  1.18610E-008  1.45717E-017  1.10276E-010  1.41099E-017  1.82633E-008  3.68956E-011  8.13501E-006  8.89064E-012  2.18319E-015  1.61379E-017  4.88184E-011  7.77078E-013  1.17971E-015  3.16005E-031  1.17887E-032  1.00000E-040  2.21594E-029  1.00000E-040  7.24795E-023  6.84948E-017  1.68302E-012  8.58323E-021  3.03816E-020  1.85966E-036  1.00000E-040  1.00000E-040  1.00000E-040  3.22447E-026  3.25343E-036  7.23220E-034  5.29151E-023  9.32508E-019  1.00011E-025  3.90246E-031  2.14771E-026  1.23880E-019  2.86511E-015  8.46497E-015  5.60509E-021  2.75229E-021  1.00000E-040  2.36119E-013  9.69584E-034  6.52219E-023  3.06941E-031  1.35066E-022  2.92668E-027  3.15826E-015  1.09576E-022  6.81298E-014  1.00000E-040  1.85308E-014  1.00000E-040  1.00000E-040  3.29223E-021  1.00000E-040  3.96468E-025  6.96169E-012  2.35321E-036  1.00000E-003  1.00000E-005  1.00000E-005  1.00000E-005  1.00000E-005  1.00000E-005  1.00000E-005  1.00000E-005  1.00000E-005  1.00000E-005  1.00000E-005  1.00000E-005  1.00000E-005  1.00000E-005  1.00000E-005  1.00000E-005  
5.15000E+001  1.74776E-004  7.20719E+015  1.75644E+002  1.24475E+005  1.00000E-040  1.00000E-040  1.00000E-040  9.30881E-015  1.00000E-040  1.00000E-040  1.00000E-040  1.00000E-040  1.00000E-040  1.00000E-040  1.00000E-040  1.00000E-040  1.00000E-040  1.00000E-040  6.25868E-024  1.00000E-040  1.01363E-040  5.62461E-011  2.52331E-007  7.43090E-006  4.83549E-009  1.02924E-006  2.11761E-001  4.34826E-009  2.82011E-004  2.13100E-018  2.89694E-011  1.00000E-040  2.83005E-033  1.96923E-023  1.19432E-014  2.20572E-007  3.21509E-022  2.33961E-036  2.02372E-039  2.16286E-038  1.00000E-040  2.74778E-022  8.35884E-021  5.80480E-016  4.49482E-014  1.20661E-037  1.00000E-040  3.81154E-017  7.90644E-036  4.53033E-011  1.07881E-012  7.87941E-001  6.61819E-022  1.41323E-025  1.64611E-024  1.00000E-040  2.28846E-037  2.58126E-026  2.56664E-023  1.04521E-008  1.02081E-017  1.14595E-010  1.19798E-017  1.68536E-008  3.17299E-011  6.71996E-006  5.42336E-012  1.10908E-015  1.52923E-017  3.56166E-011  3.31709E-013  8.09513E-016  3.14267E-031  1.10045E-032  1.00000E-040  1.39139E-029  1.00000E-040  7.24291E-023  6.05654E-017  1.45782E-012  6.67209E-021  2.56848E-020  2.59329E-036  1.00000E-040  1.00000E-040  1.00000E-040  2.86520E-026  3.18114E-036  4.38359E-034  3.75933E-023  7.35468E-019  9.00954E-026  2.83494E-031  9.21684E-027  9.86831E-020  1.82903E-015  6.84252E-015  5.38067E-021  1.41317E-021  1.00000E-040  2.36318E-013  6.31928E-034  4.60557E-023  2.03943E-031  1.34707E-022  1.15332E-027  1.72257E-015  8.63750E-023  7.38154E-014  1.00000E-040  1.85186E-014  1.00000E-040  1.00000E-040  2.02953E-021  1.00000E-040  4.92234E-025  6.83461E-012  1.89809E-036  1.00000E-003  1.00000E-005  1.00000E-005  1.00000E-005  1.00000E-005  1.00000E-005  1.00000E-005  1.00000E-005  1.00000E-005  1.00000E-005  1.00000E-005  1.00000E-005  1.00000E-005  1.00000E-005  1.00000E-005  1.00000E-005  
5.25000E+001  1.44307E-004  5.95319E+015  1.75572E+002  1.34477E+005  1.00000E-040  1.00000E-040  1.00000E-040  4.99330E-015  1.00000E-040  1.00000E-040  1.00000E-040  1.00000E-040  1.00000E-040  1.00000E-040  1.00000E-040  1.00000E-040  1.00000E-040  1.00000E-040  4.60035E-024  1.00000E-040  1.01574E-040  9.22751E-011  2.56363E-007  7.42544E-006  5.06316E-009  1.33987E-006  2.11736E-001  5.04976E-009  2.81854E-004  2.23002E-018  2.72238E-011  1.00000E-040  4.09091E-033  1.73649E-023  1.00770E-014  2.15793E-007  3.80481E-022  2.95304E-036  5.08170E-038  5.15002E-037  1.00000E-040  2.21568E-022  7.39045E-021  6.41107E-016  4.20122E-014  9.69161E-038  1.00000E-040  1.32562E-017  8.12261E-036  4.50961E-011  1.49999E-012  7.87968E-001  6.40587E-022  1.39944E-025  1.41943E-024  1.00000E-040  1.99712E-037  1.80309E-026  1.47825E-023  9.19795E-009  7.93094E-018  1.18738E-010  1.01862E-017  1.56205E-008  2.73602E-011  5.66675E-006  3.38927E-012  5.76212E-016  1.47818E-017  2.59793E-011  1.45400E-013  7.09918E-016  3.09290E-031  1.00381E-032  1.00000E-040  8.74422E-030  1.00000E-040  7.23721E-023  5.34793E-017  1.23828E-012  5.12152E-021  2.15049E-020  3.64013E-036  1.00000E-040  1.00000E-040  1.00000E-040  2.54220E-026  3.12028E-036  2.64200E-034  2.66646E-023  5.81159E-019  7.93138E-026  1.97504E-031  4.25467E-027  8.26755E-020  1.12852E-015  5.54287E-015  4.84454E-021  7.83513E-022  1.00000E-040  2.36391E-013  3.94303E-034  3.24624E-023  1.62275E-031  1.34307E-022  4.51867E-028  9.24022E-016  7.00849E-023  7.96873E-014  1.00000E-040  1.85049E-014  1.00000E-040  1.00000E-040  1.22202E-021  1.00000E-040  6.05498E-025  6.72755E-012  1.66787E-036  1.00000E-003  1.00000E-005  1.00000E-005  1.00000E-005  1.00000E-005  1.00000E-005  1.00000E-005  1.00000E-005  1.00000E-005  1.00000E-005  1.00000E-005  1.00000E-005  1.00000E-005  1.00000E-005  1.00000E-005  1.00000E-005  
5.35000E+001  1.19147E-004  4.91757E+015  1.75489E+002  1.44478E+005  1.00000E-040  1.00000E-040  1.00000E-040  2.68122E-015  1.00000E-040  1.00000E-040  1.00000E-040  1.00000E-040  1.00000E-040  1.00000E-040  1.00000E-040  1.00000E-040  1.00000E-040  1.00000E-040  3.58821E-024  1.00000E-040  1.01811E-040  1.50733E-010  2.61833E-007  7.41583E-006  5.30142E-009  1.74315E-006  2.11706E-001  6.16219E-009  2.81675E-004  2.33495E-018  2.55920E-011  1.00000E-040  5.81265E-033  1.51181E-023  8.39773E-015  2.11693E-007  4.59673E-022  1.92713E-036  2.01099E-038  2.04531E-037  1.00000E-040  1.80025E-022  6.62059E-021  7.19557E-016  4.00717E-014  7.85204E-038  1.00000E-040  4.73193E-018  8.32107E-036  4.48634E-011  2.00664E-012  7.87998E-001  6.13671E-022  1.38359E-025  1.36757E-024  1.00000E-040  1.69244E-037  1.22577E-026  8.55660E-024  8.10765E-009  6.64677E-018  1.22836E-010  8.67953E-018  1.45308E-008  2.36700E-011  4.84865E-006  2.16340E-012  3.05283E-016  1.45389E-017  1.89925E-011  6.52491E-014  7.45573E-016  3.03095E-031  9.02051E-033  1.00000E-040  5.50622E-030  1.00000E-040  7.23075E-023  4.75145E-017  1.03917E-012  3.91576E-021  1.79703E-020  5.13291E-036  1.00000E-040  1.00000E-040  1.00000E-040  2.25424E-026  3.05939E-036  1.60014E-034  1.90371E-023  4.60157E-019  6.89233E-026  1.33829E-031  2.09457E-027  7.15283E-020  6.76324E-016  4.49746E-015  4.14687E-021  4.64057E-022  1.00000E-040  2.36374E-013  2.38588E-034  2.30302E-023  1.57116E-031  1.33864E-022  1.77479E-028  4.89850E-016  5.80352E-023  8.58737E-014  1.00000E-040  1.84897E-014  1.00000E-040  1.00000E-040  7.25915E-022  1.00000E-040  7.42541E-025  6.63478E-012  1.88272E-036  1.00000E-003  1.00000E-005  1.00000E-005  1.00000E-005  1.00000E-005  1.00000E-005  1.00000E-005  1.00000E-005  1.00000E-005  1.00000E-005  1.00000E-005  1.00000E-005  1.00000E-005  1.00000E-005  1.00000E-005  1.00000E-005  
5.45000E+001  9.83689E-005  4.06284E+015  1.75366E+002  1.54480E+005  1.00000E-040  1.00000E-040  1.00000E-040  1.45457E-015  1.00000E-040  1.00000E-040  1.00000E-040  1.00000E-040  1.00000E-040  1.00000E-040  1.00000E-040  1.00000E-040  1.00000E-040  1.00000E-040  3.00087E-024  1.00000E-040  1.02079E-040  2.45553E-010  2.68796E-007  7.40211E-006  5.55697E-009  2.26733E-006  2.11672E-001  7.91813E-009  2.81472E-004  2.44789E-018  2.40187E-011  1.00000E-040  8.17198E-033  1.30645E-023  6.94597E-015  2.08095E-007  5.63237E-022  5.07181E-037  1.00000E-040  1.00000E-040  1.00000E-040  1.46528E-022  5.97305E-021  8.15078E-016  3.87486E-014  6.41153E-038  1.00000E-040  1.73408E-018  8.46116E-036  4.46009E-011  2.59907E-012  7.88032E-001  5.82877E-022  1.36063E-025  1.45989E-024  1.00000E-040  1.40925E-037  8.20417E-027  5.00615E-024  7.17769E-009  5.83878E-018  1.26935E-010  7.41021E-018  1.35595E-008  2.05596E-011  4.19460E-006  1.40807E-012  1.64800E-016  1.43895E-017  1.39588E-011  2.99389E-014  8.23848E-016  2.96602E-031  8.03432E-033  1.00000E-040  3.48006E-030  1.00000E-040  7.22339E-023  4.26370E-017  8.65727E-013  2.99712E-021  1.50304E-020  7.26300E-036  1.00000E-040  1.00000E-040  1.00000E-040  1.99955E-026  2.98042E-036  9.80259E-035  1.37322E-023  3.64794E-019  5.93943E-026  8.91208E-032  1.09278E-027  6.31337E-020  3.96158E-016  3.65585E-015  3.40993E-021  2.90604E-022  1.00000E-040  2.36291E-013  1.42125E-034  1.65111E-023  1.73613E-031  1.33371E-022  7.04238E-029  2.57986E-016  4.88293E-023  9.24876E-014  1.00000E-040  1.84726E-014  1.00000E-040  1.00000E-040  4.27526E-022  1.00000E-040  9.05250E-025  6.55187E-012  3.03732E-036  1.00000E-003  1.00000E-005  1.00000E-005  1.00000E-005  1.00000E-005  1.00000E-005  1.00000E-005  1.00000E-005  1.00000E-005  1.00000E-005  1.00000E-005  1.00000E-005  1.00000E-005  1.00000E-005  1.00000E-005  1.00000E-005  
5.55000E+001  8.12081E-005  3.35643E+015  1.75242E+002  1.64481E+005  1.00000E-040  1.00000E-040  1.00000E-040  7.65188E-016  1.00000E-040  1.00000E-040  1.00000E-040  1.00000E-040  1.00000E-040  1.00000E-040  1.00000E-040  1.00000E-040  1.00000E-040  1.00000E-040  2.67409E-024  1.00000E-040  1.02382E-040  4.00010E-010  2.77356E-007  7.38420E-006  5.83410E-009  2.95094E-006  2.11634E-001  1.06548E-008  2.81241E-004  2.57013E-018  2.24596E-011  1.00000E-040  1.17053E-032  1.12470E-023  5.71575E-015  2.04858E-007  6.97179E-022  1.28909E-036  1.02720E-038  1.02238E-037  1.00000E-040  1.19156E-022  5.40950E-021  9.28183E-016  3.78112E-014  5.26514E-038  1.00000E-040  6.52153E-019  1.01041E-035  4.43032E-011  3.27847E-012  7.88070E-001  5.50413E-022  1.33767E-025  1.68766E-024  1.00000E-040  1.16760E-037  5.47178E-027  2.96625E-024  6.39744E-009  5.27882E-018  1.31162E-010  6.34046E-018  1.26869E-008  1.79286E-011  3.65682E-006  9.34510E-013  9.06279E-017  1.43516E-017  1.03327E-011  1.40346E-014  9.28405E-016  2.90264E-031  7.11453E-033  1.00000E-040  2.20594E-030  1.00000E-040  7.21500E-023  3.86907E-017  7.18065E-013  2.30248E-021  1.26042E-020  1.03061E-035  1.00000E-040  1.00000E-040  1.00000E-040  1.77403E-026  2.86710E-036  6.09141E-035  1.00275E-023  2.89689E-019  5.09982E-026  5.91323E-032  6.00166E-028  5.63889E-020  2.27107E-016  2.97416E-015  2.71497E-021  1.90541E-022  1.00000E-040  2.36154E-013  8.42360E-035  1.19877E-023  2.05084E-031  1.32823E-022  2.82570E-029  1.35066E-016  4.15151E-023  9.95939E-014  1.00000E-040  1.84533E-014  1.00000E-040  1.00000E-040  2.50742E-022  1.00000E-040  1.10365E-024  6.47528E-012  6.29814E-036  1.00000E-003  1.00000E-005  1.00000E-005  1.00000E-005  1.00000E-005  1.00000E-005  1.00000E-005  1.00000E-005  1.00000E-005  1.00000E-005  1.00000E-005  1.00000E-005  1.00000E-005  1.00000E-005  1.00000E-005  1.00000E-005  
5.65000E+001  6.70342E-005  2.77344E+015  1.75063E+002  1.74482E+005  1.00000E-040  1.00000E-040  1.00000E-040  3.88836E-016  1.00000E-040  1.00000E-040  1.00000E-040  1.00000E-040  1.00000E-040  1.00000E-040  1.00000E-040  1.00000E-040  1.00000E-040  1.00000E-040  2.49737E-024  1.00000E-040  1.02729E-040  6.51506E-010  2.87663E-007  7.36183E-006  6.14074E-009  3.84239E-006  2.11590E-001  1.48434E-008  2.80977E-004  2.70333E-018  2.09066E-011  1.00000E-040  7.60302E-032  9.66516E-024  4.69006E-015  2.01867E-007  8.68672E-022  9.67989E-037  2.37726E-040  5.31244E-039  1.00000E-040  9.65193E-023  4.89965E-021  1.05804E-015  3.71152E-014  4.34913E-038  1.00000E-040  2.51493E-019  3.55394E-034  4.39646E-011  4.04682E-012  7.88114E-001  5.18658E-022  1.30548E-025  2.04791E-024  1.00000E-040  1.00811E-037  3.80861E-027  1.78345E-024  5.75344E-009  4.86562E-018  1.35540E-010  5.43546E-018  1.18979E-008  1.57112E-011  3.20907E-006  6.32452E-013  5.08221E-017  1.42488E-017  7.72562E-012  6.72834E-015  1.03874E-015  2.84224E-031  6.28729E-033  1.00000E-040  1.40528E-030  1.00000E-040  7.20541E-023  3.54956E-017  5.94145E-013  1.77791E-021  1.05866E-020  1.46617E-035  1.00000E-040  1.00000E-040  1.00000E-040  1.57570E-026  2.70033E-036  3.84883E-035  7.40870E-024  2.30195E-019  4.36573E-026  4.08488E-032  3.45699E-028  5.06838E-020  1.28160E-016  2.42246E-015  2.10673E-021  1.29556E-022  1.00000E-040  2.35970E-013  5.22780E-035  8.81193E-024  2.48124E-031  1.32212E-022  1.15227E-029  7.05591E-017  3.56560E-023  1.07306E-013  1.00000E-040  1.84313E-014  1.39095E-040  1.00000E-040  1.46609E-022  1.00000E-040  1.33654E-024  6.40211E-012  1.43797E-035  1.00000E-003  1.00000E-005  1.00000E-005  1.00000E-005  1.00000E-005  1.00000E-005  1.00000E-005  1.00000E-005  1.00000E-005  1.00000E-005  1.00000E-005  1.00000E-005  1.00000E-005  1.00000E-005  1.00000E-005  1.00000E-005  
5.75000E+001  5.53264E-005  2.29155E+015  1.74872E+002  1.84483E+005  1.00000E-040  1.00000E-040  1.00000E-040  1.68532E-016  1.00000E-040  1.00000E-040  1.00000E-040  1.00000E-040  1.00000E-040  1.00000E-040  1.00000E-040  1.00000E-040  1.00000E-040  1.00000E-040  2.40420E-024  1.00000E-040  1.03125E-040  1.06290E-009  2.99911E-007  7.33463E-006  6.48159E-009  5.00679E-006  2.11539E-001  2.11260E-008  2.80673E-004  2.84731E-018  1.93416E-011  1.19438E-039  5.65555E-030  8.30895E-024  3.83906E-015  1.99022E-007  1.08777E-021  8.76701E-037  2.30543E-039  2.33716E-038  1.00000E-040  7.79007E-023  4.43556E-021  1.20543E-015  3.65671E-014  3.61762E-038  1.00000E-040  9.93569E-020  3.26707E-032  4.35781E-011  4.91263E-012  7.88165E-001  4.90411E-022  1.27180E-025  2.56048E-024  1.00000E-040  1.13833E-037  3.46874E-027  1.08841E-024  5.23227E-009  4.56077E-018  1.40217E-010  4.66973E-018  1.11800E-008  1.38371E-011  2.82789E-006  4.37022E-013  2.90850E-017  1.41275E-017  5.84344E-012  3.30111E-015  1.16204E-015  2.78448E-031  5.55201E-033  1.00000E-040  8.98318E-031  1.00000E-040  7.19443E-023  3.28850E-017  4.90953E-013  1.38059E-021  8.90482E-021  2.09070E-035  1.00000E-040  1.00000E-040  1.00000E-040  1.39999E-026  2.47833E-036  2.47511E-035  5.53820E-024  1.83225E-019  3.73723E-026  3.69066E-032  2.08043E-028  4.57019E-020  7.12388E-017  1.97314E-015  1.60233E-021  9.05046E-023  1.00000E-040  2.35740E-013  4.25043E-035  6.55879E-024  3.03527E-031  1.31532E-022  4.77198E-030  3.67459E-017  3.08275E-023  1.15632E-013  1.00000E-040  1.84064E-014  1.00000E-040  1.00000E-040  8.57820E-023  1.00000E-040  1.61777E-024  6.32987E-012  3.34670E-035  1.00000E-003  1.00000E-005  1.00000E-005  1.00000E-005  1.00000E-005  1.00000E-005  1.00000E-005  1.00000E-005  1.00000E-005  1.00000E-005  1.00000E-005  1.00000E-005  1.00000E-005  1.00000E-005  1.00000E-005  1.00000E-005  
5.85000E+001  4.56561E-005  1.89331E+015  1.74660E+002  1.94484E+005  1.00000E-040  1.00000E-040  1.00000E-040  4.82649E-017  1.00000E-040  1.00000E-040  1.00000E-040  1.00000E-040  1.00000E-040  1.00000E-040  1.00000E-040  1.00000E-040  1.00000E-040  1.00000E-040  2.35556E-024  1.00000E-040  1.03580E-040  1.73736E-009  3.14341E-007  7.30205E-006  6.86458E-009  6.52567E-006  2.11481E-001  3.03557E-008  2.80323E-004  3.00115E-018  1.77651E-011  1.64568E-037  2.48989E-028  7.40030E-024  3.13653E-015  1.96238E-007  1.36681E-021  9.02154E-037  1.21055E-038  1.16158E-037  1.00000E-040  6.26782E-023  4.01065E-021  1.36999E-015  3.61065E-014  3.22684E-038  1.00000E-040  4.01688E-020  1.44737E-030  4.31357E-011  5.89147E-012  7.88222E-001  4.68451E-022  1.23531E-025  3.25121E-024  1.00000E-040  2.80436E-037  6.89000E-027  6.77395E-025  4.82241E-009  4.34863E-018  1.45309E-010  4.02070E-018  1.05234E-008  1.22599E-011  2.49867E-006  3.08781E-013  1.70154E-017  1.39239E-017  4.48100E-012  1.66041E-015  1.29249E-015  2.72760E-031  4.90758E-033  1.00000E-040  5.76146E-031  1.00000E-040  7.18183E-023  3.07192E-017  4.05425E-013  1.07862E-021  7.49451E-021  2.98811E-035  1.00000E-040  1.00000E-040  1.00000E-040  1.24380E-026  2.36568E-036  1.62846E-035  4.18580E-024  1.46144E-019  3.23863E-026  7.27986E-032  1.30632E-028  4.12720E-020  3.91493E-017  1.60654E-015  1.20100E-021  6.43589E-023  1.00000E-040  2.35466E-013  7.55737E-035  4.94033E-024  3.73309E-031  1.30774E-022  2.01972E-030  1.91007E-017  2.68142E-023  1.24570E-013  1.00000E-040  1.83780E-014  1.00000E-040  1.00000E-040  5.18575E-023  1.00000E-040  1.95578E-024  6.25632E-012  7.73735E-035  1.00000E-003  1.00000E-005  1.00000E-005  1.00000E-005  1.00000E-005  1.00000E-005  1.00000E-005  1.00000E-005  1.00000E-005  1.00000E-005  1.00000E-005  1.00000E-005  1.00000E-005  1.00000E-005  1.00000E-005  1.00000E-005  
5.95000E+001  3.76684E-005  1.56451E+015  1.74387E+002  2.04485E+005  1.00000E-040  1.00000E-040  1.00000E-040  1.00000E-040  1.00000E-040  1.00000E-040  1.00000E-040  1.00000E-040  1.00000E-040  1.00000E-040  1.00000E-040  1.00000E-040  1.00000E-040  1.00000E-040  2.32949E-024  1.00000E-040  1.04103E-040  2.84366E-009  3.31241E-007  7.26339E-006  7.30180E-009  8.49887E-006  2.11414E-001  4.36422E-008  2.79919E-004  3.16245E-018  1.61894E-011  6.32439E-036  5.88069E-027  1.23966E-023  2.55921E-015  1.93435E-007  1.72053E-021  9.26494E-037  2.22686E-038  2.11488E-037  1.00000E-040  5.03373E-023  3.62060E-021  1.54983E-015  3.56949E-014  6.15162E-038  1.00000E-040  1.66010E-020  3.42278E-029  4.26281E-011  7.01003E-012  7.88288E-001  4.55432E-022  1.18998E-025  4.14917E-024  1.00000E-040  1.33776E-036  2.65202E-026  4.67014E-025  4.51548E-009  4.22566E-018  1.50952E-010  3.46947E-018  9.91978E-009  1.09503E-011  2.21140E-006  2.23545E-013  1.02029E-017  1.35451E-017  3.49313E-012  8.58895E-016  1.40454E-015  2.66911E-031  4.35207E-033  1.00000E-040  3.70999E-031  1.00000E-040  7.16735E-023  2.88856E-017  3.34737E-013  8.48496E-022  6.30807E-021  4.28029E-035  1.00000E-040  1.00000E-040  1.00000E-040  1.10461E-026  4.77502E-036  1.19155E-035  3.19621E-024  1.16842E-019  3.67257E-026  2.79775E-031  8.55694E-029  3.73078E-020  2.13863E-017  1.30757E-015  8.91869E-022  4.61633E-023  1.00000E-040  2.35142E-013  2.62100E-034  3.76304E-024  4.60740E-031  1.29931E-022  9.52179E-031  9.93512E-018  2.34958E-023  1.34085E-013  1.00000E-040  1.83454E-014  1.00000E-040  1.00000E-040  4.77192E-023  1.00000E-040  2.35064E-024  6.17941E-012  1.76358E-034  1.00000E-003  1.00000E-005  1.00000E-005  1.00000E-005  1.00000E-005  1.00000E-005  1.00000E-005  1.00000E-005  1.00000E-005  1.00000E-005  1.00000E-005  1.00000E-005  1.00000E-005  1.00000E-005  1.00000E-005  1.00000E-005  
6.05000E+001  3.10707E-005  1.29253E+015  1.74111E+002  2.14485E+005  1.00000E-040  1.00000E-040  1.00000E-040  1.00000E-040  1.00000E-040  1.00000E-040  1.00000E-040  1.00000E-040  1.00000E-040  1.00000E-040  1.00000E-040  1.00000E-040  1.00000E-040  1.00000E-040  2.31526E-024  1.00000E-040  1.04707E-040  4.66533E-009  3.50951E-007  7.21775E-006  7.80266E-009  1.10438E-005  2.11336E-001  6.24142E-008  2.79450E-004  3.32269E-018  1.45987E-011  1.44895E-034  8.26841E-026  9.34813E-023  2.08360E-015  1.90536E-007  2.16930E-021  7.89826E-037  1.87734E-038  1.76675E-037  1.00000E-040  4.05727E-023  3.27440E-021  1.74509E-015  3.53047E-014  4.43917E-037  1.00000E-040  7.00669E-021  4.81467E-028  4.20443E-011  8.31896E-012  7.88363E-001  4.55129E-022  1.14550E-025  5.32373E-024  1.00000E-040  7.47093E-036  1.19551E-025  6.97461E-025  4.30688E-009  4.20257E-018  1.57498E-010  3.00216E-018  9.36218E-009  9.88634E-012  1.95299E-006  1.66373E-013  6.28599E-018  1.30589E-017  2.77298E-012  4.58248E-016  1.46213E-015  2.60619E-031  3.87337E-033  1.00000E-040  2.38945E-031  1.00000E-040  7.15069E-023  2.72941E-017  2.76370E-013  6.72875E-022  5.31502E-021  6.14356E-035  1.00000E-040  1.00000E-040  1.00000E-040  9.77779E-027  3.26974E-035  1.89826E-035  2.46954E-024  9.39533E-020  1.54722E-025  1.27501E-030  5.84506E-029  3.38228E-020  1.16388E-017  1.06210E-015  6.60560E-022  3.30954E-023  1.00000E-040  2.34764E-013  1.06807E-033  2.90280E-024  5.77527E-031  1.28993E-022  9.77951E-031  5.16666E-018  2.06870E-023  1.43826E-013  1.00000E-040  1.83080E-014  1.00000E-040  1.00000E-040  1.55812E-022  1.00000E-040  2.83398E-024  6.09709E-012  3.95413E-034  1.00000E-003  1.00000E-005  1.00000E-005  1.00000E-005  1.00000E-005  1.00000E-005  1.00000E-005  1.00000E-005  1.00000E-005  1.00000E-005  1.00000E-005  1.00000E-005  1.00000E-005  1.00000E-005  1.00000E-005  1.00000E-005  
6.15000E+001  2.56221E-005  1.06765E+015  1.73822E+002  2.24486E+005  1.00000E-040  1.00000E-040  1.00000E-040  1.00000E-040  1.00000E-040  1.00000E-040  1.00000E-040  1.00000E-040  1.00000E-040  1.00000E-040  1.00000E-040  1.00000E-040  1.00000E-040  1.00000E-040  2.30680E-024  1.00000E-040  1.05405E-040  7.66239E-009  3.73863E-007  7.16399E-006  8.38841E-009  1.42603E-005  2.11247E-001  8.84845E-008  2.78906E-004  3.46448E-018  1.29827E-011  2.16919E-033  7.59332E-025  8.15800E-022  1.69252E-015  1.87464E-007  2.73637E-021  2.52429E-037  1.00000E-040  1.00000E-040  1.00000E-040  3.31319E-023  2.98195E-021  1.95221E-015  3.49202E-014  3.53552E-036  1.00000E-040  3.01717E-021  4.43101E-027  4.13714E-011  9.89554E-012  7.88450E-001  4.72529E-022  1.10040E-025  6.85359E-024  1.00000E-040  4.08671E-035  5.27806E-025  3.11329E-024  4.19638E-009  4.30132E-018  1.65518E-010  2.60821E-018  8.84457E-009  9.10127E-012  1.71327E-006  1.27907E-013  3.99882E-018  1.24558E-017  2.24719E-012  2.53773E-016  1.48184E-015  2.53689E-031  3.46780E-033  1.00000E-040  1.53475E-031  1.00000E-040  7.13151E-023  2.58725E-017  2.28214E-013  5.40056E-022  4.49496E-021  8.83360E-035  1.00000E-040  1.00000E-040  1.00000E-040  8.59275E-027  2.30249E-034  9.08853E-035  1.93754E-024  7.63717E-020  1.23489E-024  5.73485E-030  4.16278E-029  3.09055E-020  6.36176E-018  8.60423E-016  4.92273E-022  2.34894E-023  1.00000E-040  2.34325E-013  4.28653E-033  2.27528E-024  7.46768E-031  1.27954E-022  3.03727E-030  2.69762E-018  1.83264E-023  1.53089E-013  1.00000E-040  1.82651E-014  1.00000E-040  1.00000E-040  7.94728E-022  1.00000E-040  3.43160E-024  6.00732E-012  8.70823E-034  1.00000E-003  1.00000E-005  1.00000E-005  1.00000E-005  1.00000E-005  1.00000E-005  1.00000E-005  1.00000E-005  1.00000E-005  1.00000E-005  1.00000E-005  1.00000E-005  1.00000E-005  1.00000E-005  1.00000E-005  1.00000E-005  
6.25000E+001  2.11234E-005  8.81764E+014  1.73511E+002  2.34487E+005  1.00000E-040  1.00000E-040  1.00000E-040  1.00000E-040  1.00000E-040  1.00000E-040  1.00000E-040  1.00000E-040  1.00000E-040  1.00000E-040  1.00000E-040  1.00000E-040  1.00000E-040  1.00000E-040  2.30099E-024  1.00000E-040  1.06215E-040  1.25999E-008  4.00425E-007  7.10063E-006  9.12901E-009  1.81235E-005  2.11143E-001  1.24136E-007  2.78273E-004  3.54944E-018  1.12984E-011  2.33426E-032  5.00891E-024  5.36184E-021  1.37195E-015  1.84137E-007  3.44394E-021  4.62794E-037  1.00000E-040  1.00000E-040  1.00000E-040  2.80668E-023  2.77076E-021  2.15665E-015  3.45422E-014  2.22892E-035  1.00000E-040  1.32448E-021  2.96948E-026  4.05946E-011  1.18295E-011  7.88551E-001  5.17425E-022  1.05364E-025  8.87648E-024  1.00000E-040  2.11639E-034  2.20507E-024  1.50611E-023  4.18877E-009  4.58741E-018  1.76906E-010  2.28942E-018  8.36163E-009  8.75802E-012  1.47802E-006  1.02608E-013  2.65322E-018  1.18049E-017  1.86325E-012  1.48238E-016  1.47439E-015  2.46223E-031  3.14799E-033  1.00000E-040  9.79805E-032  1.00000E-040  7.10938E-023  2.45624E-017  1.88532E-013  4.44498E-022  3.85385E-021  1.27169E-034  1.00000E-040  1.00000E-040  1.00000E-040  7.42705E-027  1.22377E-033  4.77244E-034  1.56475E-024  6.38098E-020  8.46020E-024  2.43401E-029  3.09874E-029  2.88367E-020  3.54400E-018  6.94562E-016  3.73660E-022  1.63285E-023  1.00000E-040  2.33816E-013  1.64846E-032  1.83616E-024  1.03046E-030  1.26806E-022  1.05111E-029  1.42815E-018  1.64423E-023  1.60114E-013  1.00000E-040  1.82156E-014  1.00000E-040  1.00000E-040  3.67534E-021  1.00000E-040  4.20746E-024  5.90792E-012  1.87930E-033  1.00000E-003  1.00000E-005  1.00000E-005  1.00000E-005  1.00000E-005  1.00000E-005  1.00000E-005  1.00000E-005  1.00000E-005  1.00000E-005  1.00000E-005  1.00000E-005  1.00000E-005  1.00000E-005  1.00000E-005  1.00000E-005  
6.35000E+001  1.74095E-005  7.28053E+014  1.73197E+002  2.44487E+005  1.00000E-040  1.00000E-040  1.00000E-040  1.00000E-040  1.00000E-040  1.00000E-040  1.00000E-040  1.00000E-040  1.00000E-040  1.00000E-040  1.00000E-040  1.00000E-040  1.00000E-040  1.00000E-040  2.29657E-024  1.00000E-040  1.07156E-040  2.09719E-008  4.31130E-007  7.02555E-006  1.02759E-008  2.22676E-005  2.11024E-001  1.72277E-007  2.77535E-004  3.51455E-018  9.47324E-012  2.07741E-031  2.69962E-023  2.89217E-020  1.11075E-015  1.80466E-007  4.29081E-021  4.57384E-037  1.00000E-040  1.00000E-040  1.00000E-040  2.59567E-023  2.69882E-021  2.30737E-015  3.42113E-014  1.20589E-034  1.00000E-040  5.92370E-022  1.69987E-025  3.96964E-011  1.41166E-011  7.88667E-001  6.12444E-022  1.00823E-025  1.17604E-023  1.00000E-040  1.04543E-033  8.77935E-024  6.45908E-023  4.29440E-009  5.25989E-018  1.97876E-010  2.07346E-018  7.90854E-009  9.30103E-012  1.22971E-006  8.79028E-014  1.87778E-018  1.13197E-017  1.58253E-012  9.51035E-017  1.44639E-015  2.38909E-031  2.96624E-033  1.00000E-040  6.22628E-032  1.00000E-040  7.08385E-023  2.33167E-017  1.55919E-013  3.88381E-022  3.44141E-021  1.83047E-034  1.00000E-040  1.00000E-040  1.00000E-040  6.19931E-027  5.19170E-033  2.29810E-033  1.35074E-024  5.74522E-020  5.42892E-023  9.80589E-029  2.44620E-029  2.82131E-020  2.06134E-018  5.57540E-016  2.92465E-022  1.09643E-023  1.00000E-040  2.33227E-013  6.24370E-032  1.58274E-024  1.62889E-030  1.25542E-022  3.44713E-029  7.80725E-019  1.52744E-023  1.61439E-013  1.00000E-040  1.81586E-014  1.00000E-040  1.00000E-040  1.63303E-020  1.00000E-040  5.38595E-024  5.79661E-012  3.95675E-033  1.00000E-003  1.00000E-005  1.00000E-005  1.00000E-005  1.00000E-005  1.00000E-005  1.00000E-005  1.00000E-005  1.00000E-005  1.00000E-005  1.00000E-005  1.00000E-005  1.00000E-005  1.00000E-005  1.00000E-005  1.00000E-005  
6.45000E+001  1.43447E-005  6.00851E+014  1.72919E+002  2.54488E+005  1.00000E-040  1.00000E-040  1.00000E-040  1.00000E-040  1.00000E-040  1.00000E-040  1.00000E-040  1.00000E-040  1.00000E-040  1.00000E-040  1.00000E-040  1.00000E-040  1.00000E-040  1.00000E-040  2.29326E-024  1.00000E-040  1.08253E-040  3.63975E-008  4.66478E-007  6.93518E-006  1.24618E-008  2.59485E-005  2.10886E-001  2.36816E-007  2.76674E-004  3.32455E-018  7.53356E-012  1.84309E-030  1.38962E-022  1.49192E-019  9.01275E-016  1.76349E-007  5.21491E-021  5.01788E-037  1.00000E-040  1.00000E-040  1.00000E-040  2.78911E-023  2.84267E-021  2.30540E-015  3.40182E-014  6.44755E-034  1.00000E-040  2.69799E-022  9.82376E-025  3.86561E-011  1.64943E-011  7.88802E-001  8.07323E-022  9.69604E-026  1.64389E-023  1.00000E-040  4.91919E-033  3.32480E-023  2.80103E-022  4.52906E-009  6.81750E-018  2.43110E-010  2.01041E-018  7.48071E-009  1.15950E-011  9.64714E-007  8.38422E-014  1.47538E-018  1.12733E-017  1.37675E-012  7.19013E-017  1.40158E-015  2.33210E-031  3.02659E-033  1.00000E-040  3.99502E-032  1.00000E-040  7.05436E-023  2.21001E-017  1.29349E-013  3.79657E-022  3.33258E-021  2.62730E-034  1.00000E-040  1.00000E-040  1.00000E-040  4.89600E-027  1.93637E-032  1.20604E-032  1.32154E-024  6.13537E-020  3.73608E-022  3.81130E-028  2.09752E-029  2.98323E-020  1.28886E-018  4.43053E-016  2.36912E-022  6.97331E-024  1.00000E-040  2.32545E-013  2.41551E-031  1.54296E-024  3.24323E-030  1.24161E-022  1.29588E-028  4.50188E-019  1.53269E-023  1.53496E-013  1.00000E-040  1.80927E-014  1.00000E-040  1.00000E-040  7.30604E-020  1.00000E-040  7.58971E-024  5.67092E-012  8.05977E-033  1.00000E-003  1.00000E-005  1.00000E-005  1.00000E-005  1.00000E-005  1.00000E-005  1.00000E-005  1.00000E-005  1.00000E-005  1.00000E-005  1.00000E-005  1.00000E-005  1.00000E-005  1.00000E-005  1.00000E-005  1.00000E-005  
6.55000E+001  1.18173E-005  4.95453E+014  1.72755E+002  2.64488E+005  1.00000E-040  1.00000E-040  1.00000E-040  1.00000E-040  1.00000E-040  1.00000E-040  1.00000E-040  1.00000E-040  1.00000E-040  1.00000E-040  1.00000E-040  1.00000E-040  1.00000E-040  1.00000E-040  2.29164E-024  1.00000E-040  1.09532E-040  6.81057E-008  5.06827E-007  6.82267E-006  1.67206E-008  2.88987E-005  2.10727E-001  3.23605E-007  2.75665E-004  3.11673E-018  5.83541E-012  1.78728E-029  7.22870E-022  7.76704E-019  7.43114E-016  1.71671E-007  6.13440E-021  5.97720E-037  1.00000E-040  1.00000E-040  1.00000E-040  3.44504E-023  3.21570E-021  2.09998E-015  3.40068E-014  3.51922E-033  1.00000E-040  1.25040E-022  5.70688E-024  3.74497E-011  1.86234E-011  7.88959E-001  1.19833E-021  9.47895E-026  2.48465E-023  1.00000E-040  2.10213E-032  1.14056E-022  1.27373E-021  4.91230E-009  1.02429E-017  3.36367E-010  2.12745E-018  7.07359E-009  1.66929E-011  7.13770E-007  9.24159E-014  1.33097E-018  1.17815E-017  1.22604E-012  6.65888E-017  1.34169E-015  2.31378E-031  3.44464E-033  1.00000E-040  2.64070E-032  1.00000E-040  7.02026E-023  2.08930E-017  1.08264E-013  4.20871E-022  3.52444E-021  3.74471E-034  1.00000E-040  1.00000E-040  1.00000E-040  3.67260E-027  6.45727E-032  7.35184E-032  1.49507E-024  8.90278E-020  2.47533E-021  1.40184E-027  1.93261E-029  3.38098E-020  8.77224E-019  3.45272E-016  1.97391E-022  4.08615E-024  1.00000E-040  2.31755E-013  9.28760E-031  1.73546E-024  8.15940E-030  1.22660E-022  5.88674E-028  2.74786E-019  1.70382E-023  1.37766E-013  1.00000E-040  1.80166E-014  1.00000E-040  1.00000E-040  2.99832E-019  1.00000E-040  1.21877E-023  5.52824E-012  1.56345E-032  1.00000E-003  1.00000E-005  1.00000E-005  1.00000E-005  1.00000E-005  1.00000E-005  1.00000E-005  1.00000E-005  1.00000E-005  1.00000E-005  1.00000E-005  1.00000E-005  1.00000E-005  1.00000E-005  1.00000E-005  1.00000E-005  
6.65000E+001  9.73395E-006  4.08498E+014  1.72590E+002  2.74489E+005  1.00000E-040  1.00000E-040  1.00000E-040  1.00000E-040  1.00000E-040  1.00000E-040  1.00000E-040  1.00000E-040  1.00000E-040  1.00000E-040  1.00000E-040  1.00000E-040  1.00000E-040  1.00000E-040  2.29019E-024  1.00000E-040  1.11028E-040  1.38557E-007  5.51871E-007  6.67465E-006  2.35842E-008  3.35745E-005  2.10542E-001  4.42153E-007  2.74479E-004  3.43582E-018  5.23618E-012  1.74676E-028  3.48532E-021  3.73403E-018  6.52145E-016  1.66302E-007  7.11317E-021  6.40130E-037  1.00000E-040  1.00000E-040  1.00000E-040  4.06951E-023  3.45758E-021  1.82186E-015  3.40396E-014  1.68445E-032  1.00000E-040  5.88812E-023  2.92767E-023  3.60499E-011  2.12703E-011  7.89141E-001  1.93923E-021  9.28555E-026  3.99236E-023  1.00000E-040  7.48084E-032  3.24632E-022  5.08741E-021  5.46491E-009  1.64485E-017  4.84639E-010  2.31839E-018  6.68292E-009  2.38390E-011  5.39489E-007  1.08724E-013  1.27199E-018  1.25661E-017  1.11814E-012  6.65142E-017  1.26735E-015  2.36464E-031  4.14752E-033  1.00000E-040  1.83495E-032  1.00000E-040  6.98079E-023  1.96948E-017  9.25361E-014  4.67121E-022  3.71264E-021  5.27421E-034  4.37397E-040  1.00000E-040  1.00000E-040  2.84741E-027  1.80421E-031  4.14092E-031  1.69964E-024  1.77017E-019  1.36048E-020  4.50356E-027  1.68696E-029  3.64209E-020  6.23752E-019  2.60774E-016  1.69598E-022  2.13097E-024  1.00000E-040  2.30840E-013  3.11306E-030  1.96700E-024  2.02175E-029  1.21010E-022  2.36419E-027  1.70724E-019  1.99287E-023  1.26340E-013  1.00000E-040  1.79285E-014  1.00000E-040  1.00000E-040  1.02274E-018  1.00000E-040  2.03065E-023  5.36590E-012  2.81389E-032  1.00000E-003  1.00000E-005  1.00000E-005  1.00000E-005  1.00000E-005  1.00000E-005  1.00000E-005  1.00000E-005  1.00000E-005  1.00000E-005  1.00000E-005  1.00000E-005  1.00000E-005  1.00000E-005  1.00000E-005  1.00000E-005  
6.75000E+001  8.01701E-006  3.36770E+014  1.72423E+002  2.84489E+005  1.00000E-040  1.00000E-040  1.00000E-040  1.00000E-040  1.00000E-040  1.00000E-040  1.00000E-040  1.00000E-040  1.00000E-040  1.00000E-040  1.00000E-040  1.00000E-040  1.00000E-040  1.00000E-040  2.28881E-024  1.00000E-040  1.12778E-040  2.94535E-007  5.99395E-007  6.46828E-006  2.89715E-008  4.97597E-005  2.10320E-001  6.07494E-007  2.73078E-004  5.61859E-018  6.94841E-012  1.52073E-027  1.43243E-020  1.49997E-017  6.28424E-016  1.60113E-007  8.59612E-021  1.00000E-040  1.00000E-040  1.00000E-040  1.00000E-040  3.22070E-023  2.71163E-021  1.79429E-015  3.37871E-014  5.52748E-032  1.00000E-040  2.81070E-023  1.23366E-022  3.44280E-011  3.11810E-011  7.89348E-001  3.32359E-021  9.07946E-026  6.50296E-023  1.00000E-040  2.02693E-031  6.97749E-022  1.35194E-020  6.20879E-009  2.20922E-017  5.72084E-010  2.21136E-018  6.30484E-009  2.55735E-011  5.02288E-007  9.73984E-014  9.26060E-019  1.31908E-017  1.04109E-012  5.05760E-017  1.17865E-015  2.50990E-031  4.25139E-033  1.00000E-040  1.32580E-032  1.00000E-040  6.93506E-023  1.85166E-017  8.15852E-014  3.77751E-022  3.15917E-021  7.28285E-034  2.82912E-039  1.00000E-040  1.00000E-040  2.76417E-027  4.22374E-031  1.35531E-030  1.32023E-024  3.43534E-019  5.93990E-020  1.09910E-026  1.06572E-029  2.86410E-020  3.86769E-019  1.89082E-016  1.60985E-022  9.57597E-025  1.00000E-040  2.29778E-013  6.86009E-030  1.54696E-024  2.94348E-029  1.18921E-022  4.31169E-027  9.12779E-020  2.00759E-023  1.42869E-013  1.00000E-040  1.78264E-014  1.00000E-040  1.00000E-040  2.80837E-018  1.00000E-040  2.75605E-023  5.18120E-012  4.55764E-032  1.00000E-003  1.00000E-005  1.00000E-005  1.00000E-005  1.00000E-005  1.00000E-005  1.00000E-005  1.00000E-005  1.00000E-005  1.00000E-005  1.00000E-005  1.00000E-005  1.00000E-005  1.00000E-005  1.00000E-005  1.00000E-005  
6.85000E+001  6.60338E-006  2.77120E+014  1.72590E+002  2.94489E+005  1.00000E-040  1.00000E-040  1.00000E-040  1.00000E-040  1.00000E-040  1.00000E-040  1.00000E-040  1.00000E-040  1.00000E-040  1.00000E-040  1.00000E-040  1.00000E-040  1.00000E-040  1.00000E-040  2.29143E-024  1.00000E-040  1.14830E-040  5.78422E-007  6.44649E-007  6.18657E-006  2.61905E-008  1.02965E-004  2.10041E-001  8.36839E-007  2.71413E-004  1.26532E-017  1.15242E-011  1.02929E-026  4.90785E-020  4.70623E-017  6.16071E-016  1.52977E-007  1.14667E-020  1.00000E-040  1.00000E-040  1.00000E-040  1.00000E-040  1.40535E-023  1.33963E-021  2.34890E-015  3.29104E-014  1.11230E-031  1.00000E-040  1.35444E-023  4.25900E-022  3.25566E-011  9.66970E-011  7.89575E-001  7.47751E-021  9.20147E-026  1.00420E-022  4.11526E-036  4.04060E-031  1.08312E-021  2.13476E-020  7.16329E-009  1.99073E-017  4.46419E-010  1.62173E-018  5.93561E-009  1.66734E-011  6.30419E-007  5.62229E-014  4.40703E-019  1.42273E-017  9.76795E-013  2.43960E-017  1.07578E-015  2.71002E-031  3.05631E-033  1.00000E-040  9.29025E-033  1.00000E-040  6.88200E-023  1.73454E-017  7.33246E-014  1.75724E-022  1.73364E-021  9.65998E-034  6.24616E-039  1.00000E-040  1.00000E-040  3.63952E-027  9.17934E-031  1.97627E-030  5.49743E-025  4.94744E-019  2.09384E-019  1.85356E-026  4.24878E-030  1.41257E-020  1.79539E-019  1.33817E-016  2.37161E-022  3.69461E-025  1.00000E-040  2.28545E-013  7.85319E-030  6.71308E-025  1.88446E-029  1.15606E-022  2.44091E-027  3.54531E-020  1.43066E-023  2.18731E-013  1.00000E-040  1.77081E-014  1.00000E-040  1.00000E-040  6.29246E-018  1.00000E-040  2.56070E-023  4.97086E-012  6.55168E-032  1.00000E-003  1.00000E-005  1.00000E-005  1.00000E-005  1.00000E-005  1.00000E-005  1.00000E-005  1.00000E-005  1.00000E-005  1.00000E-005  1.00000E-005  1.00000E-005  1.00000E-005  1.00000E-005  1.00000E-005  1.00000E-005  
6.95000E+001  5.44072E-006  2.28093E+014  1.72767E+002  3.04490E+005  1.00000E-040  1.00000E-040  1.00000E-040  1.00000E-040  1.00000E-040  1.00000E-040  1.00000E-040  1.00000E-040  1.00000E-040  1.00000E-040  1.00000E-040  1.00000E-040  1.00000E-040  1.00000E-040  2.29417E-024  1.00000E-040  1.17234E-040  9.69040E-007  6.85040E-007  5.84055E-006  2.00196E-008  2.39837E-004  2.09672E-001  1.13921E-006  2.69442E-004  3.09273E-017  1.63776E-011  4.99509E-026  1.41194E-019  1.11775E-016  6.00804E-016  1.44801E-007  1.65412E-020  1.00000E-040  1.00000E-040  1.00000E-040  1.00000E-040  4.31804E-024  5.09816E-022  3.51650E-015  3.13712E-014  1.62768E-031  1.00000E-040  6.55161E-024  1.22210E-021  3.04200E-011  6.03709E-010  7.89809E-001  2.62914E-020  9.29936E-026  1.37613E-022  2.72468E-035  6.52629E-031  1.32424E-021  2.49264E-020  8.24683E-009  1.35704E-017  2.64108E-010  1.00785E-018  5.57217E-009  7.86060E-012  8.99598E-007  3.32360E-014  2.17215E-019  1.73406E-017  9.05714E-013  9.79648E-018  9.59811E-016  2.85450E-031  1.80332E-033  1.00000E-040  6.22546E-033  1.00000E-040  6.82047E-023  1.61301E-017  6.60717E-014  6.12070E-023  6.69275E-022  1.19196E-033  7.49689E-039  1.00000E-040  1.00000E-040  5.31708E-027  1.89362E-030  1.93825E-030  1.76464E-025  5.84030E-019  6.10654E-019  2.40890E-026  1.52946E-030  5.36613E-021  7.63604E-020  9.57486E-017  6.22446E-022  1.26862E-025  1.00000E-040  2.27110E-013  5.98323E-030  2.24295E-025  8.44959E-030  1.11236E-022  7.68135E-028  1.22052E-020  8.27559E-024  3.81037E-013  1.00000E-040  1.75705E-014  1.00000E-040  1.00000E-040  1.18411E-017  1.00000E-040  1.79095E-023  4.73154E-012  8.55331E-032  1.00000E-003  1.00000E-005  1.00000E-005  1.00000E-005  1.00000E-005  1.00000E-005  1.00000E-005  1.00000E-005  1.00000E-005  1.00000E-005  1.00000E-005  1.00000E-005  1.00000E-005  1.00000E-005  1.00000E-005  1.00000E-005  
7.05000E+001  4.48441E-006  1.87807E+014  1.72946E+002  3.14490E+005  1.00000E-040  1.00000E-040  1.00000E-040  1.00000E-040  1.00000E-040  1.00000E-040  1.00000E-040  1.00000E-040  1.00000E-040  1.00000E-040  1.00000E-040  1.00000E-040  1.00000E-040  1.00000E-040  2.29688E-024  1.00000E-040  1.20051E-040  1.43210E-006  7.22143E-007  5.44519E-006  1.51122E-008  5.26211E-004  2.09166E-001  1.51791E-006  2.67121E-004  6.92344E-017  1.83521E-011  1.83639E-025  3.47735E-019  2.02177E-016  5.94095E-016  1.35566E-007  2.45296E-020  1.02286E-037  7.16480E-038  3.39589E-037  1.00000E-040  1.17313E-024  1.88028E-022  5.13581E-015  2.93240E-014  1.98064E-031  1.00000E-040  3.16665E-024  2.98454E-021  2.80295E-011  4.04226E-009  7.90030E-001  9.67659E-020  9.40456E-026  1.70425E-022  1.00000E-040  9.82542E-031  1.45141E-021  2.61467E-020  8.94516E-009  8.16511E-018  1.46222E-010  6.06457E-019  5.21259E-009  3.23355E-012  1.24073E-006  2.40527E-014  1.30805E-019  2.31861E-017  8.10287E-013  3.84101E-018  8.33343E-016  2.87914E-031  1.06031E-033  1.00000E-040  3.98159E-033  1.00000E-040  6.74918E-023  1.48312E-017  5.92314E-014  2.31230E-023  2.54406E-022  1.33789E-033  7.28418E-039  1.00000E-040  1.00000E-040  7.24998E-027  3.44912E-030  2.01753E-030  6.32715E-026  6.41499E-019  1.51450E-018  2.80485E-026  1.12197E-030  1.97464E-021  3.59307E-020  6.95117E-017  1.88557E-021  4.05608E-026  1.00000E-040  2.25438E-013  4.03569E-030  8.13968E-026  4.06519E-030  1.06478E-022  2.27645E-028  4.51860E-021  4.49237E-024  6.42231E-013  1.00000E-040  1.74107E-014  1.00000E-040  1.00000E-040  1.92474E-017  1.00000E-040  1.16228E-023  4.46143E-012  1.05255E-031  1.00000E-003  1.00000E-005  1.00000E-005  1.00000E-005  1.00000E-005  1.00000E-005  1.00000E-005  1.00000E-005  1.00000E-005  1.00000E-005  1.00000E-005  1.00000E-005  1.00000E-005  1.00000E-005  1.00000E-005  1.00000E-005  
7.15000E+001  3.69832E-006  1.54450E+014  1.73434E+002  3.24490E+005  1.00000E-040  1.00000E-040  1.00000E-040  1.00000E-040  1.00000E-040  1.00000E-040  1.00000E-040  1.00000E-040  1.00000E-040  1.00000E-040  1.00000E-040  1.00000E-040  1.00000E-040  1.00000E-040  2.30314E-024  1.00000E-040  1.23352E-040  1.94450E-006  7.58112E-007  5.01113E-006  1.15442E-008  1.04244E-003  2.08468E-001  1.97622E-006  2.64402E-004  1.34903E-016  1.77214E-011  5.93643E-025  7.48545E-019  2.93827E-016  5.95987E-016  1.25347E-007  3.64866E-020  1.19376E-037  1.46667E-037  5.54001E-037  1.00000E-040  3.11638E-025  7.36747E-023  7.09392E-015  2.68745E-014  2.13529E-031  1.00000E-040  1.52641E-024  6.36048E-021  2.54311E-011  2.25282E-008  7.90213E-001  3.03816E-019  9.91097E-026  1.99795E-022  1.00000E-040  1.46704E-030  1.51096E-021  2.61201E-020  8.36756E-009  4.30619E-018  8.21053E-011  3.78865E-019  4.85562E-009  1.25720E-012  1.57128E-006  1.72076E-014  7.72442E-020  3.10306E-017  6.96113E-013  1.47908E-018  7.00930E-016  2.78990E-031  6.58451E-034  1.00000E-040  2.36773E-033  1.00000E-040  6.66672E-023  1.34404E-017  5.25984E-014  1.13612E-023  1.16401E-022  1.35465E-033  1.00000E-040  1.00000E-040  1.00000E-040  8.81432E-027  5.50038E-030  2.45655E-030  2.88997E-026  6.83738E-019  3.27642E-018  3.11515E-026  2.16713E-030  7.67779E-022  1.94659E-020  5.07505E-017  5.36257E-021  1.25449E-026  1.00000E-040  2.23491E-013  2.56368E-030  3.72550E-026  2.29260E-030  1.01683E-022  7.13198E-029  1.86237E-021  2.29818E-024  9.98349E-013  1.00000E-040  1.72250E-014  1.00000E-040  1.00000E-040  2.76372E-017  1.00000E-040  7.87824E-024  4.16115E-012  1.24694E-031  1.00000E-003  1.00000E-005  1.00000E-005  1.00000E-005  1.00000E-005  1.00000E-005  1.00000E-005  1.00000E-005  1.00000E-005  1.00000E-005  1.00000E-005  1.00000E-005  1.00000E-005  1.00000E-005  1.00000E-005  1.00000E-005  
7.25000E+001  3.05280E-006  1.27027E+014  1.74068E+002  3.34491E+005  1.00000E-040  1.00000E-040  1.00000E-040  1.00000E-040  1.00000E-040  1.00000E-040  1.00000E-040  1.00000E-040  1.00000E-040  1.00000E-040  1.00000E-040  1.00000E-040  1.00000E-040  1.00000E-040  2.31095E-024  1.00000E-040  1.27219E-040  2.48601E-006  7.94087E-007  4.54934E-006  8.89723E-009  1.87164E-003  2.07522E-001  2.51731E-006  2.61236E-004  2.30540E-016  1.62306E-011  5.02172E-024  1.43129E-018  3.69344E-016  6.01862E-016  1.14332E-007  5.34094E-020  1.00000E-040  1.00000E-040  1.00000E-040  1.00000E-040  8.49199E-026  3.10966E-023  9.22164E-015  2.41849E-014  2.15745E-031  1.00000E-040  7.38036E-025  1.20268E-020  2.27122E-011  9.84857E-008  7.90333E-001  7.78135E-019  1.06351E-025  2.24271E-022  1.00000E-040  2.19878E-030  1.52711E-021  2.51841E-020  6.80787E-009  2.05232E-018  4.78133E-011  2.60033E-019  4.50109E-009  4.77515E-013  1.83646E-006  1.12131E-014  4.13787E-020  3.92408E-017  5.89389E-013  5.50471E-019  5.69011E-016  2.62635E-031  4.41351E-034  1.00000E-040  1.31407E-033  1.00000E-040  6.57162E-023  1.19769E-017  4.61425E-014  7.39248E-024  6.76218E-023  1.24656E-033  1.00000E-040  1.00000E-040  1.00000E-040  9.65324E-027  7.92350E-030  3.20140E-030  1.70623E-026  7.13123E-019  6.28878E-018  3.34851E-026  5.21618E-030  3.20760E-022  1.20168E-020  3.72600E-017  1.33098E-020  3.86792E-027  1.00000E-040  2.21227E-013  1.58116E-030  2.20122E-026  1.47159E-030  9.70069E-023  2.39105E-029  8.48549E-022  1.11185E-024  1.43706E-012  1.00000E-040  1.70100E-014  1.00000E-040  1.00000E-040  3.56335E-017  1.00000E-040  5.57544E-024  3.83447E-012  1.42943E-031  1.00000E-003  1.00000E-005  1.00000E-005  1.00000E-005  1.00000E-005  1.00000E-005  1.00000E-005  1.00000E-005  1.00000E-005  1.00000E-005  1.00000E-005  1.00000E-005  1.00000E-005  1.00000E-005  1.00000E-005  1.00000E-005  
7.35000E+001  2.52264E-006  1.04581E+014  1.74710E+002  3.44491E+005  1.00000E-040  1.00000E-040  1.00000E-040  1.00000E-040  1.00000E-040  1.00000E-040  1.00000E-040  1.00000E-040  1.00000E-040  1.00000E-040  1.00000E-040  1.00000E-040  1.00000E-040  1.00000E-040  2.31864E-024  1.00000E-040  1.31746E-040  3.03614E-006  8.30161E-007  4.07328E-006  6.87357E-009  3.08775E-003  2.06276E-001  3.14334E-006  2.57574E-004  3.51166E-016  1.47915E-011  1.42150E-022  2.46776E-018  4.24112E-016  6.06640E-016  1.02826E-007  7.62433E-020  1.83920E-035  3.11673E-035  6.39227E-035  1.00000E-040  2.43734E-026  1.40454E-023  1.13403E-014  2.14276E-014  2.18212E-031  1.00000E-040  3.65968E-025  2.05092E-020  1.99950E-011  3.35383E-007  7.90365E-001  1.61554E-018  1.13967E-025  2.42298E-022  1.00000E-040  3.27568E-030  1.50867E-021  2.34941E-020  5.31739E-009  9.77208E-019  2.89288E-011  2.06809E-019  4.15019E-009  1.79785E-013  2.00904E-006  7.12571E-015  2.15990E-020  4.59326E-017  5.03871E-013  1.99829E-019  4.44822E-016  2.42815E-031  3.26044E-034  1.00000E-040  6.88952E-034  1.00000E-040  6.46244E-023  1.04819E-017  3.99381E-014  5.81445E-024  4.74664E-023  1.05727E-033  1.00000E-040  1.00000E-040  1.00000E-040  9.72652E-027  1.06405E-029  4.14934E-030  1.22177E-026  7.29278E-019  1.08741E-017  3.49278E-026  1.13338E-029  1.43380E-022  8.24905E-021  2.75102E-017  2.79482E-020  1.21817E-027  1.00000E-040  2.18607E-013  9.56126E-031  1.57769E-026  1.02906E-030  9.25206E-023  8.46647E-030  4.19522E-022  5.13295E-025  1.94133E-012  1.00000E-040  1.67619E-014  1.70270E-037  1.00000E-040  4.18485E-017  6.17226E-040  4.05159E-024  3.48857E-012  1.58035E-031  1.00000E-003  1.00000E-005  1.00000E-005  1.00000E-005  1.00000E-005  1.00000E-005  1.00000E-005  1.00000E-005  1.00000E-005  1.00000E-005  1.00000E-005  1.00000E-005  1.00000E-005  1.00000E-005  1.00000E-005  1.00000E-005  
7.45000E+001  2.08710E-006  8.61104E+013  1.75551E+002  3.54491E+005  1.00000E-040  1.00000E-040  1.00000E-040  1.00000E-040  1.00000E-040  1.00000E-040  1.00000E-040  1.00000E-040  1.00000E-040  1.00000E-040  1.00000E-040  1.00000E-040  1.00000E-040  1.00000E-040  2.32849E-024  1.00000E-040  1.37045E-040  3.57503E-006  8.65773E-007  3.59787E-006  5.26403E-009  4.74886E-003  2.04690E-001  3.85551E-006  2.53373E-004  4.84481E-016  1.34505E-011  2.92021E-021  3.89464E-018  4.59468E-016  6.06904E-016  9.12050E-008  1.06443E-019  6.58777E-035  1.67435E-034  4.03997E-034  1.00000E-040  7.38091E-027  6.72816E-024  1.33543E-014  1.86930E-014  3.18529E-031  1.00000E-040  1.94423E-025  3.21669E-020  1.74122E-011  9.19213E-007  7.90293E-001  2.79185E-018  1.24924E-025  2.56665E-022  1.00000E-040  4.74195E-030  1.44589E-021  2.11752E-020  4.12158E-009  4.77610E-019  1.80624E-011  1.95559E-019  3.80504E-009  6.74953E-014  2.06909E-006  4.51519E-015  1.12122E-020  4.96349E-017  4.37846E-013  7.12723E-020  3.34651E-016  2.22197E-031  2.71001E-034  1.00000E-040  3.40132E-034  1.00000E-040  6.33782E-023  9.00716E-018  3.41021E-014  5.05039E-024  3.75737E-023  8.30017E-034  1.00000E-040  1.00000E-040  1.00000E-040  9.14147E-027  1.36720E-029  5.19487E-030  9.94819E-027  7.33684E-019  1.72138E-017  3.53356E-026  2.20339E-029  6.77556E-023  6.13577E-021  2.03202E-017  5.04163E-020  3.99490E-028  1.00000E-040  2.15591E-013  5.49527E-031  1.28583E-026  7.71705E-031  8.82429E-023  3.06432E-030  2.19598E-022  2.25363E-025  2.48210E-012  1.00000E-040  1.64775E-014  2.88571E-037  1.00000E-040  4.53726E-017  2.26221E-035  3.07484E-024  3.13303E-012  1.67622E-031  1.00000E-003  1.00000E-005  1.00000E-005  1.00000E-005  1.00000E-005  1.00000E-005  1.00000E-005  1.00000E-005  1.00000E-005  1.00000E-005  1.00000E-005  1.00000E-005  1.00000E-005  1.00000E-005  1.00000E-005  1.00000E-005  
7.55000E+001  1.72934E-006  7.09211E+013  1.76613E+002  3.64489E+005  1.00000E-040  1.00000E-040  1.00000E-040  1.00000E-040  1.00000E-040  1.00000E-040  1.00000E-040  1.00000E-040  1.00000E-040  1.00000E-040  1.00000E-040  1.00000E-040  1.00000E-040  1.00000E-040  2.34084E-024  1.00000E-040  1.43244E-040  4.08549E-006  9.00092E-007  3.13769E-006  3.98218E-009  6.89318E-003  2.02736E-001  4.65378E-006  2.48594E-004  6.14044E-016  1.21544E-011  3.71250E-020  5.69565E-018  4.78150E-016  6.00485E-016  7.98525E-008  1.45525E-019  7.71021E-036  4.34739E-035  1.36821E-034  1.00000E-040  2.33965E-027  3.38294E-024  1.51743E-014  1.60676E-014  1.31322E-030  1.00000E-040  1.17166E-025  4.71872E-020  1.50810E-011  2.10744E-006  7.90106E-001  4.15085E-018  1.40313E-025  2.68361E-022  8.05610E-036  6.58141E-030  1.34260E-021  1.84495E-020  3.17709E-009  2.38785E-019  1.15712E-011  2.12509E-019  3.46827E-009  2.53375E-014  2.02414E-006  2.85026E-015  5.78548E-021  4.97266E-017  3.85713E-013  2.50822E-020  2.42503E-016  2.02225E-031  2.56074E-034  1.00000E-040  1.59093E-034  1.00000E-040  6.19657E-023  7.60426E-018  2.87491E-014  4.57030E-024  3.17597E-023  6.06599E-034  4.45036E-036  1.00000E-040  1.00000E-040  8.12729E-027  1.70245E-029  6.20730E-030  8.72096E-027  7.29087E-019  2.52620E-017  3.46847E-026  3.90290E-029  3.34923E-023  4.83229E-021  1.50016E-017  7.99428E-020  1.38641E-028  1.00000E-040  2.12145E-013  2.98512E-031  1.12810E-026  6.11367E-031  8.41700E-023  1.11617E-030  1.19750E-022  9.50985E-026  3.03435E-012  1.00000E-040  1.61537E-014  5.38264E-038  1.00000E-040  4.59297E-017  4.37058E-031  2.42852E-024  2.77841E-012  1.70366E-031  1.00000E-003  1.00000E-005  1.00000E-005  1.00000E-005  1.00000E-005  1.00000E-005  1.00000E-005  1.00000E-005  1.00000E-005  1.00000E-005  1.00000E-005  1.00000E-005  1.00000E-005  1.00000E-005  1.00000E-005  1.00000E-005  
7.65000E+001  1.43531E-006  5.85076E+013  1.77685E+002  3.74490E+005  1.00000E-040  1.00000E-040  1.00000E-040  1.00000E-040  1.00000E-040  1.00000E-040  1.00000E-040  1.00000E-040  1.00000E-040  1.00000E-040  1.00000E-040  1.00000E-040  1.00000E-040  1.00000E-040  2.35331E-024  1.00000E-040  1.50488E-040  4.55484E-006  9.32322E-007  2.70552E-006  2.98723E-009  9.53870E-003  2.00401E-001  5.53606E-006  2.43211E-004  7.24609E-016  1.09559E-011  3.13445E-019  7.79778E-018  4.82808E-016  5.86364E-016  6.91167E-008  1.94671E-019  1.00000E-040  1.06945E-035  1.00000E-040  1.00000E-040  7.77053E-028  1.77070E-024  1.67165E-014  1.36358E-014  7.51354E-030  1.00000E-040  8.28445E-026  6.56663E-020  1.30866E-011  4.18347E-006  7.89797E-001  5.47703E-018  1.57061E-025  2.75198E-022  8.49395E-035  8.76345E-030  1.21860E-021  1.56055E-020  2.44712E-009  1.22271E-019  7.58266E-012  2.46017E-019  3.14297E-009  9.54174E-015  1.90610E-006  1.80222E-015  2.99383E-021  4.65113E-017  3.42629E-013  8.76018E-021  1.69663E-016  1.83536E-031  2.70944E-034  1.00000E-040  7.19115E-035  1.00000E-040  6.03782E-023  6.31691E-018  2.39663E-014  4.15049E-024  2.73838E-023  4.19576E-034  1.00000E-040  1.00000E-040  1.00000E-040  6.95391E-027  2.06290E-029  7.04242E-030  7.80063E-027  7.19549E-019  3.47008E-017  3.31241E-026  6.26356E-029  1.72348E-023  3.95331E-021  1.11173E-017  1.13616E-019  5.23880E-029  1.00000E-040  2.08239E-013  1.57437E-031  1.00971E-026  4.99334E-031  8.02896E-023  4.11145E-031  6.75677E-023  3.94440E-026  3.59194E-012  1.00000E-040  1.57881E-014  5.80761E-039  1.00000E-040  4.38318E-017  2.38297E-027  1.93922E-024  2.43510E-012  1.66632E-031  1.00000E-003  1.00000E-005  1.00000E-005  1.00000E-005  1.00000E-005  1.00000E-005  1.00000E-005  1.00000E-005  1.00000E-005  1.00000E-005  1.00000E-005  1.00000E-005  1.00000E-005  1.00000E-005  1.00000E-005  1.00000E-005  
7.75000E+001  1.19335E-006  4.83292E+013  1.78844E+002  3.84490E+005  1.00000E-040  1.00000E-040  1.00000E-040  1.00000E-040  1.00000E-040  1.00000E-040  1.00000E-040  1.00000E-040  1.00000E-040  1.00000E-040  1.00000E-040  1.00000E-040  1.00000E-040  1.00000E-040  2.36688E-024  1.00000E-040  1.58942E-040  4.97597E-006  9.61913E-007  2.31092E-006  2.21700E-009  1.26896E-002  1.97684E-001  6.49825E-006  2.37206E-004  8.08108E-016  9.80229E-012  1.89004E-018  1.01060E-017  4.76617E-016  5.65707E-016  5.92655E-008  2.55776E-019  1.79450E-039  6.93452E-039  8.54866E-039  1.00000E-040  2.68359E-028  9.58552E-025  1.79691E-014  1.14119E-014  3.49060E-029  1.00000E-040  6.70473E-026  8.82484E-020  1.14783E-011  7.40962E-006  7.89365E-001  6.58062E-018  1.76861E-025  2.78474E-022  5.01007E-034  1.11692E-029  1.08110E-021  1.28647E-020  1.88780E-009  6.39957E-020  5.05936E-012  2.90824E-019  2.83224E-009  3.61450E-015  1.73414E-006  1.14302E-015  1.55447E-021  4.09431E-017  3.05344E-013  3.04965E-021  1.15012E-016  1.66320E-031  3.13571E-034  1.00000E-040  3.14925E-035  1.00000E-040  5.86104E-023  5.17461E-018  1.97976E-014  3.75044E-024  2.37999E-023  2.76976E-034  1.00000E-040  1.00000E-040  1.00000E-040  5.76421E-027  2.44962E-029  7.60453E-030  7.05318E-027  7.11527E-019  4.51305E-017  3.08653E-026  9.38827E-029  9.16191E-024  3.31648E-021  8.27947E-018  1.48202E-019  2.44478E-029  1.00000E-040  2.03852E-013  8.00428E-032  9.13409E-027  4.19125E-031  7.65775E-023  1.51778E-031  3.90891E-023  1.60903E-026  4.14758E-012  1.00000E-040  1.53789E-014  1.40667E-038  1.00000E-040  3.98174E-017  3.11428E-024  1.57493E-024  2.11194E-012  1.57951E-031  1.00000E-003  1.00000E-005  1.00000E-005  1.00000E-005  1.00000E-005  1.00000E-005  1.00000E-005  1.00000E-005  1.00000E-005  1.00000E-005  1.00000E-005  1.00000E-005  1.00000E-005  1.00000E-005  1.00000E-005  1.00000E-005  
7.85000E+001  9.94037E-007  3.99641E+013  1.80156E+002  3.94490E+005  1.00000E-040  1.00000E-040  1.00000E-040  1.00000E-040  1.00000E-040  1.00000E-040  1.00000E-040  1.00000E-040  1.00000E-040  1.00000E-040  1.00000E-040  1.00000E-040  1.00000E-040  1.00000E-040  2.38234E-024  1.00000E-040  1.68796E-040  5.34711E-006  9.88603E-007  1.95948E-006  1.62594E-009  1.63411E-002  1.94592E-001  7.53461E-006  2.30575E-004  8.62901E-016  8.67841E-012  8.64467E-018  1.25215E-017  4.62635E-016  5.40316E-016  5.04627E-008  3.30926E-019  1.85647E-035  7.44751E-035  1.32145E-034  1.00000E-040  9.54147E-029  5.33446E-025  1.89282E-014  9.40564E-015  1.26143E-028  1.00000E-040  5.86615E-026  1.16529E-019  1.02784E-011  1.19987E-005  7.88807E-001  7.35332E-018  2.01849E-025  2.79601E-022  2.21077E-033  1.36370E-029  9.38173E-022  1.03836E-020  1.46755E-009  3.43339E-020  3.42515E-012  3.44562E-019  2.53875E-009  1.38054E-015  1.52881E-006  7.31216E-016  8.13835E-022  3.41990E-017  2.71948E-013  1.06275E-021  7.58629E-017  1.50570E-031  3.87926E-034  1.00000E-040  1.33681E-035  1.00000E-040  5.66611E-023  4.19075E-018  1.62425E-014  3.36884E-024  2.08061E-023  1.75108E-034  1.00000E-040  1.00000E-040  1.00000E-040  4.64914E-027  2.86277E-029  7.86118E-030  6.44593E-027  7.12040E-019  5.61388E-017  2.81520E-026  1.34725E-028  4.99624E-024  2.82882E-021  6.22503E-018  1.81080E-019  2.08890E-029  1.00000E-040  1.98968E-013  3.90631E-032  8.35058E-027  3.61057E-031  7.30047E-023  5.58597E-032  2.30405E-023  6.44899E-027  4.71399E-012  1.00000E-040  1.49250E-014  4.69962E-038  1.00000E-040  3.47329E-017  1.14699E-021  1.30802E-024  1.81535E-012  1.46538E-031  1.00000E-003  1.00000E-005  1.00000E-005  1.00000E-005  1.00000E-005  1.00000E-005  1.00000E-005  1.00000E-005  1.00000E-005  1.00000E-005  1.00000E-005  1.00000E-005  1.00000E-005  1.00000E-005  1.00000E-005  1.00000E-005  
7.95000E+001  8.29648E-007  3.31117E+013  1.81480E+002  4.04490E+005  1.00000E-040  1.00000E-040  1.00000E-040  1.00000E-040  1.00000E-040  1.00000E-040  1.00000E-040  1.00000E-040  1.00000E-040  1.00000E-040  1.00000E-040  1.00000E-040  1.00000E-040  1.00000E-040  2.39803E-024  1.00000E-040  1.80259E-040  5.67072E-006  1.01241E-006  1.65318E-006  1.18322E-009  2.04815E-002  1.91138E-001  8.63710E-006  2.23327E-004  8.91117E-016  7.65016E-012  3.14921E-017  1.49491E-017  4.43384E-016  5.11791E-016  4.27762E-008  4.21476E-019  1.00000E-040  1.00000E-040  1.00000E-040  1.00000E-040  3.49927E-029  3.03869E-025  1.95774E-014  7.64129E-015  3.67385E-028  1.00000E-040  5.30132E-026  1.53459E-019  9.50075E-012  1.81110E-005  7.88120E-001  7.78123E-018  2.29279E-025  2.77549E-022  7.67620E-033  1.60908E-029  8.03094E-022  8.26038E-021  1.16073E-009  1.90547E-020  2.35060E-012  4.01573E-019  2.26474E-009  5.33867E-016  1.31593E-006  4.76897E-016  4.35173E-022  2.73245E-017  2.41463E-013  3.73118E-022  4.89305E-017  1.36219E-031  5.02209E-034  1.00000E-040  5.56305E-036  1.00000E-040  5.45345E-023  3.36521E-018  1.32675E-014  2.99258E-024  1.81052E-023  1.07723E-034  4.07794E-040  1.00000E-040  1.00000E-040  3.68160E-027  3.29503E-029  7.84152E-030  5.86305E-027  7.28599E-019  6.72881E-017  2.52438E-026  1.84288E-028  2.78913E-024  2.43907E-021  4.78339E-018  2.10112E-019  3.70301E-029  1.00000E-040  1.93585E-013  1.87011E-032  7.59749E-027  3.15302E-031  6.95444E-023  2.06958E-032  1.38342E-023  2.56515E-027  5.35392E-012  1.00000E-040  1.44263E-014  1.00000E-040  1.00000E-040  2.93150E-017  1.46764E-019  1.09275E-024  1.54924E-012  1.34727E-031  1.00000E-003  1.00000E-005  1.00000E-005  1.00000E-005  1.00000E-005  1.00000E-005  1.00000E-005  1.00000E-005  1.00000E-005  1.00000E-005  1.00000E-005  1.00000E-005  1.00000E-005  1.00000E-005  1.00000E-005  1.00000E-005  
8.05000E+001  6.93834E-007  2.74852E+013  1.82841E+002  4.06996E+005  1.00000E-040  1.00000E-040  1.00000E-040  1.00000E-040  1.00000E-040  1.00000E-040  1.00000E-040  1.00000E-040  1.00000E-040  1.00000E-040  1.00000E-040  1.00000E-040  1.00000E-040  1.00000E-040  2.41422E-024  1.00000E-040  1.93634E-040  5.95319E-006  1.03366E-006  1.38956E-006  8.54583E-010  2.51242E-002  1.87321E-001  9.80254E-006  2.15440E-004  8.96912E-016  6.70789E-012  9.53022E-017  1.73171E-017  4.20555E-016  4.81254E-016  3.61563E-008  5.29062E-019  2.49358E-035  3.13706E-035  6.28499E-035  1.00000E-040  1.31516E-029  1.76057E-025  1.99192E-014  6.11751E-015  8.93626E-028  1.00000E-040  4.81909E-026  2.04902E-019  9.16726E-012  2.59195E-005  7.87294E-001  7.91102E-018  2.59819E-025  2.72917E-022  2.19400E-032  1.83941E-029  6.78475E-022  6.49437E-021  9.43005E-010  1.15627E-020  1.63070E-012  4.60160E-019  2.01026E-009  2.09062E-016  1.10947E-006  3.20076E-016  2.39829E-022  2.10040E-017  2.13245E-013  1.32273E-022  3.09284E-017  1.23095E-031  6.73960E-034  1.00000E-040  2.27389E-036  1.00000E-040  5.22253E-023  2.68359E-018  1.08026E-014  2.63338E-024  1.56971E-023  6.47434E-035  2.47904E-040  1.00000E-040  1.00000E-040  2.87049E-027  3.73680E-029  7.59865E-030  5.31679E-027  7.70528E-019  7.82646E-017  2.23003E-026  2.43643E-028  1.58326E-024  2.11559E-021  3.81106E-018  2.34523E-019  8.49293E-029  1.00000E-040  1.87672E-013  8.77604E-033  6.89095E-027  2.78498E-031  6.61494E-023  7.69170E-033  8.41780E-024  1.01089E-027  6.18875E-012  1.00000E-040  1.38805E-014  2.14486E-038  1.00000E-040  2.40872E-017  7.88857E-018  9.19169E-025  1.31366E-012  1.24252E-031  1.00000E-003  1.00000E-005  1.00000E-005  1.00000E-005  1.00000E-005  1.00000E-005  1.00000E-005  1.00000E-005  1.00000E-005  1.00000E-005  1.00000E-005  1.00000E-005  1.00000E-005  1.00000E-005  1.00000E-005  1.00000E-005  
8.15000E+001  5.81449E-007  2.28551E+013  1.84266E+002  4.06996E+005  1.00000E-040  1.00000E-040  1.00000E-040  1.00000E-040  1.00000E-040  1.00000E-040  1.00000E-040  1.00000E-040  1.00000E-040  1.00000E-040  1.00000E-040  1.00000E-040  1.00000E-040  1.00000E-040  2.43119E-024  1.00000E-040  2.09293E-040  6.20204E-006  1.05280E-006  1.16455E-006  6.12781E-010  3.02943E-002  1.83131E-001  1.10270E-005  2.06891E-004  8.84971E-016  5.84630E-012  2.47918E-016  1.95744E-017  3.95531E-016  4.49729E-016  3.05089E-008  6.55181E-019  2.46824E-036  4.00695E-036  9.31717E-035  1.00000E-040  5.02870E-030  1.03230E-025  1.99643E-014  4.82447E-015  1.87099E-027  1.00000E-040  4.35170E-026  2.81815E-019  9.33547E-012  3.56251E-005  7.86312E-001  7.81212E-018  2.94407E-025  2.66495E-022  5.35026E-032  2.04139E-029  5.65701E-022  5.05710E-021  7.95445E-010  1.72115E-020  1.14108E-012  5.19665E-019  1.77490E-009  8.27891E-017  9.18477E-007  2.23419E-016  1.37635E-022  1.55957E-017  1.86935E-013  4.73849E-023  1.91727E-017  1.11040E-031  9.35852E-034  1.00000E-040  9.12872E-037  1.00000E-040  4.97294E-023  2.12717E-018  8.77260E-015  2.30005E-024  1.35793E-023  3.80991E-035  1.48068E-040  1.00000E-040  1.00000E-040  2.20684E-027  4.17783E-029  7.20208E-030  4.81785E-027  8.51604E-019  8.88481E-017  1.94398E-026  3.14697E-028  9.08954E-025  1.83985E-021  3.20830E-018  2.54310E-019  1.95345E-028  1.00000E-040  1.81199E-013  4.03226E-033  6.24514E-027  2.48458E-031  6.27745E-023  2.86219E-033  5.16985E-024  3.93899E-028  7.44317E-012  1.00000E-040  1.32848E-014  9.82998E-039  1.00000E-040  1.93640E-017  2.08619E-016  7.79420E-025  1.10717E-012  1.16291E-031  1.00000E-003  1.00000E-005  1.00000E-005  1.00000E-005  1.00000E-005  1.00000E-005  1.00000E-005  1.00000E-005  1.00000E-005  1.00000E-005  1.00000E-005  1.00000E-005  1.00000E-005  1.00000E-005  1.00000E-005  1.00000E-005  
8.25000E+001  4.88285E-007  1.90458E+013  1.85691E+002  4.06996E+005  1.00000E-040  1.00000E-040  1.00000E-040  1.00000E-040  1.00000E-040  1.00000E-040  1.00000E-040  1.00000E-040  1.00000E-040  1.00000E-040  1.00000E-040  1.00000E-040  1.00000E-040  1.00000E-040  2.44818E-024  1.00000E-040  2.27583E-040  6.42431E-006  1.07022E-006  9.74791E-007  4.37347E-010  3.59867E-002  1.78592E-001  1.22946E-005  1.97732E-004  8.61107E-016  5.09075E-012  5.69239E-016  2.17053E-017  3.70140E-016  4.18878E-016  2.57526E-008  8.00730E-019  7.85864E-036  4.58776E-035  8.88432E-035  1.00000E-040  1.96113E-030  6.12105E-026  1.97342E-014  3.75117E-015  3.46319E-027  1.00000E-040  3.88876E-026  4.03870E-019  1.01119E-011  4.73959E-005  7.85154E-001  7.55376E-018  3.30855E-025  2.58546E-022  1.14673E-031  2.21505E-029  4.68091E-022  3.92316E-021  7.01169E-010  1.14443E-019  8.05532E-013  5.76995E-019  1.55964E-009  3.32595E-017  7.49023E-007  1.63326E-016  8.29023E-023  1.12437E-017  1.62516E-013  1.72428E-023  1.16940E-017  1.00003E-031  1.34359E-033  1.00000E-040  3.61870E-037  1.00000E-040  4.70659E-023  1.67955E-018  7.11837E-015  1.99411E-024  1.16931E-023  2.21550E-035  1.00000E-040  1.00000E-040  1.00000E-040  1.67869E-027  4.61320E-029  6.74668E-030  4.34268E-027  9.93154E-019  9.89541E-017  1.67838E-026  3.96083E-028  5.27885E-025  1.60425E-021  2.90852E-018  2.70039E-019  4.25198E-028  1.00000E-040  1.74190E-013  1.83593E-033  5.62981E-027  2.22816E-031  5.94061E-023  1.07470E-033  3.21173E-024  1.52458E-028  9.49423E-012  1.00000E-040  1.26419E-014  5.35696E-039  1.00000E-040  1.53115E-017  3.09130E-015  6.62378E-025  9.28815E-013  1.11590E-031  1.00000E-003  1.00000E-005  1.00000E-005  1.00000E-005  1.00000E-005  1.00000E-005  1.00000E-005  1.00000E-005  1.00000E-005  1.00000E-005  1.00000E-005  1.00000E-005  1.00000E-005  1.00000E-005  1.00000E-005  1.00000E-005  
8.35000E+001  4.10909E-007  1.58995E+013  1.87189E+002  4.06996E+005  1.00000E-040  1.00000E-040  1.00000E-040  1.00000E-040  1.00000E-040  1.00000E-040  1.00000E-040  1.00000E-040  1.00000E-040  1.00000E-040  1.00000E-040  1.00000E-040  1.00000E-040  1.00000E-040  2.46599E-024  1.00000E-040  2.48868E-040  6.62677E-006  1.08636E-006  8.16475E-007  3.10558E-010  4.21825E-002  1.73745E-001  1.35832E-005  1.88062E-004  8.31512E-016  4.43207E-012  1.17919E-015  2.37428E-017  3.46116E-016  3.90410E-016  2.17934E-008  9.67240E-019  1.74041E-036  1.00000E-040  1.00000E-040  1.00000E-040  7.77775E-031  3.66826E-026  1.92655E-014  2.87527E-015  5.78234E-027  1.00000E-040  3.43148E-026  6.06589E-019  1.16587E-011  6.13894E-005  7.83800E-001  7.19886E-018  3.71732E-025  2.50750E-022  2.21680E-031  2.35830E-029  3.84918E-022  3.04836E-021  6.49943E-010  7.30745E-019  5.73374E-013  6.34080E-019  1.36522E-009  1.36078E-017  6.01393E-007  1.25758E-016  5.26602E-023  7.91330E-018  1.40027E-013  6.41178E-024  7.04530E-018  8.99559E-032  1.97984E-033  1.00000E-040  1.41588E-037  1.00000E-040  4.42670E-023  1.32398E-018  5.78356E-015  1.72558E-024  1.00870E-023  1.27773E-035  1.00000E-040  1.00000E-040  1.00000E-040  1.26171E-027  5.05177E-029  6.31142E-030  3.92779E-027  1.22683E-018  1.08765E-016  1.44000E-026  4.91752E-028  3.09625E-025  1.40515E-021  2.85863E-018  2.83650E-019  8.67276E-028  1.00000E-040  1.66702E-013  8.25622E-034  5.09234E-027  2.01623E-031  5.60433E-023  4.07087E-034  2.01989E-024  5.84625E-029  1.29230E-011  1.00000E-040  1.19573E-014  3.07223E-039  1.00000E-040  1.19707E-017  2.85787E-014  5.69395E-025  7.76913E-013  1.10333E-031  1.00000E-003  1.00000E-005  1.00000E-005  1.00000E-005  1.00000E-005  1.00000E-005  1.00000E-005  1.00000E-005  1.00000E-005  1.00000E-005  1.00000E-005  1.00000E-005  1.00000E-005  1.00000E-005  1.00000E-005  1.00000E-005  
8.45000E+001  3.46550E-007  1.32913E+013  1.88849E+002  4.06996E+005  1.00000E-040  1.00000E-040  1.00000E-040  1.00000E-040  1.00000E-040  1.00000E-040  1.00000E-040  1.00000E-040  1.00000E-040  1.00000E-040  1.00000E-040  1.00000E-040  1.00000E-040  1.00000E-040  2.48564E-024  1.00000E-040  2.73540E-040  6.81557E-006  1.10160E-006  6.85415E-007  2.19301E-010  4.88569E-002  1.68638E-001  1.48678E-005  1.78000E-004  8.01061E-016  3.85763E-012  2.24363E-015  2.57428E-017  3.24585E-016  3.65418E-016  1.85266E-008  1.15641E-018  4.22765E-036  1.00000E-040  2.78351E-035  1.00000E-040  3.12107E-031  2.22046E-026  1.85986E-014  2.17227E-015  8.84859E-027  1.00000E-040  2.98585E-026  9.52139E-019  1.42051E-011  7.77700E-005  7.82225E-001  6.82799E-018  4.21486E-025  2.45092E-022  3.94845E-031  2.46964E-029  3.14652E-022  2.38286E-021  6.36853E-010  3.32320E-018  4.11235E-013  6.94814E-019  1.19160E-009  5.68786E-018  4.75084E-007  1.02461E-016  3.54007E-023  5.46430E-018  1.19478E-013  2.44933E-024  4.20803E-018  8.08621E-032  2.93178E-033  1.00000E-040  5.45931E-038  1.00000E-040  4.13713E-023  1.04394E-018  4.71427E-015  1.49899E-024  8.77654E-024  7.31471E-036  1.00000E-040  1.00000E-040  1.00000E-040  9.35179E-028  5.50730E-029  5.94160E-030  3.59859E-027  1.59787E-018  1.18596E-016  1.23115E-026  6.09858E-028  1.83082E-025  1.23878E-021  3.01987E-018  2.98084E-019  1.65886E-027  1.00000E-040  1.58813E-013  3.64842E-034  4.66565E-027  1.84903E-031  5.26917E-023  1.55978E-034  1.28646E-024  2.21426E-029  1.85979E-011  1.00000E-040  1.12380E-014  2.33326E-039  1.00000E-040  9.29603E-018  1.79916E-013  5.00183E-025  6.49030E-013  1.12208E-031  1.00000E-003  1.00000E-005  1.00000E-005  1.00000E-005  1.00000E-005  1.00000E-005  1.00000E-005  1.00000E-005  1.00000E-005  1.00000E-005  1.00000E-005  1.00000E-005  1.00000E-005  1.00000E-005  1.00000E-005  1.00000E-005  
8.55000E+001  2.92922E-007  1.11367E+013  1.90508E+002  4.06996E+005  1.00000E-040  1.00000E-040  1.00000E-040  1.00000E-040  1.00000E-040  1.00000E-040  1.00000E-040  1.00000E-040  1.00000E-040  1.00000E-040  1.00000E-040  1.00000E-040  1.00000E-040  1.00000E-040  2.50524E-024  1.00000E-040  3.02028E-040  6.99613E-006  1.11631E-006  5.77482E-007  1.54729E-010  5.59786E-002  1.63328E-001  1.61219E-005  1.67681E-004  7.72162E-016  3.38379E-012  3.97529E-015  2.77436E-017  3.05870E-016  3.44063E-016  1.58487E-008  1.36794E-018  1.00000E-040  1.00000E-040  1.00000E-040  1.00000E-040  1.27667E-031  1.35946E-026  1.77726E-014  1.61938E-015  1.26253E-026  1.00000E-040  2.56296E-026  1.54302E-018  1.80554E-011  9.67052E-005  7.80404E-001  6.59347E-018  4.73173E-025  2.43302E-022  6.58043E-031  2.56489E-029  2.57587E-022  1.88366E-021  6.49689E-010  1.12398E-017  2.97602E-013  7.59967E-019  1.03814E-009  2.43696E-018  3.71233E-007  8.71146E-017  2.48939E-023  3.71929E-018  1.00856E-013  9.65245E-025  2.50027E-018  7.26808E-032  4.24676E-033  1.00000E-040  2.08971E-038  1.00000E-040  3.84226E-023  8.24492E-019  3.86204E-015  1.30189E-024  7.63725E-024  4.19531E-036  1.00000E-040  1.00000E-040  1.00000E-040  6.87815E-028  5.98154E-029  5.65627E-030  3.29416E-027  2.16771E-018  1.28605E-016  1.05195E-026  7.43038E-028  1.09541E-025  1.10008E-021  3.36415E-018  3.16463E-019  2.98493E-027  1.00000E-040  1.50613E-013  1.61924E-034  4.27127E-027  1.70185E-031  4.93638E-023  6.13153E-035  8.33533E-025  8.36080E-030  2.77464E-011  1.00000E-040  1.04927E-014  1.51687E-039  1.00000E-040  7.19770E-018  8.27939E-013  4.42095E-025  5.42373E-013  1.16496E-031  1.00000E-003  1.00000E-005  1.00000E-005  1.00000E-005  1.00000E-005  1.00000E-005  1.00000E-005  1.00000E-005  1.00000E-005  1.00000E-005  1.00000E-005  1.00000E-005  1.00000E-005  1.00000E-005  1.00000E-005  1.00000E-005  
8.65000E+001  2.48176E-007  9.33317E+012  1.92596E+002  4.06996E+005  1.00000E-040  1.00000E-040  1.00000E-040  1.00000E-040  1.00000E-040  1.00000E-040  1.00000E-040  1.00000E-040  1.00000E-040  1.00000E-040  1.00000E-040  1.00000E-040  1.00000E-040  1.00000E-040  2.52965E-024  1.00000E-040  3.34788E-040  7.17287E-006  1.13078E-006  4.88851E-007  1.08268E-010  6.35118E-002  1.57875E-001  1.73202E-005  1.57251E-004  7.49081E-016  2.95548E-012  6.65380E-015  2.98773E-017  2.90907E-016  3.27449E-016  1.36642E-008  1.60655E-018  4.55438E-036  1.72894E-035  1.17787E-035  1.00000E-040  5.20635E-032  8.39568E-027  1.68327E-014  1.18768E-015  1.68939E-026  1.00000E-040  2.15373E-026  2.55946E-018  2.35976E-011  1.18360E-004  7.78311E-001  6.75678E-018  5.50897E-025  2.51933E-022  1.04545E-030  2.62116E-029  2.08741E-022  1.50755E-021  7.06661E-010  2.99579E-017  2.16575E-013  8.59278E-019  9.03704E-010  1.07055E-018  2.84425E-007  7.88974E-017  1.85903E-023  2.50601E-018  8.40795E-014  3.94176E-025  1.48250E-018  6.53629E-032  5.90394E-033  1.00000E-040  7.84579E-039  1.00000E-040  3.54659E-023  6.52677E-019  3.18507E-015  1.15114E-024  6.81573E-024  2.36367E-036  1.00000E-040  1.00000E-040  1.00000E-040  4.95528E-028  6.51862E-029  5.46688E-030  3.12948E-027  3.02691E-018  1.39633E-016  8.99119E-027  9.33234E-028  6.57559E-026  9.87719E-022  3.88526E-018  3.46856E-019  5.07393E-027  1.00000E-040  1.42204E-013  6.91342E-035  4.05808E-027  1.60849E-031  4.60760E-023  2.41451E-035  5.46405E-025  3.08296E-030  4.21652E-011  1.00000E-040  9.73051E-015  1.89073E-039  1.00000E-040  5.57754E-018  2.95793E-012  4.10496E-025  4.54064E-013  1.21978E-031  1.00000E-003  1.00000E-005  1.00000E-005  1.00000E-005  1.00000E-005  1.00000E-005  1.00000E-005  1.00000E-005  1.00000E-005  1.00000E-005  1.00000E-005  1.00000E-005  1.00000E-005  1.00000E-005  1.00000E-005  1.00000E-005  
8.75000E+001  2.10870E-007  7.80687E+012  1.95639E+002  4.06996E+005  1.00000E-040  1.00000E-040  1.00000E-040  1.00000E-040  1.00000E-040  1.00000E-040  1.00000E-040  1.00000E-040  1.00000E-040  1.00000E-040  1.00000E-040  1.00000E-040  1.00000E-040  1.00000E-040  2.56477E-024  1.00000E-040  3.72240E-040  7.34802E-006  1.14506E-006  4.16087E-007  7.45337E-011  7.14110E-002  1.52347E-001  1.84405E-005  1.46861E-004  7.35336E-016  2.53454E-012  1.06472E-014  3.22999E-017  2.80342E-016  3.16438E-016  1.18878E-008  1.87904E-018  1.03694E-037  1.00000E-040  1.10777E-035  1.00000E-040  2.05549E-032  5.21484E-027  1.58181E-014  8.55123E-016  2.12483E-026  1.00000E-040  1.75908E-026  4.31067E-018  3.12993E-011  1.42889E-004  7.75925E-001  7.76200E-018  7.00764E-025  2.78393E-022  1.60848E-030  2.60721E-029  1.65078E-022  1.22102E-021  8.51174E-010  6.59826E-017  1.57886E-013  1.03423E-018  7.86864E-010  4.81256E-019  2.11645E-007  7.87756E-017  1.51667E-023  1.67812E-018  6.90802E-014  1.67604E-025  8.79827E-019  5.88549E-032  7.79689E-033  1.00000E-040  2.84997E-039  1.00000E-040  3.25486E-023  5.17805E-019  2.64821E-015  1.05984E-024  6.41121E-024  1.27474E-036  1.00000E-040  1.00000E-040  1.00000E-040  3.44549E-028  7.17208E-029  5.37248E-030  3.21755E-027  4.30173E-018  1.52744E-016  7.69058E-027  1.27462E-027  3.92306E-026  8.99946E-022  4.60128E-018  3.99409E-019  8.18428E-027  1.00000E-040  1.33704E-013  2.70337E-035  4.17187E-027  1.60187E-031  4.28520E-023  9.42995E-036  3.59966E-025  1.08660E-030  6.45313E-011  1.00000E-040  8.96186E-015  9.22999E-040  1.00000E-040  4.33825E-018  8.60639E-012  4.20092E-025  3.81348E-013  1.27259E-031  1.00000E-003  1.00000E-005  1.00000E-005  1.00000E-005  1.00000E-005  1.00000E-005  1.00000E-005  1.00000E-005  1.00000E-005  1.00000E-005  1.00000E-005  1.00000E-005  1.00000E-005  1.00000E-005  1.00000E-005  1.00000E-005  
8.85000E+001  1.79751E-007  6.55300E+012  1.98677E+002  4.06996E+005  1.00000E-040  1.00000E-040  1.00000E-040  1.00000E-040  1.00000E-040  1.00000E-040  1.00000E-040  1.00000E-040  1.00000E-040  1.00000E-040  1.00000E-040  1.00000E-040  1.00000E-040  1.00000E-040  2.59961E-024  1.00000E-040  4.14795E-040  7.52317E-006  1.15918E-006  3.56219E-007  5.15667E-011  7.96207E-002  1.46814E-001  1.94640E-005  1.36663E-004  7.27253E-016  2.20438E-012  1.63338E-014  3.49397E-017  2.72773E-016  3.09128E-016  1.04468E-008  2.17613E-018  7.79103E-036  2.50221E-035  3.84130E-035  1.00000E-040  8.18880E-033  3.28404E-027  1.47589E-014  6.08214E-016  2.57049E-026  1.00000E-040  1.40877E-026  7.22213E-018  4.16856E-011  1.70435E-004  7.73229E-001  1.02488E-017  8.76193E-025  3.27236E-022  2.39402E-030  2.58435E-029  1.31029E-022  1.00840E-021  1.04156E-009  1.24275E-016  1.16241E-013  1.30320E-018  6.86046E-010  2.21775E-019  1.56706E-007  8.01776E-017  1.26623E-023  1.12104E-018  5.58485E-014  7.42985E-026  5.24150E-019  5.31030E-032  9.75679E-033  1.00000E-040  1.02872E-039  1.00000E-040  2.97166E-023  4.11454E-019  2.22273E-015  9.79612E-025  6.01107E-024  6.80644E-037  1.00000E-040  1.00000E-040  1.00000E-040  2.38902E-028  7.89868E-029  5.36209E-030  3.28702E-027  6.12803E-018  1.67329E-016  6.59967E-027  1.70495E-027  2.37608E-026  8.28997E-022  5.50402E-018  4.75534E-019  1.25802E-026  1.00000E-040  1.25233E-013  1.07470E-035  4.26269E-027  1.59421E-031  3.97218E-023  4.41808E-036  2.42478E-025  3.84718E-031  9.79323E-011  1.00000E-040  8.19768E-015  8.04470E-040  1.00000E-040  3.39226E-018  2.11110E-011  4.31197E-025  3.21726E-013  1.31190E-031  1.00000E-003  1.00000E-005  1.00000E-005  1.00000E-005  1.00000E-005  1.00000E-005  1.00000E-005  1.00000E-005  1.00000E-005  1.00000E-005  1.00000E-005  1.00000E-005  1.00000E-005  1.00000E-005  1.00000E-005  1.00000E-005  
8.95000E+001  1.53747E-007  5.49739E+012  2.02566E+002  4.06996E+005  1.00000E-040  1.00000E-040  1.00000E-040  1.00000E-040  1.00000E-040  1.00000E-040  1.00000E-040  1.00000E-040  1.00000E-040  1.00000E-040  1.00000E-040  1.00000E-040  1.00000E-040  1.00000E-040  2.64371E-024  1.00000E-040  4.62883E-040  7.69979E-006  1.17317E-006  3.06773E-007  3.53417E-011  8.80846E-002  1.41343E-001  2.03772E-005  1.26783E-004  7.29756E-016  1.89912E-012  2.42827E-014  3.80417E-017  2.69392E-016  3.07278E-016  9.28125E-009  2.50844E-018  1.00000E-040  1.00000E-040  6.38625E-037  1.00000E-040  3.18976E-033  2.08618E-027  1.36884E-014  4.26452E-016  2.97683E-026  1.00000E-040  1.09314E-026  1.20453E-017  5.53423E-011  2.01121E-004  7.70215E-001  1.49945E-017  1.17152E-024  4.17048E-022  3.50271E-030  2.50206E-029  1.01845E-022  8.46912E-022  1.37547E-009  2.08783E-016  8.58551E-014  1.82512E-018  5.99550E-010  1.04376E-019  1.13440E-007  8.78035E-017  1.13003E-023  7.49623E-019  4.42857E-014  3.44595E-026  3.14240E-019  4.80464E-032  1.16281E-032  1.00000E-040  3.66014E-040  1.00000E-040  2.70065E-023  3.26888E-019  1.88561E-015  9.41164E-025  5.86321E-024  3.49208E-037  1.00000E-040  1.00000E-040  1.00000E-040  1.61077E-028  8.79878E-029  5.44732E-030  3.56468E-027  8.71625E-018  1.85110E-016  5.67538E-027  2.43161E-027  1.43839E-026  7.76404E-022  6.65908E-018  5.88047E-019  1.85094E-026  1.00000E-040  1.16897E-013  3.99719E-036  4.62415E-027  1.65362E-031  3.67096E-023  6.91589E-037  1.65060E-025  1.32088E-031  1.47532E-010  1.00000E-040  7.44754E-015  1.46996E-040  1.00000E-040  2.66986E-018  4.55608E-011  4.79288E-025  2.72976E-013  1.32369E-031  1.00000E-003  1.00000E-005  1.00000E-005  1.00000E-005  1.00000E-005  1.00000E-005  1.00000E-005  1.00000E-005  1.00000E-005  1.00000E-005  1.00000E-005  1.00000E-005  1.00000E-005  1.00000E-005  1.00000E-005  1.00000E-005  
9.05000E+001  1.32081E-007  4.58478E+012  2.08660E+002  4.06996E+005  1.00000E-040  1.00000E-040  1.00000E-040  1.00000E-040  1.00000E-040  1.00000E-040  1.00000E-040  1.00000E-040  1.00000E-040  1.00000E-040  1.00000E-040  1.00000E-040  1.00000E-040  1.00000E-040  2.71175E-024  1.00000E-040  5.16691E-040  7.87551E-006  1.18661E-006  2.65672E-007  2.35191E-011  9.67249E-002  1.36004E-001  2.11719E-005  1.17348E-004  7.49868E-016  1.56939E-012  3.53484E-014  4.19639E-017  2.71717E-016  3.13690E-016  8.34157E-009  2.89569E-018  4.47527E-037  1.16635E-036  2.86638E-036  1.00000E-040  1.14216E-033  1.32778E-027  1.26354E-014  2.94762E-016  3.26465E-026  1.00000E-040  8.08754E-027  2.00966E-017  7.28691E-011  2.35005E-004  7.66888E-001  2.33877E-017  1.88197E-024  5.73767E-022  5.12218E-030  2.29662E-029  7.48386E-023  7.18851E-022  2.15575E-009  3.29392E-016  6.29968E-014  2.92224E-018  5.25800E-010  4.97758E-020  7.83038E-008  1.12731E-016  1.15743E-023  5.03585E-019  3.43112E-014  1.68126E-026  1.90164E-019  4.36290E-032  1.32862E-032  1.00000E-040  1.26578E-040  1.00000E-040  2.44543E-023  2.58965E-019  1.61867E-015  9.96388E-025  6.31102E-024  1.62706E-037  1.00000E-040  1.00000E-040  1.00000E-040  1.01785E-028  1.00121E-028  5.63534E-030  4.49755E-027  1.23667E-017  2.08843E-016  4.88183E-027  4.15673E-027  8.52012E-027  7.44477E-022  8.19886E-018  7.62516E-019  2.61748E-026  1.00000E-040  1.08814E-013  1.23794E-036  5.83275E-027  1.89470E-031  3.38448E-023  8.94396E-037  1.11670E-025  4.19794E-032  2.21921E-010  1.00000E-040  6.72151E-015  1.00000E-040  1.00000E-040  2.11447E-018  9.11428E-011  6.40943E-025  2.33227E-013  1.29881E-031  1.00000E-003  1.00000E-005  1.00000E-005  1.00000E-005  1.00000E-005  1.00000E-005  1.00000E-005  1.00000E-005  1.00000E-005  1.00000E-005  1.00000E-005  1.00000E-005  1.00000E-005  1.00000E-005  1.00000E-005  1.00000E-005  
9.15000E+001  1.14039E-007  3.84642E+012  2.14740E+002  4.06996E+005  1.00000E-040  1.00000E-040  1.00000E-040  1.00000E-040  1.00000E-040  1.00000E-040  1.00000E-040  1.00000E-040  1.00000E-040  1.00000E-040  1.00000E-040  1.00000E-040  1.00000E-040  1.00000E-040  2.77873E-024  1.00000E-040  5.76298E-040  8.04759E-006  1.19906E-006  2.31170E-007  1.58979E-011  1.05455E-001  1.30865E-001  2.18455E-005  1.08468E-004  7.78441E-016  1.32856E-012  5.01125E-014  4.63904E-017  2.76891E-016  3.24661E-016  7.58667E-009  3.30670E-018  1.00000E-040  1.00000E-040  1.00000E-040  1.00000E-040  4.08571E-034  8.62164E-028  1.16203E-014  2.04427E-016  3.52145E-026  1.00000E-040  5.85788E-027  3.27138E-017  9.48006E-011  2.72170E-004  7.63268E-001  3.90887E-017  2.90463E-024  8.15428E-022  7.36302E-030  2.09214E-029  5.50561E-023  6.24291E-022  3.31160E-009  5.20227E-016  4.67739E-014  5.02729E-018  4.63277E-010  2.40609E-020  5.41951E-008  1.42668E-016  1.17715E-023  3.41129E-019  2.59259E-014  8.61627E-027  1.16537E-019  3.97960E-032  1.46477E-032  1.00000E-040  1.00000E-040  1.00000E-040  2.20887E-023  2.04012E-019  1.40741E-015  1.05299E-024  6.64628E-024  7.36635E-038  1.00000E-040  1.00000E-040  1.00000E-040  6.47819E-029  1.14291E-028  5.91518E-030  5.49727E-027  1.72761E-017  2.36233E-016  4.20304E-027  6.81522E-027  5.17072E-027  7.23389E-022  1.01029E-017  1.02582E-018  3.57073E-026  1.00000E-040  1.01090E-013  3.97838E-037  7.13143E-027  2.14452E-031  3.11571E-023  1.70206E-036  7.78385E-026  1.38130E-032  3.27788E-010  1.00000E-040  6.02927E-015  1.00000E-040  1.00000E-040  1.68538E-018  1.80361E-010  8.43298E-025  2.00883E-013  1.24078E-031  1.00000E-003  1.00000E-005  1.00000E-005  1.00000E-005  1.00000E-005  1.00000E-005  1.00000E-005  1.00000E-005  1.00000E-005  1.00000E-005  1.00000E-005  1.00000E-005  1.00000E-005  1.00000E-005  1.00000E-005  1.00000E-005  
9.25000E+001  9.89558E-008  3.23047E+012  2.21867E+002  4.06996E+005  1.00000E-040  1.00000E-040  1.00000E-040  1.00000E-040  1.00000E-040  1.00000E-040  1.00000E-040  1.00000E-040  1.00000E-040  1.00000E-040  1.00000E-040  1.00000E-040  1.00000E-040  1.00000E-040  2.85602E-024  1.00000E-040  6.41888E-040  8.21544E-006  1.21040E-006  2.01872E-007  1.07745E-011  1.14203E-001  1.25975E-001  2.24009E-005  1.00190E-004  8.23487E-016  1.12662E-012  7.02822E-014  5.16917E-017  2.86550E-016  3.43766E-016  6.98466E-009  3.75590E-018  5.24310E-036  1.21263E-035  2.19597E-035  1.00000E-040  1.43477E-034  5.68141E-028  1.06574E-014  1.44432E-016  3.73309E-026  1.00000E-040  4.13019E-027  5.23226E-017  1.21649E-010  3.12748E-004  7.59377E-001  7.46200E-017  4.71134E-024  1.18203E-021  1.06252E-029  1.85040E-029  3.94493E-023  5.52257E-022  5.37080E-009  9.06965E-016  3.48552E-014  9.29573E-018  4.10419E-010  1.17114E-020  3.68597E-008  1.90205E-016  1.25511E-023  2.33638E-019  1.90112E-014  4.64915E-027  7.24610E-020  3.64848E-032  1.56866E-032  1.00000E-040  1.00000E-040  1.00000E-040  1.99193E-023  1.59139E-019  1.24040E-015  1.15374E-024  7.15182E-024  3.19114E-038  1.00000E-040  1.00000E-040  1.00000E-040  4.03337E-029  1.32201E-028  6.31543E-030  6.96959E-027  2.38250E-017  2.70110E-016  3.61318E-027  1.17301E-026  3.16281E-027  7.16521E-022  1.25678E-017  1.52816E-018  4.71731E-026  1.00000E-040  9.37817E-014  1.21467E-037  9.04645E-027  2.50792E-031  2.86584E-023  1.26341E-037  5.52453E-026  4.61580E-033  4.79635E-010  1.00000E-040  5.37646E-015  1.00000E-040  1.00000E-040  1.34916E-018  3.89947E-010  1.18360E-024  1.74562E-013  1.15254E-031  1.00000E-003  1.00000E-005  1.00000E-005  1.00000E-005  1.00000E-005  1.00000E-005  1.00000E-005  1.00000E-005  1.00000E-005  1.00000E-005  1.00000E-005  1.00000E-005  1.00000E-005  1.00000E-005  1.00000E-005  1.00000E-005  
9.35000E+001  8.63744E-008  2.69478E+012  2.32155E+002  4.06996E+005  1.00000E-040  1.00000E-040  1.00000E-040  1.00000E-040  1.00000E-040  1.00000E-040  1.00000E-040  1.00000E-040  1.00000E-040  1.00000E-040  1.00000E-040  1.00000E-040  1.00000E-040  1.00000E-040  2.96527E-024  1.00000E-040  7.13168E-040  8.37405E-006  1.22000E-006  1.76671E-007  7.17343E-012  1.22866E-001  1.21388E-001  2.28446E-005  9.25681E-005  9.03174E-016  9.27055E-013  9.98762E-014  5.85546E-017  3.03568E-016  3.80354E-016  6.51005E-009  4.27638E-018  4.23906E-036  8.83020E-036  1.60488E-035  1.00000E-040  4.59409E-035  3.77055E-028  9.75963E-015  1.06985E-016  3.87957E-026  1.00000E-040  2.78177E-027  8.32102E-017  1.53783E-010  3.56792E-004  7.55264E-001  1.66893E-016  9.28990E-024  1.72128E-021  1.58979E-029  1.53100E-029  2.63022E-023  4.92870E-022  1.03841E-008  1.81187E-015  2.56831E-014  1.79328E-017  3.65960E-010  5.67150E-021  2.37402E-008  2.97405E-016  1.52951E-023  1.62382E-019  1.34414E-014  2.66210E-027  4.58659E-020  3.36445E-032  1.64119E-032  1.00000E-040  1.00000E-040  1.00000E-040  1.79562E-023  1.22293E-019  1.10895E-015  1.41754E-024  8.45710E-024  1.23551E-038  1.00000E-040  1.00000E-040  1.00000E-040  2.33045E-029  1.56575E-028  6.86807E-030  1.02712E-026  3.26290E-017  3.16045E-016  3.09181E-027  2.45295E-026  1.90057E-027  7.30020E-022  1.59785E-017  2.68392E-018  6.05479E-026  1.00000E-040  8.69546E-014  3.04589E-038  1.33261E-026  3.25933E-031  2.63641E-023  1.39740E-036  3.93242E-026  1.52187E-033  7.03858E-010  1.00000E-040  4.76920E-015  1.00000E-040  1.00000E-040  1.08079E-018  9.57646E-010  2.01970E-024  1.53187E-013  1.04188E-031  1.00000E-003  1.00000E-005  1.00000E-005  1.00000E-005  1.00000E-005  1.00000E-005  1.00000E-005  1.00000E-005  1.00000E-005  1.00000E-005  1.00000E-005  1.00000E-005  1.00000E-005  1.00000E-005  1.00000E-005  1.00000E-005  
9.45000E+001  7.58783E-008  2.26712E+012  2.42415E+002  4.06996E+005  1.00000E-040  1.00000E-040  1.00000E-040  1.00000E-040  1.00000E-040  1.00000E-040  1.00000E-040  1.00000E-040  1.00000E-040  1.00000E-040  1.00000E-040  1.00000E-040  1.00000E-040  1.00000E-040  3.07128E-024  1.00000E-040  7.89697E-040  8.51865E-006  1.22730E-006  1.54668E-007  5.01380E-012  1.31339E-001  1.17149E-001  2.31867E-005  8.56308E-005  1.00831E-015  8.00204E-013  1.44414E-013  6.64497E-017  3.24365E-016  4.31721E-016  6.14229E-009  4.81132E-018  1.00000E-040  1.00000E-040  1.00000E-040  1.00000E-040  1.49142E-035  2.58338E-028  8.93419E-015  8.68464E-017  4.18229E-026  1.00000E-040  1.88878E-027  1.28178E-016  1.91334E-010  4.04613E-004  7.50989E-001  4.01354E-016  1.70156E-023  2.44190E-021  2.44040E-029  1.25334E-029  1.75135E-023  4.50841E-022  1.90117E-008  3.83676E-015  1.91979E-014  3.39610E-017  3.28737E-010  2.73475E-021  1.54264E-008  4.44002E-016  1.80046E-023  1.14962E-019  9.14894E-015  1.62955E-027  2.96656E-020  3.12262E-032  1.68525E-032  1.00000E-040  1.00000E-040  1.00000E-040  1.62018E-023  9.22924E-020  1.00610E-015  1.67445E-024  9.49162E-024  4.67319E-039  1.00000E-040  1.00000E-040  1.00000E-040  1.37457E-029  1.86366E-028  7.57864E-030  1.40837E-026  4.38921E-017  3.69978E-016  2.62888E-027  4.76732E-026  1.18943E-027  7.53853E-022  2.03141E-017  5.29030E-018  7.57087E-026  1.00000E-040  8.06550E-014  8.31985E-039  1.82775E-026  4.11441E-031  2.42857E-023  1.00000E-040  2.93936E-026  5.89926E-034  1.01379E-009  1.00000E-040  4.21336E-015  1.00000E-040  1.00000E-040  8.68304E-019  2.47611E-009  3.28571E-024  1.35860E-013  9.23909E-032  1.00000E-003  1.00000E-005  1.00000E-005  1.00000E-005  1.00000E-005  1.00000E-005  1.00000E-005  1.00000E-005  1.00000E-005  1.00000E-005  1.00000E-005  1.00000E-005  1.00000E-005  1.00000E-005  1.00000E-005  1.00000E-005  
9.55000E+001  6.70624E-008  1.91496E+012  2.53650E+002  4.06996E+005  1.00000E-040  1.00000E-040  1.00000E-040  1.00000E-040  1.00000E-040  1.00000E-040  1.00000E-040  1.00000E-040  1.00000E-040  1.00000E-040  1.00000E-040  1.00000E-040  1.00000E-040  1.00000E-040  3.18309E-024  1.00000E-040  8.71370E-040  8.64833E-006  1.23232E-006  1.35176E-007  3.72643E-012  1.39559E-001  1.13276E-001  2.34387E-005  7.93442E-005  1.16170E-015  7.18242E-013  2.16701E-013  7.59637E-017  3.51090E-016  5.11038E-016  5.86647E-009  5.37461E-018  1.24489E-036  2.12088E-036  3.90960E-036  1.00000E-040  4.94448E-036  1.82660E-028  8.17984E-015  7.94314E-017  4.70623E-026  1.00000E-040  1.31044E-027  1.92782E-016  2.34352E-010  4.56823E-004  7.46594E-001  9.61655E-016  3.11200E-023  3.36288E-021  3.93966E-029  9.99930E-030  1.14132E-023  4.21204E-022  3.51343E-008  8.03735E-015  1.44487E-014  6.26406E-017  2.97567E-010  1.30549E-021  9.93967E-009  6.69707E-016  2.14327E-023  8.30873E-020  5.96177E-015  1.08691E-027  1.96395E-020  2.91747E-032  1.70478E-032  1.00000E-040  1.00000E-040  1.00000E-040  1.46409E-023  6.81251E-020  9.26202E-016  1.96131E-024  1.04634E-023  1.73933E-039  1.00000E-040  1.00000E-040  1.00000E-040  8.06840E-030  2.24356E-028  8.51020E-030  1.89690E-026  5.83890E-017  4.36299E-016  2.21970E-027  9.26734E-026  7.68129E-028  7.92318E-022  2.59893E-017  1.10819E-017  9.24688E-026  1.00000E-040  7.48702E-014  2.36358E-039  2.46343E-026  5.22896E-031  2.24147E-023  2.94288E-036  2.30302E-026  2.74771E-034  1.44296E-009  1.00000E-040  3.71070E-015  1.00000E-040  1.00000E-040  6.98653E-019  6.30643E-009  5.43230E-024  1.21795E-013  8.08272E-032  1.00000E-003  1.00000E-005  1.00000E-005  1.00000E-005  1.00000E-005  1.00000E-005  1.00000E-005  1.00000E-005  1.00000E-005  1.00000E-005  1.00000E-005  1.00000E-005  1.00000E-005  1.00000E-005  1.00000E-005  1.00000E-005  
9.65000E+001  5.96597E-008  1.60695E+012  2.68902E+002  4.06996E+005  1.00000E-040  1.00000E-040  1.00000E-040  1.00000E-040  1.00000E-040  1.00000E-040  1.00000E-040  1.00000E-040  1.00000E-040  1.00000E-040  1.00000E-040  1.00000E-040  1.00000E-040  1.00000E-040  3.32726E-024  1.00000E-040  9.57458E-040  8.75823E-006  1.23467E-006  1.17720E-007  3.05131E-012  1.47430E-001  1.09796E-001  2.36123E-005  7.36950E-005  1.44598E-015  6.68124E-013  3.41186E-013  8.84594E-017  3.88964E-016  6.69922E-016  5.67168E-009  6.02124E-018  1.00000E-040  1.00000E-040  1.00000E-040  1.00000E-040  1.55862E-036  1.33934E-028  7.49691E-015  8.13704E-017  5.42378E-026  1.00000E-040  9.21380E-028  2.87721E-016  2.82600E-010  5.14138E-004  7.42152E-001  2.27182E-015  6.69615E-023  4.48804E-021  6.83756E-029  7.49579E-030  6.94536E-024  3.97217E-022  7.48923E-008  1.65315E-014  1.07340E-014  1.11383E-016  2.71573E-010  6.10414E-022  6.04233E-009  1.14371E-015  2.81394E-023  6.15221E-020  3.69423E-015  8.13392E-028  1.33602E-020  2.74486E-032  1.70397E-032  1.00000E-040  1.00000E-040  1.00000E-040  1.32638E-023  4.90872E-020  8.65089E-016  2.50615E-024  1.23550E-023  5.92285E-040  1.00000E-040  1.00000E-040  1.00000E-040  4.40430E-030  2.73979E-028  9.75236E-030  2.86599E-026  7.83437E-017  5.26216E-016  1.86083E-027  2.12612E-025  5.04233E-028  8.56185E-022  3.38959E-017  2.41800E-017  1.10457E-025  1.00000E-040  6.96063E-014  6.28940E-040  3.71992E-026  7.25758E-031  2.07478E-023  1.00000E-040  1.91711E-026  1.51050E-034  2.05632E-009  1.00000E-040  3.26475E-015  1.00000E-040  1.00000E-040  5.62489E-019  1.57343E-008  1.05577E-023  1.10418E-013  7.02678E-032  1.00000E-003  1.00000E-005  1.00000E-005  1.00000E-005  1.00000E-005  1.00000E-005  1.00000E-005  1.00000E-005  1.00000E-005  1.00000E-005  1.00000E-005  1.00000E-005  1.00000E-005  1.00000E-005  1.00000E-005  1.00000E-005  
9.75000E+001  5.34373E-008  1.36225E+012  2.84121E+002  4.06996E+005  1.00000E-040  1.00000E-040  1.00000E-040  1.00000E-040  1.00000E-040  1.00000E-040  1.00000E-040  1.00000E-040  1.00000E-040  1.00000E-040  1.00000E-040  1.00000E-040  1.00000E-040  1.00000E-040  3.45488E-024  1.00000E-040  1.04712E-039  8.84381E-006  1.23416E-006  1.01963E-007  3.06981E-012  1.54866E-001  1.06723E-001  2.37191E-005  6.86592E-005  1.89729E-015  6.84273E-013  5.49280E-013  1.03113E-016  4.34087E-016  9.36525E-016  5.55145E-009  6.67668E-018  2.59527E-036  3.52482E-036  6.56318E-036  1.00000E-040  5.34958E-037  1.05814E-028  6.88575E-015  8.82910E-017  6.56220E-026  1.00000E-040  7.16072E-028  4.15783E-016  3.35526E-010  5.78514E-004  7.37729E-001  6.53940E-015  1.31145E-022  5.69960E-021  1.22154E-028  5.66741E-030  4.30942E-024  3.84463E-022  1.47746E-007  4.12722E-014  8.12152E-015  1.84424E-016  2.49982E-010  2.83685E-022  3.71476E-009  1.82660E-015  3.50786E-023  4.68401E-020  2.20835E-015  6.93279E-028  9.38254E-021  2.60103E-032  1.68684E-032  1.00000E-040  1.00000E-040  1.00000E-040  1.20582E-023  3.49915E-020  8.19322E-016  3.01071E-024  1.37492E-023  2.07227E-040  1.00000E-040  1.00000E-040  1.00000E-040  2.48511E-030  3.30754E-028  1.13487E-029  3.96915E-026  1.05679E-016  6.34082E-016  1.56191E-027  4.46648E-025  3.61070E-028  9.34484E-022  4.39637E-017  6.54660E-017  1.28823E-025  1.00000E-040  6.48610E-014  2.21027E-040  5.15384E-026  9.65813E-031  1.92808E-023  4.25386E-036  1.75308E-026  1.11002E-034  2.86222E-009  1.00000E-040  2.88263E-015  1.00000E-040  1.00000E-040  4.58682E-019  4.76298E-008  1.90631E-023  1.01273E-013  6.13726E-032  1.00000E-003  1.00000E-005  1.00000E-005  1.00000E-005  1.00000E-005  1.00000E-005  1.00000E-005  1.00000E-005  1.00000E-005  1.00000E-005  1.00000E-005  1.00000E-005  1.00000E-005  1.00000E-005  1.00000E-005  1.00000E-005  
9.85000E+001  4.81588E-008  1.16301E+012  2.99923E+002  4.06996E+005  1.00000E-040  1.00000E-040  1.00000E-040  1.00000E-040  1.00000E-040  1.00000E-040  1.00000E-040  1.00000E-040  1.00000E-040  1.00000E-040  1.00000E-040  1.00000E-040  1.00000E-040  1.00000E-040  3.54446E-024  1.00000E-040  1.14016E-039  8.90491E-006  1.23137E-006  8.78021E-008  4.50852E-012  1.61845E-001  1.04045E-001  2.37682E-005  6.41682E-005  2.72319E-015  7.89448E-013  9.32210E-013  1.20484E-016  4.90137E-016  1.44604E-015  5.50500E-009  7.36036E-018  8.56140E-038  1.04140E-037  1.98710E-037  1.00000E-040  2.13946E-037  9.33581E-029  6.34130E-015  9.56450E-017  8.52476E-026  1.00000E-040  6.41010E-028  5.85062E-016  3.92142E-010  6.52782E-004  7.33359E-001  4.07528E-014  2.45453E-022  6.86631E-021  2.31816E-028  4.43948E-030  2.79264E-024  3.80654E-022  2.80794E-007  2.22164E-013  6.24632E-015  2.79894E-016  2.32002E-010  1.36710E-022  2.29560E-009  2.82650E-015  4.27297E-023  3.67209E-020  1.32340E-015  6.64301E-028  6.81791E-021  2.48175E-032  1.65662E-032  1.43114E-039  1.00000E-040  1.00000E-040  1.10011E-023  2.55023E-020  7.86020E-016  3.59920E-024  1.52500E-023  1.00000E-040  1.00000E-040  1.00000E-040  1.00000E-040  1.42717E-030  3.87051E-028  1.34303E-029  5.39111E-026  1.46076E-016  7.68068E-016  1.34118E-027  9.05911E-025  2.90785E-028  1.03194E-021  5.69835E-017  3.89280E-016  1.45853E-025  1.00000E-040  6.05932E-014  1.22004E-040  7.01000E-026  1.25872E-030  1.79940E-023  1.00000E-040  1.80322E-026  1.20727E-034  3.90968E-009  1.00000E-040  2.57000E-015  1.00000E-040  1.00000E-040  3.84110E-019  3.11062E-007  3.32103E-023  9.39651E-014  5.42761E-032  1.00000E-003  1.00000E-005  1.00000E-005  1.00000E-005  1.00000E-005  1.00000E-005  1.00000E-005  1.00000E-005  1.00000E-005  1.00000E-005  1.00000E-005  1.00000E-005  1.00000E-005  1.00000E-005  1.00000E-005  1.00000E-005  
9.95000E+001  4.36701E-008  9.88401E+011  3.20013E+002  4.06996E+005  1.00000E-040  1.00000E-040  1.00000E-040  1.00000E-040  1.00000E-040  1.00000E-040  1.00000E-040  1.00000E-040  1.00000E-040  1.00000E-040  1.00000E-040  1.00000E-040  1.00000E-040  1.00000E-040  3.35032E-024  1.00000E-040  1.23579E-039  8.93691E-006  1.22711E-006  7.66369E-008  1.37970E-011  1.68315E-001  1.01759E-001  2.37586E-005  6.01897E-005  5.12674E-015  1.16291E-012  2.47268E-012  1.46163E-016  5.74372E-016  3.03662E-015  5.54269E-009  8.18107E-018  1.00000E-040  1.00000E-040  1.00000E-040  1.00000E-040  1.10321E-037  1.06999E-028  5.86265E-015  9.82127E-017  1.71409E-025  1.00000E-040  6.76183E-028  8.09943E-016  4.45407E-010  7.35466E-004  7.29093E-001  3.68215E-013  5.15308E-022  7.80923E-021  7.17135E-028  3.73649E-030  1.93846E-024  3.90106E-022  5.64907E-007  1.75788E-012  4.85640E-015  3.74888E-016  2.17068E-010  7.97167E-023  1.39073E-009  4.55409E-015  5.30806E-023  2.97103E-020  8.85436E-016  6.76145E-028  5.14706E-021  2.38397E-032  1.61621E-032  2.89059E-038  1.00000E-040  1.00000E-040  1.00768E-023  2.03844E-020  7.63058E-016  5.00380E-024  1.95962E-023  1.00000E-040  1.00000E-040  1.00000E-040  1.00000E-040  7.76854E-031  4.24271E-028  1.66721E-029  8.74991E-026  2.19845E-016  9.64602E-016  1.24164E-027  2.14016E-024  3.00807E-028  1.17159E-021  7.55688E-017  3.50927E-015  1.57911E-025  1.00000E-040  5.68028E-014  1.41211E-040  1.13397E-025  1.73237E-030  1.68743E-023  3.32183E-039  2.44343E-026  2.50113E-034  5.35548E-009  1.00000E-040  2.33626E-015  1.00000E-040  1.00000E-040  3.37334E-019  2.93453E-006  6.39017E-023  8.82515E-014  4.88981E-032  1.00000E-003  1.00000E-005  1.00000E-005  1.00000E-005  1.00000E-005  1.00000E-005  1.00000E-005  1.00000E-005  1.00000E-005  1.00000E-005  1.00000E-005  1.00000E-005  1.00000E-005  1.00000E-005  1.00000E-005  1.00000E-005  
