alt           press         den           temp          eddy          H2Oaer        CO2aer        S8aer         H2SO4aer      NH3aer        N2Oaer        C2H2aer       C2H4aer       C2H6aer       CH3CNaer      HCCCNaer      HCNaer        CH4aer        HCaer1        HCaer2        HCaer3        He            H             H2            H2O           OH            O             O2            CO            CO2           HCO           H2CO          C             CH            CH2           CH3           CH4           S             S2            S3            S4            S8            H2S           HS            SO            SO2           CS            CS2           OCS           CN            HCN           N             N2            NH            NH2           NH3           C2            C2H           C2H2          C2H4          NO            HNO           HO2           HNCO          N2O           H2O2          O3            NO2           NO3           SO3           HNO2          HNO3          H2SO4         HCl           Cl            Cl2           HOCl          N2H4          ClO           C2H6          CH3OH         CH2CO         CH3CHO        C3H4          C3H6          C4H2          C4H4          OClO          HCS           C2H3          C2H5          NCO           1CH2          HCCO          NNH           HSO           CH3O          H2COH         H2CN          N2H2          C4H           HCNOH         C2H2OH        CH3CO         CH2CHO        C2H3OH        C2H4OH        CH3O2         HSO3          O1D           N2H3          NH2CO         HS4           C4H3          CH2N2         N2D           CH2CN         CH3CN         HCCCN         H2Oaer_r      CO2aer_r      S8aer_r       H2SO4aer_r    NH3aer_r      N2Oaer_r      C2H2aer_r     C2H4aer_r     C2H6aer_r     CH3CNaer_r    HCCCNaer_r    HCNaer_r      CH4aer_r      HCaer1_r      HCaer2_r      HCaer3_r      
5.00000E-001  1.00949E+000  2.54815E+019  2.86941E+002  1.00000E+005  6.67165E-004  1.00000E-040  1.00000E-040  2.13079E-032  1.00000E-040  1.00000E-040  1.00000E-040  1.00000E-040  1.00000E-040  1.00000E-040  1.00000E-040  1.00000E-040  1.00000E-040  1.00000E-040  1.43313E-023  1.00000E-040  1.00000E-040  1.19632E-021  4.95302E-007  6.27048E-003  4.44823E-014  9.43208E-017  2.10731E-001  3.76430E-008  2.81331E-004  1.42685E-022  2.01570E-010  1.00000E-040  1.00000E-040  2.29379E-033  3.58511E-020  8.00408E-007  6.74955E-029  8.16952E-027  1.00000E-040  1.00000E-040  1.00000E-040  8.03698E-012  1.05163E-017  8.59197E-019  3.46139E-011  1.00000E-040  1.00000E-040  3.33833E-010  1.04877E-034  4.99132E-011  1.35462E-031  7.82715E-001  9.90430E-024  3.56593E-014  5.53219E-010  1.00000E-040  1.00000E-040  1.08708E-028  2.92644E-024  1.49744E-012  6.83120E-016  1.35277E-011  1.00460E-014  2.70435E-007  1.60242E-009  4.41439E-008  1.33562E-011  2.28859E-013  3.56906E-019  1.91704E-012  1.78917E-011  2.73368E-011  2.04369E-031  1.62672E-036  8.61806E-035  2.83034E-031  2.80508E-013  2.17920E-023  1.15390E-022  1.44202E-017  2.01937E-025  7.75176E-025  4.51707E-038  1.48838E-037  1.00000E-040  1.00000E-040  5.29621E-030  1.00000E-040  1.39220E-039  3.30128E-025  1.21865E-016  7.01273E-035  3.92156E-038  5.54085E-023  1.70853E-017  1.00411E-018  3.50064E-015  6.12285E-025  6.84549E-011  1.00000E-040  3.86864E-019  1.00000E-040  1.11997E-025  5.43062E-030  1.17511E-022  6.36828E-025  3.11994E-011  2.13783E-023  1.84679E-022  1.59580E-013  1.86003E-014  1.00000E-040  1.00000E-040  1.96798E-023  1.00000E-040  5.99332E-022  3.63828E-011  1.00000E-040  1.00000E-003  1.00000E-005  1.00000E-005  1.00000E-005  1.00000E-005  1.00000E-005  1.00000E-005  1.00000E-005  1.00000E-005  1.00000E-005  1.00000E-005  1.00000E-005  1.00000E-005  1.00000E-005  1.00000E-005  1.00000E-005  
1.50000E+000  8.94039E-001  2.30837E+019  2.80522E+002  1.00000E+005  8.75487E-004  1.00000E-040  1.00000E-040  2.49721E-029  1.00000E-040  1.00000E-040  1.00000E-040  1.00000E-040  1.00000E-040  1.00000E-040  1.00000E-040  1.00000E-040  1.00000E-040  1.00000E-040  8.27522E-024  1.00000E-040  1.00000E-040  1.11104E-021  4.96113E-007  4.77518E-003  4.34242E-014  1.10228E-016  2.11048E-001  3.65095E-008  2.81757E-004  9.12403E-023  1.18670E-010  1.00000E-040  1.00000E-040  1.82658E-033  3.07114E-020  7.99921E-007  4.74848E-029  8.07127E-027  1.00000E-040  1.00000E-040  1.00000E-040  4.33057E-012  5.74283E-018  6.09095E-019  7.15947E-011  1.00000E-040  1.00000E-040  3.34042E-010  6.08893E-035  4.98502E-011  2.26372E-031  7.83893E-001  1.34617E-023  9.39106E-014  5.26066E-010  1.00000E-040  1.00000E-040  1.05293E-028  2.93191E-024  7.24297E-014  1.17595E-015  1.25904E-011  8.41659E-015  2.70816E-007  1.51842E-009  4.38729E-008  2.00033E-012  7.63365E-014  2.31977E-019  9.90487E-013  2.27255E-011  2.97300E-011  1.15129E-031  1.67008E-036  6.78234E-037  2.18370E-031  7.24287E-013  2.18248E-023  1.18399E-022  1.33590E-017  2.27495E-025  7.38400E-025  4.52388E-038  1.44042E-037  1.00000E-040  1.00000E-040  5.01948E-030  1.00000E-040  1.28008E-039  1.94907E-025  7.49512E-016  5.21418E-035  4.61106E-038  6.83228E-023  1.31130E-017  6.69032E-019  4.20292E-015  4.01699E-025  6.95471E-011  1.00000E-040  6.05503E-019  1.00000E-040  1.27065E-025  5.20896E-030  1.17688E-022  6.65718E-025  3.81717E-010  4.47711E-023  2.35070E-022  3.32643E-013  1.87699E-014  1.00000E-040  1.00000E-040  1.27679E-023  1.00000E-040  5.77481E-022  3.61552E-011  1.00000E-040  1.00000E-003  1.00000E-005  1.00000E-005  1.00000E-005  1.00000E-005  1.00000E-005  1.00000E-005  1.00000E-005  1.00000E-005  1.00000E-005  1.00000E-005  1.00000E-005  1.00000E-005  1.00000E-005  1.00000E-005  1.00000E-005  
2.50000E+000  7.90243E-001  2.07671E+019  2.75614E+002  1.00000E+005  5.88929E-004  1.00000E-040  1.00000E-040  2.62365E-026  1.00000E-040  1.00000E-040  1.00000E-040  1.00000E-040  1.00000E-040  1.00000E-040  1.00000E-040  1.00000E-040  1.00000E-040  1.00000E-040  8.50435E-024  1.00000E-040  1.00000E-040  1.20174E-021  4.96581E-007  3.79046E-003  5.09280E-014  1.33175E-016  2.11257E-001  3.51632E-008  2.82038E-004  4.10702E-023  4.46388E-011  1.00000E-040  1.00000E-040  2.22824E-033  3.34088E-020  7.99294E-007  3.85576E-029  7.90746E-027  1.00000E-040  1.00000E-040  1.00000E-040  2.31512E-012  3.71731E-018  4.89295E-019  5.42193E-011  1.00000E-040  1.00000E-040  3.34101E-010  4.70794E-035  4.97842E-011  4.18903E-031  7.84669E-001  1.75229E-023  1.15865E-013  5.02620E-010  1.00000E-040  1.00000E-040  9.99201E-029  2.86010E-024  9.90775E-015  1.59501E-015  1.08786E-011  7.88376E-015  2.71053E-007  1.37029E-009  4.38749E-008  4.60068E-013  2.51462E-014  1.66334E-019  4.95008E-013  2.18858E-011  3.09276E-011  7.78790E-032  1.75602E-036  7.50375E-039  1.90199E-031  9.46346E-013  2.18464E-023  1.24075E-022  1.19486E-017  2.79441E-025  7.22262E-025  4.52838E-038  1.36929E-037  1.00000E-040  1.00000E-040  4.84306E-030  1.00000E-040  1.39662E-039  1.77798E-025  3.20546E-015  6.02282E-035  5.62947E-038  9.68965E-023  1.12209E-017  2.39915E-019  4.65313E-015  3.04252E-025  7.06354E-011  1.00000E-040  1.00688E-018  1.00000E-040  1.65972E-025  4.88866E-030  1.17804E-022  6.80510E-025  8.43009E-010  4.08043E-023  2.95453E-022  4.45194E-013  1.89033E-014  1.00000E-040  1.00000E-040  1.15713E-023  1.00000E-040  5.43307E-022  3.59517E-011  1.00000E-040  1.00000E-003  1.00000E-005  1.00000E-005  1.00000E-005  1.00000E-005  1.00000E-005  1.00000E-005  1.00000E-005  1.00000E-005  1.00000E-005  1.00000E-005  1.00000E-005  1.00000E-005  1.00000E-005  1.00000E-005  1.00000E-005  
3.50000E+000  6.97027E-001  1.86531E+019  2.70655E+002  1.00000E+005  5.42984E-004  1.00000E-040  1.00000E-040  1.60069E-023  1.00000E-040  1.00000E-040  1.00000E-040  1.00000E-040  1.00000E-040  1.00000E-040  1.00000E-040  1.00000E-040  1.00000E-040  1.00000E-040  1.04019E-023  1.00000E-040  1.00000E-040  1.31611E-021  4.97057E-007  2.91592E-003  5.64167E-014  1.63447E-016  2.11442E-001  3.39230E-008  2.82288E-004  2.66663E-023  2.50479E-011  1.00000E-040  1.00000E-040  2.41536E-033  3.41627E-020  7.98843E-007  2.91490E-029  7.70124E-027  1.00000E-040  1.00000E-040  1.00000E-040  1.24937E-012  2.28748E-018  3.83475E-019  4.10571E-011  1.00000E-040  1.00000E-040  3.34146E-010  3.37354E-035  4.97313E-011  6.34546E-031  7.85358E-001  1.94239E-023  1.19159E-013  4.82919E-010  1.00000E-040  1.00000E-040  9.34690E-029  2.81331E-024  5.29799E-015  1.99406E-015  1.03901E-011  6.56016E-015  2.71256E-007  1.22430E-009  4.45370E-008  2.68217E-013  1.73187E-014  1.12185E-019  2.61825E-013  2.10236E-011  2.99045E-011  6.26478E-032  1.79945E-036  1.00000E-040  1.64379E-031  9.31470E-013  2.18656E-023  1.32879E-022  1.06490E-017  3.46127E-025  6.98438E-025  4.53241E-038  1.28403E-037  1.00000E-040  1.00000E-040  4.77633E-030  1.00000E-040  1.45026E-039  1.85925E-025  5.51319E-015  6.16583E-035  6.46095E-038  1.29859E-022  9.39523E-018  2.02676E-019  5.30189E-015  2.43712E-025  7.11096E-011  1.00000E-040  1.61034E-018  1.00000E-040  2.06891E-025  4.51056E-030  1.17908E-022  6.94120E-025  1.09047E-009  3.51612E-023  3.70367E-022  4.60098E-013  1.89919E-014  1.00000E-040  1.00000E-040  9.61211E-024  1.00000E-040  5.00921E-022  3.57799E-011  1.00000E-040  1.00000E-003  1.00000E-005  1.00000E-005  1.00000E-005  1.00000E-005  1.00000E-005  1.00000E-005  1.00000E-005  1.00000E-005  1.00000E-005  1.00000E-005  1.00000E-005  1.00000E-005  1.00000E-005  1.00000E-005  1.00000E-005  
4.50000E+000  6.13284E-001  1.67680E+019  2.64909E+002  1.00000E+005  5.45009E-004  1.00000E-040  1.00000E-040  4.97464E-021  1.00000E-040  1.00000E-040  1.00000E-040  1.00000E-040  1.00000E-040  1.00000E-040  1.00000E-040  1.00000E-040  1.00000E-040  1.00000E-040  3.76379E-024  1.00000E-040  1.00000E-040  1.38772E-021  4.97621E-007  2.05100E-003  5.87991E-014  2.01540E-016  2.11626E-001  3.28770E-008  2.82535E-004  2.71658E-023  2.27706E-011  1.00000E-040  1.00000E-040  2.21619E-033  3.16891E-020  7.98626E-007  2.10099E-029  7.46956E-027  1.00000E-040  2.42588E-040  1.00000E-040  6.91698E-013  1.36189E-018  3.09478E-019  3.13420E-011  1.00000E-040  1.00000E-040  3.34209E-010  2.08404E-035  4.96954E-011  8.47677E-031  7.86039E-001  1.92537E-023  1.15740E-013  4.66766E-010  1.00000E-040  1.00000E-040  8.65667E-029  2.79435E-024  5.97068E-015  2.43632E-015  1.00347E-011  4.84904E-015  2.71453E-007  1.08422E-009  4.59133E-008  2.66670E-013  1.64115E-014  6.62838E-020  1.69891E-013  2.04987E-011  2.58443E-011  5.27999E-032  1.78166E-036  1.00000E-040  1.39315E-031  8.33990E-013  2.18845E-023  1.45183E-022  9.51085E-018  4.28421E-025  6.61226E-025  4.53640E-038  1.19184E-037  1.00000E-040  1.00000E-040  4.80763E-030  1.00000E-040  1.41937E-039  1.96829E-025  5.71293E-015  5.28059E-035  2.87572E-037  1.68431E-022  8.21118E-018  2.61537E-019  6.33492E-015  1.88935E-025  7.08131E-011  1.00000E-040  2.66305E-018  1.00000E-040  2.52185E-025  4.10504E-030  1.18010E-022  7.08046E-025  1.10583E-009  2.89565E-023  4.63957E-022  4.29122E-013  1.90479E-014  1.00000E-040  1.00000E-040  6.79814E-024  1.00000E-040  4.53532E-022  3.56413E-011  1.00000E-040  1.00000E-003  1.00000E-005  1.00000E-005  1.00000E-005  1.00000E-005  1.00000E-005  1.00000E-005  1.00000E-005  1.00000E-005  1.00000E-005  1.00000E-005  1.00000E-005  1.00000E-005  1.00000E-005  1.00000E-005  1.00000E-005  
5.50000E+000  5.38146E-001  1.50603E+019  2.58811E+002  1.00000E+005  4.52116E-004  1.00000E-040  1.00000E-040  2.53176E-018  1.00000E-040  1.00000E-040  1.00000E-040  1.00000E-040  1.00000E-040  1.00000E-040  1.00000E-040  1.00000E-040  1.00000E-040  1.00000E-040  2.69560E-024  1.00000E-040  1.00000E-040  1.45608E-021  4.98171E-007  1.35771E-003  5.99868E-014  2.50827E-016  2.11773E-001  3.20086E-008  2.82733E-004  3.37169E-023  2.54321E-011  1.00000E-040  1.00000E-040  1.89748E-033  2.81894E-020  7.98468E-007  1.52636E-029  7.22296E-027  2.92048E-037  3.04104E-036  1.00000E-040  3.95004E-013  8.24538E-019  2.65222E-019  2.42095E-011  1.00000E-040  1.00000E-040  3.34231E-010  1.19233E-035  4.96668E-011  1.11957E-030  7.86585E-001  1.86963E-023  1.10143E-013  4.53601E-010  1.00000E-040  1.00000E-040  7.96922E-029  2.79328E-024  9.44980E-015  2.95473E-015  9.78737E-012  3.52996E-015  2.71598E-007  9.80783E-010  4.79526E-008  3.18689E-013  1.71364E-014  4.00152E-020  1.66681E-013  2.11041E-011  2.14555E-011  4.47611E-032  1.74134E-036  1.00000E-040  1.18415E-031  7.17094E-013  2.18997E-023  1.61254E-022  8.52643E-018  5.37237E-025  6.17960E-025  4.53964E-038  1.09847E-037  1.00000E-040  1.00000E-040  4.92130E-030  1.00000E-040  1.36345E-039  2.09819E-025  4.65521E-015  4.18825E-035  1.00000E-040  2.17353E-022  7.68761E-018  3.79574E-019  7.74574E-015  1.43004E-025  6.98253E-011  1.00000E-040  4.56808E-018  1.00000E-040  3.09348E-025  3.70057E-030  1.18092E-022  7.21062E-025  9.42249E-010  2.37279E-023  5.81765E-022  3.82074E-013  1.90809E-014  1.00000E-040  1.00000E-040  4.43048E-024  1.00000E-040  4.04365E-022  3.55269E-011  1.00000E-040  1.00000E-003  1.00000E-005  1.00000E-005  1.00000E-005  1.00000E-005  1.00000E-005  1.00000E-005  1.00000E-005  1.00000E-005  1.00000E-005  1.00000E-005  1.00000E-005  1.00000E-005  1.00000E-005  1.00000E-005  1.00000E-005  
6.50000E+000  4.70755E-001  1.35275E+019  2.52055E+002  1.00000E+005  3.53344E-004  1.00000E-040  1.00000E-040  1.02716E-015  1.00000E-040  1.00000E-040  1.00000E-040  1.00000E-040  1.00000E-040  1.00000E-040  1.00000E-040  1.00000E-040  1.00000E-040  1.00000E-040  1.81395E-024  1.00000E-040  1.00000E-040  1.52801E-021  4.98676E-007  8.30218E-004  6.04593E-014  3.12619E-016  2.11885E-001  3.12763E-008  2.82883E-004  4.49002E-023  3.05794E-011  1.00000E-040  1.00000E-040  1.51472E-033  2.38871E-020  7.98330E-007  1.13556E-029  6.96935E-027  5.59947E-037  5.79093E-036  1.00000E-040  2.33062E-013  5.15155E-019  2.49036E-019  1.89600E-011  1.00000E-040  1.00000E-040  3.34207E-010  6.14239E-036  4.96431E-011  1.53520E-030  7.87001E-001  1.81637E-023  1.02671E-013  4.42896E-010  1.00000E-040  1.00000E-040  7.31677E-029  2.79862E-024  1.92046E-014  3.55004E-015  9.63431E-012  2.59523E-015  2.71692E-007  9.03935E-010  5.05858E-008  4.16691E-013  1.85015E-014  2.68008E-020  2.48723E-013  2.28389E-011  1.67102E-011  3.79767E-032  1.70305E-036  1.00000E-040  1.01951E-031  5.94352E-013  2.19113E-023  1.81390E-022  7.67711E-018  6.90969E-025  5.73422E-025  4.54214E-038  1.00783E-037  1.00000E-040  1.00000E-040  5.10205E-030  1.00000E-040  1.28811E-039  2.24804E-025  3.26337E-015  3.05849E-035  3.04647E-037  2.86984E-022  8.00346E-018  5.89909E-019  9.53719E-015  1.05310E-025  6.83024E-011  1.00000E-040  8.54190E-018  1.00000E-040  3.90680E-025  3.31468E-030  1.18154E-022  7.33458E-025  6.68952E-010  1.96333E-023  7.28420E-022  3.27996E-013  1.90999E-014  1.00000E-040  1.00000E-040  2.66898E-024  1.00000E-040  3.56120E-022  3.54317E-011  1.00000E-040  1.00000E-003  1.00000E-005  1.00000E-005  1.00000E-005  1.00000E-005  1.00000E-005  1.00000E-005  1.00000E-005  1.00000E-005  1.00000E-005  1.00000E-005  1.00000E-005  1.00000E-005  1.00000E-005  1.00000E-005  1.00000E-005  
7.50000E+000  4.10357E-001  1.21323E+019  2.44982E+002  1.00000E+005  2.43556E-004  1.00000E-040  1.00000E-040  3.38228E-013  1.00000E-040  1.00000E-040  1.00000E-040  1.00000E-040  1.00000E-040  1.00000E-040  1.00000E-040  1.00000E-040  1.00000E-040  1.00000E-040  1.43088E-024  1.00000E-040  1.00000E-040  1.64296E-021  4.99087E-007  4.75075E-004  6.13858E-014  3.91236E-016  2.11960E-001  3.06207E-008  2.82985E-004  6.06995E-023  3.71292E-011  1.00000E-040  1.00000E-040  1.18956E-033  1.99096E-020  7.98163E-007  8.84524E-030  6.71436E-027  1.00000E-040  7.09980E-040  1.00000E-040  1.41934E-013  3.38699E-019  2.57073E-019  1.50766E-011  1.00000E-040  1.00000E-040  3.34130E-010  2.97609E-036  4.96216E-011  2.22410E-030  7.87280E-001  1.78256E-023  9.38537E-014  4.34146E-010  1.00000E-040  1.00000E-040  6.72472E-029  2.80768E-024  5.10201E-014  4.20595E-015  9.63639E-012  1.93802E-015  2.71734E-007  8.40759E-010  5.37243E-008  5.72964E-013  1.98414E-014  2.41668E-020  4.51588E-013  2.57611E-011  1.14586E-011  3.28705E-032  1.68912E-036  1.00000E-040  8.96975E-032  4.67685E-013  2.19191E-023  2.05913E-022  6.94770E-018  9.12046E-025  5.33897E-025  4.54388E-038  9.22472E-038  1.00000E-040  1.00000E-040  5.33579E-030  1.00000E-040  1.22323E-039  2.44840E-025  2.08891E-015  2.17658E-035  1.00000E-040  3.92312E-022  9.26709E-018  9.51355E-019  1.16194E-014  7.67974E-026  6.64057E-011  1.00000E-040  1.72750E-017  1.00000E-040  5.12850E-025  2.96225E-030  1.18196E-022  7.46033E-025  3.67677E-010  1.67086E-023  9.10817E-022  2.67740E-013  1.91103E-014  1.00000E-040  1.00000E-040  1.55608E-024  1.00000E-040  3.10926E-022  3.53505E-011  1.00000E-040  1.00000E-003  1.00000E-005  1.00000E-005  1.00000E-005  1.00000E-005  1.00000E-005  1.00000E-005  1.00000E-005  1.00000E-005  1.00000E-005  1.00000E-005  1.00000E-005  1.00000E-005  1.00000E-005  1.00000E-005  1.00000E-005  
8.50000E+000  3.56310E-001  1.08576E+019  2.37690E+002  1.00000E+005  1.52202E-004  1.00000E-040  1.00000E-040  7.51141E-011  1.00000E-040  1.00000E-040  1.00000E-040  1.00000E-040  1.00000E-040  1.00000E-040  1.00000E-040  1.00000E-040  1.00000E-040  1.00000E-040  1.23806E-024  1.00000E-040  1.00000E-040  1.79392E-021  4.99374E-007  2.56147E-004  6.36332E-014  4.91173E-016  2.12006E-001  2.99740E-008  2.83048E-004  7.28035E-023  3.96450E-011  1.00000E-040  1.00000E-040  9.46521E-034  1.65817E-020  7.97963E-007  7.31326E-030  6.46298E-027  1.00000E-040  1.00000E-040  1.00000E-040  8.93727E-014  2.37283E-019  2.94002E-019  1.22043E-011  1.00000E-040  1.00000E-040  3.34007E-010  1.37768E-036  4.96015E-011  3.42217E-030  7.87453E-001  1.75515E-023  8.17579E-014  4.26949E-010  1.00000E-040  1.00000E-040  6.21176E-029  2.82174E-024  1.83053E-013  4.86804E-015  9.46982E-012  1.47295E-015  2.71731E-007  7.62595E-010  5.72769E-008  7.78550E-013  1.93320E-014  3.04332E-020  8.50063E-013  2.98034E-011  5.14858E-012  3.02837E-032  1.71907E-036  1.00000E-040  8.12660E-032  3.33455E-013  2.19239E-023  2.35246E-022  6.32242E-018  1.22228E-024  5.04664E-025  4.54502E-038  8.44119E-038  1.00000E-040  1.00000E-040  5.60911E-030  1.00000E-040  1.18496E-039  2.76651E-025  1.27318E-015  1.55506E-035  1.00000E-040  5.63717E-022  1.20325E-017  1.38551E-018  1.38223E-014  5.55472E-026  6.42976E-011  1.00000E-040  3.81979E-017  1.00000E-040  7.06562E-025  2.65371E-030  1.18222E-022  7.60653E-025  1.30027E-010  1.48544E-023  1.13629E-021  2.00519E-013  1.91158E-014  1.00000E-040  1.00000E-040  9.04173E-025  1.00000E-040  2.70313E-022  3.52800E-011  1.00000E-040  1.00000E-003  1.00000E-005  1.00000E-005  1.00000E-005  1.00000E-005  1.00000E-005  1.00000E-005  1.00000E-005  1.00000E-005  1.00000E-005  1.00000E-005  1.00000E-005  1.00000E-005  1.00000E-005  1.00000E-005  1.00000E-005  
9.50000E+000  3.08070E-001  9.68215E+018  2.30459E+002  9.61769E+004  8.38587E-005  1.00000E-040  1.00000E-040  2.04545E-010  1.00000E-040  1.00000E-040  1.00000E-040  1.00000E-040  1.00000E-040  1.00000E-040  1.00000E-040  1.00000E-040  1.00000E-040  1.00000E-040  3.61715E-024  1.00000E-040  1.00000E-040  1.91601E-021  4.99520E-007  1.33913E-004  6.89329E-014  6.21439E-016  2.12032E-001  2.92782E-008  2.83084E-004  5.67300E-023  2.70997E-011  1.00000E-040  1.00000E-040  8.11337E-034  1.43006E-020  7.97729E-007  6.56284E-030  6.21449E-027  1.00000E-040  1.00000E-040  1.00000E-040  5.84324E-014  1.80757E-019  3.74337E-019  1.00760E-011  1.00000E-040  1.00000E-040  3.33842E-010  6.39753E-037  4.95827E-011  5.55533E-030  7.87549E-001  1.70576E-023  6.34166E-014  4.20889E-010  1.00000E-040  1.00000E-040  5.78559E-029  2.85036E-024  6.46882E-013  5.44572E-015  8.21072E-012  1.15472E-015  2.71694E-007  6.42815E-010  6.12552E-008  9.35473E-013  1.51814E-014  4.79942E-020  1.54778E-012  3.50784E-011  1.98859E-012  3.14078E-032  1.81952E-036  1.00000E-040  7.68380E-032  2.00061E-013  2.19265E-023  2.70633E-022  5.78544E-018  1.62665E-024  4.91557E-025  4.54576E-038  7.72735E-038  1.00000E-040  1.00000E-040  5.92037E-030  1.00000E-040  1.20591E-039  3.33495E-025  7.82780E-016  1.18991E-035  1.16033E-036  8.63650E-022  1.75539E-017  1.16913E-018  1.59364E-014  3.98140E-026  6.21084E-011  1.00000E-040  9.17200E-017  1.00000E-040  1.02362E-024  2.39426E-030  1.18236E-022  7.81076E-025  2.62251E-011  1.41094E-023  1.41729E-021  1.31575E-013  1.91185E-014  1.00000E-040  1.00000E-040  5.54095E-025  1.00000E-040  2.34734E-022  3.52169E-011  1.00000E-040  1.00000E-003  1.00000E-005  1.00000E-005  1.00000E-005  1.00000E-005  1.00000E-005  1.00000E-005  1.00000E-005  1.00000E-005  1.00000E-005  1.00000E-005  1.00000E-005  1.00000E-005  1.00000E-005  1.00000E-005  1.00000E-005  
1.05000E+001  2.65193E-001  8.58659E+018  2.23696E+002  6.85565E+004  3.51345E-005  1.00000E-040  1.00000E-040  4.46832E-009  1.00000E-040  1.00000E-040  1.00000E-040  1.00000E-040  1.00000E-040  1.00000E-040  1.00000E-040  1.00000E-040  1.00000E-040  1.00000E-040  1.13291E-022  1.00000E-040  1.00000E-040  2.03163E-021  4.99570E-007  7.16631E-005  7.51444E-014  8.09125E-016  2.12045E-001  2.84618E-008  2.83103E-004  3.08058E-023  1.28564E-011  1.00000E-040  1.00000E-040  7.13685E-034  1.25683E-020  7.97418E-007  5.98473E-030  5.92890E-027  1.00000E-040  1.00000E-040  1.00000E-040  3.84162E-014  1.39354E-019  4.86894E-019  8.32232E-012  1.00000E-040  1.00000E-040  3.33600E-010  3.01297E-037  4.95619E-011  8.52496E-030  7.87598E-001  1.55662E-023  4.19133E-014  4.14889E-010  1.00000E-040  1.00000E-040  5.40910E-029  2.95016E-024  1.54425E-012  5.87562E-015  6.57998E-012  9.01607E-016  2.71614E-007  4.99913E-010  6.65665E-008  1.20356E-012  1.12797E-014  7.51819E-020  2.74948E-012  4.31817E-011  1.02568E-012  3.71317E-032  1.92590E-036  1.00000E-040  7.37827E-032  9.58742E-014  2.19279E-023  3.20989E-022  5.28533E-018  2.10504E-024  4.94206E-025  4.54629E-038  6.98412E-038  1.00000E-040  1.00000E-040  6.35647E-030  1.00000E-040  1.27086E-039  4.27151E-025  4.55851E-016  9.35020E-036  5.88136E-037  1.32448E-021  2.62270E-017  6.52437E-019  1.84652E-014  2.85699E-026  5.96451E-011  1.00000E-040  2.15975E-016  1.00000E-040  1.42429E-024  2.16272E-030  1.18244E-022  8.19758E-025  5.14024E-012  1.34597E-023  1.79660E-021  7.17998E-014  1.91198E-014  1.00000E-040  1.00000E-040  3.44069E-025  1.00000E-040  2.00000E-022  3.51493E-011  1.00000E-040  1.00000E-003  1.00000E-005  1.00000E-005  1.00000E-005  1.00000E-005  1.00000E-005  1.00000E-005  1.00000E-005  1.00000E-005  1.00000E-005  1.00000E-005  1.00000E-005  1.00000E-005  1.00000E-005  1.00000E-005  1.00000E-005  
1.15000E+001  2.27322E-001  7.55812E+018  2.17843E+002  2.37960E+004  8.41684E-006  1.00000E-040  1.00000E-040  1.82694E-009  1.00000E-040  1.00000E-040  1.00000E-040  1.00000E-040  1.00000E-040  1.00000E-040  1.00000E-040  1.00000E-040  1.00000E-040  1.00000E-040  7.19609E-023  1.00000E-040  1.00000E-040  2.19641E-021  4.99549E-007  4.10285E-005  8.07414E-014  1.16877E-015  2.12052E-001  2.70579E-008  2.83113E-004  1.90177E-023  6.93045E-012  1.00000E-040  1.00000E-040  6.39283E-034  1.13329E-020  7.96757E-007  4.93351E-030  5.39639E-027  2.89799E-040  3.22833E-039  1.00000E-040  2.08182E-014  9.24465E-020  5.66138E-019  6.19918E-012  1.00000E-040  1.00000E-040  3.33043E-010  1.50401E-037  4.95254E-011  1.12864E-029  7.87622E-001  1.27514E-023  2.02648E-014  4.05096E-010  1.00000E-040  1.00000E-040  4.95402E-029  3.39483E-024  3.72097E-012  6.02492E-015  5.10957E-012  6.86277E-016  2.71402E-007  3.20529E-010  7.85233E-008  2.18188E-012  8.69815E-015  9.85331E-020  5.77844E-012  6.38424E-011  9.45774E-013  5.47403E-032  1.97119E-036  1.00000E-040  7.43514E-032  2.63111E-014  2.19285E-023  4.40333E-022  4.60686E-018  2.66352E-024  5.45384E-025  4.54702E-038  5.76872E-038  1.00000E-040  1.00000E-040  7.42099E-030  1.00000E-040  1.48089E-039  6.39497E-025  2.07237E-016  7.55346E-036  3.81209E-037  1.88129E-021  3.48573E-017  5.04012E-019  2.35220E-014  1.97339E-026  5.54538E-011  1.00000E-040  4.60391E-016  1.00000E-040  1.74408E-024  1.88535E-030  1.18247E-022  9.41741E-025  1.40065E-012  1.13154E-023  2.48203E-021  2.31450E-014  1.91204E-014  1.00000E-040  1.00000E-040  2.13363E-025  1.00000E-040  1.48927E-022  3.50283E-011  1.00000E-040  1.00000E-003  1.00000E-005  1.00000E-005  1.00000E-005  1.00000E-005  1.00000E-005  1.00000E-005  1.00000E-005  1.00000E-005  1.00000E-005  1.00000E-005  1.00000E-005  1.00000E-005  1.00000E-005  1.00000E-005  1.00000E-005  
1.25000E+001  1.94134E-001  6.59557E+018  2.13190E+002  1.42829E+004  2.03909E-006  1.00000E-040  1.00000E-040  1.00846E-009  1.00000E-040  1.00000E-040  1.00000E-040  1.00000E-040  1.00000E-040  1.00000E-040  1.00000E-040  1.00000E-040  1.00000E-040  1.00000E-040  5.22495E-023  1.00000E-040  1.00000E-040  2.42520E-021  4.99390E-007  2.44800E-005  8.85461E-014  2.02112E-015  2.12055E-001  2.46367E-008  2.83121E-004  1.60673E-023  5.05915E-012  1.00000E-040  1.00000E-040  6.43326E-034  1.11021E-020  7.95288E-007  5.07886E-030  4.36759E-027  1.00000E-040  1.00000E-040  1.00000E-040  8.06881E-015  5.29337E-020  6.08415E-019  3.82169E-012  1.00000E-040  1.00000E-040  3.31683E-010  8.70829E-038  4.94593E-011  1.52462E-029  7.87636E-001  1.08831E-023  7.96571E-015  3.87778E-010  1.00000E-040  1.00000E-040  4.54133E-029  4.80517E-024  9.54363E-012  5.25553E-015  3.44998E-012  5.37807E-016  2.70853E-007  1.46587E-010  1.07820E-007  5.15194E-012  7.91130E-015  1.14011E-019  1.35580E-011  1.20877E-010  8.66299E-013  9.39557E-032  2.01434E-036  1.00000E-040  8.69216E-032  3.86759E-015  2.19288E-023  7.51004E-022  3.74264E-018  3.03511E-024  7.50717E-025  4.54859E-038  3.82809E-038  1.00000E-040  1.00000E-040  1.01098E-029  1.00000E-040  2.19265E-039  1.09549E-024  8.27743E-017  6.97367E-036  5.76958E-037  2.42320E-021  4.26164E-017  4.99787E-019  3.42864E-014  1.32864E-026  4.84798E-011  1.00000E-040  8.67010E-016  1.00000E-040  1.86510E-024  1.60098E-030  1.18249E-022  1.29330E-024  4.72610E-013  7.92333E-024  4.02021E-021  3.79188E-015  1.91207E-014  1.00000E-040  1.00000E-040  1.48322E-025  1.00000E-040  8.05761E-023  3.47907E-011  1.00000E-040  1.00000E-003  1.00000E-005  1.00000E-005  1.00000E-005  1.00000E-005  1.00000E-005  1.00000E-005  1.00000E-005  1.00000E-005  1.00000E-005  1.00000E-005  1.00000E-005  1.00000E-005  1.00000E-005  1.00000E-005  1.00000E-005  
1.35000E+001  1.65283E-001  5.71380E+018  2.09517E+002  6.95701E+003  5.05940E-007  1.00000E-040  1.00000E-040  5.94614E-010  1.00000E-040  1.00000E-040  1.00000E-040  1.00000E-040  1.00000E-040  1.00000E-040  1.00000E-040  1.00000E-040  1.00000E-040  1.00000E-040  4.31300E-023  1.00000E-040  1.00000E-040  2.52425E-021  4.98942E-007  1.67704E-005  9.38469E-014  4.06771E-015  2.12056E-001  2.13483E-008  2.83127E-004  1.44737E-023  3.94839E-012  1.00000E-040  1.00000E-040  6.47776E-034  1.11272E-020  7.92482E-007  1.29923E-029  2.86768E-027  4.37300E-037  4.93410E-036  1.00000E-040  2.30325E-015  2.83822E-020  6.33517E-019  1.96845E-012  1.00000E-040  1.00000E-040  3.28866E-010  5.46436E-038  4.93600E-011  2.06690E-029  7.87642E-001  9.68392E-024  3.09356E-015  3.62190E-010  1.00000E-040  1.00000E-040  4.48500E-029  7.54677E-024  2.23582E-011  3.42419E-015  2.00889E-012  4.12445E-016  2.69678E-007  4.74291E-011  1.68231E-007  1.32903E-011  8.70192E-015  9.05111E-020  2.95034E-011  2.50753E-010  7.58164E-013  1.48503E-031  1.95944E-036  1.00000E-040  1.09717E-031  4.32877E-016  2.19287E-023  1.44611E-021  2.96362E-018  3.12242E-024  1.16553E-024  4.55187E-038  1.73757E-038  1.00000E-040  1.00000E-040  1.56886E-029  1.00000E-040  3.51605E-039  1.86895E-024  3.27006E-017  6.54244E-036  2.22747E-036  2.67553E-021  5.12064E-017  5.00308E-019  5.72714E-014  8.37845E-027  3.95923E-011  1.00000E-040  1.38282E-015  1.00000E-040  1.83605E-024  1.40640E-030  1.18249E-022  1.88480E-024  1.80539E-013  4.42177E-024  7.45418E-021  4.15608E-016  1.91206E-014  1.00000E-040  1.00000E-040  1.03707E-025  1.00000E-040  2.56664E-023  3.43909E-011  1.00000E-040  1.00000E-003  1.00000E-005  1.00000E-005  1.00000E-005  1.00000E-005  1.00000E-005  1.00000E-005  1.00000E-005  1.00000E-005  1.00000E-005  1.00000E-005  1.00000E-005  1.00000E-005  1.00000E-005  1.00000E-005  1.00000E-005  
1.45000E+001  1.40354E-001  4.92551E+018  2.06391E+002  5.42540E+003  1.78019E-007  1.00000E-040  1.00000E-040  4.36179E-010  1.00000E-040  1.00000E-040  1.00000E-040  1.00000E-040  1.00000E-040  1.00000E-040  1.00000E-040  1.00000E-040  1.00000E-040  1.00000E-040  3.92065E-023  1.00000E-040  1.00000E-040  2.33761E-021  4.97971E-007  1.23061E-005  9.12725E-014  8.81338E-015  2.12056E-001  1.76311E-008  2.83133E-004  1.23355E-023  2.94948E-012  1.00000E-040  1.00000E-040  5.75959E-034  1.06619E-020  7.87649E-007  5.50484E-029  1.32897E-027  1.00000E-040  1.00000E-040  1.00000E-040  5.28457E-016  1.44801E-020  6.09641E-019  8.98790E-013  1.00000E-040  1.00000E-040  3.23688E-010  3.35151E-038  4.92277E-011  2.67489E-029  7.87646E-001  8.26112E-024  1.15959E-015  3.28841E-010  1.00000E-040  1.00000E-040  4.77370E-029  1.09610E-023  4.75464E-011  1.58177E-015  1.11815E-012  2.91980E-016  2.67467E-007  1.25090E-011  2.78298E-007  3.48083E-011  1.07996E-014  5.42227E-020  5.78582E-011  5.00870E-010  4.47044E-013  2.00055E-031  1.73169E-036  1.00000E-040  1.33318E-031  4.92574E-017  2.19283E-023  2.84297E-021  2.46301E-018  3.09850E-024  1.71743E-024  4.55817E-038  4.32839E-039  1.00000E-040  1.00000E-040  2.58627E-029  1.00000E-040  4.81121E-039  2.81033E-024  1.23297E-017  5.46635E-036  3.52403E-036  2.46629E-021  5.94303E-017  4.69230E-019  1.03752E-013  4.47960E-027  3.02724E-011  1.00000E-040  1.88620E-015  1.00000E-040  1.72975E-024  1.19968E-030  1.18247E-022  2.30206E-024  7.21416E-014  1.99021E-024  1.47513E-020  4.18412E-017  1.91203E-014  1.00000E-040  1.00000E-040  6.39982E-026  1.00000E-040  3.92019E-024  3.37839E-011  1.00000E-040  1.00000E-003  1.00000E-005  1.00000E-005  1.00000E-005  1.00000E-005  1.00000E-005  1.00000E-005  1.00000E-005  1.00000E-005  1.00000E-005  1.00000E-005  1.00000E-005  1.00000E-005  1.00000E-005  1.00000E-005  1.00000E-005  
1.55000E+001  1.18907E-001  4.23072E+018  2.03569E+002  4.40851E+003  8.67068E-008  1.00000E-040  1.00000E-040  3.71702E-010  1.00000E-040  1.00000E-040  1.00000E-040  1.00000E-040  1.00000E-040  1.00000E-040  1.00000E-040  1.00000E-040  1.00000E-040  1.00000E-040  3.78170E-023  1.00000E-040  1.00000E-040  2.12751E-021  4.96430E-007  9.53738E-006  8.73394E-014  1.82574E-014  2.12056E-001  1.43479E-008  2.83138E-004  1.07459E-023  2.23962E-012  1.00000E-040  1.00000E-040  5.16410E-034  1.04355E-020  7.81010E-007  2.33878E-028  4.63652E-028  1.00000E-040  1.00000E-040  1.00000E-040  1.18150E-016  7.99472E-021  5.62820E-019  4.29982E-013  1.00000E-040  1.00000E-040  3.16240E-010  2.08999E-038  4.90838E-011  3.77329E-029  7.87649E-001  7.08307E-024  4.79962E-016  2.93438E-010  1.00000E-040  1.00000E-040  4.96191E-029  1.29016E-023  8.90078E-011  7.17756E-016  6.94983E-013  2.02317E-016  2.64238E-007  3.82945E-012  4.35684E-007  7.82646E-011  1.38942E-014  3.09828E-020  9.79255E-011  8.58201E-010  2.30972E-013  2.27493E-031  1.49545E-036  1.00000E-040  1.49743E-031  7.43224E-018  2.19277E-023  5.06115E-021  2.31813E-018  2.97228E-024  2.23354E-024  4.56770E-038  6.11632E-040  1.00000E-040  1.00000E-040  4.04074E-029  1.00000E-040  5.26568E-039  3.33986E-024  5.21294E-018  4.62589E-036  1.94488E-036  2.15390E-021  6.90460E-017  4.43824E-019  1.66559E-013  2.10227E-027  2.26157E-011  1.00000E-040  2.42812E-015  1.00000E-040  1.49840E-024  8.91955E-031  1.18245E-022  2.02832E-024  3.32541E-014  9.17935E-025  2.78264E-020  5.31474E-018  1.91198E-014  1.00000E-040  1.00000E-040  3.96860E-026  1.00000E-040  3.66978E-025  3.30364E-011  1.00000E-040  1.00000E-003  1.00000E-005  1.00000E-005  1.00000E-005  1.00000E-005  1.00000E-005  1.00000E-005  1.00000E-005  1.00000E-005  1.00000E-005  1.00000E-005  1.00000E-005  1.00000E-005  1.00000E-005  1.00000E-005  1.00000E-005  
1.65000E+001  1.00524E-001  3.62024E+018  2.01117E+002  3.94335E+003  4.65678E-008  1.00000E-040  1.00000E-040  3.48351E-010  1.00000E-040  1.00000E-040  1.00000E-040  1.00000E-040  1.00000E-040  1.00000E-040  1.00000E-040  1.00000E-040  1.00000E-040  1.00000E-040  3.74406E-023  1.00000E-040  1.00000E-040  2.07745E-021  4.94214E-007  7.77456E-006  8.92106E-014  3.63771E-014  2.12055E-001  1.15210E-008  2.83142E-004  1.05543E-023  1.88431E-012  1.00000E-040  1.00000E-040  5.56477E-034  1.14458E-020  7.72302E-007  9.00119E-028  1.87196E-028  1.00000E-040  1.00000E-040  1.00000E-040  2.57529E-017  5.00692E-021  5.33636E-019  2.32695E-013  1.00000E-040  1.00000E-040  3.06154E-010  1.45706E-038  4.89278E-011  6.50262E-029  7.87652E-001  6.61583E-024  2.35885E-016  2.55878E-010  1.00000E-040  1.00000E-040  4.92617E-029  1.33132E-023  1.49021E-010  4.18084E-016  5.23141E-013  1.49403E-016  2.59823E-007  1.72670E-012  6.48514E-007  1.52016E-010  1.86374E-014  2.01988E-020  1.46852E-010  1.33550E-009  1.18062E-013  2.32138E-031  1.36675E-036  1.00000E-040  1.69173E-031  1.54162E-018  2.19269E-023  8.38670E-021  2.51298E-018  2.90794E-024  2.85417E-024  4.58137E-038  1.00000E-040  1.00000E-040  1.00000E-040  6.01147E-029  1.00000E-040  5.41342E-039  3.45458E-024  2.66872E-018  4.73426E-036  1.00000E-040  1.91185E-021  8.36332E-017  4.62510E-019  2.22772E-013  9.36583E-028  1.64318E-011  1.00000E-040  3.16472E-015  1.00000E-040  1.25155E-024  5.88130E-031  1.18242E-022  1.44569E-024  1.90701E-014  5.07244E-025  5.03965E-020  8.96866E-019  1.91191E-014  1.00000E-040  1.00000E-040  2.95251E-026  1.00000E-040  4.51628E-026  3.21357E-011  1.00000E-040  1.00000E-003  1.00000E-005  1.00000E-005  1.00000E-005  1.00000E-005  1.00000E-005  1.00000E-005  1.00000E-005  1.00000E-005  1.00000E-005  1.00000E-005  1.00000E-005  1.00000E-005  1.00000E-005  1.00000E-005  1.00000E-005  
1.75000E+001  8.48291E-002  3.08473E+018  1.99179E+002  3.89374E+003  2.38484E-008  1.00000E-040  1.00000E-040  3.39750E-010  1.00000E-040  1.00000E-040  1.00000E-040  1.00000E-040  1.00000E-040  1.00000E-040  1.00000E-040  1.00000E-040  1.00000E-040  1.00000E-040  3.74231E-023  1.00000E-040  1.00000E-040  2.31811E-021  4.91362E-007  6.81152E-006  1.02516E-013  6.95133E-014  2.12053E-001  9.20366E-009  2.83145E-004  1.22149E-023  1.82967E-012  1.00000E-040  1.00000E-040  8.00000E-034  1.47756E-020  7.61791E-007  3.13180E-027  1.85027E-028  1.53054E-036  1.99149E-035  1.00000E-040  5.45127E-018  3.75965E-021  5.67301E-019  1.59096E-013  1.00000E-040  1.00000E-040  2.93685E-010  1.22935E-038  4.87659E-011  1.55317E-028  7.87655E-001  7.20213E-024  1.49523E-016  2.17591E-010  1.00000E-040  1.00000E-040  4.80876E-029  1.33530E-023  2.20750E-010  3.31602E-016  5.00988E-013  1.24243E-016  2.54331E-007  1.31036E-012  9.12773E-007  2.50808E-010  2.52086E-014  1.73735E-020  1.93933E-010  1.93132E-009  7.10149E-014  2.20399E-031  1.38954E-036  1.00000E-040  2.00990E-031  4.82181E-019  2.19257E-023  1.29579E-020  3.13021E-018  3.17898E-024  3.84074E-024  4.59944E-038  1.00000E-040  1.00000E-040  1.00000E-040  8.46981E-029  1.00000E-040  6.11786E-039  3.48915E-024  1.78552E-018  6.52824E-036  4.16900E-036  1.79781E-021  1.08666E-016  5.53458E-019  2.51045E-013  4.52333E-028  1.16318E-011  1.00000E-040  4.27411E-015  1.00000E-040  1.14857E-024  3.91480E-031  1.18238E-022  1.01765E-024  1.44155E-014  3.93995E-025  8.73858E-020  2.26800E-019  1.91181E-014  1.00000E-040  1.00000E-040  2.93673E-026  1.00000E-040  1.59802E-026  3.11172E-011  1.00000E-040  1.00000E-003  1.00000E-005  1.00000E-005  1.00000E-005  1.00000E-005  1.00000E-005  1.00000E-005  1.00000E-005  1.00000E-005  1.00000E-005  1.00000E-005  1.00000E-005  1.00000E-005  1.00000E-005  1.00000E-005  1.00000E-005  
1.85000E+001  7.14830E-002  2.61859E+018  1.97721E+002  3.93732E+003  1.02685E-008  1.00000E-040  1.00000E-040  3.36024E-010  1.00000E-040  1.00000E-040  1.00000E-040  1.00000E-040  1.00000E-040  1.00000E-040  1.00000E-040  1.00000E-040  1.00000E-040  1.00000E-040  3.75238E-023  1.00000E-040  1.00000E-040  2.93469E-021  4.87925E-007  6.40643E-006  1.31165E-013  1.28351E-013  2.12050E-001  7.36487E-009  2.83147E-004  1.60490E-023  1.98180E-012  1.00000E-040  1.00000E-040  1.47044E-033  2.17422E-020  7.49757E-007  9.92271E-027  2.62653E-028  1.60785E-036  1.23214E-035  1.00000E-040  1.10927E-018  3.32152E-021  6.99226E-019  1.45327E-013  1.00000E-040  1.00000E-040  2.79117E-010  1.24095E-038  4.86030E-011  5.48037E-028  7.87657E-001  9.21283E-024  1.20134E-016  1.79609E-010  1.00000E-040  1.00000E-040  4.75640E-029  1.38098E-023  2.96035E-010  3.21750E-016  5.85540E-013  1.15148E-016  2.47884E-007  1.50754E-012  1.22532E-006  3.62102E-010  3.37768E-014  2.06377E-020  2.30726E-010  2.64668E-009  5.97568E-014  1.99360E-031  1.55652E-036  1.00000E-040  2.50912E-031  2.23505E-019  2.19244E-023  1.89590E-020  4.37489E-018  3.94214E-024  5.48581E-024  4.62224E-038  1.00000E-040  1.00000E-040  1.00000E-040  1.13985E-028  1.00000E-040  7.97610E-039  3.65175E-024  1.50922E-018  1.16225E-035  4.28405E-036  1.76882E-021  1.49474E-016  7.37235E-019  2.54801E-013  2.48626E-028  8.00384E-012  1.00000E-040  5.93072E-015  1.00000E-040  1.21448E-024  2.84669E-031  1.18233E-022  7.89035E-025  1.36053E-014  4.49874E-025  1.46435E-019  8.78297E-020  1.91169E-014  1.00000E-040  1.00000E-040  3.74748E-026  1.00000E-040  8.98472E-027  3.00127E-011  1.00000E-040  1.00000E-003  1.00000E-005  1.00000E-005  1.00000E-005  1.00000E-005  1.00000E-005  1.00000E-005  1.00000E-005  1.00000E-005  1.00000E-005  1.00000E-005  1.00000E-005  1.00000E-005  1.00000E-005  1.00000E-005  1.00000E-005  
1.95000E+001  6.01695E-002  2.21771E+018  1.96512E+002  4.20491E+003  3.91907E-009  1.00000E-040  1.00000E-040  3.33486E-010  1.00000E-040  1.00000E-040  1.00000E-040  1.00000E-040  1.00000E-040  1.00000E-040  1.00000E-040  1.00000E-040  1.00000E-040  1.00000E-040  3.76406E-023  1.00000E-040  1.00000E-040  4.03948E-021  4.83948E-007  6.27454E-006  1.78716E-013  2.30219E-013  2.12048E-001  5.95374E-009  2.83149E-004  2.24989E-023  2.26292E-012  1.00000E-040  1.00000E-040  3.08933E-033  3.42089E-020  7.36458E-007  2.88334E-026  3.74696E-028  1.00000E-040  1.00000E-040  1.00000E-040  2.31655E-019  3.26091E-021  9.87742E-019  1.68737E-013  1.00000E-040  1.00000E-040  2.62709E-010  1.38490E-038  4.84429E-011  2.39275E-027  7.87660E-001  1.32392E-023  1.13892E-016  1.42900E-010  1.00000E-040  1.00000E-040  4.83101E-029  1.47543E-023  3.73675E-010  3.44278E-016  7.63416E-013  1.12111E-016  2.40591E-007  2.16081E-012  1.58549E-006  4.77534E-010  4.41357E-014  3.16195E-020  2.56351E-010  3.46562E-009  6.74900E-014  1.74301E-031  1.84624E-036  1.00000E-040  3.19609E-031  1.37859E-019  2.19229E-023  2.66931E-020  6.63904E-018  5.27432E-024  8.04457E-024  4.65028E-038  1.00000E-040  1.00000E-040  1.00000E-040  1.48028E-028  1.00000E-040  1.14698E-038  3.94415E-024  1.47449E-018  2.37725E-035  5.96033E-036  1.76623E-021  2.11660E-016  1.03677E-018  2.46208E-013  1.50999E-028  5.34190E-012  1.00000E-040  8.31069E-015  1.24185E-040  1.41124E-024  2.26342E-031  1.18227E-022  6.69576E-025  1.45143E-014  6.89134E-025  2.39373E-019  4.68048E-020  1.91156E-014  1.00000E-040  1.00000E-040  5.47257E-026  1.00000E-040  5.89892E-027  2.88505E-011  1.00000E-040  1.00000E-003  1.00000E-005  1.00000E-005  1.00000E-005  1.00000E-005  1.00000E-005  1.00000E-005  1.00000E-005  1.00000E-005  1.00000E-005  1.00000E-005  1.00000E-005  1.00000E-005  1.00000E-005  1.00000E-005  1.00000E-005  
2.05000E+001  5.06013E-002  1.87375E+018  1.95599E+002  4.72335E+003  1.00000E-040  1.00000E-040  1.00000E-040  3.30793E-010  1.00000E-040  1.00000E-040  1.00000E-040  1.00000E-040  1.00000E-040  1.00000E-040  1.00000E-040  1.00000E-040  1.00000E-040  1.00000E-040  3.77691E-023  1.00000E-040  1.00000E-040  5.93475E-021  4.79584E-007  6.30549E-006  2.52103E-013  4.02929E-013  2.12045E-001  4.93621E-009  2.83149E-004  3.26896E-023  2.65074E-012  1.00000E-040  1.00000E-040  7.02943E-033  5.60368E-020  7.22484E-007  7.75583E-026  5.18303E-028  1.11004E-036  1.22305E-035  1.00000E-040  6.99152E-020  3.47217E-021  1.57023E-018  2.26194E-013  1.00000E-040  1.00000E-040  2.45160E-010  1.67665E-038  4.82926E-011  1.05478E-026  7.87662E-001  2.05173E-023  1.22261E-016  1.09309E-010  1.00000E-040  1.00000E-040  5.05139E-029  1.61080E-023  4.55072E-010  3.87939E-016  1.05210E-012  1.10942E-016  2.32756E-007  3.40843E-012  1.98440E-006  5.92588E-010  5.64589E-014  5.72907E-020  2.72341E-010  4.33723E-009  8.93402E-014  1.49314E-031  2.25311E-036  1.00000E-040  4.05094E-031  1.05620E-019  2.19212E-023  3.63771E-020  1.05614E-017  7.27079E-024  1.18169E-023  4.68337E-038  1.00000E-040  1.00000E-040  1.00000E-040  1.86217E-028  1.00000E-040  1.75012E-038  4.34445E-024  1.58016E-018  5.29963E-035  9.12383E-036  1.75034E-021  2.98214E-016  1.49506E-018  2.32194E-013  1.00956E-028  3.49393E-012  1.00000E-040  1.12564E-014  1.88030E-040  1.72104E-024  1.93905E-031  1.18220E-022  6.04973E-025  1.66161E-014  1.24839E-024  3.83185E-019  3.16672E-020  1.91142E-014  1.00000E-040  1.00000E-040  8.67714E-026  1.00000E-040  4.35553E-027  2.76858E-011  1.00000E-040  1.00000E-003  1.00000E-005  1.00000E-005  1.00000E-005  1.00000E-005  1.00000E-005  1.00000E-005  1.00000E-005  1.00000E-005  1.00000E-005  1.00000E-005  1.00000E-005  1.00000E-005  1.00000E-005  1.00000E-005  1.00000E-005  
2.15000E+001  4.25297E-002  1.57889E+018  1.95100E+002  5.25999E+003  1.00000E-040  1.00000E-040  1.00000E-040  3.27259E-010  1.00000E-040  1.00000E-040  1.00000E-040  1.00000E-040  1.00000E-040  1.00000E-040  1.00000E-040  1.00000E-040  1.00000E-040  1.00000E-040  3.79298E-023  1.00000E-040  1.00000E-040  9.13547E-021  4.74892E-007  6.33756E-006  3.58358E-013  6.95217E-013  2.12041E-001  4.23683E-009  2.83149E-004  4.83459E-023  3.13682E-012  1.00000E-040  1.00000E-040  1.66529E-032  9.41863E-020  7.08085E-007  1.94468E-025  6.79264E-028  1.00000E-040  1.00000E-040  1.00000E-040  4.49839E-020  3.90250E-021  2.69618E-018  3.26365E-013  1.00000E-040  1.00000E-040  2.26787E-010  2.18849E-038  4.81542E-011  4.28369E-026  7.87665E-001  3.28040E-023  1.39742E-016  7.97405E-011  1.00000E-040  1.00000E-040  5.41937E-029  1.77097E-023  5.46950E-010  4.43974E-016  1.46998E-012  1.10988E-016  2.24502E-007  5.44214E-012  2.42158E-006  7.16092E-010  7.17654E-014  1.19515E-019  2.82349E-010  5.21743E-009  1.27634E-013  1.26450E-031  2.74873E-036  1.00000E-040  5.00555E-031  9.07874E-020  2.19194E-023  4.85443E-020  1.72982E-017  1.00465E-023  1.71915E-023  4.72202E-038  1.00000E-040  1.00000E-040  1.00000E-040  2.28830E-028  1.00000E-040  2.72136E-038  4.80504E-024  1.76079E-018  1.24143E-034  1.32029E-035  1.66775E-021  4.01919E-016  2.16583E-018  2.16518E-013  7.35730E-029  2.25155E-012  1.00000E-040  1.42977E-014  2.90115E-040  2.10951E-024  1.73393E-031  1.18214E-022  5.57145E-025  1.96358E-014  2.41894E-024  6.05600E-019  2.41120E-020  1.91127E-014  1.00000E-040  1.00000E-040  1.44015E-025  1.00000E-040  3.55141E-027  2.65412E-011  1.00000E-040  1.00000E-003  1.00000E-005  1.00000E-005  1.00000E-005  1.00000E-005  1.00000E-005  1.00000E-005  1.00000E-005  1.00000E-005  1.00000E-005  1.00000E-005  1.00000E-005  1.00000E-005  1.00000E-005  1.00000E-005  1.00000E-005  
2.25000E+001  3.57380E-002  1.32714E+018  1.95043E+002  5.99062E+003  1.00000E-040  1.00000E-040  1.00000E-040  3.22276E-010  1.00000E-040  1.00000E-040  1.00000E-040  1.00000E-040  1.00000E-040  1.00000E-040  1.00000E-040  1.00000E-040  1.00000E-040  1.00000E-040  3.81316E-023  1.00000E-040  1.00000E-040  1.46462E-020  4.69880E-007  6.37060E-006  5.09825E-013  1.19034E-012  2.12038E-001  3.77916E-009  2.83148E-004  7.24541E-023  3.73698E-012  1.00000E-040  1.00000E-040  4.06606E-032  1.61803E-019  6.93332E-007  4.57116E-025  8.53640E-028  9.77022E-037  1.53941E-035  1.00000E-040  4.59013E-020  4.58539E-021  4.81038E-018  4.84658E-013  1.00000E-040  1.00000E-040  2.07728E-010  3.07616E-038  4.80272E-011  1.56214E-025  7.87668E-001  5.15503E-023  1.60564E-016  5.47859E-011  1.00000E-040  1.00000E-040  5.94335E-029  1.95676E-023  6.55874E-010  5.03356E-016  2.05579E-012  1.13265E-016  2.15863E-007  8.54313E-012  2.89995E-006  8.58375E-010  9.13827E-014  2.73772E-019  2.89143E-010  6.07599E-009  1.83314E-013  1.06433E-031  3.32904E-036  1.00000E-040  6.02920E-031  7.83198E-020  2.19176E-023  6.40603E-020  2.88680E-017  1.38639E-023  2.48682E-023  4.76737E-038  1.00000E-040  1.00000E-040  1.00000E-040  2.76511E-028  1.00000E-040  4.27536E-038  5.33361E-024  1.99600E-018  3.02721E-034  1.55315E-035  1.51598E-021  5.12462E-016  3.13563E-018  2.00430E-013  5.81040E-029  1.43213E-012  1.00000E-040  1.70727E-014  4.50724E-040  2.57724E-024  1.59487E-031  1.18207E-022  5.16161E-025  2.35949E-014  4.75329E-024  9.50271E-019  1.83463E-020  1.91111E-014  1.00000E-040  1.00000E-040  2.48013E-025  1.00000E-040  3.16709E-027  2.54237E-011  1.00000E-040  1.00000E-003  1.00000E-005  1.00000E-005  1.00000E-005  1.00000E-005  1.00000E-005  1.00000E-005  1.00000E-005  1.00000E-005  1.00000E-005  1.00000E-005  1.00000E-005  1.00000E-005  1.00000E-005  1.00000E-005  1.00000E-005  
2.35000E+001  3.00352E-002  1.11375E+018  1.95326E+002  6.81524E+003  1.00000E-040  1.00000E-040  1.00000E-040  3.14899E-010  1.00000E-040  1.00000E-040  1.00000E-040  1.00000E-040  1.00000E-040  1.00000E-040  1.00000E-040  1.00000E-040  1.00000E-040  1.00000E-040  3.83610E-023  1.00000E-040  1.00000E-040  2.42108E-020  4.64582E-007  6.40430E-006  7.21819E-013  2.02195E-012  2.12034E-001  3.50147E-009  2.83147E-004  1.09183E-022  4.45574E-012  1.00000E-040  1.00000E-040  1.00545E-031  2.81233E-019  6.78374E-007  1.01323E-024  1.02193E-027  1.90331E-036  2.20169E-035  1.00000E-040  5.25704E-020  5.58403E-021  8.69185E-018  7.18035E-013  1.00000E-040  1.00000E-040  1.88276E-010  4.55318E-038  4.79119E-011  5.12973E-025  7.87671E-001  7.62033E-023  1.74971E-016  3.50703E-011  4.68978E-034  1.00000E-040  6.62187E-029  2.16735E-023  7.92615E-010  5.50250E-016  2.82735E-012  1.17731E-016  2.06924E-007  1.27844E-011  3.41680E-006  1.03061E-009  1.15552E-013  6.52283E-019  2.96015E-010  6.87173E-009  2.58574E-013  8.94286E-032  3.98963E-036  1.00000E-040  7.07538E-031  6.06493E-020  2.19156E-023  8.39999E-020  4.84721E-017  1.90556E-023  3.57363E-023  4.82062E-038  1.00000E-040  1.00000E-040  1.00000E-040  3.29360E-028  1.00000E-040  6.72397E-038  5.93109E-024  2.26144E-018  7.53353E-034  3.27167E-035  1.32439E-021  6.19984E-016  4.51571E-018  1.84726E-013  4.89509E-029  9.03687E-013  1.00000E-040  1.95210E-014  6.98993E-040  3.12318E-024  1.49196E-031  1.18199E-022  4.77870E-025  2.83004E-014  9.13978E-024  1.48122E-018  1.24529E-020  1.91095E-014  1.00000E-040  1.00000E-040  4.35060E-025  1.00000E-040  3.03074E-027  2.43456E-011  1.00000E-040  1.00000E-003  1.00000E-005  1.00000E-005  1.00000E-005  1.00000E-005  1.00000E-005  1.00000E-005  1.00000E-005  1.00000E-005  1.00000E-005  1.00000E-005  1.00000E-005  1.00000E-005  1.00000E-005  1.00000E-005  1.00000E-005  
2.45000E+001  2.52520E-002  9.34162E+017  1.95790E+002  7.73991E+003  1.00000E-040  1.00000E-040  1.00000E-040  3.04231E-010  1.00000E-040  1.00000E-040  1.00000E-040  1.00000E-040  1.00000E-040  1.00000E-040  1.00000E-040  1.00000E-040  1.00000E-040  1.00000E-040  3.85950E-023  1.00000E-040  1.00000E-040  4.08105E-020  4.58979E-007  6.43873E-006  1.01409E-012  3.40216E-012  2.12031E-001  3.34981E-009  2.83144E-004  1.64306E-022  5.29068E-012  1.00000E-040  1.00000E-040  2.47716E-031  4.89315E-019  6.63202E-007  2.12867E-024  1.16576E-027  9.82440E-037  9.01599E-036  1.00000E-040  6.10388E-020  6.99119E-021  1.57015E-017  1.04188E-012  1.00000E-040  1.00000E-040  1.68583E-010  6.89026E-038  4.78071E-011  1.53365E-024  7.87674E-001  1.02728E-022  1.71861E-016  2.06281E-011  1.00000E-040  1.00000E-040  7.45210E-029  2.40635E-023  9.73338E-010  5.65954E-016  3.76851E-012  1.24032E-016  1.97690E-007  1.78375E-011  3.97013E-006  1.24660E-009  1.43511E-013  1.54092E-018  3.06391E-010  7.56717E-009  3.52493E-013  7.50996E-032  4.73383E-036  1.00000E-040  8.11267E-031  3.82226E-020  2.19136E-023  1.10022E-019  8.12313E-017  2.61134E-023  5.10526E-023  4.88393E-038  1.00000E-040  1.00000E-040  1.00000E-040  3.87525E-028  1.00000E-040  1.05379E-037  6.61314E-024  2.52614E-018  1.87552E-033  5.12613E-035  1.12436E-021  7.18440E-016  6.45363E-018  1.69890E-013  4.30899E-029  5.66405E-013  1.00000E-040  2.19492E-014  1.07827E-039  3.75760E-024  1.40845E-031  1.18191E-022  4.41915E-025  3.33286E-014  1.68798E-023  2.29325E-018  6.84320E-021  1.91077E-014  1.00000E-040  1.00000E-040  7.63114E-025  1.00000E-040  3.03604E-027  2.33068E-011  1.00000E-040  1.00000E-003  1.00000E-005  1.00000E-005  1.00000E-005  1.00000E-005  1.00000E-005  1.00000E-005  1.00000E-005  1.00000E-005  1.00000E-005  1.00000E-005  1.00000E-005  1.00000E-005  1.00000E-005  1.00000E-005  1.00000E-005  
2.55000E+001  2.12405E-002  7.83893E+017  1.96257E+002  8.74643E+003  1.00000E-040  1.00000E-040  1.00000E-040  2.89549E-010  1.00000E-040  1.00000E-040  1.00000E-040  1.00000E-040  1.00000E-040  1.00000E-040  1.00000E-040  1.00000E-040  1.00000E-040  1.00000E-040  3.88067E-023  1.00000E-040  1.00000E-040  6.94929E-020  4.53048E-007  6.47395E-006  1.41355E-012  5.65334E-012  2.12027E-001  3.28152E-009  2.83141E-004  2.45566E-022  6.22953E-012  1.00000E-040  1.00000E-040  6.00293E-031  8.43978E-019  6.47791E-007  4.25780E-024  1.26460E-027  1.00000E-040  1.00000E-040  1.00000E-040  6.99365E-020  8.96072E-021  2.82201E-017  1.46207E-012  1.00000E-040  1.00000E-040  1.48860E-010  1.03488E-037  4.77113E-011  4.22732E-024  7.87678E-001  1.24230E-022  1.46869E-016  1.10030E-011  1.00000E-040  1.00000E-040  8.42858E-029  2.68309E-023  1.22045E-009  5.44333E-016  4.82039E-012  1.31503E-016  1.88168E-007  2.29031E-011  4.55371E-006  1.51956E-009  1.73097E-013  3.46340E-018  3.23302E-010  8.11987E-009  4.60987E-013  6.30286E-032  5.58115E-036  1.00000E-040  9.12844E-031  1.82998E-020  2.19114E-023  1.44430E-019  1.34870E-016  3.57268E-023  7.25154E-023  4.96021E-038  1.00000E-040  1.00000E-040  1.00000E-040  4.50714E-028  1.00000E-040  1.64563E-037  7.41259E-024  2.76395E-018  4.59270E-033  7.79269E-035  9.41240E-022  8.06948E-016  9.14692E-018  1.56193E-013  3.89317E-029  3.52837E-013  2.48874E-038  2.49505E-014  1.65575E-039  4.50883E-024  1.33766E-031  1.18183E-022  4.10487E-025  3.80869E-014  2.96753E-023  3.52129E-018  2.85405E-021  1.91059E-014  1.00000E-040  1.00000E-040  1.31763E-024  1.00000E-040  3.11054E-027  2.23061E-011  1.00000E-040  1.00000E-003  1.00000E-005  1.00000E-005  1.00000E-005  1.00000E-005  1.00000E-005  1.00000E-005  1.00000E-005  1.00000E-005  1.00000E-005  1.00000E-005  1.00000E-005  1.00000E-005  1.00000E-005  1.00000E-005  1.00000E-005  
2.65000E+001  1.78730E-002  6.58820E+017  1.96493E+002  9.76505E+003  1.00000E-040  1.00000E-040  1.00000E-040  2.70438E-010  1.00000E-040  1.00000E-040  1.00000E-040  1.00000E-040  1.00000E-040  1.00000E-040  1.00000E-040  1.00000E-040  1.00000E-040  1.00000E-040  3.89593E-023  1.00000E-040  1.00000E-040  1.18541E-019  4.46737E-007  6.51022E-006  1.95685E-012  9.23980E-012  2.12022E-001  3.26308E-009  2.83137E-004  3.62495E-022  7.24041E-012  1.00000E-040  1.00000E-040  1.41082E-030  1.42712E-018  6.32052E-007  8.12847E-024  1.29669E-027  1.11103E-037  1.19940E-036  1.00000E-040  7.81769E-020  1.17200E-020  5.03175E-017  1.96902E-012  1.00000E-040  1.00000E-040  1.29309E-010  1.48629E-037  4.76231E-011  1.08811E-023  7.87681E-001  1.33867E-022  1.06531E-016  5.24720E-012  1.51257E-033  1.00000E-040  9.54893E-029  3.01300E-023  1.56507E-009  5.01124E-016  5.87599E-012  1.37281E-016  1.78343E-007  2.69345E-011  5.15990E-006  1.85783E-009  2.00331E-013  7.09703E-018  3.49598E-010  8.48745E-009  5.77713E-013  5.27955E-032  6.57501E-036  1.00000E-040  1.01399E-030  6.34922E-021  2.19091E-023  1.90584E-019  2.20899E-016  4.88553E-023  1.02303E-022  5.05358E-038  1.00000E-040  1.00000E-040  1.00000E-040  5.18408E-028  1.00000E-040  2.56444E-037  8.37853E-024  2.95407E-018  1.08507E-032  1.12899E-034  7.90400E-022  8.89684E-016  1.28626E-017  1.43873E-013  3.55308E-029  2.18007E-013  2.77144E-034  2.93252E-014  2.54458E-039  5.42700E-024  1.27877E-031  1.18174E-022  3.86509E-025  4.18520E-014  4.96081E-023  5.35282E-018  8.67519E-022  1.91040E-014  1.00000E-040  1.00000E-040  2.20012E-024  1.00000E-040  3.17480E-027  2.13386E-011  1.00000E-040  1.00000E-003  1.00000E-005  1.00000E-005  1.00000E-005  1.00000E-005  1.00000E-005  1.00000E-005  1.00000E-005  1.00000E-005  1.00000E-005  1.00000E-005  1.00000E-005  1.00000E-005  1.00000E-005  1.00000E-005  1.00000E-005  
2.75000E+001  1.50418E-002  5.54500E+017  1.96478E+002  1.09262E+004  1.00000E-040  1.00000E-040  1.00000E-040  2.47288E-010  1.00000E-040  1.00000E-040  1.00000E-040  1.00000E-040  1.00000E-040  1.00000E-040  1.00000E-040  1.00000E-040  1.00000E-040  1.00000E-040  3.90526E-023  1.00000E-040  1.00000E-040  2.02448E-019  4.40016E-007  6.54765E-006  2.69817E-012  1.48578E-011  2.12018E-001  3.27011E-009  2.83133E-004  5.29032E-022  8.30928E-012  1.00000E-040  1.00000E-040  3.22615E-030  2.36736E-018  6.15950E-007  1.48368E-023  1.25466E-027  1.87244E-036  2.16495E-035  1.00000E-040  8.52313E-020  1.55810E-020  8.82987E-017  2.53281E-012  1.00000E-040  1.00000E-040  1.10271E-010  2.04086E-037  4.75411E-011  2.62690E-023  7.87685E-001  1.30622E-022  6.49853E-017  2.21379E-012  1.00000E-040  1.00000E-040  1.08330E-028  3.42012E-023  2.04165E-009  4.65474E-016  6.87879E-012  1.41205E-016  1.68250E-007  2.94173E-011  5.77725E-006  2.26423E-009  2.23026E-013  1.32089E-017  3.85759E-010  8.62725E-009  6.87541E-013  4.41079E-032  7.76483E-036  1.00000E-040  1.11548E-030  1.56610E-021  2.19067E-023  2.53002E-019  3.56269E-016  6.68736E-023  1.43615E-022  5.16872E-038  1.00000E-040  1.00000E-040  1.00000E-040  5.89831E-028  1.00000E-040  4.01320E-037  9.58103E-024  3.10749E-018  2.48037E-032  1.56605E-034  6.67764E-022  9.60598E-016  1.79707E-017  1.32710E-013  3.32257E-029  1.33423E-013  1.00000E-040  3.57782E-014  3.92587E-039  6.58365E-024  1.23340E-031  1.18165E-022  3.71334E-025  4.45008E-014  7.88030E-023  8.05059E-018  1.89173E-022  1.91020E-014  1.00000E-040  1.00000E-040  3.56155E-024  1.00000E-040  3.21946E-027  2.04027E-011  1.00000E-040  1.00000E-003  1.00000E-005  1.00000E-005  1.00000E-005  1.00000E-005  1.00000E-005  1.00000E-005  1.00000E-005  1.00000E-005  1.00000E-005  1.00000E-005  1.00000E-005  1.00000E-005  1.00000E-005  1.00000E-005  1.00000E-005  
2.85000E+001  1.26582E-002  4.67318E+017  1.96189E+002  1.22719E+004  1.00000E-040  1.00000E-040  1.00000E-040  2.20811E-010  1.00000E-040  1.00000E-040  1.00000E-040  1.00000E-040  1.00000E-040  1.00000E-040  1.00000E-040  1.00000E-040  1.00000E-040  1.00000E-040  3.90851E-023  1.00000E-040  1.00000E-040  3.46409E-019  4.32907E-007  6.58604E-006  3.71368E-012  2.35124E-011  2.12013E-001  3.28467E-009  2.83127E-004  7.63765E-022  9.41464E-012  1.00000E-040  1.00000E-040  7.19238E-030  3.85324E-018  5.99576E-007  2.58828E-023  1.14284E-027  1.00000E-040  1.00000E-040  1.00000E-040  9.07850E-020  2.09093E-020  1.51180E-016  3.10020E-012  1.00000E-040  1.00000E-040  9.22623E-011  2.67502E-037  4.74649E-011  5.97173E-023  7.87689E-001  1.19858E-022  3.36064E-017  8.26693E-013  4.87992E-035  1.00000E-040  1.22930E-028  3.92736E-023  2.68390E-009  4.60979E-016  7.81719E-012  1.41087E-016  1.58024E-007  3.04391E-011  6.39325E-006  2.72273E-009  2.39637E-013  2.22375E-017  4.30610E-010  8.50981E-009  7.77449E-013  3.67823E-032  9.21565E-036  1.00000E-040  1.21840E-030  2.78814E-022  2.19042E-023  3.37339E-019  5.64024E-016  9.14759E-023  2.00355E-022  5.31019E-038  1.00000E-040  1.00000E-040  1.00000E-040  6.64032E-028  1.29269E-040  6.32441E-037  1.10848E-023  3.25215E-018  5.49407E-032  2.09574E-034  5.71325E-022  1.01374E-015  2.49728E-017  1.22550E-013  3.28534E-029  8.10896E-014  9.10439E-035  4.48448E-014  6.09141E-039  8.05764E-024  1.20135E-031  1.18155E-022  3.65133E-025  4.62342E-014  1.18919E-022  1.19722E-017  3.01259E-023  1.90998E-014  1.00000E-040  1.00000E-040  5.59546E-024  1.00000E-040  3.23909E-027  1.95039E-011  1.00000E-040  1.00000E-003  1.00000E-005  1.00000E-005  1.00000E-005  1.00000E-005  1.00000E-005  1.00000E-005  1.00000E-005  1.00000E-005  1.00000E-005  1.00000E-005  1.00000E-005  1.00000E-005  1.00000E-005  1.00000E-005  1.00000E-005  
2.95000E+001  1.06485E-002  3.94452E+017  1.95529E+002  1.33027E+004  1.00000E-040  1.00000E-040  1.00000E-040  1.91973E-010  1.00000E-040  1.00000E-040  1.00000E-040  1.00000E-040  1.00000E-040  1.00000E-040  1.00000E-040  1.00000E-040  1.00000E-040  1.00000E-040  3.90421E-023  1.00000E-040  1.00000E-040  5.94280E-019  4.25303E-007  6.62594E-006  5.10332E-012  3.66823E-011  2.12009E-001  3.29474E-009  2.83120E-004  1.09004E-021  1.05251E-011  1.00000E-040  1.00000E-040  1.55639E-029  6.13581E-018  5.82703E-007  4.29902E-023  9.66887E-028  4.10806E-037  4.83396E-036  1.00000E-040  9.43037E-020  2.79452E-020  2.50496E-016  3.61074E-012  1.00000E-040  1.00000E-040  7.54525E-011  3.29313E-037  4.73923E-011  1.28494E-022  7.87694E-001  1.06743E-022  1.47137E-017  2.70834E-013  1.00000E-040  1.00000E-040  1.39514E-028  4.56192E-023  3.52484E-009  4.93490E-016  8.69729E-012  1.32612E-016  1.47620E-007  3.04326E-011  7.01619E-006  3.20220E-009  2.49445E-013  3.33822E-017  4.82878E-010  8.14143E-009  8.51840E-013  3.05566E-032  1.10130E-035  1.00000E-040  1.32779E-030  3.58392E-023  2.19014E-023  4.53219E-019  8.79613E-016  1.25174E-022  2.77976E-022  5.48603E-038  1.00000E-040  1.00000E-040  1.00000E-040  7.42055E-028  3.35647E-040  1.00281E-036  1.29723E-023  3.40049E-018  1.17139E-031  2.72177E-034  4.95967E-022  1.04233E-015  3.45773E-017  1.13349E-013  3.57731E-029  4.86411E-014  1.00000E-040  5.69450E-014  9.53870E-039  9.95034E-024  1.17944E-031  1.18145E-022  3.67252E-025  4.72495E-014  1.71063E-022  1.76418E-017  3.50538E-024  1.90975E-014  1.00000E-040  1.00000E-040  8.47647E-024  1.00000E-040  3.19784E-027  1.86300E-011  1.00000E-040  1.00000E-003  1.00000E-005  1.00000E-005  1.00000E-005  1.00000E-005  1.00000E-005  1.00000E-005  1.00000E-005  1.00000E-005  1.00000E-005  1.00000E-005  1.00000E-005  1.00000E-005  1.00000E-005  1.00000E-005  1.00000E-005  
3.05000E+001  8.95161E-003  3.33439E+017  1.94447E+002  1.46946E+004  1.00000E-040  1.00000E-040  1.00000E-040  1.62600E-010  1.00000E-040  1.00000E-040  1.00000E-040  1.00000E-040  1.00000E-040  1.00000E-040  1.00000E-040  1.00000E-040  1.00000E-040  1.00000E-040  3.89163E-023  1.00000E-040  1.00000E-040  1.02668E-018  4.17134E-007  6.66761E-006  7.00921E-012  5.66008E-011  2.12003E-001  3.29340E-009  2.83111E-004  1.54077E-021  1.16256E-011  1.00000E-040  1.00000E-040  3.27115E-029  9.56444E-018  5.65217E-007  6.77724E-023  7.50640E-028  1.00000E-040  1.00000E-040  1.00000E-040  9.57915E-020  3.68136E-020  3.99445E-016  3.99980E-012  1.00000E-040  1.00000E-040  6.01212E-011  3.77485E-037  4.73223E-011  2.62884E-022  7.87698E-001  9.36871E-023  5.47965E-018  7.74868E-014  1.00000E-040  1.00000E-040  1.58476E-028  5.34657E-023  4.58272E-009  5.57039E-016  9.57822E-012  1.14023E-016  1.37080E-007  3.00841E-011  7.66373E-006  3.65387E-009  2.53423E-013  4.43494E-017  5.39389E-010  7.55482E-009  8.80839E-013  2.52605E-032  1.32757E-035  1.00000E-040  1.45092E-030  3.36049E-024  2.18984E-023  6.13819E-019  1.35556E-015  1.71214E-022  3.83236E-022  5.70483E-038  1.00000E-040  1.00000E-040  1.00000E-040  8.26060E-028  8.06051E-040  1.59664E-036  1.53140E-023  3.57220E-018  2.40238E-031  3.46473E-034  4.37160E-022  1.04144E-015  4.78510E-017  1.05025E-013  4.45815E-029  2.86518E-014  3.40290E-034  7.19423E-014  1.51345E-038  1.23687E-023  1.16563E-031  1.18133E-022  3.76383E-025  4.79584E-014  2.35228E-022  2.58419E-017  3.00751E-025  1.90951E-014  1.00000E-040  1.00000E-040  1.23691E-023  1.00000E-040  3.08371E-027  1.77760E-011  1.00000E-040  1.00000E-003  1.00000E-005  1.00000E-005  1.00000E-005  1.00000E-005  1.00000E-005  1.00000E-005  1.00000E-005  1.00000E-005  1.00000E-005  1.00000E-005  1.00000E-005  1.00000E-005  1.00000E-005  1.00000E-005  1.00000E-005  
3.15000E+001  7.51736E-003  2.81977E+017  1.93094E+002  1.63646E+004  1.00000E-040  1.00000E-040  1.00000E-040  1.33913E-010  1.00000E-040  1.00000E-040  1.00000E-040  1.00000E-040  1.00000E-040  1.00000E-040  1.00000E-040  1.00000E-040  1.00000E-040  1.00000E-040  3.87349E-023  1.00000E-040  1.00000E-040  1.80896E-018  4.08511E-007  6.71043E-006  9.65987E-012  8.69453E-011  2.11998E-001  3.27877E-009  2.83102E-004  2.17386E-021  1.27528E-011  1.00000E-040  1.00000E-040  6.79436E-029  1.47559E-017  5.47365E-007  1.01496E-022  5.36015E-028  1.00000E-040  1.00000E-040  1.00000E-040  9.69710E-020  4.80001E-020  6.10348E-016  4.21611E-012  1.64728E-040  1.00000E-040  4.67630E-011  4.14018E-037  4.72548E-011  5.12580E-022  7.87703E-001  8.20060E-023  1.78545E-018  1.96972E-014  1.00000E-040  1.00000E-040  1.81107E-028  6.29448E-023  5.83538E-009  6.37177E-016  1.06484E-011  9.05577E-017  1.26673E-007  3.02992E-011  8.35312E-006  4.02452E-009  2.55601E-013  5.35742E-017  5.92676E-010  6.81156E-009  8.65200E-013  2.08307E-032  1.61569E-035  1.00000E-040  1.59496E-030  2.41120E-025  2.18952E-023  8.33548E-019  2.06588E-015  2.33342E-022  5.24418E-022  5.97108E-038  1.00000E-040  1.00000E-040  1.00000E-040  9.18729E-028  1.81127E-039  2.55534E-036  1.81506E-023  3.81824E-018  4.83744E-031  4.43746E-034  3.90492E-022  1.01610E-015  6.64168E-017  9.72987E-014  6.38372E-029  1.66584E-014  1.42861E-033  8.87685E-014  2.44296E-038  1.54049E-023  1.16336E-031  1.18121E-022  3.89969E-025  4.92191E-014  3.09599E-022  3.77780E-017  1.98906E-026  1.90924E-014  1.00000E-040  1.00000E-040  1.77090E-023  1.00000E-040  2.96308E-027  1.69539E-011  1.00000E-040  1.00000E-003  1.00000E-005  1.00000E-005  1.00000E-005  1.00000E-005  1.00000E-005  1.00000E-005  1.00000E-005  1.00000E-005  1.00000E-005  1.00000E-005  1.00000E-005  1.00000E-005  1.00000E-005  1.00000E-005  1.00000E-005  
3.25000E+001  6.30474E-003  2.38501E+017  1.91467E+002  1.77833E+004  1.00000E-040  1.00000E-040  1.00000E-040  1.07068E-010  1.00000E-040  1.00000E-040  1.00000E-040  1.00000E-040  1.00000E-040  1.00000E-040  1.00000E-040  1.00000E-040  1.00000E-040  1.00000E-040  3.84981E-023  1.00000E-040  1.00000E-040  3.28188E-018  3.99362E-007  6.75469E-006  1.33764E-011  1.33638E-010  2.11992E-001  3.25168E-009  2.83090E-004  3.07365E-021  1.39311E-011  1.00000E-040  1.00000E-040  1.40070E-028  2.26050E-017  5.29008E-007  1.44200E-022  3.48666E-028  1.00000E-040  1.00000E-040  1.00000E-040  9.90369E-020  6.22214E-020  8.91436E-016  4.23585E-012  4.17024E-040  1.00000E-040  3.54089E-011  4.34005E-037  4.71887E-011  9.57123E-022  7.87708E-001  7.00359E-023  5.12356E-019  4.46285E-015  1.00000E-040  1.00000E-040  2.11681E-028  7.42349E-023  7.25187E-009  7.22859E-016  1.20321E-011  6.61461E-017  1.16434E-007  3.15209E-011  9.12549E-006  4.27493E-009  2.58251E-013  5.89165E-017  6.38243E-010  5.98685E-009  8.23934E-013  1.71165E-032  1.98810E-035  1.00000E-040  1.77360E-030  1.34192E-026  2.18918E-023  1.13685E-018  3.13220E-015  3.17127E-022  7.13122E-022  6.29501E-038  1.00000E-040  1.00000E-040  1.00000E-040  1.02561E-027  3.81624E-039  4.10511E-036  2.15508E-023  4.15032E-018  9.60196E-031  5.83353E-034  3.52727E-022  9.77201E-016  9.27940E-017  9.01113E-014  9.94618E-029  9.51455E-015  1.00000E-040  1.06471E-013  4.08577E-038  1.91806E-023  1.18764E-031  1.18108E-022  4.05964E-025  5.13392E-014  3.91476E-022  5.53916E-017  1.02458E-027  1.90896E-014  1.00000E-040  1.00000E-040  2.49587E-023  1.00000E-040  2.84465E-027  1.61565E-011  1.61282E-038  1.00000E-003  1.00000E-005  1.00000E-005  1.00000E-005  1.00000E-005  1.00000E-005  1.00000E-005  1.00000E-005  1.00000E-005  1.00000E-005  1.00000E-005  1.00000E-005  1.00000E-005  1.00000E-005  1.00000E-005  1.00000E-005  
3.35000E+001  5.27925E-003  2.01793E+017  1.89489E+002  1.94692E+004  1.00000E-040  1.00000E-040  1.00000E-040  8.32442E-011  1.00000E-040  1.00000E-040  1.00000E-040  1.00000E-040  1.00000E-040  1.00000E-040  1.00000E-040  1.00000E-040  1.00000E-040  1.00000E-040  3.81930E-023  1.00000E-040  1.00000E-040  6.17758E-018  3.89606E-007  6.80072E-006  1.86285E-011  2.06162E-010  2.11985E-001  3.21465E-009  2.83077E-004  4.36752E-021  1.51818E-011  1.00000E-040  1.00000E-040  2.86505E-028  3.43974E-017  5.09989E-007  1.94119E-022  2.04098E-028  6.45541E-036  7.44069E-035  1.00000E-040  1.02573E-019  8.04731E-020  1.24437E-015  4.05951E-012  9.75566E-040  1.00000E-040  2.59979E-011  4.28391E-037  4.71226E-011  1.72106E-021  7.87714E-001  5.66428E-023  1.29587E-019  9.02113E-016  7.51392E-034  1.00000E-040  2.62095E-028  8.74205E-023  8.79669E-009  8.09540E-016  1.38085E-011  4.39844E-017  1.06390E-007  3.39606E-011  1.00306E-005  4.37576E-009  2.62183E-013  5.82397E-017  6.74033E-010  5.14694E-009  7.50434E-013  1.39965E-032  2.48007E-035  1.00000E-040  2.00692E-030  5.81146E-028  2.18880E-023  1.55940E-018  4.74970E-015  4.29632E-022  9.62552E-022  6.68939E-038  1.00000E-040  1.00000E-040  1.00000E-040  1.15391E-027  7.53039E-039  6.59934E-036  2.55654E-023  4.56183E-018  1.87397E-030  8.18175E-034  3.22747E-022  9.33829E-016  1.31111E-016  8.35117E-014  1.59094E-028  5.30121E-015  4.14296E-037  1.24169E-013  7.36645E-038  2.38148E-023  1.28149E-031  1.18094E-022  4.22786E-025  5.43960E-014  4.77725E-022  8.18173E-017  4.11814E-029  1.90866E-014  1.00000E-040  1.00000E-040  3.45353E-023  1.00000E-040  2.71476E-027  1.53767E-011  4.67745E-038  1.00000E-003  1.00000E-005  1.00000E-005  1.00000E-005  1.00000E-005  1.00000E-005  1.00000E-005  1.00000E-005  1.00000E-005  1.00000E-005  1.00000E-005  1.00000E-005  1.00000E-005  1.00000E-005  1.00000E-005  1.00000E-005  
3.45000E+001  4.41233E-003  1.70537E+017  1.87398E+002  2.14942E+004  1.00000E-040  1.00000E-040  1.00000E-040  6.29130E-011  1.00000E-040  1.00000E-040  1.00000E-040  1.00000E-040  1.00000E-040  1.00000E-040  1.00000E-040  1.00000E-040  1.00000E-040  1.00000E-040  3.78616E-023  1.00000E-040  1.00000E-040  1.22618E-017  3.79316E-007  6.84817E-006  2.61629E-011  3.21576E-010  2.11977E-001  3.17348E-009  2.83062E-004  6.28667E-021  1.65868E-011  1.00000E-040  1.00000E-040  5.92953E-028  5.26635E-017  4.90447E-007  2.48713E-022  1.08246E-028  1.00000E-040  1.00000E-040  1.00000E-040  1.09065E-019  1.04847E-019  1.65668E-015  3.72340E-012  2.14607E-039  1.00000E-040  1.85086E-011  4.15041E-037  4.70563E-011  2.99132E-021  7.87721E-001  4.50438E-023  2.93104E-020  1.65167E-016  2.58092E-034  1.00000E-040  3.61895E-028  1.02458E-022  1.04054E-008  8.85607E-016  1.62170E-011  2.81744E-017  9.67139E-008  3.80131E-011  1.11026E-005  4.33342E-009  2.70660E-013  5.39938E-017  6.94905E-010  4.33971E-009  6.53387E-013  1.14110E-032  3.13222E-035  1.00000E-040  2.30957E-030  2.00119E-029  2.18839E-023  2.14443E-018  7.24052E-015  5.79969E-022  1.29289E-021  7.16246E-038  1.00000E-040  1.00000E-040  1.00000E-040  1.31112E-027  1.41912E-038  1.06365E-035  3.02215E-023  5.07672E-018  3.68670E-030  1.29638E-033  2.94473E-022  8.89805E-016  1.87480E-016  7.72254E-014  2.54625E-028  2.88152E-015  7.78952E-040  1.40916E-013  1.49820E-037  2.93807E-023  1.53232E-031  1.18078E-022  4.36090E-025  5.89359E-014  5.62536E-022  1.22257E-016  1.31188E-030  1.90833E-014  1.00000E-040  1.00000E-040  4.79738E-023  1.00000E-040  2.65697E-027  1.46192E-011  8.36780E-038  1.00000E-003  1.00000E-005  1.00000E-005  1.00000E-005  1.00000E-005  1.00000E-005  1.00000E-005  1.00000E-005  1.00000E-005  1.00000E-005  1.00000E-005  1.00000E-005  1.00000E-005  1.00000E-005  1.00000E-005  1.00000E-005  
3.55000E+001  3.68029E-003  1.43957E+017  1.85168E+002  2.36775E+004  1.00000E-040  1.00000E-040  1.00000E-040  4.61889E-011  1.00000E-040  1.00000E-040  1.00000E-040  1.00000E-040  1.00000E-040  1.00000E-040  1.00000E-040  1.00000E-040  1.00000E-040  1.00000E-040  3.74997E-023  1.00000E-040  1.00000E-040  2.57738E-017  3.68526E-007  6.89686E-006  3.70495E-011  5.07889E-010  2.11969E-001  3.13364E-009  2.83044E-004  9.18051E-021  1.81823E-011  1.00000E-040  1.00000E-040  1.24092E-027  8.11445E-017  4.70436E-007  3.04093E-022  5.19619E-029  1.00000E-040  1.00000E-040  1.00000E-040  1.17523E-019  1.36607E-019  2.10890E-015  3.27906E-012  4.43819E-039  1.00000E-040  1.27541E-011  3.92133E-037  4.69892E-011  5.06747E-021  7.87728E-001  3.58591E-023  5.94989E-021  2.76699E-017  1.00000E-040  1.00000E-040  5.72149E-028  1.19041E-022  1.20397E-008  9.49331E-016  1.93250E-011  1.78218E-017  8.75063E-008  4.36130E-011  1.23843E-005  4.14971E-009  2.82974E-013  4.68258E-017  7.01170E-010  3.58975E-009  5.47502E-013  9.28446E-033  4.00958E-035  1.00000E-040  2.70710E-030  5.53203E-031  2.18795E-023  2.95385E-018  1.11400E-014  7.78751E-022  1.72440E-021  7.72574E-038  1.00000E-040  1.00000E-040  1.00000E-040  1.50698E-027  2.56237E-038  1.71127E-035  3.54863E-023  5.65923E-018  7.30020E-030  2.36769E-033  2.67877E-022  8.40080E-016  2.71809E-016  7.13072E-014  4.01702E-028  1.52359E-015  1.00000E-040  1.56249E-013  3.53293E-037  3.58942E-023  2.08086E-031  1.18062E-022  4.43162E-025  6.48757E-014  6.41842E-022  1.85222E-016  3.33947E-032  1.90797E-014  1.00000E-040  1.00000E-040  6.68089E-023  1.00000E-040  2.66472E-027  1.38842E-011  1.34005E-037  1.00000E-003  1.00000E-005  1.00000E-005  1.00000E-005  1.00000E-005  1.00000E-005  1.00000E-005  1.00000E-005  1.00000E-005  1.00000E-005  1.00000E-005  1.00000E-005  1.00000E-005  1.00000E-005  1.00000E-005  1.00000E-005  
3.65000E+001  3.06327E-003  1.21210E+017  1.83047E+002  2.67395E+004  1.00000E-040  1.00000E-040  1.00000E-040  3.30198E-011  1.00000E-040  1.00000E-040  1.00000E-040  1.00000E-040  1.00000E-040  1.00000E-040  1.00000E-040  1.00000E-040  1.00000E-040  1.00000E-040  3.71518E-023  1.00000E-040  1.00000E-040  5.79633E-017  3.57370E-007  6.94623E-006  5.29600E-011  8.16807E-010  2.11960E-001  3.10125E-009  2.83024E-004  1.36642E-020  2.00504E-011  1.00000E-040  1.00000E-040  2.66633E-027  1.27031E-016  4.50179E-007  3.57407E-022  2.29047E-029  7.98418E-038  8.64142E-037  1.00000E-040  1.26797E-019  1.76659E-019  2.56495E-015  2.78844E-012  8.76229E-039  1.00000E-040  8.51640E-012  3.78118E-037  4.69214E-011  9.04281E-021  7.87735E-001  3.08361E-023  1.09475E-021  4.31896E-018  1.00000E-040  1.00000E-040  9.97994E-028  1.36717E-022  1.36433E-008  9.87946E-016  2.33377E-011  1.21065E-017  7.89101E-008  5.06253E-011  1.38999E-005  3.85398E-009  3.00507E-013  3.98700E-017  6.90484E-010  2.90903E-009  4.37468E-013  7.56591E-033  5.18936E-035  1.00000E-040  3.21953E-030  1.24814E-032  2.18747E-023  4.06391E-018  1.73583E-014  1.04062E-021  2.29232E-021  8.38742E-038  1.00000E-040  1.00000E-040  1.00000E-040  1.75282E-027  4.52313E-038  2.75034E-035  4.13218E-023  6.27930E-018  1.48631E-029  4.83042E-033  2.38471E-022  7.74454E-016  3.97988E-016  6.55489E-014  6.72758E-028  7.85244E-016  1.00000E-040  1.69894E-013  9.22022E-037  4.33132E-023  3.07877E-031  1.18044E-022  4.39076E-025  7.23658E-014  7.09268E-022  2.85165E-016  6.86543E-034  1.90760E-014  1.00000E-040  1.00000E-040  9.51102E-023  1.00000E-040  2.82320E-027  1.31772E-011  2.08228E-037  1.00000E-003  1.00000E-005  1.00000E-005  1.00000E-005  1.00000E-005  1.00000E-005  1.00000E-005  1.00000E-005  1.00000E-005  1.00000E-005  1.00000E-005  1.00000E-005  1.00000E-005  1.00000E-005  1.00000E-005  1.00000E-005  
3.75000E+001  2.54450E-003  1.01803E+017  1.81034E+002  2.97405E+004  1.00000E-040  1.00000E-040  1.00000E-040  2.29125E-011  1.00000E-040  1.00000E-040  1.00000E-040  1.00000E-040  1.00000E-040  1.00000E-040  1.00000E-040  1.00000E-040  1.00000E-040  1.00000E-040  3.68184E-023  1.00000E-040  1.00000E-040  1.39241E-016  3.45926E-007  6.99597E-006  7.64799E-011  1.33823E-009  2.11950E-001  3.07891E-009  2.83001E-004  2.07317E-020  2.22201E-011  1.00000E-040  1.00000E-040  5.87936E-027  2.01770E-016  4.29783E-007  4.05418E-022  9.31028E-030  1.00000E-040  1.00000E-040  1.00000E-040  1.32748E-019  2.22175E-019  2.98414E-015  2.29846E-012  1.65139E-038  1.00000E-040  5.50719E-012  3.72738E-037  4.68524E-011  3.52781E-020  7.87743E-001  2.97861E-023  1.82863E-022  6.36666E-019  1.00000E-040  2.57401E-040  1.78939E-027  1.55083E-022  1.51824E-008  9.98822E-016  2.82245E-011  9.20209E-018  7.09758E-008  5.82077E-011  1.56811E-005  3.45873E-009  3.21162E-013  3.35192E-017  6.64955E-010  2.30335E-009  3.41934E-013  6.19746E-033  6.80662E-035  1.00000E-040  3.88969E-030  2.31072E-034  2.18695E-023  5.58191E-018  2.74052E-014  1.38401E-021  3.03726E-021  9.16177E-038  1.00000E-040  1.00000E-040  1.00000E-040  2.06426E-027  7.83023E-038  4.41578E-035  4.77173E-023  6.82859E-018  3.11040E-029  1.01292E-032  2.07649E-022  6.83051E-016  5.87585E-016  6.00003E-014  2.45940E-027  3.94446E-016  1.00000E-040  1.81898E-013  2.48151E-036  5.16429E-023  4.62370E-031  1.18024E-022  4.23707E-025  8.07453E-014  7.62654E-022  4.46471E-016  1.14619E-035  1.90720E-014  1.00000E-040  1.00000E-040  1.38476E-022  1.00000E-040  3.15508E-027  1.24985E-011  3.19305E-037  1.00000E-003  1.00000E-005  1.00000E-005  1.00000E-005  1.00000E-005  1.00000E-005  1.00000E-005  1.00000E-005  1.00000E-005  1.00000E-005  1.00000E-005  1.00000E-005  1.00000E-005  1.00000E-005  1.00000E-005  1.00000E-005  
3.85000E+001  2.10973E-003  8.51551E+016  1.79446E+002  3.29242E+004  1.00000E-040  1.00000E-040  1.00000E-040  1.54826E-011  1.00000E-040  1.00000E-040  1.00000E-040  1.00000E-040  1.00000E-040  1.00000E-040  1.00000E-040  1.00000E-040  1.00000E-040  1.00000E-040  3.65573E-023  1.00000E-040  1.00000E-040  3.61548E-016  3.34112E-007  7.04648E-006  1.11984E-010  2.25199E-009  2.11940E-001  3.06674E-009  2.82975E-004  3.22057E-020  2.47632E-011  1.00000E-040  1.00000E-040  1.35508E-026  3.27840E-016  4.09057E-007  4.44356E-022  3.50024E-030  1.00000E-040  1.00000E-040  1.00000E-040  1.30986E-019  2.65298E-019  3.27696E-015  1.83552E-012  2.98840E-038  1.00000E-040  3.42105E-012  4.01378E-037  4.67809E-011  4.36533E-019  7.87752E-001  3.35925E-023  2.73746E-023  8.85796E-020  1.00000E-040  6.55647E-040  3.14279E-027  1.74487E-022  1.66032E-008  9.62762E-016  3.41596E-011  8.18951E-018  6.36198E-008  6.53408E-011  1.77624E-005  3.00784E-009  3.46240E-013  2.95933E-017  6.23429E-010  1.77503E-009  2.60488E-013  5.12681E-033  9.04581E-035  1.00000E-040  4.77122E-030  3.43918E-036  2.18639E-023  7.68055E-018  4.40568E-014  1.84826E-021  4.06558E-021  1.00809E-037  1.00000E-040  1.00000E-040  1.00000E-040  2.46626E-027  1.34956E-037  7.16079E-035  5.50178E-023  7.19880E-018  6.87332E-029  2.09118E-032  1.70150E-022  5.57173E-016  8.65859E-016  5.44014E-014  2.86800E-026  1.91148E-016  1.00000E-040  1.92557E-013  6.48467E-036  6.12341E-023  6.68202E-031  1.18003E-022  3.96047E-025  8.89333E-014  7.92402E-022  7.13395E-016  1.51278E-037  1.90677E-014  1.00000E-040  1.00000E-040  2.11579E-022  1.00000E-040  3.86707E-027  1.18385E-011  4.83648E-037  1.00000E-003  1.00000E-005  1.00000E-005  1.00000E-005  1.00000E-005  1.00000E-005  1.00000E-005  1.00000E-005  1.00000E-005  1.00000E-005  1.00000E-005  1.00000E-005  1.00000E-005  1.00000E-005  1.00000E-005  1.00000E-005  
3.95000E+001  1.74660E-003  7.10484E+016  1.78056E+002  3.69865E+004  1.00000E-040  1.00000E-040  1.00000E-040  1.02037E-011  1.00000E-040  1.00000E-040  1.00000E-040  1.00000E-040  1.00000E-040  1.00000E-040  1.00000E-040  1.00000E-040  1.00000E-040  1.00000E-040  3.63274E-023  1.00000E-040  1.00000E-040  1.00203E-015  3.22049E-007  7.09734E-006  1.66908E-010  3.87275E-009  2.11928E-001  3.05752E-009  2.82946E-004  5.10613E-020  2.75735E-011  1.00000E-040  1.03696E-040  3.22617E-026  5.38672E-016  3.88156E-007  4.69711E-022  1.20666E-030  7.44465E-038  8.55290E-037  1.00000E-040  1.16410E-019  2.92285E-019  3.39013E-015  1.41882E-012  5.13151E-038  1.00000E-040  2.03346E-012  4.55093E-037  4.67065E-011  5.20174E-018  7.87761E-001  4.24616E-023  3.76072E-024  1.17720E-020  1.00000E-040  1.58458E-039  5.27994E-027  1.95288E-022  1.78787E-008  8.92512E-016  4.06814E-011  8.16659E-018  5.68680E-008  7.00524E-011  2.01631E-005  2.49957E-009  3.68093E-013  2.65049E-017  5.72215E-010  1.32599E-009  1.92310E-013  4.33279E-033  1.23163E-034  1.00000E-040  5.99460E-030  4.18512E-038  2.18577E-023  1.05679E-017  7.15333E-014  2.46861E-021  5.45785E-021  1.11763E-037  1.00000E-040  1.00000E-040  1.00000E-040  2.98973E-027  2.27687E-037  1.17820E-034  6.34563E-023  7.23018E-018  1.57622E-028  4.03906E-032  1.33345E-022  4.10742E-016  1.27443E-015  4.90235E-014  3.20412E-025  8.89403E-017  1.00000E-040  2.01984E-013  1.62731E-035  7.24364E-023  9.14701E-031  1.17981E-022  3.63590E-025  9.44180E-014  8.03664E-022  1.16154E-015  1.61975E-039  1.90631E-014  1.00000E-040  1.00000E-040  3.34215E-022  1.00000E-040  5.04102E-027  1.11992E-011  7.16885E-037  1.00000E-003  1.00000E-005  1.00000E-005  1.00000E-005  1.00000E-005  1.00000E-005  1.00000E-005  1.00000E-005  1.00000E-005  1.00000E-005  1.00000E-005  1.00000E-005  1.00000E-005  1.00000E-005  1.00000E-005  1.00000E-005  
4.05000E+001  1.44411E-003  5.91111E+016  1.76949E+002  4.09878E+004  1.00000E-040  1.00000E-040  1.00000E-040  6.53142E-012  1.00000E-040  1.00000E-040  1.00000E-040  1.00000E-040  1.00000E-040  1.00000E-040  1.00000E-040  1.00000E-040  1.00000E-040  1.00000E-040  3.61369E-023  1.00000E-040  1.00017E-040  2.95968E-015  3.09849E-007  7.14815E-006  2.54188E-010  6.80827E-009  2.11915E-001  3.04358E-009  2.82913E-004  8.24975E-020  3.04960E-011  1.00000E-040  6.69357E-040  7.95945E-026  8.92772E-016  3.67197E-007  4.78409E-022  3.81328E-031  1.00000E-040  1.00000E-040  1.00000E-040  9.04742E-020  2.90816E-019  3.26882E-015  1.06007E-012  8.35317E-038  1.00000E-040  1.14904E-012  5.55587E-037  4.66285E-011  4.46674E-017  7.87771E-001  5.87072E-023  5.68172E-025  1.51759E-021  1.00000E-040  3.65019E-039  8.51331E-027  2.18508E-022  1.89514E-008  7.88605E-016  4.74729E-011  8.92106E-018  5.07087E-008  7.11101E-011  2.28246E-005  1.96825E-009  3.79651E-013  2.45694E-017  5.13481E-010  9.53466E-010  1.39926E-013  3.83971E-033  1.72801E-034  1.00000E-040  7.72236E-030  4.86729E-040  2.18510E-023  1.45270E-017  1.16823E-013  3.30133E-021  7.36418E-021  1.24965E-037  1.00000E-040  1.00000E-040  1.00000E-040  3.67356E-027  3.75283E-037  1.98587E-034  7.35680E-023  6.89188E-018  3.77280E-028  7.28615E-032  9.82024E-023  2.66568E-016  1.85839E-015  4.38408E-014  2.55593E-024  3.94430E-017  1.00000E-040  2.10310E-013  3.92810E-035  8.58998E-023  1.19295E-030  1.17955E-022  3.29853E-025  9.47149E-014  7.95336E-022  1.92484E-015  1.00000E-040  1.90581E-014  1.00000E-040  1.00000E-040  5.48872E-022  1.00000E-040  7.05154E-027  1.05813E-011  1.03564E-036  1.00000E-003  1.00000E-005  1.00000E-005  1.00000E-005  1.00000E-005  1.00000E-005  1.00000E-005  1.00000E-005  1.00000E-005  1.00000E-005  1.00000E-005  1.00000E-005  1.00000E-005  1.00000E-005  1.00000E-005  1.00000E-005  
4.15000E+001  1.19281E-003  4.90575E+016  1.76109E+002  4.51719E+004  1.00000E-040  1.00000E-040  1.00000E-040  4.05778E-012  1.00000E-040  1.00000E-040  1.00000E-040  1.00000E-040  1.00000E-040  1.00000E-040  1.00000E-040  1.00000E-040  1.00000E-040  1.00000E-040  3.59468E-023  1.00000E-040  1.00093E-040  9.21936E-015  2.97561E-007  7.19884E-006  3.95428E-010  1.21920E-008  2.11901E-001  3.01866E-009  2.82875E-004  1.34977E-019  3.32470E-011  1.00000E-040  4.95517E-039  2.01891E-025  1.48133E-015  3.46150E-007  4.66409E-022  1.08839E-031  7.96155E-038  9.08227E-037  1.00000E-040  6.00091E-020  2.55931E-019  2.90088E-015  7.61794E-013  1.27543E-037  1.00000E-040  6.08153E-013  7.29159E-037  4.65456E-011  2.81114E-016  7.87783E-001  8.62121E-023  1.81150E-025  1.98821E-022  1.00000E-040  8.15151E-039  1.34056E-026  2.45472E-022  1.97549E-008  6.60966E-016  5.41337E-011  1.03665E-017  4.50698E-008  6.86137E-011  2.55731E-005  1.45247E-009  3.70090E-013  2.34274E-017  4.50186E-010  6.52412E-010  9.96491E-014  3.77488E-033  2.51068E-034  1.00000E-040  1.01733E-029  1.00000E-040  2.18434E-023  1.99713E-017  1.91223E-013  4.42411E-021  9.99313E-021  1.41297E-037  1.00000E-040  1.00000E-040  1.00000E-040  4.56262E-027  5.96014E-037  3.44205E-034  8.60851E-023  6.25496E-018  9.34983E-028  1.24433E-031  6.63400E-023  1.48779E-016  2.66437E-015  3.88827E-014  1.47398E-023  1.64073E-017  1.00000E-040  2.17693E-013  9.27194E-035  1.02522E-022  1.51183E-030  1.17926E-022  2.97726E-025  8.83780E-014  7.64510E-022  3.23406E-015  1.00000E-040  1.90527E-014  1.00000E-040  1.00000E-040  9.30356E-022  1.00000E-040  1.05006E-026  9.98142E-012  1.46038E-036  1.00000E-003  1.00000E-005  1.00000E-005  1.00000E-005  1.00000E-005  1.00000E-005  1.00000E-005  1.00000E-005  1.00000E-005  1.00000E-005  1.00000E-005  1.00000E-005  1.00000E-005  1.00000E-005  1.00000E-005  1.00000E-005  
4.25000E+001  9.84478E-004  4.06406E+016  1.75454E+002  5.04170E+004  1.00000E-040  1.00000E-040  1.00000E-040  2.44113E-012  1.00000E-040  1.00000E-040  1.00000E-040  1.00000E-040  1.00000E-040  1.00000E-040  1.00000E-040  1.00000E-040  1.00000E-040  1.00000E-040  3.56273E-023  1.00000E-040  1.00177E-040  2.96509E-014  2.85478E-007  7.24843E-006  6.23991E-010  2.20435E-008  2.11887E-001  2.98321E-009  2.82831E-004  2.21229E-019  3.54958E-011  1.00000E-040  3.96007E-038  5.17537E-025  2.43968E-015  3.25347E-007  4.33997E-022  2.73078E-032  1.00000E-040  1.00000E-040  1.00000E-040  3.38154E-020  1.97888E-019  2.36327E-015  5.26647E-013  1.81326E-037  1.00000E-040  2.97978E-013  1.00618E-036  4.64573E-011  1.34849E-015  7.87794E-001  1.30946E-022  1.36362E-025  3.49590E-023  1.00000E-040  1.77494E-038  2.07741E-026  2.75643E-022  2.02135E-008  5.26778E-016  6.02750E-011  1.24663E-017  3.99625E-008  6.41745E-011  2.79806E-005  9.92261E-010  3.28647E-013  2.25127E-017  3.85572E-010  4.18709E-010  6.83525E-014  4.52449E-033  3.78369E-034  1.00000E-040  1.35399E-029  1.00000E-040  2.18351E-023  2.73366E-017  3.11659E-013  5.90355E-021  1.35385E-020  1.61858E-037  1.00000E-040  1.00000E-040  1.00000E-040  5.68971E-027  9.00537E-037  6.06028E-034  1.01213E-022  5.46147E-018  2.35335E-027  2.02789E-031  4.02519E-023  7.08029E-017  3.73551E-015  3.42477E-014  6.38530E-023  6.35152E-018  1.00000E-040  2.24132E-013  2.14799E-034  1.22561E-022  1.87853E-030  1.17892E-022  2.66853E-025  7.66240E-014  7.11040E-022  5.46385E-015  1.00000E-040  1.90469E-014  1.00000E-040  1.00000E-040  1.59892E-021  1.00000E-040  1.63107E-026  9.40729E-012  1.99899E-036  1.00000E-003  1.00000E-005  1.00000E-005  1.00000E-005  1.00000E-005  1.00000E-005  1.00000E-005  1.00000E-005  1.00000E-005  1.00000E-005  1.00000E-005  1.00000E-005  1.00000E-005  1.00000E-005  1.00000E-005  1.00000E-005  
4.35000E+001  8.12159E-004  3.35770E+016  1.75193E+002  5.66624E+004  1.00000E-040  1.00000E-040  1.00000E-040  1.41491E-012  1.00000E-040  1.00000E-040  1.00000E-040  1.00000E-040  1.00000E-040  1.00000E-040  1.00000E-040  1.00000E-040  1.00000E-040  1.00000E-040  3.49617E-023  1.00000E-040  1.00267E-040  9.75315E-014  2.74044E-007  7.29536E-006  9.87194E-010  4.01271E-008  2.11873E-001  2.95148E-009  2.82781E-004  3.60670E-019  3.71416E-011  1.00000E-040  3.31546E-037  1.33293E-024  3.99356E-015  3.05322E-007  3.87526E-022  6.40310E-033  1.00000E-040  1.00000E-040  1.00000E-040  1.65333E-020  1.35265E-019  1.77658E-015  3.52988E-013  2.40294E-037  1.00000E-040  1.34176E-013  1.50676E-036  4.63638E-011  5.10738E-015  7.87807E-001  2.00827E-022  1.32388E-025  1.41763E-023  1.00000E-040  3.70240E-038  3.11784E-026  3.03791E-022  2.02622E-008  3.94248E-016  6.61444E-011  1.52228E-017  3.54188E-008  6.01823E-011  2.93351E-005  6.25139E-010  2.57049E-013  2.26256E-017  3.20851E-010  2.47980E-010  4.50333E-014  7.05752E-033  5.89183E-034  1.00000E-040  1.78022E-029  1.00000E-040  2.18259E-023  3.69690E-017  5.04281E-013  7.79541E-021  1.82830E-020  1.88164E-037  1.00000E-040  1.00000E-040  1.00000E-040  7.07628E-027  1.30832E-036  1.05404E-033  1.18244E-022  4.65456E-018  6.01677E-027  3.16068E-031  2.09885E-023  2.85320E-017  5.05225E-015  2.99045E-014  2.16759E-022  2.29474E-018  1.00000E-040  2.29577E-013  4.69278E-034  1.45058E-022  2.22870E-030  1.17850E-022  2.30059E-025  6.21736E-014  6.32980E-022  9.22320E-015  1.00000E-040  1.90405E-014  1.00000E-040  1.00000E-040  2.78251E-021  1.00000E-040  2.69584E-026  8.87184E-012  2.61892E-036  1.00000E-003  1.00000E-005  1.00000E-005  1.00000E-005  1.00000E-005  1.00000E-005  1.00000E-005  1.00000E-005  1.00000E-005  1.00000E-005  1.00000E-005  1.00000E-005  1.00000E-005  1.00000E-005  1.00000E-005  1.00000E-005  
4.45000E+001  6.69905E-004  2.77114E+016  1.75094E+002  6.33601E+004  1.00000E-040  1.00000E-040  1.00000E-040  7.86930E-013  1.00000E-040  1.00000E-040  1.00000E-040  1.00000E-040  1.00000E-040  1.00000E-040  1.00000E-040  1.00000E-040  1.00000E-040  1.00000E-040  3.35027E-023  1.00000E-040  1.00365E-040  3.20602E-013  2.63677E-007  7.33829E-006  1.54201E-009  7.29642E-008  2.11861E-001  2.94343E-009  2.82725E-004  5.80823E-019  3.82352E-011  1.00000E-040  2.73304E-036  3.35658E-024  6.45183E-015  2.86509E-007  3.33563E-022  1.31590E-033  1.00000E-040  1.00000E-040  1.00000E-040  7.21578E-021  8.23693E-020  1.25297E-015  2.31748E-013  2.94986E-037  1.00000E-040  5.51447E-014  2.30185E-036  4.62647E-011  1.57050E-014  7.87819E-001  3.03329E-022  1.32790E-025  1.05621E-023  1.00000E-040  7.10505E-038  4.37361E-026  3.18859E-022  1.98772E-008  2.80542E-016  7.21045E-011  1.83848E-017  3.14216E-008  5.85929E-011  2.88840E-005  3.57571E-010  1.69488E-013  2.26706E-017  2.60331E-010  1.33073E-010  2.86994E-014  1.35000E-032  9.54454E-034  1.00000E-040  2.27956E-029  1.00000E-040  2.18157E-023  4.89231E-017  8.01512E-013  1.00178E-020  2.41843E-020  2.22886E-037  1.00000E-040  1.00000E-040  1.00000E-040  8.75554E-027  1.81423E-036  1.72649E-033  1.34164E-022  3.86853E-018  1.51094E-026  4.54281E-031  9.36408E-024  9.80423E-018  6.60744E-015  2.59938E-014  5.91568E-022  7.78910E-019  1.00000E-040  2.34019E-013  9.29545E-034  1.66215E-022  2.42004E-030  1.17793E-022  1.84489E-025  4.80383E-014  5.41101E-022  1.54696E-014  1.00000E-040  1.90337E-014  1.00000E-040  1.00000E-040  4.74110E-021  1.00000E-040  4.55300E-026  8.38524E-012  3.22052E-036  1.00000E-003  1.00000E-005  1.00000E-005  1.00000E-005  1.00000E-005  1.00000E-005  1.00000E-005  1.00000E-005  1.00000E-005  1.00000E-005  1.00000E-005  1.00000E-005  1.00000E-005  1.00000E-005  1.00000E-005  1.00000E-005  
4.55000E+001  5.52597E-004  2.28454E+016  1.75197E+002  6.89710E+004  1.00000E-040  1.00000E-040  1.00000E-040  4.17936E-013  1.00000E-040  1.00000E-040  1.00000E-040  1.00000E-040  1.00000E-040  1.00000E-040  1.00000E-040  1.00000E-040  1.00000E-040  1.00000E-040  3.08375E-023  1.00000E-040  1.00472E-040  1.01787E-012  2.54712E-007  7.37628E-006  2.30323E-009  1.30973E-007  2.11851E-001  2.98329E-009  2.82658E-004  9.04177E-019  3.88009E-011  1.00000E-040  2.01345E-035  7.78554E-024  9.99773E-015  2.69140E-007  2.80335E-022  2.73625E-034  1.61438E-037  1.76717E-036  1.00000E-040  3.00593E-021  4.59960E-020  8.57052E-016  1.51269E-013  3.24752E-037  1.00000E-040  2.04571E-014  3.50300E-036  4.61575E-011  4.02588E-014  7.87832E-001  4.34487E-022  1.35801E-025  8.80342E-024  1.00000E-040  1.19483E-037  5.47662E-026  3.02082E-022  1.90537E-008  1.85761E-016  7.92588E-011  2.12595E-017  2.78985E-008  5.93171E-011  2.61347E-005  1.85840E-010  9.22162E-014  2.24436E-017  2.05539E-010  6.32513E-011  1.76640E-014  2.74845E-032  1.57128E-033  1.00000E-040  2.71507E-029  1.00000E-040  2.18045E-023  6.23380E-017  1.21635E-012  1.22468E-020  3.08143E-020  2.71128E-037  1.00000E-040  1.00000E-040  1.00000E-040  1.06454E-026  2.36525E-036  2.44569E-033  1.42720E-022  3.10745E-018  3.51487E-026  5.80412E-031  3.47415E-024  2.98923E-018  8.05299E-015  2.23112E-014  1.31137E-021  2.51116E-019  1.00000E-040  2.37517E-013  1.54018E-033  1.77954E-022  2.25158E-030  1.17708E-022  1.27704E-025  3.51159E-014  4.36181E-022  2.52444E-014  1.00000E-040  1.90262E-014  1.00000E-040  1.00000E-040  7.44988E-021  1.00000E-040  7.72940E-026  7.95166E-012  3.64318E-036  1.00000E-003  1.00000E-005  1.00000E-005  1.00000E-005  1.00000E-005  1.00000E-005  1.00000E-005  1.00000E-005  1.00000E-005  1.00000E-005  1.00000E-005  1.00000E-005  1.00000E-005  1.00000E-005  1.00000E-005  1.00000E-005  
4.65000E+001  4.55926E-004  1.88306E+016  1.75367E+002  7.80352E+004  1.00000E-040  1.00000E-040  1.00000E-040  2.14455E-013  1.00000E-040  1.00000E-040  1.00000E-040  1.00000E-040  1.00000E-040  1.00000E-040  1.00000E-040  1.00000E-040  1.00000E-040  1.00000E-040  2.68058E-023  1.00000E-040  1.00589E-040  2.83124E-012  2.47713E-007  7.40747E-006  3.12286E-009  2.21227E-007  2.11842E-001  3.07584E-009  2.82582E-004  1.28433E-018  3.84109E-011  1.00000E-040  1.05143E-034  1.45886E-023  1.37688E-014  2.53895E-007  2.39123E-022  5.20265E-035  1.00000E-040  1.00000E-040  1.00000E-040  1.37358E-021  2.60584E-020  6.16400E-016  1.01685E-013  3.08679E-037  1.00000E-040  6.97009E-015  4.90434E-036  4.60421E-011  8.85540E-014  7.87846E-001  5.60898E-022  1.39393E-025  7.00948E-024  1.00000E-040  1.71467E-037  5.97042E-026  2.45761E-022  1.78482E-008  1.13135E-016  8.77458E-011  2.24237E-017  2.48642E-008  5.93869E-011  2.15791E-005  9.16873E-011  4.30563E-014  2.10548E-017  1.58403E-010  2.68223E-011  1.00525E-014  5.01824E-032  2.41976E-033  1.00000E-040  2.75029E-029  1.00000E-040  2.17928E-023  7.38287E-017  1.64867E-012  1.36333E-020  3.62690E-020  3.40331E-037  1.00000E-040  1.00000E-040  1.00000E-040  1.21642E-026  2.78443E-036  2.70239E-033  1.36364E-022  2.41021E-018  6.61822E-026  6.42458E-031  1.12105E-024  9.61048E-019  8.52502E-015  1.87243E-014  2.35806E-021  8.11377E-020  1.00000E-040  2.40070E-013  1.99143E-033  1.70469E-022  1.74820E-030  1.17578E-022  7.25262E-026  2.38789E-014  3.27659E-022  3.77534E-014  1.00000E-040  1.90181E-014  1.00000E-040  1.00000E-040  9.48972E-021  1.00000E-040  1.23848E-025  7.58447E-012  3.74684E-036  1.00000E-003  1.00000E-005  1.00000E-005  1.00000E-005  1.00000E-005  1.00000E-005  1.00000E-005  1.00000E-005  1.00000E-005  1.00000E-005  1.00000E-005  1.00000E-005  1.00000E-005  1.00000E-005  1.00000E-005  1.00000E-005  
4.75000E+001  3.76254E-004  1.55280E+016  1.75502E+002  8.59767E+004  1.00000E-040  1.00000E-040  1.00000E-040  1.06708E-013  1.00000E-040  1.00000E-040  1.00000E-040  1.00000E-040  1.00000E-040  1.00000E-040  1.00000E-040  1.00000E-040  1.00000E-040  1.00000E-040  2.18439E-023  1.00000E-040  1.00716E-040  6.43622E-012  2.42988E-007  7.43081E-006  3.77173E-009  3.37370E-007  2.11832E-001  3.20064E-009  2.82496E-004  1.60286E-018  3.67943E-011  1.00000E-040  3.37914E-034  2.05904E-023  1.60464E-014  2.41206E-007  2.15857E-022  1.42338E-035  1.00000E-040  1.00000E-040  1.00000E-040  7.62834E-022  1.66246E-020  4.97077E-016  7.27436E-014  2.58166E-037  1.00000E-040  2.25870E-015  6.07165E-036  4.59182E-011  1.72639E-013  7.87860E-001  6.44019E-022  1.42077E-025  5.21010E-024  1.00000E-040  2.14977E-037  5.78927E-026  1.73700E-022  1.63769E-008  6.49410E-017  9.60558E-011  2.12804E-017  2.23086E-008  5.60220E-011  1.67232E-005  4.62312E-011  1.91120E-014  1.86252E-017  1.19720E-010  1.06683E-011  5.52036E-015  7.35274E-032  3.21766E-033  1.00000E-040  2.25798E-029  1.00000E-040  2.17813E-023  7.91587E-017  1.91350E-012  1.34751E-020  3.82905E-020  4.41586E-037  1.46914E-036  1.00000E-040  1.00000E-040  1.25671E-026  2.93197E-036  2.31005E-033  1.16269E-022  1.84920E-018  9.37735E-026  6.29030E-031  3.50227E-025  3.93363E-019  7.56374E-015  1.53673E-014  3.52056E-021  2.80285E-020  1.00000E-040  2.41791E-013  2.02727E-033  1.45206E-022  1.18944E-030  1.17394E-022  3.50702E-026  1.51222E-014  2.33474E-022  4.95899E-014  1.00000E-040  1.90093E-014  1.00000E-040  1.00000E-040  9.16430E-021  1.00000E-040  1.80225E-025  7.28801E-012  3.54252E-036  1.00000E-003  1.00000E-005  1.00000E-005  1.00000E-005  1.00000E-005  1.00000E-005  1.00000E-005  1.00000E-005  1.00000E-005  1.00000E-005  1.00000E-005  1.00000E-005  1.00000E-005  1.00000E-005  1.00000E-005  1.00000E-005  
4.85000E+001  3.10567E-004  1.28084E+016  1.75621E+002  9.43451E+004  1.00000E-040  1.00000E-040  1.00000E-040  5.31640E-014  1.00000E-040  1.00000E-040  1.00000E-040  1.00000E-040  1.00000E-040  1.00000E-040  1.00000E-040  1.00000E-040  1.00000E-040  1.00000E-040  1.67874E-023  1.00000E-040  1.00857E-040  1.23554E-011  2.40406E-007  7.44683E-006  4.19095E-009  4.70776E-007  2.11819E-001  3.35050E-009  2.82397E-004  1.80148E-018  3.44009E-011  1.00000E-040  7.33248E-034  2.32391E-023  1.62605E-014  2.30822E-007  2.09363E-022  5.51933E-036  1.00000E-040  1.00000E-040  1.00000E-040  5.03187E-022  1.20853E-020  4.48613E-016  5.58360E-014  2.02400E-037  1.00000E-040  7.10994E-016  6.89104E-036  4.57827E-011  3.06124E-013  7.87877E-001  6.80481E-022  1.44362E-025  3.71031E-024  1.00000E-040  2.43261E-037  5.13345E-026  1.11854E-022  1.47554E-008  3.67987E-017  1.02844E-010  1.87904E-017  2.01417E-008  4.98775E-011  1.27466E-005  2.47582E-011  8.69423E-015  1.62326E-017  8.89178E-011  4.18128E-012  2.99049E-015  8.82917E-032  3.67775E-033  1.00000E-040  1.57481E-029  1.00000E-040  2.17699E-023  7.75612E-017  1.94765E-012  1.20132E-020  3.66784E-020  5.92279E-037  1.00000E-040  1.00000E-040  1.00000E-040  1.18948E-026  2.88065E-036  1.65492E-033  9.10394E-023  1.43297E-018  1.06201E-025  5.61785E-031  1.14661E-025  2.10946E-019  5.81678E-015  1.24363E-014  4.54162E-021  1.06266E-020  1.00000E-040  2.42902E-013  1.72456E-033  1.13289E-022  7.49227E-031  1.17159E-022  1.54348E-026  9.07385E-015  1.64228E-022  5.84645E-014  1.00000E-040  1.89997E-014  1.00000E-040  1.00000E-040  7.10878E-021  1.00000E-040  2.43215E-025  7.05063E-012  3.12876E-036  1.00000E-003  1.00000E-005  1.00000E-005  1.00000E-005  1.00000E-005  1.00000E-005  1.00000E-005  1.00000E-005  1.00000E-005  1.00000E-005  1.00000E-005  1.00000E-005  1.00000E-005  1.00000E-005  1.00000E-005  1.00000E-005  
4.95000E+001  2.56388E-004  1.05709E+016  1.75672E+002  1.04470E+005  1.00000E-040  1.00000E-040  1.00000E-040  2.71272E-014  1.00000E-040  1.00000E-040  1.00000E-040  1.00000E-040  1.00000E-040  1.00000E-040  1.00000E-040  1.00000E-040  1.00000E-040  1.00000E-040  1.23359E-023  1.00000E-040  1.01011E-040  2.16105E-011  2.39741E-007  7.45626E-006  4.47567E-009  6.27315E-007  2.11803E-001  3.54700E-009  2.82286E-004  1.92340E-018  3.19512E-011  1.00000E-040  1.27439E-033  2.30760E-023  1.51054E-014  2.22439E-007  2.17749E-022  2.98213E-036  1.00000E-040  1.00000E-040  1.00000E-040  3.67317E-022  9.59872E-021  4.39687E-016  4.58611E-014  1.56864E-037  1.00000E-040  2.23404E-016  7.41199E-036  4.56344E-011  5.01931E-013  7.87896E-001  6.88843E-022  1.45332E-025  2.64358E-024  1.00000E-040  2.52090E-037  4.20618E-026  6.78829E-023  1.31198E-008  2.16495E-017  1.08261E-010  1.60784E-017  1.83088E-008  4.31488E-011  9.92475E-006  1.40346E-011  4.13394E-015  1.43781E-017  6.52919E-011  1.67330E-012  1.65688E-015  9.43716E-032  3.78434E-033  1.00000E-040  1.01672E-029  1.00000E-040  2.17577E-023  7.14841E-017  1.82103E-012  9.95582E-021  3.27882E-020  8.13049E-037  1.00000E-040  1.00000E-040  1.00000E-040  1.07731E-026  2.77347E-036  1.07321E-033  6.73674E-023  1.12096E-018  1.05621E-025  4.61903E-031  4.09698E-026  1.37760E-019  4.09080E-015  1.00222E-014  5.19583E-021  4.47357E-021  1.00000E-040  2.43582E-013  1.29910E-033  8.34070E-023  4.50987E-031  1.16879E-022  6.41620E-027  5.22810E-015  1.19040E-022  6.51767E-014  1.00000E-040  1.89892E-014  1.00000E-040  1.00000E-040  4.84527E-021  1.00000E-040  3.12554E-025  6.86192E-012  2.61053E-036  1.00000E-003  1.00000E-005  1.00000E-005  1.00000E-005  1.00000E-005  1.00000E-005  1.00000E-005  1.00000E-005  1.00000E-005  1.00000E-005  1.00000E-005  1.00000E-005  1.00000E-005  1.00000E-005  1.00000E-005  1.00000E-005  
5.05000E+001  2.11680E-004  8.72748E+015  1.75674E+002  1.14473E+005  1.00000E-040  1.00000E-040  1.00000E-040  1.42087E-014  1.00000E-040  1.00000E-040  1.00000E-040  1.00000E-040  1.00000E-040  1.00000E-040  1.00000E-040  1.00000E-040  1.00000E-040  1.00000E-040  8.86834E-024  1.00000E-040  1.01181E-040  3.63347E-011  2.40748E-007  7.46004E-006  4.71174E-009  8.22263E-007  2.11784E-001  3.83119E-009  2.82161E-004  2.01918E-018  2.97720E-011  1.00000E-040  1.99257E-033  2.14569E-023  1.33441E-014  2.15656E-007  2.39774E-022  2.06755E-036  1.00000E-040  1.00000E-040  1.00000E-040  2.82614E-022  8.03416E-021  4.55628E-016  3.98439E-014  1.22605E-037  1.00000E-040  7.13523E-017  7.77899E-036  4.54718E-011  7.70596E-013  7.87917E-001  6.82526E-022  1.45348E-025  1.95668E-024  1.00000E-040  2.42237E-037  3.21419E-026  3.97346E-023  1.15701E-008  1.38241E-017  1.12982E-010  1.36458E-017  1.67508E-008  3.70252E-011  7.98008E-006  8.30140E-012  2.04119E-015  1.31657E-017  4.76218E-011  6.91912E-013  9.98643E-016  9.56740E-032  3.65816E-033  1.00000E-040  6.40582E-030  1.00000E-040  2.17442E-023  6.37543E-017  1.61914E-012  7.88866E-021  2.81498E-020  1.13155E-036  1.00000E-040  1.00000E-040  1.00000E-040  9.61019E-027  2.67857E-036  6.61395E-034  4.82815E-023  8.81250E-019  9.82335E-026  3.53297E-031  1.60440E-026  1.01799E-019  2.71116E-015  8.07898E-015  5.37690E-021  2.08440E-021  1.00000E-040  2.43974E-013  8.96753E-034  5.94286E-023  2.72275E-031  1.16564E-022  2.56776E-027  2.91330E-015  9.00918E-023  7.11180E-014  1.00000E-040  1.89778E-014  1.00000E-040  1.00000E-040  3.08548E-021  1.00000E-040  3.92179E-025  6.71073E-012  2.08472E-036  1.00000E-003  1.00000E-005  1.00000E-005  1.00000E-005  1.00000E-005  1.00000E-005  1.00000E-005  1.00000E-005  1.00000E-005  1.00000E-005  1.00000E-005  1.00000E-005  1.00000E-005  1.00000E-005  1.00000E-005  1.00000E-005  
5.15000E+001  1.74776E-004  7.20719E+015  1.75644E+002  1.24475E+005  1.00000E-040  1.00000E-040  1.00000E-040  7.56069E-015  1.00000E-040  1.00000E-040  1.00000E-040  1.00000E-040  1.00000E-040  1.00000E-040  1.00000E-040  1.00000E-040  1.00000E-040  1.00000E-040  6.42901E-024  1.00000E-040  1.01369E-040  6.00661E-011  2.43264E-007  7.45894E-006  4.93692E-009  1.07204E-006  2.11762E-001  4.26421E-009  2.82022E-004  2.11071E-018  2.78685E-011  1.00000E-040  2.95491E-033  1.92535E-023  1.14381E-014  2.10076E-007  2.75382E-022  1.73540E-036  7.44184E-039  7.68892E-038  1.00000E-040  2.23722E-022  6.94784E-021  4.90204E-016  3.60982E-014  9.70190E-038  1.00000E-040  2.33031E-017  8.07021E-036  4.52917E-011  1.11941E-012  7.87941E-001  6.66905E-022  1.44737E-025  1.55554E-024  1.00000E-040  2.19425E-037  2.32435E-026  2.28650E-023  1.01577E-008  9.83287E-018  1.17380E-010  1.15789E-017  1.54078E-008  3.17732E-011  6.59479E-006  5.06386E-012  1.03659E-015  1.24399E-017  3.46136E-011  2.94959E-013  7.21725E-016  9.48519E-032  3.40761E-033  1.00000E-040  4.01576E-030  1.00000E-040  2.17291E-023  5.61245E-017  1.39673E-012  6.09727E-021  2.36738E-020  1.58926E-036  1.00000E-040  1.00000E-040  1.00000E-040  8.53307E-027  2.60600E-036  3.98705E-034  3.41493E-023  6.94869E-019  8.80945E-026  2.55306E-031  6.82389E-027  8.12889E-020  1.72026E-015  6.52402E-015  5.13360E-021  1.06190E-021  1.00000E-040  2.44175E-013  5.80969E-034  4.17714E-023  1.80206E-031  1.16211E-022  1.00714E-027  1.58410E-015  7.08226E-023  7.69795E-014  1.00000E-040  1.89652E-014  1.00000E-040  1.00000E-040  1.89290E-021  1.00000E-040  4.86388E-025  6.58687E-012  1.63544E-036  1.00000E-003  1.00000E-005  1.00000E-005  1.00000E-005  1.00000E-005  1.00000E-005  1.00000E-005  1.00000E-005  1.00000E-005  1.00000E-005  1.00000E-005  1.00000E-005  1.00000E-005  1.00000E-005  1.00000E-005  1.00000E-005  
5.25000E+001  1.44307E-004  5.95319E+015  1.75572E+002  1.34477E+005  1.00000E-040  1.00000E-040  1.00000E-040  4.01058E-015  1.00000E-040  1.00000E-040  1.00000E-040  1.00000E-040  1.00000E-040  1.00000E-040  1.00000E-040  1.00000E-040  1.00000E-040  1.00000E-040  4.84722E-024  1.00000E-040  1.01580E-040  9.84264E-011  2.47215E-007  7.45346E-006  5.16641E-009  1.39471E-006  2.11736E-001  4.93959E-009  2.81864E-004  2.20552E-018  2.61601E-011  1.00000E-040  4.25297E-033  1.69245E-023  9.62616E-015  2.05401E-007  3.25867E-022  1.13311E-036  1.00000E-040  1.00000E-040  1.00000E-040  1.79875E-022  6.13614E-021  5.40740E-016  3.36980E-014  7.77222E-038  1.00000E-040  7.80761E-018  8.28724E-036  4.50906E-011  1.55222E-012  7.87968E-001  6.44251E-022  1.43323E-025  1.36596E-024  1.00000E-040  1.90640E-037  1.61692E-026  1.31242E-023  8.90806E-009  7.72612E-018  1.21601E-010  9.84169E-018  1.42364E-008  2.73472E-011  5.56248E-006  3.16428E-012  5.38360E-016  1.19997E-017  2.51606E-011  1.29166E-013  6.77286E-016  9.31483E-032  3.10377E-033  1.00000E-040  2.52072E-030  1.00000E-040  2.17120E-023  4.93912E-017  1.18287E-012  4.65908E-021  1.97375E-020  2.24568E-036  1.00000E-040  1.00000E-040  1.00000E-040  7.56653E-027  2.54762E-036  2.39345E-034  2.41416E-023  5.49025E-019  7.73102E-026  1.77126E-031  3.12584E-027  6.82245E-020  1.05619E-015  5.28101E-015  4.60063E-021  5.84628E-022  1.00000E-040  2.44248E-013  3.60801E-034  2.93402E-023  1.43169E-031  1.15820E-022  3.93266E-028  8.48060E-016  5.73608E-023  8.30413E-014  1.00000E-040  1.89512E-014  1.00000E-040  1.00000E-040  1.13591E-021  1.00000E-040  5.97898E-025  6.48287E-012  1.34779E-036  1.00000E-003  1.00000E-005  1.00000E-005  1.00000E-005  1.00000E-005  1.00000E-005  1.00000E-005  1.00000E-005  1.00000E-005  1.00000E-005  1.00000E-005  1.00000E-005  1.00000E-005  1.00000E-005  1.00000E-005  1.00000E-005  
5.35000E+001  1.19147E-004  4.91757E+015  1.75489E+002  1.44478E+005  1.00000E-040  1.00000E-040  1.00000E-040  2.14505E-015  1.00000E-040  1.00000E-040  1.00000E-040  1.00000E-040  1.00000E-040  1.00000E-040  1.00000E-040  1.00000E-040  1.00000E-040  1.00000E-040  3.88611E-024  1.00000E-040  1.01817E-040  1.60624E-010  2.52599E-007  7.44383E-006  5.40688E-009  1.81342E-006  2.11706E-001  6.00231E-009  2.81685E-004  2.30639E-018  2.45625E-011  1.00000E-040  6.02340E-033  1.47015E-023  8.00804E-015  2.01406E-007  3.93859E-022  1.04449E-036  8.06107E-040  8.21790E-039  1.00000E-040  1.45811E-022  5.49409E-021  6.06447E-016  3.21153E-014  6.28910E-038  1.00000E-040  2.68732E-018  8.48686E-036  4.48648E-011  2.07048E-012  7.87998E-001  6.16163E-022  1.41699E-025  1.34148E-024  1.00000E-040  1.61017E-037  1.09581E-026  7.57807E-024  7.82784E-009  6.51353E-018  1.25778E-010  8.38364E-018  1.32042E-008  2.36195E-011  4.75950E-006  2.01972E-012  2.85162E-016  1.17827E-017  1.83367E-011  5.79205E-014  7.31008E-016  9.11247E-032  2.78593E-033  1.00000E-040  1.58558E-030  1.00000E-040  2.16926E-023  4.37686E-017  9.90482E-013  3.54928E-021  1.64358E-020  3.18652E-036  1.00000E-040  1.00000E-040  1.00000E-040  6.70553E-027  2.49204E-036  1.44533E-034  1.71931E-023  4.34728E-019  6.70326E-026  1.19647E-031  1.52867E-027  5.91102E-020  6.30447E-016  4.28269E-015  3.92214E-021  3.44045E-022  1.00000E-040  2.44229E-013  2.17533E-034  2.07605E-023  1.38586E-031  1.15385E-022  1.54099E-028  4.49050E-016  4.74365E-023  8.94272E-014  1.00000E-040  1.89355E-014  1.00000E-040  1.00000E-040  6.73132E-022  1.00000E-040  7.32895E-025  6.39307E-012  1.35521E-036  1.00000E-003  1.00000E-005  1.00000E-005  1.00000E-005  1.00000E-005  1.00000E-005  1.00000E-005  1.00000E-005  1.00000E-005  1.00000E-005  1.00000E-005  1.00000E-005  1.00000E-005  1.00000E-005  1.00000E-005  1.00000E-005  
5.45000E+001  9.83689E-005  4.06283E+015  1.75366E+002  1.54480E+005  1.00000E-040  1.00000E-040  1.00000E-040  1.15316E-015  1.00000E-040  1.00000E-040  1.00000E-040  1.00000E-040  1.00000E-040  1.00000E-040  1.00000E-040  1.00000E-040  1.00000E-040  1.00000E-040  3.33044E-024  1.00000E-040  1.02085E-040  2.61452E-010  2.59467E-007  7.43012E-006  5.66509E-009  2.35740E-006  2.11672E-001  7.66959E-009  2.81482E-004  2.41540E-018  2.30235E-011  1.00000E-040  8.44748E-033  1.26838E-023  6.61591E-015  1.97917E-007  4.82973E-022  8.31182E-037  1.00000E-040  1.00000E-040  1.00000E-040  1.18458E-022  4.95597E-021  6.86627E-016  3.10380E-014  5.13382E-038  1.00000E-040  9.50402E-019  8.62735E-036  4.46100E-011  2.67361E-012  7.88032E-001  5.84520E-022  1.39347E-025  1.45485E-024  1.00000E-040  1.33732E-037  7.31669E-027  4.42581E-024  6.91119E-009  5.73296E-018  1.29959E-010  7.15608E-018  1.22866E-008  2.04856E-011  4.11698E-006  1.31476E-012  1.53939E-016  1.16441E-017  1.34399E-011  2.65635E-014  8.15351E-016  8.90408E-032  2.47911E-033  1.00000E-040  1.00114E-030  1.00000E-040  2.16705E-023  3.91962E-017  8.23780E-013  2.70868E-021  1.37063E-020  4.53600E-036  1.00000E-040  1.00000E-040  1.00000E-040  5.94466E-027  2.42320E-036  8.83480E-035  1.23787E-023  3.44676E-019  5.76727E-026  7.94841E-032  7.92996E-028  5.22334E-020  3.68082E-016  3.47993E-015  3.21340E-021  2.14167E-022  1.00000E-040  2.44142E-013  1.29217E-034  1.48539E-023  1.53112E-031  1.14902E-022  6.10465E-029  2.36349E-016  3.98729E-023  9.62548E-014  1.00000E-040  1.89180E-014  1.00000E-040  1.00000E-040  3.95738E-022  1.00000E-040  8.93258E-025  6.31313E-012  1.95956E-036  1.00000E-003  1.00000E-005  1.00000E-005  1.00000E-005  1.00000E-005  1.00000E-005  1.00000E-005  1.00000E-005  1.00000E-005  1.00000E-005  1.00000E-005  1.00000E-005  1.00000E-005  1.00000E-005  1.00000E-005  1.00000E-005  
5.55000E+001  8.12081E-005  3.35643E+015  1.75242E+002  1.64481E+005  1.00000E-040  1.00000E-040  1.00000E-040  5.92133E-016  1.00000E-040  1.00000E-040  1.00000E-040  1.00000E-040  1.00000E-040  1.00000E-040  1.00000E-040  1.00000E-040  1.00000E-040  1.00000E-040  3.02228E-024  1.00000E-040  1.02389E-040  4.25617E-010  2.67921E-007  7.41223E-006  5.94534E-009  3.06652E-006  2.11634E-001  1.02570E-008  2.81251E-004  2.53378E-018  2.15016E-011  1.00000E-040  1.20385E-032  1.09062E-023  5.43995E-015  1.94793E-007  5.98458E-022  7.81383E-037  1.35726E-039  1.38059E-038  1.00000E-040  9.61828E-023  4.48878E-021  7.81674E-016  3.02757E-014  4.21753E-038  1.00000E-040  3.45223E-019  1.01635E-035  4.43212E-011  3.36217E-012  7.88070E-001  5.51603E-022  1.36994E-025  1.70018E-024  1.00000E-040  1.10440E-037  4.86429E-027  2.61910E-024  6.14571E-009  5.18263E-018  1.34278E-010  6.12210E-018  1.14647E-008  1.78409E-011  3.58840E-006  8.72920E-013  8.46777E-017  1.15956E-017  9.92528E-012  1.24502E-014  9.22908E-016  8.70236E-032  2.19367E-033  1.00000E-040  6.34013E-031  1.00000E-040  2.16454E-023  3.55116E-017  6.82360E-013  2.07601E-021  1.14646E-020  6.47385E-036  1.00000E-040  1.00000E-040  1.00000E-040  5.27144E-027  2.32691E-036  5.48105E-035  9.02625E-024  2.73767E-019  4.94628E-026  5.25693E-032  4.33403E-028  4.66984E-020  2.10460E-016  2.83029E-015  2.55006E-021  1.39627E-022  1.00000E-040  2.43999E-013  7.63117E-035  1.07679E-023  1.80786E-031  1.14363E-022  2.44675E-029  1.23707E-016  3.38743E-023  1.03591E-013  1.00000E-040  1.88982E-014  1.00000E-040  1.00000E-040  2.31797E-022  1.00000E-040  1.08891E-024  6.23960E-012  3.89792E-036  1.00000E-003  1.00000E-005  1.00000E-005  1.00000E-005  1.00000E-005  1.00000E-005  1.00000E-005  1.00000E-005  1.00000E-005  1.00000E-005  1.00000E-005  1.00000E-005  1.00000E-005  1.00000E-005  1.00000E-005  1.00000E-005  
5.65000E+001  6.70342E-005  2.77344E+015  1.75063E+002  1.74482E+005  1.00000E-040  1.00000E-040  1.00000E-040  2.88981E-016  1.00000E-040  1.00000E-040  1.00000E-040  1.00000E-040  1.00000E-040  1.00000E-040  1.00000E-040  1.00000E-040  1.00000E-040  1.00000E-040  2.85593E-024  1.00000E-040  1.02735E-040  6.92822E-010  2.78108E-007  7.38990E-006  6.25574E-009  3.99090E-006  2.11590E-001  1.42058E-008  2.80987E-004  2.66320E-018  1.99901E-011  1.00000E-040  6.95178E-032  9.36409E-024  4.46160E-015  1.91922E-007  7.46592E-022  7.08574E-037  2.97083E-039  2.94086E-038  1.00000E-040  7.78146E-023  4.06663E-021  8.90850E-016  2.97101E-014  3.48675E-038  1.00000E-040  1.28684E-019  3.30496E-034  4.39926E-011  4.13769E-012  7.88114E-001  5.19811E-022  1.33697E-025  2.07628E-024  1.00000E-040  9.41990E-038  3.34469E-027  1.57342E-024  5.51657E-009  4.77268E-018  1.38758E-010  5.24784E-018  1.07235E-008  1.56172E-011  3.14822E-006  5.91160E-013  4.75127E-017  1.14932E-017  7.40655E-012  5.97012E-015  1.03506E-015  8.51123E-032  1.93744E-033  1.00000E-040  4.03554E-031  1.00000E-040  2.16166E-023  3.25379E-017  5.63976E-013  1.60004E-021  9.60820E-021  9.26185E-036  1.00000E-040  1.00000E-040  1.00000E-040  4.67983E-027  2.18710E-036  3.45914E-035  6.66169E-024  2.17600E-019  4.23085E-026  3.58742E-032  2.48621E-028  4.20084E-020  1.18525E-016  2.30491E-015  1.97285E-021  9.44098E-023  1.00000E-040  2.43808E-013  4.67699E-035  7.90607E-024  2.18575E-031  1.13763E-022  9.97078E-030  6.46254E-017  2.90755E-023  1.11553E-013  1.00000E-040  1.88757E-014  1.00000E-040  1.00000E-040  1.35401E-022  1.00000E-040  1.31873E-024  6.16966E-012  8.94371E-036  1.00000E-003  1.00000E-005  1.00000E-005  1.00000E-005  1.00000E-005  1.00000E-005  1.00000E-005  1.00000E-005  1.00000E-005  1.00000E-005  1.00000E-005  1.00000E-005  1.00000E-005  1.00000E-005  1.00000E-005  1.00000E-005  
5.75000E+001  5.53264E-005  2.29155E+015  1.74872E+002  1.84483E+005  1.00000E-040  1.00000E-040  1.00000E-040  1.11207E-016  1.00000E-040  1.00000E-040  1.00000E-040  1.00000E-040  1.00000E-040  1.00000E-040  1.00000E-040  1.00000E-040  1.00000E-040  1.00000E-040  2.76829E-024  1.00000E-040  1.03131E-040  1.12978E-009  2.90217E-007  7.36275E-006  6.60105E-009  5.19781E-006  2.11539E-001  2.01191E-008  2.80683E-004  2.80343E-018  1.84718E-011  1.78015E-039  4.99791E-030  8.04450E-024  3.65107E-015  1.89208E-007  9.36191E-022  5.96498E-037  1.33075E-039  1.30344E-038  1.00000E-040  6.27444E-023  3.68266E-021  1.01479E-015  2.92648E-014  2.90284E-038  1.00000E-040  4.91771E-020  3.03083E-032  4.36176E-011  5.00877E-012  7.88164E-001  4.91949E-022  1.30248E-025  2.60499E-024  1.00000E-040  1.00787E-037  2.88698E-027  9.59803E-025  5.00945E-009  4.46918E-018  1.43553E-010  4.50850E-018  1.00510E-008  1.37419E-011  2.77342E-006  4.08874E-013  2.72148E-017  1.13731E-017  5.59346E-012  2.93097E-015  1.15944E-015  8.32926E-032  1.71002E-033  1.00000E-040  2.57766E-031  1.00000E-040  2.15836E-023  3.01150E-017  4.65572E-013  1.24068E-021  8.06650E-021  1.32799E-035  1.00000E-040  1.00000E-040  1.00000E-040  4.15606E-027  2.00153E-036  2.22285E-035  4.97586E-024  1.73257E-019  3.61966E-026  3.07174E-032  1.49124E-028  3.79073E-020  6.57860E-017  1.87726E-015  1.49659E-021  6.55815E-023  1.00000E-040  2.43571E-013  3.60276E-035  5.87960E-024  2.67134E-031  1.13092E-022  4.12818E-030  3.36624E-017  2.51250E-023  1.20148E-013  1.00000E-040  1.88501E-014  1.00000E-040  1.00000E-040  7.91505E-023  1.00000E-040  1.59645E-024  6.10089E-012  2.12600E-035  1.00000E-003  1.00000E-005  1.00000E-005  1.00000E-005  1.00000E-005  1.00000E-005  1.00000E-005  1.00000E-005  1.00000E-005  1.00000E-005  1.00000E-005  1.00000E-005  1.00000E-005  1.00000E-005  1.00000E-005  1.00000E-005  
5.85000E+001  4.56561E-005  1.89331E+015  1.74660E+002  1.94484E+005  1.00000E-040  1.00000E-040  1.00000E-040  1.69626E-017  1.00000E-040  1.00000E-040  1.00000E-040  1.00000E-040  1.00000E-040  1.00000E-040  1.00000E-040  1.00000E-040  1.00000E-040  1.00000E-040  2.72242E-024  1.00000E-040  1.03586E-040  1.84598E-009  3.04484E-007  7.33024E-006  6.98933E-009  6.77148E-006  2.11481E-001  2.87987E-008  2.80334E-004  2.95355E-018  1.69475E-011  1.54159E-037  2.19850E-028  7.13949E-024  2.98264E-015  1.86568E-007  1.17807E-021  4.89754E-037  1.00000E-040  1.00000E-040  1.00000E-040  5.04493E-023  3.33124E-021  1.15317E-015  2.88906E-014  2.57415E-038  1.00000E-040  1.92453E-020  1.34280E-030  4.31883E-011  5.99148E-012  7.88222E-001  4.70774E-022  1.26511E-025  3.31366E-024  1.00000E-040  2.27656E-037  5.26187E-027  5.97153E-025  4.61219E-009  4.25803E-018  1.48782E-010  3.88216E-018  9.43761E-009  1.21669E-011  2.44971E-006  2.89250E-013  1.59402E-017  1.11828E-017  4.28446E-012  1.47583E-015  1.28887E-015  8.15096E-032  1.51092E-033  1.00000E-040  1.65196E-031  1.00000E-040  2.15458E-023  2.81103E-017  3.84123E-013  9.68281E-022  6.77808E-021  1.90829E-035  1.00000E-040  1.00000E-040  1.00000E-040  3.69070E-027  1.88825E-036  1.46163E-035  3.75880E-024  1.38250E-019  3.13232E-026  5.56039E-032  9.33934E-029  3.42565E-020  3.61194E-017  1.52850E-015  1.11929E-021  4.63626E-023  1.00000E-040  2.43286E-013  5.87642E-035  4.42629E-024  3.28132E-031  1.12344E-022  1.74702E-030  1.75041E-017  2.18440E-023  1.29371E-013  1.00000E-040  1.88209E-014  1.00000E-040  1.00000E-040  4.76185E-023  1.00000E-040  1.93054E-024  6.03116E-012  5.04084E-035  1.00000E-003  1.00000E-005  1.00000E-005  1.00000E-005  1.00000E-005  1.00000E-005  1.00000E-005  1.00000E-005  1.00000E-005  1.00000E-005  1.00000E-005  1.00000E-005  1.00000E-005  1.00000E-005  1.00000E-005  1.00000E-005  
5.95000E+001  3.76684E-005  1.56451E+015  1.74387E+002  2.04485E+005  1.00000E-040  1.00000E-040  1.00000E-040  1.00000E-040  1.00000E-040  1.00000E-040  1.00000E-040  1.00000E-040  1.00000E-040  1.00000E-040  1.00000E-040  1.00000E-040  1.00000E-040  1.00000E-040  2.69754E-024  1.00000E-040  1.04109E-040  3.02050E-009  3.21188E-007  7.29167E-006  7.43299E-009  8.81490E-006  2.11414E-001  4.12898E-008  2.79930E-004  3.11119E-018  1.54289E-011  5.93303E-036  5.19200E-027  1.14615E-023  2.43373E-015  1.83924E-007  1.48518E-021  2.88662E-037  1.00000E-040  1.00000E-040  1.00000E-040  4.04997E-023  3.00870E-021  1.30435E-015  2.85562E-014  4.65692E-038  1.00000E-040  7.70420E-021  3.17617E-029  4.26957E-011  7.11353E-012  7.88288E-001  4.58922E-022  1.21869E-025  4.23225E-024  1.00000E-040  1.06404E-036  1.98559E-026  4.09005E-025  4.31601E-009  4.13609E-018  1.54586E-010  3.35049E-018  8.87535E-009  1.08617E-011  2.16727E-006  2.09733E-013  9.57265E-018  1.08481E-017  3.33757E-012  7.64637E-016  1.37482E-015  7.96877E-032  1.33948E-033  1.00000E-040  1.06300E-031  1.00000E-040  2.15024E-023  2.64178E-017  3.16874E-013  7.61166E-022  5.69770E-021  2.74810E-035  1.00000E-040  1.00000E-040  1.00000E-040  3.27621E-027  3.58817E-036  1.06225E-035  2.86940E-024  1.10588E-019  3.47573E-026  2.09667E-031  6.10548E-029  3.09867E-020  1.97239E-017  1.24417E-015  8.29800E-022  3.30466E-023  1.00000E-040  2.42952E-013  1.99762E-034  3.37056E-024  4.04170E-031  1.11510E-022  8.18452E-031  9.10914E-018  1.91331E-023  1.39186E-013  1.00000E-040  1.87875E-014  1.00000E-040  1.00000E-040  4.20669E-023  1.00000E-040  2.32123E-024  5.95848E-012  1.17899E-034  1.00000E-003  1.00000E-005  1.00000E-005  1.00000E-005  1.00000E-005  1.00000E-005  1.00000E-005  1.00000E-005  1.00000E-005  1.00000E-005  1.00000E-005  1.00000E-005  1.00000E-005  1.00000E-005  1.00000E-005  1.00000E-005  
6.05000E+001  3.10707E-005  1.29253E+015  1.74111E+002  2.14485E+005  1.00000E-040  1.00000E-040  1.00000E-040  1.00000E-040  1.00000E-040  1.00000E-040  1.00000E-040  1.00000E-040  1.00000E-040  1.00000E-040  1.00000E-040  1.00000E-040  1.00000E-040  1.00000E-040  2.68370E-024  1.00000E-040  1.04713E-040  4.95424E-009  3.40658E-007  7.24613E-006  7.94169E-009  1.14489E-005  2.11336E-001  5.89394E-008  2.79462E-004  3.26795E-018  1.39006E-011  1.35858E-034  7.30051E-026  8.29319E-023  1.98175E-015  1.81205E-007  1.87540E-021  2.76086E-037  1.00000E-040  1.00000E-040  1.00000E-040  3.26398E-023  2.72247E-021  1.46842E-015  2.82391E-014  3.25592E-037  1.00000E-040  3.15166E-021  4.46927E-028  4.21292E-011  8.42727E-012  7.88363E-001  4.60212E-022  1.17313E-025  5.43227E-024  1.00000E-040  6.01116E-036  9.05750E-026  5.84811E-025  4.11602E-009  4.11401E-018  1.61329E-010  2.90003E-018  8.35754E-009  9.80281E-012  1.91321E-006  1.56391E-013  5.90870E-018  1.04239E-017  2.64883E-012  4.08827E-016  1.41619E-015  7.77425E-032  1.19187E-033  1.00000E-040  6.84165E-032  1.00000E-040  2.14524E-023  2.49533E-017  2.61389E-013  6.03412E-022  4.79612E-021  3.96513E-035  1.00000E-040  1.00000E-040  1.00000E-040  2.89866E-027  2.37449E-035  1.61992E-035  2.21704E-024  8.89826E-020  1.38610E-025  9.68046E-031  4.16391E-029  2.81110E-020  1.07364E-017  1.01078E-015  6.13922E-022  2.35296E-023  1.00000E-040  2.42561E-013  8.23622E-034  2.60006E-024  5.04824E-031  1.10579E-022  8.05071E-031  4.74010E-018  1.68401E-023  1.49223E-013  1.00000E-040  1.87492E-014  1.00000E-040  1.00000E-040  1.30270E-022  1.00000E-040  2.80005E-024  5.88091E-012  2.71127E-034  1.00000E-003  1.00000E-005  1.00000E-005  1.00000E-005  1.00000E-005  1.00000E-005  1.00000E-005  1.00000E-005  1.00000E-005  1.00000E-005  1.00000E-005  1.00000E-005  1.00000E-005  1.00000E-005  1.00000E-005  1.00000E-005  
6.15000E+001  2.56221E-005  1.06765E+015  1.73822E+002  2.24486E+005  1.00000E-040  1.00000E-040  1.00000E-040  1.00000E-040  1.00000E-040  1.00000E-040  1.00000E-040  1.00000E-040  1.00000E-040  1.00000E-040  1.00000E-040  1.00000E-040  1.00000E-040  1.00000E-040  2.67521E-024  1.00000E-040  1.05412E-040  8.13549E-009  3.63277E-007  7.19249E-006  8.53755E-009  1.47757E-005  2.11247E-001  8.34597E-008  2.78920E-004  3.40666E-018  1.23521E-011  2.03382E-033  6.70543E-025  7.20171E-022  1.61021E-015  1.78336E-007  2.36913E-021  4.41950E-037  8.10229E-039  7.59580E-038  1.00000E-040  2.66590E-023  2.48083E-021  1.64229E-015  2.79270E-014  2.59561E-036  1.00000E-040  1.31620E-021  4.11480E-027  4.14764E-011  1.00119E-011  7.88450E-001  4.79751E-022  1.12695E-025  6.99359E-024  1.00000E-040  3.32913E-035  4.04960E-025  2.53656E-024  4.01180E-009  4.21365E-018  1.69604E-010  2.52064E-018  7.87838E-009  9.02137E-012  1.67758E-006  1.20508E-013  3.76727E-018  9.90413E-018  2.14705E-012  2.27028E-016  1.42635E-015  7.56175E-032  1.06696E-033  1.00000E-040  4.39157E-032  1.00000E-040  2.13948E-023  2.36496E-017  2.15632E-013  4.84328E-022  4.05382E-021  5.73086E-035  1.00000E-040  1.00000E-040  1.00000E-040  2.54605E-027  1.66801E-034  7.53625E-035  1.74001E-024  7.23928E-020  1.09213E-024  4.41356E-030  2.96083E-029  2.57043E-020  5.87361E-018  8.19061E-016  4.57302E-022  1.65734E-023  1.00000E-040  2.42107E-013  3.34732E-033  2.03868E-024  6.48525E-031  1.09545E-022  2.43073E-030  2.47682E-018  1.49151E-023  1.58748E-013  1.00000E-040  1.87052E-014  1.00000E-040  1.00000E-040  6.59566E-022  1.00000E-040  3.39299E-024  5.79651E-012  6.11900E-034  1.00000E-003  1.00000E-005  1.00000E-005  1.00000E-005  1.00000E-005  1.00000E-005  1.00000E-005  1.00000E-005  1.00000E-005  1.00000E-005  1.00000E-005  1.00000E-005  1.00000E-005  1.00000E-005  1.00000E-005  1.00000E-005  
6.25000E+001  2.11234E-005  8.81765E+014  1.73511E+002  2.34487E+005  1.00000E-040  1.00000E-040  1.00000E-040  1.00000E-040  1.00000E-040  1.00000E-040  1.00000E-040  1.00000E-040  1.00000E-040  1.00000E-040  1.00000E-040  1.00000E-040  1.00000E-040  1.00000E-040  2.66912E-024  1.00000E-040  1.06222E-040  1.33778E-008  3.89471E-007  7.12925E-006  9.29360E-009  1.87671E-005  2.11143E-001  1.17010E-007  2.78289E-004  3.48944E-018  1.07418E-011  2.18873E-032  4.42353E-024  4.73040E-021  1.30570E-015  1.75240E-007  2.98552E-021  3.22423E-037  1.00000E-040  1.00000E-040  1.00000E-040  2.25967E-023  2.30682E-021  1.81342E-015  2.76213E-014  1.64130E-035  1.00000E-040  5.60679E-022  2.75821E-026  4.07226E-011  1.19572E-011  7.88551E-001  5.27630E-022  1.07907E-025  9.05503E-024  1.00000E-040  1.73904E-034  1.70695E-024  1.22293E-023  4.00789E-009  4.50042E-018  1.81382E-010  2.21428E-018  7.43281E-009  8.67732E-012  1.44638E-006  9.69412E-014  2.50639E-018  9.34593E-018  1.78149E-012  1.33102E-016  1.41392E-015  7.33480E-032  9.68749E-034  1.00000E-040  2.80222E-032  1.00000E-040  2.13285E-023  2.24528E-017  1.77927E-013  3.98879E-022  3.47572E-021  8.29221E-035  1.00000E-040  1.00000E-040  1.00000E-040  2.19931E-027  8.86155E-034  3.94486E-034  1.40649E-024  6.05573E-020  7.46936E-024  1.89079E-029  2.19966E-029  2.40025E-020  3.27728E-018  6.61402E-016  3.47123E-022  1.14227E-023  1.00000E-040  2.41582E-013  1.29909E-032  1.64667E-024  8.84745E-031  1.08398E-022  8.39053E-030  1.31251E-018  1.33829E-023  1.65928E-013  1.00000E-040  1.86545E-014  1.00000E-040  1.00000E-040  3.04592E-021  1.00000E-040  4.16454E-024  5.70323E-012  1.35164E-033  1.00000E-003  1.00000E-005  1.00000E-005  1.00000E-005  1.00000E-005  1.00000E-005  1.00000E-005  1.00000E-005  1.00000E-005  1.00000E-005  1.00000E-005  1.00000E-005  1.00000E-005  1.00000E-005  1.00000E-005  1.00000E-005  
6.35000E+001  1.74095E-005  7.28053E+014  1.73197E+002  2.44487E+005  1.00000E-040  1.00000E-040  1.00000E-040  1.00000E-040  1.00000E-040  1.00000E-040  1.00000E-040  1.00000E-040  1.00000E-040  1.00000E-040  1.00000E-040  1.00000E-040  1.00000E-040  1.00000E-040  2.66432E-024  1.00000E-040  1.07163E-040  2.22762E-008  4.19710E-007  7.05427E-006  1.04701E-008  2.30438E-005  2.11024E-001  1.62346E-007  2.77553E-004  3.45428E-018  8.99980E-012  1.94787E-031  2.38307E-023  2.54971E-020  1.05756E-015  1.71835E-007  3.72218E-021  3.19243E-037  1.00000E-040  1.00000E-040  1.00000E-040  2.09183E-023  2.24869E-021  1.93841E-015  2.73570E-014  8.89250E-035  1.00000E-040  2.43475E-022  1.57809E-025  3.98510E-011  1.42532E-011  7.88667E-001  6.27104E-022  1.03258E-025  1.19898E-023  1.00000E-040  8.64523E-034  6.84131E-024  5.24455E-023  4.11437E-009  5.17246E-018  2.03097E-010  2.00817E-018  7.01627E-009  9.20812E-012  1.20261E-006  8.33238E-014  1.77962E-018  8.91978E-018  1.51490E-012  8.58153E-017  1.38415E-015  7.11490E-032  9.13546E-034  1.00000E-040  1.78062E-032  1.00000E-040  2.12519E-023  2.13194E-017  1.46914E-013  3.49016E-022  3.10658E-021  1.19951E-034  1.00000E-040  1.00000E-040  1.00000E-040  1.83455E-027  3.75222E-033  1.90120E-033  1.21623E-024  5.45977E-020  4.78547E-023  7.66868E-029  1.73170E-029  2.35029E-020  1.91048E-018  5.31142E-016  2.71679E-022  7.59562E-024  1.00000E-040  2.40973E-013  4.95738E-032  1.42174E-024  1.37400E-030  1.07131E-022  2.75574E-029  7.18253E-019  1.24427E-023  1.67187E-013  1.00000E-040  1.85960E-014  1.00000E-040  1.00000E-040  1.35172E-020  1.00000E-040  5.33968E-024  5.59893E-012  2.90829E-033  1.00000E-003  1.00000E-005  1.00000E-005  1.00000E-005  1.00000E-005  1.00000E-005  1.00000E-005  1.00000E-005  1.00000E-005  1.00000E-005  1.00000E-005  1.00000E-005  1.00000E-005  1.00000E-005  1.00000E-005  1.00000E-005  
6.45000E+001  1.43448E-005  6.00851E+014  1.72919E+002  2.54488E+005  1.00000E-040  1.00000E-040  1.00000E-040  1.00000E-040  1.00000E-040  1.00000E-040  1.00000E-040  1.00000E-040  1.00000E-040  1.00000E-040  1.00000E-040  1.00000E-040  1.00000E-040  1.00000E-040  2.66065E-024  1.00000E-040  1.08259E-040  3.86998E-008  4.54455E-007  6.96385E-006  1.27115E-008  2.68589E-005  2.10886E-001  2.23186E-007  2.76695E-004  3.26745E-018  7.15197E-012  1.72780E-030  1.22520E-022  1.31335E-019  8.58247E-016  1.68025E-007  4.52257E-021  3.49946E-037  1.00000E-040  1.00000E-040  1.00000E-040  2.24680E-023  2.36780E-021  1.93509E-015  2.72098E-014  4.74900E-034  1.00000E-040  1.07727E-022  9.10832E-025  3.88417E-011  1.66313E-011  7.88802E-001  8.28791E-022  9.93042E-026  1.67466E-023  1.00000E-040  4.09010E-033  2.60565E-023  2.27186E-022  4.34663E-009  6.72091E-018  2.49718E-010  1.95026E-018  6.62448E-009  1.14508E-011  9.43584E-007  7.97163E-014  1.40233E-018  8.83728E-018  1.32010E-012  6.51943E-017  1.33992E-015  6.94712E-032  9.33115E-034  1.00000E-040  1.14353E-032  1.00000E-040  2.11634E-023  2.02174E-017  1.21578E-013  3.41549E-022  3.01172E-021  1.72988E-034  1.00000E-040  1.00000E-040  1.00000E-040  1.44905E-027  1.39469E-032  9.97774E-033  1.19159E-024  5.82024E-020  3.28745E-022  2.99758E-028  1.47808E-029  2.48444E-020  1.19650E-018  4.22262E-016  2.19756E-022  4.77608E-024  1.00000E-040  2.40268E-013  1.93099E-031  1.38772E-024  2.67424E-030  1.05738E-022  1.03576E-028  4.14122E-019  1.25023E-023  1.58979E-013  1.00000E-040  1.85285E-014  1.00000E-040  1.00000E-040  6.05751E-020  1.00000E-040  7.53554E-024  5.48129E-012  6.04145E-033  1.00000E-003  1.00000E-005  1.00000E-005  1.00000E-005  1.00000E-005  1.00000E-005  1.00000E-005  1.00000E-005  1.00000E-005  1.00000E-005  1.00000E-005  1.00000E-005  1.00000E-005  1.00000E-005  1.00000E-005  1.00000E-005  
6.55000E+001  1.18173E-005  4.95454E+014  1.72755E+002  2.64488E+005  1.00000E-040  1.00000E-040  1.00000E-040  1.00000E-040  1.00000E-040  1.00000E-040  1.00000E-040  1.00000E-040  1.00000E-040  1.00000E-040  1.00000E-040  1.00000E-040  1.00000E-040  1.00000E-040  2.65887E-024  1.00000E-040  1.09539E-040  7.24760E-008  4.93996E-007  6.85091E-006  1.70265E-008  3.00435E-005  2.10727E-001  3.05120E-007  2.75691E-004  3.06304E-018  5.53204E-012  1.67517E-029  6.36672E-022  6.82750E-019  7.06103E-016  1.63700E-007  5.31752E-021  4.12480E-037  1.00000E-040  1.00000E-040  1.00000E-040  2.75301E-023  2.66298E-021  1.76629E-015  2.72114E-014  2.57795E-033  1.00000E-040  4.85279E-023  5.28777E-024  3.76710E-011  1.87905E-011  7.88959E-001  1.22809E-021  9.70814E-026  2.52794E-023  1.00000E-040  1.75383E-032  8.97244E-023  1.02809E-021  4.72369E-009  1.00822E-017  3.44301E-010  2.06177E-018  6.25322E-009  1.63479E-011  7.01058E-007  8.76763E-014  1.26211E-018  9.17656E-018  1.17802E-012  6.02346E-017  1.28248E-015  6.89993E-032  1.05970E-033  1.00000E-040  7.57343E-033  1.00000E-040  2.10611E-023  1.91296E-017  1.01326E-013  3.76853E-022  3.17758E-021  2.47674E-034  1.00000E-040  1.00000E-040  1.00000E-040  1.09146E-027  4.63845E-032  6.04238E-032  1.34107E-024  8.31005E-020  2.17693E-021  1.10633E-027  1.34867E-029  2.79940E-020  8.10979E-019  3.29217E-016  1.82022E-022  2.76115E-024  1.00000E-040  2.39452E-013  7.43992E-031  1.55266E-024  6.55630E-030  1.04214E-022  4.65385E-028  2.51115E-019  1.38791E-023  1.43282E-013  1.00000E-040  1.84504E-014  1.00000E-040  1.00000E-040  2.49557E-019  1.00000E-040  1.20685E-023  5.34788E-012  1.19151E-032  1.00000E-003  1.00000E-005  1.00000E-005  1.00000E-005  1.00000E-005  1.00000E-005  1.00000E-005  1.00000E-005  1.00000E-005  1.00000E-005  1.00000E-005  1.00000E-005  1.00000E-005  1.00000E-005  1.00000E-005  1.00000E-005  
6.65000E+001  9.73397E-006  4.08499E+014  1.72590E+002  2.74489E+005  1.00000E-040  1.00000E-040  1.00000E-040  1.00000E-040  1.00000E-040  1.00000E-040  1.00000E-040  1.00000E-040  1.00000E-040  1.00000E-040  1.00000E-040  1.00000E-040  1.00000E-040  1.00000E-040  2.65723E-024  1.00000E-040  1.11034E-040  1.47212E-007  5.37888E-007  6.70171E-006  2.37246E-008  3.54383E-005  2.10541E-001  4.17208E-007  2.74511E-004  3.35359E-018  4.92100E-012  1.63472E-028  3.06998E-021  3.27866E-018  6.11262E-016  1.58743E-007  6.17900E-021  4.27803E-037  1.00000E-040  1.00000E-040  1.00000E-040  3.16645E-023  2.80696E-021  1.55084E-015  2.72378E-014  1.21713E-032  1.00000E-040  2.22232E-023  2.71447E-023  3.63127E-011  2.16869E-011  7.89141E-001  1.96699E-021  9.50785E-026  4.04740E-023  1.00000E-040  6.23585E-032  2.55315E-022  4.04989E-021  5.26581E-009  1.59536E-017  4.87848E-010  2.22522E-018  5.89858E-009  2.28291E-011  5.37917E-007  1.01051E-013  1.18201E-018  9.70870E-018  1.07682E-012  5.88449E-017  1.21219E-015  7.06349E-032  1.25754E-033  1.00000E-040  5.27457E-033  1.00000E-040  2.09426E-023  1.80562E-017  8.59312E-014  4.09304E-022  3.30362E-021  3.50352E-034  2.90320E-040  1.00000E-040  1.00000E-040  8.58787E-028  1.29963E-031  3.31573E-031  1.48566E-024  1.58971E-019  1.19736E-020  3.54316E-027  1.15283E-029  2.95647E-020  5.63250E-019  2.48880E-016  1.53551E-022  1.41771E-024  1.00000E-040  2.38506E-013  2.46292E-030  1.71566E-024  1.56334E-029  1.02534E-022  1.79365E-027  1.51594E-019  1.60342E-023  1.33383E-013  1.00000E-040  1.83601E-014  1.00000E-040  1.00000E-040  8.54881E-019  1.00000E-040  1.97939E-023  5.19623E-012  2.17085E-032  1.00000E-003  1.00000E-005  1.00000E-005  1.00000E-005  1.00000E-005  1.00000E-005  1.00000E-005  1.00000E-005  1.00000E-005  1.00000E-005  1.00000E-005  1.00000E-005  1.00000E-005  1.00000E-005  1.00000E-005  1.00000E-005  
6.75000E+001  8.01703E-006  3.36771E+014  1.72423E+002  2.84489E+005  1.00000E-040  1.00000E-040  1.00000E-040  1.00000E-040  1.00000E-040  1.00000E-040  1.00000E-040  1.00000E-040  1.00000E-040  1.00000E-040  1.00000E-040  1.00000E-040  1.00000E-040  1.00000E-040  2.65566E-024  1.00000E-040  1.12785E-040  3.09751E-007  5.83692E-007  6.49378E-006  2.83778E-008  5.38092E-005  2.10318E-001  5.73505E-007  2.73117E-004  5.36145E-018  6.36881E-012  1.41048E-027  1.26330E-020  1.31405E-017  5.68768E-016  1.53032E-007  7.52875E-021  1.97371E-037  1.00000E-040  1.00000E-040  1.00000E-040  2.38787E-023  2.12921E-021  1.56611E-015  2.70065E-014  3.92213E-032  1.00000E-040  1.03229E-023  1.14589E-022  3.47387E-011  3.27761E-011  7.89347E-001  3.32819E-021  9.28970E-026  6.53581E-023  1.00000E-040  1.68010E-031  5.46470E-022  1.05394E-020  5.99479E-009  2.07449E-017  5.56481E-010  2.07795E-018  5.55707E-009  2.34512E-011  5.13844E-007  8.72579E-014  8.30925E-019  1.01424E-017  1.00477E-012  4.28118E-017  1.12897E-015  7.50149E-032  1.24971E-033  1.00000E-040  3.80961E-033  1.00000E-040  2.08054E-023  1.70063E-017  7.48280E-014  3.17418E-022  2.72686E-021  4.85968E-034  1.79794E-039  1.00000E-040  1.00000E-040  8.53923E-028  3.08984E-031  1.03470E-030  1.09946E-024  2.96302E-019  5.23621E-020  8.55170E-027  7.10332E-030  2.24904E-020  3.33505E-019  1.81132E-016  1.41654E-022  6.27082E-025  1.00000E-040  2.37409E-013  5.26267E-030  1.28780E-024  2.16066E-029  1.00468E-022  3.04507E-027  7.64279E-020  1.57027E-023  1.54721E-013  1.00000E-040  1.82554E-014  1.00000E-040  1.00000E-040  2.35777E-018  1.00000E-040  2.59887E-023  5.02380E-012  3.54132E-032  1.00000E-003  1.00000E-005  1.00000E-005  1.00000E-005  1.00000E-005  1.00000E-005  1.00000E-005  1.00000E-005  1.00000E-005  1.00000E-005  1.00000E-005  1.00000E-005  1.00000E-005  1.00000E-005  1.00000E-005  1.00000E-005  
6.85000E+001  6.60342E-006  2.77121E+014  1.72590E+002  2.94489E+005  1.00000E-040  1.00000E-040  1.00000E-040  1.00000E-040  1.00000E-040  1.00000E-040  1.00000E-040  1.00000E-040  1.00000E-040  1.00000E-040  1.00000E-040  1.00000E-040  1.00000E-040  1.00000E-040  2.65872E-024  1.00000E-040  1.14836E-040  5.96759E-007  6.26703E-007  6.21289E-006  2.51474E-008  1.12298E-004  2.10036E-001  7.89354E-007  2.71465E-004  1.18240E-017  1.02063E-011  9.38480E-027  4.33719E-020  4.10114E-017  5.40850E-016  1.46450E-007  1.01719E-020  1.00000E-040  1.00000E-040  1.00000E-040  1.00000E-040  1.00420E-023  1.03124E-021  2.08392E-015  2.62402E-014  7.88323E-032  1.00000E-040  4.84569E-024  3.96641E-022  3.29217E-011  1.04536E-010  7.89571E-001  7.54955E-021  9.41191E-026  9.96139E-023  1.00000E-040  3.33410E-031  8.47255E-022  1.65625E-020  6.92929E-009  1.82170E-017  4.22405E-010  1.49780E-018  5.22535E-009  1.46699E-011  6.54001E-007  5.05013E-014  3.96948E-019  1.10761E-017  9.44028E-013  2.01084E-017  1.03282E-015  8.07306E-032  8.78701E-034  1.00000E-040  2.66052E-033  1.00000E-040  2.06462E-023  1.59640E-017  6.63993E-014  1.43653E-022  1.44663E-021  6.48081E-034  3.92594E-039  1.00000E-040  1.00000E-040  1.13519E-027  6.88551E-031  1.47168E-030  4.46805E-025  4.22534E-019  1.84996E-019  1.43575E-026  2.89767E-030  1.08750E-020  1.50940E-019  1.29187E-016  2.06439E-022  2.39043E-025  1.00000E-040  2.36134E-013  5.89843E-030  5.46260E-025  1.36338E-029  9.74668E-023  1.66767E-027  2.85599E-020  1.09283E-023  2.40100E-013  1.00000E-040  1.81340E-014  1.00000E-040  1.00000E-040  5.30981E-018  1.00000E-040  2.35243E-023  4.82744E-012  5.10850E-032  1.00000E-003  1.00000E-005  1.00000E-005  1.00000E-005  1.00000E-005  1.00000E-005  1.00000E-005  1.00000E-005  1.00000E-005  1.00000E-005  1.00000E-005  1.00000E-005  1.00000E-005  1.00000E-005  1.00000E-005  1.00000E-005  
6.95000E+001  5.44079E-006  2.28096E+014  1.72767E+002  3.04490E+005  1.00000E-040  1.00000E-040  1.00000E-040  1.00000E-040  1.00000E-040  1.00000E-040  1.00000E-040  1.00000E-040  1.00000E-040  1.00000E-040  1.00000E-040  1.00000E-040  1.00000E-040  1.00000E-040  2.66191E-024  1.00000E-040  1.17240E-040  9.84453E-007  6.64796E-007  5.87091E-006  1.91825E-008  2.58881E-004  2.09660E-001  1.07242E-006  2.69511E-004  2.84592E-017  1.41312E-011  4.49618E-026  1.25089E-019  9.67285E-017  5.21912E-016  1.38910E-007  1.48193E-020  1.21923E-035  4.66979E-036  2.95725E-035  1.00000E-040  3.04000E-024  3.93178E-022  3.10955E-015  2.49277E-014  1.16908E-031  1.00000E-040  2.28841E-024  1.14179E-021  3.08458E-011  6.44439E-010  7.89802E-001  2.63538E-020  9.51517E-026  1.34836E-022  4.17518E-036  5.40268E-031  1.04593E-021  1.96272E-020  7.98256E-009  1.23632E-017  2.48609E-010  9.28343E-019  4.90069E-009  6.73490E-012  9.29835E-007  3.10499E-014  2.03370E-019  1.38654E-017  8.75635E-013  8.03459E-018  9.24551E-016  8.45658E-032  5.18317E-034  1.00000E-040  1.77795E-033  1.00000E-040  2.04615E-023  1.48814E-017  5.92763E-014  5.04622E-023  5.57025E-022  8.06120E-034  4.84486E-039  1.00000E-040  1.00000E-040  1.64454E-027  1.44572E-030  1.45877E-030  1.45718E-025  5.05516E-019  5.40959E-019  1.88373E-026  1.18046E-030  4.13873E-021  6.45558E-020  9.31693E-017  5.34859E-022  8.15117E-026  1.00000E-040  2.34650E-013  4.52820E-030  1.85037E-025  6.31162E-030  9.37146E-023  5.37023E-028  9.82835E-021  6.27333E-024  4.16511E-013  1.00000E-040  1.79929E-014  1.00000E-040  1.00000E-040  1.00460E-017  1.00000E-040  1.64013E-023  4.60390E-012  6.68821E-032  1.00000E-003  1.00000E-005  1.00000E-005  1.00000E-005  1.00000E-005  1.00000E-005  1.00000E-005  1.00000E-005  1.00000E-005  1.00000E-005  1.00000E-005  1.00000E-005  1.00000E-005  1.00000E-005  1.00000E-005  1.00000E-005  
7.05000E+001  4.48450E-006  1.87811E+014  1.72946E+002  3.14490E+005  1.00000E-040  1.00000E-040  1.00000E-040  1.00000E-040  1.00000E-040  1.00000E-040  1.00000E-040  1.00000E-040  1.00000E-040  1.00000E-040  1.00000E-040  1.00000E-040  1.00000E-040  1.00000E-040  2.66510E-024  1.00000E-040  1.20056E-040  1.44064E-006  6.99707E-007  5.48175E-006  1.45168E-008  5.60098E-004  2.09145E-001  1.42570E-006  2.67212E-004  6.29228E-017  1.57034E-011  1.64173E-025  3.08953E-019  1.74223E-016  5.15726E-016  1.30391E-007  2.20811E-020  1.08250E-037  7.68333E-038  3.71967E-037  1.00000E-040  8.24365E-025  1.46222E-022  4.49756E-015  2.32093E-014  1.44346E-031  1.00000E-040  1.08582E-024  2.79861E-021  2.85195E-011  4.20195E-009  7.90017E-001  9.50485E-020  9.62511E-026  1.65429E-022  1.42011E-036  8.17862E-031  1.16461E-021  2.09921E-020  8.64161E-009  7.45521E-018  1.38200E-010  5.62008E-019  4.58134E-009  2.71362E-012  1.27146E-006  2.29600E-014  1.25038E-019  1.89966E-017  7.83459E-013  3.15940E-018  8.06339E-016  8.48494E-032  3.06809E-034  1.00000E-040  1.13360E-033  1.00000E-040  2.02474E-023  1.37229E-017  5.28101E-014  1.95458E-023  2.16602E-022  9.15669E-034  4.89145E-039  1.00000E-040  1.00000E-040  2.21593E-027  2.66012E-030  1.53564E-030  5.38083E-026  5.65119E-019  1.34563E-018  2.22546E-026  1.03701E-030  1.53566E-021  3.07519E-020  6.81017E-017  1.59879E-021  2.59919E-026  1.00000E-040  2.32921E-013  3.11073E-030  6.91132E-026  3.14204E-030  8.96970E-023  1.64968E-028  3.68638E-021  3.39071E-024  6.95573E-013  1.00000E-040  1.78290E-014  2.08477E-038  1.00000E-040  1.64146E-017  1.00000E-040  1.07138E-023  4.35139E-012  8.25878E-032  1.00000E-003  1.00000E-005  1.00000E-005  1.00000E-005  1.00000E-005  1.00000E-005  1.00000E-005  1.00000E-005  1.00000E-005  1.00000E-005  1.00000E-005  1.00000E-005  1.00000E-005  1.00000E-005  1.00000E-005  1.00000E-005  
7.15000E+001  3.69846E-006  1.54455E+014  1.73434E+002  3.24490E+005  1.00000E-040  1.00000E-040  1.00000E-040  1.00000E-040  1.00000E-040  1.00000E-040  1.00000E-040  1.00000E-040  1.00000E-040  1.00000E-040  1.00000E-040  1.00000E-040  1.00000E-040  1.00000E-040  2.67243E-024  1.00000E-040  1.23356E-040  1.94367E-006  7.33558E-007  5.05531E-006  1.11085E-008  1.09619E-003  2.08436E-001  1.85230E-006  2.64521E-004  1.21722E-016  1.52246E-011  5.28601E-025  6.67247E-019  2.53488E-016  5.19024E-016  1.20956E-007  3.28594E-020  1.00000E-040  1.00000E-040  1.00000E-040  1.00000E-040  2.20457E-025  5.77037E-023  6.14635E-015  2.11805E-014  1.57773E-031  1.00000E-040  5.20533E-025  5.98904E-021  2.59848E-011  2.28397E-008  7.90192E-001  2.92806E-019  1.01442E-025  1.92713E-022  6.47805E-037  1.22375E-030  1.23149E-021  2.13658E-020  8.06206E-009  3.94398E-018  7.80417E-011  3.55078E-019  4.26613E-009  1.03530E-012  1.59692E-006  1.65126E-014  7.41905E-020  2.58649E-017  6.73824E-013  1.21889E-018  6.82198E-016  8.18801E-032  1.91749E-034  1.00000E-040  6.71555E-034  1.00000E-040  1.99999E-023  1.24803E-017  4.67108E-014  9.84008E-024  1.02163E-022  9.41575E-034  1.00000E-040  1.00000E-040  1.00000E-040  2.66736E-027  4.27584E-030  1.87591E-030  2.53687E-026  6.12169E-019  2.92083E-018  2.50629E-026  2.11800E-030  6.01353E-022  1.68138E-020  5.00149E-017  4.50288E-021  8.04315E-027  1.00000E-040  2.30907E-013  2.01072E-030  3.26690E-026  1.81232E-030  8.56687E-023  5.33900E-029  1.54253E-021  1.72495E-024  1.07147E-012  1.00000E-040  1.76385E-014  3.50937E-038  1.00000E-040  2.36876E-017  1.00000E-040  7.32519E-024  4.07028E-012  9.82645E-032  1.00000E-003  1.00000E-005  1.00000E-005  1.00000E-005  1.00000E-005  1.00000E-005  1.00000E-005  1.00000E-005  1.00000E-005  1.00000E-005  1.00000E-005  1.00000E-005  1.00000E-005  1.00000E-005  1.00000E-005  1.00000E-005  
7.25000E+001  3.05297E-006  1.27034E+014  1.74068E+002  3.34491E+005  1.00000E-040  1.00000E-040  1.00000E-040  1.00000E-040  1.00000E-040  1.00000E-040  1.00000E-040  1.00000E-040  1.00000E-040  1.00000E-040  1.00000E-040  1.00000E-040  1.00000E-040  1.00000E-040  2.68161E-024  1.00000E-040  1.27221E-040  2.47445E-006  7.67469E-007  4.60190E-006  8.56630E-009  1.94924E-003  2.07475E-001  2.35521E-006  2.61387E-004  2.07387E-016  1.40703E-011  4.41282E-024  1.28070E-018  3.20373E-016  5.26872E-016  1.10769E-007  4.79661E-020  1.76941E-038  3.17131E-038  9.69483E-038  1.00000E-040  6.07940E-026  2.44674E-023  7.90699E-015  1.89843E-014  1.61372E-031  1.00000E-040  2.57593E-025  1.13777E-020  2.33233E-011  9.76792E-008  7.90302E-001  7.37653E-019  1.08851E-025  2.15390E-022  1.00000E-040  1.83248E-030  1.26209E-021  2.09627E-020  6.55778E-009  1.88947E-018  4.56900E-011  2.47518E-019  3.95472E-009  3.86271E-013  1.85309E-006  1.07840E-014  3.98189E-020  3.31221E-017  5.71689E-013  4.52890E-019  5.57909E-016  7.68459E-032  1.29248E-034  1.00000E-040  3.71229E-034  1.00000E-040  1.97144E-023  1.11697E-017  4.08852E-014  6.50847E-024  6.10264E-023  8.82268E-034  7.30184E-037  1.00000E-040  1.00000E-040  2.89975E-027  6.20161E-030  2.45791E-030  1.54022E-026  6.47650E-019  5.62783E-018  2.72734E-026  5.07927E-030  2.52383E-022  1.04256E-020  3.69094E-017  1.10966E-020  2.48671E-027  1.00000E-040  2.28566E-013  1.25822E-030  1.98589E-026  1.17888E-030  8.17476E-023  1.84013E-029  7.13238E-022  8.29611E-025  1.52961E-012  1.00000E-040  1.74179E-014  4.07802E-039  1.00000E-040  3.06917E-017  1.00000E-040  5.23038E-024  3.76382E-012  1.13287E-031  1.00000E-003  1.00000E-005  1.00000E-005  1.00000E-005  1.00000E-005  1.00000E-005  1.00000E-005  1.00000E-005  1.00000E-005  1.00000E-005  1.00000E-005  1.00000E-005  1.00000E-005  1.00000E-005  1.00000E-005  1.00000E-005  
7.35000E+001  2.52282E-006  1.04589E+014  1.74710E+002  3.44491E+005  1.00000E-040  1.00000E-040  1.00000E-040  1.00000E-040  1.00000E-040  1.00000E-040  1.00000E-040  1.00000E-040  1.00000E-040  1.00000E-040  1.00000E-040  1.00000E-040  1.00000E-040  1.00000E-040  2.69072E-024  1.00000E-040  1.31747E-040  3.01360E-006  8.01568E-007  4.13421E-006  6.61668E-009  3.19162E-003  2.06214E-001  2.93644E-006  2.57764E-004  3.15835E-016  1.29506E-011  1.23977E-022  2.21790E-018  3.70740E-016  5.34483E-016  1.00100E-007  6.81509E-020  4.91230E-037  1.19077E-036  3.08036E-036  1.00000E-040  1.76876E-026  1.10805E-023  9.63073E-015  1.67638E-014  1.64668E-031  1.00000E-040  1.37943E-025  1.95038E-020  2.06509E-011  3.26656E-007  7.90324E-001  1.51114E-018  1.16641E-025  2.31992E-022  1.00000E-040  2.72559E-030  1.26251E-021  1.98861E-020  5.12316E-009  9.04161E-019  2.77738E-011  2.00138E-019  3.64793E-009  1.43020E-013  2.01467E-006  6.86010E-015  2.08030E-020  3.91765E-017  4.89728E-013  1.63731E-019  4.40090E-016  7.08890E-032  9.60078E-035  1.00000E-040  1.93883E-034  1.00000E-040  1.93866E-023  9.82624E-018  3.53563E-014  5.16629E-024  4.37321E-023  7.63232E-034  2.99081E-037  1.00000E-040  1.00000E-040  2.90660E-027  8.37663E-030  3.22031E-030  1.12588E-026  6.70774E-019  9.77470E-018  2.87641E-026  1.09298E-029  1.13114E-022  7.16102E-021  2.73754E-017  2.32036E-020  7.86440E-028  1.00000E-040  2.25856E-013  7.70270E-031  1.45338E-026  8.31220E-031  7.79873E-023  6.67462E-030  3.57549E-022  3.81122E-025  2.05063E-012  1.00000E-040  1.71634E-014  1.00000E-040  1.00000E-040  3.62253E-017  5.61223E-040  3.83469E-024  3.43842E-012  1.26181E-031  1.00000E-003  1.00000E-005  1.00000E-005  1.00000E-005  1.00000E-005  1.00000E-005  1.00000E-005  1.00000E-005  1.00000E-005  1.00000E-005  1.00000E-005  1.00000E-005  1.00000E-005  1.00000E-005  1.00000E-005  1.00000E-005  
7.45000E+001  2.08730E-006  8.61189E+013  1.75551E+002  3.54491E+005  1.00000E-040  1.00000E-040  1.00000E-040  1.00000E-040  1.00000E-040  1.00000E-040  1.00000E-040  1.00000E-040  1.00000E-040  1.00000E-040  1.00000E-040  1.00000E-040  1.00000E-040  1.00000E-040  2.70238E-024  1.00000E-040  1.37043E-040  3.54235E-006  8.35351E-007  3.66639E-006  5.06432E-009  4.87987E-003  2.04611E-001  3.59712E-006  2.53608E-004  4.36585E-016  1.18893E-011  2.54029E-021  3.51823E-018  4.05195E-016  5.38601E-016  8.92833E-008  9.46182E-020  1.00000E-040  1.00000E-040  1.00000E-040  1.00000E-040  5.42243E-027  5.31560E-024  1.12449E-014  1.45866E-014  2.37228E-031  1.00000E-040  8.49731E-026  3.07642E-020  1.80969E-011  8.82305E-007  7.90240E-001  2.58426E-018  1.27856E-025  2.45317E-022  1.83159E-037  3.94335E-030  1.22402E-021  1.82223E-020  3.97055E-009  4.43696E-019  1.74121E-011  1.91641E-019  3.34730E-009  5.28670E-014  2.06355E-006  4.34781E-015  1.08003E-020  4.27404E-017  4.26205E-013  5.80552E-020  3.34636E-016  6.47615E-032  8.02473E-035  1.00000E-040  9.53619E-035  1.00000E-040  1.90126E-023  8.49501E-018  3.01980E-014  4.51610E-024  3.51311E-023  6.11509E-034  1.00000E-040  1.00000E-040  1.00000E-040  2.72193E-027  1.08167E-029  4.09003E-030  9.30300E-027  6.82606E-019  1.55532E-017  2.94011E-026  2.10657E-029  5.35305E-023  5.31787E-021  2.03025E-017  4.17940E-020  2.59209E-028  1.00000E-040  2.22737E-013  4.47599E-031  1.20218E-026  6.26942E-031  7.44012E-023  2.46915E-030  1.89612E-022  1.66752E-025  2.60271E-012  1.00000E-040  1.68718E-014  1.00000E-040  1.00000E-040  3.94824E-017  2.05686E-035  2.93624E-024  3.10271E-012  1.35078E-031  1.00000E-003  1.00000E-005  1.00000E-005  1.00000E-005  1.00000E-005  1.00000E-005  1.00000E-005  1.00000E-005  1.00000E-005  1.00000E-005  1.00000E-005  1.00000E-005  1.00000E-005  1.00000E-005  1.00000E-005  1.00000E-005  
7.55000E+001  1.72956E-006  7.09299E+013  1.76613E+002  3.64489E+005  1.00000E-040  1.00000E-040  1.00000E-040  1.00000E-040  1.00000E-040  1.00000E-040  1.00000E-040  1.00000E-040  1.00000E-040  1.00000E-040  1.00000E-040  1.00000E-040  1.00000E-040  1.00000E-040  2.71697E-024  1.00000E-040  1.43239E-040  4.04436E-006  8.68048E-007  3.21233E-006  3.82807E-009  7.05111E-003  2.02642E-001  4.33721E-006  2.48881E-004  5.55433E-016  1.08428E-011  3.22326E-020  5.17526E-018  4.25583E-016  5.37104E-016  7.86676E-008  1.28629E-019  1.00000E-040  1.00000E-040  1.00000E-040  1.00000E-040  1.73606E-027  2.67510E-024  1.26850E-014  1.25140E-014  9.43348E-031  1.00000E-040  6.20408E-026  4.54038E-020  1.57798E-011  1.99942E-006  7.90042E-001  3.81165E-018  1.43613E-025  2.56331E-022  7.38563E-036  5.47974E-030  1.14921E-021  1.61445E-020  3.06027E-009  2.22609E-019  1.11945E-011  2.09566E-019  3.05478E-009  1.95649E-014  2.00884E-006  2.74470E-015  5.57290E-021  4.32166E-017  3.75807E-013  2.02830E-020  2.45475E-016  5.88632E-032  7.62300E-035  1.00000E-040  4.44410E-035  1.00000E-040  1.85886E-023  7.22152E-018  2.54900E-014  4.11248E-024  3.00325E-023  4.56146E-034  8.90283E-038  1.00000E-040  1.00000E-040  2.41401E-027  1.35301E-029  4.96663E-030  8.24784E-027  6.85519E-019  2.29593E-017  2.91480E-026  3.70528E-029  2.64844E-023  4.17831E-021  1.50428E-017  6.63218E-020  9.05303E-029  1.00000E-040  2.19173E-013  2.45656E-031  1.06673E-026  4.98870E-031  7.09849E-023  9.18010E-031  1.04682E-022  7.02094E-026  3.15885E-012  1.00000E-040  1.65398E-014  1.00000E-040  1.00000E-040  4.01923E-017  3.96874E-031  2.34004E-024  2.76637E-012  1.38824E-031  1.00000E-003  1.00000E-005  1.00000E-005  1.00000E-005  1.00000E-005  1.00000E-005  1.00000E-005  1.00000E-005  1.00000E-005  1.00000E-005  1.00000E-005  1.00000E-005  1.00000E-005  1.00000E-005  1.00000E-005  1.00000E-005  
7.65000E+001  1.43553E-006  5.85165E+013  1.77685E+002  3.74490E+005  1.00000E-040  1.00000E-040  1.00000E-040  1.00000E-040  1.00000E-040  1.00000E-040  1.00000E-040  1.00000E-040  1.00000E-040  1.00000E-040  1.00000E-040  1.00000E-040  1.00000E-040  1.00000E-040  2.73169E-024  1.00000E-040  1.50479E-040  4.50745E-006  8.98903E-007  2.78432E-006  2.86901E-009  9.72281E-003  2.00293E-001  5.15476E-006  2.43554E-004  6.58942E-016  9.86303E-012  2.71678E-019  7.13177E-018  4.33802E-016  5.28869E-016  6.85725E-008  1.71157E-019  1.00000E-040  1.00000E-040  9.79707E-037  1.00000E-040  5.81235E-028  1.40124E-024  1.38912E-014  1.06058E-014  5.32186E-030  1.00000E-040  5.20038E-026  6.35992E-020  1.37917E-011  3.93294E-006  7.89722E-001  4.99979E-018  1.60767E-025  2.62839E-022  6.60834E-035  7.31935E-030  1.05443E-021  1.38912E-020  2.35724E-009  1.14360E-019  7.35884E-012  2.42993E-019  2.77273E-009  7.27274E-015  1.88326E-006  1.73575E-015  2.88421E-021  4.07925E-017  3.33969E-013  7.02655E-021  1.74107E-016  5.33654E-032  8.10194E-035  1.00000E-040  2.00143E-035  1.00000E-040  1.81121E-023  6.04520E-018  2.12945E-014  3.75956E-024  2.61491E-023  3.22208E-034  1.00000E-040  1.00000E-040  1.00000E-040  2.06206E-027  1.64678E-029  5.73200E-030  7.44988E-027  6.83353E-019  3.17457E-017  2.81113E-026  5.91349E-029  1.36388E-023  3.41127E-021  1.11839E-017  9.45153E-020  3.47204E-029  1.00000E-040  2.15135E-013  1.30854E-031  9.64177E-027  4.08921E-031  6.77274E-023  3.44895E-031  5.97675E-023  2.90809E-026  3.71207E-012  1.00000E-040  1.61650E-014  1.00000E-040  1.00000E-040  3.85881E-017  2.15846E-027  1.88576E-024  2.43904E-012  1.37577E-031  1.00000E-003  1.00000E-005  1.00000E-005  1.00000E-005  1.00000E-005  1.00000E-005  1.00000E-005  1.00000E-005  1.00000E-005  1.00000E-005  1.00000E-005  1.00000E-005  1.00000E-005  1.00000E-005  1.00000E-005  1.00000E-005  
7.75000E+001  1.19356E-006  4.83379E+013  1.78844E+002  3.84490E+005  1.00000E-040  1.00000E-040  1.00000E-040  1.00000E-040  1.00000E-040  1.00000E-040  1.00000E-040  1.00000E-040  1.00000E-040  1.00000E-040  1.00000E-040  1.00000E-040  1.00000E-040  1.00000E-040  2.74765E-024  1.00000E-040  1.58930E-040  4.92464E-006  9.27374E-007  2.39174E-006  2.12722E-009  1.28990E-002  1.97562E-001  6.04597E-006  2.37611E-004  7.39696E-016  8.90562E-012  1.63571E-018  9.30937E-018  4.32351E-016  5.14713E-016  5.92499E-008  2.23803E-019  5.70893E-037  1.00000E-040  1.30202E-035  1.00000E-040  2.02039E-028  7.59088E-025  1.48599E-014  8.86730E-015  2.45897E-029  1.00000E-040  4.69870E-026  8.61075E-020  1.21942E-011  6.91644E-006  7.89278E-001  5.98168E-018  1.81045E-025  2.66077E-022  3.93923E-034  9.37357E-030  9.45564E-022  1.16539E-020  1.81930E-009  6.00543E-020  4.92370E-012  2.87127E-019  2.50353E-009  2.72255E-015  1.70638E-006  1.10147E-015  1.49838E-021  3.62345E-017  2.97642E-013  2.42466E-021  1.19799E-016  4.83157E-032  9.40878E-035  1.00000E-040  8.73242E-036  1.00000E-040  1.75816E-023  4.99354E-018  1.76406E-014  3.42278E-024  2.29410E-023  2.17099E-034  8.58979E-040  1.00000E-040  1.00000E-040  1.70735E-027  1.96447E-029  6.30043E-030  6.79946E-027  6.82593E-019  4.15861E-017  2.64536E-026  8.82532E-029  7.25540E-024  2.85829E-021  8.35309E-018  1.23825E-019  1.72641E-029  1.00000E-040  2.10600E-013  6.71850E-032  8.80441E-027  3.44293E-031  6.46085E-023  1.29808E-031  3.49738E-023  1.18520E-026  4.25436E-012  1.00000E-040  1.57456E-014  1.00000E-040  1.00000E-040  3.52810E-017  2.81334E-024  1.54583E-024  2.12909E-012  1.32440E-031  1.00000E-003  1.00000E-005  1.00000E-005  1.00000E-005  1.00000E-005  1.00000E-005  1.00000E-005  1.00000E-005  1.00000E-005  1.00000E-005  1.00000E-005  1.00000E-005  1.00000E-005  1.00000E-005  1.00000E-005  1.00000E-005  
7.85000E+001  9.94247E-007  3.99726E+013  1.80156E+002  3.94490E+005  1.00000E-040  1.00000E-040  1.00000E-040  1.00000E-040  1.00000E-040  1.00000E-040  1.00000E-040  1.00000E-040  1.00000E-040  1.00000E-040  1.00000E-040  1.00000E-040  1.00000E-040  1.00000E-040  2.76576E-024  1.00000E-040  1.68778E-040  5.29395E-006  9.53186E-007  2.04023E-006  1.55861E-009  1.65753E-002  1.94457E-001  7.00546E-006  2.31045E-004  7.95765E-016  7.95808E-012  7.47132E-018  1.16236E-017  4.23732E-016  4.96077E-016  5.08609E-008  2.88324E-019  5.95753E-036  2.08828E-035  3.76604E-035  1.00000E-040  7.22218E-029  4.22737E-025  1.55916E-014  7.30243E-015  8.85483E-029  1.00000E-040  4.35726E-026  1.14739E-019  1.10254E-011  1.11385E-005  7.88708E-001  6.66431E-018  2.06635E-025  2.67383E-022  1.74907E-033  1.15156E-029  8.29429E-022  9.57657E-021  1.41596E-009  3.23392E-020  3.34157E-012  3.39884E-019  2.24926E-009  1.02860E-015  1.49875E-006  7.05522E-016  7.85461E-022  3.05357E-017  2.65037E-013  8.37117E-022  8.02896E-017  4.37075E-032  1.16684E-034  1.00000E-040  3.69275E-036  1.00000E-040  1.69967E-023  4.08021E-018  1.45228E-014  3.10103E-024  2.02448E-023  1.40165E-034  5.30531E-037  1.00000E-040  1.00000E-040  1.37600E-027  2.30744E-029  6.63365E-030  6.27276E-027  6.90743E-019  5.21322E-017  2.43695E-026  1.26226E-028  3.95933E-024  2.43758E-021  6.29686E-018  1.52156E-019  1.71178E-029  1.00000E-040  2.05552E-013  3.31123E-032  8.12528E-027  2.97390E-031  6.16041E-023  4.86977E-032  2.08456E-023  4.74678E-027  4.79861E-012  1.00000E-040  1.52805E-014  8.40034E-039  1.00000E-040  3.09882E-017  1.03362E-021  1.29599E-024  1.84275E-012  1.25130E-031  1.00000E-003  1.00000E-005  1.00000E-005  1.00000E-005  1.00000E-005  1.00000E-005  1.00000E-005  1.00000E-005  1.00000E-005  1.00000E-005  1.00000E-005  1.00000E-005  1.00000E-005  1.00000E-005  1.00000E-005  1.00000E-005  
7.95000E+001  8.29851E-007  3.31198E+013  1.81480E+002  4.04490E+005  1.00000E-040  1.00000E-040  1.00000E-040  1.00000E-040  1.00000E-040  1.00000E-040  1.00000E-040  1.00000E-040  1.00000E-040  1.00000E-040  1.00000E-040  1.00000E-040  1.00000E-040  1.00000E-040  2.78410E-024  1.00000E-040  1.80235E-040  5.61747E-006  9.76321E-007  1.73208E-006  1.13318E-009  2.07401E-002  1.90992E-001  8.02573E-006  2.23866E-004  8.28485E-016  7.08153E-012  2.71847E-017  1.39900E-017  4.10047E-016  4.74262E-016  4.34804E-008  3.65852E-019  4.09351E-037  1.12017E-036  9.11393E-036  1.00000E-040  2.66094E-029  2.40980E-025  1.60751E-014  5.92849E-015  2.57169E-028  1.00000E-040  4.04942E-026  1.52871E-019  1.03162E-011  1.67417E-005  7.88010E-001  7.03831E-018  2.34723E-025  2.65673E-022  6.12418E-033  1.36864E-029  7.17686E-022  7.75837E-021  1.12217E-009  1.80244E-020  2.29827E-012  3.95738E-019  2.01168E-009  3.93775E-016  1.28568E-006  4.61106E-016  4.20889E-022  2.46084E-017  2.35248E-013  2.91133E-022  5.26572E-017  3.95173E-032  1.51331E-034  1.00000E-040  1.53085E-036  1.00000E-040  1.63586E-023  3.30698E-018  1.19095E-014  2.78003E-024  1.77856E-023  8.79836E-035  3.54007E-040  1.00000E-040  1.00000E-040  1.08904E-027  2.67020E-029  6.74350E-030  5.76020E-027  7.16243E-019  6.29974E-017  2.20722E-026  1.72228E-028  2.21189E-024  2.10352E-021  4.85175E-018  1.77741E-019  3.32951E-029  1.00000E-040  1.99988E-013  1.60093E-032  7.46336E-027  2.60318E-031  5.86920E-023  1.83878E-032  1.26535E-023  1.88680E-027  5.40973E-012  1.00000E-040  1.47696E-014  3.39361E-039  1.00000E-040  2.63438E-017  1.31970E-019  1.09298E-024  1.58400E-012  1.17538E-031  1.00000E-003  1.00000E-005  1.00000E-005  1.00000E-005  1.00000E-005  1.00000E-005  1.00000E-005  1.00000E-005  1.00000E-005  1.00000E-005  1.00000E-005  1.00000E-005  1.00000E-005  1.00000E-005  1.00000E-005  1.00000E-005  
8.05000E+001  6.94026E-007  2.74928E+013  1.82841E+002  4.06996E+005  1.00000E-040  1.00000E-040  1.00000E-040  1.00000E-040  1.00000E-040  1.00000E-040  1.00000E-040  1.00000E-040  1.00000E-040  1.00000E-040  1.00000E-040  1.00000E-040  1.00000E-040  1.00000E-040  2.80298E-024  1.00000E-040  1.93603E-040  5.90108E-006  9.97063E-007  1.46516E-006  8.17724E-010  2.54071E-002  1.87163E-001  9.10376E-006  2.16049E-004  8.41079E-016  6.26899E-012  8.21769E-017  1.63429E-017  3.92726E-016  4.50203E-016  3.70735E-008  4.57766E-019  1.00000E-040  9.24619E-036  9.60831E-036  1.00000E-040  1.00412E-029  1.39728E-025  1.63140E-014  4.74336E-015  6.24077E-028  1.00000E-040  3.73105E-026  2.07169E-019  1.01076E-011  2.38820E-005  7.87171E-001  7.14695E-018  2.65994E-025  2.61493E-022  1.76548E-032  1.57721E-029  6.12884E-022  6.21318E-021  9.14421E-010  1.09842E-020  1.59751E-012  4.53088E-019  1.79069E-009  1.52753E-016  1.08061E-006  3.10434E-016  2.32679E-022  1.90730E-017  2.07673E-013  1.02261E-022  3.38631E-017  3.56930E-032  2.03378E-034  1.00000E-040  6.23335E-037  1.00000E-040  1.56658E-023  2.66247E-018  9.73875E-015  2.47024E-024  1.55702E-023  5.39814E-035  2.21504E-040  1.00000E-040  1.00000E-040  8.48753E-028  3.04610E-029  6.66439E-030  5.27439E-027  7.69774E-019  7.38973E-017  1.96967E-026  2.27269E-028  1.25655E-024  1.82779E-021  3.87959E-018  1.99895E-019  7.79888E-029  1.00000E-040  1.93878E-013  7.58778E-033  6.83525E-027  2.30415E-031  5.58328E-023  6.96611E-033  7.78269E-024  7.43091E-028  6.21317E-012  1.00000E-040  1.42104E-014  3.00916E-039  1.00000E-040  2.18092E-017  7.08007E-018  9.28096E-025  1.35320E-012  1.11131E-031  1.00000E-003  1.00000E-005  1.00000E-005  1.00000E-005  1.00000E-005  1.00000E-005  1.00000E-005  1.00000E-005  1.00000E-005  1.00000E-005  1.00000E-005  1.00000E-005  1.00000E-005  1.00000E-005  1.00000E-005  1.00000E-005  
8.15000E+001  5.81629E-007  2.28622E+013  1.84266E+002  4.06996E+005  1.00000E-040  1.00000E-040  1.00000E-040  1.00000E-040  1.00000E-040  1.00000E-040  1.00000E-040  1.00000E-040  1.00000E-040  1.00000E-040  1.00000E-040  1.00000E-040  1.00000E-040  1.00000E-040  2.82274E-024  1.00000E-040  2.09252E-040  6.15188E-006  1.01580E-006  1.23582E-006  5.85885E-010  3.06014E-002  1.82963E-001  1.02358E-005  2.07571E-004  8.37368E-016  5.51727E-012  2.13561E-016  1.86336E-017  3.72972E-016  4.24790E-016  3.15632E-008  5.65333E-019  6.85059E-037  1.00000E-040  4.16976E-036  1.00000E-040  3.85331E-030  8.19957E-026  1.63172E-014  3.73870E-015  1.30407E-027  1.00000E-040  3.39348E-026  2.90010E-019  1.04792E-011  3.27425E-005  7.86176E-001  7.05273E-018  3.01405E-025  2.55582E-022  4.34332E-032  1.76569E-029  5.16552E-022  4.92908E-021  7.74399E-010  1.63011E-020  1.11980E-012  5.11326E-019  1.58586E-009  5.99523E-017  8.92067E-007  2.17569E-016  1.34077E-022  1.42735E-017  1.81972E-013  3.63215E-023  2.13662E-017  3.21866E-032  2.82755E-034  1.00000E-040  2.49290E-037  1.00000E-040  1.49170E-023  2.13111E-018  7.94544E-015  2.17982E-024  1.36026E-023  3.24273E-035  1.36122E-040  1.00000E-040  1.00000E-040  6.52309E-028  3.42703E-029  6.44816E-030  4.82664E-027  8.66830E-019  8.46248E-017  1.73460E-026  2.93139E-028  7.21981E-025  1.59369E-021  3.28505E-018  2.18557E-019  1.79741E-028  1.00000E-040  1.87188E-013  3.52141E-033  6.25586E-027  2.05944E-031  5.29889E-023  2.64124E-033  4.83127E-024  2.89381E-028  7.44115E-012  1.00000E-040  1.36002E-014  2.06418E-039  1.00000E-040  1.76701E-017  1.86934E-016  7.94478E-025  1.14930E-012  1.06943E-031  1.00000E-003  1.00000E-005  1.00000E-005  1.00000E-005  1.00000E-005  1.00000E-005  1.00000E-005  1.00000E-005  1.00000E-005  1.00000E-005  1.00000E-005  1.00000E-005  1.00000E-005  1.00000E-005  1.00000E-005  1.00000E-005  
8.25000E+001  4.88454E-007  1.90524E+013  1.85691E+002  4.06996E+005  1.00000E-040  1.00000E-040  1.00000E-040  1.00000E-040  1.00000E-040  1.00000E-040  1.00000E-040  1.00000E-040  1.00000E-040  1.00000E-040  1.00000E-040  1.00000E-040  1.00000E-040  1.00000E-040  2.84250E-024  1.00000E-040  2.27531E-040  6.37650E-006  1.03291E-006  1.04107E-006  4.17857E-010  3.63176E-002  1.78416E-001  1.14072E-005  1.98484E-004  8.22344E-016  4.85191E-012  4.89905E-016  2.08442E-017  3.52438E-016  3.99534E-016  2.68842E-008  6.89316E-019  1.00000E-040  1.00000E-040  1.00000E-040  1.00000E-040  1.50769E-030  4.86621E-026  1.61025E-014  2.90550E-015  2.40988E-027  1.00000E-040  3.04663E-026  4.23379E-019  1.15619E-011  4.34770E-005  7.85004E-001  6.81736E-018  3.38717E-025  2.48138E-022  9.39128E-032  1.93346E-029  4.32031E-022  3.89590E-021  6.85726E-010  1.08437E-019  7.91737E-013  5.67352E-019  1.39803E-009  2.38815E-017  7.25632E-007  1.59788E-016  8.11369E-023  1.03661E-017  1.58132E-013  1.31196E-023  1.32669E-017  2.89816E-032  4.06222E-034  1.00000E-040  9.84510E-038  1.00000E-040  1.41179E-023  1.69927E-018  6.47868E-015  1.90980E-024  1.18293E-023  1.92483E-035  1.00000E-040  1.00000E-040  1.00000E-040  4.96050E-028  3.80968E-029  6.17267E-030  4.39374E-027  1.03069E-018  9.50890E-017  1.51295E-026  3.68582E-028  4.19665E-025  1.39416E-021  3.00510E-018  2.34124E-019  3.90650E-028  1.00000E-040  1.79945E-013  1.61954E-033  5.69539E-027  1.84996E-031  5.01491E-023  1.01032E-033  3.03357E-024  1.11947E-028  9.48285E-012  1.00000E-040  1.29416E-014  2.73417E-040  1.00000E-040  1.40843E-017  2.76615E-015  6.81567E-025  9.71741E-013  1.05641E-031  1.00000E-003  1.00000E-005  1.00000E-005  1.00000E-005  1.00000E-005  1.00000E-005  1.00000E-005  1.00000E-005  1.00000E-005  1.00000E-005  1.00000E-005  1.00000E-005  1.00000E-005  1.00000E-005  1.00000E-005  1.00000E-005  
8.35000E+001  4.11066E-007  1.59055E+013  1.87189E+002  4.06996E+005  1.00000E-040  1.00000E-040  1.00000E-040  1.00000E-040  1.00000E-040  1.00000E-040  1.00000E-040  1.00000E-040  1.00000E-040  1.00000E-040  1.00000E-040  1.00000E-040  1.00000E-040  1.00000E-040  2.86322E-024  1.00000E-040  2.48801E-040  6.58143E-006  1.04878E-006  8.77465E-007  2.96542E-010  4.25357E-002  1.73561E-001  1.25974E-005  1.88883E-004  8.01552E-016  4.26637E-012  1.01399E-015  2.30019E-017  3.32754E-016  3.76057E-016  2.29574E-008  8.31029E-019  1.00000E-040  1.00000E-040  1.00000E-040  1.00000E-040  5.99738E-031  2.91898E-026  1.56993E-014  2.22597E-015  4.01826E-027  1.00000E-040  2.69870E-026  6.46434E-019  1.35457E-011  5.62302E-005  7.83636E-001  6.49638E-018  3.80560E-025  2.40767E-022  1.83144E-031  2.07781E-029  3.59038E-022  3.08387E-021  6.38630E-010  6.96132E-019  5.64336E-013  6.23068E-019  1.22786E-009  9.69167E-018  5.81273E-007  1.23626E-016  5.17883E-023  7.34491E-018  1.36191E-013  4.85004E-024  8.13701E-018  2.60679E-032  5.98157E-034  1.00000E-040  3.83777E-038  1.00000E-040  1.32783E-023  1.35264E-018  5.29037E-015  1.67050E-024  1.03047E-023  1.13285E-035  1.00000E-040  1.00000E-040  1.00000E-040  3.72728E-028  4.20161E-029  5.90650E-030  4.01298E-027  1.29528E-018  1.05450E-016  1.31130E-026  4.57296E-028  2.46380E-025  1.22575E-021  2.98934E-018  2.48213E-019  7.95302E-028  1.00000E-040  1.72209E-013  7.35634E-034  5.20223E-027  1.67648E-031  4.73131E-023  3.90416E-034  1.92817E-024  4.29090E-029  1.29360E-011  1.00000E-040  1.22403E-014  1.00000E-040  1.00000E-040  1.11009E-017  2.55432E-014  5.91374E-025  8.19263E-013  1.07386E-031  1.00000E-003  1.00000E-005  1.00000E-005  1.00000E-005  1.00000E-005  1.00000E-005  1.00000E-005  1.00000E-005  1.00000E-005  1.00000E-005  1.00000E-005  1.00000E-005  1.00000E-005  1.00000E-005  1.00000E-005  1.00000E-005  
8.45000E+001  3.46694E-007  1.32968E+013  1.88849E+002  4.06996E+005  1.00000E-040  1.00000E-040  1.00000E-040  1.00000E-040  1.00000E-040  1.00000E-040  1.00000E-040  1.00000E-040  1.00000E-040  1.00000E-040  1.00000E-040  1.00000E-040  1.00000E-040  1.00000E-040  2.88606E-024  1.00000E-040  2.73457E-040  6.77257E-006  1.06377E-006  7.41088E-007  2.09308E-010  4.92298E-002  1.68450E-001  1.37832E-005  1.78884E-004  7.79500E-016  3.75063E-012  1.92780E-015  2.51573E-017  3.15032E-016  3.55458E-016  1.96916E-008  9.91929E-019  1.00000E-040  1.00000E-040  1.00000E-040  1.00000E-040  2.41333E-031  1.76868E-026  1.51399E-014  1.68083E-015  6.14225E-027  1.00000E-040  2.35714E-026  1.02684E-018  1.66915E-011  7.11529E-005  7.82047E-001  6.16006E-018  4.31488E-025  2.35345E-022  3.29037E-031  2.19636E-029  2.96534E-022  2.45514E-021  6.28547E-010  3.18422E-018  4.05259E-013  6.82248E-019  1.07537E-009  4.01905E-018  4.58240E-007  1.01180E-016  3.49732E-023  5.10264E-018  1.16158E-013  1.84519E-024  4.94666E-018  2.34340E-032  8.83446E-034  1.00000E-040  1.47420E-038  1.00000E-040  1.24096E-023  1.07675E-018  4.33438E-015  1.46733E-024  9.05185E-024  6.61537E-036  1.00000E-040  1.00000E-040  1.00000E-040  2.76192E-028  4.61414E-029  5.69147E-030  3.71188E-027  1.70842E-018  1.16000E-016  1.13242E-026  5.66886E-028  1.45831E-025  1.08514E-021  3.20103E-018  2.63424E-019  1.51859E-027  1.00000E-040  1.64057E-013  3.28301E-034  4.81202E-027  1.53948E-031  4.44857E-023  1.52383E-034  1.24106E-024  1.62457E-029  1.86887E-011  1.00000E-040  1.15037E-014  1.00000E-040  1.00000E-040  8.69082E-018  1.60656E-013  5.24265E-025  6.89821E-013  1.11874E-031  1.00000E-003  1.00000E-005  1.00000E-005  1.00000E-005  1.00000E-005  1.00000E-005  1.00000E-005  1.00000E-005  1.00000E-005  1.00000E-005  1.00000E-005  1.00000E-005  1.00000E-005  1.00000E-005  1.00000E-005  1.00000E-005  
8.55000E+001  2.93053E-007  1.11417E+013  1.90508E+002  4.06996E+005  1.00000E-040  1.00000E-040  1.00000E-040  1.00000E-040  1.00000E-040  1.00000E-040  1.00000E-040  1.00000E-040  1.00000E-040  1.00000E-040  1.00000E-040  1.00000E-040  1.00000E-040  1.00000E-040  2.90883E-024  1.00000E-040  3.01925E-040  6.95523E-006  1.07824E-006  6.28024E-007  1.47634E-010  5.63673E-002  1.63139E-001  1.49403E-005  1.68622E-004  7.58451E-016  3.32278E-012  3.41309E-015  2.73448E-017  2.99644E-016  3.37966E-016  1.69940E-008  1.17176E-018  5.19290E-037  1.78360E-036  4.19866E-036  1.00000E-040  9.89791E-032  1.08403E-026  1.44555E-014  1.25237E-015  8.75588E-027  1.00000E-040  2.03169E-026  1.67481E-018  2.13392E-011  8.83991E-005  7.80213E-001  5.94020E-018  4.84391E-025  2.33438E-022  5.53022E-031  2.30212E-029  2.45175E-022  1.97589E-021  6.43537E-010  1.08320E-017  2.93613E-013  7.45209E-019  9.40106E-010  1.70873E-018  3.57403E-007  8.63438E-017  2.46851E-023  3.49175E-018  9.80165E-014  7.25543E-025  2.99031E-018  2.10668E-032  1.27437E-033  1.00000E-040  5.62210E-039  1.00000E-040  1.15251E-023  8.58220E-019  3.56912E-015  1.28829E-024  7.94935E-024  3.86820E-036  1.00000E-040  1.00000E-040  1.00000E-040  2.03074E-028  5.04915E-029  5.54732E-030  3.42915E-027  2.33413E-018  1.26887E-016  9.77127E-027  6.90531E-028  8.73472E-026  9.67940E-022  3.61367E-018  2.82692E-019  2.72859E-027  1.00000E-040  1.55585E-013  1.47120E-034  4.44582E-027  1.41863E-031  4.16779E-023  6.08376E-035  8.12545E-025  6.13272E-030  2.79883E-011  1.00000E-040  1.07403E-014  1.00000E-040  1.00000E-040  6.78351E-018  7.38776E-013  4.67536E-025  5.80963E-013  1.18400E-031  1.00000E-003  1.00000E-005  1.00000E-005  1.00000E-005  1.00000E-005  1.00000E-005  1.00000E-005  1.00000E-005  1.00000E-005  1.00000E-005  1.00000E-005  1.00000E-005  1.00000E-005  1.00000E-005  1.00000E-005  1.00000E-005  
8.65000E+001  2.48295E-007  9.33766E+012  1.92596E+002  4.06996E+005  1.00000E-040  1.00000E-040  1.00000E-040  1.00000E-040  1.00000E-040  1.00000E-040  1.00000E-040  1.00000E-040  1.00000E-040  1.00000E-040  1.00000E-040  1.00000E-040  1.00000E-040  1.00000E-040  2.93719E-024  1.00000E-040  3.34663E-040  7.13374E-006  1.09247E-006  5.34585E-007  1.03294E-010  6.39108E-002  1.57690E-001  1.60454E-005  1.58238E-004  7.42636E-016  2.93096E-012  5.70836E-015  2.96931E-017  2.87582E-016  3.24767E-016  1.47778E-008  1.37454E-018  5.40882E-037  1.86879E-036  3.14793E-036  1.00000E-040  4.04669E-032  6.70252E-027  1.36819E-014  9.17907E-016  1.17070E-026  1.00000E-040  1.71543E-026  2.78190E-018  2.79143E-011  1.08120E-004  7.78108E-001  6.06107E-018  5.63943E-025  2.41379E-022  8.85807E-031  2.37348E-029  2.00563E-022  1.60917E-021  7.02044E-010  2.90349E-017  2.13900E-013  8.40954E-019  8.21153E-010  7.44886E-019  2.73378E-007  7.84372E-017  1.84910E-023  2.36356E-018  8.16835E-014  2.96200E-025  1.80293E-018  1.89509E-032  1.76291E-033  1.00000E-040  2.10252E-039  1.00000E-040  1.06382E-023  6.85278E-019  2.95856E-015  1.15226E-024  7.15595E-024  2.21970E-036  1.00000E-040  1.00000E-040  1.00000E-040  1.46263E-028  5.54403E-029  5.48798E-030  3.28604E-027  3.26591E-018  1.38938E-016  8.43183E-027  8.67238E-028  5.24945E-026  8.73108E-022  4.22330E-018  3.13629E-019  4.63267E-027  1.00000E-040  1.46898E-013  6.34042E-035  4.26065E-027  1.34226E-031  3.89035E-023  2.44576E-035  5.38175E-025  2.26103E-030  4.26458E-011  1.00000E-040  9.95982E-015  1.00000E-040  1.00000E-040  5.29844E-018  2.63801E-012  4.37895E-025  4.90088E-013  1.25739E-031  1.00000E-003  1.00000E-005  1.00000E-005  1.00000E-005  1.00000E-005  1.00000E-005  1.00000E-005  1.00000E-005  1.00000E-005  1.00000E-005  1.00000E-005  1.00000E-005  1.00000E-005  1.00000E-005  1.00000E-005  1.00000E-005  
8.75000E+001  2.10977E-007  7.81083E+012  1.95639E+002  4.06996E+005  1.00000E-040  1.00000E-040  1.00000E-040  1.00000E-040  1.00000E-040  1.00000E-040  1.00000E-040  1.00000E-040  1.00000E-040  1.00000E-040  1.00000E-040  1.00000E-040  1.00000E-040  1.00000E-040  2.97799E-024  1.00000E-040  3.72088E-040  7.31031E-006  1.10652E-006  4.57412E-007  7.11237E-011  7.18139E-002  1.52170E-001  1.70781E-005  1.47885E-004  7.35709E-016  2.53824E-012  9.12677E-015  3.23582E-017  2.79584E-016  3.16860E-016  1.29639E-008  1.60607E-018  1.00000E-040  1.00000E-040  1.00000E-040  1.00000E-040  1.60168E-032  4.16843E-027  1.28503E-014  6.60296E-016  1.47139E-026  1.00000E-040  1.40900E-026  4.67381E-018  3.69223E-011  1.30457E-004  7.75712E-001  6.90390E-018  7.17340E-025  2.66280E-022  1.37354E-030  2.38053E-029  1.60014E-022  1.32547E-021  8.47565E-010  6.43064E-017  1.56093E-013  1.00936E-018  7.17364E-010  3.32245E-019  2.03136E-007  7.85022E-017  1.51219E-023  1.58883E-018  6.70890E-014  1.26172E-025  1.08724E-018  1.70703E-032  2.31663E-033  1.00000E-040  7.60208E-040  1.00000E-040  9.76315E-024  5.48048E-019  2.47226E-015  1.07473E-024  6.78552E-024  1.21791E-036  1.00000E-040  1.00000E-040  1.00000E-040  1.01685E-028  6.14514E-029  5.51623E-030  3.40576E-027  4.63307E-018  1.53235E-016  7.27955E-027  1.18457E-027  3.13583E-026  7.99283E-022  5.05258E-018  3.66085E-019  7.46521E-027  1.00000E-040  1.38116E-013  2.50181E-035  4.41544E-027  1.33808E-031  3.61827E-023  9.44154E-036  3.58189E-025  7.96824E-031  6.53448E-011  1.00000E-040  9.17272E-015  1.00000E-040  1.00000E-040  4.15325E-018  7.67299E-012  4.51885E-025  4.14651E-013  1.32473E-031  1.00000E-003  1.00000E-005  1.00000E-005  1.00000E-005  1.00000E-005  1.00000E-005  1.00000E-005  1.00000E-005  1.00000E-005  1.00000E-005  1.00000E-005  1.00000E-005  1.00000E-005  1.00000E-005  1.00000E-005  1.00000E-005  
8.85000E+001  1.79846E-007  6.55647E+012  1.98677E+002  4.06996E+005  1.00000E-040  1.00000E-040  1.00000E-040  1.00000E-040  1.00000E-040  1.00000E-040  1.00000E-040  1.00000E-040  1.00000E-040  1.00000E-040  1.00000E-040  1.00000E-040  1.00000E-040  1.00000E-040  3.01845E-024  1.00000E-040  4.14614E-040  7.48655E-006  1.12040E-006  3.93567E-007  4.92337E-011  8.00201E-002  1.46650E-001  1.80213E-005  1.37712E-004  7.34147E-016  2.22889E-012  1.39888E-014  3.52714E-017  2.74346E-016  3.12442E-016  1.14839E-008  1.85840E-018  1.00000E-040  1.00000E-040  1.00000E-040  1.00000E-040  6.39850E-033  2.62867E-027  1.19849E-014  4.69207E-016  1.77877E-026  1.00000E-040  1.13589E-026  7.79155E-018  4.89212E-011  1.55541E-004  7.73009E-001  9.02082E-018  8.96892E-025  3.12249E-022  2.05945E-030  2.37787E-029  1.28048E-022  1.11252E-021  1.03863E-009  1.21785E-016  1.15031E-013  1.26431E-018  6.27453E-010  1.51915E-019  1.50220E-007  8.00189E-017  1.26440E-023  1.06471E-018  5.42214E-014  5.61271E-026  6.57630E-019  1.54088E-032  2.88602E-033  1.00000E-040  2.73122E-040  1.00000E-040  8.91371E-024  4.38675E-019  2.08523E-015  1.00520E-024  6.40866E-024  6.61173E-037  1.00000E-040  1.00000E-040  1.00000E-040  7.04934E-029  6.81823E-029  5.62519E-030  3.50479E-027  6.57164E-018  1.69195E-016  6.30193E-027  1.58477E-027  1.90188E-026  7.39767E-022  6.09548E-018  4.42170E-019  1.14657E-026  1.00000E-040  1.29365E-013  1.00326E-035  4.54463E-027  1.33291E-031  3.35410E-023  3.97585E-036  2.43712E-025  2.82173E-031  9.91555E-011  1.00000E-040  8.39024E-015  1.00000E-040  1.00000E-040  3.27205E-018  1.88186E-011  4.67541E-025  3.52308E-013  1.37444E-031  1.00000E-003  1.00000E-005  1.00000E-005  1.00000E-005  1.00000E-005  1.00000E-005  1.00000E-005  1.00000E-005  1.00000E-005  1.00000E-005  1.00000E-005  1.00000E-005  1.00000E-005  1.00000E-005  1.00000E-005  1.00000E-005  
8.95000E+001  1.53831E-007  5.50040E+012  2.02566E+002  4.06996E+005  1.00000E-040  1.00000E-040  1.00000E-040  1.00000E-040  1.00000E-040  1.00000E-040  1.00000E-040  1.00000E-040  1.00000E-040  1.00000E-040  1.00000E-040  1.00000E-040  1.00000E-040  1.00000E-040  3.06967E-024  1.00000E-040  4.62672E-040  7.66393E-006  1.13417E-006  3.40576E-007  3.37767E-011  8.84728E-002  1.41197E-001  1.88627E-005  1.27844E-004  7.43111E-016  1.93842E-012  2.07763E-014  3.86822E-017  2.73146E-016  3.13425E-016  1.02810E-008  2.14057E-018  2.49836E-037  7.63771E-037  8.18870E-037  1.00000E-040  2.49952E-033  1.67236E-027  1.11120E-014  3.28599E-016  2.05854E-026  1.00000E-040  8.88272E-027  1.29108E-017  6.45233E-011  1.83485E-004  7.69990E-001  1.30827E-017  1.19916E-024  3.97454E-022  3.03400E-030  2.31824E-029  1.00266E-022  9.48897E-022  1.37299E-009  2.05733E-016  8.50408E-014  1.75611E-018  5.50012E-010  7.09431E-020  1.08635E-007  8.77236E-017  1.12963E-023  7.13659E-019  4.29822E-014  2.61683E-026  3.99939E-019  1.39484E-032  3.42637E-033  1.00000E-040  1.00000E-040  1.00000E-040  8.10084E-024  3.50785E-019  1.77733E-015  9.77497E-025  6.29180E-024  3.44466E-037  1.00000E-040  1.00000E-040  1.00000E-040  4.75257E-029  7.64884E-029  5.83097E-030  3.82563E-027  9.29329E-018  1.88588E-016  5.46427E-027  2.26077E-027  1.15305E-026  6.96087E-022  7.42724E-018  5.54655E-019  1.68585E-026  1.00000E-040  1.20755E-013  3.76298E-036  4.96217E-027  1.38377E-031  3.09987E-023  1.63512E-036  1.67542E-025  9.69196E-032  1.49203E-010  1.00000E-040  7.62216E-015  1.00000E-040  1.00000E-040  2.59384E-018  4.06176E-011  5.23619E-025  3.00941E-013  1.39226E-031  1.00000E-003  1.00000E-005  1.00000E-005  1.00000E-005  1.00000E-005  1.00000E-005  1.00000E-005  1.00000E-005  1.00000E-005  1.00000E-005  1.00000E-005  1.00000E-005  1.00000E-005  1.00000E-005  1.00000E-005  1.00000E-005  
9.05000E+001  1.32155E-007  4.58734E+012  2.08660E+002  4.06996E+005  1.00000E-040  1.00000E-040  1.00000E-040  1.00000E-040  1.00000E-040  1.00000E-040  1.00000E-040  1.00000E-040  1.00000E-040  1.00000E-040  1.00000E-040  1.00000E-040  1.00000E-040  1.00000E-040  3.14869E-024  1.00000E-040  5.16446E-040  7.84015E-006  1.14742E-006  2.96340E-007  2.25166E-011  9.70944E-002  1.35882E-001  1.95947E-005  1.18411E-004  7.70153E-016  1.61701E-012  3.02128E-014  4.29619E-017  2.77624E-016  3.22898E-016  9.30727E-009  2.46932E-018  4.19709E-037  1.16364E-036  1.50407E-036  1.00000E-040  8.97656E-034  1.06620E-027  1.02548E-014  2.26737E-016  2.25601E-026  1.00000E-040  6.63288E-027  2.13845E-017  8.43431E-011  2.14344E-004  7.66662E-001  2.02959E-017  1.92630E-024  5.47528E-022  4.46506E-030  2.14114E-029  7.41658E-023  8.17258E-022  2.15317E-009  3.26525E-016  6.24560E-014  2.79022E-018  4.83726E-010  3.35712E-020  7.49297E-008  1.12701E-016  1.15778E-023  4.80245E-019  3.32910E-014  1.28624E-026  2.45272E-019  1.26726E-032  3.90250E-033  1.00000E-040  1.00000E-040  1.00000E-040  7.33535E-024  2.79468E-019  1.53260E-015  1.04902E-024  6.81078E-024  1.62743E-037  1.00000E-040  1.00000E-040  1.00000E-040  3.00397E-029  8.76414E-029  6.14544E-030  4.85414E-027  1.30997E-017  2.14287E-016  4.73742E-027  3.86584E-027  6.84147E-027  6.70508E-022  9.19878E-018  7.29163E-019  2.38272E-026  1.00000E-040  1.12405E-013  1.17516E-036  6.29464E-027  1.58677E-031  2.85807E-023  6.02726E-037  1.14472E-025  3.08198E-032  2.24003E-010  1.00000E-040  6.87880E-015  1.00000E-040  1.00000E-040  2.06834E-018  8.13084E-011  7.05179E-025  2.58744E-013  1.36908E-031  1.00000E-003  1.00000E-005  1.00000E-005  1.00000E-005  1.00000E-005  1.00000E-005  1.00000E-005  1.00000E-005  1.00000E-005  1.00000E-005  1.00000E-005  1.00000E-005  1.00000E-005  1.00000E-005  1.00000E-005  1.00000E-005  
9.15000E+001  1.14103E-007  3.84860E+012  2.14740E+002  4.06996E+005  1.00000E-040  1.00000E-040  1.00000E-040  1.00000E-040  1.00000E-040  1.00000E-040  1.00000E-040  1.00000E-040  1.00000E-040  1.00000E-040  1.00000E-040  1.00000E-040  1.00000E-040  1.00000E-040  3.22649E-024  1.00000E-040  5.76018E-040  8.01252E-006  1.15973E-006  2.59078E-007  1.52602E-011  1.05799E-001  1.30770E-001  2.02153E-005  1.09522E-004  8.06118E-016  1.38143E-012  4.27843E-014  4.77954E-017  2.84955E-016  3.37162E-016  8.52281E-009  2.81804E-018  1.00000E-040  1.00000E-040  1.00000E-040  1.00000E-040  3.22252E-034  6.93623E-028  9.42926E-015  1.56946E-016  2.43170E-026  1.00000E-040  4.85593E-027  3.45498E-017  1.08912E-010  2.48193E-004  7.63044E-001  3.38639E-017  2.97293E-024  7.80314E-022  6.45561E-030  1.96136E-029  5.48842E-023  7.19534E-022  3.30916E-009  5.19428E-016  4.64134E-014  4.76698E-018  4.27318E-010  1.61088E-020  5.18343E-008  1.42702E-016  1.17809E-023  3.25672E-019  2.51474E-014  6.65064E-027  1.52176E-019  1.15655E-032  4.29132E-033  1.00000E-040  1.00000E-040  1.00000E-040  6.62586E-024  2.21226E-019  1.33821E-015  1.12050E-024  7.20722E-024  7.46819E-038  1.00000E-040  1.00000E-040  1.00000E-040  1.91229E-029  1.00698E-028  6.56155E-030  5.96175E-027  1.81774E-017  2.44013E-016  4.10744E-027  6.34035E-027  4.15983E-027  6.54360E-022  1.13898E-017  9.94994E-019  3.24902E-026  1.00000E-040  1.04427E-013  3.80898E-037  7.73332E-027  1.79730E-031  2.63122E-023  1.20549E-037  8.05599E-026  1.01533E-032  3.30025E-010  1.00000E-040  6.17007E-015  1.00000E-040  1.00000E-040  1.65921E-018  1.61209E-010  9.33866E-025  2.24159E-013  1.30935E-031  1.00000E-003  1.00000E-005  1.00000E-005  1.00000E-005  1.00000E-005  1.00000E-005  1.00000E-005  1.00000E-005  1.00000E-005  1.00000E-005  1.00000E-005  1.00000E-005  1.00000E-005  1.00000E-005  1.00000E-005  1.00000E-005  
9.25000E+001  9.90118E-008  3.23230E+012  2.21867E+002  4.06996E+005  1.00000E-040  1.00000E-040  1.00000E-040  1.00000E-040  1.00000E-040  1.00000E-040  1.00000E-040  1.00000E-040  1.00000E-040  1.00000E-040  1.00000E-040  1.00000E-040  1.00000E-040  1.00000E-040  3.31626E-024  1.00000E-040  6.41574E-040  8.18047E-006  1.17100E-006  2.27354E-007  1.03824E-011  1.14516E-001  1.25909E-001  2.07270E-005  1.01227E-004  8.59645E-016  1.18208E-012  5.99277E-014  5.35676E-017  2.96873E-016  3.60151E-016  7.89632E-009  3.19895E-018  1.01947E-035  2.29578E-035  4.23694E-035  1.00000E-040  1.13608E-034  4.58092E-028  8.64701E-015  1.10639E-016  2.57560E-026  1.00000E-040  3.46566E-027  5.48489E-017  1.38727E-010  2.85154E-004  7.59158E-001  6.47519E-017  4.82192E-024  1.13636E-021  9.36293E-030  1.74338E-029  3.95339E-023  6.44635E-022  5.36966E-009  9.13754E-016  3.46163E-014  8.79537E-018  3.79455E-010  7.78757E-021  3.52462E-008  1.90355E-016  1.25683E-023  2.23165E-019  1.84346E-014  3.62722E-027  9.57038E-020  1.06088E-032  4.58616E-033  1.00000E-040  1.00000E-040  1.00000E-040  5.97520E-024  1.73259E-019  1.18401E-015  1.23892E-024  7.78662E-024  3.27641E-038  1.00000E-040  1.00000E-040  1.00000E-040  1.19097E-029  1.17187E-028  7.11435E-030  7.58884E-027  2.49025E-017  2.80738E-016  3.55337E-027  1.09164E-026  2.55010E-027  6.50794E-022  1.42226E-017  1.50636E-018  4.29071E-026  1.00000E-040  9.68779E-014  1.17363E-037  9.84942E-027  2.10328E-031  2.42031E-023  1.00000E-040  5.77230E-026  3.40012E-033  4.81433E-010  1.00000E-040  5.50172E-015  1.00000E-040  1.00000E-040  1.33607E-018  3.49790E-010  1.31846E-024  1.95818E-013  1.21678E-031  1.00000E-003  1.00000E-005  1.00000E-005  1.00000E-005  1.00000E-005  1.00000E-005  1.00000E-005  1.00000E-005  1.00000E-005  1.00000E-005  1.00000E-005  1.00000E-005  1.00000E-005  1.00000E-005  1.00000E-005  1.00000E-005  
9.35000E+001  8.64230E-008  2.69630E+012  2.32155E+002  4.06996E+005  1.00000E-040  1.00000E-040  1.00000E-040  1.00000E-040  1.00000E-040  1.00000E-040  1.00000E-040  1.00000E-040  1.00000E-040  1.00000E-040  1.00000E-040  1.00000E-040  1.00000E-040  1.00000E-040  3.44315E-024  1.00000E-040  7.12818E-040  8.33909E-006  1.18059E-006  2.00020E-007  6.95315E-012  1.23144E-001  1.21353E-001  2.11358E-005  9.35795E-005  9.50737E-016  9.82125E-013  8.50257E-014  6.09971E-017  3.16432E-016  4.02302E-016  7.40248E-009  3.64008E-018  1.00000E-040  1.00000E-040  1.00000E-040  1.00000E-040  3.65324E-035  3.04889E-028  7.91809E-015  8.17770E-017  2.67349E-026  1.00000E-040  2.36725E-027  8.66028E-017  1.74127E-010  3.25277E-004  7.55053E-001  1.45335E-016  9.50745E-024  1.66492E-021  1.40667E-029  1.44901E-029  2.64841E-023  5.81992E-022  1.03841E-008  1.84354E-015  2.55285E-014  1.70294E-017  3.39052E-010  3.74802E-021  2.27037E-008  2.97708E-016  1.53194E-023  1.55103E-019  1.30294E-014  2.10586E-027  6.12109E-020  9.78787E-033  4.79022E-033  1.00000E-040  1.00000E-040  1.00000E-040  5.38642E-024  1.33578E-019  1.06226E-015  1.53496E-024  9.23792E-024  1.28306E-038  1.00000E-040  1.00000E-040  1.00000E-040  6.88603E-030  1.39560E-028  7.84277E-030  1.12204E-026  3.38929E-017  3.30344E-016  3.05858E-027  2.28354E-026  1.53676E-027  6.65516E-022  1.81331E-017  2.69187E-018  5.50554E-026  1.00000E-040  8.98264E-014  2.97438E-038  1.45565E-026  2.73511E-031  2.22665E-023  7.03805E-038  4.15108E-026  1.12574E-033  7.04062E-010  1.00000E-040  4.88002E-015  1.00000E-040  1.00000E-040  1.07593E-018  8.62588E-010  2.26161E-024  1.72645E-013  1.10011E-031  1.00000E-003  1.00000E-005  1.00000E-005  1.00000E-005  1.00000E-005  1.00000E-005  1.00000E-005  1.00000E-005  1.00000E-005  1.00000E-005  1.00000E-005  1.00000E-005  1.00000E-005  1.00000E-005  1.00000E-005  1.00000E-005  
9.45000E+001  7.59204E-008  2.26838E+012  2.42415E+002  4.06996E+005  1.00000E-040  1.00000E-040  1.00000E-040  1.00000E-040  1.00000E-040  1.00000E-040  1.00000E-040  1.00000E-040  1.00000E-040  1.00000E-040  1.00000E-040  1.00000E-040  1.00000E-040  1.00000E-040  3.56628E-024  1.00000E-040  7.89313E-040  8.48361E-006  1.18799E-006  1.76139E-007  4.89817E-012  1.31581E-001  1.17145E-001  2.14512E-005  8.66117E-005  1.07034E-015  8.56064E-013  1.22692E-013  6.95363E-017  3.39969E-016  4.61109E-016  7.02074E-009  4.09307E-018  1.00000E-040  1.00000E-040  1.00000E-040  1.00000E-040  1.19233E-035  2.09661E-028  7.24832E-015  6.63449E-017  2.87742E-026  1.00000E-040  1.63260E-027  1.32503E-016  2.15190E-010  3.68847E-004  7.50787E-001  3.50726E-016  1.74131E-023  2.37645E-021  2.16562E-029  1.19149E-029  1.77152E-023  5.37849E-022  1.90192E-008  3.94136E-015  1.90978E-014  3.24575E-017  3.05107E-010  1.79744E-021  1.47609E-008  4.44642E-016  1.80406E-023  1.09760E-019  8.86551E-015  1.31262E-027  3.99652E-020  9.08853E-033  4.91225E-033  1.00000E-040  1.00000E-040  1.00000E-040  4.86022E-024  1.01072E-019  9.66686E-016  1.82323E-024  1.03951E-023  4.90809E-039  1.00000E-040  1.00000E-040  1.00000E-040  4.06384E-030  1.66929E-028  8.75711E-030  1.54254E-026  4.53354E-017  3.88685E-016  2.61381E-027  4.43942E-026  9.65273E-028  6.89484E-022  2.30981E-017  5.38915E-018  6.88241E-026  1.00000E-040  8.33197E-014  8.22595E-039  2.00173E-026  3.45452E-031  2.05120E-023  1.00000E-040  3.13529E-026  4.39728E-034  1.01036E-009  1.00000E-040  4.31097E-015  1.00000E-040  1.00000E-040  8.68368E-019  2.23767E-009  3.69588E-024  1.53735E-013  9.75657E-032  1.00000E-003  1.00000E-005  1.00000E-005  1.00000E-005  1.00000E-005  1.00000E-005  1.00000E-005  1.00000E-005  1.00000E-005  1.00000E-005  1.00000E-005  1.00000E-005  1.00000E-005  1.00000E-005  1.00000E-005  1.00000E-005  
9.55000E+001  6.70989E-008  1.91601E+012  2.53650E+002  4.06996E+005  1.00000E-040  1.00000E-040  1.00000E-040  1.00000E-040  1.00000E-040  1.00000E-040  1.00000E-040  1.00000E-040  1.00000E-040  1.00000E-040  1.00000E-040  1.00000E-040  1.00000E-040  1.00000E-040  3.69617E-024  1.00000E-040  8.70952E-040  8.61318E-006  1.19320E-006  1.54987E-007  3.67556E-012  1.39767E-001  1.13301E-001  2.16837E-005  8.02907E-005  1.24414E-015  7.76361E-013  1.83668E-013  7.97894E-017  3.69755E-016  5.51570E-016  6.73627E-009  4.56958E-018  1.00000E-040  1.00000E-040  1.00000E-040  1.00000E-040  3.97905E-036  1.48999E-028  6.63649E-015  6.08229E-017  3.23146E-026  1.00000E-040  1.15193E-027  1.98036E-016  2.61920E-010  4.16426E-004  7.46404E-001  8.42641E-016  3.18449E-023  3.29267E-021  3.50208E-029  9.54998E-030  1.15988E-023  5.06928E-022  3.51738E-008  8.33426E-015  1.43847E-014  6.03929E-017  2.76584E-010  8.54016E-022  9.51980E-009  6.71175E-016  2.14914E-023  7.92658E-020  5.77497E-015  8.97827E-028  2.66816E-020  8.49485E-033  4.96375E-033  1.00000E-040  1.00000E-040  1.00000E-040  4.39206E-024  7.47585E-020  8.92200E-016  2.14409E-024  1.14831E-023  1.84678E-039  1.00000E-040  1.00000E-040  1.00000E-040  2.38671E-030  2.01790E-028  9.93156E-030  2.08189E-026  6.00194E-017  4.60409E-016  2.21698E-027  8.63233E-026  6.26543E-028  7.26650E-022  2.95865E-017  1.14242E-017  8.40443E-026  1.00000E-040  7.73448E-014  2.37043E-039  2.70349E-026  4.39236E-031  1.89325E-023  1.00000E-040  2.48387E-026  2.07339E-034  1.43270E-009  1.00000E-040  3.79638E-015  1.00000E-040  1.00000E-040  7.01348E-019  5.71196E-009  6.13342E-024  1.38281E-013  8.53746E-032  1.00000E-003  1.00000E-005  1.00000E-005  1.00000E-005  1.00000E-005  1.00000E-005  1.00000E-005  1.00000E-005  1.00000E-005  1.00000E-005  1.00000E-005  1.00000E-005  1.00000E-005  1.00000E-005  1.00000E-005  1.00000E-005  
9.65000E+001  5.96916E-008  1.60781E+012  2.68902E+002  4.06996E+005  1.00000E-040  1.00000E-040  1.00000E-040  1.00000E-040  1.00000E-040  1.00000E-040  1.00000E-040  1.00000E-040  1.00000E-040  1.00000E-040  1.00000E-040  1.00000E-040  1.00000E-040  1.00000E-040  3.86365E-024  1.00000E-040  9.57007E-040  8.72298E-006  1.19583E-006  1.36063E-007  3.04035E-012  1.47607E-001  1.09845E-001  2.18439E-005  7.46048E-005  1.56610E-015  7.31525E-013  2.88494E-013  9.31816E-017  4.11321E-016  7.32812E-016  6.53815E-009  5.11577E-018  1.00000E-040  1.00000E-040  1.00000E-040  1.00000E-040  1.26575E-036  1.10194E-028  6.08274E-015  6.26456E-017  3.71663E-026  1.00000E-040  8.25444E-028  2.93849E-016  3.14013E-010  4.68668E-004  7.41973E-001  1.99516E-015  6.85165E-023  4.42037E-021  6.08294E-029  7.19601E-030  7.09443E-024  4.81518E-022  7.49847E-008  1.73151E-014  1.06958E-014  1.08483E-016  2.52714E-010  3.97706E-022  5.79533E-009  1.14636E-015  2.82198E-023  5.86338E-020  3.57700E-015  6.95022E-028  1.82830E-020  7.99493E-033  4.95699E-033  1.00000E-040  1.00000E-040  1.00000E-040  3.97901E-024  5.39519E-020  8.35022E-016  2.74842E-024  1.35806E-023  6.35318E-040  1.00000E-040  1.00000E-040  1.00000E-040  1.30391E-030  2.47197E-028  1.14705E-029  3.15047E-026  8.02891E-017  5.57413E-016  1.86702E-027  1.98097E-025  4.14826E-028  7.86920E-022  3.86108E-017  2.51471E-017  1.00381E-025  1.00000E-040  7.19078E-014  6.40450E-040  4.08894E-026  6.09887E-031  1.75253E-023  3.63099E-039  2.09663E-026  1.15798E-034  2.03436E-009  1.00000E-040  3.33986E-015  1.00000E-040  1.00000E-040  5.66156E-019  1.42753E-008  1.19559E-023  1.25696E-013  7.42521E-032  1.00000E-003  1.00000E-005  1.00000E-005  1.00000E-005  1.00000E-005  1.00000E-005  1.00000E-005  1.00000E-005  1.00000E-005  1.00000E-005  1.00000E-005  1.00000E-005  1.00000E-005  1.00000E-005  1.00000E-005  1.00000E-005  
9.75000E+001  5.34653E-008  1.36297E+012  2.84121E+002  4.06996E+005  1.00000E-040  1.00000E-040  1.00000E-040  1.00000E-040  1.00000E-040  1.00000E-040  1.00000E-040  1.00000E-040  1.00000E-040  1.00000E-040  1.00000E-040  1.00000E-040  1.00000E-040  1.00000E-040  4.01194E-024  1.00000E-040  1.04664E-039  8.80848E-006  1.19571E-006  1.19009E-007  3.08058E-012  1.55018E-001  1.06792E-001  2.19426E-005  6.95311E-005  2.07963E-015  7.58744E-013  4.63533E-013  1.08872E-016  4.60575E-016  1.03809E-015  6.42025E-009  5.66821E-018  6.99240E-037  1.21228E-036  1.00000E-040  1.00000E-040  4.40517E-037  8.81993E-029  5.58721E-015  6.84124E-017  4.48912E-026  1.00000E-040  6.53933E-028  4.22382E-016  3.70845E-010  5.27363E-004  7.37561E-001  5.75821E-015  1.34181E-022  5.64151E-021  1.08736E-028  5.47502E-030  4.42908E-024  4.68819E-022  1.47978E-007  4.37563E-014  8.10136E-015  1.81369E-016  2.32820E-010  1.84183E-022  3.56992E-009  1.83150E-015  3.51914E-023  4.45944E-020  2.13726E-015  6.15781E-028  1.29159E-020  7.57793E-033  4.90358E-033  1.00000E-040  1.00000E-040  1.00000E-040  3.61741E-024  3.85052E-020  7.92022E-016  3.30847E-024  1.51314E-023  2.24687E-040  1.00000E-040  1.00000E-040  1.00000E-040  7.36207E-031  2.99049E-028  1.34312E-029  4.36838E-026  1.08219E-016  6.73778E-016  1.57438E-027  4.16268E-025  3.00935E-028  8.60225E-022  5.00851E-017  6.86172E-017  1.17066E-025  1.00000E-040  6.70062E-014  2.28077E-040  5.67196E-026  8.11887E-031  1.62866E-023  1.00000E-040  1.94356E-026  8.62736E-035  2.82226E-009  1.00000E-040  2.94871E-015  1.00000E-040  1.00000E-040  4.62397E-019  4.33059E-008  2.16349E-023  1.15510E-013  6.48885E-032  1.00000E-003  1.00000E-005  1.00000E-005  1.00000E-005  1.00000E-005  1.00000E-005  1.00000E-005  1.00000E-005  1.00000E-005  1.00000E-005  1.00000E-005  1.00000E-005  1.00000E-005  1.00000E-005  1.00000E-005  1.00000E-005  
9.85000E+001  4.81837E-008  1.16361E+012  2.99923E+002  4.06996E+005  1.00000E-040  1.00000E-040  1.00000E-040  1.00000E-040  1.00000E-040  1.00000E-040  1.00000E-040  1.00000E-040  1.00000E-040  1.00000E-040  1.00000E-040  1.00000E-040  1.00000E-040  1.00000E-040  4.11605E-024  1.00000E-040  1.13964E-039  8.86956E-006  1.19339E-006  1.03716E-007  4.58018E-012  1.61979E-001  1.04127E-001  2.19880E-005  6.50016E-005  3.01781E-015  8.84015E-013  7.85681E-013  1.27556E-016  5.21386E-016  1.61960E-015  6.38263E-009  6.24294E-018  1.00000E-040  1.00000E-040  1.00000E-040  1.00000E-040  1.79852E-037  7.93000E-029  5.14572E-015  7.45456E-017  5.82543E-026  1.00000E-040  5.95044E-028  5.91449E-016  4.31349E-010  5.95103E-004  7.33201E-001  3.59875E-014  2.51121E-022  6.82289E-021  2.06674E-028  4.32075E-030  2.89106E-024  4.66716E-022  2.81395E-007  2.39003E-013  6.24137E-015  2.77679E-016  2.16193E-010  8.84885E-023  2.21098E-009  2.83581E-015  4.28925E-023  3.49293E-020  1.28011E-015  6.12049E-028  9.42573E-021  7.23167E-033  4.81285E-033  1.00000E-040  1.00000E-040  1.00000E-040  3.30033E-024  2.80866E-020  7.60555E-016  3.96054E-024  1.67974E-023  1.00000E-040  1.00000E-040  1.00000E-040  1.00000E-040  4.23030E-031  3.50330E-028  1.59803E-029  5.93840E-026  1.49924E-016  8.18132E-016  1.35947E-027  8.44475E-025  2.46969E-028  9.50830E-022  6.48942E-017  4.10803E-016  1.32547E-025  1.00000E-040  6.25978E-014  1.28379E-040  7.72127E-026  1.05840E-030  1.52000E-023  2.15206E-039  2.02060E-026  9.55623E-035  3.84341E-009  1.00000E-040  2.62871E-015  1.00000E-040  1.00000E-040  3.87394E-019  2.83525E-007  3.77448E-023  1.07310E-013  5.74172E-032  1.00000E-003  1.00000E-005  1.00000E-005  1.00000E-005  1.00000E-005  1.00000E-005  1.00000E-005  1.00000E-005  1.00000E-005  1.00000E-005  1.00000E-005  1.00000E-005  1.00000E-005  1.00000E-005  1.00000E-005  1.00000E-005  
9.95000E+001  4.36924E-008  9.88905E+011  3.20013E+002  4.06996E+005  1.00000E-040  1.00000E-040  1.00000E-040  1.00000E-040  1.00000E-040  1.00000E-040  1.00000E-040  1.00000E-040  1.00000E-040  1.00000E-040  1.00000E-040  1.00000E-040  1.00000E-040  1.00000E-040  3.89033E-024  1.00000E-040  1.23523E-039  8.90160E-006  1.18959E-006  9.17012E-008  1.44530E-011  1.68442E-001  1.01848E-001  2.19792E-005  6.09839E-005  5.70851E-015  1.30316E-012  2.08490E-012  1.55139E-016  6.11980E-016  3.40311E-015  6.43727E-009  6.92983E-018  2.00511E-039  2.12050E-039  4.31813E-039  1.00000E-040  9.52864E-038  9.32278E-029  4.75746E-015  7.68754E-017  1.17196E-025  1.00000E-040  6.33451E-028  8.14816E-016  4.88054E-010  6.70550E-004  7.28943E-001  3.25583E-013  5.27191E-022  7.78060E-021  6.41320E-028  3.66247E-030  2.02063E-024  4.80440E-022  5.64613E-007  1.91762E-012  4.87320E-015  3.74588E-016  2.02330E-010  5.14990E-023  1.34151E-009  4.55713E-015  5.31434E-023  2.82459E-020  8.56059E-016  6.40238E-028  7.13207E-021  6.94734E-033  4.69322E-033  1.00000E-040  1.00000E-040  1.00000E-040  3.02305E-024  2.24595E-020  7.38674E-016  5.51098E-024  2.15940E-023  1.00000E-040  1.00000E-040  1.00000E-040  1.00000E-040  2.30421E-031  3.84110E-028  1.99096E-029  9.64235E-026  2.27428E-016  1.02905E-015  1.26697E-027  1.99230E-024  2.62057E-028  1.07962E-021  8.59383E-017  3.71503E-015  1.43518E-025  1.00000E-040  5.86823E-014  1.54271E-040  1.24958E-025  1.45712E-030  1.42544E-023  4.28354E-039  2.74004E-026  2.05032E-034  5.24794E-009  1.00000E-040  2.38951E-015  1.00000E-040  1.00000E-040  3.40079E-019  2.67735E-006  7.26778E-023  1.00846E-013  5.17469E-032  1.00000E-003  1.00000E-005  1.00000E-005  1.00000E-005  1.00000E-005  1.00000E-005  1.00000E-005  1.00000E-005  1.00000E-005  1.00000E-005  1.00000E-005  1.00000E-005  1.00000E-005  1.00000E-005  1.00000E-005  1.00000E-005  
