alt           press         den           temp          eddy          H2Oaer        CO2aer        S8aer         H2SO4aer      NH3aer        N2Oaer        C2H2aer       C2H4aer       C2H6aer       CH3CNaer      HCCCNaer      HCNaer        CH4aer        HCaer1        HCaer2        HCaer3        He            H             H2            H2O           OH            O             O2            CO            CO2           HCO           H2CO          C             CH            CH2           CH3           CH4           S             S2            S3            S4            S8            H2S           HS            SO            SO2           CS            CS2           OCS           CN            HCN           N             N2            NH            NH2           NH3           C2            C2H           C2H2          C2H4          NO            HNO           HO2           HNCO          N2O           H2O2          O3            NO2           NO3           SO3           HNO2          HNO3          H2SO4         HCl           Cl            Cl2           HOCl          N2H4          ClO           C2H6          CH3OH         CH2CO         CH3CHO        C3H4          C3H6          C4H2          C4H4          OClO          HCS           C2H3          C2H5          NCO           1CH2          HCCO          NNH           HSO           CH3O          H2COH         H2CN          N2H2          C4H           HCNOH         C2H2OH        CH3CO         CH2CHO        C2H3OH        C2H4OH        CH3O2         HSO3          O1D           N2H3          NH2CO         HS4           C4H3          CH2N2         N2D           CH2CN         CH3CN         HCCCN         H2Oaer_r      CO2aer_r      S8aer_r       H2SO4aer_r    NH3aer_r      N2Oaer_r      C2H2aer_r     C2H4aer_r     C2H6aer_r     CH3CNaer_r    HCCCNaer_r    HCNaer_r      CH4aer_r      HCaer1_r      HCaer2_r      HCaer3_r      
5.00000E-001  1.00962E+000  2.54847E+019  2.86941E+002  1.00000E+005  6.65500E-004  1.00000E-040  1.00000E-040  2.30448E-032  1.00000E-040  1.00000E-040  1.00000E-040  1.00000E-040  1.00000E-040  1.00000E-040  1.00000E-040  1.00000E-040  1.00000E-040  1.00000E-040  8.57804E-024  1.00000E-040  1.00000E-040  6.90190E-022  4.95238E-007  6.26967E-003  3.81416E-014  6.18303E-017  3.15962E-001  3.84900E-008  2.81295E-004  7.95200E-023  1.95468E-010  1.00000E-040  1.00000E-040  7.49792E-034  2.04974E-020  8.00305E-007  3.26287E-029  5.79914E-027  1.00000E-040  1.00000E-040  1.00000E-040  8.94602E-012  9.01745E-018  5.46402E-019  3.63541E-011  1.00000E-040  1.00000E-040  3.33790E-010  6.01672E-035  5.00749E-011  4.33736E-032  6.77486E-001  5.50210E-024  2.98753E-014  5.57323E-010  1.00000E-040  1.00000E-040  1.54556E-028  4.22819E-024  1.36807E-012  4.15740E-016  1.25765E-011  9.85226E-015  2.70400E-007  1.54357E-009  4.90715E-008  1.46348E-011  3.02449E-013  3.46363E-019  1.68906E-012  1.80617E-011  2.65484E-011  3.91665E-029  2.73598E-034  1.00000E-040  6.10403E-029  2.70800E-013  6.38957E-021  1.67558E-022  1.15693E-017  1.20628E-025  1.01046E-024  3.76970E-038  1.69463E-037  1.11472E-029  7.34939E-038  1.16564E-027  1.00000E-040  1.15033E-039  4.80503E-025  9.75732E-017  3.96991E-035  3.65593E-038  4.72102E-023  1.08605E-017  5.64715E-019  3.63899E-015  3.65327E-025  6.80224E-011  1.00000E-040  3.32832E-019  1.00000E-040  6.54892E-026  7.71490E-030  7.27630E-023  8.27915E-025  2.88007E-011  1.28407E-023  1.63394E-022  1.56990E-013  1.71489E-014  1.00000E-040  1.85014E-037  1.09855E-023  1.00000E-040  4.83671E-022  3.67029E-011  4.21265E-037  1.00000E-003  1.00000E-005  1.00000E-005  1.00000E-005  1.00000E-005  1.00000E-005  1.00000E-005  1.00000E-005  1.00000E-005  1.00000E-005  1.00000E-005  1.00000E-005  1.00000E-005  1.00000E-005  1.00000E-005  1.00000E-005  
1.50000E+000  8.92595E-001  2.30464E+019  2.80522E+002  1.00000E+005  8.74845E-004  1.00000E-040  1.00000E-040  2.70375E-029  1.00000E-040  1.00000E-040  1.00000E-040  1.00000E-040  1.00000E-040  1.00000E-040  1.00000E-040  1.00000E-040  1.00000E-040  1.00000E-040  5.04839E-024  1.00000E-040  1.00029E-040  6.53121E-022  4.96049E-007  4.77954E-003  3.74465E-014  7.27342E-017  3.16436E-001  3.74542E-008  2.81719E-004  5.40995E-023  1.21972E-010  1.00000E-040  1.00000E-040  6.05387E-034  1.76950E-020  8.00050E-007  2.41255E-029  5.75399E-027  1.00000E-040  1.00000E-040  1.00000E-040  5.05261E-012  5.16148E-018  4.07480E-019  7.49203E-011  1.00000E-040  1.00000E-040  3.34043E-010  3.51556E-035  5.00296E-011  7.24306E-032  6.78501E-001  7.46973E-024  8.42368E-014  5.33380E-010  1.00000E-040  1.00000E-040  1.50085E-028  4.24618E-024  8.01464E-014  7.57499E-016  1.19380E-011  8.30230E-015  2.70786E-007  1.49001E-009  4.89421E-008  2.22922E-012  9.73682E-014  2.21273E-019  9.24526E-013  2.35629E-011  2.83959E-011  2.22538E-029  2.85052E-034  3.26392E-036  4.76741E-029  6.81163E-013  6.39915E-021  1.71532E-022  1.07904E-017  1.36241E-025  9.99763E-025  3.77536E-038  1.65443E-037  1.11640E-029  5.92944E-038  1.10950E-027  1.00000E-040  1.06625E-039  2.77275E-025  5.88899E-016  2.99287E-035  4.33749E-038  5.84349E-023  8.76836E-018  4.07138E-019  4.33368E-015  2.44685E-025  6.89773E-011  1.00000E-040  5.23265E-019  1.00000E-040  7.49977E-026  7.42628E-030  7.28721E-023  9.10541E-025  3.16245E-010  2.69412E-023  2.08854E-022  3.15085E-013  1.73098E-014  1.00000E-040  1.92172E-037  7.24618E-024  1.00000E-040  4.70497E-022  3.65101E-011  4.21896E-037  1.00000E-003  1.00000E-005  1.00000E-005  1.00000E-005  1.00000E-005  1.00000E-005  1.00000E-005  1.00000E-005  1.00000E-005  1.00000E-005  1.00000E-005  1.00000E-005  1.00000E-005  1.00000E-005  1.00000E-005  1.00000E-005  
2.50000E+000  7.87562E-001  2.06967E+019  2.75614E+002  1.00000E+005  5.86513E-004  1.00000E-040  1.00000E-040  2.84152E-026  1.00000E-040  1.00000E-040  1.00000E-040  1.00000E-040  1.00000E-040  1.00000E-040  1.00000E-040  1.00000E-040  1.00000E-040  1.00000E-040  5.26522E-024  1.00000E-040  1.00127E-040  7.12458E-022  4.96519E-007  3.80150E-003  4.40741E-014  8.83565E-017  3.16747E-001  3.62157E-008  2.81998E-004  2.49339E-023  4.68744E-011  1.00000E-040  1.00000E-040  7.45145E-034  1.93571E-020  7.99614E-007  2.05330E-029  5.67394E-027  1.00000E-040  1.00000E-040  1.00000E-040  2.83320E-012  3.49352E-018  3.43096E-019  5.82969E-011  1.00000E-040  1.00000E-040  3.34143E-010  2.72933E-035  4.99787E-011  1.35341E-031  6.79168E-001  9.80869E-024  1.08069E-013  5.12590E-010  1.00000E-040  1.00000E-040  1.42905E-028  4.13587E-024  1.06059E-014  1.05430E-015  1.03590E-011  7.76712E-015  2.71029E-007  1.37347E-009  4.90608E-008  4.96411E-013  2.96509E-014  1.58812E-019  4.88817E-013  2.28931E-011  2.95614E-011  1.46301E-029  3.00806E-034  4.13216E-038  4.16546E-029  9.32099E-013  6.40544E-021  1.78979E-022  9.69692E-018  1.67641E-025  1.00678E-024  3.77909E-038  1.59330E-037  1.11749E-029  4.23641E-038  1.07372E-027  1.00000E-040  1.16571E-039  2.44313E-025  2.63464E-015  3.48807E-035  5.54243E-038  8.30975E-023  7.86435E-018  1.42000E-019  4.80444E-015  1.86451E-025  6.99964E-011  1.00000E-040  8.72093E-019  1.00000E-040  9.87343E-026  6.99844E-030  7.29437E-023  9.60170E-025  7.24459E-010  2.53138E-023  2.63465E-022  4.35786E-013  1.74385E-014  1.00000E-040  1.98511E-037  6.58958E-024  1.00000E-040  4.49182E-022  3.63363E-011  4.22311E-037  1.00000E-003  1.00000E-005  1.00000E-005  1.00000E-005  1.00000E-005  1.00000E-005  1.00000E-005  1.00000E-005  1.00000E-005  1.00000E-005  1.00000E-005  1.00000E-005  1.00000E-005  1.00000E-005  1.00000E-005  1.00000E-005  
3.50000E+000  6.93400E-001  1.85560E+019  2.70655E+002  1.00000E+005  5.42412E-004  1.00000E-040  1.00000E-040  1.71471E-023  1.00000E-040  1.00000E-040  1.00000E-040  1.00000E-040  1.00000E-040  1.00000E-040  1.00000E-040  1.00000E-040  1.00000E-040  1.00000E-040  6.55960E-024  1.00000E-040  1.00215E-040  7.85251E-022  4.96983E-007  2.92998E-003  4.90803E-014  1.08762E-016  3.17024E-001  3.50583E-008  2.82247E-004  1.52835E-023  2.47557E-011  1.00000E-040  1.00000E-040  8.17838E-034  1.99379E-020  7.99318E-007  1.62509E-029  5.57024E-027  1.00000E-040  1.00000E-040  1.00000E-040  1.60250E-012  2.24741E-018  2.81043E-019  4.53426E-011  1.00000E-040  1.00000E-040  3.34227E-010  1.96637E-035  4.99386E-011  2.08171E-031  6.79762E-001  1.09979E-023  1.12346E-013  4.95029E-010  1.00000E-040  1.00000E-040  1.34153E-028  4.04642E-024  5.30037E-015  1.33126E-015  9.88901E-012  6.53468E-015  2.71239E-007  1.24471E-009  4.97902E-008  2.72801E-013  1.88441E-014  1.07928E-019  2.73401E-013  2.21156E-011  2.87746E-011  1.15524E-029  3.09197E-034  4.92138E-040  3.60945E-029  9.40271E-013  6.41104E-021  1.90507E-022  8.64311E-018  2.08876E-025  9.86609E-025  3.78242E-038  1.51889E-037  1.11847E-029  2.99720E-038  1.05928E-027  1.00000E-040  1.21031E-039  2.52545E-025  4.77339E-015  3.61562E-035  6.17031E-038  1.12047E-022  6.88233E-018  1.10812E-019  5.46418E-015  1.49990E-025  7.05272E-011  1.00000E-040  1.40013E-018  1.00000E-040  1.24188E-025  6.48607E-030  7.30075E-023  9.88670E-025  9.53369E-010  2.25172E-023  3.30742E-022  4.62149E-013  1.75239E-014  1.00000E-040  2.00875E-037  5.52321E-024  1.00000E-040  4.22144E-022  3.61897E-011  4.22678E-037  1.00000E-003  1.00000E-005  1.00000E-005  1.00000E-005  1.00000E-005  1.00000E-005  1.00000E-005  1.00000E-005  1.00000E-005  1.00000E-005  1.00000E-005  1.00000E-005  1.00000E-005  1.00000E-005  1.00000E-005  1.00000E-005  
4.50000E+000  6.08959E-001  1.66498E+019  2.64909E+002  1.00000E+005  5.46568E-004  1.00000E-040  1.00000E-040  5.18236E-021  1.00000E-040  1.00000E-040  1.00000E-040  1.00000E-040  1.00000E-040  1.00000E-040  1.00000E-040  1.00000E-040  1.00000E-040  1.00000E-040  2.32742E-024  1.00000E-040  1.00302E-040  8.32163E-022  4.97526E-007  2.06399E-003  5.12821E-014  1.34183E-016  3.17299E-001  3.40715E-008  2.82493E-004  1.49870E-023  2.16266E-011  1.00000E-040  1.00000E-040  7.55793E-034  1.85784E-020  7.99226E-007  1.21766E-029  5.45122E-027  1.00000E-040  1.00000E-040  1.00000E-040  9.28558E-013  1.38920E-018  2.34832E-019  3.55219E-011  1.00000E-040  1.00000E-040  3.34328E-010  1.21797E-035  4.99132E-011  2.79921E-031  6.80353E-001  1.09584E-023  1.09575E-013  4.80573E-010  1.00000E-040  1.00000E-040  1.24711E-028  3.99162E-024  5.87152E-015  1.63188E-015  9.54997E-012  4.86445E-015  2.71444E-007  1.11178E-009  5.11877E-008  2.68617E-013  1.75788E-014  6.44351E-020  1.85089E-013  2.16670E-011  2.50576E-011  9.66319E-030  3.06628E-034  1.00000E-040  3.05372E-029  8.51987E-013  6.41661E-021  2.06597E-022  7.70155E-018  2.60471E-025  9.36642E-025  3.78574E-038  1.43727E-037  1.11944E-029  2.11982E-038  1.06384E-027  1.00000E-040  1.17940E-039  2.65394E-025  5.00461E-015  3.11878E-035  1.02827E-037  1.46005E-022  6.22773E-018  1.41942E-019  6.50563E-015  1.16783E-025  7.03825E-011  1.00000E-040  2.31777E-018  1.00000E-040  1.52238E-025  5.93206E-030  7.30709E-023  1.00857E-024  9.77520E-010  1.90736E-023  4.13972E-022  4.37346E-013  1.75777E-014  1.00000E-040  2.01467E-037  3.92889E-024  1.00000E-040  3.91305E-022  3.60720E-011  4.23044E-037  1.00000E-003  1.00000E-005  1.00000E-005  1.00000E-005  1.00000E-005  1.00000E-005  1.00000E-005  1.00000E-005  1.00000E-005  1.00000E-005  1.00000E-005  1.00000E-005  1.00000E-005  1.00000E-005  1.00000E-005  1.00000E-005  
5.50000E+000  5.33334E-001  1.49257E+019  2.58811E+002  1.00000E+005  4.54182E-004  1.00000E-040  1.00000E-040  2.61858E-018  1.00000E-040  1.00000E-040  1.00000E-040  1.00000E-040  1.00000E-040  1.00000E-040  1.00000E-040  1.00000E-040  1.00000E-040  1.00000E-040  1.67376E-024  1.00000E-040  1.00372E-040  8.77433E-022  4.98048E-007  1.36854E-003  5.23884E-014  1.66772E-016  3.17520E-001  3.32447E-008  2.82692E-004  1.87659E-023  2.43402E-011  1.00000E-040  1.00000E-040  6.50197E-034  1.65824E-020  7.99167E-007  9.12685E-030  5.32206E-027  7.19589E-037  7.47298E-036  1.00000E-040  5.54061E-013  8.66563E-019  2.06359E-019  2.81277E-011  1.00000E-040  1.00000E-040  3.34385E-010  6.97835E-036  4.98931E-011  3.69927E-031  6.80827E-001  1.06467E-023  1.04489E-013  4.68737E-010  1.00000E-040  1.00000E-040  1.15268E-028  3.96051E-024  9.29262E-015  1.97951E-015  9.31779E-012  3.54614E-015  2.71600E-007  1.01093E-009  5.32080E-008  3.23573E-013  1.83744E-014  3.94948E-020  1.80889E-013  2.24048E-011  2.09815E-011  8.16672E-030  2.99785E-034  1.00000E-040  2.58163E-029  7.36596E-013  6.42108E-021  2.27557E-022  6.88268E-018  3.29242E-025  8.73072E-025  3.78842E-038  1.35324E-037  1.12022E-029  1.48129E-038  1.08435E-027  1.00000E-040  1.12604E-039  2.80936E-025  4.06348E-015  2.48546E-035  6.20054E-038  1.89218E-022  5.97878E-018  2.10670E-019  7.91940E-015  8.88121E-026  6.96034E-011  1.00000E-040  3.97471E-018  1.00000E-040  1.87506E-025  5.37657E-030  7.31218E-023  1.02359E-024  8.40671E-010  1.60393E-023  5.17721E-022  3.92245E-013  1.76091E-014  1.00000E-040  2.01626E-037  2.56735E-024  1.00000E-040  3.58621E-022  3.59744E-011  4.23416E-037  1.00000E-003  1.00000E-005  1.00000E-005  1.00000E-005  1.00000E-005  1.00000E-005  1.00000E-005  1.00000E-005  1.00000E-005  1.00000E-005  1.00000E-005  1.00000E-005  1.00000E-005  1.00000E-005  1.00000E-005  1.00000E-005  
6.50000E+000  4.65635E-001  1.33803E+019  2.52055E+002  1.00000E+005  3.55747E-004  1.00000E-040  1.00000E-040  1.05195E-015  1.00000E-040  1.00000E-040  1.00000E-040  1.00000E-040  1.00000E-040  1.00000E-040  1.00000E-040  1.00000E-040  1.00000E-040  1.00000E-040  1.12965E-024  1.00000E-040  1.00425E-040  9.25652E-022  4.98524E-007  8.38137E-004  5.28650E-014  2.07330E-016  3.17689E-001  3.25422E-008  2.82843E-004  2.55510E-023  2.98886E-011  1.00000E-040  1.00000E-040  5.21390E-034  1.40974E-020  7.99106E-007  6.95140E-030  5.18667E-027  1.00000E-040  4.06494E-040  1.00000E-040  3.40927E-013  5.53451E-019  1.96886E-019  2.25541E-011  1.00000E-040  1.00000E-040  3.34397E-010  3.59954E-036  4.98762E-011  5.06718E-031  6.81189E-001  1.03358E-023  9.74853E-014  4.59061E-010  1.00000E-040  1.00000E-040  1.06292E-028  3.93952E-024  1.88497E-014  2.37598E-015  9.17930E-012  2.60603E-015  2.71706E-007  9.34548E-010  5.57913E-008  4.26891E-013  1.98679E-014  2.70927E-020  2.57627E-013  2.43358E-011  1.64829E-011  6.92236E-030  2.93192E-034  1.00000E-040  2.20680E-029  6.11799E-013  6.42449E-021  2.53742E-022  6.17861E-018  4.26993E-025  8.06467E-025  3.79049E-038  1.27016E-037  1.12081E-029  9.99710E-039  1.11791E-027  1.00000E-040  1.05744E-039  2.99174E-025  2.83134E-015  1.82323E-035  3.16293E-037  2.51001E-022  6.32429E-018  3.36698E-019  9.69508E-015  6.57828E-026  6.83203E-011  1.00000E-040  7.42837E-018  1.00000E-040  2.37730E-025  4.84491E-030  7.31606E-023  1.03667E-024  6.03044E-010  1.36004E-023  6.45793E-022  3.37874E-013  1.76271E-014  1.00000E-040  2.01822E-037  1.55018E-024  1.00000E-040  3.25801E-022  3.58929E-011  4.23734E-037  1.00000E-003  1.00000E-005  1.00000E-005  1.00000E-005  1.00000E-005  1.00000E-005  1.00000E-005  1.00000E-005  1.00000E-005  1.00000E-005  1.00000E-005  1.00000E-005  1.00000E-005  1.00000E-005  1.00000E-005  1.00000E-005  
7.50000E+000  4.05080E-001  1.19763E+019  2.44982E+002  1.00000E+005  2.45619E-004  1.00000E-040  1.00000E-040  3.42768E-013  1.00000E-040  1.00000E-040  1.00000E-040  1.00000E-040  1.00000E-040  1.00000E-040  1.00000E-040  1.00000E-040  1.00000E-040  1.00000E-040  8.96282E-025  1.00000E-040  1.00461E-040  1.00150E-021  4.98909E-007  4.80380E-004  5.38106E-014  2.58696E-016  3.17802E-001  3.19109E-008  2.82946E-004  3.51012E-023  3.68177E-011  1.00000E-040  1.00000E-040  4.12390E-034  1.18042E-020  7.99001E-007  5.50652E-030  5.04815E-027  3.58972E-037  3.79498E-036  1.00000E-040  2.16087E-013  3.69450E-019  2.05045E-019  1.83354E-011  1.00000E-040  1.00000E-040  3.34355E-010  1.74852E-036  4.98600E-011  7.34724E-031  6.81433E-001  1.01454E-023  8.91595E-014  4.51099E-010  1.00000E-040  1.00000E-040  9.81346E-029  3.92640E-024  4.93606E-014  2.81259E-015  9.19070E-012  1.94652E-015  2.71760E-007  8.71495E-010  5.88618E-008  5.90536E-013  2.12909E-014  2.52283E-020  4.44195E-013  2.75369E-011  1.14036E-011  5.99307E-030  2.91092E-034  1.00000E-040  1.92846E-029  4.81810E-013  6.42678E-021  2.85538E-022  5.57860E-018  5.68749E-025  7.47561E-025  3.79192E-038  1.19024E-037  1.12122E-029  6.44712E-039  1.16192E-027  1.00000E-040  1.00012E-039  3.24486E-025  1.80986E-015  1.30679E-035  1.32872E-037  3.45301E-022  7.38551E-018  5.54165E-019  1.17252E-014  4.83161E-026  6.66765E-011  1.00000E-040  1.50327E-017  1.00000E-040  3.13922E-025  4.35774E-030  7.31867E-023  1.05015E-024  3.37127E-010  1.18591E-023  8.04101E-022  2.76516E-013  1.76370E-014  1.00000E-040  2.01856E-037  9.07542E-025  1.00000E-040  2.94247E-022  3.58226E-011  4.23922E-037  1.00000E-003  1.00000E-005  1.00000E-005  1.00000E-005  1.00000E-005  1.00000E-005  1.00000E-005  1.00000E-005  1.00000E-005  1.00000E-005  1.00000E-005  1.00000E-005  1.00000E-005  1.00000E-005  1.00000E-005  1.00000E-005  
8.50000E+000  3.51001E-001  1.06958E+019  2.37690E+002  1.00000E+005  1.53754E-004  1.00000E-040  1.00000E-040  7.51572E-011  1.00000E-040  1.00000E-040  1.00000E-040  1.00000E-040  1.00000E-040  1.00000E-040  1.00000E-040  1.00000E-040  1.00000E-040  1.00000E-040  7.81952E-025  1.00000E-040  1.00484E-040  1.10315E-021  4.99178E-007  2.59422E-004  5.60682E-014  3.23881E-016  3.17873E-001  3.12904E-008  2.83009E-004  4.25382E-023  3.96249E-011  1.00000E-040  1.00000E-040  3.32225E-034  9.90277E-021  7.98851E-007  4.61002E-030  4.90873E-027  1.00000E-040  1.00000E-040  1.00000E-040  1.41281E-013  2.61630E-019  2.35673E-019  1.51453E-011  1.00000E-040  1.00000E-040  3.34267E-010  8.13624E-037  4.98441E-011  1.13890E-030  6.81583E-001  1.00340E-023  7.79327E-014  4.44498E-010  1.00000E-040  1.00000E-040  9.10473E-029  3.92455E-024  1.70017E-013  3.25778E-015  9.05557E-012  1.48314E-015  2.71772E-007  7.95681E-010  6.23452E-008  8.08074E-013  2.08082E-014  3.27942E-020  8.00367E-013  3.19592E-011  5.18669E-012  5.51334E-030  2.97247E-034  1.00000E-040  1.73953E-029  3.45547E-013  6.42820E-021  3.23475E-022  5.07011E-018  7.70330E-025  7.04611E-025  3.79284E-038  1.11506E-037  1.12146E-029  3.93529E-039  1.21399E-027  1.00000E-040  9.68513E-040  3.65764E-025  1.11285E-015  9.45269E-036  6.33452E-038  5.00726E-022  9.62943E-018  8.16387E-019  1.38244E-014  3.52805E-026  6.48189E-011  1.00000E-040  3.33447E-017  1.00000E-040  4.37294E-025  3.92958E-030  7.32029E-023  1.06743E-024  1.24298E-010  1.08099E-023  9.99103E-022  2.08801E-013  1.76422E-014  1.00000E-040  2.01331E-037  5.31998E-025  1.00000E-040  2.65035E-022  3.57609E-011  4.24055E-037  1.00000E-003  1.00000E-005  1.00000E-005  1.00000E-005  1.00000E-005  1.00000E-005  1.00000E-005  1.00000E-005  1.00000E-005  1.00000E-005  1.00000E-005  1.00000E-005  1.00000E-005  1.00000E-005  1.00000E-005  1.00000E-005  
9.50000E+000  3.02833E-001  9.51757E+018  2.30459E+002  9.61769E+004  8.48605E-005  1.00000E-040  1.00000E-040  2.16381E-010  1.00000E-040  1.00000E-040  1.00000E-040  1.00000E-040  1.00000E-040  1.00000E-040  1.00000E-040  1.00000E-040  1.00000E-040  1.00000E-040  2.29597E-024  1.00000E-040  1.00496E-040  1.19905E-021  4.99321E-007  1.35819E-004  6.11827E-014  4.08881E-016  3.17912E-001  3.06286E-008  2.83045E-004  3.44963E-023  2.81044E-011  1.00000E-040  1.00000E-040  2.89579E-034  8.62161E-021  7.98660E-007  4.17523E-030  4.76793E-027  1.00000E-040  1.00000E-040  1.00000E-040  9.56286E-014  2.00850E-019  3.01049E-019  1.27287E-011  1.00000E-040  1.00000E-040  3.34139E-010  3.80603E-037  4.98285E-011  1.88316E-030  6.81668E-001  9.88370E-024  6.13926E-014  4.38893E-010  1.00000E-040  1.00000E-040  8.51245E-029  3.94837E-024  5.80648E-013  3.65908E-015  7.97417E-012  1.16791E-015  2.71749E-007  6.83244E-010  6.62692E-008  9.94707E-013  1.66361E-014  5.30676E-020  1.40924E-012  3.77409E-011  2.00928E-012  5.66779E-030  3.16333E-034  1.00000E-040  1.64115E-029  2.12404E-013  6.42899E-021  3.69159E-022  4.63881E-018  1.03999E-024  6.85349E-025  3.79341E-038  1.04452E-037  1.12160E-029  2.27828E-039  1.27406E-027  1.00000E-040  9.88845E-040  4.39556E-025  6.97581E-016  7.35505E-036  1.36688E-037  7.75854E-022  1.40706E-017  7.16458E-019  1.57873E-014  2.56540E-026  6.28624E-011  1.00000E-040  8.04907E-017  1.00000E-040  6.46351E-025  3.56787E-030  7.32119E-023  1.09400E-024  2.68875E-011  1.05248E-023  1.24174E-021  1.40341E-013  1.76448E-014  1.00000E-040  1.99938E-037  3.30156E-025  1.00000E-040  2.38517E-022  3.57049E-011  4.24167E-037  1.00000E-003  1.00000E-005  1.00000E-005  1.00000E-005  1.00000E-005  1.00000E-005  1.00000E-005  1.00000E-005  1.00000E-005  1.00000E-005  1.00000E-005  1.00000E-005  1.00000E-005  1.00000E-005  1.00000E-005  1.00000E-005  
1.05000E+001  2.60113E-001  8.42211E+018  2.23696E+002  6.85565E+004  3.56159E-005  1.00000E-040  1.00000E-040  4.74982E-009  1.00000E-040  1.00000E-040  1.00000E-040  1.00000E-040  1.00000E-040  1.00000E-040  1.00000E-040  1.00000E-040  1.00000E-040  1.00000E-040  7.02273E-023  1.00000E-040  1.00503E-040  1.29763E-021  4.99373E-007  7.27520E-005  6.75614E-014  5.30961E-016  3.17932E-001  2.98483E-008  2.83064E-004  1.94001E-023  1.37477E-011  1.00000E-040  1.00000E-040  2.61942E-034  7.69240E-021  7.98394E-007  3.82515E-030  4.60189E-027  1.00000E-040  1.00000E-040  1.00000E-040  6.49498E-014  1.55981E-019  3.92893E-019  1.06874E-011  1.00000E-040  1.00000E-040  3.33945E-010  1.81582E-037  4.98107E-011  2.98754E-030  6.81711E-001  9.23558E-024  4.17118E-014  4.33289E-010  1.00000E-040  1.00000E-040  7.98275E-029  4.07094E-024  1.38489E-012  3.98434E-015  6.49964E-012  9.20491E-016  2.71690E-007  5.45871E-010  7.15332E-008  1.28896E-012  1.25298E-014  8.56146E-020  2.45182E-012  4.65374E-011  1.06166E-012  6.61040E-030  3.38454E-034  1.00000E-040  1.57962E-029  1.06213E-013  6.42939E-021  4.34081E-022  4.23696E-018  1.38223E-024  6.89371E-025  3.79378E-038  9.68286E-038  1.12167E-029  1.27684E-039  1.35924E-027  1.00000E-040  1.05158E-039  5.62883E-025  4.19535E-016  5.94327E-036  1.06742E-036  1.21034E-021  2.10373E-017  4.06552E-019  1.80546E-014  1.87260E-026  6.06228E-011  1.00000E-040  1.91525E-016  1.00000E-040  9.35569E-025  3.24456E-030  7.32165E-023  1.14680E-024  5.35960E-012  1.03345E-023  1.56751E-021  7.98082E-014  1.76460E-014  1.00000E-040  1.97672E-037  2.09819E-025  1.00000E-040  2.11395E-022  3.56444E-011  4.24252E-037  1.00000E-003  1.00000E-005  1.00000E-005  1.00000E-005  1.00000E-005  1.00000E-005  1.00000E-005  1.00000E-005  1.00000E-005  1.00000E-005  1.00000E-005  1.00000E-005  1.00000E-005  1.00000E-005  1.00000E-005  1.00000E-005  
1.15000E+001  2.22464E-001  7.39661E+018  2.17843E+002  2.37960E+004  8.53668E-006  1.00000E-040  1.00000E-040  1.97516E-009  1.00000E-040  1.00000E-040  1.00000E-040  1.00000E-040  1.00000E-040  1.00000E-040  1.00000E-040  1.00000E-040  1.00000E-040  1.00000E-040  4.39321E-023  1.00000E-040  1.00506E-040  1.42688E-021  4.99361E-007  4.16956E-005  7.34658E-014  7.61568E-016  3.17942E-001  2.84880E-008  2.83074E-004  1.17824E-023  7.26320E-012  1.00000E-040  1.00000E-040  2.40838E-034  7.03528E-021  7.97818E-007  2.94994E-030  4.28153E-027  1.00000E-040  1.00000E-040  1.00000E-040  3.67042E-014  1.01711E-019  4.46036E-019  8.14032E-012  1.00000E-040  1.00000E-040  3.33491E-010  9.17393E-038  4.97789E-011  4.06067E-030  6.81732E-001  7.72397E-024  2.08773E-014  4.24062E-010  1.00000E-040  1.00000E-040  7.32728E-029  4.65573E-024  3.31907E-012  4.17998E-015  5.14760E-012  7.06377E-016  2.71524E-007  3.64833E-010  8.34372E-008  2.31563E-012  9.82004E-015  1.16078E-019  5.07865E-012  6.86591E-011  1.03595E-012  9.60219E-030  3.50010E-034  1.00000E-040  1.58735E-029  3.10613E-014  6.42958E-021  5.87840E-022  3.68421E-018  1.86249E-024  7.58148E-025  3.79423E-038  8.36889E-038  1.12170E-029  6.73459E-040  1.56959E-027  1.00000E-040  1.23246E-039  8.47652E-025  1.96887E-016  4.92814E-036  3.69640E-037  1.75123E-021  2.71788E-017  3.08154E-019  2.26004E-014  1.32172E-026  5.67323E-011  1.00000E-040  4.12134E-016  1.00000E-040  1.22778E-024  2.86620E-030  7.32187E-023  1.31644E-024  1.44018E-012  8.98602E-024  2.14660E-021  2.74851E-014  1.76466E-014  1.00000E-040  1.93349E-037  1.32941E-025  1.00000E-040  1.68638E-022  3.55351E-011  4.24336E-037  1.00000E-003  1.00000E-005  1.00000E-005  1.00000E-005  1.00000E-005  1.00000E-005  1.00000E-005  1.00000E-005  1.00000E-005  1.00000E-005  1.00000E-005  1.00000E-005  1.00000E-005  1.00000E-005  1.00000E-005  1.00000E-005  
1.25000E+001  1.89547E-001  6.43971E+018  2.13190E+002  1.42829E+004  2.06045E-006  1.00000E-040  1.00000E-040  1.06730E-009  1.00000E-040  1.00000E-040  1.00000E-040  1.00000E-040  1.00000E-040  1.00000E-040  1.00000E-040  1.00000E-040  1.00000E-040  1.00000E-040  3.11631E-023  1.00000E-040  1.00509E-040  1.60290E-021  4.99232E-007  2.49787E-005  8.13003E-014  1.30196E-015  3.17947E-001  2.61088E-008  2.83082E-004  9.89817E-024  5.25635E-012  1.00000E-040  1.00000E-040  2.47335E-034  6.97011E-021  7.96532E-007  1.89830E-030  3.63171E-027  9.66364E-040  1.07047E-038  1.00000E-040  1.50398E-014  5.47800E-020  4.47976E-019  5.17895E-012  1.00000E-040  1.00000E-040  3.32381E-010  5.36099E-038  4.97212E-011  5.50523E-030  6.81743E-001  6.64254E-024  8.39564E-015  4.07627E-010  1.00000E-040  1.00000E-040  6.70444E-029  6.57814E-024  8.49155E-012  3.81975E-015  3.59043E-012  5.56267E-016  2.71089E-007  1.77889E-010  1.12775E-007  5.41425E-012  8.99405E-015  1.38979E-019  1.18377E-011  1.29133E-010  9.97686E-013  1.64598E-029  3.60119E-034  1.00000E-040  1.83608E-029  4.84744E-015  6.42965E-021  9.87800E-022  2.96162E-018  2.40590E-024  1.03642E-024  3.79512E-038  6.09308E-038  1.12172E-029  3.70911E-040  2.10536E-027  1.00000E-040  1.83811E-039  1.47355E-024  8.01286E-017  4.64323E-036  5.57522E-037  2.30018E-021  3.07785E-017  3.06581E-019  3.24281E-014  9.19104E-027  5.01200E-011  1.00000E-040  7.81377E-016  1.00000E-040  1.49379E-024  2.62677E-030  7.32196E-023  1.82371E-024  4.88696E-013  6.54853E-024  3.43060E-021  4.83642E-015  1.76468E-014  1.00000E-040  1.85899E-037  9.38588E-026  1.00000E-040  1.04536E-022  3.53198E-011  4.24664E-037  1.00000E-003  1.00000E-005  1.00000E-005  1.00000E-005  1.00000E-005  1.00000E-005  1.00000E-005  1.00000E-005  1.00000E-005  1.00000E-005  1.00000E-005  1.00000E-005  1.00000E-005  1.00000E-005  1.00000E-005  1.00000E-005  
1.35000E+001  1.60996E-001  5.56562E+018  2.09517E+002  6.95701E+003  5.12039E-007  1.00000E-040  1.00000E-040  5.85575E-010  1.00000E-040  1.00000E-040  1.00000E-040  1.00000E-040  1.00000E-040  1.00000E-040  1.00000E-040  1.00000E-040  1.00000E-040  1.00000E-040  2.50722E-023  1.00000E-040  1.00513E-040  1.70208E-021  4.98855E-007  1.71766E-005  8.70090E-014  2.59723E-015  3.17949E-001  2.28244E-008  2.83088E-004  8.98421E-024  4.12243E-012  1.00000E-040  1.00000E-040  2.54425E-034  7.06774E-021  7.94072E-007  1.24962E-030  2.60711E-027  1.00000E-040  1.00000E-040  1.00000E-040  4.57316E-015  2.74719E-020  4.38611E-019  2.76328E-012  1.00000E-040  1.00000E-040  3.30078E-010  3.39774E-038  4.96349E-011  7.36535E-030  6.81749E-001  5.93901E-024  3.30851E-015  3.83200E-010  1.00000E-040  1.00000E-040  6.59845E-029  1.05222E-023  1.99338E-011  2.66049E-015  2.14915E-012  4.29039E-016  2.70152E-007  6.16693E-011  1.73642E-007  1.38246E-011  9.90352E-015  1.14723E-019  2.57586E-011  2.66087E-010  9.10536E-013  2.63312E-029  3.52862E-034  1.00000E-040  2.29996E-029  5.59244E-016  6.42964E-021  1.88108E-021  2.28586E-018  3.00036E-024  1.61376E-024  3.79695E-038  3.28301E-038  1.12171E-029  2.31005E-040  3.22468E-027  1.00000E-040  3.03136E-039  2.58270E-024  3.19920E-017  4.45019E-036  2.77317E-037  2.60102E-021  3.41546E-017  3.09591E-019  5.38753E-014  6.08800E-027  4.15146E-011  1.00000E-040  1.25522E-015  1.00000E-040  1.80375E-024  2.19710E-030  7.32196E-023  2.76987E-024  1.87930E-013  3.81967E-024  6.29101E-021  5.57292E-016  1.76468E-014  1.00000E-040  1.75019E-037  6.67371E-026  1.00000E-040  4.21597E-023  3.49566E-011  4.25353E-037  1.00000E-003  1.00000E-005  1.00000E-005  1.00000E-005  1.00000E-005  1.00000E-005  1.00000E-005  1.00000E-005  1.00000E-005  1.00000E-005  1.00000E-005  1.00000E-005  1.00000E-005  1.00000E-005  1.00000E-005  1.00000E-005  
1.45000E+001  1.36386E-001  4.78627E+018  2.06391E+002  5.42540E+003  1.80479E-007  1.00000E-040  1.00000E-040  3.93289E-010  1.00000E-040  1.00000E-040  1.00000E-040  1.00000E-040  1.00000E-040  1.00000E-040  1.00000E-040  1.00000E-040  1.00000E-040  1.00000E-040  2.23130E-023  1.00000E-040  1.00519E-040  1.60070E-021  4.98026E-007  1.26488E-005  8.50003E-014  5.61004E-015  3.17949E-001  1.90459E-008  2.83093E-004  7.67019E-024  3.08278E-012  1.00000E-040  1.00000E-040  2.28479E-034  6.80943E-021  7.89837E-007  1.69617E-030  1.41184E-027  3.39270E-036  3.78998E-035  1.00000E-040  1.12224E-015  1.35440E-020  4.17192E-019  1.29823E-012  1.00000E-040  1.00000E-040  3.25844E-010  2.09408E-038  4.95209E-011  9.08797E-030  6.81753E-001  5.06260E-024  1.24627E-015  3.51282E-010  1.00000E-040  1.00000E-040  7.11722E-029  1.60251E-023  4.26363E-011  1.29423E-015  1.20152E-012  3.04063E-016  2.68384E-007  1.68739E-011  2.85084E-007  3.60415E-011  1.22665E-014  7.06347E-020  5.06735E-011  5.29463E-010  5.50055E-013  3.60990E-029  3.12507E-034  1.00000E-040  2.77461E-029  6.35690E-017  6.42953E-021  3.67025E-021  1.82943E-018  3.66387E-024  2.39853E-024  3.80045E-038  1.07788E-038  1.12170E-029  1.61157E-040  5.27646E-027  1.00000E-040  4.36989E-039  4.09211E-024  1.20383E-017  3.75538E-036  1.00000E-040  2.45054E-021  3.80441E-017  2.91229E-019  9.97128E-014  3.50254E-027  3.22986E-011  1.00000E-040  1.71630E-015  1.00000E-040  2.12585E-024  1.99590E-030  7.32189E-023  3.71798E-024  7.48866E-014  1.77522E-024  1.23813E-020  5.73429E-017  1.76465E-014  1.00000E-040  1.59794E-037  4.14123E-026  1.00000E-040  8.87274E-024  3.44053E-011  4.26472E-037  1.00000E-003  1.00000E-005  1.00000E-005  1.00000E-005  1.00000E-005  1.00000E-005  1.00000E-005  1.00000E-005  1.00000E-005  1.00000E-005  1.00000E-005  1.00000E-005  1.00000E-005  1.00000E-005  1.00000E-005  1.00000E-005  
1.55000E+001  1.15265E-001  4.10112E+018  2.03569E+002  4.40851E+003  8.81505E-008  1.00000E-040  1.00000E-040  3.12996E-010  1.00000E-040  1.00000E-040  1.00000E-040  1.00000E-040  1.00000E-040  1.00000E-040  1.00000E-040  1.00000E-040  1.00000E-040  1.00000E-040  2.12456E-023  1.00000E-040  1.00527E-040  1.47674E-021  4.96701E-007  9.83092E-006  8.17241E-014  1.16410E-014  3.17948E-001  1.56458E-008  2.83098E-004  6.67841E-024  2.33817E-012  1.00000E-040  1.00000E-040  2.06616E-034  6.69014E-021  7.84017E-007  7.69986E-030  5.63427E-028  1.31009E-036  1.46935E-035  1.00000E-040  2.67952E-016  7.44431E-021  3.94016E-019  6.21294E-013  1.00000E-040  1.00000E-040  3.19747E-010  1.31266E-038  4.93984E-011  1.20589E-029  6.81757E-001  4.32591E-024  5.18999E-016  3.17422E-010  1.00000E-040  1.00000E-040  7.65468E-029  2.01102E-023  8.02181E-011  5.87784E-016  7.45030E-013  2.10868E-016  2.65796E-007  5.13794E-012  4.45028E-007  8.10072E-011  1.57639E-014  4.03892E-020  8.59503E-011  9.07470E-010  2.85597E-013  4.17074E-029  2.70504E-034  1.00000E-040  3.10894E-029  9.49620E-018  6.42936E-021  6.49794E-021  1.66716E-018  4.10324E-024  3.14636E-024  3.80574E-038  2.16278E-039  1.12167E-029  1.14580E-040  8.22064E-027  1.00000E-040  5.12232E-039  5.20166E-024  5.08273E-018  3.20521E-036  8.34316E-036  2.18894E-021  4.39227E-017  2.75827E-019  1.67332E-013  1.79671E-027  2.45629E-011  1.00000E-040  2.21480E-015  1.00000E-040  2.21010E-024  1.64398E-030  7.32175E-023  3.73065E-024  3.43930E-014  8.22049E-025  2.33325E-020  7.37815E-018  1.76461E-014  1.00000E-040  1.42332E-037  2.57807E-026  1.00000E-040  1.07203E-024  3.37264E-011  4.28569E-037  1.00000E-003  1.00000E-005  1.00000E-005  1.00000E-005  1.00000E-005  1.00000E-005  1.00000E-005  1.00000E-005  1.00000E-005  1.00000E-005  1.00000E-005  1.00000E-005  1.00000E-005  1.00000E-005  1.00000E-005  1.00000E-005  
1.65000E+001  9.72047E-002  3.50070E+018  2.01117E+002  3.94335E+003  4.73253E-008  1.00000E-040  1.00000E-040  2.83522E-010  1.00000E-040  1.00000E-040  1.00000E-040  1.00000E-040  1.00000E-040  1.00000E-040  1.00000E-040  1.00000E-040  1.00000E-040  1.00000E-040  2.09038E-023  1.00000E-040  1.00538E-040  1.45499E-021  4.94787E-007  8.03539E-006  8.37671E-014  2.32833E-014  3.17947E-001  1.26646E-008  2.83101E-004  6.53085E-024  1.95684E-012  1.00000E-040  1.00000E-040  2.23498E-034  7.33991E-021  7.76372E-007  4.31994E-029  1.54912E-028  1.00000E-040  1.00000E-040  1.00000E-040  6.22925E-017  4.68292E-021  3.78567E-019  3.16521E-013  1.00000E-040  1.00000E-040  3.11477E-010  9.18815E-039  4.92671E-011  1.89155E-029  6.81760E-001  3.97119E-024  2.55563E-016  2.81632E-010  1.00000E-040  1.00000E-040  7.91803E-029  2.19848E-023  1.35039E-010  3.34818E-016  5.57803E-013  1.55545E-016  2.62248E-007  2.24292E-012  6.61923E-007  1.57728E-010  2.10537E-014  2.47693E-020  1.29261E-010  1.41451E-009  1.40465E-013  4.31576E-029  2.47461E-034  1.00000E-040  3.50621E-029  1.94431E-018  6.42910E-021  1.07153E-020  1.76826E-018  4.39172E-024  4.01868E-024  3.81332E-038  2.57454E-040  1.12162E-029  1.00000E-040  1.22205E-026  1.00000E-040  5.59836E-039  5.69716E-024  2.59661E-018  3.29271E-036  1.00000E-040  1.98690E-021  5.35117E-017  2.86811E-019  2.36703E-013  8.66371E-028  1.81866E-011  1.00000E-040  2.88888E-015  1.00000E-040  2.09432E-024  1.19977E-030  7.32154E-023  3.00303E-024  1.95742E-014  4.28572E-025  4.22928E-020  1.26792E-018  1.76454E-014  1.00000E-040  1.23314E-037  1.91609E-026  1.00000E-040  9.91172E-026  3.29084E-011  4.26088E-037  1.00000E-003  1.00000E-005  1.00000E-005  1.00000E-005  1.00000E-005  1.00000E-005  1.00000E-005  1.00000E-005  1.00000E-005  1.00000E-005  1.00000E-005  1.00000E-005  1.00000E-005  1.00000E-005  1.00000E-005  1.00000E-005  
1.75000E+001  8.18237E-002  2.97545E+018  1.99179E+002  3.89374E+003  2.40733E-008  1.00000E-040  1.00000E-040  2.72757E-010  1.00000E-040  1.00000E-040  1.00000E-040  1.00000E-040  1.00000E-040  1.00000E-040  1.00000E-040  1.00000E-040  1.00000E-040  1.00000E-040  2.08399E-023  1.00000E-040  1.00552E-040  1.62316E-021  4.92311E-007  7.05898E-006  9.60691E-014  4.47006E-014  3.17945E-001  1.01798E-008  2.83103E-004  7.48888E-024  1.88074E-012  1.00000E-040  1.00000E-040  3.19122E-034  9.42925E-021  7.67127E-007  2.16148E-028  5.35348E-029  5.73151E-036  6.58380E-035  1.00000E-040  1.40749E-017  3.52258E-021  3.89979E-019  1.85461E-013  1.00000E-040  1.00000E-040  3.01228E-010  7.74124E-039  4.91322E-011  3.50199E-029  6.81763E-001  4.10982E-024  1.59159E-016  2.45330E-010  1.00000E-040  1.00000E-040  7.99723E-029  2.28146E-023  2.01780E-010  2.61692E-016  5.27130E-013  1.28450E-016  2.57823E-007  1.63014E-012  9.31693E-007  2.61937E-010  2.82290E-014  1.81406E-020  1.71730E-010  2.04697E-009  7.42181E-014  4.14732E-029  2.50422E-034  1.00000E-040  4.13836E-029  5.84025E-019  6.42877E-021  1.64799E-020  2.16834E-018  4.92120E-024  5.33575E-024  3.82332E-038  1.00000E-040  1.12157E-029  1.00000E-040  1.72175E-026  1.00000E-040  6.53297E-039  5.92986E-024  1.72160E-018  4.50940E-036  1.87554E-036  1.90396E-021  6.99553E-017  3.40692E-019  2.80361E-013  4.38028E-028  1.31452E-011  1.00000E-040  3.88251E-015  1.01892E-040  2.03844E-024  8.58577E-031  7.32127E-023  2.27611E-024  1.45628E-014  2.84276E-025  7.34230E-020  3.18102E-019  1.76446E-014  1.00000E-040  1.05135E-037  1.88368E-026  1.00000E-040  2.00546E-026  3.19832E-011  4.04520E-037  1.00000E-003  1.00000E-005  1.00000E-005  1.00000E-005  1.00000E-005  1.00000E-005  1.00000E-005  1.00000E-005  1.00000E-005  1.00000E-005  1.00000E-005  1.00000E-005  1.00000E-005  1.00000E-005  1.00000E-005  1.00000E-005  
1.85000E+001  6.87774E-002  2.51947E+018  1.97721E+002  3.93732E+003  1.01004E-008  1.00000E-040  1.00000E-040  2.68487E-010  1.00000E-040  1.00000E-040  1.00000E-040  1.00000E-040  1.00000E-040  1.00000E-040  1.00000E-040  1.00000E-040  1.00000E-040  1.00000E-040  2.08726E-023  1.00000E-040  1.00568E-040  2.03653E-021  4.89317E-007  6.65693E-006  1.21988E-013  8.29299E-014  3.17942E-001  8.17609E-009  2.83104E-004  9.72922E-024  2.01267E-012  1.00000E-040  1.00000E-040  5.77850E-034  1.37727E-020  7.56518E-007  9.40816E-028  3.60702E-029  1.00000E-040  1.00000E-040  1.00000E-040  3.04307E-018  3.10021E-021  4.40124E-019  1.34856E-013  1.00000E-040  1.00000E-040  2.89220E-010  7.75990E-039  4.89977E-011  7.71545E-029  6.81766E-001  4.78699E-024  1.21773E-016  2.09421E-010  1.00000E-040  1.00000E-040  8.08035E-029  2.38718E-023  2.73974E-010  2.51912E-016  6.02923E-013  1.17541E-016  2.52614E-007  1.78313E-012  1.25088E-006  3.82106E-010  3.73545E-014  1.69445E-020  2.06297E-010  2.80386E-009  4.93835E-014  3.79126E-029  2.77628E-034  1.00000E-040  5.10352E-029  2.46240E-019  6.42838E-021  2.39965E-020  2.99195E-018  6.01258E-024  7.46236E-024  3.83590E-038  1.00000E-040  1.12150E-029  1.00000E-040  2.31702E-026  1.00000E-040  8.55244E-039  6.25251E-024  1.43125E-018  7.90883E-036  1.00000E-040  1.90421E-021  9.66602E-017  4.49340E-019  2.94938E-013  2.44505E-028  9.26475E-012  1.00000E-040  5.33126E-015  1.36624E-040  2.17828E-024  6.47359E-031  7.32095E-023  1.81495E-024  1.34432E-014  2.55966E-025  1.23125E-019  1.14749E-019  1.76436E-014  1.00000E-040  8.96703E-038  2.35636E-026  1.00000E-040  1.00593E-026  3.09793E-011  3.98576E-037  1.00000E-003  1.00000E-005  1.00000E-005  1.00000E-005  1.00000E-005  1.00000E-005  1.00000E-005  1.00000E-005  1.00000E-005  1.00000E-005  1.00000E-005  1.00000E-005  1.00000E-005  1.00000E-005  1.00000E-005  1.00000E-005  
1.95000E+001  5.77457E-002  2.12837E+018  1.96512E+002  4.20491E+003  3.57624E-009  1.00000E-040  1.00000E-040  2.66322E-010  1.00000E-040  1.00000E-040  1.00000E-040  1.00000E-040  1.00000E-040  1.00000E-040  1.00000E-040  1.00000E-040  1.00000E-040  1.00000E-040  2.09255E-023  1.00000E-040  1.00586E-040  2.76121E-021  4.85840E-007  6.53519E-006  1.64405E-013  1.49422E-013  3.17938E-001  6.61112E-009  2.83104E-004  1.34854E-023  2.27139E-012  1.00000E-040  1.00000E-040  1.19168E-033  2.15042E-020  7.44761E-007  3.59172E-027  7.54125E-029  1.00000E-040  1.00000E-040  1.00000E-040  6.37993E-019  3.01499E-021  5.43793E-019  1.25612E-013  1.00000E-040  1.00000E-040  2.75643E-010  8.57120E-039  4.88665E-011  2.23178E-028  6.81769E-001  6.06488E-024  1.06273E-016  1.74586E-010  1.38662E-031  1.00000E-040  8.27435E-029  2.54392E-023  3.51081E-010  2.66781E-016  7.65239E-013  1.12619E-016  2.46707E-007  2.41672E-012  1.61843E-006  5.10398E-010  4.80333E-014  2.05122E-020  2.32006E-010  3.66996E-009  4.33897E-014  3.34522E-029  3.24785E-034  1.00000E-040  6.39827E-029  1.29667E-019  6.42792E-021  3.35961E-020  4.49747E-018  7.80615E-024  1.06910E-023  3.85134E-038  1.00000E-040  1.12143E-029  1.00000E-040  3.00800E-026  1.00000E-040  1.21332E-038  6.71453E-024  1.36942E-018  1.58784E-035  6.37325E-036  1.93421E-021  1.37608E-016  6.25493E-019  2.91997E-013  1.48043E-028  6.35920E-012  1.00000E-040  7.36911E-015  1.95470E-040  2.49687E-024  5.19786E-031  7.32057E-023  1.54043E-024  1.39875E-014  3.10477E-025  2.01229E-019  5.29995E-020  1.76424E-014  1.00000E-040  7.77852E-038  3.36100E-026  1.00000E-040  6.45761E-027  2.99215E-011  3.76695E-037  1.00000E-003  1.00000E-005  1.00000E-005  1.00000E-005  1.00000E-005  1.00000E-005  1.00000E-005  1.00000E-005  1.00000E-005  1.00000E-005  1.00000E-005  1.00000E-005  1.00000E-005  1.00000E-005  1.00000E-005  1.00000E-005  
2.05000E+001  4.84396E-002  1.79370E+018  1.95599E+002  4.72335E+003  1.00000E-040  1.00000E-040  1.00000E-040  2.64754E-010  1.00000E-040  1.00000E-040  1.00000E-040  1.00000E-040  1.00000E-040  1.00000E-040  1.00000E-040  1.00000E-040  1.00000E-040  1.00000E-040  2.09895E-023  1.00000E-040  1.00606E-040  3.97896E-021  4.82012E-007  6.56244E-006  2.28894E-013  2.62658E-013  3.17934E-001  5.45877E-009  2.83103E-004  1.93770E-023  2.63219E-012  1.00000E-040  1.00000E-040  2.65691E-033  3.49713E-020  7.32368E-007  1.21893E-026  1.26644E-028  1.00000E-040  1.00000E-040  1.00000E-040  1.50586E-019  3.15654E-021  7.48650E-019  1.45180E-013  1.00000E-040  1.00000E-040  2.61049E-010  1.02478E-038  4.87441E-011  8.98815E-028  6.81772E-001  8.33061E-024  1.03010E-016  1.42181E-010  6.26552E-032  1.00000E-040  8.63147E-029  2.74632E-023  4.34409E-010  2.95688E-016  1.02433E-012  1.09620E-016  2.40340E-007  3.60222E-012  2.02533E-006  6.41996E-010  6.03024E-014  3.16785E-020  2.49577E-010  4.59529E-009  4.82545E-014  2.88687E-029  3.90012E-034  1.00000E-040  7.96277E-029  8.18174E-020  6.42743E-021  4.54708E-020  7.11143E-018  1.03978E-023  1.53336E-023  3.86950E-038  1.00000E-040  1.12134E-029  1.00000E-040  3.78188E-026  1.00000E-040  1.80675E-038  7.29292E-024  1.43469E-018  3.46846E-035  1.01511E-035  1.95313E-021  1.95417E-016  8.93198E-019  2.79918E-013  9.75672E-029  4.29405E-012  1.00000E-040  9.84144E-015  2.91350E-040  2.96645E-024  4.41606E-031  7.32016E-023  1.36916E-024  1.56138E-014  4.77458E-025  3.21767E-019  2.97614E-020  1.76412E-014  1.00000E-040  6.98418E-038  5.19587E-026  1.00000E-040  4.67437E-027  2.88590E-011  3.51104E-037  1.00000E-003  1.00000E-005  1.00000E-005  1.00000E-005  1.00000E-005  1.00000E-005  1.00000E-005  1.00000E-005  1.00000E-005  1.00000E-005  1.00000E-005  1.00000E-005  1.00000E-005  1.00000E-005  1.00000E-005  1.00000E-005  
2.15000E+001  4.06089E-002  1.50758E+018  1.95100E+002  5.25999E+003  1.00000E-040  1.00000E-040  1.00000E-040  2.63208E-010  1.00000E-040  1.00000E-040  1.00000E-040  1.00000E-040  1.00000E-040  1.00000E-040  1.00000E-040  1.00000E-040  1.00000E-040  1.00000E-040  2.10734E-023  1.00000E-040  1.00627E-040  6.01037E-021  4.77884E-007  6.59077E-006  3.22044E-013  4.55329E-013  3.17930E-001  4.64389E-009  2.83101E-004  2.84268E-023  3.09127E-012  1.00000E-040  1.00000E-040  6.20477E-033  5.85417E-020  7.19551E-007  3.71949E-026  2.17636E-028  6.60616E-036  6.36773E-035  1.00000E-040  5.87800E-020  3.47136E-021  1.15581E-018  1.95696E-013  1.00000E-040  1.00000E-040  2.45659E-010  1.32470E-038  4.86317E-011  4.23113E-027  6.81776E-001  1.25250E-023  1.08787E-016  1.12586E-010  1.00000E-040  1.00000E-040  9.18150E-029  2.97904E-023  5.28334E-010  3.34285E-016  1.40112E-012  1.08213E-016  2.33609E-007  5.52801E-012  2.47240E-006  7.83596E-010  7.53381E-014  6.11890E-020  2.60993E-010  5.54240E-009  6.34680E-014  2.45739E-029  4.69423E-034  1.00000E-040  9.69180E-029  6.04753E-020  6.42691E-021  6.01597E-020  1.16077E-017  1.39133E-023  2.18343E-023  3.89065E-038  1.00000E-040  1.12126E-029  1.00000E-040  4.64614E-026  1.00000E-040  2.74378E-038  7.93684E-024  1.57427E-018  8.00928E-035  2.06316E-035  1.90762E-021  2.67562E-016  1.28541E-018  2.63878E-013  6.98113E-029  2.86580E-012  1.00000E-040  1.23656E-014  4.41024E-040  3.54123E-024  3.88892E-031  7.31973E-023  1.23641E-024  1.81255E-014  8.53117E-025  5.07738E-019  1.95920E-020  1.76399E-014  1.00000E-040  6.53578E-038  8.45870E-026  1.00000E-040  3.74036E-027  2.78116E-011  3.24067E-037  1.00000E-003  1.00000E-005  1.00000E-005  1.00000E-005  1.00000E-005  1.00000E-005  1.00000E-005  1.00000E-005  1.00000E-005  1.00000E-005  1.00000E-005  1.00000E-005  1.00000E-005  1.00000E-005  1.00000E-005  1.00000E-005  
2.25000E+001  3.40368E-002  1.26397E+018  1.95043E+002  5.99062E+003  1.00000E-040  1.00000E-040  1.00000E-040  2.61280E-010  1.00000E-040  1.00000E-040  1.00000E-040  1.00000E-040  1.00000E-040  1.00000E-040  1.00000E-040  1.00000E-040  1.00000E-040  1.00000E-040  2.11810E-023  1.00000E-040  1.00650E-040  9.47918E-021  4.73461E-007  6.62007E-006  4.55298E-013  7.84189E-013  3.17926E-001  4.08866E-009  2.83098E-004  4.24110E-023  3.66714E-012  1.00000E-040  1.00000E-040  1.50485E-032  1.00526E-019  7.06366E-007  1.03097E-025  3.24783E-028  6.02850E-036  6.69913E-035  1.00000E-040  4.56330E-020  3.97186E-021  1.96653E-018  2.89147E-013  1.00000E-040  1.00000E-040  2.29531E-010  1.85134E-038  4.85289E-011  1.92183E-026  6.81780E-001  2.02459E-023  1.23661E-016  8.59370E-011  1.00000E-040  1.00000E-040  9.94824E-029  3.24552E-023  6.36605E-010  3.83767E-016  1.94293E-012  1.09396E-016  2.26530E-007  8.55484E-012  2.96590E-006  9.43469E-010  9.47936E-014  1.38718E-019  2.67782E-010  6.48836E-009  8.97831E-014  2.07387E-029  5.63017E-034  1.00000E-040  1.15585E-028  5.11709E-020  6.42635E-021  7.85508E-020  1.93390E-017  1.86511E-023  3.09858E-023  3.91538E-038  1.00000E-040  1.12119E-029  1.00000E-040  5.61920E-026  1.00000E-040  4.22362E-038  8.66021E-024  1.77582E-018  1.94000E-034  2.35472E-035  1.78899E-021  3.49784E-016  1.85544E-018  2.45995E-013  5.40663E-029  1.89243E-012  1.00000E-040  1.46638E-014  6.72454E-040  4.22291E-024  3.51271E-031  7.31927E-023  1.12308E-024  2.16295E-014  1.65235E-024  7.95777E-019  1.46857E-020  1.76385E-014  1.00000E-040  6.37634E-038  1.43976E-025  1.00000E-040  3.27888E-027  2.67849E-011  2.97844E-037  1.00000E-003  1.00000E-005  1.00000E-005  1.00000E-005  1.00000E-005  1.00000E-005  1.00000E-005  1.00000E-005  1.00000E-005  1.00000E-005  1.00000E-005  1.00000E-005  1.00000E-005  1.00000E-005  1.00000E-005  1.00000E-005  
2.35000E+001  2.85325E-002  1.05803E+018  1.95326E+002  6.81524E+003  1.00000E-040  1.00000E-040  1.00000E-040  2.58339E-010  1.00000E-040  1.00000E-040  1.00000E-040  1.00000E-040  1.00000E-040  1.00000E-040  1.00000E-040  1.00000E-040  1.00000E-040  1.00000E-040  2.13047E-023  1.00000E-040  1.00673E-040  1.54734E-020  4.68770E-007  6.65008E-006  6.43107E-013  1.34267E-012  3.17921E-001  3.73082E-009  2.83095E-004  6.38564E-023  4.36789E-012  1.00000E-040  1.00000E-040  3.72392E-032  1.75270E-019  6.92937E-007  2.62274E-025  4.50685E-028  1.00000E-040  3.05112E-036  1.00000E-040  4.86416E-020  4.68926E-021  3.54677E-018  4.43330E-013  1.00000E-040  1.00000E-040  2.12836E-010  2.73512E-038  4.84355E-011  7.84247E-026  6.81784E-001  3.33715E-023  1.45759E-016  6.27104E-011  1.00000E-040  1.00000E-040  1.09259E-028  3.54184E-023  7.66196E-010  4.43278E-016  2.69037E-012  1.13035E-016  2.19163E-007  1.29946E-011  3.50862E-006  1.13055E-009  1.19412E-013  3.41442E-019  2.72317E-010  7.39968E-009  1.29965E-013  1.74312E-029  6.70655E-034  1.00000E-040  1.35113E-028  4.61971E-020  6.42577E-021  1.01714E-019  3.24661E-017  2.49666E-023  4.37564E-023  3.94431E-038  1.00000E-040  1.12113E-029  1.00000E-040  6.71293E-026  1.00000E-040  6.52935E-038  9.45425E-024  2.02519E-018  4.83156E-034  3.72615E-035  1.62119E-021  4.37815E-016  2.67355E-018  2.27703E-013  4.46656E-029  1.24160E-012  1.00000E-040  1.67090E-014  1.02508E-039  5.00366E-024  3.22089E-031  7.31879E-023  1.01896E-024  2.60910E-014  3.26905E-024  1.24077E-018  1.16611E-020  1.76370E-014  1.00000E-040  6.46646E-038  2.51484E-025  1.00000E-040  3.09035E-027  2.57897E-011  2.70839E-037  1.00000E-003  1.00000E-005  1.00000E-005  1.00000E-005  1.00000E-005  1.00000E-005  1.00000E-005  1.00000E-005  1.00000E-005  1.00000E-005  1.00000E-005  1.00000E-005  1.00000E-005  1.00000E-005  1.00000E-005  1.00000E-005  
2.45000E+001  2.39275E-002  8.85165E+017  1.95790E+002  7.73991E+003  1.00000E-040  1.00000E-040  1.00000E-040  2.53692E-010  1.00000E-040  1.00000E-040  1.00000E-040  1.00000E-040  1.00000E-040  1.00000E-040  1.00000E-040  1.00000E-040  1.00000E-040  1.00000E-040  2.14313E-023  1.00000E-040  1.00698E-040  2.58578E-020  4.63794E-007  6.68086E-006  9.03820E-013  2.28387E-012  3.17916E-001  3.51525E-009  2.83091E-004  9.63280E-023  5.19538E-012  1.00000E-040  1.00000E-040  9.23448E-032  3.06833E-019  6.79251E-007  6.18508E-025  5.83865E-028  1.00000E-040  1.00000E-040  1.00000E-040  5.56479E-020  5.67130E-021  6.55047E-018  6.79829E-013  1.00000E-040  1.00000E-040  1.95612E-010  4.14227E-038  4.83506E-011  2.85329E-025  6.81788E-001  5.31326E-023  1.68401E-016  4.32373E-011  1.00000E-040  1.00000E-040  1.20925E-028  3.86572E-023  9.28697E-010  5.03439E-016  3.66414E-012  1.18662E-016  2.11493E-007  1.89189E-011  4.10638E-006  1.35727E-009  1.49110E-013  8.52981E-019  2.77539E-010  8.24748E-009  1.85865E-013  1.46203E-029  7.92878E-034  1.00000E-040  1.55196E-028  3.99473E-020  6.42515E-021  1.31318E-019  5.44987E-017  3.33606E-023  6.14559E-023  3.97859E-038  1.00000E-040  1.12111E-029  1.00000E-040  7.94495E-026  1.00000E-040  1.00628E-037  1.03191E-023  2.29922E-018  1.21070E-033  5.89075E-035  1.43287E-021  5.29153E-016  3.83472E-018  2.09966E-013  3.85180E-029  8.09880E-013  1.00000E-040  1.87666E-014  1.55474E-039  5.88103E-024  2.96973E-031  7.31829E-023  9.20095E-025  3.12792E-014  6.35895E-024  1.92657E-018  8.80421E-021  1.76355E-014  1.00000E-040  6.81352E-038  4.41765E-025  1.00000E-040  3.05245E-027  2.48257E-011  2.43322E-037  1.00000E-003  1.00000E-005  1.00000E-005  1.00000E-005  1.00000E-005  1.00000E-005  1.00000E-005  1.00000E-005  1.00000E-005  1.00000E-005  1.00000E-005  1.00000E-005  1.00000E-005  1.00000E-005  1.00000E-005  1.00000E-005  
2.55000E+001  2.00753E-002  7.40891E+017  1.96257E+002  8.74643E+003  1.00000E-040  1.00000E-040  1.00000E-040  2.46643E-010  1.00000E-040  1.00000E-040  1.00000E-040  1.00000E-040  1.00000E-040  1.00000E-040  1.00000E-040  1.00000E-040  1.00000E-040  1.00000E-040  2.15460E-023  1.00000E-040  1.00724E-040  4.38012E-020  4.58506E-007  6.71249E-006  1.26198E-012  3.85003E-012  3.17911E-001  3.39835E-009  2.83086E-004  1.44738E-022  6.14364E-012  1.00000E-040  1.00000E-040  2.26142E-031  5.33921E-019  6.65278E-007  1.36550E-024  7.11551E-028  1.00000E-040  1.00000E-040  1.00000E-040  6.40317E-020  7.01438E-021  1.21687E-017  1.01852E-012  1.00000E-040  1.00000E-040  1.77932E-010  6.23444E-038  4.82729E-011  9.35826E-025  6.81793E-001  7.85795E-023  1.80873E-016  2.78157E-011  9.75363E-032  1.00000E-040  1.34132E-028  4.22050E-023  1.14128E-009  5.46784E-016  4.84611E-012  1.25483E-016  2.03506E-007  2.59054E-011  4.76197E-006  1.63703E-009  1.82364E-013  2.05045E-018  2.86380E-010  8.99703E-009  2.57814E-013  1.22478E-029  9.32454E-034  1.00000E-040  1.75792E-028  2.98598E-020  6.42451E-021  1.69650E-019  9.08507E-017  4.45149E-023  8.57839E-023  4.01976E-038  1.00000E-040  1.12117E-029  1.00000E-040  9.32753E-026  1.00000E-040  1.54130E-037  1.12736E-023  2.57251E-018  2.99603E-033  9.10649E-035  1.25118E-021  6.24570E-016  5.46932E-018  1.93356E-013  3.39683E-029  5.25354E-013  1.00000E-040  2.13289E-014  2.34357E-039  6.87067E-024  2.73885E-031  7.31775E-023  8.28694E-025  3.67412E-014  1.19088E-023  2.97755E-018  5.72013E-021  1.76339E-014  1.00000E-040  7.61189E-038  7.66964E-025  1.00000E-040  3.08354E-027  2.38921E-011  2.15705E-037  1.00000E-003  1.00000E-005  1.00000E-005  1.00000E-005  1.00000E-005  1.00000E-005  1.00000E-005  1.00000E-005  1.00000E-005  1.00000E-005  1.00000E-005  1.00000E-005  1.00000E-005  1.00000E-005  1.00000E-005  1.00000E-005  
2.65000E+001  1.68497E-002  6.21101E+017  1.96493E+002  9.76505E+003  1.00000E-040  1.00000E-040  1.00000E-040  2.36568E-010  1.00000E-040  1.00000E-040  1.00000E-040  1.00000E-040  1.00000E-040  1.00000E-040  1.00000E-040  1.00000E-040  1.00000E-040  1.00000E-040  2.16282E-023  1.00000E-040  1.00752E-040  7.45470E-020  4.52859E-007  6.74521E-006  1.75155E-012  6.40677E-012  3.17906E-001  3.34546E-009  2.83080E-004  2.15464E-022  7.19080E-012  1.00000E-040  1.00000E-040  5.39066E-031  9.13357E-019  6.50932E-007  2.84588E-024  8.09098E-028  1.99432E-036  2.01689E-035  1.00000E-040  7.28740E-020  8.89211E-021  2.25993E-017  1.47188E-012  1.00000E-040  1.00000E-040  1.59858E-010  8.98032E-038  4.82011E-011  2.81232E-024  6.81798E-001  1.04975E-022  1.73023E-016  1.64536E-011  1.57896E-031  1.00000E-040  1.48578E-028  4.61925E-023  1.42979E-009  5.56705E-016  6.15355E-012  1.30602E-016  1.95163E-007  3.29374E-011  5.47636E-006  1.98199E-009  2.15340E-013  4.52021E-018  3.01856E-010  9.61062E-009  3.44691E-013  1.02417E-029  1.09652E-033  1.00000E-040  1.97460E-028  1.77585E-020  6.42382E-021  2.20017E-019  1.49834E-016  5.93840E-023  1.18862E-022  4.07005E-038  1.00000E-040  1.12165E-029  1.00000E-040  1.08689E-025  1.00000E-040  2.34700E-037  1.23630E-023  2.81742E-018  7.17946E-033  1.34586E-034  1.09742E-021  7.30173E-016  7.76107E-018  1.78322E-013  2.99992E-029  3.38167E-013  1.00000E-040  2.50510E-014  3.52749E-039  8.02012E-024  2.52598E-031  7.31719E-023  7.50396E-025  4.17348E-014  2.13322E-023  4.57495E-018  2.96126E-021  1.76322E-014  1.00000E-040  9.87086E-038  1.29242E-024  1.00000E-040  3.10143E-027  2.29843E-011  1.88429E-037  1.00000E-003  1.00000E-005  1.00000E-005  1.00000E-005  1.00000E-005  1.00000E-005  1.00000E-005  1.00000E-005  1.00000E-005  1.00000E-005  1.00000E-005  1.00000E-005  1.00000E-005  1.00000E-005  1.00000E-005  1.00000E-005  
2.75000E+001  1.41447E-002  5.21431E+017  1.96478E+002  1.09262E+004  1.00000E-040  1.00000E-040  1.00000E-040  2.23333E-010  1.00000E-040  1.00000E-040  1.00000E-040  1.00000E-040  1.00000E-040  1.00000E-040  1.00000E-040  1.00000E-040  1.00000E-040  1.00000E-040  2.16779E-023  1.00000E-040  1.00781E-040  1.27363E-019  4.46820E-007  6.77914E-006  2.42447E-012  1.05216E-011  3.17900E-001  3.33078E-009  2.83073E-004  3.18266E-022  8.33502E-012  1.00000E-040  1.00000E-040  1.25587E-030  1.53765E-018  6.36177E-007  5.64149E-024  8.63889E-028  1.00000E-040  1.00000E-040  1.00000E-040  8.20862E-020  1.16198E-020  4.16940E-017  2.03698E-012  1.00000E-040  1.00000E-040  1.41588E-010  1.23830E-037  4.81342E-011  7.79792E-024  6.81803E-001  1.25071E-022  1.43719E-016  8.83219E-012  1.00000E-040  1.00000E-040  1.64361E-028  5.09187E-023  1.82585E-009  5.32082E-016  7.51902E-012  1.33719E-016  1.86465E-007  3.90159E-011  6.24287E-006  2.40489E-009  2.45471E-013  9.08575E-018  3.25341E-010  1.00399E-008  4.39294E-013  8.54517E-030  1.29412E-033  1.00000E-040  2.20599E-028  7.97709E-021  6.42309E-021  2.86776E-019  2.44006E-016  7.93549E-023  1.63848E-022  4.13203E-038  1.00000E-040  3.26638E-029  1.00000E-040  1.25666E-025  1.00000E-040  3.58060E-037  1.36716E-023  3.03106E-018  1.67204E-032  1.90006E-034  9.69886E-022  8.43806E-016  1.09768E-017  1.64698E-013  2.66721E-029  2.15665E-013  3.23704E-033  3.04937E-014  5.32192E-039  9.41180E-024  2.33829E-031  7.31659E-023  6.89010E-025  4.59083E-014  3.64518E-023  6.98317E-018  1.16441E-021  1.76304E-014  1.00000E-040  1.51811E-037  2.12088E-024  1.00000E-040  3.09822E-027  2.21011E-011  1.62251E-037  1.00000E-003  1.00000E-005  1.00000E-005  1.00000E-005  1.00000E-005  1.00000E-005  1.00000E-005  1.00000E-005  1.00000E-005  1.00000E-005  1.00000E-005  1.00000E-005  1.00000E-005  1.00000E-005  1.00000E-005  1.00000E-005  
2.85000E+001  1.18731E-002  4.38336E+017  1.96189E+002  1.22719E+004  1.00000E-040  1.00000E-040  1.00000E-040  2.06998E-010  1.00000E-040  1.00000E-040  1.00000E-040  1.00000E-040  1.00000E-040  1.00000E-040  1.00000E-040  1.00000E-040  1.00000E-040  1.00000E-040  2.16940E-023  1.00000E-040  1.00813E-040  2.18472E-019  4.40408E-007  6.81412E-006  3.35585E-012  1.70319E-011  3.17893E-001  3.33461E-009  2.83066E-004  4.66707E-022  9.56263E-012  1.00000E-040  1.00000E-040  2.86619E-030  2.54769E-018  6.21091E-007  1.06834E-023  8.71734E-028  1.04305E-035  1.18703E-034  1.00000E-040  9.15468E-020  1.56547E-020  7.58384E-017  2.68551E-012  1.00000E-040  1.00000E-040  1.23529E-010  1.63276E-037  4.80717E-011  2.00735E-023  6.81808E-001  1.32720E-022  1.02855E-016  4.27969E-012  1.46207E-032  1.00000E-040  1.81588E-028  5.67079E-023  2.36762E-009  4.93497E-016  8.88006E-012  1.32710E-016  1.77500E-007  4.33868E-011  7.04524E-006  2.90596E-009  2.69937E-013  1.65673E-017  3.57426E-010  1.02324E-008  5.33557E-013  7.11896E-030  1.53761E-033  1.00000E-040  2.45489E-028  2.66163E-021  6.42231E-021  3.75240E-019  3.90973E-016  1.06115E-022  2.24520E-022  4.20823E-038  1.00000E-040  1.78517E-029  1.00000E-040  1.43992E-025  1.00000E-040  5.50355E-037  1.52840E-023  3.22645E-018  3.79141E-032  2.56846E-034  8.69303E-022  9.60715E-016  1.54885E-017  1.52350E-013  2.43117E-029  1.36538E-013  1.00000E-040  3.80518E-014  8.07536E-039  1.11425E-023  2.18126E-031  7.31595E-023  6.46278E-025  4.91056E-014  5.93456E-023  1.05710E-017  3.43585E-022  1.76284E-014  1.00000E-040  1.62737E-037  3.39390E-024  1.00000E-040  3.07226E-027  2.12479E-011  1.38202E-037  1.00000E-003  1.00000E-005  1.00000E-005  1.00000E-005  1.00000E-005  1.00000E-005  1.00000E-005  1.00000E-005  1.00000E-005  1.00000E-005  1.00000E-005  1.00000E-005  1.00000E-005  1.00000E-005  1.00000E-005  1.00000E-005  
2.95000E+001  9.96278E-003  3.69051E+017  1.95529E+002  1.33027E+004  1.00000E-040  1.00000E-040  1.00000E-040  1.87806E-010  1.00000E-040  1.00000E-040  1.00000E-040  1.00000E-040  1.00000E-040  1.00000E-040  1.00000E-040  1.00000E-040  1.00000E-040  1.00000E-040  2.16686E-023  1.00000E-040  1.00847E-040  3.76152E-019  4.33519E-007  6.85066E-006  4.64699E-012  2.71767E-011  3.17887E-001  3.34254E-009  2.83057E-004  6.78536E-022  1.08430E-011  1.00000E-040  1.00000E-040  6.37723E-030  4.13958E-018  6.05466E-007  1.93243E-023  8.22145E-028  1.00000E-040  1.00000E-040  1.00000E-040  1.00431E-019  2.14773E-020  1.34847E-016  3.37546E-012  1.00000E-040  1.00000E-040  1.05801E-010  2.02605E-037  4.80121E-011  4.83143E-023  6.81814E-001  1.25040E-022  6.26579E-017  1.84706E-012  7.76271E-033  1.00000E-040  2.00500E-028  6.39537E-023  3.10338E-009  4.67477E-016  1.01698E-011  1.23654E-016  1.68199E-007  4.57370E-011  7.88275E-006  3.47397E-009  2.86212E-013  2.70449E-017  3.99014E-010  1.01602E-008  6.30254E-013  5.90875E-030  1.84332E-033  1.00000E-040  2.73020E-028  6.45518E-022  6.42147E-021  4.94569E-019  6.18459E-016  1.42153E-022  3.06076E-022  4.30317E-038  1.00000E-040  2.38207E-029  1.00000E-040  1.63745E-025  1.00000E-040  8.53758E-037  1.73080E-023  3.40598E-018  8.31175E-032  3.32799E-034  7.91889E-022  1.07145E-015  2.18275E-017  1.41268E-013  2.34600E-029  8.52886E-014  1.00000E-040  4.80038E-014  1.23804E-038  1.33379E-023  2.05270E-031  7.31526E-023  6.21647E-025  5.11927E-014  9.24686E-023  1.58792E-017  7.46170E-023  1.76264E-014  1.00000E-040  2.58915E-037  5.25963E-024  1.00000E-040  2.99365E-027  2.04139E-011  1.16846E-037  1.00000E-003  1.00000E-005  1.00000E-005  1.00000E-005  1.00000E-005  1.00000E-005  1.00000E-005  1.00000E-005  1.00000E-005  1.00000E-005  1.00000E-005  1.00000E-005  1.00000E-005  1.00000E-005  1.00000E-005  1.00000E-005  
3.05000E+001  8.35381E-003  3.11172E+017  1.94447E+002  1.46946E+004  1.00000E-040  1.00000E-040  1.00000E-040  1.66697E-010  1.00000E-040  1.00000E-040  1.00000E-040  1.00000E-040  1.00000E-040  1.00000E-040  1.00000E-040  1.00000E-040  1.00000E-040  1.00000E-040  2.15973E-023  1.00000E-040  1.00883E-040  6.51626E-019  4.26089E-007  6.88905E-006  6.43828E-012  4.27889E-011  3.17879E-001  3.34547E-009  2.83046E-004  9.78090E-022  1.21478E-011  1.00000E-040  1.00000E-040  1.38073E-029  6.58964E-018  5.89195E-007  3.33471E-023  7.20442E-028  2.58543E-037  3.32534E-036  1.00000E-040  1.07569E-019  2.94871E-020  2.32795E-016  4.04579E-012  1.00000E-040  1.00000E-040  8.86964E-011  2.34337E-037  4.79542E-011  1.09367E-022  6.81821E-001  1.05169E-022  3.23748E-017  7.02919E-013  1.00000E-040  1.00000E-040  2.21258E-028  7.29944E-023  4.08216E-009  4.74860E-016  1.13681E-011  1.05276E-016  1.58574E-007  4.63797E-011  8.75654E-006  4.07451E-009  2.93512E-013  3.92182E-017  4.49633E-010  9.80907E-009  7.04659E-013  4.88015E-030  2.23173E-033  1.00000E-040  3.04015E-028  1.13179E-022  6.42056E-021  6.57140E-019  9.67903E-016  1.90575E-022  4.14691E-022  4.42170E-038  1.00000E-040  2.79065E-029  1.00000E-040  1.85056E-025  1.84311E-040  1.33537E-036  1.98334E-023  3.58272E-018  1.75602E-031  4.15786E-034  7.33177E-022  1.15866E-015  3.07700E-017  1.31357E-013  2.54617E-029  5.23131E-014  7.39106E-034  6.01609E-014  1.92207E-038  1.61228E-023  1.94727E-031  7.31450E-023  6.12861E-025  5.23608E-014  1.38246E-022  2.36935E-017  1.18674E-023  1.76241E-014  1.00000E-040  2.35269E-037  7.86614E-024  1.00000E-040  2.85390E-027  1.95948E-011  9.89453E-038  1.00000E-003  1.00000E-005  1.00000E-005  1.00000E-005  1.00000E-005  1.00000E-005  1.00000E-005  1.00000E-005  1.00000E-005  1.00000E-005  1.00000E-005  1.00000E-005  1.00000E-005  1.00000E-005  1.00000E-005  1.00000E-005  
3.15000E+001  6.99737E-003  2.62472E+017  1.93094E+002  1.63646E+004  1.00000E-040  1.00000E-040  1.00000E-040  1.44442E-010  1.00000E-040  1.00000E-040  1.00000E-040  1.00000E-040  1.00000E-040  1.00000E-040  1.00000E-040  1.00000E-040  1.00000E-040  1.00000E-040  2.14954E-023  1.00000E-040  1.00923E-040  1.14663E-018  4.18212E-007  6.92871E-006  8.94092E-012  6.67752E-011  3.17872E-001  3.33953E-009  2.83034E-004  1.40468E-021  1.34903E-011  1.00000E-040  1.00000E-040  2.94691E-029  1.03674E-017  5.72509E-007  5.49209E-023  5.88004E-028  1.00000E-040  1.00000E-040  1.00000E-040  1.12908E-019  4.00716E-020  3.87646E-016  4.62217E-012  1.00000E-040  1.00000E-040  7.28496E-011  2.59049E-037  4.78982E-011  2.33511E-022  6.81827E-001  8.16505E-023  1.45013E-017  2.38294E-013  1.00000E-040  1.00000E-040  2.44136E-028  8.40256E-023  5.32508E-009  5.19025E-016  1.26194E-011  8.27872E-017  1.48852E-007  4.64119E-011  9.66198E-006  4.65052E-009  2.95360E-013  5.17445E-017  5.04542E-010  9.19273E-009  7.49144E-013  4.02080E-030  2.72532E-033  1.00000E-040  3.38629E-028  1.49145E-023  6.41958E-021  8.76086E-019  1.49702E-015  2.54756E-022  5.57628E-022  4.56644E-038  1.00000E-040  2.40675E-029  1.00000E-040  2.08022E-025  4.63555E-040  2.10567E-036  2.29042E-023  3.80499E-018  3.63341E-031  5.11725E-034  6.87136E-022  1.20546E-015  4.34435E-017  1.22236E-013  3.30069E-029  3.16693E-014  1.00000E-040  7.35999E-014  3.01339E-038  1.95854E-023  1.85932E-031  7.31370E-023  6.15008E-025  5.34657E-014  1.97961E-022  3.51744E-017  1.43282E-024  1.76217E-014  1.00000E-040  2.59103E-037  1.15129E-023  1.00000E-040  2.71223E-027  1.88029E-011  8.55142E-038  1.00000E-003  1.00000E-005  1.00000E-005  1.00000E-005  1.00000E-005  1.00000E-005  1.00000E-005  1.00000E-005  1.00000E-005  1.00000E-005  1.00000E-005  1.00000E-005  1.00000E-005  1.00000E-005  1.00000E-005  1.00000E-005  
3.25000E+001  5.85348E-003  2.21430E+017  1.91467E+002  1.77833E+004  1.00000E-040  1.00000E-040  1.00000E-040  1.21953E-010  1.00000E-040  1.00000E-040  1.00000E-040  1.00000E-040  1.00000E-040  1.00000E-040  1.00000E-040  1.00000E-040  1.00000E-040  1.00000E-040  2.13630E-023  1.00000E-040  1.00965E-040  2.06459E-018  4.09822E-007  6.96994E-006  1.24446E-011  1.03727E-010  3.17863E-001  3.32430E-009  2.83021E-004  2.01435E-021  1.48772E-011  1.00000E-040  1.00000E-040  6.21099E-029  1.61539E-017  5.55282E-007  8.61607E-023  4.42910E-028  2.86793E-037  3.22234E-036  1.00000E-040  1.16737E-019  5.35884E-020  6.20573E-016  5.04567E-012  1.02238E-040  1.00000E-040  5.84653E-011  2.73022E-037  4.78432E-011  4.73235E-022  6.81835E-001  5.98857E-023  5.66300E-018  7.19216E-014  4.87384E-033  1.00000E-040  2.70196E-028  9.72556E-023  6.84257E-009  5.91882E-016  1.40307E-011  5.99434E-017  1.39059E-007  4.66382E-011  1.06287E-005  5.14159E-009  2.94236E-013  6.21540E-017  5.59976E-010  8.36626E-009  7.72594E-013  3.30124E-030  3.35681E-033  1.00000E-040  3.78563E-028  1.49582E-024  6.41853E-021  1.17393E-018  2.30073E-015  3.39693E-022  7.44898E-022  4.74308E-038  1.00000E-040  2.51598E-029  1.00000E-040  2.33478E-025  1.09500E-039  3.33697E-036  2.65862E-023  4.08807E-018  7.37322E-031  6.28036E-034  6.50145E-022  1.21201E-015  6.15802E-017  1.13800E-013  4.99293E-029  1.88492E-014  3.19085E-033  8.75325E-014  4.78760E-038  2.38380E-023  1.78510E-031  7.31283E-023  6.23876E-025  5.49254E-014  2.72348E-022  5.21499E-017  1.32532E-025  1.76192E-014  1.00000E-040  3.00016E-037  1.65024E-023  1.00000E-040  2.57322E-027  1.80321E-011  7.70984E-038  1.00000E-003  1.00000E-005  1.00000E-005  1.00000E-005  1.00000E-005  1.00000E-005  1.00000E-005  1.00000E-005  1.00000E-005  1.00000E-005  1.00000E-005  1.00000E-005  1.00000E-005  1.00000E-005  1.00000E-005  1.00000E-005  
3.35000E+001  4.88863E-003  1.86861E+017  1.89489E+002  1.94692E+004  1.00000E-040  1.00000E-040  1.00000E-040  1.00386E-010  1.00000E-040  1.00000E-040  1.00000E-040  1.00000E-040  1.00000E-040  1.00000E-040  1.00000E-040  1.00000E-040  1.00000E-040  1.00000E-040  2.11927E-023  1.00000E-040  1.01012E-040  3.82943E-018  4.00839E-007  7.01304E-006  1.73676E-011  1.60873E-010  3.17854E-001  3.30170E-009  2.83005E-004  2.89052E-021  1.63206E-011  1.00000E-040  1.00000E-040  1.29107E-028  2.49279E-017  5.37363E-007  1.28540E-022  3.04096E-028  1.00000E-040  1.00000E-040  1.00000E-040  1.20029E-019  7.07667E-020  9.55162E-016  5.27102E-012  2.73574E-040  1.00000E-040  4.56859E-011  2.70127E-037  4.77879E-011  9.16674E-022  6.81843E-001  4.20536E-023  1.93223E-018  1.92925E-014  1.73044E-033  1.00000E-040  3.02777E-028  1.12761E-022  8.62870E-009  6.85400E-016  1.56789E-011  3.96269E-017  1.29219E-007  4.75997E-011  1.17030E-005  5.48355E-009  2.91547E-013  6.71263E-017  6.12762E-010  7.40399E-009  7.62201E-013  2.69749E-030  4.17850E-033  1.00000E-040  4.27046E-028  1.14832E-025  6.41737E-021  1.58314E-018  3.53204E-015  4.51604E-022  9.87440E-022  4.95857E-038  1.00000E-040  2.14152E-029  1.00000E-040  2.62710E-025  2.42551E-039  5.29279E-036  3.09194E-023  4.43512E-018  1.46240E-030  7.76919E-034  6.22487E-022  1.19244E-015  8.80140E-017  1.06076E-013  8.19005E-029  1.09657E-014  1.00000E-040  1.01264E-013  7.81255E-038  2.89862E-023  1.73487E-031  7.31188E-023  6.36375E-025  5.69703E-014  3.61706E-022  7.75235E-017  9.42946E-027  1.76164E-014  1.00000E-040  3.22489E-037  2.30849E-023  1.00000E-040  2.42300E-027  1.72760E-011  7.44730E-038  1.00000E-003  1.00000E-005  1.00000E-005  1.00000E-005  1.00000E-005  1.00000E-005  1.00000E-005  1.00000E-005  1.00000E-005  1.00000E-005  1.00000E-005  1.00000E-005  1.00000E-005  1.00000E-005  1.00000E-005  1.00000E-005  
3.45000E+001  4.07509E-003  1.57503E+017  1.87398E+002  2.14942E+004  1.00000E-040  1.00000E-040  1.00000E-040  8.05201E-011  1.00000E-040  1.00000E-040  1.00000E-040  1.00000E-040  1.00000E-040  1.00000E-040  1.00000E-040  1.00000E-040  1.00000E-040  1.00000E-040  2.10080E-023  1.00000E-040  1.01062E-040  7.43513E-018  3.91327E-007  7.05765E-006  2.43688E-011  2.51134E-010  3.17844E-001  3.27711E-009  2.82986E-004  4.18334E-021  1.79042E-011  1.00000E-040  1.00000E-040  2.69990E-028  3.86010E-017  5.18883E-007  1.82933E-022  1.91287E-028  1.00000E-040  1.00000E-040  1.00000E-040  1.26067E-019  9.40465E-020  1.40983E-015  5.28326E-012  6.91252E-040  1.00000E-040  3.47528E-011  2.61522E-037  4.77321E-011  1.70284E-021  6.81852E-001  2.98200E-023  5.85871E-019  4.65735E-015  1.38949E-037  1.00000E-040  3.52804E-028  1.30472E-022  1.06230E-008  7.84126E-016  1.78532E-011  2.53496E-017  1.19510E-007  5.00986E-011  1.29204E-005  5.64833E-009  2.92079E-013  6.79560E-017  6.55484E-010  6.38282E-009  7.18621E-013  2.19742E-030  5.24822E-033  1.00000E-040  4.86179E-028  6.92906E-027  6.41612E-021  2.14194E-018  5.44175E-015  5.98447E-022  1.30264E-021  5.21716E-038  1.00000E-040  2.07951E-029  1.00000E-040  2.97164E-025  5.13026E-039  8.41381E-036  3.59091E-023  4.88639E-018  2.90705E-030  1.01404E-033  5.94170E-022  1.16581E-015  1.26970E-016  9.86840E-014  1.38111E-028  6.24109E-015  1.00000E-040  1.14080E-013  1.33652E-037  3.50725E-023  1.74428E-031  7.31084E-023  6.45415E-025  6.03917E-014  4.63296E-022  1.16072E-016  5.26447E-028  1.76134E-014  1.00000E-040  3.90750E-037  3.22322E-023  1.00000E-040  2.33398E-027  1.65394E-011  7.89794E-038  1.00000E-003  1.00000E-005  1.00000E-005  1.00000E-005  1.00000E-005  1.00000E-005  1.00000E-005  1.00000E-005  1.00000E-005  1.00000E-005  1.00000E-005  1.00000E-005  1.00000E-005  1.00000E-005  1.00000E-005  1.00000E-005  
3.55000E+001  3.38996E-003  1.32601E+017  1.85168E+002  2.36775E+004  1.00000E-040  1.00000E-040  1.00000E-040  6.28844E-011  1.00000E-040  1.00000E-040  1.00000E-040  1.00000E-040  1.00000E-040  1.00000E-040  1.00000E-040  1.00000E-040  1.00000E-040  1.00000E-040  2.08065E-023  1.00000E-040  1.01117E-040  1.52016E-017  3.81310E-007  7.10363E-006  3.43946E-011  3.95463E-010  3.17834E-001  3.25593E-009  2.82966E-004  6.11896E-021  1.96675E-011  1.00000E-040  1.00000E-040  5.68407E-028  6.00319E-017  4.99887E-007  2.48824E-022  1.09887E-028  1.00000E-040  1.00000E-040  1.00000E-040  1.36295E-019  1.26749E-019  2.00082E-015  5.09689E-012  1.64801E-039  1.00000E-040  2.56990E-011  2.46326E-037  4.76755E-011  3.05119E-021  6.81861E-001  2.20439E-023  1.58908E-019  1.02100E-015  9.33987E-034  1.00000E-040  4.47503E-028  1.50040E-022  1.27758E-008  8.81634E-016  2.06558E-011  1.61374E-017  1.10048E-007  5.42702E-011  1.43276E-005  5.61128E-009  2.95739E-013  6.43599E-017  6.85394E-010  5.36652E-009  6.52127E-013  1.78594E-030  6.66171E-033  1.00000E-040  5.60276E-028  3.33253E-028  6.41476E-021  2.90440E-018  8.45020E-015  7.89338E-022  1.70700E-021  5.52466E-038  1.00000E-040  2.01745E-029  1.00000E-040  3.38730E-025  1.03952E-038  1.33539E-035  4.15033E-023  5.43429E-018  5.79083E-030  1.45651E-033  5.66314E-022  1.14370E-015  1.85329E-016  9.16664E-014  2.30950E-028  3.46839E-015  1.00000E-040  1.25660E-013  2.51381E-037  4.20937E-023  1.89575E-031  7.30972E-023  6.47273E-025  6.52942E-014  5.75052E-022  1.75499E-016  2.33538E-029  1.76101E-014  1.00000E-040  4.91776E-037  4.49170E-023  1.00000E-040  2.30036E-027  1.58229E-011  9.28738E-038  1.00000E-003  1.00000E-005  1.00000E-005  1.00000E-005  1.00000E-005  1.00000E-005  1.00000E-005  1.00000E-005  1.00000E-005  1.00000E-005  1.00000E-005  1.00000E-005  1.00000E-005  1.00000E-005  1.00000E-005  1.00000E-005  
3.65000E+001  2.81401E-003  1.11347E+017  1.83047E+002  2.67395E+004  1.00000E-040  1.00000E-040  1.00000E-040  4.79062E-011  1.00000E-040  1.00000E-040  1.00000E-040  1.00000E-040  1.00000E-040  1.00000E-040  1.00000E-040  1.00000E-040  1.00000E-040  1.00000E-040  2.06129E-023  1.00000E-040  1.01175E-040  3.31200E-017  3.70905E-007  7.15044E-006  4.88899E-011  6.32241E-010  3.17822E-001  3.24459E-009  2.82943E-004  9.08939E-021  2.17002E-011  1.00000E-040  1.00000E-040  1.22388E-027  9.47069E-017  4.80578E-007  3.25462E-022  5.84051E-029  3.70739E-038  4.72689E-037  1.00000E-040  1.52377E-019  1.73989E-019  2.72711E-015  4.75600E-012  3.76011E-039  1.00000E-040  1.84964E-011  2.36248E-037  4.76180E-011  5.29533E-021  6.81871E-001  1.82819E-023  3.90777E-020  2.06860E-016  4.50202E-035  1.00000E-040  6.47057E-028  1.70903E-022  1.50016E-008  9.61366E-016  2.43739E-011  1.11183E-017  1.01007E-007  6.02827E-011  1.59513E-005  5.39345E-009  3.04753E-013  5.98054E-017  6.97409E-010  4.40202E-009  5.63964E-013  1.45274E-030  8.52254E-033  1.00000E-040  6.51675E-028  1.30592E-029  6.41329E-021  3.93547E-018  1.32693E-014  1.03685E-021  2.23060E-021  5.88471E-038  1.00000E-040  1.95648E-029  1.00000E-040  3.89547E-025  2.05690E-038  2.11669E-035  4.76247E-023  6.08684E-018  1.18148E-029  2.43670E-033  5.29539E-022  1.12286E-015  2.72775E-016  8.47362E-014  3.80037E-028  1.88753E-015  1.00000E-040  1.35834E-013  5.39238E-037  4.99554E-023  2.32012E-031  7.30852E-023  6.34368E-025  7.21313E-014  6.90859E-022  2.68698E-016  8.35920E-031  1.76066E-014  1.00000E-040  6.48758E-037  6.37337E-023  1.00000E-040  2.39323E-027  1.51317E-011  1.19811E-037  1.00000E-003  1.00000E-005  1.00000E-005  1.00000E-005  1.00000E-005  1.00000E-005  1.00000E-005  1.00000E-005  1.00000E-005  1.00000E-005  1.00000E-005  1.00000E-005  1.00000E-005  1.00000E-005  1.00000E-005  1.00000E-005  
3.75000E+001  2.33109E-003  9.32643E+016  1.81034E+002  2.97405E+004  1.00000E-040  1.00000E-040  1.00000E-040  3.55118E-011  1.00000E-040  1.00000E-040  1.00000E-040  1.00000E-040  1.00000E-040  1.00000E-040  1.00000E-040  1.00000E-040  1.00000E-040  1.00000E-040  2.04273E-023  1.00000E-040  1.01238E-040  7.68847E-017  3.60174E-007  7.19782E-006  6.99958E-011  1.02721E-009  3.17809E-001  3.24698E-009  2.82917E-004  1.37132E-020  2.40422E-011  1.00000E-040  1.00000E-040  2.69264E-027  1.51392E-016  4.61045E-007  4.10872E-022  2.88084E-029  1.00000E-040  1.00000E-040  1.00000E-040  1.72257E-019  2.39553E-019  3.57544E-015  4.30943E-012  8.19313E-039  1.00000E-040  1.29562E-011  2.30939E-037  4.75591E-011  9.03215E-021  6.81882E-001  1.75450E-023  8.75275E-021  3.92942E-017  3.96255E-035  1.00000E-040  1.06085E-027  1.92336E-022  1.72422E-008  1.01640E-015  2.90625E-011  8.60646E-018  9.24701E-008  6.75774E-011  1.78262E-005  5.00596E-009  3.17499E-013  5.48033E-017  6.91713E-010  3.52070E-009  4.76754E-013  1.18615E-030  1.10031E-032  1.00000E-040  7.65839E-028  4.21374E-031  6.41172E-021  5.32611E-018  2.10882E-014  1.35646E-021  2.90663E-021  6.30389E-038  1.00000E-040  1.89726E-029  1.00000E-040  4.52459E-025  3.98706E-038  3.34268E-035  5.41875E-023  6.78000E-018  2.46693E-029  4.67861E-033  4.85864E-022  1.08670E-015  4.04303E-016  7.79480E-014  6.17730E-028  1.00702E-015  1.00000E-040  1.44676E-013  1.31140E-036  5.85715E-023  3.17604E-031  7.30722E-023  6.05179E-025  8.06324E-014  8.06636E-022  4.16972E-016  2.43726E-032  1.76029E-014  1.00000E-040  8.97182E-037  9.20846E-023  1.00000E-040  2.62695E-027  1.44660E-011  1.65339E-037  1.00000E-003  1.00000E-005  1.00000E-005  1.00000E-005  1.00000E-005  1.00000E-005  1.00000E-005  1.00000E-005  1.00000E-005  1.00000E-005  1.00000E-005  1.00000E-005  1.00000E-005  1.00000E-005  1.00000E-005  1.00000E-005  
3.85000E+001  1.92747E-003  7.77985E+016  1.79446E+002  3.29242E+004  1.00000E-040  1.00000E-040  1.00000E-040  2.57012E-011  1.00000E-040  1.00000E-040  1.00000E-040  1.00000E-040  1.00000E-040  1.00000E-040  1.00000E-040  1.00000E-040  1.00000E-040  1.00000E-040  2.02820E-023  1.00000E-040  1.01306E-040  1.92407E-016  3.49028E-007  7.24618E-006  1.01123E-010  1.71111E-009  3.17795E-001  3.26562E-009  2.82887E-004  2.11027E-020  2.68050E-011  1.00000E-040  1.00000E-040  6.15822E-027  2.47394E-016  4.41090E-007  5.01935E-022  1.32569E-029  1.00000E-040  1.00000E-040  1.00000E-040  1.92122E-019  3.23697E-019  4.45829E-015  3.79668E-012  1.71428E-038  1.00000E-040  8.77921E-012  2.45424E-037  4.74978E-011  1.91333E-020  6.81894E-001  1.98271E-023  1.76279E-021  7.00303E-018  3.34383E-035  2.01449E-040  1.86263E-027  2.14116E-022  1.94175E-008  1.02269E-015  3.50450E-011  7.74439E-018  8.43767E-008  7.55171E-011  1.99992E-005  4.51093E-009  3.36288E-013  5.26701E-017  6.66059E-010  2.73917E-009  3.92422E-013  9.74936E-031  1.43005E-032  1.00000E-040  9.07910E-028  1.09536E-032  6.41000E-021  7.22342E-018  3.40988E-014  1.78215E-021  3.82735E-021  6.79775E-038  1.00000E-040  1.83945E-029  1.00000E-040  5.32165E-025  7.70031E-038  5.29184E-035  6.13975E-023  7.43270E-018  5.40946E-029  9.81712E-033  4.21256E-022  1.00528E-015  5.97773E-016  7.09683E-014  1.25382E-027  5.22603E-016  1.00000E-040  1.52442E-013  3.36739E-036  6.81033E-023  4.55763E-031  7.30581E-023  5.55748E-025  9.04109E-014  9.08917E-022  6.58438E-016  5.61502E-034  1.75989E-014  1.00000E-040  1.30567E-036  1.38843E-022  1.00000E-040  3.16096E-027  1.38161E-011  2.37656E-037  1.00000E-003  1.00000E-005  1.00000E-005  1.00000E-005  1.00000E-005  1.00000E-005  1.00000E-005  1.00000E-005  1.00000E-005  1.00000E-005  1.00000E-005  1.00000E-005  1.00000E-005  1.00000E-005  1.00000E-005  1.00000E-005  
3.95000E+001  1.59129E-003  6.47305E+016  1.78056E+002  3.69865E+004  1.00000E-040  1.00000E-040  1.00000E-040  1.81965E-011  1.00000E-040  1.00000E-040  1.00000E-040  1.00000E-040  1.00000E-040  1.00000E-040  1.00000E-040  1.00000E-040  1.00000E-040  1.00000E-040  2.01548E-023  1.00000E-040  1.01380E-040  5.13198E-016  3.37553E-007  7.29520E-006  1.47894E-010  2.91044E-009  3.17779E-001  3.29539E-009  2.82854E-004  3.30523E-020  2.99419E-011  1.00000E-040  1.00000E-040  1.44706E-026  4.08867E-016  4.20832E-007  5.92927E-022  5.64711E-030  4.27540E-037  4.80643E-036  1.00000E-040  2.01374E-019  4.15641E-019  5.28539E-015  3.25238E-012  3.39521E-038  1.00000E-040  5.74184E-012  2.73113E-037  4.74335E-011  1.45015E-019  6.81907E-001  2.50203E-023  3.18519E-022  1.18526E-018  2.72899E-035  5.14063E-040  3.25927E-027  2.35703E-022  2.14913E-008  9.88877E-016  4.19799E-011  7.72325E-018  7.67824E-008  8.20900E-011  2.25199E-005  3.90355E-009  3.55448E-013  5.12993E-017  6.26649E-010  2.07000E-009  3.12807E-013  8.12894E-031  1.88922E-032  1.00000E-040  1.09582E-027  2.28401E-034  6.40813E-021  9.80189E-018  5.56898E-014  2.34245E-021  5.05735E-021  7.38029E-038  1.00000E-040  1.78356E-029  1.00000E-040  6.34550E-025  1.45987E-037  8.40320E-035  6.93046E-023  7.85689E-018  1.22436E-028  2.03601E-032  3.51645E-022  8.66423E-016  8.83118E-016  6.41596E-014  9.03825E-027  2.63214E-016  1.00000E-040  1.59252E-013  8.59970E-036  7.86835E-023  6.42120E-031  7.30426E-023  4.95726E-025  9.94803E-014  9.98776E-022  1.05737E-015  1.02568E-035  1.75946E-014  1.00000E-040  1.98412E-036  2.15281E-022  1.00000E-040  4.04411E-027  1.31832E-011  3.45202E-037  1.00000E-003  1.00000E-005  1.00000E-005  1.00000E-005  1.00000E-005  1.00000E-005  1.00000E-005  1.00000E-005  1.00000E-005  1.00000E-005  1.00000E-005  1.00000E-005  1.00000E-005  1.00000E-005  1.00000E-005  1.00000E-005  
4.05000E+001  1.31202E-003  5.37044E+016  1.76949E+002  4.09878E+004  1.00000E-040  1.00000E-040  1.00000E-040  1.25800E-011  1.00000E-040  1.00000E-040  1.00000E-040  1.00000E-040  1.00000E-040  1.00000E-040  1.00000E-040  1.00000E-040  1.00000E-040  1.00000E-040  2.00544E-023  1.00000E-040  1.01459E-040  1.46052E-015  3.25824E-007  7.34459E-006  2.20071E-010  5.06535E-009  3.17762E-001  3.32864E-009  2.82817E-004  5.27399E-020  3.33827E-011  1.00000E-040  1.04889E-040  3.51416E-026  6.82661E-016  4.00348E-007  6.77627E-022  2.22994E-030  1.75904E-038  2.13223E-037  1.00000E-040  1.91185E-019  4.93883E-019  5.89939E-015  2.70733E-012  6.36246E-038  1.00000E-040  3.60946E-012  3.25861E-037  4.73658E-011  2.07047E-018  6.81921E-001  3.42338E-023  5.15753E-023  1.92360E-019  2.15404E-035  1.24580E-039  5.46800E-027  2.57475E-022  2.33952E-008  9.11497E-016  4.96451E-011  8.34584E-018  6.96995E-008  8.54396E-011  2.53962E-005  3.22510E-009  3.71189E-013  5.17633E-017  5.75932E-010  1.51412E-009  2.46097E-013  6.99050E-031  2.55263E-032  1.00000E-040  1.35224E-027  3.79210E-036  6.40608E-021  1.32992E-017  9.15464E-014  3.08483E-021  6.72441E-021  8.07290E-038  1.00000E-040  1.72981E-029  1.00000E-040  7.67620E-025  2.71882E-037  1.35110E-034  7.82927E-023  7.91783E-018  2.88468E-028  3.97995E-032  2.79044E-022  6.75098E-016  1.29520E-015  5.75089E-014  1.21818E-025  1.28022E-016  1.00000E-040  1.65237E-013  2.10035E-035  9.07734E-023  8.56115E-031  7.30255E-023  4.31281E-025  1.05269E-013  1.07210E-021  1.72805E-015  1.47770E-037  1.75900E-014  1.00000E-040  3.14422E-036  3.46131E-022  1.00000E-040  5.55480E-027  1.25669E-011  4.95762E-037  1.00000E-003  1.00000E-005  1.00000E-005  1.00000E-005  1.00000E-005  1.00000E-005  1.00000E-005  1.00000E-005  1.00000E-005  1.00000E-005  1.00000E-005  1.00000E-005  1.00000E-005  1.00000E-005  1.00000E-005  1.00000E-005  
4.15000E+001  1.08066E-003  4.44451E+016  1.76109E+002  4.51719E+004  1.00000E-040  1.00000E-040  1.00000E-040  8.50353E-012  1.00000E-040  1.00000E-040  1.00000E-040  1.00000E-040  1.00000E-040  1.00000E-040  1.00000E-040  1.00000E-040  1.00000E-040  1.00000E-040  1.99777E-023  1.00000E-040  1.01547E-040  4.41256E-015  3.13839E-007  7.39446E-006  3.34506E-010  9.00902E-009  3.17744E-001  3.35602E-009  2.82775E-004  8.55332E-020  3.69022E-011  1.00000E-040  7.17388E-040  8.79843E-026  1.14430E-015  3.79554E-007  7.46193E-022  8.07611E-031  2.98970E-037  3.35983E-036  1.00000E-040  1.58546E-019  5.28260E-019  6.12476E-015  2.18237E-012  1.12065E-037  1.00000E-040  2.15706E-012  4.17962E-037  4.72934E-011  2.22639E-017  6.81937E-001  4.95429E-023  7.50762E-024  2.99165E-020  1.64790E-035  2.85349E-039  8.74846E-027  2.80874E-022  2.50623E-008  7.97771E-016  5.75860E-011  9.55027E-018  6.30676E-008  8.43453E-011  2.85712E-005  2.52040E-009  3.75908E-013  5.40866E-017  5.17495E-010  1.06461E-009  1.90608E-013  6.43190E-031  3.55528E-032  1.00000E-040  1.71281E-027  4.97366E-038  6.40382E-021  1.80679E-017  1.51083E-013  4.07737E-021  9.00990E-021  8.91468E-038  1.00000E-040  1.67786E-029  2.05196E-040  9.41656E-025  4.92468E-037  2.22187E-034  8.90866E-023  7.56049E-018  7.05643E-028  7.21301E-032  2.07176E-022  4.61966E-016  1.87462E-015  5.10855E-014  1.22038E-024  5.92971E-017  1.00000E-040  1.70547E-013  4.89573E-035  1.05270E-022  1.07897E-030  7.30060E-023  3.69927E-025  1.04774E-013  1.12542E-021  2.87072E-015  1.67407E-039  1.75849E-014  1.00000E-040  5.17768E-036  5.76049E-022  1.00000E-040  8.15122E-027  1.19622E-011  6.96706E-037  1.00000E-003  1.00000E-005  1.00000E-005  1.00000E-005  1.00000E-005  1.00000E-005  1.00000E-005  1.00000E-005  1.00000E-005  1.00000E-005  1.00000E-005  1.00000E-005  1.00000E-005  1.00000E-005  1.00000E-005  1.00000E-005  
4.25000E+001  8.89405E-004  3.67158E+016  1.75454E+002  5.04170E+004  1.00000E-040  1.00000E-040  1.00000E-040  5.61540E-012  1.00000E-040  1.00000E-040  1.00000E-040  1.00000E-040  1.00000E-040  1.00000E-040  1.00000E-040  1.00000E-040  1.00000E-040  1.00000E-040  1.99061E-023  1.00000E-040  1.01642E-040  1.39366E-014  3.01813E-007  7.44402E-006  5.18789E-010  1.62641E-008  3.17724E-001  3.37032E-009  2.82727E-004  1.39957E-019  4.01259E-011  1.00000E-040  5.48467E-039  2.24495E-025  1.90863E-015  3.58711E-007  7.90351E-022  2.66908E-031  1.00000E-040  1.00000E-040  1.00000E-040  1.12490E-019  5.00817E-019  5.88294E-015  1.70334E-012  1.84793E-037  1.00000E-040  1.21550E-012  5.66992E-037  4.72157E-011  1.68344E-016  6.81953E-001  7.44482E-023  1.07335E-024  4.50707E-021  1.23077E-035  6.21790E-039  1.34446E-026  3.06462E-022  2.64036E-008  6.64163E-016  6.51947E-011  1.13525E-017  5.69196E-008  7.91271E-011  3.17721E-005  1.84080E-009  3.58591E-013  5.76521E-017  4.55047E-010  7.12653E-010  1.43663E-013  6.82797E-031  5.13139E-032  1.00000E-040  2.21761E-027  5.59578E-040  6.40131E-021  2.44920E-017  2.48677E-013  5.38359E-021  1.20909E-020  9.95107E-038  1.00000E-040  1.62804E-029  6.56777E-040  1.16602E-024  8.57411E-037  3.73585E-034  1.02119E-022  6.87037E-018  1.76783E-027  1.21173E-031  1.42047E-022  2.73248E-016  2.66446E-015  4.50367E-014  8.45111E-024  2.59390E-017  1.00000E-040  1.75213E-013  1.09910E-034  1.22732E-022  1.30133E-030  7.29834E-023  3.15325E-025  9.67626E-014  1.15732E-021  4.82004E-015  1.00000E-040  1.75793E-014  1.00000E-040  8.78626E-036  9.80297E-022  1.00000E-040  1.25640E-026  1.13748E-011  9.49763E-037  1.00000E-003  1.00000E-005  1.00000E-005  1.00000E-005  1.00000E-005  1.00000E-005  1.00000E-005  1.00000E-005  1.00000E-005  1.00000E-005  1.00000E-005  1.00000E-005  1.00000E-005  1.00000E-005  1.00000E-005  1.00000E-005  
4.35000E+001  7.31653E-004  3.02486E+016  1.75193E+002  5.66624E+004  1.00000E-040  1.00000E-040  1.00000E-040  3.60833E-012  1.00000E-040  1.00000E-040  1.00000E-040  1.00000E-040  1.00000E-040  1.00000E-040  1.00000E-040  1.00000E-040  1.00000E-040  1.00000E-040  1.98189E-023  1.00000E-040  1.01745E-040  4.56349E-014  2.90106E-007  7.49198E-006  8.14943E-010  2.97229E-008  3.17704E-001  3.37532E-009  2.82673E-004  2.29423E-019  4.27903E-011  1.00000E-040  4.55442E-038  5.81603E-025  3.16508E-015  3.38277E-007  8.08483E-022  8.16001E-032  8.85022E-039  9.89500E-038  1.00000E-040  6.86695E-020  4.20236E-019  5.22089E-015  1.29367E-012  2.85870E-037  1.00000E-040  6.42483E-013  8.43275E-037  4.71330E-011  9.32962E-016  6.81971E-001  1.14138E-022  2.32305E-025  6.73646E-022  9.00387E-036  1.29672E-038  1.99710E-026  3.31395E-022  2.73127E-008  5.18832E-016  7.24248E-011  1.38349E-017  5.13157E-008  7.19392E-011  3.44140E-005  1.25250E-009  3.13651E-013  6.51520E-017  3.89678E-010  4.48630E-010  1.05296E-013  9.17028E-031  7.64770E-032  1.00000E-040  2.88318E-027  1.00000E-040  6.39854E-021  3.29274E-017  4.06611E-013  7.07341E-021  1.62509E-020  1.12415E-037  1.00000E-040  1.58092E-029  2.24888E-039  1.44786E-024  1.44504E-036  6.33002E-034  1.17316E-022  6.03242E-018  4.54633E-027  1.92596E-031  8.62102E-023  1.38002E-016  3.66525E-015  3.93225E-014  4.23588E-023  1.07087E-017  1.00000E-040  1.79224E-013  2.34497E-034  1.42991E-022  1.50178E-030  7.29560E-023  2.62181E-025  8.26143E-014  1.15513E-021  8.13017E-015  1.00000E-040  1.75733E-014  1.00000E-040  1.52976E-035  1.70738E-021  1.00000E-040  2.07603E-026  1.08156E-011  1.24626E-036  1.00000E-003  1.00000E-005  1.00000E-005  1.00000E-005  1.00000E-005  1.00000E-005  1.00000E-005  1.00000E-005  1.00000E-005  1.00000E-005  1.00000E-005  1.00000E-005  1.00000E-005  1.00000E-005  1.00000E-005  1.00000E-005  
4.45000E+001  6.01793E-004  2.48939E+016  1.75094E+002  6.33601E+004  1.00000E-040  1.00000E-040  1.00000E-040  2.24628E-012  1.00000E-040  1.00000E-040  1.00000E-040  1.00000E-040  1.00000E-040  1.00000E-040  1.00000E-040  1.00000E-040  1.00000E-040  1.00000E-040  1.95824E-023  1.00000E-040  1.01857E-040  1.51190E-013  2.79052E-007  7.53722E-006  1.28280E-009  5.44650E-008  3.17683E-001  3.38267E-009  2.82611E-004  3.73910E-019  4.47434E-011  1.00000E-040  3.85303E-037  1.49657E-024  5.18475E-015  3.18611E-007  7.99193E-022  2.28672E-032  1.00000E-040  1.00000E-040  1.00000E-040  3.65177E-020  3.12551E-019  4.32059E-015  9.61326E-013  4.13627E-037  1.00000E-040  3.16282E-013  1.29857E-036  4.70446E-011  3.95144E-015  6.81990E-001  1.75363E-022  1.32695E-025  1.05016E-022  6.50500E-036  2.56415E-038  2.85155E-026  3.49824E-022  2.77208E-008  3.86444E-016  7.91872E-011  1.69301E-017  4.62579E-008  6.56517E-011  3.57230E-005  7.83269E-010  2.40981E-013  7.43935E-017  3.26189E-010  2.61867E-010  7.56437E-014  1.58023E-030  1.18463E-031  1.00000E-040  3.72511E-027  1.00000E-040  6.39551E-021  4.36481E-017  6.56006E-013  9.14287E-021  2.15798E-020  1.28910E-037  1.00000E-040  1.53654E-029  7.90166E-039  1.79549E-024  2.33299E-036  1.05086E-033  1.33340E-022  5.15215E-018  1.16656E-026  2.87542E-031  4.59797E-023  5.96001E-017  4.90438E-015  3.41818E-014  1.60207E-022  4.17050E-018  1.00000E-040  1.82587E-013  4.73330E-034  1.64384E-022  1.64841E-030  7.29209E-023  2.10100E-025  6.61701E-014  1.12247E-021  1.37005E-014  1.00000E-040  1.75668E-014  1.00000E-040  2.69136E-035  2.96207E-021  1.00000E-040  3.53090E-026  1.02932E-011  1.56077E-036  1.00000E-003  1.00000E-005  1.00000E-005  1.00000E-005  1.00000E-005  1.00000E-005  1.00000E-005  1.00000E-005  1.00000E-005  1.00000E-005  1.00000E-005  1.00000E-005  1.00000E-005  1.00000E-005  1.00000E-005  1.00000E-005  
4.55000E+001  4.95008E-004  2.04645E+016  1.75197E+002  6.89710E+004  1.00000E-040  1.00000E-040  1.00000E-040  1.34687E-012  1.00000E-040  1.00000E-040  1.00000E-040  1.00000E-040  1.00000E-040  1.00000E-040  1.00000E-040  1.00000E-040  1.00000E-040  1.00000E-040  1.90013E-023  1.00000E-040  1.01980E-040  5.01344E-013  2.68893E-007  7.57904E-006  1.99056E-009  9.99357E-008  3.17664E-001  3.41670E-009  2.82540E-004  6.02546E-019  4.60989E-011  1.00000E-040  3.19749E-036  3.74824E-024  8.35016E-015  2.99854E-007  7.65476E-022  4.45721E-033  1.00000E-040  1.00000E-040  1.00000E-040  1.74193E-020  2.06916E-019  3.37082E-015  7.03131E-013  5.52932E-037  1.00000E-040  1.42791E-013  2.05362E-036  4.69484E-011  1.32797E-014  6.82010E-001  2.64169E-022  1.24984E-025  2.03599E-023  4.64352E-036  4.65794E-038  3.80060E-026  3.48457E-022  2.75735E-008  2.72228E-016  8.64181E-011  2.04177E-017  4.16753E-008  6.22766E-011  3.48397E-005  4.46282E-010  1.56836E-013  8.56231E-017  2.66470E-010  1.38685E-010  5.33769E-014  3.18611E-030  1.90711E-031  1.00000E-040  4.68615E-027  1.00000E-040  6.39211E-021  5.66232E-017  1.03568E-012  1.14933E-020  2.81053E-020  1.51001E-037  1.00000E-040  1.49424E-029  2.80439E-038  2.21936E-024  3.60284E-036  1.62602E-033  1.46769E-022  4.27900E-018  2.93007E-026  3.96132E-031  2.07073E-023  2.19471E-017  6.31263E-015  2.95233E-014  4.73390E-022  1.52406E-018  1.00000E-040  1.85345E-013  8.61348E-034  1.82501E-022  1.64614E-030  7.28712E-023  1.54390E-025  5.01296E-014  1.04982E-021  2.29696E-014  1.00000E-040  1.75597E-014  1.00000E-040  4.74032E-035  5.00852E-021  1.00000E-040  6.15575E-026  9.81046E-012  1.84138E-036  1.00000E-003  1.00000E-005  1.00000E-005  1.00000E-005  1.00000E-005  1.00000E-005  1.00000E-005  1.00000E-005  1.00000E-005  1.00000E-005  1.00000E-005  1.00000E-005  1.00000E-005  1.00000E-005  1.00000E-005  1.00000E-005  
4.65000E+001  4.07258E-004  1.68205E+016  1.75367E+002  7.80352E+004  1.00000E-040  1.00000E-040  1.00000E-040  7.79714E-013  1.00000E-040  1.00000E-040  1.00000E-040  1.00000E-040  1.00000E-040  1.00000E-040  1.00000E-040  1.00000E-040  1.00000E-040  1.00000E-040  1.78256E-023  1.00000E-040  1.02115E-040  1.57738E-012  2.60190E-007  7.61550E-006  2.93178E-009  1.79652E-007  3.17647E-001  3.49971E-009  2.82459E-004  9.31645E-019  4.67667E-011  1.00000E-040  2.26271E-035  8.41718E-024  1.26862E-014  2.82682E-007  7.24713E-022  1.59717E-033  3.02134E-036  3.24763E-035  1.00000E-040  8.10319E-021  1.27500E-019  2.59780E-015  5.17045E-013  6.60467E-037  1.00000E-040  5.93729E-014  3.12413E-036  4.68443E-011  3.66023E-014  6.82031E-001  3.74678E-022  1.27808E-025  7.19545E-024  3.34648E-036  7.40790E-038  4.51766E-026  3.09159E-022  2.68585E-008  1.79434E-016  9.50828E-011  2.33457E-017  3.76127E-008  6.15587E-011  3.13378E-005  2.32813E-010  8.48605E-014  9.52835E-017  2.12909E-010  6.56932E-011  3.53126E-014  6.48030E-030  3.08204E-031  1.00000E-040  5.43622E-027  1.00000E-040  6.38839E-021  7.01992E-017  1.53623E-012  1.35883E-020  3.48306E-020  1.81488E-037  1.00000E-040  1.45427E-029  9.47904E-038  2.68370E-024  5.19284E-036  2.12846E-033  1.49832E-022  3.42061E-018  6.61132E-026  4.81817E-031  7.90156E-024  7.40181E-018  7.51965E-015  2.51791E-014  1.10564E-021  5.37147E-019  1.00000E-040  1.87471E-013  1.31015E-033  1.87335E-022  1.40920E-030  7.27970E-023  9.69712E-026  3.57168E-014  9.34084E-022  3.71700E-014  1.00000E-040  1.75518E-014  1.00000E-040  8.09630E-035  7.57842E-021  1.00000E-040  1.05122E-025  9.38346E-012  2.00671E-036  1.00000E-003  1.00000E-005  1.00000E-005  1.00000E-005  1.00000E-005  1.00000E-005  1.00000E-005  1.00000E-005  1.00000E-005  1.00000E-005  1.00000E-005  1.00000E-005  1.00000E-005  1.00000E-005  1.00000E-005  1.00000E-005  
4.75000E+001  3.35142E-004  1.38313E+016  1.75502E+002  8.59767E+004  1.00000E-040  1.00000E-040  1.00000E-040  4.31220E-013  1.00000E-040  1.00000E-040  1.00000E-040  1.00000E-040  1.00000E-040  1.00000E-040  1.00000E-040  1.00000E-040  1.00000E-040  1.00000E-040  1.59449E-023  1.00000E-040  1.02262E-040  4.28278E-012  2.53447E-007  7.64488E-006  3.90566E-009  3.01368E-007  3.17630E-001  3.62959E-009  2.82366E-004  1.30606E-018  4.62314E-011  1.00000E-040  1.09349E-034  1.49582E-023  1.68764E-014  2.67760E-007  7.00474E-022  3.01682E-034  1.00000E-040  1.00000E-040  1.00000E-040  4.20793E-021  8.09680E-020  2.12680E-015  3.93046E-013  6.78967E-037  1.00000E-040  2.32111E-014  4.26738E-036  4.67321E-011  8.56772E-014  6.82053E-001  4.78190E-022  1.30588E-025  4.37479E-024  2.55891E-036  1.01467E-037  4.71202E-026  2.35798E-022  2.56234E-008  1.09697E-016  1.05088E-010  2.42490E-017  3.41028E-008  6.05648E-011  2.59622E-005  1.17000E-010  4.00840E-014  9.86000E-017  1.66797E-010  2.82375E-011  2.23503E-014  1.14811E-029  4.58835E-031  1.00000E-040  5.33370E-027  1.00000E-040  6.38449E-021  8.05352E-017  2.01092E-012  1.45359E-020  3.95671E-020  2.24786E-037  1.61776E-038  1.41684E-029  2.75644E-037  3.03117E-024  6.68304E-036  2.16565E-033  1.37071E-022  2.64340E-018  1.17940E-025  5.09517E-031  2.70168E-024  2.73123E-018  7.72855E-015  2.10180E-014  2.05675E-021  1.92877E-019  1.00000E-040  1.88984E-013  1.57185E-033  1.71730E-022  1.02180E-030  7.26877E-023  5.04263E-026  2.35785E-014  7.77627E-022  5.47160E-014  1.00000E-040  1.75433E-014  9.42980E-040  1.28027E-034  9.10272E-021  1.00000E-040  1.66243E-025  9.02472E-012  2.00867E-036  1.00000E-003  1.00000E-005  1.00000E-005  1.00000E-005  1.00000E-005  1.00000E-005  1.00000E-005  1.00000E-005  1.00000E-005  1.00000E-005  1.00000E-005  1.00000E-005  1.00000E-005  1.00000E-005  1.00000E-005  1.00000E-005  
4.85000E+001  2.75853E-004  1.13768E+016  1.75621E+002  9.43451E+004  1.00000E-040  1.00000E-040  1.00000E-040  2.31714E-013  1.00000E-040  1.00000E-040  1.00000E-040  1.00000E-040  1.00000E-040  1.00000E-040  1.00000E-040  1.00000E-040  1.00000E-040  1.00000E-040  1.35649E-023  1.00000E-040  1.02425E-040  9.54408E-012  2.48781E-007  7.66684E-006  4.65741E-009  4.56248E-007  3.17611E-001  3.78554E-009  2.82260E-004  1.61127E-018  4.42451E-011  1.00000E-040  3.28819E-034  2.01539E-023  1.90223E-014  2.55184E-007  7.07415E-022  1.69026E-034  1.12011E-036  1.17428E-035  1.00000E-040  2.62840E-021  5.75647E-020  1.92740E-015  3.13592E-013  6.10781E-037  1.00000E-040  8.66522E-015  5.19944E-036  4.66090E-011  1.76330E-013  6.82078E-001  5.45927E-022  1.32898E-025  3.10226E-024  2.15087E-036  1.23191E-037  4.42487E-026  1.58986E-022  2.39577E-008  6.38285E-017  1.14638E-010  2.27797E-017  3.10784E-008  5.68003E-011  2.03144E-005  6.05149E-011  1.81749E-014  9.56853E-017  1.28159E-010  1.14484E-011  1.34384E-014  1.64061E-029  5.88932E-031  1.00000E-040  4.26535E-027  1.00000E-040  6.38051E-021  8.41551E-017  2.26306E-012  1.39076E-020  4.05944E-020  2.88475E-037  3.13286E-034  1.38131E-029  6.51567E-037  3.09290E-024  7.60873E-036  1.74337E-033  1.13233E-022  2.02961E-018  1.59445E-025  4.82842E-031  9.03130E-025  1.28165E-018  6.66784E-015  1.71739E-014  3.15742E-021  7.35729E-020  1.30517E-040  1.89996E-013  1.50987E-033  1.41703E-022  6.62456E-031  7.25372E-023  2.28510E-026  1.45158E-014  6.08276E-022  7.08528E-014  1.00000E-040  1.75340E-014  2.09468E-040  1.84224E-034  8.36049E-021  1.00000E-040  2.40042E-025  8.73043E-012  1.86927E-036  1.00000E-003  1.00000E-005  1.00000E-005  1.00000E-005  1.00000E-005  1.00000E-005  1.00000E-005  1.00000E-005  1.00000E-005  1.00000E-005  1.00000E-005  1.00000E-005  1.00000E-005  1.00000E-005  1.00000E-005  1.00000E-005  
4.95000E+001  2.27089E-004  9.36291E+015  1.75672E+002  1.04470E+005  1.00000E-040  1.00000E-040  1.00000E-040  1.23680E-013  1.00000E-040  1.00000E-040  1.00000E-040  1.00000E-040  1.00000E-040  1.00000E-040  1.00000E-040  1.00000E-040  1.00000E-040  1.00000E-040  1.10816E-023  1.00000E-040  1.02604E-040  1.81875E-011  2.46125E-007  7.68150E-006  5.15108E-009  6.35840E-007  3.17588E-001  3.96760E-009  2.82139E-004  1.80647E-018  4.14954E-011  1.00000E-040  6.87606E-034  2.21005E-023  1.88422E-014  2.44917E-007  7.54040E-022  1.02153E-034  1.43235E-036  1.46743E-035  1.00000E-040  1.90361E-021  4.57055E-020  1.91373E-015  2.63976E-013  5.12671E-037  1.00000E-040  3.17680E-015  5.79380E-036  4.64741E-011  3.27520E-013  6.82105E-001  5.77721E-022  1.33901E-025  2.25641E-024  1.95348E-036  1.36536E-037  3.83754E-026  9.92539E-023  2.20229E-008  3.73319E-017  1.22391E-010  2.00367E-017  2.85010E-008  5.09338E-011  1.57002E-005  3.31263E-011  8.44152E-015  8.98139E-017  9.69925E-011  4.59277E-012  7.83736E-015  1.95048E-029  6.57353E-031  1.00000E-040  2.94430E-027  1.00000E-040  6.37639E-021  8.12192E-017  2.25579E-012  1.21284E-020  3.81385E-020  3.81798E-037  1.48831E-038  1.34772E-029  1.29273E-036  2.91166E-024  8.01413E-036  1.20443E-033  8.68870E-023  1.57302E-018  1.75106E-025  4.20602E-031  3.20081E-025  7.68047E-019  5.04874E-015  1.38783E-014  4.17205E-021  3.07494E-020  6.90120E-040  1.90628E-013  1.23902E-033  1.08368E-022  4.04784E-031  7.23496E-023  9.62156E-027  8.51763E-015  4.66535E-022  8.30960E-014  1.00000E-040  1.75238E-014  2.89609E-039  2.46220E-034  6.26965E-021  1.00000E-040  3.21263E-025  8.49441E-012  1.64429E-036  1.00000E-003  1.00000E-005  1.00000E-005  1.00000E-005  1.00000E-005  1.00000E-005  1.00000E-005  1.00000E-005  1.00000E-005  1.00000E-005  1.00000E-005  1.00000E-005  1.00000E-005  1.00000E-005  1.00000E-005  1.00000E-005  
5.05000E+001  1.86963E-004  7.70842E+015  1.75674E+002  1.14473E+005  1.00000E-040  1.00000E-040  1.00000E-040  6.64812E-014  1.00000E-040  1.00000E-040  1.00000E-040  1.00000E-040  1.00000E-040  1.00000E-040  1.00000E-040  1.00000E-040  1.00000E-040  1.00000E-040  8.85816E-024  1.00000E-040  1.02802E-040  3.18673E-011  2.45238E-007  7.68967E-006  5.49772E-009  8.49825E-007  3.17560E-001  4.21322E-009  2.82004E-004  1.93352E-018  3.87286E-011  1.00000E-040  1.17687E-033  2.15861E-023  1.72448E-014  2.36610E-007  8.43983E-022  1.00000E-040  1.00000E-040  1.00000E-040  1.00000E-040  1.49073E-021  3.88016E-020  2.01893E-015  2.33023E-013  4.19781E-037  1.00000E-040  1.16868E-015  6.16699E-036  4.63258E-011  5.59231E-013  6.82136E-001  5.87543E-022  1.33979E-025  1.69793E-024  1.84425E-036  1.40019E-037  3.10309E-026  5.91503E-023  1.99822E-008  2.29913E-017  1.28657E-010  1.71312E-017  2.63028E-008  4.46370E-011  1.23711E-005  1.90928E-011  4.07761E-015  8.45969E-017  7.25648E-011  1.87458E-012  4.62230E-015  2.08510E-029  6.66518E-031  1.00000E-040  1.89401E-027  1.00000E-040  6.37193E-021  7.45395E-017  2.08199E-012  9.94104E-021  3.38177E-020  5.16646E-037  1.00000E-040  1.31594E-029  2.30099E-036  2.63272E-024  8.16463E-036  7.66162E-034  6.37124E-023  1.22983E-018  1.71054E-025  3.40613E-031  1.23570E-025  5.43908E-019  3.51524E-015  1.11751E-014  4.87889E-021  1.41841E-020  3.04784E-039  1.90997E-013  9.12102E-034  7.90943E-023  2.41091E-031  7.21307E-023  3.87700E-027  4.81380E-015  3.62606E-022  9.26299E-014  1.00000E-040  1.75126E-014  1.00000E-040  3.15476E-034  4.18230E-021  1.00000E-040  4.11885E-025  8.30533E-012  1.39092E-036  1.00000E-003  1.00000E-005  1.00000E-005  1.00000E-005  1.00000E-005  1.00000E-005  1.00000E-005  1.00000E-005  1.00000E-005  1.00000E-005  1.00000E-005  1.00000E-005  1.00000E-005  1.00000E-005  1.00000E-005  1.00000E-005  
5.15000E+001  1.53935E-004  6.34775E+015  1.75644E+002  1.24475E+005  1.00000E-040  1.00000E-040  1.00000E-040  3.62844E-014  1.00000E-040  1.00000E-040  1.00000E-040  1.00000E-040  1.00000E-040  1.00000E-040  1.00000E-040  1.00000E-040  1.00000E-040  1.00000E-040  7.09945E-024  1.00000E-040  1.03022E-040  5.38196E-011  2.45891E-007  7.69226E-006  5.79022E-009  1.11828E-006  3.17527E-001  4.58877E-009  2.81851E-004  2.03597E-018  3.62418E-011  1.00000E-040  1.82750E-033  1.98532E-023  1.50713E-014  2.29812E-007  9.80504E-022  5.44230E-035  1.17936E-036  1.18753E-035  1.00000E-040  1.20686E-021  3.40764E-020  2.20892E-015  2.13372E-013  3.41313E-037  1.00000E-040  4.35475E-016  6.43352E-036  4.61612E-011  8.90121E-013  6.82171E-001  5.85335E-022  1.33455E-025  1.36854E-024  1.76484E-036  1.34280E-037  2.35819E-026  3.43310E-023  1.79555E-008  1.55000E-017  1.34127E-010  1.45309E-017  2.44028E-008  3.88309E-011  1.00268E-005  1.14221E-011  2.03405E-015  8.11012E-017  5.38245E-011  7.84307E-013  2.81855E-015  2.11971E-029  6.37760E-031  1.00000E-040  1.18913E-027  1.00000E-040  6.36696E-021  6.67050E-017  1.83526E-012  7.85060E-021  2.90225E-020  7.10185E-037  1.00000E-040  1.28560E-029  3.84588E-036  2.34564E-024  8.21296E-036  4.68248E-034  4.56213E-023  9.65913E-019  1.57210E-025  2.58763E-031  5.18142E-026  4.25455E-019  2.31288E-015  8.99832E-015  5.15606E-021  7.16030E-021  1.15486E-038  1.91190E-013  6.20664E-034  5.63329E-023  1.48181E-031  7.18820E-023  1.51970E-027  2.63853E-015  2.88718E-022  1.01180E-013  1.00000E-040  1.75002E-014  1.51879E-039  3.95683E-034  2.62058E-021  1.00000E-040  5.16990E-025  8.15099E-012  1.16572E-036  1.00000E-003  1.00000E-005  1.00000E-005  1.00000E-005  1.00000E-005  1.00000E-005  1.00000E-005  1.00000E-005  1.00000E-005  1.00000E-005  1.00000E-005  1.00000E-005  1.00000E-005  1.00000E-005  1.00000E-005  1.00000E-005  
5.25000E+001  1.26742E-004  5.22855E+015  1.75572E+002  1.34477E+005  1.00000E-040  1.00000E-040  1.00000E-040  2.00768E-014  1.00000E-040  1.00000E-040  1.00000E-040  1.00000E-040  1.00000E-040  1.00000E-040  1.00000E-040  1.00000E-040  1.00000E-040  1.00000E-040  5.84330E-024  1.00000E-040  1.03269E-040  8.94320E-011  2.47944E-007  7.68990E-006  6.07328E-009  1.46417E-006  3.17490E-001  5.19441E-009  2.81678E-004  2.13519E-018  3.40421E-011  1.00000E-040  2.70184E-033  1.76776E-023  1.28167E-014  2.24162E-007  1.16971E-021  5.00650E-035  1.33876E-036  1.34164E-035  1.00000E-040  9.89240E-022  3.04479E-020  2.47050E-015  2.00637E-013  2.77494E-037  1.00000E-040  1.65279E-016  6.62466E-036  4.59769E-011  1.33586E-012  6.82211E-001  5.75469E-022  1.32175E-025  1.21812E-024  1.69450E-036  1.22168E-037  1.70613E-026  1.97215E-023  1.60312E-008  1.16074E-017  1.39190E-010  1.23203E-017  2.27406E-008  3.37706E-011  8.33322E-006  7.01550E-012  1.03893E-015  7.88883E-017  3.97177E-011  3.36396E-013  1.81691E-015  2.10787E-029  5.89933E-031  1.00000E-040  7.43135E-028  1.00000E-040  6.36135E-021  5.92222E-017  1.57392E-012  6.07779E-021  2.45069E-020  9.86576E-037  1.00000E-040  1.25642E-029  6.16798E-036  2.08105E-024  8.20865E-036  2.81967E-034  3.24047E-023  7.60214E-019  1.39726E-025  1.86763E-031  2.34217E-026  3.53110E-019  1.46102E-015  7.25790E-015  5.02142E-021  3.91389E-021  3.83763E-038  1.91264E-013  3.99655E-034  3.97861E-023  1.03099E-031  7.16026E-023  5.88625E-028  1.41499E-015  2.35387E-022  1.09707E-013  1.00000E-040  1.74865E-014  1.43356E-040  4.90643E-034  1.58610E-021  1.00000E-040  6.40356E-025  8.02207E-012  1.03860E-036  1.00000E-003  1.00000E-005  1.00000E-005  1.00000E-005  1.00000E-005  1.00000E-005  1.00000E-005  1.00000E-005  1.00000E-005  1.00000E-005  1.00000E-005  1.00000E-005  1.00000E-005  1.00000E-005  1.00000E-005  1.00000E-005  
5.35000E+001  1.04350E-004  4.30685E+015  1.75489E+002  1.44478E+005  1.00000E-040  1.00000E-040  1.00000E-040  1.11614E-014  1.00000E-040  1.00000E-040  1.00000E-040  1.00000E-040  1.00000E-040  1.00000E-040  1.00000E-040  1.00000E-040  1.00000E-040  1.00000E-040  5.01805E-024  1.00000E-040  1.03548E-040  1.47519E-010  2.51337E-007  7.68300E-006  6.36328E-009  1.91433E-006  3.17446E-001  6.18433E-009  2.81482E-004  2.23853E-018  3.20315E-011  1.00000E-040  3.89296E-033  1.54556E-023  1.07172E-014  2.19381E-007  1.42172E-021  1.00000E-040  1.00000E-040  1.00000E-040  1.00000E-040  8.14020E-022  2.74761E-020  2.80204E-015  1.92184E-013  2.26038E-037  1.00000E-040  6.40817E-017  6.79542E-036  4.57695E-011  1.90873E-012  6.82255E-001  5.59661E-022  1.30691E-025  1.21149E-024  2.92363E-036  1.06928E-037  1.19049E-026  1.13378E-023  1.42662E-008  9.48591E-018  1.44067E-010  1.04644E-017  2.12703E-008  2.94163E-011  7.05494E-006  4.39944E-012  5.40552E-016  7.78518E-017  2.92322E-011  1.47519E-013  1.30450E-015  2.07609E-029  5.34304E-031  1.00000E-040  4.64610E-028  1.00000E-040  6.35498E-021  5.27165E-017  1.32750E-012  4.66550E-021  2.05789E-020  1.38034E-036  1.00000E-040  1.22817E-029  9.59281E-036  1.84373E-024  8.15848E-036  1.69724E-034  2.30793E-023  5.99425E-019  1.21913E-025  1.29916E-031  1.13162E-026  3.03882E-019  8.92364E-016  5.86375E-015  4.58381E-021  2.29221E-021  1.13993E-037  1.91255E-013  2.47116E-034  2.81714E-023  8.73448E-032  7.12893E-023  2.27586E-028  7.47088E-016  1.95302E-022  1.18585E-013  1.00000E-040  1.74710E-014  1.00000E-040  6.04693E-034  9.41514E-022  1.00000E-040  7.89055E-025  7.91141E-012  1.12095E-036  1.00000E-003  1.00000E-005  1.00000E-005  1.00000E-005  1.00000E-005  1.00000E-005  1.00000E-005  1.00000E-005  1.00000E-005  1.00000E-005  1.00000E-005  1.00000E-005  1.00000E-005  1.00000E-005  1.00000E-005  1.00000E-005  
5.45000E+001  8.59102E-005  3.54826E+015  1.75366E+002  1.54480E+005  1.00000E-040  1.00000E-040  1.00000E-040  6.14324E-015  1.00000E-040  1.00000E-040  1.00000E-040  1.00000E-040  1.00000E-040  1.00000E-040  1.00000E-040  1.00000E-040  1.00000E-040  1.00000E-040  4.50943E-024  1.00000E-040  1.03864E-040  2.42190E-010  2.56072E-007  7.67171E-006  6.66948E-009  2.50124E-006  3.17396E-001  7.79147E-009  2.81258E-004  2.34890E-018  3.01250E-011  1.00000E-040  5.52059E-033  1.33687E-023  8.87164E-015  2.15253E-007  1.74995E-021  8.20300E-036  1.00000E-040  1.00000E-040  1.00000E-040  6.68855E-022  2.49131E-020  3.20318E-015  1.86402E-013  1.84759E-037  1.00000E-040  2.54136E-017  6.91242E-036  4.55348E-011  2.61706E-012  6.82306E-001  5.39285E-022  1.28527E-025  1.32706E-024  2.82108E-036  9.12049E-038  8.11275E-027  6.57265E-024  1.26907E-008  8.20877E-018  1.48814E-010  8.90424E-018  1.99573E-008  2.56852E-011  6.05500E-006  2.80801E-012  2.85864E-016  7.71466E-017  2.15306E-011  6.60100E-014  1.13493E-015  2.03627E-029  4.77750E-031  1.00000E-040  2.91308E-028  1.00000E-040  6.34772E-021  4.73162E-017  1.10860E-012  3.57537E-021  1.72637E-020  1.94116E-036  1.00000E-040  1.20064E-029  1.45325E-035  1.63326E-024  8.03702E-036  1.03015E-034  1.65752E-023  4.73119E-019  1.05131E-025  8.80975E-032  5.80621E-027  2.67402E-019  5.30918E-016  4.74693E-015  3.97528E-021  1.42381E-021  3.07871E-037  1.91184E-013  1.49147E-034  2.01162E-023  8.86687E-032  7.09381E-023  8.86816E-029  3.90992E-016  1.64330E-022  1.28012E-013  1.00000E-040  1.74536E-014  1.00000E-040  7.41942E-034  5.52156E-022  1.00000E-040  9.65206E-025  7.81351E-012  1.63459E-036  1.00000E-003  1.00000E-005  1.00000E-005  1.00000E-005  1.00000E-005  1.00000E-005  1.00000E-005  1.00000E-005  1.00000E-005  1.00000E-005  1.00000E-005  1.00000E-005  1.00000E-005  1.00000E-005  1.00000E-005  1.00000E-005  
5.55000E+001  7.07235E-005  2.92309E+015  1.75242E+002  1.64481E+005  1.00000E-040  1.00000E-040  1.00000E-040  3.34301E-015  1.00000E-040  1.00000E-040  1.00000E-040  1.00000E-040  1.00000E-040  1.00000E-040  1.00000E-040  1.00000E-040  1.00000E-040  1.00000E-040  4.21222E-024  1.00000E-040  1.04223E-040  3.97029E-010  2.62199E-007  7.65601E-006  6.99703E-009  3.26934E-006  3.17339E-001  1.03577E-008  2.81002E-004  2.46801E-018  2.82528E-011  1.00000E-040  7.77127E-033  1.14956E-023  7.29515E-015  2.11606E-007  2.17343E-021  6.79126E-036  1.00000E-040  1.00000E-040  1.00000E-040  5.47484E-022  2.26361E-020  3.67817E-015  1.82287E-013  1.51417E-037  1.00000E-040  1.03123E-017  7.03170E-036  4.52679E-011  3.46721E-012  6.82363E-001  5.15965E-022  1.26356E-025  1.56084E-024  1.40556E-036  7.65448E-038  5.44850E-027  3.85314E-024  1.13155E-008  7.34452E-018  1.53574E-010  7.59199E-018  1.87748E-008  2.24777E-011  5.24670E-006  1.82309E-012  1.53553E-016  7.68894E-017  1.59031E-011  3.00962E-014  1.16436E-015  1.99424E-029  4.23544E-031  1.00000E-040  1.83084E-028  1.00000E-040  6.33943E-021  4.29240E-017  9.20358E-013  2.74527E-021  1.45068E-020  2.74041E-036  1.00000E-040  1.17364E-029  2.15413E-035  1.44676E-024  7.81403E-036  6.32904E-035  1.20392E-023  3.73944E-019  9.01363E-026  5.88658E-032  3.14134E-027  2.38372E-019  3.08185E-016  3.84694E-015  3.30776E-021  9.28937E-022  7.67100E-037  1.91063E-013  8.85433E-035  1.45308E-023  1.00545E-031  7.05434E-023  3.48840E-029  2.03138E-016  1.39515E-022  1.38109E-013  1.00000E-040  1.74340E-014  1.00000E-040  9.08390E-034  3.21730E-022  1.00000E-040  1.17942E-024  7.72400E-012  3.05987E-036  1.00000E-003  1.00000E-005  1.00000E-005  1.00000E-005  1.00000E-005  1.00000E-005  1.00000E-005  1.00000E-005  1.00000E-005  1.00000E-005  1.00000E-005  1.00000E-005  1.00000E-005  1.00000E-005  1.00000E-005  1.00000E-005  
5.65000E+001  5.82154E-005  2.40857E+015  1.75063E+002  1.74482E+005  1.00000E-040  1.00000E-040  1.00000E-040  1.82585E-015  1.00000E-040  1.00000E-040  1.00000E-040  1.00000E-040  1.00000E-040  1.00000E-040  1.00000E-040  1.00000E-040  1.00000E-040  1.00000E-040  4.04438E-024  1.00000E-040  1.04634E-040  6.50028E-010  2.69815E-007  7.63573E-006  7.35492E-009  4.27504E-006  3.17273E-001  1.43654E-008  2.80709E-004  2.59801E-018  2.63937E-011  1.00000E-040  1.09355E-032  9.85364E-024  5.97669E-015  2.08303E-007  2.71497E-021  1.24457E-035  7.79862E-038  6.93263E-037  1.00000E-040  4.45152E-022  2.05398E-020  4.22591E-015  1.79204E-013  1.24535E-037  1.00000E-040  4.28028E-018  7.38051E-036  4.49635E-011  4.46315E-012  6.82429E-001  4.91737E-022  1.23308E-025  1.91320E-024  2.06131E-036  6.42394E-038  3.66502E-027  2.28931E-024  1.01380E-008  6.70067E-018  1.58362E-010  6.48399E-018  1.77019E-008  1.97295E-011  4.58268E-006  1.20347E-012  8.38325E-017  7.61625E-017  1.18175E-011  1.39859E-014  1.25620E-015  1.95266E-029  3.73945E-031  1.00000E-040  1.15585E-028  1.00000E-040  6.32994E-021  3.93698E-017  7.61637E-013  2.11595E-021  1.22023E-020  3.88131E-036  1.00000E-040  1.14702E-029  3.13093E-035  1.28290E-024  7.44308E-036  3.94644E-035  8.84316E-024  2.95601E-019  7.69349E-026  3.93012E-032  1.78452E-027  2.13923E-019  1.75578E-016  3.12221E-015  2.66123E-021  6.30533E-022  1.78646E-036  1.90899E-013  5.28045E-035  1.06201E-023  1.19483E-031  7.00994E-023  1.39233E-029  1.05222E-016  1.19506E-022  1.49061E-013  1.00000E-040  1.74116E-014  2.12811E-039  1.10953E-033  1.86598E-022  1.00000E-040  1.43017E-024  7.63930E-012  6.44471E-036  1.00000E-003  1.00000E-005  1.00000E-005  1.00000E-005  1.00000E-005  1.00000E-005  1.00000E-005  1.00000E-005  1.00000E-005  1.00000E-005  1.00000E-005  1.00000E-005  1.00000E-005  1.00000E-005  1.00000E-005  1.00000E-005  
5.75000E+001  4.79126E-005  1.98448E+015  1.74872E+002  1.84483E+005  1.00000E-040  1.00000E-040  1.00000E-040  9.72788E-016  1.00000E-040  1.00000E-040  1.00000E-040  1.00000E-040  1.00000E-040  1.00000E-040  1.00000E-040  1.00000E-040  1.00000E-040  1.00000E-040  3.95255E-024  1.00000E-040  1.05105E-040  1.06527E-009  2.79057E-007  7.61053E-006  7.74831E-009  5.59584E-006  3.17198E-001  2.04770E-008  2.80371E-004  2.73964E-018  2.45195E-011  1.00000E-040  3.28567E-032  8.43549E-024  4.88225E-015  2.05228E-007  3.40635E-021  1.07286E-035  5.96101E-038  5.65010E-037  1.00000E-040  3.59542E-022  1.85993E-020  4.85146E-015  1.76740E-013  1.02684E-037  1.00000E-040  1.81622E-018  1.09585E-034  4.46152E-011  5.61228E-012  6.82504E-001  4.69098E-022  1.20116E-025  2.40437E-024  1.28694E-036  5.73770E-038  2.62666E-027  1.37833E-024  9.14850E-009  6.20193E-018  1.63332E-010  5.54818E-018  1.67221E-008  1.73677E-011  4.02451E-006  8.08640E-013  4.65520E-017  7.52050E-017  8.84986E-012  6.62664E-015  1.38084E-015  1.91257E-029  3.29376E-031  1.00000E-040  7.32136E-029  1.00000E-040  6.31905E-021  3.64780E-017  6.29225E-013  1.63813E-021  1.02728E-020  5.51255E-036  1.00000E-040  1.12060E-029  4.47776E-035  1.13826E-024  6.89572E-036  2.49894E-035  6.56851E-024  2.33876E-019  6.55804E-026  2.79400E-032  1.05957E-027  1.92524E-019  9.82020E-017  2.53477E-015  2.08292E-021  4.41155E-022  3.93199E-036  1.90693E-013  3.35796E-035  7.85436E-024  1.44799E-031  6.95991E-023  5.63042E-030  5.42900E-017  1.02941E-022  1.60942E-013  1.00000E-040  1.73860E-014  1.48586E-039  1.35430E-033  1.08020E-022  1.00000E-040  1.73179E-024  7.55637E-012  1.40431E-035  1.00000E-003  1.00000E-005  1.00000E-005  1.00000E-005  1.00000E-005  1.00000E-005  1.00000E-005  1.00000E-005  1.00000E-005  1.00000E-005  1.00000E-005  1.00000E-005  1.00000E-005  1.00000E-005  1.00000E-005  1.00000E-005  
5.85000E+001  3.94268E-005  1.63499E+015  1.74660E+002  1.94484E+005  1.00000E-040  1.00000E-040  1.00000E-040  4.95307E-016  1.00000E-040  1.00000E-040  1.00000E-040  1.00000E-040  1.00000E-040  1.00000E-040  1.00000E-040  1.00000E-040  1.00000E-040  1.00000E-040  3.90282E-024  1.00000E-040  1.05648E-040  1.74830E-009  2.90105E-007  7.57990E-006  8.18548E-009  7.33101E-006  3.17111E-001  2.95759E-008  2.79982E-004  2.89320E-018  2.26270E-011  1.08957E-039  2.27039E-030  7.22207E-024  3.97970E-015  2.02281E-007  4.28673E-021  1.34327E-035  3.57509E-037  3.42039E-036  1.00000E-040  2.88497E-022  1.67931E-020  5.55565E-015  1.74626E-013  8.50416E-038  1.00000E-040  7.87197E-019  1.31375E-032  4.42153E-011  6.92609E-012  6.82590E-001  4.50743E-022  1.16655E-025  3.05983E-024  1.45821E-036  7.31218E-038  2.68853E-027  8.41614E-025  8.33417E-009  5.81704E-018  1.68585E-010  4.75632E-018  1.58218E-008  1.53439E-011  3.54840E-006  5.53712E-013  2.63318E-017  7.36796E-017  6.69444E-012  3.20545E-015  1.52289E-015  1.87369E-029  2.90014E-031  1.00000E-040  4.65316E-029  1.00000E-040  6.30654E-021  3.40947E-017  5.19453E-013  1.27428E-021  8.64615E-021  7.85000E-036  1.00000E-040  1.09422E-029  6.31703E-035  1.01042E-024  6.17497E-036  1.60898E-035  4.92928E-024  1.85217E-019  5.58836E-026  2.83424E-032  6.56244E-028  1.73360E-019  5.41051E-017  2.05766E-015  1.59470E-021  3.15228E-022  8.26241E-036  1.90446E-013  3.05676E-035  5.87374E-024  1.76699E-031  6.90348E-023  2.31169E-030  2.79342E-017  8.91215E-023  1.73820E-013  1.00000E-040  1.73568E-014  1.00000E-040  1.65268E-033  6.25610E-023  1.00000E-040  2.09244E-024  7.47250E-012  3.06216E-035  1.00000E-003  1.00000E-005  1.00000E-005  1.00000E-005  1.00000E-005  1.00000E-005  1.00000E-005  1.00000E-005  1.00000E-005  1.00000E-005  1.00000E-005  1.00000E-005  1.00000E-005  1.00000E-005  1.00000E-005  1.00000E-005  
5.95000E+001  3.24373E-005  1.34725E+015  1.74387E+002  2.04485E+005  1.00000E-040  1.00000E-040  1.00000E-040  2.41230E-016  1.00000E-040  1.00000E-040  1.00000E-040  1.00000E-040  1.00000E-040  1.00000E-040  1.00000E-040  1.00000E-040  1.00000E-040  1.00000E-040  3.87474E-024  1.00000E-040  1.06274E-040  2.87239E-009  3.03177E-007  7.54318E-006  8.67873E-009  9.60596E-006  3.17010E-001  4.28136E-008  2.79530E-004  3.05790E-018  2.07294E-011  8.95785E-038  1.26733E-028  6.31642E-024  3.23943E-015  1.99375E-007  5.40352E-021  2.23942E-036  1.00000E-040  1.00000E-040  1.00000E-040  2.30145E-022  1.51073E-020  6.33349E-015  1.72684E-013  7.39895E-038  1.00000E-040  3.48212E-019  7.41440E-031  4.37554E-011  8.42446E-012  6.82690E-001  4.39280E-022  1.12355E-025  3.90823E-024  1.00000E-040  2.12974E-037  6.29505E-027  5.22995E-025  7.68290E-009  5.53457E-018  1.74226E-010  4.08464E-018  1.49901E-008  1.36273E-011  3.13821E-006  3.87022E-013  1.52066E-017  7.11268E-017  5.12881E-012  1.58696E-015  1.65675E-015  1.83507E-029  2.55857E-031  1.00000E-040  2.96990E-029  1.00000E-040  6.29214E-021  3.20932E-017  4.28768E-013  9.96487E-022  7.26850E-021  1.12069E-035  1.00000E-040  1.06772E-029  8.81399E-035  8.97390E-025  5.59110E-036  1.05757E-035  3.73293E-024  1.46797E-019  4.79176E-026  6.56448E-032  4.23784E-028  1.56016E-019  2.95170E-017  1.67021E-015  1.20039E-021  2.27947E-022  1.67246E-035  1.90153E-013  6.40367E-035  4.43676E-024  2.15746E-031  6.83979E-023  9.69728E-031  1.43674E-017  7.76478E-023  1.87745E-013  1.00000E-040  1.73233E-014  1.00000E-040  2.01609E-033  3.72674E-023  1.00000E-040  2.51066E-024  7.38521E-012  6.60897E-035  1.00000E-003  1.00000E-005  1.00000E-005  1.00000E-005  1.00000E-005  1.00000E-005  1.00000E-005  1.00000E-005  1.00000E-005  1.00000E-005  1.00000E-005  1.00000E-005  1.00000E-005  1.00000E-005  1.00000E-005  1.00000E-005  
6.05000E+001  2.66804E-005  1.10990E+015  1.74111E+002  2.14485E+005  1.00000E-040  1.00000E-040  1.00000E-040  9.11684E-017  1.00000E-040  1.00000E-040  1.00000E-040  1.00000E-040  1.00000E-040  1.00000E-040  1.00000E-040  1.00000E-040  1.00000E-040  1.00000E-040  3.85853E-024  1.00000E-040  1.06999E-040  4.72922E-009  3.18535E-007  7.49949E-006  9.23534E-009  1.25752E-005  3.16894E-001  6.16706E-008  2.79007E-004  3.22725E-018  1.88053E-011  4.29284E-036  3.62471E-027  9.17850E-024  2.63096E-015  1.96424E-007  6.82245E-021  1.25852E-035  5.56777E-037  4.90970E-036  1.00000E-040  1.83387E-022  1.35817E-020  7.18949E-015  1.70789E-013  1.22910E-037  1.00000E-040  1.57071E-019  2.12360E-029  4.32250E-011  1.01487E-011  6.82804E-001  4.38095E-022  1.08132E-025  5.01432E-024  1.00000E-040  1.07678E-036  2.55902E-026  3.47424E-025  7.18528E-009  5.36041E-018  1.80566E-010  3.51521E-018  1.42177E-008  1.21933E-011  2.77413E-006  2.76958E-013  8.98571E-018  6.78899E-017  3.98632E-012  8.06013E-016  1.80368E-015  1.79543E-029  2.26231E-031  1.00000E-040  1.89666E-029  1.00000E-040  6.27553E-021  3.03715E-017  3.53905E-013  7.83962E-022  6.10593E-021  1.60365E-035  1.00000E-040  1.04092E-029  1.22075E-034  7.95373E-025  9.59328E-036  7.45983E-036  2.85550E-024  1.16758E-019  5.04908E-026  2.64922E-031  2.85230E-028  1.40516E-019  1.59714E-017  1.35340E-015  8.93668E-022  1.65291E-022  3.28689E-035  1.89811E-013  2.33483E-034  3.38820E-024  2.65376E-031  6.76792E-023  4.36405E-031  7.37786E-018  6.78917E-023  2.02344E-013  1.00000E-040  1.72847E-014  1.03505E-039  2.46398E-033  3.28918E-023  1.00000E-040  3.01743E-024  7.29209E-012  1.40726E-034  1.00000E-003  1.00000E-005  1.00000E-005  1.00000E-005  1.00000E-005  1.00000E-005  1.00000E-005  1.00000E-005  1.00000E-005  1.00000E-005  1.00000E-005  1.00000E-005  1.00000E-005  1.00000E-005  1.00000E-005  1.00000E-005  
6.15000E+001  2.19396E-005  9.14201E+014  1.73822E+002  2.24486E+005  1.00000E-040  1.00000E-040  1.00000E-040  1.37271E-017  1.00000E-040  1.00000E-040  1.00000E-040  1.00000E-040  1.00000E-040  1.00000E-040  1.00000E-040  1.00000E-040  1.00000E-040  1.00000E-040  3.84813E-024  1.00000E-040  1.07839E-040  7.79057E-009  3.36484E-007  7.44768E-006  9.87255E-009  1.63831E-005  3.16759E-001  8.80194E-008  2.78398E-004  3.38548E-018  1.68373E-011  1.14707E-034  5.92125E-026  6.81547E-023  2.13178E-015  1.93348E-007  8.62098E-021  1.09375E-035  4.92857E-037  4.51580E-036  1.00000E-040  1.47265E-022  1.22625E-020  8.11565E-015  1.68859E-013  8.86001E-037  1.00000E-040  7.21883E-020  3.47026E-028  4.26124E-011  1.21623E-011  6.82936E-001  4.51267E-022  1.03848E-025  6.45290E-024  1.00000E-040  6.12645E-036  1.17062E-025  4.23157E-025  6.83626E-009  5.31030E-018  1.88104E-010  3.03401E-018  1.34965E-008  1.10817E-011  2.44026E-006  2.03821E-013  5.45798E-018  6.39604E-017  3.15080E-012  4.22205E-016  1.95395E-015  1.75400E-029  2.00873E-031  1.00000E-040  1.20806E-029  1.00000E-040  6.25637E-021  2.88476E-017  2.92069E-013  6.22599E-022  5.13588E-021  2.29978E-035  1.00000E-040  1.01362E-029  1.68700E-034  7.00878E-025  6.40050E-035  9.69930E-036  2.21258E-024  9.35769E-020  1.96934E-025  1.21160E-030  2.00196E-028  1.27241E-019  8.63877E-018  1.09412E-015  6.63358E-022  1.19046E-022  6.31760E-035  1.89414E-013  9.62009E-034  2.62297E-024  3.31478E-031  6.68683E-023  3.63255E-031  3.79779E-018  5.96191E-023  2.16733E-013  1.00000E-040  1.72402E-014  5.35650E-039  3.02280E-033  1.06727E-022  1.00000E-040  3.63517E-024  7.19070E-012  2.95283E-034  1.00000E-003  1.00000E-005  1.00000E-005  1.00000E-005  1.00000E-005  1.00000E-005  1.00000E-005  1.00000E-005  1.00000E-005  1.00000E-005  1.00000E-005  1.00000E-005  1.00000E-005  1.00000E-005  1.00000E-005  1.00000E-005  
6.25000E+001  1.80364E-005  7.52902E+014  1.73511E+002  2.34487E+005  1.00000E-040  1.00000E-040  1.00000E-040  1.00000E-040  1.00000E-040  1.00000E-040  1.00000E-040  1.00000E-040  1.00000E-040  1.00000E-040  1.00000E-040  1.00000E-040  1.00000E-040  1.00000E-040  3.84030E-024  1.00000E-040  1.08817E-040  1.28361E-008  3.57371E-007  7.38630E-006  1.06626E-008  2.10327E-005  3.16603E-001  1.24202E-007  2.77688E-004  3.49339E-018  1.47568E-011  1.93451E-033  6.10941E-025  6.61805E-022  1.72339E-015  1.90060E-007  1.08781E-020  5.43878E-037  1.00000E-040  1.00000E-040  1.00000E-040  1.22094E-022  1.12723E-020  9.05801E-015  1.66884E-013  7.80062E-036  1.00000E-040  3.37802E-020  3.58579E-027  4.19033E-011  1.45298E-011  6.83088E-001  4.86705E-022  9.94018E-026  8.36050E-024  3.46645E-036  3.42023E-035  5.25314E-025  1.78080E-024  6.63661E-009  5.44800E-018  1.98859E-010  2.64253E-018  1.28194E-008  1.04884E-011  2.11387E-006  1.55860E-013  3.44333E-018  5.97357E-017  2.53835E-012  2.31501E-016  2.03987E-015  1.71227E-029  1.80498E-031  1.00000E-040  7.64431E-030  1.00000E-040  6.23424E-021  2.74552E-017  2.40878E-013  5.05739E-022  4.36795E-021  3.30390E-035  1.00000E-040  9.85617E-030  2.36904E-034  6.08126E-025  4.78974E-034  4.39879E-035  1.76019E-024  7.67239E-020  1.71423E-024  5.46917E-030  1.47142E-028  1.17424E-019  4.73937E-018  8.81712E-016  4.96819E-022  8.42460E-023  1.19494E-034  1.88951E-013  3.93008E-033  2.08564E-024  4.30767E-031  6.59545E-023  1.07087E-030  1.97960E-018  5.28958E-023  2.28385E-013  1.00000E-040  1.71890E-014  1.00000E-040  3.75605E-033  5.77772E-022  1.00000E-040  4.42525E-024  7.07850E-012  6.09787E-034  1.00000E-003  1.00000E-005  1.00000E-005  1.00000E-005  1.00000E-005  1.00000E-005  1.00000E-005  1.00000E-005  1.00000E-005  1.00000E-005  1.00000E-005  1.00000E-005  1.00000E-005  1.00000E-005  1.00000E-005  1.00000E-005  
6.35000E+001  1.48232E-005  6.19897E+014  1.73197E+002  2.44487E+005  1.00000E-040  1.00000E-040  1.00000E-040  1.00000E-040  1.00000E-040  1.00000E-040  1.00000E-040  1.00000E-040  1.00000E-040  1.00000E-040  1.00000E-040  1.00000E-040  1.00000E-040  1.00000E-040  3.83387E-024  1.00000E-040  1.09957E-040  2.14224E-008  3.81579E-007  7.31315E-006  1.19089E-008  2.61090E-005  3.16422E-001  1.73168E-007  2.76860E-004  3.48177E-018  1.24406E-011  2.30717E-032  4.40095E-024  4.75237E-021  1.39060E-015  1.86469E-007  1.36017E-020  1.62294E-035  1.14007E-036  1.03188E-035  1.00000E-040  1.10290E-022  1.08593E-020  9.78489E-015  1.65045E-013  5.42410E-035  1.00000E-040  1.60870E-020  2.61924E-026  4.10815E-011  1.71799E-011  6.83265E-001  5.63773E-022  9.50778E-026  1.11149E-023  1.49533E-035  1.80103E-034  2.22214E-024  9.40850E-024  6.59364E-009  5.99072E-018  2.20127E-010  2.37571E-018  1.21799E-008  1.09280E-011  1.76663E-006  1.27020E-013  2.31267E-018  5.62660E-017  2.08696E-012  1.38277E-016  2.06099E-015  1.67617E-029  1.68356E-031  1.00000E-040  4.81625E-030  1.00000E-040  6.20865E-021  2.61405E-017  1.98316E-013  4.36132E-022  3.86694E-021  4.74906E-035  1.00000E-040  9.56666E-030  3.58379E-034  5.09647E-025  2.63425E-033  2.58875E-034  1.49704E-024  6.72354E-020  1.27337E-023  2.33198E-029  1.15362E-028  1.13609E-019  2.70165E-018  7.06886E-016  3.80093E-022  5.77655E-023  2.23550E-034  1.88415E-013  1.56399E-032  1.77199E-024  6.19358E-031  6.49261E-023  4.23544E-030  1.06462E-018  4.85561E-023  2.32060E-013  1.00000E-040  1.71297E-014  1.00000E-040  4.87343E-033  2.84694E-021  1.00000E-040  5.62809E-024  6.95281E-012  1.23623E-033  1.00000E-003  1.00000E-005  1.00000E-005  1.00000E-005  1.00000E-005  1.00000E-005  1.00000E-005  1.00000E-005  1.00000E-005  1.00000E-005  1.00000E-005  1.00000E-005  1.00000E-005  1.00000E-005  1.00000E-005  1.00000E-005  
6.45000E+001  1.21792E-005  5.10145E+014  1.72919E+002  2.54488E+005  1.00000E-040  1.00000E-040  1.00000E-040  1.00000E-040  1.00000E-040  1.00000E-040  1.00000E-040  1.00000E-040  1.00000E-040  1.00000E-040  1.00000E-040  1.00000E-040  1.00000E-040  1.00000E-040  3.82886E-024  1.00000E-040  1.11288E-040  3.75312E-008  4.09483E-007  7.22437E-006  1.43908E-008  3.07800E-005  3.16213E-001  2.38850E-007  2.75892E-004  3.30414E-018  9.88517E-012  2.31087E-031  2.53356E-023  2.74031E-020  1.12088E-015  1.82471E-007  1.66018E-020  5.37894E-036  1.27170E-040  1.05882E-039  1.00000E-040  1.15403E-022  1.13047E-020  9.82372E-015  1.63772E-013  3.19385E-034  1.00000E-040  7.79342E-021  1.59911E-025  4.01277E-011  1.97254E-011  6.83471E-001  7.24848E-022  9.13851E-026  1.56741E-023  7.14916E-036  8.82175E-034  8.73388E-024  4.47030E-023  6.72046E-009  7.46650E-018  2.69105E-010  2.29365E-018  1.15715E-008  1.32923E-011  1.39394E-006  1.15365E-013  1.72645E-018  5.46298E-017  1.75141E-012  9.64937E-017  2.03573E-015  1.65740E-029  1.70681E-031  1.00000E-040  3.07844E-030  1.00000E-040  6.17906E-021  2.48639E-017  1.62772E-013  4.21960E-022  3.72165E-021  6.81223E-035  1.00000E-040  9.26470E-030  6.44278E-034  4.04650E-025  1.08966E-032  1.48309E-033  1.44801E-024  6.75748E-020  8.68980E-023  9.27582E-029  9.92333E-029  1.18722E-019  1.64068E-018  5.61235E-016  2.97104E-022  3.76218E-023  4.15874E-034  1.87793E-013  6.23677E-032  1.70823E-024  1.08489E-030  6.37715E-023  1.71291E-029  6.01182E-019  4.83181E-023  2.22613E-013  1.00000E-040  1.70611E-014  1.00000E-040  6.94725E-033  1.33394E-020  1.00000E-040  7.92376E-024  6.81076E-012  2.44805E-033  1.00000E-003  1.00000E-005  1.00000E-005  1.00000E-005  1.00000E-005  1.00000E-005  1.00000E-005  1.00000E-005  1.00000E-005  1.00000E-005  1.00000E-005  1.00000E-005  1.00000E-005  1.00000E-005  1.00000E-005  1.00000E-005  
6.55000E+001  1.00049E-005  4.19469E+014  1.72755E+002  2.64488E+005  1.00000E-040  1.00000E-040  1.00000E-040  1.00000E-040  1.00000E-040  1.00000E-040  1.00000E-040  1.00000E-040  1.00000E-040  1.00000E-040  1.00000E-040  1.00000E-040  1.00000E-040  1.00000E-040  3.82645E-024  1.00000E-040  1.12847E-040  7.16133E-008  4.41297E-007  7.11231E-006  1.92294E-008  3.51317E-005  3.15971E-001  3.27123E-007  2.74758E-004  3.06400E-018  7.47655E-012  2.40146E-030  1.38503E-022  1.49912E-019  9.02637E-016  1.77944E-007  1.96639E-020  6.12658E-036  1.00000E-040  1.00000E-040  1.00000E-040  1.35340E-022  1.24388E-020  8.98894E-015  1.63213E-013  1.80178E-033  1.00000E-040  3.83745E-021  9.85856E-025  3.90191E-011  2.18601E-011  6.83710E-001  1.03947E-021  8.92607E-026  2.39320E-023  6.99810E-036  3.92607E-033  3.11304E-023  2.08751E-022  7.03290E-009  1.07392E-017  3.69469E-010  2.40865E-018  1.09879E-008  1.82743E-011  1.05015E-006  1.19986E-013  1.46728E-018  5.46412E-017  1.50075E-012  8.09604E-017  1.97456E-015  1.67284E-029  1.92480E-031  1.00000E-040  2.04694E-030  1.00000E-040  6.14479E-021  2.36043E-017  1.33181E-013  4.57481E-022  3.88608E-021  9.71251E-035  1.00000E-040  8.94706E-030  1.41301E-033  3.08995E-025  3.79832E-032  9.24416E-033  1.59892E-024  8.05397E-020  6.41262E-022  3.41805E-028  9.15532E-029  1.30883E-019  1.05043E-018  4.37002E-016  2.31577E-022  2.26524E-023  7.76648E-034  1.87072E-013  2.47334E-031  1.87524E-024  2.38980E-030  6.24805E-023  7.74121E-029  3.48833E-019  5.31769E-023  2.04052E-013  1.00000E-040  1.69817E-014  1.00000E-040  1.10151E-032  6.23308E-020  1.00000E-040  1.26795E-023  6.64933E-012  4.69144E-033  1.00000E-003  1.00000E-005  1.00000E-005  1.00000E-005  1.00000E-005  1.00000E-005  1.00000E-005  1.00000E-005  1.00000E-005  1.00000E-005  1.00000E-005  1.00000E-005  1.00000E-005  1.00000E-005  1.00000E-005  1.00000E-005  
6.65000E+001  8.21783E-006  3.44872E+014  1.72590E+002  2.74489E+005  1.00000E-040  1.00000E-040  1.00000E-040  1.00000E-040  1.00000E-040  1.00000E-040  1.00000E-040  1.00000E-040  1.00000E-040  1.00000E-040  1.00000E-040  1.00000E-040  1.00000E-040  1.00000E-040  3.82420E-024  1.00000E-040  1.14674E-040  1.48476E-007  4.76572E-007  6.96242E-006  2.62702E-008  4.35127E-005  3.15687E-001  4.47426E-007  2.73426E-004  3.13065E-018  6.03938E-012  2.75831E-029  7.70088E-022  8.30470E-019  7.23562E-016  1.72758E-007  2.31443E-020  5.77455E-036  1.00000E-040  1.00000E-040  1.00000E-040  1.41805E-022  1.23318E-020  8.03663E-015  1.62575E-013  9.45241E-033  1.00000E-040  1.91704E-021  6.15303E-024  3.77295E-011  2.52855E-011  6.83987E-001  1.57507E-021  8.72639E-026  3.84401E-023  1.00000E-040  1.49845E-032  9.49632E-023  9.03623E-022  7.54665E-009  1.58566E-017  5.07646E-010  2.54240E-018  1.04229E-008  2.37959E-011  8.39725E-007  1.25830E-013  1.25107E-018  5.39279E-017  1.31624E-012  7.00336E-017  1.88363E-015  1.74282E-029  2.21937E-031  1.00000E-040  1.44291E-030  1.00000E-040  6.10508E-021  2.23613E-017  1.09077E-013  4.69898E-022  3.89956E-021  1.37165E-034  1.00000E-040  8.61331E-030  3.09035E-033  2.53360E-025  1.22347E-031  5.46199E-032  1.66110E-024  1.04838E-019  4.58207E-021  1.11471E-027  7.67224E-029  1.30032E-019  6.41961E-019  3.29977E-016  1.72725E-022  1.22228E-023  1.47921E-033  1.86235E-013  8.57875E-031  1.94434E-024  5.24906E-030  6.10457E-023  3.05288E-028  1.85364E-019  5.97676E-023  1.98507E-013  1.00000E-040  1.68897E-014  1.00000E-040  1.72734E-032  2.65434E-019  1.00000E-040  2.02306E-023  6.46544E-012  8.56624E-033  1.00000E-003  1.00000E-005  1.00000E-005  1.00000E-005  1.00000E-005  1.00000E-005  1.00000E-005  1.00000E-005  1.00000E-005  1.00000E-005  1.00000E-005  1.00000E-005  1.00000E-005  1.00000E-005  1.00000E-005  1.00000E-005  
6.75000E+001  6.74922E-006  2.83514E+014  1.72423E+002  2.84489E+005  1.00000E-040  1.00000E-040  1.00000E-040  1.00000E-040  1.00000E-040  1.00000E-040  1.00000E-040  1.00000E-040  1.00000E-040  1.00000E-040  1.00000E-040  1.00000E-040  1.00000E-040  1.00000E-040  3.82200E-024  1.00000E-040  1.16818E-040  3.12342E-007  5.13197E-007  6.75323E-006  3.00855E-008  7.09627E-005  3.15345E-001  6.13758E-007  2.71854E-004  4.28193E-018  6.44192E-012  2.97760E-028  3.96542E-021  4.16762E-018  5.71497E-016  1.66776E-007  2.85633E-020  2.04210E-036  1.00000E-040  1.00000E-040  1.00000E-040  9.32085E-023  8.42455E-021  8.45150E-015  1.60338E-013  3.58762E-032  1.00000E-040  9.68636E-022  3.37730E-023  3.62295E-011  4.27539E-011  6.84303E-001  2.64908E-021  8.50273E-026  6.11473E-023  1.00000E-040  4.54618E-032  2.29226E-022  2.74054E-021  8.27949E-009  1.84450E-017  5.37763E-010  2.29029E-018  9.87090E-009  2.21992E-011  8.56083E-007  9.50255E-014  7.71240E-019  4.99947E-017  1.18054E-012  4.51010E-017  1.76662E-015  1.87556E-029  2.08015E-031  1.00000E-040  1.05594E-030  1.00000E-040  6.05903E-021  2.11403E-017  9.03819E-014  3.30291E-022  2.98529E-021  1.91842E-034  1.53452E-040  8.27355E-030  4.36207E-033  2.68219E-025  3.69255E-031  1.89817E-031  1.10193E-024  1.35625E-019  2.69183E-020  2.90420E-027  4.37421E-029  8.90969E-020  3.11895E-019  2.40493E-016  1.40976E-022  5.77757E-024  2.92830E-033  1.85263E-013  1.97317E-030  1.31243E-024  7.03714E-030  5.94432E-023  5.37076E-028  7.37666E-020  5.55881E-023  2.46298E-013  1.00000E-040  1.67829E-014  1.00000E-040  2.11916E-032  9.35125E-019  1.00000E-040  2.47441E-023  6.25568E-012  1.46167E-032  1.00000E-003  1.00000E-005  1.00000E-005  1.00000E-005  1.00000E-005  1.00000E-005  1.00000E-005  1.00000E-005  1.00000E-005  1.00000E-005  1.00000E-005  1.00000E-005  1.00000E-005  1.00000E-005  1.00000E-005  1.00000E-005  
6.85000E+001  5.54354E-006  2.32642E+014  1.72590E+002  2.94489E+005  1.00000E-040  1.00000E-040  1.00000E-040  1.00000E-040  1.00000E-040  1.00000E-040  1.00000E-040  1.00000E-040  1.00000E-040  1.00000E-040  1.00000E-040  1.00000E-040  1.00000E-040  1.00000E-040  3.82645E-024  1.00000E-040  1.19338E-040  5.87249E-007  5.47808E-007  6.47503E-006  2.62571E-008  1.53418E-004  3.14913E-001  8.40177E-007  2.69993E-004  8.36221E-018  8.76983E-012  2.44746E-027  1.72320E-020  1.65439E-017  4.68521E-016  1.59858E-007  3.84533E-020  1.41690E-036  1.43306E-037  9.97277E-037  1.00000E-040  3.57784E-023  3.75085E-021  1.14015E-014  1.55295E-013  8.81273E-032  1.00000E-040  4.92379E-022  1.50904E-022  3.44866E-011  1.77119E-010  6.84654E-001  7.44136E-021  8.60630E-026  9.05906E-023  1.70628E-036  1.06688E-031  4.22488E-022  5.26492E-021  9.23631E-009  1.46852E-017  3.83444E-010  1.63825E-018  9.32662E-009  1.32466E-011  1.12894E-006  5.21812E-014  3.48995E-019  4.51761E-017  1.06941E-012  2.05989E-017  1.62600E-015  2.02684E-029  1.41844E-031  1.00000E-040  7.48327E-031  1.00000E-040  6.00558E-021  1.99120E-017  7.67412E-014  1.41452E-022  1.47697E-021  2.66127E-034  5.14780E-040  7.93668E-030  2.93029E-033  3.65942E-025  1.06809E-030  3.22270E-031  4.29328E-025  1.88500E-019  1.24159E-019  5.67979E-027  1.54613E-029  3.95929E-020  1.23833E-019  1.72353E-016  2.22117E-022  2.41070E-024  6.08843E-033  1.84132E-013  2.58133E-030  5.33275E-025  4.87505E-030  5.76169E-023  3.40858E-028  2.28835E-020  3.79061E-023  3.96763E-013  1.00000E-040  1.66589E-014  1.00000E-040  1.80459E-032  2.65193E-018  1.00000E-040  2.11154E-023  6.01561E-012  2.30637E-032  1.00000E-003  1.00000E-005  1.00000E-005  1.00000E-005  1.00000E-005  1.00000E-005  1.00000E-005  1.00000E-005  1.00000E-005  1.00000E-005  1.00000E-005  1.00000E-005  1.00000E-005  1.00000E-005  1.00000E-005  1.00000E-005  
6.95000E+001  4.55481E-006  1.90953E+014  1.72767E+002  3.04490E+005  1.00000E-040  1.00000E-040  1.00000E-040  1.00000E-040  1.00000E-040  1.00000E-040  1.00000E-040  1.00000E-040  1.00000E-040  1.00000E-040  1.00000E-040  1.00000E-040  1.00000E-040  1.00000E-040  3.83109E-024  1.00000E-040  1.22299E-040  9.49154E-007  5.79702E-007  6.13814E-006  2.05147E-008  3.53092E-004  3.14342E-001  1.13399E-006  2.67796E-004  1.95650E-017  1.15384E-011  1.41889E-026  6.13587E-020  4.88673E-017  4.26650E-016  1.51881E-007  5.48185E-020  2.20267E-034  1.15916E-034  6.45902E-034  1.00000E-040  1.03520E-023  1.37191E-021  1.66591E-014  1.47640E-013  1.60300E-031  1.00000E-040  2.49965E-022  5.41951E-022  3.24727E-011  1.23723E-009  6.85026E-001  2.96585E-020  8.70349E-026  1.19917E-022  1.31635E-035  2.09678E-031  6.36766E-022  7.72486E-021  1.02370E-008  9.38348E-018  2.20773E-010  1.04111E-018  8.78548E-009  6.16111E-012  1.60647E-006  3.25052E-014  1.80059E-019  4.46883E-017  9.59289E-013  8.40976E-018  1.46400E-015  2.12362E-029  8.46103E-032  1.00000E-040  5.08149E-031  1.00000E-040  5.94356E-021  1.86155E-017  6.66971E-014  5.05496E-023  5.69403E-022  3.63718E-034  1.67856E-039  7.58540E-030  1.22268E-033  5.22861E-025  2.80273E-030  3.92861E-031  1.45799E-025  2.67123E-019  4.53981E-019  8.94734E-027  4.45237E-030  1.44499E-020  5.12886E-020  1.24787E-016  6.16139E-022  9.18769E-025  1.29641E-032  1.82814E-013  2.47069E-030  1.86340E-025  2.59031E-030  5.56180E-023  1.38974E-028  7.41553E-021  2.23115E-023  6.90348E-013  1.00000E-040  1.65146E-014  1.00000E-040  1.23379E-032  6.12778E-018  1.00000E-040  1.44558E-023  5.74034E-012  3.40014E-032  1.00000E-003  1.00000E-005  1.00000E-005  1.00000E-005  1.00000E-005  1.00000E-005  1.00000E-005  1.00000E-005  1.00000E-005  1.00000E-005  1.00000E-005  1.00000E-005  1.00000E-005  1.00000E-005  1.00000E-005  1.00000E-005  
7.05000E+001  3.74395E-006  1.56797E+014  1.72946E+002  3.14490E+005  1.00000E-040  1.00000E-040  1.00000E-040  1.00000E-040  1.00000E-040  1.00000E-040  1.00000E-040  1.00000E-040  1.00000E-040  1.00000E-040  1.00000E-040  1.00000E-040  1.00000E-040  1.00000E-040  3.83573E-024  1.00000E-040  1.25776E-040  1.37489E-006  6.10685E-007  5.75179E-006  1.59798E-008  7.58009E-004  3.13566E-001  1.49945E-006  2.65212E-004  4.47984E-017  1.32236E-011  6.12285E-026  1.80861E-019  1.07258E-016  4.25363E-016  1.42773E-007  7.96921E-020  1.00000E-040  1.00000E-040  1.00000E-040  1.00000E-040  2.69178E-024  5.00346E-022  2.35788E-014  1.37995E-013  2.37131E-031  1.00000E-040  1.25812E-022  1.59587E-021  3.01783E-011  8.13043E-009  6.85399E-001  1.08054E-019  8.80294E-026  1.45246E-022  5.74529E-036  3.81796E-031  8.53130E-022  9.95102E-021  1.05441E-008  5.35571E-018  1.22057E-010  6.50623E-019  8.24435E-009  2.58753E-012  2.18070E-006  2.35224E-014  1.07698E-019  5.05516E-017  8.34736E-013  3.37139E-018  1.28349E-015  2.13349E-029  5.08200E-032  1.00000E-040  3.26589E-031  1.00000E-040  5.87171E-021  1.72062E-017  5.87109E-014  2.04184E-023  2.31809E-022  4.78792E-034  5.87325E-035  7.20245E-030  4.48721E-034  6.87369E-025  6.19513E-030  4.89287E-031  5.72000E-026  3.58014E-019  1.35473E-018  1.24738E-026  1.95041E-030  5.25674E-021  2.46458E-020  9.13977E-017  1.88674E-021  3.31942E-025  2.70203E-032  1.81277E-013  2.09597E-030  7.36316E-026  1.39585E-030  5.35461E-023  5.31698E-029  2.81773E-021  1.25077E-023  1.14745E-012  1.00000E-040  1.63467E-014  1.00000E-040  7.97757E-033  1.18184E-017  1.00000E-040  9.42148E-024  5.42630E-012  4.76978E-032  1.00000E-003  1.00000E-005  1.00000E-005  1.00000E-005  1.00000E-005  1.00000E-005  1.00000E-005  1.00000E-005  1.00000E-005  1.00000E-005  1.00000E-005  1.00000E-005  1.00000E-005  1.00000E-005  1.00000E-005  1.00000E-005  
7.15000E+001  3.07944E-006  1.28604E+014  1.73434E+002  3.24490E+005  1.00000E-040  1.00000E-040  1.00000E-040  1.00000E-040  1.00000E-040  1.00000E-040  1.00000E-040  1.00000E-040  1.00000E-040  1.00000E-040  1.00000E-040  1.00000E-040  1.00000E-040  1.00000E-040  3.84639E-024  1.00000E-040  1.29860E-040  1.84987E-006  6.42503E-007  5.32219E-006  1.25003E-008  1.47607E-003  3.12503E-001  1.94102E-006  2.62186E-004  9.25957E-017  1.36119E-011  2.11789E-025  4.51070E-019  1.83750E-016  4.47169E-016  1.32543E-007  1.16460E-019  2.88796E-039  1.00000E-040  1.00000E-040  1.00000E-040  6.81285E-025  1.96064E-022  3.18578E-014  1.26636E-013  3.01040E-031  1.00000E-040  6.23086E-023  3.96389E-021  2.76259E-011  4.31501E-008  6.85746E-001  3.25367E-019  9.27058E-026  1.67922E-022  1.00000E-040  6.75265E-031  1.04994E-021  1.17645E-020  9.38015E-009  2.70063E-018  6.88860E-011  4.21790E-019  7.70099E-009  1.04189E-012  2.71903E-006  1.62193E-014  6.09695E-020  6.17491E-017  7.05835E-013  1.31794E-018  1.08972E-015  2.06638E-029  3.18332E-032  1.00000E-040  1.92912E-031  1.00000E-040  5.78861E-021  1.56685E-017  5.18038E-014  1.06674E-023  1.15439E-022  5.87178E-034  8.88707E-036  6.77918E-030  1.65848E-034  8.05724E-025  1.15401E-029  7.06835E-031  2.85808E-026  4.51484E-019  3.40254E-018  1.60826E-026  2.78354E-030  2.04377E-021  1.37875E-020  6.71207E-017  5.44592E-021  1.17219E-025  5.33535E-032  1.79484E-013  1.60733E-030  3.68611E-026  8.23915E-031  5.14651E-023  2.04749E-029  1.23376E-021  6.58938E-024  1.76028E-012  1.00000E-040  1.61516E-014  1.00000E-040  5.21363E-033  1.94980E-017  1.00000E-040  6.45200E-024  5.07229E-012  6.42871E-032  1.00000E-003  1.00000E-005  1.00000E-005  1.00000E-005  1.00000E-005  1.00000E-005  1.00000E-005  1.00000E-005  1.00000E-005  1.00000E-005  1.00000E-005  1.00000E-005  1.00000E-005  1.00000E-005  1.00000E-005  1.00000E-005  
7.25000E+001  2.53540E-006  1.05498E+014  1.74068E+002  3.34491E+005  1.00000E-040  1.00000E-040  1.00000E-040  1.00000E-040  1.00000E-040  1.00000E-040  1.00000E-040  1.00000E-040  1.00000E-040  1.00000E-040  1.00000E-040  1.00000E-040  1.00000E-040  1.00000E-040  3.85980E-024  1.00000E-040  1.34652E-040  2.35974E-006  6.75947E-007  4.85722E-006  9.78689E-009  2.61837E-003  3.11070E-001  2.46279E-006  2.58662E-004  1.70087E-016  1.33754E-011  6.88323E-025  9.71101E-019  2.64127E-016  4.80663E-016  1.21319E-007  1.68484E-019  1.00000E-040  1.00000E-040  1.00000E-040  1.00000E-040  1.76094E-025  8.32979E-023  4.08989E-014  1.14142E-013  3.47487E-031  1.00000E-040  3.01870E-023  8.48395E-021  2.48852E-011  1.78126E-007  6.86039E-001  7.92922E-019  9.93482E-026  1.86992E-022  1.00000E-040  1.17965E-030  1.21199E-021  1.29725E-020  7.55381E-009  1.28325E-018  4.04003E-011  2.98449E-019  7.15476E-009  4.12114E-013  3.13351E-006  1.04637E-014  3.21968E-020  7.54119E-017  5.95017E-013  4.99858E-019  8.91412E-016  1.95070E-029  2.12870E-032  1.00000E-040  1.05349E-031  1.00000E-040  5.69285E-021  1.40177E-017  4.54648E-014  7.24301E-024  7.20679E-023  6.57564E-034  1.00000E-040  6.31125E-030  6.46943E-035  8.52965E-025  1.88295E-029  1.11236E-030  1.81528E-026  5.39180E-019  7.35772E-018  1.94657E-026  6.25973E-030  8.59371E-022  8.81759E-021  4.94318E-017  1.37482E-020  4.14539E-026  9.80530E-032  1.77399E-013  1.14708E-030  2.34404E-026  5.35037E-031  4.94121E-023  8.04926E-030  6.03736E-022  3.26753E-024  2.50579E-012  1.00000E-040  1.59255E-014  1.00000E-040  3.49673E-033  2.80840E-017  1.00000E-040  4.61808E-024  4.68099E-012  8.32225E-032  1.00000E-003  1.00000E-005  1.00000E-005  1.00000E-005  1.00000E-005  1.00000E-005  1.00000E-005  1.00000E-005  1.00000E-005  1.00000E-005  1.00000E-005  1.00000E-005  1.00000E-005  1.00000E-005  1.00000E-005  1.00000E-005  
7.35000E+001  2.08995E-006  8.66433E+013  1.74710E+002  3.44491E+005  1.00000E-040  1.00000E-040  1.00000E-040  1.00000E-040  1.00000E-040  1.00000E-040  1.00000E-040  1.00000E-040  1.00000E-040  1.00000E-040  1.00000E-040  1.00000E-040  1.00000E-040  1.00000E-040  3.87318E-024  1.00000E-040  1.40272E-040  2.88746E-006  7.10865E-007  4.36877E-006  7.63727E-009  4.28227E-003  3.09195E-001  3.06749E-006  2.54587E-004  2.78400E-016  1.29946E-011  7.51712E-024  1.84012E-018  3.37385E-016  5.16550E-016  1.09374E-007  2.39174E-019  1.00000E-040  1.00000E-040  1.00000E-040  1.00000E-040  4.81991E-026  3.80372E-023  5.00121E-014  1.01196E-013  3.80403E-031  1.00000E-040  1.42805E-023  1.59802E-020  2.20761E-011  5.76498E-007  6.86253E-001  1.57754E-018  1.06280E-025  2.01255E-022  1.00000E-040  2.02100E-030  1.32859E-021  1.34500E-020  5.95646E-009  6.21917E-019  2.46412E-011  2.42046E-019  6.60744E-009  1.61817E-013  3.38264E-006  6.69166E-015  1.68528E-020  8.78309E-017  5.08635E-013  1.85792E-019  6.99888E-016  1.81286E-029  1.56530E-032  1.00000E-040  5.40355E-032  1.00000E-040  5.58311E-021  1.22979E-017  3.94965E-014  5.85162E-024  5.30125E-023  6.68852E-034  1.00000E-040  5.79898E-030  2.68175E-035  8.33506E-025  2.79184E-029  1.72714E-030  1.36261E-026  6.14246E-019  1.39807E-017  2.22883E-026  1.30578E-029  3.88345E-022  6.28867E-021  3.65291E-017  2.95049E-020  1.49803E-026  1.66679E-031  1.74986E-013  7.75454E-031  1.76150E-026  3.75087E-031  4.74069E-023  3.21911E-030  3.20130E-022  1.53868E-024  3.35349E-012  1.00000E-040  1.56648E-014  1.00000E-040  2.40129E-033  3.59804E-017  1.00000E-040  3.39271E-024  4.25999E-012  1.02813E-031  1.00000E-003  1.00000E-005  1.00000E-005  1.00000E-005  1.00000E-005  1.00000E-005  1.00000E-005  1.00000E-005  1.00000E-005  1.00000E-005  1.00000E-005  1.00000E-005  1.00000E-005  1.00000E-005  1.00000E-005  1.00000E-005  
7.45000E+001  1.72511E-006  7.11755E+013  1.75551E+002  3.54491E+005  1.00000E-040  1.00000E-040  1.00000E-040  1.00000E-040  1.00000E-040  1.00000E-040  1.00000E-040  1.00000E-040  1.00000E-040  1.00000E-040  1.00000E-040  1.00000E-040  1.00000E-040  1.00000E-040  3.89031E-024  1.00000E-040  1.46857E-040  3.41409E-006  7.46446E-007  3.87209E-006  5.88586E-009  6.54181E-003  3.06821E-001  3.75642E-006  2.49917E-004  4.09986E-016  1.24779E-011  2.29607E-022  3.12786E-018  3.97278E-016  5.47823E-016  9.71012E-008  3.33645E-019  1.00000E-040  1.00000E-040  1.00000E-040  1.00000E-040  1.41150E-026  1.84692E-023  5.88043E-014  8.81845E-014  4.28557E-031  1.00000E-040  6.60519E-024  2.71307E-020  1.93473E-011  1.51723E-006  6.86371E-001  2.64039E-018  1.16275E-025  2.12737E-022  1.00000E-040  3.31198E-030  1.38023E-021  1.31579E-020  4.66130E-009  3.09527E-019  1.55170E-011  2.30297E-019  6.06280E-009  6.33310E-014  3.43894E-006  4.26479E-015  8.77252E-021  9.56581E-017  4.42009E-013  6.80311E-020  5.26374E-016  1.66988E-029  1.30342E-032  1.00000E-040  2.60374E-032  1.00000E-040  5.45821E-021  1.05715E-017  3.38801E-014  5.18102E-024  4.30384E-023  6.13609E-034  1.00000E-040  5.24839E-030  1.15866E-035  7.62042E-025  3.87994E-029  2.52196E-030  1.13815E-026  6.73403E-019  2.38249E-017  2.42662E-026  2.45401E-029  1.86011E-022  4.87132E-021  2.69644E-017  5.45405E-020  5.62240E-027  2.62283E-031  1.72214E-013  4.85000E-031  1.47269E-026  2.81966E-031  4.54550E-023  1.27809E-030  1.78391E-022  6.85529E-025  4.25468E-012  1.00000E-040  1.53665E-014  1.00000E-040  1.67721E-033  4.17250E-017  7.89196E-039  2.59970E-024  3.82101E-012  1.20367E-031  1.00000E-003  1.00000E-005  1.00000E-005  1.00000E-005  1.00000E-005  1.00000E-005  1.00000E-005  1.00000E-005  1.00000E-005  1.00000E-005  1.00000E-005  1.00000E-005  1.00000E-005  1.00000E-005  1.00000E-005  1.00000E-005  
7.55000E+001  1.42633E-006  5.84942E+013  1.76613E+002  3.64489E+005  1.00000E-040  1.00000E-040  1.00000E-040  1.00000E-040  1.00000E-040  1.00000E-040  1.00000E-040  1.00000E-040  1.00000E-040  1.00000E-040  1.00000E-040  1.00000E-040  1.00000E-040  1.00000E-040  3.91168E-024  1.00000E-040  1.54569E-040  3.92126E-006  7.81560E-007  3.38372E-006  4.46908E-009  9.44223E-003  3.03911E-001  4.52925E-006  2.44616E-004  5.49645E-016  1.17966E-011  4.65856E-021  4.84493E-018  4.40973E-016  5.69649E-016  8.49411E-008  4.57228E-019  1.00000E-040  1.00000E-040  1.00000E-040  1.00000E-040  4.39304E-027  9.42160E-024  6.68526E-014  7.55399E-014  8.62265E-031  1.00000E-040  3.00801E-024  4.23863E-020  1.68456E-011  3.36920E-006  6.86382E-001  3.83492E-018  1.30322E-025  2.22053E-022  2.35936E-036  5.10880E-030  1.36325E-021  1.22021E-020  3.62431E-009  1.57433E-019  1.00259E-011  2.49157E-019  5.52600E-009  2.47571E-014  3.32205E-006  2.70581E-015  4.53744E-021  9.69600E-017  3.88929E-013  2.46320E-020  3.79200E-016  1.53071E-029  1.24835E-032  1.00000E-040  1.18822E-032  1.00000E-040  5.31724E-021  8.90700E-018  2.86790E-014  4.75864E-024  3.67714E-023  5.09386E-034  9.79811E-036  4.67199E-030  5.14450E-036  6.60985E-025  5.13945E-029  3.41040E-030  1.00870E-026  7.16739E-019  3.70047E-017  2.52309E-026  4.22839E-029  9.32839E-023  3.99668E-021  1.98785E-017  8.85275E-020  2.21977E-027  3.83414E-031  1.69055E-013  2.80649E-031  1.30608E-026  2.24546E-031  4.35551E-023  4.99026E-031  1.02585E-022  2.91935E-025  5.17124E-012  1.00000E-040  1.50280E-014  1.00000E-040  1.18204E-033  4.44492E-017  1.60837E-034  2.06900E-024  3.37823E-012  1.33316E-031  1.00000E-003  1.00000E-005  1.00000E-005  1.00000E-005  1.00000E-005  1.00000E-005  1.00000E-005  1.00000E-005  1.00000E-005  1.00000E-005  1.00000E-005  1.00000E-005  1.00000E-005  1.00000E-005  1.00000E-005  1.00000E-005  
7.65000E+001  1.18146E-006  4.81599E+013  1.77685E+002  3.74490E+005  1.00000E-040  1.00000E-040  1.00000E-040  1.00000E-040  1.00000E-040  1.00000E-040  1.00000E-040  1.00000E-040  1.00000E-040  1.00000E-040  1.00000E-040  1.00000E-040  1.00000E-040  1.00000E-040  3.93321E-024  1.00000E-040  1.63587E-040  4.39392E-006  8.15097E-007  2.91938E-006  3.35841E-009  1.30002E-002  3.00454E-001  5.38316E-006  2.38664E-004  6.79551E-016  1.10301E-011  5.78641E-020  6.92979E-018  4.67818E-016  5.79262E-016  7.33232E-008  6.14095E-019  2.88528E-036  1.21335E-035  2.13614E-035  1.00000E-040  1.44939E-027  5.00106E-024  7.37232E-014  6.37166E-014  4.79257E-030  1.00000E-040  1.37533E-024  6.20396E-020  1.46901E-011  6.52250E-006  6.86284E-001  4.97511E-018  1.45524E-025  2.27437E-022  1.18258E-035  7.41736E-030  1.29616E-021  1.08097E-020  2.81639E-009  8.19977E-020  6.62445E-012  2.85858E-019  5.00333E-009  9.69658E-015  3.09027E-006  1.72046E-015  2.35560E-021  9.16989E-017  3.44613E-013  8.86722E-021  2.62199E-016  1.39927E-029  1.35310E-032  1.00000E-040  5.24244E-033  1.00000E-040  5.15971E-021  7.36623E-018  2.39764E-014  4.36578E-024  3.17578E-023  3.89758E-034  1.00000E-040  4.08803E-030  2.34211E-036  5.53486E-025  6.53626E-029  4.26187E-030  9.03898E-027  7.47849E-019  5.30532E-017  2.51859E-026  6.63736E-029  4.86801E-023  3.39899E-021  1.47067E-017  1.28417E-019  9.33353E-028  5.23380E-031  1.65491E-013  1.55008E-031  1.17100E-026  1.84845E-031  4.17036E-023  1.93439E-031  6.04645E-023  1.21530E-025  6.09853E-012  1.00000E-040  1.46473E-014  1.00000E-040  8.34661E-034  4.40548E-017  2.02660E-030  1.66083E-024  2.94640E-012  1.40381E-031  1.00000E-003  1.00000E-005  1.00000E-005  1.00000E-005  1.00000E-005  1.00000E-005  1.00000E-005  1.00000E-005  1.00000E-005  1.00000E-005  1.00000E-005  1.00000E-005  1.00000E-005  1.00000E-005  1.00000E-005  1.00000E-005  
7.75000E+001  9.80512E-007  3.97096E+013  1.78844E+002  3.84490E+005  1.00000E-040  1.00000E-040  1.00000E-040  1.00000E-040  1.00000E-040  1.00000E-040  1.00000E-040  1.00000E-040  1.00000E-040  1.00000E-040  1.00000E-040  1.00000E-040  1.00000E-040  1.00000E-040  3.95648E-024  1.00000E-040  1.74119E-040  4.82246E-006  8.46216E-007  2.49175E-006  2.49347E-009  1.72127E-002  2.96453E-001  6.31313E-006  2.32054E-004  7.86827E-016  1.01575E-011  4.76742E-019  9.27946E-018  4.79419E-016  5.76995E-016  6.25972E-008  8.10315E-019  3.44029E-040  1.00512E-039  1.20119E-039  1.00000E-040  5.00726E-028  2.74164E-024  7.92861E-014  5.28734E-014  2.89090E-029  1.00000E-040  6.54076E-025  8.69293E-020  1.29617E-011  1.13263E-005  6.86073E-001  5.90503E-018  1.63414E-025  2.29786E-022  8.68034E-035  1.01256E-029  1.18980E-021  9.21187E-021  2.19617E-009  4.37124E-020  4.45456E-012  3.34366E-019  4.50121E-009  3.81673E-015  2.77877E-006  1.09978E-015  1.23019E-021  8.14176E-017  3.06001E-013  3.18889E-021  1.74656E-016  1.27682E-029  1.61328E-032  1.00000E-040  2.24442E-033  1.00000E-040  4.98553E-021  5.99377E-018  1.98332E-014  3.97111E-024  2.74985E-023  2.78032E-034  1.00000E-040  3.51717E-030  1.08074E-036  4.50137E-025  8.05352E-029  4.95626E-030  8.14332E-027  7.74877E-019  7.12095E-017  2.42769E-026  9.77427E-029  2.62061E-023  2.95248E-021  1.09310E-017  1.70362E-019  4.27908E-028  6.71628E-031  1.61508E-013  8.14233E-032  1.05538E-026  1.56544E-031  3.98925E-023  7.40610E-032  3.62270E-023  4.95262E-026  7.02700E-012  1.00000E-040  1.42237E-014  1.00000E-040  5.87940E-034  4.11269E-017  8.91656E-027  1.35258E-024  2.53859E-012  1.41796E-031  1.00000E-003  1.00000E-005  1.00000E-005  1.00000E-005  1.00000E-005  1.00000E-005  1.00000E-005  1.00000E-005  1.00000E-005  1.00000E-005  1.00000E-005  1.00000E-005  1.00000E-005  1.00000E-005  1.00000E-005  1.00000E-005  
7.85000E+001  8.15417E-007  3.27829E+013  1.80156E+002  3.94490E+005  1.00000E-040  1.00000E-040  1.00000E-040  1.00000E-040  1.00000E-040  1.00000E-040  1.00000E-040  1.00000E-040  1.00000E-040  1.00000E-040  1.00000E-040  1.00000E-040  1.00000E-040  1.00000E-040  3.98279E-024  1.00000E-040  1.86397E-040  5.20298E-006  8.74440E-007  2.10899E-006  1.82774E-009  2.20652E-002  2.91923E-001  7.31229E-006  2.24794E-004  8.65337E-016  9.19395E-012  2.80443E-018  1.17753E-017  4.78549E-016  5.64761E-016  5.29915E-008  1.05218E-018  1.00000E-040  1.00000E-040  1.00000E-040  1.00000E-040  1.78669E-028  1.54216E-024  8.34629E-014  4.31264E-014  1.33863E-028  1.00000E-040  3.40823E-025  1.19092E-019  1.17104E-011  1.80574E-005  6.85750E-001  6.54150E-018  1.85915E-025  2.30142E-022  4.98615E-034  1.30383E-029  1.05793E-021  7.60692E-021  1.73260E-009  2.39662E-020  3.03778E-012  3.91711E-019  4.02531E-009  1.51420E-015  2.42287E-006  7.12174E-016  6.50768E-022  6.83934E-017  2.71349E-013  1.15122E-021  1.12617E-016  1.16350E-029  2.05833E-032  1.00000E-040  9.33387E-034  1.00000E-040  4.79509E-021  4.81245E-018  1.62707E-014  3.58029E-024  2.38679E-023  1.86494E-034  1.00000E-040  2.97880E-030  5.01142E-037  3.56909E-025  9.67591E-029  5.41781E-030  7.38979E-027  8.08465E-019  9.06015E-017  2.27252E-026  1.38295E-028  1.44444E-023  2.59496E-021  8.19077E-018  2.10969E-019  2.31588E-028  8.16031E-031  1.57106E-013  4.06260E-032  9.57966E-027  1.36060E-031  3.81124E-023  2.79515E-032  2.19537E-023  1.97592E-026  7.97071E-012  1.00000E-040  1.37569E-014  2.96596E-039  4.11948E-034  3.65629E-017  1.02830E-023  1.12389E-024  2.16454E-012  1.39111E-031  1.00000E-003  1.00000E-005  1.00000E-005  1.00000E-005  1.00000E-005  1.00000E-005  1.00000E-005  1.00000E-005  1.00000E-005  1.00000E-005  1.00000E-005  1.00000E-005  1.00000E-005  1.00000E-005  1.00000E-005  1.00000E-005  
7.95000E+001  6.79582E-007  2.71225E+013  1.81480E+002  4.04490E+005  1.00000E-040  1.00000E-040  1.00000E-040  1.00000E-040  1.00000E-040  1.00000E-040  1.00000E-040  1.00000E-040  1.00000E-040  1.00000E-040  1.00000E-040  1.00000E-040  1.00000E-040  1.00000E-040  4.00938E-024  1.00000E-040  2.00679E-040  5.53659E-006  8.99649E-007  1.77481E-006  1.32857E-009  2.75352E-002  2.86892E-001  8.37172E-006  2.16913E-004  9.14237E-016  8.23955E-012  1.25109E-017  1.43001E-017  4.68195E-016  5.44846E-016  4.46136E-008  1.34330E-018  1.00000E-040  1.00000E-040  1.00000E-040  1.00000E-040  6.58412E-029  8.86096E-025  8.61538E-014  3.46224E-014  4.77943E-028  1.00000E-040  2.04863E-025  1.62516E-019  1.09767E-011  2.69234E-005  6.85310E-001  6.88100E-018  2.10437E-025  2.27800E-022  2.16557E-033  1.60201E-029  9.20876E-022  6.14178E-021  1.39747E-009  1.36400E-020  2.09905E-012  4.51528E-019  3.58029E-009  6.08331E-016  2.06416E-006  4.72614E-016  3.53509E-022  5.48088E-017  2.39789E-013  4.19866E-022  7.06942E-017  1.05910E-029  2.74420E-032  1.00000E-040  3.81270E-034  1.00000E-040  4.58932E-021  3.82569E-018  1.32737E-014  3.18260E-024  2.05760E-023  1.19774E-034  3.04254E-040  2.48829E-030  2.34205E-037  2.78346E-025  1.13592E-028  5.62937E-030  6.65935E-027  8.61442E-019  1.10303E-016  2.07803E-026  1.87029E-028  8.13355E-024  2.29418E-021  6.24506E-018  2.47357E-019  1.81025E-028  9.45304E-031  1.52291E-013  1.97258E-032  8.63449E-027  1.19800E-031  3.63550E-023  1.05285E-032  1.34715E-023  7.80248E-027  9.00564E-012  1.00000E-040  1.32481E-014  2.09455E-038  2.86687E-034  3.12510E-017  3.44652E-021  9.37536E-025  1.83023E-012  1.34576E-031  1.00000E-003  1.00000E-005  1.00000E-005  1.00000E-005  1.00000E-005  1.00000E-005  1.00000E-005  1.00000E-005  1.00000E-005  1.00000E-005  1.00000E-005  1.00000E-005  1.00000E-005  1.00000E-005  1.00000E-005  1.00000E-005  
8.05000E+001  5.67616E-007  2.24853E+013  1.82841E+002  4.06996E+005  1.00000E-040  1.00000E-040  1.00000E-040  1.00000E-040  1.00000E-040  1.00000E-040  1.00000E-040  1.00000E-040  1.00000E-040  1.00000E-040  1.00000E-040  1.00000E-040  1.00000E-040  1.00000E-040  4.03672E-024  1.00000E-040  2.17333E-040  5.82888E-006  9.22096E-007  1.48753E-006  9.58223E-010  3.36324E-002  2.81359E-001  9.48711E-006  2.08403E-004  9.36384E-016  7.31248E-012  4.45616E-017  1.67640E-017  4.50852E-016  5.19309E-016  3.74287E-008  1.68771E-018  5.99516E-035  2.69825E-034  4.29604E-034  1.00000E-040  2.48734E-029  5.16922E-025  8.73705E-014  2.73628E-014  1.36927E-027  1.00000E-040  1.43197E-025  2.25326E-019  1.08155E-011  3.81527E-005  6.84743E-001  6.96771E-018  2.37552E-025  2.23282E-022  7.41523E-033  1.88815E-029  7.86616E-022  4.87221E-021  1.16442E-009  8.14567E-021  1.46578E-012  5.11817E-019  3.16710E-009  2.47728E-016  1.72388E-006  3.24696E-016  1.99152E-022  4.21733E-017  2.10738E-013  1.55044E-022  4.33387E-017  9.62682E-030  3.78448E-032  1.00000E-040  1.53304E-034  1.00000E-040  4.36838E-021  3.01742E-018  1.07846E-014  2.79632E-024  1.76502E-023  7.43578E-035  2.94438E-036  2.05266E-030  1.09702E-037  2.14013E-025  1.30523E-028  5.61189E-030  5.97521E-027  9.50715E-019  1.29627E-016  1.86318E-026  2.44948E-028  4.64878E-024  2.03145E-021  4.89255E-018  2.78290E-019  2.33943E-028  1.05160E-030  1.47051E-013  9.33459E-033  7.74852E-027  1.06596E-031  3.46024E-023  3.95545E-033  8.33936E-024  3.04744E-027  1.02697E-011  1.00000E-040  1.26963E-014  7.07409E-038  1.97723E-034  2.58809E-017  4.08708E-019  7.86283E-025  1.53637E-012  1.30259E-031  1.00000E-003  1.00000E-005  1.00000E-005  1.00000E-005  1.00000E-005  1.00000E-005  1.00000E-005  1.00000E-005  1.00000E-005  1.00000E-005  1.00000E-005  1.00000E-005  1.00000E-005  1.00000E-005  1.00000E-005  1.00000E-005  
8.15000E+001  4.75163E-007  1.86773E+013  1.84266E+002  4.06996E+005  1.00000E-040  1.00000E-040  1.00000E-040  1.00000E-040  1.00000E-040  1.00000E-040  1.00000E-040  1.00000E-040  1.00000E-040  1.00000E-040  1.00000E-040  1.00000E-040  1.00000E-040  1.00000E-040  4.06529E-024  1.00000E-040  2.36799E-040  6.08707E-006  9.42185E-007  1.24322E-006  6.86156E-010  4.03822E-002  2.75319E-001  1.06538E-005  1.99262E-004  9.36351E-016  6.42901E-012  1.32136E-016  1.91047E-017  4.28746E-016  4.90118E-016  3.13404E-008  2.08863E-018  1.00000E-040  1.00000E-040  1.00000E-040  1.00000E-040  9.56066E-030  3.04741E-025  8.71809E-014  2.12897E-014  3.26691E-027  1.00000E-040  1.11950E-025  3.23101E-019  1.13323E-011  5.20117E-005  6.84027E-001  6.86236E-018  2.68068E-025  2.17298E-022  2.08785E-032  2.14435E-029  6.60450E-022  3.81282E-021  1.01275E-009  5.93870E-021  1.03233E-012  5.71802E-019  2.78573E-009  1.02202E-016  1.41481E-006  2.33301E-016  1.17510E-022  3.13122E-017  1.83859E-013  5.80008E-023  2.59911E-017  8.73379E-030  5.39342E-032  1.00000E-040  6.06844E-035  1.00000E-040  4.13259E-021  2.36470E-018  8.73554E-015  2.43501E-024  1.50985E-023  4.47046E-035  1.18192E-040  1.67387E-030  5.12533E-038  1.62406E-025  1.47068E-028  5.41459E-030  5.35430E-027  1.10113E-018  1.48108E-016  1.64291E-026  3.13839E-028  2.68337E-024  1.79705E-021  3.99653E-018  3.03557E-019  4.09116E-028  1.13026E-030  1.41374E-013  4.30824E-033  6.94399E-027  9.57126E-032  3.28381E-023  1.48147E-033  5.19357E-024  1.17587E-027  1.20272E-011  1.00000E-040  1.21004E-014  2.68624E-038  1.34859E-034  2.08997E-017  2.06154E-017  6.64133E-025  1.28132E-012  1.27780E-031  1.00000E-003  1.00000E-005  1.00000E-005  1.00000E-005  1.00000E-005  1.00000E-005  1.00000E-005  1.00000E-005  1.00000E-005  1.00000E-005  1.00000E-005  1.00000E-005  1.00000E-005  1.00000E-005  1.00000E-005  1.00000E-005  
8.25000E+001  3.98674E-007  1.55505E+013  1.85691E+002  4.06996E+005  1.00000E-040  1.00000E-040  1.00000E-040  1.00000E-040  1.00000E-040  1.00000E-040  1.00000E-040  1.00000E-040  1.00000E-040  1.00000E-040  1.00000E-040  1.00000E-040  1.00000E-040  1.00000E-040  4.09385E-024  1.00000E-040  2.59493E-040  6.31828E-006  9.60322E-007  1.03818E-006  4.89154E-010  4.77754E-002  2.68806E-001  1.18569E-005  1.89566E-004  9.20456E-016  5.63264E-012  3.37043E-016  2.13017E-017  4.04468E-016  4.59766E-016  2.62545E-008  2.54709E-018  1.12554E-035  4.53400E-035  1.00000E-040  1.00000E-040  3.74772E-030  1.81449E-025  8.57169E-014  1.63286E-014  6.70903E-027  1.00000E-040  9.31671E-026  4.84365E-019  1.27008E-011  6.87220E-005  6.83139E-001  6.62348E-018  2.99958E-025  2.10244E-022  5.01930E-032  2.36750E-029  5.48703E-022  2.96462E-021  9.22766E-010  1.81772E-020  7.33455E-013  6.28521E-019  2.43802E-009  4.28705E-017  1.14493E-006  1.76043E-016  7.29900E-023  2.25666E-017  1.59126E-013  2.20779E-023  1.53130E-017  7.91013E-030  7.95420E-032  1.00000E-040  2.37755E-035  1.00000E-040  3.88444E-021  1.84615E-018  7.06950E-015  2.10255E-024  1.28565E-023  2.64048E-035  1.00000E-040  1.35232E-030  2.39672E-038  1.22054E-025  1.63035E-028  5.11657E-030  4.77259E-027  1.35034E-018  1.65563E-016  1.43129E-026  3.92200E-028  1.56488E-024  1.58919E-021  3.47146E-018  3.23649E-019  7.67849E-028  1.17916E-030  1.35298E-013  1.96549E-033  6.19004E-027  8.63133E-032  3.10609E-023  5.58621E-034  3.26365E-024  4.50587E-028  1.47520E-011  1.00000E-040  1.14646E-014  1.00000E-040  9.10442E-035  1.65613E-017  5.16926E-016  5.61863E-025  1.06351E-012  1.28236E-031  1.00000E-003  1.00000E-005  1.00000E-005  1.00000E-005  1.00000E-005  1.00000E-005  1.00000E-005  1.00000E-005  1.00000E-005  1.00000E-005  1.00000E-005  1.00000E-005  1.00000E-005  1.00000E-005  1.00000E-005  1.00000E-005  
8.35000E+001  3.35264E-007  1.29725E+013  1.87189E+002  4.06996E+005  1.00000E-040  1.00000E-040  1.00000E-040  1.00000E-040  1.00000E-040  1.00000E-040  1.00000E-040  1.00000E-040  1.00000E-040  1.00000E-040  1.00000E-040  1.00000E-040  1.00000E-040  1.00000E-040  4.12376E-024  1.00000E-040  2.85847E-040  6.52949E-006  9.76931E-007  8.68009E-007  3.47079E-010  5.57880E-002  2.61876E-001  1.30768E-005  1.79431E-004  8.95752E-016  4.92432E-012  7.59799E-016  2.33880E-017  3.80409E-016  4.30678E-016  2.20577E-008  3.06596E-018  1.00000E-040  1.00000E-040  1.00000E-040  1.00000E-040  1.49354E-030  1.09066E-025  8.31799E-014  1.23504E-014  1.21633E-026  1.00000E-040  7.94978E-026  7.61178E-019  1.51770E-011  8.84888E-005  6.82046E-001  6.29859E-018  3.35534E-025  2.03592E-022  1.06390E-031  2.55353E-029  4.52092E-022  2.30485E-021  8.84010E-010  1.52584E-019  5.25402E-013  6.84399E-019  2.12520E-009  1.83576E-017  9.13216E-007  1.39930E-016  4.78257E-023  1.58834E-017  1.36546E-013  8.59445E-024  8.90635E-018  7.15517E-030  1.20701E-031  1.00000E-040  9.22299E-036  1.00000E-040  3.62743E-021  1.43971E-018  5.72967E-015  1.81133E-024  1.09721E-023  1.54036E-035  1.00000E-040  1.08520E-030  1.11920E-038  9.07055E-026  1.78609E-028  4.79276E-030  4.27060E-027  1.75438E-018  1.82297E-016  1.23751E-026  4.83776E-028  9.20615E-025  1.40837E-021  3.25514E-018  3.40513E-019  1.40915E-027  1.19907E-030  1.28884E-013  8.84314E-034  5.53925E-027  7.84722E-032  2.92759E-023  2.11937E-034  2.07214E-024  1.71137E-028  1.92239E-011  1.00000E-040  1.07956E-014  1.00000E-040  6.08889E-035  1.29555E-017  7.33579E-015  4.80669E-025  8.80311E-013  1.32019E-031  1.00000E-003  1.00000E-005  1.00000E-005  1.00000E-005  1.00000E-005  1.00000E-005  1.00000E-005  1.00000E-005  1.00000E-005  1.00000E-005  1.00000E-005  1.00000E-005  1.00000E-005  1.00000E-005  1.00000E-005  1.00000E-005  
8.45000E+001  2.82608E-007  1.08389E+013  1.88849E+002  4.06996E+005  1.00000E-040  1.00000E-040  1.00000E-040  1.00000E-040  1.00000E-040  1.00000E-040  1.00000E-040  1.00000E-040  1.00000E-040  1.00000E-040  1.00000E-040  1.00000E-040  1.00000E-040  1.00000E-040  4.15672E-024  1.00000E-040  3.16325E-040  6.72699E-006  9.92403E-007  7.27827E-007  2.45018E-010  6.43918E-002  2.54590E-001  1.42912E-005  1.68992E-004  8.68020E-016  4.29749E-012  1.54729E-015  2.54227E-017  3.58191E-016  4.04480E-016  1.86250E-008  3.64860E-018  1.08439E-035  4.89704E-035  1.46476E-035  1.00000E-040  6.02022E-031  6.61491E-026  7.97849E-014  9.21502E-015  1.98624E-026  1.00000E-040  6.80836E-026  1.24563E-018  1.91165E-011  1.11522E-004  6.80714E-001  5.93553E-018  3.78771E-025  1.99140E-022  2.04038E-031  2.69961E-029  3.69763E-022  1.80082E-021  8.92795E-010  9.75768E-019  3.79206E-013  7.44242E-019  1.84708E-009  8.04995E-018  7.17509E-007  1.17401E-016  3.30892E-023  1.09789E-017  1.16089E-013  3.43609E-024  5.13670E-018  6.46747E-030  1.84235E-031  1.00000E-040  3.53962E-036  1.00000E-040  3.36548E-021  1.12397E-018  4.66067E-015  1.56666E-024  9.45232E-024  8.88736E-036  1.00000E-040  8.67085E-031  5.19875E-039  6.65239E-026  1.94263E-028  4.49414E-030  3.87409E-027  2.39430E-018  1.98863E-016  1.06579E-026  5.96310E-028  5.45431E-025  1.25391E-021  3.30542E-018  3.56724E-019  2.46676E-027  1.19290E-030  1.22207E-013  3.90675E-034  5.02497E-027  7.22481E-032  2.74915E-023  8.19977E-035  1.33028E-024  6.42604E-029  2.66818E-011  1.00000E-040  1.01014E-014  1.00000E-040  4.03341E-035  1.00570E-017  6.54874E-014  4.20181E-025  7.28044E-013  1.38867E-031  1.00000E-003  1.00000E-005  1.00000E-005  1.00000E-005  1.00000E-005  1.00000E-005  1.00000E-005  1.00000E-005  1.00000E-005  1.00000E-005  1.00000E-005  1.00000E-005  1.00000E-005  1.00000E-005  1.00000E-005  1.00000E-005  
8.55000E+001  2.38798E-007  9.07893E+012  1.90508E+002  4.06996E+005  1.00000E-040  1.00000E-040  1.00000E-040  1.00000E-040  1.00000E-040  1.00000E-040  1.00000E-040  1.00000E-040  1.00000E-040  1.00000E-040  1.00000E-040  1.00000E-040  1.00000E-040  1.00000E-040  4.18958E-024  1.00000E-040  3.51429E-040  6.91636E-006  1.00709E-006  6.12829E-007  1.72901E-010  7.35525E-002  2.47019E-001  1.54768E-005  1.58395E-004  8.40339E-016  3.77527E-012  2.89480E-015  2.74479E-017  3.38445E-016  3.81654E-016  1.58341E-008  4.29220E-018  1.00000E-040  1.00000E-040  1.61086E-034  1.00000E-040  2.47236E-031  4.05431E-026  7.57377E-014  6.79122E-015  2.98180E-026  1.00000E-040  5.79802E-026  2.09141E-018  2.49879E-011  1.38033E-004  6.79107E-001  5.61750E-018  4.23398E-025  1.98739E-022  3.60809E-031  2.82235E-029  3.02572E-022  1.42201E-021  9.33273E-010  4.39433E-018  2.76125E-013  8.11353E-019  1.60242E-009  3.62599E-018  5.58268E-007  1.02213E-016  2.38185E-023  7.49043E-018  9.77002E-014  1.41551E-024  2.94985E-018  5.84494E-030  2.74381E-031  1.00000E-040  1.35312E-036  1.00000E-040  3.10272E-021  8.79868E-019  3.81232E-015  1.35494E-024  8.15277E-024  5.12366E-036  1.00000E-040  6.91353E-031  2.42485E-039  4.84572E-026  2.10077E-028  4.24826E-030  3.51511E-027  3.38164E-018  2.15549E-016  9.16871E-027  7.22274E-028  3.26695E-025  1.12287E-021  3.59396E-018  3.74260E-019  4.10179E-027  1.16486E-030  1.15353E-013  1.73285E-034  4.55964E-027  6.67133E-032  2.57187E-023  3.05857E-035  8.67691E-025  2.40815E-029  3.89762E-011  1.00000E-040  9.39091E-015  1.00000E-040  2.65304E-035  7.77969E-018  4.00705E-013  3.69604E-025  6.02662E-013  1.47952E-031  1.00000E-003  1.00000E-005  1.00000E-005  1.00000E-005  1.00000E-005  1.00000E-005  1.00000E-005  1.00000E-005  1.00000E-005  1.00000E-005  1.00000E-005  1.00000E-005  1.00000E-005  1.00000E-005  1.00000E-005  1.00000E-005  
8.65000E+001  2.02296E-007  7.60774E+012  1.92596E+002  4.06996E+005  1.00000E-040  1.00000E-040  1.00000E-040  1.00000E-040  1.00000E-040  1.00000E-040  1.00000E-040  1.00000E-040  1.00000E-040  1.00000E-040  1.00000E-040  1.00000E-040  1.00000E-040  1.00000E-040  4.23050E-024  1.00000E-040  3.91688E-040  7.10202E-006  1.02128E-006  5.18607E-007  1.21055E-010  8.32299E-002  2.39239E-001  1.66112E-005  1.47790E-004  8.17714E-016  3.29922E-012  5.05991E-015  2.95971E-017  3.22379E-016  3.63615E-016  1.35740E-008  5.00956E-018  1.00000E-040  1.00000E-040  5.82895E-035  1.00000E-040  1.01189E-031  2.50458E-026  7.12544E-014  4.93243E-015  4.14987E-026  1.00000E-040  4.85248E-026  3.56914E-018  3.33848E-011  1.68221E-004  6.77189E-001  5.50114E-018  4.90941E-025  2.07762E-022  6.00978E-031  2.89692E-029  2.44951E-022  1.13635E-021  1.03558E-009  1.48141E-017  2.02163E-013  9.18954E-019  1.38913E-009  1.67770E-018  4.26381E-007  9.43996E-017  1.81357E-023  5.06691E-018  8.12595E-014  6.02941E-025  1.69305E-018  5.28471E-030  3.90250E-031  1.00000E-040  5.10436E-037  1.00000E-040  2.84318E-021  6.91240E-019  3.14127E-015  1.19400E-024  7.22069E-024  2.89693E-036  1.00000E-040  5.51149E-031  1.10867E-039  3.45937E-026  2.27530E-028  4.07278E-030  3.31411E-027  4.88055E-018  2.33775E-016  7.89662E-027  9.01993E-028  1.96169E-025  1.01546E-021  4.11621E-018  4.00694E-019  6.49057E-027  1.11964E-030  1.08409E-013  7.39464E-035  4.29924E-027  6.32234E-032  2.39698E-023  1.31467E-035  5.71960E-025  8.82882E-030  5.89199E-011  1.00000E-040  8.67327E-015  5.72455E-040  1.72247E-035  6.02082E-018  1.80675E-012  3.41616E-025  5.00129E-013  1.57803E-031  1.00000E-003  1.00000E-005  1.00000E-005  1.00000E-005  1.00000E-005  1.00000E-005  1.00000E-005  1.00000E-005  1.00000E-005  1.00000E-005  1.00000E-005  1.00000E-005  1.00000E-005  1.00000E-005  1.00000E-005  1.00000E-005  
8.75000E+001  1.71900E-007  6.36409E+012  1.95639E+002  4.06996E+005  1.00000E-040  1.00000E-040  1.00000E-040  1.00000E-040  1.00000E-040  1.00000E-040  1.00000E-040  1.00000E-040  1.00000E-040  1.00000E-040  1.00000E-040  1.00000E-040  1.00000E-040  1.00000E-040  4.28933E-024  1.00000E-040  4.37575E-040  7.28616E-006  1.03501E-006  4.41256E-007  8.34246E-011  9.33699E-002  2.31335E-001  1.76741E-005  1.37329E-004  8.04285E-016  2.82876E-012  8.37982E-015  3.20257E-017  3.10827E-016  3.51447E-016  1.17475E-008  5.82008E-018  1.00000E-040  1.00000E-040  1.00000E-040  1.00000E-040  4.00991E-032  1.55516E-026  6.65198E-014  3.52568E-015  5.37872E-026  1.00000E-040  3.95679E-026  6.14547E-018  4.50188E-011  2.02265E-004  6.74929E-001  5.92606E-018  6.22172E-025  2.32454E-022  9.60003E-031  2.89015E-029  1.93500E-022  9.18637E-022  1.26750E-009  3.95665E-017  1.48250E-013  1.11543E-018  1.20465E-009  7.95666E-019  3.16635E-007  9.57631E-017  1.50335E-023  3.41249E-018  6.66654E-014  2.66499E-025  9.74582E-019  4.78355E-030  5.24319E-031  1.00000E-040  1.88102E-037  1.00000E-040  2.59086E-021  5.45019E-019  2.61127E-015  1.09699E-024  6.75012E-024  1.56770E-036  1.00000E-040  4.40071E-031  4.80247E-040  2.38401E-026  2.48412E-028  3.97185E-030  3.38639E-027  7.12153E-018  2.55316E-016  6.82093E-027  1.22519E-027  1.16998E-025  9.31010E-022  4.89630E-018  4.46935E-019  9.80795E-027  1.06202E-030  1.01473E-013  2.89171E-035  4.39245E-027  6.31072E-032  2.22603E-023  5.78381E-036  3.78517E-025  3.10202E-030  9.08446E-011  1.00000E-040  7.95833E-015  2.48434E-040  1.08973E-035  4.67600E-018  6.36278E-012  3.48120E-025  4.16697E-013  1.66715E-031  1.00000E-003  1.00000E-005  1.00000E-005  1.00000E-005  1.00000E-005  1.00000E-005  1.00000E-005  1.00000E-005  1.00000E-005  1.00000E-005  1.00000E-005  1.00000E-005  1.00000E-005  1.00000E-005  1.00000E-005  1.00000E-005  
8.85000E+001  1.46572E-007  5.34342E+012  1.98677E+002  4.06996E+005  1.00000E-040  1.00000E-040  1.00000E-040  1.00000E-040  1.00000E-040  1.00000E-040  1.00000E-040  1.00000E-040  1.00000E-040  1.00000E-040  1.00000E-040  1.00000E-040  1.00000E-040  1.00000E-040  4.34771E-024  1.00000E-040  4.89548E-040  7.47026E-006  1.04828E-006  3.77435E-007  5.77801E-011  1.03906E-001  2.23395E-001  1.86486E-005  1.27156E-004  7.96240E-016  2.45828E-012  1.32143E-014  3.46617E-017  3.02305E-016  3.43142E-016  1.02722E-008  6.69377E-018  1.77093E-035  6.35710E-035  6.88457E-035  1.00000E-040  1.60143E-032  9.78631E-027  6.16757E-014  2.49484E-015  6.65915E-026  1.00000E-040  3.16723E-026  1.04713E-017  6.06859E-011  2.40333E-004  6.72304E-001  7.52186E-018  7.75381E-025  2.77666E-022  1.47232E-030  2.87146E-029  1.53427E-022  7.56871E-022  1.56693E-009  8.76792E-017  1.09768E-013  1.44039E-018  1.04621E-009  3.87144E-019  2.34132E-007  9.84771E-017  1.26843E-023  2.29696E-018  5.38710E-014  1.22363E-025  5.64502E-019  4.33796E-030  6.64206E-031  1.00000E-040  6.92421E-038  1.00000E-040  2.34938E-021  4.31051E-019  2.19277E-015  1.01221E-024  6.29919E-024  8.38951E-037  1.00000E-040  3.52476E-031  2.08671E-040  1.64013E-026  2.71272E-028  3.93718E-030  3.44330E-027  1.03585E-017  2.79117E-016  5.90626E-027  1.63031E-027  7.08102E-026  8.62245E-022  5.93517E-018  5.15857E-019  1.42070E-026  9.96414E-031  9.46402E-014  1.14992E-035  4.46704E-027  6.29295E-032  2.06068E-023  5.90906E-037  2.55922E-025  1.09695E-030  1.40138E-010  1.00000E-040  7.25589E-015  6.05822E-040  6.82996E-036  3.65020E-018  1.83444E-011  3.55947E-025  3.49039E-013  1.73281E-031  1.00000E-003  1.00000E-005  1.00000E-005  1.00000E-005  1.00000E-005  1.00000E-005  1.00000E-005  1.00000E-005  1.00000E-005  1.00000E-005  1.00000E-005  1.00000E-005  1.00000E-005  1.00000E-005  1.00000E-005  1.00000E-005  
8.95000E+001  1.25427E-007  4.48478E+012  2.02566E+002  4.06996E+005  1.00000E-040  1.00000E-040  1.00000E-040  1.00000E-040  1.00000E-040  1.00000E-040  1.00000E-040  1.00000E-040  1.00000E-040  1.00000E-040  1.00000E-040  1.00000E-040  1.00000E-040  1.00000E-040  4.42160E-024  1.00000E-040  5.48082E-040  7.65568E-006  1.06113E-006  3.24390E-007  3.96416E-011  1.14768E-001  2.15504E-001  1.95224E-005  1.17386E-004  7.99034E-016  2.11490E-012  2.00999E-014  3.77455E-017  2.98150E-016  3.40650E-016  9.08163E-009  7.66215E-018  2.46266E-035  8.18605E-035  1.06740E-034  1.00000E-040  6.25244E-033  6.20985E-027  5.68603E-014  1.74689E-015  7.85571E-026  1.00000E-040  2.46008E-026  1.76926E-017  8.12672E-011  2.82566E-004  6.69300E-001  1.13189E-017  1.03391E-024  3.57728E-022  2.20793E-030  2.78715E-029  1.19181E-022  6.33736E-022  2.08431E-009  1.71526E-016  8.15167E-014  2.08131E-018  9.10847E-010  1.92408E-019  1.69375E-007  1.08663E-016  1.14111E-023  1.55023E-018  4.27494E-014  5.85077E-026  3.29892E-019  3.94378E-030  7.98297E-031  1.00000E-040  2.53689E-038  1.00000E-040  2.12138E-021  3.41387E-019  1.86216E-015  9.71963E-025  6.12508E-024  4.31434E-037  1.00000E-040  2.83575E-031  1.00000E-040  1.09770E-026  2.99398E-028  3.97719E-030  3.72248E-027  1.49796E-017  3.07995E-016  5.13071E-027  2.31402E-027  4.28189E-026  8.11237E-022  7.31366E-018  6.27467E-019  1.98064E-026  9.26495E-031  8.79886E-014  4.28102E-036  4.83072E-027  6.53898E-032  1.90223E-023  2.52131E-036  1.74697E-025  3.77488E-031  2.15735E-010  1.00000E-040  6.57397E-015  1.87998E-040  4.15908E-036  2.86734E-018  4.61208E-011  3.94274E-025  2.94268E-013  1.75846E-031  1.00000E-003  1.00000E-005  1.00000E-005  1.00000E-005  1.00000E-005  1.00000E-005  1.00000E-005  1.00000E-005  1.00000E-005  1.00000E-005  1.00000E-005  1.00000E-005  1.00000E-005  1.00000E-005  1.00000E-005  1.00000E-005  
9.05000E+001  1.07823E-007  3.74275E+012  2.08660E+002  4.06996E+005  1.00000E-040  1.00000E-040  1.00000E-040  1.00000E-040  1.00000E-040  1.00000E-040  1.00000E-040  1.00000E-040  1.00000E-040  1.00000E-040  1.00000E-040  1.00000E-040  1.00000E-040  1.00000E-040  4.53559E-024  1.00000E-040  6.13337E-040  7.83985E-006  1.07314E-006  2.79849E-007  2.64088E-011  1.25855E-001  2.07756E-001  2.02877E-005  1.08134E-004  8.20320E-016  1.74418E-012  2.98715E-014  4.16287E-017  3.00034E-016  3.46967E-016  8.12146E-009  8.78432E-018  1.00000E-040  1.00000E-040  6.91369E-036  1.00000E-040  2.24843E-033  3.94715E-027  5.21913E-014  1.21389E-015  8.75786E-026  1.00000E-040  1.82705E-026  2.98226E-017  1.07649E-010  3.29004E-004  6.65922E-001  1.97141E-017  1.65752E-024  4.91532E-022  3.30009E-030  2.56780E-029  8.76181E-023  5.35843E-022  3.28398E-009  3.20709E-016  6.01247E-014  3.39675E-018  7.95889E-010  9.68936E-020  1.16919E-007  1.40334E-016  1.17643E-023  1.05287E-018  3.31986E-014  2.92434E-026  1.95144E-019  3.59728E-030  9.17234E-031  1.00000E-040  9.19740E-039  1.00000E-040  1.90940E-021  2.70074E-019  1.60103E-015  1.03036E-024  6.58331E-024  2.02134E-037  1.00000E-040  2.29530E-031  1.00000E-040  6.88280E-027  3.37181E-028  4.09660E-030  4.69010E-027  2.15404E-017  3.46433E-016  4.47579E-027  3.93898E-027  2.53303E-026  7.80836E-022  9.19299E-018  8.25047E-019  2.66743E-026  8.55480E-031  8.16047E-014  1.32891E-036  6.08446E-027  7.50491E-032  1.75222E-023  1.00000E-040  1.18383E-025  1.21030E-031  3.32510E-010  1.00000E-040  5.92101E-015  1.00000E-040  2.35976E-036  2.26622E-018  1.09615E-010  5.25659E-025  2.50015E-013  1.73390E-031  1.00000E-003  1.00000E-005  1.00000E-005  1.00000E-005  1.00000E-005  1.00000E-005  1.00000E-005  1.00000E-005  1.00000E-005  1.00000E-005  1.00000E-005  1.00000E-005  1.00000E-005  1.00000E-005  1.00000E-005  1.00000E-005  
9.15000E+001  9.31731E-008  3.14264E+012  2.14740E+002  4.06996E+005  1.00000E-040  1.00000E-040  1.00000E-040  1.00000E-040  1.00000E-040  1.00000E-040  1.00000E-040  1.00000E-040  1.00000E-040  1.00000E-040  1.00000E-040  1.00000E-040  1.00000E-040  1.00000E-040  4.64788E-024  1.00000E-040  6.85346E-040  8.01989E-006  1.08390E-006  2.41929E-007  1.78510E-011  1.37054E-001  2.00245E-001  2.09415E-005  9.94930E-005  8.50038E-016  1.47258E-012  4.32879E-014  4.59900E-017  3.04774E-016  3.58028E-016  7.34724E-009  9.96510E-018  2.35050E-035  7.19145E-035  2.05186E-035  1.00000E-040  8.05568E-034  2.55966E-027  4.77489E-014  8.53159E-016  9.61750E-026  1.00000E-040  1.32946E-026  4.89367E-017  1.40608E-010  3.79742E-004  6.62192E-001  3.94308E-017  2.55499E-024  6.92401E-022  4.85161E-030  2.34971E-029  6.45340E-023  4.63079E-022  5.06092E-009  6.15969E-016  4.48596E-014  5.86934E-018  6.98778E-010  4.94137E-020  8.08955E-008  1.78309E-016  1.20222E-023  7.22152E-019  2.51893E-014  1.52731E-026  1.17233E-019  3.29461E-030  1.01482E-030  1.00000E-040  3.39839E-039  1.00000E-040  1.71521E-021  2.12859E-019  1.39471E-015  1.09126E-024  6.93613E-024  9.19033E-038  1.00000E-040  1.87205E-031  1.00000E-040  4.35220E-027  3.81099E-028  4.28271E-030  5.73516E-027  3.04178E-017  3.90462E-016  3.89731E-027  6.43560E-027  1.53529E-026  7.61033E-022  1.15753E-017  1.17310E-018  3.48191E-026  7.85946E-031  7.55618E-014  4.27937E-037  7.44249E-027  8.50825E-032  1.61205E-023  1.30843E-036  8.25754E-026  4.04528E-032  5.03963E-010  1.00000E-040  5.30454E-015  1.00000E-040  1.32885E-036  1.80208E-018  2.65201E-010  6.89811E-025  2.14296E-013  1.66431E-031  1.00000E-003  1.00000E-005  1.00000E-005  1.00000E-005  1.00000E-005  1.00000E-005  1.00000E-005  1.00000E-005  1.00000E-005  1.00000E-005  1.00000E-005  1.00000E-005  1.00000E-005  1.00000E-005  1.00000E-005  1.00000E-005  
9.25000E+001  8.09311E-008  2.64204E+012  2.21867E+002  4.06996E+005  1.00000E-040  1.00000E-040  1.00000E-040  1.00000E-040  1.00000E-040  1.00000E-040  1.00000E-040  1.00000E-040  1.00000E-040  1.00000E-040  1.00000E-040  1.00000E-040  1.00000E-040  1.00000E-040  4.77747E-024  1.00000E-040  7.64280E-040  8.19508E-006  1.09332E-006  2.09133E-007  1.20858E-011  1.48275E-001  1.93033E-001  2.14858E-005  9.14924E-005  8.96675E-016  1.24442E-012  6.23915E-014  5.11859E-017  3.14100E-016  3.77568E-016  6.72471E-009  1.12486E-017  1.00000E-040  1.00000E-040  1.00000E-040  1.00000E-040  2.83071E-034  1.68463E-027  4.35808E-014  6.18752E-016  1.04375E-025  1.00000E-040  9.42663E-027  7.87864E-017  1.80882E-010  4.34953E-004  6.58134E-001  8.99000E-017  4.14247E-024  9.86190E-022  7.19375E-030  2.08964E-029  4.63462E-023  4.07107E-022  8.22639E-009  1.26942E-015  3.35796E-014  1.05929E-017  6.16915E-010  2.53385E-020  5.49895E-008  2.38486E-016  1.28726E-023  5.01374E-019  1.85875E-014  8.34712E-027  7.16444E-020  3.03124E-030  1.08910E-030  1.00000E-040  1.29212E-039  1.00000E-040  1.53897E-021  1.66453E-019  1.23166E-015  1.20035E-024  7.48256E-024  3.99641E-038  1.00000E-040  1.54039E-031  1.00000E-040  2.69358E-027  4.36533E-028  4.55431E-030  7.28927E-027  4.23194E-017  4.44569E-016  3.38655E-027  1.10471E-026  9.37952E-027  7.55541E-022  1.47157E-017  1.90500E-018  4.42076E-026  7.19424E-031  6.98920E-014  1.30960E-037  9.46487E-027  9.96557E-032  1.48215E-023  1.00000E-040  5.85704E-026  1.38937E-032  7.57287E-010  1.00000E-040  4.72824E-015  1.00000E-040  7.23842E-037  1.43892E-018  6.84007E-010  9.65973E-025  1.85429E-013  1.55435E-031  1.00000E-003  1.00000E-005  1.00000E-005  1.00000E-005  1.00000E-005  1.00000E-005  1.00000E-005  1.00000E-005  1.00000E-005  1.00000E-005  1.00000E-005  1.00000E-005  1.00000E-005  1.00000E-005  1.00000E-005  1.00000E-005  
9.35000E+001  7.07225E-008  2.20646E+012  2.32155E+002  4.06996E+005  1.00000E-040  1.00000E-040  1.00000E-040  1.00000E-040  1.00000E-040  1.00000E-040  1.00000E-040  1.00000E-040  1.00000E-040  1.00000E-040  1.00000E-040  1.00000E-040  1.00000E-040  1.00000E-040  4.96064E-024  1.00000E-040  8.49719E-040  8.36033E-006  1.10083E-006  1.80308E-007  8.02905E-012  1.59383E-001  1.86201E-001  2.19258E-005  8.41723E-005  9.79051E-016  1.01871E-012  9.17732E-014  5.78805E-017  3.31060E-016  4.15105E-016  6.22703E-009  1.27355E-017  1.00000E-040  1.00000E-040  1.00000E-040  1.00000E-040  9.09805E-035  1.11696E-027  3.97296E-014  4.78407E-016  1.11868E-025  1.00000E-040  6.40282E-027  1.26032E-016  2.28975E-010  4.94693E-004  6.53806E-001  2.20176E-016  8.17242E-024  1.40097E-021  1.11315E-029  1.74136E-029  3.10281E-023  3.60548E-022  1.59278E-008  2.72033E-015  2.48455E-014  1.94085E-017  5.48237E-010  1.29147E-020  3.53988E-008  3.73861E-016  1.57454E-023  3.53540E-019  1.32625E-014  4.79954E-027  4.46831E-020  2.80357E-030  1.14070E-030  1.00000E-040  5.09698E-040  1.00000E-040  1.38100E-021  1.28553E-019  1.10325E-015  1.48424E-024  8.89159E-024  1.55934E-038  1.00000E-040  1.28116E-031  1.00000E-040  1.54640E-027  5.11434E-028  4.93404E-030  1.07960E-026  5.83824E-017  5.17630E-016  2.93874E-027  2.30617E-026  5.63111E-027  7.71078E-022  1.91223E-017  3.57218E-018  5.47475E-026  6.57200E-031  6.46367E-014  3.29480E-038  1.40108E-026  1.29710E-031  1.36317E-023  9.48559E-037  4.15542E-026  4.78172E-033  1.14228E-009  1.00000E-040  4.19637E-015  1.00000E-040  3.57708E-037  1.15038E-018  1.82751E-009  1.64513E-024  1.62128E-013  1.41457E-031  1.00000E-003  1.00000E-005  1.00000E-005  1.00000E-005  1.00000E-005  1.00000E-005  1.00000E-005  1.00000E-005  1.00000E-005  1.00000E-005  1.00000E-005  1.00000E-005  1.00000E-005  1.00000E-005  1.00000E-005  1.00000E-005  
9.45000E+001  6.22072E-008  1.85865E+012  2.42415E+002  4.06996E+005  1.00000E-040  1.00000E-040  1.00000E-040  1.00000E-040  1.00000E-040  1.00000E-040  1.00000E-040  1.00000E-040  1.00000E-040  1.00000E-040  1.00000E-040  1.00000E-040  1.00000E-040  1.00000E-040  5.13860E-024  1.00000E-040  9.41086E-040  8.51081E-006  1.10594E-006  1.54531E-007  5.58424E-012  1.70242E-001  1.79815E-001  2.22701E-005  7.75472E-005  1.08659E-015  8.73443E-013  1.37787E-013  6.55244E-017  3.51640E-016  4.67418E-016  5.83273E-009  1.42577E-017  3.99391E-035  8.25796E-035  1.41612E-034  1.00000E-040  2.95261E-035  7.64978E-028  3.62169E-014  4.09002E-016  1.24793E-025  1.00000E-040  4.37694E-027  1.95129E-016  2.85049E-010  5.59438E-004  6.49274E-001  5.31073E-016  1.49908E-023  1.93831E-021  1.77131E-029  1.43738E-029  2.07679E-023  3.26744E-022  2.91861E-008  5.64158E-015  1.86404E-014  3.44784E-017  4.90863E-010  6.54627E-021  2.29488E-008  5.59321E-016  1.85971E-023  2.54042E-019  9.13873E-015  2.91965E-027  2.85411E-020  2.60808E-030  1.17178E-030  1.00000E-040  2.11948E-040  1.00000E-040  1.24099E-021  9.77810E-020  1.00255E-015  1.76857E-024  1.00578E-023  5.92527E-039  1.00000E-040  1.07878E-031  1.00000E-040  9.07420E-028  6.02816E-028  5.41999E-030  1.49199E-026  7.89755E-017  6.02593E-016  2.52134E-027  4.47922E-026  3.52286E-027  7.97289E-022  2.48796E-017  7.12533E-018  6.62919E-026  6.00091E-031  5.98207E-014  9.01320E-039  1.93679E-026  1.63967E-031  1.25553E-023  4.97308E-036  3.08963E-026  1.94679E-033  1.69473E-009  1.00000E-040  3.71278E-015  1.00000E-040  1.79990E-037  9.22640E-019  4.72349E-009  2.67191E-024  1.43337E-013  1.26398E-031  1.00000E-003  1.00000E-005  1.00000E-005  1.00000E-005  1.00000E-005  1.00000E-005  1.00000E-005  1.00000E-005  1.00000E-005  1.00000E-005  1.00000E-005  1.00000E-005  1.00000E-005  1.00000E-005  1.00000E-005  1.00000E-005  
9.55000E+001  5.50546E-008  1.57208E+012  2.53650E+002  4.06996E+005  1.00000E-040  1.00000E-040  1.00000E-040  1.00000E-040  1.00000E-040  1.00000E-040  1.00000E-040  1.00000E-040  1.00000E-040  1.00000E-040  1.00000E-040  1.00000E-040  1.00000E-040  1.00000E-040  5.32692E-024  1.00000E-040  1.03822E-039  8.64568E-006  1.10871E-006  1.31100E-007  4.11816E-012  1.80773E-001  1.73903E-001  2.25290E-005  7.15725E-005  1.24211E-015  7.76962E-013  2.13392E-013  7.46594E-017  3.78051E-016  5.47476E-016  5.52618E-009  1.58605E-017  1.00000E-040  1.00000E-040  1.00000E-040  1.00000E-040  9.76643E-036  5.41131E-028  3.30281E-014  3.91114E-016  1.44462E-025  1.00000E-040  3.04986E-027  2.94899E-016  3.49192E-010  6.30134E-004  6.44590E-001  1.24141E-015  2.74817E-023  2.60389E-021  2.94363E-029  1.15864E-029  1.36252E-023  3.01899E-022  5.39655E-008  1.11928E-014  1.40752E-014  5.91133E-017  4.42898E-010  3.28178E-021  1.47321E-008  8.45236E-016  2.22097E-023  1.86283E-019  6.05179E-015  1.90245E-027  1.86948E-020  2.44063E-030  1.18518E-030  1.00000E-040  1.00000E-040  1.00000E-040  1.11732E-021  7.30002E-020  9.24000E-016  2.09681E-024  1.12149E-023  2.20983E-039  1.00000E-040  9.20471E-032  1.00000E-040  5.30252E-028  7.17656E-028  6.05490E-030  2.03245E-026  1.05471E-016  7.06203E-016  2.14203E-027  8.71206E-026  2.27623E-027  8.38965E-022  3.26487E-017  1.46718E-017  7.86689E-026  5.48114E-031  5.54244E-014  2.56123E-039  2.64037E-026  2.08636E-031  1.15861E-023  1.00000E-040  2.40069E-026  9.42752E-034  2.49245E-009  1.00000E-040  3.27764E-015  1.00000E-040  8.99143E-038  7.41990E-019  1.17293E-008  4.41119E-024  1.28146E-013  1.11478E-031  1.00000E-003  1.00000E-005  1.00000E-005  1.00000E-005  1.00000E-005  1.00000E-005  1.00000E-005  1.00000E-005  1.00000E-005  1.00000E-005  1.00000E-005  1.00000E-005  1.00000E-005  1.00000E-005  1.00000E-005  1.00000E-005  
9.65000E+001  4.90472E-008  1.32110E+012  2.68902E+002  4.06996E+005  1.00000E-040  1.00000E-040  1.00000E-040  1.00000E-040  1.00000E-040  1.00000E-040  1.00000E-040  1.00000E-040  1.00000E-040  1.00000E-040  1.00000E-040  1.00000E-040  1.00000E-040  1.00000E-040  5.57121E-024  1.00000E-040  1.14023E-039  8.76020E-006  1.10883E-006  1.09547E-007  3.33483E-012  1.90842E-001  1.68515E-001  2.27130E-005  6.62273E-005  1.52642E-015  7.11764E-013  3.42052E-013  8.65713E-017  4.15728E-016  7.05296E-016  5.29614E-009  1.77163E-017  1.00000E-040  1.00000E-040  1.00000E-040  1.00000E-040  3.08434E-036  3.97576E-028  3.01588E-014  4.09784E-016  1.68984E-025  1.00000E-040  2.15260E-027  4.42431E-016  4.21100E-010  7.07952E-004  6.39836E-001  3.15823E-015  5.93211E-023  3.39149E-021  5.18260E-029  8.80618E-030  8.36755E-024  2.81085E-022  1.15002E-007  2.38209E-014  1.04892E-014  9.72537E-017  4.02964E-010  1.61263E-021  8.91657E-009  1.44517E-015  2.92352E-023  1.39766E-019  3.83179E-015  1.35643E-027  1.26037E-020  2.29824E-030  1.18398E-030  6.73148E-040  1.00000E-040  1.00000E-040  1.00889E-021  5.34457E-020  8.63531E-016  2.72387E-024  1.34539E-023  7.56737E-040  1.00000E-040  7.97050E-032  1.00000E-040  2.88071E-028  8.61964E-028  6.90295E-030  3.12015E-026  1.41625E-016  8.45991E-016  1.81176E-027  2.00222E-025  1.49733E-027  9.07884E-022  4.37756E-017  3.42115E-017  9.15907E-026  5.01352E-031  5.14452E-014  6.81254E-040  4.05080E-026  2.89884E-031  1.07216E-023  8.36095E-036  1.96748E-026  5.25332E-034  3.68122E-009  1.00000E-040  2.89296E-015  1.00000E-040  4.08208E-038  5.98868E-019  3.15359E-008  8.56313E-024  1.15902E-013  9.76865E-032  1.00000E-003  1.00000E-005  1.00000E-005  1.00000E-005  1.00000E-005  1.00000E-005  1.00000E-005  1.00000E-005  1.00000E-005  1.00000E-005  1.00000E-005  1.00000E-005  1.00000E-005  1.00000E-005  1.00000E-005  1.00000E-005  
9.75000E+001  4.39956E-008  1.12156E+012  2.84121E+002  4.06996E+005  1.00000E-040  1.00000E-040  1.00000E-040  1.00000E-040  1.00000E-040  1.00000E-040  1.00000E-040  1.00000E-040  1.00000E-040  1.00000E-040  1.00000E-040  1.00000E-040  1.00000E-040  1.00000E-040  5.79006E-024  1.00000E-040  1.24611E-039  8.85000E-006  1.10619E-006  8.95790E-008  3.43126E-012  2.00331E-001  1.63686E-001  2.28329E-005  6.14813E-005  1.98107E-015  7.20534E-013  5.56290E-013  1.00431E-016  4.60369E-016  9.72941E-016  5.13574E-009  1.96097E-017  3.35719E-035  5.01608E-035  8.73712E-035  1.00000E-040  1.05902E-036  3.15629E-028  2.76065E-014  4.45071E-016  2.05980E-025  1.00000E-040  1.68026E-027  6.42631E-016  4.99966E-010  7.95869E-004  6.35092E-001  1.27854E-014  1.16595E-022  4.22112E-021  9.31499E-029  6.76410E-030  5.24248E-024  2.68315E-022  2.26780E-007  7.91151E-014  7.96198E-015  1.49508E-016  3.69855E-010  7.89398E-022  5.44226E-009  2.31038E-015  3.65345E-023  1.07566E-019  2.35505E-015  1.07660E-027  8.78500E-021  2.17818E-030  1.17109E-030  1.30955E-038  1.00000E-040  1.00000E-040  9.14501E-022  3.88951E-020  8.17822E-016  3.34226E-024  1.52853E-023  2.65105E-040  1.00000E-040  7.01104E-032  1.00000E-040  1.61937E-028  1.01882E-027  7.99000E-030  4.41148E-026  1.90274E-016  1.01218E-015  1.52786E-027  4.21872E-025  1.07752E-027  9.92926E-022  5.84804E-017  1.28722E-016  1.04455E-025  4.59715E-031  4.78741E-014  2.47545E-040  5.72968E-026  3.86096E-031  9.95843E-024  2.41542E-036  1.77792E-026  3.96083E-034  5.32348E-009  1.00000E-040  2.56356E-015  1.00000E-040  1.93683E-038  4.90890E-019  1.34429E-007  1.54478E-023  1.06086E-013  8.58738E-032  1.00000E-003  1.00000E-005  1.00000E-005  1.00000E-005  1.00000E-005  1.00000E-005  1.00000E-005  1.00000E-005  1.00000E-005  1.00000E-005  1.00000E-005  1.00000E-005  1.00000E-005  1.00000E-005  1.00000E-005  1.00000E-005  
9.85000E+001  3.97077E-008  9.58918E+011  2.99923E+002  4.06996E+005  1.00000E-040  1.00000E-040  1.00000E-040  1.00000E-040  1.00000E-040  1.00000E-040  1.00000E-040  1.00000E-040  1.00000E-040  1.00000E-040  1.00000E-040  1.00000E-040  1.00000E-040  1.00000E-040  5.92169E-024  1.00000E-040  1.35564E-039  8.91493E-006  1.10144E-006  7.13861E-008  5.73528E-012  2.09201E-001  1.59410E-001  2.28954E-005  5.72658E-005  2.88353E-015  8.47535E-013  9.84056E-013  1.17088E-016  5.16252E-016  1.53357E-015  5.04458E-009  2.16080E-017  1.00000E-040  1.00000E-040  1.00000E-040  1.00000E-040  4.29075E-037  2.84173E-028  2.53467E-014  4.76836E-016  2.78279E-025  1.00000E-040  1.53423E-027  9.07746E-016  5.83548E-010  8.97484E-004  6.30399E-001  8.83241E-014  2.18923E-022  5.00506E-021  1.83985E-028  5.38798E-030  3.42829E-024  2.62643E-022  4.30794E-007  4.37639E-013  6.15346E-015  2.12044E-016  3.42345E-010  4.02418E-022  3.33559E-009  3.57846E-015  4.46094E-023  8.49317E-020  1.45941E-015  9.51042E-028  6.34389E-021  2.07723E-030  1.14886E-030  2.41068E-037  1.00000E-040  1.00000E-040  8.32123E-022  2.90267E-020  7.84093E-016  4.09393E-024  1.73621E-023  1.00892E-040  1.00000E-040  6.26438E-032  1.00000E-040  9.27164E-029  1.16293E-027  9.43771E-030  6.13547E-026  2.59805E-016  1.21844E-015  1.32109E-027  8.60451E-025  8.85629E-028  1.10008E-021  7.81987E-017  8.57019E-016  1.16094E-025  4.22640E-031  4.46721E-014  1.57096E-040  7.98092E-026  5.03508E-031  9.28567E-024  3.35246E-037  1.86902E-026  4.85943E-034  7.56784E-009  1.00000E-040  2.29296E-015  1.00000E-040  9.43137E-039  4.14195E-019  9.74379E-007  2.68946E-023  9.82506E-014  7.62440E-032  1.00000E-003  1.00000E-005  1.00000E-005  1.00000E-005  1.00000E-005  1.00000E-005  1.00000E-005  1.00000E-005  1.00000E-005  1.00000E-005  1.00000E-005  1.00000E-005  1.00000E-005  1.00000E-005  1.00000E-005  1.00000E-005  
9.95000E+001  3.60582E-008  8.16118E+011  3.20013E+002  4.06996E+005  1.00000E-040  1.00000E-040  1.00000E-040  1.00000E-040  1.00000E-040  1.00000E-040  1.00000E-040  1.00000E-040  1.00000E-040  1.00000E-040  1.00000E-040  1.00000E-040  1.00000E-040  1.00000E-040  5.38852E-024  1.00000E-040  1.46790E-039  8.94930E-006  1.09580E-006  5.76260E-008  1.66958E-011  2.17372E-001  1.55702E-001  2.28895E-005  5.35571E-005  5.61464E-015  1.29188E-012  2.84610E-012  1.43246E-016  6.04892E-016  3.35621E-015  5.04009E-009  2.40634E-017  5.89708E-037  7.07493E-037  1.25419E-036  1.00000E-040  2.31414E-037  3.42463E-028  2.33738E-014  4.82881E-016  6.09054E-025  1.00000E-040  1.66151E-027  1.25380E-015  6.57665E-010  1.00762E-003  6.25824E-001  5.78458E-013  4.60397E-022  5.62725E-021  6.26389E-028  4.61003E-030  2.39729E-024  2.69357E-022  8.63174E-007  2.32540E-012  4.84720E-015  2.68684E-016  3.19571E-010  2.46841E-022  2.01799E-009  5.75058E-015  5.53487E-023  6.88792E-020  1.00665E-015  8.98540E-028  4.76509E-021  1.99317E-030  1.11936E-030  4.18278E-036  1.00000E-040  1.00000E-040  7.60400E-022  2.36526E-020  7.60332E-016  5.79638E-024  2.27294E-023  1.00000E-040  1.00000E-040  5.68755E-032  1.00000E-040  5.03195E-029  1.24590E-027  1.18694E-029  1.01515E-025  3.78442E-016  1.53130E-015  1.25093E-027  2.09091E-024  9.63473E-028  1.25787E-021  1.07513E-016  5.60678E-015  1.24067E-025  3.89760E-031  4.18280E-014  1.74487E-040  1.31528E-025  6.93430E-031  8.69638E-024  1.78574E-039  2.64196E-026  9.46639E-034  1.08210E-008  1.00000E-040  2.08802E-015  1.00000E-040  4.26519E-039  3.66381E-019  6.66731E-006  5.17201E-023  9.21193E-014  6.87471E-032  1.00000E-003  1.00000E-005  1.00000E-005  1.00000E-005  1.00000E-005  1.00000E-005  1.00000E-005  1.00000E-005  1.00000E-005  1.00000E-005  1.00000E-005  1.00000E-005  1.00000E-005  1.00000E-005  1.00000E-005  1.00000E-005  
