alt           press         den           temp          eddy          H2Oaer        CO2aer        S8aer         H2SO4aer      NH3aer        N2Oaer        C2H2aer       C2H4aer       C2H6aer       CH3CNaer      HCCCNaer      HCNaer        CH4aer        HCaer1        HCaer2        HCaer3        He            H             H2            H2O           OH            O             O2            CO            CO2           HCO           H2CO          C             CH            CH2           CH3           CH4           S             S2            S3            S4            S8            H2S           HS            SO            SO2           CS            CS2           OCS           CN            HCN           N             N2            NH            NH2           NH3           C2            C2H           C2H2          C2H4          NO            HNO           HO2           HNCO          N2O           H2O2          O3            NO2           NO3           SO3           HNO2          HNO3          H2SO4         HCl           Cl            Cl2           HOCl          N2H4          ClO           C2H6          CH3OH         CH2CO         CH3CHO        C3H4          C3H6          C4H2          C4H4          OClO          HCS           C2H3          C2H5          NCO           1CH2          HCCO          NNH           HSO           CH3O          H2COH         H2CN          N2H2          C4H           HCNOH         C2H2OH        CH3CO         CH2CHO        C2H3OH        C2H4OH        CH3O2         HSO3          O1D           N2H3          NH2CO         HS4           C4H3          CH2N2         N2D           CH2CN         CH3CN         HCCCN         H2Oaer_r      CO2aer_r      S8aer_r       H2SO4aer_r    NH3aer_r      N2Oaer_r      C2H2aer_r     C2H4aer_r     C2H6aer_r     CH3CNaer_r    HCCCNaer_r    HCNaer_r      CH4aer_r      HCaer1_r      HCaer2_r      HCaer3_r      
5.00000E-001  1.00949E+000  2.54815E+019  2.86941E+002  1.00000E+005  6.70106E-004  1.00000E-040  1.00000E-040  7.58619E-030  1.00000E-040  1.00000E-040  1.00000E-040  1.00000E-040  1.00000E-040  1.00000E-040  1.00000E-040  1.00000E-040  1.00000E-040  1.00000E-040  1.72039E-020  1.00000E-040  1.00000E-040  2.77093E-018  4.95302E-007  6.27048E-003  9.35719E-014  1.06374E-014  2.10731E-004  3.15135E-008  2.81331E-004  3.08175E-019  2.13138E-010  1.00000E-040  1.65104E-040  1.01404E-026  7.52957E-017  8.00408E-007  2.64061E-021  1.68840E-020  1.47947E-031  9.41661E-031  8.12304E-040  4.29185E-012  1.60006E-016  1.97848E-015  2.89218E-011  2.04613E-033  2.59598E-037  3.33833E-010  2.07818E-031  4.68190E-011  2.86632E-024  9.93236E-001  7.27345E-020  1.80479E-013  4.19278E-010  1.00000E-040  3.12054E-037  1.37460E-023  3.71911E-019  1.23898E-012  9.31499E-014  1.89045E-011  1.32171E-014  2.70435E-007  2.02046E-009  3.50488E-009  7.00281E-012  1.51715E-014  4.76549E-019  1.90130E-012  1.54902E-011  3.63835E-011  1.00000E-040  1.00000E-040  1.10155E-035  1.00000E-040  1.66261E-012  1.00000E-040  1.75712E-017  1.80136E-014  1.03669E-021  1.20915E-019  1.34678E-033  1.26103E-030  1.05843E-034  3.76973E-040  1.00000E-040  7.95740E-034  3.72189E-031  2.61880E-020  3.97861E-016  2.45335E-031  5.65726E-031  2.86371E-022  2.47835E-014  1.63046E-015  2.43636E-015  7.83205E-022  1.68177E-010  1.00000E-040  7.63349E-019  2.45682E-036  2.01226E-022  3.60412E-022  4.08835E-015  5.59338E-020  5.73144E-011  3.75741E-020  3.01570E-022  7.45143E-013  4.92044E-014  8.63593E-035  2.45861E-039  8.87660E-020  1.00000E-040  2.91440E-020  3.13809E-011  4.94595E-031  1.00000E-003  1.00000E-005  1.00000E-005  1.00000E-005  1.00000E-005  1.00000E-005  1.00000E-005  1.00000E-005  1.00000E-005  1.00000E-005  1.00000E-005  1.00000E-005  1.00000E-005  1.00000E-005  1.00000E-005  1.00000E-005  
1.50000E+000  8.97167E-001  2.31645E+019  2.80522E+002  1.00000E+005  8.76243E-004  1.00000E-040  1.00000E-040  8.87208E-027  1.00000E-040  1.00000E-040  1.00000E-040  1.00000E-040  1.00000E-040  1.00000E-040  1.00000E-040  1.00000E-040  1.00000E-040  1.00000E-040  1.10709E-020  1.00000E-040  1.00000E-040  3.09413E-018  4.95421E-007  4.76558E-003  9.95716E-014  9.98912E-015  2.11038E-004  3.00139E-008  2.81765E-004  2.02018E-019  1.23047E-010  1.00000E-040  1.66598E-040  9.47965E-027  6.95227E-017  7.94993E-007  4.87581E-021  1.72083E-020  1.58793E-031  8.45387E-031  8.13533E-040  1.53872E-012  9.03755E-017  5.14357E-015  5.99015E-011  3.60083E-033  1.93101E-037  2.99298E-010  1.30141E-031  4.63651E-011  5.79890E-024  9.94740E-001  1.09544E-019  2.83499E-013  2.85362E-010  1.00000E-040  5.78013E-037  1.28371E-023  3.64777E-019  4.82082E-014  1.04779E-013  1.78456E-011  1.17240E-014  2.67592E-007  1.95055E-009  2.75353E-009  1.01825E-012  1.01229E-014  3.68844E-019  7.09746E-013  1.91618E-011  4.69686E-011  1.00000E-040  1.00000E-040  2.50571E-037  1.00000E-040  2.91282E-012  1.00000E-040  1.76600E-017  1.73068E-014  1.08199E-021  1.12159E-019  1.34756E-033  9.63494E-031  1.06003E-034  2.65683E-040  1.00000E-040  1.20298E-033  3.65207E-031  1.99647E-020  2.51802E-015  2.13928E-031  5.24059E-031  3.78393E-022  2.61595E-014  1.03119E-015  2.38871E-015  5.75132E-022  1.67965E-010  1.00000E-040  1.29543E-018  2.70114E-036  2.45359E-022  3.40354E-022  4.09454E-015  6.00641E-020  3.40856E-010  8.59270E-020  3.08056E-022  1.26013E-012  4.95392E-014  6.81102E-035  2.54760E-039  6.71545E-020  1.00000E-040  2.61052E-020  3.05209E-011  4.92329E-031  1.00000E-003  1.00000E-005  1.00000E-005  1.00000E-005  1.00000E-005  1.00000E-005  1.00000E-005  1.00000E-005  1.00000E-005  1.00000E-005  1.00000E-005  1.00000E-005  1.00000E-005  1.00000E-005  1.00000E-005  1.00000E-005  
2.50000E+000  7.95839E-001  2.09142E+019  2.75614E+002  1.00000E+005  5.93524E-004  1.00000E-040  1.00000E-040  9.31637E-024  1.00000E-040  1.00000E-040  1.00000E-040  1.00000E-040  1.00000E-040  1.00000E-040  1.00000E-040  1.00000E-040  1.00000E-040  1.00000E-040  1.35550E-020  1.00000E-040  1.00000E-040  4.21397E-018  4.95328E-007  3.76777E-003  1.27082E-013  1.21133E-014  2.11238E-004  2.83355E-008  2.82056E-004  2.26409E-019  1.10153E-010  1.00000E-040  3.15655E-040  1.35677E-026  8.14495E-017  7.89514E-007  6.87004E-021  1.57066E-020  1.34619E-031  6.00157E-031  8.14346E-040  5.05979E-013  4.52853E-017  7.01799E-015  4.08014E-011  6.22291E-033  1.13685E-037  2.64921E-010  1.08348E-031  4.59048E-011  1.14247E-023  9.95737E-001  1.39650E-019  2.93096E-013  1.81803E-010  1.00000E-040  8.65607E-037  1.13629E-023  3.39142E-019  2.43156E-014  1.24295E-013  1.92825E-011  1.09316E-014  2.64303E-007  1.99925E-009  2.69525E-009  5.50070E-013  1.12513E-014  2.87011E-019  2.72890E-013  2.11717E-011  5.31326E-011  1.00000E-040  1.00000E-040  8.98173E-037  1.00000E-040  2.51991E-012  1.00000E-040  1.79144E-017  1.73288E-014  1.22302E-021  1.08100E-019  1.34714E-033  6.51059E-031  1.06112E-034  1.68917E-040  1.00000E-040  1.86350E-033  4.13280E-031  2.16591E-020  5.05988E-015  2.89729E-031  5.88609E-031  5.47811E-022  3.43616E-014  1.32091E-015  2.36435E-015  5.32158E-022  1.60023E-010  1.00000E-040  2.33157E-018  3.30651E-036  3.44621E-022  3.22082E-022  4.09865E-015  5.86805E-020  4.31341E-010  7.66883E-020  3.81755E-022  1.15663E-012  4.97799E-014  5.71535E-035  2.68314E-039  7.27546E-020  1.00000E-040  2.20201E-020  2.96797E-011  4.84627E-031  1.00000E-003  1.00000E-005  1.00000E-005  1.00000E-005  1.00000E-005  1.00000E-005  1.00000E-005  1.00000E-005  1.00000E-005  1.00000E-005  1.00000E-005  1.00000E-005  1.00000E-005  1.00000E-005  1.00000E-005  1.00000E-005  
3.50000E+000  7.04522E-001  1.88536E+019  2.70655E+002  1.00000E+005  5.43925E-004  1.00000E-040  1.00000E-040  5.80864E-021  1.00000E-040  1.00000E-040  1.00000E-040  1.00000E-040  1.00000E-040  1.00000E-040  1.00000E-040  1.00000E-040  1.00000E-040  1.00000E-040  1.81587E-020  1.00000E-040  1.00000E-040  5.92486E-018  4.95229E-007  2.88744E-003  1.71085E-013  1.96783E-014  2.11412E-004  2.65470E-008  2.82312E-004  3.03598E-019  1.15193E-010  1.00000E-040  6.85420E-040  2.14993E-026  1.00247E-016  7.84309E-007  8.83591E-021  1.22295E-020  9.10376E-032  3.09883E-031  8.15064E-040  1.49282E-013  1.97405E-017  8.86893E-015  2.79411E-011  8.85991E-033  5.20435E-038  2.31634E-010  9.34226E-032  4.54552E-011  2.56319E-023  9.96617E-001  1.76981E-019  2.75184E-013  1.07907E-010  1.00000E-040  1.14607E-036  9.49298E-024  2.97534E-019  3.72628E-014  1.65934E-013  2.14217E-011  1.02333E-014  2.60657E-007  2.02898E-009  3.53618E-009  6.21384E-013  1.51170E-014  2.07717E-019  1.60466E-013  2.41489E-011  5.47800E-011  1.00000E-040  1.00000E-040  1.00000E-040  1.00000E-040  1.65097E-012  1.00000E-040  1.82768E-017  1.80356E-014  1.48955E-021  1.04288E-019  1.34624E-033  3.55490E-031  1.06211E-034  1.00000E-040  1.00000E-040  2.77077E-033  4.65185E-031  2.43687E-020  5.55570E-015  4.33351E-031  8.28309E-031  7.94497E-022  5.48578E-014  1.90474E-015  2.65477E-015  4.83740E-022  1.43452E-010  1.00000E-040  4.50716E-018  4.04494E-036  5.15697E-022  2.76969E-022  4.10228E-015  4.97946E-020  3.60173E-010  7.26656E-020  6.20124E-022  7.79458E-013  4.99336E-014  3.97987E-035  2.77915E-039  8.79778E-020  1.00000E-040  1.53807E-020  2.88671E-011  4.70224E-031  1.00000E-003  1.00000E-005  1.00000E-005  1.00000E-005  1.00000E-005  1.00000E-005  1.00000E-005  1.00000E-005  1.00000E-005  1.00000E-005  1.00000E-005  1.00000E-005  1.00000E-005  1.00000E-005  1.00000E-005  1.00000E-005  
4.50000E+000  6.22189E-001  1.70115E+019  2.64909E+002  1.00000E+005  5.41698E-004  1.00000E-040  1.00000E-040  1.90592E-018  1.00000E-040  1.00000E-040  1.00000E-040  1.00000E-040  1.00000E-040  1.00000E-040  1.00000E-040  1.00000E-040  1.00000E-040  1.00000E-040  6.78451E-021  1.00000E-040  1.00000E-040  7.91596E-018  4.95160E-007  2.02496E-003  2.29164E-013  3.73169E-014  2.11581E-004  2.46165E-008  2.82564E-004  3.85921E-019  1.14972E-010  1.00000E-040  1.33679E-039  3.22564E-026  1.18392E-016  7.79562E-007  1.07329E-020  7.89840E-021  4.99350E-032  1.10775E-031  8.15767E-040  4.00091E-014  1.19740E-017  1.06288E-014  1.95670E-011  1.03050E-032  2.22025E-038  2.00218E-010  7.34958E-032  4.50296E-011  6.46770E-023  9.97479E-001  2.25188E-019  2.36547E-013  5.94401E-011  2.38135E-040  1.37222E-036  7.42251E-024  2.38891E-019  7.90031E-014  2.15466E-013  2.29325E-011  9.79051E-015  2.56682E-007  1.94956E-009  5.48643E-009  7.79800E-013  2.12152E-014  1.33598E-019  2.09805E-013  2.76702E-011  5.00570E-011  1.00000E-040  1.00000E-040  1.85907E-038  1.00000E-040  8.94055E-013  1.00000E-040  1.85941E-017  1.90700E-014  1.98582E-021  9.67345E-020  1.34524E-033  1.43133E-031  1.06316E-034  1.00000E-040  1.00000E-040  3.75509E-033  4.73022E-031  2.52641E-020  5.03700E-015  6.06559E-031  1.27357E-030  1.12251E-021  9.29871E-014  2.57661E-015  3.26597E-015  3.72931E-022  1.21079E-010  1.00000E-040  9.52945E-018  4.68877E-036  7.99401E-022  2.06592E-022  4.10584E-015  3.58377E-020  2.29686E-010  7.05954E-020  1.16966E-021  4.21924E-013  5.00294E-014  2.05810E-035  2.74764E-039  1.01112E-019  1.00000E-040  8.43644E-021  2.81008E-011  4.48949E-031  1.00000E-003  1.00000E-005  1.00000E-005  1.00000E-005  1.00000E-005  1.00000E-005  1.00000E-005  1.00000E-005  1.00000E-005  1.00000E-005  1.00000E-005  1.00000E-005  1.00000E-005  1.00000E-005  1.00000E-005  1.00000E-005  
5.50000E+000  5.48044E-001  1.53373E+019  2.58811E+002  1.00000E+005  4.47863E-004  1.00000E-040  1.00000E-040  9.84262E-016  1.00000E-040  1.00000E-040  1.00000E-040  1.00000E-040  1.00000E-040  1.00000E-040  1.00000E-040  1.00000E-040  1.00000E-040  1.00000E-040  4.12040E-021  1.00000E-040  1.00000E-040  1.00974E-017  4.95029E-007  1.33613E-003  3.00894E-013  7.23763E-014  2.11714E-004  2.25410E-008  2.82766E-004  4.43131E-019  1.05035E-010  1.00000E-040  2.32944E-039  4.52872E-026  1.34232E-016  7.75241E-007  1.25873E-020  4.21229E-021  2.30258E-032  2.70530E-032  8.16327E-040  1.05632E-014  1.27676E-017  1.18360E-014  1.42809E-011  1.04377E-032  1.18277E-038  1.71238E-010  5.36701E-032  4.46313E-011  1.67518E-022  9.98168E-001  2.76072E-019  1.80745E-013  3.02518E-011  5.67986E-040  1.51455E-036  5.46056E-024  1.72360E-019  1.84122E-013  2.32402E-013  2.35122E-011  9.43617E-015  2.52363E-007  1.77998E-009  8.75931E-009  9.95029E-013  3.00117E-014  9.18185E-020  4.06946E-013  3.20357E-011  4.29331E-011  1.00000E-040  1.00000E-040  1.00000E-040  1.00000E-040  3.90566E-013  1.00000E-040  1.87019E-017  1.99884E-014  2.93488E-021  8.50143E-020  1.34425E-033  4.20006E-032  1.06417E-034  1.00000E-040  1.00000E-040  4.68635E-033  4.22121E-031  2.32087E-020  4.09070E-015  7.88536E-031  1.89158E-030  1.51527E-021  1.46517E-013  3.16431E-015  4.04720E-015  2.41047E-022  9.70387E-011  1.00000E-040  2.09396E-017  5.06921E-036  1.25318E-021  1.38958E-022  4.10869E-015  2.19277E-020  1.25842E-010  7.03908E-020  2.24364E-021  1.80466E-013  5.00854E-014  8.03322E-036  2.56905E-039  1.07827E-019  1.00000E-040  3.93939E-021  2.73930E-011  4.22282E-031  1.00000E-003  1.00000E-005  1.00000E-005  1.00000E-005  1.00000E-005  1.00000E-005  1.00000E-005  1.00000E-005  1.00000E-005  1.00000E-005  1.00000E-005  1.00000E-005  1.00000E-005  1.00000E-005  1.00000E-005  1.00000E-005  
6.50000E+000  4.81291E-001  1.38302E+019  2.52055E+002  1.00000E+005  3.48489E-004  1.00000E-040  1.00000E-040  4.07349E-013  1.00000E-040  1.00000E-040  1.00000E-040  1.00000E-040  1.00000E-040  1.00000E-040  1.00000E-040  1.00000E-040  1.00000E-040  1.00000E-040  2.00398E-021  1.00000E-040  1.00000E-040  1.19498E-017  4.94850E-007  8.14554E-004  3.76558E-013  1.33832E-013  2.11810E-004  2.04051E-008  2.82920E-004  4.57671E-019  8.90908E-011  1.00000E-040  3.27360E-039  5.51784E-026  1.39825E-016  7.71409E-007  1.44770E-020  1.91204E-021  9.44959E-033  4.80989E-033  8.16751E-040  3.60051E-015  1.72750E-017  1.26109E-014  1.10571E-011  9.38433E-033  7.85776E-039  1.45139E-010  3.40797E-032  4.42690E-011  3.97235E-022  9.98689E-001  2.98240E-019  1.14693E-013  1.41554E-011  4.58798E-040  1.60413E-036  3.92535E-024  1.11695E-019  4.09070E-013  1.87067E-013  2.27995E-011  8.74784E-015  2.47744E-007  1.52576E-009  1.34703E-008  1.26317E-012  4.00630E-014  7.76991E-020  8.19423E-013  3.64431E-011  3.23918E-011  1.00000E-040  1.00000E-040  1.00000E-040  1.00000E-040  1.25789E-013  1.00000E-040  1.84566E-017  2.03297E-014  4.73248E-021  7.03602E-020  1.34372E-033  9.21478E-033  1.06528E-034  1.00000E-040  1.00000E-040  5.25683E-033  3.20306E-031  1.84970E-020  3.01986E-015  8.78554E-031  2.64050E-030  1.96550E-021  2.11796E-013  3.57921E-015  4.89221E-015  1.28571E-022  7.51022E-011  1.00000E-040  4.84318E-017  5.20029E-036  1.98553E-021  8.49328E-023  4.11086E-015  1.15891E-020  6.48766E-011  7.15450E-020  4.10676E-021  5.62765E-014  5.01192E-014  2.58511E-036  2.26565E-039  9.93658E-020  1.00000E-040  1.66917E-021  2.67580E-011  3.93641E-031  1.00000E-003  1.00000E-005  1.00000E-005  1.00000E-005  1.00000E-005  1.00000E-005  1.00000E-005  1.00000E-005  1.00000E-005  1.00000E-005  1.00000E-005  1.00000E-005  1.00000E-005  1.00000E-005  1.00000E-005  1.00000E-005  
7.50000E+000  4.21230E-001  1.24538E+019  2.44982E+002  1.00000E+005  2.39432E-004  1.00000E-040  1.00000E-040  1.36914E-010  1.00000E-040  1.00000E-040  1.00000E-040  1.00000E-040  1.00000E-040  1.00000E-040  1.00000E-040  1.00000E-040  1.00000E-040  1.00000E-040  9.95244E-022  1.00000E-040  1.00000E-040  1.31455E-017  4.94621E-007  4.64643E-004  4.47219E-013  2.32661E-013  2.11869E-004  1.83388E-008  2.83025E-004  4.35263E-019  7.20247E-011  1.00000E-040  3.78991E-039  5.87083E-026  1.34946E-016  7.68046E-007  1.65666E-020  7.96205E-022  3.69840E-033  7.20427E-034  8.17034E-040  2.11026E-015  2.35796E-017  1.32564E-014  9.15753E-012  7.73540E-033  5.42747E-039  1.22236E-010  1.91910E-032  4.39460E-011  8.22606E-022  9.99039E-001  2.61630E-019  5.56739E-014  6.07605E-012  1.00000E-040  1.77792E-036  3.00730E-024  6.73295E-020  8.24319E-013  1.05780E-013  2.09520E-011  7.67541E-015  2.42898E-007  1.22683E-009  1.95419E-008  1.60231E-012  4.88331E-014  9.62165E-020  1.55489E-012  4.02978E-011  1.70430E-011  1.00000E-040  1.00000E-040  1.00000E-040  1.00000E-040  2.64115E-014  1.00000E-040  1.78706E-017  1.99103E-014  7.93484E-021  5.57637E-020  1.34410E-033  1.66673E-033  1.06664E-034  1.00000E-040  1.00000E-040  5.40277E-033  2.13799E-031  1.30757E-020  2.07386E-015  8.46801E-031  3.71053E-030  2.47187E-021  2.75126E-013  3.81681E-015  5.70996E-015  5.90940E-023  5.74275E-011  1.00000E-040  1.14245E-016  5.47157E-036  3.12138E-021  4.82584E-023  4.11232E-015  5.52704E-021  3.31849E-011  7.42316E-020  7.05960E-021  1.13957E-014  5.01395E-014  7.77172E-037  1.89282E-039  7.91341E-020  1.00000E-040  6.73223E-022  2.62015E-011  3.67506E-031  1.00000E-003  1.00000E-005  1.00000E-005  1.00000E-005  1.00000E-005  1.00000E-005  1.00000E-005  1.00000E-005  1.00000E-005  1.00000E-005  1.00000E-005  1.00000E-005  1.00000E-005  1.00000E-005  1.00000E-005  1.00000E-005  
8.50000E+000  3.67267E-001  1.11915E+019  2.37690E+002  1.00000E+005  1.49124E-004  1.00000E-040  1.00000E-040  2.06527E-010  1.00000E-040  1.00000E-040  1.00000E-040  1.00000E-040  1.00000E-040  1.00000E-040  1.00000E-040  1.00000E-040  1.00000E-040  1.00000E-040  1.33826E-021  1.00000E-040  1.00000E-040  1.34537E-017  4.94351E-007  2.49742E-004  5.06105E-013  3.80617E-013  2.11899E-004  1.64633E-008  2.83091E-004  3.86510E-019  5.60983E-011  1.00000E-040  3.81303E-039  5.51503E-026  1.21483E-016  7.65094E-007  1.90689E-020  3.35778E-022  1.50649E-033  1.10621E-034  8.17206E-040  1.71289E-015  3.04715E-017  1.42824E-014  8.07222E-012  6.01574E-033  3.60410E-039  1.02756E-010  9.64437E-033  4.36619E-011  1.42797E-020  9.99254E-001  1.91855E-019  2.08875E-014  2.40809E-012  1.00000E-040  2.24003E-036  2.67313E-024  3.97548E-020  1.53630E-012  4.40637E-014  1.81910E-011  6.36989E-015  2.37932E-007  9.23815E-010  2.66917E-008  2.03904E-012  5.38932E-014  1.60870E-019  2.75045E-012  4.32252E-011  7.70413E-012  1.00000E-040  1.00000E-040  2.24768E-035  1.00000E-040  3.69863E-015  1.00000E-040  1.70853E-017  1.88558E-014  1.25434E-020  4.32310E-020  1.34588E-033  2.86174E-034  1.06851E-034  1.00000E-040  1.00000E-040  5.18591E-033  1.32848E-031  8.53266E-021  1.35136E-015  7.14069E-031  5.69098E-030  3.09184E-021  3.22742E-013  3.87804E-015  6.43630E-015  2.80234E-023  4.43373E-011  1.00000E-040  2.75226E-016  6.45178E-036  4.52104E-021  2.57105E-023  4.11324E-015  2.52882E-021  1.69520E-011  7.85116E-020  1.14103E-020  1.52096E-015  5.01514E-014  2.86827E-037  1.51028E-039  5.49768E-020  1.00000E-040  2.60727E-022  2.57213E-011  3.47751E-031  1.00000E-003  1.00000E-005  1.00000E-005  1.00000E-005  1.00000E-005  1.00000E-005  1.00000E-005  1.00000E-005  1.00000E-005  1.00000E-005  1.00000E-005  1.00000E-005  1.00000E-005  1.00000E-005  1.00000E-005  1.00000E-005  
9.50000E+000  3.18900E-001  1.00225E+019  2.30459E+002  9.61769E+004  8.18848E-005  1.00000E-040  1.00000E-040  7.32193E-010  1.00000E-040  1.00000E-040  1.00000E-040  1.00000E-040  1.00000E-040  1.00000E-040  1.00000E-040  1.00000E-040  1.00000E-040  1.00000E-040  1.09685E-019  1.00000E-040  1.00000E-040  1.33037E-017  4.94033E-007  1.30211E-004  5.59210E-013  5.93642E-013  2.11908E-004  1.48378E-008  2.83129E-004  3.31983E-019  4.28659E-011  1.00000E-040  4.04955E-039  4.87476E-026  1.05846E-016  7.62399E-007  2.21894E-020  1.53411E-022  6.75354E-034  1.98537E-035  8.17299E-040  1.42462E-015  3.65357E-017  1.59580E-014  7.42169E-012  4.66736E-033  2.33541E-039  8.65876E-011  4.54492E-033  4.34064E-011  4.13017E-019  9.99373E-001  1.35762E-019  6.83914E-015  8.94667E-013  1.00000E-040  3.18805E-036  2.73616E-024  2.38972E-020  2.66666E-012  1.63088E-014  1.51072E-011  5.11448E-015  2.32880E-007  6.59601E-010  3.45651E-008  2.55880E-012  5.50666E-014  2.94982E-019  4.49626E-012  4.52844E-011  4.55377E-012  1.00000E-040  1.00000E-040  1.00000E-040  1.00000E-040  4.00630E-016  1.00000E-040  1.62779E-017  1.75740E-014  1.56876E-020  3.35537E-020  1.34960E-033  5.50072E-035  1.07129E-034  1.00000E-040  1.00000E-040  4.84864E-033  8.20660E-032  5.43067E-021  8.72877E-016  5.63295E-031  9.47243E-030  3.94368E-021  3.41424E-013  3.84896E-015  6.99883E-015  6.18689E-023  3.49579E-011  1.00000E-040  6.73767E-016  8.62730E-036  4.92193E-021  1.33366E-023  4.11377E-015  1.17372E-021  8.82861E-012  8.47742E-020  1.75259E-020  1.51931E-016  5.01579E-014  3.31139E-037  1.17339E-039  3.53829E-020  1.00000E-040  1.00358E-022  2.52996E-011  3.35779E-031  1.00000E-003  1.00000E-005  1.00000E-005  1.00000E-005  1.00000E-005  1.00000E-005  1.00000E-005  1.00000E-005  1.00000E-005  1.00000E-005  1.00000E-005  1.00000E-005  1.00000E-005  1.00000E-005  1.00000E-005  1.00000E-005  
1.05000E+001  2.75725E-001  8.92760E+018  2.23696E+002  6.85565E+004  3.41908E-005  1.00000E-040  1.00000E-040  2.39416E-008  1.00000E-040  1.00000E-040  1.00000E-040  1.00000E-040  1.00000E-040  1.00000E-040  1.00000E-040  1.00000E-040  1.00000E-040  1.00000E-040  6.04666E-018  1.00000E-040  1.00000E-040  1.34693E-017  4.93588E-007  6.95684E-005  6.27893E-013  9.21739E-013  2.11903E-004  1.32957E-008  2.83151E-004  2.91247E-019  3.30553E-011  1.00000E-040  5.70898E-039  4.50439E-026  9.48476E-017  7.59391E-007  2.55974E-020  7.17315E-023  3.05331E-034  5.29786E-036  8.17343E-040  1.06134E-015  3.89920E-017  1.76204E-014  6.83826E-012  3.75902E-033  1.46176E-039  7.18030E-011  2.19221E-033  4.31300E-011  3.96701E-018  9.99434E-001  1.00794E-019  1.93383E-015  2.91638E-013  9.89251E-038  4.75046E-036  2.97472E-024  1.45338E-020  4.30411E-012  6.32310E-015  1.22956E-011  4.09390E-015  2.26982E-007  4.46427E-010  4.39329E-008  3.14044E-012  5.58947E-014  5.32037E-019  6.85905E-012  4.72774E-011  4.34511E-012  1.00000E-040  1.00000E-040  2.46633E-035  1.00000E-040  3.13155E-017  1.00000E-040  1.54765E-017  1.64056E-014  1.45105E-020  2.64034E-020  1.35691E-033  1.30152E-035  1.07617E-034  1.00000E-040  1.00000E-040  4.59845E-033  5.23495E-032  3.45607E-021  5.80901E-016  4.64864E-031  1.61311E-029  5.09609E-021  3.14740E-013  3.89049E-015  7.36165E-015  2.76387E-022  2.74638E-011  1.00000E-040  1.63561E-015  1.24378E-035  3.70341E-021  6.98721E-024  4.11407E-015  5.51414E-022  4.82901E-012  9.30064E-020  2.65952E-020  1.05525E-017  5.01613E-014  1.22036E-036  8.88819E-040  2.32862E-020  1.00000E-040  3.97420E-023  2.48573E-011  3.29531E-031  1.00000E-003  1.00000E-005  1.00000E-005  1.00000E-005  1.00000E-005  1.00000E-005  1.00000E-005  1.00000E-005  1.00000E-005  1.00000E-005  1.00000E-005  1.00000E-005  1.00000E-005  1.00000E-005  1.00000E-005  1.00000E-005  
1.15000E+001  2.37420E-001  7.89388E+018  2.17843E+002  2.37960E+004  8.18565E-006  1.00000E-040  1.00000E-040  1.25074E-008  1.00000E-040  1.00000E-040  1.00000E-040  1.00000E-040  1.00000E-040  1.00000E-040  1.00000E-040  1.00000E-040  1.00000E-040  1.00000E-040  5.68060E-018  1.00000E-040  1.00000E-040  1.42720E-017  4.92569E-007  3.97576E-005  7.50031E-013  1.59166E-012  2.11877E-004  1.11379E-008  2.83167E-004  2.77690E-019  2.66007E-011  1.00000E-040  1.16883E-038  4.90867E-026  9.35845E-017  7.53625E-007  2.62026E-020  2.43370E-023  8.75470E-035  1.53228E-036  8.17354E-040  5.38400E-016  2.95080E-017  1.56928E-014  5.63127E-012  2.87051E-033  6.62664E-040  5.20974E-011  1.20344E-033  4.26226E-011  1.89389E-017  9.99464E-001  8.13574E-020  2.90316E-016  5.42865E-014  3.14579E-039  6.81175E-036  3.13592E-024  8.09958E-021  6.71468E-012  2.91251E-015  9.84917E-012  3.42254E-015  2.15960E-007  2.59852E-010  6.05943E-008  4.05151E-012  6.54103E-014  8.57668E-019  1.04110E-011  5.29793E-011  6.92549E-012  1.00000E-040  1.00000E-040  1.00000E-040  1.00000E-040  8.81373E-019  1.00000E-040  1.43905E-017  1.55575E-014  1.09328E-020  2.08412E-020  1.37847E-033  3.45209E-036  1.09030E-034  1.00000E-040  1.00000E-040  4.28588E-033  3.28480E-032  2.06462E-021  3.84766E-016  4.56766E-031  2.73334E-029  5.87544E-021  2.03258E-013  4.19845E-015  7.55512E-015  7.25517E-022  1.86430E-011  1.00000E-040  3.85165E-015  1.82362E-035  2.18987E-021  3.49141E-024  4.11430E-015  2.24745E-022  2.72915E-012  9.62066E-020  4.43541E-020  2.52343E-019  5.01631E-014  9.03810E-036  5.96754E-040  1.76538E-020  1.00000E-040  1.51674E-023  2.40771E-011  3.23628E-031  1.00000E-003  1.00000E-005  1.00000E-005  1.00000E-005  1.00000E-005  1.00000E-005  1.00000E-005  1.00000E-005  1.00000E-005  1.00000E-005  1.00000E-005  1.00000E-005  1.00000E-005  1.00000E-005  1.00000E-005  1.00000E-005  
1.25000E+001  2.03700E-001  6.92055E+018  2.13190E+002  1.42829E+004  2.00166E-006  1.00000E-040  1.00000E-040  6.57401E-009  1.00000E-040  1.00000E-040  1.00000E-040  1.00000E-040  1.00000E-040  1.00000E-040  1.00000E-040  1.00000E-040  1.00000E-040  1.00000E-040  5.01886E-018  1.00000E-040  1.00000E-040  1.53626E-017  4.90084E-007  2.35251E-005  9.48359E-013  3.03410E-012  2.11821E-004  8.40503E-009  2.83185E-004  2.94320E-019  2.28839E-011  1.00000E-040  2.66484E-038  6.38365E-026  1.02719E-016  7.41346E-007  2.06157E-020  4.59367E-024  1.06643E-035  1.92008E-036  8.17334E-040  1.53121E-016  1.35200E-017  9.67789E-015  3.48755E-012  1.84278E-033  1.73247E-040  2.88641E-011  7.85345E-034  4.15966E-011  5.80981E-017  9.99480E-001  8.26644E-020  1.96215E-017  4.91079E-015  1.85353E-039  8.46310E-036  2.86651E-024  4.29841E-021  1.04748E-011  2.25697E-015  7.75407E-012  3.03605E-015  1.94607E-007  1.35336E-010  8.91591E-008  5.72867E-012  9.15212E-014  1.16590E-018  1.55192E-011  6.75069E-011  8.39847E-012  1.00000E-040  1.00000E-040  1.00000E-040  1.00000E-040  7.92646E-021  1.00000E-040  1.31749E-017  1.60698E-014  8.01688E-021  1.69396E-020  1.44578E-033  1.05800E-036  1.13421E-034  1.00000E-040  1.00000E-040  3.47196E-033  2.10306E-032  1.17804E-021  2.44994E-016  5.44803E-031  3.87144E-029  5.07027E-021  7.69072E-014  4.82429E-015  7.49447E-015  1.24942E-021  9.47079E-012  1.00000E-040  8.23069E-015  2.39220E-035  1.21649E-021  1.66049E-024  4.11466E-015  8.27223E-023  1.58230E-012  7.81464E-020  8.06244E-020  1.76964E-021  5.01641E-014  1.22414E-034  3.64046E-040  1.60348E-020  1.00000E-040  5.57697E-024  2.25802E-011  3.02572E-031  1.00000E-003  1.00000E-005  1.00000E-005  1.00000E-005  1.00000E-005  1.00000E-005  1.00000E-005  1.00000E-005  1.00000E-005  1.00000E-005  1.00000E-005  1.00000E-005  1.00000E-005  1.00000E-005  1.00000E-005  1.00000E-005  
1.35000E+001  1.74248E-001  6.02372E+018  2.09517E+002  6.95701E+003  4.97125E-007  1.00000E-040  1.00000E-040  2.59937E-009  1.00000E-040  1.00000E-040  1.00000E-040  1.00000E-040  1.00000E-040  1.00000E-040  1.00000E-040  1.00000E-040  1.00000E-040  1.00000E-040  4.23482E-018  1.00000E-040  1.00000E-040  1.79808E-017  4.84988E-007  1.59909E-005  1.26847E-012  5.70027E-012  2.11736E-004  6.06113E-009  2.83210E-004  3.41883E-019  2.07230E-011  1.00000E-040  5.39958E-038  9.74891E-026  1.23678E-016  7.18932E-007  1.14572E-020  4.54785E-025  3.39850E-037  1.00000E-040  8.17269E-040  2.97042E-017  4.32546E-018  4.20496E-015  1.46867E-012  9.96761E-034  1.00000E-040  1.12645E-011  5.96985E-034  3.98333E-011  1.36638E-016  9.99488E-001  9.55691E-020  1.36895E-018  4.54017E-016  1.51922E-039  9.93259E-036  2.46801E-024  2.60121E-021  1.59476E-011  2.20833E-015  6.40395E-012  2.80941E-015  1.61718E-007  7.54477E-011  1.24895E-007  8.17056E-012  1.33346E-013  9.67640E-019  2.20848E-011  9.03405E-011  8.06829E-012  1.00000E-040  1.00000E-040  1.00000E-040  1.00000E-040  3.21108E-023  1.00000E-040  1.26104E-017  1.85568E-014  6.63145E-021  1.50125E-020  1.62459E-033  4.61673E-037  1.24785E-034  1.00000E-040  1.00000E-040  2.20524E-033  1.64054E-032  7.58819E-022  1.59607E-016  7.74873E-031  4.46644E-029  3.05984E-021  1.92942E-014  5.84266E-015  7.12144E-015  1.83645E-021  3.34987E-012  1.00000E-040  1.59819E-014  3.05539E-035  7.83413E-022  8.92814E-025  4.11530E-015  3.66920E-023  9.98778E-013  4.50833E-020  1.43464E-019  5.37007E-024  5.01645E-014  2.85157E-033  2.53490E-040  1.71510E-020  1.00000E-040  2.30712E-024  2.01847E-011  2.60778E-031  1.00000E-003  1.00000E-005  1.00000E-005  1.00000E-005  1.00000E-005  1.00000E-005  1.00000E-005  1.00000E-005  1.00000E-005  1.00000E-005  1.00000E-005  1.00000E-005  1.00000E-005  1.00000E-005  1.00000E-005  1.00000E-005  
1.45000E+001  1.48679E-001  5.21765E+018  2.06391E+002  5.42540E+003  1.75963E-007  1.00000E-040  1.00000E-040  9.12956E-010  1.00000E-040  1.00000E-040  1.00000E-040  1.00000E-040  1.00000E-040  1.00000E-040  1.00000E-040  1.00000E-040  1.00000E-040  1.00000E-040  3.44890E-018  1.00000E-040  1.00000E-040  2.26312E-017  4.75885E-007  1.16492E-005  1.68511E-012  1.00464E-011  2.11628E-004  4.67840E-009  2.83245E-004  3.93848E-019  1.85999E-011  1.00000E-040  1.00543E-037  1.49237E-025  1.49295E-016  6.82817E-007  4.29042E-021  2.15553E-026  1.00000E-040  1.00000E-040  8.17138E-040  4.53075E-018  1.06608E-018  1.32687E-015  4.15282E-013  3.86493E-034  1.00000E-040  2.86236E-012  4.68309E-034  3.71797E-011  2.81036E-016  9.99492E-001  1.08357E-019  4.83307E-019  2.01068E-016  1.44968E-039  1.28537E-035  2.33647E-024  1.85091E-021  2.35080E-011  2.21309E-015  5.42635E-012  2.52325E-015  1.20247E-007  4.54572E-011  1.59244E-007  1.08146E-011  1.75829E-013  4.96266E-019  3.00235E-011  1.10199E-010  4.47939E-012  1.00000E-040  1.00000E-040  1.00000E-040  1.00000E-040  3.67429E-025  1.00000E-040  1.32358E-017  2.19194E-014  6.26326E-021  1.47501E-020  2.05027E-033  2.57691E-037  1.50488E-034  1.00000E-040  1.00000E-040  9.52829E-034  1.50299E-032  5.69532E-022  1.02282E-016  1.11407E-030  4.90406E-029  1.19946E-021  3.56315E-015  6.92691E-015  6.54770E-015  2.52375E-021  7.97428E-013  1.00000E-040  2.80085E-014  4.20739E-035  5.93447E-022  5.58030E-025  4.11646E-015  2.00901E-023  6.54621E-013  1.72041E-020  2.39536E-019  4.24024E-026  5.01642E-014  6.42794E-034  2.22539E-040  1.83789E-020  1.00000E-040  1.06382E-024  1.69116E-011  2.23665E-031  1.00000E-003  1.00000E-005  1.00000E-005  1.00000E-005  1.00000E-005  1.00000E-005  1.00000E-005  1.00000E-005  1.00000E-005  1.00000E-005  1.00000E-005  1.00000E-005  1.00000E-005  1.00000E-005  1.00000E-005  1.00000E-005  
1.55000E+001  1.26575E-001  4.50352E+018  2.03569E+002  4.40851E+003  8.65138E-008  1.00000E-040  1.00000E-040  2.57167E-010  1.00000E-040  1.00000E-040  1.00000E-040  1.00000E-040  1.00000E-040  1.00000E-040  1.00000E-040  1.00000E-040  1.00000E-040  1.00000E-040  2.73104E-018  1.00000E-040  1.00000E-040  3.10415E-017  4.63371E-007  8.97680E-006  2.22645E-012  1.65476E-011  2.11512E-004  4.07970E-009  2.83286E-004  4.47458E-019  1.64662E-011  1.00000E-040  1.84667E-037  2.27179E-025  1.79580E-016  6.37420E-007  1.19629E-021  5.87884E-028  1.00000E-040  1.00000E-040  8.16944E-040  6.30079E-019  2.31072E-019  3.40597E-016  8.80070E-014  1.17480E-034  1.00000E-040  5.20311E-013  3.70831E-034  3.40743E-011  5.31704E-016  9.99495E-001  1.18914E-019  2.92087E-019  1.41649E-016  2.81724E-039  1.88143E-035  2.50149E-024  1.52833E-021  3.10089E-011  2.08520E-015  4.73657E-012  2.19221E-015  8.22790E-008  2.97212E-011  1.84424E-007  1.20121E-011  2.02114E-013  1.74963E-019  3.62291E-011  1.11180E-010  1.82976E-012  1.00000E-040  1.00000E-040  1.00000E-040  1.00000E-040  8.16528E-026  1.00000E-040  1.50062E-017  2.57643E-014  6.54788E-021  1.57320E-020  2.85986E-033  1.78301E-037  1.95949E-034  1.00000E-040  1.00000E-040  3.06373E-034  1.59421E-032  4.92038E-022  6.73979E-017  1.59980E-030  5.59075E-029  3.58480E-022  5.56938E-016  8.06824E-015  5.88366E-015  3.40116E-021  1.47653E-013  1.00000E-040  4.59170E-014  6.47304E-035  5.19658E-022  4.09390E-025  4.11815E-015  1.35108E-023  4.57008E-013  4.86625E-021  3.74602E-019  7.73056E-027  5.01634E-014  3.52574E-032  2.44207E-040  1.95235E-020  1.00000E-040  5.55659E-025  1.35102E-011  1.95419E-031  1.00000E-003  1.00000E-005  1.00000E-005  1.00000E-005  1.00000E-005  1.00000E-005  1.00000E-005  1.00000E-005  1.00000E-005  1.00000E-005  1.00000E-005  1.00000E-005  1.00000E-005  1.00000E-005  1.00000E-005  1.00000E-005  
1.65000E+001  1.07535E-001  3.87274E+018  2.01117E+002  3.94335E+003  4.76590E-008  1.00000E-040  1.00000E-040  6.32345E-011  1.00000E-040  1.00000E-040  1.00000E-040  1.00000E-040  1.00000E-040  1.00000E-040  1.00000E-040  1.00000E-040  1.00000E-040  1.00000E-040  2.10410E-018  1.00000E-040  1.00000E-040  4.59720E-017  4.47391E-007  7.27855E-006  3.03154E-012  2.67519E-011  2.11383E-004  3.75689E-009  2.83333E-004  5.22896E-019  1.46296E-011  1.00000E-040  3.55460E-037  3.70024E-025  2.23199E-016  5.83577E-007  2.41959E-022  8.52873E-030  1.00000E-040  1.00000E-040  8.16676E-040  7.11000E-020  3.95470E-020  6.53600E-017  1.34291E-014  2.78079E-035  1.00000E-040  6.72539E-014  3.11083E-034  3.06414E-011  9.36562E-016  9.99497E-001  1.31341E-019  1.83593E-019  1.00937E-016  9.76800E-036  2.94645E-035  2.87301E-024  1.43122E-021  3.50782E-011  1.73933E-015  4.29158E-012  1.91959E-015  5.17846E-008  2.11459E-011  2.02669E-007  1.10166E-011  2.13201E-013  4.32175E-020  3.71809E-011  9.43809E-011  5.82856E-013  1.00000E-040  1.00000E-040  1.00000E-040  1.00000E-040  2.26761E-026  1.00000E-040  1.81638E-017  3.12700E-014  7.47435E-021  1.81450E-020  4.34980E-033  1.52092E-037  2.72621E-034  1.00000E-040  1.00000E-040  7.41759E-035  1.98390E-032  4.78667E-022  4.51511E-017  2.47330E-030  6.64626E-029  8.47967E-023  6.61570E-017  9.53348E-015  5.15913E-015  4.50085E-021  2.14468E-014  1.00000E-040  7.22447E-014  1.09053E-034  5.15573E-022  3.34597E-025  4.12044E-015  1.07769E-023  3.39941E-013  1.01386E-021  5.74395E-019  1.87302E-027  5.01623E-014  1.00000E-040  3.13071E-040  2.21614E-020  1.00000E-040  3.10701E-025  1.02308E-011  1.80358E-031  1.00000E-003  1.00000E-005  1.00000E-005  1.00000E-005  1.00000E-005  1.00000E-005  1.00000E-005  1.00000E-005  1.00000E-005  1.00000E-005  1.00000E-005  1.00000E-005  1.00000E-005  1.00000E-005  1.00000E-005  1.00000E-005  
1.75000E+001  9.11991E-002  3.31638E+018  1.99179E+002  3.89374E+003  2.59334E-008  1.00000E-040  1.00000E-040  1.44070E-011  1.00000E-040  1.00000E-040  1.00000E-040  1.00000E-040  1.00000E-040  1.00000E-040  1.00000E-040  1.00000E-040  1.00000E-040  1.00000E-040  1.57915E-018  1.00000E-040  1.00000E-040  7.46564E-017  4.29022E-007  6.34300E-006  4.40820E-012  4.34190E-011  2.11249E-004  3.44855E-009  2.83382E-004  6.58648E-019  1.32862E-011  1.00000E-040  7.62804E-037  7.00668E-025  2.99745E-016  5.25111E-007  3.61928E-023  6.98963E-032  8.56849E-037  9.59435E-036  8.16341E-040  6.16829E-021  5.13979E-021  9.12276E-018  1.47592E-015  5.51819E-036  1.00000E-040  6.46692E-015  2.95490E-034  2.71549E-011  1.53742E-015  9.99498E-001  1.51703E-019  1.17705E-019  7.40630E-017  2.81571E-039  4.89323E-035  3.51716E-024  1.56454E-021  3.38463E-011  1.29408E-015  4.05926E-012  1.76560E-015  3.06538E-008  1.67530E-011  2.13966E-007  8.37492E-012  2.06086E-013  7.62259E-021  3.21945E-011  6.99253E-011  1.56212E-013  1.00000E-040  1.00000E-040  3.71602E-040  1.00000E-040  6.16429E-027  1.00000E-040  2.36219E-017  4.09928E-014  9.43889E-021  2.29761E-020  6.96966E-033  1.74167E-037  3.93570E-034  1.00000E-040  1.00000E-040  1.44515E-035  3.09399E-032  5.36662E-022  3.06989E-017  4.48961E-030  8.32917E-029  1.65431E-023  5.69468E-018  1.18479E-014  4.41699E-015  5.99743E-021  2.48917E-015  1.00000E-040  1.10157E-013  2.06021E-034  5.94478E-022  3.05224E-025  4.12329E-015  1.06290E-023  2.70180E-013  1.60756E-022  8.80262E-019  4.65147E-028  5.01612E-014  3.98508E-032  4.52461E-040  2.93086E-020  1.00000E-040  1.88027E-025  7.36513E-012  1.38780E-031  1.00000E-003  1.00000E-005  1.00000E-005  1.00000E-005  1.00000E-005  1.00000E-005  1.00000E-005  1.00000E-005  1.00000E-005  1.00000E-005  1.00000E-005  1.00000E-005  1.00000E-005  1.00000E-005  1.00000E-005  1.00000E-005  
1.85000E+001  7.72383E-002  2.82942E+018  1.97721E+002  3.93732E+003  1.30418E-008  1.00000E-040  1.00000E-040  3.09647E-012  1.00000E-040  1.00000E-040  1.00000E-040  1.00000E-040  1.00000E-040  1.00000E-040  1.00000E-040  1.00000E-040  1.00000E-040  1.00000E-040  1.14183E-018  1.00000E-040  1.00000E-040  1.33404E-016  4.09497E-007  5.93475E-006  6.83809E-012  7.09857E-011  2.11122E-004  3.07600E-009  2.83431E-004  8.90557E-019  1.22232E-011  1.00000E-040  1.90017E-036  1.53980E-024  4.34740E-016  4.65300E-007  4.09047E-024  1.88902E-034  1.00000E-040  1.00000E-040  8.15948E-040  3.94094E-022  4.97206E-022  9.21642E-019  1.18854E-016  9.29785E-037  1.00000E-040  4.78846E-016  3.18352E-034  2.38111E-011  2.32462E-015  9.99498E-001  1.83076E-019  7.57497E-020  5.62005E-017  2.82218E-039  8.52550E-035  4.55421E-024  1.97635E-021  2.89483E-011  8.88391E-016  3.92082E-012  1.70710E-015  1.73914E-008  1.50569E-011  2.15746E-007  5.44429E-012  1.73829E-013  9.75797E-022  2.44437E-011  4.66733E-011  3.84333E-014  1.00000E-040  1.00000E-040  2.61861E-040  1.00000E-040  1.58606E-027  1.00000E-040  3.27706E-017  5.81463E-014  1.30164E-020  3.15775E-020  1.15976E-032  2.63433E-037  5.78962E-034  1.00000E-040  1.00000E-040  2.31378E-036  5.97720E-032  6.85554E-022  2.06513E-017  9.55170E-030  1.08880E-028  2.63865E-024  3.45448E-019  1.54656E-014  3.70415E-015  7.92468E-021  2.29020E-016  1.00000E-040  1.63219E-013  4.32673E-034  7.83998E-022  3.10859E-025  4.12663E-015  1.27810E-023  2.23292E-013  1.96994E-023  1.35064E-018  1.14280E-028  5.01603E-014  1.00000E-040  7.25339E-040  4.51346E-020  1.00000E-040  1.22990E-025  5.03618E-012  2.46674E-031  1.00000E-003  1.00000E-005  1.00000E-005  1.00000E-005  1.00000E-005  1.00000E-005  1.00000E-005  1.00000E-005  1.00000E-005  1.00000E-005  1.00000E-005  1.00000E-005  1.00000E-005  1.00000E-005  1.00000E-005  1.00000E-005  
1.95000E+001  6.53439E-002  2.40842E+018  1.96512E+002  4.20491E+003  6.78556E-009  1.00000E-040  1.00000E-040  6.59190E-013  1.00000E-040  1.00000E-040  1.00000E-040  1.00000E-040  1.00000E-040  1.00000E-040  1.00000E-040  1.00000E-040  1.00000E-040  1.00000E-040  7.82398E-019  1.00000E-040  1.00000E-040  2.58600E-016  3.90179E-007  5.79161E-006  1.09328E-011  1.15880E-010  2.11012E-004  2.67725E-009  2.83476E-004  1.23155E-018  1.11015E-011  1.00000E-040  5.59751E-036  3.62220E-024  6.52411E-016  4.06950E-007  3.60124E-025  1.00000E-040  1.00000E-040  1.00000E-040  8.15501E-040  1.84518E-023  3.60529E-023  6.88820E-020  7.32683E-018  1.27758E-037  1.00000E-040  2.81783E-017  3.64744E-034  2.07539E-011  3.14557E-015  9.99499E-001  2.20310E-019  4.74464E-020  4.25945E-017  3.45439E-039  1.50889E-034  6.05953E-024  2.70806E-021  2.31681E-011  5.79330E-016  3.76110E-012  1.65534E-015  9.58953E-009  1.57068E-011  2.05910E-007  3.17316E-012  1.22490E-013  9.36843E-023  1.72380E-011  2.86398E-011  9.03621E-015  1.00000E-040  1.00000E-040  1.40498E-040  1.00000E-040  3.74314E-028  1.00000E-040  4.71555E-017  8.57291E-014  1.87584E-020  4.51907E-020  2.00555E-032  4.60430E-037  8.60006E-034  1.00000E-040  1.00000E-040  2.99726E-037  1.29414E-031  9.41839E-022  1.33308E-017  2.18656E-029  1.43702E-028  3.37843E-025  1.49057E-020  2.04803E-014  3.05533E-015  9.73187E-021  1.66967E-017  1.00000E-040  2.33739E-013  9.54700E-034  1.10847E-021  3.47842E-025  4.13042E-015  1.71696E-023  1.85186E-013  1.88849E-024  2.05175E-018  2.64289E-029  5.01599E-014  1.00000E-040  1.27369E-039  7.44840E-020  1.00000E-040  8.47133E-026  3.26747E-012  2.61130E-031  1.00000E-003  1.00000E-005  1.00000E-005  1.00000E-005  1.00000E-005  1.00000E-005  1.00000E-005  1.00000E-005  1.00000E-005  1.00000E-005  1.00000E-005  1.00000E-005  1.00000E-005  1.00000E-005  1.00000E-005  1.00000E-005  
2.05000E+001  5.52333E-002  2.04527E+018  1.95599E+002  4.72335E+003  5.06034E-010  1.00000E-040  1.00000E-040  1.38263E-013  1.00000E-040  1.00000E-040  1.00000E-040  1.00000E-040  1.00000E-040  1.00000E-040  1.00000E-040  1.00000E-040  1.00000E-040  1.00000E-040  5.09872E-019  1.00000E-040  1.00000E-040  5.42284E-016  3.72957E-007  5.89459E-006  1.74642E-011  1.85197E-010  2.10929E-004  2.32266E-009  2.83516E-004  1.69527E-018  9.93242E-012  1.00000E-040  2.03410E-035  8.67688E-024  9.93269E-016  3.53759E-007  2.63390E-026  2.09559E-034  4.88806E-037  5.48911E-036  8.15021E-040  6.94056E-025  2.09543E-024  4.04218E-021  3.75495E-019  1.48062E-038  1.00000E-040  1.40763E-018  4.38789E-034  1.81478E-011  3.70075E-015  9.99499E-001  2.56060E-019  2.88527E-020  3.13882E-017  4.27941E-039  2.70159E-034  8.25872E-024  3.89733E-021  1.83136E-011  3.76754E-016  3.62312E-012  1.56566E-015  5.27694E-009  1.88294E-011  1.84809E-007  1.78154E-012  7.44124E-014  7.17164E-024  1.19118E-011  1.68560E-011  2.34859E-015  1.00000E-040  1.00000E-040  5.79099E-040  1.00000E-040  8.29311E-029  1.00000E-040  6.90236E-017  1.28599E-013  2.75857E-020  6.59302E-020  3.57956E-032  8.73086E-037  1.27295E-033  1.00000E-040  1.00000E-040  3.28722E-038  2.94887E-031  1.35114E-021  8.39758E-018  5.13035E-029  1.92920E-028  3.51233E-026  4.96582E-022  2.68363E-014  2.48988E-015  1.07989E-020  1.00857E-018  1.00000E-040  3.10767E-013  2.13461E-033  1.62630E-021  4.36051E-025  4.13451E-015  2.46649E-023  1.55057E-013  1.48852E-025  2.99786E-018  5.83841E-030  5.01599E-014  4.73534E-033  2.46154E-039  1.25460E-019  1.00000E-040  6.37424E-026  2.04105E-012  2.98110E-031  1.00000E-003  1.00000E-005  1.00000E-005  1.00000E-005  1.00000E-005  1.00000E-005  1.00000E-005  1.00000E-005  1.00000E-005  1.00000E-005  1.00000E-005  1.00000E-005  1.00000E-005  1.00000E-005  1.00000E-005  1.00000E-005  
2.15000E+001  4.66604E-002  1.73224E+018  1.95100E+002  5.25999E+003  1.00000E-040  1.00000E-040  1.00000E-040  2.07517E-014  1.00000E-040  1.00000E-040  1.00000E-040  1.00000E-040  1.00000E-040  1.00000E-040  1.00000E-040  1.00000E-040  1.00000E-040  1.00000E-040  3.22551E-019  1.00000E-040  1.00000E-040  1.16640E-015  3.59099E-007  6.00002E-006  2.64719E-011  2.84778E-010  2.10868E-004  2.08431E-009  2.83548E-004  2.22498E-018  8.78818E-012  1.00000E-040  8.21065E-035  1.93507E-023  1.47360E-015  3.07234E-007  1.69674E-027  1.12482E-034  3.58114E-037  4.02043E-036  8.14514E-040  2.35910E-026  1.05605E-025  2.04190E-022  1.75866E-020  1.42955E-039  1.00000E-040  6.29296E-020  5.41095E-034  1.60258E-011  3.86672E-015  9.99499E-001  2.83657E-019  1.72275E-020  2.22344E-017  8.30940E-037  4.82903E-034  1.13734E-023  5.53476E-021  1.47748E-011  2.44944E-016  3.53075E-012  1.43264E-015  2.93956E-009  2.32243E-011  1.58167E-007  1.02529E-012  4.19337E-014  5.19051E-025  8.32049E-012  9.65870E-012  1.29151E-015  1.00000E-040  1.00000E-040  1.00000E-040  1.00000E-040  1.85158E-029  1.00000E-040  1.00442E-016  1.88574E-013  4.02273E-020  9.59040E-020  6.61373E-032  1.56804E-036  1.87426E-033  1.00000E-040  1.00000E-040  3.11616E-039  6.31756E-031  1.91772E-021  5.14608E-018  1.13115E-028  2.63104E-028  3.03199E-027  1.43039E-023  3.31856E-014  2.01873E-015  1.08279E-020  5.38999E-020  1.00000E-040  3.70118E-013  4.51069E-033  2.34133E-021  5.94885E-025  4.13886E-015  3.43970E-023  1.28931E-013  1.00392E-026  4.11363E-018  1.28344E-030  5.01601E-014  4.27638E-033  5.06140E-039  1.97781E-019  1.00000E-040  5.19358E-026  1.24620E-012  4.53725E-031  1.00000E-003  1.00000E-005  1.00000E-005  1.00000E-005  1.00000E-005  1.00000E-005  1.00000E-005  1.00000E-005  1.00000E-005  1.00000E-005  1.00000E-005  1.00000E-005  1.00000E-005  1.00000E-005  1.00000E-005  1.00000E-005  
2.25000E+001  3.94101E-002  1.46351E+018  1.95043E+002  5.99062E+003  1.00000E-040  1.00000E-040  1.00000E-040  7.43051E-020  1.00000E-040  1.00000E-040  1.00000E-040  1.00000E-040  1.00000E-040  1.00000E-040  1.00000E-040  1.00000E-040  1.00000E-040  1.00000E-040  2.04610E-019  1.00000E-040  1.00000E-040  2.45680E-015  3.49406E-007  6.08741E-006  3.74741E-011  4.14873E-010  2.10822E-004  1.96746E-009  2.83572E-004  2.76111E-018  7.76543E-012  1.00000E-040  3.22909E-034  3.90064E-023  2.10020E-015  2.67602E-007  1.00840E-028  7.00140E-036  2.86733E-038  3.19109E-037  8.13982E-040  8.13032E-028  4.99815E-027  9.68526E-024  8.04548E-022  1.19262E-040  1.00000E-040  2.63733E-021  6.82801E-034  1.43491E-011  3.77553E-015  9.99499E-001  3.03177E-019  1.04431E-020  1.53608E-017  7.04451E-039  8.67180E-034  1.59095E-023  7.65985E-021  1.21956E-011  1.59904E-016  3.55490E-012  1.28644E-015  1.66867E-009  2.74428E-011  1.31087E-007  6.19331E-013  2.31506E-014  5.89997E-026  5.88847E-012  5.45209E-012  1.29130E-015  1.00000E-040  1.00000E-040  1.46737E-040  1.00000E-040  4.51956E-030  1.00000E-040  1.43469E-016  2.66426E-013  5.75707E-020  1.37740E-019  1.26615E-031  2.59701E-036  2.74710E-033  1.00000E-040  1.00000E-040  2.63803E-040  1.23725E-030  2.65962E-021  3.14181E-018  2.27701E-028  3.68625E-028  2.62504E-028  3.99860E-025  3.82087E-014  1.65204E-015  1.03392E-020  2.73034E-021  1.00000E-040  3.96767E-013  8.90047E-033  3.27290E-021  8.58275E-025  4.14349E-015  4.59464E-023  1.07129E-013  6.08477E-028  5.22831E-018  3.04331E-031  5.01605E-014  1.00000E-040  1.07460E-038  2.83741E-019  1.00000E-040  4.52080E-026  7.54335E-013  4.21676E-031  1.00000E-003  1.00000E-005  1.00000E-005  1.00000E-005  1.00000E-005  1.00000E-005  1.00000E-005  1.00000E-005  1.00000E-005  1.00000E-005  1.00000E-005  1.00000E-005  1.00000E-005  1.00000E-005  1.00000E-005  1.00000E-005  
2.35000E+001  3.32910E-002  1.23448E+018  1.95326E+002  6.81524E+003  1.00000E-040  1.00000E-040  1.00000E-040  9.73931E-020  1.00000E-040  1.00000E-040  1.00000E-040  1.00000E-040  1.00000E-040  1.00000E-040  1.00000E-040  1.00000E-040  1.00000E-040  1.00000E-040  1.32442E-019  1.00000E-040  1.00000E-040  4.92466E-015  3.44385E-007  6.15657E-006  4.98518E-011  5.71467E-010  2.10788E-004  1.95133E-009  2.83588E-004  3.27009E-018  6.89512E-012  1.00000E-040  1.14770E-033  7.13600E-023  2.87430E-015  2.34711E-007  5.80825E-030  2.07993E-035  1.01307E-037  1.13536E-036  8.13429E-040  3.05414E-029  2.36901E-028  4.62846E-025  3.77857E-023  1.00000E-040  1.00000E-040  1.08829E-022  9.44793E-034  1.30600E-011  3.60176E-015  9.99499E-001  3.16187E-019  6.55610E-021  1.05150E-017  9.53618E-039  1.56351E-033  2.25690E-023  1.03358E-020  1.02820E-011  1.05813E-016  3.72320E-012  1.14441E-015  9.72453E-010  3.05431E-011  1.06736E-007  3.94207E-013  1.29063E-014  4.25237E-026  4.22376E-012  3.07318E-012  1.29101E-015  1.00000E-040  1.00000E-040  1.00000E-040  1.00000E-040  1.24689E-030  1.00000E-040  1.99674E-016  3.62354E-013  8.03913E-020  1.93812E-019  2.48678E-031  3.99888E-036  3.99760E-033  1.00000E-040  1.00000E-040  1.00000E-040  2.22763E-030  3.59873E-021  1.96435E-018  4.19234E-028  5.29084E-028  4.42276E-029  1.18328E-026  4.13180E-014  1.39165E-015  9.83321E-021  1.40282E-022  1.00000E-040  3.93554E-013  1.65277E-032  4.44580E-021  1.26884E-024  4.14839E-015  5.92957E-023  8.95469E-014  3.50877E-029  6.18219E-018  8.10712E-032  5.01607E-014  1.00000E-040  2.28497E-038  3.71645E-019  1.00000E-040  4.12185E-026  4.60148E-013  5.23861E-031  1.00000E-003  1.00000E-005  1.00000E-005  1.00000E-005  1.00000E-005  1.00000E-005  1.00000E-005  1.00000E-005  1.00000E-005  1.00000E-005  1.00000E-005  1.00000E-005  1.00000E-005  1.00000E-005  1.00000E-005  1.00000E-005  
2.45000E+001  2.81324E-002  1.04072E+018  1.95790E+002  7.73991E+003  1.00000E-040  1.00000E-040  1.00000E-040  2.09966E-019  1.00000E-040  1.00000E-040  1.00000E-040  1.00000E-040  1.00000E-040  1.00000E-040  1.00000E-040  1.00000E-040  1.00000E-040  1.00000E-040  8.74434E-020  1.00000E-040  1.00000E-040  9.34768E-015  3.44167E-007  6.20915E-006  6.33549E-011  7.49865E-010  2.10763E-004  2.01021E-009  2.83598E-004  3.74900E-018  6.15267E-012  1.00000E-040  3.64007E-033  1.20670E-022  3.79465E-015  2.07672E-007  3.36855E-031  1.00000E-040  1.00000E-040  1.00000E-040  8.12853E-040  1.28389E-030  1.17092E-029  2.32158E-026  1.88357E-024  1.00000E-040  1.00000E-040  4.56305E-024  2.34746E-033  1.20765E-011  3.43016E-015  9.99499E-001  3.24184E-019  4.28694E-021  7.21525E-018  1.33997E-038  2.80745E-033  3.21765E-023  1.36338E-020  8.83788E-012  7.14803E-017  4.03579E-012  1.01251E-015  5.82243E-010  3.24224E-011  8.62563E-008  2.63235E-013  7.37539E-015  6.85627E-026  3.07451E-012  1.75368E-012  1.29070E-015  1.00000E-040  1.00000E-040  1.00000E-040  1.00000E-040  3.86950E-031  1.00000E-040  2.69403E-016  4.76276E-013  1.08990E-019  2.65136E-019  4.96590E-031  5.81507E-036  5.77836E-033  1.00000E-040  1.00000E-040  1.00000E-040  3.75241E-030  4.75221E-021  1.27884E-018  7.16399E-028  7.67405E-028  2.00639E-029  3.89445E-028  4.26309E-014  1.22665E-015  9.47250E-021  7.62386E-024  1.00000E-040  3.74045E-013  2.92504E-032  5.88027E-021  1.88247E-024  4.15363E-015  7.48170E-023  7.54479E-014  2.02865E-030  6.89783E-018  2.43539E-032  5.01605E-014  1.00000E-040  4.80024E-038  4.51664E-019  1.00000E-040  3.86307E-026  2.85386E-013  6.77951E-031  1.00000E-003  1.00000E-005  1.00000E-005  1.00000E-005  1.00000E-005  1.00000E-005  1.00000E-005  1.00000E-005  1.00000E-005  1.00000E-005  1.00000E-005  1.00000E-005  1.00000E-005  1.00000E-005  1.00000E-005  1.00000E-005  
2.55000E+001  2.37840E-002  8.77762E+017  1.96257E+002  8.74643E+003  1.00000E-040  1.00000E-040  1.00000E-040  5.13287E-019  1.00000E-040  1.00000E-040  1.00000E-040  1.00000E-040  1.00000E-040  1.00000E-040  1.00000E-040  1.00000E-040  1.00000E-040  1.00000E-040  5.84328E-020  1.00000E-040  1.00000E-040  1.69213E-014  3.48765E-007  6.24701E-006  7.81696E-011  9.47451E-010  2.10743E-004  2.12235E-009  2.83602E-004  4.20774E-018  5.49895E-012  1.00000E-040  1.04191E-032  1.91644E-022  4.84643E-015  1.85537E-007  2.36272E-032  4.34694E-037  2.61013E-039  2.92309E-038  8.12251E-040  7.67553E-032  7.89716E-031  1.62283E-027  1.42086E-025  1.00000E-040  1.00000E-040  1.98800E-025  1.40477E-032  1.13258E-011  3.29079E-015  9.99499E-001  3.27816E-019  2.91144E-021  4.99619E-018  1.92581E-038  4.94243E-033  4.53499E-023  1.74972E-020  7.75404E-012  4.94947E-017  4.48535E-012  8.90494E-016  3.57906E-010  3.34345E-011  6.96660E-008  1.83895E-013  4.36433E-015  1.16570E-025  2.28154E-012  1.02779E-012  1.29035E-015  1.00000E-040  1.00000E-040  3.69444E-040  1.00000E-040  1.32298E-031  1.00000E-040  3.49610E-016  6.06273E-013  1.42140E-019  3.48549E-019  9.97109E-031  8.00832E-036  8.29635E-033  1.00000E-040  1.00000E-040  1.00000E-040  5.97058E-030  6.08521E-021  8.72219E-019  1.14983E-027  1.10003E-027  1.37362E-029  1.87913E-029  4.25083E-014  1.14115E-015  9.23465E-021  4.56293E-025  1.00000E-040  3.52707E-013  4.96102E-032  7.53325E-021  2.76639E-024  4.15933E-015  9.24035E-023  6.38604E-014  1.71011E-031  7.38055E-018  8.12582E-033  5.01598E-014  1.00000E-040  9.91293E-038  5.16076E-019  1.00000E-040  3.66567E-026  1.80924E-013  9.02298E-031  1.00000E-003  1.00000E-005  1.00000E-005  1.00000E-005  1.00000E-005  1.00000E-005  1.00000E-005  1.00000E-005  1.00000E-005  1.00000E-005  1.00000E-005  1.00000E-005  1.00000E-005  1.00000E-005  1.00000E-005  1.00000E-005  
2.65000E+001  2.01150E-002  7.41464E+017  1.96493E+002  9.76505E+003  1.00000E-040  1.00000E-040  1.00000E-040  1.30543E-018  1.00000E-040  1.00000E-040  1.00000E-040  1.00000E-040  1.00000E-040  1.00000E-040  1.00000E-040  1.00000E-040  1.00000E-040  1.00000E-040  3.91887E-020  1.00000E-040  1.00000E-040  2.94354E-014  3.58201E-007  6.27201E-006  9.47655E-011  1.16374E-009  2.10729E-004  2.26931E-009  2.83601E-004  4.63681E-018  4.88443E-012  1.00000E-040  2.70365E-032  2.86757E-022  5.95894E-015  1.67367E-007  9.65315E-033  1.00000E-040  1.00000E-040  1.00000E-040  8.11618E-040  3.44495E-032  3.94392E-031  8.62974E-028  8.82528E-026  1.00000E-040  1.00000E-040  9.09576E-027  9.25869E-032  1.07468E-011  3.19221E-015  9.99499E-001  3.23185E-019  2.02174E-021  3.46760E-018  2.80904E-038  8.35785E-033  6.18776E-023  2.15528E-020  6.95288E-012  3.50623E-017  5.06145E-012  7.66751E-016  2.25132E-010  3.40264E-011  5.65493E-008  1.34192E-013  2.69443E-015  1.90371E-025  1.73561E-012  6.26620E-013  1.28994E-015  1.00000E-040  1.00000E-040  1.00000E-040  1.00000E-040  4.78251E-032  1.00000E-040  4.31231E-016  7.43620E-013  1.75642E-019  4.32638E-019  1.99536E-030  1.02669E-035  1.18438E-032  1.84151E-040  1.00000E-040  1.00000E-040  8.93779E-030  7.44727E-021  6.17882E-019  1.72985E-027  1.51410E-027  1.13533E-029  7.26642E-030  4.11820E-014  1.11496E-015  8.99119E-021  3.46408E-026  1.00000E-040  3.40135E-013  8.05403E-032  9.22016E-021  3.97044E-024  4.16560E-015  1.10586E-022  5.38065E-014  1.16375E-031  7.68323E-018  2.89991E-033  5.01584E-014  2.10254E-039  2.00764E-037  5.54084E-019  1.00000E-040  3.44345E-026  1.17390E-013  1.16963E-030  1.00000E-003  1.00000E-005  1.00000E-005  1.00000E-005  1.00000E-005  1.00000E-005  1.00000E-005  1.00000E-005  1.00000E-005  1.00000E-005  1.00000E-005  1.00000E-005  1.00000E-005  1.00000E-005  1.00000E-005  1.00000E-005  
2.75000E+001  1.70147E-002  6.27229E+017  1.96478E+002  1.09262E+004  1.00000E-040  1.00000E-040  1.00000E-040  3.36779E-018  1.00000E-040  1.00000E-040  1.00000E-040  1.00000E-040  1.00000E-040  1.00000E-040  1.00000E-040  1.00000E-040  1.00000E-040  1.00000E-040  2.63390E-020  1.00000E-040  1.00000E-040  4.97286E-014  3.72500E-007  6.28555E-006  1.13722E-010  1.40088E-009  2.10719E-004  2.44365E-009  2.83596E-004  5.05188E-018  4.31295E-012  1.00000E-040  6.49161E-032  4.08924E-022  7.08449E-015  1.52429E-007  1.82859E-032  1.00000E-040  1.00000E-040  1.00000E-040  8.10949E-040  5.43915E-032  6.62011E-031  1.46154E-027  1.46855E-025  1.00000E-040  1.00000E-040  4.40965E-028  4.94620E-031  1.02950E-011  3.14871E-015  9.99499E-001  3.14155E-019  1.43856E-021  2.43343E-018  4.12838E-038  1.35070E-032  8.12057E-023  2.54419E-020  6.39314E-012  2.54050E-017  5.76802E-012  6.53179E-016  1.44615E-010  3.44513E-011  4.61610E-008  1.02361E-013  1.74174E-015  2.97296E-025  1.35861E-012  3.99940E-013  1.28936E-015  1.00000E-040  1.00000E-040  2.55228E-040  1.00000E-040  1.82427E-032  1.00000E-040  5.05299E-016  8.82300E-013  2.05517E-019  5.06674E-019  3.93604E-030  1.22798E-035  1.68055E-032  5.11977E-040  1.00000E-040  1.00000E-040  1.26597E-029  8.69683E-021  4.53528E-019  2.46655E-027  1.98702E-027  1.09413E-029  9.81999E-030  3.89205E-014  1.13152E-015  8.75765E-021  5.62660E-027  1.00000E-040  3.40452E-013  1.25339E-031  1.07670E-020  5.57381E-024  4.17260E-015  1.27963E-022  4.49750E-014  2.09790E-031  7.85387E-018  1.10395E-033  5.01563E-014  3.71514E-037  3.99550E-037  5.65025E-019  1.00000E-040  3.20781E-026  7.80306E-014  1.47757E-030  1.00000E-003  1.00000E-005  1.00000E-005  1.00000E-005  1.00000E-005  1.00000E-005  1.00000E-005  1.00000E-005  1.00000E-005  1.00000E-005  1.00000E-005  1.00000E-005  1.00000E-005  1.00000E-005  1.00000E-005  1.00000E-005  
2.85000E+001  1.43912E-002  5.31299E+017  1.96189E+002  1.22719E+004  1.00000E-040  1.00000E-040  1.00000E-040  8.74034E-018  1.00000E-040  1.00000E-040  1.00000E-040  1.00000E-040  1.00000E-040  1.00000E-040  1.00000E-040  1.00000E-040  1.00000E-040  1.00000E-040  1.77119E-020  1.00000E-040  1.00000E-040  8.22254E-014  3.91581E-007  6.28878E-006  1.35726E-010  1.66266E-009  2.10713E-004  2.63949E-009  2.83587E-004  5.46439E-018  3.78699E-012  2.14918E-040  1.49164E-031  5.59373E-022  8.16197E-015  1.40206E-007  3.72097E-032  1.00000E-040  1.00000E-040  1.00000E-040  8.10244E-040  8.96270E-032  1.14141E-030  2.52113E-027  2.46468E-025  1.00000E-040  1.00000E-040  2.29565E-029  2.18482E-030  9.93947E-012  3.17781E-015  9.99499E-001  3.00684E-019  1.03997E-021  1.72037E-018  6.06865E-038  2.07520E-032  1.01849E-022  2.86778E-020  6.04921E-012  1.88248E-017  6.61319E-012  5.49554E-016  9.50105E-011  3.48801E-011  3.79097E-008  8.17529E-014  1.18263E-015  4.42511E-025  1.09867E-012  2.68610E-013  1.28839E-015  1.00000E-040  1.00000E-040  1.00000E-040  1.00000E-040  7.19383E-033  1.00000E-040  5.61580E-016  1.01450E-012  2.27239E-019  5.58682E-019  7.56283E-030  1.36644E-035  2.36442E-032  1.37877E-039  1.00000E-040  1.00000E-040  1.69813E-029  9.65842E-021  3.42853E-019  3.35332E-027  2.46857E-027  1.17042E-029  1.42743E-029  3.59418E-014  1.17618E-015  8.55213E-021  2.27891E-027  1.00000E-040  3.54816E-013  1.86793E-031  1.19582E-020  7.65760E-024  4.18045E-015  1.42477E-022  3.71651E-014  3.79409E-031  7.93645E-018  4.38703E-034  5.01535E-014  5.94634E-035  7.80754E-037  5.50344E-019  1.00000E-040  2.97239E-026  5.33196E-014  1.80149E-030  1.00000E-003  1.00000E-005  1.00000E-005  1.00000E-005  1.00000E-005  1.00000E-005  1.00000E-005  1.00000E-005  1.00000E-005  1.00000E-005  1.00000E-005  1.00000E-005  1.00000E-005  1.00000E-005  1.00000E-005  1.00000E-005  
2.95000E+001  1.21681E-002  4.50742E+017  1.95529E+002  1.33027E+004  1.00000E-040  1.00000E-040  1.00000E-040  2.27267E-017  1.00000E-040  1.00000E-040  1.00000E-040  1.00000E-040  1.00000E-040  1.00000E-040  1.00000E-040  1.00000E-040  1.00000E-040  1.00000E-040  1.18860E-020  1.00000E-040  1.00000E-040  1.33596E-013  4.15752E-007  6.28263E-006  1.61630E-010  1.95371E-009  2.10712E-004  2.84957E-009  2.83575E-004  5.85222E-018  3.29186E-012  9.03817E-040  5.98973E-031  7.31758E-022  9.07031E-015  1.30050E-007  7.04179E-032  8.79260E-037  5.94812E-039  6.65810E-038  8.09491E-040  1.37865E-031  1.82414E-030  4.02589E-027  3.86271E-025  1.00000E-040  1.00000E-040  1.27420E-030  8.71661E-030  9.65050E-012  3.29424E-015  9.99499E-001  2.76481E-019  7.43360E-022  1.19665E-018  8.92634E-038  3.00330E-032  1.20884E-022  3.05867E-020  5.89579E-012  1.42037E-017  7.60212E-012  4.45248E-016  6.34814E-011  3.54722E-011  3.13744E-008  6.83723E-014  8.45263E-016  6.17194E-025  9.20280E-013  1.90610E-013  1.28631E-015  1.00000E-040  1.00000E-040  1.00000E-040  1.00000E-040  2.77398E-033  1.00000E-040  5.88553E-016  1.12538E-012  2.35614E-019  5.75112E-019  1.41640E-029  1.39328E-035  3.31079E-032  3.61056E-039  1.00000E-040  1.00000E-040  2.14243E-029  1.01116E-020  2.60702E-019  4.32392E-027  2.86498E-027  1.30064E-029  2.00746E-029  3.23509E-014  1.23037E-015  8.32305E-021  1.19613E-027  1.00000E-040  3.82716E-013  2.65747E-031  1.25232E-020  1.02415E-023  4.18942E-015  1.51235E-022  3.01549E-014  6.41427E-031  7.97275E-018  1.72092E-034  5.01499E-014  1.31238E-034  1.50249E-036  5.09365E-019  1.00000E-040  2.70304E-026  3.73079E-014  2.09603E-030  1.00000E-003  1.00000E-005  1.00000E-005  1.00000E-005  1.00000E-005  1.00000E-005  1.00000E-005  1.00000E-005  1.00000E-005  1.00000E-005  1.00000E-005  1.00000E-005  1.00000E-005  1.00000E-005  1.00000E-005  1.00000E-005  
3.05000E+001  1.02813E-002  3.82970E+017  1.94447E+002  1.46946E+004  1.00000E-040  1.00000E-040  1.00000E-040  5.90246E-017  1.00000E-040  1.00000E-040  1.00000E-040  1.00000E-040  1.00000E-040  1.00000E-040  1.00000E-040  1.00000E-040  1.00000E-040  1.00000E-040  7.97118E-021  1.00000E-040  1.00000E-040  2.14128E-013  4.45319E-007  6.26765E-006  1.92508E-010  2.28054E-009  2.10714E-004  3.06902E-009  2.83559E-004  6.19715E-018  2.82682E-012  5.50705E-039  1.44696E-029  9.15277E-022  9.70770E-015  1.21527E-007  1.22131E-031  1.00000E-040  1.00000E-040  1.00000E-040  8.08680E-040  1.94032E-031  2.65822E-030  5.86424E-027  5.57972E-025  1.00000E-040  1.00000E-040  7.61099E-032  3.45288E-029  9.40848E-012  3.52553E-015  9.99499E-001  2.38036E-019  5.10510E-022  7.97836E-019  1.31141E-037  4.08001E-032  1.35193E-022  3.07432E-020  5.93303E-012  1.09032E-017  8.74512E-012  3.38621E-016  4.29836E-011  3.63401E-011  2.61928E-008  5.99680E-014  6.37542E-016  7.98301E-025  8.01024E-013  1.43447E-013  1.28116E-015  1.00000E-040  1.00000E-040  1.00000E-040  1.00000E-040  9.86957E-034  1.00000E-040  5.80911E-016  1.20263E-012  2.28515E-019  5.51098E-019  2.57503E-029  1.29263E-035  4.61713E-032  9.21580E-039  1.00000E-040  1.00000E-040  2.53675E-029  9.94394E-021  1.94584E-019  5.28003E-027  3.08717E-027  1.43227E-029  2.67057E-029  2.83318E-014  1.27838E-015  8.06860E-021  5.99650E-028  1.00000E-040  4.21064E-013  3.60991E-031  1.23242E-020  1.33014E-023  4.19977E-015  1.52349E-022  2.39264E-014  1.00506E-030  7.99436E-018  6.28357E-035  5.01455E-014  1.00000E-040  2.84994E-036  4.47093E-019  1.00000E-040  2.39503E-026  2.66717E-014  2.31531E-030  1.00000E-003  1.00000E-005  1.00000E-005  1.00000E-005  1.00000E-005  1.00000E-005  1.00000E-005  1.00000E-005  1.00000E-005  1.00000E-005  1.00000E-005  1.00000E-005  1.00000E-005  1.00000E-005  1.00000E-005  1.00000E-005  
3.15000E+001  8.67844E-003  3.25529E+017  1.93094E+002  1.63646E+004  1.00000E-040  1.00000E-040  1.00000E-040  1.52605E-016  1.00000E-040  1.00000E-040  1.00000E-040  1.00000E-040  1.00000E-040  1.00000E-040  1.00000E-040  1.00000E-040  1.00000E-040  1.00000E-040  5.36762E-021  1.00000E-040  1.00000E-040  3.41008E-013  4.79965E-007  6.24458E-006  2.29669E-010  2.65111E-009  2.10720E-004  3.29928E-009  2.83540E-004  6.53979E-018  2.41553E-012  9.30925E-038  3.80000E-028  1.11093E-021  1.01140E-014  1.14431E-007  1.98574E-031  1.00000E-040  1.00000E-040  1.00000E-040  8.07818E-040  2.55794E-031  3.61839E-030  7.97050E-027  7.58644E-025  1.00000E-040  1.00000E-040  6.14364E-033  1.39496E-028  9.20295E-012  3.91403E-015  9.99499E-001  1.93281E-019  3.36318E-022  5.09390E-019  1.91219E-037  5.26881E-032  1.44030E-022  2.94790E-020  6.17869E-012  8.56057E-018  1.00817E-011  2.43933E-016  2.96254E-011  3.74824E-011  2.19844E-008  5.51867E-014  5.06610E-016  9.78990E-025  7.24157E-013  1.14225E-013  1.26769E-015  1.00000E-040  1.00000E-040  1.00000E-040  1.00000E-040  3.22221E-034  1.00000E-040  5.45582E-016  1.25069E-012  2.09984E-019  4.98588E-019  4.49091E-029  1.11620E-035  6.37993E-032  2.30426E-038  1.00000E-040  1.00000E-040  2.86235E-029  9.30087E-021  1.42850E-019  6.21579E-027  3.14576E-027  1.55688E-029  3.41290E-029  2.42182E-014  1.31926E-015  7.90566E-021  2.75337E-028  1.00000E-040  4.63827E-013  4.71698E-031  1.15385E-020  1.69804E-023  4.21158E-015  1.47155E-022  1.86519E-014  1.48827E-030  8.00345E-018  2.11983E-035  5.01405E-014  1.00000E-040  5.32841E-036  3.78120E-019  1.00000E-040  2.11394E-026  1.95647E-014  2.44739E-030  1.00000E-003  1.00000E-005  1.00000E-005  1.00000E-005  1.00000E-005  1.00000E-005  1.00000E-005  1.00000E-005  1.00000E-005  1.00000E-005  1.00000E-005  1.00000E-005  1.00000E-005  1.00000E-005  1.00000E-005  1.00000E-005  
3.25000E+001  7.31625E-003  2.76765E+017  1.91467E+002  1.77833E+004  1.00000E-040  1.00000E-040  1.00000E-040  3.90157E-016  1.00000E-040  1.00000E-040  1.00000E-040  1.00000E-040  1.00000E-040  1.00000E-040  1.00000E-040  1.00000E-040  1.00000E-040  1.00000E-040  3.62463E-021  1.00000E-040  1.00000E-040  5.41045E-013  5.20044E-007  6.21372E-006  2.74845E-010  3.07376E-009  2.10729E-004  3.53781E-009  2.83518E-004  6.87270E-018  2.05271E-012  2.09402E-036  6.52113E-027  1.31474E-021  1.02644E-014  1.08426E-007  2.98246E-031  7.83361E-037  5.28009E-039  5.93832E-038  8.06894E-040  3.10467E-031  4.52831E-030  9.95198E-027  9.56201E-025  1.00000E-040  1.00000E-040  1.90212E-033  5.49864E-028  9.02135E-012  4.50773E-015  9.99499E-001  1.46276E-019  2.09679E-022  3.07402E-019  2.77214E-037  6.49182E-032  1.46610E-022  2.70387E-020  6.65585E-012  6.89133E-018  1.16446E-011  1.64579E-016  2.07221E-011  3.89801E-011  1.85466E-008  5.32279E-014  4.23762E-016  1.12331E-024  6.79641E-013  9.61839E-014  1.23140E-015  1.00000E-040  1.00000E-040  1.00000E-040  1.00000E-040  9.38854E-035  1.00000E-040  4.88911E-016  1.26668E-012  1.83279E-019  4.26886E-019  7.53776E-029  8.99908E-036  8.75671E-032  5.66876E-038  1.00000E-040  1.00000E-040  3.09033E-029  8.29379E-021  1.02245E-019  7.07182E-027  3.13824E-027  1.65092E-029  4.10330E-029  2.01951E-014  1.34681E-015  7.82136E-021  1.12711E-028  1.00000E-040  5.06377E-013  5.95794E-031  1.03028E-020  2.13182E-023  4.22515E-015  1.36660E-022  1.42731E-014  2.05545E-030  8.01138E-018  6.42600E-036  5.01349E-014  1.00000E-040  9.85163E-036  3.08694E-019  1.00000E-040  1.85330E-026  1.46859E-014  2.48369E-030  1.00000E-003  1.00000E-005  1.00000E-005  1.00000E-005  1.00000E-005  1.00000E-005  1.00000E-005  1.00000E-005  1.00000E-005  1.00000E-005  1.00000E-005  1.00000E-005  1.00000E-005  1.00000E-005  1.00000E-005  1.00000E-005  
3.35000E+001  6.15828E-003  2.35392E+017  1.89489E+002  1.94692E+004  1.00000E-040  1.00000E-040  1.00000E-040  9.67589E-016  1.00000E-040  1.00000E-040  1.00000E-040  1.00000E-040  1.00000E-040  1.00000E-040  1.00000E-040  1.00000E-040  1.00000E-040  1.00000E-040  2.45256E-021  1.00000E-040  1.00000E-040  8.55834E-013  5.66074E-007  6.17505E-006  3.30331E-010  3.55916E-009  2.10741E-004  3.78032E-009  2.83494E-004  7.16101E-018  1.72764E-012  3.60030E-035  7.60639E-026  1.55489E-021  1.01145E-014  1.03245E-007  3.93891E-031  4.28132E-037  2.87113E-039  3.23208E-038  8.05894E-040  3.28786E-031  4.94555E-030  1.08525E-026  1.06354E-024  1.00000E-040  1.00000E-040  1.62037E-033  2.06521E-027  8.85412E-012  5.36855E-015  9.99499E-001  1.01227E-019  1.21534E-022  1.72344E-019  4.00009E-037  7.67221E-032  1.43302E-022  2.37834E-020  7.40362E-012  5.70683E-018  1.34591E-011  1.02066E-016  1.46582E-011  4.09633E-011  1.57520E-008  5.36924E-014  3.72878E-016  1.14742E-024  6.61923E-013  8.56541E-014  1.13442E-015  1.00000E-040  1.00000E-040  1.00000E-040  1.00000E-040  2.35691E-035  1.00000E-040  4.18193E-016  1.24580E-012  1.51757E-019  3.45125E-019  1.22047E-028  6.76416E-036  1.19608E-031  1.37194E-037  1.00000E-040  1.00000E-040  3.20214E-029  7.03879E-021  7.07936E-020  7.80526E-027  3.90531E-027  1.67814E-029  4.39210E-029  1.63943E-014  1.35252E-015  7.74471E-021  3.99856E-029  1.00000E-040  5.45325E-013  7.34585E-031  8.76011E-021  2.61750E-023  4.24084E-015  1.22431E-022  1.06899E-014  2.53057E-030  8.03647E-018  1.69049E-036  5.01289E-014  1.00000E-040  1.80174E-035  2.44200E-019  1.00000E-040  1.59324E-026  1.12460E-014  2.44605E-030  1.00000E-003  1.00000E-005  1.00000E-005  1.00000E-005  1.00000E-005  1.00000E-005  1.00000E-005  1.00000E-005  1.00000E-005  1.00000E-005  1.00000E-005  1.00000E-005  1.00000E-005  1.00000E-005  1.00000E-005  1.00000E-005  
3.45000E+001  5.17421E-003  1.99984E+017  1.87398E+002  2.14942E+004  1.00000E-040  1.00000E-040  1.00000E-040  2.12901E-015  1.00000E-040  1.00000E-040  1.00000E-040  1.00000E-040  1.00000E-040  1.00000E-040  1.00000E-040  1.00000E-040  1.00000E-040  1.00000E-040  1.67255E-021  1.00000E-040  1.00000E-040  1.35860E-012  6.17909E-007  6.12903E-006  3.98828E-010  4.11851E-009  2.10757E-004  4.03503E-009  2.83466E-004  7.47249E-018  1.45432E-012  4.55088E-034  6.38933E-025  2.20153E-021  9.81473E-015  9.87408E-008  4.40288E-031  1.00000E-040  1.00000E-040  1.00000E-040  8.04821E-040  2.94307E-031  4.55726E-030  9.96075E-027  1.00256E-024  1.00000E-040  1.00000E-040  1.37504E-033  7.56512E-027  8.69625E-012  6.57867E-015  9.99499E-001  6.71190E-020  6.79773E-023  9.30023E-020  5.73365E-037  9.23559E-032  1.42567E-022  2.11236E-020  8.47017E-012  4.92282E-018  1.56163E-011  6.10611E-017  1.05006E-011  4.33679E-011  1.33912E-008  5.63093E-014  3.41861E-016  9.95699E-025  6.63381E-013  7.97227E-014  9.04811E-016  1.00000E-040  1.00000E-040  1.00000E-040  1.00000E-040  5.47462E-036  1.00000E-040  3.45944E-016  1.20578E-012  1.21411E-019  2.68883E-019  1.89905E-028  5.06605E-036  1.62153E-031  3.29578E-037  1.00000E-040  1.00000E-040  3.36178E-029  5.78755E-021  4.92925E-020  9.10383E-027  1.03548E-026  1.68328E-029  4.01865E-029  1.30239E-014  1.34890E-015  7.76048E-021  1.29837E-029  1.00000E-040  5.78064E-013  9.29257E-031  7.22400E-021  3.20124E-023  4.25882E-015  1.11126E-022  7.89866E-015  2.65166E-030  8.05563E-018  4.13662E-037  5.01225E-014  1.00000E-040  3.27136E-035  2.03601E-019  1.00000E-040  1.38210E-026  8.79046E-015  2.51888E-030  1.00000E-003  1.00000E-005  1.00000E-005  1.00000E-005  1.00000E-005  1.00000E-005  1.00000E-005  1.00000E-005  1.00000E-005  1.00000E-005  1.00000E-005  1.00000E-005  1.00000E-005  1.00000E-005  1.00000E-005  1.00000E-005  
3.55000E+001  4.33884E-003  1.69717E+017  1.85168E+002  2.36775E+004  1.00000E-040  1.00000E-040  1.00000E-040  2.90252E-015  1.00000E-040  1.00000E-040  1.00000E-040  1.00000E-040  1.00000E-040  1.00000E-040  1.00000E-040  1.00000E-040  1.00000E-040  1.00000E-040  1.15024E-021  1.00000E-040  1.00000E-040  2.16420E-012  6.75616E-007  6.07587E-006  4.83705E-010  4.76554E-009  2.10776E-004  4.30508E-009  2.83435E-004  7.78968E-018  1.22230E-012  4.34818E-033  4.04333E-024  5.29347E-021  9.36970E-015  9.47639E-008  3.89814E-031  3.19201E-038  2.07586E-040  2.37694E-039  8.03670E-040  2.08240E-031  3.31233E-030  7.20152E-027  7.49407E-025  1.00000E-040  1.00000E-040  9.59576E-034  2.75050E-026  8.54312E-012  8.23100E-015  9.99499E-001  4.29868E-020  3.70275E-023  4.87287E-020  8.15926E-037  1.34449E-031  1.71357E-022  2.20703E-020  9.91368E-012  4.47627E-018  1.81695E-011  3.55288E-017  7.61591E-012  4.62581E-011  1.14002E-008  6.10167E-014  3.24680E-016  6.67267E-025  6.80788E-013  7.70680E-014  5.67631E-016  1.00000E-040  1.00000E-040  1.00000E-040  1.00000E-040  1.19913E-036  1.00000E-040  2.78429E-016  1.14821E-012  9.47727E-020  2.03743E-019  2.84389E-028  4.39744E-036  2.18098E-031  7.83810E-037  1.00000E-040  1.00000E-040  4.16500E-029  4.63157E-021  3.51547E-020  1.39922E-026  4.25173E-026  1.65525E-029  2.93200E-029  1.01210E-014  1.33361E-015  7.79323E-021  3.95604E-030  1.00000E-040  6.04065E-013  1.43339E-030  5.82961E-021  3.89057E-023  4.27930E-015  1.19009E-022  5.75185E-015  2.21496E-030  8.07596E-018  9.59160E-038  5.01157E-014  6.32193E-035  5.88312E-035  2.23264E-019  1.00000E-040  1.20347E-026  7.00724E-015  3.31506E-030  1.00000E-003  1.00000E-005  1.00000E-005  1.00000E-005  1.00000E-005  1.00000E-005  1.00000E-005  1.00000E-005  1.00000E-005  1.00000E-005  1.00000E-005  1.00000E-005  1.00000E-005  1.00000E-005  1.00000E-005  1.00000E-005  
3.65000E+001  3.63094E-003  1.43672E+017  1.83047E+002  2.67395E+004  1.00000E-040  1.00000E-040  1.00000E-040  1.87087E-015  1.00000E-040  1.00000E-040  1.00000E-040  1.00000E-040  1.00000E-040  1.00000E-040  1.00000E-040  1.00000E-040  1.00000E-040  1.00000E-040  8.03161E-022  1.00000E-040  1.00000E-040  3.47644E-012  7.38772E-007  6.01623E-006  5.88578E-010  5.51446E-009  2.10797E-004  4.60690E-009  2.83401E-004  8.19659E-018  1.03715E-012  3.28657E-032  2.00245E-023  1.98199E-020  8.92047E-015  9.12175E-008  3.45788E-031  4.87476E-037  3.19171E-039  3.59139E-038  8.02447E-040  1.48223E-031  2.41457E-030  5.20081E-027  5.60638E-025  1.00000E-040  1.00000E-040  6.83845E-034  9.73265E-026  8.39231E-012  1.04428E-014  9.99499E-001  2.84004E-020  2.07632E-023  2.61594E-020  1.15134E-036  3.07956E-031  3.23220E-022  3.57987E-020  1.17970E-011  4.37691E-018  2.12526E-011  2.14792E-017  5.60585E-012  4.94713E-011  9.65933E-009  6.77468E-014  3.15361E-016  4.42083E-025  7.07630E-013  7.61739E-014  3.35603E-016  1.00000E-040  1.00000E-040  1.00000E-040  1.00000E-040  2.76023E-037  1.00000E-040  2.21068E-016  1.08979E-012  7.49710E-020  1.56308E-019  4.09787E-028  5.92352E-036  2.90407E-031  1.85879E-036  1.00000E-040  1.00000E-040  8.04646E-029  3.67402E-021  2.73315E-020  3.52851E-026  1.62522E-025  1.65227E-029  2.15679E-029  7.74211E-015  1.31999E-015  7.91871E-021  1.22883E-030  5.85047E-040  6.23697E-013  3.46169E-030  4.77674E-021  4.79220E-023  4.30234E-015  1.97616E-022  4.15979E-015  1.84597E-030  8.06868E-018  2.34187E-038  5.01086E-014  7.26886E-035  1.05038E-034  3.98573E-019  1.00000E-040  1.08475E-026  5.69948E-015  6.81430E-030  1.00000E-003  1.00000E-005  1.00000E-005  1.00000E-005  1.00000E-005  1.00000E-005  1.00000E-005  1.00000E-005  1.00000E-005  1.00000E-005  1.00000E-005  1.00000E-005  1.00000E-005  1.00000E-005  1.00000E-005  1.00000E-005  
3.75000E+001  3.03253E-003  1.21328E+017  1.81034E+002  2.97405E+004  1.00000E-040  1.00000E-040  1.00000E-040  1.01371E-015  1.00000E-040  1.00000E-040  1.00000E-040  1.00000E-040  1.00000E-040  1.00000E-040  1.00000E-040  1.00000E-040  1.00000E-040  1.00000E-040  5.70517E-022  1.00000E-040  1.00000E-040  5.62451E-012  8.07314E-007  5.95037E-006  7.17574E-010  6.38398E-009  2.10822E-004  4.95237E-009  2.83365E-004  8.69491E-018  8.88814E-013  2.02260E-031  8.00240E-023  7.63684E-020  8.46655E-015  8.79990E-008  4.14242E-031  5.89922E-037  3.81180E-039  4.30089E-038  8.01152E-040  1.43858E-031  2.38025E-030  5.06460E-027  5.65643E-025  1.00000E-040  1.00000E-040  7.85053E-034  3.20467E-025  8.24124E-012  1.33526E-014  9.99499E-001  1.98026E-020  1.22582E-023  1.47317E-020  1.61093E-036  9.92468E-031  8.55538E-022  8.40302E-020  1.41996E-011  4.66116E-018  2.49527E-011  1.37929E-017  4.19167E-012  5.29544E-011  8.14697E-009  7.65728E-014  3.11004E-016  3.23598E-025  7.41162E-013  7.63576E-014  2.01717E-016  1.00000E-040  1.00000E-040  1.00000E-040  1.00000E-040  6.99406E-038  1.00000E-040  1.74530E-016  1.03161E-012  6.41974E-020  1.29762E-019  5.70324E-028  1.15449E-035  3.82887E-031  4.37949E-036  1.00000E-040  1.09323E-040  2.25649E-028  2.90697E-021  2.50435E-020  1.13445E-025  5.17108E-025  1.67238E-029  2.15338E-029  5.83342E-015  1.30607E-015  8.08572E-021  4.13081E-031  3.18436E-039  6.38084E-013  1.16808E-029  4.24002E-021  5.98403E-023  4.32814E-015  4.73203E-022  2.98530E-015  2.06559E-030  8.03729E-018  6.29619E-039  5.01012E-014  4.16090E-035  1.85559E-034  8.98989E-019  1.00000E-040  1.01005E-026  4.72565E-015  1.82692E-029  1.00000E-003  1.00000E-005  1.00000E-005  1.00000E-005  1.00000E-005  1.00000E-005  1.00000E-005  1.00000E-005  1.00000E-005  1.00000E-005  1.00000E-005  1.00000E-005  1.00000E-005  1.00000E-005  1.00000E-005  1.00000E-005  
3.85000E+001  2.52827E-003  1.02048E+017  1.79446E+002  3.29242E+004  1.00000E-040  1.00000E-040  1.00000E-040  4.58459E-016  1.00000E-040  1.00000E-040  1.00000E-040  1.00000E-040  1.00000E-040  1.00000E-040  1.00000E-040  1.00000E-040  1.00000E-040  1.00000E-040  4.14916E-022  1.00000E-040  1.00000E-040  9.21245E-012  8.82324E-007  5.87740E-006  8.74433E-010  7.39220E-009  2.10849E-004  5.37238E-009  2.83326E-004  9.43311E-018  7.81941E-013  1.05644E-030  2.65526E-022  2.56955E-019  8.14469E-015  8.49805E-008  1.30491E-030  1.00000E-040  1.00000E-040  1.00000E-040  7.99762E-040  3.75176E-031  6.22719E-030  1.30007E-026  1.49464E-024  8.34685E-040  1.00000E-040  2.56367E-033  9.53838E-025  8.08565E-012  1.72059E-014  9.99499E-001  1.54298E-020  7.97319E-024  9.09920E-021  2.24594E-036  3.38003E-030  2.38287E-021  2.09769E-019  1.72655E-011  5.46631E-018  2.95002E-011  9.94934E-018  3.17397E-012  5.63577E-011  6.78727E-009  8.78114E-014  3.08267E-016  3.21178E-025  7.76454E-013  7.66087E-014  1.36476E-016  1.00000E-040  1.00000E-040  1.00000E-040  1.00000E-040  2.12970E-038  1.00000E-040  1.38304E-016  9.89063E-013  6.67562E-020  1.31507E-019  7.72559E-028  2.44367E-035  5.01759E-031  1.03967E-035  1.00000E-040  9.56271E-040  6.75554E-028  2.32937E-021  3.00700E-020  3.53785E-025  1.37562E-024  1.80346E-029  5.69230E-029  4.36855E-015  1.30699E-015  8.47243E-021  1.64203E-031  1.39884E-038  6.48560E-013  4.05673E-029  4.57652E-021  7.78648E-023  4.35736E-015  1.19252E-021  2.14570E-015  5.95189E-030  7.94352E-018  2.02627E-039  5.00933E-014  1.00000E-040  3.26967E-034  1.95437E-018  1.00000E-040  1.00881E-026  3.97876E-015  5.01207E-029  1.00000E-003  1.00000E-005  1.00000E-005  1.00000E-005  1.00000E-005  1.00000E-005  1.00000E-005  1.00000E-005  1.00000E-005  1.00000E-005  1.00000E-005  1.00000E-005  1.00000E-005  1.00000E-005  1.00000E-005  1.00000E-005  
3.95000E+001  2.10476E-003  8.56175E+016  1.78056E+002  3.69865E+004  1.00000E-040  1.00000E-040  1.00000E-040  2.43140E-016  1.00000E-040  1.00000E-040  1.00000E-040  1.00000E-040  1.00000E-040  1.00000E-040  1.00000E-040  1.00000E-040  1.00000E-040  1.00000E-040  3.07496E-022  1.00000E-040  1.00000E-040  1.51748E-011  9.63959E-007  5.79728E-006  1.06378E-009  8.57042E-009  2.10879E-004  5.87334E-009  2.83284E-004  1.03581E-017  7.00481E-013  4.75133E-030  7.51049E-022  7.44295E-019  7.84401E-015  8.21047E-008  8.46069E-030  1.00000E-040  1.00000E-040  1.00000E-040  7.98275E-040  2.00362E-030  3.35778E-029  6.88274E-026  8.11112E-024  1.39995E-038  1.00000E-040  1.32648E-032  2.53765E-024  7.92409E-012  2.22403E-014  9.99499E-001  1.29177E-020  5.53809E-024  5.99624E-021  3.11257E-036  1.07393E-029  6.17469E-021  4.81482E-019  2.11258E-011  6.93567E-018  3.49350E-011  7.74060E-018  2.43694E-012  5.97437E-011  5.62237E-009  1.01664E-013  3.06456E-016  3.97924E-025  8.14187E-013  7.69054E-014  9.92939E-017  1.00000E-040  1.00000E-040  1.00000E-040  1.00000E-040  7.36018E-039  1.00000E-040  1.10060E-016  9.50134E-013  8.78464E-020  1.69608E-019  1.02115E-027  4.81914E-035  6.53150E-031  2.44297E-035  1.00000E-040  1.46387E-038  1.86018E-027  1.87718E-021  4.60186E-020  9.86668E-025  3.13156E-024  1.99880E-029  3.10176E-028  3.23750E-015  1.30638E-015  8.92310E-021  7.82412E-032  5.14501E-038  6.56067E-013  1.29179E-028  6.25895E-021  1.03642E-022  4.39038E-015  2.73351E-021  1.53232E-015  3.48328E-029  7.82532E-018  7.36796E-040  5.00849E-014  1.00000E-040  5.67428E-034  3.78707E-018  1.00000E-040  1.04686E-026  3.39878E-015  1.28787E-028  1.00000E-003  1.00000E-005  1.00000E-005  1.00000E-005  1.00000E-005  1.00000E-005  1.00000E-005  1.00000E-005  1.00000E-005  1.00000E-005  1.00000E-005  1.00000E-005  1.00000E-005  1.00000E-005  1.00000E-005  1.00000E-005  
4.05000E+001  1.75000E-003  7.16320E+016  1.76949E+002  4.09878E+004  1.00000E-040  1.00000E-040  1.00000E-040  1.20334E-016  1.00000E-040  1.00000E-040  1.00000E-040  1.00000E-040  1.00000E-040  1.00000E-040  1.00000E-040  1.00000E-040  1.00000E-040  1.00000E-040  2.33096E-022  1.00000E-040  1.00000E-040  2.51514E-011  1.05271E-006  5.70960E-006  1.28992E-009  9.95432E-009  2.10912E-004  6.47902E-009  2.83238E-004  1.15816E-017  6.44173E-013  1.90545E-029  1.86988E-021  1.89279E-018  7.60236E-015  7.93144E-008  6.01279E-029  8.99157E-037  5.55067E-039  6.28486E-038  7.96682E-040  1.17331E-029  1.99100E-028  4.01035E-025  4.81067E-023  2.22687E-037  1.00000E-040  6.76605E-032  6.11952E-024  7.75495E-012  2.88135E-014  9.99499E-001  1.15715E-020  4.07658E-024  4.18132E-021  4.28959E-036  3.16301E-029  1.47876E-020  1.00073E-018  2.59593E-011  9.34302E-018  4.14354E-011  6.45496E-018  1.89856E-012  6.29325E-011  4.62448E-009  1.18372E-013  3.03480E-016  6.32920E-025  8.51505E-013  7.67137E-014  7.94898E-017  1.00000E-040  1.00000E-040  1.00000E-040  1.00000E-040  2.84301E-039  1.00000E-040  8.83099E-017  9.18655E-013  1.34986E-019  2.56814E-019  1.32159E-027  8.85664E-035  8.45176E-031  5.67413E-035  1.00000E-040  2.14661E-037  4.63622E-027  1.52807E-021  7.96828E-020  2.50026E-024  6.29241E-024  2.30755E-029  1.85497E-027  2.38436E-015  1.30626E-015  9.49338E-021  4.55212E-032  1.63402E-037  6.61392E-013  3.72082E-028  9.97592E-021  1.42148E-022  4.42772E-015  5.58888E-021  1.08997E-015  2.19379E-028  7.67894E-018  2.97319E-040  5.00759E-014  1.00000E-040  9.67177E-034  6.65003E-018  1.00000E-040  1.13919E-026  2.94125E-015  3.10506E-028  1.00000E-003  1.00000E-005  1.00000E-005  1.00000E-005  1.00000E-005  1.00000E-005  1.00000E-005  1.00000E-005  1.00000E-005  1.00000E-005  1.00000E-005  1.00000E-005  1.00000E-005  1.00000E-005  1.00000E-005  1.00000E-005  
4.15000E+001  1.45362E-003  5.97840E+016  1.76109E+002  4.51719E+004  1.00000E-040  1.00000E-040  1.00000E-040  5.33930E-017  1.00000E-040  1.00000E-040  1.00000E-040  1.00000E-040  1.00000E-040  1.00000E-040  1.00000E-040  1.00000E-040  1.00000E-040  1.00000E-040  1.80961E-022  1.00000E-040  1.00000E-040  4.18826E-011  1.15012E-006  5.61290E-006  1.55716E-009  1.15928E-008  2.10948E-004  7.21822E-009  2.83188E-004  1.32220E-017  6.11148E-013  7.05424E-029  4.24946E-021  4.37116E-018  7.41523E-015  7.65358E-008  3.85083E-028  4.65553E-037  2.83982E-039  3.21119E-038  7.94957E-040  6.21826E-029  1.06683E-027  2.11713E-024  2.56420E-022  2.87414E-036  1.00000E-040  3.08735E-031  1.37515E-023  7.57521E-012  3.74613E-014  9.99499E-001  1.08901E-020  3.12956E-024  3.03536E-021  5.89201E-036  8.89031E-029  3.37079E-020  1.92809E-018  3.20418E-011  1.31004E-017  4.91433E-011  5.64679E-018  1.49871E-012  6.58371E-011  3.78241E-009  1.38373E-013  2.98466E-016  1.28950E-024  8.88813E-013  7.58736E-014  6.99143E-017  1.00000E-040  1.00000E-040  1.00000E-040  1.00000E-040  1.19050E-039  1.00000E-040  7.16283E-017  8.94191E-013  2.18257E-019  4.10587E-019  1.68346E-027  1.58028E-034  1.09066E-030  1.29774E-034  1.00000E-040  2.57605E-036  1.06921E-026  1.25707E-021  1.42189E-019  6.03076E-024  1.15824E-023  2.76854E-029  1.00008E-026  1.74863E-015  1.30338E-015  1.02056E-020  3.27254E-032  4.68181E-037  6.65168E-013  9.96522E-028  1.66317E-020  2.00635E-022  4.47045E-015  1.04035E-020  7.71832E-016  1.22191E-027  7.51565E-018  1.28887E-040  5.00662E-014  1.00000E-040  1.61412E-033  1.10935E-017  1.00000E-040  1.29227E-026  2.57114E-015  7.24401E-028  1.00000E-003  1.00000E-005  1.00000E-005  1.00000E-005  1.00000E-005  1.00000E-005  1.00000E-005  1.00000E-005  1.00000E-005  1.00000E-005  1.00000E-005  1.00000E-005  1.00000E-005  1.00000E-005  1.00000E-005  1.00000E-005  
4.25000E+001  1.20653E-003  4.98072E+016  1.75454E+002  5.04170E+004  1.00000E-040  1.00000E-040  1.00000E-040  2.04285E-017  1.00000E-040  1.00000E-040  1.00000E-040  1.00000E-040  1.00000E-040  1.00000E-040  1.00000E-040  1.00000E-040  1.00000E-040  1.00000E-040  1.43947E-022  1.00000E-040  1.00000E-040  6.98964E-011  1.25662E-006  5.50680E-006  1.87024E-009  1.35517E-008  2.10988E-004  8.12421E-009  2.83133E-004  1.54787E-017  6.02215E-013  2.49423E-028  9.16060E-021  9.53510E-018  7.27355E-015  7.37406E-008  2.12955E-027  1.00000E-040  1.00000E-040  1.00000E-040  7.93092E-040  2.85080E-028  4.93598E-027  9.70534E-024  1.17786E-021  3.00368E-035  1.00000E-040  1.23330E-030  2.97543E-023  7.38452E-012  4.88125E-014  9.99499E-001  1.06104E-020  2.47486E-024  2.26806E-021  8.05738E-036  2.46690E-028  7.57106E-020  3.56208E-018  3.96436E-011  1.87579E-017  5.81495E-011  5.07454E-018  1.20130E-012  6.84627E-011  3.08625E-009  1.61702E-013  2.90286E-016  3.24324E-024  9.25675E-013  7.42174E-014  6.59106E-017  1.00000E-040  1.00000E-040  1.00000E-040  1.00000E-040  5.28407E-040  1.00000E-040  5.91771E-017  8.76469E-013  3.55483E-019  6.62834E-019  2.11331E-027  2.91994E-034  1.40366E-030  2.89612E-034  1.00000E-040  2.51909E-035  2.35685E-026  1.04985E-021  2.54239E-019  1.44835E-023  2.03239E-023  3.40573E-029  4.64842E-026  1.28097E-015  1.29510E-015  1.10390E-020  2.94091E-032  1.26607E-036  6.67805E-013  2.57490E-027  2.77089E-020  2.90013E-022  4.51916E-015  1.82156E-020  5.44108E-016  5.78468E-027  7.35510E-018  1.00000E-040  5.00557E-014  1.00000E-040  2.61880E-033  1.83860E-017  1.00000E-040  1.50808E-026  2.26818E-015  1.67504E-027  1.00000E-003  1.00000E-005  1.00000E-005  1.00000E-005  1.00000E-005  1.00000E-005  1.00000E-005  1.00000E-005  1.00000E-005  1.00000E-005  1.00000E-005  1.00000E-005  1.00000E-005  1.00000E-005  1.00000E-005  1.00000E-005  
4.35000E+001  1.00100E-003  4.13840E+016  1.75193E+002  5.66624E+004  1.00000E-040  1.00000E-040  1.00000E-040  1.00000E-040  1.00000E-040  1.00000E-040  1.00000E-040  1.00000E-040  1.00000E-040  1.00000E-040  1.00000E-040  1.00000E-040  1.00000E-040  1.00000E-040  1.17633E-022  1.00000E-040  1.00000E-040  1.17384E-010  1.37192E-006  5.39161E-006  2.23288E-009  1.59029E-008  2.11031E-004  9.26229E-009  2.83074E-004  1.90404E-017  6.32926E-013  8.76333E-028  1.93012E-020  2.01343E-017  7.31741E-015  7.09243E-008  1.00820E-026  1.00000E-040  1.00000E-040  1.00000E-040  7.91093E-040  1.12826E-027  1.96443E-026  3.83787E-023  4.61546E-021  2.56768E-034  1.00000E-040  4.29011E-030  6.35511E-023  7.18433E-012  6.37124E-014  9.99499E-001  1.08513E-020  2.03838E-024  1.75497E-021  1.09746E-035  6.92868E-028  1.71633E-019  6.50847E-018  4.90376E-011  2.71871E-017  6.88345E-011  4.68458E-018  9.81683E-013  7.05868E-011  2.50014E-009  1.88139E-013  2.76553E-016  9.99152E-024  9.55687E-013  7.11346E-014  6.58522E-017  1.00000E-040  1.00000E-040  1.00000E-040  1.00000E-040  2.53402E-040  1.00000E-040  5.05763E-017  8.80860E-013  5.78238E-019  1.07378E-018  2.61489E-027  6.02324E-034  1.80078E-030  6.34426E-034  1.00000E-040  2.03409E-034  5.12785E-026  9.09231E-022  4.54827E-019  3.50669E-023  3.50570E-023  4.45985E-029  1.84903E-025  9.53836E-016  1.30101E-015  1.22789E-020  3.33200E-032  3.29026E-036  6.69604E-013  6.49057E-027  4.57040E-020  4.37748E-022  4.57396E-015  3.07637E-020  3.87285E-016  2.28629E-026  7.17974E-018  1.00000E-040  5.00445E-014  1.00000E-040  4.13954E-033  3.06221E-017  1.00000E-040  1.86334E-026  2.01854E-015  3.85956E-027  1.00000E-003  1.00000E-005  1.00000E-005  1.00000E-005  1.00000E-005  1.00000E-005  1.00000E-005  1.00000E-005  1.00000E-005  1.00000E-005  1.00000E-005  1.00000E-005  1.00000E-005  1.00000E-005  1.00000E-005  1.00000E-005  
4.45000E+001  8.30356E-004  3.43487E+016  1.75094E+002  6.33601E+004  1.00000E-040  1.00000E-040  1.00000E-040  1.00000E-040  1.00000E-040  1.00000E-040  1.00000E-040  1.00000E-040  1.00000E-040  1.00000E-040  1.00000E-040  1.00000E-040  1.00000E-040  1.00000E-040  9.82079E-023  1.00000E-040  1.00000E-040  1.97362E-010  1.49657E-006  5.26679E-006  2.65082E-009  1.87637E-008  2.11078E-004  1.06961E-008  2.83010E-004  2.47761E-017  7.14457E-013  3.04348E-027  3.99830E-020  4.16074E-017  7.54490E-015  6.80678E-008  4.08867E-026  3.77416E-037  2.21029E-039  2.51063E-038  7.88951E-040  3.81986E-027  6.68048E-026  1.30797E-022  1.54704E-020  1.82244E-033  1.00000E-040  1.30953E-029  1.33486E-022  6.97538E-012  8.32121E-014  9.99499E-001  1.17089E-020  1.75760E-024  1.42695E-021  1.49056E-035  1.95286E-027  3.89897E-019  1.17727E-017  6.06001E-011  3.94247E-017  8.11667E-011  4.35587E-018  8.20196E-013  7.24262E-011  2.02592E-009  2.17110E-013  2.57890E-016  3.16859E-023  9.82214E-013  6.69856E-014  6.57823E-017  1.00000E-040  1.00000E-040  1.00000E-040  1.00000E-040  1.33234E-040  1.00000E-040  4.51836E-017  9.08423E-013  9.29459E-019  1.72388E-018  3.19598E-027  1.37047E-033  2.30889E-030  1.35038E-033  1.00000E-040  1.36662E-033  1.10024E-025  8.21561E-022  8.02298E-019  8.31692E-023  5.99832E-023  5.97874E-029  6.27383E-025  7.27807E-016  1.31981E-015  1.39516E-020  4.44755E-032  8.30571E-036  6.70803E-013  1.60288E-026  7.37686E-020  6.77148E-022  4.63502E-015  5.02718E-020  2.79197E-016  7.62936E-026  7.04005E-018  1.00000E-040  5.00324E-014  1.00000E-040  6.34295E-033  4.98528E-017  1.00000E-040  2.35471E-026  1.80982E-015  8.74797E-027  1.00000E-003  1.00000E-005  1.00000E-005  1.00000E-005  1.00000E-005  1.00000E-005  1.00000E-005  1.00000E-005  1.00000E-005  1.00000E-005  1.00000E-005  1.00000E-005  1.00000E-005  1.00000E-005  1.00000E-005  1.00000E-005  
4.55000E+001  6.88840E-004  2.84779E+016  1.75197E+002  6.89710E+004  1.00000E-040  1.00000E-040  1.00000E-040  1.00000E-040  1.00000E-040  1.00000E-040  1.00000E-040  1.00000E-040  1.00000E-040  1.00000E-040  1.00000E-040  1.00000E-040  1.00000E-040  1.00000E-040  8.35723E-023  1.00000E-040  1.00000E-040  3.32762E-010  1.63324E-006  5.12963E-006  3.12909E-009  2.22912E-008  2.11129E-004  1.25629E-008  2.82940E-004  3.44861E-017  8.71787E-013  1.03595E-026  8.05231E-020  8.30902E-017  8.08135E-015  6.51141E-008  1.45056E-025  1.00000E-040  1.00000E-040  1.00000E-040  7.86618E-040  1.12884E-026  1.98085E-025  3.92451E-022  4.52893E-020  1.08068E-032  1.00000E-040  3.59160E-029  2.71222E-022  6.75599E-012  1.09119E-013  9.99499E-001  1.38181E-020  1.62862E-024  1.26249E-021  2.03289E-035  5.44510E-027  8.74675E-019  2.07927E-017  7.50161E-011  5.71768E-017  9.53565E-011  4.07030E-018  7.01193E-013  7.39630E-011  1.64262E-009  2.48333E-013  2.34599E-016  9.92620E-023  1.00697E-012  6.18855E-014  6.56879E-017  1.00000E-040  1.00000E-040  1.00000E-040  1.00000E-040  1.00000E-040  1.00000E-040  4.24898E-017  9.72836E-013  1.44523E-018  2.68581E-018  3.87565E-027  3.21461E-033  2.97869E-030  2.82221E-033  1.00000E-040  7.66877E-033  2.29748E-025  7.83444E-022  1.36361E-018  1.86906E-022  1.01068E-022  8.27334E-029  1.85153E-024  5.78235E-016  1.36370E-015  1.64488E-020  6.57947E-032  2.01021E-035  6.71587E-013  3.81117E-026  1.13871E-019  1.07067E-021  4.70273E-015  7.81807E-020  2.05987E-016  2.19228E-025  6.97336E-018  1.00000E-040  5.00192E-014  1.00000E-040  9.51155E-033  7.68352E-017  1.00000E-040  3.05026E-026  1.62987E-015  1.92967E-026  1.00000E-003  1.00000E-005  1.00000E-005  1.00000E-005  1.00000E-005  1.00000E-005  1.00000E-005  1.00000E-005  1.00000E-005  1.00000E-005  1.00000E-005  1.00000E-005  1.00000E-005  1.00000E-005  1.00000E-005  1.00000E-005  
4.65000E+001  5.71557E-004  2.36063E+016  1.75367E+002  7.80352E+004  1.00000E-040  1.00000E-040  1.00000E-040  1.00000E-040  1.00000E-040  1.00000E-040  1.00000E-040  1.00000E-040  1.00000E-040  1.00000E-040  1.00000E-040  1.00000E-040  1.00000E-040  1.00000E-040  7.20676E-023  1.00000E-040  1.00000E-040  5.61748E-010  1.78187E-006  4.98018E-006  3.67538E-009  2.67167E-008  2.11185E-004  1.50376E-008  2.82863E-004  5.07176E-017  1.12675E-012  3.38432E-026  1.55180E-019  1.58250E-016  8.98352E-015  6.20805E-008  4.51269E-025  4.55189E-037  2.64384E-039  2.99650E-038  7.84092E-040  2.89763E-026  5.10396E-025  1.03769E-021  1.16214E-019  5.30485E-032  1.00000E-040  8.91301E-029  5.23347E-022  6.53060E-012  1.43315E-013  9.99499E-001  1.82846E-020  1.64295E-024  1.24996E-021  2.78924E-035  1.46390E-026  1.88966E-018  3.51152E-017  9.28418E-011  8.24065E-017  1.11354E-010  3.79723E-018  6.16645E-013  7.53493E-011  1.33927E-009  2.79800E-013  2.07117E-016  2.91094E-022  1.03084E-012  5.60025E-014  6.55464E-017  1.00000E-040  1.00000E-040  1.00000E-040  1.00000E-040  1.00000E-040  1.00000E-040  4.19918E-017  1.08059E-012  2.12851E-018  3.97070E-018  4.66025E-027  7.14172E-033  3.87353E-030  5.78750E-033  1.00000E-040  3.53576E-032  4.57120E-025  7.88596E-022  2.18457E-018  3.90081E-022  1.65558E-022  1.15417E-028  4.74617E-024  4.81080E-016  1.42958E-015  1.99705E-020  1.01023E-031  4.61432E-035  6.72067E-013  8.57637E-026  1.64350E-019  1.69128E-021  4.77444E-015  1.13460E-019  1.55472E-016  5.47489E-025  7.08400E-018  1.00000E-040  5.00048E-014  1.00000E-040  1.39818E-032  1.09958E-016  1.00000E-040  3.97148E-026  1.47346E-015  4.05773E-026  1.00000E-003  1.00000E-005  1.00000E-005  1.00000E-005  1.00000E-005  1.00000E-005  1.00000E-005  1.00000E-005  1.00000E-005  1.00000E-005  1.00000E-005  1.00000E-005  1.00000E-005  1.00000E-005  1.00000E-005  1.00000E-005  
4.75000E+001  4.74349E-004  1.95764E+016  1.75502E+002  8.59767E+004  1.00000E-040  1.00000E-040  1.00000E-040  1.00000E-040  1.00000E-040  1.00000E-040  1.00000E-040  1.00000E-040  1.00000E-040  1.00000E-040  1.00000E-040  1.00000E-040  1.00000E-040  1.00000E-040  6.27249E-023  1.00000E-040  1.00000E-040  9.49238E-010  1.94190E-006  4.81891E-006  4.29933E-009  3.23719E-008  2.11246E-004  1.83883E-008  2.82780E-004  7.69075E-017  1.49565E-012  1.04790E-025  2.83437E-019  2.85181E-016  1.02670E-014  5.89995E-008  1.24267E-024  1.00000E-040  1.00000E-040  1.00000E-040  7.81375E-040  6.48334E-026  1.14767E-024  2.43751E-021  2.64080E-019  2.15991E-031  1.00000E-040  2.02754E-028  9.50186E-022  6.30547E-012  1.88105E-013  9.99499E-001  2.69035E-020  1.78524E-024  1.37491E-021  3.86431E-035  3.72545E-026  3.86034E-018  5.58711E-017  1.14695E-010  1.17524E-016  1.29037E-010  3.52533E-018  5.60841E-013  7.66797E-011  1.10218E-009  3.08573E-013  1.76392E-016  7.78455E-022  1.05432E-012  4.95137E-014  6.53216E-017  1.00000E-040  1.00000E-040  1.00000E-040  1.00000E-040  1.00000E-040  1.00000E-040  4.30220E-017  1.23242E-012  2.92937E-018  5.48943E-018  5.55040E-027  1.42442E-032  5.08701E-030  1.16794E-032  1.00000E-040  1.33333E-031  8.54217E-025  8.28686E-022  3.25966E-018  7.52791E-022  2.61521E-022  1.59297E-028  1.06282E-023  4.17318E-016  1.50064E-015  2.45822E-020  1.54153E-031  1.00029E-034  6.72324E-013  1.80582E-025  2.18464E-019  2.61060E-021  4.84456E-015  1.51572E-019  1.18847E-016  1.20592E-024  7.55844E-018  1.00000E-040  4.99894E-014  1.00000E-040  2.02311E-032  1.45480E-016  1.00000E-040  5.12233E-026  1.33670E-015  8.02888E-026  1.00000E-003  1.00000E-005  1.00000E-005  1.00000E-005  1.00000E-005  1.00000E-005  1.00000E-005  1.00000E-005  1.00000E-005  1.00000E-005  1.00000E-005  1.00000E-005  1.00000E-005  1.00000E-005  1.00000E-005  1.00000E-005  
4.85000E+001  3.93750E-004  1.62391E+016  1.75621E+002  9.43451E+004  1.00000E-040  1.00000E-040  1.00000E-040  1.00000E-040  1.00000E-040  1.00000E-040  1.00000E-040  1.00000E-040  1.00000E-040  1.00000E-040  1.00000E-040  1.00000E-040  1.00000E-040  1.00000E-040  5.50489E-023  1.00000E-040  1.00000E-040  1.60926E-009  2.11601E-006  4.64300E-006  5.00962E-009  3.97295E-008  2.11312E-004  2.31022E-008  2.82687E-004  1.17300E-016  1.98496E-012  3.07634E-025  4.89458E-019  4.84398E-016  1.18847E-014  5.58489E-008  3.10150E-024  1.00000E-040  1.00000E-040  1.00000E-040  7.78409E-040  1.29225E-025  2.30058E-024  5.20755E-021  5.43984E-019  7.42449E-031  1.00000E-040  4.33977E-028  1.62301E-021  6.08354E-012  2.47422E-013  9.99499E-001  4.22015E-020  2.02945E-024  1.61240E-021  5.46719E-035  8.95113E-026  7.43306E-018  8.31743E-017  1.41826E-010  1.66259E-016  1.48353E-010  3.26028E-018  5.29198E-013  7.78743E-011  9.15669E-010  3.32297E-013  1.44161E-016  1.92281E-021  1.07983E-012  4.26395E-014  6.49556E-017  1.00000E-040  1.00000E-040  1.00000E-040  1.00000E-040  1.00000E-040  1.00000E-040  4.48009E-017  1.42215E-012  3.74014E-018  7.04396E-018  6.55709E-027  2.48967E-032  6.78566E-030  2.34922E-032  1.00000E-040  4.16922E-031  1.49077E-024  8.94999E-022  4.51705E-018  1.34942E-021  3.98482E-022  2.18023E-028  2.12305E-023  3.72678E-016  1.54821E-015  3.02398E-020  2.30176E-031  2.05338E-034  6.72422E-013  3.54497E-025  2.64895E-019  3.89500E-021  4.90524E-015  1.84744E-019  9.03098E-017  2.39718E-024  8.71951E-018  1.00000E-040  4.99725E-014  1.00000E-040  2.91470E-032  1.78739E-016  1.00000E-040  6.54408E-026  1.21407E-015  1.49836E-025  1.00000E-003  1.00000E-005  1.00000E-005  1.00000E-005  1.00000E-005  1.00000E-005  1.00000E-005  1.00000E-005  1.00000E-005  1.00000E-005  1.00000E-005  1.00000E-005  1.00000E-005  1.00000E-005  1.00000E-005  1.00000E-005  
4.95000E+001  3.26896E-004  1.34780E+016  1.75672E+002  1.04470E+005  1.00000E-040  1.00000E-040  1.00000E-040  1.00000E-040  1.00000E-040  1.00000E-040  1.00000E-040  1.00000E-040  1.00000E-040  1.00000E-040  1.00000E-040  1.00000E-040  1.00000E-040  1.00000E-040  4.87381E-023  1.00000E-040  1.00000E-040  2.73726E-009  2.30390E-006  4.45257E-006  5.81653E-009  4.94349E-008  2.11383E-004  2.98847E-008  2.82583E-004  1.76518E-016  2.58536E-012  8.57938E-025  8.01735E-019  7.77888E-016  1.36842E-014  5.26691E-008  7.07414E-024  1.00000E-040  1.00000E-040  1.00000E-040  7.75183E-040  2.30674E-025  4.13189E-024  1.01966E-020  1.02459E-018  2.17973E-030  1.00000E-040  8.82570E-028  2.62093E-021  5.87275E-012  3.25709E-013  9.99499E-001  6.71129E-020  2.32713E-024  1.92239E-021  7.96564E-035  2.01681E-025  1.33944E-017  1.15678E-016  1.75359E-010  2.32847E-016  1.68991E-010  3.00266E-018  5.20118E-013  7.88631E-011  7.68310E-010  3.47409E-013  1.12365E-016  4.37316E-021  1.10751E-012  3.56267E-014  6.43782E-017  1.00000E-040  1.00000E-040  1.62893E-038  1.00000E-040  1.00000E-040  1.00000E-040  4.64733E-017  1.63147E-012  4.43141E-018  8.38381E-018  7.65990E-027  3.79990E-032  9.16748E-030  4.71301E-032  1.00000E-040  1.08839E-030  2.42839E-024  9.75593E-022  5.83531E-018  2.26550E-021  5.86081E-022  2.92201E-028  3.80432E-023  3.37460E-016  1.53865E-015  3.63754E-020  3.29980E-031  3.99572E-034  6.72401E-013  6.46794E-025  2.92637E-019  5.54179E-021  4.94326E-015  2.05292E-019  6.69250E-017  4.34656E-024  1.11280E-017  1.00000E-040  4.99540E-014  1.00000E-040  4.18701E-032  2.05470E-016  1.00000E-040  8.21434E-026  1.10359E-015  2.62398E-025  1.00000E-003  1.00000E-005  1.00000E-005  1.00000E-005  1.00000E-005  1.00000E-005  1.00000E-005  1.00000E-005  1.00000E-005  1.00000E-005  1.00000E-005  1.00000E-005  1.00000E-005  1.00000E-005  1.00000E-005  1.00000E-005  
5.05000E+001  2.71417E-004  1.11904E+016  1.75674E+002  1.14473E+005  1.00000E-040  1.00000E-040  1.00000E-040  1.00000E-040  1.00000E-040  1.00000E-040  1.00000E-040  1.00000E-040  1.00000E-040  1.00000E-040  1.00000E-040  1.00000E-040  1.00000E-040  1.00000E-040  4.36711E-023  1.00000E-040  1.00000E-040  4.67429E-009  2.50548E-006  4.24745E-006  6.72824E-009  6.23539E-008  2.11459E-004  3.98911E-008  2.82468E-004  2.59469E-016  3.27685E-012  2.28965E-024  1.25342E-018  1.18557E-015  1.54793E-014  4.94955E-008  1.49217E-023  3.13945E-037  1.92197E-039  2.17308E-038  7.71671E-040  3.73286E-025  6.72327E-024  1.85213E-020  1.78507E-018  5.55007E-030  1.00000E-040  1.72661E-027  4.03493E-021  5.68087E-012  4.29192E-013  9.99499E-001  1.04847E-019  2.63277E-024  2.25898E-021  1.20857E-034  4.25027E-025  2.25120E-017  1.50718E-016  2.16773E-010  3.22920E-016  1.90605E-010  2.75927E-018  5.33420E-013  7.94498E-011  6.49127E-010  3.51134E-013  8.30532E-017  9.27806E-021  1.13688E-012  2.87488E-014  6.35073E-017  1.00000E-040  1.00000E-040  5.31537E-036  1.00000E-040  1.00000E-040  1.00000E-040  4.72985E-017  1.83780E-012  4.88784E-018  9.27911E-018  8.81601E-027  5.09909E-032  1.24422E-029  9.39943E-032  1.00000E-040  2.40370E-030  3.70743E-024  1.06083E-021  7.08366E-018  3.59600E-021  8.33231E-022  3.83094E-028  6.17946E-023  3.06180E-016  1.45233E-015  4.22471E-020  4.50090E-031  7.34250E-034  6.72287E-013  1.09244E-024  2.95083E-019  7.48015E-021  4.94251E-015  2.08438E-019  4.76808E-017  7.26482E-024  1.56790E-017  1.00000E-040  4.99338E-014  1.00000E-040  5.97794E-032  2.22858E-016  1.00000E-040  1.01475E-025  1.00358E-015  4.30891E-025  1.00000E-003  1.00000E-005  1.00000E-005  1.00000E-005  1.00000E-005  1.00000E-005  1.00000E-005  1.00000E-005  1.00000E-005  1.00000E-005  1.00000E-005  1.00000E-005  1.00000E-005  1.00000E-005  1.00000E-005  1.00000E-005  
5.15000E+001  2.25364E-004  9.29327E+015  1.75644E+002  1.24475E+005  1.00000E-040  1.00000E-040  1.00000E-040  1.00000E-040  1.00000E-040  1.00000E-040  1.00000E-040  1.00000E-040  1.00000E-040  1.00000E-040  1.00000E-040  1.00000E-040  1.00000E-040  1.00000E-040  3.97406E-023  1.00000E-040  1.00000E-040  8.01102E-009  2.72201E-006  4.02598E-006  7.74723E-009  7.96738E-008  2.11542E-004  5.52080E-008  2.82335E-004  3.70696E-016  4.02894E-012  5.88657E-024  1.88256E-018  1.72074E-015  1.70572E-014  4.63380E-008  2.95056E-023  1.42223E-037  8.92306E-040  1.00748E-038  7.67818E-040  5.55630E-025  1.00437E-023  3.16617E-020  2.91515E-018  1.24688E-029  1.00000E-040  3.30155E-027  5.97483E-021  5.51434E-012  5.67466E-013  9.99499E-001  1.58624E-019  2.91699E-024  2.58197E-021  1.93364E-034  8.37861E-025  3.52660E-017  1.84595E-016  2.68326E-010  4.44165E-016  2.12607E-010  2.53288E-018  5.70796E-013  7.93637E-011  5.49955E-010  3.42439E-013  5.80627E-017  1.85984E-020  1.16939E-012  2.23305E-014  6.22485E-017  1.00000E-040  1.00000E-040  3.95843E-038  1.00000E-040  1.00000E-040  1.00000E-040  4.68028E-017  2.01671E-012  5.04018E-018  9.58075E-018  9.96203E-027  6.07060E-032  1.67416E-029  1.84390E-031  1.00000E-040  4.57139E-030  5.32718E-024  1.14179E-021  8.15386E-018  5.43982E-021  1.14809E-021  4.90031E-028  9.21370E-023  2.75733E-016  1.29024E-015  4.70844E-020  5.80648E-031  1.26612E-033  6.72099E-013  1.70495E-024  2.72212E-019  9.57001E-021  4.88550E-015  1.93866E-019  3.23442E-017  1.13219E-023  2.37602E-017  1.00000E-040  4.99115E-014  1.61831E-040  8.39817E-032  2.29627E-016  1.00000E-040  1.23454E-025  9.12115E-016  6.65371E-025  1.00000E-003  1.00000E-005  1.00000E-005  1.00000E-005  1.00000E-005  1.00000E-005  1.00000E-005  1.00000E-005  1.00000E-005  1.00000E-005  1.00000E-005  1.00000E-005  1.00000E-005  1.00000E-005  1.00000E-005  1.00000E-005  
5.25000E+001  1.87126E-004  7.71963E+015  1.75572E+002  1.34477E+005  1.00000E-040  1.00000E-040  1.00000E-040  1.00000E-040  1.00000E-040  1.00000E-040  1.00000E-040  1.00000E-040  1.00000E-040  1.00000E-040  1.00000E-040  1.00000E-040  1.00000E-040  1.00000E-040  3.68033E-023  1.00000E-040  1.00000E-040  1.37620E-008  2.95400E-006  3.78704E-006  8.86725E-009  1.03052E-007  2.11633E-004  7.98134E-008  2.82181E-004  5.13755E-016  4.80443E-012  1.46551E-023  2.73469E-018  2.38580E-015  1.82231E-014  4.32118E-008  5.52055E-023  1.00000E-040  1.00000E-040  1.00000E-040  7.63562E-040  7.68768E-025  1.38962E-023  5.14764E-020  4.50355E-018  2.50479E-029  1.00000E-040  6.25224E-027  8.58448E-021  5.38055E-012  7.54567E-013  9.99499E-001  2.31491E-019  3.17253E-024  2.86356E-021  3.29138E-034  1.54412E-024  5.14386E-017  2.13417E-016  3.32929E-010  6.06170E-016  2.34087E-010  2.32281E-018  6.36149E-013  7.83199E-011  4.65316E-010  3.21818E-013  3.83964E-017  3.53974E-020  1.20668E-012  1.66558E-014  6.05066E-017  1.00000E-040  1.00000E-040  1.55676E-040  1.00000E-040  1.00000E-040  1.00000E-040  4.48479E-017  2.14606E-012  4.88833E-018  9.26899E-018  1.10027E-026  6.47840E-032  2.18941E-029  3.49184E-031  1.00000E-040  7.60982E-030  7.23450E-024  1.20886E-021  8.98188E-018  7.89507E-021  1.53913E-021  6.06195E-028  1.27175E-022  2.44580E-016  1.07363E-015  5.02170E-020  7.03469E-031  2.03100E-033  6.71846E-013  2.45576E-024  2.30487E-019  1.16137E-020  4.75566E-015  1.65762E-019  2.07907E-017  1.65771E-023  3.74524E-017  1.00000E-040  4.98868E-014  1.00000E-040  1.14046E-031  2.25935E-016  1.00000E-040  1.47557E-025  8.27987E-016  9.67734E-025  1.00000E-003  1.00000E-005  1.00000E-005  1.00000E-005  1.00000E-005  1.00000E-005  1.00000E-005  1.00000E-005  1.00000E-005  1.00000E-005  1.00000E-005  1.00000E-005  1.00000E-005  1.00000E-005  1.00000E-005  1.00000E-005  
5.35000E+001  1.55373E-004  6.41271E+015  1.75489E+002  1.44478E+005  1.00000E-040  1.00000E-040  1.00000E-040  1.00000E-040  1.00000E-040  1.00000E-040  1.00000E-040  1.00000E-040  1.00000E-040  1.00000E-040  1.00000E-040  1.00000E-040  1.00000E-040  1.00000E-040  3.46964E-023  1.00000E-040  1.00000E-040  2.36938E-008  3.20101E-006  3.53008E-006  1.00663E-008  1.34879E-007  2.11734E-004  1.21779E-007  2.81993E-004  6.90879E-016  5.56783E-012  3.56132E-023  3.87041E-018  3.16435E-015  1.88457E-014  4.01321E-008  9.84801E-023  1.63488E-037  1.09106E-039  1.22613E-038  7.58837E-040  9.98821E-025  1.79463E-023  8.03690E-020  6.62796E-018  4.53750E-029  1.00000E-040  1.18561E-026  1.20771E-020  5.28776E-012  1.01212E-012  9.99499E-001  3.26760E-019  3.41871E-024  3.09214E-021  5.99120E-034  2.66141E-024  6.98379E-017  2.34155E-016  4.14431E-010  8.21366E-016  2.54020E-010  2.12934E-018  7.35927E-013  7.60144E-011  3.91066E-010  2.91233E-013  2.40405E-017  6.45585E-020  1.24948E-012  1.18907E-014  5.81955E-017  1.00000E-040  1.00000E-040  1.00000E-040  1.00000E-040  1.40718E-040  1.00000E-040  4.16163E-017  2.21075E-012  4.48986E-018  8.44239E-018  1.18216E-026  6.26094E-032  2.71798E-029  6.25117E-031  1.00000E-040  1.12412E-029  9.33143E-024  1.25407E-021  9.55193E-018  1.10608E-020  2.02292E-021  7.25098E-028  1.63618E-022  2.12242E-016  8.34880E-016  5.13152E-020  7.98692E-031  3.00231E-033  6.71531E-013  3.25229E-024  1.79485E-019  1.34359E-020  4.54064E-015  1.30584E-019  1.26291E-017  2.28676E-023  5.98186E-017  1.00000E-040  4.98592E-014  1.00000E-040  1.46561E-031  2.13121E-016  1.00000E-040  1.73887E-025  7.50374E-016  1.32751E-024  1.00000E-003  1.00000E-005  1.00000E-005  1.00000E-005  1.00000E-005  1.00000E-005  1.00000E-005  1.00000E-005  1.00000E-005  1.00000E-005  1.00000E-005  1.00000E-005  1.00000E-005  1.00000E-005  1.00000E-005  1.00000E-005  
5.45000E+001  1.29001E-004  5.32800E+015  1.75366E+002  1.54480E+005  1.00000E-040  1.00000E-040  1.00000E-040  1.00000E-040  1.00000E-040  1.00000E-040  1.00000E-040  1.00000E-040  1.00000E-040  1.00000E-040  1.00000E-040  1.00000E-040  1.00000E-040  1.00000E-040  3.32323E-023  1.00000E-040  1.00000E-040  4.08546E-008  3.46116E-006  3.25539E-006  1.13007E-008  1.78763E-007  2.11851E-004  1.97643E-007  2.81753E-004  9.02027E-016  6.28568E-012  8.49848E-023  5.37725E-018  4.01874E-015  1.88448E-014  3.71120E-008  1.68402E-022  1.00000E-040  1.00000E-040  1.00000E-040  7.53568E-040  1.22791E-024  2.17267E-023  1.21438E-019  9.34094E-018  7.45947E-029  1.00000E-040  2.26576E-026  1.67750E-020  5.24534E-012  1.37413E-012  9.99499E-001  4.47697E-019  3.68601E-024  3.27231E-021  1.16463E-033  4.28966E-024  8.82269E-017  2.45155E-016  5.17992E-010  1.10441E-015  2.71060E-010  1.94854E-018  8.79756E-013  7.22681E-011  3.25484E-010  2.53891E-013  1.43216E-017  1.12178E-019  1.30002E-012  8.11078E-015  5.52522E-017  1.00000E-040  1.00000E-040  1.00000E-040  1.00000E-040  2.51318E-038  1.00000E-040  3.75035E-017  2.20256E-012  3.94439E-018  7.28458E-018  1.22997E-026  5.53323E-032  3.12580E-029  1.03274E-030  1.00000E-040  1.49136E-029  1.14751E-023  1.26825E-021  9.88035E-018  1.50321E-020  2.63374E-021  8.28663E-028  1.97076E-022  1.78883E-016  6.05666E-016  5.02733E-020  8.45465E-031  4.05796E-033  6.71156E-013  3.95650E-024  1.28871E-019  1.48651E-020  4.23552E-015  9.50225E-020  7.24440E-018  2.97744E-023  9.52916E-017  3.77816E-037  4.98283E-014  1.00000E-040  1.73901E-031  1.93203E-016  1.00000E-040  2.01124E-025  6.78683E-016  1.71769E-024  1.00000E-003  1.00000E-005  1.00000E-005  1.00000E-005  1.00000E-005  1.00000E-005  1.00000E-005  1.00000E-005  1.00000E-005  1.00000E-005  1.00000E-005  1.00000E-005  1.00000E-005  1.00000E-005  1.00000E-005  1.00000E-005  
5.55000E+001  1.07097E-004  4.42647E+015  1.75242E+002  1.64481E+005  1.00000E-040  1.00000E-040  1.00000E-040  1.00000E-040  1.00000E-040  1.00000E-040  1.00000E-040  1.00000E-040  1.00000E-040  1.00000E-040  1.00000E-040  1.00000E-040  1.00000E-040  1.00000E-040  3.22507E-023  1.00000E-040  1.00000E-040  7.06423E-008  3.73048E-006  2.96421E-006  1.24991E-008  2.40211E-007  2.11997E-004  3.40636E-007  2.81425E-004  1.14526E-015  6.93596E-012  2.01275E-022  7.39523E-018  4.88055E-015  1.82312E-014  3.41613E-008  2.77390E-022  2.86766E-038  1.00000E-040  1.00000E-040  7.47671E-040  1.44001E-024  2.47779E-023  1.79038E-019  1.26552E-017  1.11436E-028  1.00000E-040  4.36382E-026  2.32164E-020  5.26432E-012  1.89640E-012  9.99499E-001  5.99455E-019  4.02488E-024  3.42799E-021  2.40912E-033  6.45531E-024  1.03490E-016  2.46498E-016  6.50678E-010  1.47445E-015  2.84023E-010  1.77963E-018  1.08142E-012  6.70295E-011  2.67043E-010  2.13350E-013  8.15324E-018  1.85469E-019  1.35943E-012  5.27153E-015  5.16511E-017  1.00000E-040  1.00000E-040  1.00000E-040  1.00000E-040  1.30451E-037  1.00000E-040  3.29794E-017  2.12312E-012  3.35319E-018  5.99001E-018  1.23372E-026  4.51254E-032  3.24326E-029  1.53817E-030  1.00000E-040  1.78961E-029  1.35123E-023  1.24826E-021  1.00137E-017  1.99199E-020  3.43374E-021  9.08927E-028  2.23117E-022  1.45562E-016  4.09354E-016  4.73907E-020  8.37323E-031  4.94268E-033  6.70717E-013  4.38716E-024  8.53491E-020  1.58309E-020  3.84444E-015  6.38796E-020  3.92081E-018  3.64635E-023  1.50268E-016  1.56537E-036  4.97934E-014  4.33884E-039  1.85745E-031  1.68566E-016  1.00000E-040  2.29414E-025  6.12421E-016  2.08939E-024  1.00000E-003  1.00000E-005  1.00000E-005  1.00000E-005  1.00000E-005  1.00000E-005  1.00000E-005  1.00000E-005  1.00000E-005  1.00000E-005  1.00000E-005  1.00000E-005  1.00000E-005  1.00000E-005  1.00000E-005  1.00000E-005  
5.65000E+001  8.89041E-005  3.67827E+015  1.75063E+002  1.74482E+005  1.00000E-040  1.00000E-040  1.00000E-040  1.00000E-040  1.00000E-040  1.00000E-040  1.00000E-040  1.00000E-040  1.00000E-040  1.00000E-040  1.00000E-040  1.00000E-040  1.00000E-040  1.00000E-040  3.16001E-023  1.00000E-040  1.00000E-040  1.22754E-007  4.00193E-006  2.65866E-006  1.36582E-008  3.26101E-007  2.12199E-004  6.14479E-007  2.80942E-004  1.41728E-015  7.46774E-012  4.77277E-022  1.01497E-017  5.66857E-015  1.71635E-014  3.12856E-008  4.41158E-022  1.55935E-035  1.34157E-037  1.48378E-036  7.41052E-040  1.62362E-024  2.67468E-023  2.57375E-019  1.65293E-017  1.52371E-028  1.00000E-040  8.43183E-026  3.22832E-020  5.35810E-012  2.65420E-012  9.99499E-001  7.96515E-019  4.54498E-024  3.62288E-021  5.28685E-033  8.99138E-024  1.11785E-016  2.40395E-016  8.22395E-010  1.96783E-015  2.93227E-010  1.62915E-018  1.36024E-012  6.09527E-011  2.14521E-010  1.74025E-013  4.47827E-018  2.86620E-019  1.43170E-012  3.29295E-015  4.74263E-017  1.00000E-040  1.00000E-040  1.00000E-040  1.00000E-040  1.00000E-040  1.00000E-040  2.84632E-017  1.98146E-012  2.81587E-018  4.74724E-018  1.18712E-026  3.45917E-032  2.93509E-029  2.00008E-030  1.00000E-040  1.95022E-029  1.53981E-023  1.20500E-021  1.00584E-017  2.58455E-020  4.52127E-021  9.47771E-028  2.38576E-022  1.14337E-016  2.59246E-016  4.31781E-020  7.72832E-031  5.25466E-033  6.70209E-013  4.42696E-024  5.30305E-020  1.63445E-020  3.38099E-015  4.03290E-020  2.02064E-018  4.21771E-023  2.33712E-016  1.00000E-040  4.97540E-014  6.57664E-038  1.73052E-031  1.41476E-016  1.00000E-040  2.57963E-025  5.51139E-016  2.36281E-024  1.00000E-003  1.00000E-005  1.00000E-005  1.00000E-005  1.00000E-005  1.00000E-005  1.00000E-005  1.00000E-005  1.00000E-005  1.00000E-005  1.00000E-005  1.00000E-005  1.00000E-005  1.00000E-005  1.00000E-005  1.00000E-005  
5.75000E+001  7.37911E-005  3.05633E+015  1.74872E+002  1.84483E+005  1.00000E-040  1.00000E-040  1.00000E-040  1.00000E-040  1.00000E-040  1.00000E-040  1.00000E-040  1.00000E-040  1.00000E-040  1.00000E-040  1.00000E-040  1.00000E-040  1.00000E-040  1.00000E-040  3.11774E-023  1.00000E-040  1.00000E-040  2.20731E-007  4.26397E-006  2.33821E-006  1.51727E-008  4.45757E-007  2.12509E-004  1.13670E-006  2.80181E-004  1.72270E-015  7.71503E-012  1.18910E-021  1.41040E-017  6.28570E-015  1.58561E-014  2.84865E-008  6.77220E-022  1.00000E-040  1.00000E-040  1.00000E-040  7.33606E-040  1.75711E-024  2.71876E-023  3.51993E-019  2.08745E-017  1.90546E-028  1.00000E-040  1.62967E-025  4.55937E-020  5.54357E-012  3.69086E-012  9.99499E-001  1.08794E-018  5.58398E-024  3.97927E-021  1.28245E-032  1.12405E-023  1.07850E-016  2.29474E-016  1.04734E-009  2.71078E-015  3.04734E-010  1.52716E-018  1.74308E-012  5.50380E-011  1.64787E-010  1.38034E-013  2.32860E-018  4.11675E-019  1.51919E-012  1.99845E-015  4.26738E-017  1.00000E-040  1.00000E-040  1.00000E-040  1.00000E-040  7.13815E-039  1.00000E-040  2.42413E-017  1.76443E-012  2.38535E-018  3.64588E-018  1.08840E-026  2.53156E-032  2.16664E-029  2.18622E-030  1.00000E-040  1.87670E-029  1.74024E-023  1.17830E-021  1.01074E-017  3.30160E-020  6.00397E-021  9.69376E-028  2.38754E-022  8.50850E-017  1.53019E-016  3.72845E-020  6.83445E-031  4.42795E-033  6.69624E-013  4.04814E-024  3.18278E-020  1.68969E-020  2.86480E-015  2.46362E-020  9.84888E-019  4.71908E-023  3.58347E-016  4.12341E-038  4.97092E-014  3.00614E-038  1.34115E-031  1.13298E-016  1.00000E-040  2.96760E-025  4.94410E-016  2.41638E-024  1.00000E-003  1.00000E-005  1.00000E-005  1.00000E-005  1.00000E-005  1.00000E-005  1.00000E-005  1.00000E-005  1.00000E-005  1.00000E-005  1.00000E-005  1.00000E-005  1.00000E-005  1.00000E-005  1.00000E-005  1.00000E-005  
5.85000E+001  6.12377E-005  2.53946E+015  1.74660E+002  1.94484E+005  1.00000E-040  1.00000E-040  1.00000E-040  1.00000E-040  1.00000E-040  1.00000E-040  1.00000E-040  1.00000E-040  1.00000E-040  1.00000E-040  1.00000E-040  1.00000E-040  1.00000E-040  1.00000E-040  3.09074E-023  1.00000E-040  1.00000E-040  4.40356E-007  4.49537E-006  1.98637E-006  1.55170E-008  7.48569E-007  2.12972E-004  2.12780E-006  2.78919E-004  2.03211E-015  7.88489E-012  3.53980E-021  1.98954E-017  6.01680E-015  1.18462E-014  2.57624E-008  1.01932E-021  1.00000E-040  1.00000E-040  1.00000E-040  7.25213E-040  1.63432E-024  2.21624E-023  5.07389E-019  2.55162E-017  1.64528E-028  1.00000E-040  3.17502E-025  6.64199E-020  5.84273E-012  6.15404E-012  9.99498E-001  1.26827E-018  5.72956E-024  4.50356E-021  3.15344E-032  1.12489E-023  8.29511E-017  1.81435E-016  1.34424E-009  3.40647E-015  2.92844E-010  1.32842E-018  2.26721E-012  4.32232E-011  1.39639E-010  9.11584E-014  1.07617E-018  5.36322E-019  1.62080E-012  9.75067E-016  3.75470E-017  1.00000E-040  1.00000E-040  1.00000E-040  1.00000E-040  7.61720E-038  1.00000E-040  2.05090E-017  1.34424E-012  1.90621E-018  2.34356E-018  9.40661E-027  1.23915E-032  1.12181E-029  1.85602E-030  1.00000E-040  1.37336E-029  1.54914E-023  8.78286E-022  8.59869E-018  4.18653E-020  6.98545E-021  9.07618E-028  1.93568E-022  4.48544E-017  6.25116E-017  2.59853E-020  5.43687E-031  2.36952E-033  6.68953E-013  2.71385E-024  1.23139E-020  1.51197E-020  2.31823E-015  9.51216E-021  3.30959E-019  4.44592E-023  5.42976E-016  3.14866E-037  4.96583E-014  1.00000E-040  7.21294E-032  8.42019E-017  1.00000E-040  3.06141E-025  4.41887E-016  2.10585E-024  1.00000E-003  1.00000E-005  1.00000E-005  1.00000E-005  1.00000E-005  1.00000E-005  1.00000E-005  1.00000E-005  1.00000E-005  1.00000E-005  1.00000E-005  1.00000E-005  1.00000E-005  1.00000E-005  1.00000E-005  1.00000E-005  
5.95000E+001  5.08098E-005  2.11033E+015  1.74387E+002  2.04485E+005  1.00000E-040  1.00000E-040  1.00000E-040  1.00000E-040  1.00000E-040  1.00000E-040  1.00000E-040  1.00000E-040  1.00000E-040  1.00000E-040  1.00000E-040  1.00000E-040  1.00000E-040  1.00000E-040  3.07502E-023  1.00000E-040  1.00068E-040  8.73313E-007  4.65896E-006  1.59720E-006  8.20189E-009  2.47105E-006  2.13133E-004  3.90823E-006  2.76829E-004  2.14116E-015  9.49188E-012  1.48783E-020  2.39595E-017  3.39174E-015  4.49481E-015  2.31110E-008  1.70968E-021  4.57914E-036  1.33167E-037  1.36147E-036  7.15742E-040  1.02320E-024  1.11494E-023  1.34371E-018  2.96628E-017  4.78360E-029  1.00000E-040  6.31497E-025  1.02215E-019  6.28569E-012  4.54006E-011  9.99496E-001  1.82755E-018  3.96993E-024  7.02498E-021  4.82060E-032  6.75472E-024  3.81285E-017  6.44696E-017  1.71766E-009  2.21855E-015  1.70733E-010  6.82479E-019  2.98401E-012  1.84018E-011  2.21356E-010  3.95791E-014  5.68560E-019  6.25274E-019  1.68062E-012  2.48434E-016  3.22513E-017  1.00000E-040  1.00000E-040  1.00000E-040  1.00000E-040  1.86022E-037  1.00000E-040  1.75280E-017  8.38225E-013  1.25179E-018  6.99964E-019  7.54808E-027  1.43873E-033  3.57196E-030  9.58754E-031  1.00000E-040  6.61628E-030  4.87712E-024  1.62930E-022  4.27038E-018  5.33874E-020  4.53174E-021  5.70138E-028  1.03759E-022  1.11273E-017  9.91114E-018  2.57868E-020  3.18982E-031  7.73014E-034  6.68182E-013  5.62998E-025  8.20715E-022  6.67600E-021  1.79740E-015  5.25993E-022  4.20622E-020  1.63195E-023  8.15367E-016  2.89228E-037  4.96002E-014  1.04819E-037  2.36592E-032  5.96346E-017  2.98296E-040  1.58076E-025  3.93137E-016  1.43902E-024  1.00000E-003  1.00000E-005  1.00000E-005  1.00000E-005  1.00000E-005  1.00000E-005  1.00000E-005  1.00000E-005  1.00000E-005  1.00000E-005  1.00000E-005  1.00000E-005  1.00000E-005  1.00000E-005  1.00000E-005  1.00000E-005  
6.05000E+001  4.21477E-005  1.75333E+015  1.74111E+002  2.14485E+005  1.00000E-040  1.00000E-040  1.00000E-040  1.00000E-040  1.00000E-040  1.00000E-040  1.00000E-040  1.00000E-040  1.00000E-040  1.00000E-040  1.00000E-040  1.00000E-040  1.00000E-040  1.00000E-040  3.06260E-023  1.00000E-040  1.00486E-040  1.36424E-006  4.75278E-006  1.24789E-006  3.10362E-009  8.69597E-006  2.11354E-004  6.37977E-006  2.74004E-004  2.00114E-015  1.01720E-011  1.40935E-019  2.59259E-017  1.47948E-015  1.63579E-015  2.05321E-008  3.54616E-021  1.00000E-040  1.00000E-040  1.00000E-040  7.05045E-040  4.35615E-025  4.55880E-024  4.37046E-018  3.15463E-017  1.34126E-029  1.00000E-040  1.23626E-024  1.69370E-019  6.91594E-012  9.26579E-010  9.99492E-001  1.19519E-017  7.85680E-024  1.97358E-020  1.40359E-031  2.28933E-024  9.83795E-018  1.77463E-017  1.83655E-009  8.90180E-016  7.10647E-011  2.77329E-019  3.96193E-012  5.45074E-012  4.34883E-010  2.27870E-014  4.74524E-019  7.15397E-019  1.46783E-012  5.30490E-017  2.70069E-017  1.00000E-040  1.00000E-040  1.00000E-040  1.00000E-040  5.20752E-039  1.00000E-040  1.50334E-017  5.70469E-013  5.54208E-019  1.04476E-019  5.56882E-027  1.23687E-034  1.00290E-030  2.99083E-031  1.00000E-040  3.84267E-030  1.09515E-024  1.72947E-023  2.10645E-018  6.91457E-020  2.17485E-021  8.51194E-028  4.48805E-023  2.88664E-018  1.66372E-018  6.34391E-020  5.68766E-031  2.71806E-034  6.67298E-013  4.68596E-026  4.28860E-023  2.21925E-021  1.37784E-015  1.49880E-023  4.93356E-021  2.90910E-024  1.20273E-015  1.00000E-040  4.95337E-014  1.00000E-040  1.04043E-032  4.62206E-017  1.15279E-035  6.00425E-026  3.47327E-016  7.95633E-025  1.00000E-003  1.00000E-005  1.00000E-005  1.00000E-005  1.00000E-005  1.00000E-005  1.00000E-005  1.00000E-005  1.00000E-005  1.00000E-005  1.00000E-005  1.00000E-005  1.00000E-005  1.00000E-005  1.00000E-005  1.00000E-005  
6.15000E+001  3.49540E-005  1.45649E+015  1.73822E+002  2.24486E+005  1.00000E-040  1.00000E-040  1.00000E-040  1.00000E-040  1.00000E-040  1.00000E-040  1.00000E-040  1.00000E-040  1.00000E-040  1.00000E-040  1.00000E-040  1.00000E-040  1.00000E-040  1.00000E-040  3.04227E-023  1.00000E-040  1.00967E-040  1.80351E-006  4.80925E-006  9.61743E-007  1.48370E-009  2.08680E-005  2.06779E-004  9.29969E-006  2.70681E-004  1.76174E-015  9.11881E-012  1.51209E-018  3.02085E-017  8.41529E-016  8.90200E-016  1.80357E-008  7.21224E-021  1.68017E-036  3.03719E-037  2.22823E-036  6.92962E-040  1.70866E-025  2.00894E-024  9.50148E-018  3.10677E-017  1.61473E-029  1.00000E-040  2.18080E-024  3.01316E-019  7.79538E-012  1.19145E-008  9.99485E-001  7.01587E-017  1.95928E-023  5.80955E-020  7.31141E-031  5.74642E-025  1.86889E-018  7.53958E-018  1.12018E-009  2.50025E-016  3.34378E-011  1.44156E-019  5.26522E-012  1.51546E-012  6.56578E-010  1.23854E-014  2.93333E-019  8.12877E-019  1.09905E-012  1.10147E-017  2.19931E-017  1.00000E-040  1.00000E-040  1.00000E-040  1.00000E-040  9.46535E-040  1.00000E-040  1.27792E-017  4.12578E-013  2.41448E-019  1.76580E-020  3.80461E-027  2.41406E-035  3.48917E-031  8.02621E-032  1.00000E-040  3.36430E-030  3.28090E-025  3.40836E-024  1.56008E-018  9.07762E-020  1.33235E-021  9.22661E-027  2.02741E-023  1.13302E-018  5.97078E-019  1.96201E-019  4.54416E-030  1.36016E-034  6.66282E-013  3.62509E-027  5.87242E-024  9.26455E-022  1.06461E-015  1.12480E-024  1.05382E-021  6.08105E-025  1.72007E-015  1.00000E-040  4.94576E-014  1.00000E-040  4.94365E-033  3.95761E-017  1.03322E-031  2.80851E-026  3.04146E-016  3.97095E-025  1.00000E-003  1.00000E-005  1.00000E-005  1.00000E-005  1.00000E-005  1.00000E-005  1.00000E-005  1.00000E-005  1.00000E-005  1.00000E-005  1.00000E-005  1.00000E-005  1.00000E-005  1.00000E-005  1.00000E-005  1.00000E-005  
6.25000E+001  2.89805E-005  1.20975E+015  1.73511E+002  2.34487E+005  1.00000E-040  1.00000E-040  1.00000E-040  1.00000E-040  1.00000E-040  1.00000E-040  1.00000E-040  1.00000E-040  1.00000E-040  1.00000E-040  1.00000E-040  1.00000E-040  1.00000E-040  1.00000E-040  2.99841E-023  1.00000E-040  1.01521E-040  2.16938E-006  4.84592E-006  7.33749E-007  8.38871E-010  3.86845E-005  1.99519E-004  1.25716E-005  2.66950E-004  1.54630E-015  8.06774E-012  1.22883E-017  3.65901E-017  6.02295E-016  6.30903E-016  1.56421E-008  1.28969E-020  1.00000E-040  1.00000E-040  1.00000E-040  6.79318E-040  6.76344E-026  9.49550E-025  1.51990E-017  2.96292E-017  7.56501E-029  1.00000E-040  3.35660E-024  5.67085E-019  8.99634E-012  8.09400E-008  9.99474E-001  2.56973E-016  3.77550E-023  1.29461E-019  3.88221E-030  1.69500E-025  4.15034E-019  4.28253E-018  6.32239E-010  7.62575E-017  1.77833E-011  9.85261E-020  6.85103E-012  4.22762E-013  8.17457E-010  6.49731E-015  1.52110E-019  8.98451E-019  8.68497E-013  2.33159E-018  1.73665E-017  1.00000E-040  1.00000E-040  1.00000E-040  1.00000E-040  1.63340E-039  1.00000E-040  1.07166E-017  3.05697E-013  1.22276E-019  4.78311E-021  2.45001E-027  8.21840E-036  1.88701E-031  2.74776E-032  1.00000E-040  3.58015E-030  1.54368E-025  1.04802E-024  1.54337E-018  1.19772E-019  1.00110E-021  6.69358E-026  9.71711E-024  5.87185E-019  3.45598E-019  5.21949E-019  2.48897E-029  1.13996E-034  6.65116E-013  3.87758E-028  1.51965E-024  4.63685E-022  8.38284E-016  1.67799E-025  3.47659E-022  1.63570E-025  2.37928E-015  1.00000E-040  4.93704E-014  1.00000E-040  2.82506E-033  3.60271E-017  2.58558E-028  1.53879E-026  2.63652E-016  1.93427E-025  1.00000E-003  1.00000E-005  1.00000E-005  1.00000E-005  1.00000E-005  1.00000E-005  1.00000E-005  1.00000E-005  1.00000E-005  1.00000E-005  1.00000E-005  1.00000E-005  1.00000E-005  1.00000E-005  1.00000E-005  1.00000E-005  
6.35000E+001  2.40212E-005  1.00455E+015  1.73197E+002  2.44487E+005  1.00000E-040  1.00000E-040  1.00000E-040  1.00000E-040  1.00000E-040  1.00000E-040  1.00000E-040  1.00000E-040  1.00000E-040  1.00000E-040  1.00000E-040  1.00000E-040  1.00000E-040  1.00000E-040  2.91074E-023  1.00000E-040  1.02161E-040  2.46383E-006  4.87131E-006  5.54827E-007  5.17758E-010  6.11906E-005  1.90044E-004  1.61538E-005  2.62846E-004  1.39380E-015  7.44571E-012  7.57935E-017  4.47205E-017  4.97290E-016  5.20801E-016  1.33794E-008  2.09085E-020  1.00000E-040  1.00000E-040  1.00000E-040  6.63927E-040  2.78146E-026  4.80815E-025  2.04954E-017  2.80828E-017  3.82087E-028  1.00000E-040  4.62162E-024  1.10281E-018  1.05664E-011  3.32767E-007  9.99462E-001  6.29907E-016  5.46127E-023  2.11172E-019  1.85016E-029  8.97622E-026  1.64889E-019  2.84012E-018  3.89491E-010  2.80495E-017  1.02232E-011  7.96456E-020  8.47805E-012  1.20817E-013  8.99136E-010  3.59635E-015  7.76665E-020  9.52133E-019  7.41772E-013  5.19291E-019  1.32629E-017  1.00000E-040  1.00000E-040  1.00000E-040  1.00000E-040  2.53179E-039  1.00000E-040  8.84590E-018  2.28301E-013  6.99546E-020  1.80220E-021  1.51786E-027  3.75384E-036  2.22123E-031  1.93594E-032  1.00000E-040  4.21988E-030  9.77342E-026  4.15641E-025  1.81673E-018  1.57070E-019  8.39696E-022  2.56522E-025  4.96830E-024  3.60956E-019  2.47130E-019  1.13191E-018  7.66032E-029  2.16176E-034  6.63774E-013  8.09195E-029  5.62176E-025  2.63017E-022  6.76237E-016  3.69494E-026  1.49859E-022  5.31095E-026  3.18923E-015  1.00000E-040  4.92706E-014  1.00000E-040  3.10448E-033  3.37145E-017  1.95330E-025  9.37757E-027  2.26034E-016  9.61011E-026  1.00000E-003  1.00000E-005  1.00000E-005  1.00000E-005  1.00000E-005  1.00000E-005  1.00000E-005  1.00000E-005  1.00000E-005  1.00000E-005  1.00000E-005  1.00000E-005  1.00000E-005  1.00000E-005  1.00000E-005  1.00000E-005  
6.45000E+001  1.99054E-005  8.33766E+014  1.72919E+002  2.54488E+005  1.00000E-040  1.00000E-040  1.00000E-040  1.00000E-040  1.00000E-040  1.00000E-040  1.00000E-040  1.00000E-040  1.00000E-040  1.00000E-040  1.00000E-040  1.00000E-040  1.00000E-040  1.00000E-040  2.76189E-023  1.00000E-040  1.02902E-040  2.69591E-006  4.88991E-006  4.16039E-007  3.33548E-010  8.72932E-005  1.78902E-004  2.00249E-005  2.58380E-004  1.29230E-015  7.12501E-012  3.70608E-016  5.43745E-017  4.46294E-016  4.68397E-016  1.12786E-008  3.21551E-020  1.00000E-040  1.00000E-040  1.00000E-040  6.46591E-040  1.19977E-026  2.61053E-025  2.53086E-017  2.64254E-017  1.61647E-027  1.00000E-040  5.89796E-024  2.14643E-018  1.24808E-011  9.70784E-007  9.99446E-001  1.16941E-015  6.41020E-023  2.69795E-019  7.71050E-029  7.40230E-026  1.01917E-019  2.04710E-018  2.50949E-010  1.15159E-017  6.17283E-012  6.97419E-020  9.77847E-012  3.56499E-014  9.06912E-010  2.01726E-015  3.87233E-020  9.58755E-019  6.71585E-013  1.21754E-019  9.78001E-018  1.00000E-040  1.00000E-040  1.00000E-040  1.00000E-040  2.61084E-039  1.00000E-040  7.17896E-018  1.70548E-013  4.38984E-020  8.12906E-022  9.21539E-028  2.03997E-036  4.36568E-031  2.30456E-032  1.00000E-040  5.32317E-030  7.11752E-026  1.91577E-025  2.33832E-018  2.02481E-019  7.45273E-022  6.23019E-025  2.71672E-024  2.47440E-019  1.92996E-019  2.09259E-018  1.53010E-028  6.89179E-034  6.62230E-013  2.73272E-029  2.50736E-025  1.63894E-022  5.59679E-016  1.01629E-026  7.59264E-023  1.93611E-026  4.15454E-015  1.00000E-040  4.91561E-014  1.00000E-040  5.48531E-033  3.16141E-017  5.00513E-023  6.23768E-027  1.91534E-016  5.05666E-026  1.00000E-003  1.00000E-005  1.00000E-005  1.00000E-005  1.00000E-005  1.00000E-005  1.00000E-005  1.00000E-005  1.00000E-005  1.00000E-005  1.00000E-005  1.00000E-005  1.00000E-005  1.00000E-005  1.00000E-005  1.00000E-005  
6.55000E+001  1.64917E-005  6.91436E+014  1.72755E+002  2.64488E+005  1.00000E-040  1.00000E-040  1.00000E-040  1.00000E-040  1.00000E-040  1.00000E-040  1.00000E-040  1.00000E-040  1.00000E-040  1.00000E-040  1.00000E-040  1.00000E-040  1.00000E-040  1.00000E-040  2.54334E-023  1.00000E-040  1.03762E-040  2.87626E-006  4.90430E-006  3.09495E-007  2.19122E-010  1.15948E-004  1.66629E-004  2.41726E-005  2.53557E-004  1.22261E-015  6.92819E-012  1.49534E-015  6.56936E-017  4.19086E-016  4.40669E-016  9.36847E-009  4.82136E-020  4.02775E-037  3.81273E-039  1.08477E-036  6.27106E-040  5.39940E-027  1.50913E-025  2.98146E-017  2.44404E-017  5.79901E-027  1.00000E-040  7.16135E-024  4.05061E-018  1.46139E-011  2.22850E-006  9.99429E-001  1.78687E-015  6.48031E-023  2.87136E-019  2.82979E-028  7.30867E-026  7.55791E-020  1.54954E-018  1.65039E-010  5.04873E-018  3.84826E-012  6.34154E-020  1.04701E-011  1.08854E-014  8.55125E-010  1.12761E-015  1.88089E-020  9.12869E-019  6.31296E-013  2.96934E-020  6.95977E-018  1.00000E-040  1.00000E-040  1.00000E-040  1.00000E-040  1.98781E-039  1.00000E-040  5.72602E-018  1.26961E-013  2.97103E-020  4.08024E-022  5.56344E-028  1.21515E-036  8.85869E-031  2.87197E-032  1.00000E-040  7.02558E-030  5.61673E-026  9.73762E-026  3.09235E-018  2.54407E-019  6.83927E-022  1.09692E-024  1.57692E-024  1.82271E-019  1.56415E-019  3.41473E-018  2.24098E-028  2.27644E-033  6.60450E-013  1.11954E-029  1.25138E-025  1.10461E-022  4.74803E-016  3.19313E-027  4.23022E-023  7.49451E-027  5.27765E-015  1.00000E-040  4.90248E-014  1.00000E-040  9.82420E-033  2.91665E-017  5.05665E-021  4.53139E-027  1.60376E-016  2.96186E-026  1.00000E-003  1.00000E-005  1.00000E-005  1.00000E-005  1.00000E-005  1.00000E-005  1.00000E-005  1.00000E-005  1.00000E-005  1.00000E-005  1.00000E-005  1.00000E-005  1.00000E-005  1.00000E-005  1.00000E-005  1.00000E-005  
6.65000E+001  1.36619E-005  5.73340E+014  1.72590E+002  2.74489E+005  1.00000E-040  1.00000E-040  1.00000E-040  1.00000E-040  1.00000E-040  1.00000E-040  1.00000E-040  1.00000E-040  1.00000E-040  1.00000E-040  1.00000E-040  1.00000E-040  1.00000E-040  1.00000E-040  2.25827E-023  1.00000E-040  1.04761E-040  3.01499E-006  4.91604E-006  2.28541E-007  1.45944E-010  1.46194E-004  1.53715E-004  2.85854E-005  2.48377E-004  1.16725E-015  6.76220E-012  5.14273E-015  8.00147E-017  4.01718E-016  4.22660E-016  7.67112E-009  7.12019E-020  1.00000E-040  4.38917E-039  1.00000E-040  6.05277E-040  2.52788E-027  9.18956E-026  3.40703E-017  2.20775E-017  1.81413E-026  1.00000E-040  8.40585E-024  7.23806E-018  1.67526E-011  4.31089E-006  9.99411E-001  2.38046E-015  5.90988E-023  2.67867E-019  9.40120E-028  7.92483E-026  6.19187E-020  1.22791E-018  1.10103E-010  2.32394E-018  2.45574E-012  5.80144E-020  1.04904E-011  3.44190E-015  7.66448E-010  6.28997E-016  8.99939E-021  8.20932E-019  6.06793E-013  7.46128E-021  4.78374E-018  1.00000E-040  1.00000E-040  1.00000E-040  1.00000E-040  1.22619E-039  1.00000E-040  4.49039E-018  9.40234E-014  2.12896E-020  2.23573E-022  3.38097E-028  7.72547E-037  1.71475E-030  3.51378E-032  1.00000E-040  9.48877E-030  4.74345E-026  5.36755E-026  4.03445E-018  3.09441E-019  6.51737E-022  1.54295E-024  9.63397E-025  1.40770E-019  1.28489E-019  5.03369E-018  2.64251E-028  7.14882E-033  6.58397E-013  5.13371E-030  6.81979E-026  7.88287E-023  4.12102E-016  1.11946E-027  2.49538E-023  3.00843E-027  6.55208E-015  1.00000E-040  4.88740E-014  1.00000E-040  1.68296E-032  2.61767E-017  2.33582E-019  3.55913E-027  1.32720E-016  2.05030E-026  1.00000E-003  1.00000E-005  1.00000E-005  1.00000E-005  1.00000E-005  1.00000E-005  1.00000E-005  1.00000E-005  1.00000E-005  1.00000E-005  1.00000E-005  1.00000E-005  1.00000E-005  1.00000E-005  1.00000E-005  1.00000E-005  
6.75000E+001  1.13163E-005  4.75364E+014  1.72423E+002  2.84489E+005  1.00000E-040  1.00000E-040  1.00000E-040  1.00000E-040  1.00000E-040  1.00000E-040  1.00000E-040  1.00000E-040  1.00000E-040  1.00000E-040  1.00000E-040  1.00000E-040  1.00000E-040  1.00000E-040  1.92921E-023  1.00000E-040  1.05925E-040  3.12106E-006  4.92620E-006  1.67676E-007  9.82103E-011  1.77210E-004  1.40588E-004  3.32464E-005  2.42845E-004  1.11576E-015  6.55756E-012  1.54940E-014  1.01806E-016  3.87451E-016  4.07254E-016  6.19834E-009  1.04086E-019  2.96758E-037  1.00000E-040  3.39409E-037  5.80924E-040  1.22080E-027  5.83406E-026  3.80693E-017  1.93900E-017  5.05834E-026  1.00000E-040  9.62030E-024  1.21630E-017  1.86558E-011  7.37139E-006  9.99391E-001  2.87860E-015  5.02293E-023  2.26927E-019  2.97303E-027  9.35173E-026  5.56668E-020  1.04330E-018  7.42613E-011  1.11732E-018  1.59447E-012  5.29605E-020  9.95694E-012  1.12625E-015  6.58460E-010  3.50571E-016  4.26587E-021  6.98514E-019  5.90659E-013  1.91783E-021  3.18280E-018  1.00000E-040  1.00000E-040  1.00000E-040  1.00000E-040  6.52605E-040  1.00000E-040  3.46622E-018  6.92484E-014  1.59872E-020  1.34979E-022  2.08600E-028  5.29094E-037  3.15082E-030  4.20607E-032  1.00000E-040  1.29257E-029  4.36799E-026  3.24907E-026  5.09909E-018  3.63604E-019  6.62899E-022  1.85705E-024  6.13222E-025  1.12198E-019  1.05944E-019  6.84613E-018  2.67954E-028  2.11832E-032  6.56029E-013  2.60880E-030  4.09482E-026  5.89527E-023  3.64956E-016  4.41639E-028  1.52056E-023  1.22967E-027  7.97707E-015  1.00000E-040  4.87005E-014  3.83477E-039  2.76127E-032  2.27145E-017  5.63494E-018  3.08215E-027  1.08627E-016  1.75068E-026  1.00000E-003  1.00000E-005  1.00000E-005  1.00000E-005  1.00000E-005  1.00000E-005  1.00000E-005  1.00000E-005  1.00000E-005  1.00000E-005  1.00000E-005  1.00000E-005  1.00000E-005  1.00000E-005  1.00000E-005  1.00000E-005  
6.85000E+001  9.37385E-006  3.93386E+014  1.72590E+002  2.94489E+005  1.00000E-040  1.00000E-040  1.00000E-040  1.00000E-040  1.00000E-040  1.00000E-040  1.00000E-040  1.00000E-040  1.00000E-040  1.00000E-040  1.00000E-040  1.00000E-040  1.00000E-040  1.00000E-040  1.59150E-023  1.00000E-040  1.07281E-040  3.20213E-006  4.93550E-006  1.22352E-007  6.61564E-011  2.08349E-004  1.27583E-004  3.81355E-005  2.36968E-004  1.06550E-015  6.22191E-012  4.18791E-014  1.41888E-016  3.73496E-016  3.91558E-016  4.94879E-009  1.51429E-019  2.99300E-037  1.09982E-037  8.52958E-037  5.53885E-040  5.94624E-028  3.82368E-026  4.18009E-017  1.64618E-017  1.27118E-025  1.00000E-040  1.07780E-023  1.94457E-017  2.01256E-011  1.15264E-005  9.99369E-001  3.24591E-015  4.05145E-023  1.77933E-019  9.52588E-027  1.21239E-025  5.54248E-020  9.85167E-019  5.02295E-011  6.04038E-019  1.04622E-012  4.96672E-020  9.06242E-012  3.79585E-016  5.39609E-010  1.93725E-016  1.98386E-021  5.64317E-019  5.78936E-013  4.98326E-022  2.05584E-018  1.00000E-040  1.00000E-040  1.00000E-040  1.00000E-040  3.09272E-040  1.00000E-040  2.63766E-018  5.07353E-014  1.26584E-020  9.12352E-023  1.31060E-028  3.99585E-037  5.47398E-030  4.82748E-032  1.00000E-040  1.76716E-029  4.53755E-026  2.22505E-026  6.25213E-018  4.14132E-019  7.46197E-022  1.99782E-024  4.00409E-025  9.14410E-020  8.76042E-020  8.79434E-018  2.43854E-028  5.94717E-032  6.53297E-013  1.43634E-030  2.78658E-026  4.68574E-023  3.28704E-016  1.97578E-028  9.36205E-024  4.96197E-028  9.58316E-015  1.00000E-040  4.85008E-014  1.39161E-038  4.33393E-032  1.90143E-017  7.94540E-017  3.12322E-027  8.80096E-017  1.84443E-026  1.00000E-003  1.00000E-005  1.00000E-005  1.00000E-005  1.00000E-005  1.00000E-005  1.00000E-005  1.00000E-005  1.00000E-005  1.00000E-005  1.00000E-005  1.00000E-005  1.00000E-005  1.00000E-005  1.00000E-005  1.00000E-005  
6.95000E+001  7.76678E-006  3.25609E+014  1.72767E+002  3.04490E+005  1.00000E-040  1.00000E-040  1.00000E-040  1.00000E-040  1.00000E-040  1.00000E-040  1.00000E-040  1.00000E-040  1.00000E-040  1.00000E-040  1.00000E-040  1.00000E-040  1.00000E-040  1.00000E-040  1.26876E-023  1.00000E-040  1.08865E-040  3.26452E-006  4.94448E-006  8.88891E-008  4.49545E-011  2.39045E-004  1.14997E-004  4.32227E-005  2.30763E-004  1.01017E-015  5.81109E-012  1.03137E-013  2.21565E-016  3.57760E-016  3.73415E-016  3.91042E-009  2.18285E-019  1.00000E-040  1.00000E-040  1.00000E-040  5.24057E-040  2.94132E-028  2.57171E-026  4.50781E-017  1.35628E-017  2.92866E-025  1.03458E-040  1.18542E-023  3.01180E-017  2.10423E-011  1.68728E-005  9.99347E-001  3.48922E-015  3.17156E-023  1.32590E-019  3.19293E-026  1.76870E-025  6.27661E-020  1.05685E-018  3.43050E-011  6.23387E-019  6.94127E-013  4.64256E-020  7.99920E-012  1.31510E-016  4.28165E-010  1.07417E-016  9.22066E-022  4.34957E-019  5.69477E-013  1.30915E-022  1.29345E-018  1.00000E-040  1.00000E-040  1.00000E-040  1.00000E-040  1.36411E-040  1.00000E-040  1.98217E-018  3.70010E-014  1.03564E-020  7.04892E-023  8.42164E-029  3.40138E-037  9.11097E-030  5.42943E-032  1.00000E-040  2.39388E-029  5.40762E-026  1.74142E-026  7.55231E-018  4.56673E-019  9.52484E-022  1.99972E-024  2.68006E-025  7.55143E-020  7.23265E-020  1.07457E-017  2.07323E-028  1.59942E-031  6.50143E-013  9.06623E-031  2.16814E-026  3.84969E-023  3.00334E-016  1.03722E-028  5.81153E-024  2.00574E-028  1.13628E-014  1.00000E-040  4.82708E-014  1.00000E-040  6.57636E-032  1.53663E-017  7.17356E-016  3.76686E-027  7.06632E-017  2.32141E-026  1.00000E-003  1.00000E-005  1.00000E-005  1.00000E-005  1.00000E-005  1.00000E-005  1.00000E-005  1.00000E-005  1.00000E-005  1.00000E-005  1.00000E-005  1.00000E-005  1.00000E-005  1.00000E-005  1.00000E-005  1.00000E-005  
7.05000E+001  6.43688E-006  2.69576E+014  1.72946E+002  3.14490E+005  1.00000E-040  1.00000E-040  1.00000E-040  1.00000E-040  1.00000E-040  1.00000E-040  1.00000E-040  1.00000E-040  1.00000E-040  1.00000E-040  1.00000E-040  1.00000E-040  1.00000E-040  1.00000E-040  9.84269E-024  1.00000E-040  1.10717E-040  3.31334E-006  4.95361E-006  6.43928E-008  3.08090E-011  2.68862E-004  1.03057E-004  4.84645E-005  2.24259E-004  9.50447E-016  5.34283E-012  2.34854E-013  3.80246E-016  3.40316E-016  3.52890E-016  3.06422E-009  3.11693E-019  1.00000E-040  1.00000E-040  1.00000E-040  4.91423E-040  1.47480E-028  1.76716E-026  4.78075E-017  1.08620E-017  6.25848E-025  2.29315E-040  1.28132E-023  4.66687E-017  2.13839E-011  2.35132E-005  9.99324E-001  3.62739E-015  2.43839E-023  9.53401E-020  1.10940E-025  2.86244E-025  7.96931E-020  1.26034E-018  2.36554E-011  1.55481E-018  4.64990E-013  4.31613E-020  6.90832E-012  4.67592E-017  3.30147E-010  5.98357E-017  4.29349E-022  3.21644E-019  5.61105E-013  3.48013E-023  7.95843E-019  1.00000E-040  1.00000E-040  1.00000E-040  1.00000E-040  1.00000E-040  1.00000E-040  1.47435E-018  2.68936E-014  8.70700E-021  6.09180E-023  5.54780E-029  3.19070E-037  1.46509E-029  6.01709E-032  1.00000E-040  3.20443E-029  7.21955E-026  1.52443E-026  9.24983E-018  4.89292E-019  1.34825E-021  1.90815E-024  1.83042E-025  6.29270E-020  5.96740E-020  1.26318E-017  1.68696E-028  4.19479E-031  6.46506E-013  6.46981E-031  1.88694E-026  3.25094E-023  2.77708E-016  6.22533E-029  3.62303E-024  8.10186E-029  1.33375E-014  1.00000E-040  4.80060E-014  1.00000E-040  9.71853E-032  1.20191E-017  4.49232E-015  5.39972E-027  5.63076E-017  3.32497E-026  1.00000E-003  1.00000E-005  1.00000E-005  1.00000E-005  1.00000E-005  1.00000E-005  1.00000E-005  1.00000E-005  1.00000E-005  1.00000E-005  1.00000E-005  1.00000E-005  1.00000E-005  1.00000E-005  1.00000E-005  1.00000E-005  
7.15000E+001  5.33689E-006  2.22880E+014  1.73434E+002  3.24490E+005  1.00000E-040  1.00000E-040  1.00000E-040  1.00000E-040  1.00000E-040  1.00000E-040  1.00000E-040  1.00000E-040  1.00000E-040  1.00000E-040  1.00000E-040  1.00000E-040  1.00000E-040  1.00000E-040  7.50884E-024  1.00000E-040  1.12882E-040  3.35261E-006  4.96330E-006  4.65796E-008  2.11543E-011  2.97538E-004  9.19091E-005  5.38148E-005  2.17486E-004  8.90917E-016  4.80057E-012  5.01359E-013  6.86544E-016  3.22376E-016  3.31057E-016  2.38581E-009  4.42134E-019  1.00000E-040  1.00000E-040  1.00000E-040  4.56049E-040  7.38788E-029  1.23526E-026  4.99677E-017  8.44033E-018  1.24605E-024  4.69764E-040  1.36121E-023  7.49055E-017  2.12127E-011  3.15808E-005  9.99299E-001  3.68011E-015  1.84867E-023  6.64684E-020  3.86394E-025  4.89562E-025  1.07839E-019  1.59086E-018  1.63814E-011  4.36572E-018  3.13353E-013  4.11484E-020  5.87571E-012  1.69864E-017  2.45842E-010  3.32471E-017  1.98171E-022  2.29450E-019  5.53135E-013  9.31739E-024  4.80741E-019  1.00000E-040  1.00000E-040  1.00000E-040  1.00000E-040  1.00000E-040  1.00000E-040  1.08779E-018  1.95050E-014  7.58716E-021  5.59244E-023  3.74191E-029  3.13004E-037  2.29224E-029  6.54193E-032  1.00000E-040  4.25633E-029  1.02810E-025  1.43292E-026  1.18337E-017  5.12776E-019  2.01055E-021  1.75811E-024  1.26301E-025  5.28549E-020  4.94140E-020  1.44999E-017  1.33493E-028  1.08745E-030  6.42315E-013  4.82939E-031  1.76417E-026  2.86666E-023  2.59250E-016  3.98812E-029  2.24978E-024  3.20754E-029  1.55794E-014  1.00000E-040  4.77014E-014  1.00000E-040  1.41353E-031  9.13539E-018  2.08572E-014  8.69435E-027  4.45936E-017  5.17713E-026  1.00000E-003  1.00000E-005  1.00000E-005  1.00000E-005  1.00000E-005  1.00000E-005  1.00000E-005  1.00000E-005  1.00000E-005  1.00000E-005  1.00000E-005  1.00000E-005  1.00000E-005  1.00000E-005  1.00000E-005  1.00000E-005  
7.25000E+001  4.42781E-006  1.84241E+014  1.74068E+002  3.34491E+005  1.00000E-040  1.00000E-040  1.00000E-040  1.00000E-040  1.00000E-040  1.00000E-040  1.00000E-040  1.00000E-040  1.00000E-040  1.00000E-040  1.00000E-040  1.00000E-040  1.00000E-040  1.00000E-040  5.66361E-024  1.00000E-040  1.15418E-040  3.38546E-006  4.97382E-006  3.36864E-008  1.46116E-011  3.24916E-004  8.16466E-005  5.92247E-005  2.10477E-004  8.32271E-016  4.23839E-012  1.01208E-012  1.25168E-015  3.04583E-016  3.08237E-016  1.84908E-009  6.21779E-019  2.89363E-037  1.00000E-040  3.93972E-037  4.18142E-040  3.71354E-029  8.77305E-027  5.15057E-017  6.39256E-018  2.33615E-024  9.03135E-040  1.42285E-023  1.26379E-016  2.06351E-011  4.12419E-005  9.99274E-001  3.67916E-015  1.39629E-023  4.54757E-020  1.30225E-024  8.53560E-025  1.50090E-019  2.04182E-018  1.14371E-011  1.03491E-017  2.12581E-013  3.96571E-020  4.94644E-012  6.28930E-018  1.78277E-010  1.85376E-017  9.15004E-023  1.58713E-019  5.45152E-013  2.51374E-024  2.86075E-019  1.00000E-040  1.00000E-040  1.00000E-040  1.00000E-040  1.00000E-040  1.00000E-040  7.97673E-019  1.41309E-014  6.77835E-021  5.26517E-023  2.58330E-029  3.09396E-037  3.49088E-029  6.99909E-032  1.00000E-040  5.60162E-029  1.49540E-025  1.38849E-026  1.60344E-017  5.26749E-019  3.03481E-021  1.58969E-024  8.81261E-026  4.46217E-020  4.10511E-020  1.63102E-017  1.04495E-028  2.76535E-030  6.37492E-013  3.69587E-031  1.70024E-026  2.60076E-023  2.43891E-016  2.63725E-029  1.39481E-024  1.25746E-029  1.81205E-014  1.00000E-040  4.73512E-014  4.04088E-039  2.01799E-031  6.77363E-018  7.56450E-014  1.46369E-026  3.51463E-017  8.49599E-026  1.00000E-003  1.00000E-005  1.00000E-005  1.00000E-005  1.00000E-005  1.00000E-005  1.00000E-005  1.00000E-005  1.00000E-005  1.00000E-005  1.00000E-005  1.00000E-005  1.00000E-005  1.00000E-005  1.00000E-005  1.00000E-005  
7.35000E+001  3.67634E-006  1.52410E+014  1.74710E+002  3.44491E+005  1.00000E-040  1.00000E-040  1.00000E-040  1.00000E-040  1.00000E-040  1.00000E-040  1.00000E-040  1.00000E-040  1.00000E-040  1.00000E-040  1.00000E-040  1.00000E-040  1.00000E-040  1.00000E-040  4.25239E-024  1.00000E-040  1.18386E-040  3.41425E-006  4.98550E-006  2.43902E-008  1.01845E-011  3.50933E-004  7.23191E-005  6.46392E-005  2.03273E-004  7.76724E-016  3.69716E-012  1.94605E-012  2.24980E-015  2.88108E-016  2.85066E-016  1.42923E-009  8.65836E-019  6.20486E-038  1.00000E-040  3.43171E-037  3.78080E-040  1.88475E-029  6.32913E-027  5.24204E-017  4.74234E-018  4.16434E-024  1.65243E-039  1.46479E-023  2.22408E-016  1.97782E-011  5.26906E-005  9.99248E-001  3.65614E-015  1.06007E-023  3.08984E-020  4.16706E-024  1.48230E-024  2.09921E-019  2.60480E-018  8.07671E-012  2.04924E-017  1.45284E-013  3.81120E-020  4.13730E-012  2.37195E-018  1.26784E-010  1.04218E-017  4.25714E-023  1.06983E-019  5.36891E-013  6.85682E-025  1.68267E-019  1.00000E-040  1.00000E-040  1.00000E-040  1.00000E-040  1.00000E-040  1.00000E-040  5.82559E-019  1.02391E-014  6.15285E-021  4.98117E-023  1.82526E-029  3.02264E-037  5.15367E-029  7.35947E-032  1.00000E-040  7.31755E-029  2.16622E-025  1.35292E-026  2.28231E-017  5.31829E-019  4.53056E-021  1.42886E-024  6.22502E-026  3.78091E-020  3.42309E-020  1.80296E-017  8.22308E-029  6.76108E-030  6.31956E-013  2.86904E-031  1.64672E-026  2.39792E-023  2.30871E-016  1.76908E-029  8.66096E-025  4.92763E-030  2.10030E-014  1.00000E-040  4.69496E-014  1.00000E-040  2.81077E-031  4.91910E-018  2.24049E-013  2.47107E-026  2.76062E-017  1.43777E-025  1.00000E-003  1.00000E-005  1.00000E-005  1.00000E-005  1.00000E-005  1.00000E-005  1.00000E-005  1.00000E-005  1.00000E-005  1.00000E-005  1.00000E-005  1.00000E-005  1.00000E-005  1.00000E-005  1.00000E-005  1.00000E-005  
7.45000E+001  3.05498E-006  1.26044E+014  1.75551E+002  3.54491E+005  1.00000E-040  1.00000E-040  1.00000E-040  1.00000E-040  1.00000E-040  1.00000E-040  1.00000E-040  1.00000E-040  1.00000E-040  1.00000E-040  1.00000E-040  1.00000E-040  1.00000E-040  1.00000E-040  3.20919E-024  1.00000E-040  1.21862E-040  3.44081E-006  4.99862E-006  1.77038E-008  7.14011E-012  3.75636E-004  6.39275E-005  7.00033E-005  1.95912E-004  7.29294E-016  3.17901E-012  3.59129E-012  3.94952E-015  2.74853E-016  2.62554E-016  1.10371E-009  1.19581E-018  2.84720E-037  1.00000E-040  5.00545E-037  3.36415E-040  9.60569E-030  4.63242E-027  5.27566E-017  3.44711E-018  7.07439E-024  2.85212E-039  1.48515E-023  4.00130E-016  1.87728E-011  6.61551E-005  9.99220E-001  3.63801E-015  8.13241E-024  2.09743E-020  1.26120E-023  2.51636E-024  2.89022E-019  3.26406E-018  5.76050E-012  3.48997E-017  9.98275E-014  3.72055E-020  3.44759E-012  9.09450E-019  8.81704E-011  5.89265E-018  1.98611E-023  7.05935E-020  5.28153E-013  1.89155E-025  9.81359E-020  1.00000E-040  1.00000E-040  1.00000E-040  1.00000E-040  1.00000E-040  1.00000E-040  4.24557E-019  7.42951E-015  5.70414E-021  4.65181E-023  1.31751E-029  2.88318E-037  7.33723E-029  7.49793E-032  1.00000E-040  9.56816E-029  3.08831E-025  1.31060E-026  3.33631E-017  5.30680E-019  6.59704E-021  1.28668E-024  4.42672E-026  3.21825E-020  2.87522E-020  1.97384E-017  6.71348E-029  1.55606E-029  6.25617E-013  2.17861E-031  1.58525E-026  2.26848E-023  2.19599E-016  1.17660E-029  5.37031E-025  1.91207E-030  2.43407E-014  1.00000E-040  4.64901E-014  2.61507E-040  3.80060E-031  3.51482E-018  5.63056E-013  4.10507E-026  2.16394E-017  2.46355E-025  1.00000E-003  1.00000E-005  1.00000E-005  1.00000E-005  1.00000E-005  1.00000E-005  1.00000E-005  1.00000E-005  1.00000E-005  1.00000E-005  1.00000E-005  1.00000E-005  1.00000E-005  1.00000E-005  1.00000E-005  1.00000E-005  
7.55000E+001  2.54132E-006  1.04221E+014  1.76613E+002  3.64489E+005  1.00000E-040  1.00000E-040  1.00000E-040  1.00000E-040  1.00000E-040  1.00000E-040  1.00000E-040  1.00000E-040  1.00000E-040  1.00000E-040  1.00000E-040  1.00000E-040  1.00000E-040  1.00000E-040  2.44889E-024  1.00000E-040  1.25932E-040  3.46642E-006  5.01343E-006  1.28970E-008  5.03686E-012  3.99149E-004  5.64393E-005  7.52652E-005  1.88431E-004  6.93489E-016  2.69858E-012  6.39132E-012  6.74535E-015  2.66541E-016  2.41147E-016  8.52854E-010  1.63766E-018  1.00000E-040  1.00000E-040  1.00000E-040  2.93877E-040  4.91423E-030  3.44006E-027  5.25490E-017  2.45981E-018  1.14944E-023  4.64819E-039  1.48353E-023  7.19286E-016  1.77344E-011  8.18962E-005  9.99190E-001  3.65839E-015  6.36366E-024  1.43562E-020  3.60758E-023  4.14894E-024  3.88929E-019  4.00043E-018  4.15888E-012  5.25721E-017  6.89307E-014  3.69907E-020  2.86764E-012  3.53925E-019  6.01045E-011  3.36087E-018  9.32058E-024  4.57738E-020  5.18785E-013  5.28244E-026  5.68912E-020  1.00000E-040  1.00000E-040  1.00000E-040  1.00000E-040  1.00000E-040  1.00000E-040  3.09255E-019  5.40371E-015  5.39128E-021  4.26029E-023  9.69870E-030  2.67747E-037  1.00369E-028  7.35332E-032  1.00000E-040  1.26143E-028  4.30975E-025  1.25461E-026  4.89003E-017  5.25065E-019  9.32143E-021  1.17366E-024  3.16315E-026  2.75142E-020  2.43521E-020  2.14672E-017  6.25480E-029  3.31959E-029  6.18383E-013  1.60593E-031  1.50784E-026  2.19879E-023  2.09640E-016  7.71281E-030  3.32595E-025  7.34989E-031  2.82345E-014  1.00000E-040  4.59661E-014  1.00000E-040  4.96473E-031  2.48075E-018  1.23740E-012  6.65365E-026  1.69473E-017  4.20997E-025  1.00000E-003  1.00000E-005  1.00000E-005  1.00000E-005  1.00000E-005  1.00000E-005  1.00000E-005  1.00000E-005  1.00000E-005  1.00000E-005  1.00000E-005  1.00000E-005  1.00000E-005  1.00000E-005  1.00000E-005  1.00000E-005  
7.65000E+001  2.11652E-006  8.62758E+013  1.77685E+002  3.74490E+005  1.00000E-040  1.00000E-040  1.00000E-040  1.00000E-040  1.00000E-040  1.00000E-040  1.00000E-040  1.00000E-040  1.00000E-040  1.00000E-040  1.00000E-040  1.00000E-040  1.00000E-040  1.00000E-040  1.89561E-024  1.00000E-040  1.30692E-040  3.49204E-006  5.03015E-006  9.43987E-009  3.59104E-012  4.21643E-004  4.98054E-005  8.03721E-005  1.80871E-004  6.71883E-016  2.27611E-012  1.09946E-011  1.11843E-014  2.64921E-016  2.20942E-016  6.60406E-010  2.21916E-018  1.00000E-040  1.00000E-040  1.00000E-040  2.51387E-040  2.54518E-030  2.59574E-027  5.18259E-017  1.73142E-018  1.79802E-023  7.26176E-039  1.46110E-023  1.26912E-015  1.67588E-011  1.00192E-004  9.99159E-001  3.75595E-015  5.13519E-024  1.00389E-020  9.74092E-023  6.65945E-024  5.13033E-019  4.79750E-018  3.05719E-012  7.16957E-017  4.79036E-014  3.67399E-020  2.38446E-012  1.39859E-019  4.05113E-011  1.95030E-018  4.45259E-024  2.92668E-020  5.08665E-013  1.50028E-026  3.28550E-020  1.00000E-040  1.00000E-040  1.00000E-040  1.00000E-040  1.00000E-040  1.00000E-040  2.25506E-019  3.94359E-015  5.13851E-021  3.84040E-023  7.27630E-030  2.43180E-037  1.31769E-028  6.97168E-032  1.00000E-040  1.68654E-028  5.87588E-025  1.18316E-026  7.06465E-017  5.15636E-019  1.27881E-020  1.09739E-024  2.27799E-026  2.36024E-020  2.07669E-020  2.31518E-017  8.20485E-029  6.52729E-029  6.10164E-013  1.17410E-031  1.41148E-026  2.14916E-023  2.00679E-016  5.03405E-030  2.06783E-025  2.83580E-031  3.27320E-014  1.00000E-040  4.53710E-014  1.00000E-040  6.24109E-031  1.73475E-018  2.43558E-012  1.04901E-025  1.32772E-017  7.08723E-025  1.00000E-003  1.00000E-005  1.00000E-005  1.00000E-005  1.00000E-005  1.00000E-005  1.00000E-005  1.00000E-005  1.00000E-005  1.00000E-005  1.00000E-005  1.00000E-005  1.00000E-005  1.00000E-005  1.00000E-005  1.00000E-005  
7.75000E+001  1.76486E-006  7.14748E+013  1.78844E+002  3.84490E+005  1.00000E-040  1.00000E-040  1.00000E-040  1.00000E-040  1.00000E-040  1.00000E-040  1.00000E-040  1.00000E-040  1.00000E-040  1.00000E-040  1.00000E-040  1.00000E-040  1.00000E-040  1.00000E-040  1.49615E-024  1.00000E-040  1.36258E-040  3.51843E-006  5.04912E-006  6.95072E-009  2.58536E-012  4.43327E-004  4.39635E-005  8.52732E-005  1.73273E-004  6.69725E-016  1.90878E-012  1.83430E-011  1.80215E-014  2.72615E-016  2.02314E-016  5.13232E-010  2.97482E-018  2.90722E-036  6.05130E-037  3.86433E-036  2.09986E-040  1.33491E-030  1.99081E-027  5.06147E-017  1.20317E-018  2.70889E-023  1.08192E-038  1.41843E-023  2.17933E-015  1.59274E-011  1.21337E-004  9.99124E-001  3.96391E-015  4.29771E-024  7.22663E-021  2.49054E-022  1.03897E-023  6.61667E-019  5.63185E-018  2.29404E-012  9.04060E-017  3.34771E-014  3.66802E-020  1.98436E-012  5.61257E-020  2.70041E-011  1.15550E-018  2.17082E-024  1.85114E-020  4.97690E-013  4.35033E-027  1.89415E-020  1.00000E-040  1.00000E-040  1.00000E-040  1.00000E-040  1.00000E-040  1.00000E-040  1.64872E-019  2.89094E-015  4.94469E-021  3.39881E-023  5.55677E-030  2.16269E-037  1.66291E-028  6.37254E-032  1.00000E-040  2.30903E-028  7.82883E-025  1.09894E-026  9.96506E-017  5.04385E-019  1.70162E-020  1.05828E-024  1.64796E-026  2.03342E-020  1.78524E-020  2.48392E-017  1.68797E-028  1.18640E-028  6.00869E-013  8.44380E-032  1.30048E-026  2.12461E-023  1.92461E-016  3.25860E-030  1.29014E-025  1.09493E-031  3.79515E-014  1.00000E-040  4.46984E-014  2.65991E-039  7.55976E-031  1.20598E-018  4.38557E-012  1.60860E-025  1.04197E-017  1.16341E-024  1.00000E-003  1.00000E-005  1.00000E-005  1.00000E-005  1.00000E-005  1.00000E-005  1.00000E-005  1.00000E-005  1.00000E-005  1.00000E-005  1.00000E-005  1.00000E-005  1.00000E-005  1.00000E-005  1.00000E-005  1.00000E-005  
7.85000E+001  1.47356E-006  5.92429E+013  1.80156E+002  3.94490E+005  1.00000E-040  1.00000E-040  1.00000E-040  1.00000E-040  1.00000E-040  1.00000E-040  1.00000E-040  1.00000E-040  1.00000E-040  1.00000E-040  1.00000E-040  1.00000E-040  1.00000E-040  1.00000E-040  1.20707E-024  1.00000E-040  1.42759E-040  3.54612E-006  5.07060E-006  5.15458E-009  1.87892E-012  4.64446E-004  3.88429E-005  8.99242E-005  1.65674E-004  6.92529E-016  1.59264E-012  2.97583E-011  2.82571E-014  2.92629E-016  1.85439E-016  4.00859E-010  3.94167E-018  1.33477E-036  1.61516E-036  1.00000E-040  1.70761E-040  7.08684E-031  1.55294E-027  4.89299E-017  8.25435E-019  3.92954E-023  1.52900E-038  1.35678E-023  3.62913E-015  1.53050E-011  1.45655E-004  9.99087E-001  4.31570E-015  3.74121E-024  5.37825E-021  6.04726E-022  1.57522E-023  8.33560E-019  6.47760E-018  1.76348E-012  1.07213E-016  2.35100E-014  3.70258E-020  1.65427E-012  2.28720E-020  1.78132E-011  7.02815E-019  1.08535E-024  1.16161E-020  4.85769E-013  1.29291E-027  1.09219E-020  1.00000E-040  1.00000E-040  1.00000E-040  1.00000E-040  1.00000E-040  1.00000E-040  1.21039E-019  2.13104E-015  4.80753E-021  2.94888E-023  4.31389E-030  1.88645E-037  2.02448E-028  5.60708E-032  1.00000E-040  3.25833E-028  1.02009E-024  1.00563E-026  1.36630E-016  4.92915E-019  2.19542E-020  1.05596E-024  1.19399E-026  1.76085E-020  1.54801E-020  2.65786E-017  4.38639E-028  2.00727E-028  5.90418E-013  5.94261E-032  1.18015E-026  2.12894E-023  1.84783E-016  2.08710E-030  8.07556E-026  4.21897E-032  4.40159E-014  1.00000E-040  4.39425E-014  1.00000E-040  8.83921E-031  8.36081E-019  7.34722E-012  2.40070E-025  8.20326E-018  1.84995E-024  1.00000E-003  1.00000E-005  1.00000E-005  1.00000E-005  1.00000E-005  1.00000E-005  1.00000E-005  1.00000E-005  1.00000E-005  1.00000E-005  1.00000E-005  1.00000E-005  1.00000E-005  1.00000E-005  1.00000E-005  1.00000E-005  
7.95000E+001  1.23205E-006  4.91716E+013  1.81480E+002  4.04490E+005  1.00000E-040  1.00000E-040  1.00000E-040  1.00000E-040  1.00000E-040  1.00000E-040  1.00000E-040  1.00000E-040  1.00000E-040  1.00000E-040  1.00000E-040  1.00000E-040  1.00000E-040  1.00000E-040  9.94510E-025  1.00000E-040  1.50342E-040  3.57555E-006  5.09489E-006  3.85509E-009  1.38267E-012  4.85258E-004  3.43727E-005  9.42867E-005  1.58109E-004  7.45063E-016  1.32771E-012  4.69989E-011  4.31291E-014  3.28137E-016  1.70255E-016  3.15118E-010  5.14915E-018  2.52733E-036  1.00000E-040  2.46310E-036  1.34759E-040  3.83038E-031  1.23398E-027  4.67832E-017  5.60409E-019  5.50390E-023  2.06481E-038  1.27889E-023  5.84957E-015  1.49410E-011  1.73492E-004  9.99046E-001  4.84511E-015  3.37951E-024  4.14667E-021  1.39523E-021  2.32842E-023  1.02955E-018  7.31803E-018  1.39621E-012  1.21145E-016  1.66092E-014  3.73454E-020  1.38261E-012  9.48177E-021  1.16981E-011  4.42843E-019  5.62739E-025  7.25346E-021  4.72837E-013  3.96563E-028  6.31219E-021  1.00000E-040  1.00000E-040  1.00000E-040  1.00000E-040  1.00000E-040  1.00000E-040  8.93685E-020  1.58154E-015  4.68906E-021  2.51999E-023  3.40204E-030  1.62300E-037  2.38939E-028  4.79008E-032  1.00000E-040  4.73351E-028  1.30137E-024  9.07090E-027  1.81874E-016  4.81755E-019  2.75251E-020  1.08776E-024  8.67538E-027  1.53259E-020  1.35214E-020  2.83319E-017  1.16537E-027  3.18750E-028  5.78742E-013  4.15867E-032  1.05456E-026  2.13993E-023  1.77490E-016  1.33477E-030  5.09123E-026  1.63541E-032  5.09706E-014  1.00000E-040  4.30983E-014  1.00000E-040  1.00096E-030  5.79529E-019  1.15977E-011  3.49072E-025  6.49095E-018  2.83928E-024  1.00000E-003  1.00000E-005  1.00000E-005  1.00000E-005  1.00000E-005  1.00000E-005  1.00000E-005  1.00000E-005  1.00000E-005  1.00000E-005  1.00000E-005  1.00000E-005  1.00000E-005  1.00000E-005  1.00000E-005  1.00000E-005  
8.05000E+001  1.03154E-006  4.08630E+013  1.82841E+002  4.06996E+005  1.00000E-040  1.00000E-040  1.00000E-040  1.00000E-040  1.00000E-040  1.00000E-040  1.00000E-040  1.00000E-040  1.00000E-040  1.00000E-040  1.00000E-040  1.00000E-040  1.00000E-040  1.00000E-040  8.36117E-025  1.00000E-040  1.59227E-040  3.60725E-006  5.12251E-006  2.90635E-009  1.02999E-012  5.06177E-004  3.04571E-005  9.83578E-005  1.50557E-004  8.33136E-016  1.10578E-012  7.24868E-011  6.42317E-014  3.82853E-016  1.56512E-016  2.49290E-010  6.62441E-018  1.00000E-040  1.00000E-040  6.44514E-038  1.02649E-040  2.10850E-031  9.99006E-028  4.41762E-017  3.76247E-019  7.44349E-023  2.65622E-038  1.18757E-023  9.14512E-015  1.48716E-011  2.05429E-004  9.99000E-001  5.58273E-015  3.14747E-024  3.29949E-021  3.07232E-021  3.35760E-023  1.24712E-018  8.12795E-018  1.14084E-012  1.31667E-016  1.17883E-014  3.76905E-020  1.15788E-012  3.98998E-021  7.65312E-012  2.90418E-019  3.03918E-025  4.50600E-021  4.58747E-013  1.25874E-028  3.65156E-021  1.00000E-040  1.00000E-040  1.00000E-040  1.00000E-040  1.00000E-040  1.00000E-040  6.63355E-020  1.18085E-015  4.58359E-021  2.11989E-023  2.71837E-030  1.37758E-037  2.75144E-028  3.98457E-032  1.00000E-040  7.04247E-028  1.62597E-024  8.06489E-027  2.35167E-016  4.71319E-019  3.35869E-020  1.15030E-024  6.30428E-027  1.33913E-020  1.18740E-020  3.01073E-017  2.94005E-027  4.80152E-028  5.65697E-013  2.88956E-032  9.28149E-027  2.15693E-023  1.70404E-016  8.51354E-031  3.22553E-026  6.36066E-033  5.88824E-014  1.00000E-040  4.21555E-014  1.00000E-040  1.10294E-030  4.01980E-019  1.74404E-011  4.95021E-025  5.16594E-018  4.20666E-024  1.00000E-003  1.00000E-005  1.00000E-005  1.00000E-005  1.00000E-005  1.00000E-005  1.00000E-005  1.00000E-005  1.00000E-005  1.00000E-005  1.00000E-005  1.00000E-005  1.00000E-005  1.00000E-005  1.00000E-005  1.00000E-005  
8.15000E+001  8.64893E-007  3.39965E+013  1.84266E+002  4.06996E+005  1.00000E-040  1.00000E-040  1.00000E-040  1.00000E-040  1.00000E-040  1.00000E-040  1.00000E-040  1.00000E-040  1.00000E-040  1.00000E-040  1.00000E-040  1.00000E-040  1.00000E-040  1.00000E-040  7.15941E-025  1.00000E-040  1.69694E-040  3.64183E-006  5.15407E-006  2.20637E-009  7.76705E-013  5.27659E-004  2.70099E-005  1.02142E-004  1.42987E-004  9.63070E-016  9.19338E-013  1.09509E-010  9.35641E-014  4.61082E-016  1.43919E-016  1.98350E-010  8.38152E-018  1.00000E-040  1.00000E-040  1.00000E-040  1.00000E-040  1.18114E-031  8.24008E-028  4.11163E-017  2.49340E-019  9.71505E-023  3.24363E-038  1.08574E-023  1.39057E-014  1.51273E-011  2.42219E-004  9.98949E-001  6.55555E-015  2.99923E-024  2.69260E-021  6.48582E-021  4.72532E-023  1.48202E-018  8.87994E-018  9.62608E-013  1.38576E-016  8.39251E-015  3.81488E-020  9.70669E-013  1.69812E-021  4.98977E-012  1.98921E-019  1.71523E-025  2.77965E-021  4.43338E-013  4.14249E-029  2.10811E-021  1.00000E-040  1.00000E-040  1.00000E-040  1.00000E-040  1.00000E-040  1.00000E-040  4.94446E-020  8.85818E-016  4.48641E-021  1.75399E-023  2.19397E-030  1.15278E-037  3.10884E-028  3.23465E-032  1.00000E-040  1.06293E-027  1.98951E-024  7.06589E-027  2.95666E-016  4.61694E-019  3.99522E-020  1.24010E-024  4.57093E-027  1.17246E-020  1.04575E-020  3.18958E-017  6.93653E-027  6.92223E-028  5.51116E-013  1.99107E-032  8.04588E-027  2.17948E-023  1.63368E-016  5.40940E-031  2.04732E-026  2.47383E-033  6.77962E-014  1.00000E-040  4.11021E-014  1.00000E-040  1.18728E-030  2.79074E-019  2.52049E-011  6.85045E-025  4.13996E-018  6.02240E-024  1.00000E-003  1.00000E-005  1.00000E-005  1.00000E-005  1.00000E-005  1.00000E-005  1.00000E-005  1.00000E-005  1.00000E-005  1.00000E-005  1.00000E-005  1.00000E-005  1.00000E-005  1.00000E-005  1.00000E-005  1.00000E-005  
8.25000E+001  7.26201E-007  2.83258E+013  1.85691E+002  4.06996E+005  1.00000E-040  1.00000E-040  1.00000E-040  1.00000E-040  1.00000E-040  1.00000E-040  1.00000E-040  1.00000E-040  1.00000E-040  1.00000E-040  1.00000E-040  1.00000E-040  1.00000E-040  1.00000E-040  6.22572E-025  1.00000E-040  1.82009E-040  3.67974E-006  5.19008E-006  1.68797E-009  5.94391E-013  5.50027E-004  2.39824E-005  1.05617E-004  1.35428E-004  1.14117E-015  7.64484E-013  1.62245E-010  1.33431E-013  5.67570E-016  1.32457E-016  1.58877E-010  1.04019E-017  1.00000E-040  1.00000E-040  1.43395E-036  1.00000E-040  6.75085E-032  6.92693E-028  3.76527E-017  1.63112E-019  1.22405E-022  3.76487E-038  9.77039E-024  2.05897E-014  1.57289E-011  2.84467E-004  9.98892E-001  7.78516E-015  2.89925E-024  2.24055E-021  1.31463E-020  6.49951E-023  1.73061E-018  9.56193E-018  8.38365E-013  1.42193E-016  5.99630E-015  3.85712E-020  8.14814E-013  7.31714E-022  3.25242E-012  1.42624E-019  1.01480E-025  1.70439E-021  4.26584E-013  1.42475E-029  1.21490E-021  1.00000E-040  1.00000E-040  1.00000E-040  1.00000E-040  1.00000E-040  1.00000E-040  3.70389E-020  6.68026E-016  4.38209E-021  1.43129E-023  1.78587E-030  9.54517E-038  3.46002E-028  2.57387E-032  1.00000E-040  1.60712E-027  2.38755E-024  6.10698E-027  3.61984E-016  4.53257E-019  4.64028E-020  1.35089E-024  3.30959E-027  1.02861E-020  9.23131E-021  3.36709E-017  1.52561E-026  9.59584E-028  5.34956E-013  1.37164E-032  6.87391E-027  2.19685E-023  1.56305E-016  3.44391E-031  1.30446E-026  9.65471E-034  7.77261E-014  1.00000E-040  3.99349E-014  8.16394E-040  1.25133E-030  1.94257E-019  3.52385E-011  9.26183E-025  3.35447E-018  8.32358E-024  1.00000E-003  1.00000E-005  1.00000E-005  1.00000E-005  1.00000E-005  1.00000E-005  1.00000E-005  1.00000E-005  1.00000E-005  1.00000E-005  1.00000E-005  1.00000E-005  1.00000E-005  1.00000E-005  1.00000E-005  1.00000E-005  
8.35000E+001  6.10626E-007  2.36272E+013  1.87189E+002  4.06996E+005  1.00000E-040  1.00000E-040  1.00000E-040  1.00000E-040  1.00000E-040  1.00000E-040  1.00000E-040  1.00000E-040  1.00000E-040  1.00000E-040  1.00000E-040  1.00000E-040  1.00000E-040  1.00000E-040  5.48705E-025  1.00000E-040  1.96456E-040  3.72147E-006  5.23109E-006  1.30311E-009  4.62109E-013  5.73568E-004  2.13353E-005  1.08763E-004  1.27923E-004  1.37476E-015  6.36327E-013  2.36088E-010  1.86554E-013  7.07626E-016  1.22228E-016  1.28294E-010  1.26375E-017  2.28526E-036  1.07857E-037  1.93556E-036  1.00000E-040  3.93267E-032  5.93092E-028  3.38705E-017  1.05191E-019  1.48555E-022  4.12570E-038  8.65188E-024  2.97414E-014  1.66806E-011  3.32737E-004  9.98827E-001  9.29272E-015  2.83234E-024  1.89214E-021  2.56481E-020  8.73881E-023  1.98517E-018  1.01642E-017  7.51961E-013  1.43233E-016  4.29869E-015  3.92358E-020  6.85401E-013  3.19909E-022  2.11919E-012  1.07074E-019  6.28986E-026  1.04084E-021  4.08543E-013  5.16474E-030  6.99862E-022  1.00000E-040  1.00000E-040  1.00000E-040  1.00000E-040  1.00000E-040  1.00000E-040  2.79247E-020  5.07086E-016  4.27906E-021  1.15200E-023  1.46390E-030  7.83761E-038  3.80663E-028  2.00529E-032  1.00000E-040  2.40707E-027  2.81630E-024  5.21669E-027  4.32339E-016  4.47060E-019  5.26250E-020  1.48059E-024  2.39146E-027  9.05564E-021  8.18058E-021  3.54950E-017  3.13332E-026  1.28354E-027  5.17251E-013  9.41316E-033  5.80163E-027  2.21642E-023  1.49175E-016  2.19716E-031  8.34599E-027  3.77217E-034  8.87790E-014  1.00000E-040  3.86566E-014  1.34473E-039  1.29379E-030  1.35891E-019  4.79472E-011  1.22541E-024  2.76582E-018  1.10960E-023  1.00000E-003  1.00000E-005  1.00000E-005  1.00000E-005  1.00000E-005  1.00000E-005  1.00000E-005  1.00000E-005  1.00000E-005  1.00000E-005  1.00000E-005  1.00000E-005  1.00000E-005  1.00000E-005  1.00000E-005  1.00000E-005  
8.45000E+001  5.14226E-007  1.97222E+013  1.88849E+002  4.06996E+005  1.00000E-040  1.00000E-040  1.00000E-040  1.00000E-040  1.00000E-040  1.00000E-040  1.00000E-040  1.00000E-040  1.00000E-040  1.00000E-040  1.00000E-040  1.00000E-040  1.00000E-040  1.00000E-040  4.89174E-025  1.00000E-040  2.13348E-040  3.76748E-006  5.27756E-006  1.01639E-009  3.65413E-013  5.98576E-004  1.90302E-005  1.11571E-004  1.20517E-004  1.67092E-015  5.30538E-013  3.37869E-010  2.56062E-013  8.86668E-016  1.13270E-016  1.04583E-010  1.50058E-017  4.10622E-035  2.65645E-036  2.52390E-035  1.00000E-040  2.32918E-032  5.16663E-028  2.98922E-017  6.67760E-020  1.73302E-022  4.24469E-038  7.54193E-024  4.19899E-014  1.79668E-011  3.87627E-004  9.98754E-001  1.11014E-014  2.79652E-024  1.61818E-021  4.82768E-020  1.14876E-022  2.23620E-018  1.06809E-017  6.92539E-013  1.42456E-016  3.09147E-015  4.04909E-020  5.78170E-013  1.42193E-022  1.37983E-012  8.42025E-020  4.08152E-026  6.34245E-022  3.89322E-013  1.98705E-030  4.03532E-022  1.00000E-040  1.00000E-040  1.00000E-040  1.00000E-040  1.00000E-040  1.00000E-040  2.12183E-020  3.87917E-016  4.18634E-021  9.14626E-024  1.20619E-030  6.39363E-038  4.15461E-028  1.52656E-032  1.00000E-040  3.53742E-027  3.27217E-024  4.41283E-027  5.04684E-016  4.44075E-019  5.82724E-020  1.63216E-024  1.72499E-027  8.01185E-021  7.29020E-021  3.74514E-017  6.03281E-026  1.66176E-027  4.98091E-013  6.40939E-033  4.85075E-027  2.24751E-023  1.41956E-016  1.40437E-031  5.36223E-027  1.47163E-034  1.01096E-013  1.00000E-040  3.72736E-014  2.64634E-039  1.31405E-030  9.57387E-020  6.38045E-011  1.58930E-024  2.34048E-018  1.42621E-023  1.00000E-003  1.00000E-005  1.00000E-005  1.00000E-005  1.00000E-005  1.00000E-005  1.00000E-005  1.00000E-005  1.00000E-005  1.00000E-005  1.00000E-005  1.00000E-005  1.00000E-005  1.00000E-005  1.00000E-005  1.00000E-005  
8.55000E+001  4.33726E-007  1.64899E+013  1.90508E+002  4.06996E+005  1.00000E-040  1.00000E-040  1.00000E-040  1.00000E-040  1.00000E-040  1.00000E-040  1.00000E-040  1.00000E-040  1.00000E-040  1.00000E-040  1.00000E-040  1.00000E-040  1.00000E-040  1.00000E-040  4.39824E-025  1.00000E-040  2.33034E-040  3.81828E-006  5.33003E-006  8.01875E-010  2.95002E-013  6.25334E-004  1.70311E-005  1.14040E-004  1.13252E-004  2.03225E-015  4.44278E-013  4.75523E-010  3.45066E-013  1.10876E-015  1.05506E-016  8.61817E-011  1.73859E-017  1.00000E-040  1.00000E-040  2.33625E-036  1.00000E-040  1.40464E-032  4.57595E-028  2.58806E-017  4.17682E-020  1.94950E-022  4.15186E-038  6.48199E-024  5.79752E-014  1.95481E-011  4.49739E-004  9.98671E-001  1.32275E-014  2.77327E-024  1.40237E-021  8.76451E-020  1.47682E-022  2.47630E-018  1.11275E-017  6.51746E-013  1.40406E-016  2.23469E-015  4.23219E-020  4.89499E-013  6.44144E-023  9.02612E-013  6.89152E-020  2.76124E-026  3.86399E-022  3.69089E-013  8.16032E-031  2.33203E-022  1.00000E-040  1.00000E-040  1.00000E-040  1.00000E-040  1.00000E-040  1.00000E-040  1.62714E-020  2.99444E-016  4.08145E-021  7.19992E-024  9.97026E-031  5.21330E-038  4.51312E-028  1.14472E-032  1.00000E-040  5.05696E-027  3.75278E-024  3.70338E-027  5.77072E-016  4.44350E-019  6.31708E-020  1.79788E-024  1.24922E-027  7.12531E-021  6.53151E-021  3.94972E-017  1.09359E-025  2.08760E-027  4.77620E-013  4.39349E-033  4.01748E-027  2.26796E-023  1.34652E-016  9.09431E-032  3.47743E-027  5.78043E-035  1.14624E-013  1.00000E-040  3.57963E-014  1.53343E-039  1.31363E-030  6.80503E-020  8.32719E-011  2.02429E-024  2.05363E-018  1.76714E-023  1.00000E-003  1.00000E-005  1.00000E-005  1.00000E-005  1.00000E-005  1.00000E-005  1.00000E-005  1.00000E-005  1.00000E-005  1.00000E-005  1.00000E-005  1.00000E-005  1.00000E-005  1.00000E-005  1.00000E-005  1.00000E-005  
8.65000E+001  3.66457E-007  1.37814E+013  1.92596E+002  4.06996E+005  1.00000E-040  1.00000E-040  1.00000E-040  1.00000E-040  1.00000E-040  1.00000E-040  1.00000E-040  1.00000E-040  1.00000E-040  1.00000E-040  1.00000E-040  1.00000E-040  1.00000E-040  1.00000E-040  3.99188E-025  1.00000E-040  2.55897E-040  3.87436E-006  5.38891E-006  6.40602E-010  2.42637E-013  6.54121E-004  1.53040E-005  1.16181E-004  1.06167E-004  2.46988E-015  3.72440E-013  6.60119E-010  4.57954E-013  1.38080E-015  9.90449E-017  7.18917E-011  1.96771E-017  2.84819E-036  1.00000E-040  1.46795E-036  1.00000E-040  8.53822E-033  4.11499E-028  2.19753E-017  2.56350E-020  2.10103E-022  3.78980E-038  5.50010E-024  7.85669E-014  2.13612E-011  5.19697E-004  9.98579E-001  1.57138E-014  2.81156E-024  1.24363E-021  1.54367E-019  1.84976E-022  2.67960E-018  1.14896E-017  6.26421E-013  1.37961E-016  1.61929E-015  4.70962E-020  4.16303E-013  2.97892E-023  5.88354E-013  5.93476E-020  1.95829E-026  2.35835E-022  3.48048E-013  3.59331E-031  1.35279E-022  1.00000E-040  1.00000E-040  1.00000E-040  1.00000E-040  1.00000E-040  1.00000E-040  1.26108E-020  2.33550E-016  4.02267E-021  5.58146E-024  8.24445E-031  4.23433E-038  4.89796E-028  8.30756E-033  1.00000E-040  7.02460E-027  4.25862E-024  3.09169E-027  6.47575E-016  4.50154E-019  6.68256E-020  2.01380E-024  9.04681E-028  6.39119E-021  5.91233E-021  4.19441E-017  1.87498E-025  2.54975E-027  4.56031E-013  2.93610E-033  3.31582E-027  2.33022E-023  1.27279E-016  5.88104E-032  2.26200E-027  2.24987E-035  1.29870E-013  1.00000E-040  3.42388E-014  9.09328E-040  1.29027E-030  4.89140E-020  1.07135E-010  2.53764E-024  1.88773E-018  2.10932E-023  1.00000E-003  1.00000E-005  1.00000E-005  1.00000E-005  1.00000E-005  1.00000E-005  1.00000E-005  1.00000E-005  1.00000E-005  1.00000E-005  1.00000E-005  1.00000E-005  1.00000E-005  1.00000E-005  1.00000E-005  1.00000E-005  
8.75000E+001  3.10321E-007  1.14888E+013  1.95639E+002  4.06996E+005  1.00000E-040  1.00000E-040  1.00000E-040  1.00000E-040  1.00000E-040  1.00000E-040  1.00000E-040  1.00000E-040  1.00000E-040  1.00000E-040  1.00000E-040  1.00000E-040  1.00000E-040  1.00000E-040  3.65873E-025  1.00000E-040  2.82315E-040  3.93554E-006  5.45379E-006  5.18610E-010  2.03139E-013  6.85168E-004  1.38170E-005  1.18012E-004  9.93039E-005  2.99889E-015  3.11636E-013  9.06212E-010  6.00176E-013  1.71074E-015  9.39074E-017  6.07861E-011  2.17840E-017  1.00000E-040  1.00000E-040  1.00000E-040  1.00000E-040  5.17737E-033  3.75679E-028  1.83074E-017  1.53823E-020  2.15417E-022  3.18469E-038  4.61932E-024  1.04837E-013  2.33173E-011  5.98100E-004  9.98476E-001  1.86246E-014  3.01367E-024  1.15151E-021  2.65145E-019  2.25416E-022  2.82296E-018  1.17435E-017  6.17427E-013  1.35838E-016  1.17254E-015  5.93071E-020  3.55969E-013  1.40854E-023  3.78723E-013  5.52796E-020  1.48760E-026  1.44477E-022  3.26462E-013  1.70931E-031  7.88817E-023  1.00000E-040  1.00000E-040  1.00000E-040  1.00000E-040  1.00000E-040  1.00000E-040  9.89002E-021  1.84266E-016  4.06408E-021  4.23370E-024  6.80079E-031  3.40799E-038  5.32564E-028  5.68654E-033  1.00000E-040  9.48243E-027  4.78890E-024  2.57417E-027  7.14062E-016  4.64023E-019  6.86915E-020  2.37171E-024  6.52808E-028  5.80089E-021  5.43501E-021  4.51887E-017  3.05443E-025  3.03341E-027  4.33576E-013  1.85365E-033  2.74900E-027  2.50147E-023  1.19880E-016  3.73521E-032  1.46403E-027  8.54600E-036  1.47597E-013  1.00000E-040  3.26195E-014  3.44580E-040  1.23484E-030  3.56220E-020  1.36485E-010  3.13531E-024  1.83103E-018  2.42739E-023  1.00000E-003  1.00000E-005  1.00000E-005  1.00000E-005  1.00000E-005  1.00000E-005  1.00000E-005  1.00000E-005  1.00000E-005  1.00000E-005  1.00000E-005  1.00000E-005  1.00000E-005  1.00000E-005  1.00000E-005  1.00000E-005  
8.85000E+001  2.63480E-007  9.60543E+012  1.98677E+002  4.06996E+005  1.00000E-040  1.00000E-040  1.00000E-040  1.00000E-040  1.00000E-040  1.00000E-040  1.00000E-040  1.00000E-040  1.00000E-040  1.00000E-040  1.00000E-040  1.00000E-040  1.00000E-040  1.00000E-040  3.36229E-025  1.00000E-040  3.12672E-040  4.00162E-006  5.52421E-006  4.25691E-010  1.74718E-013  7.18646E-004  1.25416E-005  1.19556E-004  9.27041E-005  3.60143E-015  2.62411E-013  1.22483E-009  7.73509E-013  2.09457E-015  8.97761E-017  5.21597E-011  2.35817E-017  2.05301E-036  3.86730E-037  1.00000E-040  1.00000E-040  3.17656E-033  3.48536E-028  1.50332E-017  9.11026E-021  2.14439E-022  2.64950E-038  3.86034E-024  1.37220E-013  2.53006E-011  6.85435E-004  9.98362E-001  2.19281E-014  3.28997E-024  1.13592E-021  4.40355E-019  2.67968E-022  2.91800E-018  1.19655E-017  6.17329E-013  1.33658E-016  8.56002E-016  8.64910E-020  3.06332E-013  6.83322E-024  2.46380E-013  5.35273E-020  1.17868E-026  8.90215E-023  3.04648E-013  8.83658E-032  4.63100E-023  1.00000E-040  1.00000E-040  1.00000E-040  1.00000E-040  1.00000E-040  1.00000E-040  7.85826E-021  1.47247E-016  4.09532E-021  3.20391E-024  5.58756E-031  2.76969E-038  5.80117E-028  3.82245E-033  1.00000E-040  1.23620E-026  5.34524E-024  2.14110E-027  7.75775E-016  4.83355E-019  6.93986E-020  2.82901E-024  4.78191E-028  5.30646E-021  5.03864E-021  4.87643E-017  4.74683E-025  3.52148E-027  4.10565E-013  1.18826E-033  2.26728E-027  2.66133E-023  1.12523E-016  2.43676E-032  9.62929E-028  3.29931E-036  1.66940E-013  1.00000E-040  3.09607E-014  2.14694E-040  1.15785E-030  2.63018E-020  1.71601E-010  3.82371E-024  1.87602E-018  2.70100E-023  1.00000E-003  1.00000E-005  1.00000E-005  1.00000E-005  1.00000E-005  1.00000E-005  1.00000E-005  1.00000E-005  1.00000E-005  1.00000E-005  1.00000E-005  1.00000E-005  1.00000E-005  1.00000E-005  1.00000E-005  1.00000E-005  
8.95000E+001  2.24351E-007  8.02193E+012  2.02566E+002  4.06996E+005  1.00000E-040  1.00000E-040  1.00000E-040  1.00000E-040  1.00000E-040  1.00000E-040  1.00000E-040  1.00000E-040  1.00000E-040  1.00000E-040  1.00000E-040  1.00000E-040  1.00000E-040  1.00000E-040  3.11024E-025  1.00000E-040  3.47376E-040  4.07267E-006  5.59997E-006  3.54450E-010  1.53921E-013  7.54704E-004  1.14522E-005  1.20840E-004  8.64019E-005  4.30068E-015  2.21026E-013  1.63786E-009  9.85447E-013  2.54286E-015  8.68438E-017  4.54847E-011  2.50572E-017  1.00000E-040  1.03940E-038  1.00000E-040  1.00000E-040  1.94911E-033  3.28649E-028  1.21813E-017  5.30861E-021  2.05179E-022  2.14447E-038  3.21754E-024  1.77159E-013  2.71780E-011  7.82144E-004  9.98235E-001  2.57347E-014  3.86005E-024  1.25170E-021  7.14360E-019  3.10017E-022  2.93969E-018  1.21293E-017  6.33463E-013  1.32297E-016  6.26414E-016  1.69255E-019  2.65584E-013  3.41140E-024  1.59312E-013  5.60846E-020  1.00348E-026  5.52901E-023  2.82907E-013  5.05739E-032  2.74218E-023  1.00000E-040  1.00000E-040  1.00000E-040  1.00000E-040  1.00000E-040  1.00000E-040  6.33466E-021  1.19339E-016  4.22212E-021  2.39374E-024  4.56032E-031  2.25233E-038  6.33587E-028  2.41240E-033  1.00000E-040  1.56721E-026  5.93928E-024  1.78652E-027  8.32139E-016  5.12818E-019  6.84519E-020  3.60618E-024  3.51973E-028  4.91959E-021  4.75115E-021  5.33617E-017  7.06625E-025  3.99486E-027  3.87306E-013  7.32960E-034  1.88407E-027  2.92758E-023  1.05276E-016  1.58778E-032  6.34780E-028  1.26405E-036  1.89200E-013  1.00000E-040  2.92849E-014  1.34322E-040  1.04671E-030  1.97096E-020  2.14230E-010  4.61647E-024  2.01836E-018  2.91309E-023  1.00000E-003  1.00000E-005  1.00000E-005  1.00000E-005  1.00000E-005  1.00000E-005  1.00000E-005  1.00000E-005  1.00000E-005  1.00000E-005  1.00000E-005  1.00000E-005  1.00000E-005  1.00000E-005  1.00000E-005  1.00000E-005  
9.05000E+001  1.91778E-007  6.65695E+012  2.08660E+002  4.06996E+005  1.00000E-040  1.00000E-040  1.00000E-040  1.00000E-040  1.00000E-040  1.00000E-040  1.00000E-040  1.00000E-040  1.00000E-040  1.00000E-040  1.00000E-040  1.00000E-040  1.00000E-040  1.00000E-040  2.90679E-025  1.00000E-040  3.86690E-040  4.14705E-006  5.67876E-006  2.99398E-010  1.39354E-013  7.93334E-004  1.05255E-005  1.21891E-004  8.04362E-005  5.13551E-015  1.84740E-013  2.17748E-009  1.24724E-012  3.06881E-015  8.52450E-017  4.03550E-011  2.62223E-017  1.84335E-035  1.50420E-036  1.00000E-040  1.00000E-040  1.17612E-033  3.15501E-028  9.75063E-018  3.02828E-021  1.85712E-022  1.66792E-038  2.67882E-024  2.26812E-013  2.88035E-011  8.88418E-004  9.98096E-001  3.03096E-014  5.42221E-024  1.60346E-021  1.14349E-018  3.49415E-022  2.87283E-018  1.21699E-017  6.90932E-013  1.32965E-016  4.55480E-016  4.43693E-019  2.32227E-013  1.75979E-024  9.99962E-014  6.91475E-020  9.83352E-027  3.46977E-023  2.61577E-013  3.34612E-032  1.64121E-023  1.00000E-040  1.00000E-040  4.00556E-040  1.00000E-040  1.00000E-040  1.00000E-040  5.18745E-021  9.82308E-017  4.57714E-021  1.74410E-024  3.68803E-031  1.80277E-038  6.93324E-028  1.32204E-033  1.00000E-040  1.94229E-026  6.57778E-024  1.50455E-027  8.81510E-016  5.59575E-019  6.51410E-020  5.47060E-024  2.56939E-028  4.65454E-021  4.60582E-021  6.01094E-017  1.01157E-024  4.43695E-027  3.64154E-013  4.08578E-034  1.60878E-027  3.53010E-023  9.82214E-017  9.98102E-033  4.10156E-028  4.67712E-037  2.16812E-013  1.00000E-040  2.76179E-014  1.30846E-040  8.78843E-031  1.49839E-020  2.67954E-010  5.52475E-024  2.25569E-018  3.06025E-023  1.00000E-003  1.00000E-005  1.00000E-005  1.00000E-005  1.00000E-005  1.00000E-005  1.00000E-005  1.00000E-005  1.00000E-005  1.00000E-005  1.00000E-005  1.00000E-005  1.00000E-005  1.00000E-005  1.00000E-005  1.00000E-005  
9.15000E+001  1.64689E-007  5.55481E+012  2.14740E+002  4.06996E+005  1.00000E-040  1.00000E-040  1.00000E-040  1.00000E-040  1.00000E-040  1.00000E-040  1.00000E-040  1.00000E-040  1.00000E-040  1.00000E-040  1.00000E-040  1.00000E-040  1.00000E-040  1.00000E-040  2.70674E-025  1.00000E-040  4.30793E-040  4.22301E-006  5.75810E-006  2.56448E-010  1.31330E-013  8.34412E-004  9.74075E-006  1.22741E-004  7.48449E-005  6.04248E-015  1.55356E-013  2.85821E-009  1.55781E-012  3.64651E-015  8.45509E-017  3.64572E-011  2.70468E-017  1.78570E-035  6.42472E-037  3.81524E-036  1.00000E-040  7.15081E-034  3.07478E-028  7.77828E-018  1.71984E-021  1.66317E-022  1.38711E-038  2.23453E-024  2.86098E-013  3.00316E-011  1.00414E-003  9.97944E-001  3.59690E-014  7.83419E-024  2.31289E-021  1.78252E-018  3.86413E-022  2.77414E-018  1.22819E-017  7.82996E-013  1.36172E-016  3.35415E-016  1.30901E-018  2.05019E-013  9.45570E-025  6.39012E-014  8.70358E-020  9.90879E-027  2.20585E-023  2.41007E-013  2.67074E-032  9.95371E-024  1.00000E-040  1.00000E-040  1.00000E-040  1.00000E-040  1.00000E-040  1.00000E-040  4.32052E-021  8.22223E-017  4.94833E-021  1.28898E-024  2.95613E-031  1.47866E-038  7.56171E-028  7.00635E-034  1.00000E-040  2.33642E-026  7.29027E-024  1.28519E-027  9.28083E-016  6.17328E-019  6.14818E-020  8.48713E-024  1.91386E-028  4.44926E-021  4.51437E-021  6.78140E-017  1.39723E-024  4.83671E-027  3.41479E-013  2.38998E-034  1.38048E-027  4.17465E-023  9.14565E-017  6.62866E-033  2.71799E-028  1.80730E-037  2.46908E-013  1.00000E-040  2.59868E-014  1.00000E-040  7.09862E-031  1.15573E-020  3.36953E-010  6.58024E-024  2.58512E-018  3.15958E-023  1.00000E-003  1.00000E-005  1.00000E-005  1.00000E-005  1.00000E-005  1.00000E-005  1.00000E-005  1.00000E-005  1.00000E-005  1.00000E-005  1.00000E-005  1.00000E-005  1.00000E-005  1.00000E-005  1.00000E-005  1.00000E-005  
9.25000E+001  1.42087E-007  4.63850E+012  2.21867E+002  4.06996E+005  1.00000E-040  1.00000E-040  1.00000E-040  1.00000E-040  1.00000E-040  1.00000E-040  1.00000E-040  1.00000E-040  1.00000E-040  1.00000E-040  1.00000E-040  1.00000E-040  1.00000E-040  1.00000E-040  2.52356E-025  1.00000E-040  4.79935E-040  4.29999E-006  5.83700E-006  2.22632E-010  1.30917E-013  8.77855E-004  9.07914E-006  1.23417E-004  6.96407E-005  7.06555E-015  1.30700E-013  3.75154E-009  1.94538E-012  4.28393E-015  8.50078E-017  3.35608E-011  2.75935E-017  1.00000E-040  1.00000E-040  1.00000E-040  1.00000E-040  4.34756E-034  3.04313E-028  6.19299E-018  9.73667E-022  1.46984E-022  1.18756E-038  1.86107E-024  3.60323E-013  3.07280E-011  1.12921E-003  9.97781E-001  4.55324E-014  1.23628E-023  3.65647E-021  2.77745E-018  4.22698E-022  2.65454E-018  1.25315E-017  9.74038E-013  1.50755E-016  2.48383E-016  4.00778E-018  1.82886E-013  5.38369E-025  4.07866E-014  1.17557E-019  1.06624E-026  1.42375E-023  2.21428E-013  2.78002E-032  6.12914E-024  1.00000E-040  1.00000E-040  1.00000E-040  1.00000E-040  1.00000E-040  1.00000E-040  3.66436E-021  7.00733E-017  5.46376E-021  9.71522E-025  2.34612E-031  1.23827E-038  8.19837E-028  3.40438E-034  1.00000E-040  2.73242E-026  8.17402E-024  1.13225E-027  9.80215E-016  6.94153E-019  5.75184E-020  1.42964E-023  1.43890E-028  4.32442E-021  4.51499E-021  7.76332E-017  1.86865E-024  5.18524E-027  3.19538E-013  1.42493E-034  1.22670E-027  5.06743E-023  8.50409E-017  4.62834E-033  1.81594E-028  7.27293E-038  2.81670E-013  1.00000E-040  2.44100E-014  1.00000E-040  5.38571E-031  9.02454E-021  4.51993E-010  7.88668E-024  3.00377E-018  3.22997E-023  1.00000E-003  1.00000E-005  1.00000E-005  1.00000E-005  1.00000E-005  1.00000E-005  1.00000E-005  1.00000E-005  1.00000E-005  1.00000E-005  1.00000E-005  1.00000E-005  1.00000E-005  1.00000E-005  1.00000E-005  1.00000E-005  
9.35000E+001  1.23277E-007  3.84610E+012  2.32155E+002  4.06996E+005  1.00000E-040  1.00000E-040  1.00000E-040  1.00000E-040  1.00000E-040  1.00000E-040  1.00000E-040  1.00000E-040  1.00000E-040  1.00000E-040  1.00000E-040  1.00000E-040  1.00000E-040  1.00000E-040  2.36952E-025  1.00000E-040  5.34022E-040  4.37524E-006  5.91178E-006  1.95751E-010  1.46929E-013  9.23334E-004  8.52471E-006  1.23945E-004  6.48431E-005  8.14072E-015  1.08841E-013  5.03485E-009  2.48404E-012  4.84973E-015  8.68677E-017  3.14872E-011  2.79249E-017  1.00000E-040  1.00000E-040  1.00000E-040  1.00000E-040  2.58622E-034  3.02752E-028  4.92494E-018  5.48421E-022  1.27643E-022  9.73924E-039  1.53547E-024  4.63477E-013  3.07777E-011  1.26295E-003  9.97606E-001  6.91926E-014  2.42148E-023  6.07138E-021  4.52629E-018  4.62447E-022  2.52362E-018  1.30470E-017  1.49695E-012  2.03373E-016  1.82476E-016  1.19563E-017  1.64975E-013  3.38582E-025  2.51487E-014  1.89408E-019  1.33209E-026  9.35971E-024  2.03080E-013  3.82438E-032  3.84364E-024  1.00000E-040  1.00000E-040  1.03842E-040  1.00000E-040  1.00000E-040  1.00000E-040  3.16871E-021  6.08800E-017  6.33137E-021  7.57441E-025  1.84285E-031  1.05062E-038  8.81425E-028  1.35580E-034  1.00000E-040  3.01520E-026  9.44199E-024  1.07177E-027  1.05522E-015  8.05235E-019  5.32557E-020  2.96695E-023  1.06050E-028  4.31441E-021  4.67149E-021  9.19131E-017  2.42729E-024  5.47808E-027  2.98607E-013  8.53335E-035  1.19148E-027  6.79326E-023  7.90404E-017  3.48527E-033  1.18331E-028  3.12312E-038  3.26039E-013  1.00000E-040  2.29079E-014  1.00000E-040  3.62468E-031  7.10097E-021  7.29138E-010  9.68852E-024  3.50772E-018  3.28824E-023  1.00000E-003  1.00000E-005  1.00000E-005  1.00000E-005  1.00000E-005  1.00000E-005  1.00000E-005  1.00000E-005  1.00000E-005  1.00000E-005  1.00000E-005  1.00000E-005  1.00000E-005  1.00000E-005  1.00000E-005  1.00000E-005  
9.45000E+001  1.07628E-007  3.21576E+012  2.42415E+002  4.06996E+005  1.00000E-040  1.00000E-040  1.00000E-040  1.00000E-040  1.00000E-040  1.00000E-040  1.00000E-040  1.00000E-040  1.00000E-040  1.00000E-040  1.00000E-040  1.00000E-040  1.00000E-040  1.00000E-040  2.20142E-025  1.00000E-040  5.92821E-040  4.44601E-006  5.97890E-006  1.74141E-010  1.90025E-013  9.70418E-004  8.06339E-006  1.24350E-004  6.04641E-005  8.82472E-015  9.11774E-014  7.03758E-009  3.30308E-012  4.92956E-015  8.98004E-017  3.00918E-011  2.80654E-017  1.09904E-034  2.04864E-036  2.12331E-035  1.00000E-040  1.51964E-034  2.91997E-028  3.94409E-018  3.12481E-022  1.17828E-022  7.49080E-039  1.24595E-024  6.20177E-013  3.01686E-011  1.40430E-003  9.97422E-001  1.33650E-013  4.53809E-023  9.95743E-021  8.00826E-018  5.09751E-022  2.43705E-018  1.44515E-017  2.57911E-012  3.52490E-016  1.36237E-016  3.30875E-017  1.50554E-013  2.53437E-025  1.58906E-014  2.94573E-019  1.62617E-026  6.28984E-024  1.86172E-013  6.18512E-032  2.46390E-024  1.00000E-040  1.00000E-040  1.00000E-040  1.00000E-040  1.00000E-040  1.00000E-040  2.79614E-021  5.39610E-017  7.28205E-021  6.47461E-025  1.43833E-031  9.71393E-039  9.34421E-028  5.26106E-035  1.00000E-040  2.93247E-026  1.15332E-023  1.10941E-027  1.19709E-015  9.41535E-019  5.19720E-020  5.85068E-023  7.66577E-029  4.35756E-021  4.89248E-021  1.09152E-016  3.07025E-024  5.71363E-027  2.78922E-013  6.21705E-035  1.24479E-027  8.79712E-023  7.35156E-017  3.27712E-033  7.98402E-029  1.58705E-038  3.74855E-013  1.00000E-040  2.14977E-014  1.00000E-040  2.36419E-031  5.63998E-021  1.49231E-009  1.25229E-023  4.08924E-018  3.34096E-023  1.00000E-003  1.00000E-005  1.00000E-005  1.00000E-005  1.00000E-005  1.00000E-005  1.00000E-005  1.00000E-005  1.00000E-005  1.00000E-005  1.00000E-005  1.00000E-005  1.00000E-005  1.00000E-005  1.00000E-005  1.00000E-005  
9.55000E+001  9.45261E-008  2.69919E+012  2.53650E+002  4.06996E+005  1.00000E-040  1.00000E-040  1.00000E-040  1.00000E-040  1.00000E-040  1.00000E-040  1.00000E-040  1.00000E-040  1.00000E-040  1.00000E-040  1.00000E-040  1.00000E-040  1.00000E-040  1.00000E-040  2.03134E-025  1.00000E-040  6.56323E-040  4.51161E-006  6.03743E-006  1.56614E-010  2.88043E-013  1.01889E-003  7.68255E-006  1.24652E-004  5.64824E-005  8.57094E-015  7.66497E-014  1.04412E-008  4.65097E-012  3.90704E-015  9.41287E-017  2.92687E-011  2.80670E-017  9.87325E-037  4.09193E-039  3.84402E-038  1.00000E-040  8.70018E-035  2.59829E-028  3.18417E-018  1.81355E-022  1.16360E-022  4.75466E-039  9.86548E-025  8.77970E-013  2.90568E-011  1.55242E-003  9.97229E-001  3.01771E-013  8.59534E-023  1.58900E-020  1.59412E-017  5.63730E-022  2.36924E-018  1.70222E-017  4.88197E-012  7.20685E-016  1.02277E-016  8.48540E-017  1.38959E-013  2.42189E-025  1.01256E-014  4.63462E-019  2.01182E-026  4.33350E-024  1.70751E-013  1.06350E-031  1.61824E-024  1.00000E-040  1.00000E-040  1.00000E-040  1.00000E-040  1.00000E-040  1.00000E-040  2.51896E-021  4.88041E-017  8.44469E-021  6.10618E-025  1.11975E-031  9.71882E-039  9.74284E-028  1.92281E-035  1.00000E-040  2.28099E-026  1.49656E-023  1.26898E-027  1.45021E-015  1.11610E-018  5.36970E-020  1.15641E-022  5.12835E-029  4.47749E-021  5.22671E-021  1.31796E-016  3.79165E-024  5.87858E-027  2.60540E-013  5.33984E-035  1.43555E-027  1.14138E-022  6.84726E-017  3.82407E-033  5.49129E-029  9.60805E-039  4.31599E-013  1.00000E-040  2.01834E-014  1.00000E-040  1.46791E-031  4.50711E-021  3.56069E-009  1.71128E-023  4.73788E-018  3.36002E-023  1.00000E-003  1.00000E-005  1.00000E-005  1.00000E-005  1.00000E-005  1.00000E-005  1.00000E-005  1.00000E-005  1.00000E-005  1.00000E-005  1.00000E-005  1.00000E-005  1.00000E-005  1.00000E-005  1.00000E-005  1.00000E-005  
9.65000E+001  8.35627E-008  2.25079E+012  2.68902E+002  4.06996E+005  1.00000E-040  1.00000E-040  1.00000E-040  1.00000E-040  1.00000E-040  1.00000E-040  1.00000E-040  1.00000E-040  1.00000E-040  1.00000E-040  1.00000E-040  1.00000E-040  1.00000E-040  1.00000E-040  1.87286E-025  1.00000E-040  7.24033E-040  4.56917E-006  6.08403E-006  1.42352E-010  5.24319E-013  1.06824E-003  7.37316E-006  1.24868E-004  5.28896E-005  7.63909E-015  6.42537E-014  1.61615E-008  6.69142E-012  1.86744E-015  1.00393E-016  2.89321E-011  2.79728E-017  3.34987E-036  5.06286E-038  5.27666E-037  1.00000E-040  4.86003E-035  2.15744E-028  2.59345E-018  1.08310E-022  1.17260E-022  2.25517E-039  7.65922E-025  1.26897E-012  2.78334E-011  1.70554E-003  9.97030E-001  7.00828E-013  1.91250E-022  2.44285E-020  3.38516E-017  6.10564E-022  2.23840E-018  2.00300E-017  1.02751E-011  1.53332E-015  7.56702E-017  2.00815E-016  1.29686E-013  2.90139E-025  6.24583E-015  8.32474E-019  2.76150E-026  3.07643E-024  1.56887E-013  1.82657E-031  1.09378E-024  1.00000E-040  1.00000E-040  9.36444E-040  1.00000E-040  1.00000E-040  1.00000E-040  2.31734E-021  4.50376E-017  1.00880E-020  6.27245E-025  8.75467E-032  9.79336E-039  9.97536E-028  5.78575E-036  1.00000E-040  1.32365E-026  1.96074E-023  1.64838E-027  1.79619E-015  1.35985E-018  5.49374E-020  2.64199E-022  3.16076E-029  4.73082E-021  5.79137E-021  1.65826E-016  4.57823E-024  5.94252E-027  2.43556E-013  4.87197E-035  1.88603E-027  1.60965E-022  6.39248E-017  5.02413E-033  3.68917E-029  6.84785E-039  5.06428E-013  1.00000E-040  1.89717E-014  1.00000E-040  8.06566E-032  3.60722E-021  8.73543E-009  2.35016E-023  5.43573E-018  3.29054E-023  1.00000E-003  1.00000E-005  1.00000E-005  1.00000E-005  1.00000E-005  1.00000E-005  1.00000E-005  1.00000E-005  1.00000E-005  1.00000E-005  1.00000E-005  1.00000E-005  1.00000E-005  1.00000E-005  1.00000E-005  1.00000E-005  
9.75000E+001  7.43822E-008  1.89619E+012  2.84121E+002  4.06996E+005  1.00000E-040  1.00000E-040  1.00000E-040  1.00000E-040  1.00000E-040  1.00000E-040  1.00000E-040  1.00000E-040  1.00000E-040  1.00000E-040  1.00000E-040  1.00000E-040  1.00000E-040  1.00000E-040  1.68220E-025  1.00000E-040  7.95326E-040  4.61592E-006  6.11572E-006  1.30788E-010  9.81101E-013  1.11793E-003  7.12781E-006  1.25012E-004  4.96729E-005  7.77833E-015  5.53816E-014  2.47739E-008  8.76235E-012  8.20528E-016  1.08582E-016  2.90079E-011  2.78010E-017  1.00000E-040  2.00113E-040  1.98801E-039  1.00000E-040  2.79736E-035  2.00515E-028  2.14777E-018  6.87242E-023  1.21322E-022  1.02744E-039  5.95860E-025  1.66802E-012  2.69433E-011  1.86142E-003  9.96828E-001  1.57079E-012  3.90240E-022  3.51344E-020  6.48156E-017  6.21554E-022  2.00198E-018  2.14673E-017  2.06747E-011  3.19745E-015  5.74678E-017  4.24104E-016  1.22291E-013  3.94979E-025  3.96339E-015  1.39578E-018  3.59852E-026  2.26394E-024  1.44652E-013  3.00159E-031  7.65025E-025  1.00000E-040  1.00000E-040  1.00000E-040  1.00000E-040  1.00000E-040  1.00000E-040  2.17630E-021  4.23701E-017  1.18247E-020  6.83380E-025  6.98271E-032  9.68015E-039  9.99075E-028  1.72274E-036  1.00000E-040  7.23887E-027  2.32514E-023  2.20234E-027  2.05498E-015  1.65987E-018  5.20887E-020  5.44822E-022  2.25158E-029  5.05391E-021  6.50600E-021  2.12308E-016  5.39743E-024  5.86296E-027  2.28045E-013  4.56377E-035  2.55868E-027  2.16800E-022  5.98811E-017  6.34902E-033  2.59046E-029  5.47799E-039  5.93023E-013  1.00000E-040  1.78669E-014  1.00000E-040  4.37881E-032  2.92262E-021  2.06421E-008  2.90791E-023  6.14929E-018  3.09229E-023  1.00000E-003  1.00000E-005  1.00000E-005  1.00000E-005  1.00000E-005  1.00000E-005  1.00000E-005  1.00000E-005  1.00000E-005  1.00000E-005  1.00000E-005  1.00000E-005  1.00000E-005  1.00000E-005  1.00000E-005  1.00000E-005  
9.85000E+001  6.66258E-008  1.60898E+012  2.99923E+002  4.06996E+005  1.00000E-040  1.00000E-040  1.00000E-040  1.00000E-040  1.00000E-040  1.00000E-040  1.00000E-040  1.00000E-040  1.00000E-040  1.00000E-040  1.00000E-040  1.00000E-040  1.00000E-040  1.00000E-040  1.45391E-025  1.00000E-040  8.70045E-040  4.65148E-006  6.13282E-006  1.21605E-010  2.17567E-012  1.16779E-003  6.93963E-006  1.25097E-004  4.67922E-005  6.80040E-015  5.05075E-014  3.59114E-008  8.40782E-012  4.09911E-016  1.21048E-016  2.94451E-011  2.75676E-017  1.00000E-040  1.00000E-040  1.00000E-040  1.00000E-040  1.71040E-035  1.64638E-028  1.82040E-018  4.82958E-023  1.22843E-022  5.08865E-040  4.66669E-025  1.60592E-012  2.64826E-011  2.01823E-003  9.96624E-001  4.83298E-012  7.79712E-022  4.68813E-020  8.60629E-017  5.83773E-022  1.65396E-018  1.77367E-017  4.98980E-011  9.55363E-015  4.37943E-017  7.87418E-016  1.16355E-013  5.61082E-025  2.56876E-015  2.28618E-018  4.63899E-026  1.73525E-024  1.33992E-013  4.67597E-031  5.55762E-025  1.00000E-040  1.00000E-040  1.00000E-040  1.00000E-040  1.00000E-040  1.00000E-040  2.08457E-021  4.05739E-017  1.35480E-020  7.80453E-025  5.79191E-032  8.59898E-039  9.77237E-028  5.08449E-037  1.00000E-040  4.32033E-027  2.11897E-023  3.03536E-027  1.74567E-015  2.03573E-018  3.66710E-020  1.08223E-021  1.45262E-029  5.46834E-021  7.45694E-021  3.03438E-016  6.17914E-024  5.61048E-027  2.13979E-013  4.82358E-035  3.58458E-027  2.85017E-022  5.63051E-017  7.43767E-033  1.91242E-029  6.01751E-039  6.98459E-013  1.00000E-040  1.68620E-014  1.00000E-040  2.33376E-032  2.42664E-021  6.60960E-008  2.75820E-023  6.82941E-018  2.78590E-023  1.00000E-003  1.00000E-005  1.00000E-005  1.00000E-005  1.00000E-005  1.00000E-005  1.00000E-005  1.00000E-005  1.00000E-005  1.00000E-005  1.00000E-005  1.00000E-005  1.00000E-005  1.00000E-005  1.00000E-005  1.00000E-005  
9.95000E+001  6.00580E-008  1.35932E+012  3.20013E+002  4.06996E+005  1.00000E-040  1.00000E-040  1.00000E-040  1.00000E-040  1.00000E-040  1.00000E-040  1.00000E-040  1.00000E-040  1.00000E-040  1.00000E-040  1.00000E-040  1.00000E-040  1.00000E-040  1.00000E-040  1.15013E-025  1.00000E-040  9.47561E-040  4.67326E-006  6.13435E-006  1.15076E-010  1.24593E-011  1.21741E-003  6.80350E-006  1.25133E-004  4.42248E-005  3.43636E-015  5.07149E-014  4.71373E-008  3.96730E-012  2.93273E-016  1.80568E-016  3.02079E-011  2.72775E-017  1.00000E-040  1.00000E-040  1.00000E-040  1.00000E-040  1.23137E-035  8.84362E-029  1.60040E-018  3.92757E-023  1.14893E-022  2.97248E-040  3.78156E-025  7.65192E-013  2.64080E-011  2.17159E-003  9.96423E-001  5.10484E-011  4.00149E-021  5.72428E-020  5.15509E-017  5.44600E-022  1.35017E-018  1.00988E-017  3.33082E-010  9.26558E-014  3.18849E-017  1.23083E-015  1.11541E-013  7.88777E-025  1.67238E-015  4.45304E-018  6.81291E-026  1.39318E-024  1.24893E-013  6.75805E-031  4.21589E-025  1.00000E-040  1.00000E-040  1.00000E-040  1.00000E-040  1.00000E-040  1.00000E-040  2.03436E-021  3.94819E-017  1.49851E-020  9.26657E-025  5.11103E-032  8.89653E-039  9.33374E-028  1.41972E-037  1.00000E-040  3.18950E-027  1.34706E-023  5.09539E-027  7.43453E-016  2.55937E-018  1.27671E-020  5.20076E-021  6.13687E-030  6.05681E-021  9.26515E-021  1.07430E-015  6.76811E-024  5.24743E-027  2.01503E-013  1.22137E-034  5.34945E-027  3.93706E-022  5.31724E-017  1.46935E-032  1.82846E-029  1.72102E-038  8.82080E-013  1.00000E-040  1.59542E-014  1.00000E-040  1.17489E-032  2.11309E-021  7.51782E-007  1.84057E-023  7.37901E-018  2.48746E-023  1.00000E-003  1.00000E-005  1.00000E-005  1.00000E-005  1.00000E-005  1.00000E-005  1.00000E-005  1.00000E-005  1.00000E-005  1.00000E-005  1.00000E-005  1.00000E-005  1.00000E-005  1.00000E-005  1.00000E-005  1.00000E-005  
