alt           press         den           temp          eddy          H2Oaer        CO2aer        S8aer         H2SO4aer      NH3aer        N2Oaer        C2H2aer       C2H4aer       C2H6aer       CH3CNaer      HCCCNaer      HCNaer        CH4aer        HCaer1        HCaer2        HCaer3        He            H             H2            H2O           OH            O             O2            CO            CO2           HCO           H2CO          C             CH            CH2           CH3           CH4           S             S2            S3            S4            S8            H2S           HS            SO            SO2           CS            CS2           OCS           CN            HCN           N             N2            NH            NH2           NH3           C2            C2H           C2H2          C2H4          NO            HNO           HO2           HNCO          N2O           H2O2          O3            NO2           NO3           SO3           HNO2          HNO3          H2SO4         HCl           Cl            Cl2           HOCl          N2H4          ClO           C2H6          CH3OH         CH2CO         CH3CHO        C3H4          C3H6          C4H2          C4H4          OClO          HCS           C2H3          C2H5          NCO           1CH2          HCCO          NNH           HSO           CH3O          H2COH         H2CN          N2H2          C4H           HCNOH         C2H2OH        CH3CO         CH2CHO        C2H3OH        C2H4OH        CH3O2         HSO3          O1D           N2H3          NH2CO         HS4           C4H3          CH2N2         N2D           CH2CN         CH3CN         HCCCN         H2Oaer_r      CO2aer_r      S8aer_r       H2SO4aer_r    NH3aer_r      N2Oaer_r      C2H2aer_r     C2H4aer_r     C2H6aer_r     CH3CNaer_r    HCCCNaer_r    HCNaer_r      CH4aer_r      HCaer1_r      HCaer2_r      HCaer3_r      
5.00000E-001  1.00898E+000  2.55827E+019  2.85664E+002  1.00000E+005  6.30183E-004  1.00000E-040  1.00000E-040  6.11316E-032  1.00000E-040  1.00000E-040  1.00000E-040  1.00000E-040  1.00000E-040  1.00000E-040  1.00000E-040  1.00000E-040  1.00000E-040  1.00000E-040  1.28136E-023  1.00000E-040  1.00000E-040  1.08743E-021  4.95548E-007  5.77744E-003  4.28085E-014  3.58936E-017  2.10836E-001  3.77031E-008  2.81471E-004  1.04530E-022  1.48374E-010  1.00000E-040  1.00000E-040  1.99988E-033  3.28658E-020  8.00805E-007  1.73486E-028  2.85846E-026  1.00000E-040  1.00000E-040  1.00000E-040  8.44590E-012  2.16770E-017  9.18737E-019  3.61466E-011  1.00000E-040  1.00000E-040  3.33999E-010  9.09297E-035  4.98568E-011  1.19724E-031  7.83104E-001  8.78219E-024  2.49300E-014  5.54768E-010  1.00000E-040  1.00000E-040  1.06274E-029  3.02562E-025  3.19700E-012  2.43714E-016  9.93933E-012  9.15869E-015  2.70569E-007  9.14403E-010  2.15337E-008  1.54848E-011  7.96353E-014  3.21077E-019  4.27527E-012  1.76628E-011  2.71356E-011  3.33159E-030  2.12221E-035  9.64811E-035  2.03412E-030  1.77980E-013  3.40061E-022  1.22815E-023  1.21202E-017  1.92473E-025  1.29344E-025  1.00000E-040  1.98555E-038  8.15448E-029  6.86345E-037  3.66893E-029  1.00000E-040  1.36811E-040  3.92226E-026  9.35644E-017  6.03281E-035  1.46585E-039  4.56089E-023  1.85401E-017  6.82843E-019  2.68848E-015  5.55397E-025  5.61193E-011  1.00000E-040  4.16639E-019  1.00000E-040  1.11854E-025  5.35830E-031  4.89625E-023  1.15373E-025  9.73757E-012  2.16866E-023  1.28365E-022  1.06157E-013  1.70242E-014  1.00000E-040  2.01941E-036  2.05199E-023  1.00000E-040  8.52064E-022  3.65139E-011  6.83001E-038  1.00000E-003  1.00000E-005  1.00000E-005  1.00000E-005  1.00000E-005  1.00000E-005  1.00000E-005  1.00000E-005  1.00000E-005  1.00000E-005  1.00000E-005  1.00000E-005  1.00000E-005  1.00000E-005  1.00000E-005  1.00000E-005  
1.50000E+000  8.93203E-001  2.31661E+019  2.79263E+002  1.00000E+005  8.27217E-004  1.00000E-040  1.00000E-040  7.17900E-029  1.00000E-040  1.00000E-040  1.00000E-040  1.00000E-040  1.00000E-040  1.00000E-040  1.00000E-040  1.00000E-040  1.00000E-040  1.00000E-040  7.27601E-024  1.00000E-040  1.00000E-040  9.30112E-022  4.96351E-007  4.40097E-003  3.53437E-014  4.49303E-017  2.11128E-001  3.68095E-008  2.81863E-004  8.60764E-023  1.22259E-010  1.00000E-040  1.00000E-040  1.14446E-033  2.38065E-020  8.00442E-007  9.93025E-029  2.83205E-026  1.00000E-040  1.00000E-040  1.00000E-040  4.83950E-012  9.91405E-018  5.85817E-019  7.47548E-011  1.00000E-040  1.00000E-040  3.34178E-010  4.45244E-035  4.98067E-011  1.41260E-031  7.84188E-001  9.84171E-024  6.67030E-014  5.31291E-010  1.00000E-040  1.00000E-040  1.02611E-029  3.01475E-025  3.37510E-013  4.58740E-016  1.11449E-011  6.74695E-015  2.70910E-007  1.08174E-009  2.30795E-008  3.20323E-012  5.26706E-014  2.05998E-019  2.44305E-012  2.51343E-011  2.93292E-011  1.95114E-030  2.07664E-035  9.39197E-037  1.50231E-030  4.93868E-013  3.40532E-022  1.24319E-023  1.15603E-017  2.04772E-025  1.02759E-025  1.00000E-040  1.93874E-038  8.16577E-029  6.12637E-037  3.78219E-029  1.00000E-040  1.05826E-040  2.24026E-026  3.63830E-016  3.22217E-035  1.84439E-039  4.77297E-023  1.28044E-017  7.09779E-019  3.70325E-015  3.57444E-025  5.71184E-011  1.00000E-040  5.53147E-019  1.00000E-040  1.08228E-025  5.12323E-031  4.90303E-023  1.00754E-025  8.59678E-011  3.84184E-023  1.72277E-022  2.36970E-013  1.71580E-014  1.00000E-040  2.04287E-036  1.03000E-023  1.00000E-040  8.29621E-022  3.63184E-011  6.83946E-038  1.00000E-003  1.00000E-005  1.00000E-005  1.00000E-005  1.00000E-005  1.00000E-005  1.00000E-005  1.00000E-005  1.00000E-005  1.00000E-005  1.00000E-005  1.00000E-005  1.00000E-005  1.00000E-005  1.00000E-005  1.00000E-005  
2.50000E+000  7.89245E-001  2.08015E+019  2.74811E+002  1.00000E+005  5.17445E-004  1.00000E-040  1.00000E-040  7.55751E-026  1.00000E-040  1.00000E-040  1.00000E-040  1.00000E-040  1.00000E-040  1.00000E-040  1.00000E-040  1.00000E-040  1.00000E-040  1.00000E-040  1.69427E-023  1.00000E-040  1.00000E-040  1.02247E-021  4.96776E-007  3.56101E-003  4.17362E-014  5.82378E-017  2.11306E-001  3.56712E-008  2.82103E-004  4.89700E-023  5.82912E-011  1.00000E-040  1.00000E-040  1.44084E-033  2.65446E-020  7.99846E-007  7.90046E-029  2.78927E-026  1.00000E-040  1.00000E-040  1.00000E-040  2.74686E-012  6.39532E-018  4.91266E-019  5.82789E-011  1.00000E-040  1.00000E-040  3.34189E-010  3.59789E-035  4.97478E-011  2.59614E-031  7.84850E-001  1.28601E-023  9.93378E-014  5.10620E-010  1.00000E-040  1.00000E-040  9.70206E-030  2.89734E-025  3.43443E-014  6.93503E-016  9.91161E-012  6.07168E-015  2.71099E-007  1.10176E-009  2.46647E-008  8.46024E-013  2.63132E-014  1.59409E-019  1.30535E-012  2.66190E-011  3.15352E-011  1.18117E-030  2.17473E-035  1.18809E-038  1.41335E-030  8.04869E-013  3.40819E-022  1.27232E-023  1.05740E-017  2.46666E-025  8.41090E-026  1.00000E-040  1.87013E-038  8.17266E-029  4.51465E-037  3.94669E-029  1.00000E-040  1.15037E-040  1.77248E-026  1.51690E-015  3.85919E-035  2.32409E-039  6.74799E-023  1.13760E-017  3.33202E-019  4.34055E-015  2.69115E-025  5.82953E-011  1.00000E-040  8.89544E-019  1.00000E-040  1.41465E-025  4.79216E-031  4.90717E-023  8.44511E-026  3.62422E-010  3.61719E-023  2.26609E-022  3.74497E-013  1.72712E-014  1.00000E-040  2.10831E-036  9.31763E-024  1.00000E-040  7.93920E-022  3.61366E-011  6.84523E-038  1.00000E-003  1.00000E-005  1.00000E-005  1.00000E-005  1.00000E-005  1.00000E-005  1.00000E-005  1.00000E-005  1.00000E-005  1.00000E-005  1.00000E-005  1.00000E-005  1.00000E-005  1.00000E-005  1.00000E-005  1.00000E-005  
3.50000E+000  6.95869E-001  1.86886E+019  2.69691E+002  1.00000E+005  5.35449E-004  1.00000E-040  1.00000E-040  2.03011E-023  1.00000E-040  1.00000E-040  1.00000E-040  1.00000E-040  1.00000E-040  1.00000E-040  1.00000E-040  1.00000E-040  1.00000E-040  1.00000E-040  6.98553E-024  1.00000E-040  1.00000E-040  1.12722E-021  4.97218E-007  2.70083E-003  4.73650E-014  7.59039E-017  2.11488E-001  3.45439E-008  2.82348E-004  3.08419E-023  3.15894E-011  1.00000E-040  1.00000E-040  1.62434E-033  2.76102E-020  7.99464E-007  5.88430E-029  2.73575E-026  1.00000E-040  1.00000E-040  1.00000E-040  1.56227E-012  3.95292E-018  4.16267E-019  4.52998E-011  1.00000E-040  1.00000E-040  3.34220E-010  2.59777E-035  4.97036E-011  4.22877E-031  7.85527E-001  1.48589E-023  1.06955E-013  4.92906E-010  1.00000E-040  1.00000E-040  9.02135E-030  2.76209E-025  1.39129E-014  9.36673E-016  9.29539E-012  5.27513E-015  2.71288E-007  1.02897E-009  2.67186E-008  4.35139E-013  1.92002E-014  1.03877E-019  7.17858E-013  2.66419E-011  2.96900E-011  8.84330E-031  2.25942E-035  1.43255E-040  1.36867E-030  8.63189E-013  3.41113E-022  1.31751E-023  9.55587E-018  3.09354E-025  7.18470E-026  1.00000E-040  1.78654E-038  8.17971E-029  3.15632E-037  4.20303E-029  1.00000E-040  1.18414E-040  1.74571E-026  3.01312E-015  4.09970E-035  1.00000E-040  9.39561E-023  1.03256E-017  2.29863E-019  5.08254E-015  2.13856E-025  5.90775E-011  1.00000E-040  1.48448E-018  1.00000E-040  1.82492E-025  4.39864E-031  4.91140E-023  7.54147E-026  5.47130E-010  3.28303E-023  2.96230E-022  4.22485E-013  1.73489E-014  1.00000E-040  2.14202E-036  8.10184E-024  1.00000E-040  7.48260E-022  3.59814E-011  6.85114E-038  1.00000E-003  1.00000E-005  1.00000E-005  1.00000E-005  1.00000E-005  1.00000E-005  1.00000E-005  1.00000E-005  1.00000E-005  1.00000E-005  1.00000E-005  1.00000E-005  1.00000E-005  1.00000E-005  1.00000E-005  1.00000E-005  
4.50000E+000  6.12022E-001  1.67914E+019  2.63996E+002  1.00000E+005  5.12724E-004  1.00000E-040  1.00000E-040  8.13966E-021  1.00000E-040  1.00000E-040  1.00000E-040  1.00000E-040  1.00000E-040  1.00000E-040  1.00000E-040  1.00000E-040  1.00000E-040  1.00000E-040  3.46838E-024  1.00000E-040  1.00000E-040  1.21393E-021  4.97684E-007  1.89601E-003  5.06178E-014  9.95917E-017  2.11659E-001  3.35364E-008  2.82578E-004  2.87402E-023  2.61289E-011  1.00000E-040  1.00000E-040  1.56931E-033  2.62964E-020  7.99221E-007  4.13237E-029  2.67462E-026  1.00000E-040  1.00000E-040  1.00000E-040  9.04271E-013  2.33719E-018  3.55318E-019  3.53772E-011  1.00000E-040  1.00000E-040  3.34242E-010  1.64753E-035  4.96705E-011  6.08114E-031  7.86161E-001  1.54876E-023  1.05894E-013  4.78069E-010  1.00000E-040  1.00000E-040  8.29062E-030  2.63934E-025  1.35993E-014  1.22040E-015  9.05411E-012  4.19903E-015  2.71456E-007  9.47968E-010  2.93545E-008  3.92723E-013  1.86963E-014  6.29172E-020  4.51041E-013  2.72417E-011  2.58691E-011  7.35009E-031  2.30043E-035  1.00000E-040  1.29922E-030  7.96133E-013  3.41388E-022  1.38045E-023  8.62530E-018  3.90161E-025  6.31831E-026  1.00000E-040  1.69378E-038  8.18631E-029  2.18974E-037  4.55882E-029  1.00000E-040  1.14378E-040  1.77908E-026  3.37684E-015  3.69749E-035  3.65472E-039  1.25663E-022  9.54457E-018  2.65360E-019  6.19276E-015  1.67679E-025  5.91746E-011  1.00000E-040  2.51271E-018  1.00000E-040  2.28433E-025  3.97859E-031  4.91537E-023  7.10070E-026  5.72834E-010  2.83583E-023  3.86791E-022  4.08337E-013  1.73971E-014  1.00000E-040  2.15032E-036  6.08772E-024  1.00000E-040  6.95530E-022  3.58507E-011  6.85684E-038  1.00000E-003  1.00000E-005  1.00000E-005  1.00000E-005  1.00000E-005  1.00000E-005  1.00000E-005  1.00000E-005  1.00000E-005  1.00000E-005  1.00000E-005  1.00000E-005  1.00000E-005  1.00000E-005  1.00000E-005  1.00000E-005  
5.50000E+000  5.36819E-001  1.50756E+019  2.57912E+002  1.00000E+005  4.23233E-004  1.00000E-040  1.00000E-040  3.94067E-018  1.00000E-040  1.00000E-040  1.00000E-040  1.00000E-040  1.00000E-040  1.00000E-040  1.00000E-040  1.00000E-040  1.00000E-040  1.00000E-040  2.52612E-024  1.00000E-040  1.00000E-040  1.29924E-021  4.98112E-007  1.25278E-003  5.25966E-014  1.31428E-016  2.11795E-001  3.26559E-008  2.82762E-004  3.48188E-023  2.84722E-011  1.00000E-040  1.00000E-040  1.39319E-033  2.38169E-020  7.99001E-007  2.87675E-029  2.60797E-026  1.00000E-040  1.00000E-040  1.00000E-040  5.36565E-013  1.38274E-018  3.16611E-019  2.78799E-011  1.00000E-040  1.00000E-040  3.34218E-010  9.57662E-036  4.96423E-011  8.46648E-031  7.86668E-001  1.55627E-023  1.01402E-013  4.65744E-010  1.00000E-040  1.00000E-040  7.56658E-030  2.52846E-025  2.12605E-014  1.56440E-015  8.97646E-012  3.24938E-015  2.71574E-007  8.84968E-010  3.25810E-008  4.55057E-013  2.00778E-014  3.92903E-020  3.82994E-013  2.92987E-011  2.16454E-011  6.31077E-031  2.30982E-035  1.00000E-040  1.22525E-030  6.85075E-013  3.41608E-022  1.46321E-023  7.80016E-018  4.96472E-025  5.62077E-026  1.00000E-040  1.59656E-038  8.19158E-029  1.50055E-037  5.01015E-029  1.00000E-040  1.07259E-040  1.82742E-026  2.82218E-015  3.03974E-035  1.00000E-040  1.66052E-022  9.29704E-018  3.79734E-019  7.73512E-015  1.28824E-025  5.85794E-011  1.00000E-040  4.39967E-018  1.00000E-040  2.85720E-025  3.56230E-031  4.91853E-023  6.81972E-026  4.68640E-010  2.41528E-023  5.04172E-022  3.65130E-013  1.74249E-014  1.00000E-040  2.14866E-036  4.15616E-024  1.00000E-040  6.38681E-022  3.57385E-011  6.86145E-038  1.00000E-003  1.00000E-005  1.00000E-005  1.00000E-005  1.00000E-005  1.00000E-005  1.00000E-005  1.00000E-005  1.00000E-005  1.00000E-005  1.00000E-005  1.00000E-005  1.00000E-005  1.00000E-005  1.00000E-005  1.00000E-005  
6.50000E+000  4.69398E-001  1.35336E+019  2.51214E+002  1.00000E+005  3.28014E-004  1.00000E-040  1.00000E-040  1.51686E-015  1.00000E-040  1.00000E-040  1.00000E-040  1.00000E-040  1.00000E-040  1.00000E-040  1.00000E-040  1.00000E-040  1.00000E-040  1.00000E-040  1.76424E-024  1.00000E-040  1.00000E-040  1.38242E-021  4.98477E-007  7.66547E-004  5.35529E-014  1.73087E-016  2.11898E-001  3.18711E-008  2.82901E-004  4.59290E-023  3.40589E-011  1.00000E-040  1.00000E-040  1.13702E-033  2.04181E-020  7.98769E-007  2.02197E-029  2.53749E-026  1.00000E-040  1.00000E-040  1.00000E-040  3.27675E-013  8.32322E-019  3.02873E-019  2.22354E-011  1.00000E-040  1.00000E-040  3.34143E-010  4.99080E-036  4.96171E-011  1.18511E-030  7.87051E-001  1.53068E-023  9.37488E-014  4.55529E-010  1.00000E-040  1.00000E-040  6.88798E-030  2.42549E-025  4.70390E-014  1.96978E-015  8.96837E-012  2.48821E-015  2.71642E-007  8.30461E-010  3.63742E-008  5.93790E-013  2.19314E-014  2.78886E-020  4.80177E-013  3.29240E-011  1.69137E-011  5.51824E-031  2.30388E-035  1.00000E-040  1.15440E-030  5.53902E-013  3.41774E-022  1.56815E-023  7.07430E-018  6.42373E-025  5.00328E-026  1.00000E-040  1.49840E-038  8.19556E-029  9.98874E-038  5.54893E-029  1.00000E-040  1.00000E-040  1.89420E-026  1.96533E-015  2.26977E-035  7.70364E-039  2.21867E-022  9.86128E-018  5.94151E-019  9.75686E-015  9.62854E-026  5.74133E-011  1.00000E-040  8.29312E-018  1.00000E-040  3.63809E-025  3.16951E-031  4.92092E-023  6.58548E-026  2.93140E-010  2.05558E-023  6.53954E-022  3.06349E-013  1.74402E-014  1.00000E-040  2.14290E-036  2.58601E-024  1.00000E-040  5.80493E-022  3.56409E-011  6.86507E-038  1.00000E-003  1.00000E-005  1.00000E-005  1.00000E-005  1.00000E-005  1.00000E-005  1.00000E-005  1.00000E-005  1.00000E-005  1.00000E-005  1.00000E-005  1.00000E-005  1.00000E-005  1.00000E-005  1.00000E-005  1.00000E-005  
7.50000E+000  4.08995E-001  1.21329E+019  2.44158E+002  1.00000E+005  2.26200E-004  1.00000E-040  1.00000E-040  4.63058E-013  1.00000E-040  1.00000E-040  1.00000E-040  1.00000E-040  1.00000E-040  1.00000E-040  1.00000E-040  1.00000E-040  1.00000E-040  1.00000E-040  1.38936E-024  1.00000E-040  1.00000E-040  1.47586E-021  4.98738E-007  4.37980E-004  5.44885E-014  2.27626E-016  2.11968E-001  3.11283E-008  2.82995E-004  5.65516E-023  3.79923E-011  1.00000E-040  1.00000E-040  8.96177E-034  1.70458E-020  7.98491E-007  1.47120E-029  2.46441E-026  1.00000E-040  1.00000E-040  1.00000E-040  2.06062E-013  5.21292E-019  3.14172E-019  1.79803E-011  1.00000E-040  1.00000E-040  3.34013E-010  2.41590E-036  4.95928E-011  1.69782E-030  7.87310E-001  1.48206E-023  8.23466E-014  4.47003E-010  1.00000E-040  1.00000E-040  6.28060E-030  2.33061E-025  1.45081E-013  2.42074E-015  8.86407E-012  1.90517E-015  2.71660E-007  7.65410E-010  4.06870E-008  8.08285E-013  2.25128E-014  2.67287E-020  7.70897E-013  3.82489E-011  1.14578E-011  5.05662E-031  2.31447E-035  1.00000E-040  1.09752E-030  4.07735E-013  3.41886E-022  1.69767E-023  6.43759E-018  8.46167E-025  4.47704E-026  1.00000E-040  1.40190E-038  8.19826E-029  6.38232E-038  6.16464E-029  1.00000E-040  1.00000E-040  2.02629E-026  1.22566E-015  1.62046E-035  9.44766E-038  3.04594E-022  1.14815E-017  8.87517E-019  1.21847E-014  7.06554E-026  5.58443E-011  1.00000E-040  1.68527E-017  1.00000E-040  4.77540E-025  2.81447E-031  4.92254E-023  6.37477E-026  1.23170E-010  1.78309E-023  8.43392E-022  2.35892E-013  1.74480E-014  1.00000E-040  2.13183E-036  1.52959E-024  1.00000E-040  5.23450E-022  3.55536E-011  6.86790E-038  1.00000E-003  1.00000E-005  1.00000E-005  1.00000E-005  1.00000E-005  1.00000E-005  1.00000E-005  1.00000E-005  1.00000E-005  1.00000E-005  1.00000E-005  1.00000E-005  1.00000E-005  1.00000E-005  1.00000E-005  1.00000E-005  
8.50000E+000  3.54970E-001  1.08507E+019  2.36946E+002  1.00000E+005  1.39964E-004  1.00000E-040  1.00000E-040  9.58642E-011  1.00000E-040  1.00000E-040  1.00000E-040  1.00000E-040  1.00000E-040  1.00000E-040  1.00000E-040  1.00000E-040  1.00000E-040  1.00000E-040  1.22508E-024  1.00000E-040  1.00000E-040  1.55865E-021  4.98875E-007  2.37005E-004  5.72528E-014  2.99266E-016  2.12010E-001  3.03797E-008  2.83053E-004  5.04217E-023  3.03356E-011  1.00000E-040  1.00000E-040  7.34715E-034  1.44270E-020  7.98159E-007  1.14834E-029  2.38984E-026  1.00000E-040  1.00000E-040  1.00000E-040  1.33589E-013  3.51223E-019  3.61576E-019  1.47755E-011  1.00000E-040  1.00000E-040  3.33830E-010  1.13787E-036  4.95687E-011  2.56330E-030  7.87468E-001  1.41762E-023  6.54013E-014  4.39800E-010  1.00000E-040  1.00000E-040  5.75977E-030  2.24539E-025  4.89907E-013  2.87627E-015  7.99610E-012  1.48803E-015  2.71634E-007  6.66316E-010  4.54780E-008  1.03031E-012  1.92425E-014  3.54563E-020  1.31374E-012  4.53319E-011  4.74964E-012  5.10196E-031  2.39637E-035  1.00000E-040  1.07558E-030  2.56789E-013  3.41955E-022  1.85443E-023  5.88299E-018  1.12504E-024  4.09352E-026  1.00000E-040  1.30912E-038  8.19990E-029  3.85827E-038  6.84767E-029  1.00000E-040  1.00000E-040  2.30762E-026  7.45817E-016  1.19344E-035  9.41792E-038  4.42965E-022  1.49928E-017  8.87376E-019  1.47774E-014  5.10866E-026  5.40603E-011  1.00000E-040  3.75785E-017  1.00000E-040  6.61999E-025  2.50626E-031  4.92353E-023  6.20221E-026  3.09696E-011  1.63038E-023  1.08152E-021  1.60423E-013  1.74517E-014  1.00000E-040  2.11325E-036  9.19523E-025  1.00000E-040  4.69651E-022  3.54736E-011  6.86763E-038  1.00000E-003  1.00000E-005  1.00000E-005  1.00000E-005  1.00000E-005  1.00000E-005  1.00000E-005  1.00000E-005  1.00000E-005  1.00000E-005  1.00000E-005  1.00000E-005  1.00000E-005  1.00000E-005  1.00000E-005  1.00000E-005  
9.50000E+000  3.06793E-001  9.66318E+018  2.29955E+002  9.61769E+004  7.59394E-005  1.00000E-040  1.00000E-040  2.28420E-010  1.00000E-040  1.00000E-040  1.00000E-040  1.00000E-040  1.00000E-040  1.00000E-040  1.00000E-040  1.00000E-040  1.00000E-040  1.00000E-040  4.93073E-024  1.00000E-040  1.00000E-040  1.64909E-021  4.98908E-007  1.26368E-004  6.17751E-014  3.96913E-016  2.12034E-001  2.96272E-008  2.83086E-004  3.29271E-023  1.75700E-011  1.00000E-040  1.00000E-040  6.33461E-034  1.25333E-020  7.97768E-007  9.62084E-030  2.31331E-026  1.00000E-040  1.00000E-040  1.00000E-040  8.98525E-014  2.52855E-019  4.49696E-019  1.23671E-011  1.00000E-040  1.00000E-040  3.33597E-010  5.39002E-037  4.95444E-011  3.96110E-030  7.87555E-001  1.33368E-023  4.64816E-014  4.33545E-010  3.25689E-040  1.00000E-040  5.32950E-030  2.18487E-025  1.13951E-012  3.28450E-015  6.66588E-012  1.18453E-015  2.71571E-007  5.50635E-010  5.08897E-008  1.29736E-012  1.51002E-014  5.60070E-020  2.12927E-012  5.46552E-011  1.87719E-012  5.67624E-031  2.53510E-035  1.00000E-040  1.07791E-030  1.38165E-013  3.41993E-022  2.04555E-023  5.41658E-018  1.47171E-024  3.85625E-026  1.00000E-040  1.22016E-038  8.20080E-029  2.25675E-038  7.61812E-029  1.00000E-040  1.00000E-040  2.74064E-026  4.61613E-016  9.21466E-036  1.00000E-040  6.68880E-022  2.12775E-017  5.96288E-019  1.74966E-014  3.71956E-026  5.22149E-011  1.00000E-040  8.74116E-017  1.00000E-040  9.39275E-025  2.24827E-031  4.92407E-023  6.11383E-026  7.52374E-012  1.56003E-023  1.38642E-021  9.64206E-014  1.74529E-014  1.00000E-040  2.08953E-036  5.72299E-025  1.00000E-040  4.19942E-022  3.53974E-011  6.86617E-038  1.00000E-003  1.00000E-005  1.00000E-005  1.00000E-005  1.00000E-005  1.00000E-005  1.00000E-005  1.00000E-005  1.00000E-005  1.00000E-005  1.00000E-005  1.00000E-005  1.00000E-005  1.00000E-005  1.00000E-005  1.00000E-005  
1.05000E+001  2.64048E-001  8.55073E+018  2.23664E+002  6.85565E+004  3.14136E-005  1.00000E-040  1.00000E-040  4.83034E-009  1.00000E-040  1.00000E-040  1.00000E-040  1.00000E-040  1.00000E-040  1.00000E-040  1.00000E-040  1.00000E-040  1.00000E-040  1.00000E-040  1.66101E-022  1.00000E-040  1.00000E-040  1.82870E-021  4.98866E-007  7.07563E-005  6.76183E-014  5.47187E-016  2.12046E-001  2.87961E-008  2.83103E-004  2.28267E-023  1.07245E-011  1.00000E-040  1.00000E-040  5.79305E-034  1.13400E-020  7.97240E-007  8.64333E-030  2.22157E-026  1.00000E-040  1.00000E-040  1.00000E-040  6.06528E-014  1.83934E-019  5.63706E-019  1.03400E-011  1.00000E-040  1.00000E-040  3.33265E-010  2.69754E-037  4.95156E-011  6.03032E-030  7.87599E-001  1.23849E-023  3.04042E-014  4.27075E-010  1.76648E-039  1.00000E-040  4.94363E-030  2.18287E-025  2.14001E-012  3.63875E-015  5.68209E-012  9.47401E-016  2.71460E-007  4.39398E-010  5.81869E-008  1.79352E-012  1.24559E-014  8.61878E-020  3.35667E-012  6.88725E-011  1.03469E-012  6.82264E-031  2.69112E-035  1.00000E-040  1.10554E-030  6.35208E-014  3.42011E-022  2.31986E-023  4.99257E-018  1.86900E-024  3.76661E-026  1.00000E-040  1.12190E-038  8.20125E-029  1.30142E-038  8.66691E-029  1.00000E-040  1.00000E-040  3.33297E-026  2.84376E-016  7.58544E-036  6.24729E-038  1.00388E-021  3.03535E-017  4.77361E-019  2.08534E-014  2.77594E-026  5.01456E-011  1.00000E-040  1.94019E-016  1.00000E-040  1.27390E-024  2.01563E-031  4.92434E-023  6.17364E-026  2.71590E-012  1.50441E-023  1.82079E-021  5.02471E-014  1.74526E-014  1.00000E-040  2.06162E-036  3.72310E-025  1.00000E-040  3.68171E-022  3.53097E-011  6.86366E-038  1.00000E-003  1.00000E-005  1.00000E-005  1.00000E-005  1.00000E-005  1.00000E-005  1.00000E-005  1.00000E-005  1.00000E-005  1.00000E-005  1.00000E-005  1.00000E-005  1.00000E-005  1.00000E-005  1.00000E-005  1.00000E-005  
1.15000E+001  2.26390E-001  7.50374E+018  2.18522E+002  2.37960E+004  7.47600E-006  1.00000E-040  1.00000E-040  2.17883E-009  1.00000E-040  1.00000E-040  1.00000E-040  1.00000E-040  1.00000E-040  1.00000E-040  1.00000E-040  1.00000E-040  1.00000E-040  1.00000E-040  1.26783E-022  1.00000E-040  1.00000E-040  2.10625E-021  4.98678E-007  4.36513E-005  7.56788E-014  8.68927E-016  2.12051E-001  2.73559E-008  2.83113E-004  1.86587E-023  7.63619E-012  1.00000E-040  1.00000E-040  5.91648E-034  1.10871E-020  7.96077E-007  1.01166E-029  2.04204E-026  1.00000E-040  1.00000E-040  1.00000E-040  3.36742E-014  1.12601E-019  6.24904E-019  7.79477E-012  1.00000E-040  1.00000E-040  3.32499E-010  1.54169E-037  4.94592E-011  8.74213E-030  7.87620E-001  1.12147E-023  1.64427E-014  4.15878E-010  1.06345E-038  1.00000E-040  4.44746E-030  2.38481E-025  4.35900E-012  3.97006E-015  4.70026E-012  7.66853E-016  2.71179E-007  3.02062E-010  7.46434E-008  3.18214E-012  1.13979E-014  1.12566E-019  6.11545E-012  1.04246E-010  1.05035E-012  9.59322E-031  2.84858E-035  1.00000E-040  1.26698E-030  1.84202E-014  3.42020E-022  2.97495E-023  4.42308E-018  2.33450E-024  4.04100E-026  1.00000E-040  9.49284E-039  8.20146E-029  7.07988E-039  1.10797E-028  1.00000E-040  1.00000E-040  4.55364E-026  1.50737E-016  7.07688E-036  2.51107E-038  1.42011E-021  3.79161E-017  4.67265E-019  2.74988E-014  2.02949E-026  4.65715E-011  1.00000E-040  3.88456E-016  1.00000E-040  1.54998E-024  1.71320E-031  4.92447E-023  6.71085E-026  1.13100E-012  1.32121E-023  2.70053E-021  1.64700E-014  1.74499E-014  1.00000E-040  2.01212E-036  2.65077E-025  1.00000E-040  2.85237E-022  3.51393E-011  6.85874E-038  1.00000E-003  1.00000E-005  1.00000E-005  1.00000E-005  1.00000E-005  1.00000E-005  1.00000E-005  1.00000E-005  1.00000E-005  1.00000E-005  1.00000E-005  1.00000E-005  1.00000E-005  1.00000E-005  1.00000E-005  1.00000E-005  
1.25000E+001  1.93482E-001  6.53121E+018  2.14567E+002  1.42829E+004  1.83506E-006  1.00000E-040  1.00000E-040  1.28400E-009  1.00000E-040  1.00000E-040  1.00000E-040  1.00000E-040  1.00000E-040  1.00000E-040  1.00000E-040  1.00000E-040  1.00000E-040  1.00000E-040  1.07016E-022  1.00000E-040  1.00000E-040  2.43448E-021  4.98123E-007  2.88555E-005  8.64280E-014  1.70634E-015  2.12054E-001  2.47751E-008  2.83121E-004  1.77047E-023  6.24854E-012  1.00000E-040  1.00000E-040  6.79634E-034  1.17834E-020  7.93338E-007  2.85792E-029  1.67665E-026  1.00000E-040  1.00000E-040  1.00000E-040  1.32286E-014  5.55397E-020  6.14100E-019  4.83253E-012  1.00000E-040  1.00000E-040  3.30612E-010  1.02682E-037  4.93419E-011  1.28930E-029  7.87632E-001  1.05671E-023  7.82436E-015  3.94745E-010  6.49783E-038  1.00000E-040  3.92352E-030  3.17581E-025  9.26754E-012  3.93939E-015  3.60548E-012  6.43494E-016  2.70458E-007  1.64973E-010  1.15202E-007  7.24421E-012  1.31756E-014  1.22623E-019  1.21123E-011  2.00278E-010  1.03481E-012  1.51444E-030  3.01709E-035  1.00000E-040  1.74337E-030  3.24003E-015  3.42023E-022  4.69270E-023  3.72391E-018  2.55167E-024  5.38749E-026  1.00000E-040  6.50130E-039  8.20154E-029  4.01299E-039  1.70736E-028  1.00000E-040  1.43442E-040  7.13890E-026  7.10431E-017  7.56045E-036  4.19682E-038  1.80374E-021  4.18720E-017  4.96924E-019  4.24537E-014  1.45724E-026  4.04071E-011  1.00000E-040  6.84280E-016  1.00000E-040  1.58707E-024  1.45184E-031  4.92453E-023  8.64164E-026  5.04271E-013  9.59574E-024  4.85811E-021  3.02138E-015  1.74423E-014  1.00000E-040  1.92264E-036  2.13565E-025  1.00000E-040  1.62080E-022  3.47738E-011  6.84411E-038  1.00000E-003  1.00000E-005  1.00000E-005  1.00000E-005  1.00000E-005  1.00000E-005  1.00000E-005  1.00000E-005  1.00000E-005  1.00000E-005  1.00000E-005  1.00000E-005  1.00000E-005  1.00000E-005  1.00000E-005  1.00000E-005  
1.35000E+001  1.64929E-001  5.65074E+018  2.11402E+002  6.95701E+003  4.86303E-007  1.00000E-040  1.00000E-040  8.00171E-010  1.00000E-040  1.00000E-040  1.00000E-040  1.00000E-040  1.00000E-040  1.00000E-040  1.00000E-040  1.00000E-040  1.00000E-040  1.00000E-040  9.73629E-023  1.00000E-040  1.00000E-040  2.74413E-021  4.96840E-007  2.15089E-005  1.00386E-013  3.84125E-015  2.12055E-001  2.10592E-008  2.83130E-004  1.81185E-023  5.47199E-012  1.00000E-040  1.00000E-040  8.53096E-034  1.33257E-020  7.87830E-007  1.20403E-028  1.11828E-026  1.00000E-040  1.00000E-040  1.00000E-040  3.62230E-015  2.74036E-020  6.21796E-019  2.41291E-012  1.00000E-040  1.00000E-040  3.26665E-010  7.62274E-038  4.91330E-011  2.06581E-029  7.87638E-001  1.06391E-023  3.94221E-015  3.61064E-010  3.29467E-037  1.00000E-040  3.72855E-030  4.85904E-025  1.74136E-011  3.21544E-015  2.87580E-012  5.53041E-016  2.68914E-007  8.52993E-011  1.99878E-007  1.73155E-011  1.95879E-014  9.43098E-020  2.14632E-011  4.19395E-010  9.63328E-013  2.25810E-030  3.20661E-035  1.00000E-040  2.70120E-030  5.18269E-016  3.42022E-022  8.56045E-023  3.18529E-018  2.26394E-024  8.65563E-026  1.00000E-040  3.02292E-039  8.20152E-029  2.38909E-039  2.96197E-028  1.00000E-040  2.46846E-040  1.17202E-025  3.50010E-017  8.93736E-036  4.07170E-038  2.04382E-021  4.87420E-017  5.49298E-019  7.09592E-014  9.88082E-027  3.20744E-011  1.00000E-040  1.09911E-015  1.00000E-040  1.33324E-024  1.21826E-031  4.92453E-023  1.23443E-025  2.69661E-013  5.64519E-024  9.89474E-021  4.36748E-016  1.74256E-014  1.00000E-040  1.77989E-036  1.88817E-025  1.00000E-040  5.32184E-023  3.41001E-011  6.81276E-038  1.00000E-003  1.00000E-005  1.00000E-005  1.00000E-005  1.00000E-005  1.00000E-005  1.00000E-005  1.00000E-005  1.00000E-005  1.00000E-005  1.00000E-005  1.00000E-005  1.00000E-005  1.00000E-005  1.00000E-005  1.00000E-005  
1.45000E+001  1.40285E-001  4.86713E+018  2.08764E+002  5.42540E+003  1.74254E-007  1.00000E-040  1.00000E-040  6.04550E-010  1.00000E-040  1.00000E-040  1.00000E-040  1.00000E-040  1.00000E-040  1.00000E-040  1.00000E-040  1.00000E-040  1.00000E-040  1.00000E-040  9.30599E-023  1.00000E-040  1.00000E-040  3.03083E-021  4.94299E-007  1.71922E-005  1.21033E-013  9.00685E-015  2.12055E-001  1.65747E-008  2.83142E-004  1.98918E-023  5.07815E-012  1.00000E-040  1.00000E-040  1.19994E-033  1.61625E-020  7.77973E-007  4.80408E-028  5.29194E-027  1.70693E-037  1.93811E-036  1.00000E-040  6.84374E-016  1.56577E-020  6.80780E-019  9.68709E-013  1.00000E-040  1.00000E-040  3.19370E-010  6.24651E-038  4.87998E-011  3.79062E-029  7.87642E-001  1.14374E-023  2.21867E-015  3.13825E-010  1.27235E-036  1.00000E-040  4.13725E-030  7.47905E-025  2.81280E-011  2.25320E-015  2.77209E-012  4.91882E-016  2.66005E-007  6.12401E-011  3.56138E-007  3.82963E-011  3.43576E-014  5.60220E-020  3.24003E-011  8.52993E-010  6.09324E-013  2.98150E-030  3.49706E-035  1.00000E-040  4.40776E-030  1.08096E-016  3.42016E-022  1.64159E-022  3.09723E-018  1.67120E-024  1.50069E-025  1.00000E-040  7.47858E-040  8.20140E-029  1.37922E-039  5.28256E-028  1.00000E-040  4.45963E-040  1.85357E-025  1.94538E-017  1.19411E-035  1.00000E-040  2.08497E-021  6.45166E-017  6.37713E-019  1.13801E-013  5.95435E-027  2.27319E-011  1.00000E-040  1.69534E-015  1.00000E-040  9.35426E-025  1.19450E-031  4.92448E-023  1.68105E-025  1.78535E-013  2.74763E-024  2.08551E-020  7.83654E-017  1.73941E-014  1.00000E-040  1.57037E-036  1.87016E-025  1.00000E-040  7.96295E-024  3.29917E-011  6.75281E-038  1.00000E-003  1.00000E-005  1.00000E-005  1.00000E-005  1.00000E-005  1.00000E-005  1.00000E-005  1.00000E-005  1.00000E-005  1.00000E-005  1.00000E-005  1.00000E-005  1.00000E-005  1.00000E-005  1.00000E-005  1.00000E-005  
1.55000E+001  1.19115E-001  4.17141E+018  2.06823E+002  4.40851E+003  6.21549E-008  1.00000E-040  1.00000E-040  5.20898E-010  1.00000E-040  1.00000E-040  1.00000E-040  1.00000E-040  1.00000E-040  1.00000E-040  1.00000E-040  1.00000E-040  1.00000E-040  1.00000E-040  9.16653E-023  1.00000E-040  1.00000E-040  3.41651E-021  4.90437E-007  1.52549E-005  1.51662E-013  1.97020E-014  2.12054E-001  1.25473E-008  2.83155E-004  2.35524E-023  5.01195E-012  1.00000E-040  1.00000E-040  1.92268E-033  2.12799E-020  7.64158E-007  1.74564E-027  1.98353E-027  1.00000E-040  1.00000E-040  1.00000E-040  1.03783E-016  1.09161E-020  7.66592E-019  3.77369E-013  1.00000E-040  1.00000E-040  3.08859E-010  5.83566E-038  4.83802E-011  7.64780E-029  7.87645E-001  1.29901E-023  1.43774E-015  2.62208E-010  3.49798E-036  1.00000E-040  5.07066E-030  1.04313E-024  4.01209E-011  1.66508E-015  3.19608E-012  4.53176E-016  2.61749E-007  6.78608E-011  5.81724E-007  7.09090E-011  5.90069E-014  2.98328E-020  4.19942E-011  1.50462E-009  3.38417E-013  3.41332E-030  3.90605E-035  1.00000E-040  6.75257E-030  3.25516E-017  3.42007E-022  2.93055E-022  3.64140E-018  1.20376E-024  2.49142E-025  1.00000E-040  1.00895E-040  8.20119E-029  7.92080E-040  8.64955E-028  1.00000E-040  7.64175E-040  2.61149E-025  1.29864E-017  1.84077E-035  5.22237E-037  1.96190E-021  8.93689E-017  7.79030E-019  1.57212E-013  3.38308E-027  1.49356E-011  1.00000E-040  2.42591E-015  1.00000E-040  6.38573E-025  1.14789E-031  4.92439E-023  1.98519E-025  1.43674E-013  1.33206E-024  4.07594E-020  2.14753E-017  1.73478E-014  1.00000E-040  1.34522E-036  2.11678E-025  1.00000E-040  7.04810E-025  3.15591E-011  6.66595E-038  1.00000E-003  1.00000E-005  1.00000E-005  1.00000E-005  1.00000E-005  1.00000E-005  1.00000E-005  1.00000E-005  1.00000E-005  1.00000E-005  1.00000E-005  1.00000E-005  1.00000E-005  1.00000E-005  1.00000E-005  1.00000E-005  
1.65000E+001  1.01035E-001  3.55008E+018  2.06134E+002  3.94335E+003  1.00000E-040  1.00000E-040  1.00000E-040  4.91564E-010  1.00000E-040  1.00000E-040  1.00000E-040  1.00000E-040  1.00000E-040  1.00000E-040  1.00000E-040  1.00000E-040  1.00000E-040  1.00000E-040  9.18373E-023  1.00000E-040  1.00000E-040  4.06217E-021  4.84972E-007  1.52953E-005  1.97794E-013  4.15046E-014  2.12053E-001  9.32816E-009  2.83168E-004  3.06631E-023  5.34455E-012  1.00000E-040  1.00000E-040  3.66341E-033  3.14174E-020  7.45885E-007  5.76796E-027  9.89419E-028  4.12056E-037  3.65087E-036  1.00000E-040  1.30987E-017  8.72771E-021  8.67735E-019  1.82086E-013  1.00000E-040  1.00000E-040  2.94612E-010  6.79878E-038  4.78785E-011  1.65453E-028  7.87647E-001  1.56816E-023  1.03542E-015  2.09250E-010  7.38392E-036  1.00000E-040  6.52618E-030  1.38298E-024  5.30144E-011  1.34701E-015  4.25950E-012  4.39732E-016  2.55905E-007  9.92205E-011  8.89483E-007  1.18294E-010  1.02116E-013  1.91340E-020  4.91969E-011  2.40908E-009  1.97833E-013  3.53680E-030  4.43073E-035  1.00000E-040  9.84240E-030  1.21429E-017  3.41992E-022  5.00667E-022  5.06269E-018  1.01929E-024  4.12290E-025  1.00000E-040  1.00000E-040  8.20088E-029  4.84030E-040  1.32930E-027  1.00000E-040  1.31210E-039  3.47835E-025  9.97449E-018  3.45889E-035  9.31294E-037  1.63506E-021  1.16929E-016  1.00714E-018  1.91937E-013  1.97809E-027  9.09620E-012  1.00000E-040  2.94872E-015  1.00000E-040  5.09338E-025  1.18011E-031  4.92425E-023  2.14144E-025  1.37288E-013  8.14027E-025  7.59045E-020  7.38439E-018  1.72843E-014  1.00000E-040  1.14149E-036  2.88351E-025  1.00000E-040  1.01231E-025  2.98082E-011  6.55002E-038  1.00000E-003  1.00000E-005  1.00000E-005  1.00000E-005  1.00000E-005  1.00000E-005  1.00000E-005  1.00000E-005  1.00000E-005  1.00000E-005  1.00000E-005  1.00000E-005  1.00000E-005  1.00000E-005  1.00000E-005  1.00000E-005  
1.75000E+001  8.57087E-002  2.99743E+018  2.07106E+002  3.89374E+003  1.00000E-040  1.00000E-040  1.00000E-040  4.83719E-010  1.00000E-040  1.00000E-040  1.00000E-040  1.00000E-040  1.00000E-040  1.00000E-040  1.00000E-040  1.00000E-040  1.00000E-040  1.00000E-040  9.29923E-023  1.00000E-040  1.00000E-040  5.10260E-021  4.77939E-007  1.53445E-005  2.54732E-013  8.49601E-014  2.12050E-001  7.13518E-009  2.83183E-004  4.19275E-023  5.95986E-012  1.00000E-040  1.00000E-040  7.69819E-033  5.05092E-020  7.23767E-007  1.74292E-026  1.04770E-027  1.00000E-040  1.00000E-040  1.00000E-040  1.79479E-018  7.53357E-021  9.92283E-019  1.47723E-013  1.00000E-040  1.00000E-040  2.76962E-010  9.99844E-038  4.73273E-011  3.64443E-028  7.87648E-001  1.93654E-023  7.65469E-016  1.59915E-010  1.30414E-035  1.00000E-040  8.57275E-030  1.75021E-024  6.84127E-011  1.09797E-015  5.90091E-012  4.35495E-016  2.48579E-007  1.52746E-010  1.27571E-006  1.89125E-010  1.74688E-013  2.57725E-020  5.44683E-011  3.52923E-009  1.57017E-013  3.41168E-030  4.81302E-035  1.00000E-040  1.29129E-029  4.89752E-018  3.41974E-022  8.22400E-022  7.86637E-018  1.06352E-024  6.72138E-025  1.00000E-040  1.00000E-040  8.20051E-029  3.56981E-040  1.92299E-027  1.00000E-040  2.15979E-039  4.39132E-025  8.01502E-018  7.41205E-035  1.51038E-036  1.14267E-021  1.30573E-016  1.31343E-018  2.16506E-013  1.29483E-027  5.28203E-012  1.00000E-040  2.73490E-015  1.00000E-040  4.85840E-025  1.19255E-031  4.92407E-023  2.08777E-025  1.42763E-013  8.00523E-025  1.35599E-019  2.67294E-018  1.72045E-014  1.00000E-040  9.98302E-037  4.42023E-025  1.00000E-040  5.04292E-026  2.78492E-011  6.32984E-038  1.00000E-003  1.00000E-005  1.00000E-005  1.00000E-005  1.00000E-005  1.00000E-005  1.00000E-005  1.00000E-005  1.00000E-005  1.00000E-005  1.00000E-005  1.00000E-005  1.00000E-005  1.00000E-005  1.00000E-005  1.00000E-005  
1.85000E+001  7.27956E-002  2.52089E+018  2.09155E+002  3.93732E+003  1.00000E-040  1.00000E-040  1.00000E-040  4.82421E-010  1.00000E-040  1.00000E-040  1.00000E-040  1.00000E-040  1.00000E-040  1.00000E-040  1.00000E-040  1.00000E-040  1.00000E-040  1.00000E-040  9.45996E-023  1.00000E-040  1.00000E-040  6.93540E-021  4.69414E-007  1.54012E-005  3.25257E-013  1.68604E-013  2.12048E-001  5.81142E-009  2.83198E-004  5.88989E-023  6.81264E-012  1.00000E-040  1.00000E-040  1.71147E-032  8.52807E-020  6.98434E-007  4.83026E-026  1.41803E-027  2.91318E-039  1.37618E-036  1.00000E-040  5.54501E-019  6.84557E-021  1.21722E-018  1.82874E-013  1.00000E-040  1.00000E-040  2.56300E-010  1.70223E-037  4.67512E-011  8.90890E-028  7.87651E-001  2.43130E-023  5.81847E-016  1.16638E-010  2.07527E-035  1.00000E-040  1.13143E-029  2.14296E-024  8.71795E-011  9.01468E-016  8.22024E-012  4.32735E-016  2.39902E-007  2.32149E-010  1.73703E-006  2.91896E-010  2.94863E-013  6.05411E-020  5.83532E-011  4.82023E-009  1.82918E-013  3.12521E-030  5.08613E-035  1.00000E-040  1.56799E-029  2.09625E-018  3.41952E-022  1.31583E-021  1.29652E-017  1.26099E-024  1.09279E-024  1.00000E-040  1.00000E-040  8.20012E-029  3.06995E-040  2.64734E-027  1.00000E-040  3.44797E-039  5.34471E-025  6.64804E-018  1.71625E-034  5.08494E-036  7.15275E-022  1.30876E-016  1.71564E-018  2.27783E-013  9.60296E-028  2.98015E-012  1.00000E-040  2.12803E-015  1.00000E-040  5.07995E-025  1.17614E-031  4.92386E-023  1.89026E-025  1.55496E-013  1.16244E-024  2.34478E-019  9.89479E-019  1.71097E-014  1.00000E-040  9.21951E-037  7.26979E-025  1.00000E-040  3.73726E-026  2.57721E-011  6.00620E-038  1.00000E-003  1.00000E-005  1.00000E-005  1.00000E-005  1.00000E-005  1.00000E-005  1.00000E-005  1.00000E-005  1.00000E-005  1.00000E-005  1.00000E-005  1.00000E-005  1.00000E-005  1.00000E-005  1.00000E-005  1.00000E-005  
1.95000E+001  6.19361E-002  2.12125E+018  2.11480E+002  4.20491E+003  1.00000E-040  1.00000E-040  1.00000E-040  4.81020E-010  1.00000E-040  1.00000E-040  1.00000E-040  1.00000E-040  1.00000E-040  1.00000E-040  1.00000E-040  1.00000E-040  1.00000E-040  1.00000E-040  9.62446E-023  1.00000E-040  1.00000E-040  1.01324E-020  4.59494E-007  1.54642E-005  4.14900E-013  3.22268E-013  2.12045E-001  5.09721E-009  2.83213E-004  8.31154E-023  7.81174E-012  1.00000E-040  1.00000E-040  3.83948E-032  1.44941E-019  6.70508E-007  1.23488E-025  1.88322E-027  1.00000E-040  2.38082E-038  1.00000E-040  4.26182E-019  6.39951E-021  1.63552E-018  2.71022E-013  1.00000E-040  1.00000E-040  2.33070E-010  2.99347E-037  4.61677E-011  2.49970E-027  7.87653E-001  3.08664E-023  4.56734E-016  8.03663E-011  3.10623E-035  1.00000E-040  1.48456E-029  2.57675E-024  1.10339E-010  7.55308E-016  1.12586E-011  4.26661E-016  2.30020E-007  3.39221E-010  2.27062E-006  4.33058E-010  4.79258E-013  1.73747E-019  6.16636E-011  6.23457E-009  2.56292E-013  2.75769E-030  5.35251E-035  1.00000E-040  1.82309E-029  9.48853E-019  3.41928E-022  2.07097E-021  2.18245E-017  1.60591E-024  1.77724E-024  1.00000E-040  1.00000E-040  8.19980E-029  2.83652E-040  3.50320E-027  1.00000E-040  5.41478E-039  6.39129E-025  5.66146E-018  4.02816E-034  1.13753E-035  4.31604E-022  1.26550E-016  2.23529E-018  2.26980E-013  7.76263E-028  1.64736E-012  1.00000E-040  1.59156E-015  1.00000E-040  5.54641E-025  1.14219E-031  4.92362E-023  1.65624E-025  1.71018E-013  1.99398E-024  3.95080E-019  3.76551E-019  1.70013E-014  1.00000E-040  8.98116E-037  1.21229E-024  1.00000E-040  3.16108E-026  2.36471E-011  5.64447E-038  1.00000E-003  1.00000E-005  1.00000E-005  1.00000E-005  1.00000E-005  1.00000E-005  1.00000E-005  1.00000E-005  1.00000E-005  1.00000E-005  1.00000E-005  1.00000E-005  1.00000E-005  1.00000E-005  1.00000E-005  1.00000E-005  
2.05000E+001  5.27898E-002  1.78979E+018  2.13631E+002  4.72335E+003  1.00000E-040  1.00000E-040  1.00000E-040  4.76190E-010  1.00000E-040  1.00000E-040  1.00000E-040  1.00000E-040  1.00000E-040  1.00000E-040  1.00000E-040  1.00000E-040  1.00000E-040  1.00000E-040  9.77298E-023  1.00000E-040  1.00000E-040  1.55941E-020  4.48598E-007  1.55302E-005  5.32069E-013  5.89724E-013  2.12041E-001  4.77688E-009  2.83228E-004  1.16849E-022  8.90429E-012  1.00000E-040  1.00000E-040  8.52326E-032  2.43250E-019  6.41371E-007  2.94491E-025  2.38151E-027  6.79854E-038  9.80095E-037  1.00000E-040  4.06859E-019  6.12697E-021  2.39367E-018  4.22228E-013  1.00000E-040  1.00000E-040  2.08450E-010  5.13141E-037  4.56042E-011  7.66861E-027  7.87656E-001  3.93730E-023  3.73356E-016  5.20671E-011  4.48263E-035  1.00000E-040  1.92542E-029  3.07376E-024  1.39235E-010  6.54028E-016  1.49717E-011  4.18769E-016  2.19381E-007  4.68846E-010  2.85783E-006  6.14686E-010  7.29566E-013  5.05703E-019  6.50333E-011  7.68189E-009  3.75829E-013  2.37715E-030  5.69467E-035  1.00000E-040  2.06586E-029  4.58645E-019  3.41902E-022  3.19461E-021  3.65884E-017  2.13930E-024  2.86512E-024  1.00000E-040  1.00000E-040  8.19972E-029  2.65715E-040  4.46818E-027  1.00000E-040  8.46614E-039  7.60090E-025  4.97443E-018  9.31567E-034  2.38697E-035  2.64946E-022  1.23204E-016  2.90800E-018  2.18220E-013  6.63364E-028  9.07759E-013  1.00000E-040  1.23964E-015  1.00000E-040  6.25079E-025  1.11040E-031  4.92337E-023  1.45677E-025  1.86742E-013  3.59641E-024  6.49250E-019  1.51157E-019  1.68839E-014  1.00000E-040  9.09486E-037  2.00029E-024  1.00000E-040  2.87863E-026  2.15829E-011  5.26913E-038  1.00000E-003  1.00000E-005  1.00000E-005  1.00000E-005  1.00000E-005  1.00000E-005  1.00000E-005  1.00000E-005  1.00000E-005  1.00000E-005  1.00000E-005  1.00000E-005  1.00000E-005  1.00000E-005  1.00000E-005  1.00000E-005  
2.15000E+001  4.50645E-002  1.51469E+018  2.15490E+002  5.25999E+003  1.00000E-040  1.00000E-040  1.00000E-040  4.65942E-010  1.00000E-040  1.00000E-040  1.00000E-040  1.00000E-040  1.00000E-040  1.00000E-040  1.00000E-040  1.00000E-040  1.00000E-040  1.00000E-040  9.90134E-023  1.00000E-040  1.00000E-040  2.48017E-020  4.36948E-007  1.55980E-005  6.89162E-013  1.03942E-012  2.12038E-001  4.68544E-009  2.83242E-004  1.64084E-022  1.00975E-011  1.00000E-040  1.00000E-040  1.87703E-031  4.02864E-019  6.11706E-007  6.61490E-025  2.85984E-027  2.37497E-036  2.71431E-035  1.00000E-040  3.90495E-019  5.97781E-021  3.74691E-018  6.56513E-013  1.00000E-040  1.00000E-040  1.83161E-010  8.49152E-037  4.50689E-011  2.41232E-026  7.87659E-001  4.94545E-023  3.09683E-016  3.12824E-011  6.27433E-035  1.00000E-040  2.49025E-029  3.68261E-024  1.76101E-010  5.72895E-016  1.93539E-011  4.11210E-016  2.08225E-007  6.14578E-010  3.48931E-006  8.42919E-010  1.03937E-012  1.40554E-018  6.89721E-011  9.10431E-009  5.62962E-013  2.02163E-030  6.17529E-035  1.06981E-037  2.31445E-029  2.24149E-019  3.41874E-022  4.85384E-021  6.10024E-017  2.94735E-024  4.58643E-024  1.00000E-040  1.00000E-040  8.20016E-029  2.45110E-040  5.53662E-027  1.00000E-040  1.33896E-038  9.10456E-025  4.49131E-018  2.12400E-033  4.73132E-035  1.68064E-022  1.22274E-016  3.79213E-018  2.05899E-013  5.86618E-028  5.00813E-013  1.00000E-040  1.02708E-015  1.36589E-040  7.27342E-025  1.10128E-031  4.92310E-023  1.31734E-025  2.01517E-013  6.52075E-024  1.04834E-018  6.13761E-020  1.67597E-014  1.00000E-040  9.40400E-037  3.27086E-024  1.00000E-040  2.73047E-026  1.96195E-011  4.90161E-038  1.00000E-003  1.00000E-005  1.00000E-005  1.00000E-005  1.00000E-005  1.00000E-005  1.00000E-005  1.00000E-005  1.00000E-005  1.00000E-005  1.00000E-005  1.00000E-005  1.00000E-005  1.00000E-005  1.00000E-005  1.00000E-005  
2.25000E+001  3.85237E-002  1.28394E+018  2.17320E+002  5.99062E+003  1.00000E-040  1.00000E-040  1.00000E-040  4.49308E-010  1.00000E-040  1.00000E-040  1.00000E-040  1.00000E-040  1.00000E-040  1.00000E-040  1.00000E-040  1.00000E-040  1.00000E-040  1.00000E-040  1.00211E-022  1.00000E-040  1.00000E-040  4.05240E-020  4.24645E-007  1.56668E-005  9.03747E-013  1.78612E-012  2.12034E-001  4.72478E-009  2.83256E-004  2.32743E-022  1.14919E-011  1.00000E-040  1.00000E-040  4.19576E-031  6.69472E-019  5.81804E-007  1.41186E-024  3.27295E-027  1.00000E-040  1.00000E-040  1.00000E-040  3.68645E-019  5.94380E-021  6.15085E-018  9.96409E-013  1.00000E-040  1.00000E-040  1.57704E-010  1.41189E-036  4.45617E-011  7.36362E-026  7.87662E-001  5.94935E-023  2.47142E-016  1.70797E-011  8.48451E-035  1.00000E-040  3.25929E-029  4.47537E-024  2.24501E-010  4.85128E-016  2.45237E-011  4.07397E-016  1.96678E-007  7.69751E-010  4.15743E-006  1.13646E-009  1.41812E-012  3.79308E-018  7.37547E-011  1.04518E-008  8.51418E-013  1.70576E-030  6.80585E-035  1.00000E-040  2.57361E-029  9.94673E-020  3.41845E-022  7.30575E-021  1.01915E-016  4.19079E-024  7.34842E-024  1.00000E-040  1.00000E-040  8.20382E-029  2.26542E-040  6.71066E-027  1.00000E-040  2.17397E-038  1.10808E-024  4.13897E-018  4.90996E-033  9.10331E-035  1.08271E-022  1.21426E-016  4.98022E-018  1.92338E-013  5.40331E-028  2.76029E-013  1.89924E-035  8.72497E-016  2.20948E-040  8.76899E-025  1.13069E-031  4.92282E-023  1.23446E-025  2.16404E-013  1.15999E-023  1.67652E-018  2.27271E-020  1.66295E-014  1.00000E-040  9.90077E-037  5.43659E-024  1.00000E-040  2.70570E-026  1.77647E-011  4.56570E-038  1.00000E-003  1.00000E-005  1.00000E-005  1.00000E-005  1.00000E-005  1.00000E-005  1.00000E-005  1.00000E-005  1.00000E-005  1.00000E-005  1.00000E-005  1.00000E-005  1.00000E-005  1.00000E-005  1.00000E-005  1.00000E-005  
2.35000E+001  3.29773E-002  1.08998E+018  2.19136E+002  6.81524E+003  1.00000E-040  1.00000E-040  1.00000E-040  4.24240E-010  1.00000E-040  1.00000E-040  1.00000E-040  1.00000E-040  1.00000E-040  1.00000E-040  1.00000E-040  1.00000E-040  1.00000E-040  1.00000E-040  1.01337E-022  1.00000E-040  1.00000E-040  6.76193E-020  4.11851E-007  1.57356E-005  1.20372E-012  3.00121E-012  2.12030E-001  4.83422E-009  2.83270E-004  3.34548E-022  1.31411E-011  1.00000E-040  1.00000E-040  9.57937E-031  1.11946E-018  5.52068E-007  2.87982E-024  3.57477E-027  4.17823E-038  4.93247E-037  1.00000E-040  3.40237E-019  6.02802E-021  1.04670E-017  1.44938E-012  1.00000E-040  1.00000E-040  1.32778E-010  2.37180E-036  4.40841E-011  2.14878E-025  7.87665E-001  6.72562E-023  1.79772E-016  8.33251E-012  1.09903E-034  1.00000E-040  4.35496E-029  5.55582E-024  2.90399E-010  3.83082E-016  3.04305E-011  4.08331E-016  1.84931E-007  9.17946E-010  4.84330E-006  1.51951E-009  1.85735E-012  9.81512E-018  8.00003E-011  1.16600E-008  1.32337E-012  1.43432E-030  7.65284E-035  1.00000E-040  2.85584E-029  3.59297E-020  3.41815E-022  1.09122E-020  1.70564E-016  6.10927E-024  1.17947E-023  1.00000E-040  1.00000E-040  8.12887E-029  2.10404E-040  7.97700E-027  1.00000E-040  3.66140E-038  1.37861E-024  3.87805E-018  1.15835E-032  1.71093E-034  7.09921E-023  1.21069E-016  6.60095E-018  1.78966E-013  5.16184E-028  1.51999E-013  3.68748E-037  7.59406E-016  3.70373E-040  1.09703E-024  1.21761E-031  4.92253E-023  1.21255E-025  2.30410E-013  1.99412E-023  2.66030E-018  6.93870E-021  1.64948E-014  1.00000E-040  1.06374E-036  9.24461E-024  1.00000E-040  2.78145E-026  1.60312E-011  4.29529E-038  1.00000E-003  1.00000E-005  1.00000E-005  1.00000E-005  1.00000E-005  1.00000E-005  1.00000E-005  1.00000E-005  1.00000E-005  1.00000E-005  1.00000E-005  1.00000E-005  1.00000E-005  1.00000E-005  1.00000E-005  1.00000E-005  
2.45000E+001  2.82684E-002  9.26123E+017  2.21080E+002  7.73991E+003  1.00000E-040  1.00000E-040  1.00000E-040  3.88643E-010  1.00000E-040  1.00000E-040  1.00000E-040  1.00000E-040  1.00000E-040  1.00000E-040  1.00000E-040  1.00000E-040  1.00000E-040  1.00000E-040  1.02456E-022  1.00000E-040  1.00000E-040  1.15123E-019  3.98587E-007  1.58046E-005  1.63046E-012  4.95554E-012  2.12026E-001  4.97656E-009  2.83282E-004  4.89238E-022  1.51273E-011  1.00000E-040  1.00000E-040  2.25578E-030  1.89604E-018  5.22544E-007  5.62361E-024  3.71807E-027  2.71540E-036  3.10028E-035  1.00000E-040  3.06651E-019  6.23551E-021  1.81271E-017  2.00149E-012  1.00000E-040  1.00000E-040  1.08872E-010  4.10649E-036  4.36322E-011  5.92117E-025  7.87668E-001  7.13608E-023  1.13370E-016  3.56052E-012  1.39726E-034  1.00000E-040  5.99732E-029  7.10164E-024  3.82594E-010  2.78783E-016  3.70610E-011  4.15797E-016  1.73057E-007  1.04161E-009  5.52438E-006  2.03099E-009  2.35885E-012  2.45865E-017  8.82069E-011  1.26672E-008  2.15441E-012  1.20435E-030  8.77572E-035  1.00000E-040  3.16552E-029  9.56568E-021  3.41784E-022  1.62544E-020  2.86383E-016  9.12228E-024  1.90697E-023  1.00000E-040  1.00000E-040  8.19598E-029  1.94426E-040  9.32112E-027  1.00000E-040  6.46496E-038  1.76483E-024  3.68120E-018  2.82342E-032  3.18803E-034  4.67890E-023  1.20361E-016  8.83566E-018  1.66207E-013  5.14108E-028  8.31942E-014  1.01364E-034  6.65005E-016  6.47660E-040  1.42853E-024  1.38804E-031  4.92223E-023  1.25649E-025  2.43552E-013  3.27769E-023  4.19637E-018  1.58676E-021  1.63553E-014  1.00000E-040  1.14057E-036  1.62580E-023  1.00000E-040  2.97849E-026  1.44104E-011  4.13162E-038  1.00000E-003  1.00000E-005  1.00000E-005  1.00000E-005  1.00000E-005  1.00000E-005  1.00000E-005  1.00000E-005  1.00000E-005  1.00000E-005  1.00000E-005  1.00000E-005  1.00000E-005  1.00000E-005  1.00000E-005  1.00000E-005  
2.55000E+001  2.42664E-002  7.87874E+017  2.23082E+002  8.74643E+003  1.00000E-040  1.00000E-040  1.00000E-040  3.40384E-010  1.00000E-040  1.00000E-040  1.00000E-040  1.00000E-040  1.00000E-040  1.00000E-040  1.00000E-040  1.00000E-040  1.00000E-040  1.00000E-040  1.03549E-022  1.00000E-040  1.00000E-040  1.99007E-019  3.84853E-007  1.58736E-005  2.24643E-012  8.03506E-012  2.12023E-001  5.12404E-009  2.83294E-004  7.25366E-022  1.74496E-011  1.00000E-040  1.00000E-040  5.44592E-030  3.23572E-018  4.93244E-007  1.04743E-023  3.64412E-027  3.82150E-037  4.39095E-036  1.00000E-040  2.68911E-019  6.56195E-021  3.13312E-017  2.60263E-012  1.00000E-040  1.00000E-040  8.65176E-011  7.25801E-036  4.32022E-011  1.54418E-024  7.87671E-001  7.30839E-023  5.99495E-017  1.31043E-012  1.65993E-034  1.00000E-040  8.55082E-029  9.40783E-024  5.13435E-010  1.96590E-016  4.42146E-011  4.29720E-016  1.61132E-007  1.12094E-009  6.16843E-006  2.70834E-009  2.88856E-012  5.86299E-017  9.89711E-011  1.34125E-008  3.64676E-012  1.01139E-030  1.02896E-034  1.00000E-040  3.51333E-029  1.76189E-021  3.41752E-022  2.42456E-020  4.80788E-016  1.39081E-023  3.10826E-023  1.00000E-040  1.00000E-040  7.98605E-029  1.85099E-040  1.07147E-026  1.00000E-040  1.20420E-037  2.33669E-024  3.53934E-018  7.05832E-032  5.90438E-034  3.09643E-023  1.20374E-016  1.19186E-017  1.54400E-013  5.29873E-028  4.50001E-014  6.97286E-035  5.91655E-016  1.18897E-039  1.93960E-024  1.68578E-031  4.92192E-023  1.38607E-025  2.54716E-013  5.11926E-023  6.57187E-018  2.56626E-022  1.62105E-014  1.00000E-040  1.26673E-036  2.93760E-023  1.00000E-040  3.28832E-026  1.28942E-011  4.13144E-038  1.00000E-003  1.00000E-005  1.00000E-005  1.00000E-005  1.00000E-005  1.00000E-005  1.00000E-005  1.00000E-005  1.00000E-005  1.00000E-005  1.00000E-005  1.00000E-005  1.00000E-005  1.00000E-005  1.00000E-005  1.00000E-005  
2.65000E+001  2.08605E-002  6.71248E+017  2.25091E+002  9.76505E+003  1.00000E-040  1.00000E-040  1.00000E-040  2.77780E-010  1.00000E-040  1.00000E-040  1.00000E-040  1.00000E-040  1.00000E-040  1.00000E-040  1.00000E-040  1.00000E-040  1.00000E-040  1.00000E-040  1.04601E-022  1.00000E-040  1.00000E-040  3.47641E-019  3.70591E-007  1.59430E-005  3.14087E-012  1.27880E-011  2.12019E-001  5.25617E-009  2.83305E-004  1.08448E-021  2.00575E-011  1.00000E-040  1.00000E-040  1.33578E-029  5.53067E-018  4.64062E-007  1.84581E-023  3.31210E-027  6.29184E-037  7.18318E-036  1.00000E-040  2.29371E-019  6.99926E-021  5.28528E-017  3.17211E-012  1.00000E-040  1.00000E-040  6.61878E-011  1.29761E-035  4.27893E-011  3.81222E-024  7.87674E-001  7.59900E-023  2.60356E-017  4.09151E-013  1.91374E-034  1.00000E-040  1.26560E-028  1.29724E-023  6.98746E-010  1.51358E-016  5.16506E-011  4.49549E-016  1.49196E-007  1.14339E-009  6.73824E-006  3.58019E-009  3.39391E-012  1.31420E-016  1.12644E-010  1.38473E-008  6.29269E-012  8.50389E-031  1.23341E-034  1.00000E-040  3.90140E-029  2.16820E-022  3.41718E-022  3.63873E-020  8.05061E-016  2.16178E-023  5.11192E-023  1.00000E-040  1.00000E-040  7.80349E-029  1.79725E-040  1.21233E-026  2.01504E-040  2.36922E-037  3.20933E-024  3.45162E-018  1.79184E-031  1.09306E-033  2.04248E-023  1.21623E-016  1.61394E-017  1.43549E-013  5.61555E-028  2.38611E-014  1.00000E-040  5.37298E-016  2.29443E-039  2.74561E-024  2.18441E-031  4.92160E-023  1.63345E-025  2.63524E-013  7.55659E-023  1.02013E-017  2.84109E-023  1.60592E-014  1.00000E-040  1.43782E-036  5.40217E-023  1.00000E-040  3.70824E-026  1.14709E-011  4.37511E-038  1.00000E-003  1.00000E-005  1.00000E-005  1.00000E-005  1.00000E-005  1.00000E-005  1.00000E-005  1.00000E-005  1.00000E-005  1.00000E-005  1.00000E-005  1.00000E-005  1.00000E-005  1.00000E-005  1.00000E-005  1.00000E-005  
2.75000E+001  1.79575E-002  5.72806E+017  2.27068E+002  1.09262E+004  1.00000E-040  1.00000E-040  1.00000E-040  1.99500E-010  1.00000E-040  1.00000E-040  1.00000E-040  1.00000E-040  1.00000E-040  1.00000E-040  1.00000E-040  1.00000E-040  1.00000E-040  1.00000E-040  1.05604E-022  1.00000E-040  1.00000E-040  6.11004E-019  3.55800E-007  1.60127E-005  4.43737E-012  1.99690E-011  2.12015E-001  5.35753E-009  2.83315E-004  1.62413E-021  2.28439E-011  1.00000E-040  1.00000E-040  3.29262E-029  9.40979E-018  4.35026E-007  3.04701E-023  2.74267E-027  1.00000E-040  1.00000E-040  1.00000E-040  1.91277E-019  7.55622E-021  8.52920E-017  3.61256E-012  1.00000E-040  1.00000E-040  4.84163E-011  2.32545E-035  4.23913E-011  8.90630E-024  7.87678E-001  8.36703E-023  9.23389E-018  1.07624E-013  2.13623E-034  1.00000E-040  1.94230E-028  1.86094E-023  9.57420E-010  1.41226E-016  5.90902E-011  4.74018E-016  1.37358E-007  1.10669E-009  7.19339E-006  4.64800E-009  3.80839E-012  2.73877E-016  1.29237E-010  1.39408E-008  1.08488E-011  7.17169E-031  1.50828E-034  1.00000E-040  4.32080E-029  1.77730E-023  3.41684E-022  5.50652E-020  1.33993E-015  3.41572E-023  8.46922E-023  1.00000E-040  1.00000E-040  7.61905E-029  1.64014E-040  1.35057E-026  5.76723E-040  4.89832E-037  4.56510E-024  3.42401E-018  4.56607E-031  2.01492E-033  1.33193E-023  1.24126E-016  2.18375E-017  1.33483E-013  6.08965E-028  1.23277E-014  5.83390E-034  4.98383E-016  4.63237E-039  4.03528E-024  3.00614E-031  4.92126E-023  2.04891E-025  2.70198E-013  1.04800E-022  1.56580E-017  2.14491E-024  1.59006E-014  1.00000E-040  1.52379E-036  9.99841E-023  1.00000E-040  4.23969E-026  1.01377E-011  4.97931E-038  1.00000E-003  1.00000E-005  1.00000E-005  1.00000E-005  1.00000E-005  1.00000E-005  1.00000E-005  1.00000E-005  1.00000E-005  1.00000E-005  1.00000E-005  1.00000E-005  1.00000E-005  1.00000E-005  1.00000E-005  1.00000E-005  
2.85000E+001  1.54791E-002  4.89645E+017  2.28972E+002  1.22719E+004  1.00000E-040  1.00000E-040  1.00000E-040  1.04648E-010  1.00000E-040  1.00000E-040  1.00000E-040  1.00000E-040  1.00000E-040  1.00000E-040  1.00000E-040  1.00000E-040  1.00000E-040  1.00000E-040  1.06547E-022  1.00000E-040  1.00000E-040  1.07697E-018  3.40617E-007  1.60820E-005  6.30275E-012  3.05957E-011  2.12011E-001  5.41779E-009  2.83323E-004  2.41964E-021  2.56530E-011  1.00000E-040  1.00000E-040  8.06434E-029  1.58437E-017  4.06421E-007  4.67083E-023  2.04013E-027  7.66955E-037  8.76679E-036  1.00000E-040  1.57824E-019  8.29164E-021  1.29762E-016  3.83752E-012  1.04583E-040  1.00000E-040  3.37261E-011  4.13705E-035  4.20095E-011  1.97074E-023  7.87681E-001  9.77558E-023  2.71098E-018  2.40829E-014  2.04255E-034  1.00000E-040  3.07167E-028  2.76006E-023  1.31037E-009  1.55153E-016  6.62309E-011  5.01156E-016  1.25832E-007  1.01939E-009  7.49938E-006  5.86952E-009  4.06631E-012  5.25290E-016  1.48388E-010  1.36932E-008  1.83735E-011  6.08392E-031  1.87609E-034  1.00000E-040  4.75529E-029  1.00359E-024  3.41648E-022  8.38985E-020  2.20491E-015  5.45533E-023  1.40662E-022  1.00000E-040  1.00000E-040  6.56289E-029  1.53955E-040  1.48240E-026  1.51521E-039  1.05192E-036  6.68011E-024  3.46625E-018  1.15408E-030  3.79794E-033  8.56906E-024  1.27514E-016  2.93968E-017  1.23981E-013  6.73451E-028  6.21110E-015  2.99460E-038  4.72030E-016  9.68197E-039  6.10465E-024  4.34535E-031  4.92091E-023  2.70607E-025  2.75239E-013  1.35840E-022  2.36996E-017  1.13849E-025  1.57352E-014  1.00000E-040  1.64180E-036  1.84082E-022  1.00000E-040  4.88739E-026  8.90378E-012  6.11182E-038  1.00000E-003  1.00000E-005  1.00000E-005  1.00000E-005  1.00000E-005  1.00000E-005  1.00000E-005  1.00000E-005  1.00000E-005  1.00000E-005  1.00000E-005  1.00000E-005  1.00000E-005  1.00000E-005  1.00000E-005  1.00000E-005  
2.95000E+001  1.33599E-002  4.19129E+017  2.30872E+002  1.33027E+004  1.00000E-040  1.00000E-040  1.00000E-040  2.10803E-014  1.00000E-040  1.00000E-040  1.00000E-040  1.00000E-040  1.00000E-040  1.00000E-040  1.00000E-040  1.00000E-040  1.00000E-040  1.00000E-040  1.07462E-022  1.00000E-040  1.00000E-040  1.90552E-018  3.24908E-007  1.61515E-005  8.95453E-012  4.61435E-011  2.12007E-001  5.43425E-009  2.83331E-004  3.56720E-021  2.83272E-011  1.00000E-040  1.00000E-040  1.95069E-028  2.63518E-017  3.78001E-007  6.57802E-023  1.33313E-027  1.00000E-040  1.00000E-040  1.00000E-040  1.29829E-019  9.23640E-021  1.83298E-016  3.79766E-012  3.28313E-040  1.00000E-040  2.21332E-011  7.33249E-035  4.16383E-011  4.12462E-023  7.87685E-001  1.18039E-022  6.60266E-019  4.58885E-015  2.11053E-034  1.00000E-040  5.00718E-028  4.22193E-023  1.78218E-009  1.82419E-016  7.28406E-011  5.29276E-016  1.14618E-007  8.96843E-010  7.63954E-006  7.18498E-009  4.15380E-012  9.29434E-016  1.69518E-010  1.31452E-008  2.99932E-011  5.19236E-031  2.36150E-034  1.00000E-040  5.17769E-029  3.95783E-026  3.41610E-022  1.29279E-019  3.59421E-015  8.82226E-023  2.35103E-022  1.00000E-040  1.30311E-040  6.30399E-029  1.56954E-040  1.60611E-026  3.61502E-039  2.33021E-036  1.00341E-023  3.56968E-018  2.87920E-030  7.20888E-033  5.34414E-024  1.28808E-016  3.91870E-017  1.14460E-013  7.63015E-028  3.02614E-015  1.00000E-040  4.49943E-016  2.07988E-038  9.46645E-024  6.54655E-031  4.92054E-023  3.72157E-025  2.79024E-013  1.63394E-022  3.53116E-017  4.27883E-027  1.55601E-014  1.00000E-040  1.88056E-036  3.35257E-022  1.00000E-040  5.68419E-026  7.75569E-012  8.05355E-038  1.00000E-003  1.00000E-005  1.00000E-005  1.00000E-005  1.00000E-005  1.00000E-005  1.00000E-005  1.00000E-005  1.00000E-005  1.00000E-005  1.00000E-005  1.00000E-005  1.00000E-005  1.00000E-005  1.00000E-005  1.00000E-005  
3.05000E+001  1.15453E-002  3.59223E+017  2.32787E+002  1.46946E+004  1.00000E-040  1.00000E-040  1.00000E-040  1.00000E-040  1.00000E-040  1.00000E-040  1.00000E-040  1.00000E-040  1.00000E-040  1.00000E-040  1.00000E-040  1.00000E-040  1.00000E-040  1.00000E-040  1.08359E-022  1.00000E-040  1.00000E-040  3.39059E-018  3.08659E-007  1.62210E-005  1.26708E-011  6.86212E-011  2.12003E-001  5.40782E-009  2.83337E-004  5.17562E-021  3.06822E-011  1.00000E-040  1.00000E-040  4.62623E-028  4.31539E-017  3.49749E-007  8.43717E-023  7.49725E-028  1.00000E-040  1.00000E-040  1.00000E-040  1.06715E-019  1.04037E-020  2.37942E-016  3.49353E-012  9.17762E-040  1.00000E-040  1.35398E-011  1.29220E-034  4.12754E-011  8.18806E-023  7.87689E-001  1.43802E-022  1.34680E-019  7.51468E-016  2.11241E-034  1.00000E-040  8.37745E-028  6.61991E-023  2.40158E-009  2.16821E-016  7.85638E-011  5.56155E-016  1.03798E-007  7.55198E-010  7.60890E-006  8.50680E-009  4.07001E-012  1.51132E-015  1.92024E-010  1.23504E-008  3.88765E-011  4.46005E-031  2.99632E-034  1.00000E-040  5.56016E-029  1.11907E-027  3.41570E-022  2.01467E-019  5.80303E-015  1.44180E-022  3.95258E-022  1.00000E-040  2.74125E-040  6.04400E-029  1.67326E-040  1.72002E-026  7.74754E-039  5.27055E-036  1.53884E-023  3.72322E-018  7.04059E-030  1.42166E-032  3.19434E-024  1.24969E-016  5.15199E-017  1.04536E-013  8.90021E-028  1.41721E-015  1.00000E-040  4.28511E-016  4.54884E-038  1.49503E-023  1.01737E-030  4.92014E-023  5.26380E-025  2.81198E-013  1.81248E-022  5.16388E-017  1.16275E-028  1.53737E-014  1.00000E-040  2.19439E-036  5.99820E-022  1.00000E-040  6.67030E-026  6.69073E-012  1.12507E-037  1.00000E-003  1.00000E-005  1.00000E-005  1.00000E-005  1.00000E-005  1.00000E-005  1.00000E-005  1.00000E-005  1.00000E-005  1.00000E-005  1.00000E-005  1.00000E-005  1.00000E-005  1.00000E-005  1.00000E-005  1.00000E-005  
3.15000E+001  9.99026E-003  3.08035E+017  2.34906E+002  1.63646E+004  1.00000E-040  1.00000E-040  1.00000E-040  1.00000E-040  1.00000E-040  1.00000E-040  1.00000E-040  1.00000E-040  1.00000E-040  1.00000E-040  1.00000E-040  1.00000E-040  1.00000E-040  1.00000E-040  1.09315E-022  1.00000E-040  1.00000E-040  6.11409E-018  2.92220E-007  1.62892E-005  1.77788E-011  1.01077E-010  2.12000E-001  5.34695E-009  2.83341E-004  7.39192E-021  3.27112E-011  1.00000E-040  1.00000E-040  1.07932E-027  6.99680E-017  3.22246E-007  9.87548E-023  3.63969E-028  4.67027E-037  5.37539E-036  1.00000E-040  8.77600E-020  1.17585E-020  2.82482E-016  2.99892E-012  2.26611E-039  1.00000E-040  7.72280E-012  2.30468E-034  4.09259E-011  1.53326E-022  7.87692E-001  1.74464E-022  2.38414E-020  1.09451E-016  2.04807E-034  1.00000E-040  1.42078E-027  1.04829E-022  3.19247E-009  2.53586E-016  8.34463E-011  5.80783E-016  9.36561E-008  6.13857E-010  7.41845E-006  9.74271E-009  3.87493E-012  2.30310E-015  2.14214E-010  1.13509E-008  4.51714E-011  3.86396E-031  3.80220E-034  1.00000E-040  5.85178E-029  2.42470E-029  3.41528E-022  3.15035E-019  9.25630E-015  2.36131E-022  6.64964E-022  1.00000E-040  5.92096E-040  5.78930E-029  1.88637E-040  1.82277E-026  1.50379E-038  1.19623E-035  2.37756E-023  3.93166E-018  1.69823E-029  2.73198E-032  1.82180E-024  1.13278E-016  6.67004E-017  9.39918E-014  1.08637E-027  6.44281E-016  1.00000E-040  3.96936E-016  9.90441E-038  2.36946E-023  1.59646E-030  4.91972E-023  7.46370E-025  2.83400E-013  1.84663E-022  7.39628E-017  2.41889E-030  1.51780E-014  1.00000E-040  2.61787E-036  1.05831E-021  1.00000E-040  8.03646E-026  5.72732E-012  1.64323E-037  1.00000E-003  1.00000E-005  1.00000E-005  1.00000E-005  1.00000E-005  1.00000E-005  1.00000E-005  1.00000E-005  1.00000E-005  1.00000E-005  1.00000E-005  1.00000E-005  1.00000E-005  1.00000E-005  1.00000E-005  1.00000E-005  
3.25000E+001  8.65666E-003  2.64376E+017  2.37162E+002  1.77833E+004  1.00000E-040  1.00000E-040  1.00000E-040  1.00000E-040  1.00000E-040  1.00000E-040  1.00000E-040  1.00000E-040  1.00000E-040  1.00000E-040  1.00000E-040  1.00000E-040  1.00000E-040  1.00000E-040  1.10305E-022  1.00000E-040  1.00000E-040  1.12008E-017  2.75603E-007  1.63559E-005  2.46711E-011  1.47479E-010  2.11996E-001  5.25576E-009  2.83344E-004  1.03415E-020  3.42665E-011  1.00000E-040  1.00000E-040  2.45460E-027  1.11688E-016  2.95458E-007  1.05295E-022  1.50589E-028  1.59077E-037  1.81642E-036  1.00000E-040  7.10652E-020  1.30819E-020  3.06275E-016  2.40389E-012  4.83139E-039  1.00000E-040  4.07842E-012  4.11263E-034  4.05872E-011  2.72563E-022  7.87696E-001  2.09481E-022  3.72811E-021  1.44286E-017  1.93022E-034  1.00000E-040  2.42956E-027  1.66773E-022  4.18386E-009  2.89762E-016  8.71930E-011  6.00791E-016  8.42077E-008  4.83419E-010  7.09867E-006  1.07966E-008  3.58717E-012  3.25757E-015  2.35416E-010  1.02153E-008  4.93921E-011  3.37071E-031  4.81412E-034  1.00000E-040  6.03953E-029  4.18333E-031  3.41484E-022  4.94374E-019  1.45691E-014  3.87002E-022  1.11857E-021  1.00000E-040  1.28905E-039  5.54036E-029  2.24117E-040  1.91446E-026  2.62289E-038  2.70115E-035  3.68702E-023  4.17161E-018  3.99890E-029  5.42078E-032  9.91663E-025  9.48967E-017  8.48024E-017  8.29737E-014  1.38607E-027  2.84014E-016  1.00000E-040  3.59806E-016  2.13286E-037  3.75493E-023  2.50776E-030  4.91928E-023  1.05253E-024  2.84367E-013  1.72828E-022  1.03535E-016  3.99237E-032  1.49711E-014  1.00000E-040  3.20167E-036  1.82444E-021  1.00000E-040  9.90426E-026  4.85921E-012  2.45507E-037  1.00000E-003  1.00000E-005  1.00000E-005  1.00000E-005  1.00000E-005  1.00000E-005  1.00000E-005  1.00000E-005  1.00000E-005  1.00000E-005  1.00000E-005  1.00000E-005  1.00000E-005  1.00000E-005  1.00000E-005  1.00000E-005  
3.35000E+001  7.51193E-003  2.27117E+017  2.39562E+002  1.94692E+004  1.00000E-040  1.00000E-040  1.00000E-040  1.00000E-040  1.00000E-040  1.00000E-040  1.00000E-040  1.00000E-040  1.00000E-040  1.00000E-040  1.00000E-040  1.00000E-040  1.00000E-040  1.00000E-040  1.11333E-022  1.00000E-040  1.00000E-040  2.09271E-017  2.58822E-007  1.64211E-005  3.37986E-011  2.13418E-010  2.11992E-001  5.13840E-009  2.83344E-004  1.41466E-020  3.52899E-011  1.00000E-040  1.00000E-040  5.42344E-027  1.75249E-016  2.69347E-007  1.02417E-022  5.25515E-029  1.00000E-040  1.00000E-040  1.00000E-040  5.56850E-020  1.40239E-020  3.03141E-016  1.80198E-012  8.78835E-039  1.00000E-040  1.97868E-012  7.32971E-034  4.02566E-011  4.60998E-022  7.87701E-001  2.48366E-022  5.29882E-022  1.74844E-018  1.77345E-034  2.18451E-040  4.16653E-027  2.65058E-022  5.39903E-009  3.21926E-016  8.97945E-011  6.15002E-016  7.54410E-008  3.71294E-010  6.68552E-006  1.15915E-008  3.24555E-012  4.27497E-015  2.54574E-010  9.00084E-009  5.20732E-011  2.95419E-031  6.06185E-034  1.00000E-040  6.11168E-029  6.00420E-033  3.41438E-022  7.77955E-019  2.26303E-014  6.33974E-022  1.88081E-021  1.00000E-040  2.80494E-039  5.29731E-029  2.80590E-040  1.99536E-026  4.11095E-038  6.02395E-035  5.71802E-023  4.41700E-018  9.16225E-029  1.08320E-031  5.12926E-025  7.27615E-017  1.05713E-016  7.17653E-014  1.84640E-027  1.21075E-016  1.00000E-040  3.18593E-016  4.50747E-037  5.92942E-023  3.90844E-030  4.91878E-023  1.46279E-024  2.83723E-013  1.48609E-022  1.41611E-016  5.44241E-034  1.47510E-014  1.00000E-040  4.02686E-036  3.06348E-021  1.00000E-040  1.25000E-025  4.07997E-012  3.72180E-037  1.00000E-003  1.00000E-005  1.00000E-005  1.00000E-005  1.00000E-005  1.00000E-005  1.00000E-005  1.00000E-005  1.00000E-005  1.00000E-005  1.00000E-005  1.00000E-005  1.00000E-005  1.00000E-005  1.00000E-005  1.00000E-005  
3.45000E+001  6.52846E-003  1.95269E+017  2.42155E+002  2.14942E+004  1.00000E-040  1.00000E-040  1.00000E-040  1.00000E-040  1.00000E-040  1.00000E-040  1.00000E-040  1.00000E-040  1.00000E-040  1.00000E-040  1.00000E-040  1.00000E-040  1.00000E-040  1.00000E-040  1.12421E-022  1.00000E-040  1.00000E-040  4.00676E-017  2.42162E-007  1.64838E-005  4.56903E-011  3.07218E-010  2.11988E-001  5.00178E-009  2.83341E-004  1.89727E-020  3.58678E-011  1.00000E-040  1.00000E-040  1.16762E-026  2.71102E-016  2.44280E-007  9.20999E-023  1.56510E-029  9.87641E-037  1.12464E-035  1.00000E-040  4.21201E-020  1.43728E-020  2.76347E-016  1.27647E-012  1.37603E-038  1.00000E-040  8.84795E-013  1.31016E-033  3.99363E-011  7.41026E-022  7.87705E-001  2.90768E-022  8.03609E-023  2.00688E-019  1.59162E-034  5.13222E-040  7.07986E-027  4.15935E-022  6.83994E-009  3.46116E-016  9.16373E-011  6.23541E-016  6.74533E-008  2.81565E-010  6.21955E-006  1.20669E-008  2.89425E-012  5.27375E-015  2.69983E-010  7.75983E-009  5.36705E-011  2.60036E-031  7.57206E-034  1.00000E-040  6.07245E-029  8.41355E-035  3.41389E-022  1.22001E-018  3.46659E-014  1.03172E-021  3.14527E-021  1.00000E-040  6.05195E-039  5.06380E-029  3.70630E-040  2.06846E-026  5.88442E-038  1.31131E-034  8.78972E-023  4.65767E-018  2.04981E-028  2.16217E-031  2.53359E-025  5.12575E-017  1.29394E-016  6.08641E-014  2.55626E-027  5.02878E-017  1.00000E-040  2.74207E-016  9.21611E-037  9.25002E-023  5.94733E-030  4.91823E-023  1.97151E-024  2.82418E-013  1.18522E-022  1.89816E-016  7.12654E-036  1.45189E-014  1.00000E-040  5.22293E-036  5.02432E-021  1.00000E-040  1.62445E-025  3.39399E-012  5.64674E-037  1.00000E-003  1.00000E-005  1.00000E-005  1.00000E-005  1.00000E-005  1.00000E-005  1.00000E-005  1.00000E-005  1.00000E-005  1.00000E-005  1.00000E-005  1.00000E-005  1.00000E-005  1.00000E-005  1.00000E-005  1.00000E-005  
3.55000E+001  5.68257E-003  1.68146E+017  2.44780E+002  2.36775E+004  1.00000E-040  1.00000E-040  1.00000E-040  1.00000E-040  1.00000E-040  1.00000E-040  1.00000E-040  1.00000E-040  1.00000E-040  1.00000E-040  1.00000E-040  1.00000E-040  1.00000E-040  1.00000E-040  1.13506E-022  1.00000E-040  1.00000E-040  7.85333E-017  2.25833E-007  1.65434E-005  6.10640E-011  4.40390E-010  2.11984E-001  4.84793E-009  2.83336E-004  2.49542E-020  3.59758E-011  1.00000E-040  1.00000E-040  2.44021E-026  4.11893E-016  2.20465E-007  7.79287E-023  4.02578E-030  1.00000E-040  1.00000E-040  1.00000E-040  3.11620E-020  1.42556E-020  2.36330E-016  8.66761E-013  1.88424E-038  1.00000E-040  3.65823E-013  2.31026E-033  3.96271E-011  1.14097E-021  7.87710E-001  3.36803E-022  2.63812E-023  2.24586E-020  1.39973E-034  1.14842E-039  1.17959E-026  6.39259E-022  8.49689E-009  3.60304E-016  9.29260E-011  6.26572E-016  6.02566E-008  2.12764E-010  5.73986E-006  1.21716E-008  2.54304E-012  6.10736E-015  2.81093E-010  6.55492E-009  5.45759E-011  2.29839E-031  9.42625E-034  1.00000E-040  5.97719E-029  3.18843E-036  3.41338E-022  1.89965E-018  5.23111E-014  1.66059E-021  5.20139E-021  1.00000E-040  1.25817E-038  4.84172E-029  5.11660E-040  2.14138E-026  7.78654E-038  2.76463E-034  1.33188E-022  4.87328E-018  4.45007E-028  4.25121E-031  1.21116E-025  3.40789E-017  1.55858E-016  5.08287E-014  3.61317E-027  2.04149E-017  1.00000E-040  2.34257E-016  1.81496E-036  1.41984E-022  8.74877E-030  4.91760E-023  2.56232E-024  2.79881E-013  8.94679E-023  2.50601E-016  2.43263E-037  1.42755E-014  1.00000E-040  6.96956E-036  8.01651E-021  1.00000E-040  2.14796E-025  2.79855E-012  8.48279E-037  1.00000E-003  1.00000E-005  1.00000E-005  1.00000E-005  1.00000E-005  1.00000E-005  1.00000E-005  1.00000E-005  1.00000E-005  1.00000E-005  1.00000E-005  1.00000E-005  1.00000E-005  1.00000E-005  1.00000E-005  1.00000E-005  
3.65000E+001  4.95389E-003  1.45009E+017  2.47439E+002  2.67395E+004  1.00000E-040  1.00000E-040  1.00000E-040  1.00000E-040  1.00000E-040  1.00000E-040  1.00000E-040  1.00000E-040  1.00000E-040  1.00000E-040  1.00000E-040  1.00000E-040  1.00000E-040  1.00000E-040  1.14591E-022  1.00000E-040  1.00000E-040  1.57959E-016  2.10164E-007  1.65989E-005  8.09042E-011  6.31226E-010  2.11980E-001  4.68264E-009  2.83329E-004  3.23711E-020  3.57452E-011  1.00000E-040  1.86692E-040  4.98677E-026  6.17431E-016  1.98256E-007  6.40474E-023  9.32339E-031  1.70325E-038  1.93182E-037  1.00000E-040  2.31466E-020  1.40118E-020  1.94974E-016  5.79589E-013  2.35490E-038  1.00000E-040  1.41565E-013  4.03089E-033  3.93318E-011  1.68904E-021  7.87715E-001  3.87375E-022  2.60965E-023  2.63390E-021  1.20691E-034  2.43046E-039  1.90541E-026  9.53147E-022  1.03344E-008  3.62787E-016  9.41075E-011  6.26201E-016  5.38858E-008  1.61782E-010  5.27137E-006  1.18990E-008  2.21455E-012  6.81690E-015  2.86925E-010  5.42926E-009  5.50632E-011  2.04375E-031  1.17368E-033  1.00000E-040  5.86766E-029  1.62423E-036  3.41285E-022  2.92223E-018  7.78703E-014  2.63117E-021  8.46790E-021  1.10647E-040  2.49793E-038  4.63413E-029  7.37323E-040  2.22283E-026  9.87474E-038  5.60711E-034  1.97686E-022  5.06119E-018  9.44374E-028  8.15193E-031  5.66732E-026  2.20076E-017  1.85564E-016  4.19521E-014  5.17095E-027  8.17099E-018  1.00000E-040  1.99220E-016  3.41255E-036  2.13247E-022  1.22830E-029  4.91682E-023  3.17696E-024  2.76892E-013  6.58740E-023  3.27933E-016  1.12511E-037  1.40237E-014  1.00000E-040  9.55790E-036  1.25311E-020  1.00000E-040  2.89204E-025  2.29268E-012  1.24597E-036  1.00000E-003  1.00000E-005  1.00000E-005  1.00000E-005  1.00000E-005  1.00000E-005  1.00000E-005  1.00000E-005  1.00000E-005  1.00000E-005  1.00000E-005  1.00000E-005  1.00000E-005  1.00000E-005  1.00000E-005  1.00000E-005  
3.75000E+001  4.32518E-003  1.25265E+017  2.50087E+002  2.97405E+004  1.00000E-040  1.00000E-040  1.00000E-040  1.00000E-040  1.00000E-040  1.00000E-040  1.00000E-040  1.00000E-040  1.00000E-040  1.00000E-040  1.00000E-040  1.00000E-040  1.00000E-040  1.00000E-040  1.15661E-022  1.00000E-040  1.00000E-040  3.25588E-016  1.95358E-007  1.66497E-005  1.06520E-010  9.06908E-010  2.11975E-001  4.51004E-009  2.83319E-004  4.15489E-020  3.52306E-011  1.00000E-040  5.64574E-040  9.99853E-026  9.14438E-016  1.77797E-007  5.33082E-023  2.05501E-031  1.00000E-040  1.00000E-040  1.00000E-040  1.78908E-020  1.41488E-020  1.61394E-016  3.96142E-013  2.83018E-038  1.00000E-040  5.19172E-014  6.94336E-033  3.90508E-011  2.48106E-021  7.87720E-001  4.43749E-022  3.46216E-023  4.10075E-022  1.02163E-034  4.83981E-039  2.95744E-026  1.37018E-021  1.23049E-008  3.53536E-016  9.53863E-011  6.23908E-016  4.82989E-008  1.24449E-010  4.83023E-006  1.12750E-008  1.91619E-012  7.55402E-015  2.87270E-010  4.41185E-009  5.53114E-011  1.83051E-031  1.46708E-033  1.00000E-040  5.78011E-029  1.82463E-036  3.41231E-022  4.42943E-018  1.14417E-013  4.09324E-021  1.35296E-020  1.49517E-040  4.68310E-038  4.44196E-029  1.10464E-039  2.32101E-026  1.25248E-037  1.08935E-033  2.86446E-022  5.20424E-018  1.96440E-027  1.50712E-030  2.62288E-026  1.43790E-017  2.19010E-016  3.43197E-014  7.48321E-027  3.24350E-018  1.00000E-040  1.69886E-016  6.09361E-036  3.12555E-022  1.63130E-029  4.91579E-023  3.73769E-024  2.73074E-013  4.92885E-023  4.27189E-016  1.15401E-037  1.37654E-014  1.00000E-040  1.34191E-035  1.92496E-020  1.00000E-040  3.94576E-025  1.86910E-012  1.77250E-036  1.00000E-003  1.00000E-005  1.00000E-005  1.00000E-005  1.00000E-005  1.00000E-005  1.00000E-005  1.00000E-005  1.00000E-005  1.00000E-005  1.00000E-005  1.00000E-005  1.00000E-005  1.00000E-005  1.00000E-005  1.00000E-005  
3.85000E+001  3.78184E-003  1.08384E+017  2.52728E+002  3.29242E+004  1.00000E-040  1.00000E-040  1.00000E-040  1.00000E-040  1.00000E-040  1.00000E-040  1.00000E-040  1.00000E-040  1.00000E-040  1.00000E-040  1.00000E-040  1.00000E-040  1.00000E-040  1.00000E-040  1.16717E-022  1.00000E-040  1.00000E-040  6.84570E-016  1.81394E-007  1.66962E-005  1.39424E-010  1.30716E-009  2.11970E-001  4.33226E-009  2.83306E-004  5.27705E-020  3.44281E-011  1.00000E-040  1.72881E-039  1.96654E-025  1.33724E-015  1.58912E-007  4.72739E-023  4.59158E-032  7.19881E-038  8.15533E-037  1.00000E-040  1.49680E-020  1.52737E-020  1.40518E-016  2.90019E-013  3.46839E-038  1.00000E-040  1.80780E-014  1.18190E-032  3.87807E-011  4.47014E-021  7.87725E-001  5.06859E-022  4.69362E-023  1.30836E-022  8.50580E-035  9.05456E-039  4.38826E-026  1.89521E-021  1.43463E-008  3.33049E-016  9.68262E-011  6.20131E-016  4.33673E-008  9.70543E-011  4.42526E-006  1.03639E-008  1.65201E-012  8.63091E-015  2.82145E-010  3.51106E-009  5.54253E-011  1.64886E-031  1.83882E-033  1.00000E-040  5.71766E-029  2.17188E-036  3.41174E-022  6.62322E-018  1.66166E-013  6.25888E-021  2.12374E-020  2.01795E-040  8.26715E-038  4.26295E-029  1.71493E-039  2.43942E-026  1.67117E-037  2.02411E-033  4.05522E-022  5.25764E-018  4.00488E-027  2.66426E-030  1.19503E-026  9.93456E-018  2.55999E-016  2.78206E-014  1.16540E-026  1.27076E-018  1.00000E-040  1.45201E-016  1.02846E-035  4.47501E-022  2.03833E-029  4.91429E-023  4.16422E-024  2.67163E-013  3.92959E-023  5.54452E-016  1.24267E-037  1.34987E-014  1.00000E-040  1.91807E-035  2.90612E-020  1.00000E-040  5.42064E-025  1.51445E-012  2.42837E-036  1.00000E-003  1.00000E-005  1.00000E-005  1.00000E-005  1.00000E-005  1.00000E-005  1.00000E-005  1.00000E-005  1.00000E-005  1.00000E-005  1.00000E-005  1.00000E-005  1.00000E-005  1.00000E-005  1.00000E-005  1.00000E-005  
3.95000E+001  3.31159E-003  9.38994E+016  2.55441E+002  3.69865E+004  1.00000E-040  1.00000E-040  1.00000E-040  1.00000E-040  1.00000E-040  1.00000E-040  1.00000E-040  1.00000E-040  1.00000E-040  1.00000E-040  1.00000E-040  1.00000E-040  1.00000E-040  1.00000E-040  1.17791E-022  1.00000E-040  1.00000E-040  1.46013E-015  1.68457E-007  1.67380E-005  1.81140E-010  1.89116E-009  2.11965E-001  4.15585E-009  2.83291E-004  6.64125E-020  3.34224E-011  1.00000E-040  5.42682E-039  3.79703E-025  1.93375E-015  1.41708E-007  4.75211E-023  1.14018E-032  5.62335E-038  6.36536E-037  1.00000E-040  1.41970E-020  1.84384E-020  1.36022E-016  2.41050E-013  4.63884E-038  1.00000E-040  6.04926E-015  2.00106E-032  3.85219E-011  1.60295E-020  7.87730E-001  5.77132E-022  6.32618E-023  7.79539E-023  6.98174E-035  1.57626E-038  6.14495E-026  2.49955E-021  1.63661E-008  3.02614E-016  9.86001E-011  6.14624E-016  3.90443E-008  7.70896E-011  4.06587E-006  9.25964E-009  1.42707E-012  1.05813E-014  2.71370E-010  2.73139E-009  5.54584E-011  1.49168E-031  2.29549E-033  1.00000E-040  5.65794E-029  2.57577E-036  3.41116E-022  9.72508E-018  2.38236E-013  9.36054E-021  3.26149E-020  2.67486E-040  1.37236E-037  4.09749E-029  2.75685E-039  2.57838E-026  2.50017E-037  3.56179E-033  5.57866E-022  5.18987E-018  8.01704E-027  4.43908E-030  5.36642E-027  7.62776E-018  2.95991E-016  2.23565E-014  2.58048E-026  4.94230E-019  1.00000E-040  1.23166E-016  1.61392E-035  6.22240E-022  2.36037E-029  4.91195E-023  4.34203E-024  2.58286E-013  3.52762E-023  7.16524E-016  1.31741E-037  1.32256E-014  1.00000E-040  2.77565E-035  4.31381E-020  1.00000E-040  7.50020E-025  1.22183E-012  3.16688E-036  1.00000E-003  1.00000E-005  1.00000E-005  1.00000E-005  1.00000E-005  1.00000E-005  1.00000E-005  1.00000E-005  1.00000E-005  1.00000E-005  1.00000E-005  1.00000E-005  1.00000E-005  1.00000E-005  1.00000E-005  1.00000E-005  
4.05000E+001  2.90403E-003  8.14733E+016  2.58168E+002  4.09878E+004  1.00000E-040  1.00000E-040  1.00000E-040  1.00000E-040  1.00000E-040  1.00000E-040  1.00000E-040  1.00000E-040  1.00000E-040  1.00000E-040  1.00000E-040  1.00000E-040  1.00000E-040  1.00000E-040  1.18857E-022  1.00000E-040  1.00000E-040  3.12728E-015  1.56656E-007  1.67750E-005  2.33144E-010  2.74077E-009  2.11960E-001  3.98362E-009  2.83273E-004  8.26207E-020  3.21936E-011  1.00000E-040  1.75195E-038  7.14279E-025  2.75124E-015  1.26181E-007  5.57158E-023  3.46130E-033  7.32325E-038  8.26816E-037  1.00000E-040  1.55669E-020  2.53918E-020  1.50667E-016  2.33825E-013  6.96618E-038  1.00000E-040  1.96405E-015  3.34352E-032  3.82740E-011  9.07686E-020  7.87736E-001  6.54785E-022  8.38312E-023  5.80707E-023  5.67266E-035  2.52897E-038  8.02484E-026  3.11946E-021  1.82705E-008  2.65209E-016  1.00730E-010  6.06138E-016  3.52608E-008  6.25729E-011  3.76074E-006  8.05812E-009  1.23608E-012  1.37871E-014  2.55825E-010  2.07663E-009  5.54400E-011  1.35266E-031  2.83728E-033  1.00000E-040  5.58922E-029  2.98397E-036  3.41056E-022  1.39518E-017  3.35756E-013  1.36069E-020  4.86727E-020  3.42100E-040  2.10903E-037  3.94491E-029  4.56122E-039  2.73776E-026  4.28850E-037  5.87579E-033  7.41445E-022  4.96906E-018  1.56267E-026  6.84438E-030  2.39445E-027  6.69600E-018  3.37463E-016  1.78500E-014  9.96009E-026  1.91766E-019  1.00000E-040  1.04113E-016  2.32696E-035  8.35537E-022  2.50509E-029  4.90818E-023  4.21147E-024  2.44672E-013  3.66395E-023  9.20855E-016  1.34869E-037  1.29476E-014  1.00000E-040  4.03227E-035  6.24836E-020  1.00000E-040  1.03477E-024  9.82926E-013  3.89470E-036  1.00000E-003  1.00000E-005  1.00000E-005  1.00000E-005  1.00000E-005  1.00000E-005  1.00000E-005  1.00000E-005  1.00000E-005  1.00000E-005  1.00000E-005  1.00000E-005  1.00000E-005  1.00000E-005  1.00000E-005  1.00000E-005  
4.15000E+001  2.55028E-003  7.07919E+016  2.60928E+002  4.51719E+004  1.00000E-040  1.00000E-040  1.00000E-040  1.00000E-040  1.00000E-040  1.00000E-040  1.00000E-040  1.00000E-040  1.00000E-040  1.00000E-040  1.00000E-040  1.00000E-040  1.00000E-040  1.00000E-040  1.19911E-022  1.00000E-040  1.00000E-040  6.67142E-015  1.45978E-007  1.68076E-005  2.96719E-010  3.97074E-009  2.11955E-001  3.81593E-009  2.83253E-004  1.01441E-019  3.07409E-011  1.00000E-040  5.81873E-038  1.30244E-024  3.83811E-015  1.12167E-007  7.40735E-023  1.44671E-033  1.00000E-040  1.00000E-040  1.00000E-040  1.89671E-020  3.83214E-020  1.85908E-016  2.57822E-013  1.14230E-037  1.00000E-040  6.18349E-016  5.51295E-032  3.80341E-011  4.82970E-019  7.87741E-001  7.40350E-022  1.08899E-022  4.75571E-023  4.57790E-035  3.72200E-038  9.70695E-026  3.66965E-021  1.99788E-008  2.24232E-016  1.03238E-010  5.93886E-016  3.19195E-008  5.19652E-011  3.50830E-006  6.84995E-009  1.07326E-012  1.82298E-014  2.36549E-010  1.54152E-009  5.53853E-011  1.22814E-031  3.45016E-033  1.00000E-040  5.48700E-029  3.36158E-036  3.40994E-022  1.94910E-017  4.63963E-013  1.91479E-020  7.03013E-020  4.15112E-040  2.98961E-037  3.80306E-029  7.74991E-039  2.91313E-026  8.17053E-037  9.03652E-033  9.49369E-022  4.58706E-018  2.95150E-026  9.66259E-030  1.06952E-027  6.49870E-018  3.77850E-016  1.41771E-014  4.59044E-025  7.40660E-020  1.00000E-040  8.73631E-017  3.05540E-035  1.08026E-021  2.42207E-029  4.90204E-023  3.78695E-024  2.25353E-013  4.27932E-023  1.17517E-015  1.32752E-037  1.26633E-014  1.00000E-040  5.84306E-035  8.78734E-020  1.00000E-040  1.41552E-024  7.87951E-013  4.49163E-036  1.00000E-003  1.00000E-005  1.00000E-005  1.00000E-005  1.00000E-005  1.00000E-005  1.00000E-005  1.00000E-005  1.00000E-005  1.00000E-005  1.00000E-005  1.00000E-005  1.00000E-005  1.00000E-005  1.00000E-005  1.00000E-005  
4.25000E+001  2.24276E-003  6.16127E+016  2.63651E+002  5.04170E+004  1.00000E-040  1.00000E-040  1.00000E-040  1.00000E-040  1.00000E-040  1.00000E-040  1.00000E-040  1.00000E-040  1.00000E-040  1.00000E-040  1.00000E-040  1.00000E-040  1.00000E-040  1.00000E-040  1.20883E-022  1.00000E-040  1.00000E-040  1.40575E-014  1.36553E-007  1.68355E-005  3.72936E-010  5.73564E-009  2.11949E-001  3.65358E-009  2.83229E-004  1.22772E-019  2.90706E-011  1.00000E-040  1.95316E-037  2.28651E-024  5.22466E-015  9.96887E-008  1.05266E-022  1.08056E-033  6.31241E-039  7.09010E-038  1.00000E-040  2.40962E-020  5.94522E-020  2.42278E-016  3.05322E-013  1.92649E-037  1.00000E-040  1.89888E-016  8.90051E-032  3.78026E-011  2.12471E-018  7.87747E-001  8.35425E-022  1.37828E-022  4.26330E-023  3.68406E-035  4.99355E-038  1.07932E-025  4.04234E-021  2.14351E-008  1.83612E-016  1.06124E-010  5.77223E-016  2.89788E-008  4.41994E-011  3.30514E-006  5.70173E-009  9.30901E-013  2.32894E-014  2.15090E-010  1.11903E-009  5.53048E-011  1.12057E-031  4.11546E-033  1.00000E-040  5.34502E-029  3.64534E-036  3.40929E-022  2.62989E-017  6.25259E-013  2.58382E-020  9.72850E-020  4.68842E-040  3.85342E-037  3.67176E-029  1.34504E-038  3.10151E-026  1.62099E-036  1.28460E-032  1.16206E-021  4.08240E-018  5.36077E-026  1.23406E-029  5.10128E-028  6.58452E-018  4.14388E-016  1.12478E-014  1.87161E-024  2.86348E-020  1.00000E-040  7.31845E-017  3.63017E-035  1.33455E-021  2.12396E-029  4.89238E-023  3.14611E-024  2.00532E-013  5.31213E-023  1.48827E-015  1.24571E-037  1.23756E-014  1.00000E-040  8.39378E-035  1.19154E-019  1.00000E-040  1.90636E-024  6.30874E-013  4.82946E-036  1.00000E-003  1.00000E-005  1.00000E-005  1.00000E-005  1.00000E-005  1.00000E-005  1.00000E-005  1.00000E-005  1.00000E-005  1.00000E-005  1.00000E-005  1.00000E-005  1.00000E-005  1.00000E-005  1.00000E-005  1.00000E-005  
4.35000E+001  1.97491E-003  5.37501E+016  2.66125E+002  5.66624E+004  1.00000E-040  1.00000E-040  1.00000E-040  1.00000E-040  1.00000E-040  1.00000E-040  1.00000E-040  1.00000E-040  1.00000E-040  1.00000E-040  1.00000E-040  1.00000E-040  1.00000E-040  1.00000E-040  1.21567E-022  1.00000E-040  1.00000E-040  2.89627E-014  1.28531E-007  1.68585E-005  4.62524E-010  8.22891E-009  2.11943E-001  3.49710E-009  2.83204E-004  1.46050E-019  2.71600E-011  1.00000E-040  6.39274E-037  3.82135E-024  6.88076E-015  8.88042E-008  1.51967E-022  1.29347E-033  1.06025E-038  1.17791E-037  1.00000E-040  3.04200E-020  9.04508E-020  3.20495E-016  3.69543E-013  3.16560E-037  1.00000E-040  5.75016E-017  1.37942E-031  3.75818E-011  7.80160E-018  7.87753E-001  9.42414E-022  1.67956E-022  4.21961E-023  2.97100E-035  6.09477E-038  1.10028E-025  4.14870E-021  2.26161E-008  1.46731E-016  1.09320E-010  5.55397E-016  2.64158E-008  3.85139E-011  3.14665E-006  4.65412E-009  8.00989E-013  2.80932E-014  1.93266E-010  7.97230E-010  5.52069E-011  1.03614E-031  4.82084E-033  1.00000E-040  5.17602E-029  3.73095E-036  3.40864E-022  3.39428E-017  8.15909E-013  3.30507E-020  1.27323E-019  4.85323E-040  4.40144E-037  3.55153E-029  2.35768E-038  3.30244E-026  3.15139E-036  1.67468E-032  1.34686E-021  3.51972E-018  9.23475E-026  1.41407E-029  3.18340E-028  6.69295E-018  4.44195E-016  8.97023E-015  6.33948E-024  1.12079E-020  1.00000E-040  6.23833E-017  3.91453E-035  1.56114E-021  1.69722E-029  4.87799E-023  2.42019E-024  1.71547E-013  6.69310E-023  1.86984E-015  1.09687E-037  1.20900E-014  1.00000E-040  1.18699E-034  1.54108E-019  1.00000E-040  2.49617E-024  5.06677E-013  4.83460E-036  1.00000E-003  1.00000E-005  1.00000E-005  1.00000E-005  1.00000E-005  1.00000E-005  1.00000E-005  1.00000E-005  1.00000E-005  1.00000E-005  1.00000E-005  1.00000E-005  1.00000E-005  1.00000E-005  1.00000E-005  1.00000E-005  
4.45000E+001  1.74114E-003  4.69694E+016  2.68494E+002  6.33601E+004  1.00000E-040  1.00000E-040  1.00000E-040  1.00000E-040  1.00000E-040  1.00000E-040  1.00000E-040  1.00000E-040  1.00000E-040  1.00000E-040  1.00000E-040  1.00000E-040  1.00000E-040  1.00000E-040  1.21747E-022  1.00000E-040  1.00014E-040  5.82165E-014  1.21935E-007  1.68769E-005  5.65101E-010  1.17111E-008  2.11937E-001  3.34880E-009  2.83176E-004  1.71356E-019  2.51344E-011  1.00000E-040  2.00740E-036  6.09436E-024  8.78988E-015  7.94222E-008  2.17311E-022  1.76261E-033  1.00000E-040  1.00000E-040  1.00000E-040  3.66917E-020  1.29460E-019  4.18610E-016  4.45472E-013  4.95495E-037  1.00000E-040  1.72676E-017  2.07840E-031  3.73717E-011  2.43063E-017  7.87760E-001  1.06545E-021  1.99308E-022  4.60025E-023  2.40708E-035  6.80582E-038  1.03248E-025  3.95872E-021  2.35169E-008  1.15089E-016  1.12900E-010  5.28814E-016  2.41839E-008  3.42899E-011  3.01655E-006  3.73674E-009  6.81576E-013  3.20498E-014  1.71686E-010  5.57389E-010  5.50977E-011  9.81734E-032  5.52389E-033  1.00000E-040  4.94526E-029  3.68153E-036  3.40797E-022  4.17006E-017  1.02914E-012  3.98792E-020  1.56984E-019  4.56918E-040  4.51752E-037  3.44163E-029  4.15961E-038  3.50249E-026  5.87472E-036  1.99746E-032  1.47377E-021  2.97362E-018  1.51532E-025  1.46627E-029  3.31885E-028  6.54461E-018  4.64329E-016  7.19718E-015  1.79211E-023  4.47908E-021  1.00000E-040  5.32307E-017  3.82626E-035  1.72295E-021  1.24747E-029  4.85779E-023  1.71671E-024  1.41306E-013  8.30180E-023  2.32621E-015  9.24967E-038  1.18096E-014  1.00000E-040  1.65158E-034  1.90309E-019  1.00000E-040  3.20939E-024  4.09366E-013  4.52485E-036  1.00000E-003  1.00000E-005  1.00000E-005  1.00000E-005  1.00000E-005  1.00000E-005  1.00000E-005  1.00000E-005  1.00000E-005  1.00000E-005  1.00000E-005  1.00000E-005  1.00000E-005  1.00000E-005  1.00000E-005  1.00000E-005  
4.55000E+001  1.53660E-003  4.11785E+016  2.70276E+002  6.89710E+004  1.00000E-040  1.00000E-040  1.00000E-040  1.00000E-040  1.00000E-040  1.00000E-040  1.00000E-040  1.00000E-040  1.00000E-040  1.00000E-040  1.00000E-040  1.00000E-040  1.00000E-040  1.00000E-040  1.20809E-022  1.00000E-040  1.00063E-040  1.12528E-013  1.16678E-007  1.68912E-005  6.79815E-010  1.64288E-008  2.11931E-001  3.20348E-009  2.83146E-004  1.96066E-019  2.28351E-011  1.00000E-040  5.72522E-036  9.05002E-024  1.06781E-014  7.13031E-008  3.05244E-022  2.40239E-033  1.00000E-040  1.00000E-040  1.00000E-040  4.27066E-020  1.76566E-019  5.46499E-016  5.30597E-013  7.24070E-037  1.00000E-040  5.10130E-018  2.91690E-031  3.71692E-011  6.69436E-017  7.87766E-001  1.20540E-021  2.24854E-022  5.38036E-023  1.97068E-035  7.01653E-038  9.00708E-026  3.51615E-021  2.41522E-008  8.95593E-017  1.16678E-010  4.96360E-016  2.22099E-008  3.11611E-011  2.91388E-006  2.95065E-009  5.67581E-013  3.49507E-014  1.51919E-010  3.83484E-010  5.49793E-011  9.62643E-032  6.23250E-033  1.00000E-040  4.69596E-029  3.36557E-036  3.40728E-022  4.83897E-017  1.24254E-012  4.49336E-020  1.80060E-019  3.89193E-040  3.97262E-037  3.33967E-029  7.20942E-038  3.70533E-026  1.01799E-035  2.17115E-032  1.50945E-021  2.46975E-018  2.29816E-025  1.37794E-029  5.02050E-028  6.29890E-018  4.70775E-016  5.83218E-015  4.31407E-023  1.81929E-021  1.00000E-040  4.74695E-017  3.47051E-035  1.78039E-021  8.70673E-030  4.83071E-023  1.14086E-024  1.11446E-013  1.01482E-022  2.86459E-015  7.23461E-038  1.15335E-014  1.00000E-040  2.23759E-034  2.19607E-019  1.00000E-040  3.92411E-024  3.32540E-013  3.98430E-036  1.00000E-003  1.00000E-005  1.00000E-005  1.00000E-005  1.00000E-005  1.00000E-005  1.00000E-005  1.00000E-005  1.00000E-005  1.00000E-005  1.00000E-005  1.00000E-005  1.00000E-005  1.00000E-005  1.00000E-005  1.00000E-005  
4.65000E+001  1.35724E-003  3.61459E+016  2.71966E+002  7.80352E+004  1.00000E-040  1.00000E-040  1.00000E-040  1.00000E-040  1.00000E-040  1.00000E-040  1.00000E-040  1.00000E-040  1.00000E-040  1.00000E-040  1.00000E-040  1.00000E-040  1.00000E-040  1.00000E-040  1.18375E-022  1.00000E-040  1.00113E-040  2.10613E-013  1.12783E-007  1.69014E-005  8.03770E-010  2.27586E-008  2.11924E-001  3.06881E-009  2.83114E-004  2.21317E-019  2.05474E-011  1.00000E-040  1.51058E-035  1.27384E-023  1.25233E-014  6.43910E-008  4.20373E-022  3.05611E-033  1.96086E-038  2.13272E-037  1.00000E-040  4.68113E-020  2.23071E-019  6.99875E-016  6.22140E-013  9.95971E-037  1.00000E-040  1.49175E-018  3.98394E-031  3.69758E-011  1.63228E-016  7.87773E-001  1.37068E-021  2.49166E-022  6.66634E-023  1.63058E-035  6.75249E-038  7.36594E-026  2.90591E-021  2.45396E-008  6.97045E-017  1.20835E-010  4.59994E-016  2.04746E-008  2.87323E-011  2.81622E-006  2.30209E-009  4.63225E-013  3.67064E-014  1.33353E-010  2.59185E-010  5.48551E-011  9.85122E-032  6.86734E-033  1.00000E-040  4.36370E-029  3.02078E-036  3.40658E-022  5.30395E-017  1.44251E-012  4.73720E-020  1.93083E-019  3.00927E-040  3.15045E-037  3.24570E-029  1.23171E-037  3.88258E-026  1.66683E-035  2.15616E-032  1.45243E-021  2.05812E-018  3.29927E-025  1.19960E-029  8.62369E-028  5.75696E-018  4.62661E-016  4.75218E-015  8.99001E-023  7.58474E-022  1.00000E-040  4.21242E-017  2.90002E-035  1.72644E-021  5.94033E-030  4.79672E-023  7.01773E-025  8.49222E-014  1.20335E-022  3.48083E-015  5.53186E-038  1.12670E-014  1.00000E-040  2.97323E-034  2.40200E-019  1.00000E-040  4.72107E-024  2.72600E-013  3.32904E-036  1.00000E-003  1.00000E-005  1.00000E-005  1.00000E-005  1.00000E-005  1.00000E-005  1.00000E-005  1.00000E-005  1.00000E-005  1.00000E-005  1.00000E-005  1.00000E-005  1.00000E-005  1.00000E-005  1.00000E-005  1.00000E-005  
4.75000E+001  1.19958E-003  3.18434E+016  2.72852E+002  8.59767E+004  1.00000E-040  1.00000E-040  1.00000E-040  1.00000E-040  1.00000E-040  1.00000E-040  1.00000E-040  1.00000E-040  1.00000E-040  1.00000E-040  1.00000E-040  1.00000E-040  1.00000E-040  1.00000E-040  1.13686E-022  1.00000E-040  1.00164E-040  3.75911E-013  1.10227E-007  1.69078E-005  9.35222E-010  3.09239E-008  2.11918E-001  2.94384E-009  2.83080E-004  2.43348E-019  1.81711E-011  1.00000E-040  3.50817E-035  1.65527E-023  1.38773E-014  5.86052E-008  5.66789E-022  3.73635E-033  1.00000E-040  1.00000E-040  1.00000E-040  5.00192E-020  2.71652E-019  9.03000E-016  7.17643E-013  1.27334E-036  1.00000E-040  4.37407E-019  4.98516E-031  3.67933E-011  3.68337E-016  7.87779E-001  1.55410E-021  2.61826E-022  8.39268E-023  1.37229E-035  6.16778E-038  5.75245E-026  2.24672E-021  2.47145E-008  5.52726E-017  1.25080E-010  4.19523E-016  1.89589E-008  2.68794E-011  2.73277E-006  1.77387E-009  3.67781E-013  3.74751E-014  1.17271E-010  1.73530E-010  5.47273E-011  1.05051E-031  7.47546E-033  1.00000E-040  4.02848E-029  2.50769E-036  3.40587E-022  5.45777E-017  1.59474E-012  4.63347E-020  1.91421E-019  2.13286E-040  2.12000E-037  3.15973E-029  2.02395E-037  4.04938E-026  2.50846E-035  1.95623E-032  1.30231E-021  1.71830E-018  4.33126E-025  9.73384E-030  1.41115E-027  5.26671E-018  4.40564E-016  3.91541E-015  1.66282E-022  3.28115E-022  1.00000E-040  3.96931E-017  2.32452E-035  1.56011E-021  4.20704E-030  4.75665E-023  4.10288E-025  6.24057E-014  1.40467E-022  4.17893E-015  3.93824E-038  1.10154E-014  1.00000E-040  3.83191E-034  2.43633E-019  1.00000E-040  5.37546E-024  2.26353E-013  2.67210E-036  1.00000E-003  1.00000E-005  1.00000E-005  1.00000E-005  1.00000E-005  1.00000E-005  1.00000E-005  1.00000E-005  1.00000E-005  1.00000E-005  1.00000E-005  1.00000E-005  1.00000E-005  1.00000E-005  1.00000E-005  1.00000E-005  
4.85000E+001  1.06070E-003  2.80658E+016  2.73737E+002  9.43451E+004  1.00000E-040  1.00000E-040  1.00000E-040  1.00000E-040  1.00000E-040  1.00000E-040  1.00000E-040  1.00000E-040  1.00000E-040  1.00000E-040  1.00000E-040  1.00000E-040  1.00000E-040  1.00000E-040  1.06723E-022  1.00000E-040  1.00217E-040  6.49977E-013  1.08907E-007  1.69109E-005  1.06969E-009  4.14333E-008  2.11911E-001  2.83481E-009  2.83045E-004  2.65020E-019  1.59712E-011  1.00000E-040  7.51767E-035  2.04510E-023  1.48748E-014  5.37296E-008  7.52909E-022  4.31232E-033  2.69288E-038  2.87414E-037  1.00000E-040  5.11812E-020  3.12033E-019  1.14681E-015  8.17611E-013  1.54549E-036  1.00000E-040  1.27646E-019  6.12981E-031  3.66192E-011  7.57312E-016  7.87786E-001  1.77327E-021  2.73458E-022  1.07806E-022  1.34579E-035  5.39253E-038  4.31084E-026  1.63038E-021  2.46979E-008  4.49396E-017  1.29646E-010  3.77946E-016  1.76152E-008  2.53061E-011  2.63996E-006  1.35722E-009  2.85507E-013  3.73721E-014  1.02456E-010  1.14367E-010  5.45950E-011  1.15804E-031  7.94788E-033  1.00000E-040  3.62055E-029  2.08743E-036  3.40515E-022  5.31502E-017  1.69763E-012  4.25423E-020  1.78139E-019  1.39499E-040  1.60072E-037  3.07990E-029  3.24018E-037  4.16724E-026  3.59419E-035  1.63749E-032  1.10267E-021  1.46531E-018  5.40592E-025  7.53832E-030  2.26177E-027  4.65918E-018  4.05999E-016  3.23083E-015  2.74920E-022  1.46841E-022  1.00000E-040  3.68542E-017  1.75373E-035  1.32941E-021  3.21282E-030  4.71092E-023  2.24104E-025  4.46306E-014  1.59245E-022  4.94102E-015  2.80342E-038  1.07779E-014  1.00000E-040  4.85408E-034  2.34737E-019  1.00000E-040  6.08389E-024  1.90229E-013  2.07307E-036  1.00000E-003  1.00000E-005  1.00000E-005  1.00000E-005  1.00000E-005  1.00000E-005  1.00000E-005  1.00000E-005  1.00000E-005  1.00000E-005  1.00000E-005  1.00000E-005  1.00000E-005  1.00000E-005  1.00000E-005  1.00000E-005  
4.95000E+001  9.38147E-004  2.48192E+016  2.73779E+002  1.04470E+005  1.00000E-040  1.00000E-040  1.00000E-040  1.00000E-040  1.00000E-040  1.00000E-040  1.00000E-040  1.00000E-040  1.00000E-040  1.00000E-040  1.00000E-040  1.00000E-040  1.00000E-040  1.00000E-040  9.73418E-023  1.00000E-040  1.00271E-040  1.07425E-012  1.08766E-007  1.69110E-005  1.20692E-009  5.44382E-008  2.11904E-001  2.74021E-009  2.83007E-004  2.81661E-019  1.38558E-011  1.00000E-040  1.42363E-034  2.34438E-023  1.51068E-014  4.96664E-008  9.85229E-022  4.94347E-033  1.28751E-038  1.36198E-037  1.00000E-040  5.23208E-020  3.55218E-019  1.47971E-015  9.20870E-013  1.76448E-036  1.00000E-040  3.74696E-020  6.91043E-031  3.64542E-011  1.48291E-015  7.87793E-001  2.00350E-021  2.71931E-022  1.35925E-022  4.04136E-035  4.59471E-038  3.16407E-026  1.12260E-021  2.45248E-008  3.80142E-017  1.34174E-010  3.35549E-016  1.64270E-008  2.40251E-011  2.55592E-006  1.02990E-009  2.16120E-013  3.66784E-014  8.98749E-011  7.49058E-011  5.44591E-011  1.30230E-031  8.37685E-033  1.00000E-040  3.23713E-029  1.61720E-036  3.40441E-022  4.89289E-017  1.72835E-012  3.65484E-020  1.54781E-019  1.00000E-040  1.44267E-034  3.00602E-029  4.96768E-037  4.26728E-026  4.77558E-035  1.27269E-032  8.77778E-022  1.25365E-018  6.19977E-025  5.59935E-030  3.30939E-027  4.24423E-018  3.63649E-016  2.68745E-015  4.16291E-022  6.83500E-023  1.00000E-040  3.64549E-017  1.30710E-035  1.06476E-021  2.66859E-030  4.66094E-023  1.18484E-025  3.10450E-014  1.79064E-022  5.77453E-015  1.87518E-038  1.05580E-014  1.00000E-040  5.97790E-034  2.10845E-019  1.00000E-040  6.53614E-024  1.62139E-013  1.57124E-036  1.00000E-003  1.00000E-005  1.00000E-005  1.00000E-005  1.00000E-005  1.00000E-005  1.00000E-005  1.00000E-005  1.00000E-005  1.00000E-005  1.00000E-005  1.00000E-005  1.00000E-005  1.00000E-005  1.00000E-005  1.00000E-005  
5.05000E+001  8.29797E-004  2.19498E+016  2.73816E+002  1.14473E+005  1.00000E-040  1.00000E-040  1.00000E-040  1.00000E-040  1.00000E-040  1.00000E-040  1.00000E-040  1.00000E-040  1.00000E-040  1.00000E-040  1.00000E-040  1.00000E-040  1.00000E-040  1.00000E-040  8.62560E-023  1.00000E-040  1.00327E-040  1.72923E-012  1.09724E-007  1.69084E-005  1.34310E-009  7.06388E-008  2.11897E-001  2.66696E-009  2.82967E-004  2.97829E-019  1.20127E-011  1.00000E-040  2.51952E-034  2.57787E-023  1.49219E-014  4.62979E-008  1.27510E-021  5.49362E-033  2.54360E-039  2.65017E-038  1.00000E-040  5.23971E-020  3.91676E-019  1.88754E-015  1.02717E-012  1.93395E-036  1.00000E-040  1.11229E-020  7.68222E-031  3.62984E-011  2.70882E-015  7.87800E-001  2.27444E-021  2.69833E-022  1.70723E-022  8.97229E-036  3.81641E-038  2.26707E-026  7.36747E-022  2.42213E-008  3.34511E-017  1.38919E-010  2.95188E-016  1.53760E-008  2.28533E-011  2.46223E-006  7.78885E-010  1.60465E-013  3.54795E-014  7.84979E-011  4.86086E-011  5.43198E-011  1.47736E-031  8.66385E-033  1.00000E-040  2.82851E-029  1.26158E-036  3.40365E-022  4.30723E-017  1.70398E-012  2.98305E-020  1.27806E-019  1.00000E-040  1.00000E-040  2.93765E-029  7.41484E-037  4.31580E-026  6.09675E-035  9.29862E-033  6.67853E-022  1.09728E-018  6.81992E-025  4.04888E-030  4.71876E-027  3.83886E-018  3.16804E-016  2.23687E-015  5.79097E-022  3.32420E-023  1.00000E-040  3.56446E-017  9.36421E-036  8.14137E-022  2.39117E-030  4.60790E-023  5.95611E-026  2.11741E-014  1.96679E-022  6.65839E-015  1.26177E-038  1.03574E-014  1.00000E-040  7.26454E-034  1.81369E-019  1.00000E-040  7.02748E-024  1.40277E-013  1.17022E-036  1.00000E-003  1.00000E-005  1.00000E-005  1.00000E-005  1.00000E-005  1.00000E-005  1.00000E-005  1.00000E-005  1.00000E-005  1.00000E-005  1.00000E-005  1.00000E-005  1.00000E-005  1.00000E-005  1.00000E-005  1.00000E-005  
5.15000E+001  7.33897E-004  1.94582E+016  2.73181E+002  1.24475E+005  1.00000E-040  1.00000E-040  1.00000E-040  1.00000E-040  1.00000E-040  1.00000E-040  1.00000E-040  1.00000E-040  1.00000E-040  1.00000E-040  1.00000E-040  1.00000E-040  1.00000E-040  1.00000E-040  7.40813E-023  1.00000E-040  1.00384E-040  2.68889E-012  1.11723E-007  1.69032E-005  1.47996E-009  9.02398E-008  2.11890E-001  2.61409E-009  2.82925E-004  3.09484E-019  1.03635E-011  1.00000E-040  4.05723E-034  2.67892E-023  1.41504E-014  4.34964E-008  1.63435E-021  6.16660E-033  1.43644E-039  1.47598E-038  1.00000E-040  5.30054E-020  4.34079E-019  2.44232E-015  1.13700E-012  2.03006E-036  1.00000E-040  3.34917E-021  7.97780E-031  3.61505E-011  4.77573E-015  7.87808E-001  2.54773E-021  2.58030E-022  2.08385E-022  4.00859E-035  3.12897E-038  1.60883E-026  4.66745E-022  2.38097E-008  3.05833E-017  1.43570E-010  2.56898E-016  1.44378E-008  2.18333E-011  2.37522E-006  5.86148E-010  1.16940E-013  3.40143E-014  6.87846E-011  3.14237E-011  5.41760E-011  1.67597E-031  8.90225E-033  1.00000E-040  2.46099E-029  9.32385E-037  3.40287E-022  3.63978E-017  1.62441E-012  2.31925E-020  1.00462E-019  1.00000E-040  1.00000E-040  2.87380E-029  1.06940E-036  4.34549E-026  7.36103E-035  6.45215E-033  4.86052E-022  9.58709E-019  7.03544E-025  2.85523E-030  6.24971E-027  3.60856E-018  2.70287E-016  1.87400E-015  7.55312E-022  1.68527E-023  1.00000E-040  3.66661E-017  6.69830E-036  5.95132E-022  2.20650E-030  4.55242E-023  2.93998E-026  1.41808E-014  2.15103E-022  7.60563E-015  8.11410E-039  1.01758E-014  1.00000E-040  8.64455E-034  1.47923E-019  1.00000E-040  7.28063E-024  1.23100E-013  8.60498E-037  1.00000E-003  1.00000E-005  1.00000E-005  1.00000E-005  1.00000E-005  1.00000E-005  1.00000E-005  1.00000E-005  1.00000E-005  1.00000E-005  1.00000E-005  1.00000E-005  1.00000E-005  1.00000E-005  1.00000E-005  1.00000E-005  
5.25000E+001  6.48902E-004  1.72531E+016  2.72414E+002  1.34477E+005  1.00000E-040  1.00000E-040  1.00000E-040  1.00000E-040  1.00000E-040  1.00000E-040  1.00000E-040  1.00000E-040  1.00000E-040  1.00000E-040  1.00000E-040  1.00000E-040  1.00000E-040  1.00000E-040  6.17610E-023  1.00000E-040  1.00444E-040  4.09389E-012  1.14719E-007  1.68958E-005  1.61563E-009  1.14112E-007  2.11882E-001  2.58663E-009  2.82881E-004  3.20028E-019  8.96244E-012  1.01016E-040  6.17999E-034  2.69111E-023  1.31083E-014  4.11593E-008  2.08121E-021  6.87586E-033  1.31539E-039  1.34206E-038  1.00000E-040  5.34644E-020  4.76466E-019  3.15126E-015  1.25108E-012  2.06957E-036  1.00000E-040  1.02400E-021  8.11297E-031  3.60090E-011  8.02501E-015  7.87815E-001  2.85018E-021  2.44910E-022  2.50356E-022  6.28635E-035  2.52171E-038  1.12341E-026  2.86660E-022  2.33067E-008  2.88053E-017  1.48297E-010  2.22156E-016  1.35945E-008  2.08758E-011  2.28498E-006  4.40057E-010  8.39449E-014  3.23558E-014  6.01463E-011  2.01970E-011  5.40266E-011  1.89232E-031  9.03953E-033  1.00000E-040  2.11129E-029  6.84954E-037  3.40206E-022  2.98008E-017  1.51044E-012  1.73784E-020  7.61377E-020  1.00000E-040  1.00000E-040  2.81380E-029  1.50724E-036  4.33831E-026  8.60748E-035  4.29459E-033  3.42582E-022  8.46662E-019  7.00486E-025  1.97315E-030  8.03806E-027  3.44190E-018  2.26051E-016  1.57370E-015  9.25902E-022  8.89525E-024  1.00000E-040  3.78794E-017  4.68213E-036  4.20980E-022  2.09517E-030  4.49494E-023  1.41006E-026  9.36712E-015  2.32221E-022  8.60332E-015  5.19575E-039  1.00124E-014  1.00000E-040  1.01741E-033  1.16453E-019  1.00000E-040  7.51278E-024  1.09489E-013  6.25851E-037  1.00000E-003  1.00000E-005  1.00000E-005  1.00000E-005  1.00000E-005  1.00000E-005  1.00000E-005  1.00000E-005  1.00000E-005  1.00000E-005  1.00000E-005  1.00000E-005  1.00000E-005  1.00000E-005  1.00000E-005  1.00000E-005  
5.35000E+001  5.73522E-004  1.53148E+016  2.71241E+002  1.44478E+005  1.00000E-040  1.00000E-040  1.00000E-040  1.00000E-040  1.00000E-040  1.00000E-040  1.00000E-040  1.00000E-040  1.00000E-040  1.00000E-040  1.00000E-040  1.00000E-040  1.00000E-040  1.00000E-040  5.00208E-023  1.00000E-040  1.00507E-040  6.09396E-012  1.18691E-007  1.68863E-005  1.75193E-009  1.42781E-007  2.11874E-001  2.58778E-009  2.82835E-004  3.27786E-019  7.76467E-012  1.00000E-040  8.86058E-034  2.60825E-023  1.18375E-014  3.92046E-008  2.63612E-021  7.74265E-033  8.87056E-039  9.02433E-038  1.00000E-040  5.43890E-020  5.25795E-019  4.09724E-015  1.37000E-012  2.05543E-036  1.00000E-040  3.18857E-022  7.90503E-031  3.58731E-011  1.30710E-014  7.87824E-001  3.15262E-021  2.27393E-022  2.93436E-022  5.22144E-036  2.01120E-038  7.77651E-027  1.72418E-022  2.27273E-008  2.76992E-017  1.52938E-010  1.90842E-016  1.28319E-008  1.99969E-011  2.19881E-006  3.29336E-010  5.94700E-014  3.06251E-014  5.26391E-011  1.29387E-011  5.38705E-011  2.12058E-031  9.12533E-033  1.00000E-040  1.80201E-029  4.87398E-037  3.40122E-022  2.37946E-017  1.37350E-012  1.26312E-020  5.59896E-020  1.00000E-040  1.00000E-040  2.75707E-029  2.07601E-036  4.31213E-026  9.72216E-035  2.76987E-033  2.35028E-022  7.45091E-019  6.69686E-025  1.33917E-030  9.85874E-027  3.38702E-018  1.86457E-016  1.32923E-015  1.08135E-021  4.87826E-024  1.00000E-040  4.03499E-017  3.25753E-036  2.89685E-022  2.01048E-030  4.43576E-023  6.69308E-027  6.12191E-015  2.49766E-022  9.66215E-015  3.24147E-039  9.86673E-015  1.00000E-040  1.18177E-033  8.85055E-020  1.00000E-040  7.60330E-024  9.86179E-014  4.51351E-037  1.00000E-003  1.00000E-005  1.00000E-005  1.00000E-005  1.00000E-005  1.00000E-005  1.00000E-005  1.00000E-005  1.00000E-005  1.00000E-005  1.00000E-005  1.00000E-005  1.00000E-005  1.00000E-005  1.00000E-005  1.00000E-005  
5.45000E+001  5.06619E-004  1.35998E+016  2.69815E+002  1.54480E+005  1.00000E-040  1.00000E-040  1.00000E-040  1.00000E-040  1.00000E-040  1.00000E-040  1.00000E-040  1.00000E-040  1.00000E-040  1.00000E-040  1.00000E-040  1.00000E-040  1.00000E-040  1.00000E-040  3.94301E-023  1.00000E-040  1.00573E-040  8.91951E-012  1.23631E-007  1.68746E-005  1.88909E-009  1.77203E-007  2.11866E-001  2.62380E-009  2.82785E-004  3.33879E-019  6.75509E-012  1.00000E-040  1.21519E-033  2.46261E-023  1.04969E-014  3.75650E-008  3.32684E-021  8.76799E-033  1.00000E-040  1.00000E-040  1.00000E-040  5.55935E-020  5.81378E-019  5.34363E-015  1.49447E-012  2.00309E-036  1.00000E-040  1.01355E-022  7.48286E-031  3.57414E-011  2.06351E-014  7.87832E-001  3.45831E-021  2.08224E-022  3.37037E-022  1.84839E-035  1.58836E-038  5.33514E-027  1.02150E-022  2.20835E-008  2.69728E-017  1.57518E-010  1.63177E-016  1.21387E-008  1.91707E-011  2.11467E-006  2.45827E-010  4.16560E-014  2.88749E-014  4.60424E-011  8.26097E-012  5.37066E-011  2.35639E-031  9.15625E-033  1.00000E-040  1.52808E-029  3.40050E-037  3.40033E-022  1.86609E-017  1.22753E-012  8.97817E-021  4.02886E-020  1.00000E-040  1.00000E-040  2.70316E-029  2.80880E-036  4.26555E-026  1.07111E-034  1.74556E-033  1.58195E-022  6.54542E-019  6.21765E-025  8.95320E-031  1.16940E-026  3.41258E-018  1.52068E-016  1.12870E-015  1.20994E-021  2.77468E-024  1.00000E-040  4.37938E-017  2.24810E-036  1.95464E-022  1.95848E-030  4.37506E-023  3.14933E-027  3.96974E-015  2.67350E-022  1.07820E-014  1.99052E-039  9.73778E-015  1.00000E-040  1.35984E-033  6.54595E-020  1.00000E-040  7.61838E-024  8.98731E-014  3.23313E-037  1.00000E-003  1.00000E-005  1.00000E-005  1.00000E-005  1.00000E-005  1.00000E-005  1.00000E-005  1.00000E-005  1.00000E-005  1.00000E-005  1.00000E-005  1.00000E-005  1.00000E-005  1.00000E-005  1.00000E-005  1.00000E-005  
5.55000E+001  4.47231E-004  1.20751E+016  2.68261E+002  1.64481E+005  1.00000E-040  1.00000E-040  1.00000E-040  1.00000E-040  1.00000E-040  1.00000E-040  1.00000E-040  1.00000E-040  1.00000E-040  1.00000E-040  1.00000E-040  1.00000E-040  1.00000E-040  1.00000E-040  3.03178E-023  1.00000E-040  1.00643E-040  1.28946E-011  1.29550E-007  1.68609E-005  2.02729E-009  2.18558E-007  2.11857E-001  2.70300E-009  2.82732E-004  3.39296E-019  5.90958E-012  1.00000E-040  1.61460E-033  2.28238E-023  9.19262E-015  3.61851E-008  4.18894E-021  9.95525E-033  4.64797E-039  4.58410E-038  1.00000E-040  5.69048E-020  6.42146E-019  6.96457E-015  1.62527E-012  1.92621E-036  1.00000E-040  3.29387E-023  6.96023E-031  3.56128E-011  3.15745E-014  7.87841E-001  3.77529E-021  1.89311E-022  3.80647E-022  1.97307E-035  1.24300E-038  3.62778E-027  5.99223E-023  2.13856E-008  2.64409E-017  1.62062E-010  1.39188E-016  1.15056E-008  1.83801E-011  2.03102E-006  1.83089E-010  2.88866E-014  2.71422E-014  4.02011E-011  5.25407E-012  5.35338E-011  2.59629E-031  9.12968E-033  1.00000E-040  1.28586E-029  2.34990E-037  3.39940E-022  1.44643E-017  1.08259E-012  6.28540E-021  2.85709E-020  1.00000E-040  3.74482E-040  2.65171E-029  3.74678E-036  4.19761E-026  1.15976E-034  1.08266E-033  1.05204E-022  5.75391E-019  5.65697E-025  5.91219E-031  1.35687E-026  3.49704E-018  1.22848E-016  9.62971E-016  1.30289E-021  1.63343E-024  1.00000E-040  4.80184E-017  1.53481E-036  1.30249E-022  1.94513E-030  4.31293E-023  1.47163E-027  2.55951E-015  2.84542E-022  1.19617E-014  1.21358E-039  9.62445E-015  1.00000E-040  1.55473E-033  4.74264E-020  1.00000E-040  7.61412E-024  8.27889E-014  2.30399E-037  1.00000E-003  1.00000E-005  1.00000E-005  1.00000E-005  1.00000E-005  1.00000E-005  1.00000E-005  1.00000E-005  1.00000E-005  1.00000E-005  1.00000E-005  1.00000E-005  1.00000E-005  1.00000E-005  1.00000E-005  1.00000E-005  
5.65000E+001  3.94498E-004  1.07298E+016  2.66298E+002  1.74482E+005  1.00000E-040  1.00000E-040  1.00000E-040  1.00000E-040  1.00000E-040  1.00000E-040  1.00000E-040  1.00000E-040  1.00000E-040  1.00000E-040  1.00000E-040  1.00000E-040  1.00000E-040  1.00000E-040  2.27706E-023  1.00000E-040  1.00718E-040  1.83683E-011  1.36468E-007  1.68452E-005  2.16978E-009  2.67720E-007  2.11847E-001  2.83563E-009  2.82676E-004  3.42079E-019  5.18867E-012  1.00000E-040  2.06308E-033  2.06933E-023  7.92738E-015  3.50206E-008  5.26582E-021  1.14586E-032  1.00000E-040  1.00000E-040  1.00000E-040  5.87732E-020  7.15752E-019  9.15136E-015  1.76304E-012  1.83063E-036  1.00000E-040  1.09880E-023  6.21059E-031  3.54861E-011  4.75373E-014  7.87851E-001  4.05140E-021  1.68173E-022  4.19709E-022  6.11964E-036  9.72337E-039  2.46851E-027  3.50720E-023  2.06426E-008  2.59498E-017  1.66418E-010  1.18156E-016  1.09252E-008  1.76499E-011  1.95416E-006  1.35875E-010  1.98651E-014  2.54788E-014  3.51360E-011  3.33595E-012  5.33508E-011  2.83782E-031  9.09539E-033  1.00000E-040  1.08283E-029  1.56449E-037  3.39840E-022  1.11364E-017  9.43544E-013  4.35381E-021  2.00648E-020  1.00000E-040  1.33479E-040  2.60239E-029  4.93070E-036  4.12612E-026  1.22911E-034  6.65547E-034  6.93171E-023  4.98548E-019  5.00897E-025  3.87053E-031  1.50910E-026  3.68454E-018  9.88565E-017  8.28103E-016  1.36523E-021  9.93026E-025  1.00000E-040  5.45031E-017  1.05816E-036  8.59543E-023  1.94193E-030  4.24945E-023  6.93855E-028  1.64474E-015  3.03647E-022  1.32249E-014  7.17239E-040  9.52566E-015  1.00000E-040  1.76122E-033  3.36028E-020  1.00000E-040  7.46150E-024  7.70159E-014  1.63785E-037  1.00000E-003  1.00000E-005  1.00000E-005  1.00000E-005  1.00000E-005  1.00000E-005  1.00000E-005  1.00000E-005  1.00000E-005  1.00000E-005  1.00000E-005  1.00000E-005  1.00000E-005  1.00000E-005  1.00000E-005  1.00000E-005  
5.75000E+001  3.47672E-004  9.52647E+015  2.64335E+002  1.84483E+005  1.00000E-040  1.00000E-040  1.00000E-040  1.00000E-040  1.00000E-040  1.00000E-040  1.00000E-040  1.00000E-040  1.00000E-040  1.00000E-040  1.00000E-040  1.00000E-040  1.00000E-040  1.00000E-040  1.67407E-023  1.00000E-040  1.00797E-040  2.60014E-011  1.44420E-007  1.68274E-005  2.31474E-009  3.26795E-007  2.11837E-001  3.03768E-009  2.82615E-004  3.45259E-019  4.58366E-012  1.00000E-040  2.59616E-033  1.85966E-023  6.79999E-015  3.40337E-008  6.61827E-021  1.31614E-032  1.00000E-040  1.00000E-040  1.00000E-040  6.05019E-020  7.93737E-019  1.19649E-014  1.90872E-012  1.72986E-036  1.00000E-040  3.77282E-024  5.50983E-031  3.53601E-011  6.95807E-014  7.87861E-001  4.34108E-021  1.49288E-022  4.57002E-022  7.69028E-036  7.57182E-039  1.67116E-027  2.05015E-023  1.98627E-008  2.54657E-017  1.70763E-010  1.00416E-016  1.03910E-008  1.69403E-011  1.87638E-006  1.00618E-010  1.35476E-014  2.38754E-014  3.06200E-011  2.10980E-012  5.31564E-011  3.07929E-031  9.01299E-033  1.00000E-040  9.04708E-030  1.04025E-037  3.39734E-022  8.55949E-018  8.15908E-013  3.00330E-021  1.40414E-020  1.00000E-040  1.00000E-040  2.55495E-029  6.43215E-036  4.03530E-026  1.29215E-034  4.07272E-034  4.56028E-023  4.32937E-019  4.39461E-025  2.51897E-031  1.66246E-026  3.91019E-018  7.90245E-017  7.14904E-016  1.38801E-021  6.22211E-025  1.00000E-040  6.21353E-017  7.22953E-037  5.66198E-023  1.97542E-030  4.18462E-023  3.26511E-028  1.05370E-015  3.22166E-022  1.45550E-014  4.23651E-040  9.44003E-015  1.00000E-040  1.98978E-033  2.35101E-020  1.00000E-040  7.34566E-024  7.22831E-014  1.16403E-037  1.00000E-003  1.00000E-005  1.00000E-005  1.00000E-005  1.00000E-005  1.00000E-005  1.00000E-005  1.00000E-005  1.00000E-005  1.00000E-005  1.00000E-005  1.00000E-005  1.00000E-005  1.00000E-005  1.00000E-005  1.00000E-005  
5.85000E+001  3.06105E-004  8.46073E+015  2.62047E+002  1.94484E+005  1.00000E-040  1.00000E-040  1.00000E-040  1.00000E-040  1.00000E-040  1.00000E-040  1.00000E-040  1.00000E-040  1.00000E-040  1.00000E-040  1.00000E-040  1.00000E-040  1.00000E-040  1.00000E-040  1.20631E-023  1.00000E-040  1.00882E-040  3.64375E-011  1.53453E-007  1.68075E-005  2.46611E-009  3.97030E-007  2.11826E-001  3.32876E-009  2.82550E-004  3.46445E-019  4.06362E-012  1.00000E-040  3.18062E-033  1.64683E-023  5.77473E-015  3.31941E-008  8.31990E-021  1.52600E-032  1.00000E-040  1.00000E-040  1.00000E-040  6.25514E-020  8.84569E-019  1.57060E-014  2.06306E-012  1.62554E-036  1.00000E-040  1.34635E-024  4.72208E-031  3.52333E-011  1.00577E-013  7.87872E-001  4.57661E-021  1.29940E-022  4.87110E-022  2.93651E-036  5.92503E-039  1.13748E-027  1.20486E-023  1.90533E-008  2.49105E-017  1.74927E-010  8.51106E-017  9.89781E-009  1.62803E-011  1.80440E-006  7.42345E-011  9.17780E-015  2.23633E-014  2.66889E-011  1.33168E-012  5.29490E-011  3.31948E-031  8.93249E-033  1.00000E-040  7.56670E-030  6.69302E-038  3.39621E-022  6.59237E-018  7.00305E-013  2.06955E-021  9.82576E-021  1.00000E-040  1.00000E-040  2.50916E-029  8.31745E-036  3.94380E-026  1.33878E-034  2.49432E-034  2.99868E-023  3.70452E-019  3.78257E-025  1.63545E-031  1.76926E-026  4.22729E-018  6.30834E-017  6.21586E-016  1.38318E-021  4.00868E-025  1.00000E-040  7.30910E-017  5.00821E-037  3.72661E-023  2.01121E-030  4.11846E-023  1.55859E-028  6.74249E-016  3.42931E-022  1.59835E-014  2.43369E-040  9.36634E-015  1.00000E-040  2.23341E-033  1.61851E-020  1.00000E-040  7.11722E-024  6.83820E-014  8.31236E-038  1.00000E-003  1.00000E-005  1.00000E-005  1.00000E-005  1.00000E-005  1.00000E-005  1.00000E-005  1.00000E-005  1.00000E-005  1.00000E-005  1.00000E-005  1.00000E-005  1.00000E-005  1.00000E-005  1.00000E-005  1.00000E-005  
5.95000E+001  2.69202E-004  7.51302E+015  2.59526E+002  2.04485E+005  1.00000E-040  1.00000E-040  1.00000E-040  1.00000E-040  1.00000E-040  1.00000E-040  1.00000E-040  1.00000E-040  1.00000E-040  1.00000E-040  1.00000E-040  1.00000E-040  1.00000E-040  1.00000E-040  8.52716E-024  1.00000E-040  1.00973E-040  5.06976E-011  1.63624E-007  1.67853E-005  2.62468E-009  4.80716E-007  2.11814E-001  3.73619E-009  2.82480E-004  3.46320E-019  3.61588E-012  1.00000E-040  3.82139E-033  1.44274E-023  4.86929E-015  3.24762E-008  1.04703E-020  1.77728E-032  2.12145E-038  2.02486E-037  1.00000E-040  6.46632E-020  9.86038E-019  2.06118E-014  2.22692E-012  1.52280E-036  1.00000E-040  5.11233E-025  3.93892E-031  3.51046E-011  1.43484E-013  7.87884E-001  4.75974E-021  1.11381E-022  5.09879E-022  4.44864E-036  4.66823E-039  7.79562E-028  7.13585E-024  1.82222E-008  2.42745E-017  1.78946E-010  7.20296E-017  9.44136E-009  1.56598E-011  1.73641E-006  5.45707E-011  6.17805E-015  2.09387E-014  2.32469E-011  8.38744E-013  5.27273E-011  3.55736E-031  8.85144E-033  1.00000E-040  6.32678E-030  4.19161E-038  3.39499E-022  5.10612E-018  5.97654E-013  1.43031E-021  6.90305E-021  1.00000E-040  1.00000E-040  2.46483E-029  1.06867E-035  3.84963E-026  1.37220E-034  1.53433E-034  1.97854E-023  3.13167E-019  3.20973E-025  1.06272E-031  1.83230E-026  4.62136E-018  5.02781E-017  5.43633E-016  1.35304E-021  2.65030E-025  1.00000E-040  8.81614E-017  3.51490E-037  2.46044E-023  2.04891E-030  4.05098E-023  7.54400E-029  4.31012E-016  3.65761E-022  1.75175E-014  1.36590E-040  9.30322E-015  1.00000E-040  2.49538E-033  1.09921E-020  1.00000E-040  6.81900E-024  6.51506E-014  6.01813E-038  1.00000E-003  1.00000E-005  1.00000E-005  1.00000E-005  1.00000E-005  1.00000E-005  1.00000E-005  1.00000E-005  1.00000E-005  1.00000E-005  1.00000E-005  1.00000E-005  1.00000E-005  1.00000E-005  1.00000E-005  1.00000E-005  
6.05000E+001  2.36461E-004  6.66398E+015  2.57005E+002  2.14485E+005  1.00000E-040  1.00000E-040  1.00000E-040  1.00000E-040  1.00000E-040  1.00000E-040  1.00000E-040  1.00000E-040  1.00000E-040  1.00000E-040  1.00000E-040  1.00000E-040  1.00000E-040  1.00000E-040  5.92043E-024  1.00000E-040  1.01072E-040  7.03538E-011  1.75007E-007  1.67607E-005  2.78917E-009  5.81035E-007  2.11802E-001  4.29650E-009  2.82404E-004  3.46622E-019  3.23199E-012  1.00000E-040  4.56028E-033  1.25906E-023  4.09817E-015  3.18584E-008  1.32003E-020  2.06084E-032  1.38854E-038  1.30394E-037  1.00000E-040  6.63574E-020  1.09087E-018  2.68486E-014  2.40145E-012  1.42625E-036  1.00000E-040  2.18760E-025  3.26560E-031  3.49724E-011  2.00692E-013  7.87897E-001  4.93234E-021  9.52699E-023  5.28050E-022  5.30720E-036  3.69682E-039  5.36475E-028  4.26319E-024  1.73765E-008  2.35786E-017  1.82934E-010  6.12028E-017  9.01778E-009  1.50570E-011  1.66790E-006  4.00079E-011  4.13118E-015  1.95860E-014  2.01897E-011  5.26262E-013  5.24894E-011  3.79144E-031  8.74436E-033  1.00000E-040  5.25854E-030  2.61026E-038  3.39368E-022  3.98928E-018  5.08169E-013  9.95259E-022  4.88601E-021  1.00000E-040  1.00000E-040  2.42177E-029  1.36697E-035  3.74338E-026  1.40050E-034  9.50528E-035  1.31631E-023  2.64416E-019  2.71143E-025  6.92689E-032  1.88147E-026  5.05110E-018  3.99072E-017  4.76879E-016  1.29709E-021  1.79444E-025  1.00000E-040  1.07776E-016  2.47267E-037  1.63766E-023  2.10118E-030  3.98210E-023  3.68082E-029  2.75188E-016  3.88905E-022  1.91424E-014  1.00000E-040  9.24929E-015  1.00000E-040  2.78548E-033  7.40342E-021  1.00000E-040  6.55094E-024  6.24588E-014  4.50128E-038  1.00000E-003  1.00000E-005  1.00000E-005  1.00000E-005  1.00000E-005  1.00000E-005  1.00000E-005  1.00000E-005  1.00000E-005  1.00000E-005  1.00000E-005  1.00000E-005  1.00000E-005  1.00000E-005  1.00000E-005  1.00000E-005  
6.15000E+001  2.07432E-004  5.90928E+015  2.54248E+002  2.24486E+005  1.00000E-040  1.00000E-040  1.00000E-040  1.00000E-040  1.00000E-040  1.00000E-040  1.00000E-040  1.00000E-040  1.00000E-040  1.00000E-040  1.00000E-040  1.00000E-040  1.00000E-040  1.00000E-040  4.03967E-024  1.00000E-040  1.01179E-040  9.71062E-011  1.87691E-007  1.67336E-005  2.96360E-009  7.00518E-007  2.11788E-001  5.05605E-009  2.82322E-004  3.45576E-019  2.89693E-012  1.00000E-040  5.35660E-033  1.08922E-023  3.42944E-015  3.13226E-008  1.66752E-020  2.39281E-032  1.00000E-040  1.00000E-040  1.00000E-040  6.78216E-020  1.20337E-018  3.48592E-014  2.58764E-012  1.33504E-036  1.00000E-040  1.18070E-025  2.63142E-031  3.48353E-011  2.78296E-013  7.87910E-001  5.02858E-021  8.01238E-023  5.37862E-022  4.84926E-036  2.96311E-039  3.73612E-028  2.57970E-024  1.65233E-008  2.27990E-017  1.86769E-010  5.18035E-017  8.62373E-009  1.44906E-011  1.60353E-006  2.92226E-011  2.74814E-015  1.83144E-014  1.75199E-011  3.29374E-013  5.22333E-011  4.02102E-031  8.64436E-033  1.00000E-040  4.37239E-030  1.57811E-038  3.39227E-022  3.15124E-018  4.30563E-013  6.98521E-022  3.49204E-021  1.00000E-040  1.00000E-040  2.37982E-029  1.74156E-035  3.63828E-026  1.41546E-034  5.94928E-035  8.82987E-024  2.20044E-019  2.26203E-025  4.53995E-032  1.87807E-026  5.55063E-018  3.16482E-017  4.20444E-016  1.22654E-021  1.24149E-025  1.00000E-040  1.34816E-016  1.77393E-037  1.09880E-023  2.14209E-030  3.91177E-023  1.83060E-029  1.75640E-016  4.15012E-022  2.08949E-014  1.00000E-040  9.20329E-015  1.00000E-040  3.09744E-033  4.92910E-021  1.00000E-040  6.21049E-024  6.02041E-014  3.61988E-038  1.00000E-003  1.00000E-005  1.00000E-005  1.00000E-005  1.00000E-005  1.00000E-005  1.00000E-005  1.00000E-005  1.00000E-005  1.00000E-005  1.00000E-005  1.00000E-005  1.00000E-005  1.00000E-005  1.00000E-005  1.00000E-005  
6.25000E+001  1.81707E-004  5.23622E+015  2.51346E+002  2.34487E+005  1.00000E-040  1.00000E-040  1.00000E-040  1.00000E-040  1.00000E-040  1.00000E-040  1.00000E-040  1.00000E-040  1.00000E-040  1.00000E-040  1.00000E-040  1.00000E-040  1.00000E-040  1.00000E-040  2.70938E-024  1.00000E-040  1.01294E-040  1.33645E-010  2.01777E-007  1.67038E-005  3.14885E-009  8.43365E-007  2.11773E-001  6.07522E-009  2.82232E-004  3.43922E-019  2.60424E-012  1.00000E-040  6.22994E-033  9.36861E-024  2.85938E-015  3.08539E-008  2.11125E-020  2.76711E-032  1.86841E-038  1.73869E-037  1.00000E-040  6.87485E-020  1.31755E-018  4.49272E-014  2.78676E-012  1.25019E-036  1.00000E-040  8.86415E-026  2.07692E-031  3.46918E-011  3.81940E-013  7.87925E-001  5.05719E-021  6.65637E-023  5.40617E-022  5.02712E-036  2.40574E-039  2.63377E-028  1.58247E-024  1.56700E-008  2.19573E-017  1.90514E-010  4.35694E-017  8.25648E-009  1.39536E-011  1.54174E-006  2.12749E-011  1.81886E-015  1.71163E-014  1.51798E-011  2.05609E-013  5.19572E-011  4.24552E-031  8.54642E-033  1.00000E-040  3.63110E-030  9.32011E-039  3.39073E-022  2.52180E-018  3.63899E-013  4.95614E-022  2.52557E-021  1.00000E-040  1.00000E-040  2.33883E-029  2.21320E-035  3.53177E-026  1.41926E-034  3.76901E-035  5.98693E-024  1.81160E-019  1.87107E-025  2.99820E-032  1.83466E-026  6.09308E-018  2.50407E-017  3.72006E-016  1.14379E-021  8.75940E-026  1.00000E-040  1.70154E-016  1.29475E-037  7.45033E-024  2.17474E-030  3.83989E-023  9.26206E-030  1.12009E-016  4.43772E-022  2.27826E-014  1.00000E-040  9.16402E-015  1.00000E-040  3.43700E-033  3.24952E-021  1.00000E-040  5.83881E-024  5.83041E-014  3.34184E-038  1.00000E-003  1.00000E-005  1.00000E-005  1.00000E-005  1.00000E-005  1.00000E-005  1.00000E-005  1.00000E-005  1.00000E-005  1.00000E-005  1.00000E-005  1.00000E-005  1.00000E-005  1.00000E-005  1.00000E-005  1.00000E-005  
6.35000E+001  1.58935E-004  4.63348E+015  2.48444E+002  2.44487E+005  1.00000E-040  1.00000E-040  1.00000E-040  1.00000E-040  1.00000E-040  1.00000E-040  1.00000E-040  1.00000E-040  1.00000E-040  1.00000E-040  1.00000E-040  1.00000E-040  1.00000E-040  1.00000E-040  1.78704E-024  1.00000E-040  1.01420E-040  1.83939E-010  2.17390E-007  1.66710E-005  3.34456E-009  1.01497E-006  2.11757E-001  7.43189E-009  2.82135E-004  3.42763E-019  2.34870E-012  1.00000E-040  7.23090E-033  8.04470E-024  2.38258E-015  3.04391E-008  2.67937E-020  3.17051E-032  1.00000E-040  1.00000E-040  1.00000E-040  6.88243E-020  1.42581E-018  5.72581E-014  3.00043E-012  1.17268E-036  1.00000E-040  8.85316E-026  1.62766E-031  3.45401E-011  5.16681E-013  7.87941E-001  5.04664E-021  5.50924E-023  5.39532E-022  3.50259E-036  1.97582E-039  1.87552E-028  9.84305E-025  1.48237E-008  2.10821E-017  1.94268E-010  3.64078E-017  7.91349E-009  1.34326E-011  1.47988E-006  1.54526E-011  1.19766E-015  1.59795E-014  1.31137E-011  1.27892E-013  5.16583E-011  4.46373E-031  8.43304E-033  1.00000E-040  2.99987E-030  5.45251E-039  3.38906E-022  2.04723E-018  3.07166E-013  3.56162E-022  1.85130E-021  1.00000E-040  1.00000E-040  2.29866E-029  2.80826E-035  3.41833E-026  1.41581E-034  2.42006E-035  4.11404E-024  1.48645E-019  1.54371E-025  1.99741E-032  1.77414E-026  6.63968E-018  1.97176E-017  3.29613E-016  1.05061E-021  6.28959E-026  1.00000E-040  2.12842E-016  9.54472E-038  5.11911E-024  2.20905E-030  3.76631E-023  4.74748E-030  7.13352E-017  4.73962E-022  2.47971E-014  1.00000E-040  9.13031E-015  1.00000E-040  3.81459E-033  2.12819E-021  1.00000E-040  5.49266E-024  5.66915E-014  3.77042E-038  1.00000E-003  1.00000E-005  1.00000E-005  1.00000E-005  1.00000E-005  1.00000E-005  1.00000E-005  1.00000E-005  1.00000E-005  1.00000E-005  1.00000E-005  1.00000E-005  1.00000E-005  1.00000E-005  1.00000E-005  1.00000E-005  
6.45000E+001  1.38802E-004  4.09471E+015  2.45522E+002  2.54488E+005  1.00000E-040  1.00000E-040  1.00000E-040  1.00000E-040  1.00000E-040  1.00000E-040  1.00000E-040  1.00000E-040  1.00000E-040  1.00000E-040  1.00000E-040  1.00000E-040  1.00000E-040  1.00000E-040  1.15960E-024  1.00000E-040  1.01558E-040  2.53261E-010  2.34676E-007  1.66350E-005  3.55272E-009  1.22132E-006  2.11739E-001  9.22445E-009  2.82028E-004  3.41980E-019  2.12419E-012  1.00000E-040  8.37766E-033  6.89647E-024  1.98371E-015  3.00673E-008  3.40779E-020  3.59778E-032  1.00000E-040  1.00000E-040  1.00000E-040  6.80095E-020  1.52481E-018  7.21518E-014  3.23046E-012  1.10189E-036  1.00000E-040  1.03484E-025  1.26402E-031  3.43787E-011  6.90304E-013  7.87959E-001  4.98651E-021  4.53571E-023  5.35206E-022  3.70413E-036  1.64360E-039  1.35077E-028  6.21376E-025  1.39913E-008  2.01852E-017  1.98047E-010  3.01313E-017  7.59246E-009  1.29293E-011  1.41859E-006  1.12016E-011  7.85207E-016  1.49022E-014  1.12971E-011  7.92770E-014  5.13341E-011  4.67507E-031  8.30760E-033  1.00000E-040  2.46684E-030  3.15334E-039  3.38724E-022  1.68730E-018  2.59106E-013  2.59449E-022  1.37657E-021  1.00000E-040  1.00000E-040  2.25913E-029  3.56008E-035  3.30055E-026  1.40286E-034  1.57676E-035  2.86662E-024  1.21379E-019  1.26998E-025  1.34330E-032  1.69354E-026  7.17791E-018  1.54446E-017  2.92379E-016  9.51871E-022  4.58585E-026  1.00000E-040  2.60969E-016  7.12392E-038  3.56618E-024  2.24122E-030  3.69084E-023  2.46904E-030  4.53683E-017  5.06168E-022  2.69531E-014  1.00000E-040  9.10116E-015  1.00000E-040  4.23457E-033  1.38522E-021  1.00000E-040  5.16074E-024  5.53112E-014  5.20388E-038  1.00000E-003  1.00000E-005  1.00000E-005  1.00000E-005  1.00000E-005  1.00000E-005  1.00000E-005  1.00000E-005  1.00000E-005  1.00000E-005  1.00000E-005  1.00000E-005  1.00000E-005  1.00000E-005  1.00000E-005  1.00000E-005  
6.55000E+001  1.21027E-004  3.61379E+015  2.42570E+002  2.64488E+005  1.00000E-040  1.00000E-040  1.00000E-040  1.00000E-040  1.00000E-040  1.00000E-040  1.00000E-040  1.00000E-040  1.00000E-040  1.00000E-040  1.00000E-040  1.00000E-040  1.00000E-040  1.00000E-040  7.40397E-025  1.00000E-040  1.01708E-040  3.49081E-010  2.53807E-007  1.65954E-005  3.77587E-009  1.47001E-006  2.11720E-001  1.15764E-008  2.81910E-004  3.41564E-019  1.92596E-012  1.00000E-040  9.69759E-033  5.90392E-024  1.65026E-015  2.97291E-008  4.34253E-020  4.03917E-032  1.00000E-040  1.00000E-040  1.00000E-040  6.63150E-020  1.61101E-018  8.98775E-014  3.47891E-012  1.03701E-036  1.00000E-040  1.29351E-025  9.71688E-032  3.42055E-011  9.12084E-013  7.87978E-001  4.87256E-021  3.71074E-023  5.27954E-022  2.72927E-036  1.38622E-039  9.84773E-029  3.98270E-025  1.31792E-008  1.92810E-017  2.01889E-010  2.47047E-017  7.29140E-009  1.24474E-011  1.35842E-006  8.10826E-012  5.12990E-016  1.38855E-014  9.70773E-012  4.90007E-014  5.09812E-011  4.87974E-031  8.17560E-033  1.00000E-040  2.02064E-030  1.79899E-039  3.38524E-022  1.41231E-018  2.18508E-013  1.91655E-022  1.03871E-021  1.00000E-040  1.00000E-040  2.22012E-029  4.51247E-035  3.18059E-026  1.37799E-034  1.04321E-035  2.02565E-024  9.85473E-020  1.04187E-025  9.12492E-033  1.59184E-026  7.69230E-018  1.20240E-017  2.59546E-016  8.51364E-022  3.38742E-026  1.00000E-040  3.11476E-016  5.39294E-038  2.51918E-024  2.26891E-030  3.61326E-023  1.30375E-030  2.88065E-017  5.41023E-022  2.92699E-014  1.00000E-040  9.07567E-015  1.00000E-040  4.70259E-033  8.96220E-022  1.00000E-040  4.83756E-024  5.41181E-014  8.24845E-038  1.00000E-003  1.00000E-005  1.00000E-005  1.00000E-005  1.00000E-005  1.00000E-005  1.00000E-005  1.00000E-005  1.00000E-005  1.00000E-005  1.00000E-005  1.00000E-005  1.00000E-005  1.00000E-005  1.00000E-005  1.00000E-005  
6.65000E+001  1.05356E-004  3.18461E+015  2.39618E+002  2.74489E+005  1.00000E-040  1.00000E-040  1.00000E-040  1.00000E-040  1.00000E-040  1.00000E-040  1.00000E-040  1.00000E-040  1.00000E-040  1.00000E-040  1.00000E-040  1.00000E-040  1.00000E-040  1.00000E-040  4.65265E-025  1.00000E-040  1.01874E-040  4.82252E-010  2.74981E-007  1.65517E-005  4.01622E-009  1.77068E-006  2.11699E-001  1.46424E-008  2.81781E-004  3.41792E-019  1.75033E-012  1.00000E-040  1.13014E-032  5.05330E-024  1.37265E-015  2.94166E-008  5.54293E-020  4.48233E-032  1.00000E-040  1.00000E-040  1.00000E-040  6.37935E-020  1.68113E-018  1.10658E-013  3.74822E-012  9.77552E-037  1.00000E-040  1.65950E-025  7.41691E-032  3.40187E-011  1.19144E-012  7.88000E-001  4.71467E-021  3.02186E-023  5.18654E-022  3.45319E-036  1.18533E-039  7.26481E-029  2.59134E-025  1.23934E-008  1.83878E-017  2.05867E-010  2.01647E-017  7.00852E-009  1.19883E-011  1.29908E-006  5.86558E-012  3.34207E-016  1.29296E-014  8.32142E-012  3.02170E-014  5.05962E-011  5.07799E-031  8.03784E-033  1.00000E-040  1.64813E-030  1.01463E-039  3.38305E-022  1.20040E-018  1.84293E-013  1.43577E-022  7.95353E-022  1.00000E-040  1.00000E-040  2.18145E-029  5.72286E-035  3.05851E-026  1.34013E-034  7.01137E-036  1.45188E-024  7.96732E-020  8.53696E-026  6.26271E-033  1.47414E-026  8.16398E-018  9.28890E-018  2.30388E-016  7.51750E-022  2.52895E-026  1.00000E-040  3.60941E-016  4.13607E-038  1.80491E-024  2.29431E-030  3.53334E-023  6.98203E-031  1.82540E-017  5.78652E-022  3.17594E-014  1.00000E-040  9.05308E-015  1.00000E-040  5.22823E-033  5.76850E-022  1.00000E-040  4.53220E-024  5.30752E-014  1.40236E-037  1.00000E-003  1.00000E-005  1.00000E-005  1.00000E-005  1.00000E-005  1.00000E-005  1.00000E-005  1.00000E-005  1.00000E-005  1.00000E-005  1.00000E-005  1.00000E-005  1.00000E-005  1.00000E-005  1.00000E-005  1.00000E-005  
6.75000E+001  9.15600E-005  2.80213E+015  2.36665E+002  2.84489E+005  1.00000E-040  1.00000E-040  1.00000E-040  1.00000E-040  1.00000E-040  1.00000E-040  1.00000E-040  1.00000E-040  1.00000E-040  1.00000E-040  1.00000E-040  1.00000E-040  1.00000E-040  1.00000E-040  2.87814E-025  1.00000E-040  1.02056E-040  6.68187E-010  2.98428E-007  1.65037E-005  4.27690E-009  2.13508E-006  2.11675E-001  1.86146E-008  2.81638E-004  3.42706E-019  1.59410E-012  1.26422E-040  1.63452E-032  4.32624E-024  1.14166E-015  2.91226E-008  7.08523E-020  4.91668E-032  1.00000E-040  1.00000E-040  1.00000E-040  6.05784E-020  1.73368E-018  1.34732E-013  4.04118E-012  9.22981E-037  1.00000E-040  2.14949E-025  5.63336E-032  3.38159E-011  1.53966E-012  7.88023E-001  4.51550E-021  2.44879E-023  5.07636E-022  3.92701E-036  1.02797E-039  5.42383E-029  1.71121E-025  1.16392E-008  1.75196E-017  2.10041E-010  1.64750E-017  6.74222E-009  1.15559E-011  1.24079E-006  4.24421E-012  2.17335E-016  1.20362E-014  7.11796E-012  1.86068E-014  5.01750E-011  5.26983E-031  7.89820E-033  1.00000E-040  1.33910E-030  5.65289E-040  3.38064E-022  1.03554E-018  1.55492E-013  1.09043E-022  6.17779E-022  1.00000E-040  1.00000E-040  2.14298E-029  7.26697E-035  2.93551E-026  1.28759E-034  4.78784E-036  1.05503E-024  6.41272E-020  6.98925E-026  4.34313E-033  1.34083E-026  8.58271E-018  7.11141E-018  2.04409E-016  6.55578E-022  1.90351E-026  4.16207E-040  4.06590E-016  3.21568E-038  1.31097E-024  2.31686E-030  3.45079E-023  3.79185E-031  1.15416E-017  6.19685E-022  3.44394E-014  1.00000E-040  9.03270E-015  1.00000E-040  5.82084E-033  3.69487E-022  1.00000E-040  4.24256E-024  5.21512E-014  2.45214E-037  1.00000E-003  1.00000E-005  1.00000E-005  1.00000E-005  1.00000E-005  1.00000E-005  1.00000E-005  1.00000E-005  1.00000E-005  1.00000E-005  1.00000E-005  1.00000E-005  1.00000E-005  1.00000E-005  1.00000E-005  1.00000E-005  
6.85000E+001  7.94329E-005  2.46199E+015  2.33685E+002  2.94489E+005  1.00000E-040  1.00000E-040  1.00000E-040  1.00000E-040  1.00000E-040  1.00000E-040  1.00000E-040  1.00000E-040  1.00000E-040  1.00000E-040  1.00000E-040  1.00000E-040  1.00000E-040  1.00000E-040  1.75308E-025  1.00000E-040  1.02258E-040  9.28762E-010  3.24408E-007  1.64507E-005  4.56218E-009  2.57750E-006  2.11649E-001  2.37310E-008  2.81479E-004  3.44167E-019  1.45465E-012  2.33923E-040  1.29039E-031  3.70386E-024  9.49120E-016  2.88411E-008  9.06683E-020  5.33304E-032  1.00000E-040  1.00000E-040  1.00000E-040  5.68427E-020  1.76830E-018  1.62340E-013  4.36097E-012  8.72792E-037  1.00000E-040  2.79103E-025  4.66173E-032  3.35949E-011  1.97070E-012  7.88049E-001  4.27180E-021  1.97041E-023  4.94851E-022  2.52967E-036  9.05511E-040  4.10360E-029  1.14661E-025  1.09217E-008  1.66873E-017  2.14465E-010  1.35377E-017  6.49110E-009  1.11555E-011  1.18404E-006  3.07440E-012  1.41247E-016  1.12079E-014  6.07925E-012  1.14553E-014  4.97130E-011  5.45459E-031  7.76311E-033  1.00000E-040  1.08489E-030  3.09960E-040  3.37798E-022  9.05954E-019  1.31265E-013  8.38990E-023  4.86455E-022  1.00000E-040  1.00000E-040  2.10454E-029  9.24630E-035  2.81351E-026  1.21899E-034  3.32190E-036  7.76440E-025  5.12912E-020  5.71358E-026  3.04531E-033  1.18988E-026  8.94446E-018  5.39001E-018  1.81254E-016  5.64908E-022  1.44080E-026  2.13831E-039  4.46672E-016  2.54187E-038  9.64303E-025  2.33345E-030  3.36529E-023  2.08984E-031  7.28105E-018  6.65358E-022  3.73356E-014  1.00000E-040  9.01393E-015  1.00000E-040  6.48929E-033  2.35464E-022  1.00000E-040  3.95949E-024  5.13201E-014  4.32232E-037  1.00000E-003  1.00000E-005  1.00000E-005  1.00000E-005  1.00000E-005  1.00000E-005  1.00000E-005  1.00000E-005  1.00000E-005  1.00000E-005  1.00000E-005  1.00000E-005  1.00000E-005  1.00000E-005  1.00000E-005  1.00000E-005  
6.95000E+001  6.87894E-005  2.15964E+015  2.30705E+002  3.04490E+005  1.00000E-040  1.00000E-040  1.00000E-040  1.00000E-040  1.00000E-040  1.00000E-040  1.00000E-040  1.00000E-040  1.00000E-040  1.00000E-040  1.00000E-040  1.00000E-040  1.00000E-040  1.00000E-040  1.05211E-025  1.00000E-040  1.02481E-040  1.29637E-009  3.53225E-007  1.63920E-005  4.87590E-009  3.11604E-006  2.11620E-001  3.02850E-008  2.81302E-004  3.46380E-019  1.32976E-012  4.07857E-039  2.62263E-030  3.17532E-024  7.89136E-016  2.85664E-008  1.16153E-019  5.72490E-032  1.00000E-040  1.00000E-040  1.00000E-040  5.27698E-020  1.78583E-018  1.93742E-013  4.71120E-012  8.27532E-037  1.00000E-040  3.61911E-025  1.32384E-031  3.33528E-011  2.49657E-012  7.88077E-001  3.99504E-021  1.57687E-023  4.81123E-022  2.49618E-036  8.16755E-040  3.17131E-029  7.79219E-026  1.02451E-008  1.59064E-017  2.19248E-010  1.12397E-017  6.25387E-009  1.07898E-011  1.12832E-006  2.23234E-012  9.18392E-017  1.04471E-014  5.18556E-012  7.05871E-015  4.92051E-011  5.63042E-031  7.63330E-033  1.00000E-040  8.75945E-031  1.67571E-040  3.37504E-022  8.02943E-019  1.10906E-013  6.53518E-023  3.88006E-022  1.96304E-040  1.00000E-040  2.06597E-029  1.17972E-034  2.69178E-026  1.13662E-034  2.34194E-036  5.78395E-025  4.08286E-020  4.67090E-026  2.17951E-033  1.02813E-026  9.24605E-018  4.03736E-018  1.60512E-016  4.80872E-022  1.09381E-026  9.93530E-039  4.80416E-016  2.05755E-038  7.17933E-025  2.34686E-030  3.27649E-023  1.16761E-031  4.58192E-018  7.16104E-022  4.04563E-014  1.00000E-040  8.99625E-015  1.00000E-040  7.24954E-033  1.49463E-022  1.00000E-040  3.69116E-024  5.05596E-014  7.61514E-037  1.00000E-003  1.00000E-005  1.00000E-005  1.00000E-005  1.00000E-005  1.00000E-005  1.00000E-005  1.00000E-005  1.00000E-005  1.00000E-005  1.00000E-005  1.00000E-005  1.00000E-005  1.00000E-005  1.00000E-005  1.00000E-005  
7.05000E+001  5.94632E-005  1.89127E+015  2.27725E+002  3.14490E+005  1.00000E-040  1.00000E-040  1.00000E-040  1.00000E-040  1.00000E-040  1.00000E-040  1.00000E-040  1.00000E-040  1.00000E-040  1.00000E-040  1.00000E-040  1.00000E-040  1.00000E-040  1.00000E-040  6.22943E-026  1.00000E-040  1.02730E-040  1.81796E-009  3.85226E-007  1.63272E-005  5.22326E-009  3.77247E-006  2.11588E-001  3.86384E-008  2.81106E-004  3.49318E-019  1.21746E-012  8.38214E-038  4.11777E-029  2.74070E-024  6.56233E-016  2.82933E-008  1.48960E-019  6.09093E-032  1.00000E-040  1.00000E-040  1.00000E-040  4.85553E-020  1.78840E-018  2.29257E-013  5.09603E-012  7.94317E-037  1.00000E-040  4.67572E-025  1.60237E-030  3.30867E-011  3.13025E-012  7.88109E-001  3.69070E-021  1.25475E-023  4.67314E-022  4.14824E-036  8.09786E-040  2.69327E-029  5.37423E-026  9.61293E-009  1.51890E-017  2.24502E-010  9.44823E-018  6.02937E-009  1.04625E-011  1.07342E-006  1.62696E-012  5.98236E-017  9.76012E-015  4.41908E-012  4.35880E-015  4.86452E-011  5.79394E-031  7.50954E-033  1.00000E-040  7.04592E-031  1.00000E-040  3.37177E-022  7.20048E-019  9.38178E-014  5.14901E-023  3.13202E-022  4.19290E-040  1.00000E-040  2.02709E-029  1.51062E-034  2.57045E-026  1.05348E-034  1.67940E-036  4.35716E-025  3.23410E-020  3.82644E-026  1.74171E-033  8.60585E-027  9.49283E-018  2.98539E-018  1.41897E-016  4.04370E-022  8.30569E-027  4.19550E-038  5.07882E-016  1.83573E-038  5.40497E-025  2.35719E-030  3.18397E-023  6.61981E-032  2.87635E-018  7.72981E-022  4.38107E-014  1.00000E-040  8.97916E-015  1.00000E-040  8.11879E-033  9.50058E-023  1.00000E-040  3.43706E-024  4.98503E-014  1.33647E-036  1.00000E-003  1.00000E-005  1.00000E-005  1.00000E-005  1.00000E-005  1.00000E-005  1.00000E-005  1.00000E-005  1.00000E-005  1.00000E-005  1.00000E-005  1.00000E-005  1.00000E-005  1.00000E-005  1.00000E-005  1.00000E-005  
7.15000E+001  5.13065E-005  1.65277E+015  2.24842E+002  3.24490E+005  1.00000E-040  1.00000E-040  1.00000E-040  1.00000E-040  1.00000E-040  1.00000E-040  1.00000E-040  1.00000E-040  1.00000E-040  1.00000E-040  1.00000E-040  1.00000E-040  1.00000E-040  1.00000E-040  3.64918E-026  1.00000E-040  1.03007E-040  2.56619E-009  4.20818E-007  1.62552E-005  5.60762E-009  4.57445E-006  2.11553E-001  4.92371E-008  2.80885E-004  3.53522E-019  1.11562E-012  1.28259E-036  4.68187E-028  2.54006E-024  5.46688E-016  2.80170E-008  1.91362E-019  6.44271E-032  1.00000E-040  1.00000E-040  1.00000E-040  4.43956E-020  1.78060E-018  2.69477E-013  5.52002E-012  8.41982E-037  1.00000E-040  6.00873E-025  1.77853E-029  3.27931E-011  3.87486E-012  7.88144E-001  3.38693E-021  1.00013E-023  4.55382E-022  2.98026E-036  1.25658E-039  3.61648E-029  3.80108E-026  9.02812E-009  1.45560E-017  2.30468E-010  8.05028E-018  5.81649E-009  1.01761E-011  1.01753E-006  1.19251E-012  3.90767E-017  9.16077E-015  3.76173E-012  2.69946E-015  4.80265E-011  5.94029E-031  7.38526E-033  1.00000E-040  5.62952E-031  1.00000E-040  3.36813E-022  6.52423E-019  7.94969E-014  4.10129E-023  2.55611E-022  8.70724E-040  1.00000E-040  1.98768E-029  1.94260E-034  2.44554E-026  1.06746E-034  1.23884E-036  3.32090E-025  2.56573E-020  3.22266E-026  2.48584E-033  7.03236E-027  9.69445E-018  2.17471E-018  1.25017E-016  3.35836E-022  6.28955E-027  1.61802E-037  5.29649E-016  2.58652E-038  4.11698E-025  2.37642E-030  3.08724E-023  3.83807E-032  1.80054E-018  8.34767E-022  4.73553E-014  1.00000E-040  8.96224E-015  1.00000E-040  9.13239E-033  6.31887E-023  1.00000E-040  3.22277E-024  4.91750E-014  2.33378E-036  1.00000E-003  1.00000E-005  1.00000E-005  1.00000E-005  1.00000E-005  1.00000E-005  1.00000E-005  1.00000E-005  1.00000E-005  1.00000E-005  1.00000E-005  1.00000E-005  1.00000E-005  1.00000E-005  1.00000E-005  1.00000E-005  
7.25000E+001  4.41869E-005  1.44162E+015  2.22003E+002  3.34491E+005  1.00000E-040  1.00000E-040  1.00000E-040  1.00000E-040  1.00000E-040  1.00000E-040  1.00000E-040  1.00000E-040  1.00000E-040  1.00000E-040  1.00000E-040  1.00000E-040  1.00000E-040  1.00000E-040  2.12338E-026  1.00000E-040  1.03316E-040  3.64465E-009  4.60472E-007  1.61751E-005  6.03823E-009  5.55243E-006  2.11513E-001  6.26272E-008  2.80638E-004  3.58477E-019  1.02280E-012  1.47846E-035  3.97874E-027  3.73149E-024  4.55842E-016  2.77325E-008  2.46213E-019  6.79045E-032  1.00000E-040  1.00000E-040  1.00000E-040  4.04504E-020  1.76584E-018  3.14871E-013  5.98865E-012  1.49996E-036  1.00000E-040  7.67506E-025  1.49275E-028  3.24679E-011  4.74408E-012  7.88183E-001  3.07842E-021  7.95369E-024  4.45227E-022  2.62382E-036  4.37275E-039  1.09494E-028  3.01489E-026  8.49242E-009  1.40151E-017  2.37321E-010  6.93649E-018  5.61417E-009  9.94524E-012  9.61208E-007  8.80408E-013  2.56501E-017  8.68426E-015  3.20103E-012  1.68000E-015  4.73411E-011  6.06341E-031  7.26840E-033  1.00000E-040  4.47223E-031  1.00000E-040  3.36408E-022  5.96420E-019  6.75063E-014  3.29985E-023  2.10758E-022  1.76035E-039  1.00000E-040  1.94751E-029  2.51227E-034  2.31905E-026  1.80971E-034  1.02832E-036  2.55739E-025  2.03209E-020  3.30843E-026  8.85234E-033  5.56435E-027  9.86963E-018  1.56240E-018  1.09797E-016  2.75768E-022  4.73470E-027  5.72917E-037  5.46578E-016  8.23139E-038  3.16836E-025  2.39946E-030  2.98577E-023  2.49528E-032  1.12466E-018  9.03942E-022  5.10854E-014  1.00000E-040  8.94506E-015  1.00000E-040  1.03156E-032  5.57387E-023  1.00000E-040  3.03177E-024  4.85184E-014  4.05333E-036  1.00000E-003  1.00000E-005  1.00000E-005  1.00000E-005  1.00000E-005  1.00000E-005  1.00000E-005  1.00000E-005  1.00000E-005  1.00000E-005  1.00000E-005  1.00000E-005  1.00000E-005  1.00000E-005  1.00000E-005  1.00000E-005  
7.35000E+001  3.79838E-005  1.25530E+015  2.19164E+002  3.44491E+005  1.00000E-040  1.00000E-040  1.00000E-040  1.00000E-040  1.00000E-040  1.00000E-040  1.00000E-040  1.00000E-040  1.00000E-040  1.00000E-040  1.00000E-040  1.00000E-040  1.00000E-040  1.00000E-040  1.23563E-026  1.00000E-040  1.03664E-040  5.20770E-009  5.04720E-007  1.60858E-005  6.52838E-009  6.74041E-006  2.11468E-001  7.94737E-008  2.80359E-004  3.63626E-019  9.37748E-013  1.32463E-034  2.61497E-026  1.34295E-023  3.80233E-016  2.74350E-008  3.17174E-019  7.14972E-032  1.00000E-040  1.00000E-040  1.00000E-040  3.68654E-020  1.74785E-018  3.65768E-013  6.50826E-012  6.08958E-036  1.00000E-040  9.73603E-025  9.69352E-028  3.21067E-011  5.75162E-012  7.88227E-001  2.76732E-021  6.28815E-024  4.37568E-022  2.70264E-036  2.10799E-038  4.53976E-028  3.85769E-026  8.00704E-009  1.35808E-017  2.45389E-010  6.03246E-018  5.42149E-009  9.79279E-012  9.04529E-007  6.56026E-013  1.69614E-017  8.39997E-015  2.72449E-012  1.05338E-015  4.65801E-011  6.15569E-031  7.16675E-033  1.00000E-040  3.53432E-031  1.00000E-040  3.35954E-022  5.49273E-019  5.74922E-014  2.68118E-023  1.75524E-022  3.46761E-039  1.00000E-040  1.90636E-029  3.27516E-034  2.19169E-026  6.64424E-034  1.38265E-036  1.98843E-025  1.60314E-020  6.86942E-026  4.06275E-032  4.23732E-027  1.00406E-017  1.10944E-018  9.61266E-017  2.24144E-022  3.53121E-027  1.87014E-036  5.59556E-016  3.60433E-037  2.46159E-025  2.42281E-030  2.87896E-023  2.62455E-032  7.01765E-019  9.83821E-022  5.49685E-014  1.00000E-040  8.92727E-015  1.00000E-040  1.17057E-032  1.01098E-022  1.00000E-040  2.85356E-024  4.78664E-014  7.00056E-036  1.00000E-003  1.00000E-005  1.00000E-005  1.00000E-005  1.00000E-005  1.00000E-005  1.00000E-005  1.00000E-005  1.00000E-005  1.00000E-005  1.00000E-005  1.00000E-005  1.00000E-005  1.00000E-005  1.00000E-005  1.00000E-005  
7.45000E+001  3.25911E-005  1.09003E+015  2.16559E+002  3.54491E+005  1.00000E-040  1.00000E-040  1.00000E-040  1.00000E-040  1.00000E-040  1.00000E-040  1.00000E-040  1.00000E-040  1.00000E-040  1.00000E-040  1.00000E-040  1.00000E-040  1.00000E-040  1.00000E-040  7.27945E-027  1.00000E-040  1.04054E-040  7.51370E-009  5.54190E-007  1.59859E-005  7.08315E-009  8.17772E-006  2.11418E-001  1.00602E-007  2.80044E-004  3.69857E-019  8.57761E-013  9.62049E-034  1.37580E-025  6.54324E-023  3.18411E-016  2.71194E-008  4.09864E-019  7.58804E-032  1.00000E-040  1.00000E-040  1.00000E-040  3.38417E-020  1.73781E-018  4.23730E-013  7.08514E-012  3.15767E-035  1.00000E-040  1.22500E-024  5.05414E-027  3.17041E-011  6.88366E-012  7.88276E-001  2.50461E-021  5.04056E-024  4.37386E-022  1.68155E-036  9.75771E-038  1.79378E-027  9.88458E-026  7.57261E-009  1.32958E-017  2.55436E-010  5.29828E-018  5.23749E-009  9.74685E-012  8.43067E-007  4.95088E-013  1.13077E-017  8.44057E-015  2.31677E-012  6.66261E-016  4.57331E-011  6.20807E-031  7.06419E-033  1.00000E-040  2.75528E-031  1.00000E-040  3.35446E-022  5.08823E-019  4.91788E-014  2.20260E-023  1.47640E-022  6.65883E-039  1.00000E-040  1.86392E-029  4.31150E-034  2.05331E-026  2.98698E-033  3.74470E-036  1.56743E-025  1.28411E-020  2.68019E-025  1.70703E-031  3.22500E-027  1.02463E-017  7.78526E-019  8.35822E-017  1.80917E-022  2.59894E-027  5.64867E-036  5.69402E-016  1.49456E-036  1.93899E-025  2.48027E-030  2.76611E-023  5.51238E-032  4.37281E-019  1.06893E-021  5.87498E-014  1.00000E-040  8.90846E-015  1.00000E-040  1.34120E-032  3.00772E-022  1.00000E-040  2.74666E-024  4.72056E-014  1.20242E-035  1.00000E-003  1.00000E-005  1.00000E-005  1.00000E-005  1.00000E-005  1.00000E-005  1.00000E-005  1.00000E-005  1.00000E-005  1.00000E-005  1.00000E-005  1.00000E-005  1.00000E-005  1.00000E-005  1.00000E-005  1.00000E-005  
7.55000E+001  2.79165E-005  9.43671E+014  2.14268E+002  3.64489E+005  1.00000E-040  1.00000E-040  1.00000E-040  1.00000E-040  1.00000E-040  1.00000E-040  1.00000E-040  1.00000E-040  1.00000E-040  1.00000E-040  1.00000E-040  1.00000E-040  1.00000E-040  1.00000E-040  4.40551E-027  1.00000E-040  1.04495E-040  1.09584E-008  6.09636E-007  1.58737E-005  7.71952E-009  9.88897E-006  2.11362E-001  1.27032E-007  2.79688E-004  3.76739E-019  7.81230E-013  5.90615E-033  6.02580E-025  2.91361E-022  2.68129E-016  2.67801E-008  5.31591E-019  8.19827E-032  1.00000E-040  1.00000E-040  1.00000E-040  3.16063E-020  1.74735E-018  4.89939E-013  7.72753E-012  1.51574E-034  1.00000E-040  1.52801E-024  2.21799E-026  3.12536E-011  8.14803E-012  7.88331E-001  2.30424E-021  4.13040E-024  4.47710E-022  2.80327E-036  4.13766E-037  6.46338E-027  3.19535E-025  7.18873E-009  1.32058E-017  2.68548E-010  4.70004E-018  5.06112E-009  9.89189E-012  7.74621E-007  3.79997E-013  7.62473E-018  9.07278E-015  1.96782E-012  4.26813E-016  4.47876E-011  6.21202E-031  6.96721E-033  1.00000E-040  2.10956E-031  1.00000E-040  3.34874E-022  4.73376E-019  4.23327E-014  1.83405E-023  1.25622E-022  1.24901E-038  1.00000E-040  1.81985E-029  5.75588E-034  1.89921E-026  1.21632E-032  1.28932E-035  1.25753E-025  1.06104E-020  1.15022E-024  6.33985E-031  2.51088E-027  1.05481E-017  5.42962E-019  7.20448E-017  1.46039E-022  1.87852E-027  1.58884E-035  5.76832E-016  5.59777E-036  1.55463E-025  2.59288E-030  2.64640E-023  1.45894E-031  2.72835E-019  1.15803E-021  6.21074E-014  1.00000E-040  8.88825E-015  1.00000E-040  1.55745E-032  9.69578E-022  1.00000E-040  2.73313E-024  4.65227E-014  2.05387E-035  1.00000E-003  1.00000E-005  1.00000E-005  1.00000E-005  1.00000E-005  1.00000E-005  1.00000E-005  1.00000E-005  1.00000E-005  1.00000E-005  1.00000E-005  1.00000E-005  1.00000E-005  1.00000E-005  1.00000E-005  1.00000E-005  
7.65000E+001  2.38737E-005  8.15735E+014  2.11976E+002  3.74490E+005  1.00000E-040  1.00000E-040  1.00000E-040  1.00000E-040  1.00000E-040  1.00000E-040  1.00000E-040  1.00000E-040  1.00000E-040  1.00000E-040  1.00000E-040  1.00000E-040  1.00000E-040  1.00000E-040  2.77724E-027  1.00000E-040  1.04994E-040  1.61216E-008  6.71880E-007  1.57473E-005  8.51591E-009  1.18428E-005  2.11298E-001  1.59994E-007  2.79283E-004  3.81205E-019  7.09391E-013  3.21839E-032  2.32424E-024  1.16142E-021  2.26736E-016  2.64110E-008  6.88899E-019  9.07805E-032  1.00000E-040  1.00000E-040  1.00000E-040  3.05155E-020  1.78564E-018  5.60765E-013  8.44918E-012  6.66951E-034  1.00000E-040  1.88883E-024  8.80126E-026  3.07482E-011  9.58961E-012  7.88394E-001  2.12950E-021  3.37012E-024  4.68476E-022  4.33141E-038  1.67745E-036  2.22126E-026  1.01130E-024  6.85478E-009  1.33981E-017  2.87098E-010  4.21831E-018  4.89148E-009  1.04335E-011  7.01145E-007  2.98939E-013  5.25885E-018  1.08115E-014  1.67219E-012  2.80611E-016  4.37299E-011  6.16171E-031  6.94262E-033  1.00000E-040  1.59934E-031  1.00000E-040  3.34231E-022  4.41632E-019  3.67737E-014  1.55877E-023  1.08930E-022  2.29276E-038  1.00000E-040  1.77378E-029  7.92067E-034  1.73463E-026  4.40692E-032  4.39927E-035  1.03091E-025  9.15461E-021  4.89590E-024  2.16552E-030  1.93044E-027  1.10445E-017  3.82689E-019  6.17602E-017  1.18790E-022  1.32589E-027  4.19150E-035  5.82423E-016  2.02460E-035  1.27307E-025  2.74160E-030  2.51907E-023  3.85963E-031  1.72386E-019  1.27208E-021  6.47584E-014  1.00000E-040  8.86628E-015  1.00000E-040  1.83764E-032  3.13726E-021  1.00000E-040  2.75661E-024  4.58050E-014  3.48608E-035  1.00000E-003  1.00000E-005  1.00000E-005  1.00000E-005  1.00000E-005  1.00000E-005  1.00000E-005  1.00000E-005  1.00000E-005  1.00000E-005  1.00000E-005  1.00000E-005  1.00000E-005  1.00000E-005  1.00000E-005  1.00000E-005  
7.75000E+001  2.03846E-005  7.03191E+014  2.09964E+002  3.84490E+005  1.00000E-040  1.00000E-040  1.00000E-040  1.00000E-040  1.00000E-040  1.00000E-040  1.00000E-040  1.00000E-040  1.00000E-040  1.00000E-040  1.00000E-040  1.00000E-040  1.00000E-040  1.00000E-040  1.85431E-027  1.00000E-040  1.05559E-040  2.41355E-008  7.41850E-007  1.56040E-005  9.58057E-009  1.39391E-005  2.11226E-001  2.01027E-007  2.78821E-004  3.83907E-019  6.41367E-013  1.70996E-031  8.55268E-024  4.41384E-021  1.94386E-016  2.60056E-008  8.91599E-019  1.05590E-031  1.00000E-040  1.00000E-040  1.00000E-040  3.13425E-020  1.88777E-018  6.32778E-013  9.26481E-012  2.84985E-033  1.00000E-040  2.30954E-024  3.47655E-025  3.01794E-011  1.11710E-011  7.88464E-001  2.03619E-021  2.80878E-024  5.11885E-022  3.10684E-036  6.78895E-036  7.59267E-026  3.16110E-024  6.57065E-009  1.41044E-017  3.16565E-010  3.86692E-018  4.72769E-009  1.17186E-011  6.16089E-007  2.44726E-013  3.75266E-018  1.46107E-014  1.41955E-012  1.92904E-016  4.25443E-011  6.05443E-031  7.04523E-033  1.00000E-040  1.18975E-031  1.00000E-040  3.33504E-022  4.12559E-019  3.23976E-014  1.37188E-023  9.73667E-023  4.11562E-038  1.00000E-040  1.72527E-029  1.14887E-033  1.54415E-026  1.48832E-031  1.51627E-034  8.80370E-026  9.37953E-021  2.20644E-023  7.25688E-030  1.56376E-027  1.19336E-017  2.76764E-019  5.23596E-017  9.88634E-023  9.06950E-028  1.04163E-034  5.86606E-016  7.33026E-035  1.08538E-025  3.01644E-030  2.38330E-023  1.03773E-030  1.11556E-019  1.41701E-021  6.57553E-014  1.00000E-040  8.84213E-015  1.00000E-040  2.24025E-032  1.02766E-020  1.00000E-040  2.92990E-024  4.50397E-014  5.87236E-035  1.00000E-003  1.00000E-005  1.00000E-005  1.00000E-005  1.00000E-005  1.00000E-005  1.00000E-005  1.00000E-005  1.00000E-005  1.00000E-005  1.00000E-005  1.00000E-005  1.00000E-005  1.00000E-005  1.00000E-005  1.00000E-005  
7.85000E+001  1.73841E-005  6.03413E+014  2.08668E+002  3.94490E+005  1.00000E-040  1.00000E-040  1.00000E-040  1.00000E-040  1.00000E-040  1.00000E-040  1.00000E-040  1.00000E-040  1.00000E-040  1.00000E-040  1.00000E-040  1.00000E-040  1.00000E-040  1.00000E-040  1.32236E-027  1.00000E-040  1.06203E-040  3.72428E-008  8.20662E-007  1.54404E-005  1.10983E-008  1.59715E-005  2.11144E-001  2.52170E-007  2.78294E-004  3.89198E-019  5.80835E-013  9.62546E-031  3.19441E-023  1.68471E-020  1.72034E-016  2.55558E-008  1.15221E-018  1.33225E-031  1.00000E-040  1.00000E-040  1.00000E-040  3.54559E-020  2.11323E-018  7.00285E-013  1.01939E-011  1.23974E-032  1.00000E-040  2.78987E-024  1.43033E-024  2.95368E-011  1.27889E-011  7.88544E-001  2.09270E-021  2.49290E-024  5.98661E-022  1.77523E-036  2.76227E-035  2.59421E-025  1.02615E-023  6.33585E-009  1.57319E-017  3.66935E-010  3.67202E-018  4.56859E-009  1.43830E-011  5.14691E-007  2.13272E-013  2.81726E-018  2.22258E-014  1.20122E-012  1.42829E-016  4.12114E-011  5.89342E-031  7.37027E-033  1.00000E-040  8.56556E-032  1.00000E-040  3.32681E-022  3.85329E-019  2.91499E-014  1.27555E-023  9.10865E-023  7.22240E-038  1.00000E-040  1.67371E-029  1.80655E-033  1.31620E-026  4.84376E-031  5.62974E-034  8.04783E-026  1.46007E-020  1.04024E-022  2.49828E-029  1.47799E-027  1.35480E-017  2.10260E-019  4.34980E-017  8.62912E-023  5.94644E-028  2.44747E-034  5.89698E-016  2.63844E-034  9.90233E-026  3.60306E-030  2.23808E-023  3.00528E-030  7.53170E-020  1.59745E-021  6.38616E-014  1.00000E-040  8.81531E-015  1.00000E-040  2.88639E-032  3.29336E-020  1.00000E-040  3.48204E-024  4.42128E-014  9.79584E-035  1.00000E-003  1.00000E-005  1.00000E-005  1.00000E-005  1.00000E-005  1.00000E-005  1.00000E-005  1.00000E-005  1.00000E-005  1.00000E-005  1.00000E-005  1.00000E-005  1.00000E-005  1.00000E-005  1.00000E-005  1.00000E-005  
7.95000E+001  1.48114E-005  5.17322E+014  2.07373E+002  4.04490E+005  1.00000E-040  1.00000E-040  1.00000E-040  1.00000E-040  1.00000E-040  1.00000E-040  1.00000E-040  1.00000E-040  1.00000E-040  1.00000E-040  1.00000E-040  1.00000E-040  1.00000E-040  1.00000E-040  9.97169E-028  1.00000E-040  1.06937E-040  5.95353E-008  9.09398E-007  1.52516E-005  1.36096E-008  1.75971E-005  2.11052E-001  3.16026E-007  2.77690E-004  4.04530E-019  5.48684E-013  5.62475E-030  1.19587E-022  6.44853E-020  1.60243E-016  2.50529E-008  1.46520E-018  1.82711E-031  1.00000E-040  1.00000E-040  1.00000E-040  4.50957E-020  2.51674E-018  7.37181E-013  1.12763E-011  5.53204E-032  1.00000E-040  3.33201E-024  5.79157E-024  2.88087E-011  1.42680E-011  7.88635E-001  2.27632E-021  2.21281E-024  7.43771E-022  2.51061E-036  1.09072E-034  8.57832E-025  3.46249E-023  6.14955E-009  1.90098E-017  4.57530E-010  3.66555E-018  4.41316E-009  1.96020E-011  4.08326E-007  2.04955E-013  2.32048E-018  3.67158E-014  1.01619E-012  1.19807E-016  3.97104E-011  5.69269E-031  8.22723E-033  1.00000E-040  6.12616E-032  1.00000E-040  3.31748E-022  3.59392E-019  2.70167E-014  1.28491E-023  9.13847E-023  1.23917E-037  1.00000E-040  1.61844E-029  3.23872E-033  1.07681E-026  1.48579E-030  2.30036E-033  8.03124E-026  3.63855E-020  4.63880E-022  8.73216E-029  1.48621E-027  1.63651E-017  1.75741E-019  3.55812E-017  8.02894E-023  3.68426E-028  5.43457E-034  5.91903E-016  9.72476E-034  9.84114E-026  4.60656E-030  2.08288E-023  9.94693E-030  5.55437E-020  1.91547E-021  5.89522E-014  1.00000E-040  8.78535E-015  1.00000E-040  3.97606E-032  9.70143E-020  1.00000E-040  4.44362E-024  4.33111E-014  1.60818E-034  1.00000E-003  1.00000E-005  1.00000E-005  1.00000E-005  1.00000E-005  1.00000E-005  1.00000E-005  1.00000E-005  1.00000E-005  1.00000E-005  1.00000E-005  1.00000E-005  1.00000E-005  1.00000E-005  1.00000E-005  1.00000E-005  
8.05000E+001  1.26083E-005  4.42720E+014  2.06273E+002  4.06996E+005  1.00000E-040  1.00000E-040  1.00000E-040  1.00000E-040  1.00000E-040  1.00000E-040  1.00000E-040  1.00000E-040  1.00000E-040  1.00000E-040  1.00000E-040  1.00000E-040  1.00000E-040  1.00000E-040  7.86958E-028  1.00000E-040  1.07784E-040  1.00199E-007  1.00970E-006  1.50282E-005  1.78927E-008  1.86586E-005  2.10947E-001  3.96937E-007  2.76990E-004  4.68661E-019  5.86521E-013  3.29150E-029  4.24357E-022  2.33224E-019  1.66189E-016  2.44826E-008  1.83304E-018  2.72582E-031  1.00000E-040  1.00000E-040  1.00000E-040  6.34260E-020  3.19560E-018  7.30721E-013  1.25480E-011  2.38463E-031  1.00000E-040  3.94545E-024  2.15067E-023  2.79755E-011  1.52720E-011  7.88740E-001  2.73216E-021  2.00429E-024  9.96552E-022  9.73512E-037  3.92640E-034  2.57264E-024  1.14206E-022  6.00942E-009  2.52482E-017  6.21913E-010  3.88074E-018  4.25914E-009  2.89186E-011  3.04181E-007  2.23074E-013  2.13967E-018  6.31627E-014  8.58610E-013  1.15855E-016  3.80052E-011  5.47443E-031  1.00414E-032  1.00000E-040  4.34733E-032  1.00000E-040  3.30678E-022  3.34255E-019  2.60319E-014  1.41623E-023  9.87378E-023  2.07394E-037  1.00000E-040  1.55821E-029  6.71817E-033  8.41737E-027  4.01669E-030  9.87363E-033  8.90241E-026  1.13191E-019  1.82499E-021  2.94722E-028  1.67203E-027  2.10268E-017  1.67325E-019  2.83052E-017  8.29911E-023  2.10643E-028  1.13317E-033  5.93330E-016  3.45044E-033  1.08304E-025  6.46271E-030  1.91618E-023  3.56129E-029  4.70458E-020  2.46224E-021  5.12430E-014  1.00000E-040  8.75140E-015  1.00000E-040  5.91625E-032  2.51602E-019  1.00000E-040  6.28156E-024  4.23138E-014  2.57598E-034  1.00000E-003  1.00000E-005  1.00000E-005  1.00000E-005  1.00000E-005  1.00000E-005  1.00000E-005  1.00000E-005  1.00000E-005  1.00000E-005  1.00000E-005  1.00000E-005  1.00000E-005  1.00000E-005  1.00000E-005  1.00000E-005  
8.15000E+001  1.07271E-005  3.77291E+014  2.05931E+002  4.06996E+005  1.00000E-040  1.00000E-040  1.00000E-040  1.00000E-040  1.00000E-040  1.00000E-040  1.00000E-040  1.00000E-040  1.00000E-040  1.00000E-040  1.00000E-040  1.00000E-040  1.00000E-040  1.00000E-040  6.38264E-028  1.00000E-040  1.08772E-040  1.80445E-007  1.12310E-006  1.47535E-005  2.47656E-008  1.96897E-005  2.10824E-001  5.02109E-007  2.76166E-004  6.77820E-019  7.68847E-013  1.89175E-028  1.36251E-021  7.52937E-019  2.04457E-016  2.38252E-008  2.28772E-018  4.19274E-031  1.00000E-040  1.00000E-040  1.00000E-040  9.04725E-020  4.17759E-018  6.96729E-013  1.40241E-011  9.11871E-031  1.00000E-040  4.65817E-024  7.06214E-023  2.70095E-011  1.56918E-011  7.88863E-001  3.82609E-021  1.95885E-024  1.45537E-021  6.38420E-037  1.21065E-033  6.53778E-024  3.37098E-022  5.91200E-009  3.61151E-017  9.01212E-010  4.27420E-018  4.10362E-009  4.30405E-011  2.14163E-007  2.64847E-013  2.09848E-018  1.09297E-013  7.22720E-013  1.20536E-016  3.60461E-011  5.27489E-031  1.33044E-032  1.00000E-040  3.00096E-032  1.00000E-040  3.29437E-022  3.09631E-019  2.61784E-014  1.63420E-023  1.09969E-022  3.36041E-037  1.00000E-040  1.49157E-029  1.51721E-032  6.40986E-027  9.07372E-030  4.02635E-032  1.05849E-025  3.40600E-019  6.19946E-021  8.99192E-028  2.28932E-027  2.75608E-017  1.80072E-019  2.13689E-017  9.87041E-023  1.07048E-028  2.20106E-033  5.93987E-016  1.05139E-032  1.27511E-025  1.00039E-029  1.73603E-023  1.18076E-028  4.65069E-020  3.27392E-021  4.24579E-014  1.00000E-040  8.71227E-015  1.00000E-040  9.28176E-032  5.63400E-019  1.00000E-040  1.01379E-023  4.11938E-014  3.96065E-034  1.00000E-003  1.00000E-005  1.00000E-005  1.00000E-005  1.00000E-005  1.00000E-005  1.00000E-005  1.00000E-005  1.00000E-005  1.00000E-005  1.00000E-005  1.00000E-005  1.00000E-005  1.00000E-005  1.00000E-005  1.00000E-005  
8.25000E+001  9.12463E-006  3.21464E+014  2.05589E+002  4.06996E+005  1.00000E-040  1.00000E-040  1.00000E-040  1.00000E-040  1.00000E-040  1.00000E-040  1.00000E-040  1.00000E-040  1.00000E-040  1.00000E-040  1.00000E-040  1.00000E-040  1.00000E-040  1.00000E-040  5.15305E-028  1.00000E-040  1.09932E-040  3.46807E-007  1.24775E-006  1.44012E-005  3.35967E-008  2.30770E-005  2.10680E-001  6.41591E-007  2.75189E-004  1.20257E-018  1.17085E-012  1.02637E-027  3.86904E-021  2.14443E-018  2.69960E-016  2.30646E-008  2.89184E-018  5.21266E-031  1.00000E-040  1.00000E-040  1.00000E-040  1.07173E-019  4.81687E-018  6.78925E-013  1.56776E-011  2.81334E-030  1.00000E-040  5.51905E-024  2.01699E-022  2.58883E-011  1.63446E-011  7.89005E-001  6.19960E-021  1.92484E-024  2.22420E-021  2.51687E-036  2.98818E-033  1.31408E-023  7.85680E-022  5.85364E-009  4.99337E-017  1.25245E-009  4.53479E-018  3.94514E-009  5.71311E-011  1.58252E-007  2.82144E-013  1.81732E-018  1.84637E-013  6.10009E-013  1.13256E-016  3.37994E-011  5.15433E-031  1.73708E-032  1.00000E-040  2.06655E-032  1.00000E-040  3.27991E-022  2.85810E-019  2.69144E-014  1.69451E-023  1.11395E-022  5.13300E-037  1.00000E-040  1.41994E-029  3.13238E-032  5.35223E-027  1.72348E-029  1.27231E-031  1.11451E-025  8.20757E-019  1.81316E-020  2.22375E-027  3.02337E-027  3.18550E-017  1.86322E-019  1.51941E-017  1.14761E-022  4.62544E-029  3.95964E-033  5.93792E-016  2.48274E-032  1.33359E-025  1.45511E-029  1.54299E-023  2.72258E-028  4.41801E-020  4.26527E-021  3.72176E-014  1.00000E-040  8.66694E-015  1.00000E-040  1.36958E-031  1.08194E-018  1.00000E-040  1.56537E-023  3.99336E-014  5.67982E-034  1.00000E-003  1.00000E-005  1.00000E-005  1.00000E-005  1.00000E-005  1.00000E-005  1.00000E-005  1.00000E-005  1.00000E-005  1.00000E-005  1.00000E-005  1.00000E-005  1.00000E-005  1.00000E-005  1.00000E-005  1.00000E-005  
8.35000E+001  7.76029E-006  2.73686E+014  2.05372E+002  4.06996E+005  1.00000E-040  1.00000E-040  1.00000E-040  1.00000E-040  1.00000E-040  1.00000E-040  1.00000E-040  1.00000E-040  1.00000E-040  1.00000E-040  1.00000E-040  1.00000E-040  1.00000E-040  1.00000E-040  4.16869E-028  1.00000E-040  1.11291E-040  6.85110E-007  1.37512E-006  1.39338E-005  3.66920E-008  3.64857E-005  2.10506E-001  8.29040E-007  2.74026E-004  2.33131E-018  1.77235E-012  5.09528E-027  9.75537E-021  5.36171E-018  2.90829E-016  2.21878E-008  3.87988E-018  3.60749E-031  1.00000E-040  1.00000E-040  1.00000E-040  7.80250E-020  3.87724E-018  8.14759E-013  1.73715E-011  5.99105E-030  1.00000E-040  6.57924E-024  5.06455E-022  2.45952E-011  2.01357E-011  7.89166E-001  9.21701E-021  1.89127E-024  3.41725E-021  8.47298E-037  5.44287E-033  1.91098E-023  1.20527E-021  5.83105E-009  5.28964E-017  1.32888E-009  4.04121E-018  3.78286E-009  5.55103E-011  1.46819E-007  1.86582E-013  9.95167E-019  2.98408E-013  5.19117E-013  7.39544E-017  3.12490E-011  5.15173E-031  1.76769E-032  1.00000E-040  1.39462E-032  1.00000E-040  3.26308E-022  2.63234E-019  2.67488E-014  1.18711E-023  8.06222E-023  6.96246E-037  1.37594E-040  1.35199E-029  4.13545E-032  5.86781E-027  2.97634E-029  2.14231E-031  7.16253E-026  1.29749E-018  4.64360E-020  3.76083E-027  3.15319E-027  2.56943E-017  1.30432E-019  1.01224E-017  9.57824E-023  1.63225E-029  6.65002E-033  5.92668E-016  3.39272E-032  8.73619E-026  1.54500E-029  1.33822E-023  2.46189E-028  2.54548E-020  4.41002E-021  4.14662E-014  1.00000E-040  8.61440E-015  1.00000E-040  1.58425E-031  1.78972E-018  1.00000E-040  1.85212E-023  3.85210E-014  7.37823E-034  1.00000E-003  1.00000E-005  1.00000E-005  1.00000E-005  1.00000E-005  1.00000E-005  1.00000E-005  1.00000E-005  1.00000E-005  1.00000E-005  1.00000E-005  1.00000E-005  1.00000E-005  1.00000E-005  1.00000E-005  1.00000E-005  
8.45000E+001  6.60054E-006  2.32434E+014  2.05682E+002  4.06996E+005  1.00000E-040  1.00000E-040  1.00000E-040  1.00000E-040  1.00000E-040  1.00000E-040  1.00000E-040  1.00000E-040  1.00000E-040  1.00000E-040  1.00000E-040  1.00000E-040  1.00000E-040  1.00000E-040  3.61302E-028  1.00000E-040  1.12883E-040  1.25214E-006  1.49136E-006  1.33328E-005  2.93110E-008  7.82695E-005  2.10287E-001  1.07707E-006  2.72641E-004  4.73832E-018  2.27210E-012  2.12871E-026  2.21226E-020  1.16635E-017  2.48213E-016  2.11824E-008  5.74951E-018  1.38027E-031  1.31947E-037  9.49803E-037  1.00000E-040  3.19327E-020  2.11060E-018  1.31021E-012  1.88868E-011  8.95335E-030  1.00000E-040  7.84558E-024  1.13816E-021  2.31177E-011  3.20344E-011  7.89345E-001  9.78014E-021  1.90762E-024  5.02720E-021  3.53973E-036  7.25032E-033  1.97413E-023  1.21667E-021  5.84736E-009  3.83873E-017  9.63263E-010  2.88043E-018  3.61585E-009  3.65287E-011  1.78661E-007  7.42021E-014  3.43311E-019  4.56771E-013  4.45897E-013  3.39941E-017  2.83964E-011  5.16659E-031  1.27595E-032  1.00000E-040  8.80347E-033  1.00000E-040  3.24347E-022  2.41512E-019  2.51133E-014  5.16079E-024  3.62333E-023  7.78724E-037  1.25446E-040  1.29496E-029  2.72614E-032  8.37675E-027  5.31117E-029  1.78053E-031  2.67784E-026  1.35521E-018  1.06280E-019  4.31237E-027  2.47478E-027  1.39550E-017  6.04970E-020  6.63022E-018  6.09847E-023  4.70168E-030  1.07659E-032  5.90690E-016  2.34625E-032  3.40785E-026  1.10047E-029  1.12789E-023  7.82947E-029  8.61036E-021  3.20783E-021  6.09741E-014  1.00000E-040  8.55350E-015  1.00000E-040  1.32742E-031  2.61250E-018  1.00000E-040  1.55356E-023  3.69362E-014  8.62858E-034  1.00000E-003  1.00000E-005  1.00000E-005  1.00000E-005  1.00000E-005  1.00000E-005  1.00000E-005  1.00000E-005  1.00000E-005  1.00000E-005  1.00000E-005  1.00000E-005  1.00000E-005  1.00000E-005  1.00000E-005  1.00000E-005  
8.55000E+001  5.61601E-006  1.97466E+014  2.05993E+002  4.06996E+005  1.00000E-040  1.00000E-040  1.00000E-040  1.00000E-040  1.00000E-040  1.00000E-040  1.00000E-040  1.00000E-040  1.00000E-040  1.00000E-040  1.00000E-040  1.00000E-040  1.00000E-040  1.00000E-040  3.37407E-028  1.00000E-040  1.14748E-040  2.01209E-006  1.59052E-006  1.26164E-005  2.07349E-008  1.78838E-004  2.10001E-001  1.39077E-006  2.71001E-004  9.50135E-018  2.31223E-012  7.41110E-026  4.55517E-020  2.20347E-017  2.06151E-016  2.00409E-008  9.13973E-018  4.47575E-032  1.60570E-037  8.84279E-037  1.00000E-040  9.14598E-021  9.73782E-019  2.30131E-012  2.00517E-011  1.17035E-029  1.00000E-040  9.22810E-024  2.30851E-021  2.14538E-011  6.13603E-011  7.89532E-001  9.36437E-021  1.91745E-024  6.76748E-021  1.00000E-040  8.28718E-033  1.69537E-023  1.03524E-021  5.91807E-009  2.32222E-017  5.76995E-010  1.90471E-018  3.44336E-009  1.91129E-011  2.40890E-007  2.96498E-014  1.20984E-019  6.58977E-013  3.86267E-013  1.37294E-017  2.52744E-011  5.03492E-031  7.99504E-033  1.00000E-040  5.34279E-033  1.00000E-040  3.22065E-022  2.19584E-019  2.29155E-014  2.14191E-024  1.42209E-023  7.04459E-037  1.45335E-040  1.24049E-029  1.17822E-032  1.23900E-026  9.97371E-029  1.19151E-031  9.76929E-027  1.20093E-018  2.19930E-019  4.19484E-027  1.59150E-027  6.42541E-018  2.67046E-020  4.52773E-018  4.27902E-023  1.16195E-030  1.72661E-032  5.88025E-016  1.19476E-032  1.26177E-026  6.38863E-030  9.28167E-024  1.74798E-029  2.67453E-021  1.99824E-021  9.91073E-014  1.00000E-040  8.48312E-015  1.00000E-040  9.22479E-032  3.49400E-018  1.00000E-040  1.06781E-023  3.51571E-014  9.35669E-034  1.00000E-003  1.00000E-005  1.00000E-005  1.00000E-005  1.00000E-005  1.00000E-005  1.00000E-005  1.00000E-005  1.00000E-005  1.00000E-005  1.00000E-005  1.00000E-005  1.00000E-005  1.00000E-005  1.00000E-005  1.00000E-005  
8.65000E+001  4.78001E-006  1.67842E+014  2.06274E+002  4.06996E+005  1.00000E-040  1.00000E-040  1.00000E-040  1.00000E-040  1.00000E-040  1.00000E-040  1.00000E-040  1.00000E-040  1.00000E-040  1.00000E-040  1.00000E-040  1.00000E-040  1.00000E-040  1.00000E-040  3.26309E-028  1.00000E-040  1.16928E-040  2.91660E-006  1.67568E-006  1.18043E-005  1.48916E-008  3.77996E-004  2.09618E-001  1.77262E-006  2.69074E-004  1.73883E-017  2.04498E-012  4.28544E-025  8.60901E-020  3.59816E-017  1.79183E-016  1.87653E-008  1.48081E-017  1.58561E-032  1.00000E-040  1.00000E-040  1.00000E-040  2.21648E-021  4.47918E-019  3.82981E-012  2.07619E-011  1.45976E-029  1.28563E-040  1.05557E-023  4.27437E-021  1.96180E-011  1.45223E-010  7.89717E-001  1.08832E-020  1.92946E-024  8.34707E-021  1.05444E-035  9.52753E-033  1.41790E-023  8.64354E-022  6.05981E-009  1.38644E-017  3.36584E-010  1.39761E-018  3.26509E-009  8.89880E-012  3.16575E-007  1.64403E-014  5.86623E-020  8.93713E-013  3.35071E-013  5.37230E-018  2.19561E-011  4.71386E-031  5.23113E-033  1.00000E-040  3.16410E-033  1.00000E-040  3.19416E-022  1.96885E-019  2.06361E-014  1.22172E-024  7.20909E-024  5.41678E-037  2.06540E-036  1.18175E-029  4.61849E-033  1.65929E-026  1.82361E-028  9.55276E-032  4.89996E-027  1.04979E-018  4.16780E-019  3.99876E-027  9.85541E-028  2.94905E-018  1.33497E-020  3.22798E-018  4.19049E-023  2.67434E-031  2.75113E-032  5.84756E-016  6.02590E-033  6.31818E-027  3.57747E-030  7.51024E-024  4.20307E-030  9.37522E-022  1.21421E-021  1.57290E-013  1.00000E-040  8.40237E-015  1.00000E-040  6.12785E-032  4.38360E-018  1.00000E-040  7.07653E-024  3.31740E-014  9.73557E-034  1.00000E-003  1.00000E-005  1.00000E-005  1.00000E-005  1.00000E-005  1.00000E-005  1.00000E-005  1.00000E-005  1.00000E-005  1.00000E-005  1.00000E-005  1.00000E-005  1.00000E-005  1.00000E-005  1.00000E-005  1.00000E-005  
8.75000E+001  4.06977E-006  1.42799E+014  2.06425E+002  4.06996E+005  1.00000E-040  1.00000E-040  1.00000E-040  1.00000E-040  1.00000E-040  1.00000E-040  1.00000E-040  1.00000E-040  1.00000E-040  1.00000E-040  1.00000E-040  1.00000E-040  1.00000E-040  1.00000E-040  3.19060E-028  1.00000E-040  1.19474E-040  3.92575E-006  1.75143E-006  1.09139E-005  1.11659E-008  7.21518E-004  2.09106E-001  2.22566E-006  2.66825E-004  2.87488E-017  1.72036E-012  9.65483E-024  1.50604E-019  5.11923E-017  1.61980E-016  1.73685E-008  2.35611E-017  6.34885E-033  1.00000E-040  1.00000E-040  1.00000E-040  5.26357E-022  2.14985E-019  5.84583E-012  2.09806E-011  1.78037E-029  1.80488E-040  1.16791E-023  7.28328E-021  1.76436E-011  4.22041E-010  7.89887E-001  1.68658E-020  1.92323E-024  9.54697E-021  2.14316E-036  1.15626E-032  1.21827E-023  7.32068E-022  6.26596E-009  8.60246E-018  2.01778E-010  1.25890E-018  3.08118E-009  3.85478E-012  3.94312E-007  1.18993E-014  3.68180E-020  1.13844E-012  2.88710E-013  2.10340E-018  1.85529E-011  4.25945E-031  3.76916E-033  1.00000E-040  1.84319E-033  1.00000E-040  3.16349E-022  1.73521E-019  1.84043E-014  9.11260E-025  4.80675E-024  3.70318E-037  1.00000E-040  1.11749E-029  1.86731E-033  1.98406E-026  3.06919E-028  1.00541E-031  3.25938E-027  9.34778E-019  7.30073E-019  3.86411E-027  6.11340E-028  1.41389E-018  7.67766E-021  2.38749E-018  5.78878E-023  6.60300E-032  4.32612E-032  5.80880E-016  3.28187E-033  4.20519E-027  2.03197E-030  6.01589E-024  1.18837E-030  3.78167E-022  7.38512E-022  2.37554E-013  1.00000E-040  8.31067E-015  1.00000E-040  4.10515E-032  5.22148E-018  1.00000E-040  4.72218E-024  3.09949E-014  9.89951E-034  1.00000E-003  1.00000E-005  1.00000E-005  1.00000E-005  1.00000E-005  1.00000E-005  1.00000E-005  1.00000E-005  1.00000E-005  1.00000E-005  1.00000E-005  1.00000E-005  1.00000E-005  1.00000E-005  1.00000E-005  1.00000E-005  
8.85000E+001  3.46612E-006  1.21529E+014  2.06577E+002  4.06996E+005  1.00000E-040  1.00000E-040  1.00000E-040  1.00000E-040  1.00000E-040  1.00000E-040  1.00000E-040  1.00000E-040  1.00000E-040  1.00000E-040  1.00000E-040  1.00000E-040  1.00000E-040  1.00000E-040  3.12539E-028  1.00000E-040  1.22441E-040  5.00178E-006  1.82097E-006  9.96428E-006  8.64642E-009  1.25711E-003  2.08431E-001  2.75349E-006  2.64215E-004  4.35194E-017  1.43200E-012  2.18372E-022  2.45813E-019  6.47703E-017  1.50261E-016  1.58750E-008  3.62875E-017  2.82370E-033  1.00000E-040  1.00000E-040  1.00000E-040  1.37237E-022  1.08183E-019  8.24521E-012  2.07098E-011  2.97291E-029  2.43859E-040  1.25322E-023  1.15162E-020  1.55814E-011  1.32436E-009  7.90028E-001  3.11317E-020  1.91877E-024  1.02840E-020  1.18685E-036  1.45980E-032  1.06844E-023  6.25867E-022  6.47791E-009  5.53521E-018  1.25282E-010  1.35444E-018  2.89225E-009  1.58012E-012  4.65169E-007  9.69530E-015  2.58399E-020  1.36249E-012  2.45395E-013  8.34732E-019  1.52020E-011  3.74982E-031  2.95723E-033  1.00000E-040  1.05120E-033  1.00000E-040  3.12811E-022  1.50033E-019  1.62552E-014  7.67585E-025  3.69143E-024  2.51796E-037  1.00000E-040  1.04803E-029  7.95684E-034  2.15541E-026  4.69583E-028  1.20928E-031  2.50440E-027  8.45284E-019  1.19260E-018  3.76892E-027  3.93389E-028  7.10524E-019  4.96593E-021  1.81624E-018  9.69987E-023  2.42676E-032  6.67165E-032  5.76350E-016  1.88456E-033  3.23630E-027  1.19347E-030  4.80086E-024  3.83571E-031  1.71044E-022  4.41932E-022  3.42182E-013  1.00000E-040  8.20778E-015  1.00000E-040  2.80594E-032  5.93718E-018  6.88541E-039  3.23254E-024  2.86447E-014  9.88438E-034  1.00000E-003  1.00000E-005  1.00000E-005  1.00000E-005  1.00000E-005  1.00000E-005  1.00000E-005  1.00000E-005  1.00000E-005  1.00000E-005  1.00000E-005  1.00000E-005  1.00000E-005  1.00000E-005  1.00000E-005  1.00000E-005  
8.95000E+001  2.95292E-006  1.03506E+014  2.06635E+002  4.06996E+005  1.00000E-040  1.00000E-040  1.00000E-040  1.00000E-040  1.00000E-040  1.00000E-040  1.00000E-040  1.00000E-040  1.00000E-040  1.00000E-040  1.00000E-040  1.00000E-040  1.00000E-040  1.00000E-040  3.05373E-028  1.00000E-040  1.25898E-040  6.10648E-006  1.88582E-006  8.97867E-006  6.85316E-009  2.02868E-003  2.07560E-001  3.35932E-006  2.61206E-004  6.09339E-017  1.20605E-012  3.32473E-021  3.76506E-019  7.50078E-017  1.41281E-016  1.43197E-008  5.37223E-017  1.39259E-033  5.09201E-035  1.40882E-034  1.00000E-040  4.13604E-023  5.66891E-020  1.08442E-011  2.00274E-011  1.50650E-028  3.14294E-040  1.31774E-023  1.69790E-020  1.34965E-011  4.01912E-009  7.90130E-001  5.95251E-020  1.89725E-024  1.04759E-020  4.90226E-037  1.88184E-032  9.48790E-024  5.35540E-022  6.57341E-009  3.61945E-018  8.04451E-011  1.57119E-018  2.69942E-009  6.19125E-013  5.25162E-007  8.12390E-015  1.85964E-020  1.53396E-012  2.05063E-013  3.37723E-019  1.20474E-011  3.24888E-031  2.46117E-033  1.00000E-040  5.93105E-034  1.00000E-040  3.08746E-022  1.27188E-019  1.42083E-014  6.73354E-025  2.96936E-024  1.83609E-037  7.11725E-037  9.74110E-030  3.58207E-034  2.18221E-026  6.59575E-028  1.45895E-031  2.01370E-027  7.68957E-019  1.82713E-018  3.68389E-027  2.58825E-028  3.72172E-019  3.51885E-021  1.41571E-018  1.71772E-022  2.06710E-032  1.00412E-031  5.71102E-016  1.12710E-033  2.60563E-027  7.24149E-031  3.84129E-024  1.37260E-031  8.46609E-023  2.59323E-022  4.74998E-013  1.00000E-040  8.09388E-015  1.44681E-034  1.95478E-032  6.47393E-018  2.33056E-034  2.24480E-024  2.61654E-014  9.68092E-034  1.00000E-003  1.00000E-005  1.00000E-005  1.00000E-005  1.00000E-005  1.00000E-005  1.00000E-005  1.00000E-005  1.00000E-005  1.00000E-005  1.00000E-005  1.00000E-005  1.00000E-005  1.00000E-005  1.00000E-005  1.00000E-005  
9.05000E+001  2.51596E-006  8.84086E+013  2.06123E+002  4.06996E+005  1.00000E-040  1.00000E-040  1.00000E-040  1.00000E-040  1.00000E-040  1.00000E-040  1.00000E-040  1.00000E-040  1.00000E-040  1.00000E-040  1.00000E-040  1.00000E-040  1.00000E-040  1.00000E-040  2.96664E-028  1.00000E-040  1.29919E-040  7.20170E-006  1.94625E-006  7.98466E-006  5.57086E-009  3.07082E-003  2.06467E-001  4.04449E-006  2.57764E-004  7.93303E-017  1.04831E-012  3.50075E-020  5.43391E-019  8.16361E-017  1.33085E-016  1.27473E-008  7.61448E-017  6.94556E-034  1.00000E-040  1.00000E-040  1.00000E-040  1.45033E-023  3.07620E-020  1.34049E-011  1.90742E-011  1.15109E-027  3.89591E-040  1.38074E-023  2.33733E-020  1.14628E-011  1.12494E-008  7.90182E-001  1.09907E-019  1.77735E-024  1.00333E-020  2.60284E-036  2.46460E-032  8.58112E-024  4.56918E-022  6.41249E-009  2.35081E-018  5.33704E-011  1.79022E-018  2.50457E-009  2.35046E-013  5.78457E-007  6.68782E-015  1.32052E-020  1.62794E-012  1.68676E-013  1.39674E-019  9.21898E-012  2.79538E-031  2.10227E-033  1.00000E-040  3.42925E-034  1.00000E-040  3.04102E-022  1.05799E-019  1.22859E-014  5.90607E-025  2.34946E-024  1.36405E-037  4.45018E-037  8.96817E-030  1.72282E-034  2.12488E-026  8.62864E-028  1.68572E-031  1.57054E-027  6.97356E-019  2.63291E-018  3.60122E-027  1.61045E-028  2.03206E-019  2.66663E-021  1.13337E-018  2.97885E-022  3.14190E-032  1.46948E-031  5.65067E-016  7.24402E-034  2.03425E-027  4.44681E-031  3.10178E-024  5.43509E-032  4.52111E-023  1.52679E-022  6.44591E-013  1.00000E-040  7.96954E-015  1.16768E-035  1.38283E-032  6.80926E-018  3.43537E-030  1.51169E-024  2.36157E-014  9.27926E-034  1.00000E-003  1.00000E-005  1.00000E-005  1.00000E-005  1.00000E-005  1.00000E-005  1.00000E-005  1.00000E-005  1.00000E-005  1.00000E-005  1.00000E-005  1.00000E-005  1.00000E-005  1.00000E-005  1.00000E-005  1.00000E-005  
9.15000E+001  2.14344E-006  7.55059E+013  2.05611E+002  4.06996E+005  1.00000E-040  1.00000E-040  1.00000E-040  1.00000E-040  1.00000E-040  1.00000E-040  1.00000E-040  1.00000E-040  1.00000E-040  1.00000E-040  1.00000E-040  1.00000E-040  1.00000E-040  1.00000E-040  2.87471E-028  1.00000E-040  1.34595E-040  8.25272E-006  2.00181E-006  7.01101E-006  4.55680E-009  4.40925E-003  2.05132E-001  4.80883E-006  2.53855E-004  9.73444E-017  9.29693E-013  2.69452E-019  7.45445E-019  8.50390E-017  1.25687E-016  1.12053E-008  1.04635E-016  3.55970E-034  1.00000E-040  1.00000E-040  1.00000E-040  5.60290E-024  1.72256E-020  1.58526E-011  1.78520E-011  7.25101E-027  4.73239E-040  1.44048E-023  3.03861E-020  9.55184E-012  2.86071E-008  7.90182E-001  1.89879E-019  1.66277E-024  9.21691E-021  1.57124E-035  3.20305E-032  7.74838E-024  3.85757E-022  5.96408E-009  1.49095E-018  3.62160E-011  1.98411E-018  2.31003E-009  8.74085E-014  6.16752E-007  5.28586E-015  8.98625E-021  1.63209E-012  1.37013E-013  5.88040E-020  6.80676E-012  2.40273E-031  1.85462E-033  1.00000E-040  1.97152E-034  1.00000E-040  2.98827E-022  8.64733E-020  1.05112E-014  5.20095E-025  1.84794E-024  1.01347E-037  3.19900E-037  8.17440E-030  8.57224E-035  1.99187E-026  1.07793E-027  1.86069E-031  1.21817E-027  6.28841E-019  3.60504E-018  3.48767E-027  1.06215E-028  1.14489E-019  2.12531E-021  9.23201E-019  4.95958E-022  5.42055E-032  2.08908E-031  5.58169E-016  4.67719E-034  1.57885E-027  2.83515E-031  2.53881E-024  2.25854E-032  2.54727E-023  8.74380E-023  8.55707E-013  1.00000E-040  7.83516E-015  9.44217E-037  9.88722E-033  6.90586E-018  1.54841E-026  1.03025E-024  2.10630E-014  8.67261E-034  1.00000E-003  1.00000E-005  1.00000E-005  1.00000E-005  1.00000E-005  1.00000E-005  1.00000E-005  1.00000E-005  1.00000E-005  1.00000E-005  1.00000E-005  1.00000E-005  1.00000E-005  1.00000E-005  1.00000E-005  1.00000E-005  
9.25000E+001  1.82588E-006  6.45004E+013  2.05034E+002  4.06996E+005  1.00000E-040  1.00000E-040  1.00000E-040  1.00000E-040  1.00000E-040  1.00000E-040  1.00000E-040  1.00000E-040  1.00000E-040  1.00000E-040  1.00000E-040  1.00000E-040  1.00000E-040  1.00000E-040  2.78225E-028  1.00000E-040  1.40032E-040  9.23054E-006  2.05172E-006  6.08450E-006  3.74128E-009  6.05657E-003  2.03543E-001  5.65021E-006  2.49450E-004  1.13390E-016  8.39938E-013  1.58450E-018  9.76976E-019  8.59335E-017  1.18588E-016  9.73887E-009  1.39959E-016  2.06427E-034  1.00000E-040  1.15293E-036  1.00000E-040  2.31800E-024  9.91580E-021  1.80814E-011  1.64284E-011  3.56926E-026  5.73594E-040  1.50338E-023  3.74934E-020  7.82242E-012  6.59082E-008  7.90127E-001  3.03904E-019  1.54369E-024  8.15916E-021  8.56987E-035  4.10752E-032  6.97871E-024  3.21796E-022  5.33871E-009  9.28777E-019  2.50488E-011  2.11178E-018  2.11836E-009  3.22454E-014  6.40571E-007  4.03483E-015  5.90334E-021  1.55057E-012  1.10572E-013  2.50716E-020  4.84910E-012  2.07252E-031  1.68133E-033  1.00000E-040  1.13177E-034  1.00000E-040  2.92873E-022  6.95923E-020  8.90400E-015  4.57505E-025  1.43456E-024  7.46706E-038  1.00000E-040  7.37414E-030  4.38972E-035  1.81827E-026  1.30273E-027  1.97726E-031  9.31165E-028  5.62048E-019  4.71308E-018  3.33948E-027  7.56387E-029  6.63620E-020  1.75566E-021  7.67310E-019  7.80644E-022  8.80008E-032  2.87929E-031  5.50334E-016  3.03333E-034  1.20737E-027  1.87014E-031  2.11390E-024  9.74500E-033  1.49829E-023  4.90233E-023  1.12213E-012  1.00000E-040  7.69107E-015  7.88555E-038  7.11674E-033  6.77300E-018  2.12671E-023  7.04274E-025  1.85758E-014  7.89788E-034  1.00000E-003  1.00000E-005  1.00000E-005  1.00000E-005  1.00000E-005  1.00000E-005  1.00000E-005  1.00000E-005  1.00000E-005  1.00000E-005  1.00000E-005  1.00000E-005  1.00000E-005  1.00000E-005  1.00000E-005  1.00000E-005  
9.35000E+001  1.55493E-006  5.52062E+013  2.04005E+002  4.06996E+005  1.00000E-040  1.00000E-040  1.00000E-040  1.00000E-040  1.00000E-040  1.00000E-040  1.00000E-040  1.00000E-040  1.00000E-040  1.00000E-040  1.00000E-040  1.00000E-040  1.00000E-040  1.00000E-040  2.69117E-028  1.00000E-040  1.46350E-040  1.01136E-005  2.09524E-006  5.22945E-006  3.10178E-009  8.00945E-003  2.01699E-001  6.56254E-006  2.44529E-004  1.26192E-016  7.78873E-013  7.39287E-018  1.22898E-018  8.50379E-017  1.11463E-016  8.38905E-009  1.82383E-016  1.21433E-034  1.00000E-040  5.97658E-036  1.00000E-040  1.03374E-024  5.86078E-021  1.99901E-011  1.48983E-011  1.41784E-025  7.11928E-040  1.58553E-023  4.40767E-020  6.31863E-012  1.38058E-007  7.90022E-001  4.51188E-019  1.37013E-024  6.92393E-021  3.79297E-034  5.23758E-032  6.34271E-024  2.66475E-022  4.65850E-009  5.75158E-019  1.76619E-011  2.11703E-018  1.93266E-009  1.20168E-014  6.56460E-007  3.01584E-015  3.81450E-021  1.40183E-012  8.93478E-014  1.08093E-020  3.33715E-012  1.80038E-031  1.54763E-033  1.00000E-040  6.65410E-035  1.00000E-040  2.86200E-022  5.53316E-020  7.48117E-015  4.00160E-025  1.07848E-024  5.49121E-038  1.00000E-040  6.58402E-030  2.33946E-035  1.64480E-026  1.53333E-027  2.04096E-031  6.81141E-028  4.97576E-019  5.90436E-018  3.17277E-027  5.68845E-029  3.97098E-020  1.48680E-021  6.59060E-019  1.15057E-021  1.26141E-031  3.83855E-031  5.41497E-016  2.05064E-034  8.83481E-028  1.25294E-031  1.79569E-024  4.42945E-033  9.18954E-024  2.75546E-023  1.47784E-012  1.00000E-040  7.53752E-015  5.47196E-039  5.14913E-033  6.45786E-018  1.01426E-020  4.66381E-025  1.62220E-014  7.03022E-034  1.00000E-003  1.00000E-005  1.00000E-005  1.00000E-005  1.00000E-005  1.00000E-005  1.00000E-005  1.00000E-005  1.00000E-005  1.00000E-005  1.00000E-005  1.00000E-005  1.00000E-005  1.00000E-005  1.00000E-005  1.00000E-005  
9.45000E+001  1.32358E-006  4.72307E+013  2.02975E+002  4.06996E+005  1.00000E-040  1.00000E-040  1.00000E-040  1.00000E-040  1.00000E-040  1.00000E-040  1.00000E-040  1.00000E-040  1.00000E-040  1.00000E-040  1.00000E-040  1.00000E-040  1.00000E-040  1.00000E-040  2.61240E-028  1.00000E-040  1.53696E-040  1.08885E-005  2.13186E-006  4.46548E-006  2.56465E-009  1.02518E-002  1.99606E-001  7.53549E-006  2.39080E-004  1.36083E-016  7.33156E-013  2.83717E-017  1.49856E-018  8.32083E-017  1.05037E-016  7.18900E-009  2.33493E-016  7.56757E-035  1.45219E-035  1.78943E-035  1.00000E-040  4.82106E-025  3.54587E-021  2.15985E-011  1.32622E-011  4.68029E-025  9.33558E-040  1.67294E-023  5.00861E-020  5.06640E-012  2.64924E-007  7.89877E-001  6.22927E-019  1.21280E-024  5.71701E-021  1.38580E-033  6.58801E-032  5.76171E-024  2.19870E-022  4.03048E-009  3.59469E-019  1.26199E-011  2.04406E-018  1.75621E-009  4.58306E-015  6.57463E-007  2.23568E-015  2.44221E-021  1.21204E-012  7.27479E-014  4.70091E-021  2.22418E-012  1.57834E-031  1.47452E-033  1.00000E-040  3.89217E-035  1.00000E-040  2.78776E-022  4.36343E-020  6.25331E-015  3.51293E-025  8.04812E-025  4.53405E-038  1.00000E-040  5.82134E-030  1.26887E-035  1.46216E-026  1.78417E-027  2.07956E-031  4.94503E-028  4.39377E-019  7.16517E-018  2.98611E-027  4.95187E-029  2.43259E-020  1.28658E-021  5.95298E-019  1.60898E-021  1.64895E-031  4.94370E-031  5.31596E-016  1.38188E-034  6.41526E-028  8.69698E-032  1.55751E-024  2.06663E-033  5.82772E-024  1.51786E-023  1.99185E-012  1.00000E-040  7.37422E-015  1.17883E-038  3.73667E-033  5.99958E-018  1.94730E-018  3.10921E-025  1.40617E-014  6.14959E-034  1.00000E-003  1.00000E-005  1.00000E-005  1.00000E-005  1.00000E-005  1.00000E-005  1.00000E-005  1.00000E-005  1.00000E-005  1.00000E-005  1.00000E-005  1.00000E-005  1.00000E-005  1.00000E-005  1.00000E-005  1.00000E-005  
9.55000E+001  1.12612E-006  4.03870E+013  2.01958E+002  4.06996E+005  1.00000E-040  1.00000E-040  1.00000E-040  1.00000E-040  1.00000E-040  1.00000E-040  1.00000E-040  1.00000E-040  1.00000E-040  1.00000E-040  1.00000E-040  1.00000E-040  1.00000E-040  1.00000E-040  2.54766E-028  1.00000E-040  1.62240E-040  1.15486E-005  2.16130E-006  3.80674E-006  2.11094E-009  1.27512E-002  1.97284E-001  8.55269E-006  2.33101E-004  1.43857E-016  7.01734E-013  9.20799E-017  1.78744E-018  8.12386E-017  9.97256E-017  6.16281E-009  2.94516E-016  4.10327E-035  1.00000E-040  1.00000E-040  1.00000E-040  2.32958E-025  2.19297E-021  2.28999E-011  1.15680E-011  1.31942E-024  1.32048E-039  1.75840E-023  5.57810E-020  4.07545E-012  4.70451E-007  7.89705E-001  8.07036E-019  1.07188E-024  4.63310E-021  4.31122E-033  8.21247E-032  5.25498E-024  1.82669E-022  3.48010E-009  2.92935E-019  9.12447E-012  1.91578E-018  1.59240E-009  1.80802E-015  6.44035E-007  1.65367E-015  1.55864E-021  1.00905E-012  6.00441E-014  2.05804E-021  1.44137E-012  1.39878E-031  1.46907E-033  1.00000E-040  2.25331E-035  1.00000E-040  2.70579E-022  3.43212E-020  5.22418E-015  3.10428E-025  5.99630E-025  3.65996E-038  1.00000E-040  5.10386E-030  6.98943E-036  1.27997E-026  2.07171E-027  2.13032E-031  3.58481E-028  3.90815E-019  8.49726E-018  2.79693E-027  4.85987E-029  1.52322E-020  1.13634E-021  5.89240E-019  2.16165E-021  2.00161E-031  6.14020E-031  5.20581E-016  9.30091E-035  4.65121E-028  6.24896E-032  1.37918E-024  9.93309E-034  3.82409E-024  8.19469E-024  2.85841E-012  1.00000E-040  7.20070E-015  1.00000E-040  2.71938E-033  5.46383E-018  1.70972E-016  2.09393E-025  1.21430E-014  5.34061E-034  1.00000E-003  1.00000E-005  1.00000E-005  1.00000E-005  1.00000E-005  1.00000E-005  1.00000E-005  1.00000E-005  1.00000E-005  1.00000E-005  1.00000E-005  1.00000E-005  1.00000E-005  1.00000E-005  1.00000E-005  1.00000E-005  
9.65000E+001  9.57696E-007  3.45067E+013  2.01021E+002  4.06996E+005  1.00000E-040  1.00000E-040  1.00000E-040  1.00000E-040  1.00000E-040  1.00000E-040  1.00000E-040  1.00000E-040  1.00000E-040  1.00000E-040  1.00000E-040  1.00000E-040  1.00000E-040  1.00000E-040  2.49648E-028  1.00000E-040  1.72179E-040  1.20922E-005  2.18351E-006  3.26355E-006  1.72518E-009  1.54526E-002  1.94766E-001  9.58654E-006  2.26613E-004  1.51305E-016  6.86533E-013  2.58865E-016  2.11129E-018  8.00775E-017  9.63038E-017  5.32809E-009  3.66737E-016  2.41587E-035  1.00000E-040  1.00000E-040  1.00000E-040  1.15810E-025  1.38502E-021  2.38881E-011  9.87251E-012  3.24940E-024  2.00470E-039  1.83252E-023  6.21796E-020  3.34641E-012  7.81019E-007  7.89526E-001  1.00713E-018  9.51978E-025  3.71553E-021  1.18138E-032  1.02422E-031  4.85113E-024  1.55442E-022  3.00899E-009  2.28090E-018  6.66955E-012  1.75436E-018  1.44472E-009  7.43562E-016  6.16156E-007  1.22380E-015  9.93559E-022  8.16858E-013  5.05358E-014  9.05767E-022  9.14790E-013  1.25550E-031  1.55153E-033  1.00000E-040  1.28261E-035  1.00000E-040  2.61604E-022  2.71629E-020  4.39319E-015  2.77806E-025  4.51400E-025  2.97658E-038  1.00000E-040  4.44994E-030  3.90475E-036  1.10258E-026  2.42875E-027  2.25971E-031  2.63090E-028  3.56582E-019  9.96449E-018  2.62767E-027  5.15388E-029  9.73180E-021  1.02872E-021  6.76780E-019  2.92431E-021  2.30386E-031  7.34000E-031  5.08421E-016  6.26513E-035  3.41375E-028  4.65704E-032  1.24583E-024  4.97337E-034  2.61099E-024  4.32577E-024  4.59910E-012  1.00000E-040  7.01645E-015  1.00000E-040  1.98833E-033  4.92243E-018  7.68940E-015  1.44017E-025  1.05036E-014  4.67681E-034  1.00000E-003  1.00000E-005  1.00000E-005  1.00000E-005  1.00000E-005  1.00000E-005  1.00000E-005  1.00000E-005  1.00000E-005  1.00000E-005  1.00000E-005  1.00000E-005  1.00000E-005  1.00000E-005  1.00000E-005  1.00000E-005  
9.75000E+001  8.14086E-007  2.94695E+013  2.00085E+002  4.06996E+005  1.00000E-040  1.00000E-040  1.00000E-040  1.00000E-040  1.00000E-040  1.00000E-040  1.00000E-040  1.00000E-040  1.00000E-040  1.00000E-040  1.00000E-040  1.00000E-040  1.00000E-040  1.00000E-040  2.45418E-028  1.00000E-040  1.83746E-040  1.25188E-005  2.19871E-006  2.84463E-006  1.40141E-009  1.82640E-002  1.92112E-001  1.05896E-005  2.19665E-004  1.61293E-016  6.97812E-013  6.43537E-016  2.50905E-018  8.09599E-017  9.59844E-017  4.69936E-009  4.50840E-016  1.54791E-035  1.00000E-040  1.00000E-040  1.00000E-040  5.94820E-026  8.94635E-022  2.45469E-011  8.24414E-012  7.14831E-024  3.19434E-039  1.88615E-023  7.13738E-020  2.87896E-012  1.22354E-006  7.89374E-001  1.56399E-018  8.42996E-025  2.97492E-021  2.95283E-032  1.30840E-031  4.62635E-024  1.39202E-022  2.60378E-009  4.02369E-017  4.93556E-012  1.57150E-018  1.31682E-009  3.21747E-016  5.76409E-007  9.06063E-016  6.33209E-022  6.52721E-013  4.36322E-014  4.01856E-022  5.77020E-013  1.14413E-031  1.75637E-033  1.00000E-040  7.19052E-036  1.00000E-040  2.51867E-022  2.19359E-020  3.75795E-015  2.54267E-025  3.46723E-025  2.56985E-038  1.00000E-040  3.87848E-030  2.23375E-036  9.37075E-027  2.91621E-027  2.59583E-031  1.96974E-028  3.43222E-019  1.17233E-017  2.51095E-027  5.61974E-029  6.35957E-021  9.64016E-022  9.55623E-019  5.52131E-021  2.56416E-031  8.42366E-031  4.95109E-016  4.33286E-035  2.55592E-028  3.58350E-032  1.14660E-024  2.66996E-034  1.88400E-024  2.24627E-024  8.69818E-012  1.00000E-040  6.82117E-015  6.49394E-039  1.46925E-033  4.44793E-018  1.95895E-013  1.01311E-025  9.17275E-015  4.20961E-034  1.00000E-003  1.00000E-005  1.00000E-005  1.00000E-005  1.00000E-005  1.00000E-005  1.00000E-005  1.00000E-005  1.00000E-005  1.00000E-005  1.00000E-005  1.00000E-005  1.00000E-005  1.00000E-005  1.00000E-005  1.00000E-005  
9.85000E+001  6.91698E-007  2.51278E+013  1.99379E+002  4.06996E+005  1.00000E-040  1.00000E-040  1.00000E-040  1.00000E-040  1.00000E-040  1.00000E-040  1.00000E-040  1.00000E-040  1.00000E-040  1.00000E-040  1.00000E-040  1.00000E-040  1.00000E-040  1.00000E-040  2.40919E-028  1.00000E-040  1.97218E-040  1.28254E-005  2.20727E-006  2.56051E-006  1.12528E-009  2.10238E-002  1.89426E-001  1.14800E-005  2.12361E-004  1.79488E-016  7.52003E-013  1.45320E-015  3.07268E-018  8.60509E-017  1.01498E-016  4.29277E-009  5.47629E-016  1.33041E-035  1.00000E-040  1.00000E-040  1.00000E-040  3.12760E-026  5.92539E-022  2.48561E-011  6.75124E-012  1.43919E-023  5.20047E-039  1.89044E-023  8.76488E-020  2.67988E-012  1.82174E-006  7.89306E-001  6.95607E-018  7.61627E-025  2.44370E-021  7.09383E-032  1.78159E-031  4.67870E-024  1.36281E-022  2.29463E-009  5.01216E-016  3.70122E-012  1.40322E-018  1.21260E-009  1.50136E-016  5.22737E-007  6.81697E-016  4.08668E-022  5.26471E-013  3.88456E-014  1.84245E-022  3.73698E-013  1.06221E-031  2.13199E-033  1.00000E-040  3.90611E-036  1.00000E-040  2.41409E-022  1.84615E-020  3.31719E-015  2.41917E-025  2.80906E-025  2.43340E-038  1.00000E-040  3.40939E-030  1.31148E-036  7.79499E-027  3.67636E-027  3.46318E-031  1.56509E-028  3.62350E-019  1.41515E-017  2.48624E-027  6.31953E-029  4.24948E-021  9.54371E-022  1.77352E-018  2.80914E-020  2.86629E-031  9.24602E-031  4.80675E-016  3.10289E-035  2.03086E-028  2.88204E-032  1.07347E-024  1.57955E-034  1.47246E-024  1.14228E-024  2.03342E-011  1.00000E-040  6.61488E-015  1.59875E-039  1.10750E-033  4.10474E-018  3.12728E-012  7.54114E-026  8.17628E-015  3.95190E-034  1.00000E-003  1.00000E-005  1.00000E-005  1.00000E-005  1.00000E-005  1.00000E-005  1.00000E-005  1.00000E-005  1.00000E-005  1.00000E-005  1.00000E-005  1.00000E-005  1.00000E-005  1.00000E-005  1.00000E-005  1.00000E-005  
9.95000E+001  5.87598E-007  2.13251E+013  1.99575E+002  4.06996E+005  1.00000E-040  1.00000E-040  1.00000E-040  1.00000E-040  1.00000E-040  1.00000E-040  1.00000E-040  1.00000E-040  1.00000E-040  1.00000E-040  1.00000E-040  1.00000E-040  1.00000E-040  1.00000E-040  2.28196E-028  1.00000E-040  2.12922E-040  1.29991E-005  2.20988E-006  2.42913E-006  8.82529E-010  2.33953E-002  1.86921E-001  1.21080E-005  2.04898E-004  2.22495E-016  9.05071E-013  3.43369E-015  4.05955E-018  1.00832E-016  1.22365E-016  4.13276E-009  6.56985E-016  1.05599E-035  1.07531E-037  1.70831E-037  1.00000E-040  1.69009E-026  4.04924E-022  2.47040E-011  5.54835E-012  3.02576E-023  9.07750E-039  1.81005E-023  1.19680E-019  2.76018E-012  2.57082E-006  7.89446E-001  1.67939E-016  7.54638E-025  2.17749E-021  1.99002E-031  2.84307E-031  5.24336E-024  1.55421E-022  2.33329E-009  1.40016E-014  2.82160E-012  1.29676E-018  1.13669E-009  8.54685E-017  4.49225E-007  5.87613E-016  2.98668E-022  4.41381E-013  3.58134E-014  9.99611E-023  2.65703E-013  1.00962E-031  2.61794E-033  1.00000E-040  2.05884E-036  1.00000E-040  2.30314E-022  1.66523E-020  3.07453E-015  2.46114E-025  2.55857E-025  2.54789E-038  1.00000E-040  3.06823E-030  7.86512E-037  6.19674E-027  5.08845E-027  6.14901E-031  1.43364E-028  4.38258E-019  1.82376E-017  2.64571E-027  7.79380E-029  2.89687E-021  1.05271E-021  5.45936E-018  6.61750E-019  3.26328E-031  9.62853E-031  4.65208E-016  2.29313E-035  1.85984E-028  2.52065E-032  1.02071E-024  1.07284E-034  1.33178E-024  5.71376E-025  7.23301E-011  1.00000E-040  6.39839E-015  3.75552E-040  8.64682E-034  3.94326E-018  1.02494E-010  6.45022E-026  7.54342E-015  3.84644E-034  1.00000E-003  1.00000E-005  1.00000E-005  1.00000E-005  1.00000E-005  1.00000E-005  1.00000E-005  1.00000E-005  1.00000E-005  1.00000E-005  1.00000E-005  1.00000E-005  1.00000E-005  1.00000E-005  1.00000E-005  1.00000E-005  
