alt           press         den           temp          eddy          H2Oaer        CO2aer        S8aer         H2SO4aer      NH3aer        N2Oaer        C2H2aer       C2H4aer       C2H6aer       CH3CNaer      HCCCNaer      HCNaer        CH4aer        HCaer1        HCaer2        HCaer3        He            H             H2            H2O           OH            O             O2            CO            CO2           HCO           H2CO          C             CH            CH2           CH3           CH4           S             S2            S3            S4            S8            H2S           HS            SO            SO2           CS            CS2           OCS           CN            HCN           N             N2            NH            NH2           NH3           C2            C2H           C2H2          C2H4          NO            HNO           HO2           HNCO          N2O           H2O2          O3            NO2           NO3           SO3           HNO2          HNO3          H2SO4         HCl           Cl            Cl2           HOCl          N2H4          ClO           C2H6          CH3OH         CH2CO         CH3CHO        C3H4          C3H6          C4H2          C4H4          OClO          HCS           C2H3          C2H5          NCO           1CH2          HCCO          NNH           HSO           CH3O          H2COH         H2CN          N2H2          C4H           HCNOH         C2H2OH        CH3CO         CH2CHO        C2H3OH        C2H4OH        CH3O2         HSO3          O1D           N2H3          NH2CO         HS4           C4H3          CH2N2         N2D           CH2CN         CH3CN         HCCCN         H2Oaer_r      CO2aer_r      S8aer_r       H2SO4aer_r    NH3aer_r      N2Oaer_r      C2H2aer_r     C2H4aer_r     C2H6aer_r     CH3CNaer_r    HCCCNaer_r    HCNaer_r      CH4aer_r      HCaer1_r      HCaer2_r      HCaer3_r      
5.00000E-001  1.00898E+000  2.55827E+019  2.85664E+002  1.00000E+005  6.32238E-004  1.00000E-040  1.00000E-040  1.73822E-030  1.00000E-040  1.00000E-040  1.00000E-040  1.00000E-040  1.00000E-040  1.00000E-040  1.00000E-040  1.00000E-040  1.00000E-040  1.00000E-040  1.64849E-021  1.00000E-040  1.00000E-040  1.81444E-019  4.95548E-007  5.77744E-003  7.18235E-014  2.27723E-015  2.10836E-003  3.28709E-008  2.81471E-004  2.57989E-020  2.35482E-010  1.00000E-040  1.00000E-040  5.63830E-029  5.51198E-018  8.00805E-007  8.36721E-024  3.31546E-022  5.22144E-035  4.75436E-034  1.00000E-040  5.54377E-012  4.36845E-017  1.02232E-016  2.75745E-011  1.26984E-038  1.00000E-040  3.33999E-010  1.48157E-032  4.83540E-011  5.39891E-027  9.91831E-001  2.13640E-021  6.75832E-014  4.98728E-010  1.00000E-040  1.00000E-040  9.01252E-026  2.55993E-021  1.40421E-012  2.00547E-014  1.63329E-011  1.27392E-014  2.70569E-007  1.61385E-009  1.18830E-008  9.67688E-012  4.41695E-014  3.73812E-019  2.01119E-012  1.74938E-011  3.15544E-011  4.42198E-030  5.85310E-035  3.51839E-034  2.67189E-030  4.00022E-013  4.66988E-024  1.11878E-019  1.25590E-015  3.04324E-023  7.72799E-022  6.52796E-037  1.85295E-033  1.00000E-040  1.00000E-040  3.18237E-029  2.20431E-038  1.94209E-034  2.75244E-022  2.43442E-016  1.34382E-032  7.92561E-034  1.23132E-022  2.08160E-015  1.51527E-016  3.44322E-015  7.36519E-023  9.03013E-011  1.00000E-040  6.77963E-019  1.26125E-038  1.63787E-023  3.95306E-027  5.35942E-021  4.96932E-022  4.85760E-011  2.77566E-021  3.19935E-022  2.06415E-013  3.02184E-014  5.19486E-039  1.00000E-040  5.94132E-021  1.00000E-040  6.94962E-021  3.38584E-011  3.02100E-034  1.00000E-003  1.00000E-005  1.00000E-005  1.00000E-005  1.00000E-005  1.00000E-005  1.00000E-005  1.00000E-005  1.00000E-005  1.00000E-005  1.00000E-005  1.00000E-005  1.00000E-005  1.00000E-005  1.00000E-005  1.00000E-005  
1.50000E+000  8.96316E-001  2.32469E+019  2.79263E+002  1.00000E+005  8.27017E-004  1.00000E-040  1.00000E-040  2.03732E-027  1.00000E-040  1.00000E-040  1.00000E-040  1.00000E-040  1.00000E-040  1.00000E-040  1.00000E-040  1.00000E-040  1.00000E-040  1.00000E-040  9.56237E-022  1.00000E-040  1.00000E-040  1.79832E-019  4.95962E-007  4.39247E-003  7.85900E-014  2.81468E-015  2.11128E-003  3.13949E-008  2.81868E-004  1.40009E-020  1.11854E-010  1.00000E-040  1.00000E-040  5.59441E-029  5.25566E-018  7.98067E-007  2.29080E-023  3.38250E-022  5.08941E-035  4.30367E-034  1.00000E-040  2.36867E-012  2.05982E-017  8.80484E-017  5.79025E-011  2.58755E-038  1.00000E-040  3.28085E-010  9.56436E-033  4.81192E-011  1.28339E-026  9.93213E-001  3.57149E-021  1.46514E-013  4.22412E-010  1.00000E-040  1.00000E-040  8.49465E-026  2.47806E-021  3.36043E-014  3.05342E-014  1.44292E-011  1.18181E-014  2.70072E-007  1.63749E-009  1.24926E-008  1.27999E-012  1.99885E-014  2.71016E-019  7.99885E-013  2.17415E-011  3.81870E-011  2.76127E-030  7.15721E-035  4.58433E-036  2.47238E-030  9.96654E-013  4.67639E-024  1.11833E-019  1.17139E-015  3.68917E-023  7.47764E-022  6.53036E-037  1.50030E-033  1.00000E-040  1.00000E-040  3.25128E-029  4.37933E-038  1.93422E-034  1.82211E-022  1.89160E-015  1.24434E-032  9.63497E-034  1.71864E-022  1.45734E-015  7.04902E-017  4.00138E-015  4.84108E-023  9.24943E-011  1.00000E-040  1.19205E-018  1.44001E-038  2.04970E-023  3.63332E-027  5.36686E-021  5.06590E-022  5.20681E-010  6.61924E-021  4.26093E-022  4.47587E-013  3.04289E-014  3.71320E-039  1.00000E-040  4.81788E-021  1.00000E-040  5.69902E-021  3.33350E-011  3.02337E-034  1.00000E-003  1.00000E-005  1.00000E-005  1.00000E-005  1.00000E-005  1.00000E-005  1.00000E-005  1.00000E-005  1.00000E-005  1.00000E-005  1.00000E-005  1.00000E-005  1.00000E-005  1.00000E-005  1.00000E-005  1.00000E-005  
2.50000E+000  7.94809E-001  2.09481E+019  2.74811E+002  1.00000E+005  5.22193E-004  1.00000E-040  1.00000E-040  2.14375E-024  1.00000E-040  1.00000E-040  1.00000E-040  1.00000E-040  1.00000E-040  1.00000E-040  1.00000E-040  1.00000E-040  1.00000E-040  1.00000E-040  2.25286E-021  1.00000E-040  1.00000E-040  2.25283E-019  4.96160E-007  3.53877E-003  9.87870E-014  3.87611E-015  2.11308E-003  2.98335E-008  2.82114E-004  1.29189E-020  8.36802E-011  1.00000E-040  1.00000E-040  7.95921E-029  6.19710E-018  7.95295E-007  3.86263E-023  3.37258E-022  4.66691E-035  3.65602E-034  1.00000E-040  9.63828E-013  1.00232E-017  8.21718E-017  3.78408E-011  5.07558E-038  1.00000E-040  3.21557E-010  8.18379E-033  4.78863E-011  2.88246E-026  9.94064E-001  5.24123E-021  1.70607E-013  3.51067E-010  1.00000E-040  1.00000E-040  7.66688E-026  2.29198E-021  6.85407E-015  4.27643E-014  1.49132E-011  1.20302E-014  2.69340E-007  1.70200E-009  1.40996E-008  3.37328E-013  1.36872E-014  2.13142E-019  2.99363E-013  2.21242E-011  4.18331E-011  2.19962E-030  8.10374E-035  5.50257E-038  2.70979E-030  1.12120E-012  4.68039E-024  1.11970E-019  1.11169E-015  4.89666E-023  7.22846E-022  6.52570E-037  1.08915E-033  1.00000E-040  1.00000E-040  3.61995E-029  7.95114E-038  2.15391E-034  1.75460E-022  7.04636E-015  1.68408E-032  1.23526E-033  2.58812E-022  1.04247E-015  7.60798E-017  4.47933E-015  4.06795E-023  9.44612E-011  1.00000E-040  2.03966E-018  1.75790E-038  2.79057E-023  3.19280E-027  5.37142E-021  4.82408E-022  7.91614E-010  5.56337E-021  5.96755E-022  5.25621E-013  3.05918E-014  3.04452E-039  1.00000E-040  5.18909E-021  1.00000E-040  4.34877E-021  3.28447E-011  3.01999E-034  1.00000E-003  1.00000E-005  1.00000E-005  1.00000E-005  1.00000E-005  1.00000E-005  1.00000E-005  1.00000E-005  1.00000E-005  1.00000E-005  1.00000E-005  1.00000E-005  1.00000E-005  1.00000E-005  1.00000E-005  1.00000E-005  
3.50000E+000  7.03316E-001  1.88887E+019  2.69691E+002  1.00000E+005  5.35365E-004  1.00000E-040  1.00000E-040  6.36042E-022  1.00000E-040  1.00000E-040  1.00000E-040  1.00000E-040  1.00000E-040  1.00000E-040  1.00000E-040  1.00000E-040  1.00000E-040  1.00000E-040  1.06259E-021  1.00000E-040  1.00000E-040  2.81609E-019  4.96471E-007  2.67483E-003  1.19665E-013  5.73129E-015  2.11491E-003  2.83681E-008  2.82363E-004  1.63798E-020  8.85396E-011  1.00000E-040  1.00000E-040  1.01625E-028  6.83761E-018  7.92959E-007  5.94878E-023  3.22733E-022  3.78437E-035  2.54717E-034  1.00000E-040  3.77493E-013  4.44420E-018  9.04377E-017  2.44412E-011  7.93617E-038  1.00000E-040  3.14600E-010  6.28649E-033  4.76807E-011  6.04618E-026  9.94926E-001  7.03773E-021  1.82296E-013  2.85557E-010  1.00000E-040  1.00000E-040  6.64362E-026  2.06325E-021  5.94176E-015  5.95940E-014  1.60214E-011  1.06435E-014  2.68511E-007  1.71989E-009  1.72505E-008  2.55731E-013  1.40622E-014  1.37003E-019  1.16608E-013  2.20228E-011  3.90258E-011  1.96430E-030  9.28597E-035  6.27071E-040  3.20690E-030  1.05100E-012  4.68444E-024  1.11656E-019  1.07027E-015  6.62616E-023  6.74983E-022  6.51832E-037  6.95521E-034  1.00000E-040  1.00000E-040  4.39446E-029  1.26649E-037  2.23470E-034  1.72209E-022  1.02470E-014  2.02612E-032  1.64313E-033  3.82956E-022  7.88750E-016  1.11023E-016  5.36669E-015  3.43950E-023  9.53089E-011  1.00000E-040  3.63284E-018  2.01369E-038  3.76826E-023  2.64217E-027  5.37601E-021  4.32635E-022  7.85616E-010  4.48064E-021  8.86680E-022  5.08571E-013  3.07083E-014  2.49280E-039  1.00000E-040  5.15982E-021  1.00000E-040  3.02226E-021  3.24054E-011  3.01050E-034  1.00000E-003  1.00000E-005  1.00000E-005  1.00000E-005  1.00000E-005  1.00000E-005  1.00000E-005  1.00000E-005  1.00000E-005  1.00000E-005  1.00000E-005  1.00000E-005  1.00000E-005  1.00000E-005  1.00000E-005  1.00000E-005  
4.50000E+000  6.20866E-001  1.70340E+019  2.63996E+002  1.00000E+005  5.09577E-004  1.00000E-040  1.00000E-040  2.62804E-019  1.00000E-040  1.00000E-040  1.00000E-040  1.00000E-040  1.00000E-040  1.00000E-040  1.00000E-040  1.00000E-040  1.00000E-040  1.00000E-040  5.37969E-022  1.00000E-040  1.00000E-040  3.38923E-019  4.96823E-007  1.87209E-003  1.40316E-013  8.85456E-015  2.11659E-003  2.69697E-008  2.82595E-004  1.98292E-020  9.16443E-011  1.00000E-040  1.00000E-040  1.17453E-028  7.10327E-018  7.91016E-007  8.68335E-023  2.93209E-022  3.42660E-035  2.04432E-034  1.00000E-040  1.44140E-013  1.97721E-018  1.15877E-016  1.59620E-011  1.02943E-037  1.00000E-040  3.07241E-010  4.36259E-033  4.75024E-011  1.28612E-025  9.95727E-001  9.32243E-021  1.90855E-013  2.26742E-010  1.00000E-040  1.00000E-040  5.54604E-026  1.79848E-021  9.15196E-015  8.30815E-014  1.67376E-011  8.88722E-015  2.67561E-007  1.68871E-009  2.22411E-008  2.81355E-013  1.58491E-014  8.08013E-020  6.31242E-014  2.24061E-011  3.33641E-011  1.77169E-030  1.05200E-034  1.00000E-040  3.94317E-030  9.50673E-013  4.68820E-024  1.10418E-019  1.02755E-015  9.00816E-023  6.05964E-022  6.50853E-037  3.85052E-034  1.00000E-040  1.00000E-040  5.64182E-029  1.80649E-037  2.16051E-034  1.62038E-022  1.02218E-014  2.18592E-032  2.21300E-033  5.58709E-022  6.89560E-016  1.47724E-016  6.79134E-015  2.70374E-023  9.49091E-011  1.00000E-040  6.74937E-018  2.18116E-038  5.06709E-023  2.05341E-027  5.38025E-021  3.64651E-022  6.19892E-010  3.55304E-021  1.36652E-021  4.68683E-013  3.07845E-014  2.02518E-039  1.00000E-040  4.63361E-021  1.00000E-040  1.87632E-021  3.20208E-011  2.99147E-034  1.00000E-003  1.00000E-005  1.00000E-005  1.00000E-005  1.00000E-005  1.00000E-005  1.00000E-005  1.00000E-005  1.00000E-005  1.00000E-005  1.00000E-005  1.00000E-005  1.00000E-005  1.00000E-005  1.00000E-005  1.00000E-005  
5.50000E+000  5.46644E-001  1.53515E+019  2.57912E+002  1.00000E+005  4.19181E-004  1.00000E-040  1.00000E-040  1.29363E-016  1.00000E-040  1.00000E-040  1.00000E-040  1.00000E-040  1.00000E-040  1.00000E-040  1.00000E-040  1.00000E-040  1.00000E-040  1.00000E-040  3.65516E-022  1.00000E-040  1.00000E-040  3.89282E-019  4.97117E-007  1.23299E-003  1.59165E-013  1.38709E-014  2.11793E-003  2.55967E-008  2.82779E-004  2.13289E-020  8.62055E-011  1.00000E-040  1.00000E-040  1.23535E-028  6.98357E-018  7.89361E-007  1.23049E-022  2.52001E-022  2.75239E-035  1.30300E-034  1.00000E-040  5.44453E-014  9.69129E-019  1.64009E-016  1.08929E-011  1.15840E-037  1.00000E-040  2.99516E-010  2.76179E-033  4.73479E-011  2.81253E-025  9.96365E-001  1.23537E-020  1.96360E-013  1.75306E-010  1.00000E-040  1.27943E-040  4.48438E-026  1.50932E-021  1.83636E-014  1.13175E-013  1.68290E-011  7.38154E-015  2.66461E-007  1.60620E-009  2.92332E-008  3.49827E-013  1.88641E-014  4.86505E-020  7.19503E-014  2.36559E-011  2.72367E-011  1.56693E-030  1.16313E-034  1.00000E-040  4.83971E-030  8.52033E-013  4.69118E-024  1.08141E-019  9.71115E-016  1.22335E-022  5.22669E-022  6.49620E-037  1.82822E-034  1.00000E-040  1.00000E-040  7.40179E-029  2.35234E-037  1.93753E-034  1.45054E-022  8.34721E-015  2.12895E-032  2.94495E-033  8.00897E-022  7.54204E-016  1.75353E-016  8.82454E-015  1.93939E-023  9.33653E-011  1.00000E-040  1.29126E-017  2.24030E-038  6.74931E-023  1.49980E-027  5.38357E-021  2.87341E-022  4.10913E-010  2.86224E-021  2.12219E-021  4.24638E-013  3.08300E-014  1.45507E-039  1.00000E-040  3.75485E-021  1.00000E-040  1.03454E-021  3.16898E-011  2.96088E-034  1.00000E-003  1.00000E-005  1.00000E-005  1.00000E-005  1.00000E-005  1.00000E-005  1.00000E-005  1.00000E-005  1.00000E-005  1.00000E-005  1.00000E-005  1.00000E-005  1.00000E-005  1.00000E-005  1.00000E-005  1.00000E-005  
6.50000E+000  4.79850E-001  1.38350E+019  2.51214E+002  1.00000E+005  3.23506E-004  1.00000E-040  1.00000E-040  5.08746E-014  1.00000E-040  1.00000E-040  1.00000E-040  1.00000E-040  1.00000E-040  1.00000E-040  1.00000E-040  1.00000E-040  1.00000E-040  1.00000E-040  2.17989E-022  1.00000E-040  1.00000E-040  4.16656E-019  4.97317E-007  7.52131E-004  1.71612E-013  2.14265E-014  2.11894E-003  2.42502E-008  2.82919E-004  2.00914E-020  7.32416E-011  1.00000E-040  1.00000E-040  1.12455E-028  6.30570E-018  7.87950E-007  1.72149E-022  2.05489E-022  2.18378E-035  7.49786E-035  1.00000E-040  2.07720E-014  5.35288E-019  2.49367E-016  8.09991E-012  1.13128E-037  1.00000E-040  2.91521E-010  1.52118E-033  4.72162E-011  6.24933E-025  9.96844E-001  1.60642E-020  1.96704E-013  1.31760E-010  1.00000E-040  1.65313E-040  3.54257E-026  1.21203E-021  4.39087E-014  1.46827E-013  1.61100E-011  5.96644E-015  2.65213E-007  1.46277E-009  3.82205E-008  4.65523E-013  2.29155E-014  3.34712E-020  1.39200E-013  2.55683E-011  2.05900E-011  1.34093E-030  1.23826E-034  1.00000E-040  5.70191E-030  7.57389E-013  4.69341E-024  1.05047E-019  8.96791E-016  1.65320E-022  4.31408E-022  6.48170E-037  7.37844E-035  1.00000E-040  1.00000E-040  9.67346E-029  2.77671E-037  1.57037E-034  1.22048E-022  5.83622E-015  1.77307E-032  3.81332E-033  1.12474E-021  1.06641E-015  1.86190E-016  1.16076E-014  1.23433E-023  9.08248E-011  1.00000E-040  2.58121E-017  2.17543E-038  8.84939E-023  1.02964E-027  5.38602E-021  2.09654E-022  2.31208E-010  2.40652E-021  3.24637E-021  3.78453E-013  3.08556E-014  9.58897E-040  1.00000E-040  2.62324E-021  1.00000E-040  5.04889E-022  3.14102E-011  2.91696E-034  1.00000E-003  1.00000E-005  1.00000E-005  1.00000E-005  1.00000E-005  1.00000E-005  1.00000E-005  1.00000E-005  1.00000E-005  1.00000E-005  1.00000E-005  1.00000E-005  1.00000E-005  1.00000E-005  1.00000E-005  1.00000E-005  
7.50000E+000  4.19775E-001  1.24527E+019  2.44158E+002  1.00000E+005  2.22346E-004  1.00000E-040  1.00000E-040  1.58942E-011  1.00000E-040  1.00000E-040  1.00000E-040  1.00000E-040  1.00000E-040  1.00000E-040  1.00000E-040  1.00000E-040  1.00000E-040  1.00000E-040  1.33030E-022  1.00000E-040  1.00000E-040  4.18418E-019  4.97397E-007  4.28411E-004  1.76267E-013  3.23083E-014  2.11960E-003  2.29634E-008  2.83013E-004  1.68299E-020  5.67688E-011  1.00000E-040  1.00000E-040  8.98917E-029  5.28697E-018  7.86701E-007  2.40459E-022  1.60541E-022  1.75591E-035  3.99780E-035  1.00000E-040  8.15585E-015  3.27789E-019  3.94266E-016  6.77660E-012  9.91931E-038  1.00000E-040  2.83378E-010  7.42156E-034  4.71033E-011  1.40342E-024  9.97167E-001  2.03337E-020  1.90405E-013  9.62848E-011  1.00000E-040  1.99996E-040  2.77185E-026  9.30607E-022  1.15130E-013  1.78431E-013  1.47456E-011  4.61951E-015  2.63825E-007  1.27579E-009  4.89757E-008  6.40778E-013  2.72366E-014  3.28807E-020  3.02217E-013  2.79466E-011  1.30527E-011  1.11986E-030  1.26638E-034  1.00000E-040  6.33096E-030  6.56979E-013  4.69490E-024  1.01699E-019  8.11918E-016  2.21018E-022  3.42274E-022  6.46513E-037  2.53184E-035  1.00000E-040  1.00000E-040  1.24012E-028  3.03031E-037  1.15474E-034  9.70067E-023  3.62781E-015  1.28377E-032  4.80875E-033  1.54263E-021  1.85058E-015  1.79412E-016  1.51481E-014  7.00044E-024  8.74277E-011  1.00000E-040  5.30509E-017  2.02297E-038  1.13588E-022  6.69163E-028  5.38758E-021  1.40774E-022  1.10391E-010  2.18165E-021  4.83765E-021  3.25011E-013  3.08685E-014  6.67404E-040  1.00000E-040  1.59252E-021  1.00000E-040  2.21497E-022  3.11752E-011  2.85897E-034  1.00000E-003  1.00000E-005  1.00000E-005  1.00000E-005  1.00000E-005  1.00000E-005  1.00000E-005  1.00000E-005  1.00000E-005  1.00000E-005  1.00000E-005  1.00000E-005  1.00000E-005  1.00000E-005  1.00000E-005  1.00000E-005  
8.50000E+000  3.65827E-001  1.11826E+019  2.36946E+002  1.00000E+005  1.37147E-004  1.00000E-040  1.00000E-040  1.24245E-010  1.00000E-040  1.00000E-040  1.00000E-040  1.00000E-040  1.00000E-040  1.00000E-040  1.00000E-040  1.00000E-040  1.00000E-040  1.00000E-040  1.38269E-022  1.00000E-040  1.00000E-040  4.02298E-019  4.97362E-007  2.31102E-004  1.75077E-013  4.74308E-014  2.12000E-003  2.17805E-008  2.83071E-004  1.28579E-020  4.06617E-011  1.00000E-040  1.00000E-040  6.55927E-029  4.21031E-018  7.85547E-007  3.36728E-022  1.22079E-022  1.44259E-035  1.96220E-035  1.00000E-040  3.34309E-015  2.22480E-019  6.33346E-016  6.37057E-012  8.20528E-038  1.00000E-040  2.75243E-010  3.29982E-034  4.70047E-011  3.20711E-024  9.97364E-001  2.50208E-020  1.76032E-013  6.87384E-011  1.00000E-040  2.48292E-040  2.18419E-026  6.85673E-022  2.89492E-013  2.00542E-013  1.30129E-011  3.44123E-015  2.62314E-007  1.07294E-009  6.11025E-008  8.83017E-013  2.98694E-014  4.77441E-020  6.18676E-013  3.05984E-011  5.17232E-012  9.38020E-031  1.25826E-034  1.00000E-040  6.64615E-030  5.37435E-013  4.69580E-024  9.86442E-020  7.29034E-016  2.87492E-022  2.64289E-022  6.44668E-037  7.45540E-036  1.00000E-040  1.00000E-040  1.54865E-028  3.14829E-037  7.86387E-035  7.38096E-023  2.09997E-015  8.41486E-033  6.00124E-033  2.08867E-021  3.69469E-015  1.59579E-016  1.91862E-014  3.60151E-024  8.33572E-011  1.00000E-040  1.12061E-016  1.85463E-038  1.41813E-022  4.18913E-028  5.38844E-021  8.73474E-023  4.60498E-011  2.15865E-021  6.99769E-021  2.59343E-013  3.08738E-014  7.38176E-040  1.00000E-040  8.69629E-022  1.00000E-040  9.03138E-023  3.09751E-011  2.78919E-034  1.00000E-003  1.00000E-005  1.00000E-005  1.00000E-005  1.00000E-005  1.00000E-005  1.00000E-005  1.00000E-005  1.00000E-005  1.00000E-005  1.00000E-005  1.00000E-005  1.00000E-005  1.00000E-005  1.00000E-005  1.00000E-005  
9.50000E+000  3.17520E-001  1.00010E+019  2.29955E+002  9.61769E+004  7.41870E-005  1.00000E-040  1.00000E-040  4.40090E-010  1.00000E-040  1.00000E-040  1.00000E-040  1.00000E-040  1.00000E-040  1.00000E-040  1.00000E-040  1.00000E-040  1.00000E-040  1.00000E-040  7.40390E-021  1.00000E-040  1.00000E-040  3.86649E-019  4.97225E-007  1.22856E-004  1.73485E-013  6.84458E-014  2.12021E-003  2.07186E-008  2.83104E-004  9.47883E-021  2.79507E-011  1.00000E-040  1.00000E-040  4.75284E-029  3.34589E-018  7.84405E-007  4.72105E-022  9.18572E-023  1.22063E-035  9.51828E-036  1.00000E-040  1.44421E-015  1.82223E-019  1.00533E-015  6.49136E-012  6.89551E-038  1.00000E-040  2.67151E-010  1.43361E-034  4.69140E-011  7.44714E-024  9.97472E-001  2.99963E-020  1.53790E-013  4.83680E-011  1.00000E-040  2.97533E-040  1.75592E-026  4.89274E-022  6.22173E-013  2.06503E-013  1.13076E-011  2.53532E-015  2.60673E-007  8.85489E-010  7.43852E-008  1.21172E-012  2.96864E-014  8.48833E-020  1.12491E-012  3.36999E-011  2.26795E-012  8.29176E-031  1.24423E-034  1.00000E-040  6.76487E-030  3.97098E-013  4.69627E-024  9.61547E-020  6.58253E-016  3.47012E-022  2.03044E-022  6.42601E-037  1.90692E-036  1.00000E-040  1.00000E-040  1.88807E-028  3.25897E-037  5.18352E-035  5.49453E-023  1.20367E-015  5.46017E-033  7.51231E-033  2.83528E-021  7.79043E-015  1.36786E-016  2.31339E-014  1.75473E-024  7.88116E-011  1.00000E-040  2.40059E-016  1.73855E-038  1.63376E-022  2.59422E-028  5.38879E-021  5.10502E-023  1.88251E-011  2.31099E-021  9.88453E-021  1.84433E-013  3.08745E-014  1.59944E-039  1.00000E-040  4.62359E-022  1.00000E-040  3.62388E-023  3.07964E-011  2.70756E-034  1.00000E-003  1.00000E-005  1.00000E-005  1.00000E-005  1.00000E-005  1.00000E-005  1.00000E-005  1.00000E-005  1.00000E-005  1.00000E-005  1.00000E-005  1.00000E-005  1.00000E-005  1.00000E-005  1.00000E-005  1.00000E-005  
1.05000E+001  2.74474E-001  8.88836E+018  2.23664E+002  6.85565E+004  3.06005E-005  1.00000E-040  1.00000E-040  1.44594E-008  1.00000E-040  1.00000E-040  1.00000E-040  1.00000E-040  1.00000E-040  1.00000E-040  1.00000E-040  1.00000E-040  1.00000E-040  1.00000E-040  3.74732E-019  1.00000E-040  1.00000E-040  3.88577E-019  4.96957E-007  6.86245E-005  1.77425E-013  1.00892E-013  2.12030E-003  1.96413E-008  2.83122E-004  7.25468E-021  1.95340E-011  1.00000E-040  1.00000E-040  3.78195E-029  2.81971E-018  7.83009E-007  6.59280E-022  6.70567E-023  1.00790E-034  1.00869E-033  1.00000E-040  6.18657E-016  1.99994E-019  1.51161E-015  6.90175E-012  6.21529E-038  1.00000E-040  2.57899E-010  6.69295E-035  4.68112E-011  1.71217E-023  9.97526E-001  3.40613E-020  1.20779E-013  3.25524E-011  1.00000E-040  2.90078E-040  1.41336E-026  3.30816E-022  1.18796E-012  1.88670E-013  9.93172E-012  1.89532E-015  2.58600E-007  7.19803E-010  9.09440E-008  1.73156E-012  2.85951E-014  1.55517E-019  1.90632E-012  3.84758E-011  1.66697E-012  8.50643E-031  1.25243E-034  1.00000E-040  7.02603E-030  2.37904E-013  4.69648E-024  9.40218E-020  5.97656E-016  3.62281E-022  1.56510E-022  6.39870E-037  3.78792E-037  1.00000E-040  1.00000E-040  2.31411E-028  3.52480E-037  3.36395E-035  4.03940E-023  6.98720E-016  3.91078E-033  9.50139E-033  3.85145E-021  1.54329E-014  1.21374E-016  2.65839E-014  8.34957E-025  7.33197E-011  1.00000E-040  4.99864E-016  1.67117E-038  1.50591E-022  1.56651E-028  5.38877E-021  2.74691E-023  8.25591E-012  2.65020E-021  1.40941E-020  1.05082E-013  3.08718E-014  4.93088E-039  1.00000E-040  2.62883E-022  1.00000E-040  1.47504E-023  3.06003E-011  2.60000E-034  1.00000E-003  1.00000E-005  1.00000E-005  1.00000E-005  1.00000E-005  1.00000E-005  1.00000E-005  1.00000E-005  1.00000E-005  1.00000E-005  1.00000E-005  1.00000E-005  1.00000E-005  1.00000E-005  1.00000E-005  1.00000E-005  
1.15000E+001  2.36384E-001  7.83500E+018  2.18522E+002  2.37960E+004  7.28312E-006  1.00000E-040  1.00000E-040  1.02103E-008  1.00000E-040  1.00000E-040  1.00000E-040  1.00000E-040  1.00000E-040  1.00000E-040  1.00000E-040  1.00000E-040  1.00000E-040  1.00000E-040  3.75231E-019  1.00000E-040  1.00000E-040  4.09764E-019  4.96247E-007  4.21981E-005  1.91237E-013  1.70370E-013  2.12030E-003  1.79227E-008  2.83134E-004  6.04313E-021  1.44497E-011  1.00000E-040  1.00000E-040  3.57238E-029  2.64833E-018  7.80092E-007  9.08023E-022  4.04976E-023  1.60228E-035  1.00000E-040  1.00000E-040  1.90112E-016  2.63120E-019  1.95512E-015  7.62614E-012  5.86183E-038  1.00000E-040  2.40995E-010  3.67207E-035  4.66110E-011  4.04820E-023  9.97553E-001  2.93461E-020  6.15954E-014  1.66723E-011  1.00000E-040  3.21230E-040  1.00989E-026  1.77014E-022  2.38362E-012  1.15035E-013  8.88807E-012  1.47524E-015  2.54322E-007  5.43324E-010  1.24044E-007  3.09467E-012  3.16511E-014  2.87736E-019  3.57999E-012  5.17702E-011  2.75035E-012  1.38241E-030  1.29486E-034  1.00000E-040  8.35533E-030  6.37775E-014  4.69650E-024  9.14726E-020  5.30174E-016  2.90841E-022  1.16463E-022  6.33869E-037  3.30967E-038  1.00000E-040  1.00000E-040  3.17082E-028  4.22526E-037  1.84172E-035  2.73910E-023  3.63888E-016  3.37432E-033  1.18979E-032  4.89285E-021  2.54742E-014  1.16713E-016  2.99453E-014  3.61841E-025  6.34983E-011  1.00000E-040  9.66676E-016  1.47027E-038  9.34208E-023  7.63219E-029  5.38818E-021  1.05445E-023  3.65319E-012  3.28894E-021  2.26548E-020  2.57113E-014  3.08623E-014  3.15153E-038  1.00000E-040  1.73224E-022  1.00000E-040  5.65522E-024  3.02297E-011  2.38598E-034  1.00000E-003  1.00000E-005  1.00000E-005  1.00000E-005  1.00000E-005  1.00000E-005  1.00000E-005  1.00000E-005  1.00000E-005  1.00000E-005  1.00000E-005  1.00000E-005  1.00000E-005  1.00000E-005  1.00000E-005  1.00000E-005  
1.25000E+001  2.02948E-001  6.85076E+018  2.14567E+002  1.42829E+004  1.80124E-006  1.00000E-040  1.00000E-040  7.92969E-009  1.00000E-040  1.00000E-040  1.00000E-040  1.00000E-040  1.00000E-040  1.00000E-040  1.00000E-040  1.00000E-040  1.00000E-040  1.00000E-040  3.77526E-019  1.00000E-040  1.00000E-040  4.51155E-019  4.94372E-007  2.76745E-005  2.23591E-013  3.38156E-013  2.12021E-003  1.51387E-008  2.83147E-004  5.98938E-021  1.22579E-011  1.00000E-040  1.00000E-040  4.28856E-029  2.87337E-018  7.73345E-007  1.19517E-021  1.87879E-023  5.48202E-035  8.40764E-034  1.00000E-040  4.42240E-017  3.27528E-019  2.03288E-015  8.21139E-012  5.90041E-038  1.00000E-040  2.09172E-010  2.48641E-035  4.61758E-011  2.76953E-022  9.97567E-001  1.51427E-020  1.44225E-014  5.18799E-012  1.00000E-040  1.83902E-040  5.78245E-027  7.70420E-023  4.95332E-012  2.96786E-014  8.24549E-012  1.26199E-015  2.44882E-007  4.00780E-010  1.93220E-007  6.93147E-012  4.72898E-014  5.64801E-019  7.02880E-012  9.03635E-011  4.93526E-012  3.85822E-030  1.42205E-034  1.00000E-040  1.20631E-029  4.34569E-015  4.69636E-024  8.95418E-020  4.80894E-016  1.75804E-022  9.18709E-023  6.19548E-037  1.38247E-039  1.00000E-040  1.00000E-040  4.97944E-028  5.70847E-037  9.00360E-036  1.63844E-023  1.76180E-016  3.76713E-033  1.28491E-032  5.52964E-021  3.11810E-014  1.27147E-016  3.22496E-014  1.42563E-025  4.78826E-011  1.00000E-040  1.74129E-015  1.09472E-038  4.16722E-023  2.71830E-029  5.38644E-021  2.94263E-024  1.74136E-012  4.25297E-021  4.22517E-020  1.48956E-015  3.08368E-014  2.16274E-038  1.00000E-040  1.46665E-022  1.00000E-040  2.16283E-024  2.94473E-011  1.95693E-034  1.00000E-003  1.00000E-005  1.00000E-005  1.00000E-005  1.00000E-005  1.00000E-005  1.00000E-005  1.00000E-005  1.00000E-005  1.00000E-005  1.00000E-005  1.00000E-005  1.00000E-005  1.00000E-005  1.00000E-005  1.00000E-005  
1.35000E+001  1.73804E-001  5.95480E+018  2.11402E+002  6.95701E+003  4.76768E-007  1.00000E-040  1.00000E-040  5.66745E-009  1.00000E-040  1.00000E-040  1.00000E-040  1.00000E-040  1.00000E-040  1.00000E-040  1.00000E-040  1.00000E-040  1.00000E-040  1.00000E-040  3.80395E-019  1.00000E-040  1.00000E-040  5.23887E-019  4.90270E-007  2.04881E-005  2.88847E-013  7.04864E-013  2.12003E-003  1.16392E-008  2.83163E-004  7.00514E-021  1.17475E-011  1.00000E-040  1.00000E-040  6.60444E-029  3.58431E-018  7.59957E-007  1.42519E-021  7.10173E-024  1.67931E-034  1.88027E-033  1.00000E-040  1.70124E-017  3.53956E-019  1.76331E-015  7.65247E-012  6.70963E-038  1.00000E-040  1.62119E-010  2.02549E-035  4.53609E-011  3.49730E-021  9.97575E-001  6.08278E-021  1.82905E-015  9.18969E-013  1.00000E-040  1.54339E-040  2.76408E-027  4.00136E-023  9.20231E-012  3.99801E-015  8.26529E-012  1.18961E-015  2.27664E-007  3.32234E-010  3.08837E-007  1.51308E-011  8.52440E-014  9.12164E-019  1.22855E-011  1.72429E-010  8.83991E-012  8.43186E-030  1.70828E-034  1.00000E-040  1.94963E-029  9.78647E-017  4.69603E-024  9.27471E-020  5.05071E-016  1.02447E-022  8.69467E-023  5.90975E-037  1.63579E-040  1.00000E-040  1.00000E-040  8.06631E-028  8.11639E-037  5.85037E-036  1.03461E-023  9.70270E-017  5.46312E-033  1.16457E-032  5.53066E-021  2.90931E-014  1.55680E-016  3.24702E-014  6.60487E-026  3.01645E-011  1.00000E-040  3.08022E-015  7.37894E-039  1.82943E-023  8.32718E-030  5.38263E-021  9.95591E-025  1.01502E-012  5.20270E-021  8.26144E-020  2.62590E-017  3.07817E-014  2.57649E-038  1.00000E-040  1.60333E-022  1.00000E-040  8.82720E-025  2.80301E-011  1.37048E-034  1.00000E-003  1.00000E-005  1.00000E-005  1.00000E-005  1.00000E-005  1.00000E-005  1.00000E-005  1.00000E-005  1.00000E-005  1.00000E-005  1.00000E-005  1.00000E-005  1.00000E-005  1.00000E-005  1.00000E-005  1.00000E-005  
1.45000E+001  1.48532E-001  5.15323E+018  2.08764E+002  5.42540E+003  1.71481E-007  1.00000E-040  1.00000E-040  3.87994E-009  1.00000E-040  1.00000E-040  1.00000E-040  1.00000E-040  1.00000E-040  1.00000E-040  1.00000E-040  1.00000E-040  1.00000E-040  1.00000E-040  3.83246E-019  1.00000E-040  1.00000E-040  6.16060E-019  4.82443E-007  1.62733E-005  3.90641E-013  1.41889E-012  2.11975E-003  8.21634E-009  2.83188E-004  8.82320E-021  1.18136E-011  1.00000E-040  1.00000E-040  1.14491E-028  4.77590E-018  7.36444E-007  1.47559E-021  2.13101E-024  1.00000E-040  1.00000E-040  1.00000E-040  1.03045E-017  3.20120E-019  1.34887E-015  5.88026E-012  7.86988E-038  1.00000E-040  1.06373E-010  1.81883E-035  4.40071E-011  3.09049E-020  9.97579E-001  3.64368E-021  1.39341E-016  9.09987E-014  1.00000E-040  1.67073E-040  1.59105E-027  2.84836E-023  1.58168E-011  5.79722E-016  8.64893E-012  1.15964E-015  2.00784E-007  3.01302E-010  4.66806E-007  2.98945E-011  1.51336E-013  1.17573E-018  1.94919E-011  3.06739E-010  1.08001E-011  1.08548E-029  2.14408E-034  1.00000E-040  3.10125E-029  9.48389E-019  4.69550E-024  1.10223E-019  6.35235E-016  7.30118E-023  1.00429E-022  5.41958E-037  1.00000E-040  1.00000E-040  1.00000E-040  1.24569E-027  1.08011E-036  5.48387E-036  8.01814E-024  5.92291E-017  8.99490E-033  1.11452E-032  4.45397E-021  2.11220E-014  1.99489E-016  3.13350E-014  8.60821E-026  1.50455E-011  1.00000E-040  5.23247E-015  6.18948E-039  9.98000E-024  3.37339E-030  5.37544E-021  4.91882E-025  6.67192E-013  5.44763E-021  1.57483E-019  1.91097E-019  3.06786E-014  1.00000E-040  1.00000E-040  1.97581E-022  1.00000E-040  3.81365E-025  2.57720E-011  7.33374E-035  1.00000E-003  1.00000E-005  1.00000E-005  1.00000E-005  1.00000E-005  1.00000E-005  1.00000E-005  1.00000E-005  1.00000E-005  1.00000E-005  1.00000E-005  1.00000E-005  1.00000E-005  1.00000E-005  1.00000E-005  1.00000E-005  
1.55000E+001  1.26718E-001  4.43769E+018  2.06823E+002  4.40851E+003  6.24445E-008  1.00000E-040  1.00000E-040  2.35224E-009  1.00000E-040  1.00000E-040  1.00000E-040  1.00000E-040  1.00000E-040  1.00000E-040  1.00000E-040  1.00000E-040  1.00000E-040  1.00000E-040  3.86386E-019  1.00000E-040  1.00000E-040  7.92610E-019  4.70913E-007  1.43723E-005  5.47133E-013  2.57828E-012  2.11946E-003  5.88986E-009  2.83217E-004  1.17369E-020  1.22326E-011  1.00000E-040  1.00000E-040  2.20377E-028  6.75716E-018  7.04271E-007  1.36827E-021  5.64523E-025  1.69639E-035  1.90554E-034  1.00000E-040  6.28508E-018  2.66865E-019  1.02078E-015  3.88908E-012  1.03653E-037  1.00000E-040  5.99903E-011  1.83955E-035  4.22514E-011  1.95808E-019  9.97581E-001  3.84002E-021  8.01475E-018  5.98569E-015  1.00000E-040  2.95379E-040  1.89402E-027  2.82733E-023  2.53183E-011  3.66556E-016  9.18900E-012  1.15353E-015  1.69164E-007  2.75611E-010  6.19412E-007  4.97564E-011  2.28375E-013  1.19675E-018  2.82195E-011  4.57976E-010  1.05568E-011  1.04417E-029  2.77505E-034  1.00000E-040  4.45859E-029  5.55906E-021  4.69489E-024  1.52590E-019  8.90521E-016  7.53359E-023  1.39701E-022  4.78526E-037  1.00000E-040  1.00000E-040  1.00000E-040  1.70920E-027  1.37717E-036  7.47601E-036  8.31834E-024  4.23046E-017  1.66549E-032  1.84221E-032  2.97870E-021  1.33180E-014  2.63103E-016  2.94490E-014  3.21279E-025  6.28573E-012  1.00000E-040  8.14710E-015  1.09083E-038  8.49794E-024  2.97556E-030  5.36495E-021  3.82870E-025  4.97213E-013  5.02386E-021  2.74418E-019  8.89675E-022  3.05283E-014  3.04892E-040  1.00000E-040  2.71212E-022  1.00000E-040  2.04702E-025  2.29867E-011  2.32751E-035  1.00000E-003  1.00000E-005  1.00000E-005  1.00000E-005  1.00000E-005  1.00000E-005  1.00000E-005  1.00000E-005  1.00000E-005  1.00000E-005  1.00000E-005  1.00000E-005  1.00000E-005  1.00000E-005  1.00000E-005  1.00000E-005  
1.65000E+001  1.08001E-001  3.79484E+018  2.06134E+002  3.94335E+003  1.00000E-040  1.00000E-040  1.00000E-040  1.28066E-009  1.00000E-040  1.00000E-040  1.00000E-040  1.00000E-040  1.00000E-040  1.00000E-040  1.00000E-040  1.00000E-040  1.00000E-040  1.00000E-040  3.90823E-019  1.00000E-040  1.00000E-040  1.19511E-018  4.55067E-007  1.44688E-005  8.06499E-013  4.38714E-012  2.11919E-003  4.57990E-009  2.83252E-004  1.69533E-020  1.32367E-011  1.00000E-040  1.00000E-040  5.02421E-028  1.05599E-017  6.62941E-007  1.09722E-021  1.21176E-025  1.00000E-040  1.00000E-040  1.00000E-040  3.50430E-018  2.02776E-019  7.15299E-016  2.16436E-012  1.53500E-037  1.00000E-040  2.81404E-011  2.32388E-035  4.01096E-011  9.73182E-019  9.97581E-001  4.80213E-021  3.64144E-019  2.81946E-016  1.00000E-040  8.85746E-040  3.71182E-027  3.73552E-023  3.80145E-011  4.27415E-016  1.01414E-011  1.20576E-015  1.35465E-007  2.55028E-010  7.38331E-007  7.24679E-011  3.08874E-013  9.90590E-019  3.75252E-011  6.00517E-010  8.36219E-012  9.10201E-030  3.73787E-034  1.00000E-040  5.98791E-029  2.13541E-023  4.69426E-024  2.40413E-019  1.38002E-015  1.08320E-022  2.30485E-022  4.03528E-037  1.00000E-040  1.00000E-040  1.00000E-040  2.14069E-027  1.70814E-036  1.44599E-035  1.12504E-023  3.51417E-017  3.74412E-032  4.56111E-032  1.58284E-021  7.20239E-015  3.61731E-016  2.70035E-014  1.41726E-024  2.15959E-012  1.00000E-040  1.07799E-014  3.20933E-038  1.09477E-023  4.96487E-030  5.35060E-021  4.40448E-025  4.25989E-013  4.01424E-021  4.49776E-019  2.96378E-024  3.03230E-014  1.00000E-040  1.00000E-040  4.46264E-022  1.00000E-040  1.47260E-025  1.97845E-011  1.00000E-040  1.00000E-003  1.00000E-005  1.00000E-005  1.00000E-005  1.00000E-005  1.00000E-005  1.00000E-005  1.00000E-005  1.00000E-005  1.00000E-005  1.00000E-005  1.00000E-005  1.00000E-005  1.00000E-005  1.00000E-005  1.00000E-005  
1.75000E+001  9.20578E-002  3.21947E+018  2.07106E+002  3.89374E+003  1.00000E-040  1.00000E-040  1.00000E-040  6.21120E-010  1.00000E-040  1.00000E-040  1.00000E-040  1.00000E-040  1.00000E-040  1.00000E-040  1.00000E-040  1.00000E-040  1.00000E-040  1.00000E-040  3.97229E-019  1.00000E-040  1.00000E-040  2.00882E-018  4.35307E-007  1.45829E-005  1.18147E-012  7.16160E-012  2.11899E-003  4.03108E-009  2.83291E-004  2.52583E-020  1.46024E-011  1.00000E-040  1.00000E-040  1.25024E-027  1.76723E-017  6.14630E-007  7.60370E-022  2.07868E-026  1.00000E-040  1.00000E-040  1.00000E-040  1.75405E-018  1.40231E-019  4.56381E-016  1.05029E-012  2.28958E-037  1.00000E-040  1.09437E-011  3.69987E-035  3.77313E-011  4.00113E-018  9.97581E-001  6.06579E-021  2.34781E-020  1.80200E-017  1.00000E-040  3.17249E-039  8.69293E-027  5.73822E-023  5.54211E-011  5.18472E-016  1.10577E-011  1.28068E-015  1.03849E-007  2.19789E-010  8.03271E-007  9.75768E-011  3.80719E-013  8.98467E-019  4.70635E-011  6.96576E-010  5.35836E-012  7.77604E-030  4.92414E-034  1.00000E-040  7.18414E-029  6.23812E-026  4.69366E-024  4.08379E-019  2.28544E-015  1.85103E-022  4.21484E-022  3.24676E-037  1.12757E-040  1.00000E-040  1.00000E-040  2.49199E-027  2.01018E-036  3.28660E-035  1.75388E-023  3.09265E-017  9.50021E-032  1.30301E-031  6.37355E-022  3.32790E-015  4.93354E-016  2.41092E-014  6.01731E-024  6.35213E-013  1.00000E-040  1.08582E-014  1.06624E-037  1.72227E-023  1.04046E-029  5.33266E-021  6.04685E-025  3.92047E-013  2.69613E-021  7.01703E-019  7.74128E-027  3.00667E-014  1.00000E-040  1.00000E-040  8.17788E-022  1.00000E-040  1.37028E-025  1.64735E-011  1.00000E-040  1.00000E-003  1.00000E-005  1.00000E-005  1.00000E-005  1.00000E-005  1.00000E-005  1.00000E-005  1.00000E-005  1.00000E-005  1.00000E-005  1.00000E-005  1.00000E-005  1.00000E-005  1.00000E-005  1.00000E-005  1.00000E-005  
1.85000E+001  7.85609E-002  2.72054E+018  2.09155E+002  3.93732E+003  1.00000E-040  1.00000E-040  1.00000E-040  2.64216E-010  1.00000E-040  1.00000E-040  1.00000E-040  1.00000E-040  1.00000E-040  1.00000E-040  1.00000E-040  1.00000E-040  1.00000E-040  1.00000E-040  4.04308E-019  1.00000E-040  1.00000E-040  3.58975E-018  4.12180E-007  1.47095E-005  1.71468E-012  1.13223E-011  2.11884E-003  3.87407E-009  2.83332E-004  3.78487E-020  1.61175E-011  1.00000E-040  1.00000E-040  3.22901E-027  3.04947E-017  5.61547E-007  4.42615E-022  2.67098E-027  4.44917E-037  4.85003E-036  1.00000E-040  7.75859E-019  8.62141E-020  2.55289E-016  4.37935E-013  3.06330E-037  1.00000E-040  3.52283E-012  6.77068E-035  3.52453E-011  1.38928E-017  9.97581E-001  7.53371E-021  8.12060E-021  6.03822E-018  1.00000E-040  1.17274E-038  2.13612E-026  9.54731E-023  7.76394E-011  6.12280E-016  1.18811E-011  1.35439E-015  7.67657E-008  1.78469E-010  8.17555E-007  1.21307E-010  4.35522E-013  7.99881E-019  5.56435E-011  7.29925E-010  2.88049E-012  6.64962E-030  6.39327E-034  1.00000E-040  7.95965E-029  2.20447E-028  4.69311E-024  7.16818E-019  3.89638E-015  3.38791E-022  8.09373E-022  2.48879E-037  2.66591E-040  1.00000E-040  1.00000E-040  2.75814E-027  2.08207E-036  8.10390E-035  2.94886E-023  2.82849E-017  2.55532E-031  3.87295E-031  2.08886E-022  1.31058E-015  6.61647E-016  2.09556E-014  2.32757E-023  1.65089E-013  1.00000E-040  9.11606E-015  3.56543E-037  2.95782E-023  2.35905E-029  5.31146E-021  9.13877E-025  3.78009E-013  1.50572E-021  1.04956E-018  2.40232E-029  2.97639E-014  1.00000E-040  1.00000E-040  1.57719E-021  1.00000E-040  1.48184E-025  1.32934E-011  1.00000E-040  1.00000E-003  1.00000E-005  1.00000E-005  1.00000E-005  1.00000E-005  1.00000E-005  1.00000E-005  1.00000E-005  1.00000E-005  1.00000E-005  1.00000E-005  1.00000E-005  1.00000E-005  1.00000E-005  1.00000E-005  1.00000E-005  
1.95000E+001  6.71566E-002  2.30004E+018  2.11480E+002  4.20491E+003  1.00000E-040  1.00000E-040  1.00000E-040  1.00114E-010  1.00000E-040  1.00000E-040  1.00000E-040  1.00000E-040  1.00000E-040  1.00000E-040  1.00000E-040  1.00000E-040  1.00000E-040  1.00000E-040  4.09937E-019  1.00000E-040  1.00000E-040  6.49841E-018  3.86337E-007  1.48438E-005  2.46283E-012  1.74697E-011  2.11873E-003  3.84399E-009  2.83375E-004  5.54846E-020  1.73988E-011  1.00000E-040  4.01756E-040  8.15734E-027  5.18306E-017  5.05798E-007  2.10923E-022  2.40272E-028  1.00000E-040  1.00000E-040  1.00000E-040  2.94724E-019  4.53761E-020  1.20939E-016  1.53464E-013  3.25150E-037  1.00000E-040  9.39046E-013  1.26173E-034  3.27545E-011  4.13810E-017  9.97581E-001  9.12267E-021  5.18473E-021  3.70813E-018  1.00000E-040  4.11906E-038  5.12905E-026  1.62393E-022  1.03188E-010  6.85425E-016  1.25920E-011  1.40210E-015  5.50715E-008  1.40277E-010  8.00233E-007  1.38348E-010  4.70209E-013  6.05390E-019  6.20250E-011  7.03330E-010  1.29877E-012  5.69082E-030  8.28345E-034  1.00000E-040  8.47851E-029  1.98379E-029  4.69258E-024  1.26051E-018  6.56994E-015  6.25602E-022  1.55573E-021  1.81504E-037  6.53979E-040  1.00000E-040  1.00000E-040  2.97347E-027  1.74574E-036  2.02731E-034  5.05826E-023  2.62938E-017  6.75351E-031  1.11653E-030  6.01247E-023  4.34487E-016  8.65993E-016  1.77921E-014  7.81423E-023  3.86605E-014  1.00000E-040  7.25897E-015  1.14411E-036  5.18508E-023  5.30834E-029  5.28733E-021  1.42755E-024  3.70610E-013  6.91267E-022  1.51968E-018  1.86082E-030  2.94198E-014  1.00000E-040  1.00000E-040  2.98944E-021  1.00000E-040  1.64459E-025  1.04071E-011  1.00000E-040  1.00000E-003  1.00000E-005  1.00000E-005  1.00000E-005  1.00000E-005  1.00000E-005  1.00000E-005  1.00000E-005  1.00000E-005  1.00000E-005  1.00000E-005  1.00000E-005  1.00000E-005  1.00000E-005  1.00000E-005  1.00000E-005  
2.05000E+001  5.75063E-002  1.94970E+018  2.13631E+002  4.72335E+003  1.00000E-040  1.00000E-040  1.00000E-040  3.37692E-011  1.00000E-040  1.00000E-040  1.00000E-040  1.00000E-040  1.00000E-040  1.00000E-040  1.00000E-040  1.00000E-040  1.00000E-040  1.00000E-040  4.11923E-019  1.00000E-040  1.00000E-040  1.16883E-017  3.59232E-007  1.49777E-005  3.51099E-012  2.66613E-011  2.11863E-003  3.80771E-009  2.83416E-004  7.90346E-020  1.82535E-011  1.00000E-040  1.67194E-039  1.97301E-026  8.52525E-017  4.50751E-007  8.36512E-023  1.53167E-029  1.00000E-040  1.00000E-040  1.00000E-040  9.68783E-020  2.04135E-020  4.86309E-017  4.58418E-014  2.64119E-037  1.00000E-040  2.13701E-013  2.25910E-034  3.03990E-011  1.07200E-016  9.97581E-001  1.08560E-020  3.45315E-021  2.39392E-018  1.00000E-040  1.29618E-037  1.13907E-025  2.69147E-022  1.28694E-010  7.12751E-016  1.32706E-011  1.42490E-015  3.89464E-008  1.09889E-010  7.71759E-007  1.44743E-010  4.90801E-013  3.72431E-019  6.49651E-011  6.32384E-010  5.39333E-013  4.87833E-030  1.08174E-033  1.00000E-040  8.98399E-029  5.66286E-030  4.69202E-024  2.16177E-018  1.07486E-014  1.12230E-021  2.88863E-021  1.27135E-037  1.50163E-039  1.00000E-040  1.00000E-040  3.19220E-027  1.17540E-036  4.89609E-034  8.45573E-023  2.45373E-017  1.70164E-030  2.95457E-030  1.62925E-023  1.22772E-016  1.10904E-015  1.48445E-014  2.22774E-022  8.45946E-015  1.00000E-040  5.93372E-015  3.38835E-036  8.85460E-023  1.10716E-028  5.26131E-021  2.17823E-024  3.63760E-013  2.67278E-022  2.16217E-018  4.94361E-031  2.90494E-014  1.00000E-040  1.00000E-040  5.42430E-021  1.00000E-040  1.76112E-025  7.96670E-012  1.00000E-040  1.00000E-003  1.00000E-005  1.00000E-005  1.00000E-005  1.00000E-005  1.00000E-005  1.00000E-005  1.00000E-005  1.00000E-005  1.00000E-005  1.00000E-005  1.00000E-005  1.00000E-005  1.00000E-005  1.00000E-005  1.00000E-005  
2.15000E+001  4.93174E-002  1.65764E+018  2.15490E+002  5.25999E+003  1.00000E-040  1.00000E-040  1.00000E-040  8.56757E-012  1.00000E-040  1.00000E-040  1.00000E-040  1.00000E-040  1.00000E-040  1.00000E-040  1.00000E-040  1.00000E-040  1.00000E-040  1.00000E-040  4.08066E-019  1.00000E-040  1.00000E-040  2.09451E-017  3.31735E-007  1.51071E-005  5.00139E-012  4.07210E-011  2.11853E-003  3.71767E-009  2.83453E-004  1.10087E-019  1.86558E-011  1.00000E-040  6.29144E-039  4.60371E-026  1.36019E-016  3.98034E-007  2.80074E-023  7.04595E-031  8.90435E-037  1.00620E-035  1.00000E-040  2.74580E-020  7.82103E-021  1.66339E-017  1.17853E-014  1.65111E-037  1.00000E-040  4.22886E-014  3.86334E-034  2.82285E-011  2.45428E-016  9.97581E-001  1.28255E-020  2.30164E-021  1.58203E-018  1.00000E-040  3.61677E-037  2.30883E-025  4.30523E-022  1.50306E-010  6.83883E-016  1.39628E-011  1.43420E-015  2.74010E-008  8.66559E-011  7.42862E-007  1.39596E-010  5.03316E-013  1.86926E-019  6.39534E-011  5.37148E-010  3.25179E-013  4.19539E-030  1.43765E-033  1.00000E-040  9.68342E-029  1.63558E-030  4.69139E-024  3.61005E-018  1.71162E-014  1.94943E-021  5.16889E-021  8.61893E-038  3.15956E-039  1.00000E-040  1.00000E-040  3.45940E-027  6.45135E-037  1.13694E-033  1.36587E-022  2.26311E-017  4.11060E-030  7.06634E-030  4.26453E-024  2.95245E-017  1.39917E-015  1.22100E-014  5.42348E-022  1.75108E-015  1.00000E-040  5.10440E-015  9.22695E-036  1.46175E-022  2.09963E-028  5.23391E-021  3.20117E-024  3.53758E-013  8.86623E-023  3.06248E-018  1.30941E-031  2.86603E-014  1.00000E-040  1.00000E-040  9.48495E-021  1.00000E-040  1.79375E-025  5.98029E-012  1.00000E-040  1.00000E-003  1.00000E-005  1.00000E-005  1.00000E-005  1.00000E-005  1.00000E-005  1.00000E-005  1.00000E-005  1.00000E-005  1.00000E-005  1.00000E-005  1.00000E-005  1.00000E-005  1.00000E-005  1.00000E-005  1.00000E-005  
2.25000E+001  4.23523E-002  1.41154E+018  2.17320E+002  5.99062E+003  1.00000E-040  1.00000E-040  1.00000E-040  8.34206E-036  1.00000E-040  1.00000E-040  1.00000E-040  1.00000E-040  1.00000E-040  1.00000E-040  1.00000E-040  1.00000E-040  1.00000E-040  1.00000E-040  3.96803E-019  1.00000E-040  1.00000E-040  3.80986E-017  3.04369E-007  1.52303E-005  7.17605E-012  6.28189E-011  2.11843E-003  3.57370E-009  2.83488E-004  1.52691E-019  1.87894E-011  1.00000E-040  2.19986E-038  1.07230E-025  2.15256E-016  3.48332E-007  8.01742E-024  2.64313E-032  1.73079E-036  1.95733E-035  1.00000E-040  6.64343E-021  2.54738E-021  4.85325E-018  2.62836E-015  8.26587E-038  1.00000E-040  7.35557E-015  6.61030E-034  2.62502E-011  5.03408E-016  9.97581E-001  1.52209E-020  1.51404E-021  1.07027E-018  1.00000E-040  9.07931E-037  4.31314E-025  6.74474E-022  1.65233E-010  6.08713E-016  1.46448E-011  1.45115E-015  1.92782E-008  6.81376E-011  7.13493E-007  1.24970E-010  5.08982E-013  8.07369E-020  5.92544E-011  4.33825E-010  3.69229E-013  3.63606E-030  1.95780E-033  1.00000E-040  1.06857E-028  4.54000E-031  4.69068E-024  5.93518E-018  2.70645E-014  3.33063E-021  9.07702E-021  5.72693E-038  6.39151E-039  1.00000E-040  1.00000E-040  3.79903E-027  3.00007E-037  2.60365E-033  2.16394E-022  2.02922E-017  9.90114E-030  1.54461E-029  1.06514E-024  5.97023E-018  1.75707E-015  9.89117E-015  1.16102E-021  3.41990E-016  1.00000E-040  4.48215E-015  2.33327E-035  2.36825E-022  3.65446E-028  5.20530E-021  4.58623E-024  3.39930E-013  2.55240E-023  4.35140E-018  3.41336E-032  2.82555E-014  2.89680E-040  1.00000E-040  1.65791E-020  1.00000E-040  1.79054E-025  4.39841E-012  1.00000E-040  1.00000E-003  1.00000E-005  1.00000E-005  1.00000E-005  1.00000E-005  1.00000E-005  1.00000E-005  1.00000E-005  1.00000E-005  1.00000E-005  1.00000E-005  1.00000E-005  1.00000E-005  1.00000E-005  1.00000E-005  1.00000E-005  
2.35000E+001  3.64191E-002  1.20374E+018  2.19136E+002  6.81524E+003  1.00000E-040  1.00000E-040  1.00000E-040  1.60441E-035  1.00000E-040  1.00000E-040  1.00000E-040  1.00000E-040  1.00000E-040  1.00000E-040  1.00000E-040  1.00000E-040  1.00000E-040  1.00000E-040  3.76586E-019  1.00000E-040  1.00000E-040  7.15356E-017  2.77768E-007  1.53450E-005  1.04432E-011  9.80062E-011  2.11835E-003  3.37962E-009  2.83518E-004  2.12718E-019  1.86957E-011  1.00000E-040  7.22656E-038  2.53396E-025  3.40959E-016  3.02397E-007  1.99361E-024  3.73140E-033  2.72004E-036  3.07623E-035  1.00000E-040  1.35764E-021  7.08448E-022  1.22429E-018  5.14497E-016  3.43686E-038  1.00000E-040  1.14460E-015  1.14350E-033  2.44742E-011  9.37687E-016  9.97582E-001  1.82831E-020  9.79730E-022  7.44634E-019  1.00000E-040  2.07941E-036  7.50464E-025  1.04715E-021  1.72620E-010  5.10956E-016  1.51668E-011  1.48736E-015  1.36528E-008  5.26023E-011  6.80247E-007  1.03950E-010  5.00177E-013  3.07496E-020  5.21694E-011  3.34722E-010  3.77480E-013  3.19785E-030  2.76702E-033  1.00000E-040  1.21592E-028  1.19525E-031  4.68985E-024  9.64880E-018  4.28606E-014  5.63001E-021  1.57308E-020  3.88017E-038  1.27436E-038  1.00000E-040  1.00000E-040  4.23161E-027  1.21211E-037  5.99225E-033  3.39715E-022  1.73848E-017  2.41763E-029  3.09232E-029  2.54573E-025  1.01294E-018  2.21440E-015  7.91489E-015  2.23270E-021  6.28256E-017  1.00000E-040  4.03487E-015  5.57197E-035  3.80435E-022  5.93091E-028  5.17578E-021  6.51469E-024  3.20170E-013  6.49603E-024  6.22016E-018  8.31582E-033  2.78400E-014  3.53522E-040  1.00000E-040  2.94459E-020  1.00000E-040  1.78229E-025  3.17119E-012  1.00000E-040  1.00000E-003  1.00000E-005  1.00000E-005  1.00000E-005  1.00000E-005  1.00000E-005  1.00000E-005  1.00000E-005  1.00000E-005  1.00000E-005  1.00000E-005  1.00000E-005  1.00000E-005  1.00000E-005  1.00000E-005  1.00000E-005  
2.45000E+001  3.13591E-002  1.02738E+018  2.21080E+002  7.73991E+003  1.00000E-040  1.00000E-040  1.00000E-040  3.80293E-035  1.00000E-040  1.00000E-040  1.00000E-040  1.00000E-040  1.00000E-040  1.00000E-040  1.00000E-040  1.00000E-040  1.00000E-040  1.00000E-040  3.46960E-019  1.00000E-040  1.00000E-040  1.41567E-016  2.52265E-007  1.54506E-005  1.54372E-011  1.54516E-010  2.11829E-003  3.14927E-009  2.83544E-004  2.99136E-019  1.84208E-011  1.00000E-040  2.29821E-037  6.15304E-025  5.45652E-016  2.60363E-007  4.35071E-025  9.13443E-035  9.36398E-038  1.07969E-036  1.00000E-040  2.32387E-022  1.68636E-022  2.68847E-019  8.91202E-017  1.22352E-038  1.00000E-040  1.61103E-016  2.04160E-033  2.28890E-011  1.59599E-015  9.97582E-001  2.23012E-020  6.23556E-022  5.31488E-019  1.00000E-040  4.41867E-036  1.23296E-024  1.62793E-021  1.73220E-010  4.10321E-016  1.54021E-011  1.55198E-015  9.75808E-009  3.97967E-011  6.38588E-007  8.05405E-011  4.67133E-013  1.08100E-020  4.40301E-011  2.46397E-010  3.78806E-013  2.86683E-030  4.07249E-033  1.00000E-040  1.41945E-028  2.97591E-032  4.68891E-024  1.55839E-017  6.84905E-014  9.47575E-021  2.71019E-020  2.91259E-038  2.57886E-038  1.00000E-040  1.00000E-040  4.76437E-027  4.34721E-038  1.40447E-032  5.33499E-022  1.40465E-017  6.07647E-029  5.74348E-029  5.70233E-026  1.43431E-019  2.81005E-015  6.24860E-015  3.92541E-021  1.07089E-017  1.00000E-040  3.65879E-015  1.27046E-034  6.11008E-022  9.12062E-028  5.14528E-021  9.28111E-024  2.94740E-013  1.47209E-024  8.91714E-018  1.91857E-033  2.74137E-014  1.90274E-040  1.00000E-040  5.38713E-020  1.00000E-040  1.82271E-025  2.23621E-012  1.00000E-040  1.00000E-003  1.00000E-005  1.00000E-005  1.00000E-005  1.00000E-005  1.00000E-005  1.00000E-005  1.00000E-005  1.00000E-005  1.00000E-005  1.00000E-005  1.00000E-005  1.00000E-005  1.00000E-005  1.00000E-005  1.00000E-005  
2.55000E+001  2.70393E-002  8.77906E+017  2.23082E+002  8.74643E+003  1.00000E-040  1.00000E-040  1.00000E-040  9.31563E-035  1.00000E-040  1.00000E-040  1.00000E-040  1.00000E-040  1.00000E-040  1.00000E-040  1.00000E-040  1.00000E-040  1.00000E-040  1.00000E-040  3.08173E-019  1.00000E-040  1.00000E-040  2.97506E-016  2.28205E-007  1.55466E-005  2.29760E-011  2.44029E-010  2.11825E-003  2.89878E-009  2.83565E-004  4.19128E-019  1.78554E-011  1.00000E-040  7.25958E-037  1.50299E-024  8.72179E-016  2.22363E-007  8.44297E-026  6.27863E-034  1.09119E-036  1.22928E-035  1.00000E-040  3.35075E-023  3.45730E-023  5.19545E-020  1.38583E-017  3.76710E-039  1.00000E-040  2.07879E-017  3.69534E-033  2.14852E-011  2.48892E-015  9.97582E-001  2.73941E-020  3.94376E-022  3.86149E-019  1.00000E-040  8.77616E-036  1.92341E-024  2.51278E-021  1.68412E-010  3.18138E-016  1.52926E-011  1.63426E-015  7.05034E-009  3.03812E-011  5.87997E-007  5.83227E-011  4.03126E-013  3.88179E-021  3.59801E-011  1.72180E-010  3.78935E-013  2.61170E-030  6.17457E-033  1.00000E-040  1.67454E-028  7.21262E-033  4.68787E-024  2.48198E-017  1.09187E-013  1.57160E-020  4.59327E-020  2.71840E-038  5.19306E-038  1.00000E-040  1.00000E-040  5.38240E-027  1.38507E-038  3.29262E-032  8.30785E-022  1.06527E-017  1.53698E-028  9.93127E-029  1.18037E-026  1.71511E-020  3.55989E-015  4.87025E-015  6.30559E-021  1.67712E-018  1.00000E-040  3.34748E-015  2.76169E-034  9.70959E-022  1.33567E-027  5.11363E-021  1.31475E-023  2.63922E-013  2.99191E-025  1.26794E-017  4.32164E-034  2.69762E-014  1.00000E-040  1.00000E-040  9.93098E-020  1.00000E-040  1.93359E-025  1.54039E-012  1.82975E-033  1.00000E-003  1.00000E-005  1.00000E-005  1.00000E-005  1.00000E-005  1.00000E-005  1.00000E-005  1.00000E-005  1.00000E-005  1.00000E-005  1.00000E-005  1.00000E-005  1.00000E-005  1.00000E-005  1.00000E-005  1.00000E-005  
2.65000E+001  2.33468E-002  7.51252E+017  2.25091E+002  9.76505E+003  1.00000E-040  1.00000E-040  1.00000E-040  2.29887E-034  1.00000E-040  1.00000E-040  1.00000E-040  1.00000E-040  1.00000E-040  1.00000E-040  1.00000E-040  1.00000E-040  1.00000E-040  1.00000E-040  2.62234E-019  1.00000E-040  1.00000E-040  6.55233E-016  2.05884E-007  1.56326E-005  3.38093E-011  3.80806E-010  2.11822E-003  2.65116E-009  2.83582E-004  5.72548E-019  1.69240E-011  1.00000E-040  2.36149E-036  3.55040E-024  1.36417E-015  1.88410E-007  1.48350E-026  1.84159E-034  4.41933E-037  4.97964E-036  1.00000E-040  4.17877E-024  6.18307E-024  8.97336E-021  1.97953E-018  1.00533E-039  1.00000E-040  2.49009E-018  6.61721E-033  2.02519E-011  3.55631E-015  9.97582E-001  3.33152E-020  2.51952E-022  2.81009E-019  1.00000E-040  1.63499E-035  2.85405E-024  3.77334E-021  1.59275E-010  2.38015E-016  1.49222E-011  1.70761E-015  5.14720E-009  2.46602E-011  5.31465E-007  3.98314E-011  3.14613E-013  2.11838E-021  2.86115E-011  1.13337E-010  3.78874E-013  2.38822E-030  9.35260E-033  1.00000E-040  1.93758E-028  1.78980E-033  4.68679E-024  3.84509E-017  1.70257E-013  2.52470E-020  7.53268E-020  3.25233E-038  9.99372E-038  1.00000E-040  1.00000E-040  6.02403E-027  3.90834E-039  7.42493E-032  1.25871E-021  7.62090E-018  3.75776E-028  1.60541E-028  2.22131E-027  1.78167E-021  4.41935E-015  3.75778E-015  9.18816E-021  2.40858E-019  1.00000E-040  3.05769E-015  5.63582E-034  1.49550E-021  1.85679E-027  5.08037E-021  1.80625E-023  2.29288E-013  5.48772E-026  1.75965E-017  9.97324E-035  2.65251E-014  1.00000E-040  1.00000E-040  1.77268E-019  1.00000E-040  2.11993E-025  1.03610E-012  1.00000E-040  1.00000E-003  1.00000E-005  1.00000E-005  1.00000E-005  1.00000E-005  1.00000E-005  1.00000E-005  1.00000E-005  1.00000E-005  1.00000E-005  1.00000E-005  1.00000E-005  1.00000E-005  1.00000E-005  1.00000E-005  1.00000E-005  
2.75000E+001  2.01857E-002  6.43879E+017  2.27068E+002  1.09262E+004  1.00000E-040  1.00000E-040  1.00000E-040  5.67174E-034  1.00000E-040  1.00000E-040  1.00000E-040  1.00000E-040  1.00000E-040  1.00000E-040  1.00000E-040  1.00000E-040  1.00000E-040  1.00000E-040  2.13054E-019  1.00000E-040  1.00000E-040  1.46105E-015  1.85707E-007  1.57078E-005  4.82180E-011  5.79062E-010  2.11821E-003  2.42989E-009  2.83594E-004  7.47321E-019  1.56604E-011  1.00000E-040  8.04187E-036  7.78051E-024  2.04412E-015  1.58639E-007  2.43558E-027  2.43173E-034  7.82517E-037  8.75860E-036  1.00000E-040  4.75052E-025  9.94593E-025  1.43246E-021  2.70254E-019  2.35492E-040  1.00000E-040  2.81802E-019  1.14463E-032  1.91842E-011  4.66880E-015  9.97582E-001  3.93830E-020  1.66528E-022  2.01557E-019  1.00000E-040  2.85308E-035  4.01535E-024  5.37174E-021  1.46777E-010  1.71156E-016  1.44567E-011  1.73912E-015  3.79744E-009  2.19761E-011  4.73574E-007  2.60433E-011  2.20938E-013  2.45964E-021  2.21956E-011  7.00983E-011  3.78784E-013  2.16031E-030  1.36449E-032  1.00000E-040  2.13038E-028  4.86645E-034  4.68578E-024  5.69728E-017  2.54394E-013  3.85160E-020  1.17314E-019  4.48440E-038  1.75331E-037  1.00000E-040  1.00000E-040  6.59184E-027  9.86352E-040  1.53787E-031  1.81240E-021  5.20697E-018  8.51345E-028  2.42790E-028  3.82878E-028  1.69128E-022  5.27067E-015  2.89495E-015  1.20872E-020  3.22262E-020  1.00000E-040  2.74956E-015  1.05577E-033  2.17937E-021  2.42704E-027  5.04489E-021  2.33083E-023  1.93152E-013  9.27799E-027  2.35105E-017  2.51293E-035  2.60596E-014  8.04704E-040  1.00000E-040  2.93892E-019  1.00000E-040  2.35581E-025  6.83131E-013  1.00000E-040  1.00000E-003  1.00000E-005  1.00000E-005  1.00000E-005  1.00000E-005  1.00000E-005  1.00000E-005  1.00000E-005  1.00000E-005  1.00000E-005  1.00000E-005  1.00000E-005  1.00000E-005  1.00000E-005  1.00000E-005  1.00000E-005  
2.85000E+001  1.74751E-002  5.52783E+017  2.28972E+002  1.22719E+004  1.00000E-040  1.00000E-040  1.00000E-040  1.39487E-033  1.00000E-040  1.00000E-040  1.00000E-040  1.00000E-040  1.00000E-040  1.00000E-040  1.00000E-040  1.00000E-040  1.00000E-040  1.00000E-040  1.65495E-019  1.00000E-040  1.00000E-040  3.17419E-015  1.68157E-007  1.57715E-005  6.57738E-011  8.50724E-010  2.11820E-003  2.25192E-009  2.83601E-004  9.22842E-019  1.41927E-011  1.00000E-040  2.76393E-035  1.53947E-023  2.89527E-015  1.33242E-007  4.05864E-028  1.00000E-040  1.00000E-040  1.00000E-040  1.00000E-040  5.52531E-026  1.58564E-025  2.34252E-022  3.92856E-020  1.00000E-040  1.00000E-040  3.09468E-020  1.88048E-032  1.82811E-011  5.68891E-015  9.97582E-001  4.47225E-020  1.17314E-022  1.41401E-019  5.64682E-035  4.64126E-035  5.32167E-024  7.09207E-021  1.32402E-010  1.18476E-016  1.40523E-011  1.70688E-015  2.83773E-009  2.11221E-011  4.18313E-007  1.66197E-011  1.41738E-013  4.02536E-021  1.68870E-011  4.10887E-011  3.78687E-013  1.91687E-030  1.86861E-032  1.00000E-040  2.18313E-028  1.56087E-034  4.68493E-024  7.96065E-017  3.59317E-013  5.49272E-020  1.70920E-019  6.27771E-038  2.70310E-037  1.00000E-040  1.00000E-040  6.99710E-027  2.38485E-040  2.82326E-031  2.43251E-021  3.45836E-018  1.73839E-027  3.42389E-028  6.98442E-029  1.64401E-023  5.96664E-015  2.25567E-015  1.44274E-020  4.16412E-021  1.00000E-040  2.41576E-015  1.78137E-033  2.94836E-021  2.94896E-027  5.00637E-021  2.75059E-023  1.57996E-013  1.59194E-027  3.00652E-017  7.41489E-036  2.55832E-014  2.10689E-040  1.00000E-040  4.40412E-019  1.00000E-040  2.59593E-025  4.46172E-013  1.00000E-040  1.00000E-003  1.00000E-005  1.00000E-005  1.00000E-005  1.00000E-005  1.00000E-005  1.00000E-005  1.00000E-005  1.00000E-005  1.00000E-005  1.00000E-005  1.00000E-005  1.00000E-005  1.00000E-005  1.00000E-005  1.00000E-005  
2.95000E+001  1.51473E-002  4.75206E+017  2.30872E+002  1.33027E+004  1.00000E-040  1.00000E-040  1.00000E-040  3.41669E-033  1.00000E-040  1.00000E-040  1.00000E-040  1.00000E-040  1.00000E-040  1.00000E-040  1.00000E-040  1.00000E-040  1.00000E-040  1.00000E-040  1.23676E-019  1.00000E-040  1.00000E-040  6.55947E-015  1.53243E-007  1.58245E-005  8.54462E-011  1.20482E-009  2.11819E-003  2.12457E-009  2.83603E-004  1.07808E-018  1.26522E-011  1.00000E-040  9.01519E-035  2.73293E-023  3.86513E-015  1.11707E-007  1.09923E-028  1.00000E-040  1.00000E-040  1.00000E-040  1.00000E-040  1.13217E-026  4.31245E-026  6.85600E-023  1.08588E-020  1.00000E-040  1.00000E-040  3.32394E-021  2.94639E-032  1.75183E-011  6.50703E-015  9.97582E-001  4.85958E-020  9.04511E-023  9.66407E-020  1.55895E-035  7.05051E-035  6.64242E-024  8.63043E-021  1.17372E-010  7.89948E-017  1.38143E-011  1.61018E-015  2.14053E-009  2.09618E-011  3.67258E-007  1.05114E-011  8.50729E-014  7.01205E-021  1.26377E-011  2.30581E-011  3.78585E-013  1.66193E-030  2.37378E-032  1.00000E-040  2.06813E-028  6.25507E-035  4.68429E-024  1.04566E-016  4.78426E-013  7.30608E-020  2.32645E-019  8.33531E-038  3.64228E-037  1.00000E-040  1.00000E-040  7.17906E-027  1.00000E-040  4.54936E-031  3.03118E-021  2.26164E-018  3.18297E-027  4.52355E-028  2.96486E-029  2.84451E-024  6.37460E-015  1.78961E-015  1.58014E-020  5.31990E-022  1.00000E-040  2.04506E-015  2.68882E-033  3.69102E-021  3.32256E-027  4.96247E-021  2.94153E-023  1.25763E-013  4.92518E-028  3.67934E-017  2.70706E-036  2.50906E-014  1.00000E-040  1.00000E-040  5.93178E-019  1.00000E-040  2.80088E-025  2.89876E-013  1.00000E-040  1.00000E-003  1.00000E-005  1.00000E-005  1.00000E-005  1.00000E-005  1.00000E-005  1.00000E-005  1.00000E-005  1.00000E-005  1.00000E-005  1.00000E-005  1.00000E-005  1.00000E-005  1.00000E-005  1.00000E-005  1.00000E-005  
3.05000E+001  1.31457E-002  4.09018E+017  2.32787E+002  1.46946E+004  1.00000E-040  1.00000E-040  1.00000E-040  8.33161E-033  1.00000E-040  1.00000E-040  1.00000E-040  1.00000E-040  1.00000E-040  1.00000E-040  1.00000E-040  1.00000E-040  1.00000E-040  1.00000E-040  8.97691E-020  1.00000E-040  1.00000E-040  1.27753E-014  1.41014E-007  1.58676E-005  1.06036E-010  1.64751E-009  2.11817E-003  2.05026E-009  2.83600E-004  1.19893E-018  1.11312E-011  1.00000E-040  2.65976E-034  4.37643E-023  4.87350E-015  9.36031E-008  1.34884E-028  1.00000E-040  1.00000E-040  1.00000E-040  1.00000E-040  1.05589E-026  5.06721E-026  8.83601E-023  1.30960E-020  1.00000E-040  1.00000E-040  3.52737E-022  4.42526E-032  1.68760E-011  7.09407E-015  9.97582E-001  5.06658E-020  7.73766E-023  6.46264E-020  3.05834E-035  1.00270E-034  7.81700E-024  9.70061E-021  1.03035E-010  5.11403E-017  1.37892E-011  1.46452E-015  1.62640E-009  2.07836E-011  3.21092E-007  6.67943E-012  4.91133E-014  1.22887E-020  9.37196E-012  1.25828E-011  3.78477E-013  1.41090E-030  2.80279E-032  1.00000E-040  1.81950E-028  3.21162E-035  4.68387E-024  1.29293E-016  6.01976E-013  9.08538E-020  2.96507E-019  1.01990E-037  4.32130E-037  1.00000E-040  1.00000E-040  7.12870E-027  1.39619E-040  6.46888E-031  3.51766E-021  1.47556E-018  5.25578E-027  5.61830E-028  4.21914E-029  2.21998E-024  6.43626E-015  1.45020E-015  1.61340E-020  6.89697E-023  1.00000E-040  1.66765E-015  3.64250E-033  4.29282E-021  3.47899E-027  4.91017E-021  2.85885E-023  9.76760E-014  6.32511E-028  4.32620E-017  1.25498E-036  2.45797E-014  1.00000E-040  1.00000E-040  7.22180E-019  1.00000E-040  2.94622E-025  1.88314E-013  1.98956E-032  1.00000E-003  1.00000E-005  1.00000E-005  1.00000E-005  1.00000E-005  1.00000E-005  1.00000E-005  1.00000E-005  1.00000E-005  1.00000E-005  1.00000E-005  1.00000E-005  1.00000E-005  1.00000E-005  1.00000E-005  1.00000E-005  
3.15000E+001  1.14231E-002  3.52213E+017  2.34906E+002  1.63646E+004  1.00000E-040  1.00000E-040  1.00000E-040  2.02332E-032  1.00000E-040  1.00000E-040  1.00000E-040  1.00000E-040  1.00000E-040  1.00000E-040  1.00000E-040  1.00000E-040  1.00000E-040  1.00000E-040  6.40329E-020  1.00000E-040  1.00000E-040  2.36045E-014  1.31641E-007  1.59012E-005  1.26580E-010  2.18732E-009  2.11816E-003  2.03443E-009  2.83593E-004  1.29283E-018  9.76665E-012  1.00000E-040  7.11955E-034  6.48472E-023  5.89882E-015  7.87335E-008  3.80505E-028  6.96609E-035  4.77639E-037  5.28132E-036  1.00000E-040  2.17047E-026  1.23079E-025  2.34470E-022  3.13434E-020  1.00000E-040  1.00000E-040  3.80343E-023  6.55883E-032  1.63446E-011  7.47043E-015  9.97582E-001  5.10978E-020  7.35492E-023  4.26304E-020  1.00000E-040  1.34665E-034  8.73304E-024  1.02167E-020  9.06950E-011  3.26884E-017  1.40072E-011  1.29698E-015  1.24924E-009  2.02540E-011  2.79478E-007  4.33315E-012  2.80435E-014  2.23425E-020  6.95506E-012  6.80156E-012  3.78364E-013  1.18281E-030  3.09461E-032  1.00000E-040  1.49598E-028  2.10137E-035  4.68366E-024  1.52162E-016  7.26226E-013  1.07110E-019  3.59126E-019  1.14274E-037  4.70703E-037  1.00000E-040  1.00000E-040  6.86571E-027  4.89792E-040  8.30765E-031  3.86164E-021  9.80058E-019  8.05170E-027  6.64406E-028  7.81297E-029  3.71426E-024  6.19851E-015  1.20270E-015  1.57529E-020  9.45903E-024  1.00000E-040  1.28960E-015  4.46603E-033  4.71423E-021  3.41314E-027  4.84711E-021  2.55986E-023  7.46747E-014  1.53899E-027  4.91290E-017  7.34809E-037  2.40593E-014  4.96870E-040  1.00000E-040  8.15722E-019  1.00000E-040  3.09989E-025  1.23836E-013  2.00030E-032  1.00000E-003  1.00000E-005  1.00000E-005  1.00000E-005  1.00000E-005  1.00000E-005  1.00000E-005  1.00000E-005  1.00000E-005  1.00000E-005  1.00000E-005  1.00000E-005  1.00000E-005  1.00000E-005  1.00000E-005  1.00000E-005  
3.25000E+001  9.93953E-003  3.03555E+017  2.37162E+002  1.77833E+004  1.00000E-040  1.00000E-040  1.00000E-040  4.88921E-032  1.00000E-040  1.00000E-040  1.00000E-040  1.00000E-040  1.00000E-040  1.00000E-040  1.00000E-040  1.00000E-040  1.00000E-040  1.00000E-040  4.51729E-020  1.00000E-040  1.00000E-040  4.16089E-014  1.24966E-007  1.59265E-005  1.46648E-010  2.82952E-009  2.11815E-003  2.07147E-009  2.83583E-004  1.36175E-018  8.53403E-012  1.00000E-040  1.72764E-033  8.97584E-023  6.86460E-015  6.64806E-008  1.54760E-027  6.57994E-035  5.03714E-037  5.54888E-036  1.00000E-040  6.62148E-026  4.24636E-025  8.89058E-022  1.06693E-019  3.14855E-040  1.00000E-040  4.18896E-024  9.58475E-032  1.58998E-011  7.70323E-015  9.97582E-001  5.02335E-020  7.57566E-023  2.80258E-020  1.00000E-040  1.70846E-034  9.26040E-024  1.01372E-020  8.05095E-011  2.08087E-017  1.44638E-011  1.12570E-015  9.67991E-010  1.93767E-011  2.42474E-007  2.88466E-012  1.61269E-014  4.17019E-020  5.20084E-012  3.69031E-012  3.78246E-013  9.84107E-031  3.23978E-032  1.00000E-040  1.16710E-028  1.65436E-035  4.68357E-024  1.70449E-016  8.41994E-013  1.19775E-019  4.13010E-019  1.17450E-037  4.75536E-037  1.00000E-040  1.00000E-040  6.44559E-027  2.38744E-039  9.76779E-031  4.02660E-021  6.68562E-019  1.15400E-026  7.47045E-028  1.43093E-028  9.18234E-024  5.71989E-015  1.01697E-015  1.48718E-020  1.39226E-024  1.00000E-040  9.61562E-016  5.00613E-033  4.91150E-021  3.15222E-027  4.76992E-021  2.13409E-023  5.62154E-014  5.14023E-027  5.41978E-017  5.15664E-037  2.35279E-014  1.00000E-040  1.00000E-040  8.62874E-019  1.00000E-040  3.25999E-025  8.26080E-014  4.83961E-033  1.00000E-003  1.00000E-005  1.00000E-005  1.00000E-005  1.00000E-005  1.00000E-005  1.00000E-005  1.00000E-005  1.00000E-005  1.00000E-005  1.00000E-005  1.00000E-005  1.00000E-005  1.00000E-005  1.00000E-005  1.00000E-005  
3.35000E+001  8.66082E-003  2.61853E+017  2.39562E+002  1.94692E+004  1.00000E-040  1.00000E-040  1.00000E-040  1.17517E-031  1.00000E-040  1.00000E-040  1.00000E-040  1.00000E-040  1.00000E-040  1.00000E-040  1.00000E-040  1.00000E-040  1.00000E-040  1.00000E-040  3.17103E-020  1.00000E-040  1.00000E-040  7.06269E-014  1.20875E-007  1.59446E-005  1.66277E-010  3.58085E-009  2.11813E-003  2.15797E-009  2.83569E-004  1.41271E-018  7.42556E-012  1.00000E-040  3.85367E-033  1.17503E-022  7.71108E-015  5.63041E-008  8.58573E-027  1.00000E-040  1.00000E-040  1.00000E-040  1.00000E-040  2.83963E-025  2.00148E-024  4.61132E-021  4.96562E-019  1.75382E-039  1.00000E-040  4.71710E-025  1.39145E-031  1.55209E-011  7.84374E-015  9.97582E-001  4.85213E-020  8.23689E-023  1.85262E-020  1.00000E-040  2.05023E-034  9.32655E-024  9.53734E-021  7.23610E-011  1.32845E-017  1.51608E-011  9.64548E-016  7.54769E-010  1.82644E-011  2.09700E-007  1.97637E-012  9.44567E-015  8.23526E-020  3.93460E-012  2.02841E-012  3.78120E-013  8.16315E-031  3.25602E-032  1.00000E-040  8.74618E-029  1.47571E-035  4.68356E-024  1.81822E-016  9.42062E-013  1.27274E-019  4.51432E-019  1.11171E-037  4.52614E-037  1.00000E-040  1.00000E-040  5.92253E-027  1.53155E-038  1.06724E-030  4.00745E-021  4.71778E-019  1.56663E-026  7.99479E-028  2.55202E-028  3.22265E-023  5.07822E-015  8.72107E-016  1.36887E-020  2.21127E-025  1.00000E-040  6.96493E-016  5.17399E-033  4.88045E-021  2.75440E-027  4.67565E-021  1.67335E-023  4.16902E-014  2.28568E-026  5.83688E-017  4.10027E-037  2.29837E-014  1.00000E-040  1.00000E-040  8.65410E-019  1.00000E-040  3.44198E-025  5.58556E-014  1.00000E-040  1.00000E-003  1.00000E-005  1.00000E-005  1.00000E-005  1.00000E-005  1.00000E-005  1.00000E-005  1.00000E-005  1.00000E-005  1.00000E-005  1.00000E-005  1.00000E-005  1.00000E-005  1.00000E-005  1.00000E-005  1.00000E-005  
3.45000E+001  7.55772E-003  2.26055E+017  2.42155E+002  2.14942E+004  1.00000E-040  1.00000E-040  1.00000E-040  2.80914E-031  1.00000E-040  1.00000E-040  1.00000E-040  1.00000E-040  1.00000E-040  1.00000E-040  1.00000E-040  1.00000E-040  1.00000E-040  1.00000E-040  2.22821E-020  1.00000E-040  1.00000E-040  1.16559E-013  1.19356E-007  1.59564E-005  1.85820E-010  4.45027E-009  2.11811E-003  2.29217E-009  2.83552E-004  1.45815E-018  6.45655E-012  1.00000E-040  8.06600E-033  1.47604E-022  8.41977E-015  4.78935E-008  5.20891E-026  1.56261E-034  1.40484E-036  1.52774E-035  1.00000E-040  1.36626E-024  1.03788E-023  2.61988E-020  2.53422E-018  1.03973E-038  1.00000E-040  5.52505E-026  2.02918E-031  1.51962E-011  7.93349E-015  9.97582E-001  4.63924E-020  9.29380E-023  1.24179E-020  1.00000E-040  2.33620E-034  8.94967E-024  8.57901E-021  6.61401E-011  8.59870E-018  1.61116E-011  8.21608E-016  5.92956E-010  1.70466E-011  1.80680E-007  1.39818E-012  5.68018E-015  1.90536E-019  3.02319E-012  1.13905E-012  3.77987E-013  6.79275E-031  3.17305E-032  1.00000E-040  6.35436E-029  1.43133E-035  4.68356E-024  1.85217E-016  1.02352E-012  1.29085E-019  4.70798E-019  9.76299E-038  4.14593E-037  1.00000E-040  1.00000E-040  5.34276E-027  1.04343E-037  1.10089E-030  3.83261E-021  3.47867E-019  2.04516E-026  8.17937E-028  4.48056E-028  1.29008E-022  4.36225E-015  7.56585E-016  1.24002E-020  3.84196E-026  1.00000E-040  4.91076E-016  4.97266E-033  4.65798E-021  2.29307E-027  4.56386E-021  1.24708E-023  3.05424E-014  1.09236E-025  6.16093E-017  3.55494E-037  2.24340E-014  2.69145E-039  1.00000E-040  8.34876E-019  1.00000E-040  3.69115E-025  3.84035E-014  1.00000E-040  1.00000E-003  1.00000E-005  1.00000E-005  1.00000E-005  1.00000E-005  1.00000E-005  1.00000E-005  1.00000E-005  1.00000E-005  1.00000E-005  1.00000E-005  1.00000E-005  1.00000E-005  1.00000E-005  1.00000E-005  1.00000E-005  
3.55000E+001  6.60506E-003  1.95442E+017  2.44780E+002  2.36775E+004  1.00000E-040  1.00000E-040  1.00000E-040  6.67185E-031  1.00000E-040  1.00000E-040  1.00000E-040  1.00000E-040  1.00000E-040  1.00000E-040  1.00000E-040  1.00000E-040  1.00000E-040  1.00000E-040  1.57308E-020  1.00000E-040  1.00000E-040  1.87774E-013  1.20389E-007  1.59623E-005  2.05903E-010  5.44155E-009  2.11808E-003  2.46898E-009  2.83532E-004  1.49966E-018  5.60100E-012  1.00000E-040  1.58914E-032  1.78306E-022  8.91891E-015  4.09326E-008  2.87741E-025  1.00000E-040  1.00000E-040  1.00000E-040  1.00000E-040  6.12769E-024  4.93838E-023  1.35480E-019  1.18136E-017  5.48268E-038  1.00000E-040  7.62439E-027  2.93427E-031  1.49141E-011  8.04574E-015  9.97582E-001  4.41567E-020  1.06303E-022  8.52038E-021  1.00000E-040  2.53339E-034  8.20288E-024  7.40064E-021  6.15855E-011  5.70987E-018  1.73178E-011  6.98060E-016  4.69409E-010  1.58672E-011  1.55357E-007  1.02116E-012  3.52337E-015  5.71785E-019  2.36911E-012  6.58328E-013  3.77841E-013  5.69400E-031  3.03476E-032  1.00000E-040  4.53611E-029  1.43608E-035  4.68355E-024  1.79812E-016  1.07890E-012  1.24692E-019  4.66682E-019  8.00961E-038  3.63091E-037  1.00000E-040  1.00000E-040  4.75516E-027  6.27086E-037  1.08009E-030  3.52035E-021  2.69147E-019  2.56657E-026  7.98834E-028  7.67516E-028  4.91636E-022  3.64049E-015  6.61141E-016  1.11030E-020  7.33007E-027  1.00000E-040  3.45409E-016  4.49998E-033  4.26919E-021  1.83433E-027  4.43501E-021  8.90970E-024  2.20881E-014  4.72099E-025  6.40056E-017  3.21217E-037  2.18846E-014  1.00000E-040  1.00000E-040  7.76126E-019  1.00000E-040  3.98927E-025  2.68608E-014  1.30930E-032  1.00000E-003  1.00000E-005  1.00000E-005  1.00000E-005  1.00000E-005  1.00000E-005  1.00000E-005  1.00000E-005  1.00000E-005  1.00000E-005  1.00000E-005  1.00000E-005  1.00000E-005  1.00000E-005  1.00000E-005  1.00000E-005  
3.65000E+001  5.78111E-003  1.69223E+017  2.47439E+002  2.67395E+004  1.00000E-040  1.00000E-040  1.00000E-040  1.57444E-030  1.00000E-040  1.00000E-040  1.00000E-040  1.00000E-040  1.00000E-040  1.00000E-040  1.00000E-040  1.00000E-040  1.00000E-040  1.00000E-040  1.12111E-020  1.00000E-040  1.00000E-040  2.97017E-013  1.23947E-007  1.59630E-005  2.27162E-010  6.56144E-009  2.11806E-003  2.68566E-009  2.83510E-004  1.54566E-018  4.86883E-012  1.00000E-040  2.99253E-032  2.09254E-022  9.22094E-015  3.52039E-008  1.33985E-024  1.00000E-040  1.00000E-040  1.00000E-040  1.00000E-040  2.36725E-023  1.99771E-022  5.89357E-019  4.65630E-017  2.40100E-037  1.00000E-040  4.02017E-027  4.22406E-031  1.46675E-011  8.21089E-015  9.97582E-001  4.20440E-020  1.22397E-022  6.01694E-021  1.00000E-040  2.63806E-034  7.24309E-024  6.18208E-021  5.84941E-011  3.95118E-018  1.88043E-011  5.93890E-016  3.75276E-010  1.47941E-011  1.33261E-007  7.70310E-013  2.25873E-015  2.12916E-018  1.89605E-012  3.93216E-013  3.77663E-013  4.82889E-031  2.86819E-032  1.00000E-040  3.20124E-029  1.46440E-035  4.68349E-024  1.67304E-016  1.10958E-012  1.15512E-019  4.42557E-019  6.22010E-038  3.08337E-037  1.00000E-040  1.00000E-040  4.18492E-027  3.09836E-036  1.02194E-030  3.12891E-021  2.19742E-019  3.12810E-026  7.51261E-028  1.29039E-027  1.64771E-021  2.96957E-015  5.81602E-016  9.89892E-021  1.55390E-027  1.00000E-040  2.43320E-016  3.88231E-033  3.78622E-021  1.43027E-027  4.29189E-021  6.17313E-024  1.58289E-014  1.71568E-024  6.56156E-017  2.97716E-037  2.13459E-014  3.09412E-039  1.00000E-040  7.02263E-019  1.00000E-040  4.37285E-025  1.91644E-014  1.58377E-032  1.00000E-003  1.00000E-005  1.00000E-005  1.00000E-005  1.00000E-005  1.00000E-005  1.00000E-005  1.00000E-005  1.00000E-005  1.00000E-005  1.00000E-005  1.00000E-005  1.00000E-005  1.00000E-005  1.00000E-005  1.00000E-005  
3.75000E+001  5.06738E-003  1.46760E+017  2.50087E+002  2.97405E+004  1.00000E-040  1.00000E-040  1.00000E-040  3.69108E-030  1.00000E-040  1.00000E-040  1.00000E-040  1.00000E-040  1.00000E-040  1.00000E-040  1.00000E-040  1.00000E-040  1.00000E-040  1.00000E-040  8.09213E-021  1.00000E-040  1.00000E-040  4.62780E-013  1.30005E-007  1.59589E-005  2.50246E-010  7.81282E-009  2.11803E-003  2.93899E-009  2.83487E-004  1.59965E-018  4.25259E-012  1.00000E-040  5.49496E-032  2.40104E-022  9.34139E-015  3.04841E-008  5.16109E-024  1.00000E-040  1.00000E-040  1.00000E-040  1.00000E-040  7.71089E-023  6.74324E-022  2.11391E-018  1.52295E-016  8.61914E-037  1.00000E-040  9.17950E-027  6.04059E-031  1.44491E-011  8.45837E-015  9.97582E-001  4.01788E-020  1.40948E-022  4.39331E-021  1.00000E-040  2.66611E-034  6.22629E-024  5.04962E-021  5.66437E-011  2.89822E-018  2.05977E-011  5.06933E-016  3.03263E-010  1.38678E-011  1.14036E-007  5.99513E-013  1.49660E-015  7.94105E-018  1.55000E-012  2.43224E-013  3.77406E-013  4.15201E-031  2.69427E-032  1.00000E-040  2.24573E-029  1.49557E-035  4.68338E-024  1.50150E-016  1.11805E-012  1.03366E-019  4.04215E-019  4.64037E-038  2.53968E-037  1.00000E-040  1.00000E-040  3.64973E-027  1.23963E-035  9.43902E-031  2.71057E-021  1.89442E-019  3.72405E-026  6.86813E-028  2.12925E-027  4.75314E-021  2.38084E-015  5.15028E-016  8.83529E-021  3.73501E-028  1.00000E-040  1.72934E-016  3.23972E-033  3.27313E-021  1.10789E-027  4.13727E-021  4.19807E-024  1.12788E-014  5.16753E-024  6.65130E-017  2.79374E-037  2.08244E-014  1.00000E-040  1.00000E-040  6.22399E-019  1.00000E-040  4.86075E-025  1.39559E-014  1.46054E-032  1.00000E-003  1.00000E-005  1.00000E-005  1.00000E-005  1.00000E-005  1.00000E-005  1.00000E-005  1.00000E-005  1.00000E-005  1.00000E-005  1.00000E-005  1.00000E-005  1.00000E-005  1.00000E-005  1.00000E-005  1.00000E-005  
3.85000E+001  4.44813E-003  1.27480E+017  2.52728E+002  3.29242E+004  1.00000E-040  1.00000E-040  1.00000E-040  1.00000E-040  1.00000E-040  1.00000E-040  1.00000E-040  1.00000E-040  1.00000E-040  1.00000E-040  1.00000E-040  1.00000E-040  1.00000E-040  1.00000E-040  5.93002E-021  1.00000E-040  1.00000E-040  7.12139E-013  1.38674E-007  1.59504E-005  2.75747E-010  9.19497E-009  2.11800E-003  3.22887E-009  2.83462E-004  1.66248E-018  3.73765E-012  1.00000E-040  1.17765E-031  2.70932E-022  9.31017E-015  2.65345E-008  1.66261E-023  1.00000E-040  1.00000E-040  1.00000E-040  1.00000E-040  2.13745E-022  1.92064E-021  6.31625E-018  4.17847E-016  2.57681E-036  1.00000E-040  2.22212E-026  8.60148E-031  1.42506E-011  8.79719E-015  9.97582E-001  3.86152E-020  1.62060E-022  3.33025E-021  1.00000E-040  2.64166E-034  5.26181E-024  4.06940E-021  5.58337E-011  2.28773E-018  2.27370E-011  4.34582E-016  2.47170E-010  1.30956E-011  9.72713E-008  4.80605E-013  1.02336E-015  2.57180E-017  1.29203E-012  1.55648E-013  3.76970E-013  3.61787E-031  2.52335E-032  1.00000E-040  1.56914E-029  1.52258E-035  4.68320E-024  1.30797E-016  1.10863E-012  9.00114E-020  3.58201E-019  3.36611E-038  1.00000E-040  1.00000E-040  1.00000E-040  3.15664E-027  4.07683E-035  8.60241E-031  2.30507E-021  1.71950E-019  4.35622E-026  6.16484E-028  3.45885E-027  1.18869E-020  1.88356E-015  4.59324E-016  7.92110E-021  1.07056E-028  1.00000E-040  1.24061E-016  2.64489E-033  2.77788E-021  8.71374E-028  3.97189E-021  2.83065E-024  8.01485E-015  1.30650E-023  6.67316E-017  2.64386E-037  2.03188E-014  3.36412E-038  1.00000E-040  5.43437E-019  1.00000E-040  5.46761E-025  1.03297E-014  1.26166E-032  1.00000E-003  1.00000E-005  1.00000E-005  1.00000E-005  1.00000E-005  1.00000E-005  1.00000E-005  1.00000E-005  1.00000E-005  1.00000E-005  1.00000E-005  1.00000E-005  1.00000E-005  1.00000E-005  1.00000E-005  1.00000E-005  
3.95000E+001  3.91009E-003  1.10870E+017  2.55441E+002  3.69865E+004  1.00000E-040  1.00000E-040  1.00000E-040  1.00000E-040  1.00000E-040  1.00000E-040  1.00000E-040  1.00000E-040  1.00000E-040  1.00000E-040  1.00000E-040  1.00000E-040  1.00000E-040  1.00000E-040  4.42127E-021  1.00000E-040  1.00000E-040  1.08595E-012  1.50015E-007  1.59376E-005  3.04206E-010  1.07096E-008  2.11796E-003  3.55401E-009  2.83435E-004  1.74124E-018  3.32007E-012  1.43719E-040  6.19644E-031  3.03582E-022  9.20192E-015  2.32277E-008  4.50664E-023  1.00000E-040  1.00000E-040  1.00000E-040  1.00000E-040  5.06709E-022  4.64410E-021  1.58129E-017  9.67270E-016  6.50345E-036  1.00000E-040  4.65972E-026  1.23882E-030  1.40684E-011  9.21594E-015  9.97582E-001  3.74040E-020  1.86841E-022  2.63682E-021  1.00000E-040  2.59563E-034  4.41941E-024  3.27203E-021  5.59415E-011  1.96664E-018  2.52826E-011  3.74706E-016  2.03340E-010  1.24670E-011  8.25943E-008  3.96541E-013  7.21047E-016  6.78727E-017  1.09550E-012  1.02940E-013  3.76216E-013  3.19617E-031  2.35841E-032  1.00000E-040  1.09131E-029  1.55564E-035  4.68296E-024  1.11691E-016  1.08949E-012  7.71331E-020  3.11561E-019  2.41229E-038  1.72042E-037  1.00000E-040  1.00000E-040  2.70715E-027  1.11840E-034  7.83627E-031  1.94511E-021  1.64111E-019  5.06118E-026  5.50238E-028  5.58060E-027  2.58038E-020  1.47861E-015  4.14055E-016  7.16820E-021  4.20196E-029  1.00000E-040  8.91517E-017  2.13316E-033  2.33936E-021  7.14653E-028  3.79879E-021  1.91187E-024  5.71067E-015  2.78755E-023  6.62938E-017  2.53858E-037  1.98354E-014  1.44352E-036  1.00000E-040  4.71977E-019  1.00000E-040  6.26545E-025  7.77196E-015  1.06815E-032  1.00000E-003  1.00000E-005  1.00000E-005  1.00000E-005  1.00000E-005  1.00000E-005  1.00000E-005  1.00000E-005  1.00000E-005  1.00000E-005  1.00000E-005  1.00000E-005  1.00000E-005  1.00000E-005  1.00000E-005  1.00000E-005  
4.05000E+001  3.44198E-003  9.65657E+016  2.58168E+002  4.09878E+004  1.00000E-040  1.00000E-040  1.00000E-040  1.00000E-040  1.00000E-040  1.00000E-040  1.00000E-040  1.00000E-040  1.00000E-040  1.00000E-040  1.00000E-040  1.00000E-040  1.00000E-040  1.00000E-040  3.35428E-021  1.00000E-040  1.00000E-040  1.64163E-012  1.64155E-007  1.59208E-005  3.36217E-010  1.23539E-008  2.11793E-003  3.91199E-009  2.83408E-004  1.83573E-018  2.98101E-012  1.88611E-039  6.57441E-030  3.38714E-022  9.04347E-015  2.04479E-008  1.04414E-022  8.01972E-035  2.55334E-037  2.73691E-036  1.00000E-040  1.04137E-021  9.67624E-021  3.36943E-017  1.91955E-015  1.41146E-035  1.00000E-040  8.48900E-026  1.91285E-030  1.38990E-011  9.73981E-015  9.97582E-001  3.65625E-020  2.15150E-022  2.20478E-021  1.00000E-040  2.54995E-034  3.71955E-024  2.64229E-021  5.68595E-011  1.84359E-018  2.82819E-011  3.24916E-016  1.68839E-010  1.19829E-011  6.98691E-008  3.36267E-013  5.23048E-016  1.43796E-016  9.43711E-013  7.03614E-014  3.75015E-013  2.86137E-031  2.20534E-032  1.00000E-040  7.57863E-030  1.58349E-035  4.68266E-024  9.41037E-017  1.06452E-012  6.54624E-020  2.67694E-019  1.72895E-038  1.00000E-040  1.00000E-040  1.00000E-040  2.30619E-027  2.60501E-034  7.18276E-031  1.63761E-021  1.63395E-019  5.85173E-026  4.91738E-028  8.91018E-027  4.91980E-020  1.15721E-015  3.77793E-016  6.56809E-021  2.53336E-029  1.00000E-040  6.45940E-017  1.71782E-033  1.96553E-021  6.26956E-028  3.62033E-021  1.30367E-024  4.09169E-015  5.11057E-023  6.53082E-017  2.45545E-037  1.93777E-014  6.21924E-035  1.00000E-040  4.08883E-019  1.00000E-040  7.28090E-025  5.93869E-015  9.00467E-033  1.00000E-003  1.00000E-005  1.00000E-005  1.00000E-005  1.00000E-005  1.00000E-005  1.00000E-005  1.00000E-005  1.00000E-005  1.00000E-005  1.00000E-005  1.00000E-005  1.00000E-005  1.00000E-005  1.00000E-005  1.00000E-005  
4.15000E+001  3.03413E-003  8.42229E+016  2.60928E+002  4.51719E+004  1.00000E-040  1.00000E-040  1.00000E-040  1.00000E-040  1.00000E-040  1.00000E-040  1.00000E-040  1.00000E-040  1.00000E-040  1.00000E-040  1.00000E-040  1.00000E-040  1.00000E-040  1.00000E-040  2.58826E-021  1.00000E-040  1.00000E-040  2.46345E-012  1.81418E-007  1.58997E-005  3.72333E-010  1.41267E-008  2.11789E-003  4.30355E-009  2.83378E-004  1.94687E-018  2.70469E-012  2.63312E-038  6.27115E-029  3.77616E-022  8.86508E-015  1.80804E-008  2.12182E-022  2.40537E-034  6.08042E-037  6.51074E-036  1.00000E-040  1.90122E-021  1.78170E-020  6.27182E-017  3.35061E-015  2.70943E-035  1.00000E-040  1.37346E-025  4.27349E-030  1.37384E-011  1.03757E-014  9.97583E-001  3.61031E-020  2.47666E-022  1.97311E-021  1.00000E-040  2.51495E-034  3.14912E-024  2.15021E-021  5.85190E-011  1.86717E-018  3.18029E-011  2.83343E-016  1.41217E-010  1.16320E-011  5.88728E-008  2.92803E-013  3.90151E-016  2.50730E-016  8.24183E-013  4.96254E-014  3.73287E-013  2.59271E-031  2.06425E-032  1.00000E-040  5.25599E-030  1.60827E-035  4.68228E-024  7.85286E-017  1.03704E-012  5.52485E-020  2.28215E-019  1.24732E-038  1.00000E-040  1.00000E-040  1.00000E-040  1.95260E-027  5.30292E-034  6.64918E-031  1.38018E-021  1.68528E-019  6.75811E-026  4.41947E-028  1.41150E-026  8.41825E-020  9.05370E-016  3.49159E-016  6.10279E-021  2.16204E-029  1.00000E-040  4.70890E-017  1.38646E-033  1.65297E-021  5.98141E-028  3.43701E-021  9.00076E-025  2.95363E-015  8.25997E-023  6.38453E-017  2.39416E-037  1.89446E-014  2.30535E-033  1.00000E-040  3.54499E-019  1.00000E-040  8.56247E-025  4.59234E-015  7.62664E-033  1.00000E-003  1.00000E-005  1.00000E-005  1.00000E-005  1.00000E-005  1.00000E-005  1.00000E-005  1.00000E-005  1.00000E-005  1.00000E-005  1.00000E-005  1.00000E-005  1.00000E-005  1.00000E-005  1.00000E-005  1.00000E-005  
4.25000E+001  2.67826E-003  7.35765E+016  2.63651E+002  5.04170E+004  1.00000E-040  1.00000E-040  1.00000E-040  1.00000E-040  1.00000E-040  1.00000E-040  1.00000E-040  1.00000E-040  1.00000E-040  1.00000E-040  1.00000E-040  1.00000E-040  1.00000E-040  1.00000E-040  2.02862E-021  1.00000E-040  1.00000E-040  3.66946E-012  2.01988E-007  1.58742E-005  4.13190E-010  1.60304E-008  2.11785E-003  4.72538E-009  2.83348E-004  2.07417E-018  2.47723E-012  3.06987E-037  4.61441E-028  4.21039E-022  8.67934E-015  1.60665E-008  3.85834E-022  1.00000E-040  1.00000E-040  1.00000E-040  1.00000E-040  3.13793E-021  2.95390E-020  1.04083E-016  5.24921E-015  4.69594E-035  1.00000E-040  2.00870E-025  1.82213E-029  1.35853E-011  1.11637E-014  9.97583E-001  3.60313E-020  2.83903E-022  1.91232E-021  1.00000E-040  2.49838E-034  2.69109E-024  1.76616E-021  6.08603E-011  2.01134E-018  3.59029E-011  2.48407E-016  1.19016E-010  1.14133E-011  4.94912E-008  2.61475E-013  2.99065E-016  3.71293E-016  7.28969E-013  3.61232E-014  3.71062E-013  2.37697E-031  1.93782E-032  1.00000E-040  3.65256E-030  1.61889E-035  4.68184E-024  6.51263E-017  1.00858E-012  4.64904E-020  1.93592E-019  9.11983E-039  9.95421E-038  1.00000E-040  1.00000E-040  1.64675E-027  9.62988E-034  6.22297E-031  1.16605E-021  1.78262E-019  7.79553E-026  4.00403E-028  2.20862E-026  1.31385E-019  7.10616E-016  3.26737E-016  5.76056E-021  2.22528E-029  1.00000E-040  3.47801E-017  1.12804E-033  1.39331E-021  6.22086E-028  3.25171E-021  6.30740E-025  2.15100E-015  1.20299E-022  6.20503E-017  2.33590E-037  1.85410E-014  1.32655E-034  1.00000E-040  3.07811E-019  1.00000E-040  1.01415E-024  3.59345E-015  6.52663E-033  1.00000E-003  1.00000E-005  1.00000E-005  1.00000E-005  1.00000E-005  1.00000E-005  1.00000E-005  1.00000E-005  1.00000E-005  1.00000E-005  1.00000E-005  1.00000E-005  1.00000E-005  1.00000E-005  1.00000E-005  1.00000E-005  
4.35000E+001  2.36713E-003  6.44247E+016  2.66125E+002  5.66624E+004  1.00000E-040  1.00000E-040  1.00000E-040  1.00000E-040  1.00000E-040  1.00000E-040  1.00000E-040  1.00000E-040  1.00000E-040  1.00000E-040  1.00000E-040  1.00000E-040  1.00000E-040  1.00000E-040  1.61133E-021  1.00000E-040  1.00000E-040  5.41433E-012  2.25879E-007  1.58447E-005  4.59551E-010  1.80697E-008  2.11781E-003  5.17072E-009  2.83317E-004  2.21063E-018  2.28321E-012  2.69171E-036  2.66143E-027  4.67918E-022  8.46714E-015  1.43684E-008  6.40092E-022  1.54611E-033  4.88944E-036  5.23043E-035  1.00000E-040  4.75618E-021  4.48605E-020  1.57104E-016  7.52878E-015  7.47663E-035  1.00000E-040  2.70504E-025  9.92317E-029  1.34398E-011  1.22080E-014  9.97583E-001  3.62978E-020  3.20415E-022  2.00648E-021  1.00000E-040  2.50895E-034  2.33091E-024  1.46382E-021  6.38099E-011  2.26264E-018  4.06008E-011  2.18696E-016  1.01222E-010  1.13348E-011  4.16648E-008  2.38996E-013  2.35558E-016  4.84421E-016  6.53180E-013  2.71823E-014  3.68450E-013  2.20392E-031  1.83176E-032  1.00000E-040  2.56295E-030  1.58376E-035  4.68133E-024  5.38081E-017  9.78551E-013  3.90240E-020  1.63468E-019  6.80932E-039  9.23300E-038  1.00000E-040  1.00000E-040  1.38953E-027  1.58474E-033  5.87515E-031  9.86027E-022  1.90198E-019  8.92426E-026  3.66441E-028  3.36255E-026  1.90091E-019  5.61684E-016  3.08882E-016  5.53336E-021  2.51169E-029  1.00000E-040  2.65550E-017  9.35030E-034  1.17555E-021  6.93647E-028  3.06867E-021  4.49968E-025  1.58029E-015  1.61768E-022  6.01461E-017  2.23632E-037  1.81732E-014  5.13535E-036  1.00000E-040  2.66772E-019  1.00000E-040  1.19551E-024  2.85047E-015  5.67526E-033  1.00000E-003  1.00000E-005  1.00000E-005  1.00000E-005  1.00000E-005  1.00000E-005  1.00000E-005  1.00000E-005  1.00000E-005  1.00000E-005  1.00000E-005  1.00000E-005  1.00000E-005  1.00000E-005  1.00000E-005  1.00000E-005  
4.45000E+001  2.09458E-003  5.65039E+016  2.68494E+002  6.33601E+004  1.00000E-040  1.00000E-040  1.00000E-040  1.00000E-040  1.00000E-040  1.00000E-040  1.00000E-040  1.00000E-040  1.00000E-040  1.00000E-040  1.00000E-040  1.00000E-040  1.00000E-040  1.00000E-040  1.29505E-021  1.00000E-040  1.00000E-040  7.94065E-012  2.53245E-007  1.58109E-005  5.12125E-010  2.02605E-008  2.11777E-003  5.63686E-009  2.83285E-004  2.36691E-018  2.12282E-012  1.88753E-035  1.24274E-026  5.23222E-022  8.27957E-015  1.29372E-008  9.90453E-022  2.05420E-033  1.00000E-040  1.00000E-040  1.00000E-040  6.76524E-021  6.37939E-020  2.20581E-016  1.00999E-014  1.12478E-034  1.00000E-040  3.41817E-025  4.94161E-028  1.33010E-011  1.35009E-014  9.97583E-001  3.69336E-020  3.59256E-022  2.26225E-021  1.00000E-040  2.55886E-034  2.05424E-024  1.22637E-021  6.73237E-011  2.62393E-018  4.60158E-011  1.93511E-016  8.68823E-011  1.13807E-011  3.50696E-008  2.23357E-013  1.90143E-016  5.77909E-016  5.90815E-013  2.10793E-014  3.65553E-013  2.06504E-031  1.74035E-032  1.00000E-040  1.80917E-030  1.52953E-035  4.68077E-024  4.44117E-017  9.49859E-013  3.27864E-020  1.37977E-019  5.24588E-039  8.00409E-038  1.00000E-040  1.00000E-040  1.17143E-027  2.43759E-033  5.61176E-031  8.37350E-022  2.04830E-019  1.02391E-025  3.43692E-028  5.04675E-026  2.59695E-019  4.47718E-016  2.95135E-016  5.41170E-021  3.00343E-029  1.00000E-040  2.06439E-017  7.89620E-034  9.95900E-022  8.15935E-028  2.89047E-021  3.26314E-025  1.17364E-015  2.04520E-022  5.81242E-017  2.12916E-037  1.78430E-014  2.21629E-037  1.00000E-040  2.32364E-019  1.00000E-040  1.41684E-024  2.29221E-015  5.04895E-033  1.00000E-003  1.00000E-005  1.00000E-005  1.00000E-005  1.00000E-005  1.00000E-005  1.00000E-005  1.00000E-005  1.00000E-005  1.00000E-005  1.00000E-005  1.00000E-005  1.00000E-005  1.00000E-005  1.00000E-005  1.00000E-005  
4.55000E+001  1.85525E-003  4.97177E+016  2.70276E+002  6.89710E+004  1.00000E-040  1.00000E-040  1.00000E-040  1.00000E-040  1.00000E-040  1.00000E-040  1.00000E-040  1.00000E-040  1.00000E-040  1.00000E-040  1.00000E-040  1.00000E-040  1.00000E-040  1.00000E-040  1.04907E-021  1.00000E-040  1.00000E-040  1.15041E-011  2.84738E-007  1.57723E-005  5.72035E-010  2.26094E-008  2.11773E-003  6.12439E-009  2.83252E-004  2.51165E-018  1.96971E-012  1.08242E-034  4.82553E-026  5.82621E-022  8.01115E-015  1.17132E-008  1.45605E-021  3.73467E-033  1.00000E-040  1.00000E-040  1.00000E-040  9.15142E-021  8.62419E-020  2.93688E-016  1.29232E-014  1.61992E-034  1.00000E-040  4.14331E-025  2.08868E-027  1.31660E-011  1.53393E-014  9.97583E-001  3.76988E-020  3.89861E-022  2.65993E-021  1.00000E-040  2.67160E-034  1.85952E-024  1.03015E-021  7.14244E-011  3.09513E-018  5.20703E-011  1.71540E-016  7.50782E-011  1.15769E-011  2.97371E-008  2.13112E-013  1.57720E-016  6.50650E-016  5.41986E-013  1.69172E-014  3.62412E-013  1.95164E-031  1.67380E-032  1.00000E-040  1.30363E-030  1.39433E-035  4.68016E-024  3.64240E-017  9.16371E-013  2.73224E-020  1.15262E-019  4.24668E-039  6.62269E-038  1.00000E-040  1.00000E-040  9.94969E-028  3.53443E-033  5.35620E-031  7.05251E-022  2.16442E-019  1.15385E-025  3.36809E-028  7.21185E-026  3.40721E-019  3.60063E-016  2.82828E-016  5.38627E-021  3.72223E-029  1.00000E-040  1.70750E-017  6.95553E-034  8.37273E-022  9.77068E-028  2.71688E-021  2.40662E-025  8.75794E-016  2.50379E-022  5.63090E-017  1.93086E-037  1.75463E-014  1.18969E-038  1.00000E-040  2.00868E-019  1.00000E-040  1.63249E-024  1.86230E-015  4.65707E-033  1.00000E-003  1.00000E-005  1.00000E-005  1.00000E-005  1.00000E-005  1.00000E-005  1.00000E-005  1.00000E-005  1.00000E-005  1.00000E-005  1.00000E-005  1.00000E-005  1.00000E-005  1.00000E-005  1.00000E-005  1.00000E-005  
4.65000E+001  1.64461E-003  4.37991E+016  2.71966E+002  7.80352E+004  1.00000E-040  1.00000E-040  1.00000E-040  1.00000E-040  1.00000E-040  1.00000E-040  1.00000E-040  1.00000E-040  1.00000E-040  1.00000E-040  1.00000E-040  1.00000E-040  1.00000E-040  1.00000E-040  8.56063E-022  1.00000E-040  1.00000E-040  1.66096E-011  3.20401E-007  1.57289E-005  6.40243E-010  2.51466E-008  2.11769E-003  6.63151E-009  2.83218E-004  2.67845E-018  1.84113E-012  5.28629E-034  1.60297E-025  6.67744E-022  7.78560E-015  1.06726E-008  2.05729E-021  6.19945E-033  4.18951E-037  4.48596E-036  1.00000E-040  1.19426E-020  1.12329E-019  3.74968E-016  1.59276E-014  2.31825E-034  1.00000E-040  4.84709E-025  7.55546E-027  1.30349E-011  1.76126E-014  9.97583E-001  3.87602E-020  4.21229E-022  3.24092E-021  1.00000E-040  2.92502E-034  1.76726E-024  8.74826E-022  7.60857E-011  3.70355E-018  5.90319E-011  1.52794E-016  6.53685E-011  1.18973E-011  2.52208E-008  2.07428E-013  1.33669E-016  7.02593E-016  5.00605E-013  1.39516E-014  3.59100E-013  1.85959E-031  1.61870E-032  1.00000E-040  9.45292E-031  1.25904E-035  4.67950E-024  2.98264E-017  8.84718E-013  2.27650E-020  9.62045E-020  3.82057E-039  5.54140E-038  1.00000E-040  1.00000E-040  8.45102E-028  5.04492E-033  5.17403E-031  5.95246E-022  2.29261E-019  1.31621E-025  3.67669E-028  1.02079E-025  4.32805E-019  2.92280E-016  2.73132E-016  5.45605E-021  4.74277E-029  1.00000E-040  1.43259E-017  6.44335E-034  7.05325E-022  1.19603E-027  2.55139E-021  1.80271E-025  6.60168E-016  2.96593E-022  5.44581E-017  1.74361E-037  1.72849E-014  7.44777E-039  1.00000E-040  1.75995E-019  1.00000E-040  1.89145E-024  1.53018E-015  4.56974E-033  1.00000E-003  1.00000E-005  1.00000E-005  1.00000E-005  1.00000E-005  1.00000E-005  1.00000E-005  1.00000E-005  1.00000E-005  1.00000E-005  1.00000E-005  1.00000E-005  1.00000E-005  1.00000E-005  1.00000E-005  1.00000E-005  
4.75000E+001  1.45879E-003  3.87242E+016  2.72852E+002  8.59767E+004  1.00000E-040  1.00000E-040  1.00000E-040  1.00000E-040  1.00000E-040  1.00000E-040  1.00000E-040  1.00000E-040  1.00000E-040  1.00000E-040  1.00000E-040  1.00000E-040  1.00000E-040  1.00000E-040  7.00313E-022  1.00000E-040  1.00000E-040  2.36732E-011  3.60180E-007  1.56810E-005  7.18442E-010  2.78860E-008  2.11765E-003  7.15077E-009  2.83184E-004  2.82238E-018  1.71222E-012  2.20541E-033  4.64880E-025  7.90746E-022  7.47006E-015  9.79479E-009  2.80907E-021  9.41660E-033  1.00000E-040  1.00000E-040  1.00000E-040  1.50117E-020  1.41041E-019  4.61842E-016  1.90473E-014  3.35343E-034  1.00000E-040  5.53512E-025  2.36835E-026  1.29081E-011  2.08562E-014  9.97583E-001  3.96688E-020  4.36339E-022  3.93379E-021  7.42627E-037  3.47568E-034  1.82924E-024  7.50736E-022  8.12642E-011  4.44586E-018  6.67005E-011  1.36206E-016  5.73936E-011  1.23810E-011  2.16316E-008  2.05222E-013  1.16068E-016  7.39312E-016  4.68601E-013  1.18936E-014  3.55680E-013  1.78257E-031  1.59026E-032  1.00000E-040  7.04597E-031  1.05626E-035  4.67880E-024  2.43479E-017  8.49011E-013  1.88382E-020  7.95648E-020  4.15765E-039  4.37991E-038  1.00000E-040  1.00000E-040  7.26447E-028  7.16143E-033  5.02488E-031  4.97707E-022  2.34555E-019  1.48872E-025  4.67268E-028  1.35972E-025  5.34694E-019  2.39975E-016  2.63778E-016  5.61738E-021  6.07189E-029  1.00000E-040  1.30043E-017  6.64857E-034  5.89308E-022  1.44699E-027  2.39750E-021  1.38887E-025  4.99365E-016  3.47493E-022  5.29841E-017  1.47497E-037  1.70597E-014  1.00000E-040  1.00000E-040  1.54994E-019  1.00000E-040  2.11169E-024  1.27329E-015  4.90851E-033  1.00000E-003  1.00000E-005  1.00000E-005  1.00000E-005  1.00000E-005  1.00000E-005  1.00000E-005  1.00000E-005  1.00000E-005  1.00000E-005  1.00000E-005  1.00000E-005  1.00000E-005  1.00000E-005  1.00000E-005  1.00000E-005  
4.85000E+001  1.29452E-003  3.42525E+016  2.73737E+002  9.43451E+004  1.00000E-040  1.00000E-040  1.00000E-040  1.00000E-040  1.00000E-040  1.00000E-040  1.00000E-040  1.00000E-040  1.00000E-040  1.00000E-040  1.00000E-040  1.00000E-040  1.00000E-040  1.00000E-040  5.74479E-022  1.00000E-040  1.00000E-040  3.37425E-011  4.04824E-007  1.56276E-005  8.08065E-010  3.08622E-008  2.11761E-003  7.69195E-009  2.83148E-004  2.99660E-018  1.60479E-012  8.19871E-033  1.20131E-024  1.02249E-021  7.22270E-015  9.04287E-009  3.75013E-021  1.39502E-032  1.00000E-040  1.00000E-040  1.00000E-040  1.84977E-020  1.73423E-019  5.54663E-016  2.23035E-014  5.18892E-034  1.00000E-040  6.19637E-025  6.58024E-026  1.27832E-011  2.48497E-014  9.97583E-001  4.08074E-020  4.52640E-022  4.83795E-021  1.00000E-040  4.59091E-034  2.10519E-024  6.61787E-022  8.70533E-011  5.38422E-018  7.55631E-011  1.22024E-016  5.07166E-011  1.30026E-011  1.85320E-008  2.06610E-013  1.02565E-016  7.63612E-016  4.40522E-013  1.03731E-014  3.52127E-013  1.71820E-031  1.56967E-032  1.00000E-040  5.27029E-031  8.85726E-036  4.67806E-024  1.98555E-017  8.16411E-013  1.55985E-020  6.58317E-020  5.85041E-039  3.58972E-038  1.00000E-040  1.00000E-040  6.23778E-028  1.07839E-032  5.02444E-031  4.17420E-022  2.41189E-019  1.75721E-025  6.91335E-028  1.81128E-025  6.48363E-019  1.98913E-016  2.56573E-016  5.87527E-021  7.81951E-029  2.14732E-035  1.18555E-017  7.62720E-034  4.93772E-022  1.77380E-027  2.25503E-021  1.10209E-025  3.81537E-016  3.99674E-022  5.14519E-017  1.25181E-037  1.68651E-014  1.00000E-040  1.00000E-040  1.42244E-019  1.00000E-040  2.38506E-024  1.07004E-015  5.84031E-033  1.00000E-003  1.00000E-005  1.00000E-005  1.00000E-005  1.00000E-005  1.00000E-005  1.00000E-005  1.00000E-005  1.00000E-005  1.00000E-005  1.00000E-005  1.00000E-005  1.00000E-005  1.00000E-005  1.00000E-005  1.00000E-005  
4.95000E+001  1.14904E-003  3.03984E+016  2.73779E+002  1.04470E+005  1.00000E-040  1.00000E-040  1.00000E-040  1.00000E-040  1.00000E-040  1.00000E-040  1.00000E-040  1.00000E-040  1.00000E-040  1.00000E-040  1.00000E-040  1.00000E-040  1.00000E-040  1.00000E-040  4.69954E-022  1.00000E-040  1.00000E-040  4.75458E-011  4.54410E-007  1.55689E-005  9.11525E-010  3.40970E-008  2.11757E-003  8.25078E-009  2.83112E-004  3.14070E-018  1.49336E-012  2.69568E-032  2.80253E-024  1.44268E-021  6.88885E-015  8.40133E-009  4.90085E-021  1.97150E-032  4.99131E-037  5.35962E-036  1.00000E-040  2.21831E-020  2.07759E-019  6.50276E-016  2.56659E-014  8.66876E-034  1.00000E-040  6.85573E-025  1.63684E-025  1.26599E-011  3.04569E-014  9.97583E-001  4.15320E-020  4.49656E-022  5.81081E-021  1.00000E-040  6.71645E-034  2.69164E-024  6.05356E-022  9.34530E-011  6.51528E-018  8.53034E-011  1.09317E-016  4.51199E-011  1.38101E-011  1.60657E-008  2.10812E-013  9.25579E-017  7.81781E-016  4.19347E-013  9.31682E-015  3.48468E-013  1.66131E-031  1.57406E-032  1.00000E-040  4.05313E-031  6.88729E-036  4.67728E-024  1.61393E-017  7.80702E-013  1.28176E-020  5.39356E-020  1.03330E-038  2.84313E-038  1.00000E-040  1.00000E-040  5.42605E-028  1.72493E-032  5.18673E-031  3.46329E-022  2.39142E-019  2.13152E-025  1.10855E-027  2.27085E-025  7.71721E-019  1.66633E-016  2.49230E-016  6.21612E-021  9.93589E-029  1.00000E-040  1.17076E-017  9.96343E-034  4.09805E-022  2.12975E-027  2.12677E-021  9.24218E-026  2.91933E-016  4.60795E-022  5.03166E-017  9.92465E-038  1.66998E-014  7.78341E-039  1.00000E-040  1.35974E-019  1.00000E-040  2.58851E-024  9.08715E-016  7.57561E-033  1.00000E-003  1.00000E-005  1.00000E-005  1.00000E-005  1.00000E-005  1.00000E-005  1.00000E-005  1.00000E-005  1.00000E-005  1.00000E-005  1.00000E-005  1.00000E-005  1.00000E-005  1.00000E-005  1.00000E-005  1.00000E-005  
5.05000E+001  1.01996E-003  2.69799E+016  2.73816E+002  1.14473E+005  1.00000E-040  1.00000E-040  1.00000E-040  1.00000E-040  1.00000E-040  1.00000E-040  1.00000E-040  1.00000E-040  1.00000E-040  1.00000E-040  1.00000E-040  1.00000E-040  1.00000E-040  1.00000E-040  3.83593E-022  1.00000E-040  1.00000E-040  6.70979E-011  5.09090E-007  1.55046E-005  1.03089E-009  3.76301E-008  2.11753E-003  8.83254E-009  2.83074E-004  3.31852E-018  1.39977E-012  8.14862E-032  6.00177E-024  2.23861E-021  6.62509E-015  7.85339E-009  6.30844E-021  2.68686E-032  1.00000E-040  1.00000E-040  1.00000E-040  2.62175E-020  2.45171E-019  7.48364E-016  2.91260E-014  1.56919E-033  1.00000E-040  7.48895E-025  3.71585E-025  1.25379E-011  3.74106E-014  9.97583E-001  4.23771E-020  4.47340E-022  6.99089E-021  2.95034E-037  1.04917E-033  3.67348E-024  5.90998E-022  1.00508E-010  7.93009E-018  9.65525E-011  9.84064E-017  4.04108E-011  1.47862E-011  1.39104E-008  2.18055E-013  8.46322E-017  7.93831E-016  4.00396E-013  8.52899E-015  3.44711E-013  1.61177E-031  1.58699E-032  1.00000E-040  3.12793E-031  5.34938E-036  4.67647E-024  1.31324E-017  7.48431E-013  1.05554E-020  4.42833E-020  2.07704E-038  2.42531E-038  1.00000E-040  1.00000E-040  4.71576E-028  2.96298E-032  5.72915E-031  2.88639E-022  2.39185E-019  2.78874E-025  1.80801E-027  2.85067E-025  9.05984E-019  1.40987E-016  2.43658E-016  6.65222E-021  1.24954E-028  4.07609E-038  1.16113E-017  1.39031E-033  3.41549E-022  2.58412E-027  2.01457E-021  8.29205E-026  2.25452E-016  5.25251E-022  4.91322E-017  7.88318E-038  1.65606E-014  5.09901E-040  1.00000E-040  1.39857E-019  1.00000E-040  2.84545E-024  7.79799E-016  1.03346E-032  1.00000E-003  1.00000E-005  1.00000E-005  1.00000E-005  1.00000E-005  1.00000E-005  1.00000E-005  1.00000E-005  1.00000E-005  1.00000E-005  1.00000E-005  1.00000E-005  1.00000E-005  1.00000E-005  1.00000E-005  1.00000E-005  
5.15000E+001  9.05305E-004  2.40028E+016  2.73181E+002  1.24475E+005  1.00000E-040  1.00000E-040  1.00000E-040  1.00000E-040  1.00000E-040  1.00000E-040  1.00000E-040  1.00000E-040  1.00000E-040  1.00000E-040  1.00000E-040  1.00000E-040  1.00000E-040  1.00000E-040  3.10814E-022  1.00000E-040  1.00000E-040  9.39540E-011  5.69521E-007  1.54340E-005  1.16920E-009  4.14964E-008  2.11749E-003  9.44281E-009  2.83035E-004  3.47464E-018  1.30480E-012  2.24667E-031  1.19005E-023  3.65765E-021  6.30858E-015  7.38145E-009  8.00910E-021  3.56048E-032  1.00000E-040  1.00000E-040  1.00000E-040  3.03548E-020  2.83724E-019  8.46108E-016  3.27061E-014  2.97133E-033  1.00000E-040  8.13052E-025  7.75536E-025  1.24157E-011  4.67790E-014  9.97583E-001  4.27367E-020  4.30034E-022  8.20979E-021  1.00000E-040  1.68234E-033  5.15630E-024  6.21846E-022  1.08325E-010  9.64579E-018  1.09015E-010  8.85824E-017  3.64004E-011  1.59734E-011  1.21547E-008  2.27925E-013  7.86272E-017  8.04541E-016  3.86165E-013  7.98965E-015  3.40832E-013  1.56571E-031  1.62090E-032  1.00000E-040  2.46646E-031  3.91188E-036  4.67562E-024  1.06634E-017  7.14864E-013  8.64067E-021  3.60824E-020  4.39988E-038  2.10793E-038  1.00000E-040  1.00000E-040  4.14095E-028  5.24669E-032  6.79613E-031  2.38618E-022  2.34408E-019  3.84766E-025  2.88232E-027  3.41349E-025  1.04874E-018  1.20394E-016  2.38012E-016  7.15328E-021  1.53975E-028  1.00000E-040  1.22698E-017  2.03646E-033  2.82593E-022  3.08714E-027  1.91960E-021  8.13661E-026  1.74305E-016  6.02028E-022  4.82463E-017  5.92862E-038  1.64439E-014  1.00000E-040  1.00000E-040  1.53070E-019  1.00000E-040  3.03514E-024  6.75377E-016  1.43755E-032  1.00000E-003  1.00000E-005  1.00000E-005  1.00000E-005  1.00000E-005  1.00000E-005  1.00000E-005  1.00000E-005  1.00000E-005  1.00000E-005  1.00000E-005  1.00000E-005  1.00000E-005  1.00000E-005  1.00000E-005  1.00000E-005  
5.25000E+001  8.03324E-004  2.13589E+016  2.72414E+002  1.34477E+005  1.00000E-040  1.00000E-040  1.00000E-040  1.00000E-040  1.00000E-040  1.00000E-040  1.00000E-040  1.00000E-040  1.00000E-040  1.00000E-040  1.00000E-040  1.00000E-040  1.00000E-040  1.00000E-040  2.49948E-022  1.00000E-040  1.00000E-040  1.31605E-010  6.36316E-007  1.53566E-005  1.32917E-009  4.57452E-008  2.11745E-003  1.00932E-008  2.82995E-004  3.65107E-018  1.21994E-012  5.79899E-031  2.21148E-023  6.10027E-021  6.02666E-015  6.97192E-009  1.00727E-020  4.62646E-032  2.75518E-037  2.96926E-036  1.00000E-040  3.47121E-020  3.24442E-019  9.44035E-016  3.64280E-014  5.69609E-033  1.00000E-040  8.77476E-025  1.50974E-024  1.22920E-011  5.85722E-014  9.97583E-001  4.30064E-020  4.11012E-022  9.57540E-021  5.06373E-037  2.68760E-033  7.20887E-024  7.07581E-022  1.17037E-010  1.17805E-017  1.23227E-010  7.99772E-017  3.29531E-011  1.73705E-011  1.06269E-008  2.40714E-013  7.38069E-017  8.13834E-016  3.74142E-013  7.60408E-015  3.36805E-013  1.52337E-031  1.66618E-032  1.00000E-040  1.95613E-031  2.82265E-036  4.67473E-024  8.65108E-018  6.83001E-013  7.06318E-021  2.93503E-020  9.38487E-038  1.96998E-038  1.00000E-040  1.00000E-040  3.64115E-028  9.31284E-032  8.72770E-031  1.97233E-022  2.32830E-019  5.61495E-025  4.42583E-027  4.05525E-025  1.20152E-018  1.03655E-016  2.33114E-016  7.72282E-021  1.86597E-028  1.00000E-040  1.31665E-017  2.98473E-033  2.33728E-022  3.70676E-027  1.84334E-021  8.66799E-026  1.35442E-016  6.87613E-022  4.73790E-017  4.41032E-038  1.63460E-014  4.58107E-040  1.00000E-040  1.77128E-019  1.00000E-040  3.24549E-024  5.89846E-016  1.99742E-032  1.00000E-003  1.00000E-005  1.00000E-005  1.00000E-005  1.00000E-005  1.00000E-005  1.00000E-005  1.00000E-005  1.00000E-005  1.00000E-005  1.00000E-005  1.00000E-005  1.00000E-005  1.00000E-005  1.00000E-005  1.00000E-005  
5.35000E+001  7.12556E-004  1.90274E+016  2.71241E+002  1.44478E+005  1.00000E-040  1.00000E-040  1.00000E-040  1.00000E-040  1.00000E-040  1.00000E-040  1.00000E-040  1.00000E-040  1.00000E-040  1.00000E-040  1.00000E-040  1.00000E-040  1.00000E-040  1.00000E-040  1.98784E-022  1.00000E-040  1.00000E-040  1.83662E-010  7.10154E-007  1.52716E-005  1.51415E-009  5.04303E-008  2.11741E-003  1.07957E-008  2.82953E-004  3.82110E-018  1.13755E-012  1.40271E-030  3.88282E-023  1.01201E-020  5.72850E-015  6.61427E-009  1.25609E-020  5.86287E-032  1.00000E-040  1.00000E-040  1.00000E-040  3.90896E-020  3.65805E-019  1.04017E-015  4.03144E-014  1.08137E-032  1.00000E-040  9.44402E-025  2.76382E-024  1.21658E-011  7.37371E-014  9.97584E-001  4.28925E-020  3.84736E-022  1.09773E-020  1.00000E-040  4.22483E-033  9.92304E-024  8.56395E-022  1.26796E-010  1.44030E-017  1.39093E-010  7.22220E-017  2.99644E-011  1.90018E-011  9.33678E-009  2.56200E-013  6.99807E-017  8.23706E-016  3.65198E-013  7.35062E-015  3.32608E-013  1.48279E-031  1.72782E-032  1.00000E-040  1.57063E-031  1.96171E-036  4.67379E-024  7.00385E-018  6.51015E-013  5.74456E-021  2.37307E-020  1.97562E-037  1.89340E-038  1.00000E-040  1.00000E-040  3.22124E-028  1.61774E-031  1.19000E-030  1.62071E-022  2.33274E-019  8.43720E-025  6.53151E-027  4.68225E-025  1.36176E-018  8.98737E-017  2.28055E-016  8.31990E-021  2.21512E-028  1.00000E-040  1.46931E-017  4.36165E-033  1.92225E-022  4.42963E-027  1.78783E-021  9.90548E-026  1.05312E-016  7.88062E-022  4.66712E-017  3.16950E-038  1.62641E-014  1.00000E-040  1.00000E-040  2.11961E-019  1.00000E-040  3.41509E-024  5.19120E-016  2.74895E-032  1.00000E-003  1.00000E-005  1.00000E-005  1.00000E-005  1.00000E-005  1.00000E-005  1.00000E-005  1.00000E-005  1.00000E-005  1.00000E-005  1.00000E-005  1.00000E-005  1.00000E-005  1.00000E-005  1.00000E-005  1.00000E-005  
5.45000E+001  6.31705E-004  1.69576E+016  2.69815E+002  1.54480E+005  1.00000E-040  1.00000E-040  1.00000E-040  1.00000E-040  1.00000E-040  1.00000E-040  1.00000E-040  1.00000E-040  1.00000E-040  1.00000E-040  1.00000E-040  1.00000E-040  1.00000E-040  1.00000E-040  1.56142E-022  1.00000E-040  1.00000E-040  2.55906E-010  7.91723E-007  1.51781E-005  1.72747E-009  5.56168E-008  2.11736E-003  1.15685E-008  2.82909E-004  3.99466E-018  1.05987E-012  3.22197E-030  6.50265E-023  1.65074E-020  5.43314E-015  6.30000E-009  1.55637E-020  7.30651E-032  2.96648E-038  3.20736E-037  1.00000E-040  4.34519E-020  4.07711E-019  1.13459E-015  4.43870E-014  2.01025E-032  1.00000E-040  1.01495E-024  4.81043E-024  1.20360E-011  9.27674E-014  9.97584E-001  4.25018E-020  3.55478E-022  1.24285E-020  1.00000E-040  6.51271E-033  1.33929E-023  1.07891E-021  1.37786E-010  1.76454E-017  1.56857E-010  6.52480E-017  2.73549E-011  2.08755E-011  8.22317E-009  2.74409E-013  6.68023E-017  8.34425E-016  3.58597E-013  7.18769E-015  3.28217E-013  1.44352E-031  1.80351E-032  1.00000E-040  1.27014E-031  1.33024E-036  4.67280E-024  5.65846E-018  6.19397E-013  4.65144E-021  1.90905E-020  4.06301E-037  1.85578E-038  1.00000E-040  1.00000E-040  2.86005E-028  2.72349E-031  1.68730E-030  1.32563E-022  2.39794E-019  1.28958E-024  9.29845E-027  5.30973E-025  1.52900E-018  7.83890E-017  2.22769E-016  8.91878E-021  2.57822E-028  1.00000E-040  1.68183E-017  6.29856E-033  1.57357E-022  5.30437E-027  1.75546E-021  1.18388E-025  8.19230E-017  9.04117E-022  4.60446E-017  2.22566E-038  1.61956E-014  1.00000E-040  1.00000E-040  2.58475E-019  1.00000E-040  3.56566E-024  4.60164E-016  3.74254E-032  1.00000E-003  1.00000E-005  1.00000E-005  1.00000E-005  1.00000E-005  1.00000E-005  1.00000E-005  1.00000E-005  1.00000E-005  1.00000E-005  1.00000E-005  1.00000E-005  1.00000E-005  1.00000E-005  1.00000E-005  1.00000E-005  
5.55000E+001  5.59675E-004  1.51111E+016  2.68261E+002  1.64481E+005  1.00000E-040  1.00000E-040  1.00000E-040  1.00000E-040  1.00000E-040  1.00000E-040  1.00000E-040  1.00000E-040  1.00000E-040  1.00000E-040  1.00000E-040  1.00000E-040  1.00000E-040  1.00000E-040  1.20961E-022  1.00000E-040  1.00000E-040  3.56536E-010  8.81783E-007  1.50755E-005  1.97256E-009  6.13780E-008  2.11732E-003  1.24365E-008  2.82862E-004  4.18058E-018  9.88214E-013  7.11096E-030  1.04813E-022  2.63712E-020  5.15254E-015  6.02210E-009  1.91934E-020  8.96851E-032  1.00000E-040  1.00000E-040  1.00000E-040  4.77715E-020  4.50264E-019  1.22818E-015  4.86686E-014  3.64628E-032  1.00000E-040  1.09094E-024  8.04381E-024  1.19017E-011  1.16144E-013  9.97584E-001  4.19514E-020  3.26294E-022  1.39416E-020  1.00000E-040  9.87559E-033  1.77686E-023  1.38761E-021  1.50225E-010  2.16767E-017  1.76761E-010  5.90169E-017  2.50607E-011  2.29976E-011  7.24471E-009  2.95334E-013  6.40007E-017  8.46305E-016  3.53826E-013  7.08308E-015  3.23606E-013  1.40509E-031  1.89106E-032  1.00000E-040  1.02980E-031  8.90048E-037  4.67175E-024  4.56151E-018  5.88342E-013  3.75138E-021  1.52914E-020  8.12814E-037  1.83913E-038  1.00000E-040  1.00000E-040  2.54346E-028  4.43261E-031  2.44142E-030  1.08006E-022  2.56261E-019  1.99150E-024  1.28524E-026  5.96432E-025  1.70326E-018  6.87180E-017  2.17107E-016  9.49685E-021  2.94351E-028  1.00000E-040  1.95427E-017  8.97357E-033  1.28294E-022  6.40334E-027  1.74914E-021  1.44664E-025  6.37370E-017  1.03605E-021  4.54346E-017  1.54208E-038  1.61381E-014  1.00000E-040  1.00000E-040  3.18530E-019  1.00000E-040  3.71842E-024  4.10654E-016  5.05720E-032  1.00000E-003  1.00000E-005  1.00000E-005  1.00000E-005  1.00000E-005  1.00000E-005  1.00000E-005  1.00000E-005  1.00000E-005  1.00000E-005  1.00000E-005  1.00000E-005  1.00000E-005  1.00000E-005  1.00000E-005  1.00000E-005  
5.65000E+001  4.95485E-004  1.34766E+016  2.66298E+002  1.74482E+005  1.00000E-040  1.00000E-040  1.00000E-040  1.00000E-040  1.00000E-040  1.00000E-040  1.00000E-040  1.00000E-040  1.00000E-040  1.00000E-040  1.00000E-040  1.00000E-040  1.00000E-040  1.00000E-040  9.21418E-023  1.00000E-040  1.00000E-040  4.94555E-010  9.81117E-007  1.49628E-005  2.25368E-009  6.78050E-008  2.11728E-003  1.34324E-008  2.82813E-004  4.34606E-018  9.16796E-013  1.50786E-029  1.63822E-022  4.13985E-020  4.84400E-015  5.77492E-009  2.35558E-020  1.08191E-031  1.88304E-037  2.03984E-036  1.00000E-040  5.17262E-020  4.90946E-019  1.31863E-015  5.31827E-014  6.49091E-032  1.00000E-040  1.17635E-024  1.30216E-023  1.17619E-011  1.45140E-013  9.97584E-001  4.09428E-020  2.92836E-022  1.53395E-020  1.00000E-040  1.48450E-032  2.33751E-023  1.80073E-021  1.64363E-010  2.66169E-017  1.98502E-010  5.32206E-017  2.30320E-011  2.53841E-011  6.41394E-009  3.18544E-013  6.15223E-017  8.61080E-016  3.51839E-013  7.03270E-015  3.18751E-013  1.36607E-031  1.99683E-032  1.00000E-040  8.42911E-032  5.72595E-037  4.67063E-024  3.66505E-018  5.56287E-013  3.00270E-021  1.21419E-020  1.57913E-036  1.77055E-038  1.00000E-040  1.00000E-040  2.27668E-028  7.00431E-031  3.55227E-030  8.71471E-023  2.83575E-019  3.09447E-024  1.74023E-026  6.49090E-025  1.87921E-018  6.04342E-017  2.10233E-016  9.96783E-021  3.28435E-028  1.00000E-040  2.35878E-017  1.28322E-032  1.03622E-022  7.72352E-027  1.77246E-021  1.79489E-025  4.93673E-017  1.19324E-021  4.49849E-017  1.02786E-038  1.60897E-014  1.00000E-040  1.00000E-040  3.96190E-019  1.00000E-040  3.79855E-024  3.68825E-016  6.81925E-032  1.00000E-003  1.00000E-005  1.00000E-005  1.00000E-005  1.00000E-005  1.00000E-005  1.00000E-005  1.00000E-005  1.00000E-005  1.00000E-005  1.00000E-005  1.00000E-005  1.00000E-005  1.00000E-005  1.00000E-005  1.00000E-005  
5.75000E+001  4.38277E-004  1.20091E+016  2.64335E+002  1.84483E+005  1.00000E-040  1.00000E-040  1.00000E-040  1.00000E-040  1.00000E-040  1.00000E-040  1.00000E-040  1.00000E-040  1.00000E-040  1.00000E-040  1.00000E-040  1.00000E-040  1.00000E-040  1.00000E-040  6.90952E-023  1.00000E-040  1.00000E-040  6.86904E-010  1.09055E-006  1.48392E-005  2.57452E-009  7.49963E-008  2.11724E-003  1.46070E-008  2.82760E-004  4.53055E-018  8.52244E-013  3.13300E-029  2.50647E-022  6.40077E-020  4.55933E-015  5.55352E-009  2.88407E-020  1.29140E-031  4.75171E-038  5.15689E-037  1.00000E-040  5.54997E-020  5.31854E-019  1.41007E-015  5.79493E-014  1.13446E-031  1.00000E-040  1.27417E-024  2.06380E-023  1.16159E-011  1.79704E-013  9.97584E-001  3.99521E-020  2.62760E-022  1.67689E-020  1.00000E-040  2.22668E-032  3.06417E-023  2.34296E-021  1.80504E-010  3.27813E-017  2.22683E-010  4.80997E-017  2.12281E-011  2.80245E-011  5.66663E-009  3.44139E-013  5.90312E-017  8.78529E-016  3.51177E-013  6.99510E-015  3.13627E-013  1.32713E-031  2.11376E-032  1.00000E-040  6.88013E-032  3.67416E-037  4.66943E-024  2.93677E-018  5.24733E-013  2.39381E-021  9.60153E-021  2.97377E-036  1.71315E-038  1.00000E-040  1.00000E-040  2.03697E-028  1.07791E-030  5.18110E-030  7.00185E-023  3.29851E-019  4.86367E-024  2.32571E-026  7.05338E-025  2.06069E-018  5.33169E-017  2.02586E-016  1.03597E-020  3.59512E-028  1.00000E-040  2.86431E-017  1.82686E-032  8.33325E-023  9.46425E-027  1.82944E-021  2.22710E-025  3.81743E-017  1.36940E-021  4.44813E-017  6.81802E-039  1.60487E-014  1.00000E-040  1.00000E-040  4.97170E-019  1.00000E-040  3.89861E-024  3.33273E-016  9.22242E-032  1.00000E-003  1.00000E-005  1.00000E-005  1.00000E-005  1.00000E-005  1.00000E-005  1.00000E-005  1.00000E-005  1.00000E-005  1.00000E-005  1.00000E-005  1.00000E-005  1.00000E-005  1.00000E-005  1.00000E-005  1.00000E-005  
5.85000E+001  3.87306E-004  1.07051E+016  2.62047E+002  1.94484E+005  1.00000E-040  1.00000E-040  1.00000E-040  1.00000E-040  1.00000E-040  1.00000E-040  1.00000E-040  1.00000E-040  1.00000E-040  1.00000E-040  1.00000E-040  1.00000E-040  1.00000E-040  1.00000E-040  5.08453E-023  1.00000E-040  1.00000E-040  9.50572E-010  1.21097E-006  1.47036E-005  2.94013E-009  8.30765E-008  2.11719E-003  1.60298E-008  2.82703E-004  4.69545E-018  7.88900E-013  6.35817E-029  3.77501E-022  9.81184E-020  4.25499E-015  5.35379E-009  3.52032E-020  1.51798E-031  1.00000E-040  1.00000E-040  1.00000E-040  5.86983E-020  5.69798E-019  1.49969E-015  6.29929E-014  1.96451E-031  1.00000E-040  1.39164E-024  3.21672E-023  1.14628E-011  2.21295E-013  9.97584E-001  3.86765E-020  2.31364E-022  1.79981E-020  3.78444E-037  3.36231E-032  4.04264E-023  3.05262E-021  1.98995E-010  4.03503E-017  2.48798E-010  4.33545E-017  1.96155E-011  3.09290E-011  5.02308E-009  3.71455E-013  5.65558E-017  9.01196E-016  3.53021E-013  6.97431E-015  3.08208E-013  1.28687E-031  2.24970E-032  1.00000E-040  5.64676E-032  2.28196E-037  4.66815E-024  2.34467E-018  4.92241E-013  1.89432E-021  7.52798E-021  5.42950E-036  1.61510E-038  1.00000E-040  1.00000E-040  1.83212E-028  1.62767E-030  7.54071E-030  5.56759E-023  3.98518E-019  7.71155E-024  3.09600E-026  7.45718E-025  2.24051E-018  4.70847E-017  1.93443E-016  1.05746E-020  3.84344E-028  1.00000E-040  3.59386E-017  2.64224E-032  6.63703E-023  1.16466E-026  1.92509E-021  2.77651E-025  2.93285E-017  1.57715E-021  4.40921E-017  4.37150E-039  1.60136E-014  1.00000E-040  1.00000E-040  6.29837E-019  1.00000E-040  3.93028E-024  3.02895E-016  1.25646E-031  1.00000E-003  1.00000E-005  1.00000E-005  1.00000E-005  1.00000E-005  1.00000E-005  1.00000E-005  1.00000E-005  1.00000E-005  1.00000E-005  1.00000E-005  1.00000E-005  1.00000E-005  1.00000E-005  1.00000E-005  1.00000E-005  
5.95000E+001  3.41886E-004  9.54151E+015  2.59526E+002  2.04485E+005  1.00000E-040  1.00000E-040  1.00000E-040  1.00000E-040  1.00000E-040  1.00000E-040  1.00000E-040  1.00000E-040  1.00000E-040  1.00000E-040  1.00000E-040  1.00000E-040  1.00000E-040  1.00000E-040  3.67457E-023  1.00000E-040  1.00000E-040  1.31241E-009  1.34324E-006  1.45551E-005  3.35576E-009  9.21927E-008  2.11715E-003  1.78048E-008  2.82643E-004  4.84829E-018  7.28461E-013  1.27049E-028  5.62930E-022  1.49703E-019  3.94391E-015  5.17216E-009  4.28754E-020  1.76267E-031  5.56245E-037  6.04593E-036  1.00000E-040  6.12653E-020  6.04541E-019  1.58868E-015  6.83317E-014  3.38280E-031  1.00000E-040  1.53711E-024  4.95559E-023  1.13019E-011  2.70563E-013  9.97584E-001  3.73046E-020  2.00830E-022  1.90204E-020  4.32285E-037  5.13898E-032  5.39447E-023  3.98127E-021  2.20237E-010  4.96629E-017  2.76920E-010  3.90038E-017  1.81675E-011  3.40886E-011  4.45993E-009  4.00069E-013  5.39525E-017  9.30512E-016  3.57059E-013  6.95060E-015  3.02471E-013  1.24533E-031  2.40509E-032  1.00000E-040  4.64547E-032  1.38151E-037  4.66678E-024  1.86562E-018  4.59279E-013  1.48973E-021  5.85972E-021  9.60351E-036  1.50540E-038  1.00000E-040  1.00000E-040  1.65400E-028  2.42225E-030  1.09544E-029  4.38538E-023  4.98358E-019  1.23117E-023  4.13395E-026  7.71673E-025  2.41727E-018  4.15829E-017  1.82921E-016  1.06015E-020  4.01666E-028  1.00000E-040  4.62738E-017  3.89058E-032  5.24163E-023  1.44384E-026  2.06488E-021  3.46849E-025  2.23792E-017  1.81947E-021  4.37696E-017  2.72542E-039  1.59832E-014  4.25331E-039  1.00000E-040  8.02536E-019  1.00000E-040  3.91056E-024  2.76811E-016  1.72780E-031  1.00000E-003  1.00000E-005  1.00000E-005  1.00000E-005  1.00000E-005  1.00000E-005  1.00000E-005  1.00000E-005  1.00000E-005  1.00000E-005  1.00000E-005  1.00000E-005  1.00000E-005  1.00000E-005  1.00000E-005  1.00000E-005  
6.05000E+001  3.01437E-004  8.49515E+015  2.57005E+002  2.14485E+005  1.00000E-040  1.00000E-040  1.00000E-040  1.00000E-040  1.00000E-040  1.00000E-040  1.00000E-040  1.00000E-040  1.00000E-040  1.00000E-040  1.00000E-040  1.00000E-040  1.00000E-040  1.00000E-040  2.61250E-023  1.00000E-040  1.00000E-040  1.81395E-009  1.48831E-006  1.43927E-005  3.82636E-009  1.02520E-007  2.11710E-003  2.00875E-008  2.82577E-004  5.01768E-018  6.74403E-013  2.52545E-028  8.34647E-022  2.27575E-019  3.65174E-015  5.00538E-009  5.21787E-020  2.02710E-031  1.00000E-040  1.00000E-040  1.00000E-040  6.33252E-020  6.37552E-019  1.68090E-015  7.39826E-014  5.79097E-031  1.00000E-040  1.72214E-024  7.57036E-023  1.11323E-011  3.28019E-013  9.97584E-001  3.62596E-020  1.74155E-022  1.99553E-020  2.98283E-036  7.97176E-032  7.29300E-023  5.19209E-021  2.44715E-010  6.12334E-017  3.07443E-010  3.52327E-017  1.68609E-011  3.74791E-011  3.94949E-009  4.29513E-013  5.10317E-017  9.67578E-016  3.62452E-013  6.89554E-015  2.96394E-013  1.20293E-031  2.57610E-032  1.00000E-040  3.80116E-032  8.33723E-038  4.66530E-024  1.48063E-018  4.26922E-013  1.16815E-021  4.54648E-021  1.64531E-035  1.43233E-038  1.00000E-040  1.00000E-040  1.49287E-028  3.55630E-030  1.58957E-029  3.43347E-023  6.40532E-019  1.97086E-023  5.56332E-026  7.95640E-025  2.59317E-018  3.67348E-017  1.71428E-016  1.04966E-020  4.11761E-028  1.00000E-040  6.04183E-017  5.79681E-032  4.12060E-023  1.81701E-026  2.25482E-021  4.31353E-025  1.69824E-017  2.09175E-021  4.33897E-017  1.68623E-039  1.59564E-014  1.00000E-040  1.00000E-040  1.02120E-018  1.00000E-040  3.89707E-024  2.54286E-016  2.39804E-031  1.00000E-003  1.00000E-005  1.00000E-005  1.00000E-005  1.00000E-005  1.00000E-005  1.00000E-005  1.00000E-005  1.00000E-005  1.00000E-005  1.00000E-005  1.00000E-005  1.00000E-005  1.00000E-005  1.00000E-005  1.00000E-005  
6.15000E+001  2.65438E-004  7.56176E+015  2.54248E+002  2.24486E+005  1.00000E-040  1.00000E-040  1.00000E-040  1.00000E-040  1.00000E-040  1.00000E-040  1.00000E-040  1.00000E-040  1.00000E-040  1.00000E-040  1.00000E-040  1.00000E-040  1.00000E-040  1.00000E-040  1.82412E-023  1.00000E-040  1.00000E-040  2.50118E-009  1.64716E-006  1.42152E-005  4.35877E-009  1.14281E-007  2.11705E-003  2.31041E-008  2.82506E-004  5.17727E-018  6.23826E-013  4.96541E-028  1.23132E-021  3.45662E-019  3.35410E-015  4.85067E-009  6.34027E-020  2.30136E-031  2.90632E-039  3.12098E-038  1.00000E-040  6.45384E-020  6.65635E-019  1.77360E-015  7.99637E-014  9.89847E-031  1.00000E-040  1.96530E-024  1.14433E-022  1.09534E-011  3.95347E-013  9.97584E-001  3.53884E-020  1.48748E-022  2.06137E-020  4.69991E-037  1.25754E-031  1.00168E-022  6.76800E-021  2.72982E-010  7.54290E-017  3.39725E-010  3.16947E-017  1.56763E-011  4.10888E-011  3.50294E-009  4.58751E-013  4.78644E-017  1.01524E-015  3.70128E-013  6.81162E-015  2.89955E-013  1.15894E-031  2.77037E-032  1.00000E-040  3.11300E-032  4.90185E-038  4.66371E-024  1.17226E-018  3.94626E-013  9.12829E-022  3.51097E-021  2.73232E-035  1.38585E-038  1.00000E-040  1.00000E-040  1.35298E-028  5.17038E-030  2.29789E-029  2.66202E-023  8.33994E-019  3.13812E-023  7.58356E-026  8.01333E-025  2.75973E-018  3.23919E-017  1.58775E-016  1.01981E-020  4.12797E-028  1.00000E-040  8.09447E-017  8.83466E-032  3.21774E-023  2.29448E-026  2.50167E-021  5.36202E-025  1.27702E-017  2.40924E-021  4.30902E-017  1.01249E-039  1.59323E-014  6.16398E-040  1.00000E-040  1.29064E-018  1.00000E-040  3.82276E-024  2.34726E-016  3.35378E-031  1.00000E-003  1.00000E-005  1.00000E-005  1.00000E-005  1.00000E-005  1.00000E-005  1.00000E-005  1.00000E-005  1.00000E-005  1.00000E-005  1.00000E-005  1.00000E-005  1.00000E-005  1.00000E-005  1.00000E-005  1.00000E-005  
6.25000E+001  2.33415E-004  6.72627E+015  2.51346E+002  2.34487E+005  1.00000E-040  1.00000E-040  1.00000E-040  1.00000E-040  1.00000E-040  1.00000E-040  1.00000E-040  1.00000E-040  1.00000E-040  1.00000E-040  1.00000E-040  1.00000E-040  1.00000E-040  1.00000E-040  1.25380E-023  1.00000E-040  1.00000E-040  3.44616E-009  1.82075E-006  1.40215E-005  4.95977E-009  1.27758E-007  2.11700E-003  2.71926E-008  2.82428E-004  5.34425E-018  5.78521E-013  9.68990E-028  1.80901E-021  5.24392E-019  3.06303E-015  4.70558E-009  7.69676E-020  2.58134E-031  3.14408E-037  3.42649E-036  1.00000E-040  6.49027E-020  6.88706E-019  1.86847E-015  8.62832E-014  1.68755E-030  1.00000E-040  2.29124E-024  1.71010E-022  1.07647E-011  4.73910E-013  9.97585E-001  3.49590E-020  1.25756E-022  2.10345E-020  1.47005E-034  2.01440E-031  1.39490E-022  8.80223E-021  3.05685E-010  9.28725E-017  3.73760E-010  2.82869E-017  1.45977E-011  4.48815E-011  3.10653E-009  4.86816E-013  4.43844E-017  1.07501E-015  3.79801E-013  6.68225E-015  2.83140E-013  1.11369E-031  2.98920E-032  1.00000E-040  2.54406E-032  2.82934E-038  4.66198E-024  9.26827E-019  3.63018E-013  7.13352E-022  2.70868E-021  4.39845E-035  1.40940E-038  1.00000E-040  1.00000E-040  1.22953E-028  7.44147E-030  3.30575E-029  2.04724E-023  1.09000E-018  4.94635E-023  1.04973E-025  7.93535E-025  2.91480E-018  2.84984E-017  1.45304E-016  9.74840E-021  4.05393E-028  1.00000E-040  1.09629E-016  1.37053E-031  2.50439E-023  2.90811E-026  2.81171E-021  6.63365E-025  9.51527E-018  2.77440E-021  4.28420E-017  5.93746E-040  1.59099E-014  7.68409E-039  1.00000E-040  1.61016E-018  1.00000E-040  3.70983E-024  2.17644E-016  4.71125E-031  1.00000E-003  1.00000E-005  1.00000E-005  1.00000E-005  1.00000E-005  1.00000E-005  1.00000E-005  1.00000E-005  1.00000E-005  1.00000E-005  1.00000E-005  1.00000E-005  1.00000E-005  1.00000E-005  1.00000E-005  1.00000E-005  
6.35000E+001  2.04957E-004  5.97519E+015  2.48444E+002  2.44487E+005  1.00000E-040  1.00000E-040  1.00000E-040  1.00000E-040  1.00000E-040  1.00000E-040  1.00000E-040  1.00000E-040  1.00000E-040  1.00000E-040  1.00000E-040  1.00000E-040  1.00000E-040  1.00000E-040  8.50675E-024  1.00000E-040  1.00000E-040  4.75621E-009  2.01010E-006  1.38104E-005  5.63600E-009  1.43303E-007  2.11694E-003  3.28597E-008  2.82342E-004  5.54986E-018  5.40810E-013  1.88526E-027  2.64752E-021  7.93295E-019  2.79279E-015  4.56786E-009  9.34183E-020  2.86484E-031  1.00000E-040  1.00000E-040  1.00000E-040  6.45142E-020  7.07489E-019  1.96872E-015  9.29457E-014  2.86119E-030  1.00000E-040  2.73422E-024  2.52406E-022  1.05654E-011  5.65635E-013  9.97585E-001  3.54209E-020  1.06171E-022  2.13458E-020  9.22822E-035  3.26558E-031  1.96130E-022  1.13941E-020  3.43593E-010  1.14413E-016  4.09694E-010  2.49865E-017  1.36110E-011  4.87988E-011  2.74687E-009  5.12523E-013  4.05299E-017  1.14752E-015  3.90887E-013  6.48680E-015  2.75941E-013  1.06772E-031  3.23128E-032  1.00000E-040  2.06356E-032  1.62774E-038  4.66011E-024  7.32777E-019  3.32986E-013  5.60447E-022  2.09975E-021  6.86549E-035  1.55418E-038  1.00000E-040  1.00000E-040  1.11786E-028  1.05808E-029  4.72674E-029  1.56609E-023  1.41875E-018  7.69567E-023  1.47704E-025  7.81792E-025  3.05765E-018  2.50349E-017  1.31484E-016  9.21888E-021  3.91569E-028  1.00000E-040  1.46987E-016  2.14426E-031  1.95268E-023  3.70659E-026  3.19022E-021  8.11608E-025  7.03052E-018  3.18334E-021  4.26010E-017  3.44610E-040  1.58888E-014  7.39734E-039  1.00000E-040  1.97324E-018  1.00000E-040  3.59507E-024  2.02624E-016  6.62222E-031  1.00000E-003  1.00000E-005  1.00000E-005  1.00000E-005  1.00000E-005  1.00000E-005  1.00000E-005  1.00000E-005  1.00000E-005  1.00000E-005  1.00000E-005  1.00000E-005  1.00000E-005  1.00000E-005  1.00000E-005  1.00000E-005  
6.45000E+001  1.79700E-004  5.30120E+015  2.45522E+002  2.54488E+005  1.00000E-040  1.00000E-040  1.00000E-040  1.00000E-040  1.00000E-040  1.00000E-040  1.00000E-040  1.00000E-040  1.00000E-040  1.00000E-040  1.00000E-040  1.00000E-040  1.00000E-040  1.00000E-040  5.70127E-024  1.00000E-040  1.00000E-040  6.57539E-009  2.21625E-006  1.35807E-005  6.39503E-009  1.61373E-007  2.11688E-003  4.08569E-008  2.82248E-004  5.81012E-018  5.11074E-013  3.65349E-027  3.85728E-021  1.19596E-018  2.54207E-015  4.43553E-009  1.13360E-019  3.14487E-031  1.00000E-040  1.00000E-040  1.00000E-040  6.33041E-020  7.20830E-019  2.07488E-015  9.99524E-014  4.81965E-030  1.00000E-040  3.34294E-024  3.67224E-022  1.03553E-011  6.73411E-013  9.97585E-001  3.72319E-020  8.94191E-023  2.15540E-020  2.81120E-034  5.33729E-031  2.77348E-022  1.46508E-020  3.87618E-010  1.40937E-016  4.47184E-010  2.17061E-017  1.27041E-011  5.27754E-011  2.42251E-009  5.34437E-013  3.63688E-017  1.23344E-015  4.03480E-013  6.21948E-015  2.68350E-013  1.02119E-031  3.50008E-032  1.00000E-040  1.66097E-032  9.32410E-039  4.65808E-024  5.80098E-019  3.04831E-013  4.44836E-022  1.64323E-021  1.03969E-034  1.86293E-038  1.00000E-040  1.00000E-040  1.01758E-028  1.48548E-029  6.70220E-029  1.19208E-023  1.82613E-018  1.17937E-022  2.11365E-025  7.64857E-025  3.18272E-018  2.19568E-017  1.17586E-016  8.63150E-021  3.72444E-028  1.00000E-040  1.92282E-016  3.37238E-031  1.53122E-023  4.72754E-026  3.64081E-021  9.79633E-025  5.14711E-018  3.64042E-021  4.24628E-017  1.97558E-040  1.58682E-014  1.00000E-040  1.00000E-040  2.37017E-018  1.00000E-040  3.47065E-024  1.89319E-016  9.27788E-031  1.00000E-003  1.00000E-005  1.00000E-005  1.00000E-005  1.00000E-005  1.00000E-005  1.00000E-005  1.00000E-005  1.00000E-005  1.00000E-005  1.00000E-005  1.00000E-005  1.00000E-005  1.00000E-005  1.00000E-005  1.00000E-005  
6.55000E+001  1.57312E-004  4.69723E+015  2.42570E+002  2.64488E+005  1.00000E-040  1.00000E-040  1.00000E-040  1.00000E-040  1.00000E-040  1.00000E-040  1.00000E-040  1.00000E-040  1.00000E-040  1.00000E-040  1.00000E-040  1.00000E-040  1.00000E-040  1.00000E-040  3.77848E-024  1.00000E-040  1.00000E-040  9.10857E-009  2.44023E-006  1.33311E-005  7.24483E-009  1.82566E-007  2.11681E-003  5.22973E-008  2.82141E-004  6.15048E-018  4.89965E-013  7.04892E-027  5.59135E-021  1.79567E-018  2.31124E-015  4.30690E-009  1.37521E-019  3.40609E-031  1.00000E-040  1.00000E-040  1.00000E-040  6.12253E-020  7.27587E-019  2.18755E-015  1.07297E-013  8.05626E-030  1.08112E-040  4.18422E-024  5.25948E-022  1.01339E-011  8.00952E-013  9.97585E-001  4.11816E-020  7.50922E-023  2.16586E-020  5.69668E-035  8.75612E-031  3.92590E-022  1.86768E-020  4.38835E-010  1.73503E-016  4.85807E-010  1.85108E-017  1.18665E-011  5.67302E-011  2.13133E-009  5.51054E-013  3.20015E-017  1.33267E-015  4.17682E-013  5.87948E-015  2.60370E-013  9.74408E-032  3.80052E-032  1.00000E-040  1.32657E-032  5.31446E-039  4.65586E-024  4.60446E-019  2.78763E-013  3.58798E-022  1.30572E-021  1.52806E-034  2.38903E-038  1.00000E-040  1.00000E-040  9.28057E-029  2.05791E-029  9.40440E-029  9.03360E-024  2.31315E-018  1.77929E-022  3.07321E-025  7.42290E-025  3.28380E-018  1.92253E-017  1.03869E-016  8.01023E-021  3.49021E-028  1.00000E-040  2.42998E-016  5.30847E-031  1.21344E-023  6.00547E-026  4.16361E-021  1.16342E-024  3.73228E-018  4.14946E-021  4.26133E-017  1.11659E-040  1.58477E-014  3.20494E-038  1.00000E-040  2.78782E-018  1.00000E-040  3.33215E-024  1.77440E-016  1.29057E-030  1.00000E-003  1.00000E-005  1.00000E-005  1.00000E-005  1.00000E-005  1.00000E-005  1.00000E-005  1.00000E-005  1.00000E-005  1.00000E-005  1.00000E-005  1.00000E-005  1.00000E-005  1.00000E-005  1.00000E-005  1.00000E-005  
6.65000E+001  1.37494E-004  4.15606E+015  2.39618E+002  2.74489E+005  1.00000E-040  1.00000E-040  1.00000E-040  1.00000E-040  1.00000E-040  1.00000E-040  1.00000E-040  1.00000E-040  1.00000E-040  1.00000E-040  1.00000E-040  1.00000E-040  1.00000E-040  1.00000E-040  2.48001E-024  1.00000E-040  1.00000E-040  1.26565E-008  2.68298E-006  1.30602E-005  8.19318E-009  2.07681E-007  2.11674E-003  6.88264E-008  2.82021E-004  6.61377E-018  4.78659E-013  1.35524E-026  8.05962E-021  2.68229E-018  2.10349E-015  4.18049E-009  1.66806E-019  3.63789E-031  5.32671E-037  5.80947E-036  1.00000E-040  5.82991E-020  7.27091E-019  2.30826E-015  1.14966E-013  1.33343E-029  1.62325E-040  5.34826E-024  7.41217E-022  9.90100E-012  9.53102E-013  9.97585E-001  4.84256E-020  6.30150E-023  2.16931E-020  2.23036E-035  1.43490E-030  5.53256E-022  2.35539E-020  4.98526E-010  2.13429E-016  5.25169E-010  1.55718E-017  1.10897E-011  6.05602E-011  1.86958E-009  5.60850E-013  2.75382E-017  1.44403E-015  4.33424E-013  5.46812E-015  2.52013E-013  9.27789E-032  4.13761E-032  1.00000E-040  1.04982E-032  3.02544E-039  4.65343E-024  3.66970E-019  2.55035E-013  2.95993E-022  1.06034E-021  2.17959E-034  3.18926E-038  1.00000E-040  1.00000E-040  8.48100E-029  2.80917E-029  1.30327E-028  6.82333E-024  2.87433E-018  2.64357E-022  4.52693E-025  7.16482E-025  3.35517E-018  1.68130E-017  9.06044E-017  7.38752E-021  3.22585E-028  1.00000E-040  2.95452E-016  8.30796E-031  9.77023E-024  7.57441E-026  4.75323E-021  1.35393E-024  2.68113E-018  4.70951E-021  4.34018E-017  1.00000E-040  1.58269E-014  1.00000E-040  1.00000E-040  3.20917E-018  1.00000E-040  3.18580E-024  1.66746E-016  1.77571E-030  1.00000E-003  1.00000E-005  1.00000E-005  1.00000E-005  1.00000E-005  1.00000E-005  1.00000E-005  1.00000E-005  1.00000E-005  1.00000E-005  1.00000E-005  1.00000E-005  1.00000E-005  1.00000E-005  1.00000E-005  1.00000E-005  
6.75000E+001  1.19977E-004  3.67183E+015  2.36665E+002  2.84489E+005  1.00000E-040  1.00000E-040  1.00000E-040  1.00000E-040  1.00000E-040  1.00000E-040  1.00000E-040  1.00000E-040  1.00000E-040  1.00000E-040  1.00000E-040  1.00000E-040  1.00000E-040  1.00000E-040  1.61354E-024  1.00000E-040  1.00000E-040  1.76542E-008  2.94535E-006  1.27669E-005  9.24791E-009  2.37801E-007  2.11665E-003  9.28629E-008  2.81884E-004  7.25338E-018  4.78120E-013  2.59758E-026  1.15417E-020  3.98173E-018  1.91946E-015  4.05506E-009  2.02286E-019  3.81754E-031  1.00000E-040  1.00000E-040  1.00000E-040  5.45529E-020  7.18358E-019  2.43803E-015  1.22940E-013  2.18070E-029  2.38734E-040  6.95577E-024  1.02764E-021  9.65653E-012  1.13614E-012  9.97585E-001  6.03087E-020  5.28563E-023  2.16697E-020  2.60841E-035  2.33763E-030  7.72101E-022  2.93153E-020  5.68223E-010  2.62223E-016  5.64674E-010  1.30099E-017  1.03661E-011  6.41510E-011  1.63527E-009  5.62468E-013  2.31271E-017  1.56540E-015  4.50788E-013  4.99409E-015  2.43294E-013  8.81639E-032  4.51826E-032  1.00000E-040  8.22848E-033  1.72160E-039  4.65077E-024  2.94072E-019  2.33779E-013  2.51047E-022  8.84540E-022  3.01600E-034  4.30611E-038  1.00000E-040  1.00000E-040  7.77170E-029  3.77306E-029  1.77926E-028  5.14070E-024  3.49532E-018  3.86896E-022  6.72509E-025  6.87731E-025  3.38997E-018  1.46887E-017  7.80159E-017  6.78162E-021  2.94157E-028  1.00000E-040  3.46023E-016  1.28579E-030  8.02340E-024  9.44316E-026  5.39650E-021  1.53807E-024  1.90831E-018  5.32087E-021  4.55532E-017  1.00000E-040  1.58054E-014  1.00000E-040  1.00000E-040  3.61414E-018  1.00000E-040  3.03014E-024  1.57033E-016  2.40813E-030  1.00000E-003  1.00000E-005  1.00000E-005  1.00000E-005  1.00000E-005  1.00000E-005  1.00000E-005  1.00000E-005  1.00000E-005  1.00000E-005  1.00000E-005  1.00000E-005  1.00000E-005  1.00000E-005  1.00000E-005  1.00000E-005  
6.85000E+001  1.04516E-004  3.23944E+015  2.33685E+002  2.94489E+005  1.00000E-040  1.00000E-040  1.00000E-040  1.00000E-040  1.00000E-040  1.00000E-040  1.00000E-040  1.00000E-040  1.00000E-040  1.00000E-040  1.00000E-040  1.00000E-040  1.00000E-040  1.00000E-040  1.04135E-024  1.00000E-040  1.00000E-040  2.47352E-008  3.22797E-006  1.24500E-005  1.04173E-008  2.74402E-007  2.11656E-003  1.27946E-007  2.81724E-004  8.13764E-018  4.89119E-013  5.03529E-026  1.63983E-020  5.86665E-018  1.75828E-015  3.92956E-009  2.45220E-019  3.93287E-031  1.00000E-040  1.00000E-040  1.00000E-040  5.00458E-020  7.00315E-019  2.57726E-015  1.31194E-013  3.51603E-029  3.43178E-040  9.16594E-024  1.40153E-021  9.40050E-012  1.35806E-012  9.97586E-001  7.82533E-020  4.42547E-023  2.15855E-020  1.00000E-040  3.76912E-030  1.06175E-021  3.59108E-020  6.49764E-010  3.21587E-016  6.03553E-010  1.08680E-017  9.68991E-012  6.73847E-011  1.42719E-009  5.54964E-013  1.89299E-017  1.69372E-015  4.69995E-013  4.47246E-015  2.34236E-013  8.36086E-032  4.95080E-032  1.00000E-040  6.39042E-033  9.77245E-040  4.64785E-024  2.37239E-019  2.15020E-013  2.19463E-022  7.59835E-022  4.04495E-034  5.74797E-038  1.00000E-040  1.00000E-040  7.15051E-029  4.97838E-029  2.38598E-028  3.86479E-024  4.15180E-018  5.57710E-022  1.00173E-024  6.54707E-025  3.38108E-018  1.28188E-017  6.62839E-017  6.19995E-021  2.64509E-028  1.00000E-040  3.91914E-016  1.96000E-030  6.72717E-024  1.15738E-025  6.07008E-021  1.69942E-024  1.34590E-018  5.98651E-021  5.04577E-017  1.00000E-040  1.57828E-014  1.00000E-040  1.00000E-040  3.97982E-018  1.00000E-040  2.85877E-024  1.48132E-016  3.20806E-030  1.00000E-003  1.00000E-005  1.00000E-005  1.00000E-005  1.00000E-005  1.00000E-005  1.00000E-005  1.00000E-005  1.00000E-005  1.00000E-005  1.00000E-005  1.00000E-005  1.00000E-005  1.00000E-005  1.00000E-005  1.00000E-005  
6.95000E+001  9.08904E-005  2.85350E+015  2.30705E+002  3.04490E+005  1.00000E-040  1.00000E-040  1.00000E-040  1.00000E-040  1.00000E-040  1.00000E-040  1.00000E-040  1.00000E-040  1.00000E-040  1.00000E-040  1.00000E-040  1.00000E-040  1.00000E-040  1.00000E-040  6.67549E-025  1.00000E-040  1.00000E-040  3.48686E-008  3.53118E-006  1.21084E-005  1.17077E-008  3.19554E-007  2.11646E-003  1.79247E-007  2.81535E-004  9.36589E-018  5.12616E-013  1.23208E-025  2.30849E-020  8.56212E-018  1.62063E-015  3.80316E-009  2.97193E-019  3.96210E-031  1.00000E-040  1.00000E-040  1.00000E-040  4.49270E-020  6.72805E-019  2.72809E-015  1.39699E-013  5.56885E-029  4.80295E-040  1.21854E-023  1.88147E-021  9.13305E-012  1.62946E-012  9.97586E-001  1.03705E-019  3.70658E-023  2.14878E-020  1.00000E-040  5.99061E-030  1.43190E-021  4.31561E-020  7.45368E-010  3.93636E-016  6.41120E-010  9.13952E-018  9.05644E-012  7.01252E-011  1.24219E-009  5.37700E-013  1.50673E-017  1.82484E-015  4.91024E-013  3.91882E-015  2.24867E-013  7.91143E-032  5.44177E-032  1.00000E-040  4.90960E-033  5.55458E-040  4.64462E-024  1.92877E-019  1.98760E-013  1.97402E-022  6.71125E-022  5.24974E-034  7.45624E-038  1.00000E-040  1.00000E-040  6.60850E-029  6.43407E-029  3.13318E-028  2.90269E-024  4.81029E-018  7.91729E-022  1.48551E-024  6.19456E-025  3.32363E-018  1.11736E-017  5.55374E-017  5.65504E-021  2.34714E-028  1.00000E-040  4.31426E-016  2.92528E-030  5.73986E-024  1.39004E-025  6.73821E-021  1.81562E-024  9.40534E-019  6.70018E-021  6.06101E-017  1.00000E-040  1.57587E-014  1.00000E-040  1.00000E-040  4.27927E-018  1.00000E-040  2.67856E-024  1.39902E-016  4.18421E-030  1.00000E-003  1.00000E-005  1.00000E-005  1.00000E-005  1.00000E-005  1.00000E-005  1.00000E-005  1.00000E-005  1.00000E-005  1.00000E-005  1.00000E-005  1.00000E-005  1.00000E-005  1.00000E-005  1.00000E-005  1.00000E-005  
7.05000E+001  7.89005E-005  2.50949E+015  2.27725E+002  3.14490E+005  1.00000E-040  1.00000E-040  1.00000E-040  1.00000E-040  1.00000E-040  1.00000E-040  1.00000E-040  1.00000E-040  1.00000E-040  1.00000E-040  1.00000E-040  1.00000E-040  1.00000E-040  1.00000E-040  4.25489E-025  1.00000E-040  1.00000E-040  4.95264E-008  3.85490E-006  1.17413E-005  1.31259E-008  3.76122E-007  2.11636E-003  2.54292E-007  2.81308E-004  1.10637E-017  5.48995E-013  8.69309E-025  3.21541E-020  1.23539E-017  1.50448E-015  3.67523E-009  3.60092E-019  3.89616E-031  1.00000E-040  1.00000E-040  1.00000E-040  3.93826E-020  6.35874E-019  2.89212E-015  1.48422E-013  8.63723E-029  6.51999E-040  1.62805E-023  2.48761E-021  8.85433E-012  1.96403E-012  9.97586E-001  1.37866E-019  3.10778E-023  2.14296E-020  1.48206E-034  9.35527E-030  1.88686E-021  5.07175E-020  8.57739E-010  4.80835E-016  6.76599E-010  7.76265E-018  8.46234E-012  7.22427E-011  1.07805E-009  5.10766E-013  1.16449E-017  1.95392E-015  5.13928E-013  3.35269E-015  2.15216E-013  7.46425E-032  5.99539E-032  1.00000E-040  3.72672E-033  3.16700E-040  4.64106E-024  1.58139E-019  1.84875E-013  1.81572E-022  6.05835E-022  6.57862E-034  9.28262E-038  1.00000E-040  1.00000E-040  6.14006E-029  8.12115E-029  4.01667E-028  2.18006E-024  5.42926E-018  1.10627E-021  2.17793E-024  5.81967E-025  3.21434E-018  9.72087E-018  4.58561E-017  5.14564E-021  2.05648E-028  1.00000E-040  4.63968E-016  4.25844E-030  4.94539E-024  1.62923E-025  7.35286E-021  1.86602E-024  6.50635E-019  7.45747E-021  8.04198E-017  1.00000E-040  1.57328E-014  1.00000E-040  1.00000E-040  4.48508E-018  1.00000E-040  2.49076E-024  1.32224E-016  5.32493E-030  1.00000E-003  1.00000E-005  1.00000E-005  1.00000E-005  1.00000E-005  1.00000E-005  1.00000E-005  1.00000E-005  1.00000E-005  1.00000E-005  1.00000E-005  1.00000E-005  1.00000E-005  1.00000E-005  1.00000E-005  1.00000E-005  
7.15000E+001  6.83695E-005  2.20243E+015  2.24842E+002  3.24490E+005  1.00000E-040  1.00000E-040  1.00000E-040  1.00000E-040  1.00000E-040  1.00000E-040  1.00000E-040  1.00000E-040  1.00000E-040  1.00000E-040  1.00000E-040  1.00000E-040  1.00000E-040  1.00000E-040  2.70261E-025  1.00000E-040  1.00000E-040  7.10712E-008  4.19847E-006  1.13479E-005  1.46666E-008  4.48282E-007  2.11624E-003  3.64030E-007  2.81030E-004  1.34108E-017  5.98597E-013  1.22784E-023  4.42804E-020  1.75708E-017  1.40820E-015  3.54525E-009  4.36476E-019  3.73097E-031  2.10839E-040  1.72252E-039  1.00000E-040  3.36602E-020  5.90915E-019  3.07643E-015  1.57330E-013  1.30804E-028  8.53565E-040  2.17908E-023  3.24433E-021  8.56447E-012  2.38157E-012  9.97586E-001  1.81652E-019  2.62713E-023  2.15343E-020  1.52852E-034  1.43236E-029  2.42266E-021  5.80889E-020  9.90205E-010  5.86275E-016  7.09162E-010  6.66784E-018  7.90535E-012  7.35892E-011  9.30526E-010  4.74365E-013  8.70449E-018  2.07567E-015  5.38286E-013  2.79214E-015  2.05310E-013  7.01188E-032  6.60970E-032  1.00000E-040  2.77972E-033  1.83452E-040  4.63711E-024  1.30792E-019  1.73207E-013  1.69041E-022  5.53400E-022  7.93480E-034  1.09705E-037  1.00000E-040  1.00000E-040  5.73067E-029  9.96764E-029  5.01244E-028  1.64003E-024  5.96340E-018  1.52151E-021  3.13308E-024  5.47333E-025  3.05378E-018  8.43030E-018  3.72416E-017  4.67560E-021  1.78397E-028  1.00000E-040  4.89764E-016  5.99995E-030  4.24772E-024  1.86358E-025  7.85593E-021  1.82858E-024  4.44133E-019  8.22520E-021  1.17320E-016  1.00000E-040  1.57047E-014  1.00000E-040  1.00000E-040  4.57011E-018  1.00000E-040  2.31496E-024  1.25002E-016  6.58643E-030  1.00000E-003  1.00000E-005  1.00000E-005  1.00000E-005  1.00000E-005  1.00000E-005  1.00000E-005  1.00000E-005  1.00000E-005  1.00000E-005  1.00000E-005  1.00000E-005  1.00000E-005  1.00000E-005  1.00000E-005  1.00000E-005  
7.25000E+001  5.91378E-005  1.92940E+015  2.22003E+002  3.34491E+005  1.00000E-040  1.00000E-040  1.00000E-040  1.00000E-040  1.00000E-040  1.00000E-040  1.00000E-040  1.00000E-040  1.00000E-040  1.00000E-040  1.00000E-040  1.00000E-040  1.00000E-040  1.00000E-040  1.71393E-025  1.00000E-040  1.00000E-040  1.02991E-007  4.56036E-006  1.09276E-005  1.63339E-008  5.41040E-007  2.11611E-003  5.24227E-007  2.80683E-004  1.66208E-017  6.59921E-013  1.56370E-022  6.02426E-020  2.46044E-017  1.32633E-015  3.41287E-009  5.29135E-019  3.47502E-031  1.04148E-036  1.12079E-035  1.00000E-040  2.80192E-020  5.39250E-019  3.28170E-015  1.66396E-013  1.96925E-028  1.07824E-039  2.91522E-023  4.17558E-021  8.26354E-012  2.90503E-012  9.97587E-001  2.35351E-019  2.23483E-023  2.18331E-020  1.00000E-040  2.14868E-029  3.03000E-021  6.48250E-020  1.14687E-009  7.13400E-016  7.37847E-010  5.77846E-018  7.38434E-012  7.42559E-011  7.98704E-010  4.30834E-013  6.30377E-018  2.18578E-015  5.64532E-013  2.26905E-015  1.95171E-013  6.53560E-032  7.28392E-032  1.00000E-040  2.03624E-033  1.08448E-040  4.63271E-024  1.09112E-019  1.63588E-013  1.58086E-022  5.07192E-022  9.17218E-034  1.22715E-037  1.00000E-040  1.00000E-040  5.37253E-029  1.18861E-028  6.08825E-028  1.23836E-024  6.37660E-018  2.05812E-021  4.40586E-024  5.10409E-025  2.84743E-018  7.28884E-018  2.97807E-017  4.23051E-021  1.52673E-028  1.00000E-040  5.09567E-016  8.19743E-030  3.60564E-024  2.06954E-025  8.18899E-021  1.70966E-024  2.98801E-019  9.00080E-021  1.83465E-016  1.00000E-040  1.56741E-014  5.14474E-040  1.00000E-040  4.52020E-018  1.00000E-040  2.14089E-024  1.18157E-016  7.87718E-030  1.00000E-003  1.00000E-005  1.00000E-005  1.00000E-005  1.00000E-005  1.00000E-005  1.00000E-005  1.00000E-005  1.00000E-005  1.00000E-005  1.00000E-005  1.00000E-005  1.00000E-005  1.00000E-005  1.00000E-005  1.00000E-005  
7.35000E+001  5.10593E-005  1.68742E+015  2.19164E+002  3.44491E+005  1.00000E-040  1.00000E-040  1.00000E-040  1.00000E-040  1.00000E-040  1.00000E-040  1.00000E-040  1.00000E-040  1.00000E-040  1.00000E-040  1.00000E-040  1.00000E-040  1.00000E-040  1.00000E-040  1.09070E-025  1.00000E-040  1.00000E-040  1.50707E-007  4.93766E-006  1.04803E-005  1.82719E-008  6.55877E-007  2.11597E-003  7.57438E-007  2.80242E-004  2.10356E-017  7.27751E-013  1.58264E-021  8.09803E-020  3.39036E-017  1.26728E-015  3.27791E-009  6.40774E-019  3.17218E-031  1.00000E-040  1.00000E-040  1.00000E-040  2.28679E-020  4.85598E-019  3.48218E-015  1.75623E-013  3.26216E-028  1.32600E-039  3.89183E-023  5.30741E-021  7.95158E-012  3.53689E-012  9.97587E-001  3.02312E-019  1.92385E-023  2.25125E-020  9.96531E-035  3.15438E-029  3.68914E-021  7.10878E-020  1.33281E-009  8.73403E-016  7.66575E-010  5.08038E-018  6.89938E-012  7.49662E-011  6.75974E-010  3.85916E-013  4.44511E-018  2.28079E-015  5.92979E-013  1.82417E-015  1.84820E-013  6.00569E-032  8.01918E-032  1.00000E-040  1.46274E-033  1.00000E-040  4.62782E-024  9.17793E-020  1.56221E-013  1.49100E-022  4.66769E-022  1.00913E-033  8.26885E-038  1.00000E-040  1.00000E-040  5.01486E-029  1.37465E-028  7.31648E-028  9.55193E-025  6.69339E-018  2.73734E-021  6.08004E-024  4.67198E-025  2.61814E-018  6.35308E-018  2.37988E-017  3.83525E-021  1.28548E-028  1.00000E-040  5.24315E-016  1.09590E-029  3.06420E-024  2.23992E-025  8.29827E-021  1.56173E-024  2.00893E-019  9.85981E-021  2.97628E-016  1.00000E-040  1.56404E-014  1.00000E-040  1.00000E-040  4.33062E-018  8.43276E-039  1.97892E-024  1.11627E-016  9.03199E-030  1.00000E-003  1.00000E-005  1.00000E-005  1.00000E-005  1.00000E-005  1.00000E-005  1.00000E-005  1.00000E-005  1.00000E-005  1.00000E-005  1.00000E-005  1.00000E-005  1.00000E-005  1.00000E-005  1.00000E-005  1.00000E-005  
7.45000E+001  4.40052E-005  1.47178E+015  2.16559E+002  3.54491E+005  1.00000E-040  1.00000E-040  1.00000E-040  1.00000E-040  1.00000E-040  1.00000E-040  1.00000E-040  1.00000E-040  1.00000E-040  1.00000E-040  1.00000E-040  1.00000E-040  1.00000E-040  1.00000E-040  7.00559E-026  1.00000E-040  1.00059E-040  2.26475E-007  5.32564E-006  1.00038E-005  2.12763E-008  7.79008E-007  2.11585E-003  1.09667E-006  2.79670E-004  2.74927E-017  7.84512E-013  1.28800E-020  1.07876E-019  4.58771E-017  1.27253E-015  3.14019E-009  7.72638E-019  2.93457E-031  4.96045E-037  5.27846E-036  1.00000E-040  1.85689E-020  4.38043E-019  3.55846E-015  1.85117E-013  7.63166E-028  1.61418E-039  5.18167E-023  6.68525E-021  7.62839E-012  4.16572E-012  9.97587E-001  4.04540E-019  1.75328E-023  2.44403E-020  5.56031E-034  4.47749E-029  4.31774E-021  7.82484E-020  1.55443E-009  1.11824E-015  8.17657E-010  4.66356E-018  6.45129E-012  7.72635E-011  5.41119E-010  3.47481E-013  3.01838E-018  2.35603E-015  6.22077E-013  1.48698E-015  1.74264E-013  5.39687E-032  8.78861E-032  1.00000E-040  1.01729E-033  1.06280E-039  4.62236E-024  7.77926E-020  1.50998E-013  1.44640E-022  4.36671E-022  1.04367E-033  1.00000E-040  1.00000E-040  1.00000E-040  4.51227E-029  1.50807E-028  9.22193E-028  8.02189E-025  7.06108E-018  3.58699E-021  8.33452E-024  4.35747E-025  2.39770E-018  5.72908E-018  1.97252E-017  3.55599E-021  1.09007E-028  1.00000E-040  5.34905E-016  1.45167E-029  2.75903E-024  2.46917E-025  8.11573E-021  1.49022E-024  1.39983E-019  1.11436E-020  4.88316E-016  1.00000E-040  1.56032E-014  1.03920E-037  1.00000E-040  3.97861E-018  5.58622E-035  1.93961E-024  1.05363E-016  9.77468E-030  1.00000E-003  1.00000E-005  1.00000E-005  1.00000E-005  1.00000E-005  1.00000E-005  1.00000E-005  1.00000E-005  1.00000E-005  1.00000E-005  1.00000E-005  1.00000E-005  1.00000E-005  1.00000E-005  1.00000E-005  1.00000E-005  
7.55000E+001  3.78629E-005  1.27989E+015  2.14268E+002  3.64489E+005  1.00000E-040  1.00000E-040  1.00000E-040  1.00000E-040  1.00000E-040  1.00000E-040  1.00000E-040  1.00000E-040  1.00000E-040  1.00000E-040  1.00000E-040  1.00000E-040  1.00000E-040  1.00000E-040  4.52144E-026  1.00000E-040  1.00365E-040  3.72907E-007  5.71517E-006  9.48392E-006  2.74327E-008  9.09391E-007  2.11578E-003  1.59505E-006  2.78911E-004  3.83470E-017  7.97151E-013  8.65421E-020  1.43516E-019  6.08851E-017  1.34985E-015  2.99961E-009  9.21986E-019  2.61807E-031  1.00000E-040  1.00000E-040  1.00000E-040  1.43472E-020  3.82128E-019  3.30586E-015  1.95095E-013  2.59026E-027  1.98265E-039  6.89770E-023  8.37103E-021  7.29331E-012  4.55002E-012  9.97587E-001  5.89680E-019  1.77626E-023  2.93534E-020  4.43463E-033  5.79174E-029  4.57873E-021  8.54616E-020  1.81928E-009  1.58379E-015  9.28837E-010  4.56778E-018  6.04150E-012  8.10252E-011  3.90779E-010  3.08145E-013  1.83758E-018  2.39871E-015  6.50870E-013  1.21072E-015  1.63495E-013  4.75332E-032  9.40352E-032  1.00000E-040  6.82153E-034  3.71761E-038  4.61625E-024  6.64875E-020  1.43495E-013  1.42178E-022  4.07490E-022  9.92039E-034  1.00000E-040  1.00000E-040  7.20552E-034  3.87021E-029  1.46194E-028  1.27789E-027  7.72316E-025  7.41221E-018  4.63989E-021  1.11306E-023  4.40896E-025  2.09719E-018  5.13552E-018  1.66247E-017  3.16409E-021  9.68756E-029  1.00000E-040  5.41956E-016  1.90249E-029  2.67943E-024  2.87869E-025  7.47335E-021  1.52090E-024  9.71422E-020  1.37971E-020  7.99652E-016  8.07000E-039  1.55620E-014  1.00000E-040  1.45440E-034  3.39767E-018  1.21121E-031  2.15929E-024  9.93480E-017  9.70138E-030  1.00000E-003  1.00000E-005  1.00000E-005  1.00000E-005  1.00000E-005  1.00000E-005  1.00000E-005  1.00000E-005  1.00000E-005  1.00000E-005  1.00000E-005  1.00000E-005  1.00000E-005  1.00000E-005  1.00000E-005  1.00000E-005  
7.65000E+001  3.25268E-005  1.11140E+015  2.11976E+002  3.74490E+005  1.00000E-040  1.00000E-040  1.00000E-040  1.00000E-040  1.00000E-040  1.00000E-040  1.00000E-040  1.00000E-040  1.00000E-040  1.00000E-040  1.00000E-040  1.00000E-040  1.00000E-040  1.00000E-040  3.00337E-026  1.00000E-040  1.00709E-040  7.38173E-007  6.08207E-006  8.87083E-006  3.22783E-008  1.43343E-006  2.11561E-003  2.35344E-006  2.77861E-004  5.82241E-017  8.16661E-013  4.95963E-019  1.94594E-019  7.73702E-017  1.03488E-015  2.85634E-009  1.11359E-018  1.43014E-031  6.67999E-036  6.76467E-035  1.00000E-040  8.07284E-021  2.52034E-019  3.37705E-015  2.04942E-013  8.39306E-027  2.19480E-039  9.24752E-023  1.04585E-020  6.94572E-012  6.09129E-012  9.97587E-001  6.39717E-019  1.63709E-023  3.94900E-020  2.25737E-032  5.66173E-029  3.65263E-021  7.16733E-020  2.13319E-009  2.00352E-015  9.66873E-010  4.05081E-018  5.67257E-012  7.40188E-011  3.21688E-010  2.03890E-013  8.86474E-019  2.37407E-015  6.78612E-013  7.71693E-016  1.52499E-013  4.31794E-032  9.29322E-032  1.00000E-040  4.41671E-034  1.46598E-036  4.60937E-024  5.77388E-020  1.18626E-013  1.08466E-022  3.04841E-022  8.31388E-034  1.00000E-040  2.45828E-032  1.07137E-032  4.19578E-029  1.14713E-028  1.24937E-027  5.27309E-025  5.77890E-018  5.93661E-021  1.15873E-023  4.51723E-025  1.39571E-018  2.95496E-018  8.78916E-018  1.87897E-021  8.61942E-029  3.29555E-036  5.45573E-016  1.71206E-029  1.51146E-024  2.52607E-025  5.92944E-021  8.17196E-025  3.75053E-020  1.53673E-020  1.30243E-015  3.02422E-035  1.55160E-014  1.96785E-037  1.45579E-033  2.54670E-018  9.74141E-029  2.13070E-024  9.36225E-017  8.44636E-030  1.00000E-003  1.00000E-005  1.00000E-005  1.00000E-005  1.00000E-005  1.00000E-005  1.00000E-005  1.00000E-005  1.00000E-005  1.00000E-005  1.00000E-005  1.00000E-005  1.00000E-005  1.00000E-005  1.00000E-005  1.00000E-005  
7.75000E+001  2.79005E-005  9.62463E+014  2.09964E+002  3.84490E+005  1.00000E-040  1.00000E-040  1.00000E-040  1.00000E-040  1.00000E-040  1.00000E-040  1.00000E-040  1.00000E-040  1.00000E-040  1.00000E-040  1.00000E-040  1.00000E-040  1.00000E-040  1.00000E-040  2.38227E-026  1.00000E-040  1.01097E-040  1.52939E-006  6.37288E-006  8.12045E-006  1.81485E-008  4.81743E-006  2.11421E-003  3.50925E-006  2.76376E-004  9.27535E-017  9.16564E-013  2.47410E-018  2.67467E-019  8.10548E-017  3.34165E-016  2.71035E-009  1.50911E-018  2.81964E-032  5.53001E-037  4.94106E-036  1.00000E-040  2.65103E-021  1.07160E-019  7.12379E-015  2.11308E-013  2.55740E-026  1.91090E-039  1.25608E-022  1.32401E-020  6.58491E-012  2.94397E-011  9.97585E-001  5.38113E-019  9.73572E-024  5.45827E-020  4.58710E-032  2.95264E-029  1.54310E-021  2.97625E-020  2.48846E-009  1.28479E-015  6.09863E-010  2.22969E-018  5.34797E-012  4.32282E-011  5.14393E-010  7.24892E-014  3.92123E-019  2.28004E-015  6.87705E-013  2.92926E-016  1.41261E-013  4.19442E-032  7.98971E-032  1.00000E-040  2.45232E-034  1.00000E-040  4.60159E-024  5.17434E-020  8.52661E-014  3.68630E-023  1.12522E-022  5.85322E-034  1.00000E-040  1.00000E-040  1.00000E-040  8.84224E-029  7.96149E-029  3.19808E-028  9.54653E-026  2.31363E-018  7.58844E-021  7.18155E-024  3.10422E-025  6.30395E-019  7.44349E-019  1.59139E-018  9.85553E-022  5.50319E-029  1.00000E-040  5.46224E-016  3.84792E-030  1.81683E-025  8.69425E-026  3.73006E-021  5.81300E-026  4.13819E-021  7.55114E-021  2.11267E-015  1.00000E-040  1.54647E-014  1.00000E-040  1.00000E-040  1.72807E-018  3.26667E-026  1.05180E-024  8.81907E-017  6.28125E-030  1.00000E-003  1.00000E-005  1.00000E-005  1.00000E-005  1.00000E-005  1.00000E-005  1.00000E-005  1.00000E-005  1.00000E-005  1.00000E-005  1.00000E-005  1.00000E-005  1.00000E-005  1.00000E-005  1.00000E-005  1.00000E-005  
7.85000E+001  2.39040E-005  8.29720E+014  2.08668E+002  3.94490E+005  1.00000E-040  1.00000E-040  1.00000E-040  1.00000E-040  1.00000E-040  1.00000E-040  1.00000E-040  1.00000E-040  1.00000E-040  1.00000E-040  1.00000E-040  1.00000E-040  1.00000E-040  1.00000E-040  2.15752E-026  1.00000E-040  1.01536E-040  2.57138E-006  6.56568E-006  7.33436E-006  7.42757E-009  1.71819E-005  2.10841E-003  5.01313E-006  2.74501E-004  1.42183E-016  6.34026E-013  1.04022E-017  3.43678E-019  6.11460E-017  1.11763E-016  2.56063E-009  2.45744E-018  5.09150E-033  1.00000E-040  1.00000E-040  1.00000E-040  7.09814E-022  4.06053E-020  1.95229E-014  2.09092E-013  8.36752E-026  2.34598E-039  1.70933E-022  1.72367E-020  6.20985E-012  3.00985E-010  9.97578E-001  1.76334E-018  6.52940E-024  6.85332E-020  6.94967E-032  8.06460E-030  3.37662E-022  1.02064E-020  2.76148E-009  5.93303E-016  2.84329E-010  1.09253E-018  5.07121E-012  1.91332E-011  1.00077E-009  2.64108E-014  2.04201E-019  2.25027E-015  6.44930E-013  9.62323E-017  1.29762E-013  3.78042E-032  6.28493E-032  1.00000E-040  1.21146E-034  1.00000E-040  4.59272E-024  4.70129E-020  6.69180E-014  8.35007E-024  2.02358E-023  3.34789E-034  1.46372E-039  1.00000E-040  1.00000E-040  1.96462E-028  5.83835E-029  6.14808E-029  1.24693E-026  8.87852E-019  9.78515E-021  3.70022E-024  1.42442E-025  2.51291E-019  2.02455E-019  3.08553E-019  1.06932E-021  2.32728E-029  1.00000E-040  5.45741E-016  3.14963E-031  1.96325E-026  2.22059E-026  2.15650E-021  2.27833E-027  4.49282E-022  2.24232E-021  3.38996E-015  1.00000E-040  1.54074E-014  1.00000E-040  1.00000E-040  1.26981E-018  5.03474E-024  4.18777E-025  8.28521E-017  4.25030E-030  1.00000E-003  1.00000E-005  1.00000E-005  1.00000E-005  1.00000E-005  1.00000E-005  1.00000E-005  1.00000E-005  1.00000E-005  1.00000E-005  1.00000E-005  1.00000E-005  1.00000E-005  1.00000E-005  1.00000E-005  1.00000E-005  
7.95000E+001  2.04614E-005  7.14660E+014  2.07373E+002  4.04490E+005  1.00000E-040  1.00000E-040  1.00000E-040  1.00000E-040  1.00000E-040  1.00000E-040  1.00000E-040  1.00000E-040  1.00000E-040  1.00000E-040  1.00000E-040  1.00000E-040  1.00000E-040  1.00000E-040  1.98987E-026  1.00000E-040  1.02034E-040  3.68957E-006  6.69316E-006  6.56805E-006  3.76460E-009  4.38602E-005  2.09544E-003  6.78412E-006  2.72311E-004  1.80282E-016  3.46582E-013  3.69410E-017  4.30773E-019  4.18003E-017  5.62220E-017  2.40687E-009  4.16698E-018  1.45235E-033  2.50008E-037  1.34957E-036  1.00000E-040  2.21432E-022  1.70130E-020  3.98410E-014  1.98945E-013  2.42742E-025  4.00185E-039  2.26116E-022  2.29796E-020  5.82055E-012  2.23477E-009  9.97565E-001  6.28473E-018  5.39993E-024  7.69205E-020  1.21182E-031  1.97722E-030  6.57250E-023  4.73534E-021  2.57216E-009  2.70206E-016  1.45363E-010  7.70747E-019  4.84549E-012  7.80034E-012  1.59290E-009  1.52213E-014  1.37406E-019  2.34321E-015  5.58195E-013  3.13396E-017  1.18021E-013  3.10853E-032  4.78125E-032  1.00000E-040  6.30960E-035  1.00000E-040  4.58267E-024  4.26349E-020  5.54097E-014  2.89779E-024  4.69455E-024  1.57230E-034  3.28283E-040  1.00000E-040  1.00000E-040  3.24218E-028  4.72172E-029  2.19155E-029  3.04543E-027  4.72704E-019  1.27040E-020  2.27366E-024  6.24236E-026  1.08518E-019  8.04742E-020  1.24812E-019  1.63833E-021  9.05025E-030  1.00000E-040  5.44914E-016  2.83863E-032  4.16177E-027  6.60554E-027  1.21215E-021  1.95313E-028  8.83904E-023  7.02542E-022  5.30427E-015  1.00000E-040  1.53439E-014  1.00000E-040  1.00000E-040  1.04626E-018  3.89358E-022  1.97729E-025  7.75122E-017  2.80827E-030  1.00000E-003  1.00000E-005  1.00000E-005  1.00000E-005  1.00000E-005  1.00000E-005  1.00000E-005  1.00000E-005  1.00000E-005  1.00000E-005  1.00000E-005  1.00000E-005  1.00000E-005  1.00000E-005  1.00000E-005  1.00000E-005  
8.05000E+001  1.74997E-005  6.14476E+014  2.06273E+002  4.06996E+005  1.00000E-040  1.00000E-040  1.00000E-040  1.00000E-040  1.00000E-040  1.00000E-040  1.00000E-040  1.00000E-040  1.00000E-040  1.00000E-040  1.00000E-040  1.00000E-040  1.00000E-040  1.00000E-040  1.81942E-026  1.00000E-040  1.02605E-040  4.81444E-006  6.78076E-006  5.83377E-006  2.24058E-009  8.85195E-005  2.07345E-003  8.81796E-006  2.69798E-004  1.96042E-016  2.16559E-013  1.14205E-016  5.59665E-019  3.04459E-017  3.65747E-017  2.24810E-009  6.68939E-018  5.30797E-034  1.00000E-040  1.00000E-040  1.00000E-040  8.10789E-023  7.77982E-021  6.38764E-014  1.85090E-013  6.07801E-025  7.13686E-039  2.83836E-022  3.13518E-020  5.41497E-012  1.15604E-008  9.97542E-001  1.80794E-017  5.03854E-024  8.08671E-020  2.41171E-031  8.66087E-031  2.26032E-023  2.87357E-021  1.85726E-009  1.08990E-016  8.23846E-011  7.93614E-019  4.66841E-012  3.06740E-012  2.16295E-009  9.27951E-015  8.60274E-020  2.55275E-015  4.63341E-013  1.02250E-017  1.06007E-013  2.40614E-032  3.60521E-032  1.00000E-040  3.42564E-035  1.00000E-040  4.57120E-024  3.83718E-020  4.69637E-014  1.56168E-024  1.93782E-024  6.16622E-035  5.99672E-037  1.00000E-040  1.00000E-040  4.37033E-028  4.23507E-029  1.27074E-029  1.28251E-027  3.20751E-019  1.66562E-020  1.70039E-024  3.04809E-026  5.06277E-020  4.12876E-020  7.94525E-020  2.77859E-021  4.10701E-030  1.00000E-040  5.43904E-016  5.25484E-033  1.66237E-027  2.26157E-027  6.75766E-022  3.15158E-029  2.63766E-023  2.37351E-022  8.10462E-015  1.00000E-040  1.52736E-014  7.65369E-037  1.00000E-040  9.34658E-019  1.65241E-020  1.08426E-025  7.21167E-017  1.85203E-030  1.00000E-003  1.00000E-005  1.00000E-005  1.00000E-005  1.00000E-005  1.00000E-005  1.00000E-005  1.00000E-005  1.00000E-005  1.00000E-005  1.00000E-005  1.00000E-005  1.00000E-005  1.00000E-005  1.00000E-005  1.00000E-005  
8.15000E+001  1.49591E-005  5.26140E+014  2.05931E+002  4.06996E+005  1.00000E-040  1.00000E-040  1.00000E-040  1.00000E-040  1.00000E-040  1.00000E-040  1.00000E-040  1.00000E-040  1.00000E-040  1.00000E-040  1.00000E-040  1.00000E-040  1.00000E-040  1.00000E-040  1.63287E-026  1.00000E-040  1.03268E-040  5.91413E-006  6.84356E-006  5.13245E-006  1.44977E-009  1.53904E-004  2.04106E-003  1.11478E-005  2.66916E-004  1.96000E-016  1.59295E-013  3.15909E-016  7.77149E-019  2.43280E-017  2.79591E-017  2.08290E-009  1.00708E-017  2.23547E-034  1.00000E-040  1.70699E-040  1.00000E-040  3.16780E-023  3.77329E-021  8.78508E-014  1.71334E-013  1.33803E-024  1.18162E-038  3.35510E-022  4.37366E-020  4.99027E-012  4.33437E-008  9.97509E-001  4.10279E-017  5.13048E-024  8.31771E-020  5.32798E-031  6.56624E-031  1.32694E-023  2.13269E-021  1.21810E-009  4.33641E-017  4.98195E-011  9.66413E-019  4.52880E-012  1.17210E-012  2.60758E-009  5.46796E-015  4.83098E-020  2.85764E-015  3.83830E-013  3.32505E-018  9.36904E-014  1.78947E-032  2.73479E-032  1.00000E-040  1.84809E-035  1.00000E-040  4.55794E-024  3.41513E-020  4.01378E-014  1.09812E-024  1.17101E-024  2.04185E-035  1.00000E-040  1.00000E-040  1.00000E-040  5.17851E-028  4.15256E-029  1.00137E-029  7.78665E-028  2.54989E-019  2.21265E-020  1.49818E-024  1.87157E-026  2.47517E-020  2.49579E-020  6.24435E-020  4.63530E-021  2.97995E-030  1.00000E-040  5.42723E-016  1.73796E-033  9.97328E-028  8.73418E-028  3.75372E-022  7.61060E-030  1.02078E-023  8.48119E-023  1.21540E-014  1.00000E-040  1.51958E-014  1.36257E-038  1.00000E-040  8.76380E-019  4.15129E-019  6.87371E-026  6.66107E-017  1.22060E-030  1.00000E-003  1.00000E-005  1.00000E-005  1.00000E-005  1.00000E-005  1.00000E-005  1.00000E-005  1.00000E-005  1.00000E-005  1.00000E-005  1.00000E-005  1.00000E-005  1.00000E-005  1.00000E-005  1.00000E-005  1.00000E-005  
8.25000E+001  1.27849E-005  4.50416E+014  2.05589E+002  4.06996E+005  1.00000E-040  1.00000E-040  1.00000E-040  1.00000E-040  1.00000E-040  1.00000E-040  1.00000E-040  1.00000E-040  1.00000E-040  1.00000E-040  1.00000E-040  1.00000E-040  1.00000E-040  1.00000E-040  1.42479E-026  1.00000E-040  1.04042E-040  6.96237E-006  6.89009E-006  4.46934E-006  1.00071E-009  2.41225E-004  1.99768E-003  1.37969E-005  2.63628E-004  1.86560E-016  1.32907E-013  7.92819E-016  1.16824E-018  2.10930E-017  2.37130E-017  1.91174E-009  1.42807E-017  1.03327E-034  5.09013E-038  1.53683E-037  1.00000E-040  1.31051E-023  1.92251E-021  1.08770E-013  1.60527E-013  2.66886E-024  1.85292E-038  3.78061E-022  6.14428E-020  4.54907E-012  1.24346E-007  9.97465E-001  7.57064E-017  5.17728E-024  8.29182E-020  1.28243E-030  6.58830E-031  1.02152E-023  1.88351E-021  8.40104E-010  1.94112E-017  3.16581E-011  1.18093E-018  4.41014E-012  4.39073E-013  2.93132E-009  3.39872E-015  2.75931E-020  3.23504E-015  3.21080E-013  1.07958E-018  8.12199E-014  1.30223E-032  2.10442E-032  1.00000E-040  1.02014E-035  1.00000E-040  4.54256E-024  3.00042E-020  3.43343E-014  9.08212E-025  8.56327E-025  5.88833E-036  1.00000E-040  1.00000E-040  1.00000E-040  5.65680E-028  4.34379E-029  9.75642E-030  5.65988E-028  2.24670E-019  2.95356E-020  1.54199E-024  1.30476E-026  1.26923E-020  1.68766E-020  5.41164E-020  7.23954E-021  3.55864E-030  1.00000E-040  5.41361E-016  8.03823E-034  7.24410E-028  3.60834E-028  2.09829E-022  2.57435E-030  4.76379E-024  3.35241E-023  1.78250E-014  1.00000E-040  1.51101E-014  3.97349E-039  1.00000E-040  8.55073E-019  6.57940E-018  4.59283E-026  6.10054E-017  8.04746E-031  1.00000E-003  1.00000E-005  1.00000E-005  1.00000E-005  1.00000E-005  1.00000E-005  1.00000E-005  1.00000E-005  1.00000E-005  1.00000E-005  1.00000E-005  1.00000E-005  1.00000E-005  1.00000E-005  1.00000E-005  1.00000E-005  
8.35000E+001  1.09250E-005  3.85299E+014  2.05372E+002  4.06996E+005  1.00000E-040  1.00000E-040  1.00000E-040  1.00000E-040  1.00000E-040  1.00000E-040  1.00000E-040  1.00000E-040  1.00000E-040  1.00000E-040  1.00000E-040  1.00000E-040  1.00000E-040  1.00000E-040  1.21039E-026  1.00000E-040  1.04944E-040  7.93882E-006  6.92539E-006  3.85084E-006  7.18626E-010  3.50655E-004  1.94325E-003  1.67782E-005  2.59911E-004  1.73743E-016  1.20171E-013  1.83296E-015  1.90203E-018  1.95012E-017  2.16206E-017  1.73638E-009  1.95702E-017  5.80377E-035  5.29060E-037  2.13567E-035  1.00000E-040  5.68636E-024  1.03112E-021  1.26892E-013  1.52158E-013  4.97125E-024  2.81076E-038  4.12169E-022  8.62609E-020  4.09795E-012  2.93228E-007  9.97410E-001  1.19831E-016  5.13757E-024  8.07888E-020  3.32078E-030  7.83751E-031  9.24510E-024  1.92012E-021  6.07660E-010  1.03645E-017  2.07946E-011  1.40393E-018  4.29175E-012  1.62480E-013  3.11853E-009  2.19319E-015  1.59916E-020  3.64431E-015  2.70755E-013  3.51028E-019  6.88711E-014  9.38892E-033  1.65513E-032  1.00000E-040  5.67956E-036  1.00000E-040  4.52475E-024  2.59955E-020  2.92802E-014  8.27053E-025  6.82238E-025  1.54667E-036  1.00000E-040  1.00000E-040  1.00000E-040  5.82924E-028  4.83518E-029  1.11274E-029  4.48447E-028  2.11624E-019  3.94732E-020  1.81166E-024  1.07623E-026  6.83542E-021  1.24042E-020  4.93078E-020  1.07595E-020  5.52577E-030  1.00000E-040  5.39794E-016  4.51759E-034  5.74894E-028  1.58724E-028  1.18883E-022  1.12061E-030  2.53407E-024  1.43765E-023  2.56245E-014  1.00000E-040  1.50169E-014  2.27151E-036  1.00000E-040  8.55418E-019  7.02198E-017  3.20872E-026  5.53495E-017  5.32795E-031  1.00000E-003  1.00000E-005  1.00000E-005  1.00000E-005  1.00000E-005  1.00000E-005  1.00000E-005  1.00000E-005  1.00000E-005  1.00000E-005  1.00000E-005  1.00000E-005  1.00000E-005  1.00000E-005  1.00000E-005  1.00000E-005  
8.45000E+001  9.33655E-006  3.28781E+014  2.05682E+002  4.06996E+005  1.00000E-040  1.00000E-040  1.00000E-040  1.00000E-040  1.00000E-040  1.00000E-040  1.00000E-040  1.00000E-040  1.00000E-040  1.00000E-040  1.00000E-040  1.00000E-040  1.00000E-040  1.00000E-040  1.00374E-026  1.00000E-040  1.05998E-040  8.83091E-006  6.95256E-006  3.28118E-006  5.24636E-010  4.81769E-004  1.87801E-003  2.01024E-005  2.55741E-004  1.61274E-016  1.13088E-013  3.95793E-015  3.28889E-018  1.88900E-017  2.07515E-017  1.55896E-009  2.65016E-017  3.29744E-035  1.00000E-040  1.00000E-040  1.00000E-040  2.52835E-024  5.80998E-022  1.43710E-013  1.44454E-013  8.79925E-024  4.13431E-038  4.39379E-022  1.20331E-019  3.64498E-012  5.98521E-007  9.97345E-001  1.69098E-016  5.11950E-024  7.81135E-020  9.02459E-030  1.04244E-030  9.27810E-024  2.16273E-021  4.50111E-010  9.55907E-018  1.39247E-011  1.65120E-018  4.15343E-012  5.95628E-014  3.14349E-009  1.43001E-015  9.18410E-021  4.02795E-015  2.29315E-013  1.14408E-019  5.69598E-014  6.75859E-033  1.33799E-032  1.00000E-040  3.09743E-036  1.00000E-040  4.50412E-024  2.21868E-020  2.48237E-014  7.92226E-025  5.71561E-025  4.02983E-037  1.00000E-040  1.00000E-040  1.00000E-040  5.72336E-028  5.71104E-029  1.41332E-029  3.78636E-028  2.07530E-019  5.25930E-020  2.33441E-024  1.07689E-026  3.84160E-021  9.72594E-021  4.61907E-020  1.54983E-020  9.25277E-030  1.00000E-040  5.37992E-016  2.78757E-034  4.86193E-028  7.50414E-029  6.84088E-023  5.70823E-031  1.46856E-024  6.41605E-024  3.62226E-014  1.00000E-040  1.49161E-014  1.43206E-034  1.00000E-040  8.62145E-019  5.33682E-016  2.39513E-026  4.96989E-017  3.56583E-031  1.00000E-003  1.00000E-005  1.00000E-005  1.00000E-005  1.00000E-005  1.00000E-005  1.00000E-005  1.00000E-005  1.00000E-005  1.00000E-005  1.00000E-005  1.00000E-005  1.00000E-005  1.00000E-005  1.00000E-005  1.00000E-005  
8.55000E+001  7.98151E-006  2.80640E+014  2.05993E+002  4.06996E+005  1.00000E-040  1.00000E-040  1.00000E-040  1.00000E-040  1.00000E-040  1.00000E-040  1.00000E-040  1.00000E-040  1.00000E-040  1.00000E-040  1.00000E-040  1.00000E-040  1.00000E-040  1.00000E-040  8.09143E-027  1.00000E-040  1.07230E-040  9.63080E-006  6.97354E-006  2.76344E-006  3.90462E-010  6.33244E-004  1.80270E-003  2.37693E-005  2.51105E-004  1.49451E-016  1.09774E-013  8.04153E-015  5.84367E-018  1.88086E-017  2.04858E-017  1.38221E-009  3.56216E-017  1.75152E-035  1.00000E-040  1.00000E-040  1.00000E-040  1.17279E-024  3.42703E-022  1.59646E-013  1.36692E-013  1.50254E-023  6.08729E-038  4.65974E-022  1.64756E-019  3.19983E-012  1.09332E-006  9.97269E-001  2.19172E-016  5.01275E-024  7.40999E-020  2.47857E-029  1.51533E-030  1.01431E-023  2.58383E-021  3.41062E-010  1.98931E-017  9.48385E-012  1.87633E-018  3.98239E-012  2.17596E-014  3.06712E-009  9.47221E-016  5.31394E-021  4.32862E-015  1.94687E-013  3.74098E-020  4.58261E-014  4.89679E-033  1.11244E-032  1.00000E-040  1.69790E-036  1.00000E-040  4.48025E-024  1.86429E-020  2.08772E-014  7.78516E-025  4.83480E-025  1.32964E-037  1.00000E-040  1.00000E-040  1.00000E-040  5.43956E-028  7.01815E-029  1.90933E-029  3.22742E-028  2.07294E-019  6.90330E-020  3.18559E-024  1.15663E-026  2.25943E-021  7.99414E-021  4.36809E-020  2.15446E-020  1.46149E-029  1.00000E-040  5.35921E-016  1.91048E-034  4.15036E-028  3.71163E-029  4.01859E-023  3.28399E-031  9.06408E-025  3.00134E-024  5.01763E-014  1.00000E-040  1.48080E-014  1.00000E-040  1.00000E-040  8.69739E-019  3.02295E-015  1.81159E-026  4.41242E-017  2.44248E-031  1.00000E-003  1.00000E-005  1.00000E-005  1.00000E-005  1.00000E-005  1.00000E-005  1.00000E-005  1.00000E-005  1.00000E-005  1.00000E-005  1.00000E-005  1.00000E-005  1.00000E-005  1.00000E-005  1.00000E-005  1.00000E-005  
8.65000E+001  6.82516E-006  2.39654E+014  2.06274E+002  4.06996E+005  1.00000E-040  1.00000E-040  1.00000E-040  1.00000E-040  1.00000E-040  1.00000E-040  1.00000E-040  1.00000E-040  1.00000E-040  1.00000E-040  1.00000E-040  1.00000E-040  1.00000E-040  1.00000E-040  6.34472E-027  1.00000E-040  1.08667E-040  1.03342E-005  6.98956E-006  2.30002E-006  2.94670E-010  8.02947E-004  1.71846E-003  2.77625E-005  2.46006E-004  1.38623E-016  1.08382E-013  1.55113E-014  1.04034E-017  1.89912E-017  2.05123E-017  1.20949E-009  4.77605E-017  1.42059E-038  1.00000E-040  1.00000E-040  1.00000E-040  5.66894E-025  2.10492E-022  1.75153E-013  1.28129E-013  2.49514E-023  9.02696E-038  4.96222E-022  2.20764E-019  2.77324E-012  1.83181E-006  9.97183E-001  2.66674E-016  4.85240E-024  6.88023E-020  6.71251E-029  2.34180E-030  1.17795E-023  3.16531E-021  2.62921E-010  5.16230E-017  6.54156E-012  2.05593E-018  3.77399E-012  7.97483E-015  2.91247E-009  6.35128E-016  3.09605E-021  4.49116E-015  1.65659E-013  1.22926E-020  3.57943E-014  3.59369E-033  9.51214E-033  1.00000E-040  9.34847E-037  1.00000E-040  4.45270E-024  1.54207E-020  1.73935E-014  7.71124E-025  4.07746E-025  7.48772E-038  1.00000E-040  1.00000E-040  1.00000E-040  5.03900E-028  8.86393E-029  2.65079E-029  2.74077E-028  2.08581E-019  8.86537E-020  4.45985E-024  1.28320E-026  1.38395E-021  6.80572E-021  4.13237E-020  2.90544E-020  2.13882E-029  1.00000E-040  5.33541E-016  1.41283E-034  3.52868E-028  1.91776E-029  2.42135E-023  2.03713E-031  5.83552E-025  1.45110E-024  6.81102E-014  1.00000E-040  1.46929E-014  1.00000E-040  1.00000E-040  8.69930E-019  1.33393E-014  1.37741E-026  3.87115E-017  1.74947E-031  1.00000E-003  1.00000E-005  1.00000E-005  1.00000E-005  1.00000E-005  1.00000E-005  1.00000E-005  1.00000E-005  1.00000E-005  1.00000E-005  1.00000E-005  1.00000E-005  1.00000E-005  1.00000E-005  1.00000E-005  1.00000E-005  
8.75000E+001  5.83773E-006  2.04832E+014  2.06425E+002  4.06996E+005  1.00000E-040  1.00000E-040  1.00000E-040  1.00000E-040  1.00000E-040  1.00000E-040  1.00000E-040  1.00000E-040  1.00000E-040  1.00000E-040  1.00000E-040  1.00000E-040  1.00000E-040  1.00000E-040  4.84138E-027  1.00000E-040  1.10344E-040  1.09408E-005  7.00139E-006  1.89190E-006  2.25048E-010  9.87996E-004  1.62688E-003  3.20496E-005  2.40461E-004  1.28640E-016  1.07946E-013  2.86163E-014  1.82637E-017  1.92419E-017  2.06070E-017  1.04422E-009  6.39682E-017  8.02534E-036  1.00000E-040  1.00000E-040  1.00000E-040  2.85635E-025  1.33945E-022  1.90313E-013  1.18460E-013  4.05384E-023  1.35642E-037  5.33190E-022  2.90017E-019  2.37529E-012  2.86600E-006  9.97090E-001  3.10323E-016  4.64570E-024  6.24744E-020  1.76683E-028  3.76746E-030  1.42735E-023  3.89293E-021  2.05570E-010  1.20656E-016  4.55953E-012  2.16901E-018  3.53087E-012  2.95333E-015  2.70687E-009  4.30645E-016  1.81969E-021  4.47822E-015  1.41437E-013  4.06720E-021  2.71089E-014  2.68406E-033  8.35656E-033  1.00000E-040  5.18823E-037  1.00000E-040  4.42096E-024  1.25593E-020  1.43423E-014  7.61323E-025  3.39977E-025  6.29210E-038  1.00000E-040  1.00000E-040  1.00000E-040  4.57781E-028  1.13711E-028  3.70086E-029  2.29357E-028  2.10672E-019  1.10758E-019  6.28088E-024  1.42965E-026  8.79448E-022  5.93795E-021  3.88425E-020  3.81164E-020  2.88681E-029  1.00000E-040  5.30812E-016  1.11055E-034  2.95560E-028  1.03138E-029  1.50279E-023  1.32723E-031  3.86374E-025  7.19919E-025  9.05178E-014  1.00000E-040  1.45709E-014  1.00000E-040  1.00000E-040  8.56849E-019  4.76300E-014  1.04030E-026  3.35496E-017  1.35108E-031  1.00000E-003  1.00000E-005  1.00000E-005  1.00000E-005  1.00000E-005  1.00000E-005  1.00000E-005  1.00000E-005  1.00000E-005  1.00000E-005  1.00000E-005  1.00000E-005  1.00000E-005  1.00000E-005  1.00000E-005  1.00000E-005  
8.85000E+001  4.99408E-006  1.75102E+014  2.06577E+002  4.06996E+005  1.00000E-040  1.00000E-040  1.00000E-040  1.00000E-040  1.00000E-040  1.00000E-040  1.00000E-040  1.00000E-040  1.00000E-040  1.00000E-040  1.00000E-040  1.00000E-040  1.00000E-040  1.00000E-040  3.60194E-027  1.00000E-040  1.12300E-040  1.14536E-005  7.00957E-006  1.53840E-006  1.72962E-010  1.18488E-003  1.52985E-003  3.65839E-005  2.34505E-004  1.19501E-016  1.07288E-013  5.08641E-014  3.14028E-017  1.94404E-017  2.06458E-017  8.89581E-010  8.57060E-017  7.51772E-036  7.31672E-037  1.00000E-040  1.00000E-040  1.48413E-025  8.78214E-023  2.05091E-013  1.07583E-013  6.45713E-023  2.05103E-037  5.77326E-022  3.77337E-019  2.01397E-012  4.24329E-006  9.96990E-001  3.50893E-016  4.45595E-024  5.57505E-020  4.50248E-028  6.17526E-030  1.76997E-023  4.74735E-021  1.62355E-010  2.43282E-016  3.20209E-012  2.22284E-018  3.26061E-012  1.11128E-015  2.45902E-009  2.94020E-016  1.07374E-021  4.27937E-015  1.21378E-013  1.35756E-021  1.98954E-014  2.04577E-033  7.52989E-033  1.00000E-040  2.87383E-037  1.00000E-040  4.38450E-024  1.00765E-020  1.16997E-014  7.42513E-025  2.81096E-025  6.68387E-038  1.00000E-040  1.00000E-040  1.00000E-040  4.08233E-028  1.47113E-028  5.13496E-029  1.90353E-028  2.14741E-019  1.34333E-019  8.78701E-024  1.60286E-026  5.75732E-022  5.26701E-021  3.61453E-020  4.88736E-020  3.67260E-029  1.00000E-040  5.27685E-016  8.99049E-035  2.45458E-028  5.81196E-030  9.63230E-024  8.85080E-032  2.59789E-025  3.60987E-025  1.17812E-013  1.00000E-040  1.44419E-014  1.00000E-040  1.00000E-040  8.25450E-019  1.42304E-013  7.87436E-027  2.87205E-017  1.16195E-031  1.00000E-003  1.00000E-005  1.00000E-005  1.00000E-005  1.00000E-005  1.00000E-005  1.00000E-005  1.00000E-005  1.00000E-005  1.00000E-005  1.00000E-005  1.00000E-005  1.00000E-005  1.00000E-005  1.00000E-005  1.00000E-005  
8.95000E+001  4.27300E-006  1.49777E+014  2.06635E+002  4.06996E+005  1.00000E-040  1.00000E-040  1.00000E-040  1.00000E-040  1.00000E-040  1.00000E-040  1.00000E-040  1.00000E-040  1.00000E-040  1.00000E-040  1.00000E-040  1.00000E-040  1.00000E-040  1.00000E-040  2.61188E-027  1.00000E-040  1.14579E-040  1.18788E-005  7.01448E-006  1.23727E-006  1.33816E-010  1.38954E-003  1.42961E-003  4.13038E-005  2.28183E-004  1.10907E-016  1.06186E-013  8.75316E-014  5.27201E-017  1.94969E-017  2.05220E-017  7.48120E-010  1.14660E-016  1.16588E-035  1.37964E-035  3.38726E-035  1.00000E-040  7.95930E-026  5.90851E-023  2.19047E-013  9.58936E-014  1.01096E-022  3.12643E-037  6.30979E-022  4.93427E-019  1.69431E-012  6.00230E-006  9.96885E-001  3.91687E-016  4.26771E-024  4.87433E-020  1.10922E-027  1.02032E-029  2.22923E-023  5.71193E-021  1.29410E-010  4.28249E-016  2.26548E-012  2.20092E-018  2.97376E-012  4.27399E-016  2.19255E-009  2.02244E-016  6.37640E-022  3.91742E-015  1.04959E-013  4.58081E-022  1.41500E-014  1.59362E-033  6.93883E-033  1.00000E-040  1.59560E-037  1.00000E-040  4.34276E-024  7.97110E-021  9.44123E-015  7.12545E-025  2.29778E-025  7.23464E-038  1.00000E-040  1.00000E-040  1.00000E-040  3.58726E-028  1.90393E-028  7.04078E-029  1.55829E-028  2.23648E-019  1.57864E-019  1.21554E-023  1.78743E-026  3.87131E-022  4.71412E-021  3.31670E-020  6.11589E-020  4.36783E-029  1.00000E-040  5.24110E-016  7.47696E-035  2.01029E-028  3.42182E-030  6.39511E-024  6.00894E-032  1.76359E-025  1.82811E-025  1.49960E-013  1.00000E-040  1.43055E-014  1.00000E-040  1.00000E-040  7.75994E-019  3.65689E-013  5.91899E-027  2.42916E-017  1.13491E-031  1.00000E-003  1.00000E-005  1.00000E-005  1.00000E-005  1.00000E-005  1.00000E-005  1.00000E-005  1.00000E-005  1.00000E-005  1.00000E-005  1.00000E-005  1.00000E-005  1.00000E-005  1.00000E-005  1.00000E-005  1.00000E-005  
9.05000E+001  3.65570E-006  1.28458E+014  2.06123E+002  4.06996E+005  1.00000E-040  1.00000E-040  1.00000E-040  1.00000E-040  1.00000E-040  1.00000E-040  1.00000E-040  1.00000E-040  1.00000E-040  1.00000E-040  1.00000E-040  1.00000E-040  1.00000E-040  1.00000E-040  1.84351E-027  1.00000E-040  1.17232E-040  1.22247E-005  7.01662E-006  9.85216E-007  1.05153E-010  1.59739E-003  1.32871E-003  4.61281E-005  2.21563E-004  1.02335E-016  1.05830E-013  1.46109E-013  8.62127E-017  1.93494E-017  2.01456E-017  6.21744E-010  1.52454E-016  3.80006E-036  1.00000E-040  1.00000E-040  1.00000E-040  4.50323E-026  4.07473E-023  2.31510E-013  8.41018E-014  1.56568E-022  4.90510E-037  6.99367E-022  6.59327E-019  1.41838E-012  8.16616E-006  9.96778E-001  4.38383E-016  3.94548E-024  4.12453E-020  2.63382E-027  1.70676E-029  2.87573E-023  6.78742E-021  1.04072E-010  6.70554E-016  1.62057E-012  2.05934E-018  2.68186E-012  1.69647E-016  1.94525E-009  1.40689E-016  3.84847E-022  3.44067E-015  9.17224E-014  1.56902E-022  9.76259E-015  1.26936E-033  6.51628E-033  1.00000E-040  9.12943E-038  1.00000E-040  4.29514E-024  6.22677E-021  7.54121E-015  6.74731E-025  1.83512E-025  8.13880E-038  1.00000E-040  1.00000E-040  1.00000E-040  3.13950E-028  2.44235E-028  9.52663E-029  1.22818E-028  2.42141E-019  1.79301E-019  1.66579E-023  1.90633E-026  2.68584E-022  4.22849E-021  2.98751E-020  7.41392E-020  4.64648E-029  1.00000E-040  5.20033E-016  6.65382E-035  1.58495E-028  2.06492E-030  4.41578E-024  4.23658E-032  1.21316E-025  9.53380E-026  1.86081E-013  1.00000E-040  1.41609E-014  1.00000E-040  1.00000E-040  7.13971E-019  8.26892E-013  4.24386E-027  2.03150E-017  1.25521E-031  1.00000E-003  1.00000E-005  1.00000E-005  1.00000E-005  1.00000E-005  1.00000E-005  1.00000E-005  1.00000E-005  1.00000E-005  1.00000E-005  1.00000E-005  1.00000E-005  1.00000E-005  1.00000E-005  1.00000E-005  1.00000E-005  
9.15000E+001  3.12656E-006  1.10138E+014  2.05611E+002  4.06996E+005  1.00000E-040  1.00000E-040  1.00000E-040  1.00000E-040  1.00000E-040  1.00000E-040  1.00000E-040  1.00000E-040  1.00000E-040  1.00000E-040  1.00000E-040  1.00000E-040  1.00000E-040  1.00000E-040  1.27726E-027  1.00000E-040  1.20319E-040  1.25012E-005  7.01651E-006  7.77853E-007  8.28723E-011  1.80408E-003  1.22962E-003  5.09641E-005  2.14724E-004  9.43460E-017  1.04604E-013  2.37888E-013  1.37785E-016  1.90699E-017  1.96072E-017  5.11421E-010  2.02061E-016  9.21741E-036  9.70302E-036  2.22342E-035  1.00000E-040  2.60914E-026  2.86608E-023  2.42507E-013  7.22791E-014  2.38610E-022  7.68146E-037  7.75806E-022  9.21250E-019  1.18535E-012  1.07404E-005  9.96670E-001  4.96429E-016  3.66412E-024  3.43017E-020  6.06830E-027  2.83329E-029  3.71839E-023  7.94128E-021  8.41330E-011  9.55187E-016  1.16691E-012  1.87491E-018  2.39513E-012  6.96674E-017  1.69402E-009  9.81781E-017  2.32597E-022  2.90300E-015  8.11164E-014  5.47103E-023  6.54529E-015  1.03224E-033  6.21736E-033  1.00000E-040  5.19307E-038  1.00000E-040  4.24100E-024  4.81045E-021  5.96894E-015  6.26817E-025  1.46267E-025  9.11591E-038  1.00000E-040  1.00000E-040  1.00000E-040  2.70917E-028  3.12071E-028  1.27230E-028  9.66147E-029  2.77831E-019  1.98114E-019  2.24552E-023  2.02938E-026  1.90033E-022  3.80049E-021  2.65463E-020  8.77842E-020  4.70667E-029  1.00000E-040  5.15395E-016  5.95102E-035  1.24693E-028  1.31065E-030  3.17112E-024  3.00097E-032  8.37941E-026  4.96555E-026  2.26268E-013  1.00000E-040  1.40066E-014  5.37951E-040  1.00000E-040  6.39636E-019  1.68501E-012  3.04624E-027  1.68187E-017  1.53664E-031  1.00000E-003  1.00000E-005  1.00000E-005  1.00000E-005  1.00000E-005  1.00000E-005  1.00000E-005  1.00000E-005  1.00000E-005  1.00000E-005  1.00000E-005  1.00000E-005  1.00000E-005  1.00000E-005  1.00000E-005  1.00000E-005  
9.25000E+001  2.67307E-006  9.44280E+013  2.05034E+002  4.06996E+005  1.00000E-040  1.00000E-040  1.00000E-040  1.00000E-040  1.00000E-040  1.00000E-040  1.00000E-040  1.00000E-040  1.00000E-040  1.00000E-040  1.00000E-040  1.00000E-040  1.00000E-040  1.00000E-040  8.70404E-028  1.00000E-040  1.23912E-040  1.27187E-005  7.01457E-006  6.09939E-007  6.56023E-011  2.00572E-003  1.13460E-003  5.57135E-005  2.07749E-004  8.68787E-017  1.02769E-013  3.78128E-013  2.15160E-016  1.86937E-017  1.89239E-017  4.17165E-010  2.66360E-016  7.79270E-036  6.78492E-036  1.56359E-035  1.00000E-040  1.54677E-026  2.05242E-023  2.51701E-013  6.08973E-014  3.57777E-022  1.19896E-036  8.58040E-022  1.35416E-018  9.91952E-013  1.37085E-005  9.96562E-001  5.73343E-016  3.40285E-024  2.80925E-020  1.35481E-026  4.65557E-029  4.81169E-023  9.15141E-021  6.84068E-011  1.25803E-015  8.46755E-013  1.66175E-018  2.12223E-012  2.96439E-017  1.45314E-009  6.88231E-017  1.41117E-022  2.35898E-015  7.26706E-014  1.94659E-023  4.27211E-015  8.55126E-034  6.00610E-033  1.00000E-040  2.94370E-038  1.00000E-040  4.17968E-024  3.68147E-021  4.68817E-015  5.71994E-025  1.16440E-025  1.02236E-037  1.00000E-040  1.00000E-040  1.00000E-040  2.30937E-028  3.96439E-028  1.67672E-028  7.57843E-029  3.39790E-019  2.13453E-019  2.97419E-023  2.14201E-026  1.36978E-022  3.41524E-021  2.33009E-020  1.01370E-019  4.53644E-029  1.00000E-040  5.10130E-016  5.36620E-035  9.78041E-029  8.71535E-031  2.36822E-024  2.13906E-032  5.81735E-026  2.58707E-026  2.69958E-013  1.00000E-040  1.38406E-014  6.96797E-039  1.00000E-040  5.58863E-019  3.14645E-012  2.17858E-027  1.38050E-017  2.02759E-031  1.00000E-003  1.00000E-005  1.00000E-005  1.00000E-005  1.00000E-005  1.00000E-005  1.00000E-005  1.00000E-005  1.00000E-005  1.00000E-005  1.00000E-005  1.00000E-005  1.00000E-005  1.00000E-005  1.00000E-005  1.00000E-005  
9.35000E+001  2.28410E-006  8.10945E+013  2.04005E+002  4.06996E+005  1.00000E-040  1.00000E-040  1.00000E-040  1.00000E-040  1.00000E-040  1.00000E-040  1.00000E-040  1.00000E-040  1.00000E-040  1.00000E-040  1.00000E-040  1.00000E-040  1.00000E-040  1.00000E-040  5.84471E-028  1.00000E-040  1.28091E-040  1.28873E-005  7.01139E-006  4.76209E-007  5.26016E-011  2.19879E-003  1.04579E-003  6.02656E-005  2.00735E-004  7.97710E-017  1.01707E-013  5.85823E-013  3.27585E-016  1.82656E-017  1.81180E-017  3.38411E-010  3.47690E-016  1.00000E-040  1.00000E-040  1.00000E-040  1.00000E-040  9.54653E-027  1.49682E-023  2.58708E-013  5.04796E-014  5.29498E-022  1.89337E-036  9.46036E-022  2.06962E-018  8.33976E-013  1.70244E-005  9.96457E-001  6.77553E-016  3.06777E-024  2.24759E-020  2.91511E-026  7.63847E-029  6.29663E-023  1.04183E-020  5.59233E-011  1.55342E-015  6.21773E-013  1.40853E-018  1.87026E-012  1.31234E-017  1.24272E-009  4.86018E-017  8.66003E-023  1.85321E-015  6.59946E-014  7.09712E-024  2.72138E-015  7.20176E-034  5.85500E-033  1.00000E-040  1.70079E-038  1.00000E-040  4.11051E-024  2.79817E-021  3.66223E-015  5.16045E-025  9.22400E-026  1.16958E-037  1.00000E-040  1.64843E-032  1.00000E-040  1.96048E-028  4.99116E-028  2.18263E-028  5.84519E-029  4.38728E-019  2.24588E-019  3.87702E-023  2.17236E-026  1.01085E-022  3.06383E-021  2.02324E-020  1.13794E-019  4.02730E-029  1.32457E-033  5.04176E-016  5.06906E-035  7.54224E-029  5.95773E-031  1.83982E-024  1.56517E-032  4.09414E-026  1.37354E-026  3.16108E-013  1.00000E-040  1.36609E-014  1.00000E-040  1.00000E-040  4.78750E-019  5.45513E-012  1.50392E-027  1.12602E-017  2.81536E-031  1.00000E-003  1.00000E-005  1.00000E-005  1.00000E-005  1.00000E-005  1.00000E-005  1.00000E-005  1.00000E-005  1.00000E-005  1.00000E-005  1.00000E-005  1.00000E-005  1.00000E-005  1.00000E-005  1.00000E-005  1.00000E-005  
9.45000E+001  1.95029E-006  6.95942E+013  2.02975E+002  4.06996E+005  1.00000E-040  1.00000E-040  1.00000E-040  1.00000E-040  1.00000E-040  1.00000E-040  1.00000E-040  1.00000E-040  1.00000E-040  1.00000E-040  1.00000E-040  1.00000E-040  1.00000E-040  1.00000E-040  3.90584E-028  1.00000E-040  1.32952E-040  1.30170E-005  7.00767E-006  3.71587E-007  4.23623E-011  2.38049E-003  9.65003E-004  6.45047E-005  1.93783E-004  7.35236E-017  1.00539E-013  8.86036E-013  4.86973E-016  1.79277E-017  1.73248E-017  2.74139E-010  4.49864E-016  1.00000E-040  1.00000E-040  1.00000E-040  1.00000E-040  5.99396E-027  1.10784E-023  2.63604E-013  4.10721E-014  7.68092E-022  2.94016E-036  1.02709E-021  3.23617E-018  7.07141E-013  2.06139E-005  9.96355E-001  8.17659E-016  2.77752E-024  1.78015E-020  6.05393E-026  1.23739E-028  8.21635E-023  1.17105E-020  4.60551E-011  1.82909E-015  4.60990E-013  1.16854E-018  1.64427E-012  6.03375E-018  1.04936E-009  3.45191E-017  5.33739E-023  1.41314E-015  6.07051E-014  2.65734E-024  1.69727E-015  6.15484E-034  5.74418E-033  1.00000E-040  9.74500E-039  1.00000E-040  4.03283E-024  2.11933E-021  2.85506E-015  4.59854E-025  7.38182E-026  1.34059E-037  1.00000E-040  2.81095E-031  3.08089E-035  1.64177E-028  6.27498E-028  2.81246E-028  4.55397E-029  5.87549E-019  2.32882E-019  4.94047E-023  2.19037E-026  7.57003E-023  2.75589E-021  1.75536E-020  1.25430E-019  3.44698E-029  7.23670E-033  4.97462E-016  4.79440E-035  5.87388E-029  4.26593E-031  1.48405E-024  1.14907E-032  2.91478E-026  7.27090E-027  3.65906E-013  1.00000E-040  1.34651E-014  1.00000E-040  1.20762E-033  4.02375E-019  8.91151E-012  1.04427E-027  9.15725E-018  4.02120E-031  1.00000E-003  1.00000E-005  1.00000E-005  1.00000E-005  1.00000E-005  1.00000E-005  1.00000E-005  1.00000E-005  1.00000E-005  1.00000E-005  1.00000E-005  1.00000E-005  1.00000E-005  1.00000E-005  1.00000E-005  1.00000E-005  
9.55000E+001  1.66401E-006  5.96778E+013  2.01958E+002  4.06996E+005  1.00000E-040  1.00000E-040  1.00000E-040  1.00000E-040  1.00000E-040  1.00000E-040  1.00000E-040  1.00000E-040  1.00000E-040  1.00000E-040  1.00000E-040  1.00000E-040  1.00000E-040  1.00000E-040  2.60613E-028  1.00000E-040  1.38608E-040  1.31156E-005  7.00395E-006  2.91397E-007  3.43049E-011  2.54869E-003  8.93722E-004  6.83162E-005  1.86992E-004  6.83304E-017  9.97622E-014  1.30630E-012  7.05700E-016  1.77961E-017  1.66416E-017  2.23063E-010  5.75613E-016  1.00000E-040  1.00000E-040  1.00000E-040  1.00000E-040  3.80970E-027  8.31392E-024  2.66366E-013  3.27995E-014  1.08909E-021  4.45776E-036  1.09054E-021  5.06297E-018  6.07575E-013  2.43774E-005  9.96257E-001  1.00399E-015  2.52883E-024  1.40616E-020  1.20807E-025  1.98152E-028  1.06966E-022  1.30321E-020  3.83137E-011  2.08274E-015  3.45711E-013  9.55898E-019  1.44757E-012  2.87462E-018  8.76961E-010  2.47284E-017  3.31306E-023  1.05172E-015  5.64934E-014  1.02332E-024  1.04046E-015  5.33254E-034  5.65801E-033  1.00000E-040  5.52591E-039  1.00000E-040  3.94597E-024  1.60764E-021  2.23260E-015  4.06961E-025  5.99225E-026  1.54377E-037  1.00000E-040  1.00000E-040  1.00000E-040  1.35560E-028  7.90718E-028  3.59750E-028  3.59963E-029  7.99011E-019  2.39742E-019  6.13490E-023  2.19696E-026  5.74661E-023  2.49578E-021  1.53518E-020  1.36592E-019  2.88563E-029  1.00000E-040  4.89920E-016  4.54472E-035  4.64036E-029  3.19299E-031  1.24037E-024  8.48453E-033  2.11330E-026  3.83571E-027  4.20486E-013  1.00000E-040  1.32504E-014  1.00000E-040  1.00000E-040  3.33702E-019  1.38535E-011  7.33493E-028  7.45996E-018  5.79334E-031  1.00000E-003  1.00000E-005  1.00000E-005  1.00000E-005  1.00000E-005  1.00000E-005  1.00000E-005  1.00000E-005  1.00000E-005  1.00000E-005  1.00000E-005  1.00000E-005  1.00000E-005  1.00000E-005  1.00000E-005  1.00000E-005  
9.65000E+001  1.41874E-006  5.11183E+013  2.01021E+002  4.06996E+005  1.00000E-040  1.00000E-040  1.00000E-040  1.00000E-040  1.00000E-040  1.00000E-040  1.00000E-040  1.00000E-040  1.00000E-040  1.00000E-040  1.00000E-040  1.00000E-040  1.00000E-040  1.00000E-040  1.73572E-028  1.00000E-040  1.45191E-040  1.31899E-005  7.00074E-006  2.31706E-007  2.79534E-011  2.70170E-003  8.33248E-004  7.15845E-005  1.80464E-004  6.45140E-017  1.00049E-013  1.87373E-012  9.95023E-016  1.80231E-017  1.62072E-017  1.83932E-010  7.26514E-016  1.49020E-035  3.76778E-036  2.37261E-035  1.00000E-040  2.43922E-027  6.32019E-024  2.67010E-013  2.57223E-014  1.50338E-021  6.52756E-036  1.12635E-021  7.77897E-018  5.32400E-013  2.81906E-005  9.96164E-001  1.24855E-015  2.32710E-024  1.11603E-020  2.30490E-025  3.14728E-028  1.39256E-022  1.44317E-020  3.23285E-011  2.33082E-015  2.62739E-013  7.75864E-019  1.28232E-012  1.41744E-018  7.26337E-010  1.79343E-017  2.07750E-023  7.70663E-016  5.31167E-014  4.06004E-025  6.31025E-016  4.68496E-034  5.58445E-033  1.00000E-040  3.09138E-039  1.00000E-040  3.84937E-024  1.23185E-021  1.76551E-015  3.60538E-025  4.96326E-026  1.80085E-037  1.00000E-040  1.00000E-040  1.00000E-040  1.10175E-028  1.00427E-027  4.59323E-028  2.90918E-029  1.08464E-018  2.47658E-019  7.39303E-023  2.20207E-026  4.41401E-023  2.29364E-021  1.37084E-020  1.48483E-019  2.39801E-029  1.00000E-040  4.81482E-016  4.31567E-035  3.74754E-029  2.50023E-031  1.07212E-024  6.31853E-033  1.57565E-026  2.01409E-027  4.82145E-013  1.00000E-040  1.30146E-014  1.00000E-040  1.00000E-040  2.75543E-019  2.06673E-011  5.28045E-028  6.13092E-018  8.26870E-031  1.00000E-003  1.00000E-005  1.00000E-005  1.00000E-005  1.00000E-005  1.00000E-005  1.00000E-005  1.00000E-005  1.00000E-005  1.00000E-005  1.00000E-005  1.00000E-005  1.00000E-005  1.00000E-005  1.00000E-005  1.00000E-005  
9.75000E+001  1.20877E-006  4.37567E+013  2.00085E+002  4.06996E+005  1.00000E-040  1.00000E-040  1.00000E-040  1.00000E-040  1.00000E-040  1.00000E-040  1.00000E-040  1.00000E-040  1.00000E-040  1.00000E-040  1.00000E-040  1.00000E-040  1.00000E-040  1.00000E-040  1.14221E-028  1.00000E-040  1.52853E-040  1.32448E-005  6.99855E-006  1.89487E-007  2.30225E-011  2.83802E-003  7.84775E-004  7.41953E-005  1.74297E-004  6.24766E-017  1.02972E-013  2.60643E-012  1.36067E-015  1.88006E-017  1.62123E-017  1.55726E-010  9.01078E-016  7.38649E-036  9.94851E-037  1.00000E-040  1.00000E-040  1.57567E-027  4.86736E-024  2.65568E-013  1.98638E-014  2.01535E-021  9.19932E-036  1.12811E-021  1.15626E-017  4.79907E-013  3.19075E-005  9.96076E-001  1.56520E-015  2.15217E-024  8.98522E-021  4.17377E-025  5.01509E-028  1.83306E-022  1.60603E-020  2.77886E-011  2.61436E-015  2.03096E-013  6.25404E-019  1.14995E-012  7.26997E-019  5.99512E-010  1.32363E-017  1.32426E-023  5.64774E-016  5.03881E-014  1.66936E-025  3.84029E-016  4.18108E-034  5.51435E-033  1.00000E-040  1.71595E-039  1.00000E-040  3.74256E-024  9.67529E-022  1.43041E-015  3.24224E-025  4.23001E-026  2.15054E-037  1.00000E-040  1.00000E-040  1.00000E-040  8.82534E-029  1.29244E-027  5.90984E-028  2.41916E-029  1.45210E-018  2.60288E-019  8.61869E-023  2.19219E-026  3.43410E-023  2.16581E-021  1.27060E-020  1.63265E-019  2.00524E-029  1.00000E-040  4.72090E-016  4.18658E-035  3.11342E-029  2.03587E-031  9.56765E-025  4.81896E-033  1.22910E-026  1.06118E-027  5.53967E-013  1.00000E-040  1.27556E-014  1.00000E-040  1.00000E-040  2.29730E-019  2.97758E-011  3.91273E-028  5.13682E-018  1.14830E-030  1.00000E-003  1.00000E-005  1.00000E-005  1.00000E-005  1.00000E-005  1.00000E-005  1.00000E-005  1.00000E-005  1.00000E-005  1.00000E-005  1.00000E-005  1.00000E-005  1.00000E-005  1.00000E-005  1.00000E-005  1.00000E-005  
9.85000E+001  1.02924E-006  3.73897E+013  1.99379E+002  4.06996E+005  1.00000E-040  1.00000E-040  1.00000E-040  1.00000E-040  1.00000E-040  1.00000E-040  1.00000E-040  1.00000E-040  1.00000E-040  1.00000E-040  1.00000E-040  1.00000E-040  1.00000E-040  1.00000E-040  7.22692E-029  1.00000E-040  1.61772E-040  1.32834E-005  6.99783E-006  1.62735E-007  1.91640E-011  2.95626E-003  7.49455E-004  7.60379E-005  1.68588E-004  6.30338E-017  1.09935E-013  3.50847E-012  1.80069E-015  2.04402E-017  1.69863E-017  1.37829E-010  1.09542E-015  9.02955E-036  6.88485E-039  1.00000E-040  1.00000E-040  1.01713E-027  3.79181E-024  2.62101E-013  1.52035E-014  2.60512E-021  1.22155E-035  1.09224E-021  1.64782E-017  4.49593E-013  3.53666E-005  9.95994E-001  1.97287E-015  2.03359E-024  7.59190E-021  7.13778E-025  8.08746E-028  2.45654E-022  1.81931E-020  2.45383E-011  3.02016E-015  1.59934E-013  5.11977E-019  1.05156E-012  3.97817E-019  4.91991E-010  1.00091E-017  8.61574E-024  4.25849E-016  4.81589E-014  7.30261E-026  2.42781E-016  3.80288E-034  5.44083E-033  1.00000E-040  9.36197E-040  1.00000E-040  3.62524E-024  7.97421E-022  1.21075E-015  3.00522E-025  3.76169E-026  2.59197E-037  1.00000E-040  1.00000E-040  1.00000E-040  6.93100E-029  1.70065E-027  7.77379E-028  2.11194E-029  1.90380E-018  2.84189E-019  9.65696E-023  2.20290E-026  2.69439E-023  2.14511E-021  1.25210E-020  1.85635E-019  1.78416E-029  1.00000E-040  4.61693E-016  4.12756E-035  2.71552E-029  1.73996E-031  8.79882E-025  3.78744E-033  1.02114E-026  5.61556E-028  6.41998E-013  1.00000E-040  1.24715E-014  1.00000E-040  1.00000E-040  1.96843E-019  4.17191E-011  3.09448E-028  4.45244E-018  1.51580E-030  1.00000E-003  1.00000E-005  1.00000E-005  1.00000E-005  1.00000E-005  1.00000E-005  1.00000E-005  1.00000E-005  1.00000E-005  1.00000E-005  1.00000E-005  1.00000E-005  1.00000E-005  1.00000E-005  1.00000E-005  1.00000E-005  
9.95000E+001  8.76202E-007  3.17991E+013  1.99575E+002  4.06996E+005  1.00000E-040  1.00000E-040  1.00000E-040  1.00000E-040  1.00000E-040  1.00000E-040  1.00000E-040  1.00000E-040  1.00000E-040  1.00000E-040  1.00000E-040  1.00000E-040  1.00000E-040  1.00000E-040  4.04406E-029  1.00000E-040  1.72148E-040  1.33061E-005  6.99834E-006  1.50564E-007  1.60968E-011  3.05488E-003  7.28466E-004  7.70081E-005  1.63424E-004  6.80051E-017  1.21241E-013  4.82105E-012  2.43220E-015  2.37520E-017  1.91172E-017  1.30179E-010  1.30313E-015  1.01763E-035  1.00000E-040  1.00000E-040  1.00000E-040  6.66016E-028  2.97459E-024  2.56434E-013  1.19434E-014  3.37648E-021  1.53563E-035  1.02709E-021  2.36080E-017  4.41963E-013  3.83978E-005  9.95917E-001  5.17941E-015  2.70885E-024  7.29268E-021  1.28201E-024  1.35306E-027  3.42352E-022  2.24019E-020  2.72470E-011  8.12914E-015  1.28101E-013  4.48499E-019  9.88235E-013  2.57924E-019  3.96613E-010  9.44338E-018  6.91171E-024  3.45604E-016  4.63194E-014  3.94151E-026  1.72193E-016  3.54199E-034  5.35881E-033  1.00000E-040  5.02924E-040  1.00000E-040  3.49731E-024  7.11765E-022  1.09731E-015  2.91100E-025  3.66585E-026  3.00150E-037  1.00000E-040  1.00000E-040  1.00000E-040  5.26265E-029  2.34032E-027  1.12076E-027  2.07353E-029  2.56233E-018  3.31049E-019  1.08531E-022  3.08116E-026  2.10443E-023  2.29141E-021  1.35189E-020  3.29388E-019  1.81449E-029  1.00000E-040  4.50252E-016  4.07134E-035  2.66085E-029  1.61139E-031  8.32374E-025  3.21054E-033  9.16726E-027  3.04131E-028  7.57799E-013  1.00000E-040  1.21609E-014  1.00000E-040  1.00000E-040  1.77092E-019  1.25420E-010  2.82956E-028  4.06362E-018  1.82790E-030  1.00000E-003  1.00000E-005  1.00000E-005  1.00000E-005  1.00000E-005  1.00000E-005  1.00000E-005  1.00000E-005  1.00000E-005  1.00000E-005  1.00000E-005  1.00000E-005  1.00000E-005  1.00000E-005  1.00000E-005  1.00000E-005  
